source_block	source_range	target_block	target_range	class	events	unique_start_ips	top_sources	top_targets	top_deltas	byte_statuses
169	0x230122-0x2303ae	169	0x230122-0x2303ae	intra_block	44288	173	196:1792,258:1792,189:1792,168:1536,347:1536,215:1536,114:1280,199:1280	196:1792,258:1792,189:1792,168:1536,347:1536,215:1536,114:1280,199:1280	+0x4:24576,+0x3:8960,+0x5:5632,+0x2:4608,+0x6:512	exact:44288
168	0x22ffc2-0x230111	168	0x22ffc2-0x230111	intra_block	20235	90	66:1280,114:1024,307:1024,347:1024,28:1024,258:1024,337:768,340:768	66:1280,114:1024,307:1024,347:1024,28:1024,258:1024,337:768,340:768	+0x4:11525,+0x3:5378,+0x5:1538,+0x2:1538,+0x6:256	exact:20235
174	0x230e18-0x231217	174	0x230e18-0x231217	intra_block	17536	274	157:768,43:640,258:640,66:576,347:512,18:512,172:512,337:448	157:768,43:640,258:640,66:576,347:512,18:512,172:512,337:448	+0x4:8960,+0x3:3520,+0x5:2688,+0x2:2176,+0x6:192	exact:17536
252	0x311f69-0x312230	252	0x311f69-0x312230	intra_block	17108	188	258:819,337:728,64:637,28:637,215:637,307:637,340:546,199:455	258:819,337:728,64:637,28:637,215:637,307:637,340:546,199:455	+0x4:10374,+0x3:4004,+0x5:1183,+0x2:1092,+0x6:455	exact:17108
251	0x311cad-0x311f5f	251	0x311cad-0x311f5f	intra_block	16562	182	66:1183,347:728,258:728,185:637,189:637,307:637,18:637,64:637	66:1183,347:728,258:728,185:637,189:637,307:637,18:637,64:637	+0x4:10101,+0x3:3913,+0x2:1001,+0x5:1001,+0x6:546	exact:16562
245	0x310ef0-0x311159	245	0x310ef0-0x311159	intra_block	14833	163	297:728,307:728,258:637,28:637,337:637,340:546,347:455,189:455	297:728,307:728,258:637,28:637,337:637,340:546,347:455,189:455	+0x4:9282,+0x3:3640,+0x5:819,+0x2:728,+0x6:364	exact:14833
262	0x31334b-0x3135af	262	0x31334b-0x3135af	intra_block	14742	162	64:1001,258:910,307:819,161:728,196:637,297:637,185:546,340:546	64:1001,258:910,307:819,161:728,196:637,297:637,185:546,340:546	+0x4:9282,+0x3:3640,+0x2:728,+0x5:728,+0x6:364	exact:14742
265	0x3139de-0x313c42	265	0x3139de-0x313c42	intra_block	14742	162	337:910,18:910,258:728,28:637,174:637,189:546,203:546,340:455	337:910,18:910,258:728,174:728,28:637,189:546,203:546,340:455	+0x4:9282,+0x3:3640,+0x2:728,+0x5:728,+0x6:364	exact:14742
268	0x314071-0x3142d5	268	0x314071-0x3142d5	intra_block	14742	162	347:819,258:819,307:637,346:637,18:637,28:637,199:546,340:546	347:819,258:819,307:637,346:637,18:637,28:637,199:546,340:546	+0x4:9282,+0x3:3640,+0x2:728,+0x5:728,+0x6:364	exact:14742
271	0x314704-0x314968	271	0x314704-0x314968	intra_block	14742	162	337:819,307:728,189:728,347:637,66:546,64:546,215:546,340:455	337:819,307:728,189:728,347:637,66:546,64:546,215:546,340:455	+0x4:9282,+0x3:3640,+0x2:728,+0x5:728,+0x6:364	exact:14742
274	0x314d97-0x314ffb	274	0x314d97-0x314ffb	intra_block	14742	162	114:728,199:637,28:637,196:637,174:637,340:546,337:546,258:546	114:728,199:637,28:637,196:637,174:637,340:546,337:546,258:546	+0x4:9282,+0x3:3640,+0x2:728,+0x5:728,+0x6:364	exact:14742
259	0x312cd0-0x312f1c	259	0x312cd0-0x312f1c	intra_block	14196	156	114:819,28:728,258:728,185:637,199:546,337:546,297:546,189:455	114:819,28:728,258:728,185:637,199:546,337:546,297:546,189:455	+0x4:9100,+0x3:3549,+0x2:637,+0x5:637,+0x6:273	exact:14196
276	0x31522f-0x31547c	276	0x31522f-0x31547c	intra_block	14196	156	18:910,347:728,307:637,114:546,168:546,28:546,189:455,64:455	18:910,347:728,307:637,114:546,168:546,28:546,189:455,64:455	+0x4:9009,+0x3:3549,+0x5:728,+0x2:637,+0x6:273	exact:14196
280	0x315969-0x315bb5	280	0x315969-0x315bb5	intra_block	14105	155	297:1001,258:819,189:819,340:637,185:637,64:546,18:546,307:455	297:1001,258:819,189:819,340:637,185:637,64:546,18:546,307:455	+0x4:9009,+0x3:3549,+0x5:637,+0x2:546,+0x6:364	exact:14105
277	0x315486-0x3156c0	277	0x315486-0x3156c0	intra_block	13741	151	258:819,66:728,337:637,185:637,340:637,18:546,243:455,168:455	258:819,66:728,337:637,185:637,340:637,18:546,243:455,168:455	+0x4:8736,+0x3:3458,+0x2:637,+0x5:546,+0x6:364	exact:13741
246	0x311163-0x31139b	246	0x311163-0x31139b	intra_block	13650	150	337:728,185:637,18:637,340:637,215:546,258:546,43:455,114:455	337:728,185:637,18:637,340:637,215:546,258:546,43:455,114:455	+0x4:8736,+0x3:3458,+0x2:546,+0x5:546,+0x6:364	exact:13650
247	0x3113a5-0x3115dd	247	0x3113a5-0x3115dd	intra_block	13650	150	189:910,28:819,340:728,307:637,337:637,215:637,333:455,258:455	189:910,28:819,340:728,307:637,337:637,215:637,333:455,258:455	+0x4:8736,+0x3:3458,+0x2:546,+0x5:546,+0x6:364	exact:13650
248	0x3115e7-0x31181f	248	0x3115e7-0x31181f	intra_block	13650	150	347:1001,185:546,297:546,340:546,43:546,114:546,307:546,258:455	347:1001,185:546,297:546,340:546,43:546,114:546,307:546,258:455	+0x4:8736,+0x3:3458,+0x2:546,+0x5:546,+0x6:364	exact:13650
249	0x311829-0x311a61	249	0x311829-0x311a61	intra_block	13650	150	258:728,18:728,189:637,64:637,114:546,185:546,199:546,337:455	258:728,18:728,189:637,64:637,114:546,185:546,199:546,337:455	+0x4:8736,+0x3:3458,+0x2:546,+0x5:546,+0x6:364	exact:13650
250	0x311a6b-0x311ca3	250	0x311a6b-0x311ca3	intra_block	13650	150	337:819,307:728,185:728,114:637,157:637,66:546,340:546,64:546	337:819,307:728,185:728,114:637,157:637,66:546,340:546,64:546	+0x4:8736,+0x3:3458,+0x2:546,+0x5:546,+0x6:364	exact:13650
260	0x312f26-0x31315f	260	0x312f26-0x31315f	intra_block	13650	150	64:728,28:728,258:728,185:637,297:637,114:637,333:546,215:455	64:728,28:728,258:728,185:637,297:637,114:637,333:546,20:546	+0x4:8645,+0x3:3458,+0x5:637,+0x2:546,+0x6:364	exact:13650
263	0x3135b9-0x3137f2	263	0x3135b9-0x3137f2	intra_block	13650	150	189:819,64:728,199:637,18:546,66:546,114:546,43:455,33:455	189:819,64:728,199:637,18:546,66:546,114:546,43:455,33:455	+0x4:8645,+0x3:3458,+0x5:637,+0x2:546,+0x6:364	exact:13650
266	0x313c4c-0x313e85	266	0x313c4c-0x313e85	intra_block	13650	150	258:637,347:637,189:546,66:546,337:455,297:455,203:455,28:455	258:637,347:637,189:546,66:546,337:455,297:455,203:455,28:455	+0x4:8645,+0x3:3458,+0x5:637,+0x2:546,+0x6:364	exact:13650
269	0x3142df-0x314518	269	0x3142df-0x314518	intra_block	13650	150	64:819,28:728,337:637,43:546,66:546,18:546,215:455,305:455	64:819,28:728,337:637,43:546,66:546,18:546,215:455,305:455	+0x4:8645,+0x3:3458,+0x5:637,+0x2:546,+0x6:364	exact:13650
272	0x314972-0x314bab	272	0x314972-0x314bab	intra_block	13650	150	258:728,199:728,64:637,215:637,340:546,18:546,28:546,337:546	258:728,199:728,64:637,215:637,340:546,18:546,28:546,337:546	+0x4:8645,+0x3:3458,+0x5:637,+0x2:546,+0x6:364	exact:13650
253	0x31223a-0x31245a	253	0x31223a-0x31245a	intra_block	13104	144	114:910,340:728,287:637,347:637,307:637,18:637,215:546,28:546	114:910,340:728,287:637,347:637,307:637,18:637,215:546,28:546	+0x4:8554,+0x3:3367,+0x2:455,+0x5:455,+0x6:273	exact:13104
254	0x312464-0x312684	254	0x312464-0x312684	intra_block	13104	144	64:1183,185:637,333:546,340:546,172:546,28:546,66:455,215:455	64:1183,185:637,333:546,340:546,172:546,28:546,66:455,215:455	+0x4:8554,+0x3:3367,+0x2:455,+0x5:455,+0x6:273	exact:13104
275	0x315005-0x315225	275	0x315005-0x315225	intra_block	13104	144	307:728,189:728,297:637,199:637,258:637,243:546,26:546,66:546	307:728,189:728,297:637,199:637,258:637,243:546,26:546,66:546	+0x4:8554,+0x3:3367,+0x2:455,+0x5:455,+0x6:273	exact:13104
173	0x230b2c-0x230e07	173	0x230b2c-0x230e07	intra_block	12416	194	307:576,114:576,258:512,28:448,66:448,347:448,189:384,18:384	307:576,114:576,258:512,28:448,66:448,347:448,189:384,18:384	+0x4:7232,+0x3:2944,+0x5:1088,+0x2:896,+0x6:256	exact:12416
258	0x312aee-0x312cc6	258	0x312aee-0x312cc6	intra_block	11375	125	258:910,18:546,337:546,176:546,64:455,307:455,215:455,114:455	258:910,18:546,337:546,176:546,64:455,307:455,215:455,114:455	+0x4:7735,+0x3:3094,+0x2:182,+0x6:182,+0x5:182	exact:11375
261	0x313169-0x313341	261	0x313169-0x313341	intra_block	11375	125	347:819,114:637,185:637,297:455,307:455,33:455,28:455,189:455	347:819,114:637,185:637,297:455,307:455,33:455,28:455,189:455	+0x4:7735,+0x3:3094,+0x2:182,+0x6:182,+0x5:182	exact:11375
264	0x3137fc-0x3139d4	264	0x3137fc-0x3139d4	intra_block	11375	125	189:728,215:637,114:637,307:546,333:455,337:455,66:455,185:455	189:728,215:637,114:637,307:546,333:455,337:455,66:455,185:455	+0x4:7735,+0x3:3094,+0x2:182,+0x6:182,+0x5:182	exact:11375
267	0x313e8f-0x314067	267	0x313e8f-0x314067	intra_block	11375	125	340:728,18:637,114:637,215:546,347:546,189:546,346:455,157:364	340:728,18:637,114:637,215:546,347:546,189:546,346:455,157:364	+0x4:7735,+0x3:3094,+0x2:182,+0x6:182,+0x5:182	exact:11375
270	0x314522-0x3146fa	270	0x314522-0x3146fa	intra_block	11375	125	215:819,26:637,28:637,337:637,64:546,347:455,258:455,307:455	215:819,26:637,28:637,337:637,64:546,347:455,258:455,307:455	+0x4:7735,+0x3:3094,+0x2:182,+0x6:182,+0x5:182	exact:11375
273	0x314bb5-0x314d8d	273	0x314bb5-0x314d8d	intra_block	11375	125	347:819,28:728,297:728,337:637,340:546,43:546,66:546,315:455	347:819,28:728,297:728,337:637,340:546,43:546,66:546,315:455	+0x4:7735,+0x3:3094,+0x2:182,+0x6:182,+0x5:182	exact:11375
547	0x370f18-0x371477	547	0x370f18-0x371477	intra_block	11050	352	198:400,66:375,28:350,340:350,168:325,185:325,140:325,199:300	198:400,66:375,28:350,340:350,168:325,185:325,140:325,199:300	+0x4:4775,+0x3:1925,+0x5:1875,+0x2:1525,+0x6:950	exact:11050
255	0x31268e-0x31285b	255	0x31268e-0x31285b	intra_block	11011	121	337:728,215:546,258:546,199:546,66:546,28:455,347:455,114:364	337:728,215:546,258:546,199:546,66:546,28:455,347:455,114:364	+0x4:7462,+0x3:3003,+0x6:273,+0x5:182,+0x2:91	exact:11011
242	0x3109d2-0x310c9b	242	0x3109d2-0x310c9b	intra_block	9471	189	340:645,337:463,28:375,215:372,189:370,66:369,307:368,158:368	340:645,337:463,28:375,215:372,189:370,66:369,307:368,158:368	+0x4:5301,+0x3:2319,+0x2:832,+0x5:741,+0x6:278	exact:9471
172	0x230912-0x230b1b	172	0x230912-0x230b1b	intra_block	8832	138	347:512,268:448,337:448,185:384,307:384,340:320,297:320,49:256	347:512,337:448,185:384,268:384,307:384,340:320,297:320,49:256	+0x4:4352,+0x3:2048,+0x5:1216,+0x2:960,+0x6:256	exact:8832
548	0x371488-0x37158e	548	0x371488-0x37158e	intra_block	8375	67	183:375,297:375,257:375,43:375,340:375,157:250,239:250,337:250	297:375,257:375,43:375,340:375,157:250,239:250,337:250,352:250	+0x4:3500,+0x5:1625,+0x3:1500,+0x2:1250,+0x6:500	exact:8375
279	0x31580e-0x31595f	279	0x31580e-0x31595f	intra_block	8190	90	340:819,199:455,184:455,174:364,215:364,307:273,258:273,297:273	340:819,199:455,184:455,174:364,215:364,176:364,307:273,258:273	+0x4:4550,+0x3:2093,+0x2:728,+0x5:546,+0x6:273	exact:8190
257	0x3129aa-0x312ae4	257	0x3129aa-0x312ae4	intra_block	7553	83	114:546,337:546,28:455,184:455,215:364,307:364,199:273,347:273	114:546,337:546,28:455,184:455,215:364,307:364,199:273,347:273	+0x4:4186,+0x3:2002,+0x2:546,+0x5:546,+0x6:273	exact:7553
167	0x22fe2d-0x22ffb1	167	0x22fe2d-0x22ffb1	intra_block	7242	102	258:771,172:260,199:260,43:259,337:259,185:258,297:258,203:257	258:771,172:260,199:260,43:259,337:259,185:258,297:258,203:257	+0x4:3124,+0x3:1297,+0x2:1282,+0x5:1282,+0x6:257	exact:7242
244	0x310dca-0x310ee6	244	0x310dca-0x310ee6	intra_block	6825	75	340:546,114:455,185:364,337:364,18:364,184:364,347:273,28:273	340:546,114:455,184:455,185:364,337:364,18:364,347:273,28:273	+0x4:4095,+0x3:1820,+0x5:364,+0x2:364,+0x6:182	exact:6825
243	0x310ca5-0x310dba	243	0x310ca5-0x310dba	intra_block	6624	72	114:552,307:552,26:368,168:368,203:276,215:276,243:276,66:276	114:552,307:552,26:368,168:368,203:276,215:276,243:276,66:276	+0x4:4784,+0x3:1564,+0x2:92,+0x6:92,+0x5:92	exact:6624
256	0x312868-0x31297d	256	0x312868-0x31297d	intra_block	6552	72	305:546,64:546,333:455,168:364,189:273,28:273,196:273,307:273	305:546,64:546,333:455,168:364,189:273,28:273,196:273,307:273	+0x4:4732,+0x3:1547,+0x2:91,+0x6:91,+0x5:91	exact:6552
278	0x3156ca-0x3157e1	278	0x3156ca-0x3157e1	intra_block	6552	72	305:364,333:364,189:364,157:273,199:273,66:273,346:273,43:273	305:364,333:364,189:364,157:273,199:273,66:273,346:273,43:273	+0x4:4641,+0x3:1547,+0x6:182,+0x2:91,+0x5:91	exact:6552
281	0x315bbf-0x315cc0	281	0x315bbf-0x315cc0	intra_block	6097	67	157:546,18:455,64:364,315:364,189:273,196:273,28:273,33:273	157:546,18:455,64:364,315:364,189:273,196:273,28:273,33:273	+0x4:4459,+0x3:1456,+0x2:91,+0x6:91	exact:6097
546	0x370cbe-0x370f0a	546	0x370cbe-0x370f0a	intra_block	3875	155	337:200,66:175,307:175,64:175,347:175,28:150,174:150,43:125	337:200,66:175,307:175,64:175,347:175,28:150,174:150,43:125	+0x4:2425,+0x3:975,+0x2:175,+0x5:175,+0x6:125	exact:3875
171	0x230722-0x230905	171	0x230722-0x230905	intra_block	3584	128	161:325,258:260,189:200,64:198,215:197,28:197,297:196,337:196	161:325,258:260,189:200,64:198,215:197,28:197,297:196,337:196	+0x4:2262,+0x3:1122,+0x2:67,+0x5:67,+0x6:66	exact:3584
545	0x370a91-0x370cb0	545	0x370a91-0x370cb0	intra_block	3575	143	258:275,18:150,307:125,337:125,347:100,144:100,185:100,268:100	258:275,18:150,307:125,337:125,144:100,185:100,268:100,49:100	+0x4:1875,+0x3:775,+0x5:400,+0x2:375,+0x6:150	exact:3575
537	0x370256-0x3703d8	537	0x370256-0x3703d8	intra_block	2651	102	18:130,114:130,340:104,28:104,337:104,185:104,215:104,258:104	18:130,114:130,28:104,337:104,185:104,215:104,258:104,161:104	+0x4:1430,+0x3:650,+0x5:234,+0x2:233,+0x6:104	exact:2651
544	0x3708f2-0x370a81	544	0x3708f2-0x370a81	intra_block	2575	103	337:150,28:125,315:125,114:125,199:100,18:100,43:100,172:75	337:150,28:125,315:125,114:125,199:100,18:100,43:100,172:75	+0x4:1575,+0x3:550,+0x5:200,+0x2:150,+0x6:100	exact:2575
549	0x3716c7-0x371714	549	0x3716c7-0x371714	intra_block	2375	19	140:250,354:125,268:125,347:125,154:125,91:125,199:125,301:125	140:250,108:250,268:125,347:125,154:125,91:125,199:125,301:125	+0x4:875,+0x5:500,+0x2:375,+0x3:375,+0x6:250	exact:2375
551	0x3717c4-0x3718ff	551	0x3717c4-0x3718ff	intra_block	2100	84	64:125,18:125,66:100,189:100,114:100,185:100,158:100,347:75	64:125,18:125,66:100,189:100,114:100,185:100,158:100,347:75	+0x4:1175,+0x3:550,+0x2:175,+0x5:125,+0x6:75	exact:2100
543	0x3707b1-0x3708e4	543	0x3707b1-0x3708e4	intra_block	2025	81	199:125,347:100,64:100,258:100,297:100,18:75,340:75,83:75	199:125,347:100,64:100,258:100,297:100,18:75,340:75,83:75	+0x4:1150,+0x3:550,+0x5:125,+0x2:125,+0x6:75	exact:2025
480	0x36772d-0x367c0e	480	0x36772d-0x367c0e	intra_block	2014	322	66:83,173:74,215:72,340:72,144:62,196:61,180:54,114:54	66:83,173:74,215:72,340:72,144:62,196:61,180:54,114:54	+0x4:815,+0x5:407,+0x2:322,+0x3:321,+0x6:149	exact:2014
539	0x370508-0x370624	539	0x370508-0x370624	intra_block	1875	75	340:150,297:125,28:125,184:100,347:100,66:75,337:75,258:75	340:150,297:125,184:125,28:125,347:100,337:75,258:75,174:75	+0x4:1075,+0x3:525,+0x5:125,+0x2:100,+0x6:50	exact:1875
378	0x33bea5-0x33c5b0	378	0x33bea5-0x33c5b0	intra_block	1868	467	28:60,18:56,340:56,168:56,258:48,198:48,43:48,257:48	28:60,18:56,340:56,168:56,258:48,198:48,43:48,257:48	+0x4:768,+0x5:384,+0x3:300,+0x2:296,+0x6:120	exact:1868
538	0x3703e6-0x3704f7	538	0x3703e6-0x3704f7	intra_block	1846	71	287:130,189:130,33:130,43:104,347:104,172:78,340:78,307:78	287:130,189:130,33:130,43:104,347:104,172:78,340:78,307:78	+0x4:1326,+0x3:442,+0x2:26,+0x6:26,+0x5:26	exact:1846
540	0x370632-0x370743	540	0x370632-0x370743	intra_block	1775	71	287:175,157:100,64:100,185:100,18:100,196:75,43:75,258:75	287:175,157:100,64:100,185:100,18:100,196:75,43:75,258:75	+0x4:1275,+0x3:425,+0x2:25,+0x6:25,+0x5:25	exact:1775
552	0x37190d-0x371a20	552	0x37190d-0x371a20	intra_block	1775	71	64:125,215:100,18:100,203:100,305:100,337:100,114:75,268:75	64:125,215:100,18:100,203:100,305:100,337:100,114:75,268:75	+0x4:1250,+0x3:425,+0x6:50,+0x2:25,+0x5:25	exact:1775
363	0x3387ea-0x338e10	363	0x3387ea-0x338e10	intra_block	1636	409	18:64,258:52,189:48,168:48,172:44,340:44,64:40,297:40	18:64,258:52,189:48,168:48,172:44,340:44,64:40,297:40	+0x4:756,+0x3:284,+0x5:284,+0x2:220,+0x6:92	exact:1636
507	0x36b8a7-0x36bb16	507	0x36b8a7-0x36bb16	intra_block	1610	161	18:70,64:60,66:60,114:60,43:60,199:50,160:50,320:50	18:70,160:60,64:60,66:60,114:60,43:60,320:50,144:50	+0x4:660,+0x5:350,+0x3:260,+0x2:250,+0x6:90	exact:1610
389	0x33de30-0x33e02a	389	0x33de30-0x33e02a	intra_block	1596	133	258:96,185:84,189:84,26:72,337:60,28:60,199:60,340:60	258:96,185:84,189:84,26:72,337:60,28:60,199:60,340:60	+0x4:1044,+0x3:420,+0x5:60,+0x2:36,+0x6:36	exact:1596
481	0x367c1f-0x367e8e	481	0x367c1f-0x367e8e	intra_block	1449	161	297:45,70:45,160:45,347:45,66:45,189:45,144:45,157:45	297:45,70:45,160:45,347:45,66:45,189:45,144:45,157:45	+0x4:594,+0x5:315,+0x3:234,+0x2:225,+0x6:81	exact:1449
506	0x36b6a4-0x36b896	506	0x36b6a4-0x36b896	intra_block	1408	128	189:66,157:66,333:55,18:55,258:55,243:44,168:44,28:44	189:66,157:66,333:55,18:55,258:55,243:44,168:44,28:44	+0x4:792,+0x3:286,+0x5:143,+0x2:110,+0x6:77	exact:1408
392	0x33e2e8-0x33e532	392	0x33e2e8-0x33e532	intra_block	1395	155	189:81,337:72,64:63,28:63,297:63,185:54,199:54,168:45	189:81,337:72,64:63,28:63,297:63,185:54,199:54,168:45	+0x4:873,+0x3:351,+0x5:81,+0x2:63,+0x6:27	exact:1395
529	0x36ef46-0x36f427	529	0x36ef46-0x36f427	intra_block	1262	322	258:50,66:47,18:42,215:42,144:40,268:39,157:38,168:38	258:50,66:47,18:42,215:42,144:40,268:39,157:38,168:38	+0x4:511,+0x5:255,+0x2:202,+0x3:201,+0x6:93	exact:1262
393	0x33e540-0x33e707	393	0x33e540-0x33e707	intra_block	1080	120	340:81,315:72,307:54,337:54,28:54,174:54,347:45,18:45	340:81,315:72,307:54,337:54,28:54,174:54,347:45,18:45	+0x4:738,+0x3:297,+0x6:18,+0x5:18,+0x2:9	exact:1080
411	0x340f4b-0x34142c	411	0x340f4b-0x34142c	intra_block	1074	322	64:38,18:33,183:33,257:32,185:32,124:31,108:30,337:28	64:38,18:33,183:33,257:32,185:32,124:31,108:30,337:28	+0x4:435,+0x5:217,+0x2:172,+0x3:171,+0x6:79	exact:1074
422	0x3427fd-0x342cde	422	0x3427fd-0x342cde	intra_block	1074	322	66:38,198:36,160:34,18:31,28:28,258:27,157:26,30:25	66:38,198:36,160:34,18:31,28:28,258:27,157:26,30:25	+0x4:435,+0x5:217,+0x2:172,+0x3:171,+0x6:79	exact:1074
388	0x33dcce-0x33de22	388	0x33dcce-0x33de22	intra_block	906	89	340:63,297:48,114:48,174:48,199:48,185:48,123:48,337:39	340:63,123:60,297:48,114:48,174:48,199:48,185:48,337:39	+0x4:510,+0x3:249,+0x2:57,+0x5:48,+0x6:42	exact:906
391	0x33e15d-0x33e2da	391	0x33e15d-0x33e2da	intra_block	900	100	114:63,18:45,307:45,340:36,215:36,347:36,297:36,176:36	114:63,307:45,340:36,215:36,347:36,297:36,18:36,176:36	+0x4:477,+0x3:225,+0x5:90,+0x2:72,+0x6:36	exact:900
344	0x334cab-0x33518c	344	0x334cab-0x33518c	intra_block	886	322	28:29,173:27,347:26,203:25,108:24,340:24,183:23,352:23	28:29,173:27,347:26,203:25,108:24,340:24,183:23,352:23	+0x4:359,+0x5:179,+0x2:142,+0x3:141,+0x6:65	exact:886
232	0x30eeea-0x30f3c5	232	0x30eeea-0x30f3c5	intra_block	882	321	199:28,347:28,108:27,173:26,352:26,301:25,333:24,337:23	199:28,347:28,108:27,173:26,352:26,301:25,333:24,337:23	+0x4:359,+0x5:179,+0x2:142,+0x3:141,+0x6:61	exact:882
505	0x36b38e-0x36b693	505	0x36b38e-0x36b693	intra_block	882	202	18:56,337:55,66:47,189:46,114:37,340:36,215:35,184:33	18:56,337:55,66:47,189:46,123:44,114:37,340:36,215:35	+0x4:484,+0x3:230,+0x5:71,+0x2:66,+0x6:31	exact:882
390	0x33e03b-0x33e14c	390	0x33e03b-0x33e14c	intra_block	852	71	215:48,258:48,18:48,337:48,333:48,340:48,28:36,287:36	215:48,258:48,18:48,337:48,333:48,340:48,28:36,287:36	+0x4:612,+0x3:204,+0x2:12,+0x6:12,+0x5:12	exact:852
445	0x360afc-0x361133	445	0x360afc-0x361133	intra_block	837	413	66:34,337:31,18:30,203:29,173:29,189:21,256:20,64:19	66:34,337:31,18:30,203:29,173:29,189:21,256:20,64:19	+0x4:366,+0x5:157,+0x3:139,+0x2:124,+0x6:51	exact:837
530	0x36f438-0x36f6a7	530	0x36f438-0x36f6a7	intra_block	805	161	18:45,168:30,114:25,220:25,199:25,43:25,337:25,198:20	18:45,168:30,114:25,220:25,199:25,43:25,337:25,144:25	+0x4:330,+0x5:175,+0x3:130,+0x2:125,+0x6:45	exact:805
201	0x26e8ba-0x26ebb3	201	0x26e8ba-0x26ebb3	intra_block	796	199	307:44,28:40,114:40,337:32,347:28,64:28,189:24,196:24	307:44,28:40,114:40,337:32,347:28,64:28,189:24,196:24	+0x4:452,+0x3:184,+0x5:68,+0x2:56,+0x6:36	exact:796
196	0x26dc7b-0x26dee4	196	0x26dc7b-0x26dee4	intra_block	648	162	18:40,337:28,64:28,297:24,347:24,258:24,66:20,215:20	18:40,337:28,64:28,297:24,347:24,258:24,66:20,215:20	+0x4:396,+0x3:160,+0x5:36,+0x2:32,+0x6:24	exact:648
197	0x26deee-0x26e157	197	0x26deee-0x26e157	intra_block	648	162	340:44,258:36,28:32,185:32,157:28,307:24,66:20,347:20	340:44,258:36,28:32,185:32,157:28,307:24,66:20,347:20	+0x4:396,+0x3:160,+0x5:36,+0x2:32,+0x6:24	exact:648
198	0x26e161-0x26e3ca	198	0x26e161-0x26e3ca	intra_block	648	162	66:36,64:32,18:28,258:28,268:24,340:24,114:24,185:20	66:36,64:32,18:28,258:28,268:24,340:24,114:24,185:20	+0x4:396,+0x3:160,+0x5:36,+0x2:32,+0x6:24	exact:648
199	0x26e3d4-0x26e63d	199	0x26e3d4-0x26e63d	intra_block	648	162	258:36,18:32,189:32,66:24,340:24,28:24,64:20,268:20	258:36,18:32,189:32,66:24,340:24,28:24,64:20,268:20	+0x4:396,+0x3:160,+0x5:36,+0x2:32,+0x6:24	exact:648
200	0x26e647-0x26e8b0	200	0x26e647-0x26e8b0	intra_block	648	162	340:36,347:32,18:28,66:28,337:24,28:24,64:24,172:20	340:36,347:32,18:28,66:28,337:24,28:24,64:24,172:20	+0x4:396,+0x3:160,+0x5:36,+0x2:32,+0x6:24	exact:648
202	0x26ebbd-0x26ee26	202	0x26ebbd-0x26ee26	intra_block	648	162	189:36,337:32,258:32,215:28,43:28,340:28,28:24,268:24	189:36,337:32,258:32,215:28,43:28,340:28,28:24,268:24	+0x4:396,+0x3:160,+0x5:36,+0x2:32,+0x6:24	exact:648
328	0x331e8e-0x3320fd	328	0x331e8e-0x3320fd	intra_block	644	161	196:36,64:24,258:24,173:24,185:20,189:20,180:16,168:16	196:36,64:24,258:24,173:24,189:20,180:16,168:16,215:16	+0x4:264,+0x5:140,+0x3:104,+0x2:100,+0x6:36	exact:644
412	0x34143d-0x3416ac	412	0x34143d-0x3416ac	intra_block	644	161	189:24,333:20,198:20,66:20,258:20,28:20,91:16,340:16	189:24,333:20,198:20,66:20,258:20,28:20,340:16,173:16	+0x4:264,+0x5:140,+0x3:104,+0x2:100,+0x6:36	exact:644
423	0x342cef-0x342f5e	423	0x342cef-0x342f5e	intra_block	644	161	144:36,215:24,340:24,172:24,173:20,64:20,297:20,333:20	144:36,215:24,340:24,173:24,172:24,64:20,297:20,333:20	+0x4:264,+0x5:140,+0x3:104,+0x2:100,+0x6:36	exact:644
327	0x331c8b-0x331e7d	327	0x331c8b-0x331e7d	intra_block	640	128	18:40,347:40,157:25,168:25,28:20,268:20,297:20,340:20	18:40,347:40,157:25,168:25,28:20,268:20,297:20,340:20	+0x4:360,+0x3:130,+0x5:65,+0x2:50,+0x6:35	exact:640
394	0x33e718-0x33e829	394	0x33e718-0x33e829	intra_block	639	71	33:63,347:36,168:36,258:36,28:27,305:27,337:27,18:27	33:63,347:36,168:36,258:36,28:27,305:27,337:27,18:27	+0x4:459,+0x3:153,+0x2:9,+0x6:9,+0x5:9	exact:639
377	0x33b647-0x33be94	377	0x33b647-0x33be94	intra_block	615	543	43:23,18:23,66:19,347:17,189:16,215:15,160:15,144:14	43:23,18:23,66:19,347:17,189:16,215:15,160:15,144:14	+0x4:259,+0x5:111,+0x3:103,+0x2:88,+0x6:54	exact:615
361	0x337e84-0x3386cd	361	0x337e84-0x3386cd	intra_block	614	542	28:21,333:17,297:16,124:16,307:15,180:15,108:15,253:15	28:21,333:17,297:16,124:16,307:15,180:15,108:15,253:15	+0x4:258,+0x5:111,+0x3:103,+0x2:88,+0x6:54	exact:614
203	0x26ee30-0x26f077	203	0x26ee30-0x26f077	intra_block	612	153	66:32,18:28,337:28,258:24,28:24,114:24,64:20,185:20	66:32,18:28,337:28,258:24,28:24,114:24,64:20,185:20	+0x4:376,+0x3:152,+0x5:36,+0x2:28,+0x6:20	exact:612
464	0x363a83-0x36405b	464	0x363a83-0x36405b	intra_block	575	388	28:16,347:16,18:15,203:15,185:14,114:14,297:14,66:14	28:16,347:16,18:15,203:15,185:14,114:14,297:14,66:14	+0x4:257,+0x5:104,+0x3:97,+0x2:82,+0x6:35	exact:575
493	0x36907b-0x369275	493	0x36907b-0x369275	intra_block	532	133	347:32,337:28,199:28,185:24,333:20,258:20,64:20,297:20	347:32,337:28,199:28,185:24,333:20,258:20,64:20,297:20	+0x4:348,+0x3:140,+0x5:20,+0x2:12,+0x6:12	exact:532
517	0x36cacc-0x36ccc6	517	0x36cacc-0x36ccc6	intra_block	532	133	347:28,66:24,114:24,258:24,43:24,340:24,18:20,199:20	347:28,66:24,114:24,258:24,43:24,340:24,18:20,199:20	+0x4:348,+0x3:140,+0x5:20,+0x2:12,+0x6:12	exact:532
185	0x24a4e3-0x24a8c5	185	0x24a4e3-0x24a8c5	intra_block	520	260	64:26,28:22,337:22,18:18,258:16,199:16,66:16,43:16	64:26,28:22,337:22,18:18,258:16,199:16,66:16,43:16	+0x4:278,+0x3:112,+0x5:56,+0x2:48,+0x6:26	exact:520
290	0x31b34b-0x31b82c	290	0x31b34b-0x31b82c	intra_block	510	322	28:17,168:17,64:16,239:16,198:15,337:15,18:14,160:14	28:17,168:17,64:16,239:16,198:15,337:15,18:14,160:14	+0x4:207,+0x5:103,+0x2:82,+0x3:81,+0x6:37	exact:510
400	0x33f710-0x33fbf1	400	0x33f710-0x33fbf1	intra_block	510	322	258:21,43:18,168:17,66:16,108:15,352:14,114:14,183:13	258:21,43:18,168:17,66:16,108:15,352:14,114:14,183:13	+0x4:207,+0x5:103,+0x2:82,+0x3:81,+0x6:37	exact:510
293	0x31bc0a-0x31be7c	293	0x31bc0a-0x31be7c	intra_block	486	162	237:21,297:18,256:18,183:15,172:15,199:15,144:15,157:12	237:21,297:18,256:18,183:15,172:15,199:15,144:15,269:12	+0x4:198,+0x5:105,+0x3:81,+0x2:75,+0x6:27	exact:486
300	0x31c974-0x31cbe6	300	0x31c974-0x31cbe6	intra_block	486	162	18:21,196:18,66:18,108:18,220:15,114:15,320:15,215:15	18:21,196:18,66:18,108:18,220:15,114:15,320:15,215:15	+0x4:198,+0x5:105,+0x3:81,+0x2:75,+0x6:27	exact:486
448	0x361587-0x3617fa	448	0x361587-0x3617fa	intra_block	486	162	108:15,18:15,168:15,215:15,340:15,173:15,79:12,114:12	108:15,18:15,168:15,215:15,340:15,173:15,79:12,114:12	+0x4:201,+0x5:105,+0x3:78,+0x2:75,+0x6:27	exact:486
458	0x362cf7-0x362f69	458	0x362cf7-0x362f69	intra_block	486	162	64:21,352:18,347:18,91:15,157:15,173:15,199:12,3:12	64:21,352:18,347:18,157:15,173:15,199:12,3:12,185:12	+0x4:198,+0x5:105,+0x3:81,+0x2:75,+0x6:27	exact:486
483	0x368063-0x3682d5	483	0x368063-0x3682d5	intra_block	486	162	64:18,28:18,340:15,333:15,160:15,173:15,180:12,157:12	64:18,28:18,340:15,333:15,160:15,173:15,157:12,198:12	+0x4:198,+0x5:105,+0x3:81,+0x2:75,+0x6:27	exact:486
233	0x30f3d6-0x30f645	233	0x30f3d6-0x30f645	intra_block	483	161	144:21,168:21,114:18,18:15,28:15,347:15,108:15,91:12	144:24,168:21,114:18,28:15,347:15,108:15,91:12,268:12	+0x4:198,+0x5:105,+0x3:78,+0x2:75,+0x6:27	exact:483
345	0x33519c-0x33540c	345	0x33519c-0x33540c	intra_block	483	161	64:15,198:15,185:15,144:15,43:15,199:15,114:15,108:15	108:18,64:15,198:15,185:15,144:15,43:15,199:15,114:15	+0x4:201,+0x5:105,+0x2:75,+0x3:75,+0x6:27	exact:483
326	0x331975-0x331c7a	326	0x331975-0x331c7a	intra_block	474	202	189:31,307:26,28:23,199:20,123:20,347:18,114:18,297:15	189:31,307:26,28:23,199:20,123:20,347:18,114:18,297:15	+0x4:250,+0x3:116,+0x5:47,+0x2:42,+0x6:19	exact:474
496	0x369533-0x36977c	496	0x369533-0x36977c	intra_block	465	155	189:33,333:24,28:24,18:24,340:21,215:15,172:15,307:15	189:33,333:24,28:24,18:24,340:21,215:15,172:15,307:15	+0x4:294,+0x3:117,+0x5:24,+0x2:21,+0x6:9	exact:465
520	0x36cf84-0x36d1cd	520	0x36cf84-0x36d1cd	intra_block	465	155	18:30,340:27,189:24,157:18,258:18,347:18,307:18,297:18	18:30,340:27,189:24,157:18,258:18,347:18,307:18,297:18	+0x4:294,+0x3:117,+0x5:24,+0x2:21,+0x6:9	exact:465
194	0x26cd71-0x26cf1b	194	0x26cd71-0x26cf1b	intra_block	444	111	66:28,340:20,189:20,307:20,43:20,337:20,157:16,287:16	66:28,340:20,189:20,307:20,43:20,337:20,157:16,287:16	+0x4:272,+0x3:96,+0x5:36,+0x2:28,+0x6:12	exact:444
189	0x24b060-0x24b39b	189	0x24b060-0x24b39b	intra_block	434	217	340:22,297:20,114:18,189:16,18:16,307:14,268:12,185:12	340:22,297:20,114:18,189:16,18:16,307:14,268:12,185:12	+0x4:244,+0x3:98,+0x5:40,+0x2:34,+0x6:18	exact:434
405	0x3404d5-0x3406cb	405	0x3404d5-0x3406cb	intra_block	387	129	307:18,347:18,28:15,203:15,43:12,258:12,157:12,305:12	307:18,347:18,28:15,203:15,43:12,258:12,157:12,305:12	+0x4:219,+0x3:78,+0x5:39,+0x2:30,+0x6:21	exact:387
416	0x341d87-0x341f7d	416	0x341d87-0x341f7d	intra_block	387	129	114:21,168:18,268:15,346:15,307:15,340:15,64:12,43:12	114:21,168:18,268:15,346:15,307:15,340:15,64:12,43:12	+0x4:219,+0x3:78,+0x5:39,+0x2:30,+0x6:21	exact:387
192	0x24b891-0x24bb69	192	0x24b891-0x24bb69	intra_block	384	192	258:20,18:18,114:18,66:16,307:14,347:12,337:12,64:12	258:20,18:18,114:18,66:16,307:14,347:12,337:12,64:12	+0x4:226,+0x3:90,+0x5:30,+0x2:26,+0x6:12	exact:384
195	0x26db07-0x26dc71	195	0x26db07-0x26dc71	intra_block	380	95	340:28,199:20,66:20,114:16,18:16,28:16,258:16,64:12	340:28,199:20,66:20,114:16,18:16,28:16,258:16,64:12	+0x4:200,+0x3:96,+0x2:32,+0x5:32,+0x6:20	exact:380
178	0x249468-0x24972b	178	0x249468-0x24972b	intra_block	374	187	28:22,347:16,340:16,337:14,189:12,43:12,18:12,333:12	28:22,347:16,340:16,337:14,189:12,43:12,18:12,333:12	+0x4:226,+0x3:88,+0x5:26,+0x2:24,+0x6:10	exact:374
2	0xd0d51-0xd0eab	2	0xd0d51-0xd0eab	intra_block	360	90	18:32,189:20,64:20,347:16,28:16,268:16,196:12,33:12	18:32,189:20,64:20,347:16,28:16,268:16,196:12,33:12	+0x4:228,+0x3:80,+0x5:24,+0x2:16,+0x6:12	exact:360
497	0x36978a-0x369951	497	0x36978a-0x369951	intra_block	360	120	337:18,114:18,347:15,340:15,26:15,18:15,28:15,66:15	337:18,114:18,347:15,340:15,26:15,18:15,28:15,66:15	+0x4:246,+0x3:99,+0x6:6,+0x5:6,+0x2:3	exact:360
521	0x36d1db-0x36d3a2	521	0x36d1db-0x36d3a2	intra_block	360	120	114:24,199:21,215:18,18:18,258:18,189:15,33:15,66:15	114:24,199:21,215:18,18:18,258:18,189:15,33:15,66:15	+0x4:246,+0x3:99,+0x6:6,+0x5:6,+0x2:3	exact:360
503	0x36b124-0x36b35e	503	0x36b124-0x36b35e	intra_block	353	148	168:46,347:45,199:43,354:42,345:42,337:7,196:7,307:7	168:46,347:45,199:43,345:42,52:42,337:7,196:7,307:7	+0x4:165,+0x3:70,+0x2:55,+0x6:49,+0x5:14	exact:353
492	0x368e58-0x36906d	492	0x368e58-0x36906d	intra_block	352	139	28:18,189:18,66:18,258:18,18:17,340:16,158:16,176:16	28:18,189:18,66:18,258:18,18:17,340:16,174:16,158:16	+0x4:192,+0x3:90,+0x2:27,+0x5:26,+0x6:17	exact:352
516	0x36c8aa-0x36cabe	516	0x36c8aa-0x36cabe	intra_block	352	139	18:25,337:22,340:20,174:16,189:15,114:14,215:13,158:12	18:25,337:22,340:20,174:20,189:15,114:14,215:13,158:12	+0x4:191,+0x3:91,+0x2:27,+0x5:26,+0x6:17	exact:352
186	0x24a8d3-0x24ab6a	186	0x24a8d3-0x24ab6a	intra_block	348	174	28:18,340:18,18:18,64:14,258:14,347:14,189:12,243:10	28:18,340:18,18:18,64:14,258:14,347:14,189:12,243:10	+0x4:208,+0x3:84,+0x5:22,+0x2:20,+0x6:14	exact:348
187	0x24ab78-0x24ae0f	187	0x24ab78-0x24ae0f	intra_block	348	174	18:28,64:20,258:18,114:14,340:12,28:12,215:12,185:10	18:28,64:20,258:18,114:14,340:12,28:12,215:12,123:12	+0x4:208,+0x3:84,+0x5:22,+0x2:20,+0x6:14	exact:348
190	0x24b3a9-0x24b640	190	0x24b3a9-0x24b640	intra_block	348	174	337:16,18:16,199:14,347:14,297:14,340:14,189:14,66:12	337:16,18:16,199:14,347:14,297:14,340:14,189:14,66:12	+0x4:208,+0x3:84,+0x5:22,+0x2:20,+0x6:14	exact:348
478	0x3674c3-0x3676fd	478	0x3674c3-0x3676fd	intra_block	343	148	199:45,340:44,157:43,124:42,171:40,43:9,297:6,114:6	199:45,340:44,157:43,124:42,52:40,43:9,297:6,114:6	+0x4:161,+0x3:68,+0x2:53,+0x6:47,+0x5:14	exact:343
404	0x3401c3-0x3404c8	404	0x3401c3-0x3404c8	intra_block	338	202	258:24,340:20,297:17,18:15,185:14,108:14,161:12,176:12	258:24,340:20,297:17,18:15,185:14,108:14,161:12,176:12	+0x4:172,+0x3:78,+0x5:39,+0x2:34,+0x6:15	exact:338
415	0x341a75-0x341d7a	415	0x341a75-0x341d7a	intra_block	338	202	18:17,189:17,307:15,64:14,114:13,337:12,184:12,20:12	18:17,189:17,307:15,64:14,114:13,337:12,184:12,20:12	+0x4:172,+0x3:78,+0x5:39,+0x2:34,+0x6:15	exact:338
454	0x362314-0x362716	454	0x362314-0x362716	intra_block	337	269	189:18,28:13,199:12,340:12,337:11,215:10,114:10,307:10	189:18,28:13,199:12,340:12,337:11,215:10,114:10,307:10	+0x4:183,+0x3:75,+0x5:36,+0x2:30,+0x6:13	exact:337
347	0x3355e0-0x335853	347	0x3355e0-0x335853	intra_block	324	162	307:18,168:14,220:12,28:12,108:10,173:10,258:10,256:8	307:18,168:14,220:12,28:12,256:10,108:10,173:10,258:10	+0x4:134,+0x5:70,+0x3:52,+0x2:50,+0x6:18	exact:324
408	0x340b20-0x340d92	408	0x340b20-0x340d92	intra_block	324	162	168:16,297:12,160:12,183:10,340:10,185:10,108:10,189:8	168:16,297:12,160:12,340:10,185:10,108:10,189:8,301:8	+0x4:132,+0x5:70,+0x3:54,+0x2:50,+0x6:18	exact:324
419	0x3423d2-0x342644	419	0x3423d2-0x342644	intra_block	324	162	347:12,157:10,18:10,160:10,337:10,257:10,268:8,114:8	347:12,18:10,160:10,337:10,144:10,257:10,268:8,114:8	+0x4:132,+0x5:70,+0x3:54,+0x2:50,+0x6:18	exact:324
425	0x343132-0x3433a5	425	0x343132-0x3433a5	intra_block	324	162	108:14,18:14,189:10,154:10,203:10,28:10,114:10,3:10	108:14,18:14,154:10,203:10,28:10,114:10,3:10,352:8	+0x4:134,+0x5:70,+0x3:52,+0x2:50,+0x6:18	exact:324
532	0x36f87c-0x36faee	532	0x36f87c-0x36faee	intra_block	324	162	256:14,157:12,43:12,28:12,307:12,196:10,297:10,220:10	256:14,157:12,43:12,28:12,307:12,196:10,297:10,220:10	+0x4:132,+0x5:70,+0x3:54,+0x2:50,+0x6:18	exact:324
183	0x24a02d-0x24a292	183	0x24a02d-0x24a292	intra_block	322	161	189:18,28:16,18:16,337:14,340:12,307:12,123:12,168:10	189:18,28:16,18:16,337:14,340:12,307:12,123:12,168:10	+0x4:196,+0x3:80,+0x5:18,+0x2:16,+0x6:12	exact:322
406	0x3406dc-0x34094b	406	0x3406dc-0x34094b	intra_block	322	161	28:12,297:10,64:10,160:10,198:10,340:10,91:8,257:8	160:12,28:12,64:10,198:10,340:10,91:8,257:8,66:8	+0x4:132,+0x5:70,+0x3:52,+0x2:50,+0x6:18	exact:322
417	0x341f8e-0x3421fd	417	0x341f8e-0x3421fd	intra_block	322	161	144:12,114:12,333:12,28:10,185:10,199:10,352:10,64:10	144:14,114:12,333:12,28:10,185:10,199:10,352:10,64:10	+0x4:132,+0x5:70,+0x3:52,+0x2:50,+0x6:18	exact:322
446	0x361143-0x3613b3	446	0x361143-0x3613b3	intra_block	322	161	268:12,114:10,189:10,70:10,66:10,160:10,340:10,108:8	268:12,114:10,189:10,70:10,66:10,160:10,340:10,108:8	+0x4:134,+0x5:70,+0x2:50,+0x3:50,+0x6:18	exact:322
288	0x31aed4-0x31b31b	288	0x31aed4-0x31b31b	intra_block	320	285	337:15,168:14,43:13,307:12,258:10,28:9,124:9,215:8	337:15,168:14,43:13,307:12,258:10,28:9,124:9,215:8	+0x4:154,+0x3:58,+0x2:43,+0x5:43,+0x6:22	exact:320
387	0x33db28-0x33dcbd	387	0x33db28-0x33dcbd	intra_block	312	104	307:15,43:15,315:15,333:12,64:12,26:12,189:12,66:12	307:15,43:15,315:15,333:12,64:12,26:12,189:12,66:12	+0x4:189,+0x3:66,+0x5:24,+0x2:18,+0x6:15	exact:312
287	0x31aa27-0x31aec3	287	0x31aa27-0x31aec3	intra_block	306	306	66:11,28:10,258:9,340:9,157:9,337:9,199:9,307:8	66:11,28:10,258:9,340:9,157:9,337:9,199:9,307:8	+0x4:155,+0x3:62,+0x5:40,+0x2:31,+0x6:18	exact:306
297	0x31c34b-0x31c596	297	0x31c34b-0x31c596	intra_block	304	152	347:18,199:14,157:14,66:12,203:12,185:10,26:10,18:10	347:18,199:14,157:14,66:12,203:12,185:10,26:10,18:10	+0x4:166,+0x3:60,+0x5:36,+0x2:28,+0x6:14	exact:304
495	0x3693a8-0x369525	495	0x3693a8-0x369525	intra_block	300	100	340:21,28:21,64:15,189:15,174:15,215:12,18:12,220:9	28:21,340:18,174:18,64:15,189:15,215:12,18:12,220:9	+0x4:159,+0x3:75,+0x5:30,+0x2:24,+0x6:12	exact:300
519	0x36cdf9-0x36cf76	519	0x36cdf9-0x36cf76	intra_block	300	100	258:18,340:18,18:15,28:15,66:15,347:12,189:12,176:12	258:18,340:18,18:15,28:15,66:15,347:12,189:12,176:12	+0x4:159,+0x3:75,+0x5:30,+0x2:24,+0x6:12	exact:300
550	0x37171c-0x37174c	550	0x37171c-0x37174c	intra_block	300	12	196:50,354:25,253:25,347:25,307:25,301:25,352:25,165:25	196:50,253:25,347:25,307:25,301:25,352:25,165:25,18:25	+0x4:125,+0x2:75,+0x3:50,+0x6:25,+0x5:25	exact:300
180	0x249964-0x249b99	180	0x249964-0x249b99	intra_block	298	149	347:16,28:14,66:14,114:12,157:12,18:12,243:12,337:12	347:16,28:14,66:14,114:12,157:12,18:12,243:12,337:12	+0x4:188,+0x3:76,+0x5:14,+0x2:12,+0x6:8	exact:298
181	0x249ba7-0x249ddc	181	0x249ba7-0x249ddc	intra_block	298	149	189:16,18:14,66:12,340:12,28:12,258:12,337:12,114:10	189:16,18:14,66:12,340:12,28:12,258:12,337:12,114:10	+0x4:188,+0x3:76,+0x5:14,+0x2:12,+0x6:8	exact:298
182	0x249dea-0x24a01f	182	0x249dea-0x24a01f	intra_block	298	149	114:16,64:14,18:14,66:12,199:12,347:12,185:12,258:10	114:16,64:14,18:14,66:12,199:12,347:12,185:12,258:10	+0x4:188,+0x3:76,+0x5:14,+0x2:12,+0x6:8	exact:298
184	0x24a2a0-0x24a4d5	184	0x24a2a0-0x24a4d5	intra_block	298	149	28:18,189:18,114:14,297:14,307:12,161:12,258:10,43:10	28:18,189:18,114:14,297:14,307:12,161:12,258:10,43:10	+0x4:188,+0x3:76,+0x5:14,+0x2:12,+0x6:8	exact:298
188	0x24ae1d-0x24b052	188	0x24ae1d-0x24b052	intra_block	298	149	297:24,337:18,43:14,340:14,114:12,28:10,185:10,64:10	297:24,337:18,43:14,340:14,114:12,28:10,185:10,64:10	+0x4:188,+0x3:76,+0x5:14,+0x2:12,+0x6:8	exact:298
191	0x24b64e-0x24b883	191	0x24b64e-0x24b883	intra_block	298	149	258:18,18:16,161:16,215:14,297:12,189:12,337:12,340:10	258:18,18:16,161:16,215:14,297:12,189:12,337:12,340:10	+0x4:188,+0x3:76,+0x5:14,+0x2:12,+0x6:8	exact:298
402	0x33fe02-0x340193	402	0x33fe02-0x340193	intra_block	288	238	172:16,189:15,199:12,200:12,354:11,43:10,258:9,18:8	172:16,189:15,199:12,200:12,122:11,43:10,258:9,18:8	+0x4:121,+0x2:49,+0x3:49,+0x5:45,+0x6:24	exact:288
413	0x3416b4-0x341a45	413	0x3416b4-0x341a45	intra_block	288	238	172:17,18:14,189:14,253:13,171:11,28:9,340:7,43:7	172:17,18:14,189:14,253:13,122:11,28:9,340:7,43:7	+0x4:121,+0x2:49,+0x3:49,+0x5:45,+0x6:24	exact:288
179	0x249739-0x249956	179	0x249739-0x249956	intra_block	286	143	258:20,337:16,18:14,66:14,157:12,64:10,346:10,340:10	258:20,337:16,18:14,66:14,157:12,64:10,346:10,340:10	+0x4:184,+0x3:74,+0x5:12,+0x2:10,+0x6:6	exact:286
494	0x369286-0x369397	494	0x369286-0x369397	intra_block	284	71	168:24,315:16,185:16,340:16,26:16,297:12,337:12,203:12	168:24,315:16,185:16,340:16,26:16,297:12,337:12,203:12	+0x4:204,+0x3:68,+0x2:4,+0x6:4,+0x5:4	exact:284
518	0x36ccd7-0x36cde8	518	0x36ccd7-0x36cde8	intra_block	284	71	28:16,337:16,243:16,307:16,315:16,168:16,114:12,333:12	28:16,337:16,243:16,307:16,315:16,168:16,114:12,333:12	+0x4:204,+0x3:68,+0x2:4,+0x6:4,+0x5:4	exact:284
207	0x29300f-0x293222	207	0x29300f-0x293222	intra_block	280	140	28:18,189:14,297:12,114:12,340:10,66:10,64:10,168:10	28:18,189:14,297:12,114:12,340:10,66:10,64:10,168:10	+0x4:180,+0x3:74,+0x5:12,+0x2:8,+0x6:6	exact:280
296	0x31c035-0x31c33a	296	0x31c035-0x31c33a	intra_block	270	202	18:16,258:12,307:12,340:10,347:9,64:8,28:7,198:7	18:16,258:12,307:12,340:10,347:9,64:8,176:8,28:7	+0x4:133,+0x3:59,+0x5:35,+0x2:30,+0x6:13	exact:270
428	0x34368f-0x343a80	428	0x34368f-0x343a80	intra_block	265	265	28:12,114:11,18:8,64:8,189:8,185:7,108:7,79:6	28:12,114:11,18:8,64:8,189:8,185:7,108:7,184:7	+0x4:128,+0x3:51,+0x5:40,+0x2:34,+0x6:12	exact:265
362	0x3386de-0x3387d9	362	0x3386de-0x3387d9	intra_block	264	66	258:20,340:16,28:16,337:16,66:16,199:12,20:12,174:12	258:20,340:16,28:16,337:16,66:16,158:16,199:12,20:12	+0x4:152,+0x3:76,+0x5:16,+0x2:12,+0x6:8	exact:264
455	0x362723-0x362919	455	0x362723-0x362919	intra_block	258	129	157:20,18:12,64:10,114:10,26:10,28:8,305:8,340:8	157:20,18:12,64:10,114:10,26:10,28:8,305:8,340:8	+0x4:146,+0x3:52,+0x5:26,+0x2:20,+0x6:14	exact:258
527	0x36ecdc-0x36ef16	527	0x36ecdc-0x36ef16	intra_block	258	148	18:29,333:27,345:25,165:24,347:24,66:8,64:7,337:6	18:29,333:27,345:25,347:24,122:23,66:8,64:7,337:6	+0x4:127,+0x3:51,+0x2:36,+0x6:30,+0x5:14	exact:258
167	0x22fe2d-0x22ffb1			out_of_recovered	256	1	52:256	75:256	+0x5:256	exact:256
168	0x22ffc2-0x230111			out_of_recovered	256	1	123:256	50:256	+0x4:256	exact:256
169	0x230122-0x2303ae			out_of_recovered	256	1	52:256	316:256	+0x5:256	exact:256
234	0x30f64d-0x30fa0f	234	0x30f64d-0x30fa0f	intra_block	253	253	307:11,64:11,189:10,28:10,66:9,157:7,18:7,340:7	307:11,64:11,189:10,28:10,66:9,157:7,18:7,340:7	+0x4:119,+0x3:50,+0x5:40,+0x2:33,+0x6:11	exact:253
508	0x36bb1e-0x36bee0	508	0x36bb1e-0x36bee0	intra_block	253	253	114:10,340:9,337:8,199:7,256:7,28:7,18:7,297:7	114:10,340:9,337:8,199:7,256:7,28:7,18:7,297:7	+0x4:119,+0x3:50,+0x5:40,+0x2:33,+0x6:11	exact:253
48	0x11c690-0x11ca2a	48	0x11c690-0x11ca2a	intra_block	243	243	307:11,64:10,297:8,114:8,337:8,18:8,347:7,28:7	307:11,64:10,297:8,114:8,337:8,18:8,347:7,28:7	+0x4:136,+0x3:53,+0x5:25,+0x2:21,+0x6:8	exact:243
324	0x33170b-0x331945	324	0x33170b-0x331945	intra_block	233	148	196:22,258:22,199:20,171:18,239:18,172:6,189:5,66:5	196:22,258:22,199:20,239:18,122:18,172:6,189:5,66:5	+0x4:117,+0x3:46,+0x2:31,+0x6:25,+0x5:14	exact:233
193	0x24bb77-0x24bd2a	193	0x24bb77-0x24bd2a	intra_block	230	115	258:14,307:12,347:12,18:12,337:12,20:12,287:10,64:10	258:14,20:14,307:12,347:12,18:12,337:12,287:10,64:10	+0x4:158,+0x3:64,+0x6:4,+0x2:2,+0x5:2	exact:230
329	0x332105-0x332469	329	0x332105-0x332469	intra_block	228	228	297:13,340:10,258:9,66:8,108:7,307:7,160:6,215:6	297:13,340:10,258:9,66:8,108:7,307:7,160:6,215:6	+0x4:107,+0x3:46,+0x5:36,+0x2:29,+0x6:10	exact:228
342	0x334a3d-0x334c7b	342	0x334a3d-0x334c7b	intra_block	219	149	64:20,345:17,185:16,333:16,165:15,18:8,196:7,43:6	64:20,345:17,185:16,333:16,52:15,18:8,196:7,43:6	+0x4:112,+0x3:43,+0x2:28,+0x6:22,+0x5:14	exact:219
466	0x36426c-0x36459d	466	0x36426c-0x36459d	intra_block	215	215	340:9,18:8,64:6,352:6,28:6,297:6,347:6,114:6	340:9,18:8,64:6,352:6,28:6,297:6,347:6,114:6	+0x4:102,+0x3:44,+0x5:33,+0x2:27,+0x6:9	exact:215
498	0x369962-0x369a73	498	0x369962-0x369a73	intra_block	213	71	66:18,337:12,305:12,43:12,258:12,172:12,26:12,168:9	66:18,337:12,305:12,43:12,258:12,172:12,26:12,168:9	+0x4:153,+0x3:51,+0x2:3,+0x6:3,+0x5:3	exact:213
522	0x36d3b3-0x36d4c4	522	0x36d3b3-0x36d4c4	intra_block	213	71	18:18,157:12,268:12,287:12,189:12,185:12,64:9,243:9	18:18,157:12,268:12,287:12,189:12,185:12,64:9,243:9	+0x4:153,+0x3:51,+0x2:3,+0x6:3,+0x5:3	exact:213
138	0x18ba69-0x18bd8c	138	0x18ba69-0x18bd8c	intra_block	212	212	18:11,258:11,189:8,337:8,43:8,347:7,64:7,199:6	18:11,258:11,189:8,337:8,43:8,347:7,64:7,199:6	+0x4:123,+0x3:48,+0x5:19,+0x2:16,+0x6:6	exact:212
396	0x33e8de-0x33e9e2	396	0x33e8de-0x33e9e2	intra_block	207	69	174:18,258:15,215:12,189:12,199:9,28:9,123:9,340:9	174:18,258:15,215:12,189:12,199:9,28:9,123:9,340:9	+0x4:117,+0x3:60,+0x2:12,+0x5:12,+0x6:6	exact:207
430	0x343ccb-0x343f0c	430	0x343ccb-0x343f0c	intra_block	201	151	168:17,189:14,345:13,297:12,354:11,18:8,66:7,28:7	168:17,189:14,345:13,297:12,122:11,18:8,66:7,28:7	+0x4:110,+0x3:40,+0x2:23,+0x6:16,+0x5:12	exact:201
1	0xd0c86-0xd0d43	1	0xd0c86-0xd0d43	intra_block	200	50	114:20,158:20,307:16,66:12,184:12,18:12,64:12,123:12	114:20,158:20,174:16,307:16,184:12,18:12,64:12,123:12	+0x4:128,+0x3:68,+0x6:4	exact:200
230	0x30eccb-0x30eeba	230	0x30eccb-0x30eeba	intra_block	194	129	185:20,168:20,64:17,165:14,345:14,189:6,337:5,157:5	185:20,168:20,64:17,345:14,52:14,189:6,337:5,157:5	+0x4:102,+0x3:39,+0x2:24,+0x6:19,+0x5:10	exact:194
98	0x170864-0x170b41	98	0x170864-0x170b41	intra_block	193	193	28:10,337:9,340:8,114:7,199:7,189:6,333:6,64:6	28:10,337:9,340:8,114:7,199:7,189:6,333:6,64:6	+0x4:114,+0x3:45,+0x5:14,+0x2:13,+0x6:7	exact:193
103	0x1714ca-0x1717a7	103	0x1714ca-0x1717a7	intra_block	193	193	189:11,307:9,64:8,18:8,347:7,66:7,43:7,258:7	189:11,307:9,64:8,18:8,347:7,66:7,43:7,258:7	+0x4:114,+0x3:45,+0x5:14,+0x2:13,+0x6:7	exact:193
108	0x172130-0x17240d	108	0x172130-0x17240d	intra_block	193	193	258:10,18:9,340:9,189:8,297:7,28:6,337:6,268:6	258:10,18:9,340:9,189:8,297:7,28:6,337:6,268:6	+0x4:114,+0x3:45,+0x5:14,+0x2:13,+0x6:7	exact:193
113	0x172d66-0x173043	113	0x172d66-0x173043	intra_block	193	193	185:10,258:9,340:8,189:8,28:8,18:7,337:6,268:5	185:10,258:9,340:8,189:8,28:8,18:7,337:6,268:5	+0x4:114,+0x3:45,+0x5:14,+0x2:13,+0x6:7	exact:193
118	0x1739cc-0x173ca9	118	0x1739cc-0x173ca9	intra_block	193	193	307:9,258:9,185:8,337:8,168:8,347:7,340:7,199:7	307:9,258:9,185:8,337:8,168:8,347:7,340:7,199:7	+0x4:114,+0x3:45,+0x5:14,+0x2:13,+0x6:7	exact:193
155	0x1a5a9a-0x1a5d7e	155	0x1a5a9a-0x1a5d7e	intra_block	193	193	18:9,347:7,337:7,258:7,189:7,28:7,352:5,66:5	18:9,337:7,258:7,189:7,28:7,347:6,352:5,66:5	+0x4:92,+0x3:39,+0x5:29,+0x2:23,+0x6:10	exact:193
162	0x1ec888-0x1ecb65	162	0x1ec888-0x1ecb65	intra_block	193	193	340:11,28:8,66:8,258:7,297:7,189:7,157:7,347:7	340:11,28:8,66:8,258:7,297:7,189:7,157:7,347:7	+0x4:114,+0x3:45,+0x5:14,+0x2:13,+0x6:7	exact:193
51	0x11cf2f-0x11d207	51	0x11cf2f-0x11d207	intra_block	192	192	258:11,66:8,114:7,337:7,172:7,185:7,297:6,347:6	258:11,66:8,114:7,337:7,172:7,185:7,297:6,347:6	+0x4:113,+0x3:45,+0x5:15,+0x2:13,+0x6:6	exact:192
206	0x292df6-0x293001	206	0x292df6-0x293001	intra_block	190	138	18:14,258:12,340:11,307:10,189:9,215:8,337:8,123:8	18:14,258:12,340:11,307:10,189:9,215:8,337:8,158:8	+0x4:121,+0x3:53,+0x2:6,+0x6:5,+0x5:5	exact:190
420	0x34264c-0x3427cd	420	0x34264c-0x3427cd	intra_block	190	100	172:22,340:22,28:22,171:19,140:19,108:5,18:4,3:4	172:22,340:22,28:22,140:19,52:19,108:5,18:4,3:4	+0x4:80,+0x2:35,+0x3:34,+0x6:25,+0x5:16	exact:190
435	0x3445a5-0x344875	435	0x3445a5-0x344875	intra_block	190	190	347:12,157:9,185:9,297:9,18:8,340:7,114:6,337:6	347:12,157:9,185:9,297:9,18:8,340:7,114:6,337:6	+0x4:111,+0x3:45,+0x5:15,+0x2:13,+0x6:6	exact:190
238	0x30ff4c-0x310212	238	0x30ff4c-0x310212	intra_block	188	188	114:12,199:10,28:7,337:7,297:7,157:7,18:7,347:7	114:12,199:10,28:7,337:7,297:7,157:7,18:7,347:7	+0x4:115,+0x3:44,+0x2:12,+0x5:12,+0x6:5	exact:188
240	0x310446-0x31070f	240	0x310446-0x31070f	intra_block	188	188	189:10,18:9,199:9,185:8,340:7,114:7,64:7,315:6	189:10,18:9,199:9,185:8,340:7,114:7,64:7,315:6	+0x4:112,+0x3:44,+0x5:15,+0x2:12,+0x6:5	exact:188
434	0x3442d4-0x34459b	434	0x3442d4-0x34459b	intra_block	188	188	340:9,64:9,185:8,28:8,199:7,18:7,114:6,258:6	340:9,64:9,185:8,28:8,199:7,18:7,114:6,258:6	+0x4:114,+0x3:44,+0x5:13,+0x2:12,+0x6:5	exact:188
49	0x11ca38-0x11ccf7	49	0x11ca38-0x11ccf7	intra_block	186	186	64:9,258:8,189:8,215:8,114:8,66:7,28:7,307:7	64:9,258:8,189:8,215:8,114:8,66:7,28:7,307:7	+0x4:112,+0x3:44,+0x5:13,+0x2:12,+0x6:5	exact:186
53	0x11d3e1-0x11d6a2	53	0x11d3e1-0x11d6a2	intra_block	186	186	337:8,185:8,340:8,114:7,215:7,18:7,258:6,172:6	337:8,185:8,340:8,114:7,215:7,18:7,258:6,172:6	+0x4:110,+0x3:44,+0x5:15,+0x2:12,+0x6:5	exact:186
66	0x11e6a3-0x11e962	66	0x11e6a3-0x11e962	intra_block	186	186	18:11,347:10,337:10,340:7,268:6,64:6,203:6,185:6	18:11,347:10,337:10,340:7,268:6,64:6,203:6,185:6	+0x4:112,+0x3:44,+0x5:13,+0x2:12,+0x6:5	exact:186
409	0x340d9a-0x340f1b	409	0x340d9a-0x340f1b	intra_block	185	100	43:21,337:20,171:19,28:19,345:18,189:4,144:4,18:4	43:21,337:20,28:19,345:18,52:18,189:4,144:4,18:4	+0x4:78,+0x2:34,+0x3:33,+0x6:24,+0x5:16	exact:185
444	0x36083e-0x360af2	444	0x36083e-0x360af2	intra_block	182	182	18:12,347:9,189:8,185:7,64:7,297:6,258:5,215:5	18:12,347:9,189:8,185:7,64:7,297:6,258:5,215:5	+0x4:109,+0x3:43,+0x5:13,+0x2:11,+0x6:6	exact:182
450	0x36192d-0x361be0	450	0x36192d-0x361be0	intra_block	182	182	66:12,337:11,64:9,340:8,185:7,215:5,199:5,307:5	66:12,337:11,64:9,340:8,185:7,215:5,199:5,307:5	+0x4:110,+0x3:43,+0x5:12,+0x2:11,+0x6:6	exact:182
453	0x362056-0x36230a	453	0x362056-0x36230a	intra_block	182	182	199:9,337:8,114:8,340:7,215:6,66:6,64:6,28:6	199:9,337:8,114:8,340:7,215:6,66:6,64:6,28:6	+0x4:109,+0x3:43,+0x5:13,+0x2:11,+0x6:6	exact:182
460	0x36309c-0x36334f	460	0x36309c-0x36334f	intra_block	182	182	297:15,347:10,157:7,66:7,64:7,189:7,258:6,337:6	297:15,347:10,157:7,66:7,64:7,189:7,258:6,337:6	+0x4:110,+0x3:43,+0x5:12,+0x2:11,+0x6:6	exact:182
463	0x3637c5-0x363a79	463	0x3637c5-0x363a79	intra_block	182	182	337:11,43:9,18:8,66:7,258:7,189:7,297:6,168:6	337:11,43:9,18:8,66:7,258:7,189:7,297:6,168:6	+0x4:109,+0x3:43,+0x5:13,+0x2:11,+0x6:6	exact:182
467	0x3645a7-0x36485a	467	0x3645a7-0x36485a	intra_block	182	182	189:9,258:9,297:8,199:7,114:6,203:6,307:6,340:6	189:9,258:9,297:8,199:7,114:6,203:6,307:6,340:6	+0x4:110,+0x3:43,+0x5:12,+0x2:11,+0x6:6	exact:182
97	0x1705a9-0x170856	97	0x1705a9-0x170856	intra_block	181	181	347:9,66:8,18:8,307:7,337:6,315:6,268:6,114:6	347:9,66:8,18:8,307:7,337:6,315:6,268:6,114:6	+0x4:110,+0x3:43,+0x5:12,+0x2:11,+0x6:5	exact:181
241	0x310719-0x3109c8	241	0x310719-0x3109c8	intra_block	181	181	215:9,340:9,189:8,297:8,18:8,347:8,337:6,20:6	215:9,340:9,189:8,297:8,18:8,347:8,337:6,20:6	+0x4:108,+0x3:43,+0x5:14,+0x2:11,+0x6:5	exact:181
303	0x31cfc4-0x31d273	303	0x31cfc4-0x31d273	intra_block	181	181	189:7,340:7,18:7,347:7,64:6,215:6,28:6,258:6	189:7,340:7,18:7,347:7,64:6,215:6,28:6,258:6	+0x4:109,+0x3:43,+0x5:12,+0x2:11,+0x6:6	exact:181
305	0x31d4ab-0x31d75a	305	0x31d4ab-0x31d75a	intra_block	181	181	340:12,18:8,114:7,307:6,199:6,189:6,297:6,157:5	340:12,18:8,114:7,307:6,199:6,189:6,297:6,157:5	+0x4:109,+0x3:43,+0x5:12,+0x2:11,+0x6:6	exact:181
307	0x31d992-0x31dc41	307	0x31d992-0x31dc41	intra_block	181	181	28:10,347:10,66:8,258:8,199:7,337:5,43:5,64:5	28:10,347:10,66:8,258:8,199:7,337:5,43:5,64:5	+0x4:109,+0x3:43,+0x5:12,+0x2:11,+0x6:6	exact:181
102	0x171213-0x1714bc	102	0x171213-0x1714bc	intra_block	180	180	337:9,28:8,340:7,347:7,199:7,66:6,18:6,258:6	337:9,28:8,340:7,347:7,199:7,66:6,18:6,258:6	+0x4:109,+0x3:43,+0x5:12,+0x2:11,+0x6:5	exact:180
107	0x171e79-0x172122	107	0x171e79-0x172122	intra_block	180	180	18:12,337:11,189:8,268:8,258:7,66:7,297:6,185:6	18:12,337:11,189:8,268:8,258:7,66:7,297:6,185:6	+0x4:109,+0x3:43,+0x5:12,+0x2:11,+0x6:5	exact:180
112	0x172aaf-0x172d58	112	0x172aaf-0x172d58	intra_block	180	180	337:9,189:8,199:8,114:8,64:6,307:6,185:6,215:6	337:9,189:8,199:8,114:8,64:6,307:6,185:6,215:6	+0x4:109,+0x3:43,+0x5:12,+0x2:11,+0x6:5	exact:180
117	0x173715-0x1739be	117	0x173715-0x1739be	intra_block	180	180	189:9,337:8,18:8,43:7,215:7,174:7,28:6,258:6	189:9,337:8,18:8,43:7,215:7,174:7,28:6,258:6	+0x4:109,+0x3:43,+0x5:12,+0x2:11,+0x6:5	exact:180
129	0x1774c6-0x17776f	129	0x1774c6-0x17776f	intra_block	180	180	28:9,189:9,64:8,340:7,18:7,258:7,203:6,307:6	28:9,189:9,64:8,340:7,18:7,258:7,203:6,307:6	+0x4:109,+0x3:43,+0x5:12,+0x2:11,+0x6:5	exact:180
161	0x1ec5d1-0x1ec87a	161	0x1ec5d1-0x1ec87a	intra_block	180	180	66:9,347:9,307:8,258:8,297:7,340:7,114:6,189:5	66:9,347:9,307:8,258:8,297:7,340:7,114:6,189:5	+0x4:109,+0x3:43,+0x5:12,+0x2:11,+0x6:5	exact:180
158	0x1ec0ab-0x1ec347	158	0x1ec0ab-0x1ec347	intra_block	175	175	64:8,66:8,18:8,347:7,28:7,340:7,114:7,185:7	64:8,66:8,18:8,347:7,28:7,340:7,114:7,185:7	+0x4:104,+0x3:42,+0x5:12,+0x2:10,+0x6:7	exact:175
205	0x292b56-0x292de8	205	0x292b56-0x292de8	intra_block	174	174	28:11,18:9,114:8,258:6,268:6,64:6,340:6,185:5	28:11,18:9,114:8,258:6,268:6,64:6,340:6,185:5	+0x4:106,+0x3:42,+0x5:12,+0x2:10,+0x6:4	exact:174
223	0x2bff9e-0x2c0230	223	0x2bff9e-0x2c0230	intra_block	174	174	66:10,64:10,185:9,337:8,199:6,347:6,189:6,258:5	66:10,64:10,185:9,337:8,199:6,347:6,189:6,258:5	+0x4:106,+0x3:42,+0x5:12,+0x2:10,+0x6:4	exact:174
433	0x344035-0x3442ca	433	0x344035-0x3442ca	intra_block	174	174	347:9,340:9,307:8,18:8,199:7,157:6,337:6,172:5	347:9,340:9,307:8,18:8,199:7,157:6,337:6,172:5	+0x4:107,+0x3:42,+0x5:11,+0x2:9,+0x6:5	exact:174
77	0x1211a7-0x121435	77	0x1211a7-0x121435	intra_block	173	173	347:10,18:9,114:8,28:8,307:7,43:7,189:6,157:6	347:10,18:9,114:8,28:8,307:7,43:7,189:6,157:6	+0x4:105,+0x3:42,+0x5:12,+0x2:10,+0x6:4	exact:173
385	0x33ce91-0x33d118	385	0x33ce91-0x33d118	intra_block	171	171	337:10,297:9,258:9,18:8,114:7,28:7,184:6,340:5	337:10,297:9,258:9,18:8,114:7,28:7,184:6,340:5	+0x4:103,+0x3:42,+0x5:11,+0x2:10,+0x6:5	exact:171
395	0x33e889-0x33e8d6	395	0x33e889-0x33e8d6	intra_block	171	19	108:18,320:18,165:9,189:9,157:9,30:9,183:9,199:9	108:18,320:18,189:9,157:9,30:9,183:9,199:9,79:9	+0x4:63,+0x5:36,+0x2:27,+0x3:27,+0x6:18	exact:171
501	0x369c58-0x369edb	501	0x369c58-0x369edb	intra_block	170	170	18:10,114:9,347:8,64:7,307:7,258:6,185:6,199:6	18:10,114:9,347:8,64:7,307:7,258:6,185:6,199:6	+0x4:102,+0x3:42,+0x5:11,+0x2:10,+0x6:5	exact:170
525	0x36d6a9-0x36d92c	525	0x36d6a9-0x36d92c	intra_block	170	170	28:10,258:9,347:8,337:7,66:7,64:7,18:6,315:5	28:10,258:9,347:8,337:7,66:7,64:7,18:6,315:5	+0x4:102,+0x3:42,+0x5:11,+0x2:10,+0x6:5	exact:170
555	0x371b93-0x371e16	555	0x371b93-0x371e16	intra_block	170	170	258:9,114:9,307:8,28:7,66:7,337:6,199:6,18:5	258:9,114:9,307:8,28:7,66:7,337:6,199:6,18:5	+0x4:102,+0x3:42,+0x5:11,+0x2:10,+0x6:5	exact:170
32	0x11ac5e-0x11aee0	32	0x11ac5e-0x11aee0	intra_block	169	169	18:10,337:9,340:8,66:7,258:6,189:6,215:6,287:5	18:10,337:9,340:8,66:7,258:6,189:6,215:6,287:5	+0x4:103,+0x3:41,+0x5:11,+0x2:9,+0x6:5	exact:169
143	0x1a480d-0x1a4a91	143	0x1a480d-0x1a4a91	intra_block	169	169	337:10,340:10,215:7,66:7,307:7,333:6,18:6,28:6	337:10,340:10,215:7,66:7,307:7,333:6,18:6,28:6	+0x4:102,+0x3:41,+0x5:11,+0x2:9,+0x6:6	exact:169
47	0x11c407-0x11c682	47	0x11c407-0x11c682	intra_block	168	168	347:8,28:8,297:7,258:7,215:7,333:7,114:7,185:6	347:8,28:8,297:7,258:7,215:7,333:7,114:7,185:6	+0x4:104,+0x3:41,+0x5:10,+0x2:9,+0x6:4	exact:168
96	0x128df5-0x12906f	96	0x128df5-0x12906f	intra_block	168	168	307:9,18:8,340:8,114:7,215:7,64:6,347:6,199:5	307:9,18:8,340:8,114:7,215:7,64:6,347:6,199:5	+0x4:105,+0x3:41,+0x2:9,+0x5:9,+0x6:4	exact:168
292	0x31ba3d-0x31bbf9	292	0x31ba3d-0x31bbf9	intra_block	168	114	18:10,183:7,37:6,220:6,256:6,297:6,157:6,239:5	18:10,183:7,37:6,220:6,256:6,297:6,157:6,239:5	+0x4:67,+0x5:32,+0x2:28,+0x3:27,+0x6:14	exact:168
299	0x31c7a7-0x31c963	299	0x31c7a7-0x31c963	intra_block	168	114	66:11,173:11,253:6,220:6,347:6,258:6,124:6,215:5	66:11,173:11,253:6,220:6,347:6,258:6,124:6,215:5	+0x4:67,+0x5:32,+0x2:28,+0x3:27,+0x6:14	exact:168
350	0x335bf9-0x335e75	350	0x335bf9-0x335e75	intra_block	168	168	337:9,18:8,172:7,307:7,189:7,185:7,64:7,258:6	337:9,18:8,172:7,307:7,189:7,185:7,64:7,258:6	+0x4:104,+0x3:41,+0x2:9,+0x5:9,+0x6:5	exact:168
447	0x3613bb-0x361577	447	0x3613bb-0x361577	intra_block	168	114	337:8,124:8,198:7,352:7,268:6,237:6,291:6,114:6	337:8,124:8,198:7,352:7,268:6,237:6,291:6,114:6	+0x4:67,+0x5:32,+0x2:28,+0x3:27,+0x6:14	exact:168
457	0x362b2a-0x362ce6	457	0x362b2a-0x362ce6	intra_block	168	114	108:10,18:9,189:8,333:7,239:6,319:6,168:6,171:5	108:10,18:9,189:8,333:7,239:6,319:6,168:6,337:5	+0x4:67,+0x5:32,+0x2:28,+0x3:27,+0x6:14	exact:168
482	0x367e96-0x368052	482	0x367e96-0x368052	intra_block	168	114	64:11,269:9,268:9,200:6,354:5,28:5,281:5,160:5	64:11,269:9,268:9,200:6,28:5,281:5,160:5,18:5	+0x4:67,+0x5:32,+0x2:28,+0x3:27,+0x6:14	exact:168
486	0x3686c7-0x368944	486	0x3686c7-0x368944	intra_block	168	168	18:9,189:8,66:8,114:7,340:7,215:6,258:6,196:5	18:9,189:8,66:8,114:7,340:7,215:6,258:6,184:6	+0x4:103,+0x3:41,+0x5:10,+0x2:9,+0x6:5	exact:168
510	0x36c118-0x36c395	510	0x36c118-0x36c395	intra_block	168	168	215:12,347:8,337:7,64:7,258:7,174:6,243:5,297:5	215:12,347:8,337:7,64:7,258:7,174:6,243:5,297:5	+0x4:103,+0x3:41,+0x5:10,+0x2:9,+0x6:5	exact:168
331	0x3326b7-0x33292f	331	0x3326b7-0x33292f	intra_block	167	167	168:8,18:8,347:8,258:7,185:7,307:6,297:6,28:6	168:8,18:8,347:8,258:7,185:7,307:6,297:6,28:6	+0x4:103,+0x3:41,+0x2:9,+0x5:9,+0x6:5	exact:167
366	0x3391ba-0x339432	366	0x3391ba-0x339432	intra_block	167	167	64:10,307:8,340:7,199:7,189:6,28:6,174:6,43:5	64:10,307:8,340:7,199:7,189:6,28:6,174:6,43:5	+0x4:103,+0x3:41,+0x2:9,+0x5:9,+0x6:5	exact:167
4	0xd1010-0xd1284	4	0xd1010-0xd1284	intra_block	166	166	340:11,18:10,258:7,199:7,337:6,114:6,189:6,347:5	340:11,18:10,258:7,199:7,337:6,114:6,189:6,347:5	+0x4:101,+0x3:41,+0x5:11,+0x2:9,+0x6:4	exact:166
357	0x3369fc-0x336c68	357	0x3369fc-0x336c68	intra_block	164	164	258:10,28:8,215:8,114:6,66:6,337:5,168:5,64:5	258:10,28:8,215:8,114:6,66:6,337:5,168:5,64:5	+0x4:101,+0x3:40,+0x5:10,+0x2:9,+0x6:4	exact:164
397	0x33f278-0x33f4e7	397	0x33f278-0x33f4e7	intra_block	164	164	347:8,18:7,185:7,337:7,258:6,189:6,307:6,64:6	347:8,18:7,185:7,337:7,258:6,189:6,307:6,64:6	+0x4:102,+0x3:40,+0x5:9,+0x2:8,+0x6:5	exact:164
504	0x36b374-0x36b386	504	0x36b374-0x36b386	intra_block	164	4	196:41,258:41,185:41,0:41	258:41,185:41,0:41,352:41	+0x4:82,+0x3:41,+0x5:41	exact:164
54	0x11d6b0-0x11d91b	54	0x11d6b0-0x11d91b	intra_block	163	163	347:9,28:9,114:8,18:6,340:6,307:5,196:5,297:5	347:9,28:9,114:8,18:6,340:6,307:5,196:5,297:5	+0x4:99,+0x3:41,+0x5:10,+0x2:8,+0x6:5	exact:163
338	0x3334ba-0x333722	338	0x3334ba-0x333722	intra_block	163	163	189:10,199:8,64:6,28:6,114:6,185:6,168:5,215:5	189:10,199:8,64:6,28:6,114:6,185:6,168:5,215:5	+0x4:100,+0x3:40,+0x5:10,+0x2:9,+0x6:4	exact:163
373	0x339fbd-0x33a225	373	0x339fbd-0x33a225	intra_block	163	163	189:11,337:10,297:9,185:7,18:6,287:6,66:6,168:6	189:11,337:10,297:9,185:7,18:6,287:6,66:6,168:6	+0x4:100,+0x3:40,+0x5:10,+0x2:9,+0x6:4	exact:163
74	0x120b02-0x120d67	74	0x120b02-0x120d67	intra_block	162	162	18:7,340:7,64:7,258:6,215:6,157:6,297:6,189:6	18:7,340:7,64:7,258:6,215:6,157:6,297:6,189:6	+0x4:99,+0x3:41,+0x5:10,+0x2:8,+0x6:4	exact:162
95	0x128b80-0x128de7	95	0x128b80-0x128de7	intra_block	162	162	189:9,28:8,347:7,66:7,340:7,185:6,333:5,243:5	189:9,28:8,347:7,66:7,340:7,185:6,333:5,243:5	+0x4:100,+0x3:40,+0x5:9,+0x2:8,+0x6:5	exact:162
284	0x316020-0x316287	284	0x316020-0x316287	intra_block	162	162	340:9,347:8,297:7,66:7,189:6,114:6,337:6,18:5	340:9,347:8,297:7,66:7,189:6,114:6,161:6,337:6	+0x4:100,+0x3:40,+0x5:9,+0x2:8,+0x6:5	exact:162
352	0x3360c1-0x336329	352	0x3360c1-0x336329	intra_block	162	162	66:9,114:9,189:8,346:6,28:6,333:5,258:5,196:5	66:9,114:9,189:8,346:6,28:6,333:5,258:5,196:5	+0x4:100,+0x3:40,+0x2:8,+0x5:8,+0x6:6	exact:162
99	0x170b4f-0x170db1	99	0x170b4f-0x170db1	intra_block	161	161	199:9,347:9,258:7,340:7,18:6,174:6,307:5,64:5	199:9,347:9,258:7,340:7,18:6,174:6,307:5,64:5	+0x4:100,+0x3:40,+0x2:8,+0x5:8,+0x6:5	exact:161
104	0x1717b5-0x171a17	104	0x1717b5-0x171a17	intra_block	161	161	199:10,347:8,189:8,64:7,337:7,196:6,66:6,185:6	199:10,347:8,189:8,64:7,337:7,196:6,66:6,185:6	+0x4:100,+0x3:40,+0x2:8,+0x5:8,+0x6:5	exact:161
114	0x173051-0x1732b3	114	0x173051-0x1732b3	intra_block	161	161	64:8,66:8,347:7,199:6,258:6,28:6,18:5,340:5	64:8,66:8,347:7,199:6,258:6,28:6,18:5,340:5	+0x4:100,+0x3:40,+0x2:8,+0x5:8,+0x6:5	exact:161
119	0x173cb7-0x173f19	119	0x173cb7-0x173f19	intra_block	161	161	199:9,18:8,258:7,307:7,347:7,340:7,64:7,114:6	199:9,18:8,258:7,307:7,347:7,340:7,64:7,114:6	+0x4:100,+0x3:40,+0x2:8,+0x5:8,+0x6:5	exact:161
163	0x1ecb73-0x1ecdd5	163	0x1ecb73-0x1ecdd5	intra_block	161	161	337:8,66:8,258:8,114:7,340:7,28:6,199:5,18:5	337:8,66:8,258:8,114:7,340:7,28:6,199:5,18:5	+0x4:100,+0x3:40,+0x2:8,+0x5:8,+0x6:5	exact:161
333	0x332b7f-0x332de3	333	0x332b7f-0x332de3	intra_block	161	161	340:11,215:10,66:9,346:7,203:6,185:6,347:6,189:6	340:11,215:10,66:9,346:7,203:6,185:6,347:6,189:6	+0x4:99,+0x3:40,+0x2:8,+0x5:8,+0x6:6	exact:161
368	0x339682-0x3398e6	368	0x339682-0x3398e6	intra_block	161	161	340:9,307:7,66:7,18:7,28:7,347:7,114:7,337:6	340:9,307:7,66:7,18:7,28:7,347:7,114:7,337:6	+0x4:99,+0x3:40,+0x2:8,+0x5:8,+0x6:6	exact:161
6	0xd3fac-0xd420b	6	0xd3fac-0xd420b	intra_block	160	160	114:9,64:8,189:8,297:7,28:7,18:6,43:5,258:5	114:9,64:8,189:8,297:7,28:7,18:6,43:5,258:5	+0x4:98,+0x3:40,+0x5:9,+0x2:8,+0x6:5	exact:160
442	0x3603af-0x36060a	442	0x3603af-0x36060a	intra_block	158	158	258:8,340:7,199:6,347:6,185:6,114:6,297:6,196:5	258:8,340:7,199:6,347:6,185:6,114:6,297:6,196:5	+0x4:98,+0x3:39,+0x5:8,+0x2:7,+0x6:6	exact:158
70	0x11ef65-0x11f1b9	70	0x11ef65-0x11f1b9	intra_block	157	157	114:8,189:7,297:7,28:6,337:6,43:6,160:5,66:5	114:8,189:7,297:7,28:6,337:6,43:6,160:5,66:5	+0x4:77,+0x3:34,+0x5:22,+0x2:18,+0x6:6	exact:157
235	0x30fa19-0x30fc65	235	0x30fa19-0x30fc65	intra_block	156	156	347:11,199:9,18:7,307:7,28:6,340:5,337:5,333:5	347:11,199:9,18:7,307:7,28:6,340:5,337:5,333:5	+0x4:100,+0x3:39,+0x2:7,+0x5:7,+0x6:3	exact:156
479	0x367713-0x367725	479	0x367713-0x367725	intra_block	156	4	114:39,297:39,168:39,326:39	297:39,168:39,326:39,108:39	+0x4:78,+0x3:39,+0x5:39	exact:156
78	0x121443-0x121690	78	0x121443-0x121690	intra_block	155	155	215:9,337:8,189:8,114:7,199:7,66:6,185:5,315:5	215:9,337:8,189:8,114:7,199:7,66:6,185:5,315:5	+0x4:96,+0x3:39,+0x5:8,+0x2:7,+0x6:5	exact:155
166	0x1ed237-0x1ed483	166	0x1ed237-0x1ed483	intra_block	155	155	258:8,114:8,66:8,199:6,340:6,157:5,347:5,243:5	258:8,114:8,66:8,199:6,340:6,157:5,347:5,243:5	+0x4:94,+0x3:39,+0x5:9,+0x2:8,+0x6:5	exact:155
126	0x176ea5-0x1770e9	126	0x176ea5-0x1770e9	intra_block	154	154	64:10,307:8,157:7,114:7,297:7,258:6,28:6,337:5	64:10,307:8,157:7,114:7,297:7,258:6,28:6,337:5	+0x4:98,+0x3:39,+0x2:7,+0x5:7,+0x6:3	exact:154
398	0x33f4f1-0x33f6e0	398	0x33f4f1-0x33f6e0	intra_block	154	129	347:12,196:9,28:8,345:7,185:6,157:6,354:6,189:5	347:12,196:9,28:8,345:7,185:6,157:6,52:6,189:5	+0x4:86,+0x3:31,+0x2:16,+0x6:11,+0x5:10	exact:154
535	0x36fee2-0x370127	535	0x36fee2-0x370127	intra_block	152	152	28:7,199:6,337:6,268:6,189:6,66:6,347:6,340:6	28:7,199:6,337:6,268:6,189:6,66:6,347:6,340:6	+0x4:94,+0x3:38,+0x5:9,+0x2:6,+0x6:5	exact:152
346	0x335414-0x3355d0	346	0x335414-0x3355d0	intra_block	150	114	340:8,183:6,49:6,268:6,345:6,66:5,144:5,18:5	340:8,183:6,49:6,268:6,345:6,66:5,144:5,18:5	+0x4:60,+0x5:29,+0x2:25,+0x3:24,+0x6:12	exact:150
349	0x3359b9-0x335bef	349	0x3359b9-0x335bef	intra_block	150	150	66:12,28:8,347:7,189:7,43:6,33:6,337:6,340:6	66:12,28:8,347:7,189:7,43:6,33:6,337:6,340:6	+0x4:97,+0x3:38,+0x2:6,+0x5:6,+0x6:3	exact:150
351	0x335e7f-0x3360b7	351	0x335e7f-0x3360b7	intra_block	150	150	337:7,114:7,297:7,340:7,203:6,18:6,215:5,28:5	337:7,114:7,297:7,340:7,203:6,18:6,215:5,28:5	+0x4:96,+0x3:38,+0x2:6,+0x5:6,+0x6:4	exact:150
407	0x340953-0x340b0f	407	0x340953-0x340b0f	intra_block	150	114	66:9,43:9,253:8,189:7,199:6,183:5,269:5,354:4	66:9,43:9,253:8,189:7,199:6,183:5,269:5,198:4	+0x4:60,+0x5:29,+0x2:25,+0x3:24,+0x6:12	exact:150
418	0x342205-0x3423c1	418	0x342205-0x3423c1	intra_block	150	114	199:6,108:6,215:5,43:5,220:5,18:4,66:4,37:4	199:6,108:6,215:5,43:5,220:5,18:4,66:4,37:4	+0x4:60,+0x5:29,+0x2:25,+0x3:24,+0x6:12	exact:150
424	0x342f66-0x343122	424	0x342f66-0x343122	intra_block	150	114	180:7,108:7,337:7,160:6,330:6,43:5,18:5,140:5	180:7,108:7,337:7,160:6,330:6,43:5,18:5,140:5	+0x4:60,+0x5:29,+0x2:25,+0x3:24,+0x6:12	exact:150
429	0x343a8a-0x343cc1	429	0x343a8a-0x343cc1	intra_block	150	150	340:10,64:8,185:7,28:6,66:6,337:5,215:5,297:5	340:10,64:8,185:7,28:6,66:6,337:5,215:5,297:5	+0x4:96,+0x3:38,+0x5:7,+0x2:6,+0x6:3	exact:150
436	0x34487f-0x344ab8	436	0x34487f-0x344ab8	intra_block	150	150	64:8,28:7,189:6,114:6,18:6,185:6,333:5,307:5	64:8,28:7,189:6,114:6,18:6,185:6,333:5,307:5	+0x4:95,+0x3:38,+0x5:7,+0x2:6,+0x6:4	exact:150
437	0x344ac2-0x344cfb	437	0x344ac2-0x344cfb	intra_block	150	150	189:7,258:7,28:7,66:6,199:6,114:6,64:5,168:5	189:7,258:7,28:7,66:6,199:6,114:6,64:5,168:5	+0x4:95,+0x3:38,+0x5:7,+0x2:6,+0x6:4	exact:150
438	0x344d05-0x344f3e	438	0x344d05-0x344f3e	intra_block	150	150	28:10,337:10,64:7,347:6,307:6,168:5,18:5,43:5	28:10,337:10,64:7,347:6,307:6,168:5,18:5,43:5	+0x4:95,+0x3:38,+0x5:7,+0x2:6,+0x6:4	exact:150
439	0x344f48-0x345181	439	0x344f48-0x345181	intra_block	150	150	28:9,337:7,64:7,189:6,18:6,66:6,340:6,114:5	28:9,337:7,64:7,189:6,18:6,66:6,340:6,114:5	+0x4:95,+0x3:38,+0x5:7,+0x2:6,+0x6:4	exact:150
451	0x361bea-0x361e22	451	0x361bea-0x361e22	intra_block	150	150	28:9,340:8,64:7,199:7,196:6,307:6,26:5,215:5	28:9,340:8,64:7,199:7,196:6,307:6,26:5,215:5	+0x4:96,+0x3:38,+0x2:6,+0x5:6,+0x6:4	exact:150
461	0x363359-0x363591	461	0x363359-0x363591	intra_block	150	150	337:11,189:8,199:8,307:7,18:6,258:6,64:6,243:5	337:11,189:8,199:8,307:7,18:6,258:6,64:6,243:5	+0x4:96,+0x3:38,+0x2:6,+0x5:6,+0x6:4	exact:150
468	0x364864-0x364a9c	468	0x364864-0x364a9c	intra_block	150	150	337:8,28:7,203:7,18:7,189:7,347:7,174:7,64:6	337:8,28:7,203:7,18:7,189:7,347:7,174:7,64:6	+0x4:96,+0x3:38,+0x2:6,+0x5:6,+0x6:4	exact:150
531	0x36f6af-0x36f86b	531	0x36f6af-0x36f86b	intra_block	150	114	18:6,189:6,79:5,297:5,198:5,165:4,30:4,144:4	18:6,189:6,79:5,297:5,198:5,30:4,144:4,317:4	+0x4:60,+0x5:29,+0x2:25,+0x3:24,+0x6:12	exact:150
547	0x370f18-0x371477			out_of_recovered	150	1	122:150	334:150	+0x5:150	exact:150
25	0xd73bc-0xd75f1	25	0xd73bc-0xd75f1	intra_block	149	149	347:9,185:8,66:6,189:6,18:6,340:6,28:6,158:6	347:9,185:8,158:7,66:6,189:6,18:6,340:6,28:6	+0x4:94,+0x3:38,+0x5:7,+0x2:6,+0x6:4	exact:149
33	0x11aeee-0x11b122	33	0x11aeee-0x11b122	intra_block	149	149	340:7,185:7,307:7,114:6,26:6,258:6,184:6,203:5	340:7,185:7,307:7,114:6,26:6,258:6,184:6,203:5	+0x4:95,+0x3:38,+0x2:6,+0x5:6,+0x6:4	exact:149
34	0x11b130-0x11b364	34	0x11b130-0x11b364	intra_block	149	149	340:9,114:7,337:7,28:6,172:6,307:6,18:5,189:5	340:9,114:7,337:7,28:6,172:6,307:6,18:5,189:5	+0x4:95,+0x3:38,+0x2:6,+0x5:6,+0x6:4	exact:149
35	0x11b372-0x11b5a6	35	0x11b372-0x11b5a6	intra_block	149	149	114:8,66:7,18:7,258:7,185:7,333:6,189:6,346:5	114:8,66:7,18:7,258:7,185:7,333:6,189:6,346:5	+0x4:95,+0x3:38,+0x2:6,+0x5:6,+0x6:4	exact:149
36	0x11b5b4-0x11b7e8	36	0x11b5b4-0x11b7e8	intra_block	149	149	215:9,347:8,337:8,64:7,66:7,203:6,297:6,189:6	215:9,347:8,337:8,64:7,66:7,203:6,297:6,189:6	+0x4:95,+0x3:38,+0x2:6,+0x5:6,+0x6:4	exact:149
37	0x11b7f6-0x11ba2a	37	0x11b7f6-0x11ba2a	intra_block	149	149	337:9,189:8,340:8,307:7,28:6,297:6,199:6,168:5	337:9,189:8,340:8,307:7,28:6,297:6,199:6,168:5	+0x4:95,+0x3:38,+0x2:6,+0x5:6,+0x6:4	exact:149
68	0x11eb9a-0x11edcf	68	0x11eb9a-0x11edcf	intra_block	149	149	258:8,347:7,18:7,340:7,28:6,337:6,123:6,307:5	258:8,347:7,18:7,340:7,28:6,337:6,123:6,307:5	+0x4:94,+0x3:38,+0x5:7,+0x2:6,+0x6:4	exact:149
84	0x121c91-0x121ec6	84	0x121c91-0x121ec6	intra_block	149	149	340:11,189:10,307:9,28:7,297:7,18:6,305:5,258:5	340:11,189:10,307:9,28:7,297:7,18:6,305:5,258:5	+0x4:94,+0x3:38,+0x5:7,+0x2:6,+0x6:4	exact:149
109	0x17241b-0x17264d	109	0x17241b-0x17264d	intra_block	149	149	66:9,114:7,347:7,189:6,185:6,43:5,307:5,28:5	66:9,114:7,347:7,189:6,185:6,43:5,307:5,28:5	+0x4:96,+0x3:38,+0x2:6,+0x5:6,+0x6:3	exact:149
321	0x31ec78-0x31eead	321	0x31ec78-0x31eead	intra_block	149	149	64:9,18:7,157:7,307:7,347:7,114:6,337:5,243:5	64:9,18:7,157:7,307:7,347:7,114:6,161:6,337:5	+0x4:94,+0x3:38,+0x5:7,+0x2:6,+0x6:4	exact:149
322	0x31eebb-0x31f0f0	322	0x31eebb-0x31f0f0	intra_block	149	149	66:8,258:7,340:7,199:7,337:6,28:6,172:5,114:5	66:8,258:7,340:7,199:7,337:6,28:6,172:5,114:5	+0x4:94,+0x3:38,+0x5:7,+0x2:6,+0x6:4	exact:149
330	0x332477-0x3326a9	330	0x332477-0x3326a9	intra_block	149	149	114:8,18:7,64:7,123:7,340:6,347:6,199:6,185:5	114:8,123:8,18:7,64:7,340:6,347:6,199:6,185:5	+0x4:96,+0x3:38,+0x2:6,+0x5:6,+0x6:3	exact:149
332	0x33293d-0x332b71	332	0x33293d-0x332b71	intra_block	149	149	297:8,64:8,114:8,189:6,199:6,337:6,168:5,28:5	297:8,64:8,114:8,189:6,199:6,337:6,168:5,28:5	+0x4:95,+0x3:38,+0x2:6,+0x5:6,+0x6:4	exact:149
365	0x338f7a-0x3391ac	365	0x338f7a-0x3391ac	intra_block	149	149	347:11,64:7,185:7,297:6,28:6,196:6,307:6,157:5	347:11,64:7,185:7,297:6,28:6,196:6,307:6,157:5	+0x4:96,+0x3:38,+0x2:6,+0x5:6,+0x6:3	exact:149
367	0x339440-0x339674	367	0x339440-0x339674	intra_block	149	149	189:10,28:9,114:6,307:6,337:6,258:5,199:5,297:5	189:10,28:9,114:6,307:6,337:6,258:5,199:5,297:5	+0x4:95,+0x3:38,+0x2:6,+0x5:6,+0x6:4	exact:149
228	0x30e872-0x30ea96	228	0x30e872-0x30ea96	intra_block	145	145	199:8,340:7,43:7,258:7,337:7,28:6,189:6,185:6	199:8,340:7,43:7,258:7,337:7,28:6,189:6,185:6	+0x4:95,+0x3:37,+0x2:5,+0x5:5,+0x6:3	exact:145
283	0x315df3-0x316016	283	0x315df3-0x316016	intra_block	145	145	258:10,185:8,18:8,64:6,157:6,307:6,337:6,176:6	258:10,185:8,18:8,64:6,157:6,307:6,337:6,176:6	+0x4:93,+0x3:37,+0x2:6,+0x5:6,+0x6:3	exact:145
24	0xd718e-0xd73ae	24	0xd718e-0xd73ae	intra_block	144	144	64:9,114:8,43:7,199:6,347:6,18:6,185:5,66:5	64:9,114:8,43:7,199:6,347:6,18:6,174:6,185:5	+0x4:94,+0x3:37,+0x2:5,+0x5:5,+0x6:3	exact:144
94	0x128952-0x128b72	94	0x128952-0x128b72	intra_block	144	144	185:9,340:8,64:7,347:7,66:7,258:6,307:6,161:6	185:9,340:8,64:7,347:7,66:7,258:6,307:6,161:6	+0x4:94,+0x3:37,+0x2:5,+0x5:5,+0x6:3	exact:144
123	0x176883-0x176aa5	123	0x176883-0x176aa5	intra_block	144	144	28:9,347:8,340:8,258:8,199:7,114:7,196:6,66:6	28:9,347:8,340:8,258:8,199:7,114:7,196:6,66:6	+0x4:93,+0x3:37,+0x2:5,+0x5:5,+0x6:4	exact:144
136	0x18b66f-0x18b88f	136	0x18b66f-0x18b88f	intra_block	144	144	337:8,18:8,307:7,340:7,215:6,347:6,114:6,346:5	337:8,18:8,307:7,340:7,215:6,347:6,114:6,346:5	+0x4:94,+0x3:37,+0x2:5,+0x5:5,+0x6:3	exact:144
141	0x18c088-0x18c2a6	141	0x18c088-0x18c2a6	intra_block	144	144	114:9,66:8,315:7,258:7,337:6,172:5,64:5,157:5	114:9,66:8,315:7,258:7,337:6,172:5,64:5,157:5	+0x4:93,+0x3:37,+0x2:6,+0x5:5,+0x6:3	exact:144
229	0x30eaa0-0x30ecc1	229	0x30eaa0-0x30ecc1	intra_block	144	144	114:8,340:7,189:7,185:7,66:6,18:6,315:5,297:5	114:8,340:7,189:7,185:7,66:6,18:6,315:5,297:5	+0x4:93,+0x3:37,+0x5:6,+0x2:5,+0x6:3	exact:144
239	0x31021c-0x31043c	239	0x31021c-0x31043c	intra_block	144	144	337:10,18:7,114:6,66:6,64:6,307:6,189:5,185:5	337:10,18:7,114:6,66:6,64:6,307:6,189:5,185:5	+0x4:94,+0x3:37,+0x2:5,+0x5:5,+0x6:3	exact:144
285	0x316291-0x3164b1	285	0x316291-0x3164b1	intra_block	144	144	28:8,18:7,337:7,189:7,64:6,287:6,307:6,114:6	28:8,18:7,337:7,189:7,64:6,287:6,307:6,114:6	+0x4:94,+0x3:37,+0x2:5,+0x5:5,+0x6:3	exact:144
440	0x34518b-0x3453ab	440	0x34518b-0x3453ab	intra_block	144	144	258:10,199:7,18:7,64:7,28:6,172:5,297:5,268:5	258:10,199:7,18:7,64:7,28:6,172:5,297:5,268:5	+0x4:94,+0x3:37,+0x2:5,+0x5:5,+0x6:3	exact:144
443	0x360614-0x360834	443	0x360614-0x360834	intra_block	144	144	337:11,66:7,185:7,347:7,28:6,340:6,297:6,20:6	337:11,66:7,185:7,347:7,28:6,340:6,297:6,20:6	+0x4:94,+0x3:37,+0x2:5,+0x5:5,+0x6:3	exact:144
452	0x361e2c-0x36204c	452	0x361e2c-0x36204c	intra_block	144	144	258:11,307:11,189:8,199:5,268:5,33:5,185:5,43:5	258:11,307:11,189:8,199:5,268:5,33:5,185:5,43:5	+0x4:94,+0x3:37,+0x2:5,+0x5:5,+0x6:3	exact:144
462	0x36359b-0x3637bb	462	0x36359b-0x3637bb	intra_block	144	144	189:8,114:8,168:7,28:7,66:6,337:6,307:5,287:5	189:8,114:8,168:7,28:7,66:6,337:6,158:6,307:5	+0x4:94,+0x3:37,+0x2:5,+0x5:5,+0x6:3	exact:144
50	0x11cd05-0x11cf21	50	0x11cd05-0x11cf21	intra_block	143	143	18:10,114:10,337:7,199:6,196:6,297:6,305:5,258:5	18:10,114:10,337:7,199:6,196:6,297:6,305:5,258:5	+0x4:93,+0x3:37,+0x2:5,+0x5:5,+0x6:3	exact:143
67	0x11e970-0x11eb8c	67	0x11e970-0x11eb8c	intra_block	143	143	64:11,199:8,189:8,307:6,340:6,28:5,18:5,215:5	64:11,199:8,189:8,307:6,340:6,28:5,18:5,215:5	+0x4:93,+0x3:37,+0x2:5,+0x5:5,+0x6:3	exact:143
100	0x170dbf-0x170fdb	100	0x170dbf-0x170fdb	intra_block	143	143	185:10,347:9,64:9,337:7,158:7,297:6,189:6,157:5	185:10,347:9,64:9,337:7,158:7,297:6,189:6,157:5	+0x4:93,+0x3:37,+0x2:5,+0x5:5,+0x6:3	exact:143
101	0x170fe9-0x171205	101	0x170fe9-0x171205	intra_block	143	143	64:9,337:9,18:7,157:7,114:6,347:5,185:5,307:5	64:9,337:9,18:7,157:7,114:6,347:5,185:5,307:5	+0x4:93,+0x3:37,+0x2:5,+0x5:5,+0x6:3	exact:143
105	0x171a25-0x171c41	105	0x171a25-0x171c41	intra_block	143	143	337:8,340:7,64:7,158:7,297:6,18:6,28:6,307:5	337:8,340:7,64:7,158:7,297:6,18:6,28:6,307:5	+0x4:93,+0x3:37,+0x2:5,+0x5:5,+0x6:3	exact:143
106	0x171c4f-0x171e6b	106	0x171c4f-0x171e6b	intra_block	143	143	114:8,337:8,215:7,189:7,18:7,347:7,307:6,157:5	114:8,337:8,215:7,189:7,18:7,347:7,307:6,157:5	+0x4:93,+0x3:37,+0x2:5,+0x5:5,+0x6:3	exact:143
110	0x17265b-0x172877	110	0x17265b-0x172877	intra_block	143	143	28:11,189:9,307:7,258:6,176:6,185:5,114:5,337:5	28:11,189:9,307:7,258:6,176:6,185:5,114:5,337:5	+0x4:93,+0x3:37,+0x2:5,+0x5:5,+0x6:3	exact:143
111	0x172885-0x172aa1	111	0x172885-0x172aa1	intra_block	143	143	18:10,258:9,64:7,43:6,307:6,215:6,340:6,174:6	18:10,258:9,64:7,174:7,43:6,307:6,215:6,340:6	+0x4:93,+0x3:37,+0x2:5,+0x5:5,+0x6:3	exact:143
115	0x1732c1-0x1734dd	115	0x1732c1-0x1734dd	intra_block	143	143	258:8,199:8,64:8,215:7,189:7,114:6,18:6,158:6	258:8,199:8,64:8,215:7,189:7,114:6,18:6,158:6	+0x4:93,+0x3:37,+0x2:5,+0x5:5,+0x6:3	exact:143
116	0x1734eb-0x173707	116	0x1734eb-0x173707	intra_block	143	143	114:9,28:8,64:8,185:7,18:7,33:6,123:6,340:5	114:9,28:8,64:8,185:7,18:7,33:6,123:6,340:5	+0x4:93,+0x3:37,+0x2:5,+0x5:5,+0x6:3	exact:143
120	0x173f27-0x174143	120	0x173f27-0x174143	intra_block	143	143	189:8,18:8,114:7,203:7,337:7,185:6,66:5,307:5	189:8,18:8,114:7,203:7,337:7,185:6,66:5,307:5	+0x4:93,+0x3:37,+0x2:5,+0x5:5,+0x6:3	exact:143
121	0x174151-0x17436d	121	0x174151-0x17436d	intra_block	143	143	28:8,258:7,189:6,64:6,66:6,123:6,307:5,337:5	28:8,258:7,189:6,64:6,66:6,123:6,307:5,337:5	+0x4:93,+0x3:37,+0x2:5,+0x5:5,+0x6:3	exact:143
164	0x1ecde3-0x1ecfff	164	0x1ecde3-0x1ecfff	intra_block	143	143	114:8,340:7,258:7,28:6,18:6,199:6,185:6,196:5	114:8,340:7,258:7,28:6,18:6,199:6,185:6,196:5	+0x4:93,+0x3:37,+0x2:5,+0x5:5,+0x6:3	exact:143
165	0x1ed00d-0x1ed229	165	0x1ed00d-0x1ed229	intra_block	143	143	258:9,64:7,18:6,66:6,185:5,168:5,347:5,199:5	258:9,64:7,18:6,66:6,185:5,168:5,347:5,199:5	+0x4:93,+0x3:37,+0x2:5,+0x5:5,+0x6:3	exact:143
224	0x2c023e-0x2c045a	224	0x2c023e-0x2c045a	intra_block	143	143	114:8,258:8,28:7,66:6,307:6,168:6,64:6,161:6	114:8,258:8,28:7,66:6,307:6,168:6,64:6,161:6	+0x4:93,+0x3:37,+0x2:5,+0x5:5,+0x6:3	exact:143
302	0x31cd9a-0x31cfb6	302	0x31cd9a-0x31cfb6	intra_block	143	143	189:8,114:7,297:7,199:7,66:7,337:6,347:5,315:5	189:8,114:7,297:7,199:7,66:7,337:6,174:6,347:5	+0x4:93,+0x3:37,+0x2:5,+0x5:5,+0x6:3	exact:143
304	0x31d281-0x31d49d	304	0x31d281-0x31d49d	intra_block	143	143	337:8,189:8,18:7,258:7,28:6,196:5,66:5,185:5	337:8,189:8,18:7,258:7,28:6,196:5,66:5,185:5	+0x4:93,+0x3:37,+0x2:5,+0x5:5,+0x6:3	exact:143
306	0x31d768-0x31d984	306	0x31d768-0x31d984	intra_block	143	143	337:8,189:8,28:7,18:7,340:6,199:6,215:6,157:5	337:8,189:8,28:7,18:7,340:6,199:6,215:6,157:5	+0x4:93,+0x3:37,+0x2:5,+0x5:5,+0x6:3	exact:143
380	0x33c774-0x33c994	380	0x33c774-0x33c994	intra_block	143	143	28:10,114:9,337:7,347:7,307:6,268:5,18:5,66:4	28:10,114:9,337:7,347:7,307:6,268:5,18:5,66:4	+0x4:91,+0x3:37,+0x2:5,+0x6:5,+0x5:5	exact:143
534	0x36fcb6-0x36fed4	534	0x36fcb6-0x36fed4	intra_block	143	143	18:10,64:8,176:8,114:7,28:7,337:6,340:6,66:6	18:10,64:8,176:8,114:7,28:7,337:6,340:6,66:6	+0x4:92,+0x3:37,+0x2:5,+0x5:5,+0x6:4	exact:143
485	0x36849d-0x3686b9	485	0x36849d-0x3686b9	intra_block	142	142	189:8,64:7,66:7,258:7,199:5,185:5,114:5,184:5	189:8,64:7,66:7,258:7,199:5,185:5,114:5,184:5	+0x4:90,+0x3:37,+0x2:5,+0x6:5,+0x5:5	exact:142
509	0x36beee-0x36c10a	509	0x36beee-0x36c10a	intra_block	142	142	340:9,337:8,258:7,18:7,28:7,185:6,157:6,243:5	340:9,337:8,258:7,18:7,28:7,185:6,157:6,243:5	+0x4:90,+0x3:37,+0x2:5,+0x6:5,+0x5:5	exact:142
146	0x1a4dbb-0x1a4fc9	146	0x1a4dbb-0x1a4fc9	intra_block	138	138	297:10,28:7,258:6,123:6,144:4,337:4,114:4,189:4	297:10,28:7,258:6,123:6,144:4,337:4,114:4,189:4	+0x4:71,+0x3:31,+0x5:15,+0x2:14,+0x6:7	exact:138
542	0x370770-0x3707a0	542	0x370770-0x3707a0	intra_block	137	12	114:27,171:26,168:26,215:26,332:26,354:1,199:1,140:1	114:27,168:26,215:26,332:26,245:26,199:1,140:1,157:1	+0x4:80,+0x2:28,+0x3:27,+0x6:1,+0x5:1	exact:137
125	0x176c95-0x176e97	125	0x176c95-0x176e97	intra_block	136	136	307:9,340:9,337:8,28:8,185:7,114:6,157:5,189:5	307:9,340:9,337:8,28:8,185:7,114:6,157:5,189:5	+0x4:89,+0x3:36,+0x2:4,+0x5:4,+0x6:3	exact:136
134	0x17a05d-0x17a25f	134	0x17a05d-0x17a25f	intra_block	136	136	64:10,28:8,114:7,18:7,215:6,189:6,347:5,168:5	64:10,28:8,114:7,18:7,215:6,189:6,347:5,168:5	+0x4:89,+0x3:36,+0x2:4,+0x5:4,+0x6:3	exact:136
0	0xd0ac0-0xd0c75	0	0xd0ac0-0xd0c75	intra_block	135	115	114:8,168:8,43:7,347:6,66:6,64:5,18:5,354:5	114:8,168:8,43:7,347:6,66:6,64:5,18:5,273:5	+0x4:83,+0x3:28,+0x2:13,+0x5:8,+0x6:3	exact:135
294	0x31be84-0x31c005	294	0x31be84-0x31c005	intra_block	135	100	168:10,18:10,114:9,171:8,253:8,215:5,196:4,28:4	168:10,18:10,114:9,253:8,52:8,215:5,196:4,28:4	+0x4:58,+0x2:24,+0x3:23,+0x5:16,+0x6:14	exact:135
127	0x1770f7-0x1772fc	127	0x1770f7-0x1772fc	intra_block	134	134	189:8,168:6,185:5,157:5,307:5,199:4,172:4,215:4	189:8,168:6,185:5,157:5,307:5,199:4,172:4,215:4	+0x4:77,+0x3:27,+0x5:14,+0x2:10,+0x6:6	exact:134
10	0xd4897-0xd4a83	10	0xd4897-0xd4a83	intra_block	131	131	347:8,337:7,18:7,189:7,185:6,307:6,168:5,64:5	347:8,337:7,18:7,189:7,185:6,307:6,168:5,64:5	+0x4:87,+0x3:35,+0x2:4,+0x5:3,+0x6:2	exact:131
291	0x31b83d-0x31ba35	291	0x31b83d-0x31ba35	intra_block	130	130	337:5,307:5,157:5,3:4,144:4,203:4,108:4,180:3	337:5,307:5,157:5,3:4,144:4,203:4,108:4,180:3	+0x4:53,+0x5:29,+0x3:21,+0x2:20,+0x6:7	exact:130
298	0x31c5a7-0x31c79f	298	0x31c5a7-0x31c79f	intra_block	130	130	64:6,180:5,144:5,18:4,199:4,297:4,3:4,168:4	64:6,180:5,144:5,199:4,297:4,3:4,168:4,30:4	+0x4:53,+0x5:29,+0x3:21,+0x2:20,+0x6:7	exact:130
401	0x33fc02-0x33fdfa	401	0x33fc02-0x33fdfa	intra_block	130	130	269:5,144:5,189:5,268:4,257:4,43:4,66:4,3:4	269:5,144:5,189:5,268:4,257:4,43:4,66:4,3:4	+0x4:53,+0x5:29,+0x3:21,+0x2:20,+0x6:7	exact:130
456	0x36292a-0x362b22	456	0x36292a-0x362b22	intra_block	130	130	28:6,198:5,340:5,18:4,180:4,301:4,160:4,172:3	28:6,198:5,340:5,160:5,18:4,180:4,301:4,172:3	+0x4:53,+0x5:29,+0x3:21,+0x2:20,+0x6:7	exact:130
465	0x36406b-0x364264	465	0x36406b-0x364264	intra_block	130	130	18:7,114:5,28:5,257:4,79:4,352:4,340:4,157:3	18:7,28:5,114:4,257:4,79:4,352:4,340:4,157:3	+0x4:54,+0x5:29,+0x2:20,+0x3:20,+0x6:7	exact:130
22	0xd5b25-0xd5cfb	22	0xd5b25-0xd5cfb	intra_block	125	125	347:12,28:8,18:6,215:5,258:5,189:5,185:5,337:5	347:12,28:8,18:6,215:5,258:5,189:5,185:5,337:5	+0x4:84,+0x3:34,+0x2:3,+0x6:2,+0x5:2	exact:125
337	0x3332d1-0x3334ac	337	0x3332d1-0x3334ac	intra_block	125	125	347:8,199:6,18:5,307:5,189:4,160:4,114:4,184:4	347:8,199:6,18:5,307:5,189:4,160:4,114:4,184:4	+0x4:65,+0x3:29,+0x5:14,+0x2:12,+0x6:5	exact:125
356	0x336817-0x3369f2	356	0x336817-0x3369f2	intra_block	125	125	340:7,18:7,215:6,337:5,189:5,20:5,199:4,114:4	340:7,18:7,215:6,20:6,337:5,189:5,199:4,114:4	+0x4:65,+0x3:29,+0x5:14,+0x2:12,+0x6:5	exact:125
372	0x339dd4-0x339faf	372	0x339dd4-0x339faf	intra_block	125	125	114:9,340:6,18:5,199:5,66:5,347:5,158:5,297:4	114:9,340:6,18:5,199:5,66:5,347:5,158:5,297:4	+0x4:65,+0x3:29,+0x5:14,+0x2:12,+0x6:5	exact:125
548	0x371488-0x37158e			out_of_recovered	125	1	52:125	145:125	+0x5:125	exact:125
549	0x3716c7-0x371714			out_of_recovered	125	1	108:125	266:125	+0x2:125	exact:125
71	0x11f1c5-0x11f39b	71	0x11f1c5-0x11f39b	intra_block	124	124	340:8,307:7,66:7,347:6,114:6,215:5,26:5,258:5	340:8,307:7,66:7,347:6,114:6,215:5,26:5,258:5	+0x4:83,+0x3:34,+0x6:3,+0x2:2,+0x5:2	exact:124
124	0x176ab3-0x176c87	124	0x176ab3-0x176c87	intra_block	124	124	307:9,64:9,18:7,114:6,340:6,347:5,305:5,199:4	307:9,64:9,18:7,114:6,340:6,347:5,305:5,199:4	+0x4:84,+0x3:34,+0x2:2,+0x6:2,+0x5:2	exact:124
144	0x1a4a9f-0x1a4c73	144	0x1a4a9f-0x1a4c73	intra_block	124	124	307:6,64:6,337:6,258:6,185:5,28:5,347:5,18:5	307:6,64:6,337:6,258:6,185:5,28:5,347:5,18:5	+0x4:84,+0x3:34,+0x2:2,+0x6:2,+0x5:2	exact:124
13	0xd4cc7-0xd4e92	13	0xd4cc7-0xd4e92	intra_block	121	121	307:8,340:7,18:7,43:5,189:5,337:5,20:5,157:4	307:8,340:7,18:7,43:5,189:5,337:5,20:5,157:4	+0x4:81,+0x3:33,+0x6:3,+0x2:2,+0x5:2	exact:121
17	0xd522f-0xd53f8	17	0xd522f-0xd53f8	intra_block	121	121	114:11,18:10,64:8,307:7,268:5,337:5,28:4,43:4	114:11,18:10,64:8,307:7,268:5,337:5,28:4,43:4	+0x4:82,+0x3:33,+0x2:2,+0x6:2,+0x5:2	exact:121
175	0x2316bf-0x23188a	175	0x2316bf-0x23188a	intra_block	121	121	66:11,64:8,258:7,18:7,189:5,168:5,340:5,215:4	66:11,64:8,258:7,18:7,189:5,168:5,340:5,161:5	+0x4:83,+0x3:33,+0x6:2,+0x5:2,+0x2:1	exact:121
16	0xd5055-0xd521e	16	0xd5055-0xd521e	intra_block	120	120	189:11,28:7,114:6,215:6,315:5,185:5,66:4,258:4	189:11,28:7,114:6,215:6,315:5,185:5,66:4,258:4	+0x4:81,+0x3:33,+0x6:3,+0x5:2,+0x2:1	exact:120
26	0xd75ff-0xd77c8	26	0xd75ff-0xd77c8	intra_block	120	120	337:9,66:7,199:5,64:5,340:5,114:5,28:5,18:5	337:9,66:7,199:5,64:5,340:5,114:5,28:5,18:5	+0x4:81,+0x3:33,+0x6:3,+0x5:2,+0x2:1	exact:120
147	0x1a4fd7-0x1a519e	147	0x1a4fd7-0x1a519e	intra_block	120	120	64:10,307:8,28:6,199:6,347:6,340:5,333:5,215:5	64:10,307:8,28:6,199:6,347:6,340:5,333:5,215:5	+0x4:82,+0x3:33,+0x6:2,+0x5:2,+0x2:1	exact:120
153	0x1a57a1-0x1a5968	153	0x1a57a1-0x1a5968	intra_block	120	120	18:8,64:7,337:6,114:5,297:5,189:5,33:4,172:4	18:8,64:7,337:6,114:5,297:5,189:5,33:4,172:4	+0x4:82,+0x3:33,+0x6:2,+0x5:2,+0x2:1	exact:120
217	0x2bed5d-0x2bef26	217	0x2bed5d-0x2bef26	intra_block	120	120	64:10,258:8,297:7,199:7,66:6,333:6,168:5,315:4	64:10,258:8,297:7,199:7,66:6,333:6,168:5,315:4	+0x4:81,+0x3:33,+0x6:3,+0x5:2,+0x2:1	exact:120
204	0x292986-0x292b48	204	0x292986-0x292b48	intra_block	119	119	64:10,307:7,297:6,66:6,347:5,189:5,158:5,337:4	64:10,307:7,297:6,66:6,347:5,189:5,158:5,337:4	+0x4:82,+0x3:33,+0x6:2,+0x2:1,+0x5:1	exact:119
469	0x364aa6-0x364c68	469	0x364aa6-0x364c68	intra_block	119	119	337:9,18:9,64:6,340:6,185:5,66:5,123:5,33:4	337:9,18:9,64:6,340:6,185:5,66:5,123:5,33:4	+0x4:82,+0x3:33,+0x6:2,+0x2:1,+0x5:1	exact:119
52	0x11d215-0x11d3d3	52	0x11d215-0x11d3d3	intra_block	118	118	28:7,337:7,347:7,243:6,66:6,196:6,307:5,18:5	28:7,337:7,347:7,243:6,66:6,196:6,307:5,18:5	+0x4:81,+0x3:33,+0x6:2,+0x2:1,+0x5:1	exact:118
137	0x18b89d-0x18ba5b	137	0x18b89d-0x18ba5b	intra_block	118	118	28:8,347:8,66:7,189:6,18:6,114:6,199:5,307:4	28:8,347:8,66:7,189:6,18:6,114:6,199:5,307:4	+0x4:81,+0x3:33,+0x6:2,+0x2:1,+0x5:1	exact:118
140	0x18bebc-0x18c07a	140	0x18bebc-0x18c07a	intra_block	118	118	340:8,66:6,307:5,43:5,258:4,297:4,269:4,199:4	340:8,66:6,307:5,43:5,20:5,258:4,297:4,269:4	+0x4:63,+0x3:28,+0x5:12,+0x2:11,+0x6:4	exact:118
208	0x293233-0x293344	208	0x293233-0x293344	intra_block	118	71	114:8,18:8,168:7,243:7,196:6,64:6,340:6,28:6	114:8,18:8,168:7,243:7,196:6,64:6,340:6,28:6	+0x4:85,+0x3:29,+0x2:2,+0x6:1,+0x5:1	exact:118
286	0x3164bb-0x316672	286	0x3164bb-0x316672	intra_block	116	116	258:7,340:6,28:6,333:5,18:5,168:5,347:5,66:5	258:7,340:6,28:6,333:5,18:5,168:5,347:5,66:5	+0x4:80,+0x3:32,+0x6:2,+0x2:1,+0x5:1	exact:116
360	0x336f58-0x33710f	360	0x336f58-0x33710f	intra_block	116	116	199:9,114:8,189:6,307:6,43:5,347:5,258:5,18:4	199:9,114:8,189:6,307:6,43:5,347:5,258:5,18:4	+0x4:80,+0x3:32,+0x6:2,+0x2:1,+0x5:1	exact:116
381	0x33c99e-0x33cb55	381	0x33c99e-0x33cb55	intra_block	116	116	337:9,347:7,258:7,307:6,185:5,168:5,297:5,346:5	337:9,347:7,258:7,307:6,185:5,168:5,297:5,346:5	+0x4:80,+0x3:32,+0x6:2,+0x2:1,+0x5:1	exact:116
386	0x33d122-0x33d2d9	386	0x33d122-0x33d2d9	intra_block	116	116	297:8,337:7,114:7,189:6,33:5,347:5,18:5,172:5	297:8,337:7,114:7,189:6,33:5,347:5,18:5,172:5	+0x4:80,+0x3:32,+0x6:2,+0x2:1,+0x5:1	exact:116
441	0x3453b5-0x34556c	441	0x3453b5-0x34556c	intra_block	116	116	347:8,307:7,297:5,189:5,199:5,64:5,337:5,43:4	347:8,307:7,297:5,189:5,199:5,64:5,337:5,43:4	+0x4:80,+0x3:32,+0x6:2,+0x2:1,+0x5:1	exact:116
5	0xd1292-0xd1445	5	0xd1292-0xd1445	intra_block	115	115	66:7,185:7,18:6,258:6,28:5,337:5,43:5,114:5	66:7,185:7,18:6,258:6,28:5,337:5,43:5,114:5	+0x4:79,+0x3:32,+0x6:2,+0x2:1,+0x5:1	exact:115
7	0xd421c-0xd43cf	7	0xd421c-0xd43cf	intra_block	115	115	114:8,340:7,28:7,215:6,297:5,287:5,168:5,64:5	114:8,340:7,28:7,215:6,297:5,287:5,168:5,64:5	+0x4:79,+0x3:32,+0x6:2,+0x2:1,+0x5:1	exact:115
23	0xd5d09-0xd5ebc	23	0xd5d09-0xd5ebc	intra_block	115	115	64:8,185:8,347:8,66:7,189:6,28:5,176:5,305:4	64:8,185:8,347:8,66:7,189:6,28:5,176:5,305:4	+0x4:79,+0x3:32,+0x6:2,+0x2:1,+0x5:1	exact:115
31	0xdad86-0xdaf39	31	0xdad86-0xdaf39	intra_block	115	115	340:9,258:6,18:6,199:6,64:5,337:5,184:5,185:4	340:9,258:6,18:6,199:6,184:6,64:5,337:5,185:4	+0x4:79,+0x3:32,+0x6:2,+0x2:1,+0x5:1	exact:115
93	0x122c89-0x122e3c	93	0x122c89-0x122e3c	intra_block	115	115	114:8,28:7,189:6,64:6,18:5,340:5,307:5,176:5	114:8,28:7,189:6,64:6,18:5,340:5,307:5,176:5	+0x4:79,+0x3:32,+0x6:2,+0x2:1,+0x5:1	exact:115
122	0x17437b-0x17452e	122	0x17437b-0x17452e	intra_block	115	115	66:7,18:7,340:6,347:5,258:5,185:5,114:5,189:4	66:7,18:7,340:6,347:5,258:5,185:5,114:5,189:4	+0x4:79,+0x3:32,+0x6:2,+0x2:1,+0x5:1	exact:115
135	0x17a26d-0x17a420	135	0x17a26d-0x17a420	intra_block	115	115	18:11,64:9,189:8,258:7,66:7,346:6,215:5,123:5	18:11,64:9,189:8,258:7,66:7,346:6,215:5,123:5	+0x4:79,+0x3:32,+0x6:2,+0x2:1,+0x5:1	exact:115
142	0x18c2b4-0x18c467	142	0x18c2b4-0x18c467	intra_block	115	115	189:9,64:9,66:6,199:6,114:6,196:5,315:4,287:4	189:9,64:9,66:6,199:6,114:6,196:5,315:4,287:4	+0x4:79,+0x3:32,+0x6:2,+0x2:1,+0x5:1	exact:115
177	0x2319c1-0x231b74	177	0x2319c1-0x231b74	intra_block	115	115	189:9,18:7,307:6,347:6,215:5,258:5,123:5,168:4	189:9,18:7,307:6,347:6,215:5,258:5,123:5,168:4	+0x4:79,+0x3:32,+0x6:2,+0x2:1,+0x5:1	exact:115
323	0x31f0fe-0x31f2b1	323	0x31f0fe-0x31f2b1	intra_block	115	115	189:8,114:7,215:6,203:5,258:5,347:5,185:5,297:5	189:8,114:7,215:6,203:5,258:5,347:5,185:5,297:5	+0x4:79,+0x3:32,+0x6:2,+0x2:1,+0x5:1	exact:115
341	0x333a16-0x333bc9	341	0x333a16-0x333bc9	intra_block	115	115	114:6,215:6,33:6,189:6,18:6,185:6,340:5,64:5	114:6,215:6,33:6,189:6,18:6,185:6,340:5,64:5	+0x4:79,+0x3:32,+0x6:2,+0x2:1,+0x5:1	exact:115
376	0x33a519-0x33a6cc	376	0x33a519-0x33a6cc	intra_block	115	115	28:10,258:7,64:7,215:6,33:5,66:5,161:5,347:4	28:10,258:7,64:7,215:6,33:5,66:5,161:5,347:4	+0x4:79,+0x3:32,+0x6:2,+0x2:1,+0x5:1	exact:115
379	0x33c5b8-0x33c76a	379	0x33c5b8-0x33c76a	intra_block	115	115	189:7,28:5,158:5,66:4,64:4,215:4,347:4,340:4	189:7,28:5,158:5,66:4,64:4,215:4,347:4,340:4	+0x4:62,+0x3:27,+0x2:11,+0x5:11,+0x6:4	exact:115
426	0x3433ad-0x34355f	426	0x3433ad-0x34355f	intra_block	115	115	66:5,114:5,184:5,189:4,185:4,64:4,347:4,28:4	66:5,114:5,184:5,189:4,185:4,64:4,347:4,28:4	+0x4:62,+0x3:27,+0x2:11,+0x5:11,+0x6:4	exact:115
484	0x3682dd-0x36848f	484	0x3682dd-0x36848f	intra_block	115	115	114:7,185:6,18:5,340:5,28:4,347:4,158:4,83:3	114:7,185:6,18:5,340:5,28:4,347:4,158:4,83:3	+0x4:62,+0x3:27,+0x2:11,+0x5:11,+0x6:4	exact:115
502	0x369ee9-0x36a09c	502	0x369ee9-0x36a09c	intra_block	115	115	337:8,347:7,28:6,189:6,185:6,64:5,66:5,114:4	337:8,347:7,28:6,189:6,185:6,64:5,66:5,114:4	+0x4:79,+0x3:32,+0x6:2,+0x2:1,+0x5:1	exact:115
526	0x36d93a-0x36daed	526	0x36d93a-0x36daed	intra_block	115	115	337:9,243:8,18:8,114:7,185:6,64:5,28:5,189:4	337:9,243:8,18:8,114:7,185:6,64:5,28:5,189:4	+0x4:79,+0x3:32,+0x6:2,+0x2:1,+0x5:1	exact:115
533	0x36faf6-0x36fca8	533	0x36faf6-0x36fca8	intra_block	115	115	114:6,340:6,28:6,347:5,20:5,215:4,337:4,307:4	114:6,340:6,28:6,347:5,20:5,215:4,337:4,307:4	+0x4:62,+0x3:27,+0x2:11,+0x5:11,+0x6:4	exact:115
556	0x371e24-0x371fd7	556	0x371e24-0x371fd7	intra_block	115	115	340:10,189:6,28:5,66:5,307:5,114:5,199:5,176:5	340:10,189:6,28:5,66:5,307:5,114:5,199:5,176:5	+0x4:79,+0x3:32,+0x6:2,+0x2:1,+0x5:1	exact:115
92	0x122aca-0x122c7b	92	0x122aca-0x122c7b	intra_block	114	114	28:7,340:6,258:6,18:5,64:4,199:4,185:4,297:4	28:7,340:6,258:6,18:5,64:4,199:4,185:4,297:4	+0x4:59,+0x3:27,+0x5:12,+0x2:11,+0x6:5	exact:114
130	0x17777d-0x177930	130	0x17777d-0x177930	intra_block	113	113	26:6,196:5,64:5,315:5,157:5,28:4,258:4,307:4	26:6,196:5,64:5,315:5,157:5,28:4,258:4,307:4	+0x4:67,+0x3:24,+0x5:10,+0x2:8,+0x6:4	exact:113
237	0x30fd95-0x30ff42	237	0x30fd95-0x30ff42	intra_block	113	113	199:6,114:6,185:5,189:5,174:5,28:4,337:4,258:4	199:6,114:6,185:5,189:5,174:5,28:4,337:4,258:4	+0x4:61,+0x3:27,+0x5:10,+0x2:10,+0x6:5	exact:113
131	0x177940-0x177aeb	131	0x177940-0x177aeb	intra_block	112	112	28:6,18:5,347:5,43:4,64:4,258:4,215:4,114:4	28:6,18:5,347:5,64:4,258:4,215:4,114:4,337:4	+0x4:59,+0x3:26,+0x5:13,+0x2:10,+0x6:4	exact:112
301	0x31cbee-0x31cd8c	301	0x31cbee-0x31cd8c	intra_block	109	109	258:7,64:6,20:6,307:5,28:5,199:5,347:4,215:4	258:7,64:6,20:6,307:5,28:5,199:5,347:4,215:4	+0x4:58,+0x3:26,+0x2:10,+0x5:10,+0x6:5	exact:109
89	0x122474-0x122615	89	0x122474-0x122615	intra_block	108	108	258:10,185:5,333:5,18:4,33:4,243:4,268:4,157:4	258:10,185:5,333:5,18:4,33:4,243:4,268:4,157:4	+0x4:65,+0x3:23,+0x5:9,+0x2:7,+0x6:4	exact:108
152	0x1a5600-0x1a5793	152	0x1a5600-0x1a5793	intra_block	106	106	307:7,340:7,297:6,64:5,337:5,220:5,347:4,28:4	307:7,340:7,297:6,64:5,337:5,220:5,176:5,347:4	+0x4:56,+0x3:26,+0x5:11,+0x2:9,+0x6:4	exact:106
335	0x332f90-0x333123	335	0x332f90-0x333123	intra_block	106	106	337:7,64:7,258:6,161:6,144:5,66:5,28:5,18:5	337:7,64:7,161:6,144:5,66:5,28:5,18:5,258:5	+0x4:58,+0x3:25,+0x5:10,+0x2:9,+0x6:4	exact:106
354	0x3364d7-0x336669	354	0x3364d7-0x336669	intra_block	106	106	64:6,340:5,297:5,66:4,347:4,185:4,20:4,28:4	64:6,340:5,297:5,347:4,185:4,20:4,28:4,337:4	+0x4:57,+0x3:26,+0x5:10,+0x2:9,+0x6:4	exact:106
370	0x339a94-0x339c26	370	0x339a94-0x339c26	intra_block	106	106	158:6,340:5,64:5,297:5,337:5,215:5,28:4,161:4	158:7,340:5,64:5,297:5,337:5,215:5,28:4,161:4	+0x4:57,+0x3:26,+0x5:10,+0x2:9,+0x6:4	exact:106
488	0x368aa9-0x368c3b	488	0x368aa9-0x368c3b	intra_block	106	106	347:6,114:5,18:5,28:5,66:5,20:5,64:5,258:4	347:6,114:5,18:5,28:5,66:5,20:5,64:5,258:4	+0x4:57,+0x3:26,+0x5:10,+0x2:9,+0x6:4	exact:106
512	0x36c4fa-0x36c68c	512	0x36c4fa-0x36c68c	intra_block	106	106	114:7,258:6,199:5,297:5,176:5,340:4,215:4,66:3	114:7,258:6,199:5,297:5,176:5,340:4,215:4,66:3	+0x4:57,+0x3:26,+0x5:10,+0x2:9,+0x6:4	exact:106
61	0x11de9f-0x11e02d	61	0x11de9f-0x11e02d	intra_block	104	104	297:7,199:5,18:5,114:5,184:5,189:4,337:4,347:4	297:7,199:5,18:5,114:5,184:5,189:4,337:4,347:4	+0x4:53,+0x3:25,+0x5:13,+0x2:9,+0x6:4	exact:104
353	0x336333-0x3364c6	353	0x336333-0x3364c6	intra_block	104	104	64:6,157:5,66:5,199:4,114:4,305:4,185:4,268:4	64:6,157:5,66:5,199:4,114:4,305:4,185:4,268:4	+0x4:64,+0x3:22,+0x5:8,+0x2:6,+0x6:4	exact:104
355	0x336673-0x336806	355	0x336673-0x336806	intra_block	104	104	189:5,33:5,157:5,287:5,215:5,258:4,243:4,64:4	189:5,33:5,157:5,287:5,215:5,258:4,243:4,64:4	+0x4:64,+0x3:22,+0x5:8,+0x2:6,+0x6:4	exact:104
320	0x31eae4-0x31ec6a	320	0x31eae4-0x31ec6a	intra_block	103	103	337:7,297:6,28:5,189:5,340:5,307:4,123:4,157:3	337:7,297:6,28:5,189:5,340:5,307:4,123:4,157:3	+0x4:54,+0x3:26,+0x5:10,+0x2:9,+0x6:4	exact:103
334	0x332df1-0x332f80	334	0x332df1-0x332f80	intra_block	103	103	340:6,258:5,215:5,157:5,18:5,172:4,287:4,26:4	340:6,258:5,215:5,157:5,18:5,172:4,287:4,26:4	+0x4:63,+0x3:22,+0x5:8,+0x2:6,+0x6:4	exact:103
336	0x333131-0x3332c0	336	0x333131-0x3332c0	intra_block	103	103	258:7,185:6,297:6,203:5,33:4,157:4,337:4,28:4	258:7,185:6,297:6,203:5,33:4,157:4,337:4,28:4	+0x4:63,+0x3:22,+0x5:8,+0x2:6,+0x6:4	exact:103
340	0x333882-0x333a08	340	0x333882-0x333a08	intra_block	103	103	337:6,297:6,215:5,114:4,66:4,258:4,184:4,20:4	337:6,297:6,184:5,215:5,114:4,66:4,258:4,20:4	+0x4:54,+0x3:26,+0x5:10,+0x2:9,+0x6:4	exact:103
359	0x336dc8-0x336f4e	359	0x336dc8-0x336f4e	intra_block	103	103	340:7,64:5,337:5,297:5,18:5,258:4,66:4,307:3	340:7,64:5,337:5,297:5,18:5,258:4,66:4,307:3	+0x4:54,+0x3:26,+0x5:10,+0x2:9,+0x6:4	exact:103
369	0x3398f4-0x339a83	369	0x3398f4-0x339a83	intra_block	103	103	64:8,18:7,305:6,215:4,157:4,114:4,43:4,346:4	64:8,18:7,305:6,215:4,157:4,114:4,43:4,346:4	+0x4:63,+0x3:22,+0x5:8,+0x2:6,+0x6:4	exact:103
371	0x339c34-0x339dc3	371	0x339c34-0x339dc3	intra_block	103	103	168:8,337:6,297:5,199:5,33:4,268:4,307:4,64:4	168:8,337:6,297:5,199:5,33:4,268:4,307:4,64:4	+0x4:63,+0x3:22,+0x5:8,+0x2:6,+0x6:4	exact:103
375	0x33a385-0x33a50b	375	0x33a385-0x33a50b	intra_block	103	103	114:8,20:6,337:5,185:5,297:5,18:5,189:5,258:4	114:8,20:6,337:5,185:5,297:5,18:5,189:5,258:4	+0x4:54,+0x3:26,+0x5:10,+0x2:9,+0x6:4	exact:103
489	0x368c49-0x368dd8	489	0x368c49-0x368dd8	intra_block	103	103	297:6,64:5,258:4,43:4,340:4,268:4,66:4,305:4	297:6,64:5,258:4,43:4,340:4,268:4,66:4,305:4	+0x4:63,+0x3:22,+0x5:8,+0x2:6,+0x6:4	exact:103
513	0x36c69a-0x36c829	513	0x36c69a-0x36c829	intra_block	103	103	215:7,337:7,64:6,43:6,26:5,28:4,203:4,196:3	215:7,337:7,64:6,43:6,26:5,28:4,203:4,196:3	+0x4:63,+0x3:22,+0x5:8,+0x2:6,+0x6:4	exact:103
132	0x177af9-0x177c82	132	0x177af9-0x177c82	intra_block	102	102	64:6,28:6,337:5,346:4,196:4,243:4,168:4,307:4	64:6,28:6,337:5,346:4,196:4,243:4,168:4,307:4	+0x4:61,+0x3:22,+0x5:9,+0x2:6,+0x6:4	exact:102
8	0xd43e0-0xd4561	8	0xd43e0-0xd4561	intra_block	101	101	168:7,337:6,18:6,199:4,33:4,64:4,307:4,333:4	168:7,337:6,18:6,199:4,33:4,64:4,307:4,333:4	+0x4:63,+0x3:23,+0x5:8,+0x2:5,+0x6:2	exact:101
20	0xd564f-0xd57d4	20	0xd564f-0xd57d4	intra_block	101	101	64:6,185:5,297:5,347:4,168:4,203:4,337:3,43:3	64:6,185:5,297:5,347:4,168:4,203:4,337:3,43:3	+0x4:62,+0x3:22,+0x5:8,+0x2:6,+0x6:3	exact:101
382	0x33cb62-0x33cce1	382	0x33cb62-0x33cce1	intra_block	100	100	340:5,297:5,43:4,18:4,347:3,196:3,199:3,26:3	340:5,297:5,43:4,18:4,347:3,196:3,199:3,26:3	+0x4:63,+0x3:21,+0x5:7,+0x2:6,+0x6:3	exact:100
541	0x370756-0x370768	541	0x370756-0x370768	intra_block	100	4	196:25,28:25,64:25,269:25	28:25,64:25,269:25,198:25	+0x4:50,+0x3:25,+0x5:25	exact:100
553	0x371a30-0x371a43	553	0x371a30-0x371a43	intra_block	100	4	268:25,121:25,64:25,301:25	121:25,64:25,301:25,144:25	+0x4:75,+0x5:25	exact:100
150	0x1a5446-0x1a55be	150	0x1a5446-0x1a55be	intra_block	98	98	18:5,196:5,114:4,337:4,28:4,189:4,157:4,243:3	18:5,196:5,114:4,337:4,28:4,189:4,157:4,243:3	+0x4:62,+0x3:21,+0x5:7,+0x2:5,+0x6:3	exact:98
128	0x177353-0x1774b8	128	0x177353-0x1774b8	intra_block	95	95	337:6,199:5,258:5,123:5,215:4,114:4,28:4,176:4	337:6,199:5,258:5,123:5,215:4,114:4,28:4,176:4	+0x4:53,+0x3:24,+0x2:8,+0x5:7,+0x6:3	exact:95
19	0xd54de-0xd5641	19	0xd54de-0xd5641	intra_block	94	94	337:6,18:5,215:4,189:4,199:4,176:4,66:4,340:3	337:6,18:5,215:4,189:4,199:4,176:4,66:4,340:3	+0x4:53,+0x3:24,+0x5:7,+0x2:7,+0x6:3	exact:94
149	0x1a52d0-0x1a5438	149	0x1a52d0-0x1a5438	intra_block	94	94	28:6,307:5,114:5,258:5,347:4,18:4,174:4,337:3	28:6,307:5,114:5,258:5,347:4,18:4,174:4,300:3	+0x4:51,+0x3:23,+0x5:9,+0x2:7,+0x6:4	exact:94
384	0x33cd1f-0x33ce87	384	0x33cd1f-0x33ce87	intra_block	94	94	199:6,18:5,189:5,337:4,347:4,114:4,297:4,158:4	199:6,18:5,189:5,337:4,347:4,114:4,297:4,158:4	+0x4:51,+0x3:23,+0x5:9,+0x2:7,+0x6:4	exact:94
242	0x3109d2-0x310c9b			out_of_recovered	92	1	174:92	356:92	+0x4:92	exact:92
243	0x310ca5-0x310dba			out_of_recovered	92	1	242:92	75:92	+0x5:92	exact:92
244	0x310dca-0x310ee6			out_of_recovered	91	1	184:91	356:91	+0x4:91	exact:91
245	0x310ef0-0x311159			out_of_recovered	91	1	158:91	278:91	+0x4:91	exact:91
246	0x311163-0x31139b			out_of_recovered	91	1	20:91	278:91	+0x4:91	exact:91
247	0x3113a5-0x3115dd			out_of_recovered	91	1	176:91	356:91	+0x4:91	exact:91
248	0x3115e7-0x31181f			out_of_recovered	91	1	123:91	95:91	+0x4:91	exact:91
249	0x311829-0x311a61			out_of_recovered	91	1	161:91	356:91	+0x4:91	exact:91
250	0x311a6b-0x311ca3			out_of_recovered	91	1	161:91	356:91	+0x4:91	exact:91
251	0x311cad-0x311f5f			out_of_recovered	91	1	161:91	216:91	+0x4:91	exact:91
252	0x311f69-0x312230			out_of_recovered	91	1	161:91	311:91	+0x4:91	exact:91
253	0x31223a-0x31245a			out_of_recovered	91	1	161:91	95:91	+0x4:91	exact:91
254	0x312464-0x312684			out_of_recovered	91	1	174:91	95:91	+0x4:91	exact:91
255	0x31268e-0x31285b			out_of_recovered	91	1	184:91	321:91	+0x4:91	exact:91
256	0x312868-0x31297d			out_of_recovered	91	1	125:91	316:91	+0x5:91	exact:91
257	0x3129aa-0x312ae4			out_of_recovered	91	1	161:91	356:91	+0x4:91	exact:91
258	0x312aee-0x312cc6			out_of_recovered	91	1	174:91	356:91	+0x4:91	exact:91
259	0x312cd0-0x312f1c			out_of_recovered	91	1	161:91	216:91	+0x4:91	exact:91
260	0x312f26-0x31315f			out_of_recovered	91	1	20:91	95:91	+0x4:91	exact:91
261	0x313169-0x313341			out_of_recovered	91	1	161:91	264:91	+0x4:91	exact:91
262	0x31334b-0x3135af			out_of_recovered	91	1	176:91	264:91	+0x4:91	exact:91
263	0x3135b9-0x3137f2			out_of_recovered	91	1	123:91	216:91	+0x4:91	exact:91
264	0x3137fc-0x3139d4			out_of_recovered	91	1	174:91	278:91	+0x4:91	exact:91
265	0x3139de-0x313c42			out_of_recovered	91	1	174:91	356:91	+0x4:91	exact:91
266	0x313c4c-0x313e85			out_of_recovered	91	1	123:91	95:91	+0x4:91	exact:91
267	0x313e8f-0x314067			out_of_recovered	91	1	174:91	95:91	+0x4:91	exact:91
268	0x314071-0x3142d5			out_of_recovered	91	1	174:91	216:91	+0x4:91	exact:91
269	0x3142df-0x314518			out_of_recovered	91	1	176:91	216:91	+0x4:91	exact:91
270	0x314522-0x3146fa			out_of_recovered	91	1	20:91	216:91	+0x4:91	exact:91
271	0x314704-0x314968			out_of_recovered	91	1	20:91	311:91	+0x4:91	exact:91
272	0x314972-0x314bab			out_of_recovered	91	1	158:91	278:91	+0x4:91	exact:91
273	0x314bb5-0x314d8d			out_of_recovered	91	1	20:91	278:91	+0x4:91	exact:91
274	0x314d97-0x314ffb			out_of_recovered	91	1	176:91	311:91	+0x4:91	exact:91
275	0x315005-0x315225			out_of_recovered	91	1	161:91	264:91	+0x4:91	exact:91
276	0x31522f-0x31547c			out_of_recovered	91	1	176:91	311:91	+0x4:91	exact:91
277	0x315486-0x3156c0			out_of_recovered	91	1	158:91	278:91	+0x4:91	exact:91
278	0x3156ca-0x3157e1			out_of_recovered	91	1	122:91	316:91	+0x5:91	exact:91
279	0x31580e-0x31595f			out_of_recovered	91	1	176:91	216:91	+0x4:91	exact:91
280	0x315969-0x315bb5			out_of_recovered	91	1	158:91	216:91	+0x4:91	exact:91
281	0x315bbf-0x315cc0			out_of_recovered	91	1	351:91	308:91	+0x5:91	exact:91
11	0xd4a91-0xd4beb	11	0xd4a91-0xd4beb	intra_block	90	90	66:7,340:6,168:5,28:5,114:5,43:4,305:4,172:4	66:7,340:6,168:5,28:5,114:5,43:4,305:4,172:4	+0x4:59,+0x3:20,+0x5:5,+0x2:4,+0x6:2	exact:90
156	0x1a5d8c-0x1a5ee8	156	0x1a5d8c-0x1a5ee8	intra_block	90	90	189:6,333:4,297:4,315:4,64:4,185:4,268:3,215:3	189:6,333:4,297:4,315:4,64:4,185:4,268:3,215:3	+0x4:58,+0x3:20,+0x5:6,+0x2:3,+0x6:3	exact:90
210	0x29347e-0x2935da	210	0x29347e-0x2935da	intra_block	90	90	66:6,28:5,189:5,347:4,287:4,172:4,114:4,168:4	66:6,28:5,189:5,347:4,287:4,172:4,114:4,168:4	+0x4:58,+0x3:20,+0x5:5,+0x2:4,+0x6:3	exact:90
348	0x33585b-0x3359af	348	0x33585b-0x3359af	intra_block	90	90	337:6,340:6,215:5,18:5,28:4,114:4,297:4,158:4	337:6,340:6,215:5,18:5,28:4,114:4,297:4,158:4	+0x4:50,+0x3:23,+0x2:7,+0x5:7,+0x6:3	exact:90
364	0x338e18-0x338f6c	364	0x338e18-0x338f6c	intra_block	90	90	189:5,297:5,199:5,347:4,66:4,114:4,176:4,196:3	189:5,297:5,199:5,176:5,347:4,66:4,114:4,196:3	+0x4:50,+0x3:23,+0x2:7,+0x5:7,+0x6:3	exact:90
3	0xd0eb3-0xd1002	3	0xd0eb3-0xd1002	intra_block	89	89	337:8,18:7,20:5,43:4,347:4,66:4,184:4,297:4	337:8,18:7,20:5,43:4,347:4,66:4,184:4,297:4	+0x4:50,+0x3:23,+0x2:7,+0x5:6,+0x6:3	exact:89
43	0x11bf5d-0x11c0ac	43	0x11bf5d-0x11c0ac	intra_block	89	89	347:6,18:5,333:4,114:4,66:4,297:4,176:4,340:3	347:6,18:5,333:4,114:4,66:4,297:4,176:4,20:4	+0x4:50,+0x3:23,+0x2:7,+0x5:6,+0x6:3	exact:89
46	0x11c2aa-0x11c3f9	46	0x11c2aa-0x11c3f9	intra_block	89	89	347:6,307:5,20:5,114:4,215:4,189:4,340:3,185:3	347:6,20:6,307:5,114:4,215:4,189:4,340:3,185:3	+0x4:50,+0x3:23,+0x2:7,+0x5:6,+0x6:3	exact:89
83	0x121b31-0x121c83	83	0x121b31-0x121c83	intra_block	89	89	189:6,66:5,174:5,337:5,28:4,123:4,297:3,269:3	189:6,66:5,174:5,337:5,28:4,123:4,297:3,269:3	+0x4:48,+0x3:23,+0x2:7,+0x5:7,+0x6:4	exact:89
528	0x36ef2c-0x36ef3e	528	0x36ef2c-0x36ef3e	intra_block	88	4	203:22,66:22,189:22,251:22	66:22,189:22,251:22,108:22	+0x4:44,+0x3:22,+0x5:22	exact:88
80	0x1217d8-0x121924	80	0x1217d8-0x121924	intra_block	87	87	215:6,64:4,18:4,189:4,114:4,199:4,176:4,347:4	215:6,64:4,18:4,189:4,114:4,199:4,123:4,176:4	+0x4:47,+0x3:23,+0x5:7,+0x2:6,+0x6:4	exact:87
160	0x1ec477-0x1ec5c3	160	0x1ec477-0x1ec5c3	intra_block	87	87	18:6,307:6,347:5,189:4,337:4,66:3,185:3,123:3	18:6,307:6,347:5,189:4,337:4,161:4,66:3,185:3	+0x4:47,+0x3:23,+0x5:7,+0x2:6,+0x6:4	exact:87
227	0x2c1285-0x2c13cd	227	0x2c1285-0x2c13cd	intra_block	85	85	66:7,157:6,258:5,114:5,26:4,172:3,346:3,33:3	66:7,157:6,258:5,114:5,26:4,172:3,346:3,33:3	+0x4:55,+0x3:19,+0x5:5,+0x2:3,+0x6:3	exact:85
38	0x11ba38-0x11bb7e	38	0x11ba38-0x11bb7e	intra_block	84	84	28:5,337:5,18:4,157:4,268:4,347:4,305:4,243:4	28:5,337:5,18:4,157:4,268:4,347:4,305:4,243:4	+0x4:55,+0x3:19,+0x5:4,+0x2:3,+0x6:3	exact:84
41	0x11bd6d-0x11beb3	41	0x11bd6d-0x11beb3	intra_block	84	84	315:5,168:4,258:4,287:4,215:4,114:4,337:3,185:3	315:5,168:4,258:4,287:4,215:4,114:4,337:3,185:3	+0x4:55,+0x3:19,+0x5:4,+0x2:3,+0x6:3	exact:84
44	0x11c0ba-0x11c200	44	0x11c0ba-0x11c200	intra_block	84	84	64:4,307:4,203:4,315:4,168:3,287:3,66:3,243:3	64:4,307:4,203:4,315:4,168:3,287:3,66:3,243:3	+0x4:55,+0x3:19,+0x5:4,+0x2:3,+0x6:3	exact:84
308	0x31dc4f-0x31dd95	308	0x31dc4f-0x31dd95	intra_block	84	84	337:7,33:6,157:4,168:4,26:4,268:4,340:4,189:3	337:7,33:6,157:4,168:4,26:4,268:4,340:4,189:3	+0x4:55,+0x3:19,+0x5:4,+0x2:3,+0x6:3	exact:84
487	0x368952-0x368a98	487	0x368952-0x368a98	intra_block	84	84	43:6,157:5,64:4,28:4,305:4,340:4,258:4,33:4	43:6,157:5,64:4,28:4,305:4,340:4,258:4,33:4	+0x4:55,+0x3:19,+0x5:4,+0x2:3,+0x6:3	exact:84
511	0x36c3a3-0x36c4e9	511	0x36c3a3-0x36c4e9	intra_block	84	84	199:4,287:4,258:4,337:4,172:4,114:4,333:3,168:3	199:4,287:4,258:4,337:4,172:4,114:4,333:3,168:3	+0x4:55,+0x3:19,+0x5:4,+0x2:3,+0x6:3	exact:84
40	0x11bc28-0x11bd5f	40	0x11bc28-0x11bd5f	intra_block	83	83	123:6,66:5,64:4,114:4,28:4,347:4,337:4,273:3	123:7,66:5,64:4,114:4,28:4,347:4,337:4,273:3	+0x4:48,+0x3:22,+0x2:6,+0x5:5,+0x6:2	exact:83
28	0xda38f-0xda4b0	28	0xda38f-0xda4b0	intra_block	77	77	258:6,199:5,189:4,123:4,114:3,185:3,307:3,28:3	258:6,199:5,189:4,123:4,114:3,185:3,307:3,28:3	+0x4:45,+0x3:21,+0x2:5,+0x5:4,+0x6:2	exact:77
29	0xda4be-0xda5e7	29	0xda4be-0xda5e7	intra_block	77	77	18:7,26:5,64:4,66:4,114:4,168:4,333:3,43:3	18:7,26:5,64:4,66:4,114:4,168:4,333:3,43:3	+0x4:53,+0x3:18,+0x2:2,+0x6:2,+0x5:2	exact:77
30	0xdac57-0xdad78	30	0xdac57-0xdad78	intra_block	77	77	64:7,123:5,347:4,18:4,307:4,176:4,215:3,340:3	64:7,176:5,123:5,347:4,18:4,307:4,215:3,340:3	+0x4:45,+0x3:21,+0x2:5,+0x5:4,+0x6:2	exact:77
65	0x11e574-0x11e695	65	0x11e574-0x11e695	intra_block	77	77	340:5,337:4,28:4,161:4,215:4,18:3,189:3,66:3	340:5,337:4,28:4,161:4,20:4,215:4,18:3,189:3	+0x4:45,+0x3:21,+0x2:5,+0x5:4,+0x6:2	exact:77
73	0x1209d2-0x120af4	73	0x1209d2-0x120af4	intra_block	77	77	114:6,258:5,18:5,28:4,184:4,176:4,297:3,347:3	114:6,258:5,18:5,28:4,174:4,184:4,176:4,297:3	+0x4:44,+0x3:21,+0x2:5,+0x5:5,+0x6:2	exact:77
75	0x120d75-0x120e9e	75	0x120d75-0x120e9e	intra_block	77	77	185:6,287:6,347:5,346:4,340:4,268:3,64:3,297:3	185:6,287:6,347:5,346:4,340:4,268:3,64:3,297:3	+0x4:53,+0x3:18,+0x2:2,+0x6:2,+0x5:2	exact:77
79	0x12169e-0x1217c7	79	0x12169e-0x1217c7	intra_block	77	77	268:5,258:4,157:4,189:4,28:3,33:3,18:3,337:3	268:5,258:4,157:4,189:4,28:3,33:3,18:3,337:3	+0x4:53,+0x3:18,+0x2:2,+0x6:2,+0x5:2	exact:77
81	0x121932-0x121a5b	81	0x121932-0x121a5b	intra_block	77	77	26:5,114:5,64:4,307:4,315:4,258:4,157:3,28:3	26:5,114:5,64:4,307:4,315:4,258:4,157:3,28:3	+0x4:53,+0x3:18,+0x2:2,+0x6:2,+0x5:2	exact:77
85	0x121ed4-0x121ffd	85	0x121ed4-0x121ffd	intra_block	77	77	18:5,43:5,66:4,157:4,340:4,185:4,337:3,333:3	18:5,43:5,66:4,157:4,340:4,185:4,337:3,333:3	+0x4:53,+0x3:18,+0x2:2,+0x6:2,+0x5:2	exact:77
86	0x122074-0x122196	86	0x122074-0x122196	intra_block	77	77	158:6,28:4,114:4,189:4,199:4,64:4,307:4,174:4	158:6,174:5,28:4,114:4,189:4,199:4,64:4,307:4	+0x4:44,+0x3:21,+0x2:5,+0x5:5,+0x6:2	exact:77
87	0x1221a4-0x1222cd	87	0x1221a4-0x1222cd	intra_block	77	77	258:5,168:5,157:4,305:4,215:4,347:3,297:3,307:3	258:5,168:5,157:4,305:4,215:4,347:3,297:3,307:3	+0x4:53,+0x3:18,+0x2:2,+0x6:2,+0x5:2	exact:77
88	0x122344-0x122466	88	0x122344-0x122466	intra_block	77	77	114:6,66:5,347:4,176:4,340:4,18:4,20:3,258:3	114:6,66:5,347:4,176:4,340:4,20:4,18:4,258:3	+0x4:44,+0x3:21,+0x2:5,+0x5:5,+0x6:2	exact:77
145	0x1a4c81-0x1a4daa	145	0x1a4c81-0x1a4daa	intra_block	77	77	315:6,172:5,185:4,114:4,28:4,346:4,268:3,340:3	315:6,172:5,185:4,114:4,28:4,346:4,268:3,340:3	+0x4:53,+0x3:18,+0x2:2,+0x6:2,+0x5:2	exact:77
216	0x2bec2e-0x2bed4f	216	0x2bec2e-0x2bed4f	intra_block	77	77	64:6,189:5,20:5,185:4,199:4,174:3,176:3,18:3	64:6,189:5,20:5,185:4,199:4,184:4,174:3,176:3	+0x4:45,+0x3:21,+0x2:5,+0x5:4,+0x6:2	exact:77
219	0x2bf297-0x2bf3b8	219	0x2bf297-0x2bf3b8	intra_block	77	77	18:7,185:5,347:5,258:4,20:4,114:3,337:3,340:3	18:7,185:5,347:5,258:4,20:4,114:3,337:3,340:3	+0x4:45,+0x3:21,+0x2:5,+0x5:4,+0x6:2	exact:77
220	0x2bf3c6-0x2bf4ef	220	0x2bf3c6-0x2bf4ef	intra_block	77	77	199:7,33:7,340:7,64:4,43:4,66:3,315:3,268:3	199:7,33:7,340:7,64:4,43:4,66:3,315:3,268:3	+0x4:53,+0x3:18,+0x2:2,+0x6:2,+0x5:2	exact:77
222	0x2bfe6f-0x2bff90	222	0x2bfe6f-0x2bff90	intra_block	77	77	123:5,347:5,66:5,189:4,340:4,20:4,199:3,337:3	123:5,347:5,66:5,189:4,340:4,20:4,199:3,337:3	+0x4:45,+0x3:21,+0x2:5,+0x5:4,+0x6:2	exact:77
226	0x2c1156-0x2c1277	226	0x2c1156-0x2c1277	intra_block	77	77	337:5,28:5,258:4,18:4,215:4,307:3,189:3,347:3	337:5,28:5,258:4,18:4,215:4,158:4,307:3,189:3	+0x4:45,+0x3:21,+0x2:5,+0x5:4,+0x6:2	exact:77
282	0x315cc8-0x315de9	282	0x315cc8-0x315de9	intra_block	77	77	66:7,64:5,307:4,176:4,347:3,297:3,258:3,189:3	66:7,64:5,307:4,176:4,347:3,297:3,258:3,189:3	+0x4:45,+0x3:21,+0x2:5,+0x5:4,+0x6:2	exact:77
449	0x361802-0x361923	449	0x361802-0x361923	intra_block	77	77	185:5,337:5,307:5,174:5,297:4,258:4,28:3,189:3	185:5,337:5,307:5,174:5,297:4,258:4,28:3,189:3	+0x4:45,+0x3:21,+0x2:5,+0x5:4,+0x6:2	exact:77
459	0x362f71-0x363092	459	0x362f71-0x363092	intra_block	77	77	28:8,174:6,64:4,337:4,258:3,66:3,18:3,114:3	28:8,174:6,64:4,337:4,258:3,66:3,18:3,114:3	+0x4:45,+0x3:21,+0x2:5,+0x5:4,+0x6:2	exact:77
500	0x369b28-0x369c4a	500	0x369b28-0x369c4a	intra_block	77	77	64:6,18:6,337:5,123:5,199:4,258:4,66:3,161:3	64:6,18:6,337:5,123:5,199:4,258:4,66:3,184:3	+0x4:44,+0x3:21,+0x2:5,+0x5:5,+0x6:2	exact:77
524	0x36d579-0x36d69b	524	0x36d579-0x36d69b	intra_block	77	77	258:6,158:5,28:4,114:4,184:4,337:3,185:3,123:3	258:6,158:5,28:4,114:4,123:4,184:4,337:3,185:3	+0x4:44,+0x3:21,+0x2:5,+0x5:5,+0x6:2	exact:77
554	0x371a63-0x371b85	554	0x371a63-0x371b85	intra_block	77	77	258:5,340:5,307:5,158:5,28:4,347:4,199:3,173:3	258:5,340:5,307:5,158:5,28:4,347:4,199:3,173:3	+0x4:44,+0x3:21,+0x2:5,+0x5:5,+0x6:2	exact:77
9	0xd476e-0xd4889	9	0xd476e-0xd4889	intra_block	76	76	340:7,337:5,185:5,258:4,215:4,176:4,199:3,350:3	340:7,337:5,185:5,258:4,215:4,176:4,199:3,350:3	+0x4:45,+0x3:21,+0x2:5,+0x5:4,+0x6:1	exact:76
63	0x11e15f-0x11e27c	63	0x11e15f-0x11e27c	intra_block	75	75	123:6,347:6,185:4,258:4,307:4,199:4,337:3,297:3	123:6,347:6,185:4,258:4,307:4,199:4,337:3,297:3	+0x4:44,+0x3:20,+0x5:5,+0x2:4,+0x6:2	exact:75
176	0x231897-0x2319b3	176	0x231897-0x2319b3	intra_block	75	75	114:6,66:5,258:5,340:4,158:4,18:3,28:3,347:3	114:6,258:5,340:4,66:4,158:4,18:3,28:3,347:3	+0x4:43,+0x3:21,+0x5:5,+0x2:4,+0x6:2	exact:75
209	0x293355-0x293470	209	0x293355-0x293470	intra_block	75	75	189:7,66:6,176:6,28:5,114:4,347:3,307:3,20:3	189:6,66:6,176:6,28:5,114:4,347:3,307:3,20:3	+0x4:44,+0x3:21,+0x5:4,+0x2:4,+0x6:2	exact:75
236	0x30fc6f-0x30fd84	236	0x30fc6f-0x30fd84	intra_block	72	72	258:5,168:5,157:4,346:4,185:4,28:3,203:3,18:3	258:5,168:5,157:4,346:4,185:4,28:3,203:3,18:3	+0x4:52,+0x3:17,+0x2:1,+0x6:1,+0x5:1	exact:72
421	0x3427e3-0x3427f5	421	0x3427e3-0x3427f5	intra_block	72	4	157:18,340:18,215:18,326:18	340:18,215:18,326:18,108:18	+0x4:36,+0x3:18,+0x5:18	exact:72
427	0x343569-0x34367e	427	0x343569-0x34367e	intra_block	72	72	26:4,28:4,307:4,64:4,340:3,199:3,168:3,157:3	26:4,28:4,307:4,64:4,340:3,199:3,168:3,157:3	+0x4:52,+0x3:17,+0x2:1,+0x6:1,+0x5:1	exact:72
470	0x364c72-0x364d87	470	0x364c72-0x364d87	intra_block	72	72	347:6,305:5,307:5,268:4,337:3,172:3,185:3,203:3	347:6,305:5,307:5,268:4,337:3,172:3,185:3,203:3	+0x4:52,+0x3:17,+0x2:1,+0x6:1,+0x5:1	exact:72
472	0x364e5f-0x364f74	472	0x364e5f-0x364f74	intra_block	72	72	18:7,340:6,333:5,66:5,33:4,268:4,346:4,315:3	18:7,340:6,333:5,66:5,33:4,268:4,346:4,315:3	+0x4:52,+0x3:17,+0x2:1,+0x6:1,+0x5:1	exact:72
474	0x36504c-0x365161	474	0x36504c-0x365161	intra_block	72	72	168:6,66:5,26:5,64:5,33:4,340:4,43:3,28:3	168:6,66:5,26:5,64:5,33:4,340:4,43:3,28:3	+0x4:52,+0x3:17,+0x2:1,+0x6:1,+0x5:1	exact:72
27	0xd77d9-0xd78ea	27	0xd77d9-0xd78ea	intra_block	71	71	64:6,43:5,18:4,258:3,243:3,196:3,66:3,347:3	64:6,43:5,18:4,258:3,243:3,196:3,66:3,347:3	+0x4:51,+0x3:17,+0x2:1,+0x6:1,+0x5:1	exact:71
55	0x11d929-0x11da3a	55	0x11d929-0x11da3a	intra_block	71	71	66:6,305:4,114:4,18:4,157:3,340:3,346:3,64:3	66:6,305:4,114:4,18:4,157:3,340:3,346:3,64:3	+0x4:51,+0x3:17,+0x2:1,+0x6:1,+0x5:1	exact:71
57	0x11db16-0x11dc27	57	0x11db16-0x11dc27	intra_block	71	71	28:5,189:5,33:4,346:4,203:3,337:3,168:3,347:3	28:5,189:5,33:4,346:4,203:3,337:3,168:3,347:3	+0x4:51,+0x3:17,+0x2:1,+0x6:1,+0x5:1	exact:71
59	0x11dd03-0x11de14	59	0x11dd03-0x11de14	intra_block	71	71	347:6,340:5,297:5,315:4,18:4,168:4,43:3,33:3	347:6,340:5,297:5,315:4,18:4,168:4,43:3,33:3	+0x4:51,+0x3:17,+0x2:1,+0x6:1,+0x5:1	exact:71
62	0x11e03e-0x11e14f	62	0x11e03e-0x11e14f	intra_block	71	71	337:5,346:4,333:4,64:4,243:4,157:4,199:4,28:3	337:5,346:4,333:4,64:4,243:4,157:4,199:4,28:3	+0x4:51,+0x3:17,+0x2:1,+0x6:1,+0x5:1	exact:71
64	0x11e28a-0x11e39b	64	0x11e28a-0x11e39b	intra_block	71	71	333:6,315:4,114:4,347:4,168:3,18:3,26:3,258:3	333:6,315:4,114:4,347:4,168:3,18:3,26:3,258:3	+0x4:51,+0x3:17,+0x2:1,+0x6:1,+0x5:1	exact:71
69	0x11eddd-0x11eeee	69	0x11eddd-0x11eeee	intra_block	71	71	189:4,28:4,258:4,337:4,185:4,196:4,33:3,43:3	189:4,28:4,258:4,337:4,185:4,196:4,33:3,43:3	+0x4:51,+0x3:17,+0x2:1,+0x6:1,+0x5:1	exact:71
72	0x11f3a9-0x11f4ba	72	0x11f3a9-0x11f4ba	intra_block	71	71	64:5,114:5,196:4,215:4,297:4,199:3,347:3,26:3	64:5,114:5,196:4,215:4,297:4,199:3,347:3,26:3	+0x4:51,+0x3:17,+0x2:1,+0x6:1,+0x5:1	exact:71
133	0x179f43-0x17a04f	133	0x179f43-0x17a04f	intra_block	71	71	114:5,307:4,347:4,66:4,123:4,340:4,64:3,215:3	114:5,307:4,347:4,66:4,123:4,340:4,64:3,215:3	+0x4:41,+0x3:20,+0x2:4,+0x5:4,+0x6:2	exact:71
139	0x18bd9a-0x18beab	139	0x18bd9a-0x18beab	intra_block	71	71	26:5,340:4,307:4,114:4,168:3,199:3,347:3,33:3	26:5,340:4,307:4,114:4,168:3,199:3,347:3,33:3	+0x4:51,+0x3:17,+0x2:1,+0x6:1,+0x5:1	exact:71
148	0x1a51af-0x1a52c0	148	0x1a51af-0x1a52c0	intra_block	71	71	157:5,172:4,287:4,340:3,307:3,243:3,189:3,305:3	157:5,172:4,287:4,340:3,307:3,243:3,189:3,305:3	+0x4:51,+0x3:17,+0x2:1,+0x6:1,+0x5:1	exact:71
154	0x1a5979-0x1a5a8a	154	0x1a5979-0x1a5a8a	intra_block	71	71	337:7,26:6,203:4,157:4,258:4,168:4,215:3,114:3	337:7,26:6,203:4,157:4,258:4,168:4,215:3,114:3	+0x4:51,+0x3:17,+0x2:1,+0x6:1,+0x5:1	exact:71
159	0x1ec355-0x1ec466	159	0x1ec355-0x1ec466	intra_block	71	71	64:6,347:4,157:4,18:4,33:4,168:4,340:3,196:3	64:6,347:4,157:4,18:4,33:4,168:4,340:3,196:3	+0x4:51,+0x3:17,+0x2:1,+0x6:1,+0x5:1	exact:71
218	0x2bef37-0x2bf048	218	0x2bef37-0x2bf048	intra_block	71	71	114:6,346:5,337:4,66:4,268:4,307:4,347:4,196:3	114:6,346:5,337:4,66:4,268:4,307:4,347:4,196:3	+0x4:51,+0x3:17,+0x2:1,+0x6:1,+0x5:1	exact:71
310	0x31e060-0x31e171	310	0x31e060-0x31e171	intra_block	71	71	315:6,157:6,196:4,66:4,340:4,305:4,347:4,64:3	315:6,157:6,196:4,66:4,340:4,305:4,347:4,64:3	+0x4:51,+0x3:17,+0x2:1,+0x6:1,+0x5:1	exact:71
312	0x31e24d-0x31e35e	312	0x31e24d-0x31e35e	intra_block	71	71	18:5,333:4,258:4,337:4,33:4,340:4,346:4,157:3	18:5,333:4,258:4,337:4,33:4,340:4,346:4,157:3	+0x4:51,+0x3:17,+0x2:1,+0x6:1,+0x5:1	exact:71
314	0x31e43a-0x31e54b	314	0x31e43a-0x31e54b	intra_block	71	71	168:6,287:5,189:5,64:4,66:4,18:3,333:3,114:3	168:6,287:5,189:5,64:4,66:4,18:3,333:3,114:3	+0x4:51,+0x3:17,+0x2:1,+0x6:1,+0x5:1	exact:71
316	0x31e627-0x31e738	316	0x31e627-0x31e738	intra_block	71	71	297:5,340:5,333:4,28:4,315:3,189:3,346:3,199:3	297:5,340:5,333:4,28:4,315:3,189:3,346:3,199:3	+0x4:51,+0x3:17,+0x2:1,+0x6:1,+0x5:1	exact:71
536	0x370138-0x370249	536	0x370138-0x370249	intra_block	71	71	43:5,315:5,64:4,33:4,258:4,347:3,215:3,346:3	43:5,315:5,64:4,33:4,258:4,347:3,215:3,346:3	+0x4:51,+0x3:17,+0x2:1,+0x6:1,+0x5:1	exact:71
21	0xd5a12-0xd5b17	21	0xd5a12-0xd5b17	intra_block	70	70	297:5,347:5,189:5,215:4,174:4,258:3,158:3,20:3	297:5,347:5,189:5,215:4,174:4,258:3,176:3,158:3	+0x4:42,+0x3:20,+0x2:4,+0x5:3,+0x6:1	exact:70
157	0x1a5f3d-0x1a6041	157	0x1a5f3d-0x1a6041	intra_block	69	69	340:5,174:5,258:4,28:4,347:4,199:4,176:4,307:3	174:6,340:5,258:4,28:4,347:4,199:4,176:4,307:3	+0x4:39,+0x3:20,+0x2:4,+0x5:4,+0x6:2	exact:69
477	0x3654e0-0x3655e4	477	0x3654e0-0x3655e4	intra_block	69	69	189:6,258:6,176:5,18:4,185:3,340:3,66:3,333:2	189:6,258:6,176:5,18:4,185:3,340:3,158:3,66:3	+0x4:39,+0x3:20,+0x2:4,+0x5:4,+0x6:2	exact:69
325	0x33195b-0x33196d	325	0x33195b-0x33196d	intra_block	68	4	340:17,203:17,18:17,0:17	203:17,18:17,0:17,144:17	+0x4:34,+0x3:17,+0x5:17	exact:68
410	0x340f31-0x340f43	410	0x340f31-0x340f43	intra_block	68	4	168:17,28:17,337:17,251:17	28:17,337:17,251:17,198:17	+0x4:34,+0x3:17,+0x5:17	exact:68
358	0x336c72-0x336d73	358	0x336c72-0x336d73	intra_block	67	67	185:5,196:4,168:4,243:4,64:4,114:4,157:3,33:3	185:5,196:4,168:4,243:4,64:4,114:4,157:3,33:3	+0x4:49,+0x3:16,+0x2:1,+0x6:1	exact:67
339	0x333730-0x33382d	339	0x333730-0x33382d	intra_block	66	66	337:5,172:4,64:4,287:4,185:3,199:3,33:3,203:3	337:5,172:4,64:4,287:4,185:3,199:3,33:3,203:3	+0x4:48,+0x3:16,+0x2:1,+0x6:1	exact:66
374	0x33a233-0x33a330	374	0x33a233-0x33a330	intra_block	66	66	172:4,185:4,18:4,26:4,203:4,189:4,33:4,337:3	172:4,185:4,18:4,26:4,203:4,189:4,33:4,337:3	+0x4:48,+0x3:16,+0x2:1,+0x6:1	exact:66
170	0x2303be-0x2304b8	170	0x2303be-0x2304b8	intra_block	65	65	66:9,347:6,184:5,114:4,123:3,340:3,20:3,189:2	66:9,347:6,184:6,114:4,123:3,340:3,20:3,258:2	+0x4:37,+0x3:18,+0x5:4,+0x2:3,+0x6:3	exact:65
171	0x230722-0x230905			out_of_recovered	65	1	184:65	102:65	+0x4:65	exact:65
225	0x2c0493-0x2c0591	225	0x2c0493-0x2c0591	intra_block	65	65	26:6,268:5,287:5,258:4,64:4,297:3,157:3,215:3	26:5,268:5,287:5,258:4,64:4,297:3,157:3,215:3	+0x4:45,+0x3:15,+0x6:2,+0x5:2,+0x2:1	exact:65
172	0x230912-0x230b1b			out_of_recovered	64	1	123:64	50:64	+0x4:64	exact:64
173	0x230b2c-0x230e07			out_of_recovered	64	1	176:64	321:64	+0x4:64	exact:64
174	0x230e18-0x231217			out_of_recovered	64	1	257:64	308:64	+0x2:64	exact:64
432	0x343f3c-0x34402b	432	0x343f3c-0x34402b	intra_block	64	64	337:6,174:5,340:5,28:5,66:4,185:3,189:3,176:3	337:6,174:5,340:5,28:5,176:4,66:4,185:3,189:3	+0x4:39,+0x3:19,+0x2:3,+0x5:2,+0x6:1	exact:64
499	0x369ad3-0x369b20	499	0x369ad3-0x369b20	intra_block	57	19	354:3,121:3,183:3,337:3,297:3,157:3,220:3,352:3	121:3,183:3,337:3,297:3,157:3,220:3,352:3,172:3	+0x4:21,+0x5:12,+0x2:9,+0x3:9,+0x6:6	exact:57
523	0x36d524-0x36d571	523	0x36d524-0x36d571	intra_block	57	19	114:6,43:6,256:6,199:6,319:6,354:3,273:3,183:3	256:9,114:6,43:6,199:6,319:6,273:3,183:3,18:3	+0x4:21,+0x5:12,+0x2:9,+0x3:9,+0x6:6	exact:57
343	0x334c91-0x334ca3	343	0x334c91-0x334ca3	intra_block	56	4	215:14,43:14,64:14,0:14	43:14,64:14,0:14,144:14	+0x4:28,+0x3:14,+0x5:14	exact:56
14	0xd4e9f-0xd4f6b	14	0xd4e9f-0xd4f6b	intra_block	53	53	28:5,199:4,114:4,184:4,340:4,64:3,20:3,123:3	28:5,184:5,114:4,340:4,64:3,20:3,123:3,199:3	+0x4:33,+0x3:17,+0x6:2,+0x5:1	exact:53
15	0xd4f78-0xd5044	15	0xd4f78-0xd5044	intra_block	53	53	258:4,66:4,18:4,189:4,64:3,340:3,176:3,28:3	258:4,66:4,18:4,189:4,158:4,340:3,176:3,28:3	+0x4:33,+0x3:17,+0x6:2,+0x5:1	exact:53
18	0xd5405-0xd54d1	18	0xd5405-0xd54d1	intra_block	53	53	258:6,123:6,64:4,307:4,337:4,28:3,189:3,18:3	258:6,123:6,64:4,307:4,337:4,28:3,189:3,18:3	+0x4:33,+0x3:17,+0x6:2,+0x5:1	exact:53
76	0x1210d6-0x121199	76	0x1210d6-0x121199	intra_block	52	52	258:6,123:5,174:5,307:4,199:4,114:4,64:3,176:3	258:6,123:5,174:5,307:4,199:4,114:4,64:3,176:3	+0x4:33,+0x3:17,+0x2:1,+0x6:1	exact:52
231	0x30eed0-0x30eee2	231	0x30eed0-0x30eee2	intra_block	52	4	199:13,337:13,157:13,326:13	337:13,157:13,326:13,352:13	+0x4:26,+0x3:13,+0x5:13	exact:52
309	0x31df8f-0x31e052	309	0x31df8f-0x31e052	intra_block	52	52	174:5,28:4,347:4,189:3,161:3,337:3,20:3,176:3	174:6,28:4,347:4,189:3,161:3,337:3,20:3,176:3	+0x4:33,+0x3:17,+0x2:1,+0x6:1	exact:52
12	0xd4bfc-0xd4cb9	12	0xd4bfc-0xd4cb9	intra_block	50	50	28:6,184:4,258:4,185:3,176:3,340:3,64:2,174:2	28:6,184:4,258:4,174:3,176:3,340:3,185:2,64:2	+0x4:32,+0x3:17,+0x6:1	exact:50
56	0x11da4b-0x11db08	56	0x11da4b-0x11db08	intra_block	50	50	123:5,158:3,215:3,307:3,114:3,174:3,258:3,185:3	123:5,158:4,215:3,307:3,114:3,174:3,258:3,185:3	+0x4:32,+0x3:17,+0x6:1	exact:50
58	0x11dc37-0x11dcf5	58	0x11dc37-0x11dcf5	intra_block	50	50	28:5,114:4,337:4,161:4,176:4,20:4,340:3,297:3	28:5,337:4,161:4,176:4,20:4,340:3,297:3,114:3	+0x4:33,+0x3:16,+0x6:1	exact:50
311	0x31e182-0x31e23f	311	0x31e182-0x31e23f	intra_block	50	50	176:5,114:5,64:4,199:3,18:3,161:3,297:3,189:3	176:5,114:5,64:4,18:3,161:3,297:3,123:3,189:3	+0x4:32,+0x3:17,+0x6:1	exact:50
313	0x31e36f-0x31e42c	313	0x31e36f-0x31e42c	intra_block	50	50	20:5,189:4,66:4,337:4,258:4,199:3,161:3,18:3	20:5,189:4,66:4,161:4,337:4,258:4,199:3,18:3	+0x4:32,+0x3:17,+0x6:1	exact:50
315	0x31e55c-0x31e619	315	0x31e55c-0x31e619	intra_block	50	50	337:5,28:4,20:4,174:4,158:4,258:3,66:3,347:3	20:5,337:5,174:4,158:4,258:3,28:3,66:3,347:3	+0x4:32,+0x3:17,+0x6:1	exact:50
318	0x31e77f-0x31e842	318	0x31e77f-0x31e842	intra_block	50	50	144:4,114:3,185:2,91:2,220:2,173:2,347:2,199:2	144:4,114:3,185:2,91:2,220:2,173:2,347:2,199:2	+0x4:21,+0x3:9,+0x5:9,+0x2:8,+0x6:3	exact:50
471	0x364d98-0x364e55	471	0x364d98-0x364e55	intra_block	50	50	297:5,161:4,66:4,123:4,340:3,337:3,176:3,347:3	297:5,161:4,66:4,123:4,340:3,337:3,176:3,347:3	+0x4:32,+0x3:17,+0x6:1	exact:50
473	0x364f84-0x365042	473	0x364f84-0x365042	intra_block	50	50	340:5,258:4,184:4,18:4,158:4,161:4,297:4,215:3	340:5,184:4,18:4,158:4,161:4,297:4,215:3,258:3	+0x4:33,+0x3:16,+0x6:1	exact:50
475	0x365190-0x36523e	475	0x365190-0x36523e	intra_block	44	44	253:2,347:2,301:2,173:2,30:2,108:2,297:2,256:2	253:2,347:2,301:2,173:2,30:2,108:2,297:2,256:2	+0x4:17,+0x2:8,+0x5:8,+0x3:7,+0x6:4	exact:44
503	0x36b124-0x36b35e			out_of_recovered	42	1	52:42	316:42	+0x5:42	exact:42
504	0x36b374-0x36b386			out_of_recovered	41	1	352:41	117:41	+0x2:41	exact:41
90	0x122626-0x1226c6	90	0x122626-0x1226c6	intra_block	40	40	333:4,144:3,347:3,3:2,124:2,28:2,192:2,322:1	333:4,144:3,347:3,3:2,124:2,28:2,192:2,183:1	+0x4:16,+0x5:8,+0x3:7,+0x2:6,+0x6:3	exact:40
403	0x3401a9-0x3401bb	403	0x3401a9-0x3401bb	intra_block	40	4	185:10,347:10,43:10,0:10	347:10,43:10,0:10,257:10	+0x4:20,+0x3:10,+0x5:10	exact:40
414	0x341a5b-0x341a6d	414	0x341a5b-0x341a6d	intra_block	40	4	189:10,66:10,203:10,290:10	66:10,203:10,290:10,257:10	+0x4:20,+0x3:10,+0x5:10	exact:40
431	0x343f22-0x343f34	431	0x343f22-0x343f34	intra_block	40	4	199:10,43:10,114:10,290:10	43:10,114:10,290:10,108:10	+0x4:20,+0x3:10,+0x5:10	exact:40
478	0x3674c3-0x3676fd			out_of_recovered	40	1	52:40	334:40	+0x5:40	exact:40
479	0x367713-0x367725			out_of_recovered	39	1	108:39	302:39	+0x2:39	exact:39
289	0x31b331-0x31b343	289	0x31b331-0x31b343	intra_block	28	4	258:7,307:7,157:7,290:7	307:7,157:7,290:7,257:7	+0x4:14,+0x3:7,+0x5:7	exact:28
295	0x31c01b-0x31c02d	295	0x31c01b-0x31c02d	intra_block	28	4	114:7,28:7,268:7,0:7	28:7,268:7,0:7,108:7	+0x4:14,+0x3:7,+0x5:7	exact:28
537	0x370256-0x3703d8			out_of_recovered	26	1	161:26	311:26	+0x4:26	exact:26
538	0x3703e6-0x3704f7			out_of_recovered	26	1	242:26	145:26	+0x5:26	exact:26
542	0x370770-0x3707a0			out_of_recovered	26	1	245:26	316:26	+0x5:26	exact:26
91	0x122a46-0x122aaa	91	0x122a46-0x122aaa	intra_block	25	25	43:2,108:2,200:2,171:1,254:1,183:1,18:1,114:1	43:2,108:2,200:2,352:2,254:1,183:1,18:1,114:1	+0x4:9,+0x5:6,+0x2:4,+0x3:4,+0x6:2	exact:25
539	0x370508-0x370624			out_of_recovered	25	1	184:25	95:25	+0x4:25	exact:25
540	0x370632-0x370743			out_of_recovered	25	1	245:25	145:25	+0x5:25	exact:25
541	0x370756-0x370768			out_of_recovered	25	1	198:25	302:25	+0x2:25	exact:25
543	0x3707b1-0x3708e4			out_of_recovered	25	1	161:25	264:25	+0x4:25	exact:25
544	0x3708f2-0x370a81			out_of_recovered	25	1	52:25	246:25	+0x5:25	exact:25
545	0x370a91-0x370cb0			out_of_recovered	25	1	20:25	356:25	+0x4:25	exact:25
546	0x370cbe-0x370f0a			out_of_recovered	25	1	176:25	264:25	+0x4:25	exact:25
550	0x37171c-0x37174c			out_of_recovered	25	1	242:25	246:25	+0x5:25	exact:25
551	0x3717c4-0x3718ff			out_of_recovered	25	1	161:25	311:25	+0x4:25	exact:25
552	0x37190d-0x371a20			out_of_recovered	25	1	52:25	316:25	+0x5:25	exact:25
553	0x371a30-0x371a43			out_of_recovered	25	1	144:25	308:25	+0x2:25	exact:25
527	0x36ecdc-0x36ef16			out_of_recovered	23	1	122:23	145:23	+0x5:23	exact:23
528	0x36ef2c-0x36ef3e			out_of_recovered	22	1	108:22	302:22	+0x2:22	exact:22
399	0x33f6f6-0x33f708	399	0x33f6f6-0x33f708	intra_block	20	4	258:5,215:5,196:5,187:5	215:5,196:5,187:5,173:5	+0x4:10,+0x3:5,+0x5:5	exact:20
420	0x34264c-0x3427cd			out_of_recovered	19	1	52:19	210:19	+0x5:19	exact:19
324	0x33170b-0x331945			out_of_recovered	18	1	122:18	210:18	+0x5:18	exact:18
409	0x340d9a-0x340f1b			out_of_recovered	18	1	52:18	75:18	+0x5:18	exact:18
421	0x3427e3-0x3427f5			out_of_recovered	18	1	108:18	266:18	+0x2:18	exact:18
39	0x11bb8f-0x11bbd4	39	0x11bb8f-0x11bbd4	intra_block	17	17	183:1,203:1,297:1,337:1,49:1,198:1,185:1,124:1	203:1,297:1,337:1,49:1,198:1,185:1,124:1,43:1	+0x4:7,+0x5:4,+0x3:3,+0x2:2,+0x6:1	exact:17
42	0x11bec4-0x11bf09	42	0x11bec4-0x11bf09	intra_block	17	17	183:1,66:1,196:1,64:1,79:1,198:1,200:1,203:1	66:1,196:1,64:1,79:1,198:1,200:1,203:1,258:1	+0x4:7,+0x5:4,+0x3:3,+0x2:2,+0x6:1	exact:17
45	0x11c211-0x11c256	45	0x11c211-0x11c256	intra_block	17	17	18:2,168:2,322:1,183:1,49:1,108:1,64:1,28:1	168:2,322:1,183:1,49:1,108:1,64:1,28:1,200:1	+0x4:7,+0x5:4,+0x3:3,+0x2:2,+0x6:1	exact:17
325	0x33195b-0x33196d			out_of_recovered	17	1	144:17	308:17	+0x2:17	exact:17
410	0x340f31-0x340f43			out_of_recovered	17	1	198:17	266:17	+0x2:17	exact:17
342	0x334a3d-0x334c7b			out_of_recovered	15	1	52:15	145:15	+0x5:15	exact:15
230	0x30eccb-0x30eeba			out_of_recovered	14	1	52:14	210:14	+0x5:14	exact:14
343	0x334c91-0x334ca3			out_of_recovered	14	1	144:14	117:14	+0x2:14	exact:14
514	0x36c839-0x36c873	514	0x36c839-0x36c873	intra_block	14	14	172:2,322:1,91:1,337:1,269:1,256:1,203:1,307:1	307:2,322:1,91:1,337:1,269:1,256:1,203:1,140:1	+0x4:8,+0x5:2,+0x2:2,+0x3:1,+0x6:1	exact:14
231	0x30eed0-0x30eee2			out_of_recovered	13	1	352:13	117:13	+0x2:13	exact:13
82	0x121a8a-0x121aba	82	0x121a8a-0x121aba	intra_block	12	12	171:2,18:2,333:1,340:1,239:1,3:1,144:1,273:1	18:2,333:1,340:1,239:1,3:1,144:1,171:1,273:1	+0x4:5,+0x2:3,+0x3:2,+0x6:1,+0x5:1	exact:12
221	0x2bf97c-0x2bf9ac	221	0x2bf97c-0x2bf9ac	intra_block	12	12	165:2,157:2,258:1,185:1,124:1,49:1,144:1,322:1	157:2,258:1,185:1,124:1,49:1,144:1,165:1,322:1	+0x4:5,+0x2:3,+0x3:2,+0x6:1,+0x5:1	exact:12
319	0x31ea5c-0x31ea8c	319	0x31ea5c-0x31ea8c	intra_block	12	12	268:2,354:1,18:1,64:1,253:1,269:1,144:1,165:1	268:2,18:1,64:1,253:1,269:1,144:1,165:1,340:1	+0x4:5,+0x2:3,+0x3:2,+0x6:1,+0x5:1	exact:12
388	0x33dcce-0x33de22			out_of_recovered	12	1	123:12	264:12	+0x4:12	exact:12
389	0x33de30-0x33e02a			out_of_recovered	12	1	20:12	80:12	+0x4:12	exact:12
390	0x33e03b-0x33e14c			out_of_recovered	12	1	242:12	246:12	+0x5:12	exact:12
476	0x365458-0x365488	476	0x365458-0x365488	intra_block	12	12	165:2,28:2,189:1,268:1,253:1,220:1,173:1,258:1	28:2,189:1,268:1,253:1,220:1,173:1,165:1,258:1	+0x4:5,+0x2:3,+0x3:2,+0x6:1,+0x5:1	exact:12
490	0x368de9-0x368e1b	490	0x368de9-0x368e1b	intra_block	12	12	121:1,180:1,307:1,114:1,220:1,198:1,199:1,337:1	337:2,180:1,307:1,114:1,220:1,198:1,199:1,124:1	+0x4:5,+0x3:2,+0x5:2,+0x2:2,+0x6:1	exact:12
402	0x33fe02-0x340193			out_of_recovered	11	1	122:11	210:11	+0x5:11	exact:11
413	0x3416b4-0x341a45			out_of_recovered	11	1	122:11	145:11	+0x5:11	exact:11
430	0x343ccb-0x343f0c			out_of_recovered	11	1	122:11	316:11	+0x5:11	exact:11
505	0x36b38e-0x36b693			out_of_recovered	11	1	123:11	78:11	+0x4:11	exact:11
506	0x36b6a4-0x36b896			out_of_recovered	11	1	122:11	210:11	+0x5:11	exact:11
403	0x3401a9-0x3401bb			out_of_recovered	10	1	257:10	308:10	+0x2:10	exact:10
414	0x341a5b-0x341a6d			out_of_recovered	10	1	257:10	266:10	+0x2:10	exact:10
431	0x343f22-0x343f34			out_of_recovered	10	1	108:10	117:10	+0x2:10	exact:10
480	0x36772d-0x367c0e			out_of_recovered	10	1	122:10	210:10	+0x5:10	exact:10
507	0x36b8a7-0x36bb16			out_of_recovered	10	1	160:10	308:10	+0x2:10	exact:10
151	0x1a55c8-0x1a55ef	151	0x1a55c8-0x1a55ef	intra_block	9	9	28:1,189:1,168:1,3:1,173:1,317:1,292:1,332:1	189:1,168:1,3:1,173:1,317:1,292:1,332:1,18:1	+0x4:4,+0x3:2,+0x5:2,+0x2:1	exact:9
391	0x33e15d-0x33e2da			out_of_recovered	9	1	161:9	311:9	+0x4:9	exact:9
392	0x33e2e8-0x33e532			out_of_recovered	9	1	161:9	264:9	+0x4:9	exact:9
393	0x33e540-0x33e707			out_of_recovered	9	1	123:9	69:9	+0x4:9	exact:9
394	0x33e718-0x33e829			out_of_recovered	9	1	245:9	75:9	+0x5:9	exact:9
395	0x33e889-0x33e8d6			out_of_recovered	9	1	144:9	117:9	+0x2:9	exact:9
481	0x367c1f-0x367e8e			out_of_recovered	9	1	108:9	302:9	+0x2:9	exact:9
288	0x31aed4-0x31b31b			out_of_recovered	8	1	52:8	316:8	+0x5:8	exact:8
294	0x31be84-0x31c005			out_of_recovered	8	1	52:8	75:8	+0x5:8	exact:8
383	0x33cceb-0x33cd0f	383	0x33cceb-0x33cd0f	intra_block	8	8	189:1,157:1,49:1,108:1,349:1,332:1,17:1,185:1	157:1,49:1,108:1,349:1,332:1,17:1,185:1,52:1	+0x4:4,+0x5:2,+0x2:1,+0x3:1	exact:8
491	0x368e25-0x368e48	491	0x368e25-0x368e48	intra_block	8	8	66:2,157:1,49:1,144:1,154:1,317:1,282:1	66:2,49:1,144:1,154:1,317:1,282:1,52:1	+0x4:3,+0x3:2,+0x5:2,+0x2:1	exact:8
289	0x31b331-0x31b343			out_of_recovered	7	1	257:7	308:7	+0x2:7	exact:7
295	0x31c01b-0x31c02d			out_of_recovered	7	1	108:7	266:7	+0x2:7	exact:7
398	0x33f4f1-0x33f6e0			out_of_recovered	6	1	52:6	334:6	+0x5:6	exact:6
515	0x36c87d-0x36c899	515	0x36c87d-0x36c899	intra_block	6	6	83:1,352:1,18:1,90:1,254:1,330:1	352:1,18:1,90:1,254:1,330:1,52:1	+0x5:2,+0x4:2,+0x2:1,+0x3:1	exact:6
529	0x36ef46-0x36f427			out_of_recovered	6	1	52:6	246:6	+0x5:6	exact:6
0	0xd0ac0-0xd0c75			out_of_recovered	5	1	122:5	246:5	+0x5:5	exact:5
326	0x331975-0x331c7a			out_of_recovered	5	1	158:5	78:5	+0x4:5	exact:5
327	0x331c8b-0x331e7d			out_of_recovered	5	1	52:5	334:5	+0x5:5	exact:5
361	0x337e84-0x3386cd			out_of_recovered	5	1	52:5	145:5	+0x5:5	exact:5
377	0x33b647-0x33be94			out_of_recovered	5	1	122:5	246:5	+0x5:5	exact:5
399	0x33f6f6-0x33f708			out_of_recovered	5	1	173:5	117:5	+0x2:5	exact:5
411	0x340f4b-0x34142c			out_of_recovered	5	1	52:5	334:5	+0x5:5	exact:5
422	0x3427fd-0x342cde			out_of_recovered	5	1	52:5	145:5	+0x5:5	exact:5
530	0x36f438-0x36f6a7			out_of_recovered	5	1	144:5	117:5	+0x2:5	exact:5
1	0xd0c86-0xd0d43			out_of_recovered	4	1	174:4	264:4	+0x4:4	exact:4
2	0xd0d51-0xd0eab			out_of_recovered	4	1	256:4	302:4	+0x2:4	exact:4
60	0x11de27-0x11de39	60	0x11de27-0x11de39	intra_block	4	4	157:1,258:1,185:1,3:1	258:1,185:1,3:1,256:1	+0x4:2,+0x3:1,+0x5:1	exact:4
194	0x26cd71-0x26cf1b			out_of_recovered	4	1	242:4	145:4	+0x5:4	exact:4
195	0x26db07-0x26dc71			out_of_recovered	4	1	123:4	264:4	+0x4:4	exact:4
196	0x26dc7b-0x26dee4			out_of_recovered	4	1	176:4	311:4	+0x4:4	exact:4
197	0x26deee-0x26e157			out_of_recovered	4	1	174:4	356:4	+0x4:4	exact:4
198	0x26e161-0x26e3ca			out_of_recovered	4	1	158:4	95:4	+0x4:4	exact:4
199	0x26e3d4-0x26e63d			out_of_recovered	4	1	158:4	311:4	+0x4:4	exact:4
200	0x26e647-0x26e8b0			out_of_recovered	4	1	123:4	264:4	+0x4:4	exact:4
201	0x26e8ba-0x26ebb3			out_of_recovered	4	1	174:4	311:4	+0x4:4	exact:4
202	0x26ebbd-0x26ee26			out_of_recovered	4	1	176:4	95:4	+0x4:4	exact:4
203	0x26ee30-0x26f077			out_of_recovered	4	1	161:4	195:4	+0x4:4	exact:4
232	0x30eeea-0x30f3c5			out_of_recovered	4	1	122:4	316:4	+0x5:4	exact:4
292	0x31ba3d-0x31bbf9			out_of_recovered	4	1	122:4	145:4	+0x5:4	exact:4
299	0x31c7a7-0x31c963			out_of_recovered	4	1	122:4	210:4	+0x5:4	exact:4
317	0x31e749-0x31e75d	317	0x31e749-0x31e75d	intra_block	4	4	196:1,253:1,297:1,79:1	253:1,297:1,79:1,198:1	+0x4:1,+0x6:1,+0x3:1,+0x5:1	exact:4
328	0x331e8e-0x3320fd			out_of_recovered	4	1	256:4	117:4	+0x2:4	exact:4
344	0x334cab-0x33518c			out_of_recovered	4	1	122:4	75:4	+0x5:4	exact:4
362	0x3386de-0x3387d9			out_of_recovered	4	1	158:4	69:4	+0x4:4	exact:4
363	0x3387ea-0x338e10			out_of_recovered	4	1	257:4	266:4	+0x2:4	exact:4
378	0x33bea5-0x33c5b0			out_of_recovered	4	1	173:4	117:4	+0x2:4	exact:4
412	0x34143d-0x3416ac			out_of_recovered	4	1	257:4	266:4	+0x2:4	exact:4
423	0x342cef-0x342f5e			out_of_recovered	4	1	173:4	308:4	+0x2:4	exact:4
447	0x3613bb-0x361577			out_of_recovered	4	1	52:4	246:4	+0x5:4	exact:4
457	0x362b2a-0x362ce6			out_of_recovered	4	1	52:4	334:4	+0x5:4	exact:4
482	0x367e96-0x368052			out_of_recovered	4	1	52:4	75:4	+0x5:4	exact:4
492	0x368e58-0x36906d			out_of_recovered	4	1	174:4	216:4	+0x4:4	exact:4
493	0x36907b-0x369275			out_of_recovered	4	1	174:4	321:4	+0x4:4	exact:4
494	0x369286-0x369397			out_of_recovered	4	1	125:4	246:4	+0x5:4	exact:4
516	0x36c8aa-0x36cabe			out_of_recovered	4	1	174:4	216:4	+0x4:4	exact:4
517	0x36cacc-0x36ccc6			out_of_recovered	4	1	174:4	50:4	+0x4:4	exact:4
518	0x36ccd7-0x36cde8			out_of_recovered	4	1	125:4	334:4	+0x5:4	exact:4
211	0x2935eb-0x2935fd	211	0x2935eb-0x2935fd	intra_block	3	3	64:1,253:1,28:1	253:1,28:1,52:1	+0x4:1,+0x6:1,+0x3:1	exact:3
212	0x29360e-0x293620	212	0x29360e-0x293620	intra_block	3	3	140:1,347:1,28:1	347:1,28:1,52:1	+0x6:1,+0x4:1,+0x3:1	exact:3
213	0x293630-0x293643	213	0x293630-0x293643	intra_block	3	3	268:1,239:1,64:1	239:1,64:1,52:1	+0x4:2,+0x6:1	exact:3
214	0x293654-0x293666	214	0x293654-0x293666	intra_block	3	3	199:1,172:1,124:1	172:1,124:1,52:1	+0x3:1,+0x4:1,+0x6:1	exact:3
215	0x293677-0x293689	215	0x293677-0x293689	intra_block	3	3	345:1,297:1,64:1	297:1,64:1,122:1	+0x6:1,+0x3:1,+0x4:1	exact:3
233	0x30f3d6-0x30f645			out_of_recovered	3	1	144:3	266:3	+0x2:3	exact:3
293	0x31bc0a-0x31be7c			out_of_recovered	3	1	160:3	302:3	+0x2:3	exact:3
300	0x31c974-0x31cbe6			out_of_recovered	3	1	173:3	117:3	+0x2:3	exact:3
345	0x33519c-0x33540c			out_of_recovered	3	1	108:3	266:3	+0x2:3	exact:3
346	0x335414-0x3355d0			out_of_recovered	3	1	122:3	210:3	+0x5:3	exact:3
387	0x33db28-0x33dcbd			out_of_recovered	3	1	52:3	210:3	+0x5:3	exact:3
396	0x33e8de-0x33e9e2			out_of_recovered	3	1	20:3	299:3	+0x4:3	exact:3
404	0x3401c3-0x3404c8			out_of_recovered	3	1	184:3	321:3	+0x4:3	exact:3
405	0x3404d5-0x3406cb			out_of_recovered	3	1	122:3	316:3	+0x5:3	exact:3
407	0x340953-0x340b0f			out_of_recovered	3	1	52:3	210:3	+0x5:3	exact:3
415	0x341a75-0x341d7a			out_of_recovered	3	1	123:3	321:3	+0x4:3	exact:3
416	0x341d87-0x341f7d			out_of_recovered	3	1	52:3	246:3	+0x5:3	exact:3
418	0x342205-0x3423c1			out_of_recovered	3	1	52:3	246:3	+0x5:3	exact:3
424	0x342f66-0x343122			out_of_recovered	3	1	52:3	75:3	+0x5:3	exact:3
445	0x360afc-0x361133			out_of_recovered	3	1	52:3	75:3	+0x5:3	exact:3
448	0x361587-0x3617fa			out_of_recovered	3	1	160:3	308:3	+0x2:3	exact:3
458	0x362cf7-0x362f69			out_of_recovered	3	1	144:3	302:3	+0x2:3	exact:3
483	0x368063-0x3682d5			out_of_recovered	3	1	108:3	308:3	+0x2:3	exact:3
495	0x3693a8-0x369525			out_of_recovered	3	1	174:3	356:3	+0x4:3	exact:3
496	0x369533-0x36977c			out_of_recovered	3	1	174:3	278:3	+0x4:3	exact:3
497	0x36978a-0x369951			out_of_recovered	3	1	176:3	69:3	+0x4:3	exact:3
498	0x369962-0x369a73			out_of_recovered	3	1	242:3	145:3	+0x5:3	exact:3
499	0x369ad3-0x369b20			out_of_recovered	3	1	257:3	117:3	+0x2:3	exact:3
519	0x36cdf9-0x36cf76			out_of_recovered	3	1	184:3	356:3	+0x4:3	exact:3
520	0x36cf84-0x36d1cd			out_of_recovered	3	1	161:3	216:3	+0x4:3	exact:3
521	0x36d1db-0x36d3a2			out_of_recovered	3	1	20:3	80:3	+0x4:3	exact:3
522	0x36d3b3-0x36d4c4			out_of_recovered	3	1	125:3	210:3	+0x5:3	exact:3
523	0x36d524-0x36d571			out_of_recovered	3	1	256:3	117:3	+0x2:3	exact:3
531	0x36f6af-0x36f86b			out_of_recovered	3	1	52:3	145:3	+0x5:3	exact:3
178	0x249468-0x24972b			out_of_recovered	2	1	184:2	264:2	+0x4:2	exact:2
179	0x249739-0x249956			out_of_recovered	2	1	20:2	95:2	+0x4:2	exact:2
180	0x249964-0x249b99			out_of_recovered	2	1	176:2	278:2	+0x4:2	exact:2
181	0x249ba7-0x249ddc			out_of_recovered	2	1	176:2	95:2	+0x4:2	exact:2
182	0x249dea-0x24a01f			out_of_recovered	2	1	174:2	95:2	+0x4:2	exact:2
183	0x24a02d-0x24a292			out_of_recovered	2	1	184:2	95:2	+0x4:2	exact:2
184	0x24a2a0-0x24a4d5			out_of_recovered	2	1	176:2	311:2	+0x4:2	exact:2
185	0x24a4e3-0x24a8c5			out_of_recovered	2	1	184:2	216:2	+0x4:2	exact:2
186	0x24a8d3-0x24ab6a			out_of_recovered	2	1	161:2	95:2	+0x4:2	exact:2
187	0x24ab78-0x24ae0f			out_of_recovered	2	1	123:2	216:2	+0x4:2	exact:2
188	0x24ae1d-0x24b052			out_of_recovered	2	1	174:2	356:2	+0x4:2	exact:2
189	0x24b060-0x24b39b			out_of_recovered	2	1	184:2	278:2	+0x4:2	exact:2
190	0x24b3a9-0x24b640			out_of_recovered	2	1	123:2	95:2	+0x4:2	exact:2
191	0x24b64e-0x24b883			out_of_recovered	2	1	176:2	278:2	+0x4:2	exact:2
192	0x24b891-0x24bb69			out_of_recovered	2	1	174:2	95:2	+0x4:2	exact:2
193	0x24bb77-0x24bd2a			out_of_recovered	2	1	20:2	299:2	+0x4:2	exact:2
206	0x292df6-0x293001			out_of_recovered	2	1	158:2	264:2	+0x4:2	exact:2
207	0x29300f-0x293222			out_of_recovered	2	1	123:2	78:2	+0x4:2	exact:2
290	0x31b34b-0x31b82c			out_of_recovered	2	1	122:2	75:2	+0x5:2	exact:2
296	0x31c035-0x31c33a			out_of_recovered	2	1	176:2	69:2	+0x4:2	exact:2
297	0x31c34b-0x31c596			out_of_recovered	2	1	52:2	210:2	+0x5:2	exact:2
347	0x3355e0-0x335853			out_of_recovered	2	1	256:2	308:2	+0x2:2	exact:2
400	0x33f710-0x33fbf1			out_of_recovered	2	1	52:2	246:2	+0x5:2	exact:2
406	0x3406dc-0x34094b			out_of_recovered	2	1	160:2	117:2	+0x2:2	exact:2
408	0x340b20-0x340d92			out_of_recovered	2	1	257:2	266:2	+0x2:2	exact:2
417	0x341f8e-0x3421fd			out_of_recovered	2	1	144:2	308:2	+0x2:2	exact:2
419	0x3423d2-0x342644			out_of_recovered	2	1	144:2	117:2	+0x2:2	exact:2
425	0x343132-0x3433a5			out_of_recovered	2	1	160:2	302:2	+0x2:2	exact:2
446	0x361143-0x3613b3			out_of_recovered	2	1	352:2	308:2	+0x2:2	exact:2
454	0x362314-0x362716			out_of_recovered	2	1	158:2	69:2	+0x4:2	exact:2
455	0x362723-0x362919			out_of_recovered	2	1	122:2	316:2	+0x5:2	exact:2
464	0x363a83-0x36405b			out_of_recovered	2	1	52:2	316:2	+0x5:2	exact:2
532	0x36f87c-0x36faee			out_of_recovered	2	1	108:2	266:2	+0x2:2	exact:2
3	0xd0eb3-0xd1002			out_of_recovered	1	1	174:1	95:1	+0x4:1	exact:1
4	0xd1010-0xd1284			out_of_recovered	1	1	176:1	356:1	+0x4:1	exact:1
5	0xd1292-0xd1445			out_of_recovered	1	1	158:1	175:1	+0x4:1	exact:1
6	0xd3fac-0xd420b			out_of_recovered	1	1	174:1	321:1	+0x4:1	exact:1
7	0xd421c-0xd43cf			out_of_recovered	1	1	176:1	80:1	+0x4:1	exact:1
8	0xd43e0-0xd4561			out_of_recovered	1	1	352:1	334:1	+0x2:1	exact:1
9	0xd476e-0xd4889			out_of_recovered	1	1	161:1	264:1	+0x4:1	exact:1
10	0xd4897-0xd4a83			out_of_recovered	1	1	158:1	278:1	+0x4:1	exact:1
11	0xd4a91-0xd4beb			out_of_recovered	1	1	125:1	316:1	+0x5:1	exact:1
12	0xd4bfc-0xd4cb9			out_of_recovered	1	1	174:1	311:1	+0x4:1	exact:1
13	0xd4cc7-0xd4e92			out_of_recovered	1	1	123:1	101:1	+0x4:1	exact:1
14	0xd4e9f-0xd4f6b			out_of_recovered	1	1	184:1	85:1	+0x4:1	exact:1
15	0xd4f78-0xd5044			out_of_recovered	1	1	158:1	69:1	+0x4:1	exact:1
16	0xd5055-0xd521e			out_of_recovered	1	1	158:1	321:1	+0x4:1	exact:1
17	0xd522f-0xd53f8			out_of_recovered	1	1	20:1	284:1	+0x4:1	exact:1
18	0xd5405-0xd54d1			out_of_recovered	1	1	161:1	241:1	+0x4:1	exact:1
19	0xd54de-0xd5641			out_of_recovered	1	1	123:1	95:1	+0x4:1	exact:1
20	0xd564f-0xd57d4			out_of_recovered	1	1	52:1	75:1	+0x5:1	exact:1
21	0xd5a12-0xd5b17			out_of_recovered	1	1	176:1	264:1	+0x4:1	exact:1
22	0xd5b25-0xd5cfb			out_of_recovered	1	1	123:1	356:1	+0x4:1	exact:1
23	0xd5d09-0xd5ebc			out_of_recovered	1	1	123:1	195:1	+0x4:1	exact:1
24	0xd718e-0xd73ae			out_of_recovered	1	1	174:1	278:1	+0x4:1	exact:1
25	0xd73bc-0xd75f1			out_of_recovered	1	1	158:1	264:1	+0x4:1	exact:1
26	0xd75ff-0xd77c8			out_of_recovered	1	1	158:1	69:1	+0x4:1	exact:1
27	0xd77d9-0xd78ea			out_of_recovered	1	1	125:1	75:1	+0x5:1	exact:1
28	0xda38f-0xda4b0			out_of_recovered	1	1	184:1	264:1	+0x4:1	exact:1
29	0xda4be-0xda5e7			out_of_recovered	1	1	242:1	210:1	+0x5:1	exact:1
30	0xdac57-0xdad78			out_of_recovered	1	1	176:1	264:1	+0x4:1	exact:1
31	0xdad86-0xdaf39			out_of_recovered	1	1	184:1	195:1	+0x4:1	exact:1
32	0x11ac5e-0x11aee0			out_of_recovered	1	1	20:1	311:1	+0x4:1	exact:1
33	0x11aeee-0x11b122			out_of_recovered	1	1	176:1	278:1	+0x4:1	exact:1
34	0x11b130-0x11b364			out_of_recovered	1	1	174:1	311:1	+0x4:1	exact:1
35	0x11b372-0x11b5a6			out_of_recovered	1	1	176:1	356:1	+0x4:1	exact:1
36	0x11b5b4-0x11b7e8			out_of_recovered	1	1	174:1	311:1	+0x4:1	exact:1
37	0x11b7f6-0x11ba2a			out_of_recovered	1	1	176:1	356:1	+0x4:1	exact:1
38	0x11ba38-0x11bb7e			out_of_recovered	1	1	52:1	145:1	+0x5:1	exact:1
39	0x11bb8f-0x11bbd4			out_of_recovered	1	1	160:1	308:1	+0x2:1	exact:1
40	0x11bc28-0x11bd5f			out_of_recovered	1	1	123:1	278:1	+0x4:1	exact:1
41	0x11bd6d-0x11beb3			out_of_recovered	1	1	52:1	334:1	+0x5:1	exact:1
42	0x11bec4-0x11bf09			out_of_recovered	1	1	257:1	266:1	+0x2:1	exact:1
43	0x11bf5d-0x11c0ac			out_of_recovered	1	1	20:1	278:1	+0x4:1	exact:1
44	0x11c0ba-0x11c200			out_of_recovered	1	1	122:1	334:1	+0x5:1	exact:1
45	0x11c211-0x11c256			out_of_recovered	1	1	256:1	117:1	+0x2:1	exact:1
46	0x11c2aa-0x11c3f9			out_of_recovered	1	1	20:1	278:1	+0x4:1	exact:1
47	0x11c407-0x11c682			out_of_recovered	1	1	174:1	216:1	+0x4:1	exact:1
48	0x11c690-0x11ca2a			out_of_recovered	1	1	174:1	95:1	+0x4:1	exact:1
49	0x11ca38-0x11ccf7			out_of_recovered	1	1	161:1	216:1	+0x4:1	exact:1
50	0x11cd05-0x11cf21			out_of_recovered	1	1	174:1	356:1	+0x4:1	exact:1
51	0x11cf2f-0x11d207			out_of_recovered	1	1	161:1	278:1	+0x4:1	exact:1
52	0x11d215-0x11d3d3			out_of_recovered	1	1	158:1	264:1	+0x4:1	exact:1
53	0x11d3e1-0x11d6a2			out_of_recovered	1	1	176:1	95:1	+0x4:1	exact:1
54	0x11d6b0-0x11d91b			out_of_recovered	1	1	123:1	264:1	+0x4:1	exact:1
55	0x11d929-0x11da3a			out_of_recovered	1	1	245:1	145:1	+0x5:1	exact:1
56	0x11da4b-0x11db08			out_of_recovered	1	1	158:1	278:1	+0x4:1	exact:1
57	0x11db16-0x11dc27			out_of_recovered	1	1	245:1	210:1	+0x5:1	exact:1
58	0x11dc37-0x11dcf5			out_of_recovered	1	1	184:1	278:1	+0x4:1	exact:1
59	0x11dd03-0x11de14			out_of_recovered	1	1	245:1	210:1	+0x5:1	exact:1
60	0x11de27-0x11de39			out_of_recovered	1	1	256:1	266:1	+0x2:1	exact:1
61	0x11de9f-0x11e02d			out_of_recovered	1	1	161:1	78:1	+0x4:1	exact:1
62	0x11e03e-0x11e14f			out_of_recovered	1	1	125:1	316:1	+0x5:1	exact:1
63	0x11e15f-0x11e27c			out_of_recovered	1	1	176:1	95:1	+0x4:1	exact:1
64	0x11e28a-0x11e39b			out_of_recovered	1	1	125:1	75:1	+0x5:1	exact:1
65	0x11e574-0x11e695			out_of_recovered	1	1	20:1	95:1	+0x4:1	exact:1
66	0x11e6a3-0x11e962			out_of_recovered	1	1	184:1	95:1	+0x4:1	exact:1
67	0x11e970-0x11eb8c			out_of_recovered	1	1	123:1	264:1	+0x4:1	exact:1
68	0x11eb9a-0x11edcf			out_of_recovered	1	1	161:1	356:1	+0x4:1	exact:1
69	0x11eddd-0x11eeee			out_of_recovered	1	1	245:1	210:1	+0x5:1	exact:1
70	0x11ef65-0x11f1b9			out_of_recovered	1	1	123:1	5:1	+0x4:1	exact:1
71	0x11f1c5-0x11f39b			out_of_recovered	1	1	176:1	356:1	+0x4:1	exact:1
72	0x11f3a9-0x11f4ba			out_of_recovered	1	1	245:1	334:1	+0x5:1	exact:1
73	0x1209d2-0x120af4			out_of_recovered	1	1	174:1	264:1	+0x4:1	exact:1
74	0x120b02-0x120d67			out_of_recovered	1	1	123:1	356:1	+0x4:1	exact:1
75	0x120d75-0x120e9e			out_of_recovered	1	1	242:1	334:1	+0x5:1	exact:1
76	0x1210d6-0x121199			out_of_recovered	1	1	161:1	278:1	+0x4:1	exact:1
77	0x1211a7-0x121435			out_of_recovered	1	1	123:1	311:1	+0x4:1	exact:1
78	0x121443-0x121690			out_of_recovered	1	1	176:1	278:1	+0x4:1	exact:1
79	0x12169e-0x1217c7			out_of_recovered	1	1	125:1	316:1	+0x5:1	exact:1
80	0x1217d8-0x121924			out_of_recovered	1	1	123:1	278:1	+0x4:1	exact:1
81	0x121932-0x121a5b			out_of_recovered	1	1	242:1	334:1	+0x5:1	exact:1
82	0x121a8a-0x121aba			out_of_recovered	1	1	245:1	145:1	+0x5:1	exact:1
83	0x121b31-0x121c83			out_of_recovered	1	1	184:1	95:1	+0x4:1	exact:1
84	0x121c91-0x121ec6			out_of_recovered	1	1	176:1	278:1	+0x4:1	exact:1
85	0x121ed4-0x121ffd			out_of_recovered	1	1	125:1	334:1	+0x5:1	exact:1
86	0x122074-0x122196			out_of_recovered	1	1	174:1	356:1	+0x4:1	exact:1
87	0x1221a4-0x1222cd			out_of_recovered	1	1	245:1	145:1	+0x5:1	exact:1
88	0x122344-0x122466			out_of_recovered	1	1	20:1	264:1	+0x4:1	exact:1
89	0x122474-0x122615			out_of_recovered	1	1	52:1	75:1	+0x5:1	exact:1
90	0x122626-0x1226c6			out_of_recovered	1	1	122:1	334:1	+0x5:1	exact:1
91	0x122a46-0x122aaa			out_of_recovered	1	1	352:1	308:1	+0x2:1	exact:1
92	0x122aca-0x122c7b			out_of_recovered	1	1	184:1	278:1	+0x4:1	exact:1
93	0x122c89-0x122e3c			out_of_recovered	1	1	174:1	299:1	+0x4:1	exact:1
94	0x128952-0x128b72			out_of_recovered	1	1	123:1	278:1	+0x4:1	exact:1
95	0x128b80-0x128de7			out_of_recovered	1	1	161:1	95:1	+0x4:1	exact:1
96	0x128df5-0x12906f			out_of_recovered	1	1	174:1	278:1	+0x4:1	exact:1
97	0x1705a9-0x170856			out_of_recovered	1	1	176:1	311:1	+0x4:1	exact:1
98	0x170864-0x170b41			out_of_recovered	1	1	174:1	95:1	+0x4:1	exact:1
99	0x170b4f-0x170db1			out_of_recovered	1	1	161:1	95:1	+0x4:1	exact:1
100	0x170dbf-0x170fdb			out_of_recovered	1	1	20:1	264:1	+0x4:1	exact:1
101	0x170fe9-0x171205			out_of_recovered	1	1	158:1	216:1	+0x4:1	exact:1
102	0x171213-0x1714bc			out_of_recovered	1	1	20:1	264:1	+0x4:1	exact:1
103	0x1714ca-0x1717a7			out_of_recovered	1	1	174:1	264:1	+0x4:1	exact:1
104	0x1717b5-0x171a17			out_of_recovered	1	1	174:1	216:1	+0x4:1	exact:1
105	0x171a25-0x171c41			out_of_recovered	1	1	20:1	278:1	+0x4:1	exact:1
106	0x171c4f-0x171e6b			out_of_recovered	1	1	174:1	95:1	+0x4:1	exact:1
107	0x171e79-0x172122			out_of_recovered	1	1	174:1	278:1	+0x4:1	exact:1
108	0x172130-0x17240d			out_of_recovered	1	1	20:1	216:1	+0x4:1	exact:1
109	0x17241b-0x17264d			out_of_recovered	1	1	184:1	278:1	+0x4:1	exact:1
110	0x17265b-0x172877			out_of_recovered	1	1	174:1	311:1	+0x4:1	exact:1
111	0x172885-0x172aa1			out_of_recovered	1	1	174:1	356:1	+0x4:1	exact:1
112	0x172aaf-0x172d58			out_of_recovered	1	1	161:1	356:1	+0x4:1	exact:1
113	0x172d66-0x173043			out_of_recovered	1	1	158:1	95:1	+0x4:1	exact:1
114	0x173051-0x1732b3			out_of_recovered	1	1	174:1	216:1	+0x4:1	exact:1
115	0x1732c1-0x1734dd			out_of_recovered	1	1	174:1	311:1	+0x4:1	exact:1
116	0x1734eb-0x173707			out_of_recovered	1	1	20:1	278:1	+0x4:1	exact:1
117	0x173715-0x1739be			out_of_recovered	1	1	161:1	95:1	+0x4:1	exact:1
118	0x1739cc-0x173ca9			out_of_recovered	1	1	20:1	311:1	+0x4:1	exact:1
119	0x173cb7-0x173f19			out_of_recovered	1	1	20:1	216:1	+0x4:1	exact:1
120	0x173f27-0x174143			out_of_recovered	1	1	176:1	278:1	+0x4:1	exact:1
121	0x174151-0x17436d			out_of_recovered	1	1	184:1	264:1	+0x4:1	exact:1
122	0x17437b-0x17452e			out_of_recovered	1	1	123:1	299:1	+0x4:1	exact:1
123	0x176883-0x176aa5			out_of_recovered	1	1	174:1	264:1	+0x4:1	exact:1
124	0x176ab3-0x176c87			out_of_recovered	1	1	158:1	95:1	+0x4:1	exact:1
125	0x176c95-0x176e97			out_of_recovered	1	1	123:1	216:1	+0x4:1	exact:1
126	0x176ea5-0x1770e9			out_of_recovered	1	1	161:1	95:1	+0x4:1	exact:1
127	0x1770f7-0x1772fc			out_of_recovered	1	1	173:1	246:1	+0x2:1	exact:1
128	0x177353-0x1774b8			out_of_recovered	1	1	20:1	216:1	+0x4:1	exact:1
129	0x1774c6-0x17776f			out_of_recovered	1	1	176:1	356:1	+0x4:1	exact:1
130	0x17777d-0x177930			out_of_recovered	1	1	122:1	334:1	+0x5:1	exact:1
131	0x177940-0x177aeb			out_of_recovered	1	1	161:1	264:1	+0x4:1	exact:1
132	0x177af9-0x177c82			out_of_recovered	1	1	144:1	308:1	+0x2:1	exact:1
133	0x179f43-0x17a04f			out_of_recovered	1	1	184:1	278:1	+0x4:1	exact:1
134	0x17a05d-0x17a25f			out_of_recovered	1	1	176:1	264:1	+0x4:1	exact:1
135	0x17a26d-0x17a420			out_of_recovered	1	1	161:1	175:1	+0x4:1	exact:1
136	0x18b66f-0x18b88f			out_of_recovered	1	1	20:1	264:1	+0x4:1	exact:1
137	0x18b89d-0x18ba5b			out_of_recovered	1	1	158:1	95:1	+0x4:1	exact:1
138	0x18ba69-0x18bd8c			out_of_recovered	1	1	184:1	216:1	+0x4:1	exact:1
139	0x18bd9a-0x18beab			out_of_recovered	1	1	245:1	75:1	+0x5:1	exact:1
140	0x18bebc-0x18c07a			out_of_recovered	1	1	20:1	311:1	+0x4:1	exact:1
141	0x18c088-0x18c2a6			out_of_recovered	1	1	174:1	311:1	+0x4:1	exact:1
142	0x18c2b4-0x18c467			out_of_recovered	1	1	184:1	195:1	+0x4:1	exact:1
143	0x1a480d-0x1a4a91			out_of_recovered	1	1	123:1	311:1	+0x4:1	exact:1
144	0x1a4a9f-0x1a4c73			out_of_recovered	1	1	174:1	356:1	+0x4:1	exact:1
145	0x1a4c81-0x1a4daa			out_of_recovered	1	1	125:1	334:1	+0x5:1	exact:1
146	0x1a4dbb-0x1a4fc9			out_of_recovered	1	1	161:1	356:1	+0x4:1	exact:1
147	0x1a4fd7-0x1a519e			out_of_recovered	1	1	176:1	80:1	+0x4:1	exact:1
148	0x1a51af-0x1a52c0			out_of_recovered	1	1	245:1	75:1	+0x5:1	exact:1
149	0x1a52d0-0x1a5438			out_of_recovered	1	1	176:1	278:1	+0x4:1	exact:1
150	0x1a5446-0x1a55be			out_of_recovered	1	1	256:1	259:1	+0x2:1	exact:1
151	0x1a55c8-0x1a55ef			out_of_recovered	1	1	122:1	145:1	+0x5:1	exact:1
152	0x1a5600-0x1a5793			out_of_recovered	1	1	176:1	278:1	+0x4:1	exact:1
153	0x1a57a1-0x1a5968			out_of_recovered	1	1	161:1	321:1	+0x4:1	exact:1
154	0x1a5979-0x1a5a8a			out_of_recovered	1	1	245:1	316:1	+0x5:1	exact:1
155	0x1a5a9a-0x1a5d7e			out_of_recovered	1	1	184:1	311:1	+0x4:1	exact:1
156	0x1a5d8c-0x1a5ee8			out_of_recovered	1	1	198:1	117:1	+0x2:1	exact:1
157	0x1a5f3d-0x1a6041			out_of_recovered	1	1	174:1	175:1	+0x4:1	exact:1
158	0x1ec0ab-0x1ec347			out_of_recovered	1	1	20:1	356:1	+0x4:1	exact:1
159	0x1ec355-0x1ec466			out_of_recovered	1	1	245:1	316:1	+0x5:1	exact:1
160	0x1ec477-0x1ec5c3			out_of_recovered	1	1	161:1	278:1	+0x4:1	exact:1
161	0x1ec5d1-0x1ec87a			out_of_recovered	1	1	176:1	216:1	+0x4:1	exact:1
162	0x1ec888-0x1ecb65			out_of_recovered	1	1	123:1	264:1	+0x4:1	exact:1
163	0x1ecb73-0x1ecdd5			out_of_recovered	1	1	174:1	278:1	+0x4:1	exact:1
164	0x1ecde3-0x1ecfff			out_of_recovered	1	1	184:1	311:1	+0x4:1	exact:1
165	0x1ed00d-0x1ed229			out_of_recovered	1	1	123:1	278:1	+0x4:1	exact:1
166	0x1ed237-0x1ed483			out_of_recovered	1	1	161:1	195:1	+0x4:1	exact:1
170	0x2303be-0x2304b8			out_of_recovered	1	1	184:1	195:1	+0x4:1	exact:1
175	0x2316bf-0x23188a			out_of_recovered	1	1	161:1	241:1	+0x4:1	exact:1
176	0x231897-0x2319b3			out_of_recovered	1	1	174:1	278:1	+0x4:1	exact:1
177	0x2319c1-0x231b74			out_of_recovered	1	1	174:1	195:1	+0x4:1	exact:1
204	0x292986-0x292b48			out_of_recovered	1	1	174:1	95:1	+0x4:1	exact:1
205	0x292b56-0x292de8			out_of_recovered	1	1	20:1	278:1	+0x4:1	exact:1
208	0x293233-0x293344			out_of_recovered	1	1	125:1	334:1	+0x5:1	exact:1
209	0x293355-0x293470			out_of_recovered	1	1	123:1	216:1	+0x4:1	exact:1
210	0x29347e-0x2935da			out_of_recovered	1	1	122:1	210:1	+0x5:1	exact:1
211	0x2935eb-0x2935fd			out_of_recovered	1	1	52:1	75:1	+0x5:1	exact:1
212	0x29360e-0x293620			out_of_recovered	1	1	52:1	145:1	+0x5:1	exact:1
213	0x293630-0x293643			out_of_recovered	1	1	52:1	75:1	+0x5:1	exact:1
214	0x293654-0x293666			out_of_recovered	1	1	52:1	316:1	+0x5:1	exact:1
215	0x293677-0x293689			out_of_recovered	1	1	122:1	246:1	+0x5:1	exact:1
216	0x2bec2e-0x2bed4f			out_of_recovered	1	1	184:1	264:1	+0x4:1	exact:1
217	0x2bed5d-0x2bef26			out_of_recovered	1	1	176:1	80:1	+0x4:1	exact:1
218	0x2bef37-0x2bf048			out_of_recovered	1	1	125:1	75:1	+0x5:1	exact:1
219	0x2bf297-0x2bf3b8			out_of_recovered	1	1	123:1	216:1	+0x4:1	exact:1
220	0x2bf3c6-0x2bf4ef			out_of_recovered	1	1	245:1	334:1	+0x5:1	exact:1
221	0x2bf97c-0x2bf9ac			out_of_recovered	1	1	242:1	316:1	+0x5:1	exact:1
222	0x2bfe6f-0x2bff90			out_of_recovered	1	1	176:1	216:1	+0x4:1	exact:1
223	0x2bff9e-0x2c0230			out_of_recovered	1	1	158:1	264:1	+0x4:1	exact:1
224	0x2c023e-0x2c045a			out_of_recovered	1	1	123:1	356:1	+0x4:1	exact:1
225	0x2c0493-0x2c0591			out_of_recovered	1	1	245:1	334:1	+0x5:1	exact:1
226	0x2c1156-0x2c1277			out_of_recovered	1	1	158:1	264:1	+0x4:1	exact:1
227	0x2c1285-0x2c13cd			out_of_recovered	1	1	160:1	266:1	+0x2:1	exact:1
228	0x30e872-0x30ea96			out_of_recovered	1	1	184:1	311:1	+0x4:1	exact:1
229	0x30eaa0-0x30ecc1			out_of_recovered	1	1	176:1	356:1	+0x4:1	exact:1
234	0x30f64d-0x30fa0f			out_of_recovered	1	1	176:1	216:1	+0x4:1	exact:1
235	0x30fa19-0x30fc65			out_of_recovered	1	1	20:1	311:1	+0x4:1	exact:1
236	0x30fc6f-0x30fd84			out_of_recovered	1	1	242:1	210:1	+0x5:1	exact:1
237	0x30fd95-0x30ff42			out_of_recovered	1	1	123:1	216:1	+0x4:1	exact:1
238	0x30ff4c-0x310212			out_of_recovered	1	1	174:1	264:1	+0x4:1	exact:1
239	0x31021c-0x31043c			out_of_recovered	1	1	20:1	278:1	+0x4:1	exact:1
240	0x310446-0x31070f			out_of_recovered	1	1	123:1	95:1	+0x4:1	exact:1
241	0x310719-0x3109c8			out_of_recovered	1	1	123:1	95:1	+0x4:1	exact:1
282	0x315cc8-0x315de9			out_of_recovered	1	1	184:1	311:1	+0x4:1	exact:1
283	0x315df3-0x316016			out_of_recovered	1	1	158:1	216:1	+0x4:1	exact:1
284	0x316020-0x316287			out_of_recovered	1	1	161:1	216:1	+0x4:1	exact:1
285	0x316291-0x3164b1			out_of_recovered	1	1	123:1	356:1	+0x4:1	exact:1
286	0x3164bb-0x316672			out_of_recovered	1	1	123:1	175:1	+0x4:1	exact:1
287	0x31aa27-0x31aec3			out_of_recovered	1	1	158:1	321:1	+0x4:1	exact:1
291	0x31b83d-0x31ba35			out_of_recovered	1	1	160:1	308:1	+0x2:1	exact:1
298	0x31c5a7-0x31c79f			out_of_recovered	1	1	256:1	266:1	+0x2:1	exact:1
301	0x31cbee-0x31cd8c			out_of_recovered	1	1	174:1	278:1	+0x4:1	exact:1
302	0x31cd9a-0x31cfb6			out_of_recovered	1	1	174:1	95:1	+0x4:1	exact:1
303	0x31cfc4-0x31d273			out_of_recovered	1	1	184:1	278:1	+0x4:1	exact:1
304	0x31d281-0x31d49d			out_of_recovered	1	1	158:1	264:1	+0x4:1	exact:1
305	0x31d4ab-0x31d75a			out_of_recovered	1	1	161:1	311:1	+0x4:1	exact:1
306	0x31d768-0x31d984			out_of_recovered	1	1	158:1	216:1	+0x4:1	exact:1
307	0x31d992-0x31dc41			out_of_recovered	1	1	158:1	356:1	+0x4:1	exact:1
308	0x31dc4f-0x31dd95			out_of_recovered	1	1	122:1	334:1	+0x5:1	exact:1
309	0x31df8f-0x31e052			out_of_recovered	1	1	174:1	311:1	+0x4:1	exact:1
310	0x31e060-0x31e171			out_of_recovered	1	1	125:1	145:1	+0x5:1	exact:1
311	0x31e182-0x31e23f			out_of_recovered	1	1	123:1	216:1	+0x4:1	exact:1
312	0x31e24d-0x31e35e			out_of_recovered	1	1	125:1	316:1	+0x5:1	exact:1
313	0x31e36f-0x31e42c			out_of_recovered	1	1	161:1	356:1	+0x4:1	exact:1
314	0x31e43a-0x31e54b			out_of_recovered	1	1	245:1	75:1	+0x5:1	exact:1
315	0x31e55c-0x31e619			out_of_recovered	1	1	20:1	95:1	+0x4:1	exact:1
316	0x31e627-0x31e738			out_of_recovered	1	1	125:1	246:1	+0x5:1	exact:1
317	0x31e749-0x31e75d			out_of_recovered	1	1	198:1	117:1	+0x2:1	exact:1
318	0x31e77f-0x31e842			out_of_recovered	1	1	125:1	246:1	+0x5:1	exact:1
319	0x31ea5c-0x31ea8c			out_of_recovered	1	1	242:1	316:1	+0x5:1	exact:1
320	0x31eae4-0x31ec6a			out_of_recovered	1	1	184:1	311:1	+0x4:1	exact:1
321	0x31ec78-0x31eead			out_of_recovered	1	1	161:1	264:1	+0x4:1	exact:1
322	0x31eebb-0x31f0f0			out_of_recovered	1	1	184:1	264:1	+0x4:1	exact:1
323	0x31f0fe-0x31f2b1			out_of_recovered	1	1	184:1	195:1	+0x4:1	exact:1
329	0x332105-0x332469			out_of_recovered	1	1	174:1	356:1	+0x4:1	exact:1
330	0x332477-0x3326a9			out_of_recovered	1	1	123:1	216:1	+0x4:1	exact:1
331	0x3326b7-0x33292f			out_of_recovered	1	1	158:1	356:1	+0x4:1	exact:1
332	0x33293d-0x332b71			out_of_recovered	1	1	176:1	95:1	+0x4:1	exact:1
333	0x332b7f-0x332de3			out_of_recovered	1	1	161:1	278:1	+0x4:1	exact:1
334	0x332df1-0x332f80			out_of_recovered	1	1	122:1	210:1	+0x5:1	exact:1
335	0x332f90-0x333123			out_of_recovered	1	1	174:1	95:1	+0x4:1	exact:1
336	0x333131-0x3332c0			out_of_recovered	1	1	122:1	246:1	+0x5:1	exact:1
337	0x3332d1-0x3334ac			out_of_recovered	1	1	123:1	356:1	+0x4:1	exact:1
338	0x3334ba-0x333722			out_of_recovered	1	1	176:1	311:1	+0x4:1	exact:1
339	0x333730-0x33382d			out_of_recovered	1	1	295:1	302:1	+0x5:1	exact:1
340	0x333882-0x333a08			out_of_recovered	1	1	184:1	216:1	+0x4:1	exact:1
341	0x333a16-0x333bc9			out_of_recovered	1	1	174:1	195:1	+0x4:1	exact:1
348	0x33585b-0x3359af			out_of_recovered	1	1	174:1	311:1	+0x4:1	exact:1
349	0x3359b9-0x335bef			out_of_recovered	1	1	174:1	264:1	+0x4:1	exact:1
350	0x335bf9-0x335e75			out_of_recovered	1	1	176:1	95:1	+0x4:1	exact:1
351	0x335e7f-0x3360b7			out_of_recovered	1	1	184:1	216:1	+0x4:1	exact:1
352	0x3360c1-0x336329			out_of_recovered	1	1	20:1	356:1	+0x4:1	exact:1
353	0x336333-0x3364c6			out_of_recovered	1	1	52:1	334:1	+0x5:1	exact:1
354	0x3364d7-0x336669			out_of_recovered	1	1	176:1	216:1	+0x4:1	exact:1
355	0x336673-0x336806			out_of_recovered	1	1	122:1	145:1	+0x5:1	exact:1
356	0x336817-0x3369f2			out_of_recovered	1	1	20:1	95:1	+0x4:1	exact:1
357	0x3369fc-0x336c68			out_of_recovered	1	1	176:1	95:1	+0x4:1	exact:1
358	0x336c72-0x336d73			out_of_recovered	1	1	283:1	302:1	+0x5:1	exact:1
359	0x336dc8-0x336f4e			out_of_recovered	1	1	176:1	216:1	+0x4:1	exact:1
360	0x336f58-0x33710f			out_of_recovered	1	1	176:1	299:1	+0x4:1	exact:1
364	0x338e18-0x338f6c			out_of_recovered	1	1	176:1	95:1	+0x4:1	exact:1
365	0x338f7a-0x3391ac			out_of_recovered	1	1	123:1	278:1	+0x4:1	exact:1
366	0x3391ba-0x339432			out_of_recovered	1	1	184:1	95:1	+0x4:1	exact:1
367	0x339440-0x339674			out_of_recovered	1	1	161:1	356:1	+0x4:1	exact:1
368	0x339682-0x3398e6			out_of_recovered	1	1	184:1	356:1	+0x4:1	exact:1
369	0x3398f4-0x339a83			out_of_recovered	1	1	122:1	316:1	+0x5:1	exact:1
370	0x339a94-0x339c26			out_of_recovered	1	1	158:1	264:1	+0x4:1	exact:1
371	0x339c34-0x339dc3			out_of_recovered	1	1	122:1	246:1	+0x5:1	exact:1
372	0x339dd4-0x339faf			out_of_recovered	1	1	20:1	216:1	+0x4:1	exact:1
373	0x339fbd-0x33a225			out_of_recovered	1	1	174:1	356:1	+0x4:1	exact:1
374	0x33a233-0x33a330			out_of_recovered	1	1	295:1	308:1	+0x5:1	exact:1
375	0x33a385-0x33a50b			out_of_recovered	1	1	123:1	264:1	+0x4:1	exact:1
376	0x33a519-0x33a6cc			out_of_recovered	1	1	176:1	299:1	+0x4:1	exact:1
379	0x33c5b8-0x33c76a			out_of_recovered	1	1	161:1	95:1	+0x4:1	exact:1
380	0x33c774-0x33c994			out_of_recovered	1	1	161:1	356:1	+0x4:1	exact:1
381	0x33c99e-0x33cb55			out_of_recovered	1	1	176:1	78:1	+0x4:1	exact:1
382	0x33cb62-0x33cce1			out_of_recovered	1	1	185:1	314:1	+0x3:1	exact:1
383	0x33cceb-0x33cd0f			out_of_recovered	1	1	52:1	316:1	+0x5:1	exact:1
384	0x33cd1f-0x33ce87			out_of_recovered	1	1	184:1	216:1	+0x4:1	exact:1
385	0x33ce91-0x33d118			out_of_recovered	1	1	161:1	278:1	+0x4:1	exact:1
386	0x33d122-0x33d2d9			out_of_recovered	1	1	176:1	195:1	+0x4:1	exact:1
397	0x33f278-0x33f4e7			out_of_recovered	1	1	161:1	216:1	+0x4:1	exact:1
401	0x33fc02-0x33fdfa			out_of_recovered	1	1	173:1	308:1	+0x2:1	exact:1
426	0x3433ad-0x34355f			out_of_recovered	1	1	123:1	311:1	+0x4:1	exact:1
427	0x343569-0x34367e			out_of_recovered	1	1	125:1	145:1	+0x5:1	exact:1
428	0x34368f-0x343a80			out_of_recovered	1	1	184:1	264:1	+0x4:1	exact:1
429	0x343a8a-0x343cc1			out_of_recovered	1	1	174:1	264:1	+0x4:1	exact:1
432	0x343f3c-0x34402b			out_of_recovered	1	1	176:1	216:1	+0x4:1	exact:1
433	0x344035-0x3442ca			out_of_recovered	1	1	184:1	216:1	+0x4:1	exact:1
434	0x3442d4-0x34459b			out_of_recovered	1	1	123:1	264:1	+0x4:1	exact:1
435	0x3445a5-0x344875			out_of_recovered	1	1	123:1	278:1	+0x4:1	exact:1
436	0x34487f-0x344ab8			out_of_recovered	1	1	158:1	264:1	+0x4:1	exact:1
437	0x344ac2-0x344cfb			out_of_recovered	1	1	20:1	356:1	+0x4:1	exact:1
438	0x344d05-0x344f3e			out_of_recovered	1	1	174:1	356:1	+0x4:1	exact:1
439	0x344f48-0x345181			out_of_recovered	1	1	20:1	264:1	+0x4:1	exact:1
440	0x34518b-0x3453ab			out_of_recovered	1	1	174:1	264:1	+0x4:1	exact:1
441	0x3453b5-0x34556c			out_of_recovered	1	1	176:1	175:1	+0x4:1	exact:1
442	0x3603af-0x36060a			out_of_recovered	1	1	161:1	311:1	+0x4:1	exact:1
443	0x360614-0x360834			out_of_recovered	1	1	184:1	278:1	+0x4:1	exact:1
444	0x36083e-0x360af2			out_of_recovered	1	1	184:1	278:1	+0x4:1	exact:1
449	0x361802-0x361923			out_of_recovered	1	1	184:1	311:1	+0x4:1	exact:1
450	0x36192d-0x361be0			out_of_recovered	1	1	176:1	216:1	+0x4:1	exact:1
451	0x361bea-0x361e22			out_of_recovered	1	1	174:1	278:1	+0x4:1	exact:1
452	0x361e2c-0x36204c			out_of_recovered	1	1	158:1	264:1	+0x4:1	exact:1
453	0x362056-0x36230a			out_of_recovered	1	1	161:1	95:1	+0x4:1	exact:1
456	0x36292a-0x362b22			out_of_recovered	1	1	160:1	117:1	+0x2:1	exact:1
459	0x362f71-0x363092			out_of_recovered	1	1	20:1	356:1	+0x4:1	exact:1
460	0x36309c-0x36334f			out_of_recovered	1	1	176:1	95:1	+0x4:1	exact:1
461	0x363359-0x363591			out_of_recovered	1	1	123:1	216:1	+0x4:1	exact:1
462	0x36359b-0x3637bb			out_of_recovered	1	1	158:1	216:1	+0x4:1	exact:1
463	0x3637c5-0x363a79			out_of_recovered	1	1	123:1	264:1	+0x4:1	exact:1
465	0x36406b-0x364264			out_of_recovered	1	1	108:1	266:1	+0x2:1	exact:1
466	0x36426c-0x36459d			out_of_recovered	1	1	184:1	278:1	+0x4:1	exact:1
467	0x3645a7-0x36485a			out_of_recovered	1	1	184:1	356:1	+0x4:1	exact:1
468	0x364864-0x364a9c			out_of_recovered	1	1	161:1	95:1	+0x4:1	exact:1
469	0x364aa6-0x364c68			out_of_recovered	1	1	158:1	264:1	+0x4:1	exact:1
470	0x364c72-0x364d87			out_of_recovered	1	1	125:1	316:1	+0x5:1	exact:1
471	0x364d98-0x364e55			out_of_recovered	1	1	158:1	216:1	+0x4:1	exact:1
472	0x364e5f-0x364f74			out_of_recovered	1	1	242:1	334:1	+0x5:1	exact:1
473	0x364f84-0x365042			out_of_recovered	1	1	20:1	264:1	+0x4:1	exact:1
474	0x36504c-0x365161			out_of_recovered	1	1	125:1	334:1	+0x5:1	exact:1
475	0x365190-0x36523e			out_of_recovered	1	1	122:1	246:1	+0x5:1	exact:1
476	0x365458-0x365488			out_of_recovered	1	1	242:1	334:1	+0x5:1	exact:1
477	0x3654e0-0x3655e4			out_of_recovered	1	1	158:1	195:1	+0x4:1	exact:1
484	0x3682dd-0x36848f			out_of_recovered	1	1	123:1	311:1	+0x4:1	exact:1
485	0x36849d-0x3686b9			out_of_recovered	1	1	123:1	311:1	+0x4:1	exact:1
486	0x3686c7-0x368944			out_of_recovered	1	1	184:1	356:1	+0x4:1	exact:1
487	0x368952-0x368a98			out_of_recovered	1	1	122:1	75:1	+0x5:1	exact:1
488	0x368aa9-0x368c3b			out_of_recovered	1	1	174:1	356:1	+0x4:1	exact:1
489	0x368c49-0x368dd8			out_of_recovered	1	1	122:1	334:1	+0x5:1	exact:1
490	0x368de9-0x368e1b			out_of_recovered	1	1	337:1	276:1	+0x4:1	exact:1
491	0x368e25-0x368e48			out_of_recovered	1	1	52:1	334:1	+0x5:1	exact:1
500	0x369b28-0x369c4a			out_of_recovered	1	1	184:1	95:1	+0x4:1	exact:1
501	0x369c58-0x369edb			out_of_recovered	1	1	20:1	278:1	+0x4:1	exact:1
502	0x369ee9-0x36a09c			out_of_recovered	1	1	123:1	195:1	+0x4:1	exact:1
508	0x36bb1e-0x36bee0			out_of_recovered	1	1	158:1	95:1	+0x4:1	exact:1
509	0x36beee-0x36c10a			out_of_recovered	1	1	174:1	216:1	+0x4:1	exact:1
510	0x36c118-0x36c395			out_of_recovered	1	1	184:1	95:1	+0x4:1	exact:1
511	0x36c3a3-0x36c4e9			out_of_recovered	1	1	52:1	145:1	+0x5:1	exact:1
512	0x36c4fa-0x36c68c			out_of_recovered	1	1	161:1	216:1	+0x4:1	exact:1
513	0x36c69a-0x36c829			out_of_recovered	1	1	52:1	210:1	+0x5:1	exact:1
514	0x36c839-0x36c873			out_of_recovered	1	1	307:1	142:1	+0x3:1	exact:1
515	0x36c87d-0x36c899			out_of_recovered	1	1	52:1	75:1	+0x5:1	exact:1
524	0x36d579-0x36d69b			out_of_recovered	1	1	123:1	264:1	+0x4:1	exact:1
525	0x36d6a9-0x36d92c			out_of_recovered	1	1	158:1	264:1	+0x4:1	exact:1
526	0x36d93a-0x36daed			out_of_recovered	1	1	158:1	195:1	+0x4:1	exact:1
533	0x36faf6-0x36fca8			out_of_recovered	1	1	184:1	264:1	+0x4:1	exact:1
534	0x36fcb6-0x36fed4			out_of_recovered	1	1	158:1	356:1	+0x4:1	exact:1
535	0x36fee2-0x370127			out_of_recovered	1	1	20:1	69:1	+0x4:1	exact:1
536	0x370138-0x370249			out_of_recovered	1	1	242:1	246:1	+0x5:1	exact:1
554	0x371a63-0x371b85			out_of_recovered	1	1	123:1	95:1	+0x4:1	exact:1
555	0x371b93-0x371e16			out_of_recovered	1	1	123:1	311:1	+0x4:1	exact:1
556	0x371e24-0x371fd7			out_of_recovered	1	1	174:1	299:1	+0x4:1	exact:1
