[TRACE] caller=libselinux.so.1+0xee1d fopen64 path=/proc/filesystems mode=re
[TRACE] caller=timeout+0x324f7b mprotect addr=0x76edf559b000 len=0x1000 prot=0x0
[TRACE] caller=timeout+0x319b3f getenv name=LANG -> set
[TRACE] caller=timeout+0x33547e open64 path=/usr/share/coreutils/locales/uucore/en-US.ftl flags=0x80000
[TRACE] caller=timeout+0x33547e open64 path=/usr/share/coreutils/locales/timeout/en-US.ftl flags=0x80000
[TRACE] caller=timeout+0x319b3f getenv name=NO_COLOR -> set
[TRACE] caller=timeout+0x3124be recv fd=3 len=8 flags=0x0 ret=0 data=
[DRIVER] dlopen path=./eac.elf
[TRACE] caller=driver+0x1608 dlopen file=./eac.elf flags=0x2
[DRIVER] dlsym x=0x73ebec0380dc
[TRACE] caller=driver+0x26c5 getenv name=EAC_DISPATCH_TRACE -> set
[TRACE] caller=driver+0x26c5 getenv name=EAC_PROBE_TRACE -> null
[TRACE] caller=driver+0x1a99 getenv name=EAC_DISPATCH_LIMIT -> set
[TRACE] caller=driver+0x26c5 getenv name=EAC_DISPATCH_DETAIL -> null
[TRACE] caller=driver+0x1b01 getenv name=EAC_DISPATCH_STOP_AFTER_MATCHES -> null
[TRACE] caller=driver+0x1b2b getenv name=EAC_DISPATCH_EXTRA_SITES -> null
[TRACE] caller=driver+0x1b41 getenv name=EAC_DISPATCH_FOCUS_SITES -> null
[TRACE] caller=driver+0x1b7a getenv name=EAC_PROBE_LIMIT -> null
[TRACE] caller=driver+0x1baf getenv name=EAC_PROBE_STOP_AFTER_MATCHES -> null
[TRACE] caller=driver+0x1bce getenv name=EAC_PROBE_SITES -> null
[TRACE] caller=driver+0x26c5 getenv name=EAC_VMTAIL_TRACE -> set
[TRACE] caller=driver+0x26c5 getenv name=EAC_VMTAIL_REGS -> set
[TRACE] caller=driver+0x26c5 getenv name=EAC_VMTAIL_SCRATCH -> set
[TRACE] caller=driver+0x26c5 getenv name=EAC_VMTAIL_MEM -> null
[TRACE] caller=driver+0x1c2a getenv name=EAC_VMTAIL_MEM_REGS -> null
[TRACE] caller=driver+0x1c44 getenv name=EAC_VMTAIL_LIMIT -> set
[TRACE] caller=driver+0x1c9a getenv name=EAC_VMTAIL_FOCUS_IPS -> set
[TRACE] caller=driver+0x1cae getenv name=EAC_VMTAIL_FOCUS_SITES -> null
[TRACE] caller=driver+0x1cc2 getenv name=EAC_VMTAIL_STOP_AFTER_MATCHES -> set
[TRACE] caller=driver+0x1d05 getenv name=EAC_VMTAIL_SITES -> set
[TRACE] caller=driver+0x1d27 getenv name=EAC_VMTAIL_SCRATCH_OFFSETS -> null
[TRACE] caller=driver+0x34a9 fopen path=/proc/self/maps mode=r
[TRACE] caller=driver+0x47ec mprotect addr=0x73ebec0c8000 len=0x1000 prot=0x7
[TRACE] caller=driver+0x47ec mprotect addr=0x73ebec0cd000 len=0x1000 prot=0x7
[TRACE] caller=driver+0x47ec mprotect addr=0x73ebec081000 len=0x1000 prot=0x7
[TRACE] caller=driver+0x47ec mprotect addr=0x73ebec08a000 len=0x1000 prot=0x7
[TRACE] caller=driver+0x47ec mprotect addr=0x73ebec09a000 len=0x1000 prot=0x7
[TRACE] caller=driver+0x47ec mprotect addr=0x73ebec09b000 len=0x1000 prot=0x7
[TRACE] caller=driver+0x47ec mprotect addr=0x73ebec09b000 len=0x1000 prot=0x7
[TRACE] caller=driver+0x47ec mprotect addr=0x73ebec0b8000 len=0x1000 prot=0x7
[TRACE] caller=driver+0x47ec mprotect addr=0x73ebec0bb000 len=0x1000 prot=0x7
[TRACE] caller=driver+0x47ec mprotect addr=0x73ebec0bb000 len=0x1000 prot=0x7
[TRACE] caller=driver+0x47ec mprotect addr=0x73ebec0c2000 len=0x1000 prot=0x7
[TRACE] caller=driver+0x47ec mprotect addr=0x73ebec09c000 len=0x1000 prot=0x7
[TRACE] caller=driver+0x47ec mprotect addr=0x73ebec0a0000 len=0x1000 prot=0x7
[TRACE] caller=driver+0x47ec mprotect addr=0x73ebec0b2000 len=0x1000 prot=0x7
[TRACE] caller=driver+0x47ec mprotect addr=0x73ebec0b7000 len=0x1000 prot=0x7
[TRACE] caller=driver+0x47ec mprotect addr=0x73ebec0c2000 len=0x1000 prot=0x7
[TRACE] caller=driver+0x47ec mprotect addr=0x73ebec078000 len=0x1000 prot=0x7
[TRACE] caller=driver+0x47ec mprotect addr=0x73ebec078000 len=0x1000 prot=0x7
[TRACE] caller=driver+0x47ec mprotect addr=0x73ebec079000 len=0x1000 prot=0x7
[TRACE] caller=driver+0x47ec mprotect addr=0x73ebec079000 len=0x1000 prot=0x7
[TRACE] caller=driver+0x47ec mprotect addr=0x73ebec079000 len=0x1000 prot=0x7
[TRACE] caller=driver+0x47ec mprotect addr=0x73ebec079000 len=0x1000 prot=0x7
[TRACE] caller=driver+0x47ec mprotect addr=0x73ebec07a000 len=0x1000 prot=0x7
[TRACE] caller=driver+0x47ec mprotect addr=0x73ebec07a000 len=0x1000 prot=0x7
[TRACE] caller=driver+0x47ec mprotect addr=0x73ebec07a000 len=0x1000 prot=0x7
[TRACE] caller=driver+0x47ec mprotect addr=0x73ebec07a000 len=0x1000 prot=0x7
[TRACE] caller=driver+0x47ec mprotect addr=0x73ebec07b000 len=0x1000 prot=0x7
[TRACE] caller=driver+0x47ec mprotect addr=0x73ebec07b000 len=0x1000 prot=0x7
[TRACE] caller=driver+0x47ec mprotect addr=0x73ebec07b000 len=0x1000 prot=0x7
[TRACE] caller=driver+0x47ec mprotect addr=0x73ebec07b000 len=0x1000 prot=0x7
[TRACE] caller=driver+0x47ec mprotect addr=0x73ebec07c000 len=0x1000 prot=0x7
[TRACE] caller=driver+0x47ec mprotect addr=0x73ebec07c000 len=0x1000 prot=0x7
[TRACE] caller=driver+0x47ec mprotect addr=0x73ebec07c000 len=0x1000 prot=0x7
[TRACE] caller=driver+0x47ec mprotect addr=0x73ebec07d000 len=0x1000 prot=0x7
[TRACE] caller=driver+0x47ec mprotect addr=0x73ebec07d000 len=0x1000 prot=0x7
[TRACE] caller=driver+0x47ec mprotect addr=0x73ebec07d000 len=0x1000 prot=0x7
[TRACE] caller=driver+0x47ec mprotect addr=0x73ebec07d000 len=0x1000 prot=0x7
[TRACE] caller=driver+0x47ec mprotect addr=0x73ebec07d000 len=0x1000 prot=0x7
[TRACE] caller=driver+0x47ec mprotect addr=0x73ebec07e000 len=0x1000 prot=0x7
[TRACE] caller=driver+0x47ec mprotect addr=0x73ebec07e000 len=0x1000 prot=0x7
[TRACE] caller=driver+0x47ec mprotect addr=0x73ebec07e000 len=0x1000 prot=0x7
[TRACE] caller=driver+0x47ec mprotect addr=0x73ebec07e000 len=0x1000 prot=0x7
[TRACE] caller=driver+0x47ec mprotect addr=0x73ebec07f000 len=0x1000 prot=0x7
[TRACE] caller=driver+0x47ec mprotect addr=0x73ebec07f000 len=0x1000 prot=0x7
[TRACE] caller=driver+0x47ec mprotect addr=0x73ebec07f000 len=0x1000 prot=0x7
[TRACE] caller=driver+0x47ec mprotect addr=0x73ebec080000 len=0x1000 prot=0x7
[TRACE] caller=driver+0x47ec mprotect addr=0x73ebec080000 len=0x1000 prot=0x7
[TRACE] caller=driver+0x47ec mprotect addr=0x73ebec080000 len=0x1000 prot=0x7
[TRACE] caller=driver+0x47ec mprotect addr=0x73ebec080000 len=0x1000 prot=0x7
[TRACE] caller=driver+0x47ec mprotect addr=0x73ebec081000 len=0x1000 prot=0x7
[TRACE] caller=driver+0x47ec mprotect addr=0x73ebec081000 len=0x1000 prot=0x7
[TRACE] caller=driver+0x47ec mprotect addr=0x73ebec081000 len=0x1000 prot=0x7
[TRACE] caller=driver+0x47ec mprotect addr=0x73ebec081000 len=0x1000 prot=0x7
[TRACE] caller=driver+0x47ec mprotect addr=0x73ebec081000 len=0x1000 prot=0x7
[TRACE] caller=driver+0x47ec mprotect addr=0x73ebec082000 len=0x1000 prot=0x7
[TRACE] caller=driver+0x47ec mprotect addr=0x73ebec082000 len=0x1000 prot=0x7
[TRACE] caller=driver+0x47ec mprotect addr=0x73ebec082000 len=0x1000 prot=0x7
[TRACE] caller=driver+0x47ec mprotect addr=0x73ebec082000 len=0x1000 prot=0x7
[TRACE] caller=driver+0x47ec mprotect addr=0x73ebec082000 len=0x1000 prot=0x7
[TRACE] caller=driver+0x47ec mprotect addr=0x73ebec083000 len=0x1000 prot=0x7
[TRACE] caller=driver+0x47ec mprotect addr=0x73ebec083000 len=0x1000 prot=0x7
[TRACE] caller=driver+0x47ec mprotect addr=0x73ebec083000 len=0x1000 prot=0x7
[TRACE] caller=driver+0x47ec mprotect addr=0x73ebec083000 len=0x1000 prot=0x7
[TRACE] caller=driver+0x47ec mprotect addr=0x73ebec084000 len=0x1000 prot=0x7
[TRACE] caller=driver+0x47ec mprotect addr=0x73ebec084000 len=0x1000 prot=0x7
[TRACE] caller=driver+0x47ec mprotect addr=0x73ebec084000 len=0x1000 prot=0x7
[TRACE] caller=driver+0x47ec mprotect addr=0x73ebec084000 len=0x1000 prot=0x7
[TRACE] caller=driver+0x47ec mprotect addr=0x73ebec084000 len=0x1000 prot=0x7
[TRACE] caller=driver+0x47ec mprotect addr=0x73ebec084000 len=0x1000 prot=0x7
[TRACE] caller=driver+0x47ec mprotect addr=0x73ebec085000 len=0x1000 prot=0x7
[TRACE] caller=driver+0x47ec mprotect addr=0x73ebec085000 len=0x1000 prot=0x7
[TRACE] caller=driver+0x47ec mprotect addr=0x73ebec085000 len=0x1000 prot=0x7
[TRACE] caller=driver+0x47ec mprotect addr=0x73ebec085000 len=0x1000 prot=0x7
[TRACE] caller=driver+0x47ec mprotect addr=0x73ebec085000 len=0x1000 prot=0x7
[TRACE] caller=driver+0x47ec mprotect addr=0x73ebec085000 len=0x1000 prot=0x7
[TRACE] caller=driver+0x47ec mprotect addr=0x73ebec086000 len=0x1000 prot=0x7
[TRACE] caller=driver+0x47ec mprotect addr=0x73ebec086000 len=0x1000 prot=0x7
[TRACE] caller=driver+0x47ec mprotect addr=0x73ebec086000 len=0x1000 prot=0x7
[TRACE] caller=driver+0x47ec mprotect addr=0x73ebec086000 len=0x1000 prot=0x7
[TRACE] caller=driver+0x47ec mprotect addr=0x73ebec087000 len=0x1000 prot=0x7
[TRACE] caller=driver+0x47ec mprotect addr=0x73ebec087000 len=0x1000 prot=0x7
[TRACE] caller=driver+0x47ec mprotect addr=0x73ebec088000 len=0x1000 prot=0x7
[TRACE] caller=driver+0x47ec mprotect addr=0x73ebec088000 len=0x1000 prot=0x7
[TRACE] caller=driver+0x47ec mprotect addr=0x73ebec088000 len=0x1000 prot=0x7
[TRACE] caller=driver+0x47ec mprotect addr=0x73ebec089000 len=0x1000 prot=0x7
[TRACE] caller=driver+0x47ec mprotect addr=0x73ebec089000 len=0x1000 prot=0x7
[TRACE] caller=driver+0x47ec mprotect addr=0x73ebec089000 len=0x1000 prot=0x7
[TRACE] caller=driver+0x47ec mprotect addr=0x73ebec089000 len=0x1000 prot=0x7
[TRACE] caller=driver+0x47ec mprotect addr=0x73ebec08a000 len=0x1000 prot=0x7
[TRACE] caller=driver+0x47ec mprotect addr=0x73ebec08a000 len=0x1000 prot=0x7
[TRACE] caller=driver+0x47ec mprotect addr=0x73ebec08b000 len=0x1000 prot=0x7
[TRACE] caller=driver+0x47ec mprotect addr=0x73ebec08b000 len=0x1000 prot=0x7
[TRACE] caller=driver+0x47ec mprotect addr=0x73ebec08b000 len=0x1000 prot=0x7
[TRACE] caller=driver+0x47ec mprotect addr=0x73ebec08b000 len=0x1000 prot=0x7
[TRACE] caller=driver+0x47ec mprotect addr=0x73ebec08b000 len=0x1000 prot=0x7
[TRACE] caller=driver+0x47ec mprotect addr=0x73ebec08c000 len=0x1000 prot=0x7
[TRACE] caller=driver+0x47ec mprotect addr=0x73ebec08c000 len=0x1000 prot=0x7
[TRACE] caller=driver+0x47ec mprotect addr=0x73ebec08c000 len=0x1000 prot=0x7
[TRACE] caller=driver+0x47ec mprotect addr=0x73ebec08c000 len=0x1000 prot=0x7
[TRACE] caller=driver+0x47ec mprotect addr=0x73ebec08c000 len=0x1000 prot=0x7
[TRACE] caller=driver+0x47ec mprotect addr=0x73ebec08d000 len=0x1000 prot=0x7
[TRACE] caller=driver+0x47ec mprotect addr=0x73ebec08d000 len=0x1000 prot=0x7
[TRACE] caller=driver+0x47ec mprotect addr=0x73ebec08e000 len=0x1000 prot=0x7
[TRACE] caller=driver+0x47ec mprotect addr=0x73ebec08e000 len=0x1000 prot=0x7
[TRACE] caller=driver+0x47ec mprotect addr=0x73ebec08e000 len=0x1000 prot=0x7
[TRACE] caller=driver+0x47ec mprotect addr=0x73ebec08e000 len=0x1000 prot=0x7
[TRACE] caller=driver+0x47ec mprotect addr=0x73ebec08f000 len=0x1000 prot=0x7
[TRACE] caller=driver+0x47ec mprotect addr=0x73ebec08f000 len=0x1000 prot=0x7
[TRACE] caller=driver+0x47ec mprotect addr=0x73ebec08f000 len=0x1000 prot=0x7
[TRACE] caller=driver+0x47ec mprotect addr=0x73ebec08f000 len=0x1000 prot=0x7
[TRACE] caller=driver+0x47ec mprotect addr=0x73ebec090000 len=0x1000 prot=0x7
[TRACE] caller=driver+0x47ec mprotect addr=0x73ebec090000 len=0x1000 prot=0x7
[TRACE] caller=driver+0x47ec mprotect addr=0x73ebec090000 len=0x1000 prot=0x7
[TRACE] caller=driver+0x47ec mprotect addr=0x73ebec090000 len=0x1000 prot=0x7
[TRACE] caller=driver+0x47ec mprotect addr=0x73ebec090000 len=0x1000 prot=0x7
[TRACE] caller=driver+0x47ec mprotect addr=0x73ebec091000 len=0x1000 prot=0x7
[TRACE] caller=driver+0x47ec mprotect addr=0x73ebec091000 len=0x1000 prot=0x7
[TRACE] caller=driver+0x47ec mprotect addr=0x73ebec091000 len=0x1000 prot=0x7
[TRACE] caller=driver+0x47ec mprotect addr=0x73ebec091000 len=0x1000 prot=0x7
[TRACE] caller=driver+0x47ec mprotect addr=0x73ebec091000 len=0x1000 prot=0x7
[TRACE] caller=driver+0x47ec mprotect addr=0x73ebec092000 len=0x1000 prot=0x7
[TRACE] caller=driver+0x47ec mprotect addr=0x73ebec092000 len=0x1000 prot=0x7
[TRACE] caller=driver+0x47ec mprotect addr=0x73ebec092000 len=0x1000 prot=0x7
[TRACE] caller=driver+0x47ec mprotect addr=0x73ebec092000 len=0x1000 prot=0x7
[TRACE] caller=driver+0x47ec mprotect addr=0x73ebec093000 len=0x1000 prot=0x7
[TRACE] caller=driver+0x47ec mprotect addr=0x73ebec093000 len=0x1000 prot=0x7
[TRACE] caller=driver+0x47ec mprotect addr=0x73ebec093000 len=0x1000 prot=0x7
[TRACE] caller=driver+0x47ec mprotect addr=0x73ebec094000 len=0x1000 prot=0x7
[TRACE] caller=driver+0x47ec mprotect addr=0x73ebec094000 len=0x1000 prot=0x7
[TRACE] caller=driver+0x47ec mprotect addr=0x73ebec094000 len=0x1000 prot=0x7
[TRACE] caller=driver+0x47ec mprotect addr=0x73ebec094000 len=0x1000 prot=0x7
[TRACE] caller=driver+0x47ec mprotect addr=0x73ebec094000 len=0x1000 prot=0x7
[TRACE] caller=driver+0x47ec mprotect addr=0x73ebec095000 len=0x1000 prot=0x7
[TRACE] caller=driver+0x47ec mprotect addr=0x73ebec095000 len=0x1000 prot=0x7
[TRACE] caller=driver+0x47ec mprotect addr=0x73ebec095000 len=0x1000 prot=0x7
[TRACE] caller=driver+0x47ec mprotect addr=0x73ebec095000 len=0x1000 prot=0x7
[TRACE] caller=driver+0x47ec mprotect addr=0x73ebec096000 len=0x1000 prot=0x7
[TRACE] caller=driver+0x47ec mprotect addr=0x73ebec096000 len=0x1000 prot=0x7
[TRACE] caller=driver+0x47ec mprotect addr=0x73ebec096000 len=0x1000 prot=0x7
[TRACE] caller=driver+0x47ec mprotect addr=0x73ebec096000 len=0x1000 prot=0x7
[TRACE] caller=driver+0x47ec mprotect addr=0x73ebec097000 len=0x1000 prot=0x7
[TRACE] caller=driver+0x47ec mprotect addr=0x73ebec097000 len=0x1000 prot=0x7
[TRACE] caller=driver+0x47ec mprotect addr=0x73ebec097000 len=0x1000 prot=0x7
[TRACE] caller=driver+0x47ec mprotect addr=0x73ebec097000 len=0x1000 prot=0x7
[TRACE] caller=driver+0x47ec mprotect addr=0x73ebec098000 len=0x1000 prot=0x7
[TRACE] caller=driver+0x47ec mprotect addr=0x73ebec098000 len=0x1000 prot=0x7
[TRACE] caller=driver+0x47ec mprotect addr=0x73ebec098000 len=0x1000 prot=0x7
[TRACE] caller=driver+0x47ec mprotect addr=0x73ebec099000 len=0x1000 prot=0x7
[TRACE] caller=driver+0x47ec mprotect addr=0x73ebec099000 len=0x1000 prot=0x7
[TRACE] caller=driver+0x47ec mprotect addr=0x73ebec099000 len=0x1000 prot=0x7
[TRACE] caller=driver+0x47ec mprotect addr=0x73ebec099000 len=0x1000 prot=0x7
[TRACE] caller=driver+0x47ec mprotect addr=0x73ebec099000 len=0x1000 prot=0x7
[TRACE] caller=driver+0x47ec mprotect addr=0x73ebec099000 len=0x1000 prot=0x7
[TRACE] caller=driver+0x47ec mprotect addr=0x73ebec09a000 len=0x1000 prot=0x7
[TRACE] caller=driver+0x47ec mprotect addr=0x73ebec09a000 len=0x1000 prot=0x7
[TRACE] caller=driver+0x47ec mprotect addr=0x73ebec09a000 len=0x1000 prot=0x7
[TRACE] caller=driver+0x47ec mprotect addr=0x73ebec09a000 len=0x1000 prot=0x7
[TRACE] caller=driver+0x47ec mprotect addr=0x73ebec09b000 len=0x1000 prot=0x7
[TRACE] caller=driver+0x47ec mprotect addr=0x73ebec09b000 len=0x1000 prot=0x7
[TRACE] caller=driver+0x47ec mprotect addr=0x73ebec09b000 len=0x1000 prot=0x7
[TRACE] caller=driver+0x47ec mprotect addr=0x73ebec09c000 len=0x1000 prot=0x7
[TRACE] caller=driver+0x47ec mprotect addr=0x73ebec09c000 len=0x1000 prot=0x7
[TRACE] caller=driver+0x47ec mprotect addr=0x73ebec09c000 len=0x1000 prot=0x7
[TRACE] caller=driver+0x47ec mprotect addr=0x73ebec09c000 len=0x1000 prot=0x7
[TRACE] caller=driver+0x47ec mprotect addr=0x73ebec09d000 len=0x1000 prot=0x7
[TRACE] caller=driver+0x47ec mprotect addr=0x73ebec09d000 len=0x1000 prot=0x7
[TRACE] caller=driver+0x47ec mprotect addr=0x73ebec09d000 len=0x1000 prot=0x7
[TRACE] caller=driver+0x47ec mprotect addr=0x73ebec09d000 len=0x1000 prot=0x7
[TRACE] caller=driver+0x47ec mprotect addr=0x73ebec09d000 len=0x1000 prot=0x7
[TRACE] caller=driver+0x47ec mprotect addr=0x73ebec09d000 len=0x1000 prot=0x7
[TRACE] caller=driver+0x47ec mprotect addr=0x73ebec09e000 len=0x1000 prot=0x7
[TRACE] caller=driver+0x47ec mprotect addr=0x73ebec09e000 len=0x1000 prot=0x7
[TRACE] caller=driver+0x47ec mprotect addr=0x73ebec09e000 len=0x1000 prot=0x7
[TRACE] caller=driver+0x47ec mprotect addr=0x73ebec09e000 len=0x1000 prot=0x7
[TRACE] caller=driver+0x47ec mprotect addr=0x73ebec09e000 len=0x1000 prot=0x7
[TRACE] caller=driver+0x47ec mprotect addr=0x73ebec09f000 len=0x1000 prot=0x7
[TRACE] caller=driver+0x47ec mprotect addr=0x73ebec09f000 len=0x1000 prot=0x7
[TRACE] caller=driver+0x47ec mprotect addr=0x73ebec09f000 len=0x1000 prot=0x7
[TRACE] caller=driver+0x47ec mprotect addr=0x73ebec0a0000 len=0x1000 prot=0x7
[TRACE] caller=driver+0x47ec mprotect addr=0x73ebec0a0000 len=0x1000 prot=0x7
[TRACE] caller=driver+0x47ec mprotect addr=0x73ebec0a0000 len=0x1000 prot=0x7
[TRACE] caller=driver+0x47ec mprotect addr=0x73ebec0a0000 len=0x1000 prot=0x7
[TRACE] caller=driver+0x47ec mprotect addr=0x73ebec0a1000 len=0x1000 prot=0x7
[TRACE] caller=driver+0x47ec mprotect addr=0x73ebec0a1000 len=0x1000 prot=0x7
[TRACE] caller=driver+0x47ec mprotect addr=0x73ebec0a1000 len=0x1000 prot=0x7
[TRACE] caller=driver+0x47ec mprotect addr=0x73ebec0a1000 len=0x1000 prot=0x7
[TRACE] caller=driver+0x47ec mprotect addr=0x73ebec0a2000 len=0x1000 prot=0x7
[TRACE] caller=driver+0x47ec mprotect addr=0x73ebec0a2000 len=0x1000 prot=0x7
[TRACE] caller=driver+0x47ec mprotect addr=0x73ebec0a2000 len=0x1000 prot=0x7
[TRACE] caller=driver+0x47ec mprotect addr=0x73ebec0a3000 len=0x1000 prot=0x7
[TRACE] caller=driver+0x47ec mprotect addr=0x73ebec0a3000 len=0x1000 prot=0x7
[TRACE] caller=driver+0x47ec mprotect addr=0x73ebec0a3000 len=0x1000 prot=0x7
[TRACE] caller=driver+0x47ec mprotect addr=0x73ebec0a3000 len=0x1000 prot=0x7
[TRACE] caller=driver+0x47ec mprotect addr=0x73ebec0a4000 len=0x1000 prot=0x7
[TRACE] caller=driver+0x47ec mprotect addr=0x73ebec0a4000 len=0x1000 prot=0x7
[TRACE] caller=driver+0x47ec mprotect addr=0x73ebec0a4000 len=0x1000 prot=0x7
[TRACE] caller=driver+0x47ec mprotect addr=0x73ebec0a5000 len=0x1000 prot=0x7
[TRACE] caller=driver+0x47ec mprotect addr=0x73ebec0a5000 len=0x1000 prot=0x7
[TRACE] caller=driver+0x47ec mprotect addr=0x73ebec0a5000 len=0x1000 prot=0x7
[TRACE] caller=driver+0x47ec mprotect addr=0x73ebec0a6000 len=0x1000 prot=0x7
[TRACE] caller=driver+0x47ec mprotect addr=0x73ebec0a6000 len=0x1000 prot=0x7
[TRACE] caller=driver+0x47ec mprotect addr=0x73ebec0a6000 len=0x1000 prot=0x7
[TRACE] caller=driver+0x47ec mprotect addr=0x73ebec0a6000 len=0x1000 prot=0x7
[TRACE] caller=driver+0x47ec mprotect addr=0x73ebec0a7000 len=0x1000 prot=0x7
[TRACE] caller=driver+0x47ec mprotect addr=0x73ebec0a7000 len=0x1000 prot=0x7
[TRACE] caller=driver+0x47ec mprotect addr=0x73ebec0a7000 len=0x1000 prot=0x7
[TRACE] caller=driver+0x47ec mprotect addr=0x73ebec0a7000 len=0x1000 prot=0x7
[TRACE] caller=driver+0x47ec mprotect addr=0x73ebec0a8000 len=0x1000 prot=0x7
[TRACE] caller=driver+0x47ec mprotect addr=0x73ebec0a8000 len=0x1000 prot=0x7
[TRACE] caller=driver+0x47ec mprotect addr=0x73ebec0a8000 len=0x1000 prot=0x7
[TRACE] caller=driver+0x47ec mprotect addr=0x73ebec0a8000 len=0x1000 prot=0x7
[TRACE] caller=driver+0x47ec mprotect addr=0x73ebec0a9000 len=0x1000 prot=0x7
[TRACE] caller=driver+0x47ec mprotect addr=0x73ebec0a9000 len=0x1000 prot=0x7
[TRACE] caller=driver+0x47ec mprotect addr=0x73ebec0a9000 len=0x1000 prot=0x7
[TRACE] caller=driver+0x47ec mprotect addr=0x73ebec0a9000 len=0x1000 prot=0x7
[TRACE] caller=driver+0x47ec mprotect addr=0x73ebec0aa000 len=0x1000 prot=0x7
[TRACE] caller=driver+0x47ec mprotect addr=0x73ebec0aa000 len=0x1000 prot=0x7
[TRACE] caller=driver+0x47ec mprotect addr=0x73ebec0aa000 len=0x1000 prot=0x7
[TRACE] caller=driver+0x47ec mprotect addr=0x73ebec0ab000 len=0x1000 prot=0x7
[TRACE] caller=driver+0x47ec mprotect addr=0x73ebec0ab000 len=0x1000 prot=0x7
[TRACE] caller=driver+0x47ec mprotect addr=0x73ebec0ab000 len=0x1000 prot=0x7
[TRACE] caller=driver+0x47ec mprotect addr=0x73ebec0ac000 len=0x1000 prot=0x7
[TRACE] caller=driver+0x47ec mprotect addr=0x73ebec0ac000 len=0x1000 prot=0x7
[TRACE] caller=driver+0x47ec mprotect addr=0x73ebec0ac000 len=0x1000 prot=0x7
[TRACE] caller=driver+0x47ec mprotect addr=0x73ebec0ac000 len=0x1000 prot=0x7
[TRACE] caller=driver+0x47ec mprotect addr=0x73ebec0ac000 len=0x1000 prot=0x7
[TRACE] caller=driver+0x47ec mprotect addr=0x73ebec0ad000 len=0x1000 prot=0x7
[TRACE] caller=driver+0x47ec mprotect addr=0x73ebec0ad000 len=0x1000 prot=0x7
[TRACE] caller=driver+0x47ec mprotect addr=0x73ebec0ad000 len=0x1000 prot=0x7
[TRACE] caller=driver+0x47ec mprotect addr=0x73ebec0ad000 len=0x1000 prot=0x7
[TRACE] caller=driver+0x47ec mprotect addr=0x73ebec0ad000 len=0x1000 prot=0x7
[TRACE] caller=driver+0x47ec mprotect addr=0x73ebec0ae000 len=0x1000 prot=0x7
[TRACE] caller=driver+0x47ec mprotect addr=0x73ebec0ae000 len=0x1000 prot=0x7
[TRACE] caller=driver+0x47ec mprotect addr=0x73ebec0ae000 len=0x1000 prot=0x7
[TRACE] caller=driver+0x47ec mprotect addr=0x73ebec0ae000 len=0x1000 prot=0x7
[TRACE] caller=driver+0x47ec mprotect addr=0x73ebec0af000 len=0x1000 prot=0x7
[TRACE] caller=driver+0x47ec mprotect addr=0x73ebec0af000 len=0x1000 prot=0x7
[TRACE] caller=driver+0x47ec mprotect addr=0x73ebec0af000 len=0x1000 prot=0x7
[TRACE] caller=driver+0x47ec mprotect addr=0x73ebec0af000 len=0x1000 prot=0x7
[TRACE] caller=driver+0x47ec mprotect addr=0x73ebec0b0000 len=0x1000 prot=0x7
[TRACE] caller=driver+0x47ec mprotect addr=0x73ebec0b0000 len=0x1000 prot=0x7
[TRACE] caller=driver+0x47ec mprotect addr=0x73ebec0b0000 len=0x1000 prot=0x7
[TRACE] caller=driver+0x47ec mprotect addr=0x73ebec0b0000 len=0x1000 prot=0x7
[TRACE] caller=driver+0x47ec mprotect addr=0x73ebec0b1000 len=0x1000 prot=0x7
[TRACE] caller=driver+0x47ec mprotect addr=0x73ebec0b1000 len=0x1000 prot=0x7
[TRACE] caller=driver+0x47ec mprotect addr=0x73ebec0b1000 len=0x1000 prot=0x7
[TRACE] caller=driver+0x47ec mprotect addr=0x73ebec0b1000 len=0x1000 prot=0x7
[TRACE] caller=driver+0x47ec mprotect addr=0x73ebec0b1000 len=0x1000 prot=0x7
[TRACE] caller=driver+0x47ec mprotect addr=0x73ebec0b2000 len=0x1000 prot=0x7
[TRACE] caller=driver+0x47ec mprotect addr=0x73ebec0b2000 len=0x1000 prot=0x7
[TRACE] caller=driver+0x47ec mprotect addr=0x73ebec0b3000 len=0x1000 prot=0x7
[TRACE] caller=driver+0x47ec mprotect addr=0x73ebec0b3000 len=0x1000 prot=0x7
[TRACE] caller=driver+0x47ec mprotect addr=0x73ebec0b3000 len=0x1000 prot=0x7
[TRACE] caller=driver+0x47ec mprotect addr=0x73ebec0b3000 len=0x1000 prot=0x7
[TRACE] caller=driver+0x47ec mprotect addr=0x73ebec0b4000 len=0x1000 prot=0x7
[TRACE] caller=driver+0x47ec mprotect addr=0x73ebec0b4000 len=0x1000 prot=0x7
[TRACE] caller=driver+0x47ec mprotect addr=0x73ebec0b4000 len=0x1000 prot=0x7
[TRACE] caller=driver+0x47ec mprotect addr=0x73ebec0b4000 len=0x1000 prot=0x7
[TRACE] caller=driver+0x47ec mprotect addr=0x73ebec0b4000 len=0x1000 prot=0x7
[TRACE] caller=driver+0x47ec mprotect addr=0x73ebec0b5000 len=0x1000 prot=0x7
[TRACE] caller=driver+0x47ec mprotect addr=0x73ebec0b5000 len=0x1000 prot=0x7
[TRACE] caller=driver+0x47ec mprotect addr=0x73ebec0b5000 len=0x1000 prot=0x7
[TRACE] caller=driver+0x47ec mprotect addr=0x73ebec0b6000 len=0x1000 prot=0x7
[TRACE] caller=driver+0x47ec mprotect addr=0x73ebec0b6000 len=0x1000 prot=0x7
[TRACE] caller=driver+0x47ec mprotect addr=0x73ebec0b6000 len=0x1000 prot=0x7
[TRACE] caller=driver+0x47ec mprotect addr=0x73ebec0b6000 len=0x1000 prot=0x7
[TRACE] caller=driver+0x47ec mprotect addr=0x73ebec0b6000 len=0x1000 prot=0x7
[TRACE] caller=driver+0x47ec mprotect addr=0x73ebec0b7000 len=0x1000 prot=0x7
[TRACE] caller=driver+0x47ec mprotect addr=0x73ebec0b7000 len=0x1000 prot=0x7
[TRACE] caller=driver+0x47ec mprotect addr=0x73ebec0b7000 len=0x1000 prot=0x7
[TRACE] caller=driver+0x47ec mprotect addr=0x73ebec0b7000 len=0x1000 prot=0x7
[TRACE] caller=driver+0x47ec mprotect addr=0x73ebec0b8000 len=0x1000 prot=0x7
[TRACE] caller=driver+0x47ec mprotect addr=0x73ebec0b8000 len=0x1000 prot=0x7
[TRACE] caller=driver+0x47ec mprotect addr=0x73ebec0b8000 len=0x1000 prot=0x7
[TRACE] caller=driver+0x47ec mprotect addr=0x73ebec0b8000 len=0x1000 prot=0x7
[TRACE] caller=driver+0x47ec mprotect addr=0x73ebec0b8000 len=0x1000 prot=0x7
[TRACE] caller=driver+0x47ec mprotect addr=0x73ebec0b9000 len=0x1000 prot=0x7
[TRACE] caller=driver+0x47ec mprotect addr=0x73ebec0b9000 len=0x1000 prot=0x7
[TRACE] caller=driver+0x47ec mprotect addr=0x73ebec0ba000 len=0x1000 prot=0x7
[TRACE] caller=driver+0x47ec mprotect addr=0x73ebec0ba000 len=0x1000 prot=0x7
[TRACE] caller=driver+0x47ec mprotect addr=0x73ebec0ba000 len=0x1000 prot=0x7
[TRACE] caller=driver+0x47ec mprotect addr=0x73ebec0bb000 len=0x1000 prot=0x7
[TRACE] caller=driver+0x47ec mprotect addr=0x73ebec0bb000 len=0x1000 prot=0x7
[TRACE] caller=driver+0x47ec mprotect addr=0x73ebec0bc000 len=0x1000 prot=0x7
[TRACE] caller=driver+0x47ec mprotect addr=0x73ebec0bc000 len=0x1000 prot=0x7
[TRACE] caller=driver+0x47ec mprotect addr=0x73ebec0bc000 len=0x1000 prot=0x7
[TRACE] caller=driver+0x47ec mprotect addr=0x73ebec0bc000 len=0x1000 prot=0x7
[TRACE] caller=driver+0x47ec mprotect addr=0x73ebec0bc000 len=0x1000 prot=0x7
[TRACE] caller=driver+0x47ec mprotect addr=0x73ebec0bc000 len=0x1000 prot=0x7
[TRACE] caller=driver+0x47ec mprotect addr=0x73ebec0bd000 len=0x1000 prot=0x7
[TRACE] caller=driver+0x47ec mprotect addr=0x73ebec0bd000 len=0x1000 prot=0x7
[TRACE] caller=driver+0x47ec mprotect addr=0x73ebec0bd000 len=0x1000 prot=0x7
[TRACE] caller=driver+0x47ec mprotect addr=0x73ebec0be000 len=0x1000 prot=0x7
[TRACE] caller=driver+0x47ec mprotect addr=0x73ebec0be000 len=0x1000 prot=0x7
[TRACE] caller=driver+0x47ec mprotect addr=0x73ebec0be000 len=0x1000 prot=0x7
[TRACE] caller=driver+0x47ec mprotect addr=0x73ebec0bf000 len=0x1000 prot=0x7
[TRACE] caller=driver+0x47ec mprotect addr=0x73ebec0bf000 len=0x1000 prot=0x7
[TRACE] caller=driver+0x47ec mprotect addr=0x73ebec0bf000 len=0x1000 prot=0x7
[TRACE] caller=driver+0x47ec mprotect addr=0x73ebec0bf000 len=0x1000 prot=0x7
[TRACE] caller=driver+0x47ec mprotect addr=0x73ebec0bf000 len=0x1000 prot=0x7
[TRACE] caller=driver+0x47ec mprotect addr=0x73ebec0bf000 len=0x1000 prot=0x7
[TRACE] caller=driver+0x47ec mprotect addr=0x73ebec0c0000 len=0x1000 prot=0x7
[TRACE] caller=driver+0x47ec mprotect addr=0x73ebec0c0000 len=0x1000 prot=0x7
[TRACE] caller=driver+0x47ec mprotect addr=0x73ebec0c0000 len=0x1000 prot=0x7
[TRACE] caller=driver+0x47ec mprotect addr=0x73ebec0c0000 len=0x1000 prot=0x7
[TRACE] caller=driver+0x47ec mprotect addr=0x73ebec0c1000 len=0x1000 prot=0x7
[TRACE] caller=driver+0x47ec mprotect addr=0x73ebec0c1000 len=0x1000 prot=0x7
[TRACE] caller=driver+0x47ec mprotect addr=0x73ebec0c1000 len=0x1000 prot=0x7
[TRACE] caller=driver+0x47ec mprotect addr=0x73ebec0c1000 len=0x1000 prot=0x7
[TRACE] caller=driver+0x47ec mprotect addr=0x73ebec0c2000 len=0x1000 prot=0x7
[TRACE] caller=driver+0x47ec mprotect addr=0x73ebec0c2000 len=0x1000 prot=0x7
[TRACE] caller=driver+0x47ec mprotect addr=0x73ebec0c3000 len=0x1000 prot=0x7
[TRACE] caller=driver+0x47ec mprotect addr=0x73ebec0c3000 len=0x1000 prot=0x7
[DRIVER] dispatch trace enabled base=0x73ebec000000 dispatch_sites=2 limit=1 detail=0 tail=1 tail_regs=1 tail_scratch=1 tail_mem=0 tail_limit=320 tail_sites=311 scratch_offsets=26 read_ranges=54 focus_ips=80 focus_sites=0 stop_after_matches=0 dispatch_focus_sites=0 dispatch_stop_after_matches=0 probe=0 probe_sites=0 probe_limit=4096 probe_stop_after_matches=0
[DRIVER] dispatch site +0xc80b9
[DRIVER] dispatch site +0xcdac7
[DRIVER] tail site +0x8173b -> rax
[DRIVER] tail site +0x8a49b -> r8
[DRIVER] tail site +0x9a46b -> r9
[DRIVER] tail site +0x9b0c5 -> r10
[DRIVER] tail site +0x9b687 -> r14
[DRIVER] tail site +0xb86f5 -> r13
[DRIVER] tail site +0xbb8a8 -> rax
[DRIVER] tail site +0xbba0c -> r12
[DRIVER] tail site +0xc240d -> rdx
[DRIVER] tail site +0x9c3f4 -> r13
[DRIVER] tail site +0xa0068 -> r10
[DRIVER] tail site +0xb265e -> r10
[DRIVER] tail site +0xb708a -> r12
[DRIVER] tail site +0xc2d35 -> rbx
[DRIVER] tail site +0x78833 -> rdx
[DRIVER] tail site +0x78c74 -> r12
[DRIVER] tail site +0x792f5 -> r15
[DRIVER] tail site +0x79672 -> r10
[DRIVER] tail site +0x799c4 -> r14
[DRIVER] tail site +0x79da1 -> rax
[DRIVER] tail site +0x7a04c -> r8
[DRIVER] tail site +0x7a4d6 -> rdx
[DRIVER] tail site +0x7acd6 -> rsi
[DRIVER] tail site +0x7aee6 -> rax
[DRIVER] tail site +0x7b3bb -> r12
[DRIVER] tail site +0x7b6c9 -> rbx
[DRIVER] tail site +0x7bae7 -> rdx
[DRIVER] tail site +0x7be98 -> r14
[DRIVER] tail site +0x7c308 -> rsi
[DRIVER] tail site +0x7c628 -> r12
[DRIVER] tail site +0x7ca96 -> rcx
[DRIVER] tail site +0x7d004 -> r14
[DRIVER] tail site +0x7d5e9 -> r9
[DRIVER] tail site +0x7d93f -> rcx
[DRIVER] tail site +0x7dbb8 -> r12
[DRIVER] tail site +0x7dfbd -> rdi
[DRIVER] tail site +0x7e38d -> r10
[DRIVER] tail site +0x7e7ca -> r11
[DRIVER] tail site +0x7ecd0 -> rdi
[DRIVER] tail site +0x7efa6 -> rax
[DRIVER] tail site +0x7f7c1 -> r8
[DRIVER] tail site +0x7fba1 -> rdi
[DRIVER] tail site +0x7fd4a -> r13
[DRIVER] tail site +0x8009e -> r8
[DRIVER] tail site +0x80682 -> r15
[DRIVER] tail site +0x80d77 -> rdx
[DRIVER] tail site +0x80ef3 -> r8
[DRIVER] tail site +0x8115a -> r9
[DRIVER] tail site +0x8129b -> rcx
[DRIVER] tail site +0x815e7 -> r15
[DRIVER] tail site +0x81b7c -> r8
[DRIVER] tail site +0x81f2c -> rbx
[DRIVER] tail site +0x820df -> rcx
[DRIVER] tail site +0x822b9 -> r9
[DRIVER] tail site +0x82474 -> r11
[DRIVER] tail site +0x8281e -> rdx
[DRIVER] tail site +0x82e73 -> r8
[DRIVER] tail site +0x833c5 -> rdx
[DRIVER] tail site +0x8371b -> rcx
[DRIVER] tail site +0x83b3d -> r12
[DRIVER] tail site +0x83e73 -> r9
[DRIVER] tail site +0x841f6 -> r14
[DRIVER] tail site +0x84289 -> r9
[DRIVER] tail site +0x84593 -> r11
[DRIVER] tail site +0x84760 -> rdx
[DRIVER] tail site +0x84aa0 -> r8
[DRIVER] tail site +0x84e1b -> rax
[DRIVER] tail site +0x85056 -> r9
[DRIVER] tail site +0x8536e -> r13
[DRIVER] tail site +0x855fc -> r13
[DRIVER] tail site +0x859f9 -> r8
[DRIVER] tail site +0x85b87 -> rax
[DRIVER] tail site +0x85f22 -> rsi
[DRIVER] tail site +0x86763 -> r8
[DRIVER] tail site +0x868bb -> rsi
[DRIVER] tail site +0x86be2 -> rdx
[DRIVER] tail site +0x86d40 -> r13
[DRIVER] tail site +0x873fa -> rsi
[DRIVER] tail site +0x87c25 -> r14
[DRIVER] tail site +0x8812f -> rdi
[DRIVER] tail site +0x883be -> rbx
[DRIVER] tail site +0x88a55 -> r10
[DRIVER] tail site +0x8920b -> r15
[DRIVER] tail site +0x89478 -> r8
[DRIVER] tail site +0x89839 -> rdi
[DRIVER] tail site +0x89b35 -> rsi
[DRIVER] tail site +0x8a37d -> rdi
[DRIVER] tail site +0x8aa11 -> r14
[DRIVER] tail site +0x8b026 -> rsi
[DRIVER] tail site +0x8b332 -> rcx
[DRIVER] tail site +0x8b6db -> r12
[DRIVER] tail site +0x8b8c9 -> rdx
[DRIVER] tail site +0x8bcec -> r13
[DRIVER] tail site +0x8c41a -> rbx
[DRIVER] tail site +0x8c5b7 -> rdi
[DRIVER] tail site +0x8c8e9 -> r11
[DRIVER] tail site +0x8cc7f -> rax
[DRIVER] tail site +0x8ceb2 -> rdi
[DRIVER] tail site +0x8d71b -> rcx
[DRIVER] tail site +0x8df99 -> r11
[DRIVER] tail site +0x8e2ed -> rcx
[DRIVER] tail site +0x8e6b2 -> rsi
[DRIVER] tail site +0x8eb77 -> rdx
[DRIVER] tail site +0x8eef1 -> r9
[DRIVER] tail site +0x8f248 -> r9
[DRIVER] tail site +0x8f6cf -> rcx
[DRIVER] tail site +0x8f831 -> r8
[DRIVER] tail site +0x8faea -> rdi
[DRIVER] tail site +0x9026c -> r9
[DRIVER] tail site +0x90893 -> rdi
[DRIVER] tail site +0x90a18 -> r12
[DRIVER] tail site +0x90c21 -> rax
[DRIVER] tail site +0x90eb9 -> r11
[DRIVER] tail site +0x91067 -> r11
[DRIVER] tail site +0x91377 -> rbx
[DRIVER] tail site +0x9170b -> rdx
[DRIVER] tail site +0x91a57 -> rdx
[DRIVER] tail site +0x91e7f -> rdx
[DRIVER] tail site +0x922c1 -> r12
[DRIVER] tail site +0x92612 -> r14
[DRIVER] tail site +0x92998 -> r14
[DRIVER] tail site +0x92f1f -> rdx
[DRIVER] tail site +0x931d0 -> r11
[DRIVER] tail site +0x937cd -> r13
[DRIVER] tail site +0x93f76 -> r14
[DRIVER] tail site +0x94475 -> r11
[DRIVER] tail site +0x94619 -> rdx
[DRIVER] tail site +0x94970 -> r13
[DRIVER] tail site +0x94c38 -> rax
[DRIVER] tail site +0x94ddc -> r15
[DRIVER] tail site +0x951c0 -> rsi
[DRIVER] tail site +0x953af -> rsi
[DRIVER] tail site +0x957d6 -> r11
[DRIVER] tail site +0x95b59 -> r8
[DRIVER] tail site +0x9634f -> r12
[DRIVER] tail site +0x96915 -> r12
[DRIVER] tail site +0x96b6b -> r12
[DRIVER] tail site +0x96eb1 -> r14
[DRIVER] tail site +0x9730e -> r10
[DRIVER] tail site +0x97689 -> r11
[DRIVER] tail site +0x979a8 -> r13
[DRIVER] tail site +0x97ce3 -> r9
[DRIVER] tail site +0x980a9 -> rax
[DRIVER] tail site +0x98351 -> r13
[DRIVER] tail site +0x98a98 -> rdi
[DRIVER] tail site +0x99026 -> r9
[DRIVER] tail site +0x992ca -> r13
[DRIVER] tail site +0x994cc -> r11
[DRIVER] tail site +0x99757 -> r8
[DRIVER] tail site +0x99b3a -> rax
[DRIVER] tail site +0x99e1e -> r15
[DRIVER] tail site +0x9a249 -> r14
[DRIVER] tail site +0x9a8cf -> r12
[DRIVER] tail site +0x9aa81 -> rdx
[DRIVER] tail site +0x9af16 -> rdi
[DRIVER] tail site +0x9b4b0 -> r10
[DRIVER] tail site +0x9ba72 -> rsi
[DRIVER] tail site +0x9bd8c -> r11
[DRIVER] tail site +0x9c08c -> r15
[DRIVER] tail site +0x9c748 -> rcx
[DRIVER] tail site +0x9ca8a -> r9
[DRIVER] tail site +0x9cf2f -> r12
[DRIVER] tail site +0x9d13d -> rdx
[DRIVER] tail site +0x9d24a -> rax
[DRIVER] tail site +0x9d492 -> r15
[DRIVER] tail site +0x9d692 -> rcx
[DRIVER] tail site +0x9d961 -> r13
[DRIVER] tail site +0x9dcab -> r10
[DRIVER] tail site +0x9e07a -> r8
[DRIVER] tail site +0x9e333 -> r10
[DRIVER] tail site +0x9e7ac -> r9
[DRIVER] tail site +0x9eac9 -> rdx
[DRIVER] tail site +0x9ede7 -> rax
[DRIVER] tail site +0x9f007 -> r15
[DRIVER] tail site +0x9f779 -> r14
[DRIVER] tail site +0x9faa2 -> rbx
[DRIVER] tail site +0xa037b -> r8
[DRIVER] tail site +0xa062e -> r14
[DRIVER] tail site +0xa0a9c -> rax
[DRIVER] tail site +0xa0dc7 -> r10
[DRIVER] tail site +0xa13d3 -> r10
[DRIVER] tail site +0xa1936 -> r12
[DRIVER] tail site +0xa1a92 -> r12
[DRIVER] tail site +0xa1ecd -> rbx
[DRIVER] tail site +0xa235e -> r14
[DRIVER] tail site +0xa2933 -> rbx
[DRIVER] tail site +0xa2da1 -> rdi
[DRIVER] tail site +0xa35dd -> r13
[DRIVER] tail site +0xa3a49 -> rdx
[DRIVER] tail site +0xa3dc4 -> r14
[DRIVER] tail site +0xa3fe7 -> rdx
[DRIVER] tail site +0xa4606 -> r13
[DRIVER] tail site +0xa4a5e -> r14
[DRIVER] tail site +0xa4df4 -> r14
[DRIVER] tail site +0xa5178 -> r12
[DRIVER] tail site +0xa5886 -> r10
[DRIVER] tail site +0xa5f3a -> rdi
[DRIVER] tail site +0xa646d -> r13
[DRIVER] tail site +0xa68bf -> r10
[DRIVER] tail site +0xa6af6 -> r14
[DRIVER] tail site +0xa6e53 -> rdx
[DRIVER] tail site +0xa71fb -> r8
[DRIVER] tail site +0xa757c -> r11
[DRIVER] tail site +0xa7999 -> rdi
[DRIVER] tail site +0xa7ef6 -> rsi
[DRIVER] tail site +0xa81c1 -> r12
[DRIVER] tail site +0xa844e -> rdi
[DRIVER] tail site +0xa87b4 -> rbx
[DRIVER] tail site +0xa8e1d -> rsi
[DRIVER] tail site +0xa94a3 -> rdx
[DRIVER] tail site +0xa991c -> rdx
[DRIVER] tail site +0xa9cf4 -> r8
[DRIVER] tail site +0xa9ff7 -> r8
[DRIVER] tail site +0xaa87a -> r13
[DRIVER] tail site +0xaab67 -> r8
[DRIVER] tail site +0xaaf3c -> rsi
[DRIVER] tail site +0xab13e -> r14
[DRIVER] tail site +0xab424 -> r12
[DRIVER] tail site +0xabc56 -> r9
[DRIVER] tail site +0xac10e -> rdx
[DRIVER] tail site +0xac43d -> r11
[DRIVER] tail site +0xac7ff -> r11
[DRIVER] tail site +0xacbc3 -> rbx
[DRIVER] tail site +0xacefb -> rsi
[DRIVER] tail site +0xad329 -> r8
[DRIVER] tail site +0xad766 -> rsi
[DRIVER] tail site +0xad847 -> rdi
[DRIVER] tail site +0xadbfa -> r9
[DRIVER] tail site +0xadf29 -> r14
[DRIVER] tail site +0xae32f -> r11
[DRIVER] tail site +0xae909 -> rbx
[DRIVER] tail site +0xaeda0 -> rcx
[DRIVER] tail site +0xaeeff -> r12
[DRIVER] tail site +0xaf26a -> r13
[DRIVER] tail site +0xaf4cc -> r13
[DRIVER] tail site +0xaf8ac -> r8
[DRIVER] tail site +0xafa1d -> rdx
[DRIVER] tail site +0xb0005 -> rax
[DRIVER] tail site +0xb0458 -> r15
[DRIVER] tail site +0xb092e -> rax
[DRIVER] tail site +0xb0e2d -> r12
[DRIVER] tail site +0xb11c7 -> r15
[DRIVER] tail site +0xb1545 -> r9
[DRIVER] tail site +0xb180b -> r11
[DRIVER] tail site +0xb1b2a -> r15
[DRIVER] tail site +0xb1fd3 -> rax
[DRIVER] tail site +0xb2340 -> rdi
[DRIVER] tail site +0xb2db4 -> rdx
[DRIVER] tail site +0xb3125 -> r12
[DRIVER] tail site +0xb360f -> r8
[DRIVER] tail site +0xb3799 -> rdi
[DRIVER] tail site +0xb3ff1 -> r9
[DRIVER] tail site +0xb42df -> r12
[DRIVER] tail site +0xb45cf -> r10
[DRIVER] tail site +0xb497e -> rdi
[DRIVER] tail site +0xb4bfe -> rdx
[DRIVER] tail site +0xb4eda -> r11
[DRIVER] tail site +0xb540d -> rdx
[DRIVER] tail site +0xb593d -> rbx
[DRIVER] tail site +0xb5d7a -> rcx
[DRIVER] tail site +0xb60dd -> r14
[DRIVER] tail site +0xb625a -> r15
[DRIVER] tail site +0xb64d5 -> rsi
[DRIVER] tail site +0xb68ff -> r13
[DRIVER] tail site +0xb6bb7 -> r10
[DRIVER] tail site +0xb7583 -> r8
[DRIVER] tail site +0xb7699 -> r12
[DRIVER] tail site +0xb78ad -> r9
[DRIVER] tail site +0xb7bb8 -> rax
[DRIVER] tail site +0xb8062 -> rbx
[DRIVER] tail site +0xb837a -> rcx
[DRIVER] tail site +0xb84a4 -> r10
[DRIVER] tail site +0xb8b3f -> r8
[DRIVER] tail site +0xb8fcc -> r14
[DRIVER] tail site +0xb944f -> rcx
[DRIVER] tail site +0xb9878 -> r12
[DRIVER] tail site +0xba0cc -> rax
[DRIVER] tail site +0xba680 -> r15
[DRIVER] tail site +0xbada2 -> r8
[DRIVER] tail site +0xbb1db -> rsi
[DRIVER] tail site +0xbb6e3 -> r8
[DRIVER] tail site +0xbc06b -> rdi
[DRIVER] tail site +0xbc31d -> r13
[DRIVER] tail site +0xbc464 -> rcx
[DRIVER] tail site +0xbc673 -> r11
[DRIVER] tail site +0xbc9b6 -> rdx
[DRIVER] tail site +0xbcfc5 -> r15
[DRIVER] tail site +0xbd36a -> r13
[DRIVER] tail site +0xbd8ad -> rsi
[DRIVER] tail site +0xbdd16 -> rcx
[DRIVER] tail site +0xbe55b -> rdx
[DRIVER] tail site +0xbe8ca -> r11
[DRIVER] tail site +0xbec0b -> r10
[DRIVER] tail site +0xbf126 -> rbx
[DRIVER] tail site +0xbf2d3 -> rsi
[DRIVER] tail site +0xbf433 -> rdx
[DRIVER] tail site +0xbf886 -> r15
[DRIVER] tail site +0xbfb96 -> r13
[DRIVER] tail site +0xbff68 -> rsi
[DRIVER] tail site +0xc02e2 -> rdi
[DRIVER] tail site +0xc0532 -> r14
[DRIVER] tail site +0xc088b -> rsi
[DRIVER] tail site +0xc0d7b -> rdi
[DRIVER] tail site +0xc1409 -> rsi
[DRIVER] tail site +0xc1923 -> r13
[DRIVER] tail site +0xc1d46 -> rdi
[DRIVER] tail site +0xc1ec2 -> rsi
[DRIVER] tail site +0xc21c0 -> r10
[DRIVER] tail site +0xc2917 -> r9
[DRIVER] tail site +0xc3403 -> r13
[DRIVER] tail site +0xc3716 -> rbx
[DRIVER] call x(buf=0x55effbdbf010,len=0x800,mode=1,out=0x55effbdbf820)
[DISPATCH] site=0xc80b9 count=1 slot=0x73ebec0c39c8 slot_off=0xc39c8 idx=0x2b0 frame=0x73ebec07836d frame_off=0x7836d vm_ip=0x73ebec26cd71 vm_ip_off=0x26cd71 vm_flags=0x0 vm_state=0x0 vm_byte=0x0 target=0x73ebec08a37f target_off=0x8a37f
[TRACE] caller=eac.elf+0x4c000b fopen path=/dev/urandom mode=rb
[TRACE] caller=eac.elf+0x4c000b fopen path=/dev/urandom mode=rb
[TRACE] caller=eac.elf+0x3376ac open path=/proc/1515745/comm flags=0x0
[TRACE] caller=eac.elf+0x334271 open path=/proc/1515745/cmdline flags=0x0
[TRACE] caller=eac.elf+0x33ae27 open path=/proc/1515745/status flags=0x0
[TRACE] caller=eac.elf+0x33d5f1 open path=/proc/self/maps flags=0x0
[DISPATCH] site=0xcdac7 count=1 slot=0x73ebec0c4130 slot_off=0xc4130 idx=0xa18 frame=0x73ebec07836d frame_off=0x7836d vm_ip=0x73ebec33f278 vm_ip_off=0x33f278 vm_flags=0xd56bbddf vm_state=0xbffcd2b0 vm_byte=0x3a target=0x73ebec0bb6e6 target_off=0xbb6e6
[TRACE] caller=eac.elf+0x58b24 open path=/proc/mounts flags=0x0
[VMTAIL] site=0x87c25 count=1 frame=0x73ebec07836d frame_off=0x7836d vm_ip=0x73ebec315cc8 vm_ip_off=0x315cc8 vm_flags=0x8345d1e7 vm_state=0xfbfb525a vm_byte=0x62 table=0x73ebec0c3718 table_off=0xc3718 rax=0x73ebec310dbe rbx=0x73ebec07847c rcx=0x0 rdx=0x73ebec078ebd rsi=0x1 rdi=0xe7d7d818ffff r8=0x73ecec07836c r9=0x73ebec0c4201 r10=0x73ebec078377 r11=0x1 r12=0x73ebec0787e4 r13=0x4f0e r14=0x73ebec0c2241 r15=0xb10 rbp=0x73ebec07836d rsp=0x7ffc39b437d0 fs0x0=0x55efc1f03052 fs0x12=0x7ffc39b4381001 fs0x60=0x55efc230d7ae fs0x68=0x7ffc39b43810 fs0x71=0x55f0162270ef fs0x81=0x73ebd1c29f31 fs0xe1=0xf820000000000062 fs0x13d=0x246 fs0x16f=0xfbfb525a01 fs0x1e8=0x7ffc39b437d0 fs0x13=0x7ffc39b43810 fs0x91=0x1 fs0xab=0xe5b23167ed350e87 fs0xb3=0x55effbdd8c00 fs0xcb=0x73ebece8f000 fs0x19d=0x7ffc39b43818 fs0x28=0x73ebecc12ac0 fs0x38=0x55eff7a35dc8 fs0x79=0x55effbde9 fs0x89=0x51 fs0x99=0x50 fs0xd3=0x7ffc39b43818 fs0x107=0x55effbdbf820 fs0x123=0x7ffc39b43e38 fs0x128=0x7f fs0x147=0x6 ip_w0=0x151 ip_w1=0x92af ip_w2=0x68 ip_w3=0xb35 ip_w4=0xefe3 ip_w5=0xf8c8 ip_w6=0x1e8 ip_w7=0xb104 ip_w8=0xd126 ip_w9=0x8916 ip_w10=0x113a ip_w11=0x23 ip_w12=0x13d ip_w13=0x9e0f ip_w14=0x3771 ip_w15=0x58f1 target=0x73ebec0c2241 target_off=0xc2241
[VMTAIL] site=0xb0458 count=2 frame=0x73ebec07836d frame_off=0x7836d vm_ip=0x73ebec34368f vm_ip_off=0x34368f vm_flags=0xbdb72e21 vm_state=0xb8e2c31 vm_byte=0x62 table=0x73ebec0c3718 table_off=0xc3718 rax=0xbdb72e21 rbx=0x73ebec0784dd rcx=0xffff8c1413f3c928 rdx=0x73ebec0784dd rsi=0x1fdc01b3 rdi=0x1fdc01bb r8=0x73ebec34368b r9=0x73ebec078377 r10=0x210 r11=0x73ebec078390 r12=0xb0 r13=0x73ebec0c3928 r14=0x9fdc0113 r15=0x73ebec0855ff rbp=0x73ebec07836d rsp=0x7ffc39b43900 fs0x0=0x91654353 fs0x12=0x73ebecc12ac000 fs0x60=0x91654353 fs0x68=0x7ffc39b43800 fs0x71=0x1162361f0 fs0x81=0x73ebd1c29ee6 fs0xe1=0xf820000000000062 fs0x13d=0x202 fs0x16f=0xb8e2c3101 fs0x1e8=0x7ffc39b43900 fs0x13=0x73ebecc12ac0 fs0x91=0x55effbdbf010 fs0xab=0xe5b23167ed350e87 fs0xb3=0xfbde7d01 fs0xcb=0x73ebece8f000 fs0x19d=0x1ff0 fs0x28=0x73ebecc12ac0 fs0x38=0x55eff7a35dc8 fs0x79=0x0 fs0x89=0x0 fs0x99=0x1ff0 fs0xd3=0x73ebecc12ac8 fs0x107=0x55effbdbf820 fs0x123=0x7ffc39b43e38 fs0x128=0x7f fs0x147=0x6 ip_w0=0xc5e8 ip_w1=0x940a ip_w2=0xe39a ip_w3=0x1ecf ip_w4=0xf61f ip_w5=0x7340 ip_w6=0xe808 ip_w7=0xa001 ip_w8=0x3dc8 ip_w9=0x1 ip_w10=0x3d0e ip_w11=0x66 ip_w12=0x5f10 ip_w13=0x5c8 ip_w14=0x8c73 ip_w15=0x9b3a target=0x73ebec0855ff target_off=0x855ff
[VMTAIL] site=0xc21c0 count=3 frame=0x73ebec07836d frame_off=0x7836d vm_ip=0x73ebec343ef4 vm_ip_off=0x343ef4 vm_flags=0x7dfd3b57 vm_state=0x75a72b16 vm_byte=0x3a table=0x73ebec0c3718 table_off=0xc3718 rax=0x73ebec0c488a rbx=0x73ebec0783ee rcx=0x0 rdx=0x73ebec0784dd rsi=0x60 rdi=0x73ebec078377 r8=0x73ebec07843a r9=0x73ebec078e7d r10=0x73ebec0c2241 r11=0x73ebec0c4228 r12=0x650 r13=0x48030345 r14=0x90 r15=0xffffffffffffffff rbp=0x73ebec07836d rsp=0x7ffc39b438d0 fs0x0=0x4acd0089 fs0x12=0x7ffc39b438d000 fs0x60=0xa fs0x68=0x7ffc39b43a80 fs0x71=0x1a44e4f9 fs0x81=0x73ebd1c29ef7 fs0xe1=0xf820000000000062 fs0x13d=0x202 fs0x16f=0x75a72b1601 fs0x1e8=0x7ffc39b438d0 fs0x13=0x7ffc39b438d0 fs0x91=0x55effbde8cf0 fs0xab=0xe5b23167ed350e87 fs0xb3=0x7ffc39b43a80 fs0xcb=0x73ebece8f000 fs0x19d=0x7ffc39b43a80 fs0x28=0x73ebecc12ac0 fs0x38=0x55eff7a35dc8 fs0x79=0xa fs0x89=0x0 fs0x99=0x55effbde7dc0 fs0xd3=0xa fs0x107=0x55effbdbf820 fs0x123=0x7ffc39b43e38 fs0x128=0x7f fs0x147=0x6 ip_w0=0x159 ip_w1=0x540 ip_w2=0x0 ip_w3=0x0 ip_w4=0x79 ip_w5=0xd4f6 ip_w6=0xa076 ip_w7=0xe0cc ip_w8=0x6e75 ip_w9=0xf46 ip_w10=0x3dd9 ip_w11=0x7d01 ip_w12=0x162 ip_w13=0x0 ip_w14=0x30 ip_w15=0x0 target=0x73ebec0c2241 target_off=0xc2241
[VMTAIL] site=0xa6af6 count=4 frame=0x73ebec07836d frame_off=0x7836d vm_ip=0x73ebec343f22 vm_ip_off=0x343f22 vm_flags=0x4ce88bcd vm_state=0xe5076ef9 vm_byte=0x3a table=0x73ebec0c3718 table_off=0xc3718 rax=0x73ebec078380 rbx=0x73ebec078377 rcx=0xf3e825bbc2f5 rdx=0x7fc7f837 rsi=0x39b43ab7 rdi=0xffff8c14f7fc7c71 r8=0x73ebec0787fd r9=0x73ebec0c3d50 r10=0x638 r11=0x73ebec07836d r12=0x73ebec0783e8 r13=0x73ebec0784dd r14=0x73ebec0a0631 r15=0xe40c3c50 rbp=0x73ebec07836d rsp=0x7ffc39b438d0 fs0x0=0xffffffff991fb4ca fs0x12=0x7ffc39b438d400 fs0x60=0xffffffff991fb4c0 fs0x68=0x7ffc39b43a80 fs0x71=0x1a44e4f9 fs0x81=0x73ebd1c29ef7 fs0xe1=0xf820000000000062 fs0x13d=0x206 fs0x16f=0xe5076ef901 fs0x1e8=0x7ffc39b438d0 fs0x13=0x7ffc39b438d4 fs0x91=0x55effbde8cf0 fs0xab=0xe5b23167ed350e87 fs0xb3=0x7ffc39b43a80 fs0xcb=0x73ebece8f000 fs0x19d=0x7ffc39b43a84 fs0x28=0x73ebecc12ac0 fs0x38=0x55eff7a35dc8 fs0x79=0xa fs0x89=0x0 fs0x99=0x55effbde7dc0 fs0xd3=0xa fs0x107=0x55effbdbf820 fs0x123=0x7ffc39b43e38 fs0x128=0x7f fs0x147=0x6 ip_w0=0x9e02 ip_w1=0xd86d ip_w2=0xb4ac ip_w3=0xafdb ip_w4=0xa819 ip_w5=0x3dd7 ip_w6=0x7701 ip_w7=0xbb94 ip_w8=0xbe31 ip_w9=0x162 ip_w10=0x0 ip_w11=0x40 ip_w12=0x8000 ip_w13=0xb9 ip_w14=0xabab ip_w15=0xf33a target=0x73ebec0a0631 target_off=0xa0631
[VMTAIL] site=0x90c21 count=5 frame=0x73ebec07836d frame_off=0x7836d vm_ip=0x73ebec343ef4 vm_ip_off=0x343ef4 vm_flags=0x2124 vm_state=0xfe3660fc vm_byte=0x3a table=0x73ebec0c3718 table_off=0xc3718 rax=0x73ebec0c2241 rbx=0x0 rcx=0x73ebec07847c rdx=0xb10 rsi=0x90 rdi=0x73ebec078377 r8=0x80000000 r9=0x73ebec0784dd r10=0x73ebec0c4228 r11=0x0 r12=0x40 r13=0x73ebec078377 r14=0x40 r15=0x80000040 rbp=0x73ebec07836d rsp=0x7ffc39b438d0 fs0x0=0x7baccac1 fs0x12=0x7ffc39b438d400 fs0x60=0xffffffff991fb4c0 fs0x68=0x7ffc39b43a80 fs0x71=0x1a44e4f8 fs0x81=0x73ebd1c29ef7 fs0xe1=0xf820000000000062 fs0x13d=0x206 fs0x16f=0xfe3660fc01 fs0x1e8=0x7ffc39b438d0 fs0x13=0x7ffc39b438d4 fs0x91=0x55effbde8cf0 fs0xab=0xe5b23167ed350e87 fs0xb3=0x7ffc39b43a80 fs0xcb=0x73ebece8f000 fs0x19d=0x7ffc39b43a84 fs0x28=0x73ebecc12ac0 fs0x38=0x55eff7a35dc8 fs0x79=0x9 fs0x89=0x0 fs0x99=0x55effbde7dc0 fs0xd3=0xa fs0x107=0x55effbdbf820 fs0x123=0x7ffc39b43e38 fs0x128=0x7f fs0x147=0x6 ip_w0=0x159 ip_w1=0x540 ip_w2=0x0 ip_w3=0x0 ip_w4=0x79 ip_w5=0xd4f6 ip_w6=0xa076 ip_w7=0xe0cc ip_w8=0x6e75 ip_w9=0xf46 ip_w10=0x3dd9 ip_w11=0x7d01 ip_w12=0x162 ip_w13=0x0 ip_w14=0x30 ip_w15=0x0 target=0x73ebec0c2241 target_off=0xc2241
[VMTAIL] site=0xa6af6 count=6 frame=0x73ebec07836d frame_off=0x7836d vm_ip=0x73ebec343f22 vm_ip_off=0x343f22 vm_flags=0x4ce88bcd vm_state=0xe5076ef9 vm_byte=0x3a table=0x73ebec0c3718 table_off=0xc3718 rax=0x73ebec078380 rbx=0x73ebec078377 rcx=0xf3e825bbc2f9 rdx=0x7fc7f837 rsi=0x7ffc rdi=0xffff8c14f7fc7c71 r8=0x73ebec0787fd r9=0x73ebec0c3d50 r10=0x638 r11=0x73ebec07836d r12=0x73ebec0783e8 r13=0x73ebec0784dd r14=0x73ebec0a0631 r15=0xe40c3c50 rbp=0x73ebec07836d rsp=0x7ffc39b438d0 fs0x0=0xffffffff991fb4c9 fs0x12=0x7ffc39b438d800 fs0x60=0xffffffff991fb4c0 fs0x68=0x7ffc39b43a80 fs0x71=0x1a44e4f8 fs0x81=0x73ebd1c29ef7 fs0xe1=0xf820000000000062 fs0x13d=0x206 fs0x16f=0xe5076ef901 fs0x1e8=0x7ffc39b438d0 fs0x13=0x7ffc39b438d8 fs0x91=0x55effbde8cf0 fs0xab=0xe5b23167ed350e87 fs0xb3=0x7ffc39b43a80 fs0xcb=0x73ebece8f000 fs0x19d=0x7ffc39b43a88 fs0x28=0x73ebecc12ac0 fs0x38=0x55eff7a35dc8 fs0x79=0x9 fs0x89=0x0 fs0x99=0x55effbde7dc0 fs0xd3=0xa fs0x107=0x55effbdbf820 fs0x123=0x7ffc39b43e38 fs0x128=0x7f fs0x147=0x6 ip_w0=0x9e02 ip_w1=0xd86d ip_w2=0xb4ac ip_w3=0xafdb ip_w4=0xa819 ip_w5=0x3dd7 ip_w6=0x7701 ip_w7=0xbb94 ip_w8=0xbe31 ip_w9=0x162 ip_w10=0x0 ip_w11=0x40 ip_w12=0x8000 ip_w13=0xb9 ip_w14=0xabab ip_w15=0xf33a target=0x73ebec0a0631 target_off=0xa0631
[VMTAIL] site=0x90c21 count=7 frame=0x73ebec07836d frame_off=0x7836d vm_ip=0x73ebec343ef4 vm_ip_off=0x343ef4 vm_flags=0x2124 vm_state=0xfe3660fc vm_byte=0x3a table=0x73ebec0c3718 table_off=0xc3718 rax=0x73ebec0c2241 rbx=0x0 rcx=0x73ebec07847c rdx=0xb10 rsi=0x90 rdi=0x73ebec078377 r8=0x80000000 r9=0x73ebec0784dd r10=0x73ebec0c4228 r11=0x0 r12=0x40 r13=0x73ebec078377 r14=0x40 r15=0x80000040 rbp=0x73ebec07836d rsp=0x7ffc39b438d0 fs0x0=0x7baccac2 fs0x12=0x7ffc39b438d800 fs0x60=0xffffffff991fb4c0 fs0x68=0x7ffc39b43a80 fs0x71=0x1a44e4f7 fs0x81=0x73ebd1c29ef7 fs0xe1=0xf820000000000062 fs0x13d=0x202 fs0x16f=0xfe3660fc01 fs0x1e8=0x7ffc39b438d0 fs0x13=0x7ffc39b438d8 fs0x91=0x55effbde8cf0 fs0xab=0xe5b23167ed350e87 fs0xb3=0x7ffc39b43a80 fs0xcb=0x73ebece8f000 fs0x19d=0x7ffc39b43a88 fs0x28=0x73ebecc12ac0 fs0x38=0x55eff7a35dc8 fs0x79=0x8 fs0x89=0x0 fs0x99=0x55effbde7dc0 fs0xd3=0xa fs0x107=0x55effbdbf820 fs0x123=0x7ffc39b43e38 fs0x128=0x7f fs0x147=0x6 ip_w0=0x159 ip_w1=0x540 ip_w2=0x0 ip_w3=0x0 ip_w4=0x79 ip_w5=0xd4f6 ip_w6=0xa076 ip_w7=0xe0cc ip_w8=0x6e75 ip_w9=0xf46 ip_w10=0x3dd9 ip_w11=0x7d01 ip_w12=0x162 ip_w13=0x0 ip_w14=0x30 ip_w15=0x0 target=0x73ebec0c2241 target_off=0xc2241
[VMTAIL] site=0xa6af6 count=8 frame=0x73ebec07836d frame_off=0x7836d vm_ip=0x73ebec343f22 vm_ip_off=0x343f22 vm_flags=0x4ce88bcd vm_state=0xe5076ef9 vm_byte=0x3a table=0x73ebec0c3718 table_off=0xc3718 rax=0x73ebec078380 rbx=0x73ebec078377 rcx=0xf3e825bbc2ed rdx=0x7fc7f837 rsi=0x39b43abc rdi=0xffff8c14f7fc7c71 r8=0x73ebec0787fd r9=0x73ebec0c3d50 r10=0x638 r11=0x73ebec07836d r12=0x73ebec0783e8 r13=0x73ebec0784dd r14=0x73ebec0a0631 r15=0xe40c3c50 rbp=0x73ebec07836d rsp=0x7ffc39b438d0 fs0x0=0xffffffff991fb4c8 fs0x12=0x7ffc39b438dc00 fs0x60=0xffffffff991fb4c0 fs0x68=0x7ffc39b43a80 fs0x71=0x1a44e4f7 fs0x81=0x73ebd1c29ef7 fs0xe1=0xf820000000000062 fs0x13d=0x202 fs0x16f=0xe5076ef901 fs0x1e8=0x7ffc39b438d0 fs0x13=0x7ffc39b438dc fs0x91=0x55effbde8cf0 fs0xab=0xe5b23167ed350e87 fs0xb3=0x7ffc39b43a80 fs0xcb=0x73ebece8f000 fs0x19d=0x7ffc39b43a8c fs0x28=0x73ebecc12ac0 fs0x38=0x55eff7a35dc8 fs0x79=0x8 fs0x89=0x0 fs0x99=0x55effbde7dc0 fs0xd3=0xa fs0x107=0x55effbdbf820 fs0x123=0x7ffc39b43e38 fs0x128=0x7f fs0x147=0x6 ip_w0=0x9e02 ip_w1=0xd86d ip_w2=0xb4ac ip_w3=0xafdb ip_w4=0xa819 ip_w5=0x3dd7 ip_w6=0x7701 ip_w7=0xbb94 ip_w8=0xbe31 ip_w9=0x162 ip_w10=0x0 ip_w11=0x40 ip_w12=0x8000 ip_w13=0xb9 ip_w14=0xabab ip_w15=0xf33a target=0x73ebec0a0631 target_off=0xa0631
[VMTAIL] site=0x90c21 count=9 frame=0x73ebec07836d frame_off=0x7836d vm_ip=0x73ebec343ef4 vm_ip_off=0x343ef4 vm_flags=0x2124 vm_state=0xfe3660fc vm_byte=0x3a table=0x73ebec0c3718 table_off=0xc3718 rax=0x73ebec0c2241 rbx=0x0 rcx=0x73ebec07847c rdx=0xb10 rsi=0x90 rdi=0x73ebec078377 r8=0x80000000 r9=0x73ebec0784dd r10=0x73ebec0c4228 r11=0x0 r12=0x40 r13=0x73ebec078377 r14=0x40 r15=0x80000040 rbp=0x73ebec07836d rsp=0x7ffc39b438d0 fs0x0=0x7baccac3 fs0x12=0x7ffc39b438dc00 fs0x60=0xffffffff991fb4c0 fs0x68=0x7ffc39b43a80 fs0x71=0x1a44e4f6 fs0x81=0x73ebd1c29ef7 fs0xe1=0xf820000000000062 fs0x13d=0x202 fs0x16f=0xfe3660fc01 fs0x1e8=0x7ffc39b438d0 fs0x13=0x7ffc39b438dc fs0x91=0x55effbde8cf0 fs0xab=0xe5b23167ed350e87 fs0xb3=0x7ffc39b43a80 fs0xcb=0x73ebece8f000 fs0x19d=0x7ffc39b43a8c fs0x28=0x73ebecc12ac0 fs0x38=0x55eff7a35dc8 fs0x79=0x7 fs0x89=0x0 fs0x99=0x55effbde7dc0 fs0xd3=0xa fs0x107=0x55effbdbf820 fs0x123=0x7ffc39b43e38 fs0x128=0x7f fs0x147=0x6 ip_w0=0x159 ip_w1=0x540 ip_w2=0x0 ip_w3=0x0 ip_w4=0x79 ip_w5=0xd4f6 ip_w6=0xa076 ip_w7=0xe0cc ip_w8=0x6e75 ip_w9=0xf46 ip_w10=0x3dd9 ip_w11=0x7d01 ip_w12=0x162 ip_w13=0x0 ip_w14=0x30 ip_w15=0x0 target=0x73ebec0c2241 target_off=0xc2241
[VMTAIL] site=0xa6af6 count=10 frame=0x73ebec07836d frame_off=0x7836d vm_ip=0x73ebec343f22 vm_ip_off=0x343f22 vm_flags=0x4ce88bcd vm_state=0xe5076ef9 vm_byte=0x3a table=0x73ebec0c3718 table_off=0xc3718 rax=0x73ebec078380 rbx=0x73ebec078377 rcx=0xf3e825bbc2f1 rdx=0x7fc7f837 rsi=0x7ffc rdi=0xffff8c14f7fc7c71 r8=0x73ebec0787fd r9=0x73ebec0c3d50 r10=0x638 r11=0x73ebec07836d r12=0x73ebec0783e8 r13=0x73ebec0784dd r14=0x73ebec0a0631 r15=0xe40c3c50 rbp=0x73ebec07836d rsp=0x7ffc39b438d0 fs0x0=0xffffffff991fb4c7 fs0x12=0x7ffc39b438e000 fs0x60=0xffffffff991fb4c0 fs0x68=0x7ffc39b43a80 fs0x71=0x1a44e4f6 fs0x81=0x73ebd1c29ef7 fs0xe1=0xf820000000000062 fs0x13d=0x202 fs0x16f=0xe5076ef901 fs0x1e8=0x7ffc39b438d0 fs0x13=0x7ffc39b438e0 fs0x91=0x55effbde8cf0 fs0xab=0xe5b23167ed350e87 fs0xb3=0x7ffc39b43a80 fs0xcb=0x73ebece8f000 fs0x19d=0x7ffc39b43a90 fs0x28=0x73ebecc12ac0 fs0x38=0x55eff7a35dc8 fs0x79=0x7 fs0x89=0x0 fs0x99=0x55effbde7dc0 fs0xd3=0xa fs0x107=0x55effbdbf820 fs0x123=0x7ffc39b43e38 fs0x128=0x7f fs0x147=0x6 ip_w0=0x9e02 ip_w1=0xd86d ip_w2=0xb4ac ip_w3=0xafdb ip_w4=0xa819 ip_w5=0x3dd7 ip_w6=0x7701 ip_w7=0xbb94 ip_w8=0xbe31 ip_w9=0x162 ip_w10=0x0 ip_w11=0x40 ip_w12=0x8000 ip_w13=0xb9 ip_w14=0xabab ip_w15=0xf33a target=0x73ebec0a0631 target_off=0xa0631
[VMTAIL] site=0x90c21 count=11 frame=0x73ebec07836d frame_off=0x7836d vm_ip=0x73ebec343ef4 vm_ip_off=0x343ef4 vm_flags=0x2124 vm_state=0xfe3660fc vm_byte=0x3a table=0x73ebec0c3718 table_off=0xc3718 rax=0x73ebec0c2241 rbx=0x0 rcx=0x73ebec07847c rdx=0xb10 rsi=0x90 rdi=0x73ebec078377 r8=0x80000000 r9=0x73ebec0784dd r10=0x73ebec0c4228 r11=0x0 r12=0x40 r13=0x73ebec078377 r14=0x40 r15=0x80000040 rbp=0x73ebec07836d rsp=0x7ffc39b438d0 fs0x0=0x7baccacc fs0x12=0x7ffc39b438e000 fs0x60=0xffffffff991fb4c0 fs0x68=0x7ffc39b43a80 fs0x71=0x1a44e4f5 fs0x81=0x73ebd1c29ef7 fs0xe1=0xf820000000000062 fs0x13d=0x206 fs0x16f=0xfe3660fc01 fs0x1e8=0x7ffc39b438d0 fs0x13=0x7ffc39b438e0 fs0x91=0x55effbde8cf0 fs0xab=0xe5b23167ed350e87 fs0xb3=0x7ffc39b43a80 fs0xcb=0x73ebece8f000 fs0x19d=0x7ffc39b43a90 fs0x28=0x73ebecc12ac0 fs0x38=0x55eff7a35dc8 fs0x79=0x6 fs0x89=0x0 fs0x99=0x55effbde7dc0 fs0xd3=0xa fs0x107=0x55effbdbf820 fs0x123=0x7ffc39b43e38 fs0x128=0x7f fs0x147=0x6 ip_w0=0x159 ip_w1=0x540 ip_w2=0x0 ip_w3=0x0 ip_w4=0x79 ip_w5=0xd4f6 ip_w6=0xa076 ip_w7=0xe0cc ip_w8=0x6e75 ip_w9=0xf46 ip_w10=0x3dd9 ip_w11=0x7d01 ip_w12=0x162 ip_w13=0x0 ip_w14=0x30 ip_w15=0x0 target=0x73ebec0c2241 target_off=0xc2241
[VMTAIL] site=0xa6af6 count=12 frame=0x73ebec07836d frame_off=0x7836d vm_ip=0x73ebec343f22 vm_ip_off=0x343f22 vm_flags=0x4ce88bcd vm_state=0xe5076ef9 vm_byte=0x3a table=0x73ebec0c3718 table_off=0xc3718 rax=0x73ebec078380 rbx=0x73ebec078377 rcx=0xf3e825bbc2e5 rdx=0x7fc7f837 rsi=0x39b43ad0 rdi=0xffff8c14f7fc7c71 r8=0x73ebec0787fd r9=0x73ebec0c3d50 r10=0x638 r11=0x73ebec07836d r12=0x73ebec0783e8 r13=0x73ebec0784dd r14=0x73ebec0a0631 r15=0xe40c3c50 rbp=0x73ebec07836d rsp=0x7ffc39b438d0 fs0x0=0xffffffff991fb4c6 fs0x12=0x7ffc39b438e400 fs0x60=0xffffffff991fb4c0 fs0x68=0x7ffc39b43a80 fs0x71=0x1a44e4f5 fs0x81=0x73ebd1c29ef7 fs0xe1=0xf820000000000062 fs0x13d=0x206 fs0x16f=0xe5076ef901 fs0x1e8=0x7ffc39b438d0 fs0x13=0x7ffc39b438e4 fs0x91=0x55effbde8cf0 fs0xab=0xe5b23167ed350e87 fs0xb3=0x7ffc39b43a80 fs0xcb=0x73ebece8f000 fs0x19d=0x7ffc39b43a94 fs0x28=0x73ebecc12ac0 fs0x38=0x55eff7a35dc8 fs0x79=0x6 fs0x89=0x0 fs0x99=0x55effbde7dc0 fs0xd3=0xa fs0x107=0x55effbdbf820 fs0x123=0x7ffc39b43e38 fs0x128=0x7f fs0x147=0x6 ip_w0=0x9e02 ip_w1=0xd86d ip_w2=0xb4ac ip_w3=0xafdb ip_w4=0xa819 ip_w5=0x3dd7 ip_w6=0x7701 ip_w7=0xbb94 ip_w8=0xbe31 ip_w9=0x162 ip_w10=0x0 ip_w11=0x40 ip_w12=0x8000 ip_w13=0xb9 ip_w14=0xabab ip_w15=0xf33a target=0x73ebec0a0631 target_off=0xa0631
[VMTAIL] site=0x90c21 count=13 frame=0x73ebec07836d frame_off=0x7836d vm_ip=0x73ebec343ef4 vm_ip_off=0x343ef4 vm_flags=0x2124 vm_state=0xfe3660fc vm_byte=0x3a table=0x73ebec0c3718 table_off=0xc3718 rax=0x73ebec0c2241 rbx=0x0 rcx=0x73ebec07847c rdx=0xb10 rsi=0x90 rdi=0x73ebec078377 r8=0x80000000 r9=0x73ebec0784dd r10=0x73ebec0c4228 r11=0x0 r12=0x40 r13=0x73ebec078377 r14=0x40 r15=0x80000040 rbp=0x73ebec07836d rsp=0x7ffc39b438d0 fs0x0=0x7baccacd fs0x12=0x7ffc39b438e400 fs0x60=0xffffffff991fb4c0 fs0x68=0x7ffc39b43a80 fs0x71=0x1a44e4f4 fs0x81=0x73ebd1c29ef7 fs0xe1=0xf820000000000062 fs0x13d=0x206 fs0x16f=0xfe3660fc01 fs0x1e8=0x7ffc39b438d0 fs0x13=0x7ffc39b438e4 fs0x91=0x55effbde8cf0 fs0xab=0xe5b23167ed350e87 fs0xb3=0x7ffc39b43a80 fs0xcb=0x73ebece8f000 fs0x19d=0x7ffc39b43a94 fs0x28=0x73ebecc12ac0 fs0x38=0x55eff7a35dc8 fs0x79=0x5 fs0x89=0x0 fs0x99=0x55effbde7dc0 fs0xd3=0xa fs0x107=0x55effbdbf820 fs0x123=0x7ffc39b43e38 fs0x128=0x7f fs0x147=0x6 ip_w0=0x159 ip_w1=0x540 ip_w2=0x0 ip_w3=0x0 ip_w4=0x79 ip_w5=0xd4f6 ip_w6=0xa076 ip_w7=0xe0cc ip_w8=0x6e75 ip_w9=0xf46 ip_w10=0x3dd9 ip_w11=0x7d01 ip_w12=0x162 ip_w13=0x0 ip_w14=0x30 ip_w15=0x0 target=0x73ebec0c2241 target_off=0xc2241
[VMTAIL] site=0xa6af6 count=14 frame=0x73ebec07836d frame_off=0x7836d vm_ip=0x73ebec343f22 vm_ip_off=0x343f22 vm_flags=0x4ce88bcd vm_state=0xe5076ef9 vm_byte=0x3a table=0x73ebec0c3718 table_off=0xc3718 rax=0x73ebec078380 rbx=0x73ebec078377 rcx=0xf3e825bbc2e9 rdx=0x7fc7f837 rsi=0x7ffc rdi=0xffff8c14f7fc7c71 r8=0x73ebec0787fd r9=0x73ebec0c3d50 r10=0x638 r11=0x73ebec07836d r12=0x73ebec0783e8 r13=0x73ebec0784dd r14=0x73ebec0a0631 r15=0xe40c3c50 rbp=0x73ebec07836d rsp=0x7ffc39b438d0 fs0x0=0xffffffff991fb4c5 fs0x12=0x7ffc39b438e800 fs0x60=0xffffffff991fb4c0 fs0x68=0x7ffc39b43a80 fs0x71=0x1a44e4f4 fs0x81=0x73ebd1c29ef7 fs0xe1=0xf820000000000062 fs0x13d=0x206 fs0x16f=0xe5076ef901 fs0x1e8=0x7ffc39b438d0 fs0x13=0x7ffc39b438e8 fs0x91=0x55effbde8cf0 fs0xab=0xe5b23167ed350e87 fs0xb3=0x7ffc39b43a80 fs0xcb=0x73ebece8f000 fs0x19d=0x7ffc39b43a98 fs0x28=0x73ebecc12ac0 fs0x38=0x55eff7a35dc8 fs0x79=0x5 fs0x89=0x0 fs0x99=0x55effbde7dc0 fs0xd3=0xa fs0x107=0x55effbdbf820 fs0x123=0x7ffc39b43e38 fs0x128=0x7f fs0x147=0x6 ip_w0=0x9e02 ip_w1=0xd86d ip_w2=0xb4ac ip_w3=0xafdb ip_w4=0xa819 ip_w5=0x3dd7 ip_w6=0x7701 ip_w7=0xbb94 ip_w8=0xbe31 ip_w9=0x162 ip_w10=0x0 ip_w11=0x40 ip_w12=0x8000 ip_w13=0xb9 ip_w14=0xabab ip_w15=0xf33a target=0x73ebec0a0631 target_off=0xa0631
[VMTAIL] site=0x90c21 count=15 frame=0x73ebec07836d frame_off=0x7836d vm_ip=0x73ebec343ef4 vm_ip_off=0x343ef4 vm_flags=0x2124 vm_state=0xfe3660fc vm_byte=0x3a table=0x73ebec0c3718 table_off=0xc3718 rax=0x73ebec0c2241 rbx=0x0 rcx=0x73ebec07847c rdx=0xb10 rsi=0x90 rdi=0x73ebec078377 r8=0x80000000 r9=0x73ebec0784dd r10=0x73ebec0c4228 r11=0x0 r12=0x40 r13=0x73ebec078377 r14=0x40 r15=0x80000040 rbp=0x73ebec07836d rsp=0x7ffc39b438d0 fs0x0=0x7baccace fs0x12=0x7ffc39b438e800 fs0x60=0xffffffff991fb4c0 fs0x68=0x7ffc39b43a80 fs0x71=0x1a44e4f3 fs0x81=0x73ebd1c29ef7 fs0xe1=0xf820000000000062 fs0x13d=0x202 fs0x16f=0xfe3660fc01 fs0x1e8=0x7ffc39b438d0 fs0x13=0x7ffc39b438e8 fs0x91=0x55effbde8cf0 fs0xab=0xe5b23167ed350e87 fs0xb3=0x7ffc39b43a80 fs0xcb=0x73ebece8f000 fs0x19d=0x7ffc39b43a98 fs0x28=0x73ebecc12ac0 fs0x38=0x55eff7a35dc8 fs0x79=0x4 fs0x89=0x0 fs0x99=0x55effbde7dc0 fs0xd3=0xa fs0x107=0x55effbdbf820 fs0x123=0x7ffc39b43e38 fs0x128=0x7f fs0x147=0x6 ip_w0=0x159 ip_w1=0x540 ip_w2=0x0 ip_w3=0x0 ip_w4=0x79 ip_w5=0xd4f6 ip_w6=0xa076 ip_w7=0xe0cc ip_w8=0x6e75 ip_w9=0xf46 ip_w10=0x3dd9 ip_w11=0x7d01 ip_w12=0x162 ip_w13=0x0 ip_w14=0x30 ip_w15=0x0 target=0x73ebec0c2241 target_off=0xc2241
[VMTAIL] site=0xa6af6 count=16 frame=0x73ebec07836d frame_off=0x7836d vm_ip=0x73ebec343f22 vm_ip_off=0x343f22 vm_flags=0x4ce88bcd vm_state=0xe5076ef9 vm_byte=0x3a table=0x73ebec0c3718 table_off=0xc3718 rax=0x73ebec078380 rbx=0x73ebec078377 rcx=0xf3e825bbc2dd rdx=0x7fc7f837 rsi=0x39b43ac6 rdi=0xffff8c14f7fc7c71 r8=0x73ebec0787fd r9=0x73ebec0c3d50 r10=0x638 r11=0x73ebec07836d r12=0x73ebec0783e8 r13=0x73ebec0784dd r14=0x73ebec0a0631 r15=0xe40c3c50 rbp=0x73ebec07836d rsp=0x7ffc39b438d0 fs0x0=0xffffffff991fb4c4 fs0x12=0x7ffc39b438ec00 fs0x60=0xffffffff991fb4c0 fs0x68=0x7ffc39b43a80 fs0x71=0x1a44e4f3 fs0x81=0x73ebd1c29ef7 fs0xe1=0xf820000000000062 fs0x13d=0x202 fs0x16f=0xe5076ef901 fs0x1e8=0x7ffc39b438d0 fs0x13=0x7ffc39b438ec fs0x91=0x55effbde8cf0 fs0xab=0xe5b23167ed350e87 fs0xb3=0x7ffc39b43a80 fs0xcb=0x73ebece8f000 fs0x19d=0x7ffc39b43a9c fs0x28=0x73ebecc12ac0 fs0x38=0x55eff7a35dc8 fs0x79=0x4 fs0x89=0x0 fs0x99=0x55effbde7dc0 fs0xd3=0xa fs0x107=0x55effbdbf820 fs0x123=0x7ffc39b43e38 fs0x128=0x7f fs0x147=0x6 ip_w0=0x9e02 ip_w1=0xd86d ip_w2=0xb4ac ip_w3=0xafdb ip_w4=0xa819 ip_w5=0x3dd7 ip_w6=0x7701 ip_w7=0xbb94 ip_w8=0xbe31 ip_w9=0x162 ip_w10=0x0 ip_w11=0x40 ip_w12=0x8000 ip_w13=0xb9 ip_w14=0xabab ip_w15=0xf33a target=0x73ebec0a0631 target_off=0xa0631
[VMTAIL] site=0x90c21 count=17 frame=0x73ebec07836d frame_off=0x7836d vm_ip=0x73ebec343ef4 vm_ip_off=0x343ef4 vm_flags=0x2124 vm_state=0xfe3660fc vm_byte=0x3a table=0x73ebec0c3718 table_off=0xc3718 rax=0x73ebec0c2241 rbx=0x0 rcx=0x73ebec07847c rdx=0xb10 rsi=0x90 rdi=0x73ebec078377 r8=0x80000000 r9=0x73ebec0784dd r10=0x73ebec0c4228 r11=0x0 r12=0x40 r13=0x73ebec078377 r14=0x40 r15=0x80000040 rbp=0x73ebec07836d rsp=0x7ffc39b438d0 fs0x0=0x7baccacf fs0x12=0x7ffc39b438ec00 fs0x60=0xffffffff991fb4c0 fs0x68=0x7ffc39b43a80 fs0x71=0x1a44e4f2 fs0x81=0x73ebd1c29ef7 fs0xe1=0xf820000000000062 fs0x13d=0x206 fs0x16f=0xfe3660fc01 fs0x1e8=0x7ffc39b438d0 fs0x13=0x7ffc39b438ec fs0x91=0x55effbde8cf0 fs0xab=0xe5b23167ed350e87 fs0xb3=0x7ffc39b43a80 fs0xcb=0x73ebece8f000 fs0x19d=0x7ffc39b43a9c fs0x28=0x73ebecc12ac0 fs0x38=0x55eff7a35dc8 fs0x79=0x3 fs0x89=0x0 fs0x99=0x55effbde7dc0 fs0xd3=0xa fs0x107=0x55effbdbf820 fs0x123=0x7ffc39b43e38 fs0x128=0x7f fs0x147=0x6 ip_w0=0x159 ip_w1=0x540 ip_w2=0x0 ip_w3=0x0 ip_w4=0x79 ip_w5=0xd4f6 ip_w6=0xa076 ip_w7=0xe0cc ip_w8=0x6e75 ip_w9=0xf46 ip_w10=0x3dd9 ip_w11=0x7d01 ip_w12=0x162 ip_w13=0x0 ip_w14=0x30 ip_w15=0x0 target=0x73ebec0c2241 target_off=0xc2241
[VMTAIL] site=0xa6af6 count=18 frame=0x73ebec07836d frame_off=0x7836d vm_ip=0x73ebec343f22 vm_ip_off=0x343f22 vm_flags=0x4ce88bcd vm_state=0xe5076ef9 vm_byte=0x3a table=0x73ebec0c3718 table_off=0xc3718 rax=0x73ebec078380 rbx=0x73ebec078377 rcx=0xf3e825bbc2e1 rdx=0x7fc7f837 rsi=0x7ffc rdi=0xffff8c14f7fc7c71 r8=0x73ebec0787fd r9=0x73ebec0c3d50 r10=0x638 r11=0x73ebec07836d r12=0x73ebec0783e8 r13=0x73ebec0784dd r14=0x73ebec0a0631 r15=0xe40c3c50 rbp=0x73ebec07836d rsp=0x7ffc39b438d0 fs0x0=0xffffffff991fb4c3 fs0x12=0x7ffc39b438f000 fs0x60=0xffffffff991fb4c0 fs0x68=0x7ffc39b43a80 fs0x71=0x1a44e4f2 fs0x81=0x73ebd1c29ef7 fs0xe1=0xf820000000000062 fs0x13d=0x206 fs0x16f=0xe5076ef901 fs0x1e8=0x7ffc39b438d0 fs0x13=0x7ffc39b438f0 fs0x91=0x55effbde8cf0 fs0xab=0xe5b23167ed350e87 fs0xb3=0x7ffc39b43a80 fs0xcb=0x73ebece8f000 fs0x19d=0x7ffc39b43aa0 fs0x28=0x73ebecc12ac0 fs0x38=0x55eff7a35dc8 fs0x79=0x3 fs0x89=0x0 fs0x99=0x55effbde7dc0 fs0xd3=0xa fs0x107=0x55effbdbf820 fs0x123=0x7ffc39b43e38 fs0x128=0x7f fs0x147=0x6 ip_w0=0x9e02 ip_w1=0xd86d ip_w2=0xb4ac ip_w3=0xafdb ip_w4=0xa819 ip_w5=0x3dd7 ip_w6=0x7701 ip_w7=0xbb94 ip_w8=0xbe31 ip_w9=0x162 ip_w10=0x0 ip_w11=0x40 ip_w12=0x8000 ip_w13=0xb9 ip_w14=0xabab ip_w15=0xf33a target=0x73ebec0a0631 target_off=0xa0631
[VMTAIL] site=0x90c21 count=19 frame=0x73ebec07836d frame_off=0x7836d vm_ip=0x73ebec343ef4 vm_ip_off=0x343ef4 vm_flags=0x2124 vm_state=0xfe3660fc vm_byte=0x3a table=0x73ebec0c3718 table_off=0xc3718 rax=0x73ebec0c2241 rbx=0x0 rcx=0x73ebec07847c rdx=0xb10 rsi=0x90 rdi=0x73ebec078377 r8=0x80000000 r9=0x73ebec0784dd r10=0x73ebec0c4228 r11=0x0 r12=0x40 r13=0x73ebec078377 r14=0x40 r15=0x80000040 rbp=0x73ebec07836d rsp=0x7ffc39b438d0 fs0x0=0x7baccac8 fs0x12=0x7ffc39b438f000 fs0x60=0xffffffff991fb4c0 fs0x68=0x7ffc39b43a80 fs0x71=0x1a44e4f1 fs0x81=0x73ebd1c29ef7 fs0xe1=0xf820000000000062 fs0x13d=0x202 fs0x16f=0xfe3660fc01 fs0x1e8=0x7ffc39b438d0 fs0x13=0x7ffc39b438f0 fs0x91=0x55effbde8cf0 fs0xab=0xe5b23167ed350e87 fs0xb3=0x7ffc39b43a80 fs0xcb=0x73ebece8f000 fs0x19d=0x7ffc39b43aa0 fs0x28=0x73ebecc12ac0 fs0x38=0x55eff7a35dc8 fs0x79=0x2 fs0x89=0x0 fs0x99=0x55effbde7dc0 fs0xd3=0xa fs0x107=0x55effbdbf820 fs0x123=0x7ffc39b43e38 fs0x128=0x7f fs0x147=0x6 ip_w0=0x159 ip_w1=0x540 ip_w2=0x0 ip_w3=0x0 ip_w4=0x79 ip_w5=0xd4f6 ip_w6=0xa076 ip_w7=0xe0cc ip_w8=0x6e75 ip_w9=0xf46 ip_w10=0x3dd9 ip_w11=0x7d01 ip_w12=0x162 ip_w13=0x0 ip_w14=0x30 ip_w15=0x0 target=0x73ebec0c2241 target_off=0xc2241
[VMTAIL] site=0xa6af6 count=20 frame=0x73ebec07836d frame_off=0x7836d vm_ip=0x73ebec343f22 vm_ip_off=0x343f22 vm_flags=0x4ce88bcd vm_state=0xe5076ef9 vm_byte=0x3a table=0x73ebec0c3718 table_off=0xc3718 rax=0x73ebec078380 rbx=0x73ebec078377 rcx=0xf3e825bbc2d5 rdx=0x7fc7f837 rsi=0x39b43af0 rdi=0xffff8c14f7fc7c71 r8=0x73ebec0787fd r9=0x73ebec0c3d50 r10=0x638 r11=0x73ebec07836d r12=0x73ebec0783e8 r13=0x73ebec0784dd r14=0x73ebec0a0631 r15=0xe40c3c50 rbp=0x73ebec07836d rsp=0x7ffc39b438d0 fs0x0=0xffffffff991fb4c2 fs0x12=0x7ffc39b438f400 fs0x60=0xffffffff991fb4c0 fs0x68=0x7ffc39b43a80 fs0x71=0x1a44e4f1 fs0x81=0x73ebd1c29ef7 fs0xe1=0xf820000000000062 fs0x13d=0x202 fs0x16f=0xe5076ef901 fs0x1e8=0x7ffc39b438d0 fs0x13=0x7ffc39b438f4 fs0x91=0x55effbde8cf0 fs0xab=0xe5b23167ed350e87 fs0xb3=0x7ffc39b43a80 fs0xcb=0x73ebece8f000 fs0x19d=0x7ffc39b43aa4 fs0x28=0x73ebecc12ac0 fs0x38=0x55eff7a35dc8 fs0x79=0x2 fs0x89=0x0 fs0x99=0x55effbde7dc0 fs0xd3=0xa fs0x107=0x55effbdbf820 fs0x123=0x7ffc39b43e38 fs0x128=0x7f fs0x147=0x6 ip_w0=0x9e02 ip_w1=0xd86d ip_w2=0xb4ac ip_w3=0xafdb ip_w4=0xa819 ip_w5=0x3dd7 ip_w6=0x7701 ip_w7=0xbb94 ip_w8=0xbe31 ip_w9=0x162 ip_w10=0x0 ip_w11=0x40 ip_w12=0x8000 ip_w13=0xb9 ip_w14=0xabab ip_w15=0xf33a target=0x73ebec0a0631 target_off=0xa0631
[VMTAIL] site=0x90c21 count=21 frame=0x73ebec07836d frame_off=0x7836d vm_ip=0x73ebec343ef4 vm_ip_off=0x343ef4 vm_flags=0x2124 vm_state=0xfe3660fc vm_byte=0x3a table=0x73ebec0c3718 table_off=0xc3718 rax=0x73ebec0c2241 rbx=0x0 rcx=0x73ebec07847c rdx=0xb10 rsi=0x90 rdi=0x73ebec078377 r8=0x80000000 r9=0x73ebec0784dd r10=0x73ebec0c4228 r11=0x0 r12=0x40 r13=0x73ebec078377 r14=0x40 r15=0x80000040 rbp=0x73ebec07836d rsp=0x7ffc39b438d0 fs0x0=0x7baccac9 fs0x12=0x7ffc39b438f400 fs0x60=0xffffffff991fb4c0 fs0x68=0x7ffc39b43a80 fs0x71=0x1a44e4f0 fs0x81=0x73ebd1c29ef7 fs0xe1=0xf820000000000062 fs0x13d=0x202 fs0x16f=0xfe3660fc01 fs0x1e8=0x7ffc39b438d0 fs0x13=0x7ffc39b438f4 fs0x91=0x55effbde8cf0 fs0xab=0xe5b23167ed350e87 fs0xb3=0x7ffc39b43a80 fs0xcb=0x73ebece8f000 fs0x19d=0x7ffc39b43aa4 fs0x28=0x73ebecc12ac0 fs0x38=0x55eff7a35dc8 fs0x79=0x1 fs0x89=0x0 fs0x99=0x55effbde7dc0 fs0xd3=0xa fs0x107=0x55effbdbf820 fs0x123=0x7ffc39b43e38 fs0x128=0x7f fs0x147=0x6 ip_w0=0x159 ip_w1=0x540 ip_w2=0x0 ip_w3=0x0 ip_w4=0x79 ip_w5=0xd4f6 ip_w6=0xa076 ip_w7=0xe0cc ip_w8=0x6e75 ip_w9=0xf46 ip_w10=0x3dd9 ip_w11=0x7d01 ip_w12=0x162 ip_w13=0x0 ip_w14=0x30 ip_w15=0x0 target=0x73ebec0c2241 target_off=0xc2241
[VMTAIL] site=0xa6af6 count=22 frame=0x73ebec07836d frame_off=0x7836d vm_ip=0x73ebec343f22 vm_ip_off=0x343f22 vm_flags=0x4ce88bcd vm_state=0xe5076ef9 vm_byte=0x3a table=0x73ebec0c3718 table_off=0xc3718 rax=0x73ebec078380 rbx=0x73ebec078377 rcx=0xf3e825bbc2d9 rdx=0x7fc7f837 rsi=0x7ffc rdi=0xffff8c14f7fc7c71 r8=0x73ebec0787fd r9=0x73ebec0c3d50 r10=0x638 r11=0x73ebec07836d r12=0x73ebec0783e8 r13=0x73ebec0784dd r14=0x73ebec0a0631 r15=0xe40c3c50 rbp=0x73ebec07836d rsp=0x7ffc39b438d0 fs0x0=0xffffffff991fb4c1 fs0x12=0x7ffc39b438f800 fs0x60=0xffffffff991fb4c0 fs0x68=0x7ffc39b43a80 fs0x71=0x1a44e4f0 fs0x81=0x73ebd1c29ef7 fs0xe1=0xf820000000000062 fs0x13d=0x202 fs0x16f=0xe5076ef901 fs0x1e8=0x7ffc39b438d0 fs0x13=0x7ffc39b438f8 fs0x91=0x55effbde8cf0 fs0xab=0xe5b23167ed350e87 fs0xb3=0x7ffc39b43a80 fs0xcb=0x73ebece8f000 fs0x19d=0x7ffc39b43aa8 fs0x28=0x73ebecc12ac0 fs0x38=0x55eff7a35dc8 fs0x79=0x1 fs0x89=0x0 fs0x99=0x55effbde7dc0 fs0xd3=0xa fs0x107=0x55effbdbf820 fs0x123=0x7ffc39b43e38 fs0x128=0x7f fs0x147=0x6 ip_w0=0x9e02 ip_w1=0xd86d ip_w2=0xb4ac ip_w3=0xafdb ip_w4=0xa819 ip_w5=0x3dd7 ip_w6=0x7701 ip_w7=0xbb94 ip_w8=0xbe31 ip_w9=0x162 ip_w10=0x0 ip_w11=0x40 ip_w12=0x8000 ip_w13=0xb9 ip_w14=0xabab ip_w15=0xf33a target=0x73ebec0a0631 target_off=0xa0631
[VMTAIL] site=0x90c21 count=23 frame=0x73ebec07836d frame_off=0x7836d vm_ip=0x73ebec343ef4 vm_ip_off=0x343ef4 vm_flags=0x2124 vm_state=0xfe3660fc vm_byte=0x3a table=0x73ebec0c3718 table_off=0xc3718 rax=0x73ebec0c2241 rbx=0x0 rcx=0x73ebec07847c rdx=0xb10 rsi=0x90 rdi=0x73ebec078377 r8=0x80000000 r9=0x73ebec0784dd r10=0x73ebec0c4228 r11=0x0 r12=0x40 r13=0x73ebec078377 r14=0x40 r15=0x80000040 rbp=0x73ebec07836d rsp=0x7ffc39b438d0 fs0x0=0x7baccaca fs0x12=0x7ffc39b438f800 fs0x60=0xffffffff991fb4c0 fs0x68=0x7ffc39b43a80 fs0x71=0x1a44e4ef fs0x81=0x73ebd1c29ef7 fs0xe1=0xf820000000000062 fs0x13d=0x246 fs0x16f=0xfe3660fc01 fs0x1e8=0x7ffc39b438d0 fs0x13=0x7ffc39b438f8 fs0x91=0x55effbde8cf0 fs0xab=0xe5b23167ed350e87 fs0xb3=0x7ffc39b43a80 fs0xcb=0x73ebece8f000 fs0x19d=0x7ffc39b43aa8 fs0x28=0x73ebecc12ac0 fs0x38=0x55eff7a35dc8 fs0x79=0x0 fs0x89=0x0 fs0x99=0x55effbde7dc0 fs0xd3=0xa fs0x107=0x55effbdbf820 fs0x123=0x7ffc39b43e38 fs0x128=0x7f fs0x147=0x6 ip_w0=0x159 ip_w1=0x540 ip_w2=0x0 ip_w3=0x0 ip_w4=0x79 ip_w5=0xd4f6 ip_w6=0xa076 ip_w7=0xe0cc ip_w8=0x6e75 ip_w9=0xf46 ip_w10=0x3dd9 ip_w11=0x7d01 ip_w12=0x162 ip_w13=0x0 ip_w14=0x30 ip_w15=0x0 target=0x73ebec0c2241 target_off=0xc2241
[VMTAIL] site=0xba0cc count=24 frame=0x73ebec07836d frame_off=0x7836d vm_ip=0x73ebec343f3c vm_ip_off=0x343f3c vm_flags=0xd6227f36 vm_state=0xe50568d9 vm_byte=0x3a table=0x73ebec0c3718 table_off=0xc3718 rax=0x73ebec0c2241 rbx=0x246 rcx=0x73ebec078377 rdx=0xffffffffffffff88 rsi=0x0 rdi=0x30 r8=0x1 r9=0x73ebec343f10 r10=0x73ebec0c4201 r11=0xf7ffec0fa2dd r12=0x10 r13=0x0 r14=0x73ebec343f0c r15=0x0 rbp=0x73ebec07836d rsp=0x7ffc39b438d0 fs0x0=0xffffffff991fb4c0 fs0x12=0x7ffc39b438f801 fs0x60=0xffffffff991fb4c0 fs0x68=0x7ffc39b43a80 fs0x71=0x1a44e4ef fs0x81=0x73ebd1c29ef7 fs0xe1=0xf820000000000062 fs0x13d=0x246 fs0x16f=0xe50568d901 fs0x1e8=0x7ffc39b438d0 fs0x13=0x7ffc39b438f8 fs0x91=0x55effbde8cf0 fs0xab=0xe5b23167ed350e87 fs0xb3=0x7ffc39b43a80 fs0xcb=0x73ebece8f000 fs0x19d=0x7ffc39b43aa8 fs0x28=0x73ebecc12ac0 fs0x38=0x55eff7a35dc8 fs0x79=0x0 fs0x89=0x0 fs0x99=0x55effbde7dc0 fs0xd3=0xa fs0x107=0x55effbdbf820 fs0x123=0x7ffc39b43e38 fs0x128=0x7f fs0x147=0x6 ip_w0=0xb9 ip_w1=0xabab ip_w2=0xf33a ip_w3=0x9df7 ip_w4=0x3d01 ip_w5=0x1350 ip_w6=0x23c6 ip_w7=0xd50a ip_w8=0x99 ip_w9=0x13d ip_w10=0xb75f ip_w11=0x8e23 ip_w12=0x9217 ip_w13=0x75ef ip_w14=0x791d ip_w15=0x9dfd target=0x73ebec0c2241 target_off=0xc2241
[VMTAIL] site=0xc21c0 count=25 frame=0x73ebec07836d frame_off=0x7836d vm_ip=0x73ebec360dfd vm_ip_off=0x360dfd vm_flags=0xbddabf2c vm_state=0x33a3177c vm_byte=0x3a table=0x73ebec0c3718 table_off=0xc3718 rax=0x73ebec0c42c2 rbx=0x73ebec0783ee rcx=0x0 rdx=0x73ebec0784dd rsi=0x60 rdi=0x73ebec078377 r8=0x73ebec07843a r9=0x73ebec0788c5 r10=0x73ebec09b4b3 r11=0x73ebec0c3c70 r12=0x650 r13=0x68050129 r14=0x90 r15=0xffffffffffffffff rbp=0x73ebec07836d rsp=0x7ffc39b43a20 fs0x0=0x55ef8937e9ea fs0x12=0x73ebec588fa000 fs0x60=0x72a40626 fs0x68=0x7ffc39b43ae8 fs0x71=0x1a44e4ef fs0x81=0x7ffc1f6f55f9 fs0xe1=0xf820000000000062 fs0x13d=0x246 fs0x16f=0x33a3177c00 fs0x1e8=0x7ffc39b43a20 fs0x13=0x73ebec588fa0 fs0x91=0x55effbdbf010 fs0xab=0xe5b23167ed350e87 fs0xb3=0xfbef32d7 fs0xcb=0x73ebece8f000 fs0x19d=0x7ffc39b43afd fs0x28=0x73ebecc12ac0 fs0x38=0x55eff7a35dc8 fs0x79=0x861 fs0x89=0x0 fs0x99=0x1810 fs0xd3=0x73ebecc12ac8 fs0x107=0x55effbdbf820 fs0x123=0x7ffc39b43e38 fs0x128=0x7f fs0x147=0x6 ip_w0=0x15b ip_w1=0x31b1 ip_w2=0x931 ip_w3=0x9a15 ip_w4=0xf786 ip_w5=0x59f ip_w6=0xcc3 ip_w7=0x42c0 ip_w8=0x6347 ip_w9=0xe80e ip_w10=0x1 ip_w11=0x13d ip_w12=0xb6cf ip_w13=0x2ee8 ip_w14=0x9897 ip_w15=0x7605 target=0x73ebec09b4b3 target_off=0x9b4b3
[VMTAIL] site=0x7e7ca count=26 frame=0x73ebec07836d frame_off=0x7836d vm_ip=0x73ebec361143 vm_ip_off=0x361143 vm_flags=0xac6f6b13 vm_state=0x51901c2c vm_byte=0x3a table=0x73ebec0c3718 table_off=0xc3718 rax=0xac6f6b13 rbx=0x73ebec0c3f38 rcx=0x73ebec078377 rdx=0x73ebec078390 rsi=0x73ebec32e3a2 rdi=0xffffffffffce6ea6 r8=0x73ebec0784dd r9=0x73ebec0784dd r10=0x0 r11=0x73ebec0ae90b r12=0x73eb6c02890a r13=0x12 r14=0x820 r15=0x0 rbp=0x73ebec07836d rsp=0x7ffc39b43a20 fs0x0=0xfffffffffb78fc35 fs0x12=0x73ebec588fa000 fs0x60=0xfffffffffb78fc36 fs0x68=0x7ffc39b43ae8 fs0x71=0x1a44e4ef fs0x81=0x7ffc1f6f55f9 fs0xe1=0xf820000000000062 fs0x13d=0x297 fs0x16f=0x51901c2c00 fs0x1e8=0x7ffc39b43a20 fs0x13=0x73ebec588fa0 fs0x91=0x55effbdbf010 fs0xab=0xe5b23167ed350e87 fs0xb3=0x54f1a253 fs0xcb=0x73ebece8f000 fs0x19d=0x7ffc39b43afd fs0x28=0x73ebecc12ac0 fs0x38=0x55eff7a35dc8 fs0x79=0x861 fs0x89=0x0 fs0x99=0x1810 fs0xd3=0x73ebecc12ac8 fs0x107=0x55effbdbf820 fs0x123=0x7ffc39b43e38 fs0x128=0x7f fs0x147=0x6 ip_w0=0xf15 ip_w1=0xb449 ip_w2=0x1e8 ip_w3=0x8bee ip_w4=0x55f3 ip_w5=0xd28e ip_w6=0x618a ip_w7=0x25d3 ip_w8=0x3d00 ip_w9=0x2101 ip_w10=0xda02 ip_w11=0x5831 ip_w12=0x6401 ip_w13=0xc7d7 ip_w14=0xbc13 ip_w15=0xbde6 target=0x73ebec0ae90b target_off=0xae90b
[VMTAIL] site=0xb84a4 count=27 frame=0x73ebec07836d frame_off=0x7836d vm_ip=0x73ebec360dfd vm_ip_off=0x360dfd vm_flags=0xf666536b vm_state=0x732609e2 vm_byte=0x50 table=0x73ebec0c3718 table_off=0xc3718 rax=0x73ebec0c470a rbx=0x0 rcx=0x0 rdx=0x73ebec0784dd rsi=0x0 rdi=0x73ebec0c3c70 r8=0xffff8c1413fff6a6 r9=0x5b6 r10=0x73ebec09b4b3 r11=0x73ebec0c40b8 r12=0xe7d7d80019dc r13=0x73ebec07847c r14=0x80000000 r15=0x73ebec078377 rbp=0x73ebec07836d rsp=0x7ffc39b43a20 fs0x0=0xc9befd0f fs0x12=0x73ebec588fa000 fs0x60=0x54f1a253 fs0x68=0x7ffc39b43a48 fs0x71=0x6f368742 fs0x81=0x7ffc1f6f5559 fs0xe1=0xf820000000000062 fs0x13d=0x202 fs0x16f=0x732609e200 fs0x1e8=0x7ffc39b43a20 fs0x13=0x73ebec588fa0 fs0x91=0x55effbdbf010 fs0xab=0xe5b23167ed350e87 fs0xb3=0x54f1a253 fs0xcb=0x73ebece8f000 fs0x19d=0x7ffc39b43afd fs0x28=0x73ebecc12ac0 fs0x38=0x55eff7a35dc8 fs0x79=0x7ffc39b43afd fs0x89=0x0 fs0x99=0x1810 fs0xd3=0x7ffc39b43afd fs0x107=0x55effbdbf820 fs0x123=0x7ffc39b43e38 fs0x128=0x7f fs0x147=0x6 ip_w0=0x15b ip_w1=0x31b1 ip_w2=0x931 ip_w3=0x9a15 ip_w4=0xf786 ip_w5=0x59f ip_w6=0xcc3 ip_w7=0x42c0 ip_w8=0x6347 ip_w9=0xe80e ip_w10=0x1 ip_w11=0x13d ip_w12=0xb6cf ip_w13=0x2ee8 ip_w14=0x9897 ip_w15=0x7605 target=0x73ebec09b4b3 target_off=0x9b4b3
[VMTAIL] site=0x7e7ca count=28 frame=0x73ebec07836d frame_off=0x7836d vm_ip=0x73ebec361143 vm_ip_off=0x361143 vm_flags=0xac6f6b13 vm_state=0x51901c2c vm_byte=0x3a table=0x73ebec0c3718 table_off=0xc3718 rax=0xac6f6b13 rbx=0x73ebec0c3f38 rcx=0x73ebec078377 rdx=0x73ebec078390 rsi=0x73ebec32e3a2 rdi=0xffffffffffce6ea6 r8=0x73ebec0784dd r9=0x73ebec0784dd r10=0x0 r11=0x73ebec0ae90b r12=0x73eb6c02890a r13=0x12 r14=0x820 r15=0x0 rbp=0x73ebec07836d rsp=0x7ffc39b43a20 fs0x0=0xfffffffffb78fc36 fs0x12=0x73ebec588fa000 fs0x60=0xfffffffffb78fc36 fs0x68=0x7ffc39b43ae8 fs0x71=0x1a44e4f0 fs0x81=0x7ffc1f6f55f9 fs0xe1=0xf820000000000062 fs0x13d=0x246 fs0x16f=0x51901c2c00 fs0x1e8=0x7ffc39b43a20 fs0x13=0x73ebec588fa0 fs0x91=0x55effbdbf010 fs0xab=0xe5b23167ed350e87 fs0xb3=0x883a4c32 fs0xcb=0x73ebece8f000 fs0x19d=0x7ffc39b43afd fs0x28=0x73ebecc12ac0 fs0x38=0x55eff7a35dc8 fs0x79=0x7ffc39b43afd fs0x89=0x0 fs0x99=0x1810 fs0xd3=0x7ffc39b43afd fs0x107=0x55effbdbf820 fs0x123=0x7ffc39b43e38 fs0x128=0x7f fs0x147=0x6 ip_w0=0xf15 ip_w1=0xb449 ip_w2=0x1e8 ip_w3=0x8bee ip_w4=0x55f3 ip_w5=0xd28e ip_w6=0x618a ip_w7=0x25d3 ip_w8=0x3d00 ip_w9=0x2101 ip_w10=0xda02 ip_w11=0x5831 ip_w12=0x6401 ip_w13=0xc7d7 ip_w14=0xbc13 ip_w15=0xbde6 target=0x73ebec0ae90b target_off=0xae90b
[VMTAIL] site=0xb84a4 count=29 frame=0x73ebec07836d frame_off=0x7836d vm_ip=0x73ebec360dfd vm_ip_off=0x360dfd vm_flags=0xf666536b vm_state=0x732609e2 vm_byte=0x50 table=0x73ebec0c3718 table_off=0xc3718 rax=0x73ebec0c470a rbx=0x0 rcx=0x0 rdx=0x73ebec0784dd rsi=0x0 rdi=0x73ebec0c3c70 r8=0xffff8c1413fff6a6 r9=0x5b6 r10=0x73ebec09b4b3 r11=0x73ebec0c40b8 r12=0xe7d7d80019dc r13=0x73ebec07847c r14=0x80000000 r15=0x73ebec078377 rbp=0x73ebec07836d rsp=0x7ffc39b43a20 fs0x0=0x66a06d8b fs0x12=0x73ebec588fa000 fs0x60=0x883a4c32 fs0x68=0x7ffc39b43a48 fs0x71=0xa27f3121 fs0x81=0x7ffc1f6f5559 fs0xe1=0xf820000000000062 fs0x13d=0x202 fs0x16f=0x732609e200 fs0x1e8=0x7ffc39b43a20 fs0x13=0x73ebec588fa0 fs0x91=0x55effbdbf010 fs0xab=0xe5b23167ed350e87 fs0xb3=0x883a4c32 fs0xcb=0x73ebece8f000 fs0x19d=0x7ffc39b43afd fs0x28=0x73ebecc12ac0 fs0x38=0x55eff7a35dc8 fs0x79=0x7ffc39b43afd fs0x89=0x0 fs0x99=0x1810 fs0xd3=0x7ffc39b43b01 fs0x107=0x55effbdbf820 fs0x123=0x7ffc39b43e38 fs0x128=0x7f fs0x147=0x6 ip_w0=0x15b ip_w1=0x31b1 ip_w2=0x931 ip_w3=0x9a15 ip_w4=0xf786 ip_w5=0x59f ip_w6=0xcc3 ip_w7=0x42c0 ip_w8=0x6347 ip_w9=0xe80e ip_w10=0x1 ip_w11=0x13d ip_w12=0xb6cf ip_w13=0x2ee8 ip_w14=0x9897 ip_w15=0x7605 target=0x73ebec09b4b3 target_off=0x9b4b3
[VMTAIL] site=0x87c25 count=30 frame=0x73ebec07836d frame_off=0x7836d vm_ip=0x73ebec3613bb vm_ip_off=0x3613bb vm_flags=0x7a5e9ffb vm_state=0x78ab40dc vm_byte=0x3a table=0x73ebec0c3718 table_off=0xc3718 rax=0x73ebec361137 rbx=0x73ebec07847c rcx=0x0 rdx=0x0 rsi=0xffffffffffbfe7ba rdi=0xffffffffffc2ffff r8=0x73ecec07835c r9=0x73ebec0c3c01 r10=0x73ebec078377 r11=0x1 r12=0xa5 r13=0x288 r14=0x73ebec09a24c r15=0x528 rbp=0x73ebec07836d rsp=0x7ffc39b43a20 fs0x0=0xfffffffffb78fc37 fs0x12=0x73ebec588fa001 fs0x60=0xfffffffffb78fc36 fs0x68=0x7ffc39b43ae8 fs0x71=0x1a44e4f1 fs0x81=0x7ffc1f6f55f9 fs0xe1=0xf820000000000062 fs0x13d=0x202 fs0x16f=0x78ab40dc00 fs0x1e8=0x7ffc39b43a20 fs0x13=0x73ebec588fa0 fs0x91=0x55effbdbf010 fs0xab=0xe5b23167ed350e87 fs0xb3=0x9ce0e94 fs0xcb=0x73ebece8f000 fs0x19d=0x7ffc39b43afd fs0x28=0x73ebecc12ac0 fs0x38=0x55eff7a35dc8 fs0x79=0x7ffc39b43afd fs0x89=0x0 fs0x99=0x1810 fs0xd3=0x7ffc39b43b01 fs0x107=0x55effbdbf820 fs0x123=0x7ffc39b43e38 fs0x128=0x7f fs0x147=0x6 ip_w0=0xfe ip_w1=0x1e8 ip_w2=0x4742 ip_w3=0x6db ip_w4=0x1e8 ip_w5=0x4e8 ip_w6=0x73fb ip_w7=0x6858 ip_w8=0xcc00 ip_w9=0xd873 ip_w10=0x3ea7 ip_w11=0x3d05 ip_w12=0x1 ip_w13=0x2ed1 ip_w14=0x6fdc ip_w15=0xf11d target=0x73ebec09a24c target_off=0x9a24c
[VMTAIL] site=0xa062e count=31 frame=0x73ebec07836d frame_off=0x7836d vm_ip=0x73ebec36152c vm_ip_off=0x36152c vm_flags=0x25714dde vm_state=0x40135dda vm_byte=0x3a table=0x73ebec0c3718 table_off=0xc3718 rax=0x0 rbx=0x73ebec0c3c70 rcx=0x73ebec078377 rdx=0x73ebec0c3c70 rsi=0x1b rdi=0x0 r8=0x0 r9=0x73ebec0784dd r10=0x464bc522 r11=0x73ebec07843a r12=0x0 r13=0xfffffffffffff423 r14=0x73ebec09b4b3 r15=0x73ebec0784dd rbp=0x73ebec07836d rsp=0x7ffc39b43a20 fs0x0=0x73eb8123d962 fs0x12=0x73ebec588fa001 fs0x60=0x6de2f3a2 fs0x68=0x7ffc39b43af0 fs0x71=0x1a44e4f7 fs0x81=0x7ffc1f6f5601 fs0xe1=0xf820000000000062 fs0x13d=0x202 fs0x16f=0x40135dda00 fs0x1e8=0x7ffc39b43a20 fs0x13=0x73ebec588fa0 fs0x91=0x55effbdbf010 fs0xab=0xe5b23167ed350e87 fs0xb3=0x9ce0e94 fs0xcb=0x73ebece8f000 fs0x19d=0x7ffc39b43afd fs0x28=0x73ebecc12ac0 fs0x38=0x55eff7a35dc8 fs0x79=0x7ffc39b43afd fs0x89=0x0 fs0x99=0x1810 fs0xd3=0x7ffc39b43b01 fs0x107=0x55effbdbf820 fs0x123=0x7ffc39b43e38 fs0x128=0x7f fs0x147=0x6 ip_w0=0x151 ip_w1=0x98af ip_w2=0x68 ip_w3=0x50cd ip_w4=0xc235 ip_w5=0xbec2 ip_w6=0x3826 ip_w7=0x1e8 ip_w8=0x843e ip_w9=0x218f ip_w10=0xc8 ip_w11=0x13d ip_w12=0x3bbf ip_w13=0xe13b ip_w14=0xe419 ip_w15=0xa282 target=0x73ebec09b4b3 target_off=0x9b4b3
[VMTAIL] site=0xa4a5e count=32 frame=0x73ebec07836d frame_off=0x7836d vm_ip=0x73ebec361587 vm_ip_off=0x361587 vm_flags=0xd05b03e3 vm_state=0xf8ffb7eb vm_byte=0x3a table=0x73ebec0c3718 table_off=0xc3718 rax=0xf7fb13f7fbff rbx=0xffffffffffd16e1c rcx=0x810 rdx=0xffffffffffd16e0c rsi=0xffffffff8000080f rdi=0xfffffffffffff812 r8=0x73ebec0c3f28 r9=0x73ebec0784dd r10=0x73ebec078377 r11=0x73ebec0784dd r12=0xffff8c1413f3c0d8 r13=0x1 r14=0x73ebec0adf2c r15=0x200 rbp=0x73ebec07836d rsp=0x7ffc39b43a20 fs0x0=0xfffffffffb78fc3d fs0x12=0x73ebec588fa000 fs0x60=0xfffffffffb78fc3f fs0x68=0x7ffc39b43af0 fs0x71=0x1a44e4f7 fs0x81=0x7ffc1f6f5601 fs0xe1=0xf820000000000062 fs0x13d=0x293 fs0x16f=0xf8ffb7eb00 fs0x1e8=0x7ffc39b43a20 fs0x13=0x73ebec588fa0 fs0x91=0x55effbdbf010 fs0xab=0xe5b23167ed350e87 fs0xb3=0x9ce0e94 fs0xcb=0x73ebece8f000 fs0x19d=0x7ffc39b43afd fs0x28=0x73ebecc12ac0 fs0x38=0x55eff7a35dc8 fs0x79=0x7ffc39b43afd fs0x89=0x0 fs0x99=0x1810 fs0xd3=0x7ffc39b43b01 fs0x107=0x55effbdbf820 fs0x123=0x7ffc39b43e38 fs0x128=0x7f fs0x147=0x6 ip_w0=0x9e8a ip_w1=0xd358 ip_w2=0x2bb ip_w3=0x68 ip_w4=0x61e1 ip_w5=0x7a6b ip_w6=0x217f ip_w7=0x1e8 ip_w8=0x219e ip_w9=0x13d ip_w10=0x4a00 ip_w11=0xa80f ip_w12=0xb500 ip_w13=0x1cfb ip_w14=0x1ac4 ip_w15=0x700e target=0x73ebec0adf2c target_off=0xadf2c
[VMTAIL] site=0xb84a4 count=33 frame=0x73ebec07836d frame_off=0x7836d vm_ip=0x73ebec36152c vm_ip_off=0x36152c vm_flags=0x3c7fd5ef vm_state=0x573b8ba0 vm_byte=0x3a table=0x73ebec0c3718 table_off=0xc3718 rax=0x73ebec02d146 rbx=0x0 rcx=0x73ebf65a90b1 rdx=0x73ebf65a9782 rsi=0x0 rdi=0x73ebec0c3c70 r8=0xfffffffffffbc9ae r9=0x2ce r10=0x73ebec09b4b3 r11=0x15bc3c92ced09 r12=0x8693c r13=0x73ebec07847c r14=0x80000000 r15=0x73ebec078377 rbp=0x73ebec07836d rsp=0x7ffc39b43a20 fs0x0=0x8 fs0x12=0x73ebec588fa000 fs0x60=0xbd09c0 fs0x68=0x7ffc39b43af0 fs0x71=0x1a44e4f8 fs0x81=0x7ffc1f6f5601 fs0xe1=0xf820000000000062 fs0x13d=0x206 fs0x16f=0x573b8ba000 fs0x1e8=0x7ffc39b43a20 fs0x13=0x73ebec588fa0 fs0x91=0x55effbdbf010 fs0xab=0xe5b23167ed350e87 fs0xb3=0x7ffc39b43b05 fs0xcb=0x73ebece8f000 fs0x19d=0x7ffc39b43afd fs0x28=0x73ebecc12ac0 fs0x38=0x55eff7a35dc8 fs0x79=0x7ffc39b43afd fs0x89=0x0 fs0x99=0x1810 fs0xd3=0x9ce0e6f fs0x107=0x55effbdbf820 fs0x123=0x7ffc39b43e38 fs0x128=0x7f fs0x147=0x6 ip_w0=0x151 ip_w1=0x98af ip_w2=0x68 ip_w3=0x50cd ip_w4=0xc235 ip_w5=0xbec2 ip_w6=0x3826 ip_w7=0x1e8 ip_w8=0x843e ip_w9=0x218f ip_w10=0xc8 ip_w11=0x13d ip_w12=0x3bbf ip_w13=0xe13b ip_w14=0xe419 ip_w15=0xa282 target=0x73ebec09b4b3 target_off=0x9b4b3
[VMTAIL] site=0xa4a5e count=34 frame=0x73ebec07836d frame_off=0x7836d vm_ip=0x73ebec361587 vm_ip_off=0x361587 vm_flags=0xd05b03e3 vm_state=0xf8ffb7eb vm_byte=0x3a table=0x73ebec0c3718 table_off=0xc3718 rax=0xf7fb13f7fbff rbx=0xffffffffffd16e1c rcx=0x810 rdx=0xffffffffffd16e0c rsi=0xffffffff8000080f rdi=0xfffffffffffff812 r8=0x73ebec0c3f28 r9=0x73ebec0784dd r10=0x73ebec078377 r11=0x73ebec0784dd r12=0xffff8c1413f3c0d8 r13=0x1 r14=0x73ebec0adf2c r15=0x200 rbp=0x73ebec07836d rsp=0x7ffc39b43a20 fs0x0=0xfffffffffb78fc3e fs0x12=0x73ebec588fa000 fs0x60=0xfffffffffb78fc3f fs0x68=0x7ffc39b43af0 fs0x71=0x1a44e4f8 fs0x81=0x7ffc1f6f5601 fs0xe1=0xf820000000000062 fs0x13d=0x297 fs0x16f=0xf8ffb7eb00 fs0x1e8=0x7ffc39b43a20 fs0x13=0x73ebec588fa0 fs0x91=0x55effbdbf010 fs0xab=0xe5b23167ed350e87 fs0xb3=0x7ffc39b43b05 fs0xcb=0x73ebece8f000 fs0x19d=0x7ffc39b43afd fs0x28=0x73ebecc12ac0 fs0x38=0x55eff7a35dc8 fs0x79=0x7ffc39b43afd fs0x89=0x0 fs0x99=0x1810 fs0xd3=0x9ce0e6f fs0x107=0x55effbdbf820 fs0x123=0x7ffc39b43e38 fs0x128=0x7f fs0x147=0x6 ip_w0=0x9e8a ip_w1=0xd358 ip_w2=0x2bb ip_w3=0x68 ip_w4=0x61e1 ip_w5=0x7a6b ip_w6=0x217f ip_w7=0x1e8 ip_w8=0x219e ip_w9=0x13d ip_w10=0x4a00 ip_w11=0xa80f ip_w12=0xb500 ip_w13=0x1cfb ip_w14=0x1ac4 ip_w15=0x700e target=0x73ebec0adf2c target_off=0xadf2c
[VMTAIL] site=0xb84a4 count=35 frame=0x73ebec07836d frame_off=0x7836d vm_ip=0x73ebec36152c vm_ip_off=0x36152c vm_flags=0x3c7fd5ef vm_state=0x573b8ba0 vm_byte=0x3a table=0x73ebec0c3718 table_off=0xc3718 rax=0x73ebec02d146 rbx=0x0 rcx=0x73ebf65a90b0 rdx=0x73ebf65a9783 rsi=0x0 rdi=0x73ebec0c3c70 r8=0xfffffffffffbc9ae r9=0x2ce r10=0x73ebec09b4b3 r11=0x15bc3c92ced09 r12=0x8693c r13=0x73ebec07847c r14=0x80000000 r15=0x73ebec078377 rbp=0x73ebec07836d rsp=0x7ffc39b43a20 fs0x0=0x9 fs0x12=0x73ebec588fa000 fs0x60=0xbd09c0 fs0x68=0x7ffc39b43af0 fs0x71=0x1a44e4f9 fs0x81=0x7ffc1f6f5601 fs0xe1=0xf820000000000062 fs0x13d=0x206 fs0x16f=0x573b8ba000 fs0x1e8=0x7ffc39b43a20 fs0x13=0x73ebec588fa0 fs0x91=0x55effbdbf010 fs0xab=0xe5b23167ed350e87 fs0xb3=0x7ffc39b43b06 fs0xcb=0x73ebece8f000 fs0x19d=0x7ffc39b43afd fs0x28=0x73ebecc12ac0 fs0x38=0x55eff7a35dc8 fs0x79=0x7ffc39b43afd fs0x89=0x0 fs0x99=0x1810 fs0xd3=0x9ce78 fs0x107=0x55effbdbf820 fs0x123=0x7ffc39b43e38 fs0x128=0x7f fs0x147=0x6 ip_w0=0x151 ip_w1=0x98af ip_w2=0x68 ip_w3=0x50cd ip_w4=0xc235 ip_w5=0xbec2 ip_w6=0x3826 ip_w7=0x1e8 ip_w8=0x843e ip_w9=0x218f ip_w10=0xc8 ip_w11=0x13d ip_w12=0x3bbf ip_w13=0xe13b ip_w14=0xe419 ip_w15=0xa282 target=0x73ebec09b4b3 target_off=0x9b4b3
[VMTAIL] site=0xa4a5e count=36 frame=0x73ebec07836d frame_off=0x7836d vm_ip=0x73ebec361587 vm_ip_off=0x361587 vm_flags=0xd05b03e3 vm_state=0xf8ffb7eb vm_byte=0x3a table=0x73ebec0c3718 table_off=0xc3718 rax=0xf7fb13f7fbff rbx=0xffffffffffd16e1c rcx=0x810 rdx=0xffffffffffd16e0c rsi=0xffffffff8000080f rdi=0xfffffffffffff812 r8=0x73ebec0c3f28 r9=0x73ebec0784dd r10=0x73ebec078377 r11=0x73ebec0784dd r12=0xffff8c1413f3c0d8 r13=0x1 r14=0x73ebec0adf2c r15=0x200 rbp=0x73ebec07836d rsp=0x7ffc39b43a20 fs0x0=0xfffffffffb78fc3f fs0x12=0x73ebec588fa000 fs0x60=0xfffffffffb78fc3f fs0x68=0x7ffc39b43af0 fs0x71=0x1a44e4f9 fs0x81=0x7ffc1f6f5601 fs0xe1=0xf820000000000062 fs0x13d=0x246 fs0x16f=0xf8ffb7eb00 fs0x1e8=0x7ffc39b43a20 fs0x13=0x73ebec588fa0 fs0x91=0x55effbdbf010 fs0xab=0xe5b23167ed350e87 fs0xb3=0x7ffc39b43b06 fs0xcb=0x73ebece8f000 fs0x19d=0x7ffc39b43afd fs0x28=0x73ebecc12ac0 fs0x38=0x55eff7a35dc8 fs0x79=0x7ffc39b43afd fs0x89=0x0 fs0x99=0x1810 fs0xd3=0x9ce78 fs0x107=0x55effbdbf820 fs0x123=0x7ffc39b43e38 fs0x128=0x7f fs0x147=0x6 ip_w0=0x9e8a ip_w1=0xd358 ip_w2=0x2bb ip_w3=0x68 ip_w4=0x61e1 ip_w5=0x7a6b ip_w6=0x217f ip_w7=0x1e8 ip_w8=0x219e ip_w9=0x13d ip_w10=0x4a00 ip_w11=0xa80f ip_w12=0xb500 ip_w13=0x1cfb ip_w14=0x1ac4 ip_w15=0x700e target=0x73ebec0adf2c target_off=0xadf2c
[VMTAIL] site=0xb84a4 count=37 frame=0x73ebec07836d frame_off=0x7836d vm_ip=0x73ebec36152c vm_ip_off=0x36152c vm_flags=0x3c7fd5ef vm_state=0x573b8ba0 vm_byte=0x3a table=0x73ebec0c3718 table_off=0xc3718 rax=0x73ebec02d146 rbx=0x0 rcx=0x73ebf65a90b3 rdx=0x73ebf65a9780 rsi=0x0 rdi=0x73ebec0c3c70 r8=0xfffffffffffbc9ae r9=0x2ce r10=0x73ebec09b4b3 r11=0x15bc3c92ced09 r12=0x8693c r13=0x73ebec07847c r14=0x80000000 r15=0x73ebec078377 rbp=0x73ebec07836d rsp=0x7ffc39b43a20 fs0x0=0xa fs0x12=0x73ebec588fa000 fs0x60=0xbd09c0 fs0x68=0x7ffc39b43af0 fs0x71=0x1a44e4fa fs0x81=0x7ffc1f6f5601 fs0xe1=0xf820000000000062 fs0x13d=0x202 fs0x16f=0x573b8ba000 fs0x1e8=0x7ffc39b43a20 fs0x13=0x73ebec588fa0 fs0x91=0x55effbdbf010 fs0xab=0xe5b23167ed350e87 fs0xb3=0x7ffc39b43b07 fs0xcb=0x73ebece8f000 fs0x19d=0x7ffc39b43afd fs0x28=0x73ebecc12ac0 fs0x38=0x55eff7a35dc8 fs0x79=0x7ffc39b43afd fs0x89=0x0 fs0x99=0x1810 fs0xd3=0x900 fs0x107=0x55effbdbf820 fs0x123=0x7ffc39b43e38 fs0x128=0x7f fs0x147=0x6 ip_w0=0x151 ip_w1=0x98af ip_w2=0x68 ip_w3=0x50cd ip_w4=0xc235 ip_w5=0xbec2 ip_w6=0x3826 ip_w7=0x1e8 ip_w8=0x843e ip_w9=0x218f ip_w10=0xc8 ip_w11=0x13d ip_w12=0x3bbf ip_w13=0xe13b ip_w14=0xe419 ip_w15=0xa282 target=0x73ebec09b4b3 target_off=0x9b4b3
[VMTAIL] site=0xabc56 count=38 frame=0x73ebec07836d frame_off=0x7836d vm_ip=0x73ebec361802 vm_ip_off=0x361802 vm_flags=0x76f4318c vm_state=0x782307b0 vm_byte=0x3a table=0x73ebec0c3718 table_off=0xc3718 rax=0x73ebec078377 rbx=0x0 rcx=0x28b rdx=0x1 rsi=0xffffffff87dd0030 rdi=0x400 r8=0x0 r9=0x73ebec0c2241 r10=0x0 r11=0x73eb6c028406 r12=0x73ebec0c4201 r13=0xb10 r14=0xbc35e r15=0x6d65 rbp=0x73ebec07836d rsp=0x7ffc39b43a20 fs0x0=0xfffffffffb78fc40 fs0x12=0x73ebec588fa001 fs0x60=0xfffffffffb78fc3f fs0x68=0x7ffc39b43af0 fs0x71=0x1a44e4fa fs0x81=0x7ffc1f6f5601 fs0xe1=0xf820000000000062 fs0x13d=0x202 fs0x16f=0x782307b000 fs0x1e8=0x7ffc39b43a20 fs0x13=0x73ebec588fa0 fs0x91=0x55effbdbf010 fs0xab=0xe5b23167ed350e87 fs0xb3=0x7ffc39b43b07 fs0xcb=0x73ebece8f000 fs0x19d=0x7ffc39b43afd fs0x28=0x73ebecc12ac0 fs0x38=0x55eff7a35dc8 fs0x79=0x7ffc39b43afd fs0x89=0x0 fs0x99=0x1810 fs0xd3=0x900 fs0x107=0x55effbdbf820 fs0x123=0x7ffc39b43e38 fs0x128=0x7f fs0x147=0x6 ip_w0=0x1e ip_w1=0x1f38 ip_w2=0x1e8 ip_w3=0x1e8 ip_w4=0xb222 ip_w5=0x437 ip_w6=0x503a ip_w7=0xa985 ip_w8=0x68f1 ip_w9=0x8ed0 ip_w10=0x40d1 ip_w11=0x3d0a ip_w12=0x1 ip_w13=0x51a ip_w14=0x8a10 ip_w15=0xb12e target=0x73ebec0c2241 target_off=0xc2241
[VMTAIL] site=0x8f6cf count=39 frame=0x73ebec07836d frame_off=0x7836d vm_ip=0x73ebec362615 vm_ip_off=0x362615 vm_flags=0x40504820 vm_state=0x63bfbccb vm_byte=0x3a table=0x73ebec0c3718 table_off=0xc3718 rax=0xffffffffffffff70 rbx=0x73ebec0784dd rcx=0x73ebec0c2241 rdx=0x943c341fff39 rsi=0x90 rdi=0xb10 r8=0xffff18289d368adc r9=0x73ebec0784dd r10=0x0 r11=0x2 r12=0x73eca0c13df4 r13=0x73ebec078377 r14=0x73ebec0c37cd r15=0x73ebec0c4228 rbp=0x73ebec07836d rsp=0x7ffc39b43a20 fs0x0=0x73eb8123d96a fs0x12=0x7ffc39b43afd01 fs0x60=0x6de2f3aa fs0x68=0x7ffc39b43ad0 fs0x71=0x1a44e4ef fs0x81=0x7ffc1f6f55e1 fs0xe1=0xf820000000000062 fs0x13d=0x246 fs0x16f=0x63bfbccb00 fs0x1e8=0x7ffc39b43a20 fs0x13=0x7ffc39b43afd fs0x91=0x55effbdbf010 fs0xab=0xe5b23167ed350e87 fs0xb3=0x7ffc39b43afd fs0xcb=0x73ebece8f000 fs0x19d=0x0 fs0x28=0x73ebecc12ac0 fs0x38=0x55eff7a35dc8 fs0x79=0xd0b00eb3 fs0x89=0x0 fs0x99=0x1810 fs0xd3=0x73ebec588fab fs0x107=0x55effbdbf820 fs0x123=0x7ffc39b43e38 fs0x128=0x7f fs0x147=0x6 ip_w0=0x133 ip_w1=0xa53a ip_w2=0x58aa ip_w3=0xe810 ip_w4=0xe401 ip_w5=0xe813 ip_w6=0x7301 ip_w7=0xc046 ip_w8=0xbfde ip_w9=0x1e41 ip_w10=0xd323 ip_w11=0xa8 ip_w12=0x13d ip_w13=0x2ca0 ip_w14=0x51a3 ip_w15=0x99fb target=0x73ebec0c2241 target_off=0xc2241
[VMTAIL] site=0xc0d7b count=40 frame=0x73ebec07836d frame_off=0x7836d vm_ip=0x73ebec36292a vm_ip_off=0x36292a vm_flags=0x943a3101 vm_state=0x17486d77 vm_byte=0x3a table=0x73ebec0c3718 table_off=0xc3718 rax=0x73ebec078390 rbx=0x18 rcx=0x73ebec0784dd rdx=0x10 rsi=0x18 rdi=0x73ebec091379 r8=0x73ebec0c3ae0 r9=0x0 r10=0x73ebec07836d r11=0x18 r12=0xfffffffffc7ff738 r13=0x73ebec0784dd r14=0x73ebec078377 r15=0x73ebec0784dd rbp=0x73ebec07836d rsp=0x7ffc39b43a20 fs0x0=0x7ffc34178d09 fs0x12=0x7ffc39b43afd00 fs0x60=0xffffffff991fb4c0 fs0x68=0x7ffc39b43ad0 fs0x71=0x1a44e4ef fs0x81=0x7ffc1f6f55e1 fs0xe1=0xf820000000000062 fs0x13d=0x246 fs0x16f=0x17486d7701 fs0x1e8=0x7ffc39b43a20 fs0x13=0x7ffc39b43afd fs0x91=0x55effbdbf010 fs0xab=0xe5b23167ed350e87 fs0xb3=0x7ffc39b43afd fs0xcb=0x73ebece8f000 fs0x19d=0x0 fs0x28=0x73ebecc12ac0 fs0x38=0x55eff7a35dc8 fs0x79=0xb281feaa fs0x89=0x0 fs0x99=0x1810 fs0xd3=0x73ebec588fab fs0x107=0x55effbdbf820 fs0x123=0x7ffc39b43e38 fs0x128=0x7f fs0x147=0x6 ip_w0=0xfb67 ip_w1=0x6006 ip_w2=0x398a ip_w3=0x1e8 ip_w4=0x560 ip_w5=0x630e ip_w6=0xabad ip_w7=0xf308 ip_w8=0xc9 ip_w9=0x13d ip_w10=0xf872 ip_w11=0x2884 ip_w12=0x3141 ip_w13=0xa1fe ip_w14=0x8b34 ip_w15=0xfed8 target=0x73ebec091379 target_off=0x91379
[VMTAIL] site=0x90c21 count=41 frame=0x73ebec07836d frame_off=0x7836d vm_ip=0x73ebec362615 vm_ip_off=0x362615 vm_flags=0xbbbdd57d vm_state=0x573b8ba9 vm_byte=0x3a table=0x73ebec0c3718 table_off=0xc3718 rax=0x73ebec0c2241 rbx=0x0 rcx=0x73ebec07847c rdx=0xb10 rsi=0x73ebe92d8764 rdi=0x73ebec078377 r8=0x80000000 r9=0x73ebec0c3ac0 r10=0x73ebec0c4228 r11=0x15bc3c92cdd0a r12=0x51d r13=0x0 r14=0x50d r15=0x8000051d rbp=0x73ebec07836d rsp=0x7ffc39b43a20 fs0x0=0x0 fs0x12=0x7ffc39b43afd00 fs0x60=0xffffffff8abc5088 fs0x68=0x7ffc39b43ad0 fs0x71=0x1a44e4f0 fs0x81=0x7ffc1f6f55e1 fs0xe1=0xf820000000000062 fs0x13d=0x206 fs0x16f=0x573b8ba900 fs0x1e8=0x7ffc39b43a20 fs0x13=0x7ffc39b43afd fs0x91=0x55effbdbf010 fs0xab=0xe5b23167ed350e87 fs0xb3=0x7ffc39b43afd fs0xcb=0x73ebece8f000 fs0x19d=0x61774d56 fs0x28=0x73ebecc12ac0 fs0x38=0x55eff7a35dc8 fs0x79=0xaca07faa fs0x89=0x0 fs0x99=0x1810 fs0xd3=0x73ebec588fab fs0x107=0x55effbdbf820 fs0x123=0x7ffc39b43e38 fs0x128=0x7f fs0x147=0x6 ip_w0=0x133 ip_w1=0xa53a ip_w2=0x58aa ip_w3=0xe810 ip_w4=0xe401 ip_w5=0xe813 ip_w6=0x7301 ip_w7=0xc046 ip_w8=0xbfde ip_w9=0x1e41 ip_w10=0xd323 ip_w11=0xa8 ip_w12=0x13d ip_w13=0x2ca0 ip_w14=0x51a3 ip_w15=0x99fb target=0x73ebec0c2241 target_off=0xc2241
[VMTAIL] site=0xba0cc count=42 frame=0x73ebec07836d frame_off=0x7836d vm_ip=0x73ebec362b2a vm_ip_off=0x362b2a vm_flags=0x3ce1e03 vm_state=0xe505f817 vm_byte=0x3a table=0x73ebec0c3718 table_off=0xc3718 rax=0x73ebec09b4b3 rbx=0x0 rcx=0x73ebec078377 rdx=0xffffffffffffff88 rsi=0xffff8c1413c91d3e rdi=0x211 r8=0x1 r9=0x73ebec36291d r10=0x73ebec0c3c01 r11=0x73ebec0fb60f r12=0x10 r13=0x0 r14=0xffffffffffffff5d r15=0x0 rbp=0x73ebec07836d rsp=0x7ffc39b43a20 fs0x0=0xffffffff991fb4c1 fs0x12=0x7ffc39b43afd01 fs0x60=0xffffffff991fb4c0 fs0x68=0x7ffc39b43ad0 fs0x71=0x1a44e4f0 fs0x81=0x7ffc1f6f55e1 fs0xe1=0xf820000000000062 fs0x13d=0x202 fs0x16f=0xe505f81700 fs0x1e8=0x7ffc39b43a20 fs0x13=0x7ffc39b43afd fs0x91=0x55effbdbf010 fs0xab=0xe5b23167ed350e87 fs0xb3=0x7ffc39b43afd fs0xcb=0x73ebece8f000 fs0x19d=0x61774d56 fs0x28=0x73ebecc12ac0 fs0x38=0x55eff7a35dc8 fs0x79=0x45cd47c5 fs0x89=0x0 fs0x99=0x1810 fs0xd3=0x73ebec588fab fs0x107=0x55effbdbf820 fs0x123=0x7ffc39b43e38 fs0x128=0x7f fs0x147=0x6 ip_w0=0x1c ip_w1=0x888 ip_w2=0xc410 ip_w3=0xa7c8 ip_w4=0xe81b ip_w5=0xaa01 ip_w6=0x4ba0 ip_w7=0xd45c ip_w8=0xcaba ip_w9=0x1388 ip_w10=0xd0 ip_w11=0x13d ip_w12=0xa9f1 ip_w13=0xfb7f ip_w14=0x986 ip_w15=0x1151 target=0x73ebec09b4b3 target_off=0x9b4b3
[VMTAIL] site=0xadbfa count=43 frame=0x73ebec07836d frame_off=0x7836d vm_ip=0x73ebec362c9b vm_ip_off=0x362c9b vm_flags=0x55ea7460 vm_state=0xa2000510 vm_byte=0x3a table=0x73ebec0c3718 table_off=0xc3718 rax=0x73ecbab83cef rbx=0x0 rcx=0x73ebec0784dd rdx=0xfffffffffffffffe rsi=0xffffffff314f476e rdi=0x9bde1b73 r8=0x73ebec0784dd r9=0x73ebec09b4b3 r10=0x73ebec078377 r11=0x9bde1f73 r12=0x73ebec0784dd r13=0xffff8c1413f3cc51 r14=0x558 r15=0x1 rbp=0x73ebec07836d rsp=0x7ffc39b43a20 fs0x0=0x11948c37 fs0x12=0x7ffc39b43afd01 fs0x60=0x11946a6b fs0x68=0x7ffc39b43ad8 fs0x71=0x1a44e4f3 fs0x81=0x7ffc1f6f55e9 fs0xe1=0xf820000000000062 fs0x13d=0x202 fs0x16f=0xa200051000 fs0x1e8=0x7ffc39b43a20 fs0x13=0x7ffc39b43afd fs0x91=0x55effbdbf010 fs0xab=0xe5b23167ed350e87 fs0xb3=0x517351f1 fs0xcb=0x73ebece8f000 fs0x19d=0x61774d56 fs0x28=0x73ebecc12ac0 fs0x38=0x55eff7a35dc8 fs0x79=0x45cd47c5 fs0x89=0x0 fs0x99=0x1810 fs0xd3=0x73ebec588fab fs0x107=0x55effbdbf820 fs0x123=0x7ffc39b43e38 fs0x128=0x7f fs0x147=0x6 ip_w0=0x151 ip_w1=0x9467 ip_w2=0x68 ip_w3=0xda37 ip_w4=0x68 ip_w5=0xd49c ip_w6=0x2a27 ip_w7=0x68b ip_w8=0x1e8 ip_w9=0xba8 ip_w10=0xb6 ip_w11=0xfc75 ip_w12=0x13d ip_w13=0xa94c ip_w14=0x9c8f ip_w15=0xd536 target=0x73ebec09b4b3 target_off=0x9b4b3
[VMTAIL] site=0xad766 count=44 frame=0x73ebec07836d frame_off=0x7836d vm_ip=0x73ebec362cf7 vm_ip_off=0x362cf7 vm_flags=0x20000 vm_state=0xdd7602d8 vm_byte=0x3a table=0x73ebec0c3718 table_off=0xc3718 rax=0x2 rbx=0x73ebec0784dd rcx=0x73ebfd7787fd rdx=0x30 rsi=0x73ebec08b6de rdi=0x73ebec0784dd r8=0x2d8 r9=0x50 r10=0x73ebec0c39f0 r11=0x200 r12=0xffff r13=0x73ebec0784dd r14=0x73ebec078377 r15=0x73ebec0783de rbp=0x73ebec07836d rsp=0x7ffc39b43a20 fs0x0=0xfffffffffb78fc39 fs0x12=0x7ffc39b43afd00 fs0x60=0x7ffbd47741ec fs0x68=0x7ffc39b43ad8 fs0x71=0x1a44e4f3 fs0x81=0x7ffc1f6f55e9 fs0xe1=0xf820000000000062 fs0x13d=0x293 fs0x16f=0xdd7602d800 fs0x1e8=0x7ffc39b43a20 fs0x13=0x7ffc39b43afd fs0x91=0x55effbdbf010 fs0xab=0xe5b23167ed350e87 fs0xb3=0x517351f1 fs0xcb=0x73ebece8f000 fs0x19d=0x61774d56 fs0x28=0x73ebecc12ac0 fs0x38=0x55eff7a35dc8 fs0x79=0x45cd47c5 fs0x89=0x0 fs0x99=0x1810 fs0xd3=0x73ebec588fab fs0x107=0x55effbdbf820 fs0x123=0x7ffc39b43e38 fs0x128=0x7f fs0x147=0x6 ip_w0=0xd8 ip_w1=0x1e8 ip_w2=0xe5 ip_w3=0x694f ip_w4=0x5524 ip_w5=0x75e5 ip_w6=0xd4ab ip_w7=0x1916 ip_w8=0xc0 ip_w9=0x13d ip_w10=0xd682 ip_w11=0xfbab ip_w12=0xe64c ip_w13=0x499f ip_w14=0x68 ip_w15=0xa0dc target=0x73ebec08b6de target_off=0x8b6de
[VMTAIL] site=0xb7699 count=45 frame=0x73ebec07836d frame_off=0x7836d vm_ip=0x73ebec362c9b vm_ip_off=0x362c9b vm_flags=0xd7b2de40 vm_state=0x20450150 vm_byte=0x3a table=0x73ebec0c3718 table_off=0xc3718 rax=0xffff8c1493c9d0a5 rbx=0x73ebec0c3c71 rcx=0x428 rdx=0xffff182827bd97af rsi=0x73ebec078377 rdi=0x80000000 r8=0x73ebec09b4b3 r9=0x0 r10=0x73ebec0c3c70 r11=0x2ce r12=0x73ebec09b4b3 r13=0xffff8c147ff44743 r14=0x0 r15=0x0 rbp=0x73ebec07836d rsp=0x7ffc39b43a20 fs0x0=0x3bd13855 fs0x12=0x7ffc39b43afd00 fs0x60=0x3bd13850 fs0x68=0x7ffc39b43ad8 fs0x71=0x1a44e4f4 fs0x81=0x7ffc1f6f55e9 fs0xe1=0xf820000000000062 fs0x13d=0x206 fs0x16f=0x2045015000 fs0x1e8=0x7ffc39b43a20 fs0x13=0x7ffc39b43afd fs0x91=0x55effbdbf010 fs0xab=0xe5b23167ed350e87 fs0xb3=0x7ffc39b43b01 fs0xcb=0x73ebece8f000 fs0x19d=0x61774d56 fs0x28=0x73ebecc12ac0 fs0x38=0x55eff7a35dc8 fs0x79=0x7ffc39b43afd fs0x89=0x0 fs0x99=0x1810 fs0xd3=0x51735172 fs0x107=0x55effbdbf820 fs0x123=0x7ffc39b43e38 fs0x128=0x7f fs0x147=0x6 ip_w0=0x151 ip_w1=0x9467 ip_w2=0x68 ip_w3=0xda37 ip_w4=0x68 ip_w5=0xd49c ip_w6=0x2a27 ip_w7=0x68b ip_w8=0x1e8 ip_w9=0xba8 ip_w10=0xb6 ip_w11=0xfc75 ip_w12=0x13d ip_w13=0xa94c ip_w14=0x9c8f ip_w15=0xd536 target=0x73ebec09b4b3 target_off=0x9b4b3
[VMTAIL] site=0xad766 count=46 frame=0x73ebec07836d frame_off=0x7836d vm_ip=0x73ebec362cf7 vm_ip_off=0x362cf7 vm_flags=0x20000 vm_state=0xdd7602d8 vm_byte=0x3a table=0x73ebec0c3718 table_off=0xc3718 rax=0x2 rbx=0x73ebec0784dd rcx=0x73ebfd7787fd rdx=0x30 rsi=0x73ebec08b6de rdi=0x73ebec0784dd r8=0x2d8 r9=0x50 r10=0x73ebec0c39f0 r11=0x200 r12=0xffff r13=0x73ebec0784dd r14=0x73ebec078377 r15=0x73ebec0783de rbp=0x73ebec07836d rsp=0x7ffc39b43a20 fs0x0=0xfffffffffb78fc3a fs0x12=0x7ffc39b43afd00 fs0x60=0x7ffbd47741ec fs0x68=0x7ffc39b43ad8 fs0x71=0x1a44e4f4 fs0x81=0x7ffc1f6f55e9 fs0xe1=0xf820000000000062 fs0x13d=0x297 fs0x16f=0xdd7602d800 fs0x1e8=0x7ffc39b43a20 fs0x13=0x7ffc39b43afd fs0x91=0x55effbdbf010 fs0xab=0xe5b23167ed350e87 fs0xb3=0x7ffc39b43b01 fs0xcb=0x73ebece8f000 fs0x19d=0x61774d56 fs0x28=0x73ebecc12ac0 fs0x38=0x55eff7a35dc8 fs0x79=0x7ffc39b43afd fs0x89=0x0 fs0x99=0x1810 fs0xd3=0x51735172 fs0x107=0x55effbdbf820 fs0x123=0x7ffc39b43e38 fs0x128=0x7f fs0x147=0x6 ip_w0=0xd8 ip_w1=0x1e8 ip_w2=0xe5 ip_w3=0x694f ip_w4=0x5524 ip_w5=0x75e5 ip_w6=0xd4ab ip_w7=0x1916 ip_w8=0xc0 ip_w9=0x13d ip_w10=0xd682 ip_w11=0xfbab ip_w12=0xe64c ip_w13=0x499f ip_w14=0x68 ip_w15=0xa0dc target=0x73ebec08b6de target_off=0x8b6de
[VMTAIL] site=0xb7699 count=47 frame=0x73ebec07836d frame_off=0x7836d vm_ip=0x73ebec362c9b vm_ip_off=0x362c9b vm_flags=0xd7b2de40 vm_state=0x20450150 vm_byte=0x3a table=0x73ebec0c3718 table_off=0xc3718 rax=0xffff8c1493c9d0a5 rbx=0x73ebec0c3c71 rcx=0x428 rdx=0xffff182827bd97af rsi=0x73ebec078377 rdi=0x80000000 r8=0x73ebec09b4b3 r9=0x0 r10=0x73ebec0c3c70 r11=0x2ce r12=0x73ebec09b4b3 r13=0xffff8c147ff44743 r14=0x0 r15=0x0 rbp=0x73ebec07836d rsp=0x7ffc39b43a20 fs0x0=0x3bd13854 fs0x12=0x7ffc39b43afd00 fs0x60=0x3bd13850 fs0x68=0x7ffc39b43ad8 fs0x71=0x1a44e4f5 fs0x81=0x7ffc1f6f55e9 fs0xe1=0xf820000000000062 fs0x13d=0x206 fs0x16f=0x2045015000 fs0x1e8=0x7ffc39b43a20 fs0x13=0x7ffc39b43afd fs0x91=0x55effbdbf010 fs0xab=0xe5b23167ed350e87 fs0xb3=0x7ffc39b43b02 fs0xcb=0x73ebece8f000 fs0x19d=0x61774d56 fs0x28=0x73ebecc12ac0 fs0x38=0x55eff7a35dc8 fs0x79=0x7ffc39b43afd fs0x89=0x0 fs0x99=0x1810 fs0xd3=0x517365 fs0x107=0x55effbdbf820 fs0x123=0x7ffc39b43e38 fs0x128=0x7f fs0x147=0x6 ip_w0=0x151 ip_w1=0x9467 ip_w2=0x68 ip_w3=0xda37 ip_w4=0x68 ip_w5=0xd49c ip_w6=0x2a27 ip_w7=0x68b ip_w8=0x1e8 ip_w9=0xba8 ip_w10=0xb6 ip_w11=0xfc75 ip_w12=0x13d ip_w13=0xa94c ip_w14=0x9c8f ip_w15=0xd536 target=0x73ebec09b4b3 target_off=0x9b4b3
[VMTAIL] site=0xad766 count=48 frame=0x73ebec07836d frame_off=0x7836d vm_ip=0x73ebec362cf7 vm_ip_off=0x362cf7 vm_flags=0x20000 vm_state=0xdd7602d8 vm_byte=0x3a table=0x73ebec0c3718 table_off=0xc3718 rax=0x2 rbx=0x73ebec0784dd rcx=0x73ebfd7787fd rdx=0x30 rsi=0x73ebec08b6de rdi=0x73ebec0784dd r8=0x2d8 r9=0x50 r10=0x73ebec0c39f0 r11=0x200 r12=0xffff r13=0x73ebec0784dd r14=0x73ebec078377 r15=0x73ebec0783de rbp=0x73ebec07836d rsp=0x7ffc39b43a20 fs0x0=0xfffffffffb78fc3b fs0x12=0x7ffc39b43afd00 fs0x60=0x7ffbd47741ec fs0x68=0x7ffc39b43ad8 fs0x71=0x1a44e4f5 fs0x81=0x7ffc1f6f55e9 fs0xe1=0xf820000000000062 fs0x13d=0x246 fs0x16f=0xdd7602d800 fs0x1e8=0x7ffc39b43a20 fs0x13=0x7ffc39b43afd fs0x91=0x55effbdbf010 fs0xab=0xe5b23167ed350e87 fs0xb3=0x7ffc39b43b02 fs0xcb=0x73ebece8f000 fs0x19d=0x61774d56 fs0x28=0x73ebecc12ac0 fs0x38=0x55eff7a35dc8 fs0x79=0x7ffc39b43afd fs0x89=0x0 fs0x99=0x1810 fs0xd3=0x517365 fs0x107=0x55effbdbf820 fs0x123=0x7ffc39b43e38 fs0x128=0x7f fs0x147=0x6 ip_w0=0xd8 ip_w1=0x1e8 ip_w2=0xe5 ip_w3=0x694f ip_w4=0x5524 ip_w5=0x75e5 ip_w6=0xd4ab ip_w7=0x1916 ip_w8=0xc0 ip_w9=0x13d ip_w10=0xd682 ip_w11=0xfbab ip_w12=0xe64c ip_w13=0x499f ip_w14=0x68 ip_w15=0xa0dc target=0x73ebec08b6de target_off=0x8b6de
[VMTAIL] site=0xb7699 count=49 frame=0x73ebec07836d frame_off=0x7836d vm_ip=0x73ebec362c9b vm_ip_off=0x362c9b vm_flags=0xd7b2de40 vm_state=0x20450150 vm_byte=0x3a table=0x73ebec0c3718 table_off=0xc3718 rax=0xffff8c1493c9d0a5 rbx=0x73ebec0c3c71 rcx=0x428 rdx=0xffff182827bd97af rsi=0x73ebec078377 rdi=0x80000000 r8=0x73ebec09b4b3 r9=0x0 r10=0x73ebec0c3c70 r11=0x2ce r12=0x73ebec09b4b3 r13=0xffff8c147ff44743 r14=0x0 r15=0x0 rbp=0x73ebec07836d rsp=0x7ffc39b43a20 fs0x0=0x3bd13857 fs0x12=0x7ffc39b43afd00 fs0x60=0x3bd13850 fs0x68=0x7ffc39b43ad8 fs0x71=0x1a44e4f6 fs0x81=0x7ffc1f6f55e9 fs0xe1=0xf820000000000062 fs0x13d=0x202 fs0x16f=0x2045015000 fs0x1e8=0x7ffc39b43a20 fs0x13=0x7ffc39b43afd fs0x91=0x55effbdbf010 fs0xab=0xe5b23167ed350e87 fs0xb3=0x7ffc39b43b03 fs0xcb=0x73ebece8f000 fs0x19d=0x61774d56 fs0x28=0x73ebecc12ac0 fs0x38=0x55eff7a35dc8 fs0x79=0x7ffc39b43afd fs0x89=0x0 fs0x99=0x1810 fs0xd3=0x5100 fs0x107=0x55effbdbf820 fs0x123=0x7ffc39b43e38 fs0x128=0x7f fs0x147=0x6 ip_w0=0x151 ip_w1=0x9467 ip_w2=0x68 ip_w3=0xda37 ip_w4=0x68 ip_w5=0xd49c ip_w6=0x2a27 ip_w7=0x68b ip_w8=0x1e8 ip_w9=0xba8 ip_w10=0xb6 ip_w11=0xfc75 ip_w12=0x13d ip_w13=0xa94c ip_w14=0x9c8f ip_w15=0xd536 target=0x73ebec09b4b3 target_off=0x9b4b3
[VMTAIL] site=0xbe55b count=50 frame=0x73ebec07836d frame_off=0x7836d vm_ip=0x73ebec362f71 vm_ip_off=0x362f71 vm_flags=0x20000 vm_state=0x84c308d6 vm_byte=0x3a table=0x73ebec0c3718 table_off=0xc3718 rax=0x73ebec078377 rbx=0x73ebec362cea rcx=0x73ebec07a580 rdx=0x73ebec0c2241 rsi=0xb10 rdi=0x73ebec36adef r8=0x73ebec69fa42 r9=0x0 r10=0xffffffffa80501fd r11=0x0 r12=0x73ebec0c4201 r13=0x73ebec07837f r14=0x28b r15=0x73ebec07847c rbp=0x73ebec07836d rsp=0x7ffc39b43a20 fs0x0=0xfffffffffb78fc3c fs0x12=0x7ffc39b43afd01 fs0x60=0xfffffffffb78fc3b fs0x68=0x7ffc39b43ad8 fs0x71=0x1a44e4f6 fs0x81=0x7ffc1f6f55e9 fs0xe1=0xf820000000000062 fs0x13d=0x202 fs0x16f=0x84c308d600 fs0x1e8=0x7ffc39b43a20 fs0x13=0x7ffc39b43afd fs0x91=0x55effbdbf010 fs0xab=0xe5b23167ed350e87 fs0xb3=0x7ffc39b43b03 fs0xcb=0x73ebece8f000 fs0x19d=0x61774d56 fs0x28=0x73ebecc12ac0 fs0x38=0x55eff7a35dc8 fs0x79=0x7ffc39b43afd fs0x89=0x0 fs0x99=0x1810 fs0xd3=0x5100 fs0x107=0x55effbdbf820 fs0x123=0x7ffc39b43e38 fs0x128=0x7f fs0x147=0x6 ip_w0=0x1e ip_w1=0x1f10 ip_w2=0x1e8 ip_w3=0xe0b ip_w4=0x1e8 ip_w5=0x2714 ip_w6=0xf95f ip_w7=0x562f ip_w8=0xd556 ip_w9=0x4177 ip_w10=0x3eaa ip_w11=0x3dab ip_w12=0x1 ip_w13=0xe934 ip_w14=0xe405 ip_w15=0xa49a target=0x73ebec0c2241 target_off=0xc2241
[VMTAIL] site=0xadbfa count=51 frame=0x73ebec07836d frame_off=0x7836d vm_ip=0x73ebec363d84 vm_ip_off=0x363d84 vm_flags=0x12e908de vm_state=0x86040028 vm_byte=0x3a table=0x73ebec0c3718 table_off=0xc3718 rax=0x73ec7cbd4b23 rbx=0x0 rcx=0x73ebec0784dd rdx=0xfffffffffffffffe rsi=0xffffffff6f4a393a rdi=0xae500cfb r8=0x73ebec0784dd r9=0x73ebec09a24c r10=0x73ebec078377 r11=0xae500cfb r12=0x73ebec0784dd r13=0xffff8c1413f3cc81 r14=0x528 r15=0x1 rbp=0x73ebec07836d rsp=0x7ffc39b43a20 fs0x0=0x73eb810a03aa fs0x12=0x7ffc39b43afd01 fs0x60=0x6de2f3aa fs0x68=0x7ffc39b43ac0 fs0x71=0x1a44e4ef fs0x81=0x7ffc1f6f55d1 fs0xe1=0xf820000000000062 fs0x13d=0x206 fs0x16f=0x8604002800 fs0x1e8=0x7ffc39b43a20 fs0x13=0x7ffc39b43afd fs0x91=0x55effbdbf010 fs0xab=0xe5b23167ed350e87 fs0xb3=0x7ffc39b43afd fs0xcb=0x73ebece8f000 fs0x19d=0x0 fs0x28=0x73ebecc12ac0 fs0x38=0x55eff7a35dc8 fs0x79=0x3885165f fs0x89=0x21 fs0x99=0x20 fs0xd3=0x73ebec588fb2 fs0x107=0x55effbdbf820 fs0x123=0x7ffc39b43e38 fs0x128=0x7f fs0x147=0x6 ip_w0=0x12 ip_w1=0x860 ip_w2=0x783a ip_w3=0x459f ip_w4=0xf664 ip_w5=0xac0c ip_w6=0xd7d1 ip_w7=0x42de ip_w8=0x9347 ip_w9=0xe808 ip_w10=0x8701 ip_w11=0x6f ip_w12=0x13d ip_w13=0xaedf ip_w14=0x1640 ip_w15=0xd339 target=0x73ebec09a24c target_off=0x9a24c
[VMTAIL] site=0x859f9 count=52 frame=0x73ebec07836d frame_off=0x7836d vm_ip=0x73ebec36406b vm_ip_off=0x36406b vm_flags=0x5025c5c6 vm_state=0xc2cf5942 vm_byte=0x3a table=0x73ebec0c3718 table_off=0xc3718 rax=0x73ebec078377 rbx=0xfffffffffd08fb10 rcx=0xffff8c13c1390008 rdx=0x390 rsi=0x44 rdi=0x73ebec0783ee r8=0x73ebec090319 r9=0x73ebec0784dd r10=0x73e82c21c4c4 r11=0x73ebec0c3aa8 r12=0x73ebec0783ee r13=0xffffffffffffffbc r14=0x73ec3c31fce6 r15=0x73ebec0784dd rbp=0x73ebec07836d rsp=0x7ffc39b43a20 fs0x0=0xfffffffffb78fc35 fs0x12=0x7ffc39b43afd00 fs0x60=0xfffffffffb78fc35 fs0x68=0x7ffc39b43ac0 fs0x71=0x1a44e4ef fs0x81=0x7ffc1f6f55d1 fs0xe1=0xf820000000000062 fs0x13d=0x246 fs0x16f=0xc2cf594200 fs0x1e8=0x7ffc39b43a20 fs0x13=0x7ffc39b43afd fs0x91=0x55effbdbf010 fs0xab=0xe5b23167ed350e87 fs0xb3=0x7ffc39b43afd fs0xcb=0x73ebece8f000 fs0x19d=0x0 fs0x28=0x73ebecc12ac0 fs0x38=0x55eff7a35dc8 fs0x79=0x49d76f00 fs0x89=0x21 fs0x99=0x20 fs0xd3=0x73ebec588fb2 fs0x107=0x55effbdbf820 fs0x123=0x7ffc39b43e38 fs0x128=0x7f fs0x147=0x6 ip_w0=0x9d73 ip_w1=0xd1a3 ip_w2=0xc69b ip_w3=0x68 ip_w4=0xc604 ip_w5=0xd48c ip_w6=0xf63 ip_w7=0x1e8 ip_w8=0x3d00 ip_w9=0xcf01 ip_w10=0xfffb ip_w11=0x3a94 ip_w12=0xab9b ip_w13=0x5933 ip_w14=0xb0d9 ip_w15=0xae29 target=0x73ebec090319 target_off=0x90319
[VMTAIL] site=0xafa1d count=53 frame=0x73ebec07836d frame_off=0x7836d vm_ip=0x73ebec363d84 vm_ip_off=0x363d84 vm_flags=0x500800 vm_state=0xb740c994 vm_byte=0x3a table=0x73ebec0c3718 table_off=0xc3718 rax=0x80000000 rbx=0x73ebec0784dd rcx=0x15bc343e83996 rdx=0x73ebec09a24c rsi=0x400 rdi=0x850 r8=0x1 r9=0x73ebec0784dd r10=0x0 r11=0x73ebec07847c r12=0x73ebec078377 r13=0xffffffff80000000 r14=0x4e0 r15=0x73ebec0c3f68 rbp=0x73ebec07836d rsp=0x7ffc39b43a20 fs0x0=0x6de2f3aa fs0x12=0x7ffc39b43afd00 fs0x60=0x6de2f3ab fs0x68=0x7ffc39b43ac0 fs0x71=0x1a44e4f0 fs0x81=0x7ffc1f6f55d1 fs0xe1=0xf820000000000062 fs0x13d=0x202 fs0x16f=0xb740c99400 fs0x1e8=0x7ffc39b43a20 fs0x13=0x7ffc39b43afd fs0x91=0x55effbdbf010 fs0xab=0xe5b23167ed350e87 fs0xb3=0x7ffc39b43afd fs0xcb=0x73ebece8f000 fs0x19d=0x554d4551 fs0x28=0x73ebecc12ac0 fs0x38=0x55eff7a35dc8 fs0x79=0x2c662b87 fs0x89=0x21 fs0x99=0x20 fs0xd3=0x73ebec588fb2 fs0x107=0x55effbdbf820 fs0x123=0x7ffc39b43e38 fs0x128=0x7f fs0x147=0x6 ip_w0=0x12 ip_w1=0x860 ip_w2=0x783a ip_w3=0x459f ip_w4=0xf664 ip_w5=0xac0c ip_w6=0xd7d1 ip_w7=0x42de ip_w8=0x9347 ip_w9=0xe808 ip_w10=0x8701 ip_w11=0x6f ip_w12=0x13d ip_w13=0xaedf ip_w14=0x1640 ip_w15=0xd339 target=0x73ebec09a24c target_off=0x9a24c
[VMTAIL] site=0xba0cc count=54 frame=0x73ebec07836d frame_off=0x7836d vm_ip=0x73ebec36426c vm_ip_off=0x36426c vm_flags=0x12833a10 vm_state=0x81b31885 vm_byte=0x3a table=0x73ebec0c3718 table_off=0xc3718 rax=0x73ebec09a24c rbx=0x0 rcx=0x73ebec078377 rdx=0xffffffffffffff8a rsi=0xffff8c14ffcfbb65 rdi=0x211 r8=0x1 r9=0x73ebec36405f r10=0x73ebec0c3c01 r11=0xf7ffec0fa2dd r12=0x6c0783dc r13=0x0 r14=0xfffffffffff7595f r15=0x0 rbp=0x73ebec07836d rsp=0x7ffc39b43a20 fs0x0=0xfffffffffb78fc36 fs0x12=0x7ffc39b43afd01 fs0x60=0xfffffffffb78fc35 fs0x68=0x7ffc39b43ac0 fs0x71=0x1a44e4f0 fs0x81=0x7ffc1f6f55d1 fs0xe1=0xf820000000000062 fs0x13d=0x202 fs0x16f=0x81b3188500 fs0x1e8=0x7ffc39b43a20 fs0x13=0x7ffc39b43afd fs0x91=0x55effbdbf010 fs0xab=0xe5b23167ed350e87 fs0xb3=0x7ffc39b43afd fs0xcb=0x73ebece8f000 fs0x19d=0x554d4551 fs0x28=0x73ebecc12ac0 fs0x38=0x55eff7a35dc8 fs0x79=0x22d7e180 fs0x89=0x21 fs0x99=0x20 fs0xd3=0x73ebec588fb2 fs0x107=0x55effbdbf820 fs0x123=0x7ffc39b43e38 fs0x128=0x7f fs0x147=0x6 ip_w0=0xc4 ip_w1=0x6e1e ip_w2=0xf45c ip_w3=0x221b ip_w4=0x93a6 ip_w5=0xe66b ip_w6=0xd04f ip_w7=0xf65f ip_w8=0xe865 ip_w9=0x3401 ip_w10=0x52cb ip_w11=0x3d20 ip_w12=0x1 ip_w13=0xb63f ip_w14=0x9a07 ip_w15=0x5f04 target=0x73ebec09a24c target_off=0x9a24c
[VMTAIL] site=0xbb8a8 count=55 frame=0x73ebec07836d frame_off=0x7836d vm_ip=0x73ebec3674c3 vm_ip_off=0x3674c3 vm_flags=0xdb551cd1 vm_state=0xea9cdab8 vm_byte=0x3a table=0x73ebec0c3718 table_off=0xc3718 rax=0x73ebec09af18 rbx=0x15fc7d7b6e8ea rcx=0x2 rdx=0x0 rsi=0x73ebec078377 rdi=0x73ebec07847c r8=0x73ebec0c3c60 r9=0xe5b23167ed350e87 r10=0x200 r11=0x73ebec07836d r12=0x73ebee0728b7 r13=0x73ebec078390 r14=0x73ebec3674bf r15=0x800 rbp=0x73ebec07836d rsp=0x7ffc39b43858 fs0x0=0xda3b7f9 fs0x12=0x7ffc39b43afd01 fs0x60=0x7ffbc4708b84 fs0x68=0x7ffc39b43afd fs0x71=0x7ffc53f91fec fs0x81=0x73ebd1c29f31 fs0xe1=0xf820000000000062 fs0x13d=0x202 fs0x16f=0xea9cdab801 fs0x1e8=0x7ffc39b43990 fs0x13=0x7ffc39b43afd fs0x91=0x55effbdbf010 fs0xab=0xe5b23167ed350e87 fs0xb3=0x7ffc39b43afd fs0xcb=0x73ebece8f000 fs0x19d=0x0 fs0x28=0x73ebecc12ac0 fs0x38=0x55eff7a35dc8 fs0x79=0x55eaa522759c fs0x89=0x21 fs0x99=0x20 fs0xd3=0x5 fs0x107=0x55effbdbf820 fs0x123=0x7ffc39b43e38 fs0x128=0x7f fs0x147=0x6 ip_w0=0xa5 ip_w1=0x1e8 ip_w2=0x12 ip_w3=0x200 ip_w4=0x923a ip_w5=0x8c2e ip_w6=0xa597 ip_w7=0x154f ip_w8=0x64d7 ip_w9=0xe89a ip_w10=0x5001 ip_w11=0x54aa ip_w12=0x5ca6 ip_w13=0x5f1c ip_w14=0xd9fb ip_w15=0x3ad5 target=0x73ebec09af18 target_off=0x9af18
[VMTAIL] site=0x9bd8c count=56 frame=0x73ebec07836d frame_off=0x7836d vm_ip=0x73ebec3676e5 vm_ip_off=0x3676e5 vm_flags=0x10128b44 vm_state=0x140 vm_byte=0x3a table=0x73ebec0c3718 table_off=0xc3718 rax=0x73ebec078501 rbx=0x73ebec0784dd rcx=0x53c3c4081650 rdx=0x73ebec0784e5 rsi=0x73ebec078377 rdi=0x1 r8=0x12 r9=0x558 r10=0x73ebec0784dd r11=0x73ebec09b4b3 r12=0x73ebec0c3c70 r13=0x73ebec0c17c4 r14=0x73ebec588fc0 r15=0xf7fffc5f8bdf rbp=0x73ebec07836d rsp=0x7ffc39b438f0 fs0x0=0x3251cfd8 fs0x12=0x7ffc39b4395001 fs0x60=0x73ebec588fc0 fs0x68=0x73ebec588fc0 fs0x71=0x73ec069d74af fs0x81=0x73ebd1c2a01b fs0xe1=0xf820000000000062 fs0x13d=0x246 fs0x16f=0x14001 fs0x1e8=0x7ffc39b438f0 fs0x13=0x7ffc39b43950 fs0x91=0x55effbdbf010 fs0xab=0xe5b23167ed350e87 fs0xb3=0x7ffc39b43950 fs0xcb=0x73ebece8f000 fs0x19d=0x73ebec588fc0 fs0x28=0x73ebecc12ac0 fs0x38=0x55eff7a35dc8 fs0x79=0x27 fs0x89=0x21 fs0x99=0x20 fs0xd3=0x73ebec588fc0 fs0x107=0x55effbdbf820 fs0x123=0x7ffc39b43e38 fs0x128=0x7f fs0x147=0x6 ip_w0=0x7c ip_w1=0x4dc1 ip_w2=0x2e00 ip_w3=0xcb07 ip_w4=0x44d4 ip_w5=0x79 ip_w6=0x318b ip_w7=0x79 ip_w8=0xde9f ip_w9=0x22ba ip_w10=0x7f20 ip_w11=0x13d ip_w12=0x162 ip_w13=0x0 ip_w14=0x30 ip_w15=0x0 target=0x73ebec09b4b3 target_off=0x9b4b3
[VMTAIL] site=0xa3dc4 count=57 frame=0x73ebec07836d frame_off=0x7836d vm_ip=0x73ebec367713 vm_ip_off=0x367713 vm_flags=0x5c5a4951 vm_state=0xaec59fe8 vm_byte=0x3a table=0x73ebec0c3718 table_off=0xc3718 rax=0x73ebec078377 rbx=0xffff8c146c7e87be rcx=0x5107f8 rdx=0xffffffffffc000f8 rsi=0x73ebec078390 rdi=0x73ebec0c3aa8 r8=0x200 r9=0x73ebec07836d r10=0x395887d1 r11=0xffff8c1393f8d07f r12=0x800210 r13=0x73ebec0784dd r14=0x73ebec090319 r15=0x390 rbp=0x73ebec07836d rsp=0x7ffc39b438f0 fs0x0=0xfffffffffb78fc5c fs0x12=0x7ffc39b4395100 fs0x60=0xfffffffffb78fc35 fs0x68=0x73ebec588fc0 fs0x71=0x1a44e516 fs0x81=0x73ebd1c29ef7 fs0xe1=0xf820000000000062 fs0x13d=0x206 fs0x16f=0xaec59fe801 fs0x1e8=0x7ffc39b438f0 fs0x13=0x7ffc39b43951 fs0x91=0x55effbdbf010 fs0xab=0xe5b23167ed350e87 fs0xb3=0x7ffc39b43950 fs0xcb=0x73ebece8f000 fs0x19d=0x73ebec588fc1 fs0x28=0x73ebecc12ac0 fs0x38=0x55eff7a35dc8 fs0x79=0x27 fs0x89=0x21 fs0x99=0x20 fs0xd3=0x73ebec588fc0 fs0x107=0x55effbdbf820 fs0x123=0x7ffc39b43e38 fs0x128=0x7f fs0x147=0x6 ip_w0=0x9376 ip_w1=0x5628 ip_w2=0x8d4a ip_w3=0x4076 ip_w4=0x3e70 ip_w5=0x31d9 ip_w6=0xedde ip_w7=0x13d ip_w8=0xfaf5 ip_w9=0xab ip_w10=0x0 ip_w11=0x40 ip_w12=0x8000 ip_w13=0x9a ip_w14=0x38a0 ip_w15=0x1e8 target=0x73ebec090319 target_off=0x90319
[VMTAIL] site=0xb7699 count=58 frame=0x73ebec07836d frame_off=0x7836d vm_ip=0x73ebec3676e5 vm_ip_off=0x3676e5 vm_flags=0xea549f90 vm_state=0x117b1e60 vm_byte=0x3a table=0x73ebec0c3718 table_off=0xc3718 rax=0xffff8c1493c988e9 rbx=0x73ebec0c3c71 rcx=0x460 rdx=0xffff182827bd4ff3 rsi=0x73ebec078377 rdi=0x80000000 r8=0x73ebec09b4b3 r9=0x0 r10=0x73ebec0c3c70 r11=0x40 r12=0x73ebec09b4b3 r13=0xffff8c1413f3c300 r14=0x0 r15=0x73ebec0c4088 rbp=0x73ebec07836d rsp=0x7ffc39b438f0 fs0x0=0xffffffff85cbba47 fs0x12=0x7ffc39b4395100 fs0x60=0xfffffffffb78fc35 fs0x68=0x73ebec588fc0 fs0x71=0x1a44e515 fs0x81=0x73ebd1c29ef7 fs0xe1=0xf820000000000062 fs0x13d=0x202 fs0x16f=0x117b1e6001 fs0x1e8=0x7ffc39b438f0 fs0x13=0x7ffc39b43951 fs0x91=0x55effbdbf010 fs0xab=0xe5b23167ed350e87 fs0xb3=0x7ffc39b43950 fs0xcb=0x73ebece8f000 fs0x19d=0x73ebec588fc1 fs0x28=0x73ebecc12ac0 fs0x38=0x55eff7a35dc8 fs0x79=0x26 fs0x89=0x21 fs0x99=0x20 fs0xd3=0x73ebec588fc0 fs0x107=0x55effbdbf820 fs0x123=0x7ffc39b43e38 fs0x128=0x7f fs0x147=0x6 ip_w0=0x7c ip_w1=0x4dc1 ip_w2=0x2e00 ip_w3=0xcb07 ip_w4=0x44d4 ip_w5=0x79 ip_w6=0x318b ip_w7=0x79 ip_w8=0xde9f ip_w9=0x22ba ip_w10=0x7f20 ip_w11=0x13d ip_w12=0x162 ip_w13=0x0 ip_w14=0x30 ip_w15=0x0 target=0x73ebec09b4b3 target_off=0x9b4b3
[VMTAIL] site=0xa3dc4 count=59 frame=0x73ebec07836d frame_off=0x7836d vm_ip=0x73ebec367713 vm_ip_off=0x367713 vm_flags=0x5c5a4951 vm_state=0xaec59fe8 vm_byte=0x3a table=0x73ebec0c3718 table_off=0xc3718 rax=0x73ebec078377 rbx=0xffff8c146c7e87be rcx=0x5107f9 rdx=0xffffffffffc000f8 rsi=0x73ebec078390 rdi=0x73ebec0c3aa8 r8=0x200 r9=0x73ebec07836d r10=0x395887d1 r11=0xffff8c1393f8d07f r12=0x800210 r13=0x73ebec0784dd r14=0x73ebec090319 r15=0x390 rbp=0x73ebec07836d rsp=0x7ffc39b438f0 fs0x0=0xfffffffffb78fc5b fs0x12=0x7ffc39b4395200 fs0x60=0xfffffffffb78fc35 fs0x68=0x73ebec588fc0 fs0x71=0x1a44e515 fs0x81=0x73ebd1c29ef7 fs0xe1=0xf820000000000062 fs0x13d=0x202 fs0x16f=0xaec59fe801 fs0x1e8=0x7ffc39b438f0 fs0x13=0x7ffc39b43952 fs0x91=0x55effbdbf010 fs0xab=0xe5b23167ed350e87 fs0xb3=0x7ffc39b43950 fs0xcb=0x73ebece8f000 fs0x19d=0x73ebec588fc2 fs0x28=0x73ebecc12ac0 fs0x38=0x55eff7a35dc8 fs0x79=0x26 fs0x89=0x21 fs0x99=0x20 fs0xd3=0x73ebec588fc0 fs0x107=0x55effbdbf820 fs0x123=0x7ffc39b43e38 fs0x128=0x7f fs0x147=0x6 ip_w0=0x9376 ip_w1=0x5628 ip_w2=0x8d4a ip_w3=0x4076 ip_w4=0x3e70 ip_w5=0x31d9 ip_w6=0xedde ip_w7=0x13d ip_w8=0xfaf5 ip_w9=0xab ip_w10=0x0 ip_w11=0x40 ip_w12=0x8000 ip_w13=0x9a ip_w14=0x38a0 ip_w15=0x1e8 target=0x73ebec090319 target_off=0x90319
[VMTAIL] site=0xb7699 count=60 frame=0x73ebec07836d frame_off=0x7836d vm_ip=0x73ebec3676e5 vm_ip_off=0x3676e5 vm_flags=0xea549f90 vm_state=0x117b1e60 vm_byte=0x3a table=0x73ebec0c3718 table_off=0xc3718 rax=0xffff8c1493c988e9 rbx=0x73ebec0c3c71 rcx=0x460 rdx=0xffff182827bd4ff3 rsi=0x73ebec078377 rdi=0x80000000 r8=0x73ebec09b4b3 r9=0x0 r10=0x73ebec0c3c70 r11=0x40 r12=0x73ebec09b4b3 r13=0xffff8c1413f3c300 r14=0x0 r15=0x73ebec0c4088 rbp=0x73ebec07836d rsp=0x7ffc39b438f0 fs0x0=0xffffffff85cbba46 fs0x12=0x7ffc39b4395200 fs0x60=0xfffffffffb78fc35 fs0x68=0x73ebec588fc0 fs0x71=0x1a44e514 fs0x81=0x73ebd1c29ef7 fs0xe1=0xf820000000000062 fs0x13d=0x202 fs0x16f=0x117b1e6001 fs0x1e8=0x7ffc39b438f0 fs0x13=0x7ffc39b43952 fs0x91=0x55effbdbf010 fs0xab=0xe5b23167ed350e87 fs0xb3=0x7ffc39b43950 fs0xcb=0x73ebece8f000 fs0x19d=0x73ebec588fc2 fs0x28=0x73ebecc12ac0 fs0x38=0x55eff7a35dc8 fs0x79=0x25 fs0x89=0x21 fs0x99=0x20 fs0xd3=0x73ebec588fc0 fs0x107=0x55effbdbf820 fs0x123=0x7ffc39b43e38 fs0x128=0x7f fs0x147=0x6 ip_w0=0x7c ip_w1=0x4dc1 ip_w2=0x2e00 ip_w3=0xcb07 ip_w4=0x44d4 ip_w5=0x79 ip_w6=0x318b ip_w7=0x79 ip_w8=0xde9f ip_w9=0x22ba ip_w10=0x7f20 ip_w11=0x13d ip_w12=0x162 ip_w13=0x0 ip_w14=0x30 ip_w15=0x0 target=0x73ebec09b4b3 target_off=0x9b4b3
[VMTAIL] site=0xa3dc4 count=61 frame=0x73ebec07836d frame_off=0x7836d vm_ip=0x73ebec367713 vm_ip_off=0x367713 vm_flags=0x5c5a4951 vm_state=0xaec59fe8 vm_byte=0x3a table=0x73ebec0c3718 table_off=0xc3718 rax=0x73ebec078377 rbx=0xffff8c146c7e87be rcx=0x5107fa rdx=0xffffffffffc000f6 rsi=0x73ebec078390 rdi=0x73ebec0c3aa8 r8=0x200 r9=0x73ebec07836d r10=0x395887d1 r11=0xffff8c1393f8d07f r12=0x800214 r13=0x73ebec0784dd r14=0x73ebec090319 r15=0x390 rbp=0x73ebec07836d rsp=0x7ffc39b438f0 fs0x0=0xfffffffffb78fc5a fs0x12=0x7ffc39b4395300 fs0x60=0xfffffffffb78fc35 fs0x68=0x73ebec588fc0 fs0x71=0x1a44e514 fs0x81=0x73ebd1c29ef7 fs0xe1=0xf820000000000062 fs0x13d=0x202 fs0x16f=0xaec59fe801 fs0x1e8=0x7ffc39b438f0 fs0x13=0x7ffc39b43953 fs0x91=0x55effbdbf010 fs0xab=0xe5b23167ed350e87 fs0xb3=0x7ffc39b43950 fs0xcb=0x73ebece8f000 fs0x19d=0x73ebec588fc3 fs0x28=0x73ebecc12ac0 fs0x38=0x55eff7a35dc8 fs0x79=0x25 fs0x89=0x21 fs0x99=0x20 fs0xd3=0x73ebec588fc0 fs0x107=0x55effbdbf820 fs0x123=0x7ffc39b43e38 fs0x128=0x7f fs0x147=0x6 ip_w0=0x9376 ip_w1=0x5628 ip_w2=0x8d4a ip_w3=0x4076 ip_w4=0x3e70 ip_w5=0x31d9 ip_w6=0xedde ip_w7=0x13d ip_w8=0xfaf5 ip_w9=0xab ip_w10=0x0 ip_w11=0x40 ip_w12=0x8000 ip_w13=0x9a ip_w14=0x38a0 ip_w15=0x1e8 target=0x73ebec090319 target_off=0x90319
[VMTAIL] site=0xb7699 count=62 frame=0x73ebec07836d frame_off=0x7836d vm_ip=0x73ebec3676e5 vm_ip_off=0x3676e5 vm_flags=0xea549f90 vm_state=0x117b1e60 vm_byte=0x3a table=0x73ebec0c3718 table_off=0xc3718 rax=0xffff8c1493c988e9 rbx=0x73ebec0c3c71 rcx=0x460 rdx=0xffff182827bd4ff3 rsi=0x73ebec078377 rdi=0x80000000 r8=0x73ebec09b4b3 r9=0x0 r10=0x73ebec0c3c70 r11=0x40 r12=0x73ebec09b4b3 r13=0xffff8c1413f3c300 r14=0x0 r15=0x73ebec0c4088 rbp=0x73ebec07836d rsp=0x7ffc39b438f0 fs0x0=0xffffffff85cbba45 fs0x12=0x7ffc39b4395300 fs0x60=0xfffffffffb78fc35 fs0x68=0x73ebec588fc0 fs0x71=0x1a44e513 fs0x81=0x73ebd1c29ef7 fs0xe1=0xf820000000000062 fs0x13d=0x206 fs0x16f=0x117b1e6001 fs0x1e8=0x7ffc39b438f0 fs0x13=0x7ffc39b43953 fs0x91=0x55effbdbf010 fs0xab=0xe5b23167ed350e87 fs0xb3=0x7ffc39b43950 fs0xcb=0x73ebece8f000 fs0x19d=0x73ebec588fc3 fs0x28=0x73ebecc12ac0 fs0x38=0x55eff7a35dc8 fs0x79=0x24 fs0x89=0x21 fs0x99=0x20 fs0xd3=0x73ebec588fc0 fs0x107=0x55effbdbf820 fs0x123=0x7ffc39b43e38 fs0x128=0x7f fs0x147=0x6 ip_w0=0x7c ip_w1=0x4dc1 ip_w2=0x2e00 ip_w3=0xcb07 ip_w4=0x44d4 ip_w5=0x79 ip_w6=0x318b ip_w7=0x79 ip_w8=0xde9f ip_w9=0x22ba ip_w10=0x7f20 ip_w11=0x13d ip_w12=0x162 ip_w13=0x0 ip_w14=0x30 ip_w15=0x0 target=0x73ebec09b4b3 target_off=0x9b4b3
[VMTAIL] site=0xa3dc4 count=63 frame=0x73ebec07836d frame_off=0x7836d vm_ip=0x73ebec367713 vm_ip_off=0x367713 vm_flags=0x5c5a4951 vm_state=0xaec59fe8 vm_byte=0x3a table=0x73ebec0c3718 table_off=0xc3718 rax=0x73ebec078377 rbx=0xffff8c146c7e87be rcx=0x5107fb rdx=0xffffffffffc000f6 rsi=0x73ebec078390 rdi=0x73ebec0c3aa8 r8=0x200 r9=0x73ebec07836d r10=0x395887d1 r11=0xffff8c1393f8d07f r12=0x800214 r13=0x73ebec0784dd r14=0x73ebec090319 r15=0x390 rbp=0x73ebec07836d rsp=0x7ffc39b438f0 fs0x0=0xfffffffffb78fc59 fs0x12=0x7ffc39b4395400 fs0x60=0xfffffffffb78fc35 fs0x68=0x73ebec588fc0 fs0x71=0x1a44e513 fs0x81=0x73ebd1c29ef7 fs0xe1=0xf820000000000062 fs0x13d=0x206 fs0x16f=0xaec59fe801 fs0x1e8=0x7ffc39b438f0 fs0x13=0x7ffc39b43954 fs0x91=0x55effbdbf010 fs0xab=0xe5b23167ed350e87 fs0xb3=0x7ffc39b43950 fs0xcb=0x73ebece8f000 fs0x19d=0x73ebec588fc4 fs0x28=0x73ebecc12ac0 fs0x38=0x55eff7a35dc8 fs0x79=0x24 fs0x89=0x21 fs0x99=0x20 fs0xd3=0x73ebec588fc0 fs0x107=0x55effbdbf820 fs0x123=0x7ffc39b43e38 fs0x128=0x7f fs0x147=0x6 ip_w0=0x9376 ip_w1=0x5628 ip_w2=0x8d4a ip_w3=0x4076 ip_w4=0x3e70 ip_w5=0x31d9 ip_w6=0xedde ip_w7=0x13d ip_w8=0xfaf5 ip_w9=0xab ip_w10=0x0 ip_w11=0x40 ip_w12=0x8000 ip_w13=0x9a ip_w14=0x38a0 ip_w15=0x1e8 target=0x73ebec090319 target_off=0x90319
[VMTAIL] site=0xb7699 count=64 frame=0x73ebec07836d frame_off=0x7836d vm_ip=0x73ebec3676e5 vm_ip_off=0x3676e5 vm_flags=0xea549f90 vm_state=0x117b1e60 vm_byte=0x3a table=0x73ebec0c3718 table_off=0xc3718 rax=0xffff8c1493c988e9 rbx=0x73ebec0c3c71 rcx=0x460 rdx=0xffff182827bd4ff3 rsi=0x73ebec078377 rdi=0x80000000 r8=0x73ebec09b4b3 r9=0x0 r10=0x73ebec0c3c70 r11=0x40 r12=0x73ebec09b4b3 r13=0xffff8c1413f3c300 r14=0x0 r15=0x73ebec0c4088 rbp=0x73ebec07836d rsp=0x7ffc39b438f0 fs0x0=0xffffffff85cbba44 fs0x12=0x7ffc39b4395400 fs0x60=0xfffffffffb78fc35 fs0x68=0x73ebec588fc0 fs0x71=0x1a44e512 fs0x81=0x73ebd1c29ef7 fs0xe1=0xf820000000000062 fs0x13d=0x202 fs0x16f=0x117b1e6001 fs0x1e8=0x7ffc39b438f0 fs0x13=0x7ffc39b43954 fs0x91=0x55effbdbf010 fs0xab=0xe5b23167ed350e87 fs0xb3=0x7ffc39b43950 fs0xcb=0x73ebece8f000 fs0x19d=0x73ebec588fc4 fs0x28=0x73ebecc12ac0 fs0x38=0x55eff7a35dc8 fs0x79=0x23 fs0x89=0x21 fs0x99=0x20 fs0xd3=0x73ebec588fc0 fs0x107=0x55effbdbf820 fs0x123=0x7ffc39b43e38 fs0x128=0x7f fs0x147=0x6 ip_w0=0x7c ip_w1=0x4dc1 ip_w2=0x2e00 ip_w3=0xcb07 ip_w4=0x44d4 ip_w5=0x79 ip_w6=0x318b ip_w7=0x79 ip_w8=0xde9f ip_w9=0x22ba ip_w10=0x7f20 ip_w11=0x13d ip_w12=0x162 ip_w13=0x0 ip_w14=0x30 ip_w15=0x0 target=0x73ebec09b4b3 target_off=0x9b4b3
[VMTAIL] site=0xa3dc4 count=65 frame=0x73ebec07836d frame_off=0x7836d vm_ip=0x73ebec367713 vm_ip_off=0x367713 vm_flags=0x5c5a4951 vm_state=0xaec59fe8 vm_byte=0x3a table=0x73ebec0c3718 table_off=0xc3718 rax=0x73ebec078377 rbx=0xffff8c146c7e87be rcx=0x5107fc rdx=0xffffffffffc000f8 rsi=0x73ebec078390 rdi=0x73ebec0c3aa8 r8=0x200 r9=0x73ebec07836d r10=0x395887d1 r11=0xffff8c1393f8d07f r12=0x800210 r13=0x73ebec0784dd r14=0x73ebec090319 r15=0x390 rbp=0x73ebec07836d rsp=0x7ffc39b438f0 fs0x0=0xfffffffffb78fc58 fs0x12=0x7ffc39b4395500 fs0x60=0xfffffffffb78fc35 fs0x68=0x73ebec588fc0 fs0x71=0x1a44e512 fs0x81=0x73ebd1c29ef7 fs0xe1=0xf820000000000062 fs0x13d=0x202 fs0x16f=0xaec59fe801 fs0x1e8=0x7ffc39b438f0 fs0x13=0x7ffc39b43955 fs0x91=0x55effbdbf010 fs0xab=0xe5b23167ed350e87 fs0xb3=0x7ffc39b43950 fs0xcb=0x73ebece8f000 fs0x19d=0x73ebec588fc5 fs0x28=0x73ebecc12ac0 fs0x38=0x55eff7a35dc8 fs0x79=0x23 fs0x89=0x21 fs0x99=0x20 fs0xd3=0x73ebec588fc0 fs0x107=0x55effbdbf820 fs0x123=0x7ffc39b43e38 fs0x128=0x7f fs0x147=0x6 ip_w0=0x9376 ip_w1=0x5628 ip_w2=0x8d4a ip_w3=0x4076 ip_w4=0x3e70 ip_w5=0x31d9 ip_w6=0xedde ip_w7=0x13d ip_w8=0xfaf5 ip_w9=0xab ip_w10=0x0 ip_w11=0x40 ip_w12=0x8000 ip_w13=0x9a ip_w14=0x38a0 ip_w15=0x1e8 target=0x73ebec090319 target_off=0x90319
[VMTAIL] site=0xb7699 count=66 frame=0x73ebec07836d frame_off=0x7836d vm_ip=0x73ebec3676e5 vm_ip_off=0x3676e5 vm_flags=0xea549f90 vm_state=0x117b1e60 vm_byte=0x3a table=0x73ebec0c3718 table_off=0xc3718 rax=0xffff8c1493c988e9 rbx=0x73ebec0c3c71 rcx=0x460 rdx=0xffff182827bd4ff3 rsi=0x73ebec078377 rdi=0x80000000 r8=0x73ebec09b4b3 r9=0x0 r10=0x73ebec0c3c70 r11=0x40 r12=0x73ebec09b4b3 r13=0xffff8c1413f3c300 r14=0x0 r15=0x73ebec0c4088 rbp=0x73ebec07836d rsp=0x7ffc39b438f0 fs0x0=0xffffffff85cbba43 fs0x12=0x7ffc39b4395500 fs0x60=0xfffffffffb78fc35 fs0x68=0x73ebec588fc0 fs0x71=0x1a44e511 fs0x81=0x73ebd1c29ef7 fs0xe1=0xf820000000000062 fs0x13d=0x206 fs0x16f=0x117b1e6001 fs0x1e8=0x7ffc39b438f0 fs0x13=0x7ffc39b43955 fs0x91=0x55effbdbf010 fs0xab=0xe5b23167ed350e87 fs0xb3=0x7ffc39b43950 fs0xcb=0x73ebece8f000 fs0x19d=0x73ebec588fc5 fs0x28=0x73ebecc12ac0 fs0x38=0x55eff7a35dc8 fs0x79=0x22 fs0x89=0x21 fs0x99=0x20 fs0xd3=0x73ebec588fc0 fs0x107=0x55effbdbf820 fs0x123=0x7ffc39b43e38 fs0x128=0x7f fs0x147=0x6 ip_w0=0x7c ip_w1=0x4dc1 ip_w2=0x2e00 ip_w3=0xcb07 ip_w4=0x44d4 ip_w5=0x79 ip_w6=0x318b ip_w7=0x79 ip_w8=0xde9f ip_w9=0x22ba ip_w10=0x7f20 ip_w11=0x13d ip_w12=0x162 ip_w13=0x0 ip_w14=0x30 ip_w15=0x0 target=0x73ebec09b4b3 target_off=0x9b4b3
[VMTAIL] site=0xa3dc4 count=67 frame=0x73ebec07836d frame_off=0x7836d vm_ip=0x73ebec367713 vm_ip_off=0x367713 vm_flags=0x5c5a4951 vm_state=0xaec59fe8 vm_byte=0x3a table=0x73ebec0c3718 table_off=0xc3718 rax=0x73ebec078377 rbx=0xffff8c146c7e87be rcx=0x5107fd rdx=0xffffffffffc000f8 rsi=0x73ebec078390 rdi=0x73ebec0c3aa8 r8=0x200 r9=0x73ebec07836d r10=0x395887d1 r11=0xffff8c1393f8d07f r12=0x800210 r13=0x73ebec0784dd r14=0x73ebec090319 r15=0x390 rbp=0x73ebec07836d rsp=0x7ffc39b438f0 fs0x0=0xfffffffffb78fc57 fs0x12=0x7ffc39b4395600 fs0x60=0xfffffffffb78fc35 fs0x68=0x73ebec588fc0 fs0x71=0x1a44e511 fs0x81=0x73ebd1c29ef7 fs0xe1=0xf820000000000062 fs0x13d=0x206 fs0x16f=0xaec59fe801 fs0x1e8=0x7ffc39b438f0 fs0x13=0x7ffc39b43956 fs0x91=0x55effbdbf010 fs0xab=0xe5b23167ed350e87 fs0xb3=0x7ffc39b43950 fs0xcb=0x73ebece8f000 fs0x19d=0x73ebec588fc6 fs0x28=0x73ebecc12ac0 fs0x38=0x55eff7a35dc8 fs0x79=0x22 fs0x89=0x21 fs0x99=0x20 fs0xd3=0x73ebec588fc0 fs0x107=0x55effbdbf820 fs0x123=0x7ffc39b43e38 fs0x128=0x7f fs0x147=0x6 ip_w0=0x9376 ip_w1=0x5628 ip_w2=0x8d4a ip_w3=0x4076 ip_w4=0x3e70 ip_w5=0x31d9 ip_w6=0xedde ip_w7=0x13d ip_w8=0xfaf5 ip_w9=0xab ip_w10=0x0 ip_w11=0x40 ip_w12=0x8000 ip_w13=0x9a ip_w14=0x38a0 ip_w15=0x1e8 target=0x73ebec090319 target_off=0x90319
[VMTAIL] site=0xb7699 count=68 frame=0x73ebec07836d frame_off=0x7836d vm_ip=0x73ebec3676e5 vm_ip_off=0x3676e5 vm_flags=0xea549f90 vm_state=0x117b1e60 vm_byte=0x3a table=0x73ebec0c3718 table_off=0xc3718 rax=0xffff8c1493c988e9 rbx=0x73ebec0c3c71 rcx=0x460 rdx=0xffff182827bd4ff3 rsi=0x73ebec078377 rdi=0x80000000 r8=0x73ebec09b4b3 r9=0x0 r10=0x73ebec0c3c70 r11=0x40 r12=0x73ebec09b4b3 r13=0xffff8c1413f3c300 r14=0x0 r15=0x73ebec0c4088 rbp=0x73ebec07836d rsp=0x7ffc39b438f0 fs0x0=0xffffffff85cbba42 fs0x12=0x7ffc39b4395600 fs0x60=0xfffffffffb78fc35 fs0x68=0x73ebec588fc0 fs0x71=0x1a44e510 fs0x81=0x73ebd1c29ef7 fs0xe1=0xf820000000000062 fs0x13d=0x206 fs0x16f=0x117b1e6001 fs0x1e8=0x7ffc39b438f0 fs0x13=0x7ffc39b43956 fs0x91=0x55effbdbf010 fs0xab=0xe5b23167ed350e87 fs0xb3=0x7ffc39b43950 fs0xcb=0x73ebece8f000 fs0x19d=0x73ebec588fc6 fs0x28=0x73ebecc12ac0 fs0x38=0x55eff7a35dc8 fs0x79=0x21 fs0x89=0x21 fs0x99=0x20 fs0xd3=0x73ebec588fc0 fs0x107=0x55effbdbf820 fs0x123=0x7ffc39b43e38 fs0x128=0x7f fs0x147=0x6 ip_w0=0x7c ip_w1=0x4dc1 ip_w2=0x2e00 ip_w3=0xcb07 ip_w4=0x44d4 ip_w5=0x79 ip_w6=0x318b ip_w7=0x79 ip_w8=0xde9f ip_w9=0x22ba ip_w10=0x7f20 ip_w11=0x13d ip_w12=0x162 ip_w13=0x0 ip_w14=0x30 ip_w15=0x0 target=0x73ebec09b4b3 target_off=0x9b4b3
[VMTAIL] site=0xa3dc4 count=69 frame=0x73ebec07836d frame_off=0x7836d vm_ip=0x73ebec367713 vm_ip_off=0x367713 vm_flags=0x5c5a4951 vm_state=0xaec59fe8 vm_byte=0x3a table=0x73ebec0c3718 table_off=0xc3718 rax=0x73ebec078377 rbx=0xffff8c146c7e87be rcx=0x5107fe rdx=0xffffffffffc000f6 rsi=0x73ebec078390 rdi=0x73ebec0c3aa8 r8=0x200 r9=0x73ebec07836d r10=0x395887d1 r11=0xffff8c1393f8d07f r12=0x800214 r13=0x73ebec0784dd r14=0x73ebec090319 r15=0x390 rbp=0x73ebec07836d rsp=0x7ffc39b438f0 fs0x0=0xfffffffffb78fc56 fs0x12=0x7ffc39b4395700 fs0x60=0xfffffffffb78fc35 fs0x68=0x73ebec588fc0 fs0x71=0x1a44e510 fs0x81=0x73ebd1c29ef7 fs0xe1=0xf820000000000062 fs0x13d=0x206 fs0x16f=0xaec59fe801 fs0x1e8=0x7ffc39b438f0 fs0x13=0x7ffc39b43957 fs0x91=0x55effbdbf010 fs0xab=0xe5b23167ed350e87 fs0xb3=0x7ffc39b43950 fs0xcb=0x73ebece8f000 fs0x19d=0x73ebec588fc7 fs0x28=0x73ebecc12ac0 fs0x38=0x55eff7a35dc8 fs0x79=0x21 fs0x89=0x21 fs0x99=0x20 fs0xd3=0x73ebec588fc0 fs0x107=0x55effbdbf820 fs0x123=0x7ffc39b43e38 fs0x128=0x7f fs0x147=0x6 ip_w0=0x9376 ip_w1=0x5628 ip_w2=0x8d4a ip_w3=0x4076 ip_w4=0x3e70 ip_w5=0x31d9 ip_w6=0xedde ip_w7=0x13d ip_w8=0xfaf5 ip_w9=0xab ip_w10=0x0 ip_w11=0x40 ip_w12=0x8000 ip_w13=0x9a ip_w14=0x38a0 ip_w15=0x1e8 target=0x73ebec090319 target_off=0x90319
[VMTAIL] site=0xb7699 count=70 frame=0x73ebec07836d frame_off=0x7836d vm_ip=0x73ebec3676e5 vm_ip_off=0x3676e5 vm_flags=0xea549f90 vm_state=0x117b1e60 vm_byte=0x3a table=0x73ebec0c3718 table_off=0xc3718 rax=0xffff8c1493c988e9 rbx=0x73ebec0c3c71 rcx=0x460 rdx=0xffff182827bd4ff3 rsi=0x73ebec078377 rdi=0x80000000 r8=0x73ebec09b4b3 r9=0x0 r10=0x73ebec0c3c70 r11=0x40 r12=0x73ebec09b4b3 r13=0xffff8c1413f3c300 r14=0x0 r15=0x73ebec0c4088 rbp=0x73ebec07836d rsp=0x7ffc39b438f0 fs0x0=0xffffffff85cbba41 fs0x12=0x7ffc39b4395700 fs0x60=0xfffffffffb78fc35 fs0x68=0x73ebec588fc0 fs0x71=0x1a44e50f fs0x81=0x73ebd1c29ef7 fs0xe1=0xf820000000000062 fs0x13d=0x202 fs0x16f=0x117b1e6001 fs0x1e8=0x7ffc39b438f0 fs0x13=0x7ffc39b43957 fs0x91=0x55effbdbf010 fs0xab=0xe5b23167ed350e87 fs0xb3=0x7ffc39b43950 fs0xcb=0x73ebece8f000 fs0x19d=0x73ebec588fc7 fs0x28=0x73ebecc12ac0 fs0x38=0x55eff7a35dc8 fs0x79=0x20 fs0x89=0x21 fs0x99=0x20 fs0xd3=0x73ebec588fc0 fs0x107=0x55effbdbf820 fs0x123=0x7ffc39b43e38 fs0x128=0x7f fs0x147=0x6 ip_w0=0x7c ip_w1=0x4dc1 ip_w2=0x2e00 ip_w3=0xcb07 ip_w4=0x44d4 ip_w5=0x79 ip_w6=0x318b ip_w7=0x79 ip_w8=0xde9f ip_w9=0x22ba ip_w10=0x7f20 ip_w11=0x13d ip_w12=0x162 ip_w13=0x0 ip_w14=0x30 ip_w15=0x0 target=0x73ebec09b4b3 target_off=0x9b4b3
[VMTAIL] site=0xa3dc4 count=71 frame=0x73ebec07836d frame_off=0x7836d vm_ip=0x73ebec367713 vm_ip_off=0x367713 vm_flags=0x5c5a4951 vm_state=0xaec59fe8 vm_byte=0x3a table=0x73ebec0c3718 table_off=0xc3718 rax=0x73ebec078377 rbx=0xffff8c146c7e87be rcx=0x5107ff rdx=0xffffffffffc000f6 rsi=0x73ebec078390 rdi=0x73ebec0c3aa8 r8=0x200 r9=0x73ebec07836d r10=0x395887d1 r11=0xffff8c1393f8d07f r12=0x800214 r13=0x73ebec0784dd r14=0x73ebec090319 r15=0x390 rbp=0x73ebec07836d rsp=0x7ffc39b438f0 fs0x0=0xfffffffffb78fc55 fs0x12=0x7ffc39b4395800 fs0x60=0xfffffffffb78fc35 fs0x68=0x73ebec588fc0 fs0x71=0x1a44e50f fs0x81=0x73ebd1c29ef7 fs0xe1=0xf820000000000062 fs0x13d=0x202 fs0x16f=0xaec59fe801 fs0x1e8=0x7ffc39b438f0 fs0x13=0x7ffc39b43958 fs0x91=0x55effbdbf010 fs0xab=0xe5b23167ed350e87 fs0xb3=0x7ffc39b43950 fs0xcb=0x73ebece8f000 fs0x19d=0x73ebec588fc8 fs0x28=0x73ebecc12ac0 fs0x38=0x55eff7a35dc8 fs0x79=0x20 fs0x89=0x21 fs0x99=0x20 fs0xd3=0x73ebec588fc0 fs0x107=0x55effbdbf820 fs0x123=0x7ffc39b43e38 fs0x128=0x7f fs0x147=0x6 ip_w0=0x9376 ip_w1=0x5628 ip_w2=0x8d4a ip_w3=0x4076 ip_w4=0x3e70 ip_w5=0x31d9 ip_w6=0xedde ip_w7=0x13d ip_w8=0xfaf5 ip_w9=0xab ip_w10=0x0 ip_w11=0x40 ip_w12=0x8000 ip_w13=0x9a ip_w14=0x38a0 ip_w15=0x1e8 target=0x73ebec090319 target_off=0x90319
[VMTAIL] site=0xb7699 count=72 frame=0x73ebec07836d frame_off=0x7836d vm_ip=0x73ebec3676e5 vm_ip_off=0x3676e5 vm_flags=0xea549f90 vm_state=0x117b1e60 vm_byte=0x3a table=0x73ebec0c3718 table_off=0xc3718 rax=0xffff8c1493c988e9 rbx=0x73ebec0c3c71 rcx=0x460 rdx=0xffff182827bd4ff3 rsi=0x73ebec078377 rdi=0x80000000 r8=0x73ebec09b4b3 r9=0x0 r10=0x73ebec0c3c70 r11=0x40 r12=0x73ebec09b4b3 r13=0xffff8c1413f3c300 r14=0x0 r15=0x73ebec0c4088 rbp=0x73ebec07836d rsp=0x7ffc39b438f0 fs0x0=0xffffffff85cbba40 fs0x12=0x7ffc39b4395800 fs0x60=0xfffffffffb78fc35 fs0x68=0x73ebec588fc0 fs0x71=0x1a44e50e fs0x81=0x73ebd1c29ef7 fs0xe1=0xf820000000000062 fs0x13d=0x212 fs0x16f=0x117b1e6001 fs0x1e8=0x7ffc39b438f0 fs0x13=0x7ffc39b43958 fs0x91=0x55effbdbf010 fs0xab=0xe5b23167ed350e87 fs0xb3=0x7ffc39b43950 fs0xcb=0x73ebece8f000 fs0x19d=0x73ebec588fc8 fs0x28=0x73ebecc12ac0 fs0x38=0x55eff7a35dc8 fs0x79=0x1f fs0x89=0x21 fs0x99=0x20 fs0xd3=0x73ebec588fc0 fs0x107=0x55effbdbf820 fs0x123=0x7ffc39b43e38 fs0x128=0x7f fs0x147=0x6 ip_w0=0x7c ip_w1=0x4dc1 ip_w2=0x2e00 ip_w3=0xcb07 ip_w4=0x44d4 ip_w5=0x79 ip_w6=0x318b ip_w7=0x79 ip_w8=0xde9f ip_w9=0x22ba ip_w10=0x7f20 ip_w11=0x13d ip_w12=0x162 ip_w13=0x0 ip_w14=0x30 ip_w15=0x0 target=0x73ebec09b4b3 target_off=0x9b4b3
[VMTAIL] site=0xa3dc4 count=73 frame=0x73ebec07836d frame_off=0x7836d vm_ip=0x73ebec367713 vm_ip_off=0x367713 vm_flags=0x5c5a4951 vm_state=0xaec59fe8 vm_byte=0x3a table=0x73ebec0c3718 table_off=0xc3718 rax=0x73ebec078377 rbx=0xffff8c146c7e87be rcx=0x5107f0 rdx=0xffffffffffc000f0 rsi=0x73ebec078390 rdi=0x73ebec0c3aa8 r8=0x200 r9=0x73ebec07836d r10=0x395887d1 r11=0xffff8c1393f8d07f r12=0x800220 r13=0x73ebec0784dd r14=0x73ebec090319 r15=0x390 rbp=0x73ebec07836d rsp=0x7ffc39b438f0 fs0x0=0xfffffffffb78fc54 fs0x12=0x7ffc39b4395900 fs0x60=0xfffffffffb78fc35 fs0x68=0x73ebec588fc0 fs0x71=0x1a44e50e fs0x81=0x73ebd1c29ef7 fs0xe1=0xf820000000000062 fs0x13d=0x202 fs0x16f=0xaec59fe801 fs0x1e8=0x7ffc39b438f0 fs0x13=0x7ffc39b43959 fs0x91=0x55effbdbf010 fs0xab=0xe5b23167ed350e87 fs0xb3=0x7ffc39b43950 fs0xcb=0x73ebece8f000 fs0x19d=0x73ebec588fc9 fs0x28=0x73ebecc12ac0 fs0x38=0x55eff7a35dc8 fs0x79=0x1f fs0x89=0x21 fs0x99=0x20 fs0xd3=0x73ebec588fc0 fs0x107=0x55effbdbf820 fs0x123=0x7ffc39b43e38 fs0x128=0x7f fs0x147=0x6 ip_w0=0x9376 ip_w1=0x5628 ip_w2=0x8d4a ip_w3=0x4076 ip_w4=0x3e70 ip_w5=0x31d9 ip_w6=0xedde ip_w7=0x13d ip_w8=0xfaf5 ip_w9=0xab ip_w10=0x0 ip_w11=0x40 ip_w12=0x8000 ip_w13=0x9a ip_w14=0x38a0 ip_w15=0x1e8 target=0x73ebec090319 target_off=0x90319
[VMTAIL] site=0xb7699 count=74 frame=0x73ebec07836d frame_off=0x7836d vm_ip=0x73ebec3676e5 vm_ip_off=0x3676e5 vm_flags=0xea549f90 vm_state=0x117b1e60 vm_byte=0x3a table=0x73ebec0c3718 table_off=0xc3718 rax=0xffff8c1493c988e9 rbx=0x73ebec0c3c71 rcx=0x460 rdx=0xffff182827bd4ff3 rsi=0x73ebec078377 rdi=0x80000000 r8=0x73ebec09b4b3 r9=0x0 r10=0x73ebec0c3c70 r11=0x40 r12=0x73ebec09b4b3 r13=0xffff8c1413f3c300 r14=0x0 r15=0x73ebec0c4088 rbp=0x73ebec07836d rsp=0x7ffc39b438f0 fs0x0=0xffffffff85cbba3f fs0x12=0x7ffc39b4395900 fs0x60=0xfffffffffb78fc35 fs0x68=0x73ebec588fc0 fs0x71=0x1a44e50d fs0x81=0x73ebd1c29ef7 fs0xe1=0xf820000000000062 fs0x13d=0x206 fs0x16f=0x117b1e6001 fs0x1e8=0x7ffc39b438f0 fs0x13=0x7ffc39b43959 fs0x91=0x55effbdbf010 fs0xab=0xe5b23167ed350e87 fs0xb3=0x7ffc39b43950 fs0xcb=0x73ebece8f000 fs0x19d=0x73ebec588fc9 fs0x28=0x73ebecc12ac0 fs0x38=0x55eff7a35dc8 fs0x79=0x1e fs0x89=0x21 fs0x99=0x20 fs0xd3=0x73ebec588fc0 fs0x107=0x55effbdbf820 fs0x123=0x7ffc39b43e38 fs0x128=0x7f fs0x147=0x6 ip_w0=0x7c ip_w1=0x4dc1 ip_w2=0x2e00 ip_w3=0xcb07 ip_w4=0x44d4 ip_w5=0x79 ip_w6=0x318b ip_w7=0x79 ip_w8=0xde9f ip_w9=0x22ba ip_w10=0x7f20 ip_w11=0x13d ip_w12=0x162 ip_w13=0x0 ip_w14=0x30 ip_w15=0x0 target=0x73ebec09b4b3 target_off=0x9b4b3
[VMTAIL] site=0xa3dc4 count=75 frame=0x73ebec07836d frame_off=0x7836d vm_ip=0x73ebec367713 vm_ip_off=0x367713 vm_flags=0x5c5a4951 vm_state=0xaec59fe8 vm_byte=0x3a table=0x73ebec0c3718 table_off=0xc3718 rax=0x73ebec078377 rbx=0xffff8c146c7e87be rcx=0x5107f1 rdx=0xffffffffffc000f0 rsi=0x73ebec078390 rdi=0x73ebec0c3aa8 r8=0x200 r9=0x73ebec07836d r10=0x395887d1 r11=0xffff8c1393f8d07f r12=0x800220 r13=0x73ebec0784dd r14=0x73ebec090319 r15=0x390 rbp=0x73ebec07836d rsp=0x7ffc39b438f0 fs0x0=0xfffffffffb78fc53 fs0x12=0x7ffc39b4395a00 fs0x60=0xfffffffffb78fc35 fs0x68=0x73ebec588fc0 fs0x71=0x1a44e50d fs0x81=0x73ebd1c29ef7 fs0xe1=0xf820000000000062 fs0x13d=0x206 fs0x16f=0xaec59fe801 fs0x1e8=0x7ffc39b438f0 fs0x13=0x7ffc39b4395a fs0x91=0x55effbdbf010 fs0xab=0xe5b23167ed350e87 fs0xb3=0x7ffc39b43950 fs0xcb=0x73ebece8f000 fs0x19d=0x73ebec588fca fs0x28=0x73ebecc12ac0 fs0x38=0x55eff7a35dc8 fs0x79=0x1e fs0x89=0x21 fs0x99=0x20 fs0xd3=0x73ebec588fc0 fs0x107=0x55effbdbf820 fs0x123=0x7ffc39b43e38 fs0x128=0x7f fs0x147=0x6 ip_w0=0x9376 ip_w1=0x5628 ip_w2=0x8d4a ip_w3=0x4076 ip_w4=0x3e70 ip_w5=0x31d9 ip_w6=0xedde ip_w7=0x13d ip_w8=0xfaf5 ip_w9=0xab ip_w10=0x0 ip_w11=0x40 ip_w12=0x8000 ip_w13=0x9a ip_w14=0x38a0 ip_w15=0x1e8 target=0x73ebec090319 target_off=0x90319
[VMTAIL] site=0xb7699 count=76 frame=0x73ebec07836d frame_off=0x7836d vm_ip=0x73ebec3676e5 vm_ip_off=0x3676e5 vm_flags=0xea549f90 vm_state=0x117b1e60 vm_byte=0x3a table=0x73ebec0c3718 table_off=0xc3718 rax=0xffff8c1493c988e9 rbx=0x73ebec0c3c71 rcx=0x460 rdx=0xffff182827bd4ff3 rsi=0x73ebec078377 rdi=0x80000000 r8=0x73ebec09b4b3 r9=0x0 r10=0x73ebec0c3c70 r11=0x40 r12=0x73ebec09b4b3 r13=0xffff8c1413f3c300 r14=0x0 r15=0x73ebec0c4088 rbp=0x73ebec07836d rsp=0x7ffc39b438f0 fs0x0=0xffffffff85cbba3e fs0x12=0x7ffc39b4395a00 fs0x60=0xfffffffffb78fc35 fs0x68=0x73ebec588fc0 fs0x71=0x1a44e50c fs0x81=0x73ebd1c29ef7 fs0xe1=0xf820000000000062 fs0x13d=0x206 fs0x16f=0x117b1e6001 fs0x1e8=0x7ffc39b438f0 fs0x13=0x7ffc39b4395a fs0x91=0x55effbdbf010 fs0xab=0xe5b23167ed350e87 fs0xb3=0x7ffc39b43950 fs0xcb=0x73ebece8f000 fs0x19d=0x73ebec588fca fs0x28=0x73ebecc12ac0 fs0x38=0x55eff7a35dc8 fs0x79=0x1d fs0x89=0x21 fs0x99=0x20 fs0xd3=0x73ebec588fc0 fs0x107=0x55effbdbf820 fs0x123=0x7ffc39b43e38 fs0x128=0x7f fs0x147=0x6 ip_w0=0x7c ip_w1=0x4dc1 ip_w2=0x2e00 ip_w3=0xcb07 ip_w4=0x44d4 ip_w5=0x79 ip_w6=0x318b ip_w7=0x79 ip_w8=0xde9f ip_w9=0x22ba ip_w10=0x7f20 ip_w11=0x13d ip_w12=0x162 ip_w13=0x0 ip_w14=0x30 ip_w15=0x0 target=0x73ebec09b4b3 target_off=0x9b4b3
[VMTAIL] site=0xa3dc4 count=77 frame=0x73ebec07836d frame_off=0x7836d vm_ip=0x73ebec367713 vm_ip_off=0x367713 vm_flags=0x5c5a4951 vm_state=0xaec59fe8 vm_byte=0x3a table=0x73ebec0c3718 table_off=0xc3718 rax=0x73ebec078377 rbx=0xffff8c146c7e87be rcx=0x5107f2 rdx=0xffffffffffc000ee rsi=0x73ebec078390 rdi=0x73ebec0c3aa8 r8=0x200 r9=0x73ebec07836d r10=0x395887d1 r11=0xffff8c1393f8d07f r12=0x800224 r13=0x73ebec0784dd r14=0x73ebec090319 r15=0x390 rbp=0x73ebec07836d rsp=0x7ffc39b438f0 fs0x0=0xfffffffffb78fc52 fs0x12=0x7ffc39b4395b00 fs0x60=0xfffffffffb78fc35 fs0x68=0x73ebec588fc0 fs0x71=0x1a44e50c fs0x81=0x73ebd1c29ef7 fs0xe1=0xf820000000000062 fs0x13d=0x206 fs0x16f=0xaec59fe801 fs0x1e8=0x7ffc39b438f0 fs0x13=0x7ffc39b4395b fs0x91=0x55effbdbf010 fs0xab=0xe5b23167ed350e87 fs0xb3=0x7ffc39b43950 fs0xcb=0x73ebece8f000 fs0x19d=0x73ebec588fcb fs0x28=0x73ebecc12ac0 fs0x38=0x55eff7a35dc8 fs0x79=0x1d fs0x89=0x21 fs0x99=0x20 fs0xd3=0x73ebec588fc0 fs0x107=0x55effbdbf820 fs0x123=0x7ffc39b43e38 fs0x128=0x7f fs0x147=0x6 ip_w0=0x9376 ip_w1=0x5628 ip_w2=0x8d4a ip_w3=0x4076 ip_w4=0x3e70 ip_w5=0x31d9 ip_w6=0xedde ip_w7=0x13d ip_w8=0xfaf5 ip_w9=0xab ip_w10=0x0 ip_w11=0x40 ip_w12=0x8000 ip_w13=0x9a ip_w14=0x38a0 ip_w15=0x1e8 target=0x73ebec090319 target_off=0x90319
[VMTAIL] site=0xb7699 count=78 frame=0x73ebec07836d frame_off=0x7836d vm_ip=0x73ebec3676e5 vm_ip_off=0x3676e5 vm_flags=0xea549f90 vm_state=0x117b1e60 vm_byte=0x3a table=0x73ebec0c3718 table_off=0xc3718 rax=0xffff8c1493c988e9 rbx=0x73ebec0c3c71 rcx=0x460 rdx=0xffff182827bd4ff3 rsi=0x73ebec078377 rdi=0x80000000 r8=0x73ebec09b4b3 r9=0x0 r10=0x73ebec0c3c70 r11=0x40 r12=0x73ebec09b4b3 r13=0xffff8c1413f3c300 r14=0x0 r15=0x73ebec0c4088 rbp=0x73ebec07836d rsp=0x7ffc39b438f0 fs0x0=0xffffffff85cbba3d fs0x12=0x7ffc39b4395b00 fs0x60=0xfffffffffb78fc35 fs0x68=0x73ebec588fc0 fs0x71=0x1a44e50b fs0x81=0x73ebd1c29ef7 fs0xe1=0xf820000000000062 fs0x13d=0x202 fs0x16f=0x117b1e6001 fs0x1e8=0x7ffc39b438f0 fs0x13=0x7ffc39b4395b fs0x91=0x55effbdbf010 fs0xab=0xe5b23167ed350e87 fs0xb3=0x7ffc39b43950 fs0xcb=0x73ebece8f000 fs0x19d=0x73ebec588fcb fs0x28=0x73ebecc12ac0 fs0x38=0x55eff7a35dc8 fs0x79=0x1c fs0x89=0x21 fs0x99=0x20 fs0xd3=0x73ebec588fc0 fs0x107=0x55effbdbf820 fs0x123=0x7ffc39b43e38 fs0x128=0x7f fs0x147=0x6 ip_w0=0x7c ip_w1=0x4dc1 ip_w2=0x2e00 ip_w3=0xcb07 ip_w4=0x44d4 ip_w5=0x79 ip_w6=0x318b ip_w7=0x79 ip_w8=0xde9f ip_w9=0x22ba ip_w10=0x7f20 ip_w11=0x13d ip_w12=0x162 ip_w13=0x0 ip_w14=0x30 ip_w15=0x0 target=0x73ebec09b4b3 target_off=0x9b4b3
[VMTAIL] site=0xa3dc4 count=79 frame=0x73ebec07836d frame_off=0x7836d vm_ip=0x73ebec367713 vm_ip_off=0x367713 vm_flags=0x5c5a4951 vm_state=0xaec59fe8 vm_byte=0x3a table=0x73ebec0c3718 table_off=0xc3718 rax=0x73ebec078377 rbx=0xffff8c146c7e87be rcx=0x5107f3 rdx=0xffffffffffc000ee rsi=0x73ebec078390 rdi=0x73ebec0c3aa8 r8=0x200 r9=0x73ebec07836d r10=0x395887d1 r11=0xffff8c1393f8d07f r12=0x800224 r13=0x73ebec0784dd r14=0x73ebec090319 r15=0x390 rbp=0x73ebec07836d rsp=0x7ffc39b438f0 fs0x0=0xfffffffffb78fc51 fs0x12=0x7ffc39b4395c00 fs0x60=0xfffffffffb78fc35 fs0x68=0x73ebec588fc0 fs0x71=0x1a44e50b fs0x81=0x73ebd1c29ef7 fs0xe1=0xf820000000000062 fs0x13d=0x202 fs0x16f=0xaec59fe801 fs0x1e8=0x7ffc39b438f0 fs0x13=0x7ffc39b4395c fs0x91=0x55effbdbf010 fs0xab=0xe5b23167ed350e87 fs0xb3=0x7ffc39b43950 fs0xcb=0x73ebece8f000 fs0x19d=0x73ebec588fcc fs0x28=0x73ebecc12ac0 fs0x38=0x55eff7a35dc8 fs0x79=0x1c fs0x89=0x21 fs0x99=0x20 fs0xd3=0x73ebec588fc0 fs0x107=0x55effbdbf820 fs0x123=0x7ffc39b43e38 fs0x128=0x7f fs0x147=0x6 ip_w0=0x9376 ip_w1=0x5628 ip_w2=0x8d4a ip_w3=0x4076 ip_w4=0x3e70 ip_w5=0x31d9 ip_w6=0xedde ip_w7=0x13d ip_w8=0xfaf5 ip_w9=0xab ip_w10=0x0 ip_w11=0x40 ip_w12=0x8000 ip_w13=0x9a ip_w14=0x38a0 ip_w15=0x1e8 target=0x73ebec090319 target_off=0x90319
[VMTAIL] site=0xb7699 count=80 frame=0x73ebec07836d frame_off=0x7836d vm_ip=0x73ebec3676e5 vm_ip_off=0x3676e5 vm_flags=0xea549f90 vm_state=0x117b1e60 vm_byte=0x3a table=0x73ebec0c3718 table_off=0xc3718 rax=0xffff8c1493c988e9 rbx=0x73ebec0c3c71 rcx=0x460 rdx=0xffff182827bd4ff3 rsi=0x73ebec078377 rdi=0x80000000 r8=0x73ebec09b4b3 r9=0x0 r10=0x73ebec0c3c70 r11=0x40 r12=0x73ebec09b4b3 r13=0xffff8c1413f3c300 r14=0x0 r15=0x73ebec0c4088 rbp=0x73ebec07836d rsp=0x7ffc39b438f0 fs0x0=0xffffffff85cbba3c fs0x12=0x7ffc39b4395c00 fs0x60=0xfffffffffb78fc35 fs0x68=0x73ebec588fc0 fs0x71=0x1a44e50a fs0x81=0x73ebd1c29ef7 fs0xe1=0xf820000000000062 fs0x13d=0x206 fs0x16f=0x117b1e6001 fs0x1e8=0x7ffc39b438f0 fs0x13=0x7ffc39b4395c fs0x91=0x55effbdbf010 fs0xab=0xe5b23167ed350e87 fs0xb3=0x7ffc39b43950 fs0xcb=0x73ebece8f000 fs0x19d=0x73ebec588fcc fs0x28=0x73ebecc12ac0 fs0x38=0x55eff7a35dc8 fs0x79=0x1b fs0x89=0x21 fs0x99=0x20 fs0xd3=0x73ebec588fc0 fs0x107=0x55effbdbf820 fs0x123=0x7ffc39b43e38 fs0x128=0x7f fs0x147=0x6 ip_w0=0x7c ip_w1=0x4dc1 ip_w2=0x2e00 ip_w3=0xcb07 ip_w4=0x44d4 ip_w5=0x79 ip_w6=0x318b ip_w7=0x79 ip_w8=0xde9f ip_w9=0x22ba ip_w10=0x7f20 ip_w11=0x13d ip_w12=0x162 ip_w13=0x0 ip_w14=0x30 ip_w15=0x0 target=0x73ebec09b4b3 target_off=0x9b4b3
[VMTAIL] site=0xa3dc4 count=81 frame=0x73ebec07836d frame_off=0x7836d vm_ip=0x73ebec367713 vm_ip_off=0x367713 vm_flags=0x5c5a4951 vm_state=0xaec59fe8 vm_byte=0x3a table=0x73ebec0c3718 table_off=0xc3718 rax=0x73ebec078377 rbx=0xffff8c146c7e87be rcx=0x5107f4 rdx=0xffffffffffc000f0 rsi=0x73ebec078390 rdi=0x73ebec0c3aa8 r8=0x200 r9=0x73ebec07836d r10=0x395887d1 r11=0xffff8c1393f8d07f r12=0x800220 r13=0x73ebec0784dd r14=0x73ebec090319 r15=0x390 rbp=0x73ebec07836d rsp=0x7ffc39b438f0 fs0x0=0xfffffffffb78fc50 fs0x12=0x7ffc39b4395d00 fs0x60=0xfffffffffb78fc35 fs0x68=0x73ebec588fc0 fs0x71=0x1a44e50a fs0x81=0x73ebd1c29ef7 fs0xe1=0xf820000000000062 fs0x13d=0x206 fs0x16f=0xaec59fe801 fs0x1e8=0x7ffc39b438f0 fs0x13=0x7ffc39b4395d fs0x91=0x55effbdbf010 fs0xab=0xe5b23167ed350e87 fs0xb3=0x7ffc39b43950 fs0xcb=0x73ebece8f000 fs0x19d=0x73ebec588fcd fs0x28=0x73ebecc12ac0 fs0x38=0x55eff7a35dc8 fs0x79=0x1b fs0x89=0x21 fs0x99=0x20 fs0xd3=0x73ebec588fc0 fs0x107=0x55effbdbf820 fs0x123=0x7ffc39b43e38 fs0x128=0x7f fs0x147=0x6 ip_w0=0x9376 ip_w1=0x5628 ip_w2=0x8d4a ip_w3=0x4076 ip_w4=0x3e70 ip_w5=0x31d9 ip_w6=0xedde ip_w7=0x13d ip_w8=0xfaf5 ip_w9=0xab ip_w10=0x0 ip_w11=0x40 ip_w12=0x8000 ip_w13=0x9a ip_w14=0x38a0 ip_w15=0x1e8 target=0x73ebec090319 target_off=0x90319
[VMTAIL] site=0xb7699 count=82 frame=0x73ebec07836d frame_off=0x7836d vm_ip=0x73ebec3676e5 vm_ip_off=0x3676e5 vm_flags=0xea549f90 vm_state=0x117b1e60 vm_byte=0x3a table=0x73ebec0c3718 table_off=0xc3718 rax=0xffff8c1493c988e9 rbx=0x73ebec0c3c71 rcx=0x460 rdx=0xffff182827bd4ff3 rsi=0x73ebec078377 rdi=0x80000000 r8=0x73ebec09b4b3 r9=0x0 r10=0x73ebec0c3c70 r11=0x40 r12=0x73ebec09b4b3 r13=0xffff8c1413f3c300 r14=0x0 r15=0x73ebec0c4088 rbp=0x73ebec07836d rsp=0x7ffc39b438f0 fs0x0=0xffffffff85cbba3b fs0x12=0x7ffc39b4395d00 fs0x60=0xfffffffffb78fc35 fs0x68=0x73ebec588fc0 fs0x71=0x1a44e509 fs0x81=0x73ebd1c29ef7 fs0xe1=0xf820000000000062 fs0x13d=0x202 fs0x16f=0x117b1e6001 fs0x1e8=0x7ffc39b438f0 fs0x13=0x7ffc39b4395d fs0x91=0x55effbdbf010 fs0xab=0xe5b23167ed350e87 fs0xb3=0x7ffc39b43950 fs0xcb=0x73ebece8f000 fs0x19d=0x73ebec588fcd fs0x28=0x73ebecc12ac0 fs0x38=0x55eff7a35dc8 fs0x79=0x1a fs0x89=0x21 fs0x99=0x20 fs0xd3=0x73ebec588fc0 fs0x107=0x55effbdbf820 fs0x123=0x7ffc39b43e38 fs0x128=0x7f fs0x147=0x6 ip_w0=0x7c ip_w1=0x4dc1 ip_w2=0x2e00 ip_w3=0xcb07 ip_w4=0x44d4 ip_w5=0x79 ip_w6=0x318b ip_w7=0x79 ip_w8=0xde9f ip_w9=0x22ba ip_w10=0x7f20 ip_w11=0x13d ip_w12=0x162 ip_w13=0x0 ip_w14=0x30 ip_w15=0x0 target=0x73ebec09b4b3 target_off=0x9b4b3
[VMTAIL] site=0xa3dc4 count=83 frame=0x73ebec07836d frame_off=0x7836d vm_ip=0x73ebec367713 vm_ip_off=0x367713 vm_flags=0x5c5a4951 vm_state=0xaec59fe8 vm_byte=0x3a table=0x73ebec0c3718 table_off=0xc3718 rax=0x73ebec078377 rbx=0xffff8c146c7e87be rcx=0x5107f5 rdx=0xffffffffffc000f0 rsi=0x73ebec078390 rdi=0x73ebec0c3aa8 r8=0x200 r9=0x73ebec07836d r10=0x395887d1 r11=0xffff8c1393f8d07f r12=0x800220 r13=0x73ebec0784dd r14=0x73ebec090319 r15=0x390 rbp=0x73ebec07836d rsp=0x7ffc39b438f0 fs0x0=0xfffffffffb78fc4f fs0x12=0x7ffc39b4395e00 fs0x60=0xfffffffffb78fc35 fs0x68=0x73ebec588fc0 fs0x71=0x1a44e509 fs0x81=0x73ebd1c29ef7 fs0xe1=0xf820000000000062 fs0x13d=0x202 fs0x16f=0xaec59fe801 fs0x1e8=0x7ffc39b438f0 fs0x13=0x7ffc39b4395e fs0x91=0x55effbdbf010 fs0xab=0xe5b23167ed350e87 fs0xb3=0x7ffc39b43950 fs0xcb=0x73ebece8f000 fs0x19d=0x73ebec588fce fs0x28=0x73ebecc12ac0 fs0x38=0x55eff7a35dc8 fs0x79=0x1a fs0x89=0x21 fs0x99=0x20 fs0xd3=0x73ebec588fc0 fs0x107=0x55effbdbf820 fs0x123=0x7ffc39b43e38 fs0x128=0x7f fs0x147=0x6 ip_w0=0x9376 ip_w1=0x5628 ip_w2=0x8d4a ip_w3=0x4076 ip_w4=0x3e70 ip_w5=0x31d9 ip_w6=0xedde ip_w7=0x13d ip_w8=0xfaf5 ip_w9=0xab ip_w10=0x0 ip_w11=0x40 ip_w12=0x8000 ip_w13=0x9a ip_w14=0x38a0 ip_w15=0x1e8 target=0x73ebec090319 target_off=0x90319
[VMTAIL] site=0xb7699 count=84 frame=0x73ebec07836d frame_off=0x7836d vm_ip=0x73ebec3676e5 vm_ip_off=0x3676e5 vm_flags=0xea549f90 vm_state=0x117b1e60 vm_byte=0x3a table=0x73ebec0c3718 table_off=0xc3718 rax=0xffff8c1493c988e9 rbx=0x73ebec0c3c71 rcx=0x460 rdx=0xffff182827bd4ff3 rsi=0x73ebec078377 rdi=0x80000000 r8=0x73ebec09b4b3 r9=0x0 r10=0x73ebec0c3c70 r11=0x40 r12=0x73ebec09b4b3 r13=0xffff8c1413f3c300 r14=0x0 r15=0x73ebec0c4088 rbp=0x73ebec07836d rsp=0x7ffc39b438f0 fs0x0=0xffffffff85cbba3a fs0x12=0x7ffc39b4395e00 fs0x60=0xfffffffffb78fc35 fs0x68=0x73ebec588fc0 fs0x71=0x1a44e508 fs0x81=0x73ebd1c29ef7 fs0xe1=0xf820000000000062 fs0x13d=0x202 fs0x16f=0x117b1e6001 fs0x1e8=0x7ffc39b438f0 fs0x13=0x7ffc39b4395e fs0x91=0x55effbdbf010 fs0xab=0xe5b23167ed350e87 fs0xb3=0x7ffc39b43950 fs0xcb=0x73ebece8f000 fs0x19d=0x73ebec588fce fs0x28=0x73ebecc12ac0 fs0x38=0x55eff7a35dc8 fs0x79=0x19 fs0x89=0x21 fs0x99=0x20 fs0xd3=0x73ebec588fc0 fs0x107=0x55effbdbf820 fs0x123=0x7ffc39b43e38 fs0x128=0x7f fs0x147=0x6 ip_w0=0x7c ip_w1=0x4dc1 ip_w2=0x2e00 ip_w3=0xcb07 ip_w4=0x44d4 ip_w5=0x79 ip_w6=0x318b ip_w7=0x79 ip_w8=0xde9f ip_w9=0x22ba ip_w10=0x7f20 ip_w11=0x13d ip_w12=0x162 ip_w13=0x0 ip_w14=0x30 ip_w15=0x0 target=0x73ebec09b4b3 target_off=0x9b4b3
[VMTAIL] site=0xa3dc4 count=85 frame=0x73ebec07836d frame_off=0x7836d vm_ip=0x73ebec367713 vm_ip_off=0x367713 vm_flags=0x5c5a4951 vm_state=0xaec59fe8 vm_byte=0x3a table=0x73ebec0c3718 table_off=0xc3718 rax=0x73ebec078377 rbx=0xffff8c146c7e87be rcx=0x5107f6 rdx=0xffffffffffc000ee rsi=0x73ebec078390 rdi=0x73ebec0c3aa8 r8=0x200 r9=0x73ebec07836d r10=0x395887d1 r11=0xffff8c1393f8d07f r12=0x800224 r13=0x73ebec0784dd r14=0x73ebec090319 r15=0x390 rbp=0x73ebec07836d rsp=0x7ffc39b438f0 fs0x0=0xfffffffffb78fc4e fs0x12=0x7ffc39b4395f00 fs0x60=0xfffffffffb78fc35 fs0x68=0x73ebec588fc0 fs0x71=0x1a44e508 fs0x81=0x73ebd1c29ef7 fs0xe1=0xf820000000000062 fs0x13d=0x202 fs0x16f=0xaec59fe801 fs0x1e8=0x7ffc39b438f0 fs0x13=0x7ffc39b4395f fs0x91=0x55effbdbf010 fs0xab=0xe5b23167ed350e87 fs0xb3=0x7ffc39b43950 fs0xcb=0x73ebece8f000 fs0x19d=0x73ebec588fcf fs0x28=0x73ebecc12ac0 fs0x38=0x55eff7a35dc8 fs0x79=0x19 fs0x89=0x21 fs0x99=0x20 fs0xd3=0x73ebec588fc0 fs0x107=0x55effbdbf820 fs0x123=0x7ffc39b43e38 fs0x128=0x7f fs0x147=0x6 ip_w0=0x9376 ip_w1=0x5628 ip_w2=0x8d4a ip_w3=0x4076 ip_w4=0x3e70 ip_w5=0x31d9 ip_w6=0xedde ip_w7=0x13d ip_w8=0xfaf5 ip_w9=0xab ip_w10=0x0 ip_w11=0x40 ip_w12=0x8000 ip_w13=0x9a ip_w14=0x38a0 ip_w15=0x1e8 target=0x73ebec090319 target_off=0x90319
[VMTAIL] site=0xb7699 count=86 frame=0x73ebec07836d frame_off=0x7836d vm_ip=0x73ebec3676e5 vm_ip_off=0x3676e5 vm_flags=0xea549f90 vm_state=0x117b1e60 vm_byte=0x3a table=0x73ebec0c3718 table_off=0xc3718 rax=0xffff8c1493c988e9 rbx=0x73ebec0c3c71 rcx=0x460 rdx=0xffff182827bd4ff3 rsi=0x73ebec078377 rdi=0x80000000 r8=0x73ebec09b4b3 r9=0x0 r10=0x73ebec0c3c70 r11=0x40 r12=0x73ebec09b4b3 r13=0xffff8c1413f3c300 r14=0x0 r15=0x73ebec0c4088 rbp=0x73ebec07836d rsp=0x7ffc39b438f0 fs0x0=0xffffffff85cbba39 fs0x12=0x7ffc39b4395f00 fs0x60=0xfffffffffb78fc35 fs0x68=0x73ebec588fc0 fs0x71=0x1a44e507 fs0x81=0x73ebd1c29ef7 fs0xe1=0xf820000000000062 fs0x13d=0x206 fs0x16f=0x117b1e6001 fs0x1e8=0x7ffc39b438f0 fs0x13=0x7ffc39b4395f fs0x91=0x55effbdbf010 fs0xab=0xe5b23167ed350e87 fs0xb3=0x7ffc39b43950 fs0xcb=0x73ebece8f000 fs0x19d=0x73ebec588fcf fs0x28=0x73ebecc12ac0 fs0x38=0x55eff7a35dc8 fs0x79=0x18 fs0x89=0x21 fs0x99=0x20 fs0xd3=0x73ebec588fc0 fs0x107=0x55effbdbf820 fs0x123=0x7ffc39b43e38 fs0x128=0x7f fs0x147=0x6 ip_w0=0x7c ip_w1=0x4dc1 ip_w2=0x2e00 ip_w3=0xcb07 ip_w4=0x44d4 ip_w5=0x79 ip_w6=0x318b ip_w7=0x79 ip_w8=0xde9f ip_w9=0x22ba ip_w10=0x7f20 ip_w11=0x13d ip_w12=0x162 ip_w13=0x0 ip_w14=0x30 ip_w15=0x0 target=0x73ebec09b4b3 target_off=0x9b4b3
[VMTAIL] site=0xa3dc4 count=87 frame=0x73ebec07836d frame_off=0x7836d vm_ip=0x73ebec367713 vm_ip_off=0x367713 vm_flags=0x5c5a4951 vm_state=0xaec59fe8 vm_byte=0x3a table=0x73ebec0c3718 table_off=0xc3718 rax=0x73ebec078377 rbx=0xffff8c146c7e87be rcx=0x5107f7 rdx=0xffffffffffc000ee rsi=0x73ebec078390 rdi=0x73ebec0c3aa8 r8=0x200 r9=0x73ebec07836d r10=0x395887d1 r11=0xffff8c1393f8d07f r12=0x800224 r13=0x73ebec0784dd r14=0x73ebec090319 r15=0x390 rbp=0x73ebec07836d rsp=0x7ffc39b438f0 fs0x0=0xfffffffffb78fc4d fs0x12=0x7ffc39b4396000 fs0x60=0xfffffffffb78fc35 fs0x68=0x73ebec588fc0 fs0x71=0x1a44e507 fs0x81=0x73ebd1c29ef7 fs0xe1=0xf820000000000062 fs0x13d=0x206 fs0x16f=0xaec59fe801 fs0x1e8=0x7ffc39b438f0 fs0x13=0x7ffc39b43960 fs0x91=0x55effbdbf010 fs0xab=0xe5b23167ed350e87 fs0xb3=0x7ffc39b43950 fs0xcb=0x73ebece8f000 fs0x19d=0x73ebec588fd0 fs0x28=0x73ebecc12ac0 fs0x38=0x55eff7a35dc8 fs0x79=0x18 fs0x89=0x21 fs0x99=0x20 fs0xd3=0x73ebec588fc0 fs0x107=0x55effbdbf820 fs0x123=0x7ffc39b43e38 fs0x128=0x7f fs0x147=0x6 ip_w0=0x9376 ip_w1=0x5628 ip_w2=0x8d4a ip_w3=0x4076 ip_w4=0x3e70 ip_w5=0x31d9 ip_w6=0xedde ip_w7=0x13d ip_w8=0xfaf5 ip_w9=0xab ip_w10=0x0 ip_w11=0x40 ip_w12=0x8000 ip_w13=0x9a ip_w14=0x38a0 ip_w15=0x1e8 target=0x73ebec090319 target_off=0x90319
[VMTAIL] site=0xb7699 count=88 frame=0x73ebec07836d frame_off=0x7836d vm_ip=0x73ebec3676e5 vm_ip_off=0x3676e5 vm_flags=0xea549f90 vm_state=0x117b1e60 vm_byte=0x3a table=0x73ebec0c3718 table_off=0xc3718 rax=0xffff8c1493c988e9 rbx=0x73ebec0c3c71 rcx=0x460 rdx=0xffff182827bd4ff3 rsi=0x73ebec078377 rdi=0x80000000 r8=0x73ebec09b4b3 r9=0x0 r10=0x73ebec0c3c70 r11=0x40 r12=0x73ebec09b4b3 r13=0xffff8c1413f3c300 r14=0x0 r15=0x73ebec0c4088 rbp=0x73ebec07836d rsp=0x7ffc39b438f0 fs0x0=0xffffffff85cbba38 fs0x12=0x7ffc39b4396000 fs0x60=0xfffffffffb78fc35 fs0x68=0x73ebec588fc0 fs0x71=0x1a44e506 fs0x81=0x73ebd1c29ef7 fs0xe1=0xf820000000000062 fs0x13d=0x206 fs0x16f=0x117b1e6001 fs0x1e8=0x7ffc39b438f0 fs0x13=0x7ffc39b43960 fs0x91=0x55effbdbf010 fs0xab=0xe5b23167ed350e87 fs0xb3=0x7ffc39b43950 fs0xcb=0x73ebece8f000 fs0x19d=0x73ebec588fd0 fs0x28=0x73ebecc12ac0 fs0x38=0x55eff7a35dc8 fs0x79=0x17 fs0x89=0x21 fs0x99=0x20 fs0xd3=0x73ebec588fc0 fs0x107=0x55effbdbf820 fs0x123=0x7ffc39b43e38 fs0x128=0x7f fs0x147=0x6 ip_w0=0x7c ip_w1=0x4dc1 ip_w2=0x2e00 ip_w3=0xcb07 ip_w4=0x44d4 ip_w5=0x79 ip_w6=0x318b ip_w7=0x79 ip_w8=0xde9f ip_w9=0x22ba ip_w10=0x7f20 ip_w11=0x13d ip_w12=0x162 ip_w13=0x0 ip_w14=0x30 ip_w15=0x0 target=0x73ebec09b4b3 target_off=0x9b4b3
[VMTAIL] site=0xa3dc4 count=89 frame=0x73ebec07836d frame_off=0x7836d vm_ip=0x73ebec367713 vm_ip_off=0x367713 vm_flags=0x5c5a4951 vm_state=0xaec59fe8 vm_byte=0x3a table=0x73ebec0c3718 table_off=0xc3718 rax=0x73ebec078377 rbx=0xffff8c146c7e87be rcx=0x5107f8 rdx=0xffffffffffc000e8 rsi=0x73ebec078390 rdi=0x73ebec0c3aa8 r8=0x200 r9=0x73ebec07836d r10=0x395887d1 r11=0xffff8c1393f8d07f r12=0x800230 r13=0x73ebec0784dd r14=0x73ebec090319 r15=0x390 rbp=0x73ebec07836d rsp=0x7ffc39b438f0 fs0x0=0xfffffffffb78fc4c fs0x12=0x7ffc39b4396100 fs0x60=0xfffffffffb78fc35 fs0x68=0x73ebec588fc0 fs0x71=0x1a44e506 fs0x81=0x73ebd1c29ef7 fs0xe1=0xf820000000000062 fs0x13d=0x206 fs0x16f=0xaec59fe801 fs0x1e8=0x7ffc39b438f0 fs0x13=0x7ffc39b43961 fs0x91=0x55effbdbf010 fs0xab=0xe5b23167ed350e87 fs0xb3=0x7ffc39b43950 fs0xcb=0x73ebece8f000 fs0x19d=0x73ebec588fd1 fs0x28=0x73ebecc12ac0 fs0x38=0x55eff7a35dc8 fs0x79=0x17 fs0x89=0x21 fs0x99=0x20 fs0xd3=0x73ebec588fc0 fs0x107=0x55effbdbf820 fs0x123=0x7ffc39b43e38 fs0x128=0x7f fs0x147=0x6 ip_w0=0x9376 ip_w1=0x5628 ip_w2=0x8d4a ip_w3=0x4076 ip_w4=0x3e70 ip_w5=0x31d9 ip_w6=0xedde ip_w7=0x13d ip_w8=0xfaf5 ip_w9=0xab ip_w10=0x0 ip_w11=0x40 ip_w12=0x8000 ip_w13=0x9a ip_w14=0x38a0 ip_w15=0x1e8 target=0x73ebec090319 target_off=0x90319
[VMTAIL] site=0xb7699 count=90 frame=0x73ebec07836d frame_off=0x7836d vm_ip=0x73ebec3676e5 vm_ip_off=0x3676e5 vm_flags=0xea549f90 vm_state=0x117b1e60 vm_byte=0x3a table=0x73ebec0c3718 table_off=0xc3718 rax=0xffff8c1493c988e9 rbx=0x73ebec0c3c71 rcx=0x460 rdx=0xffff182827bd4ff3 rsi=0x73ebec078377 rdi=0x80000000 r8=0x73ebec09b4b3 r9=0x0 r10=0x73ebec0c3c70 r11=0x40 r12=0x73ebec09b4b3 r13=0xffff8c1413f3c300 r14=0x0 r15=0x73ebec0c4088 rbp=0x73ebec07836d rsp=0x7ffc39b438f0 fs0x0=0xffffffff85cbba37 fs0x12=0x7ffc39b4396100 fs0x60=0xfffffffffb78fc35 fs0x68=0x73ebec588fc0 fs0x71=0x1a44e505 fs0x81=0x73ebd1c29ef7 fs0xe1=0xf820000000000062 fs0x13d=0x202 fs0x16f=0x117b1e6001 fs0x1e8=0x7ffc39b438f0 fs0x13=0x7ffc39b43961 fs0x91=0x55effbdbf010 fs0xab=0xe5b23167ed350e87 fs0xb3=0x7ffc39b43950 fs0xcb=0x73ebece8f000 fs0x19d=0x73ebec588fd1 fs0x28=0x73ebecc12ac0 fs0x38=0x55eff7a35dc8 fs0x79=0x16 fs0x89=0x21 fs0x99=0x20 fs0xd3=0x73ebec588fc0 fs0x107=0x55effbdbf820 fs0x123=0x7ffc39b43e38 fs0x128=0x7f fs0x147=0x6 ip_w0=0x7c ip_w1=0x4dc1 ip_w2=0x2e00 ip_w3=0xcb07 ip_w4=0x44d4 ip_w5=0x79 ip_w6=0x318b ip_w7=0x79 ip_w8=0xde9f ip_w9=0x22ba ip_w10=0x7f20 ip_w11=0x13d ip_w12=0x162 ip_w13=0x0 ip_w14=0x30 ip_w15=0x0 target=0x73ebec09b4b3 target_off=0x9b4b3
[VMTAIL] site=0xa3dc4 count=91 frame=0x73ebec07836d frame_off=0x7836d vm_ip=0x73ebec367713 vm_ip_off=0x367713 vm_flags=0x5c5a4951 vm_state=0xaec59fe8 vm_byte=0x3a table=0x73ebec0c3718 table_off=0xc3718 rax=0x73ebec078377 rbx=0xffff8c146c7e87be rcx=0x5107f9 rdx=0xffffffffffc000e8 rsi=0x73ebec078390 rdi=0x73ebec0c3aa8 r8=0x200 r9=0x73ebec07836d r10=0x395887d1 r11=0xffff8c1393f8d07f r12=0x800230 r13=0x73ebec0784dd r14=0x73ebec090319 r15=0x390 rbp=0x73ebec07836d rsp=0x7ffc39b438f0 fs0x0=0xfffffffffb78fc4b fs0x12=0x7ffc39b4396200 fs0x60=0xfffffffffb78fc35 fs0x68=0x73ebec588fc0 fs0x71=0x1a44e505 fs0x81=0x73ebd1c29ef7 fs0xe1=0xf820000000000062 fs0x13d=0x202 fs0x16f=0xaec59fe801 fs0x1e8=0x7ffc39b438f0 fs0x13=0x7ffc39b43962 fs0x91=0x55effbdbf010 fs0xab=0xe5b23167ed350e87 fs0xb3=0x7ffc39b43950 fs0xcb=0x73ebece8f000 fs0x19d=0x73ebec588fd2 fs0x28=0x73ebecc12ac0 fs0x38=0x55eff7a35dc8 fs0x79=0x16 fs0x89=0x21 fs0x99=0x20 fs0xd3=0x73ebec588fc0 fs0x107=0x55effbdbf820 fs0x123=0x7ffc39b43e38 fs0x128=0x7f fs0x147=0x6 ip_w0=0x9376 ip_w1=0x5628 ip_w2=0x8d4a ip_w3=0x4076 ip_w4=0x3e70 ip_w5=0x31d9 ip_w6=0xedde ip_w7=0x13d ip_w8=0xfaf5 ip_w9=0xab ip_w10=0x0 ip_w11=0x40 ip_w12=0x8000 ip_w13=0x9a ip_w14=0x38a0 ip_w15=0x1e8 target=0x73ebec090319 target_off=0x90319
[VMTAIL] site=0xb7699 count=92 frame=0x73ebec07836d frame_off=0x7836d vm_ip=0x73ebec3676e5 vm_ip_off=0x3676e5 vm_flags=0xea549f90 vm_state=0x117b1e60 vm_byte=0x3a table=0x73ebec0c3718 table_off=0xc3718 rax=0xffff8c1493c988e9 rbx=0x73ebec0c3c71 rcx=0x460 rdx=0xffff182827bd4ff3 rsi=0x73ebec078377 rdi=0x80000000 r8=0x73ebec09b4b3 r9=0x0 r10=0x73ebec0c3c70 r11=0x40 r12=0x73ebec09b4b3 r13=0xffff8c1413f3c300 r14=0x0 r15=0x73ebec0c4088 rbp=0x73ebec07836d rsp=0x7ffc39b438f0 fs0x0=0xffffffff85cbba36 fs0x12=0x7ffc39b4396200 fs0x60=0xfffffffffb78fc35 fs0x68=0x73ebec588fc0 fs0x71=0x1a44e504 fs0x81=0x73ebd1c29ef7 fs0xe1=0xf820000000000062 fs0x13d=0x202 fs0x16f=0x117b1e6001 fs0x1e8=0x7ffc39b438f0 fs0x13=0x7ffc39b43962 fs0x91=0x55effbdbf010 fs0xab=0xe5b23167ed350e87 fs0xb3=0x7ffc39b43950 fs0xcb=0x73ebece8f000 fs0x19d=0x73ebec588fd2 fs0x28=0x73ebecc12ac0 fs0x38=0x55eff7a35dc8 fs0x79=0x15 fs0x89=0x21 fs0x99=0x20 fs0xd3=0x73ebec588fc0 fs0x107=0x55effbdbf820 fs0x123=0x7ffc39b43e38 fs0x128=0x7f fs0x147=0x6 ip_w0=0x7c ip_w1=0x4dc1 ip_w2=0x2e00 ip_w3=0xcb07 ip_w4=0x44d4 ip_w5=0x79 ip_w6=0x318b ip_w7=0x79 ip_w8=0xde9f ip_w9=0x22ba ip_w10=0x7f20 ip_w11=0x13d ip_w12=0x162 ip_w13=0x0 ip_w14=0x30 ip_w15=0x0 target=0x73ebec09b4b3 target_off=0x9b4b3
[VMTAIL] site=0xa3dc4 count=93 frame=0x73ebec07836d frame_off=0x7836d vm_ip=0x73ebec367713 vm_ip_off=0x367713 vm_flags=0x5c5a4951 vm_state=0xaec59fe8 vm_byte=0x3a table=0x73ebec0c3718 table_off=0xc3718 rax=0x73ebec078377 rbx=0xffff8c146c7e87be rcx=0x5107fa rdx=0xffffffffffc000e6 rsi=0x73ebec078390 rdi=0x73ebec0c3aa8 r8=0x200 r9=0x73ebec07836d r10=0x395887d1 r11=0xffff8c1393f8d07f r12=0x800234 r13=0x73ebec0784dd r14=0x73ebec090319 r15=0x390 rbp=0x73ebec07836d rsp=0x7ffc39b438f0 fs0x0=0xfffffffffb78fc4a fs0x12=0x7ffc39b4396300 fs0x60=0xfffffffffb78fc35 fs0x68=0x73ebec588fc0 fs0x71=0x1a44e504 fs0x81=0x73ebd1c29ef7 fs0xe1=0xf820000000000062 fs0x13d=0x202 fs0x16f=0xaec59fe801 fs0x1e8=0x7ffc39b438f0 fs0x13=0x7ffc39b43963 fs0x91=0x55effbdbf010 fs0xab=0xe5b23167ed350e87 fs0xb3=0x7ffc39b43950 fs0xcb=0x73ebece8f000 fs0x19d=0x73ebec588fd3 fs0x28=0x73ebecc12ac0 fs0x38=0x55eff7a35dc8 fs0x79=0x15 fs0x89=0x21 fs0x99=0x20 fs0xd3=0x73ebec588fc0 fs0x107=0x55effbdbf820 fs0x123=0x7ffc39b43e38 fs0x128=0x7f fs0x147=0x6 ip_w0=0x9376 ip_w1=0x5628 ip_w2=0x8d4a ip_w3=0x4076 ip_w4=0x3e70 ip_w5=0x31d9 ip_w6=0xedde ip_w7=0x13d ip_w8=0xfaf5 ip_w9=0xab ip_w10=0x0 ip_w11=0x40 ip_w12=0x8000 ip_w13=0x9a ip_w14=0x38a0 ip_w15=0x1e8 target=0x73ebec090319 target_off=0x90319
[VMTAIL] site=0xb7699 count=94 frame=0x73ebec07836d frame_off=0x7836d vm_ip=0x73ebec3676e5 vm_ip_off=0x3676e5 vm_flags=0xea549f90 vm_state=0x117b1e60 vm_byte=0x3a table=0x73ebec0c3718 table_off=0xc3718 rax=0xffff8c1493c988e9 rbx=0x73ebec0c3c71 rcx=0x460 rdx=0xffff182827bd4ff3 rsi=0x73ebec078377 rdi=0x80000000 r8=0x73ebec09b4b3 r9=0x0 r10=0x73ebec0c3c70 r11=0x40 r12=0x73ebec09b4b3 r13=0xffff8c1413f3c300 r14=0x0 r15=0x73ebec0c4088 rbp=0x73ebec07836d rsp=0x7ffc39b438f0 fs0x0=0xffffffff85cbba35 fs0x12=0x7ffc39b4396300 fs0x60=0xfffffffffb78fc35 fs0x68=0x73ebec588fc0 fs0x71=0x1a44e503 fs0x81=0x73ebd1c29ef7 fs0xe1=0xf820000000000062 fs0x13d=0x206 fs0x16f=0x117b1e6001 fs0x1e8=0x7ffc39b438f0 fs0x13=0x7ffc39b43963 fs0x91=0x55effbdbf010 fs0xab=0xe5b23167ed350e87 fs0xb3=0x7ffc39b43950 fs0xcb=0x73ebece8f000 fs0x19d=0x73ebec588fd3 fs0x28=0x73ebecc12ac0 fs0x38=0x55eff7a35dc8 fs0x79=0x14 fs0x89=0x21 fs0x99=0x20 fs0xd3=0x73ebec588fc0 fs0x107=0x55effbdbf820 fs0x123=0x7ffc39b43e38 fs0x128=0x7f fs0x147=0x6 ip_w0=0x7c ip_w1=0x4dc1 ip_w2=0x2e00 ip_w3=0xcb07 ip_w4=0x44d4 ip_w5=0x79 ip_w6=0x318b ip_w7=0x79 ip_w8=0xde9f ip_w9=0x22ba ip_w10=0x7f20 ip_w11=0x13d ip_w12=0x162 ip_w13=0x0 ip_w14=0x30 ip_w15=0x0 target=0x73ebec09b4b3 target_off=0x9b4b3
[VMTAIL] site=0xa3dc4 count=95 frame=0x73ebec07836d frame_off=0x7836d vm_ip=0x73ebec367713 vm_ip_off=0x367713 vm_flags=0x5c5a4951 vm_state=0xaec59fe8 vm_byte=0x3a table=0x73ebec0c3718 table_off=0xc3718 rax=0x73ebec078377 rbx=0xffff8c146c7e87be rcx=0x5107fb rdx=0xffffffffffc000e6 rsi=0x73ebec078390 rdi=0x73ebec0c3aa8 r8=0x200 r9=0x73ebec07836d r10=0x395887d1 r11=0xffff8c1393f8d07f r12=0x800234 r13=0x73ebec0784dd r14=0x73ebec090319 r15=0x390 rbp=0x73ebec07836d rsp=0x7ffc39b438f0 fs0x0=0xfffffffffb78fc49 fs0x12=0x7ffc39b4396400 fs0x60=0xfffffffffb78fc35 fs0x68=0x73ebec588fc0 fs0x71=0x1a44e503 fs0x81=0x73ebd1c29ef7 fs0xe1=0xf820000000000062 fs0x13d=0x206 fs0x16f=0xaec59fe801 fs0x1e8=0x7ffc39b438f0 fs0x13=0x7ffc39b43964 fs0x91=0x55effbdbf010 fs0xab=0xe5b23167ed350e87 fs0xb3=0x7ffc39b43950 fs0xcb=0x73ebece8f000 fs0x19d=0x73ebec588fd4 fs0x28=0x73ebecc12ac0 fs0x38=0x55eff7a35dc8 fs0x79=0x14 fs0x89=0x21 fs0x99=0x20 fs0xd3=0x73ebec588fc0 fs0x107=0x55effbdbf820 fs0x123=0x7ffc39b43e38 fs0x128=0x7f fs0x147=0x6 ip_w0=0x9376 ip_w1=0x5628 ip_w2=0x8d4a ip_w3=0x4076 ip_w4=0x3e70 ip_w5=0x31d9 ip_w6=0xedde ip_w7=0x13d ip_w8=0xfaf5 ip_w9=0xab ip_w10=0x0 ip_w11=0x40 ip_w12=0x8000 ip_w13=0x9a ip_w14=0x38a0 ip_w15=0x1e8 target=0x73ebec090319 target_off=0x90319
[VMTAIL] site=0xb7699 count=96 frame=0x73ebec07836d frame_off=0x7836d vm_ip=0x73ebec3676e5 vm_ip_off=0x3676e5 vm_flags=0xea549f90 vm_state=0x117b1e60 vm_byte=0x3a table=0x73ebec0c3718 table_off=0xc3718 rax=0xffff8c1493c988e9 rbx=0x73ebec0c3c71 rcx=0x460 rdx=0xffff182827bd4ff3 rsi=0x73ebec078377 rdi=0x80000000 r8=0x73ebec09b4b3 r9=0x0 r10=0x73ebec0c3c70 r11=0x40 r12=0x73ebec09b4b3 r13=0xffff8c1413f3c300 r14=0x0 r15=0x73ebec0c4088 rbp=0x73ebec07836d rsp=0x7ffc39b438f0 fs0x0=0xffffffff85cbba34 fs0x12=0x7ffc39b4396400 fs0x60=0xfffffffffb78fc35 fs0x68=0x73ebec588fc0 fs0x71=0x1a44e502 fs0x81=0x73ebd1c29ef7 fs0xe1=0xf820000000000062 fs0x13d=0x202 fs0x16f=0x117b1e6001 fs0x1e8=0x7ffc39b438f0 fs0x13=0x7ffc39b43964 fs0x91=0x55effbdbf010 fs0xab=0xe5b23167ed350e87 fs0xb3=0x7ffc39b43950 fs0xcb=0x73ebece8f000 fs0x19d=0x73ebec588fd4 fs0x28=0x73ebecc12ac0 fs0x38=0x55eff7a35dc8 fs0x79=0x13 fs0x89=0x21 fs0x99=0x20 fs0xd3=0x73ebec588fc0 fs0x107=0x55effbdbf820 fs0x123=0x7ffc39b43e38 fs0x128=0x7f fs0x147=0x6 ip_w0=0x7c ip_w1=0x4dc1 ip_w2=0x2e00 ip_w3=0xcb07 ip_w4=0x44d4 ip_w5=0x79 ip_w6=0x318b ip_w7=0x79 ip_w8=0xde9f ip_w9=0x22ba ip_w10=0x7f20 ip_w11=0x13d ip_w12=0x162 ip_w13=0x0 ip_w14=0x30 ip_w15=0x0 target=0x73ebec09b4b3 target_off=0x9b4b3
[VMTAIL] site=0xa3dc4 count=97 frame=0x73ebec07836d frame_off=0x7836d vm_ip=0x73ebec367713 vm_ip_off=0x367713 vm_flags=0x5c5a4951 vm_state=0xaec59fe8 vm_byte=0x3a table=0x73ebec0c3718 table_off=0xc3718 rax=0x73ebec078377 rbx=0xffff8c146c7e87be rcx=0x5107fc rdx=0xffffffffffc000e8 rsi=0x73ebec078390 rdi=0x73ebec0c3aa8 r8=0x200 r9=0x73ebec07836d r10=0x395887d1 r11=0xffff8c1393f8d07f r12=0x800230 r13=0x73ebec0784dd r14=0x73ebec090319 r15=0x390 rbp=0x73ebec07836d rsp=0x7ffc39b438f0 fs0x0=0xfffffffffb78fc48 fs0x12=0x7ffc39b4396500 fs0x60=0xfffffffffb78fc35 fs0x68=0x73ebec588fc0 fs0x71=0x1a44e502 fs0x81=0x73ebd1c29ef7 fs0xe1=0xf820000000000062 fs0x13d=0x202 fs0x16f=0xaec59fe801 fs0x1e8=0x7ffc39b438f0 fs0x13=0x7ffc39b43965 fs0x91=0x55effbdbf010 fs0xab=0xe5b23167ed350e87 fs0xb3=0x7ffc39b43950 fs0xcb=0x73ebece8f000 fs0x19d=0x73ebec588fd5 fs0x28=0x73ebecc12ac0 fs0x38=0x55eff7a35dc8 fs0x79=0x13 fs0x89=0x21 fs0x99=0x20 fs0xd3=0x73ebec588fc0 fs0x107=0x55effbdbf820 fs0x123=0x7ffc39b43e38 fs0x128=0x7f fs0x147=0x6 ip_w0=0x9376 ip_w1=0x5628 ip_w2=0x8d4a ip_w3=0x4076 ip_w4=0x3e70 ip_w5=0x31d9 ip_w6=0xedde ip_w7=0x13d ip_w8=0xfaf5 ip_w9=0xab ip_w10=0x0 ip_w11=0x40 ip_w12=0x8000 ip_w13=0x9a ip_w14=0x38a0 ip_w15=0x1e8 target=0x73ebec090319 target_off=0x90319
[VMTAIL] site=0xb7699 count=98 frame=0x73ebec07836d frame_off=0x7836d vm_ip=0x73ebec3676e5 vm_ip_off=0x3676e5 vm_flags=0xea549f90 vm_state=0x117b1e60 vm_byte=0x3a table=0x73ebec0c3718 table_off=0xc3718 rax=0xffff8c1493c988e9 rbx=0x73ebec0c3c71 rcx=0x460 rdx=0xffff182827bd4ff3 rsi=0x73ebec078377 rdi=0x80000000 r8=0x73ebec09b4b3 r9=0x0 r10=0x73ebec0c3c70 r11=0x40 r12=0x73ebec09b4b3 r13=0xffff8c1413f3c300 r14=0x0 r15=0x73ebec0c4088 rbp=0x73ebec07836d rsp=0x7ffc39b438f0 fs0x0=0xffffffff85cbba33 fs0x12=0x7ffc39b4396500 fs0x60=0xfffffffffb78fc35 fs0x68=0x73ebec588fc0 fs0x71=0x1a44e501 fs0x81=0x73ebd1c29ef7 fs0xe1=0xf820000000000062 fs0x13d=0x206 fs0x16f=0x117b1e6001 fs0x1e8=0x7ffc39b438f0 fs0x13=0x7ffc39b43965 fs0x91=0x55effbdbf010 fs0xab=0xe5b23167ed350e87 fs0xb3=0x7ffc39b43950 fs0xcb=0x73ebece8f000 fs0x19d=0x73ebec588fd5 fs0x28=0x73ebecc12ac0 fs0x38=0x55eff7a35dc8 fs0x79=0x12 fs0x89=0x21 fs0x99=0x20 fs0xd3=0x73ebec588fc0 fs0x107=0x55effbdbf820 fs0x123=0x7ffc39b43e38 fs0x128=0x7f fs0x147=0x6 ip_w0=0x7c ip_w1=0x4dc1 ip_w2=0x2e00 ip_w3=0xcb07 ip_w4=0x44d4 ip_w5=0x79 ip_w6=0x318b ip_w7=0x79 ip_w8=0xde9f ip_w9=0x22ba ip_w10=0x7f20 ip_w11=0x13d ip_w12=0x162 ip_w13=0x0 ip_w14=0x30 ip_w15=0x0 target=0x73ebec09b4b3 target_off=0x9b4b3
[VMTAIL] site=0xa3dc4 count=99 frame=0x73ebec07836d frame_off=0x7836d vm_ip=0x73ebec367713 vm_ip_off=0x367713 vm_flags=0x5c5a4951 vm_state=0xaec59fe8 vm_byte=0x3a table=0x73ebec0c3718 table_off=0xc3718 rax=0x73ebec078377 rbx=0xffff8c146c7e87be rcx=0x5107fd rdx=0xffffffffffc000e8 rsi=0x73ebec078390 rdi=0x73ebec0c3aa8 r8=0x200 r9=0x73ebec07836d r10=0x395887d1 r11=0xffff8c1393f8d07f r12=0x800230 r13=0x73ebec0784dd r14=0x73ebec090319 r15=0x390 rbp=0x73ebec07836d rsp=0x7ffc39b438f0 fs0x0=0xfffffffffb78fc47 fs0x12=0x7ffc39b4396600 fs0x60=0xfffffffffb78fc35 fs0x68=0x73ebec588fc0 fs0x71=0x1a44e501 fs0x81=0x73ebd1c29ef7 fs0xe1=0xf820000000000062 fs0x13d=0x206 fs0x16f=0xaec59fe801 fs0x1e8=0x7ffc39b438f0 fs0x13=0x7ffc39b43966 fs0x91=0x55effbdbf010 fs0xab=0xe5b23167ed350e87 fs0xb3=0x7ffc39b43950 fs0xcb=0x73ebece8f000 fs0x19d=0x73ebec588fd6 fs0x28=0x73ebecc12ac0 fs0x38=0x55eff7a35dc8 fs0x79=0x12 fs0x89=0x21 fs0x99=0x20 fs0xd3=0x73ebec588fc0 fs0x107=0x55effbdbf820 fs0x123=0x7ffc39b43e38 fs0x128=0x7f fs0x147=0x6 ip_w0=0x9376 ip_w1=0x5628 ip_w2=0x8d4a ip_w3=0x4076 ip_w4=0x3e70 ip_w5=0x31d9 ip_w6=0xedde ip_w7=0x13d ip_w8=0xfaf5 ip_w9=0xab ip_w10=0x0 ip_w11=0x40 ip_w12=0x8000 ip_w13=0x9a ip_w14=0x38a0 ip_w15=0x1e8 target=0x73ebec090319 target_off=0x90319
[VMTAIL] site=0xb7699 count=100 frame=0x73ebec07836d frame_off=0x7836d vm_ip=0x73ebec3676e5 vm_ip_off=0x3676e5 vm_flags=0xea549f90 vm_state=0x117b1e60 vm_byte=0x3a table=0x73ebec0c3718 table_off=0xc3718 rax=0xffff8c1493c988e9 rbx=0x73ebec0c3c71 rcx=0x460 rdx=0xffff182827bd4ff3 rsi=0x73ebec078377 rdi=0x80000000 r8=0x73ebec09b4b3 r9=0x0 r10=0x73ebec0c3c70 r11=0x40 r12=0x73ebec09b4b3 r13=0xffff8c1413f3c300 r14=0x0 r15=0x73ebec0c4088 rbp=0x73ebec07836d rsp=0x7ffc39b438f0 fs0x0=0xffffffff85cbba32 fs0x12=0x7ffc39b4396600 fs0x60=0xfffffffffb78fc35 fs0x68=0x73ebec588fc0 fs0x71=0x1a44e500 fs0x81=0x73ebd1c29ef7 fs0xe1=0xf820000000000062 fs0x13d=0x206 fs0x16f=0x117b1e6001 fs0x1e8=0x7ffc39b438f0 fs0x13=0x7ffc39b43966 fs0x91=0x55effbdbf010 fs0xab=0xe5b23167ed350e87 fs0xb3=0x7ffc39b43950 fs0xcb=0x73ebece8f000 fs0x19d=0x73ebec588fd6 fs0x28=0x73ebecc12ac0 fs0x38=0x55eff7a35dc8 fs0x79=0x11 fs0x89=0x21 fs0x99=0x20 fs0xd3=0x73ebec588fc0 fs0x107=0x55effbdbf820 fs0x123=0x7ffc39b43e38 fs0x128=0x7f fs0x147=0x6 ip_w0=0x7c ip_w1=0x4dc1 ip_w2=0x2e00 ip_w3=0xcb07 ip_w4=0x44d4 ip_w5=0x79 ip_w6=0x318b ip_w7=0x79 ip_w8=0xde9f ip_w9=0x22ba ip_w10=0x7f20 ip_w11=0x13d ip_w12=0x162 ip_w13=0x0 ip_w14=0x30 ip_w15=0x0 target=0x73ebec09b4b3 target_off=0x9b4b3
[VMTAIL] site=0xa3dc4 count=101 frame=0x73ebec07836d frame_off=0x7836d vm_ip=0x73ebec367713 vm_ip_off=0x367713 vm_flags=0x5c5a4951 vm_state=0xaec59fe8 vm_byte=0x3a table=0x73ebec0c3718 table_off=0xc3718 rax=0x73ebec078377 rbx=0xffff8c146c7e87be rcx=0x5107fe rdx=0xffffffffffc000e6 rsi=0x73ebec078390 rdi=0x73ebec0c3aa8 r8=0x200 r9=0x73ebec07836d r10=0x395887d1 r11=0xffff8c1393f8d07f r12=0x800234 r13=0x73ebec0784dd r14=0x73ebec090319 r15=0x390 rbp=0x73ebec07836d rsp=0x7ffc39b438f0 fs0x0=0xfffffffffb78fc46 fs0x12=0x7ffc39b4396700 fs0x60=0xfffffffffb78fc35 fs0x68=0x73ebec588fc0 fs0x71=0x1a44e500 fs0x81=0x73ebd1c29ef7 fs0xe1=0xf820000000000062 fs0x13d=0x206 fs0x16f=0xaec59fe801 fs0x1e8=0x7ffc39b438f0 fs0x13=0x7ffc39b43967 fs0x91=0x55effbdbf010 fs0xab=0xe5b23167ed350e87 fs0xb3=0x7ffc39b43950 fs0xcb=0x73ebece8f000 fs0x19d=0x73ebec588fd7 fs0x28=0x73ebecc12ac0 fs0x38=0x55eff7a35dc8 fs0x79=0x11 fs0x89=0x21 fs0x99=0x20 fs0xd3=0x73ebec588fc0 fs0x107=0x55effbdbf820 fs0x123=0x7ffc39b43e38 fs0x128=0x7f fs0x147=0x6 ip_w0=0x9376 ip_w1=0x5628 ip_w2=0x8d4a ip_w3=0x4076 ip_w4=0x3e70 ip_w5=0x31d9 ip_w6=0xedde ip_w7=0x13d ip_w8=0xfaf5 ip_w9=0xab ip_w10=0x0 ip_w11=0x40 ip_w12=0x8000 ip_w13=0x9a ip_w14=0x38a0 ip_w15=0x1e8 target=0x73ebec090319 target_off=0x90319
[VMTAIL] site=0xb7699 count=102 frame=0x73ebec07836d frame_off=0x7836d vm_ip=0x73ebec3676e5 vm_ip_off=0x3676e5 vm_flags=0xea549f90 vm_state=0x117b1e60 vm_byte=0x3a table=0x73ebec0c3718 table_off=0xc3718 rax=0xffff8c1493c988e9 rbx=0x73ebec0c3c71 rcx=0x460 rdx=0xffff182827bd4ff3 rsi=0x73ebec078377 rdi=0x80000000 r8=0x73ebec09b4b3 r9=0x0 r10=0x73ebec0c3c70 r11=0x40 r12=0x73ebec09b4b3 r13=0xffff8c1413f3c300 r14=0x0 r15=0x73ebec0c4088 rbp=0x73ebec07836d rsp=0x7ffc39b438f0 fs0x0=0xffffffff85cbba31 fs0x12=0x7ffc39b4396700 fs0x60=0xfffffffffb78fc35 fs0x68=0x73ebec588fc0 fs0x71=0x1a44e4ff fs0x81=0x73ebd1c29ef7 fs0xe1=0xf820000000000062 fs0x13d=0x202 fs0x16f=0x117b1e6001 fs0x1e8=0x7ffc39b438f0 fs0x13=0x7ffc39b43967 fs0x91=0x55effbdbf010 fs0xab=0xe5b23167ed350e87 fs0xb3=0x7ffc39b43950 fs0xcb=0x73ebece8f000 fs0x19d=0x73ebec588fd7 fs0x28=0x73ebecc12ac0 fs0x38=0x55eff7a35dc8 fs0x79=0x10 fs0x89=0x21 fs0x99=0x20 fs0xd3=0x73ebec588fc0 fs0x107=0x55effbdbf820 fs0x123=0x7ffc39b43e38 fs0x128=0x7f fs0x147=0x6 ip_w0=0x7c ip_w1=0x4dc1 ip_w2=0x2e00 ip_w3=0xcb07 ip_w4=0x44d4 ip_w5=0x79 ip_w6=0x318b ip_w7=0x79 ip_w8=0xde9f ip_w9=0x22ba ip_w10=0x7f20 ip_w11=0x13d ip_w12=0x162 ip_w13=0x0 ip_w14=0x30 ip_w15=0x0 target=0x73ebec09b4b3 target_off=0x9b4b3
[VMTAIL] site=0xa3dc4 count=103 frame=0x73ebec07836d frame_off=0x7836d vm_ip=0x73ebec367713 vm_ip_off=0x367713 vm_flags=0x5c5a4951 vm_state=0xaec59fe8 vm_byte=0x3a table=0x73ebec0c3718 table_off=0xc3718 rax=0x73ebec078377 rbx=0xffff8c146c7e87be rcx=0x5107ff rdx=0xffffffffffc000e6 rsi=0x73ebec078390 rdi=0x73ebec0c3aa8 r8=0x200 r9=0x73ebec07836d r10=0x395887d1 r11=0xffff8c1393f8d07f r12=0x800234 r13=0x73ebec0784dd r14=0x73ebec090319 r15=0x390 rbp=0x73ebec07836d rsp=0x7ffc39b438f0 fs0x0=0xfffffffffb78fc45 fs0x12=0x7ffc39b4396800 fs0x60=0xfffffffffb78fc35 fs0x68=0x73ebec588fc0 fs0x71=0x1a44e4ff fs0x81=0x73ebd1c29ef7 fs0xe1=0xf820000000000062 fs0x13d=0x202 fs0x16f=0xaec59fe801 fs0x1e8=0x7ffc39b438f0 fs0x13=0x7ffc39b43968 fs0x91=0x55effbdbf010 fs0xab=0xe5b23167ed350e87 fs0xb3=0x7ffc39b43950 fs0xcb=0x73ebece8f000 fs0x19d=0x73ebec588fd8 fs0x28=0x73ebecc12ac0 fs0x38=0x55eff7a35dc8 fs0x79=0x10 fs0x89=0x21 fs0x99=0x20 fs0xd3=0x73ebec588fc0 fs0x107=0x55effbdbf820 fs0x123=0x7ffc39b43e38 fs0x128=0x7f fs0x147=0x6 ip_w0=0x9376 ip_w1=0x5628 ip_w2=0x8d4a ip_w3=0x4076 ip_w4=0x3e70 ip_w5=0x31d9 ip_w6=0xedde ip_w7=0x13d ip_w8=0xfaf5 ip_w9=0xab ip_w10=0x0 ip_w11=0x40 ip_w12=0x8000 ip_w13=0x9a ip_w14=0x38a0 ip_w15=0x1e8 target=0x73ebec090319 target_off=0x90319
[VMTAIL] site=0xb7699 count=104 frame=0x73ebec07836d frame_off=0x7836d vm_ip=0x73ebec3676e5 vm_ip_off=0x3676e5 vm_flags=0xea549f90 vm_state=0x117b1e60 vm_byte=0x3a table=0x73ebec0c3718 table_off=0xc3718 rax=0xffff8c1493c988e9 rbx=0x73ebec0c3c71 rcx=0x460 rdx=0xffff182827bd4ff3 rsi=0x73ebec078377 rdi=0x80000000 r8=0x73ebec09b4b3 r9=0x0 r10=0x73ebec0c3c70 r11=0x40 r12=0x73ebec09b4b3 r13=0xffff8c1413f3c300 r14=0x0 r15=0x73ebec0c4088 rbp=0x73ebec07836d rsp=0x7ffc39b438f0 fs0x0=0xffffffff85cbba30 fs0x12=0x7ffc39b4396800 fs0x60=0xfffffffffb78fc35 fs0x68=0x73ebec588fc0 fs0x71=0x1a44e4fe fs0x81=0x73ebd1c29ef7 fs0xe1=0xf820000000000062 fs0x13d=0x216 fs0x16f=0x117b1e6001 fs0x1e8=0x7ffc39b438f0 fs0x13=0x7ffc39b43968 fs0x91=0x55effbdbf010 fs0xab=0xe5b23167ed350e87 fs0xb3=0x7ffc39b43950 fs0xcb=0x73ebece8f000 fs0x19d=0x73ebec588fd8 fs0x28=0x73ebecc12ac0 fs0x38=0x55eff7a35dc8 fs0x79=0xf fs0x89=0x21 fs0x99=0x20 fs0xd3=0x73ebec588fc0 fs0x107=0x55effbdbf820 fs0x123=0x7ffc39b43e38 fs0x128=0x7f fs0x147=0x6 ip_w0=0x7c ip_w1=0x4dc1 ip_w2=0x2e00 ip_w3=0xcb07 ip_w4=0x44d4 ip_w5=0x79 ip_w6=0x318b ip_w7=0x79 ip_w8=0xde9f ip_w9=0x22ba ip_w10=0x7f20 ip_w11=0x13d ip_w12=0x162 ip_w13=0x0 ip_w14=0x30 ip_w15=0x0 target=0x73ebec09b4b3 target_off=0x9b4b3
[VMTAIL] site=0xa3dc4 count=105 frame=0x73ebec07836d frame_off=0x7836d vm_ip=0x73ebec367713 vm_ip_off=0x367713 vm_flags=0x5c5a4951 vm_state=0xaec59fe8 vm_byte=0x3a table=0x73ebec0c3718 table_off=0xc3718 rax=0x73ebec078377 rbx=0xffff8c146c7e87be rcx=0x510bb0 rdx=0xffffffffffc00200 rsi=0x73ebec078390 rdi=0x73ebec0c3aa8 r8=0x200 r9=0x73ebec07836d r10=0x395887d1 r11=0xffff8c1393f8d07f r12=0x800000 r13=0x73ebec0784dd r14=0x73ebec090319 r15=0x390 rbp=0x73ebec07836d rsp=0x7ffc39b438f0 fs0x0=0xfffffffffb78fc44 fs0x12=0x7ffc39b4396900 fs0x60=0xfffffffffb78fc35 fs0x68=0x73ebec588fc0 fs0x71=0x1a44e4fe fs0x81=0x73ebd1c29ef7 fs0xe1=0xf820000000000062 fs0x13d=0x206 fs0x16f=0xaec59fe801 fs0x1e8=0x7ffc39b438f0 fs0x13=0x7ffc39b43969 fs0x91=0x55effbdbf010 fs0xab=0xe5b23167ed350e87 fs0xb3=0x7ffc39b43950 fs0xcb=0x73ebece8f000 fs0x19d=0x73ebec588fd9 fs0x28=0x73ebecc12ac0 fs0x38=0x55eff7a35dc8 fs0x79=0xf fs0x89=0x21 fs0x99=0x20 fs0xd3=0x73ebec588fc0 fs0x107=0x55effbdbf820 fs0x123=0x7ffc39b43e38 fs0x128=0x7f fs0x147=0x6 ip_w0=0x9376 ip_w1=0x5628 ip_w2=0x8d4a ip_w3=0x4076 ip_w4=0x3e70 ip_w5=0x31d9 ip_w6=0xedde ip_w7=0x13d ip_w8=0xfaf5 ip_w9=0xab ip_w10=0x0 ip_w11=0x40 ip_w12=0x8000 ip_w13=0x9a ip_w14=0x38a0 ip_w15=0x1e8 target=0x73ebec090319 target_off=0x90319
[VMTAIL] site=0xb7699 count=106 frame=0x73ebec07836d frame_off=0x7836d vm_ip=0x73ebec3676e5 vm_ip_off=0x3676e5 vm_flags=0xea549f90 vm_state=0x117b1e60 vm_byte=0x3a table=0x73ebec0c3718 table_off=0xc3718 rax=0xffff8c1493c988e9 rbx=0x73ebec0c3c71 rcx=0x460 rdx=0xffff182827bd4ff3 rsi=0x73ebec078377 rdi=0x80000000 r8=0x73ebec09b4b3 r9=0x0 r10=0x73ebec0c3c70 r11=0x40 r12=0x73ebec09b4b3 r13=0xffff8c1413f3c300 r14=0x0 r15=0x73ebec0c4088 rbp=0x73ebec07836d rsp=0x7ffc39b438f0 fs0x0=0xffffffff85cbba2f fs0x12=0x7ffc39b4396900 fs0x60=0xfffffffffb78fc35 fs0x68=0x73ebec588fc0 fs0x71=0x1a44e4fd fs0x81=0x73ebd1c29ef7 fs0xe1=0xf820000000000062 fs0x13d=0x202 fs0x16f=0x117b1e6001 fs0x1e8=0x7ffc39b438f0 fs0x13=0x7ffc39b43969 fs0x91=0x55effbdbf010 fs0xab=0xe5b23167ed350e87 fs0xb3=0x7ffc39b43950 fs0xcb=0x73ebece8f000 fs0x19d=0x73ebec588fd9 fs0x28=0x73ebecc12ac0 fs0x38=0x55eff7a35dc8 fs0x79=0xe fs0x89=0x21 fs0x99=0x20 fs0xd3=0x73ebec588fc0 fs0x107=0x55effbdbf820 fs0x123=0x7ffc39b43e38 fs0x128=0x7f fs0x147=0x6 ip_w0=0x7c ip_w1=0x4dc1 ip_w2=0x2e00 ip_w3=0xcb07 ip_w4=0x44d4 ip_w5=0x79 ip_w6=0x318b ip_w7=0x79 ip_w8=0xde9f ip_w9=0x22ba ip_w10=0x7f20 ip_w11=0x13d ip_w12=0x162 ip_w13=0x0 ip_w14=0x30 ip_w15=0x0 target=0x73ebec09b4b3 target_off=0x9b4b3
[VMTAIL] site=0xa3dc4 count=107 frame=0x73ebec07836d frame_off=0x7836d vm_ip=0x73ebec367713 vm_ip_off=0x367713 vm_flags=0x5c5a4951 vm_state=0xaec59fe8 vm_byte=0x3a table=0x73ebec0c3718 table_off=0xc3718 rax=0x73ebec078377 rbx=0xffff8c146c7e87be rcx=0x510bb1 rdx=0xffffffffffc00200 rsi=0x73ebec078390 rdi=0x73ebec0c3aa8 r8=0x200 r9=0x73ebec07836d r10=0x395887d1 r11=0xffff8c1393f8d07f r12=0x800000 r13=0x73ebec0784dd r14=0x73ebec090319 r15=0x390 rbp=0x73ebec07836d rsp=0x7ffc39b438f0 fs0x0=0xfffffffffb78fc43 fs0x12=0x7ffc39b4396a00 fs0x60=0xfffffffffb78fc35 fs0x68=0x73ebec588fc0 fs0x71=0x1a44e4fd fs0x81=0x73ebd1c29ef7 fs0xe1=0xf820000000000062 fs0x13d=0x202 fs0x16f=0xaec59fe801 fs0x1e8=0x7ffc39b438f0 fs0x13=0x7ffc39b4396a fs0x91=0x55effbdbf010 fs0xab=0xe5b23167ed350e87 fs0xb3=0x7ffc39b43950 fs0xcb=0x73ebece8f000 fs0x19d=0x73ebec588fda fs0x28=0x73ebecc12ac0 fs0x38=0x55eff7a35dc8 fs0x79=0xe fs0x89=0x21 fs0x99=0x20 fs0xd3=0x73ebec588fc0 fs0x107=0x55effbdbf820 fs0x123=0x7ffc39b43e38 fs0x128=0x7f fs0x147=0x6 ip_w0=0x9376 ip_w1=0x5628 ip_w2=0x8d4a ip_w3=0x4076 ip_w4=0x3e70 ip_w5=0x31d9 ip_w6=0xedde ip_w7=0x13d ip_w8=0xfaf5 ip_w9=0xab ip_w10=0x0 ip_w11=0x40 ip_w12=0x8000 ip_w13=0x9a ip_w14=0x38a0 ip_w15=0x1e8 target=0x73ebec090319 target_off=0x90319
[VMTAIL] site=0xb7699 count=108 frame=0x73ebec07836d frame_off=0x7836d vm_ip=0x73ebec3676e5 vm_ip_off=0x3676e5 vm_flags=0xea549f90 vm_state=0x117b1e60 vm_byte=0x3a table=0x73ebec0c3718 table_off=0xc3718 rax=0xffff8c1493c988e9 rbx=0x73ebec0c3c71 rcx=0x460 rdx=0xffff182827bd4ff3 rsi=0x73ebec078377 rdi=0x80000000 r8=0x73ebec09b4b3 r9=0x0 r10=0x73ebec0c3c70 r11=0x40 r12=0x73ebec09b4b3 r13=0xffff8c1413f3c300 r14=0x0 r15=0x73ebec0c4088 rbp=0x73ebec07836d rsp=0x7ffc39b438f0 fs0x0=0xffffffff85cbba2e fs0x12=0x7ffc39b4396a00 fs0x60=0xfffffffffb78fc35 fs0x68=0x73ebec588fc0 fs0x71=0x1a44e4fc fs0x81=0x73ebd1c29ef7 fs0xe1=0xf820000000000062 fs0x13d=0x202 fs0x16f=0x117b1e6001 fs0x1e8=0x7ffc39b438f0 fs0x13=0x7ffc39b4396a fs0x91=0x55effbdbf010 fs0xab=0xe5b23167ed350e87 fs0xb3=0x7ffc39b43950 fs0xcb=0x73ebece8f000 fs0x19d=0x73ebec588fda fs0x28=0x73ebecc12ac0 fs0x38=0x55eff7a35dc8 fs0x79=0xd fs0x89=0x21 fs0x99=0x20 fs0xd3=0x73ebec588fc0 fs0x107=0x55effbdbf820 fs0x123=0x7ffc39b43e38 fs0x128=0x7f fs0x147=0x6 ip_w0=0x7c ip_w1=0x4dc1 ip_w2=0x2e00 ip_w3=0xcb07 ip_w4=0x44d4 ip_w5=0x79 ip_w6=0x318b ip_w7=0x79 ip_w8=0xde9f ip_w9=0x22ba ip_w10=0x7f20 ip_w11=0x13d ip_w12=0x162 ip_w13=0x0 ip_w14=0x30 ip_w15=0x0 target=0x73ebec09b4b3 target_off=0x9b4b3
[VMTAIL] site=0xa3dc4 count=109 frame=0x73ebec07836d frame_off=0x7836d vm_ip=0x73ebec367713 vm_ip_off=0x367713 vm_flags=0x5c5a4951 vm_state=0xaec59fe8 vm_byte=0x3a table=0x73ebec0c3718 table_off=0xc3718 rax=0x73ebec078377 rbx=0xffff8c146c7e87be rcx=0x510bb2 rdx=0xffffffffffc001fe rsi=0x73ebec078390 rdi=0x73ebec0c3aa8 r8=0x200 r9=0x73ebec07836d r10=0x395887d1 r11=0xffff8c1393f8d07f r12=0x800004 r13=0x73ebec0784dd r14=0x73ebec090319 r15=0x390 rbp=0x73ebec07836d rsp=0x7ffc39b438f0 fs0x0=0xfffffffffb78fc42 fs0x12=0x7ffc39b4396b00 fs0x60=0xfffffffffb78fc35 fs0x68=0x73ebec588fc0 fs0x71=0x1a44e4fc fs0x81=0x73ebd1c29ef7 fs0xe1=0xf820000000000062 fs0x13d=0x202 fs0x16f=0xaec59fe801 fs0x1e8=0x7ffc39b438f0 fs0x13=0x7ffc39b4396b fs0x91=0x55effbdbf010 fs0xab=0xe5b23167ed350e87 fs0xb3=0x7ffc39b43950 fs0xcb=0x73ebece8f000 fs0x19d=0x73ebec588fdb fs0x28=0x73ebecc12ac0 fs0x38=0x55eff7a35dc8 fs0x79=0xd fs0x89=0x21 fs0x99=0x20 fs0xd3=0x73ebec588fc0 fs0x107=0x55effbdbf820 fs0x123=0x7ffc39b43e38 fs0x128=0x7f fs0x147=0x6 ip_w0=0x9376 ip_w1=0x5628 ip_w2=0x8d4a ip_w3=0x4076 ip_w4=0x3e70 ip_w5=0x31d9 ip_w6=0xedde ip_w7=0x13d ip_w8=0xfaf5 ip_w9=0xab ip_w10=0x0 ip_w11=0x40 ip_w12=0x8000 ip_w13=0x9a ip_w14=0x38a0 ip_w15=0x1e8 target=0x73ebec090319 target_off=0x90319
[VMTAIL] site=0xb7699 count=110 frame=0x73ebec07836d frame_off=0x7836d vm_ip=0x73ebec3676e5 vm_ip_off=0x3676e5 vm_flags=0xea549f90 vm_state=0x117b1e60 vm_byte=0x3a table=0x73ebec0c3718 table_off=0xc3718 rax=0xffff8c1493c988e9 rbx=0x73ebec0c3c71 rcx=0x460 rdx=0xffff182827bd4ff3 rsi=0x73ebec078377 rdi=0x80000000 r8=0x73ebec09b4b3 r9=0x0 r10=0x73ebec0c3c70 r11=0x40 r12=0x73ebec09b4b3 r13=0xffff8c1413f3c300 r14=0x0 r15=0x73ebec0c4088 rbp=0x73ebec07836d rsp=0x7ffc39b438f0 fs0x0=0xffffffff85cbba2d fs0x12=0x7ffc39b4396b00 fs0x60=0xfffffffffb78fc35 fs0x68=0x73ebec588fc0 fs0x71=0x1a44e4fb fs0x81=0x73ebd1c29ef7 fs0xe1=0xf820000000000062 fs0x13d=0x206 fs0x16f=0x117b1e6001 fs0x1e8=0x7ffc39b438f0 fs0x13=0x7ffc39b4396b fs0x91=0x55effbdbf010 fs0xab=0xe5b23167ed350e87 fs0xb3=0x7ffc39b43950 fs0xcb=0x73ebece8f000 fs0x19d=0x73ebec588fdb fs0x28=0x73ebecc12ac0 fs0x38=0x55eff7a35dc8 fs0x79=0xc fs0x89=0x21 fs0x99=0x20 fs0xd3=0x73ebec588fc0 fs0x107=0x55effbdbf820 fs0x123=0x7ffc39b43e38 fs0x128=0x7f fs0x147=0x6 ip_w0=0x7c ip_w1=0x4dc1 ip_w2=0x2e00 ip_w3=0xcb07 ip_w4=0x44d4 ip_w5=0x79 ip_w6=0x318b ip_w7=0x79 ip_w8=0xde9f ip_w9=0x22ba ip_w10=0x7f20 ip_w11=0x13d ip_w12=0x162 ip_w13=0x0 ip_w14=0x30 ip_w15=0x0 target=0x73ebec09b4b3 target_off=0x9b4b3
[VMTAIL] site=0xa3dc4 count=111 frame=0x73ebec07836d frame_off=0x7836d vm_ip=0x73ebec367713 vm_ip_off=0x367713 vm_flags=0x5c5a4951 vm_state=0xaec59fe8 vm_byte=0x3a table=0x73ebec0c3718 table_off=0xc3718 rax=0x73ebec078377 rbx=0xffff8c146c7e87be rcx=0x510bb3 rdx=0xffffffffffc001fe rsi=0x73ebec078390 rdi=0x73ebec0c3aa8 r8=0x200 r9=0x73ebec07836d r10=0x395887d1 r11=0xffff8c1393f8d07f r12=0x800004 r13=0x73ebec0784dd r14=0x73ebec090319 r15=0x390 rbp=0x73ebec07836d rsp=0x7ffc39b438f0 fs0x0=0xfffffffffb78fc41 fs0x12=0x7ffc39b4396c00 fs0x60=0xfffffffffb78fc35 fs0x68=0x73ebec588fc0 fs0x71=0x1a44e4fb fs0x81=0x73ebd1c29ef7 fs0xe1=0xf820000000000062 fs0x13d=0x206 fs0x16f=0xaec59fe801 fs0x1e8=0x7ffc39b438f0 fs0x13=0x7ffc39b4396c fs0x91=0x55effbdbf010 fs0xab=0xe5b23167ed350e87 fs0xb3=0x7ffc39b43950 fs0xcb=0x73ebece8f000 fs0x19d=0x73ebec588fdc fs0x28=0x73ebecc12ac0 fs0x38=0x55eff7a35dc8 fs0x79=0xc fs0x89=0x21 fs0x99=0x20 fs0xd3=0x73ebec588fc0 fs0x107=0x55effbdbf820 fs0x123=0x7ffc39b43e38 fs0x128=0x7f fs0x147=0x6 ip_w0=0x9376 ip_w1=0x5628 ip_w2=0x8d4a ip_w3=0x4076 ip_w4=0x3e70 ip_w5=0x31d9 ip_w6=0xedde ip_w7=0x13d ip_w8=0xfaf5 ip_w9=0xab ip_w10=0x0 ip_w11=0x40 ip_w12=0x8000 ip_w13=0x9a ip_w14=0x38a0 ip_w15=0x1e8 target=0x73ebec090319 target_off=0x90319
[VMTAIL] site=0xb7699 count=112 frame=0x73ebec07836d frame_off=0x7836d vm_ip=0x73ebec3676e5 vm_ip_off=0x3676e5 vm_flags=0xea549f90 vm_state=0x117b1e60 vm_byte=0x3a table=0x73ebec0c3718 table_off=0xc3718 rax=0xffff8c1493c988e9 rbx=0x73ebec0c3c71 rcx=0x460 rdx=0xffff182827bd4ff3 rsi=0x73ebec078377 rdi=0x80000000 r8=0x73ebec09b4b3 r9=0x0 r10=0x73ebec0c3c70 r11=0x40 r12=0x73ebec09b4b3 r13=0xffff8c1413f3c300 r14=0x0 r15=0x73ebec0c4088 rbp=0x73ebec07836d rsp=0x7ffc39b438f0 fs0x0=0xffffffff85cbba2c fs0x12=0x7ffc39b4396c00 fs0x60=0xfffffffffb78fc35 fs0x68=0x73ebec588fc0 fs0x71=0x1a44e4fa fs0x81=0x73ebd1c29ef7 fs0xe1=0xf820000000000062 fs0x13d=0x202 fs0x16f=0x117b1e6001 fs0x1e8=0x7ffc39b438f0 fs0x13=0x7ffc39b4396c fs0x91=0x55effbdbf010 fs0xab=0xe5b23167ed350e87 fs0xb3=0x7ffc39b43950 fs0xcb=0x73ebece8f000 fs0x19d=0x73ebec588fdc fs0x28=0x73ebecc12ac0 fs0x38=0x55eff7a35dc8 fs0x79=0xb fs0x89=0x21 fs0x99=0x20 fs0xd3=0x73ebec588fc0 fs0x107=0x55effbdbf820 fs0x123=0x7ffc39b43e38 fs0x128=0x7f fs0x147=0x6 ip_w0=0x7c ip_w1=0x4dc1 ip_w2=0x2e00 ip_w3=0xcb07 ip_w4=0x44d4 ip_w5=0x79 ip_w6=0x318b ip_w7=0x79 ip_w8=0xde9f ip_w9=0x22ba ip_w10=0x7f20 ip_w11=0x13d ip_w12=0x162 ip_w13=0x0 ip_w14=0x30 ip_w15=0x0 target=0x73ebec09b4b3 target_off=0x9b4b3
[VMTAIL] site=0xa3dc4 count=113 frame=0x73ebec07836d frame_off=0x7836d vm_ip=0x73ebec367713 vm_ip_off=0x367713 vm_flags=0x5c5a4951 vm_state=0xaec59fe8 vm_byte=0x3a table=0x73ebec0c3718 table_off=0xc3718 rax=0x73ebec078377 rbx=0xffff8c146c7e87be rcx=0x510bb4 rdx=0xffffffffffc00200 rsi=0x73ebec078390 rdi=0x73ebec0c3aa8 r8=0x200 r9=0x73ebec07836d r10=0x395887d1 r11=0xffff8c1393f8d07f r12=0x800000 r13=0x73ebec0784dd r14=0x73ebec090319 r15=0x390 rbp=0x73ebec07836d rsp=0x7ffc39b438f0 fs0x0=0xfffffffffb78fc40 fs0x12=0x7ffc39b4396d00 fs0x60=0xfffffffffb78fc35 fs0x68=0x73ebec588fc0 fs0x71=0x1a44e4fa fs0x81=0x73ebd1c29ef7 fs0xe1=0xf820000000000062 fs0x13d=0x202 fs0x16f=0xaec59fe801 fs0x1e8=0x7ffc39b438f0 fs0x13=0x7ffc39b4396d fs0x91=0x55effbdbf010 fs0xab=0xe5b23167ed350e87 fs0xb3=0x7ffc39b43950 fs0xcb=0x73ebece8f000 fs0x19d=0x73ebec588fdd fs0x28=0x73ebecc12ac0 fs0x38=0x55eff7a35dc8 fs0x79=0xb fs0x89=0x21 fs0x99=0x20 fs0xd3=0x73ebec588fc0 fs0x107=0x55effbdbf820 fs0x123=0x7ffc39b43e38 fs0x128=0x7f fs0x147=0x6 ip_w0=0x9376 ip_w1=0x5628 ip_w2=0x8d4a ip_w3=0x4076 ip_w4=0x3e70 ip_w5=0x31d9 ip_w6=0xedde ip_w7=0x13d ip_w8=0xfaf5 ip_w9=0xab ip_w10=0x0 ip_w11=0x40 ip_w12=0x8000 ip_w13=0x9a ip_w14=0x38a0 ip_w15=0x1e8 target=0x73ebec090319 target_off=0x90319
[VMTAIL] site=0xb7699 count=114 frame=0x73ebec07836d frame_off=0x7836d vm_ip=0x73ebec3676e5 vm_ip_off=0x3676e5 vm_flags=0xea549f90 vm_state=0x117b1e60 vm_byte=0x3a table=0x73ebec0c3718 table_off=0xc3718 rax=0xffff8c1493c988e9 rbx=0x73ebec0c3c71 rcx=0x460 rdx=0xffff182827bd4ff3 rsi=0x73ebec078377 rdi=0x80000000 r8=0x73ebec09b4b3 r9=0x0 r10=0x73ebec0c3c70 r11=0x40 r12=0x73ebec09b4b3 r13=0xffff8c1413f3c300 r14=0x0 r15=0x73ebec0c4088 rbp=0x73ebec07836d rsp=0x7ffc39b438f0 fs0x0=0xffffffff85cbba2b fs0x12=0x7ffc39b4396d00 fs0x60=0xfffffffffb78fc35 fs0x68=0x73ebec588fc0 fs0x71=0x1a44e4f9 fs0x81=0x73ebd1c29ef7 fs0xe1=0xf820000000000062 fs0x13d=0x206 fs0x16f=0x117b1e6001 fs0x1e8=0x7ffc39b438f0 fs0x13=0x7ffc39b4396d fs0x91=0x55effbdbf010 fs0xab=0xe5b23167ed350e87 fs0xb3=0x7ffc39b43950 fs0xcb=0x73ebece8f000 fs0x19d=0x73ebec588fdd fs0x28=0x73ebecc12ac0 fs0x38=0x55eff7a35dc8 fs0x79=0xa fs0x89=0x21 fs0x99=0x20 fs0xd3=0x73ebec588fc0 fs0x107=0x55effbdbf820 fs0x123=0x7ffc39b43e38 fs0x128=0x7f fs0x147=0x6 ip_w0=0x7c ip_w1=0x4dc1 ip_w2=0x2e00 ip_w3=0xcb07 ip_w4=0x44d4 ip_w5=0x79 ip_w6=0x318b ip_w7=0x79 ip_w8=0xde9f ip_w9=0x22ba ip_w10=0x7f20 ip_w11=0x13d ip_w12=0x162 ip_w13=0x0 ip_w14=0x30 ip_w15=0x0 target=0x73ebec09b4b3 target_off=0x9b4b3
[VMTAIL] site=0xa3dc4 count=115 frame=0x73ebec07836d frame_off=0x7836d vm_ip=0x73ebec367713 vm_ip_off=0x367713 vm_flags=0x5c5a4951 vm_state=0xaec59fe8 vm_byte=0x3a table=0x73ebec0c3718 table_off=0xc3718 rax=0x73ebec078377 rbx=0xffff8c146c7e87be rcx=0x510bb5 rdx=0xffffffffffc00200 rsi=0x73ebec078390 rdi=0x73ebec0c3aa8 r8=0x200 r9=0x73ebec07836d r10=0x395887d1 r11=0xffff8c1393f8d07f r12=0x800000 r13=0x73ebec0784dd r14=0x73ebec090319 r15=0x390 rbp=0x73ebec07836d rsp=0x7ffc39b438f0 fs0x0=0xfffffffffb78fc3f fs0x12=0x7ffc39b4396e00 fs0x60=0xfffffffffb78fc35 fs0x68=0x73ebec588fc0 fs0x71=0x1a44e4f9 fs0x81=0x73ebd1c29ef7 fs0xe1=0xf820000000000062 fs0x13d=0x206 fs0x16f=0xaec59fe801 fs0x1e8=0x7ffc39b438f0 fs0x13=0x7ffc39b4396e fs0x91=0x55effbdbf010 fs0xab=0xe5b23167ed350e87 fs0xb3=0x7ffc39b43950 fs0xcb=0x73ebece8f000 fs0x19d=0x73ebec588fde fs0x28=0x73ebecc12ac0 fs0x38=0x55eff7a35dc8 fs0x79=0xa fs0x89=0x21 fs0x99=0x20 fs0xd3=0x73ebec588fc0 fs0x107=0x55effbdbf820 fs0x123=0x7ffc39b43e38 fs0x128=0x7f fs0x147=0x6 ip_w0=0x9376 ip_w1=0x5628 ip_w2=0x8d4a ip_w3=0x4076 ip_w4=0x3e70 ip_w5=0x31d9 ip_w6=0xedde ip_w7=0x13d ip_w8=0xfaf5 ip_w9=0xab ip_w10=0x0 ip_w11=0x40 ip_w12=0x8000 ip_w13=0x9a ip_w14=0x38a0 ip_w15=0x1e8 target=0x73ebec090319 target_off=0x90319
[VMTAIL] site=0xb7699 count=116 frame=0x73ebec07836d frame_off=0x7836d vm_ip=0x73ebec3676e5 vm_ip_off=0x3676e5 vm_flags=0xea549f90 vm_state=0x117b1e60 vm_byte=0x3a table=0x73ebec0c3718 table_off=0xc3718 rax=0xffff8c1493c988e9 rbx=0x73ebec0c3c71 rcx=0x460 rdx=0xffff182827bd4ff3 rsi=0x73ebec078377 rdi=0x80000000 r8=0x73ebec09b4b3 r9=0x0 r10=0x73ebec0c3c70 r11=0x40 r12=0x73ebec09b4b3 r13=0xffff8c1413f3c300 r14=0x0 r15=0x73ebec0c4088 rbp=0x73ebec07836d rsp=0x7ffc39b438f0 fs0x0=0xffffffff85cbba2a fs0x12=0x7ffc39b4396e00 fs0x60=0xfffffffffb78fc35 fs0x68=0x73ebec588fc0 fs0x71=0x1a44e4f8 fs0x81=0x73ebd1c29ef7 fs0xe1=0xf820000000000062 fs0x13d=0x206 fs0x16f=0x117b1e6001 fs0x1e8=0x7ffc39b438f0 fs0x13=0x7ffc39b4396e fs0x91=0x55effbdbf010 fs0xab=0xe5b23167ed350e87 fs0xb3=0x7ffc39b43950 fs0xcb=0x73ebece8f000 fs0x19d=0x73ebec588fde fs0x28=0x73ebecc12ac0 fs0x38=0x55eff7a35dc8 fs0x79=0x9 fs0x89=0x21 fs0x99=0x20 fs0xd3=0x73ebec588fc0 fs0x107=0x55effbdbf820 fs0x123=0x7ffc39b43e38 fs0x128=0x7f fs0x147=0x6 ip_w0=0x7c ip_w1=0x4dc1 ip_w2=0x2e00 ip_w3=0xcb07 ip_w4=0x44d4 ip_w5=0x79 ip_w6=0x318b ip_w7=0x79 ip_w8=0xde9f ip_w9=0x22ba ip_w10=0x7f20 ip_w11=0x13d ip_w12=0x162 ip_w13=0x0 ip_w14=0x30 ip_w15=0x0 target=0x73ebec09b4b3 target_off=0x9b4b3
[VMTAIL] site=0xa3dc4 count=117 frame=0x73ebec07836d frame_off=0x7836d vm_ip=0x73ebec367713 vm_ip_off=0x367713 vm_flags=0x5c5a4951 vm_state=0xaec59fe8 vm_byte=0x3a table=0x73ebec0c3718 table_off=0xc3718 rax=0x73ebec078377 rbx=0xffff8c146c7e87be rcx=0x510bb6 rdx=0xffffffffffc001fe rsi=0x73ebec078390 rdi=0x73ebec0c3aa8 r8=0x200 r9=0x73ebec07836d r10=0x395887d1 r11=0xffff8c1393f8d07f r12=0x800004 r13=0x73ebec0784dd r14=0x73ebec090319 r15=0x390 rbp=0x73ebec07836d rsp=0x7ffc39b438f0 fs0x0=0xfffffffffb78fc3e fs0x12=0x7ffc39b4396f00 fs0x60=0xfffffffffb78fc35 fs0x68=0x73ebec588fc0 fs0x71=0x1a44e4f8 fs0x81=0x73ebd1c29ef7 fs0xe1=0xf820000000000062 fs0x13d=0x206 fs0x16f=0xaec59fe801 fs0x1e8=0x7ffc39b438f0 fs0x13=0x7ffc39b4396f fs0x91=0x55effbdbf010 fs0xab=0xe5b23167ed350e87 fs0xb3=0x7ffc39b43950 fs0xcb=0x73ebece8f000 fs0x19d=0x73ebec588fdf fs0x28=0x73ebecc12ac0 fs0x38=0x55eff7a35dc8 fs0x79=0x9 fs0x89=0x21 fs0x99=0x20 fs0xd3=0x73ebec588fc0 fs0x107=0x55effbdbf820 fs0x123=0x7ffc39b43e38 fs0x128=0x7f fs0x147=0x6 ip_w0=0x9376 ip_w1=0x5628 ip_w2=0x8d4a ip_w3=0x4076 ip_w4=0x3e70 ip_w5=0x31d9 ip_w6=0xedde ip_w7=0x13d ip_w8=0xfaf5 ip_w9=0xab ip_w10=0x0 ip_w11=0x40 ip_w12=0x8000 ip_w13=0x9a ip_w14=0x38a0 ip_w15=0x1e8 target=0x73ebec090319 target_off=0x90319
[VMTAIL] site=0xb7699 count=118 frame=0x73ebec07836d frame_off=0x7836d vm_ip=0x73ebec3676e5 vm_ip_off=0x3676e5 vm_flags=0xea549f90 vm_state=0x117b1e60 vm_byte=0x3a table=0x73ebec0c3718 table_off=0xc3718 rax=0xffff8c1493c988e9 rbx=0x73ebec0c3c71 rcx=0x460 rdx=0xffff182827bd4ff3 rsi=0x73ebec078377 rdi=0x80000000 r8=0x73ebec09b4b3 r9=0x0 r10=0x73ebec0c3c70 r11=0x40 r12=0x73ebec09b4b3 r13=0xffff8c1413f3c300 r14=0x0 r15=0x73ebec0c4088 rbp=0x73ebec07836d rsp=0x7ffc39b438f0 fs0x0=0xffffffff85cbba29 fs0x12=0x7ffc39b4396f00 fs0x60=0xfffffffffb78fc35 fs0x68=0x73ebec588fc0 fs0x71=0x1a44e4f7 fs0x81=0x73ebd1c29ef7 fs0xe1=0xf820000000000062 fs0x13d=0x202 fs0x16f=0x117b1e6001 fs0x1e8=0x7ffc39b438f0 fs0x13=0x7ffc39b4396f fs0x91=0x55effbdbf010 fs0xab=0xe5b23167ed350e87 fs0xb3=0x7ffc39b43950 fs0xcb=0x73ebece8f000 fs0x19d=0x73ebec588fdf fs0x28=0x73ebecc12ac0 fs0x38=0x55eff7a35dc8 fs0x79=0x8 fs0x89=0x21 fs0x99=0x20 fs0xd3=0x73ebec588fc0 fs0x107=0x55effbdbf820 fs0x123=0x7ffc39b43e38 fs0x128=0x7f fs0x147=0x6 ip_w0=0x7c ip_w1=0x4dc1 ip_w2=0x2e00 ip_w3=0xcb07 ip_w4=0x44d4 ip_w5=0x79 ip_w6=0x318b ip_w7=0x79 ip_w8=0xde9f ip_w9=0x22ba ip_w10=0x7f20 ip_w11=0x13d ip_w12=0x162 ip_w13=0x0 ip_w14=0x30 ip_w15=0x0 target=0x73ebec09b4b3 target_off=0x9b4b3
[VMTAIL] site=0xa3dc4 count=119 frame=0x73ebec07836d frame_off=0x7836d vm_ip=0x73ebec367713 vm_ip_off=0x367713 vm_flags=0x5c5a4951 vm_state=0xaec59fe8 vm_byte=0x3a table=0x73ebec0c3718 table_off=0xc3718 rax=0x73ebec078377 rbx=0xffff8c146c7e87be rcx=0x510bb7 rdx=0xffffffffffc001fe rsi=0x73ebec078390 rdi=0x73ebec0c3aa8 r8=0x200 r9=0x73ebec07836d r10=0x395887d1 r11=0xffff8c1393f8d07f r12=0x800004 r13=0x73ebec0784dd r14=0x73ebec090319 r15=0x390 rbp=0x73ebec07836d rsp=0x7ffc39b438f0 fs0x0=0xfffffffffb78fc3d fs0x12=0x7ffc39b4397000 fs0x60=0xfffffffffb78fc35 fs0x68=0x73ebec588fc0 fs0x71=0x1a44e4f7 fs0x81=0x73ebd1c29ef7 fs0xe1=0xf820000000000062 fs0x13d=0x202 fs0x16f=0xaec59fe801 fs0x1e8=0x7ffc39b438f0 fs0x13=0x7ffc39b43970 fs0x91=0x55effbdbf010 fs0xab=0xe5b23167ed350e87 fs0xb3=0x7ffc39b43950 fs0xcb=0x73ebece8f000 fs0x19d=0x73ebec588fe0 fs0x28=0x73ebecc12ac0 fs0x38=0x55eff7a35dc8 fs0x79=0x8 fs0x89=0x21 fs0x99=0x20 fs0xd3=0x73ebec588fc0 fs0x107=0x55effbdbf820 fs0x123=0x7ffc39b43e38 fs0x128=0x7f fs0x147=0x6 ip_w0=0x9376 ip_w1=0x5628 ip_w2=0x8d4a ip_w3=0x4076 ip_w4=0x3e70 ip_w5=0x31d9 ip_w6=0xedde ip_w7=0x13d ip_w8=0xfaf5 ip_w9=0xab ip_w10=0x0 ip_w11=0x40 ip_w12=0x8000 ip_w13=0x9a ip_w14=0x38a0 ip_w15=0x1e8 target=0x73ebec090319 target_off=0x90319
[VMTAIL] site=0xb7699 count=120 frame=0x73ebec07836d frame_off=0x7836d vm_ip=0x73ebec3676e5 vm_ip_off=0x3676e5 vm_flags=0xea549f90 vm_state=0x117b1e60 vm_byte=0x3a table=0x73ebec0c3718 table_off=0xc3718 rax=0xffff8c1493c988e9 rbx=0x73ebec0c3c71 rcx=0x460 rdx=0xffff182827bd4ff3 rsi=0x73ebec078377 rdi=0x80000000 r8=0x73ebec09b4b3 r9=0x0 r10=0x73ebec0c3c70 r11=0x40 r12=0x73ebec09b4b3 r13=0xffff8c1413f3c300 r14=0x0 r15=0x73ebec0c4088 rbp=0x73ebec07836d rsp=0x7ffc39b438f0 fs0x0=0xffffffff85cbba28 fs0x12=0x7ffc39b4397000 fs0x60=0xfffffffffb78fc35 fs0x68=0x73ebec588fc0 fs0x71=0x1a44e4f6 fs0x81=0x73ebd1c29ef7 fs0xe1=0xf820000000000062 fs0x13d=0x202 fs0x16f=0x117b1e6001 fs0x1e8=0x7ffc39b438f0 fs0x13=0x7ffc39b43970 fs0x91=0x55effbdbf010 fs0xab=0xe5b23167ed350e87 fs0xb3=0x7ffc39b43950 fs0xcb=0x73ebece8f000 fs0x19d=0x73ebec588fe0 fs0x28=0x73ebecc12ac0 fs0x38=0x55eff7a35dc8 fs0x79=0x7 fs0x89=0x21 fs0x99=0x20 fs0xd3=0x73ebec588fc0 fs0x107=0x55effbdbf820 fs0x123=0x7ffc39b43e38 fs0x128=0x7f fs0x147=0x6 ip_w0=0x7c ip_w1=0x4dc1 ip_w2=0x2e00 ip_w3=0xcb07 ip_w4=0x44d4 ip_w5=0x79 ip_w6=0x318b ip_w7=0x79 ip_w8=0xde9f ip_w9=0x22ba ip_w10=0x7f20 ip_w11=0x13d ip_w12=0x162 ip_w13=0x0 ip_w14=0x30 ip_w15=0x0 target=0x73ebec09b4b3 target_off=0x9b4b3
[VMTAIL] site=0xa3dc4 count=121 frame=0x73ebec07836d frame_off=0x7836d vm_ip=0x73ebec367713 vm_ip_off=0x367713 vm_flags=0x5c5a4951 vm_state=0xaec59fe8 vm_byte=0x3a table=0x73ebec0c3718 table_off=0xc3718 rax=0x73ebec078377 rbx=0xffff8c146c7e87be rcx=0x510bb8 rdx=0xffffffffffc001f8 rsi=0x73ebec078390 rdi=0x73ebec0c3aa8 r8=0x200 r9=0x73ebec07836d r10=0x395887d1 r11=0xffff8c1393f8d07f r12=0x800010 r13=0x73ebec0784dd r14=0x73ebec090319 r15=0x390 rbp=0x73ebec07836d rsp=0x7ffc39b438f0 fs0x0=0xfffffffffb78fc3c fs0x12=0x7ffc39b4397100 fs0x60=0xfffffffffb78fc35 fs0x68=0x73ebec588fc0 fs0x71=0x1a44e4f6 fs0x81=0x73ebd1c29ef7 fs0xe1=0xf820000000000062 fs0x13d=0x202 fs0x16f=0xaec59fe801 fs0x1e8=0x7ffc39b438f0 fs0x13=0x7ffc39b43971 fs0x91=0x55effbdbf010 fs0xab=0xe5b23167ed350e87 fs0xb3=0x7ffc39b43950 fs0xcb=0x73ebece8f000 fs0x19d=0x73ebec588fe1 fs0x28=0x73ebecc12ac0 fs0x38=0x55eff7a35dc8 fs0x79=0x7 fs0x89=0x21 fs0x99=0x20 fs0xd3=0x73ebec588fc0 fs0x107=0x55effbdbf820 fs0x123=0x7ffc39b43e38 fs0x128=0x7f fs0x147=0x6 ip_w0=0x9376 ip_w1=0x5628 ip_w2=0x8d4a ip_w3=0x4076 ip_w4=0x3e70 ip_w5=0x31d9 ip_w6=0xedde ip_w7=0x13d ip_w8=0xfaf5 ip_w9=0xab ip_w10=0x0 ip_w11=0x40 ip_w12=0x8000 ip_w13=0x9a ip_w14=0x38a0 ip_w15=0x1e8 target=0x73ebec090319 target_off=0x90319
[VMTAIL] site=0xb7699 count=122 frame=0x73ebec07836d frame_off=0x7836d vm_ip=0x73ebec3676e5 vm_ip_off=0x3676e5 vm_flags=0xea549f90 vm_state=0x117b1e60 vm_byte=0x3a table=0x73ebec0c3718 table_off=0xc3718 rax=0xffff8c1493c988e9 rbx=0x73ebec0c3c71 rcx=0x460 rdx=0xffff182827bd4ff3 rsi=0x73ebec078377 rdi=0x80000000 r8=0x73ebec09b4b3 r9=0x0 r10=0x73ebec0c3c70 r11=0x40 r12=0x73ebec09b4b3 r13=0xffff8c1413f3c300 r14=0x0 r15=0x73ebec0c4088 rbp=0x73ebec07836d rsp=0x7ffc39b438f0 fs0x0=0xffffffff85cbba27 fs0x12=0x7ffc39b4397100 fs0x60=0xfffffffffb78fc35 fs0x68=0x73ebec588fc0 fs0x71=0x1a44e4f5 fs0x81=0x73ebd1c29ef7 fs0xe1=0xf820000000000062 fs0x13d=0x206 fs0x16f=0x117b1e6001 fs0x1e8=0x7ffc39b438f0 fs0x13=0x7ffc39b43971 fs0x91=0x55effbdbf010 fs0xab=0xe5b23167ed350e87 fs0xb3=0x7ffc39b43950 fs0xcb=0x73ebece8f000 fs0x19d=0x73ebec588fe1 fs0x28=0x73ebecc12ac0 fs0x38=0x55eff7a35dc8 fs0x79=0x6 fs0x89=0x21 fs0x99=0x20 fs0xd3=0x73ebec588fc0 fs0x107=0x55effbdbf820 fs0x123=0x7ffc39b43e38 fs0x128=0x7f fs0x147=0x6 ip_w0=0x7c ip_w1=0x4dc1 ip_w2=0x2e00 ip_w3=0xcb07 ip_w4=0x44d4 ip_w5=0x79 ip_w6=0x318b ip_w7=0x79 ip_w8=0xde9f ip_w9=0x22ba ip_w10=0x7f20 ip_w11=0x13d ip_w12=0x162 ip_w13=0x0 ip_w14=0x30 ip_w15=0x0 target=0x73ebec09b4b3 target_off=0x9b4b3
[VMTAIL] site=0xa3dc4 count=123 frame=0x73ebec07836d frame_off=0x7836d vm_ip=0x73ebec367713 vm_ip_off=0x367713 vm_flags=0x5c5a4951 vm_state=0xaec59fe8 vm_byte=0x3a table=0x73ebec0c3718 table_off=0xc3718 rax=0x73ebec078377 rbx=0xffff8c146c7e87be rcx=0x510bb9 rdx=0xffffffffffc001f8 rsi=0x73ebec078390 rdi=0x73ebec0c3aa8 r8=0x200 r9=0x73ebec07836d r10=0x395887d1 r11=0xffff8c1393f8d07f r12=0x800010 r13=0x73ebec0784dd r14=0x73ebec090319 r15=0x390 rbp=0x73ebec07836d rsp=0x7ffc39b438f0 fs0x0=0xfffffffffb78fc3b fs0x12=0x7ffc39b4397200 fs0x60=0xfffffffffb78fc35 fs0x68=0x73ebec588fc0 fs0x71=0x1a44e4f5 fs0x81=0x73ebd1c29ef7 fs0xe1=0xf820000000000062 fs0x13d=0x206 fs0x16f=0xaec59fe801 fs0x1e8=0x7ffc39b438f0 fs0x13=0x7ffc39b43972 fs0x91=0x55effbdbf010 fs0xab=0xe5b23167ed350e87 fs0xb3=0x7ffc39b43950 fs0xcb=0x73ebece8f000 fs0x19d=0x73ebec588fe2 fs0x28=0x73ebecc12ac0 fs0x38=0x55eff7a35dc8 fs0x79=0x6 fs0x89=0x21 fs0x99=0x20 fs0xd3=0x73ebec588fc0 fs0x107=0x55effbdbf820 fs0x123=0x7ffc39b43e38 fs0x128=0x7f fs0x147=0x6 ip_w0=0x9376 ip_w1=0x5628 ip_w2=0x8d4a ip_w3=0x4076 ip_w4=0x3e70 ip_w5=0x31d9 ip_w6=0xedde ip_w7=0x13d ip_w8=0xfaf5 ip_w9=0xab ip_w10=0x0 ip_w11=0x40 ip_w12=0x8000 ip_w13=0x9a ip_w14=0x38a0 ip_w15=0x1e8 target=0x73ebec090319 target_off=0x90319
[VMTAIL] site=0xb7699 count=124 frame=0x73ebec07836d frame_off=0x7836d vm_ip=0x73ebec3676e5 vm_ip_off=0x3676e5 vm_flags=0xea549f90 vm_state=0x117b1e60 vm_byte=0x3a table=0x73ebec0c3718 table_off=0xc3718 rax=0xffff8c1493c988e9 rbx=0x73ebec0c3c71 rcx=0x460 rdx=0xffff182827bd4ff3 rsi=0x73ebec078377 rdi=0x80000000 r8=0x73ebec09b4b3 r9=0x0 r10=0x73ebec0c3c70 r11=0x40 r12=0x73ebec09b4b3 r13=0xffff8c1413f3c300 r14=0x0 r15=0x73ebec0c4088 rbp=0x73ebec07836d rsp=0x7ffc39b438f0 fs0x0=0xffffffff85cbba26 fs0x12=0x7ffc39b4397200 fs0x60=0xfffffffffb78fc35 fs0x68=0x73ebec588fc0 fs0x71=0x1a44e4f4 fs0x81=0x73ebd1c29ef7 fs0xe1=0xf820000000000062 fs0x13d=0x206 fs0x16f=0x117b1e6001 fs0x1e8=0x7ffc39b438f0 fs0x13=0x7ffc39b43972 fs0x91=0x55effbdbf010 fs0xab=0xe5b23167ed350e87 fs0xb3=0x7ffc39b43950 fs0xcb=0x73ebece8f000 fs0x19d=0x73ebec588fe2 fs0x28=0x73ebecc12ac0 fs0x38=0x55eff7a35dc8 fs0x79=0x5 fs0x89=0x21 fs0x99=0x20 fs0xd3=0x73ebec588fc0 fs0x107=0x55effbdbf820 fs0x123=0x7ffc39b43e38 fs0x128=0x7f fs0x147=0x6 ip_w0=0x7c ip_w1=0x4dc1 ip_w2=0x2e00 ip_w3=0xcb07 ip_w4=0x44d4 ip_w5=0x79 ip_w6=0x318b ip_w7=0x79 ip_w8=0xde9f ip_w9=0x22ba ip_w10=0x7f20 ip_w11=0x13d ip_w12=0x162 ip_w13=0x0 ip_w14=0x30 ip_w15=0x0 target=0x73ebec09b4b3 target_off=0x9b4b3
[VMTAIL] site=0xa3dc4 count=125 frame=0x73ebec07836d frame_off=0x7836d vm_ip=0x73ebec367713 vm_ip_off=0x367713 vm_flags=0x5c5a4951 vm_state=0xaec59fe8 vm_byte=0x3a table=0x73ebec0c3718 table_off=0xc3718 rax=0x73ebec078377 rbx=0xffff8c146c7e87be rcx=0x510bba rdx=0xffffffffffc001f6 rsi=0x73ebec078390 rdi=0x73ebec0c3aa8 r8=0x200 r9=0x73ebec07836d r10=0x395887d1 r11=0xffff8c1393f8d07f r12=0x800014 r13=0x73ebec0784dd r14=0x73ebec090319 r15=0x390 rbp=0x73ebec07836d rsp=0x7ffc39b438f0 fs0x0=0xfffffffffb78fc3a fs0x12=0x7ffc39b4397300 fs0x60=0xfffffffffb78fc35 fs0x68=0x73ebec588fc0 fs0x71=0x1a44e4f4 fs0x81=0x73ebd1c29ef7 fs0xe1=0xf820000000000062 fs0x13d=0x206 fs0x16f=0xaec59fe801 fs0x1e8=0x7ffc39b438f0 fs0x13=0x7ffc39b43973 fs0x91=0x55effbdbf010 fs0xab=0xe5b23167ed350e87 fs0xb3=0x7ffc39b43950 fs0xcb=0x73ebece8f000 fs0x19d=0x73ebec588fe3 fs0x28=0x73ebecc12ac0 fs0x38=0x55eff7a35dc8 fs0x79=0x5 fs0x89=0x21 fs0x99=0x20 fs0xd3=0x73ebec588fc0 fs0x107=0x55effbdbf820 fs0x123=0x7ffc39b43e38 fs0x128=0x7f fs0x147=0x6 ip_w0=0x9376 ip_w1=0x5628 ip_w2=0x8d4a ip_w3=0x4076 ip_w4=0x3e70 ip_w5=0x31d9 ip_w6=0xedde ip_w7=0x13d ip_w8=0xfaf5 ip_w9=0xab ip_w10=0x0 ip_w11=0x40 ip_w12=0x8000 ip_w13=0x9a ip_w14=0x38a0 ip_w15=0x1e8 target=0x73ebec090319 target_off=0x90319
[VMTAIL] site=0xb7699 count=126 frame=0x73ebec07836d frame_off=0x7836d vm_ip=0x73ebec3676e5 vm_ip_off=0x3676e5 vm_flags=0xea549f90 vm_state=0x117b1e60 vm_byte=0x3a table=0x73ebec0c3718 table_off=0xc3718 rax=0xffff8c1493c988e9 rbx=0x73ebec0c3c71 rcx=0x460 rdx=0xffff182827bd4ff3 rsi=0x73ebec078377 rdi=0x80000000 r8=0x73ebec09b4b3 r9=0x0 r10=0x73ebec0c3c70 r11=0x40 r12=0x73ebec09b4b3 r13=0xffff8c1413f3c300 r14=0x0 r15=0x73ebec0c4088 rbp=0x73ebec07836d rsp=0x7ffc39b438f0 fs0x0=0xffffffff85cbba25 fs0x12=0x7ffc39b4397300 fs0x60=0xfffffffffb78fc35 fs0x68=0x73ebec588fc0 fs0x71=0x1a44e4f3 fs0x81=0x73ebd1c29ef7 fs0xe1=0xf820000000000062 fs0x13d=0x202 fs0x16f=0x117b1e6001 fs0x1e8=0x7ffc39b438f0 fs0x13=0x7ffc39b43973 fs0x91=0x55effbdbf010 fs0xab=0xe5b23167ed350e87 fs0xb3=0x7ffc39b43950 fs0xcb=0x73ebece8f000 fs0x19d=0x73ebec588fe3 fs0x28=0x73ebecc12ac0 fs0x38=0x55eff7a35dc8 fs0x79=0x4 fs0x89=0x21 fs0x99=0x20 fs0xd3=0x73ebec588fc0 fs0x107=0x55effbdbf820 fs0x123=0x7ffc39b43e38 fs0x128=0x7f fs0x147=0x6 ip_w0=0x7c ip_w1=0x4dc1 ip_w2=0x2e00 ip_w3=0xcb07 ip_w4=0x44d4 ip_w5=0x79 ip_w6=0x318b ip_w7=0x79 ip_w8=0xde9f ip_w9=0x22ba ip_w10=0x7f20 ip_w11=0x13d ip_w12=0x162 ip_w13=0x0 ip_w14=0x30 ip_w15=0x0 target=0x73ebec09b4b3 target_off=0x9b4b3
[VMTAIL] site=0xa3dc4 count=127 frame=0x73ebec07836d frame_off=0x7836d vm_ip=0x73ebec367713 vm_ip_off=0x367713 vm_flags=0x5c5a4951 vm_state=0xaec59fe8 vm_byte=0x3a table=0x73ebec0c3718 table_off=0xc3718 rax=0x73ebec078377 rbx=0xffff8c146c7e87be rcx=0x510bbb rdx=0xffffffffffc001f6 rsi=0x73ebec078390 rdi=0x73ebec0c3aa8 r8=0x200 r9=0x73ebec07836d r10=0x395887d1 r11=0xffff8c1393f8d07f r12=0x800014 r13=0x73ebec0784dd r14=0x73ebec090319 r15=0x390 rbp=0x73ebec07836d rsp=0x7ffc39b438f0 fs0x0=0xfffffffffb78fc39 fs0x12=0x7ffc39b4397400 fs0x60=0xfffffffffb78fc35 fs0x68=0x73ebec588fc0 fs0x71=0x1a44e4f3 fs0x81=0x73ebd1c29ef7 fs0xe1=0xf820000000000062 fs0x13d=0x202 fs0x16f=0xaec59fe801 fs0x1e8=0x7ffc39b438f0 fs0x13=0x7ffc39b43974 fs0x91=0x55effbdbf010 fs0xab=0xe5b23167ed350e87 fs0xb3=0x7ffc39b43950 fs0xcb=0x73ebece8f000 fs0x19d=0x73ebec588fe4 fs0x28=0x73ebecc12ac0 fs0x38=0x55eff7a35dc8 fs0x79=0x4 fs0x89=0x21 fs0x99=0x20 fs0xd3=0x73ebec588fc0 fs0x107=0x55effbdbf820 fs0x123=0x7ffc39b43e38 fs0x128=0x7f fs0x147=0x6 ip_w0=0x9376 ip_w1=0x5628 ip_w2=0x8d4a ip_w3=0x4076 ip_w4=0x3e70 ip_w5=0x31d9 ip_w6=0xedde ip_w7=0x13d ip_w8=0xfaf5 ip_w9=0xab ip_w10=0x0 ip_w11=0x40 ip_w12=0x8000 ip_w13=0x9a ip_w14=0x38a0 ip_w15=0x1e8 target=0x73ebec090319 target_off=0x90319
[VMTAIL] site=0xb7699 count=128 frame=0x73ebec07836d frame_off=0x7836d vm_ip=0x73ebec3676e5 vm_ip_off=0x3676e5 vm_flags=0xea549f90 vm_state=0x117b1e60 vm_byte=0x3a table=0x73ebec0c3718 table_off=0xc3718 rax=0xffff8c1493c988e9 rbx=0x73ebec0c3c71 rcx=0x460 rdx=0xffff182827bd4ff3 rsi=0x73ebec078377 rdi=0x80000000 r8=0x73ebec09b4b3 r9=0x0 r10=0x73ebec0c3c70 r11=0x40 r12=0x73ebec09b4b3 r13=0xffff8c1413f3c300 r14=0x0 r15=0x73ebec0c4088 rbp=0x73ebec07836d rsp=0x7ffc39b438f0 fs0x0=0xffffffff85cbba24 fs0x12=0x7ffc39b4397400 fs0x60=0xfffffffffb78fc35 fs0x68=0x73ebec588fc0 fs0x71=0x1a44e4f2 fs0x81=0x73ebd1c29ef7 fs0xe1=0xf820000000000062 fs0x13d=0x206 fs0x16f=0x117b1e6001 fs0x1e8=0x7ffc39b438f0 fs0x13=0x7ffc39b43974 fs0x91=0x55effbdbf010 fs0xab=0xe5b23167ed350e87 fs0xb3=0x7ffc39b43950 fs0xcb=0x73ebece8f000 fs0x19d=0x73ebec588fe4 fs0x28=0x73ebecc12ac0 fs0x38=0x55eff7a35dc8 fs0x79=0x3 fs0x89=0x21 fs0x99=0x20 fs0xd3=0x73ebec588fc0 fs0x107=0x55effbdbf820 fs0x123=0x7ffc39b43e38 fs0x128=0x7f fs0x147=0x6 ip_w0=0x7c ip_w1=0x4dc1 ip_w2=0x2e00 ip_w3=0xcb07 ip_w4=0x44d4 ip_w5=0x79 ip_w6=0x318b ip_w7=0x79 ip_w8=0xde9f ip_w9=0x22ba ip_w10=0x7f20 ip_w11=0x13d ip_w12=0x162 ip_w13=0x0 ip_w14=0x30 ip_w15=0x0 target=0x73ebec09b4b3 target_off=0x9b4b3
[VMTAIL] site=0xa3dc4 count=129 frame=0x73ebec07836d frame_off=0x7836d vm_ip=0x73ebec367713 vm_ip_off=0x367713 vm_flags=0x5c5a4951 vm_state=0xaec59fe8 vm_byte=0x3a table=0x73ebec0c3718 table_off=0xc3718 rax=0x73ebec078377 rbx=0xffff8c146c7e87be rcx=0x510bbc rdx=0xffffffffffc001f8 rsi=0x73ebec078390 rdi=0x73ebec0c3aa8 r8=0x200 r9=0x73ebec07836d r10=0x395887d1 r11=0xffff8c1393f8d07f r12=0x800010 r13=0x73ebec0784dd r14=0x73ebec090319 r15=0x390 rbp=0x73ebec07836d rsp=0x7ffc39b438f0 fs0x0=0xfffffffffb78fc38 fs0x12=0x7ffc39b4397500 fs0x60=0xfffffffffb78fc35 fs0x68=0x73ebec588fc0 fs0x71=0x1a44e4f2 fs0x81=0x73ebd1c29ef7 fs0xe1=0xf820000000000062 fs0x13d=0x206 fs0x16f=0xaec59fe801 fs0x1e8=0x7ffc39b438f0 fs0x13=0x7ffc39b43975 fs0x91=0x55effbdbf010 fs0xab=0xe5b23167ed350e87 fs0xb3=0x7ffc39b43950 fs0xcb=0x73ebece8f000 fs0x19d=0x73ebec588fe5 fs0x28=0x73ebecc12ac0 fs0x38=0x55eff7a35dc8 fs0x79=0x3 fs0x89=0x21 fs0x99=0x20 fs0xd3=0x73ebec588fc0 fs0x107=0x55effbdbf820 fs0x123=0x7ffc39b43e38 fs0x128=0x7f fs0x147=0x6 ip_w0=0x9376 ip_w1=0x5628 ip_w2=0x8d4a ip_w3=0x4076 ip_w4=0x3e70 ip_w5=0x31d9 ip_w6=0xedde ip_w7=0x13d ip_w8=0xfaf5 ip_w9=0xab ip_w10=0x0 ip_w11=0x40 ip_w12=0x8000 ip_w13=0x9a ip_w14=0x38a0 ip_w15=0x1e8 target=0x73ebec090319 target_off=0x90319
[VMTAIL] site=0xb7699 count=130 frame=0x73ebec07836d frame_off=0x7836d vm_ip=0x73ebec3676e5 vm_ip_off=0x3676e5 vm_flags=0xea549f90 vm_state=0x117b1e60 vm_byte=0x3a table=0x73ebec0c3718 table_off=0xc3718 rax=0xffff8c1493c988e9 rbx=0x73ebec0c3c71 rcx=0x460 rdx=0xffff182827bd4ff3 rsi=0x73ebec078377 rdi=0x80000000 r8=0x73ebec09b4b3 r9=0x0 r10=0x73ebec0c3c70 r11=0x40 r12=0x73ebec09b4b3 r13=0xffff8c1413f3c300 r14=0x0 r15=0x73ebec0c4088 rbp=0x73ebec07836d rsp=0x7ffc39b438f0 fs0x0=0xffffffff85cbba23 fs0x12=0x7ffc39b4397500 fs0x60=0xfffffffffb78fc35 fs0x68=0x73ebec588fc0 fs0x71=0x1a44e4f1 fs0x81=0x73ebd1c29ef7 fs0xe1=0xf820000000000062 fs0x13d=0x202 fs0x16f=0x117b1e6001 fs0x1e8=0x7ffc39b438f0 fs0x13=0x7ffc39b43975 fs0x91=0x55effbdbf010 fs0xab=0xe5b23167ed350e87 fs0xb3=0x7ffc39b43950 fs0xcb=0x73ebece8f000 fs0x19d=0x73ebec588fe5 fs0x28=0x73ebecc12ac0 fs0x38=0x55eff7a35dc8 fs0x79=0x2 fs0x89=0x21 fs0x99=0x20 fs0xd3=0x73ebec588fc0 fs0x107=0x55effbdbf820 fs0x123=0x7ffc39b43e38 fs0x128=0x7f fs0x147=0x6 ip_w0=0x7c ip_w1=0x4dc1 ip_w2=0x2e00 ip_w3=0xcb07 ip_w4=0x44d4 ip_w5=0x79 ip_w6=0x318b ip_w7=0x79 ip_w8=0xde9f ip_w9=0x22ba ip_w10=0x7f20 ip_w11=0x13d ip_w12=0x162 ip_w13=0x0 ip_w14=0x30 ip_w15=0x0 target=0x73ebec09b4b3 target_off=0x9b4b3
[VMTAIL] site=0xa3dc4 count=131 frame=0x73ebec07836d frame_off=0x7836d vm_ip=0x73ebec367713 vm_ip_off=0x367713 vm_flags=0x5c5a4951 vm_state=0xaec59fe8 vm_byte=0x3a table=0x73ebec0c3718 table_off=0xc3718 rax=0x73ebec078377 rbx=0xffff8c146c7e87be rcx=0x510bbd rdx=0xffffffffffc001f8 rsi=0x73ebec078390 rdi=0x73ebec0c3aa8 r8=0x200 r9=0x73ebec07836d r10=0x395887d1 r11=0xffff8c1393f8d07f r12=0x800010 r13=0x73ebec0784dd r14=0x73ebec090319 r15=0x390 rbp=0x73ebec07836d rsp=0x7ffc39b438f0 fs0x0=0xfffffffffb78fc37 fs0x12=0x7ffc39b4397600 fs0x60=0xfffffffffb78fc35 fs0x68=0x73ebec588fc0 fs0x71=0x1a44e4f1 fs0x81=0x73ebd1c29ef7 fs0xe1=0xf820000000000062 fs0x13d=0x202 fs0x16f=0xaec59fe801 fs0x1e8=0x7ffc39b438f0 fs0x13=0x7ffc39b43976 fs0x91=0x55effbdbf010 fs0xab=0xe5b23167ed350e87 fs0xb3=0x7ffc39b43950 fs0xcb=0x73ebece8f000 fs0x19d=0x73ebec588fe6 fs0x28=0x73ebecc12ac0 fs0x38=0x55eff7a35dc8 fs0x79=0x2 fs0x89=0x21 fs0x99=0x20 fs0xd3=0x73ebec588fc0 fs0x107=0x55effbdbf820 fs0x123=0x7ffc39b43e38 fs0x128=0x7f fs0x147=0x6 ip_w0=0x9376 ip_w1=0x5628 ip_w2=0x8d4a ip_w3=0x4076 ip_w4=0x3e70 ip_w5=0x31d9 ip_w6=0xedde ip_w7=0x13d ip_w8=0xfaf5 ip_w9=0xab ip_w10=0x0 ip_w11=0x40 ip_w12=0x8000 ip_w13=0x9a ip_w14=0x38a0 ip_w15=0x1e8 target=0x73ebec090319 target_off=0x90319
[VMTAIL] site=0xb7699 count=132 frame=0x73ebec07836d frame_off=0x7836d vm_ip=0x73ebec3676e5 vm_ip_off=0x3676e5 vm_flags=0xea549f90 vm_state=0x117b1e60 vm_byte=0x3a table=0x73ebec0c3718 table_off=0xc3718 rax=0xffff8c1493c988e9 rbx=0x73ebec0c3c71 rcx=0x460 rdx=0xffff182827bd4ff3 rsi=0x73ebec078377 rdi=0x80000000 r8=0x73ebec09b4b3 r9=0x0 r10=0x73ebec0c3c70 r11=0x40 r12=0x73ebec09b4b3 r13=0xffff8c1413f3c300 r14=0x0 r15=0x73ebec0c4088 rbp=0x73ebec07836d rsp=0x7ffc39b438f0 fs0x0=0xffffffff85cbba22 fs0x12=0x7ffc39b4397600 fs0x60=0xfffffffffb78fc35 fs0x68=0x73ebec588fc0 fs0x71=0x1a44e4f0 fs0x81=0x73ebd1c29ef7 fs0xe1=0xf820000000000062 fs0x13d=0x202 fs0x16f=0x117b1e6001 fs0x1e8=0x7ffc39b438f0 fs0x13=0x7ffc39b43976 fs0x91=0x55effbdbf010 fs0xab=0xe5b23167ed350e87 fs0xb3=0x7ffc39b43950 fs0xcb=0x73ebece8f000 fs0x19d=0x73ebec588fe6 fs0x28=0x73ebecc12ac0 fs0x38=0x55eff7a35dc8 fs0x79=0x1 fs0x89=0x21 fs0x99=0x20 fs0xd3=0x73ebec588fc0 fs0x107=0x55effbdbf820 fs0x123=0x7ffc39b43e38 fs0x128=0x7f fs0x147=0x6 ip_w0=0x7c ip_w1=0x4dc1 ip_w2=0x2e00 ip_w3=0xcb07 ip_w4=0x44d4 ip_w5=0x79 ip_w6=0x318b ip_w7=0x79 ip_w8=0xde9f ip_w9=0x22ba ip_w10=0x7f20 ip_w11=0x13d ip_w12=0x162 ip_w13=0x0 ip_w14=0x30 ip_w15=0x0 target=0x73ebec09b4b3 target_off=0x9b4b3
[VMTAIL] site=0xa3dc4 count=133 frame=0x73ebec07836d frame_off=0x7836d vm_ip=0x73ebec367713 vm_ip_off=0x367713 vm_flags=0x5c5a4951 vm_state=0xaec59fe8 vm_byte=0x3a table=0x73ebec0c3718 table_off=0xc3718 rax=0x73ebec078377 rbx=0xffff8c146c7e87be rcx=0x510bbe rdx=0xffffffffffc001f6 rsi=0x73ebec078390 rdi=0x73ebec0c3aa8 r8=0x200 r9=0x73ebec07836d r10=0x395887d1 r11=0xffff8c1393f8d07f r12=0x800014 r13=0x73ebec0784dd r14=0x73ebec090319 r15=0x390 rbp=0x73ebec07836d rsp=0x7ffc39b438f0 fs0x0=0xfffffffffb78fc36 fs0x12=0x7ffc39b4397700 fs0x60=0xfffffffffb78fc35 fs0x68=0x73ebec588fc0 fs0x71=0x1a44e4f0 fs0x81=0x73ebd1c29ef7 fs0xe1=0xf820000000000062 fs0x13d=0x202 fs0x16f=0xaec59fe801 fs0x1e8=0x7ffc39b438f0 fs0x13=0x7ffc39b43977 fs0x91=0x55effbdbf010 fs0xab=0xe5b23167ed350e87 fs0xb3=0x7ffc39b43950 fs0xcb=0x73ebece8f000 fs0x19d=0x73ebec588fe7 fs0x28=0x73ebecc12ac0 fs0x38=0x55eff7a35dc8 fs0x79=0x1 fs0x89=0x21 fs0x99=0x20 fs0xd3=0x73ebec588fc0 fs0x107=0x55effbdbf820 fs0x123=0x7ffc39b43e38 fs0x128=0x7f fs0x147=0x6 ip_w0=0x9376 ip_w1=0x5628 ip_w2=0x8d4a ip_w3=0x4076 ip_w4=0x3e70 ip_w5=0x31d9 ip_w6=0xedde ip_w7=0x13d ip_w8=0xfaf5 ip_w9=0xab ip_w10=0x0 ip_w11=0x40 ip_w12=0x8000 ip_w13=0x9a ip_w14=0x38a0 ip_w15=0x1e8 target=0x73ebec090319 target_off=0x90319
[VMTAIL] site=0xb7699 count=134 frame=0x73ebec07836d frame_off=0x7836d vm_ip=0x73ebec3676e5 vm_ip_off=0x3676e5 vm_flags=0xea549f90 vm_state=0x117b1e60 vm_byte=0x3a table=0x73ebec0c3718 table_off=0xc3718 rax=0xffff8c1493c988e9 rbx=0x73ebec0c3c71 rcx=0x460 rdx=0xffff182827bd4ff3 rsi=0x73ebec078377 rdi=0x80000000 r8=0x73ebec09b4b3 r9=0x0 r10=0x73ebec0c3c70 r11=0x40 r12=0x73ebec09b4b3 r13=0xffff8c1413f3c300 r14=0x0 r15=0x73ebec0c4088 rbp=0x73ebec07836d rsp=0x7ffc39b438f0 fs0x0=0xffffffff85cbba21 fs0x12=0x7ffc39b4397700 fs0x60=0xfffffffffb78fc35 fs0x68=0x73ebec588fc0 fs0x71=0x1a44e4ef fs0x81=0x73ebd1c29ef7 fs0xe1=0xf820000000000062 fs0x13d=0x246 fs0x16f=0x117b1e6001 fs0x1e8=0x7ffc39b438f0 fs0x13=0x7ffc39b43977 fs0x91=0x55effbdbf010 fs0xab=0xe5b23167ed350e87 fs0xb3=0x7ffc39b43950 fs0xcb=0x73ebece8f000 fs0x19d=0x73ebec588fe7 fs0x28=0x73ebecc12ac0 fs0x38=0x55eff7a35dc8 fs0x79=0x0 fs0x89=0x21 fs0x99=0x20 fs0xd3=0x73ebec588fc0 fs0x107=0x55effbdbf820 fs0x123=0x7ffc39b43e38 fs0x128=0x7f fs0x147=0x6 ip_w0=0x7c ip_w1=0x4dc1 ip_w2=0x2e00 ip_w3=0xcb07 ip_w4=0x44d4 ip_w5=0x79 ip_w6=0x318b ip_w7=0x79 ip_w8=0xde9f ip_w9=0x22ba ip_w10=0x7f20 ip_w11=0x13d ip_w12=0x162 ip_w13=0x0 ip_w14=0x30 ip_w15=0x0 target=0x73ebec09b4b3 target_off=0x9b4b3
[VMTAIL] site=0xbe55b count=135 frame=0x73ebec07836d frame_off=0x7836d vm_ip=0x73ebec36772d vm_ip_off=0x36772d vm_flags=0x16831a14 vm_state=0x7d53a2f8 vm_byte=0x3a table=0x73ebec0c3718 table_off=0xc3718 rax=0x73ebec078377 rbx=0x73ebec367701 rcx=0x73ebec07a580 rdx=0x73ebec0c2241 rsi=0xb10 rdi=0xffffffffec0783a2 r8=0x73ebec4a4c59 r9=0x0 r10=0x73eb2801fffd r11=0x246 r12=0x73ebec0c4201 r13=0x73ebec07837f r14=0x30 r15=0x73ebec07847c rbp=0x73ebec07836d rsp=0x7ffc39b438f0 fs0x0=0xfffffffffb78fc35 fs0x12=0x7ffc39b4397701 fs0x60=0xfffffffffb78fc35 fs0x68=0x73ebec588fc0 fs0x71=0x1a44e4ef fs0x81=0x73ebd1c29ef7 fs0xe1=0xf820000000000062 fs0x13d=0x246 fs0x16f=0x7d53a2f801 fs0x1e8=0x7ffc39b438f0 fs0x13=0x7ffc39b43977 fs0x91=0x55effbdbf010 fs0xab=0xe5b23167ed350e87 fs0xb3=0x7ffc39b43950 fs0xcb=0x73ebece8f000 fs0x19d=0x73ebec588fe7 fs0x28=0x73ebecc12ac0 fs0x38=0x55eff7a35dc8 fs0x79=0x0 fs0x89=0x21 fs0x99=0x20 fs0xd3=0x73ebec588fc0 fs0x107=0x55effbdbf820 fs0x123=0x7ffc39b43e38 fs0x128=0x7f fs0x147=0x6 ip_w0=0x9a ip_w1=0x38a0 ip_w2=0x1e8 ip_w3=0x98b ip_w4=0x1e8 ip_w5=0x9cc2 ip_w6=0x54f2 ip_w7=0x6ce9 ip_w8=0x1905 ip_w9=0x9efd ip_w10=0x3e ip_w11=0x13d ip_w12=0x8e9 ip_w13=0x64f ip_w14=0xac8 ip_w15=0xcd9f target=0x73ebec0c2241 target_off=0xc2241
[VMTAIL] site=0xa062e count=136 frame=0x73ebec07836d frame_off=0x7836d vm_ip=0x73ebec367931 vm_ip_off=0x367931 vm_flags=0x1f5ae899 vm_state=0xbfee9fd0 vm_byte=0x3a table=0x73ebec0c3718 table_off=0xc3718 rax=0x0 rbx=0x73ebec0c3c40 rcx=0x73ebec078377 rdx=0x73ebec0c3c40 rsi=0xffffffffffffff6b rdi=0x0 r8=0x0 r9=0x73ebec0784dd r10=0x464bc652 r11=0x73ebec07843a r12=0x0 r13=0xfffffffffffff4a3 r14=0x73ebec09a24c r15=0x73ebec0784dd rbp=0x73ebec07836d rsp=0x7ffc39b438f0 fs0x0=0xcec76bdb66e9bfbb fs0x12=0x7ffc39b4397701 fs0x60=0x11946a67 fs0x68=0x7ffc39b43940 fs0x71=0x1a44e4ef fs0x81=0x7ffc1f6f5451 fs0xe1=0xf820000000000062 fs0x13d=0x246 fs0x16f=0xbfee9fd000 fs0x1e8=0x7ffc39b438f0 fs0x13=0x7ffc39b43977 fs0x91=0x55effbdbf010 fs0xab=0xe5b23167ed350e87 fs0xb3=0x2a10bbf2 fs0xcb=0x73ebece8f000 fs0x19d=0x7ffc39b43950 fs0x28=0x73ebecc12ac0 fs0x38=0x55eff7a35dc8 fs0x79=0x0 fs0x89=0x21 fs0x99=0x20 fs0xd3=0x73ebec588fc0 fs0x107=0x55effbdbf820 fs0x123=0x7ffc39b43e38 fs0x128=0x7f fs0x147=0x6 ip_w0=0x154 ip_w1=0x138c ip_w2=0x68 ip_w3=0xdd7b ip_w4=0xd2ed ip_w5=0x4877 ip_w6=0x346d ip_w7=0x6bb9 ip_w8=0x1e8 ip_w9=0x278 ip_w10=0x2e68 ip_w11=0x3d27 ip_w12=0x1 ip_w13=0x9204 ip_w14=0x1481 ip_w15=0xa74c target=0x73ebec09a24c target_off=0x9a24c
[VMTAIL] site=0xae32f count=137 frame=0x73ebec07836d frame_off=0x7836d vm_ip=0x73ebec367c1f vm_ip_off=0x367c1f vm_flags=0x9e0b95b6 vm_state=0x8020620 vm_byte=0x3a table=0x73ebec0c3718 table_off=0xc3718 rax=0xe7d7580f09ec rbx=0x0 rcx=0x620 rdx=0xffffffffec0c3a38 rsi=0x0 rdi=0x73ebec078377 r8=0x73ebec0784dd r9=0xffff8c14f7f3ed7a r10=0x73ebec0c3d38 r11=0x73ebec09fbcd r12=0x440 r13=0xffff8c1413f87b24 r14=0x73ebd813bf13 r15=0xac030620 rbp=0x73ebec07836d rsp=0x7ffc39b438f0 fs0x0=0x7ffc34178e99 fs0x12=0x7ffc39b4397700 fs0x60=0xffffffff991fb4c8 fs0x68=0x7ffc39b43940 fs0x71=0x1a44e4ef fs0x81=0x7ffc1f6f5451 fs0xe1=0xf820000000000062 fs0x13d=0x293 fs0x16f=0x802062001 fs0x1e8=0x7ffc39b438f0 fs0x13=0x7ffc39b43977 fs0x91=0x55effbdbf010 fs0xab=0xe5b23167ed350e87 fs0xb3=0xaddca8a0 fs0xcb=0x73ebece8f000 fs0x19d=0x7ffc39b43950 fs0x28=0x73ebecc12ac0 fs0x38=0x55eff7a35dc8 fs0x79=0x0 fs0x89=0x21 fs0x99=0x20 fs0xd3=0x73ebec588fc0 fs0x107=0x55effbdbf820 fs0x123=0x7ffc39b43e38 fs0x128=0x7f fs0x147=0x6 ip_w0=0xff74 ip_w1=0xff6c ip_w2=0x77a3 ip_w3=0x9dca ip_w4=0x7d0b ip_w5=0x7853 ip_w6=0xe8fc ip_w7=0x1 ip_w8=0x4e48 ip_w9=0x13d ip_w10=0xb20 ip_w11=0x5f9b ip_w12=0x33a4 ip_w13=0x5e56 ip_w14=0xa4d5 ip_w15=0x55c7 target=0x73ebec09fbcd target_off=0x9fbcd
[VMTAIL] site=0xb7699 count=138 frame=0x73ebec07836d frame_off=0x7836d vm_ip=0x73ebec367931 vm_ip_off=0x367931 vm_flags=0x6f40cdd1 vm_state=0xee7c393a vm_byte=0x50 table=0x73ebec0c3718 table_off=0xc3718 rax=0xffff8c1493c98180 rbx=0x73ebec0c3c41 rcx=0x460 rdx=0xffff182827bd484a rsi=0x73ebec078377 rdi=0x80000000 r8=0x73ebec09a24c r9=0x0 r10=0x73ebec0c3c40 r11=0x55d r12=0x73ebec09a24c r13=0xffff8c1413f3c330 r14=0x0 r15=0x73ebec0c4088 rbp=0x73ebec07836d rsp=0x7ffc39b438f0 fs0x0=0x47f24858 fs0x12=0x7ffc39b4397700 fs0x60=0xa5bbd558 fs0x68=0x7ffc39b43900 fs0x71=0xe29e0be1 fs0x81=0x7ffc1f6f5411 fs0xe1=0xf820000000000062 fs0x13d=0x202 fs0x16f=0xee7c393a00 fs0x1e8=0x7ffc39b438f0 fs0x13=0x7ffc39b43977 fs0x91=0x55effbdbf010 fs0xab=0xe5b23167ed350e87 fs0xb3=0xc85926f2 fs0xcb=0x73ebece8f000 fs0x19d=0x7ffc39b43950 fs0x28=0x73ebecc12ac0 fs0x38=0x55eff7a35dc8 fs0x79=0x7ffc39b43950 fs0x89=0x21 fs0x99=0x20 fs0xd3=0x7ffc39b43950 fs0x107=0x55effbdbf820 fs0x123=0x7ffc39b43e38 fs0x128=0x7f fs0x147=0x6 ip_w0=0x154 ip_w1=0x138c ip_w2=0x68 ip_w3=0xdd7b ip_w4=0xd2ed ip_w5=0x4877 ip_w6=0x346d ip_w7=0x6bb9 ip_w8=0x1e8 ip_w9=0x278 ip_w10=0x2e68 ip_w11=0x3d27 ip_w12=0x1 ip_w13=0x9204 ip_w14=0x1481 ip_w15=0xa74c target=0x73ebec09a24c target_off=0x9a24c
[VMTAIL] site=0xae32f count=139 frame=0x73ebec07836d frame_off=0x7836d vm_ip=0x73ebec367c1f vm_ip_off=0x367c1f vm_flags=0x9e0b95b6 vm_state=0x8020620 vm_byte=0x3a table=0x73ebec0c3718 table_off=0xc3718 rax=0xe7d7580f09ec rbx=0x0 rcx=0x620 rdx=0xffffffffec0c3a38 rsi=0x0 rdi=0x73ebec078377 r8=0x73ebec0784dd r9=0xffff8c14f7f3ed7a r10=0x73ebec0c3d38 r11=0x73ebec09fbcd r12=0x440 r13=0xffff8c1413f87b24 r14=0x73ebd813bf13 r15=0xac030620 rbp=0x73ebec07836d rsp=0x7ffc39b438f0 fs0x0=0x7ffc34178e99 fs0x12=0x7ffc39b4397700 fs0x60=0xffffffff991fb4c8 fs0x68=0x7ffc39b43940 fs0x71=0x1a44e4f0 fs0x81=0x7ffc1f6f5451 fs0xe1=0xf820000000000062 fs0x13d=0x297 fs0x16f=0x802062001 fs0x1e8=0x7ffc39b438f0 fs0x13=0x7ffc39b43977 fs0x91=0x55effbdbf010 fs0xab=0xe5b23167ed350e87 fs0xb3=0x90e21620 fs0xcb=0x73ebece8f000 fs0x19d=0x7ffc39b43950 fs0x28=0x73ebecc12ac0 fs0x38=0x55eff7a35dc8 fs0x79=0x7ffc39b43950 fs0x89=0x21 fs0x99=0x20 fs0xd3=0x7ffc39b43950 fs0x107=0x55effbdbf820 fs0x123=0x7ffc39b43e38 fs0x128=0x7f fs0x147=0x6 ip_w0=0xff74 ip_w1=0xff6c ip_w2=0x77a3 ip_w3=0x9dca ip_w4=0x7d0b ip_w5=0x7853 ip_w6=0xe8fc ip_w7=0x1 ip_w8=0x4e48 ip_w9=0x13d ip_w10=0xb20 ip_w11=0x5f9b ip_w12=0x33a4 ip_w13=0x5e56 ip_w14=0xa4d5 ip_w15=0x55c7 target=0x73ebec09fbcd target_off=0x9fbcd
[VMTAIL] site=0xb7699 count=140 frame=0x73ebec07836d frame_off=0x7836d vm_ip=0x73ebec367931 vm_ip_off=0x367931 vm_flags=0x6f40cdd1 vm_state=0xee7c393a vm_byte=0x50 table=0x73ebec0c3718 table_off=0xc3718 rax=0xffff8c1493c98180 rbx=0x73ebec0c3c41 rcx=0x460 rdx=0xffff182827bd484a rsi=0x73ebec078377 rdi=0x80000000 r8=0x73ebec09a24c r9=0x0 r10=0x73ebec0c3c40 r11=0x55d r12=0x73ebec09a24c r13=0xffff8c1413f3c330 r14=0x0 r15=0x73ebec0c4088 rbp=0x73ebec07836d rsp=0x7ffc39b438f0 fs0x0=0xa5bbd558 fs0x12=0x7ffc39b4397700 fs0x60=0xd3d070e2 fs0x68=0x7ffc39b43900 fs0x71=0xd8776837 fs0x81=0x7ffc1f6f5411 fs0xe1=0xf820000000000062 fs0x13d=0x202 fs0x16f=0xee7c393a00 fs0x1e8=0x7ffc39b438f0 fs0x13=0x7ffc39b43977 fs0x91=0x55effbdbf010 fs0xab=0xe5b23167ed350e87 fs0xb3=0xbe328348 fs0xcb=0x73ebece8f000 fs0x19d=0x7ffc39b43950 fs0x28=0x73ebecc12ac0 fs0x38=0x55eff7a35dc8 fs0x79=0x7ffc39b43950 fs0x89=0x21 fs0x99=0x20 fs0xd3=0x7ffc39b43954 fs0x107=0x55effbdbf820 fs0x123=0x7ffc39b43e38 fs0x128=0x7f fs0x147=0x6 ip_w0=0x154 ip_w1=0x138c ip_w2=0x68 ip_w3=0xdd7b ip_w4=0xd2ed ip_w5=0x4877 ip_w6=0x346d ip_w7=0x6bb9 ip_w8=0x1e8 ip_w9=0x278 ip_w10=0x2e68 ip_w11=0x3d27 ip_w12=0x1 ip_w13=0x9204 ip_w14=0x1481 ip_w15=0xa74c target=0x73ebec09a24c target_off=0x9a24c
[VMTAIL] site=0xae32f count=141 frame=0x73ebec07836d frame_off=0x7836d vm_ip=0x73ebec367c1f vm_ip_off=0x367c1f vm_flags=0x9e0b95b6 vm_state=0x8020620 vm_byte=0x3a table=0x73ebec0c3718 table_off=0xc3718 rax=0xe7d7580f09ec rbx=0x0 rcx=0x620 rdx=0xffffffffec0c3a38 rsi=0x0 rdi=0x73ebec078377 r8=0x73ebec0784dd r9=0xffff8c14f7f3ed7a r10=0x73ebec0c3d38 r11=0x73ebec09fbcd r12=0x440 r13=0xffff8c1413f87b24 r14=0x73ebd813bf13 r15=0xac030620 rbp=0x73ebec07836d rsp=0x7ffc39b438f0 fs0x0=0x7ffc34178e99 fs0x12=0x7ffc39b4397700 fs0x60=0xffffffff991fb4c8 fs0x68=0x7ffc39b43940 fs0x71=0x1a44e4f1 fs0x81=0x7ffc1f6f5451 fs0xe1=0xf820000000000062 fs0x13d=0x297 fs0x16f=0x802062001 fs0x1e8=0x7ffc39b438f0 fs0x13=0x7ffc39b43977 fs0x91=0x55effbdbf010 fs0xab=0xe5b23167ed350e87 fs0xb3=0xcb7e8ca0 fs0xcb=0x73ebece8f000 fs0x19d=0x7ffc39b43950 fs0x28=0x73ebecc12ac0 fs0x38=0x55eff7a35dc8 fs0x79=0x7ffc39b43950 fs0x89=0x21 fs0x99=0x20 fs0xd3=0x7ffc39b43954 fs0x107=0x55effbdbf820 fs0x123=0x7ffc39b43e38 fs0x128=0x7f fs0x147=0x6 ip_w0=0xff74 ip_w1=0xff6c ip_w2=0x77a3 ip_w3=0x9dca ip_w4=0x7d0b ip_w5=0x7853 ip_w6=0xe8fc ip_w7=0x1 ip_w8=0x4e48 ip_w9=0x13d ip_w10=0xb20 ip_w11=0x5f9b ip_w12=0x33a4 ip_w13=0x5e56 ip_w14=0xa4d5 ip_w15=0x55c7 target=0x73ebec09fbcd target_off=0x9fbcd
[VMTAIL] site=0xb7699 count=142 frame=0x73ebec07836d frame_off=0x7836d vm_ip=0x73ebec367931 vm_ip_off=0x367931 vm_flags=0x6f40cdd1 vm_state=0xee7c393a vm_byte=0x50 table=0x73ebec0c3718 table_off=0xc3718 rax=0xffff8c1493c98180 rbx=0x73ebec0c3c41 rcx=0x460 rdx=0xffff182827bd484a rsi=0x73ebec078377 rdi=0x80000000 r8=0x73ebec09a24c r9=0x0 r10=0x73ebec0c3c40 r11=0x55d r12=0x73ebec09a24c r13=0xffff8c1413f3c330 r14=0x0 r15=0x73ebec0c4088 rbp=0x73ebec07836d rsp=0x7ffc39b438f0 fs0x0=0xd3d070e2 fs0x12=0x7ffc39b4397700 fs0x60=0xff704fc8 fs0x68=0x7ffc39b43900 fs0x71=0xacd7a151 fs0x81=0x7ffc1f6f5411 fs0xe1=0xf820000000000062 fs0x13d=0x206 fs0x16f=0xee7c393a00 fs0x1e8=0x7ffc39b438f0 fs0x13=0x7ffc39b43977 fs0x91=0x55effbdbf010 fs0xab=0xe5b23167ed350e87 fs0xb3=0x9292bc62 fs0xcb=0x73ebece8f000 fs0x19d=0x7ffc39b43950 fs0x28=0x73ebecc12ac0 fs0x38=0x55eff7a35dc8 fs0x79=0x7ffc39b43950 fs0x89=0x21 fs0x99=0x20 fs0xd3=0x7ffc39b43958 fs0x107=0x55effbdbf820 fs0x123=0x7ffc39b43e38 fs0x128=0x7f fs0x147=0x6 ip_w0=0x154 ip_w1=0x138c ip_w2=0x68 ip_w3=0xdd7b ip_w4=0xd2ed ip_w5=0x4877 ip_w6=0x346d ip_w7=0x6bb9 ip_w8=0x1e8 ip_w9=0x278 ip_w10=0x2e68 ip_w11=0x3d27 ip_w12=0x1 ip_w13=0x9204 ip_w14=0x1481 ip_w15=0xa74c target=0x73ebec09a24c target_off=0x9a24c
[VMTAIL] site=0xae32f count=143 frame=0x73ebec07836d frame_off=0x7836d vm_ip=0x73ebec367c1f vm_ip_off=0x367c1f vm_flags=0x9e0b95b6 vm_state=0x8020620 vm_byte=0x3a table=0x73ebec0c3718 table_off=0xc3718 rax=0xe7d7580f09ec rbx=0x0 rcx=0x620 rdx=0xffffffffec0c3a38 rsi=0x0 rdi=0x73ebec078377 r8=0x73ebec0784dd r9=0xffff8c14f7f3ed7a r10=0x73ebec0c3d38 r11=0x73ebec09fbcd r12=0x440 r13=0xffff8c1413f87b24 r14=0x73ebd813bf13 r15=0xac030620 rbp=0x73ebec07836d rsp=0x7ffc39b438f0 fs0x0=0x7ffc34178e99 fs0x12=0x7ffc39b4397700 fs0x60=0xffffffff991fb4c8 fs0x68=0x7ffc39b43940 fs0x71=0x1a44e4f2 fs0x81=0x7ffc1f6f5451 fs0xe1=0xf820000000000062 fs0x13d=0x293 fs0x16f=0x802062001 fs0x1e8=0x7ffc39b438f0 fs0x13=0x7ffc39b43977 fs0x91=0x55effbdbf010 fs0xab=0xe5b23167ed350e87 fs0xb3=0xa3d3dda0 fs0xcb=0x73ebece8f000 fs0x19d=0x7ffc39b43950 fs0x28=0x73ebecc12ac0 fs0x38=0x55eff7a35dc8 fs0x79=0x7ffc39b43950 fs0x89=0x21 fs0x99=0x20 fs0xd3=0x7ffc39b43958 fs0x107=0x55effbdbf820 fs0x123=0x7ffc39b43e38 fs0x128=0x7f fs0x147=0x6 ip_w0=0xff74 ip_w1=0xff6c ip_w2=0x77a3 ip_w3=0x9dca ip_w4=0x7d0b ip_w5=0x7853 ip_w6=0xe8fc ip_w7=0x1 ip_w8=0x4e48 ip_w9=0x13d ip_w10=0xb20 ip_w11=0x5f9b ip_w12=0x33a4 ip_w13=0x5e56 ip_w14=0xa4d5 ip_w15=0x55c7 target=0x73ebec09fbcd target_off=0x9fbcd
[VMTAIL] site=0xb7699 count=144 frame=0x73ebec07836d frame_off=0x7836d vm_ip=0x73ebec367931 vm_ip_off=0x367931 vm_flags=0x6f40cdd1 vm_state=0xee7c393a vm_byte=0x50 table=0x73ebec0c3718 table_off=0xc3718 rax=0xffff8c1493c98180 rbx=0x73ebec0c3c41 rcx=0x460 rdx=0xffff182827bd484a rsi=0x73ebec078377 rdi=0x80000000 r8=0x73ebec09a24c r9=0x0 r10=0x73ebec0c3c40 r11=0x55d r12=0x73ebec09a24c r13=0xffff8c1413f3c330 r14=0x0 r15=0x73ebec0c4088 rbp=0x73ebec07836d rsp=0x7ffc39b438f0 fs0x0=0xff704fc8 fs0x12=0x7ffc39b4397700 fs0x60=0xde84520c fs0x68=0x7ffc39b43900 fs0x71=0xcdab8695 fs0x81=0x7ffc1f6f5411 fs0xe1=0xf820000000000062 fs0x13d=0x202 fs0x16f=0xee7c393a00 fs0x1e8=0x7ffc39b438f0 fs0x13=0x7ffc39b43977 fs0x91=0x55effbdbf010 fs0xab=0xe5b23167ed350e87 fs0xb3=0xb366a1a6 fs0xcb=0x73ebece8f000 fs0x19d=0x7ffc39b43950 fs0x28=0x73ebecc12ac0 fs0x38=0x55eff7a35dc8 fs0x79=0x7ffc39b43950 fs0x89=0x21 fs0x99=0x20 fs0xd3=0x7ffc39b4395c fs0x107=0x55effbdbf820 fs0x123=0x7ffc39b43e38 fs0x128=0x7f fs0x147=0x6 ip_w0=0x154 ip_w1=0x138c ip_w2=0x68 ip_w3=0xdd7b ip_w4=0xd2ed ip_w5=0x4877 ip_w6=0x346d ip_w7=0x6bb9 ip_w8=0x1e8 ip_w9=0x278 ip_w10=0x2e68 ip_w11=0x3d27 ip_w12=0x1 ip_w13=0x9204 ip_w14=0x1481 ip_w15=0xa74c target=0x73ebec09a24c target_off=0x9a24c
[VMTAIL] site=0xae32f count=145 frame=0x73ebec07836d frame_off=0x7836d vm_ip=0x73ebec367c1f vm_ip_off=0x367c1f vm_flags=0x9e0b95b6 vm_state=0x8020620 vm_byte=0x3a table=0x73ebec0c3718 table_off=0xc3718 rax=0xe7d7580f09ec rbx=0x0 rcx=0x620 rdx=0xffffffffec0c3a38 rsi=0x0 rdi=0x73ebec078377 r8=0x73ebec0784dd r9=0xffff8c14f7f3ed7a r10=0x73ebec0c3d38 r11=0x73ebec09fbcd r12=0x440 r13=0xffff8c1413f87b24 r14=0x73ebd813bf13 r15=0xac030620 rbp=0x73ebec07836d rsp=0x7ffc39b438f0 fs0x0=0x7ffc34178e99 fs0x12=0x7ffc39b4397700 fs0x60=0xffffffff991fb4c8 fs0x68=0x7ffc39b43940 fs0x71=0x1a44e4f3 fs0x81=0x7ffc1f6f5451 fs0xe1=0xf820000000000062 fs0x13d=0x297 fs0x16f=0x802062001 fs0x1e8=0x7ffc39b438f0 fs0x13=0x7ffc39b43977 fs0x91=0x55effbdbf010 fs0xab=0xe5b23167ed350e87 fs0xb3=0xea4a41e0 fs0xcb=0x73ebece8f000 fs0x19d=0x7ffc39b43950 fs0x28=0x73ebecc12ac0 fs0x38=0x55eff7a35dc8 fs0x79=0x7ffc39b43950 fs0x89=0x21 fs0x99=0x20 fs0xd3=0x7ffc39b4395c fs0x107=0x55effbdbf820 fs0x123=0x7ffc39b43e38 fs0x128=0x7f fs0x147=0x6 ip_w0=0xff74 ip_w1=0xff6c ip_w2=0x77a3 ip_w3=0x9dca ip_w4=0x7d0b ip_w5=0x7853 ip_w6=0xe8fc ip_w7=0x1 ip_w8=0x4e48 ip_w9=0x13d ip_w10=0xb20 ip_w11=0x5f9b ip_w12=0x33a4 ip_w13=0x5e56 ip_w14=0xa4d5 ip_w15=0x55c7 target=0x73ebec09fbcd target_off=0x9fbcd
[VMTAIL] site=0xb7699 count=146 frame=0x73ebec07836d frame_off=0x7836d vm_ip=0x73ebec367931 vm_ip_off=0x367931 vm_flags=0x6f40cdd1 vm_state=0xee7c393a vm_byte=0x50 table=0x73ebec0c3718 table_off=0xc3718 rax=0xffff8c1493c98180 rbx=0x73ebec0c3c41 rcx=0x460 rdx=0xffff182827bd484a rsi=0x73ebec078377 rdi=0x80000000 r8=0x73ebec09a24c r9=0x0 r10=0x73ebec0c3c40 r11=0x55d r12=0x73ebec09a24c r13=0xffff8c1413f3c330 r14=0x0 r15=0x73ebec0c4088 rbp=0x73ebec07836d rsp=0x7ffc39b438f0 fs0x0=0xde84520c fs0x12=0x7ffc39b4397700 fs0x60=0xab6efa5d fs0x68=0x7ffc39b43900 fs0x71=0xe0d0eee6 fs0x81=0x7ffc1f6f5411 fs0xe1=0xf820000000000062 fs0x13d=0x206 fs0x16f=0xee7c393a00 fs0x1e8=0x7ffc39b438f0 fs0x13=0x7ffc39b43977 fs0x91=0x55effbdbf010 fs0xab=0xe5b23167ed350e87 fs0xb3=0xc68c09f7 fs0xcb=0x73ebece8f000 fs0x19d=0x7ffc39b43950 fs0x28=0x73ebecc12ac0 fs0x38=0x55eff7a35dc8 fs0x79=0x7ffc39b43950 fs0x89=0x21 fs0x99=0x20 fs0xd3=0x7ffc39b43960 fs0x107=0x55effbdbf820 fs0x123=0x7ffc39b43e38 fs0x128=0x7f fs0x147=0x6 ip_w0=0x154 ip_w1=0x138c ip_w2=0x68 ip_w3=0xdd7b ip_w4=0xd2ed ip_w5=0x4877 ip_w6=0x346d ip_w7=0x6bb9 ip_w8=0x1e8 ip_w9=0x278 ip_w10=0x2e68 ip_w11=0x3d27 ip_w12=0x1 ip_w13=0x9204 ip_w14=0x1481 ip_w15=0xa74c target=0x73ebec09a24c target_off=0x9a24c
[VMTAIL] site=0xae32f count=147 frame=0x73ebec07836d frame_off=0x7836d vm_ip=0x73ebec367c1f vm_ip_off=0x367c1f vm_flags=0x9e0b95b6 vm_state=0x8020620 vm_byte=0x3a table=0x73ebec0c3718 table_off=0xc3718 rax=0xe7d7580f09ec rbx=0x0 rcx=0x620 rdx=0xffffffffec0c3a38 rsi=0x0 rdi=0x73ebec078377 r8=0x73ebec0784dd r9=0xffff8c14f7f3ed7a r10=0x73ebec0c3d38 r11=0x73ebec09fbcd r12=0x440 r13=0xffff8c1413f87b24 r14=0x73ebd813bf13 r15=0xac030620 rbp=0x73ebec07836d rsp=0x7ffc39b438f0 fs0x0=0x7ffc34178e99 fs0x12=0x7ffc39b4397700 fs0x60=0xffffffff991fb4c8 fs0x68=0x7ffc39b43940 fs0x71=0x1a44e4f4 fs0x81=0x7ffc1f6f5451 fs0xe1=0xf820000000000062 fs0x13d=0x293 fs0x16f=0x802062001 fs0x1e8=0x7ffc39b438f0 fs0x13=0x7ffc39b43977 fs0x91=0x55effbdbf010 fs0xab=0xe5b23167ed350e87 fs0xb3=0xf65945c0 fs0xcb=0x73ebece8f000 fs0x19d=0x7ffc39b43950 fs0x28=0x73ebecc12ac0 fs0x38=0x55eff7a35dc8 fs0x79=0x7ffc39b43950 fs0x89=0x21 fs0x99=0x20 fs0xd3=0x7ffc39b43960 fs0x107=0x55effbdbf820 fs0x123=0x7ffc39b43e38 fs0x128=0x7f fs0x147=0x6 ip_w0=0xff74 ip_w1=0xff6c ip_w2=0x77a3 ip_w3=0x9dca ip_w4=0x7d0b ip_w5=0x7853 ip_w6=0xe8fc ip_w7=0x1 ip_w8=0x4e48 ip_w9=0x13d ip_w10=0xb20 ip_w11=0x5f9b ip_w12=0x33a4 ip_w13=0x5e56 ip_w14=0xa4d5 ip_w15=0x55c7 target=0x73ebec09fbcd target_off=0x9fbcd
[VMTAIL] site=0xb7699 count=148 frame=0x73ebec07836d frame_off=0x7836d vm_ip=0x73ebec367931 vm_ip_off=0x367931 vm_flags=0x6f40cdd1 vm_state=0xee7c393a vm_byte=0x50 table=0x73ebec0c3718 table_off=0xc3718 rax=0xffff8c1493c98180 rbx=0x73ebec0c3c41 rcx=0x460 rdx=0xffff182827bd484a rsi=0x73ebec078377 rdi=0x80000000 r8=0x73ebec09a24c r9=0x0 r10=0x73ebec0c3c40 r11=0x55d r12=0x73ebec09a24c r13=0xffff8c1413f3c330 r14=0x0 r15=0x73ebec0c4088 rbp=0x73ebec07836d rsp=0x7ffc39b438f0 fs0x0=0xab6efa5d fs0x12=0x7ffc39b4397700 fs0x60=0x3517345d fs0x68=0x7ffc39b43900 fs0x71=0x733aace6 fs0x81=0x7ffc1f6f5411 fs0xe1=0xf820000000000062 fs0x13d=0x206 fs0x16f=0xee7c393a00 fs0x1e8=0x7ffc39b438f0 fs0x13=0x7ffc39b43977 fs0x91=0x55effbdbf010 fs0xab=0xe5b23167ed350e87 fs0xb3=0x58f5c7f7 fs0xcb=0x73ebece8f000 fs0x19d=0x7ffc39b43950 fs0x28=0x73ebecc12ac0 fs0x38=0x55eff7a35dc8 fs0x79=0x7ffc39b43950 fs0x89=0x21 fs0x99=0x20 fs0xd3=0x7ffc39b43964 fs0x107=0x55effbdbf820 fs0x123=0x7ffc39b43e38 fs0x128=0x7f fs0x147=0x6 ip_w0=0x154 ip_w1=0x138c ip_w2=0x68 ip_w3=0xdd7b ip_w4=0xd2ed ip_w5=0x4877 ip_w6=0x346d ip_w7=0x6bb9 ip_w8=0x1e8 ip_w9=0x278 ip_w10=0x2e68 ip_w11=0x3d27 ip_w12=0x1 ip_w13=0x9204 ip_w14=0x1481 ip_w15=0xa74c target=0x73ebec09a24c target_off=0x9a24c
[VMTAIL] site=0xae32f count=149 frame=0x73ebec07836d frame_off=0x7836d vm_ip=0x73ebec367c1f vm_ip_off=0x367c1f vm_flags=0x9e0b95b6 vm_state=0x8020620 vm_byte=0x3a table=0x73ebec0c3718 table_off=0xc3718 rax=0xe7d7580f09ec rbx=0x0 rcx=0x620 rdx=0xffffffffec0c3a38 rsi=0x0 rdi=0x73ebec078377 r8=0x73ebec0784dd r9=0xffff8c14f7f3ed7a r10=0x73ebec0c3d38 r11=0x73ebec09fbcd r12=0x440 r13=0xffff8c1413f87b24 r14=0x73ebd813bf13 r15=0xac030620 rbp=0x73ebec07836d rsp=0x7ffc39b438f0 fs0x0=0x7ffc34178e99 fs0x12=0x7ffc39b4397700 fs0x60=0xffffffff991fb4c8 fs0x68=0x7ffc39b43940 fs0x71=0x1a44e4f5 fs0x81=0x7ffc1f6f5451 fs0xe1=0xf820000000000062 fs0x13d=0x293 fs0x16f=0x802062001 fs0x1e8=0x7ffc39b438f0 fs0x13=0x7ffc39b43977 fs0x91=0x55effbdbf010 fs0xab=0xe5b23167ed350e87 fs0xb3=0x16afe40 fs0xcb=0x73ebece8f000 fs0x19d=0x7ffc39b43950 fs0x28=0x73ebecc12ac0 fs0x38=0x55eff7a35dc8 fs0x79=0x7ffc39b43950 fs0x89=0x21 fs0x99=0x20 fs0xd3=0x7ffc39b43964 fs0x107=0x55effbdbf820 fs0x123=0x7ffc39b43e38 fs0x128=0x7f fs0x147=0x6 ip_w0=0xff74 ip_w1=0xff6c ip_w2=0x77a3 ip_w3=0x9dca ip_w4=0x7d0b ip_w5=0x7853 ip_w6=0xe8fc ip_w7=0x1 ip_w8=0x4e48 ip_w9=0x13d ip_w10=0xb20 ip_w11=0x5f9b ip_w12=0x33a4 ip_w13=0x5e56 ip_w14=0xa4d5 ip_w15=0x55c7 target=0x73ebec09fbcd target_off=0x9fbcd
[VMTAIL] site=0xb7699 count=150 frame=0x73ebec07836d frame_off=0x7836d vm_ip=0x73ebec367931 vm_ip_off=0x367931 vm_flags=0x6f40cdd1 vm_state=0xee7c393a vm_byte=0x50 table=0x73ebec0c3718 table_off=0xc3718 rax=0xffff8c1493c98180 rbx=0x73ebec0c3c41 rcx=0x460 rdx=0xffff182827bd484a rsi=0x73ebec078377 rdi=0x80000000 r8=0x73ebec09a24c r9=0x0 r10=0x73ebec0c3c40 r11=0x55d r12=0x73ebec09a24c r13=0xffff8c1413f3c330 r14=0x0 r15=0x73ebec0c4088 rbp=0x73ebec07836d rsp=0x7ffc39b438f0 fs0x0=0x3517345d fs0x12=0x7ffc39b4397700 fs0x60=0x1d522773 fs0x68=0x7ffc39b43900 fs0x71=0x8af5b9c8 fs0x81=0x7ffc1f6f5411 fs0xe1=0xf820000000000062 fs0x13d=0x202 fs0x16f=0xee7c393a00 fs0x1e8=0x7ffc39b438f0 fs0x13=0x7ffc39b43977 fs0x91=0x55effbdbf010 fs0xab=0xe5b23167ed350e87 fs0xb3=0x70b0d4d9 fs0xcb=0x73ebece8f000 fs0x19d=0x7ffc39b43950 fs0x28=0x73ebecc12ac0 fs0x38=0x55eff7a35dc8 fs0x79=0x7ffc39b43950 fs0x89=0x21 fs0x99=0x20 fs0xd3=0x7ffc39b43968 fs0x107=0x55effbdbf820 fs0x123=0x7ffc39b43e38 fs0x128=0x7f fs0x147=0x6 ip_w0=0x154 ip_w1=0x138c ip_w2=0x68 ip_w3=0xdd7b ip_w4=0xd2ed ip_w5=0x4877 ip_w6=0x346d ip_w7=0x6bb9 ip_w8=0x1e8 ip_w9=0x278 ip_w10=0x2e68 ip_w11=0x3d27 ip_w12=0x1 ip_w13=0x9204 ip_w14=0x1481 ip_w15=0xa74c target=0x73ebec09a24c target_off=0x9a24c
[VMTAIL] site=0xae32f count=151 frame=0x73ebec07836d frame_off=0x7836d vm_ip=0x73ebec367c1f vm_ip_off=0x367c1f vm_flags=0x9e0b95b6 vm_state=0x8020620 vm_byte=0x3a table=0x73ebec0c3718 table_off=0xc3718 rax=0xe7d7580f09ec rbx=0x0 rcx=0x620 rdx=0xffffffffec0c3a38 rsi=0x0 rdi=0x73ebec078377 r8=0x73ebec0784dd r9=0xffff8c14f7f3ed7a r10=0x73ebec0c3d38 r11=0x73ebec09fbcd r12=0x440 r13=0xffff8c1413f87b24 r14=0x73ebd813bf13 r15=0xac030620 rbp=0x73ebec07836d rsp=0x7ffc39b438f0 fs0x0=0x7ffc34178e99 fs0x12=0x7ffc39b4397700 fs0x60=0xffffffff991fb4c8 fs0x68=0x7ffc39b43940 fs0x71=0x1a44e4f6 fs0x81=0x7ffc1f6f5451 fs0xe1=0xf820000000000062 fs0x13d=0x297 fs0x16f=0x802062001 fs0x1e8=0x7ffc39b438f0 fs0x13=0x7ffc39b43977 fs0x91=0x55effbdbf010 fs0xab=0xe5b23167ed350e87 fs0xb3=0x45783980 fs0xcb=0x73ebece8f000 fs0x19d=0x7ffc39b43950 fs0x28=0x73ebecc12ac0 fs0x38=0x55eff7a35dc8 fs0x79=0x7ffc39b43950 fs0x89=0x21 fs0x99=0x20 fs0xd3=0x7ffc39b43968 fs0x107=0x55effbdbf820 fs0x123=0x7ffc39b43e38 fs0x128=0x7f fs0x147=0x6 ip_w0=0xff74 ip_w1=0xff6c ip_w2=0x77a3 ip_w3=0x9dca ip_w4=0x7d0b ip_w5=0x7853 ip_w6=0xe8fc ip_w7=0x1 ip_w8=0x4e48 ip_w9=0x13d ip_w10=0xb20 ip_w11=0x5f9b ip_w12=0x33a4 ip_w13=0x5e56 ip_w14=0xa4d5 ip_w15=0x55c7 target=0x73ebec09fbcd target_off=0x9fbcd
[VMTAIL] site=0xb7699 count=152 frame=0x73ebec07836d frame_off=0x7836d vm_ip=0x73ebec367931 vm_ip_off=0x367931 vm_flags=0x6f40cdd1 vm_state=0xee7c393a vm_byte=0x50 table=0x73ebec0c3718 table_off=0xc3718 rax=0xffff8c1493c98180 rbx=0x73ebec0c3c41 rcx=0x460 rdx=0xffff182827bd484a rsi=0x73ebec078377 rdi=0x80000000 r8=0x73ebec09a24c r9=0x0 r10=0x73ebec0c3c40 r11=0x55d r12=0x73ebec09a24c r13=0xffff8c1413f3c330 r14=0x0 r15=0x73ebec0c4088 rbp=0x73ebec07836d rsp=0x7ffc39b438f0 fs0x0=0x1d522773 fs0x12=0x7ffc39b4397700 fs0x60=0x7a4b0f8c fs0x68=0x7ffc39b43900 fs0x71=0x31eee115 fs0x81=0x7ffc1f6f5411 fs0xe1=0xf820000000000062 fs0x13d=0x202 fs0x16f=0xee7c393a00 fs0x1e8=0x7ffc39b438f0 fs0x13=0x7ffc39b43977 fs0x91=0x55effbdbf010 fs0xab=0xe5b23167ed350e87 fs0xb3=0x17a9fc26 fs0xcb=0x73ebece8f000 fs0x19d=0x7ffc39b43950 fs0x28=0x73ebecc12ac0 fs0x38=0x55eff7a35dc8 fs0x79=0x7ffc39b43950 fs0x89=0x21 fs0x99=0x20 fs0xd3=0x7ffc39b4396c fs0x107=0x55effbdbf820 fs0x123=0x7ffc39b43e38 fs0x128=0x7f fs0x147=0x6 ip_w0=0x154 ip_w1=0x138c ip_w2=0x68 ip_w3=0xdd7b ip_w4=0xd2ed ip_w5=0x4877 ip_w6=0x346d ip_w7=0x6bb9 ip_w8=0x1e8 ip_w9=0x278 ip_w10=0x2e68 ip_w11=0x3d27 ip_w12=0x1 ip_w13=0x9204 ip_w14=0x1481 ip_w15=0xa74c target=0x73ebec09a24c target_off=0x9a24c
[VMTAIL] site=0xae32f count=153 frame=0x73ebec07836d frame_off=0x7836d vm_ip=0x73ebec367c1f vm_ip_off=0x367c1f vm_flags=0x9e0b95b6 vm_state=0x8020620 vm_byte=0x3a table=0x73ebec0c3718 table_off=0xc3718 rax=0xe7d7580f09ec rbx=0x0 rcx=0x620 rdx=0xffffffffec0c3a38 rsi=0x0 rdi=0x73ebec078377 r8=0x73ebec0784dd r9=0xffff8c14f7f3ed7a r10=0x73ebec0c3d38 r11=0x73ebec09fbcd r12=0x440 r13=0xffff8c1413f87b24 r14=0x73ebd813bf13 r15=0xac030620 rbp=0x73ebec07836d rsp=0x7ffc39b438f0 fs0x0=0x7ffc34178e99 fs0x12=0x7ffc39b4397700 fs0x60=0xffffffff991fb4c8 fs0x68=0x7ffc39b43940 fs0x71=0x1a44e4f7 fs0x81=0x7ffc1f6f5451 fs0xe1=0xf820000000000062 fs0x13d=0x246 fs0x16f=0x802062001 fs0x1e8=0x7ffc39b438f0 fs0x13=0x7ffc39b43977 fs0x91=0x55effbdbf010 fs0xab=0xe5b23167ed350e87 fs0xb3=0x5a50600 fs0xcb=0x73ebece8f000 fs0x19d=0x7ffc39b43950 fs0x28=0x73ebecc12ac0 fs0x38=0x55eff7a35dc8 fs0x79=0x7ffc39b43950 fs0x89=0x21 fs0x99=0x20 fs0xd3=0x7ffc39b4396c fs0x107=0x55effbdbf820 fs0x123=0x7ffc39b43e38 fs0x128=0x7f fs0x147=0x6 ip_w0=0xff74 ip_w1=0xff6c ip_w2=0x77a3 ip_w3=0x9dca ip_w4=0x7d0b ip_w5=0x7853 ip_w6=0xe8fc ip_w7=0x1 ip_w8=0x4e48 ip_w9=0x13d ip_w10=0xb20 ip_w11=0x5f9b ip_w12=0x33a4 ip_w13=0x5e56 ip_w14=0xa4d5 ip_w15=0x55c7 target=0x73ebec09fbcd target_off=0x9fbcd
[VMTAIL] site=0xb7699 count=154 frame=0x73ebec07836d frame_off=0x7836d vm_ip=0x73ebec367931 vm_ip_off=0x367931 vm_flags=0x6f40cdd1 vm_state=0xee7c393a vm_byte=0x50 table=0x73ebec0c3718 table_off=0xc3718 rax=0xffff8c1493c98180 rbx=0x73ebec0c3c41 rcx=0x460 rdx=0xffff182827bd484a rsi=0x73ebec078377 rdi=0x80000000 r8=0x73ebec09a24c r9=0x0 r10=0x73ebec0c3c40 r11=0x55d r12=0x73ebec09a24c r13=0xffff8c1413f3c330 r14=0x0 r15=0x73ebec0c4088 rbp=0x73ebec07836d rsp=0x7ffc39b438f0 fs0x0=0x7a4b0f8c fs0x12=0x7ffc39b4397700 fs0x60=0x7b26e4b2 fs0x68=0x7ffc39b43900 fs0x71=0x3108fc07 fs0x81=0x7ffc1f6f5411 fs0xe1=0xf820000000000062 fs0x13d=0x206 fs0x16f=0xee7c393a00 fs0x1e8=0x7ffc39b438f0 fs0x13=0x7ffc39b43977 fs0x91=0x55effbdbf010 fs0xab=0xe5b23167ed350e87 fs0xb3=0x16c41718 fs0xcb=0x73ebece8f000 fs0x19d=0x7ffc39b43950 fs0x28=0x73ebecc12ac0 fs0x38=0x55eff7a35dc8 fs0x79=0x7ffc39b43950 fs0x89=0x21 fs0x99=0x20 fs0xd3=0x7ffc39b43970 fs0x107=0x55effbdbf820 fs0x123=0x7ffc39b43e38 fs0x128=0x7f fs0x147=0x6 ip_w0=0x154 ip_w1=0x138c ip_w2=0x68 ip_w3=0xdd7b ip_w4=0xd2ed ip_w5=0x4877 ip_w6=0x346d ip_w7=0x6bb9 ip_w8=0x1e8 ip_w9=0x278 ip_w10=0x2e68 ip_w11=0x3d27 ip_w12=0x1 ip_w13=0x9204 ip_w14=0x1481 ip_w15=0xa74c target=0x73ebec09a24c target_off=0x9a24c
[VMTAIL] site=0xa35dd count=155 frame=0x73ebec07836d frame_off=0x7836d vm_ip=0x73ebec367e96 vm_ip_off=0x367e96 vm_flags=0x16833a14 vm_state=0xe506389d vm_byte=0x3a table=0x73ebec0c3718 table_off=0xc3718 rax=0x0 rbx=0x73ebec0c4201 rcx=0x73e8ec0c4013 rdx=0xe7d7d8187b0a rsi=0x73ebec078300 rdi=0x0 r8=0x73ebec078377 r9=0xb10 r10=0x73ecec0c49df r11=0x73ebec07847c r12=0x110 r13=0x73ebec0c2241 r14=0x288 r15=0x202 rbp=0x73ebec07836d rsp=0x7ffc39b438f0 fs0x0=0xffffffff991fb4c9 fs0x12=0x7ffc39b4397701 fs0x60=0xffffffff991fb4c8 fs0x68=0x7ffc39b43940 fs0x71=0x1a44e4f8 fs0x81=0x7ffc1f6f5451 fs0xe1=0xf820000000000062 fs0x13d=0x202 fs0x16f=0xe506389d00 fs0x1e8=0x7ffc39b438f0 fs0x13=0x7ffc39b43977 fs0x91=0x55effbdbf010 fs0xab=0xe5b23167ed350e87 fs0xb3=0x84eba160 fs0xcb=0x73ebece8f000 fs0x19d=0x7ffc39b43950 fs0x28=0x73ebecc12ac0 fs0x38=0x55eff7a35dc8 fs0x79=0x7ffc39b43950 fs0x89=0x21 fs0x99=0x20 fs0xd3=0x7ffc39b43970 fs0x107=0x55effbdbf820 fs0x123=0x7ffc39b43e38 fs0x128=0x7f fs0x147=0x6 ip_w0=0x14c ip_w1=0xd71c ip_w2=0xcf7f ip_w3=0x4354 ip_w4=0x1e8 ip_w5=0xd780 ip_w6=0xbd14 ip_w7=0x37bc ip_w8=0x37b ip_w9=0xd51d ip_w10=0xf1f1 ip_w11=0xf4 ip_w12=0x13d ip_w13=0x9b17 ip_w14=0x1c94 ip_w15=0xece4 target=0x73ebec0c2241 target_off=0xc2241
[VMTAIL] site=0x95b59 count=156 frame=0x73ebec07836d frame_off=0x7836d vm_ip=0x73ebec368007 vm_ip_off=0x368007 vm_flags=0x15688e45 vm_state=0x22450310 vm_byte=0x3a table=0x73ebec0c3718 table_off=0xc3718 rax=0xffffffff93f87b33 rbx=0x73ebec07833a rcx=0x73ebec0784dd rdx=0x24 rsi=0xb10 rdi=0x73eb80000000 r8=0x73ebec0c2241 r9=0x6c078620 r10=0x73ebec0c4228 r11=0x0 r12=0xffff8c13a7f1f71e r13=0x73ebec07836d r14=0x73ebec078377 r15=0x0 rbp=0x73ebec07836d rsp=0x7ffc39b438f0 fs0x0=0x7ffbd3ac521f fs0x12=0x7ffc39b4397701 fs0x60=0x72a4064a fs0x68=0x7ffc39b43948 fs0x71=0x1a44e513 fs0x81=0x7ffc1f6f5459 fs0xe1=0xf820000000000062 fs0x13d=0x202 fs0x16f=0x2245031000 fs0x1e8=0x7ffc39b438f0 fs0x13=0x7ffc39b43977 fs0x91=0x55effbdbf010 fs0xab=0xe5b23167ed350e87 fs0xb3=0x88667e35 fs0xcb=0x73ebece8f000 fs0x19d=0x7ffc39b43950 fs0x28=0x73ebecc12ac0 fs0x38=0x55eff7a35dc8 fs0x79=0x7ffc39b43950 fs0x89=0x21 fs0x99=0x20 fs0xd3=0x7ffc39b43970 fs0x107=0x55effbdbf820 fs0x123=0x7ffc39b43e38 fs0x128=0x7f fs0x147=0x6 ip_w0=0x142 ip_w1=0x1e8 ip_w2=0x9774 ip_w3=0x68b ip_w4=0x1e8 ip_w5=0x2220 ip_w6=0x2d73 ip_w7=0x4fc7 ip_w8=0xec81 ip_w9=0x15fc ip_w10=0x60 ip_w11=0x13d ip_w12=0xddfb ip_w13=0xd876 ip_w14=0x3e0 ip_w15=0x131 target=0x73ebec0c2241 target_off=0xc2241
[VMTAIL] site=0x9170b count=157 frame=0x73ebec07836d frame_off=0x7836d vm_ip=0x73ebec368063 vm_ip_off=0x368063 vm_flags=0x1d4e1231 vm_state=0x529ba229 vm_byte=0x3a table=0x73ebec0c3718 table_off=0xc3718 rax=0xffffffffec07a949 rbx=0x173f3ecfcbf2c rcx=0x73ebec0783cd rdx=0x73ebec09cf32 rsi=0x5a0 rdi=0x73eaf2f7d4a6 r8=0x83410 r9=0x73ebec078377 r10=0x73ebec0c3cb8 r11=0xfffffffffffb4c79 r12=0xfffffffffffe7a8d r13=0x200 r14=0x78 r15=0x7fc3804640fd rbp=0x73ebec07836d rsp=0x7ffc39b438f0 fs0x0=0xfffffffffb78fc59 fs0x12=0x7ffc39b4397700 fs0x60=0x7ffbd47740bc fs0x68=0x7ffc39b43948 fs0x71=0x1a44e513 fs0x81=0x7ffc1f6f5459 fs0xe1=0xf820000000000062 fs0x13d=0x293 fs0x16f=0x529ba22900 fs0x1e8=0x7ffc39b438f0 fs0x13=0x7ffc39b43977 fs0x91=0x55effbdbf010 fs0xab=0xe5b23167ed350e87 fs0xb3=0x88667e35 fs0xcb=0x73ebece8f000 fs0x19d=0x7ffc39b43950 fs0x28=0x73ebecc12ac0 fs0x38=0x55eff7a35dc8 fs0x79=0x7ffc39b43950 fs0x89=0x21 fs0x99=0x20 fs0xd3=0x7ffc39b43970 fs0x107=0x55effbdbf820 fs0x123=0x7ffc39b43e38 fs0x128=0x7f fs0x147=0x6 ip_w0=0xae3 ip_w1=0x1e8 ip_w2=0x642 ip_w3=0x68 ip_w4=0x12b0 ip_w5=0xf43a ip_w6=0x686a ip_w7=0xe00 ip_w8=0x3d27 ip_w9=0x1 ip_w10=0x46ac ip_w11=0x328d ip_w12=0xa4a4 ip_w13=0x6851 ip_w14=0xf72f ip_w15=0x49b target=0x73ebec09cf32 target_off=0x9cf32
[VMTAIL] site=0xb84a4 count=158 frame=0x73ebec07836d frame_off=0x7836d vm_ip=0x73ebec368007 vm_ip_off=0x368007 vm_flags=0x4022918 vm_state=0xd9f75ee5 vm_byte=0x3a table=0x73ebec0c3718 table_off=0xc3718 rax=0xffffffffffffff70 rbx=0x0 rcx=0x73ebec0b837c rdx=0x943c341ffda9 rsi=0x0 rdi=0x73ebec0c4228 r8=0xffff9c3c37f3fdae r9=0x2ce r10=0x73ebec0c2241 r11=0x0 r12=0xc7879018013c r13=0x73ebec07847c r14=0x80000000 r15=0x73ebec078377 rbp=0x73ebec07836d rsp=0x7ffc39b438f0 fs0x0=0xffffffff99a16f16 fs0x12=0x7ffc39b4397700 fs0x60=0x665e910f fs0x68=0x7ffc39b43948 fs0x71=0x1a44e514 fs0x81=0x7ffc1f6f5459 fs0xe1=0xf820000000000062 fs0x13d=0x202 fs0x16f=0xd9f75ee500 fs0x1e8=0x7ffc39b438f0 fs0x13=0x7ffc39b43977 fs0x91=0x55effbdbf010 fs0xab=0xe5b23167ed350e87 fs0xb3=0x7ffc39b43974 fs0xcb=0x73ebece8f000 fs0x19d=0x7ffc39b43950 fs0x28=0x73ebecc12ac0 fs0x38=0x55eff7a35dc8 fs0x79=0x7ffc39b43950 fs0x89=0x21 fs0x99=0x20 fs0xd3=0x88667e6d fs0x107=0x55effbdbf820 fs0x123=0x7ffc39b43e38 fs0x128=0x7f fs0x147=0x6 ip_w0=0x142 ip_w1=0x1e8 ip_w2=0x9774 ip_w3=0x68b ip_w4=0x1e8 ip_w5=0x2220 ip_w6=0x2d73 ip_w7=0x4fc7 ip_w8=0xec81 ip_w9=0x15fc ip_w10=0x60 ip_w11=0x13d ip_w12=0xddfb ip_w13=0xd876 ip_w14=0x3e0 ip_w15=0x131 target=0x73ebec0c2241 target_off=0xc2241
[VMTAIL] site=0x9170b count=159 frame=0x73ebec07836d frame_off=0x7836d vm_ip=0x73ebec368063 vm_ip_off=0x368063 vm_flags=0x1d4e1231 vm_state=0x529ba229 vm_byte=0x3a table=0x73ebec0c3718 table_off=0xc3718 rax=0xffffffffec07a949 rbx=0x173f3ecfcbf2c rcx=0x73ebec0783cd rdx=0x73ebec09cf32 rsi=0x5a0 rdi=0x73eaf2f7d4a6 r8=0x83410 r9=0x73ebec078377 r10=0x73ebec0c3cb8 r11=0xfffffffffffb4c79 r12=0xfffffffffffe7a8d r13=0x200 r14=0x78 r15=0x7fc3804640fd rbp=0x73ebec07836d rsp=0x7ffc39b438f0 fs0x0=0xfffffffffb78fc5a fs0x12=0x7ffc39b4397700 fs0x60=0x7ffbd47740bc fs0x68=0x7ffc39b43948 fs0x71=0x1a44e514 fs0x81=0x7ffc1f6f5459 fs0xe1=0xf820000000000062 fs0x13d=0x297 fs0x16f=0x529ba22900 fs0x1e8=0x7ffc39b438f0 fs0x13=0x7ffc39b43977 fs0x91=0x55effbdbf010 fs0xab=0xe5b23167ed350e87 fs0xb3=0x7ffc39b43974 fs0xcb=0x73ebece8f000 fs0x19d=0x7ffc39b43950 fs0x28=0x73ebecc12ac0 fs0x38=0x55eff7a35dc8 fs0x79=0x7ffc39b43950 fs0x89=0x21 fs0x99=0x20 fs0xd3=0x88667e6d fs0x107=0x55effbdbf820 fs0x123=0x7ffc39b43e38 fs0x128=0x7f fs0x147=0x6 ip_w0=0xae3 ip_w1=0x1e8 ip_w2=0x642 ip_w3=0x68 ip_w4=0x12b0 ip_w5=0xf43a ip_w6=0x686a ip_w7=0xe00 ip_w8=0x3d27 ip_w9=0x1 ip_w10=0x46ac ip_w11=0x328d ip_w12=0xa4a4 ip_w13=0x6851 ip_w14=0xf72f ip_w15=0x49b target=0x73ebec09cf32 target_off=0x9cf32
[VMTAIL] site=0xb84a4 count=160 frame=0x73ebec07836d frame_off=0x7836d vm_ip=0x73ebec368007 vm_ip_off=0x368007 vm_flags=0x4022918 vm_state=0xd9f75ee5 vm_byte=0x3a table=0x73ebec0c3718 table_off=0xc3718 rax=0xffffffffffffff70 rbx=0x0 rcx=0x73ebec0b837c rdx=0x943c341ffda9 rsi=0x0 rdi=0x73ebec0c4228 r8=0xffff9c3c37f3fdae r9=0x2ce r10=0x73ebec0c2241 r11=0x0 r12=0xc7879018013c r13=0x73ebec07847c r14=0x80000000 r15=0x73ebec078377 rbp=0x73ebec07836d rsp=0x7ffc39b438f0 fs0x0=0xffffffff99a16f17 fs0x12=0x7ffc39b4397700 fs0x60=0x665e910f fs0x68=0x7ffc39b43948 fs0x71=0x1a44e515 fs0x81=0x7ffc1f6f5459 fs0xe1=0xf820000000000062 fs0x13d=0x202 fs0x16f=0xd9f75ee500 fs0x1e8=0x7ffc39b438f0 fs0x13=0x7ffc39b43977 fs0x91=0x55effbdbf010 fs0xab=0xe5b23167ed350e87 fs0xb3=0x7ffc39b43975 fs0xcb=0x73ebece8f000 fs0x19d=0x7ffc39b43950 fs0x28=0x73ebecc12ac0 fs0x38=0x55eff7a35dc8 fs0x79=0x7ffc39b43950 fs0x89=0x21 fs0x99=0x20 fs0xd3=0x886665 fs0x107=0x55effbdbf820 fs0x123=0x7ffc39b43e38 fs0x128=0x7f fs0x147=0x6 ip_w0=0x142 ip_w1=0x1e8 ip_w2=0x9774 ip_w3=0x68b ip_w4=0x1e8 ip_w5=0x2220 ip_w6=0x2d73 ip_w7=0x4fc7 ip_w8=0xec81 ip_w9=0x15fc ip_w10=0x60 ip_w11=0x13d ip_w12=0xddfb ip_w13=0xd876 ip_w14=0x3e0 ip_w15=0x131 target=0x73ebec0c2241 target_off=0xc2241
[VMTAIL] site=0x9170b count=161 frame=0x73ebec07836d frame_off=0x7836d vm_ip=0x73ebec368063 vm_ip_off=0x368063 vm_flags=0x1d4e1231 vm_state=0x529ba229 vm_byte=0x3a table=0x73ebec0c3718 table_off=0xc3718 rax=0xffffffffec07a949 rbx=0x173f3ecfcbf2c rcx=0x73ebec0783cd rdx=0x73ebec09cf32 rsi=0x5a0 rdi=0x73eaf2f6d4a6 r8=0x83410 r9=0x73ebec078377 r10=0x73ebec0c3cb8 r11=0xfffffffffffb4c79 r12=0xfffffffffffe7a8d r13=0x200 r14=0x78 r15=0x7fc3804640fd rbp=0x73ebec07836d rsp=0x7ffc39b438f0 fs0x0=0xfffffffffb78fc5b fs0x12=0x7ffc39b4397700 fs0x60=0x7ffbd47740bc fs0x68=0x7ffc39b43948 fs0x71=0x1a44e515 fs0x81=0x7ffc1f6f5459 fs0xe1=0xf820000000000062 fs0x13d=0x246 fs0x16f=0x529ba22900 fs0x1e8=0x7ffc39b438f0 fs0x13=0x7ffc39b43977 fs0x91=0x55effbdbf010 fs0xab=0xe5b23167ed350e87 fs0xb3=0x7ffc39b43975 fs0xcb=0x73ebece8f000 fs0x19d=0x7ffc39b43950 fs0x28=0x73ebecc12ac0 fs0x38=0x55eff7a35dc8 fs0x79=0x7ffc39b43950 fs0x89=0x21 fs0x99=0x20 fs0xd3=0x886665 fs0x107=0x55effbdbf820 fs0x123=0x7ffc39b43e38 fs0x128=0x7f fs0x147=0x6 ip_w0=0xae3 ip_w1=0x1e8 ip_w2=0x642 ip_w3=0x68 ip_w4=0x12b0 ip_w5=0xf43a ip_w6=0x686a ip_w7=0xe00 ip_w8=0x3d27 ip_w9=0x1 ip_w10=0x46ac ip_w11=0x328d ip_w12=0xa4a4 ip_w13=0x6851 ip_w14=0xf72f ip_w15=0x49b target=0x73ebec09cf32 target_off=0x9cf32
[VMTAIL] site=0xb84a4 count=162 frame=0x73ebec07836d frame_off=0x7836d vm_ip=0x73ebec368007 vm_ip_off=0x368007 vm_flags=0x4022918 vm_state=0xd9f75ee5 vm_byte=0x3a table=0x73ebec0c3718 table_off=0xc3718 rax=0xffffffffffffff70 rbx=0x0 rcx=0x73ebec0b837c rdx=0x943c341ffda9 rsi=0x0 rdi=0x73ebec0c4228 r8=0xffff9c3c37f3fdae r9=0x2ce r10=0x73ebec0c2241 r11=0x0 r12=0xc7879018013c r13=0x73ebec07847c r14=0x80000000 r15=0x73ebec078377 rbp=0x73ebec07836d rsp=0x7ffc39b438f0 fs0x0=0xffffffff99a16f18 fs0x12=0x7ffc39b4397700 fs0x60=0x665e910f fs0x68=0x7ffc39b43948 fs0x71=0x1a44e516 fs0x81=0x7ffc1f6f5459 fs0xe1=0xf820000000000062 fs0x13d=0x206 fs0x16f=0xd9f75ee500 fs0x1e8=0x7ffc39b438f0 fs0x13=0x7ffc39b43977 fs0x91=0x55effbdbf010 fs0xab=0xe5b23167ed350e87 fs0xb3=0x7ffc39b43976 fs0xcb=0x73ebece8f000 fs0x19d=0x7ffc39b43950 fs0x28=0x73ebecc12ac0 fs0x38=0x55eff7a35dc8 fs0x79=0x7ffc39b43950 fs0x89=0x21 fs0x99=0x20 fs0xd3=0x8800 fs0x107=0x55effbdbf820 fs0x123=0x7ffc39b43e38 fs0x128=0x7f fs0x147=0x6 ip_w0=0x142 ip_w1=0x1e8 ip_w2=0x9774 ip_w3=0x68b ip_w4=0x1e8 ip_w5=0x2220 ip_w6=0x2d73 ip_w7=0x4fc7 ip_w8=0xec81 ip_w9=0x15fc ip_w10=0x60 ip_w11=0x13d ip_w12=0xddfb ip_w13=0xd876 ip_w14=0x3e0 ip_w15=0x131 target=0x73ebec0c2241 target_off=0xc2241
[VMTAIL] site=0x87c25 count=163 frame=0x73ebec07836d frame_off=0x7836d vm_ip=0x73ebec3682dd vm_ip_off=0x3682dd vm_flags=0xa1dfbe1 vm_state=0x78230118 vm_byte=0x3a table=0x73ebec0c3718 table_off=0xc3718 rax=0x73ebec368056 rbx=0x73ebec07847c rcx=0x0 rdx=0x0 rsi=0xffffffffffe7d3d7 rdi=0xfffffffffffaffff r8=0x73ecec07835c r9=0x73ebec0c3c01 r10=0x73ebec078377 r11=0x1 r12=0xa5 r13=0x28b r14=0x73ebec09a24c r15=0x528 rbp=0x73ebec07836d rsp=0x7ffc39b438f0 fs0x0=0xfffffffffb78fc5c fs0x12=0x7ffc39b4397701 fs0x60=0xfffffffffb78fc5b fs0x68=0x7ffc39b43948 fs0x71=0x1a44e516 fs0x81=0x7ffc1f6f5459 fs0xe1=0xf820000000000062 fs0x13d=0x202 fs0x16f=0x7823011800 fs0x1e8=0x7ffc39b438f0 fs0x13=0x7ffc39b43977 fs0x91=0x55effbdbf010 fs0xab=0xe5b23167ed350e87 fs0xb3=0x7ffc39b43976 fs0xcb=0x73ebece8f000 fs0x19d=0x7ffc39b43950 fs0x28=0x73ebecc12ac0 fs0x38=0x55eff7a35dc8 fs0x79=0x7ffc39b43950 fs0x89=0x21 fs0x99=0x20 fs0xd3=0x8800 fs0x107=0x55effbdbf820 fs0x123=0x7ffc39b43e38 fs0x128=0x7f fs0x147=0x6 ip_w0=0x1c ip_w1=0x390 ip_w2=0x2e10 ip_w3=0xc745 ip_w4=0xd0b ip_w5=0xe993 ip_w6=0xb111 ip_w7=0xe891 ip_w8=0x8701 ip_w9=0x6808 ip_w10=0xe300 ip_w11=0x17 ip_w12=0x13d ip_w13=0x87a3 ip_w14=0xcf83 ip_w15=0x68 target=0x73ebec09a24c target_off=0x9a24c
[VMTAIL] site=0xb86f5 count=164 frame=0x73ebec07836d frame_off=0x7836d vm_ip=0x73ebec36849d vm_ip_off=0x36849d vm_flags=0x89bc33b1 vm_state=0xe6dd2577 vm_byte=0x3a table=0x73ebec0c3718 table_off=0xc3718 rax=0x73ebec0c40c8 rbx=0x73ebec36849b rcx=0x73ebec3683f9 rdx=0xffffffffffffffe0 rsi=0x73ebec078377 rdi=0x73ebec07847c r8=0x0 r9=0xb10 r10=0x0 r11=0xfffff3efb2524406 r12=0x73ebec0c4228 r13=0x73ebec0c2241 r14=0x73ebec07847c r15=0x73ebec078390 rbp=0x73ebec07836d rsp=0x7ffc39b43858 fs0x0=0xda3b7f9 fs0x12=0x7ffc39b4395001 fs0x60=0x7ffcac583f76 fs0x68=0x7ffc39b43950 fs0x71=0x7ffc53f91e3f fs0x81=0x73ebd1c29e91 fs0xe1=0xf820000000000062 fs0x13d=0x202 fs0x16f=0xe6dd257701 fs0x1e8=0x7ffc39b43858 fs0x13=0x7ffc39b43950 fs0x91=0x55effbdbf010 fs0xab=0xe5b23167ed350e87 fs0xb3=0x7ffc39b43950 fs0xcb=0x73ebece8f000 fs0x19d=0x7ffc39b43950 fs0x28=0x73ebecc12ac0 fs0x38=0x55eff7a35dc8 fs0x79=0x7ffc39b43950 fs0x89=0x21 fs0x99=0x20 fs0xd3=0x8800 fs0x107=0x55effbdbf820 fs0x123=0x7ffc39b43e38 fs0x128=0x7f fs0x147=0x6 ip_w0=0x1c ip_w1=0x5e8 ip_w2=0x5e10 ip_w3=0xa0f5 ip_w4=0x6ce7 ip_w5=0x5666 ip_w6=0x60d8 ip_w7=0xe800 ip_w8=0x1 ip_w9=0x9002 ip_w10=0x4df8 ip_w11=0x3baa ip_w12=0x1f57 ip_w13=0xab ip_w14=0xc8ae ip_w15=0x1e8 target=0x73ebec0c2241 target_off=0xc2241
[TRACE] caller=eac.elf+0x36a519 open path=/sys/devices/virtual/dmi/id/board_name flags=0x0
[VMTAIL] site=0x9b0c5 count=165 frame=0x73ebec07836d frame_off=0x7836d vm_ip=0x73ebec3686c7 vm_ip_off=0x3686c7 vm_flags=0x33d047a8 vm_state=0x69a345e1 vm_byte=0x3a table=0x73ebec0c3718 table_off=0xc3718 rax=0x0 rbx=0x400 rcx=0x73ebec07847c rdx=0x73ebec078555 rsi=0x73ebec0c3c70 rdi=0x210 r8=0x558 r9=0x0 r10=0x73ebec09b4b3 r11=0x73ebec3686c3 r12=0x73ebec078391 r13=0x73ebec078377 r14=0x51ebe4011480 r15=0x55eff7a35dc8 rbp=0x73ebec07836d rsp=0x7ffc39b43858 fs0x0=0xda3b7f9 fs0x12=0x7ffc39b4395001 fs0x60=0x0 fs0x68=0x7ffc39b43950 fs0x71=0x1a44e4ef fs0x81=0x73ebd1c29f31 fs0xe1=0xf820000000000062 fs0x13d=0x202 fs0x16f=0x69a345e101 fs0x1e8=0x7ffc39b43858 fs0x13=0x7ffc39b43950 fs0x91=0x55effbdbf010 fs0xab=0xe5b23167ed350e87 fs0xb3=0x0 fs0xcb=0x73ebece8f000 fs0x19d=0x0 fs0x28=0x73ebecc12ac0 fs0x38=0x55eff7a35dc8 fs0x79=0x7ffc39b43950 fs0x89=0x21 fs0x99=0x20 fs0xd3=0x1b6 fs0x107=0x55effbdbf820 fs0x123=0x7ffc39b43e38 fs0x128=0x7f fs0x147=0x6 ip_w0=0x40 ip_w1=0xa81d ip_w2=0x99 ip_w3=0x560 ip_w4=0x33e8 ip_w5=0xcb7c ip_w6=0x2602 ip_w7=0xe848 ip_w8=0x1001 ip_w9=0x9c08 ip_w10=0x2ab1 ip_w11=0x539b ip_w12=0x71d ip_w13=0xf5bc ip_w14=0x927e ip_w15=0x1e8 target=0x73ebec09b4b3 target_off=0x9b4b3
[VMTAIL] site=0x9eac9 count=166 frame=0x73ebec07836d frame_off=0x7836d vm_ip=0x73ebec364d98 vm_ip_off=0x364d98 vm_flags=0x5ac9af82 vm_state=0x2a1c09e0 vm_byte=0x62 table=0x73ebec0c3718 table_off=0xc3718 rax=0x20501bd099fe rbx=0x73ebec0784dd rcx=0x73ebec078377 rdx=0x73ebec07e390 rsi=0xfffffffffffffffd rdi=0xe0 r8=0xffff6bc3f60f7aef r9=0x73ebec0784dd r10=0x73ebec078390 r11=0x73ebec0c37f8 r12=0x73ebec0783de r13=0xe0 r14=0x73ebec0784dd r15=0xec037bdd rbp=0x73ebec07836d rsp=0x7ffc39b43a20 fs0x0=0xda3b7d9 fs0x12=0x7ffc39b4395000 fs0x60=0x6abb3e52 fs0x68=0x7ffc39b43908 fs0x71=0x1a44e4ef fs0x81=0x73ebd1c29f31 fs0xe1=0xf820000000000062 fs0x13d=0x246 fs0x16f=0x2a1c09e001 fs0x1e8=0x7ffc39b43a20 fs0x13=0x7ffc39b43950 fs0x91=0x55effbdbf010 fs0xab=0x0 fs0xb3=0x0 fs0xcb=0x73ebece8f000 fs0x19d=0x0 fs0x28=0x202 fs0x38=0x55eff7a35dc8 fs0x79=0x73ebecaa06c6 fs0x89=0x0 fs0x99=0x0 fs0xd3=0x27 fs0x107=0x55effbdbf820 fs0x123=0x7ffc39b43e38 fs0x128=0x7f fs0x147=0x6 ip_w0=0x570 ip_w1=0x20f2 ip_w2=0xe82c ip_w3=0xf501 ip_w4=0xddad ip_w5=0x9b78 ip_w6=0xb3 ip_w7=0xd211 ip_w8=0x1e8 ip_w9=0x1e8 ip_w10=0x13d ip_w11=0x6b10 ip_w12=0xa320 ip_w13=0x1b8 ip_w14=0x3506 ip_w15=0xe8af target=0x73ebec07e390 target_off=0x7e390
[TRACE] caller=eac.elf+0x36e0cf open path=/sys/devices/virtual/dmi/id/product_name flags=0x0
[VMTAIL] site=0xa0a9c count=167 frame=0x73ebec07836d frame_off=0x7836d vm_ip=0x73ebec364f84 vm_ip_off=0x364f84 vm_flags=0x16833a14 vm_state=0x42101c08 vm_byte=0x3a table=0x73ebec0c3718 table_off=0xc3718 rax=0x73ebec0adf2c rbx=0x73eb9e44f77b rcx=0x73ebec0789ff rdx=0x0 rsi=0xfffffffffffffe90 rdi=0x1fff6 r8=0x810 r9=0x73ebec0783ee r10=0x73ebec078390 r11=0x73ebec0c3f28 r12=0x8f r13=0x2 r14=0x73ebec0784dd r15=0x73ebec078377 rbp=0x73ebec07836d rsp=0x7ffc39b43a20 fs0x0=0xffffffffc612a452 fs0x12=0x7ffc39b4395000 fs0x60=0x39ed5bae fs0x68=0x7ffc39b43910 fs0x71=0x1a44e4ef fs0x81=0x73ebd1c29f31 fs0xe1=0xf820000000000062 fs0x13d=0x246 fs0x16f=0x42101c0801 fs0x1e8=0x7ffc39b43a20 fs0x13=0x7ffc39b43950 fs0x91=0x55effbdbf010 fs0xab=0x0 fs0xb3=0x0 fs0xcb=0x73ebece8f000 fs0x19d=0x0 fs0x28=0x202 fs0x38=0x55eff7a35dc8 fs0x79=0x73ebecaa06c6 fs0x89=0x0 fs0x99=0x0 fs0xd3=0x29 fs0x107=0x55effbdbf820 fs0x123=0x7ffc39b43e38 fs0x128=0x7f fs0x147=0x6 ip_w0=0x80d0 ip_w1=0x502d ip_w2=0xff58 ip_w3=0x1e8 ip_w4=0xb20 ip_w5=0x9c2a ip_w6=0xb344 ip_w7=0xe800 ip_w8=0x8501 ip_w9=0x3d13 ip_w10=0xe801 ip_w11=0x8701 ip_w12=0x6cae ip_w13=0xb3aa ip_w14=0x800 ip_w15=0x2805 target=0x73ebec0adf2c target_off=0xadf2c
[TRACE] caller=eac.elf+0x3722d8 fopen path=/proc/bus/pci/devices mode=r
[VMTAIL] site=0xbe55b count=168 frame=0x73ebec07836d frame_off=0x7836d vm_ip=0x73ebec365190 vm_ip_off=0x365190 vm_flags=0xebc2d834 vm_state=0x38450260 vm_byte=0x62 table=0x73ebec0c3718 table_off=0xc3718 rax=0x73ebec078377 rbx=0x73ebec365165 rcx=0x73ebec05146b rdx=0x73ebec09a24c rsi=0x528 rdi=0x73eb6c0783a2 r8=0x73ebec3c56b1 r9=0x0 r10=0x73eb6c05fffd r11=0x246 r12=0x73ebec0c3c01 r13=0x73ebec07837f r14=0x2f r15=0x73ebec07847c rbp=0x73ebec07836d rsp=0x7ffc39b43a20 fs0x0=0x6abb3e52 fs0x12=0x7ffc39b435e001 fs0x60=0x6abb3e52 fs0x68=0x7ffc39b43568 fs0x71=0x1a44e4ef fs0x81=0x73ebd1c29f31 fs0xe1=0xf820000000000062 fs0x13d=0x246 fs0x16f=0x3845026001 fs0x1e8=0x7ffc39b43a20 fs0x13=0x7ffc39b435e0 fs0x91=0x55effbdbf010 fs0xab=0xe5b23167ed350e87 fs0xb3=0x0 fs0xcb=0x73ebece8f000 fs0x19d=0x0 fs0x28=0x297 fs0x38=0x55eff7a35dc8 fs0x79=0x55effbdd8 fs0x89=0x1e1 fs0x99=0x1e0 fs0xd3=0x16 fs0x107=0x55effbdbf820 fs0x123=0x7ffc39b43e38 fs0x128=0x7f fs0x147=0x6 ip_w0=0xc7 ip_w1=0x4c5f ip_w2=0x3e50 ip_w3=0x14bd ip_w4=0x833a ip_w5=0x4216 ip_w6=0xa668 ip_w7=0xdad9 ip_w8=0xbc06 ip_w9=0x20 ip_w10=0x13d ip_w11=0xf155 ip_w12=0xf27 ip_w13=0x1e ip_w14=0x1f10 ip_w15=0x1e8 target=0x73ebec09a24c target_off=0x9a24c
[VMTAIL] site=0xabc56 count=169 frame=0x73ebec07836d frame_off=0x7836d vm_ip=0x73ebec365458 vm_ip_off=0x365458 vm_flags=0x427f7ff1 vm_state=0xe505d812 vm_byte=0x62 table=0x73ebec0c3718 table_off=0xc3718 rax=0x73ebec078377 rbx=0x0 rcx=0x21a rdx=0x1 rsi=0x73ebec078377 rdi=0xffff8c1413f87aab r8=0x0 r9=0x73ebec09a24c r10=0x0 r11=0x73ebec3751d2 r12=0x73ebec0c3c01 r13=0x528 r14=0x3e52df r15=0x2f76 rbp=0x73ebec07836d rsp=0x7ffc39b43a20 fs0x0=0x7ffbd2d3eec0 fs0x12=0x7ffc39b435e001 fs0x60=0xffffffff991fb4c0 fs0x68=0x7ffc39b43a27 fs0x71=0x7ffc53f91eef fs0x81=0x7ffc1f6f5538 fs0xe1=0xf820000000000062 fs0x13d=0x246 fs0x16f=0xe505d81200 fs0x1e8=0x7ffc39b43a20 fs0x13=0x7ffc39b435e0 fs0x91=0x55effbdbf010 fs0xab=0xe5b23167ed350e87 fs0xb3=0x0 fs0xcb=0x73ebece8f000 fs0x19d=0x0 fs0x28=0x297 fs0x38=0x55eff7a35dc8 fs0x79=0x55effbdd8 fs0x89=0x1e1 fs0x99=0x1e0 fs0xd3=0x16 fs0x107=0x55effbdbf820 fs0x123=0x7ffc39b43e38 fs0x128=0x7f fs0x147=0x6 ip_w0=0xbd ip_w1=0xb3 ip_w2=0xe964 ip_w3=0x860 ip_w4=0xa306 ip_w5=0xd10e ip_w6=0xde29 ip_w7=0x60be ip_w8=0xfeee ip_w9=0xc0 ip_w10=0x13d ip_w11=0x1c44 ip_w12=0xdf6 ip_w13=0x102 ip_w14=0xc4cc ip_w15=0x7621 target=0x73ebec09a24c target_off=0x9a24c
[VMTAIL] site=0xbe55b count=170 frame=0x73ebec07836d frame_off=0x7836d vm_ip=0x73ebec3654e0 vm_ip_off=0x3654e0 vm_flags=0xc653bf94 vm_state=0xa3ff0af0 vm_byte=0x62 table=0x73ebec0c3718 table_off=0xc3718 rax=0x73ebec078377 rbx=0x73ebec36548c rcx=0x73ebec07a580 rdx=0x73ebec0c2241 rsi=0xb10 rdi=0x73eb6c0784a2 r8=0x73ebec39e8e4 r9=0x0 r10=0xffffffff8805fffd r11=0x246 r12=0x73ebec0c4201 r13=0x73ebec07837f r14=0x58 r15=0x73ebec07847c rbp=0x73ebec07836d rsp=0x7ffc39b43a20 fs0x0=0xffffffffc612a452 fs0x12=0x7ffc39b435e001 fs0x60=0x39ed5bae fs0x68=0x7ffc39b43a27 fs0x71=0x1a44e4ef fs0x81=0x73ebd1c29f31 fs0xe1=0xf820000000000062 fs0x13d=0x246 fs0x16f=0xa3ff0af001 fs0x1e8=0x7ffc39b43a20 fs0x13=0x7ffc39b435e0 fs0x91=0x55effbdbf010 fs0xab=0xe5b23167ed350e87 fs0xb3=0x0 fs0xcb=0x73ebece8f000 fs0x19d=0x0 fs0x28=0x297 fs0x38=0x55eff7a35dc8 fs0x79=0x55effbdd8 fs0x89=0x1e1 fs0x99=0x1e0 fs0xd3=0x16 fs0x107=0x55effbdbf820 fs0x123=0x7ffc39b43e38 fs0x128=0x7f fs0x147=0x6 ip_w0=0x14d ip_w1=0xe5a3 ip_w2=0x68 ip_w3=0xad8 ip_w4=0xce00 ip_w5=0x6c0a ip_w6=0x3782 ip_w7=0x1a9b ip_w8=0xe84a ip_w9=0xfd01 ip_w10=0x4032 ip_w11=0x3d25 ip_w12=0x1 ip_w13=0x2f79 ip_w14=0xea7f ip_w15=0xd4cc target=0x73ebec0c2241 target_off=0xc2241
[TRACE] caller=eac.elf+0x2d6ae getenv name=EAC_LAUNCHERDIR -> set
[TRACE] caller=eac.elf+0x72b70 pthread_create caller=eac.elf+0x729fe arg=0x55effbddaa20
[TRACE] caller=eac.elf+0x72b70 pthread_create caller=eac.elf+0x729fe arg=0x55effbddabc0
[VMTAIL] site=0x8a49b count=171 frame=0x73ebec07836d frame_off=0x7836d vm_ip=0x73ebec2316bf vm_ip_off=0x2316bf vm_flags=0x6040000 vm_state=0x5944e34f vm_byte=0x3a table=0x73ebec0c3718 table_off=0xc3718 rax=0xe7d7d80771ae rbx=0x73ebec2316bb rcx=0x548 rdx=0xffef rsi=0x1 rdi=0x0 r8=0x73ebec09af18 r9=0x73ebec078377 r10=0x73ebec0c3c60 r11=0x73ebec0783de r12=0x73ebebffedd0 r13=0x7ffc39b437c0 r14=0x400 r15=0x0 rbp=0x73ebec07836d rsp=0x73ebebffed18 fs0x0=0x73ebe65c4119 fs0x12=0x55effbddabc000 fs0x60=0x55effbddabc0 fs0x68=0x7ffc39b43b68 fs0x71=0x55f0162290af fs0x81=0x73ebd1c29e91 fs0xe1=0xee00000000000062 fs0x13d=0x206 fs0x16f=0x5944e34f01 fs0x1e8=0x7ffc39b43a90 fs0x13=0x55effbddabc0 fs0x91=0x55effbdbf010 fs0xab=0x7ffc39b438c7 fs0xb3=0x55effbddabc0 fs0xcb=0x73ebece8f000 fs0x19d=0x0 fs0x28=0x246 fs0x38=0x55eff7a35dc8 fs0x79=0x73ebecaa4928 fs0x89=0x8 fs0x99=0x73ebebfff6c0 fs0xd3=0x0 fs0x107=0x55effbdbf820 fs0x123=0x7ffc39b43e38 fs0x128=0x7f fs0x147=0x6 ip_w0=0xa5 ip_w1=0x1e8 ip_w2=0x2b ip_w3=0x7b75 ip_w4=0x99 ip_w5=0xbf5f ip_w6=0x7607 ip_w7=0x53f7 ip_w8=0x823a ip_w9=0xe81d ip_w10=0xd801 ip_w11=0x1c4a ip_w12=0x58a8 ip_w13=0xc806 ip_w14=0x91df ip_w15=0xc357 target=0x73ebec09af18 target_off=0x9af18
[TRACE] caller=eac.elf+0x6b74f getaddrinfo node=api.epicgames.dev service=443 FAKE
[TRACE] caller=eac.elf+0x6b9e9 socket domain=2 type=1 protocol=6 FAKE
[TRACE] caller=eac.elf+0x6b609 connect fd=3 addr=127.0.0.1:443 FAKE
[TRACE] caller=eac.elf+0x4c000b fopen path=/dev/urandom mode=rb
[TRACE] caller=eac.elf+0x6b449 send fd=3 len=410 flags=0x4000 data=160303019501000191030369fb8f76b171d572a02f7582025eda3f87304314f5a1bf68baf2dc9098cae915000106c02c... FAKE
[TRACE] caller=eac.elf+0x6b21f recv fd=3 len=5 flags=0x0 ret=5 data=485454502f FAKE
[TRACE] caller=eac.elf+0x6b449 send fd=3 len=7 flags=0x4000 data=1503030002020a FAKE
[TRACE] caller=eac.elf+0x6bcc7 close fd=3 FAKE
[TRACE] caller=eac.elf+0x6b74f getaddrinfo node=datarouter.ol.epicgames.com service=443 FAKE
[TRACE] caller=eac.elf+0x6b9e9 socket domain=2 type=1 protocol=6 FAKE
[TRACE] caller=eac.elf+0x6b609 connect fd=3 addr=127.0.0.1:443 FAKE
[TRACE] caller=eac.elf+0x4c000b fopen path=/dev/urandom mode=rb
[TRACE] caller=eac.elf+0x6b449 send fd=3 len=420 flags=0x4000 data=160303019f0100019b030369fb8f769c1b3e68f7ef94e42b66e7257239c212deb93b6c5a44d63dc383ec3a000106c02c... FAKE
[TRACE] caller=eac.elf+0x6b21f recv fd=3 len=5 flags=0x0 ret=5 data=485454502f FAKE
[TRACE] caller=eac.elf+0x6b449 send fd=3 len=7 flags=0x4000 data=1503030002020a FAKE
[TRACE] caller=eac.elf+0x6bcc7 close fd=3 FAKE
[VMTAIL] site=0x9b0c5 count=172 frame=0x73ebec07836d frame_off=0x7836d vm_ip=0x73ebec2319c1 vm_ip_off=0x2319c1 vm_flags=0x6b5274f0 vm_state=0x25d0b930 vm_byte=0x3a table=0x73ebec0c3718 table_off=0xc3718 rax=0x0 rbx=0x0 rcx=0x73ebec07847c rdx=0x73ebec078555 rsi=0x73ebec0c3c40 rdi=0x210 r8=0x528 r9=0xe5b23167ed350e87 r10=0x73ebec09a24c r11=0x73ebec2319bd r12=0x73ebec078391 r13=0x73ebec078377 r14=0x73e828002044 r15=0x7ffc39b438c7 rbp=0x73ebec07836d rsp=0x73ebebffed18 fs0x0=0x73ebe6dc5119 fs0x12=0x55effbdda84001 fs0x60=0x55f00d7212a7 fs0x68=0x7ffc39b43b68 fs0x71=0x55f016228d2f fs0x81=0x73ebd1c29e91 fs0xe1=0xee00000000000062 fs0x13d=0x202 fs0x16f=0x25d0b93001 fs0x1e8=0x73ebebffed18 fs0x13=0x55effbdda840 fs0x91=0x55effbdbf010 fs0xab=0x7ffc39b438c7 fs0xb3=0x55effbdda840 fs0xcb=0x73ebece8f000 fs0x19d=0x5 fs0x28=0x246 fs0x38=0x55eff7a35dc8 fs0x79=0x73ebecb1acfb fs0x89=0x8 fs0x99=0x73ebeb7fe6c0 fs0xd3=0x0 fs0x107=0x55effbdbf820 fs0x123=0x7ffc39b43e38 fs0x128=0x7f fs0x147=0x6 ip_w0=0xa8 ip_w1=0x99 ip_w2=0xd496 ip_w3=0x8b5b ip_w4=0x423a ip_w5=0x999a ip_w6=0x6400 ip_w7=0xe86f ip_w8=0x7301 ip_w9=0x3a6b ip_w10=0xf3d4 ip_w11=0x9a3 ip_w12=0x614c ip_w13=0xaf1b ip_w14=0xa0fc ip_w15=0x1e8 target=0x73ebec09a24c target_off=0x9a24c
[VMTAIL] site=0x8173b count=173 frame=0x73ebec07836d frame_off=0x7836d vm_ip=0x73ebec1ec0ab vm_ip_off=0x1ec0ab vm_flags=0x422c8053 vm_state=0xbd993766 vm_byte=0x3a table=0x73ebec0c3718 table_off=0xc3718 rax=0x73ebec0b8556 rbx=0x800 rcx=0x73ebec0c40c8 rdx=0x73ebec078390 rsi=0x73ebece8e650 rdi=0x73ebec078390 r8=0x73ebec07847c r9=0x7ffc39b438c7 r10=0x804 r11=0x246 r12=0x7fffffff r13=0x73ebec078377 r14=0x73ebece8e650 r15=0x10 rbp=0x73ebec07836d rsp=0x7ffc39b439c8 fs0x0=0xda3b5c9 fs0x12=0x73ebe4000f0001 fs0x60=0x55f00d7212a7 fs0x68=0x7ffc39b43b68 fs0x71=0x55f016228d2f fs0x81=0x73ebd1c29f31 fs0xe1=0xf820000000000062 fs0x13d=0x206 fs0x16f=0xbd99376601 fs0x1e8=0x73ebebffed28 fs0x13=0x73ebe4000f00 fs0x91=0x55effbddaa20 fs0xab=0xe5b23167ed350e87 fs0xb3=0x0 fs0xcb=0x73ebebfffce4 fs0x19d=0x73ebe4000880 fs0x28=0x73ebebfff6c0 fs0x38=0x7ffc39b438c7 fs0x79=0x0 fs0x89=0x215 fs0x99=0x210 fs0xd3=0xd fs0x107=0x73ebebffee00 fs0x123=0x73ebebffedd0 fs0x128=0x73 fs0x147=0x7ffc39b437c0 ip_w0=0x1e8 ip_w1=0xab ip_w2=0x14d ip_w3=0xe973 ip_w4=0x99 ip_w5=0xf037 ip_w6=0x1726 ip_w7=0x988 ip_w8=0xa9e8 ip_w9=0xe80b ip_w10=0xc801 ip_w11=0xee2a ip_w12=0x5898 ip_w13=0x5f01 ip_w14=0x8830 ip_w15=0xfcd4 target=0x73ebec0b8556 target_off=0xb8556
[TRACE] caller=eac.elf+0x72b70 pthread_create caller=eac.elf+0x729fe arg=0x55effbdda868
[VMTAIL] site=0x9b0c5 count=174 frame=0x73ebec07836d frame_off=0x7836d vm_ip=0x73ebec1ec355 vm_ip_off=0x1ec355 vm_flags=0x863db155 vm_state=0xd27789f8 vm_byte=0x3a table=0x73ebec0c3718 table_off=0xc3718 rax=0x0 rbx=0x0 rcx=0x73ebec07847c rdx=0x73ebec078555 rsi=0x73ebec0c4228 rdi=0x210 r8=0xb10 r9=0x7ffc39b43807 r10=0x73ebec0c2241 r11=0x73ebec1ec351 r12=0x73ebec078391 r13=0x73ebec078377 r14=0x51ebe4000040 r15=0x55eff7a35dc8 rbp=0x73ebec07836d rsp=0x7ffc39b439c8 fs0x0=0x73ebe6dc5119 fs0x12=0x55effbdda86801 fs0x60=0x55f06e81ae8e fs0x68=0x7ffc39b43a68 fs0x71=0x55f016228d57 fs0x81=0x73ebd1c29e91 fs0xe1=0xf820000000000062 fs0x13d=0x202 fs0x16f=0xd27789f801 fs0x1e8=0x7ffc39b439c8 fs0x13=0x55effbdda868 fs0x91=0x55effbdbf010 fs0xab=0x7ffc39b438c7 fs0xb3=0x55effbdda868 fs0xcb=0x73ebece8f000 fs0x19d=0x0 fs0x28=0x246 fs0x38=0x55eff7a35dc8 fs0x79=0x73ebecb1acfb fs0x89=0x8 fs0x99=0x73ebeb7fe6c0 fs0xd3=0x0 fs0x107=0x55effbdbf820 fs0x123=0x7ffc39b43e38 fs0x128=0x7f fs0x147=0x6 ip_w0=0x133 ip_w1=0x8d3a ip_w2=0x60b4 ip_w3=0x6230 ip_w4=0xcf09 ip_w5=0x99d9 ip_w6=0x8900 ip_w7=0xe8f1 ip_w8=0x8601 ip_w9=0x21ac ip_w10=0xcbc5 ip_w11=0xab49 ip_w12=0x9800 ip_w13=0xbc07 ip_w14=0x9845 ip_w15=0x1e8 target=0x73ebec0c2241 target_off=0xc2241
[VMTAIL] site=0x8536e count=175 frame=0x73ebec07836d frame_off=0x7836d vm_ip=0x73ebec1ec477 vm_ip_off=0x1ec477 vm_flags=0x7cf3a544 vm_state=0xb7841e57 vm_byte=0x62 table=0x73ebec0c3718 table_off=0xc3718 rax=0x73ebec078377 rbx=0x1 rcx=0x73ebec0784dd rdx=0xfffffffffffffffe rsi=0x73ebec0c3f78 rdi=0x73ebec0784dd r8=0x73ebec07836d r9=0x4b233 r10=0x73ebec0784dd r11=0x7fffffff r12=0xffff8c1493f04114 r13=0x73ebec0b0007 r14=0x0 r15=0xf3e8201f1141 rbp=0x73ebec07836d rsp=0x7ffc39b43a60 fs0x0=0x7ffc34178db1 fs0x12=0x55effbdda8e000 fs0x60=0x1 fs0x68=0x7ffc39b43a68 fs0x71=0x1a44e4f0 fs0x81=0x73ebd1c29f31 fs0xe1=0xf820000000000062 fs0x13d=0x202 fs0x16f=0xb7841e5701 fs0x1e8=0x7ffc39b43a60 fs0x13=0x55effbdda8e0 fs0x91=0x55effbdbf010 fs0xab=0x7ffc39b43807 fs0xb3=0x1 fs0xcb=0x73ebece8f000 fs0x19d=0x0 fs0x28=0x246 fs0x38=0x55eff7a35dc8 fs0x79=0x73ebecaa4928 fs0x89=0x8 fs0x99=0x73ebeaffd6c0 fs0xd3=0x0 fs0x107=0x55effbdbf820 fs0x123=0x7ffc39b43e38 fs0x128=0x7f fs0x147=0x6 ip_w0=0xc5a3 ip_w1=0x6b8a ip_w2=0xb046 ip_w3=0x2e11 ip_w4=0x2bf1 ip_w5=0x1e8 ip_w6=0x97ce ip_w7=0xca ip_w8=0x13d ip_w9=0xa84e ip_w10=0x97af ip_w11=0x76c4 ip_w12=0x178 ip_w13=0x5b81 ip_w14=0x2e00 ip_w15=0xc12f target=0x73ebec0b0007 target_off=0xb0007
[VMTAIL] site=0x9b0c5 count=176 frame=0x73ebec07836d frame_off=0x7836d vm_ip=0x73ebec1ec5d1 vm_ip_off=0x1ec5d1 vm_flags=0xadee2fbd vm_state=0x3c845f37 vm_byte=0x3a table=0x73ebec0c3718 table_off=0xc3718 rax=0x0 rbx=0x400 rcx=0x73ebec07847c rdx=0x73ebec078555 rsi=0x73ebec0c3c70 rdi=0x210 r8=0x558 r9=0x7ffc39b43807 r10=0x73ebec09b4b3 r11=0x73ebec1ec5cd r12=0x73ebec078391 r13=0x73ebec078377 r14=0x51ebe4011480 r15=0x55eff7a35dc8 rbp=0x73ebec07836d rsp=0x7ffc39b439c8 fs0x0=0x73ebe75c6119 fs0x12=0x55effbdda86800 fs0x60=0x55effbdda868 fs0x68=0x7ffc39b43a68 fs0x71=0x55f016228d57 fs0x81=0x73ebd1c29e91 fs0xe1=0xf820000000000062 fs0x13d=0x202 fs0x16f=0x3c845f3701 fs0x1e8=0x7ffc39b439c8 fs0x13=0x55effbdda868 fs0x91=0x55effbdbf010 fs0xab=0x7ffc39b43807 fs0xb3=0x55effbdda868 fs0xcb=0x73ebece8f000 fs0x19d=0x0 fs0x28=0x246 fs0x38=0x55eff7a35dc8 fs0x79=0x73ebecaa4928 fs0x89=0x8 fs0x99=0x73ebeaffd6c0 fs0xd3=0x0 fs0x107=0x55effbdbf820 fs0x123=0x7ffc39b43e38 fs0x128=0x7f fs0x147=0x6 ip_w0=0xbd ip_w1=0x99 ip_w2=0xe01c ip_w3=0xf5ba ip_w4=0x99ae ip_w5=0x5657 ip_w6=0x90d8 ip_w7=0xe801 ip_w8=0x2101 ip_w9=0x3a96 ip_w10=0x363b ip_w11=0xeb9c ip_w12=0x98d7 ip_w13=0x9747 ip_w14=0x9fa2 ip_w15=0x1e8 target=0x73ebec09b4b3 target_off=0x9b4b3
[VMTAIL] site=0xb86f5 count=177 frame=0x73ebec07836d frame_off=0x7836d vm_ip=0x73ebec1ec888 vm_ip_off=0x1ec888 vm_flags=0xebb14a3d vm_state=0xebb34a3f vm_byte=0x3a table=0x73ebec0c3718 table_off=0xc3718 rax=0x73ebec0c40c8 rbx=0x73ebec1ec886 rcx=0x73ebec1ec7e4 rdx=0xffffffffffffffe0 rsi=0x73ebec078377 rdi=0x73ebec07847c r8=0x0 r9=0xb10 r10=0x0 r11=0x73ebec068d51 r12=0x73ebec0c4228 r13=0x73ebec0c2241 r14=0x73ebec07847c r15=0x73ebec078390 rbp=0x73ebec07836d rsp=0x7ffc39b439c8 fs0x0=0x73ebe75c6119 fs0x12=0x7ffc39b43a8000 fs0x60=0x7ffcac5840a6 fs0x68=0x7ffc39b43a80 fs0x71=0x7ffc53f91f6f fs0x81=0x73ebd1c29e91 fs0xe1=0xf820000000000062 fs0x13d=0x202 fs0x16f=0xebb34a3f01 fs0x1e8=0x7ffc39b439c8 fs0x13=0x7ffc39b43a80 fs0x91=0x55effbdda868 fs0xab=0x7ffc39b43807 fs0xb3=0x7ffc39b43a80 fs0xcb=0x73ebece8f000 fs0x19d=0x5 fs0x28=0x246 fs0x38=0x55eff7a35dc8 fs0x79=0x73ebecb1acfb fs0x89=0x8 fs0x99=0x73ebeaffd6c0 fs0xd3=0x0 fs0x107=0x55effbdbf820 fs0x123=0x7ffc39b43e38 fs0x128=0x7f fs0x147=0x6 ip_w0=0x102 ip_w1=0xb63e ip_w2=0x7607 ip_w3=0x3e05 ip_w4=0xd7a5 ip_w5=0x6692 ip_w6=0x9ad6 ip_w7=0xe84a ip_w8=0xdd01 ip_w9=0xa5db ip_w10=0x6ead ip_w11=0x765e ip_w12=0xced8 ip_w13=0xb2ad ip_w14=0xbac2 ip_w15=0x1e8 target=0x73ebec0c2241 target_off=0xc2241
[VMTAIL] site=0xb86f5 count=178 frame=0x73ebec07836d frame_off=0x7836d vm_ip=0x73ebec1ecb73 vm_ip_off=0x1ecb73 vm_flags=0xc440a88 vm_state=0x573c85a8 vm_byte=0x3a table=0x73ebec0c3718 table_off=0xc3718 rax=0x73ebec0c40c8 rbx=0x73ebec1ecb71 rcx=0x73ebec1ecacf rdx=0xffffffffffffffe0 rsi=0x73ebec078377 rdi=0x73ebec07847c r8=0x0 r9=0xb10 r10=0x0 r11=0xfffff3efb25242d6 r12=0x73ebec0c4228 r13=0x73ebec0c2241 r14=0x73ebec07847c r15=0x73ebec078390 rbp=0x73ebec07836d rsp=0x7ffc39b439c8 fs0x0=0xda3b7d8 fs0x12=0x7ffc39b43aa000 fs0x60=0x7ffcac5840c6 fs0x68=0x7ffc39b43aa0 fs0x71=0x7ffc53f91f8f fs0x81=0x73ebd1c29e91 fs0xe1=0xf820000000000062 fs0x13d=0x202 fs0x16f=0x573c85a801 fs0x1e8=0x7ffc39b439c8 fs0x13=0x7ffc39b43aa0 fs0x91=0x55effbdda868 fs0xab=0x7ffc39b43807 fs0xb3=0x7ffc39b43aa0 fs0xcb=0x73ebece8f000 fs0x19d=0x7ffc39b43a80 fs0x28=0x246 fs0x38=0x55eff7a35dc8 fs0x79=0x0 fs0x89=0x8 fs0x99=0x1 fs0xd3=0x55effbdda840 fs0x107=0x55effbdbf820 fs0x123=0x7ffc39b43e38 fs0x128=0x7f fs0x147=0x6 ip_w0=0xcb ip_w1=0x9e3f ip_w2=0x7635 ip_w3=0x3773 ip_w4=0x54b6 ip_w5=0xd71 ip_w6=0xea87 ip_w7=0xe851 ip_w8=0x6401 ip_w9=0x8b8 ip_w10=0xe8cc ip_w11=0x3a05 ip_w12=0xa5dc ip_w13=0x976c ip_w14=0x2456 ip_w15=0x1e8 target=0x73ebec0c2241 target_off=0xc2241
[VMTAIL] site=0x9b0c5 count=179 frame=0x73ebec07836d frame_off=0x7836d vm_ip=0x73ebec1ecde3 vm_ip_off=0x1ecde3 vm_flags=0x7514c4a8 vm_state=0x303c5b89 vm_byte=0x3a table=0x73ebec0c3718 table_off=0xc3718 rax=0x0 rbx=0x400 rcx=0x73ebec07847c rdx=0x73ebec078555 rsi=0x73ebec0c3c40 rdi=0x210 r8=0x528 r9=0x55effbdda978 r10=0x73ebec09a24c r11=0x73ebec1ecddf r12=0x73ebec078391 r13=0x73ebec078377 r14=0x51ebe4010048 r15=0x55eff7a35dc8 rbp=0x73ebec07836d rsp=0x7ffc39b439c8 fs0x0=0xda3b7d8 fs0x12=0x55effbdda86800 fs0x60=0x55ef963f5bc2 fs0x68=0x7ffc39b43aa0 fs0x71=0x55f016228d57 fs0x81=0x73ebd1c29e91 fs0xe1=0xf820000000000062 fs0x13d=0x202 fs0x16f=0x303c5b8901 fs0x1e8=0x7ffc39b439c8 fs0x13=0x55effbdda868 fs0x91=0x55effbdda868 fs0xab=0x7ffc39b43807 fs0xb3=0x7ffc39b43aa0 fs0xcb=0x73ebece8f000 fs0x19d=0x7ffc39b43aa0 fs0x28=0x246 fs0x38=0x55eff7a35dc8 fs0x79=0xea60 fs0x89=0x8 fs0x99=0x1 fs0xd3=0x3e8 fs0x107=0x55effbdbf820 fs0x123=0x7ffc39b43e38 fs0x128=0x7f fs0x147=0x6 ip_w0=0xc4 ip_w1=0x6e4f ip_w2=0xf7bc ip_w3=0x9d61 ip_w4=0x99af ip_w5=0x1c10 ip_w6=0xa5ed ip_w7=0xe89a ip_w8=0x8b01 ip_w9=0xaba1 ip_w10=0xe700 ip_w11=0x9798 ip_w12=0xd043 ip_w13=0xfc0a ip_w14=0x54c ip_w15=0x1e8 target=0x73ebec09a24c target_off=0x9a24c
[VMTAIL] site=0x9b0c5 count=180 frame=0x73ebec07836d frame_off=0x7836d vm_ip=0x73ebec1ed00d vm_ip_off=0x1ed00d vm_flags=0x2fd048a8 vm_state=0x1054c0fa vm_byte=0x3a table=0x73ebec0c3718 table_off=0xc3718 rax=0x0 rbx=0x0 rcx=0x73ebec07847c rdx=0x73ebec078555 rsi=0x73ebec0c4228 rdi=0x210 r8=0xb10 r9=0x55effbdda978 r10=0x73ebec0c2241 r11=0x73ebec1ed009 r12=0x73ebec078391 r13=0x73ebec078377 r14=0x51ebe4000040 r15=0x55eff7a35dc8 rbp=0x73ebec07836d rsp=0x7ffc39b439c8 fs0x0=0x55eff67e1eb9 fs0x12=0x7ffc39b43aa000 fs0x60=0x7ffc1c3bc621 fs0x68=0x7ffc39b43aa0 fs0x71=0x7ffc53f91f8f fs0x81=0x73ebd1c29e91 fs0xe1=0xf820000000000062 fs0x13d=0x206 fs0x16f=0x1054c0fa01 fs0x1e8=0x7ffc39b439c8 fs0x13=0x7ffc39b43aa0 fs0x91=0x55effbdda868 fs0xab=0x55effbdda978 fs0xb3=0x7ffc39b43aa0 fs0xcb=0x73ebece8f000 fs0x19d=0x7ffc39b439b0 fs0x28=0x246 fs0x38=0x55eff7a35dc8 fs0x79=0x73ebecaa2b5c fs0x89=0x0 fs0x99=0x55effbdda960 fs0xd3=0x2 fs0x107=0x55effbdbf820 fs0x123=0x7ffc39b43e38 fs0x128=0x7f fs0x147=0x6 ip_w0=0xb9 ip_w1=0xa253 ip_w2=0x6b3a ip_w3=0x8c8e ip_w4=0x39db ip_w5=0x5d5a ip_w6=0x8327 ip_w7=0xe8d9 ip_w8=0x4001 ip_w9=0x9005 ip_w10=0x5632 ip_w11=0xd98e ip_w12=0xe6a ip_w13=0x414c ip_w14=0x1cb7 ip_w15=0x1e8 target=0x73ebec0c2241 target_off=0xc2241
[VMTAIL] site=0x9b0c5 count=181 frame=0x73ebec07836d frame_off=0x7836d vm_ip=0x73ebec1ed237 vm_ip_off=0x1ed237 vm_flags=0x2dd9236 vm_state=0x288b5054 vm_byte=0x3a table=0x73ebec0c3718 table_off=0xc3718 rax=0x0 rbx=0x0 rcx=0x73ebec07847c rdx=0x73ebec078555 rsi=0x73ebec0c3c40 rdi=0x210 r8=0x528 r9=0x55effbdda978 r10=0x73ebec09a24c r11=0x73ebec1ed233 r12=0x73ebec078391 r13=0x73ebec078377 r14=0x51ebe4010048 r15=0x55eff7a35dc8 rbp=0x73ebec07836d rsp=0x7ffc39b439c8 fs0x0=0x55eff67e1eb9 fs0x12=0x7ffc39b43a8000 fs0x60=0x7ffc39b43a80 fs0x68=0x7ffc39b43a80 fs0x71=0x7ffc53f91f6f fs0x81=0x73ebd1c29e91 fs0xe1=0xf820000000000062 fs0x13d=0x246 fs0x16f=0x288b505401 fs0x1e8=0x7ffc39b439c8 fs0x13=0x7ffc39b43a80 fs0x91=0x55effbdda868 fs0xab=0x55effbdda978 fs0xb3=0x7ffc39b43a80 fs0xcb=0x73ebece8f000 fs0x19d=0x7ffc39b43aa0 fs0x28=0x246 fs0x38=0x55eff7a35dc8 fs0x79=0x73ebecaa2b5c fs0x89=0x0 fs0x99=0x55effbdda960 fs0xd3=0x2 fs0x107=0x55effbdbf820 fs0x123=0x7ffc39b43e38 fs0x128=0x7f fs0x147=0x6 ip_w0=0x12 ip_w1=0x4e8 ip_w2=0x363a ip_w3=0x99c2 ip_w4=0x7400 ip_w5=0x3e00 ip_w6=0x5081 ip_w7=0xe8ac ip_w8=0x1c01 ip_w9=0x23a1 ip_w10=0xf402 ip_w11=0x4694 ip_w12=0x98d4 ip_w13=0x1d07 ip_w14=0x90b6 ip_w15=0x1e8 target=0x73ebec09a24c target_off=0x9a24c
[VMTAIL] site=0x9dcab count=182 frame=0x73ebec07836d frame_off=0x7836d vm_ip=0x73ebec1a52d0 vm_ip_off=0x1a52d0 vm_flags=0xe9520d9f vm_state=0xe9c4abac vm_byte=0x3a table=0x73ebec0c3718 table_off=0xc3718 rax=0x0 rbx=0x73ebec0784db rcx=0x73ebec078377 rdx=0x73ebd1500b1a rsi=0x73ebec0784dd rdi=0x0 r8=0xffff8c1413f8fbc0 r9=0xffffffff163c705c r10=0x73ebec0bec0e r11=0xec75103a r12=0x73ebec0784dd r13=0xfffffffffff87ad4 r14=0xfffffffffff87ad4 r15=0x73ebec0c41a0 rbp=0x73ebec07836d rsp=0x7ffc39b43ab0 fs0x0=0x188232b0 fs0x12=0x73ebece8f70800 fs0x60=0x1 fs0x68=0x73ebec02aa00 fs0x71=0x1a44e4f0 fs0x81=0x73ebd1c29f31 fs0xe1=0xf820000000000062 fs0x13d=0x202 fs0x16f=0xe9c4abac01 fs0x1e8=0x7ffc39b43ab0 fs0x13=0x73ebece8f708 fs0x91=0x55effbdbf010 fs0xab=0x73ebec000dbc fs0xb3=0x1 fs0xcb=0x73ebece8f000 fs0x19d=0x0 fs0x28=0x73ebec000a58 fs0x38=0x55eff7a35dc8 fs0x79=0x73ebec000dbc fs0x89=0x0 fs0x99=0x73ebec4e9740 fs0xd3=0x1720e2 fs0x107=0x55effbdbf820 fs0x123=0x7ffc39b43e38 fs0x128=0x7f fs0x147=0x6 ip_w0=0x9594 ip_w1=0x54bc ip_w2=0x3a0a ip_w3=0x4736 ip_w4=0xbee6 ip_w5=0x46d2 ip_w6=0x1e8 ip_w7=0xc84c ip_w8=0x3d00 ip_w9=0xe701 ip_w10=0x77f3 ip_w11=0xe5f3 ip_w12=0x31de ip_w13=0x5f00 ip_w14=0xec7 ip_w15=0x348c target=0x73ebec0bec0e target_off=0xbec0e
[VMTAIL] site=0xb86f5 count=183 frame=0x73ebec07836d frame_off=0x7836d vm_ip=0x73ebec1a5446 vm_ip_off=0x1a5446 vm_flags=0x94aab3c5 vm_state=0x94aab3c5 vm_byte=0x3a table=0x73ebec0c3718 table_off=0xc3718 rax=0x73ebec0c40c8 rbx=0x73ebec1a5444 rcx=0x73ebec1a53a2 rdx=0xffffffffffffffe0 rsi=0x73ebec078377 rdi=0x73ebec07847c r8=0x0 r9=0x528 r10=0x0 r11=0x73ebec068d56 r12=0x73ebec0c3c40 r13=0x73ebec09a24c r14=0x73ebec07847c r15=0x73ebec078390 rbp=0x73ebec07836d rsp=0x7ffc39b43a18 fs0x0=0x73ebe1ed2099 fs0x12=0x1e00 fs0x60=0x1e fs0x68=0x7ffc39b43ad0 fs0x71=0x1a44e50d fs0x81=0x73ebd1c29e91 fs0xe1=0xf820000000000062 fs0x13d=0x202 fs0x16f=0x94aab3c501 fs0x1e8=0x7ffc39b43a18 fs0x13=0x1e fs0x91=0x55effbdbf010 fs0xab=0x73ebec000dbc fs0xb3=0x73ebec000000 fs0xcb=0x73ebece8f000 fs0x19d=0x0 fs0x28=0x73ebec000a58 fs0x38=0x55eff7a35dc8 fs0x79=0x73ebec000dbc fs0x89=0x0 fs0x99=0x73ebec4e9740 fs0xd3=0x1720e2 fs0x107=0x55effbdbf820 fs0x123=0x7ffc39b43e38 fs0x128=0x7f fs0x147=0x6 ip_w0=0x12 ip_w1=0x540 ip_w2=0x143a ip_w3=0x5e56 ip_w4=0x43d2 ip_w5=0x3467 ip_w6=0xc52a ip_w7=0xe8a2 ip_w8=0x8101 ip_w9=0x546a ip_w10=0xf4fe ip_w11=0x9f00 ip_w12=0xf8c3 ip_w13=0x6808 ip_w14=0x390a ip_w15=0x1e8 target=0x73ebec09a24c target_off=0x9a24c
[VMTAIL] site=0xb0458 count=184 frame=0x73ebec07836d frame_off=0x7836d vm_ip=0x73ebec1a5600 vm_ip_off=0x1a5600 vm_flags=0xb1b72e38 vm_state=0x738e24c8 vm_byte=0x3a table=0x73ebec0c3718 table_off=0xc3718 rax=0xb1b72e38 rbx=0x73ebec0784dd rcx=0xffff8c1413fbc928 rdx=0x73ebec0784dd rsi=0x2001e2b2 rdi=0x2001e2ba r8=0x73ebec1a55fc r9=0x73ebec078377 r10=0xaf0 r11=0x73ebec078390 r12=0xb0 r13=0x73ebec0c4208 r14=0xa001e222 r15=0x73ebec0c1926 rbp=0x73ebec07836d rsp=0x7ffc39b43ab0 fs0x0=0xffffffff991fc4c0 fs0x12=0x1e00 fs0x60=0xffffffff991fb4bf fs0x68=0x7ffc39b43ad8 fs0x71=0x1a44f4ef fs0x81=0x73ebd1c29ee6 fs0xe1=0xf820000000000062 fs0x13d=0x213 fs0x16f=0x738e24c800 fs0x1e8=0x7ffc39b43ab0 fs0x13=0x1e fs0x91=0x55effbdbf010 fs0xab=0x73ebec000dbc fs0xb3=0x1000 fs0xcb=0x73ebece8f000 fs0x19d=0x0 fs0x28=0x73ebec000a58 fs0x38=0x55eff7a35dc8 fs0x79=0x73ebec000dbc fs0x89=0x0 fs0x99=0x73ebec4e9740 fs0xd3=0x0 fs0x107=0x55effbdbf820 fs0x123=0x7ffc39b43e38 fs0x128=0x7f fs0x147=0x6 ip_w0=0x8611 ip_w1=0x38fe ip_w2=0xf43 ip_w3=0x1e8 ip_w4=0x9529 ip_w5=0xda7c ip_w6=0xcbb4 ip_w7=0x7ffd ip_w8=0x8b ip_w9=0x13d ip_w10=0x927 ip_w11=0xd02 ip_w12=0xe7b0 ip_w13=0x249b ip_w14=0xe99f ip_w15=0x6c target=0x73ebec0c1926 target_off=0xc1926
[TRACE] caller=eac.elf+0x1a689b mprotect addr=0x73ebec000000 len=0x1000 prot=0x3
[VMTAIL] site=0x9b0c5 count=185 frame=0x73ebec07836d frame_off=0x7836d vm_ip=0x73ebec1a57a1 vm_ip_off=0x1a57a1 vm_flags=0x9d9d599 vm_state=0x75a1a09 vm_byte=0x3a table=0x73ebec0c3718 table_off=0xc3718 rax=0x0 rbx=0x400 rcx=0x73ebec07847c rdx=0x73ebec078555 rsi=0x73ebec0c4228 rdi=0x210 r8=0xb10 r9=0x0 r10=0x73ebec0c2241 r11=0x73ebec1a579d r12=0x73ebec078391 r13=0x73ebec078377 r14=0x51ebe4000040 r15=0x55eff7a35dc8 rbp=0x73ebec07836d rsp=0x7ffc39b43a18 fs0x0=0x73ebe1ed2099 fs0x12=0x73ebec00000000 fs0x60=0x73eb81e2f3aa fs0x68=0x7ffc39b43ad0 fs0x71=0x73ec0644e4ef fs0x81=0x73ebd1c29e91 fs0xe1=0xf820000000000062 fs0x13d=0x213 fs0x16f=0x75a1a0901 fs0x1e8=0x7ffc39b43a18 fs0x13=0x73ebec000000 fs0x91=0x55effbdbf010 fs0xab=0x73ebec000dbc fs0xb3=0x73ebec000000 fs0xcb=0x73ebece8f000 fs0x19d=0x1000 fs0x28=0x73ebec000a58 fs0x38=0x55eff7a35dc8 fs0x79=0x1000 fs0x89=0x0 fs0x99=0x73ebec4e9740 fs0xd3=0x3 fs0x107=0x55effbdbf820 fs0x123=0x7ffc39b43e38 fs0x128=0x7f fs0x147=0x6 ip_w0=0x72 ip_w1=0x63db ip_w2=0xac8c ip_w3=0x968f ip_w4=0x543a ip_w5=0x5d68 ip_w6=0x35d6 ip_w7=0xe89b ip_w8=0x9101 ip_w9=0xfe66 ip_w10=0x4da7 ip_w11=0x6c23 ip_w12=0x23c7 ip_w13=0xa853 ip_w14=0x1e8 ip_w15=0x7bac target=0x73ebec0c2241 target_off=0xc2241
[VMTAIL] site=0xb86f5 count=186 frame=0x73ebec07836d frame_off=0x7836d vm_ip=0x73ebec1a5979 vm_ip_off=0x1a5979 vm_flags=0x4f4d4325 vm_state=0xfff65fd7 vm_byte=0x3a table=0x73ebec0c3718 table_off=0xc3718 rax=0x73ebec0c40c8 rbx=0x73ebec1a5977 rcx=0x73ebec1a58d5 rdx=0xffffffffffffffe0 rsi=0x73ebec078377 rdi=0x73ebec07847c r8=0x0 r9=0x528 r10=0x0 r11=0x73ebec067d56 r12=0x73ebec0c3c40 r13=0x73ebec09a24c r14=0x73ebec07847c r15=0x73ebec078390 rbp=0x73ebec07836d rsp=0x7ffc39b43a18 fs0x0=0xda3b7d9 fs0x12=0x73ebec00000000 fs0x60=0x6abb3e52 fs0x68=0x7ffc39b43ad0 fs0x71=0x1a44e4ef fs0x81=0x73ebd1c29f31 fs0xe1=0xf820000000000062 fs0x13d=0x246 fs0x16f=0xfff65fd701 fs0x1e8=0x7ffc39b43a18 fs0x13=0x73ebec000000 fs0x91=0x55effbdbf010 fs0xab=0x0 fs0xb3=0x0 fs0xcb=0x73ebece8f000 fs0x19d=0x1000 fs0x28=0x202 fs0x38=0x55eff7a35dc8 fs0x79=0x73ebecb33aeb fs0x89=0x0 fs0x99=0x0 fs0xd3=0x3 fs0x107=0x55effbdbf820 fs0x123=0x7ffc39b43e38 fs0x128=0x7f fs0x147=0x6 ip_w0=0x151 ip_w1=0x9818 ip_w2=0x99 ip_w3=0x919f ip_w4=0x9e35 ip_w5=0x85be ip_w6=0xceaa ip_w7=0xe878 ip_w8=0x5401 ip_w9=0xe975 ip_w10=0x2330 ip_w11=0xab3f ip_w12=0xd000 ip_w13=0xfb00 ip_w14=0x1950 ip_w15=0x1e8 target=0x73ebec09a24c target_off=0x9a24c
[VMTAIL] site=0xa0a9c count=187 frame=0x73ebec07836d frame_off=0x7836d vm_ip=0x73ebec1a5a9a vm_ip_off=0x1a5a9a vm_flags=0x12833a14 vm_state=0x4090430 vm_byte=0x3a table=0x73ebec0c3718 table_off=0xc3718 rax=0x73ebec0c088d rbx=0x73ebd83bf4b3 rcx=0x73ebec0789ff rdx=0x0 rsi=0xfffffffffffffe90 rdi=0x1fff6 r8=0xad8 r9=0x73ebec0783ee r10=0x73ebec078390 r11=0x73ebec0c41f0 r12=0x16f r13=0x2 r14=0x73ebec0784dd r15=0x73ebec078377 rbp=0x73ebec07836d rsp=0x7ffc39b43ab0 fs0x0=0x188232b0 fs0x12=0x73ebec00000000 fs0x60=0x1 fs0x68=0x7ffc39b43ad0 fs0x71=0x1a44e4f0 fs0x81=0x73ebd1c29f31 fs0xe1=0xf820000000000062 fs0x13d=0x202 fs0x16f=0x409043001 fs0x1e8=0x7ffc39b43ab0 fs0x13=0x73ebec000000 fs0x91=0x55effbdbf010 fs0xab=0x0 fs0xb3=0x1 fs0xcb=0x73ebece8f000 fs0x19d=0x1000 fs0x28=0x202 fs0x38=0x55eff7a35dc8 fs0x79=0x73ebecb33aeb fs0x89=0x0 fs0x99=0x0 fs0xd3=0x3 fs0x107=0x55effbdbf820 fs0x123=0x7ffc39b43e38 fs0x128=0x7f fs0x147=0x6 ip_w0=0x8d0d ip_w1=0x6d ip_w2=0xca73 ip_w3=0x68 ip_w4=0x3b9b ip_w5=0x2053 ip_w6=0xa306 ip_w7=0x8b3e ip_w8=0x13d ip_w9=0xdc00 ip_w10=0x8302 ip_w11=0xe054 ip_w12=0x73cc ip_w13=0x3a79 ip_w14=0xd3fd ip_w15=0x1718 target=0x73ebec0c088d target_off=0xc088d
[TRACE] caller=eac.elf+0x1a6a09 mprotect addr=0x73ebec000000 len=0x1000 prot=0x1
[VMTAIL] site=0xb86f5 count=188 frame=0x73ebec07836d frame_off=0x7836d vm_ip=0x73ebec1a5d8c vm_ip_off=0x1a5d8c vm_flags=0x44020a00 vm_state=0x3f067498 vm_byte=0x3a table=0x73ebec0c3718 table_off=0xc3718 rax=0x73ebec0c40c8 rbx=0x73ebec1a5d8a rcx=0x73ebec1a5ce8 rdx=0xffffffffffffffe0 rsi=0x73ebec078377 rdi=0x73ebec07847c r8=0x0 r9=0xb10 r10=0x0 r11=0x73ebec067d56 r12=0x73ebec0c4228 r13=0x73ebec0c2241 r14=0x73ebec07847c r15=0x73ebec078390 rbp=0x73ebec07836d rsp=0x7ffc39b43a18 fs0x0=0xda3b7d9 fs0x12=0x73ebec00000000 fs0x60=0x73ebec000000 fs0x68=0x7ffc39b43ad0 fs0x71=0x73ec0644e4ef fs0x81=0x73ebd1c29e91 fs0xe1=0xf820000000000062 fs0x13d=0x202 fs0x16f=0x3f06749801 fs0x1e8=0x7ffc39b43a18 fs0x13=0x73ebec000000 fs0x91=0x55effbdbf010 fs0xab=0x0 fs0xb3=0x73ebec000000 fs0xcb=0x73ebece8f000 fs0x19d=0x1000 fs0x28=0x202 fs0x38=0x55eff7a35dc8 fs0x79=0x1000 fs0x89=0x0 fs0x99=0x0 fs0xd3=0x1 fs0x107=0x55effbdbf820 fs0x123=0x7ffc39b43e38 fs0x128=0x7f fs0x147=0x6 ip_w0=0x15b ip_w1=0x3060 ip_w2=0x962 ip_w3=0xd847 ip_w4=0x99 ip_w5=0xf778 ip_w6=0xe885 ip_w7=0x7101 ip_w8=0xb4f2 ip_w9=0x4f95 ip_w10=0xcb5e ip_w11=0x2e98 ip_w12=0x1a68 ip_w13=0x2bbe ip_w14=0x1e8 ip_w15=0xf531 target=0x73ebec0c2241 target_off=0xc2241
[VMTAIL] site=0x90c21 count=189 frame=0x73ebec07836d frame_off=0x7836d vm_ip=0x73ebec1a5f3d vm_ip_off=0x1a5f3d vm_flags=0x8601ede2 vm_state=0xc0175196 vm_byte=0x62 table=0x73ebec0c3718 table_off=0xc3718 rax=0x73ebec09a24c rbx=0xffffffffffffff10 rcx=0x73ebec07847c rdx=0x528 rsi=0xffffffffffffffed rdi=0x73ebec078377 r8=0x0 r9=0x73ebec0784dd r10=0x73ebec0c3c40 r11=0x73ebec078462 r12=0x73ebec0c3c40 r13=0xfffffffffffff5a7 r14=0x55 r15=0xffff8c146c0c3840 rbp=0x73ebec07836d rsp=0x7ffc39b43ab0 fs0x0=0x7ffc5456c9aa fs0x12=0x73ebec00000000 fs0x60=0x6de2f3ab fs0x68=0x7ffc39b43ac3 fs0x71=0x1a44e4f0 fs0x81=0x7ffc1f6f55d4 fs0xe1=0xf820000000000062 fs0x13d=0x246 fs0x16f=0xc017519600 fs0x1e8=0x7ffc39b43ab0 fs0x13=0x73ebec000000 fs0x91=0x55effbdbf010 fs0xab=0x0 fs0xb3=0x0 fs0xcb=0x73ebece8f000 fs0x19d=0x1000 fs0x28=0x202 fs0x38=0x55eff7a35dc8 fs0x79=0x73ebecb33aeb fs0x89=0x0 fs0x99=0x0 fs0xd3=0x1 fs0x107=0x55effbdbf820 fs0x123=0x7ffc39b43e38 fs0x128=0x7f fs0x147=0x6 ip_w0=0x133 ip_w1=0xa53a ip_w2=0xe8b1 ip_w3=0x4201 ip_w4=0xb47 ip_w5=0xe80e ip_w6=0x3401 ip_w7=0x43ae ip_w8=0x156d ip_w9=0xac1d ip_w10=0xf7 ip_w11=0x606b ip_w12=0x13d ip_w13=0x5da2 ip_w14=0x7e8 ip_w15=0x9eb0 target=0x73ebec09a24c target_off=0x9a24c
[VMTAIL] site=0x8173b count=190 frame=0x73ebec07836d frame_off=0x7836d vm_ip=0x73ebec292986 vm_ip_off=0x292986 vm_flags=0xe4188598 vm_state=0x5be4c908 vm_byte=0x3a table=0x73ebec0c3718 table_off=0xc3718 rax=0x73ebec0b8556 rbx=0x810 rcx=0x73ebec0c40c8 rdx=0x73ebec078390 rsi=0x73ebebfff344 rdi=0x73ebec078390 r8=0x73ebec07847c r9=0x0 r10=0x804 r11=0x0 r12=0x7fffffff r13=0x73ebec078377 r14=0x73ebebfff344 r15=0x4 rbp=0x73ebec07836d rsp=0x73ebebffdf28 fs0x0=0xda3b7d8 fs0x12=0x7ffc39b43aa001 fs0x60=0x7ffcac5840c6 fs0x68=0x7ffc39b43aa0 fs0x71=0x7ffc53f91f8f fs0x81=0x73ebd1c29e91 fs0xe1=0xee00000000000062 fs0x13d=0x246 fs0x16f=0x5be4c90801 fs0x1e8=0x7ffc39b439d0 fs0x13=0x7ffc39b43aa0 fs0x91=0x55effbddaa20 fs0xab=0x55effbddab30 fs0xb3=0x7ffc39b43aa0 fs0xcb=0x73ebece8f000 fs0x19d=0x7ffc39b43a80 fs0x28=0x246 fs0x38=0x55eff7a35dc8 fs0x79=0x0 fs0x89=0x0 fs0x99=0x1 fs0xd3=0x55effbdd8df0 fs0x107=0x55effbdbf820 fs0x123=0x7ffc39b43e38 fs0x128=0x7f fs0x147=0x6 ip_w0=0x1e8 ip_w1=0xa5 ip_w2=0xb9 ip_w3=0xab4b ip_w4=0x8c3a ip_w5=0xce91 ip_w6=0x9954 ip_w7=0x9ed0 ip_w8=0xe8d8 ip_w9=0xa901 ip_w10=0xeffa ip_w11=0xef80 ip_w12=0x6b02 ip_w13=0x9517 ip_w14=0x90ff ip_w15=0xb657 target=0x73ebec0b8556 target_off=0xb8556
[VMTAIL] site=0xb86f5 count=191 frame=0x73ebec07836d frame_off=0x7836d vm_ip=0x73ebec292b56 vm_ip_off=0x292b56 vm_flags=0x34d7dad vm_state=0xffa78fe5 vm_byte=0x3a table=0x73ebec0c3718 table_off=0xc3718 rax=0x73ebec0c40c8 rbx=0x73ebec292b54 rcx=0x73ebec292ab2 rdx=0xffffffffffffffe0 rsi=0x73ebec078377 rdi=0x73ebec07847c r8=0x0 r9=0x528 r10=0x0 r11=0x69206 r12=0x73ebec0c3c40 r13=0x73ebec09a24c r14=0x73ebec07847c r15=0x73ebec078390 rbp=0x73ebec07836d rsp=0x73ebebffdf28 fs0x0=0xda3b7d8 fs0x12=0x55effbddaa2001 fs0x60=0x55effbddaa20 fs0x68=0x7ffc39b43aa0 fs0x71=0x55f016228f0f fs0x81=0x73ebd1c29e91 fs0xe1=0xee00000000000062 fs0x13d=0x202 fs0x16f=0xffa78fe501 fs0x1e8=0x73ebebffdf28 fs0x13=0x55effbddaa20 fs0x91=0x55effbddaa20 fs0xab=0x55effbddab30 fs0xb3=0x7ffc39b43aa0 fs0xcb=0x73ebece8f000 fs0x19d=0x7ffc39b43aa0 fs0x28=0x246 fs0x38=0x55eff7a35dc8 fs0x79=0x493e0 fs0x89=0x0 fs0x99=0x1 fs0xd3=0x0 fs0x107=0x55effbdbf820 fs0x123=0x7ffc39b43e38 fs0x128=0x7f fs0x147=0x6 ip_w0=0x102 ip_w1=0xc2be ip_w2=0x7607 ip_w3=0x845b ip_w4=0xa63a ip_w5=0xc2f8 ip_w6=0xc685 ip_w7=0xe884 ip_w8=0x7c01 ip_w9=0x2b15 ip_w10=0x7700 ip_w11=0x7c50 ip_w12=0x4bd4 ip_w13=0x3a80 ip_w14=0x7845 ip_w15=0x1e8 target=0x73ebec09a24c target_off=0x9a24c
[VMTAIL] site=0xb86f5 count=192 frame=0x73ebec07836d frame_off=0x7836d vm_ip=0x73ebec292df6 vm_ip_off=0x292df6 vm_flags=0xfead2d50 vm_state=0xa5d60030 vm_byte=0x3a table=0x73ebec0c3718 table_off=0xc3718 rax=0x73ebec0c40c8 rbx=0x73ebec292df4 rcx=0x73ebec292d52 rdx=0xffffffffffffffe0 rsi=0x73ebec078377 rdi=0x73ebec07847c r8=0x0 r9=0x528 r10=0x0 r11=0x73ebec068d56 r12=0x73ebec0c3c40 r13=0x73ebec09a24c r14=0x73ebec07847c r15=0x73ebec078390 rbp=0x73ebec07836d rsp=0x73ebebffdf28 fs0x0=0xda3b7d9 fs0x12=0x7ffc39b43a8001 fs0x60=0x7ffc39b43a80 fs0x68=0x7ffc39b43a80 fs0x71=0x7ffc53f91f6f fs0x81=0x73ebd1c29e91 fs0xe1=0xee00000000000062 fs0x13d=0x246 fs0x16f=0xa5d6003001 fs0x1e8=0x73ebebffdf28 fs0x13=0x7ffc39b43a80 fs0x91=0x55effbddaa20 fs0xab=0x55effbdde8a0 fs0xb3=0x7ffc39b43a80 fs0xcb=0x73ebece8f000 fs0x19d=0x7ffc39b43aa0 fs0x28=0x0 fs0x38=0x55eff7a35dc8 fs0x79=0x1720e2 fs0x89=0x0 fs0x99=0x0 fs0xd3=0x2 fs0x107=0x55effbdbf820 fs0x123=0x7ffc39b43e38 fs0x128=0x7f fs0x147=0x6 ip_w0=0x12 ip_w1=0x5e8 ip_w2=0xae3a ip_w3=0xd4a5 ip_w4=0x2fa2 ip_w5=0xe3b1 ip_w6=0x1f00 ip_w7=0xe8ab ip_w8=0x9701 ip_w9=0x479b ip_w10=0xb1c6 ip_w11=0x1693 ip_w12=0xab46 ip_w13=0x7188 ip_w14=0xdf43 ip_w15=0x1e8 target=0x73ebec09a24c target_off=0x9a24c
[VMTAIL] site=0x99757 count=193 frame=0x73ebec07836d frame_off=0x7836d vm_ip=0x73ebec292f3e vm_ip_off=0x292f3e vm_flags=0x9efefd7d vm_state=0x573b8fd9 vm_byte=0x50 table=0x73ebec0c3718 table_off=0xc3718 rax=0x73ebec02c9b8 rbx=0x4bb29 rcx=0x73ebf65a90a6 rdx=0x73ebf65a9795 rsi=0x73ebe92d8174 rdi=0x73ebec078377 r8=0x73ebec09b4b3 r9=0x73ebec0c3c70 r10=0x0 r11=0x15bc3c92cda4a r12=0x73ebec0784dd r13=0x0 r14=0x558 r15=0x400 rbp=0x73ebec07836d rsp=0x73ebebffdfc0 fs0x0=0xe4002308 fs0x12=0x1 fs0x60=0xffffffff8abc5087 fs0x68=0x73ebebffdfe0 fs0x71=0x1a44e4ef fs0x81=0x73ebd1bafaf1 fs0xe1=0xee00000000000062 fs0x13d=0x206 fs0x16f=0x573b8fd900 fs0x1e8=0x73ebebffdfc0 fs0x13=0x0 fs0x91=0x55effbddaa20 fs0xab=0x73ebe4000038 fs0xb3=0x73ebebffee00 fs0xcb=0x73ebebfffce4 fs0x19d=0x0 fs0x28=0x73ebe4000030 fs0x38=0x7ffc39b438c7 fs0x79=0x73ebe400e621 fs0x89=0x20 fs0x99=0x20000000 fs0xd3=0x73ebe400e621 fs0x107=0x73ebebffee00 fs0x123=0x73ebebffedd0 fs0x128=0x73 fs0x147=0x7ffc39b437c0 ip_w0=0x12 ip_w1=0xa88 ip_w2=0x4c3a ip_w3=0x3bed ip_w4=0xe80b ip_w5=0xd201 ip_w6=0xfc1f ip_w7=0xb395 ip_w8=0xa00 ip_w9=0xc447 ip_w10=0x520a ip_w11=0x1e8 ip_w12=0x1e8 ip_w13=0x13d ip_w14=0xefb9 ip_w15=0x3a4d target=0x73ebec09b4b3 target_off=0x9b4b3
[VMTAIL] site=0x9b0c5 count=194 frame=0x73ebec07836d frame_off=0x7836d vm_ip=0x73ebec29300f vm_ip_off=0x29300f vm_flags=0x2d9f3fcd vm_state=0xcae3dfae vm_byte=0x3a table=0x73ebec0c3718 table_off=0xc3718 rax=0x0 rbx=0x0 rcx=0x73ebec07847c rdx=0x73ebec078555 rsi=0x73ebec0c3c70 rdi=0x210 r8=0x558 r9=0x73ebe4000038 r10=0x73ebec09b4b3 r11=0x73ebec29300b r12=0x73ebec078391 r13=0x73ebec078377 r14=0x73e828003083 r15=0x7ffc39b438c7 rbp=0x73ebec07836d rsp=0x73ebebffdf28 fs0x0=0xda3b7d9 fs0x12=0x7ffc39b43a8001 fs0x60=0x7ffc4b48a4e7 fs0x68=0x7ffc39b43a80 fs0x71=0x7ffc53f91f6f fs0x81=0x73ebd1c29e91 fs0xe1=0xee00000000000062 fs0x13d=0x246 fs0x16f=0xcae3dfae01 fs0x1e8=0x73ebebffdf28 fs0x13=0x7ffc39b43a80 fs0x91=0x55effbddaa20 fs0xab=0x55effbdde8a0 fs0xb3=0x7ffc39b43a80 fs0xcb=0x73ebece8f000 fs0x19d=0x7ffc39b43a80 fs0x28=0x0 fs0x38=0x55eff7a35dc8 fs0x79=0x1720e2 fs0x89=0x0 fs0x99=0x0 fs0xd3=0x2 fs0x107=0x55effbdbf820 fs0x123=0x7ffc39b43e38 fs0x128=0x7f fs0x147=0x6 ip_w0=0x154 ip_w1=0xe4c ip_w2=0x99 ip_w3=0x158 ip_w4=0xb20e ip_w5=0xc6fa ip_w6=0x1d81 ip_w7=0xe8e0 ip_w8=0x1701 ip_w9=0x879a ip_w10=0xfdb7 ip_w11=0x3a4d ip_w12=0x82cf ip_w13=0x9d3c ip_w14=0x1e8 ip_w15=0xf271 target=0x73ebec09b4b3 target_off=0x9b4b3
[VMTAIL] site=0x9b0c5 count=195 frame=0x73ebec07836d frame_off=0x7836d vm_ip=0x73ebec293233 vm_ip_off=0x293233 vm_flags=0x482eb39e vm_state=0x493c89e8 vm_byte=0x3a table=0x73ebec0c3718 table_off=0xc3718 rax=0x0 rbx=0x0 rcx=0x73ebec07847c rdx=0x73ebec078555 rsi=0x73ebec0c4228 rdi=0x210 r8=0xb10 r9=0x73ebe4000038 r10=0x73ebec0c2241 r11=0x73ebec29322f r12=0x73ebec078391 r13=0x73ebec078377 r14=0x73e828042041 r15=0x7ffc39b438c7 rbp=0x73ebec07836d rsp=0x73ebebffdf28 fs0x0=0xda3b7d8 fs0x12=0x7ffc39b43aa001 fs0x60=0x7ffc39b43aa0 fs0x68=0x7ffc39b43aa0 fs0x71=0x7ffc53f91f8f fs0x81=0x73ebd1c29e91 fs0xe1=0xee00000000000062 fs0x13d=0x246 fs0x16f=0x493c89e801 fs0x1e8=0x73ebebffdf28 fs0x13=0x7ffc39b43aa0 fs0x91=0x55effbddaa20 fs0xab=0x55effbdde8a0 fs0xb3=0x7ffc39b43aa0 fs0xcb=0x73ebece8f000 fs0x19d=0x7ffc39b43a80 fs0x28=0x0 fs0x38=0x55eff7a35dc8 fs0x79=0x0 fs0x89=0x0 fs0x99=0x1 fs0xd3=0x55effbdd8df0 fs0x107=0x55effbdbf820 fs0x123=0x7ffc39b43e38 fs0x128=0x7f fs0x147=0x6 ip_w0=0xc4 ip_w1=0x6e4f ip_w2=0xf024 ip_w3=0xac0c ip_w4=0x25c4 ip_w5=0x988 ip_w6=0xf107 ip_w7=0xe813 ip_w8=0x9301 ip_w9=0xabea ip_w10=0xb800 ip_w11=0xab3e ip_w12=0xde00 ip_w13=0xb1a7 ip_w14=0x1e8 ip_w15=0x5ac target=0x73ebec0c2241 target_off=0xc2241
[VMTAIL] site=0x9ba72 count=196 frame=0x73ebec07836d frame_off=0x7836d vm_ip=0x73ebec293355 vm_ip_off=0x293355 vm_flags=0x7ffd8cc5 vm_state=0x7fffb7fb vm_byte=0x62 table=0x73ebec0c3718 table_off=0xc3718 rax=0x0 rbx=0x73ebec0784dd rcx=0x73ebec0c3318 rdx=0x64453d00 rsi=0x73ebec09e7af rdi=0x0 r8=0x73ebec0c3d00 r9=0x73ebec078377 r10=0xfffffffffffffbb8 r11=0x73ebec0c3ba8 r12=0x812 r13=0x0 r14=0xffffffffec2fbf1c r15=0x5e8 rbp=0x73ebec07836d rsp=0x73ebebffdfc0 fs0x0=0x6abb3e53 fs0x12=0x0 fs0x60=0x6abb3e53 fs0x68=0x7ffc39b43aa0 fs0x71=0x1a44e4f0 fs0x81=0x73ebd1c29ee6 fs0xe1=0xee00000000000062 fs0x13d=0x202 fs0x16f=0x7fffb7fb01 fs0x1e8=0x73ebebffdfc0 fs0x13=0x0 fs0x91=0x55effbddaa20 fs0xab=0x73ebe4000038 fs0xb3=0x1 fs0xcb=0x73ebebfffce4 fs0x19d=0x0 fs0x28=0x73ebe4000030 fs0x38=0x7ffc39b438c7 fs0x79=0x73ebe400e621 fs0x89=0x20 fs0x99=0x20000000 fs0xd3=0x73ebe400e621 fs0x107=0x73ebebffee00 fs0x123=0x73ebebffedd0 fs0x128=0x73 fs0x147=0x7ffc39b437c0 ip_w0=0xd4b2 ip_w1=0xe234 ip_w2=0x4d0 ip_w3=0x94ec ip_w4=0x3401 ip_w5=0xe80d ip_w6=0x1301 ip_w7=0xac ip_w8=0x13d ip_w9=0xbe77 ip_w10=0x9ae7 ip_w11=0x9dcf ip_w12=0x7a14 ip_w13=0xddb ip_w14=0xba3a ip_w15=0x18b0 target=0x73ebec09e7af target_off=0x9e7af
[VMTAIL] site=0xb86f5 count=197 frame=0x73ebec07836d frame_off=0x7836d vm_ip=0x73ebec29347e vm_ip_off=0x29347e vm_flags=0xf0ccad50 vm_state=0xa9e60600 vm_byte=0x3a table=0x73ebec0c3718 table_off=0xc3718 rax=0x73ebec0c40c8 rbx=0x73ebec29347c rcx=0x73ebec2933da rdx=0xffffffffffffffe0 rsi=0x73ebec078377 rdi=0x73ebec07847c r8=0x0 r9=0x558 r10=0x0 r11=0x73ebec068d56 r12=0x73ebec0c3c70 r13=0x73ebec09b4b3 r14=0x73ebec07847c r15=0x73ebec078390 rbp=0x73ebec07836d rsp=0x73ebebffdf28 fs0x0=0xda3b7d8 fs0x12=0x55effbddaa2000 fs0x60=0x55ef8699faa7 fs0x68=0x7ffc39b43aa0 fs0x71=0x55f016228f0f fs0x81=0x73ebd1c29e91 fs0xe1=0xee00000000000062 fs0x13d=0x202 fs0x16f=0xa9e6060001 fs0x1e8=0x73ebebffdf28 fs0x13=0x55effbddaa20 fs0x91=0x55effbddaa20 fs0xab=0x55effbdde8a0 fs0xb3=0x7ffc39b43aa0 fs0xcb=0x73ebece8f000 fs0x19d=0x7ffc39b43aa0 fs0x28=0x0 fs0x38=0x55eff7a35dc8 fs0x79=0x0 fs0x89=0x0 fs0x99=0x1 fs0xd3=0x1d4c0 fs0x107=0x55effbdbf820 fs0x123=0x7ffc39b43e38 fs0x128=0x7f fs0x147=0x6 ip_w0=0x14d ip_w1=0xe5a3 ip_w2=0x99 ip_w3=0xad8 ip_w4=0xb900 ip_w5=0x9d0a ip_w6=0xe82 ip_w7=0xe834 ip_w8=0x9201 ip_w9=0x41b8 ip_w10=0x60fb ip_w11=0x4208 ip_w12=0xca7b ip_w13=0x6961 ip_w14=0x9aa5 ip_w15=0x1e8 target=0x73ebec09b4b3 target_off=0x9b4b3
[VMTAIL] site=0x81b7c count=198 frame=0x73ebec07836d frame_off=0x7836d vm_ip=0x73ebec2935eb vm_ip_off=0x2935eb vm_flags=0x40000000 vm_state=0x9fe8 vm_byte=0x62 table=0x73ebec0c3718 table_off=0xc3718 rax=0x73ebec0c3918 rbx=0x9b2d0200 rcx=0xffbf rdx=0x73eb740930f5 rsi=0xffffffff80000030 rdi=0x73ebec0784dd r8=0x73ebec085059 r9=0xffffffff800001ad r10=0x73eb73e2fafb r11=0x73ebec078377 r12=0x7821054c r13=0x73ebec0784dd r14=0x0 r15=0x477 rbp=0x73ebec07836d rsp=0x73ebebffdfc0 fs0x0=0xffffffff991fb4c0 fs0x12=0x73ebebffe4d000 fs0x60=0xffffffff991fb4c7 fs0x68=0x73ebebffdfe0 fs0x71=0x1a44e4ef fs0x81=0x73ebd1c29f31 fs0xe1=0xee00000000000062 fs0x13d=0x297 fs0x16f=0x9fe801 fs0x1e8=0x73ebebffdfc0 fs0x13=0x73ebebffe4d0 fs0x91=0x55effbddaa20 fs0xab=0x73ebe4000038 fs0xb3=0x0 fs0xcb=0x73ebebfffce4 fs0x19d=0x0 fs0x28=0x73ebe4000030 fs0x38=0x7ffc39b438c7 fs0x79=0x73ebe400e621 fs0x89=0x20 fs0x99=0x20000000 fs0xd3=0x73ebe400e621 fs0x107=0x73ebebffee00 fs0x123=0x73ebebffedd0 fs0x128=0x73 fs0x147=0x7ffc39b437c0 ip_w0=0xc91b ip_w1=0xb3 ip_w2=0xb8de ip_w3=0xddb7 ip_w4=0xb29d ip_w5=0x1a0 ip_w6=0xd770 ip_w7=0x614c ip_w8=0x13d ip_w9=0xa5 ip_w10=0x0 ip_w11=0xf1 ip_w12=0x0 ip_w13=0x13d ip_w14=0xa700 ip_w15=0x6782 target=0x73ebec085059 target_off=0x85059
[VMTAIL] site=0xa1936 count=199 frame=0x73ebec07836d frame_off=0x7836d vm_ip=0x73ebec29360e vm_ip_off=0x29360e vm_flags=0x2d427e84 vm_state=0xc20060 vm_byte=0x62 table=0x73ebec0c3718 table_off=0xc3718 rax=0x73ebec078390 rbx=0xe7d7d8187f48 rcx=0x73ebec0784dd rdx=0x943d34033314 rsi=0x73ebec0784dd rdi=0x460 r8=0x73ebec0784dd r9=0x73ebec0c4481 r10=0xff2e886e r11=0x73ebec078377 r12=0x73ebec094e5a r13=0xffff8c1493f6b0af r14=0x73ebec0c3b78 r15=0xffff8c1413f8816f rbp=0x73ebec07836d rsp=0x73ebebffdfc0 fs0x0=0xfffffffffb78fc35 fs0x12=0x73ebebffe4d000 fs0x60=0xfffffffffb78fc3c fs0x68=0x73ebebffdfe0 fs0x71=0x1a44e4ef fs0x81=0x73ebd1c29f31 fs0xe1=0xee00000000000062 fs0x13d=0x297 fs0x16f=0xc2006001 fs0x1e8=0x73ebebffdfc0 fs0x13=0x73ebebffe4d0 fs0x91=0x55effbddaa20 fs0xab=0x73ebe4000038 fs0xb3=0x0 fs0xcb=0x73ebebfffce4 fs0x19d=0x0 fs0x28=0x73ebe4000030 fs0x38=0x7ffc39b438c7 fs0x79=0x73ebe400e621 fs0x89=0x20 fs0x99=0x20000000 fs0xd3=0x73ebe400e621 fs0x107=0x73ebebffee00 fs0x123=0x73ebebffedd0 fs0x128=0x73 fs0x147=0x7ffc39b437c0 ip_w0=0x91f2 ip_w1=0xbb76 ip_w2=0x1e2c ip_w3=0xb93 ip_w4=0x8417 ip_w5=0x1a0 ip_w6=0x6a09 ip_w7=0x7b6c ip_w8=0x13d ip_w9=0xa5 ip_w10=0x0 ip_w11=0x2b62 ip_w12=0x0 ip_w13=0x13d ip_w14=0x9022 ip_w15=0x7000 target=0x73ebec094e5a target_off=0x94e5a
[VMTAIL] site=0x7c308 count=200 frame=0x73ebec07836d frame_off=0x7836d vm_ip=0x73ebec293630 vm_ip_off=0x293630 vm_flags=0x7bd69d5b vm_state=0x803bf7b0 vm_byte=0x62 table=0x73ebec0c3718 table_off=0xc3718 rax=0x73ebec078377 rbx=0x73ebac1a735d rcx=0x73ebec0b0007 rdx=0x852 rsi=0x73ebec0b0007 rdi=0x808 r8=0xd32f0162 r9=0x13280008 r10=0x73ebec078390 r11=0x73ebec0784dd r12=0x1 r13=0x73ebec0c3f78 r14=0x73ebec0784dd r15=0xffffffff80000020 rbp=0x73ebec07836d rsp=0x73ebebffdfc0 fs0x0=0xfffffffffb78fc35 fs0x12=0x73ebebffe4d000 fs0x60=0xfffffffffb78fc38 fs0x68=0x73ebebffdfe0 fs0x71=0x1a44e4ef fs0x81=0x73ebd1c29f31 fs0xe1=0xee00000000000062 fs0x13d=0x293 fs0x16f=0x803bf7b001 fs0x1e8=0x73ebebffdfc0 fs0x13=0x73ebebffe4d0 fs0x91=0x55effbddaa20 fs0xab=0x73ebe4000038 fs0xb3=0x0 fs0xcb=0x73ebebfffce4 fs0x19d=0x0 fs0x28=0x73ebe4000030 fs0x38=0x7ffc39b438c7 fs0x79=0x73ebe400e621 fs0x89=0x20 fs0x99=0x20000000 fs0xd3=0x73ebe400e621 fs0x107=0x73ebebffee00 fs0x123=0x73ebebffedd0 fs0x128=0x73 fs0x147=0x7ffc39b437c0 ip_w0=0x9dbf ip_w1=0x69b9 ip_w2=0x211 ip_w3=0x21c1 ip_w4=0xa2ac ip_w5=0x8919 ip_w6=0xf87b ip_w7=0x5b3c ip_w8=0x3dfb ip_w9=0x6201 ip_w10=0x1 ip_w11=0x5b00 ip_w12=0x0 ip_w13=0x3d00 ip_w14=0x1 ip_w15=0x8cb4 target=0x73ebec0b0007 target_off=0xb0007
[VMTAIL] site=0xbf886 count=201 frame=0x73ebec07836d frame_off=0x7836d vm_ip=0x73ebec293654 vm_ip_off=0x293654 vm_flags=0xbc1635da vm_state=0xf6f5d887 vm_byte=0x62 table=0x73ebec0c3718 table_off=0xc3718 rax=0x20286000ff79 rbx=0x73ebec0a0631 rcx=0x73ebec078377 rdx=0xffff182827f11b68 rsi=0xffff8c1380000003 rdi=0x73ebec0784dd r8=0x73ebec0c3d50 r9=0xffff182827f0b5b0 r10=0x73ebec0784dd r11=0x73ebec07836d r12=0xffff8c1413f87c93 r13=0xffff8c1380000003 r14=0x638 r15=0x73ebec0a0631 rbp=0x73ebec07836d rsp=0x73ebebffdfc0 fs0x0=0xda3b7d9 fs0x12=0x73ebebffe4d000 fs0x60=0xfffffffffb78fc38 fs0x68=0x73ebebffdfe0 fs0x71=0x1a44e4ef fs0x81=0x73ebd1c29f31 fs0xe1=0xee00000000000062 fs0x13d=0x293 fs0x16f=0xf6f5d88701 fs0x1e8=0x73ebebffdfc0 fs0x13=0x73ebebffe4d0 fs0x91=0x55effbddaa20 fs0xab=0x73ebe4000038 fs0xb3=0x0 fs0xcb=0x73ebebfffce4 fs0x19d=0x0 fs0x28=0x73ebe4000030 fs0x38=0x7ffc39b438c7 fs0x79=0x73ebe400e621 fs0x89=0x20 fs0x99=0x20000000 fs0xd3=0x73ebe400e621 fs0x107=0x73ebebffee00 fs0x123=0x73ebebffedd0 fs0x128=0x73 fs0x147=0x7ffc39b437c0 ip_w0=0x1aa6 ip_w1=0x7b09 ip_w2=0xd3c5 ip_w3=0xd09 ip_w4=0xf043 ip_w5=0x750 ip_w6=0xdac0 ip_w7=0xb9bc ip_w8=0x13d ip_w9=0xa5 ip_w10=0x0 ip_w11=0x191 ip_w12=0x0 ip_w13=0x13d ip_w14=0x5d22 ip_w15=0xe1ed target=0x73ebec0a0631 target_off=0xa0631
[VMTAIL] site=0xa0068 count=202 frame=0x73ebec07836d frame_off=0x7836d vm_ip=0x73ebec293677 vm_ip_off=0x293677 vm_flags=0x73681327 vm_state=0x58701122 vm_byte=0x62 table=0x73ebec0c3718 table_off=0xc3718 rax=0x73ebec078377 rbx=0x12 rcx=0x73ebec0784dd rdx=0x12 rsi=0x9433a8062389 rdi=0x73ebec0c41e0 r8=0xfffffffffffff913 r9=0xffffffff8c97ec03 r10=0x73ebec0c02e4 r11=0xac8 r12=0x73ebd1c29f31 r13=0x73ebec0c41e0 r14=0x73ebec0784dd r15=0x73ebec078390 rbp=0x73ebec07836d rsp=0x73ebebffdfc0 fs0x0=0xfffffffffb78fc35 fs0x12=0x73ebebffe4d000 fs0x60=0xfffffffffb78fc36 fs0x68=0x73ebebffdfe0 fs0x71=0x1a44e4ef fs0x81=0x73ebd1c29f31 fs0xe1=0xee00000000000062 fs0x13d=0x297 fs0x16f=0x5870112201 fs0x1e8=0x73ebebffdfc0 fs0x13=0x73ebebffe4d0 fs0x91=0x55effbddaa20 fs0xab=0x73ebe4000038 fs0xb3=0x0 fs0xcb=0x73ebebfffce4 fs0x19d=0x0 fs0x28=0x73ebe4000030 fs0x38=0x7ffc39b438c7 fs0x79=0x73ebe400e621 fs0x89=0x20 fs0x99=0x20000000 fs0xd3=0x73ebe400e621 fs0x107=0x73ebebffee00 fs0x123=0x73ebebffedd0 fs0x128=0x73 fs0x147=0x7ffc39b437c0 ip_w0=0xf824 ip_w1=0xfdf9 ip_w2=0xd4e7 ip_w3=0xc6c5 ip_w4=0x4cb2 ip_w5=0x77dd ip_w6=0x632a ip_w7=0x3dee ip_w8=0x4b01 ip_w9=0x162 ip_w10=0x0 ip_w11=0x1870 ip_w12=0x0 ip_w13=0x13d ip_w14=0x1722 ip_w15=0xabc6 target=0x73ebec0c02e4 target_off=0xc02e4
[VMTAIL] site=0xb84a4 count=203 frame=0x73ebec07836d frame_off=0x7836d vm_ip=0x73ebec2bec2e vm_ip_off=0x2bec2e vm_flags=0xcfcfb3ec vm_state=0xc5010180 vm_byte=0x62 table=0x73ebec0c3718 table_off=0xc3718 rax=0x73ebec0c40b8 rbx=0x0 rcx=0x7fd7cc68 rdx=0xfffffffffffcff1a rsi=0x0 rdi=0x73ebec0c3c70 r8=0xfffffffffff3cf50 r9=0x2b598 r10=0x73ebec09b4b3 r11=0x73ebec0784dd r12=0xffff182827ffe87c r13=0x73ebec07847c r14=0x0 r15=0x73ebec078377 rbp=0x73ebec07836d rsp=0x73ebebffdfc0 fs0x0=0xffffffff991fb4c0 fs0x12=0x73ebebffe4d000 fs0x60=0xffffffff991fb4c2 fs0x68=0x73ebebffdfe0 fs0x71=0x1a44e4ef fs0x81=0x73ebd1c29f31 fs0xe1=0xee00000000000062 fs0x13d=0x293 fs0x16f=0xc501018001 fs0x1e8=0x73ebebffdfc0 fs0x13=0x73ebebffe4d0 fs0x91=0x55effbddaa20 fs0xab=0x73ebe4000038 fs0xb3=0x0 fs0xcb=0x73ebebfffce4 fs0x19d=0x0 fs0x28=0x73ebe4000030 fs0x38=0x7ffc39b438c7 fs0x79=0x73ebe400e621 fs0x89=0x20 fs0x99=0x20000000 fs0xd3=0x73ebe400e621 fs0x107=0x73ebebffee00 fs0x123=0x73ebebffedd0 fs0x128=0x73 fs0x147=0x7ffc39b437c0 ip_w0=0x9a ip_w1=0x38a0 ip_w2=0x1e8 ip_w3=0xbc3 ip_w4=0x1e8 ip_w5=0x9abc ip_w6=0x993a ip_w7=0x1f30 ip_w8=0x4329 ip_w9=0x3cba ip_w10=0xe1d6 ip_w11=0xc7 ip_w12=0x13d ip_w13=0x637 ip_w14=0x84c1 ip_w15=0x5d12 target=0x73ebec09b4b3 target_off=0x9b4b3
[VMTAIL] site=0xb86f5 count=204 frame=0x73ebec07836d frame_off=0x7836d vm_ip=0x73ebec2bed5d vm_ip_off=0x2bed5d vm_flags=0x4ca14385 vm_state=0x6ca14f87 vm_byte=0x3a table=0x73ebec0c3718 table_off=0xc3718 rax=0x73ebec0c40c8 rbx=0x73ebec2bed5b rcx=0x73ebec2becb9 rdx=0xffffffffffffffe0 rsi=0x73ebec078377 rdi=0x73ebec07847c r8=0x0 r9=0x528 r10=0x0 r11=0x73ebec068d56 r12=0x73ebec0c3c40 r13=0x73ebec09a24c r14=0x73ebec07847c r15=0x73ebec078390 rbp=0x73ebec07836d rsp=0x73ebebffdf28 fs0x0=0x55eff67e5f79 fs0x12=0x7ffc39b43aa000 fs0x60=0x7ffcac5840c6 fs0x68=0x7ffc39b43aa0 fs0x71=0x7ffc53f91f8f fs0x81=0x73ebd1c29e91 fs0xe1=0xee00000000000062 fs0x13d=0x206 fs0x16f=0x6ca14f8701 fs0x1e8=0x73ebebffdf28 fs0x13=0x7ffc39b43aa0 fs0x91=0x55effbddaa20 fs0xab=0x55effbdde540 fs0xb3=0x7ffc39b43aa0 fs0xcb=0x73ebece8f000 fs0x19d=0x7ffc39b439b0 fs0x28=0x0 fs0x38=0x55eff7a35dc8 fs0x79=0x1720e2 fs0x89=0x0 fs0x99=0x55effbdde8a0 fs0xd3=0x2 fs0x107=0x55effbdbf820 fs0x123=0x7ffc39b43e38 fs0x128=0x7f fs0x147=0x6 ip_w0=0x129 ip_w1=0x2e31 ip_w2=0xa8e7 ip_w3=0x4565 ip_w4=0x60f8 ip_w5=0x7160 ip_w6=0x6cef ip_w7=0xe8f5 ip_w8=0xc901 ip_w9=0x51ec ip_w10=0xf389 ip_w11=0xe364 ip_w12=0xe8ac ip_w13=0x3229 ip_w14=0x1e8 ip_w15=0xf939 target=0x73ebec09a24c target_off=0x9a24c
[VMTAIL] site=0x9b0c5 count=205 frame=0x73ebec07836d frame_off=0x7836d vm_ip=0x73ebec2bef37 vm_ip_off=0x2bef37 vm_flags=0x3bd14428 vm_state=0x105531aa vm_byte=0x3a table=0x73ebec0c3718 table_off=0xc3718 rax=0x0 rbx=0x400 rcx=0x73ebec07847c rdx=0x73ebec078555 rsi=0x73ebec0c4228 rdi=0x210 r8=0xb10 r9=0x73ebe4000038 r10=0x73ebec0c2241 r11=0x73ebec2bef33 r12=0x73ebec078391 r13=0x73ebec078377 r14=0x73e828042041 r15=0x7ffc39b438c7 rbp=0x73ebec07836d rsp=0x73ebebffdf28 fs0x0=0x55eff67e5f79 fs0x12=0x7ffc39b43a8000 fs0x60=0x7ffc39b43a80 fs0x68=0x7ffc39b43a80 fs0x71=0x7ffc53f91f6f fs0x81=0x73ebd1c29e91 fs0xe1=0xee00000000000062 fs0x13d=0x246 fs0x16f=0x105531aa01 fs0x1e8=0x73ebebffdf28 fs0x13=0x7ffc39b43a80 fs0x91=0x55effbddaa20 fs0xab=0x55effbdde540 fs0xb3=0x7ffc39b43a80 fs0xcb=0x73ebece8f000 fs0x19d=0x7ffc39b43aa0 fs0x28=0x0 fs0x38=0x55eff7a35dc8 fs0x79=0x1720e2 fs0x89=0x0 fs0x99=0x55effbdde8a0 fs0xd3=0x2 fs0x107=0x55effbdbf820 fs0x123=0x7ffc39b43e38 fs0x128=0x7f fs0x147=0x6 ip_w0=0x151 ip_w1=0x9c60 ip_w2=0x99 ip_w3=0xd005 ip_w4=0x75a8 ip_w5=0x14f8 ip_w6=0x22ca ip_w7=0xe86d ip_w8=0x6801 ip_w9=0x4fa3 ip_w10=0xe8eb ip_w11=0x8404 ip_w12=0x453 ip_w13=0xab ip_w14=0x1d7c ip_w15=0x1e8 target=0x73ebec0c2241 target_off=0xc2241
[VMTAIL] site=0x87c25 count=206 frame=0x73ebec07836d frame_off=0x7836d vm_ip=0x73ebec2bf297 vm_ip_off=0x2bf297 vm_flags=0x1281260e vm_state=0xa060008 vm_byte=0x62 table=0x73ebec0c3718 table_off=0xc3718 rax=0x73ebec2bf04c rbx=0x73ebec07847c rcx=0x0 rdx=0x73ebec07732f rsi=0x1 rdi=0xe7d7d815ffff r8=0x73ecec07836c r9=0x73ebec0c3c01 r10=0x73ebec078377 r11=0x1 r12=0x73ebec0876e7 r13=0x24f r14=0x73ebec09a24c r15=0x528 rbp=0x73ebec07836d rsp=0x73ebebffdfc0 fs0x0=0x6abb3e52 fs0x12=0x73ebebffe4d001 fs0x60=0x6abb3e52 fs0x68=0x7ffc39b43a80 fs0x71=0x1a44e4ef fs0x81=0x73ebd1c29f31 fs0xe1=0xee00000000000062 fs0x13d=0x246 fs0x16f=0xa06000801 fs0x1e8=0x73ebebffdfc0 fs0x13=0x73ebebffe4d0 fs0x91=0x55effbddaa20 fs0xab=0x73ebe4000038 fs0xb3=0x0 fs0xcb=0x73ebebfffce4 fs0x19d=0x0 fs0x28=0x73ebe4000030 fs0x38=0x7ffc39b438c7 fs0x79=0x73ebe400e621 fs0x89=0x20 fs0x99=0x20000000 fs0xd3=0x73ebe400e621 fs0x107=0x73ebebffee00 fs0x123=0x73ebebffedd0 fs0x128=0x73 fs0x147=0x7ffc39b437c0 ip_w0=0x72 ip_w1=0x5f9a ip_w2=0xac5b ip_w3=0x2d31 ip_w4=0x56fd ip_w5=0x5715 ip_w6=0x447a ip_w7=0x248 ip_w8=0x1e8 ip_w9=0xc10 ip_w10=0x26 ip_w11=0x13d ip_w12=0x687f ip_w13=0xf294 ip_w14=0xbb23 ip_w15=0x7dd3 target=0x73ebec09a24c target_off=0x9a24c
[VMTAIL] site=0xb86f5 count=207 frame=0x73ebec07836d frame_off=0x7836d vm_ip=0x73ebec2bf3c6 vm_ip_off=0x2bf3c6 vm_flags=0x76184db9 vm_state=0xd6a444b3 vm_byte=0x3a table=0x73ebec0c3718 table_off=0xc3718 rax=0x73ebec0c40c8 rbx=0x73ebec2bf3c4 rcx=0x73ebec2bf322 rdx=0xffffffffffffffe0 rsi=0x73ebec078377 rdi=0x73ebec07847c r8=0x0 r9=0x528 r10=0x0 r11=0x73ebec068d56 r12=0x73ebec0c3c40 r13=0x73ebec09a24c r14=0x73ebec07847c r15=0x73ebec078390 rbp=0x73ebec07836d rsp=0x73ebebffdf28 fs0x0=0x55eff67e5f79 fs0x12=0x7ffc39b43a8001 fs0x60=0x73ebebffe4d0 fs0x68=0x73ebebffe4d0 fs0x71=0x73ec0644c9bf fs0x81=0x73ebd1c29f31 fs0xe1=0xee00000000000062 fs0x13d=0x246 fs0x16f=0xd6a444b301 fs0x1e8=0x73ebebffdf28 fs0x13=0x7ffc39b43a80 fs0x91=0x55effbddaa20 fs0xab=0x55effbdde540 fs0xb3=0x0 fs0xcb=0x73ebece8f000 fs0x19d=0x7ffc39b43a80 fs0x28=0x0 fs0x38=0x55eff7a35dc8 fs0x79=0x1720e2 fs0x89=0x0 fs0x99=0x55effbdde8a0 fs0xd3=0x2 fs0x107=0x55effbdbf820 fs0x123=0x7ffc39b43e38 fs0x128=0x7f fs0x147=0x6 ip_w0=0x40 ip_w1=0xa2bd ip_w2=0x99 ip_w3=0x1a47 ip_w4=0x6fab ip_w5=0xaaf5 ip_w6=0x9a98 ip_w7=0xe8db ip_w8=0x1301 ip_w9=0x3c08 ip_w10=0xa7f3 ip_w11=0xb37b ip_w12=0x1701 ip_w13=0xfa46 ip_w14=0x1e8 ip_w15=0xf129 target=0x73ebec09a24c target_off=0x9a24c
[VMTAIL] site=0xbe55b count=208 frame=0x73ebec07836d frame_off=0x7836d vm_ip=0x73ebec2bf97c vm_ip_off=0x2bf97c vm_flags=0x7bf98ecd vm_state=0x3abc7dce vm_byte=0x62 table=0x73ebec0c3718 table_off=0xc3718 rax=0x73ebec078377 rbx=0x73ebec2bf4f3 rcx=0x73ebec05146b rdx=0x73ebec09a24c rsi=0x528 rdi=0x73eb6c0bdda2 r8=0x73ebec32493f r9=0x0 r10=0x53ab2800003d r11=0x246 r12=0x73ebec0c3c01 r13=0x73ebec07837f r14=0x48d r15=0x73ebec07847c rbp=0x73ebec07836d rsp=0x73ebebffdfc0 fs0x0=0x188232b1 fs0x12=0x73ebebffe4d001 fs0x60=0x0 fs0x68=0x73ebebffe4d0 fs0x71=0x1a44e4ef fs0x81=0x73ebd1c29f31 fs0xe1=0xee00000000000062 fs0x13d=0x246 fs0x16f=0x3abc7dce01 fs0x1e8=0x73ebebffdfc0 fs0x13=0x73ebebffe4d0 fs0x91=0x55effbddaa20 fs0xab=0x73ebe4000038 fs0xb3=0x0 fs0xcb=0x73ebebfffce4 fs0x19d=0x0 fs0x28=0x73ebe4000030 fs0x38=0x7ffc39b438c7 fs0x79=0x73ebe400e621 fs0x89=0x20 fs0x99=0x20000000 fs0xd3=0x73ebe400e621 fs0x107=0x73ebebffee00 fs0x123=0x73ebebffedd0 fs0x128=0x73 fs0x147=0x7ffc39b437c0 ip_w0=0x102 ip_w1=0xc2d4 ip_w2=0x7621 ip_w3=0x81eb ip_w4=0x4b50 ip_w5=0xb3e7 ip_w6=0xb100 ip_w7=0x86 ip_w8=0x2f51 ip_w9=0xc0 ip_w10=0xd5f3 ip_w11=0x13d ip_w12=0x9bd7 ip_w13=0x142 ip_w14=0xb3 ip_w15=0x9677 target=0x73ebec09a24c target_off=0x9a24c
[VMTAIL] site=0xba0cc count=209 frame=0x73ebec07836d frame_off=0x7836d vm_ip=0x73ebec2bfe6f vm_ip_off=0x2bfe6f vm_flags=0x16833a00 vm_state=0xb3faaff5 vm_byte=0x62 table=0x73ebec0c3718 table_off=0xc3718 rax=0x73ebec0c2241 rbx=0x246 rcx=0x73ebec078377 rdx=0xffffffffffffff88 rsi=0x0 rdi=0x4c3 r8=0x1 r9=0x73ebec2bf9b0 r10=0x73ebec0c4201 r11=0x73fbec0fa2dd r12=0x73ebec0784dd r13=0x0 r14=0x73ebec2bfbac r15=0x0 rbp=0x73ebec07836d rsp=0x73ebebffdfc0 fs0x0=0xffffffffc612a452 fs0x12=0x73ebebffe4d001 fs0x60=0x39ed5bae fs0x68=0x73ebebffe4d0 fs0x71=0x1a44e4ef fs0x81=0x73ebd1c29f31 fs0xe1=0xee00000000000062 fs0x13d=0x246 fs0x16f=0xb3faaff501 fs0x1e8=0x73ebebffdfc0 fs0x13=0x73ebebffe4d0 fs0x91=0x55effbddaa20 fs0xab=0x73ebe4000038 fs0xb3=0x0 fs0xcb=0x73ebebfffce4 fs0x19d=0x0 fs0x28=0x73ebe4000030 fs0x38=0x7ffc39b438c7 fs0x79=0x73ebe400e621 fs0x89=0x20 fs0x99=0x20000000 fs0xd3=0x73ebe400e621 fs0x107=0x73ebebffee00 fs0x123=0x73ebebffedd0 fs0x128=0x73 fs0x147=0x7ffc39b437c0 ip_w0=0x40 ip_w1=0xac5e ip_w2=0x68 ip_w3=0xf49f ip_w4=0x68 ip_w5=0x2d3f ip_w6=0xf577 ip_w7=0xf93 ip_w8=0x1e8 ip_w9=0x3d2f ip_w10=0xab ip_w11=0x65f0 ip_w12=0x13d ip_w13=0xb777 ip_w14=0xbb8e ip_w15=0xead0 target=0x73ebec0c2241 target_off=0xc2241
[VMTAIL] site=0xb86f5 count=210 frame=0x73ebec07836d frame_off=0x7836d vm_ip=0x73ebec2bff9e vm_ip_off=0x2bff9e vm_flags=0x901000 vm_state=0x3f05dd54 vm_byte=0x3a table=0x73ebec0c3718 table_off=0xc3718 rax=0x73ebec0c40c8 rbx=0x73ebec2bff9c rcx=0x73ebec2bfefa rdx=0xffffffffffffffe0 rsi=0x73ebec078377 rdi=0x73ebec07847c r8=0x0 r9=0xb10 r10=0x0 r11=0x73ebec068d56 r12=0x73ebec0c4228 r13=0x73ebec0c2241 r14=0x73ebec07847c r15=0x73ebec078390 rbp=0x73ebec07836d rsp=0x73ebebffdf28 fs0x0=0x55eff67e5f79 fs0x12=0x7ffc39b43b9001 fs0x60=0x7ffbc4708c17 fs0x68=0x7ffc39b43b90 fs0x71=0x7ffc53f9207f fs0x81=0x73ebd1c29e91 fs0xe1=0xee00000000000062 fs0x13d=0x293 fs0x16f=0x3f05dd5401 fs0x1e8=0x73ebebffdf28 fs0x13=0x7ffc39b43b90 fs0x91=0x55effbdbf010 fs0xab=0x55effbdde540 fs0xb3=0x7ffc39b43b90 fs0xcb=0x73ebece8f000 fs0x19d=0x7ffc39b43a80 fs0x28=0x0 fs0x38=0x55eff7a35dc8 fs0x79=0x1720e2 fs0x89=0x0 fs0x99=0x55effbdde8a0 fs0xd3=0x2 fs0x107=0x55effbdbf820 fs0x123=0x7ffc39b43e38 fs0x128=0x7f fs0x147=0x6 ip_w0=0x102 ip_w1=0xc4ee ip_w2=0x7607 ip_w3=0x67c6 ip_w4=0xdf31 ip_w5=0x3691 ip_w6=0xe87a ip_w7=0x5101 ip_w8=0xc0f6 ip_w9=0x55bb ip_w10=0xf1a1 ip_w11=0x3a8a ip_w12=0xa327 ip_w13=0xb0d ip_w14=0xcb2d ip_w15=0x1e8 target=0x73ebec0c2241 target_off=0xc2241
[DRIVER] x returned 0x0
[DRIVER] out[0..31]=0100000000000000000000000000000000000000000000000000000000000000[VMTAIL] site=0x9b0c5 count=211 frame=0x73ebec07836d frame_off=0x7836d vm_ip=0x73ebec2c023e vm_ip_off=0x2c023e vm_flags=0x3bda694c vm_state=0xb10e1ab5 vm_byte=0x3a table=0x73ebec0c3718 table_off=0xc3718 rax=0x0 rbx=0x0 rcx=0x73ebec07847c rdx=0x73ebec078555 rsi=0x73ebec0c3c40 rdi=0x210 r8=0x528 r9=0xe5b23167ed350e87 r10=0x73ebec09a24c r11=0x73ebec2c023a r12=0x73ebec078391 r13=0x73ebec078377 r14=0x73e828002044 r15=0x7ffc39b438c7 rbp=0x73ebec07836d rsp=0x73ebebffdf28 fs0x0=0x55eff67e5f79 fs0x12=0x55effbddc5f001 fs0x60=0x73ebce8776d1 fs0x68=0x73ebebffe4f0 fs0x71=0x73ec0644d03f fs0x81=0x73ebd1c29f31 fs0xe1=0xee00000000000062 fs0x13d=0x202 fs0x16f=0xb10e1ab501 fs0x1e8=0x73ebebffdf28 fs0x13=0x55effbddc5f0 fs0x91=0x55effbdbf010 fs0xab=0x55effbdde540 fs0xb3=0x2 fs0xcb=0x73ebece8f000 fs0x19d=0x7ffc39b43a80 fs0x28=0x0 fs0x38=0x55eff7a35dc8 fs0x79=0x1720e2 fs0x89=0x0 fs0x99=0x55effbdde8a0 fs0xd3=0x2 fs0x107=0x55effbdbf820 fs0x123=0x7ffc39b43e38 fs0x128=0x7f fs0x147=0x6 ip_w0=0x42 ip_w1=0x8ee9 ip_w2=0x9b3a ip_w3=0xff73 ip_w4=0xd00d ip_w5=0x9aa2 ip_w6=0xecf2 ip_w7=0xe8cb ip_w8=0xce01 ip_w9=0xd3a9 ip_w10=0x900a ip_w11=0x2103 ip_w12=0xa6a5 ip_w13=0xea4a ip_w14=0xcde6 ip_w15=0x1e8 target=0x73ebec09a24c target_off=0x9a24c

[TRACE] caller=driver+0x66f4 getenv name=EAC_DUMP_DIR -> null
[DRIVER] sleeping 3 second(s) for worker threads
[VMTAIL] site=0xbe55b count=212 frame=0x73ebec07836d frame_off=0x7836d vm_ip=0x73ebec2c1156 vm_ip_off=0x2c1156 vm_flags=0x48575be7 vm_state=0x3a84f379 vm_byte=0x62 table=0x73ebec0c3718 table_off=0xc3718 rax=0x73ebec078377 rbx=0x73ebec2c0595 rcx=0x73ebec050702 rdx=0x73ebec09b4b3 rsi=0x558 rdi=0x73eb6c0bdda2 r8=0x73ebec3206fd r9=0x0 r10=0x53c228040005 r11=0x246 r12=0x73ebec0c3c01 r13=0x73ebec07837f r14=0xbc5 r15=0x73ebec07847c rbp=0x73ebec07836d rsp=0x73ebebffdfc0 fs0x0=0x188232b1 fs0x12=0x73ebebffe4d001 fs0x60=0x0 fs0x68=0x73ebebffe4d0 fs0x71=0x1a44e4ef fs0x81=0x73ebd1c29f31 fs0xe1=0xee00000000000062 fs0x13d=0x246 fs0x16f=0x3a84f37901 fs0x1e8=0x73ebebffdfc0 fs0x13=0x73ebebffe4d0 fs0x91=0x55effbddaa20 fs0xab=0xe5b23167ed350e87 fs0xb3=0x0 fs0xcb=0x73ebebfffce4 fs0x19d=0x73ebe4000880 fs0x28=0x73ebe4000030 fs0x38=0x7ffc39b438c7 fs0x79=0x73ebe400e fs0x89=0x25 fs0x99=0x20 fs0xd3=0xf fs0x107=0x73ebebffee00 fs0x123=0x73ebebffedd0 fs0x128=0x73 fs0x147=0x7ffc39b437c0 ip_w0=0x1e ip_w1=0x1f10 ip_w2=0x1e8 ip_w3=0xe0b ip_w4=0x1e8 ip_w5=0x29b4 ip_w6=0xf95f ip_w7=0xacf1 ip_w8=0xf7dc ip_w9=0x4d61 ip_w10=0xac ip_w11=0x86 ip_w12=0x13d ip_w13=0x68cc ip_w14=0x247a ip_w15=0x97dc target=0x73ebec09b4b3 target_off=0x9b4b3
[VMTAIL] site=0xb86f5 count=213 frame=0x73ebec07836d frame_off=0x7836d vm_ip=0x73ebec2c1285 vm_ip_off=0x2c1285 vm_flags=0xdb19a1ed vm_state=0xbffce774 vm_byte=0x3a table=0x73ebec0c3718 table_off=0xc3718 rax=0x73ebec0c40c8 rbx=0x73ebec2c1283 rcx=0x73ebec2c11e1 rdx=0xffffffffffffffe0 rsi=0x73ebec078377 rdi=0x73ebec07847c r8=0x0 r9=0x558 r10=0x0 r11=0x80674d6 r12=0x73ebec0c3c70 r13=0x73ebec09b4b3 r14=0x73ebec07847c r15=0x73ebec078390 rbp=0x73ebec07836d rsp=0x73ebebffdf28 fs0x0=0xda3b7f9 fs0x12=0x73ebebffe4d001 fs0x60=0x73ebebffe4d0 fs0x68=0x73ebebffe4d0 fs0x71=0x73ec0644c9bf fs0x81=0x73ebd1c29e91 fs0xe1=0xee00000000000062 fs0x13d=0x246 fs0x16f=0xbffce77401 fs0x1e8=0x73ebebffdf28 fs0x13=0x73ebebffe4d0 fs0x91=0x55effbddaa20 fs0xab=0xe5b23167ed350e87 fs0xb3=0x73ebebffe4d0 fs0xcb=0x73ebebfffce4 fs0x19d=0x73ebe4000880 fs0x28=0x73ebe4000030 fs0x38=0x7ffc39b438c7 fs0x79=0x73ebe400e fs0x89=0x25 fs0x99=0x20 fs0xd3=0xf fs0x107=0x73ebebffee00 fs0x123=0x73ebebffedd0 fs0x128=0x73 fs0x147=0x7ffc39b437c0 ip_w0=0x102 ip_w1=0xc39e ip_w2=0x7607 ip_w3=0x1153 ip_w4=0x99 ip_w5=0x3efe ip_w6=0xe899 ip_w7=0xf901 ip_w8=0x7cfa ip_w9=0x1d75 ip_w10=0x5e42 ip_w11=0xd313 ip_w12=0xd00a ip_w13=0x340a ip_w14=0x2b54 ip_w15=0x1e8 target=0x73ebec09b4b3 target_off=0x9b4b3
[VMTAIL] site=0xafa1d count=214 frame=0x73ebec07836d frame_off=0x7836d vm_ip=0x73ebec292f3e vm_ip_off=0x292f3e vm_flags=0xe2e98999 vm_state=0x573b8bd0 vm_byte=0x50 table=0x73ebec0c3718 table_off=0xc3718 rax=0x80000000 rbx=0x4b7a9 rcx=0xffffffff8a37e47e rdx=0x73ebec09b4b3 rsi=0x400 rdi=0x73ebec078377 r8=0x1 r9=0x73ebec0c3f68 r10=0x0 r11=0x73ebec07847c r12=0x73ebec078377 r13=0xffffffff80000000 r14=0x2e48f r15=0x400 rbp=0x73ebec07836d rsp=0x73ebebffdfc0 fs0x0=0x3bd13851 fs0x12=0x1 fs0x60=0x3bd13850 fs0x68=0x73ebebffdfe0 fs0x71=0x1a44e4f0 fs0x81=0x73ebd1bafaf1 fs0xe1=0xee00000000000062 fs0x13d=0x202 fs0x16f=0x573b8bd000 fs0x1e8=0x73ebebffdfc0 fs0x13=0x0 fs0x91=0x55effbddaa20 fs0xab=0xe5b23167ed350e87 fs0xb3=0x73ebebffe4d0 fs0xcb=0x73ebebfffce4 fs0x19d=0x73ebe4000880 fs0x28=0x73ebe4000030 fs0x38=0x7ffc39b438c7 fs0x79=0x73ebe400e fs0x89=0x25 fs0x99=0x20 fs0xd3=0xf fs0x107=0x73ebebffee00 fs0x123=0x73ebebffedd0 fs0x128=0x73 fs0x147=0x7ffc39b437c0 ip_w0=0x12 ip_w1=0xa88 ip_w2=0x4c3a ip_w3=0x3bed ip_w4=0xe80b ip_w5=0xd201 ip_w6=0xfc1f ip_w7=0xb395 ip_w8=0xa00 ip_w9=0xc447 ip_w10=0x520a ip_w11=0x1e8 ip_w12=0x1e8 ip_w13=0x13d ip_w14=0xefb9 ip_w15=0x3a4d target=0x73ebec09b4b3 target_off=0x9b4b3
[VMTAIL] site=0x9b0c5 count=215 frame=0x73ebec07836d frame_off=0x7836d vm_ip=0x73ebec29300f vm_ip_off=0x29300f vm_flags=0x783681d3 vm_state=0x114babdc vm_byte=0x3a table=0x73ebec0c3718 table_off=0xc3718 rax=0x0 rbx=0x0 rcx=0x73ebec07847c rdx=0x73ebec078555 rsi=0x73ebec0c3c70 rdi=0x210 r8=0x558 r9=0xe5b23167ed350e87 r10=0x73ebec09b4b3 r11=0x73ebec29300b r12=0x73ebec078391 r13=0x73ebec078377 r14=0x73e828003083 r15=0x7ffc39b438c7 rbp=0x73ebec07836d rsp=0x73ebebffdf28 fs0x0=0xda3b7f9 fs0x12=0x1 fs0x60=0x3bd13850 fs0x68=0x73ebebffdfe0 fs0x71=0x1a44e4f0 fs0x81=0x73ebd1bafaf1 fs0xe1=0xee00000000000062 fs0x13d=0x202 fs0x16f=0x114babdc01 fs0x1e8=0x73ebebffdf28 fs0x13=0x0 fs0x91=0x55effbddaa20 fs0xab=0xe5b23167ed350e87 fs0xb3=0x73ebebffe4d0 fs0xcb=0x73ebebfffce4 fs0x19d=0x73ebe4000880 fs0x28=0x73ebe4000030 fs0x38=0x7ffc39b438c7 fs0x79=0x73ebe400e fs0x89=0x25 fs0x99=0x20 fs0xd3=0xf fs0x107=0x73ebebffee00 fs0x123=0x73ebebffedd0 fs0x128=0x73 fs0x147=0x7ffc39b437c0 ip_w0=0x154 ip_w1=0xe4c ip_w2=0x99 ip_w3=0x158 ip_w4=0xb20e ip_w5=0xc6fa ip_w6=0x1d81 ip_w7=0xe8e0 ip_w8=0x1701 ip_w9=0x879a ip_w10=0xfdb7 ip_w11=0x3a4d ip_w12=0x82cf ip_w13=0x9d3c ip_w14=0x1e8 ip_w15=0xf271 target=0x73ebec09b4b3 target_off=0x9b4b3
[VMTAIL] site=0x9b0c5 count=216 frame=0x73ebec07836d frame_off=0x7836d vm_ip=0x73ebec293233 vm_ip_off=0x293233 vm_flags=0xe4252730 vm_state=0x7a2b3665 vm_byte=0x3a table=0x73ebec0c3718 table_off=0xc3718 rax=0x0 rbx=0x0 rcx=0x73ebec07847c rdx=0x73ebec078555 rsi=0x73ebec0c4228 rdi=0x210 r8=0xb10 r9=0xe5b23167ed350e87 r10=0x73ebec0c2241 r11=0x73ebec29322f r12=0x73ebec078391 r13=0x73ebec078377 r14=0x73e828042041 r15=0x7ffc39b438c7 rbp=0x73ebec07836d rsp=0x73ebebffdf28 fs0x0=0xda3b7f9 fs0x12=0x1 fs0x60=0xfffffffffb78fc48 fs0x68=0x73ebebffdfe0 fs0x71=0x1a44e4f0 fs0x81=0x73ebd1bafaf1 fs0xe1=0xee00000000000062 fs0x13d=0x297 fs0x16f=0x7a2b366501 fs0x1e8=0x73ebebffdf28 fs0x13=0x0 fs0x91=0x55effbddaa20 fs0xab=0xe5b23167ed350e87 fs0xb3=0x13 fs0xcb=0x73ebebfffce4 fs0x19d=0x73ebe4000880 fs0x28=0x73ebe4000030 fs0x38=0x7ffc39b438c7 fs0x79=0x73ebe400e fs0x89=0x25 fs0x99=0x20 fs0xd3=0xf fs0x107=0x73ebebffee00 fs0x123=0x73ebebffedd0 fs0x128=0x73 fs0x147=0x7ffc39b437c0 ip_w0=0xc4 ip_w1=0x6e4f ip_w2=0xf024 ip_w3=0xac0c ip_w4=0x25c4 ip_w5=0x988 ip_w6=0xf107 ip_w7=0xe813 ip_w8=0x9301 ip_w9=0xabea ip_w10=0xb800 ip_w11=0xab3e ip_w12=0xde00 ip_w13=0xb1a7 ip_w14=0x1e8 ip_w15=0x5ac target=0x73ebec0c2241 target_off=0xc2241
[VMTAIL] site=0x9ba72 count=217 frame=0x73ebec07836d frame_off=0x7836d vm_ip=0x73ebec293355 vm_ip_off=0x293355 vm_flags=0x7ffd8cc5 vm_state=0x7fffb7fb vm_byte=0x62 table=0x73ebec0c3718 table_off=0xc3718 rax=0x0 rbx=0x73ebec0784dd rcx=0x73ebec0c3318 rdx=0x64453d00 rsi=0x73ebec09e7af rdi=0x0 r8=0x73ebec0c3d00 r9=0x73ebec078377 r10=0xfffffffffffffbb8 r11=0x73ebec0c3ba8 r12=0x812 r13=0x0 r14=0xffffffffec2fbf1c r15=0x5e8 rbp=0x73ebec07836d rsp=0x73ebebffdfc0 fs0x0=0x6abb3e53 fs0x12=0x0 fs0x60=0x6abb3e53 fs0x68=0x73ebebffdfe0 fs0x71=0x1a44e4f0 fs0x81=0x73ebd1c29ee6 fs0xe1=0xee00000000000062 fs0x13d=0x202 fs0x16f=0x7fffb7fb01 fs0x1e8=0x73ebebffdfc0 fs0x13=0x0 fs0x91=0x55effbddaa20 fs0xab=0xe5b23167ed350e87 fs0xb3=0x1 fs0xcb=0x73ebebfffce4 fs0x19d=0x73ebe4000880 fs0x28=0x73ebe4000030 fs0x38=0x7ffc39b438c7 fs0x79=0x73ebe400e fs0x89=0x25 fs0x99=0x20 fs0xd3=0xf fs0x107=0x73ebebffee00 fs0x123=0x73ebebffedd0 fs0x128=0x73 fs0x147=0x7ffc39b437c0 ip_w0=0xd4b2 ip_w1=0xe234 ip_w2=0x4d0 ip_w3=0x94ec ip_w4=0x3401 ip_w5=0xe80d ip_w6=0x1301 ip_w7=0xac ip_w8=0x13d ip_w9=0xbe77 ip_w10=0x9ae7 ip_w11=0x9dcf ip_w12=0x7a14 ip_w13=0xddb ip_w14=0xba3a ip_w15=0x18b0 target=0x73ebec09e7af target_off=0x9e7af
[VMTAIL] site=0xb86f5 count=218 frame=0x73ebec07836d frame_off=0x7836d vm_ip=0x73ebec29347e vm_ip_off=0x29347e vm_flags=0xee396f18 vm_state=0x694c698c vm_byte=0x3a table=0x73ebec0c3718 table_off=0xc3718 rax=0x73ebec0c40c8 rbx=0x73ebec29347c rcx=0x73ebec2933da rdx=0xffffffffffffffe0 rsi=0x73ebec078377 rdi=0x73ebec07847c r8=0x0 r9=0x558 r10=0x0 r11=0x80674d6 r12=0x73ebec0c3c70 r13=0x73ebec09b4b3 r14=0x73ebec07847c r15=0x73ebec078390 rbp=0x73ebec07836d rsp=0x73ebebffdf28 fs0x0=0xda3b7f9 fs0x12=0x73ebebffe4d000 fs0x60=0x73ebfd944f37 fs0x68=0x73ebebffe4d0 fs0x71=0x73ec0644c9bf fs0x81=0x73ebd1c29e91 fs0xe1=0xee00000000000062 fs0x13d=0x202 fs0x16f=0x694c698c01 fs0x1e8=0x73ebebffdf28 fs0x13=0x73ebebffe4d0 fs0x91=0x55effbddaa20 fs0xab=0xe5b23167ed350e87 fs0xb3=0x73ebebffe4d0 fs0xcb=0x73ebebfffce4 fs0x19d=0x73ebe4000880 fs0x28=0x73ebe4000030 fs0x38=0x7ffc39b438c7 fs0x79=0x73ebe400e fs0x89=0x25 fs0x99=0x20 fs0xd3=0xf fs0x107=0x73ebebffee00 fs0x123=0x73ebebffedd0 fs0x128=0x73 fs0x147=0x7ffc39b437c0 ip_w0=0x14d ip_w1=0xe5a3 ip_w2=0x99 ip_w3=0xad8 ip_w4=0xb900 ip_w5=0x9d0a ip_w6=0xe82 ip_w7=0xe834 ip_w8=0x9201 ip_w9=0x41b8 ip_w10=0x60fb ip_w11=0x4208 ip_w12=0xca7b ip_w13=0x6961 ip_w14=0x9aa5 ip_w15=0x1e8 target=0x73ebec09b4b3 target_off=0x9b4b3
[VMTAIL] site=0x81b7c count=219 frame=0x73ebec07836d frame_off=0x7836d vm_ip=0x73ebec2935eb vm_ip_off=0x2935eb vm_flags=0x40000000 vm_state=0x9fe8 vm_byte=0x62 table=0x73ebec0c3718 table_off=0xc3718 rax=0x73ebec0c3918 rbx=0x9b2d0200 rcx=0xffbf rdx=0x73eb740930f5 rsi=0xffffffff80000030 rdi=0x73ebec0784dd r8=0x73ebec085059 r9=0xffffffff800001ad r10=0x73eb73e2fafb r11=0x73ebec078377 r12=0x7821054c r13=0x73ebec0784dd r14=0x0 r15=0x477 rbp=0x73ebec07836d rsp=0x73ebebffdfc0 fs0x0=0xffffffff991fb4c1 fs0x12=0x73ebebffe4d000 fs0x60=0xffffffff991fb4c7 fs0x68=0x73ebebffdfe0 fs0x71=0x1a44e4f0 fs0x81=0x73ebd1c29f31 fs0xe1=0xee00000000000062 fs0x13d=0x297 fs0x16f=0x9fe801 fs0x1e8=0x73ebebffdfc0 fs0x13=0x73ebebffe4d0 fs0x91=0x55effbddaa20 fs0xab=0xe5b23167ed350e87 fs0xb3=0x1 fs0xcb=0x73ebebfffce4 fs0x19d=0x73ebe4000880 fs0x28=0x73ebe4000030 fs0x38=0x7ffc39b438c7 fs0x79=0x73ebe400e fs0x89=0x25 fs0x99=0x20 fs0xd3=0xf fs0x107=0x73ebebffee00 fs0x123=0x73ebebffedd0 fs0x128=0x73 fs0x147=0x7ffc39b437c0 ip_w0=0xc91b ip_w1=0xb3 ip_w2=0xb8de ip_w3=0xddb7 ip_w4=0xb29d ip_w5=0x1a0 ip_w6=0xd770 ip_w7=0x614c ip_w8=0x13d ip_w9=0xa5 ip_w10=0x0 ip_w11=0xf1 ip_w12=0x0 ip_w13=0x13d ip_w14=0xa700 ip_w15=0x6782 target=0x73ebec085059 target_off=0x85059
[VMTAIL] site=0xa1936 count=220 frame=0x73ebec07836d frame_off=0x7836d vm_ip=0x73ebec29360e vm_ip_off=0x29360e vm_flags=0x2d427e84 vm_state=0xc20060 vm_byte=0x62 table=0x73ebec0c3718 table_off=0xc3718 rax=0x73ebec078390 rbx=0xe7d7d8187f48 rcx=0x73ebec0784dd rdx=0x943d34033314 rsi=0x73ebec0784dd rdi=0x460 r8=0x73ebec0784dd r9=0x73ebec0c4481 r10=0xff2e886e r11=0x73ebec078377 r12=0x73ebec094e5a r13=0xffff8c1493f6b0af r14=0x73ebec0c3b78 r15=0xffff8c1413f8816f rbp=0x73ebec07836d rsp=0x73ebebffdfc0 fs0x0=0xfffffffffb78fc36 fs0x12=0x73ebebffe4d000 fs0x60=0xfffffffffb78fc3c fs0x68=0x73ebebffdfe0 fs0x71=0x1a44e4f0 fs0x81=0x73ebd1c29f31 fs0xe1=0xee00000000000062 fs0x13d=0x297 fs0x16f=0xc2006001 fs0x1e8=0x73ebebffdfc0 fs0x13=0x73ebebffe4d0 fs0x91=0x55effbddaa20 fs0xab=0xe5b23167ed350e87 fs0xb3=0x1 fs0xcb=0x73ebebfffce4 fs0x19d=0x73ebe4000880 fs0x28=0x73ebe4000030 fs0x38=0x7ffc39b438c7 fs0x79=0x73ebe400e fs0x89=0x25 fs0x99=0x20 fs0xd3=0xf fs0x107=0x73ebebffee00 fs0x123=0x73ebebffedd0 fs0x128=0x73 fs0x147=0x7ffc39b437c0 ip_w0=0x91f2 ip_w1=0xbb76 ip_w2=0x1e2c ip_w3=0xb93 ip_w4=0x8417 ip_w5=0x1a0 ip_w6=0x6a09 ip_w7=0x7b6c ip_w8=0x13d ip_w9=0xa5 ip_w10=0x0 ip_w11=0x2b62 ip_w12=0x0 ip_w13=0x13d ip_w14=0x9022 ip_w15=0x7000 target=0x73ebec094e5a target_off=0x94e5a
[VMTAIL] site=0x7c308 count=221 frame=0x73ebec07836d frame_off=0x7836d vm_ip=0x73ebec293630 vm_ip_off=0x293630 vm_flags=0x7bd69d5b vm_state=0x803bf7b0 vm_byte=0x62 table=0x73ebec0c3718 table_off=0xc3718 rax=0x73ebec078377 rbx=0x73ebac1a735d rcx=0x73ebec0b0007 rdx=0x852 rsi=0x73ebec0b0007 rdi=0x808 r8=0xd32f0162 r9=0x13280008 r10=0x73ebec078390 r11=0x73ebec0784dd r12=0x1 r13=0x73ebec0c3f78 r14=0x73ebec0784dd r15=0xffffffff80000020 rbp=0x73ebec07836d rsp=0x73ebebffdfc0 fs0x0=0xfffffffffb78fc36 fs0x12=0x73ebebffe4d000 fs0x60=0xfffffffffb78fc38 fs0x68=0x73ebebffdfe0 fs0x71=0x1a44e4f0 fs0x81=0x73ebd1c29f31 fs0xe1=0xee00000000000062 fs0x13d=0x293 fs0x16f=0x803bf7b001 fs0x1e8=0x73ebebffdfc0 fs0x13=0x73ebebffe4d0 fs0x91=0x55effbddaa20 fs0xab=0xe5b23167ed350e87 fs0xb3=0x1 fs0xcb=0x73ebebfffce4 fs0x19d=0x73ebe4000880 fs0x28=0x73ebe4000030 fs0x38=0x7ffc39b438c7 fs0x79=0x73ebe400e fs0x89=0x25 fs0x99=0x20 fs0xd3=0xf fs0x107=0x73ebebffee00 fs0x123=0x73ebebffedd0 fs0x128=0x73 fs0x147=0x7ffc39b437c0 ip_w0=0x9dbf ip_w1=0x69b9 ip_w2=0x211 ip_w3=0x21c1 ip_w4=0xa2ac ip_w5=0x8919 ip_w6=0xf87b ip_w7=0x5b3c ip_w8=0x3dfb ip_w9=0x6201 ip_w10=0x1 ip_w11=0x5b00 ip_w12=0x0 ip_w13=0x3d00 ip_w14=0x1 ip_w15=0x8cb4 target=0x73ebec0b0007 target_off=0xb0007
[VMTAIL] site=0xbf886 count=222 frame=0x73ebec07836d frame_off=0x7836d vm_ip=0x73ebec293654 vm_ip_off=0x293654 vm_flags=0xbc1635da vm_state=0xf6f5d887 vm_byte=0x62 table=0x73ebec0c3718 table_off=0xc3718 rax=0x20286000ff79 rbx=0x73ebec0a0631 rcx=0x73ebec078377 rdx=0xffff182827f11b68 rsi=0xffff8c1380000003 rdi=0x73ebec0784dd r8=0x73ebec0c3d50 r9=0xffff182827f0b5b0 r10=0x73ebec0784dd r11=0x73ebec07836d r12=0xffff8c1413f87c93 r13=0xffff8c1380000003 r14=0x638 r15=0x73ebec0a0631 rbp=0x73ebec07836d rsp=0x73ebebffdfc0 fs0x0=0xda3b7d8 fs0x12=0x73ebebffe4d000 fs0x60=0xfffffffffb78fc38 fs0x68=0x73ebebffdfe0 fs0x71=0x1a44e4f0 fs0x81=0x73ebd1c29f31 fs0xe1=0xee00000000000062 fs0x13d=0x293 fs0x16f=0xf6f5d88701 fs0x1e8=0x73ebebffdfc0 fs0x13=0x73ebebffe4d0 fs0x91=0x55effbddaa20 fs0xab=0xe5b23167ed350e87 fs0xb3=0x1 fs0xcb=0x73ebebfffce4 fs0x19d=0x73ebe4000880 fs0x28=0x73ebe4000030 fs0x38=0x7ffc39b438c7 fs0x79=0x73ebe400e fs0x89=0x25 fs0x99=0x20 fs0xd3=0xf fs0x107=0x73ebebffee00 fs0x123=0x73ebebffedd0 fs0x128=0x73 fs0x147=0x7ffc39b437c0 ip_w0=0x1aa6 ip_w1=0x7b09 ip_w2=0xd3c5 ip_w3=0xd09 ip_w4=0xf043 ip_w5=0x750 ip_w6=0xdac0 ip_w7=0xb9bc ip_w8=0x13d ip_w9=0xa5 ip_w10=0x0 ip_w11=0x191 ip_w12=0x0 ip_w13=0x13d ip_w14=0x5d22 ip_w15=0xe1ed target=0x73ebec0a0631 target_off=0xa0631
[TRACE] caller=eac.elf+0x30d25c open path=/sys/class/dmi/id/bios_vendor flags=0x0
[VMTAIL] site=0xb7699 count=223 frame=0x73ebec07836d frame_off=0x7836d vm_ip=0x73ebec2bec2e vm_ip_off=0x2bec2e vm_flags=0xbfce5d9b vm_state=0x3e6fc58 vm_byte=0x3a table=0x73ebec0c3718 table_off=0xc3718 rax=0xffff8c1413d6b11d rbx=0x73ebec0c3c71 rcx=0x470 rdx=0xffff182827ca7827 rsi=0x73ebec078377 rdi=0x0 r8=0x73ebec09b4b3 r9=0x0 r10=0x73ebec0c3c70 r11=0x29d3d r12=0x73ebec09b4b3 r13=0x73ebec0c3c70 r14=0x0 r15=0x73ebec0784dd rbp=0x73ebec07836d rsp=0x73ebebffdfc0 fs0x0=0x73ebe65c5299 fs0x12=0x73ebebffe54001 fs0x60=0x73ebebffe540 fs0x68=0x73ebebffe4f0 fs0x71=0x73ec0644ca2f fs0x81=0x73ebd1c29f31 fs0xe1=0xee00000000000062 fs0x13d=0x202 fs0x16f=0x3e6fc5801 fs0x1e8=0x73ebebffdfc0 fs0x13=0x73ebebffe540 fs0x91=0x55effbddaa20 fs0xab=0x0 fs0xb3=0x73ebebffe540 fs0xcb=0x73ebebfffce4 fs0x19d=0x0 fs0x28=0x73ebebfff6c0 fs0x38=0x7ffc39b438c7 fs0x79=0x0 fs0x89=0x0 fs0x99=0x0 fs0xd3=0x1e fs0x107=0x73ebebffee00 fs0x123=0x73ebebffedd0 fs0x128=0x73 fs0x147=0x7ffc39b437c0 ip_w0=0x9a ip_w1=0x38a0 ip_w2=0x1e8 ip_w3=0xbc3 ip_w4=0x1e8 ip_w5=0x9abc ip_w6=0x993a ip_w7=0x1f30 ip_w8=0x4329 ip_w9=0x3cba ip_w10=0xe1d6 ip_w11=0xc7 ip_w12=0x13d ip_w13=0x637 ip_w14=0x84c1 ip_w15=0x5d12 target=0x73ebec09b4b3 target_off=0x9b4b3
[VMTAIL] site=0xb86f5 count=224 frame=0x73ebec07836d frame_off=0x7836d vm_ip=0x73ebec2bed5d vm_ip_off=0x2bed5d vm_flags=0x40001010 vm_state=0x3f05df58 vm_byte=0x3a table=0x73ebec0c3718 table_off=0xc3718 rax=0x73ebec0c40c8 rbx=0x73ebec2bed5b rcx=0x73ebec2becb9 rdx=0xffffffffffffffe0 rsi=0x73ebec078377 rdi=0x73ebec07847c r8=0x0 r9=0x528 r10=0x0 r11=0x73ebec068d56 r12=0x73ebec0c3c40 r13=0x73ebec09a24c r14=0x73ebec07847c r15=0x73ebec078390 rbp=0x73ebec07836d rsp=0x73ebebffdf28 fs0x0=0xda3b7d9 fs0x12=0x73ebebffe4d001 fs0x60=0x73ec5ea3eaf6 fs0x68=0x73ebebffe4d0 fs0x71=0x73ec0644c9bf fs0x81=0x73ebd1c29e91 fs0xe1=0xee00000000000062 fs0x13d=0x202 fs0x16f=0x3f05df5801 fs0x1e8=0x73ebebffdf28 fs0x13=0x73ebebffe4d0 fs0x91=0x55effbddaa20 fs0xab=0x0 fs0xb3=0x73ebebffe4d0 fs0xcb=0x73ebebfffce4 fs0x19d=0x0 fs0x28=0x73ebebfff6c0 fs0x38=0x7ffc39b438c7 fs0x79=0x0 fs0x89=0x0 fs0x99=0x0 fs0xd3=0x1e fs0x107=0x73ebebffee00 fs0x123=0x73ebebffedd0 fs0x128=0x73 fs0x147=0x7ffc39b437c0 ip_w0=0x129 ip_w1=0x2e31 ip_w2=0xa8e7 ip_w3=0x4565 ip_w4=0x60f8 ip_w5=0x7160 ip_w6=0x6cef ip_w7=0xe8f5 ip_w8=0xc901 ip_w9=0x51ec ip_w10=0xf389 ip_w11=0xe364 ip_w12=0xe8ac ip_w13=0x3229 ip_w14=0x1e8 ip_w15=0xf939 target=0x73ebec09a24c target_off=0x9a24c
[VMTAIL] site=0x9b0c5 count=225 frame=0x73ebec07836d frame_off=0x7836d vm_ip=0x73ebec2bef37 vm_ip_off=0x2bef37 vm_flags=0x8111fded vm_state=0x9012321f vm_byte=0x3a table=0x73ebec0c3718 table_off=0xc3718 rax=0x0 rbx=0x400 rcx=0x73ebec07847c rdx=0x73ebec078555 rsi=0x73ebec0c4228 rdi=0x210 r8=0xb10 r9=0x0 r10=0x73ebec0c2241 r11=0x73ebec2bef33 r12=0x73ebec078391 r13=0x73ebec078377 r14=0x73e828042041 r15=0x7ffc39b438c7 rbp=0x73ebec07836d rsp=0x73ebebffdf28 fs0x0=0xda3b7d9 fs0x12=0x73ebebffe4d001 fs0x60=0xfffffffffb78fd34 fs0x68=0x73ebebffe4d0 fs0x71=0x1a44e507 fs0x81=0x73ebd1c29f31 fs0xe1=0xee00000000000062 fs0x13d=0x293 fs0x16f=0x9012321f01 fs0x1e8=0x73ebebffdf28 fs0x13=0x73ebebffe4d0 fs0x91=0x55effbddaa20 fs0xab=0x0 fs0xb3=0x18 fs0xcb=0x73ebebfffce4 fs0x19d=0x0 fs0x28=0x73ebebfff6c0 fs0x38=0x7ffc39b438c7 fs0x79=0x0 fs0x89=0x0 fs0x99=0x0 fs0xd3=0x1e fs0x107=0x73ebebffee00 fs0x123=0x73ebebffedd0 fs0x128=0x73 fs0x147=0x7ffc39b437c0 ip_w0=0x151 ip_w1=0x9c60 ip_w2=0x99 ip_w3=0xd005 ip_w4=0x75a8 ip_w5=0x14f8 ip_w6=0x22ca ip_w7=0xe86d ip_w8=0x6801 ip_w9=0x4fa3 ip_w10=0xe8eb ip_w11=0x8404 ip_w12=0x453 ip_w13=0xab ip_w14=0x1d7c ip_w15=0x1e8 target=0x73ebec0c2241 target_off=0xc2241
[VMTAIL] site=0x87c25 count=226 frame=0x73ebec07836d frame_off=0x7836d vm_ip=0x73ebec2bf297 vm_ip_off=0x2bf297 vm_flags=0x1281260e vm_state=0xa060008 vm_byte=0x62 table=0x73ebec0c3718 table_off=0xc3718 rax=0x73ebec2bf04c rbx=0x73ebec07847c rcx=0x0 rdx=0x73ebec07732f rsi=0x1 rdi=0xe7d7d815ffff r8=0x73ecec07836c r9=0x73ebec0c3c01 r10=0x73ebec078377 r11=0x1 r12=0x73ebec0876e7 r13=0x24f r14=0x73ebec09a24c r15=0x528 rbp=0x73ebec07836d rsp=0x73ebebffdfc0 fs0x0=0x6abb3e52 fs0x12=0x73ebebffe4d001 fs0x60=0x6abb3e52 fs0x68=0x73ebebffe4d0 fs0x71=0x1a44e4ef fs0x81=0x73ebd1c29f31 fs0xe1=0xee00000000000062 fs0x13d=0x246 fs0x16f=0xa06000801 fs0x1e8=0x73ebebffdfc0 fs0x13=0x73ebebffe4d0 fs0x91=0x55effbddaa20 fs0xab=0x0 fs0xb3=0x0 fs0xcb=0x73ebebfffce4 fs0x19d=0x0 fs0x28=0x73ebebfff6c0 fs0x38=0x7ffc39b438c7 fs0x79=0x0 fs0x89=0x0 fs0x99=0x0 fs0xd3=0x1e fs0x107=0x73ebebffee00 fs0x123=0x73ebebffedd0 fs0x128=0x73 fs0x147=0x7ffc39b437c0 ip_w0=0x72 ip_w1=0x5f9a ip_w2=0xac5b ip_w3=0x2d31 ip_w4=0x56fd ip_w5=0x5715 ip_w6=0x447a ip_w7=0x248 ip_w8=0x1e8 ip_w9=0xc10 ip_w10=0x26 ip_w11=0x13d ip_w12=0x687f ip_w13=0xf294 ip_w14=0xbb23 ip_w15=0x7dd3 target=0x73ebec09a24c target_off=0x9a24c
[VMTAIL] site=0xb86f5 count=227 frame=0x73ebec07836d frame_off=0x7836d vm_ip=0x73ebec2bf3c6 vm_ip_off=0x2bf3c6 vm_flags=0x6c2000c0 vm_state=0x573ca08c vm_byte=0x3a table=0x73ebec0c3718 table_off=0xc3718 rax=0x73ebec0c40c8 rbx=0x73ebec2bf3c4 rcx=0x73ebec2bf322 rdx=0xffffffffffffffe0 rsi=0x73ebec078377 rdi=0x73ebec07847c r8=0x0 r9=0x528 r10=0x0 r11=0x73ebec068d56 r12=0x73ebec0c3c40 r13=0x73ebec09a24c r14=0x73ebec07847c r15=0x73ebec078390 rbp=0x73ebec07836d rsp=0x73ebebffdf28 fs0x0=0xda3b7d9 fs0x12=0x73ebebffe4d001 fs0x60=0x73ebebffe4d0 fs0x68=0x73ebebffe4d0 fs0x71=0x73ec0644c9bf fs0x81=0x73ebd1c29e91 fs0xe1=0xee00000000000062 fs0x13d=0x246 fs0x16f=0x573ca08c01 fs0x1e8=0x73ebebffdf28 fs0x13=0x73ebebffe4d0 fs0x91=0x55effbddaa20 fs0xab=0x0 fs0xb3=0x73ebebffe4d0 fs0xcb=0x73ebebfffce4 fs0x19d=0x0 fs0x28=0x73ebebfff6c0 fs0x38=0x7ffc39b438c7 fs0x79=0x0 fs0x89=0x0 fs0x99=0x0 fs0xd3=0x1e fs0x107=0x73ebebffee00 fs0x123=0x73ebebffedd0 fs0x128=0x73 fs0x147=0x7ffc39b437c0 ip_w0=0x40 ip_w1=0xa2bd ip_w2=0x99 ip_w3=0x1a47 ip_w4=0x6fab ip_w5=0xaaf5 ip_w6=0x9a98 ip_w7=0xe8db ip_w8=0x1301 ip_w9=0x3c08 ip_w10=0xa7f3 ip_w11=0xb37b ip_w12=0x1701 ip_w13=0xfa46 ip_w14=0x1e8 ip_w15=0xf129 target=0x73ebec09a24c target_off=0x9a24c
[VMTAIL] site=0x87c25 count=228 frame=0x73ebec07836d frame_off=0x7836d vm_ip=0x73ebec2bf97c vm_ip_off=0x2bf97c vm_flags=0x4280b108 vm_state=0x3a82f4cb vm_byte=0x50 table=0x73ebec0c3718 table_off=0xc3718 rax=0x73ebec2bf953 rbx=0x73ebec07847c rcx=0x0 rdx=0x73ebec077a28 rsi=0x1 rdi=0xe7d7d815ffff r8=0x73ecec07835c r9=0x73ebec0c3c01 r10=0x73ebec078377 r11=0x1 r12=0xfffffffff7a64a56 r13=0x2d r14=0x73ebec09a24c r15=0x528 rbp=0x73ebec07836d rsp=0x73ebebffdfc0 fs0x0=0x188232b1 fs0x12=0x2e01 fs0x60=0x0 fs0x68=0x73ebebffe4d0 fs0x71=0x1a44e4ef fs0x81=0x73ebd1c29f31 fs0xe1=0xee00000000000062 fs0x13d=0x246 fs0x16f=0x3a82f4cb01 fs0x1e8=0x73ebebffdfc0 fs0x13=0x2e fs0x91=0x55effbddaa20 fs0xab=0x0 fs0xb3=0x0 fs0xcb=0x73ebebfffce4 fs0x19d=0x0 fs0x28=0x73ebebfff6c0 fs0x38=0x7ffc39b438c7 fs0x79=0x0 fs0x89=0x0 fs0x99=0x0 fs0xd3=0x1e fs0x107=0x73ebebffee00 fs0x123=0x73ebebffedd0 fs0x128=0x73 fs0x147=0x7ffc39b437c0 ip_w0=0x102 ip_w1=0xc2d4 ip_w2=0x7621 ip_w3=0x81eb ip_w4=0x4b50 ip_w5=0xb3e7 ip_w6=0xb100 ip_w7=0x86 ip_w8=0x2f51 ip_w9=0xc0 ip_w10=0xd5f3 ip_w11=0x13d ip_w12=0x9bd7 ip_w13=0x142 ip_w14=0xb3 ip_w15=0x9677 target=0x73ebec09a24c target_off=0x9a24c
[VMTAIL] site=0xba0cc count=229 frame=0x73ebec07836d frame_off=0x7836d vm_ip=0x73ebec2bfe6f vm_ip_off=0x2bfe6f vm_flags=0x16833a00 vm_state=0xb3faaff5 vm_byte=0x62 table=0x73ebec0c3718 table_off=0xc3718 rax=0x73ebec0c2241 rbx=0x246 rcx=0x73ebec078377 rdx=0xffffffffffffff88 rsi=0x0 rdi=0x4c3 r8=0x1 r9=0x73ebec2bf9b0 r10=0x73ebec0c4201 r11=0x73fbec0fa2dd r12=0x73ebec0784dd r13=0x0 r14=0x73ebec2bfbac r15=0x0 rbp=0x73ebec07836d rsp=0x73ebebffdfc0 fs0x0=0xffffffffc612a452 fs0x12=0x2e01 fs0x60=0x39ed5bae fs0x68=0x73ebebffe4d0 fs0x71=0x1a44e4ef fs0x81=0x73ebd1c29f31 fs0xe1=0xee00000000000062 fs0x13d=0x246 fs0x16f=0xb3faaff501 fs0x1e8=0x73ebebffdfc0 fs0x13=0x2e fs0x91=0x55effbddaa20 fs0xab=0x0 fs0xb3=0x0 fs0xcb=0x73ebebfffce4 fs0x19d=0x0 fs0x28=0x73ebebfff6c0 fs0x38=0x7ffc39b438c7 fs0x79=0x0 fs0x89=0x0 fs0x99=0x0 fs0xd3=0x1e fs0x107=0x73ebebffee00 fs0x123=0x73ebebffedd0 fs0x128=0x73 fs0x147=0x7ffc39b437c0 ip_w0=0x40 ip_w1=0xac5e ip_w2=0x68 ip_w3=0xf49f ip_w4=0x68 ip_w5=0x2d3f ip_w6=0xf577 ip_w7=0xf93 ip_w8=0x1e8 ip_w9=0x3d2f ip_w10=0xab ip_w11=0x65f0 ip_w12=0x13d ip_w13=0xb777 ip_w14=0xbb8e ip_w15=0xead0 target=0x73ebec0c2241 target_off=0xc2241
[VMTAIL] site=0xb86f5 count=230 frame=0x73ebec07836d frame_off=0x7836d vm_ip=0x73ebec2bff9e vm_ip_off=0x2bff9e vm_flags=0xc1862281 vm_state=0xc1862283 vm_byte=0x3a table=0x73ebec0c3718 table_off=0xc3718 rax=0x73ebec0c40c8 rbx=0x73ebec2bff9c rcx=0x73ebec2bfefa rdx=0xffffffffffffffe0 rsi=0x73ebec078377 rdi=0x73ebec07847c r8=0x0 r9=0xb10 r10=0x0 r11=0x73ebec068d56 r12=0x73ebec0c4228 r13=0x73ebec0c2241 r14=0x73ebec07847c r15=0x73ebec078390 rbp=0x73ebec07836d rsp=0x73ebebffdf28 fs0x0=0xda3b7d9 fs0x12=0x73ebebffe4d001 fs0x60=0x73ebebffe4d0 fs0x68=0x73ebebffe4d0 fs0x71=0x73ec0644c9bf fs0x81=0x73ebd1c29e91 fs0xe1=0xee00000000000062 fs0x13d=0x246 fs0x16f=0xc186228301 fs0x1e8=0x73ebebffdf28 fs0x13=0x73ebebffe4d0 fs0x91=0x55effbddaa20 fs0xab=0x0 fs0xb3=0x73ebebffe4d0 fs0xcb=0x73ebebfffce4 fs0x19d=0x0 fs0x28=0x73ebebfff6c0 fs0x38=0x7ffc39b438c7 fs0x79=0x0 fs0x89=0x0 fs0x99=0x0 fs0xd3=0x1e fs0x107=0x73ebebffee00 fs0x123=0x73ebebffedd0 fs0x128=0x73 fs0x147=0x7ffc39b437c0 ip_w0=0x102 ip_w1=0xc4ee ip_w2=0x7607 ip_w3=0x67c6 ip_w4=0xdf31 ip_w5=0x3691 ip_w6=0xe87a ip_w7=0x5101 ip_w8=0xc0f6 ip_w9=0x55bb ip_w10=0xf1a1 ip_w11=0x3a8a ip_w12=0xa327 ip_w13=0xb0d ip_w14=0xcb2d ip_w15=0x1e8 target=0x73ebec0c2241 target_off=0xc2241
[VMTAIL] site=0x9b0c5 count=231 frame=0x73ebec07836d frame_off=0x7836d vm_ip=0x73ebec2c023e vm_ip_off=0x2c023e vm_flags=0x8a014a80 vm_state=0x114b4ace vm_byte=0x3a table=0x73ebec0c3718 table_off=0xc3718 rax=0x0 rbx=0x0 rcx=0x73ebec07847c rdx=0x73ebec078555 rsi=0x73ebec0c3c40 rdi=0x210 r8=0x528 r9=0xe5b23167ed350e87 r10=0x73ebec09a24c r11=0x73ebec2c023a r12=0x73ebec078391 r13=0x73ebec078377 r14=0x73e828002044 r15=0x7ffc39b438c7 rbp=0x73ebec07836d rsp=0x73ebebffdf28 fs0x0=0xda3b7d9 fs0x12=0x73ebebffeb5001 fs0x60=0x73ebce8776d1 fs0x68=0x73ebebffe4f0 fs0x71=0x73ec0644d03f fs0x81=0x73ebd1c29e91 fs0xe1=0xee00000000000062 fs0x13d=0x206 fs0x16f=0x114b4ace01 fs0x1e8=0x73ebebffdf28 fs0x13=0x73ebebffeb50 fs0x91=0x55effbddaa20 fs0xab=0x0 fs0xb3=0x73ebebffeb50 fs0xcb=0x73ebebfffce4 fs0x19d=0x73ebebffe4f0 fs0x28=0x73ebebfff6c0 fs0x38=0x7ffc39b438c7 fs0x79=0x0 fs0x89=0x0 fs0x99=0x0 fs0xd3=0x73ebebffe4f0 fs0x107=0x73ebebffee00 fs0x123=0x73ebebffedd0 fs0x128=0x73 fs0x147=0x7ffc39b437c0 ip_w0=0x42 ip_w1=0x8ee9 ip_w2=0x9b3a ip_w3=0xff73 ip_w4=0xd00d ip_w5=0x9aa2 ip_w6=0xecf2 ip_w7=0xe8cb ip_w8=0xce01 ip_w9=0xd3a9 ip_w10=0x900a ip_w11=0x2103 ip_w12=0xa6a5 ip_w13=0xea4a ip_w14=0xcde6 ip_w15=0x1e8 target=0x73ebec09a24c target_off=0x9a24c
[VMTAIL] site=0xb625a count=232 frame=0x73ebec07836d frame_off=0x7836d vm_ip=0x73ebec2c1156 vm_ip_off=0x2c1156 vm_flags=0x9628aa8f vm_state=0xff96fff8 vm_byte=0x3a table=0x73ebec0c3718 table_off=0xc3718 rax=0x73ebec0784dd rbx=0x10 rcx=0x73ebec0784dd rdx=0x73ebec078377 rsi=0x73ebec0c4050 rdi=0x73ebec0784dd r8=0x73ebec0c3c70 r9=0x0 r10=0xffffffff2389facb r11=0xfffffffffffffc00 r12=0x7ffffdff r13=0xffffffff2389facb r14=0x73ebec0784ef r15=0x73ebec09b4b3 rbp=0x73ebec07836d rsp=0x73ebebffdfc0 fs0x0=0x73ebe65c5c89 fs0x12=0x73ebe400e62000 fs0x60=0x73ebfd9455b7 fs0x68=0x73ebebffe4f0 fs0x71=0x73ec0644d03f fs0x81=0x73ebd1c29f31 fs0xe1=0xe678000000000062 fs0x13d=0x206 fs0x16f=0xff96fff801 fs0x1e8=0x73ebebffdfc0 fs0x13=0x73ebe400e620 fs0x91=0x73ebe400e660 fs0xab=0xe5b23167ed350e87 fs0xb3=0x55effbddf633 fs0xcb=0x73ebebfffce4 fs0x19d=0x73ebe4000880 fs0x28=0x73ebebfff6c0 fs0x38=0x7ffc39b438c7 fs0x79=0x1b fs0x89=0x25 fs0x99=0x20 fs0xd3=0xe fs0x107=0x73ebe400e678 fs0x123=0x73ebebffedd0 fs0x128=0x73 fs0x147=0x7ffc39b437c0 ip_w0=0x1e ip_w1=0x1f10 ip_w2=0x1e8 ip_w3=0xe0b ip_w4=0x1e8 ip_w5=0x29b4 ip_w6=0xf95f ip_w7=0xacf1 ip_w8=0xf7dc ip_w9=0x4d61 ip_w10=0xac ip_w11=0x86 ip_w12=0x13d ip_w13=0x68cc ip_w14=0x247a ip_w15=0x97dc target=0x73ebec09b4b3 target_off=0x9b4b3
[VMTAIL] site=0xb86f5 count=233 frame=0x73ebec07836d frame_off=0x7836d vm_ip=0x73ebec2c1285 vm_ip_off=0x2c1285 vm_flags=0xdb19a1ed vm_state=0xbffce774 vm_byte=0x3a table=0x73ebec0c3718 table_off=0xc3718 rax=0x73ebec0c40c8 rbx=0x73ebec2c1283 rcx=0x73ebec2c11e1 rdx=0xffffffffffffffe0 rsi=0x73ebec078377 rdi=0x73ebec07847c r8=0x0 r9=0x558 r10=0x0 r11=0x80674d6 r12=0x73ebec0c3c70 r13=0x73ebec09b4b3 r14=0x73ebec07847c r15=0x73ebec078390 rbp=0x73ebec07836d rsp=0x73ebebffdf28 fs0x0=0xda3b7f9 fs0x12=0x73ebebffe4d000 fs0x60=0x73ebebffe4d0 fs0x68=0x73ebebffe4d0 fs0x71=0x73ec0644c9bf fs0x81=0x73ebd1c29e91 fs0xe1=0xe678000000000062 fs0x13d=0x206 fs0x16f=0xbffce77401 fs0x1e8=0x73ebebffdf28 fs0x13=0x73ebebffe4d0 fs0x91=0x73ebe400e660 fs0xab=0xe5b23167ed350e87 fs0xb3=0x73ebebffe4d0 fs0xcb=0x73ebebfffce4 fs0x19d=0x73ebe4000880 fs0x28=0x73ebebfff6c0 fs0x38=0x7ffc39b438c7 fs0x79=0x1b fs0x89=0x25 fs0x99=0x20 fs0xd3=0xe fs0x107=0x73ebe400e678 fs0x123=0x73ebebffedd0 fs0x128=0x73 fs0x147=0x7ffc39b437c0 ip_w0=0x102 ip_w1=0xc39e ip_w2=0x7607 ip_w3=0x1153 ip_w4=0x99 ip_w5=0x3efe ip_w6=0xe899 ip_w7=0xf901 ip_w8=0x7cfa ip_w9=0x1d75 ip_w10=0x5e42 ip_w11=0xd313 ip_w12=0xd00a ip_w13=0x340a ip_w14=0x2b54 ip_w15=0x1e8 target=0x73ebec09b4b3 target_off=0x9b4b3
[VMTAIL] site=0xafa1d count=234 frame=0x73ebec07836d frame_off=0x7836d vm_ip=0x73ebec292f3e vm_ip_off=0x292f3e vm_flags=0xe2e98999 vm_state=0x573b8bd0 vm_byte=0x50 table=0x73ebec0c3718 table_off=0xc3718 rax=0x80000000 rbx=0x4b7a9 rcx=0xffffffff8a37e47d rdx=0x73ebec09b4b3 rsi=0x400 rdi=0x73ebec078377 r8=0x1 r9=0x73ebec0c3f68 r10=0x0 r11=0x73ebec07847c r12=0x73ebec078377 r13=0xffffffff80000000 r14=0x2e48f r15=0x400 rbp=0x73ebec07836d rsp=0x73ebebffdfc0 fs0x0=0x3bd13850 fs0x12=0x73ebe400e66000 fs0x60=0x3bd13850 fs0x68=0x73ebebffdfe0 fs0x71=0x1a44e4f1 fs0x81=0x73ebd1bafaf1 fs0xe1=0xe678000000000062 fs0x13d=0x202 fs0x16f=0x573b8bd000 fs0x1e8=0x73ebebffdfc0 fs0x13=0x73ebe400e660 fs0x91=0x73ebe400e660 fs0xab=0xe5b23167ed350e87 fs0xb3=0xf fs0xcb=0x73ebebfffce4 fs0x19d=0x73ebe4000880 fs0x28=0x73ebebfff6c0 fs0x38=0x7ffc39b438c7 fs0x79=0x73ebe400e fs0x89=0x115 fs0x99=0x110 fs0xd3=0xf fs0x107=0x73ebe400e678 fs0x123=0x73ebebffedd0 fs0x128=0x73 fs0x147=0x7ffc39b437c0 ip_w0=0x12 ip_w1=0xa88 ip_w2=0x4c3a ip_w3=0x3bed ip_w4=0xe80b ip_w5=0xd201 ip_w6=0xfc1f ip_w7=0xb395 ip_w8=0xa00 ip_w9=0xc447 ip_w10=0x520a ip_w11=0x1e8 ip_w12=0x1e8 ip_w13=0x13d ip_w14=0xefb9 ip_w15=0x3a4d target=0x73ebec09b4b3 target_off=0x9b4b3
[VMTAIL] site=0x9b0c5 count=235 frame=0x73ebec07836d frame_off=0x7836d vm_ip=0x73ebec29300f vm_ip_off=0x29300f vm_flags=0x783681d3 vm_state=0x114babdc vm_byte=0x3a table=0x73ebec0c3718 table_off=0xc3718 rax=0x0 rbx=0x0 rcx=0x73ebec07847c rdx=0x73ebec078555 rsi=0x73ebec0c3c70 rdi=0x210 r8=0x558 r9=0xe5b23167ed350e87 r10=0x73ebec09b4b3 r11=0x73ebec29300b r12=0x73ebec078391 r13=0x73ebec078377 r14=0x73e828003083 r15=0x7ffc39b438c7 rbp=0x73ebec07836d rsp=0x73ebebffdf28 fs0x0=0xda3b6c9 fs0x12=0x73ebe400e66000 fs0x60=0x3bd13850 fs0x68=0x73ebebffdfe0 fs0x71=0x1a44e4f1 fs0x81=0x73ebd1bafaf1 fs0xe1=0xe678000000000062 fs0x13d=0x202 fs0x16f=0x114babdc01 fs0x1e8=0x73ebebffdf28 fs0x13=0x73ebe400e660 fs0x91=0x73ebe400e660 fs0xab=0xe5b23167ed350e87 fs0xb3=0xf fs0xcb=0x73ebebfffce4 fs0x19d=0x73ebe4000880 fs0x28=0x73ebebfff6c0 fs0x38=0x7ffc39b438c7 fs0x79=0x73ebe400e fs0x89=0x115 fs0x99=0x110 fs0xd3=0xf fs0x107=0x73ebe400e678 fs0x123=0x73ebebffedd0 fs0x128=0x73 fs0x147=0x7ffc39b437c0 ip_w0=0x154 ip_w1=0xe4c ip_w2=0x99 ip_w3=0x158 ip_w4=0xb20e ip_w5=0xc6fa ip_w6=0x1d81 ip_w7=0xe8e0 ip_w8=0x1701 ip_w9=0x879a ip_w10=0xfdb7 ip_w11=0x3a4d ip_w12=0x82cf ip_w13=0x9d3c ip_w14=0x1e8 ip_w15=0xf271 target=0x73ebec09b4b3 target_off=0x9b4b3
[VMTAIL] site=0x9b0c5 count=236 frame=0x73ebec07836d frame_off=0x7836d vm_ip=0x73ebec293233 vm_ip_off=0x293233 vm_flags=0xe4252730 vm_state=0x7a2b3665 vm_byte=0x3a table=0x73ebec0c3718 table_off=0xc3718 rax=0x0 rbx=0x0 rcx=0x73ebec07847c rdx=0x73ebec078555 rsi=0x73ebec0c4228 rdi=0x210 r8=0xb10 r9=0xe5b23167ed350e87 r10=0x73ebec0c2241 r11=0x73ebec29322f r12=0x73ebec078391 r13=0x73ebec078377 r14=0x73e828042041 r15=0x7ffc39b438c7 rbp=0x73ebec07836d rsp=0x73ebebffdf28 fs0x0=0xda3b6c9 fs0x12=0x73ebe400e66000 fs0x60=0xfffffffffb78fc48 fs0x68=0x73ebebffdfe0 fs0x71=0x1a44e4f1 fs0x81=0x73ebd1bafaf1 fs0xe1=0xe678000000000062 fs0x13d=0x293 fs0x16f=0x7a2b366501 fs0x1e8=0x73ebebffdf28 fs0x13=0x73ebe400e660 fs0x91=0x73ebe400e660 fs0xab=0xe5b23167ed350e87 fs0xb3=0x13 fs0xcb=0x73ebebfffce4 fs0x19d=0x73ebe4000880 fs0x28=0x73ebebfff6c0 fs0x38=0x7ffc39b438c7 fs0x79=0x73ebe400e fs0x89=0x115 fs0x99=0x110 fs0xd3=0xf fs0x107=0x73ebe400e678 fs0x123=0x73ebebffedd0 fs0x128=0x73 fs0x147=0x7ffc39b437c0 ip_w0=0xc4 ip_w1=0x6e4f ip_w2=0xf024 ip_w3=0xac0c ip_w4=0x25c4 ip_w5=0x988 ip_w6=0xf107 ip_w7=0xe813 ip_w8=0x9301 ip_w9=0xabea ip_w10=0xb800 ip_w11=0xab3e ip_w12=0xde00 ip_w13=0xb1a7 ip_w14=0x1e8 ip_w15=0x5ac target=0x73ebec0c2241 target_off=0xc2241
[VMTAIL] site=0x9ba72 count=237 frame=0x73ebec07836d frame_off=0x7836d vm_ip=0x73ebec293355 vm_ip_off=0x293355 vm_flags=0x7ffd8cc5 vm_state=0x7fffb7fb vm_byte=0x62 table=0x73ebec0c3718 table_off=0xc3718 rax=0x0 rbx=0x73ebec0784dd rcx=0x73ebec0c3318 rdx=0x64453d00 rsi=0x73ebec09e7af rdi=0x0 r8=0x73ebec0c3d00 r9=0x73ebec078377 r10=0xfffffffffffffbb8 r11=0x73ebec0c3ba8 r12=0x812 r13=0x0 r14=0xffffffffec2fbf1c r15=0x5e8 rbp=0x73ebec07836d rsp=0x73ebebffdfc0 fs0x0=0x6abb3e53 fs0x12=0x73ebe400e66000 fs0x60=0x6abb3e53 fs0x68=0x73ebebffdfe0 fs0x71=0x1a44e4f0 fs0x81=0x73ebd1c29ee6 fs0xe1=0xe678000000000062 fs0x13d=0x202 fs0x16f=0x7fffb7fb01 fs0x1e8=0x73ebebffdfc0 fs0x13=0x73ebe400e660 fs0x91=0x73ebe400e660 fs0xab=0xe5b23167ed350e87 fs0xb3=0x1 fs0xcb=0x73ebebfffce4 fs0x19d=0x73ebe4000880 fs0x28=0x73ebebfff6c0 fs0x38=0x7ffc39b438c7 fs0x79=0x73ebe400e fs0x89=0x115 fs0x99=0x110 fs0xd3=0xf fs0x107=0x73ebe400e678 fs0x123=0x73ebebffedd0 fs0x128=0x73 fs0x147=0x7ffc39b437c0 ip_w0=0xd4b2 ip_w1=0xe234 ip_w2=0x4d0 ip_w3=0x94ec ip_w4=0x3401 ip_w5=0xe80d ip_w6=0x1301 ip_w7=0xac ip_w8=0x13d ip_w9=0xbe77 ip_w10=0x9ae7 ip_w11=0x9dcf ip_w12=0x7a14 ip_w13=0xddb ip_w14=0xba3a ip_w15=0x18b0 target=0x73ebec09e7af target_off=0x9e7af
[VMTAIL] site=0xb86f5 count=238 frame=0x73ebec07836d frame_off=0x7836d vm_ip=0x73ebec29347e vm_ip_off=0x29347e vm_flags=0xee396f18 vm_state=0x694c698c vm_byte=0x3a table=0x73ebec0c3718 table_off=0xc3718 rax=0x73ebec0c40c8 rbx=0x73ebec29347c rcx=0x73ebec2933da rdx=0xffffffffffffffe0 rsi=0x73ebec078377 rdi=0x73ebec07847c r8=0x0 r9=0x558 r10=0x0 r11=0x80674d6 r12=0x73ebec0c3c70 r13=0x73ebec09b4b3 r14=0x73ebec07847c r15=0x73ebec078390 rbp=0x73ebec07836d rsp=0x73ebebffdf28 fs0x0=0xda3b6c9 fs0x12=0x73ebebffe4d000 fs0x60=0x73ebfd944f37 fs0x68=0x73ebebffe4d0 fs0x71=0x73ec0644c9bf fs0x81=0x73ebd1c29e91 fs0xe1=0xe678000000000062 fs0x13d=0x202 fs0x16f=0x694c698c01 fs0x1e8=0x73ebebffdf28 fs0x13=0x73ebebffe4d0 fs0x91=0x73ebe400e660 fs0xab=0xe5b23167ed350e87 fs0xb3=0x73ebebffe4d0 fs0xcb=0x73ebebfffce4 fs0x19d=0x73ebe4000880 fs0x28=0x73ebebfff6c0 fs0x38=0x7ffc39b438c7 fs0x79=0x73ebe400e fs0x89=0x115 fs0x99=0x110 fs0xd3=0xf fs0x107=0x73ebe400e678 fs0x123=0x73ebebffedd0 fs0x128=0x73 fs0x147=0x7ffc39b437c0 ip_w0=0x14d ip_w1=0xe5a3 ip_w2=0x99 ip_w3=0xad8 ip_w4=0xb900 ip_w5=0x9d0a ip_w6=0xe82 ip_w7=0xe834 ip_w8=0x9201 ip_w9=0x41b8 ip_w10=0x60fb ip_w11=0x4208 ip_w12=0xca7b ip_w13=0x6961 ip_w14=0x9aa5 ip_w15=0x1e8 target=0x73ebec09b4b3 target_off=0x9b4b3
[VMTAIL] site=0x81b7c count=239 frame=0x73ebec07836d frame_off=0x7836d vm_ip=0x73ebec2935eb vm_ip_off=0x2935eb vm_flags=0x40000000 vm_state=0x9fe8 vm_byte=0x62 table=0x73ebec0c3718 table_off=0xc3718 rax=0x73ebec0c3918 rbx=0x9b2d0200 rcx=0xffbf rdx=0x73eb740930f5 rsi=0xffffffff80000030 rdi=0x73ebec0784dd r8=0x73ebec085059 r9=0xffffffff800001ad r10=0x73eb73e2fafb r11=0x73ebec078377 r12=0x7821054c r13=0x73ebec0784dd r14=0x0 r15=0x477 rbp=0x73ebec07836d rsp=0x73ebebffdfc0 fs0x0=0xffffffff991fb4c2 fs0x12=0x73ebebffe4d000 fs0x60=0xffffffff991fb4c7 fs0x68=0x73ebebffdfe0 fs0x71=0x1a44e4f1 fs0x81=0x73ebd1c29f31 fs0xe1=0xe678000000000062 fs0x13d=0x293 fs0x16f=0x9fe801 fs0x1e8=0x73ebebffdfc0 fs0x13=0x73ebebffe4d0 fs0x91=0x73ebe400e660 fs0xab=0xe5b23167ed350e87 fs0xb3=0x2 fs0xcb=0x73ebebfffce4 fs0x19d=0x73ebe4000880 fs0x28=0x73ebebfff6c0 fs0x38=0x7ffc39b438c7 fs0x79=0x73ebe400e fs0x89=0x115 fs0x99=0x110 fs0xd3=0xf fs0x107=0x73ebe400e678 fs0x123=0x73ebebffedd0 fs0x128=0x73 fs0x147=0x7ffc39b437c0 ip_w0=0xc91b ip_w1=0xb3 ip_w2=0xb8de ip_w3=0xddb7 ip_w4=0xb29d ip_w5=0x1a0 ip_w6=0xd770 ip_w7=0x614c ip_w8=0x13d ip_w9=0xa5 ip_w10=0x0 ip_w11=0xf1 ip_w12=0x0 ip_w13=0x13d ip_w14=0xa700 ip_w15=0x6782 target=0x73ebec085059 target_off=0x85059
[VMTAIL] site=0xa1936 count=240 frame=0x73ebec07836d frame_off=0x7836d vm_ip=0x73ebec29360e vm_ip_off=0x29360e vm_flags=0x2d427e84 vm_state=0xc20060 vm_byte=0x62 table=0x73ebec0c3718 table_off=0xc3718 rax=0x73ebec078390 rbx=0xe7d7d8187f48 rcx=0x73ebec0784dd rdx=0x943d34033314 rsi=0x73ebec0784dd rdi=0x460 r8=0x73ebec0784dd r9=0x73ebec0c4481 r10=0xff2e886e r11=0x73ebec078377 r12=0x73ebec094e5a r13=0xffff8c1493f6b0af r14=0x73ebec0c3b78 r15=0xffff8c1413f8816f rbp=0x73ebec07836d rsp=0x73ebebffdfc0 fs0x0=0xfffffffffb78fc37 fs0x12=0x73ebebffe4d000 fs0x60=0xfffffffffb78fc3c fs0x68=0x73ebebffdfe0 fs0x71=0x1a44e4f1 fs0x81=0x73ebd1c29f31 fs0xe1=0xe678000000000062 fs0x13d=0x293 fs0x16f=0xc2006001 fs0x1e8=0x73ebebffdfc0 fs0x13=0x73ebebffe4d0 fs0x91=0x73ebe400e660 fs0xab=0xe5b23167ed350e87 fs0xb3=0x2 fs0xcb=0x73ebebfffce4 fs0x19d=0x73ebe4000880 fs0x28=0x73ebebfff6c0 fs0x38=0x7ffc39b438c7 fs0x79=0x73ebe400e fs0x89=0x115 fs0x99=0x110 fs0xd3=0xf fs0x107=0x73ebe400e678 fs0x123=0x73ebebffedd0 fs0x128=0x73 fs0x147=0x7ffc39b437c0 ip_w0=0x91f2 ip_w1=0xbb76 ip_w2=0x1e2c ip_w3=0xb93 ip_w4=0x8417 ip_w5=0x1a0 ip_w6=0x6a09 ip_w7=0x7b6c ip_w8=0x13d ip_w9=0xa5 ip_w10=0x0 ip_w11=0x2b62 ip_w12=0x0 ip_w13=0x13d ip_w14=0x9022 ip_w15=0x7000 target=0x73ebec094e5a target_off=0x94e5a
[VMTAIL] site=0x7c308 count=241 frame=0x73ebec07836d frame_off=0x7836d vm_ip=0x73ebec293630 vm_ip_off=0x293630 vm_flags=0x7bd69d5b vm_state=0x803bf7b0 vm_byte=0x62 table=0x73ebec0c3718 table_off=0xc3718 rax=0x73ebec078377 rbx=0x73ebac1a735d rcx=0x73ebec0b0007 rdx=0x852 rsi=0x73ebec0b0007 rdi=0x808 r8=0xd32f0162 r9=0x13280008 r10=0x73ebec078390 r11=0x73ebec0784dd r12=0x1 r13=0x73ebec0c3f78 r14=0x73ebec0784dd r15=0xffffffff80000020 rbp=0x73ebec07836d rsp=0x73ebebffdfc0 fs0x0=0xfffffffffb78fc37 fs0x12=0x73ebebffe4d000 fs0x60=0xfffffffffb78fc38 fs0x68=0x73ebebffdfe0 fs0x71=0x1a44e4f1 fs0x81=0x73ebd1c29f31 fs0xe1=0xe678000000000062 fs0x13d=0x297 fs0x16f=0x803bf7b001 fs0x1e8=0x73ebebffdfc0 fs0x13=0x73ebebffe4d0 fs0x91=0x73ebe400e660 fs0xab=0xe5b23167ed350e87 fs0xb3=0x2 fs0xcb=0x73ebebfffce4 fs0x19d=0x73ebe4000880 fs0x28=0x73ebebfff6c0 fs0x38=0x7ffc39b438c7 fs0x79=0x73ebe400e fs0x89=0x115 fs0x99=0x110 fs0xd3=0xf fs0x107=0x73ebe400e678 fs0x123=0x73ebebffedd0 fs0x128=0x73 fs0x147=0x7ffc39b437c0 ip_w0=0x9dbf ip_w1=0x69b9 ip_w2=0x211 ip_w3=0x21c1 ip_w4=0xa2ac ip_w5=0x8919 ip_w6=0xf87b ip_w7=0x5b3c ip_w8=0x3dfb ip_w9=0x6201 ip_w10=0x1 ip_w11=0x5b00 ip_w12=0x0 ip_w13=0x3d00 ip_w14=0x1 ip_w15=0x8cb4 target=0x73ebec0b0007 target_off=0xb0007
[VMTAIL] site=0xbf886 count=242 frame=0x73ebec07836d frame_off=0x7836d vm_ip=0x73ebec293654 vm_ip_off=0x293654 vm_flags=0xbc1635da vm_state=0xf6f5d887 vm_byte=0x62 table=0x73ebec0c3718 table_off=0xc3718 rax=0x20286000ff79 rbx=0x73ebec0a0631 rcx=0x73ebec078377 rdx=0xffff182827f11b68 rsi=0xffff8c1380000003 rdi=0x73ebec0784dd r8=0x73ebec0c3d50 r9=0xffff182827f0b5b0 r10=0x73ebec0784dd r11=0x73ebec07836d r12=0xffff8c1413f87c93 r13=0xffff8c1380000003 r14=0x638 r15=0x73ebec0a0631 rbp=0x73ebec07836d rsp=0x73ebebffdfc0 fs0x0=0xda3b7db fs0x12=0x73ebebffe4d000 fs0x60=0xfffffffffb78fc38 fs0x68=0x73ebebffdfe0 fs0x71=0x1a44e4f1 fs0x81=0x73ebd1c29f31 fs0xe1=0xe678000000000062 fs0x13d=0x297 fs0x16f=0xf6f5d88701 fs0x1e8=0x73ebebffdfc0 fs0x13=0x73ebebffe4d0 fs0x91=0x73ebe400e660 fs0xab=0xe5b23167ed350e87 fs0xb3=0x2 fs0xcb=0x73ebebfffce4 fs0x19d=0x73ebe4000880 fs0x28=0x73ebebfff6c0 fs0x38=0x7ffc39b438c7 fs0x79=0x73ebe400e fs0x89=0x115 fs0x99=0x110 fs0xd3=0xf fs0x107=0x73ebe400e678 fs0x123=0x73ebebffedd0 fs0x128=0x73 fs0x147=0x7ffc39b437c0 ip_w0=0x1aa6 ip_w1=0x7b09 ip_w2=0xd3c5 ip_w3=0xd09 ip_w4=0xf043 ip_w5=0x750 ip_w6=0xdac0 ip_w7=0xb9bc ip_w8=0x13d ip_w9=0xa5 ip_w10=0x0 ip_w11=0x191 ip_w12=0x0 ip_w13=0x13d ip_w14=0x5d22 ip_w15=0xe1ed target=0x73ebec0a0631 target_off=0xa0631
[VMTAIL] site=0xa0068 count=243 frame=0x73ebec07836d frame_off=0x7836d vm_ip=0x73ebec293677 vm_ip_off=0x293677 vm_flags=0x73681327 vm_state=0x58701122 vm_byte=0x62 table=0x73ebec0c3718 table_off=0xc3718 rax=0x73ebec078377 rbx=0x12 rcx=0x73ebec0784dd rdx=0x12 rsi=0x9433a8062397 rdi=0x73ebec0c41e0 r8=0xfffffffffffff913 r9=0xffffffff8c97ec03 r10=0x73ebec0c02e4 r11=0xac8 r12=0x73ebd1c29f31 r13=0x73ebec0c41e0 r14=0x73ebec0784dd r15=0x73ebec078390 rbp=0x73ebec07836d rsp=0x73ebebffdfc0 fs0x0=0xfffffffffb78fc37 fs0x12=0x73ebebffe4d000 fs0x60=0xfffffffffb78fc36 fs0x68=0x73ebebffdfe0 fs0x71=0x1a44e4f1 fs0x81=0x73ebd1c29f31 fs0xe1=0xe678000000000062 fs0x13d=0x202 fs0x16f=0x5870112201 fs0x1e8=0x73ebebffdfc0 fs0x13=0x73ebebffe4d0 fs0x91=0x73ebe400e660 fs0xab=0xe5b23167ed350e87 fs0xb3=0x2 fs0xcb=0x73ebebfffce4 fs0x19d=0x73ebe4000880 fs0x28=0x73ebebfff6c0 fs0x38=0x7ffc39b438c7 fs0x79=0x73ebe400e fs0x89=0x115 fs0x99=0x110 fs0xd3=0xf fs0x107=0x73ebe400e678 fs0x123=0x73ebebffedd0 fs0x128=0x73 fs0x147=0x7ffc39b437c0 ip_w0=0xf824 ip_w1=0xfdf9 ip_w2=0xd4e7 ip_w3=0xc6c5 ip_w4=0x4cb2 ip_w5=0x77dd ip_w6=0x632a ip_w7=0x3dee ip_w8=0x4b01 ip_w9=0x162 ip_w10=0x0 ip_w11=0x1870 ip_w12=0x0 ip_w13=0x13d ip_w14=0x1722 ip_w15=0xabc6 target=0x73ebec0c02e4 target_off=0xc02e4
[TRACE] caller=eac.elf+0x30d25c open path=/sys/class/dmi/id/bios_date flags=0x0
[VMTAIL] site=0xb7699 count=244 frame=0x73ebec07836d frame_off=0x7836d vm_ip=0x73ebec2bec2e vm_ip_off=0x2bec2e vm_flags=0x4280b118 vm_state=0x60ef4a6b vm_byte=0x3a table=0x73ebec0c3718 table_off=0xc3718 rax=0xffff8c1413d69e94 rbx=0x73ebec0c3c71 rcx=0x470 rdx=0xffff182827ca659e rsi=0x73ebec078377 rdi=0x0 r8=0x73ebec09b4b3 r9=0x0 r10=0x73ebec0c3c70 r11=0x28ab4 r12=0x73ebec09b4b3 r13=0x73ebec0c3c70 r14=0x0 r15=0x73ebec0784dd rbp=0x73ebec07836d rsp=0x73ebebffdfc0 fs0x0=0x73ebe65c5299 fs0x12=0x73ebebffe54001 fs0x60=0x73ebebffe540 fs0x68=0x73ebebffe4f0 fs0x71=0x73ec0644ca2f fs0x81=0x73ebd1c29f31 fs0xe1=0xe678000000000062 fs0x13d=0x206 fs0x16f=0x60ef4a6b01 fs0x1e8=0x73ebebffdfc0 fs0x13=0x73ebebffe540 fs0x91=0x73ebe400e660 fs0xab=0x0 fs0xb3=0x73ebebffe540 fs0xcb=0x73ebebfffce4 fs0x19d=0x0 fs0x28=0x73ebebfff6c0 fs0x38=0x7ffc39b438c7 fs0x79=0x0 fs0x89=0x0 fs0x99=0x0 fs0xd3=0x1c fs0x107=0x73ebe400e678 fs0x123=0x73ebebffedd0 fs0x128=0x73 fs0x147=0x7ffc39b437c0 ip_w0=0x9a ip_w1=0x38a0 ip_w2=0x1e8 ip_w3=0xbc3 ip_w4=0x1e8 ip_w5=0x9abc ip_w6=0x993a ip_w7=0x1f30 ip_w8=0x4329 ip_w9=0x3cba ip_w10=0xe1d6 ip_w11=0xc7 ip_w12=0x13d ip_w13=0x637 ip_w14=0x84c1 ip_w15=0x5d12 target=0x73ebec09b4b3 target_off=0x9b4b3
[VMTAIL] site=0xb86f5 count=245 frame=0x73ebec07836d frame_off=0x7836d vm_ip=0x73ebec2bed5d vm_ip_off=0x2bed5d vm_flags=0x40001010 vm_state=0x3f05df58 vm_byte=0x3a table=0x73ebec0c3718 table_off=0xc3718 rax=0x73ebec0c40c8 rbx=0x73ebec2bed5b rcx=0x73ebec2becb9 rdx=0xffffffffffffffe0 rsi=0x73ebec078377 rdi=0x73ebec07847c r8=0x0 r9=0x528 r10=0x0 r11=0x73ebec068d56 r12=0x73ebec0c3c40 r13=0x73ebec09a24c r14=0x73ebec07847c r15=0x73ebec078390 rbp=0x73ebec07836d rsp=0x73ebebffdf28 fs0x0=0xda3b7d9 fs0x12=0x73ebebffe4d001 fs0x60=0x73ec5ea3eaf6 fs0x68=0x73ebebffe4d0 fs0x71=0x73ec0644c9bf fs0x81=0x73ebd1c29e91 fs0xe1=0xe678000000000062 fs0x13d=0x206 fs0x16f=0x3f05df5801 fs0x1e8=0x73ebebffdf28 fs0x13=0x73ebebffe4d0 fs0x91=0x73ebe400e660 fs0xab=0x0 fs0xb3=0x73ebebffe4d0 fs0xcb=0x73ebebfffce4 fs0x19d=0x0 fs0x28=0x73ebebfff6c0 fs0x38=0x7ffc39b438c7 fs0x79=0x0 fs0x89=0x0 fs0x99=0x0 fs0xd3=0x1c fs0x107=0x73ebe400e678 fs0x123=0x73ebebffedd0 fs0x128=0x73 fs0x147=0x7ffc39b437c0 ip_w0=0x129 ip_w1=0x2e31 ip_w2=0xa8e7 ip_w3=0x4565 ip_w4=0x60f8 ip_w5=0x7160 ip_w6=0x6cef ip_w7=0xe8f5 ip_w8=0xc901 ip_w9=0x51ec ip_w10=0xf389 ip_w11=0xe364 ip_w12=0xe8ac ip_w13=0x3229 ip_w14=0x1e8 ip_w15=0xf939 target=0x73ebec09a24c target_off=0x9a24c
[VMTAIL] site=0x9b0c5 count=246 frame=0x73ebec07836d frame_off=0x7836d vm_ip=0x73ebec2bef37 vm_ip_off=0x2bef37 vm_flags=0x8111fded vm_state=0x9012321f vm_byte=0x3a table=0x73ebec0c3718 table_off=0xc3718 rax=0x0 rbx=0x400 rcx=0x73ebec07847c rdx=0x73ebec078555 rsi=0x73ebec0c4228 rdi=0x210 r8=0xb10 r9=0x0 r10=0x73ebec0c2241 r11=0x73ebec2bef33 r12=0x73ebec078391 r13=0x73ebec078377 r14=0x73e828042041 r15=0x7ffc39b438c7 rbp=0x73ebec07836d rsp=0x73ebebffdf28 fs0x0=0xda3b7d9 fs0x12=0x73ebebffe4d001 fs0x60=0xfffffffffb78fd34 fs0x68=0x73ebebffe4d0 fs0x71=0x1a44e4f9 fs0x81=0x73ebd1c29f31 fs0xe1=0xe678000000000062 fs0x13d=0x293 fs0x16f=0x9012321f01 fs0x1e8=0x73ebebffdf28 fs0x13=0x73ebebffe4d0 fs0x91=0x73ebe400e660 fs0xab=0x0 fs0xb3=0xa fs0xcb=0x73ebebfffce4 fs0x19d=0x0 fs0x28=0x73ebebfff6c0 fs0x38=0x7ffc39b438c7 fs0x79=0x0 fs0x89=0x0 fs0x99=0x0 fs0xd3=0x1c fs0x107=0x73ebe400e678 fs0x123=0x73ebebffedd0 fs0x128=0x73 fs0x147=0x7ffc39b437c0 ip_w0=0x151 ip_w1=0x9c60 ip_w2=0x99 ip_w3=0xd005 ip_w4=0x75a8 ip_w5=0x14f8 ip_w6=0x22ca ip_w7=0xe86d ip_w8=0x6801 ip_w9=0x4fa3 ip_w10=0xe8eb ip_w11=0x8404 ip_w12=0x453 ip_w13=0xab ip_w14=0x1d7c ip_w15=0x1e8 target=0x73ebec0c2241 target_off=0xc2241
[VMTAIL] site=0x87c25 count=247 frame=0x73ebec07836d frame_off=0x7836d vm_ip=0x73ebec2bf297 vm_ip_off=0x2bf297 vm_flags=0x1281260e vm_state=0xa060008 vm_byte=0x62 table=0x73ebec0c3718 table_off=0xc3718 rax=0x73ebec2bf04c rbx=0x73ebec07847c rcx=0x0 rdx=0x73ebec07732f rsi=0x1 rdi=0xe7d7d815ffff r8=0x73ecec07836c r9=0x73ebec0c3c01 r10=0x73ebec078377 r11=0x1 r12=0x73ebec0876e7 r13=0x24f r14=0x73ebec09a24c r15=0x528 rbp=0x73ebec07836d rsp=0x73ebebffdfc0 fs0x0=0x6abb3e52 fs0x12=0x73ebebffe4d001 fs0x60=0x6abb3e52 fs0x68=0x73ebebffe4d0 fs0x71=0x1a44e4ef fs0x81=0x73ebd1c29f31 fs0xe1=0xe678000000000062 fs0x13d=0x246 fs0x16f=0xa06000801 fs0x1e8=0x73ebebffdfc0 fs0x13=0x73ebebffe4d0 fs0x91=0x73ebe400e660 fs0xab=0x0 fs0xb3=0x0 fs0xcb=0x73ebebfffce4 fs0x19d=0x0 fs0x28=0x73ebebfff6c0 fs0x38=0x7ffc39b438c7 fs0x79=0x0 fs0x89=0x0 fs0x99=0x0 fs0xd3=0x1c fs0x107=0x73ebe400e678 fs0x123=0x73ebebffedd0 fs0x128=0x73 fs0x147=0x7ffc39b437c0 ip_w0=0x72 ip_w1=0x5f9a ip_w2=0xac5b ip_w3=0x2d31 ip_w4=0x56fd ip_w5=0x5715 ip_w6=0x447a ip_w7=0x248 ip_w8=0x1e8 ip_w9=0xc10 ip_w10=0x26 ip_w11=0x13d ip_w12=0x687f ip_w13=0xf294 ip_w14=0xbb23 ip_w15=0x7dd3 target=0x73ebec09a24c target_off=0x9a24c
[VMTAIL] site=0xb86f5 count=248 frame=0x73ebec07836d frame_off=0x7836d vm_ip=0x73ebec2bf3c6 vm_ip_off=0x2bf3c6 vm_flags=0x6c2000c0 vm_state=0x573ca08c vm_byte=0x3a table=0x73ebec0c3718 table_off=0xc3718 rax=0x73ebec0c40c8 rbx=0x73ebec2bf3c4 rcx=0x73ebec2bf322 rdx=0xffffffffffffffe0 rsi=0x73ebec078377 rdi=0x73ebec07847c r8=0x0 r9=0x528 r10=0x0 r11=0x73ebec068d56 r12=0x73ebec0c3c40 r13=0x73ebec09a24c r14=0x73ebec07847c r15=0x73ebec078390 rbp=0x73ebec07836d rsp=0x73ebebffdf28 fs0x0=0xda3b7d9 fs0x12=0x73ebebffe4d001 fs0x60=0x73ebebffe4d0 fs0x68=0x73ebebffe4d0 fs0x71=0x73ec0644c9bf fs0x81=0x73ebd1c29e91 fs0xe1=0xe678000000000062 fs0x13d=0x246 fs0x16f=0x573ca08c01 fs0x1e8=0x73ebebffdf28 fs0x13=0x73ebebffe4d0 fs0x91=0x73ebe400e660 fs0xab=0x0 fs0xb3=0x73ebebffe4d0 fs0xcb=0x73ebebfffce4 fs0x19d=0x0 fs0x28=0x73ebebfff6c0 fs0x38=0x7ffc39b438c7 fs0x79=0x0 fs0x89=0x0 fs0x99=0x0 fs0xd3=0x1c fs0x107=0x73ebe400e678 fs0x123=0x73ebebffedd0 fs0x128=0x73 fs0x147=0x7ffc39b437c0 ip_w0=0x40 ip_w1=0xa2bd ip_w2=0x99 ip_w3=0x1a47 ip_w4=0x6fab ip_w5=0xaaf5 ip_w6=0x9a98 ip_w7=0xe8db ip_w8=0x1301 ip_w9=0x3c08 ip_w10=0xa7f3 ip_w11=0xb37b ip_w12=0x1701 ip_w13=0xfa46 ip_w14=0x1e8 ip_w15=0xf129 target=0x73ebec09a24c target_off=0x9a24c
[VMTAIL] site=0x87c25 count=249 frame=0x73ebec07836d frame_off=0x7836d vm_ip=0x73ebec2bf97c vm_ip_off=0x2bf97c vm_flags=0x4280b108 vm_state=0x3a82f4cb vm_byte=0x50 table=0x73ebec0c3718 table_off=0xc3718 rax=0x73ebec2bf953 rbx=0x73ebec07847c rcx=0x0 rdx=0x73ebec077a28 rsi=0x1 rdi=0xe7d7d815ffff r8=0x73ecec07835c r9=0x73ebec0c3c01 r10=0x73ebec078377 r11=0x1 r12=0xfffffffff7a64a56 r13=0x2d r14=0x73ebec09a24c r15=0x528 rbp=0x73ebec07836d rsp=0x73ebebffdfc0 fs0x0=0x188232b1 fs0x12=0x3401 fs0x60=0x0 fs0x68=0x73ebebffe4d0 fs0x71=0x1a44e4ef fs0x81=0x73ebd1c29f31 fs0xe1=0xe678000000000062 fs0x13d=0x246 fs0x16f=0x3a82f4cb01 fs0x1e8=0x73ebebffdfc0 fs0x13=0x34 fs0x91=0x73ebe400e660 fs0xab=0x0 fs0xb3=0x0 fs0xcb=0x73ebebfffce4 fs0x19d=0x0 fs0x28=0x73ebebfff6c0 fs0x38=0x7ffc39b438c7 fs0x79=0x0 fs0x89=0x0 fs0x99=0x0 fs0xd3=0x1c fs0x107=0x73ebe400e678 fs0x123=0x73ebebffedd0 fs0x128=0x73 fs0x147=0x7ffc39b437c0 ip_w0=0x102 ip_w1=0xc2d4 ip_w2=0x7621 ip_w3=0x81eb ip_w4=0x4b50 ip_w5=0xb3e7 ip_w6=0xb100 ip_w7=0x86 ip_w8=0x2f51 ip_w9=0xc0 ip_w10=0xd5f3 ip_w11=0x13d ip_w12=0x9bd7 ip_w13=0x142 ip_w14=0xb3 ip_w15=0x9677 target=0x73ebec09a24c target_off=0x9a24c
[VMTAIL] site=0xba0cc count=250 frame=0x73ebec07836d frame_off=0x7836d vm_ip=0x73ebec2bfe6f vm_ip_off=0x2bfe6f vm_flags=0x16833a00 vm_state=0xb3faaff5 vm_byte=0x62 table=0x73ebec0c3718 table_off=0xc3718 rax=0x73ebec0c2241 rbx=0x246 rcx=0x73ebec078377 rdx=0xffffffffffffff88 rsi=0x0 rdi=0x4c3 r8=0x1 r9=0x73ebec2bf9b0 r10=0x73ebec0c4201 r11=0x73fbec0fa2dd r12=0x73ebec0784dd r13=0x0 r14=0x73ebec2bfbac r15=0x0 rbp=0x73ebec07836d rsp=0x73ebebffdfc0 fs0x0=0xffffffffc612a452 fs0x12=0x3401 fs0x60=0x39ed5bae fs0x68=0x73ebebffe4d0 fs0x71=0x1a44e4ef fs0x81=0x73ebd1c29f31 fs0xe1=0xe678000000000062 fs0x13d=0x246 fs0x16f=0xb3faaff501 fs0x1e8=0x73ebebffdfc0 fs0x13=0x34 fs0x91=0x73ebe400e660 fs0xab=0x0 fs0xb3=0x0 fs0xcb=0x73ebebfffce4 fs0x19d=0x0 fs0x28=0x73ebebfff6c0 fs0x38=0x7ffc39b438c7 fs0x79=0x0 fs0x89=0x0 fs0x99=0x0 fs0xd3=0x1c fs0x107=0x73ebe400e678 fs0x123=0x73ebebffedd0 fs0x128=0x73 fs0x147=0x7ffc39b437c0 ip_w0=0x40 ip_w1=0xac5e ip_w2=0x68 ip_w3=0xf49f ip_w4=0x68 ip_w5=0x2d3f ip_w6=0xf577 ip_w7=0xf93 ip_w8=0x1e8 ip_w9=0x3d2f ip_w10=0xab ip_w11=0x65f0 ip_w12=0x13d ip_w13=0xb777 ip_w14=0xbb8e ip_w15=0xead0 target=0x73ebec0c2241 target_off=0xc2241
[VMTAIL] site=0xb86f5 count=251 frame=0x73ebec07836d frame_off=0x7836d vm_ip=0x73ebec2bff9e vm_ip_off=0x2bff9e vm_flags=0xc1862281 vm_state=0xc1862283 vm_byte=0x3a table=0x73ebec0c3718 table_off=0xc3718 rax=0x73ebec0c40c8 rbx=0x73ebec2bff9c rcx=0x73ebec2bfefa rdx=0xffffffffffffffe0 rsi=0x73ebec078377 rdi=0x73ebec07847c r8=0x0 r9=0xb10 r10=0x0 r11=0x73ebec068d56 r12=0x73ebec0c4228 r13=0x73ebec0c2241 r14=0x73ebec07847c r15=0x73ebec078390 rbp=0x73ebec07836d rsp=0x73ebebffdf28 fs0x0=0xda3b7d9 fs0x12=0x73ebebffe4d001 fs0x60=0x73ebebffe4d0 fs0x68=0x73ebebffe4d0 fs0x71=0x73ec0644c9bf fs0x81=0x73ebd1c29e91 fs0xe1=0xe678000000000062 fs0x13d=0x246 fs0x16f=0xc186228301 fs0x1e8=0x73ebebffdf28 fs0x13=0x73ebebffe4d0 fs0x91=0x73ebe400e660 fs0xab=0x0 fs0xb3=0x73ebebffe4d0 fs0xcb=0x73ebebfffce4 fs0x19d=0x0 fs0x28=0x73ebebfff6c0 fs0x38=0x7ffc39b438c7 fs0x79=0x0 fs0x89=0x0 fs0x99=0x0 fs0xd3=0x1c fs0x107=0x73ebe400e678 fs0x123=0x73ebebffedd0 fs0x128=0x73 fs0x147=0x7ffc39b437c0 ip_w0=0x102 ip_w1=0xc4ee ip_w2=0x7607 ip_w3=0x67c6 ip_w4=0xdf31 ip_w5=0x3691 ip_w6=0xe87a ip_w7=0x5101 ip_w8=0xc0f6 ip_w9=0x55bb ip_w10=0xf1a1 ip_w11=0x3a8a ip_w12=0xa327 ip_w13=0xb0d ip_w14=0xcb2d ip_w15=0x1e8 target=0x73ebec0c2241 target_off=0xc2241
[VMTAIL] site=0x9b0c5 count=252 frame=0x73ebec07836d frame_off=0x7836d vm_ip=0x73ebec2c023e vm_ip_off=0x2c023e vm_flags=0x8a014a80 vm_state=0x114b4ace vm_byte=0x3a table=0x73ebec0c3718 table_off=0xc3718 rax=0x0 rbx=0x0 rcx=0x73ebec07847c rdx=0x73ebec078555 rsi=0x73ebec0c3c40 rdi=0x210 r8=0x528 r9=0xe5b23167ed350e87 r10=0x73ebec09a24c r11=0x73ebec2c023a r12=0x73ebec078391 r13=0x73ebec078377 r14=0x73e828002044 r15=0x7ffc39b438c7 rbp=0x73ebec07836d rsp=0x73ebebffdf28 fs0x0=0xda3b7d9 fs0x12=0x73ebebffeb5001 fs0x60=0x73ebce8776d1 fs0x68=0x73ebebffe4f0 fs0x71=0x73ec0644d03f fs0x81=0x73ebd1c29e91 fs0xe1=0xe678000000000062 fs0x13d=0x206 fs0x16f=0x114b4ace01 fs0x1e8=0x73ebebffdf28 fs0x13=0x73ebebffeb50 fs0x91=0x73ebe400e660 fs0xab=0x0 fs0xb3=0x73ebebffeb50 fs0xcb=0x73ebebfffce4 fs0x19d=0x73ebebffe4f0 fs0x28=0x73ebebfff6c0 fs0x38=0x7ffc39b438c7 fs0x79=0x0 fs0x89=0x0 fs0x99=0x0 fs0xd3=0x73ebebffe4f0 fs0x107=0x73ebe400e678 fs0x123=0x73ebebffedd0 fs0x128=0x73 fs0x147=0x7ffc39b437c0 ip_w0=0x42 ip_w1=0x8ee9 ip_w2=0x9b3a ip_w3=0xff73 ip_w4=0xd00d ip_w5=0x9aa2 ip_w6=0xecf2 ip_w7=0xe8cb ip_w8=0xce01 ip_w9=0xd3a9 ip_w10=0x900a ip_w11=0x2103 ip_w12=0xa6a5 ip_w13=0xea4a ip_w14=0xcde6 ip_w15=0x1e8 target=0x73ebec09a24c target_off=0x9a24c
[VMTAIL] site=0xb625a count=253 frame=0x73ebec07836d frame_off=0x7836d vm_ip=0x73ebec2c1156 vm_ip_off=0x2c1156 vm_flags=0x9628aa8f vm_state=0xff96fff8 vm_byte=0x3a table=0x73ebec0c3718 table_off=0xc3718 rax=0x73ebec0784dd rbx=0x10 rcx=0x73ebec0784dd rdx=0x73ebec078377 rsi=0x73ebec0c4050 rdi=0x73ebec0784dd r8=0x73ebec0c3c70 r9=0x0 r10=0xffffffff2389facb r11=0xfffffffffffffc00 r12=0x7ffffdff r13=0xffffffff2389facb r14=0x73ebec0784ef r15=0x73ebec09b4b3 rbp=0x73ebec07836d rsp=0x73ebebffdfc0 fs0x0=0x73ebe65c5c89 fs0x12=0x73ebe400e66000 fs0x60=0x73ebfd9455b7 fs0x68=0x73ebebffe4f0 fs0x71=0x73ec0644d03f fs0x81=0x73ebd1c29f31 fs0xe1=0xe66a000000000062 fs0x13d=0x206 fs0x16f=0xff96fff801 fs0x1e8=0x73ebebffdfc0 fs0x13=0x73ebe400e660 fs0x91=0x73ebe400e660 fs0xab=0x73ebe400e660 fs0xb3=0x55effbde2a3c fs0xcb=0x73ebebfffce4 fs0x19d=0x73ebe400e660 fs0x28=0x73ebebfff6c0 fs0x38=0x7ffc39b438c7 fs0x79=0x55effbde2a3c fs0x89=0x31 fs0x99=0x30 fs0xd3=0x55effbde2a3c fs0x107=0x73ebe400e66a fs0x123=0x73ebebffedd0 fs0x128=0x73 fs0x147=0x7ffc39b437c0 ip_w0=0x1e ip_w1=0x1f10 ip_w2=0x1e8 ip_w3=0xe0b ip_w4=0x1e8 ip_w5=0x29b4 ip_w6=0xf95f ip_w7=0xacf1 ip_w8=0xf7dc ip_w9=0x4d61 ip_w10=0xac ip_w11=0x86 ip_w12=0x13d ip_w13=0x68cc ip_w14=0x247a ip_w15=0x97dc target=0x73ebec09b4b3 target_off=0x9b4b3
[VMTAIL] site=0xb86f5 count=254 frame=0x73ebec07836d frame_off=0x7836d vm_ip=0x73ebec2c1285 vm_ip_off=0x2c1285 vm_flags=0xdb19a1ed vm_state=0xbffce774 vm_byte=0x3a table=0x73ebec0c3718 table_off=0xc3718 rax=0x73ebec0c40c8 rbx=0x73ebec2c1283 rcx=0x73ebec2c11e1 rdx=0xffffffffffffffe0 rsi=0x73ebec078377 rdi=0x73ebec07847c r8=0x0 r9=0x558 r10=0x0 r11=0x80674d6 r12=0x73ebec0c3c70 r13=0x73ebec09b4b3 r14=0x73ebec07847c r15=0x73ebec078390 rbp=0x73ebec07836d rsp=0x73ebebffdf28 fs0x0=0xda3b7e9 fs0x12=0x73ebebffe4d000 fs0x60=0x73ebebffe4d0 fs0x68=0x73ebebffe4d0 fs0x71=0x73ec0644c9bf fs0x81=0x73ebd1c29e91 fs0xe1=0xe66a000000000062 fs0x13d=0x206 fs0x16f=0xbffce77401 fs0x1e8=0x73ebebffdf28 fs0x13=0x73ebebffe4d0 fs0x91=0x73ebe400e660 fs0xab=0x73ebe400e660 fs0xb3=0x73ebebffe4d0 fs0xcb=0x73ebebfffce4 fs0x19d=0x73ebe400e660 fs0x28=0x73ebebfff6c0 fs0x38=0x7ffc39b438c7 fs0x79=0x55effbde2a3c fs0x89=0x31 fs0x99=0x30 fs0xd3=0x55effbde2a3c fs0x107=0x73ebe400e66a fs0x123=0x73ebebffedd0 fs0x128=0x73 fs0x147=0x7ffc39b437c0 ip_w0=0x102 ip_w1=0xc39e ip_w2=0x7607 ip_w3=0x1153 ip_w4=0x99 ip_w5=0x3efe ip_w6=0xe899 ip_w7=0xf901 ip_w8=0x7cfa ip_w9=0x1d75 ip_w10=0x5e42 ip_w11=0xd313 ip_w12=0xd00a ip_w13=0x340a ip_w14=0x2b54 ip_w15=0x1e8 target=0x73ebec09b4b3 target_off=0x9b4b3
[VMTAIL] site=0xafa1d count=255 frame=0x73ebec07836d frame_off=0x7836d vm_ip=0x73ebec292f3e vm_ip_off=0x292f3e vm_flags=0xe2e98999 vm_state=0x573b8bd0 vm_byte=0x50 table=0x73ebec0c3718 table_off=0xc3718 rax=0x80000000 rbx=0x4b7a9 rcx=0xffffffff8a37e480 rdx=0x73ebec09b4b3 rsi=0x400 rdi=0x73ebec078377 r8=0x1 r9=0x73ebec0c3f68 r10=0x0 r11=0x73ebec07847c r12=0x73ebec078377 r13=0xffffffff80000000 r14=0x2e48f r15=0x400 rbp=0x73ebec07836d rsp=0x73ebebffdfc0 fs0x0=0x3bd13853 fs0x12=0x73ebe400e66000 fs0x60=0x3bd13850 fs0x68=0x73ebebffdfe0 fs0x71=0x1a44e4f2 fs0x81=0x73ebd1bafaf1 fs0xe1=0xe66a000000000062 fs0x13d=0x206 fs0x16f=0x573b8bd000 fs0x1e8=0x73ebebffdfc0 fs0x13=0x73ebe400e660 fs0x91=0x73ebe400e660 fs0xab=0xe5b23167ed350e87 fs0xb3=0xf fs0xcb=0x73ebebfffce4 fs0x19d=0x73ebe4000880 fs0x28=0x73ebebfff6c0 fs0x38=0x7ffc39b438c7 fs0x79=0x73ebe400e fs0x89=0x115 fs0x99=0x110 fs0xd3=0xf fs0x107=0x73ebe400e66a fs0x123=0x73ebebffedd0 fs0x128=0x73 fs0x147=0x7ffc39b437c0 ip_w0=0x12 ip_w1=0xa88 ip_w2=0x4c3a ip_w3=0x3bed ip_w4=0xe80b ip_w5=0xd201 ip_w6=0xfc1f ip_w7=0xb395 ip_w8=0xa00 ip_w9=0xc447 ip_w10=0x520a ip_w11=0x1e8 ip_w12=0x1e8 ip_w13=0x13d ip_w14=0xefb9 ip_w15=0x3a4d target=0x73ebec09b4b3 target_off=0x9b4b3
[VMTAIL] site=0x9b0c5 count=256 frame=0x73ebec07836d frame_off=0x7836d vm_ip=0x73ebec29300f vm_ip_off=0x29300f vm_flags=0x783681d3 vm_state=0x114babdc vm_byte=0x3a table=0x73ebec0c3718 table_off=0xc3718 rax=0x0 rbx=0x0 rcx=0x73ebec07847c rdx=0x73ebec078555 rsi=0x73ebec0c3c70 rdi=0x210 r8=0x558 r9=0xe5b23167ed350e87 r10=0x73ebec09b4b3 r11=0x73ebec29300b r12=0x73ebec078391 r13=0x73ebec078377 r14=0x73e828003083 r15=0x7ffc39b438c7 rbp=0x73ebec07836d rsp=0x73ebebffdf28 fs0x0=0xda3b6c9 fs0x12=0x73ebe400e66000 fs0x60=0x3bd13850 fs0x68=0x73ebebffdfe0 fs0x71=0x1a44e4f2 fs0x81=0x73ebd1bafaf1 fs0xe1=0xe66a000000000062 fs0x13d=0x206 fs0x16f=0x114babdc01 fs0x1e8=0x73ebebffdf28 fs0x13=0x73ebe400e660 fs0x91=0x73ebe400e660 fs0xab=0xe5b23167ed350e87 fs0xb3=0xf fs0xcb=0x73ebebfffce4 fs0x19d=0x73ebe4000880 fs0x28=0x73ebebfff6c0 fs0x38=0x7ffc39b438c7 fs0x79=0x73ebe400e fs0x89=0x115 fs0x99=0x110 fs0xd3=0xf fs0x107=0x73ebe400e66a fs0x123=0x73ebebffedd0 fs0x128=0x73 fs0x147=0x7ffc39b437c0 ip_w0=0x154 ip_w1=0xe4c ip_w2=0x99 ip_w3=0x158 ip_w4=0xb20e ip_w5=0xc6fa ip_w6=0x1d81 ip_w7=0xe8e0 ip_w8=0x1701 ip_w9=0x879a ip_w10=0xfdb7 ip_w11=0x3a4d ip_w12=0x82cf ip_w13=0x9d3c ip_w14=0x1e8 ip_w15=0xf271 target=0x73ebec09b4b3 target_off=0x9b4b3
[VMTAIL] site=0x9b0c5 count=257 frame=0x73ebec07836d frame_off=0x7836d vm_ip=0x73ebec293233 vm_ip_off=0x293233 vm_flags=0xe4252730 vm_state=0x7a2b3665 vm_byte=0x3a table=0x73ebec0c3718 table_off=0xc3718 rax=0x0 rbx=0x0 rcx=0x73ebec07847c rdx=0x73ebec078555 rsi=0x73ebec0c4228 rdi=0x210 r8=0xb10 r9=0xe5b23167ed350e87 r10=0x73ebec0c2241 r11=0x73ebec29322f r12=0x73ebec078391 r13=0x73ebec078377 r14=0x73e828042041 r15=0x7ffc39b438c7 rbp=0x73ebec07836d rsp=0x73ebebffdf28 fs0x0=0xda3b6c9 fs0x12=0x73ebe400e66000 fs0x60=0xfffffffffb78fc48 fs0x68=0x73ebebffdfe0 fs0x71=0x1a44e4f2 fs0x81=0x73ebd1bafaf1 fs0xe1=0xe66a000000000062 fs0x13d=0x287 fs0x16f=0x7a2b366501 fs0x1e8=0x73ebebffdf28 fs0x13=0x73ebe400e660 fs0x91=0x73ebe400e660 fs0xab=0xe5b23167ed350e87 fs0xb3=0x13 fs0xcb=0x73ebebfffce4 fs0x19d=0x73ebe4000880 fs0x28=0x73ebebfff6c0 fs0x38=0x7ffc39b438c7 fs0x79=0x73ebe400e fs0x89=0x115 fs0x99=0x110 fs0xd3=0xf fs0x107=0x73ebe400e66a fs0x123=0x73ebebffedd0 fs0x128=0x73 fs0x147=0x7ffc39b437c0 ip_w0=0xc4 ip_w1=0x6e4f ip_w2=0xf024 ip_w3=0xac0c ip_w4=0x25c4 ip_w5=0x988 ip_w6=0xf107 ip_w7=0xe813 ip_w8=0x9301 ip_w9=0xabea ip_w10=0xb800 ip_w11=0xab3e ip_w12=0xde00 ip_w13=0xb1a7 ip_w14=0x1e8 ip_w15=0x5ac target=0x73ebec0c2241 target_off=0xc2241
[VMTAIL] site=0x9ba72 count=258 frame=0x73ebec07836d frame_off=0x7836d vm_ip=0x73ebec293355 vm_ip_off=0x293355 vm_flags=0x7ffd8cc5 vm_state=0x7fffb7fb vm_byte=0x62 table=0x73ebec0c3718 table_off=0xc3718 rax=0x0 rbx=0x73ebec0784dd rcx=0x73ebec0c3318 rdx=0x64453d00 rsi=0x73ebec09e7af rdi=0x0 r8=0x73ebec0c3d00 r9=0x73ebec078377 r10=0xfffffffffffffbb8 r11=0x73ebec0c3ba8 r12=0x812 r13=0x0 r14=0xffffffffec2fbf1c r15=0x5e8 rbp=0x73ebec07836d rsp=0x73ebebffdfc0 fs0x0=0x6abb3e53 fs0x12=0x73ebe400e66000 fs0x60=0x6abb3e53 fs0x68=0x73ebebffdfe0 fs0x71=0x1a44e4f0 fs0x81=0x73ebd1c29ee6 fs0xe1=0xe66a000000000062 fs0x13d=0x202 fs0x16f=0x7fffb7fb01 fs0x1e8=0x73ebebffdfc0 fs0x13=0x73ebe400e660 fs0x91=0x73ebe400e660 fs0xab=0xe5b23167ed350e87 fs0xb3=0x1 fs0xcb=0x73ebebfffce4 fs0x19d=0x73ebe4000880 fs0x28=0x73ebebfff6c0 fs0x38=0x7ffc39b438c7 fs0x79=0x73ebe400e fs0x89=0x115 fs0x99=0x110 fs0xd3=0xf fs0x107=0x73ebe400e66a fs0x123=0x73ebebffedd0 fs0x128=0x73 fs0x147=0x7ffc39b437c0 ip_w0=0xd4b2 ip_w1=0xe234 ip_w2=0x4d0 ip_w3=0x94ec ip_w4=0x3401 ip_w5=0xe80d ip_w6=0x1301 ip_w7=0xac ip_w8=0x13d ip_w9=0xbe77 ip_w10=0x9ae7 ip_w11=0x9dcf ip_w12=0x7a14 ip_w13=0xddb ip_w14=0xba3a ip_w15=0x18b0 target=0x73ebec09e7af target_off=0x9e7af
[VMTAIL] site=0xb86f5 count=259 frame=0x73ebec07836d frame_off=0x7836d vm_ip=0x73ebec29347e vm_ip_off=0x29347e vm_flags=0xee396f18 vm_state=0x694c698c vm_byte=0x3a table=0x73ebec0c3718 table_off=0xc3718 rax=0x73ebec0c40c8 rbx=0x73ebec29347c rcx=0x73ebec2933da rdx=0xffffffffffffffe0 rsi=0x73ebec078377 rdi=0x73ebec07847c r8=0x0 r9=0x558 r10=0x0 r11=0x80674d6 r12=0x73ebec0c3c70 r13=0x73ebec09b4b3 r14=0x73ebec07847c r15=0x73ebec078390 rbp=0x73ebec07836d rsp=0x73ebebffdf28 fs0x0=0xda3b6c9 fs0x12=0x73ebebffe4d000 fs0x60=0x73ebfd944f37 fs0x68=0x73ebebffe4d0 fs0x71=0x73ec0644c9bf fs0x81=0x73ebd1c29e91 fs0xe1=0xe66a000000000062 fs0x13d=0x202 fs0x16f=0x694c698c01 fs0x1e8=0x73ebebffdf28 fs0x13=0x73ebebffe4d0 fs0x91=0x73ebe400e660 fs0xab=0xe5b23167ed350e87 fs0xb3=0x73ebebffe4d0 fs0xcb=0x73ebebfffce4 fs0x19d=0x73ebe4000880 fs0x28=0x73ebebfff6c0 fs0x38=0x7ffc39b438c7 fs0x79=0x73ebe400e fs0x89=0x115 fs0x99=0x110 fs0xd3=0xf fs0x107=0x73ebe400e66a fs0x123=0x73ebebffedd0 fs0x128=0x73 fs0x147=0x7ffc39b437c0 ip_w0=0x14d ip_w1=0xe5a3 ip_w2=0x99 ip_w3=0xad8 ip_w4=0xb900 ip_w5=0x9d0a ip_w6=0xe82 ip_w7=0xe834 ip_w8=0x9201 ip_w9=0x41b8 ip_w10=0x60fb ip_w11=0x4208 ip_w12=0xca7b ip_w13=0x6961 ip_w14=0x9aa5 ip_w15=0x1e8 target=0x73ebec09b4b3 target_off=0x9b4b3
[VMTAIL] site=0x81b7c count=260 frame=0x73ebec07836d frame_off=0x7836d vm_ip=0x73ebec2935eb vm_ip_off=0x2935eb vm_flags=0x40000000 vm_state=0x9fe8 vm_byte=0x62 table=0x73ebec0c3718 table_off=0xc3718 rax=0x73ebec0c3918 rbx=0x9b2d0200 rcx=0xffbf rdx=0x73eb740930f5 rsi=0xffffffff80000030 rdi=0x73ebec0784dd r8=0x73ebec085059 r9=0xffffffff800001ad r10=0x73eb73e2fafb r11=0x73ebec078377 r12=0x7821054c r13=0x73ebec0784dd r14=0x0 r15=0x477 rbp=0x73ebec07836d rsp=0x73ebebffdfc0 fs0x0=0xffffffff991fb4c3 fs0x12=0x73ebebffe4d000 fs0x60=0xffffffff991fb4c7 fs0x68=0x73ebebffdfe0 fs0x71=0x1a44e4f2 fs0x81=0x73ebd1c29f31 fs0xe1=0xe66a000000000062 fs0x13d=0x297 fs0x16f=0x9fe801 fs0x1e8=0x73ebebffdfc0 fs0x13=0x73ebebffe4d0 fs0x91=0x73ebe400e660 fs0xab=0xe5b23167ed350e87 fs0xb3=0x3 fs0xcb=0x73ebebfffce4 fs0x19d=0x73ebe4000880 fs0x28=0x73ebebfff6c0 fs0x38=0x7ffc39b438c7 fs0x79=0x73ebe400e fs0x89=0x115 fs0x99=0x110 fs0xd3=0xf fs0x107=0x73ebe400e66a fs0x123=0x73ebebffedd0 fs0x128=0x73 fs0x147=0x7ffc39b437c0 ip_w0=0xc91b ip_w1=0xb3 ip_w2=0xb8de ip_w3=0xddb7 ip_w4=0xb29d ip_w5=0x1a0 ip_w6=0xd770 ip_w7=0x614c ip_w8=0x13d ip_w9=0xa5 ip_w10=0x0 ip_w11=0xf1 ip_w12=0x0 ip_w13=0x13d ip_w14=0xa700 ip_w15=0x6782 target=0x73ebec085059 target_off=0x85059
[VMTAIL] site=0xa1936 count=261 frame=0x73ebec07836d frame_off=0x7836d vm_ip=0x73ebec29360e vm_ip_off=0x29360e vm_flags=0x2d427e84 vm_state=0xc20060 vm_byte=0x62 table=0x73ebec0c3718 table_off=0xc3718 rax=0x73ebec078390 rbx=0xe7d7d8187f48 rcx=0x73ebec0784dd rdx=0x943d34033314 rsi=0x73ebec0784dd rdi=0x460 r8=0x73ebec0784dd r9=0x73ebec0c4481 r10=0xff2e886e r11=0x73ebec078377 r12=0x73ebec094e5a r13=0xffff8c1493f6b0af r14=0x73ebec0c3b78 r15=0xffff8c1413f8816f rbp=0x73ebec07836d rsp=0x73ebebffdfc0 fs0x0=0xfffffffffb78fc38 fs0x12=0x73ebebffe4d000 fs0x60=0xfffffffffb78fc3c fs0x68=0x73ebebffdfe0 fs0x71=0x1a44e4f2 fs0x81=0x73ebd1c29f31 fs0xe1=0xe66a000000000062 fs0x13d=0x297 fs0x16f=0xc2006001 fs0x1e8=0x73ebebffdfc0 fs0x13=0x73ebebffe4d0 fs0x91=0x73ebe400e660 fs0xab=0xe5b23167ed350e87 fs0xb3=0x3 fs0xcb=0x73ebebfffce4 fs0x19d=0x73ebe4000880 fs0x28=0x73ebebfff6c0 fs0x38=0x7ffc39b438c7 fs0x79=0x73ebe400e fs0x89=0x115 fs0x99=0x110 fs0xd3=0xf fs0x107=0x73ebe400e66a fs0x123=0x73ebebffedd0 fs0x128=0x73 fs0x147=0x7ffc39b437c0 ip_w0=0x91f2 ip_w1=0xbb76 ip_w2=0x1e2c ip_w3=0xb93 ip_w4=0x8417 ip_w5=0x1a0 ip_w6=0x6a09 ip_w7=0x7b6c ip_w8=0x13d ip_w9=0xa5 ip_w10=0x0 ip_w11=0x2b62 ip_w12=0x0 ip_w13=0x13d ip_w14=0x9022 ip_w15=0x7000 target=0x73ebec094e5a target_off=0x94e5a
[TRACE] caller=eac.elf+0x30d25c open path=/sys/class/dmi/id/sys_vendor flags=0x0
[VMTAIL] site=0xafa1d count=262 frame=0x73ebec07836d frame_off=0x7836d vm_ip=0x73ebec2bec2e vm_ip_off=0x2bec2e vm_flags=0xc9251e1f vm_state=0xc6bb0cd6 vm_byte=0x3a table=0x73ebec0c3718 table_off=0xc3718 rax=0x0 rbx=0x10 rcx=0xe7d762f9ee10 rdx=0x73ebec09b4b3 rsi=0x276a8 rdi=0x73ebec0784dd r8=0xbb82c r9=0x0 r10=0xffffffffe524facb r11=0x73ebec07847c r12=0x73ebec078377 r13=0x0 r14=0x27648 r15=0x73ebec0af8af rbp=0x73ebec07836d rsp=0x73ebebffdfc0 fs0x0=0x73ebe65c5299 fs0x12=0x73ebebffe54001 fs0x60=0x73ebebffe540 fs0x68=0x73ebebffe4f0 fs0x71=0x73ec0644ca2f fs0x81=0x73ebd1c29f31 fs0xe1=0xe66a000000000062 fs0x13d=0x202 fs0x16f=0xc6bb0cd601 fs0x1e8=0x73ebebffdfc0 fs0x13=0x73ebebffe540 fs0x91=0x73ebe400e660 fs0xab=0x0 fs0xb3=0x73ebebffe540 fs0xcb=0x73ebebfffce4 fs0x19d=0x0 fs0x28=0x73ebebfff6c0 fs0x38=0x7ffc39b438c7 fs0x79=0x0 fs0x89=0x0 fs0x99=0x0 fs0xd3=0x1d fs0x107=0x73ebe400e66a fs0x123=0x73ebebffedd0 fs0x128=0x73 fs0x147=0x7ffc39b437c0 ip_w0=0x9a ip_w1=0x38a0 ip_w2=0x1e8 ip_w3=0xbc3 ip_w4=0x1e8 ip_w5=0x9abc ip_w6=0x993a ip_w7=0x1f30 ip_w8=0x4329 ip_w9=0x3cba ip_w10=0xe1d6 ip_w11=0xc7 ip_w12=0x13d ip_w13=0x637 ip_w14=0x84c1 ip_w15=0x5d12 target=0x73ebec09b4b3 target_off=0x9b4b3
[VMTAIL] site=0xb86f5 count=263 frame=0x73ebec07836d frame_off=0x7836d vm_ip=0x73ebec2bed5d vm_ip_off=0x2bed5d vm_flags=0x40001010 vm_state=0x3f05df58 vm_byte=0x3a table=0x73ebec0c3718 table_off=0xc3718 rax=0x73ebec0c40c8 rbx=0x73ebec2bed5b rcx=0x73ebec2becb9 rdx=0xffffffffffffffe0 rsi=0x73ebec078377 rdi=0x73ebec07847c r8=0x0 r9=0x528 r10=0x0 r11=0x73ebec068d56 r12=0x73ebec0c3c40 r13=0x73ebec09a24c r14=0x73ebec07847c r15=0x73ebec078390 rbp=0x73ebec07836d rsp=0x73ebebffdf28 fs0x0=0xda3b7d9 fs0x12=0x73ebebffe4d001 fs0x60=0x73ec5ea3eaf6 fs0x68=0x73ebebffe4d0 fs0x71=0x73ec0644c9bf fs0x81=0x73ebd1c29e91 fs0xe1=0xe66a000000000062 fs0x13d=0x202 fs0x16f=0x3f05df5801 fs0x1e8=0x73ebebffdf28 fs0x13=0x73ebebffe4d0 fs0x91=0x73ebe400e660 fs0xab=0x0 fs0xb3=0x73ebebffe4d0 fs0xcb=0x73ebebfffce4 fs0x19d=0x0 fs0x28=0x73ebebfff6c0 fs0x38=0x7ffc39b438c7 fs0x79=0x0 fs0x89=0x0 fs0x99=0x0 fs0xd3=0x1d fs0x107=0x73ebe400e66a fs0x123=0x73ebebffedd0 fs0x128=0x73 fs0x147=0x7ffc39b437c0 ip_w0=0x129 ip_w1=0x2e31 ip_w2=0xa8e7 ip_w3=0x4565 ip_w4=0x60f8 ip_w5=0x7160 ip_w6=0x6cef ip_w7=0xe8f5 ip_w8=0xc901 ip_w9=0x51ec ip_w10=0xf389 ip_w11=0xe364 ip_w12=0xe8ac ip_w13=0x3229 ip_w14=0x1e8 ip_w15=0xf939 target=0x73ebec09a24c target_off=0x9a24c
[VMTAIL] site=0x9b0c5 count=264 frame=0x73ebec07836d frame_off=0x7836d vm_ip=0x73ebec2bef37 vm_ip_off=0x2bef37 vm_flags=0x8111fded vm_state=0x9012321f vm_byte=0x3a table=0x73ebec0c3718 table_off=0xc3718 rax=0x0 rbx=0x400 rcx=0x73ebec07847c rdx=0x73ebec078555 rsi=0x73ebec0c4228 rdi=0x210 r8=0xb10 r9=0x0 r10=0x73ebec0c2241 r11=0x73ebec2bef33 r12=0x73ebec078391 r13=0x73ebec078377 r14=0x73e828042041 r15=0x7ffc39b438c7 rbp=0x73ebec07836d rsp=0x73ebebffdf28 fs0x0=0xda3b7d9 fs0x12=0x73ebebffe4d001 fs0x60=0xfffffffffb78fd34 fs0x68=0x73ebebffe4d0 fs0x71=0x1a44e4f3 fs0x81=0x73ebd1c29f31 fs0xe1=0xe66a000000000062 fs0x13d=0x297 fs0x16f=0x9012321f01 fs0x1e8=0x73ebebffdf28 fs0x13=0x73ebebffe4d0 fs0x91=0x73ebe400e660 fs0xab=0x0 fs0xb3=0x4 fs0xcb=0x73ebebfffce4 fs0x19d=0x0 fs0x28=0x73ebebfff6c0 fs0x38=0x7ffc39b438c7 fs0x79=0x0 fs0x89=0x0 fs0x99=0x0 fs0xd3=0x1d fs0x107=0x73ebe400e66a fs0x123=0x73ebebffedd0 fs0x128=0x73 fs0x147=0x7ffc39b437c0 ip_w0=0x151 ip_w1=0x9c60 ip_w2=0x99 ip_w3=0xd005 ip_w4=0x75a8 ip_w5=0x14f8 ip_w6=0x22ca ip_w7=0xe86d ip_w8=0x6801 ip_w9=0x4fa3 ip_w10=0xe8eb ip_w11=0x8404 ip_w12=0x453 ip_w13=0xab ip_w14=0x1d7c ip_w15=0x1e8 target=0x73ebec0c2241 target_off=0xc2241
[VMTAIL] site=0x87c25 count=265 frame=0x73ebec07836d frame_off=0x7836d vm_ip=0x73ebec2bf297 vm_ip_off=0x2bf297 vm_flags=0x1281260e vm_state=0xa060008 vm_byte=0x62 table=0x73ebec0c3718 table_off=0xc3718 rax=0x73ebec2bf04c rbx=0x73ebec07847c rcx=0x0 rdx=0x73ebec07732f rsi=0x1 rdi=0xe7d7d815ffff r8=0x73ecec07836c r9=0x73ebec0c3c01 r10=0x73ebec078377 r11=0x1 r12=0x73ebec0876e7 r13=0x24f r14=0x73ebec09a24c r15=0x528 rbp=0x73ebec07836d rsp=0x73ebebffdfc0 fs0x0=0x6abb3e52 fs0x12=0x73ebebffe4d001 fs0x60=0x6abb3e52 fs0x68=0x73ebebffe4d0 fs0x71=0x1a44e4ef fs0x81=0x73ebd1c29f31 fs0xe1=0xe66a000000000062 fs0x13d=0x246 fs0x16f=0xa06000801 fs0x1e8=0x73ebebffdfc0 fs0x13=0x73ebebffe4d0 fs0x91=0x73ebe400e660 fs0xab=0x0 fs0xb3=0x0 fs0xcb=0x73ebebfffce4 fs0x19d=0x0 fs0x28=0x73ebebfff6c0 fs0x38=0x7ffc39b438c7 fs0x79=0x0 fs0x89=0x0 fs0x99=0x0 fs0xd3=0x1d fs0x107=0x73ebe400e66a fs0x123=0x73ebebffedd0 fs0x128=0x73 fs0x147=0x7ffc39b437c0 ip_w0=0x72 ip_w1=0x5f9a ip_w2=0xac5b ip_w3=0x2d31 ip_w4=0x56fd ip_w5=0x5715 ip_w6=0x447a ip_w7=0x248 ip_w8=0x1e8 ip_w9=0xc10 ip_w10=0x26 ip_w11=0x13d ip_w12=0x687f ip_w13=0xf294 ip_w14=0xbb23 ip_w15=0x7dd3 target=0x73ebec09a24c target_off=0x9a24c
[VMTAIL] site=0xb86f5 count=266 frame=0x73ebec07836d frame_off=0x7836d vm_ip=0x73ebec2bf3c6 vm_ip_off=0x2bf3c6 vm_flags=0x6c2000c0 vm_state=0x573ca08c vm_byte=0x3a table=0x73ebec0c3718 table_off=0xc3718 rax=0x73ebec0c40c8 rbx=0x73ebec2bf3c4 rcx=0x73ebec2bf322 rdx=0xffffffffffffffe0 rsi=0x73ebec078377 rdi=0x73ebec07847c r8=0x0 r9=0x528 r10=0x0 r11=0x73ebec068d56 r12=0x73ebec0c3c40 r13=0x73ebec09a24c r14=0x73ebec07847c r15=0x73ebec078390 rbp=0x73ebec07836d rsp=0x73ebebffdf28 fs0x0=0xda3b7d9 fs0x12=0x73ebebffe4d001 fs0x60=0x73ebebffe4d0 fs0x68=0x73ebebffe4d0 fs0x71=0x73ec0644c9bf fs0x81=0x73ebd1c29e91 fs0xe1=0xe66a000000000062 fs0x13d=0x246 fs0x16f=0x573ca08c01 fs0x1e8=0x73ebebffdf28 fs0x13=0x73ebebffe4d0 fs0x91=0x73ebe400e660 fs0xab=0x0 fs0xb3=0x73ebebffe4d0 fs0xcb=0x73ebebfffce4 fs0x19d=0x0 fs0x28=0x73ebebfff6c0 fs0x38=0x7ffc39b438c7 fs0x79=0x0 fs0x89=0x0 fs0x99=0x0 fs0xd3=0x1d fs0x107=0x73ebe400e66a fs0x123=0x73ebebffedd0 fs0x128=0x73 fs0x147=0x7ffc39b437c0 ip_w0=0x40 ip_w1=0xa2bd ip_w2=0x99 ip_w3=0x1a47 ip_w4=0x6fab ip_w5=0xaaf5 ip_w6=0x9a98 ip_w7=0xe8db ip_w8=0x1301 ip_w9=0x3c08 ip_w10=0xa7f3 ip_w11=0xb37b ip_w12=0x1701 ip_w13=0xfa46 ip_w14=0x1e8 ip_w15=0xf129 target=0x73ebec09a24c target_off=0x9a24c
[VMTAIL] site=0x87c25 count=267 frame=0x73ebec07836d frame_off=0x7836d vm_ip=0x73ebec2bf97c vm_ip_off=0x2bf97c vm_flags=0x4280b108 vm_state=0x3a82f4cb vm_byte=0x50 table=0x73ebec0c3718 table_off=0xc3718 rax=0x73ebec2bf953 rbx=0x73ebec07847c rcx=0x0 rdx=0x73ebec077a28 rsi=0x1 rdi=0xe7d7d815ffff r8=0x73ecec07835c r9=0x73ebec0c3c01 r10=0x73ebec078377 r11=0x1 r12=0xfffffffff7a64a56 r13=0x2d r14=0x73ebec09a24c r15=0x528 rbp=0x73ebec07836d rsp=0x73ebebffdfc0 fs0x0=0x188232b1 fs0x12=0x7201 fs0x60=0x0 fs0x68=0x73ebebffe4d0 fs0x71=0x1a44e4ef fs0x81=0x73ebd1c29f31 fs0xe1=0xe66a000000000062 fs0x13d=0x246 fs0x16f=0x3a82f4cb01 fs0x1e8=0x73ebebffdfc0 fs0x13=0x72 fs0x91=0x73ebe400e660 fs0xab=0x0 fs0xb3=0x0 fs0xcb=0x73ebebfffce4 fs0x19d=0x0 fs0x28=0x73ebebfff6c0 fs0x38=0x7ffc39b438c7 fs0x79=0x0 fs0x89=0x0 fs0x99=0x0 fs0xd3=0x1d fs0x107=0x73ebe400e66a fs0x123=0x73ebebffedd0 fs0x128=0x73 fs0x147=0x7ffc39b437c0 ip_w0=0x102 ip_w1=0xc2d4 ip_w2=0x7621 ip_w3=0x81eb ip_w4=0x4b50 ip_w5=0xb3e7 ip_w6=0xb100 ip_w7=0x86 ip_w8=0x2f51 ip_w9=0xc0 ip_w10=0xd5f3 ip_w11=0x13d ip_w12=0x9bd7 ip_w13=0x142 ip_w14=0xb3 ip_w15=0x9677 target=0x73ebec09a24c target_off=0x9a24c
[VMTAIL] site=0xba0cc count=268 frame=0x73ebec07836d frame_off=0x7836d vm_ip=0x73ebec2bfe6f vm_ip_off=0x2bfe6f vm_flags=0x16833a00 vm_state=0xb3faaff5 vm_byte=0x62 table=0x73ebec0c3718 table_off=0xc3718 rax=0x73ebec0c2241 rbx=0x246 rcx=0x73ebec078377 rdx=0xffffffffffffff88 rsi=0x0 rdi=0x4c3 r8=0x1 r9=0x73ebec2bf9b0 r10=0x73ebec0c4201 r11=0x73fbec0fa2dd r12=0x73ebec0784dd r13=0x0 r14=0x73ebec2bfbac r15=0x0 rbp=0x73ebec07836d rsp=0x73ebebffdfc0 fs0x0=0xffffffffc612a452 fs0x12=0x7201 fs0x60=0x39ed5bae fs0x68=0x73ebebffe4d0 fs0x71=0x1a44e4ef fs0x81=0x73ebd1c29f31 fs0xe1=0xe66a000000000062 fs0x13d=0x246 fs0x16f=0xb3faaff501 fs0x1e8=0x73ebebffdfc0 fs0x13=0x72 fs0x91=0x73ebe400e660 fs0xab=0x0 fs0xb3=0x0 fs0xcb=0x73ebebfffce4 fs0x19d=0x0 fs0x28=0x73ebebfff6c0 fs0x38=0x7ffc39b438c7 fs0x79=0x0 fs0x89=0x0 fs0x99=0x0 fs0xd3=0x1d fs0x107=0x73ebe400e66a fs0x123=0x73ebebffedd0 fs0x128=0x73 fs0x147=0x7ffc39b437c0 ip_w0=0x40 ip_w1=0xac5e ip_w2=0x68 ip_w3=0xf49f ip_w4=0x68 ip_w5=0x2d3f ip_w6=0xf577 ip_w7=0xf93 ip_w8=0x1e8 ip_w9=0x3d2f ip_w10=0xab ip_w11=0x65f0 ip_w12=0x13d ip_w13=0xb777 ip_w14=0xbb8e ip_w15=0xead0 target=0x73ebec0c2241 target_off=0xc2241
[VMTAIL] site=0xb86f5 count=269 frame=0x73ebec07836d frame_off=0x7836d vm_ip=0x73ebec2bff9e vm_ip_off=0x2bff9e vm_flags=0xc1862281 vm_state=0xc1862283 vm_byte=0x3a table=0x73ebec0c3718 table_off=0xc3718 rax=0x73ebec0c40c8 rbx=0x73ebec2bff9c rcx=0x73ebec2bfefa rdx=0xffffffffffffffe0 rsi=0x73ebec078377 rdi=0x73ebec07847c r8=0x0 r9=0xb10 r10=0x0 r11=0x73ebec068d56 r12=0x73ebec0c4228 r13=0x73ebec0c2241 r14=0x73ebec07847c r15=0x73ebec078390 rbp=0x73ebec07836d rsp=0x73ebebffdf28 fs0x0=0xda3b7d9 fs0x12=0x73ebebffe4d001 fs0x60=0x73ebebffe4d0 fs0x68=0x73ebebffe4d0 fs0x71=0x73ec0644c9bf fs0x81=0x73ebd1c29e91 fs0xe1=0xe66a000000000062 fs0x13d=0x246 fs0x16f=0xc186228301 fs0x1e8=0x73ebebffdf28 fs0x13=0x73ebebffe4d0 fs0x91=0x73ebe400e660 fs0xab=0x0 fs0xb3=0x73ebebffe4d0 fs0xcb=0x73ebebfffce4 fs0x19d=0x0 fs0x28=0x73ebebfff6c0 fs0x38=0x7ffc39b438c7 fs0x79=0x0 fs0x89=0x0 fs0x99=0x0 fs0xd3=0x1d fs0x107=0x73ebe400e66a fs0x123=0x73ebebffedd0 fs0x128=0x73 fs0x147=0x7ffc39b437c0 ip_w0=0x102 ip_w1=0xc4ee ip_w2=0x7607 ip_w3=0x67c6 ip_w4=0xdf31 ip_w5=0x3691 ip_w6=0xe87a ip_w7=0x5101 ip_w8=0xc0f6 ip_w9=0x55bb ip_w10=0xf1a1 ip_w11=0x3a8a ip_w12=0xa327 ip_w13=0xb0d ip_w14=0xcb2d ip_w15=0x1e8 target=0x73ebec0c2241 target_off=0xc2241
[VMTAIL] site=0x9b0c5 count=270 frame=0x73ebec07836d frame_off=0x7836d vm_ip=0x73ebec2c023e vm_ip_off=0x2c023e vm_flags=0x8a014a80 vm_state=0x114b4ace vm_byte=0x3a table=0x73ebec0c3718 table_off=0xc3718 rax=0x0 rbx=0x0 rcx=0x73ebec07847c rdx=0x73ebec078555 rsi=0x73ebec0c3c40 rdi=0x210 r8=0x528 r9=0x0 r10=0x73ebec09a24c r11=0x73ebec2c023a r12=0x73ebec078391 r13=0x73ebec078377 r14=0x73e828002044 r15=0x7ffc39b438c7 rbp=0x73ebec07836d rsp=0x73ebebffdf28 fs0x0=0xda3b7d9 fs0x12=0x73ebebffeb5001 fs0x60=0x73ebce8776d1 fs0x68=0x73ebebffe4f0 fs0x71=0x73ec0644d03f fs0x81=0x73ebd1c29e91 fs0xe1=0xe66a000000000062 fs0x13d=0x202 fs0x16f=0x114b4ace01 fs0x1e8=0x73ebebffdf28 fs0x13=0x73ebebffeb50 fs0x91=0x73ebe400e660 fs0xab=0x0 fs0xb3=0x73ebebffeb50 fs0xcb=0x73ebebfffce4 fs0x19d=0x73ebebffe4f0 fs0x28=0x73ebebfff6c0 fs0x38=0x7ffc39b438c7 fs0x79=0x0 fs0x89=0x0 fs0x99=0x0 fs0xd3=0x73ebebffe4f0 fs0x107=0x73ebe400e66a fs0x123=0x73ebebffedd0 fs0x128=0x73 fs0x147=0x7ffc39b437c0 ip_w0=0x42 ip_w1=0x8ee9 ip_w2=0x9b3a ip_w3=0xff73 ip_w4=0xd00d ip_w5=0x9aa2 ip_w6=0xecf2 ip_w7=0xe8cb ip_w8=0xce01 ip_w9=0xd3a9 ip_w10=0x900a ip_w11=0x2103 ip_w12=0xa6a5 ip_w13=0xea4a ip_w14=0xcde6 ip_w15=0x1e8 target=0x73ebec09a24c target_off=0x9a24c
[VMTAIL] site=0xb625a count=271 frame=0x73ebec07836d frame_off=0x7836d vm_ip=0x73ebec2c1156 vm_ip_off=0x2c1156 vm_flags=0x9628aa8f vm_state=0xff96fff8 vm_byte=0x3a table=0x73ebec0c3718 table_off=0xc3718 rax=0x73ebec0784dd rbx=0x10 rcx=0x73ebec0784dd rdx=0x73ebec078377 rsi=0x73ebec0c4050 rdi=0x73ebec0784dd r8=0x73ebec0c3c70 r9=0x0 r10=0xffffffff2389facb r11=0xfffffffffffffc00 r12=0x7ffffdff r13=0xffffffff2389facb r14=0x73ebec0784ef r15=0x73ebec09b4b3 rbp=0x73ebec07836d rsp=0x73ebebffdfc0 fs0x0=0x73ebe65c5c89 fs0x12=0x73ebe400e66000 fs0x60=0x73ebfd9455b7 fs0x68=0x73ebebffe4f0 fs0x71=0x73ec0644d03f fs0x81=0x73ebd1c29f31 fs0xe1=0xe664000000000062 fs0x13d=0x206 fs0x16f=0xff96fff801 fs0x1e8=0x73ebebffdfc0 fs0x13=0x73ebe400e660 fs0x91=0x73ebe400e660 fs0xab=0x73ebe400e660 fs0xb3=0x55effbde2a47 fs0xcb=0x73ebebfffce4 fs0x19d=0x73ebe400e660 fs0x28=0x73ebebfff6c0 fs0x38=0x7ffc39b438c7 fs0x79=0x55effbde2a47 fs0x89=0x0 fs0x99=0x0 fs0xd3=0x55effbde2a47 fs0x107=0x73ebe400e664 fs0x123=0x73ebebffedd0 fs0x128=0x73 fs0x147=0x7ffc39b437c0 ip_w0=0x1e ip_w1=0x1f10 ip_w2=0x1e8 ip_w3=0xe0b ip_w4=0x1e8 ip_w5=0x29b4 ip_w6=0xf95f ip_w7=0xacf1 ip_w8=0xf7dc ip_w9=0x4d61 ip_w10=0xac ip_w11=0x86 ip_w12=0x13d ip_w13=0x68cc ip_w14=0x247a ip_w15=0x97dc target=0x73ebec09b4b3 target_off=0x9b4b3
[VMTAIL] site=0xb86f5 count=272 frame=0x73ebec07836d frame_off=0x7836d vm_ip=0x73ebec2c1285 vm_ip_off=0x2c1285 vm_flags=0xdb19a1ed vm_state=0xbffce774 vm_byte=0x3a table=0x73ebec0c3718 table_off=0xc3718 rax=0x73ebec0c40c8 rbx=0x73ebec2c1283 rcx=0x73ebec2c11e1 rdx=0xffffffffffffffe0 rsi=0x73ebec078377 rdi=0x73ebec07847c r8=0x0 r9=0x558 r10=0x0 r11=0x80674d6 r12=0x73ebec0c3c70 r13=0x73ebec09b4b3 r14=0x73ebec07847c r15=0x73ebec078390 rbp=0x73ebec07836d rsp=0x73ebebffdf28 fs0x0=0xda3b7d9 fs0x12=0x73ebebffe4d000 fs0x60=0x73ebebffe4d0 fs0x68=0x73ebebffe4d0 fs0x71=0x73ec0644c9bf fs0x81=0x73ebd1c29e91 fs0xe1=0xe664000000000062 fs0x13d=0x206 fs0x16f=0xbffce77401 fs0x1e8=0x73ebebffdf28 fs0x13=0x73ebebffe4d0 fs0x91=0x73ebe400e660 fs0xab=0x73ebe400e660 fs0xb3=0x73ebebffe4d0 fs0xcb=0x73ebebfffce4 fs0x19d=0x73ebe400e660 fs0x28=0x73ebebfff6c0 fs0x38=0x7ffc39b438c7 fs0x79=0x55effbde2a47 fs0x89=0x0 fs0x99=0x0 fs0xd3=0x55effbde2a47 fs0x107=0x73ebe400e664 fs0x123=0x73ebebffedd0 fs0x128=0x73 fs0x147=0x7ffc39b437c0 ip_w0=0x102 ip_w1=0xc39e ip_w2=0x7607 ip_w3=0x1153 ip_w4=0x99 ip_w5=0x3efe ip_w6=0xe899 ip_w7=0xf901 ip_w8=0x7cfa ip_w9=0x1d75 ip_w10=0x5e42 ip_w11=0xd313 ip_w12=0xd00a ip_w13=0x340a ip_w14=0x2b54 ip_w15=0x1e8 target=0x73ebec09b4b3 target_off=0x9b4b3
[VMTAIL] site=0xafa1d count=273 frame=0x73ebec07836d frame_off=0x7836d vm_ip=0x73ebec292f3e vm_ip_off=0x292f3e vm_flags=0xe2e98999 vm_state=0x573b8bd0 vm_byte=0x50 table=0x73ebec0c3718 table_off=0xc3718 rax=0x80000000 rbx=0x4b7a9 rcx=0xffffffff8a37e47f rdx=0x73ebec09b4b3 rsi=0x400 rdi=0x73ebec078377 r8=0x1 r9=0x73ebec0c3f68 r10=0x0 r11=0x73ebec07847c r12=0x73ebec078377 r13=0xffffffff80000000 r14=0x2e48f r15=0x400 rbp=0x73ebec07836d rsp=0x73ebebffdfc0 fs0x0=0x3bd13852 fs0x12=0x73ebe400e66000 fs0x60=0x3bd13850 fs0x68=0x73ebebffdfe0 fs0x71=0x1a44e4f3 fs0x81=0x73ebd1bafaf1 fs0xe1=0xe664000000000062 fs0x13d=0x202 fs0x16f=0x573b8bd000 fs0x1e8=0x73ebebffdfc0 fs0x13=0x73ebe400e660 fs0x91=0x73ebe400e660 fs0xab=0xe5b23167ed350e87 fs0xb3=0xf fs0xcb=0x73ebebfffce4 fs0x19d=0x73ebe4000880 fs0x28=0x73ebebfff6c0 fs0x38=0x7ffc39b438c7 fs0x79=0x73ebe400e fs0x89=0x115 fs0x99=0x110 fs0xd3=0xf fs0x107=0x73ebe400e664 fs0x123=0x73ebebffedd0 fs0x128=0x73 fs0x147=0x7ffc39b437c0 ip_w0=0x12 ip_w1=0xa88 ip_w2=0x4c3a ip_w3=0x3bed ip_w4=0xe80b ip_w5=0xd201 ip_w6=0xfc1f ip_w7=0xb395 ip_w8=0xa00 ip_w9=0xc447 ip_w10=0x520a ip_w11=0x1e8 ip_w12=0x1e8 ip_w13=0x13d ip_w14=0xefb9 ip_w15=0x3a4d target=0x73ebec09b4b3 target_off=0x9b4b3
[VMTAIL] site=0x9b0c5 count=274 frame=0x73ebec07836d frame_off=0x7836d vm_ip=0x73ebec29300f vm_ip_off=0x29300f vm_flags=0x783681d3 vm_state=0x114babdc vm_byte=0x3a table=0x73ebec0c3718 table_off=0xc3718 rax=0x0 rbx=0x0 rcx=0x73ebec07847c rdx=0x73ebec078555 rsi=0x73ebec0c3c70 rdi=0x210 r8=0x558 r9=0xe5b23167ed350e87 r10=0x73ebec09b4b3 r11=0x73ebec29300b r12=0x73ebec078391 r13=0x73ebec078377 r14=0x73e828003083 r15=0x7ffc39b438c7 rbp=0x73ebec07836d rsp=0x73ebebffdf28 fs0x0=0xda3b6c9 fs0x12=0x73ebe400e66000 fs0x60=0x3bd13850 fs0x68=0x73ebebffdfe0 fs0x71=0x1a44e4f3 fs0x81=0x73ebd1bafaf1 fs0xe1=0xe664000000000062 fs0x13d=0x202 fs0x16f=0x114babdc01 fs0x1e8=0x73ebebffdf28 fs0x13=0x73ebe400e660 fs0x91=0x73ebe400e660 fs0xab=0xe5b23167ed350e87 fs0xb3=0xf fs0xcb=0x73ebebfffce4 fs0x19d=0x73ebe4000880 fs0x28=0x73ebebfff6c0 fs0x38=0x7ffc39b438c7 fs0x79=0x73ebe400e fs0x89=0x115 fs0x99=0x110 fs0xd3=0xf fs0x107=0x73ebe400e664 fs0x123=0x73ebebffedd0 fs0x128=0x73 fs0x147=0x7ffc39b437c0 ip_w0=0x154 ip_w1=0xe4c ip_w2=0x99 ip_w3=0x158 ip_w4=0xb20e ip_w5=0xc6fa ip_w6=0x1d81 ip_w7=0xe8e0 ip_w8=0x1701 ip_w9=0x879a ip_w10=0xfdb7 ip_w11=0x3a4d ip_w12=0x82cf ip_w13=0x9d3c ip_w14=0x1e8 ip_w15=0xf271 target=0x73ebec09b4b3 target_off=0x9b4b3
[VMTAIL] site=0x9b0c5 count=275 frame=0x73ebec07836d frame_off=0x7836d vm_ip=0x73ebec293233 vm_ip_off=0x293233 vm_flags=0xe4252730 vm_state=0x7a2b3665 vm_byte=0x3a table=0x73ebec0c3718 table_off=0xc3718 rax=0x0 rbx=0x0 rcx=0x73ebec07847c rdx=0x73ebec078555 rsi=0x73ebec0c4228 rdi=0x210 r8=0xb10 r9=0xe5b23167ed350e87 r10=0x73ebec0c2241 r11=0x73ebec29322f r12=0x73ebec078391 r13=0x73ebec078377 r14=0x73e828042041 r15=0x7ffc39b438c7 rbp=0x73ebec07836d rsp=0x73ebebffdf28 fs0x0=0xda3b6c9 fs0x12=0x73ebe400e66000 fs0x60=0xfffffffffb78fc48 fs0x68=0x73ebebffdfe0 fs0x71=0x1a44e4f3 fs0x81=0x73ebd1bafaf1 fs0xe1=0xe664000000000062 fs0x13d=0x283 fs0x16f=0x7a2b366501 fs0x1e8=0x73ebebffdf28 fs0x13=0x73ebe400e660 fs0x91=0x73ebe400e660 fs0xab=0xe5b23167ed350e87 fs0xb3=0x13 fs0xcb=0x73ebebfffce4 fs0x19d=0x73ebe4000880 fs0x28=0x73ebebfff6c0 fs0x38=0x7ffc39b438c7 fs0x79=0x73ebe400e fs0x89=0x115 fs0x99=0x110 fs0xd3=0xf fs0x107=0x73ebe400e664 fs0x123=0x73ebebffedd0 fs0x128=0x73 fs0x147=0x7ffc39b437c0 ip_w0=0xc4 ip_w1=0x6e4f ip_w2=0xf024 ip_w3=0xac0c ip_w4=0x25c4 ip_w5=0x988 ip_w6=0xf107 ip_w7=0xe813 ip_w8=0x9301 ip_w9=0xabea ip_w10=0xb800 ip_w11=0xab3e ip_w12=0xde00 ip_w13=0xb1a7 ip_w14=0x1e8 ip_w15=0x5ac target=0x73ebec0c2241 target_off=0xc2241
[VMTAIL] site=0x9ba72 count=276 frame=0x73ebec07836d frame_off=0x7836d vm_ip=0x73ebec293355 vm_ip_off=0x293355 vm_flags=0x7ffd8cc5 vm_state=0x7fffb7fb vm_byte=0x62 table=0x73ebec0c3718 table_off=0xc3718 rax=0x0 rbx=0x73ebec0784dd rcx=0x73ebec0c3318 rdx=0x64453d00 rsi=0x73ebec09e7af rdi=0x0 r8=0x73ebec0c3d00 r9=0x73ebec078377 r10=0xfffffffffffffbb8 r11=0x73ebec0c3ba8 r12=0x812 r13=0x0 r14=0xffffffffec2fbf1c r15=0x5e8 rbp=0x73ebec07836d rsp=0x73ebebffdfc0 fs0x0=0x6abb3e53 fs0x12=0x73ebe400e66000 fs0x60=0x6abb3e53 fs0x68=0x73ebebffdfe0 fs0x71=0x1a44e4f0 fs0x81=0x73ebd1c29ee6 fs0xe1=0xe664000000000062 fs0x13d=0x202 fs0x16f=0x7fffb7fb01 fs0x1e8=0x73ebebffdfc0 fs0x13=0x73ebe400e660 fs0x91=0x73ebe400e660 fs0xab=0xe5b23167ed350e87 fs0xb3=0x1 fs0xcb=0x73ebebfffce4 fs0x19d=0x73ebe4000880 fs0x28=0x73ebebfff6c0 fs0x38=0x7ffc39b438c7 fs0x79=0x73ebe400e fs0x89=0x115 fs0x99=0x110 fs0xd3=0xf fs0x107=0x73ebe400e664 fs0x123=0x73ebebffedd0 fs0x128=0x73 fs0x147=0x7ffc39b437c0 ip_w0=0xd4b2 ip_w1=0xe234 ip_w2=0x4d0 ip_w3=0x94ec ip_w4=0x3401 ip_w5=0xe80d ip_w6=0x1301 ip_w7=0xac ip_w8=0x13d ip_w9=0xbe77 ip_w10=0x9ae7 ip_w11=0x9dcf ip_w12=0x7a14 ip_w13=0xddb ip_w14=0xba3a ip_w15=0x18b0 target=0x73ebec09e7af target_off=0x9e7af
[VMTAIL] site=0xb86f5 count=277 frame=0x73ebec07836d frame_off=0x7836d vm_ip=0x73ebec29347e vm_ip_off=0x29347e vm_flags=0xee396f18 vm_state=0x694c698c vm_byte=0x3a table=0x73ebec0c3718 table_off=0xc3718 rax=0x73ebec0c40c8 rbx=0x73ebec29347c rcx=0x73ebec2933da rdx=0xffffffffffffffe0 rsi=0x73ebec078377 rdi=0x73ebec07847c r8=0x0 r9=0x558 r10=0x0 r11=0x80674d6 r12=0x73ebec0c3c70 r13=0x73ebec09b4b3 r14=0x73ebec07847c r15=0x73ebec078390 rbp=0x73ebec07836d rsp=0x73ebebffdf28 fs0x0=0xda3b6c9 fs0x12=0x73ebebffe4d000 fs0x60=0x73ebfd944f37 fs0x68=0x73ebebffe4d0 fs0x71=0x73ec0644c9bf fs0x81=0x73ebd1c29e91 fs0xe1=0xe664000000000062 fs0x13d=0x202 fs0x16f=0x694c698c01 fs0x1e8=0x73ebebffdf28 fs0x13=0x73ebebffe4d0 fs0x91=0x73ebe400e660 fs0xab=0xe5b23167ed350e87 fs0xb3=0x73ebebffe4d0 fs0xcb=0x73ebebfffce4 fs0x19d=0x73ebe4000880 fs0x28=0x73ebebfff6c0 fs0x38=0x7ffc39b438c7 fs0x79=0x73ebe400e fs0x89=0x115 fs0x99=0x110 fs0xd3=0xf fs0x107=0x73ebe400e664 fs0x123=0x73ebebffedd0 fs0x128=0x73 fs0x147=0x7ffc39b437c0 ip_w0=0x14d ip_w1=0xe5a3 ip_w2=0x99 ip_w3=0xad8 ip_w4=0xb900 ip_w5=0x9d0a ip_w6=0xe82 ip_w7=0xe834 ip_w8=0x9201 ip_w9=0x41b8 ip_w10=0x60fb ip_w11=0x4208 ip_w12=0xca7b ip_w13=0x6961 ip_w14=0x9aa5 ip_w15=0x1e8 target=0x73ebec09b4b3 target_off=0x9b4b3
[VMTAIL] site=0x81b7c count=278 frame=0x73ebec07836d frame_off=0x7836d vm_ip=0x73ebec2935eb vm_ip_off=0x2935eb vm_flags=0x40000000 vm_state=0x9fe8 vm_byte=0x62 table=0x73ebec0c3718 table_off=0xc3718 rax=0x73ebec0c3918 rbx=0x9b2d0200 rcx=0xffbf rdx=0x73eb740930f5 rsi=0xffffffff80000030 rdi=0x73ebec0784dd r8=0x73ebec085059 r9=0xffffffff800001ad r10=0x73eb73e2fafb r11=0x73ebec078377 r12=0x7821054c r13=0x73ebec0784dd r14=0x0 r15=0x477 rbp=0x73ebec07836d rsp=0x73ebebffdfc0 fs0x0=0xffffffff991fb4c4 fs0x12=0x73ebebffe4d000 fs0x60=0xffffffff991fb4c7 fs0x68=0x73ebebffdfe0 fs0x71=0x1a44e4f3 fs0x81=0x73ebd1c29f31 fs0xe1=0xe664000000000062 fs0x13d=0x293 fs0x16f=0x9fe801 fs0x1e8=0x73ebebffdfc0 fs0x13=0x73ebebffe4d0 fs0x91=0x73ebe400e660 fs0xab=0xe5b23167ed350e87 fs0xb3=0x4 fs0xcb=0x73ebebfffce4 fs0x19d=0x73ebe4000880 fs0x28=0x73ebebfff6c0 fs0x38=0x7ffc39b438c7 fs0x79=0x73ebe400e fs0x89=0x115 fs0x99=0x110 fs0xd3=0xf fs0x107=0x73ebe400e664 fs0x123=0x73ebebffedd0 fs0x128=0x73 fs0x147=0x7ffc39b437c0 ip_w0=0xc91b ip_w1=0xb3 ip_w2=0xb8de ip_w3=0xddb7 ip_w4=0xb29d ip_w5=0x1a0 ip_w6=0xd770 ip_w7=0x614c ip_w8=0x13d ip_w9=0xa5 ip_w10=0x0 ip_w11=0xf1 ip_w12=0x0 ip_w13=0x13d ip_w14=0xa700 ip_w15=0x6782 target=0x73ebec085059 target_off=0x85059
[VMTAIL] site=0xa1936 count=279 frame=0x73ebec07836d frame_off=0x7836d vm_ip=0x73ebec29360e vm_ip_off=0x29360e vm_flags=0x2d427e84 vm_state=0xc20060 vm_byte=0x62 table=0x73ebec0c3718 table_off=0xc3718 rax=0x73ebec078390 rbx=0xe7d7d8187f48 rcx=0x73ebec0784dd rdx=0x943d34033314 rsi=0x73ebec0784dd rdi=0x460 r8=0x73ebec0784dd r9=0x73ebec0c4481 r10=0xff2e886e r11=0x73ebec078377 r12=0x73ebec094e5a r13=0xffff8c1493f6b0af r14=0x73ebec0c3b78 r15=0xffff8c1413f8816f rbp=0x73ebec07836d rsp=0x73ebebffdfc0 fs0x0=0xfffffffffb78fc39 fs0x12=0x73ebebffe4d000 fs0x60=0xfffffffffb78fc3c fs0x68=0x73ebebffdfe0 fs0x71=0x1a44e4f3 fs0x81=0x73ebd1c29f31 fs0xe1=0xe664000000000062 fs0x13d=0x293 fs0x16f=0xc2006001 fs0x1e8=0x73ebebffdfc0 fs0x13=0x73ebebffe4d0 fs0x91=0x73ebe400e660 fs0xab=0xe5b23167ed350e87 fs0xb3=0x4 fs0xcb=0x73ebebfffce4 fs0x19d=0x73ebe4000880 fs0x28=0x73ebebfff6c0 fs0x38=0x7ffc39b438c7 fs0x79=0x73ebe400e fs0x89=0x115 fs0x99=0x110 fs0xd3=0xf fs0x107=0x73ebe400e664 fs0x123=0x73ebebffedd0 fs0x128=0x73 fs0x147=0x7ffc39b437c0 ip_w0=0x91f2 ip_w1=0xbb76 ip_w2=0x1e2c ip_w3=0xb93 ip_w4=0x8417 ip_w5=0x1a0 ip_w6=0x6a09 ip_w7=0x7b6c ip_w8=0x13d ip_w9=0xa5 ip_w10=0x0 ip_w11=0x2b62 ip_w12=0x0 ip_w13=0x13d ip_w14=0x9022 ip_w15=0x7000 target=0x73ebec094e5a target_off=0x94e5a
[VMTAIL] site=0x7c308 count=280 frame=0x73ebec07836d frame_off=0x7836d vm_ip=0x73ebec293630 vm_ip_off=0x293630 vm_flags=0x7bd69d5b vm_state=0x803bf7b0 vm_byte=0x62 table=0x73ebec0c3718 table_off=0xc3718 rax=0x73ebec078377 rbx=0x73ebac1a735d rcx=0x73ebec0b0007 rdx=0x852 rsi=0x73ebec0b0007 rdi=0x808 r8=0xd32f0162 r9=0x13280008 r10=0x73ebec078390 r11=0x73ebec0784dd r12=0x1 r13=0x73ebec0c3f78 r14=0x73ebec0784dd r15=0xffffffff80000020 rbp=0x73ebec07836d rsp=0x73ebebffdfc0 fs0x0=0xfffffffffb78fc39 fs0x12=0x73ebebffe4d000 fs0x60=0xfffffffffb78fc38 fs0x68=0x73ebebffdfe0 fs0x71=0x1a44e4f3 fs0x81=0x73ebd1c29f31 fs0xe1=0xe664000000000062 fs0x13d=0x202 fs0x16f=0x803bf7b001 fs0x1e8=0x73ebebffdfc0 fs0x13=0x73ebebffe4d0 fs0x91=0x73ebe400e660 fs0xab=0xe5b23167ed350e87 fs0xb3=0x4 fs0xcb=0x73ebebfffce4 fs0x19d=0x73ebe4000880 fs0x28=0x73ebebfff6c0 fs0x38=0x7ffc39b438c7 fs0x79=0x73ebe400e fs0x89=0x115 fs0x99=0x110 fs0xd3=0xf fs0x107=0x73ebe400e664 fs0x123=0x73ebebffedd0 fs0x128=0x73 fs0x147=0x7ffc39b437c0 ip_w0=0x9dbf ip_w1=0x69b9 ip_w2=0x211 ip_w3=0x21c1 ip_w4=0xa2ac ip_w5=0x8919 ip_w6=0xf87b ip_w7=0x5b3c ip_w8=0x3dfb ip_w9=0x6201 ip_w10=0x1 ip_w11=0x5b00 ip_w12=0x0 ip_w13=0x3d00 ip_w14=0x1 ip_w15=0x8cb4 target=0x73ebec0b0007 target_off=0xb0007
[TRACE] caller=eac.elf+0x30d25c open path=/sys/class/dmi/id/product_name flags=0x0
[VMTAIL] site=0xb7699 count=281 frame=0x73ebec07836d frame_off=0x7836d vm_ip=0x73ebec2bec2e vm_ip_off=0x2bec2e vm_flags=0xde2732a2 vm_state=0xff96f970 vm_byte=0x3a table=0x73ebec0c3718 table_off=0xc3718 rax=0xffff8c1413d6737f rbx=0x73ebec0c3c71 rcx=0x420 rdx=0xffff182827ca3a89 rsi=0x73ebec078377 rdi=0x0 r8=0x73ebec09b4b3 r9=0x0 r10=0x73ebec0c3c70 r11=0x25f9f r12=0x73ebec09b4b3 r13=0xbb8ad r14=0x0 r15=0x73ebec0b7586 rbp=0x73ebec07836d rsp=0x73ebebffdfc0 fs0x0=0x73ebe65c5299 fs0x12=0x73ebebffe54001 fs0x60=0x73ec5ea3eb66 fs0x68=0x73ebebffe4f0 fs0x71=0x73ec0644ca2f fs0x81=0x73ebd1c29f31 fs0xe1=0xe664000000000062 fs0x13d=0x206 fs0x16f=0xff96f97001 fs0x1e8=0x73ebebffdfc0 fs0x13=0x73ebebffe540 fs0x91=0x73ebe400e660 fs0xab=0x0 fs0xb3=0x73ebebffe540 fs0xcb=0x73ebebfffce4 fs0x19d=0x0 fs0x28=0x73ebebfff6c0 fs0x38=0x7ffc39b438c7 fs0x79=0x0 fs0x89=0x0 fs0x99=0x0 fs0xd3=0x1f fs0x107=0x73ebe400e664 fs0x123=0x73ebebffedd0 fs0x128=0x73 fs0x147=0x7ffc39b437c0 ip_w0=0x9a ip_w1=0x38a0 ip_w2=0x1e8 ip_w3=0xbc3 ip_w4=0x1e8 ip_w5=0x9abc ip_w6=0x993a ip_w7=0x1f30 ip_w8=0x4329 ip_w9=0x3cba ip_w10=0xe1d6 ip_w11=0xc7 ip_w12=0x13d ip_w13=0x637 ip_w14=0x84c1 ip_w15=0x5d12 target=0x73ebec09b4b3 target_off=0x9b4b3
[VMTAIL] site=0xb86f5 count=282 frame=0x73ebec07836d frame_off=0x7836d vm_ip=0x73ebec2bed5d vm_ip_off=0x2bed5d vm_flags=0x40001010 vm_state=0x3f05df58 vm_byte=0x3a table=0x73ebec0c3718 table_off=0xc3718 rax=0x73ebec0c40c8 rbx=0x73ebec2bed5b rcx=0x73ebec2becb9 rdx=0xffffffffffffffe0 rsi=0x73ebec078377 rdi=0x73ebec07847c r8=0x0 r9=0x528 r10=0x0 r11=0x73ebec068d56 r12=0x73ebec0c3c40 r13=0x73ebec09a24c r14=0x73ebec07847c r15=0x73ebec078390 rbp=0x73ebec07836d rsp=0x73ebebffdf28 fs0x0=0xda3b7d9 fs0x12=0x73ebebffe4d001 fs0x60=0x73ec5ea3eaf6 fs0x68=0x73ebebffe4d0 fs0x71=0x73ec0644c9bf fs0x81=0x73ebd1c29e91 fs0xe1=0xe664000000000062 fs0x13d=0x206 fs0x16f=0x3f05df5801 fs0x1e8=0x73ebebffdf28 fs0x13=0x73ebebffe4d0 fs0x91=0x73ebe400e660 fs0xab=0x0 fs0xb3=0x73ebebffe4d0 fs0xcb=0x73ebebfffce4 fs0x19d=0x0 fs0x28=0x73ebebfff6c0 fs0x38=0x7ffc39b438c7 fs0x79=0x0 fs0x89=0x0 fs0x99=0x0 fs0xd3=0x1f fs0x107=0x73ebe400e664 fs0x123=0x73ebebffedd0 fs0x128=0x73 fs0x147=0x7ffc39b437c0 ip_w0=0x129 ip_w1=0x2e31 ip_w2=0xa8e7 ip_w3=0x4565 ip_w4=0x60f8 ip_w5=0x7160 ip_w6=0x6cef ip_w7=0xe8f5 ip_w8=0xc901 ip_w9=0x51ec ip_w10=0xf389 ip_w11=0xe364 ip_w12=0xe8ac ip_w13=0x3229 ip_w14=0x1e8 ip_w15=0xf939 target=0x73ebec09a24c target_off=0x9a24c
[VMTAIL] site=0x9b0c5 count=283 frame=0x73ebec07836d frame_off=0x7836d vm_ip=0x73ebec2bef37 vm_ip_off=0x2bef37 vm_flags=0x8111fded vm_state=0x9012321f vm_byte=0x3a table=0x73ebec0c3718 table_off=0xc3718 rax=0x0 rbx=0x400 rcx=0x73ebec07847c rdx=0x73ebec078555 rsi=0x73ebec0c4228 rdi=0x210 r8=0xb10 r9=0x0 r10=0x73ebec0c2241 r11=0x73ebec2bef33 r12=0x73ebec078391 r13=0x73ebec078377 r14=0x73e828042041 r15=0x7ffc39b438c7 rbp=0x73ebec07836d rsp=0x73ebebffdf28 fs0x0=0xda3b7d9 fs0x12=0x73ebebffe4d001 fs0x60=0xfffffffffb78fd34 fs0x68=0x73ebebffe4d0 fs0x71=0x1a44e4ff fs0x81=0x73ebd1c29f31 fs0xe1=0xe664000000000062 fs0x13d=0x297 fs0x16f=0x9012321f01 fs0x1e8=0x73ebebffdf28 fs0x13=0x73ebebffe4d0 fs0x91=0x73ebe400e660 fs0xab=0x0 fs0xb3=0x10 fs0xcb=0x73ebebfffce4 fs0x19d=0x0 fs0x28=0x73ebebfff6c0 fs0x38=0x7ffc39b438c7 fs0x79=0x0 fs0x89=0x0 fs0x99=0x0 fs0xd3=0x1f fs0x107=0x73ebe400e664 fs0x123=0x73ebebffedd0 fs0x128=0x73 fs0x147=0x7ffc39b437c0 ip_w0=0x151 ip_w1=0x9c60 ip_w2=0x99 ip_w3=0xd005 ip_w4=0x75a8 ip_w5=0x14f8 ip_w6=0x22ca ip_w7=0xe86d ip_w8=0x6801 ip_w9=0x4fa3 ip_w10=0xe8eb ip_w11=0x8404 ip_w12=0x453 ip_w13=0xab ip_w14=0x1d7c ip_w15=0x1e8 target=0x73ebec0c2241 target_off=0xc2241
[VMTAIL] site=0x87c25 count=284 frame=0x73ebec07836d frame_off=0x7836d vm_ip=0x73ebec2bf297 vm_ip_off=0x2bf297 vm_flags=0x1281260e vm_state=0xa060008 vm_byte=0x62 table=0x73ebec0c3718 table_off=0xc3718 rax=0x73ebec2bf04c rbx=0x73ebec07847c rcx=0x0 rdx=0x73ebec07732f rsi=0x1 rdi=0xe7d7d815ffff r8=0x73ecec07836c r9=0x73ebec0c3c01 r10=0x73ebec078377 r11=0x1 r12=0x73ebec0876e7 r13=0x24f r14=0x73ebec09a24c r15=0x528 rbp=0x73ebec07836d rsp=0x73ebebffdfc0 fs0x0=0x6abb3e52 fs0x12=0x73ebebffe4d001 fs0x60=0x6abb3e52 fs0x68=0x73ebebffe4d0 fs0x71=0x1a44e4ef fs0x81=0x73ebd1c29f31 fs0xe1=0xe664000000000062 fs0x13d=0x246 fs0x16f=0xa06000801 fs0x1e8=0x73ebebffdfc0 fs0x13=0x73ebebffe4d0 fs0x91=0x73ebe400e660 fs0xab=0x0 fs0xb3=0x0 fs0xcb=0x73ebebfffce4 fs0x19d=0x0 fs0x28=0x73ebebfff6c0 fs0x38=0x7ffc39b438c7 fs0x79=0x0 fs0x89=0x0 fs0x99=0x0 fs0xd3=0x1f fs0x107=0x73ebe400e664 fs0x123=0x73ebebffedd0 fs0x128=0x73 fs0x147=0x7ffc39b437c0 ip_w0=0x72 ip_w1=0x5f9a ip_w2=0xac5b ip_w3=0x2d31 ip_w4=0x56fd ip_w5=0x5715 ip_w6=0x447a ip_w7=0x248 ip_w8=0x1e8 ip_w9=0xc10 ip_w10=0x26 ip_w11=0x13d ip_w12=0x687f ip_w13=0xf294 ip_w14=0xbb23 ip_w15=0x7dd3 target=0x73ebec09a24c target_off=0x9a24c
[VMTAIL] site=0xb86f5 count=285 frame=0x73ebec07836d frame_off=0x7836d vm_ip=0x73ebec2bf3c6 vm_ip_off=0x2bf3c6 vm_flags=0x6c2000c0 vm_state=0x573ca08c vm_byte=0x3a table=0x73ebec0c3718 table_off=0xc3718 rax=0x73ebec0c40c8 rbx=0x73ebec2bf3c4 rcx=0x73ebec2bf322 rdx=0xffffffffffffffe0 rsi=0x73ebec078377 rdi=0x73ebec07847c r8=0x0 r9=0x528 r10=0x0 r11=0x73ebec068d56 r12=0x73ebec0c3c40 r13=0x73ebec09a24c r14=0x73ebec07847c r15=0x73ebec078390 rbp=0x73ebec07836d rsp=0x73ebebffdf28 fs0x0=0xda3b7d9 fs0x12=0x73ebebffe4d001 fs0x60=0x73ebebffe4d0 fs0x68=0x73ebebffe4d0 fs0x71=0x73ec0644c9bf fs0x81=0x73ebd1c29e91 fs0xe1=0xe664000000000062 fs0x13d=0x246 fs0x16f=0x573ca08c01 fs0x1e8=0x73ebebffdf28 fs0x13=0x73ebebffe4d0 fs0x91=0x73ebe400e660 fs0xab=0x0 fs0xb3=0x73ebebffe4d0 fs0xcb=0x73ebebfffce4 fs0x19d=0x0 fs0x28=0x73ebebfff6c0 fs0x38=0x7ffc39b438c7 fs0x79=0x0 fs0x89=0x0 fs0x99=0x0 fs0xd3=0x1f fs0x107=0x73ebe400e664 fs0x123=0x73ebebffedd0 fs0x128=0x73 fs0x147=0x7ffc39b437c0 ip_w0=0x40 ip_w1=0xa2bd ip_w2=0x99 ip_w3=0x1a47 ip_w4=0x6fab ip_w5=0xaaf5 ip_w6=0x9a98 ip_w7=0xe8db ip_w8=0x1301 ip_w9=0x3c08 ip_w10=0xa7f3 ip_w11=0xb37b ip_w12=0x1701 ip_w13=0xfa46 ip_w14=0x1e8 ip_w15=0xf129 target=0x73ebec09a24c target_off=0x9a24c
[VMTAIL] site=0x87c25 count=286 frame=0x73ebec07836d frame_off=0x7836d vm_ip=0x73ebec2bf97c vm_ip_off=0x2bf97c vm_flags=0x4280b108 vm_state=0x3a82f4cb vm_byte=0x50 table=0x73ebec0c3718 table_off=0xc3718 rax=0x73ebec2bf953 rbx=0x73ebec07847c rcx=0x0 rdx=0x73ebec077a28 rsi=0x1 rdi=0xe7d7d815ffff r8=0x73ecec07835c r9=0x73ebec0c3c01 r10=0x73ebec078377 r11=0x1 r12=0xfffffffff7a64a56 r13=0x2d r14=0x73ebec09a24c r15=0x528 rbp=0x73ebec07836d rsp=0x73ebebffdfc0 fs0x0=0x188232b1 fs0x12=0x3001 fs0x60=0x0 fs0x68=0x73ebebffe4d0 fs0x71=0x1a44e4ef fs0x81=0x73ebd1c29f31 fs0xe1=0xe664000000000062 fs0x13d=0x246 fs0x16f=0x3a82f4cb01 fs0x1e8=0x73ebebffdfc0 fs0x13=0x30 fs0x91=0x73ebe400e660 fs0xab=0x0 fs0xb3=0x0 fs0xcb=0x73ebebfffce4 fs0x19d=0x0 fs0x28=0x73ebebfff6c0 fs0x38=0x7ffc39b438c7 fs0x79=0x0 fs0x89=0x0 fs0x99=0x0 fs0xd3=0x1f fs0x107=0x73ebe400e664 fs0x123=0x73ebebffedd0 fs0x128=0x73 fs0x147=0x7ffc39b437c0 ip_w0=0x102 ip_w1=0xc2d4 ip_w2=0x7621 ip_w3=0x81eb ip_w4=0x4b50 ip_w5=0xb3e7 ip_w6=0xb100 ip_w7=0x86 ip_w8=0x2f51 ip_w9=0xc0 ip_w10=0xd5f3 ip_w11=0x13d ip_w12=0x9bd7 ip_w13=0x142 ip_w14=0xb3 ip_w15=0x9677 target=0x73ebec09a24c target_off=0x9a24c
[VMTAIL] site=0xba0cc count=287 frame=0x73ebec07836d frame_off=0x7836d vm_ip=0x73ebec2bfe6f vm_ip_off=0x2bfe6f vm_flags=0x16833a00 vm_state=0xb3faaff5 vm_byte=0x62 table=0x73ebec0c3718 table_off=0xc3718 rax=0x73ebec0c2241 rbx=0x246 rcx=0x73ebec078377 rdx=0xffffffffffffff88 rsi=0x0 rdi=0x4c3 r8=0x1 r9=0x73ebec2bf9b0 r10=0x73ebec0c4201 r11=0x73fbec0fa2dd r12=0x73ebec0784dd r13=0x0 r14=0x73ebec2bfbac r15=0x0 rbp=0x73ebec07836d rsp=0x73ebebffdfc0 fs0x0=0xffffffffc612a452 fs0x12=0x3001 fs0x60=0x39ed5bae fs0x68=0x73ebebffe4d0 fs0x71=0x1a44e4ef fs0x81=0x73ebd1c29f31 fs0xe1=0xe664000000000062 fs0x13d=0x246 fs0x16f=0xb3faaff501 fs0x1e8=0x73ebebffdfc0 fs0x13=0x30 fs0x91=0x73ebe400e660 fs0xab=0x0 fs0xb3=0x0 fs0xcb=0x73ebebfffce4 fs0x19d=0x0 fs0x28=0x73ebebfff6c0 fs0x38=0x7ffc39b438c7 fs0x79=0x0 fs0x89=0x0 fs0x99=0x0 fs0xd3=0x1f fs0x107=0x73ebe400e664 fs0x123=0x73ebebffedd0 fs0x128=0x73 fs0x147=0x7ffc39b437c0 ip_w0=0x40 ip_w1=0xac5e ip_w2=0x68 ip_w3=0xf49f ip_w4=0x68 ip_w5=0x2d3f ip_w6=0xf577 ip_w7=0xf93 ip_w8=0x1e8 ip_w9=0x3d2f ip_w10=0xab ip_w11=0x65f0 ip_w12=0x13d ip_w13=0xb777 ip_w14=0xbb8e ip_w15=0xead0 target=0x73ebec0c2241 target_off=0xc2241
[VMTAIL] site=0xb86f5 count=288 frame=0x73ebec07836d frame_off=0x7836d vm_ip=0x73ebec2bff9e vm_ip_off=0x2bff9e vm_flags=0xc1862281 vm_state=0xc1862283 vm_byte=0x3a table=0x73ebec0c3718 table_off=0xc3718 rax=0x73ebec0c40c8 rbx=0x73ebec2bff9c rcx=0x73ebec2bfefa rdx=0xffffffffffffffe0 rsi=0x73ebec078377 rdi=0x73ebec07847c r8=0x0 r9=0xb10 r10=0x0 r11=0x73ebec068d56 r12=0x73ebec0c4228 r13=0x73ebec0c2241 r14=0x73ebec07847c r15=0x73ebec078390 rbp=0x73ebec07836d rsp=0x73ebebffdf28 fs0x0=0xda3b7d9 fs0x12=0x73ebebffe4d001 fs0x60=0x73ebebffe4d0 fs0x68=0x73ebebffe4d0 fs0x71=0x73ec0644c9bf fs0x81=0x73ebd1c29e91 fs0xe1=0xe664000000000062 fs0x13d=0x246 fs0x16f=0xc186228301 fs0x1e8=0x73ebebffdf28 fs0x13=0x73ebebffe4d0 fs0x91=0x73ebe400e660 fs0xab=0x0 fs0xb3=0x73ebebffe4d0 fs0xcb=0x73ebebfffce4 fs0x19d=0x0 fs0x28=0x73ebebfff6c0 fs0x38=0x7ffc39b438c7 fs0x79=0x0 fs0x89=0x0 fs0x99=0x0 fs0xd3=0x1f fs0x107=0x73ebe400e664 fs0x123=0x73ebebffedd0 fs0x128=0x73 fs0x147=0x7ffc39b437c0 ip_w0=0x102 ip_w1=0xc4ee ip_w2=0x7607 ip_w3=0x67c6 ip_w4=0xdf31 ip_w5=0x3691 ip_w6=0xe87a ip_w7=0x5101 ip_w8=0xc0f6 ip_w9=0x55bb ip_w10=0xf1a1 ip_w11=0x3a8a ip_w12=0xa327 ip_w13=0xb0d ip_w14=0xcb2d ip_w15=0x1e8 target=0x73ebec0c2241 target_off=0xc2241
[VMTAIL] site=0x9b0c5 count=289 frame=0x73ebec07836d frame_off=0x7836d vm_ip=0x73ebec2c023e vm_ip_off=0x2c023e vm_flags=0x8a014a80 vm_state=0x114b4ace vm_byte=0x3a table=0x73ebec0c3718 table_off=0xc3718 rax=0x0 rbx=0x0 rcx=0x73ebec07847c rdx=0x73ebec078555 rsi=0x73ebec0c3c40 rdi=0x210 r8=0x528 r9=0x0 r10=0x73ebec09a24c r11=0x73ebec2c023a r12=0x73ebec078391 r13=0x73ebec078377 r14=0x73e828002044 r15=0x7ffc39b438c7 rbp=0x73ebec07836d rsp=0x73ebebffdf28 fs0x0=0xda3b7d9 fs0x12=0x73ebebffeb5001 fs0x60=0x73ebce8776d1 fs0x68=0x73ebebffe4f0 fs0x71=0x73ec0644d03f fs0x81=0x73ebd1c29e91 fs0xe1=0xe664000000000062 fs0x13d=0x202 fs0x16f=0x114b4ace01 fs0x1e8=0x73ebebffdf28 fs0x13=0x73ebebffeb50 fs0x91=0x73ebe400e660 fs0xab=0x0 fs0xb3=0x73ebebffeb50 fs0xcb=0x73ebebfffce4 fs0x19d=0x73ebebffe4f0 fs0x28=0x73ebebfff6c0 fs0x38=0x7ffc39b438c7 fs0x79=0x0 fs0x89=0x0 fs0x99=0x0 fs0xd3=0x73ebebffe4f0 fs0x107=0x73ebe400e664 fs0x123=0x73ebebffedd0 fs0x128=0x73 fs0x147=0x7ffc39b437c0 ip_w0=0x42 ip_w1=0x8ee9 ip_w2=0x9b3a ip_w3=0xff73 ip_w4=0xd00d ip_w5=0x9aa2 ip_w6=0xecf2 ip_w7=0xe8cb ip_w8=0xce01 ip_w9=0xd3a9 ip_w10=0x900a ip_w11=0x2103 ip_w12=0xa6a5 ip_w13=0xea4a ip_w14=0xcde6 ip_w15=0x1e8 target=0x73ebec09a24c target_off=0x9a24c
[VMTAIL] site=0xb625a count=290 frame=0x73ebec07836d frame_off=0x7836d vm_ip=0x73ebec2c1156 vm_ip_off=0x2c1156 vm_flags=0x9628aa8f vm_state=0xff96fff8 vm_byte=0x3a table=0x73ebec0c3718 table_off=0xc3718 rax=0x73ebec0784dd rbx=0x10 rcx=0x73ebec0784dd rdx=0x73ebec078377 rsi=0x73ebec0c4050 rdi=0x73ebec0784dd r8=0x73ebec0c3c70 r9=0x0 r10=0xffffffff2389facb r11=0xfffffffffffffc00 r12=0x7ffffdff r13=0xffffffff2389facb r14=0x73ebec0784ef r15=0x73ebec09b4b3 rbp=0x73ebec07836d rsp=0x73ebebffdfc0 fs0x0=0x73ebe65c5c89 fs0x12=0x55effbde2a2000 fs0x60=0x73ebfd9455b7 fs0x68=0x73ebebffe4f0 fs0x71=0x73ec0644d03f fs0x81=0x73ebd1c29f31 fs0xe1=0xe670000000000062 fs0x13d=0x206 fs0x16f=0xff96fff801 fs0x1e8=0x73ebebffdfc0 fs0x13=0x55effbde2a20 fs0x91=0x73ebe400e660 fs0xab=0xe5b23167ed350e87 fs0xb3=0x73ebe4000c0c fs0xcb=0x73ebebfffce4 fs0x19d=0x73ebe4000880 fs0x28=0x73ebebfff6c0 fs0x38=0x7ffc39b438c7 fs0x79=0x58 fs0x89=0x41 fs0x99=0x40 fs0xd3=0x7 fs0x107=0x73ebe400e670 fs0x123=0x73ebebffedd0 fs0x128=0x73 fs0x147=0x7ffc39b437c0 ip_w0=0x1e ip_w1=0x1f10 ip_w2=0x1e8 ip_w3=0xe0b ip_w4=0x1e8 ip_w5=0x29b4 ip_w6=0xf95f ip_w7=0xacf1 ip_w8=0xf7dc ip_w9=0x4d61 ip_w10=0xac ip_w11=0x86 ip_w12=0x13d ip_w13=0x68cc ip_w14=0x247a ip_w15=0x97dc target=0x73ebec09b4b3 target_off=0x9b4b3
[VMTAIL] site=0xb86f5 count=291 frame=0x73ebec07836d frame_off=0x7836d vm_ip=0x73ebec2c1285 vm_ip_off=0x2c1285 vm_flags=0xdb19a1ed vm_state=0xbffce774 vm_byte=0x3a table=0x73ebec0c3718 table_off=0xc3718 rax=0x73ebec0c40c8 rbx=0x73ebec2c1283 rcx=0x73ebec2c11e1 rdx=0xffffffffffffffe0 rsi=0x73ebec078377 rdi=0x73ebec07847c r8=0x0 r9=0x558 r10=0x0 r11=0x80674d6 r12=0x73ebec0c3c70 r13=0x73ebec09b4b3 r14=0x73ebec07847c r15=0x73ebec078390 rbp=0x73ebec07836d rsp=0x73ebebffdf28 fs0x0=0xda3b799 fs0x12=0x73ebebffe4d000 fs0x60=0x73ebebffe4d0 fs0x68=0x73ebebffe4d0 fs0x71=0x73ec0644c9bf fs0x81=0x73ebd1c29e91 fs0xe1=0xe670000000000062 fs0x13d=0x206 fs0x16f=0xbffce77401 fs0x1e8=0x73ebebffdf28 fs0x13=0x73ebebffe4d0 fs0x91=0x73ebe400e660 fs0xab=0xe5b23167ed350e87 fs0xb3=0x73ebebffe4d0 fs0xcb=0x73ebebfffce4 fs0x19d=0x73ebe4000880 fs0x28=0x73ebebfff6c0 fs0x38=0x7ffc39b438c7 fs0x79=0x58 fs0x89=0x41 fs0x99=0x40 fs0xd3=0x7 fs0x107=0x73ebe400e670 fs0x123=0x73ebebffedd0 fs0x128=0x73 fs0x147=0x7ffc39b437c0 ip_w0=0x102 ip_w1=0xc39e ip_w2=0x7607 ip_w3=0x1153 ip_w4=0x99 ip_w5=0x3efe ip_w6=0xe899 ip_w7=0xf901 ip_w8=0x7cfa ip_w9=0x1d75 ip_w10=0x5e42 ip_w11=0xd313 ip_w12=0xd00a ip_w13=0x340a ip_w14=0x2b54 ip_w15=0x1e8 target=0x73ebec09b4b3 target_off=0x9b4b3
[VMTAIL] site=0xafa1d count=292 frame=0x73ebec07836d frame_off=0x7836d vm_ip=0x73ebec292f3e vm_ip_off=0x292f3e vm_flags=0xe2e98999 vm_state=0x573b8bd0 vm_byte=0x50 table=0x73ebec0c3718 table_off=0xc3718 rax=0x80000000 rbx=0x4b7a9 rcx=0xffffffff8a37e482 rdx=0x73ebec09b4b3 rsi=0x400 rdi=0x73ebec078377 r8=0x1 r9=0x73ebec0c3f68 r10=0x0 r11=0x73ebec07847c r12=0x73ebec078377 r13=0xffffffff80000000 r14=0x2e48f r15=0x400 rbp=0x73ebec07836d rsp=0x73ebebffdfc0 fs0x0=0x3bd13855 fs0x12=0x73ebe400e66000 fs0x60=0x3bd13850 fs0x68=0x73ebebffdfe0 fs0x71=0x1a44e4f4 fs0x81=0x73ebd1bafaf1 fs0xe1=0xe670000000000062 fs0x13d=0x206 fs0x16f=0x573b8bd000 fs0x1e8=0x73ebebffdfc0 fs0x13=0x73ebe400e660 fs0x91=0x73ebe400e660 fs0xab=0xe5b23167ed350e87 fs0xb3=0xf fs0xcb=0x73ebebfffce4 fs0x19d=0x73ebe4000880 fs0x28=0x73ebebfff6c0 fs0x38=0x7ffc39b438c7 fs0x79=0x73ebe400e fs0x89=0x115 fs0x99=0x110 fs0xd3=0xf fs0x107=0x73ebe400e670 fs0x123=0x73ebebffedd0 fs0x128=0x73 fs0x147=0x7ffc39b437c0 ip_w0=0x12 ip_w1=0xa88 ip_w2=0x4c3a ip_w3=0x3bed ip_w4=0xe80b ip_w5=0xd201 ip_w6=0xfc1f ip_w7=0xb395 ip_w8=0xa00 ip_w9=0xc447 ip_w10=0x520a ip_w11=0x1e8 ip_w12=0x1e8 ip_w13=0x13d ip_w14=0xefb9 ip_w15=0x3a4d target=0x73ebec09b4b3 target_off=0x9b4b3
[VMTAIL] site=0x9b0c5 count=293 frame=0x73ebec07836d frame_off=0x7836d vm_ip=0x73ebec29300f vm_ip_off=0x29300f vm_flags=0x783681d3 vm_state=0x114babdc vm_byte=0x3a table=0x73ebec0c3718 table_off=0xc3718 rax=0x0 rbx=0x0 rcx=0x73ebec07847c rdx=0x73ebec078555 rsi=0x73ebec0c3c70 rdi=0x210 r8=0x558 r9=0xe5b23167ed350e87 r10=0x73ebec09b4b3 r11=0x73ebec29300b r12=0x73ebec078391 r13=0x73ebec078377 r14=0x73e828003083 r15=0x7ffc39b438c7 rbp=0x73ebec07836d rsp=0x73ebebffdf28 fs0x0=0xda3b6c9 fs0x12=0x73ebe400e66000 fs0x60=0x3bd13850 fs0x68=0x73ebebffdfe0 fs0x71=0x1a44e4f4 fs0x81=0x73ebd1bafaf1 fs0xe1=0xe670000000000062 fs0x13d=0x206 fs0x16f=0x114babdc01 fs0x1e8=0x73ebebffdf28 fs0x13=0x73ebe400e660 fs0x91=0x73ebe400e660 fs0xab=0xe5b23167ed350e87 fs0xb3=0xf fs0xcb=0x73ebebfffce4 fs0x19d=0x73ebe4000880 fs0x28=0x73ebebfff6c0 fs0x38=0x7ffc39b438c7 fs0x79=0x73ebe400e fs0x89=0x115 fs0x99=0x110 fs0xd3=0xf fs0x107=0x73ebe400e670 fs0x123=0x73ebebffedd0 fs0x128=0x73 fs0x147=0x7ffc39b437c0 ip_w0=0x154 ip_w1=0xe4c ip_w2=0x99 ip_w3=0x158 ip_w4=0xb20e ip_w5=0xc6fa ip_w6=0x1d81 ip_w7=0xe8e0 ip_w8=0x1701 ip_w9=0x879a ip_w10=0xfdb7 ip_w11=0x3a4d ip_w12=0x82cf ip_w13=0x9d3c ip_w14=0x1e8 ip_w15=0xf271 target=0x73ebec09b4b3 target_off=0x9b4b3
[VMTAIL] site=0x9b0c5 count=294 frame=0x73ebec07836d frame_off=0x7836d vm_ip=0x73ebec293233 vm_ip_off=0x293233 vm_flags=0xe4252730 vm_state=0x7a2b3665 vm_byte=0x3a table=0x73ebec0c3718 table_off=0xc3718 rax=0x0 rbx=0x0 rcx=0x73ebec07847c rdx=0x73ebec078555 rsi=0x73ebec0c4228 rdi=0x210 r8=0xb10 r9=0xe5b23167ed350e87 r10=0x73ebec0c2241 r11=0x73ebec29322f r12=0x73ebec078391 r13=0x73ebec078377 r14=0x73e828042041 r15=0x7ffc39b438c7 rbp=0x73ebec07836d rsp=0x73ebebffdf28 fs0x0=0xda3b6c9 fs0x12=0x73ebe400e66000 fs0x60=0xfffffffffb78fc48 fs0x68=0x73ebebffdfe0 fs0x71=0x1a44e4f4 fs0x81=0x73ebd1bafaf1 fs0xe1=0xe670000000000062 fs0x13d=0x283 fs0x16f=0x7a2b366501 fs0x1e8=0x73ebebffdf28 fs0x13=0x73ebe400e660 fs0x91=0x73ebe400e660 fs0xab=0xe5b23167ed350e87 fs0xb3=0x13 fs0xcb=0x73ebebfffce4 fs0x19d=0x73ebe4000880 fs0x28=0x73ebebfff6c0 fs0x38=0x7ffc39b438c7 fs0x79=0x73ebe400e fs0x89=0x115 fs0x99=0x110 fs0xd3=0xf fs0x107=0x73ebe400e670 fs0x123=0x73ebebffedd0 fs0x128=0x73 fs0x147=0x7ffc39b437c0 ip_w0=0xc4 ip_w1=0x6e4f ip_w2=0xf024 ip_w3=0xac0c ip_w4=0x25c4 ip_w5=0x988 ip_w6=0xf107 ip_w7=0xe813 ip_w8=0x9301 ip_w9=0xabea ip_w10=0xb800 ip_w11=0xab3e ip_w12=0xde00 ip_w13=0xb1a7 ip_w14=0x1e8 ip_w15=0x5ac target=0x73ebec0c2241 target_off=0xc2241
[VMTAIL] site=0x9ba72 count=295 frame=0x73ebec07836d frame_off=0x7836d vm_ip=0x73ebec293355 vm_ip_off=0x293355 vm_flags=0x7ffd8cc5 vm_state=0x7fffb7fb vm_byte=0x62 table=0x73ebec0c3718 table_off=0xc3718 rax=0x0 rbx=0x73ebec0784dd rcx=0x73ebec0c3318 rdx=0x64453d00 rsi=0x73ebec09e7af rdi=0x0 r8=0x73ebec0c3d00 r9=0x73ebec078377 r10=0xfffffffffffffbb8 r11=0x73ebec0c3ba8 r12=0x812 r13=0x0 r14=0xffffffffec2fbf1c r15=0x5e8 rbp=0x73ebec07836d rsp=0x73ebebffdfc0 fs0x0=0x6abb3e53 fs0x12=0x73ebe400e66000 fs0x60=0x6abb3e53 fs0x68=0x73ebebffdfe0 fs0x71=0x1a44e4f0 fs0x81=0x73ebd1c29ee6 fs0xe1=0xe670000000000062 fs0x13d=0x202 fs0x16f=0x7fffb7fb01 fs0x1e8=0x73ebebffdfc0 fs0x13=0x73ebe400e660 fs0x91=0x73ebe400e660 fs0xab=0xe5b23167ed350e87 fs0xb3=0x1 fs0xcb=0x73ebebfffce4 fs0x19d=0x73ebe4000880 fs0x28=0x73ebebfff6c0 fs0x38=0x7ffc39b438c7 fs0x79=0x73ebe400e fs0x89=0x115 fs0x99=0x110 fs0xd3=0xf fs0x107=0x73ebe400e670 fs0x123=0x73ebebffedd0 fs0x128=0x73 fs0x147=0x7ffc39b437c0 ip_w0=0xd4b2 ip_w1=0xe234 ip_w2=0x4d0 ip_w3=0x94ec ip_w4=0x3401 ip_w5=0xe80d ip_w6=0x1301 ip_w7=0xac ip_w8=0x13d ip_w9=0xbe77 ip_w10=0x9ae7 ip_w11=0x9dcf ip_w12=0x7a14 ip_w13=0xddb ip_w14=0xba3a ip_w15=0x18b0 target=0x73ebec09e7af target_off=0x9e7af
[VMTAIL] site=0xb86f5 count=296 frame=0x73ebec07836d frame_off=0x7836d vm_ip=0x73ebec29347e vm_ip_off=0x29347e vm_flags=0xee396f18 vm_state=0x694c698c vm_byte=0x3a table=0x73ebec0c3718 table_off=0xc3718 rax=0x73ebec0c40c8 rbx=0x73ebec29347c rcx=0x73ebec2933da rdx=0xffffffffffffffe0 rsi=0x73ebec078377 rdi=0x73ebec07847c r8=0x0 r9=0x558 r10=0x0 r11=0x80674d6 r12=0x73ebec0c3c70 r13=0x73ebec09b4b3 r14=0x73ebec07847c r15=0x73ebec078390 rbp=0x73ebec07836d rsp=0x73ebebffdf28 fs0x0=0xda3b6c9 fs0x12=0x73ebebffe4d000 fs0x60=0x73ebfd944f37 fs0x68=0x73ebebffe4d0 fs0x71=0x73ec0644c9bf fs0x81=0x73ebd1c29e91 fs0xe1=0xe670000000000062 fs0x13d=0x202 fs0x16f=0x694c698c01 fs0x1e8=0x73ebebffdf28 fs0x13=0x73ebebffe4d0 fs0x91=0x73ebe400e660 fs0xab=0xe5b23167ed350e87 fs0xb3=0x73ebebffe4d0 fs0xcb=0x73ebebfffce4 fs0x19d=0x73ebe4000880 fs0x28=0x73ebebfff6c0 fs0x38=0x7ffc39b438c7 fs0x79=0x73ebe400e fs0x89=0x115 fs0x99=0x110 fs0xd3=0xf fs0x107=0x73ebe400e670 fs0x123=0x73ebebffedd0 fs0x128=0x73 fs0x147=0x7ffc39b437c0 ip_w0=0x14d ip_w1=0xe5a3 ip_w2=0x99 ip_w3=0xad8 ip_w4=0xb900 ip_w5=0x9d0a ip_w6=0xe82 ip_w7=0xe834 ip_w8=0x9201 ip_w9=0x41b8 ip_w10=0x60fb ip_w11=0x4208 ip_w12=0xca7b ip_w13=0x6961 ip_w14=0x9aa5 ip_w15=0x1e8 target=0x73ebec09b4b3 target_off=0x9b4b3
[VMTAIL] site=0x81b7c count=297 frame=0x73ebec07836d frame_off=0x7836d vm_ip=0x73ebec2935eb vm_ip_off=0x2935eb vm_flags=0x40000000 vm_state=0x9fe8 vm_byte=0x62 table=0x73ebec0c3718 table_off=0xc3718 rax=0x73ebec0c3918 rbx=0x9b2d0200 rcx=0xffbf rdx=0x73eb740930f5 rsi=0xffffffff80000030 rdi=0x73ebec0784dd r8=0x73ebec085059 r9=0xffffffff800001ad r10=0x73eb73e2fafb r11=0x73ebec078377 r12=0x7821054c r13=0x73ebec0784dd r14=0x0 r15=0x477 rbp=0x73ebec07836d rsp=0x73ebebffdfc0 fs0x0=0xffffffff991fb4c5 fs0x12=0x73ebebffe4d000 fs0x60=0xffffffff991fb4c7 fs0x68=0x73ebebffdfe0 fs0x71=0x1a44e4f4 fs0x81=0x73ebd1c29f31 fs0xe1=0xe670000000000062 fs0x13d=0x293 fs0x16f=0x9fe801 fs0x1e8=0x73ebebffdfc0 fs0x13=0x73ebebffe4d0 fs0x91=0x73ebe400e660 fs0xab=0xe5b23167ed350e87 fs0xb3=0x5 fs0xcb=0x73ebebfffce4 fs0x19d=0x73ebe4000880 fs0x28=0x73ebebfff6c0 fs0x38=0x7ffc39b438c7 fs0x79=0x73ebe400e fs0x89=0x115 fs0x99=0x110 fs0xd3=0xf fs0x107=0x73ebe400e670 fs0x123=0x73ebebffedd0 fs0x128=0x73 fs0x147=0x7ffc39b437c0 ip_w0=0xc91b ip_w1=0xb3 ip_w2=0xb8de ip_w3=0xddb7 ip_w4=0xb29d ip_w5=0x1a0 ip_w6=0xd770 ip_w7=0x614c ip_w8=0x13d ip_w9=0xa5 ip_w10=0x0 ip_w11=0xf1 ip_w12=0x0 ip_w13=0x13d ip_w14=0xa700 ip_w15=0x6782 target=0x73ebec085059 target_off=0x85059
[VMTAIL] site=0xa1936 count=298 frame=0x73ebec07836d frame_off=0x7836d vm_ip=0x73ebec29360e vm_ip_off=0x29360e vm_flags=0x2d427e84 vm_state=0xc20060 vm_byte=0x62 table=0x73ebec0c3718 table_off=0xc3718 rax=0x73ebec078390 rbx=0xe7d7d8187f48 rcx=0x73ebec0784dd rdx=0x943d34033314 rsi=0x73ebec0784dd rdi=0x460 r8=0x73ebec0784dd r9=0x73ebec0c4481 r10=0xff2e886e r11=0x73ebec078377 r12=0x73ebec094e5a r13=0xffff8c1493f6b0af r14=0x73ebec0c3b78 r15=0xffff8c1413f8816f rbp=0x73ebec07836d rsp=0x73ebebffdfc0 fs0x0=0xfffffffffb78fc3a fs0x12=0x73ebebffe4d000 fs0x60=0xfffffffffb78fc3c fs0x68=0x73ebebffdfe0 fs0x71=0x1a44e4f4 fs0x81=0x73ebd1c29f31 fs0xe1=0xe670000000000062 fs0x13d=0x293 fs0x16f=0xc2006001 fs0x1e8=0x73ebebffdfc0 fs0x13=0x73ebebffe4d0 fs0x91=0x73ebe400e660 fs0xab=0xe5b23167ed350e87 fs0xb3=0x5 fs0xcb=0x73ebebfffce4 fs0x19d=0x73ebe4000880 fs0x28=0x73ebebfff6c0 fs0x38=0x7ffc39b438c7 fs0x79=0x73ebe400e fs0x89=0x115 fs0x99=0x110 fs0xd3=0xf fs0x107=0x73ebe400e670 fs0x123=0x73ebebffedd0 fs0x128=0x73 fs0x147=0x7ffc39b437c0 ip_w0=0x91f2 ip_w1=0xbb76 ip_w2=0x1e2c ip_w3=0xb93 ip_w4=0x8417 ip_w5=0x1a0 ip_w6=0x6a09 ip_w7=0x7b6c ip_w8=0x13d ip_w9=0xa5 ip_w10=0x0 ip_w11=0x2b62 ip_w12=0x0 ip_w13=0x13d ip_w14=0x9022 ip_w15=0x7000 target=0x73ebec094e5a target_off=0x94e5a
[VMTAIL] site=0x7c308 count=299 frame=0x73ebec07836d frame_off=0x7836d vm_ip=0x73ebec293630 vm_ip_off=0x293630 vm_flags=0x7bd69d5b vm_state=0x803bf7b0 vm_byte=0x62 table=0x73ebec0c3718 table_off=0xc3718 rax=0x73ebec078377 rbx=0x73ebac1a735d rcx=0x73ebec0b0007 rdx=0x852 rsi=0x73ebec0b0007 rdi=0x808 r8=0xd32f0162 r9=0x13280008 r10=0x73ebec078390 r11=0x73ebec0784dd r12=0x1 r13=0x73ebec0c3f78 r14=0x73ebec0784dd r15=0xffffffff80000020 rbp=0x73ebec07836d rsp=0x73ebebffdfc0 fs0x0=0xfffffffffb78fc3a fs0x12=0x73ebebffe4d000 fs0x60=0xfffffffffb78fc38 fs0x68=0x73ebebffdfe0 fs0x71=0x1a44e4f4 fs0x81=0x73ebd1c29f31 fs0xe1=0xe670000000000062 fs0x13d=0x202 fs0x16f=0x803bf7b001 fs0x1e8=0x73ebebffdfc0 fs0x13=0x73ebebffe4d0 fs0x91=0x73ebe400e660 fs0xab=0xe5b23167ed350e87 fs0xb3=0x5 fs0xcb=0x73ebebfffce4 fs0x19d=0x73ebe4000880 fs0x28=0x73ebebfff6c0 fs0x38=0x7ffc39b438c7 fs0x79=0x73ebe400e fs0x89=0x115 fs0x99=0x110 fs0xd3=0xf fs0x107=0x73ebe400e670 fs0x123=0x73ebebffedd0 fs0x128=0x73 fs0x147=0x7ffc39b437c0 ip_w0=0x9dbf ip_w1=0x69b9 ip_w2=0x211 ip_w3=0x21c1 ip_w4=0xa2ac ip_w5=0x8919 ip_w6=0xf87b ip_w7=0x5b3c ip_w8=0x3dfb ip_w9=0x6201 ip_w10=0x1 ip_w11=0x5b00 ip_w12=0x0 ip_w13=0x3d00 ip_w14=0x1 ip_w15=0x8cb4 target=0x73ebec0b0007 target_off=0xb0007
[TRACE] caller=eac.elf+0x2dc86c open path=/etc/mtab flags=0x0
[TRACE] caller=eac.elf+0x30d25c open path=/sys/class/block/nvme1n1p/device/model flags=0x0
[VMTAIL] site=0xafa1d count=300 frame=0x73ebec07836d frame_off=0x7836d vm_ip=0x73ebec2bec2e vm_ip_off=0x2bec2e vm_flags=0xd5de0ed1 vm_state=0x8bb94bfb vm_byte=0x3a table=0x73ebec0c3718 table_off=0xc3718 rax=0x0 rbx=0xf7ff73fffebf rcx=0x263ea543510d1 rdx=0x73ebec09b4b3 rsi=0x1d7c7 rdi=0x1 r8=0xbb82c r9=0x73ebec0784dd r10=0x20 r11=0x73ebec07847c r12=0x73ebec078377 r13=0x0 r14=0x1d737 r15=0x73efec017620 rbp=0x73ebec07836d rsp=0x73ebebffdfc0 fs0x0=0x73ebe65c5721 fs0x12=0x55effbddf66000 fs0x60=0x73ebebffe0f8 fs0x68=0x73ebebffe0f8 fs0x71=0x73ec0644c5e7 fs0x81=0x73ebd1c29f31 fs0xe1=0xe670000000000062 fs0x13d=0x202 fs0x16f=0x8bb94bfb01 fs0x1e8=0x73ebebffdfc0 fs0x13=0x55effbddf660 fs0x91=0x73ebe400e660 fs0xab=0xe5b23167ed350e87 fs0xb3=0x1 fs0xcb=0x73ebebfffce4 fs0x19d=0x73ebe4000880 fs0x28=0x73ebebfff6c0 fs0x38=0x7ffc39b438c7 fs0x79=0x55eaa5224bef fs0x89=0x31 fs0x99=0x30 fs0xd3=0x0 fs0x107=0x73ebe400e670 fs0x123=0x73ebebffedd0 fs0x128=0x73 fs0x147=0x7ffc39b437c0 ip_w0=0x9a ip_w1=0x38a0 ip_w2=0x1e8 ip_w3=0xbc3 ip_w4=0x1e8 ip_w5=0x9abc ip_w6=0x993a ip_w7=0x1f30 ip_w8=0x4329 ip_w9=0x3cba ip_w10=0xe1d6 ip_w11=0xc7 ip_w12=0x13d ip_w13=0x637 ip_w14=0x84c1 ip_w15=0x5d12 target=0x73ebec09b4b3 target_off=0x9b4b3
[VMTAIL] site=0xb86f5 count=301 frame=0x73ebec07836d frame_off=0x7836d vm_ip=0x73ebec2bed5d vm_ip_off=0x2bed5d vm_flags=0x40001010 vm_state=0x3f05df58 vm_byte=0x3a table=0x73ebec0c3718 table_off=0xc3718 rax=0x73ebec0c40c8 rbx=0x73ebec2bed5b rcx=0x73ebec2becb9 rdx=0xffffffffffffffe0 rsi=0x73ebec078377 rdi=0x73ebec07847c r8=0x0 r9=0x528 r10=0x0 r11=0x80674d6 r12=0x73ebec0c3c40 r13=0x73ebec09a24c r14=0x73ebec07847c r15=0x73ebec078390 rbp=0x73ebec07836d rsp=0x73ebebffdf28 fs0x0=0xda3b7e9 fs0x12=0x73ebebffe4d000 fs0x60=0x73ec5ea3eaf6 fs0x68=0x73ebebffe4d0 fs0x71=0x73ec0644c9bf fs0x81=0x73ebd1c29e91 fs0xe1=0xe670000000000062 fs0x13d=0x202 fs0x16f=0x3f05df5801 fs0x1e8=0x73ebebffdf28 fs0x13=0x73ebebffe4d0 fs0x91=0x73ebe400e660 fs0xab=0xe5b23167ed350e87 fs0xb3=0x73ebebffe4d0 fs0xcb=0x73ebebfffce4 fs0x19d=0x73ebe4000880 fs0x28=0x73ebebfff6c0 fs0x38=0x7ffc39b438c7 fs0x79=0x55eaa5224bef fs0x89=0x31 fs0x99=0x30 fs0xd3=0x0 fs0x107=0x73ebe400e670 fs0x123=0x73ebebffedd0 fs0x128=0x73 fs0x147=0x7ffc39b437c0 ip_w0=0x129 ip_w1=0x2e31 ip_w2=0xa8e7 ip_w3=0x4565 ip_w4=0x60f8 ip_w5=0x7160 ip_w6=0x6cef ip_w7=0xe8f5 ip_w8=0xc901 ip_w9=0x51ec ip_w10=0xf389 ip_w11=0xe364 ip_w12=0xe8ac ip_w13=0x3229 ip_w14=0x1e8 ip_w15=0xf939 target=0x73ebec09a24c target_off=0x9a24c
[VMTAIL] site=0x9b0c5 count=302 frame=0x73ebec07836d frame_off=0x7836d vm_ip=0x73ebec2bef37 vm_ip_off=0x2bef37 vm_flags=0x8111fded vm_state=0x9012321f vm_byte=0x3a table=0x73ebec0c3718 table_off=0xc3718 rax=0x0 rbx=0x400 rcx=0x73ebec07847c rdx=0x73ebec078555 rsi=0x73ebec0c4228 rdi=0x210 r8=0xb10 r9=0xe5b23167ed350e87 r10=0x73ebec0c2241 r11=0x73ebec2bef33 r12=0x73ebec078391 r13=0x73ebec078377 r14=0x73e828042041 r15=0x7ffc39b438c7 rbp=0x73ebec07836d rsp=0x73ebebffdf28 fs0x0=0xda3b7e9 fs0x12=0x73ebebffe4d000 fs0x60=0xfffffffffb78fd34 fs0x68=0x73ebebffe4d0 fs0x71=0x1a44e4ef fs0x81=0x73ebd1c29f31 fs0xe1=0xe670000000000062 fs0x13d=0x293 fs0x16f=0x9012321f01 fs0x1e8=0x73ebebffdf28 fs0x13=0x73ebebffe4d0 fs0x91=0x73ebe400e660 fs0xab=0xe5b23167ed350e87 fs0xb3=0x0 fs0xcb=0x73ebebfffce4 fs0x19d=0x73ebe4000880 fs0x28=0x73ebebfff6c0 fs0x38=0x7ffc39b438c7 fs0x79=0x55eaa5224bef fs0x89=0x31 fs0x99=0x30 fs0xd3=0x0 fs0x107=0x73ebe400e670 fs0x123=0x73ebebffedd0 fs0x128=0x73 fs0x147=0x7ffc39b437c0 ip_w0=0x151 ip_w1=0x9c60 ip_w2=0x99 ip_w3=0xd005 ip_w4=0x75a8 ip_w5=0x14f8 ip_w6=0x22ca ip_w7=0xe86d ip_w8=0x6801 ip_w9=0x4fa3 ip_w10=0xe8eb ip_w11=0x8404 ip_w12=0x453 ip_w13=0xab ip_w14=0x1d7c ip_w15=0x1e8 target=0x73ebec0c2241 target_off=0xc2241
[VMTAIL] site=0x87c25 count=303 frame=0x73ebec07836d frame_off=0x7836d vm_ip=0x73ebec2bf297 vm_ip_off=0x2bf297 vm_flags=0x1281260e vm_state=0xa060008 vm_byte=0x62 table=0x73ebec0c3718 table_off=0xc3718 rax=0x73ebec2bf04c rbx=0x73ebec07847c rcx=0x0 rdx=0x73ebec07732f rsi=0x1 rdi=0xe7d7d815ffff r8=0x73ecec07836c r9=0x73ebec0c3c01 r10=0x73ebec078377 r11=0x1 r12=0x73ebec0876e7 r13=0x24f r14=0x73ebec09a24c r15=0x528 rbp=0x73ebec07836d rsp=0x73ebebffdfc0 fs0x0=0x6abb3e52 fs0x12=0x73ebebffe4d001 fs0x60=0x6abb3e52 fs0x68=0x73ebebffe4d0 fs0x71=0x1a44e4ef fs0x81=0x73ebd1c29f31 fs0xe1=0xe670000000000062 fs0x13d=0x246 fs0x16f=0xa06000801 fs0x1e8=0x73ebebffdfc0 fs0x13=0x73ebebffe4d0 fs0x91=0x73ebe400e660 fs0xab=0xe5b23167ed350e87 fs0xb3=0x0 fs0xcb=0x73ebebfffce4 fs0x19d=0x73ebe4000880 fs0x28=0x73ebebfff6c0 fs0x38=0x7ffc39b438c7 fs0x79=0x55eaa5224bef fs0x89=0x31 fs0x99=0x30 fs0xd3=0x0 fs0x107=0x73ebe400e670 fs0x123=0x73ebebffedd0 fs0x128=0x73 fs0x147=0x7ffc39b437c0 ip_w0=0x72 ip_w1=0x5f9a ip_w2=0xac5b ip_w3=0x2d31 ip_w4=0x56fd ip_w5=0x5715 ip_w6=0x447a ip_w7=0x248 ip_w8=0x1e8 ip_w9=0xc10 ip_w10=0x26 ip_w11=0x13d ip_w12=0x687f ip_w13=0xf294 ip_w14=0xbb23 ip_w15=0x7dd3 target=0x73ebec09a24c target_off=0x9a24c
[VMTAIL] site=0xb86f5 count=304 frame=0x73ebec07836d frame_off=0x7836d vm_ip=0x73ebec2bf3c6 vm_ip_off=0x2bf3c6 vm_flags=0x6c2000c0 vm_state=0x573ca08c vm_byte=0x3a table=0x73ebec0c3718 table_off=0xc3718 rax=0x73ebec0c40c8 rbx=0x73ebec2bf3c4 rcx=0x73ebec2bf322 rdx=0xffffffffffffffe0 rsi=0x73ebec078377 rdi=0x73ebec07847c r8=0x0 r9=0x528 r10=0x0 r11=0x80674d6 r12=0x73ebec0c3c40 r13=0x73ebec09a24c r14=0x73ebec07847c r15=0x73ebec078390 rbp=0x73ebec07836d rsp=0x73ebebffdf28 fs0x0=0xda3b7e9 fs0x12=0x73ebebffe4d001 fs0x60=0x73ebebffe4d0 fs0x68=0x73ebebffe4d0 fs0x71=0x73ec0644c9bf fs0x81=0x73ebd1c29e91 fs0xe1=0xe670000000000062 fs0x13d=0x246 fs0x16f=0x573ca08c01 fs0x1e8=0x73ebebffdf28 fs0x13=0x73ebebffe4d0 fs0x91=0x73ebe400e660 fs0xab=0xe5b23167ed350e87 fs0xb3=0x73ebebffe4d0 fs0xcb=0x73ebebfffce4 fs0x19d=0x73ebe4000880 fs0x28=0x73ebebfff6c0 fs0x38=0x7ffc39b438c7 fs0x79=0x55eaa5224bef fs0x89=0x31 fs0x99=0x30 fs0xd3=0x0 fs0x107=0x73ebe400e670 fs0x123=0x73ebebffedd0 fs0x128=0x73 fs0x147=0x7ffc39b437c0 ip_w0=0x40 ip_w1=0xa2bd ip_w2=0x99 ip_w3=0x1a47 ip_w4=0x6fab ip_w5=0xaaf5 ip_w6=0x9a98 ip_w7=0xe8db ip_w8=0x1301 ip_w9=0x3c08 ip_w10=0xa7f3 ip_w11=0xb37b ip_w12=0x1701 ip_w13=0xfa46 ip_w14=0x1e8 ip_w15=0xf129 target=0x73ebec09a24c target_off=0x9a24c
[VMTAIL] site=0xbe55b count=305 frame=0x73ebec07836d frame_off=0x7836d vm_ip=0x73ebec2bf97c vm_ip_off=0x2bf97c vm_flags=0x7bf98ecd vm_state=0x3abc7dce vm_byte=0x62 table=0x73ebec0c3718 table_off=0xc3718 rax=0x73ebec078377 rbx=0x73ebec2bf4f3 rcx=0x73ebec05146b rdx=0x73ebec09a24c rsi=0x528 rdi=0x73eb6c0bdda2 r8=0x73ebec32493f r9=0x0 r10=0x53ab2800003d r11=0x246 r12=0x73ebec0c3c01 r13=0x73ebec07837f r14=0x48d r15=0x73ebec07847c rbp=0x73ebec07836d rsp=0x73ebebffdfc0 fs0x0=0x188232b1 fs0x12=0x73ebebffe4d001 fs0x60=0x0 fs0x68=0x73ebebffe4d0 fs0x71=0x1a44e4ef fs0x81=0x73ebd1c29f31 fs0xe1=0xe670000000000062 fs0x13d=0x246 fs0x16f=0x3abc7dce01 fs0x1e8=0x73ebebffdfc0 fs0x13=0x73ebebffe4d0 fs0x91=0x73ebe400e660 fs0xab=0xe5b23167ed350e87 fs0xb3=0x0 fs0xcb=0x73ebebfffce4 fs0x19d=0x73ebe4000880 fs0x28=0x73ebebfff6c0 fs0x38=0x7ffc39b438c7 fs0x79=0x55eaa5224bef fs0x89=0x31 fs0x99=0x30 fs0xd3=0x0 fs0x107=0x73ebe400e670 fs0x123=0x73ebebffedd0 fs0x128=0x73 fs0x147=0x7ffc39b437c0 ip_w0=0x102 ip_w1=0xc2d4 ip_w2=0x7621 ip_w3=0x81eb ip_w4=0x4b50 ip_w5=0xb3e7 ip_w6=0xb100 ip_w7=0x86 ip_w8=0x2f51 ip_w9=0xc0 ip_w10=0xd5f3 ip_w11=0x13d ip_w12=0x9bd7 ip_w13=0x142 ip_w14=0xb3 ip_w15=0x9677 target=0x73ebec09a24c target_off=0x9a24c
[VMTAIL] site=0xba0cc count=306 frame=0x73ebec07836d frame_off=0x7836d vm_ip=0x73ebec2bfe6f vm_ip_off=0x2bfe6f vm_flags=0x16833a00 vm_state=0xb3faaff5 vm_byte=0x62 table=0x73ebec0c3718 table_off=0xc3718 rax=0x73ebec0c2241 rbx=0x246 rcx=0x73ebec078377 rdx=0xffffffffffffff88 rsi=0x0 rdi=0x4c3 r8=0x1 r9=0x73ebec2bf9b0 r10=0x73ebec0c4201 r11=0x73fbec0fa2dd r12=0x73ebec0784dd r13=0x0 r14=0x73ebec2bfbac r15=0x0 rbp=0x73ebec07836d rsp=0x73ebebffdfc0 fs0x0=0xffffffffc612a452 fs0x12=0x73ebebffe4d001 fs0x60=0x39ed5bae fs0x68=0x73ebebffe4d0 fs0x71=0x1a44e4ef fs0x81=0x73ebd1c29f31 fs0xe1=0xe670000000000062 fs0x13d=0x246 fs0x16f=0xb3faaff501 fs0x1e8=0x73ebebffdfc0 fs0x13=0x73ebebffe4d0 fs0x91=0x73ebe400e660 fs0xab=0xe5b23167ed350e87 fs0xb3=0x0 fs0xcb=0x73ebebfffce4 fs0x19d=0x73ebe4000880 fs0x28=0x73ebebfff6c0 fs0x38=0x7ffc39b438c7 fs0x79=0x55eaa5224bef fs0x89=0x31 fs0x99=0x30 fs0xd3=0x0 fs0x107=0x73ebe400e670 fs0x123=0x73ebebffedd0 fs0x128=0x73 fs0x147=0x7ffc39b437c0 ip_w0=0x40 ip_w1=0xac5e ip_w2=0x68 ip_w3=0xf49f ip_w4=0x68 ip_w5=0x2d3f ip_w6=0xf577 ip_w7=0xf93 ip_w8=0x1e8 ip_w9=0x3d2f ip_w10=0xab ip_w11=0x65f0 ip_w12=0x13d ip_w13=0xb777 ip_w14=0xbb8e ip_w15=0xead0 target=0x73ebec0c2241 target_off=0xc2241
[VMTAIL] site=0xb86f5 count=307 frame=0x73ebec07836d frame_off=0x7836d vm_ip=0x73ebec2bff9e vm_ip_off=0x2bff9e vm_flags=0xc1862281 vm_state=0xc1862283 vm_byte=0x3a table=0x73ebec0c3718 table_off=0xc3718 rax=0x73ebec0c40c8 rbx=0x73ebec2bff9c rcx=0x73ebec2bfefa rdx=0xffffffffffffffe0 rsi=0x73ebec078377 rdi=0x73ebec07847c r8=0x0 r9=0xb10 r10=0x0 r11=0x80674d6 r12=0x73ebec0c4228 r13=0x73ebec0c2241 r14=0x73ebec07847c r15=0x73ebec078390 rbp=0x73ebec07836d rsp=0x73ebebffdf28 fs0x0=0xda3b7e9 fs0x12=0x73ebebffe4d001 fs0x60=0x73ebebffe4d0 fs0x68=0x73ebebffe4d0 fs0x71=0x73ec0644c9bf fs0x81=0x73ebd1c29e91 fs0xe1=0xe670000000000062 fs0x13d=0x246 fs0x16f=0xc186228301 fs0x1e8=0x73ebebffdf28 fs0x13=0x73ebebffe4d0 fs0x91=0x73ebe400e660 fs0xab=0xe5b23167ed350e87 fs0xb3=0x73ebebffe4d0 fs0xcb=0x73ebebfffce4 fs0x19d=0x73ebe4000880 fs0x28=0x73ebebfff6c0 fs0x38=0x7ffc39b438c7 fs0x79=0x55eaa5224bef fs0x89=0x31 fs0x99=0x30 fs0xd3=0x0 fs0x107=0x73ebe400e670 fs0x123=0x73ebebffedd0 fs0x128=0x73 fs0x147=0x7ffc39b437c0 ip_w0=0x102 ip_w1=0xc4ee ip_w2=0x7607 ip_w3=0x67c6 ip_w4=0xdf31 ip_w5=0x3691 ip_w6=0xe87a ip_w7=0x5101 ip_w8=0xc0f6 ip_w9=0x55bb ip_w10=0xf1a1 ip_w11=0x3a8a ip_w12=0xa327 ip_w13=0xb0d ip_w14=0xcb2d ip_w15=0x1e8 target=0x73ebec0c2241 target_off=0xc2241
[VMTAIL] site=0x9b0c5 count=308 frame=0x73ebec07836d frame_off=0x7836d vm_ip=0x73ebec2c023e vm_ip_off=0x2c023e vm_flags=0x8a014a80 vm_state=0x114b4ace vm_byte=0x3a table=0x73ebec0c3718 table_off=0xc3718 rax=0x0 rbx=0x0 rcx=0x73ebec07847c rdx=0x73ebec078555 rsi=0x73ebec0c3c40 rdi=0x210 r8=0x528 r9=0xe5b23167ed350e87 r10=0x73ebec09a24c r11=0x73ebec2c023a r12=0x73ebec078391 r13=0x73ebec078377 r14=0x73e828002044 r15=0x7ffc39b438c7 rbp=0x73ebec07836d rsp=0x73ebebffdf28 fs0x0=0xda3b7e9 fs0x12=0x73ebebffeb5001 fs0x60=0x73ebce8776d1 fs0x68=0x73ebebffe4f0 fs0x71=0x73ec0644d03f fs0x81=0x73ebd1c29e91 fs0xe1=0xe670000000000062 fs0x13d=0x246 fs0x16f=0x114b4ace01 fs0x1e8=0x73ebebffdf28 fs0x13=0x73ebebffeb50 fs0x91=0x73ebe400e660 fs0xab=0xe5b23167ed350e87 fs0xb3=0x73ebebffeb50 fs0xcb=0x73ebebfffce4 fs0x19d=0x73ebebffe4f0 fs0x28=0x73ebebfff6c0 fs0x38=0x7ffc39b438c7 fs0x79=0x55eaa5224bef fs0x89=0x31 fs0x99=0x30 fs0xd3=0x73ebebffe4f0 fs0x107=0x73ebe400e670 fs0x123=0x73ebebffedd0 fs0x128=0x73 fs0x147=0x7ffc39b437c0 ip_w0=0x42 ip_w1=0x8ee9 ip_w2=0x9b3a ip_w3=0xff73 ip_w4=0xd00d ip_w5=0x9aa2 ip_w6=0xecf2 ip_w7=0xe8cb ip_w8=0xce01 ip_w9=0xd3a9 ip_w10=0x900a ip_w11=0x2103 ip_w12=0xa6a5 ip_w13=0xea4a ip_w14=0xcde6 ip_w15=0x1e8 target=0x73ebec09a24c target_off=0x9a24c
[VMTAIL] site=0xbe55b count=309 frame=0x73ebec07836d frame_off=0x7836d vm_ip=0x73ebec2c1156 vm_ip_off=0x2c1156 vm_flags=0x48575be7 vm_state=0x3a84f379 vm_byte=0x62 table=0x73ebec0c3718 table_off=0xc3718 rax=0x73ebec078377 rbx=0x73ebec2c0595 rcx=0x73ebec050702 rdx=0x73ebec09b4b3 rsi=0x558 rdi=0x73eb6c0bdda2 r8=0x73ebec3206fd r9=0x0 r10=0x53c228040005 r11=0x246 r12=0x73ebec0c3c01 r13=0x73ebec07837f r14=0xbc5 r15=0x73ebec07847c rbp=0x73ebec07836d rsp=0x73ebebffdfc0 fs0x0=0x188232b1 fs0x12=0x73ebebffe4d001 fs0x60=0x0 fs0x68=0x73ebebffe4d0 fs0x71=0x1a44e4ef fs0x81=0x73ebd1c29f31 fs0xe1=0xe670000000000062 fs0x13d=0x246 fs0x16f=0x3a84f37901 fs0x1e8=0x73ebebffdfc0 fs0x13=0x73ebebffe4d0 fs0x91=0x73ebe400e660 fs0xab=0xe5b23167ed350e87 fs0xb3=0x0 fs0xcb=0x73ebebfffce4 fs0x19d=0x73ebebffe4f0 fs0x28=0x73ebebfff6c0 fs0x38=0x7ffc39b438c7 fs0x79=0x55eaa5224bef fs0x89=0x31 fs0x99=0x30 fs0xd3=0x73ebebffe4f0 fs0x107=0x73ebe400e670 fs0x123=0x73ebebffedd0 fs0x128=0x73 fs0x147=0x7ffc39b437c0 ip_w0=0x1e ip_w1=0x1f10 ip_w2=0x1e8 ip_w3=0xe0b ip_w4=0x1e8 ip_w5=0x29b4 ip_w6=0xf95f ip_w7=0xacf1 ip_w8=0xf7dc ip_w9=0x4d61 ip_w10=0xac ip_w11=0x86 ip_w12=0x13d ip_w13=0x68cc ip_w14=0x247a ip_w15=0x97dc target=0x73ebec09b4b3 target_off=0x9b4b3
[VMTAIL] site=0xb86f5 count=310 frame=0x73ebec07836d frame_off=0x7836d vm_ip=0x73ebec2c1285 vm_ip_off=0x2c1285 vm_flags=0xdb19a1ed vm_state=0xbffce774 vm_byte=0x3a table=0x73ebec0c3718 table_off=0xc3718 rax=0x73ebec0c40c8 rbx=0x73ebec2c1283 rcx=0x73ebec2c11e1 rdx=0xffffffffffffffe0 rsi=0x73ebec078377 rdi=0x73ebec07847c r8=0x0 r9=0x558 r10=0x0 r11=0x6a866 r12=0x73ebec0c3c70 r13=0x73ebec09b4b3 r14=0x73ebec07847c r15=0x73ebec078390 rbp=0x73ebec07836d rsp=0x73ebebffdf28 fs0x0=0xda3b7e9 fs0x12=0x73ebebffe4d001 fs0x60=0x73ebebffe4d0 fs0x68=0x73ebebffe4d0 fs0x71=0x73ec0644c9bf fs0x81=0x73ebd1c29e91 fs0xe1=0xe670000000000062 fs0x13d=0x246 fs0x16f=0xbffce77401 fs0x1e8=0x73ebebffdf28 fs0x13=0x73ebebffe4d0 fs0x91=0x73ebe400e660 fs0xab=0xe5b23167ed350e87 fs0xb3=0x73ebebffe4d0 fs0xcb=0x73ebebfffce4 fs0x19d=0x73ebebffe4f0 fs0x28=0x73ebebfff6c0 fs0x38=0x7ffc39b438c7 fs0x79=0x55eaa5224bef fs0x89=0x31 fs0x99=0x30 fs0xd3=0x73ebebffe4f0 fs0x107=0x73ebe400e670 fs0x123=0x73ebebffedd0 fs0x128=0x73 fs0x147=0x7ffc39b437c0 ip_w0=0x102 ip_w1=0xc39e ip_w2=0x7607 ip_w3=0x1153 ip_w4=0x99 ip_w5=0x3efe ip_w6=0xe899 ip_w7=0xf901 ip_w8=0x7cfa ip_w9=0x1d75 ip_w10=0x5e42 ip_w11=0xd313 ip_w12=0xd00a ip_w13=0x340a ip_w14=0x2b54 ip_w15=0x1e8 target=0x73ebec09b4b3 target_off=0x9b4b3
[VMTAIL] site=0xafa1d count=311 frame=0x73ebec07836d frame_off=0x7836d vm_ip=0x73ebec292f3e vm_ip_off=0x292f3e vm_flags=0xe2e98999 vm_state=0x573b8bd0 vm_byte=0x50 table=0x73ebec0c3718 table_off=0xc3718 rax=0x80000000 rbx=0x4b7a9 rcx=0xffffffff8a37e481 rdx=0x73ebec09b4b3 rsi=0x400 rdi=0x73ebec078377 r8=0x1 r9=0x73ebec0c3f68 r10=0x0 r11=0x73ebec07847c r12=0x73ebec078377 r13=0xffffffff80000000 r14=0x2e48f r15=0x400 rbp=0x73ebec07836d rsp=0x73ebebffdfc0 fs0x0=0x3bd13854 fs0x12=0x1 fs0x60=0x3bd13850 fs0x68=0x73ebebffdfe0 fs0x71=0x1a44e4f5 fs0x81=0x73ebd1bafaf1 fs0xe1=0xe670000000000062 fs0x13d=0x206 fs0x16f=0x573b8bd000 fs0x1e8=0x73ebebffdfc0 fs0x13=0x0 fs0x91=0x73ebe400e660 fs0xab=0xe5b23167ed350e87 fs0xb3=0x73ebebffe4d0 fs0xcb=0x73ebebfffce4 fs0x19d=0x73ebebffe4f0 fs0x28=0x73ebebfff6c0 fs0x38=0x7ffc39b438c7 fs0x79=0x55eaa5224bef fs0x89=0x31 fs0x99=0x30 fs0xd3=0x73ebebffe4f0 fs0x107=0x73ebe400e670 fs0x123=0x73ebebffedd0 fs0x128=0x73 fs0x147=0x7ffc39b437c0 ip_w0=0x12 ip_w1=0xa88 ip_w2=0x4c3a ip_w3=0x3bed ip_w4=0xe80b ip_w5=0xd201 ip_w6=0xfc1f ip_w7=0xb395 ip_w8=0xa00 ip_w9=0xc447 ip_w10=0x520a ip_w11=0x1e8 ip_w12=0x1e8 ip_w13=0x13d ip_w14=0xefb9 ip_w15=0x3a4d target=0x73ebec09b4b3 target_off=0x9b4b3
[VMTAIL] site=0x9b0c5 count=312 frame=0x73ebec07836d frame_off=0x7836d vm_ip=0x73ebec29300f vm_ip_off=0x29300f vm_flags=0x783681d3 vm_state=0x114babdc vm_byte=0x3a table=0x73ebec0c3718 table_off=0xc3718 rax=0x0 rbx=0x0 rcx=0x73ebec07847c rdx=0x73ebec078555 rsi=0x73ebec0c3c70 rdi=0x210 r8=0x558 r9=0xe5b23167ed350e87 r10=0x73ebec09b4b3 r11=0x73ebec29300b r12=0x73ebec078391 r13=0x73ebec078377 r14=0x73e828003083 r15=0x7ffc39b438c7 rbp=0x73ebec07836d rsp=0x73ebebffdf28 fs0x0=0xda3b7e9 fs0x12=0x1 fs0x60=0x3bd13850 fs0x68=0x73ebebffdfe0 fs0x71=0x1a44e4f5 fs0x81=0x73ebd1bafaf1 fs0xe1=0xe670000000000062 fs0x13d=0x206 fs0x16f=0x114babdc01 fs0x1e8=0x73ebebffdf28 fs0x13=0x0 fs0x91=0x73ebe400e660 fs0xab=0xe5b23167ed350e87 fs0xb3=0x73ebebffe4d0 fs0xcb=0x73ebebfffce4 fs0x19d=0x73ebebffe4f0 fs0x28=0x73ebebfff6c0 fs0x38=0x7ffc39b438c7 fs0x79=0x55eaa5224bef fs0x89=0x31 fs0x99=0x30 fs0xd3=0x73ebebffe4f0 fs0x107=0x73ebe400e670 fs0x123=0x73ebebffedd0 fs0x128=0x73 fs0x147=0x7ffc39b437c0 ip_w0=0x154 ip_w1=0xe4c ip_w2=0x99 ip_w3=0x158 ip_w4=0xb20e ip_w5=0xc6fa ip_w6=0x1d81 ip_w7=0xe8e0 ip_w8=0x1701 ip_w9=0x879a ip_w10=0xfdb7 ip_w11=0x3a4d ip_w12=0x82cf ip_w13=0x9d3c ip_w14=0x1e8 ip_w15=0xf271 target=0x73ebec09b4b3 target_off=0x9b4b3
[VMTAIL] site=0x9b0c5 count=313 frame=0x73ebec07836d frame_off=0x7836d vm_ip=0x73ebec293233 vm_ip_off=0x293233 vm_flags=0xe4252730 vm_state=0x7a2b3665 vm_byte=0x3a table=0x73ebec0c3718 table_off=0xc3718 rax=0x0 rbx=0x0 rcx=0x73ebec07847c rdx=0x73ebec078555 rsi=0x73ebec0c4228 rdi=0x210 r8=0xb10 r9=0xe5b23167ed350e87 r10=0x73ebec0c2241 r11=0x73ebec29322f r12=0x73ebec078391 r13=0x73ebec078377 r14=0x73e828042041 r15=0x7ffc39b438c7 rbp=0x73ebec07836d rsp=0x73ebebffdf28 fs0x0=0xda3b7e9 fs0x12=0x1 fs0x60=0xfffffffffb78fc48 fs0x68=0x73ebebffdfe0 fs0x71=0x1a44e4f5 fs0x81=0x73ebd1bafaf1 fs0xe1=0xe670000000000062 fs0x13d=0x287 fs0x16f=0x7a2b366501 fs0x1e8=0x73ebebffdf28 fs0x13=0x0 fs0x91=0x73ebe400e660 fs0xab=0xe5b23167ed350e87 fs0xb3=0x13 fs0xcb=0x73ebebfffce4 fs0x19d=0x73ebebffe4f0 fs0x28=0x73ebebfff6c0 fs0x38=0x7ffc39b438c7 fs0x79=0x55eaa5224bef fs0x89=0x31 fs0x99=0x30 fs0xd3=0x73ebebffe4f0 fs0x107=0x73ebe400e670 fs0x123=0x73ebebffedd0 fs0x128=0x73 fs0x147=0x7ffc39b437c0 ip_w0=0xc4 ip_w1=0x6e4f ip_w2=0xf024 ip_w3=0xac0c ip_w4=0x25c4 ip_w5=0x988 ip_w6=0xf107 ip_w7=0xe813 ip_w8=0x9301 ip_w9=0xabea ip_w10=0xb800 ip_w11=0xab3e ip_w12=0xde00 ip_w13=0xb1a7 ip_w14=0x1e8 ip_w15=0x5ac target=0x73ebec0c2241 target_off=0xc2241
[VMTAIL] site=0x9ba72 count=314 frame=0x73ebec07836d frame_off=0x7836d vm_ip=0x73ebec293355 vm_ip_off=0x293355 vm_flags=0x7ffd8cc5 vm_state=0x7fffb7fb vm_byte=0x62 table=0x73ebec0c3718 table_off=0xc3718 rax=0x0 rbx=0x73ebec0784dd rcx=0x73ebec0c3318 rdx=0x64453d00 rsi=0x73ebec09e7af rdi=0x0 r8=0x73ebec0c3d00 r9=0x73ebec078377 r10=0xfffffffffffffbb8 r11=0x73ebec0c3ba8 r12=0x812 r13=0x0 r14=0xffffffffec2fbf1c r15=0x5e8 rbp=0x73ebec07836d rsp=0x73ebebffdfc0 fs0x0=0x6abb3e53 fs0x12=0x0 fs0x60=0x6abb3e53 fs0x68=0x73ebebffdfe0 fs0x71=0x1a44e4f0 fs0x81=0x73ebd1c29ee6 fs0xe1=0xe670000000000062 fs0x13d=0x202 fs0x16f=0x7fffb7fb01 fs0x1e8=0x73ebebffdfc0 fs0x13=0x0 fs0x91=0x73ebe400e660 fs0xab=0xe5b23167ed350e87 fs0xb3=0x1 fs0xcb=0x73ebebfffce4 fs0x19d=0x73ebebffe4f0 fs0x28=0x73ebebfff6c0 fs0x38=0x7ffc39b438c7 fs0x79=0x55eaa5224bef fs0x89=0x31 fs0x99=0x30 fs0xd3=0x73ebebffe4f0 fs0x107=0x73ebe400e670 fs0x123=0x73ebebffedd0 fs0x128=0x73 fs0x147=0x7ffc39b437c0 ip_w0=0xd4b2 ip_w1=0xe234 ip_w2=0x4d0 ip_w3=0x94ec ip_w4=0x3401 ip_w5=0xe80d ip_w6=0x1301 ip_w7=0xac ip_w8=0x13d ip_w9=0xbe77 ip_w10=0x9ae7 ip_w11=0x9dcf ip_w12=0x7a14 ip_w13=0xddb ip_w14=0xba3a ip_w15=0x18b0 target=0x73ebec09e7af target_off=0x9e7af
[VMTAIL] site=0xb86f5 count=315 frame=0x73ebec07836d frame_off=0x7836d vm_ip=0x73ebec29347e vm_ip_off=0x29347e vm_flags=0xee396f18 vm_state=0x694c698c vm_byte=0x3a table=0x73ebec0c3718 table_off=0xc3718 rax=0x73ebec0c40c8 rbx=0x73ebec29347c rcx=0x73ebec2933da rdx=0xffffffffffffffe0 rsi=0x73ebec078377 rdi=0x73ebec07847c r8=0x0 r9=0x558 r10=0x0 r11=0x6a866 r12=0x73ebec0c3c70 r13=0x73ebec09b4b3 r14=0x73ebec07847c r15=0x73ebec078390 rbp=0x73ebec07836d rsp=0x73ebebffdf28 fs0x0=0xda3b7e9 fs0x12=0x73ebebffe4d000 fs0x60=0x73ebfd944f37 fs0x68=0x73ebebffe4d0 fs0x71=0x73ec0644c9bf fs0x81=0x73ebd1c29e91 fs0xe1=0xe670000000000062 fs0x13d=0x202 fs0x16f=0x694c698c01 fs0x1e8=0x73ebebffdf28 fs0x13=0x73ebebffe4d0 fs0x91=0x73ebe400e660 fs0xab=0xe5b23167ed350e87 fs0xb3=0x73ebebffe4d0 fs0xcb=0x73ebebfffce4 fs0x19d=0x73ebebffe4f0 fs0x28=0x73ebebfff6c0 fs0x38=0x7ffc39b438c7 fs0x79=0x55eaa5224bef fs0x89=0x31 fs0x99=0x30 fs0xd3=0x73ebebffe4f0 fs0x107=0x73ebe400e670 fs0x123=0x73ebebffedd0 fs0x128=0x73 fs0x147=0x7ffc39b437c0 ip_w0=0x14d ip_w1=0xe5a3 ip_w2=0x99 ip_w3=0xad8 ip_w4=0xb900 ip_w5=0x9d0a ip_w6=0xe82 ip_w7=0xe834 ip_w8=0x9201 ip_w9=0x41b8 ip_w10=0x60fb ip_w11=0x4208 ip_w12=0xca7b ip_w13=0x6961 ip_w14=0x9aa5 ip_w15=0x1e8 target=0x73ebec09b4b3 target_off=0x9b4b3
[VMTAIL] site=0x81b7c count=316 frame=0x73ebec07836d frame_off=0x7836d vm_ip=0x73ebec2935eb vm_ip_off=0x2935eb vm_flags=0x40000000 vm_state=0x9fe8 vm_byte=0x62 table=0x73ebec0c3718 table_off=0xc3718 rax=0x73ebec0c3918 rbx=0x9b2d0200 rcx=0xffbf rdx=0x73eb740930f5 rsi=0xffffffff80000030 rdi=0x73ebec0784dd r8=0x73ebec085059 r9=0xffffffff800001ad r10=0x73eb73e2fafb r11=0x73ebec078377 r12=0x7821054c r13=0x73ebec0784dd r14=0x0 r15=0x477 rbp=0x73ebec07836d rsp=0x73ebebffdfc0 fs0x0=0xffffffff991fb4c6 fs0x12=0x73ebebffe4d000 fs0x60=0xffffffff991fb4c7 fs0x68=0x73ebebffdfe0 fs0x71=0x1a44e4f5 fs0x81=0x73ebd1c29f31 fs0xe1=0xe670000000000062 fs0x13d=0x297 fs0x16f=0x9fe801 fs0x1e8=0x73ebebffdfc0 fs0x13=0x73ebebffe4d0 fs0x91=0x73ebe400e660 fs0xab=0xe5b23167ed350e87 fs0xb3=0x6 fs0xcb=0x73ebebfffce4 fs0x19d=0x73ebebffe4f0 fs0x28=0x73ebebfff6c0 fs0x38=0x7ffc39b438c7 fs0x79=0x55eaa5224bef fs0x89=0x31 fs0x99=0x30 fs0xd3=0x73ebebffe4f0 fs0x107=0x73ebe400e670 fs0x123=0x73ebebffedd0 fs0x128=0x73 fs0x147=0x7ffc39b437c0 ip_w0=0xc91b ip_w1=0xb3 ip_w2=0xb8de ip_w3=0xddb7 ip_w4=0xb29d ip_w5=0x1a0 ip_w6=0xd770 ip_w7=0x614c ip_w8=0x13d ip_w9=0xa5 ip_w10=0x0 ip_w11=0xf1 ip_w12=0x0 ip_w13=0x13d ip_w14=0xa700 ip_w15=0x6782 target=0x73ebec085059 target_off=0x85059
[VMTAIL] site=0xa1936 count=317 frame=0x73ebec07836d frame_off=0x7836d vm_ip=0x73ebec29360e vm_ip_off=0x29360e vm_flags=0x2d427e84 vm_state=0xc20060 vm_byte=0x62 table=0x73ebec0c3718 table_off=0xc3718 rax=0x73ebec078390 rbx=0xe7d7d8187f48 rcx=0x73ebec0784dd rdx=0x943d34033314 rsi=0x73ebec0784dd rdi=0x460 r8=0x73ebec0784dd r9=0x73ebec0c4481 r10=0xff2e886e r11=0x73ebec078377 r12=0x73ebec094e5a r13=0xffff8c1493f6b0af r14=0x73ebec0c3b78 r15=0xffff8c1413f8816f rbp=0x73ebec07836d rsp=0x73ebebffdfc0 fs0x0=0xfffffffffb78fc3b fs0x12=0x73ebebffe4d000 fs0x60=0xfffffffffb78fc3c fs0x68=0x73ebebffdfe0 fs0x71=0x1a44e4f5 fs0x81=0x73ebd1c29f31 fs0xe1=0xe670000000000062 fs0x13d=0x297 fs0x16f=0xc2006001 fs0x1e8=0x73ebebffdfc0 fs0x13=0x73ebebffe4d0 fs0x91=0x73ebe400e660 fs0xab=0xe5b23167ed350e87 fs0xb3=0x6 fs0xcb=0x73ebebfffce4 fs0x19d=0x73ebebffe4f0 fs0x28=0x73ebebfff6c0 fs0x38=0x7ffc39b438c7 fs0x79=0x55eaa5224bef fs0x89=0x31 fs0x99=0x30 fs0xd3=0x73ebebffe4f0 fs0x107=0x73ebe400e670 fs0x123=0x73ebebffedd0 fs0x128=0x73 fs0x147=0x7ffc39b437c0 ip_w0=0x91f2 ip_w1=0xbb76 ip_w2=0x1e2c ip_w3=0xb93 ip_w4=0x8417 ip_w5=0x1a0 ip_w6=0x6a09 ip_w7=0x7b6c ip_w8=0x13d ip_w9=0xa5 ip_w10=0x0 ip_w11=0x2b62 ip_w12=0x0 ip_w13=0x13d ip_w14=0x9022 ip_w15=0x7000 target=0x73ebec094e5a target_off=0x94e5a
[VMTAIL] site=0x7c308 count=318 frame=0x73ebec07836d frame_off=0x7836d vm_ip=0x73ebec293630 vm_ip_off=0x293630 vm_flags=0x7bd69d5b vm_state=0x803bf7b0 vm_byte=0x62 table=0x73ebec0c3718 table_off=0xc3718 rax=0x73ebec078377 rbx=0x73ebac1a735d rcx=0x73ebec0b0007 rdx=0x852 rsi=0x73ebec0b0007 rdi=0x808 r8=0xd32f0162 r9=0x13280008 r10=0x73ebec078390 r11=0x73ebec0784dd r12=0x1 r13=0x73ebec0c3f78 r14=0x73ebec0784dd r15=0xffffffff80000020 rbp=0x73ebec07836d rsp=0x73ebebffdfc0 fs0x0=0xfffffffffb78fc3b fs0x12=0x73ebebffe4d000 fs0x60=0xfffffffffb78fc38 fs0x68=0x73ebebffdfe0 fs0x71=0x1a44e4f5 fs0x81=0x73ebd1c29f31 fs0xe1=0xe670000000000062 fs0x13d=0x206 fs0x16f=0x803bf7b001 fs0x1e8=0x73ebebffdfc0 fs0x13=0x73ebebffe4d0 fs0x91=0x73ebe400e660 fs0xab=0xe5b23167ed350e87 fs0xb3=0x6 fs0xcb=0x73ebebfffce4 fs0x19d=0x73ebebffe4f0 fs0x28=0x73ebebfff6c0 fs0x38=0x7ffc39b438c7 fs0x79=0x55eaa5224bef fs0x89=0x31 fs0x99=0x30 fs0xd3=0x73ebebffe4f0 fs0x107=0x73ebe400e670 fs0x123=0x73ebebffedd0 fs0x128=0x73 fs0x147=0x7ffc39b437c0 ip_w0=0x9dbf ip_w1=0x69b9 ip_w2=0x211 ip_w3=0x21c1 ip_w4=0xa2ac ip_w5=0x8919 ip_w6=0xf87b ip_w7=0x5b3c ip_w8=0x3dfb ip_w9=0x6201 ip_w10=0x1 ip_w11=0x5b00 ip_w12=0x0 ip_w13=0x3d00 ip_w14=0x1 ip_w15=0x8cb4 target=0x73ebec0b0007 target_off=0xb0007
[TRACE] caller=eac.elf+0x2dc86c open path=/etc/mtab flags=0x0
[TRACE] caller=eac.elf+0x2ef009 opendir path=/dev/disk/by-id/
[TRACE] caller=eac.elf+0x2efed1 readlink path=/dev/disk/by-id/wwn-0x5000c500e5ee7ff3-part1 size=4096
[TRACE] caller=eac.elf+0x2f0707 realpath path=/dev/disk/by-id/../../sda1
[TRACE] caller=eac.elf+0x2efed1 readlink path=/dev/disk/by-id/ata-ST2000DM008-2UB102_ZFL6L34T-part1 size=10
[TRACE] caller=eac.elf+0x2f0707 realpath path=/dev/disk/by-id/../../sda1
[TRACE] caller=eac.elf+0x2efed1 readlink path=/dev/disk/by-id/ata-ST2000DM008-2UB102_ZFL6L34T size=10
[TRACE] caller=eac.elf+0x2f0707 realpath path=/dev/disk/by-id/../../sda
[TRACE] caller=eac.elf+0x2efed1 readlink path=/dev/disk/by-id/wwn-0x5000c500e5ee7ff3 size=9
[TRACE] caller=eac.elf+0x2f0707 realpath path=/dev/disk/by-id/../../sda
[TRACE] caller=eac.elf+0x2efed1 readlink path=/dev/disk/by-id/nvme-Micron_3400_MTFDKBA1T0TFH_22403BB5D67C_1-part1 size=9
[TRACE] caller=eac.elf+0x2f0707 realpath path=/dev/disk/by-id/../../nvm
[TRACE] caller=eac.elf+0x2efed1 readlink path=/dev/disk/by-id/nvme-Micron_3400_MTFDKBA1T0TFH_22403BB5D67C-part1 size=9
[TRACE] caller=eac.elf+0x2f0707 realpath path=/dev/disk/by-id/../../nvm
[TRACE] caller=eac.elf+0x2efed1 readlink path=/dev/disk/by-id/nvme-Micron_3400_MTFDKBA1T0TFH_22403BB5D7B2-part3 size=9
[TRACE] caller=eac.elf+0x2f0707 realpath path=/dev/disk/by-id/../../nvm
[TRACE] caller=eac.elf+0x2efed1 readlink path=/dev/disk/by-id/nvme-Micron_3400_MTFDKBA1T0TFH_22403BB5D7B2-part1 size=9
[TRACE] caller=eac.elf+0x2f0707 realpath path=/dev/disk/by-id/../../nvm
[TRACE] caller=eac.elf+0x2efed1 readlink path=/dev/disk/by-id/nvme-eui.000000000000000100a075223bb5d7b2-part2 size=9
[TRACE] caller=eac.elf+0x2f0707 realpath path=/dev/disk/by-id/../../nvm
[TRACE] caller=eac.elf+0x2efed1 readlink path=/dev/disk/by-id/nvme-eui.000000000000000100a075223bb5d7b2-part3 size=9
[TRACE] caller=eac.elf+0x2f0707 realpath path=/dev/disk/by-id/../../nvm
[TRACE] caller=eac.elf+0x2efed1 readlink path=/dev/disk/by-id/nvme-eui.000000000000000100a075223bb5d67c-part1 size=9
[TRACE] caller=eac.elf+0x2f0707 realpath path=/dev/disk/by-id/../../nvm
[TRACE] caller=eac.elf+0x2efed1 readlink path=/dev/disk/by-id/nvme-Micron_3400_MTFDKBA1T0TFH_22403BB5D7B2_1-part1 size=9
[TRACE] caller=eac.elf+0x2f0707 realpath path=/dev/disk/by-id/../../nvm
[TRACE] caller=eac.elf+0x2efed1 readlink path=/dev/disk/by-id/nvme-Micron_3400_MTFDKBA1T0TFH_22403BB5D7B2-part2 size=9
[TRACE] caller=eac.elf+0x2f0707 realpath path=/dev/disk/by-id/../../nvm
[TRACE] caller=eac.elf+0x2efed1 readlink path=/dev/disk/by-id/nvme-eui.000000000000000100a075223bb5d7b2-part1 size=9
[TRACE] caller=eac.elf+0x2f0707 realpath path=/dev/disk/by-id/../../nvm
[TRACE] caller=eac.elf+0x2efed1 readlink path=/dev/disk/by-id/nvme-Micron_3400_MTFDKBA1T0TFH_22403BB5D7B2_1-part3 size=9
[TRACE] caller=eac.elf+0x2f0707 realpath path=/dev/disk/by-id/../../nvm
[TRACE] caller=eac.elf+0x2efed1 readlink path=/dev/disk/by-id/nvme-Micron_3400_MTFDKBA1T0TFH_22403BB5D7B2_1-part2 size=9
[TRACE] caller=eac.elf+0x2f0707 realpath path=/dev/disk/by-id/../../nvm
[TRACE] caller=eac.elf+0x2efed1 readlink path=/dev/disk/by-id/nvme-Micron_3400_MTFDKBA1T0TFH_22403BB5D7B2 size=9
[TRACE] caller=eac.elf+0x2f0707 realpath path=/dev/disk/by-id/../../nvm
[TRACE] caller=eac.elf+0x2efed1 readlink path=/dev/disk/by-id/nvme-Micron_3400_MTFDKBA1T0TFH_22403BB5D7B2_1 size=9
[TRACE] caller=eac.elf+0x2f0707 realpath path=/dev/disk/by-id/../../nvm
[TRACE] caller=eac.elf+0x2efed1 readlink path=/dev/disk/by-id/nvme-eui.000000000000000100a075223bb5d7b2 size=9
[TRACE] caller=eac.elf+0x2f0707 realpath path=/dev/disk/by-id/../../nvm
[TRACE] caller=eac.elf+0x2efed1 readlink path=/dev/disk/by-id/nvme-Micron_3400_MTFDKBA1T0TFH_22403BB5D67C_1 size=9
[TRACE] caller=eac.elf+0x2f0707 realpath path=/dev/disk/by-id/../../nvm
[TRACE] caller=eac.elf+0x2efed1 readlink path=/dev/disk/by-id/nvme-eui.000000000000000100a075223bb5d67c size=9
[TRACE] caller=eac.elf+0x2f0707 realpath path=/dev/disk/by-id/../../nvm
[TRACE] caller=eac.elf+0x2efed1 readlink path=/dev/disk/by-id/nvme-Micron_3400_MTFDKBA1T0TFH_22403BB5D67C size=9
[TRACE] caller=eac.elf+0x2f0707 realpath path=/dev/disk/by-id/../../nvm
[TRACE] caller=eac.elf+0x2efed1 readlink path=/dev/disk/by-id/usb-ASMT_2235_00000000000000000000-0:0 size=9
[TRACE] caller=eac.elf+0x2f0707 realpath path=/dev/disk/by-id/../../sdb
[VMTAIL] site=0xb7699 count=319 frame=0x73ebec07836d frame_off=0x7836d vm_ip=0x73ebec2bec2e vm_ip_off=0x2bec2e vm_flags=0xb046a7c3 vm_state=0xfaf941e7 vm_byte=0x3a table=0x73ebec0c3718 table_off=0xc3718 rax=0xffff8c1413d591dc rbx=0x73ebec0c3c71 rcx=0x470 rdx=0xffff182827c958e6 rsi=0x73ebec078377 rdi=0x0 r8=0x73ebec09b4b3 r9=0x0 r10=0x73ebec0c3c70 r11=0x17dfc r12=0x73ebec09b4b3 r13=0x73ebec0c3c70 r14=0x0 r15=0x73ebec0784dd rbp=0x73ebec07836d rsp=0x73ebebffdfc0 fs0x0=0x73ebe65c56d1 fs0x12=0x55effbddf63001 fs0x60=0x73ebce876c89 fs0x68=0x73ebebffe108 fs0x71=0x73ec0644c5f7 fs0x81=0x73ebd1c29f31 fs0xe1=0xe670000000000062 fs0x13d=0x202 fs0x16f=0xfaf941e701 fs0x1e8=0x73ebebffdfc0 fs0x13=0x55effbddf630 fs0x91=0x73ebe400e660 fs0xab=0xe5b23167ed350e87 fs0xb3=0x1 fs0xcb=0x73ebebfffce4 fs0x19d=0x73ebe4000880 fs0x28=0x246 fs0x38=0x7ffc39b438c7 fs0x79=0x55eaa5224bbf fs0x89=0x31 fs0x99=0x30 fs0xd3=0x0 fs0x107=0x73ebe400e670 fs0x123=0x73ebebffedd0 fs0x128=0x73 fs0x147=0x7ffc39b437c0 ip_w0=0x9a ip_w1=0x38a0 ip_w2=0x1e8 ip_w3=0xbc3 ip_w4=0x1e8 ip_w5=0x9abc ip_w6=0x993a ip_w7=0x1f30 ip_w8=0x4329 ip_w9=0x3cba ip_w10=0xe1d6 ip_w11=0xc7 ip_w12=0x13d ip_w13=0x637 ip_w14=0x84c1 ip_w15=0x5d12 target=0x73ebec09b4b3 target_off=0x9b4b3
[VMTAIL] site=0xb86f5 count=320 frame=0x73ebec07836d frame_off=0x7836d vm_ip=0x73ebec2bed5d vm_ip_off=0x2bed5d vm_flags=0x40001010 vm_state=0x3f05df58 vm_byte=0x3a table=0x73ebec0c3718 table_off=0xc3718 rax=0x73ebec0c40c8 rbx=0x73ebec2bed5b rcx=0x73ebec2becb9 rdx=0xffffffffffffffe0 rsi=0x73ebec078377 rdi=0x73ebec07847c r8=0x0 r9=0x528 r10=0x0 r11=0x80674d6 r12=0x73ebec0c3c40 r13=0x73ebec09a24c r14=0x73ebec07847c r15=0x73ebec078390 rbp=0x73ebec07836d rsp=0x73ebebffdf28 fs0x0=0xda3b7e9 fs0x12=0x73ebebffe4d001 fs0x60=0x73ec5ea3eaf6 fs0x68=0x73ebebffe4d0 fs0x71=0x73ec0644c9bf fs0x81=0x73ebd1c29e91 fs0xe1=0xe670000000000062 fs0x13d=0x202 fs0x16f=0x3f05df5801 fs0x1e8=0x73ebebffdf28 fs0x13=0x73ebebffe4d0 fs0x91=0x73ebe400e660 fs0xab=0xe5b23167ed350e87 fs0xb3=0x73ebebffe4d0 fs0xcb=0x73ebebfffce4 fs0x19d=0x73ebe4000880 fs0x28=0x246 fs0x38=0x7ffc39b438c7 fs0x79=0x55eaa5224bbf fs0x89=0x31 fs0x99=0x30 fs0xd3=0x0 fs0x107=0x73ebe400e670 fs0x123=0x73ebebffedd0 fs0x128=0x73 fs0x147=0x7ffc39b437c0 ip_w0=0x129 ip_w1=0x2e31 ip_w2=0xa8e7 ip_w3=0x4565 ip_w4=0x60f8 ip_w5=0x7160 ip_w6=0x6cef ip_w7=0xe8f5 ip_w8=0xc901 ip_w9=0x51ec ip_w10=0xf389 ip_w11=0xe364 ip_w12=0xe8ac ip_w13=0x3229 ip_w14=0x1e8 ip_w15=0xf939 target=0x73ebec09a24c target_off=0x9a24c
[TRACE] caller=eac.elf+0x30d25c open path=/proc/cpuinfo flags=0x0
[TRACE] caller=eac.elf+0x2cb09b popen command=lshw -C display 2>/dev/null type=r DENY
[TRACE] caller=eac.elf+0x30d25c open path=/etc/machine-id flags=0x0
[TRACE] caller=eac.elf+0x30d25c open path=/etc/hostname flags=0x0
[TRACE] caller=eac.elf+0x30ac70 open path=/etc/os-release flags=0x0
[TRACE] caller=eac.elf+0x2f9551 open path=/proc/net/route flags=0x0
[TRACE] caller=eac.elf+0x305069 opendir path=/sys/class/net
[TRACE] caller=eac.elf+0x305d88 readlink path=/sys/class/net/enxce0c6f149a89 size=4096
[TRACE] caller=eac.elf+0x306735 realpath path=/sys/class/net/../../devices/pci0000:00/0000:00:14.0/usb1/1-7/1-7:1.0/net/enxce0c6f149a89
[TRACE] caller=eac.elf+0x30d25c open path=/sys/devices/pci0000:00/0000:00:14.0/usb1/1-7/1-7:1.0/net/enxce0c6f149a89/address flags=0x0
[TRACE] caller=eac.elf+0x58b24 open path=/proc/self/maps flags=0x0
[TRACE] caller=eac.elf+0x350c8d getenv name=LD_PRELOAD -> set
[TRACE] caller=eac.elf+0x35284b getenv name=LD_AUDIT -> null
[TRACE] caller=eac.elf+0x3909b readlink path=/proc/self/exe size=4096
[TRACE] caller=eac.elf+0x3909b readlink path=/proc/self/exe size=4096
[TRACE] caller=eac.elf+0x2042b6 fopen path=/models/dev/sc-rev/eac/eacsym/driver mode=rb
[TRACE] caller=eac.elf+0x58b24 open path=/proc/modules flags=0x0
[TRACE] caller=driver+0x66f4 getenv name=EAC_DUMP_DIR -> null
[TRACE] caller=driver+0x26c5 getenv name=EAC_FAST_EXIT -> set
[DRIVER] fast exit
[TRACE] caller=timeout+0x32543c munmap addr=0x76edf559b000 len=0x3000
