source_entry	source_target	path_hash	events	target_matched_events	target_coverage_pct	ip_matched_events	ip_coverage_pct	statuses	top_actual_targets	path
307	0xb8064	53af157f8d5a451e	6610	6610	100.0	6610	100.0	ok:6610	174@0x9bd8f:418,157@0x98a9a:391,26@0x7dbbb:389,114@0x90319:383,340@0xbf435:337,196@0x9fbcd:327,161@0x9975a:322,337@0xbec0e:281	0xb80ac:je:0;0xb8188:je:1
258	0xadf2c	4be73f077fec7fc7	6275	6275	100.0	6275	100.0	ok:6275	215@0xa4609:640,43@0x8173d:598,307@0xb8064:571,18@0x7be9b:345,26@0x7dbbb:308,315@0xb9451:295,184@0x9d694:267,297@0xb64d7:258	0xadf51:je:1;0xadfe1:je:0
347	0xc088d	cb333c548cc440f3	5868	5868	100.0	5868	100.0	ok:5868	168@0x9aa83:626,174@0x9bd8f:457,28@0x7e390:455,18@0x7be9b:364,158@0x99029:350,20@0x7c62b:336,185@0x9d964:206,307@0xb8064:196	0xc093d:je:0;0xc09c2:je:1
337	0xbec0e	c8492588f16e2cbb	5158	5158	100.0	5158	100.0	ok:5158	66@0x855ff:430,315@0xb9451:289,297@0xb64d7:229,123@0x91a59:186,176@0x9c10b:178,43@0x8173d:178,18@0x7be9b:167,28@0x7e390:166	0xbec7a:je:0;0xbeea3:je:0;0xbeee0:je:0;0xbef44:je:0;0xbef67:je:0;0xbefac:je:0
199	0xa0631	454bb50b5a012434	4835	4835	100.0	4835	100.0	ok:4835	258@0xadf2c:429,184@0x9d694:424,114@0x90319:337,203@0xa1484:290,340@0xbf435:249,64@0x85059:197,189@0x9e7af:195,161@0x9975a:144	0xa0676:je:1;0xa0921:je:0;0xa094b:je:0;0xa0985:je:0
18	0x7be9b	bdfe2dc323c2ac6d	4728	4728	100.0	4728	100.0	ok:4728	114@0x90319:436,258@0xadf2c:381,337@0xbec0e:223,174@0x9bd8f:205,347@0xc088d:205,20@0x7c62b:184,196@0x9fbcd:182,189@0x9e7af:178	0x7bed4:je:0;0x7befe:je:1;0x7bfe0:je:1;0x7c17e:je:0
66	0x855ff	f47171d373278492	4708	4708	100.0	4708	100.0	ok:4708	337@0xbec0e:443,123@0x91a59:392,340@0xbf435:344,189@0x9e7af:332,158@0x99029:301,64@0x85059:289,176@0x9c10b:163,184@0x9d694:157	0x85621:je:0;0x8566a:je:1;0x856f1:je:0;0x858d5:je:0
215	0xa4609	3c30635855970371	4283	4283	100.0	4283	100.0	ok:4283	114@0x90319:399,196@0x9fbcd:377,172@0x9b68a:290,337@0xbec0e:226,340@0xbf435:175,157@0x98a9a:162,268@0xb0007:158,20@0x7c62b:154	0xa4667:je:1;0xa46a3:je:1;0xa4746:je:1;0xa47d6:je:1
196	0x9fbcd	44a20faf942e72a8	4088	4088	100.0	4088	100.0	ok:4088	340@0xbf435:555,66@0x855ff:501,18@0x7be9b:338,215@0xa4609:287,189@0x9e7af:202,347@0xc088d:117,305@0xb78b0:111,258@0xadf2c:101	0x9fd8f:je:1;0x9fdf5:je:1
297	0xb64d7	6091fdb2f82dc3fb	4065	4065	100.0	4065	100.0	ok:4065	196@0x9fbcd:493,347@0xc088d:424,203@0xa1484:299,258@0xadf2c:205,340@0xbf435:185,174@0x9bd8f:168,337@0xbec0e:124,43@0x8173d:94	0xb64f9:je:0;0xb651f:je:0;0xb654f:je:1;0xb65c8:je:0;0xb65f5:je:1
340	0xbf435	02ae05a16ed89aae	4010	4010	100.0	4010	100.0	ok:4010	307@0xb8064:367,28@0x7e390:362,287@0xb45d2:254,345@0xc02e4:248,215@0xa4609:180,333@0xbd8af:173,18@0x7be9b:172,297@0xb64d7:147	0xbf457:je:0;0xbf48f:je:1;0xbf4d7:je:0
185	0x9d964	fec4d0c2dccf8472	3823	3823	100.0	3823	100.0	ok:3823	168@0x9aa83:251,203@0xa1484:251,347@0xc088d:250,337@0xbec0e:242,172@0x9b68a:203,64@0x85059:142,123@0x91a59:132,174@0x9bd8f:131	0x9da8d:je:0;0x9dace:je:0;0x9db05:je:0;0x9db82:je:1
189	0x9e7af	0474812a78a0c853	3804	3804	100.0	3804	100.0	ok:3804	307@0xb8064:424,297@0xb64d7:396,184@0x9d694:321,30@0x7e849:255,215@0xa4609:209,18@0x7be9b:161,28@0x7e390:139,66@0x855ff:137	0x9e84f:je:0;0x9e880:je:0;0x9e8d1:je:0
333	0xbd8af	5dba04465e0f3b28	3475	3475	100.0	3475	100.0	ok:3475	305@0xb78b0:326,215@0xa4609:322,258@0xadf2c:294,337@0xbec0e:173,243@0xaab6a:152,28@0x7e390:142,114@0x90319:138,64@0x85059:127	0xbd8d9:je:0;0xbd9ec:je:0;0xbda3c:je:0
64	0x85059	362f895a05304b24	3435	3435	100.0	3435	100.0	ok:3435	199@0xa0631:332,121@0x91379:276,18@0x7be9b:247,28@0x7e390:233,215@0xa4609:221,185@0x9d964:161,307@0xb8064:158,66@0x855ff:138	0x8507f:je:1;0x850d9:je:1
258	0xadf2c	9273c2ebf377ada8	3418	3418	100.0	3418	100.0	ok:3418	172@0x9b68a:366,176@0x9c10b:328,157@0x98a9a:323,297@0xb64d7:222,199@0xa0631:171,18@0x7be9b:110,333@0xbd8af:108,66@0x855ff:106	0xadf51:je:0;0xadfe1:je:1
174	0x9bd8f	1d005b75b3304463	3318	3318	100.0	3318	100.0	ok:3318	114@0x90319:446,258@0xadf2c:409,199@0xa0631:294,28@0x7e390:254,347@0xc088d:241,307@0xb8064:189,185@0x9d964:184,189@0x9e7af:173	0x9bf10:jne:1
189	0x9e7af	8589bd83a0e8cea0	3116	3116	100.0	3116	100.0	ok:3116	43@0x8173d:519,18@0x7be9b:194,28@0x7e390:162,161@0x9975a:147,174@0x9bd8f:123,215@0xa4609:88,199@0xa0631:87,185@0x9d964:79	0x9e84f:je:1;0x9e880:je:0;0x9e8d1:je:0
184	0x9d694	e4bc9d81d7bb0910	3100	3100	100.0	3100	100.0	ok:3100	28@0x7e390:471,66@0x855ff:426,337@0xbec0e:394,340@0xbf435:250,64@0x85059:182,114@0x90319:161,18@0x7be9b:159,347@0xc088d:125	0x9d710:jne:1
28	0x7e390	9b3b818dc141b14f	3051	3051	100.0	3051	100.0	ok:3051	189@0x9e7af:460,347@0xc088d:455,168@0x9aa83:264,287@0xb45d2:263,258@0xadf2c:163,64@0x85059:140,123@0x91a59:127,174@0x9bd8f:124	0x7e549:je:1;0x7e584:je:1;0x7e5dc:je:0;0x7e604:je:0
28	0x7e390	e0fd2755e33377c7	2924	2924	100.0	2924	100.0	ok:2924	347@0xc088d:387,20@0x7c62b:279,340@0xbf435:158,114@0x90319:151,258@0xadf2c:142,189@0x9e7af:138,158@0x99029:111,43@0x8173d:96	0x7e549:je:0;0x7e584:je:0;0x7e5dc:je:0;0x7e604:je:0
215	0xa4609	93bcd881b4003839	2838	2838	100.0	2838	100.0	ok:2838	189@0x9e7af:389,258@0xadf2c:312,347@0xc088d:305,123@0x91a59:290,301@0xb708d:262,300@0xb6c36:256,337@0xbec0e:163,176@0x9c10b:95	0xa4667:je:0;0xa46a3:je:0;0xa4746:je:0;0xa47d6:je:1
114	0x90319	6d97aa419b6e45b1	2743	2743	100.0	2743	100.0	ok:2743	199@0xa0631:369,268@0xb0007:291,37@0x80685:234,66@0x855ff:136,18@0x7be9b:133,185@0x9d964:122,215@0xa4609:115,297@0xb64d7:108	0x90334:je:0;0x903d9:je:1;0x904a4:je:1;0x904ed:je:1;0x9052b:je:1
64	0x85059	4db1c9febad343e7	2740	2740	100.0	2740	100.0	ok:2740	28@0x7e390:351,215@0xa4609:189,161@0x9975a:139,43@0x8173d:139,184@0x9d694:136,243@0xaab6a:113,18@0x7be9b:93,157@0x98a9a:92	0x8507f:je:0;0x850d9:je:1
340	0xbf435	2a0ce8aa7d3ecb4e	2661	2661	100.0	2661	100.0	ok:2661	161@0x9975a:286,66@0x855ff:272,18@0x7be9b:125,158@0x99029:115,20@0x7c62b:107,305@0xb78b0:103,176@0x9c10b:98,28@0x7e390:93	0xbf457:je:0;0xbf48f:je:0;0xbf4d7:je:0
43	0x8173d	6350e9318aa572ff	2585	2585	100.0	2585	100.0	ok:2585	258@0xadf2c:315,340@0xbf435:177,307@0xb8064:156,18@0x7be9b:152,28@0x7e390:141,66@0x855ff:136,346@0xc0535:127,215@0xa4609:109	0x81762:je:0;0x817a0:je:1;0x81818:je:0
43	0x8173d	b3c385ba08ea674a	2558	2558	100.0	2558	100.0	ok:2558	26@0x7dbbb:499,347@0xc088d:396,199@0xa0631:290,287@0xb45d2:89,340@0xbf435:78,305@0xb78b0:70,258@0xadf2c:69,337@0xbec0e:68	0x81762:je:0;0x817a0:je:0;0x81818:je:0
172	0x9b68a	5946e91076802daf	2423	2423	100.0	2423	100.0	ok:2423	28@0x7e390:328,199@0xa0631:286,332@0xbd36d:257,258@0xadf2c:147,66@0x855ff:134,114@0x90319:127,18@0x7be9b:112,185@0x9d964:107	0x9b76c:je:1
28	0x7e390	a584853ff2ab10f8	2373	2373	100.0	2373	100.0	ok:2373	43@0x8173d:358,347@0xc088d:294,114@0x90319:124,258@0xadf2c:110,337@0xbec0e:92,189@0x9e7af:84,176@0x9c10b:65,340@0xbf435:60	0x7e549:je:0;0x7e584:je:1;0x7e5dc:je:0;0x7e604:je:0
185	0x9d964	095a648478af979e	2349	2349	100.0	2349	100.0	ok:2349	168@0x9aa83:187,203@0xa1484:180,347@0xc088d:166,337@0xbec0e:165,172@0x9b68a:136,220@0xa522e:125,64@0x85059:95,123@0x91a59:93	0x9da8d:je:0;0x9dace:je:0;0x9db05:je:0;0x9db82:je:0
337	0xbec0e	70340f3100826d12	2344	2344	100.0	2344	100.0	ok:2344	196@0x9fbcd:262,297@0xb64d7:160,185@0x9d964:139,3@0x78c77:132,215@0xa4609:128,28@0x7e390:125,305@0xb78b0:98,172@0x9b68a:90	0xbec7a:je:0;0xbeea3:je:0;0xbeee0:je:0;0xbef44:je:0;0xbef67:je:1;0xbefac:je:0
168	0x9aa83	8eac2b09ff5fd809	2276	2276	100.0	2276	100.0	ok:2276	315@0xb9451:474,340@0xbf435:276,258@0xadf2c:156,64@0x85059:94,114@0x90319:76,305@0xb78b0:71,307@0xb8064:64,26@0x7dbbb:63	0x9aa9c:je:1;0x9aadd:je:1;0x9ab2f:je:1;0x9ab7f:je:0;0x9ad6a:je:0;0x9ad85:je:0
347	0xc088d	98d7cb445c7961a8	2260	2260	100.0	2260	100.0	ok:2260	37@0x80685:319,18@0x7be9b:274,128@0x9299b:256,307@0xb8064:189,297@0xb64d7:101,315@0xb9451:90,43@0x8173d:81,66@0x855ff:72	0xc093d:je:0;0xc09c2:je:0
172	0x9b68a	9f43d3ef44650cf6	2107	2107	100.0	2107	100.0	ok:2107	128@0x9299b:261,307@0xb8064:261,254@0xad32c:260,260@0xae90b:257,189@0x9e7af:146,340@0xbf435:69,215@0xa4609:66,346@0xc0535:52	0x9b76c:je:0
315	0xb9451	856d4d06835c131a	2024	2024	100.0	2024	100.0	ok:2024	28@0x7e390:326,167@0x9a8d2:280,347@0xc088d:280,258@0xadf2c:99,199@0xa0631:97,337@0xbec0e:90,307@0xb8064:89,196@0x9fbcd:86	0xb94cc:je:1;0xb961d:jne:1;0xb9652:jne:1;0xb9690:je:0;0xb969f:je:0;0xb971f:je:0
18	0x7be9b	30ead7f21142b97e	2010	2010	100.0	2010	100.0	ok:2010	347@0xc088d:335,114@0x90319:297,174@0x9bd8f:90,161@0x9975a:81,64@0x85059:72,189@0x9e7af:70,123@0x91a59:68,258@0xadf2c:66	0x7bed4:je:0;0x7befe:je:0;0x7bfe0:je:0;0x7c17e:je:0
305	0xb78b0	e9d3813fa05892b0	1981	1981	100.0	1981	100.0	ok:1981	189@0x9e7af:318,199@0xa0631:256,307@0xb8064:170,297@0xb64d7:147,268@0xb0007:136,157@0x98a9a:109,338@0xbf128:76,28@0x7e390:74	0xb78db:je:0;0xb7924:je:1;0xb7978:jne:1;0xb7988:jne:1;0xb79a8:je:0;0xb79b7:je:0;0xb7a13:je:0;0xb7a4c:je:0
49	0x82820	14dc36f04060df7a	1844	1844	100.0	1844	100.0	ok:1844	144@0x95887:471,198@0xa037e:361,257@0xadbfd:320,108@0x8f24b:261,160@0x994cf:145,173@0x9ba74:135,352@0xc1ec4:110,256@0xad849:41	0x829d6:je:0;0x82c04:je:1;0x82cc1:je:0
203	0xa1484	4292cfe2955518a7	1771	1771	100.0	1771	100.0	ok:1771	297@0xb64d7:365,258@0xadf2c:332,199@0xa0631:72,66@0x855ff:67,18@0x7be9b:66,300@0xb6c36:66,64@0x85059:60,114@0x90319:55	0xa149f:je:1;0xa1781:je:0
161	0x9975a	0cf4855e16d07afb	1767	1767	100.0	1767	100.0	ok:1767	66@0x855ff:342,18@0x7be9b:299,28@0x7e390:154,258@0xadf2c:129,347@0xc088d:94,337@0xbec0e:91,340@0xbf435:91,215@0xa4609:70	0x99779:je:0;0x9988f:jne:1;0x9994f:je:0
297	0xb64d7	1438e06c94d04486	1718	1718	100.0	1718	100.0	ok:1718	333@0xbd8af:252,260@0xae90b:233,268@0xb0007:112,340@0xbf435:110,184@0x9d694:102,258@0xadf2c:98,347@0xc088d:88,189@0x9e7af:68	0xb64f9:je:0;0xb651f:je:0;0xb654f:je:0;0xb65c8:je:0;0xb65f5:je:1
168	0x9aa83	c62eeb38897cc019	1661	1661	100.0	1661	100.0	ok:1661	189@0x9e7af:270,337@0xbec0e:263,347@0xc088d:246,258@0xadf2c:100,254@0xad32c:64,215@0xa4609:51,26@0x7dbbb:49,346@0xc0535:49	0x9aa9c:je:0;0x9aadd:je:1;0x9ab2f:je:1;0x9ab7f:je:0;0x9ad6a:je:0;0x9ad85:je:0
66	0x855ff	213fac87c7056b3c	1654	1654	100.0	1654	100.0	ok:1654	300@0xb6c36:233,64@0x85059:119,340@0xbf435:108,315@0xb9451:81,258@0xadf2c:80,189@0x9e7af:70,337@0xbec0e:70,114@0x90319:56	0x85621:je:0;0x8566a:je:0;0x856f1:je:0;0x858d5:je:0
268	0xb0007	0465db1cd6ce279e	1618	1618	100.0	1618	100.0	ok:1618	243@0xaab6a:300,301@0xb708d:170,185@0x9d964:122,64@0x85059:95,346@0xc0535:87,18@0x7be9b:85,189@0x9e7af:80,340@0xbf435:47	0xb01e9:je:0;0xb0218:je:0;0xb026a:je:1;0xb029a:je:0;0xb02eb:je:0;0xb0307:je:1
158	0x99029	cf24ba4d3b8dd524	1603	1603	100.0	1603	100.0	ok:1603	340@0xbf435:343,258@0xadf2c:294,18@0x7be9b:109,337@0xbec0e:100,261@0xaeda2:92,347@0xc088d:87,189@0x9e7af:79,66@0x855ff:73	0x99071:je:1;0x990e7:jne:1
176	0x9c10b	bbe0d482f93ad097	1598	1598	100.0	1598	100.0	ok:1598	28@0x7e390:340,307@0xb8064:157,337@0xbec0e:138,114@0x90319:136,189@0x9e7af:130,18@0x7be9b:101,340@0xbf435:100,64@0x85059:75	0x9c1c7:jne:1;0x9c215:je:1;0x9c25d:je:0
300	0xb6c36	833b04476f7a3399	1560	1560	100.0	1560	100.0	ok:1560	258@0xadf2c:260,220@0xa522e:240,185@0x9d964:239,333@0xbd8af:239,337@0xbec0e:239,297@0xb64d7:127,301@0xb708d:60,183@0x9d495:47	0xb6c57:je:0;0xb6c87:je:0;0xb6d00:je:1;0xb6f5c:je:0
157	0x98a9a	674a4baf101eb4d8	1558	1558	100.0	1558	100.0	ok:1558	258@0xadf2c:332,66@0x855ff:303,185@0x9d964:101,199@0xa0631:97,118@0x90c23:64,148@0x96b6e:64,28@0x7e390:59,337@0xbec0e:49	0x98ab4:je:1;0x98afb:je:1;0x98b42:je:1;0x98d6b:je:1;0x98db0:je:1;0x98e31:je:0;0x98e54:je:1
203	0xa1484	1f7d4c17755b5949	1512	1512	100.0	1512	100.0	ok:1512	315@0xb9451:265,52@0x833c7:256,347@0xc088d:100,346@0xc0535:93,220@0xa522e:67,320@0xbada5:67,300@0xb6c36:65,340@0xbf435:56	0xa149f:je:0;0xa1781:je:0
287	0xb45d2	bae1d16b43d47f2d	1510	1510	100.0	1510	100.0	ok:1510	199@0xa0631:304,172@0x9b68a:150,347@0xc088d:130,307@0xb8064:95,189@0x9e7af:77,196@0x9fbcd:75,43@0x8173d:73,258@0xadf2c:63	0xb461d:je:0;0xb464a:je:1;0xb468d:je:0;0xb46fa:je:1;0xb47a7:jne:1;0xb47b8:jne:1;0xb47d9:je:0;0xb47e8:je:0;0xb4810:je:0
173	0x9ba74	45fd438f0ec970b1	1457	1457	100.0	1457	100.0	ok:1457	349@0xc140b:263,340@0xbf435:104,28@0x7e390:103,185@0x9d964:84,203@0xa1484:74,297@0xb64d7:73,254@0xad32c:70,291@0xb4edd:64	0x9bb4a:jne:1;0x9bb57:jne:1;0x9bb65:jne:1;0x9bb91:jne:0;0x9bbb5:je:0;0x9bbfa:je:0
332	0xbd36d	074498403375c74b	1429	1429	100.0	1429	100.0	ok:1429	347@0xc088d:265,114@0x90319:256,319@0xba72f:256,99@0x8c99a:256,258@0xadf2c:92,340@0xbf435:73,91@0x8b6de:31,18@0x7be9b:26	0xbd488:je:0;0xbd544:je:0;0xbd6ed:je:1;0xbd73d:je:1
114	0x90319	9062c46ada00e046	1420	1420	100.0	1420	100.0	ok:1420	185@0x9d964:267,158@0x99029:244,215@0xa4609:138,307@0xb8064:102,20@0x7c62b:65,18@0x7be9b:63,196@0x9fbcd:57,66@0x855ff:47	0x90334:je:0;0x903d9:je:1;0x904a4:je:0;0x904ed:je:1;0x9052b:je:1
114	0x90319	2d4f31d7d7d3afb9	1398	1398	100.0	1398	100.0	ok:1398	66@0x855ff:365,20@0x7c62b:129,315@0xb9451:85,307@0xb8064:62,250@0xac802:55,199@0xa0631:45,161@0x9975a:42,18@0x7be9b:38	0x90334:je:0;0x903d9:je:0;0x904a4:je:1;0x904ed:je:1;0x9052b:je:1
199	0xa0631	a3fd491b93ac1355	1364	1364	100.0	1364	100.0	ok:1364	127@0x926c3:255,258@0xadf2c:79,189@0x9e7af:76,43@0x8173d:75,273@0xb11ca:68,174@0x9bd8f:58,340@0xbf435:45,196@0x9fbcd:44	0xa0676:je:0;0xa0921:je:0;0xa094b:je:0;0xa0985:je:0
108	0x8f24b	8877d7eba92eb84b	1363	1363	100.0	1363	100.0	ok:1363	337@0xbec0e:291,333@0xbd8af:279,345@0xc02e4:88,307@0xb8064:81,260@0xae90b:68,172@0x9b68a:67,208@0xa2361:64,199@0xa0631:30	0x8f368:jne:1;0x8f38e:jne:1;0x8f3a8:jne:1;0x8f438:jne:0;0x8f4f4:je:1;0x8f53a:je:0;0x8f55b:je:1
243	0xaab6a	72733eb95153883e	1341	1341	100.0	1341	100.0	ok:1341	307@0xb8064:317,28@0x7e390:108,114@0x90319:94,338@0xbf128:83,18@0x7be9b:78,66@0x855ff:75,185@0x9d964:62,189@0x9e7af:57	0xaac27:je:0;0xaad24:jne:1;0xaad35:jne:1;0xaad56:je:0;0xaad65:je:0
33	0x7f7c4	462a88e3c9a1365d	1295	1295	100.0	1295	100.0	ok:1295	297@0xb64d7:282,307@0xb8064:88,157@0x98a9a:76,114@0x90319:65,258@0xadf2c:61,64@0x85059:59,172@0x9b68a:56,167@0x9a8d2:52	0x7f7fd:je:1;0x7f845:je:1;0x7f916:jne:1;0x7f927:jne:1;0x7f94a:je:0;0x7f95a:je:0;0x7f983:je:0;0x7f9b7:je:1;0x7f9e8:je:1
114	0x90319	102f846cb456dd47	1293	1293	100.0	1293	100.0	ok:1293	287@0xb45d2:245,332@0xbd36d:234,185@0x9d964:76,66@0x855ff:69,43@0x8173d:58,154@0x97ce6:56,307@0xb8064:49,28@0x7e390:46	0x90334:je:0;0x903d9:je:0;0x904a4:je:0;0x904ed:je:1;0x9052b:je:1
257	0xadbfd	9572ab8966df7a4c	1285	1285	100.0	1285	100.0	ok:1285	172@0x9b68a:769,43@0x8173d:262,28@0x7e390:19,168@0x9aa83:16,333@0xbd8af:16,347@0xc088d:13,124@0x91e81:11,203@0xa1484:11	0xadc1e:je:0;0xadcc0:jne:1;0xadccc:jne:1;0xadcd9:jne:1;0xadd06:jne:0;0xadd6a:je:0;0xadda4:je:0
20	0x7c62b	c81d765888be54d9	1280	1280	100.0	1280	100.0	ok:1280	181@0x9d13f:256,66@0x855ff:128,114@0x90319:120,297@0xb64d7:84,347@0xc088d:81,189@0x9e7af:72,337@0xbec0e:72,185@0x9d964:69	0x7c649:je:0;0x7c702:je:1;0x7c858:jne:1
315	0xb9451	6ac4fb503bb44b35	1274	1274	100.0	1274	100.0	ok:1274	215@0xa4609:288,28@0x7e390:278,114@0x90319:80,297@0xb64d7:73,157@0x98a9a:59,43@0x8173d:46,338@0xbf128:44,340@0xbf435:41	0xb94cc:je:0;0xb961d:jne:1;0xb9652:jne:1;0xb9690:je:0;0xb969f:je:0;0xb971f:je:0
160	0x994cf	561db656c124c784	1267	1267	100.0	1267	100.0	ok:1267	172@0x9b68a:260,350@0xc1926:256,43@0x8173d:85,215@0xa4609:75,185@0x9d964:70,307@0xb8064:70,333@0xbd8af:64,18@0x7be9b:41	0x99521:jne:1;0x9952e:jne:1;0x9953c:jne:1;0x9956c:jne:0;0x995b7:je:1
301	0xb708d	10c8c7c12593d729	1239	1239	100.0	1239	100.0	ok:1239	160@0x994cf:457,352@0xc1ec4:282,198@0xa037e:244,257@0xadbfd:70,256@0xad849:65,173@0x9ba74:50,144@0x95887:39,108@0x8f24b:32	0xb7140:je:0;0xb71c5:je:0;0xb720a:je:0;0xb726f:je:1;0xb72a8:je:0;0xb73b9:je:1
157	0x98a9a	72c0228628af92a9	1227	1227	100.0	1227	100.0	ok:1227	201@0xa0dca:261,28@0x7e390:72,340@0xbf435:71,154@0x97ce6:66,52@0x833c7:65,118@0x90c23:64,185@0x9d964:54,66@0x855ff:51	0x98ab4:je:1;0x98afb:je:1;0x98b42:je:1;0x98d6b:je:0;0x98db0:je:0;0x98e31:je:0;0x98e54:je:0
26	0x7dbbb	433dde54934b5cb8	1190	1190	100.0	1190	100.0	ok:1190	114@0x90319:302,43@0x8173d:106,258@0xadf2c:104,268@0xb0007:84,157@0x98a9a:81,347@0xc088d:49,28@0x7e390:47,18@0x7be9b:40	0x7dc03:je:1;0x7dc9b:je:0;0x7dd00:je:0;0x7dd5d:je:1;0x7ddeb:jne:1;0x7ddfc:jne:1;0x7de1d:je:0;0x7de2c:je:0;0x7de4d:je:0;0x7dea3:je:1
198	0xa037e	280c64f01840924f	1182	1182	100.0	1182	100.0	ok:1182	18@0x7be9b:240,185@0x9d964:231,332@0xbd36d:60,90@0x8b334:58,157@0x98a9a:36,268@0xb0007:34,333@0xbd8af:33,66@0x855ff:33	0xa0391:je:0;0xa04a9:jne:1;0xa04b6:jne:1;0xa04c4:jne:1;0xa04f1:jne:0
256	0xad849	1413958a75f2cf9a	1176	1176	100.0	1176	100.0	ok:1176	340@0xbf435:295,157@0x98a9a:78,268@0xb0007:75,337@0xbec0e:73,273@0xb11ca:66,189@0x9e7af:51,114@0x90319:40,168@0x9aa83:38	0xad89b:jne:1;0xad8a7:jne:1;0xad8b4:jne:1;0xad8e1:jne:0;0xad973:je:0;0xad9da:je:0;0xada6f:je:0
350	0xc1926	4fe792b99d9f1417	1176	1176	100.0	1176	100.0	ok:1176	258@0xadf2c:257,281@0xb2db6:257,114@0x90319:80,215@0xa4609:67,185@0x9d964:66,220@0xa522e:64,320@0xbada5:64,183@0x9d495:62	0xc1974:je:0
123	0x91a59	fdf7985107851946	1153	1153	100.0	1153	100.0	ok:1153	18@0x7be9b:256,114@0x90319:125,199@0xa0631:90,347@0xc088d:88,66@0x855ff:77,337@0xbec0e:65,64@0x85059:63,215@0xa4609:59	0x91a6a:je:0;0x91be2:jne:1;0x91c91:je:1;0x91cd7:je:0;0x91d11:je:1
346	0xc0535	7b6c336f65e8be9b	1140	1140	100.0	1140	100.0	ok:1140	114@0x90319:92,28@0x7e390:88,168@0x9aa83:84,66@0x855ff:83,157@0x98a9a:73,258@0xadf2c:65,64@0x85059:63,337@0xbec0e:62	0xc056a:je:0;0xc05d7:je:1;0xc0628:je:0;0xc064e:je:0;0xc06a9:jne:1;0xc06ba:jne:1;0xc06dc:je:0;0xc06ec:je:0;0xc074c:je:1
287	0xb45d2	85b8f11eb2613f99	1102	1102	100.0	1102	100.0	ok:1102	297@0xb64d7:309,28@0x7e390:288,258@0xadf2c:40,340@0xbf435:38,189@0x9e7af:32,307@0xb8064:32,338@0xbf128:29,66@0x855ff:29	0xb461d:je:0;0xb464a:je:0;0xb468d:je:0;0xb46fa:je:1;0xb47a7:jne:1;0xb47b8:jne:1;0xb47d9:je:0;0xb47e8:je:0;0xb4810:je:0
157	0x98a9a	fba811183513b6e0	1073	1073	100.0	1073	100.0	ok:1073	18@0x7be9b:257,346@0xc0535:83,179@0x9ca8d:68,66@0x855ff:67,49@0x82820:66,83@0x8947b:65,337@0xbec0e:60,189@0x9e7af:49	0x98ab4:je:0;0x98afb:je:1;0x98b42:je:1;0x98d6b:je:0;0x98db0:je:0;0x98e31:je:0;0x98e54:je:0
273	0xb11ca	e3b0c44298fc1c14	1072	1072	100.0	1072	100.0	ok:1072	199@0xa0631:258,183@0x9d495:93,196@0x9fbcd:81,347@0xc088d:78,64@0x85059:68,307@0xb8064:67,105@0x8e6b4:64,70@0x8610e:64	-
171	0x9b4b3	6a4f585c5930d681	1069	1069	100.0	1069	100.0	ok:1069	196@0x9fbcd:351,322@0xbb3c9:256,337@0xbec0e:73,185@0x9d964:69,333@0xbd8af:29,43@0x8173d:28,340@0xbf435:23,66@0x855ff:22	0x9b594:je:1
220	0xa522e	2b46c944c8ee5aef	1037	1037	100.0	1037	100.0	ok:1037	144@0x95887:316,198@0xa037e:275,173@0x9ba74:120,256@0xad849:117,352@0xc1ec4:102,160@0x994cf:45,108@0x8f24b:42,257@0xadbfd:20	0xa52aa:je:0;0xa5428:je:0;0xa54c3:je:0;0xa565d:je:1
158	0x99029	f28d957b796a4608	1029	1029	100.0	1029	100.0	ok:1029	64@0x85059:354,307@0xb8064:94,114@0x90319:81,18@0x7be9b:61,340@0xbf435:53,258@0xadf2c:47,181@0x9d13f:42,189@0x9e7af:38	0x99071:je:0;0x990e7:jne:1
157	0x98a9a	b6de45798a7e1422	975	975	100.0	975	100.0	ok:975	189@0x9e7af:260,185@0x9d964:93,64@0x85059:86,319@0xba72f:69,260@0xae90b:65,199@0xa0631:55,340@0xbf435:48,26@0x7dbbb:33	0x98ab4:je:0;0x98afb:je:1;0x98b42:je:1;0x98d6b:je:1;0x98db0:je:1;0x98e31:je:0;0x98e54:je:1
26	0x7dbbb	4676bd26495ff772	971	971	100.0	971	100.0	ok:971	157@0x98a9a:280,168@0x9aa83:257,337@0xbec0e:108,66@0x855ff:67,340@0xbf435:35,185@0x9d964:32,199@0xa0631:30,64@0x85059:29	0x7dc03:je:0;0x7dc9b:je:1;0x7dd00:je:1;0x7dd5d:je:1;0x7ddeb:jne:1;0x7ddfc:jne:1;0x7de1d:je:0;0x7de2c:je:0;0x7de4d:je:0;0x7dea3:je:0
268	0xb0007	0fdc3b6a88369fd7	957	957	100.0	957	100.0	ok:957	49@0x82820:110,301@0xb708d:85,114@0x90319:81,243@0xaab6a:77,127@0x926c3:64,64@0x85059:53,189@0x9e7af:51,185@0x9d964:48	0xb01e9:je:1;0xb0218:je:0;0xb026a:je:1;0xb029a:je:0;0xb02eb:je:0;0xb0307:je:1
20	0x7c62b	c49963356ba8fe1d	943	943	100.0	943	100.0	ok:943	114@0x90319:295,258@0xadf2c:125,64@0x85059:88,18@0x7be9b:46,185@0x9d964:41,337@0xbec0e:37,189@0x9e7af:36,347@0xc088d:31	0x7c649:je:0;0x7c702:je:0;0x7c858:jne:1
176	0x9c10b	b375be1a950bc98f	914	914	100.0	914	100.0	ok:914	258@0xadf2c:105,28@0x7e390:99,189@0x9e7af:80,321@0xbb1dd:64,307@0xb8064:63,18@0x7be9b:57,337@0xbec0e:56,340@0xbf435:51	0x9c1c7:jne:1;0x9c215:je:0;0x9c25d:je:0
161	0x9975a	0ca40c0e59dbe6e9	899	899	100.0	899	100.0	ok:899	337@0xbec0e:113,215@0xa4609:103,347@0xc088d:82,114@0x90319:66,28@0x7e390:63,189@0x9e7af:55,297@0xb64d7:49,185@0x9d964:45	0x99779:je:0;0x9988f:jne:1;0x9994f:je:1
192	0x9f00a	d4c8fd95d9a6d339	894	894	100.0	894	100.0	ok:894	198@0xa037e:288,257@0xadbfd:273,173@0x9ba74:97,256@0xad849:93,108@0x8f24b:89,160@0x994cf:24,352@0xc1ec4:16,144@0x95887:14	0x9f0c6:je:0;0x9f163:je:0;0x9f2a8:jne:1;0x9f2ce:jne:1;0x9f2ea:jne:1;0x9f309:jne:0;0x9f512:je:1
220	0xa522e	a21119ff764203f4	889	889	100.0	889	100.0	ok:889	108@0x8f24b:358,144@0x95887:281,160@0x994cf:84,352@0xc1ec4:49,173@0x9ba74:39,257@0xadbfd:37,198@0xa037e:26,256@0xad849:15	0xa52aa:je:0;0xa5428:je:0;0xa54c3:je:1;0xa565d:je:1
196	0x9fbcd	9917c35930d48ca1	865	865	100.0	865	100.0	ok:865	189@0x9e7af:283,33@0x7f7c4:258,18@0x7be9b:68,258@0xadf2c:42,307@0xb8064:38,185@0x9d964:33,199@0xa0631:22,340@0xbf435:17	0x9fd8f:je:0;0x9fdf5:je:1
79	0x885b0	66d9f51d9c82b5fc	863	863	100.0	863	100.0	ok:863	257@0xadbfd:306,160@0x994cf:264,108@0x8f24b:59,144@0x95887:56,173@0x9ba74:52,198@0xa037e:46,256@0xad849:42,352@0xc1ec4:38	0x8860f:je:0;0x886fb:je:0;0x887f1:je:1
243	0xaab6a	4dd686abf8650c2a	848	848	100.0	848	100.0	ok:848	167@0x9a8d2:108,66@0x855ff:61,340@0xbf435:56,189@0x9e7af:54,18@0x7be9b:49,28@0x7e390:49,347@0xc088d:41,215@0xa4609:38	0xaac27:je:1;0xaad24:jne:1;0xaad35:jne:1;0xaad56:je:0;0xaad65:je:0
173	0x9ba74	a18349357a38cb5c	788	788	100.0	788	100.0	ok:788	64@0x85059:308,196@0x9fbcd:252,114@0x90319:62,203@0xa1484:60,154@0x97ce6:14,121@0x91379:8,189@0x9e7af:8,345@0xc02e4:8	0x9bb4a:jne:1;0x9bb57:jne:1;0x9bb65:jne:0;0x9bb7a:je:0;0x9bb91:jne:1;0x9bbb5:je:0;0x9bbfa:je:0
3	0x78c77	d35e83d5fc67b2c6	785	785	100.0	785	100.0	ok:785	160@0x994cf:181,173@0x9ba74:140,352@0xc1ec4:112,257@0xadbfd:89,144@0x95887:85,256@0xad849:63,108@0x8f24b:59,198@0xa037e:56	0x78c93:je:0;0x78cd4:je:0;0x79161:je:1
352	0xc1ec4	f355f88fd20c15a3	781	781	100.0	781	100.0	ok:781	258@0xadf2c:78,121@0x91379:68,208@0xa2361:59,196@0x9fbcd:52,340@0xbf435:42,307@0xb8064:36,347@0xc088d:31,172@0x9b68a:26	0xc1f17:je:0;0xc1f5b:je:0;0xc1fba:jne:1;0xc1fc6:jne:1;0xc1fd3:jne:1;0xc2000:jne:0;0xc2027:je:0
128	0x9299b	1cc26e6017eab5d3	773	773	100.0	773	100.0	ok:773	215@0xa4609:256,268@0xb0007:256,64@0x85059:256,99@0x8c99a:2,172@0x9b68a:1,196@0x9fbcd:1,307@0xb8064:1	0x929dd:je:1;0x92a2e:je:1;0x92a94:je:0;0x92cb8:jne:0;0x92cdb:jne:1;0x92ceb:jne:1;0x92d07:jne:1;0x92d9f:je:1
269	0xb045b	002580e3f4159fc1	763	763	100.0	763	100.0	ok:763	160@0x994cf:294,108@0x8f24b:138,257@0xadbfd:71,256@0xad849:70,173@0x9ba74:55,198@0xa037e:54,352@0xc1ec4:48,144@0x95887:33	0xb061d:je:1;0xb0723:je:1
345	0xc02e4	7e0925f660bbdbe8	751	751	100.0	751	100.0	ok:751	52@0x833c7:270,192@0x9f00a:65,114@0x90319:64,196@0x9fbcd:38,172@0x9b68a:28,168@0x9aa83:24,340@0xbf435:20,64@0x85059:19	0xc0300:je:0;0xc037b:je:0;0xc03a7:je:1
33	0x7f7c4	7af422a11315895a	738	738	100.0	738	100.0	ok:738	258@0xadf2c:94,66@0x855ff:90,340@0xbf435:43,167@0x9a8d2:41,157@0x98a9a:35,185@0x9d964:35,268@0xb0007:34,64@0x85059:33	0x7f7fd:je:0;0x7f845:je:0;0x7f916:jne:1;0x7f927:jne:1;0x7f94a:je:0;0x7f95a:je:0;0x7f983:je:0;0x7f9b7:je:0;0x7f9e8:je:0
121	0x91379	e3b0c44298fc1c14	737	737	100.0	737	100.0	ok:737	307@0xb8064:271,91@0x8b6de:68,168@0x9aa83:65,180@0x9cf32:55,183@0x9d495:48,114@0x90319:32,258@0xadf2c:18,28@0x7e390:16	-
167	0x9a8d2	e3b0c44298fc1c14	726	726	100.0	726	100.0	ok:726	351@0xc1d48:432,283@0xb3612:206,295@0xb60e0:88	-
260	0xae90b	beb0ded0c6bd2168	723	723	100.0	723	100.0	ok:723	340@0xbf435:256,28@0x7e390:65,172@0x9b68a:64,258@0xadf2c:64,292@0xb540f:64,91@0x8b6de:40,183@0x9d495:37,180@0x9cf32:28	0xae92e:je:1;0xaea48:je:1;0xaea75:je:0
254	0xad32c	654b5ded1981085b	712	712	100.0	712	100.0	ok:712	66@0x855ff:261,297@0xb64d7:81,28@0x7e390:64,347@0xc088d:64,49@0x82820:64,183@0x9d495:49,180@0x9cf32:33,91@0x8b6de:23	0xad53c:je:0;0xad598:je:1
268	0xb0007	e08fa0239f68c868	702	702	100.0	702	100.0	ok:702	28@0x7e390:131,215@0xa4609:105,332@0xbd36d:48,154@0x97ce6:43,337@0xbec0e:41,307@0xb8064:38,305@0xb78b0:31,340@0xbf435:31	0xb01e9:je:0;0xb0218:je:1;0xb026a:je:1;0xb029a:je:0;0xb02eb:je:0;0xb0307:je:1
123	0x91a59	5321b7c3bbe1e7b9	699	699	100.0	699	100.0	ok:699	50@0x82e76:209,337@0xbec0e:139,64@0x85059:50,189@0x9e7af:49,340@0xbf435:35,114@0x90319:28,199@0xa0631:28,95@0x8c41c:25	0x91a6a:je:0;0x91be2:jne:1;0x91c91:je:0;0x91cd7:je:0;0x91d11:je:0
160	0x994cf	c44c0307f0fc4574	676	676	100.0	676	100.0	ok:676	185@0x9d964:258,307@0xb8064:68,291@0xb4edd:65,168@0x9aa83:25,28@0x7e390:22,43@0x8173d:22,157@0x98a9a:21,114@0x90319:20	0x99521:jne:1;0x9952e:jne:1;0x9953c:jne:1;0x9956c:jne:0;0x995b7:je:0
320	0xbada5	5f045809296d5b3d	654	654	100.0	654	100.0	ok:654	256@0xad849:116,108@0x8f24b:111,160@0x994cf:110,198@0xa037e:107,173@0x9ba74:75,352@0xc1ec4:58,257@0xadbfd:43,144@0x95887:34	0xbae90:jne:1;0xbae9e:jne:1;0xbaead:jne:1;0xbaebb:jne:0;0xbb012:je:1
253	0xacfb1	1b329325bc7a0ef6	648	648	100.0	648	100.0	ok:648	297@0xb64d7:266,28@0x7e390:38,337@0xbec0e:31,199@0xa0631:29,114@0x90319:28,237@0xa8e1f:19,340@0xbf435:19,66@0x855ff:16	0xacff9:je:0;0xad075:je:0
322	0xbb3c9	fd79160f5b9f1866	646	646	100.0	646	100.0	ok:646	157@0x98a9a:256,337@0xbec0e:130,91@0x8b6de:66,3@0x78c77:65,183@0x9d495:42,347@0xc088d:27,28@0x7e390:14,180@0x9cf32:9	0xbb4c1:je:0
52	0x833c7	a5bdf261163619f8	643	643	100.0	643	100.0	ok:643	75@0x873fc:286,316@0xb987b:265,210@0xa2da3:41,145@0x95b5c:26,334@0xbdd18:17,246@0xab427:8	0x834bc:jne:1;0x834ca:jne:1;0x834d9:jne:1;0x834ee:jne:0;0x835bd:je:0
165	0x9a24c	e3b0c44298fc1c14	632	632	100.0	632	100.0	ok:632	114@0x90319:271,333@0xbd8af:94,268@0xb0007:31,340@0xbf435:31,203@0xa1484:29,18@0x7be9b:27,64@0x85059:20,157@0x98a9a:16	-
346	0xc0535	66817cf32267dc25	613	613	100.0	613	100.0	ok:613	28@0x7e390:74,157@0x98a9a:63,340@0xbf435:44,185@0x9d964:41,167@0x9a8d2:32,172@0x9b68a:32,203@0xa1484:31,64@0x85059:30	0xc056a:je:0;0xc05d7:je:0;0xc0628:je:0;0xc064e:je:0;0xc06a9:jne:1;0xc06ba:jne:1;0xc06dc:je:0;0xc06ec:je:0;0xc074c:je:0
66	0x855ff	4690fe4f5b0885c4	602	602	100.0	602	100.0	ok:602	64@0x85059:52,337@0xbec0e:50,123@0x91a59:45,340@0xbf435:43,189@0x9e7af:42,158@0x99029:37,43@0x8173d:27,176@0x9c10b:25	0x85621:je:1;0x8566a:je:1;0x856f1:je:0;0x858d5:je:0
26	0x7dbbb	a8425a0f38d9fe8d	561	561	100.0	561	100.0	ok:561	28@0x7e390:272,168@0x9aa83:32,340@0xbf435:32,258@0xadf2c:30,268@0xb0007:26,43@0x8173d:20,199@0xa0631:19,172@0x9b68a:18	0x7dc03:je:0;0x7dc9b:je:0;0x7dd00:je:0;0x7dd5d:je:1;0x7ddeb:jne:1;0x7ddfc:jne:1;0x7de1d:je:0;0x7de2c:je:0;0x7de4d:je:0;0x7dea3:je:1
154	0x97ce6	2bda520e96f2c598	542	542	100.0	542	100.0	ok:542	196@0x9fbcd:78,49@0x82820:67,66@0x855ff:66,320@0xbada5:64,37@0x80685:64,91@0x8b6de:39,180@0x9cf32:31,183@0x9d495:23	0x97d15:je:1;0x97d58:je:1
351	0xc1d48	e3b0c44298fc1c14	542	542	100.0	542	100.0	ok:542	297@0xb64d7:256,189@0x9e7af:28,258@0xadf2c:28,172@0x9b68a:26,28@0x7e390:21,121@0x91379:17,254@0xad32c:17,333@0xbd8af:16	-
260	0xae90b	d8192970ef3a82a2	541	541	100.0	541	100.0	ok:541	189@0x9e7af:266,297@0xb64d7:66,301@0xb708d:65,180@0x9cf32:29,183@0x9d495:29,215@0xa4609:15,64@0x85059:15,91@0x8b6de:14	0xae92e:je:0;0xaea48:je:0;0xaea75:je:0
257	0xadbfd	4da4fe40de22a206	531	531	100.0	531	100.0	ok:531	308@0xb837c:81,347@0xc088d:74,337@0xbec0e:33,189@0x9e7af:29,203@0xa1484:26,66@0x855ff:24,345@0xc02e4:14,196@0x9fbcd:11	0xadc1e:je:0;0xadcc0:jne:1;0xadccc:jne:1;0xadcd9:jne:1;0xadd06:jne:0;0xadd6a:je:0;0xadda4:je:1
99	0x8c99a	4ebfcdebd7bce70e	530	530	100.0	530	100.0	ok:530	198@0xa037e:383,173@0x9ba74:129,256@0xad849:6,160@0x994cf:4,108@0x8f24b:3,144@0x95887:2,257@0xadbfd:2,352@0xc1ec4:1	0x8ca79:jne:0;0x8ca94:jne:1;0x8cb4e:je:1
123	0x91a59	d2e29b026964fcf1	527	527	100.0	527	100.0	ok:527	66@0x855ff:83,185@0x9d964:73,258@0xadf2c:60,337@0xbec0e:54,50@0x82e76:53,114@0x90319:31,199@0xa0631:29,340@0xbf435:26	0x91a6a:je:0;0x91be2:jne:1;0x91c91:je:0;0x91cd7:je:0;0x91d11:je:1
30	0x7e849	2208c3d00e21a891	522	522	100.0	522	100.0	ok:522	203@0xa1484:163,192@0x9f00a:152,157@0x98a9a:42,183@0x9d495:29,337@0xbec0e:22,91@0x8b6de:22,180@0x9cf32:15,114@0x90319:9	0x7e868:je:0;0x7e896:je:0;0x7e8b1:je:0;0x7e913:je:0;0x7e92e:je:1;0x7eb45:je:1
340	0xbf435	bb7a9a08ec3867b1	514	514	100.0	514	100.0	ok:514	307@0xb8064:54,28@0x7e390:53,287@0xb45d2:36,345@0xc02e4:33,333@0xbd8af:24,203@0xa1484:20,18@0x7be9b:19,157@0x98a9a:17	0xbf457:je:1;0xbf48f:je:1;0xbf4d7:je:0
300	0xb6c36	745a7b95e00833b1	510	510	100.0	510	100.0	ok:510	258@0xadf2c:239,64@0x85059:73,301@0xb708d:59,91@0x8b6de:34,183@0x9d495:31,220@0xa522e:15,269@0xb045b:12,180@0x9cf32:9	0xb6c57:je:0;0xb6c87:je:0;0xb6d00:je:0;0xb6f5c:je:0
37	0x80685	92113252d88219f9	492	492	100.0	492	100.0	ok:492	256@0xad849:291,160@0x994cf:78,144@0x95887:38,173@0x9ba74:25,352@0xc1ec4:22,108@0x8f24b:19,257@0xadbfd:15,198@0xa037e:4	0x806c4:je:0;0x8075e:je:1;0x807c6:je:0;0x808c1:jne:1;0x808d1:jne:1;0x808ef:jne:1;0x8090d:jne:0;0x8099e:je:0;0x809da:je:0;0x80ac9:je:1
198	0xa037e	505403243bd35b86	484	484	100.0	484	100.0	ok:484	215@0xa4609:225,337@0xbec0e:225,43@0x8173d:13,258@0xadf2c:12,114@0x90319:3,121@0x91379:1,157@0x98a9a:1,171@0x9b4b3:1	0xa0391:je:0;0xa04a9:jne:0;0xa04b6:jne:1;0xa04c4:jne:1;0xa04f1:jne:1
144	0x95887	4d9c1fd4300908d8	480	480	100.0	480	100.0	ok:480	43@0x8173d:27,268@0xb0007:26,114@0x90319:22,146@0x96407:22,124@0x91e81:19,189@0x9e7af:18,208@0xa2361:15,168@0x9aa83:12	0x959a6:jne:1;0x959b1:jne:1;0x959bd:jne:1;0x959e9:jne:0;0x95a08:je:0
301	0xb708d	d1d08c84dc4f1a8d	475	475	100.0	475	100.0	ok:475	173@0x9ba74:277,160@0x994cf:36,257@0xadbfd:35,144@0x95887:34,108@0x8f24b:32,352@0xc1ec4:26,198@0xa037e:23,256@0xad849:12	0xb7140:je:0;0xb71c5:je:0;0xb720a:je:0;0xb726f:je:0;0xb72a8:je:0;0xb73b9:je:1
319	0xba72f	9a21b656ce3dc52b	475	475	100.0	475	100.0	ok:475	173@0x9ba74:355,256@0xad849:35,144@0x95887:24,108@0x8f24b:16,257@0xadbfd:14,352@0xc1ec4:11,160@0x994cf:10,198@0xa037e:10	0xba74a:je:1;0xba78b:je:1;0xba89f:je:0;0xba975:jne:1;0xba983:jne:1;0xba992:jne:1;0xba9a0:jne:0;0xbaa0a:je:0;0xbab08:je:1
91	0x8b6de	0d50d52eb7de2693	474	474	100.0	474	100.0	ok:474	258@0xadf2c:39,340@0xbf435:37,337@0xbec0e:29,79@0x885b0:27,83@0x8947b:26,220@0xa522e:24,347@0xc088d:23,3@0x78c77:23	0x8b6ee:je:0
198	0xa037e	a16a8badeb00f044	467	467	100.0	467	100.0	ok:467	300@0xb6c36:269,258@0xadf2c:63,350@0xc1926:54,189@0x9e7af:11,28@0x7e390:9,64@0x85059:9,121@0x91379:6,43@0x8173d:6	0xa0391:je:0;0xa04a9:jne:1;0xa04b6:jne:1;0xa04c4:jne:0;0xa04da:je:0;0xa04f1:jne:1
297	0xb64d7	4649b816d12abef9	465	465	100.0	465	100.0	ok:465	196@0x9fbcd:52,347@0xc088d:42,258@0xadf2c:25,301@0xb708d:25,340@0xbf435:23,174@0x9bd8f:20,337@0xbec0e:20,114@0x90319:14	0xb64f9:je:1;0xb651f:je:1;0xb654f:je:1;0xb65c8:je:0;0xb65f5:je:1
18	0x7be9b	3fb41280ccd8685b	456	456	100.0	456	100.0	ok:456	114@0x90319:38,258@0xadf2c:37,347@0xc088d:30,300@0xb6c36:27,105@0x8e6b4:23,189@0x9e7af:21,20@0x7c62b:18,196@0x9fbcd:17	0x7bed4:je:1;0x7befe:je:1;0x7bfe0:je:1;0x7c17e:je:0
160	0x994cf	3240613169d3e063	453	453	100.0	453	100.0	ok:453	215@0xa4609:256,64@0x85059:128,340@0xbf435:64,189@0x9e7af:3,157@0x98a9a:2	0x99521:jne:0;0x9952e:jne:1;0x9953c:jne:1;0x9956c:jne:1;0x995b7:je:1
181	0x9d13f	e3b0c44298fc1c14	453	453	100.0	453	100.0	ok:453	215@0xa4609:256,189@0x9e7af:32,337@0xbec0e:27,347@0xc088d:18,114@0x90319:17,64@0x85059:17,258@0xadf2c:16,66@0x855ff:16	-
332	0xbd36d	4ddafdbbeaa3d928	451	451	100.0	451	100.0	ok:451	90@0x8b334:256,43@0x8173d:69,183@0x9d495:30,196@0x9fbcd:15,307@0xb8064:14,3@0x78c77:14,180@0x9cf32:11,91@0x8b6de:7	0xbd488:je:0;0xbd544:je:0;0xbd6ed:je:0;0xbd73d:je:0
90	0x8b334	e3b0c44298fc1c14	441	441	100.0	441	100.0	ok:441	49@0x82820:257,260@0xae90b:64,330@0xbc9b8:16,28@0x7e390:11,66@0x855ff:10,300@0xb6c36:8,239@0xa991e:6,301@0xb708d:6	-
307	0xb8064	d225712c0754a6b5	440	440	100.0	440	100.0	ok:440	174@0x9bd8f:32,157@0x98a9a:30,114@0x90319:27,26@0x7dbbb:25,196@0x9fbcd:24,161@0x9975a:22,340@0xbf435:21,176@0x9c10b:20	0xb80ac:je:1;0xb8188:je:1
124	0x91e81	720d13cce365bff2	424	424	100.0	424	100.0	ok:424	157@0x98a9a:73,192@0x9f00a:38,268@0xb0007:35,43@0x8173d:31,307@0xb8064:28,185@0x9d964:24,189@0x9e7af:19,337@0xbec0e:17	0x91eac:je:1;0x91efe:je:0
144	0x95887	2f8ce0fc3cdeca85	406	406	100.0	406	100.0	ok:406	18@0x7be9b:249,347@0xc088d:67,268@0xb0007:64,189@0x9e7af:4,172@0x9b68a:3,307@0xb8064:3,215@0xa4609:2,253@0xacfb1:2	0x959a6:jne:1;0x959b1:jne:1;0x959bd:jne:0;0x959d3:je:0;0x959e9:jne:1;0x95a08:je:1
268	0xb0007	c1e3dfd197d904df	405	405	100.0	405	100.0	ok:405	28@0x7e390:78,337@0xbec0e:41,332@0xbd36d:26,154@0x97ce6:25,26@0x7dbbb:19,114@0x90319:18,189@0x9e7af:15,18@0x7be9b:15	0xb01e9:je:1;0xb0218:je:1;0xb026a:je:1;0xb029a:je:0;0xb02eb:je:0;0xb0307:je:1
305	0xb78b0	ec1b94f05ced6b81	398	398	100.0	398	100.0	ok:398	157@0x98a9a:72,203@0xa1484:72,340@0xbf435:32,347@0xc088d:31,196@0x9fbcd:26,43@0x8173d:24,258@0xadf2c:21,64@0x85059:19	0xb78db:je:0;0xb7924:je:0;0xb7978:jne:1;0xb7988:jne:1;0xb79a8:je:0;0xb79b7:je:0;0xb7a13:je:0;0xb7a4c:je:0
83	0x8947b	51cc8bda8af23024	397	397	100.0	397	100.0	ok:397	173@0x9ba74:137,160@0x994cf:55,108@0x8f24b:53,256@0xad849:38,352@0xc1ec4:33,198@0xa037e:32,257@0xadbfd:31,144@0x95887:18	0x895f2:je:1;0x8963c:je:0;0x89666:je:1;0x896a4:je:0
239	0xa991e	5b37691aa2424c6a	391	391	100.0	391	100.0	ok:391	297@0xb64d7:30,320@0xbada5:24,196@0x9fbcd:22,258@0xadf2c:22,28@0x7e390:21,66@0x855ff:21,70@0x8610e:21,157@0x98a9a:20	0xa9967:je:0;0xa99c8:je:1;0xa9b87:je:1
292	0xb540f	0997af338ad030ee	389	389	100.0	389	100.0	ok:389	185@0x9d964:256,307@0xb8064:64,350@0xc1926:64,220@0xa522e:2,140@0x94e5a:1,317@0xba1e2:1,349@0xc140b:1	0xb5688:jne:0;0xb56bb:jne:1;0xb56c8:jne:1;0xb56f3:jne:1;0xb5771:je:0;0xb57c8:je:0
108	0x8f24b	fab5693be0e97629	386	386	100.0	386	100.0	ok:386	208@0xa2361:64,28@0x7e390:25,43@0x8173d:25,154@0x97ce6:17,297@0xb64d7:17,168@0x9aa83:16,258@0xadf2c:16,215@0xa4609:15	0x8f368:jne:1;0x8f38e:jne:1;0x8f3a8:jne:1;0x8f438:jne:0;0x8f4f4:je:0;0x8f53a:je:0;0x8f55b:je:1
283	0xb3612	e3b0c44298fc1c14	381	381	100.0	381	100.0	ok:381	258@0xadf2c:86,260@0xae90b:66,333@0xbd8af:29,168@0x9aa83:27,215@0xa4609:27,185@0x9d964:17,307@0xb8064:17,189@0x9e7af:15	-
144	0x95887	df981a914db02de7	376	376	100.0	376	100.0	ok:376	347@0xc088d:28,66@0x855ff:24,239@0xa991e:23,203@0xa1484:22,28@0x7e390:21,253@0xacfb1:17,297@0xb64d7:17,268@0xb0007:14	0x959a6:jne:1;0x959b1:jne:1;0x959bd:jne:1;0x959e9:jne:0;0x95a08:je:1
108	0x8f24b	fadb67a2878c38a3	365	365	100.0	365	100.0	ok:365	215@0xa4609:246,171@0x9b4b3:13,18@0x7be9b:11,28@0x7e390:10,340@0xbf435:10,124@0x91e81:9,199@0xa0631:8,337@0xbec0e:7	0x8f368:jne:1;0x8f38e:jne:1;0x8f3a8:jne:0;0x8f3ec:je:0;0x8f438:jne:1;0x8f4f4:je:1;0x8f53a:je:0;0x8f55b:je:1
340	0xbf435	69e377434a334c1b	364	364	100.0	364	100.0	ok:364	66@0x855ff:37,161@0x9975a:35,192@0x9f00a:32,305@0xb78b0:19,18@0x7be9b:18,20@0x7c62b:18,158@0x99029:17,185@0x9d964:16	0xbf457:je:1;0xbf48f:je:0;0xbf4d7:je:0
114	0x90319	9fb28485e66f63b4	359	359	100.0	359	100.0	ok:359	199@0xa0631:50,268@0xb0007:29,66@0x855ff:27,37@0x80685:26,185@0x9d964:25,30@0x7e849:25,18@0x7be9b:20,297@0xb64d7:14	0x90334:je:1;0x903d9:je:1;0x904a4:je:1;0x904ed:je:1;0x9052b:je:1
183	0x9d495	7633afa8259cedcd	359	359	100.0	359	100.0	ok:359	337@0xbec0e:34,172@0x9b68a:26,189@0x9e7af:20,297@0xb64d7:20,220@0xa522e:19,199@0xa0631:18,340@0xbf435:18,114@0x90319:15	0x9d556:je:1
257	0xadbfd	4f54f5b6f3a20391	357	357	100.0	357	100.0	ok:357	157@0x98a9a:247,215@0xa4609:62,165@0x9a24c:13,203@0xa1484:13,168@0x9aa83:5,28@0x7e390:5,350@0xc1926:4,266@0xaf8af:3	0xadc1e:je:0;0xadcc0:jne:1;0xadccc:jne:1;0xadcd9:jne:0;0xadcf0:je:0;0xadd06:jne:1;0xadd6a:je:0;0xadda4:je:0
79	0x885b0	4fa9d758759c0b0e	353	353	100.0	353	100.0	ok:353	198@0xa037e:76,256@0xad849:69,257@0xadbfd:51,108@0x8f24b:50,144@0x95887:40,173@0x9ba74:33,160@0x994cf:24,352@0xc1ec4:10	0x8860f:je:0;0x886fb:je:1;0x887f1:je:1
237	0xa8e1f	69c6b0e5ccc43bb0	351	351	100.0	351	100.0	ok:351	352@0xc1ec4:258,108@0x8f24b:64,256@0xad849:14,198@0xa037e:9,173@0x9ba74:5,144@0x95887:1	0xa8efb:je:0;0xa8f3c:je:0;0xa8fc9:je:0;0xa9000:jne:1;0xa900c:jne:1;0xa9019:jne:1;0xa9025:jne:0;0xa90d7:je:1;0xa9292:je:0
352	0xc1ec4	b17f769d0eb20d52	350	350	100.0	350	100.0	ok:350	292@0xb540f:255,121@0x91379:11,258@0xadf2c:9,208@0xa2361:7,140@0x94e5a:5,168@0x9aa83:4,189@0x9e7af:4,18@0x7be9b:4	0xc1f17:je:0;0xc1f5b:je:1;0xc1fba:jne:1;0xc1fc6:jne:1;0xc1fd3:jne:1;0xc2000:jne:0;0xc2027:je:0
281	0xb2db6	bf19bc7c26ba5d0e	347	347	100.0	347	100.0	ok:347	269@0xb045b:257,292@0xb540f:9,105@0x8e6b4:7,330@0xbc9b8:5,48@0x82477:5,131@0x937d0:4,254@0xad32c:4,56@0x83e76:4	0xb2fc0:je:0
352	0xc1ec4	7741bb1ac2cf28bd	347	347	100.0	347	100.0	ok:347	258@0xadf2c:225,154@0x97ce6:57,307@0xb8064:56,172@0x9b68a:2,121@0x91379:1,168@0x9aa83:1,199@0xa0631:1,268@0xb0007:1	0xc1f17:je:0;0xc1f5b:je:0;0xc1fba:jne:0;0xc1fc6:jne:1;0xc1fd3:jne:1;0xc2000:jne:1;0xc2027:je:0
319	0xba72f	862159fb64299b44	337	337	100.0	337	100.0	ok:337	257@0xadbfd:267,108@0x8f24b:22,256@0xad849:16,198@0xa037e:11,173@0x9ba74:8,144@0x95887:6,352@0xc1ec4:5,160@0x994cf:2	0xba74a:je:0;0xba78b:je:1;0xba89f:je:0;0xba975:jne:1;0xba983:jne:1;0xba992:jne:1;0xba9a0:jne:0;0xbaa0a:je:0;0xbab08:je:1
144	0x95887	9f3cc1c99e54d1d6	329	329	100.0	329	100.0	ok:329	258@0xadf2c:256,157@0x98a9a:64,18@0x7be9b:1,203@0xa1484:1,215@0xa4609:1,273@0xb11ca:1,300@0xb6c36:1,322@0xbb3c9:1	0x959a6:jne:0;0x959b1:jne:1;0x959bd:jne:1;0x959e9:jne:1;0x95a08:je:0
105	0x8e6b4	cf8d4e548fe382ef	328	328	100.0	328	100.0	ok:328	350@0xc1926:256,291@0xb4edd:65,200@0xa0a9e:3,18@0x7be9b:1,301@0xb708d:1,317@0xba1e2:1,66@0x855ff:1	0x8e713:je:0;0x8e925:jne:0;0x8e94d:jne:1;0x8e96f:jne:1;0x8e9a6:jne:1
70	0x8610e	490afcdddd0d9c29	327	327	100.0	327	100.0	ok:327	256@0xad849:85,198@0xa037e:45,108@0x8f24b:43,160@0x994cf:39,144@0x95887:38,352@0xc1ec4:37,257@0xadbfd:23,173@0x9ba74:17	0x86334:jne:1;0x8634a:jne:1;0x8635f:jne:1;0x8636c:jne:0;0x8648a:je:1;0x865a3:je:0
118	0x90c23	0c2ec304c56dd3de	325	325	100.0	325	100.0	ok:325	332@0xbd36d:256,322@0xbb3c9:64,172@0x9b68a:3,208@0xa2361:2	0x90c71:je:0;0x90c94:je:1;0x90d19:je:0
168	0x9aa83	5a46469f23bdd3cc	322	322	100.0	322	100.0	ok:322	315@0xb9451:79,340@0xbf435:43,258@0xadf2c:19,28@0x7e390:10,64@0x85059:10,66@0x855ff:10,243@0xaab6a:9,26@0x7dbbb:9	0x9aa9c:je:1;0x9aadd:je:1;0x9ab2f:je:1;0x9ab7f:je:1;0x9ad6a:je:0;0x9ad85:je:0
127	0x926c3	a24732f3bf1ecb29	320	320	100.0	320	100.0	ok:320	108@0x8f24b:256,257@0xadbfd:64	0x92773:jne:1;0x92782:jne:1;0x92798:jne:1;0x927ad:jne:0;0x92862:je:0
83	0x8947b	5a30d3b6ba886a30	317	317	100.0	317	100.0	ok:317	160@0x994cf:79,108@0x8f24b:49,144@0x95887:44,198@0xa037e:43,352@0xc1ec4:38,256@0xad849:30,257@0xadbfd:24,173@0x9ba74:10	0x895f2:je:0;0x8963c:je:0;0x89666:je:1;0x896a4:je:0
180	0x9cf32	840c57e172be5a2e	303	303	100.0	303	100.0	ok:303	297@0xb64d7:28,168@0x9aa83:23,203@0xa1484:23,79@0x885b0:18,18@0x7be9b:17,114@0x90319:15,49@0x82820:14,157@0x98a9a:12	0x9cfd4:je:1;0x9cffa:je:0
338	0xbf128	55cdaf5314f06009	300	300	100.0	300	100.0	ok:300	283@0xb3612:133,351@0xc1d48:89,295@0xb60e0:78	0xbf141:je:0;0xbf15d:je:0
169	0x9af18	e3b0c44298fc1c14	296	296	100.0	296	100.0	ok:296	171@0x9b4b3:124,354@0xc2241:110,165@0x9a24c:62	-
189	0x9e7af	7483e4cd2418f22c	296	296	100.0	296	100.0	ok:296	307@0xb8064:33,297@0xb64d7:26,184@0x9d694:25,30@0x7e849:20,215@0xa4609:19,176@0x9c10b:12,333@0xbd8af:11,66@0x855ff:11	0x9e84f:je:0;0x9e880:je:1;0x9e8d1:je:0
349	0xc140b	15bcc1ea74bf0193	293	293	100.0	293	100.0	ok:293	17@0x7bae9:256,282@0xb3128:7,105@0x8e6b4:5,28@0x7e390:5,322@0xbb3c9:5,199@0xa0631:4,200@0xa0a9e:2,215@0xa4609:2	0xc164c:je:1;0xc173f:je:0;0xc177b:je:0;0xc17c3:je:1
26	0x7dbbb	2328e09ca352b2ff	286	286	100.0	286	100.0	ok:286	215@0xa4609:65,172@0x9b68a:30,185@0x9d964:30,157@0x98a9a:19,114@0x90319:16,64@0x85059:16,167@0x9a8d2:15,196@0x9fbcd:15	0x7dc03:je:1;0x7dc9b:je:1;0x7dd00:je:1;0x7dd5d:je:1;0x7ddeb:jne:1;0x7ddfc:jne:1;0x7de1d:je:0;0x7de2c:je:0;0x7de4d:je:0;0x7dea3:je:0
200	0xa0a9e	432568af12e4447b	268	268	100.0	268	100.0	ok:268	297@0xb64d7:30,185@0x9d964:26,199@0xa0631:25,18@0x7be9b:22,268@0xb0007:14,307@0xb8064:10,337@0xbec0e:9,66@0x855ff:9	0xa0ae2:je:0;0xa0b3f:je:1;0xa0bb1:je:1;0xa0bf9:je:1
201	0xa0dca	1519cd726560d643	266	266	100.0	266	100.0	ok:266	173@0x9ba74:256,256@0xad849:5,144@0x95887:4,257@0xadbfd:1	0xa0f21:je:0;0xa0fa7:je:0;0xa10cd:jne:1;0xa10e7:jne:1;0xa10f6:jne:0;0xa1117:jne:1;0xa1190:je:0;0xa124a:je:0
144	0x95887	543db112a6706a4e	259	259	100.0	259	100.0	ok:259	168@0x9aa83:256,185@0x9d964:1,196@0x9fbcd:1,333@0xbd8af:1	0x959a6:jne:0;0x959b1:jne:1;0x959bd:jne:1;0x959e9:jne:1;0x95a08:je:1
70	0x8610e	4550a35d86c6e9dc	256	256	100.0	256	100.0	ok:256	108@0x8f24b:256	0x86334:jne:1;0x8634a:jne:1;0x8635f:jne:0;0x8636c:jne:1;0x8648a:je:0;0x865a3:je:0
107	0x8eef4	e5cd368af7da2ede	256	256	100.0	256	100.0	ok:256	160@0x994cf:256	0x8f00a:jne:1;0x8f02a:jne:1;0x8f03d:jne:1;0x8f060:jne:0;0x8f14a:je:0
183	0x9d495	9c00903a53cb9c74	252	252	100.0	252	100.0	ok:252	18@0x7be9b:20,157@0x98a9a:19,66@0x855ff:18,269@0xb045b:17,114@0x90319:16,196@0x9fbcd:16,168@0x9aa83:14,333@0xbd8af:14	0x9d556:je:0
261	0xaeda2	e3b0c44298fc1c14	250	250	100.0	250	100.0	ok:250	347@0xc088d:102,114@0x90319:30,297@0xb64d7:30,18@0x7be9b:27,337@0xbec0e:18,189@0x9e7af:14,215@0xa4609:14,258@0xadf2c:7	-
168	0x9aa83	cb8a5cbea557e0e9	245	245	100.0	245	100.0	ok:245	347@0xc088d:44,189@0x9e7af:43,337@0xbec0e:42,258@0xadf2c:14,320@0xbada5:8,346@0xc0535:8,307@0xb8064:7,33@0x7f7c4:7	0x9aa9c:je:0;0x9aadd:je:1;0x9ab2f:je:1;0x9ab7f:je:1;0x9ad6a:je:0;0x9ad85:je:0
189	0x9e7af	6f9a1c43a43f01ae	243	243	100.0	243	100.0	ok:243	43@0x8173d:39,305@0xb78b0:24,319@0xba72f:19,28@0x7e390:15,297@0xb64d7:11,157@0x98a9a:10,18@0x7be9b:10,174@0x9bd8f:9	0x9e84f:je:1;0x9e880:je:1;0x9e8d1:je:0
17	0x7bae9	e50010ea5d8a73bf	241	241	100.0	241	100.0	ok:241	300@0xb6c36:238,140@0x94e5a:1,199@0xa0631:1,350@0xc1926:1	0x7bafa:je:0;0x7bbdd:jne:0;0x7bbea:jne:1;0x7bbf8:jne:1;0x7bc05:jne:1;0x7bc7b:je:0;0x7bd0e:je:1
305	0xb78b0	718cb0102314ed52	240	240	100.0	240	100.0	ok:240	189@0x9e7af:36,199@0xa0631:31,307@0xb8064:17,215@0xa4609:13,28@0x7e390:13,338@0xbf128:13,258@0xadf2c:11,268@0xb0007:11	0xb78db:je:1;0xb7924:je:1;0xb7978:jne:1;0xb7988:jne:1;0xb79a8:je:0;0xb79b7:je:0;0xb7a13:je:0;0xb7a4c:je:0
40	0x8115d	e3b0c44298fc1c14	235	235	100.0	235	100.0	ok:235	114@0x90319:69,64@0x85059:21,66@0x855ff:21,215@0xa4609:20,340@0xbf435:20,297@0xb64d7:17,199@0xa0631:16,18@0x7be9b:15	-
297	0xb64d7	f974a1d6cd969c6b	235	235	100.0	235	100.0	ok:235	333@0xbd8af:29,260@0xae90b:25,268@0xb0007:22,340@0xbf435:19,184@0x9d694:16,258@0xadf2c:13,301@0xb708d:10,347@0xc088d:10	0xb64f9:je:1;0xb651f:je:1;0xb654f:je:0;0xb65c8:je:0;0xb65f5:je:1
37	0x80685	80dfe08b6a278d90	231	231	100.0	231	100.0	ok:231	257@0xadbfd:228,352@0xc1ec4:3	0x806c4:je:0;0x8075e:je:1;0x807c6:je:0;0x808c1:jne:1;0x808d1:jne:1;0x808ef:jne:0;0x8090d:jne:1;0x8099e:je:0;0x809da:je:0;0x80ac9:je:0
354	0xc2241	00cfcc3534d46b1f	231	231	100.0	231	100.0	ok:231	340@0xbf435:32,43@0x8173d:22,185@0x9d964:21,268@0xb0007:20,203@0xa1484:17,168@0x9aa83:16,307@0xb8064:15,64@0x85059:14	0xc22d7:je:1
66	0x855ff	7777b50c03549a09	225	225	100.0	225	100.0	ok:225	300@0xb6c36:23,64@0x85059:17,340@0xbf435:15,243@0xaab6a:14,258@0xadf2c:14,315@0xb9451:13,337@0xbec0e:11,114@0x90319:10	0x85621:je:1;0x8566a:je:0;0x856f1:je:0;0x858d5:je:0
123	0x91a59	1a385d201ce552ed	223	223	100.0	223	100.0	ok:223	18@0x7be9b:54,114@0x90319:21,347@0xc088d:18,199@0xa0631:16,185@0x9d964:11,189@0x9e7af:11,66@0x855ff:11,215@0xa4609:10	0x91a6a:je:1;0x91be2:jne:1;0x91c91:je:1;0x91cd7:je:0;0x91d11:je:1
124	0x91e81	2ee011e838763ccd	215	215	100.0	215	100.0	ok:215	43@0x8173d:71,320@0xbada5:26,37@0x80685:15,114@0x90319:9,172@0x9b68a:6,28@0x7e390:6,307@0xb8064:6,52@0x833c7:6	0x91eac:je:0;0x91efe:je:0
217	0xa4b11	dc7b945dcdb3a561	205	205	100.0	205	100.0	ok:205	198@0xa037e:66,352@0xc1ec4:65,144@0x95887:64,108@0x8f24b:4,173@0x9ba74:3,160@0x994cf:1,256@0xad849:1,257@0xadbfd:1	0xa4bfa:jne:0;0xa4c0e:jne:1;0xa4cf8:je:1
352	0xc1ec4	4a8edb2c1ffd3095	204	204	100.0	204	100.0	ok:204	189@0x9e7af:56,157@0x98a9a:52,196@0x9fbcd:10,333@0xbd8af:10,199@0xa0631:9,258@0xadf2c:7,66@0x855ff:7,337@0xbec0e:6	0xc1f17:je:0;0xc1f5b:je:0;0xc1fba:jne:1;0xc1fc6:jne:1;0xc1fd3:jne:0;0xc1fe9:je:0;0xc2000:jne:1;0xc2027:je:0
108	0x8f24b	13f7c681a86939e7	200	200	100.0	200	100.0	ok:200	43@0x8173d:67,28@0x7e390:64,307@0xb8064:64,185@0x9d964:2,189@0x9e7af:1,297@0xb64d7:1,333@0xbd8af:1	0x8f368:jne:0;0x8f38e:jne:1;0x8f3a8:jne:1;0x8f438:jne:1;0x8f4f4:je:1;0x8f53a:je:0;0x8f55b:je:1
114	0x90319	58b862ae748a5f39	200	200	100.0	200	100.0	ok:200	66@0x855ff:38,20@0x7c62b:22,315@0xb9451:14,161@0x9975a:12,199@0xa0631:12,250@0xac802:9,305@0xb78b0:7,185@0x9d964:6	0x90334:je:1;0x903d9:je:0;0x904a4:je:1;0x904ed:je:1;0x9052b:je:1
18	0x7be9b	b2353417ac420d7f	198	198	100.0	198	100.0	ok:198	347@0xc088d:29,114@0x90319:26,174@0x9bd8f:11,203@0xa1484:10,337@0xbec0e:9,189@0x9e7af:8,43@0x8173d:8,157@0x98a9a:6	0x7bed4:je:1;0x7befe:je:0;0x7bfe0:je:0;0x7c17e:je:0
140	0x94e5a	87e7b35510351d03	197	197	100.0	197	100.0	ok:197	190@0x9eacb:57,185@0x9d964:34,172@0x9b68a:16,189@0x9e7af:13,64@0x85059:13,196@0x9fbcd:12,297@0xb64d7:9,215@0xa4609:6	0x94e85:je:1;0x94f11:je:0;0x94fab:je:0;0x94fdd:je:0;0x95000:je:0;0x9504c:je:0
154	0x97ce6	5b78998740ff7852	193	193	100.0	193	100.0	ok:193	258@0xadf2c:64,297@0xb64d7:64,180@0x9cf32:25,91@0x8b6de:17,183@0x9d495:6,269@0xb045b:4,282@0xb3128:4,301@0xb708d:4	0x97d15:je:0;0x97d58:je:0
295	0xb60e0	e3b0c44298fc1c14	190	190	100.0	190	100.0	ok:190	258@0xadf2c:32,28@0x7e390:27,66@0x855ff:27,64@0x85059:18,43@0x8173d:16,157@0x98a9a:14,196@0x9fbcd:13,114@0x90319:6	-
322	0xbb3c9	10e8593b486b88a6	188	188	100.0	188	100.0	ok:188	99@0x8c99a:64,220@0xa522e:14,49@0x82820:14,64@0x85059:14,347@0xc088d:13,91@0x8b6de:11,333@0xbd8af:10,180@0x9cf32:8	0xbb4c1:je:1
256	0xad849	9b71fe6ab7a5d549	184	184	100.0	184	100.0	ok:184	268@0xb0007:62,273@0xb11ca:19,332@0xbd36d:14,307@0xb8064:12,66@0x855ff:10,168@0x9aa83:9,199@0xa0631:7,260@0xae90b:5	0xad89b:jne:1;0xad8a7:jne:1;0xad8b4:jne:0;0xad8ca:je:0;0xad8e1:jne:1;0xad973:je:0;0xad9da:je:0;0xada6f:je:0
291	0xb4edd	dc818c3d8f0dea4a	178	178	100.0	178	100.0	ok:178	292@0xb540f:60,330@0xbc9b8:54,28@0x7e390:8,307@0xb8064:8,301@0xb708d:6,17@0x7bae9:5,269@0xb045b:5,345@0xc02e4:5	0xb4f4a:je:0;0xb4f8e:je:1;0xb4fd9:je:0;0xb5234:je:0
180	0x9cf32	8d3726fc6281a26d	175	175	100.0	175	100.0	ok:175	168@0x9aa83:21,269@0xb045b:20,79@0x885b0:20,157@0x98a9a:18,337@0xbec0e:17,258@0xadf2c:8,333@0xbd8af:8,347@0xc088d:7	0x9cfd4:je:0;0x9cffa:je:0
114	0x90319	8af1b9e4f1a2f90c	168	168	100.0	168	100.0	ok:168	185@0x9d964:34,158@0x99029:26,215@0xa4609:15,307@0xb8064:12,18@0x7be9b:10,196@0x9fbcd:9,20@0x7c62b:9,26@0x7dbbb:6	0x90334:je:1;0x903d9:je:1;0x904a4:je:0;0x904ed:je:1;0x9052b:je:1
144	0x95887	b6537cd5d26d3942	168	168	100.0	168	100.0	ok:168	154@0x97ce6:63,268@0xb0007:13,28@0x7e390:10,185@0x9d964:8,332@0xbd36d:8,350@0xc1926:6,140@0x94e5a:5,172@0x9b68a:5	0x959a6:jne:1;0x959b1:jne:1;0x959bd:jne:0;0x959d3:je:0;0x959e9:jne:1;0x95a08:je:0
192	0x9f00a	84d195541895864c	168	168	100.0	168	100.0	ok:168	108@0x8f24b:72,198@0xa037e:26,256@0xad849:26,257@0xadbfd:16,173@0x9ba74:12,160@0x994cf:10,352@0xc1ec4:4,144@0x95887:2	0x9f0c6:je:1;0x9f163:je:1;0x9f2a8:jne:1;0x9f2ce:jne:1;0x9f2ea:jne:1;0x9f309:jne:0;0x9f512:je:1
198	0xa037e	de24412b149602c5	159	159	100.0	159	100.0	ok:159	185@0x9d964:33,18@0x7be9b:33,90@0x8b334:11,332@0xbd36d:8,340@0xbf435:7,199@0xa0631:6,258@0xadf2c:5,66@0x855ff:5	0xa0391:je:1;0xa04a9:jne:1;0xa04b6:jne:1;0xa04c4:jne:1;0xa04f1:jne:0
119	0x90ebc	4c73699f63238b6f	158	158	100.0	158	100.0	ok:158	347@0xc088d:64,297@0xb64d7:15,64@0x85059:15,28@0x7e390:14,18@0x7be9b:13,215@0xa4609:12,340@0xbf435:9,114@0x90319:6	0x90f2a:je:1
239	0xa991e	28ac4d307c83df98	155	155	100.0	155	100.0	ok:155	297@0xb64d7:61,199@0xa0631:19,28@0x7e390:15,320@0xbada5:15,185@0x9d964:11,172@0x9b68a:4,189@0x9e7af:4,291@0xb4edd:4	0xa9967:je:0;0xa99c8:je:0;0xa9b87:je:1
20	0x7c62b	954a153a601a1e13	154	154	100.0	154	100.0	ok:154	181@0x9d13f:29,189@0x9e7af:19,66@0x855ff:16,347@0xc088d:11,114@0x90319:10,258@0xadf2c:9,337@0xbec0e:9,185@0x9d964:8	0x7c649:je:1;0x7c702:je:1;0x7c858:jne:1
346	0xc0535	3b28db7f78198053	151	151	100.0	151	100.0	ok:151	114@0x90319:18,28@0x7e390:18,168@0x9aa83:14,258@0xadf2c:12,66@0x855ff:12,347@0xc088d:9,64@0x85059:9,157@0x98a9a:8	0xc056a:je:1;0xc05d7:je:1;0xc0628:je:1;0xc064e:je:0;0xc06a9:jne:1;0xc06ba:jne:1;0xc06dc:je:0;0xc06ec:je:0;0xc074c:je:1
301	0xb708d	eed7c9ccfebc34e6	149	149	100.0	149	100.0	ok:149	352@0xc1ec4:45,198@0xa037e:37,160@0x994cf:31,257@0xadbfd:9,173@0x9ba74:8,108@0x8f24b:7,144@0x95887:7,256@0xad849:5	0xb7140:je:0;0xb71c5:je:0;0xb720a:je:1;0xb726f:je:1;0xb72a8:je:0;0xb73b9:je:1
160	0x994cf	9fbaf1bff4b8248b	147	147	100.0	147	100.0	ok:147	64@0x85059:66,18@0x7be9b:18,258@0xadf2c:7,340@0xbf435:7,189@0x9e7af:6,43@0x8173d:6,66@0x855ff:6,268@0xb0007:4	0x99521:jne:1;0x9952e:jne:1;0x9953c:jne:0;0x99554:je:0;0x9956c:jne:1;0x995b7:je:1
160	0x994cf	f0b499c4c681c814	145	145	100.0	145	100.0	ok:145	189@0x9e7af:64,196@0x9fbcd:64,347@0xc088d:4,185@0x9d964:3,28@0x7e390:2,333@0xbd8af:2,345@0xc02e4:2,268@0xb0007:1	0x99521:jne:1;0x9952e:jne:1;0x9953c:jne:0;0x99554:je:0;0x9956c:jne:1;0x995b7:je:0
114	0x90319	51eab4ff7ea038c9	141	141	100.0	141	100.0	ok:141	287@0xb45d2:27,332@0xbd36d:26,43@0x8173d:12,154@0x97ce6:9,66@0x855ff:9,28@0x7e390:6,196@0x9fbcd:5,157@0x98a9a:4	0x90334:je:1;0x903d9:je:0;0x904a4:je:0;0x904ed:je:1;0x9052b:je:1
30	0x7e849	2c3a503057ba4a40	138	138	100.0	138	100.0	ok:138	307@0xb8064:31,91@0x8b6de:18,183@0x9d495:16,180@0x9cf32:15,172@0x9b68a:11,333@0xbd8af:11,185@0x9d964:10,49@0x82820:10	0x7e868:je:0;0x7e896:je:0;0x7e8b1:je:0;0x7e913:je:0;0x7e92e:je:0;0x7eb45:je:0
310	0xb8556	c0f3368511d55f61	138	138	100.0	138	100.0	ok:138	165@0x9a24c:57,354@0xc2241:49,171@0x9b4b3:32	0xb8595:je:1;0xb8617:je:1
269	0xb045b	6901ad8af83fa830	137	137	100.0	137	100.0	ok:137	108@0x8f24b:40,352@0xc1ec4:39,173@0x9ba74:20,144@0x95887:18,160@0x994cf:7,257@0xadbfd:6,198@0xa037e:5,256@0xad849:2	0xb061d:je:0;0xb0723:je:1
208	0xa2361	0be4b13bf60bd4a5	136	136	100.0	136	100.0	ok:136	172@0x9b68a:64,49@0x82820:64,118@0x90c23:3,189@0x9e7af:2,340@0xbf435:2,203@0xa1484:1	0xa237a:je:1;0xa23bd:je:1;0xa24d5:je:1;0xa2510:je:1;0xa26dc:jne:0;0xa270b:jne:1;0xa272d:jne:1;0xa2755:jne:1
256	0xad849	421c06cce5162555	136	136	100.0	136	100.0	ok:136	199@0xa0631:64,258@0xadf2c:64,307@0xb8064:3,157@0x98a9a:1,168@0x9aa83:1,268@0xb0007:1,300@0xb6c36:1,66@0x855ff:1	0xad89b:jne:0;0xad8a7:jne:1;0xad8b4:jne:1;0xad8e1:jne:1;0xad973:je:0;0xad9da:je:0;0xada6f:je:0
129	0x92f21	88af7305685357cd	134	134	100.0	134	100.0	ok:134	215@0xa4609:64,99@0x8c99a:64,199@0xa0631:2,146@0x96407:1,172@0x9b68a:1,217@0xa4b11:1,300@0xb6c36:1	0x93007:je:1
154	0x97ce6	77c4db6928c83d65	134	134	100.0	134	100.0	ok:134	185@0x9d964:77,180@0x9cf32:20,203@0xa1484:13,105@0x8e6b4:4,183@0x9d495:4,18@0x7be9b:4,28@0x7e390:2,297@0xb64d7:2	0x97d15:je:0;0x97d58:je:1
257	0xadbfd	71946a671fa6f0c7	133	133	100.0	133	100.0	ok:133	273@0xb11ca:64,340@0xbf435:64,350@0xc1926:2,18@0x7be9b:1,203@0xa1484:1,333@0xbd8af:1	0xadc1e:je:0;0xadcc0:jne:0;0xadccc:jne:1;0xadcd9:jne:1;0xadd06:jne:1;0xadd6a:je:0;0xadda4:je:1
208	0xa2361	b204364d3b79fdd3	130	130	100.0	130	100.0	ok:130	340@0xbf435:64,79@0x885b0:64,99@0x8c99a:2	0xa237a:je:0;0xa23bd:je:0;0xa24d5:je:0;0xa2510:je:0;0xa26dc:jne:0;0xa270b:jne:1;0xa272d:jne:1;0xa2755:jne:1
200	0xa0a9e	b0da9afbed11b699	128	128	100.0	128	100.0	ok:128	43@0x8173d:15,3@0x78c77:13,49@0x82820:13,319@0xba72f:11,79@0x885b0:9,18@0x7be9b:6,168@0x9aa83:5,203@0xa1484:5	0xa0ae2:je:0;0xa0b3f:je:0;0xa0bb1:je:0;0xa0bf9:je:1
237	0xa8e1f	b6812e27a7233063	128	128	100.0	128	100.0	ok:128	160@0x994cf:28,144@0x95887:26,256@0xad849:21,173@0x9ba74:16,257@0xadbfd:14,108@0x8f24b:9,198@0xa037e:9,352@0xc1ec4:5	0xa8efb:je:0;0xa8f3c:je:1;0xa8fc9:je:0;0xa9000:jne:1;0xa900c:jne:1;0xa9019:jne:1;0xa9025:jne:0;0xa90d7:je:1;0xa9292:je:1
310	0xb8556	edf2aaace7a1b424	128	128	100.0	128	100.0	ok:128	165@0x9a24c:56,354@0xc2241:42,171@0x9b4b3:30	0xb8595:je:0;0xb8617:je:1
319	0xba72f	810a972078607739	128	128	100.0	128	100.0	ok:128	160@0x994cf:128	0xba74a:je:0;0xba78b:je:1;0xba89f:je:0;0xba975:jne:1;0xba983:jne:1;0xba992:jne:0;0xba9a0:jne:1;0xbaa0a:je:0;0xbab08:je:0
123	0x91a59	e1fad68b7f3778ca	127	127	100.0	127	100.0	ok:127	50@0x82e76:47,337@0xbec0e:21,64@0x85059:8,114@0x90319:7,340@0xbf435:7,347@0xc088d:7,261@0xaeda2:4,185@0x9d964:3	0x91a6a:je:1;0x91be2:jne:1;0x91c91:je:0;0x91cd7:je:0;0x91d11:je:0
333	0xbd8af	d227bd6969706e50	127	127	100.0	127	100.0	ok:127	215@0xa4609:13,258@0xadf2c:11,305@0xb78b0:11,243@0xaab6a:9,26@0x7dbbb:7,18@0x7be9b:6,185@0x9d964:5,28@0x7e390:5	0xbd8d9:je:1;0xbd9ec:je:0;0xbda3c:je:0
237	0xa8e1f	d1a4d3040fe2d0f7	123	123	100.0	123	100.0	ok:123	352@0xc1ec4:76,144@0x95887:15,198@0xa037e:9,160@0x994cf:8,256@0xad849:5,257@0xadbfd:5,108@0x8f24b:4,173@0x9ba74:1	0xa8efb:je:0;0xa8f3c:je:0;0xa8fc9:je:0;0xa9000:jne:1;0xa900c:jne:1;0xa9019:jne:1;0xa9025:jne:0;0xa90d7:je:1;0xa9292:je:1
179	0x9ca8d	5d3cc113707387d4	120	120	100.0	120	100.0	ok:120	268@0xb0007:22,337@0xbec0e:22,203@0xa1484:13,43@0x8173d:13,79@0x885b0:8,49@0x82820:7,172@0x9b68a:6,196@0x9fbcd:4	0x9cad3:je:0;0x9cc3c:je:0;0x9cd28:jne:1;0x9cd50:jne:1;0x9cd62:jne:1;0x9cd9f:jne:0
30	0x7e849	1ea9b38d2eb43e53	118	118	100.0	118	100.0	ok:118	192@0x9f00a:39,203@0xa1484:38,157@0x98a9a:8,91@0x8b6de:7,114@0x90319:5,183@0x9d495:5,307@0xb8064:3,196@0x9fbcd:2	0x7e868:je:0;0x7e896:je:0;0x7e8b1:je:0;0x7e913:je:1;0x7e92e:je:1;0x7eb45:je:1
356	0xc291a	7af0b6860c39318d	116	0	0.0	0	0.0	ok:13,unknown_target:103	310@0xb8556:61,169@0x9af18:55	0xc2b01:jne:1;0xc2b1d:jne:1;0xc2b39:jne:1;0xc2b57:jne:0;0xc2c03:je:0
20	0x7c62b	f2702c2e2c8b820b	113	113	100.0	113	100.0	ok:113	114@0x90319:29,64@0x85059:16,258@0xadf2c:13,189@0x9e7af:9,297@0xb64d7:6,307@0xb8064:6,337@0xbec0e:6,18@0x7be9b:5	0x7c649:je:1;0x7c702:je:0;0x7c858:jne:1
216	0xa4a61	75052fca20bfc88b	112	0	0.0	0	0.0	unknown_target:112	310@0xb8556:82,169@0x9af18:30	0xa4bfa:jne:0;0xa4c0e:jne:1;0xa4cf8:je:0
254	0xad32c	121148e630ade341	110	110	100.0	110	100.0	ok:110	91@0x8b6de:27,180@0x9cf32:17,196@0x9fbcd:17,64@0x85059:13,183@0x9d495:11,28@0x7e390:5,79@0x885b0:5,301@0xb708d:4	0xad53c:je:0;0xad598:je:0
345	0xc02e4	2d9de867d680c76f	109	109	100.0	109	100.0	ok:109	52@0x833c7:33,192@0x9f00a:11,114@0x90319:9,189@0x9e7af:6,196@0x9fbcd:6,168@0x9aa83:4,18@0x7be9b:3,215@0xa4609:3	0xc0300:je:1;0xc037b:je:0;0xc03a7:je:1
3	0x78c77	9d0c60f8ad22292d	108	108	100.0	108	100.0	ok:108	160@0x994cf:23,173@0x9ba74:22,256@0xad849:12,108@0x8f24b:11,144@0x95887:11,257@0xadbfd:11,352@0xc1ec4:11,198@0xa037e:7	0x78c93:je:0;0x78cd4:je:1;0x79161:je:1
3	0x78c77	f456fd2897d83326	106	106	100.0	106	100.0	ok:106	173@0x9ba74:20,352@0xc1ec4:19,160@0x994cf:17,144@0x95887:14,256@0xad849:14,108@0x8f24b:9,198@0xa037e:8,257@0xadbfd:5	0x78c93:je:1;0x78cd4:je:0;0x79161:je:1
140	0x94e5a	0831c016cdc8d67e	104	104	100.0	104	100.0	ok:104	307@0xb8064:61,28@0x7e390:15,185@0x9d964:6,151@0x97311:4,168@0x9aa83:4,340@0xbf435:4,203@0xa1484:3,215@0xa4609:2	0x94e85:je:1;0x94f11:je:0;0x94fab:je:0;0x94fdd:je:0;0x95000:je:0;0x9504c:je:1
122	0x9170d	fbbf0c4194ed2eeb	103	103	100.0	103	100.0	ok:103	210@0xa2da3:36,145@0x95b5c:16,258@0xadf2c:13,114@0x90319:12,246@0xab427:12,316@0xb987b:7,75@0x873fc:6,334@0xbdd18:1	0x9183d:jne:1;0x9184b:jne:1;0x9185a:jne:1;0x91872:jne:0;0x91935:je:0
354	0xc2241	d69e7237559ac86b	103	103	100.0	103	100.0	ok:103	157@0x98a9a:27,189@0x9e7af:27,168@0x9aa83:17,340@0xbf435:5,154@0x97ce6:4,28@0x7e390:4,347@0xc088d:4,199@0xa0631:3	0xc22d7:je:0
123	0x91a59	6c1f6f694e202ea6	99	99	100.0	99	100.0	ok:99	258@0xadf2c:17,66@0x855ff:13,185@0x9d964:12,50@0x82e76:11,337@0xbec0e:9,307@0xb8064:7,199@0xa0631:6,189@0x9e7af:5	0x91a6a:je:1;0x91be2:jne:1;0x91c91:je:0;0x91cd7:je:0;0x91d11:je:1
37	0x80685	ded58e16470e6196	97	97	100.0	97	100.0	ok:97	160@0x994cf:41,173@0x9ba74:18,144@0x95887:12,198@0xa037e:10,108@0x8f24b:9,352@0xc1ec4:5,257@0xadbfd:2	0x806c4:je:0;0x8075e:je:0;0x807c6:je:0;0x808c1:jne:1;0x808d1:jne:1;0x808ef:jne:1;0x8090d:jne:0;0x8099e:je:0;0x809da:je:0;0x80ac9:je:1
82	0x8920e	c9d038ee69022ef7	95	95	100.0	95	100.0	ok:95	99@0x8c99a:48,333@0xbd8af:47	0x8922d:je:0;0x8925b:je:1;0x89293:je:1;0x892c8:je:0;0x89338:je:0
92	0x8b8cb	a78244aaaf9f074f	95	95	100.0	95	100.0	ok:95	282@0xb3128:65,48@0x82477:5,154@0x97ce6:4,74@0x86d43:4,83@0x8947b:4,215@0xa4609:3,17@0x7bae9:2,105@0x8e6b4:1	0x8b8e4:je:0;0x8ba76:je:0;0x8ba9f:je:0;0x8bb1c:je:0;0x8bb58:je:0
300	0xb6c36	4d693d0a15894860	95	95	100.0	95	100.0	ok:95	185@0x9d964:18,220@0xa522e:18,333@0xbd8af:18,337@0xbec0e:18,297@0xb64d7:9,301@0xb708d:5,17@0x7bae9:2,203@0xa1484:2	0xb6c57:je:1;0xb6c87:je:0;0xb6d00:je:1;0xb6f5c:je:0
291	0xb4edd	a45cbc7ff0090f2e	94	94	100.0	94	100.0	ok:94	18@0x7be9b:55,79@0x885b0:16,140@0x94e5a:7,66@0x855ff:3,273@0xb11ca:2,307@0xb8064:2,330@0xbc9b8:2,121@0x91379:1	0xb4f4a:je:0;0xb4f8e:je:0;0xb4fd9:je:0;0xb5234:je:0
148	0x96b6e	7ae8cd365d3d8af2	90	90	100.0	90	100.0	ok:90	160@0x994cf:70,173@0x9ba74:10,108@0x8f24b:4,352@0xc1ec4:4,144@0x95887:2	0x96c9a:jne:1;0x96ca8:jne:1;0x96cb7:jne:0;0x96cd9:jne:1;0x96d8c:je:0
43	0x8173d	9e91a389bb6a0180	86	86	100.0	86	100.0	ok:86	26@0x7dbbb:22,347@0xc088d:16,220@0xa522e:12,129@0x92f21:4,215@0xa4609:3,337@0xbec0e:3,18@0x7be9b:2,200@0xa0a9e:2	0x81762:je:0;0x817a0:je:0;0x81818:je:1
79	0x885b0	62f69f49161a8ee2	85	85	100.0	85	100.0	ok:85	160@0x994cf:29,257@0xadbfd:27,198@0xa037e:9,144@0x95887:7,108@0x8f24b:6,352@0xc1ec4:3,173@0x9ba74:2,256@0xad849:2	0x8860f:je:1;0x886fb:je:0;0x887f1:je:1
119	0x90ebc	73da1b628e200f11	85	85	100.0	85	100.0	ok:85	337@0xbec0e:19,340@0xbf435:17,28@0x7e390:14,64@0x85059:14,347@0xc088d:6,189@0x9e7af:4,114@0x90319:3,215@0xa4609:3	0x90f2a:je:0
52	0x833c7	e530d65417b7204a	83	83	100.0	83	100.0	ok:83	64@0x85059:65,196@0x9fbcd:13,28@0x7e390:2,18@0x7be9b:1,334@0xbdd18:1,347@0xc088d:1	0x834bc:jne:1;0x834ca:jne:1;0x834d9:jne:0;0x834ee:jne:1;0x835bd:je:0
278	0xb2342	a604fbe70c42f7fd	82	0	0.0	0	0.0	unknown_target:82	169@0x9af18:56,310@0xb8556:26	0xb2479:jne:1;0xb2486:jne:1;0xb2494:jne:1;0xb24a4:jne:0;0xb2508:je:0
179	0x9ca8d	21983abea23f320f	81	81	100.0	81	100.0	ok:81	157@0x98a9a:8,3@0x78c77:8,43@0x8173d:6,18@0x7be9b:5,268@0xb0007:5,307@0xb8064:5,64@0x85059:5,172@0x9b68a:4	0x9cad3:je:0;0x9cc3c:je:0;0x9cd28:jne:1;0x9cd50:jne:1;0x9cd62:jne:0;0x9cd9f:jne:1
346	0xc0535	b2d30c72cdaa0b05	81	81	100.0	81	100.0	ok:81	28@0x7e390:12,157@0x98a9a:10,340@0xbf435:8,167@0x9a8d2:6,43@0x8173d:6,114@0x90319:4,185@0x9d964:4,189@0x9e7af:4	0xc056a:je:1;0xc05d7:je:0;0xc0628:je:1;0xc064e:je:0;0xc06a9:jne:1;0xc06ba:jne:1;0xc06dc:je:0;0xc06ec:je:0;0xc074c:je:0
43	0x8173d	e9d08a79d9eba2a1	80	80	100.0	80	100.0	ok:80	258@0xadf2c:11,28@0x7e390:7,66@0x855ff:6,297@0xb64d7:5,346@0xc0535:5,18@0x7be9b:4,215@0xa4609:4,199@0xa0631:3	0x81762:je:0;0x817a0:je:1;0x81818:je:1
30	0x7e849	eaa0e2d5033a3455	79	79	100.0	79	100.0	ok:79	203@0xa1484:25,192@0x9f00a:23,157@0x98a9a:11,183@0x9d495:4,196@0x9fbcd:3,91@0x8b6de:3,185@0x9d964:2,337@0xbec0e:2	0x7e868:je:1;0x7e896:je:0;0x7e8b1:je:0;0x7e913:je:0;0x7e92e:je:1;0x7eb45:je:1
140	0x94e5a	37f6663c73c012c8	79	79	100.0	79	100.0	ok:79	347@0xc088d:13,337@0xbec0e:8,320@0xbada5:7,297@0xb64d7:6,64@0x85059:6,66@0x855ff:6,151@0x97311:4,168@0x9aa83:4	0x94e85:je:1;0x94f11:je:0;0x94fab:je:0;0x94fdd:je:0;0x95000:je:1;0x9504c:je:1
88	0x8aa14	2f26e461d122ec9a	77	77	100.0	77	100.0	ok:77	352@0xc1ec4:61,173@0x9ba74:8,256@0xad849:6,108@0x8f24b:2	0x8aa9c:je:0;0x8acf1:jne:1;0x8ad18:jne:1;0x8ad2e:jne:0;0x8ad3a:jne:1;0x8aeac:je:0
320	0xbada5	8d912487d9d4ff9c	77	77	100.0	77	100.0	ok:77	257@0xadbfd:16,256@0xad849:14,198@0xa037e:13,108@0x8f24b:12,144@0x95887:10,160@0x994cf:6,173@0x9ba74:3,352@0xc1ec4:3	0xbae90:jne:1;0xbae9e:jne:1;0xbaead:jne:1;0xbaebb:jne:0;0xbb012:je:0
201	0xa0dca	e0921d3affc3a863	74	74	100.0	74	100.0	ok:74	256@0xad849:66,160@0x994cf:4,198@0xa037e:2,173@0x9ba74:1,257@0xadbfd:1	0xa0f21:je:0;0xa0fa7:je:0;0xa10cd:jne:1;0xa10e7:jne:1;0xa10f6:jne:0;0xa1117:jne:1;0xa1190:je:1;0xa124a:je:0
319	0xba72f	63730cfda0ffb9fb	73	73	100.0	73	100.0	ok:73	144@0x95887:64,160@0x994cf:5,108@0x8f24b:4	0xba74a:je:1;0xba78b:je:1;0xba89f:je:0;0xba975:jne:1;0xba983:jne:1;0xba992:jne:0;0xba9a0:jne:1;0xbaa0a:je:0;0xbab08:je:0
91	0x8b6de	85e125aa366913b1	72	72	100.0	72	100.0	ok:72	79@0x885b0:7,203@0xa1484:6,83@0x8947b:6,3@0x78c77:5,215@0xa4609:4,340@0xbf435:4,347@0xc088d:4,18@0x7be9b:3	0x8b6ee:je:1
301	0xb708d	df3ac6b87011e3cf	72	72	100.0	72	100.0	ok:72	173@0x9ba74:45,108@0x8f24b:7,144@0x95887:7,257@0xadbfd:5,160@0x994cf:2,198@0xa037e:2,256@0xad849:2,352@0xc1ec4:2	0xb7140:je:0;0xb71c5:je:0;0xb720a:je:1;0xb726f:je:0;0xb72a8:je:0;0xb73b9:je:1
349	0xc140b	91e884abd6c40602	72	72	100.0	72	100.0	ok:72	28@0x7e390:12,18@0x7be9b:7,282@0xb3128:7,49@0x82820:6,345@0xc02e4:5,17@0x7bae9:4,350@0xc1926:4,3@0x78c77:3	0xc164c:je:0;0xc173f:je:0;0xc177b:je:0;0xc17c3:je:1
94	0x8bd69	c3dbc73186689cb3	71	71	100.0	71	100.0	ok:71	173@0x9ba74:68,160@0x994cf:3	0x8bfbc:jne:1;0x8bfc9:jne:1;0x8bff0:jne:0;0x8c003:jne:1;0x8c0f2:je:0;0x8c1e9:je:0
250	0xac802	2a741755722e5bae	71	71	100.0	71	100.0	ok:71	43@0x8173d:68,196@0x9fbcd:3	0xac869:je:0;0xac9ef:je:1;0xaca3e:je:1
140	0x94e5a	6bc8436c10d6a24d	70	70	100.0	70	100.0	ok:70	340@0xbf435:15,199@0xa0631:11,258@0xadf2c:6,189@0x9e7af:4,319@0xba72f:4,172@0x9b68a:3,192@0x9f00a:3,337@0xbec0e:3	0x94e85:je:0;0x94f11:je:0;0x94fab:je:0;0x94fdd:je:0;0x95000:je:1;0x9504c:je:1
179	0x9ca8d	46e84a014b0ff9a5	70	70	100.0	70	100.0	ok:70	18@0x7be9b:64,114@0x90319:3,99@0x8c99a:3	0x9cad3:je:0;0x9cc3c:je:0;0x9cd28:jne:0;0x9cd50:jne:1;0x9cd62:jne:1;0x9cd9f:jne:1
173	0x9ba74	7c3ef1df81b040da	69	69	100.0	69	100.0	ok:69	333@0xbd8af:64,199@0xa0631:1,300@0xb6c36:1,30@0x7e849:1,337@0xbec0e:1,64@0x85059:1	0x9bb4a:jne:0;0x9bb57:jne:1;0x9bb65:jne:1;0x9bb91:jne:1;0x9bbb5:je:0;0x9bbfa:je:0
30	0x7e849	eaabefc5557bf4e4	68	68	100.0	68	100.0	ok:68	203@0xa1484:26,192@0x9f00a:25,91@0x8b6de:5,180@0x9cf32:3,157@0x98a9a:2,114@0x90319:1,185@0x9d964:1,196@0x9fbcd:1	0x7e868:je:0;0x7e896:je:0;0x7e8b1:je:1;0x7e913:je:0;0x7e92e:je:1;0x7eb45:je:1
282	0xb3128	110886fc03b9bb84	68	68	100.0	68	100.0	ok:68	280@0xb2661:62,18@0x7be9b:2,273@0xb11ca:2,199@0xa0631:1,28@0x7e390:1	0xb3145:je:0;0xb3178:je:0;0xb31f8:je:1;0xb3253:je:0;0xb3455:jne:0;0xb348a:jne:1;0xb34a1:jne:1;0xb34b6:jne:1
37	0x80685	194221f5813b7238	67	67	100.0	67	100.0	ok:67	256@0xad849:35,160@0x994cf:15,257@0xadbfd:4,352@0xc1ec4:4,108@0x8f24b:3,173@0x9ba74:3,144@0x95887:2,198@0xa037e:1	0x806c4:je:1;0x8075e:je:1;0x807c6:je:0;0x808c1:jne:1;0x808d1:jne:1;0x808ef:jne:1;0x8090d:jne:0;0x8099e:je:0;0x809da:je:0;0x80ac9:je:1
108	0x8f24b	328fde791392e830	67	67	100.0	67	100.0	ok:67	340@0xbf435:64,258@0xadf2c:3	0x8f368:jne:0;0x8f38e:jne:1;0x8f3a8:jne:1;0x8f438:jne:1;0x8f4f4:je:0;0x8f53a:je:0;0x8f55b:je:1
311	0xb86f8	75688f09a9896611	67	0	0.0	0	0.0	unknown_target:67	169@0x9af18:36,310@0xb8556:31	0xb87c6:je:0;0xb8828:je:0;0xb88a7:jne:1;0xb88b5:jne:1;0xb88c4:jne:1;0xb88d2:jne:0;0xb8927:je:0
198	0xa037e	b2dfe23c48dbc369	66	66	100.0	66	100.0	ok:66	300@0xb6c36:38,350@0xc1926:7,258@0xadf2c:6,157@0x98a9a:2,28@0x7e390:2,333@0xbd8af:2,64@0x85059:2,66@0x855ff:2	0xa0391:je:1;0xa04a9:jne:1;0xa04b6:jne:1;0xa04c4:jne:0;0xa04da:je:0;0xa04f1:jne:1
118	0x90c23	c682e41fb0d4fdce	65	65	100.0	65	100.0	ok:65	217@0xa4b11:64,99@0x8c99a:1	0x90c71:je:0;0x90c94:je:0;0x90d19:je:0
128	0x9299b	19d51e80d17f4b6e	65	65	100.0	65	100.0	ok:65	3@0x78c77:64,82@0x8920e:1	0x929dd:je:0;0x92a2e:je:1;0x92a94:je:0;0x92cb8:jne:0;0x92cdb:jne:1;0x92ceb:jne:1;0x92d07:jne:1;0x92d9f:je:1
190	0x9eacb	253e76a61958e7ba	65	65	100.0	65	100.0	ok:65	257@0xadbfd:57,144@0x95887:4,352@0xc1ec4:4	0x9eae9:je:0;0x9ebff:jne:1;0x9ec18:jne:1;0x9ec2d:jne:0;0x9ec3b:jne:1;0x9ecd6:je:0
208	0xa2361	c98768020b6486fc	65	65	100.0	65	100.0	ok:65	297@0xb64d7:64,129@0x92f21:1	0xa237a:je:1;0xa23bd:je:1;0xa24d5:je:0;0xa2510:je:0;0xa26dc:jne:0;0xa270b:jne:1;0xa272d:jne:1;0xa2755:jne:1
222	0xa5f3c	3c5c7e2ac6164709	65	65	100.0	65	100.0	ok:65	220@0xa522e:64,307@0xb8064:1	0xa5fbf:je:1;0xa600d:je:1;0xa6222:jne:0;0xa622f:jne:1;0xa6250:jne:1;0xa6276:jne:1
330	0xbc9b8	83fc504d18fb94cb	65	65	100.0	65	100.0	ok:65	18@0x7be9b:62,349@0xc140b:2,3@0x78c77:1	0xbc9d3:je:1;0xbca25:je:1;0xbcaa5:je:0;0xbcabc:je:0;0xbcaf6:je:0;0xbcd08:jne:0;0xbcd41:jne:1;0xbcd64:jne:1;0xbcd99:jne:1
70	0x8610e	864fa49bd935a147	64	64	100.0	64	100.0	ok:64	108@0x8f24b:64	0x86334:jne:0;0x8634a:jne:1;0x8635f:jne:1;0x8636c:jne:1;0x8648a:je:0;0x865a3:je:0
127	0x926c3	1910477798590f8b	64	64	100.0	64	100.0	ok:64	144@0x95887:64	0x92773:jne:1;0x92782:jne:1;0x92798:jne:0;0x927ad:jne:1;0x92862:je:0
198	0xa037e	0519bbb8248a91ec	64	64	100.0	64	100.0	ok:64	215@0xa4609:31,337@0xbec0e:31,258@0xadf2c:1,64@0x85059:1	0xa0391:je:1;0xa04a9:jne:0;0xa04b6:jne:1;0xa04c4:jne:1;0xa04f1:jne:1
257	0xadbfd	79d49ec65a6724a0	64	64	100.0	64	100.0	ok:64	18@0x7be9b:7,185@0x9d964:6,340@0xbf435:5,140@0x94e5a:4,239@0xa991e:4,266@0xaf8af:4,337@0xbec0e:4,124@0x91e81:3	0xadc1e:je:0;0xadcc0:jne:1;0xadccc:jne:1;0xadcd9:jne:0;0xadcf0:je:0;0xadd06:jne:1;0xadd6a:je:0;0xadda4:je:1
280	0xb2661	fa9f86757a332e73	64	64	100.0	64	100.0	ok:64	257@0xadbfd:64	0xb2754:je:1;0xb2845:jne:0;0xb2867:jne:1;0xb287d:jne:1;0xb2897:jne:1;0xb2922:je:0;0xb2a90:je:0;0xb2c0a:je:1;0xb2c50:je:0
319	0xba72f	0c39ce7926ed9f89	64	64	100.0	64	100.0	ok:64	352@0xc1ec4:64	0xba74a:je:1;0xba78b:je:1;0xba89f:je:0;0xba975:jne:0;0xba983:jne:1;0xba992:jne:1;0xba9a0:jne:1;0xbaa0a:je:0;0xbab08:je:0
88	0x8aa14	69c76b98c1eb4755	63	63	100.0	63	100.0	ok:63	257@0xadbfd:63	0x8aa9c:je:0;0x8acf1:jne:0;0x8ad18:jne:1;0x8ad2e:jne:1;0x8ad3a:jne:1;0x8aeac:je:0
92	0x8b8cb	4e1b79c9e1b36bcb	63	63	100.0	63	100.0	ok:63	18@0x7be9b:7,28@0x7e390:6,215@0xa4609:5,322@0xbb3c9:5,199@0xa0631:4,348@0xc0d7d:4,49@0x82820:4,253@0xacfb1:3	0x8b8e4:je:1;0x8ba76:je:0;0x8ba9f:je:0;0x8bb1c:je:1;0x8bb58:je:0
102	0x8d71d	5f8dbcaf34a472a5	63	63	100.0	63	100.0	ok:63	268@0xb0007:63	0x8d7dc:je:0;0x8d7e6:je:0;0x8d82d:jne:1;0x8d85e:jne:1;0x8d8d1:jne:1;0x8d925:jne:1;0x8d96c:jne:0;0x8d989:je:1;0x8d9b0:je:1;0x8d9f6:jne:1;0x8da74:jne:1;0x8daed:jne:1;0x8db72:jne:1;0x8dc26:jne:1;0x8dc81:jne:1;0x8dcd4:jne:1;0x8dd26:jne:1;0x8dd78:jne:1;0x8ddb3:jne:1;0x8de04:je:1
146	0x96407	257a736ac20e565e	62	62	100.0	62	100.0	ok:62	70@0x8610e:59,185@0x9d964:1,331@0xbcfc8:1,82@0x8920e:1	0x96428:je:0;0x96492:je:1;0x966c4:jne:0;0x966d3:jne:1;0x966f8:jne:1;0x9671d:jne:1
146	0x96407	a468acc2971f7d3c	59	59	100.0	59	100.0	ok:59	172@0x9b68a:17,258@0xadf2c:16,28@0x7e390:4,185@0x9d964:3,220@0xa522e:3,337@0xbec0e:3,347@0xc088d:3,66@0x855ff:3	0x96428:je:0;0x96492:je:1;0x966c4:jne:1;0x966d3:jne:1;0x966f8:jne:1;0x9671d:jne:0
301	0xb708d	7535310231cf8aa5	58	58	100.0	58	100.0	ok:58	352@0xc1ec4:13,198@0xa037e:12,160@0x994cf:8,256@0xad849:8,108@0x8f24b:5,173@0x9ba74:5,257@0xadbfd:4,144@0x95887:3	0xb7140:je:0;0xb71c5:je:1;0xb720a:je:0;0xb726f:je:1;0xb72a8:je:0;0xb73b9:je:1
95	0x8c41c	605a965b0cc7f63e	52	0	0.0	0	0.0	unknown_target:52	169@0x9af18:34,310@0xb8556:18	0x8c53c:je:1
173	0x9ba74	68b4556c1b76c061	52	52	100.0	52	100.0	ok:52	64@0x85059:18,196@0x9fbcd:13,114@0x90319:4,168@0x9aa83:3,203@0xa1484:3,30@0x7e849:3,260@0xae90b:2,185@0x9d964:1	0x9bb4a:jne:1;0x9bb57:jne:1;0x9bb65:jne:0;0x9bb7a:je:1;0x9bb91:jne:1;0x9bbb5:je:0;0x9bbfa:je:0
239	0xa991e	db0d47c5682396a7	51	51	100.0	51	100.0	ok:51	237@0xa8e1f:5,268@0xb0007:4,28@0x7e390:4,258@0xadf2c:3,320@0xbada5:3,105@0x8e6b4:2,122@0x9170d:2,157@0x98a9a:2	0xa9967:je:1;0xa99c8:je:1;0xa9b87:je:1
352	0xc1ec4	42ed6a9e671e5d3e	51	51	100.0	51	100.0	ok:51	258@0xadf2c:31,154@0x97ce6:9,307@0xb8064:9,199@0xa0631:1,322@0xbb3c9:1	0xc1f17:je:0;0xc1f5b:je:1;0xc1fba:jne:0;0xc1fc6:jne:1;0xc1fd3:jne:1;0xc2000:jne:1;0xc2027:je:0
70	0x8610e	8056e776ed725f33	50	50	100.0	50	100.0	ok:50	198@0xa037e:18,144@0x95887:16,256@0xad849:5,257@0xadbfd:4,173@0x9ba74:3,160@0x994cf:2,352@0xc1ec4:2	0x86334:jne:1;0x8634a:jne:1;0x8635f:jne:1;0x8636c:jne:0;0x8648a:je:0;0x865a3:je:0
264	0xaf4cf	e3b0c44298fc1c14	49	0	0.0	0	0.0	unknown_target:49	169@0x9af18:31,310@0xb8556:18	-
0	0x78561	886532d40d9edf1c	48	48	100.0	48	100.0	ok:48	144@0x95887:31,257@0xadbfd:10,108@0x8f24b:7	0x78634:jne:1;0x7864f:jne:1;0x78668:jne:1;0x7867f:jne:0;0x786fc:je:0
300	0xb6c36	935ecabfe4d43423	45	45	100.0	45	100.0	ok:45	258@0xadf2c:18,301@0xb708d:5,180@0x9cf32:4,183@0x9d495:4,64@0x85059:4,91@0x8b6de:2,220@0xa522e:1,269@0xb045b:1	0xb6c57:je:1;0xb6c87:je:0;0xb6d00:je:0;0xb6f5c:je:0
338	0xbf128	ac191ebd92796431	45	45	100.0	45	100.0	ok:45	283@0xb3612:21,295@0xb60e0:12,351@0xc1d48:12	0xbf141:je:1;0xbf15d:je:0
140	0x94e5a	fd084cebec9a7aec	43	43	100.0	43	100.0	ok:43	37@0x80685:15,347@0xc088d:14,215@0xa4609:4,330@0xbc9b8:2,70@0x8610e:2,189@0x9e7af:1,18@0x7be9b:1,196@0x9fbcd:1	0x94e85:je:0;0x94f11:je:0;0x94fab:je:0;0x94fdd:je:0;0x95000:je:0;0x9504c:je:0
305	0xb78b0	f53034a3ecb104a1	43	43	100.0	43	100.0	ok:43	203@0xa1484:10,157@0x98a9a:6,347@0xc088d:4,43@0x8173d:4,196@0x9fbcd:3,258@0xadf2c:3,64@0x85059:3,172@0x9b68a:2	0xb78db:je:1;0xb7924:je:0;0xb7978:jne:1;0xb7988:jne:1;0xb79a8:je:0;0xb79b7:je:0;0xb7a13:je:0;0xb7a4c:je:0
317	0xba1e2	4895684b48c64b41	43	43	100.0	43	100.0	ok:43	28@0x7e390:7,18@0x7be9b:5,239@0xa991e:4,292@0xb540f:4,345@0xc02e4:4,83@0x8947b:3,121@0x91379:2,300@0xb6c36:2	0xba1fd:je:0;0xba223:je:1;0xba266:je:1;0xba2ec:je:0;0xba503:je:0
338	0xbf128	04bd85f2d26ed064	42	42	100.0	42	100.0	ok:42	283@0xb3612:21,295@0xb60e0:12,351@0xc1d48:9	0xbf141:je:0;0xbf15d:je:1
128	0x9299b	a63c04819ab1404c	41	41	100.0	41	100.0	ok:41	83@0x8947b:6,220@0xa522e:5,3@0x78c77:5,199@0xa0631:4,307@0xb8064:4,64@0x85059:4,337@0xbec0e:3,185@0x9d964:2	0x929dd:je:0;0x92a2e:je:1;0x92a94:je:0;0x92cb8:jne:1;0x92cdb:jne:1;0x92ceb:jne:1;0x92d07:jne:0;0x92d9f:je:1
95	0x8c41c	be7c6d4e5e3db62f	40	0	0.0	0	0.0	unknown_target:40	169@0x9af18:27,310@0xb8556:13	0x8c53c:je:0
146	0x96407	fd72c17f0895e2c7	40	40	100.0	40	100.0	ok:40	28@0x7e390:15,3@0x78c77:4,64@0x85059:4,337@0xbec0e:3,79@0x885b0:3,189@0x9e7af:2,18@0x7be9b:2,83@0x8947b:2	0x96428:je:0;0x96492:je:1;0x966c4:jne:1;0x966d3:jne:1;0x966f8:jne:0;0x9671d:jne:1
48	0x82477	cdbfce58bb9a536e	38	38	100.0	38	100.0	ok:38	28@0x7e390:5,92@0x8b8cb:5,18@0x7be9b:4,254@0xad32c:4,3@0x78c77:4,186@0x9dcae:3,291@0xb4edd:3,301@0xb708d:3	0x824a2:je:1;0x8259a:jne:1;0x825a7:jne:1;0x825b4:jne:0;0x825c0:jne:1;0x8260a:je:1
37	0x80685	565bf9ecba9ddc06	36	36	100.0	36	100.0	ok:36	144@0x95887:14,108@0x8f24b:5,198@0xa037e:4,256@0xad849:4,352@0xc1ec4:4,173@0x9ba74:3,160@0x994cf:2	0x806c4:je:0;0x8075e:je:0;0x807c6:je:0;0x808c1:jne:1;0x808d1:jne:1;0x808ef:jne:1;0x8090d:jne:0;0x8099e:je:0;0x809da:je:0;0x80ac9:je:0
79	0x885b0	e56fb50ce276e515	36	36	100.0	36	100.0	ok:36	256@0xad849:12,108@0x8f24b:8,198@0xa037e:5,144@0x95887:4,173@0x9ba74:4,160@0x994cf:2,257@0xadbfd:1	0x8860f:je:1;0x886fb:je:1;0x887f1:je:1
222	0xa5f3c	8dbc619ae0cc1785	36	36	100.0	36	100.0	ok:36	269@0xb045b:9,301@0xb708d:5,185@0x9d964:4,28@0x7e390:4,64@0x85059:4,347@0xc088d:3,268@0xb0007:2,297@0xb64d7:2	0xa5fbf:je:1;0xa600d:je:1;0xa6222:jne:1;0xa622f:jne:1;0xa6250:jne:0;0xa6276:jne:1
140	0x94e5a	2b28f4fd86e6bf94	35	35	100.0	35	100.0	ok:35	185@0x9d964:7,190@0x9eacb:7,215@0xa4609:3,269@0xb045b:2,297@0xb64d7:2,64@0x85059:2,172@0x9b68a:1,189@0x9e7af:1	0x94e85:je:1;0x94f11:je:1;0x94fab:je:0;0x94fdd:je:0;0x95000:je:0;0x9504c:je:0
62	0x84aa3	9d873e475d78b52b	34	34	100.0	34	100.0	ok:34	157@0x98a9a:16,307@0xb8064:11,124@0x91e81:1,200@0xa0a9e:1,253@0xacfb1:1,28@0x7e390:1,297@0xb64d7:1,337@0xbec0e:1	0x84c20:je:0
128	0x9299b	51e06e44bdfa5e39	34	34	100.0	34	100.0	ok:34	157@0x98a9a:5,199@0xa0631:4,307@0xb8064:4,333@0xbd8af:4,347@0xc088d:4,172@0x9b68a:3,269@0xb045b:3,79@0x885b0:2	0x929dd:je:1;0x92a2e:je:1;0x92a94:je:0;0x92cb8:jne:1;0x92cdb:jne:1;0x92ceb:jne:0;0x92d07:jne:1;0x92d9f:je:1
237	0xa8e1f	27ecdfb73972e605	34	34	100.0	34	100.0	ok:34	108@0x8f24b:17,160@0x994cf:8,198@0xa037e:5,173@0x9ba74:4	0xa8efb:je:0;0xa8f3c:je:1;0xa8fc9:je:0;0xa9000:jne:1;0xa900c:jne:1;0xa9019:jne:1;0xa9025:jne:0;0xa90d7:je:0;0xa9292:je:1
242	0xaa87d	456829fdf152b164	33	33	100.0	33	100.0	ok:33	75@0x873fc:14,246@0xab427:12,145@0x95b5c:4,210@0xa2da3:2,316@0xb987b:1	0xaa954:jne:0;0xaa96f:jne:1;0xaa97d:jne:1;0xaa98d:jne:1;0xaaa4a:je:0
282	0xb3128	37bb4e0d23db2fcd	33	33	100.0	33	100.0	ok:33	90@0x8b334:8,281@0xb2db6:7,240@0xa9cf7:5,66@0x855ff:5,92@0x8b8cb:5,185@0x9d964:1,297@0xb64d7:1,300@0xb6c36:1	0xb3145:je:0;0xb3178:je:1;0xb31f8:je:1;0xb3253:je:0;0xb3455:jne:1;0xb348a:jne:1;0xb34a1:jne:0;0xb34b6:jne:1
336	0xbe8cd	c859f7b914885127	33	33	100.0	33	100.0	ok:33	256@0xad849:12,108@0x8f24b:6,144@0x95887:5,198@0xa037e:4,352@0xc1ec4:4,173@0x9ba74:2	0xbea07:jne:1;0xbea19:jne:1;0xbea33:jne:0;0xbea49:jne:1;0xbeb01:je:0
192	0x9f00a	d15bf3105a909314	32	32	100.0	32	100.0	ok:32	198@0xa037e:15,144@0x95887:9,256@0xad849:4,352@0xc1ec4:4	0x9f0c6:je:0;0x9f163:je:0;0x9f2a8:jne:1;0x9f2ce:jne:1;0x9f2ea:jne:1;0x9f309:jne:0;0x9f512:je:0
301	0xb708d	084f0136b5068bc0	32	32	100.0	32	100.0	ok:32	173@0x9ba74:9,108@0x8f24b:6,160@0x994cf:4,198@0xa037e:4,144@0x95887:3,352@0xc1ec4:3,256@0xad849:2,257@0xadbfd:1	0xb7140:je:0;0xb71c5:je:1;0xb720a:je:0;0xb726f:je:0;0xb72a8:je:0;0xb73b9:je:1
168	0x9aa83	b0214fdf21298e2b	31	31	100.0	31	100.0	ok:31	315@0xb9451:5,185@0x9d964:3,114@0x90319:2,18@0x7be9b:2,258@0xadf2c:2,305@0xb78b0:2,337@0xbec0e:2,340@0xbf435:2	0x9aa9c:je:1;0x9aadd:je:1;0x9ab2f:je:1;0x9ab7f:je:0;0x9ad6a:je:1;0x9ad85:je:0
326	0xbc06d	e11efe9539472b4f	31	31	100.0	31	100.0	ok:31	108@0x8f24b:18,352@0xc1ec4:13	0xbc141:jne:1;0xbc150:jne:1;0xbc160:jne:1;0xbc16f:jne:0;0xbc202:je:0
330	0xbc9b8	fdf1e1a4967a8ab0	31	31	100.0	31	100.0	ok:31	260@0xae90b:14,253@0xacfb1:3,291@0xb4edd:3,79@0x885b0:2,83@0x8947b:2,18@0x7be9b:1,281@0xb2db6:1,307@0xb8064:1	0xbc9d3:je:1;0xbca25:je:1;0xbcaa5:je:0;0xbcabc:je:0;0xbcaf6:je:0;0xbcd08:jne:1;0xbcd41:jne:1;0xbcd64:jne:1;0xbcd99:jne:0
48	0x82477	4208c930546548cc	30	30	100.0	30	100.0	ok:30	297@0xb64d7:9,52@0x833c7:5,200@0xa0a9e:4,239@0xa991e:4,92@0x8b8cb:3,154@0x97ce6:1,185@0x9d964:1,220@0xa522e:1	0x824a2:je:1;0x8259a:jne:1;0x825a7:jne:1;0x825b4:jne:1;0x825c0:jne:0;0x8260a:je:1
253	0xacfb1	4464700b2a37d81a	30	30	100.0	30	100.0	ok:30	18@0x7be9b:4,192@0x9f00a:3,237@0xa8e1f:3,199@0xa0631:2,258@0xadf2c:2,28@0x7e390:2,333@0xbd8af:2,340@0xbf435:2	0xacff9:je:1;0xad075:je:0
17	0x7bae9	b16cdfb63ec2fb2e	28	28	100.0	28	100.0	ok:28	280@0xb2661:5,30@0x7e849:5,90@0x8b334:5,28@0x7e390:4,220@0xa522e:3,336@0xbe8cd:2,185@0x9d964:1,215@0xa4609:1	0x7bafa:je:0;0x7bbdd:jne:1;0x7bbea:jne:1;0x7bbf8:jne:0;0x7bc05:jne:1;0x7bc7b:je:0;0x7bd0e:je:1
37	0x80685	419814ebfbf68e1b	28	28	100.0	28	100.0	ok:28	108@0x8f24b:12,160@0x994cf:5,173@0x9ba74:4,198@0xa037e:4,352@0xc1ec4:3	0x806c4:je:0;0x8075e:je:1;0x807c6:je:0;0x808c1:jne:1;0x808d1:jne:1;0x808ef:jne:1;0x8090d:jne:0;0x8099e:je:0;0x809da:je:0;0x80ac9:je:0
37	0x80685	5f0bdd4509987674	28	28	100.0	28	100.0	ok:28	257@0xadbfd:28	0x806c4:je:1;0x8075e:je:1;0x807c6:je:0;0x808c1:jne:1;0x808d1:jne:1;0x808ef:jne:0;0x8090d:jne:1;0x8099e:je:0;0x809da:je:0;0x80ac9:je:0
128	0x9299b	91bf05f3f343e4b6	28	28	100.0	28	100.0	ok:28	168@0x9aa83:4,185@0x9d964:4,196@0x9fbcd:4,297@0xb64d7:4,301@0xb708d:3,333@0xbd8af:2,114@0x90319:1,157@0x98a9a:1	0x929dd:je:1;0x92a2e:je:1;0x92a94:je:0;0x92cb8:jne:1;0x92cdb:jne:1;0x92ceb:jne:1;0x92d07:jne:0;0x92d9f:je:1
151	0x97311	002987b231bcd1c1	28	28	100.0	28	100.0	ok:28	198@0xa037e:14,144@0x95887:4,160@0x994cf:4,352@0xc1ec4:4,173@0x9ba74:2	0x9744b:jne:1;0x9746b:jne:1;0x97489:jne:0;0x9749f:jne:1;0x9754e:je:0
222	0xa5f3c	0256233ac9698073	28	28	100.0	28	100.0	ok:28	215@0xa4609:4,258@0xadf2c:4,307@0xb8064:4,18@0x7be9b:3,297@0xb64d7:3,168@0x9aa83:2,220@0xa522e:2,3@0x78c77:2	0xa5fbf:je:1;0xa600d:je:1;0xa6222:jne:1;0xa622f:jne:1;0xa6250:jne:1;0xa6276:jne:0
222	0xa5f3c	3949013ea1513bf7	27	27	100.0	27	100.0	ok:27	189@0x9e7af:9,114@0x90319:6,196@0x9fbcd:3,3@0x78c77:3,203@0xa1484:2,268@0xb0007:2,301@0xb708d:1,83@0x8947b:1	0xa5fbf:je:0;0xa600d:je:0;0xa6222:jne:1;0xa622f:jne:1;0xa6250:jne:1;0xa6276:jne:0
192	0x9f00a	25b32187cd64fd25	26	26	100.0	26	100.0	ok:26	108@0x8f24b:14,198@0xa037e:4,352@0xc1ec4:3,144@0x95887:2,173@0x9ba74:2,256@0xad849:1	0x9f0c6:je:1;0x9f163:je:1;0x9f2a8:jne:1;0x9f2ce:jne:1;0x9f2ea:jne:1;0x9f309:jne:0;0x9f512:je:0
200	0xa0a9e	a42a6e0e16cb3fb1	26	26	100.0	26	100.0	ok:26	297@0xb64d7:4,333@0xbd8af:3,18@0x7be9b:2,199@0xa0631:2,340@0xbf435:2,66@0x855ff:2,168@0x9aa83:1,237@0xa8e1f:1	0xa0ae2:je:1;0xa0b3f:je:1;0xa0bb1:je:1;0xa0bf9:je:1
208	0xa2361	945ec9e23a70eb7d	26	26	100.0	26	100.0	ok:26	307@0xb8064:13,43@0x8173d:7,269@0xb045b:4,215@0xa4609:1,333@0xbd8af:1	0xa237a:je:1;0xa23bd:je:1;0xa24d5:je:1;0xa2510:je:1;0xa26dc:jne:1;0xa270b:jne:1;0xa272d:jne:1;0xa2755:jne:0
282	0xb3128	768b388698cbf73e	26	26	100.0	26	100.0	ok:26	199@0xa0631:10,52@0x833c7:3,18@0x7be9b:2,90@0x8b334:2,92@0x8b8cb:2,124@0x91e81:1,154@0x97ce6:1,200@0xa0a9e:1	0xb3145:je:0;0xb3178:je:1;0xb31f8:je:1;0xb3253:je:0;0xb3455:jne:1;0xb348a:jne:1;0xb34a1:jne:1;0xb34b6:jne:0
292	0xb540f	02749dce4a153b19	26	26	100.0	26	100.0	ok:26	199@0xa0631:7,90@0x8b334:5,349@0xc140b:4,92@0x8b8cb:4,332@0xbd36d:2,348@0xc0d7d:2,18@0x7be9b:1,254@0xad32c:1	0xb5688:jne:1;0xb56bb:jne:1;0xb56c8:jne:0;0xb56f3:jne:1;0xb5771:je:0;0xb57c8:je:0
108	0x8f24b	cf3c455192fb1112	25	25	100.0	25	100.0	ok:25	215@0xa4609:13,337@0xbec0e:3,18@0x7be9b:2,28@0x7e390:2,254@0xad32c:1,273@0xb11ca:1,333@0xbd8af:1,340@0xbf435:1	0x8f368:jne:1;0x8f38e:jne:1;0x8f3a8:jne:0;0x8f3ec:je:1;0x8f438:jne:1;0x8f4f4:je:1;0x8f53a:je:0;0x8f55b:je:1
146	0x96407	30e223e338ce2615	25	25	100.0	25	100.0	ok:25	258@0xadf2c:11,79@0x885b0:6,301@0xb708d:2,172@0x9b68a:1,203@0xa1484:1,337@0xbec0e:1,340@0xbf435:1,43@0x8173d:1	0x96428:je:0;0x96492:je:0;0x966c4:jne:1;0x966d3:jne:1;0x966f8:jne:1;0x9671d:jne:0
82	0x8920e	7e7337c12e791cef	24	24	100.0	24	100.0	ok:24	333@0xbd8af:14,99@0x8c99a:10	0x8922d:je:0;0x8925b:je:1;0x89293:je:1;0x892c8:je:1;0x89338:je:1
105	0x8e6b4	91b6ae9102ae61fe	24	24	100.0	24	100.0	ok:24	254@0xad32c:5,273@0xb11ca:4,332@0xbd36d:4,345@0xc02e4:3,291@0xb4edd:2,317@0xba1e2:2,269@0xb045b:1,281@0xb2db6:1	0x8e713:je:0;0x8e925:jne:1;0x8e94d:jne:1;0x8e96f:jne:0;0x8e9a6:jne:1
146	0x96407	5e2464f8cfc23b1a	23	23	100.0	23	100.0	ok:23	79@0x885b0:7,28@0x7e390:5,189@0x9e7af:4,220@0xa522e:3,268@0xb0007:2,347@0xc088d:1,3@0x78c77:1	0x96428:je:0;0x96492:je:0;0x966c4:jne:1;0x966d3:jne:1;0x966f8:jne:0;0x9671d:jne:1
30	0x7e849	b259ea1acea9e423	22	22	100.0	22	100.0	ok:22	307@0xb8064:9,180@0x9cf32:4,185@0x9d964:3,91@0x8b6de:2,172@0x9b68a:1,183@0x9d495:1,269@0xb045b:1,49@0x82820:1	0x7e868:je:1;0x7e896:je:0;0x7e8b1:je:0;0x7e913:je:0;0x7e92e:je:0;0x7eb45:je:0
105	0x8e6b4	60e314aeef6f3feb	22	22	100.0	22	100.0	ok:22	122@0x9170d:5,297@0xb64d7:5,185@0x9d964:3,253@0xacfb1:3,18@0x7be9b:2,322@0xbb3c9:1,349@0xc140b:1,3@0x78c77:1	0x8e713:je:1;0x8e925:jne:1;0x8e94d:jne:1;0x8e96f:jne:1;0x8e9a6:jne:0
108	0x8f24b	6bdaae24c23e2042	22	22	100.0	22	100.0	ok:22	168@0x9aa83:6,258@0xadf2c:4,28@0x7e390:3,337@0xbec0e:3,185@0x9d964:1,189@0x9e7af:1,273@0xb11ca:1,307@0xb8064:1	0x8f368:jne:1;0x8f38e:jne:1;0x8f3a8:jne:0;0x8f3ec:je:0;0x8f438:jne:1;0x8f4f4:je:0;0x8f53a:je:0;0x8f55b:je:1
144	0x95887	97b8099c72e3d6d4	22	22	100.0	22	100.0	ok:22	18@0x7be9b:14,347@0xc088d:3,66@0x855ff:3,266@0xaf8af:2	0x959a6:jne:1;0x959b1:jne:1;0x959bd:jne:0;0x959d3:je:1;0x959e9:jne:1;0x95a08:je:1
208	0xa2361	5273b21feba7b6a2	22	22	100.0	22	100.0	ok:22	18@0x7be9b:5,258@0xadf2c:4,307@0xb8064:4,168@0x9aa83:3,196@0x9fbcd:3,172@0x9b68a:1,43@0x8173d:1,79@0x885b0:1	0xa237a:je:1;0xa23bd:je:1;0xa24d5:je:1;0xa2510:je:1;0xa26dc:jne:1;0xa270b:jne:1;0xa272d:jne:0;0xa2755:jne:1
237	0xa8e1f	749e34fb357a9d94	22	22	100.0	22	100.0	ok:22	144@0x95887:8,256@0xad849:5,198@0xa037e:3,160@0x994cf:2,173@0x9ba74:2,108@0x8f24b:1,257@0xadbfd:1	0xa8efb:je:1;0xa8f3c:je:1;0xa8fc9:je:0;0xa9000:jne:1;0xa900c:jne:1;0xa9019:jne:1;0xa9025:jne:0;0xa90d7:je:1;0xa9292:je:1
239	0xa991e	69142fcd451d17de	22	22	100.0	22	100.0	ok:22	297@0xb64d7:6,199@0xa0631:4,28@0x7e390:3,157@0x98a9a:2,185@0x9d964:2,320@0xbada5:2,319@0xba72f:1,37@0x80685:1	0xa9967:je:1;0xa99c8:je:0;0xa9b87:je:1
253	0xacfb1	efa9099da97e022a	22	22	100.0	22	100.0	ok:22	18@0x7be9b:3,28@0x7e390:3,49@0x82820:3,70@0x8610e:2,114@0x90319:1,168@0x9aa83:1,172@0x9b68a:1,189@0x9e7af:1	0xacff9:je:0;0xad075:je:1
291	0xb4edd	983583bc036af2da	22	22	100.0	22	100.0	ok:22	330@0xbc9b8:12,292@0xb540f:4,185@0x9d964:1,269@0xb045b:1,273@0xb11ca:1,307@0xb8064:1,56@0x83e76:1,66@0x855ff:1	0xb4f4a:je:1;0xb4f8e:je:1;0xb4fd9:je:0;0xb5234:je:0
292	0xb540f	ea3398581b2413d0	22	22	100.0	22	100.0	ok:22	18@0x7be9b:4,281@0xb2db6:4,92@0x8b8cb:3,28@0x7e390:2,317@0xba1e2:2,140@0x94e5a:1,200@0xa0a9e:1,215@0xa4609:1	0xb5688:jne:1;0xb56bb:jne:1;0xb56c8:jne:1;0xb56f3:jne:0;0xb5771:je:0;0xb57c8:je:0
319	0xba72f	b759a5ef62168bb4	22	22	100.0	22	100.0	ok:22	173@0x9ba74:9,257@0xadbfd:4,144@0x95887:3,108@0x8f24b:2,160@0x994cf:2,352@0xc1ec4:2	0xba74a:je:1;0xba78b:je:1;0xba89f:je:0;0xba975:jne:1;0xba983:jne:1;0xba992:jne:1;0xba9a0:jne:0;0xbaa0a:je:0;0xbab08:je:0
30	0x7e849	135476ff0b343a05	21	21	100.0	21	100.0	ok:21	307@0xb8064:11,91@0x8b6de:3,172@0x9b68a:1,180@0x9cf32:1,183@0x9d495:1,185@0x9d964:1,333@0xbd8af:1,337@0xbec0e:1	0x7e868:je:0;0x7e896:je:0;0x7e8b1:je:1;0x7e913:je:0;0x7e92e:je:0;0x7eb45:je:0
292	0xb540f	35cf8772598e55cb	21	21	100.0	21	100.0	ok:21	322@0xbb3c9:5,345@0xc02e4:5,332@0xbd36d:4,74@0x86d43:4,185@0x9d964:2,317@0xba1e2:1	0xb5688:jne:1;0xb56bb:jne:1;0xb56c8:jne:0;0xb56f3:jne:1;0xb5771:je:0;0xb57c8:je:1
352	0xc1ec4	f73d8af7bb1af6c4	21	21	100.0	21	100.0	ok:21	157@0x98a9a:9,189@0x9e7af:6,66@0x855ff:3,273@0xb11ca:1,300@0xb6c36:1,337@0xbec0e:1	0xc1f17:je:0;0xc1f5b:je:1;0xc1fba:jne:1;0xc1fc6:jne:1;0xc1fd3:jne:0;0xc1fe9:je:0;0xc2000:jne:1;0xc2027:je:0
186	0x9dcae	834a23ba91970f51	20	20	100.0	20	100.0	ok:20	257@0xadbfd:9,144@0x95887:4,173@0x9ba74:3,160@0x994cf:2,198@0xa037e:2	0x9dcd5:je:1;0x9de1f:jne:1;0x9de2e:jne:1;0x9de4c:jne:0;0x9de68:jne:1;0x9df1c:je:0
208	0xa2361	4cb95a94c54102a3	20	20	100.0	20	100.0	ok:20	79@0x885b0:9,258@0xadf2c:4,269@0xb045b:4,203@0xa1484:2,215@0xa4609:1	0xa237a:je:0;0xa23bd:je:0;0xa24d5:je:1;0xa2510:je:1;0xa26dc:jne:1;0xa270b:jne:1;0xa272d:jne:1;0xa2755:jne:0
222	0xa5f3c	155b8bfb7079c907	20	20	100.0	20	100.0	ok:20	203@0xa1484:4,268@0xb0007:4,297@0xb64d7:4,199@0xa0631:2,28@0x7e390:2,49@0x82820:2,172@0x9b68a:1,258@0xadf2c:1	0xa5fbf:je:0;0xa600d:je:0;0xa6222:jne:1;0xa622f:jne:1;0xa6250:jne:0;0xa6276:jne:1
105	0x8e6b4	8ec2bf719d6351c7	19	19	100.0	19	100.0	ok:19	121@0x91379:4,199@0xa0631:4,18@0x7be9b:3,291@0xb4edd:3,281@0xb2db6:2,345@0xc02e4:1,49@0x82820:1,66@0x855ff:1	0x8e713:je:1;0x8e925:jne:1;0x8e94d:jne:1;0x8e96f:jne:0;0x8e9a6:jne:1
208	0xa2361	975d39be5ca8b73a	19	19	100.0	19	100.0	ok:19	114@0x90319:13,83@0x8947b:3,333@0xbd8af:2,258@0xadf2c:1	0xa237a:je:0;0xa23bd:je:0;0xa24d5:je:0;0xa2510:je:0;0xa26dc:jne:1;0xa270b:jne:1;0xa272d:jne:1;0xa2755:jne:0
352	0xc1ec4	e0e1a73fcf72bd35	19	19	100.0	19	100.0	ok:19	189@0x9e7af:3,337@0xbec0e:3,157@0x98a9a:2,168@0x9aa83:2,297@0xb64d7:2,66@0x855ff:2,300@0xb6c36:1,322@0xbb3c9:1	0xc1f17:je:0;0xc1f5b:je:0;0xc1fba:jne:1;0xc1fc6:jne:1;0xc1fd3:jne:0;0xc1fe9:je:1;0xc2000:jne:1;0xc2027:je:0
17	0x7bae9	b69efde9694fd2f9	18	18	100.0	18	100.0	ok:18	300@0xb6c36:18	0x7bafa:je:1;0x7bbdd:jne:0;0x7bbea:jne:1;0x7bbf8:jne:1;0x7bc05:jne:1;0x7bc7b:je:0;0x7bd0e:je:1
37	0x80685	ceda862ca5f0ddeb	18	18	100.0	18	100.0	ok:18	160@0x994cf:8,144@0x95887:2,198@0xa037e:2,257@0xadbfd:2,352@0xc1ec4:2,108@0x8f24b:1,173@0x9ba74:1	0x806c4:je:1;0x8075e:je:0;0x807c6:je:0;0x808c1:jne:1;0x808d1:jne:1;0x808ef:jne:1;0x8090d:jne:0;0x8099e:je:0;0x809da:je:0;0x80ac9:je:1
125	0x922c4	640e99e97634cb74	18	18	100.0	18	100.0	ok:18	316@0xb987b:14,246@0xab427:2,145@0x95b5c:1,75@0x873fc:1	0x923cb:jne:0;0x923df:jne:1;0x923f7:jne:1;0x9240b:jne:1;0x924eb:je:0
347	0xc088d	c9afc1bcaa30b134	18	18	100.0	18	100.0	ok:18	297@0xb64d7:3,118@0x90c23:2,168@0x9aa83:2,18@0x7be9b:2,148@0x96b6e:1,158@0x99029:1,174@0x9bd8f:1,184@0x9d694:1	0xc093d:je:1;0xc09c2:je:1
348	0xc0d7d	8800803f96b6b819	18	18	100.0	18	100.0	ok:18	173@0x9ba74:5,160@0x994cf:4,352@0xc1ec4:4,198@0xa037e:3,108@0x8f24b:1,257@0xadbfd:1	0xc0e89:je:0;0xc0fff:jne:1;0xc101b:jne:1;0xc103b:jne:0;0xc1049:jne:1;0xc10e5:je:1;0xc11b6:je:0;0xc1278:je:1
17	0x7bae9	d362a1b2b30bce4e	17	17	100.0	17	100.0	ok:17	185@0x9d964:5,260@0xae90b:4,349@0xc140b:4,200@0xa0a9e:1,215@0xa4609:1,350@0xc1926:1,66@0x855ff:1	0x7bafa:je:0;0x7bbdd:jne:1;0x7bbea:jne:1;0x7bbf8:jne:0;0x7bc05:jne:1;0x7bc7b:je:1;0x7bd0e:je:1
122	0x9170d	d9b4f55f629e1412	17	17	100.0	17	100.0	ok:17	316@0xb987b:14,199@0xa0631:1,210@0xa2da3:1,258@0xadf2c:1	0x9183d:jne:1;0x9184b:jne:1;0x9185a:jne:0;0x91872:jne:1;0x91935:je:0
198	0xa037e	edebcddd401771d5	17	17	100.0	17	100.0	ok:17	300@0xb6c36:11,350@0xc1926:3,253@0xacfb1:1,260@0xae90b:1,337@0xbec0e:1	0xa0391:je:0;0xa04a9:jne:1;0xa04b6:jne:1;0xa04c4:jne:0;0xa04da:je:1;0xa04f1:jne:1
251	0xacbc5	08d0f0bf716bc8f7	17	17	100.0	17	100.0	ok:17	198@0xa037e:17	0xaccad:jne:1;0xaccd2:jne:1;0xaccea:jne:1;0xacd02:jne:0;0xacdb0:je:0
290	0xb4c00	8f4e1239977a47c6	17	17	100.0	17	100.0	ok:17	257@0xadbfd:17	0xb4cc0:jne:1;0xb4cd4:jne:1;0xb4ce5:jne:1;0xb4cfb:jne:0;0xb4d9d:je:0
291	0xb4edd	04cf4f539f6182dc	17	17	100.0	17	100.0	ok:17	18@0x7be9b:9,140@0x94e5a:2,350@0xc1926:2,79@0x885b0:2,154@0x97ce6:1,239@0xa991e:1	0xb4f4a:je:1;0xb4f8e:je:0;0xb4fd9:je:0;0xb5234:je:0
26	0x7dbbb	27c8df69e312fe92	16	16	100.0	16	100.0	ok:16	203@0xa1484:14,167@0x9a8d2:1,340@0xbf435:1	0x7dc03:je:1;0x7dc9b:je:1;0x7dd00:je:1;0x7dd5d:je:1;0x7ddeb:jne:1;0x7ddfc:jne:1;0x7de1d:je:0;0x7de2c:je:0;0x7de4d:je:0;0x7dea3:je:1
30	0x7e849	4ed836df83473778	16	16	100.0	16	100.0	ok:16	307@0xb8064:6,180@0x9cf32:2,183@0x9d495:2,49@0x82820:2,196@0x9fbcd:1,269@0xb045b:1,333@0xbd8af:1,79@0x885b0:1	0x7e868:je:0;0x7e896:je:0;0x7e8b1:je:0;0x7e913:je:1;0x7e92e:je:0;0x7eb45:je:0
30	0x7e849	d29615831c79b855	16	16	100.0	16	100.0	ok:16	192@0x9f00a:6,203@0xa1484:6,157@0x98a9a:1,183@0x9d495:1,282@0xb3128:1,307@0xb8064:1	0x7e868:je:0;0x7e896:je:1;0x7e8b1:je:0;0x7e913:je:0;0x7e92e:je:1;0x7eb45:je:1
74	0x86d43	41fbb3da3a73d4ca	16	16	100.0	16	100.0	ok:16	160@0x994cf:5,352@0xc1ec4:5,198@0xa037e:4,144@0x95887:1,173@0x9ba74:1	0x86dd0:je:0;0x870b5:jne:1;0x870cd:jne:1;0x870f3:jne:0;0x87104:jne:1;0x871d5:je:0;0x872c2:je:1
257	0xadbfd	4c767eeb8531119d	16	16	100.0	16	100.0	ok:16	157@0x98a9a:13,215@0xa4609:2,266@0xaf8af:1	0xadc1e:je:0;0xadcc0:jne:1;0xadccc:jne:1;0xadcd9:jne:0;0xadcf0:je:1;0xadd06:jne:1;0xadd6a:je:0;0xadda4:je:0
105	0x8e6b4	3baff5e6f167d75f	15	15	100.0	15	100.0	ok:15	317@0xba1e2:4,319@0xba72f:3,192@0x9f00a:2,92@0x8b8cb:2,215@0xa4609:1,260@0xae90b:1,291@0xb4edd:1,49@0x82820:1	0x8e713:je:0;0x8e925:jne:1;0x8e94d:jne:1;0x8e96f:jne:1;0x8e9a6:jne:0
148	0x96b6e	bcd4bee0298575db	15	15	100.0	15	100.0	ok:15	144@0x95887:4,160@0x994cf:4,352@0xc1ec4:4,257@0xadbfd:3	0x96c9a:jne:1;0x96ca8:jne:1;0x96cb7:jne:1;0x96cd9:jne:0;0x96d8c:je:0
200	0xa0a9e	a215be4cf4ccdb3b	15	15	100.0	15	100.0	ok:15	168@0x9aa83:1,190@0x9eacb:1,192@0x9f00a:1,203@0xa1484:1,237@0xa8e1f:1,291@0xb4edd:1,297@0xb64d7:1,317@0xba1e2:1	0xa0ae2:je:1;0xa0b3f:je:0;0xa0bb1:je:0;0xa0bf9:je:1
256	0xad849	17cbf48c37434a4a	15	15	100.0	15	100.0	ok:15	18@0x7be9b:3,268@0xb0007:3,43@0x8173d:3,124@0x91e81:1,157@0x98a9a:1,199@0xa0631:1,239@0xa991e:1,337@0xbec0e:1	0xad89b:jne:1;0xad8a7:jne:1;0xad8b4:jne:0;0xad8ca:je:1;0xad8e1:jne:1;0xad973:je:0;0xad9da:je:0;0xada6f:je:0
257	0xadbfd	803f19f8103572d0	15	15	100.0	15	100.0	ok:15	18@0x7be9b:3,215@0xa4609:3,260@0xae90b:2,28@0x7e390:2,124@0x91e81:1,172@0x9b68a:1,185@0x9d964:1,199@0xa0631:1	0xadc1e:je:0;0xadcc0:jne:1;0xadccc:jne:1;0xadcd9:jne:0;0xadcf0:je:1;0xadd06:jne:1;0xadd6a:je:0;0xadda4:je:1
280	0xb2661	82ff788ea71516d6	15	15	100.0	15	100.0	ok:15	198@0xa037e:5,160@0x994cf:4,173@0x9ba74:4,257@0xadbfd:2	0xb2754:je:0;0xb2845:jne:1;0xb2867:jne:1;0xb287d:jne:0;0xb2897:jne:1;0xb2922:je:0;0xb2a90:je:0;0xb2c0a:je:0;0xb2c50:je:0
330	0xbc9b8	43ae8e8d051c8e1e	15	15	100.0	15	100.0	ok:15	281@0xb2db6:5,28@0x7e390:4,345@0xc02e4:2,269@0xb045b:1,332@0xbd36d:1,66@0x855ff:1,79@0x885b0:1	0xbc9d3:je:1;0xbca25:je:1;0xbcaa5:je:0;0xbcabc:je:0;0xbcaf6:je:0;0xbcd08:jne:1;0xbcd41:jne:1;0xbcd64:jne:0;0xbcd99:jne:1
17	0x7bae9	72cbc47e853a8f13	14	14	100.0	14	100.0	ok:14	140@0x94e5a:4,307@0xb8064:3,200@0xa0a9e:2,185@0x9d964:1,199@0xa0631:1,220@0xa522e:1,3@0x78c77:1,83@0x8947b:1	0x7bafa:je:0;0x7bbdd:jne:1;0x7bbea:jne:1;0x7bbf8:jne:1;0x7bc05:jne:0;0x7bc7b:je:1;0x7bd0e:je:1
30	0x7e849	053d78aacc7d5f1e	14	14	100.0	14	100.0	ok:14	192@0x9f00a:4,203@0xa1484:4,91@0x8b6de:2,180@0x9cf32:1,183@0x9d495:1,196@0x9fbcd:1,337@0xbec0e:1	0x7e868:je:0;0x7e896:je:0;0x7e8b1:je:1;0x7e913:je:1;0x7e92e:je:1;0x7eb45:je:1
48	0x82477	2eb8ab60948f0d63	14	14	100.0	14	100.0	ok:14	300@0xb6c36:6,239@0xa991e:2,254@0xad32c:2,291@0xb4edd:2,154@0x97ce6:1,220@0xa522e:1	0x824a2:je:0;0x8259a:jne:1;0x825a7:jne:1;0x825b4:jne:0;0x825c0:jne:1;0x8260a:je:1
128	0x9299b	783948577846d23d	14	14	100.0	14	100.0	ok:14	297@0xb64d7:4,258@0xadf2c:3,172@0x9b68a:2,307@0xb8064:2,185@0x9d964:1,196@0x9fbcd:1,301@0xb708d:1	0x929dd:je:0;0x92a2e:je:1;0x92a94:je:0;0x92cb8:jne:1;0x92cdb:jne:1;0x92ceb:jne:0;0x92d07:jne:1;0x92d9f:je:1
208	0xa2361	1d1b9f2d7e080b9d	14	14	100.0	14	100.0	ok:14	269@0xb045b:3,333@0xbd8af:3,3@0x78c77:3,347@0xc088d:2,157@0x98a9a:1,203@0xa1484:1,220@0xa522e:1	0xa237a:je:1;0xa23bd:je:1;0xa24d5:je:0;0xa2510:je:0;0xa26dc:jne:1;0xa270b:jne:1;0xa272d:jne:1;0xa2755:jne:0
319	0xba72f	6ed74e1c0868ca96	14	14	100.0	14	100.0	ok:14	173@0x9ba74:13,198@0xa037e:1	0xba74a:je:0;0xba78b:je:1;0xba89f:je:0;0xba975:jne:1;0xba983:jne:1;0xba992:jne:1;0xba9a0:jne:0;0xbaa0a:je:0;0xbab08:je:0
292	0xb540f	2c3454329a9de726	13	13	100.0	13	100.0	ok:13	52@0x833c7:5,90@0x8b334:2,185@0x9d964:1,200@0xa0a9e:1,215@0xa4609:1,317@0xba1e2:1,79@0x885b0:1,92@0x8b8cb:1	0xb5688:jne:1;0xb56bb:jne:1;0xb56c8:jne:1;0xb56f3:jne:0;0xb5771:je:0;0xb57c8:je:1
321	0xbb1dd	e43a6d061b0d7434	13	0	0.0	0	0.0	unknown_target:13	169@0x9af18:13	0xbb1f8:je:0;0xbb202:je:0;0xbb4c1:je:1
330	0xbc9b8	b7d06ed058761c11	13	13	100.0	13	100.0	ok:13	122@0x9170d:10,154@0x97ce6:1,215@0xa4609:1,307@0xb8064:1	0xbc9d3:je:1;0xbca25:je:1;0xbcaa5:je:0;0xbcabc:je:0;0xbcaf6:je:1;0xbcd08:jne:1;0xbcd41:jne:1;0xbcd64:jne:1;0xbcd99:jne:0
48	0x82477	bfec44d3b65a5ada	12	12	100.0	12	100.0	ok:12	124@0x91e81:2,154@0x97ce6:2,28@0x7e390:2,92@0x8b8cb:2,199@0xa0631:1,260@0xae90b:1,273@0xb11ca:1,291@0xb4edd:1	0x824a2:je:0;0x8259a:jne:1;0x825a7:jne:1;0x825b4:jne:1;0x825c0:jne:0;0x8260a:je:1
87	0x8a49e	1375abfb67f018cf	12	12	100.0	12	100.0	ok:12	108@0x8f24b:4,256@0xad849:4,257@0xadbfd:4	0x8a6d9:jne:1;0x8a6e5:jne:1;0x8a6f2:jne:0;0x8a6fe:jne:1;0x8a816:je:0
237	0xa8e1f	27ad2349dd7dd3e1	12	12	100.0	12	100.0	ok:12	352@0xc1ec4:7,256@0xad849:2,144@0x95887:1,173@0x9ba74:1,198@0xa037e:1	0xa8efb:je:1;0xa8f3c:je:0;0xa8fc9:je:0;0xa9000:jne:1;0xa900c:jne:1;0xa9019:jne:1;0xa9025:jne:0;0xa90d7:je:1;0xa9292:je:1
237	0xa8e1f	c2b81e454407492c	12	12	100.0	12	100.0	ok:12	108@0x8f24b:4,198@0xa037e:4,256@0xad849:4	0xa8efb:je:0;0xa8f3c:je:0;0xa8fc9:je:0;0xa9000:jne:1;0xa900c:jne:1;0xa9019:jne:1;0xa9025:jne:0;0xa90d7:je:0;0xa9292:je:1
245	0xab141	4792d8a1d8a3dbb5	12	12	100.0	12	100.0	ok:12	75@0x873fc:11,145@0x95b5c:1	0xab25a:jne:0;0xab26a:jne:1;0xab27d:jne:1;0xab28c:jne:1;0xab2e4:je:0
248	0xac110	bd9bcc498bac531a	12	12	100.0	12	100.0	ok:12	258@0xadf2c:8,157@0x98a9a:2,124@0x91e81:1,189@0x9e7af:1	0xac120:je:0;0xac2b8:je:0
282	0xb3128	01946c2fdff8179f	12	12	100.0	12	100.0	ok:12	124@0x91e81:2,317@0xba1e2:2,121@0x91379:1,18@0x7be9b:1,215@0xa4609:1,260@0xae90b:1,269@0xb045b:1,291@0xb4edd:1	0xb3145:je:0;0xb3178:je:0;0xb31f8:je:1;0xb3253:je:0;0xb3455:jne:1;0xb348a:jne:1;0xb34a1:jne:1;0xb34b6:jne:0
330	0xbc9b8	2dd08985aba7ad6b	12	12	100.0	12	100.0	ok:12	291@0xb4edd:5,297@0xb64d7:2,349@0xc140b:2,49@0x82820:2,83@0x8947b:1	0xbc9d3:je:0;0xbca25:je:1;0xbcaa5:je:0;0xbcabc:je:0;0xbcaf6:je:0;0xbcd08:jne:1;0xbcd41:jne:1;0xbcd64:jne:0;0xbcd99:jne:1
17	0x7bae9	3ad7bed6fbe2a097	11	11	100.0	11	100.0	ok:11	317@0xba1e2:3,253@0xacfb1:2,140@0x94e5a:1,18@0x7be9b:1,239@0xa991e:1,28@0x7e390:1,322@0xbb3c9:1,66@0x855ff:1	0x7bafa:je:0;0x7bbdd:jne:1;0x7bbea:jne:1;0x7bbf8:jne:1;0x7bc05:jne:0;0x7bc7b:je:0;0x7bd0e:je:1
48	0x82477	e1d1ed5c9b53d930	11	11	100.0	11	100.0	ok:11	52@0x833c7:5,317@0xba1e2:3,199@0xa0631:1,301@0xb708d:1,79@0x885b0:1	0x824a2:je:0;0x8259a:jne:1;0x825a7:jne:1;0x825b4:jne:1;0x825c0:jne:0;0x8260a:je:0
160	0x994cf	100da339bec0f3ae	11	11	100.0	11	100.0	ok:11	332@0xbd36d:3,64@0x85059:3,66@0x855ff:2,172@0x9b68a:1,199@0xa0631:1,258@0xadf2c:1	0x99521:jne:1;0x9952e:jne:1;0x9953c:jne:0;0x99554:je:1;0x9956c:jne:1;0x995b7:je:1
208	0xa2361	3e22accc122d463e	11	11	100.0	11	100.0	ok:11	280@0xb2661:4,307@0xb8064:4,3@0x78c77:2,269@0xb045b:1	0xa237a:je:0;0xa23bd:je:0;0xa24d5:je:1;0xa2510:je:1;0xa26dc:jne:1;0xa270b:jne:1;0xa272d:jne:0;0xa2755:jne:1
317	0xba1e2	ce011ef195537ada	11	11	100.0	11	100.0	ok:11	297@0xb64d7:2,121@0x91379:1,17@0x7bae9:1,185@0x9d964:1,199@0xa0631:1,200@0xa0a9e:1,282@0xb3128:1,322@0xbb3c9:1	0xba1fd:je:0;0xba223:je:0;0xba266:je:0;0xba2ec:je:0;0xba503:je:0
48	0x82477	899dc1a680afec06	10	10	100.0	10	100.0	ok:10	18@0x7be9b:2,185@0x9d964:1,199@0xa0631:1,269@0xb045b:1,297@0xb64d7:1,30@0x7e849:1,317@0xba1e2:1,345@0xc02e4:1	0x824a2:je:1;0x8259a:jne:0;0x825a7:jne:1;0x825b4:jne:1;0x825c0:jne:1;0x8260a:je:1
131	0x937d0	5aae32890a23d4ea	10	10	100.0	10	100.0	ok:10	108@0x8f24b:4,160@0x994cf:4,144@0x95887:1,173@0x9ba74:1	0x9395a:je:1;0x93a40:jne:1;0x93a65:jne:1;0x93a74:jne:0;0x93a99:jne:1;0x93b5d:je:0;0x93b8f:je:0;0x93bd0:je:0;0x93cc3:je:0;0x93cf0:je:0;0x93da3:je:0;0x93e3d:je:1
140	0x94e5a	07522c801eb36725	10	10	100.0	10	100.0	ok:10	28@0x7e390:4,307@0xb8064:4,203@0xa1484:1,215@0xa4609:1	0x94e85:je:1;0x94f11:je:1;0x94fab:je:0;0x94fdd:je:0;0x95000:je:0;0x9504c:je:1
144	0x95887	10e64be0b987b8fc	10	10	100.0	10	100.0	ok:10	154@0x97ce6:3,347@0xc088d:2,199@0xa0631:1,203@0xa1484:1,254@0xad32c:1,337@0xbec0e:1,66@0x855ff:1	0x959a6:jne:1;0x959b1:jne:1;0x959bd:jne:0;0x959d3:je:1;0x959e9:jne:1;0x95a08:je:0
153	0x979ab	4e59423688cc6baf	10	10	100.0	10	100.0	ok:10	144@0x95887:5,173@0x9ba74:5	0x97aee:jne:1;0x97b04:jne:1;0x97b1b:jne:0;0x97b2d:jne:1;0x97bab:je:0
242	0xaa87d	4b247eef89548bf1	10	10	100.0	10	100.0	ok:10	199@0xa0631:9,114@0x90319:1	0xaa954:jne:1;0xaa96f:jne:1;0xaa97d:jne:1;0xaa98d:jne:0;0xaaa4a:je:0
346	0xc0535	3468299b08f6c85a	10	10	100.0	10	100.0	ok:10	114@0x90319:2,258@0xadf2c:2,157@0x98a9a:1,199@0xa0631:1,215@0xa4609:1,307@0xb8064:1,337@0xbec0e:1,66@0x855ff:1	0xc056a:je:0;0xc05d7:je:1;0xc0628:je:0;0xc064e:je:1;0xc06a9:jne:1;0xc06ba:jne:1;0xc06dc:je:0;0xc06ec:je:0;0xc074c:je:1
65	0x85371	e3b0c44298fc1c14	9	9	100.0	9	100.0	ok:9	199@0xa0631:2,43@0x8173d:2,215@0xa4609:1,239@0xa991e:1,28@0x7e390:1,333@0xbd8af:1,64@0x85059:1	-
74	0x86d43	a48439e79ceaf02d	9	9	100.0	9	100.0	ok:9	108@0x8f24b:5,160@0x994cf:4	0x86dd0:je:0;0x870b5:jne:1;0x870cd:jne:1;0x870f3:jne:0;0x87104:jne:1;0x871d5:je:0;0x872c2:je:0
82	0x8920e	29cda8c222ea76c8	9	9	100.0	9	100.0	ok:9	99@0x8c99a:5,333@0xbd8af:4	0x8922d:je:1;0x8925b:je:1;0x89293:je:1;0x892c8:je:0;0x89338:je:0
186	0x9dcae	3ab9de5268261224	9	9	100.0	9	100.0	ok:9	144@0x95887:5,160@0x994cf:2,256@0xad849:2	0x9dcd5:je:0;0x9de1f:jne:1;0x9de2e:jne:1;0x9de4c:jne:0;0x9de68:jne:1;0x9df1c:je:0
282	0xb3128	8d87a955d012957b	9	9	100.0	9	100.0	ok:9	185@0x9d964:3,199@0xa0631:1,200@0xa0a9e:1,253@0xacfb1:1,28@0x7e390:1,307@0xb8064:1,90@0x8b334:1	0xb3145:je:0;0xb3178:je:1;0xb31f8:je:1;0xb3253:je:0;0xb3455:jne:0;0xb348a:jne:1;0xb34a1:jne:1;0xb34b6:jne:1
282	0xb3128	ef445ab229304f72	9	9	100.0	9	100.0	ok:9	49@0x82820:4,348@0xc0d7d:2,239@0xa991e:1,254@0xad32c:1,297@0xb64d7:1	0xb3145:je:0;0xb3178:je:0;0xb31f8:je:1;0xb3253:je:0;0xb3455:jne:1;0xb348a:jne:1;0xb34a1:jne:0;0xb34b6:jne:1
17	0x7bae9	51459034a0e3c66a	8	8	100.0	8	100.0	ok:8	83@0x8947b:4,215@0xa4609:1,253@0xacfb1:1,345@0xc02e4:1,66@0x855ff:1	0x7bafa:je:0;0x7bbdd:jne:0;0x7bbea:jne:1;0x7bbf8:jne:1;0x7bc05:jne:1;0x7bc7b:je:1;0x7bd0e:je:1
30	0x7e849	0defeb8f23af57dd	8	8	100.0	8	100.0	ok:8	307@0xb8064:4,180@0x9cf32:2,269@0xb045b:1,91@0x8b6de:1	0x7e868:je:0;0x7e896:je:1;0x7e8b1:je:0;0x7e913:je:0;0x7e92e:je:0;0x7eb45:je:0
30	0x7e849	2621ea48488bf1ba	8	8	100.0	8	100.0	ok:8	192@0x9f00a:2,203@0xa1484:2,183@0x9d495:1,258@0xadf2c:1,307@0xb8064:1,337@0xbec0e:1	0x7e868:je:1;0x7e896:je:0;0x7e8b1:je:0;0x7e913:je:1;0x7e92e:je:1;0x7eb45:je:1
140	0x94e5a	3605b56068445282	8	8	100.0	8	100.0	ok:8	203@0xa1484:2,320@0xbada5:2,189@0x9e7af:1,220@0xa522e:1,347@0xc088d:1,66@0x855ff:1	0x94e85:je:1;0x94f11:je:1;0x94fab:je:0;0x94fdd:je:0;0x95000:je:1;0x9504c:je:1
190	0x9eacb	439f3423415e8685	8	8	100.0	8	100.0	ok:8	352@0xc1ec4:5,257@0xadbfd:3	0x9eae9:je:0;0x9ebff:jne:1;0x9ec18:jne:1;0x9ec2d:jne:1;0x9ec3b:jne:0;0x9ecd6:je:0
237	0xa8e1f	eb8d278d835174a2	8	8	100.0	8	100.0	ok:8	108@0x8f24b:7,256@0xad849:1	0xa8efb:je:1;0xa8f3c:je:0;0xa8fc9:je:0;0xa9000:jne:1;0xa900c:jne:1;0xa9019:jne:1;0xa9025:jne:0;0xa90d7:je:1;0xa9292:je:0
253	0xacfb1	d391132b7c63a0fb	8	8	100.0	8	100.0	ok:8	18@0x7be9b:1,268@0xb0007:1,330@0xbc9b8:1,333@0xbd8af:1,3@0x78c77:1,43@0x8173d:1,66@0x855ff:1,90@0x8b334:1	0xacff9:je:1;0xad075:je:1
348	0xc0d7d	5821166bf2c3c775	8	8	100.0	8	100.0	ok:8	257@0xadbfd:5,352@0xc1ec4:2,144@0x95887:1	0xc0e89:je:0;0xc0fff:jne:1;0xc101b:jne:1;0xc103b:jne:0;0xc1049:jne:1;0xc10e5:je:0;0xc11b6:je:0;0xc1278:je:0
140	0x94e5a	a6b6d11ed8885762	7	7	100.0	7	100.0	ok:7	199@0xa0631:3,340@0xbf435:2,220@0xa522e:1,319@0xba72f:1	0x94e85:je:0;0x94f11:je:1;0x94fab:je:0;0x94fdd:je:0;0x95000:je:1;0x9504c:je:1
190	0x9eacb	0fd8f618435a1ab6	7	7	100.0	7	100.0	ok:7	257@0xadbfd:7	0x9eae9:je:1;0x9ebff:jne:1;0x9ec18:jne:1;0x9ec2d:jne:0;0x9ec3b:jne:1;0x9ecd6:je:0
199	0xa0631	be91d6d11747a1db	7	7	100.0	7	100.0	ok:7	184@0x9d694:2,203@0xa1484:1,258@0xadf2c:1,301@0xb708d:1,70@0x8610e:1,79@0x885b0:1	0xa0676:je:1;0xa0921:je:0;0xa094b:je:1;0xa0985:je:0
208	0xa2361	12ce32491e57c736	7	7	100.0	7	100.0	ok:7	168@0x9aa83:4,203@0xa1484:2,79@0x885b0:1	0xa237a:je:1;0xa23bd:je:1;0xa24d5:je:0;0xa2510:je:0;0xa26dc:jne:1;0xa270b:jne:1;0xa272d:jne:0;0xa2755:jne:1
280	0xb2661	69b3e6542a966a82	7	7	100.0	7	100.0	ok:7	256@0xad849:5,198@0xa037e:2	0xb2754:je:1;0xb2845:jne:1;0xb2867:jne:1;0xb287d:jne:0;0xb2897:jne:1;0xb2922:je:0;0xb2a90:je:0;0xb2c0a:je:1;0xb2c50:je:0
317	0xba1e2	30e8e4255b6ffbe3	7	7	100.0	7	100.0	ok:7	282@0xb3128:4,215@0xa4609:1,269@0xb045b:1,322@0xbb3c9:1	0xba1fd:je:0;0xba223:je:0;0xba266:je:1;0xba2ec:je:0;0xba503:je:0
330	0xbc9b8	5a27835f4eb7b870	7	7	100.0	7	100.0	ok:7	237@0xa8e1f:4,185@0x9d964:3	0xbc9d3:je:0;0xbca25:je:1;0xbcaa5:je:0;0xbcabc:je:0;0xbcaf6:je:0;0xbcd08:jne:1;0xbcd41:jne:1;0xbcd64:jne:1;0xbcd99:jne:0
30	0x7e849	116d895b36cc80f2	6	6	100.0	6	100.0	ok:6	192@0x9f00a:2,203@0xa1484:2,307@0xb8064:1,91@0x8b6de:1	0x7e868:je:0;0x7e896:je:1;0x7e8b1:je:1;0x7e913:je:0;0x7e92e:je:1;0x7eb45:je:1
56	0x83e76	664a05c7f6a51f15	6	6	100.0	6	100.0	ok:6	108@0x8f24b:4,160@0x994cf:2	0x83fa8:jne:1;0x83fbe:jne:1;0x83fce:jne:0;0x83fee:jne:1;0x8408f:je:0
146	0x96407	3a37a8c7d50f8d93	6	6	100.0	6	100.0	ok:6	258@0xadf2c:2,268@0xb0007:1,301@0xb708d:1,337@0xbec0e:1,83@0x8947b:1	0x96428:je:1;0x96492:je:0;0x966c4:jne:1;0x966d3:jne:1;0x966f8:jne:1;0x9671d:jne:0
151	0x97311	9c9489444f2ddd0b	6	6	100.0	6	100.0	ok:6	173@0x9ba74:4,198@0xa037e:2	0x9744b:jne:1;0x9746b:jne:1;0x97489:jne:1;0x9749f:jne:0;0x9754e:je:0
173	0x9ba74	800ab7eb123b8ca2	6	6	100.0	6	100.0	ok:6	196@0x9fbcd:1,203@0xa1484:1,297@0xb64d7:1,340@0xbf435:1,349@0xc140b:1,43@0x8173d:1	0x9bb4a:jne:1;0x9bb57:jne:1;0x9bb65:jne:1;0x9bb91:jne:0;0x9bbb5:je:0;0x9bbfa:je:1
208	0xa2361	77086d10d578902b	6	6	100.0	6	100.0	ok:6	43@0x8173d:6	0xa237a:je:0;0xa23bd:je:0;0xa24d5:je:0;0xa2510:je:0;0xa26dc:jne:1;0xa270b:jne:1;0xa272d:jne:0;0xa2755:jne:1
268	0xb0007	80c25c32cafec1f8	6	6	100.0	6	100.0	ok:6	243@0xaab6a:2,301@0xb708d:1,33@0x7f7c4:1,346@0xc0535:1,64@0x85059:1	0xb01e9:je:0;0xb0218:je:0;0xb026a:je:1;0xb029a:je:1;0xb02eb:je:0;0xb0307:je:1
301	0xb708d	1dbe9282449f81a6	6	6	100.0	6	100.0	ok:6	108@0x8f24b:2,144@0x95887:2,173@0x9ba74:1,352@0xc1ec4:1	0xb7140:je:0;0xb71c5:je:1;0xb720a:je:1;0xb726f:je:0;0xb72a8:je:0;0xb73b9:je:1
301	0xb708d	537b51ceef7e6603	6	6	100.0	6	100.0	ok:6	198@0xa037e:2,352@0xc1ec4:2,108@0x8f24b:1,173@0x9ba74:1	0xb7140:je:0;0xb71c5:je:1;0xb720a:je:1;0xb726f:je:1;0xb72a8:je:0;0xb73b9:je:1
321	0xbb1dd	9e32de774899afb7	6	0	0.0	0	0.0	unknown_target:6	169@0x9af18:3,310@0xb8556:3	0xbb1f8:je:0;0xbb202:je:0;0xbb4c1:je:0
357	0xc29cf	b76f0c1213392f8e	6	6	100.0	6	100.0	ok:6	144@0x95887:3,352@0xc1ec4:3	0xc2b01:jne:1;0xc2b1d:jne:1;0xc2b39:jne:0;0xc2b57:jne:1;0xc2c03:je:0
82	0x8920e	aebb1ed46015c55e	5	5	100.0	5	100.0	ok:5	168@0x9aa83:2,217@0xa4b11:2,307@0xb8064:1	0x8922d:je:0;0x8925b:je:0;0x89293:je:0;0x892c8:je:0;0x89338:je:0
105	0x8e6b4	2a64ac183a132956	5	5	100.0	5	100.0	ok:5	28@0x7e390:2,281@0xb2db6:1,83@0x8947b:1,90@0x8b334:1	0x8e713:je:1;0x8e925:jne:0;0x8e94d:jne:1;0x8e96f:jne:1;0x8e9a6:jne:1
146	0x96407	0adf5fc71f1c5ca9	5	5	100.0	5	100.0	ok:5	66@0x855ff:4,217@0xa4b11:1	0x96428:je:0;0x96492:je:0;0x966c4:jne:0;0x966d3:jne:1;0x966f8:jne:1;0x9671d:jne:1
146	0x96407	0f4c59e1032400ca	5	5	100.0	5	100.0	ok:5	70@0x8610e:5	0x96428:je:1;0x96492:je:1;0x966c4:jne:0;0x966d3:jne:1;0x966f8:jne:1;0x9671d:jne:1
146	0x96407	982557705575dc3d	5	5	100.0	5	100.0	ok:5	172@0x9b68a:1,220@0xa522e:1,258@0xadf2c:1,337@0xbec0e:1,66@0x855ff:1	0x96428:je:1;0x96492:je:1;0x966c4:jne:1;0x966d3:jne:1;0x966f8:jne:1;0x9671d:jne:0
146	0x96407	eec5c478bb68b13f	5	5	100.0	5	100.0	ok:5	189@0x9e7af:2,28@0x7e390:1,3@0x78c77:1,79@0x885b0:1	0x96428:je:1;0x96492:je:1;0x966c4:jne:1;0x966d3:jne:1;0x966f8:jne:0;0x9671d:jne:1
160	0x994cf	283d4be70a6d81ca	5	5	100.0	5	100.0	ok:5	185@0x9d964:2,333@0xbd8af:2,28@0x7e390:1	0x99521:jne:1;0x9952e:jne:1;0x9953c:jne:0;0x99554:je:1;0x9956c:jne:1;0x995b7:je:0
187	0x9e07d	2778a69fcfd9605e	5	5	100.0	5	100.0	ok:5	173@0x9ba74:5	0x9e15a:jne:1;0x9e173:jne:1;0x9e18c:jne:1;0x9e1a0:jne:0;0x9e23d:je:0
237	0xa8e1f	c32fe92f14d4a45c	5	5	100.0	5	100.0	ok:5	257@0xadbfd:3,160@0x994cf:2	0xa8efb:je:0;0xa8f3c:je:0;0xa8fc9:je:0;0xa9000:jne:1;0xa900c:jne:1;0xa9019:jne:0;0xa9025:jne:1;0xa90d7:je:0;0xa9292:je:0
237	0xa8e1f	ec8f6cd1ef50287f	5	5	100.0	5	100.0	ok:5	160@0x994cf:5	0xa8efb:je:0;0xa8f3c:je:0;0xa8fc9:je:0;0xa9000:jne:1;0xa900c:jne:1;0xa9019:jne:1;0xa9025:jne:0;0xa90d7:je:0;0xa9292:je:0
240	0xa9cf7	7d2cd2d791a87439	5	5	100.0	5	100.0	ok:5	173@0x9ba74:5	0xa9e2b:jne:1;0xa9e48:jne:1;0xa9e62:jne:0;0xa9e7e:jne:1;0xa9edd:je:0
256	0xad849	83cda8f6067fce2a	5	5	100.0	5	100.0	ok:5	292@0xb540f:5	0xad89b:jne:1;0xad8a7:jne:1;0xad8b4:jne:1;0xad8e1:jne:0;0xad973:je:0;0xad9da:je:1;0xada6f:je:0
347	0xc088d	ec89a4d6c19be592	5	5	100.0	5	100.0	ok:5	128@0x9299b:1,18@0x7be9b:1,201@0xa0dca:1,307@0xb8064:1,37@0x80685:1	0xc093d:je:1;0xc09c2:je:0
13	0x7aee8	b7836cdca7530662	4	4	100.0	4	100.0	ok:4	256@0xad849:4	0x7af0e:je:0;0x7b058:je:0;0x7b089:jne:1;0x7b097:jne:1;0x7b0a6:jne:0;0x7b0b4:jne:1;0x7b0f2:je:0;0x7b14c:je:0;0x7b179:je:0
30	0x7e849	b1a9b0ebcd6b9c74	4	4	100.0	4	100.0	ok:4	192@0x9f00a:2,203@0xa1484:2	0x7e868:je:0;0x7e896:je:1;0x7e8b1:je:0;0x7e913:je:1;0x7e92e:je:1;0x7eb45:je:1
36	0x800a1	6eb380f706ec49f0	4	4	100.0	4	100.0	ok:4	108@0x8f24b:4	0x800b2:je:0;0x80346:je:0;0x803d6:jne:1;0x803e9:jne:1;0x803f7:jne:0;0x80404:jne:1;0x804d8:je:0
86	0x8a37f	e3b0c44298fc1c14	4	4	100.0	4	100.0	ok:4	310@0xb8556:4	-
88	0x8aa14	78722b39f0b4a864	4	4	100.0	4	100.0	ok:4	352@0xc1ec4:4	0x8aa9c:je:1;0x8acf1:jne:1;0x8ad18:jne:1;0x8ad2e:jne:0;0x8ad3a:jne:1;0x8aeac:je:0
130	0x931d3	ebeafe43f7b7b773	4	4	100.0	4	100.0	ok:4	144@0x95887:4	0x933d5:je:1;0x93509:jne:1;0x93524:jne:1;0x93546:jne:1;0x9355b:jne:0;0x93611:je:1;0x93660:je:0
131	0x937d0	ce8a72bd979fb259	4	4	100.0	4	100.0	ok:4	108@0x8f24b:4	0x9395a:je:0;0x93a40:jne:1;0x93a65:jne:1;0x93a74:jne:0;0x93a99:jne:1;0x93b5d:je:0;0x93b8f:je:0;0x93bd0:je:0;0x93cc3:je:0;0x93cf0:je:0;0x93da3:je:0;0x93e3d:je:1
140	0x94e5a	b52184b986bd204d	4	4	100.0	4	100.0	ok:4	237@0xa8e1f:3,172@0x9b68a:1	0x94e85:je:0;0x94f11:je:0;0x94fab:je:0;0x94fdd:je:0;0x95000:je:0;0x9504c:je:1
214	0xa3fe9	976254d9e1abe997	4	4	100.0	4	100.0	ok:4	257@0xadbfd:4	0xa4069:je:0;0xa4279:jne:1;0xa428a:jne:1;0xa42ad:jne:0;0xa42cd:jne:1;0xa445d:je:0
221	0xa5889	7ed8075b3f9e17ff	4	4	100.0	4	100.0	ok:4	256@0xad849:4	0xa5934:je:0;0xa5976:je:1;0xa5a54:jne:1;0xa5a6e:jne:1;0xa5a8f:jne:0;0xa5ab4:jne:1;0xa5bbc:je:0;0xa5ca0:je:1;0xa5d2f:je:0;0xa5d51:je:1;0xa5d98:je:0
231	0xa799b	833ef5dc8aaea91e	4	4	100.0	4	100.0	ok:4	198@0xa037e:4	0xa79c0:je:0;0xa7a10:je:0;0xa7ada:je:0;0xa7b4c:jne:1;0xa7b5a:jne:1;0xa7b69:jne:0;0xa7b77:jne:1;0xa7cf4:je:0;0xa7d99:je:0
267	0xafa1f	995f3a6ce826c58c	4	4	100.0	4	100.0	ok:4	144@0x95887:4	0xafacf:je:0;0xafb4a:jne:1;0xafb58:jne:1;0xafb67:jne:0;0xafb75:jne:1;0xafcff:je:0;0xafe47:je:1
268	0xb0007	c111a20b40539ba2	4	4	100.0	4	100.0	ok:4	28@0x7e390:2,189@0x9e7af:1,305@0xb78b0:1	0xb01e9:je:0;0xb0218:je:1;0xb026a:je:1;0xb029a:je:1;0xb02eb:je:0;0xb0307:je:1
292	0xb540f	e5e4f2718bba17ce	4	4	100.0	4	100.0	ok:4	3@0x78c77:2,28@0x7e390:1,349@0xc140b:1	0xb5688:jne:0;0xb56bb:jne:1;0xb56c8:jne:1;0xb56f3:jne:1;0xb5771:je:0;0xb57c8:je:1
313	0xb8b42	e763e24efa841a3b	4	4	100.0	4	100.0	ok:4	352@0xc1ec4:4	0xb8b53:je:0;0xb8b78:je:0;0xb8c38:je:0;0xb8d19:jne:1;0xb8d27:jne:1;0xb8d36:jne:0;0xb8d44:jne:1;0xb8de9:je:1;0xb8e6a:je:0
317	0xba1e2	57351ad76f77e260	4	4	100.0	4	100.0	ok:4	199@0xa0631:1,239@0xa991e:1,28@0x7e390:1,83@0x8947b:1	0xba1fd:je:1;0xba223:je:1;0xba266:je:1;0xba2ec:je:0;0xba503:je:0
330	0xbc9b8	daf9e02bbbbef0f1	4	4	100.0	4	100.0	ok:4	269@0xb045b:2,273@0xb11ca:1,301@0xb708d:1	0xbc9d3:je:1;0xbca25:je:1;0xbcaa5:je:0;0xbcabc:je:0;0xbcaf6:je:1;0xbcd08:jne:0;0xbcd41:jne:1;0xbcd64:jne:1;0xbcd99:jne:1
359	0xc3406	7517feae529a3779	4	4	100.0	4	100.0	ok:4	108@0x8f24b:4	0xc35b2:je:1;0xc362d:je:0
17	0x7bae9	ec84997f8853a491	3	3	100.0	3	100.0	ok:3	220@0xa522e:1,336@0xbe8cd:1,350@0xc1926:1	0x7bafa:je:1;0x7bbdd:jne:1;0x7bbea:jne:1;0x7bbf8:jne:0;0x7bc05:jne:1;0x7bc7b:je:0;0x7bd0e:je:1
30	0x7e849	5376a30fd039c061	3	3	100.0	3	100.0	ok:3	307@0xb8064:2,183@0x9d495:1	0x7e868:je:0;0x7e896:je:0;0x7e8b1:je:1;0x7e913:je:1;0x7e92e:je:0;0x7eb45:je:0
30	0x7e849	d3ae225233fc186d	3	3	100.0	3	100.0	ok:3	180@0x9cf32:1,333@0xbd8af:1,91@0x8b6de:1	0x7e868:je:0;0x7e896:je:1;0x7e8b1:je:1;0x7e913:je:0;0x7e92e:je:0;0x7eb45:je:0
37	0x80685	5fff89a42f0fb915	3	3	100.0	3	100.0	ok:3	108@0x8f24b:1,160@0x994cf:1,352@0xc1ec4:1	0x806c4:je:1;0x8075e:je:1;0x807c6:je:0;0x808c1:jne:1;0x808d1:jne:1;0x808ef:jne:1;0x8090d:jne:0;0x8099e:je:0;0x809da:je:0;0x80ac9:je:0
37	0x80685	972249a0a1aafc69	3	3	100.0	3	100.0	ok:3	160@0x994cf:2,144@0x95887:1	0x806c4:je:1;0x8075e:je:0;0x807c6:je:0;0x808c1:jne:1;0x808d1:jne:1;0x808ef:jne:1;0x8090d:jne:0;0x8099e:je:0;0x809da:je:0;0x80ac9:je:0
42	0x815ea	e3b0c44298fc1c14	3	3	100.0	3	100.0	ok:3	169@0x9af18:2,310@0xb8556:1	-
94	0x8bd69	588d50dbd5db53e1	3	3	100.0	3	100.0	ok:3	144@0x95887:3	0x8bfbc:jne:1;0x8bfc9:jne:1;0x8bff0:jne:0;0x8c003:jne:1;0x8c0f2:je:1;0x8c1e9:je:0
146	0x96407	78bdb2f1461a8520	3	3	100.0	3	100.0	ok:3	220@0xa522e:1,347@0xc088d:1,79@0x885b0:1	0x96428:je:1;0x96492:je:0;0x966c4:jne:1;0x966d3:jne:1;0x966f8:jne:0;0x9671d:jne:1
237	0xa8e1f	5f6701a2424033a3	3	3	100.0	3	100.0	ok:3	108@0x8f24b:2,256@0xad849:1	0xa8efb:je:1;0xa8f3c:je:0;0xa8fc9:je:0;0xa9000:jne:1;0xa900c:jne:1;0xa9019:jne:1;0xa9025:jne:0;0xa90d7:je:0;0xa9292:je:1
257	0xadbfd	dfbbea61e449eaa3	3	3	100.0	3	100.0	ok:3	157@0x98a9a:1,333@0xbd8af:1,337@0xbec0e:1	0xadc1e:je:0;0xadcc0:jne:1;0xadccc:jne:1;0xadcd9:jne:1;0xadd06:jne:0;0xadd6a:je:1;0xadda4:je:1
257	0xadbfd	fbb7ebf89cedfec3	3	3	100.0	3	100.0	ok:3	268@0xb0007:2,114@0x90319:1	0xadc1e:je:0;0xadcc0:jne:0;0xadccc:jne:1;0xadcd9:jne:1;0xadd06:jne:1;0xadd6a:je:0;0xadda4:je:0
282	0xb3128	4e1a08b512545ea9	3	3	100.0	3	100.0	ok:3	124@0x91e81:2,83@0x8947b:1	0xb3145:je:1;0xb3178:je:0;0xb31f8:je:1;0xb3253:je:0;0xb3455:jne:1;0xb348a:jne:1;0xb34a1:jne:1;0xb34b6:jne:0
282	0xb3128	f370d941d5feed1e	3	3	100.0	3	100.0	ok:3	280@0xb2661:2,349@0xc140b:1	0xb3145:je:1;0xb3178:je:0;0xb31f8:je:1;0xb3253:je:0;0xb3455:jne:0;0xb348a:jne:1;0xb34a1:jne:1;0xb34b6:jne:1
330	0xbc9b8	20af7b550e1c50be	3	3	100.0	3	100.0	ok:3	122@0x9170d:2,18@0x7be9b:1	0xbc9d3:je:1;0xbca25:je:1;0xbcaa5:je:1;0xbcabc:je:0;0xbcaf6:je:1;0xbcd08:jne:1;0xbcd41:jne:1;0xbcd64:jne:1;0xbcd99:jne:0
330	0xbc9b8	5fac0740b3f4045a	3	3	100.0	3	100.0	ok:3	269@0xb045b:1,291@0xb4edd:1,301@0xb708d:1	0xbc9d3:je:0;0xbca25:je:1;0xbcaa5:je:0;0xbcabc:je:0;0xbcaf6:je:1;0xbcd08:jne:0;0xbcd41:jne:1;0xbcd64:jne:1;0xbcd99:jne:1
330	0xbc9b8	8268b83bf72fa338	3	3	100.0	3	100.0	ok:3	154@0x97ce6:1,349@0xc140b:1,90@0x8b334:1	0xbc9d3:je:0;0xbca25:je:1;0xbcaa5:je:0;0xbcabc:je:0;0xbcaf6:je:1;0xbcd08:jne:1;0xbcd41:jne:1;0xbcd64:jne:1;0xbcd99:jne:0
330	0xbc9b8	e9d6ac0e93b396fb	3	3	100.0	3	100.0	ok:3	3@0x78c77:2,92@0x8b8cb:1	0xbc9d3:je:0;0xbca25:je:1;0xbcaa5:je:0;0xbcabc:je:0;0xbcaf6:je:0;0xbcd08:jne:0;0xbcd41:jne:1;0xbcd64:jne:1;0xbcd99:jne:1
331	0xbcfc8	b418e41fa05a8dd2	3	3	100.0	3	100.0	ok:3	99@0x8c99a:2,168@0x9aa83:1	0xbd003:je:1;0xbd0b8:je:0;0xbd0f8:je:0;0xbd166:je:0;0xbd1bb:je:0;0xbd1f8:je:0
17	0x7bae9	80e74d2f15336754	2	2	100.0	2	100.0	ok:2	185@0x9d964:1,317@0xba1e2:1	0x7bafa:je:1;0x7bbdd:jne:1;0x7bbea:jne:1;0x7bbf8:jne:1;0x7bc05:jne:0;0x7bc7b:je:0;0x7bd0e:je:1
17	0x7bae9	b32a005b1bc32374	2	2	100.0	2	100.0	ok:2	215@0xa4609:1,269@0xb045b:1	0x7bafa:je:1;0x7bbdd:jne:1;0x7bbea:jne:1;0x7bbf8:jne:0;0x7bc05:jne:1;0x7bc7b:je:1;0x7bd0e:je:1
17	0x7bae9	d8729a7a98279df5	2	2	100.0	2	100.0	ok:2	200@0xa0a9e:1,220@0xa522e:1	0x7bafa:je:1;0x7bbdd:jne:1;0x7bbea:jne:1;0x7bbf8:jne:1;0x7bc05:jne:0;0x7bc7b:je:1;0x7bd0e:je:1
30	0x7e849	ce3f2f6f70dc85dd	2	2	100.0	2	100.0	ok:2	192@0x9f00a:1,203@0xa1484:1	0x7e868:je:0;0x7e896:je:1;0x7e8b1:je:1;0x7e913:je:1;0x7e92e:je:1;0x7eb45:je:1
31	0x7ecd2	7c575499fb7c10f7	2	2	100.0	2	100.0	ok:2	352@0xc1ec4:2	0x7eda5:jne:1;0x7edb6:jne:1;0x7edc5:jne:0;0x7eddd:jne:1;0x7ee6c:je:0
48	0x82477	4554738dd02e4626	2	2	100.0	2	100.0	ok:2	3@0x78c77:1,90@0x8b334:1	0x824a2:je:0;0x8259a:jne:0;0x825a7:jne:1;0x825b4:jne:1;0x825c0:jne:1;0x8260a:je:1
48	0x82477	af9211b7c30a7a32	2	2	100.0	2	100.0	ok:2	300@0xb6c36:2	0x824a2:je:0;0x8259a:jne:1;0x825a7:jne:1;0x825b4:jne:0;0x825c0:jne:1;0x8260a:je:0
62	0x84aa3	46d2270df907c1b4	2	2	100.0	2	100.0	ok:2	307@0xb8064:2	0x84c20:je:1
129	0x92f21	2d7de7f338ef1eb3	2	2	100.0	2	100.0	ok:2	217@0xa4b11:1,347@0xc088d:1	0x93007:je:0
136	0x9461b	2c34239f03385794	2	2	100.0	2	100.0	ok:2	198@0xa037e:2	0x9473e:jne:1;0x9475a:jne:1;0x9477b:jne:0;0x947a6:jne:1;0x94851:je:0
140	0x94e5a	f699aebd2ab38d8b	2	2	100.0	2	100.0	ok:2	18@0x7be9b:2	0x94e85:je:0;0x94f11:je:1;0x94fab:je:0;0x94fdd:je:0;0x95000:je:0;0x9504c:je:0
160	0x994cf	b5dc6ce098276a10	2	2	100.0	2	100.0	ok:2	185@0x9d964:1,30@0x7e849:1	0x99521:jne:0;0x9952e:jne:1;0x9953c:jne:1;0x9956c:jne:1;0x995b7:je:0
173	0x9ba74	0a4b2fe7c989472d	2	2	100.0	2	100.0	ok:2	203@0xa1484:1,337@0xbec0e:1	0x9bb4a:jne:1;0x9bb57:jne:1;0x9bb65:jne:0;0x9bb7a:je:0;0x9bb91:jne:1;0x9bbb5:je:0;0x9bbfa:je:1
198	0xa037e	5fd34b2586cb4fcb	2	2	100.0	2	100.0	ok:2	300@0xb6c36:2	0xa0391:je:1;0xa04a9:jne:1;0xa04b6:jne:1;0xa04c4:jne:0;0xa04da:je:1;0xa04f1:jne:1
237	0xa8e1f	220aec61f5cb2605	2	2	100.0	2	100.0	ok:2	108@0x8f24b:1,160@0x994cf:1	0xa8efb:je:1;0xa8f3c:je:1;0xa8fc9:je:0;0xa9000:jne:1;0xa900c:jne:1;0xa9019:jne:1;0xa9025:jne:0;0xa90d7:je:0;0xa9292:je:1
248	0xac110	21850699e16fcd1a	2	2	100.0	2	100.0	ok:2	189@0x9e7af:1,258@0xadf2c:1	0xac120:je:1;0xac2b8:je:0
268	0xb0007	06903b8c26572b18	2	2	100.0	2	100.0	ok:2	199@0xa0631:1,347@0xc088d:1	0xb01e9:je:1;0xb0218:je:0;0xb026a:je:1;0xb029a:je:1;0xb02eb:je:0;0xb0307:je:1
268	0xb0007	23ad013654b73764	2	2	100.0	2	100.0	ok:2	26@0x7dbbb:1,337@0xbec0e:1	0xb01e9:je:1;0xb0218:je:1;0xb026a:je:1;0xb029a:je:1;0xb02eb:je:0;0xb0307:je:1
330	0xbc9b8	5c2cab85f9afab52	2	2	100.0	2	100.0	ok:2	30@0x7e849:1,92@0x8b8cb:1	0xbc9d3:je:1;0xbca25:je:1;0xbcaa5:je:1;0xbcabc:je:0;0xbcaf6:je:1;0xbcd08:jne:1;0xbcd41:jne:1;0xbcd64:jne:0;0xbcd99:jne:1
330	0xbc9b8	688bf75cfe02a663	2	2	100.0	2	100.0	ok:2	18@0x7be9b:2	0xbc9d3:je:1;0xbca25:je:1;0xbcaa5:je:1;0xbcabc:je:0;0xbcaf6:je:0;0xbcd08:jne:0;0xbcd41:jne:1;0xbcd64:jne:1;0xbcd99:jne:1
330	0xbc9b8	d53dca47d6295059	2	2	100.0	2	100.0	ok:2	220@0xa522e:1,239@0xa991e:1	0xbc9d3:je:1;0xbca25:je:1;0xbcaa5:je:0;0xbcabc:je:0;0xbcaf6:je:1;0xbcd08:jne:1;0xbcd41:jne:1;0xbcd64:jne:0;0xbcd99:jne:1
352	0xc1ec4	ddee6711eeae4b11	2	2	100.0	2	100.0	ok:2	157@0x98a9a:1,171@0x9b4b3:1	0xc1f17:je:0;0xc1f5b:je:1;0xc1fba:jne:1;0xc1fc6:jne:1;0xc1fd3:jne:0;0xc1fe9:je:1;0xc2000:jne:1;0xc2027:je:0
13	0x7aee8	19d8a9a4824de2a0	1	1	100.0	1	100.0	ok:1	257@0xadbfd:1	0x7af0e:je:0;0x7b058:je:0;0x7b089:jne:0;0x7b097:jne:1;0x7b0a6:jne:1;0x7b0b4:jne:1;0x7b0f2:je:0;0x7b14c:je:0;0x7b179:je:0
30	0x7e849	c8764df718f2a620	1	1	100.0	1	100.0	ok:1	157@0x98a9a:1	0x7e868:je:1;0x7e896:je:1;0x7e8b1:je:0;0x7e913:je:0;0x7e92e:je:1;0x7eb45:je:1
30	0x7e849	fba3c9c2e17c050b	1	1	100.0	1	100.0	ok:1	307@0xb8064:1	0x7e868:je:1;0x7e896:je:1;0x7e8b1:je:0;0x7e913:je:0;0x7e92e:je:0;0x7eb45:je:0
33	0x7f7c4	02a7dbac9483710b	1	1	100.0	1	100.0	ok:1	114@0x90319:1	0x7f7fd:je:1;0x7f845:je:1;0x7f916:jne:1;0x7f927:jne:1;0x7f94a:je:0;0x7f95a:je:0;0x7f983:je:1;0x7f9b7:je:1;0x7f9e8:je:1
33	0x7f7c4	4c69f6d005993dcf	1	1	100.0	1	100.0	ok:1	337@0xbec0e:1	0x7f7fd:je:0;0x7f845:je:0;0x7f916:jne:1;0x7f927:jne:1;0x7f94a:je:0;0x7f95a:je:0;0x7f983:je:1;0x7f9b7:je:0;0x7f9e8:je:0
35	0x7fd4d	c66298eb8aac69a6	1	1	100.0	1	100.0	ok:1	256@0xad849:1	0x7fe93:jne:0;0x7feab:jne:1;0x7ff5d:je:1
54	0x837cb	101e5bd73623ffe7	1	1	100.0	1	100.0	ok:1	256@0xad849:1	0x8393d:jne:1;0x83956:jne:1;0x8396c:jne:0;0x83985:jne:1;0x83a29:je:0
78	0x883c0	96fd915ac218c913	1	0	0.0	0	0.0	unknown_target:1	310@0xb8556:1	0x883db:je:0;0x883e5:je:0;0x8860f:je:0;0x886fb:je:0;0x887f1:je:0
82	0x8920e	02562957f79852a7	1	1	100.0	1	100.0	ok:1	99@0x8c99a:1	0x8922d:je:1;0x8925b:je:1;0x89293:je:1;0x892c8:je:1;0x89338:je:1
82	0x8920e	1606fb4d642df6a7	1	1	100.0	1	100.0	ok:1	307@0xb8064:1	0x8922d:je:1;0x8925b:je:0;0x89293:je:0;0x892c8:je:0;0x89338:je:0
85	0x89b37	0c1933f1b1ee8d9e	1	1	100.0	1	100.0	ok:1	64@0x85059:1	0x89bd0:je:1;0x89bf4:je:0;0x89c4b:jne:1;0x89c91:jne:1;0x89cee:jne:1;0x89d1a:jne:1;0x89d86:jne:1;0x89e0b:jne:1;0x89e7b:jne:1;0x89f0f:jne:1;0x89f91:jne:1;0x8a053:jne:1;0x8a090:jne:1;0x8a0d9:jne:1;0x8a10b:jne:1;0x8a14e:jne:1;0x8a192:jne:1;0x8a1e5:je:0
88	0x8aa14	81ed0e3e63ffdef8	1	1	100.0	1	100.0	ok:1	257@0xadbfd:1	0x8aa9c:je:1;0x8acf1:jne:0;0x8ad18:jne:1;0x8ad2e:jne:1;0x8ad3a:jne:1;0x8aeac:je:0
99	0x8c99a	83df7909478a8cf0	1	1	100.0	1	100.0	ok:1	198@0xa037e:1	0x8ca79:jne:1;0x8ca94:jne:0;0x8cb4e:je:1
101	0x8ceb4	3109313333601288	1	1	100.0	1	100.0	ok:1	199@0xa0631:1	0x8cf5a:je:1;0x8cf84:je:0;0x8cfcc:jne:1;0x8d00f:jne:1;0x8d082:jne:1;0x8d0eb:jne:1;0x8d140:jne:1;0x8d1c6:jne:1;0x8d275:jne:1;0x8d2cf:jne:1;0x8d31e:jne:1;0x8d3df:jne:1;0x8d41a:jne:1;0x8d462:jne:1;0x8d4a5:jne:1;0x8d4e6:jne:1;0x8d530:jne:1;0x8d57c:je:0
102	0x8d71d	ce1c74c71b8b49af	1	1	100.0	1	100.0	ok:1	268@0xb0007:1	0x8d7dc:je:0;0x8d7e6:je:0;0x8d82d:jne:1;0x8d85e:jne:1;0x8d8d1:jne:1;0x8d925:jne:1;0x8d96c:jne:0;0x8d989:je:0;0x8d9b0:je:1;0x8d9f6:jne:1;0x8da74:jne:1;0x8daed:jne:1;0x8db72:jne:1;0x8dc26:jne:1;0x8dc81:jne:1;0x8dcd4:jne:1;0x8dd26:jne:1;0x8dd78:jne:1;0x8ddb3:jne:1;0x8de04:je:0
105	0x8e6b4	d1e679141ab1ec6f	1	1	100.0	1	100.0	ok:1	83@0x8947b:1	0x8e713:je:1;0x8e925:jne:1;0x8e94d:jne:0;0x8e96f:jne:1;0x8e9a6:jne:1
108	0x8f24b	5f4b9f379e40e547	1	1	100.0	1	100.0	ok:1	114@0x90319:1	0x8f368:jne:1;0x8f38e:jne:0;0x8f3a8:jne:1;0x8f438:jne:1;0x8f4f4:je:1;0x8f53a:je:0;0x8f55b:je:1
108	0x8f24b	ab195e204d83a97c	1	1	100.0	1	100.0	ok:1	337@0xbec0e:1	0x8f368:jne:1;0x8f38e:jne:1;0x8f3a8:jne:0;0x8f3ec:je:1;0x8f438:jne:1;0x8f4f4:je:0;0x8f53a:je:0;0x8f55b:je:1
122	0x9170d	d05c9b2323c578d9	1	1	100.0	1	100.0	ok:1	334@0xbdd18:1	0x9183d:jne:0;0x9184b:jne:1;0x9185a:jne:1;0x91872:jne:1;0x91935:je:0
123	0x91a59	7ca4af5fe495d779	1	1	100.0	1	100.0	ok:1	258@0xadf2c:1	0x91a6a:je:0;0x91be2:jne:1;0x91c91:je:0;0x91cd7:je:1;0x91d11:je:0
125	0x922c4	6855c7694d2cef8f	1	1	100.0	1	100.0	ok:1	316@0xb987b:1	0x923cb:jne:1;0x923df:jne:1;0x923f7:jne:1;0x9240b:jne:0;0x924eb:je:0
140	0x94e5a	cec80b7303cf8610	1	1	100.0	1	100.0	ok:1	203@0xa1484:1	0x94e85:je:0;0x94f11:je:1;0x94fab:je:0;0x94fdd:je:0;0x95000:je:0;0x9504c:je:1
157	0x98a9a	3ac6dab09bb33a9c	1	1	100.0	1	100.0	ok:1	258@0xadf2c:1	0x98ab4:je:1;0x98afb:je:1;0x98b42:je:1;0x98d6b:je:1;0x98db0:je:1;0x98e31:je:1;0x98e54:je:1
190	0x9eacb	2ec827c425d26b05	1	1	100.0	1	100.0	ok:1	257@0xadbfd:1	0x9eae9:je:1;0x9ebff:jne:1;0x9ec18:jne:1;0x9ec2d:jne:1;0x9ec3b:jne:0;0x9ecd6:je:0
199	0xa0631	1c2914d9ca049a16	1	1	100.0	1	100.0	ok:1	127@0x926c3:1	0xa0676:je:0;0xa0921:je:0;0xa094b:je:1;0xa0985:je:0
209	0xa2935	d8f8bc3805cfbed9	1	1	100.0	1	100.0	ok:1	257@0xadbfd:1	0xa295d:je:1;0xa29e3:je:1;0xa2ab8:jne:1;0xa2ac5:jne:1;0xa2ad2:jne:1;0xa2ade:jne:0;0xa2b7f:je:0;0xa2bdc:je:0;0xa2c02:je:0
217	0xa4b11	dbf8044244c4dd26	1	1	100.0	1	100.0	ok:1	352@0xc1ec4:1	0xa4bfa:jne:1;0xa4c0e:jne:0;0xa4cf8:je:1
222	0xa5f3c	3072da87febdb44f	1	1	100.0	1	100.0	ok:1	35@0x7fd4d:1	0xa5fbf:je:1;0xa600d:je:1;0xa6222:jne:1;0xa622f:jne:0;0xa6250:jne:1;0xa6276:jne:1
237	0xa8e1f	8f76701e339cb0f5	1	1	100.0	1	100.0	ok:1	108@0x8f24b:1	0xa8efb:je:0;0xa8f3c:je:1;0xa8fc9:je:0;0xa9000:jne:1;0xa900c:jne:1;0xa9019:jne:0;0xa9025:jne:1;0xa90d7:je:0;0xa9292:je:1
241	0xa9ffa	09dd52184bb38480	1	1	100.0	1	100.0	ok:1	333@0xbd8af:1	0xaa0ad:je:1;0xaa0df:je:1;0xaa127:jne:1;0xaa177:jne:1;0xaa1d4:jne:1;0xaa20d:jne:1;0xaa242:jne:1;0xaa2bd:jne:1;0xaa365:jne:1;0xaa3f3:jne:1;0xaa45e:jne:1;0xaa501:jne:1;0xaa542:jne:1;0xaa5ac:jne:1;0xaa601:jne:1;0xaa630:jne:1;0xaa66f:jne:1;0xaa6d6:je:1
248	0xac110	acbff1ba210ff976	1	1	100.0	1	100.0	ok:1	345@0xc02e4:1	0xac120:je:0;0xac2b8:je:1
250	0xac802	f3368a1603473e1e	1	1	100.0	1	100.0	ok:1	157@0x98a9a:1	0xac869:je:0;0xac9ef:je:0;0xaca3e:je:1
257	0xadbfd	706f0fbb93540b86	1	1	100.0	1	100.0	ok:1	64@0x85059:1	0xadc1e:je:0;0xadcc0:jne:1;0xadccc:jne:0;0xadcd9:jne:1;0xadd06:jne:1;0xadd6a:je:0;0xadda4:je:1
260	0xae90b	2a5fb4d289ee3b20	1	1	100.0	1	100.0	ok:1	203@0xa1484:1	0xae92e:je:0;0xaea48:je:0;0xaea75:je:1
260	0xae90b	5a379914f0381e9f	1	1	100.0	1	100.0	ok:1	105@0x8e6b4:1	0xae92e:je:1;0xaea48:je:1;0xaea75:je:1
282	0xb3128	5f2049fc4206797a	1	1	100.0	1	100.0	ok:1	185@0x9d964:1	0xb3145:je:1;0xb3178:je:1;0xb31f8:je:1;0xb3253:je:0;0xb3455:jne:1;0xb348a:jne:1;0xb34a1:jne:0;0xb34b6:jne:1
282	0xb3128	773356a8125f572c	1	1	100.0	1	100.0	ok:1	18@0x7be9b:1	0xb3145:je:1;0xb3178:je:1;0xb31f8:je:1;0xb3253:je:0;0xb3455:jne:1;0xb348a:jne:1;0xb34a1:jne:1;0xb34b6:jne:0
284	0xb379b	c64644ae256c2283	1	1	100.0	1	100.0	ok:1	239@0xa991e:1	0xb3856:je:0;0xb385f:je:0;0xb38dd:jne:0;0xb38ea:jne:0;0xb3917:jne:1;0xb3965:jne:1;0xb39b2:jne:1;0xb39df:jne:1;0xb3a68:jne:1;0xb3af4:jne:1;0xb3b4d:jne:1;0xb3bd3:jne:1;0xb3c88:jne:1;0xb3cd2:jne:1;0xb3d1c:jne:1;0xb3d77:jne:1;0xb3db0:jne:1;0xb3df9:jne:1;0xb3e3a:je:0
285	0xb3ff4	f79371fd7cb4721f	1	1	100.0	1	100.0	ok:1	160@0x994cf:1	0xb40c0:jne:1;0xb40e0:jne:1;0xb40fd:jne:0;0xb410f:jne:1;0xb4198:je:0
292	0xb540f	5ab24bee3c6b71f5	1	1	100.0	1	100.0	ok:1	124@0x91e81:1	0xb5688:jne:1;0xb56bb:jne:0;0xb56c8:jne:1;0xb56f3:jne:1;0xb5771:je:0;0xb57c8:je:0
314	0xb8fcf	edc2d63ecc901b43	1	1	100.0	1	100.0	ok:1	189@0x9e7af:1	0xb9027:je:1;0xb92f2:je:0
317	0xba1e2	6d5f43d16e2bf73e	1	1	100.0	1	100.0	ok:1	48@0x82477:1	0xba1fd:je:1;0xba223:je:0;0xba266:je:0;0xba2ec:je:0;0xba503:je:0
323	0xbb6e6	78dcf8948d5b31b3	1	1	100.0	1	100.0	ok:1	310@0xb8556:1	0xbb707:je:1;0xbb766:je:0;0xbb7ba:je:0
330	0xbc9b8	1c2a7cd724ae0e42	1	1	100.0	1	100.0	ok:1	18@0x7be9b:1	0xbc9d3:je:1;0xbca25:je:1;0xbcaa5:je:1;0xbcabc:je:0;0xbcaf6:je:0;0xbcd08:jne:1;0xbcd41:jne:1;0xbcd64:jne:1;0xbcd99:jne:0
330	0xbc9b8	3ba719b1752004a7	1	1	100.0	1	100.0	ok:1	185@0x9d964:1	0xbc9d3:je:0;0xbca25:je:1;0xbcaa5:je:1;0xbcabc:je:0;0xbcaf6:je:1;0xbcd08:jne:1;0xbcd41:jne:1;0xbcd64:jne:1;0xbcd99:jne:0
330	0xbc9b8	695df04a75c73264	1	1	100.0	1	100.0	ok:1	220@0xa522e:1	0xbc9d3:je:0;0xbca25:je:1;0xbcaa5:je:1;0xbcabc:je:0;0xbcaf6:je:0;0xbcd08:jne:0;0xbcd41:jne:1;0xbcd64:jne:1;0xbcd99:jne:1
330	0xbc9b8	722343a64206d485	1	1	100.0	1	100.0	ok:1	18@0x7be9b:1	0xbc9d3:je:0;0xbca25:je:1;0xbcaa5:je:0;0xbcabc:je:0;0xbcaf6:je:1;0xbcd08:jne:1;0xbcd41:jne:1;0xbcd64:jne:0;0xbcd99:jne:1
331	0xbcfc8	5fbed292e10b3080	1	1	100.0	1	100.0	ok:1	99@0x8c99a:1	0xbd003:je:0;0xbd0b8:je:0;0xbd0f8:je:0;0xbd166:je:0;0xbd1bb:je:0;0xbd1f8:je:0
331	0xbcfc8	82c778544ad3dff8	1	1	100.0	1	100.0	ok:1	222@0xa5f3c:1	0xbd003:je:0;0xbd0b8:je:1;0xbd0f8:je:0;0xbd166:je:0;0xbd1bb:je:0;0xbd1f8:je:0
346	0xc0535	570b341c1819f56e	1	1	100.0	1	100.0	ok:1	167@0x9a8d2:1	0xc056a:je:0;0xc05d7:je:0;0xc0628:je:0;0xc064e:je:1;0xc06a9:jne:1;0xc06ba:jne:1;0xc06dc:je:0;0xc06ec:je:0;0xc074c:je:0
346	0xc0535	928c0bda79e19d1a	1	1	100.0	1	100.0	ok:1	114@0x90319:1	0xc056a:je:1;0xc05d7:je:1;0xc0628:je:1;0xc064e:je:1;0xc06a9:jne:1;0xc06ba:jne:1;0xc06dc:je:0;0xc06ec:je:0;0xc074c:je:1
348	0xc0d7d	9b1901656de004c9	1	1	100.0	1	100.0	ok:1	257@0xadbfd:1	0xc0e89:je:1;0xc0fff:jne:1;0xc101b:jne:1;0xc103b:jne:0;0xc1049:jne:1;0xc10e5:je:1;0xc11b6:je:0;0xc1278:je:1
348	0xc0d7d	f2c2c381e9538cab	1	1	100.0	1	100.0	ok:1	160@0x994cf:1	0xc0e89:je:1;0xc0fff:jne:1;0xc101b:jne:1;0xc103b:jne:0;0xc1049:jne:1;0xc10e5:je:0;0xc11b6:je:0;0xc1278:je:0
349	0xc140b	56d1c35330251181	1	1	100.0	1	100.0	ok:1	199@0xa0631:1	0xc164c:je:1;0xc173f:je:0;0xc177b:je:0;0xc17c3:je:0
