+ python3 vm_executable_gap_retdec_autopilot.py --rounds 24 --jobs 24 --probe-jobs 24 --chunk-bytes 0x200 --min-chunk-bytes 0x80 --max-split-candidates 256 --max-gap-chunks 12 --max-candidates 768 --max-accepted 32 --timeout 30 --salvage-failed-batches --final-checkpoint --completion-audit --skip-manifest --section .text
round_start	1
+ python3 vm_executable_gap_retdec_probe.py --root . --section .text --chunk-bytes 0x200 --min-chunk-bytes 0x80 --max-split-candidates 256 --max-gap-chunks 12 --max-candidates 768 --max-accepted 32 --probe-jobs 24 --timeout 30 --reject-cache dumps/vmtail-wide-1m-w16/vm_executable_gap_retdec_reject_cache.tsv
try	0x6afe9-0x6b0ae	ok
try	0x2c226-0x2c2fa	ok
try	0x54b48c-0x54b560	ok
try	0x4aeeaf-0x4aef80	ok
try	0x4f4d7d-0x4f4e50	ok
try	0x5044d6-0x5045a0	ok
try	0x52dafe-0x52dbc0	ok
try	0x3664c-0x36712	ok
try	0x55de3e-0x55df10	ok
try	0x361c9-0x3629a	ok
try	0x4c1c07-0x4c1cd0	ok
try	0x54c790-0x54c860	ok
try	0x497074-0x497140	ok
try	0x55e8de-0x55e9b0	ok
try	0x50bcce-0x50bd90	ok
try	0x517067-0x517130	ok
try	0x2c372-0x2c438	ok
try	0x52d4ca-0x52d5a0	ok
try	0x5415e-0x5422a	ok
try	0x61300-0x613d6	ok
try	0x4884d9-0x4885ae	ok
try	0x28828-0x288fa	ok
try	0x4c667b-0x4c6740	ok
try	0x50189-0x50252	ok
try	0x4971cf-0x497290	ok
try	0x4b6c6e-0x4b6d30	ok
try	0x55e19-0x55eda	ok
try	0x35133e-0x3513ff	ok
try	0x4dcd79-0x4dce39	reject
split	0x4dcd79-0x4dce39	0x4dcd79-0x4dcdd9
split	0x4dcd79-0x4dce39	0x4dcdd9-0x4dce39
try	0x2184b-0x21906	ok
try	0x4e18b9-0x4e1919	reject
try	0x4e1919-0x4e1979	ok
try	0x569df6-0x569eb0	ok
try	0x4fc044-0x4fc100	ok
wrote	native_gap_retdec_batch3801.ranges	32
appended_reject_cache	dumps/vmtail-wide-1m-w16/vm_executable_gap_retdec_reject_cache.tsv	2
# elapsed 6.92s
created_batches	3801
+ make -j 24 native-gap-retdec-batch3801
make[1]: Entering directory '/models/dev/sc-rev/eac/eacsym'
make dumps/vmtail-wide-1m-w16/vm_native_gap_retdec_batch3801.c
make[2]: Entering directory '/models/dev/sc-rev/eac/eacsym'
python3 vm_native_gap_retdec_batch.py --batch-index 3801 --ranges-file native_gap_retdec_batch3801.ranges > dumps/vmtail-wide-1m-w16/vm_native_gap_retdec_batch3801.c
native_gap_retdec_batch=3801
native_gap_retdec_selected_ranges=32
make[2]: Leaving directory '/models/dev/sc-rev/eac/eacsym'
make[1]: Leaving directory '/models/dev/sc-rev/eac/eacsym'
# elapsed 2.01s
+ cc -std=c11 -fsyntax-only -w dumps/vmtail-wide-1m-w16/vm_native_gap_retdec_batch3801.c
# elapsed 0.01s
+ make -s native-executable-coverage-audit native-retdec-gap-queue
# elapsed 3.84s
+ make -s uncovered-executable-gaps
uncovered_executable_gaps=2463 bytes=163107
uncovered_executable_gaps=2463 bytes=163107
uncovered_executable_gaps=2463 bytes=163107
# elapsed 1.13s
coverage_delta
native_executable_coverage_range_rows	74320	74484	delta=+164
native_executable_coverage_gap_rows	2499	2468	delta=-31
native_executable_coverage_recovered_bytes	5481580	5487933	delta=+6353
native_executable_coverage_uncovered_bytes	169460	163107	delta=-6353
round_start	2
+ python3 vm_executable_gap_retdec_probe.py --root . --section .text --chunk-bytes 0x200 --min-chunk-bytes 0x80 --max-split-candidates 256 --max-gap-chunks 12 --max-candidates 768 --max-accepted 32 --probe-jobs 24 --timeout 30 --reject-cache dumps/vmtail-wide-1m-w16/vm_executable_gap_retdec_reject_cache.tsv
try	0x3dd39-0x3ddf8	ok
try	0x560104-0x5601c0	ok
try	0x5029d8-0x502a90	ok
try	0x569856-0x569910	ok
try	0x53f9b5-0x53fa70	reject
split	0x53f9b5-0x53fa70	0x53f9b5-0x53fa12
split	0x53f9b5-0x53fa70	0x53fa12-0x53fa70
try	0x32f779-0x32f7d5	ok
try	0x3e3516-0x3e35d6	reject
split	0x3e3516-0x3e35d6	0x3e3516-0x3e3576
split	0x3e3516-0x3e35d6	0x3e3576-0x3e35d6
try	0x4dcd79-0x4dcdd9	reject
try	0x4f38f6-0x4f39b0	ok
try	0x32f71e-0x32f779	ok
try	0x48e220-0x48e2d8	ok
try	0x4f3e96-0x4f3f50	ok
try	0x11667f-0x1166df	ok
try	0x548616-0x5486d0	ok
try	0x3efb9e-0x3efc5e	reject
split	0x3efb9e-0x3efc5e	0x3efb9e-0x3efbfe
split	0x3efb9e-0x3efc5e	0x3efbfe-0x3efc5e
try	0x436327-0x436387	ok
try	0x4fcaa4-0x4fcb60	ok
try	0x4dcdd9-0x4dce39	reject
try	0x1166df-0x11673f	ok
try	0x499bb3-0x499c70	ok
try	0x56f9f2-0x56fab0	ok
try	0x1fc434-0x1fc4f4	reject
split	0x1fc434-0x1fc4f4	0x1fc434-0x1fc494
split	0x1fc434-0x1fc4f4	0x1fc494-0x1fc4f4
try	0x436387-0x4363e7	ok
try	0x4794ee-0x4795ae	reject
split	0x4794ee-0x4795ae	0x4794ee-0x47954e
split	0x4794ee-0x4795ae	0x47954e-0x4795ae
try	0x50497c-0x504a30	ok
try	0x517449-0x5174fc	ok
try	0x53f9b5-0x53fa12	ok
try	0x72a62-0x72b18	ok
try	0x3e3576-0x3e35d6	ok
try	0x59e6c-0x59f20	ok
try	0x53fa12-0x53fa70	ok
try	0x3e3516-0x3e3576	reject
try	0x3efb9e-0x3efbfe	ok
try	0x5792c3-0x579370	ok
try	0x1fc434-0x1fc494	reject
try	0x522dc0-0x522e70	ok
try	0x56f12b-0x56f1d9	reject
try	0x507284-0x507330	ok
try	0x56f40b-0x56f4b9	reject
split	0x56f40b-0x56f4b9	0x56f462-0x56f4b9
try	0x1fc494-0x1fc4f4	ok
try	0x56f87b-0x56f929	reject
split	0x56f87b-0x56f929	0x56f8d2-0x56f929
try	0x3efbfe-0x3efc5e	reject
try	0x4a9524-0x4a95d0	ok
try	0x57d4d7-0x57d580	ok
try	0x57505-0x575b2	ok
wrote	native_gap_retdec_batch3802.ranges	32
appended_reject_cache	dumps/vmtail-wide-1m-w16/vm_executable_gap_retdec_reject_cache.tsv	13
# elapsed 7.48s
created_batches	3802
+ make -j 24 native-gap-retdec-batch3802
make[1]: Entering directory '/models/dev/sc-rev/eac/eacsym'
make dumps/vmtail-wide-1m-w16/vm_native_gap_retdec_batch3802.c
make[2]: Entering directory '/models/dev/sc-rev/eac/eacsym'
python3 vm_native_gap_retdec_batch.py --batch-index 3802 --ranges-file native_gap_retdec_batch3802.ranges > dumps/vmtail-wide-1m-w16/vm_native_gap_retdec_batch3802.c
native_gap_retdec_batch=3802
native_gap_retdec_selected_ranges=32
make[2]: Leaving directory '/models/dev/sc-rev/eac/eacsym'
make[1]: Leaving directory '/models/dev/sc-rev/eac/eacsym'
# elapsed 1.90s
+ cc -std=c11 -fsyntax-only -w dumps/vmtail-wide-1m-w16/vm_native_gap_retdec_batch3802.c
dumps/vmtail-wide-1m-w16/vm_native_gap_retdec_batch3802.c: In function ‘function_1166b6’:
dumps/vmtail-wide-1m-w16/vm_native_gap_retdec_batch3802.c:772:5: error: implicit declaration of function ‘__asm_prefetchnta’ [-Wimplicit-function-declaration]
  772 |     __asm_prefetchnta(*(char *)(a4 + 0x505ad951));
      |     ^~~~~~~~~~~~~~~~~
dumps/vmtail-wide-1m-w16/vm_native_gap_retdec_batch3802.c: In function ‘function_32f71f’:
dumps/vmtail-wide-1m-w16/vm_native_gap_retdec_batch3802.c:876:19: error: implicit declaration of function ‘__asm_mulps’; did you mean ‘__asm_maxps’? [-Wimplicit-function-declaration]
  876 |     int128_t v4 = __asm_mulps(v3, *(int128_t *)(v2 - 127)); // 0x32f720
      |                   ^~~~~~~~~~~
      |                   __asm_maxps
dumps/vmtail-wide-1m-w16/vm_native_gap_retdec_batch3802.c: In function ‘function_436372’:
dumps/vmtail-wide-1m-w16/vm_native_gap_retdec_batch3802.c:953:5: error: implicit declaration of function ‘__asm_unpckhps’; did you mean ‘__asm_punpckldq’? [-Wimplicit-function-declaration]
  953 |     __asm_unpckhps(v4, *(int128_t *)&v3);
      |     ^~~~~~~~~~~~~~
      |     __asm_punpckldq
dumps/vmtail-wide-1m-w16/vm_native_gap_retdec_batch3802.c: In function ‘function_53f9c0’:
dumps/vmtail-wide-1m-w16/vm_native_gap_retdec_batch3802.c:1480:13: error: break statement not within loop or switch
 1480 |             break;
      |             ^~~~~
# elapsed 0.02s
quarantined_range_file	native_gap_retdec_batch3802.ranges	native_gap_retdec_batch3802.ranges.failed
removed_failed_sidecar	dumps/vmtail-wide-1m-w16/vm_native_gap_retdec_batch3802.c
salvage_batch_start	3802	32
salvage_try	0x3dd39-0x3ddf8	batch=3802
salvage_try	0x57505-0x575b2	batch=3803
salvage_try	0x59e6c-0x59f20	batch=3804
salvage_try	0x72a62-0x72b18	batch=3805
salvage_try	0x11667f-0x1166df	batch=3806
salvage_try	0x1166df-0x11673f	batch=3807
salvage_try	0x1fc494-0x1fc4f4	batch=3808
salvage_try	0x32f71e-0x32f779	batch=3809
salvage_try	0x32f779-0x32f7d5	batch=3810
salvage_try	0x3e3576-0x3e35d6	batch=3811
salvage_try	0x3efb9e-0x3efbfe	batch=3812
salvage_try	0x436327-0x436387	batch=3813
salvage_try	0x436387-0x4363e7	batch=3814
salvage_try	0x48e220-0x48e2d8	batch=3815
salvage_try	0x499bb3-0x499c70	batch=3816
salvage_try	0x4a9524-0x4a95d0	batch=3817
salvage_try	0x4f38f6-0x4f39b0	batch=3818
salvage_try	0x4f3e96-0x4f3f50	batch=3819
salvage_try	0x4fcaa4-0x4fcb60	batch=3820
salvage_try	0x5029d8-0x502a90	batch=3821
salvage_try	0x50497c-0x504a30	batch=3822
salvage_try	0x507284-0x507330	batch=3823
salvage_try	0x517449-0x5174fc	batch=3824
salvage_try	0x522dc0-0x522e70	batch=3825
salvage_try	0x53f9b5-0x53fa12	batch=3826
salvage_try	0x53fa12-0x53fa70	batch=3827
salvage_try	0x548616-0x5486d0	batch=3828
salvage_try	0x560104-0x5601c0	batch=3829
salvage_try	0x569856-0x569910	batch=3830
salvage_try	0x56f9f2-0x56fab0	batch=3831
salvage_try	0x5792c3-0x579370	batch=3832
salvage_try	0x57d4d7-0x57d580	batch=3833
+ make -j 24 native-gap-retdec-batch3802 native-gap-retdec-batch3803 native-gap-retdec-batch3804 native-gap-retdec-batch3805 native-gap-retdec-batch3806 native-gap-retdec-batch3807 native-gap-retdec-batch3808 native-gap-retdec-batch3809 native-gap-retdec-batch3810 native-gap-retdec-batch3811 native-gap-retdec-batch3812 native-gap-retdec-batch3813 native-gap-retdec-batch3814 native-gap-retdec-batch3815 native-gap-retdec-batch3816 native-gap-retdec-batch3817 native-gap-retdec-batch3818 native-gap-retdec-batch3819 native-gap-retdec-batch3820 native-gap-retdec-batch3821 native-gap-retdec-batch3822 native-gap-retdec-batch3823 native-gap-retdec-batch3824 native-gap-retdec-batch3825 native-gap-retdec-batch3826 native-gap-retdec-batch3827 native-gap-retdec-batch3828 native-gap-retdec-batch3829 native-gap-retdec-batch3830 native-gap-retdec-batch3831 native-gap-retdec-batch3832 native-gap-retdec-batch3833
make[1]: Entering directory '/models/dev/sc-rev/eac/eacsym'
make dumps/vmtail-wide-1m-w16/vm_native_gap_retdec_batch3802.c
make dumps/vmtail-wide-1m-w16/vm_native_gap_retdec_batch3803.c
make dumps/vmtail-wide-1m-w16/vm_native_gap_retdec_batch3804.c
make dumps/vmtail-wide-1m-w16/vm_native_gap_retdec_batch3805.c
make dumps/vmtail-wide-1m-w16/vm_native_gap_retdec_batch3806.c
make dumps/vmtail-wide-1m-w16/vm_native_gap_retdec_batch3807.c
make dumps/vmtail-wide-1m-w16/vm_native_gap_retdec_batch3808.c
make dumps/vmtail-wide-1m-w16/vm_native_gap_retdec_batch3809.c
make dumps/vmtail-wide-1m-w16/vm_native_gap_retdec_batch3810.c
make dumps/vmtail-wide-1m-w16/vm_native_gap_retdec_batch3811.c
make dumps/vmtail-wide-1m-w16/vm_native_gap_retdec_batch3812.c
make dumps/vmtail-wide-1m-w16/vm_native_gap_retdec_batch3813.c
make dumps/vmtail-wide-1m-w16/vm_native_gap_retdec_batch3814.c
make dumps/vmtail-wide-1m-w16/vm_native_gap_retdec_batch3815.c
make dumps/vmtail-wide-1m-w16/vm_native_gap_retdec_batch3816.c
make dumps/vmtail-wide-1m-w16/vm_native_gap_retdec_batch3817.c
make dumps/vmtail-wide-1m-w16/vm_native_gap_retdec_batch3818.c
make dumps/vmtail-wide-1m-w16/vm_native_gap_retdec_batch3819.c
make dumps/vmtail-wide-1m-w16/vm_native_gap_retdec_batch3820.c
make dumps/vmtail-wide-1m-w16/vm_native_gap_retdec_batch3821.c
make dumps/vmtail-wide-1m-w16/vm_native_gap_retdec_batch3822.c
make dumps/vmtail-wide-1m-w16/vm_native_gap_retdec_batch3823.c
make dumps/vmtail-wide-1m-w16/vm_native_gap_retdec_batch3824.c
make dumps/vmtail-wide-1m-w16/vm_native_gap_retdec_batch3825.c
make[2]: Entering directory '/models/dev/sc-rev/eac/eacsym'
python3 vm_native_gap_retdec_batch.py --batch-index 3818 --ranges-file native_gap_retdec_batch3818.ranges > dumps/vmtail-wide-1m-w16/vm_native_gap_retdec_batch3818.c
make[2]: Entering directory '/models/dev/sc-rev/eac/eacsym'
python3 vm_native_gap_retdec_batch.py --batch-index 3810 --ranges-file native_gap_retdec_batch3810.ranges > dumps/vmtail-wide-1m-w16/vm_native_gap_retdec_batch3810.c
make[2]: Entering directory '/models/dev/sc-rev/eac/eacsym'
python3 vm_native_gap_retdec_batch.py --batch-index 3811 --ranges-file native_gap_retdec_batch3811.ranges > dumps/vmtail-wide-1m-w16/vm_native_gap_retdec_batch3811.c
make[2]: Entering directory '/models/dev/sc-rev/eac/eacsym'
make[2]: Entering directory '/models/dev/sc-rev/eac/eacsym'
python3 vm_native_gap_retdec_batch.py --batch-index 3813 --ranges-file native_gap_retdec_batch3813.ranges > dumps/vmtail-wide-1m-w16/vm_native_gap_retdec_batch3813.c
python3 vm_native_gap_retdec_batch.py --batch-index 3802 --ranges-file native_gap_retdec_batch3802.ranges > dumps/vmtail-wide-1m-w16/vm_native_gap_retdec_batch3802.c
make[2]: Entering directory '/models/dev/sc-rev/eac/eacsym'
python3 vm_native_gap_retdec_batch.py --batch-index 3812 --ranges-file native_gap_retdec_batch3812.ranges > dumps/vmtail-wide-1m-w16/vm_native_gap_retdec_batch3812.c
make[2]: Entering directory '/models/dev/sc-rev/eac/eacsym'
make[2]: Entering directory '/models/dev/sc-rev/eac/eacsym'
python3 vm_native_gap_retdec_batch.py --batch-index 3804 --ranges-file native_gap_retdec_batch3804.ranges > dumps/vmtail-wide-1m-w16/vm_native_gap_retdec_batch3804.c
python3 vm_native_gap_retdec_batch.py --batch-index 3803 --ranges-file native_gap_retdec_batch3803.ranges > dumps/vmtail-wide-1m-w16/vm_native_gap_retdec_batch3803.c
make[2]: Entering directory '/models/dev/sc-rev/eac/eacsym'
python3 vm_native_gap_retdec_batch.py --batch-index 3806 --ranges-file native_gap_retdec_batch3806.ranges > dumps/vmtail-wide-1m-w16/vm_native_gap_retdec_batch3806.c
make[2]: Entering directory '/models/dev/sc-rev/eac/eacsym'
python3 vm_native_gap_retdec_batch.py --batch-index 3805 --ranges-file native_gap_retdec_batch3805.ranges > dumps/vmtail-wide-1m-w16/vm_native_gap_retdec_batch3805.c
make[2]: Entering directory '/models/dev/sc-rev/eac/eacsym'
python3 vm_native_gap_retdec_batch.py --batch-index 3807 --ranges-file native_gap_retdec_batch3807.ranges > dumps/vmtail-wide-1m-w16/vm_native_gap_retdec_batch3807.c
make[2]: Entering directory '/models/dev/sc-rev/eac/eacsym'
make[2]: Entering directory '/models/dev/sc-rev/eac/eacsym'
python3 vm_native_gap_retdec_batch.py --batch-index 3809 --ranges-file native_gap_retdec_batch3809.ranges > dumps/vmtail-wide-1m-w16/vm_native_gap_retdec_batch3809.c
python3 vm_native_gap_retdec_batch.py --batch-index 3819 --ranges-file native_gap_retdec_batch3819.ranges > dumps/vmtail-wide-1m-w16/vm_native_gap_retdec_batch3819.c
make[2]: Entering directory '/models/dev/sc-rev/eac/eacsym'
python3 vm_native_gap_retdec_batch.py --batch-index 3808 --ranges-file native_gap_retdec_batch3808.ranges > dumps/vmtail-wide-1m-w16/vm_native_gap_retdec_batch3808.c
make[2]: Entering directory '/models/dev/sc-rev/eac/eacsym'
python3 vm_native_gap_retdec_batch.py --batch-index 3823 --ranges-file native_gap_retdec_batch3823.ranges > dumps/vmtail-wide-1m-w16/vm_native_gap_retdec_batch3823.c
make[2]: Entering directory '/models/dev/sc-rev/eac/eacsym'
python3 vm_native_gap_retdec_batch.py --batch-index 3821 --ranges-file native_gap_retdec_batch3821.ranges > dumps/vmtail-wide-1m-w16/vm_native_gap_retdec_batch3821.c
make[2]: Entering directory '/models/dev/sc-rev/eac/eacsym'
python3 vm_native_gap_retdec_batch.py --batch-index 3824 --ranges-file native_gap_retdec_batch3824.ranges > dumps/vmtail-wide-1m-w16/vm_native_gap_retdec_batch3824.c
make[2]: Entering directory '/models/dev/sc-rev/eac/eacsym'
python3 vm_native_gap_retdec_batch.py --batch-index 3822 --ranges-file native_gap_retdec_batch3822.ranges > dumps/vmtail-wide-1m-w16/vm_native_gap_retdec_batch3822.c
make[2]: Entering directory '/models/dev/sc-rev/eac/eacsym'
python3 vm_native_gap_retdec_batch.py --batch-index 3814 --ranges-file native_gap_retdec_batch3814.ranges > dumps/vmtail-wide-1m-w16/vm_native_gap_retdec_batch3814.c
make[2]: Entering directory '/models/dev/sc-rev/eac/eacsym'
python3 vm_native_gap_retdec_batch.py --batch-index 3815 --ranges-file native_gap_retdec_batch3815.ranges > dumps/vmtail-wide-1m-w16/vm_native_gap_retdec_batch3815.c
make[2]: Entering directory '/models/dev/sc-rev/eac/eacsym'
python3 vm_native_gap_retdec_batch.py --batch-index 3816 --ranges-file native_gap_retdec_batch3816.ranges > dumps/vmtail-wide-1m-w16/vm_native_gap_retdec_batch3816.c
make[2]: Entering directory '/models/dev/sc-rev/eac/eacsym'
python3 vm_native_gap_retdec_batch.py --batch-index 3817 --ranges-file native_gap_retdec_batch3817.ranges > dumps/vmtail-wide-1m-w16/vm_native_gap_retdec_batch3817.c
make[2]: Entering directory '/models/dev/sc-rev/eac/eacsym'
python3 vm_native_gap_retdec_batch.py --batch-index 3820 --ranges-file native_gap_retdec_batch3820.ranges > dumps/vmtail-wide-1m-w16/vm_native_gap_retdec_batch3820.c
make[2]: Entering directory '/models/dev/sc-rev/eac/eacsym'
python3 vm_native_gap_retdec_batch.py --batch-index 3825 --ranges-file native_gap_retdec_batch3825.ranges > dumps/vmtail-wide-1m-w16/vm_native_gap_retdec_batch3825.c
native_gap_retdec_batch=3811
native_gap_retdec_selected_ranges=1
make[2]: Leaving directory '/models/dev/sc-rev/eac/eacsym'
make dumps/vmtail-wide-1m-w16/vm_native_gap_retdec_batch3826.c
make[2]: Entering directory '/models/dev/sc-rev/eac/eacsym'
python3 vm_native_gap_retdec_batch.py --batch-index 3826 --ranges-file native_gap_retdec_batch3826.ranges > dumps/vmtail-wide-1m-w16/vm_native_gap_retdec_batch3826.c
native_gap_retdec_batch=3807
native_gap_retdec_selected_ranges=1
native_gap_retdec_batch=3810
native_gap_retdec_selected_ranges=1
make[2]: Leaving directory '/models/dev/sc-rev/eac/eacsym'
make dumps/vmtail-wide-1m-w16/vm_native_gap_retdec_batch3827.c
make[2]: Leaving directory '/models/dev/sc-rev/eac/eacsym'
make dumps/vmtail-wide-1m-w16/vm_native_gap_retdec_batch3828.c
make[2]: Entering directory '/models/dev/sc-rev/eac/eacsym'
python3 vm_native_gap_retdec_batch.py --batch-index 3828 --ranges-file native_gap_retdec_batch3828.ranges > dumps/vmtail-wide-1m-w16/vm_native_gap_retdec_batch3828.c
make[2]: Entering directory '/models/dev/sc-rev/eac/eacsym'
python3 vm_native_gap_retdec_batch.py --batch-index 3827 --ranges-file native_gap_retdec_batch3827.ranges > dumps/vmtail-wide-1m-w16/vm_native_gap_retdec_batch3827.c
native_gap_retdec_batch=3812
native_gap_retdec_selected_ranges=1
native_gap_retdec_batch=3823
native_gap_retdec_selected_ranges=1
make[2]: Leaving directory '/models/dev/sc-rev/eac/eacsym'
make dumps/vmtail-wide-1m-w16/vm_native_gap_retdec_batch3829.c
make[2]: Leaving directory '/models/dev/sc-rev/eac/eacsym'
make dumps/vmtail-wide-1m-w16/vm_native_gap_retdec_batch3830.c
make[2]: Entering directory '/models/dev/sc-rev/eac/eacsym'
python3 vm_native_gap_retdec_batch.py --batch-index 3830 --ranges-file native_gap_retdec_batch3830.ranges > dumps/vmtail-wide-1m-w16/vm_native_gap_retdec_batch3830.c
make[2]: Entering directory '/models/dev/sc-rev/eac/eacsym'
python3 vm_native_gap_retdec_batch.py --batch-index 3829 --ranges-file native_gap_retdec_batch3829.ranges > dumps/vmtail-wide-1m-w16/vm_native_gap_retdec_batch3829.c
native_gap_retdec_batch=3824
native_gap_retdec_selected_ranges=1
native_gap_retdec_batch=3805
native_gap_retdec_selected_ranges=1
make[2]: Leaving directory '/models/dev/sc-rev/eac/eacsym'
make dumps/vmtail-wide-1m-w16/vm_native_gap_retdec_batch3831.c
make[2]: Leaving directory '/models/dev/sc-rev/eac/eacsym'
make dumps/vmtail-wide-1m-w16/vm_native_gap_retdec_batch3832.c
native_gap_retdec_batch=3822
native_gap_retdec_selected_ranges=1
native_gap_retdec_batch=3815
native_gap_retdec_selected_ranges=1
make[2]: Entering directory '/models/dev/sc-rev/eac/eacsym'
python3 vm_native_gap_retdec_batch.py --batch-index 3831 --ranges-file native_gap_retdec_batch3831.ranges > dumps/vmtail-wide-1m-w16/vm_native_gap_retdec_batch3831.c
make[2]: Leaving directory '/models/dev/sc-rev/eac/eacsym'
make dumps/vmtail-wide-1m-w16/vm_native_gap_retdec_batch3833.c
make[2]: Entering directory '/models/dev/sc-rev/eac/eacsym'
python3 vm_native_gap_retdec_batch.py --batch-index 3832 --ranges-file native_gap_retdec_batch3832.ranges > dumps/vmtail-wide-1m-w16/vm_native_gap_retdec_batch3832.c
make[2]: Leaving directory '/models/dev/sc-rev/eac/eacsym'
native_gap_retdec_batch=3802
native_gap_retdec_selected_ranges=1
make[2]: Entering directory '/models/dev/sc-rev/eac/eacsym'
python3 vm_native_gap_retdec_batch.py --batch-index 3833 --ranges-file native_gap_retdec_batch3833.ranges > dumps/vmtail-wide-1m-w16/vm_native_gap_retdec_batch3833.c
make[2]: Leaving directory '/models/dev/sc-rev/eac/eacsym'
native_gap_retdec_batch=3817
native_gap_retdec_selected_ranges=1
make[2]: Leaving directory '/models/dev/sc-rev/eac/eacsym'
native_gap_retdec_batch=3821
native_gap_retdec_selected_ranges=1
make[2]: Leaving directory '/models/dev/sc-rev/eac/eacsym'
native_gap_retdec_batch=3804
native_gap_retdec_selected_ranges=1
make[2]: Leaving directory '/models/dev/sc-rev/eac/eacsym'
native_gap_retdec_batch=3808
native_gap_retdec_selected_ranges=1
native_gap_retdec_batch=3809
native_gap_retdec_selected_ranges=1
make[2]: Leaving directory '/models/dev/sc-rev/eac/eacsym'
native_gap_retdec_batch=3820
native_gap_retdec_selected_ranges=1
native_gap_retdec_batch=3818
native_gap_retdec_selected_ranges=1
make[2]: Leaving directory '/models/dev/sc-rev/eac/eacsym'
make[2]: Leaving directory '/models/dev/sc-rev/eac/eacsym'
make[2]: Leaving directory '/models/dev/sc-rev/eac/eacsym'
native_gap_retdec_batch=3813
native_gap_retdec_selected_ranges=1
native_gap_retdec_batch=3819
native_gap_retdec_selected_ranges=1
make[2]: Leaving directory '/models/dev/sc-rev/eac/eacsym'
make[2]: Leaving directory '/models/dev/sc-rev/eac/eacsym'
native_gap_retdec_batch=3803
native_gap_retdec_selected_ranges=1
native_gap_retdec_batch=3825
native_gap_retdec_selected_ranges=1
make[2]: Leaving directory '/models/dev/sc-rev/eac/eacsym'
make[2]: Leaving directory '/models/dev/sc-rev/eac/eacsym'
native_gap_retdec_batch=3814
native_gap_retdec_selected_ranges=1
native_gap_retdec_batch=3806
native_gap_retdec_selected_ranges=1
make[2]: Leaving directory '/models/dev/sc-rev/eac/eacsym'
make[2]: Leaving directory '/models/dev/sc-rev/eac/eacsym'
native_gap_retdec_batch=3816
native_gap_retdec_selected_ranges=1
make[2]: Leaving directory '/models/dev/sc-rev/eac/eacsym'
native_gap_retdec_batch=3826
native_gap_retdec_selected_ranges=1
make[2]: Leaving directory '/models/dev/sc-rev/eac/eacsym'
native_gap_retdec_batch=3827
native_gap_retdec_selected_ranges=1
make[2]: Leaving directory '/models/dev/sc-rev/eac/eacsym'
native_gap_retdec_batch=3830
native_gap_retdec_selected_ranges=1
native_gap_retdec_batch=3832
native_gap_retdec_selected_ranges=1
make[2]: Leaving directory '/models/dev/sc-rev/eac/eacsym'
make[2]: Leaving directory '/models/dev/sc-rev/eac/eacsym'
native_gap_retdec_batch=3833
native_gap_retdec_selected_ranges=1
make[2]: Leaving directory '/models/dev/sc-rev/eac/eacsym'
native_gap_retdec_batch=3829
native_gap_retdec_selected_ranges=1
make[2]: Leaving directory '/models/dev/sc-rev/eac/eacsym'
native_gap_retdec_batch=3828
native_gap_retdec_selected_ranges=1
make[2]: Leaving directory '/models/dev/sc-rev/eac/eacsym'
native_gap_retdec_batch=3831
native_gap_retdec_selected_ranges=1
make[2]: Leaving directory '/models/dev/sc-rev/eac/eacsym'
make[1]: Leaving directory '/models/dev/sc-rev/eac/eacsym'
# elapsed 4.49s
+ cc -std=c11 -fsyntax-only -w dumps/vmtail-wide-1m-w16/vm_native_gap_retdec_batch3802.c
# elapsed 0.01s
+ cc -std=c11 -fsyntax-only -w dumps/vmtail-wide-1m-w16/vm_native_gap_retdec_batch3803.c
# elapsed 0.01s
+ cc -std=c11 -fsyntax-only -w dumps/vmtail-wide-1m-w16/vm_native_gap_retdec_batch3804.c
# elapsed 0.01s
+ cc -std=c11 -fsyntax-only -w dumps/vmtail-wide-1m-w16/vm_native_gap_retdec_batch3805.c
# elapsed 0.01s
+ cc -std=c11 -fsyntax-only -w dumps/vmtail-wide-1m-w16/vm_native_gap_retdec_batch3806.c
# elapsed 0.01s
+ cc -std=c11 -fsyntax-only -w dumps/vmtail-wide-1m-w16/vm_native_gap_retdec_batch3807.c
# elapsed 0.01s
+ cc -std=c11 -fsyntax-only -w dumps/vmtail-wide-1m-w16/vm_native_gap_retdec_batch3808.c
# elapsed 0.01s
+ cc -std=c11 -fsyntax-only -w dumps/vmtail-wide-1m-w16/vm_native_gap_retdec_batch3809.c
# elapsed 0.01s
+ cc -std=c11 -fsyntax-only -w dumps/vmtail-wide-1m-w16/vm_native_gap_retdec_batch3810.c
# elapsed 0.01s
+ cc -std=c11 -fsyntax-only -w dumps/vmtail-wide-1m-w16/vm_native_gap_retdec_batch3811.c
# elapsed 0.01s
+ cc -std=c11 -fsyntax-only -w dumps/vmtail-wide-1m-w16/vm_native_gap_retdec_batch3812.c
# elapsed 0.01s
+ cc -std=c11 -fsyntax-only -w dumps/vmtail-wide-1m-w16/vm_native_gap_retdec_batch3813.c
# elapsed 0.01s
+ cc -std=c11 -fsyntax-only -w dumps/vmtail-wide-1m-w16/vm_native_gap_retdec_batch3814.c
# elapsed 0.01s
+ cc -std=c11 -fsyntax-only -w dumps/vmtail-wide-1m-w16/vm_native_gap_retdec_batch3815.c
# elapsed 0.01s
+ cc -std=c11 -fsyntax-only -w dumps/vmtail-wide-1m-w16/vm_native_gap_retdec_batch3816.c
# elapsed 0.01s
+ cc -std=c11 -fsyntax-only -w dumps/vmtail-wide-1m-w16/vm_native_gap_retdec_batch3817.c
# elapsed 0.01s
+ cc -std=c11 -fsyntax-only -w dumps/vmtail-wide-1m-w16/vm_native_gap_retdec_batch3818.c
# elapsed 0.01s
+ cc -std=c11 -fsyntax-only -w dumps/vmtail-wide-1m-w16/vm_native_gap_retdec_batch3819.c
# elapsed 0.01s
+ cc -std=c11 -fsyntax-only -w dumps/vmtail-wide-1m-w16/vm_native_gap_retdec_batch3820.c
# elapsed 0.01s
+ cc -std=c11 -fsyntax-only -w dumps/vmtail-wide-1m-w16/vm_native_gap_retdec_batch3821.c
# elapsed 0.01s
+ cc -std=c11 -fsyntax-only -w dumps/vmtail-wide-1m-w16/vm_native_gap_retdec_batch3822.c
# elapsed 0.01s
+ cc -std=c11 -fsyntax-only -w dumps/vmtail-wide-1m-w16/vm_native_gap_retdec_batch3823.c
# elapsed 0.01s
+ cc -std=c11 -fsyntax-only -w dumps/vmtail-wide-1m-w16/vm_native_gap_retdec_batch3824.c
# elapsed 0.01s
+ cc -std=c11 -fsyntax-only -w dumps/vmtail-wide-1m-w16/vm_native_gap_retdec_batch3825.c
# elapsed 0.01s
+ cc -std=c11 -fsyntax-only -w dumps/vmtail-wide-1m-w16/vm_native_gap_retdec_batch3826.c
# elapsed 0.01s
+ cc -std=c11 -fsyntax-only -w dumps/vmtail-wide-1m-w16/vm_native_gap_retdec_batch3827.c
# elapsed 0.01s
+ cc -std=c11 -fsyntax-only -w dumps/vmtail-wide-1m-w16/vm_native_gap_retdec_batch3828.c
# elapsed 0.01s
+ cc -std=c11 -fsyntax-only -w dumps/vmtail-wide-1m-w16/vm_native_gap_retdec_batch3829.c
# elapsed 0.01s
+ cc -std=c11 -fsyntax-only -w dumps/vmtail-wide-1m-w16/vm_native_gap_retdec_batch3830.c
# elapsed 0.01s
+ cc -std=c11 -fsyntax-only -w dumps/vmtail-wide-1m-w16/vm_native_gap_retdec_batch3831.c
# elapsed 0.01s
+ cc -std=c11 -fsyntax-only -w dumps/vmtail-wide-1m-w16/vm_native_gap_retdec_batch3832.c
# elapsed 0.01s
+ cc -std=c11 -fsyntax-only -w dumps/vmtail-wide-1m-w16/vm_native_gap_retdec_batch3833.c
# elapsed 0.01s
salvage_batch_done	3802	salvaged=3802,3803,3804,3805,3806,3807,3808,3809,3810,3811,3812,3813,3814,3815,3816,3817,3818,3819,3820,3821,3822,3823,3824,3825,3826,3827,3828,3829,3830,3831,3832,3833	rejected=0
+ make -s native-executable-coverage-audit native-retdec-gap-queue
# elapsed 3.88s
+ make -s uncovered-executable-gaps
uncovered_executable_gaps=2438 bytes=158251
uncovered_executable_gaps=2438 bytes=158251
uncovered_executable_gaps=2438 bytes=158251
# elapsed 1.17s
coverage_delta
native_executable_coverage_range_rows	74320	74598	delta=+278
native_executable_coverage_gap_rows	2499	2443	delta=-56
native_executable_coverage_recovered_bytes	5481580	5492789	delta=+11209
native_executable_coverage_uncovered_bytes	169460	158251	delta=-11209
round_start	3
+ python3 vm_executable_gap_retdec_probe.py --root . --section .text --chunk-bytes 0x200 --min-chunk-bytes 0x80 --max-split-candidates 256 --max-gap-chunks 12 --max-candidates 768 --max-accepted 32 --probe-jobs 24 --timeout 30 --reject-cache dumps/vmtail-wide-1m-w16/vm_executable_gap_retdec_reject_cache.tsv
try	0x4794ee-0x47954e	ok
try	0x562a1c-0x562ac0	ok
try	0x6b3eb-0x6b492	reject
split	0x6b3eb-0x6b492	0x6b3eb-0x6b43e
split	0x6b3eb-0x6b492	0x6b43e-0x6b492
try	0x50c748-0x50c7f0	ok
try	0x4ee571-0x4ee610	ok
try	0x48e03d-0x48e0de	ok
try	0x55b699-0x55b740	ok
try	0x538b82-0x538c20	ok
try	0x4cf9ee-0x4cfa97	reject
split	0x4cf9ee-0x4cfa97	0x4cf9ee-0x4cfa42
split	0x4cf9ee-0x4cfa97	0x4cfa42-0x4cfa97
try	0x581ef8-0x581fa0	ok
try	0x6bc90-0x6bd38	ok
try	0x525b29-0x525bd0	ok
try	0x37b79-0x37c20	ok
try	0x5478e9-0x547990	ok
try	0x48a9d-0x48b48	ok
try	0x33917-0x339bd	ok
try	0x4734f-0x473f6	ok
try	0x56f8d2-0x56f929	reject
try	0x9635f-0x96407	ok
try	0x556978-0x556a20	ok
try	0x4d85d-0x4d906	ok
try	0x4c43b0-0x4c4450	ok
try	0x56f462-0x56f4b9	reject
try	0x47954e-0x4795ae	reject
try	0x6b3eb-0x6b43e	ok
try	0x519676-0x51970f	ok
try	0x5076e6-0x507780	ok
try	0x5488f5-0x548990	ok
try	0x4903ab-0x490448	reject
split	0x4903ab-0x490448	0x4903ab-0x4903f9
split	0x4903ab-0x490448	0x4903f9-0x490448
try	0x4900cf-0x49016c	ok
try	0x6b43e-0x6b492	reject
try	0x252e3-0x2537c	ok
try	0x5733f-0x573d6	ok
try	0x53034a-0x5303e0	ok
try	0x51150e-0x5115a0	ok
try	0x4cfa42-0x4cfa97	ok
try	0x504e16-0x504eb0	ok
try	0x4cf9ee-0x4cfa42	ok
try	0x55804f-0x5580e0	ok
wrote	native_gap_retdec_batch3834.ranges	32
appended_reject_cache	dumps/vmtail-wide-1m-w16/vm_executable_gap_retdec_reject_cache.tsv	7
# elapsed 7.30s
created_batches	3834
+ make -j 24 native-gap-retdec-batch3834
make[1]: Entering directory '/models/dev/sc-rev/eac/eacsym'
make dumps/vmtail-wide-1m-w16/vm_native_gap_retdec_batch3834.c
make[2]: Entering directory '/models/dev/sc-rev/eac/eacsym'
python3 vm_native_gap_retdec_batch.py --batch-index 3834 --ranges-file native_gap_retdec_batch3834.ranges > dumps/vmtail-wide-1m-w16/vm_native_gap_retdec_batch3834.c
native_gap_retdec_batch=3834
native_gap_retdec_selected_ranges=32
make[2]: Leaving directory '/models/dev/sc-rev/eac/eacsym'
make[1]: Leaving directory '/models/dev/sc-rev/eac/eacsym'
# elapsed 1.95s
+ cc -std=c11 -fsyntax-only -w dumps/vmtail-wide-1m-w16/vm_native_gap_retdec_batch3834.c
dumps/vmtail-wide-1m-w16/vm_native_gap_retdec_batch3834.c: In function ‘function_4cf9ee’:
dumps/vmtail-wide-1m-w16/vm_native_gap_retdec_batch3834.c:993:28: error: ‘Blowfish_s_init_at_5990e0’ undeclared (first use in this function)
  993 |     int64_t v2 = (int64_t)&Blowfish_s_init_at_5990e0; // 0x4cfa01
      |                            ^~~~~~~~~~~~~~~~~~~~~~~~~
dumps/vmtail-wide-1m-w16/vm_native_gap_retdec_batch3834.c:993:28: note: each undeclared identifier is reported only once for each function it appears in
dumps/vmtail-wide-1m-w16/vm_native_gap_retdec_batch3834.c:1011:28: error: ‘Blowfish_bfp_table_at_59a0e0’ undeclared (first use in this function)
 1011 |     while (v2 != (int64_t)&Blowfish_bfp_table_at_59a0e0) {
      |                            ^~~~~~~~~~~~~~~~~~~~~~~~~~~~
# elapsed 0.02s
quarantined_range_file	native_gap_retdec_batch3834.ranges	native_gap_retdec_batch3834.ranges.failed
removed_failed_sidecar	dumps/vmtail-wide-1m-w16/vm_native_gap_retdec_batch3834.c
salvage_batch_start	3834	32
salvage_try	0x252e3-0x2537c	batch=3834
salvage_try	0x33917-0x339bd	batch=3835
salvage_try	0x37b79-0x37c20	batch=3836
salvage_try	0x4734f-0x473f6	batch=3837
salvage_try	0x48a9d-0x48b48	batch=3838
salvage_try	0x4d85d-0x4d906	batch=3839
salvage_try	0x5733f-0x573d6	batch=3840
salvage_try	0x6b3eb-0x6b43e	batch=3841
salvage_try	0x6bc90-0x6bd38	batch=3842
salvage_try	0x9635f-0x96407	batch=3843
salvage_try	0x4794ee-0x47954e	batch=3844
salvage_try	0x48e03d-0x48e0de	batch=3845
salvage_try	0x4900cf-0x49016c	batch=3846
salvage_try	0x4c43b0-0x4c4450	batch=3847
salvage_try	0x4cf9ee-0x4cfa42	batch=3848
salvage_try	0x4cfa42-0x4cfa97	batch=3849
salvage_try	0x4ee571-0x4ee610	batch=3850
salvage_try	0x504e16-0x504eb0	batch=3851
salvage_try	0x5076e6-0x507780	batch=3852
salvage_try	0x50c748-0x50c7f0	batch=3853
salvage_try	0x51150e-0x5115a0	batch=3854
salvage_try	0x519676-0x51970f	batch=3855
salvage_try	0x525b29-0x525bd0	batch=3856
salvage_try	0x53034a-0x5303e0	batch=3857
salvage_try	0x538b82-0x538c20	batch=3858
salvage_try	0x5478e9-0x547990	batch=3859
salvage_try	0x5488f5-0x548990	batch=3860
salvage_try	0x556978-0x556a20	batch=3861
salvage_try	0x55804f-0x5580e0	batch=3862
salvage_try	0x55b699-0x55b740	batch=3863
salvage_try	0x562a1c-0x562ac0	batch=3864
salvage_try	0x581ef8-0x581fa0	batch=3865
+ make -j 24 native-gap-retdec-batch3834 native-gap-retdec-batch3835 native-gap-retdec-batch3836 native-gap-retdec-batch3837 native-gap-retdec-batch3838 native-gap-retdec-batch3839 native-gap-retdec-batch3840 native-gap-retdec-batch3841 native-gap-retdec-batch3842 native-gap-retdec-batch3843 native-gap-retdec-batch3844 native-gap-retdec-batch3845 native-gap-retdec-batch3846 native-gap-retdec-batch3847 native-gap-retdec-batch3848 native-gap-retdec-batch3849 native-gap-retdec-batch3850 native-gap-retdec-batch3851 native-gap-retdec-batch3852 native-gap-retdec-batch3853 native-gap-retdec-batch3854 native-gap-retdec-batch3855 native-gap-retdec-batch3856 native-gap-retdec-batch3857 native-gap-retdec-batch3858 native-gap-retdec-batch3859 native-gap-retdec-batch3860 native-gap-retdec-batch3861 native-gap-retdec-batch3862 native-gap-retdec-batch3863 native-gap-retdec-batch3864 native-gap-retdec-batch3865
make[1]: Entering directory '/models/dev/sc-rev/eac/eacsym'
make dumps/vmtail-wide-1m-w16/vm_native_gap_retdec_batch3834.c
make dumps/vmtail-wide-1m-w16/vm_native_gap_retdec_batch3835.c
make dumps/vmtail-wide-1m-w16/vm_native_gap_retdec_batch3836.c
make dumps/vmtail-wide-1m-w16/vm_native_gap_retdec_batch3837.c
make dumps/vmtail-wide-1m-w16/vm_native_gap_retdec_batch3838.c
make dumps/vmtail-wide-1m-w16/vm_native_gap_retdec_batch3839.c
make dumps/vmtail-wide-1m-w16/vm_native_gap_retdec_batch3840.c
make dumps/vmtail-wide-1m-w16/vm_native_gap_retdec_batch3841.c
make dumps/vmtail-wide-1m-w16/vm_native_gap_retdec_batch3842.c
make dumps/vmtail-wide-1m-w16/vm_native_gap_retdec_batch3843.c
make dumps/vmtail-wide-1m-w16/vm_native_gap_retdec_batch3844.c
make dumps/vmtail-wide-1m-w16/vm_native_gap_retdec_batch3845.c
make dumps/vmtail-wide-1m-w16/vm_native_gap_retdec_batch3846.c
make dumps/vmtail-wide-1m-w16/vm_native_gap_retdec_batch3847.c
make dumps/vmtail-wide-1m-w16/vm_native_gap_retdec_batch3848.c
make dumps/vmtail-wide-1m-w16/vm_native_gap_retdec_batch3849.c
make dumps/vmtail-wide-1m-w16/vm_native_gap_retdec_batch3850.c
make dumps/vmtail-wide-1m-w16/vm_native_gap_retdec_batch3851.c
make dumps/vmtail-wide-1m-w16/vm_native_gap_retdec_batch3852.c
make dumps/vmtail-wide-1m-w16/vm_native_gap_retdec_batch3853.c
make dumps/vmtail-wide-1m-w16/vm_native_gap_retdec_batch3854.c
make dumps/vmtail-wide-1m-w16/vm_native_gap_retdec_batch3855.c
make dumps/vmtail-wide-1m-w16/vm_native_gap_retdec_batch3856.c
make dumps/vmtail-wide-1m-w16/vm_native_gap_retdec_batch3857.c
make[2]: Entering directory '/models/dev/sc-rev/eac/eacsym'
make[2]: Entering directory '/models/dev/sc-rev/eac/eacsym'
python3 vm_native_gap_retdec_batch.py --batch-index 3845 --ranges-file native_gap_retdec_batch3845.ranges > dumps/vmtail-wide-1m-w16/vm_native_gap_retdec_batch3845.c
python3 vm_native_gap_retdec_batch.py --batch-index 3844 --ranges-file native_gap_retdec_batch3844.ranges > dumps/vmtail-wide-1m-w16/vm_native_gap_retdec_batch3844.c
make[2]: Entering directory '/models/dev/sc-rev/eac/eacsym'
python3 vm_native_gap_retdec_batch.py --batch-index 3847 --ranges-file native_gap_retdec_batch3847.ranges > dumps/vmtail-wide-1m-w16/vm_native_gap_retdec_batch3847.c
make[2]: Entering directory '/models/dev/sc-rev/eac/eacsym'
python3 vm_native_gap_retdec_batch.py --batch-index 3842 --ranges-file native_gap_retdec_batch3842.ranges > dumps/vmtail-wide-1m-w16/vm_native_gap_retdec_batch3842.c
make[2]: Entering directory '/models/dev/sc-rev/eac/eacsym'
python3 vm_native_gap_retdec_batch.py --batch-index 3851 --ranges-file native_gap_retdec_batch3851.ranges > dumps/vmtail-wide-1m-w16/vm_native_gap_retdec_batch3851.c
make[2]: Entering directory '/models/dev/sc-rev/eac/eacsym'
python3 vm_native_gap_retdec_batch.py --batch-index 3834 --ranges-file native_gap_retdec_batch3834.ranges > dumps/vmtail-wide-1m-w16/vm_native_gap_retdec_batch3834.c
make[2]: Entering directory '/models/dev/sc-rev/eac/eacsym'
python3 vm_native_gap_retdec_batch.py --batch-index 3835 --ranges-file native_gap_retdec_batch3835.ranges > dumps/vmtail-wide-1m-w16/vm_native_gap_retdec_batch3835.c
make[2]: Entering directory '/models/dev/sc-rev/eac/eacsym'
python3 vm_native_gap_retdec_batch.py --batch-index 3840 --ranges-file native_gap_retdec_batch3840.ranges > dumps/vmtail-wide-1m-w16/vm_native_gap_retdec_batch3840.c
make[2]: Entering directory '/models/dev/sc-rev/eac/eacsym'
python3 vm_native_gap_retdec_batch.py --batch-index 3837 --ranges-file native_gap_retdec_batch3837.ranges > dumps/vmtail-wide-1m-w16/vm_native_gap_retdec_batch3837.c
make[2]: Entering directory '/models/dev/sc-rev/eac/eacsym'
python3 vm_native_gap_retdec_batch.py --batch-index 3838 --ranges-file native_gap_retdec_batch3838.ranges > dumps/vmtail-wide-1m-w16/vm_native_gap_retdec_batch3838.c
make[2]: Entering directory '/models/dev/sc-rev/eac/eacsym'
python3 vm_native_gap_retdec_batch.py --batch-index 3836 --ranges-file native_gap_retdec_batch3836.ranges > dumps/vmtail-wide-1m-w16/vm_native_gap_retdec_batch3836.c
make[2]: Entering directory '/models/dev/sc-rev/eac/eacsym'
python3 vm_native_gap_retdec_batch.py --batch-index 3839 --ranges-file native_gap_retdec_batch3839.ranges > dumps/vmtail-wide-1m-w16/vm_native_gap_retdec_batch3839.c
make[2]: Entering directory '/models/dev/sc-rev/eac/eacsym'
python3 vm_native_gap_retdec_batch.py --batch-index 3841 --ranges-file native_gap_retdec_batch3841.ranges > dumps/vmtail-wide-1m-w16/vm_native_gap_retdec_batch3841.c
make[2]: Entering directory '/models/dev/sc-rev/eac/eacsym'
python3 vm_native_gap_retdec_batch.py --batch-index 3843 --ranges-file native_gap_retdec_batch3843.ranges > dumps/vmtail-wide-1m-w16/vm_native_gap_retdec_batch3843.c
make[2]: Entering directory '/models/dev/sc-rev/eac/eacsym'
python3 vm_native_gap_retdec_batch.py --batch-index 3852 --ranges-file native_gap_retdec_batch3852.ranges > dumps/vmtail-wide-1m-w16/vm_native_gap_retdec_batch3852.c
make[2]: Entering directory '/models/dev/sc-rev/eac/eacsym'
python3 vm_native_gap_retdec_batch.py --batch-index 3854 --ranges-file native_gap_retdec_batch3854.ranges > dumps/vmtail-wide-1m-w16/vm_native_gap_retdec_batch3854.c
make[2]: Entering directory '/models/dev/sc-rev/eac/eacsym'
python3 vm_native_gap_retdec_batch.py --batch-index 3846 --ranges-file native_gap_retdec_batch3846.ranges > dumps/vmtail-wide-1m-w16/vm_native_gap_retdec_batch3846.c
make[2]: Entering directory '/models/dev/sc-rev/eac/eacsym'
python3 vm_native_gap_retdec_batch.py --batch-index 3855 --ranges-file native_gap_retdec_batch3855.ranges > dumps/vmtail-wide-1m-w16/vm_native_gap_retdec_batch3855.c
make[2]: Entering directory '/models/dev/sc-rev/eac/eacsym'
python3 vm_native_gap_retdec_batch.py --batch-index 3848 --ranges-file native_gap_retdec_batch3848.ranges > dumps/vmtail-wide-1m-w16/vm_native_gap_retdec_batch3848.c
make[2]: Entering directory '/models/dev/sc-rev/eac/eacsym'
python3 vm_native_gap_retdec_batch.py --batch-index 3856 --ranges-file native_gap_retdec_batch3856.ranges > dumps/vmtail-wide-1m-w16/vm_native_gap_retdec_batch3856.c
make[2]: Entering directory '/models/dev/sc-rev/eac/eacsym'
python3 vm_native_gap_retdec_batch.py --batch-index 3850 --ranges-file native_gap_retdec_batch3850.ranges > dumps/vmtail-wide-1m-w16/vm_native_gap_retdec_batch3850.c
make[2]: Entering directory '/models/dev/sc-rev/eac/eacsym'
python3 vm_native_gap_retdec_batch.py --batch-index 3849 --ranges-file native_gap_retdec_batch3849.ranges > dumps/vmtail-wide-1m-w16/vm_native_gap_retdec_batch3849.c
make[2]: Entering directory '/models/dev/sc-rev/eac/eacsym'
python3 vm_native_gap_retdec_batch.py --batch-index 3857 --ranges-file native_gap_retdec_batch3857.ranges > dumps/vmtail-wide-1m-w16/vm_native_gap_retdec_batch3857.c
make[2]: Entering directory '/models/dev/sc-rev/eac/eacsym'
python3 vm_native_gap_retdec_batch.py --batch-index 3853 --ranges-file native_gap_retdec_batch3853.ranges > dumps/vmtail-wide-1m-w16/vm_native_gap_retdec_batch3853.c
native_gap_retdec_batch=3847
native_gap_retdec_selected_ranges=1
native_gap_retdec_batch=3844
native_gap_retdec_selected_ranges=1
make[2]: Leaving directory '/models/dev/sc-rev/eac/eacsym'
make[2]: Leaving directory '/models/dev/sc-rev/eac/eacsym'
make dumps/vmtail-wide-1m-w16/vm_native_gap_retdec_batch3858.c
make dumps/vmtail-wide-1m-w16/vm_native_gap_retdec_batch3859.c
native_gap_retdec_batch=3854
native_gap_retdec_selected_ranges=1
make[2]: Leaving directory '/models/dev/sc-rev/eac/eacsym'
make dumps/vmtail-wide-1m-w16/vm_native_gap_retdec_batch3860.c
make[2]: Entering directory '/models/dev/sc-rev/eac/eacsym'
python3 vm_native_gap_retdec_batch.py --batch-index 3858 --ranges-file native_gap_retdec_batch3858.ranges > dumps/vmtail-wide-1m-w16/vm_native_gap_retdec_batch3858.c
make[2]: Entering directory '/models/dev/sc-rev/eac/eacsym'
python3 vm_native_gap_retdec_batch.py --batch-index 3859 --ranges-file native_gap_retdec_batch3859.ranges > dumps/vmtail-wide-1m-w16/vm_native_gap_retdec_batch3859.c
make[2]: Entering directory '/models/dev/sc-rev/eac/eacsym'
python3 vm_native_gap_retdec_batch.py --batch-index 3860 --ranges-file native_gap_retdec_batch3860.ranges > dumps/vmtail-wide-1m-w16/vm_native_gap_retdec_batch3860.c
native_gap_retdec_batch=3834
native_gap_retdec_selected_ranges=1
make[2]: Leaving directory '/models/dev/sc-rev/eac/eacsym'
make dumps/vmtail-wide-1m-w16/vm_native_gap_retdec_batch3861.c
native_gap_retdec_batch=3842
native_gap_retdec_selected_ranges=1
make[2]: Entering directory '/models/dev/sc-rev/eac/eacsym'
python3 vm_native_gap_retdec_batch.py --batch-index 3861 --ranges-file native_gap_retdec_batch3861.ranges > dumps/vmtail-wide-1m-w16/vm_native_gap_retdec_batch3861.c
make[2]: Leaving directory '/models/dev/sc-rev/eac/eacsym'
make dumps/vmtail-wide-1m-w16/vm_native_gap_retdec_batch3862.c
make[2]: Entering directory '/models/dev/sc-rev/eac/eacsym'
python3 vm_native_gap_retdec_batch.py --batch-index 3862 --ranges-file native_gap_retdec_batch3862.ranges > dumps/vmtail-wide-1m-w16/vm_native_gap_retdec_batch3862.c
native_gap_retdec_batch=3839
native_gap_retdec_selected_ranges=1
make[2]: Leaving directory '/models/dev/sc-rev/eac/eacsym'
make dumps/vmtail-wide-1m-w16/vm_native_gap_retdec_batch3863.c
native_gap_retdec_batch=3853
native_gap_retdec_selected_ranges=1
make[2]: Entering directory '/models/dev/sc-rev/eac/eacsym'
python3 vm_native_gap_retdec_batch.py --batch-index 3863 --ranges-file native_gap_retdec_batch3863.ranges > dumps/vmtail-wide-1m-w16/vm_native_gap_retdec_batch3863.c
make[2]: Leaving directory '/models/dev/sc-rev/eac/eacsym'
make dumps/vmtail-wide-1m-w16/vm_native_gap_retdec_batch3864.c
make[2]: Entering directory '/models/dev/sc-rev/eac/eacsym'
python3 vm_native_gap_retdec_batch.py --batch-index 3864 --ranges-file native_gap_retdec_batch3864.ranges > dumps/vmtail-wide-1m-w16/vm_native_gap_retdec_batch3864.c
native_gap_retdec_batch=3836
native_gap_retdec_selected_ranges=1
make[2]: Leaving directory '/models/dev/sc-rev/eac/eacsym'
make dumps/vmtail-wide-1m-w16/vm_native_gap_retdec_batch3865.c
make[2]: Entering directory '/models/dev/sc-rev/eac/eacsym'
python3 vm_native_gap_retdec_batch.py --batch-index 3865 --ranges-file native_gap_retdec_batch3865.ranges > dumps/vmtail-wide-1m-w16/vm_native_gap_retdec_batch3865.c
native_gap_retdec_batch=3841
native_gap_retdec_selected_ranges=1
native_gap_retdec_batch=3856
native_gap_retdec_selected_ranges=1
make[2]: Leaving directory '/models/dev/sc-rev/eac/eacsym'
make[2]: Leaving directory '/models/dev/sc-rev/eac/eacsym'
native_gap_retdec_batch=3849
native_gap_retdec_selected_ranges=1
native_gap_retdec_batch=3855
native_gap_retdec_selected_ranges=1
make[2]: Leaving directory '/models/dev/sc-rev/eac/eacsym'
make[2]: Leaving directory '/models/dev/sc-rev/eac/eacsym'
native_gap_retdec_batch=3835
native_gap_retdec_selected_ranges=1
make[2]: Leaving directory '/models/dev/sc-rev/eac/eacsym'
native_gap_retdec_batch=3857
native_gap_retdec_selected_ranges=1
make[2]: Leaving directory '/models/dev/sc-rev/eac/eacsym'
native_gap_retdec_batch=3845
native_gap_retdec_selected_ranges=1
native_gap_retdec_batch=3837
native_gap_retdec_selected_ranges=1
make[2]: Leaving directory '/models/dev/sc-rev/eac/eacsym'
native_gap_retdec_batch=3848
native_gap_retdec_selected_ranges=1
native_gap_retdec_batch=3840
native_gap_retdec_selected_ranges=1
native_gap_retdec_batch=3846
native_gap_retdec_selected_ranges=1
make[2]: Leaving directory '/models/dev/sc-rev/eac/eacsym'
make[2]: Leaving directory '/models/dev/sc-rev/eac/eacsym'
make[2]: Leaving directory '/models/dev/sc-rev/eac/eacsym'
make[2]: Leaving directory '/models/dev/sc-rev/eac/eacsym'
native_gap_retdec_batch=3852
native_gap_retdec_selected_ranges=1
make[2]: Leaving directory '/models/dev/sc-rev/eac/eacsym'
native_gap_retdec_batch=3851
native_gap_retdec_selected_ranges=1
make[2]: Leaving directory '/models/dev/sc-rev/eac/eacsym'
native_gap_retdec_batch=3850
native_gap_retdec_selected_ranges=1
make[2]: Leaving directory '/models/dev/sc-rev/eac/eacsym'
native_gap_retdec_batch=3838
native_gap_retdec_selected_ranges=1
native_gap_retdec_batch=3843
native_gap_retdec_selected_ranges=1
make[2]: Leaving directory '/models/dev/sc-rev/eac/eacsym'
make[2]: Leaving directory '/models/dev/sc-rev/eac/eacsym'
native_gap_retdec_batch=3859
native_gap_retdec_selected_ranges=1
make[2]: Leaving directory '/models/dev/sc-rev/eac/eacsym'
native_gap_retdec_batch=3861
native_gap_retdec_selected_ranges=1
make[2]: Leaving directory '/models/dev/sc-rev/eac/eacsym'
native_gap_retdec_batch=3858
native_gap_retdec_selected_ranges=1
native_gap_retdec_batch=3862
native_gap_retdec_selected_ranges=1
make[2]: Leaving directory '/models/dev/sc-rev/eac/eacsym'
make[2]: Leaving directory '/models/dev/sc-rev/eac/eacsym'
native_gap_retdec_batch=3860
native_gap_retdec_selected_ranges=1
make[2]: Leaving directory '/models/dev/sc-rev/eac/eacsym'
native_gap_retdec_batch=3864
native_gap_retdec_selected_ranges=1
make[2]: Leaving directory '/models/dev/sc-rev/eac/eacsym'
native_gap_retdec_batch=3863
native_gap_retdec_selected_ranges=1
make[2]: Leaving directory '/models/dev/sc-rev/eac/eacsym'
native_gap_retdec_batch=3865
native_gap_retdec_selected_ranges=1
make[2]: Leaving directory '/models/dev/sc-rev/eac/eacsym'
make[1]: Leaving directory '/models/dev/sc-rev/eac/eacsym'
# elapsed 4.40s
+ cc -std=c11 -fsyntax-only -w dumps/vmtail-wide-1m-w16/vm_native_gap_retdec_batch3834.c
# elapsed 0.01s
+ cc -std=c11 -fsyntax-only -w dumps/vmtail-wide-1m-w16/vm_native_gap_retdec_batch3835.c
# elapsed 0.01s
+ cc -std=c11 -fsyntax-only -w dumps/vmtail-wide-1m-w16/vm_native_gap_retdec_batch3836.c
# elapsed 0.01s
+ cc -std=c11 -fsyntax-only -w dumps/vmtail-wide-1m-w16/vm_native_gap_retdec_batch3837.c
# elapsed 0.01s
+ cc -std=c11 -fsyntax-only -w dumps/vmtail-wide-1m-w16/vm_native_gap_retdec_batch3838.c
# elapsed 0.01s
+ cc -std=c11 -fsyntax-only -w dumps/vmtail-wide-1m-w16/vm_native_gap_retdec_batch3839.c
# elapsed 0.01s
+ cc -std=c11 -fsyntax-only -w dumps/vmtail-wide-1m-w16/vm_native_gap_retdec_batch3840.c
# elapsed 0.01s
+ cc -std=c11 -fsyntax-only -w dumps/vmtail-wide-1m-w16/vm_native_gap_retdec_batch3841.c
# elapsed 0.01s
+ cc -std=c11 -fsyntax-only -w dumps/vmtail-wide-1m-w16/vm_native_gap_retdec_batch3842.c
# elapsed 0.01s
+ cc -std=c11 -fsyntax-only -w dumps/vmtail-wide-1m-w16/vm_native_gap_retdec_batch3843.c
# elapsed 0.01s
+ cc -std=c11 -fsyntax-only -w dumps/vmtail-wide-1m-w16/vm_native_gap_retdec_batch3844.c
# elapsed 0.01s
+ cc -std=c11 -fsyntax-only -w dumps/vmtail-wide-1m-w16/vm_native_gap_retdec_batch3845.c
# elapsed 0.01s
+ cc -std=c11 -fsyntax-only -w dumps/vmtail-wide-1m-w16/vm_native_gap_retdec_batch3846.c
# elapsed 0.01s
+ cc -std=c11 -fsyntax-only -w dumps/vmtail-wide-1m-w16/vm_native_gap_retdec_batch3847.c
# elapsed 0.01s
+ cc -std=c11 -fsyntax-only -w dumps/vmtail-wide-1m-w16/vm_native_gap_retdec_batch3848.c
# elapsed 0.01s
+ cc -std=c11 -fsyntax-only -w dumps/vmtail-wide-1m-w16/vm_native_gap_retdec_batch3849.c
# elapsed 0.01s
+ cc -std=c11 -fsyntax-only -w dumps/vmtail-wide-1m-w16/vm_native_gap_retdec_batch3850.c
# elapsed 0.01s
+ cc -std=c11 -fsyntax-only -w dumps/vmtail-wide-1m-w16/vm_native_gap_retdec_batch3851.c
# elapsed 0.01s
+ cc -std=c11 -fsyntax-only -w dumps/vmtail-wide-1m-w16/vm_native_gap_retdec_batch3852.c
# elapsed 0.01s
+ cc -std=c11 -fsyntax-only -w dumps/vmtail-wide-1m-w16/vm_native_gap_retdec_batch3853.c
# elapsed 0.01s
+ cc -std=c11 -fsyntax-only -w dumps/vmtail-wide-1m-w16/vm_native_gap_retdec_batch3854.c
# elapsed 0.01s
+ cc -std=c11 -fsyntax-only -w dumps/vmtail-wide-1m-w16/vm_native_gap_retdec_batch3855.c
# elapsed 0.01s
+ cc -std=c11 -fsyntax-only -w dumps/vmtail-wide-1m-w16/vm_native_gap_retdec_batch3856.c
# elapsed 0.01s
+ cc -std=c11 -fsyntax-only -w dumps/vmtail-wide-1m-w16/vm_native_gap_retdec_batch3857.c
# elapsed 0.01s
+ cc -std=c11 -fsyntax-only -w dumps/vmtail-wide-1m-w16/vm_native_gap_retdec_batch3858.c
# elapsed 0.01s
+ cc -std=c11 -fsyntax-only -w dumps/vmtail-wide-1m-w16/vm_native_gap_retdec_batch3859.c
# elapsed 0.01s
+ cc -std=c11 -fsyntax-only -w dumps/vmtail-wide-1m-w16/vm_native_gap_retdec_batch3860.c
# elapsed 0.01s
+ cc -std=c11 -fsyntax-only -w dumps/vmtail-wide-1m-w16/vm_native_gap_retdec_batch3861.c
# elapsed 0.01s
+ cc -std=c11 -fsyntax-only -w dumps/vmtail-wide-1m-w16/vm_native_gap_retdec_batch3862.c
# elapsed 0.01s
+ cc -std=c11 -fsyntax-only -w dumps/vmtail-wide-1m-w16/vm_native_gap_retdec_batch3863.c
# elapsed 0.01s
+ cc -std=c11 -fsyntax-only -w dumps/vmtail-wide-1m-w16/vm_native_gap_retdec_batch3864.c
# elapsed 0.01s
+ cc -std=c11 -fsyntax-only -w dumps/vmtail-wide-1m-w16/vm_native_gap_retdec_batch3865.c
# elapsed 0.02s
salvage_batch_done	3834	salvaged=3834,3835,3836,3837,3838,3839,3840,3841,3842,3843,3844,3845,3846,3847,3848,3849,3850,3851,3852,3853,3854,3855,3856,3857,3858,3859,3860,3861,3862,3863,3864,3865	rejected=0
+ make -s native-executable-coverage-audit native-retdec-gap-queue
# elapsed 3.92s
+ make -s uncovered-executable-gaps
uncovered_executable_gaps=2409 bytes=153402
uncovered_executable_gaps=2409 bytes=153402
uncovered_executable_gaps=2409 bytes=153402
# elapsed 1.16s
coverage_delta
native_executable_coverage_range_rows	74320	74714	delta=+394
native_executable_coverage_gap_rows	2499	2414	delta=-85
native_executable_coverage_recovered_bytes	5481580	5497638	delta=+16058
native_executable_coverage_uncovered_bytes	169460	153402	delta=-16058
round_start	4
+ python3 vm_executable_gap_retdec_probe.py --root . --section .text --chunk-bytes 0x200 --min-chunk-bytes 0x80 --max-split-candidates 256 --max-gap-chunks 12 --max-candidates 768 --max-accepted 32 --probe-jobs 24 --timeout 30 --reject-cache dumps/vmtail-wide-1m-w16/vm_executable_gap_retdec_reject_cache.tsv
try	0x567715-0x5677a0	ok
try	0x5f7ce-0x5f860	ok
try	0x566e48-0x566ee0	ok
try	0x4cc71-0x4cd00	ok
try	0x4903f9-0x490448	reject
try	0x504bd6-0x504c60	ok
try	0x4903ab-0x4903f9	ok
try	0x530bfa-0x530c90	ok
try	0x549894-0x549920	ok
try	0x4c6803-0x4c6890	ok
try	0x53e5dc-0x53e670	ok
try	0x55c700-0x55c790	ok
try	0x716c8-0x71754	ok
try	0x4f0b32-0x4f0bc0	ok
try	0x5421a2-0x542230	ok
try	0x4f13b6-0x4f1440	ok
try	0x5b35c-0x5b3e6	ok
try	0x5579aa-0x557a40	ok
try	0x504cee-0x504d80	ok
try	0x4afb27-0x4afbb7	ok
try	0x504abe-0x504b50	ok
try	0x5075c6-0x507650	ok
try	0x547318-0x5473b0	ok
try	0x506f8e-0x507020	ok
try	0x5499c8-0x549a50	ok
try	0x4bf758-0x4bf7e0	ok
try	0x48dd7c-0x48de04	reject
split	0x48dd7c-0x48de04	0x48dd7c-0x48ddc0
split	0x48dd7c-0x48de04	0x48ddc0-0x48de04
try	0x496cc7-0x496d50	ok
try	0x581e3-0x5826b	ok
try	0x52af98-0x52b020	ok
try	0x52f32-0x52fbc	ok
try	0x5926a-0x592ee	ok
try	0x3ee959-0x3ee99a	reject
try	0x5c0af-0x5c136	ok
try	0x21743-0x217cb	ok
wrote	native_gap_retdec_batch3866.ranges	32
appended_reject_cache	dumps/vmtail-wide-1m-w16/vm_executable_gap_retdec_reject_cache.tsv	3
# elapsed 6.95s
created_batches	3866
+ make -j 24 native-gap-retdec-batch3866
make[1]: Entering directory '/models/dev/sc-rev/eac/eacsym'
make dumps/vmtail-wide-1m-w16/vm_native_gap_retdec_batch3866.c
make[2]: Entering directory '/models/dev/sc-rev/eac/eacsym'
python3 vm_native_gap_retdec_batch.py --batch-index 3866 --ranges-file native_gap_retdec_batch3866.ranges > dumps/vmtail-wide-1m-w16/vm_native_gap_retdec_batch3866.c
native_gap_retdec_batch=3866
native_gap_retdec_selected_ranges=32
make[2]: Leaving directory '/models/dev/sc-rev/eac/eacsym'
make[1]: Leaving directory '/models/dev/sc-rev/eac/eacsym'
# elapsed 1.94s
+ cc -std=c11 -fsyntax-only -w dumps/vmtail-wide-1m-w16/vm_native_gap_retdec_batch3866.c
# elapsed 0.02s
+ make -s native-executable-coverage-audit native-retdec-gap-queue
# elapsed 3.85s
+ make -s uncovered-executable-gaps
uncovered_executable_gaps=2378 bytes=148939
uncovered_executable_gaps=2378 bytes=148939
uncovered_executable_gaps=2378 bytes=148939
# elapsed 1.15s
coverage_delta
native_executable_coverage_range_rows	74320	74846	delta=+526
native_executable_coverage_gap_rows	2499	2383	delta=-116
native_executable_coverage_recovered_bytes	5481580	5502101	delta=+20521
native_executable_coverage_uncovered_bytes	169460	148939	delta=-20521
round_start	5
+ python3 vm_executable_gap_retdec_probe.py --root . --section .text --chunk-bytes 0x200 --min-chunk-bytes 0x80 --max-split-candidates 256 --max-gap-chunks 12 --max-candidates 768 --max-accepted 32 --probe-jobs 24 --timeout 30 --reject-cache dumps/vmtail-wide-1m-w16/vm_executable_gap_retdec_reject_cache.tsv
try	0x30b29-0x30b6a	reject
try	0x564c4a-0x564cd0	ok
try	0x30b6a-0x30bac	ok
try	0x48dd7c-0x48ddc0	ok
try	0x4e53f9-0x4e5479	reject
try	0x490a54-0x490ad8	ok
try	0x3ee918-0x3ee959	ok
try	0x4e60f9-0x4e6179	reject
try	0x4e16f9-0x4e1779	reject
try	0x4e61f9-0x4e6279	reject
try	0x49729e-0x497321	ok
try	0x4f617c-0x4f61fc	ok
try	0x48ddc0-0x48de04	reject
try	0x5305f-0x530e6	ok
try	0x56f737-0x56f778	ok
try	0x6255a-0x625dc	ok
try	0x4e1e79-0x4e1ef9	reject
try	0x56f778-0x56f7b9	reject
try	0x3c756a-0x3c75f0	reject
split	0x3c756a-0x3c75f0	0x3c756a-0x3c75ad
split	0x3c756a-0x3c75f0	0x3c75ad-0x3c75f0
try	0x72dd3-0x72e54	reject
split	0x72dd3-0x72e54	0x72dd3-0x72e13
split	0x72dd3-0x72e54	0x72e13-0x72e54
try	0x4e1c79-0x4e1cf9	reject
try	0x4e1d79-0x4e1df9	ok
try	0x4ee8ed-0x4ee970	ok
try	0x56a83-0x56b06	ok
try	0x47b06e-0x47b0ee	ok
try	0x4792ee-0x47936e	reject
try	0x470cee-0x470d6e	reject
try	0x449a25-0x449aa5	ok
try	0x4756ee-0x47576e	reject
try	0x467134-0x4671b4	reject
try	0x40ea42-0x40eac2	reject
try	0x72e13-0x72e54	reject
try	0x72dd3-0x72e13	reject
try	0x42fb93-0x42fc13	reject
try	0x44d625-0x44d6a5	ok
try	0x3dcdb9-0x3dce39	reject
try	0x4497a5-0x449825	reject
try	0x440667-0x4406e7	reject
try	0x4191c0-0x419240	ok
try	0x43e367-0x43e3e7	reject
try	0x448325-0x4483a5	reject
try	0x3c75ad-0x3c75f0	ok
try	0x40ee42-0x40eec2	reject
try	0x411a42-0x411ac2	reject
try	0x3e1180-0x3e1200	ok
try	0x3c756a-0x3c75ad	ok
try	0x415642-0x4156c2	ok
try	0x3f339e-0x3f341e	reject
try	0x3dc139-0x3dc1b9	reject
try	0x3b57c9-0x3b5849	ok
try	0x3d11ff-0x3d127f	ok
try	0x3970e1-0x397161	reject
try	0x3cec7f-0x3cecff	reject
try	0x3b2a34-0x3b2ab4	reject
try	0x397861-0x3978e1	reject
try	0x382730-0x3827b0	reject
try	0x39ec14-0x39ec94	reject
try	0x2c0e00-0x2c0e80	reject
try	0x32aa55-0x32aad5	reject
try	0x383d30-0x383db0	ok
try	0x37536a-0x3753ea	reject
try	0x2b6175-0x2b61f5	reject
try	0x31d7bb-0x31d83b	reject
try	0x334ea3-0x334f23	reject
try	0x2dbd8e-0x2dbe0e	reject
try	0x332023-0x3320a3	reject
try	0x2fee9e-0x2fef1e	ok
try	0x2bf080-0x2bf100	reject
try	0x2dd30e-0x2dd38e	reject
try	0x2f859e-0x2f861e	reject
try	0x2f6c1e-0x2f6c9e	reject
try	0x2ba7a9-0x2ba829	reject
try	0x2abc75-0x2abcf5	reject
try	0x2abe75-0x2abef5	ok
try	0x2aa375-0x2aa3f5	reject
try	0x298949-0x2989c9	ok
try	0x251dbc-0x251e3c	reject
try	0x2a2b19-0x2a2b99	reject
try	0x26cf24-0x26cfa4	ok
try	0x277741-0x2777c1	reject
try	0x20e0c0-0x20e140	reject
try	0x1e6ae8-0x1e6b68	reject
try	0x1c79d5-0x1c7a55	reject
try	0x25d4c2-0x25d542	reject
try	0x1ad19e-0x1ad21e	ok
try	0x2526bc-0x25273c	reject
try	0x240e18-0x240e98	reject
try	0x24a0fd-0x24a17d	reject
try	0x1c1efd-0x1c1f7d	reject
try	0x225066-0x2250e6	reject
try	0x1c177d-0x1c17fd	reject
try	0x1d985a-0x1d98da	reject
try	0x1ac61c-0x1ac69c	ok
try	0x1c197d-0x1c19fd	reject
try	0x13dce8-0x13dd68	reject
try	0x150c93-0x150d13	reject
try	0x1326a5-0x132725	reject
try	0x121d46-0x121dc6	ok
try	0xf699c-0xf6a1c	reject
try	0x105a78-0x105af8	reject
try	0xd73c7-0xd7447	reject
try	0x7700e-0x7708e	ok
wrote	native_gap_retdec_batch3867.ranges	32
appended_reject_cache	dumps/vmtail-wide-1m-w16/vm_executable_gap_retdec_reject_cache.tsv	70
# elapsed 13.56s
created_batches	3867
+ make -j 24 native-gap-retdec-batch3867
make[1]: Entering directory '/models/dev/sc-rev/eac/eacsym'
make dumps/vmtail-wide-1m-w16/vm_native_gap_retdec_batch3867.c
make[2]: Entering directory '/models/dev/sc-rev/eac/eacsym'
python3 vm_native_gap_retdec_batch.py --batch-index 3867 --ranges-file native_gap_retdec_batch3867.ranges > dumps/vmtail-wide-1m-w16/vm_native_gap_retdec_batch3867.c
native_gap_retdec_batch=3867
native_gap_retdec_selected_ranges=32
make[2]: Leaving directory '/models/dev/sc-rev/eac/eacsym'
make[1]: Leaving directory '/models/dev/sc-rev/eac/eacsym'
# elapsed 1.87s
+ cc -std=c11 -fsyntax-only -w dumps/vmtail-wide-1m-w16/vm_native_gap_retdec_batch3867.c
dumps/vmtail-wide-1m-w16/vm_native_gap_retdec_batch3867.c: In function ‘function_3c757e’:
dumps/vmtail-wide-1m-w16/vm_native_gap_retdec_batch3867.c:941:5: error: implicit declaration of function ‘__asm_vpsubsb’; did you mean ‘__asm_subsd’? [-Wimplicit-function-declaration]
  941 |     __asm_vpsubsb(v7, *(int256_t *)(2 * a2 - 47));
      |     ^~~~~~~~~~~~~
      |     __asm_subsd
# elapsed 0.02s
quarantined_range_file	native_gap_retdec_batch3867.ranges	native_gap_retdec_batch3867.ranges.failed
removed_failed_sidecar	dumps/vmtail-wide-1m-w16/vm_native_gap_retdec_batch3867.c
salvage_batch_start	3867	32
salvage_try	0x30b6a-0x30bac	batch=3867
salvage_try	0x5305f-0x530e6	batch=3868
salvage_try	0x56a83-0x56b06	batch=3869
salvage_try	0x6255a-0x625dc	batch=3870
salvage_try	0x7700e-0x7708e	batch=3871
salvage_try	0x121d46-0x121dc6	batch=3872
salvage_try	0x1ac61c-0x1ac69c	batch=3873
salvage_try	0x1ad19e-0x1ad21e	batch=3874
salvage_try	0x26cf24-0x26cfa4	batch=3875
salvage_try	0x298949-0x2989c9	batch=3876
salvage_try	0x2abe75-0x2abef5	batch=3877
salvage_try	0x2fee9e-0x2fef1e	batch=3878
salvage_try	0x383d30-0x383db0	batch=3879
salvage_try	0x3b57c9-0x3b5849	batch=3880
salvage_try	0x3c756a-0x3c75ad	batch=3881
salvage_try	0x3c75ad-0x3c75f0	batch=3882
salvage_try	0x3d11ff-0x3d127f	batch=3883
salvage_try	0x3e1180-0x3e1200	batch=3884
salvage_try	0x3ee918-0x3ee959	batch=3885
salvage_try	0x415642-0x4156c2	batch=3886
salvage_try	0x4191c0-0x419240	batch=3887
salvage_try	0x449a25-0x449aa5	batch=3888
salvage_try	0x44d625-0x44d6a5	batch=3889
salvage_try	0x47b06e-0x47b0ee	batch=3890
salvage_try	0x48dd7c-0x48ddc0	batch=3891
salvage_try	0x490a54-0x490ad8	batch=3892
salvage_try	0x49729e-0x497321	batch=3893
salvage_try	0x4e1d79-0x4e1df9	batch=3894
salvage_try	0x4ee8ed-0x4ee970	batch=3895
salvage_try	0x4f617c-0x4f61fc	batch=3896
salvage_try	0x564c4a-0x564cd0	batch=3897
salvage_try	0x56f737-0x56f778	batch=3898
+ make -j 24 native-gap-retdec-batch3867 native-gap-retdec-batch3868 native-gap-retdec-batch3869 native-gap-retdec-batch3870 native-gap-retdec-batch3871 native-gap-retdec-batch3872 native-gap-retdec-batch3873 native-gap-retdec-batch3874 native-gap-retdec-batch3875 native-gap-retdec-batch3876 native-gap-retdec-batch3877 native-gap-retdec-batch3878 native-gap-retdec-batch3879 native-gap-retdec-batch3880 native-gap-retdec-batch3881 native-gap-retdec-batch3882 native-gap-retdec-batch3883 native-gap-retdec-batch3884 native-gap-retdec-batch3885 native-gap-retdec-batch3886 native-gap-retdec-batch3887 native-gap-retdec-batch3888 native-gap-retdec-batch3889 native-gap-retdec-batch3890 native-gap-retdec-batch3891 native-gap-retdec-batch3892 native-gap-retdec-batch3893 native-gap-retdec-batch3894 native-gap-retdec-batch3895 native-gap-retdec-batch3896 native-gap-retdec-batch3897 native-gap-retdec-batch3898
make[1]: Entering directory '/models/dev/sc-rev/eac/eacsym'
make dumps/vmtail-wide-1m-w16/vm_native_gap_retdec_batch3867.c
make dumps/vmtail-wide-1m-w16/vm_native_gap_retdec_batch3868.c
make dumps/vmtail-wide-1m-w16/vm_native_gap_retdec_batch3869.c
make dumps/vmtail-wide-1m-w16/vm_native_gap_retdec_batch3870.c
make dumps/vmtail-wide-1m-w16/vm_native_gap_retdec_batch3871.c
make dumps/vmtail-wide-1m-w16/vm_native_gap_retdec_batch3872.c
make dumps/vmtail-wide-1m-w16/vm_native_gap_retdec_batch3873.c
make dumps/vmtail-wide-1m-w16/vm_native_gap_retdec_batch3874.c
make dumps/vmtail-wide-1m-w16/vm_native_gap_retdec_batch3875.c
make dumps/vmtail-wide-1m-w16/vm_native_gap_retdec_batch3876.c
make dumps/vmtail-wide-1m-w16/vm_native_gap_retdec_batch3877.c
make dumps/vmtail-wide-1m-w16/vm_native_gap_retdec_batch3878.c
make dumps/vmtail-wide-1m-w16/vm_native_gap_retdec_batch3879.c
make dumps/vmtail-wide-1m-w16/vm_native_gap_retdec_batch3880.c
make dumps/vmtail-wide-1m-w16/vm_native_gap_retdec_batch3881.c
make dumps/vmtail-wide-1m-w16/vm_native_gap_retdec_batch3882.c
make dumps/vmtail-wide-1m-w16/vm_native_gap_retdec_batch3883.c
make dumps/vmtail-wide-1m-w16/vm_native_gap_retdec_batch3884.c
make dumps/vmtail-wide-1m-w16/vm_native_gap_retdec_batch3885.c
make dumps/vmtail-wide-1m-w16/vm_native_gap_retdec_batch3886.c
make dumps/vmtail-wide-1m-w16/vm_native_gap_retdec_batch3887.c
make dumps/vmtail-wide-1m-w16/vm_native_gap_retdec_batch3888.c
make dumps/vmtail-wide-1m-w16/vm_native_gap_retdec_batch3889.c
make dumps/vmtail-wide-1m-w16/vm_native_gap_retdec_batch3890.c
make[2]: Entering directory '/models/dev/sc-rev/eac/eacsym'
python3 vm_native_gap_retdec_batch.py --batch-index 3878 --ranges-file native_gap_retdec_batch3878.ranges > dumps/vmtail-wide-1m-w16/vm_native_gap_retdec_batch3878.c
make[2]: Entering directory '/models/dev/sc-rev/eac/eacsym'
python3 vm_native_gap_retdec_batch.py --batch-index 3881 --ranges-file native_gap_retdec_batch3881.ranges > dumps/vmtail-wide-1m-w16/vm_native_gap_retdec_batch3881.c
make[2]: Entering directory '/models/dev/sc-rev/eac/eacsym'
python3 vm_native_gap_retdec_batch.py --batch-index 3875 --ranges-file native_gap_retdec_batch3875.ranges > dumps/vmtail-wide-1m-w16/vm_native_gap_retdec_batch3875.c
make[2]: Entering directory '/models/dev/sc-rev/eac/eacsym'
python3 vm_native_gap_retdec_batch.py --batch-index 3885 --ranges-file native_gap_retdec_batch3885.ranges > dumps/vmtail-wide-1m-w16/vm_native_gap_retdec_batch3885.c
make[2]: Entering directory '/models/dev/sc-rev/eac/eacsym'
python3 vm_native_gap_retdec_batch.py --batch-index 3868 --ranges-file native_gap_retdec_batch3868.ranges > dumps/vmtail-wide-1m-w16/vm_native_gap_retdec_batch3868.c
make[2]: Entering directory '/models/dev/sc-rev/eac/eacsym'
python3 vm_native_gap_retdec_batch.py --batch-index 3873 --ranges-file native_gap_retdec_batch3873.ranges > dumps/vmtail-wide-1m-w16/vm_native_gap_retdec_batch3873.c
make[2]: Entering directory '/models/dev/sc-rev/eac/eacsym'
python3 vm_native_gap_retdec_batch.py --batch-index 3867 --ranges-file native_gap_retdec_batch3867.ranges > dumps/vmtail-wide-1m-w16/vm_native_gap_retdec_batch3867.c
make[2]: Entering directory '/models/dev/sc-rev/eac/eacsym'
python3 vm_native_gap_retdec_batch.py --batch-index 3869 --ranges-file native_gap_retdec_batch3869.ranges > dumps/vmtail-wide-1m-w16/vm_native_gap_retdec_batch3869.c
make[2]: Entering directory '/models/dev/sc-rev/eac/eacsym'
python3 vm_native_gap_retdec_batch.py --batch-index 3882 --ranges-file native_gap_retdec_batch3882.ranges > dumps/vmtail-wide-1m-w16/vm_native_gap_retdec_batch3882.c
make[2]: Entering directory '/models/dev/sc-rev/eac/eacsym'
python3 vm_native_gap_retdec_batch.py --batch-index 3870 --ranges-file native_gap_retdec_batch3870.ranges > dumps/vmtail-wide-1m-w16/vm_native_gap_retdec_batch3870.c
make[2]: Entering directory '/models/dev/sc-rev/eac/eacsym'
python3 vm_native_gap_retdec_batch.py --batch-index 3871 --ranges-file native_gap_retdec_batch3871.ranges > dumps/vmtail-wide-1m-w16/vm_native_gap_retdec_batch3871.c
make[2]: Entering directory '/models/dev/sc-rev/eac/eacsym'
python3 vm_native_gap_retdec_batch.py --batch-index 3872 --ranges-file native_gap_retdec_batch3872.ranges > dumps/vmtail-wide-1m-w16/vm_native_gap_retdec_batch3872.c
make[2]: Entering directory '/models/dev/sc-rev/eac/eacsym'
python3 vm_native_gap_retdec_batch.py --batch-index 3874 --ranges-file native_gap_retdec_batch3874.ranges > dumps/vmtail-wide-1m-w16/vm_native_gap_retdec_batch3874.c
make[2]: Entering directory '/models/dev/sc-rev/eac/eacsym'
python3 vm_native_gap_retdec_batch.py --batch-index 3889 --ranges-file native_gap_retdec_batch3889.ranges > dumps/vmtail-wide-1m-w16/vm_native_gap_retdec_batch3889.c
make[2]: Entering directory '/models/dev/sc-rev/eac/eacsym'
python3 vm_native_gap_retdec_batch.py --batch-index 3876 --ranges-file native_gap_retdec_batch3876.ranges > dumps/vmtail-wide-1m-w16/vm_native_gap_retdec_batch3876.c
make[2]: Entering directory '/models/dev/sc-rev/eac/eacsym'
python3 vm_native_gap_retdec_batch.py --batch-index 3879 --ranges-file native_gap_retdec_batch3879.ranges > dumps/vmtail-wide-1m-w16/vm_native_gap_retdec_batch3879.c
make[2]: Entering directory '/models/dev/sc-rev/eac/eacsym'
python3 vm_native_gap_retdec_batch.py --batch-index 3877 --ranges-file native_gap_retdec_batch3877.ranges > dumps/vmtail-wide-1m-w16/vm_native_gap_retdec_batch3877.c
make[2]: Entering directory '/models/dev/sc-rev/eac/eacsym'
python3 vm_native_gap_retdec_batch.py --batch-index 3890 --ranges-file native_gap_retdec_batch3890.ranges > dumps/vmtail-wide-1m-w16/vm_native_gap_retdec_batch3890.c
make[2]: Entering directory '/models/dev/sc-rev/eac/eacsym'
python3 vm_native_gap_retdec_batch.py --batch-index 3887 --ranges-file native_gap_retdec_batch3887.ranges > dumps/vmtail-wide-1m-w16/vm_native_gap_retdec_batch3887.c
make[2]: Entering directory '/models/dev/sc-rev/eac/eacsym'
python3 vm_native_gap_retdec_batch.py --batch-index 3888 --ranges-file native_gap_retdec_batch3888.ranges > dumps/vmtail-wide-1m-w16/vm_native_gap_retdec_batch3888.c
make[2]: Entering directory '/models/dev/sc-rev/eac/eacsym'
python3 vm_native_gap_retdec_batch.py --batch-index 3880 --ranges-file native_gap_retdec_batch3880.ranges > dumps/vmtail-wide-1m-w16/vm_native_gap_retdec_batch3880.c
make[2]: Entering directory '/models/dev/sc-rev/eac/eacsym'
python3 vm_native_gap_retdec_batch.py --batch-index 3883 --ranges-file native_gap_retdec_batch3883.ranges > dumps/vmtail-wide-1m-w16/vm_native_gap_retdec_batch3883.c
make[2]: Entering directory '/models/dev/sc-rev/eac/eacsym'
python3 vm_native_gap_retdec_batch.py --batch-index 3884 --ranges-file native_gap_retdec_batch3884.ranges > dumps/vmtail-wide-1m-w16/vm_native_gap_retdec_batch3884.c
make[2]: Entering directory '/models/dev/sc-rev/eac/eacsym'
python3 vm_native_gap_retdec_batch.py --batch-index 3886 --ranges-file native_gap_retdec_batch3886.ranges > dumps/vmtail-wide-1m-w16/vm_native_gap_retdec_batch3886.c
native_gap_retdec_batch=3883
native_gap_retdec_selected_ranges=1
native_gap_retdec_batch=3867
native_gap_retdec_selected_ranges=1
make[2]: Leaving directory '/models/dev/sc-rev/eac/eacsym'
make dumps/vmtail-wide-1m-w16/vm_native_gap_retdec_batch3891.c
make[2]: Leaving directory '/models/dev/sc-rev/eac/eacsym'
make dumps/vmtail-wide-1m-w16/vm_native_gap_retdec_batch3892.c
native_gap_retdec_batch=3870
native_gap_retdec_selected_ranges=1
native_gap_retdec_batch=3878
native_gap_retdec_selected_ranges=1
make[2]: Leaving directory '/models/dev/sc-rev/eac/eacsym'
make dumps/vmtail-wide-1m-w16/vm_native_gap_retdec_batch3893.c
make[2]: Leaving directory '/models/dev/sc-rev/eac/eacsym'
make dumps/vmtail-wide-1m-w16/vm_native_gap_retdec_batch3894.c
make[2]: Entering directory '/models/dev/sc-rev/eac/eacsym'
python3 vm_native_gap_retdec_batch.py --batch-index 3891 --ranges-file native_gap_retdec_batch3891.ranges > dumps/vmtail-wide-1m-w16/vm_native_gap_retdec_batch3891.c
make[2]: Entering directory '/models/dev/sc-rev/eac/eacsym'
python3 vm_native_gap_retdec_batch.py --batch-index 3892 --ranges-file native_gap_retdec_batch3892.ranges > dumps/vmtail-wide-1m-w16/vm_native_gap_retdec_batch3892.c
make[2]: Entering directory '/models/dev/sc-rev/eac/eacsym'
python3 vm_native_gap_retdec_batch.py --batch-index 3893 --ranges-file native_gap_retdec_batch3893.ranges > dumps/vmtail-wide-1m-w16/vm_native_gap_retdec_batch3893.c
make[2]: Entering directory '/models/dev/sc-rev/eac/eacsym'
python3 vm_native_gap_retdec_batch.py --batch-index 3894 --ranges-file native_gap_retdec_batch3894.ranges > dumps/vmtail-wide-1m-w16/vm_native_gap_retdec_batch3894.c
native_gap_retdec_batch=3882
native_gap_retdec_selected_ranges=1
make[2]: Leaving directory '/models/dev/sc-rev/eac/eacsym'
make dumps/vmtail-wide-1m-w16/vm_native_gap_retdec_batch3895.c
make[2]: Entering directory '/models/dev/sc-rev/eac/eacsym'
python3 vm_native_gap_retdec_batch.py --batch-index 3895 --ranges-file native_gap_retdec_batch3895.ranges > dumps/vmtail-wide-1m-w16/vm_native_gap_retdec_batch3895.c
native_gap_retdec_batch=3889
native_gap_retdec_selected_ranges=1
make[2]: Leaving directory '/models/dev/sc-rev/eac/eacsym'
make dumps/vmtail-wide-1m-w16/vm_native_gap_retdec_batch3896.c
make[2]: Entering directory '/models/dev/sc-rev/eac/eacsym'
python3 vm_native_gap_retdec_batch.py --batch-index 3896 --ranges-file native_gap_retdec_batch3896.ranges > dumps/vmtail-wide-1m-w16/vm_native_gap_retdec_batch3896.c
native_gap_retdec_batch=3886
native_gap_retdec_selected_ranges=1
make[2]: Leaving directory '/models/dev/sc-rev/eac/eacsym'
make dumps/vmtail-wide-1m-w16/vm_native_gap_retdec_batch3897.c
make[2]: Entering directory '/models/dev/sc-rev/eac/eacsym'
python3 vm_native_gap_retdec_batch.py --batch-index 3897 --ranges-file native_gap_retdec_batch3897.ranges > dumps/vmtail-wide-1m-w16/vm_native_gap_retdec_batch3897.c
native_gap_retdec_batch=3888
native_gap_retdec_selected_ranges=1
make[2]: Leaving directory '/models/dev/sc-rev/eac/eacsym'
make dumps/vmtail-wide-1m-w16/vm_native_gap_retdec_batch3898.c
make[2]: Entering directory '/models/dev/sc-rev/eac/eacsym'
python3 vm_native_gap_retdec_batch.py --batch-index 3898 --ranges-file native_gap_retdec_batch3898.ranges > dumps/vmtail-wide-1m-w16/vm_native_gap_retdec_batch3898.c
native_gap_retdec_batch=3879
native_gap_retdec_selected_ranges=1
make[2]: Leaving directory '/models/dev/sc-rev/eac/eacsym'
native_gap_retdec_batch=3881
native_gap_retdec_selected_ranges=1
native_gap_retdec_batch=3880
native_gap_retdec_selected_ranges=1
make[2]: Leaving directory '/models/dev/sc-rev/eac/eacsym'
native_gap_retdec_batch=3868
native_gap_retdec_selected_ranges=1
make[2]: Leaving directory '/models/dev/sc-rev/eac/eacsym'
make[2]: Leaving directory '/models/dev/sc-rev/eac/eacsym'
native_gap_retdec_batch=3884
native_gap_retdec_selected_ranges=1
native_gap_retdec_batch=3873
native_gap_retdec_selected_ranges=1
native_gap_retdec_batch=3874
native_gap_retdec_selected_ranges=1
native_gap_retdec_batch=3885
native_gap_retdec_selected_ranges=1
native_gap_retdec_batch=3887
native_gap_retdec_selected_ranges=1
make[2]: Leaving directory '/models/dev/sc-rev/eac/eacsym'
make[2]: Leaving directory '/models/dev/sc-rev/eac/eacsym'
native_gap_retdec_batch=3872
native_gap_retdec_selected_ranges=1
make[2]: Leaving directory '/models/dev/sc-rev/eac/eacsym'
make[2]: Leaving directory '/models/dev/sc-rev/eac/eacsym'
make[2]: Leaving directory '/models/dev/sc-rev/eac/eacsym'
native_gap_retdec_batch=3875
native_gap_retdec_selected_ranges=1
make[2]: Leaving directory '/models/dev/sc-rev/eac/eacsym'
make[2]: Leaving directory '/models/dev/sc-rev/eac/eacsym'
native_gap_retdec_batch=3890
native_gap_retdec_selected_ranges=1
native_gap_retdec_batch=3869
native_gap_retdec_selected_ranges=1
native_gap_retdec_batch=3871
native_gap_retdec_selected_ranges=1
make[2]: Leaving directory '/models/dev/sc-rev/eac/eacsym'
make[2]: Leaving directory '/models/dev/sc-rev/eac/eacsym'
make[2]: Leaving directory '/models/dev/sc-rev/eac/eacsym'
native_gap_retdec_batch=3877
native_gap_retdec_selected_ranges=1
make[2]: Leaving directory '/models/dev/sc-rev/eac/eacsym'
native_gap_retdec_batch=3876
native_gap_retdec_selected_ranges=1
make[2]: Leaving directory '/models/dev/sc-rev/eac/eacsym'
native_gap_retdec_batch=3891
native_gap_retdec_selected_ranges=1
make[2]: Leaving directory '/models/dev/sc-rev/eac/eacsym'
native_gap_retdec_batch=3893
native_gap_retdec_selected_ranges=1
make[2]: Leaving directory '/models/dev/sc-rev/eac/eacsym'
native_gap_retdec_batch=3897
native_gap_retdec_selected_ranges=1
native_gap_retdec_batch=3892
native_gap_retdec_selected_ranges=1
make[2]: Leaving directory '/models/dev/sc-rev/eac/eacsym'
make[2]: Leaving directory '/models/dev/sc-rev/eac/eacsym'
native_gap_retdec_batch=3898
native_gap_retdec_selected_ranges=1
make[2]: Leaving directory '/models/dev/sc-rev/eac/eacsym'
native_gap_retdec_batch=3896
native_gap_retdec_selected_ranges=1
make[2]: Leaving directory '/models/dev/sc-rev/eac/eacsym'
native_gap_retdec_batch=3894
native_gap_retdec_selected_ranges=1
make[2]: Leaving directory '/models/dev/sc-rev/eac/eacsym'
native_gap_retdec_batch=3895
native_gap_retdec_selected_ranges=1
make[2]: Leaving directory '/models/dev/sc-rev/eac/eacsym'
make[1]: Leaving directory '/models/dev/sc-rev/eac/eacsym'
# elapsed 4.21s
+ cc -std=c11 -fsyntax-only -w dumps/vmtail-wide-1m-w16/vm_native_gap_retdec_batch3867.c
# elapsed 0.01s
+ cc -std=c11 -fsyntax-only -w dumps/vmtail-wide-1m-w16/vm_native_gap_retdec_batch3868.c
# elapsed 0.01s
+ cc -std=c11 -fsyntax-only -w dumps/vmtail-wide-1m-w16/vm_native_gap_retdec_batch3869.c
# elapsed 0.01s
+ cc -std=c11 -fsyntax-only -w dumps/vmtail-wide-1m-w16/vm_native_gap_retdec_batch3870.c
# elapsed 0.01s
+ cc -std=c11 -fsyntax-only -w dumps/vmtail-wide-1m-w16/vm_native_gap_retdec_batch3871.c
# elapsed 0.01s
+ cc -std=c11 -fsyntax-only -w dumps/vmtail-wide-1m-w16/vm_native_gap_retdec_batch3872.c
# elapsed 0.01s
+ cc -std=c11 -fsyntax-only -w dumps/vmtail-wide-1m-w16/vm_native_gap_retdec_batch3873.c
# elapsed 0.01s
+ cc -std=c11 -fsyntax-only -w dumps/vmtail-wide-1m-w16/vm_native_gap_retdec_batch3874.c
# elapsed 0.01s
+ cc -std=c11 -fsyntax-only -w dumps/vmtail-wide-1m-w16/vm_native_gap_retdec_batch3875.c
# elapsed 0.01s
+ cc -std=c11 -fsyntax-only -w dumps/vmtail-wide-1m-w16/vm_native_gap_retdec_batch3876.c
# elapsed 0.01s
+ cc -std=c11 -fsyntax-only -w dumps/vmtail-wide-1m-w16/vm_native_gap_retdec_batch3877.c
# elapsed 0.01s
+ cc -std=c11 -fsyntax-only -w dumps/vmtail-wide-1m-w16/vm_native_gap_retdec_batch3878.c
# elapsed 0.01s
+ cc -std=c11 -fsyntax-only -w dumps/vmtail-wide-1m-w16/vm_native_gap_retdec_batch3879.c
# elapsed 0.01s
+ cc -std=c11 -fsyntax-only -w dumps/vmtail-wide-1m-w16/vm_native_gap_retdec_batch3880.c
# elapsed 0.01s
+ cc -std=c11 -fsyntax-only -w dumps/vmtail-wide-1m-w16/vm_native_gap_retdec_batch3881.c
# elapsed 0.01s
+ cc -std=c11 -fsyntax-only -w dumps/vmtail-wide-1m-w16/vm_native_gap_retdec_batch3882.c
# elapsed 0.01s
+ cc -std=c11 -fsyntax-only -w dumps/vmtail-wide-1m-w16/vm_native_gap_retdec_batch3883.c
# elapsed 0.01s
+ cc -std=c11 -fsyntax-only -w dumps/vmtail-wide-1m-w16/vm_native_gap_retdec_batch3884.c
# elapsed 0.01s
+ cc -std=c11 -fsyntax-only -w dumps/vmtail-wide-1m-w16/vm_native_gap_retdec_batch3885.c
# elapsed 0.01s
+ cc -std=c11 -fsyntax-only -w dumps/vmtail-wide-1m-w16/vm_native_gap_retdec_batch3886.c
# elapsed 0.01s
+ cc -std=c11 -fsyntax-only -w dumps/vmtail-wide-1m-w16/vm_native_gap_retdec_batch3887.c
# elapsed 0.01s
+ cc -std=c11 -fsyntax-only -w dumps/vmtail-wide-1m-w16/vm_native_gap_retdec_batch3888.c
# elapsed 0.01s
+ cc -std=c11 -fsyntax-only -w dumps/vmtail-wide-1m-w16/vm_native_gap_retdec_batch3889.c
# elapsed 0.01s
+ cc -std=c11 -fsyntax-only -w dumps/vmtail-wide-1m-w16/vm_native_gap_retdec_batch3890.c
# elapsed 0.01s
+ cc -std=c11 -fsyntax-only -w dumps/vmtail-wide-1m-w16/vm_native_gap_retdec_batch3891.c
# elapsed 0.01s
+ cc -std=c11 -fsyntax-only -w dumps/vmtail-wide-1m-w16/vm_native_gap_retdec_batch3892.c
# elapsed 0.01s
+ cc -std=c11 -fsyntax-only -w dumps/vmtail-wide-1m-w16/vm_native_gap_retdec_batch3893.c
# elapsed 0.01s
+ cc -std=c11 -fsyntax-only -w dumps/vmtail-wide-1m-w16/vm_native_gap_retdec_batch3894.c
# elapsed 0.01s
+ cc -std=c11 -fsyntax-only -w dumps/vmtail-wide-1m-w16/vm_native_gap_retdec_batch3895.c
# elapsed 0.01s
+ cc -std=c11 -fsyntax-only -w dumps/vmtail-wide-1m-w16/vm_native_gap_retdec_batch3896.c
# elapsed 0.01s
+ cc -std=c11 -fsyntax-only -w dumps/vmtail-wide-1m-w16/vm_native_gap_retdec_batch3897.c
# elapsed 0.01s
+ cc -std=c11 -fsyntax-only -w dumps/vmtail-wide-1m-w16/vm_native_gap_retdec_batch3898.c
# elapsed 0.01s
salvage_batch_done	3867	salvaged=3867,3868,3869,3870,3871,3872,3873,3874,3875,3876,3877,3878,3879,3880,3881,3882,3883,3884,3885,3886,3887,3888,3889,3890,3891,3892,3893,3894,3895,3896,3897,3898	rejected=0
+ make -s native-executable-coverage-audit native-retdec-gap-queue
# elapsed 3.84s
+ make -s uncovered-executable-gaps
uncovered_executable_gaps=2351 bytes=145185
uncovered_executable_gaps=2351 bytes=145185
uncovered_executable_gaps=2351 bytes=145185
# elapsed 1.15s
coverage_delta
native_executable_coverage_range_rows	74320	74960	delta=+640
native_executable_coverage_gap_rows	2499	2356	delta=-143
native_executable_coverage_recovered_bytes	5481580	5505855	delta=+24275
native_executable_coverage_uncovered_bytes	169460	145185	delta=-24275
round_start	6
+ python3 vm_executable_gap_retdec_probe.py --root . --section .text --chunk-bytes 0x200 --min-chunk-bytes 0x80 --max-split-candidates 256 --max-gap-chunks 12 --max-candidates 768 --max-accepted 32 --probe-jobs 24 --timeout 30 --reject-cache dumps/vmtail-wide-1m-w16/vm_executable_gap_retdec_reject_cache.tsv
try	0x4afc16-0x4afc8b	reject
try	0xf889c-0xf891c	ok
try	0x5060f-0x50688	ok
try	0x57d60-0x57dda	ok
try	0x548f0e-0x548f80	ok
try	0x4319b-0x43215	ok
try	0xecf9c-0xed01c	ok
try	0x48dbe0-0x48dc55	ok
try	0x4d2983-0x4d2a00	ok
try	0x11bfc1-0x11c041	reject
try	0x4ba508-0x4ba580	ok
try	0x367c4-0x36840	ok
try	0x311b8-0x31238	ok
try	0x4c4688-0x4c4700	ok
try	0x57c443-0x57c4c0	ok
try	0x5993b-0x599ba	ok
try	0x54726c-0x5472e0	ok
try	0x26ec24-0x26eca1	reject
try	0x3ad9a-0x3ae18	ok
try	0x70990-0x70a10	reject
try	0xed59c-0xed61c	reject
try	0x691d8-0x69256	ok
try	0x4247f-0x424fb	ok
try	0x5c662-0x5c6d6	ok
try	0x50b66f-0x50b6e0	ok
try	0x51ae41-0x51aeb0	ok
try	0x4f14bf-0x4f1530	ok
try	0x51b6e1-0x51b750	ok
try	0x432fb-0x4336c	ok
try	0x56d34-0x56da4	ok
try	0x4c4072-0x4c40e0	ok
try	0x523a66-0x523ad0	ok
try	0x34d1e6-0x34d253	ok
try	0x4efc12-0x4efc80	ok
try	0x4f52b2-0x4f5320	ok
try	0x577053-0x5770c0	ok
try	0x4f5212-0x4f5280	ok
wrote	native_gap_retdec_batch3899.ranges	32
appended_reject_cache	dumps/vmtail-wide-1m-w16/vm_executable_gap_retdec_reject_cache.tsv	5
# elapsed 7.07s
created_batches	3899
+ make -j 24 native-gap-retdec-batch3899
make[1]: Entering directory '/models/dev/sc-rev/eac/eacsym'
make dumps/vmtail-wide-1m-w16/vm_native_gap_retdec_batch3899.c
make[2]: Entering directory '/models/dev/sc-rev/eac/eacsym'
python3 vm_native_gap_retdec_batch.py --batch-index 3899 --ranges-file native_gap_retdec_batch3899.ranges > dumps/vmtail-wide-1m-w16/vm_native_gap_retdec_batch3899.c
native_gap_retdec_batch=3899
native_gap_retdec_selected_ranges=32
make[2]: Leaving directory '/models/dev/sc-rev/eac/eacsym'
make[1]: Leaving directory '/models/dev/sc-rev/eac/eacsym'
# elapsed 1.89s
+ cc -std=c11 -fsyntax-only -w dumps/vmtail-wide-1m-w16/vm_native_gap_retdec_batch3899.c
# elapsed 0.02s
+ make -s native-executable-coverage-audit native-retdec-gap-queue
# elapsed 3.90s
+ make -s uncovered-executable-gaps
uncovered_executable_gaps=2319 bytes=141419
uncovered_executable_gaps=2319 bytes=141419
uncovered_executable_gaps=2319 bytes=141419
# elapsed 1.14s
coverage_delta
native_executable_coverage_range_rows	74320	75084	delta=+764
native_executable_coverage_gap_rows	2499	2324	delta=-175
native_executable_coverage_recovered_bytes	5481580	5509621	delta=+28041
native_executable_coverage_uncovered_bytes	169460	141419	delta=-28041
round_start	7
+ python3 vm_executable_gap_retdec_probe.py --root . --section .text --chunk-bytes 0x200 --min-chunk-bytes 0x80 --max-split-candidates 256 --max-gap-chunks 12 --max-candidates 768 --max-accepted 32 --probe-jobs 24 --timeout 30 --reject-cache dumps/vmtail-wide-1m-w16/vm_executable_gap_retdec_reject_cache.tsv
try	0x4d2a8c-0x4d2af0	ok
try	0x4f0e4f-0x4f0eb0	ok
try	0x464bc-0x46521	ok
try	0x48c96a-0x48c9cc	ok
try	0x4b500c-0x4b5070	ok
try	0x577cfc-0x577d60	ok
try	0x576d03-0x576d70	ok
try	0x4af86b-0x4af8d0	reject
try	0x577b5c-0x577bc0	ok
try	0x4c693e-0x4c69a0	ok
try	0x541f88-0x541ff0	ok
try	0x2a05c-0x2a0c4	ok
try	0x48d4a9-0x48d50f	ok
try	0x622e7-0x62350	ok
try	0x2ca8f-0x2cafa	ok
try	0x50de5e-0x50dec0	ok
try	0x44d0f-0x44d7b	ok
try	0x25f90-0x25ff8	ok
try	0x542348-0x5423b0	ok
try	0x60f42-0x60fae	ok
try	0x21658-0x216c0	ok
try	0x50d73e-0x50d7a0	ok
try	0x44dfb-0x44e68	ok
try	0x44fe45-0x44fea9	reject
try	0x4c3430-0x4c3490	ok
try	0x5a984-0x5a9e4	ok
try	0x4d2804-0x4d2860	ok
try	0x536da1-0x536e00	ok
try	0x6baf3-0x6bb54	ok
try	0x48c384-0x48c3e4	ok
try	0x4e17f9-0x4e1859	ok
try	0x4c3360-0x4c33c0	ok
try	0x48d845-0x48d8a3	ok
try	0x53e7cc-0x53e820	ok
wrote	native_gap_retdec_batch3900.ranges	32
appended_reject_cache	dumps/vmtail-wide-1m-w16/vm_executable_gap_retdec_reject_cache.tsv	2
# elapsed 6.90s
created_batches	3900
+ make -j 24 native-gap-retdec-batch3900
make[1]: Entering directory '/models/dev/sc-rev/eac/eacsym'
make dumps/vmtail-wide-1m-w16/vm_native_gap_retdec_batch3900.c
make[2]: Entering directory '/models/dev/sc-rev/eac/eacsym'
python3 vm_native_gap_retdec_batch.py --batch-index 3900 --ranges-file native_gap_retdec_batch3900.ranges > dumps/vmtail-wide-1m-w16/vm_native_gap_retdec_batch3900.c
native_gap_retdec_batch=3900
native_gap_retdec_selected_ranges=32
make[2]: Leaving directory '/models/dev/sc-rev/eac/eacsym'
make[1]: Leaving directory '/models/dev/sc-rev/eac/eacsym'
# elapsed 1.88s
+ cc -std=c11 -fsyntax-only -w dumps/vmtail-wide-1m-w16/vm_native_gap_retdec_batch3900.c
# elapsed 0.02s
+ make -s native-executable-coverage-audit native-retdec-gap-queue
# elapsed 3.83s
+ make -s uncovered-executable-gaps
uncovered_executable_gaps=2287 bytes=138219
uncovered_executable_gaps=2287 bytes=138219
uncovered_executable_gaps=2287 bytes=138219
# elapsed 1.15s
coverage_delta
native_executable_coverage_range_rows	74320	75187	delta=+867
native_executable_coverage_gap_rows	2499	2292	delta=-207
native_executable_coverage_recovered_bytes	5481580	5512821	delta=+31241
native_executable_coverage_uncovered_bytes	169460	138219	delta=-31241
round_start	8
+ python3 vm_executable_gap_retdec_probe.py --root . --section .text --chunk-bytes 0x200 --min-chunk-bytes 0x80 --max-split-candidates 256 --max-gap-chunks 12 --max-candidates 768 --max-accepted 32 --probe-jobs 24 --timeout 30 --reject-cache dumps/vmtail-wide-1m-w16/vm_executable_gap_retdec_reject_cache.tsv
try	0x41551-0x415ae	ok
try	0x50294e-0x5029a0	reject
try	0x38f7b-0x38fcf	ok
try	0x3794a-0x379a0	ok
try	0x4a2a1-0x4a2f8	ok
try	0x13c209-0x13c266	ok
try	0x499a60-0x499ab0	ok
try	0x50520e-0x505260	ok
try	0x57b298-0x57b2f0	ok
try	0x60880-0x608d2	ok
try	0x490241-0x490294	ok
try	0x413ab-0x413fd	ok
try	0x48db67-0x48dbb8	ok
try	0x57b9b4-0x57ba10	ok
try	0x1e15ab-0x1e15fc	ok
try	0x35f6e-0x35fcc	ok
try	0x4afcd2-0x4afd30	ok
try	0x5660ab-0x566100	ok
try	0x76dc4-0x76e22	ok
try	0x4b4db5-0x4b4e10	ok
try	0x4c171e-0x4c1770	ok
try	0x550a0c-0x550a60	ok
try	0x5764fa-0x576550	ok
try	0x54c680-0x54c6d0	ok
try	0x514851-0x5148a0	ok
try	0x67c96-0x67ce4	ok
try	0x40c3e-0x40c8c	ok
try	0x4f54b4-0x4f5500	ok
try	0x523463-0x5234b0	ok
try	0x4c32a1-0x4c32f0	ok
try	0x56b1d6-0x56b220	ok
try	0x48e5f4-0x48e641	ok
try	0x5224f9-0x522540	ok
wrote	native_gap_retdec_batch3901.ranges	32
appended_reject_cache	dumps/vmtail-wide-1m-w16/vm_executable_gap_retdec_reject_cache.tsv	1
# elapsed 6.86s
created_batches	3901
+ make -j 24 native-gap-retdec-batch3901
make[1]: Entering directory '/models/dev/sc-rev/eac/eacsym'
make dumps/vmtail-wide-1m-w16/vm_native_gap_retdec_batch3901.c
make[2]: Entering directory '/models/dev/sc-rev/eac/eacsym'
python3 vm_native_gap_retdec_batch.py --batch-index 3901 --ranges-file native_gap_retdec_batch3901.ranges > dumps/vmtail-wide-1m-w16/vm_native_gap_retdec_batch3901.c
native_gap_retdec_batch=3901
native_gap_retdec_selected_ranges=32
make[2]: Leaving directory '/models/dev/sc-rev/eac/eacsym'
make[1]: Leaving directory '/models/dev/sc-rev/eac/eacsym'
# elapsed 1.83s
+ cc -std=c11 -fsyntax-only -w dumps/vmtail-wide-1m-w16/vm_native_gap_retdec_batch3901.c
# elapsed 0.01s
+ make -s native-executable-coverage-audit native-retdec-gap-queue
# elapsed 3.91s
+ make -s uncovered-executable-gaps
uncovered_executable_gaps=2255 bytes=135546
uncovered_executable_gaps=2255 bytes=135546
uncovered_executable_gaps=2255 bytes=135546
# elapsed 1.16s
coverage_delta
native_executable_coverage_range_rows	74320	75297	delta=+977
native_executable_coverage_gap_rows	2499	2260	delta=-239
native_executable_coverage_recovered_bytes	5481580	5515494	delta=+33914
native_executable_coverage_uncovered_bytes	169460	135546	delta=-33914
round_start	9
+ python3 vm_executable_gap_retdec_probe.py --root . --section .text --chunk-bytes 0x200 --min-chunk-bytes 0x80 --max-split-candidates 256 --max-gap-chunks 12 --max-candidates 768 --max-accepted 32 --probe-jobs 24 --timeout 30 --reject-cache dumps/vmtail-wide-1m-w16/vm_executable_gap_retdec_reject_cache.tsv
try	0x52e53a-0x52e580	ok
try	0x360df-0x36126	ok
try	0x542248-0x542290	ok
try	0x38b8d-0x38bd2	ok
try	0x5b4af-0x5b4f4	ok
try	0x477ac-0x477fa	ok
try	0x67622-0x67668	reject
try	0x5526d7-0x552720	ok
try	0x4eeae8-0x4eeb30	ok
try	0x5686e7-0x568730	ok
try	0x5551f9-0x555240	ok
try	0x56b4a7-0x56b4f0	ok
try	0x71ced-0x71d34	ok
try	0x496c08-0x496c50	ok
try	0x4ea6b-0x4eab6	ok
try	0x56b1a-0x56b60	ok
try	0x50f4b-0x50f90	ok
try	0x568416-0x568460	ok
try	0x5882e-0x58874	reject
try	0x29d4c-0x29d94	ok
try	0x4d8c59-0x4d8ca0	ok
try	0x4fd4d6-0x4fd520	ok
try	0x51b95b-0x51b9a0	ok
try	0x4f53b4-0x4f5400	ok
try	0x542a2c-0x542a70	ok
try	0x38ad4-0x38b18	ok
try	0x51005d-0x5100a0	ok
try	0x4786c-0x478b0	ok
try	0x70f76-0x70fba	ok
try	0x54294c-0x542990	ok
try	0x35af4-0x35b38	ok
try	0x67c0d-0x67c50	ok
try	0x4eb0e-0x4eb52	ok
try	0x25239-0x2527b	ok
wrote	native_gap_retdec_batch3902.ranges	32
appended_reject_cache	dumps/vmtail-wide-1m-w16/vm_executable_gap_retdec_reject_cache.tsv	2
# elapsed 6.80s
created_batches	3902
+ make -j 24 native-gap-retdec-batch3902
make[1]: Entering directory '/models/dev/sc-rev/eac/eacsym'
make dumps/vmtail-wide-1m-w16/vm_native_gap_retdec_batch3902.c
make[2]: Entering directory '/models/dev/sc-rev/eac/eacsym'
python3 vm_native_gap_retdec_batch.py --batch-index 3902 --ranges-file native_gap_retdec_batch3902.ranges > dumps/vmtail-wide-1m-w16/vm_native_gap_retdec_batch3902.c
native_gap_retdec_batch=3902
native_gap_retdec_selected_ranges=32
make[2]: Leaving directory '/models/dev/sc-rev/eac/eacsym'
make[1]: Leaving directory '/models/dev/sc-rev/eac/eacsym'
# elapsed 1.83s
+ cc -std=c11 -fsyntax-only -w dumps/vmtail-wide-1m-w16/vm_native_gap_retdec_batch3902.c
# elapsed 0.01s
+ make -s native-executable-coverage-audit native-retdec-gap-queue
# elapsed 3.86s
+ make -s uncovered-executable-gaps
uncovered_executable_gaps=2223 bytes=133286
uncovered_executable_gaps=2223 bytes=133286
uncovered_executable_gaps=2223 bytes=133286
# elapsed 1.17s
coverage_delta
native_executable_coverage_range_rows	74320	75404	delta=+1084
native_executable_coverage_gap_rows	2499	2228	delta=-271
native_executable_coverage_recovered_bytes	5481580	5517754	delta=+36174
native_executable_coverage_uncovered_bytes	169460	133286	delta=-36174
round_start	10
+ python3 vm_executable_gap_retdec_probe.py --root . --section .text --chunk-bytes 0x200 --min-chunk-bytes 0x80 --max-split-candidates 256 --max-gap-chunks 12 --max-candidates 768 --max-accepted 32 --probe-jobs 24 --timeout 30 --reject-cache dumps/vmtail-wide-1m-w16/vm_executable_gap_retdec_reject_cache.tsv
try	0x5361c1-0x536200	ok
try	0x52d9fd-0x52da40	ok
try	0x57a448-0x57a488	ok
try	0x4a03ad-0x4a03f0	ok
try	0x4a3b2e-0x4a3b70	ok
try	0x49a6f1-0x49a730	ok
try	0x576801-0x576840	ok
try	0x55c96f-0x55c9b0	ok
try	0x4f5442-0x4f5480	ok
try	0x573250-0x573290	ok
try	0x5085e1-0x508620	ok
try	0x4e1f9-0x4e238	ok
try	0x27958-0x27998	ok
try	0x35c57-0x35c96	ok
try	0x554de0-0x554e20	ok
try	0x4b035e-0x4b03a0	ok
try	0x54c5a0-0x54c5e0	ok
try	0x551571-0x5515b0	ok
try	0x547def-0x547e30	ok
try	0x29bf9-0x29c3a	ok
try	0x48d991-0x48d9cf	ok
try	0x57781e-0x577860	ok
try	0x451af-0x451f2	ok
try	0x57744e-0x577490	ok
try	0x4f5343-0x4f5380	ok
try	0x729d6-0x72a14	ok
try	0x573103-0x573140	ok
try	0x48c9d0-0x48ca0e	ok
try	0x557b24-0x557b60	ok
try	0x56ec35-0x56ec70	reject
try	0x557474-0x5574b0	ok
try	0x68af4-0x68b30	ok
try	0x4afabe-0x4afafa	ok
wrote	native_gap_retdec_batch3903.ranges	32
appended_reject_cache	dumps/vmtail-wide-1m-w16/vm_executable_gap_retdec_reject_cache.tsv	1
# elapsed 6.75s
created_batches	3903
+ make -j 24 native-gap-retdec-batch3903
make[1]: Entering directory '/models/dev/sc-rev/eac/eacsym'
make dumps/vmtail-wide-1m-w16/vm_native_gap_retdec_batch3903.c
make[2]: Entering directory '/models/dev/sc-rev/eac/eacsym'
python3 vm_native_gap_retdec_batch.py --batch-index 3903 --ranges-file native_gap_retdec_batch3903.ranges > dumps/vmtail-wide-1m-w16/vm_native_gap_retdec_batch3903.c
native_gap_retdec_batch=3903
native_gap_retdec_selected_ranges=32
make[2]: Leaving directory '/models/dev/sc-rev/eac/eacsym'
make[1]: Leaving directory '/models/dev/sc-rev/eac/eacsym'
# elapsed 1.84s
+ cc -std=c11 -fsyntax-only -w dumps/vmtail-wide-1m-w16/vm_native_gap_retdec_batch3903.c
# elapsed 0.02s
+ make -s native-executable-coverage-audit native-retdec-gap-queue
# elapsed 3.84s
+ make -s uncovered-executable-gaps
uncovered_executable_gaps=2191 bytes=131255
uncovered_executable_gaps=2191 bytes=131255
uncovered_executable_gaps=2191 bytes=131255
# elapsed 1.18s
coverage_delta
native_executable_coverage_range_rows	74320	75522	delta=+1202
native_executable_coverage_gap_rows	2499	2196	delta=-303
native_executable_coverage_recovered_bytes	5481580	5519785	delta=+38205
native_executable_coverage_uncovered_bytes	169460	131255	delta=-38205
round_start	11
+ python3 vm_executable_gap_retdec_probe.py --root . --section .text --chunk-bytes 0x200 --min-chunk-bytes 0x80 --max-split-candidates 256 --max-gap-chunks 12 --max-candidates 768 --max-accepted 32 --probe-jobs 24 --timeout 30 --reject-cache dumps/vmtail-wide-1m-w16/vm_executable_gap_retdec_reject_cache.tsv
try	0x57c987-0x57c9c0	ok
try	0x4a93d7-0x4a9410	ok
try	0x4fbf14-0x4fbf50	reject
try	0x4ab285-0x4ab2c0	ok
try	0x3c9b4-0x3c9ec	ok
try	0x5583c8-0x558400	ok
try	0x49d878-0x49d8b0	ok
try	0x25122-0x2515a	ok
try	0x496505-0x496540	ok
try	0x524d7-0x52512	ok
try	0x57cf07-0x57cf40	ok
try	0x494587-0x4945c0	ok
try	0x530e56-0x530e90	ok
try	0x558297-0x5582d0	ok
try	0x4f33d6-0x4f3410	ok
try	0x5781e8-0x578220	ok
try	0x578058-0x578090	ok
try	0x4afe34-0x4afe70	ok
try	0x55a086-0x55a0c0	ok
try	0x509f88-0x509fc0	ok
try	0x4c094-0x4c0ce	ok
try	0x4b53b8-0x4b53f0	ok
try	0x49e3d4-0x49e410	ok
try	0x50e078-0x50e0b0	ok
try	0x50d8c9-0x50d900	ok
try	0x54cb3-0x54cea	ok
try	0x56e949-0x56e980	ok
try	0x50d1a9-0x50d1e0	ok
try	0x5779eb-0x577a20	ok
try	0x57790b-0x577940	ok
try	0x71017-0x7104e	ok
try	0x5358fc-0x535930	ok
try	0x5429ca-0x542a00	ok
wrote	native_gap_retdec_batch3904.ranges	32
appended_reject_cache	dumps/vmtail-wide-1m-w16/vm_executable_gap_retdec_reject_cache.tsv	1
# elapsed 6.86s
created_batches	3904
+ make -j 24 native-gap-retdec-batch3904
make[1]: Entering directory '/models/dev/sc-rev/eac/eacsym'
make dumps/vmtail-wide-1m-w16/vm_native_gap_retdec_batch3904.c
make[2]: Entering directory '/models/dev/sc-rev/eac/eacsym'
python3 vm_native_gap_retdec_batch.py --batch-index 3904 --ranges-file native_gap_retdec_batch3904.ranges > dumps/vmtail-wide-1m-w16/vm_native_gap_retdec_batch3904.c
native_gap_retdec_batch=3904
native_gap_retdec_selected_ranges=32
make[2]: Leaving directory '/models/dev/sc-rev/eac/eacsym'
make[1]: Leaving directory '/models/dev/sc-rev/eac/eacsym'
# elapsed 1.88s
+ cc -std=c11 -fsyntax-only -w dumps/vmtail-wide-1m-w16/vm_native_gap_retdec_batch3904.c
# elapsed 0.01s
+ make -s native-executable-coverage-audit native-retdec-gap-queue
# elapsed 3.89s
+ make -s uncovered-executable-gaps
uncovered_executable_gaps=2159 bytes=129450
uncovered_executable_gaps=2159 bytes=129450
uncovered_executable_gaps=2159 bytes=129450
# elapsed 1.15s
coverage_delta
native_executable_coverage_range_rows	74320	75647	delta=+1327
native_executable_coverage_gap_rows	2499	2164	delta=-335
native_executable_coverage_recovered_bytes	5481580	5521590	delta=+40010
native_executable_coverage_uncovered_bytes	169460	129450	delta=-40010
round_start	12
+ python3 vm_executable_gap_retdec_probe.py --root . --section .text --chunk-bytes 0x200 --min-chunk-bytes 0x80 --max-split-candidates 256 --max-gap-chunks 12 --max-candidates 768 --max-accepted 32 --probe-jobs 24 --timeout 30 --reject-cache dumps/vmtail-wide-1m-w16/vm_executable_gap_retdec_reject_cache.tsv
try	0x55ea9e-0x55ead0	ok
try	0x52980e-0x529840	ok
try	0x5586a9-0x5586e0	ok
try	0x4b369e-0x4b36d0	ok
try	0x5b40d-0x5b444	ok
try	0x5299eb-0x529a20	ok
try	0x5655dc-0x565610	ok
try	0x50174d-0x501780	ok
try	0x50afbc-0x50aff0	ok
try	0x58341c-0x583450	ok
try	0x4eedfb-0x4eee30	ok
try	0x53c47e-0x53c4b0	ok
try	0x4a479b-0x4a47d0	ok
try	0x5143ae-0x5143e0	ok
try	0x35bc45-0x35bc7b	ok
try	0x488caa-0x488ce0	ok
try	0x52d92d-0x52d960	ok
try	0x4fdfee-0x4fe020	ok
try	0x4e9fcb-0x4ea000	ok
try	0x4c1d0d-0x4c1d40	ok
try	0x55ec4e-0x55ec80	ok
try	0x50e1aa-0x50e1e0	ok
try	0x4a9f0-0x4aa26	ok
try	0x76e33-0x76e68	ok
try	0x50fbef-0x50fc20	ok
try	0x4ac09f-0x4ac0d0	ok
try	0x4fbfe0-0x4fc010	ok
try	0x57299f-0x5729d0	ok
try	0x57278f-0x5727c0	ok
try	0x5f195-0x5f1c6	ok
try	0x4fecdf-0x4fed10	ok
try	0x56ebef-0x56ec20	ok
wrote	native_gap_retdec_batch3905.ranges	32
# elapsed 6.77s
created_batches	3905
+ make -j 24 native-gap-retdec-batch3905
make[1]: Entering directory '/models/dev/sc-rev/eac/eacsym'
make dumps/vmtail-wide-1m-w16/vm_native_gap_retdec_batch3905.c
make[2]: Entering directory '/models/dev/sc-rev/eac/eacsym'
python3 vm_native_gap_retdec_batch.py --batch-index 3905 --ranges-file native_gap_retdec_batch3905.ranges > dumps/vmtail-wide-1m-w16/vm_native_gap_retdec_batch3905.c
native_gap_retdec_batch=3905
native_gap_retdec_selected_ranges=32
make[2]: Leaving directory '/models/dev/sc-rev/eac/eacsym'
make[1]: Leaving directory '/models/dev/sc-rev/eac/eacsym'
# elapsed 1.79s
+ cc -std=c11 -fsyntax-only -w dumps/vmtail-wide-1m-w16/vm_native_gap_retdec_batch3905.c
# elapsed 0.01s
+ make -s native-executable-coverage-audit native-retdec-gap-queue
# elapsed 3.88s
+ make -s uncovered-executable-gaps
uncovered_executable_gaps=2127 bytes=127809
uncovered_executable_gaps=2127 bytes=127809
uncovered_executable_gaps=2127 bytes=127809
# elapsed 1.17s
coverage_delta
native_executable_coverage_range_rows	74320	75759	delta=+1439
native_executable_coverage_gap_rows	2499	2132	delta=-367
native_executable_coverage_recovered_bytes	5481580	5523231	delta=+41651
native_executable_coverage_uncovered_bytes	169460	127809	delta=-41651
round_start	13
+ python3 vm_executable_gap_retdec_probe.py --root . --section .text --chunk-bytes 0x200 --min-chunk-bytes 0x80 --max-split-candidates 256 --max-gap-chunks 12 --max-candidates 768 --max-accepted 32 --probe-jobs 24 --timeout 30 --reject-cache dumps/vmtail-wide-1m-w16/vm_executable_gap_retdec_reject_cache.tsv
try	0x548751-0x548780	ok
try	0x49f093-0x49f0c0	ok
try	0x49aac2-0x49aaf0	ok
try	0x523721-0x523750	ok
try	0x576913-0x576940	ok
try	0x5a38a-0x5a3ba	ok
try	0x5835b3-0x5835e0	ok
try	0x68eb4-0x68ee4	ok
try	0x54ce81-0x54ceb0	ok
try	0x4b8b03-0x4b8b30	ok
try	0x500b42-0x500b70	ok
try	0x4b5662-0x4b5690	ok
try	0x51455f-0x514590	ok
try	0x4d5a23-0x4d5a50	ok
try	0x4efbe2-0x4efc10	ok
try	0x572581-0x5725b0	ok
try	0x49ba82-0x49bab0	ok
try	0x566ac1-0x566af0	ok
try	0x570073-0x5700a0	ok
try	0x4b5583-0x4b55b0	ok
try	0x5769f3-0x576a20	ok
try	0x5171d2-0x517200	ok
try	0x4a1241-0x4a1270	ok
try	0x5343c-0x5346c	ok
try	0x4c5904-0x4c5930	ok
try	0x57ac05-0x57ac30	ok
try	0x4b6334-0x4b6360	ok
try	0x572205-0x572230	ok
try	0x5688b4-0x5688e0	ok
try	0x52b095-0x52b0c0	ok
try	0x6126f-0x6129c	ok
try	0x50e495-0x50e4c0	ok
wrote	native_gap_retdec_batch3906.ranges	32
# elapsed 6.70s
created_batches	3906
+ make -j 24 native-gap-retdec-batch3906
make[1]: Entering directory '/models/dev/sc-rev/eac/eacsym'
make dumps/vmtail-wide-1m-w16/vm_native_gap_retdec_batch3906.c
make[2]: Entering directory '/models/dev/sc-rev/eac/eacsym'
python3 vm_native_gap_retdec_batch.py --batch-index 3906 --ranges-file native_gap_retdec_batch3906.ranges > dumps/vmtail-wide-1m-w16/vm_native_gap_retdec_batch3906.c
native_gap_retdec_batch=3906
native_gap_retdec_selected_ranges=32
make[2]: Leaving directory '/models/dev/sc-rev/eac/eacsym'
make[1]: Leaving directory '/models/dev/sc-rev/eac/eacsym'
# elapsed 1.78s
+ cc -std=c11 -fsyntax-only -w dumps/vmtail-wide-1m-w16/vm_native_gap_retdec_batch3906.c
# elapsed 0.01s
+ make -s native-executable-coverage-audit native-retdec-gap-queue
# elapsed 3.84s
+ make -s uncovered-executable-gaps
uncovered_executable_gaps=2095 bytes=126349
uncovered_executable_gaps=2095 bytes=126349
uncovered_executable_gaps=2095 bytes=126349
# elapsed 1.15s
coverage_delta
native_executable_coverage_range_rows	74320	75855	delta=+1535
native_executable_coverage_gap_rows	2499	2100	delta=-399
native_executable_coverage_recovered_bytes	5481580	5524691	delta=+43111
native_executable_coverage_uncovered_bytes	169460	126349	delta=-43111
round_start	14
+ python3 vm_executable_gap_retdec_probe.py --root . --section .text --chunk-bytes 0x200 --min-chunk-bytes 0x80 --max-split-candidates 256 --max-gap-chunks 12 --max-candidates 768 --max-accepted 32 --probe-jobs 24 --timeout 30 --reject-cache dumps/vmtail-wide-1m-w16/vm_executable_gap_retdec_reject_cache.tsv
try	0x5681c8-0x5681f0	ok
try	0x573559-0x573580	ok
try	0x2c3400-0x2c342b	ok
try	0x4ef117-0x4ef140	ok
try	0x5571b9-0x5571e0	ok
try	0x48c8a4-0x48c8cc	ok
try	0x4abc3-0x4abec	ok
try	0x5146c8-0x5146f0	ok
try	0x6123c-0x61266	ok
try	0x535ad8-0x535b00	ok
try	0x56f995-0x56f9c0	ok
try	0x55a5a6-0x55a5d0	ok
try	0x49a2a7-0x49a2d0	ok
try	0x4eef56-0x4eef80	ok
try	0x5736b5-0x5736e0	ok
try	0x4ba645-0x4ba670	ok
try	0x2c315-0x2c33c	ok
try	0x4b13b8-0x4b13e0	ok
try	0x550976-0x5509a0	ok
try	0x50b198-0x50b1c0	ok
try	0x49b344-0x49b370	ok
try	0x55f0a-0x55f32	ok
try	0x67438-0x6745f	ok
try	0x453be-0x453e6	ok
try	0x4fe25a-0x4fe280	ok
try	0x58295b-0x582980	ok
try	0x4bb7aa-0x4bb7d0	ok
try	0x4fbceb-0x4fbd10	ok
try	0x5724ba-0x5724e0	ok
try	0x4c433a-0x4c4360	ok
try	0x53afc-0x53b22	ok
try	0x50e68c-0x50e6b0	ok
wrote	native_gap_retdec_batch3907.ranges	32
# elapsed 6.70s
created_batches	3907
+ make -j 24 native-gap-retdec-batch3907
make[1]: Entering directory '/models/dev/sc-rev/eac/eacsym'
make dumps/vmtail-wide-1m-w16/vm_native_gap_retdec_batch3907.c
make[2]: Entering directory '/models/dev/sc-rev/eac/eacsym'
python3 vm_native_gap_retdec_batch.py --batch-index 3907 --ranges-file native_gap_retdec_batch3907.ranges > dumps/vmtail-wide-1m-w16/vm_native_gap_retdec_batch3907.c
native_gap_retdec_batch=3907
native_gap_retdec_selected_ranges=32
make[2]: Leaving directory '/models/dev/sc-rev/eac/eacsym'
make[1]: Leaving directory '/models/dev/sc-rev/eac/eacsym'
# elapsed 1.76s
+ cc -std=c11 -fsyntax-only -w dumps/vmtail-wide-1m-w16/vm_native_gap_retdec_batch3907.c
# elapsed 0.02s
+ make -s native-executable-coverage-audit native-retdec-gap-queue
# elapsed 3.91s
+ make -s uncovered-executable-gaps
uncovered_executable_gaps=2063 bytes=125066
uncovered_executable_gaps=2063 bytes=125066
uncovered_executable_gaps=2063 bytes=125066
# elapsed 1.16s
coverage_delta
native_executable_coverage_range_rows	74320	75940	delta=+1620
native_executable_coverage_gap_rows	2499	2068	delta=-431
native_executable_coverage_recovered_bytes	5481580	5525974	delta=+44394
native_executable_coverage_uncovered_bytes	169460	125066	delta=-44394
round_start	15
+ python3 vm_executable_gap_retdec_probe.py --root . --section .text --chunk-bytes 0x200 --min-chunk-bytes 0x80 --max-split-candidates 256 --max-gap-chunks 12 --max-candidates 768 --max-accepted 32 --probe-jobs 24 --timeout 30 --reject-cache dumps/vmtail-wide-1m-w16/vm_executable_gap_retdec_reject_cache.tsv
try	0x4ea13d-0x4ea160	ok
try	0x4efc8b-0x4efcb0	ok
try	0x549aec-0x549b10	ok
try	0x4f518d-0x4f51b0	ok
try	0x4f50fd-0x4f5120	ok
try	0x56a07d-0x56a0a0	ok
try	0x54ee9c-0x54eec0	ok
try	0x54f6cd-0x54f6f0	ok
try	0x4ff8cd-0x4ff8f0	ok
try	0x5588ad-0x5588d0	ok
try	0x68e1a-0x68e3e	ok
try	0x4b17fb-0x4b1820	ok
try	0x569f6d-0x569f90	ok
try	0x4d46ec-0x4d4710	ok
try	0x4efa3b-0x4efa60	ok
try	0x5246ac-0x5246d0	ok
try	0x4eeb9d-0x4eebc0	ok
try	0x57016c-0x570190	ok
try	0x54effc-0x54f020	ok
try	0x579cfd-0x579d20	ok
try	0x4f400d-0x4f4030	ok
try	0x2a2fb-0x2a320	ok
try	0x4f411d-0x4f4140	ok
try	0x536a7c-0x536aa0	ok
try	0x4ee7ee-0x4ee810	ok
try	0x579f6e-0x579f90	ok
try	0x50888e-0x5088b0	ok
try	0x5367fe-0x536820	ok
try	0x57993e-0x579960	ok
try	0x564dbe-0x564de0	ok
try	0x48d8ee-0x48d90f	ok
try	0x4b3cce-0x4b3cf0	ok
wrote	native_gap_retdec_batch3908.ranges	32
# elapsed 6.81s
created_batches	3908
+ make -j 24 native-gap-retdec-batch3908
make[1]: Entering directory '/models/dev/sc-rev/eac/eacsym'
make dumps/vmtail-wide-1m-w16/vm_native_gap_retdec_batch3908.c
make[2]: Entering directory '/models/dev/sc-rev/eac/eacsym'
python3 vm_native_gap_retdec_batch.py --batch-index 3908 --ranges-file native_gap_retdec_batch3908.ranges > dumps/vmtail-wide-1m-w16/vm_native_gap_retdec_batch3908.c
native_gap_retdec_batch=3908
native_gap_retdec_selected_ranges=32
make[2]: Leaving directory '/models/dev/sc-rev/eac/eacsym'
make[1]: Leaving directory '/models/dev/sc-rev/eac/eacsym'
# elapsed 1.77s
+ cc -std=c11 -fsyntax-only -w dumps/vmtail-wide-1m-w16/vm_native_gap_retdec_batch3908.c
# elapsed 0.01s
+ make -s native-executable-coverage-audit native-retdec-gap-queue
