+ python3 vm_executable_gap_retdec_autopilot.py --rounds 24 --jobs 16 --probe-jobs 16 --chunk-bytes 0x200 --min-chunk-bytes 0x80 --max-split-candidates 128 --max-gap-chunks 8 --max-candidates 384 --max-accepted 16 --timeout 30 --salvage-failed-batches --skip-manifest --section .text
round_start	1
+ python3 vm_executable_gap_retdec_probe.py --root . --section .text --chunk-bytes 0x200 --min-chunk-bytes 0x80 --max-split-candidates 128 --max-gap-chunks 8 --max-candidates 384 --max-accepted 16 --probe-jobs 16 --timeout 30 --reject-cache dumps/vmtail-wide-1m-w16/vm_executable_gap_retdec_reject_cache.tsv
try	0x11b9c1-0x11ba41	ok
try	0x11bdc1-0x11bfc1	ok
try	0x11c1c1-0x11c3c1	ok
try	0x11bfc1-0x11c1c1	reject
split	0x11bfc1-0x11c1c1	0x11bfc1-0x11c0c1
split	0x11bfc1-0x11c1c1	0x11c0c1-0x11c1c1
try	0x11bac1-0x11bbc1	ok
try	0x11bbc1-0x11bdc1	ok
try	0x11ba41-0x11bac1	ok
try	0x5354ac-0x535610	ok
try	0x4ffe7e-0x50007e	ok
try	0x5350ac-0x5352ac	ok
try	0x534eac-0x5350ac	ok
try	0x5352ac-0x5354ac	ok
try	0x11c3c1-0x11c52d	ok
try	0x50007e-0x50027e	ok
try	0x534cac-0x534eac	ok
try	0x534aac-0x534cac	ok
try	0x50047e-0x50067e	ok
wrote	native_gap_retdec_batch1488.ranges	16
appended_reject_cache	dumps/vmtail-wide-1m-w16/vm_executable_gap_retdec_reject_cache.tsv	1
# elapsed 4.92s
created_batches	1488
+ make -j 16 native-gap-retdec-batch1488
make[1]: Entering directory '/models/dev/sc-rev/eac/eacsym'
make dumps/vmtail-wide-1m-w16/vm_native_gap_retdec_batch1488.c
make[2]: Entering directory '/models/dev/sc-rev/eac/eacsym'
python3 vm_native_gap_retdec_batch.py --batch-index 1488 --ranges-file native_gap_retdec_batch1488.ranges > dumps/vmtail-wide-1m-w16/vm_native_gap_retdec_batch1488.c
native_gap_retdec_batch=1488
native_gap_retdec_selected_ranges=16
make[2]: Leaving directory '/models/dev/sc-rev/eac/eacsym'
make[1]: Leaving directory '/models/dev/sc-rev/eac/eacsym'
# elapsed 2.02s
+ cc -std=c11 -fsyntax-only -w dumps/vmtail-wide-1m-w16/vm_native_gap_retdec_batch1488.c
dumps/vmtail-wide-1m-w16/vm_native_gap_retdec_batch1488.c: In function ‘function_11ba20’:
dumps/vmtail-wide-1m-w16/vm_native_gap_retdec_batch1488.c:519:5: error: implicit declaration of function ‘__writefsdword’; did you mean ‘__writegsdword’? [-Wimplicit-function-declaration]
  519 |     __writefsdword(-0x1ffdfffe1732a1ec, (int32_t)result);
      |     ^~~~~~~~~~~~~~
      |     __writegsdword
# elapsed 0.02s
quarantined_range_file	native_gap_retdec_batch1488.ranges	native_gap_retdec_batch1488.ranges.failed
removed_failed_sidecar	dumps/vmtail-wide-1m-w16/vm_native_gap_retdec_batch1488.c
salvage_batch_start	1488	16
salvage_try	0x11b9c1-0x11ba41	batch=1488
salvage_try	0x11ba41-0x11bac1	batch=1489
salvage_try	0x11bac1-0x11bbc1	batch=1490
salvage_try	0x11bbc1-0x11bdc1	batch=1491
salvage_try	0x11bdc1-0x11bfc1	batch=1492
salvage_try	0x11c1c1-0x11c3c1	batch=1493
salvage_try	0x11c3c1-0x11c52d	batch=1494
salvage_try	0x4ffe7e-0x50007e	batch=1495
salvage_try	0x50007e-0x50027e	batch=1496
salvage_try	0x50047e-0x50067e	batch=1497
salvage_try	0x534aac-0x534cac	batch=1498
salvage_try	0x534cac-0x534eac	batch=1499
salvage_try	0x534eac-0x5350ac	batch=1500
salvage_try	0x5350ac-0x5352ac	batch=1501
salvage_try	0x5352ac-0x5354ac	batch=1502
salvage_try	0x5354ac-0x535610	batch=1503
+ make -j 16 native-gap-retdec-batch1488 native-gap-retdec-batch1489 native-gap-retdec-batch1490 native-gap-retdec-batch1491 native-gap-retdec-batch1492 native-gap-retdec-batch1493 native-gap-retdec-batch1494 native-gap-retdec-batch1495 native-gap-retdec-batch1496 native-gap-retdec-batch1497 native-gap-retdec-batch1498 native-gap-retdec-batch1499 native-gap-retdec-batch1500 native-gap-retdec-batch1501 native-gap-retdec-batch1502 native-gap-retdec-batch1503
make[1]: Entering directory '/models/dev/sc-rev/eac/eacsym'
make dumps/vmtail-wide-1m-w16/vm_native_gap_retdec_batch1488.c
make dumps/vmtail-wide-1m-w16/vm_native_gap_retdec_batch1489.c
make dumps/vmtail-wide-1m-w16/vm_native_gap_retdec_batch1490.c
make dumps/vmtail-wide-1m-w16/vm_native_gap_retdec_batch1491.c
make dumps/vmtail-wide-1m-w16/vm_native_gap_retdec_batch1492.c
make dumps/vmtail-wide-1m-w16/vm_native_gap_retdec_batch1493.c
make dumps/vmtail-wide-1m-w16/vm_native_gap_retdec_batch1494.c
make dumps/vmtail-wide-1m-w16/vm_native_gap_retdec_batch1495.c
make dumps/vmtail-wide-1m-w16/vm_native_gap_retdec_batch1496.c
make dumps/vmtail-wide-1m-w16/vm_native_gap_retdec_batch1497.c
make dumps/vmtail-wide-1m-w16/vm_native_gap_retdec_batch1498.c
make dumps/vmtail-wide-1m-w16/vm_native_gap_retdec_batch1499.c
make dumps/vmtail-wide-1m-w16/vm_native_gap_retdec_batch1500.c
make dumps/vmtail-wide-1m-w16/vm_native_gap_retdec_batch1501.c
make dumps/vmtail-wide-1m-w16/vm_native_gap_retdec_batch1502.c
make dumps/vmtail-wide-1m-w16/vm_native_gap_retdec_batch1503.c
make[2]: Entering directory '/models/dev/sc-rev/eac/eacsym'
python3 vm_native_gap_retdec_batch.py --batch-index 1489 --ranges-file native_gap_retdec_batch1489.ranges > dumps/vmtail-wide-1m-w16/vm_native_gap_retdec_batch1489.c
make[2]: Entering directory '/models/dev/sc-rev/eac/eacsym'
make[2]: Entering directory '/models/dev/sc-rev/eac/eacsym'
python3 vm_native_gap_retdec_batch.py --batch-index 1496 --ranges-file native_gap_retdec_batch1496.ranges > dumps/vmtail-wide-1m-w16/vm_native_gap_retdec_batch1496.c
python3 vm_native_gap_retdec_batch.py --batch-index 1488 --ranges-file native_gap_retdec_batch1488.ranges > dumps/vmtail-wide-1m-w16/vm_native_gap_retdec_batch1488.c
make[2]: Entering directory '/models/dev/sc-rev/eac/eacsym'
python3 vm_native_gap_retdec_batch.py --batch-index 1497 --ranges-file native_gap_retdec_batch1497.ranges > dumps/vmtail-wide-1m-w16/vm_native_gap_retdec_batch1497.c
make[2]: Entering directory '/models/dev/sc-rev/eac/eacsym'
python3 vm_native_gap_retdec_batch.py --batch-index 1490 --ranges-file native_gap_retdec_batch1490.ranges > dumps/vmtail-wide-1m-w16/vm_native_gap_retdec_batch1490.c
make[2]: Entering directory '/models/dev/sc-rev/eac/eacsym'
python3 vm_native_gap_retdec_batch.py --batch-index 1498 --ranges-file native_gap_retdec_batch1498.ranges > dumps/vmtail-wide-1m-w16/vm_native_gap_retdec_batch1498.c
make[2]: Entering directory '/models/dev/sc-rev/eac/eacsym'
python3 vm_native_gap_retdec_batch.py --batch-index 1491 --ranges-file native_gap_retdec_batch1491.ranges > dumps/vmtail-wide-1m-w16/vm_native_gap_retdec_batch1491.c
make[2]: Entering directory '/models/dev/sc-rev/eac/eacsym'
python3 vm_native_gap_retdec_batch.py --batch-index 1499 --ranges-file native_gap_retdec_batch1499.ranges > dumps/vmtail-wide-1m-w16/vm_native_gap_retdec_batch1499.c
make[2]: Entering directory '/models/dev/sc-rev/eac/eacsym'
python3 vm_native_gap_retdec_batch.py --batch-index 1492 --ranges-file native_gap_retdec_batch1492.ranges > dumps/vmtail-wide-1m-w16/vm_native_gap_retdec_batch1492.c
make[2]: Entering directory '/models/dev/sc-rev/eac/eacsym'
python3 vm_native_gap_retdec_batch.py --batch-index 1500 --ranges-file native_gap_retdec_batch1500.ranges > dumps/vmtail-wide-1m-w16/vm_native_gap_retdec_batch1500.c
make[2]: Entering directory '/models/dev/sc-rev/eac/eacsym'
python3 vm_native_gap_retdec_batch.py --batch-index 1493 --ranges-file native_gap_retdec_batch1493.ranges > dumps/vmtail-wide-1m-w16/vm_native_gap_retdec_batch1493.c
make[2]: Entering directory '/models/dev/sc-rev/eac/eacsym'
python3 vm_native_gap_retdec_batch.py --batch-index 1494 --ranges-file native_gap_retdec_batch1494.ranges > dumps/vmtail-wide-1m-w16/vm_native_gap_retdec_batch1494.c
make[2]: Entering directory '/models/dev/sc-rev/eac/eacsym'
python3 vm_native_gap_retdec_batch.py --batch-index 1495 --ranges-file native_gap_retdec_batch1495.ranges > dumps/vmtail-wide-1m-w16/vm_native_gap_retdec_batch1495.c
make[2]: Entering directory '/models/dev/sc-rev/eac/eacsym'
python3 vm_native_gap_retdec_batch.py --batch-index 1501 --ranges-file native_gap_retdec_batch1501.ranges > dumps/vmtail-wide-1m-w16/vm_native_gap_retdec_batch1501.c
make[2]: Entering directory '/models/dev/sc-rev/eac/eacsym'
python3 vm_native_gap_retdec_batch.py --batch-index 1502 --ranges-file native_gap_retdec_batch1502.ranges > dumps/vmtail-wide-1m-w16/vm_native_gap_retdec_batch1502.c
make[2]: Entering directory '/models/dev/sc-rev/eac/eacsym'
python3 vm_native_gap_retdec_batch.py --batch-index 1503 --ranges-file native_gap_retdec_batch1503.ranges > dumps/vmtail-wide-1m-w16/vm_native_gap_retdec_batch1503.c
native_gap_retdec_batch=1501
native_gap_retdec_selected_ranges=1
make[2]: Leaving directory '/models/dev/sc-rev/eac/eacsym'
native_gap_retdec_batch=1499
native_gap_retdec_selected_ranges=1
make[2]: Leaving directory '/models/dev/sc-rev/eac/eacsym'
native_gap_retdec_batch=1503
native_gap_retdec_selected_ranges=1
make[2]: Leaving directory '/models/dev/sc-rev/eac/eacsym'
native_gap_retdec_batch=1489
native_gap_retdec_selected_ranges=1
make[2]: Leaving directory '/models/dev/sc-rev/eac/eacsym'
native_gap_retdec_batch=1502
native_gap_retdec_selected_ranges=1
make[2]: Leaving directory '/models/dev/sc-rev/eac/eacsym'
native_gap_retdec_batch=1500
native_gap_retdec_selected_ranges=1
make[2]: Leaving directory '/models/dev/sc-rev/eac/eacsym'
native_gap_retdec_batch=1492
native_gap_retdec_selected_ranges=1
make[2]: Leaving directory '/models/dev/sc-rev/eac/eacsym'
native_gap_retdec_batch=1497
native_gap_retdec_selected_ranges=1
make[2]: Leaving directory '/models/dev/sc-rev/eac/eacsym'
native_gap_retdec_batch=1488
native_gap_retdec_selected_ranges=1
native_gap_retdec_batch=1494
native_gap_retdec_selected_ranges=1
make[2]: Leaving directory '/models/dev/sc-rev/eac/eacsym'
make[2]: Leaving directory '/models/dev/sc-rev/eac/eacsym'
native_gap_retdec_batch=1495
native_gap_retdec_selected_ranges=1
make[2]: Leaving directory '/models/dev/sc-rev/eac/eacsym'
native_gap_retdec_batch=1498
native_gap_retdec_selected_ranges=1
make[2]: Leaving directory '/models/dev/sc-rev/eac/eacsym'
native_gap_retdec_batch=1493
native_gap_retdec_selected_ranges=1
native_gap_retdec_batch=1490
native_gap_retdec_selected_ranges=1
make[2]: Leaving directory '/models/dev/sc-rev/eac/eacsym'
make[2]: Leaving directory '/models/dev/sc-rev/eac/eacsym'
native_gap_retdec_batch=1491
native_gap_retdec_selected_ranges=1
make[2]: Leaving directory '/models/dev/sc-rev/eac/eacsym'
native_gap_retdec_batch=1496
native_gap_retdec_selected_ranges=1
make[2]: Leaving directory '/models/dev/sc-rev/eac/eacsym'
make[1]: Leaving directory '/models/dev/sc-rev/eac/eacsym'
# elapsed 2.34s
+ cc -std=c11 -fsyntax-only -w dumps/vmtail-wide-1m-w16/vm_native_gap_retdec_batch1488.c
# elapsed 0.01s
+ cc -std=c11 -fsyntax-only -w dumps/vmtail-wide-1m-w16/vm_native_gap_retdec_batch1489.c
# elapsed 0.01s
+ cc -std=c11 -fsyntax-only -w dumps/vmtail-wide-1m-w16/vm_native_gap_retdec_batch1490.c
# elapsed 0.01s
+ cc -std=c11 -fsyntax-only -w dumps/vmtail-wide-1m-w16/vm_native_gap_retdec_batch1491.c
# elapsed 0.01s
+ cc -std=c11 -fsyntax-only -w dumps/vmtail-wide-1m-w16/vm_native_gap_retdec_batch1492.c
# elapsed 0.01s
+ cc -std=c11 -fsyntax-only -w dumps/vmtail-wide-1m-w16/vm_native_gap_retdec_batch1493.c
# elapsed 0.01s
+ cc -std=c11 -fsyntax-only -w dumps/vmtail-wide-1m-w16/vm_native_gap_retdec_batch1494.c
# elapsed 0.01s
+ cc -std=c11 -fsyntax-only -w dumps/vmtail-wide-1m-w16/vm_native_gap_retdec_batch1495.c
# elapsed 0.01s
+ cc -std=c11 -fsyntax-only -w dumps/vmtail-wide-1m-w16/vm_native_gap_retdec_batch1496.c
# elapsed 0.01s
+ cc -std=c11 -fsyntax-only -w dumps/vmtail-wide-1m-w16/vm_native_gap_retdec_batch1497.c
# elapsed 0.01s
+ cc -std=c11 -fsyntax-only -w dumps/vmtail-wide-1m-w16/vm_native_gap_retdec_batch1498.c
# elapsed 0.01s
+ cc -std=c11 -fsyntax-only -w dumps/vmtail-wide-1m-w16/vm_native_gap_retdec_batch1499.c
# elapsed 0.01s
+ cc -std=c11 -fsyntax-only -w dumps/vmtail-wide-1m-w16/vm_native_gap_retdec_batch1500.c
# elapsed 0.01s
+ cc -std=c11 -fsyntax-only -w dumps/vmtail-wide-1m-w16/vm_native_gap_retdec_batch1501.c
# elapsed 0.01s
+ cc -std=c11 -fsyntax-only -w dumps/vmtail-wide-1m-w16/vm_native_gap_retdec_batch1502.c
# elapsed 0.01s
+ cc -std=c11 -fsyntax-only -w dumps/vmtail-wide-1m-w16/vm_native_gap_retdec_batch1503.c
# elapsed 0.01s
salvage_batch_done	1488	salvaged=1488,1489,1490,1491,1492,1493,1494,1495,1496,1497,1498,1499,1500,1501,1502,1503	rejected=0
+ make -s native-executable-coverage-audit native-retdec-gap-queue
# elapsed 2.67s
+ make -s uncovered-executable-gaps
uncovered_executable_gaps=3266 bytes=1119512
uncovered_executable_gaps=3266 bytes=1119512
uncovered_executable_gaps=3266 bytes=1119512
# elapsed 0.91s
coverage_delta
native_executable_coverage_range_rows	57621	57753	delta=+132
native_executable_coverage_gap_rows	3271	3271	delta=+0
native_executable_coverage_recovered_bytes	4524664	4531528	delta=+6864
native_executable_coverage_uncovered_bytes	1126376	1119512	delta=-6864
round_start	2
+ python3 vm_executable_gap_retdec_probe.py --root . --section .text --chunk-bytes 0x200 --min-chunk-bytes 0x80 --max-split-candidates 128 --max-gap-chunks 8 --max-candidates 384 --max-accepted 16 --probe-jobs 16 --timeout 30 --reject-cache dumps/vmtail-wide-1m-w16/vm_executable_gap_retdec_reject_cache.tsv
try	0x379d6a-0x379f6a	ok
try	0x379c6a-0x379d6a	ok
try	0x3a8ead-0x3a90ad	ok
try	0x37a16a-0x37a36a	ok
try	0x3a8aad-0x3a8cad	ok
try	0x1afe5a-0x1b005a	ok
try	0x3a90ad-0x3a92ad	ok
try	0x379b6a-0x379c6a	reject
split	0x379b6a-0x379c6a	0x379b6a-0x379bea
split	0x379b6a-0x379c6a	0x379bea-0x379c6a
try	0x379f6a-0x37a16a	ok
try	0x3a92ad-0x3a940e	ok
try	0x37a36a-0x37a56a	ok
try	0x1b005a-0x1b025a	ok
try	0x3a88ad-0x3a8aad	ok
try	0x1afc5a-0x1afe5a	ok
try	0x37a56a-0x37a6c8	ok
try	0x3a8cad-0x3a8ead	ok
try	0x1b065a-0x1b07a5	ok
wrote	native_gap_retdec_batch1504.ranges	16
appended_reject_cache	dumps/vmtail-wide-1m-w16/vm_executable_gap_retdec_reject_cache.tsv	1
# elapsed 4.89s
created_batches	1504
+ make -j 16 native-gap-retdec-batch1504
make[1]: Entering directory '/models/dev/sc-rev/eac/eacsym'
make dumps/vmtail-wide-1m-w16/vm_native_gap_retdec_batch1504.c
make[2]: Entering directory '/models/dev/sc-rev/eac/eacsym'
python3 vm_native_gap_retdec_batch.py --batch-index 1504 --ranges-file native_gap_retdec_batch1504.ranges > dumps/vmtail-wide-1m-w16/vm_native_gap_retdec_batch1504.c
native_gap_retdec_batch=1504
native_gap_retdec_selected_ranges=16
make[2]: Leaving directory '/models/dev/sc-rev/eac/eacsym'
make[1]: Leaving directory '/models/dev/sc-rev/eac/eacsym'
# elapsed 1.98s
+ cc -std=c11 -fsyntax-only -w dumps/vmtail-wide-1m-w16/vm_native_gap_retdec_batch1504.c
# elapsed 0.02s
+ make -s native-executable-coverage-audit native-retdec-gap-queue
# elapsed 2.70s
+ make -s uncovered-executable-gaps
uncovered_executable_gaps=3265 bytes=1112078
uncovered_executable_gaps=3265 bytes=1112078
uncovered_executable_gaps=3265 bytes=1112078
# elapsed 0.91s
coverage_delta
native_executable_coverage_range_rows	57621	57915	delta=+294
native_executable_coverage_gap_rows	3271	3270	delta=-1
native_executable_coverage_recovered_bytes	4524664	4538962	delta=+14298
native_executable_coverage_uncovered_bytes	1126376	1112078	delta=-14298
round_start	3
+ python3 vm_executable_gap_retdec_probe.py --root . --section .text --chunk-bytes 0x200 --min-chunk-bytes 0x80 --max-split-candidates 128 --max-gap-chunks 8 --max-candidates 384 --max-accepted 16 --probe-jobs 16 --timeout 30 --reject-cache dumps/vmtail-wide-1m-w16/vm_executable_gap_retdec_reject_cache.tsv
try	0x248618-0x248752	ok
try	0x248418-0x248618	ok
try	0x248018-0x248218	ok
try	0x248218-0x248418	ok
try	0xc3d26-0xc3f26	ok
try	0x43721-0x43921	ok
try	0xc3926-0xc3b26	ok
try	0x43b21-0x43d21	ok
try	0x247e18-0x248018	ok
try	0xc3b26-0xc3d26	ok
try	0x247c18-0x247e18	ok
try	0x43d21-0x43f21	ok
try	0x43921-0x43b21	ok
try	0xc3726-0xc3926	ok
try	0x44121-0x4425d	ok
try	0x43f21-0x44121	ok
wrote	native_gap_retdec_batch1505.ranges	16
# elapsed 4.98s
created_batches	1505
+ make -j 16 native-gap-retdec-batch1505
make[1]: Entering directory '/models/dev/sc-rev/eac/eacsym'
make dumps/vmtail-wide-1m-w16/vm_native_gap_retdec_batch1505.c
make[2]: Entering directory '/models/dev/sc-rev/eac/eacsym'
python3 vm_native_gap_retdec_batch.py --batch-index 1505 --ranges-file native_gap_retdec_batch1505.ranges > dumps/vmtail-wide-1m-w16/vm_native_gap_retdec_batch1505.c
native_gap_retdec_batch=1505
native_gap_retdec_selected_ranges=16
make[2]: Leaving directory '/models/dev/sc-rev/eac/eacsym'
make[1]: Leaving directory '/models/dev/sc-rev/eac/eacsym'
# elapsed 2.40s
+ cc -std=c11 -fsyntax-only -w dumps/vmtail-wide-1m-w16/vm_native_gap_retdec_batch1505.c
dumps/vmtail-wide-1m-w16/vm_native_gap_retdec_batch1505.c: In function ‘function_c3b42’:
dumps/vmtail-wide-1m-w16/vm_native_gap_retdec_batch1505.c:2298:5: error: implicit declaration of function ‘__writefsdword’; did you mean ‘__writegsdword’? [-Wimplicit-function-declaration]
 2298 |     __writefsdword(v30, __readfsdword(result2) | (int32_t)v30);
      |     ^~~~~~~~~~~~~~
      |     __writegsdword
# elapsed 0.02s
quarantined_range_file	native_gap_retdec_batch1505.ranges	native_gap_retdec_batch1505.ranges.failed
removed_failed_sidecar	dumps/vmtail-wide-1m-w16/vm_native_gap_retdec_batch1505.c
salvage_batch_start	1505	16
salvage_try	0x43721-0x43921	batch=1505
salvage_try	0x43921-0x43b21	batch=1506
salvage_try	0x43b21-0x43d21	batch=1507
salvage_try	0x43d21-0x43f21	batch=1508
salvage_try	0x43f21-0x44121	batch=1509
salvage_try	0x44121-0x4425d	batch=1510
salvage_try	0xc3726-0xc3926	batch=1511
salvage_try	0xc3926-0xc3b26	batch=1512
salvage_try	0xc3b26-0xc3d26	batch=1513
salvage_try	0xc3d26-0xc3f26	batch=1514
salvage_try	0x247c18-0x247e18	batch=1515
salvage_try	0x247e18-0x248018	batch=1516
salvage_try	0x248018-0x248218	batch=1517
salvage_try	0x248218-0x248418	batch=1518
salvage_try	0x248418-0x248618	batch=1519
salvage_try	0x248618-0x248752	batch=1520
+ make -j 16 native-gap-retdec-batch1505 native-gap-retdec-batch1506 native-gap-retdec-batch1507 native-gap-retdec-batch1508 native-gap-retdec-batch1509 native-gap-retdec-batch1510 native-gap-retdec-batch1511 native-gap-retdec-batch1512 native-gap-retdec-batch1513 native-gap-retdec-batch1514 native-gap-retdec-batch1515 native-gap-retdec-batch1516 native-gap-retdec-batch1517 native-gap-retdec-batch1518 native-gap-retdec-batch1519 native-gap-retdec-batch1520
make[1]: Entering directory '/models/dev/sc-rev/eac/eacsym'
make dumps/vmtail-wide-1m-w16/vm_native_gap_retdec_batch1505.c
make dumps/vmtail-wide-1m-w16/vm_native_gap_retdec_batch1506.c
make dumps/vmtail-wide-1m-w16/vm_native_gap_retdec_batch1507.c
make dumps/vmtail-wide-1m-w16/vm_native_gap_retdec_batch1508.c
make dumps/vmtail-wide-1m-w16/vm_native_gap_retdec_batch1509.c
make dumps/vmtail-wide-1m-w16/vm_native_gap_retdec_batch1510.c
make dumps/vmtail-wide-1m-w16/vm_native_gap_retdec_batch1511.c
make dumps/vmtail-wide-1m-w16/vm_native_gap_retdec_batch1512.c
make dumps/vmtail-wide-1m-w16/vm_native_gap_retdec_batch1513.c
make dumps/vmtail-wide-1m-w16/vm_native_gap_retdec_batch1514.c
make dumps/vmtail-wide-1m-w16/vm_native_gap_retdec_batch1515.c
make dumps/vmtail-wide-1m-w16/vm_native_gap_retdec_batch1516.c
make dumps/vmtail-wide-1m-w16/vm_native_gap_retdec_batch1517.c
make dumps/vmtail-wide-1m-w16/vm_native_gap_retdec_batch1518.c
make dumps/vmtail-wide-1m-w16/vm_native_gap_retdec_batch1519.c
make dumps/vmtail-wide-1m-w16/vm_native_gap_retdec_batch1520.c
make[2]: Entering directory '/models/dev/sc-rev/eac/eacsym'
python3 vm_native_gap_retdec_batch.py --batch-index 1508 --ranges-file native_gap_retdec_batch1508.ranges > dumps/vmtail-wide-1m-w16/vm_native_gap_retdec_batch1508.c
make[2]: Entering directory '/models/dev/sc-rev/eac/eacsym'
python3 vm_native_gap_retdec_batch.py --batch-index 1513 --ranges-file native_gap_retdec_batch1513.ranges > dumps/vmtail-wide-1m-w16/vm_native_gap_retdec_batch1513.c
make[2]: Entering directory '/models/dev/sc-rev/eac/eacsym'
python3 vm_native_gap_retdec_batch.py --batch-index 1514 --ranges-file native_gap_retdec_batch1514.ranges > dumps/vmtail-wide-1m-w16/vm_native_gap_retdec_batch1514.c
make[2]: Entering directory '/models/dev/sc-rev/eac/eacsym'
python3 vm_native_gap_retdec_batch.py --batch-index 1505 --ranges-file native_gap_retdec_batch1505.ranges > dumps/vmtail-wide-1m-w16/vm_native_gap_retdec_batch1505.c
make[2]: Entering directory '/models/dev/sc-rev/eac/eacsym'
python3 vm_native_gap_retdec_batch.py --batch-index 1506 --ranges-file native_gap_retdec_batch1506.ranges > dumps/vmtail-wide-1m-w16/vm_native_gap_retdec_batch1506.c
make[2]: Entering directory '/models/dev/sc-rev/eac/eacsym'
python3 vm_native_gap_retdec_batch.py --batch-index 1516 --ranges-file native_gap_retdec_batch1516.ranges > dumps/vmtail-wide-1m-w16/vm_native_gap_retdec_batch1516.c
make[2]: Entering directory '/models/dev/sc-rev/eac/eacsym'
python3 vm_native_gap_retdec_batch.py --batch-index 1507 --ranges-file native_gap_retdec_batch1507.ranges > dumps/vmtail-wide-1m-w16/vm_native_gap_retdec_batch1507.c
make[2]: Entering directory '/models/dev/sc-rev/eac/eacsym'
python3 vm_native_gap_retdec_batch.py --batch-index 1518 --ranges-file native_gap_retdec_batch1518.ranges > dumps/vmtail-wide-1m-w16/vm_native_gap_retdec_batch1518.c
make[2]: Entering directory '/models/dev/sc-rev/eac/eacsym'
python3 vm_native_gap_retdec_batch.py --batch-index 1509 --ranges-file native_gap_retdec_batch1509.ranges > dumps/vmtail-wide-1m-w16/vm_native_gap_retdec_batch1509.c
make[2]: Entering directory '/models/dev/sc-rev/eac/eacsym'
python3 vm_native_gap_retdec_batch.py --batch-index 1510 --ranges-file native_gap_retdec_batch1510.ranges > dumps/vmtail-wide-1m-w16/vm_native_gap_retdec_batch1510.c
make[2]: Entering directory '/models/dev/sc-rev/eac/eacsym'
python3 vm_native_gap_retdec_batch.py --batch-index 1517 --ranges-file native_gap_retdec_batch1517.ranges > dumps/vmtail-wide-1m-w16/vm_native_gap_retdec_batch1517.c
make[2]: Entering directory '/models/dev/sc-rev/eac/eacsym'
python3 vm_native_gap_retdec_batch.py --batch-index 1511 --ranges-file native_gap_retdec_batch1511.ranges > dumps/vmtail-wide-1m-w16/vm_native_gap_retdec_batch1511.c
make[2]: Entering directory '/models/dev/sc-rev/eac/eacsym'
python3 vm_native_gap_retdec_batch.py --batch-index 1512 --ranges-file native_gap_retdec_batch1512.ranges > dumps/vmtail-wide-1m-w16/vm_native_gap_retdec_batch1512.c
make[2]: Entering directory '/models/dev/sc-rev/eac/eacsym'
python3 vm_native_gap_retdec_batch.py --batch-index 1515 --ranges-file native_gap_retdec_batch1515.ranges > dumps/vmtail-wide-1m-w16/vm_native_gap_retdec_batch1515.c
make[2]: Entering directory '/models/dev/sc-rev/eac/eacsym'
python3 vm_native_gap_retdec_batch.py --batch-index 1519 --ranges-file native_gap_retdec_batch1519.ranges > dumps/vmtail-wide-1m-w16/vm_native_gap_retdec_batch1519.c
make[2]: Entering directory '/models/dev/sc-rev/eac/eacsym'
python3 vm_native_gap_retdec_batch.py --batch-index 1520 --ranges-file native_gap_retdec_batch1520.ranges > dumps/vmtail-wide-1m-w16/vm_native_gap_retdec_batch1520.c
native_gap_retdec_batch=1516
native_gap_retdec_selected_ranges=1
make[2]: Leaving directory '/models/dev/sc-rev/eac/eacsym'
native_gap_retdec_batch=1513
native_gap_retdec_selected_ranges=1
make[2]: Leaving directory '/models/dev/sc-rev/eac/eacsym'
native_gap_retdec_batch=1505
native_gap_retdec_selected_ranges=1
make[2]: Leaving directory '/models/dev/sc-rev/eac/eacsym'
native_gap_retdec_batch=1509
native_gap_retdec_selected_ranges=1
make[2]: Leaving directory '/models/dev/sc-rev/eac/eacsym'
native_gap_retdec_batch=1506
native_gap_retdec_selected_ranges=1
make[2]: Leaving directory '/models/dev/sc-rev/eac/eacsym'
native_gap_retdec_batch=1515
native_gap_retdec_selected_ranges=1
native_gap_retdec_batch=1518
native_gap_retdec_selected_ranges=1
make[2]: Leaving directory '/models/dev/sc-rev/eac/eacsym'
make[2]: Leaving directory '/models/dev/sc-rev/eac/eacsym'
native_gap_retdec_batch=1517
native_gap_retdec_selected_ranges=1
make[2]: Leaving directory '/models/dev/sc-rev/eac/eacsym'
native_gap_retdec_batch=1519
native_gap_retdec_selected_ranges=1
make[2]: Leaving directory '/models/dev/sc-rev/eac/eacsym'
native_gap_retdec_batch=1510
native_gap_retdec_selected_ranges=1
native_gap_retdec_batch=1520
native_gap_retdec_selected_ranges=1
make[2]: Leaving directory '/models/dev/sc-rev/eac/eacsym'
make[2]: Leaving directory '/models/dev/sc-rev/eac/eacsym'
native_gap_retdec_batch=1507
native_gap_retdec_selected_ranges=1
native_gap_retdec_batch=1508
native_gap_retdec_selected_ranges=1
make[2]: Leaving directory '/models/dev/sc-rev/eac/eacsym'
make[2]: Leaving directory '/models/dev/sc-rev/eac/eacsym'
native_gap_retdec_batch=1511
native_gap_retdec_selected_ranges=1
make[2]: Leaving directory '/models/dev/sc-rev/eac/eacsym'
native_gap_retdec_batch=1512
native_gap_retdec_selected_ranges=1
make[2]: Leaving directory '/models/dev/sc-rev/eac/eacsym'
native_gap_retdec_batch=1514
native_gap_retdec_selected_ranges=1
make[2]: Leaving directory '/models/dev/sc-rev/eac/eacsym'
make[1]: Leaving directory '/models/dev/sc-rev/eac/eacsym'
# elapsed 2.51s
+ cc -std=c11 -fsyntax-only -w dumps/vmtail-wide-1m-w16/vm_native_gap_retdec_batch1505.c
# elapsed 0.01s
+ cc -std=c11 -fsyntax-only -w dumps/vmtail-wide-1m-w16/vm_native_gap_retdec_batch1506.c
# elapsed 0.01s
+ cc -std=c11 -fsyntax-only -w dumps/vmtail-wide-1m-w16/vm_native_gap_retdec_batch1507.c
# elapsed 0.01s
+ cc -std=c11 -fsyntax-only -w dumps/vmtail-wide-1m-w16/vm_native_gap_retdec_batch1508.c
# elapsed 0.01s
+ cc -std=c11 -fsyntax-only -w dumps/vmtail-wide-1m-w16/vm_native_gap_retdec_batch1509.c
# elapsed 0.01s
+ cc -std=c11 -fsyntax-only -w dumps/vmtail-wide-1m-w16/vm_native_gap_retdec_batch1510.c
# elapsed 0.01s
+ cc -std=c11 -fsyntax-only -w dumps/vmtail-wide-1m-w16/vm_native_gap_retdec_batch1511.c
# elapsed 0.01s
+ cc -std=c11 -fsyntax-only -w dumps/vmtail-wide-1m-w16/vm_native_gap_retdec_batch1512.c
# elapsed 0.01s
+ cc -std=c11 -fsyntax-only -w dumps/vmtail-wide-1m-w16/vm_native_gap_retdec_batch1513.c
# elapsed 0.01s
+ cc -std=c11 -fsyntax-only -w dumps/vmtail-wide-1m-w16/vm_native_gap_retdec_batch1514.c
# elapsed 0.01s
+ cc -std=c11 -fsyntax-only -w dumps/vmtail-wide-1m-w16/vm_native_gap_retdec_batch1515.c
# elapsed 0.01s
+ cc -std=c11 -fsyntax-only -w dumps/vmtail-wide-1m-w16/vm_native_gap_retdec_batch1516.c
# elapsed 0.01s
+ cc -std=c11 -fsyntax-only -w dumps/vmtail-wide-1m-w16/vm_native_gap_retdec_batch1517.c
# elapsed 0.01s
+ cc -std=c11 -fsyntax-only -w dumps/vmtail-wide-1m-w16/vm_native_gap_retdec_batch1518.c
# elapsed 0.01s
+ cc -std=c11 -fsyntax-only -w dumps/vmtail-wide-1m-w16/vm_native_gap_retdec_batch1519.c
# elapsed 0.01s
+ cc -std=c11 -fsyntax-only -w dumps/vmtail-wide-1m-w16/vm_native_gap_retdec_batch1520.c
# elapsed 0.01s
salvage_batch_done	1505	salvaged=1505,1506,1507,1508,1509,1510,1511,1512,1513,1514,1515,1516,1517,1518,1519,1520	rejected=0
+ make -s native-executable-coverage-audit native-retdec-gap-queue
# elapsed 2.73s
+ make -s uncovered-executable-gaps
uncovered_executable_gaps=3263 bytes=1104280
uncovered_executable_gaps=3263 bytes=1104280
uncovered_executable_gaps=3263 bytes=1104280
# elapsed 0.90s
coverage_delta
native_executable_coverage_range_rows	57621	57986	delta=+365
native_executable_coverage_gap_rows	3271	3268	delta=-3
native_executable_coverage_recovered_bytes	4524664	4546760	delta=+22096
native_executable_coverage_uncovered_bytes	1126376	1104280	delta=-22096
round_start	4
+ python3 vm_executable_gap_retdec_probe.py --root . --section .text --chunk-bytes 0x200 --min-chunk-bytes 0x80 --max-split-candidates 128 --max-gap-chunks 8 --max-candidates 384 --max-accepted 16 --probe-jobs 16 --timeout 30 --reject-cache dumps/vmtail-wide-1m-w16/vm_executable_gap_retdec_reject_cache.tsv
try	0xfed9c-0xfeebc	ok
try	0x3c6f6a-0x3c716a	ok
try	0x3c716a-0x3c736a	ok
try	0x3fc19e-0x3fc39e	ok
try	0x3fc39e-0x3fc59e	ok
try	0x3fc59e-0x3fc6bc	ok
try	0xfe79c-0xfe99c	ok
try	0xfe39c-0xfe59c	ok
try	0x3fbd9e-0x3fbf9e	ok
try	0x3fbb9e-0x3fbd9e	ok
try	0x3c6d6a-0x3c6f6a	ok
try	0xfe59c-0xfe79c	ok
try	0xfeb9c-0xfed9c	reject
split	0xfeb9c-0xfed9c	0xfeb9c-0xfec9c
split	0xfeb9c-0xfed9c	0xfec9c-0xfed9c
try	0xfe99c-0xfeb9c	reject
split	0xfe99c-0xfeb9c	0xfe99c-0xfea9c
split	0xfe99c-0xfeb9c	0xfea9c-0xfeb9c
try	0x3c6b6a-0x3c6d6a	reject
split	0x3c6b6a-0x3c6d6a	0x3c6b6a-0x3c6c6a
split	0x3c6b6a-0x3c6d6a	0x3c6c6a-0x3c6d6a
try	0x3fbf9e-0x3fc19e	reject
split	0x3fbf9e-0x3fc19e	0x3fbf9e-0x3fc09e
split	0x3fbf9e-0x3fc19e	0x3fc09e-0x3fc19e
try	0x3c736a-0x3c756a	ok
try	0x4e3ef9-0x4e40f9	reject
split	0x4e3ef9-0x4e40f9	0x4e3ef9-0x4e3ff9
split	0x4e3ef9-0x4e40f9	0x4e3ff9-0x4e40f9
try	0x3c756a-0x3c7677	reject
split	0x3c756a-0x3c7677	0x3c756a-0x3c75f0
split	0x3c756a-0x3c7677	0x3c75f0-0x3c7677
try	0x4e42f9-0x4e44f9	ok
try	0xfec9c-0xfed9c	ok
try	0x4e44f9-0x4e46f9	reject
split	0x4e44f9-0x4e46f9	0x4e44f9-0x4e45f9
split	0x4e44f9-0x4e46f9	0x4e45f9-0x4e46f9
try	0x4e40f9-0x4e42f9	reject
split	0x4e40f9-0x4e42f9	0x4e40f9-0x4e41f9
split	0x4e40f9-0x4e42f9	0x4e41f9-0x4e42f9
try	0x418142-0x418342	ok
wrote	native_gap_retdec_batch1521.ranges	16
appended_reject_cache	dumps/vmtail-wide-1m-w16/vm_executable_gap_retdec_reject_cache.tsv	8
# elapsed 6.55s
created_batches	1521
+ make -j 16 native-gap-retdec-batch1521
make[1]: Entering directory '/models/dev/sc-rev/eac/eacsym'
make dumps/vmtail-wide-1m-w16/vm_native_gap_retdec_batch1521.c
make[2]: Entering directory '/models/dev/sc-rev/eac/eacsym'
python3 vm_native_gap_retdec_batch.py --batch-index 1521 --ranges-file native_gap_retdec_batch1521.ranges > dumps/vmtail-wide-1m-w16/vm_native_gap_retdec_batch1521.c
native_gap_retdec_batch=1521
native_gap_retdec_selected_ranges=16
make[2]: Leaving directory '/models/dev/sc-rev/eac/eacsym'
make[1]: Leaving directory '/models/dev/sc-rev/eac/eacsym'
# elapsed 2.02s
+ cc -std=c11 -fsyntax-only -w dumps/vmtail-wide-1m-w16/vm_native_gap_retdec_batch1521.c
dumps/vmtail-wide-1m-w16/vm_native_gap_retdec_batch1521.c: In function ‘function_fe6ed’:
dumps/vmtail-wide-1m-w16/vm_native_gap_retdec_batch1521.c:774:5: error: implicit declaration of function ‘__asm_punpcklbw’; did you mean ‘__asm_punpckldq’? [-Wimplicit-function-declaration]
  774 |     __asm_punpcklbw(v1, *(int32_t *)(v40 + 0x6e9ec13a));
      |     ^~~~~~~~~~~~~~~
      |     __asm_punpckldq
# elapsed 0.02s
quarantined_range_file	native_gap_retdec_batch1521.ranges	native_gap_retdec_batch1521.ranges.failed
removed_failed_sidecar	dumps/vmtail-wide-1m-w16/vm_native_gap_retdec_batch1521.c
salvage_batch_start	1521	16
salvage_try	0xfe39c-0xfe59c	batch=1521
salvage_try	0xfe59c-0xfe79c	batch=1522
salvage_try	0xfe79c-0xfe99c	batch=1523
salvage_try	0xfec9c-0xfed9c	batch=1524
salvage_try	0xfed9c-0xfeebc	batch=1525
salvage_try	0x3c6d6a-0x3c6f6a	batch=1526
salvage_try	0x3c6f6a-0x3c716a	batch=1527
salvage_try	0x3c716a-0x3c736a	batch=1528
salvage_try	0x3c736a-0x3c756a	batch=1529
salvage_try	0x3fbb9e-0x3fbd9e	batch=1530
salvage_try	0x3fbd9e-0x3fbf9e	batch=1531
salvage_try	0x3fc19e-0x3fc39e	batch=1532
salvage_try	0x3fc39e-0x3fc59e	batch=1533
salvage_try	0x3fc59e-0x3fc6bc	batch=1534
salvage_try	0x418142-0x418342	batch=1535
salvage_try	0x4e42f9-0x4e44f9	batch=1536
+ make -j 16 native-gap-retdec-batch1521 native-gap-retdec-batch1522 native-gap-retdec-batch1523 native-gap-retdec-batch1524 native-gap-retdec-batch1525 native-gap-retdec-batch1526 native-gap-retdec-batch1527 native-gap-retdec-batch1528 native-gap-retdec-batch1529 native-gap-retdec-batch1530 native-gap-retdec-batch1531 native-gap-retdec-batch1532 native-gap-retdec-batch1533 native-gap-retdec-batch1534 native-gap-retdec-batch1535 native-gap-retdec-batch1536
make[1]: Entering directory '/models/dev/sc-rev/eac/eacsym'
make dumps/vmtail-wide-1m-w16/vm_native_gap_retdec_batch1521.c
make dumps/vmtail-wide-1m-w16/vm_native_gap_retdec_batch1522.c
make dumps/vmtail-wide-1m-w16/vm_native_gap_retdec_batch1523.c
make dumps/vmtail-wide-1m-w16/vm_native_gap_retdec_batch1524.c
make dumps/vmtail-wide-1m-w16/vm_native_gap_retdec_batch1525.c
make dumps/vmtail-wide-1m-w16/vm_native_gap_retdec_batch1526.c
make dumps/vmtail-wide-1m-w16/vm_native_gap_retdec_batch1527.c
make dumps/vmtail-wide-1m-w16/vm_native_gap_retdec_batch1528.c
make dumps/vmtail-wide-1m-w16/vm_native_gap_retdec_batch1529.c
make dumps/vmtail-wide-1m-w16/vm_native_gap_retdec_batch1530.c
make dumps/vmtail-wide-1m-w16/vm_native_gap_retdec_batch1531.c
make dumps/vmtail-wide-1m-w16/vm_native_gap_retdec_batch1532.c
make dumps/vmtail-wide-1m-w16/vm_native_gap_retdec_batch1533.c
make dumps/vmtail-wide-1m-w16/vm_native_gap_retdec_batch1534.c
make dumps/vmtail-wide-1m-w16/vm_native_gap_retdec_batch1535.c
make dumps/vmtail-wide-1m-w16/vm_native_gap_retdec_batch1536.c
make[2]: Entering directory '/models/dev/sc-rev/eac/eacsym'
python3 vm_native_gap_retdec_batch.py --batch-index 1524 --ranges-file native_gap_retdec_batch1524.ranges > dumps/vmtail-wide-1m-w16/vm_native_gap_retdec_batch1524.c
make[2]: Entering directory '/models/dev/sc-rev/eac/eacsym'
python3 vm_native_gap_retdec_batch.py --batch-index 1529 --ranges-file native_gap_retdec_batch1529.ranges > dumps/vmtail-wide-1m-w16/vm_native_gap_retdec_batch1529.c
make[2]: Entering directory '/models/dev/sc-rev/eac/eacsym'
python3 vm_native_gap_retdec_batch.py --batch-index 1521 --ranges-file native_gap_retdec_batch1521.ranges > dumps/vmtail-wide-1m-w16/vm_native_gap_retdec_batch1521.c
make[2]: Entering directory '/models/dev/sc-rev/eac/eacsym'
python3 vm_native_gap_retdec_batch.py --batch-index 1522 --ranges-file native_gap_retdec_batch1522.ranges > dumps/vmtail-wide-1m-w16/vm_native_gap_retdec_batch1522.c
make[2]: Entering directory '/models/dev/sc-rev/eac/eacsym'
python3 vm_native_gap_retdec_batch.py --batch-index 1531 --ranges-file native_gap_retdec_batch1531.ranges > dumps/vmtail-wide-1m-w16/vm_native_gap_retdec_batch1531.c
make[2]: Entering directory '/models/dev/sc-rev/eac/eacsym'
python3 vm_native_gap_retdec_batch.py --batch-index 1523 --ranges-file native_gap_retdec_batch1523.ranges > dumps/vmtail-wide-1m-w16/vm_native_gap_retdec_batch1523.c
make[2]: Entering directory '/models/dev/sc-rev/eac/eacsym'
python3 vm_native_gap_retdec_batch.py --batch-index 1530 --ranges-file native_gap_retdec_batch1530.ranges > dumps/vmtail-wide-1m-w16/vm_native_gap_retdec_batch1530.c
make[2]: Entering directory '/models/dev/sc-rev/eac/eacsym'
python3 vm_native_gap_retdec_batch.py --batch-index 1533 --ranges-file native_gap_retdec_batch1533.ranges > dumps/vmtail-wide-1m-w16/vm_native_gap_retdec_batch1533.c
make[2]: Entering directory '/models/dev/sc-rev/eac/eacsym'
python3 vm_native_gap_retdec_batch.py --batch-index 1525 --ranges-file native_gap_retdec_batch1525.ranges > dumps/vmtail-wide-1m-w16/vm_native_gap_retdec_batch1525.c
make[2]: Entering directory '/models/dev/sc-rev/eac/eacsym'
python3 vm_native_gap_retdec_batch.py --batch-index 1526 --ranges-file native_gap_retdec_batch1526.ranges > dumps/vmtail-wide-1m-w16/vm_native_gap_retdec_batch1526.c
make[2]: Entering directory '/models/dev/sc-rev/eac/eacsym'
python3 vm_native_gap_retdec_batch.py --batch-index 1534 --ranges-file native_gap_retdec_batch1534.ranges > dumps/vmtail-wide-1m-w16/vm_native_gap_retdec_batch1534.c
make[2]: Entering directory '/models/dev/sc-rev/eac/eacsym'
python3 vm_native_gap_retdec_batch.py --batch-index 1527 --ranges-file native_gap_retdec_batch1527.ranges > dumps/vmtail-wide-1m-w16/vm_native_gap_retdec_batch1527.c
make[2]: Entering directory '/models/dev/sc-rev/eac/eacsym'
python3 vm_native_gap_retdec_batch.py --batch-index 1535 --ranges-file native_gap_retdec_batch1535.ranges > dumps/vmtail-wide-1m-w16/vm_native_gap_retdec_batch1535.c
make[2]: Entering directory '/models/dev/sc-rev/eac/eacsym'
python3 vm_native_gap_retdec_batch.py --batch-index 1528 --ranges-file native_gap_retdec_batch1528.ranges > dumps/vmtail-wide-1m-w16/vm_native_gap_retdec_batch1528.c
make[2]: Entering directory '/models/dev/sc-rev/eac/eacsym'
python3 vm_native_gap_retdec_batch.py --batch-index 1532 --ranges-file native_gap_retdec_batch1532.ranges > dumps/vmtail-wide-1m-w16/vm_native_gap_retdec_batch1532.c
make[2]: Entering directory '/models/dev/sc-rev/eac/eacsym'
python3 vm_native_gap_retdec_batch.py --batch-index 1536 --ranges-file native_gap_retdec_batch1536.ranges > dumps/vmtail-wide-1m-w16/vm_native_gap_retdec_batch1536.c
native_gap_retdec_batch=1521
native_gap_retdec_selected_ranges=1
make[2]: Leaving directory '/models/dev/sc-rev/eac/eacsym'
native_gap_retdec_batch=1526
native_gap_retdec_selected_ranges=1
native_gap_retdec_batch=1535
native_gap_retdec_selected_ranges=1
make[2]: Leaving directory '/models/dev/sc-rev/eac/eacsym'
make[2]: Leaving directory '/models/dev/sc-rev/eac/eacsym'
native_gap_retdec_batch=1525
native_gap_retdec_selected_ranges=1
make[2]: Leaving directory '/models/dev/sc-rev/eac/eacsym'
native_gap_retdec_batch=1522
native_gap_retdec_selected_ranges=1
make[2]: Leaving directory '/models/dev/sc-rev/eac/eacsym'
native_gap_retdec_batch=1532
native_gap_retdec_selected_ranges=1
make[2]: Leaving directory '/models/dev/sc-rev/eac/eacsym'
native_gap_retdec_batch=1524
native_gap_retdec_selected_ranges=1
make[2]: Leaving directory '/models/dev/sc-rev/eac/eacsym'
native_gap_retdec_batch=1533
native_gap_retdec_selected_ranges=1
make[2]: Leaving directory '/models/dev/sc-rev/eac/eacsym'
native_gap_retdec_batch=1536
native_gap_retdec_selected_ranges=1
make[2]: Leaving directory '/models/dev/sc-rev/eac/eacsym'
native_gap_retdec_batch=1523
native_gap_retdec_selected_ranges=1
native_gap_retdec_batch=1529
native_gap_retdec_selected_ranges=1
make[2]: Leaving directory '/models/dev/sc-rev/eac/eacsym'
native_gap_retdec_batch=1530
native_gap_retdec_selected_ranges=1
make[2]: Leaving directory '/models/dev/sc-rev/eac/eacsym'
make[2]: Leaving directory '/models/dev/sc-rev/eac/eacsym'
native_gap_retdec_batch=1531
native_gap_retdec_selected_ranges=1
make[2]: Leaving directory '/models/dev/sc-rev/eac/eacsym'
native_gap_retdec_batch=1527
native_gap_retdec_selected_ranges=1
make[2]: Leaving directory '/models/dev/sc-rev/eac/eacsym'
native_gap_retdec_batch=1534
native_gap_retdec_selected_ranges=1
make[2]: Leaving directory '/models/dev/sc-rev/eac/eacsym'
native_gap_retdec_batch=1528
native_gap_retdec_selected_ranges=1
make[2]: Leaving directory '/models/dev/sc-rev/eac/eacsym'
make[1]: Leaving directory '/models/dev/sc-rev/eac/eacsym'
# elapsed 2.44s
+ cc -std=c11 -fsyntax-only -w dumps/vmtail-wide-1m-w16/vm_native_gap_retdec_batch1521.c
# elapsed 0.01s
+ cc -std=c11 -fsyntax-only -w dumps/vmtail-wide-1m-w16/vm_native_gap_retdec_batch1522.c
# elapsed 0.01s
+ cc -std=c11 -fsyntax-only -w dumps/vmtail-wide-1m-w16/vm_native_gap_retdec_batch1523.c
# elapsed 0.01s
+ cc -std=c11 -fsyntax-only -w dumps/vmtail-wide-1m-w16/vm_native_gap_retdec_batch1524.c
# elapsed 0.01s
+ cc -std=c11 -fsyntax-only -w dumps/vmtail-wide-1m-w16/vm_native_gap_retdec_batch1525.c
# elapsed 0.01s
+ cc -std=c11 -fsyntax-only -w dumps/vmtail-wide-1m-w16/vm_native_gap_retdec_batch1526.c
# elapsed 0.01s
+ cc -std=c11 -fsyntax-only -w dumps/vmtail-wide-1m-w16/vm_native_gap_retdec_batch1527.c
# elapsed 0.01s
+ cc -std=c11 -fsyntax-only -w dumps/vmtail-wide-1m-w16/vm_native_gap_retdec_batch1528.c
# elapsed 0.01s
+ cc -std=c11 -fsyntax-only -w dumps/vmtail-wide-1m-w16/vm_native_gap_retdec_batch1529.c
# elapsed 0.01s
+ cc -std=c11 -fsyntax-only -w dumps/vmtail-wide-1m-w16/vm_native_gap_retdec_batch1530.c
# elapsed 0.01s
+ cc -std=c11 -fsyntax-only -w dumps/vmtail-wide-1m-w16/vm_native_gap_retdec_batch1531.c
# elapsed 0.01s
+ cc -std=c11 -fsyntax-only -w dumps/vmtail-wide-1m-w16/vm_native_gap_retdec_batch1532.c
# elapsed 0.01s
+ cc -std=c11 -fsyntax-only -w dumps/vmtail-wide-1m-w16/vm_native_gap_retdec_batch1533.c
# elapsed 0.01s
+ cc -std=c11 -fsyntax-only -w dumps/vmtail-wide-1m-w16/vm_native_gap_retdec_batch1534.c
# elapsed 0.01s
+ cc -std=c11 -fsyntax-only -w dumps/vmtail-wide-1m-w16/vm_native_gap_retdec_batch1535.c
# elapsed 0.01s
+ cc -std=c11 -fsyntax-only -w dumps/vmtail-wide-1m-w16/vm_native_gap_retdec_batch1536.c
# elapsed 0.01s
salvage_batch_done	1521	salvaged=1521,1522,1523,1524,1525,1526,1527,1528,1529,1530,1531,1532,1533,1534,1535,1536	rejected=0
+ make -s native-executable-coverage-audit native-retdec-gap-queue
# elapsed 2.82s
+ make -s uncovered-executable-gaps
uncovered_executable_gaps=3266 bytes=1096794
uncovered_executable_gaps=3266 bytes=1096794
uncovered_executable_gaps=3266 bytes=1096794
# elapsed 0.91s
coverage_delta
native_executable_coverage_range_rows	57621	58122	delta=+501
native_executable_coverage_gap_rows	3271	3271	delta=+0
native_executable_coverage_recovered_bytes	4524664	4554246	delta=+29582
native_executable_coverage_uncovered_bytes	1126376	1096794	delta=-29582
round_start	5
+ python3 vm_executable_gap_retdec_probe.py --root . --section .text --chunk-bytes 0x200 --min-chunk-bytes 0x80 --max-split-candidates 128 --max-gap-chunks 8 --max-candidates 384 --max-accepted 16 --probe-jobs 16 --timeout 30 --reject-cache dumps/vmtail-wide-1m-w16/vm_executable_gap_retdec_reject_cache.tsv
try	0x539a7d-0x539b70	ok
try	0x53987d-0x539a7d	ok
try	0x53967d-0x53987d	ok
try	0x53947d-0x53967d	ok
try	0x53927d-0x53947d	ok
try	0x31783-0x31983	ok
try	0x302f3-0x304f3	ok
try	0x2fef3-0x300f3	ok
try	0x300f3-0x302f3	ok
try	0x31983-0x31b83	ok
try	0x31d83-0x31f83	ok
try	0x31b83-0x31d83	ok
try	0x32183-0x32260	ok
try	0x53907d-0x53927d	ok
try	0x2fcf3-0x2fef3	ok
try	0x31f83-0x32183	reject
split	0x31f83-0x32183	0x31f83-0x32083
split	0x31f83-0x32183	0x32083-0x32183
try	0x306f3-0x307d0	ok
wrote	native_gap_retdec_batch1537.ranges	16
appended_reject_cache	dumps/vmtail-wide-1m-w16/vm_executable_gap_retdec_reject_cache.tsv	1
# elapsed 4.86s
created_batches	1537
+ make -j 16 native-gap-retdec-batch1537
make[1]: Entering directory '/models/dev/sc-rev/eac/eacsym'
make dumps/vmtail-wide-1m-w16/vm_native_gap_retdec_batch1537.c
make[2]: Entering directory '/models/dev/sc-rev/eac/eacsym'
python3 vm_native_gap_retdec_batch.py --batch-index 1537 --ranges-file native_gap_retdec_batch1537.ranges > dumps/vmtail-wide-1m-w16/vm_native_gap_retdec_batch1537.c
native_gap_retdec_batch=1537
native_gap_retdec_selected_ranges=16
make[2]: Leaving directory '/models/dev/sc-rev/eac/eacsym'
make[1]: Leaving directory '/models/dev/sc-rev/eac/eacsym'
# elapsed 2.21s
+ cc -std=c11 -fsyntax-only -w dumps/vmtail-wide-1m-w16/vm_native_gap_retdec_batch1537.c
dumps/vmtail-wide-1m-w16/vm_native_gap_retdec_batch1537.c: In function ‘function_30456’:
dumps/vmtail-wide-1m-w16/vm_native_gap_retdec_batch1537.c:835:5: error: implicit declaration of function ‘__asm_rcl_137’; did you mean ‘__asm_rcl_133’? [-Wimplicit-function-declaration]
  835 |     __asm_rcl_137(*(char *)(result + 32));
      |     ^~~~~~~~~~~~~
      |     __asm_rcl_133
dumps/vmtail-wide-1m-w16/vm_native_gap_retdec_batch1537.c: In function ‘function_321ea’:
dumps/vmtail-wide-1m-w16/vm_native_gap_retdec_batch1537.c:1346:5: error: implicit declaration of function ‘__asm_in_139’; did you mean ‘__asm_in_138’? [-Wimplicit-function-declaration]
 1346 |     __asm_in_139(-29);
      |     ^~~~~~~~~~~~
      |     __asm_in_138
# elapsed 0.02s
quarantined_range_file	native_gap_retdec_batch1537.ranges	native_gap_retdec_batch1537.ranges.failed
removed_failed_sidecar	dumps/vmtail-wide-1m-w16/vm_native_gap_retdec_batch1537.c
salvage_batch_start	1537	16
salvage_try	0x2fcf3-0x2fef3	batch=1537
salvage_try	0x2fef3-0x300f3	batch=1538
salvage_try	0x300f3-0x302f3	batch=1539
salvage_try	0x302f3-0x304f3	batch=1540
salvage_try	0x306f3-0x307d0	batch=1541
salvage_try	0x31783-0x31983	batch=1542
salvage_try	0x31983-0x31b83	batch=1543
salvage_try	0x31b83-0x31d83	batch=1544
salvage_try	0x31d83-0x31f83	batch=1545
salvage_try	0x32183-0x32260	batch=1546
salvage_try	0x53907d-0x53927d	batch=1547
salvage_try	0x53927d-0x53947d	batch=1548
salvage_try	0x53947d-0x53967d	batch=1549
salvage_try	0x53967d-0x53987d	batch=1550
salvage_try	0x53987d-0x539a7d	batch=1551
salvage_try	0x539a7d-0x539b70	batch=1552
+ make -j 16 native-gap-retdec-batch1537 native-gap-retdec-batch1538 native-gap-retdec-batch1539 native-gap-retdec-batch1540 native-gap-retdec-batch1541 native-gap-retdec-batch1542 native-gap-retdec-batch1543 native-gap-retdec-batch1544 native-gap-retdec-batch1545 native-gap-retdec-batch1546 native-gap-retdec-batch1547 native-gap-retdec-batch1548 native-gap-retdec-batch1549 native-gap-retdec-batch1550 native-gap-retdec-batch1551 native-gap-retdec-batch1552
make[1]: Entering directory '/models/dev/sc-rev/eac/eacsym'
make dumps/vmtail-wide-1m-w16/vm_native_gap_retdec_batch1537.c
make dumps/vmtail-wide-1m-w16/vm_native_gap_retdec_batch1538.c
make dumps/vmtail-wide-1m-w16/vm_native_gap_retdec_batch1539.c
make dumps/vmtail-wide-1m-w16/vm_native_gap_retdec_batch1540.c
make dumps/vmtail-wide-1m-w16/vm_native_gap_retdec_batch1541.c
make dumps/vmtail-wide-1m-w16/vm_native_gap_retdec_batch1542.c
make dumps/vmtail-wide-1m-w16/vm_native_gap_retdec_batch1543.c
make dumps/vmtail-wide-1m-w16/vm_native_gap_retdec_batch1544.c
make dumps/vmtail-wide-1m-w16/vm_native_gap_retdec_batch1545.c
make dumps/vmtail-wide-1m-w16/vm_native_gap_retdec_batch1546.c
make dumps/vmtail-wide-1m-w16/vm_native_gap_retdec_batch1547.c
make dumps/vmtail-wide-1m-w16/vm_native_gap_retdec_batch1548.c
make dumps/vmtail-wide-1m-w16/vm_native_gap_retdec_batch1549.c
make dumps/vmtail-wide-1m-w16/vm_native_gap_retdec_batch1550.c
make dumps/vmtail-wide-1m-w16/vm_native_gap_retdec_batch1551.c
make dumps/vmtail-wide-1m-w16/vm_native_gap_retdec_batch1552.c
make[2]: Entering directory '/models/dev/sc-rev/eac/eacsym'
python3 vm_native_gap_retdec_batch.py --batch-index 1545 --ranges-file native_gap_retdec_batch1545.ranges > dumps/vmtail-wide-1m-w16/vm_native_gap_retdec_batch1545.c
make[2]: Entering directory '/models/dev/sc-rev/eac/eacsym'
python3 vm_native_gap_retdec_batch.py --batch-index 1546 --ranges-file native_gap_retdec_batch1546.ranges > dumps/vmtail-wide-1m-w16/vm_native_gap_retdec_batch1546.c
make[2]: Entering directory '/models/dev/sc-rev/eac/eacsym'
python3 vm_native_gap_retdec_batch.py --batch-index 1547 --ranges-file native_gap_retdec_batch1547.ranges > dumps/vmtail-wide-1m-w16/vm_native_gap_retdec_batch1547.c
make[2]: Entering directory '/models/dev/sc-rev/eac/eacsym'
python3 vm_native_gap_retdec_batch.py --batch-index 1537 --ranges-file native_gap_retdec_batch1537.ranges > dumps/vmtail-wide-1m-w16/vm_native_gap_retdec_batch1537.c
make[2]: Entering directory '/models/dev/sc-rev/eac/eacsym'
python3 vm_native_gap_retdec_batch.py --batch-index 1538 --ranges-file native_gap_retdec_batch1538.ranges > dumps/vmtail-wide-1m-w16/vm_native_gap_retdec_batch1538.c
make[2]: Entering directory '/models/dev/sc-rev/eac/eacsym'
python3 vm_native_gap_retdec_batch.py --batch-index 1539 --ranges-file native_gap_retdec_batch1539.ranges > dumps/vmtail-wide-1m-w16/vm_native_gap_retdec_batch1539.c
make[2]: Entering directory '/models/dev/sc-rev/eac/eacsym'
python3 vm_native_gap_retdec_batch.py --batch-index 1551 --ranges-file native_gap_retdec_batch1551.ranges > dumps/vmtail-wide-1m-w16/vm_native_gap_retdec_batch1551.c
make[2]: Entering directory '/models/dev/sc-rev/eac/eacsym'
python3 vm_native_gap_retdec_batch.py --batch-index 1540 --ranges-file native_gap_retdec_batch1540.ranges > dumps/vmtail-wide-1m-w16/vm_native_gap_retdec_batch1540.c
make[2]: Entering directory '/models/dev/sc-rev/eac/eacsym'
python3 vm_native_gap_retdec_batch.py --batch-index 1550 --ranges-file native_gap_retdec_batch1550.ranges > dumps/vmtail-wide-1m-w16/vm_native_gap_retdec_batch1550.c
make[2]: Entering directory '/models/dev/sc-rev/eac/eacsym'
make[2]: Entering directory '/models/dev/sc-rev/eac/eacsym'
python3 vm_native_gap_retdec_batch.py --batch-index 1552 --ranges-file native_gap_retdec_batch1552.ranges > dumps/vmtail-wide-1m-w16/vm_native_gap_retdec_batch1552.c
python3 vm_native_gap_retdec_batch.py --batch-index 1548 --ranges-file native_gap_retdec_batch1548.ranges > dumps/vmtail-wide-1m-w16/vm_native_gap_retdec_batch1548.c
make[2]: Entering directory '/models/dev/sc-rev/eac/eacsym'
python3 vm_native_gap_retdec_batch.py --batch-index 1549 --ranges-file native_gap_retdec_batch1549.ranges > dumps/vmtail-wide-1m-w16/vm_native_gap_retdec_batch1549.c
make[2]: Entering directory '/models/dev/sc-rev/eac/eacsym'
python3 vm_native_gap_retdec_batch.py --batch-index 1544 --ranges-file native_gap_retdec_batch1544.ranges > dumps/vmtail-wide-1m-w16/vm_native_gap_retdec_batch1544.c
make[2]: Entering directory '/models/dev/sc-rev/eac/eacsym'
python3 vm_native_gap_retdec_batch.py --batch-index 1543 --ranges-file native_gap_retdec_batch1543.ranges > dumps/vmtail-wide-1m-w16/vm_native_gap_retdec_batch1543.c
make[2]: Entering directory '/models/dev/sc-rev/eac/eacsym'
python3 vm_native_gap_retdec_batch.py --batch-index 1542 --ranges-file native_gap_retdec_batch1542.ranges > dumps/vmtail-wide-1m-w16/vm_native_gap_retdec_batch1542.c
make[2]: Entering directory '/models/dev/sc-rev/eac/eacsym'
python3 vm_native_gap_retdec_batch.py --batch-index 1541 --ranges-file native_gap_retdec_batch1541.ranges > dumps/vmtail-wide-1m-w16/vm_native_gap_retdec_batch1541.c
native_gap_retdec_batch=1549
native_gap_retdec_selected_ranges=1
make[2]: Leaving directory '/models/dev/sc-rev/eac/eacsym'
native_gap_retdec_batch=1548
native_gap_retdec_selected_ranges=1
native_gap_retdec_batch=1547
native_gap_retdec_selected_ranges=1
make[2]: Leaving directory '/models/dev/sc-rev/eac/eacsym'
native_gap_retdec_batch=1545
native_gap_retdec_selected_ranges=1
make[2]: Leaving directory '/models/dev/sc-rev/eac/eacsym'
make[2]: Leaving directory '/models/dev/sc-rev/eac/eacsym'
native_gap_retdec_batch=1537
native_gap_retdec_selected_ranges=1
make[2]: Leaving directory '/models/dev/sc-rev/eac/eacsym'
native_gap_retdec_batch=1543
native_gap_retdec_selected_ranges=1
make[2]: Leaving directory '/models/dev/sc-rev/eac/eacsym'
native_gap_retdec_batch=1542
native_gap_retdec_selected_ranges=1
make[2]: Leaving directory '/models/dev/sc-rev/eac/eacsym'
native_gap_retdec_batch=1541
native_gap_retdec_selected_ranges=1
make[2]: Leaving directory '/models/dev/sc-rev/eac/eacsym'
native_gap_retdec_batch=1551
native_gap_retdec_selected_ranges=1
native_gap_retdec_batch=1546
native_gap_retdec_selected_ranges=1
make[2]: Leaving directory '/models/dev/sc-rev/eac/eacsym'
make[2]: Leaving directory '/models/dev/sc-rev/eac/eacsym'
native_gap_retdec_batch=1552
native_gap_retdec_selected_ranges=1
make[2]: Leaving directory '/models/dev/sc-rev/eac/eacsym'
native_gap_retdec_batch=1538
native_gap_retdec_selected_ranges=1
make[2]: Leaving directory '/models/dev/sc-rev/eac/eacsym'
native_gap_retdec_batch=1544
native_gap_retdec_selected_ranges=1
make[2]: Leaving directory '/models/dev/sc-rev/eac/eacsym'
native_gap_retdec_batch=1540
native_gap_retdec_selected_ranges=1
make[2]: Leaving directory '/models/dev/sc-rev/eac/eacsym'
native_gap_retdec_batch=1539
native_gap_retdec_selected_ranges=1
make[2]: Leaving directory '/models/dev/sc-rev/eac/eacsym'
native_gap_retdec_batch=1550
native_gap_retdec_selected_ranges=1
make[2]: Leaving directory '/models/dev/sc-rev/eac/eacsym'
make[1]: Leaving directory '/models/dev/sc-rev/eac/eacsym'
# elapsed 2.34s
+ cc -std=c11 -fsyntax-only -w dumps/vmtail-wide-1m-w16/vm_native_gap_retdec_batch1537.c
# elapsed 0.01s
+ cc -std=c11 -fsyntax-only -w dumps/vmtail-wide-1m-w16/vm_native_gap_retdec_batch1538.c
# elapsed 0.01s
+ cc -std=c11 -fsyntax-only -w dumps/vmtail-wide-1m-w16/vm_native_gap_retdec_batch1539.c
# elapsed 0.01s
+ cc -std=c11 -fsyntax-only -w dumps/vmtail-wide-1m-w16/vm_native_gap_retdec_batch1540.c
# elapsed 0.01s
+ cc -std=c11 -fsyntax-only -w dumps/vmtail-wide-1m-w16/vm_native_gap_retdec_batch1541.c
# elapsed 0.01s
+ cc -std=c11 -fsyntax-only -w dumps/vmtail-wide-1m-w16/vm_native_gap_retdec_batch1542.c
# elapsed 0.01s
+ cc -std=c11 -fsyntax-only -w dumps/vmtail-wide-1m-w16/vm_native_gap_retdec_batch1543.c
# elapsed 0.01s
+ cc -std=c11 -fsyntax-only -w dumps/vmtail-wide-1m-w16/vm_native_gap_retdec_batch1544.c
# elapsed 0.01s
+ cc -std=c11 -fsyntax-only -w dumps/vmtail-wide-1m-w16/vm_native_gap_retdec_batch1545.c
# elapsed 0.01s
+ cc -std=c11 -fsyntax-only -w dumps/vmtail-wide-1m-w16/vm_native_gap_retdec_batch1546.c
# elapsed 0.01s
+ cc -std=c11 -fsyntax-only -w dumps/vmtail-wide-1m-w16/vm_native_gap_retdec_batch1547.c
# elapsed 0.01s
+ cc -std=c11 -fsyntax-only -w dumps/vmtail-wide-1m-w16/vm_native_gap_retdec_batch1548.c
# elapsed 0.01s
+ cc -std=c11 -fsyntax-only -w dumps/vmtail-wide-1m-w16/vm_native_gap_retdec_batch1549.c
# elapsed 0.01s
+ cc -std=c11 -fsyntax-only -w dumps/vmtail-wide-1m-w16/vm_native_gap_retdec_batch1550.c
# elapsed 0.01s
+ cc -std=c11 -fsyntax-only -w dumps/vmtail-wide-1m-w16/vm_native_gap_retdec_batch1551.c
# elapsed 0.01s
+ cc -std=c11 -fsyntax-only -w dumps/vmtail-wide-1m-w16/vm_native_gap_retdec_batch1552.c
# elapsed 0.01s
salvage_batch_done	1537	salvaged=1537,1538,1539,1540,1541,1542,1543,1544,1545,1546,1547,1548,1549,1550,1551,1552	rejected=0
+ make -s native-executable-coverage-audit native-retdec-gap-queue
# elapsed 2.71s
+ make -s uncovered-executable-gaps
uncovered_executable_gaps=3265 bytes=1089453
uncovered_executable_gaps=3265 bytes=1089453
uncovered_executable_gaps=3265 bytes=1089453
# elapsed 0.91s
coverage_delta
native_executable_coverage_range_rows	57621	58253	delta=+632
native_executable_coverage_gap_rows	3271	3270	delta=-1
native_executable_coverage_recovered_bytes	4524664	4561587	delta=+36923
native_executable_coverage_uncovered_bytes	1126376	1089453	delta=-36923
round_start	6
+ python3 vm_executable_gap_retdec_probe.py --root . --section .text --chunk-bytes 0x200 --min-chunk-bytes 0x80 --max-split-candidates 128 --max-gap-chunks 8 --max-candidates 384 --max-accepted 16 --probe-jobs 16 --timeout 30 --reject-cache dumps/vmtail-wide-1m-w16/vm_executable_gap_retdec_reject_cache.tsv
try	0x3682b6-0x3684b6	ok
try	0x3684b6-0x368588	ok
try	0x501f23-0x502123	ok
try	0x502523-0x502723	ok
try	0x501d23-0x501f23	ok
try	0x367ab6-0x367cb6	ok
try	0x498fb-0x49afb	ok
try	0x502723-0x5027f0	ok
try	0x502123-0x502323	ok
try	0x3680b6-0x3682b6	ok
try	0x367eb6-0x3680b6	reject
split	0x367eb6-0x3680b6	0x367eb6-0x367fb6
split	0x367eb6-0x3680b6	0x367fb6-0x3680b6
try	0x49cfb-0x49efb	ok
try	0x496fb-0x498fb	ok
try	0x49afb-0x49cfb	ok
try	0x367cb6-0x367eb6	ok
try	0x502323-0x502523	ok
try	0x4a0fb-0x4a1b4	reject
split	0x4a0fb-0x4a1b4	0x4a0fb-0x4a157
split	0x4a0fb-0x4a1b4	0x4a157-0x4a1b4
try	0x536e3b-0x53703b	reject
split	0x536e3b-0x53703b	0x536e3b-0x536f3b
split	0x536e3b-0x53703b	0x536f3b-0x53703b
try	0x53703b-0x53723b	ok
wrote	native_gap_retdec_batch1553.ranges	16
appended_reject_cache	dumps/vmtail-wide-1m-w16/vm_executable_gap_retdec_reject_cache.tsv	3
# elapsed 5.88s
created_batches	1553
+ make -j 16 native-gap-retdec-batch1553
make[1]: Entering directory '/models/dev/sc-rev/eac/eacsym'
make dumps/vmtail-wide-1m-w16/vm_native_gap_retdec_batch1553.c
make[2]: Entering directory '/models/dev/sc-rev/eac/eacsym'
python3 vm_native_gap_retdec_batch.py --batch-index 1553 --ranges-file native_gap_retdec_batch1553.ranges > dumps/vmtail-wide-1m-w16/vm_native_gap_retdec_batch1553.c
native_gap_retdec_batch=1553
native_gap_retdec_selected_ranges=16
make[2]: Leaving directory '/models/dev/sc-rev/eac/eacsym'
make[1]: Leaving directory '/models/dev/sc-rev/eac/eacsym'
# elapsed 2.12s
+ cc -std=c11 -fsyntax-only -w dumps/vmtail-wide-1m-w16/vm_native_gap_retdec_batch1553.c
# elapsed 0.02s
+ make -s native-executable-coverage-audit native-retdec-gap-queue
# elapsed 2.72s
+ make -s uncovered-executable-gaps
uncovered_executable_gaps=3265 bytes=1081870
uncovered_executable_gaps=3265 bytes=1081870
uncovered_executable_gaps=3265 bytes=1081870
# elapsed 0.92s
coverage_delta
native_executable_coverage_range_rows	57621	58331	delta=+710
native_executable_coverage_gap_rows	3271	3270	delta=-1
native_executable_coverage_recovered_bytes	4524664	4569170	delta=+44506
native_executable_coverage_uncovered_bytes	1126376	1081870	delta=-44506
round_start	7
+ python3 vm_executable_gap_retdec_probe.py --root . --section .text --chunk-bytes 0x200 --min-chunk-bytes 0x80 --max-split-candidates 128 --max-gap-chunks 8 --max-candidates 384 --max-accepted 16 --probe-jobs 16 --timeout 30 --reject-cache dumps/vmtail-wide-1m-w16/vm_executable_gap_retdec_reject_cache.tsv
try	0x52430b-0x52450b	ok
try	0x523f0b-0x52410b	ok
try	0x3b1e15-0x3b2015	ok
try	0x3b1c15-0x3b1e15	ok
try	0x52450b-0x5245c0	ok
try	0x392a9e-0x392b45	ok
try	0x523d0b-0x523f0b	ok
try	0x39249e-0x39269e	ok
try	0x39209e-0x39229e	reject
split	0x39209e-0x39229e	0x39209e-0x39219e
split	0x39209e-0x39229e	0x39219e-0x39229e
try	0x39269e-0x39289e	ok
try	0x39229e-0x39249e	ok
try	0x523b0b-0x523d0b	reject
split	0x523b0b-0x523d0b	0x523b0b-0x523c0b
split	0x523b0b-0x523d0b	0x523c0b-0x523d0b
try	0x52410b-0x52430b	ok
try	0x3b1a15-0x3b1c15	ok
try	0x39289e-0x392a9e	ok
try	0x3b2015-0x3b2215	ok
try	0x2e070e-0x2e090e	ok
try	0x2e0b0e-0x2e0d0e	ok
wrote	native_gap_retdec_batch1554.ranges	16
appended_reject_cache	dumps/vmtail-wide-1m-w16/vm_executable_gap_retdec_reject_cache.tsv	2
# elapsed 5.99s
created_batches	1554
+ make -j 16 native-gap-retdec-batch1554
make[1]: Entering directory '/models/dev/sc-rev/eac/eacsym'
make dumps/vmtail-wide-1m-w16/vm_native_gap_retdec_batch1554.c
make[2]: Entering directory '/models/dev/sc-rev/eac/eacsym'
python3 vm_native_gap_retdec_batch.py --batch-index 1554 --ranges-file native_gap_retdec_batch1554.ranges > dumps/vmtail-wide-1m-w16/vm_native_gap_retdec_batch1554.c
native_gap_retdec_batch=1554
native_gap_retdec_selected_ranges=16
make[2]: Leaving directory '/models/dev/sc-rev/eac/eacsym'
make[1]: Leaving directory '/models/dev/sc-rev/eac/eacsym'
# elapsed 2.33s
+ cc -std=c11 -fsyntax-only -w dumps/vmtail-wide-1m-w16/vm_native_gap_retdec_batch1554.c
# elapsed 0.02s
+ make -s native-executable-coverage-audit native-retdec-gap-queue
# elapsed 2.74s
+ make -s uncovered-executable-gaps
uncovered_executable_gaps=3266 bytes=1074354
uncovered_executable_gaps=3266 bytes=1074354
uncovered_executable_gaps=3266 bytes=1074354
# elapsed 0.90s
coverage_delta
native_executable_coverage_range_rows	57621	58440	delta=+819
native_executable_coverage_gap_rows	3271	3271	delta=+0
native_executable_coverage_recovered_bytes	4524664	4576686	delta=+52022
native_executable_coverage_uncovered_bytes	1126376	1074354	delta=-52022
round_start	8
+ python3 vm_executable_gap_retdec_probe.py --root . --section .text --chunk-bytes 0x200 --min-chunk-bytes 0x80 --max-split-candidates 128 --max-gap-chunks 8 --max-candidates 384 --max-accepted 16 --probe-jobs 16 --timeout 30 --reject-cache dumps/vmtail-wide-1m-w16/vm_executable_gap_retdec_reject_cache.tsv
try	0x2bdda9-0x2bdfa9	ok
try	0x2bdba9-0x2bdda9	ok
try	0x2844ee-0x2846ee	reject
split	0x2844ee-0x2846ee	0x2844ee-0x2845ee
split	0x2844ee-0x2846ee	0x2845ee-0x2846ee
try	0x2848ee-0x28494c	ok
try	0x308aaf-0x308caf	ok
try	0x283eee-0x2840ee	ok
try	0x2bdfa9-0x2be1a9	ok
try	0x2be5a9-0x2be60e	ok
try	0x308caf-0x308eaf	ok
try	0x3086af-0x3088af	ok
try	0x2842ee-0x2844ee	ok
try	0x2846ee-0x2848ee	ok
try	0x2be3a9-0x2be5a9	ok
try	0x2be1a9-0x2be3a9	ok
try	0x3088af-0x308aaf	ok
try	0x2840ee-0x2842ee	ok
try	0x3090af-0x309106	ok
wrote	native_gap_retdec_batch1555.ranges	16
appended_reject_cache	dumps/vmtail-wide-1m-w16/vm_executable_gap_retdec_reject_cache.tsv	1
# elapsed 4.92s
created_batches	1555
+ make -j 16 native-gap-retdec-batch1555
make[1]: Entering directory '/models/dev/sc-rev/eac/eacsym'
make dumps/vmtail-wide-1m-w16/vm_native_gap_retdec_batch1555.c
make[2]: Entering directory '/models/dev/sc-rev/eac/eacsym'
python3 vm_native_gap_retdec_batch.py --batch-index 1555 --ranges-file native_gap_retdec_batch1555.ranges > dumps/vmtail-wide-1m-w16/vm_native_gap_retdec_batch1555.c
native_gap_retdec_batch=1555
native_gap_retdec_selected_ranges=16
make[2]: Leaving directory '/models/dev/sc-rev/eac/eacsym'
make[1]: Leaving directory '/models/dev/sc-rev/eac/eacsym'
# elapsed 1.98s
+ cc -std=c11 -fsyntax-only -w dumps/vmtail-wide-1m-w16/vm_native_gap_retdec_batch1555.c
# elapsed 0.01s
+ make -s native-executable-coverage-audit native-retdec-gap-queue
# elapsed 2.76s
+ make -s uncovered-executable-gaps
uncovered_executable_gaps=3265 bytes=1067416
uncovered_executable_gaps=3265 bytes=1067416
uncovered_executable_gaps=3265 bytes=1067416
# elapsed 0.92s
coverage_delta
native_executable_coverage_range_rows	57621	58551	delta=+930
native_executable_coverage_gap_rows	3271	3270	delta=-1
native_executable_coverage_recovered_bytes	4524664	4583624	delta=+58960
native_executable_coverage_uncovered_bytes	1126376	1067416	delta=-58960
round_start	9
+ python3 vm_executable_gap_retdec_probe.py --root . --section .text --chunk-bytes 0x200 --min-chunk-bytes 0x80 --max-split-candidates 128 --max-gap-chunks 8 --max-candidates 384 --max-accepted 16 --probe-jobs 16 --timeout 30 --reject-cache dumps/vmtail-wide-1m-w16/vm_executable_gap_retdec_reject_cache.tsv
try	0x5188b6-0x518ab6	ok
try	0x41ddcb-0x41dfcb	ok
try	0x41dbcb-0x41ddcb	ok
try	0x5184b6-0x5186b6	ok
try	0x36a99e-0x36ab9e	ok
try	0x5182b6-0x5184b6	ok
try	0x5186b6-0x5188b6	ok
try	0x41e3cb-0x41e5cb	ok
try	0x41e5cb-0x41e61c	ok
try	0x5180b6-0x5182b6	ok
try	0x41dfcb-0x41e1cb	ok
try	0x41e1cb-0x41e3cb	ok
try	0x36ab9e-0x36ad9e	ok
try	0x36a79e-0x36a99e	ok
try	0x36a59e-0x36a79e	ok
try	0x518ab6-0x518b00	ok
wrote	native_gap_retdec_batch1556.ranges	16
# elapsed 4.83s
created_batches	1556
+ make -j 16 native-gap-retdec-batch1556
make[1]: Entering directory '/models/dev/sc-rev/eac/eacsym'
make dumps/vmtail-wide-1m-w16/vm_native_gap_retdec_batch1556.c
make[2]: Entering directory '/models/dev/sc-rev/eac/eacsym'
python3 vm_native_gap_retdec_batch.py --batch-index 1556 --ranges-file native_gap_retdec_batch1556.ranges > dumps/vmtail-wide-1m-w16/vm_native_gap_retdec_batch1556.c
native_gap_retdec_batch=1556
native_gap_retdec_selected_ranges=16
make[2]: Leaving directory '/models/dev/sc-rev/eac/eacsym'
make[1]: Leaving directory '/models/dev/sc-rev/eac/eacsym'
# elapsed 2.26s
+ cc -std=c11 -fsyntax-only -w dumps/vmtail-wide-1m-w16/vm_native_gap_retdec_batch1556.c
# elapsed 0.02s
+ make -s native-executable-coverage-audit native-retdec-gap-queue
# elapsed 2.77s
+ make -s uncovered-executable-gaps
uncovered_executable_gaps=3263 bytes=1060093
uncovered_executable_gaps=3263 bytes=1060093
uncovered_executable_gaps=3263 bytes=1060093
# elapsed 0.91s
coverage_delta
native_executable_coverage_range_rows	57621	58619	delta=+998
native_executable_coverage_gap_rows	3271	3268	delta=-3
native_executable_coverage_recovered_bytes	4524664	4590947	delta=+66283
native_executable_coverage_uncovered_bytes	1126376	1060093	delta=-66283
round_start	10
+ python3 vm_executable_gap_retdec_probe.py --root . --section .text --chunk-bytes 0x200 --min-chunk-bytes 0x80 --max-split-candidates 128 --max-gap-chunks 8 --max-candidates 384 --max-accepted 16 --probe-jobs 16 --timeout 30 --reject-cache dumps/vmtail-wide-1m-w16/vm_executable_gap_retdec_reject_cache.tsv
try	0x1f960a-0x1f980a	reject
split	0x1f960a-0x1f980a	0x1f960a-0x1f970a
split	0x1f960a-0x1f980a	0x1f970a-0x1f980a
try	0x484220-0x484420	ok
try	0x1f980a-0x1f9a0a	ok
try	0x1f9e0a-0x1fa00a	ok
try	0x54bd8c-0x54bf8c	ok
try	0x484a20-0x484a4f	ok
try	0x484620-0x484820	ok
try	0x54b98c-0x54bb8c	ok
try	0x1f9a0a-0x1f9c0a	ok
try	0x1f9c0a-0x1f9e0a	ok
try	0x1fa00a-0x1fa01f	ok
try	0x54bb8c-0x54bd8c	ok
try	0x54bf8c-0x54c18c	ok
try	0x484820-0x484a20	ok
try	0x484420-0x484620	ok
try	0x484020-0x484220	ok
try	0x1f970a-0x1f980a	reject
split	0x1f970a-0x1f980a	0x1f970a-0x1f978a
split	0x1f970a-0x1f980a	0x1f978a-0x1f980a
try	0x1fa026-0x1fa226	ok
wrote	native_gap_retdec_batch1557.ranges	16
appended_reject_cache	dumps/vmtail-wide-1m-w16/vm_executable_gap_retdec_reject_cache.tsv	2
# elapsed 5.86s
created_batches	1557
+ make -j 16 native-gap-retdec-batch1557
make[1]: Entering directory '/models/dev/sc-rev/eac/eacsym'
make dumps/vmtail-wide-1m-w16/vm_native_gap_retdec_batch1557.c
make[2]: Entering directory '/models/dev/sc-rev/eac/eacsym'
python3 vm_native_gap_retdec_batch.py --batch-index 1557 --ranges-file native_gap_retdec_batch1557.ranges > dumps/vmtail-wide-1m-w16/vm_native_gap_retdec_batch1557.c
native_gap_retdec_batch=1557
native_gap_retdec_selected_ranges=16
make[2]: Leaving directory '/models/dev/sc-rev/eac/eacsym'
make[1]: Leaving directory '/models/dev/sc-rev/eac/eacsym'
# elapsed 1.95s
+ cc -std=c11 -fsyntax-only -w dumps/vmtail-wide-1m-w16/vm_native_gap_retdec_batch1557.c
# elapsed 0.01s
+ make -s native-executable-coverage-audit native-retdec-gap-queue
# elapsed 2.75s
+ make -s uncovered-executable-gaps
uncovered_executable_gaps=3262 bytes=1052857
uncovered_executable_gaps=3262 bytes=1052857
uncovered_executable_gaps=3262 bytes=1052857
# elapsed 0.91s
coverage_delta
native_executable_coverage_range_rows	57621	58745	delta=+1124
native_executable_coverage_gap_rows	3271	3267	delta=-4
native_executable_coverage_recovered_bytes	4524664	4598183	delta=+73519
native_executable_coverage_uncovered_bytes	1126376	1052857	delta=-73519
round_start	11
+ python3 vm_executable_gap_retdec_probe.py --root . --section .text --chunk-bytes 0x200 --min-chunk-bytes 0x80 --max-split-candidates 128 --max-gap-chunks 8 --max-candidates 384 --max-accepted 16 --probe-jobs 16 --timeout 30 --reject-cache dumps/vmtail-wide-1m-w16/vm_executable_gap_retdec_reject_cache.tsv
try	0x575ecd-0x5760cd	ok
try	0x575ccd-0x575ecd	ok
try	0x4e7af9-0x4e7cf9	reject
split	0x4e7af9-0x4e7cf9	0x4e7af9-0x4e7bf9
split	0x4e7af9-0x4e7cf9	0x4e7bf9-0x4e7cf9
try	0x575acd-0x575ccd	ok
try	0x5758cd-0x575acd	ok
try	0x4e7cf9-0x4e7ef9	reject
split	0x4e7cf9-0x4e7ef9	0x4e7cf9-0x4e7df9
split	0x4e7cf9-0x4e7ef9	0x4e7df9-0x4e7ef9
try	0x5760cd-0x5762cd	ok
try	0x5762cd-0x5762d0	ok
try	0x4e7ef9-0x4e80f9	reject
split	0x4e7ef9-0x4e80f9	0x4e7ef9-0x4e7ff9
split	0x4e7ef9-0x4e80f9	0x4e7ff9-0x4e80f9
try	0x2af975-0x2afb75	ok
try	0x2af575-0x2af775	ok
try	0x4e76f9-0x4e78f9	reject
split	0x4e76f9-0x4e78f9	0x4e76f9-0x4e77f9
split	0x4e76f9-0x4e78f9	0x4e77f9-0x4e78f9
try	0x4e78f9-0x4e7af9	reject
split	0x4e78f9-0x4e7af9	0x4e78f9-0x4e79f9
split	0x4e78f9-0x4e7af9	0x4e79f9-0x4e7af9
try	0x2af175-0x2af375	reject
split	0x2af175-0x2af375	0x2af175-0x2af275
split	0x2af175-0x2af375	0x2af275-0x2af375
try	0x2af775-0x2af975	ok
try	0x2af375-0x2af575	ok
try	0x4e7af9-0x4e7bf9	reject
split	0x4e7af9-0x4e7bf9	0x4e7af9-0x4e7b79
split	0x4e7af9-0x4e7bf9	0x4e7b79-0x4e7bf9
try	0x326dbb-0x326fbb	ok
try	0x4e7bf9-0x4e7cf9	ok
try	0x326bbb-0x326dbb	ok
try	0x4e7ff9-0x4e80f9	reject
split	0x4e7ff9-0x4e80f9	0x4e7ff9-0x4e8079
split	0x4e7ff9-0x4e80f9	0x4e8079-0x4e80f9
try	0x4e7cf9-0x4e7df9	reject
split	0x4e7cf9-0x4e7df9	0x4e7cf9-0x4e7d79
split	0x4e7cf9-0x4e7df9	0x4e7d79-0x4e7df9
try	0x4e77f9-0x4e78f9	reject
split	0x4e77f9-0x4e78f9	0x4e77f9-0x4e7879
split	0x4e77f9-0x4e78f9	0x4e7879-0x4e78f9
try	0x4e79f9-0x4e7af9	reject
split	0x4e79f9-0x4e7af9	0x4e79f9-0x4e7a79
split	0x4e79f9-0x4e7af9	0x4e7a79-0x4e7af9
try	0x3273bb-0x3275b6	ok
try	0x326fbb-0x3271bb	ok
try	0x2af275-0x2af375	ok
wrote	native_gap_retdec_batch1558.ranges	16
appended_reject_cache	dumps/vmtail-wide-1m-w16/vm_executable_gap_retdec_reject_cache.tsv	11
# elapsed 6.66s
created_batches	1558
+ make -j 16 native-gap-retdec-batch1558
make[1]: Entering directory '/models/dev/sc-rev/eac/eacsym'
make dumps/vmtail-wide-1m-w16/vm_native_gap_retdec_batch1558.c
make[2]: Entering directory '/models/dev/sc-rev/eac/eacsym'
python3 vm_native_gap_retdec_batch.py --batch-index 1558 --ranges-file native_gap_retdec_batch1558.ranges > dumps/vmtail-wide-1m-w16/vm_native_gap_retdec_batch1558.c
native_gap_retdec_batch=1558
native_gap_retdec_selected_ranges=16
make[2]: Leaving directory '/models/dev/sc-rev/eac/eacsym'
make[1]: Leaving directory '/models/dev/sc-rev/eac/eacsym'
# elapsed 1.91s
+ cc -std=c11 -fsyntax-only -w dumps/vmtail-wide-1m-w16/vm_native_gap_retdec_batch1558.c
# elapsed 0.02s
+ make -s native-executable-coverage-audit native-retdec-gap-queue
# elapsed 2.73s
+ make -s uncovered-executable-gaps
uncovered_executable_gaps=3262 bytes=1045691
uncovered_executable_gaps=3262 bytes=1045691
uncovered_executable_gaps=3262 bytes=1045691
# elapsed 0.92s
coverage_delta
native_executable_coverage_range_rows	57621	58835	delta=+1214
native_executable_coverage_gap_rows	3271	3267	delta=-4
native_executable_coverage_recovered_bytes	4524664	4605349	delta=+80685
native_executable_coverage_uncovered_bytes	1126376	1045691	delta=-80685
round_start	12
+ python3 vm_executable_gap_retdec_probe.py --root . --section .text --chunk-bytes 0x200 --min-chunk-bytes 0x80 --max-split-candidates 128 --max-gap-chunks 8 --max-candidates 384 --max-accepted 16 --probe-jobs 16 --timeout 30 --reject-cache dumps/vmtail-wide-1m-w16/vm_executable_gap_retdec_reject_cache.tsv
try	0x55f432-0x55f632	ok
try	0x5151d8-0x5153a0	ok
try	0x133fa5-0x1341a5	ok
try	0x55ee32-0x55f032	ok
try	0x133da5-0x133fa5	reject
split	0x133da5-0x133fa5	0x133da5-0x133ea5
split	0x133da5-0x133fa5	0x133ea5-0x133fa5
try	0x1345a5-0x134781	reject
split	0x1345a5-0x134781	0x1345a5-0x134693
split	0x1345a5-0x134781	0x134693-0x134781
try	0x1341a5-0x1343a5	ok
try	0x1343a5-0x1345a5	reject
split	0x1343a5-0x1345a5	0x1343a5-0x1344a5
split	0x1343a5-0x1345a5	0x1344a5-0x1345a5
try	0x55f232-0x55f432	ok
try	0x55f032-0x55f232	ok
try	0x514bd8-0x514dd8	ok
try	0x514dd8-0x514fd8	ok
try	0x5149d8-0x514bd8	ok
try	0x29b8c9-0x29bac9	ok
try	0x514fd8-0x5151d8	ok
try	0x55f632-0x55f800	ok
try	0x134693-0x134781	ok
try	0x1345a5-0x134693	reject
split	0x1345a5-0x134693	0x1345a5-0x13461c
split	0x1345a5-0x134693	0x13461c-0x134693
try	0x29bac9-0x29bcc9	ok
try	0x1344a5-0x1345a5	ok
wrote	native_gap_retdec_batch1559.ranges	16
appended_reject_cache	dumps/vmtail-wide-1m-w16/vm_executable_gap_retdec_reject_cache.tsv	4
# elapsed 5.93s
created_batches	1559
+ make -j 16 native-gap-retdec-batch1559
make[1]: Entering directory '/models/dev/sc-rev/eac/eacsym'
make dumps/vmtail-wide-1m-w16/vm_native_gap_retdec_batch1559.c
make[2]: Entering directory '/models/dev/sc-rev/eac/eacsym'
python3 vm_native_gap_retdec_batch.py --batch-index 1559 --ranges-file native_gap_retdec_batch1559.ranges > dumps/vmtail-wide-1m-w16/vm_native_gap_retdec_batch1559.c
native_gap_retdec_batch=1559
native_gap_retdec_selected_ranges=16
make[2]: Leaving directory '/models/dev/sc-rev/eac/eacsym'
make[1]: Leaving directory '/models/dev/sc-rev/eac/eacsym'
# elapsed 2.39s
+ cc -std=c11 -fsyntax-only -w dumps/vmtail-wide-1m-w16/vm_native_gap_retdec_batch1559.c
# elapsed 0.02s
+ make -s native-executable-coverage-audit native-retdec-gap-queue
# elapsed 2.73s
+ make -s uncovered-executable-gaps
uncovered_executable_gaps=3262 bytes=1038135
uncovered_executable_gaps=3262 bytes=1038135
uncovered_executable_gaps=3262 bytes=1038135
# elapsed 0.89s
coverage_delta
native_executable_coverage_range_rows	57621	58902	delta=+1281
native_executable_coverage_gap_rows	3271	3267	delta=-4
native_executable_coverage_recovered_bytes	4524664	4612905	delta=+88241
native_executable_coverage_uncovered_bytes	1126376	1038135	delta=-88241
round_start	13
+ python3 vm_executable_gap_retdec_probe.py --root . --section .text --chunk-bytes 0x200 --min-chunk-bytes 0x80 --max-split-candidates 128 --max-gap-chunks 8 --max-candidates 384 --max-accepted 16 --probe-jobs 16 --timeout 30 --reject-cache dumps/vmtail-wide-1m-w16/vm_executable_gap_retdec_reject_cache.tsv
try	0x560862-0x560a62	ok
try	0x560a62-0x560c00	ok
try	0x75a11-0x75c11	ok
try	0x75c11-0x75db0	ok
try	0x53dc0b-0x53de0b	ok
try	0x75411-0x75611	ok
try	0x35828a-0x35848a	reject
split	0x35828a-0x35848a	0x35828a-0x35838a
split	0x35828a-0x35848a	0x35838a-0x35848a
try	0x35808a-0x35828a	ok
try	0x560662-0x560862	ok
try	0x75811-0x75a11	ok
try	0x35888a-0x358a24	ok
try	0x560462-0x560662	ok
try	0x560262-0x560462	ok
try	0x35848a-0x35868a	ok
try	0x35868a-0x35888a	reject
split	0x35868a-0x35888a	0x35868a-0x35878a
split	0x35868a-0x35888a	0x35878a-0x35888a
try	0x75611-0x75811	ok
try	0x53e00b-0x53e20b	ok
try	0x53e40b-0x53e5a0	ok
wrote	native_gap_retdec_batch1560.ranges	16
appended_reject_cache	dumps/vmtail-wide-1m-w16/vm_executable_gap_retdec_reject_cache.tsv	2
# elapsed 5.76s
created_batches	1560
+ make -j 16 native-gap-retdec-batch1560
make[1]: Entering directory '/models/dev/sc-rev/eac/eacsym'
make dumps/vmtail-wide-1m-w16/vm_native_gap_retdec_batch1560.c
make[2]: Entering directory '/models/dev/sc-rev/eac/eacsym'
python3 vm_native_gap_retdec_batch.py --batch-index 1560 --ranges-file native_gap_retdec_batch1560.ranges > dumps/vmtail-wide-1m-w16/vm_native_gap_retdec_batch1560.c
native_gap_retdec_batch=1560
native_gap_retdec_selected_ranges=16
make[2]: Leaving directory '/models/dev/sc-rev/eac/eacsym'
make[1]: Leaving directory '/models/dev/sc-rev/eac/eacsym'
# elapsed 2.24s
+ cc -std=c11 -fsyntax-only -w dumps/vmtail-wide-1m-w16/vm_native_gap_retdec_batch1560.c
dumps/vmtail-wide-1m-w16/vm_native_gap_retdec_batch1560.c: In function ‘function_75830’:
dumps/vmtail-wide-1m-w16/vm_native_gap_retdec_batch1560.c:790:18: error: implicit declaration of function ‘__asm_vmwrite’; did you mean ‘__asm_wait’? [-Wimplicit-function-declaration]
  790 |     int64_t v1 = __asm_vmwrite(a2); // 0x7583f
      |                  ^~~~~~~~~~~~~
      |                  __asm_wait
# elapsed 0.02s
quarantined_range_file	native_gap_retdec_batch1560.ranges	native_gap_retdec_batch1560.ranges.failed
removed_failed_sidecar	dumps/vmtail-wide-1m-w16/vm_native_gap_retdec_batch1560.c
salvage_batch_start	1560	16
salvage_try	0x75411-0x75611	batch=1560
salvage_try	0x75611-0x75811	batch=1561
salvage_try	0x75811-0x75a11	batch=1562
salvage_try	0x75a11-0x75c11	batch=1563
salvage_try	0x75c11-0x75db0	batch=1564
salvage_try	0x35808a-0x35828a	batch=1565
salvage_try	0x35848a-0x35868a	batch=1566
salvage_try	0x35888a-0x358a24	batch=1567
salvage_try	0x53dc0b-0x53de0b	batch=1568
salvage_try	0x53e00b-0x53e20b	batch=1569
salvage_try	0x53e40b-0x53e5a0	batch=1570
salvage_try	0x560262-0x560462	batch=1571
salvage_try	0x560462-0x560662	batch=1572
salvage_try	0x560662-0x560862	batch=1573
salvage_try	0x560862-0x560a62	batch=1574
salvage_try	0x560a62-0x560c00	batch=1575
+ make -j 16 native-gap-retdec-batch1560 native-gap-retdec-batch1561 native-gap-retdec-batch1562 native-gap-retdec-batch1563 native-gap-retdec-batch1564 native-gap-retdec-batch1565 native-gap-retdec-batch1566 native-gap-retdec-batch1567 native-gap-retdec-batch1568 native-gap-retdec-batch1569 native-gap-retdec-batch1570 native-gap-retdec-batch1571 native-gap-retdec-batch1572 native-gap-retdec-batch1573 native-gap-retdec-batch1574 native-gap-retdec-batch1575
make[1]: Entering directory '/models/dev/sc-rev/eac/eacsym'
make dumps/vmtail-wide-1m-w16/vm_native_gap_retdec_batch1560.c
make dumps/vmtail-wide-1m-w16/vm_native_gap_retdec_batch1561.c
make dumps/vmtail-wide-1m-w16/vm_native_gap_retdec_batch1562.c
make dumps/vmtail-wide-1m-w16/vm_native_gap_retdec_batch1563.c
make dumps/vmtail-wide-1m-w16/vm_native_gap_retdec_batch1564.c
make dumps/vmtail-wide-1m-w16/vm_native_gap_retdec_batch1565.c
make dumps/vmtail-wide-1m-w16/vm_native_gap_retdec_batch1566.c
make dumps/vmtail-wide-1m-w16/vm_native_gap_retdec_batch1567.c
make dumps/vmtail-wide-1m-w16/vm_native_gap_retdec_batch1568.c
make dumps/vmtail-wide-1m-w16/vm_native_gap_retdec_batch1569.c
make dumps/vmtail-wide-1m-w16/vm_native_gap_retdec_batch1570.c
make dumps/vmtail-wide-1m-w16/vm_native_gap_retdec_batch1571.c
make dumps/vmtail-wide-1m-w16/vm_native_gap_retdec_batch1572.c
make dumps/vmtail-wide-1m-w16/vm_native_gap_retdec_batch1573.c
make dumps/vmtail-wide-1m-w16/vm_native_gap_retdec_batch1574.c
make dumps/vmtail-wide-1m-w16/vm_native_gap_retdec_batch1575.c
make[2]: Entering directory '/models/dev/sc-rev/eac/eacsym'
python3 vm_native_gap_retdec_batch.py --batch-index 1568 --ranges-file native_gap_retdec_batch1568.ranges > dumps/vmtail-wide-1m-w16/vm_native_gap_retdec_batch1568.c
make[2]: Entering directory '/models/dev/sc-rev/eac/eacsym'
python3 vm_native_gap_retdec_batch.py --batch-index 1560 --ranges-file native_gap_retdec_batch1560.ranges > dumps/vmtail-wide-1m-w16/vm_native_gap_retdec_batch1560.c
make[2]: Entering directory '/models/dev/sc-rev/eac/eacsym'
python3 vm_native_gap_retdec_batch.py --batch-index 1561 --ranges-file native_gap_retdec_batch1561.ranges > dumps/vmtail-wide-1m-w16/vm_native_gap_retdec_batch1561.c
make[2]: Entering directory '/models/dev/sc-rev/eac/eacsym'
python3 vm_native_gap_retdec_batch.py --batch-index 1562 --ranges-file native_gap_retdec_batch1562.ranges > dumps/vmtail-wide-1m-w16/vm_native_gap_retdec_batch1562.c
make[2]: Entering directory '/models/dev/sc-rev/eac/eacsym'
python3 vm_native_gap_retdec_batch.py --batch-index 1571 --ranges-file native_gap_retdec_batch1571.ranges > dumps/vmtail-wide-1m-w16/vm_native_gap_retdec_batch1571.c
make[2]: Entering directory '/models/dev/sc-rev/eac/eacsym'
python3 vm_native_gap_retdec_batch.py --batch-index 1570 --ranges-file native_gap_retdec_batch1570.ranges > dumps/vmtail-wide-1m-w16/vm_native_gap_retdec_batch1570.c
make[2]: Entering directory '/models/dev/sc-rev/eac/eacsym'
make[2]: Entering directory '/models/dev/sc-rev/eac/eacsym'
make[2]: Entering directory '/models/dev/sc-rev/eac/eacsym'
python3 vm_native_gap_retdec_batch.py --batch-index 1563 --ranges-file native_gap_retdec_batch1563.ranges > dumps/vmtail-wide-1m-w16/vm_native_gap_retdec_batch1563.c
python3 vm_native_gap_retdec_batch.py --batch-index 1572 --ranges-file native_gap_retdec_batch1572.ranges > dumps/vmtail-wide-1m-w16/vm_native_gap_retdec_batch1572.c
python3 vm_native_gap_retdec_batch.py --batch-index 1564 --ranges-file native_gap_retdec_batch1564.ranges > dumps/vmtail-wide-1m-w16/vm_native_gap_retdec_batch1564.c
make[2]: Entering directory '/models/dev/sc-rev/eac/eacsym'
python3 vm_native_gap_retdec_batch.py --batch-index 1565 --ranges-file native_gap_retdec_batch1565.ranges > dumps/vmtail-wide-1m-w16/vm_native_gap_retdec_batch1565.c
make[2]: Entering directory '/models/dev/sc-rev/eac/eacsym'
python3 vm_native_gap_retdec_batch.py --batch-index 1573 --ranges-file native_gap_retdec_batch1573.ranges > dumps/vmtail-wide-1m-w16/vm_native_gap_retdec_batch1573.c
make[2]: Entering directory '/models/dev/sc-rev/eac/eacsym'
python3 vm_native_gap_retdec_batch.py --batch-index 1574 --ranges-file native_gap_retdec_batch1574.ranges > dumps/vmtail-wide-1m-w16/vm_native_gap_retdec_batch1574.c
make[2]: Entering directory '/models/dev/sc-rev/eac/eacsym'
python3 vm_native_gap_retdec_batch.py --batch-index 1566 --ranges-file native_gap_retdec_batch1566.ranges > dumps/vmtail-wide-1m-w16/vm_native_gap_retdec_batch1566.c
make[2]: Entering directory '/models/dev/sc-rev/eac/eacsym'
python3 vm_native_gap_retdec_batch.py --batch-index 1567 --ranges-file native_gap_retdec_batch1567.ranges > dumps/vmtail-wide-1m-w16/vm_native_gap_retdec_batch1567.c
make[2]: Entering directory '/models/dev/sc-rev/eac/eacsym'
python3 vm_native_gap_retdec_batch.py --batch-index 1569 --ranges-file native_gap_retdec_batch1569.ranges > dumps/vmtail-wide-1m-w16/vm_native_gap_retdec_batch1569.c
make[2]: Entering directory '/models/dev/sc-rev/eac/eacsym'
python3 vm_native_gap_retdec_batch.py --batch-index 1575 --ranges-file native_gap_retdec_batch1575.ranges > dumps/vmtail-wide-1m-w16/vm_native_gap_retdec_batch1575.c
native_gap_retdec_batch=1569
native_gap_retdec_selected_ranges=1
make[2]: Leaving directory '/models/dev/sc-rev/eac/eacsym'
native_gap_retdec_batch=1575
native_gap_retdec_selected_ranges=1
make[2]: Leaving directory '/models/dev/sc-rev/eac/eacsym'
native_gap_retdec_batch=1563
native_gap_retdec_selected_ranges=1
make[2]: Leaving directory '/models/dev/sc-rev/eac/eacsym'
native_gap_retdec_batch=1564
native_gap_retdec_selected_ranges=1
make[2]: Leaving directory '/models/dev/sc-rev/eac/eacsym'
native_gap_retdec_batch=1572
native_gap_retdec_selected_ranges=1
make[2]: Leaving directory '/models/dev/sc-rev/eac/eacsym'
native_gap_retdec_batch=1562
native_gap_retdec_selected_ranges=1
make[2]: Leaving directory '/models/dev/sc-rev/eac/eacsym'
native_gap_retdec_batch=1573
native_gap_retdec_selected_ranges=1
make[2]: Leaving directory '/models/dev/sc-rev/eac/eacsym'
native_gap_retdec_batch=1566
native_gap_retdec_selected_ranges=1
make[2]: Leaving directory '/models/dev/sc-rev/eac/eacsym'
native_gap_retdec_batch=1568
native_gap_retdec_selected_ranges=1
make[2]: Leaving directory '/models/dev/sc-rev/eac/eacsym'
native_gap_retdec_batch=1571
native_gap_retdec_selected_ranges=1
make[2]: Leaving directory '/models/dev/sc-rev/eac/eacsym'
native_gap_retdec_batch=1565
native_gap_retdec_selected_ranges=1
native_gap_retdec_batch=1574
native_gap_retdec_selected_ranges=1
make[2]: Leaving directory '/models/dev/sc-rev/eac/eacsym'
make[2]: Leaving directory '/models/dev/sc-rev/eac/eacsym'
native_gap_retdec_batch=1570
native_gap_retdec_selected_ranges=1
make[2]: Leaving directory '/models/dev/sc-rev/eac/eacsym'
native_gap_retdec_batch=1567
native_gap_retdec_selected_ranges=1
make[2]: Leaving directory '/models/dev/sc-rev/eac/eacsym'
native_gap_retdec_batch=1560
native_gap_retdec_selected_ranges=1
make[2]: Leaving directory '/models/dev/sc-rev/eac/eacsym'
native_gap_retdec_batch=1561
native_gap_retdec_selected_ranges=1
make[2]: Leaving directory '/models/dev/sc-rev/eac/eacsym'
make[1]: Leaving directory '/models/dev/sc-rev/eac/eacsym'
# elapsed 2.43s
+ cc -std=c11 -fsyntax-only -w dumps/vmtail-wide-1m-w16/vm_native_gap_retdec_batch1560.c
# elapsed 0.01s
+ cc -std=c11 -fsyntax-only -w dumps/vmtail-wide-1m-w16/vm_native_gap_retdec_batch1561.c
# elapsed 0.01s
+ cc -std=c11 -fsyntax-only -w dumps/vmtail-wide-1m-w16/vm_native_gap_retdec_batch1562.c
# elapsed 0.01s
+ cc -std=c11 -fsyntax-only -w dumps/vmtail-wide-1m-w16/vm_native_gap_retdec_batch1563.c
# elapsed 0.01s
+ cc -std=c11 -fsyntax-only -w dumps/vmtail-wide-1m-w16/vm_native_gap_retdec_batch1564.c
# elapsed 0.01s
+ cc -std=c11 -fsyntax-only -w dumps/vmtail-wide-1m-w16/vm_native_gap_retdec_batch1565.c
# elapsed 0.01s
+ cc -std=c11 -fsyntax-only -w dumps/vmtail-wide-1m-w16/vm_native_gap_retdec_batch1566.c
# elapsed 0.01s
+ cc -std=c11 -fsyntax-only -w dumps/vmtail-wide-1m-w16/vm_native_gap_retdec_batch1567.c
# elapsed 0.01s
+ cc -std=c11 -fsyntax-only -w dumps/vmtail-wide-1m-w16/vm_native_gap_retdec_batch1568.c
# elapsed 0.01s
+ cc -std=c11 -fsyntax-only -w dumps/vmtail-wide-1m-w16/vm_native_gap_retdec_batch1569.c
# elapsed 0.01s
+ cc -std=c11 -fsyntax-only -w dumps/vmtail-wide-1m-w16/vm_native_gap_retdec_batch1570.c
# elapsed 0.01s
+ cc -std=c11 -fsyntax-only -w dumps/vmtail-wide-1m-w16/vm_native_gap_retdec_batch1571.c
# elapsed 0.01s
+ cc -std=c11 -fsyntax-only -w dumps/vmtail-wide-1m-w16/vm_native_gap_retdec_batch1572.c
# elapsed 0.01s
+ cc -std=c11 -fsyntax-only -w dumps/vmtail-wide-1m-w16/vm_native_gap_retdec_batch1573.c
# elapsed 0.01s
+ cc -std=c11 -fsyntax-only -w dumps/vmtail-wide-1m-w16/vm_native_gap_retdec_batch1574.c
# elapsed 0.01s
+ cc -std=c11 -fsyntax-only -w dumps/vmtail-wide-1m-w16/vm_native_gap_retdec_batch1575.c
# elapsed 0.01s
salvage_batch_done	1560	salvaged=1560,1561,1562,1563,1564,1565,1566,1567,1568,1569,1570,1571,1572,1573,1574,1575	rejected=0
+ make -s native-executable-coverage-audit native-retdec-gap-queue
# elapsed 2.79s
+ make -s uncovered-executable-gaps
uncovered_executable_gaps=3262 bytes=1030347
uncovered_executable_gaps=3262 bytes=1030347
uncovered_executable_gaps=3262 bytes=1030347
# elapsed 0.91s
coverage_delta
native_executable_coverage_range_rows	57621	59038	delta=+1417
native_executable_coverage_gap_rows	3271	3267	delta=-4
native_executable_coverage_recovered_bytes	4524664	4620693	delta=+96029
native_executable_coverage_uncovered_bytes	1126376	1030347	delta=-96029
round_start	14
+ python3 vm_executable_gap_retdec_probe.py --root . --section .text --chunk-bytes 0x200 --min-chunk-bytes 0x80 --max-split-candidates 128 --max-gap-chunks 8 --max-candidates 384 --max-accepted 16 --probe-jobs 16 --timeout 30 --reject-cache dumps/vmtail-wide-1m-w16/vm_executable_gap_retdec_reject_cache.tsv
try	0x33ae7b-0x33b07b	ok
try	0x4e9579-0x4e9779	reject
split	0x4e9579-0x4e9779	0x4e9579-0x4e9679
split	0x4e9579-0x4e9779	0x4e9679-0x4e9779
try	0x2c4c4e-0x2c4e4e	ok
try	0x2c484e-0x2c4a4e	ok
try	0x33b07b-0x33b1f2	ok
try	0x39d1b1-0x39d3b1	ok
try	0x33aa7b-0x33ac7b	ok
try	0x2c4a4e-0x2c4c4e	ok
try	0x4e9979-0x4e9ae0	reject
split	0x4e9979-0x4e9ae0	0x4e9979-0x4e9a2c
split	0x4e9979-0x4e9ae0	0x4e9a2c-0x4e9ae0
try	0x33ac7b-0x33ae7b	ok
try	0x33a87b-0x33aa7b	ok
try	0x2c4e4e-0x2c4fc5	ok
try	0x2c464e-0x2c484e	ok
try	0x4e9179-0x4e9379	reject
split	0x4e9179-0x4e9379	0x4e9179-0x4e9279
split	0x4e9179-0x4e9379	0x4e9279-0x4e9379
try	0x4e9779-0x4e9979	reject
split	0x4e9779-0x4e9979	0x4e9779-0x4e9879
split	0x4e9779-0x4e9979	0x4e9879-0x4e9979
try	0x4e9379-0x4e9579	reject
split	0x4e9379-0x4e9579	0x4e9379-0x4e9479
split	0x4e9379-0x4e9579	0x4e9479-0x4e9579
try	0x39d5b1-0x39d7b1	ok
try	0x4e9679-0x4e9779	reject
split	0x4e9679-0x4e9779	0x4e9679-0x4e96f9
split	0x4e9679-0x4e9779	0x4e96f9-0x4e9779
try	0x4e9579-0x4e9679	reject
split	0x4e9579-0x4e9679	0x4e9579-0x4e95f9
split	0x4e9579-0x4e9679	0x4e95f9-0x4e9679
try	0x39d9b1-0x39db0e	ok
try	0x39d3b1-0x39d5b1	ok
try	0x39d7b1-0x39d9b1	ok
try	0x27c841-0x27ca41	ok
wrote	native_gap_retdec_batch1576.ranges	16
appended_reject_cache	dumps/vmtail-wide-1m-w16/vm_executable_gap_retdec_reject_cache.tsv	7
# elapsed 6.34s
created_batches	1576
+ make -j 16 native-gap-retdec-batch1576
make[1]: Entering directory '/models/dev/sc-rev/eac/eacsym'
make dumps/vmtail-wide-1m-w16/vm_native_gap_retdec_batch1576.c
make[2]: Entering directory '/models/dev/sc-rev/eac/eacsym'
python3 vm_native_gap_retdec_batch.py --batch-index 1576 --ranges-file native_gap_retdec_batch1576.ranges > dumps/vmtail-wide-1m-w16/vm_native_gap_retdec_batch1576.c
native_gap_retdec_batch=1576
native_gap_retdec_selected_ranges=16
make[2]: Leaving directory '/models/dev/sc-rev/eac/eacsym'
make[1]: Leaving directory '/models/dev/sc-rev/eac/eacsym'
# elapsed 1.79s
+ cc -std=c11 -fsyntax-only -w dumps/vmtail-wide-1m-w16/vm_native_gap_retdec_batch1576.c
# elapsed 0.02s
+ make -s native-executable-coverage-audit native-retdec-gap-queue
# elapsed 2.77s
+ make -s uncovered-executable-gaps
uncovered_executable_gaps=3260 bytes=1022592
uncovered_executable_gaps=3260 bytes=1022592
uncovered_executable_gaps=3260 bytes=1022592
# elapsed 0.93s
coverage_delta
native_executable_coverage_range_rows	57621	59093	delta=+1472
native_executable_coverage_gap_rows	3271	3265	delta=-6
native_executable_coverage_recovered_bytes	4524664	4628448	delta=+103784
native_executable_coverage_uncovered_bytes	1126376	1022592	delta=-103784
round_start	15
+ python3 vm_executable_gap_retdec_probe.py --root . --section .text --chunk-bytes 0x200 --min-chunk-bytes 0x80 --max-split-candidates 128 --max-gap-chunks 8 --max-candidates 384 --max-accepted 16 --probe-jobs 16 --timeout 30 --reject-cache dumps/vmtail-wide-1m-w16/vm_executable_gap_retdec_reject_cache.tsv
try	0x4e96f9-0x4e9779	ok
try	0x4e9679-0x4e96f9	ok
try	0x4a8271-0x4a8471	ok
try	0x4a8471-0x4a8671	ok
try	0x4e9179-0x4e9279	reject
try	0x4a8671-0x4a8871	ok
try	0x4e9579-0x4e95f9	reject
try	0x4e9379-0x4e9479	ok
try	0x47baee-0x47bcee	ok
try	0x4a8871-0x4a8a71	ok
try	0x4e9279-0x4e9379	reject
split	0x4e9279-0x4e9379	0x4e92f9-0x4e9379
try	0x4e95f9-0x4e9679	reject
try	0x4e9479-0x4e9579	ok
try	0x47b8ee-0x47baee	ok
try	0x4a8a71-0x4a8bb0	ok
try	0x47bcee-0x47beee	ok
try	0x2958b8-0x295ab8	ok
try	0x295cb8-0x295eb8	reject
split	0x295cb8-0x295eb8	0x295cb8-0x295db8
split	0x295cb8-0x295eb8	0x295db8-0x295eb8
try	0x47c0ee-0x47c22d	ok
try	0x47beee-0x47c0ee	ok
try	0x4e92f9-0x4e9379	ok
wrote	native_gap_retdec_batch1577.ranges	16
appended_reject_cache	dumps/vmtail-wide-1m-w16/vm_executable_gap_retdec_reject_cache.tsv	5
# elapsed 6.09s
created_batches	1577
+ make -j 16 native-gap-retdec-batch1577
make[1]: Entering directory '/models/dev/sc-rev/eac/eacsym'
make dumps/vmtail-wide-1m-w16/vm_native_gap_retdec_batch1577.c
make[2]: Entering directory '/models/dev/sc-rev/eac/eacsym'
python3 vm_native_gap_retdec_batch.py --batch-index 1577 --ranges-file native_gap_retdec_batch1577.ranges > dumps/vmtail-wide-1m-w16/vm_native_gap_retdec_batch1577.c
native_gap_retdec_batch=1577
native_gap_retdec_selected_ranges=16
make[2]: Leaving directory '/models/dev/sc-rev/eac/eacsym'
make[1]: Leaving directory '/models/dev/sc-rev/eac/eacsym'
# elapsed 1.85s
+ cc -std=c11 -fsyntax-only -w dumps/vmtail-wide-1m-w16/vm_native_gap_retdec_batch1577.c
dumps/vmtail-wide-1m-w16/vm_native_gap_retdec_batch1577.c: In function ‘function_4e92fd’:
dumps/vmtail-wide-1m-w16/vm_native_gap_retdec_batch1577.c:1091:5: error: implicit declaration of function ‘__asm_paddd’; did you mean ‘__asm_paddq’? [-Wimplicit-function-declaration]
 1091 |     __asm_paddd(v4, v4);
      |     ^~~~~~~~~~~
      |     __asm_paddq
dumps/vmtail-wide-1m-w16/vm_native_gap_retdec_batch1577.c:1095:29: error: implicit declaration of function ‘__asm_pslld’; did you mean ‘__asm_psllq’? [-Wimplicit-function-declaration]
 1095 |     int128_t v8 = __asm_por(__asm_pslld(v6, 20), __asm_psrld(__asm_movdqa(v6), 12)); // 0x4e931a
      |                             ^~~~~~~~~~~
      |                             __asm_psllq
dumps/vmtail-wide-1m-w16/vm_native_gap_retdec_batch1577.c:1095:50: error: implicit declaration of function ‘__asm_psrld’; did you mean ‘__asm_psrlq’? [-Wimplicit-function-declaration]
 1095 |     int128_t v8 = __asm_por(__asm_pslld(v6, 20), __asm_psrld(__asm_movdqa(v6), 12)); // 0x4e931a
      |                                                  ^~~~~~~~~~~
      |                                                  __asm_psrlq
dumps/vmtail-wide-1m-w16/vm_native_gap_retdec_batch1577.c:1097:20: error: implicit declaration of function ‘__asm_paddd_136’; did you mean ‘__asm_paddq’? [-Wimplicit-function-declaration]
 1097 |     int128_t v10 = __asm_paddd_136(v5, v5); // 0x4e9333
      |                    ^~~~~~~~~~~~~~~
      |                    __asm_paddq
dumps/vmtail-wide-1m-w16/vm_native_gap_retdec_batch1577.c:1103:20: error: implicit declaration of function ‘__asm_pshufb’; did you mean ‘__asm_pshufd’? [-Wimplicit-function-declaration]
 1103 |     int128_t v16 = __asm_pshufb(v14, v5); // 0x4e934e
      |                    ^~~~~~~~~~~~
      |                    __asm_pshufd
dumps/vmtail-wide-1m-w16/vm_native_gap_retdec_batch1577.c:1121:22: error: implicit declaration of function ‘__asm_shufps’; did you mean ‘__asm_pshufd’? [-Wimplicit-function-declaration]
 1121 |         __asm_pshufd(__asm_shufps(v30, v31, -42), 57);
      |                      ^~~~~~~~~~~~
      |                      __asm_pshufd
dumps/vmtail-wide-1m-w16/vm_native_gap_retdec_batch1577.c:1122:24: error: implicit declaration of function ‘__asm_pblendw’; did you mean ‘__asm_pslldq’? [-Wimplicit-function-declaration]
 1122 |         int128_t v33 = __asm_pblendw(v32, __asm_shufps(__asm_movdqa(v5), v5, -6), -52); // 0x4e93e4
      |                        ^~~~~~~~~~~~~
      |                        __asm_pslldq
dumps/vmtail-wide-1m-w16/vm_native_gap_retdec_batch1577.c:1124:42: error: implicit declaration of function ‘__asm_punpckhdq’; did you mean ‘__asm_punpckldq’? [-Wimplicit-function-declaration]
 1124 |         __asm_pshufd(__asm_punpckldq(v5, __asm_punpckhdq(v31, v5)), 30);
      |                                          ^~~~~~~~~~~~~~~
      |                                          __asm_punpckldq
dumps/vmtail-wide-1m-w16/vm_native_gap_retdec_batch1577.c:1125:23: error: implicit declaration of function ‘__asm_movdqa_137’; did you mean ‘__asm_movdqu_133’? [-Wimplicit-function-declaration]
 1125 |         int64_t v35 = __asm_movdqa_137(v33); // 0x4e940f
      |                       ^~~~~~~~~~~~~~~~
      |                       __asm_movdqu_133
dumps/vmtail-wide-1m-w16/vm_native_gap_retdec_batch1577.c:1160:20: error: implicit declaration of function ‘__asm_blendvps’; did you mean ‘__asm_addps’? [-Wimplicit-function-declaration]
 1160 |     int128_t v53 = __asm_blendvps(v49, v51); // 0x4e94e7
      |                    ^~~~~~~~~~~~~~
      |                    __asm_addps
dumps/vmtail-wide-1m-w16/vm_native_gap_retdec_batch1577.c:1168:5: error: implicit declaration of function ‘__asm_movups_138’; did you mean ‘__asm_movups_134’? [-Wimplicit-function-declaration]
 1168 |     __asm_movups_138(v57);
      |     ^~~~~~~~~~~~~~~~
      |     __asm_movups_134
dumps/vmtail-wide-1m-w16/vm_native_gap_retdec_batch1577.c:1170:5: error: implicit declaration of function ‘__asm_pinsrd’; did you mean ‘__asm_insd’? [-Wimplicit-function-declaration]
 1170 |     __asm_pinsrd(__asm_pinsrd(__asm_movd((int32_t)v55), (int32_t)v56, 1), 64, 2);
      |     ^~~~~~~~~~~~
      |     __asm_insd
# elapsed 0.02s
quarantined_range_file	native_gap_retdec_batch1577.ranges	native_gap_retdec_batch1577.ranges.failed
removed_failed_sidecar	dumps/vmtail-wide-1m-w16/vm_native_gap_retdec_batch1577.c
salvage_batch_start	1577	16
salvage_try	0x2958b8-0x295ab8	batch=1577
salvage_try	0x47b8ee-0x47baee	batch=1578
salvage_try	0x47baee-0x47bcee	batch=1579
salvage_try	0x47bcee-0x47beee	batch=1580
salvage_try	0x47beee-0x47c0ee	batch=1581
salvage_try	0x47c0ee-0x47c22d	batch=1582
salvage_try	0x4a8271-0x4a8471	batch=1583
salvage_try	0x4a8471-0x4a8671	batch=1584
salvage_try	0x4a8671-0x4a8871	batch=1585
salvage_try	0x4a8871-0x4a8a71	batch=1586
salvage_try	0x4a8a71-0x4a8bb0	batch=1587
salvage_try	0x4e92f9-0x4e9379	batch=1588
salvage_try	0x4e9379-0x4e9479	batch=1589
salvage_try	0x4e9479-0x4e9579	batch=1590
salvage_try	0x4e9679-0x4e96f9	batch=1591
salvage_try	0x4e96f9-0x4e9779	batch=1592
+ make -j 16 native-gap-retdec-batch1577 native-gap-retdec-batch1578 native-gap-retdec-batch1579 native-gap-retdec-batch1580 native-gap-retdec-batch1581 native-gap-retdec-batch1582 native-gap-retdec-batch1583 native-gap-retdec-batch1584 native-gap-retdec-batch1585 native-gap-retdec-batch1586 native-gap-retdec-batch1587 native-gap-retdec-batch1588 native-gap-retdec-batch1589 native-gap-retdec-batch1590 native-gap-retdec-batch1591 native-gap-retdec-batch1592
make[1]: Entering directory '/models/dev/sc-rev/eac/eacsym'
make dumps/vmtail-wide-1m-w16/vm_native_gap_retdec_batch1577.c
make dumps/vmtail-wide-1m-w16/vm_native_gap_retdec_batch1578.c
make dumps/vmtail-wide-1m-w16/vm_native_gap_retdec_batch1579.c
make dumps/vmtail-wide-1m-w16/vm_native_gap_retdec_batch1580.c
make dumps/vmtail-wide-1m-w16/vm_native_gap_retdec_batch1581.c
make dumps/vmtail-wide-1m-w16/vm_native_gap_retdec_batch1582.c
make dumps/vmtail-wide-1m-w16/vm_native_gap_retdec_batch1583.c
make dumps/vmtail-wide-1m-w16/vm_native_gap_retdec_batch1584.c
make dumps/vmtail-wide-1m-w16/vm_native_gap_retdec_batch1585.c
make dumps/vmtail-wide-1m-w16/vm_native_gap_retdec_batch1586.c
make dumps/vmtail-wide-1m-w16/vm_native_gap_retdec_batch1587.c
make dumps/vmtail-wide-1m-w16/vm_native_gap_retdec_batch1588.c
make dumps/vmtail-wide-1m-w16/vm_native_gap_retdec_batch1589.c
make dumps/vmtail-wide-1m-w16/vm_native_gap_retdec_batch1590.c
make dumps/vmtail-wide-1m-w16/vm_native_gap_retdec_batch1591.c
make dumps/vmtail-wide-1m-w16/vm_native_gap_retdec_batch1592.c
make[2]: Entering directory '/models/dev/sc-rev/eac/eacsym'
python3 vm_native_gap_retdec_batch.py --batch-index 1583 --ranges-file native_gap_retdec_batch1583.ranges > dumps/vmtail-wide-1m-w16/vm_native_gap_retdec_batch1583.c
make[2]: Entering directory '/models/dev/sc-rev/eac/eacsym'
python3 vm_native_gap_retdec_batch.py --batch-index 1577 --ranges-file native_gap_retdec_batch1577.ranges > dumps/vmtail-wide-1m-w16/vm_native_gap_retdec_batch1577.c
make[2]: Entering directory '/models/dev/sc-rev/eac/eacsym'
python3 vm_native_gap_retdec_batch.py --batch-index 1587 --ranges-file native_gap_retdec_batch1587.ranges > dumps/vmtail-wide-1m-w16/vm_native_gap_retdec_batch1587.c
make[2]: Entering directory '/models/dev/sc-rev/eac/eacsym'
python3 vm_native_gap_retdec_batch.py --batch-index 1578 --ranges-file native_gap_retdec_batch1578.ranges > dumps/vmtail-wide-1m-w16/vm_native_gap_retdec_batch1578.c
make[2]: Entering directory '/models/dev/sc-rev/eac/eacsym'
python3 vm_native_gap_retdec_batch.py --batch-index 1579 --ranges-file native_gap_retdec_batch1579.ranges > dumps/vmtail-wide-1m-w16/vm_native_gap_retdec_batch1579.c
make[2]: Entering directory '/models/dev/sc-rev/eac/eacsym'
python3 vm_native_gap_retdec_batch.py --batch-index 1580 --ranges-file native_gap_retdec_batch1580.ranges > dumps/vmtail-wide-1m-w16/vm_native_gap_retdec_batch1580.c
make[2]: Entering directory '/models/dev/sc-rev/eac/eacsym'
python3 vm_native_gap_retdec_batch.py --batch-index 1581 --ranges-file native_gap_retdec_batch1581.ranges > dumps/vmtail-wide-1m-w16/vm_native_gap_retdec_batch1581.c
make[2]: Entering directory '/models/dev/sc-rev/eac/eacsym'
python3 vm_native_gap_retdec_batch.py --batch-index 1590 --ranges-file native_gap_retdec_batch1590.ranges > dumps/vmtail-wide-1m-w16/vm_native_gap_retdec_batch1590.c
make[2]: Entering directory '/models/dev/sc-rev/eac/eacsym'
python3 vm_native_gap_retdec_batch.py --batch-index 1589 --ranges-file native_gap_retdec_batch1589.ranges > dumps/vmtail-wide-1m-w16/vm_native_gap_retdec_batch1589.c
make[2]: Entering directory '/models/dev/sc-rev/eac/eacsym'
python3 vm_native_gap_retdec_batch.py --batch-index 1582 --ranges-file native_gap_retdec_batch1582.ranges > dumps/vmtail-wide-1m-w16/vm_native_gap_retdec_batch1582.c
make[2]: Entering directory '/models/dev/sc-rev/eac/eacsym'
python3 vm_native_gap_retdec_batch.py --batch-index 1584 --ranges-file native_gap_retdec_batch1584.ranges > dumps/vmtail-wide-1m-w16/vm_native_gap_retdec_batch1584.c
make[2]: Entering directory '/models/dev/sc-rev/eac/eacsym'
python3 vm_native_gap_retdec_batch.py --batch-index 1585 --ranges-file native_gap_retdec_batch1585.ranges > dumps/vmtail-wide-1m-w16/vm_native_gap_retdec_batch1585.c
make[2]: Entering directory '/models/dev/sc-rev/eac/eacsym'
python3 vm_native_gap_retdec_batch.py --batch-index 1586 --ranges-file native_gap_retdec_batch1586.ranges > dumps/vmtail-wide-1m-w16/vm_native_gap_retdec_batch1586.c
make[2]: Entering directory '/models/dev/sc-rev/eac/eacsym'
python3 vm_native_gap_retdec_batch.py --batch-index 1588 --ranges-file native_gap_retdec_batch1588.ranges > dumps/vmtail-wide-1m-w16/vm_native_gap_retdec_batch1588.c
make[2]: Entering directory '/models/dev/sc-rev/eac/eacsym'
python3 vm_native_gap_retdec_batch.py --batch-index 1591 --ranges-file native_gap_retdec_batch1591.ranges > dumps/vmtail-wide-1m-w16/vm_native_gap_retdec_batch1591.c
make[2]: Entering directory '/models/dev/sc-rev/eac/eacsym'
python3 vm_native_gap_retdec_batch.py --batch-index 1592 --ranges-file native_gap_retdec_batch1592.ranges > dumps/vmtail-wide-1m-w16/vm_native_gap_retdec_batch1592.c
native_gap_retdec_batch=1578
native_gap_retdec_selected_ranges=1
make[2]: Leaving directory '/models/dev/sc-rev/eac/eacsym'
native_gap_retdec_batch=1581
native_gap_retdec_selected_ranges=1
make[2]: Leaving directory '/models/dev/sc-rev/eac/eacsym'
native_gap_retdec_batch=1583
native_gap_retdec_selected_ranges=1
make[2]: Leaving directory '/models/dev/sc-rev/eac/eacsym'
native_gap_retdec_batch=1580
native_gap_retdec_selected_ranges=1
make[2]: Leaving directory '/models/dev/sc-rev/eac/eacsym'
native_gap_retdec_batch=1592
native_gap_retdec_selected_ranges=1
make[2]: Leaving directory '/models/dev/sc-rev/eac/eacsym'
native_gap_retdec_batch=1579
native_gap_retdec_selected_ranges=1
make[2]: Leaving directory '/models/dev/sc-rev/eac/eacsym'
native_gap_retdec_batch=1584
native_gap_retdec_selected_ranges=1
make[2]: Leaving directory '/models/dev/sc-rev/eac/eacsym'
native_gap_retdec_batch=1588
native_gap_retdec_selected_ranges=1
make[2]: Leaving directory '/models/dev/sc-rev/eac/eacsym'
native_gap_retdec_batch=1589
native_gap_retdec_selected_ranges=1
make[2]: Leaving directory '/models/dev/sc-rev/eac/eacsym'
native_gap_retdec_batch=1590
native_gap_retdec_selected_ranges=1
make[2]: Leaving directory '/models/dev/sc-rev/eac/eacsym'
native_gap_retdec_batch=1591
native_gap_retdec_selected_ranges=1
make[2]: Leaving directory '/models/dev/sc-rev/eac/eacsym'
native_gap_retdec_batch=1586
native_gap_retdec_selected_ranges=1
native_gap_retdec_batch=1582
native_gap_retdec_selected_ranges=1
make[2]: Leaving directory '/models/dev/sc-rev/eac/eacsym'
make[2]: Leaving directory '/models/dev/sc-rev/eac/eacsym'
native_gap_retdec_batch=1577
native_gap_retdec_selected_ranges=1
make[2]: Leaving directory '/models/dev/sc-rev/eac/eacsym'
native_gap_retdec_batch=1585
native_gap_retdec_selected_ranges=1
make[2]: Leaving directory '/models/dev/sc-rev/eac/eacsym'
native_gap_retdec_batch=1587
native_gap_retdec_selected_ranges=1
make[2]: Leaving directory '/models/dev/sc-rev/eac/eacsym'
make[1]: Leaving directory '/models/dev/sc-rev/eac/eacsym'
# elapsed 2.36s
+ cc -std=c11 -fsyntax-only -w dumps/vmtail-wide-1m-w16/vm_native_gap_retdec_batch1577.c
# elapsed 0.01s
+ cc -std=c11 -fsyntax-only -w dumps/vmtail-wide-1m-w16/vm_native_gap_retdec_batch1578.c
# elapsed 0.01s
+ cc -std=c11 -fsyntax-only -w dumps/vmtail-wide-1m-w16/vm_native_gap_retdec_batch1579.c
# elapsed 0.01s
+ cc -std=c11 -fsyntax-only -w dumps/vmtail-wide-1m-w16/vm_native_gap_retdec_batch1580.c
# elapsed 0.01s
+ cc -std=c11 -fsyntax-only -w dumps/vmtail-wide-1m-w16/vm_native_gap_retdec_batch1581.c
# elapsed 0.01s
+ cc -std=c11 -fsyntax-only -w dumps/vmtail-wide-1m-w16/vm_native_gap_retdec_batch1582.c
# elapsed 0.01s
+ cc -std=c11 -fsyntax-only -w dumps/vmtail-wide-1m-w16/vm_native_gap_retdec_batch1583.c
# elapsed 0.01s
+ cc -std=c11 -fsyntax-only -w dumps/vmtail-wide-1m-w16/vm_native_gap_retdec_batch1584.c
# elapsed 0.01s
+ cc -std=c11 -fsyntax-only -w dumps/vmtail-wide-1m-w16/vm_native_gap_retdec_batch1585.c
# elapsed 0.01s
+ cc -std=c11 -fsyntax-only -w dumps/vmtail-wide-1m-w16/vm_native_gap_retdec_batch1586.c
# elapsed 0.01s
+ cc -std=c11 -fsyntax-only -w dumps/vmtail-wide-1m-w16/vm_native_gap_retdec_batch1587.c
# elapsed 0.02s
+ cc -std=c11 -fsyntax-only -w dumps/vmtail-wide-1m-w16/vm_native_gap_retdec_batch1588.c
# elapsed 0.01s
+ cc -std=c11 -fsyntax-only -w dumps/vmtail-wide-1m-w16/vm_native_gap_retdec_batch1589.c
# elapsed 0.01s
+ cc -std=c11 -fsyntax-only -w dumps/vmtail-wide-1m-w16/vm_native_gap_retdec_batch1590.c
# elapsed 0.01s
+ cc -std=c11 -fsyntax-only -w dumps/vmtail-wide-1m-w16/vm_native_gap_retdec_batch1591.c
# elapsed 0.01s
+ cc -std=c11 -fsyntax-only -w dumps/vmtail-wide-1m-w16/vm_native_gap_retdec_batch1592.c
# elapsed 0.01s
salvage_batch_done	1577	salvaged=1577,1578,1579,1580,1581,1582,1583,1584,1585,1586,1587,1588,1589,1590,1591,1592	rejected=0
+ make -s native-executable-coverage-audit native-retdec-gap-queue
# elapsed 2.80s
+ make -s uncovered-executable-gaps
uncovered_executable_gaps=3260 bytes=1016450
uncovered_executable_gaps=3260 bytes=1016450
uncovered_executable_gaps=3260 bytes=1016450
# elapsed 0.90s
coverage_delta
native_executable_coverage_range_rows	57621	59221	delta=+1600
native_executable_coverage_gap_rows	3271	3265	delta=-6
native_executable_coverage_recovered_bytes	4524664	4634590	delta=+109926
native_executable_coverage_uncovered_bytes	1126376	1016450	delta=-109926
round_start	16
+ python3 vm_executable_gap_retdec_probe.py --root . --section .text --chunk-bytes 0x200 --min-chunk-bytes 0x80 --max-split-candidates 128 --max-gap-chunks 8 --max-candidates 384 --max-accepted 16 --probe-jobs 16 --timeout 30 --reject-cache dumps/vmtail-wide-1m-w16/vm_executable_gap_retdec_reject_cache.tsv
try	0x126546-0x126746	ok
try	0x285d6e-0x285f6e	ok
try	0x55017a-0x55037a	ok
try	0x285f6e-0x28616e	ok
try	0x3b32b4-0x3b34b4	ok
try	0x285b6e-0x285d6e	ok
try	0x55057a-0x55077a	ok
try	0x28616e-0x286264	ok
try	0x125f46-0x126146	ok
try	0x55077a-0x550870	ok
try	0x28596e-0x285b6e	ok
try	0x126746-0x126851	ok
try	0x126146-0x126346	ok
try	0x54ff7a-0x55017a	ok
try	0x55037a-0x55057a	ok
try	0x126346-0x126546	ok
wrote	native_gap_retdec_batch1593.ranges	16
# elapsed 4.78s
created_batches	1593
+ make -j 16 native-gap-retdec-batch1593
make[1]: Entering directory '/models/dev/sc-rev/eac/eacsym'
make dumps/vmtail-wide-1m-w16/vm_native_gap_retdec_batch1593.c
make[2]: Entering directory '/models/dev/sc-rev/eac/eacsym'
python3 vm_native_gap_retdec_batch.py --batch-index 1593 --ranges-file native_gap_retdec_batch1593.ranges > dumps/vmtail-wide-1m-w16/vm_native_gap_retdec_batch1593.c
native_gap_retdec_batch=1593
native_gap_retdec_selected_ranges=16
make[2]: Leaving directory '/models/dev/sc-rev/eac/eacsym'
make[1]: Leaving directory '/models/dev/sc-rev/eac/eacsym'
# elapsed 1.92s
+ cc -std=c11 -fsyntax-only -w dumps/vmtail-wide-1m-w16/vm_native_gap_retdec_batch1593.c
# elapsed 0.01s
+ make -s native-executable-coverage-audit native-retdec-gap-queue
# elapsed 2.76s
+ make -s uncovered-executable-gaps
uncovered_executable_gaps=3257 bytes=1009035
uncovered_executable_gaps=3257 bytes=1009035
uncovered_executable_gaps=3257 bytes=1009035
# elapsed 0.90s
coverage_delta
native_executable_coverage_range_rows	57621	59323	delta=+1702
native_executable_coverage_gap_rows	3271	3262	delta=-9
native_executable_coverage_recovered_bytes	4524664	4642005	delta=+117341
native_executable_coverage_uncovered_bytes	1126376	1009035	delta=-117341
round_start	17
+ python3 vm_executable_gap_retdec_probe.py --root . --section .text --chunk-bytes 0x200 --min-chunk-bytes 0x80 --max-split-candidates 128 --max-gap-chunks 8 --max-candidates 384 --max-accepted 16 --probe-jobs 16 --timeout 30 --reject-cache dumps/vmtail-wide-1m-w16/vm_executable_gap_retdec_reject_cache.tsv
try	0x4579e3-0x457abc	ok
try	0x4571e3-0x4573e3	ok
try	0x4f944e-0x4f964e	ok
try	0x4f984e-0x4f9a4e	ok
try	0x55cf8f-0x55d18f	ok
try	0x55d38f-0x55d470	ok
try	0x4573e3-0x4575e3	ok
try	0x55cd8f-0x55cf8f	ok
try	0x4f9a4e-0x4f9b30	ok
try	0x4f924e-0x4f944e	reject
split	0x4f924e-0x4f944e	0x4f924e-0x4f934e
split	0x4f924e-0x4f944e	0x4f934e-0x4f944e
try	0x55cb8f-0x55cd8f	ok
try	0x4f964e-0x4f984e	ok
try	0x4575e3-0x4577e3	reject
split	0x4575e3-0x4577e3	0x4575e3-0x4576e3
split	0x4575e3-0x4577e3	0x4576e3-0x4577e3
try	0x4577e3-0x4579e3	ok
try	0x4b44c3-0x4b46c3	ok
try	0x55d18f-0x55d38f	ok
try	0x4b48c3-0x4b4ac3	ok
try	0x4b4cc3-0x4b4d90	ok
wrote	native_gap_retdec_batch1594.ranges	16
appended_reject_cache	dumps/vmtail-wide-1m-w16/vm_executable_gap_retdec_reject_cache.tsv	2
# elapsed 5.75s
created_batches	1594
+ make -j 16 native-gap-retdec-batch1594
make[1]: Entering directory '/models/dev/sc-rev/eac/eacsym'
make dumps/vmtail-wide-1m-w16/vm_native_gap_retdec_batch1594.c
make[2]: Entering directory '/models/dev/sc-rev/eac/eacsym'
python3 vm_native_gap_retdec_batch.py --batch-index 1594 --ranges-file native_gap_retdec_batch1594.ranges > dumps/vmtail-wide-1m-w16/vm_native_gap_retdec_batch1594.c
native_gap_retdec_batch=1594
native_gap_retdec_selected_ranges=16
make[2]: Leaving directory '/models/dev/sc-rev/eac/eacsym'
make[1]: Leaving directory '/models/dev/sc-rev/eac/eacsym'
# elapsed 2.29s
+ cc -std=c11 -fsyntax-only -w dumps/vmtail-wide-1m-w16/vm_native_gap_retdec_batch1594.c
# elapsed 0.02s
+ make -s native-executable-coverage-audit native-retdec-gap-queue
# elapsed 2.81s
+ make -s uncovered-executable-gaps
uncovered_executable_gaps=3257 bytes=1002018
uncovered_executable_gaps=3257 bytes=1002018
uncovered_executable_gaps=3257 bytes=1002018
# elapsed 0.89s
coverage_delta
native_executable_coverage_range_rows	57621	59393	delta=+1772
native_executable_coverage_gap_rows	3271	3262	delta=-9
native_executable_coverage_recovered_bytes	4524664	4649022	delta=+124358
native_executable_coverage_uncovered_bytes	1126376	1002018	delta=-124358
round_start	18
+ python3 vm_executable_gap_retdec_probe.py --root . --section .text --chunk-bytes 0x200 --min-chunk-bytes 0x80 --max-split-candidates 128 --max-gap-chunks 8 --max-candidates 384 --max-accepted 16 --probe-jobs 16 --timeout 30 --reject-cache dumps/vmtail-wide-1m-w16/vm_executable_gap_retdec_reject_cache.tsv
try	0x140068-0x140268	ok
try	0x140268-0x140468	ok
try	0x34fe85-0x350085	ok
try	0x4f62fc-0x4f64fc	ok
try	0x140468-0x140668	ok
try	0x34fa85-0x34fb85	ok
try	0x34fc85-0x34fe85	ok
try	0x4f66fc-0x4f68fc	ok
try	0x350085-0x350285	reject
split	0x350085-0x350285	0x350085-0x350185
split	0x350085-0x350285	0x350185-0x350285
try	0x4f64fc-0x4f66fc	ok
try	0x4f68fc-0x4f69b0	ok
try	0x350285-0x35033a	ok
try	0x4f60fc-0x4f62fc	reject
split	0x4f60fc-0x4f62fc	0x4f60fc-0x4f61fc
split	0x4f60fc-0x4f62fc	0x4f61fc-0x4f62fc
try	0x140668-0x140711	ok
try	0x13fe68-0x140068	ok
try	0x34fb85-0x34fc85	ok
try	0x3b8bb0-0x3b8db0	ok
try	0x3b8db0-0x3b8e4b	ok
wrote	native_gap_retdec_batch1595.ranges	16
appended_reject_cache	dumps/vmtail-wide-1m-w16/vm_executable_gap_retdec_reject_cache.tsv	2
# elapsed 5.91s
created_batches	1595
+ make -j 16 native-gap-retdec-batch1595
make[1]: Entering directory '/models/dev/sc-rev/eac/eacsym'
make dumps/vmtail-wide-1m-w16/vm_native_gap_retdec_batch1595.c
make[2]: Entering directory '/models/dev/sc-rev/eac/eacsym'
python3 vm_native_gap_retdec_batch.py --batch-index 1595 --ranges-file native_gap_retdec_batch1595.ranges > dumps/vmtail-wide-1m-w16/vm_native_gap_retdec_batch1595.c
native_gap_retdec_batch=1595
native_gap_retdec_selected_ranges=16
make[2]: Leaving directory '/models/dev/sc-rev/eac/eacsym'
make[1]: Leaving directory '/models/dev/sc-rev/eac/eacsym'
# elapsed 2.03s
+ cc -std=c11 -fsyntax-only -w dumps/vmtail-wide-1m-w16/vm_native_gap_retdec_batch1595.c
dumps/vmtail-wide-1m-w16/vm_native_gap_retdec_batch1595.c: In function ‘function_13fffa’:
dumps/vmtail-wide-1m-w16/vm_native_gap_retdec_batch1595.c:667:9: error: implicit declaration of function ‘__asm_psrlw’; did you mean ‘__asm_psrlq’? [-Wimplicit-function-declaration]
  667 |         __asm_psrlw(v4, -26);
      |         ^~~~~~~~~~~
      |         __asm_psrlq
dumps/vmtail-wide-1m-w16/vm_native_gap_retdec_batch1595.c: In function ‘function_34fb79’:
dumps/vmtail-wide-1m-w16/vm_native_gap_retdec_batch1595.c:992:45: error: implicit declaration of function ‘__asm_vhaddpd’; did you mean ‘__asm_vpaddd’? [-Wimplicit-function-declaration]
  992 |     uint64_t v10 = unknown_ffffffff99ff6f9a(__asm_vhaddpd(v9, *(int128_t *)(a4 - 0x3cafbadf))); // 0x34fb94
      |                                             ^~~~~~~~~~~~~
      |                                             __asm_vpaddd
# elapsed 0.02s
quarantined_range_file	native_gap_retdec_batch1595.ranges	native_gap_retdec_batch1595.ranges.failed
removed_failed_sidecar	dumps/vmtail-wide-1m-w16/vm_native_gap_retdec_batch1595.c
salvage_batch_start	1595	16
salvage_try	0x13fe68-0x140068	batch=1595
salvage_try	0x140068-0x140268	batch=1596
salvage_try	0x140268-0x140468	batch=1597
salvage_try	0x140468-0x140668	batch=1598
salvage_try	0x140668-0x140711	batch=1599
salvage_try	0x34fa85-0x34fb85	batch=1600
salvage_try	0x34fb85-0x34fc85	batch=1601
salvage_try	0x34fc85-0x34fe85	batch=1602
salvage_try	0x34fe85-0x350085	batch=1603
salvage_try	0x350285-0x35033a	batch=1604
salvage_try	0x3b8bb0-0x3b8db0	batch=1605
salvage_try	0x3b8db0-0x3b8e4b	batch=1606
salvage_try	0x4f62fc-0x4f64fc	batch=1607
salvage_try	0x4f64fc-0x4f66fc	batch=1608
salvage_try	0x4f66fc-0x4f68fc	batch=1609
salvage_try	0x4f68fc-0x4f69b0	batch=1610
+ make -j 16 native-gap-retdec-batch1595 native-gap-retdec-batch1596 native-gap-retdec-batch1597 native-gap-retdec-batch1598 native-gap-retdec-batch1599 native-gap-retdec-batch1600 native-gap-retdec-batch1601 native-gap-retdec-batch1602 native-gap-retdec-batch1603 native-gap-retdec-batch1604 native-gap-retdec-batch1605 native-gap-retdec-batch1606 native-gap-retdec-batch1607 native-gap-retdec-batch1608 native-gap-retdec-batch1609 native-gap-retdec-batch1610
make[1]: Entering directory '/models/dev/sc-rev/eac/eacsym'
make dumps/vmtail-wide-1m-w16/vm_native_gap_retdec_batch1595.c
make dumps/vmtail-wide-1m-w16/vm_native_gap_retdec_batch1596.c
make dumps/vmtail-wide-1m-w16/vm_native_gap_retdec_batch1597.c
make dumps/vmtail-wide-1m-w16/vm_native_gap_retdec_batch1598.c
make dumps/vmtail-wide-1m-w16/vm_native_gap_retdec_batch1599.c
make dumps/vmtail-wide-1m-w16/vm_native_gap_retdec_batch1600.c
make dumps/vmtail-wide-1m-w16/vm_native_gap_retdec_batch1601.c
make dumps/vmtail-wide-1m-w16/vm_native_gap_retdec_batch1602.c
make dumps/vmtail-wide-1m-w16/vm_native_gap_retdec_batch1603.c
make dumps/vmtail-wide-1m-w16/vm_native_gap_retdec_batch1604.c
make dumps/vmtail-wide-1m-w16/vm_native_gap_retdec_batch1605.c
make dumps/vmtail-wide-1m-w16/vm_native_gap_retdec_batch1606.c
make dumps/vmtail-wide-1m-w16/vm_native_gap_retdec_batch1607.c
make dumps/vmtail-wide-1m-w16/vm_native_gap_retdec_batch1608.c
make dumps/vmtail-wide-1m-w16/vm_native_gap_retdec_batch1609.c
make dumps/vmtail-wide-1m-w16/vm_native_gap_retdec_batch1610.c
make[2]: Entering directory '/models/dev/sc-rev/eac/eacsym'
make[2]: Entering directory '/models/dev/sc-rev/eac/eacsym'
python3 vm_native_gap_retdec_batch.py --batch-index 1603 --ranges-file native_gap_retdec_batch1603.ranges > dumps/vmtail-wide-1m-w16/vm_native_gap_retdec_batch1603.c
python3 vm_native_gap_retdec_batch.py --batch-index 1595 --ranges-file native_gap_retdec_batch1595.ranges > dumps/vmtail-wide-1m-w16/vm_native_gap_retdec_batch1595.c
make[2]: Entering directory '/models/dev/sc-rev/eac/eacsym'
python3 vm_native_gap_retdec_batch.py --batch-index 1604 --ranges-file native_gap_retdec_batch1604.ranges > dumps/vmtail-wide-1m-w16/vm_native_gap_retdec_batch1604.c
make[2]: Entering directory '/models/dev/sc-rev/eac/eacsym'
python3 vm_native_gap_retdec_batch.py --batch-index 1605 --ranges-file native_gap_retdec_batch1605.ranges > dumps/vmtail-wide-1m-w16/vm_native_gap_retdec_batch1605.c
make[2]: Entering directory '/models/dev/sc-rev/eac/eacsym'
python3 vm_native_gap_retdec_batch.py --batch-index 1596 --ranges-file native_gap_retdec_batch1596.ranges > dumps/vmtail-wide-1m-w16/vm_native_gap_retdec_batch1596.c
make[2]: Entering directory '/models/dev/sc-rev/eac/eacsym'
python3 vm_native_gap_retdec_batch.py --batch-index 1597 --ranges-file native_gap_retdec_batch1597.ranges > dumps/vmtail-wide-1m-w16/vm_native_gap_retdec_batch1597.c
make[2]: Entering directory '/models/dev/sc-rev/eac/eacsym'
python3 vm_native_gap_retdec_batch.py --batch-index 1606 --ranges-file native_gap_retdec_batch1606.ranges > dumps/vmtail-wide-1m-w16/vm_native_gap_retdec_batch1606.c
make[2]: Entering directory '/models/dev/sc-rev/eac/eacsym'
python3 vm_native_gap_retdec_batch.py --batch-index 1598 --ranges-file native_gap_retdec_batch1598.ranges > dumps/vmtail-wide-1m-w16/vm_native_gap_retdec_batch1598.c
make[2]: Entering directory '/models/dev/sc-rev/eac/eacsym'
python3 vm_native_gap_retdec_batch.py --batch-index 1608 --ranges-file native_gap_retdec_batch1608.ranges > dumps/vmtail-wide-1m-w16/vm_native_gap_retdec_batch1608.c
make[2]: Entering directory '/models/dev/sc-rev/eac/eacsym'
python3 vm_native_gap_retdec_batch.py --batch-index 1599 --ranges-file native_gap_retdec_batch1599.ranges > dumps/vmtail-wide-1m-w16/vm_native_gap_retdec_batch1599.c
make[2]: Entering directory '/models/dev/sc-rev/eac/eacsym'
python3 vm_native_gap_retdec_batch.py --batch-index 1609 --ranges-file native_gap_retdec_batch1609.ranges > dumps/vmtail-wide-1m-w16/vm_native_gap_retdec_batch1609.c
make[2]: Entering directory '/models/dev/sc-rev/eac/eacsym'
python3 vm_native_gap_retdec_batch.py --batch-index 1600 --ranges-file native_gap_retdec_batch1600.ranges > dumps/vmtail-wide-1m-w16/vm_native_gap_retdec_batch1600.c
make[2]: Entering directory '/models/dev/sc-rev/eac/eacsym'
python3 vm_native_gap_retdec_batch.py --batch-index 1601 --ranges-file native_gap_retdec_batch1601.ranges > dumps/vmtail-wide-1m-w16/vm_native_gap_retdec_batch1601.c
make[2]: Entering directory '/models/dev/sc-rev/eac/eacsym'
python3 vm_native_gap_retdec_batch.py --batch-index 1602 --ranges-file native_gap_retdec_batch1602.ranges > dumps/vmtail-wide-1m-w16/vm_native_gap_retdec_batch1602.c
make[2]: Entering directory '/models/dev/sc-rev/eac/eacsym'
python3 vm_native_gap_retdec_batch.py --batch-index 1607 --ranges-file native_gap_retdec_batch1607.ranges > dumps/vmtail-wide-1m-w16/vm_native_gap_retdec_batch1607.c
make[2]: Entering directory '/models/dev/sc-rev/eac/eacsym'
python3 vm_native_gap_retdec_batch.py --batch-index 1610 --ranges-file native_gap_retdec_batch1610.ranges > dumps/vmtail-wide-1m-w16/vm_native_gap_retdec_batch1610.c
native_gap_retdec_batch=1601
native_gap_retdec_selected_ranges=1
make[2]: Leaving directory '/models/dev/sc-rev/eac/eacsym'
native_gap_retdec_batch=1609
native_gap_retdec_selected_ranges=1
make[2]: Leaving directory '/models/dev/sc-rev/eac/eacsym'
native_gap_retdec_batch=1607
native_gap_retdec_selected_ranges=1
make[2]: Leaving directory '/models/dev/sc-rev/eac/eacsym'
native_gap_retdec_batch=1600
native_gap_retdec_selected_ranges=1
native_gap_retdec_batch=1596
native_gap_retdec_selected_ranges=1
make[2]: Leaving directory '/models/dev/sc-rev/eac/eacsym'
make[2]: Leaving directory '/models/dev/sc-rev/eac/eacsym'
native_gap_retdec_batch=1597
native_gap_retdec_selected_ranges=1
make[2]: Leaving directory '/models/dev/sc-rev/eac/eacsym'
native_gap_retdec_batch=1595
native_gap_retdec_selected_ranges=1
make[2]: Leaving directory '/models/dev/sc-rev/eac/eacsym'
native_gap_retdec_batch=1605
native_gap_retdec_selected_ranges=1
make[2]: Leaving directory '/models/dev/sc-rev/eac/eacsym'
native_gap_retdec_batch=1602
native_gap_retdec_selected_ranges=1
make[2]: Leaving directory '/models/dev/sc-rev/eac/eacsym'
native_gap_retdec_batch=1610
native_gap_retdec_selected_ranges=1
make[2]: Leaving directory '/models/dev/sc-rev/eac/eacsym'
native_gap_retdec_batch=1604
native_gap_retdec_selected_ranges=1
native_gap_retdec_batch=1608
native_gap_retdec_selected_ranges=1
make[2]: Leaving directory '/models/dev/sc-rev/eac/eacsym'
make[2]: Leaving directory '/models/dev/sc-rev/eac/eacsym'
native_gap_retdec_batch=1606
native_gap_retdec_selected_ranges=1
native_gap_retdec_batch=1599
native_gap_retdec_selected_ranges=1
make[2]: Leaving directory '/models/dev/sc-rev/eac/eacsym'
make[2]: Leaving directory '/models/dev/sc-rev/eac/eacsym'
native_gap_retdec_batch=1603
native_gap_retdec_selected_ranges=1
make[2]: Leaving directory '/models/dev/sc-rev/eac/eacsym'
native_gap_retdec_batch=1598
native_gap_retdec_selected_ranges=1
make[2]: Leaving directory '/models/dev/sc-rev/eac/eacsym'
make[1]: Leaving directory '/models/dev/sc-rev/eac/eacsym'
# elapsed 2.36s
+ cc -std=c11 -fsyntax-only -w dumps/vmtail-wide-1m-w16/vm_native_gap_retdec_batch1595.c
# elapsed 0.01s
+ cc -std=c11 -fsyntax-only -w dumps/vmtail-wide-1m-w16/vm_native_gap_retdec_batch1596.c
# elapsed 0.01s
+ cc -std=c11 -fsyntax-only -w dumps/vmtail-wide-1m-w16/vm_native_gap_retdec_batch1597.c
# elapsed 0.01s
+ cc -std=c11 -fsyntax-only -w dumps/vmtail-wide-1m-w16/vm_native_gap_retdec_batch1598.c
# elapsed 0.01s
+ cc -std=c11 -fsyntax-only -w dumps/vmtail-wide-1m-w16/vm_native_gap_retdec_batch1599.c
# elapsed 0.01s
+ cc -std=c11 -fsyntax-only -w dumps/vmtail-wide-1m-w16/vm_native_gap_retdec_batch1600.c
# elapsed 0.01s
+ cc -std=c11 -fsyntax-only -w dumps/vmtail-wide-1m-w16/vm_native_gap_retdec_batch1601.c
# elapsed 0.01s
+ cc -std=c11 -fsyntax-only -w dumps/vmtail-wide-1m-w16/vm_native_gap_retdec_batch1602.c
# elapsed 0.01s
+ cc -std=c11 -fsyntax-only -w dumps/vmtail-wide-1m-w16/vm_native_gap_retdec_batch1603.c
# elapsed 0.01s
+ cc -std=c11 -fsyntax-only -w dumps/vmtail-wide-1m-w16/vm_native_gap_retdec_batch1604.c
# elapsed 0.01s
+ cc -std=c11 -fsyntax-only -w dumps/vmtail-wide-1m-w16/vm_native_gap_retdec_batch1605.c
# elapsed 0.01s
+ cc -std=c11 -fsyntax-only -w dumps/vmtail-wide-1m-w16/vm_native_gap_retdec_batch1606.c
# elapsed 0.01s
+ cc -std=c11 -fsyntax-only -w dumps/vmtail-wide-1m-w16/vm_native_gap_retdec_batch1607.c
# elapsed 0.01s
+ cc -std=c11 -fsyntax-only -w dumps/vmtail-wide-1m-w16/vm_native_gap_retdec_batch1608.c
# elapsed 0.01s
+ cc -std=c11 -fsyntax-only -w dumps/vmtail-wide-1m-w16/vm_native_gap_retdec_batch1609.c
# elapsed 0.01s
+ cc -std=c11 -fsyntax-only -w dumps/vmtail-wide-1m-w16/vm_native_gap_retdec_batch1610.c
# elapsed 0.01s
salvage_batch_done	1595	salvaged=1595,1596,1597,1598,1599,1600,1601,1602,1603,1604,1605,1606,1607,1608,1609,1610	rejected=0
+ make -s native-executable-coverage-audit native-retdec-gap-queue
# elapsed 2.81s
+ make -s uncovered-executable-gaps
uncovered_executable_gaps=3256 bytes=995701
uncovered_executable_gaps=3256 bytes=995701
uncovered_executable_gaps=3256 bytes=995701
# elapsed 0.90s
coverage_delta
native_executable_coverage_range_rows	57621	59488	delta=+1867
native_executable_coverage_gap_rows	3271	3261	delta=-10
native_executable_coverage_recovered_bytes	4524664	4655339	delta=+130675
native_executable_coverage_uncovered_bytes	1126376	995701	delta=-130675
round_start	19
+ python3 vm_executable_gap_retdec_probe.py --root . --section .text --chunk-bytes 0x200 --min-chunk-bytes 0x80 --max-split-candidates 128 --max-gap-chunks 8 --max-candidates 384 --max-accepted 16 --probe-jobs 16 --timeout 30 --reject-cache dumps/vmtail-wide-1m-w16/vm_executable_gap_retdec_reject_cache.tsv
try	0x32e255-0x32e455	ok
try	0x32ff0d-0x33010d	ok
try	0x32e455-0x32e655	ok
try	0x33010d-0x330190	ok
try	0x20c79e-0x20c99e	ok
try	0x20cb9e-0x20cd9e	ok
try	0x32e855-0x32e8e4	ok
try	0x32fd0d-0x32ff0d	ok
try	0x32fb0d-0x32fd0d	ok
try	0x32e655-0x32e855	ok
try	0x32e055-0x32e255	reject
split	0x32e055-0x32e255	0x32e055-0x32e155
split	0x32e055-0x32e255	0x32e155-0x32e255
try	0x20cd9e-0x20ce34	ok
try	0x20c59e-0x20c79e	ok
try	0x1043ee-0x1045ee	ok
try	0x32f90d-0x32fb0d	ok
try	0x20c99e-0x20cb9e	ok
try	0x1045ee-0x1047ee	ok
wrote	native_gap_retdec_batch1611.ranges	16
appended_reject_cache	dumps/vmtail-wide-1m-w16/vm_executable_gap_retdec_reject_cache.tsv	1
# elapsed 4.88s
created_batches	1611
+ make -j 16 native-gap-retdec-batch1611
make[1]: Entering directory '/models/dev/sc-rev/eac/eacsym'
make dumps/vmtail-wide-1m-w16/vm_native_gap_retdec_batch1611.c
make[2]: Entering directory '/models/dev/sc-rev/eac/eacsym'
python3 vm_native_gap_retdec_batch.py --batch-index 1611 --ranges-file native_gap_retdec_batch1611.ranges > dumps/vmtail-wide-1m-w16/vm_native_gap_retdec_batch1611.c
native_gap_retdec_batch=1611
native_gap_retdec_selected_ranges=16
make[2]: Leaving directory '/models/dev/sc-rev/eac/eacsym'
make[1]: Leaving directory '/models/dev/sc-rev/eac/eacsym'
# elapsed 1.87s
+ cc -std=c11 -fsyntax-only -w dumps/vmtail-wide-1m-w16/vm_native_gap_retdec_batch1611.c
# elapsed 0.02s
+ make -s native-executable-coverage-audit native-retdec-gap-queue
# elapsed 2.77s
+ make -s uncovered-executable-gaps
uncovered_executable_gaps=3254 bytes=988621
uncovered_executable_gaps=3254 bytes=988621
uncovered_executable_gaps=3254 bytes=988621
# elapsed 0.90s
coverage_delta
native_executable_coverage_range_rows	57621	59577	delta=+1956
native_executable_coverage_gap_rows	3271	3259	delta=-12
native_executable_coverage_recovered_bytes	4524664	4662419	delta=+137755
native_executable_coverage_uncovered_bytes	1126376	988621	delta=-137755
round_start	20
+ python3 vm_executable_gap_retdec_probe.py --root . --section .text --chunk-bytes 0x200 --min-chunk-bytes 0x80 --max-split-candidates 128 --max-gap-chunks 8 --max-candidates 384 --max-accepted 16 --probe-jobs 16 --timeout 30 --reject-cache dumps/vmtail-wide-1m-w16/vm_executable_gap_retdec_reject_cache.tsv
try	0x385c6-0x387c6	reject
split	0x385c6-0x387c6	0x385c6-0x386c6
split	0x385c6-0x387c6	0x386c6-0x387c6
try	0x40e0df-0x40e2df	ok
try	0x40e2df-0x40e4df	ok
try	0x40dedf-0x40e0df	ok
try	0x519c85-0x519e85	ok
try	0x389c6-0x38a2e	reject
try	0x40dcdf-0x40dddf	ok
try	0x40e4df-0x40e52b	ok
try	0x387c6-0x389c6	ok
try	0x381c6-0x383c6	reject
split	0x381c6-0x383c6	0x381c6-0x382c6
split	0x381c6-0x383c6	0x382c6-0x383c6
try	0x519885-0x519a85	ok
try	0x40dddf-0x40dedf	reject
split	0x40dddf-0x40dedf	0x40dddf-0x40de5f
split	0x40dddf-0x40dedf	0x40de5f-0x40dedf
try	0x519e85-0x51a085	ok
try	0x51a085-0x51a0ed	ok
try	0x383c6-0x385c6	ok
try	0x519a85-0x519c85	ok
try	0x386c6-0x387c6	ok
try	0x46e87e-0x46ea7e	ok
try	0x385c6-0x386c6	reject
split	0x385c6-0x386c6	0x385c6-0x38646
split	0x385c6-0x386c6	0x38646-0x386c6
try	0x46ea7e-0x46ec7e	ok
try	0x46f07e-0x46f0b8	ok
wrote	native_gap_retdec_batch1612.ranges	16
appended_reject_cache	dumps/vmtail-wide-1m-w16/vm_executable_gap_retdec_reject_cache.tsv	5
# elapsed 6.15s
created_batches	1612
+ make -j 16 native-gap-retdec-batch1612
make[1]: Entering directory '/models/dev/sc-rev/eac/eacsym'
make dumps/vmtail-wide-1m-w16/vm_native_gap_retdec_batch1612.c
make[2]: Entering directory '/models/dev/sc-rev/eac/eacsym'
python3 vm_native_gap_retdec_batch.py --batch-index 1612 --ranges-file native_gap_retdec_batch1612.ranges > dumps/vmtail-wide-1m-w16/vm_native_gap_retdec_batch1612.c
native_gap_retdec_batch=1612
native_gap_retdec_selected_ranges=16
make[2]: Leaving directory '/models/dev/sc-rev/eac/eacsym'
make[1]: Leaving directory '/models/dev/sc-rev/eac/eacsym'
# elapsed 1.89s
+ cc -std=c11 -fsyntax-only -w dumps/vmtail-wide-1m-w16/vm_native_gap_retdec_batch1612.c
# elapsed 0.01s
+ make -s native-executable-coverage-audit native-retdec-gap-queue
# elapsed 2.81s
+ make -s uncovered-executable-gaps
uncovered_executable_gaps=3255 bytes=982239
uncovered_executable_gaps=3255 bytes=982239
uncovered_executable_gaps=3255 bytes=982239
# elapsed 0.90s
coverage_delta
native_executable_coverage_range_rows	57621	59670	delta=+2049
native_executable_coverage_gap_rows	3271	3260	delta=-11
native_executable_coverage_recovered_bytes	4524664	4668801	delta=+144137
native_executable_coverage_uncovered_bytes	1126376	982239	delta=-144137
round_start	21
+ python3 vm_executable_gap_retdec_probe.py --root . --section .text --chunk-bytes 0x200 --min-chunk-bytes 0x80 --max-split-candidates 128 --max-gap-chunks 8 --max-candidates 384 --max-accepted 16 --probe-jobs 16 --timeout 30 --reject-cache dumps/vmtail-wide-1m-w16/vm_executable_gap_retdec_reject_cache.tsv
try	0x33790c-0x337b0c	ok
try	0x77e3d-0x7803d	ok
try	0x1f54e8-0x1f56e8	ok
try	0x337d0c-0x337d35	ok
try	0x1f5ae8-0x1f5ce8	ok
try	0x77a3d-0x77c3d	reject
split	0x77a3d-0x77c3d	0x77a3d-0x77b3d
split	0x77a3d-0x77c3d	0x77b3d-0x77c3d
try	0x33770c-0x33790c	ok
try	0x337b0c-0x337d0c	ok
try	0x1f5ce8-0x1f5d10	ok
try	0x7803d-0x7823d	reject
split	0x7803d-0x7823d	0x7803d-0x7813d
split	0x7803d-0x7823d	0x7813d-0x7823d
try	0x33750c-0x33770c	ok
try	0x1f56e8-0x1f58e8	ok
try	0x1f58e8-0x1f5ae8	ok
try	0x7823d-0x7826e	ok
try	0x77c3d-0x77e3d	ok
try	0x4c0cae-0x4c0eae	ok
try	0x4c0eae-0x4c10ae	ok
try	0x4c14ae-0x4c14d0	ok
wrote	native_gap_retdec_batch1613.ranges	16
appended_reject_cache	dumps/vmtail-wide-1m-w16/vm_executable_gap_retdec_reject_cache.tsv	2
# elapsed 5.87s
created_batches	1613
+ make -j 16 native-gap-retdec-batch1613
make[1]: Entering directory '/models/dev/sc-rev/eac/eacsym'
make dumps/vmtail-wide-1m-w16/vm_native_gap_retdec_batch1613.c
make[2]: Entering directory '/models/dev/sc-rev/eac/eacsym'
python3 vm_native_gap_retdec_batch.py --batch-index 1613 --ranges-file native_gap_retdec_batch1613.ranges > dumps/vmtail-wide-1m-w16/vm_native_gap_retdec_batch1613.c
native_gap_retdec_batch=1613
native_gap_retdec_selected_ranges=16
make[2]: Leaving directory '/models/dev/sc-rev/eac/eacsym'
make[1]: Leaving directory '/models/dev/sc-rev/eac/eacsym'
# elapsed 1.87s
+ cc -std=c11 -fsyntax-only -w dumps/vmtail-wide-1m-w16/vm_native_gap_retdec_batch1613.c
# elapsed 0.01s
+ make -s native-executable-coverage-audit native-retdec-gap-queue
# elapsed 2.84s
+ make -s uncovered-executable-gaps
uncovered_executable_gaps=3254 bytes=975931
uncovered_executable_gaps=3254 bytes=975931
uncovered_executable_gaps=3254 bytes=975931
# elapsed 0.90s
coverage_delta
native_executable_coverage_range_rows	57621	59728	delta=+2107
native_executable_coverage_gap_rows	3271	3259	delta=-12
native_executable_coverage_recovered_bytes	4524664	4675109	delta=+150445
native_executable_coverage_uncovered_bytes	1126376	975931	delta=-150445
round_start	22
+ python3 vm_executable_gap_retdec_probe.py --root . --section .text --chunk-bytes 0x200 --min-chunk-bytes 0x80 --max-split-candidates 128 --max-gap-chunks 8 --max-candidates 384 --max-accepted 16 --probe-jobs 16 --timeout 30 --reject-cache dumps/vmtail-wide-1m-w16/vm_executable_gap_retdec_reject_cache.tsv
try	0x2968a8-0x2969a8	ok
try	0x4af62a-0x4af82a	ok
try	0x4af02a-0x4af22a	ok
try	0x1faa26-0x1faa2a	ok
try	0x1fa826-0x1faa26	ok
try	0x1fa626-0x1fa826	ok
try	0x1fa226-0x1fa426	ok
try	0x2970a8-0x2970b7	ok
try	0x4af82a-0x4af830	ok
try	0x296ca8-0x296ea8	ok
try	0x296ea8-0x2970a8	ok
try	0x4af42a-0x4af62a	ok
try	0x4af22a-0x4af42a	ok
try	0x2969a8-0x296aa8	reject
split	0x2969a8-0x296aa8	0x2969a8-0x296a28
split	0x2969a8-0x296aa8	0x296a28-0x296aa8
try	0x1fa426-0x1fa626	ok
try	0x296aa8-0x296ca8	ok
try	0x23d8b6-0x23d8b8	ok
wrote	native_gap_retdec_batch1614.ranges	16
appended_reject_cache	dumps/vmtail-wide-1m-w16/vm_executable_gap_retdec_reject_cache.tsv	1
# elapsed 5.01s
created_batches	1614
+ make -j 16 native-gap-retdec-batch1614
make[1]: Entering directory '/models/dev/sc-rev/eac/eacsym'
make dumps/vmtail-wide-1m-w16/vm_native_gap_retdec_batch1614.c
make[2]: Entering directory '/models/dev/sc-rev/eac/eacsym'
python3 vm_native_gap_retdec_batch.py --batch-index 1614 --ranges-file native_gap_retdec_batch1614.ranges > dumps/vmtail-wide-1m-w16/vm_native_gap_retdec_batch1614.c
native_gap_retdec_batch=1614
native_gap_retdec_selected_ranges=16
make[2]: Leaving directory '/models/dev/sc-rev/eac/eacsym'
make[1]: Leaving directory '/models/dev/sc-rev/eac/eacsym'
# elapsed 1.91s
+ cc -std=c11 -fsyntax-only -w dumps/vmtail-wide-1m-w16/vm_native_gap_retdec_batch1614.c
# elapsed 0.02s
+ make -s native-executable-coverage-audit native-retdec-gap-queue
# elapsed 2.79s
+ make -s uncovered-executable-gaps
uncovered_executable_gaps=3252 bytes=970016
uncovered_executable_gaps=3252 bytes=970016
uncovered_executable_gaps=3252 bytes=970016
# elapsed 0.92s
coverage_delta
native_executable_coverage_range_rows	57621	59807	delta=+2186
native_executable_coverage_gap_rows	3271	3257	delta=-14
native_executable_coverage_recovered_bytes	4524664	4681024	delta=+156360
native_executable_coverage_uncovered_bytes	1126376	970016	delta=-156360
round_start	23
+ python3 vm_executable_gap_retdec_probe.py --root . --section .text --chunk-bytes 0x200 --min-chunk-bytes 0x80 --max-split-candidates 128 --max-gap-chunks 8 --max-candidates 384 --max-accepted 16 --probe-jobs 16 --timeout 30 --reject-cache dumps/vmtail-wide-1m-w16/vm_executable_gap_retdec_reject_cache.tsv
try	0x42081f-0x420a1f	reject
split	0x42081f-0x420a1f	0x42081f-0x42091f
split	0x42081f-0x420a1f	0x42091f-0x420a1f
try	0x48a94d-0x48ab4d	ok
try	0x45a234-0x45a434	reject
split	0x45a234-0x45a434	0x45a234-0x45a334
split	0x45a234-0x45a434	0x45a334-0x45a434
try	0x53d60b-0x53d80b	ok
try	0x420a1f-0x420c1f	reject
split	0x420a1f-0x420c1f	0x420a1f-0x420b1f
split	0x420a1f-0x420c1f	0x420b1f-0x420c1f
try	0x48ab4d-0x48ad4d	ok
try	0x420c1f-0x420e1f	reject
split	0x420c1f-0x420e1f	0x420c1f-0x420d1f
split	0x420c1f-0x420e1f	0x420d1f-0x420e1f
try	0x45a034-0x45a234	reject
split	0x45a034-0x45a234	0x45a034-0x45a134
split	0x45a034-0x45a234	0x45a134-0x45a234
try	0x53d80b-0x53da0b	ok
try	0x53d40b-0x53d60b	ok
try	0x459c34-0x459e34	reject
split	0x459c34-0x459e34	0x459c34-0x459d34
split	0x459c34-0x459e34	0x459d34-0x459e34
try	0x420e1f-0x42101f	ok
try	0x53d20b-0x53d40b	ok
try	0x459e34-0x45a034	reject
split	0x459e34-0x45a034	0x459e34-0x459f34
split	0x459e34-0x45a034	0x459f34-0x45a034
try	0x48a54d-0x48a74d	ok
try	0x48a74d-0x48a94d	ok
try	0x42091f-0x420a1f	reject
split	0x42091f-0x420a1f	0x42091f-0x42099f
split	0x42091f-0x420a1f	0x42099f-0x420a1f
try	0x45a234-0x45a334	ok
try	0x420d1f-0x420e1f	reject
split	0x420d1f-0x420e1f	0x420d1f-0x420d9f
split	0x420d1f-0x420e1f	0x420d9f-0x420e1f
try	0x45a334-0x45a434	ok
try	0x42081f-0x42091f	ok
try	0x420a1f-0x420b1f	reject
split	0x420a1f-0x420b1f	0x420a1f-0x420a9f
split	0x420a1f-0x420b1f	0x420a9f-0x420b1f
try	0x420b1f-0x420c1f	ok
try	0x40c4df-0x40c6df	reject
split	0x40c4df-0x40c6df	0x40c4df-0x40c5df
split	0x40c4df-0x40c6df	0x40c5df-0x40c6df
try	0x459c34-0x459d34	reject
split	0x459c34-0x459d34	0x459c34-0x459cb4
split	0x459c34-0x459d34	0x459cb4-0x459d34
try	0x45a134-0x45a234	ok
try	0x45a034-0x45a134	reject
split	0x45a034-0x45a134	0x45a034-0x45a0b4
split	0x45a034-0x45a134	0x45a0b4-0x45a134
try	0x459e34-0x459f34	ok
try	0x459f34-0x45a034	ok
wrote	native_gap_retdec_batch1615.ranges	16
appended_reject_cache	dumps/vmtail-wide-1m-w16/vm_executable_gap_retdec_reject_cache.tsv	13
# elapsed 6.87s
created_batches	1615
+ make -j 16 native-gap-retdec-batch1615
make[1]: Entering directory '/models/dev/sc-rev/eac/eacsym'
make dumps/vmtail-wide-1m-w16/vm_native_gap_retdec_batch1615.c
make[2]: Entering directory '/models/dev/sc-rev/eac/eacsym'
python3 vm_native_gap_retdec_batch.py --batch-index 1615 --ranges-file native_gap_retdec_batch1615.ranges > dumps/vmtail-wide-1m-w16/vm_native_gap_retdec_batch1615.c
native_gap_retdec_batch=1615
native_gap_retdec_selected_ranges=16
make[2]: Leaving directory '/models/dev/sc-rev/eac/eacsym'
make[1]: Leaving directory '/models/dev/sc-rev/eac/eacsym'
# elapsed 2.12s
+ cc -std=c11 -fsyntax-only -w dumps/vmtail-wide-1m-w16/vm_native_gap_retdec_batch1615.c
dumps/vmtail-wide-1m-w16/vm_native_gap_retdec_batch1615.c: In function ‘function_459f3c’:
dumps/vmtail-wide-1m-w16/vm_native_gap_retdec_batch1615.c:771:5: error: implicit declaration of function ‘__asm_rdpmc’; did you mean ‘__asm_rdtsc’? [-Wimplicit-function-declaration]
  771 |     __asm_rdpmc();
      |     ^~~~~~~~~~~
      |     __asm_rdtsc
dumps/vmtail-wide-1m-w16/vm_native_gap_retdec_batch1615.c: In function ‘function_45a324’:
dumps/vmtail-wide-1m-w16/vm_native_gap_retdec_batch1615.c:956:5: error: implicit declaration of function ‘__asm_outsw’; did you mean ‘__asm_outsd’? [-Wimplicit-function-declaration]
  956 |     __asm_outsw((int16_t)a3, (int16_t)result);
      |     ^~~~~~~~~~~
      |     __asm_outsd
dumps/vmtail-wide-1m-w16/vm_native_gap_retdec_batch1615.c: In function ‘function_48ab46’:
dumps/vmtail-wide-1m-w16/vm_native_gap_retdec_batch1615.c:1340:5: error: implicit declaration of function ‘__asm_psraw’; did you mean ‘__asm_psrlq’? [-Wimplicit-function-declaration]
 1340 |     __asm_psraw(v1, v1);
      |     ^~~~~~~~~~~
      |     __asm_psrlq
# elapsed 0.02s
quarantined_range_file	native_gap_retdec_batch1615.ranges	native_gap_retdec_batch1615.ranges.failed
removed_failed_sidecar	dumps/vmtail-wide-1m-w16/vm_native_gap_retdec_batch1615.c
salvage_batch_start	1615	16
salvage_try	0x42081f-0x42091f	batch=1615
salvage_try	0x420b1f-0x420c1f	batch=1616
salvage_try	0x420e1f-0x42101f	batch=1617
salvage_try	0x459e34-0x459f34	batch=1618
salvage_try	0x459f34-0x45a034	batch=1619
salvage_try	0x45a134-0x45a234	batch=1620
salvage_try	0x45a234-0x45a334	batch=1621
salvage_try	0x45a334-0x45a434	batch=1622
salvage_try	0x48a54d-0x48a74d	batch=1623
salvage_try	0x48a74d-0x48a94d	batch=1624
salvage_try	0x48a94d-0x48ab4d	batch=1625
salvage_try	0x48ab4d-0x48ad4d	batch=1626
salvage_try	0x53d20b-0x53d40b	batch=1627
salvage_try	0x53d40b-0x53d60b	batch=1628
salvage_try	0x53d60b-0x53d80b	batch=1629
salvage_try	0x53d80b-0x53da0b	batch=1630
+ make -j 16 native-gap-retdec-batch1615 native-gap-retdec-batch1616 native-gap-retdec-batch1617 native-gap-retdec-batch1618 native-gap-retdec-batch1619 native-gap-retdec-batch1620 native-gap-retdec-batch1621 native-gap-retdec-batch1622 native-gap-retdec-batch1623 native-gap-retdec-batch1624 native-gap-retdec-batch1625 native-gap-retdec-batch1626 native-gap-retdec-batch1627 native-gap-retdec-batch1628 native-gap-retdec-batch1629 native-gap-retdec-batch1630
make[1]: Entering directory '/models/dev/sc-rev/eac/eacsym'
make dumps/vmtail-wide-1m-w16/vm_native_gap_retdec_batch1615.c
make dumps/vmtail-wide-1m-w16/vm_native_gap_retdec_batch1616.c
make dumps/vmtail-wide-1m-w16/vm_native_gap_retdec_batch1617.c
make dumps/vmtail-wide-1m-w16/vm_native_gap_retdec_batch1618.c
make dumps/vmtail-wide-1m-w16/vm_native_gap_retdec_batch1619.c
make dumps/vmtail-wide-1m-w16/vm_native_gap_retdec_batch1620.c
make dumps/vmtail-wide-1m-w16/vm_native_gap_retdec_batch1621.c
make dumps/vmtail-wide-1m-w16/vm_native_gap_retdec_batch1622.c
make dumps/vmtail-wide-1m-w16/vm_native_gap_retdec_batch1623.c
make dumps/vmtail-wide-1m-w16/vm_native_gap_retdec_batch1624.c
make dumps/vmtail-wide-1m-w16/vm_native_gap_retdec_batch1625.c
make dumps/vmtail-wide-1m-w16/vm_native_gap_retdec_batch1626.c
make dumps/vmtail-wide-1m-w16/vm_native_gap_retdec_batch1627.c
make dumps/vmtail-wide-1m-w16/vm_native_gap_retdec_batch1628.c
make dumps/vmtail-wide-1m-w16/vm_native_gap_retdec_batch1629.c
make dumps/vmtail-wide-1m-w16/vm_native_gap_retdec_batch1630.c
make[2]: Entering directory '/models/dev/sc-rev/eac/eacsym'
python3 vm_native_gap_retdec_batch.py --batch-index 1616 --ranges-file native_gap_retdec_batch1616.ranges > dumps/vmtail-wide-1m-w16/vm_native_gap_retdec_batch1616.c
make[2]: Entering directory '/models/dev/sc-rev/eac/eacsym'
python3 vm_native_gap_retdec_batch.py --batch-index 1615 --ranges-file native_gap_retdec_batch1615.ranges > dumps/vmtail-wide-1m-w16/vm_native_gap_retdec_batch1615.c
make[2]: Entering directory '/models/dev/sc-rev/eac/eacsym'
python3 vm_native_gap_retdec_batch.py --batch-index 1623 --ranges-file native_gap_retdec_batch1623.ranges > dumps/vmtail-wide-1m-w16/vm_native_gap_retdec_batch1623.c
make[2]: Entering directory '/models/dev/sc-rev/eac/eacsym'
python3 vm_native_gap_retdec_batch.py --batch-index 1624 --ranges-file native_gap_retdec_batch1624.ranges > dumps/vmtail-wide-1m-w16/vm_native_gap_retdec_batch1624.c
make[2]: Entering directory '/models/dev/sc-rev/eac/eacsym'
python3 vm_native_gap_retdec_batch.py --batch-index 1625 --ranges-file native_gap_retdec_batch1625.ranges > dumps/vmtail-wide-1m-w16/vm_native_gap_retdec_batch1625.c
make[2]: Entering directory '/models/dev/sc-rev/eac/eacsym'
python3 vm_native_gap_retdec_batch.py --batch-index 1617 --ranges-file native_gap_retdec_batch1617.ranges > dumps/vmtail-wide-1m-w16/vm_native_gap_retdec_batch1617.c
make[2]: Entering directory '/models/dev/sc-rev/eac/eacsym'
python3 vm_native_gap_retdec_batch.py --batch-index 1618 --ranges-file native_gap_retdec_batch1618.ranges > dumps/vmtail-wide-1m-w16/vm_native_gap_retdec_batch1618.c
make[2]: Entering directory '/models/dev/sc-rev/eac/eacsym'
python3 vm_native_gap_retdec_batch.py --batch-index 1626 --ranges-file native_gap_retdec_batch1626.ranges > dumps/vmtail-wide-1m-w16/vm_native_gap_retdec_batch1626.c
make[2]: Entering directory '/models/dev/sc-rev/eac/eacsym'
python3 vm_native_gap_retdec_batch.py --batch-index 1619 --ranges-file native_gap_retdec_batch1619.ranges > dumps/vmtail-wide-1m-w16/vm_native_gap_retdec_batch1619.c
make[2]: Entering directory '/models/dev/sc-rev/eac/eacsym'
python3 vm_native_gap_retdec_batch.py --batch-index 1620 --ranges-file native_gap_retdec_batch1620.ranges > dumps/vmtail-wide-1m-w16/vm_native_gap_retdec_batch1620.c
make[2]: Entering directory '/models/dev/sc-rev/eac/eacsym'
python3 vm_native_gap_retdec_batch.py --batch-index 1628 --ranges-file native_gap_retdec_batch1628.ranges > dumps/vmtail-wide-1m-w16/vm_native_gap_retdec_batch1628.c
make[2]: Entering directory '/models/dev/sc-rev/eac/eacsym'
python3 vm_native_gap_retdec_batch.py --batch-index 1627 --ranges-file native_gap_retdec_batch1627.ranges > dumps/vmtail-wide-1m-w16/vm_native_gap_retdec_batch1627.c
make[2]: Entering directory '/models/dev/sc-rev/eac/eacsym'
python3 vm_native_gap_retdec_batch.py --batch-index 1621 --ranges-file native_gap_retdec_batch1621.ranges > dumps/vmtail-wide-1m-w16/vm_native_gap_retdec_batch1621.c
make[2]: Entering directory '/models/dev/sc-rev/eac/eacsym'
python3 vm_native_gap_retdec_batch.py --batch-index 1622 --ranges-file native_gap_retdec_batch1622.ranges > dumps/vmtail-wide-1m-w16/vm_native_gap_retdec_batch1622.c
make[2]: Entering directory '/models/dev/sc-rev/eac/eacsym'
python3 vm_native_gap_retdec_batch.py --batch-index 1629 --ranges-file native_gap_retdec_batch1629.ranges > dumps/vmtail-wide-1m-w16/vm_native_gap_retdec_batch1629.c
make[2]: Entering directory '/models/dev/sc-rev/eac/eacsym'
python3 vm_native_gap_retdec_batch.py --batch-index 1630 --ranges-file native_gap_retdec_batch1630.ranges > dumps/vmtail-wide-1m-w16/vm_native_gap_retdec_batch1630.c
native_gap_retdec_batch=1629
native_gap_retdec_selected_ranges=1
make[2]: Leaving directory '/models/dev/sc-rev/eac/eacsym'
native_gap_retdec_batch=1615
native_gap_retdec_selected_ranges=1
make[2]: Leaving directory '/models/dev/sc-rev/eac/eacsym'
native_gap_retdec_batch=1623
native_gap_retdec_selected_ranges=1
make[2]: Leaving directory '/models/dev/sc-rev/eac/eacsym'
native_gap_retdec_batch=1618
native_gap_retdec_selected_ranges=1
native_gap_retdec_batch=1626
native_gap_retdec_selected_ranges=1
make[2]: Leaving directory '/models/dev/sc-rev/eac/eacsym'
make[2]: Leaving directory '/models/dev/sc-rev/eac/eacsym'
native_gap_retdec_batch=1620
native_gap_retdec_selected_ranges=1
make[2]: Leaving directory '/models/dev/sc-rev/eac/eacsym'
native_gap_retdec_batch=1619
native_gap_retdec_selected_ranges=1
make[2]: Leaving directory '/models/dev/sc-rev/eac/eacsym'
native_gap_retdec_batch=1617
native_gap_retdec_selected_ranges=1
native_gap_retdec_batch=1622
native_gap_retdec_selected_ranges=1
make[2]: Leaving directory '/models/dev/sc-rev/eac/eacsym'
make[2]: Leaving directory '/models/dev/sc-rev/eac/eacsym'
native_gap_retdec_batch=1616
native_gap_retdec_selected_ranges=1
make[2]: Leaving directory '/models/dev/sc-rev/eac/eacsym'
native_gap_retdec_batch=1628
native_gap_retdec_selected_ranges=1
native_gap_retdec_batch=1621
native_gap_retdec_selected_ranges=1
make[2]: Leaving directory '/models/dev/sc-rev/eac/eacsym'
make[2]: Leaving directory '/models/dev/sc-rev/eac/eacsym'
native_gap_retdec_batch=1630
native_gap_retdec_selected_ranges=1
make[2]: Leaving directory '/models/dev/sc-rev/eac/eacsym'
native_gap_retdec_batch=1627
native_gap_retdec_selected_ranges=1
make[2]: Leaving directory '/models/dev/sc-rev/eac/eacsym'
native_gap_retdec_batch=1625
native_gap_retdec_selected_ranges=1
make[2]: Leaving directory '/models/dev/sc-rev/eac/eacsym'
native_gap_retdec_batch=1624
native_gap_retdec_selected_ranges=1
make[2]: Leaving directory '/models/dev/sc-rev/eac/eacsym'
make[1]: Leaving directory '/models/dev/sc-rev/eac/eacsym'
# elapsed 2.48s
+ cc -std=c11 -fsyntax-only -w dumps/vmtail-wide-1m-w16/vm_native_gap_retdec_batch1615.c
# elapsed 0.01s
+ cc -std=c11 -fsyntax-only -w dumps/vmtail-wide-1m-w16/vm_native_gap_retdec_batch1616.c
# elapsed 0.01s
+ cc -std=c11 -fsyntax-only -w dumps/vmtail-wide-1m-w16/vm_native_gap_retdec_batch1617.c
# elapsed 0.01s
+ cc -std=c11 -fsyntax-only -w dumps/vmtail-wide-1m-w16/vm_native_gap_retdec_batch1618.c
# elapsed 0.01s
+ cc -std=c11 -fsyntax-only -w dumps/vmtail-wide-1m-w16/vm_native_gap_retdec_batch1619.c
# elapsed 0.01s
+ cc -std=c11 -fsyntax-only -w dumps/vmtail-wide-1m-w16/vm_native_gap_retdec_batch1620.c
# elapsed 0.01s
+ cc -std=c11 -fsyntax-only -w dumps/vmtail-wide-1m-w16/vm_native_gap_retdec_batch1621.c
# elapsed 0.01s
+ cc -std=c11 -fsyntax-only -w dumps/vmtail-wide-1m-w16/vm_native_gap_retdec_batch1622.c
# elapsed 0.01s
+ cc -std=c11 -fsyntax-only -w dumps/vmtail-wide-1m-w16/vm_native_gap_retdec_batch1623.c
# elapsed 0.01s
+ cc -std=c11 -fsyntax-only -w dumps/vmtail-wide-1m-w16/vm_native_gap_retdec_batch1624.c
# elapsed 0.01s
+ cc -std=c11 -fsyntax-only -w dumps/vmtail-wide-1m-w16/vm_native_gap_retdec_batch1625.c
# elapsed 0.01s
+ cc -std=c11 -fsyntax-only -w dumps/vmtail-wide-1m-w16/vm_native_gap_retdec_batch1626.c
# elapsed 0.01s
+ cc -std=c11 -fsyntax-only -w dumps/vmtail-wide-1m-w16/vm_native_gap_retdec_batch1627.c
# elapsed 0.01s
+ cc -std=c11 -fsyntax-only -w dumps/vmtail-wide-1m-w16/vm_native_gap_retdec_batch1628.c
# elapsed 0.01s
+ cc -std=c11 -fsyntax-only -w dumps/vmtail-wide-1m-w16/vm_native_gap_retdec_batch1629.c
# elapsed 0.01s
+ cc -std=c11 -fsyntax-only -w dumps/vmtail-wide-1m-w16/vm_native_gap_retdec_batch1630.c
# elapsed 0.01s
salvage_batch_done	1615	salvaged=1615,1616,1617,1618,1619,1620,1621,1622,1623,1624,1625,1626,1627,1628,1629,1630	rejected=0
+ make -s native-executable-coverage-audit native-retdec-gap-queue
# elapsed 2.76s
+ make -s uncovered-executable-gaps
uncovered_executable_gaps=3252 bytes=963616
uncovered_executable_gaps=3252 bytes=963616
uncovered_executable_gaps=3252 bytes=963616
# elapsed 0.90s
coverage_delta
native_executable_coverage_range_rows	57621	59946	delta=+2325
native_executable_coverage_gap_rows	3271	3257	delta=-14
native_executable_coverage_recovered_bytes	4524664	4687424	delta=+162760
native_executable_coverage_uncovered_bytes	1126376	963616	delta=-162760
round_start	24
+ python3 vm_executable_gap_retdec_probe.py --root . --section .text --chunk-bytes 0x200 --min-chunk-bytes 0x80 --max-split-candidates 128 --max-gap-chunks 8 --max-candidates 384 --max-accepted 16 --probe-jobs 16 --timeout 30 --reject-cache dumps/vmtail-wide-1m-w16/vm_executable_gap_retdec_reject_cache.tsv
try	0x40c5df-0x40c6df	reject
split	0x40c5df-0x40c6df	0x40c5df-0x40c65f
split	0x40c5df-0x40c6df	0x40c65f-0x40c6df
try	0x3e3a96-0x3e3c96	ok
try	0x40c6df-0x40c8df	ok
try	0x40c8df-0x40cadf	ok
try	0x3b2cb4-0x3b2eb4	ok
try	0x40cadf-0x40ccdf	reject
split	0x40cadf-0x40ccdf	0x40cadf-0x40cbdf
split	0x40cadf-0x40ccdf	0x40cbdf-0x40ccdf
try	0x3e3696-0x3e3896	ok
try	0x3b2eb4-0x3b30b4	ok
try	0x3b29b4-0x3b2ab4	reject
split	0x3b29b4-0x3b2ab4	0x3b29b4-0x3b2a34
split	0x3b29b4-0x3b2ab4	0x3b2a34-0x3b2ab4
try	0x40c4df-0x40c5df	ok
try	0x3b28b4-0x3b29b4	ok
try	0x3e3896-0x3e3a96	ok
try	0x3b2ab4-0x3b2cb4	ok
try	0x3e3496-0x3e3696	reject
split	0x3e3496-0x3e3696	0x3e3496-0x3e3596
split	0x3e3496-0x3e3696	0x3e3596-0x3e3696
try	0x24b97d-0x24bb7d	reject
split	0x24b97d-0x24bb7d	0x24b97d-0x24ba7d
split	0x24b97d-0x24bb7d	0x24ba7d-0x24bb7d
try	0x24b77d-0x24b97d	ok
try	0x40c65f-0x40c6df	reject
try	0x40cbdf-0x40ccdf	ok
try	0x24bb7d-0x24bd7d	ok
try	0x24bd7d-0x24bf7d	ok
try	0x23d0b6-0x23d2b6	reject
split	0x23d0b6-0x23d2b6	0x23d0b6-0x23d1b6
split	0x23d0b6-0x23d2b6	0x23d1b6-0x23d2b6
try	0x40c5df-0x40c65f	ok
try	0x3b29b4-0x3b2a34	ok
wrote	native_gap_retdec_batch1631.ranges	16
appended_reject_cache	dumps/vmtail-wide-1m-w16/vm_executable_gap_retdec_reject_cache.tsv	7
# elapsed 6.32s
created_batches	1631
+ make -j 16 native-gap-retdec-batch1631
make[1]: Entering directory '/models/dev/sc-rev/eac/eacsym'
make dumps/vmtail-wide-1m-w16/vm_native_gap_retdec_batch1631.c
make[2]: Entering directory '/models/dev/sc-rev/eac/eacsym'
python3 vm_native_gap_retdec_batch.py --batch-index 1631 --ranges-file native_gap_retdec_batch1631.ranges > dumps/vmtail-wide-1m-w16/vm_native_gap_retdec_batch1631.c
native_gap_retdec_batch=1631
native_gap_retdec_selected_ranges=16
make[2]: Leaving directory '/models/dev/sc-rev/eac/eacsym'
make[1]: Leaving directory '/models/dev/sc-rev/eac/eacsym'
# elapsed 1.96s
+ cc -std=c11 -fsyntax-only -w dumps/vmtail-wide-1m-w16/vm_native_gap_retdec_batch1631.c
dumps/vmtail-wide-1m-w16/vm_native_gap_retdec_batch1631.c: In function ‘function_40c90c’:
dumps/vmtail-wide-1m-w16/vm_native_gap_retdec_batch1631.c:1458:5: error: implicit declaration of function ‘__writefsdword’; did you mean ‘__writegsdword’? [-Wimplicit-function-declaration]
 1458 |     __writefsdword(v3, (int32_t)a3);
      |     ^~~~~~~~~~~~~~
      |     __writegsdword
# elapsed 0.02s
quarantined_range_file	native_gap_retdec_batch1631.ranges	native_gap_retdec_batch1631.ranges.failed
removed_failed_sidecar	dumps/vmtail-wide-1m-w16/vm_native_gap_retdec_batch1631.c
salvage_batch_start	1631	16
salvage_try	0x24b77d-0x24b97d	batch=1631
salvage_try	0x24bb7d-0x24bd7d	batch=1632
salvage_try	0x24bd7d-0x24bf7d	batch=1633
salvage_try	0x3b28b4-0x3b29b4	batch=1634
salvage_try	0x3b29b4-0x3b2a34	batch=1635
salvage_try	0x3b2ab4-0x3b2cb4	batch=1636
salvage_try	0x3b2cb4-0x3b2eb4	batch=1637
salvage_try	0x3b2eb4-0x3b30b4	batch=1638
salvage_try	0x3e3696-0x3e3896	batch=1639
salvage_try	0x3e3896-0x3e3a96	batch=1640
salvage_try	0x3e3a96-0x3e3c96	batch=1641
salvage_try	0x40c4df-0x40c5df	batch=1642
salvage_try	0x40c5df-0x40c65f	batch=1643
salvage_try	0x40c6df-0x40c8df	batch=1644
salvage_try	0x40c8df-0x40cadf	batch=1645
salvage_try	0x40cbdf-0x40ccdf	batch=1646
+ make -j 16 native-gap-retdec-batch1631 native-gap-retdec-batch1632 native-gap-retdec-batch1633 native-gap-retdec-batch1634 native-gap-retdec-batch1635 native-gap-retdec-batch1636 native-gap-retdec-batch1637 native-gap-retdec-batch1638 native-gap-retdec-batch1639 native-gap-retdec-batch1640 native-gap-retdec-batch1641 native-gap-retdec-batch1642 native-gap-retdec-batch1643 native-gap-retdec-batch1644 native-gap-retdec-batch1645 native-gap-retdec-batch1646
make[1]: Entering directory '/models/dev/sc-rev/eac/eacsym'
make dumps/vmtail-wide-1m-w16/vm_native_gap_retdec_batch1631.c
make dumps/vmtail-wide-1m-w16/vm_native_gap_retdec_batch1632.c
make dumps/vmtail-wide-1m-w16/vm_native_gap_retdec_batch1633.c
make dumps/vmtail-wide-1m-w16/vm_native_gap_retdec_batch1634.c
make dumps/vmtail-wide-1m-w16/vm_native_gap_retdec_batch1635.c
make dumps/vmtail-wide-1m-w16/vm_native_gap_retdec_batch1636.c
make dumps/vmtail-wide-1m-w16/vm_native_gap_retdec_batch1637.c
make dumps/vmtail-wide-1m-w16/vm_native_gap_retdec_batch1638.c
make dumps/vmtail-wide-1m-w16/vm_native_gap_retdec_batch1639.c
make dumps/vmtail-wide-1m-w16/vm_native_gap_retdec_batch1640.c
make dumps/vmtail-wide-1m-w16/vm_native_gap_retdec_batch1641.c
make dumps/vmtail-wide-1m-w16/vm_native_gap_retdec_batch1642.c
make dumps/vmtail-wide-1m-w16/vm_native_gap_retdec_batch1643.c
make dumps/vmtail-wide-1m-w16/vm_native_gap_retdec_batch1644.c
make dumps/vmtail-wide-1m-w16/vm_native_gap_retdec_batch1645.c
make dumps/vmtail-wide-1m-w16/vm_native_gap_retdec_batch1646.c
make[2]: Entering directory '/models/dev/sc-rev/eac/eacsym'
python3 vm_native_gap_retdec_batch.py --batch-index 1634 --ranges-file native_gap_retdec_batch1634.ranges > dumps/vmtail-wide-1m-w16/vm_native_gap_retdec_batch1634.c
make[2]: Entering directory '/models/dev/sc-rev/eac/eacsym'
python3 vm_native_gap_retdec_batch.py --batch-index 1631 --ranges-file native_gap_retdec_batch1631.ranges > dumps/vmtail-wide-1m-w16/vm_native_gap_retdec_batch1631.c
make[2]: Entering directory '/models/dev/sc-rev/eac/eacsym'
python3 vm_native_gap_retdec_batch.py --batch-index 1640 --ranges-file native_gap_retdec_batch1640.ranges > dumps/vmtail-wide-1m-w16/vm_native_gap_retdec_batch1640.c
make[2]: Entering directory '/models/dev/sc-rev/eac/eacsym'
python3 vm_native_gap_retdec_batch.py --batch-index 1639 --ranges-file native_gap_retdec_batch1639.ranges > dumps/vmtail-wide-1m-w16/vm_native_gap_retdec_batch1639.c
make[2]: Entering directory '/models/dev/sc-rev/eac/eacsym'
python3 vm_native_gap_retdec_batch.py --batch-index 1632 --ranges-file native_gap_retdec_batch1632.ranges > dumps/vmtail-wide-1m-w16/vm_native_gap_retdec_batch1632.c
make[2]: Entering directory '/models/dev/sc-rev/eac/eacsym'
python3 vm_native_gap_retdec_batch.py --batch-index 1633 --ranges-file native_gap_retdec_batch1633.ranges > dumps/vmtail-wide-1m-w16/vm_native_gap_retdec_batch1633.c
make[2]: Entering directory '/models/dev/sc-rev/eac/eacsym'
python3 vm_native_gap_retdec_batch.py --batch-index 1643 --ranges-file native_gap_retdec_batch1643.ranges > dumps/vmtail-wide-1m-w16/vm_native_gap_retdec_batch1643.c
make[2]: Entering directory '/models/dev/sc-rev/eac/eacsym'
make[2]: Entering directory '/models/dev/sc-rev/eac/eacsym'
python3 vm_native_gap_retdec_batch.py --batch-index 1635 --ranges-file native_gap_retdec_batch1635.ranges > dumps/vmtail-wide-1m-w16/vm_native_gap_retdec_batch1635.c
python3 vm_native_gap_retdec_batch.py --batch-index 1642 --ranges-file native_gap_retdec_batch1642.ranges > dumps/vmtail-wide-1m-w16/vm_native_gap_retdec_batch1642.c
make[2]: Entering directory '/models/dev/sc-rev/eac/eacsym'
make[2]: Entering directory '/models/dev/sc-rev/eac/eacsym'
python3 vm_native_gap_retdec_batch.py --batch-index 1645 --ranges-file native_gap_retdec_batch1645.ranges > dumps/vmtail-wide-1m-w16/vm_native_gap_retdec_batch1645.c
python3 vm_native_gap_retdec_batch.py --batch-index 1636 --ranges-file native_gap_retdec_batch1636.ranges > dumps/vmtail-wide-1m-w16/vm_native_gap_retdec_batch1636.c
make[2]: Entering directory '/models/dev/sc-rev/eac/eacsym'
python3 vm_native_gap_retdec_batch.py --batch-index 1646 --ranges-file native_gap_retdec_batch1646.ranges > dumps/vmtail-wide-1m-w16/vm_native_gap_retdec_batch1646.c
make[2]: Entering directory '/models/dev/sc-rev/eac/eacsym'
python3 vm_native_gap_retdec_batch.py --batch-index 1638 --ranges-file native_gap_retdec_batch1638.ranges > dumps/vmtail-wide-1m-w16/vm_native_gap_retdec_batch1638.c
make[2]: Entering directory '/models/dev/sc-rev/eac/eacsym'
python3 vm_native_gap_retdec_batch.py --batch-index 1637 --ranges-file native_gap_retdec_batch1637.ranges > dumps/vmtail-wide-1m-w16/vm_native_gap_retdec_batch1637.c
make[2]: Entering directory '/models/dev/sc-rev/eac/eacsym'
python3 vm_native_gap_retdec_batch.py --batch-index 1641 --ranges-file native_gap_retdec_batch1641.ranges > dumps/vmtail-wide-1m-w16/vm_native_gap_retdec_batch1641.c
make[2]: Entering directory '/models/dev/sc-rev/eac/eacsym'
python3 vm_native_gap_retdec_batch.py --batch-index 1644 --ranges-file native_gap_retdec_batch1644.ranges > dumps/vmtail-wide-1m-w16/vm_native_gap_retdec_batch1644.c
native_gap_retdec_batch=1642
native_gap_retdec_selected_ranges=1
make[2]: Leaving directory '/models/dev/sc-rev/eac/eacsym'
native_gap_retdec_batch=1641
native_gap_retdec_selected_ranges=1
native_gap_retdec_batch=1638
native_gap_retdec_selected_ranges=1
make[2]: Leaving directory '/models/dev/sc-rev/eac/eacsym'
make[2]: Leaving directory '/models/dev/sc-rev/eac/eacsym'
native_gap_retdec_batch=1634
native_gap_retdec_selected_ranges=1
make[2]: Leaving directory '/models/dev/sc-rev/eac/eacsym'
native_gap_retdec_batch=1635
native_gap_retdec_selected_ranges=1
make[2]: Leaving directory '/models/dev/sc-rev/eac/eacsym'
native_gap_retdec_batch=1639
native_gap_retdec_selected_ranges=1
make[2]: Leaving directory '/models/dev/sc-rev/eac/eacsym'
native_gap_retdec_batch=1646
native_gap_retdec_selected_ranges=1
make[2]: Leaving directory '/models/dev/sc-rev/eac/eacsym'
native_gap_retdec_batch=1637
native_gap_retdec_selected_ranges=1
make[2]: Leaving directory '/models/dev/sc-rev/eac/eacsym'
native_gap_retdec_batch=1643
native_gap_retdec_selected_ranges=1
make[2]: Leaving directory '/models/dev/sc-rev/eac/eacsym'
native_gap_retdec_batch=1644
native_gap_retdec_selected_ranges=1
make[2]: Leaving directory '/models/dev/sc-rev/eac/eacsym'
native_gap_retdec_batch=1636
native_gap_retdec_selected_ranges=1
native_gap_retdec_batch=1632
native_gap_retdec_selected_ranges=1
native_gap_retdec_batch=1640
native_gap_retdec_selected_ranges=1
make[2]: Leaving directory '/models/dev/sc-rev/eac/eacsym'
make[2]: Leaving directory '/models/dev/sc-rev/eac/eacsym'
make[2]: Leaving directory '/models/dev/sc-rev/eac/eacsym'
native_gap_retdec_batch=1645
native_gap_retdec_selected_ranges=1
make[2]: Leaving directory '/models/dev/sc-rev/eac/eacsym'
native_gap_retdec_batch=1633
native_gap_retdec_selected_ranges=1
make[2]: Leaving directory '/models/dev/sc-rev/eac/eacsym'
native_gap_retdec_batch=1631
native_gap_retdec_selected_ranges=1
make[2]: Leaving directory '/models/dev/sc-rev/eac/eacsym'
make[1]: Leaving directory '/models/dev/sc-rev/eac/eacsym'
# elapsed 2.41s
+ cc -std=c11 -fsyntax-only -w dumps/vmtail-wide-1m-w16/vm_native_gap_retdec_batch1631.c
# elapsed 0.01s
+ cc -std=c11 -fsyntax-only -w dumps/vmtail-wide-1m-w16/vm_native_gap_retdec_batch1632.c
# elapsed 0.01s
+ cc -std=c11 -fsyntax-only -w dumps/vmtail-wide-1m-w16/vm_native_gap_retdec_batch1633.c
# elapsed 0.01s
+ cc -std=c11 -fsyntax-only -w dumps/vmtail-wide-1m-w16/vm_native_gap_retdec_batch1634.c
# elapsed 0.01s
+ cc -std=c11 -fsyntax-only -w dumps/vmtail-wide-1m-w16/vm_native_gap_retdec_batch1635.c
# elapsed 0.01s
+ cc -std=c11 -fsyntax-only -w dumps/vmtail-wide-1m-w16/vm_native_gap_retdec_batch1636.c
# elapsed 0.01s
+ cc -std=c11 -fsyntax-only -w dumps/vmtail-wide-1m-w16/vm_native_gap_retdec_batch1637.c
# elapsed 0.01s
+ cc -std=c11 -fsyntax-only -w dumps/vmtail-wide-1m-w16/vm_native_gap_retdec_batch1638.c
# elapsed 0.01s
+ cc -std=c11 -fsyntax-only -w dumps/vmtail-wide-1m-w16/vm_native_gap_retdec_batch1639.c
# elapsed 0.01s
+ cc -std=c11 -fsyntax-only -w dumps/vmtail-wide-1m-w16/vm_native_gap_retdec_batch1640.c
# elapsed 0.01s
+ cc -std=c11 -fsyntax-only -w dumps/vmtail-wide-1m-w16/vm_native_gap_retdec_batch1641.c
# elapsed 0.01s
+ cc -std=c11 -fsyntax-only -w dumps/vmtail-wide-1m-w16/vm_native_gap_retdec_batch1642.c
# elapsed 0.01s
+ cc -std=c11 -fsyntax-only -w dumps/vmtail-wide-1m-w16/vm_native_gap_retdec_batch1643.c
# elapsed 0.01s
+ cc -std=c11 -fsyntax-only -w dumps/vmtail-wide-1m-w16/vm_native_gap_retdec_batch1644.c
# elapsed 0.01s
+ cc -std=c11 -fsyntax-only -w dumps/vmtail-wide-1m-w16/vm_native_gap_retdec_batch1645.c
# elapsed 0.01s
+ cc -std=c11 -fsyntax-only -w dumps/vmtail-wide-1m-w16/vm_native_gap_retdec_batch1646.c
# elapsed 0.01s
salvage_batch_done	1631	salvaged=1631,1632,1633,1634,1635,1636,1637,1638,1639,1640,1641,1642,1643,1644,1645,1646	rejected=0
+ make -s native-executable-coverage-audit native-retdec-gap-queue
# elapsed 2.86s
+ make -s uncovered-executable-gaps
uncovered_executable_gaps=3253 bytes=956960
uncovered_executable_gaps=3253 bytes=956960
uncovered_executable_gaps=3253 bytes=956960
# elapsed 0.93s
coverage_delta
native_executable_coverage_range_rows	57621	60056	delta=+2435
native_executable_coverage_gap_rows	3271	3258	delta=-13
native_executable_coverage_recovered_bytes	4524664	4694080	delta=+169416
native_executable_coverage_uncovered_bytes	1126376	956960	delta=-169416
executable_gap_autopilot_created_batches	1488,1489,1490,1491,1492,1493,1494,1495,1496,1497,1498,1499,1500,1501,1502,1503,1504,1505,1506,1507,1508,1509,1510,1511,1512,1513,1514,1515,1516,1517,1518,1519,1520,1521,1522,1523,1524,1525,1526,1527,1528,1529,1530,1531,1532,1533,1534,1535,1536,1537,1538,1539,1540,1541,1542,1543,1544,1545,1546,1547,1548,1549,1550,1551,1552,1553,1554,1555,1556,1557,1558,1559,1560,1561,1562,1563,1564,1565,1566,1567,1568,1569,1570,1571,1572,1573,1574,1575,1576,1577,1578,1579,1580,1581,1582,1583,1584,1585,1586,1587,1588,1589,1590,1591,1592,1593,1594,1595,1596,1597,1598,1599,1600,1601,1602,1603,1604,1605,1606,1607,1608,1609,1610,1611,1612,1613,1614,1615,1616,1617,1618,1619,1620,1621,1622,1623,1624,1625,1626,1627,1628,1629,1630,1631,1632,1633,1634,1635,1636,1637,1638,1639,1640,1641,1642,1643,1644,1645,1646
