+ python3 vm_executable_gap_retdec_autopilot.py --rounds 64 --jobs 24 --probe-jobs 24 --chunk-bytes 0x10 --min-chunk-bytes 0x1 --max-split-candidates 4096 --max-gap-chunks 64 --max-candidates 4096 --max-accepted 128 --timeout 30 --salvage-failed-batches --final-checkpoint --completion-audit --skip-manifest --section .text
round_start	1
+ python3 vm_executable_gap_retdec_probe.py --root . --section .text --chunk-bytes 0x10 --min-chunk-bytes 0x1 --max-split-candidates 4096 --max-gap-chunks 64 --max-candidates 4096 --max-accepted 128 --probe-jobs 24 --timeout 30 --reject-cache dumps/vmtail-wide-1m-w16/vm_executable_gap_retdec_reject_cache.tsv
try	0x4e4d91-0x4e4d99	reject
split	0x4e4d91-0x4e4d99	0x4e4d91-0x4e4d95
split	0x4e4d91-0x4e4d99	0x4e4d95-0x4e4d99
try	0x4e4d89-0x4e4d91	ok
try	0x4e4dc9-0x4e4dd1	ok
try	0x4e4e11-0x4e4e19	ok
try	0x4e4df9-0x4e4e01	ok
try	0x4e4dd1-0x4e4dd9	reject
split	0x4e4dd1-0x4e4dd9	0x4e4dd1-0x4e4dd5
split	0x4e4dd1-0x4e4dd9	0x4e4dd5-0x4e4dd9
try	0x4e4d99-0x4e4da1	ok
try	0x4e4e39-0x4e4e41	ok
try	0x4e4da9-0x4e4db1	reject
split	0x4e4da9-0x4e4db1	0x4e4da9-0x4e4dad
split	0x4e4da9-0x4e4db1	0x4e4dad-0x4e4db1
try	0x4e4da1-0x4e4da9	ok
try	0x4e4dc1-0x4e4dc9	ok
try	0x4e4db1-0x4e4db9	ok
try	0x4e4de1-0x4e4de9	ok
try	0x4e4de9-0x4e4df1	ok
try	0x4e4e19-0x4e4e21	reject
split	0x4e4e19-0x4e4e21	0x4e4e19-0x4e4e1d
split	0x4e4e19-0x4e4e21	0x4e4e1d-0x4e4e21
try	0x4e4e09-0x4e4e11	reject
split	0x4e4e09-0x4e4e11	0x4e4e09-0x4e4e0d
split	0x4e4e09-0x4e4e11	0x4e4e0d-0x4e4e11
try	0x4e4e41-0x4e4e49	reject
split	0x4e4e41-0x4e4e49	0x4e4e41-0x4e4e45
split	0x4e4e41-0x4e4e49	0x4e4e45-0x4e4e49
try	0x4e4dd9-0x4e4de1	ok
try	0x4e4db9-0x4e4dc1	reject
split	0x4e4db9-0x4e4dc1	0x4e4db9-0x4e4dbd
split	0x4e4db9-0x4e4dc1	0x4e4dbd-0x4e4dc1
try	0x4e4e01-0x4e4e09	reject
split	0x4e4e01-0x4e4e09	0x4e4e01-0x4e4e05
split	0x4e4e01-0x4e4e09	0x4e4e05-0x4e4e09
try	0x4e4e31-0x4e4e39	ok
try	0x4e4e29-0x4e4e31	ok
try	0x4e4e21-0x4e4e29	ok
try	0x4e4df1-0x4e4df9	ok
try	0x4e4d95-0x4e4d99	ok
try	0x4e4e49-0x4e4e51	ok
try	0x4e4e61-0x4e4e69	ok
try	0x4e4dad-0x4e4db1	ok
try	0x4e4d91-0x4e4d95	ok
try	0x4e4e59-0x4e4e61	reject
split	0x4e4e59-0x4e4e61	0x4e4e59-0x4e4e5d
split	0x4e4e59-0x4e4e61	0x4e4e5d-0x4e4e61
try	0x4e4dd1-0x4e4dd5	ok
try	0x4e4e41-0x4e4e45	ok
try	0x4e4e19-0x4e4e1d	ok
try	0x4e4dbd-0x4e4dc1	ok
try	0x4e4e51-0x4e4e59	ok
try	0x4e4dd5-0x4e4dd9	ok
try	0x4e4e0d-0x4e4e11	ok
try	0x4e4da9-0x4e4dad	reject
split	0x4e4da9-0x4e4dad	0x4e4da9-0x4e4dab
split	0x4e4da9-0x4e4dad	0x4e4dab-0x4e4dad
try	0x4e4e69-0x4e4e71	reject
split	0x4e4e69-0x4e4e71	0x4e4e69-0x4e4e6d
split	0x4e4e69-0x4e4e71	0x4e4e6d-0x4e4e71
try	0x4e4e71-0x4e4e79	ok
try	0x4e4e81-0x4e4e89	ok
try	0x4e4e79-0x4e4e81	reject
split	0x4e4e79-0x4e4e81	0x4e4e79-0x4e4e7d
split	0x4e4e79-0x4e4e81	0x4e4e7d-0x4e4e81
try	0x4e4e1d-0x4e4e21	ok
try	0x4e4db9-0x4e4dbd	reject
split	0x4e4db9-0x4e4dbd	0x4e4db9-0x4e4dbb
split	0x4e4db9-0x4e4dbd	0x4e4dbb-0x4e4dbd
try	0x4e4e01-0x4e4e05	reject
split	0x4e4e01-0x4e4e05	0x4e4e01-0x4e4e03
split	0x4e4e01-0x4e4e05	0x4e4e03-0x4e4e05
try	0x4e4e09-0x4e4e0d	reject
split	0x4e4e09-0x4e4e0d	0x4e4e09-0x4e4e0b
split	0x4e4e09-0x4e4e0d	0x4e4e0b-0x4e4e0d
try	0x4e4e45-0x4e4e49	ok
try	0x4e4e05-0x4e4e09	reject
split	0x4e4e05-0x4e4e09	0x4e4e05-0x4e4e07
split	0x4e4e05-0x4e4e09	0x4e4e07-0x4e4e09
try	0x4e4e99-0x4e4ea1	reject
split	0x4e4e99-0x4e4ea1	0x4e4e99-0x4e4e9d
split	0x4e4e99-0x4e4ea1	0x4e4e9d-0x4e4ea1
try	0x4e4e89-0x4e4e91	ok
try	0x4e4ea1-0x4e4ea9	ok
try	0x4e4e91-0x4e4e99	ok
try	0x4e4e6d-0x4e4e71	ok
try	0x4e5e61-0x4e5e69	ok
try	0x4e4e7d-0x4e4e81	ok
try	0x4e5e39-0x4e5e41	ok
try	0x4e4e5d-0x4e4e61	ok
try	0x4e4e59-0x4e4e5d	ok
try	0x4e5e51-0x4e5e59	ok
try	0x4e5e49-0x4e5e51	reject
split	0x4e5e49-0x4e5e51	0x4e5e49-0x4e5e4d
split	0x4e5e49-0x4e5e51	0x4e5e4d-0x4e5e51
try	0x4e5e41-0x4e5e49	reject
split	0x4e5e41-0x4e5e49	0x4e5e41-0x4e5e45
split	0x4e5e41-0x4e5e49	0x4e5e45-0x4e5e49
try	0x4e5e59-0x4e5e61	reject
split	0x4e5e59-0x4e5e61	0x4e5e59-0x4e5e5d
split	0x4e5e59-0x4e5e61	0x4e5e5d-0x4e5e61
try	0x4e4dbb-0x4e4dbd	ok
try	0x4e5e69-0x4e5e71	ok
try	0x4e4e69-0x4e4e6d	ok
try	0x4e4dab-0x4e4dad	ok
try	0x4e4e07-0x4e4e09	ok
try	0x4e4da9-0x4e4dab	ok
try	0x4e4e79-0x4e4e7d	ok
try	0x4e4e03-0x4e4e05	ok
try	0x4e4e09-0x4e4e0b	ok
try	0x4e4e0b-0x4e4e0d	ok
try	0x4e4e99-0x4e4e9d	ok
try	0x4e4e9d-0x4e4ea1	ok
try	0x4e4e05-0x4e4e07	ok
try	0x4e4e01-0x4e4e03	ok
try	0x4e4db9-0x4e4dbb	ok
try	0x4e5e71-0x4e5e79	reject
split	0x4e5e71-0x4e5e79	0x4e5e71-0x4e5e75
split	0x4e5e71-0x4e5e79	0x4e5e75-0x4e5e79
try	0x4e5e41-0x4e5e45	ok
try	0x4e5e79-0x4e5e81	ok
try	0x4e5e81-0x4e5e89	ok
try	0x4e5e4d-0x4e5e51	ok
try	0x4e5e45-0x4e5e49	ok
try	0x4e5e49-0x4e5e4d	ok
try	0x4e5e91-0x4e5e99	reject
split	0x4e5e91-0x4e5e99	0x4e5e91-0x4e5e95
split	0x4e5e91-0x4e5e99	0x4e5e95-0x4e5e99
try	0x4e5e89-0x4e5e91	reject
split	0x4e5e89-0x4e5e91	0x4e5e89-0x4e5e8d
split	0x4e5e89-0x4e5e91	0x4e5e8d-0x4e5e91
try	0x4e5e99-0x4e5ea1	ok
try	0x4e5eb1-0x4e5eb9	ok
try	0x4e5e5d-0x4e5e61	ok
try	0x4e5ea9-0x4e5eb1	reject
split	0x4e5ea9-0x4e5eb1	0x4e5ea9-0x4e5ead
split	0x4e5ea9-0x4e5eb1	0x4e5ead-0x4e5eb1
try	0x4e5ea1-0x4e5ea9	reject
split	0x4e5ea1-0x4e5ea9	0x4e5ea1-0x4e5ea5
split	0x4e5ea1-0x4e5ea9	0x4e5ea5-0x4e5ea9
try	0x4e5e59-0x4e5e5d	ok
try	0x4e5ec1-0x4e5ec9	reject
split	0x4e5ec1-0x4e5ec9	0x4e5ec1-0x4e5ec5
split	0x4e5ec1-0x4e5ec9	0x4e5ec5-0x4e5ec9
try	0x4e5eb9-0x4e5ec1	ok
try	0x4e5ec9-0x4e5ed1	reject
split	0x4e5ec9-0x4e5ed1	0x4e5ec9-0x4e5ecd
split	0x4e5ec9-0x4e5ed1	0x4e5ecd-0x4e5ed1
try	0x4e5ed1-0x4e5ed9	ok
try	0x4e74f9-0x4e7501	reject
split	0x4e74f9-0x4e7501	0x4e74f9-0x4e74fd
split	0x4e74f9-0x4e7501	0x4e74fd-0x4e7501
try	0x4e7501-0x4e7509	ok
try	0x4e7511-0x4e7519	ok
try	0x4e5e89-0x4e5e8d	ok
try	0x4e7539-0x4e7541	ok
try	0x4e7509-0x4e7511	ok
try	0x4e7541-0x4e7549	reject
split	0x4e7541-0x4e7549	0x4e7541-0x4e7545
split	0x4e7541-0x4e7549	0x4e7545-0x4e7549
try	0x4e7521-0x4e7529	reject
split	0x4e7521-0x4e7529	0x4e7521-0x4e7525
split	0x4e7521-0x4e7529	0x4e7525-0x4e7529
try	0x4e7531-0x4e7539	ok
try	0x4e7519-0x4e7521	ok
try	0x4e5ea5-0x4e5ea9	ok
try	0x4e5e71-0x4e5e75	ok
try	0x4e5e75-0x4e5e79	ok
try	0x4e5ec1-0x4e5ec5	ok
try	0x4e5e95-0x4e5e99	ok
try	0x4e5e8d-0x4e5e91	ok
try	0x4e7529-0x4e7531	ok
try	0x4e7549-0x4e7551	reject
split	0x4e7549-0x4e7551	0x4e7549-0x4e754d
split	0x4e7549-0x4e7551	0x4e754d-0x4e7551
try	0x4e5e91-0x4e5e95	ok
try	0x4e5ecd-0x4e5ed1	ok
try	0x4e5ead-0x4e5eb1	ok
try	0x4e5ec5-0x4e5ec9	ok
try	0x4e5ea1-0x4e5ea5	ok
try	0x4e5ec9-0x4e5ecd	reject
split	0x4e5ec9-0x4e5ecd	0x4e5ec9-0x4e5ecb
split	0x4e5ec9-0x4e5ecd	0x4e5ecb-0x4e5ecd
try	0x4e74fd-0x4e7501	ok
try	0x4e74f9-0x4e74fd	ok
try	0x4e7551-0x4e7559	reject
split	0x4e7551-0x4e7559	0x4e7551-0x4e7555
split	0x4e7551-0x4e7559	0x4e7555-0x4e7559
try	0x4e5ea9-0x4e5ead	ok
try	0x4e7525-0x4e7529	ok
try	0x4e7561-0x4e7569	reject
split	0x4e7561-0x4e7569	0x4e7561-0x4e7565
split	0x4e7561-0x4e7569	0x4e7565-0x4e7569
try	0x4e7545-0x4e7549	ok
try	0x4e7559-0x4e7561	ok
try	0x4e8e19-0x4e8e21	ok
try	0x4e8e31-0x4e8e39	ok
try	0x4e7589-0x4e7595	reject
split	0x4e7589-0x4e7595	0x4e7589-0x4e758f
split	0x4e7589-0x4e7595	0x4e758f-0x4e7595
try	0x4e7521-0x4e7525	ok
try	0x4e7541-0x4e7545	ok
try	0x4e7579-0x4e7581	reject
split	0x4e7579-0x4e7581	0x4e7579-0x4e757d
split	0x4e7579-0x4e7581	0x4e757d-0x4e7581
try	0x4e7569-0x4e7571	ok
try	0x4e7549-0x4e754d	ok
try	0x4e7571-0x4e7579	ok
try	0x4e7581-0x4e7589	ok
try	0x4e8e21-0x4e8e29	ok
try	0x4e754d-0x4e7551	reject
split	0x4e754d-0x4e7551	0x4e754d-0x4e754f
split	0x4e754d-0x4e7551	0x4e754f-0x4e7551
try	0x4e8e29-0x4e8e31	reject
split	0x4e8e29-0x4e8e31	0x4e8e29-0x4e8e2d
split	0x4e8e29-0x4e8e31	0x4e8e2d-0x4e8e31
try	0x4e8e39-0x4e8e41	reject
split	0x4e8e39-0x4e8e41	0x4e8e39-0x4e8e3d
split	0x4e8e39-0x4e8e41	0x4e8e3d-0x4e8e41
try	0x4e8e41-0x4e8e49	ok
try	0x4e5ecb-0x4e5ecd	ok
try	0x4e5ec9-0x4e5ecb	ok
try	0x4e8e49-0x4e8e51	ok
try	0x4e8e51-0x4e8e59	reject
split	0x4e8e51-0x4e8e59	0x4e8e51-0x4e8e55
split	0x4e8e51-0x4e8e59	0x4e8e55-0x4e8e59
try	0x4e7551-0x4e7555	reject
split	0x4e7551-0x4e7555	0x4e7551-0x4e7553
split	0x4e7551-0x4e7555	0x4e7553-0x4e7555
try	0x4e8e59-0x4e8e61	ok
try	0x4e7555-0x4e7559	ok
try	0x4e7565-0x4e7569	ok
try	0x4e7589-0x4e758f	ok
try	0x4e7561-0x4e7565	ok
try	0x4e7579-0x4e757d	ok
try	0x4e8e61-0x4e8e69	ok
try	0x4e757d-0x4e7581	ok
try	0x4e8e69-0x4e8e71	reject
split	0x4e8e69-0x4e8e71	0x4e8e69-0x4e8e6d
split	0x4e8e69-0x4e8e71	0x4e8e6d-0x4e8e71
try	0x4e758f-0x4e7595	reject
split	0x4e758f-0x4e7595	0x4e758f-0x4e7592
split	0x4e758f-0x4e7595	0x4e7592-0x4e7595
try	0x4e8e71-0x4e8e79	ok
try	0x4e8e81-0x4e8e89	ok
try	0x4e754f-0x4e7551	ok
try	0x4e8e79-0x4e8e81	ok
try	0x4e8e89-0x4e8e91	ok
try	0x4e8e3d-0x4e8e41	ok
try	0x4e8e91-0x4e8e99	reject
split	0x4e8e91-0x4e8e99	0x4e8e91-0x4e8e95
split	0x4e8e91-0x4e8e99	0x4e8e95-0x4e8e99
try	0x4e8e2d-0x4e8e31	ok
try	0x4e8e29-0x4e8e2d	ok
try	0x4e8e39-0x4e8e3d	ok
try	0x4e754d-0x4e754f	ok
try	0x4e8e55-0x4e8e59	ok
try	0x4e8e99-0x4e8ea1	reject
split	0x4e8e99-0x4e8ea1	0x4e8e99-0x4e8e9d
split	0x4e8e99-0x4e8ea1	0x4e8e9d-0x4e8ea1
try	0x4e7551-0x4e7553	ok
try	0x4e7553-0x4e7555	ok
wrote	native_gap_retdec_batch6654.ranges	128
appended_reject_cache	dumps/vmtail-wide-1m-w16/vm_executable_gap_retdec_reject_cache.tsv	45
# elapsed 20.37s
created_batches	6654
+ make -j 24 native-gap-retdec-batch6654
make dumps/vmtail-wide-1m-w16/vm_native_gap_retdec_batch6654.c
make[1]: Entering directory '/models/dev/sc-rev/eac/eacsym'
python3 vm_native_gap_retdec_batch.py --batch-index 6654 --ranges-file native_gap_retdec_batch6654.ranges > dumps/vmtail-wide-1m-w16/vm_native_gap_retdec_batch6654.c
native_gap_retdec_batch=6654
native_gap_retdec_selected_ranges=128
make[1]: Leaving directory '/models/dev/sc-rev/eac/eacsym'
# elapsed 1.76s
+ cc -std=c11 -fsyntax-only -w dumps/vmtail-wide-1m-w16/vm_native_gap_retdec_batch6654.c
dumps/vmtail-wide-1m-w16/vm_native_gap_retdec_batch6654.c: In function ‘function_4e4d89’:
dumps/vmtail-wide-1m-w16/vm_native_gap_retdec_batch6654.c:513:29: error: implicit declaration of function ‘__asm_pslld’; did you mean ‘__asm_psllq’? [-Wimplicit-function-declaration]
  513 |     int128_t v5 = __asm_por(__asm_pslld(v1, 20), __asm_psrld(v1, 12)); // 0x4e4d98
      |                             ^~~~~~~~~~~
      |                             __asm_psllq
dumps/vmtail-wide-1m-w16/vm_native_gap_retdec_batch6654.c:513:50: error: implicit declaration of function ‘__asm_psrld’; did you mean ‘__asm_psrlq’? [-Wimplicit-function-declaration]
  513 |     int128_t v5 = __asm_por(__asm_pslld(v1, 20), __asm_psrld(v1, 12)); // 0x4e4d98
      |                                                  ^~~~~~~~~~~
      |                                                  __asm_psrlq
dumps/vmtail-wide-1m-w16/vm_native_gap_retdec_batch6654.c:517:19: error: implicit declaration of function ‘__asm_paddd’; did you mean ‘__asm_paddq’? [-Wimplicit-function-declaration]
  517 |     int128_t v9 = __asm_paddd(v1, v1); // 0x4e4ddc
      |                   ^~~~~~~~~~~
      |                   __asm_paddq
dumps/vmtail-wide-1m-w16/vm_native_gap_retdec_batch6654.c: In function ‘function_4e5e39’:
dumps/vmtail-wide-1m-w16/vm_native_gap_retdec_batch6654.c:562:20: error: implicit declaration of function ‘__asm_pshufhw’; did you mean ‘__asm_pshufd’? [-Wimplicit-function-declaration]
  562 |     int128_t v15 = __asm_pshufhw(__asm_pshuflw(v11, -79), -79); // 0x4e5e84
      |                    ^~~~~~~~~~~~~
      |                    __asm_pshufd
dumps/vmtail-wide-1m-w16/vm_native_gap_retdec_batch6654.c:562:34: error: implicit declaration of function ‘__asm_pshuflw’; did you mean ‘__asm_pshufd’? [-Wimplicit-function-declaration]
  562 |     int128_t v15 = __asm_pshufhw(__asm_pshuflw(v11, -79), -79); // 0x4e5e84
      |                                  ^~~~~~~~~~~~~
      |                                  __asm_pshufd
dumps/vmtail-wide-1m-w16/vm_native_gap_retdec_batch6654.c: In function ‘function_4e74f9’:
dumps/vmtail-wide-1m-w16/vm_native_gap_retdec_batch6654.c:586:19: error: implicit declaration of function ‘__asm_pshufb’; did you mean ‘__asm_pshufd’? [-Wimplicit-function-declaration]
  586 |     int128_t v9 = __asm_pshufb(v4, v8); // 0x4e7520
      |                   ^~~~~~~~~~~~
      |                   __asm_pshufd
dumps/vmtail-wide-1m-w16/vm_native_gap_retdec_batch6654.c:598:5: error: implicit declaration of function ‘__asm_movdqa_133’; did you mean ‘__asm_movdqu_133’? [-Wimplicit-function-declaration]
  598 |     __asm_movdqa_133(v13);
      |     ^~~~~~~~~~~~~~~~
      |     __asm_movdqu_133
dumps/vmtail-wide-1m-w16/vm_native_gap_retdec_batch6654.c: In function ‘function_4e8e55’:
dumps/vmtail-wide-1m-w16/vm_native_gap_retdec_batch6654.c:641:5: error: implicit declaration of function ‘__asm_por_134’; did you mean ‘__asm_out_134’? [-Wimplicit-function-declaration]
  641 |     __asm_por_134(v4, v4);
      |     ^~~~~~~~~~~~~
      |     __asm_out_134
dumps/vmtail-wide-1m-w16/vm_native_gap_retdec_batch6654.c: In function ‘function_4e8e71’:
dumps/vmtail-wide-1m-w16/vm_native_gap_retdec_batch6654.c:654:9: error: implicit declaration of function ‘__asm_paddd_135’; did you mean ‘__asm_paddq’? [-Wimplicit-function-declaration]
  654 |         __asm_paddd_135(result, result);
      |         ^~~~~~~~~~~~~~~
      |         __asm_paddq
# elapsed 0.02s
quarantined_range_file	native_gap_retdec_batch6654.ranges	native_gap_retdec_batch6654.ranges.failed
removed_failed_sidecar	dumps/vmtail-wide-1m-w16/vm_native_gap_retdec_batch6654.c
salvage_batch_start	6654	128
salvage_try	0x4e4d89-0x4e4d91	batch=6654
salvage_try	0x4e4d91-0x4e4d95	batch=6655
salvage_try	0x4e4d95-0x4e4d99	batch=6656
salvage_try	0x4e4d99-0x4e4da1	batch=6657
salvage_try	0x4e4da1-0x4e4da9	batch=6658
salvage_try	0x4e4da9-0x4e4dab	batch=6659
salvage_try	0x4e4dab-0x4e4dad	batch=6660
salvage_try	0x4e4dad-0x4e4db1	batch=6661
salvage_try	0x4e4db1-0x4e4db9	batch=6662
salvage_try	0x4e4db9-0x4e4dbb	batch=6663
salvage_try	0x4e4dbb-0x4e4dbd	batch=6664
salvage_try	0x4e4dbd-0x4e4dc1	batch=6665
salvage_try	0x4e4dc1-0x4e4dc9	batch=6666
salvage_try	0x4e4dc9-0x4e4dd1	batch=6667
salvage_try	0x4e4dd1-0x4e4dd5	batch=6668
salvage_try	0x4e4dd5-0x4e4dd9	batch=6669
salvage_try	0x4e4dd9-0x4e4de1	batch=6670
salvage_try	0x4e4de1-0x4e4de9	batch=6671
salvage_try	0x4e4de9-0x4e4df1	batch=6672
salvage_try	0x4e4df1-0x4e4df9	batch=6673
salvage_try	0x4e4df9-0x4e4e01	batch=6674
salvage_try	0x4e4e01-0x4e4e03	batch=6675
salvage_try	0x4e4e03-0x4e4e05	batch=6676
salvage_try	0x4e4e05-0x4e4e07	batch=6677
salvage_try	0x4e4e07-0x4e4e09	batch=6678
salvage_try	0x4e4e09-0x4e4e0b	batch=6679
salvage_try	0x4e4e0b-0x4e4e0d	batch=6680
salvage_try	0x4e4e0d-0x4e4e11	batch=6681
salvage_try	0x4e4e11-0x4e4e19	batch=6682
salvage_try	0x4e4e19-0x4e4e1d	batch=6683
salvage_try	0x4e4e1d-0x4e4e21	batch=6684
salvage_try	0x4e4e21-0x4e4e29	batch=6685
salvage_try	0x4e4e29-0x4e4e31	batch=6686
salvage_try	0x4e4e31-0x4e4e39	batch=6687
salvage_try	0x4e4e39-0x4e4e41	batch=6688
salvage_try	0x4e4e41-0x4e4e45	batch=6689
salvage_try	0x4e4e45-0x4e4e49	batch=6690
salvage_try	0x4e4e49-0x4e4e51	batch=6691
salvage_try	0x4e4e51-0x4e4e59	batch=6692
salvage_try	0x4e4e59-0x4e4e5d	batch=6693
salvage_try	0x4e4e5d-0x4e4e61	batch=6694
salvage_try	0x4e4e61-0x4e4e69	batch=6695
salvage_try	0x4e4e69-0x4e4e6d	batch=6696
salvage_try	0x4e4e6d-0x4e4e71	batch=6697
salvage_try	0x4e4e71-0x4e4e79	batch=6698
salvage_try	0x4e4e79-0x4e4e7d	batch=6699
salvage_try	0x4e4e7d-0x4e4e81	batch=6700
salvage_try	0x4e4e81-0x4e4e89	batch=6701
salvage_try	0x4e4e89-0x4e4e91	batch=6702
salvage_try	0x4e4e91-0x4e4e99	batch=6703
salvage_try	0x4e4e99-0x4e4e9d	batch=6704
salvage_try	0x4e4e9d-0x4e4ea1	batch=6705
salvage_try	0x4e4ea1-0x4e4ea9	batch=6706
salvage_try	0x4e5e39-0x4e5e41	batch=6707
salvage_try	0x4e5e41-0x4e5e45	batch=6708
salvage_try	0x4e5e45-0x4e5e49	batch=6709
salvage_try	0x4e5e49-0x4e5e4d	batch=6710
salvage_try	0x4e5e4d-0x4e5e51	batch=6711
salvage_try	0x4e5e51-0x4e5e59	batch=6712
salvage_try	0x4e5e59-0x4e5e5d	batch=6713
salvage_try	0x4e5e5d-0x4e5e61	batch=6714
salvage_try	0x4e5e61-0x4e5e69	batch=6715
salvage_try	0x4e5e69-0x4e5e71	batch=6716
salvage_try	0x4e5e71-0x4e5e75	batch=6717
salvage_try	0x4e5e75-0x4e5e79	batch=6718
salvage_try	0x4e5e79-0x4e5e81	batch=6719
salvage_try	0x4e5e81-0x4e5e89	batch=6720
salvage_try	0x4e5e89-0x4e5e8d	batch=6721
salvage_try	0x4e5e8d-0x4e5e91	batch=6722
salvage_try	0x4e5e91-0x4e5e95	batch=6723
salvage_try	0x4e5e95-0x4e5e99	batch=6724
salvage_try	0x4e5e99-0x4e5ea1	batch=6725
salvage_try	0x4e5ea1-0x4e5ea5	batch=6726
salvage_try	0x4e5ea5-0x4e5ea9	batch=6727
salvage_try	0x4e5ea9-0x4e5ead	batch=6728
salvage_try	0x4e5ead-0x4e5eb1	batch=6729
salvage_try	0x4e5eb1-0x4e5eb9	batch=6730
salvage_try	0x4e5eb9-0x4e5ec1	batch=6731
salvage_try	0x4e5ec1-0x4e5ec5	batch=6732
salvage_try	0x4e5ec5-0x4e5ec9	batch=6733
salvage_try	0x4e5ec9-0x4e5ecb	batch=6734
salvage_try	0x4e5ecb-0x4e5ecd	batch=6735
salvage_try	0x4e5ecd-0x4e5ed1	batch=6736
salvage_try	0x4e5ed1-0x4e5ed9	batch=6737
salvage_try	0x4e74f9-0x4e74fd	batch=6738
salvage_try	0x4e74fd-0x4e7501	batch=6739
salvage_try	0x4e7501-0x4e7509	batch=6740
salvage_try	0x4e7509-0x4e7511	batch=6741
salvage_try	0x4e7511-0x4e7519	batch=6742
salvage_try	0x4e7519-0x4e7521	batch=6743
salvage_try	0x4e7521-0x4e7525	batch=6744
salvage_try	0x4e7525-0x4e7529	batch=6745
salvage_try	0x4e7529-0x4e7531	batch=6746
salvage_try	0x4e7531-0x4e7539	batch=6747
salvage_try	0x4e7539-0x4e7541	batch=6748
salvage_try	0x4e7541-0x4e7545	batch=6749
salvage_try	0x4e7545-0x4e7549	batch=6750
salvage_try	0x4e7549-0x4e754d	batch=6751
salvage_try	0x4e754d-0x4e754f	batch=6752
salvage_try	0x4e754f-0x4e7551	batch=6753
salvage_try	0x4e7551-0x4e7553	batch=6754
salvage_try	0x4e7553-0x4e7555	batch=6755
salvage_try	0x4e7555-0x4e7559	batch=6756
salvage_try	0x4e7559-0x4e7561	batch=6757
salvage_try	0x4e7561-0x4e7565	batch=6758
salvage_try	0x4e7565-0x4e7569	batch=6759
salvage_try	0x4e7569-0x4e7571	batch=6760
salvage_try	0x4e7571-0x4e7579	batch=6761
salvage_try	0x4e7579-0x4e757d	batch=6762
salvage_try	0x4e757d-0x4e7581	batch=6763
salvage_try	0x4e7581-0x4e7589	batch=6764
salvage_try	0x4e7589-0x4e758f	batch=6765
salvage_try	0x4e8e19-0x4e8e21	batch=6766
salvage_try	0x4e8e21-0x4e8e29	batch=6767
salvage_try	0x4e8e29-0x4e8e2d	batch=6768
salvage_try	0x4e8e2d-0x4e8e31	batch=6769
salvage_try	0x4e8e31-0x4e8e39	batch=6770
salvage_try	0x4e8e39-0x4e8e3d	batch=6771
salvage_try	0x4e8e3d-0x4e8e41	batch=6772
salvage_try	0x4e8e41-0x4e8e49	batch=6773
salvage_try	0x4e8e49-0x4e8e51	batch=6774
salvage_try	0x4e8e55-0x4e8e59	batch=6775
salvage_try	0x4e8e59-0x4e8e61	batch=6776
salvage_try	0x4e8e61-0x4e8e69	batch=6777
salvage_try	0x4e8e71-0x4e8e79	batch=6778
salvage_try	0x4e8e79-0x4e8e81	batch=6779
salvage_try	0x4e8e81-0x4e8e89	batch=6780
salvage_try	0x4e8e89-0x4e8e91	batch=6781
+ make -j 24 native-gap-retdec-batch6654 native-gap-retdec-batch6655 native-gap-retdec-batch6656 native-gap-retdec-batch6657 native-gap-retdec-batch6658 native-gap-retdec-batch6659 native-gap-retdec-batch6660 native-gap-retdec-batch6661 native-gap-retdec-batch6662 native-gap-retdec-batch6663 native-gap-retdec-batch6664 native-gap-retdec-batch6665 native-gap-retdec-batch6666 native-gap-retdec-batch6667 native-gap-retdec-batch6668 native-gap-retdec-batch6669 native-gap-retdec-batch6670 native-gap-retdec-batch6671 native-gap-retdec-batch6672 native-gap-retdec-batch6673 native-gap-retdec-batch6674 native-gap-retdec-batch6675 native-gap-retdec-batch6676 native-gap-retdec-batch6677 native-gap-retdec-batch6678 native-gap-retdec-batch6679 native-gap-retdec-batch6680 native-gap-retdec-batch6681 native-gap-retdec-batch6682 native-gap-retdec-batch6683 native-gap-retdec-batch6684 native-gap-retdec-batch6685 native-gap-retdec-batch6686 native-gap-retdec-batch6687 native-gap-retdec-batch6688 native-gap-retdec-batch6689 native-gap-retdec-batch6690 native-gap-retdec-batch6691 native-gap-retdec-batch6692 native-gap-retdec-batch6693 native-gap-retdec-batch6694 native-gap-retdec-batch6695 native-gap-retdec-batch6696 native-gap-retdec-batch6697 native-gap-retdec-batch6698 native-gap-retdec-batch6699 native-gap-retdec-batch6700 native-gap-retdec-batch6701 native-gap-retdec-batch6702 native-gap-retdec-batch6703 native-gap-retdec-batch6704 native-gap-retdec-batch6705 native-gap-retdec-batch6706 native-gap-retdec-batch6707 native-gap-retdec-batch6708 native-gap-retdec-batch6709 native-gap-retdec-batch6710 native-gap-retdec-batch6711 native-gap-retdec-batch6712 native-gap-retdec-batch6713 native-gap-retdec-batch6714 native-gap-retdec-batch6715 native-gap-retdec-batch6716 native-gap-retdec-batch6717 native-gap-retdec-batch6718 native-gap-retdec-batch6719 native-gap-retdec-batch6720 native-gap-retdec-batch6721 native-gap-retdec-batch6722 native-gap-retdec-batch6723 native-gap-retdec-batch6724 native-gap-retdec-batch6725 native-gap-retdec-batch6726 native-gap-retdec-batch6727 native-gap-retdec-batch6728 native-gap-retdec-batch6729 native-gap-retdec-batch6730 native-gap-retdec-batch6731 native-gap-retdec-batch6732 native-gap-retdec-batch6733 native-gap-retdec-batch6734 native-gap-retdec-batch6735 native-gap-retdec-batch6736 native-gap-retdec-batch6737 native-gap-retdec-batch6738 native-gap-retdec-batch6739 native-gap-retdec-batch6740 native-gap-retdec-batch6741 native-gap-retdec-batch6742 native-gap-retdec-batch6743 native-gap-retdec-batch6744 native-gap-retdec-batch6745 native-gap-retdec-batch6746 native-gap-retdec-batch6747 native-gap-retdec-batch6748 native-gap-retdec-batch6749 native-gap-retdec-batch6750 native-gap-retdec-batch6751 native-gap-retdec-batch6752 native-gap-retdec-batch6753 native-gap-retdec-batch6754 native-gap-retdec-batch6755 native-gap-retdec-batch6756 native-gap-retdec-batch6757 native-gap-retdec-batch6758 native-gap-retdec-batch6759 native-gap-retdec-batch6760 native-gap-retdec-batch6761 native-gap-retdec-batch6762 native-gap-retdec-batch6763 native-gap-retdec-batch6764 native-gap-retdec-batch6765 native-gap-retdec-batch6766 native-gap-retdec-batch6767 native-gap-retdec-batch6768 native-gap-retdec-batch6769 native-gap-retdec-batch6770 native-gap-retdec-batch6771 native-gap-retdec-batch6772 native-gap-retdec-batch6773 native-gap-retdec-batch6774 native-gap-retdec-batch6775 native-gap-retdec-batch6776 native-gap-retdec-batch6777 native-gap-retdec-batch6778 native-gap-retdec-batch6779 native-gap-retdec-batch6780 native-gap-retdec-batch6781
make dumps/vmtail-wide-1m-w16/vm_native_gap_retdec_batch6654.c
make dumps/vmtail-wide-1m-w16/vm_native_gap_retdec_batch6655.c
make dumps/vmtail-wide-1m-w16/vm_native_gap_retdec_batch6656.c
make dumps/vmtail-wide-1m-w16/vm_native_gap_retdec_batch6657.c
make dumps/vmtail-wide-1m-w16/vm_native_gap_retdec_batch6658.c
make dumps/vmtail-wide-1m-w16/vm_native_gap_retdec_batch6659.c
make dumps/vmtail-wide-1m-w16/vm_native_gap_retdec_batch6660.c
make dumps/vmtail-wide-1m-w16/vm_native_gap_retdec_batch6661.c
make dumps/vmtail-wide-1m-w16/vm_native_gap_retdec_batch6662.c
make dumps/vmtail-wide-1m-w16/vm_native_gap_retdec_batch6663.c
make dumps/vmtail-wide-1m-w16/vm_native_gap_retdec_batch6664.c
make dumps/vmtail-wide-1m-w16/vm_native_gap_retdec_batch6665.c
make dumps/vmtail-wide-1m-w16/vm_native_gap_retdec_batch6666.c
make dumps/vmtail-wide-1m-w16/vm_native_gap_retdec_batch6667.c
make dumps/vmtail-wide-1m-w16/vm_native_gap_retdec_batch6668.c
make dumps/vmtail-wide-1m-w16/vm_native_gap_retdec_batch6669.c
make dumps/vmtail-wide-1m-w16/vm_native_gap_retdec_batch6670.c
make dumps/vmtail-wide-1m-w16/vm_native_gap_retdec_batch6671.c
make dumps/vmtail-wide-1m-w16/vm_native_gap_retdec_batch6672.c
make dumps/vmtail-wide-1m-w16/vm_native_gap_retdec_batch6673.c
make dumps/vmtail-wide-1m-w16/vm_native_gap_retdec_batch6674.c
make dumps/vmtail-wide-1m-w16/vm_native_gap_retdec_batch6675.c
make dumps/vmtail-wide-1m-w16/vm_native_gap_retdec_batch6676.c
make dumps/vmtail-wide-1m-w16/vm_native_gap_retdec_batch6677.c
make[1]: Entering directory '/models/dev/sc-rev/eac/eacsym'
python3 vm_native_gap_retdec_batch.py --batch-index 6660 --ranges-file native_gap_retdec_batch6660.ranges > dumps/vmtail-wide-1m-w16/vm_native_gap_retdec_batch6660.c
make[1]: Entering directory '/models/dev/sc-rev/eac/eacsym'
python3 vm_native_gap_retdec_batch.py --batch-index 6661 --ranges-file native_gap_retdec_batch6661.ranges > dumps/vmtail-wide-1m-w16/vm_native_gap_retdec_batch6661.c
make[1]: Entering directory '/models/dev/sc-rev/eac/eacsym'
python3 vm_native_gap_retdec_batch.py --batch-index 6663 --ranges-file native_gap_retdec_batch6663.ranges > dumps/vmtail-wide-1m-w16/vm_native_gap_retdec_batch6663.c
make[1]: Entering directory '/models/dev/sc-rev/eac/eacsym'
python3 vm_native_gap_retdec_batch.py --batch-index 6665 --ranges-file native_gap_retdec_batch6665.ranges > dumps/vmtail-wide-1m-w16/vm_native_gap_retdec_batch6665.c
make[1]: Entering directory '/models/dev/sc-rev/eac/eacsym'
python3 vm_native_gap_retdec_batch.py --batch-index 6666 --ranges-file native_gap_retdec_batch6666.ranges > dumps/vmtail-wide-1m-w16/vm_native_gap_retdec_batch6666.c
make[1]: Entering directory '/models/dev/sc-rev/eac/eacsym'
python3 vm_native_gap_retdec_batch.py --batch-index 6673 --ranges-file native_gap_retdec_batch6673.ranges > dumps/vmtail-wide-1m-w16/vm_native_gap_retdec_batch6673.c
make[1]: Entering directory '/models/dev/sc-rev/eac/eacsym'
python3 vm_native_gap_retdec_batch.py --batch-index 6667 --ranges-file native_gap_retdec_batch6667.ranges > dumps/vmtail-wide-1m-w16/vm_native_gap_retdec_batch6667.c
make[1]: Entering directory '/models/dev/sc-rev/eac/eacsym'
python3 vm_native_gap_retdec_batch.py --batch-index 6668 --ranges-file native_gap_retdec_batch6668.ranges > dumps/vmtail-wide-1m-w16/vm_native_gap_retdec_batch6668.c
make[1]: Entering directory '/models/dev/sc-rev/eac/eacsym'
python3 vm_native_gap_retdec_batch.py --batch-index 6674 --ranges-file native_gap_retdec_batch6674.ranges > dumps/vmtail-wide-1m-w16/vm_native_gap_retdec_batch6674.c
make[1]: Entering directory '/models/dev/sc-rev/eac/eacsym'
python3 vm_native_gap_retdec_batch.py --batch-index 6656 --ranges-file native_gap_retdec_batch6656.ranges > dumps/vmtail-wide-1m-w16/vm_native_gap_retdec_batch6656.c
make[1]: Entering directory '/models/dev/sc-rev/eac/eacsym'
python3 vm_native_gap_retdec_batch.py --batch-index 6654 --ranges-file native_gap_retdec_batch6654.ranges > dumps/vmtail-wide-1m-w16/vm_native_gap_retdec_batch6654.c
make[1]: Entering directory '/models/dev/sc-rev/eac/eacsym'
python3 vm_native_gap_retdec_batch.py --batch-index 6655 --ranges-file native_gap_retdec_batch6655.ranges > dumps/vmtail-wide-1m-w16/vm_native_gap_retdec_batch6655.c
make[1]: Entering directory '/models/dev/sc-rev/eac/eacsym'
python3 vm_native_gap_retdec_batch.py --batch-index 6676 --ranges-file native_gap_retdec_batch6676.ranges > dumps/vmtail-wide-1m-w16/vm_native_gap_retdec_batch6676.c
make[1]: Entering directory '/models/dev/sc-rev/eac/eacsym'
python3 vm_native_gap_retdec_batch.py --batch-index 6672 --ranges-file native_gap_retdec_batch6672.ranges > dumps/vmtail-wide-1m-w16/vm_native_gap_retdec_batch6672.c
make[1]: Entering directory '/models/dev/sc-rev/eac/eacsym'
python3 vm_native_gap_retdec_batch.py --batch-index 6657 --ranges-file native_gap_retdec_batch6657.ranges > dumps/vmtail-wide-1m-w16/vm_native_gap_retdec_batch6657.c
make[1]: Entering directory '/models/dev/sc-rev/eac/eacsym'
python3 vm_native_gap_retdec_batch.py --batch-index 6659 --ranges-file native_gap_retdec_batch6659.ranges > dumps/vmtail-wide-1m-w16/vm_native_gap_retdec_batch6659.c
make[1]: Entering directory '/models/dev/sc-rev/eac/eacsym'
python3 vm_native_gap_retdec_batch.py --batch-index 6658 --ranges-file native_gap_retdec_batch6658.ranges > dumps/vmtail-wide-1m-w16/vm_native_gap_retdec_batch6658.c
make[1]: Entering directory '/models/dev/sc-rev/eac/eacsym'
python3 vm_native_gap_retdec_batch.py --batch-index 6664 --ranges-file native_gap_retdec_batch6664.ranges > dumps/vmtail-wide-1m-w16/vm_native_gap_retdec_batch6664.c
make[1]: Entering directory '/models/dev/sc-rev/eac/eacsym'
python3 vm_native_gap_retdec_batch.py --batch-index 6662 --ranges-file native_gap_retdec_batch6662.ranges > dumps/vmtail-wide-1m-w16/vm_native_gap_retdec_batch6662.c
make[1]: Entering directory '/models/dev/sc-rev/eac/eacsym'
python3 vm_native_gap_retdec_batch.py --batch-index 6670 --ranges-file native_gap_retdec_batch6670.ranges > dumps/vmtail-wide-1m-w16/vm_native_gap_retdec_batch6670.c
make[1]: Entering directory '/models/dev/sc-rev/eac/eacsym'
python3 vm_native_gap_retdec_batch.py --batch-index 6671 --ranges-file native_gap_retdec_batch6671.ranges > dumps/vmtail-wide-1m-w16/vm_native_gap_retdec_batch6671.c
make[1]: Entering directory '/models/dev/sc-rev/eac/eacsym'
python3 vm_native_gap_retdec_batch.py --batch-index 6669 --ranges-file native_gap_retdec_batch6669.ranges > dumps/vmtail-wide-1m-w16/vm_native_gap_retdec_batch6669.c
make[1]: Entering directory '/models/dev/sc-rev/eac/eacsym'
python3 vm_native_gap_retdec_batch.py --batch-index 6675 --ranges-file native_gap_retdec_batch6675.ranges > dumps/vmtail-wide-1m-w16/vm_native_gap_retdec_batch6675.c
make[1]: Entering directory '/models/dev/sc-rev/eac/eacsym'
python3 vm_native_gap_retdec_batch.py --batch-index 6677 --ranges-file native_gap_retdec_batch6677.ranges > dumps/vmtail-wide-1m-w16/vm_native_gap_retdec_batch6677.c
native_gap_retdec_batch=6667
native_gap_retdec_selected_ranges=1
make[1]: Leaving directory '/models/dev/sc-rev/eac/eacsym'
make dumps/vmtail-wide-1m-w16/vm_native_gap_retdec_batch6678.c
native_gap_retdec_batch=6663
native_gap_retdec_selected_ranges=1
native_gap_retdec_batch=6662
native_gap_retdec_selected_ranges=1
make[1]: Leaving directory '/models/dev/sc-rev/eac/eacsym'
make dumps/vmtail-wide-1m-w16/vm_native_gap_retdec_batch6679.c
make[1]: Leaving directory '/models/dev/sc-rev/eac/eacsym'
make dumps/vmtail-wide-1m-w16/vm_native_gap_retdec_batch6680.c
make[1]: Entering directory '/models/dev/sc-rev/eac/eacsym'
python3 vm_native_gap_retdec_batch.py --batch-index 6678 --ranges-file native_gap_retdec_batch6678.ranges > dumps/vmtail-wide-1m-w16/vm_native_gap_retdec_batch6678.c
make[1]: Entering directory '/models/dev/sc-rev/eac/eacsym'
python3 vm_native_gap_retdec_batch.py --batch-index 6680 --ranges-file native_gap_retdec_batch6680.ranges > dumps/vmtail-wide-1m-w16/vm_native_gap_retdec_batch6680.c
make[1]: Entering directory '/models/dev/sc-rev/eac/eacsym'
python3 vm_native_gap_retdec_batch.py --batch-index 6679 --ranges-file native_gap_retdec_batch6679.ranges > dumps/vmtail-wide-1m-w16/vm_native_gap_retdec_batch6679.c
native_gap_retdec_batch=6660
native_gap_retdec_selected_ranges=1
make[1]: Leaving directory '/models/dev/sc-rev/eac/eacsym'
make dumps/vmtail-wide-1m-w16/vm_native_gap_retdec_batch6681.c
native_gap_retdec_batch=6659
native_gap_retdec_selected_ranges=1
make[1]: Leaving directory '/models/dev/sc-rev/eac/eacsym'
make dumps/vmtail-wide-1m-w16/vm_native_gap_retdec_batch6682.c
make[1]: Entering directory '/models/dev/sc-rev/eac/eacsym'
python3 vm_native_gap_retdec_batch.py --batch-index 6681 --ranges-file native_gap_retdec_batch6681.ranges > dumps/vmtail-wide-1m-w16/vm_native_gap_retdec_batch6681.c
native_gap_retdec_batch=6657
native_gap_retdec_selected_ranges=1
make[1]: Leaving directory '/models/dev/sc-rev/eac/eacsym'
make[1]: Entering directory '/models/dev/sc-rev/eac/eacsym'
python3 vm_native_gap_retdec_batch.py --batch-index 6682 --ranges-file native_gap_retdec_batch6682.ranges > dumps/vmtail-wide-1m-w16/vm_native_gap_retdec_batch6682.c
make dumps/vmtail-wide-1m-w16/vm_native_gap_retdec_batch6683.c
make[1]: Entering directory '/models/dev/sc-rev/eac/eacsym'
python3 vm_native_gap_retdec_batch.py --batch-index 6683 --ranges-file native_gap_retdec_batch6683.ranges > dumps/vmtail-wide-1m-w16/vm_native_gap_retdec_batch6683.c
native_gap_retdec_batch=6670
native_gap_retdec_selected_ranges=1
make[1]: Leaving directory '/models/dev/sc-rev/eac/eacsym'
make dumps/vmtail-wide-1m-w16/vm_native_gap_retdec_batch6684.c
native_gap_retdec_batch=6672
native_gap_retdec_selected_ranges=1
make[1]: Leaving directory '/models/dev/sc-rev/eac/eacsym'
make dumps/vmtail-wide-1m-w16/vm_native_gap_retdec_batch6685.c
make[1]: Entering directory '/models/dev/sc-rev/eac/eacsym'
python3 vm_native_gap_retdec_batch.py --batch-index 6684 --ranges-file native_gap_retdec_batch6684.ranges > dumps/vmtail-wide-1m-w16/vm_native_gap_retdec_batch6684.c
native_gap_retdec_batch=6666
native_gap_retdec_selected_ranges=1
native_gap_retdec_batch=6658
native_gap_retdec_selected_ranges=1
native_gap_retdec_batch=6671
native_gap_retdec_selected_ranges=1
make[1]: Leaving directory '/models/dev/sc-rev/eac/eacsym'
make[1]: Leaving directory '/models/dev/sc-rev/eac/eacsym'
make dumps/vmtail-wide-1m-w16/vm_native_gap_retdec_batch6686.c
make dumps/vmtail-wide-1m-w16/vm_native_gap_retdec_batch6687.c
make[1]: Leaving directory '/models/dev/sc-rev/eac/eacsym'
make dumps/vmtail-wide-1m-w16/vm_native_gap_retdec_batch6688.c
native_gap_retdec_batch=6677
native_gap_retdec_selected_ranges=1
make[1]: Leaving directory '/models/dev/sc-rev/eac/eacsym'
make dumps/vmtail-wide-1m-w16/vm_native_gap_retdec_batch6689.c
make[1]: Entering directory '/models/dev/sc-rev/eac/eacsym'
python3 vm_native_gap_retdec_batch.py --batch-index 6685 --ranges-file native_gap_retdec_batch6685.ranges > dumps/vmtail-wide-1m-w16/vm_native_gap_retdec_batch6685.c
native_gap_retdec_batch=6661
native_gap_retdec_selected_ranges=1
native_gap_retdec_batch=6654
native_gap_retdec_selected_ranges=1
native_gap_retdec_batch=6668
native_gap_retdec_selected_ranges=1
make[1]: Leaving directory '/models/dev/sc-rev/eac/eacsym'
make dumps/vmtail-wide-1m-w16/vm_native_gap_retdec_batch6690.c
make[1]: Leaving directory '/models/dev/sc-rev/eac/eacsym'
make[1]: Entering directory '/models/dev/sc-rev/eac/eacsym'
python3 vm_native_gap_retdec_batch.py --batch-index 6686 --ranges-file native_gap_retdec_batch6686.ranges > dumps/vmtail-wide-1m-w16/vm_native_gap_retdec_batch6686.c
make dumps/vmtail-wide-1m-w16/vm_native_gap_retdec_batch6691.c
make[1]: Entering directory '/models/dev/sc-rev/eac/eacsym'
python3 vm_native_gap_retdec_batch.py --batch-index 6687 --ranges-file native_gap_retdec_batch6687.ranges > dumps/vmtail-wide-1m-w16/vm_native_gap_retdec_batch6687.c
native_gap_retdec_batch=6674
native_gap_retdec_selected_ranges=1
make[1]: Leaving directory '/models/dev/sc-rev/eac/eacsym'
native_gap_retdec_batch=6655
native_gap_retdec_selected_ranges=1
make dumps/vmtail-wide-1m-w16/vm_native_gap_retdec_batch6692.c
make[1]: Entering directory '/models/dev/sc-rev/eac/eacsym'
python3 vm_native_gap_retdec_batch.py --batch-index 6688 --ranges-file native_gap_retdec_batch6688.ranges > dumps/vmtail-wide-1m-w16/vm_native_gap_retdec_batch6688.c
make[1]: Leaving directory '/models/dev/sc-rev/eac/eacsym'
make[1]: Leaving directory '/models/dev/sc-rev/eac/eacsym'
make dumps/vmtail-wide-1m-w16/vm_native_gap_retdec_batch6693.c
make dumps/vmtail-wide-1m-w16/vm_native_gap_retdec_batch6694.c
make[1]: Entering directory '/models/dev/sc-rev/eac/eacsym'
python3 vm_native_gap_retdec_batch.py --batch-index 6689 --ranges-file native_gap_retdec_batch6689.ranges > dumps/vmtail-wide-1m-w16/vm_native_gap_retdec_batch6689.c
native_gap_retdec_batch=6675
native_gap_retdec_selected_ranges=1
native_gap_retdec_batch=6656
native_gap_retdec_selected_ranges=1
make[1]: Entering directory '/models/dev/sc-rev/eac/eacsym'
python3 vm_native_gap_retdec_batch.py --batch-index 6691 --ranges-file native_gap_retdec_batch6691.ranges > dumps/vmtail-wide-1m-w16/vm_native_gap_retdec_batch6691.c
make[1]: Entering directory '/models/dev/sc-rev/eac/eacsym'
python3 vm_native_gap_retdec_batch.py --batch-index 6692 --ranges-file native_gap_retdec_batch6692.ranges > dumps/vmtail-wide-1m-w16/vm_native_gap_retdec_batch6692.c
make[1]: Leaving directory '/models/dev/sc-rev/eac/eacsym'
make[1]: Leaving directory '/models/dev/sc-rev/eac/eacsym'
make dumps/vmtail-wide-1m-w16/vm_native_gap_retdec_batch6695.c
make dumps/vmtail-wide-1m-w16/vm_native_gap_retdec_batch6696.c
native_gap_retdec_batch=6669
native_gap_retdec_selected_ranges=1
make[1]: Entering directory '/models/dev/sc-rev/eac/eacsym'
python3 vm_native_gap_retdec_batch.py --batch-index 6690 --ranges-file native_gap_retdec_batch6690.ranges > dumps/vmtail-wide-1m-w16/vm_native_gap_retdec_batch6690.c
native_gap_retdec_batch=6673
native_gap_retdec_selected_ranges=1
make[1]: Leaving directory '/models/dev/sc-rev/eac/eacsym'
make[1]: Entering directory '/models/dev/sc-rev/eac/eacsym'
python3 vm_native_gap_retdec_batch.py --batch-index 6693 --ranges-file native_gap_retdec_batch6693.ranges > dumps/vmtail-wide-1m-w16/vm_native_gap_retdec_batch6693.c
make dumps/vmtail-wide-1m-w16/vm_native_gap_retdec_batch6697.c
make[1]: Entering directory '/models/dev/sc-rev/eac/eacsym'
python3 vm_native_gap_retdec_batch.py --batch-index 6694 --ranges-file native_gap_retdec_batch6694.ranges > dumps/vmtail-wide-1m-w16/vm_native_gap_retdec_batch6694.c
make[1]: Leaving directory '/models/dev/sc-rev/eac/eacsym'
make dumps/vmtail-wide-1m-w16/vm_native_gap_retdec_batch6698.c
make[1]: Entering directory '/models/dev/sc-rev/eac/eacsym'
python3 vm_native_gap_retdec_batch.py --batch-index 6696 --ranges-file native_gap_retdec_batch6696.ranges > dumps/vmtail-wide-1m-w16/vm_native_gap_retdec_batch6696.c
native_gap_retdec_batch=6665
native_gap_retdec_selected_ranges=1
native_gap_retdec_batch=6676
native_gap_retdec_selected_ranges=1
make[1]: Entering directory '/models/dev/sc-rev/eac/eacsym'
python3 vm_native_gap_retdec_batch.py --batch-index 6695 --ranges-file native_gap_retdec_batch6695.ranges > dumps/vmtail-wide-1m-w16/vm_native_gap_retdec_batch6695.c
make[1]: Leaving directory '/models/dev/sc-rev/eac/eacsym'
make dumps/vmtail-wide-1m-w16/vm_native_gap_retdec_batch6699.c
make[1]: Leaving directory '/models/dev/sc-rev/eac/eacsym'
make dumps/vmtail-wide-1m-w16/vm_native_gap_retdec_batch6700.c
native_gap_retdec_batch=6664
native_gap_retdec_selected_ranges=1
make[1]: Entering directory '/models/dev/sc-rev/eac/eacsym'
python3 vm_native_gap_retdec_batch.py --batch-index 6698 --ranges-file native_gap_retdec_batch6698.ranges > dumps/vmtail-wide-1m-w16/vm_native_gap_retdec_batch6698.c
make[1]: Entering directory '/models/dev/sc-rev/eac/eacsym'
python3 vm_native_gap_retdec_batch.py --batch-index 6697 --ranges-file native_gap_retdec_batch6697.ranges > dumps/vmtail-wide-1m-w16/vm_native_gap_retdec_batch6697.c
make[1]: Entering directory '/models/dev/sc-rev/eac/eacsym'
python3 vm_native_gap_retdec_batch.py --batch-index 6699 --ranges-file native_gap_retdec_batch6699.ranges > dumps/vmtail-wide-1m-w16/vm_native_gap_retdec_batch6699.c
make[1]: Leaving directory '/models/dev/sc-rev/eac/eacsym'
make dumps/vmtail-wide-1m-w16/vm_native_gap_retdec_batch6701.c
make[1]: Entering directory '/models/dev/sc-rev/eac/eacsym'
python3 vm_native_gap_retdec_batch.py --batch-index 6700 --ranges-file native_gap_retdec_batch6700.ranges > dumps/vmtail-wide-1m-w16/vm_native_gap_retdec_batch6700.c
make[1]: Entering directory '/models/dev/sc-rev/eac/eacsym'
python3 vm_native_gap_retdec_batch.py --batch-index 6701 --ranges-file native_gap_retdec_batch6701.ranges > dumps/vmtail-wide-1m-w16/vm_native_gap_retdec_batch6701.c
native_gap_retdec_batch=6678
native_gap_retdec_selected_ranges=1
make[1]: Leaving directory '/models/dev/sc-rev/eac/eacsym'
native_gap_retdec_batch=6680
native_gap_retdec_selected_ranges=1
make dumps/vmtail-wide-1m-w16/vm_native_gap_retdec_batch6702.c
make[1]: Leaving directory '/models/dev/sc-rev/eac/eacsym'
make dumps/vmtail-wide-1m-w16/vm_native_gap_retdec_batch6703.c
make[1]: Entering directory '/models/dev/sc-rev/eac/eacsym'
python3 vm_native_gap_retdec_batch.py --batch-index 6702 --ranges-file native_gap_retdec_batch6702.ranges > dumps/vmtail-wide-1m-w16/vm_native_gap_retdec_batch6702.c
make[1]: Entering directory '/models/dev/sc-rev/eac/eacsym'
python3 vm_native_gap_retdec_batch.py --batch-index 6703 --ranges-file native_gap_retdec_batch6703.ranges > dumps/vmtail-wide-1m-w16/vm_native_gap_retdec_batch6703.c
native_gap_retdec_batch=6682
native_gap_retdec_selected_ranges=1
make[1]: Leaving directory '/models/dev/sc-rev/eac/eacsym'
make dumps/vmtail-wide-1m-w16/vm_native_gap_retdec_batch6704.c
native_gap_retdec_batch=6679
native_gap_retdec_selected_ranges=1
make[1]: Leaving directory '/models/dev/sc-rev/eac/eacsym'
make dumps/vmtail-wide-1m-w16/vm_native_gap_retdec_batch6705.c
make[1]: Entering directory '/models/dev/sc-rev/eac/eacsym'
python3 vm_native_gap_retdec_batch.py --batch-index 6704 --ranges-file native_gap_retdec_batch6704.ranges > dumps/vmtail-wide-1m-w16/vm_native_gap_retdec_batch6704.c
make[1]: Entering directory '/models/dev/sc-rev/eac/eacsym'
python3 vm_native_gap_retdec_batch.py --batch-index 6705 --ranges-file native_gap_retdec_batch6705.ranges > dumps/vmtail-wide-1m-w16/vm_native_gap_retdec_batch6705.c
native_gap_retdec_batch=6691
native_gap_retdec_selected_ranges=1
make[1]: Leaving directory '/models/dev/sc-rev/eac/eacsym'
make dumps/vmtail-wide-1m-w16/vm_native_gap_retdec_batch6706.c
native_gap_retdec_batch=6693
native_gap_retdec_selected_ranges=1
native_gap_retdec_batch=6692
native_gap_retdec_selected_ranges=1
make[1]: Leaving directory '/models/dev/sc-rev/eac/eacsym'
make dumps/vmtail-wide-1m-w16/vm_native_gap_retdec_batch6707.c
make[1]: Leaving directory '/models/dev/sc-rev/eac/eacsym'
make dumps/vmtail-wide-1m-w16/vm_native_gap_retdec_batch6708.c
make[1]: Entering directory '/models/dev/sc-rev/eac/eacsym'
python3 vm_native_gap_retdec_batch.py --batch-index 6706 --ranges-file native_gap_retdec_batch6706.ranges > dumps/vmtail-wide-1m-w16/vm_native_gap_retdec_batch6706.c
native_gap_retdec_batch=6683
native_gap_retdec_selected_ranges=1
native_gap_retdec_batch=6681
native_gap_retdec_selected_ranges=1
make[1]: Leaving directory '/models/dev/sc-rev/eac/eacsym'
make dumps/vmtail-wide-1m-w16/vm_native_gap_retdec_batch6709.c
make[1]: Entering directory '/models/dev/sc-rev/eac/eacsym'
python3 vm_native_gap_retdec_batch.py --batch-index 6707 --ranges-file native_gap_retdec_batch6707.ranges > dumps/vmtail-wide-1m-w16/vm_native_gap_retdec_batch6707.c
make[1]: Leaving directory '/models/dev/sc-rev/eac/eacsym'
make dumps/vmtail-wide-1m-w16/vm_native_gap_retdec_batch6710.c
make[1]: Entering directory '/models/dev/sc-rev/eac/eacsym'
python3 vm_native_gap_retdec_batch.py --batch-index 6708 --ranges-file native_gap_retdec_batch6708.ranges > dumps/vmtail-wide-1m-w16/vm_native_gap_retdec_batch6708.c
native_gap_retdec_batch=6689
native_gap_retdec_selected_ranges=1
make[1]: Leaving directory '/models/dev/sc-rev/eac/eacsym'
make dumps/vmtail-wide-1m-w16/vm_native_gap_retdec_batch6711.c
native_gap_retdec_batch=6695
native_gap_retdec_selected_ranges=1
make[1]: Entering directory '/models/dev/sc-rev/eac/eacsym'
python3 vm_native_gap_retdec_batch.py --batch-index 6709 --ranges-file native_gap_retdec_batch6709.ranges > dumps/vmtail-wide-1m-w16/vm_native_gap_retdec_batch6709.c
make[1]: Entering directory '/models/dev/sc-rev/eac/eacsym'
python3 vm_native_gap_retdec_batch.py --batch-index 6710 --ranges-file native_gap_retdec_batch6710.ranges > dumps/vmtail-wide-1m-w16/vm_native_gap_retdec_batch6710.c
make[1]: Leaving directory '/models/dev/sc-rev/eac/eacsym'
make dumps/vmtail-wide-1m-w16/vm_native_gap_retdec_batch6712.c
make[1]: Entering directory '/models/dev/sc-rev/eac/eacsym'
python3 vm_native_gap_retdec_batch.py --batch-index 6711 --ranges-file native_gap_retdec_batch6711.ranges > dumps/vmtail-wide-1m-w16/vm_native_gap_retdec_batch6711.c
make[1]: Entering directory '/models/dev/sc-rev/eac/eacsym'
python3 vm_native_gap_retdec_batch.py --batch-index 6712 --ranges-file native_gap_retdec_batch6712.ranges > dumps/vmtail-wide-1m-w16/vm_native_gap_retdec_batch6712.c
native_gap_retdec_batch=6699
native_gap_retdec_selected_ranges=1
make[1]: Leaving directory '/models/dev/sc-rev/eac/eacsym'
make dumps/vmtail-wide-1m-w16/vm_native_gap_retdec_batch6713.c
make[1]: Entering directory '/models/dev/sc-rev/eac/eacsym'
python3 vm_native_gap_retdec_batch.py --batch-index 6713 --ranges-file native_gap_retdec_batch6713.ranges > dumps/vmtail-wide-1m-w16/vm_native_gap_retdec_batch6713.c
native_gap_retdec_batch=6685
native_gap_retdec_selected_ranges=1
make[1]: Leaving directory '/models/dev/sc-rev/eac/eacsym'
make dumps/vmtail-wide-1m-w16/vm_native_gap_retdec_batch6714.c
native_gap_retdec_batch=6688
native_gap_retdec_selected_ranges=1
make[1]: Leaving directory '/models/dev/sc-rev/eac/eacsym'
make dumps/vmtail-wide-1m-w16/vm_native_gap_retdec_batch6715.c
native_gap_retdec_batch=6684
native_gap_retdec_selected_ranges=1
native_gap_retdec_batch=6686
native_gap_retdec_selected_ranges=1
make[1]: Leaving directory '/models/dev/sc-rev/eac/eacsym'
native_gap_retdec_batch=6687
native_gap_retdec_selected_ranges=1
make dumps/vmtail-wide-1m-w16/vm_native_gap_retdec_batch6716.c
make[1]: Entering directory '/models/dev/sc-rev/eac/eacsym'
python3 vm_native_gap_retdec_batch.py --batch-index 6714 --ranges-file native_gap_retdec_batch6714.ranges > dumps/vmtail-wide-1m-w16/vm_native_gap_retdec_batch6714.c
make[1]: Leaving directory '/models/dev/sc-rev/eac/eacsym'
make dumps/vmtail-wide-1m-w16/vm_native_gap_retdec_batch6717.c
make[1]: Leaving directory '/models/dev/sc-rev/eac/eacsym'
make dumps/vmtail-wide-1m-w16/vm_native_gap_retdec_batch6718.c
make[1]: Entering directory '/models/dev/sc-rev/eac/eacsym'
python3 vm_native_gap_retdec_batch.py --batch-index 6715 --ranges-file native_gap_retdec_batch6715.ranges > dumps/vmtail-wide-1m-w16/vm_native_gap_retdec_batch6715.c
native_gap_retdec_batch=6700
native_gap_retdec_selected_ranges=1
make[1]: Leaving directory '/models/dev/sc-rev/eac/eacsym'
make dumps/vmtail-wide-1m-w16/vm_native_gap_retdec_batch6719.c
native_gap_retdec_batch=6698
native_gap_retdec_selected_ranges=1
native_gap_retdec_batch=6690
native_gap_retdec_selected_ranges=1
make[1]: Entering directory '/models/dev/sc-rev/eac/eacsym'
python3 vm_native_gap_retdec_batch.py --batch-index 6717 --ranges-file native_gap_retdec_batch6717.ranges > dumps/vmtail-wide-1m-w16/vm_native_gap_retdec_batch6717.c
make[1]: Leaving directory '/models/dev/sc-rev/eac/eacsym'
make dumps/vmtail-wide-1m-w16/vm_native_gap_retdec_batch6720.c
make[1]: Entering directory '/models/dev/sc-rev/eac/eacsym'
python3 vm_native_gap_retdec_batch.py --batch-index 6716 --ranges-file native_gap_retdec_batch6716.ranges > dumps/vmtail-wide-1m-w16/vm_native_gap_retdec_batch6716.c
make[1]: Leaving directory '/models/dev/sc-rev/eac/eacsym'
make dumps/vmtail-wide-1m-w16/vm_native_gap_retdec_batch6721.c
make[1]: Entering directory '/models/dev/sc-rev/eac/eacsym'
python3 vm_native_gap_retdec_batch.py --batch-index 6718 --ranges-file native_gap_retdec_batch6718.ranges > dumps/vmtail-wide-1m-w16/vm_native_gap_retdec_batch6718.c
make[1]: Entering directory '/models/dev/sc-rev/eac/eacsym'
python3 vm_native_gap_retdec_batch.py --batch-index 6719 --ranges-file native_gap_retdec_batch6719.ranges > dumps/vmtail-wide-1m-w16/vm_native_gap_retdec_batch6719.c
native_gap_retdec_batch=6697
native_gap_retdec_selected_ranges=1
make[1]: Entering directory '/models/dev/sc-rev/eac/eacsym'
python3 vm_native_gap_retdec_batch.py --batch-index 6720 --ranges-file native_gap_retdec_batch6720.ranges > dumps/vmtail-wide-1m-w16/vm_native_gap_retdec_batch6720.c
make[1]: Leaving directory '/models/dev/sc-rev/eac/eacsym'
make dumps/vmtail-wide-1m-w16/vm_native_gap_retdec_batch6722.c
native_gap_retdec_batch=6696
native_gap_retdec_selected_ranges=1
make[1]: Entering directory '/models/dev/sc-rev/eac/eacsym'
python3 vm_native_gap_retdec_batch.py --batch-index 6721 --ranges-file native_gap_retdec_batch6721.ranges > dumps/vmtail-wide-1m-w16/vm_native_gap_retdec_batch6721.c
make[1]: Leaving directory '/models/dev/sc-rev/eac/eacsym'
make dumps/vmtail-wide-1m-w16/vm_native_gap_retdec_batch6723.c
native_gap_retdec_batch=6694
native_gap_retdec_selected_ranges=1
make[1]: Leaving directory '/models/dev/sc-rev/eac/eacsym'
make dumps/vmtail-wide-1m-w16/vm_native_gap_retdec_batch6724.c
make[1]: Entering directory '/models/dev/sc-rev/eac/eacsym'
python3 vm_native_gap_retdec_batch.py --batch-index 6722 --ranges-file native_gap_retdec_batch6722.ranges > dumps/vmtail-wide-1m-w16/vm_native_gap_retdec_batch6722.c
make[1]: Entering directory '/models/dev/sc-rev/eac/eacsym'
python3 vm_native_gap_retdec_batch.py --batch-index 6723 --ranges-file native_gap_retdec_batch6723.ranges > dumps/vmtail-wide-1m-w16/vm_native_gap_retdec_batch6723.c
make[1]: Entering directory '/models/dev/sc-rev/eac/eacsym'
python3 vm_native_gap_retdec_batch.py --batch-index 6724 --ranges-file native_gap_retdec_batch6724.ranges > dumps/vmtail-wide-1m-w16/vm_native_gap_retdec_batch6724.c
native_gap_retdec_batch=6701
native_gap_retdec_selected_ranges=1
make[1]: Leaving directory '/models/dev/sc-rev/eac/eacsym'
make dumps/vmtail-wide-1m-w16/vm_native_gap_retdec_batch6725.c
make[1]: Entering directory '/models/dev/sc-rev/eac/eacsym'
python3 vm_native_gap_retdec_batch.py --batch-index 6725 --ranges-file native_gap_retdec_batch6725.ranges > dumps/vmtail-wide-1m-w16/vm_native_gap_retdec_batch6725.c
native_gap_retdec_batch=6702
native_gap_retdec_selected_ranges=1
make[1]: Leaving directory '/models/dev/sc-rev/eac/eacsym'
make dumps/vmtail-wide-1m-w16/vm_native_gap_retdec_batch6726.c
make[1]: Entering directory '/models/dev/sc-rev/eac/eacsym'
python3 vm_native_gap_retdec_batch.py --batch-index 6726 --ranges-file native_gap_retdec_batch6726.ranges > dumps/vmtail-wide-1m-w16/vm_native_gap_retdec_batch6726.c
native_gap_retdec_batch=6705
native_gap_retdec_selected_ranges=1
make[1]: Leaving directory '/models/dev/sc-rev/eac/eacsym'
make dumps/vmtail-wide-1m-w16/vm_native_gap_retdec_batch6727.c
native_gap_retdec_batch=6703
native_gap_retdec_selected_ranges=1
make[1]: Leaving directory '/models/dev/sc-rev/eac/eacsym'
make dumps/vmtail-wide-1m-w16/vm_native_gap_retdec_batch6728.c
make[1]: Entering directory '/models/dev/sc-rev/eac/eacsym'
python3 vm_native_gap_retdec_batch.py --batch-index 6727 --ranges-file native_gap_retdec_batch6727.ranges > dumps/vmtail-wide-1m-w16/vm_native_gap_retdec_batch6727.c
make[1]: Entering directory '/models/dev/sc-rev/eac/eacsym'
python3 vm_native_gap_retdec_batch.py --batch-index 6728 --ranges-file native_gap_retdec_batch6728.ranges > dumps/vmtail-wide-1m-w16/vm_native_gap_retdec_batch6728.c
native_gap_retdec_batch=6704
native_gap_retdec_selected_ranges=1
native_gap_retdec_batch=6712
native_gap_retdec_selected_ranges=1
make[1]: Leaving directory '/models/dev/sc-rev/eac/eacsym'
make dumps/vmtail-wide-1m-w16/vm_native_gap_retdec_batch6729.c
native_gap_retdec_batch=6713
native_gap_retdec_selected_ranges=1
make[1]: Leaving directory '/models/dev/sc-rev/eac/eacsym'
make dumps/vmtail-wide-1m-w16/vm_native_gap_retdec_batch6730.c
make[1]: Leaving directory '/models/dev/sc-rev/eac/eacsym'
make dumps/vmtail-wide-1m-w16/vm_native_gap_retdec_batch6731.c
native_gap_retdec_batch=6711
native_gap_retdec_selected_ranges=1
make[1]: Leaving directory '/models/dev/sc-rev/eac/eacsym'
make dumps/vmtail-wide-1m-w16/vm_native_gap_retdec_batch6732.c
make[1]: Entering directory '/models/dev/sc-rev/eac/eacsym'
python3 vm_native_gap_retdec_batch.py --batch-index 6729 --ranges-file native_gap_retdec_batch6729.ranges > dumps/vmtail-wide-1m-w16/vm_native_gap_retdec_batch6729.c
make[1]: Entering directory '/models/dev/sc-rev/eac/eacsym'
python3 vm_native_gap_retdec_batch.py --batch-index 6730 --ranges-file native_gap_retdec_batch6730.ranges > dumps/vmtail-wide-1m-w16/vm_native_gap_retdec_batch6730.c
make[1]: Entering directory '/models/dev/sc-rev/eac/eacsym'
python3 vm_native_gap_retdec_batch.py --batch-index 6731 --ranges-file native_gap_retdec_batch6731.ranges > dumps/vmtail-wide-1m-w16/vm_native_gap_retdec_batch6731.c
make[1]: Entering directory '/models/dev/sc-rev/eac/eacsym'
python3 vm_native_gap_retdec_batch.py --batch-index 6732 --ranges-file native_gap_retdec_batch6732.ranges > dumps/vmtail-wide-1m-w16/vm_native_gap_retdec_batch6732.c
native_gap_retdec_batch=6706
native_gap_retdec_selected_ranges=1
make[1]: Leaving directory '/models/dev/sc-rev/eac/eacsym'
make dumps/vmtail-wide-1m-w16/vm_native_gap_retdec_batch6733.c
native_gap_retdec_batch=6708
native_gap_retdec_selected_ranges=1
native_gap_retdec_batch=6709
native_gap_retdec_selected_ranges=1
make[1]: Leaving directory '/models/dev/sc-rev/eac/eacsym'
make dumps/vmtail-wide-1m-w16/vm_native_gap_retdec_batch6734.c
make[1]: Leaving directory '/models/dev/sc-rev/eac/eacsym'
make dumps/vmtail-wide-1m-w16/vm_native_gap_retdec_batch6735.c
make[1]: Entering directory '/models/dev/sc-rev/eac/eacsym'
python3 vm_native_gap_retdec_batch.py --batch-index 6733 --ranges-file native_gap_retdec_batch6733.ranges > dumps/vmtail-wide-1m-w16/vm_native_gap_retdec_batch6733.c
native_gap_retdec_batch=6707
native_gap_retdec_selected_ranges=1
make[1]: Leaving directory '/models/dev/sc-rev/eac/eacsym'
make dumps/vmtail-wide-1m-w16/vm_native_gap_retdec_batch6736.c
make[1]: Entering directory '/models/dev/sc-rev/eac/eacsym'
python3 vm_native_gap_retdec_batch.py --batch-index 6735 --ranges-file native_gap_retdec_batch6735.ranges > dumps/vmtail-wide-1m-w16/vm_native_gap_retdec_batch6735.c
make[1]: Entering directory '/models/dev/sc-rev/eac/eacsym'
python3 vm_native_gap_retdec_batch.py --batch-index 6734 --ranges-file native_gap_retdec_batch6734.ranges > dumps/vmtail-wide-1m-w16/vm_native_gap_retdec_batch6734.c
make[1]: Entering directory '/models/dev/sc-rev/eac/eacsym'
python3 vm_native_gap_retdec_batch.py --batch-index 6736 --ranges-file native_gap_retdec_batch6736.ranges > dumps/vmtail-wide-1m-w16/vm_native_gap_retdec_batch6736.c
native_gap_retdec_batch=6710
native_gap_retdec_selected_ranges=1
make[1]: Leaving directory '/models/dev/sc-rev/eac/eacsym'
make dumps/vmtail-wide-1m-w16/vm_native_gap_retdec_batch6737.c
make[1]: Entering directory '/models/dev/sc-rev/eac/eacsym'
python3 vm_native_gap_retdec_batch.py --batch-index 6737 --ranges-file native_gap_retdec_batch6737.ranges > dumps/vmtail-wide-1m-w16/vm_native_gap_retdec_batch6737.c
native_gap_retdec_batch=6720
native_gap_retdec_selected_ranges=1
make[1]: Leaving directory '/models/dev/sc-rev/eac/eacsym'
make dumps/vmtail-wide-1m-w16/vm_native_gap_retdec_batch6738.c
make[1]: Entering directory '/models/dev/sc-rev/eac/eacsym'
python3 vm_native_gap_retdec_batch.py --batch-index 6738 --ranges-file native_gap_retdec_batch6738.ranges > dumps/vmtail-wide-1m-w16/vm_native_gap_retdec_batch6738.c
native_gap_retdec_batch=6717
native_gap_retdec_selected_ranges=1
native_gap_retdec_batch=6724
native_gap_retdec_selected_ranges=1
make[1]: Leaving directory '/models/dev/sc-rev/eac/eacsym'
make dumps/vmtail-wide-1m-w16/vm_native_gap_retdec_batch6739.c
make[1]: Leaving directory '/models/dev/sc-rev/eac/eacsym'
make dumps/vmtail-wide-1m-w16/vm_native_gap_retdec_batch6740.c
native_gap_retdec_batch=6725
native_gap_retdec_selected_ranges=1
make[1]: Leaving directory '/models/dev/sc-rev/eac/eacsym'
make dumps/vmtail-wide-1m-w16/vm_native_gap_retdec_batch6741.c
native_gap_retdec_batch=6715
native_gap_retdec_selected_ranges=1
native_gap_retdec_batch=6714
native_gap_retdec_selected_ranges=1
make[1]: Leaving directory '/models/dev/sc-rev/eac/eacsym'
make dumps/vmtail-wide-1m-w16/vm_native_gap_retdec_batch6742.c
native_gap_retdec_batch=6716
native_gap_retdec_selected_ranges=1
make[1]: Entering directory '/models/dev/sc-rev/eac/eacsym'
python3 vm_native_gap_retdec_batch.py --batch-index 6740 --ranges-file native_gap_retdec_batch6740.ranges > dumps/vmtail-wide-1m-w16/vm_native_gap_retdec_batch6740.c
native_gap_retdec_batch=6718
native_gap_retdec_selected_ranges=1
make[1]: Leaving directory '/models/dev/sc-rev/eac/eacsym'
make dumps/vmtail-wide-1m-w16/vm_native_gap_retdec_batch6743.c
make[1]: Entering directory '/models/dev/sc-rev/eac/eacsym'
python3 vm_native_gap_retdec_batch.py --batch-index 6739 --ranges-file native_gap_retdec_batch6739.ranges > dumps/vmtail-wide-1m-w16/vm_native_gap_retdec_batch6739.c
native_gap_retdec_batch=6721
native_gap_retdec_selected_ranges=1
make[1]: Leaving directory '/models/dev/sc-rev/eac/eacsym'
make dumps/vmtail-wide-1m-w16/vm_native_gap_retdec_batch6744.c
make[1]: Entering directory '/models/dev/sc-rev/eac/eacsym'
python3 vm_native_gap_retdec_batch.py --batch-index 6741 --ranges-file native_gap_retdec_batch6741.ranges > dumps/vmtail-wide-1m-w16/vm_native_gap_retdec_batch6741.c
make[1]: Leaving directory '/models/dev/sc-rev/eac/eacsym'
make dumps/vmtail-wide-1m-w16/vm_native_gap_retdec_batch6745.c
make[1]: Leaving directory '/models/dev/sc-rev/eac/eacsym'
make dumps/vmtail-wide-1m-w16/vm_native_gap_retdec_batch6746.c
make[1]: Entering directory '/models/dev/sc-rev/eac/eacsym'
python3 vm_native_gap_retdec_batch.py --batch-index 6742 --ranges-file native_gap_retdec_batch6742.ranges > dumps/vmtail-wide-1m-w16/vm_native_gap_retdec_batch6742.c
make[1]: Entering directory '/models/dev/sc-rev/eac/eacsym'
python3 vm_native_gap_retdec_batch.py --batch-index 6743 --ranges-file native_gap_retdec_batch6743.ranges > dumps/vmtail-wide-1m-w16/vm_native_gap_retdec_batch6743.c
make[1]: Entering directory '/models/dev/sc-rev/eac/eacsym'
python3 vm_native_gap_retdec_batch.py --batch-index 6744 --ranges-file native_gap_retdec_batch6744.ranges > dumps/vmtail-wide-1m-w16/vm_native_gap_retdec_batch6744.c
make[1]: Entering directory '/models/dev/sc-rev/eac/eacsym'
python3 vm_native_gap_retdec_batch.py --batch-index 6745 --ranges-file native_gap_retdec_batch6745.ranges > dumps/vmtail-wide-1m-w16/vm_native_gap_retdec_batch6745.c
make[1]: Entering directory '/models/dev/sc-rev/eac/eacsym'
python3 vm_native_gap_retdec_batch.py --batch-index 6746 --ranges-file native_gap_retdec_batch6746.ranges > dumps/vmtail-wide-1m-w16/vm_native_gap_retdec_batch6746.c
native_gap_retdec_batch=6719
native_gap_retdec_selected_ranges=1
make[1]: Leaving directory '/models/dev/sc-rev/eac/eacsym'
make dumps/vmtail-wide-1m-w16/vm_native_gap_retdec_batch6747.c
native_gap_retdec_batch=6722
native_gap_retdec_selected_ranges=1
make[1]: Leaving directory '/models/dev/sc-rev/eac/eacsym'
make dumps/vmtail-wide-1m-w16/vm_native_gap_retdec_batch6748.c
make[1]: Entering directory '/models/dev/sc-rev/eac/eacsym'
python3 vm_native_gap_retdec_batch.py --batch-index 6747 --ranges-file native_gap_retdec_batch6747.ranges > dumps/vmtail-wide-1m-w16/vm_native_gap_retdec_batch6747.c
make[1]: Entering directory '/models/dev/sc-rev/eac/eacsym'
python3 vm_native_gap_retdec_batch.py --batch-index 6748 --ranges-file native_gap_retdec_batch6748.ranges > dumps/vmtail-wide-1m-w16/vm_native_gap_retdec_batch6748.c
native_gap_retdec_batch=6723
native_gap_retdec_selected_ranges=1
make[1]: Leaving directory '/models/dev/sc-rev/eac/eacsym'
make dumps/vmtail-wide-1m-w16/vm_native_gap_retdec_batch6749.c
make[1]: Entering directory '/models/dev/sc-rev/eac/eacsym'
python3 vm_native_gap_retdec_batch.py --batch-index 6749 --ranges-file native_gap_retdec_batch6749.ranges > dumps/vmtail-wide-1m-w16/vm_native_gap_retdec_batch6749.c
native_gap_retdec_batch=6726
native_gap_retdec_selected_ranges=1
make[1]: Leaving directory '/models/dev/sc-rev/eac/eacsym'
make dumps/vmtail-wide-1m-w16/vm_native_gap_retdec_batch6750.c
make[1]: Entering directory '/models/dev/sc-rev/eac/eacsym'
python3 vm_native_gap_retdec_batch.py --batch-index 6750 --ranges-file native_gap_retdec_batch6750.ranges > dumps/vmtail-wide-1m-w16/vm_native_gap_retdec_batch6750.c
native_gap_retdec_batch=6727
native_gap_retdec_selected_ranges=1
make[1]: Leaving directory '/models/dev/sc-rev/eac/eacsym'
make dumps/vmtail-wide-1m-w16/vm_native_gap_retdec_batch6751.c
native_gap_retdec_batch=6728
native_gap_retdec_selected_ranges=1
make[1]: Leaving directory '/models/dev/sc-rev/eac/eacsym'
make dumps/vmtail-wide-1m-w16/vm_native_gap_retdec_batch6752.c
make[1]: Entering directory '/models/dev/sc-rev/eac/eacsym'
python3 vm_native_gap_retdec_batch.py --batch-index 6751 --ranges-file native_gap_retdec_batch6751.ranges > dumps/vmtail-wide-1m-w16/vm_native_gap_retdec_batch6751.c
make[1]: Entering directory '/models/dev/sc-rev/eac/eacsym'
python3 vm_native_gap_retdec_batch.py --batch-index 6752 --ranges-file native_gap_retdec_batch6752.ranges > dumps/vmtail-wide-1m-w16/vm_native_gap_retdec_batch6752.c
native_gap_retdec_batch=6734
native_gap_retdec_selected_ranges=1
make[1]: Leaving directory '/models/dev/sc-rev/eac/eacsym'
make dumps/vmtail-wide-1m-w16/vm_native_gap_retdec_batch6753.c
make[1]: Entering directory '/models/dev/sc-rev/eac/eacsym'
python3 vm_native_gap_retdec_batch.py --batch-index 6753 --ranges-file native_gap_retdec_batch6753.ranges > dumps/vmtail-wide-1m-w16/vm_native_gap_retdec_batch6753.c
native_gap_retdec_batch=6729
native_gap_retdec_selected_ranges=1
make[1]: Leaving directory '/models/dev/sc-rev/eac/eacsym'
make dumps/vmtail-wide-1m-w16/vm_native_gap_retdec_batch6754.c
native_gap_retdec_batch=6738
native_gap_retdec_selected_ranges=1
make[1]: Leaving directory '/models/dev/sc-rev/eac/eacsym'
make dumps/vmtail-wide-1m-w16/vm_native_gap_retdec_batch6755.c
native_gap_retdec_batch=6731
native_gap_retdec_selected_ranges=1
native_gap_retdec_batch=6733
native_gap_retdec_selected_ranges=1
make[1]: Leaving directory '/models/dev/sc-rev/eac/eacsym'
make[1]: Entering directory '/models/dev/sc-rev/eac/eacsym'
python3 vm_native_gap_retdec_batch.py --batch-index 6754 --ranges-file native_gap_retdec_batch6754.ranges > dumps/vmtail-wide-1m-w16/vm_native_gap_retdec_batch6754.c
make dumps/vmtail-wide-1m-w16/vm_native_gap_retdec_batch6756.c
make[1]: Leaving directory '/models/dev/sc-rev/eac/eacsym'
make dumps/vmtail-wide-1m-w16/vm_native_gap_retdec_batch6757.c
make[1]: Entering directory '/models/dev/sc-rev/eac/eacsym'
python3 vm_native_gap_retdec_batch.py --batch-index 6755 --ranges-file native_gap_retdec_batch6755.ranges > dumps/vmtail-wide-1m-w16/vm_native_gap_retdec_batch6755.c
native_gap_retdec_batch=6730
native_gap_retdec_selected_ranges=1
make[1]: Entering directory '/models/dev/sc-rev/eac/eacsym'
python3 vm_native_gap_retdec_batch.py --batch-index 6757 --ranges-file native_gap_retdec_batch6757.ranges > dumps/vmtail-wide-1m-w16/vm_native_gap_retdec_batch6757.c
make[1]: Leaving directory '/models/dev/sc-rev/eac/eacsym'
make dumps/vmtail-wide-1m-w16/vm_native_gap_retdec_batch6758.c
make[1]: Entering directory '/models/dev/sc-rev/eac/eacsym'
python3 vm_native_gap_retdec_batch.py --batch-index 6756 --ranges-file native_gap_retdec_batch6756.ranges > dumps/vmtail-wide-1m-w16/vm_native_gap_retdec_batch6756.c
native_gap_retdec_batch=6732
native_gap_retdec_selected_ranges=1
make[1]: Leaving directory '/models/dev/sc-rev/eac/eacsym'
make dumps/vmtail-wide-1m-w16/vm_native_gap_retdec_batch6759.c
make[1]: Entering directory '/models/dev/sc-rev/eac/eacsym'
python3 vm_native_gap_retdec_batch.py --batch-index 6758 --ranges-file native_gap_retdec_batch6758.ranges > dumps/vmtail-wide-1m-w16/vm_native_gap_retdec_batch6758.c
native_gap_retdec_batch=6735
native_gap_retdec_selected_ranges=1
make[1]: Leaving directory '/models/dev/sc-rev/eac/eacsym'
make[1]: Entering directory '/models/dev/sc-rev/eac/eacsym'
python3 vm_native_gap_retdec_batch.py --batch-index 6759 --ranges-file native_gap_retdec_batch6759.ranges > dumps/vmtail-wide-1m-w16/vm_native_gap_retdec_batch6759.c
make dumps/vmtail-wide-1m-w16/vm_native_gap_retdec_batch6760.c
make[1]: Entering directory '/models/dev/sc-rev/eac/eacsym'
python3 vm_native_gap_retdec_batch.py --batch-index 6760 --ranges-file native_gap_retdec_batch6760.ranges > dumps/vmtail-wide-1m-w16/vm_native_gap_retdec_batch6760.c
native_gap_retdec_batch=6736
native_gap_retdec_selected_ranges=1
make[1]: Leaving directory '/models/dev/sc-rev/eac/eacsym'
make dumps/vmtail-wide-1m-w16/vm_native_gap_retdec_batch6761.c
native_gap_retdec_batch=6743
native_gap_retdec_selected_ranges=1
native_gap_retdec_batch=6737
native_gap_retdec_selected_ranges=1
make[1]: Leaving directory '/models/dev/sc-rev/eac/eacsym'
make[1]: Leaving directory '/models/dev/sc-rev/eac/eacsym'
make dumps/vmtail-wide-1m-w16/vm_native_gap_retdec_batch6762.c
make dumps/vmtail-wide-1m-w16/vm_native_gap_retdec_batch6763.c
native_gap_retdec_batch=6744
native_gap_retdec_selected_ranges=1
make[1]: Entering directory '/models/dev/sc-rev/eac/eacsym'
python3 vm_native_gap_retdec_batch.py --batch-index 6761 --ranges-file native_gap_retdec_batch6761.ranges > dumps/vmtail-wide-1m-w16/vm_native_gap_retdec_batch6761.c
make[1]: Leaving directory '/models/dev/sc-rev/eac/eacsym'
make dumps/vmtail-wide-1m-w16/vm_native_gap_retdec_batch6764.c
make[1]: Entering directory '/models/dev/sc-rev/eac/eacsym'
python3 vm_native_gap_retdec_batch.py --batch-index 6763 --ranges-file native_gap_retdec_batch6763.ranges > dumps/vmtail-wide-1m-w16/vm_native_gap_retdec_batch6763.c
native_gap_retdec_batch=6740
native_gap_retdec_selected_ranges=1
native_gap_retdec_batch=6747
native_gap_retdec_selected_ranges=1
make[1]: Leaving directory '/models/dev/sc-rev/eac/eacsym'
make dumps/vmtail-wide-1m-w16/vm_native_gap_retdec_batch6765.c
make[1]: Leaving directory '/models/dev/sc-rev/eac/eacsym'
make dumps/vmtail-wide-1m-w16/vm_native_gap_retdec_batch6766.c
make[1]: Entering directory '/models/dev/sc-rev/eac/eacsym'
python3 vm_native_gap_retdec_batch.py --batch-index 6762 --ranges-file native_gap_retdec_batch6762.ranges > dumps/vmtail-wide-1m-w16/vm_native_gap_retdec_batch6762.c
make[1]: Entering directory '/models/dev/sc-rev/eac/eacsym'
python3 vm_native_gap_retdec_batch.py --batch-index 6764 --ranges-file native_gap_retdec_batch6764.ranges > dumps/vmtail-wide-1m-w16/vm_native_gap_retdec_batch6764.c
make[1]: Entering directory '/models/dev/sc-rev/eac/eacsym'
python3 vm_native_gap_retdec_batch.py --batch-index 6766 --ranges-file native_gap_retdec_batch6766.ranges > dumps/vmtail-wide-1m-w16/vm_native_gap_retdec_batch6766.c
make[1]: Entering directory '/models/dev/sc-rev/eac/eacsym'
python3 vm_native_gap_retdec_batch.py --batch-index 6765 --ranges-file native_gap_retdec_batch6765.ranges > dumps/vmtail-wide-1m-w16/vm_native_gap_retdec_batch6765.c
native_gap_retdec_batch=6749
native_gap_retdec_selected_ranges=1
make[1]: Leaving directory '/models/dev/sc-rev/eac/eacsym'
make dumps/vmtail-wide-1m-w16/vm_native_gap_retdec_batch6767.c
native_gap_retdec_batch=6739
native_gap_retdec_selected_ranges=1
native_gap_retdec_batch=6741
native_gap_retdec_selected_ranges=1
make[1]: Leaving directory '/models/dev/sc-rev/eac/eacsym'
make dumps/vmtail-wide-1m-w16/vm_native_gap_retdec_batch6768.c
make[1]: Leaving directory '/models/dev/sc-rev/eac/eacsym'
make dumps/vmtail-wide-1m-w16/vm_native_gap_retdec_batch6769.c
make[1]: Entering directory '/models/dev/sc-rev/eac/eacsym'
python3 vm_native_gap_retdec_batch.py --batch-index 6767 --ranges-file native_gap_retdec_batch6767.ranges > dumps/vmtail-wide-1m-w16/vm_native_gap_retdec_batch6767.c
make[1]: Entering directory '/models/dev/sc-rev/eac/eacsym'
python3 vm_native_gap_retdec_batch.py --batch-index 6768 --ranges-file native_gap_retdec_batch6768.ranges > dumps/vmtail-wide-1m-w16/vm_native_gap_retdec_batch6768.c
make[1]: Entering directory '/models/dev/sc-rev/eac/eacsym'
python3 vm_native_gap_retdec_batch.py --batch-index 6769 --ranges-file native_gap_retdec_batch6769.ranges > dumps/vmtail-wide-1m-w16/vm_native_gap_retdec_batch6769.c
native_gap_retdec_batch=6742
native_gap_retdec_selected_ranges=1
native_gap_retdec_batch=6746
native_gap_retdec_selected_ranges=1
make[1]: Leaving directory '/models/dev/sc-rev/eac/eacsym'
make dumps/vmtail-wide-1m-w16/vm_native_gap_retdec_batch6770.c
make[1]: Leaving directory '/models/dev/sc-rev/eac/eacsym'
make dumps/vmtail-wide-1m-w16/vm_native_gap_retdec_batch6771.c
make[1]: Entering directory '/models/dev/sc-rev/eac/eacsym'
python3 vm_native_gap_retdec_batch.py --batch-index 6770 --ranges-file native_gap_retdec_batch6770.ranges > dumps/vmtail-wide-1m-w16/vm_native_gap_retdec_batch6770.c
native_gap_retdec_batch=6748
native_gap_retdec_selected_ranges=1
make[1]: Entering directory '/models/dev/sc-rev/eac/eacsym'
python3 vm_native_gap_retdec_batch.py --batch-index 6771 --ranges-file native_gap_retdec_batch6771.ranges > dumps/vmtail-wide-1m-w16/vm_native_gap_retdec_batch6771.c
native_gap_retdec_batch=6745
native_gap_retdec_selected_ranges=1
make[1]: Leaving directory '/models/dev/sc-rev/eac/eacsym'
make dumps/vmtail-wide-1m-w16/vm_native_gap_retdec_batch6772.c
make[1]: Leaving directory '/models/dev/sc-rev/eac/eacsym'
make dumps/vmtail-wide-1m-w16/vm_native_gap_retdec_batch6773.c
make[1]: Entering directory '/models/dev/sc-rev/eac/eacsym'
python3 vm_native_gap_retdec_batch.py --batch-index 6772 --ranges-file native_gap_retdec_batch6772.ranges > dumps/vmtail-wide-1m-w16/vm_native_gap_retdec_batch6772.c
make[1]: Entering directory '/models/dev/sc-rev/eac/eacsym'
python3 vm_native_gap_retdec_batch.py --batch-index 6773 --ranges-file native_gap_retdec_batch6773.ranges > dumps/vmtail-wide-1m-w16/vm_native_gap_retdec_batch6773.c
native_gap_retdec_batch=6750
native_gap_retdec_selected_ranges=1
make[1]: Leaving directory '/models/dev/sc-rev/eac/eacsym'
make dumps/vmtail-wide-1m-w16/vm_native_gap_retdec_batch6774.c
make[1]: Entering directory '/models/dev/sc-rev/eac/eacsym'
python3 vm_native_gap_retdec_batch.py --batch-index 6774 --ranges-file native_gap_retdec_batch6774.ranges > dumps/vmtail-wide-1m-w16/vm_native_gap_retdec_batch6774.c
native_gap_retdec_batch=6752
native_gap_retdec_selected_ranges=1
make[1]: Leaving directory '/models/dev/sc-rev/eac/eacsym'
make dumps/vmtail-wide-1m-w16/vm_native_gap_retdec_batch6775.c
make[1]: Entering directory '/models/dev/sc-rev/eac/eacsym'
python3 vm_native_gap_retdec_batch.py --batch-index 6775 --ranges-file native_gap_retdec_batch6775.ranges > dumps/vmtail-wide-1m-w16/vm_native_gap_retdec_batch6775.c
native_gap_retdec_batch=6755
native_gap_retdec_selected_ranges=1
make[1]: Leaving directory '/models/dev/sc-rev/eac/eacsym'
make dumps/vmtail-wide-1m-w16/vm_native_gap_retdec_batch6776.c
native_gap_retdec_batch=6751
native_gap_retdec_selected_ranges=1
make[1]: Leaving directory '/models/dev/sc-rev/eac/eacsym'
make dumps/vmtail-wide-1m-w16/vm_native_gap_retdec_batch6777.c
make[1]: Entering directory '/models/dev/sc-rev/eac/eacsym'
python3 vm_native_gap_retdec_batch.py --batch-index 6776 --ranges-file native_gap_retdec_batch6776.ranges > dumps/vmtail-wide-1m-w16/vm_native_gap_retdec_batch6776.c
make[1]: Entering directory '/models/dev/sc-rev/eac/eacsym'
python3 vm_native_gap_retdec_batch.py --batch-index 6777 --ranges-file native_gap_retdec_batch6777.ranges > dumps/vmtail-wide-1m-w16/vm_native_gap_retdec_batch6777.c
native_gap_retdec_batch=6758
native_gap_retdec_selected_ranges=1
make[1]: Leaving directory '/models/dev/sc-rev/eac/eacsym'
make dumps/vmtail-wide-1m-w16/vm_native_gap_retdec_batch6778.c
native_gap_retdec_batch=6753
native_gap_retdec_selected_ranges=1
make[1]: Leaving directory '/models/dev/sc-rev/eac/eacsym'
make dumps/vmtail-wide-1m-w16/vm_native_gap_retdec_batch6779.c
make[1]: Entering directory '/models/dev/sc-rev/eac/eacsym'
python3 vm_native_gap_retdec_batch.py --batch-index 6778 --ranges-file native_gap_retdec_batch6778.ranges > dumps/vmtail-wide-1m-w16/vm_native_gap_retdec_batch6778.c
native_gap_retdec_batch=6761
native_gap_retdec_selected_ranges=1
make[1]: Entering directory '/models/dev/sc-rev/eac/eacsym'
python3 vm_native_gap_retdec_batch.py --batch-index 6779 --ranges-file native_gap_retdec_batch6779.ranges > dumps/vmtail-wide-1m-w16/vm_native_gap_retdec_batch6779.c
make[1]: Leaving directory '/models/dev/sc-rev/eac/eacsym'
make dumps/vmtail-wide-1m-w16/vm_native_gap_retdec_batch6780.c
native_gap_retdec_batch=6754
native_gap_retdec_selected_ranges=1
make[1]: Leaving directory '/models/dev/sc-rev/eac/eacsym'
make dumps/vmtail-wide-1m-w16/vm_native_gap_retdec_batch6781.c
make[1]: Entering directory '/models/dev/sc-rev/eac/eacsym'
python3 vm_native_gap_retdec_batch.py --batch-index 6780 --ranges-file native_gap_retdec_batch6780.ranges > dumps/vmtail-wide-1m-w16/vm_native_gap_retdec_batch6780.c
make[1]: Entering directory '/models/dev/sc-rev/eac/eacsym'
python3 vm_native_gap_retdec_batch.py --batch-index 6781 --ranges-file native_gap_retdec_batch6781.ranges > dumps/vmtail-wide-1m-w16/vm_native_gap_retdec_batch6781.c
native_gap_retdec_batch=6759
native_gap_retdec_selected_ranges=1
make[1]: Leaving directory '/models/dev/sc-rev/eac/eacsym'
native_gap_retdec_batch=6757
native_gap_retdec_selected_ranges=1
native_gap_retdec_batch=6766
native_gap_retdec_selected_ranges=1
make[1]: Leaving directory '/models/dev/sc-rev/eac/eacsym'
make[1]: Leaving directory '/models/dev/sc-rev/eac/eacsym'
native_gap_retdec_batch=6756
native_gap_retdec_selected_ranges=1
make[1]: Leaving directory '/models/dev/sc-rev/eac/eacsym'
native_gap_retdec_batch=6760
native_gap_retdec_selected_ranges=1
native_gap_retdec_batch=6765
native_gap_retdec_selected_ranges=1
make[1]: Leaving directory '/models/dev/sc-rev/eac/eacsym'
make[1]: Leaving directory '/models/dev/sc-rev/eac/eacsym'
native_gap_retdec_batch=6764
native_gap_retdec_selected_ranges=1
make[1]: Leaving directory '/models/dev/sc-rev/eac/eacsym'
native_gap_retdec_batch=6763
native_gap_retdec_selected_ranges=1
make[1]: Leaving directory '/models/dev/sc-rev/eac/eacsym'
native_gap_retdec_batch=6771
native_gap_retdec_selected_ranges=1
make[1]: Leaving directory '/models/dev/sc-rev/eac/eacsym'
native_gap_retdec_batch=6762
native_gap_retdec_selected_ranges=1
make[1]: Leaving directory '/models/dev/sc-rev/eac/eacsym'
native_gap_retdec_batch=6772
native_gap_retdec_selected_ranges=1
make[1]: Leaving directory '/models/dev/sc-rev/eac/eacsym'
native_gap_retdec_batch=6767
native_gap_retdec_selected_ranges=1
make[1]: Leaving directory '/models/dev/sc-rev/eac/eacsym'
native_gap_retdec_batch=6768
native_gap_retdec_selected_ranges=1
make[1]: Leaving directory '/models/dev/sc-rev/eac/eacsym'
native_gap_retdec_batch=6769
native_gap_retdec_selected_ranges=1
make[1]: Leaving directory '/models/dev/sc-rev/eac/eacsym'
native_gap_retdec_batch=6770
native_gap_retdec_selected_ranges=1
make[1]: Leaving directory '/models/dev/sc-rev/eac/eacsym'
native_gap_retdec_batch=6773
native_gap_retdec_selected_ranges=1
make[1]: Leaving directory '/models/dev/sc-rev/eac/eacsym'
native_gap_retdec_batch=6774
native_gap_retdec_selected_ranges=1
make[1]: Leaving directory '/models/dev/sc-rev/eac/eacsym'
native_gap_retdec_batch=6775
native_gap_retdec_selected_ranges=1
make[1]: Leaving directory '/models/dev/sc-rev/eac/eacsym'
native_gap_retdec_batch=6777
native_gap_retdec_selected_ranges=1
make[1]: Leaving directory '/models/dev/sc-rev/eac/eacsym'
native_gap_retdec_batch=6779
native_gap_retdec_selected_ranges=1
make[1]: Leaving directory '/models/dev/sc-rev/eac/eacsym'
native_gap_retdec_batch=6776
native_gap_retdec_selected_ranges=1
make[1]: Leaving directory '/models/dev/sc-rev/eac/eacsym'
native_gap_retdec_batch=6780
native_gap_retdec_selected_ranges=1
make[1]: Leaving directory '/models/dev/sc-rev/eac/eacsym'
native_gap_retdec_batch=6778
native_gap_retdec_selected_ranges=1
make[1]: Leaving directory '/models/dev/sc-rev/eac/eacsym'
native_gap_retdec_batch=6781
native_gap_retdec_selected_ranges=1
make[1]: Leaving directory '/models/dev/sc-rev/eac/eacsym'
# elapsed 13.90s
+ cc -std=c11 -fsyntax-only -w dumps/vmtail-wide-1m-w16/vm_native_gap_retdec_batch6654.c
# elapsed 0.01s
+ cc -std=c11 -fsyntax-only -w dumps/vmtail-wide-1m-w16/vm_native_gap_retdec_batch6655.c
# elapsed 0.01s
+ cc -std=c11 -fsyntax-only -w dumps/vmtail-wide-1m-w16/vm_native_gap_retdec_batch6656.c
# elapsed 0.01s
+ cc -std=c11 -fsyntax-only -w dumps/vmtail-wide-1m-w16/vm_native_gap_retdec_batch6657.c
# elapsed 0.01s
+ cc -std=c11 -fsyntax-only -w dumps/vmtail-wide-1m-w16/vm_native_gap_retdec_batch6658.c
# elapsed 0.01s
+ cc -std=c11 -fsyntax-only -w dumps/vmtail-wide-1m-w16/vm_native_gap_retdec_batch6659.c
# elapsed 0.01s
+ cc -std=c11 -fsyntax-only -w dumps/vmtail-wide-1m-w16/vm_native_gap_retdec_batch6660.c
# elapsed 0.01s
+ cc -std=c11 -fsyntax-only -w dumps/vmtail-wide-1m-w16/vm_native_gap_retdec_batch6661.c
# elapsed 0.01s
+ cc -std=c11 -fsyntax-only -w dumps/vmtail-wide-1m-w16/vm_native_gap_retdec_batch6662.c
# elapsed 0.01s
+ cc -std=c11 -fsyntax-only -w dumps/vmtail-wide-1m-w16/vm_native_gap_retdec_batch6663.c
# elapsed 0.01s
+ cc -std=c11 -fsyntax-only -w dumps/vmtail-wide-1m-w16/vm_native_gap_retdec_batch6664.c
# elapsed 0.01s
+ cc -std=c11 -fsyntax-only -w dumps/vmtail-wide-1m-w16/vm_native_gap_retdec_batch6665.c
# elapsed 0.01s
+ cc -std=c11 -fsyntax-only -w dumps/vmtail-wide-1m-w16/vm_native_gap_retdec_batch6666.c
# elapsed 0.01s
+ cc -std=c11 -fsyntax-only -w dumps/vmtail-wide-1m-w16/vm_native_gap_retdec_batch6667.c
# elapsed 0.01s
+ cc -std=c11 -fsyntax-only -w dumps/vmtail-wide-1m-w16/vm_native_gap_retdec_batch6668.c
# elapsed 0.01s
+ cc -std=c11 -fsyntax-only -w dumps/vmtail-wide-1m-w16/vm_native_gap_retdec_batch6669.c
# elapsed 0.01s
+ cc -std=c11 -fsyntax-only -w dumps/vmtail-wide-1m-w16/vm_native_gap_retdec_batch6670.c
# elapsed 0.01s
+ cc -std=c11 -fsyntax-only -w dumps/vmtail-wide-1m-w16/vm_native_gap_retdec_batch6671.c
# elapsed 0.01s
+ cc -std=c11 -fsyntax-only -w dumps/vmtail-wide-1m-w16/vm_native_gap_retdec_batch6672.c
# elapsed 0.01s
+ cc -std=c11 -fsyntax-only -w dumps/vmtail-wide-1m-w16/vm_native_gap_retdec_batch6673.c
# elapsed 0.01s
+ cc -std=c11 -fsyntax-only -w dumps/vmtail-wide-1m-w16/vm_native_gap_retdec_batch6674.c
# elapsed 0.01s
+ cc -std=c11 -fsyntax-only -w dumps/vmtail-wide-1m-w16/vm_native_gap_retdec_batch6675.c
# elapsed 0.01s
+ cc -std=c11 -fsyntax-only -w dumps/vmtail-wide-1m-w16/vm_native_gap_retdec_batch6676.c
# elapsed 0.01s
+ cc -std=c11 -fsyntax-only -w dumps/vmtail-wide-1m-w16/vm_native_gap_retdec_batch6677.c
# elapsed 0.01s
+ cc -std=c11 -fsyntax-only -w dumps/vmtail-wide-1m-w16/vm_native_gap_retdec_batch6678.c
# elapsed 0.01s
+ cc -std=c11 -fsyntax-only -w dumps/vmtail-wide-1m-w16/vm_native_gap_retdec_batch6679.c
# elapsed 0.01s
+ cc -std=c11 -fsyntax-only -w dumps/vmtail-wide-1m-w16/vm_native_gap_retdec_batch6680.c
# elapsed 0.01s
+ cc -std=c11 -fsyntax-only -w dumps/vmtail-wide-1m-w16/vm_native_gap_retdec_batch6681.c
# elapsed 0.01s
+ cc -std=c11 -fsyntax-only -w dumps/vmtail-wide-1m-w16/vm_native_gap_retdec_batch6682.c
# elapsed 0.01s
+ cc -std=c11 -fsyntax-only -w dumps/vmtail-wide-1m-w16/vm_native_gap_retdec_batch6683.c
# elapsed 0.01s
+ cc -std=c11 -fsyntax-only -w dumps/vmtail-wide-1m-w16/vm_native_gap_retdec_batch6684.c
# elapsed 0.01s
+ cc -std=c11 -fsyntax-only -w dumps/vmtail-wide-1m-w16/vm_native_gap_retdec_batch6685.c
# elapsed 0.01s
+ cc -std=c11 -fsyntax-only -w dumps/vmtail-wide-1m-w16/vm_native_gap_retdec_batch6686.c
# elapsed 0.01s
+ cc -std=c11 -fsyntax-only -w dumps/vmtail-wide-1m-w16/vm_native_gap_retdec_batch6687.c
# elapsed 0.01s
+ cc -std=c11 -fsyntax-only -w dumps/vmtail-wide-1m-w16/vm_native_gap_retdec_batch6688.c
# elapsed 0.01s
+ cc -std=c11 -fsyntax-only -w dumps/vmtail-wide-1m-w16/vm_native_gap_retdec_batch6689.c
# elapsed 0.01s
+ cc -std=c11 -fsyntax-only -w dumps/vmtail-wide-1m-w16/vm_native_gap_retdec_batch6690.c
# elapsed 0.01s
+ cc -std=c11 -fsyntax-only -w dumps/vmtail-wide-1m-w16/vm_native_gap_retdec_batch6691.c
# elapsed 0.01s
+ cc -std=c11 -fsyntax-only -w dumps/vmtail-wide-1m-w16/vm_native_gap_retdec_batch6692.c
# elapsed 0.01s
+ cc -std=c11 -fsyntax-only -w dumps/vmtail-wide-1m-w16/vm_native_gap_retdec_batch6693.c
# elapsed 0.01s
+ cc -std=c11 -fsyntax-only -w dumps/vmtail-wide-1m-w16/vm_native_gap_retdec_batch6694.c
# elapsed 0.01s
+ cc -std=c11 -fsyntax-only -w dumps/vmtail-wide-1m-w16/vm_native_gap_retdec_batch6695.c
# elapsed 0.01s
+ cc -std=c11 -fsyntax-only -w dumps/vmtail-wide-1m-w16/vm_native_gap_retdec_batch6696.c
# elapsed 0.01s
+ cc -std=c11 -fsyntax-only -w dumps/vmtail-wide-1m-w16/vm_native_gap_retdec_batch6697.c
# elapsed 0.01s
+ cc -std=c11 -fsyntax-only -w dumps/vmtail-wide-1m-w16/vm_native_gap_retdec_batch6698.c
# elapsed 0.01s
+ cc -std=c11 -fsyntax-only -w dumps/vmtail-wide-1m-w16/vm_native_gap_retdec_batch6699.c
# elapsed 0.01s
+ cc -std=c11 -fsyntax-only -w dumps/vmtail-wide-1m-w16/vm_native_gap_retdec_batch6700.c
# elapsed 0.01s
+ cc -std=c11 -fsyntax-only -w dumps/vmtail-wide-1m-w16/vm_native_gap_retdec_batch6701.c
# elapsed 0.01s
+ cc -std=c11 -fsyntax-only -w dumps/vmtail-wide-1m-w16/vm_native_gap_retdec_batch6702.c
# elapsed 0.01s
+ cc -std=c11 -fsyntax-only -w dumps/vmtail-wide-1m-w16/vm_native_gap_retdec_batch6703.c
# elapsed 0.01s
+ cc -std=c11 -fsyntax-only -w dumps/vmtail-wide-1m-w16/vm_native_gap_retdec_batch6704.c
# elapsed 0.01s
+ cc -std=c11 -fsyntax-only -w dumps/vmtail-wide-1m-w16/vm_native_gap_retdec_batch6705.c
# elapsed 0.01s
+ cc -std=c11 -fsyntax-only -w dumps/vmtail-wide-1m-w16/vm_native_gap_retdec_batch6706.c
# elapsed 0.01s
+ cc -std=c11 -fsyntax-only -w dumps/vmtail-wide-1m-w16/vm_native_gap_retdec_batch6707.c
# elapsed 0.01s
+ cc -std=c11 -fsyntax-only -w dumps/vmtail-wide-1m-w16/vm_native_gap_retdec_batch6708.c
# elapsed 0.01s
+ cc -std=c11 -fsyntax-only -w dumps/vmtail-wide-1m-w16/vm_native_gap_retdec_batch6709.c
# elapsed 0.01s
+ cc -std=c11 -fsyntax-only -w dumps/vmtail-wide-1m-w16/vm_native_gap_retdec_batch6710.c
# elapsed 0.01s
+ cc -std=c11 -fsyntax-only -w dumps/vmtail-wide-1m-w16/vm_native_gap_retdec_batch6711.c
# elapsed 0.01s
+ cc -std=c11 -fsyntax-only -w dumps/vmtail-wide-1m-w16/vm_native_gap_retdec_batch6712.c
# elapsed 0.01s
+ cc -std=c11 -fsyntax-only -w dumps/vmtail-wide-1m-w16/vm_native_gap_retdec_batch6713.c
# elapsed 0.01s
+ cc -std=c11 -fsyntax-only -w dumps/vmtail-wide-1m-w16/vm_native_gap_retdec_batch6714.c
# elapsed 0.01s
+ cc -std=c11 -fsyntax-only -w dumps/vmtail-wide-1m-w16/vm_native_gap_retdec_batch6715.c
# elapsed 0.01s
+ cc -std=c11 -fsyntax-only -w dumps/vmtail-wide-1m-w16/vm_native_gap_retdec_batch6716.c
# elapsed 0.01s
+ cc -std=c11 -fsyntax-only -w dumps/vmtail-wide-1m-w16/vm_native_gap_retdec_batch6717.c
# elapsed 0.01s
+ cc -std=c11 -fsyntax-only -w dumps/vmtail-wide-1m-w16/vm_native_gap_retdec_batch6718.c
# elapsed 0.01s
+ cc -std=c11 -fsyntax-only -w dumps/vmtail-wide-1m-w16/vm_native_gap_retdec_batch6719.c
# elapsed 0.01s
+ cc -std=c11 -fsyntax-only -w dumps/vmtail-wide-1m-w16/vm_native_gap_retdec_batch6720.c
# elapsed 0.01s
+ cc -std=c11 -fsyntax-only -w dumps/vmtail-wide-1m-w16/vm_native_gap_retdec_batch6721.c
# elapsed 0.01s
+ cc -std=c11 -fsyntax-only -w dumps/vmtail-wide-1m-w16/vm_native_gap_retdec_batch6722.c
# elapsed 0.01s
+ cc -std=c11 -fsyntax-only -w dumps/vmtail-wide-1m-w16/vm_native_gap_retdec_batch6723.c
# elapsed 0.01s
+ cc -std=c11 -fsyntax-only -w dumps/vmtail-wide-1m-w16/vm_native_gap_retdec_batch6724.c
# elapsed 0.01s
+ cc -std=c11 -fsyntax-only -w dumps/vmtail-wide-1m-w16/vm_native_gap_retdec_batch6725.c
# elapsed 0.01s
+ cc -std=c11 -fsyntax-only -w dumps/vmtail-wide-1m-w16/vm_native_gap_retdec_batch6726.c
# elapsed 0.01s
+ cc -std=c11 -fsyntax-only -w dumps/vmtail-wide-1m-w16/vm_native_gap_retdec_batch6727.c
# elapsed 0.01s
+ cc -std=c11 -fsyntax-only -w dumps/vmtail-wide-1m-w16/vm_native_gap_retdec_batch6728.c
# elapsed 0.01s
+ cc -std=c11 -fsyntax-only -w dumps/vmtail-wide-1m-w16/vm_native_gap_retdec_batch6729.c
# elapsed 0.01s
+ cc -std=c11 -fsyntax-only -w dumps/vmtail-wide-1m-w16/vm_native_gap_retdec_batch6730.c
# elapsed 0.01s
+ cc -std=c11 -fsyntax-only -w dumps/vmtail-wide-1m-w16/vm_native_gap_retdec_batch6731.c
# elapsed 0.01s
+ cc -std=c11 -fsyntax-only -w dumps/vmtail-wide-1m-w16/vm_native_gap_retdec_batch6732.c
# elapsed 0.01s
+ cc -std=c11 -fsyntax-only -w dumps/vmtail-wide-1m-w16/vm_native_gap_retdec_batch6733.c
# elapsed 0.01s
+ cc -std=c11 -fsyntax-only -w dumps/vmtail-wide-1m-w16/vm_native_gap_retdec_batch6734.c
# elapsed 0.01s
+ cc -std=c11 -fsyntax-only -w dumps/vmtail-wide-1m-w16/vm_native_gap_retdec_batch6735.c
# elapsed 0.01s
+ cc -std=c11 -fsyntax-only -w dumps/vmtail-wide-1m-w16/vm_native_gap_retdec_batch6736.c
# elapsed 0.01s
+ cc -std=c11 -fsyntax-only -w dumps/vmtail-wide-1m-w16/vm_native_gap_retdec_batch6737.c
# elapsed 0.01s
+ cc -std=c11 -fsyntax-only -w dumps/vmtail-wide-1m-w16/vm_native_gap_retdec_batch6738.c
# elapsed 0.01s
+ cc -std=c11 -fsyntax-only -w dumps/vmtail-wide-1m-w16/vm_native_gap_retdec_batch6739.c
# elapsed 0.01s
+ cc -std=c11 -fsyntax-only -w dumps/vmtail-wide-1m-w16/vm_native_gap_retdec_batch6740.c
# elapsed 0.01s
+ cc -std=c11 -fsyntax-only -w dumps/vmtail-wide-1m-w16/vm_native_gap_retdec_batch6741.c
# elapsed 0.01s
+ cc -std=c11 -fsyntax-only -w dumps/vmtail-wide-1m-w16/vm_native_gap_retdec_batch6742.c
# elapsed 0.01s
+ cc -std=c11 -fsyntax-only -w dumps/vmtail-wide-1m-w16/vm_native_gap_retdec_batch6743.c
# elapsed 0.01s
+ cc -std=c11 -fsyntax-only -w dumps/vmtail-wide-1m-w16/vm_native_gap_retdec_batch6744.c
# elapsed 0.01s
+ cc -std=c11 -fsyntax-only -w dumps/vmtail-wide-1m-w16/vm_native_gap_retdec_batch6745.c
# elapsed 0.01s
+ cc -std=c11 -fsyntax-only -w dumps/vmtail-wide-1m-w16/vm_native_gap_retdec_batch6746.c
# elapsed 0.01s
+ cc -std=c11 -fsyntax-only -w dumps/vmtail-wide-1m-w16/vm_native_gap_retdec_batch6747.c
# elapsed 0.01s
+ cc -std=c11 -fsyntax-only -w dumps/vmtail-wide-1m-w16/vm_native_gap_retdec_batch6748.c
# elapsed 0.01s
+ cc -std=c11 -fsyntax-only -w dumps/vmtail-wide-1m-w16/vm_native_gap_retdec_batch6749.c
# elapsed 0.01s
+ cc -std=c11 -fsyntax-only -w dumps/vmtail-wide-1m-w16/vm_native_gap_retdec_batch6750.c
# elapsed 0.01s
+ cc -std=c11 -fsyntax-only -w dumps/vmtail-wide-1m-w16/vm_native_gap_retdec_batch6751.c
# elapsed 0.01s
+ cc -std=c11 -fsyntax-only -w dumps/vmtail-wide-1m-w16/vm_native_gap_retdec_batch6752.c
# elapsed 0.01s
+ cc -std=c11 -fsyntax-only -w dumps/vmtail-wide-1m-w16/vm_native_gap_retdec_batch6753.c
# elapsed 0.01s
+ cc -std=c11 -fsyntax-only -w dumps/vmtail-wide-1m-w16/vm_native_gap_retdec_batch6754.c
# elapsed 0.01s
+ cc -std=c11 -fsyntax-only -w dumps/vmtail-wide-1m-w16/vm_native_gap_retdec_batch6755.c
# elapsed 0.01s
+ cc -std=c11 -fsyntax-only -w dumps/vmtail-wide-1m-w16/vm_native_gap_retdec_batch6756.c
# elapsed 0.01s
+ cc -std=c11 -fsyntax-only -w dumps/vmtail-wide-1m-w16/vm_native_gap_retdec_batch6757.c
# elapsed 0.01s
+ cc -std=c11 -fsyntax-only -w dumps/vmtail-wide-1m-w16/vm_native_gap_retdec_batch6758.c
# elapsed 0.01s
+ cc -std=c11 -fsyntax-only -w dumps/vmtail-wide-1m-w16/vm_native_gap_retdec_batch6759.c
# elapsed 0.01s
+ cc -std=c11 -fsyntax-only -w dumps/vmtail-wide-1m-w16/vm_native_gap_retdec_batch6760.c
# elapsed 0.01s
+ cc -std=c11 -fsyntax-only -w dumps/vmtail-wide-1m-w16/vm_native_gap_retdec_batch6761.c
# elapsed 0.01s
+ cc -std=c11 -fsyntax-only -w dumps/vmtail-wide-1m-w16/vm_native_gap_retdec_batch6762.c
# elapsed 0.01s
+ cc -std=c11 -fsyntax-only -w dumps/vmtail-wide-1m-w16/vm_native_gap_retdec_batch6763.c
# elapsed 0.01s
+ cc -std=c11 -fsyntax-only -w dumps/vmtail-wide-1m-w16/vm_native_gap_retdec_batch6764.c
# elapsed 0.01s
+ cc -std=c11 -fsyntax-only -w dumps/vmtail-wide-1m-w16/vm_native_gap_retdec_batch6765.c
# elapsed 0.01s
+ cc -std=c11 -fsyntax-only -w dumps/vmtail-wide-1m-w16/vm_native_gap_retdec_batch6766.c
# elapsed 0.01s
+ cc -std=c11 -fsyntax-only -w dumps/vmtail-wide-1m-w16/vm_native_gap_retdec_batch6767.c
# elapsed 0.01s
+ cc -std=c11 -fsyntax-only -w dumps/vmtail-wide-1m-w16/vm_native_gap_retdec_batch6768.c
# elapsed 0.01s
+ cc -std=c11 -fsyntax-only -w dumps/vmtail-wide-1m-w16/vm_native_gap_retdec_batch6769.c
# elapsed 0.01s
+ cc -std=c11 -fsyntax-only -w dumps/vmtail-wide-1m-w16/vm_native_gap_retdec_batch6770.c
# elapsed 0.02s
+ cc -std=c11 -fsyntax-only -w dumps/vmtail-wide-1m-w16/vm_native_gap_retdec_batch6771.c
# elapsed 0.01s
+ cc -std=c11 -fsyntax-only -w dumps/vmtail-wide-1m-w16/vm_native_gap_retdec_batch6772.c
# elapsed 0.01s
+ cc -std=c11 -fsyntax-only -w dumps/vmtail-wide-1m-w16/vm_native_gap_retdec_batch6773.c
# elapsed 0.01s
+ cc -std=c11 -fsyntax-only -w dumps/vmtail-wide-1m-w16/vm_native_gap_retdec_batch6774.c
# elapsed 0.01s
+ cc -std=c11 -fsyntax-only -w dumps/vmtail-wide-1m-w16/vm_native_gap_retdec_batch6775.c
# elapsed 0.01s
+ cc -std=c11 -fsyntax-only -w dumps/vmtail-wide-1m-w16/vm_native_gap_retdec_batch6776.c
# elapsed 0.01s
+ cc -std=c11 -fsyntax-only -w dumps/vmtail-wide-1m-w16/vm_native_gap_retdec_batch6777.c
# elapsed 0.01s
+ cc -std=c11 -fsyntax-only -w dumps/vmtail-wide-1m-w16/vm_native_gap_retdec_batch6778.c
# elapsed 0.01s
+ cc -std=c11 -fsyntax-only -w dumps/vmtail-wide-1m-w16/vm_native_gap_retdec_batch6779.c
# elapsed 0.01s
+ cc -std=c11 -fsyntax-only -w dumps/vmtail-wide-1m-w16/vm_native_gap_retdec_batch6780.c
# elapsed 0.01s
+ cc -std=c11 -fsyntax-only -w dumps/vmtail-wide-1m-w16/vm_native_gap_retdec_batch6781.c
# elapsed 0.01s
salvage_batch_done	6654	salvaged=6654,6655,6656,6657,6658,6659,6660,6661,6662,6663,6664,6665,6666,6667,6668,6669,6670,6671,6672,6673,6674,6675,6676,6677,6678,6679,6680,6681,6682,6683,6684,6685,6686,6687,6688,6689,6690,6691,6692,6693,6694,6695,6696,6697,6698,6699,6700,6701,6702,6703,6704,6705,6706,6707,6708,6709,6710,6711,6712,6713,6714,6715,6716,6717,6718,6719,6720,6721,6722,6723,6724,6725,6726,6727,6728,6729,6730,6731,6732,6733,6734,6735,6736,6737,6738,6739,6740,6741,6742,6743,6744,6745,6746,6747,6748,6749,6750,6751,6752,6753,6754,6755,6756,6757,6758,6759,6760,6761,6762,6763,6764,6765,6766,6767,6768,6769,6770,6771,6772,6773,6774,6775,6776,6777,6778,6779,6780,6781	rejected=0
+ make -s native-executable-coverage-audit native-retdec-gap-queue
# elapsed 5.06s
+ make -s uncovered-executable-gaps
uncovered_executable_gaps=717 bytes=16638
uncovered_executable_gaps=717 bytes=16638
uncovered_executable_gaps=717 bytes=16638
# elapsed 1.71s
coverage_delta
native_executable_coverage_range_rows	85272	85528	delta=+256
native_executable_coverage_gap_rows	722	722	delta=+0
native_executable_coverage_recovered_bytes	5633696	5634402	delta=+706
native_executable_coverage_uncovered_bytes	17344	16638	delta=-706
round_start	2
+ python3 vm_executable_gap_retdec_probe.py --root . --section .text --chunk-bytes 0x10 --min-chunk-bytes 0x1 --max-split-candidates 4096 --max-gap-chunks 64 --max-candidates 4096 --max-accepted 128 --probe-jobs 24 --timeout 30 --reject-cache dumps/vmtail-wide-1m-w16/vm_executable_gap_retdec_reject_cache.tsv
try	0x4e9239-0x4e9241	ok
try	0x4e9279-0x4e9281	reject
split	0x4e9279-0x4e9281	0x4e9279-0x4e927d
split	0x4e9279-0x4e9281	0x4e927d-0x4e9281
try	0x4e91f9-0x4e9201	reject
split	0x4e91f9-0x4e9201	0x4e91f9-0x4e91fd
split	0x4e91f9-0x4e9201	0x4e91fd-0x4e9201
try	0x4e9261-0x4e9269	ok
try	0x4e9259-0x4e9261	reject
split	0x4e9259-0x4e9261	0x4e9259-0x4e925d
split	0x4e9259-0x4e9261	0x4e925d-0x4e9261
try	0x4e7f09-0x4e7f11	ok
try	0x4e9271-0x4e9279	reject
split	0x4e9271-0x4e9279	0x4e9271-0x4e9275
split	0x4e9271-0x4e9279	0x4e9275-0x4e9279
try	0x4e9281-0x4e9289	ok
try	0x4e9229-0x4e9231	ok
try	0x4e9269-0x4e9271	ok
try	0x4e9231-0x4e9239	reject
split	0x4e9231-0x4e9239	0x4e9231-0x4e9235
split	0x4e9231-0x4e9239	0x4e9235-0x4e9239
try	0x4e9201-0x4e9209	reject
split	0x4e9201-0x4e9209	0x4e9201-0x4e9205
split	0x4e9201-0x4e9209	0x4e9205-0x4e9209
try	0x4e7ef9-0x4e7f01	ok
try	0x4e9211-0x4e9219	ok
try	0x4e9249-0x4e9251	ok
try	0x4e9241-0x4e9249	reject
split	0x4e9241-0x4e9249	0x4e9241-0x4e9245
split	0x4e9241-0x4e9249	0x4e9245-0x4e9249
try	0x4e7f19-0x4e7f21	reject
split	0x4e7f19-0x4e7f21	0x4e7f19-0x4e7f1d
split	0x4e7f19-0x4e7f21	0x4e7f1d-0x4e7f21
try	0x4e9251-0x4e9259	reject
split	0x4e9251-0x4e9259	0x4e9251-0x4e9255
split	0x4e9251-0x4e9259	0x4e9255-0x4e9259
try	0x4e7f21-0x4e7f29	ok
try	0x4e9209-0x4e9211	reject
split	0x4e9209-0x4e9211	0x4e9209-0x4e920d
split	0x4e9209-0x4e9211	0x4e920d-0x4e9211
try	0x4e7f11-0x4e7f19	ok
try	0x4e9221-0x4e9229	reject
split	0x4e9221-0x4e9229	0x4e9221-0x4e9225
split	0x4e9221-0x4e9229	0x4e9225-0x4e9229
try	0x4e9219-0x4e9221	reject
split	0x4e9219-0x4e9221	0x4e9219-0x4e921d
split	0x4e9219-0x4e9221	0x4e921d-0x4e9221
try	0x4e7f01-0x4e7f09	reject
split	0x4e7f01-0x4e7f09	0x4e7f01-0x4e7f05
split	0x4e7f01-0x4e7f09	0x4e7f05-0x4e7f09
try	0x4e925d-0x4e9261	ok
try	0x4e9271-0x4e9275	ok
try	0x4e9205-0x4e9209	ok
try	0x4e7f29-0x4e7f31	reject
split	0x4e7f29-0x4e7f31	0x4e7f29-0x4e7f2d
split	0x4e7f29-0x4e7f31	0x4e7f2d-0x4e7f31
try	0x4e9251-0x4e9255	ok
try	0x4e9235-0x4e9239	ok
try	0x4e91f9-0x4e91fd	ok
try	0x4e91fd-0x4e9201	ok
try	0x4e927d-0x4e9281	ok
try	0x4e9275-0x4e9279	reject
split	0x4e9275-0x4e9279	0x4e9275-0x4e9277
split	0x4e9275-0x4e9279	0x4e9277-0x4e9279
try	0x4e9259-0x4e925d	reject
split	0x4e9259-0x4e925d	0x4e9259-0x4e925b
split	0x4e9259-0x4e925d	0x4e925b-0x4e925d
try	0x4e7f31-0x4e7f39	ok
try	0x4e920d-0x4e9211	ok
try	0x4e7f39-0x4e7f41	ok
try	0x4e9279-0x4e927d	reject
split	0x4e9279-0x4e927d	0x4e9279-0x4e927b
split	0x4e9279-0x4e927d	0x4e927b-0x4e927d
try	0x4e9225-0x4e9229	ok
try	0x4e9245-0x4e9249	reject
split	0x4e9245-0x4e9249	0x4e9245-0x4e9247
split	0x4e9245-0x4e9249	0x4e9247-0x4e9249
try	0x4e9231-0x4e9235	reject
split	0x4e9231-0x4e9235	0x4e9231-0x4e9233
split	0x4e9231-0x4e9235	0x4e9233-0x4e9235
try	0x4e7f1d-0x4e7f21	ok
try	0x4e9209-0x4e920d	ok
try	0x4e9201-0x4e9205	ok
try	0x4e9255-0x4e9259	ok
try	0x4e921d-0x4e9221	reject
split	0x4e921d-0x4e9221	0x4e921d-0x4e921f
split	0x4e921d-0x4e9221	0x4e921f-0x4e9221
try	0x4e7f05-0x4e7f09	reject
split	0x4e7f05-0x4e7f09	0x4e7f05-0x4e7f07
split	0x4e7f05-0x4e7f09	0x4e7f07-0x4e7f09
try	0x4e7f01-0x4e7f05	ok
try	0x4e9219-0x4e921d	ok
try	0x4e9241-0x4e9245	ok
try	0x4e7f2d-0x4e7f31	ok
try	0x4e7f49-0x4e7f51	ok
try	0x4e9259-0x4e925b	ok
try	0x4e9221-0x4e9225	ok
try	0x4e7f29-0x4e7f2d	ok
try	0x4e7f19-0x4e7f1d	ok
try	0x4e9279-0x4e927b	ok
try	0x4e7f41-0x4e7f49	reject
split	0x4e7f41-0x4e7f49	0x4e7f41-0x4e7f45
split	0x4e7f41-0x4e7f49	0x4e7f45-0x4e7f49
try	0x4e925b-0x4e925d	ok
try	0x4e7f61-0x4e7f69	reject
split	0x4e7f61-0x4e7f69	0x4e7f61-0x4e7f65
split	0x4e7f61-0x4e7f69	0x4e7f65-0x4e7f69
try	0x4e9277-0x4e9279	ok
try	0x4e9275-0x4e9277	ok
try	0x4e7f51-0x4e7f59	reject
split	0x4e7f51-0x4e7f59	0x4e7f51-0x4e7f55
split	0x4e7f51-0x4e7f59	0x4e7f55-0x4e7f59
try	0x4e927b-0x4e927d	ok
try	0x4e9247-0x4e9249	ok
try	0x4e7f59-0x4e7f61	reject
split	0x4e7f59-0x4e7f61	0x4e7f59-0x4e7f5d
split	0x4e7f59-0x4e7f61	0x4e7f5d-0x4e7f61
try	0x4e9245-0x4e9247	ok
try	0x4e9233-0x4e9235	ok
try	0x4e9231-0x4e9233	ok
try	0x4e921f-0x4e9221	ok
try	0x4e7f07-0x4e7f09	ok
try	0x4e7f71-0x4e7f79	ok
try	0x4e7f79-0x4e7f81	reject
split	0x4e7f79-0x4e7f81	0x4e7f79-0x4e7f7d
split	0x4e7f79-0x4e7f81	0x4e7f7d-0x4e7f81
try	0x4e921d-0x4e921f	ok
try	0x4e7f05-0x4e7f07	ok
try	0x4e5759-0x4e5761	ok
try	0x4e7f81-0x4e7f89	ok
try	0x4e7f45-0x4e7f49	ok
try	0x4e7f69-0x4e7f71	reject
split	0x4e7f69-0x4e7f71	0x4e7f69-0x4e7f6d
split	0x4e7f69-0x4e7f71	0x4e7f6d-0x4e7f71
try	0x4e7f61-0x4e7f65	ok
try	0x4e5761-0x4e5769	ok
try	0x4e5769-0x4e5771	reject
split	0x4e5769-0x4e5771	0x4e5769-0x4e576d
split	0x4e5769-0x4e5771	0x4e576d-0x4e5771
try	0x4e5771-0x4e5779	ok
try	0x4e7f59-0x4e7f5d	ok
try	0x4e7f41-0x4e7f45	ok
try	0x4e7f65-0x4e7f69	ok
try	0x4e5779-0x4e5781	ok
try	0x4e7f55-0x4e7f59	ok
try	0x4e5781-0x4e5789	reject
split	0x4e5781-0x4e5789	0x4e5781-0x4e5785
split	0x4e5781-0x4e5789	0x4e5785-0x4e5789
try	0x4e7f51-0x4e7f55	ok
try	0x4e7f5d-0x4e7f61	ok
try	0x4e5789-0x4e5791	ok
try	0x4e5791-0x4e5799	ok
try	0x4e5799-0x4e57a1	reject
split	0x4e5799-0x4e57a1	0x4e5799-0x4e579d
split	0x4e5799-0x4e57a1	0x4e579d-0x4e57a1
try	0x4e57a1-0x4e57a9	ok
try	0x4e7f7d-0x4e7f81	ok
try	0x4e7f79-0x4e7f7d	ok
try	0x4e57b9-0x4e57c1	ok
try	0x4e57a9-0x4e57b1	reject
split	0x4e57a9-0x4e57b1	0x4e57a9-0x4e57ad
split	0x4e57a9-0x4e57b1	0x4e57ad-0x4e57b1
try	0x4e57b1-0x4e57b9	ok
try	0x4e57c1-0x4e57c9	reject
split	0x4e57c1-0x4e57c9	0x4e57c1-0x4e57c5
split	0x4e57c1-0x4e57c9	0x4e57c5-0x4e57c9
try	0x4e7f6d-0x4e7f71	ok
try	0x4e57c9-0x4e57d1	ok
try	0x4e7f69-0x4e7f6d	ok
try	0x4e57e1-0x4e57e9	reject
split	0x4e57e1-0x4e57e9	0x4e57e1-0x4e57e5
split	0x4e57e1-0x4e57e9	0x4e57e5-0x4e57e9
try	0x4e57d1-0x4e57d9	ok
try	0x4e576d-0x4e5771	ok
try	0x4e5769-0x4e576d	ok
try	0x4e5c11-0x4e5c19	ok
try	0x4e57d9-0x4e57e1	reject
split	0x4e57d9-0x4e57e1	0x4e57d9-0x4e57dd
split	0x4e57d9-0x4e57e1	0x4e57dd-0x4e57e1
try	0x4e5785-0x4e5789	ok
try	0x4e5bf9-0x4e5c01	ok
try	0x4e5781-0x4e5785	ok
try	0x4e5c21-0x4e5c29	reject
split	0x4e5c21-0x4e5c29	0x4e5c21-0x4e5c25
split	0x4e5c21-0x4e5c29	0x4e5c25-0x4e5c29
try	0x4e579d-0x4e57a1	ok
try	0x4e5c09-0x4e5c11	ok
try	0x4e5c01-0x4e5c09	ok
try	0x4e5c19-0x4e5c21	ok
try	0x4e5799-0x4e579d	reject
split	0x4e5799-0x4e579d	0x4e5799-0x4e579b
split	0x4e5799-0x4e579d	0x4e579b-0x4e579d
try	0x4e5c29-0x4e5c31	ok
try	0x4e5c31-0x4e5c39	ok
try	0x4e5c39-0x4e5c41	reject
split	0x4e5c39-0x4e5c41	0x4e5c39-0x4e5c3d
split	0x4e5c39-0x4e5c41	0x4e5c3d-0x4e5c41
try	0x4e57c5-0x4e57c9	ok
try	0x4e5c41-0x4e5c49	ok
try	0x4e57a9-0x4e57ad	reject
split	0x4e57a9-0x4e57ad	0x4e57a9-0x4e57ab
split	0x4e57a9-0x4e57ad	0x4e57ab-0x4e57ad
try	0x4e57ad-0x4e57b1	ok
try	0x4e57c1-0x4e57c5	ok
try	0x4e5c61-0x4e5c69	reject
split	0x4e5c61-0x4e5c69	0x4e5c61-0x4e5c65
split	0x4e5c61-0x4e5c69	0x4e5c65-0x4e5c69
try	0x4e57e5-0x4e57e9	ok
try	0x4e57e1-0x4e57e5	ok
try	0x4e5c69-0x4e5c71	reject
split	0x4e5c69-0x4e5c71	0x4e5c69-0x4e5c6d
split	0x4e5c69-0x4e5c71	0x4e5c6d-0x4e5c71
try	0x4e57dd-0x4e57e1	ok
try	0x4e5c51-0x4e5c59	ok
try	0x4e5c25-0x4e5c29	ok
try	0x4e5c7f-0x4e5c85	ok
try	0x4e5c49-0x4e5c51	reject
split	0x4e5c49-0x4e5c51	0x4e5c49-0x4e5c4d
split	0x4e5c49-0x4e5c51	0x4e5c4d-0x4e5c51
try	0x4e57d9-0x4e57dd	ok
try	0x4e5c59-0x4e5c61	ok
try	0x4e5c79-0x4e5c7f	ok
try	0x4e5c71-0x4e5c79	ok
try	0x4e5c21-0x4e5c25	ok
try	0x4e4c39-0x4e4c41	ok
try	0x4e579b-0x4e579d	ok
try	0x4e4c41-0x4e4c49	ok
try	0x4e57ab-0x4e57ad	ok
try	0x4e5799-0x4e579b	ok
try	0x4e57a9-0x4e57ab	ok
try	0x4e5c3d-0x4e5c41	ok
try	0x4e4c49-0x4e4c51	ok
try	0x4e5c39-0x4e5c3d	ok
try	0x4e4c51-0x4e4c59	reject
split	0x4e4c51-0x4e4c59	0x4e4c51-0x4e4c55
split	0x4e4c51-0x4e4c59	0x4e4c55-0x4e4c59
try	0x4e5c69-0x4e5c6d	ok
try	0x4e5c65-0x4e5c69	ok
try	0x4e5c49-0x4e5c4d	ok
try	0x4e5c6d-0x4e5c71	ok
try	0x4e4c59-0x4e4c61	reject
split	0x4e4c59-0x4e4c61	0x4e4c59-0x4e4c5d
split	0x4e4c59-0x4e4c61	0x4e4c5d-0x4e4c61
try	0x4e5c61-0x4e5c65	ok
try	0x4e4c61-0x4e4c69	reject
split	0x4e4c61-0x4e4c69	0x4e4c61-0x4e4c65
split	0x4e4c61-0x4e4c69	0x4e4c65-0x4e4c69
try	0x4e4c69-0x4e4c71	ok
try	0x4e4c71-0x4e4c79	reject
split	0x4e4c71-0x4e4c79	0x4e4c71-0x4e4c75
split	0x4e4c71-0x4e4c79	0x4e4c75-0x4e4c79
try	0x4e4c79-0x4e4c81	ok
try	0x4e5c4d-0x4e5c51	ok
try	0x4e4c89-0x4e4c91	reject
split	0x4e4c89-0x4e4c91	0x4e4c89-0x4e4c8d
split	0x4e4c89-0x4e4c91	0x4e4c8d-0x4e4c91
try	0x4e4c81-0x4e4c89	ok
try	0x4e4c91-0x4e4c99	ok
try	0x4e4ca1-0x4e4ca9	reject
split	0x4e4ca1-0x4e4ca9	0x4e4ca1-0x4e4ca5
split	0x4e4ca1-0x4e4ca9	0x4e4ca5-0x4e4ca9
try	0x4e4c99-0x4e4ca1	ok
try	0x4e4cb1-0x4e4cb9	ok
try	0x4e4cb9-0x4e4cbf	reject
split	0x4e4cb9-0x4e4cbf	0x4e4cb9-0x4e4cbc
split	0x4e4cb9-0x4e4cbf	0x4e4cbc-0x4e4cbf
try	0x4e4ca9-0x4e4cb1	ok
try	0x4e4cbf-0x4e4cc5	ok
try	0x4e8b51-0x4e8b59	ok
try	0x4e8b49-0x4e8b51	ok
try	0x4e8b59-0x4e8b61	ok
try	0x4e4c55-0x4e4c59	ok
wrote	native_gap_retdec_batch6782.ranges	128
appended_reject_cache	dumps/vmtail-wide-1m-w16/vm_executable_gap_retdec_reject_cache.tsv	48
# elapsed 20.76s
created_batches	6782
+ make -j 24 native-gap-retdec-batch6782
make dumps/vmtail-wide-1m-w16/vm_native_gap_retdec_batch6782.c
make[1]: Entering directory '/models/dev/sc-rev/eac/eacsym'
python3 vm_native_gap_retdec_batch.py --batch-index 6782 --ranges-file native_gap_retdec_batch6782.ranges > dumps/vmtail-wide-1m-w16/vm_native_gap_retdec_batch6782.c
native_gap_retdec_batch=6782
native_gap_retdec_selected_ranges=128
make[1]: Leaving directory '/models/dev/sc-rev/eac/eacsym'
# elapsed 1.79s
+ cc -std=c11 -fsyntax-only -w dumps/vmtail-wide-1m-w16/vm_native_gap_retdec_batch6782.c
dumps/vmtail-wide-1m-w16/vm_native_gap_retdec_batch6782.c: In function ‘function_4e4c39’:
dumps/vmtail-wide-1m-w16/vm_native_gap_retdec_batch6782.c:521:5: error: implicit declaration of function ‘__asm_pslld’; did you mean ‘__asm_psllq’? [-Wimplicit-function-declaration]
  521 |     __asm_pslld(v3, 24);
      |     ^~~~~~~~~~~
      |     __asm_psllq
dumps/vmtail-wide-1m-w16/vm_native_gap_retdec_batch6782.c: In function ‘function_4e4c69’:
dumps/vmtail-wide-1m-w16/vm_native_gap_retdec_batch6782.c:545:5: error: implicit declaration of function ‘__asm_pxor_133’; did you mean ‘__asm_pxor’? [-Wimplicit-function-declaration]
  545 |     __asm_pxor_133(v2, v2);
      |     ^~~~~~~~~~~~~~
      |     __asm_pxor
dumps/vmtail-wide-1m-w16/vm_native_gap_retdec_batch6782.c: In function ‘function_4e4c79’:
dumps/vmtail-wide-1m-w16/vm_native_gap_retdec_batch6782.c:553:5: error: implicit declaration of function ‘__asm_movdqa_134’; did you mean ‘__asm_movdqu_133’? [-Wimplicit-function-declaration]
  553 |     __asm_movdqa_134(v1);
      |     ^~~~~~~~~~~~~~~~
      |     __asm_movdqu_133
dumps/vmtail-wide-1m-w16/vm_native_gap_retdec_batch6782.c: In function ‘function_4e4ca9’:
dumps/vmtail-wide-1m-w16/vm_native_gap_retdec_batch6782.c:578:5: error: implicit declaration of function ‘__asm_psrld’; did you mean ‘__asm_psrlq’? [-Wimplicit-function-declaration]
  578 |     __asm_psrld(__asm_movdqa(v1), 7);
      |     ^~~~~~~~~~~
      |     __asm_psrlq
dumps/vmtail-wide-1m-w16/vm_native_gap_retdec_batch6782.c: In function ‘function_4e5759’:
dumps/vmtail-wide-1m-w16/vm_native_gap_retdec_batch6782.c:599:19: error: implicit declaration of function ‘__asm_por_136’; did you mean ‘__asm_out_136’? [-Wimplicit-function-declaration]
  599 |     int128_t v6 = __asm_por_136(__asm_pslld_135(v4, 25), __asm_psrld(__asm_movdqa(v4), 7)); // 0x4e5773
      |                   ^~~~~~~~~~~~~
      |                   __asm_out_136
dumps/vmtail-wide-1m-w16/vm_native_gap_retdec_batch6782.c:599:33: error: implicit declaration of function ‘__asm_pslld_135’; did you mean ‘__asm_pslldq’? [-Wimplicit-function-declaration]
  599 |     int128_t v6 = __asm_por_136(__asm_pslld_135(v4, 25), __asm_psrld(__asm_movdqa(v4), 7)); // 0x4e5773
      |                                 ^~~~~~~~~~~~~~~
      |                                 __asm_pslldq
dumps/vmtail-wide-1m-w16/vm_native_gap_retdec_batch6782.c:603:19: error: implicit declaration of function ‘__asm_paddd’; did you mean ‘__asm_paddq’? [-Wimplicit-function-declaration]
  603 |     int128_t v9 = __asm_paddd(v1, v1); // 0x4e57b7
      |                   ^~~~~~~~~~~
      |                   __asm_paddq
dumps/vmtail-wide-1m-w16/vm_native_gap_retdec_batch6782.c: In function ‘function_4e5bf9’:
dumps/vmtail-wide-1m-w16/vm_native_gap_retdec_batch6782.c:632:5: error: implicit declaration of function ‘__asm_pshufhw’; did you mean ‘__asm_pshufd’? [-Wimplicit-function-declaration]
  632 |     __asm_pshufhw(__asm_pshuflw(v12, -79), -79);
      |     ^~~~~~~~~~~~~
      |     __asm_pshufd
dumps/vmtail-wide-1m-w16/vm_native_gap_retdec_batch6782.c:632:19: error: implicit declaration of function ‘__asm_pshuflw’; did you mean ‘__asm_pshufd’? [-Wimplicit-function-declaration]
  632 |     __asm_pshufhw(__asm_pshuflw(v12, -79), -79);
      |                   ^~~~~~~~~~~~~
      |                   __asm_pshufd
dumps/vmtail-wide-1m-w16/vm_native_gap_retdec_batch6782.c: In function ‘function_4e91f9’:
dumps/vmtail-wide-1m-w16/vm_native_gap_retdec_batch6782.c:684:5: error: implicit declaration of function ‘__asm_pshufb’; did you mean ‘__asm_pshufd’? [-Wimplicit-function-declaration]
  684 |     __asm_pshufb(v1, v1);
      |     ^~~~~~~~~~~~
      |     __asm_pshufd
dumps/vmtail-wide-1m-w16/vm_native_gap_retdec_batch6782.c:686:19: error: implicit declaration of function ‘__asm_pshufb_137’; did you mean ‘__asm_pshufd’? [-Wimplicit-function-declaration]
  686 |     int128_t v4 = __asm_pshufb_137(v3, v3); // 0x4e9200
      |                   ^~~~~~~~~~~~~~~~
      |                   __asm_pshufd
dumps/vmtail-wide-1m-w16/vm_native_gap_retdec_batch6782.c:701:20: error: implicit declaration of function ‘__asm_movaps_138’; did you mean ‘__asm_movaps_133’? [-Wimplicit-function-declaration]
  701 |     int128_t v17 = __asm_movaps_138(g1); // 0x4e9265
      |                    ^~~~~~~~~~~~~~~~
      |                    __asm_movaps_133
# elapsed 0.02s
quarantined_range_file	native_gap_retdec_batch6782.ranges	native_gap_retdec_batch6782.ranges.failed
removed_failed_sidecar	dumps/vmtail-wide-1m-w16/vm_native_gap_retdec_batch6782.c
salvage_batch_start	6782	128
salvage_try	0x4e4c39-0x4e4c41	batch=6782
salvage_try	0x4e4c41-0x4e4c49	batch=6783
salvage_try	0x4e4c49-0x4e4c51	batch=6784
salvage_try	0x4e4c55-0x4e4c59	batch=6785
salvage_try	0x4e4c69-0x4e4c71	batch=6786
salvage_try	0x4e4c79-0x4e4c81	batch=6787
salvage_try	0x4e4c81-0x4e4c89	batch=6788
salvage_try	0x4e4c91-0x4e4c99	batch=6789
salvage_try	0x4e4c99-0x4e4ca1	batch=6790
salvage_try	0x4e4ca9-0x4e4cb1	batch=6791
salvage_try	0x4e4cb1-0x4e4cb9	batch=6792
salvage_try	0x4e4cbf-0x4e4cc5	batch=6793
salvage_try	0x4e5759-0x4e5761	batch=6794
salvage_try	0x4e5761-0x4e5769	batch=6795
salvage_try	0x4e5769-0x4e576d	batch=6796
salvage_try	0x4e576d-0x4e5771	batch=6797
salvage_try	0x4e5771-0x4e5779	batch=6798
salvage_try	0x4e5779-0x4e5781	batch=6799
salvage_try	0x4e5781-0x4e5785	batch=6800
salvage_try	0x4e5785-0x4e5789	batch=6801
salvage_try	0x4e5789-0x4e5791	batch=6802
salvage_try	0x4e5791-0x4e5799	batch=6803
salvage_try	0x4e5799-0x4e579b	batch=6804
salvage_try	0x4e579b-0x4e579d	batch=6805
salvage_try	0x4e579d-0x4e57a1	batch=6806
salvage_try	0x4e57a1-0x4e57a9	batch=6807
salvage_try	0x4e57a9-0x4e57ab	batch=6808
salvage_try	0x4e57ab-0x4e57ad	batch=6809
salvage_try	0x4e57ad-0x4e57b1	batch=6810
salvage_try	0x4e57b1-0x4e57b9	batch=6811
salvage_try	0x4e57b9-0x4e57c1	batch=6812
salvage_try	0x4e57c1-0x4e57c5	batch=6813
salvage_try	0x4e57c5-0x4e57c9	batch=6814
salvage_try	0x4e57c9-0x4e57d1	batch=6815
salvage_try	0x4e57d1-0x4e57d9	batch=6816
salvage_try	0x4e57d9-0x4e57dd	batch=6817
salvage_try	0x4e57dd-0x4e57e1	batch=6818
salvage_try	0x4e57e1-0x4e57e5	batch=6819
salvage_try	0x4e57e5-0x4e57e9	batch=6820
salvage_try	0x4e5bf9-0x4e5c01	batch=6821
salvage_try	0x4e5c01-0x4e5c09	batch=6822
salvage_try	0x4e5c09-0x4e5c11	batch=6823
salvage_try	0x4e5c11-0x4e5c19	batch=6824
salvage_try	0x4e5c19-0x4e5c21	batch=6825
salvage_try	0x4e5c21-0x4e5c25	batch=6826
salvage_try	0x4e5c25-0x4e5c29	batch=6827
salvage_try	0x4e5c29-0x4e5c31	batch=6828
salvage_try	0x4e5c31-0x4e5c39	batch=6829
salvage_try	0x4e5c39-0x4e5c3d	batch=6830
salvage_try	0x4e5c3d-0x4e5c41	batch=6831
salvage_try	0x4e5c41-0x4e5c49	batch=6832
salvage_try	0x4e5c49-0x4e5c4d	batch=6833
salvage_try	0x4e5c4d-0x4e5c51	batch=6834
salvage_try	0x4e5c51-0x4e5c59	batch=6835
salvage_try	0x4e5c59-0x4e5c61	batch=6836
salvage_try	0x4e5c61-0x4e5c65	batch=6837
salvage_try	0x4e5c65-0x4e5c69	batch=6838
salvage_try	0x4e5c69-0x4e5c6d	batch=6839
salvage_try	0x4e5c6d-0x4e5c71	batch=6840
salvage_try	0x4e5c71-0x4e5c79	batch=6841
salvage_try	0x4e5c79-0x4e5c7f	batch=6842
salvage_try	0x4e5c7f-0x4e5c85	batch=6843
salvage_try	0x4e7ef9-0x4e7f01	batch=6844
salvage_try	0x4e7f01-0x4e7f05	batch=6845
salvage_try	0x4e7f05-0x4e7f07	batch=6846
salvage_try	0x4e7f07-0x4e7f09	batch=6847
salvage_try	0x4e7f09-0x4e7f11	batch=6848
salvage_try	0x4e7f11-0x4e7f19	batch=6849
salvage_try	0x4e7f19-0x4e7f1d	batch=6850
salvage_try	0x4e7f1d-0x4e7f21	batch=6851
salvage_try	0x4e7f21-0x4e7f29	batch=6852
salvage_try	0x4e7f29-0x4e7f2d	batch=6853
salvage_try	0x4e7f2d-0x4e7f31	batch=6854
salvage_try	0x4e7f31-0x4e7f39	batch=6855
salvage_try	0x4e7f39-0x4e7f41	batch=6856
salvage_try	0x4e7f41-0x4e7f45	batch=6857
salvage_try	0x4e7f45-0x4e7f49	batch=6858
salvage_try	0x4e7f49-0x4e7f51	batch=6859
salvage_try	0x4e7f51-0x4e7f55	batch=6860
salvage_try	0x4e7f55-0x4e7f59	batch=6861
salvage_try	0x4e7f59-0x4e7f5d	batch=6862
salvage_try	0x4e7f5d-0x4e7f61	batch=6863
salvage_try	0x4e7f61-0x4e7f65	batch=6864
salvage_try	0x4e7f65-0x4e7f69	batch=6865
salvage_try	0x4e7f69-0x4e7f6d	batch=6866
salvage_try	0x4e7f6d-0x4e7f71	batch=6867
salvage_try	0x4e7f71-0x4e7f79	batch=6868
salvage_try	0x4e7f79-0x4e7f7d	batch=6869
salvage_try	0x4e7f7d-0x4e7f81	batch=6870
salvage_try	0x4e7f81-0x4e7f89	batch=6871
salvage_try	0x4e8b49-0x4e8b51	batch=6872
salvage_try	0x4e8b51-0x4e8b59	batch=6873
salvage_try	0x4e8b59-0x4e8b61	batch=6874
salvage_try	0x4e91f9-0x4e91fd	batch=6875
salvage_try	0x4e91fd-0x4e9201	batch=6876
salvage_try	0x4e9201-0x4e9205	batch=6877
salvage_try	0x4e9205-0x4e9209	batch=6878
salvage_try	0x4e9209-0x4e920d	batch=6879
salvage_try	0x4e920d-0x4e9211	batch=6880
salvage_try	0x4e9211-0x4e9219	batch=6881
salvage_try	0x4e9219-0x4e921d	batch=6882
salvage_try	0x4e921d-0x4e921f	batch=6883
salvage_try	0x4e921f-0x4e9221	batch=6884
salvage_try	0x4e9221-0x4e9225	batch=6885
salvage_try	0x4e9225-0x4e9229	batch=6886
salvage_try	0x4e9229-0x4e9231	batch=6887
salvage_try	0x4e9231-0x4e9233	batch=6888
salvage_try	0x4e9233-0x4e9235	batch=6889
salvage_try	0x4e9235-0x4e9239	batch=6890
salvage_try	0x4e9239-0x4e9241	batch=6891
salvage_try	0x4e9241-0x4e9245	batch=6892
salvage_try	0x4e9245-0x4e9247	batch=6893
salvage_try	0x4e9247-0x4e9249	batch=6894
salvage_try	0x4e9249-0x4e9251	batch=6895
salvage_try	0x4e9251-0x4e9255	batch=6896
salvage_try	0x4e9255-0x4e9259	batch=6897
salvage_try	0x4e9259-0x4e925b	batch=6898
salvage_try	0x4e925b-0x4e925d	batch=6899
salvage_try	0x4e925d-0x4e9261	batch=6900
salvage_try	0x4e9261-0x4e9269	batch=6901
salvage_try	0x4e9269-0x4e9271	batch=6902
salvage_try	0x4e9271-0x4e9275	batch=6903
salvage_try	0x4e9275-0x4e9277	batch=6904
salvage_try	0x4e9277-0x4e9279	batch=6905
salvage_try	0x4e9279-0x4e927b	batch=6906
salvage_try	0x4e927b-0x4e927d	batch=6907
salvage_try	0x4e927d-0x4e9281	batch=6908
salvage_try	0x4e9281-0x4e9289	batch=6909
+ make -j 24 native-gap-retdec-batch6782 native-gap-retdec-batch6783 native-gap-retdec-batch6784 native-gap-retdec-batch6785 native-gap-retdec-batch6786 native-gap-retdec-batch6787 native-gap-retdec-batch6788 native-gap-retdec-batch6789 native-gap-retdec-batch6790 native-gap-retdec-batch6791 native-gap-retdec-batch6792 native-gap-retdec-batch6793 native-gap-retdec-batch6794 native-gap-retdec-batch6795 native-gap-retdec-batch6796 native-gap-retdec-batch6797 native-gap-retdec-batch6798 native-gap-retdec-batch6799 native-gap-retdec-batch6800 native-gap-retdec-batch6801 native-gap-retdec-batch6802 native-gap-retdec-batch6803 native-gap-retdec-batch6804 native-gap-retdec-batch6805 native-gap-retdec-batch6806 native-gap-retdec-batch6807 native-gap-retdec-batch6808 native-gap-retdec-batch6809 native-gap-retdec-batch6810 native-gap-retdec-batch6811 native-gap-retdec-batch6812 native-gap-retdec-batch6813 native-gap-retdec-batch6814 native-gap-retdec-batch6815 native-gap-retdec-batch6816 native-gap-retdec-batch6817 native-gap-retdec-batch6818 native-gap-retdec-batch6819 native-gap-retdec-batch6820 native-gap-retdec-batch6821 native-gap-retdec-batch6822 native-gap-retdec-batch6823 native-gap-retdec-batch6824 native-gap-retdec-batch6825 native-gap-retdec-batch6826 native-gap-retdec-batch6827 native-gap-retdec-batch6828 native-gap-retdec-batch6829 native-gap-retdec-batch6830 native-gap-retdec-batch6831 native-gap-retdec-batch6832 native-gap-retdec-batch6833 native-gap-retdec-batch6834 native-gap-retdec-batch6835 native-gap-retdec-batch6836 native-gap-retdec-batch6837 native-gap-retdec-batch6838 native-gap-retdec-batch6839 native-gap-retdec-batch6840 native-gap-retdec-batch6841 native-gap-retdec-batch6842 native-gap-retdec-batch6843 native-gap-retdec-batch6844 native-gap-retdec-batch6845 native-gap-retdec-batch6846 native-gap-retdec-batch6847 native-gap-retdec-batch6848 native-gap-retdec-batch6849 native-gap-retdec-batch6850 native-gap-retdec-batch6851 native-gap-retdec-batch6852 native-gap-retdec-batch6853 native-gap-retdec-batch6854 native-gap-retdec-batch6855 native-gap-retdec-batch6856 native-gap-retdec-batch6857 native-gap-retdec-batch6858 native-gap-retdec-batch6859 native-gap-retdec-batch6860 native-gap-retdec-batch6861 native-gap-retdec-batch6862 native-gap-retdec-batch6863 native-gap-retdec-batch6864 native-gap-retdec-batch6865 native-gap-retdec-batch6866 native-gap-retdec-batch6867 native-gap-retdec-batch6868 native-gap-retdec-batch6869 native-gap-retdec-batch6870 native-gap-retdec-batch6871 native-gap-retdec-batch6872 native-gap-retdec-batch6873 native-gap-retdec-batch6874 native-gap-retdec-batch6875 native-gap-retdec-batch6876 native-gap-retdec-batch6877 native-gap-retdec-batch6878 native-gap-retdec-batch6879 native-gap-retdec-batch6880 native-gap-retdec-batch6881 native-gap-retdec-batch6882 native-gap-retdec-batch6883 native-gap-retdec-batch6884 native-gap-retdec-batch6885 native-gap-retdec-batch6886 native-gap-retdec-batch6887 native-gap-retdec-batch6888 native-gap-retdec-batch6889 native-gap-retdec-batch6890 native-gap-retdec-batch6891 native-gap-retdec-batch6892 native-gap-retdec-batch6893 native-gap-retdec-batch6894 native-gap-retdec-batch6895 native-gap-retdec-batch6896 native-gap-retdec-batch6897 native-gap-retdec-batch6898 native-gap-retdec-batch6899 native-gap-retdec-batch6900 native-gap-retdec-batch6901 native-gap-retdec-batch6902 native-gap-retdec-batch6903 native-gap-retdec-batch6904 native-gap-retdec-batch6905 native-gap-retdec-batch6906 native-gap-retdec-batch6907 native-gap-retdec-batch6908 native-gap-retdec-batch6909
make dumps/vmtail-wide-1m-w16/vm_native_gap_retdec_batch6782.c
make dumps/vmtail-wide-1m-w16/vm_native_gap_retdec_batch6783.c
make dumps/vmtail-wide-1m-w16/vm_native_gap_retdec_batch6784.c
make dumps/vmtail-wide-1m-w16/vm_native_gap_retdec_batch6785.c
make dumps/vmtail-wide-1m-w16/vm_native_gap_retdec_batch6786.c
make dumps/vmtail-wide-1m-w16/vm_native_gap_retdec_batch6787.c
make dumps/vmtail-wide-1m-w16/vm_native_gap_retdec_batch6788.c
make dumps/vmtail-wide-1m-w16/vm_native_gap_retdec_batch6789.c
make dumps/vmtail-wide-1m-w16/vm_native_gap_retdec_batch6790.c
make dumps/vmtail-wide-1m-w16/vm_native_gap_retdec_batch6791.c
make dumps/vmtail-wide-1m-w16/vm_native_gap_retdec_batch6792.c
make dumps/vmtail-wide-1m-w16/vm_native_gap_retdec_batch6793.c
make dumps/vmtail-wide-1m-w16/vm_native_gap_retdec_batch6794.c
make dumps/vmtail-wide-1m-w16/vm_native_gap_retdec_batch6795.c
make dumps/vmtail-wide-1m-w16/vm_native_gap_retdec_batch6796.c
make dumps/vmtail-wide-1m-w16/vm_native_gap_retdec_batch6797.c
make dumps/vmtail-wide-1m-w16/vm_native_gap_retdec_batch6798.c
make dumps/vmtail-wide-1m-w16/vm_native_gap_retdec_batch6799.c
make dumps/vmtail-wide-1m-w16/vm_native_gap_retdec_batch6800.c
make dumps/vmtail-wide-1m-w16/vm_native_gap_retdec_batch6801.c
make dumps/vmtail-wide-1m-w16/vm_native_gap_retdec_batch6802.c
make dumps/vmtail-wide-1m-w16/vm_native_gap_retdec_batch6803.c
make dumps/vmtail-wide-1m-w16/vm_native_gap_retdec_batch6804.c
make dumps/vmtail-wide-1m-w16/vm_native_gap_retdec_batch6805.c
make[1]: Entering directory '/models/dev/sc-rev/eac/eacsym'
python3 vm_native_gap_retdec_batch.py --batch-index 6792 --ranges-file native_gap_retdec_batch6792.ranges > dumps/vmtail-wide-1m-w16/vm_native_gap_retdec_batch6792.c
make[1]: Entering directory '/models/dev/sc-rev/eac/eacsym'
python3 vm_native_gap_retdec_batch.py --batch-index 6804 --ranges-file native_gap_retdec_batch6804.ranges > dumps/vmtail-wide-1m-w16/vm_native_gap_retdec_batch6804.c
make[1]: Entering directory '/models/dev/sc-rev/eac/eacsym'
python3 vm_native_gap_retdec_batch.py --batch-index 6794 --ranges-file native_gap_retdec_batch6794.ranges > dumps/vmtail-wide-1m-w16/vm_native_gap_retdec_batch6794.c
make[1]: Entering directory '/models/dev/sc-rev/eac/eacsym'
python3 vm_native_gap_retdec_batch.py --batch-index 6803 --ranges-file native_gap_retdec_batch6803.ranges > dumps/vmtail-wide-1m-w16/vm_native_gap_retdec_batch6803.c
make[1]: Entering directory '/models/dev/sc-rev/eac/eacsym'
python3 vm_native_gap_retdec_batch.py --batch-index 6805 --ranges-file native_gap_retdec_batch6805.ranges > dumps/vmtail-wide-1m-w16/vm_native_gap_retdec_batch6805.c
make[1]: Entering directory '/models/dev/sc-rev/eac/eacsym'
python3 vm_native_gap_retdec_batch.py --batch-index 6802 --ranges-file native_gap_retdec_batch6802.ranges > dumps/vmtail-wide-1m-w16/vm_native_gap_retdec_batch6802.c
make[1]: Entering directory '/models/dev/sc-rev/eac/eacsym'
python3 vm_native_gap_retdec_batch.py --batch-index 6800 --ranges-file native_gap_retdec_batch6800.ranges > dumps/vmtail-wide-1m-w16/vm_native_gap_retdec_batch6800.c
make[1]: Entering directory '/models/dev/sc-rev/eac/eacsym'
python3 vm_native_gap_retdec_batch.py --batch-index 6798 --ranges-file native_gap_retdec_batch6798.ranges > dumps/vmtail-wide-1m-w16/vm_native_gap_retdec_batch6798.c
make[1]: Entering directory '/models/dev/sc-rev/eac/eacsym'
python3 vm_native_gap_retdec_batch.py --batch-index 6788 --ranges-file native_gap_retdec_batch6788.ranges > dumps/vmtail-wide-1m-w16/vm_native_gap_retdec_batch6788.c
make[1]: Entering directory '/models/dev/sc-rev/eac/eacsym'
python3 vm_native_gap_retdec_batch.py --batch-index 6801 --ranges-file native_gap_retdec_batch6801.ranges > dumps/vmtail-wide-1m-w16/vm_native_gap_retdec_batch6801.c
make[1]: Entering directory '/models/dev/sc-rev/eac/eacsym'
python3 vm_native_gap_retdec_batch.py --batch-index 6782 --ranges-file native_gap_retdec_batch6782.ranges > dumps/vmtail-wide-1m-w16/vm_native_gap_retdec_batch6782.c
make[1]: Entering directory '/models/dev/sc-rev/eac/eacsym'
python3 vm_native_gap_retdec_batch.py --batch-index 6783 --ranges-file native_gap_retdec_batch6783.ranges > dumps/vmtail-wide-1m-w16/vm_native_gap_retdec_batch6783.c
make[1]: Entering directory '/models/dev/sc-rev/eac/eacsym'
python3 vm_native_gap_retdec_batch.py --batch-index 6784 --ranges-file native_gap_retdec_batch6784.ranges > dumps/vmtail-wide-1m-w16/vm_native_gap_retdec_batch6784.c
make[1]: Entering directory '/models/dev/sc-rev/eac/eacsym'
make[1]: Entering directory '/models/dev/sc-rev/eac/eacsym'
python3 vm_native_gap_retdec_batch.py --batch-index 6785 --ranges-file native_gap_retdec_batch6785.ranges > dumps/vmtail-wide-1m-w16/vm_native_gap_retdec_batch6785.c
python3 vm_native_gap_retdec_batch.py --batch-index 6786 --ranges-file native_gap_retdec_batch6786.ranges > dumps/vmtail-wide-1m-w16/vm_native_gap_retdec_batch6786.c
make[1]: Entering directory '/models/dev/sc-rev/eac/eacsym'
python3 vm_native_gap_retdec_batch.py --batch-index 6790 --ranges-file native_gap_retdec_batch6790.ranges > dumps/vmtail-wide-1m-w16/vm_native_gap_retdec_batch6790.c
make[1]: Entering directory '/models/dev/sc-rev/eac/eacsym'
python3 vm_native_gap_retdec_batch.py --batch-index 6787 --ranges-file native_gap_retdec_batch6787.ranges > dumps/vmtail-wide-1m-w16/vm_native_gap_retdec_batch6787.c
make[1]: Entering directory '/models/dev/sc-rev/eac/eacsym'
python3 vm_native_gap_retdec_batch.py --batch-index 6791 --ranges-file native_gap_retdec_batch6791.ranges > dumps/vmtail-wide-1m-w16/vm_native_gap_retdec_batch6791.c
make[1]: Entering directory '/models/dev/sc-rev/eac/eacsym'
python3 vm_native_gap_retdec_batch.py --batch-index 6789 --ranges-file native_gap_retdec_batch6789.ranges > dumps/vmtail-wide-1m-w16/vm_native_gap_retdec_batch6789.c
make[1]: Entering directory '/models/dev/sc-rev/eac/eacsym'
python3 vm_native_gap_retdec_batch.py --batch-index 6793 --ranges-file native_gap_retdec_batch6793.ranges > dumps/vmtail-wide-1m-w16/vm_native_gap_retdec_batch6793.c
make[1]: Entering directory '/models/dev/sc-rev/eac/eacsym'
python3 vm_native_gap_retdec_batch.py --batch-index 6795 --ranges-file native_gap_retdec_batch6795.ranges > dumps/vmtail-wide-1m-w16/vm_native_gap_retdec_batch6795.c
make[1]: Entering directory '/models/dev/sc-rev/eac/eacsym'
python3 vm_native_gap_retdec_batch.py --batch-index 6796 --ranges-file native_gap_retdec_batch6796.ranges > dumps/vmtail-wide-1m-w16/vm_native_gap_retdec_batch6796.c
make[1]: Entering directory '/models/dev/sc-rev/eac/eacsym'
python3 vm_native_gap_retdec_batch.py --batch-index 6797 --ranges-file native_gap_retdec_batch6797.ranges > dumps/vmtail-wide-1m-w16/vm_native_gap_retdec_batch6797.c
make[1]: Entering directory '/models/dev/sc-rev/eac/eacsym'
python3 vm_native_gap_retdec_batch.py --batch-index 6799 --ranges-file native_gap_retdec_batch6799.ranges > dumps/vmtail-wide-1m-w16/vm_native_gap_retdec_batch6799.c
native_gap_retdec_batch=6795
native_gap_retdec_selected_ranges=1
native_gap_retdec_batch=6805
native_gap_retdec_selected_ranges=1
native_gap_retdec_batch=6790
native_gap_retdec_selected_ranges=1
make[1]: Leaving directory '/models/dev/sc-rev/eac/eacsym'
make dumps/vmtail-wide-1m-w16/vm_native_gap_retdec_batch6806.c
make[1]: Leaving directory '/models/dev/sc-rev/eac/eacsym'
make dumps/vmtail-wide-1m-w16/vm_native_gap_retdec_batch6807.c
make[1]: Leaving directory '/models/dev/sc-rev/eac/eacsym'
make dumps/vmtail-wide-1m-w16/vm_native_gap_retdec_batch6808.c
make[1]: Entering directory '/models/dev/sc-rev/eac/eacsym'
python3 vm_native_gap_retdec_batch.py --batch-index 6806 --ranges-file native_gap_retdec_batch6806.ranges > dumps/vmtail-wide-1m-w16/vm_native_gap_retdec_batch6806.c
make[1]: Entering directory '/models/dev/sc-rev/eac/eacsym'
python3 vm_native_gap_retdec_batch.py --batch-index 6808 --ranges-file native_gap_retdec_batch6808.ranges > dumps/vmtail-wide-1m-w16/vm_native_gap_retdec_batch6808.c
make[1]: Entering directory '/models/dev/sc-rev/eac/eacsym'
python3 vm_native_gap_retdec_batch.py --batch-index 6807 --ranges-file native_gap_retdec_batch6807.ranges > dumps/vmtail-wide-1m-w16/vm_native_gap_retdec_batch6807.c
native_gap_retdec_batch=6786
native_gap_retdec_selected_ranges=1
make[1]: Leaving directory '/models/dev/sc-rev/eac/eacsym'
make dumps/vmtail-wide-1m-w16/vm_native_gap_retdec_batch6809.c
native_gap_retdec_batch=6796
native_gap_retdec_selected_ranges=1
make[1]: Leaving directory '/models/dev/sc-rev/eac/eacsym'
make dumps/vmtail-wide-1m-w16/vm_native_gap_retdec_batch6810.c
native_gap_retdec_batch=6792
native_gap_retdec_selected_ranges=1
make[1]: Leaving directory '/models/dev/sc-rev/eac/eacsym'
make dumps/vmtail-wide-1m-w16/vm_native_gap_retdec_batch6811.c
make[1]: Entering directory '/models/dev/sc-rev/eac/eacsym'
python3 vm_native_gap_retdec_batch.py --batch-index 6809 --ranges-file native_gap_retdec_batch6809.ranges > dumps/vmtail-wide-1m-w16/vm_native_gap_retdec_batch6809.c
make[1]: Entering directory '/models/dev/sc-rev/eac/eacsym'
python3 vm_native_gap_retdec_batch.py --batch-index 6810 --ranges-file native_gap_retdec_batch6810.ranges > dumps/vmtail-wide-1m-w16/vm_native_gap_retdec_batch6810.c
make[1]: Entering directory '/models/dev/sc-rev/eac/eacsym'
python3 vm_native_gap_retdec_batch.py --batch-index 6811 --ranges-file native_gap_retdec_batch6811.ranges > dumps/vmtail-wide-1m-w16/vm_native_gap_retdec_batch6811.c
native_gap_retdec_batch=6803
native_gap_retdec_selected_ranges=1
make[1]: Leaving directory '/models/dev/sc-rev/eac/eacsym'
make dumps/vmtail-wide-1m-w16/vm_native_gap_retdec_batch6812.c
make[1]: Entering directory '/models/dev/sc-rev/eac/eacsym'
python3 vm_native_gap_retdec_batch.py --batch-index 6812 --ranges-file native_gap_retdec_batch6812.ranges > dumps/vmtail-wide-1m-w16/vm_native_gap_retdec_batch6812.c
native_gap_retdec_batch=6798
native_gap_retdec_selected_ranges=1
native_gap_retdec_batch=6804
native_gap_retdec_selected_ranges=1
make[1]: Leaving directory '/models/dev/sc-rev/eac/eacsym'
make[1]: Leaving directory '/models/dev/sc-rev/eac/eacsym'
make dumps/vmtail-wide-1m-w16/vm_native_gap_retdec_batch6813.c
make dumps/vmtail-wide-1m-w16/vm_native_gap_retdec_batch6814.c
native_gap_retdec_batch=6793
native_gap_retdec_selected_ranges=1
native_gap_retdec_batch=6785
native_gap_retdec_selected_ranges=1
make[1]: Leaving directory '/models/dev/sc-rev/eac/eacsym'
make dumps/vmtail-wide-1m-w16/vm_native_gap_retdec_batch6815.c
native_gap_retdec_batch=6799
native_gap_retdec_selected_ranges=1
make[1]: Leaving directory '/models/dev/sc-rev/eac/eacsym'
make dumps/vmtail-wide-1m-w16/vm_native_gap_retdec_batch6816.c
make[1]: Leaving directory '/models/dev/sc-rev/eac/eacsym'
make dumps/vmtail-wide-1m-w16/vm_native_gap_retdec_batch6817.c
native_gap_retdec_batch=6794
native_gap_retdec_selected_ranges=1
native_gap_retdec_batch=6802
native_gap_retdec_selected_ranges=1
make[1]: Entering directory '/models/dev/sc-rev/eac/eacsym'
python3 vm_native_gap_retdec_batch.py --batch-index 6814 --ranges-file native_gap_retdec_batch6814.ranges > dumps/vmtail-wide-1m-w16/vm_native_gap_retdec_batch6814.c
native_gap_retdec_batch=6791
native_gap_retdec_selected_ranges=1
native_gap_retdec_batch=6800
native_gap_retdec_selected_ranges=1
make[1]: Entering directory '/models/dev/sc-rev/eac/eacsym'
python3 vm_native_gap_retdec_batch.py --batch-index 6813 --ranges-file native_gap_retdec_batch6813.ranges > dumps/vmtail-wide-1m-w16/vm_native_gap_retdec_batch6813.c
native_gap_retdec_batch=6788
native_gap_retdec_selected_ranges=1
native_gap_retdec_batch=6801
native_gap_retdec_selected_ranges=1
make[1]: Leaving directory '/models/dev/sc-rev/eac/eacsym'
make dumps/vmtail-wide-1m-w16/vm_native_gap_retdec_batch6818.c
make[1]: Leaving directory '/models/dev/sc-rev/eac/eacsym'
make dumps/vmtail-wide-1m-w16/vm_native_gap_retdec_batch6819.c
make[1]: Leaving directory '/models/dev/sc-rev/eac/eacsym'
make dumps/vmtail-wide-1m-w16/vm_native_gap_retdec_batch6820.c
make[1]: Leaving directory '/models/dev/sc-rev/eac/eacsym'
native_gap_retdec_batch=6797
native_gap_retdec_selected_ranges=1
make[1]: Leaving directory '/models/dev/sc-rev/eac/eacsym'
make dumps/vmtail-wide-1m-w16/vm_native_gap_retdec_batch6821.c
native_gap_retdec_batch=6782
native_gap_retdec_selected_ranges=1
make[1]: Leaving directory '/models/dev/sc-rev/eac/eacsym'
make dumps/vmtail-wide-1m-w16/vm_native_gap_retdec_batch6822.c
make dumps/vmtail-wide-1m-w16/vm_native_gap_retdec_batch6823.c
native_gap_retdec_batch=6784
native_gap_retdec_selected_ranges=1
make[1]: Entering directory '/models/dev/sc-rev/eac/eacsym'
python3 vm_native_gap_retdec_batch.py --batch-index 6815 --ranges-file native_gap_retdec_batch6815.ranges > dumps/vmtail-wide-1m-w16/vm_native_gap_retdec_batch6815.c
make[1]: Leaving directory '/models/dev/sc-rev/eac/eacsym'
make[1]: Leaving directory '/models/dev/sc-rev/eac/eacsym'
make dumps/vmtail-wide-1m-w16/vm_native_gap_retdec_batch6824.c
make dumps/vmtail-wide-1m-w16/vm_native_gap_retdec_batch6825.c
make[1]: Entering directory '/models/dev/sc-rev/eac/eacsym'
python3 vm_native_gap_retdec_batch.py --batch-index 6816 --ranges-file native_gap_retdec_batch6816.ranges > dumps/vmtail-wide-1m-w16/vm_native_gap_retdec_batch6816.c
make[1]: Leaving directory '/models/dev/sc-rev/eac/eacsym'
make dumps/vmtail-wide-1m-w16/vm_native_gap_retdec_batch6826.c
native_gap_retdec_batch=6787
native_gap_retdec_selected_ranges=1
make[1]: Entering directory '/models/dev/sc-rev/eac/eacsym'
python3 vm_native_gap_retdec_batch.py --batch-index 6817 --ranges-file native_gap_retdec_batch6817.ranges > dumps/vmtail-wide-1m-w16/vm_native_gap_retdec_batch6817.c
make[1]: Entering directory '/models/dev/sc-rev/eac/eacsym'
python3 vm_native_gap_retdec_batch.py --batch-index 6818 --ranges-file native_gap_retdec_batch6818.ranges > dumps/vmtail-wide-1m-w16/vm_native_gap_retdec_batch6818.c
make[1]: Leaving directory '/models/dev/sc-rev/eac/eacsym'
make dumps/vmtail-wide-1m-w16/vm_native_gap_retdec_batch6827.c
make[1]: Entering directory '/models/dev/sc-rev/eac/eacsym'
python3 vm_native_gap_retdec_batch.py --batch-index 6819 --ranges-file native_gap_retdec_batch6819.ranges > dumps/vmtail-wide-1m-w16/vm_native_gap_retdec_batch6819.c
make[1]: Entering directory '/models/dev/sc-rev/eac/eacsym'
python3 vm_native_gap_retdec_batch.py --batch-index 6823 --ranges-file native_gap_retdec_batch6823.ranges > dumps/vmtail-wide-1m-w16/vm_native_gap_retdec_batch6823.c
make[1]: Entering directory '/models/dev/sc-rev/eac/eacsym'
python3 vm_native_gap_retdec_batch.py --batch-index 6820 --ranges-file native_gap_retdec_batch6820.ranges > dumps/vmtail-wide-1m-w16/vm_native_gap_retdec_batch6820.c
native_gap_retdec_batch=6783
native_gap_retdec_selected_ranges=1
make[1]: Entering directory '/models/dev/sc-rev/eac/eacsym'
python3 vm_native_gap_retdec_batch.py --batch-index 6822 --ranges-file native_gap_retdec_batch6822.ranges > dumps/vmtail-wide-1m-w16/vm_native_gap_retdec_batch6822.c
make[1]: Entering directory '/models/dev/sc-rev/eac/eacsym'
python3 vm_native_gap_retdec_batch.py --batch-index 6821 --ranges-file native_gap_retdec_batch6821.ranges > dumps/vmtail-wide-1m-w16/vm_native_gap_retdec_batch6821.c
make[1]: Leaving directory '/models/dev/sc-rev/eac/eacsym'
make dumps/vmtail-wide-1m-w16/vm_native_gap_retdec_batch6828.c
make[1]: Entering directory '/models/dev/sc-rev/eac/eacsym'
python3 vm_native_gap_retdec_batch.py --batch-index 6825 --ranges-file native_gap_retdec_batch6825.ranges > dumps/vmtail-wide-1m-w16/vm_native_gap_retdec_batch6825.c
make[1]: Entering directory '/models/dev/sc-rev/eac/eacsym'
python3 vm_native_gap_retdec_batch.py --batch-index 6824 --ranges-file native_gap_retdec_batch6824.ranges > dumps/vmtail-wide-1m-w16/vm_native_gap_retdec_batch6824.c
make[1]: Entering directory '/models/dev/sc-rev/eac/eacsym'
python3 vm_native_gap_retdec_batch.py --batch-index 6826 --ranges-file native_gap_retdec_batch6826.ranges > dumps/vmtail-wide-1m-w16/vm_native_gap_retdec_batch6826.c
make[1]: Entering directory '/models/dev/sc-rev/eac/eacsym'
python3 vm_native_gap_retdec_batch.py --batch-index 6827 --ranges-file native_gap_retdec_batch6827.ranges > dumps/vmtail-wide-1m-w16/vm_native_gap_retdec_batch6827.c
make[1]: Entering directory '/models/dev/sc-rev/eac/eacsym'
python3 vm_native_gap_retdec_batch.py --batch-index 6828 --ranges-file native_gap_retdec_batch6828.ranges > dumps/vmtail-wide-1m-w16/vm_native_gap_retdec_batch6828.c
native_gap_retdec_batch=6789
native_gap_retdec_selected_ranges=1
make[1]: Leaving directory '/models/dev/sc-rev/eac/eacsym'
make dumps/vmtail-wide-1m-w16/vm_native_gap_retdec_batch6829.c
make[1]: Entering directory '/models/dev/sc-rev/eac/eacsym'
python3 vm_native_gap_retdec_batch.py --batch-index 6829 --ranges-file native_gap_retdec_batch6829.ranges > dumps/vmtail-wide-1m-w16/vm_native_gap_retdec_batch6829.c
native_gap_retdec_batch=6807
native_gap_retdec_selected_ranges=1
make[1]: Leaving directory '/models/dev/sc-rev/eac/eacsym'
make dumps/vmtail-wide-1m-w16/vm_native_gap_retdec_batch6830.c
make[1]: Entering directory '/models/dev/sc-rev/eac/eacsym'
python3 vm_native_gap_retdec_batch.py --batch-index 6830 --ranges-file native_gap_retdec_batch6830.ranges > dumps/vmtail-wide-1m-w16/vm_native_gap_retdec_batch6830.c
native_gap_retdec_batch=6806
native_gap_retdec_selected_ranges=1
make[1]: Leaving directory '/models/dev/sc-rev/eac/eacsym'
make dumps/vmtail-wide-1m-w16/vm_native_gap_retdec_batch6831.c
make[1]: Entering directory '/models/dev/sc-rev/eac/eacsym'
python3 vm_native_gap_retdec_batch.py --batch-index 6831 --ranges-file native_gap_retdec_batch6831.ranges > dumps/vmtail-wide-1m-w16/vm_native_gap_retdec_batch6831.c
native_gap_retdec_batch=6809
native_gap_retdec_selected_ranges=1
make[1]: Leaving directory '/models/dev/sc-rev/eac/eacsym'
make dumps/vmtail-wide-1m-w16/vm_native_gap_retdec_batch6832.c
native_gap_retdec_batch=6808
native_gap_retdec_selected_ranges=1
make[1]: Leaving directory '/models/dev/sc-rev/eac/eacsym'
make[1]: Entering directory '/models/dev/sc-rev/eac/eacsym'
python3 vm_native_gap_retdec_batch.py --batch-index 6832 --ranges-file native_gap_retdec_batch6832.ranges > dumps/vmtail-wide-1m-w16/vm_native_gap_retdec_batch6832.c
make dumps/vmtail-wide-1m-w16/vm_native_gap_retdec_batch6833.c
native_gap_retdec_batch=6811
native_gap_retdec_selected_ranges=1
make[1]: Leaving directory '/models/dev/sc-rev/eac/eacsym'
make dumps/vmtail-wide-1m-w16/vm_native_gap_retdec_batch6834.c
make[1]: Entering directory '/models/dev/sc-rev/eac/eacsym'
python3 vm_native_gap_retdec_batch.py --batch-index 6833 --ranges-file native_gap_retdec_batch6833.ranges > dumps/vmtail-wide-1m-w16/vm_native_gap_retdec_batch6833.c
make[1]: Entering directory '/models/dev/sc-rev/eac/eacsym'
python3 vm_native_gap_retdec_batch.py --batch-index 6834 --ranges-file native_gap_retdec_batch6834.ranges > dumps/vmtail-wide-1m-w16/vm_native_gap_retdec_batch6834.c
native_gap_retdec_batch=6820
native_gap_retdec_selected_ranges=1
make[1]: Leaving directory '/models/dev/sc-rev/eac/eacsym'
make dumps/vmtail-wide-1m-w16/vm_native_gap_retdec_batch6835.c
native_gap_retdec_batch=6810
native_gap_retdec_selected_ranges=1
make[1]: Entering directory '/models/dev/sc-rev/eac/eacsym'
python3 vm_native_gap_retdec_batch.py --batch-index 6835 --ranges-file native_gap_retdec_batch6835.ranges > dumps/vmtail-wide-1m-w16/vm_native_gap_retdec_batch6835.c
make[1]: Leaving directory '/models/dev/sc-rev/eac/eacsym'
make dumps/vmtail-wide-1m-w16/vm_native_gap_retdec_batch6836.c
native_gap_retdec_batch=6817
native_gap_retdec_selected_ranges=1
make[1]: Leaving directory '/models/dev/sc-rev/eac/eacsym'
make dumps/vmtail-wide-1m-w16/vm_native_gap_retdec_batch6837.c
make[1]: Entering directory '/models/dev/sc-rev/eac/eacsym'
python3 vm_native_gap_retdec_batch.py --batch-index 6836 --ranges-file native_gap_retdec_batch6836.ranges > dumps/vmtail-wide-1m-w16/vm_native_gap_retdec_batch6836.c
native_gap_retdec_batch=6827
native_gap_retdec_selected_ranges=1
native_gap_retdec_batch=6812
native_gap_retdec_selected_ranges=1
make[1]: Entering directory '/models/dev/sc-rev/eac/eacsym'
python3 vm_native_gap_retdec_batch.py --batch-index 6837 --ranges-file native_gap_retdec_batch6837.ranges > dumps/vmtail-wide-1m-w16/vm_native_gap_retdec_batch6837.c
make[1]: Leaving directory '/models/dev/sc-rev/eac/eacsym'
make dumps/vmtail-wide-1m-w16/vm_native_gap_retdec_batch6838.c
make[1]: Leaving directory '/models/dev/sc-rev/eac/eacsym'
make dumps/vmtail-wide-1m-w16/vm_native_gap_retdec_batch6839.c
native_gap_retdec_batch=6828
native_gap_retdec_selected_ranges=1
make[1]: Leaving directory '/models/dev/sc-rev/eac/eacsym'
make dumps/vmtail-wide-1m-w16/vm_native_gap_retdec_batch6840.c
native_gap_retdec_batch=6813
native_gap_retdec_selected_ranges=1
make[1]: Entering directory '/models/dev/sc-rev/eac/eacsym'
python3 vm_native_gap_retdec_batch.py --batch-index 6838 --ranges-file native_gap_retdec_batch6838.ranges > dumps/vmtail-wide-1m-w16/vm_native_gap_retdec_batch6838.c
make[1]: Leaving directory '/models/dev/sc-rev/eac/eacsym'
make dumps/vmtail-wide-1m-w16/vm_native_gap_retdec_batch6841.c
make[1]: Entering directory '/models/dev/sc-rev/eac/eacsym'
python3 vm_native_gap_retdec_batch.py --batch-index 6839 --ranges-file native_gap_retdec_batch6839.ranges > dumps/vmtail-wide-1m-w16/vm_native_gap_retdec_batch6839.c
make[1]: Entering directory '/models/dev/sc-rev/eac/eacsym'
python3 vm_native_gap_retdec_batch.py --batch-index 6840 --ranges-file native_gap_retdec_batch6840.ranges > dumps/vmtail-wide-1m-w16/vm_native_gap_retdec_batch6840.c
native_gap_retdec_batch=6829
native_gap_retdec_selected_ranges=1
make[1]: Leaving directory '/models/dev/sc-rev/eac/eacsym'
make dumps/vmtail-wide-1m-w16/vm_native_gap_retdec_batch6842.c
make[1]: Entering directory '/models/dev/sc-rev/eac/eacsym'
python3 vm_native_gap_retdec_batch.py --batch-index 6841 --ranges-file native_gap_retdec_batch6841.ranges > dumps/vmtail-wide-1m-w16/vm_native_gap_retdec_batch6841.c
native_gap_retdec_batch=6814
native_gap_retdec_selected_ranges=1
make[1]: Entering directory '/models/dev/sc-rev/eac/eacsym'
python3 vm_native_gap_retdec_batch.py --batch-index 6842 --ranges-file native_gap_retdec_batch6842.ranges > dumps/vmtail-wide-1m-w16/vm_native_gap_retdec_batch6842.c
make[1]: Leaving directory '/models/dev/sc-rev/eac/eacsym'
make dumps/vmtail-wide-1m-w16/vm_native_gap_retdec_batch6843.c
native_gap_retdec_batch=6823
native_gap_retdec_selected_ranges=1
make[1]: Leaving directory '/models/dev/sc-rev/eac/eacsym'
make dumps/vmtail-wide-1m-w16/vm_native_gap_retdec_batch6844.c
native_gap_retdec_batch=6816
native_gap_retdec_selected_ranges=1
make[1]: Leaving directory '/models/dev/sc-rev/eac/eacsym'
make dumps/vmtail-wide-1m-w16/vm_native_gap_retdec_batch6845.c
make[1]: Entering directory '/models/dev/sc-rev/eac/eacsym'
python3 vm_native_gap_retdec_batch.py --batch-index 6843 --ranges-file native_gap_retdec_batch6843.ranges > dumps/vmtail-wide-1m-w16/vm_native_gap_retdec_batch6843.c
make[1]: Entering directory '/models/dev/sc-rev/eac/eacsym'
python3 vm_native_gap_retdec_batch.py --batch-index 6844 --ranges-file native_gap_retdec_batch6844.ranges > dumps/vmtail-wide-1m-w16/vm_native_gap_retdec_batch6844.c
native_gap_retdec_batch=6818
native_gap_retdec_selected_ranges=1
make[1]: Entering directory '/models/dev/sc-rev/eac/eacsym'
python3 vm_native_gap_retdec_batch.py --batch-index 6845 --ranges-file native_gap_retdec_batch6845.ranges > dumps/vmtail-wide-1m-w16/vm_native_gap_retdec_batch6845.c
native_gap_retdec_batch=6821
native_gap_retdec_selected_ranges=1
native_gap_retdec_batch=6825
native_gap_retdec_selected_ranges=1
make[1]: Leaving directory '/models/dev/sc-rev/eac/eacsym'
make dumps/vmtail-wide-1m-w16/vm_native_gap_retdec_batch6846.c
native_gap_retdec_batch=6815
native_gap_retdec_selected_ranges=1
make[1]: Leaving directory '/models/dev/sc-rev/eac/eacsym'
make dumps/vmtail-wide-1m-w16/vm_native_gap_retdec_batch6847.c
native_gap_retdec_batch=6824
native_gap_retdec_selected_ranges=1
make[1]: Leaving directory '/models/dev/sc-rev/eac/eacsym'
make dumps/vmtail-wide-1m-w16/vm_native_gap_retdec_batch6848.c
make[1]: Leaving directory '/models/dev/sc-rev/eac/eacsym'
make dumps/vmtail-wide-1m-w16/vm_native_gap_retdec_batch6849.c
make[1]: Leaving directory '/models/dev/sc-rev/eac/eacsym'
make dumps/vmtail-wide-1m-w16/vm_native_gap_retdec_batch6850.c
native_gap_retdec_batch=6819
native_gap_retdec_selected_ranges=1
make[1]: Entering directory '/models/dev/sc-rev/eac/eacsym'
python3 vm_native_gap_retdec_batch.py --batch-index 6846 --ranges-file native_gap_retdec_batch6846.ranges > dumps/vmtail-wide-1m-w16/vm_native_gap_retdec_batch6846.c
make[1]: Entering directory '/models/dev/sc-rev/eac/eacsym'
python3 vm_native_gap_retdec_batch.py --batch-index 6847 --ranges-file native_gap_retdec_batch6847.ranges > dumps/vmtail-wide-1m-w16/vm_native_gap_retdec_batch6847.c
native_gap_retdec_batch=6822
native_gap_retdec_selected_ranges=1
make[1]: Leaving directory '/models/dev/sc-rev/eac/eacsym'
make[1]: Entering directory '/models/dev/sc-rev/eac/eacsym'
python3 vm_native_gap_retdec_batch.py --batch-index 6848 --ranges-file native_gap_retdec_batch6848.ranges > dumps/vmtail-wide-1m-w16/vm_native_gap_retdec_batch6848.c
make dumps/vmtail-wide-1m-w16/vm_native_gap_retdec_batch6851.c
make[1]: Entering directory '/models/dev/sc-rev/eac/eacsym'
python3 vm_native_gap_retdec_batch.py --batch-index 6849 --ranges-file native_gap_retdec_batch6849.ranges > dumps/vmtail-wide-1m-w16/vm_native_gap_retdec_batch6849.c
make[1]: Entering directory '/models/dev/sc-rev/eac/eacsym'
python3 vm_native_gap_retdec_batch.py --batch-index 6850 --ranges-file native_gap_retdec_batch6850.ranges > dumps/vmtail-wide-1m-w16/vm_native_gap_retdec_batch6850.c
make[1]: Leaving directory '/models/dev/sc-rev/eac/eacsym'
make dumps/vmtail-wide-1m-w16/vm_native_gap_retdec_batch6852.c
native_gap_retdec_batch=6826
native_gap_retdec_selected_ranges=1
make[1]: Entering directory '/models/dev/sc-rev/eac/eacsym'
python3 vm_native_gap_retdec_batch.py --batch-index 6851 --ranges-file native_gap_retdec_batch6851.ranges > dumps/vmtail-wide-1m-w16/vm_native_gap_retdec_batch6851.c
make[1]: Leaving directory '/models/dev/sc-rev/eac/eacsym'
make dumps/vmtail-wide-1m-w16/vm_native_gap_retdec_batch6853.c
make[1]: Entering directory '/models/dev/sc-rev/eac/eacsym'
python3 vm_native_gap_retdec_batch.py --batch-index 6852 --ranges-file native_gap_retdec_batch6852.ranges > dumps/vmtail-wide-1m-w16/vm_native_gap_retdec_batch6852.c
make[1]: Entering directory '/models/dev/sc-rev/eac/eacsym'
python3 vm_native_gap_retdec_batch.py --batch-index 6853 --ranges-file native_gap_retdec_batch6853.ranges > dumps/vmtail-wide-1m-w16/vm_native_gap_retdec_batch6853.c
native_gap_retdec_batch=6830
native_gap_retdec_selected_ranges=1
make[1]: Leaving directory '/models/dev/sc-rev/eac/eacsym'
make dumps/vmtail-wide-1m-w16/vm_native_gap_retdec_batch6854.c
make[1]: Entering directory '/models/dev/sc-rev/eac/eacsym'
python3 vm_native_gap_retdec_batch.py --batch-index 6854 --ranges-file native_gap_retdec_batch6854.ranges > dumps/vmtail-wide-1m-w16/vm_native_gap_retdec_batch6854.c
native_gap_retdec_batch=6832
native_gap_retdec_selected_ranges=1
make[1]: Leaving directory '/models/dev/sc-rev/eac/eacsym'
make dumps/vmtail-wide-1m-w16/vm_native_gap_retdec_batch6855.c
make[1]: Entering directory '/models/dev/sc-rev/eac/eacsym'
python3 vm_native_gap_retdec_batch.py --batch-index 6855 --ranges-file native_gap_retdec_batch6855.ranges > dumps/vmtail-wide-1m-w16/vm_native_gap_retdec_batch6855.c
native_gap_retdec_batch=6835
native_gap_retdec_selected_ranges=1
make[1]: Leaving directory '/models/dev/sc-rev/eac/eacsym'
make dumps/vmtail-wide-1m-w16/vm_native_gap_retdec_batch6856.c
make[1]: Entering directory '/models/dev/sc-rev/eac/eacsym'
python3 vm_native_gap_retdec_batch.py --batch-index 6856 --ranges-file native_gap_retdec_batch6856.ranges > dumps/vmtail-wide-1m-w16/vm_native_gap_retdec_batch6856.c
native_gap_retdec_batch=6837
native_gap_retdec_selected_ranges=1
make[1]: Leaving directory '/models/dev/sc-rev/eac/eacsym'
make dumps/vmtail-wide-1m-w16/vm_native_gap_retdec_batch6857.c
native_gap_retdec_batch=6831
native_gap_retdec_selected_ranges=1
make[1]: Leaving directory '/models/dev/sc-rev/eac/eacsym'
make dumps/vmtail-wide-1m-w16/vm_native_gap_retdec_batch6858.c
make[1]: Entering directory '/models/dev/sc-rev/eac/eacsym'
python3 vm_native_gap_retdec_batch.py --batch-index 6857 --ranges-file native_gap_retdec_batch6857.ranges > dumps/vmtail-wide-1m-w16/vm_native_gap_retdec_batch6857.c
native_gap_retdec_batch=6841
native_gap_retdec_selected_ranges=1
make[1]: Leaving directory '/models/dev/sc-rev/eac/eacsym'
make dumps/vmtail-wide-1m-w16/vm_native_gap_retdec_batch6859.c
make[1]: Entering directory '/models/dev/sc-rev/eac/eacsym'
python3 vm_native_gap_retdec_batch.py --batch-index 6858 --ranges-file native_gap_retdec_batch6858.ranges > dumps/vmtail-wide-1m-w16/vm_native_gap_retdec_batch6858.c
make[1]: Entering directory '/models/dev/sc-rev/eac/eacsym'
python3 vm_native_gap_retdec_batch.py --batch-index 6859 --ranges-file native_gap_retdec_batch6859.ranges > dumps/vmtail-wide-1m-w16/vm_native_gap_retdec_batch6859.c
native_gap_retdec_batch=6842
native_gap_retdec_selected_ranges=1
make[1]: Leaving directory '/models/dev/sc-rev/eac/eacsym'
make dumps/vmtail-wide-1m-w16/vm_native_gap_retdec_batch6860.c
native_gap_retdec_batch=6834
native_gap_retdec_selected_ranges=1
native_gap_retdec_batch=6833
native_gap_retdec_selected_ranges=1
make[1]: Leaving directory '/models/dev/sc-rev/eac/eacsym'
make[1]: Leaving directory '/models/dev/sc-rev/eac/eacsym'
make dumps/vmtail-wide-1m-w16/vm_native_gap_retdec_batch6861.c
make dumps/vmtail-wide-1m-w16/vm_native_gap_retdec_batch6862.c
make[1]: Entering directory '/models/dev/sc-rev/eac/eacsym'
python3 vm_native_gap_retdec_batch.py --batch-index 6860 --ranges-file native_gap_retdec_batch6860.ranges > dumps/vmtail-wide-1m-w16/vm_native_gap_retdec_batch6860.c
native_gap_retdec_batch=6836
native_gap_retdec_selected_ranges=1
make[1]: Leaving directory '/models/dev/sc-rev/eac/eacsym'
make dumps/vmtail-wide-1m-w16/vm_native_gap_retdec_batch6863.c
make[1]: Entering directory '/models/dev/sc-rev/eac/eacsym'
python3 vm_native_gap_retdec_batch.py --batch-index 6862 --ranges-file native_gap_retdec_batch6862.ranges > dumps/vmtail-wide-1m-w16/vm_native_gap_retdec_batch6862.c
make[1]: Entering directory '/models/dev/sc-rev/eac/eacsym'
python3 vm_native_gap_retdec_batch.py --batch-index 6861 --ranges-file native_gap_retdec_batch6861.ranges > dumps/vmtail-wide-1m-w16/vm_native_gap_retdec_batch6861.c
make[1]: Entering directory '/models/dev/sc-rev/eac/eacsym'
python3 vm_native_gap_retdec_batch.py --batch-index 6863 --ranges-file native_gap_retdec_batch6863.ranges > dumps/vmtail-wide-1m-w16/vm_native_gap_retdec_batch6863.c
native_gap_retdec_batch=6838
native_gap_retdec_selected_ranges=1
make[1]: Leaving directory '/models/dev/sc-rev/eac/eacsym'
make dumps/vmtail-wide-1m-w16/vm_native_gap_retdec_batch6864.c
native_gap_retdec_batch=6843
native_gap_retdec_selected_ranges=1
make[1]: Leaving directory '/models/dev/sc-rev/eac/eacsym'
make dumps/vmtail-wide-1m-w16/vm_native_gap_retdec_batch6865.c
native_gap_retdec_batch=6850
native_gap_retdec_selected_ranges=1
make[1]: Entering directory '/models/dev/sc-rev/eac/eacsym'
python3 vm_native_gap_retdec_batch.py --batch-index 6864 --ranges-file native_gap_retdec_batch6864.ranges > dumps/vmtail-wide-1m-w16/vm_native_gap_retdec_batch6864.c
make[1]: Leaving directory '/models/dev/sc-rev/eac/eacsym'
make dumps/vmtail-wide-1m-w16/vm_native_gap_retdec_batch6866.c
make[1]: Entering directory '/models/dev/sc-rev/eac/eacsym'
python3 vm_native_gap_retdec_batch.py --batch-index 6865 --ranges-file native_gap_retdec_batch6865.ranges > dumps/vmtail-wide-1m-w16/vm_native_gap_retdec_batch6865.c
native_gap_retdec_batch=6847
native_gap_retdec_selected_ranges=1
native_gap_retdec_batch=6839
native_gap_retdec_selected_ranges=1
make[1]: Leaving directory '/models/dev/sc-rev/eac/eacsym'
make dumps/vmtail-wide-1m-w16/vm_native_gap_retdec_batch6867.c
native_gap_retdec_batch=6840
native_gap_retdec_selected_ranges=1
make[1]: Leaving directory '/models/dev/sc-rev/eac/eacsym'
make dumps/vmtail-wide-1m-w16/vm_native_gap_retdec_batch6868.c
make[1]: Leaving directory '/models/dev/sc-rev/eac/eacsym'
make dumps/vmtail-wide-1m-w16/vm_native_gap_retdec_batch6869.c
make[1]: Entering directory '/models/dev/sc-rev/eac/eacsym'
python3 vm_native_gap_retdec_batch.py --batch-index 6866 --ranges-file native_gap_retdec_batch6866.ranges > dumps/vmtail-wide-1m-w16/vm_native_gap_retdec_batch6866.c
make[1]: Entering directory '/models/dev/sc-rev/eac/eacsym'
python3 vm_native_gap_retdec_batch.py --batch-index 6867 --ranges-file native_gap_retdec_batch6867.ranges > dumps/vmtail-wide-1m-w16/vm_native_gap_retdec_batch6867.c
make[1]: Entering directory '/models/dev/sc-rev/eac/eacsym'
python3 vm_native_gap_retdec_batch.py --batch-index 6868 --ranges-file native_gap_retdec_batch6868.ranges > dumps/vmtail-wide-1m-w16/vm_native_gap_retdec_batch6868.c
make[1]: Entering directory '/models/dev/sc-rev/eac/eacsym'
python3 vm_native_gap_retdec_batch.py --batch-index 6869 --ranges-file native_gap_retdec_batch6869.ranges > dumps/vmtail-wide-1m-w16/vm_native_gap_retdec_batch6869.c
native_gap_retdec_batch=6844
native_gap_retdec_selected_ranges=1
make[1]: Leaving directory '/models/dev/sc-rev/eac/eacsym'
make dumps/vmtail-wide-1m-w16/vm_native_gap_retdec_batch6870.c
native_gap_retdec_batch=6845
native_gap_retdec_selected_ranges=1
make[1]: Leaving directory '/models/dev/sc-rev/eac/eacsym'
make dumps/vmtail-wide-1m-w16/vm_native_gap_retdec_batch6871.c
make[1]: Entering directory '/models/dev/sc-rev/eac/eacsym'
python3 vm_native_gap_retdec_batch.py --batch-index 6870 --ranges-file native_gap_retdec_batch6870.ranges > dumps/vmtail-wide-1m-w16/vm_native_gap_retdec_batch6870.c
native_gap_retdec_batch=6848
native_gap_retdec_selected_ranges=1
make[1]: Leaving directory '/models/dev/sc-rev/eac/eacsym'
make dumps/vmtail-wide-1m-w16/vm_native_gap_retdec_batch6872.c
make[1]: Entering directory '/models/dev/sc-rev/eac/eacsym'
python3 vm_native_gap_retdec_batch.py --batch-index 6871 --ranges-file native_gap_retdec_batch6871.ranges > dumps/vmtail-wide-1m-w16/vm_native_gap_retdec_batch6871.c
native_gap_retdec_batch=6849
native_gap_retdec_selected_ranges=1
native_gap_retdec_batch=6851
native_gap_retdec_selected_ranges=1
make[1]: Leaving directory '/models/dev/sc-rev/eac/eacsym'
make[1]: Leaving directory '/models/dev/sc-rev/eac/eacsym'
make dumps/vmtail-wide-1m-w16/vm_native_gap_retdec_batch6873.c
make dumps/vmtail-wide-1m-w16/vm_native_gap_retdec_batch6874.c
make[1]: Entering directory '/models/dev/sc-rev/eac/eacsym'
python3 vm_native_gap_retdec_batch.py --batch-index 6872 --ranges-file native_gap_retdec_batch6872.ranges > dumps/vmtail-wide-1m-w16/vm_native_gap_retdec_batch6872.c
native_gap_retdec_batch=6846
native_gap_retdec_selected_ranges=1
make[1]: Leaving directory '/models/dev/sc-rev/eac/eacsym'
make dumps/vmtail-wide-1m-w16/vm_native_gap_retdec_batch6875.c
make[1]: Entering directory '/models/dev/sc-rev/eac/eacsym'
python3 vm_native_gap_retdec_batch.py --batch-index 6874 --ranges-file native_gap_retdec_batch6874.ranges > dumps/vmtail-wide-1m-w16/vm_native_gap_retdec_batch6874.c
native_gap_retdec_batch=6853
native_gap_retdec_selected_ranges=1
make[1]: Entering directory '/models/dev/sc-rev/eac/eacsym'
python3 vm_native_gap_retdec_batch.py --batch-index 6873 --ranges-file native_gap_retdec_batch6873.ranges > dumps/vmtail-wide-1m-w16/vm_native_gap_retdec_batch6873.c
make[1]: Leaving directory '/models/dev/sc-rev/eac/eacsym'
make dumps/vmtail-wide-1m-w16/vm_native_gap_retdec_batch6876.c
make[1]: Entering directory '/models/dev/sc-rev/eac/eacsym'
python3 vm_native_gap_retdec_batch.py --batch-index 6875 --ranges-file native_gap_retdec_batch6875.ranges > dumps/vmtail-wide-1m-w16/vm_native_gap_retdec_batch6875.c
make[1]: Entering directory '/models/dev/sc-rev/eac/eacsym'
python3 vm_native_gap_retdec_batch.py --batch-index 6876 --ranges-file native_gap_retdec_batch6876.ranges > dumps/vmtail-wide-1m-w16/vm_native_gap_retdec_batch6876.c
native_gap_retdec_batch=6852
native_gap_retdec_selected_ranges=1
make[1]: Leaving directory '/models/dev/sc-rev/eac/eacsym'
make dumps/vmtail-wide-1m-w16/vm_native_gap_retdec_batch6877.c
make[1]: Entering directory '/models/dev/sc-rev/eac/eacsym'
python3 vm_native_gap_retdec_batch.py --batch-index 6877 --ranges-file native_gap_retdec_batch6877.ranges > dumps/vmtail-wide-1m-w16/vm_native_gap_retdec_batch6877.c
native_gap_retdec_batch=6854
native_gap_retdec_selected_ranges=1
make[1]: Leaving directory '/models/dev/sc-rev/eac/eacsym'
make dumps/vmtail-wide-1m-w16/vm_native_gap_retdec_batch6878.c
make[1]: Entering directory '/models/dev/sc-rev/eac/eacsym'
python3 vm_native_gap_retdec_batch.py --batch-index 6878 --ranges-file native_gap_retdec_batch6878.ranges > dumps/vmtail-wide-1m-w16/vm_native_gap_retdec_batch6878.c
native_gap_retdec_batch=6855
native_gap_retdec_selected_ranges=1
make[1]: Leaving directory '/models/dev/sc-rev/eac/eacsym'
make dumps/vmtail-wide-1m-w16/vm_native_gap_retdec_batch6879.c
make[1]: Entering directory '/models/dev/sc-rev/eac/eacsym'
python3 vm_native_gap_retdec_batch.py --batch-index 6879 --ranges-file native_gap_retdec_batch6879.ranges > dumps/vmtail-wide-1m-w16/vm_native_gap_retdec_batch6879.c
native_gap_retdec_batch=6859
native_gap_retdec_selected_ranges=1
make[1]: Leaving directory '/models/dev/sc-rev/eac/eacsym'
make dumps/vmtail-wide-1m-w16/vm_native_gap_retdec_batch6880.c
native_gap_retdec_batch=6863
native_gap_retdec_selected_ranges=1
make[1]: Leaving directory '/models/dev/sc-rev/eac/eacsym'
make[1]: Entering directory '/models/dev/sc-rev/eac/eacsym'
python3 vm_native_gap_retdec_batch.py --batch-index 6880 --ranges-file native_gap_retdec_batch6880.ranges > dumps/vmtail-wide-1m-w16/vm_native_gap_retdec_batch6880.c
make dumps/vmtail-wide-1m-w16/vm_native_gap_retdec_batch6881.c
native_gap_retdec_batch=6856
native_gap_retdec_selected_ranges=1
native_gap_retdec_batch=6857
native_gap_retdec_selected_ranges=1
make[1]: Leaving directory '/models/dev/sc-rev/eac/eacsym'
make dumps/vmtail-wide-1m-w16/vm_native_gap_retdec_batch6882.c
make[1]: Leaving directory '/models/dev/sc-rev/eac/eacsym'
make dumps/vmtail-wide-1m-w16/vm_native_gap_retdec_batch6883.c
make[1]: Entering directory '/models/dev/sc-rev/eac/eacsym'
python3 vm_native_gap_retdec_batch.py --batch-index 6881 --ranges-file native_gap_retdec_batch6881.ranges > dumps/vmtail-wide-1m-w16/vm_native_gap_retdec_batch6881.c
make[1]: Entering directory '/models/dev/sc-rev/eac/eacsym'
python3 vm_native_gap_retdec_batch.py --batch-index 6882 --ranges-file native_gap_retdec_batch6882.ranges > dumps/vmtail-wide-1m-w16/vm_native_gap_retdec_batch6882.c
native_gap_retdec_batch=6865
native_gap_retdec_selected_ranges=1
make[1]: Entering directory '/models/dev/sc-rev/eac/eacsym'
python3 vm_native_gap_retdec_batch.py --batch-index 6883 --ranges-file native_gap_retdec_batch6883.ranges > dumps/vmtail-wide-1m-w16/vm_native_gap_retdec_batch6883.c
native_gap_retdec_batch=6864
native_gap_retdec_selected_ranges=1
make[1]: Leaving directory '/models/dev/sc-rev/eac/eacsym'
make dumps/vmtail-wide-1m-w16/vm_native_gap_retdec_batch6884.c
make[1]: Leaving directory '/models/dev/sc-rev/eac/eacsym'
make dumps/vmtail-wide-1m-w16/vm_native_gap_retdec_batch6885.c
make[1]: Entering directory '/models/dev/sc-rev/eac/eacsym'
python3 vm_native_gap_retdec_batch.py --batch-index 6884 --ranges-file native_gap_retdec_batch6884.ranges > dumps/vmtail-wide-1m-w16/vm_native_gap_retdec_batch6884.c
make[1]: Entering directory '/models/dev/sc-rev/eac/eacsym'
python3 vm_native_gap_retdec_batch.py --batch-index 6885 --ranges-file native_gap_retdec_batch6885.ranges > dumps/vmtail-wide-1m-w16/vm_native_gap_retdec_batch6885.c
native_gap_retdec_batch=6858
native_gap_retdec_selected_ranges=1
make[1]: Leaving directory '/models/dev/sc-rev/eac/eacsym'
make dumps/vmtail-wide-1m-w16/vm_native_gap_retdec_batch6886.c
native_gap_retdec_batch=6860
native_gap_retdec_selected_ranges=1
make[1]: Leaving directory '/models/dev/sc-rev/eac/eacsym'
make dumps/vmtail-wide-1m-w16/vm_native_gap_retdec_batch6887.c
make[1]: Entering directory '/models/dev/sc-rev/eac/eacsym'
python3 vm_native_gap_retdec_batch.py --batch-index 6886 --ranges-file native_gap_retdec_batch6886.ranges > dumps/vmtail-wide-1m-w16/vm_native_gap_retdec_batch6886.c
make[1]: Entering directory '/models/dev/sc-rev/eac/eacsym'
python3 vm_native_gap_retdec_batch.py --batch-index 6887 --ranges-file native_gap_retdec_batch6887.ranges > dumps/vmtail-wide-1m-w16/vm_native_gap_retdec_batch6887.c
native_gap_retdec_batch=6861
native_gap_retdec_selected_ranges=1
native_gap_retdec_batch=6866
native_gap_retdec_selected_ranges=1
make[1]: Leaving directory '/models/dev/sc-rev/eac/eacsym'
make dumps/vmtail-wide-1m-w16/vm_native_gap_retdec_batch6888.c
make[1]: Leaving directory '/models/dev/sc-rev/eac/eacsym'
make dumps/vmtail-wide-1m-w16/vm_native_gap_retdec_batch6889.c
native_gap_retdec_batch=6868
native_gap_retdec_selected_ranges=1
native_gap_retdec_batch=6862
native_gap_retdec_selected_ranges=1
make[1]: Leaving directory '/models/dev/sc-rev/eac/eacsym'
make dumps/vmtail-wide-1m-w16/vm_native_gap_retdec_batch6890.c
make[1]: Leaving directory '/models/dev/sc-rev/eac/eacsym'
make dumps/vmtail-wide-1m-w16/vm_native_gap_retdec_batch6891.c
make[1]: Entering directory '/models/dev/sc-rev/eac/eacsym'
python3 vm_native_gap_retdec_batch.py --batch-index 6888 --ranges-file native_gap_retdec_batch6888.ranges > dumps/vmtail-wide-1m-w16/vm_native_gap_retdec_batch6888.c
make[1]: Entering directory '/models/dev/sc-rev/eac/eacsym'
python3 vm_native_gap_retdec_batch.py --batch-index 6889 --ranges-file native_gap_retdec_batch6889.ranges > dumps/vmtail-wide-1m-w16/vm_native_gap_retdec_batch6889.c
make[1]: Entering directory '/models/dev/sc-rev/eac/eacsym'
python3 vm_native_gap_retdec_batch.py --batch-index 6890 --ranges-file native_gap_retdec_batch6890.ranges > dumps/vmtail-wide-1m-w16/vm_native_gap_retdec_batch6890.c
native_gap_retdec_batch=6872
native_gap_retdec_selected_ranges=1
make[1]: Entering directory '/models/dev/sc-rev/eac/eacsym'
python3 vm_native_gap_retdec_batch.py --batch-index 6891 --ranges-file native_gap_retdec_batch6891.ranges > dumps/vmtail-wide-1m-w16/vm_native_gap_retdec_batch6891.c
make[1]: Leaving directory '/models/dev/sc-rev/eac/eacsym'
make dumps/vmtail-wide-1m-w16/vm_native_gap_retdec_batch6892.c
native_gap_retdec_batch=6873
native_gap_retdec_selected_ranges=1
make[1]: Leaving directory '/models/dev/sc-rev/eac/eacsym'
make dumps/vmtail-wide-1m-w16/vm_native_gap_retdec_batch6893.c
native_gap_retdec_batch=6869
native_gap_retdec_selected_ranges=1
make[1]: Leaving directory '/models/dev/sc-rev/eac/eacsym'
make dumps/vmtail-wide-1m-w16/vm_native_gap_retdec_batch6894.c
make[1]: Entering directory '/models/dev/sc-rev/eac/eacsym'
python3 vm_native_gap_retdec_batch.py --batch-index 6893 --ranges-file native_gap_retdec_batch6893.ranges > dumps/vmtail-wide-1m-w16/vm_native_gap_retdec_batch6893.c
make[1]: Entering directory '/models/dev/sc-rev/eac/eacsym'
python3 vm_native_gap_retdec_batch.py --batch-index 6892 --ranges-file native_gap_retdec_batch6892.ranges > dumps/vmtail-wide-1m-w16/vm_native_gap_retdec_batch6892.c
native_gap_retdec_batch=6867
native_gap_retdec_selected_ranges=1
make[1]: Leaving directory '/models/dev/sc-rev/eac/eacsym'
make dumps/vmtail-wide-1m-w16/vm_native_gap_retdec_batch6895.c
make[1]: Entering directory '/models/dev/sc-rev/eac/eacsym'
python3 vm_native_gap_retdec_batch.py --batch-index 6894 --ranges-file native_gap_retdec_batch6894.ranges > dumps/vmtail-wide-1m-w16/vm_native_gap_retdec_batch6894.c
native_gap_retdec_batch=6870
native_gap_retdec_selected_ranges=1
make[1]: Leaving directory '/models/dev/sc-rev/eac/eacsym'
make dumps/vmtail-wide-1m-w16/vm_native_gap_retdec_batch6896.c
make[1]: Entering directory '/models/dev/sc-rev/eac/eacsym'
python3 vm_native_gap_retdec_batch.py --batch-index 6895 --ranges-file native_gap_retdec_batch6895.ranges > dumps/vmtail-wide-1m-w16/vm_native_gap_retdec_batch6895.c
make[1]: Entering directory '/models/dev/sc-rev/eac/eacsym'
python3 vm_native_gap_retdec_batch.py --batch-index 6896 --ranges-file native_gap_retdec_batch6896.ranges > dumps/vmtail-wide-1m-w16/vm_native_gap_retdec_batch6896.c
native_gap_retdec_batch=6871
native_gap_retdec_selected_ranges=1
make[1]: Leaving directory '/models/dev/sc-rev/eac/eacsym'
make dumps/vmtail-wide-1m-w16/vm_native_gap_retdec_batch6897.c
native_gap_retdec_batch=6874
native_gap_retdec_selected_ranges=1
make[1]: Leaving directory '/models/dev/sc-rev/eac/eacsym'
make dumps/vmtail-wide-1m-w16/vm_native_gap_retdec_batch6898.c
make[1]: Entering directory '/models/dev/sc-rev/eac/eacsym'
python3 vm_native_gap_retdec_batch.py --batch-index 6897 --ranges-file native_gap_retdec_batch6897.ranges > dumps/vmtail-wide-1m-w16/vm_native_gap_retdec_batch6897.c
make[1]: Entering directory '/models/dev/sc-rev/eac/eacsym'
python3 vm_native_gap_retdec_batch.py --batch-index 6898 --ranges-file native_gap_retdec_batch6898.ranges > dumps/vmtail-wide-1m-w16/vm_native_gap_retdec_batch6898.c
native_gap_retdec_batch=6875
native_gap_retdec_selected_ranges=1
make[1]: Leaving directory '/models/dev/sc-rev/eac/eacsym'
make dumps/vmtail-wide-1m-w16/vm_native_gap_retdec_batch6899.c
native_gap_retdec_batch=6877
native_gap_retdec_selected_ranges=1
make[1]: Leaving directory '/models/dev/sc-rev/eac/eacsym'
make dumps/vmtail-wide-1m-w16/vm_native_gap_retdec_batch6900.c
make[1]: Entering directory '/models/dev/sc-rev/eac/eacsym'
python3 vm_native_gap_retdec_batch.py --batch-index 6899 --ranges-file native_gap_retdec_batch6899.ranges > dumps/vmtail-wide-1m-w16/vm_native_gap_retdec_batch6899.c
native_gap_retdec_batch=6876
native_gap_retdec_selected_ranges=1
make[1]: Entering directory '/models/dev/sc-rev/eac/eacsym'
python3 vm_native_gap_retdec_batch.py --batch-index 6900 --ranges-file native_gap_retdec_batch6900.ranges > dumps/vmtail-wide-1m-w16/vm_native_gap_retdec_batch6900.c
make[1]: Leaving directory '/models/dev/sc-rev/eac/eacsym'
make dumps/vmtail-wide-1m-w16/vm_native_gap_retdec_batch6901.c
make[1]: Entering directory '/models/dev/sc-rev/eac/eacsym'
python3 vm_native_gap_retdec_batch.py --batch-index 6901 --ranges-file native_gap_retdec_batch6901.ranges > dumps/vmtail-wide-1m-w16/vm_native_gap_retdec_batch6901.c
native_gap_retdec_batch=6878
native_gap_retdec_selected_ranges=1
make[1]: Leaving directory '/models/dev/sc-rev/eac/eacsym'
make dumps/vmtail-wide-1m-w16/vm_native_gap_retdec_batch6902.c
make[1]: Entering directory '/models/dev/sc-rev/eac/eacsym'
python3 vm_native_gap_retdec_batch.py --batch-index 6902 --ranges-file native_gap_retdec_batch6902.ranges > dumps/vmtail-wide-1m-w16/vm_native_gap_retdec_batch6902.c
native_gap_retdec_batch=6881
native_gap_retdec_selected_ranges=1
make[1]: Leaving directory '/models/dev/sc-rev/eac/eacsym'
make dumps/vmtail-wide-1m-w16/vm_native_gap_retdec_batch6903.c
native_gap_retdec_batch=6883
native_gap_retdec_selected_ranges=1
make[1]: Leaving directory '/models/dev/sc-rev/eac/eacsym'
make dumps/vmtail-wide-1m-w16/vm_native_gap_retdec_batch6904.c
make[1]: Entering directory '/models/dev/sc-rev/eac/eacsym'
python3 vm_native_gap_retdec_batch.py --batch-index 6903 --ranges-file native_gap_retdec_batch6903.ranges > dumps/vmtail-wide-1m-w16/vm_native_gap_retdec_batch6903.c
make[1]: Entering directory '/models/dev/sc-rev/eac/eacsym'
python3 vm_native_gap_retdec_batch.py --batch-index 6904 --ranges-file native_gap_retdec_batch6904.ranges > dumps/vmtail-wide-1m-w16/vm_native_gap_retdec_batch6904.c
native_gap_retdec_batch=6884
native_gap_retdec_selected_ranges=1
make[1]: Leaving directory '/models/dev/sc-rev/eac/eacsym'
make dumps/vmtail-wide-1m-w16/vm_native_gap_retdec_batch6905.c
make[1]: Entering directory '/models/dev/sc-rev/eac/eacsym'
python3 vm_native_gap_retdec_batch.py --batch-index 6905 --ranges-file native_gap_retdec_batch6905.ranges > dumps/vmtail-wide-1m-w16/vm_native_gap_retdec_batch6905.c
native_gap_retdec_batch=6886
native_gap_retdec_selected_ranges=1
native_gap_retdec_batch=6879
native_gap_retdec_selected_ranges=1
make[1]: Leaving directory '/models/dev/sc-rev/eac/eacsym'
make dumps/vmtail-wide-1m-w16/vm_native_gap_retdec_batch6906.c
make[1]: Leaving directory '/models/dev/sc-rev/eac/eacsym'
make dumps/vmtail-wide-1m-w16/vm_native_gap_retdec_batch6907.c
make[1]: Entering directory '/models/dev/sc-rev/eac/eacsym'
python3 vm_native_gap_retdec_batch.py --batch-index 6906 --ranges-file native_gap_retdec_batch6906.ranges > dumps/vmtail-wide-1m-w16/vm_native_gap_retdec_batch6906.c
native_gap_retdec_batch=6882
native_gap_retdec_selected_ranges=1
make[1]: Leaving directory '/models/dev/sc-rev/eac/eacsym'
native_gap_retdec_batch=6880
native_gap_retdec_selected_ranges=1
make dumps/vmtail-wide-1m-w16/vm_native_gap_retdec_batch6908.c
make[1]: Entering directory '/models/dev/sc-rev/eac/eacsym'
python3 vm_native_gap_retdec_batch.py --batch-index 6907 --ranges-file native_gap_retdec_batch6907.ranges > dumps/vmtail-wide-1m-w16/vm_native_gap_retdec_batch6907.c
make[1]: Leaving directory '/models/dev/sc-rev/eac/eacsym'
make dumps/vmtail-wide-1m-w16/vm_native_gap_retdec_batch6909.c
make[1]: Entering directory '/models/dev/sc-rev/eac/eacsym'
python3 vm_native_gap_retdec_batch.py --batch-index 6908 --ranges-file native_gap_retdec_batch6908.ranges > dumps/vmtail-wide-1m-w16/vm_native_gap_retdec_batch6908.c
make[1]: Entering directory '/models/dev/sc-rev/eac/eacsym'
python3 vm_native_gap_retdec_batch.py --batch-index 6909 --ranges-file native_gap_retdec_batch6909.ranges > dumps/vmtail-wide-1m-w16/vm_native_gap_retdec_batch6909.c
native_gap_retdec_batch=6885
native_gap_retdec_selected_ranges=1
make[1]: Leaving directory '/models/dev/sc-rev/eac/eacsym'
native_gap_retdec_batch=6893
native_gap_retdec_selected_ranges=1
make[1]: Leaving directory '/models/dev/sc-rev/eac/eacsym'
native_gap_retdec_batch=6887
native_gap_retdec_selected_ranges=1
make[1]: Leaving directory '/models/dev/sc-rev/eac/eacsym'
native_gap_retdec_batch=6896
native_gap_retdec_selected_ranges=1
make[1]: Leaving directory '/models/dev/sc-rev/eac/eacsym'
native_gap_retdec_batch=6888
native_gap_retdec_selected_ranges=1
native_gap_retdec_batch=6889
native_gap_retdec_selected_ranges=1
native_gap_retdec_batch=6894
native_gap_retdec_selected_ranges=1
make[1]: Leaving directory '/models/dev/sc-rev/eac/eacsym'
make[1]: Leaving directory '/models/dev/sc-rev/eac/eacsym'
make[1]: Leaving directory '/models/dev/sc-rev/eac/eacsym'
native_gap_retdec_batch=6891
native_gap_retdec_selected_ranges=1
make[1]: Leaving directory '/models/dev/sc-rev/eac/eacsym'
native_gap_retdec_batch=6890
native_gap_retdec_selected_ranges=1
make[1]: Leaving directory '/models/dev/sc-rev/eac/eacsym'
native_gap_retdec_batch=6892
native_gap_retdec_selected_ranges=1
native_gap_retdec_batch=6898
native_gap_retdec_selected_ranges=1
make[1]: Leaving directory '/models/dev/sc-rev/eac/eacsym'
make[1]: Leaving directory '/models/dev/sc-rev/eac/eacsym'
native_gap_retdec_batch=6895
native_gap_retdec_selected_ranges=1
make[1]: Leaving directory '/models/dev/sc-rev/eac/eacsym'
native_gap_retdec_batch=6900
native_gap_retdec_selected_ranges=1
make[1]: Leaving directory '/models/dev/sc-rev/eac/eacsym'
native_gap_retdec_batch=6897
native_gap_retdec_selected_ranges=1
make[1]: Leaving directory '/models/dev/sc-rev/eac/eacsym'
native_gap_retdec_batch=6901
native_gap_retdec_selected_ranges=1
make[1]: Leaving directory '/models/dev/sc-rev/eac/eacsym'
native_gap_retdec_batch=6899
native_gap_retdec_selected_ranges=1
make[1]: Leaving directory '/models/dev/sc-rev/eac/eacsym'
native_gap_retdec_batch=6902
native_gap_retdec_selected_ranges=1
make[1]: Leaving directory '/models/dev/sc-rev/eac/eacsym'
native_gap_retdec_batch=6903
native_gap_retdec_selected_ranges=1
make[1]: Leaving directory '/models/dev/sc-rev/eac/eacsym'
native_gap_retdec_batch=6905
native_gap_retdec_selected_ranges=1
make[1]: Leaving directory '/models/dev/sc-rev/eac/eacsym'
native_gap_retdec_batch=6904
native_gap_retdec_selected_ranges=1
make[1]: Leaving directory '/models/dev/sc-rev/eac/eacsym'
native_gap_retdec_batch=6909
native_gap_retdec_selected_ranges=1
make[1]: Leaving directory '/models/dev/sc-rev/eac/eacsym'
native_gap_retdec_batch=6906
native_gap_retdec_selected_ranges=1
make[1]: Leaving directory '/models/dev/sc-rev/eac/eacsym'
native_gap_retdec_batch=6908
native_gap_retdec_selected_ranges=1
make[1]: Leaving directory '/models/dev/sc-rev/eac/eacsym'
native_gap_retdec_batch=6907
native_gap_retdec_selected_ranges=1
make[1]: Leaving directory '/models/dev/sc-rev/eac/eacsym'
# elapsed 13.73s
+ cc -std=c11 -fsyntax-only -w dumps/vmtail-wide-1m-w16/vm_native_gap_retdec_batch6782.c
# elapsed 0.01s
+ cc -std=c11 -fsyntax-only -w dumps/vmtail-wide-1m-w16/vm_native_gap_retdec_batch6783.c
# elapsed 0.01s
+ cc -std=c11 -fsyntax-only -w dumps/vmtail-wide-1m-w16/vm_native_gap_retdec_batch6784.c
# elapsed 0.01s
+ cc -std=c11 -fsyntax-only -w dumps/vmtail-wide-1m-w16/vm_native_gap_retdec_batch6785.c
# elapsed 0.01s
+ cc -std=c11 -fsyntax-only -w dumps/vmtail-wide-1m-w16/vm_native_gap_retdec_batch6786.c
# elapsed 0.01s
+ cc -std=c11 -fsyntax-only -w dumps/vmtail-wide-1m-w16/vm_native_gap_retdec_batch6787.c
# elapsed 0.01s
+ cc -std=c11 -fsyntax-only -w dumps/vmtail-wide-1m-w16/vm_native_gap_retdec_batch6788.c
# elapsed 0.01s
+ cc -std=c11 -fsyntax-only -w dumps/vmtail-wide-1m-w16/vm_native_gap_retdec_batch6789.c
# elapsed 0.01s
+ cc -std=c11 -fsyntax-only -w dumps/vmtail-wide-1m-w16/vm_native_gap_retdec_batch6790.c
# elapsed 0.01s
+ cc -std=c11 -fsyntax-only -w dumps/vmtail-wide-1m-w16/vm_native_gap_retdec_batch6791.c
# elapsed 0.01s
+ cc -std=c11 -fsyntax-only -w dumps/vmtail-wide-1m-w16/vm_native_gap_retdec_batch6792.c
# elapsed 0.01s
+ cc -std=c11 -fsyntax-only -w dumps/vmtail-wide-1m-w16/vm_native_gap_retdec_batch6793.c
# elapsed 0.01s
+ cc -std=c11 -fsyntax-only -w dumps/vmtail-wide-1m-w16/vm_native_gap_retdec_batch6794.c
# elapsed 0.01s
+ cc -std=c11 -fsyntax-only -w dumps/vmtail-wide-1m-w16/vm_native_gap_retdec_batch6795.c
# elapsed 0.01s
+ cc -std=c11 -fsyntax-only -w dumps/vmtail-wide-1m-w16/vm_native_gap_retdec_batch6796.c
# elapsed 0.01s
+ cc -std=c11 -fsyntax-only -w dumps/vmtail-wide-1m-w16/vm_native_gap_retdec_batch6797.c
# elapsed 0.01s
+ cc -std=c11 -fsyntax-only -w dumps/vmtail-wide-1m-w16/vm_native_gap_retdec_batch6798.c
# elapsed 0.01s
+ cc -std=c11 -fsyntax-only -w dumps/vmtail-wide-1m-w16/vm_native_gap_retdec_batch6799.c
# elapsed 0.01s
+ cc -std=c11 -fsyntax-only -w dumps/vmtail-wide-1m-w16/vm_native_gap_retdec_batch6800.c
# elapsed 0.01s
+ cc -std=c11 -fsyntax-only -w dumps/vmtail-wide-1m-w16/vm_native_gap_retdec_batch6801.c
# elapsed 0.01s
+ cc -std=c11 -fsyntax-only -w dumps/vmtail-wide-1m-w16/vm_native_gap_retdec_batch6802.c
# elapsed 0.01s
+ cc -std=c11 -fsyntax-only -w dumps/vmtail-wide-1m-w16/vm_native_gap_retdec_batch6803.c
# elapsed 0.01s
+ cc -std=c11 -fsyntax-only -w dumps/vmtail-wide-1m-w16/vm_native_gap_retdec_batch6804.c
# elapsed 0.01s
+ cc -std=c11 -fsyntax-only -w dumps/vmtail-wide-1m-w16/vm_native_gap_retdec_batch6805.c
# elapsed 0.01s
+ cc -std=c11 -fsyntax-only -w dumps/vmtail-wide-1m-w16/vm_native_gap_retdec_batch6806.c
# elapsed 0.01s
+ cc -std=c11 -fsyntax-only -w dumps/vmtail-wide-1m-w16/vm_native_gap_retdec_batch6807.c
# elapsed 0.01s
+ cc -std=c11 -fsyntax-only -w dumps/vmtail-wide-1m-w16/vm_native_gap_retdec_batch6808.c
# elapsed 0.01s
+ cc -std=c11 -fsyntax-only -w dumps/vmtail-wide-1m-w16/vm_native_gap_retdec_batch6809.c
# elapsed 0.01s
+ cc -std=c11 -fsyntax-only -w dumps/vmtail-wide-1m-w16/vm_native_gap_retdec_batch6810.c
# elapsed 0.01s
+ cc -std=c11 -fsyntax-only -w dumps/vmtail-wide-1m-w16/vm_native_gap_retdec_batch6811.c
# elapsed 0.01s
+ cc -std=c11 -fsyntax-only -w dumps/vmtail-wide-1m-w16/vm_native_gap_retdec_batch6812.c
# elapsed 0.01s
+ cc -std=c11 -fsyntax-only -w dumps/vmtail-wide-1m-w16/vm_native_gap_retdec_batch6813.c
# elapsed 0.01s
+ cc -std=c11 -fsyntax-only -w dumps/vmtail-wide-1m-w16/vm_native_gap_retdec_batch6814.c
# elapsed 0.01s
+ cc -std=c11 -fsyntax-only -w dumps/vmtail-wide-1m-w16/vm_native_gap_retdec_batch6815.c
# elapsed 0.01s
+ cc -std=c11 -fsyntax-only -w dumps/vmtail-wide-1m-w16/vm_native_gap_retdec_batch6816.c
# elapsed 0.01s
+ cc -std=c11 -fsyntax-only -w dumps/vmtail-wide-1m-w16/vm_native_gap_retdec_batch6817.c
# elapsed 0.01s
+ cc -std=c11 -fsyntax-only -w dumps/vmtail-wide-1m-w16/vm_native_gap_retdec_batch6818.c
# elapsed 0.01s
+ cc -std=c11 -fsyntax-only -w dumps/vmtail-wide-1m-w16/vm_native_gap_retdec_batch6819.c
# elapsed 0.01s
+ cc -std=c11 -fsyntax-only -w dumps/vmtail-wide-1m-w16/vm_native_gap_retdec_batch6820.c
# elapsed 0.01s
+ cc -std=c11 -fsyntax-only -w dumps/vmtail-wide-1m-w16/vm_native_gap_retdec_batch6821.c
# elapsed 0.01s
+ cc -std=c11 -fsyntax-only -w dumps/vmtail-wide-1m-w16/vm_native_gap_retdec_batch6822.c
# elapsed 0.01s
+ cc -std=c11 -fsyntax-only -w dumps/vmtail-wide-1m-w16/vm_native_gap_retdec_batch6823.c
# elapsed 0.01s
+ cc -std=c11 -fsyntax-only -w dumps/vmtail-wide-1m-w16/vm_native_gap_retdec_batch6824.c
# elapsed 0.01s
+ cc -std=c11 -fsyntax-only -w dumps/vmtail-wide-1m-w16/vm_native_gap_retdec_batch6825.c
# elapsed 0.01s
+ cc -std=c11 -fsyntax-only -w dumps/vmtail-wide-1m-w16/vm_native_gap_retdec_batch6826.c
# elapsed 0.01s
+ cc -std=c11 -fsyntax-only -w dumps/vmtail-wide-1m-w16/vm_native_gap_retdec_batch6827.c
# elapsed 0.01s
+ cc -std=c11 -fsyntax-only -w dumps/vmtail-wide-1m-w16/vm_native_gap_retdec_batch6828.c
# elapsed 0.01s
+ cc -std=c11 -fsyntax-only -w dumps/vmtail-wide-1m-w16/vm_native_gap_retdec_batch6829.c
# elapsed 0.01s
+ cc -std=c11 -fsyntax-only -w dumps/vmtail-wide-1m-w16/vm_native_gap_retdec_batch6830.c
# elapsed 0.01s
+ cc -std=c11 -fsyntax-only -w dumps/vmtail-wide-1m-w16/vm_native_gap_retdec_batch6831.c
# elapsed 0.01s
+ cc -std=c11 -fsyntax-only -w dumps/vmtail-wide-1m-w16/vm_native_gap_retdec_batch6832.c
# elapsed 0.01s
+ cc -std=c11 -fsyntax-only -w dumps/vmtail-wide-1m-w16/vm_native_gap_retdec_batch6833.c
# elapsed 0.01s
+ cc -std=c11 -fsyntax-only -w dumps/vmtail-wide-1m-w16/vm_native_gap_retdec_batch6834.c
# elapsed 0.01s
+ cc -std=c11 -fsyntax-only -w dumps/vmtail-wide-1m-w16/vm_native_gap_retdec_batch6835.c
# elapsed 0.01s
+ cc -std=c11 -fsyntax-only -w dumps/vmtail-wide-1m-w16/vm_native_gap_retdec_batch6836.c
# elapsed 0.01s
+ cc -std=c11 -fsyntax-only -w dumps/vmtail-wide-1m-w16/vm_native_gap_retdec_batch6837.c
# elapsed 0.01s
+ cc -std=c11 -fsyntax-only -w dumps/vmtail-wide-1m-w16/vm_native_gap_retdec_batch6838.c
# elapsed 0.01s
+ cc -std=c11 -fsyntax-only -w dumps/vmtail-wide-1m-w16/vm_native_gap_retdec_batch6839.c
# elapsed 0.01s
+ cc -std=c11 -fsyntax-only -w dumps/vmtail-wide-1m-w16/vm_native_gap_retdec_batch6840.c
# elapsed 0.01s
+ cc -std=c11 -fsyntax-only -w dumps/vmtail-wide-1m-w16/vm_native_gap_retdec_batch6841.c
# elapsed 0.01s
+ cc -std=c11 -fsyntax-only -w dumps/vmtail-wide-1m-w16/vm_native_gap_retdec_batch6842.c
# elapsed 0.01s
+ cc -std=c11 -fsyntax-only -w dumps/vmtail-wide-1m-w16/vm_native_gap_retdec_batch6843.c
# elapsed 0.01s
+ cc -std=c11 -fsyntax-only -w dumps/vmtail-wide-1m-w16/vm_native_gap_retdec_batch6844.c
# elapsed 0.01s
+ cc -std=c11 -fsyntax-only -w dumps/vmtail-wide-1m-w16/vm_native_gap_retdec_batch6845.c
# elapsed 0.01s
+ cc -std=c11 -fsyntax-only -w dumps/vmtail-wide-1m-w16/vm_native_gap_retdec_batch6846.c
# elapsed 0.01s
+ cc -std=c11 -fsyntax-only -w dumps/vmtail-wide-1m-w16/vm_native_gap_retdec_batch6847.c
# elapsed 0.01s
+ cc -std=c11 -fsyntax-only -w dumps/vmtail-wide-1m-w16/vm_native_gap_retdec_batch6848.c
# elapsed 0.01s
+ cc -std=c11 -fsyntax-only -w dumps/vmtail-wide-1m-w16/vm_native_gap_retdec_batch6849.c
# elapsed 0.01s
+ cc -std=c11 -fsyntax-only -w dumps/vmtail-wide-1m-w16/vm_native_gap_retdec_batch6850.c
# elapsed 0.01s
+ cc -std=c11 -fsyntax-only -w dumps/vmtail-wide-1m-w16/vm_native_gap_retdec_batch6851.c
# elapsed 0.01s
+ cc -std=c11 -fsyntax-only -w dumps/vmtail-wide-1m-w16/vm_native_gap_retdec_batch6852.c
# elapsed 0.01s
+ cc -std=c11 -fsyntax-only -w dumps/vmtail-wide-1m-w16/vm_native_gap_retdec_batch6853.c
# elapsed 0.01s
+ cc -std=c11 -fsyntax-only -w dumps/vmtail-wide-1m-w16/vm_native_gap_retdec_batch6854.c
# elapsed 0.01s
+ cc -std=c11 -fsyntax-only -w dumps/vmtail-wide-1m-w16/vm_native_gap_retdec_batch6855.c
# elapsed 0.01s
+ cc -std=c11 -fsyntax-only -w dumps/vmtail-wide-1m-w16/vm_native_gap_retdec_batch6856.c
# elapsed 0.01s
+ cc -std=c11 -fsyntax-only -w dumps/vmtail-wide-1m-w16/vm_native_gap_retdec_batch6857.c
# elapsed 0.01s
+ cc -std=c11 -fsyntax-only -w dumps/vmtail-wide-1m-w16/vm_native_gap_retdec_batch6858.c
# elapsed 0.01s
+ cc -std=c11 -fsyntax-only -w dumps/vmtail-wide-1m-w16/vm_native_gap_retdec_batch6859.c
# elapsed 0.01s
+ cc -std=c11 -fsyntax-only -w dumps/vmtail-wide-1m-w16/vm_native_gap_retdec_batch6860.c
# elapsed 0.01s
+ cc -std=c11 -fsyntax-only -w dumps/vmtail-wide-1m-w16/vm_native_gap_retdec_batch6861.c
# elapsed 0.01s
+ cc -std=c11 -fsyntax-only -w dumps/vmtail-wide-1m-w16/vm_native_gap_retdec_batch6862.c
# elapsed 0.01s
+ cc -std=c11 -fsyntax-only -w dumps/vmtail-wide-1m-w16/vm_native_gap_retdec_batch6863.c
# elapsed 0.01s
+ cc -std=c11 -fsyntax-only -w dumps/vmtail-wide-1m-w16/vm_native_gap_retdec_batch6864.c
# elapsed 0.01s
+ cc -std=c11 -fsyntax-only -w dumps/vmtail-wide-1m-w16/vm_native_gap_retdec_batch6865.c
# elapsed 0.01s
+ cc -std=c11 -fsyntax-only -w dumps/vmtail-wide-1m-w16/vm_native_gap_retdec_batch6866.c
# elapsed 0.01s
+ cc -std=c11 -fsyntax-only -w dumps/vmtail-wide-1m-w16/vm_native_gap_retdec_batch6867.c
# elapsed 0.01s
+ cc -std=c11 -fsyntax-only -w dumps/vmtail-wide-1m-w16/vm_native_gap_retdec_batch6868.c
# elapsed 0.01s
+ cc -std=c11 -fsyntax-only -w dumps/vmtail-wide-1m-w16/vm_native_gap_retdec_batch6869.c
# elapsed 0.01s
+ cc -std=c11 -fsyntax-only -w dumps/vmtail-wide-1m-w16/vm_native_gap_retdec_batch6870.c
# elapsed 0.01s
+ cc -std=c11 -fsyntax-only -w dumps/vmtail-wide-1m-w16/vm_native_gap_retdec_batch6871.c
# elapsed 0.01s
+ cc -std=c11 -fsyntax-only -w dumps/vmtail-wide-1m-w16/vm_native_gap_retdec_batch6872.c
# elapsed 0.01s
+ cc -std=c11 -fsyntax-only -w dumps/vmtail-wide-1m-w16/vm_native_gap_retdec_batch6873.c
# elapsed 0.01s
+ cc -std=c11 -fsyntax-only -w dumps/vmtail-wide-1m-w16/vm_native_gap_retdec_batch6874.c
# elapsed 0.01s
+ cc -std=c11 -fsyntax-only -w dumps/vmtail-wide-1m-w16/vm_native_gap_retdec_batch6875.c
# elapsed 0.01s
+ cc -std=c11 -fsyntax-only -w dumps/vmtail-wide-1m-w16/vm_native_gap_retdec_batch6876.c
# elapsed 0.01s
+ cc -std=c11 -fsyntax-only -w dumps/vmtail-wide-1m-w16/vm_native_gap_retdec_batch6877.c
# elapsed 0.01s
+ cc -std=c11 -fsyntax-only -w dumps/vmtail-wide-1m-w16/vm_native_gap_retdec_batch6878.c
# elapsed 0.01s
+ cc -std=c11 -fsyntax-only -w dumps/vmtail-wide-1m-w16/vm_native_gap_retdec_batch6879.c
# elapsed 0.01s
+ cc -std=c11 -fsyntax-only -w dumps/vmtail-wide-1m-w16/vm_native_gap_retdec_batch6880.c
# elapsed 0.01s
+ cc -std=c11 -fsyntax-only -w dumps/vmtail-wide-1m-w16/vm_native_gap_retdec_batch6881.c
# elapsed 0.01s
+ cc -std=c11 -fsyntax-only -w dumps/vmtail-wide-1m-w16/vm_native_gap_retdec_batch6882.c
# elapsed 0.01s
+ cc -std=c11 -fsyntax-only -w dumps/vmtail-wide-1m-w16/vm_native_gap_retdec_batch6883.c
# elapsed 0.01s
+ cc -std=c11 -fsyntax-only -w dumps/vmtail-wide-1m-w16/vm_native_gap_retdec_batch6884.c
# elapsed 0.01s
+ cc -std=c11 -fsyntax-only -w dumps/vmtail-wide-1m-w16/vm_native_gap_retdec_batch6885.c
# elapsed 0.01s
+ cc -std=c11 -fsyntax-only -w dumps/vmtail-wide-1m-w16/vm_native_gap_retdec_batch6886.c
# elapsed 0.01s
+ cc -std=c11 -fsyntax-only -w dumps/vmtail-wide-1m-w16/vm_native_gap_retdec_batch6887.c
# elapsed 0.01s
+ cc -std=c11 -fsyntax-only -w dumps/vmtail-wide-1m-w16/vm_native_gap_retdec_batch6888.c
# elapsed 0.01s
+ cc -std=c11 -fsyntax-only -w dumps/vmtail-wide-1m-w16/vm_native_gap_retdec_batch6889.c
# elapsed 0.01s
+ cc -std=c11 -fsyntax-only -w dumps/vmtail-wide-1m-w16/vm_native_gap_retdec_batch6890.c
# elapsed 0.01s
+ cc -std=c11 -fsyntax-only -w dumps/vmtail-wide-1m-w16/vm_native_gap_retdec_batch6891.c
# elapsed 0.01s
+ cc -std=c11 -fsyntax-only -w dumps/vmtail-wide-1m-w16/vm_native_gap_retdec_batch6892.c
# elapsed 0.01s
+ cc -std=c11 -fsyntax-only -w dumps/vmtail-wide-1m-w16/vm_native_gap_retdec_batch6893.c
# elapsed 0.01s
+ cc -std=c11 -fsyntax-only -w dumps/vmtail-wide-1m-w16/vm_native_gap_retdec_batch6894.c
# elapsed 0.01s
+ cc -std=c11 -fsyntax-only -w dumps/vmtail-wide-1m-w16/vm_native_gap_retdec_batch6895.c
# elapsed 0.01s
+ cc -std=c11 -fsyntax-only -w dumps/vmtail-wide-1m-w16/vm_native_gap_retdec_batch6896.c
# elapsed 0.01s
+ cc -std=c11 -fsyntax-only -w dumps/vmtail-wide-1m-w16/vm_native_gap_retdec_batch6897.c
# elapsed 0.01s
+ cc -std=c11 -fsyntax-only -w dumps/vmtail-wide-1m-w16/vm_native_gap_retdec_batch6898.c
# elapsed 0.01s
+ cc -std=c11 -fsyntax-only -w dumps/vmtail-wide-1m-w16/vm_native_gap_retdec_batch6899.c
# elapsed 0.01s
+ cc -std=c11 -fsyntax-only -w dumps/vmtail-wide-1m-w16/vm_native_gap_retdec_batch6900.c
# elapsed 0.01s
+ cc -std=c11 -fsyntax-only -w dumps/vmtail-wide-1m-w16/vm_native_gap_retdec_batch6901.c
# elapsed 0.01s
+ cc -std=c11 -fsyntax-only -w dumps/vmtail-wide-1m-w16/vm_native_gap_retdec_batch6902.c
# elapsed 0.01s
+ cc -std=c11 -fsyntax-only -w dumps/vmtail-wide-1m-w16/vm_native_gap_retdec_batch6903.c
# elapsed 0.01s
+ cc -std=c11 -fsyntax-only -w dumps/vmtail-wide-1m-w16/vm_native_gap_retdec_batch6904.c
# elapsed 0.01s
+ cc -std=c11 -fsyntax-only -w dumps/vmtail-wide-1m-w16/vm_native_gap_retdec_batch6905.c
# elapsed 0.01s
+ cc -std=c11 -fsyntax-only -w dumps/vmtail-wide-1m-w16/vm_native_gap_retdec_batch6906.c
# elapsed 0.01s
+ cc -std=c11 -fsyntax-only -w dumps/vmtail-wide-1m-w16/vm_native_gap_retdec_batch6907.c
# elapsed 0.01s
+ cc -std=c11 -fsyntax-only -w dumps/vmtail-wide-1m-w16/vm_native_gap_retdec_batch6908.c
# elapsed 0.01s
+ cc -std=c11 -fsyntax-only -w dumps/vmtail-wide-1m-w16/vm_native_gap_retdec_batch6909.c
# elapsed 0.01s
salvage_batch_done	6782	salvaged=6782,6783,6784,6785,6786,6787,6788,6789,6790,6791,6792,6793,6794,6795,6796,6797,6798,6799,6800,6801,6802,6803,6804,6805,6806,6807,6808,6809,6810,6811,6812,6813,6814,6815,6816,6817,6818,6819,6820,6821,6822,6823,6824,6825,6826,6827,6828,6829,6830,6831,6832,6833,6834,6835,6836,6837,6838,6839,6840,6841,6842,6843,6844,6845,6846,6847,6848,6849,6850,6851,6852,6853,6854,6855,6856,6857,6858,6859,6860,6861,6862,6863,6864,6865,6866,6867,6868,6869,6870,6871,6872,6873,6874,6875,6876,6877,6878,6879,6880,6881,6882,6883,6884,6885,6886,6887,6888,6889,6890,6891,6892,6893,6894,6895,6896,6897,6898,6899,6900,6901,6902,6903,6904,6905,6906,6907,6908,6909	rejected=0
+ make -s native-executable-coverage-audit native-retdec-gap-queue
# elapsed 5.05s
+ make -s uncovered-executable-gaps
uncovered_executable_gaps=718 bytes=15952
uncovered_executable_gaps=718 bytes=15952
uncovered_executable_gaps=718 bytes=15952
# elapsed 1.75s
coverage_delta
native_executable_coverage_range_rows	85272	85784	delta=+512
native_executable_coverage_gap_rows	722	723	delta=+1
native_executable_coverage_recovered_bytes	5633696	5635088	delta=+1392
native_executable_coverage_uncovered_bytes	17344	15952	delta=-1392
round_start	3
+ python3 vm_executable_gap_retdec_probe.py --root . --section .text --chunk-bytes 0x10 --min-chunk-bytes 0x1 --max-split-candidates 4096 --max-gap-chunks 64 --max-candidates 4096 --max-accepted 128 --probe-jobs 24 --timeout 30 --reject-cache dumps/vmtail-wide-1m-w16/vm_executable_gap_retdec_reject_cache.tsv
try	0x4e7d89-0x4e7d91	reject
split	0x4e7d89-0x4e7d91	0x4e7d89-0x4e7d8d
split	0x4e7d89-0x4e7d91	0x4e7d8d-0x4e7d91
try	0x4e83f1-0x4e83f9	ok
try	0x4e7d99-0x4e7da1	reject
split	0x4e7d99-0x4e7da1	0x4e7d99-0x4e7d9d
split	0x4e7d99-0x4e7da1	0x4e7d9d-0x4e7da1
try	0x4e83d1-0x4e83d9	reject
split	0x4e83d1-0x4e83d9	0x4e83d1-0x4e83d5
split	0x4e83d1-0x4e83d9	0x4e83d5-0x4e83d9
try	0x4e7db1-0x4e7db9	reject
split	0x4e7db1-0x4e7db9	0x4e7db1-0x4e7db5
split	0x4e7db1-0x4e7db9	0x4e7db5-0x4e7db9
try	0x4e83c9-0x4e83d1	ok
try	0x4e83c1-0x4e83c9	ok
try	0x4e83e9-0x4e83f1	reject
split	0x4e83e9-0x4e83f1	0x4e83e9-0x4e83ed
split	0x4e83e9-0x4e83f1	0x4e83ed-0x4e83f1
try	0x4e8401-0x4e8409	ok
try	0x4e7d91-0x4e7d99	ok
try	0x4e8429-0x4e8431	reject
split	0x4e8429-0x4e8431	0x4e8429-0x4e842d
split	0x4e8429-0x4e8431	0x4e842d-0x4e8431
try	0x4e7da1-0x4e7da9	ok
try	0x4e8431-0x4e8439	reject
split	0x4e8431-0x4e8439	0x4e8431-0x4e8435
split	0x4e8431-0x4e8439	0x4e8435-0x4e8439
try	0x4e8411-0x4e8419	reject
split	0x4e8411-0x4e8419	0x4e8411-0x4e8415
split	0x4e8411-0x4e8419	0x4e8415-0x4e8419
try	0x4e7d81-0x4e7d89	ok
try	0x4e83e1-0x4e83e9	ok
try	0x4e8421-0x4e8429	ok
try	0x4e83b9-0x4e83c1	reject
split	0x4e83b9-0x4e83c1	0x4e83b9-0x4e83bd
split	0x4e83b9-0x4e83c1	0x4e83bd-0x4e83c1
try	0x4e7d79-0x4e7d81	ok
try	0x4e8409-0x4e8411	ok
try	0x4e83f9-0x4e8401	reject
split	0x4e83f9-0x4e8401	0x4e83f9-0x4e83fd
split	0x4e83f9-0x4e8401	0x4e83fd-0x4e8401
try	0x4e7da9-0x4e7db1	ok
try	0x4e8419-0x4e8421	ok
try	0x4e83d9-0x4e83e1	ok
try	0x4e7db5-0x4e7db9	ok
try	0x4e7db1-0x4e7db5	reject
split	0x4e7db1-0x4e7db5	0x4e7db1-0x4e7db3
split	0x4e7db1-0x4e7db5	0x4e7db3-0x4e7db5
try	0x4e7d9d-0x4e7da1	ok
try	0x4e83d5-0x4e83d9	ok
try	0x4e7d89-0x4e7d8d	ok
try	0x4e83ed-0x4e83f1	ok
try	0x4e8435-0x4e8439	ok
try	0x4e7dc1-0x4e7dc9	reject
split	0x4e7dc1-0x4e7dc9	0x4e7dc1-0x4e7dc5
split	0x4e7dc1-0x4e7dc9	0x4e7dc5-0x4e7dc9
try	0x4e83fd-0x4e8401	ok
try	0x4e83f9-0x4e83fd	reject
split	0x4e83f9-0x4e83fd	0x4e83f9-0x4e83fb
split	0x4e83f9-0x4e83fd	0x4e83fb-0x4e83fd
try	0x4e7d99-0x4e7d9d	ok
try	0x4e7d8d-0x4e7d91	ok
try	0x4e83d1-0x4e83d5	ok
try	0x4e83e9-0x4e83ed	reject
split	0x4e83e9-0x4e83ed	0x4e83e9-0x4e83eb
split	0x4e83e9-0x4e83ed	0x4e83eb-0x4e83ed
try	0x4e7dd1-0x4e7dd9	reject
split	0x4e7dd1-0x4e7dd9	0x4e7dd1-0x4e7dd5
split	0x4e7dd1-0x4e7dd9	0x4e7dd5-0x4e7dd9
try	0x4e842d-0x4e8431	ok
try	0x4e7db9-0x4e7dc1	reject
split	0x4e7db9-0x4e7dc1	0x4e7db9-0x4e7dbd
split	0x4e7db9-0x4e7dc1	0x4e7dbd-0x4e7dc1
try	0x4e83bd-0x4e83c1	ok
try	0x4e8415-0x4e8419	ok
try	0x4e83b9-0x4e83bd	ok
try	0x4e8411-0x4e8415	ok
try	0x4e8429-0x4e842d	ok
try	0x4e7dc9-0x4e7dd1	ok
try	0x4e8431-0x4e8435	ok
try	0x4e7de1-0x4e7de9	reject
split	0x4e7de1-0x4e7de9	0x4e7de1-0x4e7de5
split	0x4e7de1-0x4e7de9	0x4e7de5-0x4e7de9
try	0x4e7df1-0x4e7df9	reject
split	0x4e7df1-0x4e7df9	0x4e7df1-0x4e7df5
split	0x4e7df1-0x4e7df9	0x4e7df5-0x4e7df9
try	0x4e60f9-0x4e6101	ok
try	0x4e7db3-0x4e7db5	ok
try	0x4e7dd9-0x4e7de1	reject
split	0x4e7dd9-0x4e7de1	0x4e7dd9-0x4e7ddd
split	0x4e7dd9-0x4e7de1	0x4e7ddd-0x4e7de1
try	0x4e7db1-0x4e7db3	ok
try	0x4e7de9-0x4e7df1	ok
try	0x4e7dd1-0x4e7dd5	ok
try	0x4e7db9-0x4e7dbd	ok
try	0x4e7dd5-0x4e7dd9	ok
try	0x4e6119-0x4e6121	reject
split	0x4e6119-0x4e6121	0x4e6119-0x4e611d
split	0x4e6119-0x4e6121	0x4e611d-0x4e6121
try	0x4e83f9-0x4e83fb	ok
try	0x4e7dc5-0x4e7dc9	ok
try	0x4e7dc1-0x4e7dc5	ok
try	0x4e83fb-0x4e83fd	ok
try	0x4e6101-0x4e6109	reject
split	0x4e6101-0x4e6109	0x4e6101-0x4e6105
split	0x4e6101-0x4e6109	0x4e6105-0x4e6109
try	0x4e83eb-0x4e83ed	ok
try	0x4e6109-0x4e6111	ok
try	0x4e83e9-0x4e83eb	ok
try	0x4e7dbd-0x4e7dc1	reject
split	0x4e7dbd-0x4e7dc1	0x4e7dbd-0x4e7dbf
split	0x4e7dbd-0x4e7dc1	0x4e7dbf-0x4e7dc1
try	0x4e6111-0x4e6119	ok
try	0x4e6121-0x4e6129	ok
try	0x4e6129-0x4e6131	ok
try	0x4e6131-0x4e6139	reject
split	0x4e6131-0x4e6139	0x4e6131-0x4e6135
split	0x4e6131-0x4e6139	0x4e6135-0x4e6139
try	0x4e7de5-0x4e7de9	ok
try	0x4e7df5-0x4e7df9	ok
try	0x4e7df1-0x4e7df5	ok
try	0x4e7de1-0x4e7de5	reject
split	0x4e7de1-0x4e7de5	0x4e7de1-0x4e7de3
split	0x4e7de1-0x4e7de5	0x4e7de3-0x4e7de5
try	0x4e7dd9-0x4e7ddd	ok
try	0x4e6141-0x4e6149	ok
try	0x4e6149-0x4e6151	reject
split	0x4e6149-0x4e6151	0x4e6149-0x4e614d
split	0x4e6149-0x4e6151	0x4e614d-0x4e6151
try	0x4e7ddd-0x4e7de1	reject
split	0x4e7ddd-0x4e7de1	0x4e7ddd-0x4e7ddf
split	0x4e7ddd-0x4e7de1	0x4e7ddf-0x4e7de1
try	0x4e6139-0x4e6141	ok
try	0x4e611d-0x4e6121	ok
try	0x4e6151-0x4e6159	ok
try	0x4e6101-0x4e6105	ok
try	0x4e6159-0x4e6161	reject
split	0x4e6159-0x4e6161	0x4e6159-0x4e615d
split	0x4e6159-0x4e6161	0x4e615d-0x4e6161
try	0x4e5639-0x4e5641	ok
try	0x4e7dbd-0x4e7dbf	ok
try	0x4e6119-0x4e611d	ok
try	0x4e6169-0x4e6171	ok
try	0x4e6161-0x4e6169	ok
try	0x4e6105-0x4e6109	ok
try	0x4e5641-0x4e5649	ok
try	0x4e6171-0x4e6179	reject
split	0x4e6171-0x4e6179	0x4e6171-0x4e6175
split	0x4e6171-0x4e6179	0x4e6175-0x4e6179
try	0x4e7dbf-0x4e7dc1	ok
try	0x4e5649-0x4e5651	reject
split	0x4e5649-0x4e5651	0x4e5649-0x4e564d
split	0x4e5649-0x4e5651	0x4e564d-0x4e5651
try	0x4e6135-0x4e6139	ok
try	0x4e6131-0x4e6135	ok
try	0x4e5651-0x4e5659	ok
try	0x4e5659-0x4e5661	reject
split	0x4e5659-0x4e5661	0x4e5659-0x4e565d
split	0x4e5659-0x4e5661	0x4e565d-0x4e5661
try	0x4e5661-0x4e5669	ok
try	0x4e5669-0x4e5671	ok
try	0x4e7de3-0x4e7de5	ok
try	0x4e614d-0x4e6151	ok
try	0x4e7de1-0x4e7de3	ok
try	0x4e6159-0x4e615d	reject
split	0x4e6159-0x4e615d	0x4e6159-0x4e615b
split	0x4e6159-0x4e615d	0x4e615b-0x4e615d
try	0x4e7ddf-0x4e7de1	ok
try	0x4e5679-0x4e5681	ok
try	0x4e5689-0x4e5691	ok
try	0x4e7ddd-0x4e7ddf	ok
try	0x4e5671-0x4e5679	reject
split	0x4e5671-0x4e5679	0x4e5671-0x4e5675
split	0x4e5671-0x4e5679	0x4e5675-0x4e5679
try	0x4e6149-0x4e614d	reject
split	0x4e6149-0x4e614d	0x4e6149-0x4e614b
split	0x4e6149-0x4e614d	0x4e614b-0x4e614d
try	0x4e615d-0x4e6161	ok
try	0x4e5681-0x4e5689	reject
split	0x4e5681-0x4e5689	0x4e5681-0x4e5685
split	0x4e5681-0x4e5689	0x4e5685-0x4e5689
try	0x4e5699-0x4e56a1	ok
try	0x4e56a1-0x4e56a9	ok
try	0x4e5691-0x4e5699	reject
split	0x4e5691-0x4e5699	0x4e5691-0x4e5695
split	0x4e5691-0x4e5699	0x4e5695-0x4e5699
try	0x4e6171-0x4e6175	reject
split	0x4e6171-0x4e6175	0x4e6171-0x4e6173
split	0x4e6171-0x4e6175	0x4e6173-0x4e6175
try	0x4e6175-0x4e6179	ok
try	0x4e564d-0x4e5651	ok
try	0x4e5649-0x4e564d	reject
split	0x4e5649-0x4e564d	0x4e5649-0x4e564b
split	0x4e5649-0x4e564d	0x4e564b-0x4e564d
try	0x4e56a9-0x4e56b1	reject
split	0x4e56a9-0x4e56b1	0x4e56a9-0x4e56ad
split	0x4e56a9-0x4e56b1	0x4e56ad-0x4e56b1
try	0x4e56b1-0x4e56b9	reject
split	0x4e56b1-0x4e56b9	0x4e56b1-0x4e56b5
split	0x4e56b1-0x4e56b9	0x4e56b5-0x4e56b9
try	0x4e565d-0x4e5661	ok
try	0x4e53f9-0x4e5401	ok
try	0x4e5411-0x4e5419	ok
try	0x4e6159-0x4e615b	ok
try	0x4e5659-0x4e565d	reject
split	0x4e5659-0x4e565d	0x4e5659-0x4e565b
split	0x4e5659-0x4e565d	0x4e565b-0x4e565d
try	0x4e5409-0x4e5411	ok
try	0x4e5401-0x4e5409	ok
try	0x4e615b-0x4e615d	ok
