[TRACE] caller=libselinux.so.1+0xee1d fopen64 path=/proc/filesystems mode=re
[TRACE] caller=timeout+0x324f7b mprotect addr=0x7323b9929000 len=0x1000 prot=0x0
[TRACE] caller=timeout+0x319b3f getenv name=LANG -> set
[TRACE] caller=timeout+0x33547e open64 path=/usr/share/coreutils/locales/uucore/en-US.ftl flags=0x80000
[TRACE] caller=timeout+0x33547e open64 path=/usr/share/coreutils/locales/timeout/en-US.ftl flags=0x80000
[TRACE] caller=timeout+0x319b3f getenv name=NO_COLOR -> set
[TRACE] caller=timeout+0x3124be recv fd=3 len=8 flags=0x0 ret=0 data=
[DRIVER] dlopen path=./eac.elf
[TRACE] caller=driver+0x1608 dlopen file=./eac.elf flags=0x2
[DRIVER] dlsym x=0x744aa1a380dc
[TRACE] caller=driver+0x26c5 getenv name=EAC_DISPATCH_TRACE -> set
[TRACE] caller=driver+0x26c5 getenv name=EAC_PROBE_TRACE -> null
[TRACE] caller=driver+0x1a99 getenv name=EAC_DISPATCH_LIMIT -> set
[TRACE] caller=driver+0x26c5 getenv name=EAC_DISPATCH_DETAIL -> null
[TRACE] caller=driver+0x1b01 getenv name=EAC_DISPATCH_STOP_AFTER_MATCHES -> null
[TRACE] caller=driver+0x1b2b getenv name=EAC_DISPATCH_EXTRA_SITES -> null
[TRACE] caller=driver+0x1b41 getenv name=EAC_DISPATCH_FOCUS_SITES -> null
[TRACE] caller=driver+0x1b7a getenv name=EAC_PROBE_LIMIT -> null
[TRACE] caller=driver+0x1baf getenv name=EAC_PROBE_STOP_AFTER_MATCHES -> null
[TRACE] caller=driver+0x1bce getenv name=EAC_PROBE_SITES -> null
[TRACE] caller=driver+0x26c5 getenv name=EAC_VMTAIL_TRACE -> set
[TRACE] caller=driver+0x26c5 getenv name=EAC_VMTAIL_REGS -> set
[TRACE] caller=driver+0x26c5 getenv name=EAC_VMTAIL_SCRATCH -> set
[TRACE] caller=driver+0x26c5 getenv name=EAC_VMTAIL_MEM -> null
[TRACE] caller=driver+0x1c2a getenv name=EAC_VMTAIL_MEM_REGS -> null
[TRACE] caller=driver+0x1c44 getenv name=EAC_VMTAIL_LIMIT -> set
[TRACE] caller=driver+0x1c9a getenv name=EAC_VMTAIL_FOCUS_IPS -> set
[TRACE] caller=driver+0x1cae getenv name=EAC_VMTAIL_FOCUS_SITES -> null
[TRACE] caller=driver+0x1cc2 getenv name=EAC_VMTAIL_STOP_AFTER_MATCHES -> set
[TRACE] caller=driver+0x1d05 getenv name=EAC_VMTAIL_SITES -> set
[TRACE] caller=driver+0x1d27 getenv name=EAC_VMTAIL_SCRATCH_OFFSETS -> null
[TRACE] caller=driver+0x34a9 fopen path=/proc/self/maps mode=r
[TRACE] caller=driver+0x47ec mprotect addr=0x744aa1ac8000 len=0x1000 prot=0x7
[TRACE] caller=driver+0x47ec mprotect addr=0x744aa1acd000 len=0x1000 prot=0x7
[TRACE] caller=driver+0x47ec mprotect addr=0x744aa1a81000 len=0x1000 prot=0x7
[TRACE] caller=driver+0x47ec mprotect addr=0x744aa1a8a000 len=0x1000 prot=0x7
[TRACE] caller=driver+0x47ec mprotect addr=0x744aa1a9a000 len=0x1000 prot=0x7
[TRACE] caller=driver+0x47ec mprotect addr=0x744aa1a9b000 len=0x1000 prot=0x7
[TRACE] caller=driver+0x47ec mprotect addr=0x744aa1a9b000 len=0x1000 prot=0x7
[TRACE] caller=driver+0x47ec mprotect addr=0x744aa1ab8000 len=0x1000 prot=0x7
[TRACE] caller=driver+0x47ec mprotect addr=0x744aa1abb000 len=0x1000 prot=0x7
[TRACE] caller=driver+0x47ec mprotect addr=0x744aa1abb000 len=0x1000 prot=0x7
[TRACE] caller=driver+0x47ec mprotect addr=0x744aa1ac2000 len=0x1000 prot=0x7
[TRACE] caller=driver+0x47ec mprotect addr=0x744aa1a9c000 len=0x1000 prot=0x7
[TRACE] caller=driver+0x47ec mprotect addr=0x744aa1aa0000 len=0x1000 prot=0x7
[TRACE] caller=driver+0x47ec mprotect addr=0x744aa1ab2000 len=0x1000 prot=0x7
[TRACE] caller=driver+0x47ec mprotect addr=0x744aa1ab7000 len=0x1000 prot=0x7
[TRACE] caller=driver+0x47ec mprotect addr=0x744aa1ac2000 len=0x1000 prot=0x7
[TRACE] caller=driver+0x47ec mprotect addr=0x744aa1a78000 len=0x1000 prot=0x7
[TRACE] caller=driver+0x47ec mprotect addr=0x744aa1a78000 len=0x1000 prot=0x7
[TRACE] caller=driver+0x47ec mprotect addr=0x744aa1a79000 len=0x1000 prot=0x7
[TRACE] caller=driver+0x47ec mprotect addr=0x744aa1a79000 len=0x1000 prot=0x7
[TRACE] caller=driver+0x47ec mprotect addr=0x744aa1a79000 len=0x1000 prot=0x7
[TRACE] caller=driver+0x47ec mprotect addr=0x744aa1a79000 len=0x1000 prot=0x7
[TRACE] caller=driver+0x47ec mprotect addr=0x744aa1a7a000 len=0x1000 prot=0x7
[TRACE] caller=driver+0x47ec mprotect addr=0x744aa1a7a000 len=0x1000 prot=0x7
[TRACE] caller=driver+0x47ec mprotect addr=0x744aa1a7a000 len=0x1000 prot=0x7
[TRACE] caller=driver+0x47ec mprotect addr=0x744aa1a7a000 len=0x1000 prot=0x7
[TRACE] caller=driver+0x47ec mprotect addr=0x744aa1a7b000 len=0x1000 prot=0x7
[TRACE] caller=driver+0x47ec mprotect addr=0x744aa1a7b000 len=0x1000 prot=0x7
[TRACE] caller=driver+0x47ec mprotect addr=0x744aa1a7b000 len=0x1000 prot=0x7
[TRACE] caller=driver+0x47ec mprotect addr=0x744aa1a7b000 len=0x1000 prot=0x7
[TRACE] caller=driver+0x47ec mprotect addr=0x744aa1a7c000 len=0x1000 prot=0x7
[TRACE] caller=driver+0x47ec mprotect addr=0x744aa1a7c000 len=0x1000 prot=0x7
[TRACE] caller=driver+0x47ec mprotect addr=0x744aa1a7c000 len=0x1000 prot=0x7
[TRACE] caller=driver+0x47ec mprotect addr=0x744aa1a7d000 len=0x1000 prot=0x7
[TRACE] caller=driver+0x47ec mprotect addr=0x744aa1a7d000 len=0x1000 prot=0x7
[TRACE] caller=driver+0x47ec mprotect addr=0x744aa1a7d000 len=0x1000 prot=0x7
[TRACE] caller=driver+0x47ec mprotect addr=0x744aa1a7d000 len=0x1000 prot=0x7
[TRACE] caller=driver+0x47ec mprotect addr=0x744aa1a7d000 len=0x1000 prot=0x7
[TRACE] caller=driver+0x47ec mprotect addr=0x744aa1a7e000 len=0x1000 prot=0x7
[TRACE] caller=driver+0x47ec mprotect addr=0x744aa1a7e000 len=0x1000 prot=0x7
[TRACE] caller=driver+0x47ec mprotect addr=0x744aa1a7e000 len=0x1000 prot=0x7
[TRACE] caller=driver+0x47ec mprotect addr=0x744aa1a7e000 len=0x1000 prot=0x7
[TRACE] caller=driver+0x47ec mprotect addr=0x744aa1a7f000 len=0x1000 prot=0x7
[TRACE] caller=driver+0x47ec mprotect addr=0x744aa1a7f000 len=0x1000 prot=0x7
[TRACE] caller=driver+0x47ec mprotect addr=0x744aa1a7f000 len=0x1000 prot=0x7
[TRACE] caller=driver+0x47ec mprotect addr=0x744aa1a80000 len=0x1000 prot=0x7
[TRACE] caller=driver+0x47ec mprotect addr=0x744aa1a80000 len=0x1000 prot=0x7
[TRACE] caller=driver+0x47ec mprotect addr=0x744aa1a80000 len=0x1000 prot=0x7
[TRACE] caller=driver+0x47ec mprotect addr=0x744aa1a80000 len=0x1000 prot=0x7
[TRACE] caller=driver+0x47ec mprotect addr=0x744aa1a81000 len=0x1000 prot=0x7
[TRACE] caller=driver+0x47ec mprotect addr=0x744aa1a81000 len=0x1000 prot=0x7
[TRACE] caller=driver+0x47ec mprotect addr=0x744aa1a81000 len=0x1000 prot=0x7
[TRACE] caller=driver+0x47ec mprotect addr=0x744aa1a81000 len=0x1000 prot=0x7
[TRACE] caller=driver+0x47ec mprotect addr=0x744aa1a81000 len=0x1000 prot=0x7
[TRACE] caller=driver+0x47ec mprotect addr=0x744aa1a82000 len=0x1000 prot=0x7
[TRACE] caller=driver+0x47ec mprotect addr=0x744aa1a82000 len=0x1000 prot=0x7
[TRACE] caller=driver+0x47ec mprotect addr=0x744aa1a82000 len=0x1000 prot=0x7
[TRACE] caller=driver+0x47ec mprotect addr=0x744aa1a82000 len=0x1000 prot=0x7
[TRACE] caller=driver+0x47ec mprotect addr=0x744aa1a82000 len=0x1000 prot=0x7
[TRACE] caller=driver+0x47ec mprotect addr=0x744aa1a83000 len=0x1000 prot=0x7
[TRACE] caller=driver+0x47ec mprotect addr=0x744aa1a83000 len=0x1000 prot=0x7
[TRACE] caller=driver+0x47ec mprotect addr=0x744aa1a83000 len=0x1000 prot=0x7
[TRACE] caller=driver+0x47ec mprotect addr=0x744aa1a83000 len=0x1000 prot=0x7
[TRACE] caller=driver+0x47ec mprotect addr=0x744aa1a84000 len=0x1000 prot=0x7
[TRACE] caller=driver+0x47ec mprotect addr=0x744aa1a84000 len=0x1000 prot=0x7
[TRACE] caller=driver+0x47ec mprotect addr=0x744aa1a84000 len=0x1000 prot=0x7
[TRACE] caller=driver+0x47ec mprotect addr=0x744aa1a84000 len=0x1000 prot=0x7
[TRACE] caller=driver+0x47ec mprotect addr=0x744aa1a84000 len=0x1000 prot=0x7
[TRACE] caller=driver+0x47ec mprotect addr=0x744aa1a84000 len=0x1000 prot=0x7
[TRACE] caller=driver+0x47ec mprotect addr=0x744aa1a85000 len=0x1000 prot=0x7
[TRACE] caller=driver+0x47ec mprotect addr=0x744aa1a85000 len=0x1000 prot=0x7
[TRACE] caller=driver+0x47ec mprotect addr=0x744aa1a85000 len=0x1000 prot=0x7
[TRACE] caller=driver+0x47ec mprotect addr=0x744aa1a85000 len=0x1000 prot=0x7
[TRACE] caller=driver+0x47ec mprotect addr=0x744aa1a85000 len=0x1000 prot=0x7
[TRACE] caller=driver+0x47ec mprotect addr=0x744aa1a85000 len=0x1000 prot=0x7
[TRACE] caller=driver+0x47ec mprotect addr=0x744aa1a86000 len=0x1000 prot=0x7
[TRACE] caller=driver+0x47ec mprotect addr=0x744aa1a86000 len=0x1000 prot=0x7
[TRACE] caller=driver+0x47ec mprotect addr=0x744aa1a86000 len=0x1000 prot=0x7
[TRACE] caller=driver+0x47ec mprotect addr=0x744aa1a86000 len=0x1000 prot=0x7
[TRACE] caller=driver+0x47ec mprotect addr=0x744aa1a87000 len=0x1000 prot=0x7
[TRACE] caller=driver+0x47ec mprotect addr=0x744aa1a87000 len=0x1000 prot=0x7
[TRACE] caller=driver+0x47ec mprotect addr=0x744aa1a88000 len=0x1000 prot=0x7
[TRACE] caller=driver+0x47ec mprotect addr=0x744aa1a88000 len=0x1000 prot=0x7
[TRACE] caller=driver+0x47ec mprotect addr=0x744aa1a88000 len=0x1000 prot=0x7
[TRACE] caller=driver+0x47ec mprotect addr=0x744aa1a89000 len=0x1000 prot=0x7
[TRACE] caller=driver+0x47ec mprotect addr=0x744aa1a89000 len=0x1000 prot=0x7
[TRACE] caller=driver+0x47ec mprotect addr=0x744aa1a89000 len=0x1000 prot=0x7
[TRACE] caller=driver+0x47ec mprotect addr=0x744aa1a89000 len=0x1000 prot=0x7
[TRACE] caller=driver+0x47ec mprotect addr=0x744aa1a8a000 len=0x1000 prot=0x7
[TRACE] caller=driver+0x47ec mprotect addr=0x744aa1a8a000 len=0x1000 prot=0x7
[TRACE] caller=driver+0x47ec mprotect addr=0x744aa1a8b000 len=0x1000 prot=0x7
[TRACE] caller=driver+0x47ec mprotect addr=0x744aa1a8b000 len=0x1000 prot=0x7
[TRACE] caller=driver+0x47ec mprotect addr=0x744aa1a8b000 len=0x1000 prot=0x7
[TRACE] caller=driver+0x47ec mprotect addr=0x744aa1a8b000 len=0x1000 prot=0x7
[TRACE] caller=driver+0x47ec mprotect addr=0x744aa1a8b000 len=0x1000 prot=0x7
[TRACE] caller=driver+0x47ec mprotect addr=0x744aa1a8c000 len=0x1000 prot=0x7
[TRACE] caller=driver+0x47ec mprotect addr=0x744aa1a8c000 len=0x1000 prot=0x7
[TRACE] caller=driver+0x47ec mprotect addr=0x744aa1a8c000 len=0x1000 prot=0x7
[TRACE] caller=driver+0x47ec mprotect addr=0x744aa1a8c000 len=0x1000 prot=0x7
[TRACE] caller=driver+0x47ec mprotect addr=0x744aa1a8c000 len=0x1000 prot=0x7
[TRACE] caller=driver+0x47ec mprotect addr=0x744aa1a8d000 len=0x1000 prot=0x7
[TRACE] caller=driver+0x47ec mprotect addr=0x744aa1a8d000 len=0x1000 prot=0x7
[TRACE] caller=driver+0x47ec mprotect addr=0x744aa1a8e000 len=0x1000 prot=0x7
[TRACE] caller=driver+0x47ec mprotect addr=0x744aa1a8e000 len=0x1000 prot=0x7
[TRACE] caller=driver+0x47ec mprotect addr=0x744aa1a8e000 len=0x1000 prot=0x7
[TRACE] caller=driver+0x47ec mprotect addr=0x744aa1a8e000 len=0x1000 prot=0x7
[TRACE] caller=driver+0x47ec mprotect addr=0x744aa1a8f000 len=0x1000 prot=0x7
[TRACE] caller=driver+0x47ec mprotect addr=0x744aa1a8f000 len=0x1000 prot=0x7
[TRACE] caller=driver+0x47ec mprotect addr=0x744aa1a8f000 len=0x1000 prot=0x7
[TRACE] caller=driver+0x47ec mprotect addr=0x744aa1a8f000 len=0x1000 prot=0x7
[TRACE] caller=driver+0x47ec mprotect addr=0x744aa1a90000 len=0x1000 prot=0x7
[TRACE] caller=driver+0x47ec mprotect addr=0x744aa1a90000 len=0x1000 prot=0x7
[TRACE] caller=driver+0x47ec mprotect addr=0x744aa1a90000 len=0x1000 prot=0x7
[TRACE] caller=driver+0x47ec mprotect addr=0x744aa1a90000 len=0x1000 prot=0x7
[TRACE] caller=driver+0x47ec mprotect addr=0x744aa1a90000 len=0x1000 prot=0x7
[TRACE] caller=driver+0x47ec mprotect addr=0x744aa1a91000 len=0x1000 prot=0x7
[TRACE] caller=driver+0x47ec mprotect addr=0x744aa1a91000 len=0x1000 prot=0x7
[TRACE] caller=driver+0x47ec mprotect addr=0x744aa1a91000 len=0x1000 prot=0x7
[TRACE] caller=driver+0x47ec mprotect addr=0x744aa1a91000 len=0x1000 prot=0x7
[TRACE] caller=driver+0x47ec mprotect addr=0x744aa1a91000 len=0x1000 prot=0x7
[TRACE] caller=driver+0x47ec mprotect addr=0x744aa1a92000 len=0x1000 prot=0x7
[TRACE] caller=driver+0x47ec mprotect addr=0x744aa1a92000 len=0x1000 prot=0x7
[TRACE] caller=driver+0x47ec mprotect addr=0x744aa1a92000 len=0x1000 prot=0x7
[TRACE] caller=driver+0x47ec mprotect addr=0x744aa1a92000 len=0x1000 prot=0x7
[TRACE] caller=driver+0x47ec mprotect addr=0x744aa1a93000 len=0x1000 prot=0x7
[TRACE] caller=driver+0x47ec mprotect addr=0x744aa1a93000 len=0x1000 prot=0x7
[TRACE] caller=driver+0x47ec mprotect addr=0x744aa1a93000 len=0x1000 prot=0x7
[TRACE] caller=driver+0x47ec mprotect addr=0x744aa1a94000 len=0x1000 prot=0x7
[TRACE] caller=driver+0x47ec mprotect addr=0x744aa1a94000 len=0x1000 prot=0x7
[TRACE] caller=driver+0x47ec mprotect addr=0x744aa1a94000 len=0x1000 prot=0x7
[TRACE] caller=driver+0x47ec mprotect addr=0x744aa1a94000 len=0x1000 prot=0x7
[TRACE] caller=driver+0x47ec mprotect addr=0x744aa1a94000 len=0x1000 prot=0x7
[TRACE] caller=driver+0x47ec mprotect addr=0x744aa1a95000 len=0x1000 prot=0x7
[TRACE] caller=driver+0x47ec mprotect addr=0x744aa1a95000 len=0x1000 prot=0x7
[TRACE] caller=driver+0x47ec mprotect addr=0x744aa1a95000 len=0x1000 prot=0x7
[TRACE] caller=driver+0x47ec mprotect addr=0x744aa1a95000 len=0x1000 prot=0x7
[TRACE] caller=driver+0x47ec mprotect addr=0x744aa1a96000 len=0x1000 prot=0x7
[TRACE] caller=driver+0x47ec mprotect addr=0x744aa1a96000 len=0x1000 prot=0x7
[TRACE] caller=driver+0x47ec mprotect addr=0x744aa1a96000 len=0x1000 prot=0x7
[TRACE] caller=driver+0x47ec mprotect addr=0x744aa1a96000 len=0x1000 prot=0x7
[TRACE] caller=driver+0x47ec mprotect addr=0x744aa1a97000 len=0x1000 prot=0x7
[TRACE] caller=driver+0x47ec mprotect addr=0x744aa1a97000 len=0x1000 prot=0x7
[TRACE] caller=driver+0x47ec mprotect addr=0x744aa1a97000 len=0x1000 prot=0x7
[TRACE] caller=driver+0x47ec mprotect addr=0x744aa1a97000 len=0x1000 prot=0x7
[TRACE] caller=driver+0x47ec mprotect addr=0x744aa1a98000 len=0x1000 prot=0x7
[TRACE] caller=driver+0x47ec mprotect addr=0x744aa1a98000 len=0x1000 prot=0x7
[TRACE] caller=driver+0x47ec mprotect addr=0x744aa1a98000 len=0x1000 prot=0x7
[TRACE] caller=driver+0x47ec mprotect addr=0x744aa1a99000 len=0x1000 prot=0x7
[TRACE] caller=driver+0x47ec mprotect addr=0x744aa1a99000 len=0x1000 prot=0x7
[TRACE] caller=driver+0x47ec mprotect addr=0x744aa1a99000 len=0x1000 prot=0x7
[TRACE] caller=driver+0x47ec mprotect addr=0x744aa1a99000 len=0x1000 prot=0x7
[TRACE] caller=driver+0x47ec mprotect addr=0x744aa1a99000 len=0x1000 prot=0x7
[TRACE] caller=driver+0x47ec mprotect addr=0x744aa1a99000 len=0x1000 prot=0x7
[TRACE] caller=driver+0x47ec mprotect addr=0x744aa1a9a000 len=0x1000 prot=0x7
[TRACE] caller=driver+0x47ec mprotect addr=0x744aa1a9a000 len=0x1000 prot=0x7
[TRACE] caller=driver+0x47ec mprotect addr=0x744aa1a9a000 len=0x1000 prot=0x7
[TRACE] caller=driver+0x47ec mprotect addr=0x744aa1a9a000 len=0x1000 prot=0x7
[TRACE] caller=driver+0x47ec mprotect addr=0x744aa1a9b000 len=0x1000 prot=0x7
[TRACE] caller=driver+0x47ec mprotect addr=0x744aa1a9b000 len=0x1000 prot=0x7
[TRACE] caller=driver+0x47ec mprotect addr=0x744aa1a9b000 len=0x1000 prot=0x7
[TRACE] caller=driver+0x47ec mprotect addr=0x744aa1a9c000 len=0x1000 prot=0x7
[TRACE] caller=driver+0x47ec mprotect addr=0x744aa1a9c000 len=0x1000 prot=0x7
[TRACE] caller=driver+0x47ec mprotect addr=0x744aa1a9c000 len=0x1000 prot=0x7
[TRACE] caller=driver+0x47ec mprotect addr=0x744aa1a9c000 len=0x1000 prot=0x7
[TRACE] caller=driver+0x47ec mprotect addr=0x744aa1a9d000 len=0x1000 prot=0x7
[TRACE] caller=driver+0x47ec mprotect addr=0x744aa1a9d000 len=0x1000 prot=0x7
[TRACE] caller=driver+0x47ec mprotect addr=0x744aa1a9d000 len=0x1000 prot=0x7
[TRACE] caller=driver+0x47ec mprotect addr=0x744aa1a9d000 len=0x1000 prot=0x7
[TRACE] caller=driver+0x47ec mprotect addr=0x744aa1a9d000 len=0x1000 prot=0x7
[TRACE] caller=driver+0x47ec mprotect addr=0x744aa1a9d000 len=0x1000 prot=0x7
[TRACE] caller=driver+0x47ec mprotect addr=0x744aa1a9e000 len=0x1000 prot=0x7
[TRACE] caller=driver+0x47ec mprotect addr=0x744aa1a9e000 len=0x1000 prot=0x7
[TRACE] caller=driver+0x47ec mprotect addr=0x744aa1a9e000 len=0x1000 prot=0x7
[TRACE] caller=driver+0x47ec mprotect addr=0x744aa1a9e000 len=0x1000 prot=0x7
[TRACE] caller=driver+0x47ec mprotect addr=0x744aa1a9e000 len=0x1000 prot=0x7
[TRACE] caller=driver+0x47ec mprotect addr=0x744aa1a9f000 len=0x1000 prot=0x7
[TRACE] caller=driver+0x47ec mprotect addr=0x744aa1a9f000 len=0x1000 prot=0x7
[TRACE] caller=driver+0x47ec mprotect addr=0x744aa1a9f000 len=0x1000 prot=0x7
[TRACE] caller=driver+0x47ec mprotect addr=0x744aa1aa0000 len=0x1000 prot=0x7
[TRACE] caller=driver+0x47ec mprotect addr=0x744aa1aa0000 len=0x1000 prot=0x7
[TRACE] caller=driver+0x47ec mprotect addr=0x744aa1aa0000 len=0x1000 prot=0x7
[TRACE] caller=driver+0x47ec mprotect addr=0x744aa1aa0000 len=0x1000 prot=0x7
[TRACE] caller=driver+0x47ec mprotect addr=0x744aa1aa1000 len=0x1000 prot=0x7
[TRACE] caller=driver+0x47ec mprotect addr=0x744aa1aa1000 len=0x1000 prot=0x7
[TRACE] caller=driver+0x47ec mprotect addr=0x744aa1aa1000 len=0x1000 prot=0x7
[TRACE] caller=driver+0x47ec mprotect addr=0x744aa1aa1000 len=0x1000 prot=0x7
[TRACE] caller=driver+0x47ec mprotect addr=0x744aa1aa2000 len=0x1000 prot=0x7
[TRACE] caller=driver+0x47ec mprotect addr=0x744aa1aa2000 len=0x1000 prot=0x7
[TRACE] caller=driver+0x47ec mprotect addr=0x744aa1aa2000 len=0x1000 prot=0x7
[TRACE] caller=driver+0x47ec mprotect addr=0x744aa1aa3000 len=0x1000 prot=0x7
[TRACE] caller=driver+0x47ec mprotect addr=0x744aa1aa3000 len=0x1000 prot=0x7
[TRACE] caller=driver+0x47ec mprotect addr=0x744aa1aa3000 len=0x1000 prot=0x7
[TRACE] caller=driver+0x47ec mprotect addr=0x744aa1aa3000 len=0x1000 prot=0x7
[TRACE] caller=driver+0x47ec mprotect addr=0x744aa1aa4000 len=0x1000 prot=0x7
[TRACE] caller=driver+0x47ec mprotect addr=0x744aa1aa4000 len=0x1000 prot=0x7
[TRACE] caller=driver+0x47ec mprotect addr=0x744aa1aa4000 len=0x1000 prot=0x7
[TRACE] caller=driver+0x47ec mprotect addr=0x744aa1aa5000 len=0x1000 prot=0x7
[TRACE] caller=driver+0x47ec mprotect addr=0x744aa1aa5000 len=0x1000 prot=0x7
[TRACE] caller=driver+0x47ec mprotect addr=0x744aa1aa5000 len=0x1000 prot=0x7
[TRACE] caller=driver+0x47ec mprotect addr=0x744aa1aa6000 len=0x1000 prot=0x7
[TRACE] caller=driver+0x47ec mprotect addr=0x744aa1aa6000 len=0x1000 prot=0x7
[TRACE] caller=driver+0x47ec mprotect addr=0x744aa1aa6000 len=0x1000 prot=0x7
[TRACE] caller=driver+0x47ec mprotect addr=0x744aa1aa6000 len=0x1000 prot=0x7
[TRACE] caller=driver+0x47ec mprotect addr=0x744aa1aa7000 len=0x1000 prot=0x7
[TRACE] caller=driver+0x47ec mprotect addr=0x744aa1aa7000 len=0x1000 prot=0x7
[TRACE] caller=driver+0x47ec mprotect addr=0x744aa1aa7000 len=0x1000 prot=0x7
[TRACE] caller=driver+0x47ec mprotect addr=0x744aa1aa7000 len=0x1000 prot=0x7
[TRACE] caller=driver+0x47ec mprotect addr=0x744aa1aa8000 len=0x1000 prot=0x7
[TRACE] caller=driver+0x47ec mprotect addr=0x744aa1aa8000 len=0x1000 prot=0x7
[TRACE] caller=driver+0x47ec mprotect addr=0x744aa1aa8000 len=0x1000 prot=0x7
[TRACE] caller=driver+0x47ec mprotect addr=0x744aa1aa8000 len=0x1000 prot=0x7
[TRACE] caller=driver+0x47ec mprotect addr=0x744aa1aa9000 len=0x1000 prot=0x7
[TRACE] caller=driver+0x47ec mprotect addr=0x744aa1aa9000 len=0x1000 prot=0x7
[TRACE] caller=driver+0x47ec mprotect addr=0x744aa1aa9000 len=0x1000 prot=0x7
[TRACE] caller=driver+0x47ec mprotect addr=0x744aa1aa9000 len=0x1000 prot=0x7
[TRACE] caller=driver+0x47ec mprotect addr=0x744aa1aaa000 len=0x1000 prot=0x7
[TRACE] caller=driver+0x47ec mprotect addr=0x744aa1aaa000 len=0x1000 prot=0x7
[TRACE] caller=driver+0x47ec mprotect addr=0x744aa1aaa000 len=0x1000 prot=0x7
[TRACE] caller=driver+0x47ec mprotect addr=0x744aa1aab000 len=0x1000 prot=0x7
[TRACE] caller=driver+0x47ec mprotect addr=0x744aa1aab000 len=0x1000 prot=0x7
[TRACE] caller=driver+0x47ec mprotect addr=0x744aa1aab000 len=0x1000 prot=0x7
[TRACE] caller=driver+0x47ec mprotect addr=0x744aa1aac000 len=0x1000 prot=0x7
[TRACE] caller=driver+0x47ec mprotect addr=0x744aa1aac000 len=0x1000 prot=0x7
[TRACE] caller=driver+0x47ec mprotect addr=0x744aa1aac000 len=0x1000 prot=0x7
[TRACE] caller=driver+0x47ec mprotect addr=0x744aa1aac000 len=0x1000 prot=0x7
[TRACE] caller=driver+0x47ec mprotect addr=0x744aa1aac000 len=0x1000 prot=0x7
[TRACE] caller=driver+0x47ec mprotect addr=0x744aa1aad000 len=0x1000 prot=0x7
[TRACE] caller=driver+0x47ec mprotect addr=0x744aa1aad000 len=0x1000 prot=0x7
[TRACE] caller=driver+0x47ec mprotect addr=0x744aa1aad000 len=0x1000 prot=0x7
[TRACE] caller=driver+0x47ec mprotect addr=0x744aa1aad000 len=0x1000 prot=0x7
[TRACE] caller=driver+0x47ec mprotect addr=0x744aa1aad000 len=0x1000 prot=0x7
[TRACE] caller=driver+0x47ec mprotect addr=0x744aa1aae000 len=0x1000 prot=0x7
[TRACE] caller=driver+0x47ec mprotect addr=0x744aa1aae000 len=0x1000 prot=0x7
[TRACE] caller=driver+0x47ec mprotect addr=0x744aa1aae000 len=0x1000 prot=0x7
[TRACE] caller=driver+0x47ec mprotect addr=0x744aa1aae000 len=0x1000 prot=0x7
[TRACE] caller=driver+0x47ec mprotect addr=0x744aa1aaf000 len=0x1000 prot=0x7
[TRACE] caller=driver+0x47ec mprotect addr=0x744aa1aaf000 len=0x1000 prot=0x7
[TRACE] caller=driver+0x47ec mprotect addr=0x744aa1aaf000 len=0x1000 prot=0x7
[TRACE] caller=driver+0x47ec mprotect addr=0x744aa1aaf000 len=0x1000 prot=0x7
[TRACE] caller=driver+0x47ec mprotect addr=0x744aa1ab0000 len=0x1000 prot=0x7
[TRACE] caller=driver+0x47ec mprotect addr=0x744aa1ab0000 len=0x1000 prot=0x7
[TRACE] caller=driver+0x47ec mprotect addr=0x744aa1ab0000 len=0x1000 prot=0x7
[TRACE] caller=driver+0x47ec mprotect addr=0x744aa1ab0000 len=0x1000 prot=0x7
[TRACE] caller=driver+0x47ec mprotect addr=0x744aa1ab1000 len=0x1000 prot=0x7
[TRACE] caller=driver+0x47ec mprotect addr=0x744aa1ab1000 len=0x1000 prot=0x7
[TRACE] caller=driver+0x47ec mprotect addr=0x744aa1ab1000 len=0x1000 prot=0x7
[TRACE] caller=driver+0x47ec mprotect addr=0x744aa1ab1000 len=0x1000 prot=0x7
[TRACE] caller=driver+0x47ec mprotect addr=0x744aa1ab1000 len=0x1000 prot=0x7
[TRACE] caller=driver+0x47ec mprotect addr=0x744aa1ab2000 len=0x1000 prot=0x7
[TRACE] caller=driver+0x47ec mprotect addr=0x744aa1ab2000 len=0x1000 prot=0x7
[TRACE] caller=driver+0x47ec mprotect addr=0x744aa1ab3000 len=0x1000 prot=0x7
[TRACE] caller=driver+0x47ec mprotect addr=0x744aa1ab3000 len=0x1000 prot=0x7
[TRACE] caller=driver+0x47ec mprotect addr=0x744aa1ab3000 len=0x1000 prot=0x7
[TRACE] caller=driver+0x47ec mprotect addr=0x744aa1ab3000 len=0x1000 prot=0x7
[TRACE] caller=driver+0x47ec mprotect addr=0x744aa1ab4000 len=0x1000 prot=0x7
[TRACE] caller=driver+0x47ec mprotect addr=0x744aa1ab4000 len=0x1000 prot=0x7
[TRACE] caller=driver+0x47ec mprotect addr=0x744aa1ab4000 len=0x1000 prot=0x7
[TRACE] caller=driver+0x47ec mprotect addr=0x744aa1ab4000 len=0x1000 prot=0x7
[TRACE] caller=driver+0x47ec mprotect addr=0x744aa1ab4000 len=0x1000 prot=0x7
[TRACE] caller=driver+0x47ec mprotect addr=0x744aa1ab5000 len=0x1000 prot=0x7
[TRACE] caller=driver+0x47ec mprotect addr=0x744aa1ab5000 len=0x1000 prot=0x7
[TRACE] caller=driver+0x47ec mprotect addr=0x744aa1ab5000 len=0x1000 prot=0x7
[TRACE] caller=driver+0x47ec mprotect addr=0x744aa1ab6000 len=0x1000 prot=0x7
[TRACE] caller=driver+0x47ec mprotect addr=0x744aa1ab6000 len=0x1000 prot=0x7
[TRACE] caller=driver+0x47ec mprotect addr=0x744aa1ab6000 len=0x1000 prot=0x7
[TRACE] caller=driver+0x47ec mprotect addr=0x744aa1ab6000 len=0x1000 prot=0x7
[TRACE] caller=driver+0x47ec mprotect addr=0x744aa1ab6000 len=0x1000 prot=0x7
[TRACE] caller=driver+0x47ec mprotect addr=0x744aa1ab7000 len=0x1000 prot=0x7
[TRACE] caller=driver+0x47ec mprotect addr=0x744aa1ab7000 len=0x1000 prot=0x7
[TRACE] caller=driver+0x47ec mprotect addr=0x744aa1ab7000 len=0x1000 prot=0x7
[TRACE] caller=driver+0x47ec mprotect addr=0x744aa1ab7000 len=0x1000 prot=0x7
[TRACE] caller=driver+0x47ec mprotect addr=0x744aa1ab8000 len=0x1000 prot=0x7
[TRACE] caller=driver+0x47ec mprotect addr=0x744aa1ab8000 len=0x1000 prot=0x7
[TRACE] caller=driver+0x47ec mprotect addr=0x744aa1ab8000 len=0x1000 prot=0x7
[TRACE] caller=driver+0x47ec mprotect addr=0x744aa1ab8000 len=0x1000 prot=0x7
[TRACE] caller=driver+0x47ec mprotect addr=0x744aa1ab8000 len=0x1000 prot=0x7
[TRACE] caller=driver+0x47ec mprotect addr=0x744aa1ab9000 len=0x1000 prot=0x7
[TRACE] caller=driver+0x47ec mprotect addr=0x744aa1ab9000 len=0x1000 prot=0x7
[TRACE] caller=driver+0x47ec mprotect addr=0x744aa1aba000 len=0x1000 prot=0x7
[TRACE] caller=driver+0x47ec mprotect addr=0x744aa1aba000 len=0x1000 prot=0x7
[TRACE] caller=driver+0x47ec mprotect addr=0x744aa1aba000 len=0x1000 prot=0x7
[TRACE] caller=driver+0x47ec mprotect addr=0x744aa1abb000 len=0x1000 prot=0x7
[TRACE] caller=driver+0x47ec mprotect addr=0x744aa1abb000 len=0x1000 prot=0x7
[TRACE] caller=driver+0x47ec mprotect addr=0x744aa1abc000 len=0x1000 prot=0x7
[TRACE] caller=driver+0x47ec mprotect addr=0x744aa1abc000 len=0x1000 prot=0x7
[TRACE] caller=driver+0x47ec mprotect addr=0x744aa1abc000 len=0x1000 prot=0x7
[TRACE] caller=driver+0x47ec mprotect addr=0x744aa1abc000 len=0x1000 prot=0x7
[TRACE] caller=driver+0x47ec mprotect addr=0x744aa1abc000 len=0x1000 prot=0x7
[TRACE] caller=driver+0x47ec mprotect addr=0x744aa1abc000 len=0x1000 prot=0x7
[TRACE] caller=driver+0x47ec mprotect addr=0x744aa1abd000 len=0x1000 prot=0x7
[TRACE] caller=driver+0x47ec mprotect addr=0x744aa1abd000 len=0x1000 prot=0x7
[TRACE] caller=driver+0x47ec mprotect addr=0x744aa1abd000 len=0x1000 prot=0x7
[TRACE] caller=driver+0x47ec mprotect addr=0x744aa1abe000 len=0x1000 prot=0x7
[TRACE] caller=driver+0x47ec mprotect addr=0x744aa1abe000 len=0x1000 prot=0x7
[TRACE] caller=driver+0x47ec mprotect addr=0x744aa1abe000 len=0x1000 prot=0x7
[TRACE] caller=driver+0x47ec mprotect addr=0x744aa1abf000 len=0x1000 prot=0x7
[TRACE] caller=driver+0x47ec mprotect addr=0x744aa1abf000 len=0x1000 prot=0x7
[TRACE] caller=driver+0x47ec mprotect addr=0x744aa1abf000 len=0x1000 prot=0x7
[TRACE] caller=driver+0x47ec mprotect addr=0x744aa1abf000 len=0x1000 prot=0x7
[TRACE] caller=driver+0x47ec mprotect addr=0x744aa1abf000 len=0x1000 prot=0x7
[TRACE] caller=driver+0x47ec mprotect addr=0x744aa1abf000 len=0x1000 prot=0x7
[TRACE] caller=driver+0x47ec mprotect addr=0x744aa1ac0000 len=0x1000 prot=0x7
[TRACE] caller=driver+0x47ec mprotect addr=0x744aa1ac0000 len=0x1000 prot=0x7
[TRACE] caller=driver+0x47ec mprotect addr=0x744aa1ac0000 len=0x1000 prot=0x7
[TRACE] caller=driver+0x47ec mprotect addr=0x744aa1ac0000 len=0x1000 prot=0x7
[TRACE] caller=driver+0x47ec mprotect addr=0x744aa1ac1000 len=0x1000 prot=0x7
[TRACE] caller=driver+0x47ec mprotect addr=0x744aa1ac1000 len=0x1000 prot=0x7
[TRACE] caller=driver+0x47ec mprotect addr=0x744aa1ac1000 len=0x1000 prot=0x7
[TRACE] caller=driver+0x47ec mprotect addr=0x744aa1ac1000 len=0x1000 prot=0x7
[TRACE] caller=driver+0x47ec mprotect addr=0x744aa1ac2000 len=0x1000 prot=0x7
[TRACE] caller=driver+0x47ec mprotect addr=0x744aa1ac2000 len=0x1000 prot=0x7
[TRACE] caller=driver+0x47ec mprotect addr=0x744aa1ac3000 len=0x1000 prot=0x7
[TRACE] caller=driver+0x47ec mprotect addr=0x744aa1ac3000 len=0x1000 prot=0x7
[DRIVER] dispatch trace enabled base=0x744aa1a00000 dispatch_sites=2 limit=1 detail=0 tail=1 tail_regs=1 tail_scratch=1 tail_mem=0 tail_limit=312 tail_sites=311 scratch_offsets=26 read_ranges=54 focus_ips=78 focus_sites=0 stop_after_matches=0 dispatch_focus_sites=0 dispatch_stop_after_matches=0 probe=0 probe_sites=0 probe_limit=4096 probe_stop_after_matches=0
[DRIVER] dispatch site +0xc80b9
[DRIVER] dispatch site +0xcdac7
[DRIVER] tail site +0x8173b -> rax
[DRIVER] tail site +0x8a49b -> r8
[DRIVER] tail site +0x9a46b -> r9
[DRIVER] tail site +0x9b0c5 -> r10
[DRIVER] tail site +0x9b687 -> r14
[DRIVER] tail site +0xb86f5 -> r13
[DRIVER] tail site +0xbb8a8 -> rax
[DRIVER] tail site +0xbba0c -> r12
[DRIVER] tail site +0xc240d -> rdx
[DRIVER] tail site +0x9c3f4 -> r13
[DRIVER] tail site +0xa0068 -> r10
[DRIVER] tail site +0xb265e -> r10
[DRIVER] tail site +0xb708a -> r12
[DRIVER] tail site +0xc2d35 -> rbx
[DRIVER] tail site +0x78833 -> rdx
[DRIVER] tail site +0x78c74 -> r12
[DRIVER] tail site +0x792f5 -> r15
[DRIVER] tail site +0x79672 -> r10
[DRIVER] tail site +0x799c4 -> r14
[DRIVER] tail site +0x79da1 -> rax
[DRIVER] tail site +0x7a04c -> r8
[DRIVER] tail site +0x7a4d6 -> rdx
[DRIVER] tail site +0x7acd6 -> rsi
[DRIVER] tail site +0x7aee6 -> rax
[DRIVER] tail site +0x7b3bb -> r12
[DRIVER] tail site +0x7b6c9 -> rbx
[DRIVER] tail site +0x7bae7 -> rdx
[DRIVER] tail site +0x7be98 -> r14
[DRIVER] tail site +0x7c308 -> rsi
[DRIVER] tail site +0x7c628 -> r12
[DRIVER] tail site +0x7ca96 -> rcx
[DRIVER] tail site +0x7d004 -> r14
[DRIVER] tail site +0x7d5e9 -> r9
[DRIVER] tail site +0x7d93f -> rcx
[DRIVER] tail site +0x7dbb8 -> r12
[DRIVER] tail site +0x7dfbd -> rdi
[DRIVER] tail site +0x7e38d -> r10
[DRIVER] tail site +0x7e7ca -> r11
[DRIVER] tail site +0x7ecd0 -> rdi
[DRIVER] tail site +0x7efa6 -> rax
[DRIVER] tail site +0x7f7c1 -> r8
[DRIVER] tail site +0x7fba1 -> rdi
[DRIVER] tail site +0x7fd4a -> r13
[DRIVER] tail site +0x8009e -> r8
[DRIVER] tail site +0x80682 -> r15
[DRIVER] tail site +0x80d77 -> rdx
[DRIVER] tail site +0x80ef3 -> r8
[DRIVER] tail site +0x8115a -> r9
[DRIVER] tail site +0x8129b -> rcx
[DRIVER] tail site +0x815e7 -> r15
[DRIVER] tail site +0x81b7c -> r8
[DRIVER] tail site +0x81f2c -> rbx
[DRIVER] tail site +0x820df -> rcx
[DRIVER] tail site +0x822b9 -> r9
[DRIVER] tail site +0x82474 -> r11
[DRIVER] tail site +0x8281e -> rdx
[DRIVER] tail site +0x82e73 -> r8
[DRIVER] tail site +0x833c5 -> rdx
[DRIVER] tail site +0x8371b -> rcx
[DRIVER] tail site +0x83b3d -> r12
[DRIVER] tail site +0x83e73 -> r9
[DRIVER] tail site +0x841f6 -> r14
[DRIVER] tail site +0x84289 -> r9
[DRIVER] tail site +0x84593 -> r11
[DRIVER] tail site +0x84760 -> rdx
[DRIVER] tail site +0x84aa0 -> r8
[DRIVER] tail site +0x84e1b -> rax
[DRIVER] tail site +0x85056 -> r9
[DRIVER] tail site +0x8536e -> r13
[DRIVER] tail site +0x855fc -> r13
[DRIVER] tail site +0x859f9 -> r8
[DRIVER] tail site +0x85b87 -> rax
[DRIVER] tail site +0x85f22 -> rsi
[DRIVER] tail site +0x86763 -> r8
[DRIVER] tail site +0x868bb -> rsi
[DRIVER] tail site +0x86be2 -> rdx
[DRIVER] tail site +0x86d40 -> r13
[DRIVER] tail site +0x873fa -> rsi
[DRIVER] tail site +0x87c25 -> r14
[DRIVER] tail site +0x8812f -> rdi
[DRIVER] tail site +0x883be -> rbx
[DRIVER] tail site +0x88a55 -> r10
[DRIVER] tail site +0x8920b -> r15
[DRIVER] tail site +0x89478 -> r8
[DRIVER] tail site +0x89839 -> rdi
[DRIVER] tail site +0x89b35 -> rsi
[DRIVER] tail site +0x8a37d -> rdi
[DRIVER] tail site +0x8aa11 -> r14
[DRIVER] tail site +0x8b026 -> rsi
[DRIVER] tail site +0x8b332 -> rcx
[DRIVER] tail site +0x8b6db -> r12
[DRIVER] tail site +0x8b8c9 -> rdx
[DRIVER] tail site +0x8bcec -> r13
[DRIVER] tail site +0x8c41a -> rbx
[DRIVER] tail site +0x8c5b7 -> rdi
[DRIVER] tail site +0x8c8e9 -> r11
[DRIVER] tail site +0x8cc7f -> rax
[DRIVER] tail site +0x8ceb2 -> rdi
[DRIVER] tail site +0x8d71b -> rcx
[DRIVER] tail site +0x8df99 -> r11
[DRIVER] tail site +0x8e2ed -> rcx
[DRIVER] tail site +0x8e6b2 -> rsi
[DRIVER] tail site +0x8eb77 -> rdx
[DRIVER] tail site +0x8eef1 -> r9
[DRIVER] tail site +0x8f248 -> r9
[DRIVER] tail site +0x8f6cf -> rcx
[DRIVER] tail site +0x8f831 -> r8
[DRIVER] tail site +0x8faea -> rdi
[DRIVER] tail site +0x9026c -> r9
[DRIVER] tail site +0x90893 -> rdi
[DRIVER] tail site +0x90a18 -> r12
[DRIVER] tail site +0x90c21 -> rax
[DRIVER] tail site +0x90eb9 -> r11
[DRIVER] tail site +0x91067 -> r11
[DRIVER] tail site +0x91377 -> rbx
[DRIVER] tail site +0x9170b -> rdx
[DRIVER] tail site +0x91a57 -> rdx
[DRIVER] tail site +0x91e7f -> rdx
[DRIVER] tail site +0x922c1 -> r12
[DRIVER] tail site +0x92612 -> r14
[DRIVER] tail site +0x92998 -> r14
[DRIVER] tail site +0x92f1f -> rdx
[DRIVER] tail site +0x931d0 -> r11
[DRIVER] tail site +0x937cd -> r13
[DRIVER] tail site +0x93f76 -> r14
[DRIVER] tail site +0x94475 -> r11
[DRIVER] tail site +0x94619 -> rdx
[DRIVER] tail site +0x94970 -> r13
[DRIVER] tail site +0x94c38 -> rax
[DRIVER] tail site +0x94ddc -> r15
[DRIVER] tail site +0x951c0 -> rsi
[DRIVER] tail site +0x953af -> rsi
[DRIVER] tail site +0x957d6 -> r11
[DRIVER] tail site +0x95b59 -> r8
[DRIVER] tail site +0x9634f -> r12
[DRIVER] tail site +0x96915 -> r12
[DRIVER] tail site +0x96b6b -> r12
[DRIVER] tail site +0x96eb1 -> r14
[DRIVER] tail site +0x9730e -> r10
[DRIVER] tail site +0x97689 -> r11
[DRIVER] tail site +0x979a8 -> r13
[DRIVER] tail site +0x97ce3 -> r9
[DRIVER] tail site +0x980a9 -> rax
[DRIVER] tail site +0x98351 -> r13
[DRIVER] tail site +0x98a98 -> rdi
[DRIVER] tail site +0x99026 -> r9
[DRIVER] tail site +0x992ca -> r13
[DRIVER] tail site +0x994cc -> r11
[DRIVER] tail site +0x99757 -> r8
[DRIVER] tail site +0x99b3a -> rax
[DRIVER] tail site +0x99e1e -> r15
[DRIVER] tail site +0x9a249 -> r14
[DRIVER] tail site +0x9a8cf -> r12
[DRIVER] tail site +0x9aa81 -> rdx
[DRIVER] tail site +0x9af16 -> rdi
[DRIVER] tail site +0x9b4b0 -> r10
[DRIVER] tail site +0x9ba72 -> rsi
[DRIVER] tail site +0x9bd8c -> r11
[DRIVER] tail site +0x9c08c -> r15
[DRIVER] tail site +0x9c748 -> rcx
[DRIVER] tail site +0x9ca8a -> r9
[DRIVER] tail site +0x9cf2f -> r12
[DRIVER] tail site +0x9d13d -> rdx
[DRIVER] tail site +0x9d24a -> rax
[DRIVER] tail site +0x9d492 -> r15
[DRIVER] tail site +0x9d692 -> rcx
[DRIVER] tail site +0x9d961 -> r13
[DRIVER] tail site +0x9dcab -> r10
[DRIVER] tail site +0x9e07a -> r8
[DRIVER] tail site +0x9e333 -> r10
[DRIVER] tail site +0x9e7ac -> r9
[DRIVER] tail site +0x9eac9 -> rdx
[DRIVER] tail site +0x9ede7 -> rax
[DRIVER] tail site +0x9f007 -> r15
[DRIVER] tail site +0x9f779 -> r14
[DRIVER] tail site +0x9faa2 -> rbx
[DRIVER] tail site +0xa037b -> r8
[DRIVER] tail site +0xa062e -> r14
[DRIVER] tail site +0xa0a9c -> rax
[DRIVER] tail site +0xa0dc7 -> r10
[DRIVER] tail site +0xa13d3 -> r10
[DRIVER] tail site +0xa1936 -> r12
[DRIVER] tail site +0xa1a92 -> r12
[DRIVER] tail site +0xa1ecd -> rbx
[DRIVER] tail site +0xa235e -> r14
[DRIVER] tail site +0xa2933 -> rbx
[DRIVER] tail site +0xa2da1 -> rdi
[DRIVER] tail site +0xa35dd -> r13
[DRIVER] tail site +0xa3a49 -> rdx
[DRIVER] tail site +0xa3dc4 -> r14
[DRIVER] tail site +0xa3fe7 -> rdx
[DRIVER] tail site +0xa4606 -> r13
[DRIVER] tail site +0xa4a5e -> r14
[DRIVER] tail site +0xa4df4 -> r14
[DRIVER] tail site +0xa5178 -> r12
[DRIVER] tail site +0xa5886 -> r10
[DRIVER] tail site +0xa5f3a -> rdi
[DRIVER] tail site +0xa646d -> r13
[DRIVER] tail site +0xa68bf -> r10
[DRIVER] tail site +0xa6af6 -> r14
[DRIVER] tail site +0xa6e53 -> rdx
[DRIVER] tail site +0xa71fb -> r8
[DRIVER] tail site +0xa757c -> r11
[DRIVER] tail site +0xa7999 -> rdi
[DRIVER] tail site +0xa7ef6 -> rsi
[DRIVER] tail site +0xa81c1 -> r12
[DRIVER] tail site +0xa844e -> rdi
[DRIVER] tail site +0xa87b4 -> rbx
[DRIVER] tail site +0xa8e1d -> rsi
[DRIVER] tail site +0xa94a3 -> rdx
[DRIVER] tail site +0xa991c -> rdx
[DRIVER] tail site +0xa9cf4 -> r8
[DRIVER] tail site +0xa9ff7 -> r8
[DRIVER] tail site +0xaa87a -> r13
[DRIVER] tail site +0xaab67 -> r8
[DRIVER] tail site +0xaaf3c -> rsi
[DRIVER] tail site +0xab13e -> r14
[DRIVER] tail site +0xab424 -> r12
[DRIVER] tail site +0xabc56 -> r9
[DRIVER] tail site +0xac10e -> rdx
[DRIVER] tail site +0xac43d -> r11
[DRIVER] tail site +0xac7ff -> r11
[DRIVER] tail site +0xacbc3 -> rbx
[DRIVER] tail site +0xacefb -> rsi
[DRIVER] tail site +0xad329 -> r8
[DRIVER] tail site +0xad766 -> rsi
[DRIVER] tail site +0xad847 -> rdi
[DRIVER] tail site +0xadbfa -> r9
[DRIVER] tail site +0xadf29 -> r14
[DRIVER] tail site +0xae32f -> r11
[DRIVER] tail site +0xae909 -> rbx
[DRIVER] tail site +0xaeda0 -> rcx
[DRIVER] tail site +0xaeeff -> r12
[DRIVER] tail site +0xaf26a -> r13
[DRIVER] tail site +0xaf4cc -> r13
[DRIVER] tail site +0xaf8ac -> r8
[DRIVER] tail site +0xafa1d -> rdx
[DRIVER] tail site +0xb0005 -> rax
[DRIVER] tail site +0xb0458 -> r15
[DRIVER] tail site +0xb092e -> rax
[DRIVER] tail site +0xb0e2d -> r12
[DRIVER] tail site +0xb11c7 -> r15
[DRIVER] tail site +0xb1545 -> r9
[DRIVER] tail site +0xb180b -> r11
[DRIVER] tail site +0xb1b2a -> r15
[DRIVER] tail site +0xb1fd3 -> rax
[DRIVER] tail site +0xb2340 -> rdi
[DRIVER] tail site +0xb2db4 -> rdx
[DRIVER] tail site +0xb3125 -> r12
[DRIVER] tail site +0xb360f -> r8
[DRIVER] tail site +0xb3799 -> rdi
[DRIVER] tail site +0xb3ff1 -> r9
[DRIVER] tail site +0xb42df -> r12
[DRIVER] tail site +0xb45cf -> r10
[DRIVER] tail site +0xb497e -> rdi
[DRIVER] tail site +0xb4bfe -> rdx
[DRIVER] tail site +0xb4eda -> r11
[DRIVER] tail site +0xb540d -> rdx
[DRIVER] tail site +0xb593d -> rbx
[DRIVER] tail site +0xb5d7a -> rcx
[DRIVER] tail site +0xb60dd -> r14
[DRIVER] tail site +0xb625a -> r15
[DRIVER] tail site +0xb64d5 -> rsi
[DRIVER] tail site +0xb68ff -> r13
[DRIVER] tail site +0xb6bb7 -> r10
[DRIVER] tail site +0xb7583 -> r8
[DRIVER] tail site +0xb7699 -> r12
[DRIVER] tail site +0xb78ad -> r9
[DRIVER] tail site +0xb7bb8 -> rax
[DRIVER] tail site +0xb8062 -> rbx
[DRIVER] tail site +0xb837a -> rcx
[DRIVER] tail site +0xb84a4 -> r10
[DRIVER] tail site +0xb8b3f -> r8
[DRIVER] tail site +0xb8fcc -> r14
[DRIVER] tail site +0xb944f -> rcx
[DRIVER] tail site +0xb9878 -> r12
[DRIVER] tail site +0xba0cc -> rax
[DRIVER] tail site +0xba680 -> r15
[DRIVER] tail site +0xbada2 -> r8
[DRIVER] tail site +0xbb1db -> rsi
[DRIVER] tail site +0xbb6e3 -> r8
[DRIVER] tail site +0xbc06b -> rdi
[DRIVER] tail site +0xbc31d -> r13
[DRIVER] tail site +0xbc464 -> rcx
[DRIVER] tail site +0xbc673 -> r11
[DRIVER] tail site +0xbc9b6 -> rdx
[DRIVER] tail site +0xbcfc5 -> r15
[DRIVER] tail site +0xbd36a -> r13
[DRIVER] tail site +0xbd8ad -> rsi
[DRIVER] tail site +0xbdd16 -> rcx
[DRIVER] tail site +0xbe55b -> rdx
[DRIVER] tail site +0xbe8ca -> r11
[DRIVER] tail site +0xbec0b -> r10
[DRIVER] tail site +0xbf126 -> rbx
[DRIVER] tail site +0xbf2d3 -> rsi
[DRIVER] tail site +0xbf433 -> rdx
[DRIVER] tail site +0xbf886 -> r15
[DRIVER] tail site +0xbfb96 -> r13
[DRIVER] tail site +0xbff68 -> rsi
[DRIVER] tail site +0xc02e2 -> rdi
[DRIVER] tail site +0xc0532 -> r14
[DRIVER] tail site +0xc088b -> rsi
[DRIVER] tail site +0xc0d7b -> rdi
[DRIVER] tail site +0xc1409 -> rsi
[DRIVER] tail site +0xc1923 -> r13
[DRIVER] tail site +0xc1d46 -> rdi
[DRIVER] tail site +0xc1ec2 -> rsi
[DRIVER] tail site +0xc21c0 -> r10
[DRIVER] tail site +0xc2917 -> r9
[DRIVER] tail site +0xc3403 -> r13
[DRIVER] tail site +0xc3716 -> rbx
[DRIVER] call x(buf=0x5bfebc047010,len=0x800,mode=1,out=0x5bfebc047820)
[DISPATCH] site=0xc80b9 count=1 slot=0x744aa1ac39c8 slot_off=0xc39c8 idx=0x2b0 frame=0x744aa1a7836d frame_off=0x7836d vm_ip=0x744aa1c6cd71 vm_ip_off=0x26cd71 vm_flags=0x0 vm_state=0x0 vm_byte=0x0 target=0x744aa1a8a37f target_off=0x8a37f
[TRACE] caller=eac.elf+0x4c000b fopen path=/dev/urandom mode=rb
[TRACE] caller=eac.elf+0x4c000b fopen path=/dev/urandom mode=rb
[TRACE] caller=eac.elf+0x3376ac open path=/proc/1515999/comm flags=0x0
[TRACE] caller=eac.elf+0x334271 open path=/proc/1515999/cmdline flags=0x0
[TRACE] caller=eac.elf+0x33ae27 open path=/proc/1515999/status flags=0x0
[TRACE] caller=eac.elf+0x33d5f1 open path=/proc/self/maps flags=0x0
[DISPATCH] site=0xcdac7 count=1 slot=0x744aa1ac4130 slot_off=0xc4130 idx=0xa18 frame=0x744aa1a7836d frame_off=0x7836d vm_ip=0x744aa1d3f278 vm_ip_off=0x33f278 vm_flags=0xd56bbddf vm_state=0xbffcd2b0 vm_byte=0x3a target=0x744aa1abb6e6 target_off=0xbb6e6
[TRACE] caller=eac.elf+0x58b24 open path=/proc/mounts flags=0x0
[TRACE] caller=eac.elf+0x36a519 open path=/sys/devices/virtual/dmi/id/board_name flags=0x0
[VMTAIL] site=0x9b0c5 count=1 frame=0x744aa1a7836d frame_off=0x7836d vm_ip=0x744aa1d68952 vm_ip_off=0x368952 vm_flags=0x3bc054ba vm_state=0x1054a4b2 vm_byte=0x3a table=0x744aa1ac3718 table_off=0xc3718 rax=0x0 rbx=0x0 rcx=0x744aa1a7847c rdx=0x744aa1a78555 rsi=0x744aa1ac4228 rdi=0x210 r8=0xb10 r9=0x0 r10=0x744aa1ac2241 r11=0x744aa1d6894e r12=0x744aa1a78391 r13=0x744aa1a78377 r14=0x504aa1040040 r15=0x5bfea9469dc8 rbp=0x744aa1a7836d rsp=0x7ffe44cd5c68 fs0x0=0xda3b7d9 fs0x12=0x7ffe44cd5d6001 fs0x60=0x7ffdcf89ade7 fs0x68=0x7ffe44cd5d60 fs0x71=0x7ffe5f12424f fs0x81=0x744a87629e91 fs0xe1=0x7820000000000062 fs0x13d=0x206 fs0x16f=0x1054a4b201 fs0x1e8=0x7ffe44cd5c68 fs0x13=0x7ffe44cd5d60 fs0x91=0x5bfebc047010 fs0xab=0x0 fs0xb3=0x7ffe44cd5d60 fs0xcb=0x744aa26c5000 fs0x19d=0x27 fs0x28=0x202 fs0x38=0x5bfea9469dc8 fs0x79=0x744aa24a06c6 fs0x89=0x0 fs0x99=0x0 fs0xd3=0x0 fs0x107=0x5bfebc047820 fs0x123=0x7ffe44cd6248 fs0x128=0x7f fs0x147=0x6 ip_w0=0x40 ip_w1=0xa2bd ip_w2=0x99 ip_w3=0x1b17 ip_w4=0x6fab ip_w5=0x988 ip_w6=0x3dd4 ip_w7=0xe8e5 ip_w8=0xef01 ip_w9=0xabd5 ip_w10=0x4400 ip_w11=0xabde ip_w12=0x6800 ip_w13=0x3aa8 ip_w14=0x1e8 ip_w15=0xf129 target=0x744aa1ac2241 target_off=0xc2241
[VMTAIL] site=0x9af16 count=2 frame=0x744aa1a7836d frame_off=0x7836d vm_ip=0x744aa1d68aa9 vm_ip_off=0x368aa9 vm_flags=0x453a090 vm_state=0x20040 vm_byte=0x50 table=0x744aa1ac3718 table_off=0xc3718 rax=0x0 rbx=0x744aa1ac4078 rcx=0x744aa1a784dd rdx=0x744aa1ac3918 rsi=0x960 rdi=0x744aa1ab6c36 r8=0xffff8bb5789d6118 r9=0x744aa1ac3719 r10=0x7449b11f9a08 r11=0xffffffff80000024 r12=0x744aa1a784dd r13=0x744aa1a78377 r14=0xfffffffffffff6a0 r15=0xffff8bb54e080308 rbp=0x744aa1a7836d rsp=0x7ffe44cd5d00 fs0x0=0xffffffff991fb4c3 fs0x12=0x7ffe44cd5d6000 fs0x60=0x991fb4bf fs0x68=0x7ffe44cd5d08 fs0x71=0x1a44e4f2 fs0x81=0x744a87629ee6 fs0xe1=0x7820000000000062 fs0x13d=0x213 fs0x16f=0x2004000 fs0x1e8=0x7ffe44cd5d00 fs0x13=0x7ffe44cd5d60 fs0x91=0x5bfebc047010 fs0xab=0x0 fs0xb3=0x7ffe44cd5d60 fs0xcb=0x744aa26c5000 fs0x19d=0x0 fs0x28=0x202 fs0x38=0x5bfea9469dc8 fs0x79=0x744aa24a06c6 fs0x89=0x0 fs0x99=0x0 fs0xd3=0x27 fs0x107=0x5bfebc047820 fs0x123=0x7ffe44cd6248 fs0x128=0x7f fs0x147=0x6 ip_w0=0x6158 ip_w1=0x3d0 ip_w2=0x1e8 ip_w3=0x8e9e ip_w4=0x810 ip_w5=0x9a08 ip_w6=0x5c36 ip_w7=0x7e63 ip_w8=0x3d45 ip_w9=0x1 ip_w10=0x28f1 ip_w11=0x593a ip_w12=0x5083 ip_w13=0x9bac ip_w14=0x4ed2 ip_w15=0x8512 target=0x744aa1ab6c36 target_off=0xb6c36
[VMTAIL] site=0x9b0c5 count=3 frame=0x744aa1a7836d frame_off=0x7836d vm_ip=0x744aa1d68c49 vm_ip_off=0x368c49 vm_flags=0xacb11fb3 vm_state=0x9cde1084 vm_byte=0x3a table=0x744aa1ac3718 table_off=0xc3718 rax=0x0 rbx=0x400 rcx=0x744aa1a7847c rdx=0x744aa1a78555 rsi=0x744aa1ac3c70 rdi=0x210 r8=0x558 r9=0x0 r10=0x744aa1a9b4b3 r11=0x744aa1d68c45 r12=0x744aa1a78391 r13=0x744aa1a78377 r14=0x504aa1009480 r15=0x5bfea9469dc8 rbp=0x744aa1a7836d rsp=0x7ffe44cd5c68 fs0x0=0xda3b7d9 fs0x12=0x300 fs0x60=0x6de2f3a9 fs0x68=0x7ffe44cd5d08 fs0x71=0x1a44e4f2 fs0x81=0x744a87629e91 fs0xe1=0x7820000000000062 fs0x13d=0x213 fs0x16f=0x9cde108401 fs0x1e8=0x7ffe44cd5c68 fs0x13=0x3 fs0x91=0x5bfebc047010 fs0xab=0x0 fs0xb3=0x3 fs0xcb=0x744aa26c5000 fs0x19d=0x7ffe44cd5d90 fs0x28=0x202 fs0x38=0x5bfea9469dc8 fs0x79=0x7ffe44cd5d90 fs0x89=0x0 fs0x99=0x0 fs0xd3=0x7f fs0x107=0x5bfebc047820 fs0x123=0x7ffe44cd6248 fs0x128=0x7f fs0x147=0x6 ip_w0=0x102 ip_w1=0xbe4e ip_w2=0x7607 ip_w3=0x7865 ip_w4=0x1c1 ip_w5=0xabcc ip_w6=0xe83a ip_w7=0xc001 ip_w8=0xcc4a ip_w9=0xab1d ip_w10=0xc100 ip_w11=0x7be7 ip_w12=0xf603 ip_w13=0xd2d5 ip_w14=0x18e2 ip_w15=0x1e8 target=0x744aa1a9b4b3 target_off=0x9b4b3
[VMTAIL] site=0x99026 count=4 frame=0x744aa1a7836d frame_off=0x7836d vm_ip=0x744aa1d68de9 vm_ip_off=0x368de9 vm_flags=0xa04b0a4 vm_state=0x17d34ed8 vm_byte=0x3a table=0x744aa1ac3718 table_off=0xc3718 rax=0x744aa1afbf8c rbx=0xffffffffffffffff rcx=0x744aa1ac3ae0 rdx=0x3c8 rsi=0x107221 rdi=0x3c8 r8=0x0 r9=0x744aa1a91379 r10=0x744aa1a78377 r11=0x744aa1a783ee r12=0x744aa1a784dd r13=0xfffffffffff7c941 r14=0x744aa1a783de r15=0x0 rbp=0x744aa1a7836d rsp=0x7ffe44cd5d00 fs0x0=0xffffffff991fb4d5 fs0x12=0x300 fs0x60=0xffffffff991fb4c0 fs0x68=0x7ffe44cd5d48 fs0x71=0x1a44e504 fs0x81=0x744a87629ee6 fs0xe1=0x7820000000000062 fs0x13d=0x202 fs0x16f=0x17d34ed800 fs0x1e8=0x7ffe44cd5d00 fs0x13=0x3 fs0x91=0x5bfebc047010 fs0xab=0x0 fs0xb3=0x15 fs0xcb=0x744aa26c5000 fs0x19d=0x7ffe44cd5d90 fs0x28=0x202 fs0x38=0x5bfea9469dc8 fs0x79=0x744aa24a06c6 fs0x89=0x0 fs0x99=0x0 fs0xd3=0x15 fs0x107=0x5bfebc047820 fs0x123=0x7ffe44cd6248 fs0x128=0x7f fs0x147=0x6 ip_w0=0x1b10 ip_w1=0xc550 ip_w2=0xf93 ip_w3=0x1e8 ip_w4=0x451f ip_w5=0x22ad ip_w6=0x5b65 ip_w7=0x1c ip_w8=0x13d ip_w9=0x9dd ip_w10=0x6d0b ip_w11=0x17d7 ip_w12=0xcb2a ip_w13=0x409a ip_w14=0x14a7 ip_w15=0x62 target=0x744aa1a91379 target_off=0x91379
[VMTAIL] site=0x7e7ca count=5 frame=0x744aa1a7836d frame_off=0x7836d vm_ip=0x744aa1d68e58 vm_ip_off=0x368e58 vm_flags=0xf4288caf vm_state=0xa575bd8 vm_byte=0x3a table=0x744aa1ac3718 table_off=0xc3718 rax=0xf4288caf rbx=0x744aa1ac41f0 rcx=0x744aa1a78377 rdx=0x744aa1a78390 rsi=0x744aa1f2dca4 rdi=0xffffffffff8ef3bb r8=0x744aa1a784dd r9=0x744aa1a784dd r10=0x0 r11=0x744aa1ac088d r12=0x744a21a40888 r13=0x12 r14=0xad8 r15=0x0 rbp=0x744aa1a7836d rsp=0x7ffe44cd5d00 fs0x0=0xfffffffffb78fc4a fs0x12=0x300 fs0x60=0xfffffffffb78fc34 fs0x68=0x7ffe44cd5d48 fs0x71=0x1a44e504 fs0x81=0x7ffe2a887859 fs0xe1=0x7820000000000062 fs0x13d=0x213 fs0x16f=0xa575bd800 fs0x1e8=0x7ffe44cd5d00 fs0x13=0x3 fs0x91=0x5bfebc047010 fs0xab=0x0 fs0xb3=0x15 fs0xcb=0x744aa26c5000 fs0x19d=0x7ffe44cd5d90 fs0x28=0x202 fs0x38=0x5bfea9469dc8 fs0x79=0x744aa24a06c6 fs0x89=0x0 fs0x99=0x0 fs0xd3=0x15 fs0x107=0x5bfebc047820 fs0x123=0x7ffe44cd6248 fs0x128=0x7f fs0x147=0x6 ip_w0=0x8a96 ip_w1=0x28c ip_w2=0x947f ip_w3=0xe81b ip_w4=0xe9c6 ip_w5=0x212 ip_w6=0x1e8 ip_w7=0x7cf4 ip_w8=0xa852 ip_w9=0x13d ip_w10=0xcf00 ip_w11=0xfeb7 ip_w12=0x79b9 ip_w13=0xd7ef ip_w14=0x2d6c ip_w15=0x44cc target=0x744aa1ac088d target_off=0xc088d
[VMTAIL] site=0xa062e count=6 frame=0x744aa1a7836d frame_off=0x7836d vm_ip=0x744aa1d68f60 vm_ip_off=0x368f60 vm_flags=0x7cdf5a07 vm_state=0xbff66ea9 vm_byte=0x3a table=0x744aa1ac3718 table_off=0xc3718 rax=0x0 rbx=0x744aa1ac3c40 rcx=0x744aa1a78377 rdx=0x744aa1ac3c40 rsi=0xffffffffffffff6b rdi=0x200 r8=0x0 r9=0x744aa1a784dd r10=0x3b32a252 r11=0x744aa1a7843a r12=0x0 r13=0xfffffffffffff4a3 r14=0x744aa1a9a24c r15=0x744aa1a784dd rbp=0x744aa1a7836d rsp=0x7ffe44cd5d00 fs0x0=0x5bc2e2b14f2e fs0x12=0x300 fs0x60=0x72a40626 fs0x68=0x7ffe44cd5d40 fs0x71=0x1a44e4ef fs0x81=0x7ffe2a887851 fs0xe1=0x7820000000000062 fs0x13d=0x206 fs0x16f=0xbff66ea900 fs0x1e8=0x7ffe44cd5d00 fs0x13=0x3 fs0x91=0x5bfebc047010 fs0xab=0x0 fs0xb3=0x7ffe44cd5da5 fs0xcb=0x744aa26c5000 fs0x19d=0x7ffe44cd5d90 fs0x28=0x202 fs0x38=0x5bfea9469dc8 fs0x79=0x744aa24a06c6 fs0x89=0x0 fs0x99=0x0 fs0xd3=0x7ffe44cd5d90 fs0x107=0x5bfebc047820 fs0x123=0x7ffe44cd6248 fs0x128=0x7f fs0x147=0x6 ip_w0=0xc8 ip_w1=0x7bd8 ip_w2=0x7 ip_w3=0x948 ip_w4=0x6f94 ip_w5=0x396 ip_w6=0x8a5b ip_w7=0x70fb ip_w8=0x670a ip_w9=0xe03a ip_w10=0x3d43 ip_w11=0x1 ip_w12=0xc787 ip_w13=0x7460 ip_w14=0x32b ip_w15=0xf9bc target=0x744aa1a9a24c target_off=0x9a24c
[VMTAIL] site=0xb86f5 count=7 frame=0x744aa1a7836d frame_off=0x7836d vm_ip=0x744aa1d6907b vm_ip_off=0x36907b vm_flags=0xe066dc88 vm_state=0xdf8b4fec vm_byte=0x3a table=0x744aa1ac3718 table_off=0xc3718 rax=0x744aa1ac40c8 rbx=0x744aa1d69079 rcx=0x744aa1d68fd7 rdx=0xffffffffffffffe0 rsi=0x744aa1a78377 rdi=0x744aa1a7847c r8=0x0 r9=0x528 r10=0x0 r11=0xfffff44c5cd92fc6 r12=0x744aa1ac3c40 r13=0x744aa1a9a24c r14=0x744aa1a7847c r15=0x744aa1a78390 rbp=0x744aa1a7836d rsp=0x7ffe44cd5c68 fs0x0=0xda3b7d9 fs0x12=0x744aa224d16000 fs0x60=0x744aa224d160 fs0x68=0x744aa224d160 fs0x71=0x744abc69b64f fs0x81=0x744a87629e91 fs0xe1=0x7820000000000062 fs0x13d=0x206 fs0x16f=0xdf8b4fec01 fs0x1e8=0x7ffe44cd5c68 fs0x13=0x744aa224d160 fs0x91=0x5bfebc047010 fs0xab=0x0 fs0xb3=0x7ffe44cd5da5 fs0xcb=0x744aa26c5000 fs0x19d=0x7ffe44cd5d90 fs0x28=0x202 fs0x38=0x5bfea9469dc8 fs0x79=0x744aa24a06c6 fs0x89=0x0 fs0x99=0x0 fs0xd3=0x7ffe44cd5d90 fs0x107=0x5bfebc047820 fs0x123=0x7ffe44cd6248 fs0x128=0x7f fs0x147=0x6 ip_w0=0x14d ip_w1=0xe973 ip_w2=0x99 ip_w3=0xe957 ip_w4=0x1726 ip_w5=0x4d5a ip_w6=0xc5b1 ip_w7=0xe890 ip_w8=0x9c01 ip_w9=0x761c ip_w10=0xad62 ip_w11=0x5a2a ip_w12=0x2908 ip_w13=0xab ip_w14=0xaaad ip_w15=0x1e8 target=0x744aa1a9a24c target_off=0x9a24c
[VMTAIL] site=0xb86f5 count=8 frame=0x744aa1a7836d frame_off=0x7836d vm_ip=0x744aa1d69286 vm_ip_off=0x369286 vm_flags=0x25d3a910 vm_state=0xfdbf9aa9 vm_byte=0x3a table=0x744aa1ac3718 table_off=0xc3718 rax=0x744aa1ac40c8 rbx=0x744aa1d69284 rcx=0x744aa1d691e2 rdx=0xffffffffffffffe0 rsi=0x744aa1a78377 rdi=0x744aa1a7847c r8=0x0 r9=0xb10 r10=0x0 r11=0xfffff44c5cd92fc6 r12=0x744aa1ac4228 r13=0x744aa1ac2241 r14=0x744aa1a7847c r15=0x744aa1a78390 rbp=0x744aa1a7836d rsp=0x7ffe44cd5c68 fs0x0=0xda3b7d9 fs0x12=0x744aa224d16000 fs0x60=0xfffffffffb78fc38 fs0x68=0x7ffe44cd5d40 fs0x71=0x1a44e4ef fs0x81=0x7ffe2a887851 fs0xe1=0x7820000000000062 fs0x13d=0x293 fs0x16f=0xfdbf9aa901 fs0x1e8=0x7ffe44cd5c68 fs0x13=0x744aa224d160 fs0x91=0x5bfebc047010 fs0xab=0x0 fs0xb3=0x3 fs0xcb=0x744aa26c5000 fs0x19d=0x7ffe44cd5d90 fs0x28=0x202 fs0x38=0x5bfea9469dc8 fs0x79=0x744aa24a06c6 fs0x89=0x0 fs0x99=0x0 fs0xd3=0x7ffe44cd5d90 fs0x107=0x5bfebc047820 fs0x123=0x7ffe44cd6248 fs0x128=0x7f fs0x147=0x6 ip_w0=0xa8 ip_w1=0x99 ip_w2=0xd816 ip_w3=0x8519 ip_w4=0x1498 ip_w5=0xdfe9 ip_w6=0xe8b8 ip_w7=0xf901 ip_w8=0xc3fa ip_w9=0xc273 ip_w10=0x6f71 ip_w11=0xabd8 ip_w12=0x5200 ip_w13=0xb38d ip_w14=0x1e8 ip_w15=0xf3e1 target=0x744aa1ac2241 target_off=0xc2241
[VMTAIL] site=0x9ba72 count=9 frame=0x744aa1a7836d frame_off=0x7836d vm_ip=0x744aa1d693a8 vm_ip_off=0x3693a8 vm_flags=0x7bfb94dd vm_state=0x7b5fbbf3 vm_byte=0x62 table=0x744aa1ac3718 table_off=0xc3718 rax=0x0 rbx=0x744aa1a784dd rcx=0x744aa1ac3318 rdx=0xfbfc73dd rsi=0x744aa1abf435 rdi=0x0 r8=0x744aa1ac41b8 r9=0x744aa1a78377 r10=0xffffffffffffffe8 r11=0x744aa1ac3ba8 r12=0x812 r13=0x0 r14=0xffffffffa1ffb73c r15=0xaa0 rbp=0x744aa1a7836d rsp=0x7ffe44cd5d00 fs0x0=0x6abb3e53 fs0x12=0x744aa224d16000 fs0x60=0x6abb3e53 fs0x68=0x7ffe44cd5d40 fs0x71=0x1a44e4f0 fs0x81=0x744a87629ee6 fs0xe1=0x7820000000000062 fs0x13d=0x202 fs0x16f=0x7b5fbbf301 fs0x1e8=0x7ffe44cd5d00 fs0x13=0x744aa224d160 fs0x91=0x5bfebc047010 fs0xab=0x0 fs0xb3=0x1 fs0xcb=0x744aa26c5000 fs0x19d=0x7ffe44cd5d90 fs0x28=0x202 fs0x38=0x5bfea9469dc8 fs0x79=0x744aa24a06c6 fs0x89=0x0 fs0x99=0x0 fs0xd3=0x7ffe44cd5d90 fs0x107=0x5bfebc047820 fs0x123=0x7ffe44cd6248 fs0x128=0x7f fs0x147=0x6 ip_w0=0xd03b ip_w1=0x68 ip_w2=0x3e0 ip_w3=0x9cfc ip_w4=0x37de ip_w5=0xa793 ip_w6=0x64 ip_w7=0x13d ip_w8=0xe203 ip_w9=0xa86b ip_w10=0x38f3 ip_w11=0x9b13 ip_w12=0xee4 ip_w13=0x1a2b ip_w14=0x71fe ip_w15=0xfafc target=0x744aa1abf435 target_off=0xbf435
[VMTAIL] site=0x9b0c5 count=10 frame=0x744aa1a7836d frame_off=0x7836d vm_ip=0x744aa1d69533 vm_ip_off=0x369533 vm_flags=0x75bc468e vm_state=0x20e2508f vm_byte=0x3a table=0x744aa1ac3718 table_off=0xc3718 rax=0x0 rbx=0x400 rcx=0x744aa1a7847c rdx=0x744aa1a78555 rsi=0x744aa1ac4228 rdi=0x210 r8=0xb10 r9=0x0 r10=0x744aa1ac2241 r11=0x744aa1d6952f r12=0x744aa1a78391 r13=0x744aa1a78377 r14=0x504aa1040040 r15=0x5bfea9469dc8 rbp=0x744aa1a7836d rsp=0x7ffe44cd5c68 fs0x0=0xda3b7d9 fs0x12=0x5bfebc0677c000 fs0x60=0x5bfe46c2c847 fs0x68=0x7ffe44cd5d40 fs0x71=0x5bfed64b5caf fs0x81=0x744a87629e91 fs0xe1=0x7820000000000062 fs0x13d=0x202 fs0x16f=0x20e2508f01 fs0x1e8=0x7ffe44cd5c68 fs0x13=0x5bfebc0677c0 fs0x91=0x5bfebc047010 fs0xab=0x0 fs0xb3=0x5bfebc0677c0 fs0xcb=0x744aa26c5000 fs0x19d=0x0 fs0x28=0x202 fs0x38=0x5bfea9469dc8 fs0x79=0x744aa24a06c6 fs0x89=0x0 fs0x99=0x0 fs0xd3=0x0 fs0x107=0x5bfebc047820 fs0x123=0x7ffe44cd6248 fs0x128=0x7f fs0x147=0x6 ip_w0=0x154 ip_w1=0x17d4 ip_w2=0x99 ip_w3=0xefcf ip_w4=0x99 ip_w5=0x988 ip_w6=0xb984 ip_w7=0xe86a ip_w8=0x8b01 ip_w9=0xabfa ip_w10=0x6000 ip_w11=0xab09 ip_w12=0xd000 ip_w13=0x1e0a ip_w14=0xed99 ip_w15=0x1e8 target=0x744aa1ac2241 target_off=0xc2241
[VMTAIL] site=0x9b0c5 count=11 frame=0x744aa1a7836d frame_off=0x7836d vm_ip=0x744aa1d6978a vm_ip_off=0x36978a vm_flags=0x3b514600 vm_state=0xb0f85fd1 vm_byte=0x3a table=0x744aa1ac3718 table_off=0xc3718 rax=0x0 rbx=0x400 rcx=0x744aa1a7847c rdx=0x744aa1a78555 rsi=0x744aa1ac4228 rdi=0x210 r8=0xb10 r9=0x0 r10=0x744aa1ac2241 r11=0x744aa1d69786 r12=0x744aa1a78391 r13=0x744aa1a78377 r14=0x504aa1040040 r15=0x5bfea9469dc8 rbp=0x744aa1a7836d rsp=0x7ffe44cd5c68 fs0x0=0xda3b7d9 fs0x12=0x7ffe44cd5d9000 fs0x60=0x7ffe2754e911 fs0x68=0x7ffe44cd5d90 fs0x71=0x7ffe5f12427f fs0x81=0x744a87629e91 fs0xe1=0x7820000000000062 fs0x13d=0x202 fs0x16f=0xb0f85fd101 fs0x1e8=0x7ffe44cd5c68 fs0x13=0x7ffe44cd5d90 fs0x91=0x5bfebc047010 fs0xab=0x0 fs0xb3=0x7ffe44cd5d90 fs0xcb=0x744aa26c5000 fs0x19d=0x7ffe44cd5f0d fs0x28=0x202 fs0x38=0x5bfea9469dc8 fs0x79=0x744aa24a06c6 fs0x89=0x0 fs0x99=0x0 fs0xd3=0x7ffe44cd5f0d fs0x107=0x5bfebc047820 fs0x123=0x7ffe44cd6248 fs0x128=0x7f fs0x147=0x6 ip_w0=0x151 ip_w1=0x9568 ip_w2=0x99 ip_w3=0xae47 ip_w4=0x99 ip_w5=0xa2db ip_w6=0x923a ip_w7=0xe858 ip_w8=0xa601 ip_w9=0x3a2c ip_w10=0x630b ip_w11=0xeb45 ip_w12=0x53d4 ip_w13=0x1ecf ip_w14=0x1e8 ip_w15=0x4238 target=0x744aa1ac2241 target_off=0xc2241
[VMTAIL] site=0x9b0c5 count=12 frame=0x744aa1a7836d frame_off=0x7836d vm_ip=0x744aa1d69962 vm_ip_off=0x369962 vm_flags=0x4199e44 vm_state=0xd1853c4 vm_byte=0x3a table=0x744aa1ac3718 table_off=0xc3718 rax=0x0 rbx=0x0 rcx=0x744aa1a7847c rdx=0x744aa1a78555 rsi=0x744aa1ac3c70 rdi=0x210 r8=0x558 r9=0x0 r10=0x744aa1a9b4b3 r11=0x744aa1d6995e r12=0x744aa1a78391 r13=0x744aa1a78377 r14=0x504aa1009480 r15=0x5bfea9469dc8 rbp=0x744aa1a7836d rsp=0x7ffe44cd5c68 fs0x0=0xda3b7d9 fs0x12=0x7ffe44cd5d9000 fs0x60=0x6abb3e52 fs0x68=0x7ffe44cd5d90 fs0x71=0x1a44e4ef fs0x81=0x744a87629f31 fs0xe1=0x7820000000000062 fs0x13d=0x246 fs0x16f=0xd1853c401 fs0x1e8=0x7ffe44cd5c68 fs0x13=0x7ffe44cd5d90 fs0x91=0x5bfebc047010 fs0xab=0x0 fs0xb3=0x0 fs0xcb=0x744aa26c5000 fs0x19d=0x7ffe44cd5f0d fs0x28=0x202 fs0x38=0x5bfea9469dc8 fs0x79=0x744aa24a0600 fs0x89=0x0 fs0x99=0x0 fs0xd3=0x0 fs0x107=0x5bfebc047820 fs0x123=0x7ffe44cd6248 fs0x128=0x7f fs0x147=0x6 ip_w0=0x151 ip_w1=0x9510 ip_w2=0x99 ip_w3=0xd879 ip_w4=0xd57e ip_w5=0x8f8 ip_w6=0xce7c ip_w7=0xe8ce ip_w8=0x501 ip_w9=0xfc78 ip_w10=0x3a00 ip_w11=0xab ip_w12=0xb82b ip_w13=0xd83b ip_w14=0x178 ip_w15=0x1e8 target=0x744aa1a9b4b3 target_off=0x9b4b3
[VMTAIL] site=0x9634f count=13 frame=0x744aa1a7836d frame_off=0x7836d vm_ip=0x744aa1d69ad3 vm_ip_off=0x369ad3 vm_flags=0x6008824 vm_state=0xf7ffef9e vm_byte=0x62 table=0x744aa1ac3718 table_off=0xc3718 rax=0x744aa1d69a6e rbx=0x744aa1d69a73 rcx=0x744aa1d69a7b rdx=0x7f8e0919 rsi=0xffff8bb57fffffff rdi=0x60 r8=0x0 r9=0x10 r10=0x744aa1a78377 r11=0x744aa1d69a77 r12=0x744aa1ac2241 r13=0x162 r14=0x495d r15=0x744aa1ac4201 rbp=0x744aa1a7836d rsp=0x7ffe44cd5d00 fs0x0=0xffffffffc612a452 fs0x12=0x7ffe44cd5d9001 fs0x60=0x39ed5bae fs0x68=0x7ffe44cd5d90 fs0x71=0x1a44e4ef fs0x81=0x744a87629f31 fs0xe1=0x7820000000000062 fs0x13d=0x246 fs0x16f=0xf7ffef9e01 fs0x1e8=0x7ffe44cd5d00 fs0x13=0x7ffe44cd5d90 fs0x91=0x5bfebc047010 fs0xab=0x0 fs0xb3=0x0 fs0xcb=0x744aa26c5000 fs0x19d=0x7ffe44cd5f0d fs0x28=0x202 fs0x38=0x5bfea9469dc8 fs0x79=0x744aa24a0600 fs0x89=0x0 fs0x99=0x0 fs0xd3=0x0 fs0x107=0x5bfebc047820 fs0x123=0x7ffe44cd6248 fs0x128=0x7f fs0x147=0x6 ip_w0=0x79 ip_w1=0x6058 ip_w2=0xff34 ip_w3=0x1e8 ip_w4=0x2a86 ip_w5=0x7177 ip_w6=0x35ae ip_w7=0xeb7c ip_w8=0x2bed ip_w9=0x68be ip_w10=0x0 ip_w11=0x13d ip_w12=0x3db3 ip_w13=0xd836 ip_w14=0xfa93 ip_w15=0xddb target=0x744aa1ac2241 target_off=0xc2241
[VMTAIL] site=0x90c21 count=14 frame=0x744aa1a7836d frame_off=0x7836d vm_ip=0x744aa1d68f60 vm_ip_off=0x368f60 vm_flags=0xfefdeff9 vm_state=0xfffffc2f vm_byte=0x3a table=0x744aa1ac3718 table_off=0xc3718 rax=0x744aa1a9a24c rbx=0x0 rcx=0x744aa1a7847c rdx=0x528 rsi=0x7ffe44cd5d40 rdi=0x744aa1a78377 r8=0x80000000 r9=0x744b63d932c0 r10=0x744aa1ac3c40 r11=0x744aa1a7832d r12=0xbc0 r13=0x744aa1a784dd r14=0xbc0 r15=0x80000bc4 rbp=0x744aa1a7836d rsp=0x7ffe44cd5d00 fs0x0=0x24c0b93e fs0x12=0x7ffe44cd5d9001 fs0x60=0x24c0b93f fs0x68=0x7ffe44cd5d40 fs0x71=0x1a44e4f0 fs0x81=0x7ffe2a887851 fs0xe1=0x7820000000000062 fs0x13d=0x202 fs0x16f=0xfffffc2f00 fs0x1e8=0x7ffe44cd5d00 fs0x13=0x7ffe44cd5d90 fs0x91=0x5bfebc047010 fs0xab=0x0 fs0xb3=0x0 fs0xcb=0x744aa26c5000 fs0x19d=0x7ffe44cd5f0d fs0x28=0x202 fs0x38=0x5bfea9469dc8 fs0x79=0x744aa24a0600 fs0x89=0x0 fs0x99=0x0 fs0xd3=0x0 fs0x107=0x5bfebc047820 fs0x123=0x7ffe44cd6248 fs0x128=0x7f fs0x147=0x6 ip_w0=0xc8 ip_w1=0x7bd8 ip_w2=0x7 ip_w3=0x948 ip_w4=0x6f94 ip_w5=0x396 ip_w6=0x8a5b ip_w7=0x70fb ip_w8=0x670a ip_w9=0xe03a ip_w10=0x3d43 ip_w11=0x1 ip_w12=0xc787 ip_w13=0x7460 ip_w14=0x32b ip_w15=0xf9bc target=0x744aa1a9a24c target_off=0x9a24c
[VMTAIL] site=0xb86f5 count=15 frame=0x744aa1a7836d frame_off=0x7836d vm_ip=0x744aa1d6907b vm_ip_off=0x36907b vm_flags=0xe066dc88 vm_state=0xdf8b4fec vm_byte=0x3a table=0x744aa1ac3718 table_off=0xc3718 rax=0x744aa1ac40c8 rbx=0x744aa1d69079 rcx=0x744aa1d68fd7 rdx=0xffffffffffffffe0 rsi=0x744aa1a78377 rdi=0x744aa1a7847c r8=0x0 r9=0x528 r10=0x0 r11=0xfffff44c5cd92e49 r12=0x744aa1ac3c40 r13=0x744aa1a9a24c r14=0x744aa1a7847c r15=0x744aa1a78390 rbp=0x744aa1a7836d rsp=0x7ffe44cd5c68 fs0x0=0xda3b7d9 fs0x12=0x744aa224d16001 fs0x60=0x744aa224d160 fs0x68=0x744aa224d160 fs0x71=0x744abc69b64f fs0x81=0x744a87629e91 fs0xe1=0x7820000000000062 fs0x13d=0x202 fs0x16f=0xdf8b4fec01 fs0x1e8=0x7ffe44cd5c68 fs0x13=0x744aa224d160 fs0x91=0x5bfebc047010 fs0xab=0x0 fs0xb3=0x0 fs0xcb=0x744aa26c5000 fs0x19d=0x7ffe44cd5f0d fs0x28=0x202 fs0x38=0x5bfea9469dc8 fs0x79=0x744aa24a0600 fs0x89=0x0 fs0x99=0x0 fs0xd3=0x0 fs0x107=0x5bfebc047820 fs0x123=0x7ffe44cd6248 fs0x128=0x7f fs0x147=0x6 ip_w0=0x14d ip_w1=0xe973 ip_w2=0x99 ip_w3=0xe957 ip_w4=0x1726 ip_w5=0x4d5a ip_w6=0xc5b1 ip_w7=0xe890 ip_w8=0x9c01 ip_w9=0x761c ip_w10=0xad62 ip_w11=0x5a2a ip_w12=0x2908 ip_w13=0xab ip_w14=0xaaad ip_w15=0x1e8 target=0x744aa1a9a24c target_off=0x9a24c
[VMTAIL] site=0xb86f5 count=16 frame=0x744aa1a7836d frame_off=0x7836d vm_ip=0x744aa1d69286 vm_ip_off=0x369286 vm_flags=0x25d3a910 vm_state=0xfdbf9aa9 vm_byte=0x3a table=0x744aa1ac3718 table_off=0xc3718 rax=0x744aa1ac40c8 rbx=0x744aa1d69284 rcx=0x744aa1d691e2 rdx=0xffffffffffffffe0 rsi=0x744aa1a78377 rdi=0x744aa1a7847c r8=0x0 r9=0xb10 r10=0x0 r11=0xfffff44c5cd92e49 r12=0x744aa1ac4228 r13=0x744aa1ac2241 r14=0x744aa1a7847c r15=0x744aa1a78390 rbp=0x744aa1a7836d rsp=0x7ffe44cd5c68 fs0x0=0xda3b7d9 fs0x12=0x744aa224d16001 fs0x60=0xfffffffffb78fc38 fs0x68=0x7ffe44cd5d40 fs0x71=0x1a44e4f0 fs0x81=0x7ffe2a887851 fs0xe1=0x7820000000000062 fs0x13d=0x293 fs0x16f=0xfdbf9aa901 fs0x1e8=0x7ffe44cd5c68 fs0x13=0x744aa224d160 fs0x91=0x5bfebc047010 fs0xab=0x0 fs0xb3=0x3 fs0xcb=0x744aa26c5000 fs0x19d=0x7ffe44cd5f0d fs0x28=0x202 fs0x38=0x5bfea9469dc8 fs0x79=0x744aa24a0600 fs0x89=0x0 fs0x99=0x0 fs0xd3=0x0 fs0x107=0x5bfebc047820 fs0x123=0x7ffe44cd6248 fs0x128=0x7f fs0x147=0x6 ip_w0=0xa8 ip_w1=0x99 ip_w2=0xd816 ip_w3=0x8519 ip_w4=0x1498 ip_w5=0xdfe9 ip_w6=0xe8b8 ip_w7=0xf901 ip_w8=0xc3fa ip_w9=0xc273 ip_w10=0x6f71 ip_w11=0xabd8 ip_w12=0x5200 ip_w13=0xb38d ip_w14=0x1e8 ip_w15=0xf3e1 target=0x744aa1ac2241 target_off=0xc2241
[VMTAIL] site=0x9ba72 count=17 frame=0x744aa1a7836d frame_off=0x7836d vm_ip=0x744aa1d693a8 vm_ip_off=0x3693a8 vm_flags=0x7bfb94dd vm_state=0x7b5fbbf3 vm_byte=0x62 table=0x744aa1ac3718 table_off=0xc3718 rax=0x0 rbx=0x744aa1a784dd rcx=0x744aa1ac3318 rdx=0xfbfc73dd rsi=0x744aa1abf435 rdi=0x0 r8=0x744aa1ac41b8 r9=0x744aa1a78377 r10=0xffffffffffffffe8 r11=0x744aa1ac3ba8 r12=0x812 r13=0x0 r14=0xffffffffa1ffb73c r15=0xaa0 rbp=0x744aa1a7836d rsp=0x7ffe44cd5d00 fs0x0=0x6abb3e53 fs0x12=0x744aa224d16000 fs0x60=0x6abb3e53 fs0x68=0x7ffe44cd5d40 fs0x71=0x1a44e4f0 fs0x81=0x744a87629ee6 fs0xe1=0x7820000000000062 fs0x13d=0x202 fs0x16f=0x7b5fbbf301 fs0x1e8=0x7ffe44cd5d00 fs0x13=0x744aa224d160 fs0x91=0x5bfebc047010 fs0xab=0x0 fs0xb3=0x1 fs0xcb=0x744aa26c5000 fs0x19d=0x7ffe44cd5f0d fs0x28=0x202 fs0x38=0x5bfea9469dc8 fs0x79=0x744aa24a0600 fs0x89=0x0 fs0x99=0x0 fs0xd3=0x0 fs0x107=0x5bfebc047820 fs0x123=0x7ffe44cd6248 fs0x128=0x7f fs0x147=0x6 ip_w0=0xd03b ip_w1=0x68 ip_w2=0x3e0 ip_w3=0x9cfc ip_w4=0x37de ip_w5=0xa793 ip_w6=0x64 ip_w7=0x13d ip_w8=0xe203 ip_w9=0xa86b ip_w10=0x38f3 ip_w11=0x9b13 ip_w12=0xee4 ip_w13=0x1a2b ip_w14=0x71fe ip_w15=0xfafc target=0x744aa1abf435 target_off=0xbf435
[VMTAIL] site=0x9b0c5 count=18 frame=0x744aa1a7836d frame_off=0x7836d vm_ip=0x744aa1d69533 vm_ip_off=0x369533 vm_flags=0x75bc468e vm_state=0x20e2508f vm_byte=0x3a table=0x744aa1ac3718 table_off=0xc3718 rax=0x0 rbx=0x400 rcx=0x744aa1a7847c rdx=0x744aa1a78555 rsi=0x744aa1ac4228 rdi=0x210 r8=0xb10 r9=0x0 r10=0x744aa1ac2241 r11=0x744aa1d6952f r12=0x744aa1a78391 r13=0x744aa1a78377 r14=0x504aa1040040 r15=0x5bfea9469dc8 rbp=0x744aa1a7836d rsp=0x7ffe44cd5c68 fs0x0=0xda3b7d9 fs0x12=0x5bfebc0677c000 fs0x60=0x5bfe46c2c847 fs0x68=0x7ffe44cd5d40 fs0x71=0x5bfed64b5caf fs0x81=0x744a87629e91 fs0xe1=0x7820000000000062 fs0x13d=0x202 fs0x16f=0x20e2508f01 fs0x1e8=0x7ffe44cd5c68 fs0x13=0x5bfebc0677c0 fs0x91=0x5bfebc047010 fs0xab=0x0 fs0xb3=0x5bfebc0677c0 fs0xcb=0x744aa26c5000 fs0x19d=0x1 fs0x28=0x202 fs0x38=0x5bfea9469dc8 fs0x79=0x744aa24a0600 fs0x89=0x0 fs0x99=0x0 fs0xd3=0x1 fs0x107=0x5bfebc047820 fs0x123=0x7ffe44cd6248 fs0x128=0x7f fs0x147=0x6 ip_w0=0x154 ip_w1=0x17d4 ip_w2=0x99 ip_w3=0xefcf ip_w4=0x99 ip_w5=0x988 ip_w6=0xb984 ip_w7=0xe86a ip_w8=0x8b01 ip_w9=0xabfa ip_w10=0x6000 ip_w11=0xab09 ip_w12=0xd000 ip_w13=0x1e0a ip_w14=0xed99 ip_w15=0x1e8 target=0x744aa1ac2241 target_off=0xc2241
[VMTAIL] site=0x9b0c5 count=19 frame=0x744aa1a7836d frame_off=0x7836d vm_ip=0x744aa1d6978a vm_ip_off=0x36978a vm_flags=0x3b514600 vm_state=0xb0f85fd1 vm_byte=0x3a table=0x744aa1ac3718 table_off=0xc3718 rax=0x0 rbx=0x400 rcx=0x744aa1a7847c rdx=0x744aa1a78555 rsi=0x744aa1ac4228 rdi=0x210 r8=0xb10 r9=0x0 r10=0x744aa1ac2241 r11=0x744aa1d69786 r12=0x744aa1a78391 r13=0x744aa1a78377 r14=0x504aa1040040 r15=0x5bfea9469dc8 rbp=0x744aa1a7836d rsp=0x7ffe44cd5c68 fs0x0=0xda3b7d9 fs0x12=0x7ffe44cd5d9000 fs0x60=0x7ffe2754e911 fs0x68=0x7ffe44cd5d90 fs0x71=0x7ffe5f12427f fs0x81=0x744a87629e91 fs0xe1=0x7820000000000062 fs0x13d=0x202 fs0x16f=0xb0f85fd101 fs0x1e8=0x7ffe44cd5c68 fs0x13=0x7ffe44cd5d90 fs0x91=0x5bfebc047010 fs0xab=0x0 fs0xb3=0x7ffe44cd5d90 fs0xcb=0x744aa26c5000 fs0x19d=0x7ffe44cd5f0d fs0x28=0x202 fs0x38=0x5bfea9469dc8 fs0x79=0x744aa24a0600 fs0x89=0x0 fs0x99=0x0 fs0xd3=0x7ffe44cd5f0d fs0x107=0x5bfebc047820 fs0x123=0x7ffe44cd6248 fs0x128=0x7f fs0x147=0x6 ip_w0=0x151 ip_w1=0x9568 ip_w2=0x99 ip_w3=0xae47 ip_w4=0x99 ip_w5=0xa2db ip_w6=0x923a ip_w7=0xe858 ip_w8=0xa601 ip_w9=0x3a2c ip_w10=0x630b ip_w11=0xeb45 ip_w12=0x53d4 ip_w13=0x1ecf ip_w14=0x1e8 ip_w15=0x4238 target=0x744aa1ac2241 target_off=0xc2241
[VMTAIL] site=0x9b0c5 count=20 frame=0x744aa1a7836d frame_off=0x7836d vm_ip=0x744aa1d69962 vm_ip_off=0x369962 vm_flags=0x4199e44 vm_state=0xd1853c4 vm_byte=0x3a table=0x744aa1ac3718 table_off=0xc3718 rax=0x0 rbx=0x0 rcx=0x744aa1a7847c rdx=0x744aa1a78555 rsi=0x744aa1ac3c70 rdi=0x210 r8=0x558 r9=0x0 r10=0x744aa1a9b4b3 r11=0x744aa1d6995e r12=0x744aa1a78391 r13=0x744aa1a78377 r14=0x504aa1009480 r15=0x5bfea9469dc8 rbp=0x744aa1a7836d rsp=0x7ffe44cd5c68 fs0x0=0xda3b7d9 fs0x12=0x7ffe44cd5d9000 fs0x60=0x6abb3e52 fs0x68=0x7ffe44cd5d90 fs0x71=0x1a44e4ef fs0x81=0x744a87629f31 fs0xe1=0x7820000000000062 fs0x13d=0x246 fs0x16f=0xd1853c401 fs0x1e8=0x7ffe44cd5c68 fs0x13=0x7ffe44cd5d90 fs0x91=0x5bfebc047010 fs0xab=0x0 fs0xb3=0x0 fs0xcb=0x744aa26c5000 fs0x19d=0x7ffe44cd5f0d fs0x28=0x202 fs0x38=0x5bfea9469dc8 fs0x79=0x744aa24a0600 fs0x89=0x0 fs0x99=0x0 fs0xd3=0x0 fs0x107=0x5bfebc047820 fs0x123=0x7ffe44cd6248 fs0x128=0x7f fs0x147=0x6 ip_w0=0x151 ip_w1=0x9510 ip_w2=0x99 ip_w3=0xd879 ip_w4=0xd57e ip_w5=0x8f8 ip_w6=0xce7c ip_w7=0xe8ce ip_w8=0x501 ip_w9=0xfc78 ip_w10=0x3a00 ip_w11=0xab ip_w12=0xb82b ip_w13=0xd83b ip_w14=0x178 ip_w15=0x1e8 target=0x744aa1a9b4b3 target_off=0x9b4b3
[VMTAIL] site=0x9634f count=21 frame=0x744aa1a7836d frame_off=0x7836d vm_ip=0x744aa1d69ad3 vm_ip_off=0x369ad3 vm_flags=0x6008824 vm_state=0xf7ffef9e vm_byte=0x62 table=0x744aa1ac3718 table_off=0xc3718 rax=0x744aa1d69a6e rbx=0x744aa1d69a73 rcx=0x744aa1d69a7b rdx=0x7f8e0919 rsi=0xffff8bb57fffffff rdi=0x60 r8=0x0 r9=0x10 r10=0x744aa1a78377 r11=0x744aa1d69a77 r12=0x744aa1ac2241 r13=0x162 r14=0x495d r15=0x744aa1ac4201 rbp=0x744aa1a7836d rsp=0x7ffe44cd5d00 fs0x0=0xffffffffc612a452 fs0x12=0x7ffe44cd5d9001 fs0x60=0x39ed5bae fs0x68=0x7ffe44cd5d90 fs0x71=0x1a44e4ef fs0x81=0x744a87629f31 fs0xe1=0x7820000000000062 fs0x13d=0x246 fs0x16f=0xf7ffef9e01 fs0x1e8=0x7ffe44cd5d00 fs0x13=0x7ffe44cd5d90 fs0x91=0x5bfebc047010 fs0xab=0x0 fs0xb3=0x0 fs0xcb=0x744aa26c5000 fs0x19d=0x7ffe44cd5f0d fs0x28=0x202 fs0x38=0x5bfea9469dc8 fs0x79=0x744aa24a0600 fs0x89=0x0 fs0x99=0x0 fs0xd3=0x0 fs0x107=0x5bfebc047820 fs0x123=0x7ffe44cd6248 fs0x128=0x7f fs0x147=0x6 ip_w0=0x79 ip_w1=0x6058 ip_w2=0xff34 ip_w3=0x1e8 ip_w4=0x2a86 ip_w5=0x7177 ip_w6=0x35ae ip_w7=0xeb7c ip_w8=0x2bed ip_w9=0x68be ip_w10=0x0 ip_w11=0x13d ip_w12=0x3db3 ip_w13=0xd836 ip_w14=0xfa93 ip_w15=0xddb target=0x744aa1ac2241 target_off=0xc2241
[VMTAIL] site=0x90c21 count=22 frame=0x744aa1a7836d frame_off=0x7836d vm_ip=0x744aa1d68f60 vm_ip_off=0x368f60 vm_flags=0xfefdeff9 vm_state=0xfffffc2f vm_byte=0x3a table=0x744aa1ac3718 table_off=0xc3718 rax=0x744aa1a9a24c rbx=0x0 rcx=0x744aa1a7847c rdx=0x528 rsi=0x7ffe44cd5d40 rdi=0x744aa1a78377 r8=0x80000000 r9=0x744b63d932c0 r10=0x744aa1ac3c40 r11=0x744aa1a7832d r12=0xbc0 r13=0x744aa1a784dd r14=0xbc0 r15=0x80000bc4 rbp=0x744aa1a7836d rsp=0x7ffe44cd5d00 fs0x0=0x24c0b93f fs0x12=0x7ffe44cd5d9001 fs0x60=0x24c0b93f fs0x68=0x7ffe44cd5d40 fs0x71=0x1a44e4f1 fs0x81=0x7ffe2a887851 fs0xe1=0x7820000000000062 fs0x13d=0x202 fs0x16f=0xfffffc2f00 fs0x1e8=0x7ffe44cd5d00 fs0x13=0x7ffe44cd5d90 fs0x91=0x5bfebc047010 fs0xab=0x0 fs0xb3=0x0 fs0xcb=0x744aa26c5000 fs0x19d=0x7ffe44cd5f0d fs0x28=0x202 fs0x38=0x5bfea9469dc8 fs0x79=0x744aa24a0600 fs0x89=0x0 fs0x99=0x0 fs0xd3=0x0 fs0x107=0x5bfebc047820 fs0x123=0x7ffe44cd6248 fs0x128=0x7f fs0x147=0x6 ip_w0=0xc8 ip_w1=0x7bd8 ip_w2=0x7 ip_w3=0x948 ip_w4=0x6f94 ip_w5=0x396 ip_w6=0x8a5b ip_w7=0x70fb ip_w8=0x670a ip_w9=0xe03a ip_w10=0x3d43 ip_w11=0x1 ip_w12=0xc787 ip_w13=0x7460 ip_w14=0x32b ip_w15=0xf9bc target=0x744aa1a9a24c target_off=0x9a24c
[VMTAIL] site=0xb86f5 count=23 frame=0x744aa1a7836d frame_off=0x7836d vm_ip=0x744aa1d6907b vm_ip_off=0x36907b vm_flags=0xe066dc88 vm_state=0xdf8b4fec vm_byte=0x3a table=0x744aa1ac3718 table_off=0xc3718 rax=0x744aa1ac40c8 rbx=0x744aa1d69079 rcx=0x744aa1d68fd7 rdx=0xffffffffffffffe0 rsi=0x744aa1a78377 rdi=0x744aa1a7847c r8=0x0 r9=0x528 r10=0x0 r11=0xfffff44c5cd92e49 r12=0x744aa1ac3c40 r13=0x744aa1a9a24c r14=0x744aa1a7847c r15=0x744aa1a78390 rbp=0x744aa1a7836d rsp=0x7ffe44cd5c68 fs0x0=0xda3b7d9 fs0x12=0x744aa224d16001 fs0x60=0x744aa224d160 fs0x68=0x744aa224d160 fs0x71=0x744abc69b64f fs0x81=0x744a87629e91 fs0xe1=0x7820000000000062 fs0x13d=0x202 fs0x16f=0xdf8b4fec01 fs0x1e8=0x7ffe44cd5c68 fs0x13=0x744aa224d160 fs0x91=0x5bfebc047010 fs0xab=0x0 fs0xb3=0x0 fs0xcb=0x744aa26c5000 fs0x19d=0x7ffe44cd5f0d fs0x28=0x202 fs0x38=0x5bfea9469dc8 fs0x79=0x744aa24a0600 fs0x89=0x0 fs0x99=0x0 fs0xd3=0x0 fs0x107=0x5bfebc047820 fs0x123=0x7ffe44cd6248 fs0x128=0x7f fs0x147=0x6 ip_w0=0x14d ip_w1=0xe973 ip_w2=0x99 ip_w3=0xe957 ip_w4=0x1726 ip_w5=0x4d5a ip_w6=0xc5b1 ip_w7=0xe890 ip_w8=0x9c01 ip_w9=0x761c ip_w10=0xad62 ip_w11=0x5a2a ip_w12=0x2908 ip_w13=0xab ip_w14=0xaaad ip_w15=0x1e8 target=0x744aa1a9a24c target_off=0x9a24c
[VMTAIL] site=0xb86f5 count=24 frame=0x744aa1a7836d frame_off=0x7836d vm_ip=0x744aa1d69286 vm_ip_off=0x369286 vm_flags=0x25d3a910 vm_state=0xfdbf9aa9 vm_byte=0x3a table=0x744aa1ac3718 table_off=0xc3718 rax=0x744aa1ac40c8 rbx=0x744aa1d69284 rcx=0x744aa1d691e2 rdx=0xffffffffffffffe0 rsi=0x744aa1a78377 rdi=0x744aa1a7847c r8=0x0 r9=0xb10 r10=0x0 r11=0xfffff44c5cd92e49 r12=0x744aa1ac4228 r13=0x744aa1ac2241 r14=0x744aa1a7847c r15=0x744aa1a78390 rbp=0x744aa1a7836d rsp=0x7ffe44cd5c68 fs0x0=0xda3b7d9 fs0x12=0x744aa224d16001 fs0x60=0xfffffffffb78fc38 fs0x68=0x7ffe44cd5d40 fs0x71=0x1a44e4f1 fs0x81=0x7ffe2a887851 fs0xe1=0x7820000000000062 fs0x13d=0x297 fs0x16f=0xfdbf9aa901 fs0x1e8=0x7ffe44cd5c68 fs0x13=0x744aa224d160 fs0x91=0x5bfebc047010 fs0xab=0x0 fs0xb3=0x3 fs0xcb=0x744aa26c5000 fs0x19d=0x7ffe44cd5f0d fs0x28=0x202 fs0x38=0x5bfea9469dc8 fs0x79=0x744aa24a0600 fs0x89=0x0 fs0x99=0x0 fs0xd3=0x0 fs0x107=0x5bfebc047820 fs0x123=0x7ffe44cd6248 fs0x128=0x7f fs0x147=0x6 ip_w0=0xa8 ip_w1=0x99 ip_w2=0xd816 ip_w3=0x8519 ip_w4=0x1498 ip_w5=0xdfe9 ip_w6=0xe8b8 ip_w7=0xf901 ip_w8=0xc3fa ip_w9=0xc273 ip_w10=0x6f71 ip_w11=0xabd8 ip_w12=0x5200 ip_w13=0xb38d ip_w14=0x1e8 ip_w15=0xf3e1 target=0x744aa1ac2241 target_off=0xc2241
[VMTAIL] site=0x9ba72 count=25 frame=0x744aa1a7836d frame_off=0x7836d vm_ip=0x744aa1d693a8 vm_ip_off=0x3693a8 vm_flags=0x7bfb94dd vm_state=0x7b5fbbf3 vm_byte=0x62 table=0x744aa1ac3718 table_off=0xc3718 rax=0x0 rbx=0x744aa1a784dd rcx=0x744aa1ac3318 rdx=0xfbfc73dd rsi=0x744aa1abf435 rdi=0x0 r8=0x744aa1ac41b8 r9=0x744aa1a78377 r10=0xffffffffffffffe8 r11=0x744aa1ac3ba8 r12=0x812 r13=0x0 r14=0xffffffffa1ffb73c r15=0xaa0 rbp=0x744aa1a7836d rsp=0x7ffe44cd5d00 fs0x0=0x6abb3e53 fs0x12=0x744aa224d16000 fs0x60=0x6abb3e53 fs0x68=0x7ffe44cd5d40 fs0x71=0x1a44e4f0 fs0x81=0x744a87629ee6 fs0xe1=0x7820000000000062 fs0x13d=0x202 fs0x16f=0x7b5fbbf301 fs0x1e8=0x7ffe44cd5d00 fs0x13=0x744aa224d160 fs0x91=0x5bfebc047010 fs0xab=0x0 fs0xb3=0x1 fs0xcb=0x744aa26c5000 fs0x19d=0x7ffe44cd5f0d fs0x28=0x202 fs0x38=0x5bfea9469dc8 fs0x79=0x744aa24a0600 fs0x89=0x0 fs0x99=0x0 fs0xd3=0x0 fs0x107=0x5bfebc047820 fs0x123=0x7ffe44cd6248 fs0x128=0x7f fs0x147=0x6 ip_w0=0xd03b ip_w1=0x68 ip_w2=0x3e0 ip_w3=0x9cfc ip_w4=0x37de ip_w5=0xa793 ip_w6=0x64 ip_w7=0x13d ip_w8=0xe203 ip_w9=0xa86b ip_w10=0x38f3 ip_w11=0x9b13 ip_w12=0xee4 ip_w13=0x1a2b ip_w14=0x71fe ip_w15=0xfafc target=0x744aa1abf435 target_off=0xbf435
[VMTAIL] site=0x9b0c5 count=26 frame=0x744aa1a7836d frame_off=0x7836d vm_ip=0x744aa1d69533 vm_ip_off=0x369533 vm_flags=0x75bc468e vm_state=0x20e2508f vm_byte=0x3a table=0x744aa1ac3718 table_off=0xc3718 rax=0x0 rbx=0x400 rcx=0x744aa1a7847c rdx=0x744aa1a78555 rsi=0x744aa1ac4228 rdi=0x210 r8=0xb10 r9=0x0 r10=0x744aa1ac2241 r11=0x744aa1d6952f r12=0x744aa1a78391 r13=0x744aa1a78377 r14=0x504aa1040040 r15=0x5bfea9469dc8 rbp=0x744aa1a7836d rsp=0x7ffe44cd5c68 fs0x0=0xda3b7d9 fs0x12=0x5bfebc0677c000 fs0x60=0x5bfe46c2c847 fs0x68=0x7ffe44cd5d40 fs0x71=0x5bfed64b5caf fs0x81=0x744a87629e91 fs0xe1=0x7820000000000062 fs0x13d=0x202 fs0x16f=0x20e2508f01 fs0x1e8=0x7ffe44cd5c68 fs0x13=0x5bfebc0677c0 fs0x91=0x5bfebc047010 fs0xab=0x0 fs0xb3=0x5bfebc0677c0 fs0xcb=0x744aa26c5000 fs0x19d=0x2 fs0x28=0x202 fs0x38=0x5bfea9469dc8 fs0x79=0x744aa24a0600 fs0x89=0x0 fs0x99=0x0 fs0xd3=0x2 fs0x107=0x5bfebc047820 fs0x123=0x7ffe44cd6248 fs0x128=0x7f fs0x147=0x6 ip_w0=0x154 ip_w1=0x17d4 ip_w2=0x99 ip_w3=0xefcf ip_w4=0x99 ip_w5=0x988 ip_w6=0xb984 ip_w7=0xe86a ip_w8=0x8b01 ip_w9=0xabfa ip_w10=0x6000 ip_w11=0xab09 ip_w12=0xd000 ip_w13=0x1e0a ip_w14=0xed99 ip_w15=0x1e8 target=0x744aa1ac2241 target_off=0xc2241
[VMTAIL] site=0x9b0c5 count=27 frame=0x744aa1a7836d frame_off=0x7836d vm_ip=0x744aa1d6978a vm_ip_off=0x36978a vm_flags=0x3b514600 vm_state=0xb0f85fd1 vm_byte=0x3a table=0x744aa1ac3718 table_off=0xc3718 rax=0x0 rbx=0x400 rcx=0x744aa1a7847c rdx=0x744aa1a78555 rsi=0x744aa1ac4228 rdi=0x210 r8=0xb10 r9=0x0 r10=0x744aa1ac2241 r11=0x744aa1d69786 r12=0x744aa1a78391 r13=0x744aa1a78377 r14=0x504aa1040040 r15=0x5bfea9469dc8 rbp=0x744aa1a7836d rsp=0x7ffe44cd5c68 fs0x0=0xda3b7d9 fs0x12=0x7ffe44cd5d9000 fs0x60=0x7ffe2754e911 fs0x68=0x7ffe44cd5d90 fs0x71=0x7ffe5f12427f fs0x81=0x744a87629e91 fs0xe1=0x7820000000000062 fs0x13d=0x202 fs0x16f=0xb0f85fd101 fs0x1e8=0x7ffe44cd5c68 fs0x13=0x7ffe44cd5d90 fs0x91=0x5bfebc047010 fs0xab=0x0 fs0xb3=0x7ffe44cd5d90 fs0xcb=0x744aa26c5000 fs0x19d=0x7ffe44cd5f0d fs0x28=0x202 fs0x38=0x5bfea9469dc8 fs0x79=0x744aa24a0600 fs0x89=0x0 fs0x99=0x0 fs0xd3=0x7ffe44cd5f0d fs0x107=0x5bfebc047820 fs0x123=0x7ffe44cd6248 fs0x128=0x7f fs0x147=0x6 ip_w0=0x151 ip_w1=0x9568 ip_w2=0x99 ip_w3=0xae47 ip_w4=0x99 ip_w5=0xa2db ip_w6=0x923a ip_w7=0xe858 ip_w8=0xa601 ip_w9=0x3a2c ip_w10=0x630b ip_w11=0xeb45 ip_w12=0x53d4 ip_w13=0x1ecf ip_w14=0x1e8 ip_w15=0x4238 target=0x744aa1ac2241 target_off=0xc2241
[VMTAIL] site=0x9b0c5 count=28 frame=0x744aa1a7836d frame_off=0x7836d vm_ip=0x744aa1d69962 vm_ip_off=0x369962 vm_flags=0x4199e44 vm_state=0xd1853c4 vm_byte=0x3a table=0x744aa1ac3718 table_off=0xc3718 rax=0x0 rbx=0x0 rcx=0x744aa1a7847c rdx=0x744aa1a78555 rsi=0x744aa1ac3c70 rdi=0x210 r8=0x558 r9=0x0 r10=0x744aa1a9b4b3 r11=0x744aa1d6995e r12=0x744aa1a78391 r13=0x744aa1a78377 r14=0x504aa1009480 r15=0x5bfea9469dc8 rbp=0x744aa1a7836d rsp=0x7ffe44cd5c68 fs0x0=0xda3b7d9 fs0x12=0x7ffe44cd5d9000 fs0x60=0x6abb3e52 fs0x68=0x7ffe44cd5d90 fs0x71=0x1a44e4ef fs0x81=0x744a87629f31 fs0xe1=0x7820000000000062 fs0x13d=0x246 fs0x16f=0xd1853c401 fs0x1e8=0x7ffe44cd5c68 fs0x13=0x7ffe44cd5d90 fs0x91=0x5bfebc047010 fs0xab=0x0 fs0xb3=0x0 fs0xcb=0x744aa26c5000 fs0x19d=0x7ffe44cd5f0d fs0x28=0x202 fs0x38=0x5bfea9469dc8 fs0x79=0x744aa24a0600 fs0x89=0x0 fs0x99=0x0 fs0xd3=0x0 fs0x107=0x5bfebc047820 fs0x123=0x7ffe44cd6248 fs0x128=0x7f fs0x147=0x6 ip_w0=0x151 ip_w1=0x9510 ip_w2=0x99 ip_w3=0xd879 ip_w4=0xd57e ip_w5=0x8f8 ip_w6=0xce7c ip_w7=0xe8ce ip_w8=0x501 ip_w9=0xfc78 ip_w10=0x3a00 ip_w11=0xab ip_w12=0xb82b ip_w13=0xd83b ip_w14=0x178 ip_w15=0x1e8 target=0x744aa1a9b4b3 target_off=0x9b4b3
[VMTAIL] site=0x9634f count=29 frame=0x744aa1a7836d frame_off=0x7836d vm_ip=0x744aa1d69ad3 vm_ip_off=0x369ad3 vm_flags=0x6008824 vm_state=0xf7ffef9e vm_byte=0x62 table=0x744aa1ac3718 table_off=0xc3718 rax=0x744aa1d69a6e rbx=0x744aa1d69a73 rcx=0x744aa1d69a7b rdx=0x7f8e0919 rsi=0xffff8bb57fffffff rdi=0x60 r8=0x0 r9=0x10 r10=0x744aa1a78377 r11=0x744aa1d69a77 r12=0x744aa1ac2241 r13=0x162 r14=0x495d r15=0x744aa1ac4201 rbp=0x744aa1a7836d rsp=0x7ffe44cd5d00 fs0x0=0xffffffffc612a452 fs0x12=0x7ffe44cd5d9001 fs0x60=0x39ed5bae fs0x68=0x7ffe44cd5d90 fs0x71=0x1a44e4ef fs0x81=0x744a87629f31 fs0xe1=0x7820000000000062 fs0x13d=0x246 fs0x16f=0xf7ffef9e01 fs0x1e8=0x7ffe44cd5d00 fs0x13=0x7ffe44cd5d90 fs0x91=0x5bfebc047010 fs0xab=0x0 fs0xb3=0x0 fs0xcb=0x744aa26c5000 fs0x19d=0x7ffe44cd5f0d fs0x28=0x202 fs0x38=0x5bfea9469dc8 fs0x79=0x744aa24a0600 fs0x89=0x0 fs0x99=0x0 fs0xd3=0x0 fs0x107=0x5bfebc047820 fs0x123=0x7ffe44cd6248 fs0x128=0x7f fs0x147=0x6 ip_w0=0x79 ip_w1=0x6058 ip_w2=0xff34 ip_w3=0x1e8 ip_w4=0x2a86 ip_w5=0x7177 ip_w6=0x35ae ip_w7=0xeb7c ip_w8=0x2bed ip_w9=0x68be ip_w10=0x0 ip_w11=0x13d ip_w12=0x3db3 ip_w13=0xd836 ip_w14=0xfa93 ip_w15=0xddb target=0x744aa1ac2241 target_off=0xc2241
[VMTAIL] site=0x90c21 count=30 frame=0x744aa1a7836d frame_off=0x7836d vm_ip=0x744aa1d68f60 vm_ip_off=0x368f60 vm_flags=0xfefdeff9 vm_state=0xfffffc2f vm_byte=0x3a table=0x744aa1ac3718 table_off=0xc3718 rax=0x744aa1a9a24c rbx=0x0 rcx=0x744aa1a7847c rdx=0x528 rsi=0x7ffe44cd5d40 rdi=0x744aa1a78377 r8=0x80000000 r9=0x744b63d932c0 r10=0x744aa1ac3c40 r11=0x744aa1a7832d r12=0xbc0 r13=0x744aa1a784dd r14=0xbc0 r15=0x80000bc4 rbp=0x744aa1a7836d rsp=0x7ffe44cd5d00 fs0x0=0x24c0b940 fs0x12=0x7ffe44cd5d9001 fs0x60=0x24c0b93f fs0x68=0x7ffe44cd5d40 fs0x71=0x1a44e4f2 fs0x81=0x7ffe2a887851 fs0xe1=0x7820000000000062 fs0x13d=0x206 fs0x16f=0xfffffc2f00 fs0x1e8=0x7ffe44cd5d00 fs0x13=0x7ffe44cd5d90 fs0x91=0x5bfebc047010 fs0xab=0x0 fs0xb3=0x0 fs0xcb=0x744aa26c5000 fs0x19d=0x7ffe44cd5f0d fs0x28=0x202 fs0x38=0x5bfea9469dc8 fs0x79=0x744aa24a0600 fs0x89=0x0 fs0x99=0x0 fs0xd3=0x0 fs0x107=0x5bfebc047820 fs0x123=0x7ffe44cd6248 fs0x128=0x7f fs0x147=0x6 ip_w0=0xc8 ip_w1=0x7bd8 ip_w2=0x7 ip_w3=0x948 ip_w4=0x6f94 ip_w5=0x396 ip_w6=0x8a5b ip_w7=0x70fb ip_w8=0x670a ip_w9=0xe03a ip_w10=0x3d43 ip_w11=0x1 ip_w12=0xc787 ip_w13=0x7460 ip_w14=0x32b ip_w15=0xf9bc target=0x744aa1a9a24c target_off=0x9a24c
[VMTAIL] site=0xb86f5 count=31 frame=0x744aa1a7836d frame_off=0x7836d vm_ip=0x744aa1d6907b vm_ip_off=0x36907b vm_flags=0xe066dc88 vm_state=0xdf8b4fec vm_byte=0x3a table=0x744aa1ac3718 table_off=0xc3718 rax=0x744aa1ac40c8 rbx=0x744aa1d69079 rcx=0x744aa1d68fd7 rdx=0xffffffffffffffe0 rsi=0x744aa1a78377 rdi=0x744aa1a7847c r8=0x0 r9=0x528 r10=0x0 r11=0xfffff44c5cd92e49 r12=0x744aa1ac3c40 r13=0x744aa1a9a24c r14=0x744aa1a7847c r15=0x744aa1a78390 rbp=0x744aa1a7836d rsp=0x7ffe44cd5c68 fs0x0=0xda3b7d9 fs0x12=0x744aa224d16001 fs0x60=0x744aa224d160 fs0x68=0x744aa224d160 fs0x71=0x744abc69b64f fs0x81=0x744a87629e91 fs0xe1=0x7820000000000062 fs0x13d=0x206 fs0x16f=0xdf8b4fec01 fs0x1e8=0x7ffe44cd5c68 fs0x13=0x744aa224d160 fs0x91=0x5bfebc047010 fs0xab=0x0 fs0xb3=0x0 fs0xcb=0x744aa26c5000 fs0x19d=0x7ffe44cd5f0d fs0x28=0x202 fs0x38=0x5bfea9469dc8 fs0x79=0x744aa24a0600 fs0x89=0x0 fs0x99=0x0 fs0xd3=0x0 fs0x107=0x5bfebc047820 fs0x123=0x7ffe44cd6248 fs0x128=0x7f fs0x147=0x6 ip_w0=0x14d ip_w1=0xe973 ip_w2=0x99 ip_w3=0xe957 ip_w4=0x1726 ip_w5=0x4d5a ip_w6=0xc5b1 ip_w7=0xe890 ip_w8=0x9c01 ip_w9=0x761c ip_w10=0xad62 ip_w11=0x5a2a ip_w12=0x2908 ip_w13=0xab ip_w14=0xaaad ip_w15=0x1e8 target=0x744aa1a9a24c target_off=0x9a24c
[VMTAIL] site=0xb86f5 count=32 frame=0x744aa1a7836d frame_off=0x7836d vm_ip=0x744aa1d69286 vm_ip_off=0x369286 vm_flags=0x25d3a910 vm_state=0xfdbf9aa9 vm_byte=0x3a table=0x744aa1ac3718 table_off=0xc3718 rax=0x744aa1ac40c8 rbx=0x744aa1d69284 rcx=0x744aa1d691e2 rdx=0xffffffffffffffe0 rsi=0x744aa1a78377 rdi=0x744aa1a7847c r8=0x0 r9=0xb10 r10=0x0 r11=0xfffff44c5cd92e49 r12=0x744aa1ac4228 r13=0x744aa1ac2241 r14=0x744aa1a7847c r15=0x744aa1a78390 rbp=0x744aa1a7836d rsp=0x7ffe44cd5c68 fs0x0=0xda3b7d9 fs0x12=0x744aa224d16001 fs0x60=0xfffffffffb78fc38 fs0x68=0x7ffe44cd5d40 fs0x71=0x1a44e4f2 fs0x81=0x7ffe2a887851 fs0xe1=0x7820000000000062 fs0x13d=0x246 fs0x16f=0xfdbf9aa901 fs0x1e8=0x7ffe44cd5c68 fs0x13=0x744aa224d160 fs0x91=0x5bfebc047010 fs0xab=0x0 fs0xb3=0x3 fs0xcb=0x744aa26c5000 fs0x19d=0x7ffe44cd5f0d fs0x28=0x202 fs0x38=0x5bfea9469dc8 fs0x79=0x744aa24a0600 fs0x89=0x0 fs0x99=0x0 fs0xd3=0x0 fs0x107=0x5bfebc047820 fs0x123=0x7ffe44cd6248 fs0x128=0x7f fs0x147=0x6 ip_w0=0xa8 ip_w1=0x99 ip_w2=0xd816 ip_w3=0x8519 ip_w4=0x1498 ip_w5=0xdfe9 ip_w6=0xe8b8 ip_w7=0xf901 ip_w8=0xc3fa ip_w9=0xc273 ip_w10=0x6f71 ip_w11=0xabd8 ip_w12=0x5200 ip_w13=0xb38d ip_w14=0x1e8 ip_w15=0xf3e1 target=0x744aa1ac2241 target_off=0xc2241
[VMTAIL] site=0xabc56 count=33 frame=0x744aa1a7836d frame_off=0x7836d vm_ip=0x744aa1d69b28 vm_ip_off=0x369b28 vm_flags=0x95b0f1e6 vm_state=0x4150630 vm_byte=0x62 table=0x744aa1ac3718 table_off=0xc3718 rax=0x744aa1a78377 rbx=0x0 rcx=0x791 rdx=0x1 rsi=0x744aa1ac3ec8 rdi=0x744b359d8b45 r8=0x0 r9=0x744aa1ac2241 r10=0x0 r11=0x744aa1d79392 r12=0x744aa1ac4201 r13=0xb10 r14=0x5b5912 r15=0xe87f rbp=0x744aa1a7836d rsp=0x7ffe44cd5d00 fs0x0=0x6abb3e52 fs0x12=0x744aa224d16001 fs0x60=0x6abb3e52 fs0x68=0x7ffe44cd5d40 fs0x71=0x1a44e4ef fs0x81=0x744a87629f31 fs0xe1=0x7820000000000062 fs0x13d=0x246 fs0x16f=0x415063001 fs0x1e8=0x7ffe44cd5d00 fs0x13=0x744aa224d160 fs0x91=0x5bfebc047010 fs0xab=0x0 fs0xb3=0x0 fs0xcb=0x744aa26c5000 fs0x19d=0x7ffe44cd5f0d fs0x28=0x202 fs0x38=0x5bfea9469dc8 fs0x79=0x744aa24a0600 fs0x89=0x0 fs0x99=0x0 fs0xd3=0x0 fs0x107=0x5bfebc047820 fs0x123=0x7ffe44cd6248 fs0x128=0x7f fs0x147=0x6 ip_w0=0x40 ip_w1=0xa406 ip_w2=0x68 ip_w3=0x8a35 ip_w4=0xc7f8 ip_w5=0x4655 ip_w6=0xe03e ip_w7=0xe804 ip_w8=0x2f01 ip_w9=0x68b5 ip_w10=0x2c00 ip_w11=0x17 ip_w12=0x13d ip_w13=0xef51 ip_w14=0xad1b ip_w15=0x833 target=0x744aa1ac2241 target_off=0xc2241
[VMTAIL] site=0x9b0c5 count=34 frame=0x744aa1a7836d frame_off=0x7836d vm_ip=0x744aa1d69c58 vm_ip_off=0x369c58 vm_flags=0x7ff45e28 vm_state=0x10547f60 vm_byte=0x3a table=0x744aa1ac3718 table_off=0xc3718 rax=0x0 rbx=0x400 rcx=0x744aa1a7847c rdx=0x744aa1a78555 rsi=0x744aa1ac3c40 rdi=0x210 r8=0x528 r9=0x0 r10=0x744aa1a9a24c r11=0x744aa1d69c54 r12=0x744aa1a78391 r13=0x744aa1a78377 r14=0x504aa1008048 r15=0x5bfea9469dc8 rbp=0x744aa1a7836d rsp=0x7ffe44cd5c68 fs0x0=0xda3b7d9 fs0x12=0x301 fs0x60=0x3 fs0x68=0x7ffe44cd5d08 fs0x71=0x1a44e4f2 fs0x81=0x744a87629e91 fs0xe1=0x7820000000000062 fs0x13d=0x246 fs0x16f=0x10547f6001 fs0x1e8=0x7ffe44cd5c68 fs0x13=0x3 fs0x91=0x5bfebc047010 fs0xab=0x0 fs0xb3=0x3 fs0xcb=0x744aa26c5000 fs0x19d=0x7ffe44cd5f0d fs0x28=0x202 fs0x38=0x5bfea9469dc8 fs0x79=0x744aa24a0600 fs0x89=0x0 fs0x99=0x0 fs0xd3=0x0 fs0x107=0x5bfebc047820 fs0x123=0x7ffe44cd6248 fs0x128=0x7f fs0x147=0x6 ip_w0=0x14d ip_w1=0xe0eb ip_w2=0x99 ip_w3=0x28a2 ip_w4=0x5f91 ip_w5=0xd738 ip_w6=0xfd58 ip_w7=0xe89b ip_w8=0x1f01 ip_w9=0xf378 ip_w10=0xf303 ip_w11=0x19b1 ip_w12=0xe476 ip_w13=0xb14d ip_w14=0x10c5 ip_w15=0x1e8 target=0x744aa1a9a24c target_off=0x9a24c
[VMTAIL] site=0xb86f5 count=35 frame=0x744aa1a7836d frame_off=0x7836d vm_ip=0x744aa1d69ee9 vm_ip_off=0x369ee9 vm_flags=0xdedffffd vm_state=0xdc8e08b0 vm_byte=0x3a table=0x744aa1ac3718 table_off=0xc3718 rax=0x744aa1ac40c8 rbx=0x744aa1d69ee7 rcx=0x744aa1d69e45 rdx=0xffffffffffffffe0 rsi=0x744aa1a78377 rdi=0x744aa1a7847c r8=0x0 r9=0x558 r10=0x0 r11=0x744aa1a68d56 r12=0x744aa1ac3c70 r13=0x744aa1a9b4b3 r14=0x744aa1a7847c r15=0x744aa1a78390 rbp=0x744aa1a7836d rsp=0x7ffe44cd5c68 fs0x0=0xda3b7d9 fs0x12=0x7ffe44cd5d6001 fs0x60=0x7ffe292faeca fs0x68=0x7ffe44cd5d18 fs0x71=0x7ffe5f12424f fs0x81=0x744a87629e91 fs0xe1=0x7820000000000062 fs0x13d=0x206 fs0x16f=0xdc8e08b001 fs0x1e8=0x7ffe44cd5c68 fs0x13=0x7ffe44cd5d60 fs0x91=0x0 fs0xab=0x0 fs0xb3=0x7ffe44cd5d60 fs0xcb=0x744aa26c5000 fs0x19d=0x27 fs0x28=0x202 fs0x38=0x5bfea9469dc8 fs0x79=0x744aa24a06c6 fs0x89=0x0 fs0x99=0x0 fs0xd3=0x0 fs0x107=0x5bfebc047820 fs0x123=0x7ffe44cd6248 fs0x128=0x7f fs0x147=0x6 ip_w0=0x40 ip_w1=0xa375 ip_w2=0x99 ip_w3=0x6fdd ip_w4=0x3708 ip_w5=0x99d4 ip_w6=0xe800 ip_w7=0x3101 ip_w8=0x3af5 ip_w9=0xec70 ip_w10=0xa7d4 ip_w11=0x7ad9 ip_w12=0xd9bf ip_w13=0xe697 ip_w14=0x1e8 ip_w15=0x3dc0 target=0x744aa1a9b4b3 target_off=0x9b4b3
[VMTAIL] site=0x8173b count=36 frame=0x744aa1a7836d frame_off=0x7836d vm_ip=0x744aa1d6b124 vm_ip_off=0x36b124 vm_flags=0xe648ee49 vm_state=0xd9b4affb vm_byte=0x3a table=0x744aa1ac3718 table_off=0xc3718 rax=0x744aa1a9af18 rbx=0x800 rcx=0x744aa1ac3c60 rdx=0x744aa1a78390 rsi=0x744aa26c4ab8 rdi=0x744aa1a78390 r8=0x744aa1a7847c r9=0x0 r10=0x804 r11=0x202 r12=0x7fffffff r13=0x744aa1a78377 r14=0x744aa26c4ab8 r15=0x8 rbp=0x744aa1a7836d rsp=0x7ffe44cd5c68 fs0x0=0xda3b7d9 fs0x12=0x7ffe44cd5d6000 fs0x60=0x6abb3e52 fs0x68=0x7ffe44cd5d18 fs0x71=0x1a44e4ef fs0x81=0x744a87629f31 fs0xe1=0x7820000000000062 fs0x13d=0x246 fs0x16f=0xd9b4affb01 fs0x1e8=0x7ffe44cd5da0 fs0x13=0x7ffe44cd5d60 fs0x91=0x5bfebc047010 fs0xab=0x0 fs0xb3=0x0 fs0xcb=0x744aa26c5000 fs0x19d=0x0 fs0x28=0x202 fs0x38=0x5bfea9469dc8 fs0x79=0x744aa24a06c6 fs0x89=0x0 fs0x99=0x0 fs0xd3=0x27 fs0x107=0x5bfebc047820 fs0x123=0x7ffe44cd6248 fs0x128=0x7f fs0x147=0x6 ip_w0=0xab ip_w1=0x1e8 ip_w2=0x151 ip_w3=0x9830 ip_w4=0x99 ip_w5=0x50bf ip_w6=0xbc0c ip_w7=0x1763 ip_w8=0x6d3a ip_w9=0xe89c ip_w10=0xf01 ip_w11=0xabd5 ip_w12=0xc00 ip_w13=0xabda ip_w14=0x7000 ip_w15=0xa92 target=0x744aa1a9af18 target_off=0x9af18
[VMTAIL] site=0x95b59 count=37 frame=0x744aa1a7836d frame_off=0x7836d vm_ip=0x744aa1d6b346 vm_ip_off=0x36b346 vm_flags=0xd6051661 vm_state=0x20450310 vm_byte=0x3a table=0x744aa1ac3718 table_off=0xc3718 rax=0xffffffffde587b33 rbx=0x744aa1a7833a rcx=0x744aa1a784dd rdx=0x744aa1f89000 rsi=0xb10 rdi=0x744a80000000 r8=0x744aa1ac2241 r9=0x21a7861e r10=0x744aa1ac4228 r11=0x0 r12=0xffff8bb53ca99b7e r13=0x744aa1a7836d r14=0x744aa1a78377 r15=0x0 rbp=0x744aa1a7836d rsp=0x7ffe44cd5d00 fs0x0=0x11946a67 fs0x12=0x7ffe44cd5d6000 fs0x60=0x744ab38cfa67 fs0x68=0x744aa1f89000 fs0x71=0x744abc3d74ef fs0x81=0x744a8762a01b fs0xe1=0x7820000000000062 fs0x13d=0x246 fs0x16f=0x2045031001 fs0x1e8=0x7ffe44cd5d00 fs0x13=0x7ffe44cd5d60 fs0x91=0x5bfebc047010 fs0xab=0x0 fs0xb3=0x7ffe44cd5d60 fs0xcb=0x744aa26c5000 fs0x19d=0x744aa1f89000 fs0x28=0x202 fs0x38=0x5bfea9469dc8 fs0x79=0x29 fs0x89=0x0 fs0x99=0x0 fs0xd3=0x744aa1f89000 fs0x107=0x5bfebc047820 fs0x123=0x7ffe44cd6248 fs0x128=0x7f fs0x147=0x6 ip_w0=0x15b ip_w1=0x3cb0 ip_w2=0x942 ip_w3=0xaf72 ip_w4=0x798d ip_w5=0xd5e6 ip_w6=0x60d9 ip_w7=0x7101 ip_w8=0x4357 ip_w9=0x5afa ip_w10=0x61b9 ip_w11=0x13d ip_w12=0xab ip_w13=0x0 ip_w14=0x30 ip_w15=0x0 target=0x744aa1ac2241 target_off=0xc2241
[VMTAIL] site=0xbfb96 count=38 frame=0x744aa1a7836d frame_off=0x7836d vm_ip=0x744aa1d6b374 vm_ip_off=0x36b374 vm_flags=0x200800 vm_state=0x7a330fe0 vm_byte=0x3a table=0x744aa1ac3718 table_off=0xc3718 rax=0xffffffffa1a783a4 rbx=0x744aa1ac3d38 rcx=0xffff8bb55e587fd6 rdx=0x744aa1a783ee rsi=0x12 rdi=0x744a4dc401b2 r8=0x0 r9=0xc20 r10=0x38008 r11=0x744aa1a78377 r12=0x744aa1a784dd r13=0x744aa1a9fbcd r14=0x744aa1a784dd r15=0x7ffe44cd5d60 rbp=0x744aa1a7836d rsp=0x7ffe44cd5d00 fs0x0=0xfffffffffb78fc5e fs0x12=0x7ffe44cd5d6100 fs0x60=0xfffffffffb78fc35 fs0x68=0x744aa1f89000 fs0x71=0x1a44e518 fs0x81=0x744a87629ef7 fs0xe1=0x7820000000000062 fs0x13d=0x202 fs0x16f=0x7a330fe001 fs0x1e8=0x7ffe44cd5d00 fs0x13=0x7ffe44cd5d61 fs0x91=0x5bfebc047010 fs0xab=0x0 fs0xb3=0x7ffe44cd5d60 fs0xcb=0x744aa26c5000 fs0x19d=0x744aa1f89001 fs0x28=0x202 fs0x38=0x5bfea9469dc8 fs0x79=0x29 fs0x89=0x0 fs0x99=0x0 fs0xd3=0x744aa1f89000 fs0x107=0x5bfebc047820 fs0x123=0x7ffe44cd6248 fs0x128=0x7f fs0x147=0x6 ip_w0=0x688f ip_w1=0x654 ip_w2=0x6d6 ip_w3=0xc32d ip_w4=0xa953 ip_w5=0x8d3a ip_w6=0x3dc2 ip_w7=0x3501 ip_w8=0xd57e ip_w9=0x162 ip_w10=0x0 ip_w11=0x40 ip_w12=0x8000 ip_w13=0x40 ip_w14=0xa6de ip_w15=0x68 target=0x744aa1a9fbcd target_off=0x9fbcd
[VMTAIL] site=0x90c21 count=39 frame=0x744aa1a7836d frame_off=0x7836d vm_ip=0x744aa1d6b346 vm_ip_off=0x36b346 vm_flags=0xe54f3676 vm_state=0x751f33ac vm_byte=0x3a table=0x744aa1ac3718 table_off=0xc3718 rax=0x744aa1ac2241 rbx=0x0 rcx=0x744aa1a7847c rdx=0xb10 rsi=0x60 rdi=0x744aa1a78377 r8=0x80000000 r9=0x744aa1a78715 r10=0x744aa1ac4228 r11=0x744aa1ac3ac0 r12=0x40 r13=0xa70229 r14=0x40 r15=0x80000040 rbp=0x744aa1a7836d rsp=0x7ffe44cd5d00 fs0x0=0xffffffffdee48306 fs0x12=0x7ffe44cd5d6100 fs0x60=0xfffffffffb78fc35 fs0x68=0x744aa1f89000 fs0x71=0x1a44e517 fs0x81=0x744a87629ef7 fs0xe1=0x7820000000000062 fs0x13d=0x206 fs0x16f=0x751f33ac01 fs0x1e8=0x7ffe44cd5d00 fs0x13=0x7ffe44cd5d61 fs0x91=0x5bfebc047010 fs0xab=0x0 fs0xb3=0x7ffe44cd5d60 fs0xcb=0x744aa26c5000 fs0x19d=0x744aa1f89001 fs0x28=0x202 fs0x38=0x5bfea9469dc8 fs0x79=0x28 fs0x89=0x0 fs0x99=0x0 fs0xd3=0x744aa1f89000 fs0x107=0x5bfebc047820 fs0x123=0x7ffe44cd6248 fs0x128=0x7f fs0x147=0x6 ip_w0=0x15b ip_w1=0x3cb0 ip_w2=0x942 ip_w3=0xaf72 ip_w4=0x798d ip_w5=0xd5e6 ip_w6=0x60d9 ip_w7=0x7101 ip_w8=0x4357 ip_w9=0x5afa ip_w10=0x61b9 ip_w11=0x13d ip_w12=0xab ip_w13=0x0 ip_w14=0x30 ip_w15=0x0 target=0x744aa1ac2241 target_off=0xc2241
[VMTAIL] site=0xbfb96 count=40 frame=0x744aa1a7836d frame_off=0x7836d vm_ip=0x744aa1d6b374 vm_ip_off=0x36b374 vm_flags=0x200800 vm_state=0x7a330fe0 vm_byte=0x3a table=0x744aa1ac3718 table_off=0xc3718 rax=0xffffffffa1a783a4 rbx=0x744aa1ac3d38 rcx=0xffff8bb55e587fd6 rdx=0x744aa1a783ee rsi=0x12 rdi=0x744a4dc401b2 r8=0x0 r9=0xc20 r10=0x38008 r11=0x744aa1a78377 r12=0x744aa1a784dd r13=0x744aa1a9fbcd r14=0x744aa1a784dd r15=0x7ffe44cd5d61 rbp=0x744aa1a7836d rsp=0x7ffe44cd5d00 fs0x0=0xfffffffffb78fc5d fs0x12=0x7ffe44cd5d6200 fs0x60=0xfffffffffb78fc35 fs0x68=0x744aa1f89000 fs0x71=0x1a44e517 fs0x81=0x744a87629ef7 fs0xe1=0x7820000000000062 fs0x13d=0x206 fs0x16f=0x7a330fe001 fs0x1e8=0x7ffe44cd5d00 fs0x13=0x7ffe44cd5d62 fs0x91=0x5bfebc047010 fs0xab=0x0 fs0xb3=0x7ffe44cd5d60 fs0xcb=0x744aa26c5000 fs0x19d=0x744aa1f89002 fs0x28=0x202 fs0x38=0x5bfea9469dc8 fs0x79=0x28 fs0x89=0x0 fs0x99=0x0 fs0xd3=0x744aa1f89000 fs0x107=0x5bfebc047820 fs0x123=0x7ffe44cd6248 fs0x128=0x7f fs0x147=0x6 ip_w0=0x688f ip_w1=0x654 ip_w2=0x6d6 ip_w3=0xc32d ip_w4=0xa953 ip_w5=0x8d3a ip_w6=0x3dc2 ip_w7=0x3501 ip_w8=0xd57e ip_w9=0x162 ip_w10=0x0 ip_w11=0x40 ip_w12=0x8000 ip_w13=0x40 ip_w14=0xa6de ip_w15=0x68 target=0x744aa1a9fbcd target_off=0x9fbcd
[VMTAIL] site=0x90c21 count=41 frame=0x744aa1a7836d frame_off=0x7836d vm_ip=0x744aa1d6b346 vm_ip_off=0x36b346 vm_flags=0xe54f3676 vm_state=0x751f33ac vm_byte=0x3a table=0x744aa1ac3718 table_off=0xc3718 rax=0x744aa1ac2241 rbx=0x0 rcx=0x744aa1a7847c rdx=0xb10 rsi=0x60 rdi=0x744aa1a78377 r8=0x80000000 r9=0x744aa1a78715 r10=0x744aa1ac4228 r11=0x744aa1ac3ac0 r12=0x40 r13=0xa70229 r14=0x40 r15=0x80000040 rbp=0x744aa1a7836d rsp=0x7ffe44cd5d00 fs0x0=0xffffffffdee48305 fs0x12=0x7ffe44cd5d6200 fs0x60=0xfffffffffb78fc35 fs0x68=0x744aa1f89000 fs0x71=0x1a44e516 fs0x81=0x744a87629ef7 fs0xe1=0x7820000000000062 fs0x13d=0x206 fs0x16f=0x751f33ac01 fs0x1e8=0x7ffe44cd5d00 fs0x13=0x7ffe44cd5d62 fs0x91=0x5bfebc047010 fs0xab=0x0 fs0xb3=0x7ffe44cd5d60 fs0xcb=0x744aa26c5000 fs0x19d=0x744aa1f89002 fs0x28=0x202 fs0x38=0x5bfea9469dc8 fs0x79=0x27 fs0x89=0x0 fs0x99=0x0 fs0xd3=0x744aa1f89000 fs0x107=0x5bfebc047820 fs0x123=0x7ffe44cd6248 fs0x128=0x7f fs0x147=0x6 ip_w0=0x15b ip_w1=0x3cb0 ip_w2=0x942 ip_w3=0xaf72 ip_w4=0x798d ip_w5=0xd5e6 ip_w6=0x60d9 ip_w7=0x7101 ip_w8=0x4357 ip_w9=0x5afa ip_w10=0x61b9 ip_w11=0x13d ip_w12=0xab ip_w13=0x0 ip_w14=0x30 ip_w15=0x0 target=0x744aa1ac2241 target_off=0xc2241
[VMTAIL] site=0xbfb96 count=42 frame=0x744aa1a7836d frame_off=0x7836d vm_ip=0x744aa1d6b374 vm_ip_off=0x36b374 vm_flags=0x200800 vm_state=0x7a330fe0 vm_byte=0x3a table=0x744aa1ac3718 table_off=0xc3718 rax=0xffffffffa1a783a4 rbx=0x744aa1ac3d38 rcx=0xffff8bb55e587fd6 rdx=0x744aa1a783ee rsi=0x12 rdi=0x744a4dc401b2 r8=0x0 r9=0xc20 r10=0x38008 r11=0x744aa1a78377 r12=0x744aa1a784dd r13=0x744aa1a9fbcd r14=0x744aa1a784dd r15=0x7ffe44cd5d62 rbp=0x744aa1a7836d rsp=0x7ffe44cd5d00 fs0x0=0xfffffffffb78fc5c fs0x12=0x7ffe44cd5d6300 fs0x60=0xfffffffffb78fc35 fs0x68=0x744aa1f89000 fs0x71=0x1a44e516 fs0x81=0x744a87629ef7 fs0xe1=0x7820000000000062 fs0x13d=0x206 fs0x16f=0x7a330fe001 fs0x1e8=0x7ffe44cd5d00 fs0x13=0x7ffe44cd5d63 fs0x91=0x5bfebc047010 fs0xab=0x0 fs0xb3=0x7ffe44cd5d60 fs0xcb=0x744aa26c5000 fs0x19d=0x744aa1f89003 fs0x28=0x202 fs0x38=0x5bfea9469dc8 fs0x79=0x27 fs0x89=0x0 fs0x99=0x0 fs0xd3=0x744aa1f89000 fs0x107=0x5bfebc047820 fs0x123=0x7ffe44cd6248 fs0x128=0x7f fs0x147=0x6 ip_w0=0x688f ip_w1=0x654 ip_w2=0x6d6 ip_w3=0xc32d ip_w4=0xa953 ip_w5=0x8d3a ip_w6=0x3dc2 ip_w7=0x3501 ip_w8=0xd57e ip_w9=0x162 ip_w10=0x0 ip_w11=0x40 ip_w12=0x8000 ip_w13=0x40 ip_w14=0xa6de ip_w15=0x68 target=0x744aa1a9fbcd target_off=0x9fbcd
[VMTAIL] site=0x90c21 count=43 frame=0x744aa1a7836d frame_off=0x7836d vm_ip=0x744aa1d6b346 vm_ip_off=0x36b346 vm_flags=0xe54f3676 vm_state=0x751f33ac vm_byte=0x3a table=0x744aa1ac3718 table_off=0xc3718 rax=0x744aa1ac2241 rbx=0x0 rcx=0x744aa1a7847c rdx=0xb10 rsi=0x60 rdi=0x744aa1a78377 r8=0x80000000 r9=0x744aa1a78715 r10=0x744aa1ac4228 r11=0x744aa1ac3ac0 r12=0x40 r13=0xa70229 r14=0x40 r15=0x80000040 rbp=0x744aa1a7836d rsp=0x7ffe44cd5d00 fs0x0=0xffffffffdee48304 fs0x12=0x7ffe44cd5d6300 fs0x60=0xfffffffffb78fc35 fs0x68=0x744aa1f89000 fs0x71=0x1a44e515 fs0x81=0x744a87629ef7 fs0xe1=0x7820000000000062 fs0x13d=0x202 fs0x16f=0x751f33ac01 fs0x1e8=0x7ffe44cd5d00 fs0x13=0x7ffe44cd5d63 fs0x91=0x5bfebc047010 fs0xab=0x0 fs0xb3=0x7ffe44cd5d60 fs0xcb=0x744aa26c5000 fs0x19d=0x744aa1f89003 fs0x28=0x202 fs0x38=0x5bfea9469dc8 fs0x79=0x26 fs0x89=0x0 fs0x99=0x0 fs0xd3=0x744aa1f89000 fs0x107=0x5bfebc047820 fs0x123=0x7ffe44cd6248 fs0x128=0x7f fs0x147=0x6 ip_w0=0x15b ip_w1=0x3cb0 ip_w2=0x942 ip_w3=0xaf72 ip_w4=0x798d ip_w5=0xd5e6 ip_w6=0x60d9 ip_w7=0x7101 ip_w8=0x4357 ip_w9=0x5afa ip_w10=0x61b9 ip_w11=0x13d ip_w12=0xab ip_w13=0x0 ip_w14=0x30 ip_w15=0x0 target=0x744aa1ac2241 target_off=0xc2241
[VMTAIL] site=0xbfb96 count=44 frame=0x744aa1a7836d frame_off=0x7836d vm_ip=0x744aa1d6b374 vm_ip_off=0x36b374 vm_flags=0x200800 vm_state=0x7a330fe0 vm_byte=0x3a table=0x744aa1ac3718 table_off=0xc3718 rax=0xffffffffa1a783a4 rbx=0x744aa1ac3d38 rcx=0xffff8bb55e587fd6 rdx=0x744aa1a783ee rsi=0x12 rdi=0x744a4dc401b2 r8=0x0 r9=0xc20 r10=0x38008 r11=0x744aa1a78377 r12=0x744aa1a784dd r13=0x744aa1a9fbcd r14=0x744aa1a784dd r15=0x7ffe44cd5d63 rbp=0x744aa1a7836d rsp=0x7ffe44cd5d00 fs0x0=0xfffffffffb78fc5b fs0x12=0x7ffe44cd5d6400 fs0x60=0xfffffffffb78fc35 fs0x68=0x744aa1f89000 fs0x71=0x1a44e515 fs0x81=0x744a87629ef7 fs0xe1=0x7820000000000062 fs0x13d=0x202 fs0x16f=0x7a330fe001 fs0x1e8=0x7ffe44cd5d00 fs0x13=0x7ffe44cd5d64 fs0x91=0x5bfebc047010 fs0xab=0x0 fs0xb3=0x7ffe44cd5d60 fs0xcb=0x744aa26c5000 fs0x19d=0x744aa1f89004 fs0x28=0x202 fs0x38=0x5bfea9469dc8 fs0x79=0x26 fs0x89=0x0 fs0x99=0x0 fs0xd3=0x744aa1f89000 fs0x107=0x5bfebc047820 fs0x123=0x7ffe44cd6248 fs0x128=0x7f fs0x147=0x6 ip_w0=0x688f ip_w1=0x654 ip_w2=0x6d6 ip_w3=0xc32d ip_w4=0xa953 ip_w5=0x8d3a ip_w6=0x3dc2 ip_w7=0x3501 ip_w8=0xd57e ip_w9=0x162 ip_w10=0x0 ip_w11=0x40 ip_w12=0x8000 ip_w13=0x40 ip_w14=0xa6de ip_w15=0x68 target=0x744aa1a9fbcd target_off=0x9fbcd
[VMTAIL] site=0x90c21 count=45 frame=0x744aa1a7836d frame_off=0x7836d vm_ip=0x744aa1d6b346 vm_ip_off=0x36b346 vm_flags=0xe54f3676 vm_state=0x751f33ac vm_byte=0x3a table=0x744aa1ac3718 table_off=0xc3718 rax=0x744aa1ac2241 rbx=0x0 rcx=0x744aa1a7847c rdx=0xb10 rsi=0x60 rdi=0x744aa1a78377 r8=0x80000000 r9=0x744aa1a78715 r10=0x744aa1ac4228 r11=0x744aa1ac3ac0 r12=0x40 r13=0xa70229 r14=0x40 r15=0x80000040 rbp=0x744aa1a7836d rsp=0x7ffe44cd5d00 fs0x0=0xffffffffdee48303 fs0x12=0x7ffe44cd5d6400 fs0x60=0xfffffffffb78fc35 fs0x68=0x744aa1f89000 fs0x71=0x1a44e514 fs0x81=0x744a87629ef7 fs0xe1=0x7820000000000062 fs0x13d=0x202 fs0x16f=0x751f33ac01 fs0x1e8=0x7ffe44cd5d00 fs0x13=0x7ffe44cd5d64 fs0x91=0x5bfebc047010 fs0xab=0x0 fs0xb3=0x7ffe44cd5d60 fs0xcb=0x744aa26c5000 fs0x19d=0x744aa1f89004 fs0x28=0x202 fs0x38=0x5bfea9469dc8 fs0x79=0x25 fs0x89=0x0 fs0x99=0x0 fs0xd3=0x744aa1f89000 fs0x107=0x5bfebc047820 fs0x123=0x7ffe44cd6248 fs0x128=0x7f fs0x147=0x6 ip_w0=0x15b ip_w1=0x3cb0 ip_w2=0x942 ip_w3=0xaf72 ip_w4=0x798d ip_w5=0xd5e6 ip_w6=0x60d9 ip_w7=0x7101 ip_w8=0x4357 ip_w9=0x5afa ip_w10=0x61b9 ip_w11=0x13d ip_w12=0xab ip_w13=0x0 ip_w14=0x30 ip_w15=0x0 target=0x744aa1ac2241 target_off=0xc2241
[VMTAIL] site=0xbfb96 count=46 frame=0x744aa1a7836d frame_off=0x7836d vm_ip=0x744aa1d6b374 vm_ip_off=0x36b374 vm_flags=0x200800 vm_state=0x7a330fe0 vm_byte=0x3a table=0x744aa1ac3718 table_off=0xc3718 rax=0xffffffffa1a783a4 rbx=0x744aa1ac3d38 rcx=0xffff8bb55e587fd6 rdx=0x744aa1a783ee rsi=0x12 rdi=0x744a4dc401b2 r8=0x0 r9=0xc20 r10=0x38008 r11=0x744aa1a78377 r12=0x744aa1a784dd r13=0x744aa1a9fbcd r14=0x744aa1a784dd r15=0x7ffe44cd5d64 rbp=0x744aa1a7836d rsp=0x7ffe44cd5d00 fs0x0=0xfffffffffb78fc5a fs0x12=0x7ffe44cd5d6500 fs0x60=0xfffffffffb78fc35 fs0x68=0x744aa1f89000 fs0x71=0x1a44e514 fs0x81=0x744a87629ef7 fs0xe1=0x7820000000000062 fs0x13d=0x202 fs0x16f=0x7a330fe001 fs0x1e8=0x7ffe44cd5d00 fs0x13=0x7ffe44cd5d65 fs0x91=0x5bfebc047010 fs0xab=0x0 fs0xb3=0x7ffe44cd5d60 fs0xcb=0x744aa26c5000 fs0x19d=0x744aa1f89005 fs0x28=0x202 fs0x38=0x5bfea9469dc8 fs0x79=0x25 fs0x89=0x0 fs0x99=0x0 fs0xd3=0x744aa1f89000 fs0x107=0x5bfebc047820 fs0x123=0x7ffe44cd6248 fs0x128=0x7f fs0x147=0x6 ip_w0=0x688f ip_w1=0x654 ip_w2=0x6d6 ip_w3=0xc32d ip_w4=0xa953 ip_w5=0x8d3a ip_w6=0x3dc2 ip_w7=0x3501 ip_w8=0xd57e ip_w9=0x162 ip_w10=0x0 ip_w11=0x40 ip_w12=0x8000 ip_w13=0x40 ip_w14=0xa6de ip_w15=0x68 target=0x744aa1a9fbcd target_off=0x9fbcd
[VMTAIL] site=0x90c21 count=47 frame=0x744aa1a7836d frame_off=0x7836d vm_ip=0x744aa1d6b346 vm_ip_off=0x36b346 vm_flags=0xe54f3676 vm_state=0x751f33ac vm_byte=0x3a table=0x744aa1ac3718 table_off=0xc3718 rax=0x744aa1ac2241 rbx=0x0 rcx=0x744aa1a7847c rdx=0xb10 rsi=0x60 rdi=0x744aa1a78377 r8=0x80000000 r9=0x744aa1a78715 r10=0x744aa1ac4228 r11=0x744aa1ac3ac0 r12=0x40 r13=0xa70229 r14=0x40 r15=0x80000040 rbp=0x744aa1a7836d rsp=0x7ffe44cd5d00 fs0x0=0xffffffffdee48302 fs0x12=0x7ffe44cd5d6500 fs0x60=0xfffffffffb78fc35 fs0x68=0x744aa1f89000 fs0x71=0x1a44e513 fs0x81=0x744a87629ef7 fs0xe1=0x7820000000000062 fs0x13d=0x206 fs0x16f=0x751f33ac01 fs0x1e8=0x7ffe44cd5d00 fs0x13=0x7ffe44cd5d65 fs0x91=0x5bfebc047010 fs0xab=0x0 fs0xb3=0x7ffe44cd5d60 fs0xcb=0x744aa26c5000 fs0x19d=0x744aa1f89005 fs0x28=0x202 fs0x38=0x5bfea9469dc8 fs0x79=0x24 fs0x89=0x0 fs0x99=0x0 fs0xd3=0x744aa1f89000 fs0x107=0x5bfebc047820 fs0x123=0x7ffe44cd6248 fs0x128=0x7f fs0x147=0x6 ip_w0=0x15b ip_w1=0x3cb0 ip_w2=0x942 ip_w3=0xaf72 ip_w4=0x798d ip_w5=0xd5e6 ip_w6=0x60d9 ip_w7=0x7101 ip_w8=0x4357 ip_w9=0x5afa ip_w10=0x61b9 ip_w11=0x13d ip_w12=0xab ip_w13=0x0 ip_w14=0x30 ip_w15=0x0 target=0x744aa1ac2241 target_off=0xc2241
[VMTAIL] site=0xbfb96 count=48 frame=0x744aa1a7836d frame_off=0x7836d vm_ip=0x744aa1d6b374 vm_ip_off=0x36b374 vm_flags=0x200800 vm_state=0x7a330fe0 vm_byte=0x3a table=0x744aa1ac3718 table_off=0xc3718 rax=0xffffffffa1a783a4 rbx=0x744aa1ac3d38 rcx=0xffff8bb55e587fd6 rdx=0x744aa1a783ee rsi=0x12 rdi=0x744a4dc401b2 r8=0x0 r9=0xc20 r10=0x38008 r11=0x744aa1a78377 r12=0x744aa1a784dd r13=0x744aa1a9fbcd r14=0x744aa1a784dd r15=0x7ffe44cd5d65 rbp=0x744aa1a7836d rsp=0x7ffe44cd5d00 fs0x0=0xfffffffffb78fc59 fs0x12=0x7ffe44cd5d6600 fs0x60=0xfffffffffb78fc35 fs0x68=0x744aa1f89000 fs0x71=0x1a44e513 fs0x81=0x744a87629ef7 fs0xe1=0x7820000000000062 fs0x13d=0x206 fs0x16f=0x7a330fe001 fs0x1e8=0x7ffe44cd5d00 fs0x13=0x7ffe44cd5d66 fs0x91=0x5bfebc047010 fs0xab=0x0 fs0xb3=0x7ffe44cd5d60 fs0xcb=0x744aa26c5000 fs0x19d=0x744aa1f89006 fs0x28=0x202 fs0x38=0x5bfea9469dc8 fs0x79=0x24 fs0x89=0x0 fs0x99=0x0 fs0xd3=0x744aa1f89000 fs0x107=0x5bfebc047820 fs0x123=0x7ffe44cd6248 fs0x128=0x7f fs0x147=0x6 ip_w0=0x688f ip_w1=0x654 ip_w2=0x6d6 ip_w3=0xc32d ip_w4=0xa953 ip_w5=0x8d3a ip_w6=0x3dc2 ip_w7=0x3501 ip_w8=0xd57e ip_w9=0x162 ip_w10=0x0 ip_w11=0x40 ip_w12=0x8000 ip_w13=0x40 ip_w14=0xa6de ip_w15=0x68 target=0x744aa1a9fbcd target_off=0x9fbcd
[VMTAIL] site=0x90c21 count=49 frame=0x744aa1a7836d frame_off=0x7836d vm_ip=0x744aa1d6b346 vm_ip_off=0x36b346 vm_flags=0xe54f3676 vm_state=0x751f33ac vm_byte=0x3a table=0x744aa1ac3718 table_off=0xc3718 rax=0x744aa1ac2241 rbx=0x0 rcx=0x744aa1a7847c rdx=0xb10 rsi=0x60 rdi=0x744aa1a78377 r8=0x80000000 r9=0x744aa1a78715 r10=0x744aa1ac4228 r11=0x744aa1ac3ac0 r12=0x40 r13=0xa70229 r14=0x40 r15=0x80000040 rbp=0x744aa1a7836d rsp=0x7ffe44cd5d00 fs0x0=0xffffffffdee48301 fs0x12=0x7ffe44cd5d6600 fs0x60=0xfffffffffb78fc35 fs0x68=0x744aa1f89000 fs0x71=0x1a44e512 fs0x81=0x744a87629ef7 fs0xe1=0x7820000000000062 fs0x13d=0x202 fs0x16f=0x751f33ac01 fs0x1e8=0x7ffe44cd5d00 fs0x13=0x7ffe44cd5d66 fs0x91=0x5bfebc047010 fs0xab=0x0 fs0xb3=0x7ffe44cd5d60 fs0xcb=0x744aa26c5000 fs0x19d=0x744aa1f89006 fs0x28=0x202 fs0x38=0x5bfea9469dc8 fs0x79=0x23 fs0x89=0x0 fs0x99=0x0 fs0xd3=0x744aa1f89000 fs0x107=0x5bfebc047820 fs0x123=0x7ffe44cd6248 fs0x128=0x7f fs0x147=0x6 ip_w0=0x15b ip_w1=0x3cb0 ip_w2=0x942 ip_w3=0xaf72 ip_w4=0x798d ip_w5=0xd5e6 ip_w6=0x60d9 ip_w7=0x7101 ip_w8=0x4357 ip_w9=0x5afa ip_w10=0x61b9 ip_w11=0x13d ip_w12=0xab ip_w13=0x0 ip_w14=0x30 ip_w15=0x0 target=0x744aa1ac2241 target_off=0xc2241
[VMTAIL] site=0xbfb96 count=50 frame=0x744aa1a7836d frame_off=0x7836d vm_ip=0x744aa1d6b374 vm_ip_off=0x36b374 vm_flags=0x200800 vm_state=0x7a330fe0 vm_byte=0x3a table=0x744aa1ac3718 table_off=0xc3718 rax=0xffffffffa1a783a4 rbx=0x744aa1ac3d38 rcx=0xffff8bb55e587fd6 rdx=0x744aa1a783ee rsi=0x12 rdi=0x744a4dc401b2 r8=0x0 r9=0xc20 r10=0x38008 r11=0x744aa1a78377 r12=0x744aa1a784dd r13=0x744aa1a9fbcd r14=0x744aa1a784dd r15=0x7ffe44cd5d66 rbp=0x744aa1a7836d rsp=0x7ffe44cd5d00 fs0x0=0xfffffffffb78fc58 fs0x12=0x7ffe44cd5d6700 fs0x60=0xfffffffffb78fc35 fs0x68=0x744aa1f89000 fs0x71=0x1a44e512 fs0x81=0x744a87629ef7 fs0xe1=0x7820000000000062 fs0x13d=0x202 fs0x16f=0x7a330fe001 fs0x1e8=0x7ffe44cd5d00 fs0x13=0x7ffe44cd5d67 fs0x91=0x5bfebc047010 fs0xab=0x0 fs0xb3=0x7ffe44cd5d60 fs0xcb=0x744aa26c5000 fs0x19d=0x744aa1f89007 fs0x28=0x202 fs0x38=0x5bfea9469dc8 fs0x79=0x23 fs0x89=0x0 fs0x99=0x0 fs0xd3=0x744aa1f89000 fs0x107=0x5bfebc047820 fs0x123=0x7ffe44cd6248 fs0x128=0x7f fs0x147=0x6 ip_w0=0x688f ip_w1=0x654 ip_w2=0x6d6 ip_w3=0xc32d ip_w4=0xa953 ip_w5=0x8d3a ip_w6=0x3dc2 ip_w7=0x3501 ip_w8=0xd57e ip_w9=0x162 ip_w10=0x0 ip_w11=0x40 ip_w12=0x8000 ip_w13=0x40 ip_w14=0xa6de ip_w15=0x68 target=0x744aa1a9fbcd target_off=0x9fbcd
[VMTAIL] site=0x90c21 count=51 frame=0x744aa1a7836d frame_off=0x7836d vm_ip=0x744aa1d6b346 vm_ip_off=0x36b346 vm_flags=0xe54f3676 vm_state=0x751f33ac vm_byte=0x3a table=0x744aa1ac3718 table_off=0xc3718 rax=0x744aa1ac2241 rbx=0x0 rcx=0x744aa1a7847c rdx=0xb10 rsi=0x60 rdi=0x744aa1a78377 r8=0x80000000 r9=0x744aa1a78715 r10=0x744aa1ac4228 r11=0x744aa1ac3ac0 r12=0x40 r13=0xa70229 r14=0x40 r15=0x80000040 rbp=0x744aa1a7836d rsp=0x7ffe44cd5d00 fs0x0=0xffffffffdee48300 fs0x12=0x7ffe44cd5d6700 fs0x60=0xfffffffffb78fc35 fs0x68=0x744aa1f89000 fs0x71=0x1a44e511 fs0x81=0x744a87629ef7 fs0xe1=0x7820000000000062 fs0x13d=0x206 fs0x16f=0x751f33ac01 fs0x1e8=0x7ffe44cd5d00 fs0x13=0x7ffe44cd5d67 fs0x91=0x5bfebc047010 fs0xab=0x0 fs0xb3=0x7ffe44cd5d60 fs0xcb=0x744aa26c5000 fs0x19d=0x744aa1f89007 fs0x28=0x202 fs0x38=0x5bfea9469dc8 fs0x79=0x22 fs0x89=0x0 fs0x99=0x0 fs0xd3=0x744aa1f89000 fs0x107=0x5bfebc047820 fs0x123=0x7ffe44cd6248 fs0x128=0x7f fs0x147=0x6 ip_w0=0x15b ip_w1=0x3cb0 ip_w2=0x942 ip_w3=0xaf72 ip_w4=0x798d ip_w5=0xd5e6 ip_w6=0x60d9 ip_w7=0x7101 ip_w8=0x4357 ip_w9=0x5afa ip_w10=0x61b9 ip_w11=0x13d ip_w12=0xab ip_w13=0x0 ip_w14=0x30 ip_w15=0x0 target=0x744aa1ac2241 target_off=0xc2241
[VMTAIL] site=0xbfb96 count=52 frame=0x744aa1a7836d frame_off=0x7836d vm_ip=0x744aa1d6b374 vm_ip_off=0x36b374 vm_flags=0x200800 vm_state=0x7a330fe0 vm_byte=0x3a table=0x744aa1ac3718 table_off=0xc3718 rax=0xffffffffa1a783a4 rbx=0x744aa1ac3d38 rcx=0xffff8bb55e587fd6 rdx=0x744aa1a783ee rsi=0x12 rdi=0x744a4dc401b2 r8=0x0 r9=0xc20 r10=0x38008 r11=0x744aa1a78377 r12=0x744aa1a784dd r13=0x744aa1a9fbcd r14=0x744aa1a784dd r15=0x7ffe44cd5d67 rbp=0x744aa1a7836d rsp=0x7ffe44cd5d00 fs0x0=0xfffffffffb78fc57 fs0x12=0x7ffe44cd5d6800 fs0x60=0xfffffffffb78fc35 fs0x68=0x744aa1f89000 fs0x71=0x1a44e511 fs0x81=0x744a87629ef7 fs0xe1=0x7820000000000062 fs0x13d=0x206 fs0x16f=0x7a330fe001 fs0x1e8=0x7ffe44cd5d00 fs0x13=0x7ffe44cd5d68 fs0x91=0x5bfebc047010 fs0xab=0x0 fs0xb3=0x7ffe44cd5d60 fs0xcb=0x744aa26c5000 fs0x19d=0x744aa1f89008 fs0x28=0x202 fs0x38=0x5bfea9469dc8 fs0x79=0x22 fs0x89=0x0 fs0x99=0x0 fs0xd3=0x744aa1f89000 fs0x107=0x5bfebc047820 fs0x123=0x7ffe44cd6248 fs0x128=0x7f fs0x147=0x6 ip_w0=0x688f ip_w1=0x654 ip_w2=0x6d6 ip_w3=0xc32d ip_w4=0xa953 ip_w5=0x8d3a ip_w6=0x3dc2 ip_w7=0x3501 ip_w8=0xd57e ip_w9=0x162 ip_w10=0x0 ip_w11=0x40 ip_w12=0x8000 ip_w13=0x40 ip_w14=0xa6de ip_w15=0x68 target=0x744aa1a9fbcd target_off=0x9fbcd
[VMTAIL] site=0x90c21 count=53 frame=0x744aa1a7836d frame_off=0x7836d vm_ip=0x744aa1d6b346 vm_ip_off=0x36b346 vm_flags=0xe54f3676 vm_state=0x751f33ac vm_byte=0x3a table=0x744aa1ac3718 table_off=0xc3718 rax=0x744aa1ac2241 rbx=0x0 rcx=0x744aa1a7847c rdx=0xb10 rsi=0x60 rdi=0x744aa1a78377 r8=0x80000000 r9=0x744aa1a78715 r10=0x744aa1ac4228 r11=0x744aa1ac3ac0 r12=0x40 r13=0xa70229 r14=0x40 r15=0x80000040 rbp=0x744aa1a7836d rsp=0x7ffe44cd5d00 fs0x0=0xffffffffdee482ff fs0x12=0x7ffe44cd5d6800 fs0x60=0xfffffffffb78fc35 fs0x68=0x744aa1f89000 fs0x71=0x1a44e510 fs0x81=0x744a87629ef7 fs0xe1=0x7820000000000062 fs0x13d=0x206 fs0x16f=0x751f33ac01 fs0x1e8=0x7ffe44cd5d00 fs0x13=0x7ffe44cd5d68 fs0x91=0x5bfebc047010 fs0xab=0x0 fs0xb3=0x7ffe44cd5d60 fs0xcb=0x744aa26c5000 fs0x19d=0x744aa1f89008 fs0x28=0x202 fs0x38=0x5bfea9469dc8 fs0x79=0x21 fs0x89=0x0 fs0x99=0x0 fs0xd3=0x744aa1f89000 fs0x107=0x5bfebc047820 fs0x123=0x7ffe44cd6248 fs0x128=0x7f fs0x147=0x6 ip_w0=0x15b ip_w1=0x3cb0 ip_w2=0x942 ip_w3=0xaf72 ip_w4=0x798d ip_w5=0xd5e6 ip_w6=0x60d9 ip_w7=0x7101 ip_w8=0x4357 ip_w9=0x5afa ip_w10=0x61b9 ip_w11=0x13d ip_w12=0xab ip_w13=0x0 ip_w14=0x30 ip_w15=0x0 target=0x744aa1ac2241 target_off=0xc2241
[VMTAIL] site=0xbfb96 count=54 frame=0x744aa1a7836d frame_off=0x7836d vm_ip=0x744aa1d6b374 vm_ip_off=0x36b374 vm_flags=0x200800 vm_state=0x7a330fe0 vm_byte=0x3a table=0x744aa1ac3718 table_off=0xc3718 rax=0xffffffffa1a783a4 rbx=0x744aa1ac3d38 rcx=0xffff8bb55e587fd6 rdx=0x744aa1a783ee rsi=0x12 rdi=0x744a4dc401b2 r8=0x0 r9=0xc20 r10=0x38008 r11=0x744aa1a78377 r12=0x744aa1a784dd r13=0x744aa1a9fbcd r14=0x744aa1a784dd r15=0x7ffe44cd5d68 rbp=0x744aa1a7836d rsp=0x7ffe44cd5d00 fs0x0=0xfffffffffb78fc56 fs0x12=0x7ffe44cd5d6900 fs0x60=0xfffffffffb78fc35 fs0x68=0x744aa1f89000 fs0x71=0x1a44e510 fs0x81=0x744a87629ef7 fs0xe1=0x7820000000000062 fs0x13d=0x206 fs0x16f=0x7a330fe001 fs0x1e8=0x7ffe44cd5d00 fs0x13=0x7ffe44cd5d69 fs0x91=0x5bfebc047010 fs0xab=0x0 fs0xb3=0x7ffe44cd5d60 fs0xcb=0x744aa26c5000 fs0x19d=0x744aa1f89009 fs0x28=0x202 fs0x38=0x5bfea9469dc8 fs0x79=0x21 fs0x89=0x0 fs0x99=0x0 fs0xd3=0x744aa1f89000 fs0x107=0x5bfebc047820 fs0x123=0x7ffe44cd6248 fs0x128=0x7f fs0x147=0x6 ip_w0=0x688f ip_w1=0x654 ip_w2=0x6d6 ip_w3=0xc32d ip_w4=0xa953 ip_w5=0x8d3a ip_w6=0x3dc2 ip_w7=0x3501 ip_w8=0xd57e ip_w9=0x162 ip_w10=0x0 ip_w11=0x40 ip_w12=0x8000 ip_w13=0x40 ip_w14=0xa6de ip_w15=0x68 target=0x744aa1a9fbcd target_off=0x9fbcd
[VMTAIL] site=0x90c21 count=55 frame=0x744aa1a7836d frame_off=0x7836d vm_ip=0x744aa1d6b346 vm_ip_off=0x36b346 vm_flags=0xe54f3676 vm_state=0x751f33ac vm_byte=0x3a table=0x744aa1ac3718 table_off=0xc3718 rax=0x744aa1ac2241 rbx=0x0 rcx=0x744aa1a7847c rdx=0xb10 rsi=0x60 rdi=0x744aa1a78377 r8=0x80000000 r9=0x744aa1a78715 r10=0x744aa1ac4228 r11=0x744aa1ac3ac0 r12=0x40 r13=0xa70229 r14=0x40 r15=0x80000040 rbp=0x744aa1a7836d rsp=0x7ffe44cd5d00 fs0x0=0xffffffffdee482fe fs0x12=0x7ffe44cd5d6900 fs0x60=0xfffffffffb78fc35 fs0x68=0x744aa1f89000 fs0x71=0x1a44e50f fs0x81=0x744a87629ef7 fs0xe1=0x7820000000000062 fs0x13d=0x202 fs0x16f=0x751f33ac01 fs0x1e8=0x7ffe44cd5d00 fs0x13=0x7ffe44cd5d69 fs0x91=0x5bfebc047010 fs0xab=0x0 fs0xb3=0x7ffe44cd5d60 fs0xcb=0x744aa26c5000 fs0x19d=0x744aa1f89009 fs0x28=0x202 fs0x38=0x5bfea9469dc8 fs0x79=0x20 fs0x89=0x0 fs0x99=0x0 fs0xd3=0x744aa1f89000 fs0x107=0x5bfebc047820 fs0x123=0x7ffe44cd6248 fs0x128=0x7f fs0x147=0x6 ip_w0=0x15b ip_w1=0x3cb0 ip_w2=0x942 ip_w3=0xaf72 ip_w4=0x798d ip_w5=0xd5e6 ip_w6=0x60d9 ip_w7=0x7101 ip_w8=0x4357 ip_w9=0x5afa ip_w10=0x61b9 ip_w11=0x13d ip_w12=0xab ip_w13=0x0 ip_w14=0x30 ip_w15=0x0 target=0x744aa1ac2241 target_off=0xc2241
[VMTAIL] site=0xbfb96 count=56 frame=0x744aa1a7836d frame_off=0x7836d vm_ip=0x744aa1d6b374 vm_ip_off=0x36b374 vm_flags=0x200800 vm_state=0x7a330fe0 vm_byte=0x3a table=0x744aa1ac3718 table_off=0xc3718 rax=0xffffffffa1a783a4 rbx=0x744aa1ac3d38 rcx=0xffff8bb55e587fd6 rdx=0x744aa1a783ee rsi=0x12 rdi=0x744a4dc401b2 r8=0x0 r9=0xc20 r10=0x38008 r11=0x744aa1a78377 r12=0x744aa1a784dd r13=0x744aa1a9fbcd r14=0x744aa1a784dd r15=0x7ffe44cd5d69 rbp=0x744aa1a7836d rsp=0x7ffe44cd5d00 fs0x0=0xfffffffffb78fc55 fs0x12=0x7ffe44cd5d6a00 fs0x60=0xfffffffffb78fc35 fs0x68=0x744aa1f89000 fs0x71=0x1a44e50f fs0x81=0x744a87629ef7 fs0xe1=0x7820000000000062 fs0x13d=0x202 fs0x16f=0x7a330fe001 fs0x1e8=0x7ffe44cd5d00 fs0x13=0x7ffe44cd5d6a fs0x91=0x5bfebc047010 fs0xab=0x0 fs0xb3=0x7ffe44cd5d60 fs0xcb=0x744aa26c5000 fs0x19d=0x744aa1f8900a fs0x28=0x202 fs0x38=0x5bfea9469dc8 fs0x79=0x20 fs0x89=0x0 fs0x99=0x0 fs0xd3=0x744aa1f89000 fs0x107=0x5bfebc047820 fs0x123=0x7ffe44cd6248 fs0x128=0x7f fs0x147=0x6 ip_w0=0x688f ip_w1=0x654 ip_w2=0x6d6 ip_w3=0xc32d ip_w4=0xa953 ip_w5=0x8d3a ip_w6=0x3dc2 ip_w7=0x3501 ip_w8=0xd57e ip_w9=0x162 ip_w10=0x0 ip_w11=0x40 ip_w12=0x8000 ip_w13=0x40 ip_w14=0xa6de ip_w15=0x68 target=0x744aa1a9fbcd target_off=0x9fbcd
[VMTAIL] site=0x90c21 count=57 frame=0x744aa1a7836d frame_off=0x7836d vm_ip=0x744aa1d6b346 vm_ip_off=0x36b346 vm_flags=0xe54f3676 vm_state=0x751f33ac vm_byte=0x3a table=0x744aa1ac3718 table_off=0xc3718 rax=0x744aa1ac2241 rbx=0x0 rcx=0x744aa1a7847c rdx=0xb10 rsi=0x60 rdi=0x744aa1a78377 r8=0x80000000 r9=0x744aa1a78715 r10=0x744aa1ac4228 r11=0x744aa1ac3ac0 r12=0x40 r13=0xa70229 r14=0x40 r15=0x80000040 rbp=0x744aa1a7836d rsp=0x7ffe44cd5d00 fs0x0=0xffffffffdee482fd fs0x12=0x7ffe44cd5d6a00 fs0x60=0xfffffffffb78fc35 fs0x68=0x744aa1f89000 fs0x71=0x1a44e50e fs0x81=0x744a87629ef7 fs0xe1=0x7820000000000062 fs0x13d=0x212 fs0x16f=0x751f33ac01 fs0x1e8=0x7ffe44cd5d00 fs0x13=0x7ffe44cd5d6a fs0x91=0x5bfebc047010 fs0xab=0x0 fs0xb3=0x7ffe44cd5d60 fs0xcb=0x744aa26c5000 fs0x19d=0x744aa1f8900a fs0x28=0x202 fs0x38=0x5bfea9469dc8 fs0x79=0x1f fs0x89=0x0 fs0x99=0x0 fs0xd3=0x744aa1f89000 fs0x107=0x5bfebc047820 fs0x123=0x7ffe44cd6248 fs0x128=0x7f fs0x147=0x6 ip_w0=0x15b ip_w1=0x3cb0 ip_w2=0x942 ip_w3=0xaf72 ip_w4=0x798d ip_w5=0xd5e6 ip_w6=0x60d9 ip_w7=0x7101 ip_w8=0x4357 ip_w9=0x5afa ip_w10=0x61b9 ip_w11=0x13d ip_w12=0xab ip_w13=0x0 ip_w14=0x30 ip_w15=0x0 target=0x744aa1ac2241 target_off=0xc2241
[VMTAIL] site=0xbfb96 count=58 frame=0x744aa1a7836d frame_off=0x7836d vm_ip=0x744aa1d6b374 vm_ip_off=0x36b374 vm_flags=0x200800 vm_state=0x7a330fe0 vm_byte=0x3a table=0x744aa1ac3718 table_off=0xc3718 rax=0xffffffffa1a783a4 rbx=0x744aa1ac3d38 rcx=0xffff8bb55e587fd6 rdx=0x744aa1a783ee rsi=0x12 rdi=0x744a4dc401b2 r8=0x0 r9=0xc20 r10=0x38008 r11=0x744aa1a78377 r12=0x744aa1a784dd r13=0x744aa1a9fbcd r14=0x744aa1a784dd r15=0x7ffe44cd5d6a rbp=0x744aa1a7836d rsp=0x7ffe44cd5d00 fs0x0=0xfffffffffb78fc54 fs0x12=0x7ffe44cd5d6b00 fs0x60=0xfffffffffb78fc35 fs0x68=0x744aa1f89000 fs0x71=0x1a44e50e fs0x81=0x744a87629ef7 fs0xe1=0x7820000000000062 fs0x13d=0x202 fs0x16f=0x7a330fe001 fs0x1e8=0x7ffe44cd5d00 fs0x13=0x7ffe44cd5d6b fs0x91=0x5bfebc047010 fs0xab=0x0 fs0xb3=0x7ffe44cd5d60 fs0xcb=0x744aa26c5000 fs0x19d=0x744aa1f8900b fs0x28=0x202 fs0x38=0x5bfea9469dc8 fs0x79=0x1f fs0x89=0x0 fs0x99=0x0 fs0xd3=0x744aa1f89000 fs0x107=0x5bfebc047820 fs0x123=0x7ffe44cd6248 fs0x128=0x7f fs0x147=0x6 ip_w0=0x688f ip_w1=0x654 ip_w2=0x6d6 ip_w3=0xc32d ip_w4=0xa953 ip_w5=0x8d3a ip_w6=0x3dc2 ip_w7=0x3501 ip_w8=0xd57e ip_w9=0x162 ip_w10=0x0 ip_w11=0x40 ip_w12=0x8000 ip_w13=0x40 ip_w14=0xa6de ip_w15=0x68 target=0x744aa1a9fbcd target_off=0x9fbcd
[VMTAIL] site=0x90c21 count=59 frame=0x744aa1a7836d frame_off=0x7836d vm_ip=0x744aa1d6b346 vm_ip_off=0x36b346 vm_flags=0xe54f3676 vm_state=0x751f33ac vm_byte=0x3a table=0x744aa1ac3718 table_off=0xc3718 rax=0x744aa1ac2241 rbx=0x0 rcx=0x744aa1a7847c rdx=0xb10 rsi=0x60 rdi=0x744aa1a78377 r8=0x80000000 r9=0x744aa1a78715 r10=0x744aa1ac4228 r11=0x744aa1ac3ac0 r12=0x40 r13=0xa70229 r14=0x40 r15=0x80000040 rbp=0x744aa1a7836d rsp=0x7ffe44cd5d00 fs0x0=0xffffffffdee482fc fs0x12=0x7ffe44cd5d6b00 fs0x60=0xfffffffffb78fc35 fs0x68=0x744aa1f89000 fs0x71=0x1a44e50d fs0x81=0x744a87629ef7 fs0xe1=0x7820000000000062 fs0x13d=0x206 fs0x16f=0x751f33ac01 fs0x1e8=0x7ffe44cd5d00 fs0x13=0x7ffe44cd5d6b fs0x91=0x5bfebc047010 fs0xab=0x0 fs0xb3=0x7ffe44cd5d60 fs0xcb=0x744aa26c5000 fs0x19d=0x744aa1f8900b fs0x28=0x202 fs0x38=0x5bfea9469dc8 fs0x79=0x1e fs0x89=0x0 fs0x99=0x0 fs0xd3=0x744aa1f89000 fs0x107=0x5bfebc047820 fs0x123=0x7ffe44cd6248 fs0x128=0x7f fs0x147=0x6 ip_w0=0x15b ip_w1=0x3cb0 ip_w2=0x942 ip_w3=0xaf72 ip_w4=0x798d ip_w5=0xd5e6 ip_w6=0x60d9 ip_w7=0x7101 ip_w8=0x4357 ip_w9=0x5afa ip_w10=0x61b9 ip_w11=0x13d ip_w12=0xab ip_w13=0x0 ip_w14=0x30 ip_w15=0x0 target=0x744aa1ac2241 target_off=0xc2241
[VMTAIL] site=0xbfb96 count=60 frame=0x744aa1a7836d frame_off=0x7836d vm_ip=0x744aa1d6b374 vm_ip_off=0x36b374 vm_flags=0x200800 vm_state=0x7a330fe0 vm_byte=0x3a table=0x744aa1ac3718 table_off=0xc3718 rax=0xffffffffa1a783a4 rbx=0x744aa1ac3d38 rcx=0xffff8bb55e587fd6 rdx=0x744aa1a783ee rsi=0x12 rdi=0x744a4dc401b2 r8=0x0 r9=0xc20 r10=0x38008 r11=0x744aa1a78377 r12=0x744aa1a784dd r13=0x744aa1a9fbcd r14=0x744aa1a784dd r15=0x7ffe44cd5d6b rbp=0x744aa1a7836d rsp=0x7ffe44cd5d00 fs0x0=0xfffffffffb78fc53 fs0x12=0x7ffe44cd5d6c00 fs0x60=0xfffffffffb78fc35 fs0x68=0x744aa1f89000 fs0x71=0x1a44e50d fs0x81=0x744a87629ef7 fs0xe1=0x7820000000000062 fs0x13d=0x206 fs0x16f=0x7a330fe001 fs0x1e8=0x7ffe44cd5d00 fs0x13=0x7ffe44cd5d6c fs0x91=0x5bfebc047010 fs0xab=0x0 fs0xb3=0x7ffe44cd5d60 fs0xcb=0x744aa26c5000 fs0x19d=0x744aa1f8900c fs0x28=0x202 fs0x38=0x5bfea9469dc8 fs0x79=0x1e fs0x89=0x0 fs0x99=0x0 fs0xd3=0x744aa1f89000 fs0x107=0x5bfebc047820 fs0x123=0x7ffe44cd6248 fs0x128=0x7f fs0x147=0x6 ip_w0=0x688f ip_w1=0x654 ip_w2=0x6d6 ip_w3=0xc32d ip_w4=0xa953 ip_w5=0x8d3a ip_w6=0x3dc2 ip_w7=0x3501 ip_w8=0xd57e ip_w9=0x162 ip_w10=0x0 ip_w11=0x40 ip_w12=0x8000 ip_w13=0x40 ip_w14=0xa6de ip_w15=0x68 target=0x744aa1a9fbcd target_off=0x9fbcd
[VMTAIL] site=0x90c21 count=61 frame=0x744aa1a7836d frame_off=0x7836d vm_ip=0x744aa1d6b346 vm_ip_off=0x36b346 vm_flags=0xe54f3676 vm_state=0x751f33ac vm_byte=0x3a table=0x744aa1ac3718 table_off=0xc3718 rax=0x744aa1ac2241 rbx=0x0 rcx=0x744aa1a7847c rdx=0xb10 rsi=0x60 rdi=0x744aa1a78377 r8=0x80000000 r9=0x744aa1a78715 r10=0x744aa1ac4228 r11=0x744aa1ac3ac0 r12=0x40 r13=0xa70229 r14=0x40 r15=0x80000040 rbp=0x744aa1a7836d rsp=0x7ffe44cd5d00 fs0x0=0xffffffffdee482fb fs0x12=0x7ffe44cd5d6c00 fs0x60=0xfffffffffb78fc35 fs0x68=0x744aa1f89000 fs0x71=0x1a44e50c fs0x81=0x744a87629ef7 fs0xe1=0x7820000000000062 fs0x13d=0x206 fs0x16f=0x751f33ac01 fs0x1e8=0x7ffe44cd5d00 fs0x13=0x7ffe44cd5d6c fs0x91=0x5bfebc047010 fs0xab=0x0 fs0xb3=0x7ffe44cd5d60 fs0xcb=0x744aa26c5000 fs0x19d=0x744aa1f8900c fs0x28=0x202 fs0x38=0x5bfea9469dc8 fs0x79=0x1d fs0x89=0x0 fs0x99=0x0 fs0xd3=0x744aa1f89000 fs0x107=0x5bfebc047820 fs0x123=0x7ffe44cd6248 fs0x128=0x7f fs0x147=0x6 ip_w0=0x15b ip_w1=0x3cb0 ip_w2=0x942 ip_w3=0xaf72 ip_w4=0x798d ip_w5=0xd5e6 ip_w6=0x60d9 ip_w7=0x7101 ip_w8=0x4357 ip_w9=0x5afa ip_w10=0x61b9 ip_w11=0x13d ip_w12=0xab ip_w13=0x0 ip_w14=0x30 ip_w15=0x0 target=0x744aa1ac2241 target_off=0xc2241
[VMTAIL] site=0xbfb96 count=62 frame=0x744aa1a7836d frame_off=0x7836d vm_ip=0x744aa1d6b374 vm_ip_off=0x36b374 vm_flags=0x200800 vm_state=0x7a330fe0 vm_byte=0x3a table=0x744aa1ac3718 table_off=0xc3718 rax=0xffffffffa1a783a4 rbx=0x744aa1ac3d38 rcx=0xffff8bb55e587fd6 rdx=0x744aa1a783ee rsi=0x12 rdi=0x744a4dc401b2 r8=0x0 r9=0xc20 r10=0x38008 r11=0x744aa1a78377 r12=0x744aa1a784dd r13=0x744aa1a9fbcd r14=0x744aa1a784dd r15=0x7ffe44cd5d6c rbp=0x744aa1a7836d rsp=0x7ffe44cd5d00 fs0x0=0xfffffffffb78fc52 fs0x12=0x7ffe44cd5d6d00 fs0x60=0xfffffffffb78fc35 fs0x68=0x744aa1f89000 fs0x71=0x1a44e50c fs0x81=0x744a87629ef7 fs0xe1=0x7820000000000062 fs0x13d=0x206 fs0x16f=0x7a330fe001 fs0x1e8=0x7ffe44cd5d00 fs0x13=0x7ffe44cd5d6d fs0x91=0x5bfebc047010 fs0xab=0x0 fs0xb3=0x7ffe44cd5d60 fs0xcb=0x744aa26c5000 fs0x19d=0x744aa1f8900d fs0x28=0x202 fs0x38=0x5bfea9469dc8 fs0x79=0x1d fs0x89=0x0 fs0x99=0x0 fs0xd3=0x744aa1f89000 fs0x107=0x5bfebc047820 fs0x123=0x7ffe44cd6248 fs0x128=0x7f fs0x147=0x6 ip_w0=0x688f ip_w1=0x654 ip_w2=0x6d6 ip_w3=0xc32d ip_w4=0xa953 ip_w5=0x8d3a ip_w6=0x3dc2 ip_w7=0x3501 ip_w8=0xd57e ip_w9=0x162 ip_w10=0x0 ip_w11=0x40 ip_w12=0x8000 ip_w13=0x40 ip_w14=0xa6de ip_w15=0x68 target=0x744aa1a9fbcd target_off=0x9fbcd
[VMTAIL] site=0x90c21 count=63 frame=0x744aa1a7836d frame_off=0x7836d vm_ip=0x744aa1d6b346 vm_ip_off=0x36b346 vm_flags=0xe54f3676 vm_state=0x751f33ac vm_byte=0x3a table=0x744aa1ac3718 table_off=0xc3718 rax=0x744aa1ac2241 rbx=0x0 rcx=0x744aa1a7847c rdx=0xb10 rsi=0x60 rdi=0x744aa1a78377 r8=0x80000000 r9=0x744aa1a78715 r10=0x744aa1ac4228 r11=0x744aa1ac3ac0 r12=0x40 r13=0xa70229 r14=0x40 r15=0x80000040 rbp=0x744aa1a7836d rsp=0x7ffe44cd5d00 fs0x0=0xffffffffdee482fa fs0x12=0x7ffe44cd5d6d00 fs0x60=0xfffffffffb78fc35 fs0x68=0x744aa1f89000 fs0x71=0x1a44e50b fs0x81=0x744a87629ef7 fs0xe1=0x7820000000000062 fs0x13d=0x202 fs0x16f=0x751f33ac01 fs0x1e8=0x7ffe44cd5d00 fs0x13=0x7ffe44cd5d6d fs0x91=0x5bfebc047010 fs0xab=0x0 fs0xb3=0x7ffe44cd5d60 fs0xcb=0x744aa26c5000 fs0x19d=0x744aa1f8900d fs0x28=0x202 fs0x38=0x5bfea9469dc8 fs0x79=0x1c fs0x89=0x0 fs0x99=0x0 fs0xd3=0x744aa1f89000 fs0x107=0x5bfebc047820 fs0x123=0x7ffe44cd6248 fs0x128=0x7f fs0x147=0x6 ip_w0=0x15b ip_w1=0x3cb0 ip_w2=0x942 ip_w3=0xaf72 ip_w4=0x798d ip_w5=0xd5e6 ip_w6=0x60d9 ip_w7=0x7101 ip_w8=0x4357 ip_w9=0x5afa ip_w10=0x61b9 ip_w11=0x13d ip_w12=0xab ip_w13=0x0 ip_w14=0x30 ip_w15=0x0 target=0x744aa1ac2241 target_off=0xc2241
[VMTAIL] site=0xbfb96 count=64 frame=0x744aa1a7836d frame_off=0x7836d vm_ip=0x744aa1d6b374 vm_ip_off=0x36b374 vm_flags=0x200800 vm_state=0x7a330fe0 vm_byte=0x3a table=0x744aa1ac3718 table_off=0xc3718 rax=0xffffffffa1a783a4 rbx=0x744aa1ac3d38 rcx=0xffff8bb55e587fd6 rdx=0x744aa1a783ee rsi=0x12 rdi=0x744a4dc401b2 r8=0x0 r9=0xc20 r10=0x38008 r11=0x744aa1a78377 r12=0x744aa1a784dd r13=0x744aa1a9fbcd r14=0x744aa1a784dd r15=0x7ffe44cd5d6d rbp=0x744aa1a7836d rsp=0x7ffe44cd5d00 fs0x0=0xfffffffffb78fc51 fs0x12=0x7ffe44cd5d6e00 fs0x60=0xfffffffffb78fc35 fs0x68=0x744aa1f89000 fs0x71=0x1a44e50b fs0x81=0x744a87629ef7 fs0xe1=0x7820000000000062 fs0x13d=0x202 fs0x16f=0x7a330fe001 fs0x1e8=0x7ffe44cd5d00 fs0x13=0x7ffe44cd5d6e fs0x91=0x5bfebc047010 fs0xab=0x0 fs0xb3=0x7ffe44cd5d60 fs0xcb=0x744aa26c5000 fs0x19d=0x744aa1f8900e fs0x28=0x202 fs0x38=0x5bfea9469dc8 fs0x79=0x1c fs0x89=0x0 fs0x99=0x0 fs0xd3=0x744aa1f89000 fs0x107=0x5bfebc047820 fs0x123=0x7ffe44cd6248 fs0x128=0x7f fs0x147=0x6 ip_w0=0x688f ip_w1=0x654 ip_w2=0x6d6 ip_w3=0xc32d ip_w4=0xa953 ip_w5=0x8d3a ip_w6=0x3dc2 ip_w7=0x3501 ip_w8=0xd57e ip_w9=0x162 ip_w10=0x0 ip_w11=0x40 ip_w12=0x8000 ip_w13=0x40 ip_w14=0xa6de ip_w15=0x68 target=0x744aa1a9fbcd target_off=0x9fbcd
[VMTAIL] site=0x90c21 count=65 frame=0x744aa1a7836d frame_off=0x7836d vm_ip=0x744aa1d6b346 vm_ip_off=0x36b346 vm_flags=0xe54f3676 vm_state=0x751f33ac vm_byte=0x3a table=0x744aa1ac3718 table_off=0xc3718 rax=0x744aa1ac2241 rbx=0x0 rcx=0x744aa1a7847c rdx=0xb10 rsi=0x60 rdi=0x744aa1a78377 r8=0x80000000 r9=0x744aa1a78715 r10=0x744aa1ac4228 r11=0x744aa1ac3ac0 r12=0x40 r13=0xa70229 r14=0x40 r15=0x80000040 rbp=0x744aa1a7836d rsp=0x7ffe44cd5d00 fs0x0=0xffffffffdee482f9 fs0x12=0x7ffe44cd5d6e00 fs0x60=0xfffffffffb78fc35 fs0x68=0x744aa1f89000 fs0x71=0x1a44e50a fs0x81=0x744a87629ef7 fs0xe1=0x7820000000000062 fs0x13d=0x206 fs0x16f=0x751f33ac01 fs0x1e8=0x7ffe44cd5d00 fs0x13=0x7ffe44cd5d6e fs0x91=0x5bfebc047010 fs0xab=0x0 fs0xb3=0x7ffe44cd5d60 fs0xcb=0x744aa26c5000 fs0x19d=0x744aa1f8900e fs0x28=0x202 fs0x38=0x5bfea9469dc8 fs0x79=0x1b fs0x89=0x0 fs0x99=0x0 fs0xd3=0x744aa1f89000 fs0x107=0x5bfebc047820 fs0x123=0x7ffe44cd6248 fs0x128=0x7f fs0x147=0x6 ip_w0=0x15b ip_w1=0x3cb0 ip_w2=0x942 ip_w3=0xaf72 ip_w4=0x798d ip_w5=0xd5e6 ip_w6=0x60d9 ip_w7=0x7101 ip_w8=0x4357 ip_w9=0x5afa ip_w10=0x61b9 ip_w11=0x13d ip_w12=0xab ip_w13=0x0 ip_w14=0x30 ip_w15=0x0 target=0x744aa1ac2241 target_off=0xc2241
[VMTAIL] site=0xbfb96 count=66 frame=0x744aa1a7836d frame_off=0x7836d vm_ip=0x744aa1d6b374 vm_ip_off=0x36b374 vm_flags=0x200800 vm_state=0x7a330fe0 vm_byte=0x3a table=0x744aa1ac3718 table_off=0xc3718 rax=0xffffffffa1a783a4 rbx=0x744aa1ac3d38 rcx=0xffff8bb55e587fd6 rdx=0x744aa1a783ee rsi=0x12 rdi=0x744a4dc401b2 r8=0x0 r9=0xc20 r10=0x38008 r11=0x744aa1a78377 r12=0x744aa1a784dd r13=0x744aa1a9fbcd r14=0x744aa1a784dd r15=0x7ffe44cd5d6e rbp=0x744aa1a7836d rsp=0x7ffe44cd5d00 fs0x0=0xfffffffffb78fc50 fs0x12=0x7ffe44cd5d6f00 fs0x60=0xfffffffffb78fc35 fs0x68=0x744aa1f89000 fs0x71=0x1a44e50a fs0x81=0x744a87629ef7 fs0xe1=0x7820000000000062 fs0x13d=0x206 fs0x16f=0x7a330fe001 fs0x1e8=0x7ffe44cd5d00 fs0x13=0x7ffe44cd5d6f fs0x91=0x5bfebc047010 fs0xab=0x0 fs0xb3=0x7ffe44cd5d60 fs0xcb=0x744aa26c5000 fs0x19d=0x744aa1f8900f fs0x28=0x202 fs0x38=0x5bfea9469dc8 fs0x79=0x1b fs0x89=0x0 fs0x99=0x0 fs0xd3=0x744aa1f89000 fs0x107=0x5bfebc047820 fs0x123=0x7ffe44cd6248 fs0x128=0x7f fs0x147=0x6 ip_w0=0x688f ip_w1=0x654 ip_w2=0x6d6 ip_w3=0xc32d ip_w4=0xa953 ip_w5=0x8d3a ip_w6=0x3dc2 ip_w7=0x3501 ip_w8=0xd57e ip_w9=0x162 ip_w10=0x0 ip_w11=0x40 ip_w12=0x8000 ip_w13=0x40 ip_w14=0xa6de ip_w15=0x68 target=0x744aa1a9fbcd target_off=0x9fbcd
[VMTAIL] site=0x90c21 count=67 frame=0x744aa1a7836d frame_off=0x7836d vm_ip=0x744aa1d6b346 vm_ip_off=0x36b346 vm_flags=0xe54f3676 vm_state=0x751f33ac vm_byte=0x3a table=0x744aa1ac3718 table_off=0xc3718 rax=0x744aa1ac2241 rbx=0x0 rcx=0x744aa1a7847c rdx=0xb10 rsi=0x60 rdi=0x744aa1a78377 r8=0x80000000 r9=0x744aa1a78715 r10=0x744aa1ac4228 r11=0x744aa1ac3ac0 r12=0x40 r13=0xa70229 r14=0x40 r15=0x80000040 rbp=0x744aa1a7836d rsp=0x7ffe44cd5d00 fs0x0=0xffffffffdee482f8 fs0x12=0x7ffe44cd5d6f00 fs0x60=0xfffffffffb78fc35 fs0x68=0x744aa1f89000 fs0x71=0x1a44e509 fs0x81=0x744a87629ef7 fs0xe1=0x7820000000000062 fs0x13d=0x202 fs0x16f=0x751f33ac01 fs0x1e8=0x7ffe44cd5d00 fs0x13=0x7ffe44cd5d6f fs0x91=0x5bfebc047010 fs0xab=0x0 fs0xb3=0x7ffe44cd5d60 fs0xcb=0x744aa26c5000 fs0x19d=0x744aa1f8900f fs0x28=0x202 fs0x38=0x5bfea9469dc8 fs0x79=0x1a fs0x89=0x0 fs0x99=0x0 fs0xd3=0x744aa1f89000 fs0x107=0x5bfebc047820 fs0x123=0x7ffe44cd6248 fs0x128=0x7f fs0x147=0x6 ip_w0=0x15b ip_w1=0x3cb0 ip_w2=0x942 ip_w3=0xaf72 ip_w4=0x798d ip_w5=0xd5e6 ip_w6=0x60d9 ip_w7=0x7101 ip_w8=0x4357 ip_w9=0x5afa ip_w10=0x61b9 ip_w11=0x13d ip_w12=0xab ip_w13=0x0 ip_w14=0x30 ip_w15=0x0 target=0x744aa1ac2241 target_off=0xc2241
[VMTAIL] site=0xbfb96 count=68 frame=0x744aa1a7836d frame_off=0x7836d vm_ip=0x744aa1d6b374 vm_ip_off=0x36b374 vm_flags=0x200800 vm_state=0x7a330fe0 vm_byte=0x3a table=0x744aa1ac3718 table_off=0xc3718 rax=0xffffffffa1a783a4 rbx=0x744aa1ac3d38 rcx=0xffff8bb55e587fd6 rdx=0x744aa1a783ee rsi=0x12 rdi=0x744a4dc401b2 r8=0x0 r9=0xc20 r10=0x38008 r11=0x744aa1a78377 r12=0x744aa1a784dd r13=0x744aa1a9fbcd r14=0x744aa1a784dd r15=0x7ffe44cd5d6f rbp=0x744aa1a7836d rsp=0x7ffe44cd5d00 fs0x0=0xfffffffffb78fc4f fs0x12=0x7ffe44cd5d7000 fs0x60=0xfffffffffb78fc35 fs0x68=0x744aa1f89000 fs0x71=0x1a44e509 fs0x81=0x744a87629ef7 fs0xe1=0x7820000000000062 fs0x13d=0x202 fs0x16f=0x7a330fe001 fs0x1e8=0x7ffe44cd5d00 fs0x13=0x7ffe44cd5d70 fs0x91=0x5bfebc047010 fs0xab=0x0 fs0xb3=0x7ffe44cd5d60 fs0xcb=0x744aa26c5000 fs0x19d=0x744aa1f89010 fs0x28=0x202 fs0x38=0x5bfea9469dc8 fs0x79=0x1a fs0x89=0x0 fs0x99=0x0 fs0xd3=0x744aa1f89000 fs0x107=0x5bfebc047820 fs0x123=0x7ffe44cd6248 fs0x128=0x7f fs0x147=0x6 ip_w0=0x688f ip_w1=0x654 ip_w2=0x6d6 ip_w3=0xc32d ip_w4=0xa953 ip_w5=0x8d3a ip_w6=0x3dc2 ip_w7=0x3501 ip_w8=0xd57e ip_w9=0x162 ip_w10=0x0 ip_w11=0x40 ip_w12=0x8000 ip_w13=0x40 ip_w14=0xa6de ip_w15=0x68 target=0x744aa1a9fbcd target_off=0x9fbcd
[VMTAIL] site=0x90c21 count=69 frame=0x744aa1a7836d frame_off=0x7836d vm_ip=0x744aa1d6b346 vm_ip_off=0x36b346 vm_flags=0xe54f3676 vm_state=0x751f33ac vm_byte=0x3a table=0x744aa1ac3718 table_off=0xc3718 rax=0x744aa1ac2241 rbx=0x0 rcx=0x744aa1a7847c rdx=0xb10 rsi=0x60 rdi=0x744aa1a78377 r8=0x80000000 r9=0x744aa1a78715 r10=0x744aa1ac4228 r11=0x744aa1ac3ac0 r12=0x40 r13=0xa70229 r14=0x40 r15=0x80000040 rbp=0x744aa1a7836d rsp=0x7ffe44cd5d00 fs0x0=0xffffffffdee482f7 fs0x12=0x7ffe44cd5d7000 fs0x60=0xfffffffffb78fc35 fs0x68=0x744aa1f89000 fs0x71=0x1a44e508 fs0x81=0x744a87629ef7 fs0xe1=0x7820000000000062 fs0x13d=0x202 fs0x16f=0x751f33ac01 fs0x1e8=0x7ffe44cd5d00 fs0x13=0x7ffe44cd5d70 fs0x91=0x5bfebc047010 fs0xab=0x0 fs0xb3=0x7ffe44cd5d60 fs0xcb=0x744aa26c5000 fs0x19d=0x744aa1f89010 fs0x28=0x202 fs0x38=0x5bfea9469dc8 fs0x79=0x19 fs0x89=0x0 fs0x99=0x0 fs0xd3=0x744aa1f89000 fs0x107=0x5bfebc047820 fs0x123=0x7ffe44cd6248 fs0x128=0x7f fs0x147=0x6 ip_w0=0x15b ip_w1=0x3cb0 ip_w2=0x942 ip_w3=0xaf72 ip_w4=0x798d ip_w5=0xd5e6 ip_w6=0x60d9 ip_w7=0x7101 ip_w8=0x4357 ip_w9=0x5afa ip_w10=0x61b9 ip_w11=0x13d ip_w12=0xab ip_w13=0x0 ip_w14=0x30 ip_w15=0x0 target=0x744aa1ac2241 target_off=0xc2241
[VMTAIL] site=0xbfb96 count=70 frame=0x744aa1a7836d frame_off=0x7836d vm_ip=0x744aa1d6b374 vm_ip_off=0x36b374 vm_flags=0x200800 vm_state=0x7a330fe0 vm_byte=0x3a table=0x744aa1ac3718 table_off=0xc3718 rax=0xffffffffa1a783a4 rbx=0x744aa1ac3d38 rcx=0xffff8bb55e587fd6 rdx=0x744aa1a783ee rsi=0x12 rdi=0x744a4dc401b2 r8=0x0 r9=0xc20 r10=0x38008 r11=0x744aa1a78377 r12=0x744aa1a784dd r13=0x744aa1a9fbcd r14=0x744aa1a784dd r15=0x7ffe44cd5d70 rbp=0x744aa1a7836d rsp=0x7ffe44cd5d00 fs0x0=0xfffffffffb78fc4e fs0x12=0x7ffe44cd5d7100 fs0x60=0xfffffffffb78fc35 fs0x68=0x744aa1f89000 fs0x71=0x1a44e508 fs0x81=0x744a87629ef7 fs0xe1=0x7820000000000062 fs0x13d=0x202 fs0x16f=0x7a330fe001 fs0x1e8=0x7ffe44cd5d00 fs0x13=0x7ffe44cd5d71 fs0x91=0x5bfebc047010 fs0xab=0x0 fs0xb3=0x7ffe44cd5d60 fs0xcb=0x744aa26c5000 fs0x19d=0x744aa1f89011 fs0x28=0x202 fs0x38=0x5bfea9469dc8 fs0x79=0x19 fs0x89=0x0 fs0x99=0x0 fs0xd3=0x744aa1f89000 fs0x107=0x5bfebc047820 fs0x123=0x7ffe44cd6248 fs0x128=0x7f fs0x147=0x6 ip_w0=0x688f ip_w1=0x654 ip_w2=0x6d6 ip_w3=0xc32d ip_w4=0xa953 ip_w5=0x8d3a ip_w6=0x3dc2 ip_w7=0x3501 ip_w8=0xd57e ip_w9=0x162 ip_w10=0x0 ip_w11=0x40 ip_w12=0x8000 ip_w13=0x40 ip_w14=0xa6de ip_w15=0x68 target=0x744aa1a9fbcd target_off=0x9fbcd
[VMTAIL] site=0x90c21 count=71 frame=0x744aa1a7836d frame_off=0x7836d vm_ip=0x744aa1d6b346 vm_ip_off=0x36b346 vm_flags=0xe54f3676 vm_state=0x751f33ac vm_byte=0x3a table=0x744aa1ac3718 table_off=0xc3718 rax=0x744aa1ac2241 rbx=0x0 rcx=0x744aa1a7847c rdx=0xb10 rsi=0x60 rdi=0x744aa1a78377 r8=0x80000000 r9=0x744aa1a78715 r10=0x744aa1ac4228 r11=0x744aa1ac3ac0 r12=0x40 r13=0xa70229 r14=0x40 r15=0x80000040 rbp=0x744aa1a7836d rsp=0x7ffe44cd5d00 fs0x0=0xffffffffdee482f6 fs0x12=0x7ffe44cd5d7100 fs0x60=0xfffffffffb78fc35 fs0x68=0x744aa1f89000 fs0x71=0x1a44e507 fs0x81=0x744a87629ef7 fs0xe1=0x7820000000000062 fs0x13d=0x206 fs0x16f=0x751f33ac01 fs0x1e8=0x7ffe44cd5d00 fs0x13=0x7ffe44cd5d71 fs0x91=0x5bfebc047010 fs0xab=0x0 fs0xb3=0x7ffe44cd5d60 fs0xcb=0x744aa26c5000 fs0x19d=0x744aa1f89011 fs0x28=0x202 fs0x38=0x5bfea9469dc8 fs0x79=0x18 fs0x89=0x0 fs0x99=0x0 fs0xd3=0x744aa1f89000 fs0x107=0x5bfebc047820 fs0x123=0x7ffe44cd6248 fs0x128=0x7f fs0x147=0x6 ip_w0=0x15b ip_w1=0x3cb0 ip_w2=0x942 ip_w3=0xaf72 ip_w4=0x798d ip_w5=0xd5e6 ip_w6=0x60d9 ip_w7=0x7101 ip_w8=0x4357 ip_w9=0x5afa ip_w10=0x61b9 ip_w11=0x13d ip_w12=0xab ip_w13=0x0 ip_w14=0x30 ip_w15=0x0 target=0x744aa1ac2241 target_off=0xc2241
[VMTAIL] site=0xbfb96 count=72 frame=0x744aa1a7836d frame_off=0x7836d vm_ip=0x744aa1d6b374 vm_ip_off=0x36b374 vm_flags=0x200800 vm_state=0x7a330fe0 vm_byte=0x3a table=0x744aa1ac3718 table_off=0xc3718 rax=0xffffffffa1a783a4 rbx=0x744aa1ac3d38 rcx=0xffff8bb55e587fd6 rdx=0x744aa1a783ee rsi=0x12 rdi=0x744a4dc401b2 r8=0x0 r9=0xc20 r10=0x38008 r11=0x744aa1a78377 r12=0x744aa1a784dd r13=0x744aa1a9fbcd r14=0x744aa1a784dd r15=0x7ffe44cd5d71 rbp=0x744aa1a7836d rsp=0x7ffe44cd5d00 fs0x0=0xfffffffffb78fc4d fs0x12=0x7ffe44cd5d7200 fs0x60=0xfffffffffb78fc35 fs0x68=0x744aa1f89000 fs0x71=0x1a44e507 fs0x81=0x744a87629ef7 fs0xe1=0x7820000000000062 fs0x13d=0x206 fs0x16f=0x7a330fe001 fs0x1e8=0x7ffe44cd5d00 fs0x13=0x7ffe44cd5d72 fs0x91=0x5bfebc047010 fs0xab=0x0 fs0xb3=0x7ffe44cd5d60 fs0xcb=0x744aa26c5000 fs0x19d=0x744aa1f89012 fs0x28=0x202 fs0x38=0x5bfea9469dc8 fs0x79=0x18 fs0x89=0x0 fs0x99=0x0 fs0xd3=0x744aa1f89000 fs0x107=0x5bfebc047820 fs0x123=0x7ffe44cd6248 fs0x128=0x7f fs0x147=0x6 ip_w0=0x688f ip_w1=0x654 ip_w2=0x6d6 ip_w3=0xc32d ip_w4=0xa953 ip_w5=0x8d3a ip_w6=0x3dc2 ip_w7=0x3501 ip_w8=0xd57e ip_w9=0x162 ip_w10=0x0 ip_w11=0x40 ip_w12=0x8000 ip_w13=0x40 ip_w14=0xa6de ip_w15=0x68 target=0x744aa1a9fbcd target_off=0x9fbcd
[VMTAIL] site=0x90c21 count=73 frame=0x744aa1a7836d frame_off=0x7836d vm_ip=0x744aa1d6b346 vm_ip_off=0x36b346 vm_flags=0xe54f3676 vm_state=0x751f33ac vm_byte=0x3a table=0x744aa1ac3718 table_off=0xc3718 rax=0x744aa1ac2241 rbx=0x0 rcx=0x744aa1a7847c rdx=0xb10 rsi=0x60 rdi=0x744aa1a78377 r8=0x80000000 r9=0x744aa1a78715 r10=0x744aa1ac4228 r11=0x744aa1ac3ac0 r12=0x40 r13=0xa70229 r14=0x40 r15=0x80000040 rbp=0x744aa1a7836d rsp=0x7ffe44cd5d00 fs0x0=0xffffffffdee482f5 fs0x12=0x7ffe44cd5d7200 fs0x60=0xfffffffffb78fc35 fs0x68=0x744aa1f89000 fs0x71=0x1a44e506 fs0x81=0x744a87629ef7 fs0xe1=0x7820000000000062 fs0x13d=0x206 fs0x16f=0x751f33ac01 fs0x1e8=0x7ffe44cd5d00 fs0x13=0x7ffe44cd5d72 fs0x91=0x5bfebc047010 fs0xab=0x0 fs0xb3=0x7ffe44cd5d60 fs0xcb=0x744aa26c5000 fs0x19d=0x744aa1f89012 fs0x28=0x202 fs0x38=0x5bfea9469dc8 fs0x79=0x17 fs0x89=0x0 fs0x99=0x0 fs0xd3=0x744aa1f89000 fs0x107=0x5bfebc047820 fs0x123=0x7ffe44cd6248 fs0x128=0x7f fs0x147=0x6 ip_w0=0x15b ip_w1=0x3cb0 ip_w2=0x942 ip_w3=0xaf72 ip_w4=0x798d ip_w5=0xd5e6 ip_w6=0x60d9 ip_w7=0x7101 ip_w8=0x4357 ip_w9=0x5afa ip_w10=0x61b9 ip_w11=0x13d ip_w12=0xab ip_w13=0x0 ip_w14=0x30 ip_w15=0x0 target=0x744aa1ac2241 target_off=0xc2241
[VMTAIL] site=0xbfb96 count=74 frame=0x744aa1a7836d frame_off=0x7836d vm_ip=0x744aa1d6b374 vm_ip_off=0x36b374 vm_flags=0x200800 vm_state=0x7a330fe0 vm_byte=0x3a table=0x744aa1ac3718 table_off=0xc3718 rax=0xffffffffa1a783a4 rbx=0x744aa1ac3d38 rcx=0xffff8bb55e587fd6 rdx=0x744aa1a783ee rsi=0x12 rdi=0x744a4dc401b2 r8=0x0 r9=0xc20 r10=0x38008 r11=0x744aa1a78377 r12=0x744aa1a784dd r13=0x744aa1a9fbcd r14=0x744aa1a784dd r15=0x7ffe44cd5d72 rbp=0x744aa1a7836d rsp=0x7ffe44cd5d00 fs0x0=0xfffffffffb78fc4c fs0x12=0x7ffe44cd5d7300 fs0x60=0xfffffffffb78fc35 fs0x68=0x744aa1f89000 fs0x71=0x1a44e506 fs0x81=0x744a87629ef7 fs0xe1=0x7820000000000062 fs0x13d=0x206 fs0x16f=0x7a330fe001 fs0x1e8=0x7ffe44cd5d00 fs0x13=0x7ffe44cd5d73 fs0x91=0x5bfebc047010 fs0xab=0x0 fs0xb3=0x7ffe44cd5d60 fs0xcb=0x744aa26c5000 fs0x19d=0x744aa1f89013 fs0x28=0x202 fs0x38=0x5bfea9469dc8 fs0x79=0x17 fs0x89=0x0 fs0x99=0x0 fs0xd3=0x744aa1f89000 fs0x107=0x5bfebc047820 fs0x123=0x7ffe44cd6248 fs0x128=0x7f fs0x147=0x6 ip_w0=0x688f ip_w1=0x654 ip_w2=0x6d6 ip_w3=0xc32d ip_w4=0xa953 ip_w5=0x8d3a ip_w6=0x3dc2 ip_w7=0x3501 ip_w8=0xd57e ip_w9=0x162 ip_w10=0x0 ip_w11=0x40 ip_w12=0x8000 ip_w13=0x40 ip_w14=0xa6de ip_w15=0x68 target=0x744aa1a9fbcd target_off=0x9fbcd
[VMTAIL] site=0x90c21 count=75 frame=0x744aa1a7836d frame_off=0x7836d vm_ip=0x744aa1d6b346 vm_ip_off=0x36b346 vm_flags=0xe54f3676 vm_state=0x751f33ac vm_byte=0x3a table=0x744aa1ac3718 table_off=0xc3718 rax=0x744aa1ac2241 rbx=0x0 rcx=0x744aa1a7847c rdx=0xb10 rsi=0x60 rdi=0x744aa1a78377 r8=0x80000000 r9=0x744aa1a78715 r10=0x744aa1ac4228 r11=0x744aa1ac3ac0 r12=0x40 r13=0xa70229 r14=0x40 r15=0x80000040 rbp=0x744aa1a7836d rsp=0x7ffe44cd5d00 fs0x0=0xffffffffdee482f4 fs0x12=0x7ffe44cd5d7300 fs0x60=0xfffffffffb78fc35 fs0x68=0x744aa1f89000 fs0x71=0x1a44e505 fs0x81=0x744a87629ef7 fs0xe1=0x7820000000000062 fs0x13d=0x202 fs0x16f=0x751f33ac01 fs0x1e8=0x7ffe44cd5d00 fs0x13=0x7ffe44cd5d73 fs0x91=0x5bfebc047010 fs0xab=0x0 fs0xb3=0x7ffe44cd5d60 fs0xcb=0x744aa26c5000 fs0x19d=0x744aa1f89013 fs0x28=0x202 fs0x38=0x5bfea9469dc8 fs0x79=0x16 fs0x89=0x0 fs0x99=0x0 fs0xd3=0x744aa1f89000 fs0x107=0x5bfebc047820 fs0x123=0x7ffe44cd6248 fs0x128=0x7f fs0x147=0x6 ip_w0=0x15b ip_w1=0x3cb0 ip_w2=0x942 ip_w3=0xaf72 ip_w4=0x798d ip_w5=0xd5e6 ip_w6=0x60d9 ip_w7=0x7101 ip_w8=0x4357 ip_w9=0x5afa ip_w10=0x61b9 ip_w11=0x13d ip_w12=0xab ip_w13=0x0 ip_w14=0x30 ip_w15=0x0 target=0x744aa1ac2241 target_off=0xc2241
[VMTAIL] site=0xbfb96 count=76 frame=0x744aa1a7836d frame_off=0x7836d vm_ip=0x744aa1d6b374 vm_ip_off=0x36b374 vm_flags=0x200800 vm_state=0x7a330fe0 vm_byte=0x3a table=0x744aa1ac3718 table_off=0xc3718 rax=0xffffffffa1a783a4 rbx=0x744aa1ac3d38 rcx=0xffff8bb55e587fd6 rdx=0x744aa1a783ee rsi=0x12 rdi=0x744a4dc401b2 r8=0x0 r9=0xc20 r10=0x38008 r11=0x744aa1a78377 r12=0x744aa1a784dd r13=0x744aa1a9fbcd r14=0x744aa1a784dd r15=0x7ffe44cd5d73 rbp=0x744aa1a7836d rsp=0x7ffe44cd5d00 fs0x0=0xfffffffffb78fc4b fs0x12=0x7ffe44cd5d7400 fs0x60=0xfffffffffb78fc35 fs0x68=0x744aa1f89000 fs0x71=0x1a44e505 fs0x81=0x744a87629ef7 fs0xe1=0x7820000000000062 fs0x13d=0x202 fs0x16f=0x7a330fe001 fs0x1e8=0x7ffe44cd5d00 fs0x13=0x7ffe44cd5d74 fs0x91=0x5bfebc047010 fs0xab=0x0 fs0xb3=0x7ffe44cd5d60 fs0xcb=0x744aa26c5000 fs0x19d=0x744aa1f89014 fs0x28=0x202 fs0x38=0x5bfea9469dc8 fs0x79=0x16 fs0x89=0x0 fs0x99=0x0 fs0xd3=0x744aa1f89000 fs0x107=0x5bfebc047820 fs0x123=0x7ffe44cd6248 fs0x128=0x7f fs0x147=0x6 ip_w0=0x688f ip_w1=0x654 ip_w2=0x6d6 ip_w3=0xc32d ip_w4=0xa953 ip_w5=0x8d3a ip_w6=0x3dc2 ip_w7=0x3501 ip_w8=0xd57e ip_w9=0x162 ip_w10=0x0 ip_w11=0x40 ip_w12=0x8000 ip_w13=0x40 ip_w14=0xa6de ip_w15=0x68 target=0x744aa1a9fbcd target_off=0x9fbcd
[VMTAIL] site=0x90c21 count=77 frame=0x744aa1a7836d frame_off=0x7836d vm_ip=0x744aa1d6b346 vm_ip_off=0x36b346 vm_flags=0xe54f3676 vm_state=0x751f33ac vm_byte=0x3a table=0x744aa1ac3718 table_off=0xc3718 rax=0x744aa1ac2241 rbx=0x0 rcx=0x744aa1a7847c rdx=0xb10 rsi=0x60 rdi=0x744aa1a78377 r8=0x80000000 r9=0x744aa1a78715 r10=0x744aa1ac4228 r11=0x744aa1ac3ac0 r12=0x40 r13=0xa70229 r14=0x40 r15=0x80000040 rbp=0x744aa1a7836d rsp=0x7ffe44cd5d00 fs0x0=0xffffffffdee482f3 fs0x12=0x7ffe44cd5d7400 fs0x60=0xfffffffffb78fc35 fs0x68=0x744aa1f89000 fs0x71=0x1a44e504 fs0x81=0x744a87629ef7 fs0xe1=0x7820000000000062 fs0x13d=0x202 fs0x16f=0x751f33ac01 fs0x1e8=0x7ffe44cd5d00 fs0x13=0x7ffe44cd5d74 fs0x91=0x5bfebc047010 fs0xab=0x0 fs0xb3=0x7ffe44cd5d60 fs0xcb=0x744aa26c5000 fs0x19d=0x744aa1f89014 fs0x28=0x202 fs0x38=0x5bfea9469dc8 fs0x79=0x15 fs0x89=0x0 fs0x99=0x0 fs0xd3=0x744aa1f89000 fs0x107=0x5bfebc047820 fs0x123=0x7ffe44cd6248 fs0x128=0x7f fs0x147=0x6 ip_w0=0x15b ip_w1=0x3cb0 ip_w2=0x942 ip_w3=0xaf72 ip_w4=0x798d ip_w5=0xd5e6 ip_w6=0x60d9 ip_w7=0x7101 ip_w8=0x4357 ip_w9=0x5afa ip_w10=0x61b9 ip_w11=0x13d ip_w12=0xab ip_w13=0x0 ip_w14=0x30 ip_w15=0x0 target=0x744aa1ac2241 target_off=0xc2241
[VMTAIL] site=0xbfb96 count=78 frame=0x744aa1a7836d frame_off=0x7836d vm_ip=0x744aa1d6b374 vm_ip_off=0x36b374 vm_flags=0x200800 vm_state=0x7a330fe0 vm_byte=0x3a table=0x744aa1ac3718 table_off=0xc3718 rax=0xffffffffa1a783a4 rbx=0x744aa1ac3d38 rcx=0xffff8bb55e587fd6 rdx=0x744aa1a783ee rsi=0x12 rdi=0x744a4dc401b2 r8=0x0 r9=0xc20 r10=0x38008 r11=0x744aa1a78377 r12=0x744aa1a784dd r13=0x744aa1a9fbcd r14=0x744aa1a784dd r15=0x7ffe44cd5d74 rbp=0x744aa1a7836d rsp=0x7ffe44cd5d00 fs0x0=0xfffffffffb78fc4a fs0x12=0x7ffe44cd5d7500 fs0x60=0xfffffffffb78fc35 fs0x68=0x744aa1f89000 fs0x71=0x1a44e504 fs0x81=0x744a87629ef7 fs0xe1=0x7820000000000062 fs0x13d=0x202 fs0x16f=0x7a330fe001 fs0x1e8=0x7ffe44cd5d00 fs0x13=0x7ffe44cd5d75 fs0x91=0x5bfebc047010 fs0xab=0x0 fs0xb3=0x7ffe44cd5d60 fs0xcb=0x744aa26c5000 fs0x19d=0x744aa1f89015 fs0x28=0x202 fs0x38=0x5bfea9469dc8 fs0x79=0x15 fs0x89=0x0 fs0x99=0x0 fs0xd3=0x744aa1f89000 fs0x107=0x5bfebc047820 fs0x123=0x7ffe44cd6248 fs0x128=0x7f fs0x147=0x6 ip_w0=0x688f ip_w1=0x654 ip_w2=0x6d6 ip_w3=0xc32d ip_w4=0xa953 ip_w5=0x8d3a ip_w6=0x3dc2 ip_w7=0x3501 ip_w8=0xd57e ip_w9=0x162 ip_w10=0x0 ip_w11=0x40 ip_w12=0x8000 ip_w13=0x40 ip_w14=0xa6de ip_w15=0x68 target=0x744aa1a9fbcd target_off=0x9fbcd
[VMTAIL] site=0x90c21 count=79 frame=0x744aa1a7836d frame_off=0x7836d vm_ip=0x744aa1d6b346 vm_ip_off=0x36b346 vm_flags=0xe54f3676 vm_state=0x751f33ac vm_byte=0x3a table=0x744aa1ac3718 table_off=0xc3718 rax=0x744aa1ac2241 rbx=0x0 rcx=0x744aa1a7847c rdx=0xb10 rsi=0x60 rdi=0x744aa1a78377 r8=0x80000000 r9=0x744aa1a78715 r10=0x744aa1ac4228 r11=0x744aa1ac3ac0 r12=0x40 r13=0xa70229 r14=0x40 r15=0x80000040 rbp=0x744aa1a7836d rsp=0x7ffe44cd5d00 fs0x0=0xffffffffdee482f2 fs0x12=0x7ffe44cd5d7500 fs0x60=0xfffffffffb78fc35 fs0x68=0x744aa1f89000 fs0x71=0x1a44e503 fs0x81=0x744a87629ef7 fs0xe1=0x7820000000000062 fs0x13d=0x206 fs0x16f=0x751f33ac01 fs0x1e8=0x7ffe44cd5d00 fs0x13=0x7ffe44cd5d75 fs0x91=0x5bfebc047010 fs0xab=0x0 fs0xb3=0x7ffe44cd5d60 fs0xcb=0x744aa26c5000 fs0x19d=0x744aa1f89015 fs0x28=0x202 fs0x38=0x5bfea9469dc8 fs0x79=0x14 fs0x89=0x0 fs0x99=0x0 fs0xd3=0x744aa1f89000 fs0x107=0x5bfebc047820 fs0x123=0x7ffe44cd6248 fs0x128=0x7f fs0x147=0x6 ip_w0=0x15b ip_w1=0x3cb0 ip_w2=0x942 ip_w3=0xaf72 ip_w4=0x798d ip_w5=0xd5e6 ip_w6=0x60d9 ip_w7=0x7101 ip_w8=0x4357 ip_w9=0x5afa ip_w10=0x61b9 ip_w11=0x13d ip_w12=0xab ip_w13=0x0 ip_w14=0x30 ip_w15=0x0 target=0x744aa1ac2241 target_off=0xc2241
[VMTAIL] site=0xbfb96 count=80 frame=0x744aa1a7836d frame_off=0x7836d vm_ip=0x744aa1d6b374 vm_ip_off=0x36b374 vm_flags=0x200800 vm_state=0x7a330fe0 vm_byte=0x3a table=0x744aa1ac3718 table_off=0xc3718 rax=0xffffffffa1a783a4 rbx=0x744aa1ac3d38 rcx=0xffff8bb55e587fd6 rdx=0x744aa1a783ee rsi=0x12 rdi=0x744a4dc401b2 r8=0x0 r9=0xc20 r10=0x38008 r11=0x744aa1a78377 r12=0x744aa1a784dd r13=0x744aa1a9fbcd r14=0x744aa1a784dd r15=0x7ffe44cd5d75 rbp=0x744aa1a7836d rsp=0x7ffe44cd5d00 fs0x0=0xfffffffffb78fc49 fs0x12=0x7ffe44cd5d7600 fs0x60=0xfffffffffb78fc35 fs0x68=0x744aa1f89000 fs0x71=0x1a44e503 fs0x81=0x744a87629ef7 fs0xe1=0x7820000000000062 fs0x13d=0x206 fs0x16f=0x7a330fe001 fs0x1e8=0x7ffe44cd5d00 fs0x13=0x7ffe44cd5d76 fs0x91=0x5bfebc047010 fs0xab=0x0 fs0xb3=0x7ffe44cd5d60 fs0xcb=0x744aa26c5000 fs0x19d=0x744aa1f89016 fs0x28=0x202 fs0x38=0x5bfea9469dc8 fs0x79=0x14 fs0x89=0x0 fs0x99=0x0 fs0xd3=0x744aa1f89000 fs0x107=0x5bfebc047820 fs0x123=0x7ffe44cd6248 fs0x128=0x7f fs0x147=0x6 ip_w0=0x688f ip_w1=0x654 ip_w2=0x6d6 ip_w3=0xc32d ip_w4=0xa953 ip_w5=0x8d3a ip_w6=0x3dc2 ip_w7=0x3501 ip_w8=0xd57e ip_w9=0x162 ip_w10=0x0 ip_w11=0x40 ip_w12=0x8000 ip_w13=0x40 ip_w14=0xa6de ip_w15=0x68 target=0x744aa1a9fbcd target_off=0x9fbcd
[VMTAIL] site=0x90c21 count=81 frame=0x744aa1a7836d frame_off=0x7836d vm_ip=0x744aa1d6b346 vm_ip_off=0x36b346 vm_flags=0xe54f3676 vm_state=0x751f33ac vm_byte=0x3a table=0x744aa1ac3718 table_off=0xc3718 rax=0x744aa1ac2241 rbx=0x0 rcx=0x744aa1a7847c rdx=0xb10 rsi=0x60 rdi=0x744aa1a78377 r8=0x80000000 r9=0x744aa1a78715 r10=0x744aa1ac4228 r11=0x744aa1ac3ac0 r12=0x40 r13=0xa70229 r14=0x40 r15=0x80000040 rbp=0x744aa1a7836d rsp=0x7ffe44cd5d00 fs0x0=0xffffffffdee482f1 fs0x12=0x7ffe44cd5d7600 fs0x60=0xfffffffffb78fc35 fs0x68=0x744aa1f89000 fs0x71=0x1a44e502 fs0x81=0x744a87629ef7 fs0xe1=0x7820000000000062 fs0x13d=0x202 fs0x16f=0x751f33ac01 fs0x1e8=0x7ffe44cd5d00 fs0x13=0x7ffe44cd5d76 fs0x91=0x5bfebc047010 fs0xab=0x0 fs0xb3=0x7ffe44cd5d60 fs0xcb=0x744aa26c5000 fs0x19d=0x744aa1f89016 fs0x28=0x202 fs0x38=0x5bfea9469dc8 fs0x79=0x13 fs0x89=0x0 fs0x99=0x0 fs0xd3=0x744aa1f89000 fs0x107=0x5bfebc047820 fs0x123=0x7ffe44cd6248 fs0x128=0x7f fs0x147=0x6 ip_w0=0x15b ip_w1=0x3cb0 ip_w2=0x942 ip_w3=0xaf72 ip_w4=0x798d ip_w5=0xd5e6 ip_w6=0x60d9 ip_w7=0x7101 ip_w8=0x4357 ip_w9=0x5afa ip_w10=0x61b9 ip_w11=0x13d ip_w12=0xab ip_w13=0x0 ip_w14=0x30 ip_w15=0x0 target=0x744aa1ac2241 target_off=0xc2241
[VMTAIL] site=0xbfb96 count=82 frame=0x744aa1a7836d frame_off=0x7836d vm_ip=0x744aa1d6b374 vm_ip_off=0x36b374 vm_flags=0x200800 vm_state=0x7a330fe0 vm_byte=0x3a table=0x744aa1ac3718 table_off=0xc3718 rax=0xffffffffa1a783a4 rbx=0x744aa1ac3d38 rcx=0xffff8bb55e587fd6 rdx=0x744aa1a783ee rsi=0x12 rdi=0x744a4dc401b2 r8=0x0 r9=0xc20 r10=0x38008 r11=0x744aa1a78377 r12=0x744aa1a784dd r13=0x744aa1a9fbcd r14=0x744aa1a784dd r15=0x7ffe44cd5d76 rbp=0x744aa1a7836d rsp=0x7ffe44cd5d00 fs0x0=0xfffffffffb78fc48 fs0x12=0x7ffe44cd5d7700 fs0x60=0xfffffffffb78fc35 fs0x68=0x744aa1f89000 fs0x71=0x1a44e502 fs0x81=0x744a87629ef7 fs0xe1=0x7820000000000062 fs0x13d=0x202 fs0x16f=0x7a330fe001 fs0x1e8=0x7ffe44cd5d00 fs0x13=0x7ffe44cd5d77 fs0x91=0x5bfebc047010 fs0xab=0x0 fs0xb3=0x7ffe44cd5d60 fs0xcb=0x744aa26c5000 fs0x19d=0x744aa1f89017 fs0x28=0x202 fs0x38=0x5bfea9469dc8 fs0x79=0x13 fs0x89=0x0 fs0x99=0x0 fs0xd3=0x744aa1f89000 fs0x107=0x5bfebc047820 fs0x123=0x7ffe44cd6248 fs0x128=0x7f fs0x147=0x6 ip_w0=0x688f ip_w1=0x654 ip_w2=0x6d6 ip_w3=0xc32d ip_w4=0xa953 ip_w5=0x8d3a ip_w6=0x3dc2 ip_w7=0x3501 ip_w8=0xd57e ip_w9=0x162 ip_w10=0x0 ip_w11=0x40 ip_w12=0x8000 ip_w13=0x40 ip_w14=0xa6de ip_w15=0x68 target=0x744aa1a9fbcd target_off=0x9fbcd
[VMTAIL] site=0x90c21 count=83 frame=0x744aa1a7836d frame_off=0x7836d vm_ip=0x744aa1d6b346 vm_ip_off=0x36b346 vm_flags=0xe54f3676 vm_state=0x751f33ac vm_byte=0x3a table=0x744aa1ac3718 table_off=0xc3718 rax=0x744aa1ac2241 rbx=0x0 rcx=0x744aa1a7847c rdx=0xb10 rsi=0x60 rdi=0x744aa1a78377 r8=0x80000000 r9=0x744aa1a78715 r10=0x744aa1ac4228 r11=0x744aa1ac3ac0 r12=0x40 r13=0xa70229 r14=0x40 r15=0x80000040 rbp=0x744aa1a7836d rsp=0x7ffe44cd5d00 fs0x0=0xffffffffdee482f0 fs0x12=0x7ffe44cd5d7700 fs0x60=0xfffffffffb78fc35 fs0x68=0x744aa1f89000 fs0x71=0x1a44e501 fs0x81=0x744a87629ef7 fs0xe1=0x7820000000000062 fs0x13d=0x206 fs0x16f=0x751f33ac01 fs0x1e8=0x7ffe44cd5d00 fs0x13=0x7ffe44cd5d77 fs0x91=0x5bfebc047010 fs0xab=0x0 fs0xb3=0x7ffe44cd5d60 fs0xcb=0x744aa26c5000 fs0x19d=0x744aa1f89017 fs0x28=0x202 fs0x38=0x5bfea9469dc8 fs0x79=0x12 fs0x89=0x0 fs0x99=0x0 fs0xd3=0x744aa1f89000 fs0x107=0x5bfebc047820 fs0x123=0x7ffe44cd6248 fs0x128=0x7f fs0x147=0x6 ip_w0=0x15b ip_w1=0x3cb0 ip_w2=0x942 ip_w3=0xaf72 ip_w4=0x798d ip_w5=0xd5e6 ip_w6=0x60d9 ip_w7=0x7101 ip_w8=0x4357 ip_w9=0x5afa ip_w10=0x61b9 ip_w11=0x13d ip_w12=0xab ip_w13=0x0 ip_w14=0x30 ip_w15=0x0 target=0x744aa1ac2241 target_off=0xc2241
[VMTAIL] site=0xbfb96 count=84 frame=0x744aa1a7836d frame_off=0x7836d vm_ip=0x744aa1d6b374 vm_ip_off=0x36b374 vm_flags=0x200800 vm_state=0x7a330fe0 vm_byte=0x3a table=0x744aa1ac3718 table_off=0xc3718 rax=0xffffffffa1a783a4 rbx=0x744aa1ac3d38 rcx=0xffff8bb55e587fd6 rdx=0x744aa1a783ee rsi=0x12 rdi=0x744a4dc401b2 r8=0x0 r9=0xc20 r10=0x38008 r11=0x744aa1a78377 r12=0x744aa1a784dd r13=0x744aa1a9fbcd r14=0x744aa1a784dd r15=0x7ffe44cd5d77 rbp=0x744aa1a7836d rsp=0x7ffe44cd5d00 fs0x0=0xfffffffffb78fc47 fs0x12=0x7ffe44cd5d7800 fs0x60=0xfffffffffb78fc35 fs0x68=0x744aa1f89000 fs0x71=0x1a44e501 fs0x81=0x744a87629ef7 fs0xe1=0x7820000000000062 fs0x13d=0x206 fs0x16f=0x7a330fe001 fs0x1e8=0x7ffe44cd5d00 fs0x13=0x7ffe44cd5d78 fs0x91=0x5bfebc047010 fs0xab=0x0 fs0xb3=0x7ffe44cd5d60 fs0xcb=0x744aa26c5000 fs0x19d=0x744aa1f89018 fs0x28=0x202 fs0x38=0x5bfea9469dc8 fs0x79=0x12 fs0x89=0x0 fs0x99=0x0 fs0xd3=0x744aa1f89000 fs0x107=0x5bfebc047820 fs0x123=0x7ffe44cd6248 fs0x128=0x7f fs0x147=0x6 ip_w0=0x688f ip_w1=0x654 ip_w2=0x6d6 ip_w3=0xc32d ip_w4=0xa953 ip_w5=0x8d3a ip_w6=0x3dc2 ip_w7=0x3501 ip_w8=0xd57e ip_w9=0x162 ip_w10=0x0 ip_w11=0x40 ip_w12=0x8000 ip_w13=0x40 ip_w14=0xa6de ip_w15=0x68 target=0x744aa1a9fbcd target_off=0x9fbcd
[VMTAIL] site=0x90c21 count=85 frame=0x744aa1a7836d frame_off=0x7836d vm_ip=0x744aa1d6b346 vm_ip_off=0x36b346 vm_flags=0xe54f3676 vm_state=0x751f33ac vm_byte=0x3a table=0x744aa1ac3718 table_off=0xc3718 rax=0x744aa1ac2241 rbx=0x0 rcx=0x744aa1a7847c rdx=0xb10 rsi=0x60 rdi=0x744aa1a78377 r8=0x80000000 r9=0x744aa1a78715 r10=0x744aa1ac4228 r11=0x744aa1ac3ac0 r12=0x40 r13=0xa70229 r14=0x40 r15=0x80000040 rbp=0x744aa1a7836d rsp=0x7ffe44cd5d00 fs0x0=0xffffffffdee482ef fs0x12=0x7ffe44cd5d7800 fs0x60=0xfffffffffb78fc35 fs0x68=0x744aa1f89000 fs0x71=0x1a44e500 fs0x81=0x744a87629ef7 fs0xe1=0x7820000000000062 fs0x13d=0x206 fs0x16f=0x751f33ac01 fs0x1e8=0x7ffe44cd5d00 fs0x13=0x7ffe44cd5d78 fs0x91=0x5bfebc047010 fs0xab=0x0 fs0xb3=0x7ffe44cd5d60 fs0xcb=0x744aa26c5000 fs0x19d=0x744aa1f89018 fs0x28=0x202 fs0x38=0x5bfea9469dc8 fs0x79=0x11 fs0x89=0x0 fs0x99=0x0 fs0xd3=0x744aa1f89000 fs0x107=0x5bfebc047820 fs0x123=0x7ffe44cd6248 fs0x128=0x7f fs0x147=0x6 ip_w0=0x15b ip_w1=0x3cb0 ip_w2=0x942 ip_w3=0xaf72 ip_w4=0x798d ip_w5=0xd5e6 ip_w6=0x60d9 ip_w7=0x7101 ip_w8=0x4357 ip_w9=0x5afa ip_w10=0x61b9 ip_w11=0x13d ip_w12=0xab ip_w13=0x0 ip_w14=0x30 ip_w15=0x0 target=0x744aa1ac2241 target_off=0xc2241
[VMTAIL] site=0xbfb96 count=86 frame=0x744aa1a7836d frame_off=0x7836d vm_ip=0x744aa1d6b374 vm_ip_off=0x36b374 vm_flags=0x200800 vm_state=0x7a330fe0 vm_byte=0x3a table=0x744aa1ac3718 table_off=0xc3718 rax=0xffffffffa1a783a4 rbx=0x744aa1ac3d38 rcx=0xffff8bb55e587fd6 rdx=0x744aa1a783ee rsi=0x12 rdi=0x744a4dc401b2 r8=0x0 r9=0xc20 r10=0x38008 r11=0x744aa1a78377 r12=0x744aa1a784dd r13=0x744aa1a9fbcd r14=0x744aa1a784dd r15=0x7ffe44cd5d78 rbp=0x744aa1a7836d rsp=0x7ffe44cd5d00 fs0x0=0xfffffffffb78fc46 fs0x12=0x7ffe44cd5d7900 fs0x60=0xfffffffffb78fc35 fs0x68=0x744aa1f89000 fs0x71=0x1a44e500 fs0x81=0x744a87629ef7 fs0xe1=0x7820000000000062 fs0x13d=0x206 fs0x16f=0x7a330fe001 fs0x1e8=0x7ffe44cd5d00 fs0x13=0x7ffe44cd5d79 fs0x91=0x5bfebc047010 fs0xab=0x0 fs0xb3=0x7ffe44cd5d60 fs0xcb=0x744aa26c5000 fs0x19d=0x744aa1f89019 fs0x28=0x202 fs0x38=0x5bfea9469dc8 fs0x79=0x11 fs0x89=0x0 fs0x99=0x0 fs0xd3=0x744aa1f89000 fs0x107=0x5bfebc047820 fs0x123=0x7ffe44cd6248 fs0x128=0x7f fs0x147=0x6 ip_w0=0x688f ip_w1=0x654 ip_w2=0x6d6 ip_w3=0xc32d ip_w4=0xa953 ip_w5=0x8d3a ip_w6=0x3dc2 ip_w7=0x3501 ip_w8=0xd57e ip_w9=0x162 ip_w10=0x0 ip_w11=0x40 ip_w12=0x8000 ip_w13=0x40 ip_w14=0xa6de ip_w15=0x68 target=0x744aa1a9fbcd target_off=0x9fbcd
[VMTAIL] site=0x90c21 count=87 frame=0x744aa1a7836d frame_off=0x7836d vm_ip=0x744aa1d6b346 vm_ip_off=0x36b346 vm_flags=0xe54f3676 vm_state=0x751f33ac vm_byte=0x3a table=0x744aa1ac3718 table_off=0xc3718 rax=0x744aa1ac2241 rbx=0x0 rcx=0x744aa1a7847c rdx=0xb10 rsi=0x60 rdi=0x744aa1a78377 r8=0x80000000 r9=0x744aa1a78715 r10=0x744aa1ac4228 r11=0x744aa1ac3ac0 r12=0x40 r13=0xa70229 r14=0x40 r15=0x80000040 rbp=0x744aa1a7836d rsp=0x7ffe44cd5d00 fs0x0=0xffffffffdee482ee fs0x12=0x7ffe44cd5d7900 fs0x60=0xfffffffffb78fc35 fs0x68=0x744aa1f89000 fs0x71=0x1a44e4ff fs0x81=0x744a87629ef7 fs0xe1=0x7820000000000062 fs0x13d=0x202 fs0x16f=0x751f33ac01 fs0x1e8=0x7ffe44cd5d00 fs0x13=0x7ffe44cd5d79 fs0x91=0x5bfebc047010 fs0xab=0x0 fs0xb3=0x7ffe44cd5d60 fs0xcb=0x744aa26c5000 fs0x19d=0x744aa1f89019 fs0x28=0x202 fs0x38=0x5bfea9469dc8 fs0x79=0x10 fs0x89=0x0 fs0x99=0x0 fs0xd3=0x744aa1f89000 fs0x107=0x5bfebc047820 fs0x123=0x7ffe44cd6248 fs0x128=0x7f fs0x147=0x6 ip_w0=0x15b ip_w1=0x3cb0 ip_w2=0x942 ip_w3=0xaf72 ip_w4=0x798d ip_w5=0xd5e6 ip_w6=0x60d9 ip_w7=0x7101 ip_w8=0x4357 ip_w9=0x5afa ip_w10=0x61b9 ip_w11=0x13d ip_w12=0xab ip_w13=0x0 ip_w14=0x30 ip_w15=0x0 target=0x744aa1ac2241 target_off=0xc2241
[VMTAIL] site=0xbfb96 count=88 frame=0x744aa1a7836d frame_off=0x7836d vm_ip=0x744aa1d6b374 vm_ip_off=0x36b374 vm_flags=0x200800 vm_state=0x7a330fe0 vm_byte=0x3a table=0x744aa1ac3718 table_off=0xc3718 rax=0xffffffffa1a783a4 rbx=0x744aa1ac3d38 rcx=0xffff8bb55e587fd6 rdx=0x744aa1a783ee rsi=0x12 rdi=0x744a4dc401b2 r8=0x0 r9=0xc20 r10=0x38008 r11=0x744aa1a78377 r12=0x744aa1a784dd r13=0x744aa1a9fbcd r14=0x744aa1a784dd r15=0x7ffe44cd5d79 rbp=0x744aa1a7836d rsp=0x7ffe44cd5d00 fs0x0=0xfffffffffb78fc45 fs0x12=0x7ffe44cd5d7a00 fs0x60=0xfffffffffb78fc35 fs0x68=0x744aa1f89000 fs0x71=0x1a44e4ff fs0x81=0x744a87629ef7 fs0xe1=0x7820000000000062 fs0x13d=0x202 fs0x16f=0x7a330fe001 fs0x1e8=0x7ffe44cd5d00 fs0x13=0x7ffe44cd5d7a fs0x91=0x5bfebc047010 fs0xab=0x0 fs0xb3=0x7ffe44cd5d60 fs0xcb=0x744aa26c5000 fs0x19d=0x744aa1f8901a fs0x28=0x202 fs0x38=0x5bfea9469dc8 fs0x79=0x10 fs0x89=0x0 fs0x99=0x0 fs0xd3=0x744aa1f89000 fs0x107=0x5bfebc047820 fs0x123=0x7ffe44cd6248 fs0x128=0x7f fs0x147=0x6 ip_w0=0x688f ip_w1=0x654 ip_w2=0x6d6 ip_w3=0xc32d ip_w4=0xa953 ip_w5=0x8d3a ip_w6=0x3dc2 ip_w7=0x3501 ip_w8=0xd57e ip_w9=0x162 ip_w10=0x0 ip_w11=0x40 ip_w12=0x8000 ip_w13=0x40 ip_w14=0xa6de ip_w15=0x68 target=0x744aa1a9fbcd target_off=0x9fbcd
[VMTAIL] site=0x90c21 count=89 frame=0x744aa1a7836d frame_off=0x7836d vm_ip=0x744aa1d6b346 vm_ip_off=0x36b346 vm_flags=0xe54f3676 vm_state=0x751f33ac vm_byte=0x3a table=0x744aa1ac3718 table_off=0xc3718 rax=0x744aa1ac2241 rbx=0x0 rcx=0x744aa1a7847c rdx=0xb10 rsi=0x60 rdi=0x744aa1a78377 r8=0x80000000 r9=0x744aa1a78715 r10=0x744aa1ac4228 r11=0x744aa1ac3ac0 r12=0x40 r13=0xa70229 r14=0x40 r15=0x80000040 rbp=0x744aa1a7836d rsp=0x7ffe44cd5d00 fs0x0=0xffffffffdee482ed fs0x12=0x7ffe44cd5d7a00 fs0x60=0xfffffffffb78fc35 fs0x68=0x744aa1f89000 fs0x71=0x1a44e4fe fs0x81=0x744a87629ef7 fs0xe1=0x7820000000000062 fs0x13d=0x216 fs0x16f=0x751f33ac01 fs0x1e8=0x7ffe44cd5d00 fs0x13=0x7ffe44cd5d7a fs0x91=0x5bfebc047010 fs0xab=0x0 fs0xb3=0x7ffe44cd5d60 fs0xcb=0x744aa26c5000 fs0x19d=0x744aa1f8901a fs0x28=0x202 fs0x38=0x5bfea9469dc8 fs0x79=0xf fs0x89=0x0 fs0x99=0x0 fs0xd3=0x744aa1f89000 fs0x107=0x5bfebc047820 fs0x123=0x7ffe44cd6248 fs0x128=0x7f fs0x147=0x6 ip_w0=0x15b ip_w1=0x3cb0 ip_w2=0x942 ip_w3=0xaf72 ip_w4=0x798d ip_w5=0xd5e6 ip_w6=0x60d9 ip_w7=0x7101 ip_w8=0x4357 ip_w9=0x5afa ip_w10=0x61b9 ip_w11=0x13d ip_w12=0xab ip_w13=0x0 ip_w14=0x30 ip_w15=0x0 target=0x744aa1ac2241 target_off=0xc2241
[VMTAIL] site=0xbfb96 count=90 frame=0x744aa1a7836d frame_off=0x7836d vm_ip=0x744aa1d6b374 vm_ip_off=0x36b374 vm_flags=0x200800 vm_state=0x7a330fe0 vm_byte=0x3a table=0x744aa1ac3718 table_off=0xc3718 rax=0xffffffffa1a783a4 rbx=0x744aa1ac3d38 rcx=0xffff8bb55e587fd6 rdx=0x744aa1a783ee rsi=0x12 rdi=0x744a4dc401b2 r8=0x0 r9=0xc20 r10=0x38008 r11=0x744aa1a78377 r12=0x744aa1a784dd r13=0x744aa1a9fbcd r14=0x744aa1a784dd r15=0x7ffe44cd5d7a rbp=0x744aa1a7836d rsp=0x7ffe44cd5d00 fs0x0=0xfffffffffb78fc44 fs0x12=0x7ffe44cd5d7b00 fs0x60=0xfffffffffb78fc35 fs0x68=0x744aa1f89000 fs0x71=0x1a44e4fe fs0x81=0x744a87629ef7 fs0xe1=0x7820000000000062 fs0x13d=0x206 fs0x16f=0x7a330fe001 fs0x1e8=0x7ffe44cd5d00 fs0x13=0x7ffe44cd5d7b fs0x91=0x5bfebc047010 fs0xab=0x0 fs0xb3=0x7ffe44cd5d60 fs0xcb=0x744aa26c5000 fs0x19d=0x744aa1f8901b fs0x28=0x202 fs0x38=0x5bfea9469dc8 fs0x79=0xf fs0x89=0x0 fs0x99=0x0 fs0xd3=0x744aa1f89000 fs0x107=0x5bfebc047820 fs0x123=0x7ffe44cd6248 fs0x128=0x7f fs0x147=0x6 ip_w0=0x688f ip_w1=0x654 ip_w2=0x6d6 ip_w3=0xc32d ip_w4=0xa953 ip_w5=0x8d3a ip_w6=0x3dc2 ip_w7=0x3501 ip_w8=0xd57e ip_w9=0x162 ip_w10=0x0 ip_w11=0x40 ip_w12=0x8000 ip_w13=0x40 ip_w14=0xa6de ip_w15=0x68 target=0x744aa1a9fbcd target_off=0x9fbcd
[VMTAIL] site=0x90c21 count=91 frame=0x744aa1a7836d frame_off=0x7836d vm_ip=0x744aa1d6b346 vm_ip_off=0x36b346 vm_flags=0xe54f3676 vm_state=0x751f33ac vm_byte=0x3a table=0x744aa1ac3718 table_off=0xc3718 rax=0x744aa1ac2241 rbx=0x0 rcx=0x744aa1a7847c rdx=0xb10 rsi=0x60 rdi=0x744aa1a78377 r8=0x80000000 r9=0x744aa1a78715 r10=0x744aa1ac4228 r11=0x744aa1ac3ac0 r12=0x40 r13=0xa70229 r14=0x40 r15=0x80000040 rbp=0x744aa1a7836d rsp=0x7ffe44cd5d00 fs0x0=0xffffffffdee482ec fs0x12=0x7ffe44cd5d7b00 fs0x60=0xfffffffffb78fc35 fs0x68=0x744aa1f89000 fs0x71=0x1a44e4fd fs0x81=0x744a87629ef7 fs0xe1=0x7820000000000062 fs0x13d=0x202 fs0x16f=0x751f33ac01 fs0x1e8=0x7ffe44cd5d00 fs0x13=0x7ffe44cd5d7b fs0x91=0x5bfebc047010 fs0xab=0x0 fs0xb3=0x7ffe44cd5d60 fs0xcb=0x744aa26c5000 fs0x19d=0x744aa1f8901b fs0x28=0x202 fs0x38=0x5bfea9469dc8 fs0x79=0xe fs0x89=0x0 fs0x99=0x0 fs0xd3=0x744aa1f89000 fs0x107=0x5bfebc047820 fs0x123=0x7ffe44cd6248 fs0x128=0x7f fs0x147=0x6 ip_w0=0x15b ip_w1=0x3cb0 ip_w2=0x942 ip_w3=0xaf72 ip_w4=0x798d ip_w5=0xd5e6 ip_w6=0x60d9 ip_w7=0x7101 ip_w8=0x4357 ip_w9=0x5afa ip_w10=0x61b9 ip_w11=0x13d ip_w12=0xab ip_w13=0x0 ip_w14=0x30 ip_w15=0x0 target=0x744aa1ac2241 target_off=0xc2241
[VMTAIL] site=0xbfb96 count=92 frame=0x744aa1a7836d frame_off=0x7836d vm_ip=0x744aa1d6b374 vm_ip_off=0x36b374 vm_flags=0x200800 vm_state=0x7a330fe0 vm_byte=0x3a table=0x744aa1ac3718 table_off=0xc3718 rax=0xffffffffa1a783a4 rbx=0x744aa1ac3d38 rcx=0xffff8bb55e587fd6 rdx=0x744aa1a783ee rsi=0x12 rdi=0x744a4dc401b2 r8=0x0 r9=0xc20 r10=0x38008 r11=0x744aa1a78377 r12=0x744aa1a784dd r13=0x744aa1a9fbcd r14=0x744aa1a784dd r15=0x7ffe44cd5d7b rbp=0x744aa1a7836d rsp=0x7ffe44cd5d00 fs0x0=0xfffffffffb78fc43 fs0x12=0x7ffe44cd5d7c00 fs0x60=0xfffffffffb78fc35 fs0x68=0x744aa1f89000 fs0x71=0x1a44e4fd fs0x81=0x744a87629ef7 fs0xe1=0x7820000000000062 fs0x13d=0x202 fs0x16f=0x7a330fe001 fs0x1e8=0x7ffe44cd5d00 fs0x13=0x7ffe44cd5d7c fs0x91=0x5bfebc047010 fs0xab=0x0 fs0xb3=0x7ffe44cd5d60 fs0xcb=0x744aa26c5000 fs0x19d=0x744aa1f8901c fs0x28=0x202 fs0x38=0x5bfea9469dc8 fs0x79=0xe fs0x89=0x0 fs0x99=0x0 fs0xd3=0x744aa1f89000 fs0x107=0x5bfebc047820 fs0x123=0x7ffe44cd6248 fs0x128=0x7f fs0x147=0x6 ip_w0=0x688f ip_w1=0x654 ip_w2=0x6d6 ip_w3=0xc32d ip_w4=0xa953 ip_w5=0x8d3a ip_w6=0x3dc2 ip_w7=0x3501 ip_w8=0xd57e ip_w9=0x162 ip_w10=0x0 ip_w11=0x40 ip_w12=0x8000 ip_w13=0x40 ip_w14=0xa6de ip_w15=0x68 target=0x744aa1a9fbcd target_off=0x9fbcd
[VMTAIL] site=0x90c21 count=93 frame=0x744aa1a7836d frame_off=0x7836d vm_ip=0x744aa1d6b346 vm_ip_off=0x36b346 vm_flags=0xe54f3676 vm_state=0x751f33ac vm_byte=0x3a table=0x744aa1ac3718 table_off=0xc3718 rax=0x744aa1ac2241 rbx=0x0 rcx=0x744aa1a7847c rdx=0xb10 rsi=0x60 rdi=0x744aa1a78377 r8=0x80000000 r9=0x744aa1a78715 r10=0x744aa1ac4228 r11=0x744aa1ac3ac0 r12=0x40 r13=0xa70229 r14=0x40 r15=0x80000040 rbp=0x744aa1a7836d rsp=0x7ffe44cd5d00 fs0x0=0xffffffffdee482eb fs0x12=0x7ffe44cd5d7c00 fs0x60=0xfffffffffb78fc35 fs0x68=0x744aa1f89000 fs0x71=0x1a44e4fc fs0x81=0x744a87629ef7 fs0xe1=0x7820000000000062 fs0x13d=0x202 fs0x16f=0x751f33ac01 fs0x1e8=0x7ffe44cd5d00 fs0x13=0x7ffe44cd5d7c fs0x91=0x5bfebc047010 fs0xab=0x0 fs0xb3=0x7ffe44cd5d60 fs0xcb=0x744aa26c5000 fs0x19d=0x744aa1f8901c fs0x28=0x202 fs0x38=0x5bfea9469dc8 fs0x79=0xd fs0x89=0x0 fs0x99=0x0 fs0xd3=0x744aa1f89000 fs0x107=0x5bfebc047820 fs0x123=0x7ffe44cd6248 fs0x128=0x7f fs0x147=0x6 ip_w0=0x15b ip_w1=0x3cb0 ip_w2=0x942 ip_w3=0xaf72 ip_w4=0x798d ip_w5=0xd5e6 ip_w6=0x60d9 ip_w7=0x7101 ip_w8=0x4357 ip_w9=0x5afa ip_w10=0x61b9 ip_w11=0x13d ip_w12=0xab ip_w13=0x0 ip_w14=0x30 ip_w15=0x0 target=0x744aa1ac2241 target_off=0xc2241
[VMTAIL] site=0xbfb96 count=94 frame=0x744aa1a7836d frame_off=0x7836d vm_ip=0x744aa1d6b374 vm_ip_off=0x36b374 vm_flags=0x200800 vm_state=0x7a330fe0 vm_byte=0x3a table=0x744aa1ac3718 table_off=0xc3718 rax=0xffffffffa1a783a4 rbx=0x744aa1ac3d38 rcx=0xffff8bb55e587fd6 rdx=0x744aa1a783ee rsi=0x12 rdi=0x744a4dc401b2 r8=0x0 r9=0xc20 r10=0x38008 r11=0x744aa1a78377 r12=0x744aa1a784dd r13=0x744aa1a9fbcd r14=0x744aa1a784dd r15=0x7ffe44cd5d7c rbp=0x744aa1a7836d rsp=0x7ffe44cd5d00 fs0x0=0xfffffffffb78fc42 fs0x12=0x7ffe44cd5d7d00 fs0x60=0xfffffffffb78fc35 fs0x68=0x744aa1f89000 fs0x71=0x1a44e4fc fs0x81=0x744a87629ef7 fs0xe1=0x7820000000000062 fs0x13d=0x202 fs0x16f=0x7a330fe001 fs0x1e8=0x7ffe44cd5d00 fs0x13=0x7ffe44cd5d7d fs0x91=0x5bfebc047010 fs0xab=0x0 fs0xb3=0x7ffe44cd5d60 fs0xcb=0x744aa26c5000 fs0x19d=0x744aa1f8901d fs0x28=0x202 fs0x38=0x5bfea9469dc8 fs0x79=0xd fs0x89=0x0 fs0x99=0x0 fs0xd3=0x744aa1f89000 fs0x107=0x5bfebc047820 fs0x123=0x7ffe44cd6248 fs0x128=0x7f fs0x147=0x6 ip_w0=0x688f ip_w1=0x654 ip_w2=0x6d6 ip_w3=0xc32d ip_w4=0xa953 ip_w5=0x8d3a ip_w6=0x3dc2 ip_w7=0x3501 ip_w8=0xd57e ip_w9=0x162 ip_w10=0x0 ip_w11=0x40 ip_w12=0x8000 ip_w13=0x40 ip_w14=0xa6de ip_w15=0x68 target=0x744aa1a9fbcd target_off=0x9fbcd
[VMTAIL] site=0x90c21 count=95 frame=0x744aa1a7836d frame_off=0x7836d vm_ip=0x744aa1d6b346 vm_ip_off=0x36b346 vm_flags=0xe54f3676 vm_state=0x751f33ac vm_byte=0x3a table=0x744aa1ac3718 table_off=0xc3718 rax=0x744aa1ac2241 rbx=0x0 rcx=0x744aa1a7847c rdx=0xb10 rsi=0x60 rdi=0x744aa1a78377 r8=0x80000000 r9=0x744aa1a78715 r10=0x744aa1ac4228 r11=0x744aa1ac3ac0 r12=0x40 r13=0xa70229 r14=0x40 r15=0x80000040 rbp=0x744aa1a7836d rsp=0x7ffe44cd5d00 fs0x0=0xffffffffdee482ea fs0x12=0x7ffe44cd5d7d00 fs0x60=0xfffffffffb78fc35 fs0x68=0x744aa1f89000 fs0x71=0x1a44e4fb fs0x81=0x744a87629ef7 fs0xe1=0x7820000000000062 fs0x13d=0x206 fs0x16f=0x751f33ac01 fs0x1e8=0x7ffe44cd5d00 fs0x13=0x7ffe44cd5d7d fs0x91=0x5bfebc047010 fs0xab=0x0 fs0xb3=0x7ffe44cd5d60 fs0xcb=0x744aa26c5000 fs0x19d=0x744aa1f8901d fs0x28=0x202 fs0x38=0x5bfea9469dc8 fs0x79=0xc fs0x89=0x0 fs0x99=0x0 fs0xd3=0x744aa1f89000 fs0x107=0x5bfebc047820 fs0x123=0x7ffe44cd6248 fs0x128=0x7f fs0x147=0x6 ip_w0=0x15b ip_w1=0x3cb0 ip_w2=0x942 ip_w3=0xaf72 ip_w4=0x798d ip_w5=0xd5e6 ip_w6=0x60d9 ip_w7=0x7101 ip_w8=0x4357 ip_w9=0x5afa ip_w10=0x61b9 ip_w11=0x13d ip_w12=0xab ip_w13=0x0 ip_w14=0x30 ip_w15=0x0 target=0x744aa1ac2241 target_off=0xc2241
[VMTAIL] site=0xbfb96 count=96 frame=0x744aa1a7836d frame_off=0x7836d vm_ip=0x744aa1d6b374 vm_ip_off=0x36b374 vm_flags=0x200800 vm_state=0x7a330fe0 vm_byte=0x3a table=0x744aa1ac3718 table_off=0xc3718 rax=0xffffffffa1a783a4 rbx=0x744aa1ac3d38 rcx=0xffff8bb55e587fd6 rdx=0x744aa1a783ee rsi=0x12 rdi=0x744a4dc401b2 r8=0x0 r9=0xc20 r10=0x38008 r11=0x744aa1a78377 r12=0x744aa1a784dd r13=0x744aa1a9fbcd r14=0x744aa1a784dd r15=0x7ffe44cd5d7d rbp=0x744aa1a7836d rsp=0x7ffe44cd5d00 fs0x0=0xfffffffffb78fc41 fs0x12=0x7ffe44cd5d7e00 fs0x60=0xfffffffffb78fc35 fs0x68=0x744aa1f89000 fs0x71=0x1a44e4fb fs0x81=0x744a87629ef7 fs0xe1=0x7820000000000062 fs0x13d=0x206 fs0x16f=0x7a330fe001 fs0x1e8=0x7ffe44cd5d00 fs0x13=0x7ffe44cd5d7e fs0x91=0x5bfebc047010 fs0xab=0x0 fs0xb3=0x7ffe44cd5d60 fs0xcb=0x744aa26c5000 fs0x19d=0x744aa1f8901e fs0x28=0x202 fs0x38=0x5bfea9469dc8 fs0x79=0xc fs0x89=0x0 fs0x99=0x0 fs0xd3=0x744aa1f89000 fs0x107=0x5bfebc047820 fs0x123=0x7ffe44cd6248 fs0x128=0x7f fs0x147=0x6 ip_w0=0x688f ip_w1=0x654 ip_w2=0x6d6 ip_w3=0xc32d ip_w4=0xa953 ip_w5=0x8d3a ip_w6=0x3dc2 ip_w7=0x3501 ip_w8=0xd57e ip_w9=0x162 ip_w10=0x0 ip_w11=0x40 ip_w12=0x8000 ip_w13=0x40 ip_w14=0xa6de ip_w15=0x68 target=0x744aa1a9fbcd target_off=0x9fbcd
[VMTAIL] site=0x90c21 count=97 frame=0x744aa1a7836d frame_off=0x7836d vm_ip=0x744aa1d6b346 vm_ip_off=0x36b346 vm_flags=0xe54f3676 vm_state=0x751f33ac vm_byte=0x3a table=0x744aa1ac3718 table_off=0xc3718 rax=0x744aa1ac2241 rbx=0x0 rcx=0x744aa1a7847c rdx=0xb10 rsi=0x60 rdi=0x744aa1a78377 r8=0x80000000 r9=0x744aa1a78715 r10=0x744aa1ac4228 r11=0x744aa1ac3ac0 r12=0x40 r13=0xa70229 r14=0x40 r15=0x80000040 rbp=0x744aa1a7836d rsp=0x7ffe44cd5d00 fs0x0=0xffffffffdee482e9 fs0x12=0x7ffe44cd5d7e00 fs0x60=0xfffffffffb78fc35 fs0x68=0x744aa1f89000 fs0x71=0x1a44e4fa fs0x81=0x744a87629ef7 fs0xe1=0x7820000000000062 fs0x13d=0x202 fs0x16f=0x751f33ac01 fs0x1e8=0x7ffe44cd5d00 fs0x13=0x7ffe44cd5d7e fs0x91=0x5bfebc047010 fs0xab=0x0 fs0xb3=0x7ffe44cd5d60 fs0xcb=0x744aa26c5000 fs0x19d=0x744aa1f8901e fs0x28=0x202 fs0x38=0x5bfea9469dc8 fs0x79=0xb fs0x89=0x0 fs0x99=0x0 fs0xd3=0x744aa1f89000 fs0x107=0x5bfebc047820 fs0x123=0x7ffe44cd6248 fs0x128=0x7f fs0x147=0x6 ip_w0=0x15b ip_w1=0x3cb0 ip_w2=0x942 ip_w3=0xaf72 ip_w4=0x798d ip_w5=0xd5e6 ip_w6=0x60d9 ip_w7=0x7101 ip_w8=0x4357 ip_w9=0x5afa ip_w10=0x61b9 ip_w11=0x13d ip_w12=0xab ip_w13=0x0 ip_w14=0x30 ip_w15=0x0 target=0x744aa1ac2241 target_off=0xc2241
[VMTAIL] site=0xbfb96 count=98 frame=0x744aa1a7836d frame_off=0x7836d vm_ip=0x744aa1d6b374 vm_ip_off=0x36b374 vm_flags=0x200800 vm_state=0x7a330fe0 vm_byte=0x3a table=0x744aa1ac3718 table_off=0xc3718 rax=0xffffffffa1a783a4 rbx=0x744aa1ac3d38 rcx=0xffff8bb55e587fd6 rdx=0x744aa1a783ee rsi=0x12 rdi=0x744a4dc401b2 r8=0x0 r9=0xc20 r10=0x38008 r11=0x744aa1a78377 r12=0x744aa1a784dd r13=0x744aa1a9fbcd r14=0x744aa1a784dd r15=0x7ffe44cd5d7e rbp=0x744aa1a7836d rsp=0x7ffe44cd5d00 fs0x0=0xfffffffffb78fc40 fs0x12=0x7ffe44cd5d7f00 fs0x60=0xfffffffffb78fc35 fs0x68=0x744aa1f89000 fs0x71=0x1a44e4fa fs0x81=0x744a87629ef7 fs0xe1=0x7820000000000062 fs0x13d=0x202 fs0x16f=0x7a330fe001 fs0x1e8=0x7ffe44cd5d00 fs0x13=0x7ffe44cd5d7f fs0x91=0x5bfebc047010 fs0xab=0x0 fs0xb3=0x7ffe44cd5d60 fs0xcb=0x744aa26c5000 fs0x19d=0x744aa1f8901f fs0x28=0x202 fs0x38=0x5bfea9469dc8 fs0x79=0xb fs0x89=0x0 fs0x99=0x0 fs0xd3=0x744aa1f89000 fs0x107=0x5bfebc047820 fs0x123=0x7ffe44cd6248 fs0x128=0x7f fs0x147=0x6 ip_w0=0x688f ip_w1=0x654 ip_w2=0x6d6 ip_w3=0xc32d ip_w4=0xa953 ip_w5=0x8d3a ip_w6=0x3dc2 ip_w7=0x3501 ip_w8=0xd57e ip_w9=0x162 ip_w10=0x0 ip_w11=0x40 ip_w12=0x8000 ip_w13=0x40 ip_w14=0xa6de ip_w15=0x68 target=0x744aa1a9fbcd target_off=0x9fbcd
[VMTAIL] site=0x90c21 count=99 frame=0x744aa1a7836d frame_off=0x7836d vm_ip=0x744aa1d6b346 vm_ip_off=0x36b346 vm_flags=0xe54f3676 vm_state=0x751f33ac vm_byte=0x3a table=0x744aa1ac3718 table_off=0xc3718 rax=0x744aa1ac2241 rbx=0x0 rcx=0x744aa1a7847c rdx=0xb10 rsi=0x60 rdi=0x744aa1a78377 r8=0x80000000 r9=0x744aa1a78715 r10=0x744aa1ac4228 r11=0x744aa1ac3ac0 r12=0x40 r13=0xa70229 r14=0x40 r15=0x80000040 rbp=0x744aa1a7836d rsp=0x7ffe44cd5d00 fs0x0=0xffffffffdee482e8 fs0x12=0x7ffe44cd5d7f00 fs0x60=0xfffffffffb78fc35 fs0x68=0x744aa1f89000 fs0x71=0x1a44e4f9 fs0x81=0x744a87629ef7 fs0xe1=0x7820000000000062 fs0x13d=0x206 fs0x16f=0x751f33ac01 fs0x1e8=0x7ffe44cd5d00 fs0x13=0x7ffe44cd5d7f fs0x91=0x5bfebc047010 fs0xab=0x0 fs0xb3=0x7ffe44cd5d60 fs0xcb=0x744aa26c5000 fs0x19d=0x744aa1f8901f fs0x28=0x202 fs0x38=0x5bfea9469dc8 fs0x79=0xa fs0x89=0x0 fs0x99=0x0 fs0xd3=0x744aa1f89000 fs0x107=0x5bfebc047820 fs0x123=0x7ffe44cd6248 fs0x128=0x7f fs0x147=0x6 ip_w0=0x15b ip_w1=0x3cb0 ip_w2=0x942 ip_w3=0xaf72 ip_w4=0x798d ip_w5=0xd5e6 ip_w6=0x60d9 ip_w7=0x7101 ip_w8=0x4357 ip_w9=0x5afa ip_w10=0x61b9 ip_w11=0x13d ip_w12=0xab ip_w13=0x0 ip_w14=0x30 ip_w15=0x0 target=0x744aa1ac2241 target_off=0xc2241
[VMTAIL] site=0xbfb96 count=100 frame=0x744aa1a7836d frame_off=0x7836d vm_ip=0x744aa1d6b374 vm_ip_off=0x36b374 vm_flags=0x200800 vm_state=0x7a330fe0 vm_byte=0x3a table=0x744aa1ac3718 table_off=0xc3718 rax=0xffffffffa1a783a4 rbx=0x744aa1ac3d38 rcx=0xffff8bb55e587fd6 rdx=0x744aa1a783ee rsi=0x12 rdi=0x744a4dc401b2 r8=0x0 r9=0xc20 r10=0x38008 r11=0x744aa1a78377 r12=0x744aa1a784dd r13=0x744aa1a9fbcd r14=0x744aa1a784dd r15=0x7ffe44cd5d7f rbp=0x744aa1a7836d rsp=0x7ffe44cd5d00 fs0x0=0xfffffffffb78fc3f fs0x12=0x7ffe44cd5d8000 fs0x60=0xfffffffffb78fc35 fs0x68=0x744aa1f89000 fs0x71=0x1a44e4f9 fs0x81=0x744a87629ef7 fs0xe1=0x7820000000000062 fs0x13d=0x206 fs0x16f=0x7a330fe001 fs0x1e8=0x7ffe44cd5d00 fs0x13=0x7ffe44cd5d80 fs0x91=0x5bfebc047010 fs0xab=0x0 fs0xb3=0x7ffe44cd5d60 fs0xcb=0x744aa26c5000 fs0x19d=0x744aa1f89020 fs0x28=0x202 fs0x38=0x5bfea9469dc8 fs0x79=0xa fs0x89=0x0 fs0x99=0x0 fs0xd3=0x744aa1f89000 fs0x107=0x5bfebc047820 fs0x123=0x7ffe44cd6248 fs0x128=0x7f fs0x147=0x6 ip_w0=0x688f ip_w1=0x654 ip_w2=0x6d6 ip_w3=0xc32d ip_w4=0xa953 ip_w5=0x8d3a ip_w6=0x3dc2 ip_w7=0x3501 ip_w8=0xd57e ip_w9=0x162 ip_w10=0x0 ip_w11=0x40 ip_w12=0x8000 ip_w13=0x40 ip_w14=0xa6de ip_w15=0x68 target=0x744aa1a9fbcd target_off=0x9fbcd
[VMTAIL] site=0x90c21 count=101 frame=0x744aa1a7836d frame_off=0x7836d vm_ip=0x744aa1d6b346 vm_ip_off=0x36b346 vm_flags=0xe54f3676 vm_state=0x751f33ac vm_byte=0x3a table=0x744aa1ac3718 table_off=0xc3718 rax=0x744aa1ac2241 rbx=0x0 rcx=0x744aa1a7847c rdx=0xb10 rsi=0x60 rdi=0x744aa1a78377 r8=0x80000000 r9=0x744aa1a78715 r10=0x744aa1ac4228 r11=0x744aa1ac3ac0 r12=0x40 r13=0xa70229 r14=0x40 r15=0x80000040 rbp=0x744aa1a7836d rsp=0x7ffe44cd5d00 fs0x0=0xffffffffdee482e7 fs0x12=0x7ffe44cd5d8000 fs0x60=0xfffffffffb78fc35 fs0x68=0x744aa1f89000 fs0x71=0x1a44e4f8 fs0x81=0x744a87629ef7 fs0xe1=0x7820000000000062 fs0x13d=0x206 fs0x16f=0x751f33ac01 fs0x1e8=0x7ffe44cd5d00 fs0x13=0x7ffe44cd5d80 fs0x91=0x5bfebc047010 fs0xab=0x0 fs0xb3=0x7ffe44cd5d60 fs0xcb=0x744aa26c5000 fs0x19d=0x744aa1f89020 fs0x28=0x202 fs0x38=0x5bfea9469dc8 fs0x79=0x9 fs0x89=0x0 fs0x99=0x0 fs0xd3=0x744aa1f89000 fs0x107=0x5bfebc047820 fs0x123=0x7ffe44cd6248 fs0x128=0x7f fs0x147=0x6 ip_w0=0x15b ip_w1=0x3cb0 ip_w2=0x942 ip_w3=0xaf72 ip_w4=0x798d ip_w5=0xd5e6 ip_w6=0x60d9 ip_w7=0x7101 ip_w8=0x4357 ip_w9=0x5afa ip_w10=0x61b9 ip_w11=0x13d ip_w12=0xab ip_w13=0x0 ip_w14=0x30 ip_w15=0x0 target=0x744aa1ac2241 target_off=0xc2241
[VMTAIL] site=0xbfb96 count=102 frame=0x744aa1a7836d frame_off=0x7836d vm_ip=0x744aa1d6b374 vm_ip_off=0x36b374 vm_flags=0x200800 vm_state=0x7a330fe0 vm_byte=0x3a table=0x744aa1ac3718 table_off=0xc3718 rax=0xffffffffa1a783a4 rbx=0x744aa1ac3d38 rcx=0xffff8bb55e587fd6 rdx=0x744aa1a783ee rsi=0x12 rdi=0x744a4dc401b2 r8=0x0 r9=0xc20 r10=0x38008 r11=0x744aa1a78377 r12=0x744aa1a784dd r13=0x744aa1a9fbcd r14=0x744aa1a784dd r15=0x7ffe44cd5d80 rbp=0x744aa1a7836d rsp=0x7ffe44cd5d00 fs0x0=0xfffffffffb78fc3e fs0x12=0x7ffe44cd5d8100 fs0x60=0xfffffffffb78fc35 fs0x68=0x744aa1f89000 fs0x71=0x1a44e4f8 fs0x81=0x744a87629ef7 fs0xe1=0x7820000000000062 fs0x13d=0x206 fs0x16f=0x7a330fe001 fs0x1e8=0x7ffe44cd5d00 fs0x13=0x7ffe44cd5d81 fs0x91=0x5bfebc047010 fs0xab=0x0 fs0xb3=0x7ffe44cd5d60 fs0xcb=0x744aa26c5000 fs0x19d=0x744aa1f89021 fs0x28=0x202 fs0x38=0x5bfea9469dc8 fs0x79=0x9 fs0x89=0x0 fs0x99=0x0 fs0xd3=0x744aa1f89000 fs0x107=0x5bfebc047820 fs0x123=0x7ffe44cd6248 fs0x128=0x7f fs0x147=0x6 ip_w0=0x688f ip_w1=0x654 ip_w2=0x6d6 ip_w3=0xc32d ip_w4=0xa953 ip_w5=0x8d3a ip_w6=0x3dc2 ip_w7=0x3501 ip_w8=0xd57e ip_w9=0x162 ip_w10=0x0 ip_w11=0x40 ip_w12=0x8000 ip_w13=0x40 ip_w14=0xa6de ip_w15=0x68 target=0x744aa1a9fbcd target_off=0x9fbcd
[VMTAIL] site=0x90c21 count=103 frame=0x744aa1a7836d frame_off=0x7836d vm_ip=0x744aa1d6b346 vm_ip_off=0x36b346 vm_flags=0xe54f3676 vm_state=0x751f33ac vm_byte=0x3a table=0x744aa1ac3718 table_off=0xc3718 rax=0x744aa1ac2241 rbx=0x0 rcx=0x744aa1a7847c rdx=0xb10 rsi=0x60 rdi=0x744aa1a78377 r8=0x80000000 r9=0x744aa1a78715 r10=0x744aa1ac4228 r11=0x744aa1ac3ac0 r12=0x40 r13=0xa70229 r14=0x40 r15=0x80000040 rbp=0x744aa1a7836d rsp=0x7ffe44cd5d00 fs0x0=0xffffffffdee482e6 fs0x12=0x7ffe44cd5d8100 fs0x60=0xfffffffffb78fc35 fs0x68=0x744aa1f89000 fs0x71=0x1a44e4f7 fs0x81=0x744a87629ef7 fs0xe1=0x7820000000000062 fs0x13d=0x202 fs0x16f=0x751f33ac01 fs0x1e8=0x7ffe44cd5d00 fs0x13=0x7ffe44cd5d81 fs0x91=0x5bfebc047010 fs0xab=0x0 fs0xb3=0x7ffe44cd5d60 fs0xcb=0x744aa26c5000 fs0x19d=0x744aa1f89021 fs0x28=0x202 fs0x38=0x5bfea9469dc8 fs0x79=0x8 fs0x89=0x0 fs0x99=0x0 fs0xd3=0x744aa1f89000 fs0x107=0x5bfebc047820 fs0x123=0x7ffe44cd6248 fs0x128=0x7f fs0x147=0x6 ip_w0=0x15b ip_w1=0x3cb0 ip_w2=0x942 ip_w3=0xaf72 ip_w4=0x798d ip_w5=0xd5e6 ip_w6=0x60d9 ip_w7=0x7101 ip_w8=0x4357 ip_w9=0x5afa ip_w10=0x61b9 ip_w11=0x13d ip_w12=0xab ip_w13=0x0 ip_w14=0x30 ip_w15=0x0 target=0x744aa1ac2241 target_off=0xc2241
[VMTAIL] site=0xbfb96 count=104 frame=0x744aa1a7836d frame_off=0x7836d vm_ip=0x744aa1d6b374 vm_ip_off=0x36b374 vm_flags=0x200800 vm_state=0x7a330fe0 vm_byte=0x3a table=0x744aa1ac3718 table_off=0xc3718 rax=0xffffffffa1a783a4 rbx=0x744aa1ac3d38 rcx=0xffff8bb55e587fd6 rdx=0x744aa1a783ee rsi=0x12 rdi=0x744a4dc401b2 r8=0x0 r9=0xc20 r10=0x38008 r11=0x744aa1a78377 r12=0x744aa1a784dd r13=0x744aa1a9fbcd r14=0x744aa1a784dd r15=0x7ffe44cd5d81 rbp=0x744aa1a7836d rsp=0x7ffe44cd5d00 fs0x0=0xfffffffffb78fc3d fs0x12=0x7ffe44cd5d8200 fs0x60=0xfffffffffb78fc35 fs0x68=0x744aa1f89000 fs0x71=0x1a44e4f7 fs0x81=0x744a87629ef7 fs0xe1=0x7820000000000062 fs0x13d=0x202 fs0x16f=0x7a330fe001 fs0x1e8=0x7ffe44cd5d00 fs0x13=0x7ffe44cd5d82 fs0x91=0x5bfebc047010 fs0xab=0x0 fs0xb3=0x7ffe44cd5d60 fs0xcb=0x744aa26c5000 fs0x19d=0x744aa1f89022 fs0x28=0x202 fs0x38=0x5bfea9469dc8 fs0x79=0x8 fs0x89=0x0 fs0x99=0x0 fs0xd3=0x744aa1f89000 fs0x107=0x5bfebc047820 fs0x123=0x7ffe44cd6248 fs0x128=0x7f fs0x147=0x6 ip_w0=0x688f ip_w1=0x654 ip_w2=0x6d6 ip_w3=0xc32d ip_w4=0xa953 ip_w5=0x8d3a ip_w6=0x3dc2 ip_w7=0x3501 ip_w8=0xd57e ip_w9=0x162 ip_w10=0x0 ip_w11=0x40 ip_w12=0x8000 ip_w13=0x40 ip_w14=0xa6de ip_w15=0x68 target=0x744aa1a9fbcd target_off=0x9fbcd
[VMTAIL] site=0x90c21 count=105 frame=0x744aa1a7836d frame_off=0x7836d vm_ip=0x744aa1d6b346 vm_ip_off=0x36b346 vm_flags=0xe54f3676 vm_state=0x751f33ac vm_byte=0x3a table=0x744aa1ac3718 table_off=0xc3718 rax=0x744aa1ac2241 rbx=0x0 rcx=0x744aa1a7847c rdx=0xb10 rsi=0x60 rdi=0x744aa1a78377 r8=0x80000000 r9=0x744aa1a78715 r10=0x744aa1ac4228 r11=0x744aa1ac3ac0 r12=0x40 r13=0xa70229 r14=0x40 r15=0x80000040 rbp=0x744aa1a7836d rsp=0x7ffe44cd5d00 fs0x0=0xffffffffdee482e5 fs0x12=0x7ffe44cd5d8200 fs0x60=0xfffffffffb78fc35 fs0x68=0x744aa1f89000 fs0x71=0x1a44e4f6 fs0x81=0x744a87629ef7 fs0xe1=0x7820000000000062 fs0x13d=0x202 fs0x16f=0x751f33ac01 fs0x1e8=0x7ffe44cd5d00 fs0x13=0x7ffe44cd5d82 fs0x91=0x5bfebc047010 fs0xab=0x0 fs0xb3=0x7ffe44cd5d60 fs0xcb=0x744aa26c5000 fs0x19d=0x744aa1f89022 fs0x28=0x202 fs0x38=0x5bfea9469dc8 fs0x79=0x7 fs0x89=0x0 fs0x99=0x0 fs0xd3=0x744aa1f89000 fs0x107=0x5bfebc047820 fs0x123=0x7ffe44cd6248 fs0x128=0x7f fs0x147=0x6 ip_w0=0x15b ip_w1=0x3cb0 ip_w2=0x942 ip_w3=0xaf72 ip_w4=0x798d ip_w5=0xd5e6 ip_w6=0x60d9 ip_w7=0x7101 ip_w8=0x4357 ip_w9=0x5afa ip_w10=0x61b9 ip_w11=0x13d ip_w12=0xab ip_w13=0x0 ip_w14=0x30 ip_w15=0x0 target=0x744aa1ac2241 target_off=0xc2241
[VMTAIL] site=0xbfb96 count=106 frame=0x744aa1a7836d frame_off=0x7836d vm_ip=0x744aa1d6b374 vm_ip_off=0x36b374 vm_flags=0x200800 vm_state=0x7a330fe0 vm_byte=0x3a table=0x744aa1ac3718 table_off=0xc3718 rax=0xffffffffa1a783a4 rbx=0x744aa1ac3d38 rcx=0xffff8bb55e587fd6 rdx=0x744aa1a783ee rsi=0x12 rdi=0x744a4dc401b2 r8=0x0 r9=0xc20 r10=0x38008 r11=0x744aa1a78377 r12=0x744aa1a784dd r13=0x744aa1a9fbcd r14=0x744aa1a784dd r15=0x7ffe44cd5d82 rbp=0x744aa1a7836d rsp=0x7ffe44cd5d00 fs0x0=0xfffffffffb78fc3c fs0x12=0x7ffe44cd5d8300 fs0x60=0xfffffffffb78fc35 fs0x68=0x744aa1f89000 fs0x71=0x1a44e4f6 fs0x81=0x744a87629ef7 fs0xe1=0x7820000000000062 fs0x13d=0x202 fs0x16f=0x7a330fe001 fs0x1e8=0x7ffe44cd5d00 fs0x13=0x7ffe44cd5d83 fs0x91=0x5bfebc047010 fs0xab=0x0 fs0xb3=0x7ffe44cd5d60 fs0xcb=0x744aa26c5000 fs0x19d=0x744aa1f89023 fs0x28=0x202 fs0x38=0x5bfea9469dc8 fs0x79=0x7 fs0x89=0x0 fs0x99=0x0 fs0xd3=0x744aa1f89000 fs0x107=0x5bfebc047820 fs0x123=0x7ffe44cd6248 fs0x128=0x7f fs0x147=0x6 ip_w0=0x688f ip_w1=0x654 ip_w2=0x6d6 ip_w3=0xc32d ip_w4=0xa953 ip_w5=0x8d3a ip_w6=0x3dc2 ip_w7=0x3501 ip_w8=0xd57e ip_w9=0x162 ip_w10=0x0 ip_w11=0x40 ip_w12=0x8000 ip_w13=0x40 ip_w14=0xa6de ip_w15=0x68 target=0x744aa1a9fbcd target_off=0x9fbcd
[VMTAIL] site=0x90c21 count=107 frame=0x744aa1a7836d frame_off=0x7836d vm_ip=0x744aa1d6b346 vm_ip_off=0x36b346 vm_flags=0xe54f3676 vm_state=0x751f33ac vm_byte=0x3a table=0x744aa1ac3718 table_off=0xc3718 rax=0x744aa1ac2241 rbx=0x0 rcx=0x744aa1a7847c rdx=0xb10 rsi=0x60 rdi=0x744aa1a78377 r8=0x80000000 r9=0x744aa1a78715 r10=0x744aa1ac4228 r11=0x744aa1ac3ac0 r12=0x40 r13=0xa70229 r14=0x40 r15=0x80000040 rbp=0x744aa1a7836d rsp=0x7ffe44cd5d00 fs0x0=0xffffffffdee482e4 fs0x12=0x7ffe44cd5d8300 fs0x60=0xfffffffffb78fc35 fs0x68=0x744aa1f89000 fs0x71=0x1a44e4f5 fs0x81=0x744a87629ef7 fs0xe1=0x7820000000000062 fs0x13d=0x206 fs0x16f=0x751f33ac01 fs0x1e8=0x7ffe44cd5d00 fs0x13=0x7ffe44cd5d83 fs0x91=0x5bfebc047010 fs0xab=0x0 fs0xb3=0x7ffe44cd5d60 fs0xcb=0x744aa26c5000 fs0x19d=0x744aa1f89023 fs0x28=0x202 fs0x38=0x5bfea9469dc8 fs0x79=0x6 fs0x89=0x0 fs0x99=0x0 fs0xd3=0x744aa1f89000 fs0x107=0x5bfebc047820 fs0x123=0x7ffe44cd6248 fs0x128=0x7f fs0x147=0x6 ip_w0=0x15b ip_w1=0x3cb0 ip_w2=0x942 ip_w3=0xaf72 ip_w4=0x798d ip_w5=0xd5e6 ip_w6=0x60d9 ip_w7=0x7101 ip_w8=0x4357 ip_w9=0x5afa ip_w10=0x61b9 ip_w11=0x13d ip_w12=0xab ip_w13=0x0 ip_w14=0x30 ip_w15=0x0 target=0x744aa1ac2241 target_off=0xc2241
[VMTAIL] site=0xbfb96 count=108 frame=0x744aa1a7836d frame_off=0x7836d vm_ip=0x744aa1d6b374 vm_ip_off=0x36b374 vm_flags=0x200800 vm_state=0x7a330fe0 vm_byte=0x3a table=0x744aa1ac3718 table_off=0xc3718 rax=0xffffffffa1a783a4 rbx=0x744aa1ac3d38 rcx=0xffff8bb55e587fd6 rdx=0x744aa1a783ee rsi=0x12 rdi=0x744a4dc401b2 r8=0x0 r9=0xc20 r10=0x38008 r11=0x744aa1a78377 r12=0x744aa1a784dd r13=0x744aa1a9fbcd r14=0x744aa1a784dd r15=0x7ffe44cd5d83 rbp=0x744aa1a7836d rsp=0x7ffe44cd5d00 fs0x0=0xfffffffffb78fc3b fs0x12=0x7ffe44cd5d8400 fs0x60=0xfffffffffb78fc35 fs0x68=0x744aa1f89000 fs0x71=0x1a44e4f5 fs0x81=0x744a87629ef7 fs0xe1=0x7820000000000062 fs0x13d=0x206 fs0x16f=0x7a330fe001 fs0x1e8=0x7ffe44cd5d00 fs0x13=0x7ffe44cd5d84 fs0x91=0x5bfebc047010 fs0xab=0x0 fs0xb3=0x7ffe44cd5d60 fs0xcb=0x744aa26c5000 fs0x19d=0x744aa1f89024 fs0x28=0x202 fs0x38=0x5bfea9469dc8 fs0x79=0x6 fs0x89=0x0 fs0x99=0x0 fs0xd3=0x744aa1f89000 fs0x107=0x5bfebc047820 fs0x123=0x7ffe44cd6248 fs0x128=0x7f fs0x147=0x6 ip_w0=0x688f ip_w1=0x654 ip_w2=0x6d6 ip_w3=0xc32d ip_w4=0xa953 ip_w5=0x8d3a ip_w6=0x3dc2 ip_w7=0x3501 ip_w8=0xd57e ip_w9=0x162 ip_w10=0x0 ip_w11=0x40 ip_w12=0x8000 ip_w13=0x40 ip_w14=0xa6de ip_w15=0x68 target=0x744aa1a9fbcd target_off=0x9fbcd
[VMTAIL] site=0x90c21 count=109 frame=0x744aa1a7836d frame_off=0x7836d vm_ip=0x744aa1d6b346 vm_ip_off=0x36b346 vm_flags=0xe54f3676 vm_state=0x751f33ac vm_byte=0x3a table=0x744aa1ac3718 table_off=0xc3718 rax=0x744aa1ac2241 rbx=0x0 rcx=0x744aa1a7847c rdx=0xb10 rsi=0x60 rdi=0x744aa1a78377 r8=0x80000000 r9=0x744aa1a78715 r10=0x744aa1ac4228 r11=0x744aa1ac3ac0 r12=0x40 r13=0xa70229 r14=0x40 r15=0x80000040 rbp=0x744aa1a7836d rsp=0x7ffe44cd5d00 fs0x0=0xffffffffdee482e3 fs0x12=0x7ffe44cd5d8400 fs0x60=0xfffffffffb78fc35 fs0x68=0x744aa1f89000 fs0x71=0x1a44e4f4 fs0x81=0x744a87629ef7 fs0xe1=0x7820000000000062 fs0x13d=0x206 fs0x16f=0x751f33ac01 fs0x1e8=0x7ffe44cd5d00 fs0x13=0x7ffe44cd5d84 fs0x91=0x5bfebc047010 fs0xab=0x0 fs0xb3=0x7ffe44cd5d60 fs0xcb=0x744aa26c5000 fs0x19d=0x744aa1f89024 fs0x28=0x202 fs0x38=0x5bfea9469dc8 fs0x79=0x5 fs0x89=0x0 fs0x99=0x0 fs0xd3=0x744aa1f89000 fs0x107=0x5bfebc047820 fs0x123=0x7ffe44cd6248 fs0x128=0x7f fs0x147=0x6 ip_w0=0x15b ip_w1=0x3cb0 ip_w2=0x942 ip_w3=0xaf72 ip_w4=0x798d ip_w5=0xd5e6 ip_w6=0x60d9 ip_w7=0x7101 ip_w8=0x4357 ip_w9=0x5afa ip_w10=0x61b9 ip_w11=0x13d ip_w12=0xab ip_w13=0x0 ip_w14=0x30 ip_w15=0x0 target=0x744aa1ac2241 target_off=0xc2241
[VMTAIL] site=0xbfb96 count=110 frame=0x744aa1a7836d frame_off=0x7836d vm_ip=0x744aa1d6b374 vm_ip_off=0x36b374 vm_flags=0x200800 vm_state=0x7a330fe0 vm_byte=0x3a table=0x744aa1ac3718 table_off=0xc3718 rax=0xffffffffa1a783a4 rbx=0x744aa1ac3d38 rcx=0xffff8bb55e587fd6 rdx=0x744aa1a783ee rsi=0x12 rdi=0x744a4dc401b2 r8=0x0 r9=0xc20 r10=0x38008 r11=0x744aa1a78377 r12=0x744aa1a784dd r13=0x744aa1a9fbcd r14=0x744aa1a784dd r15=0x7ffe44cd5d84 rbp=0x744aa1a7836d rsp=0x7ffe44cd5d00 fs0x0=0xfffffffffb78fc3a fs0x12=0x7ffe44cd5d8500 fs0x60=0xfffffffffb78fc35 fs0x68=0x744aa1f89000 fs0x71=0x1a44e4f4 fs0x81=0x744a87629ef7 fs0xe1=0x7820000000000062 fs0x13d=0x206 fs0x16f=0x7a330fe001 fs0x1e8=0x7ffe44cd5d00 fs0x13=0x7ffe44cd5d85 fs0x91=0x5bfebc047010 fs0xab=0x0 fs0xb3=0x7ffe44cd5d60 fs0xcb=0x744aa26c5000 fs0x19d=0x744aa1f89025 fs0x28=0x202 fs0x38=0x5bfea9469dc8 fs0x79=0x5 fs0x89=0x0 fs0x99=0x0 fs0xd3=0x744aa1f89000 fs0x107=0x5bfebc047820 fs0x123=0x7ffe44cd6248 fs0x128=0x7f fs0x147=0x6 ip_w0=0x688f ip_w1=0x654 ip_w2=0x6d6 ip_w3=0xc32d ip_w4=0xa953 ip_w5=0x8d3a ip_w6=0x3dc2 ip_w7=0x3501 ip_w8=0xd57e ip_w9=0x162 ip_w10=0x0 ip_w11=0x40 ip_w12=0x8000 ip_w13=0x40 ip_w14=0xa6de ip_w15=0x68 target=0x744aa1a9fbcd target_off=0x9fbcd
[VMTAIL] site=0x90c21 count=111 frame=0x744aa1a7836d frame_off=0x7836d vm_ip=0x744aa1d6b346 vm_ip_off=0x36b346 vm_flags=0xe54f3676 vm_state=0x751f33ac vm_byte=0x3a table=0x744aa1ac3718 table_off=0xc3718 rax=0x744aa1ac2241 rbx=0x0 rcx=0x744aa1a7847c rdx=0xb10 rsi=0x60 rdi=0x744aa1a78377 r8=0x80000000 r9=0x744aa1a78715 r10=0x744aa1ac4228 r11=0x744aa1ac3ac0 r12=0x40 r13=0xa70229 r14=0x40 r15=0x80000040 rbp=0x744aa1a7836d rsp=0x7ffe44cd5d00 fs0x0=0xffffffffdee482e2 fs0x12=0x7ffe44cd5d8500 fs0x60=0xfffffffffb78fc35 fs0x68=0x744aa1f89000 fs0x71=0x1a44e4f3 fs0x81=0x744a87629ef7 fs0xe1=0x7820000000000062 fs0x13d=0x202 fs0x16f=0x751f33ac01 fs0x1e8=0x7ffe44cd5d00 fs0x13=0x7ffe44cd5d85 fs0x91=0x5bfebc047010 fs0xab=0x0 fs0xb3=0x7ffe44cd5d60 fs0xcb=0x744aa26c5000 fs0x19d=0x744aa1f89025 fs0x28=0x202 fs0x38=0x5bfea9469dc8 fs0x79=0x4 fs0x89=0x0 fs0x99=0x0 fs0xd3=0x744aa1f89000 fs0x107=0x5bfebc047820 fs0x123=0x7ffe44cd6248 fs0x128=0x7f fs0x147=0x6 ip_w0=0x15b ip_w1=0x3cb0 ip_w2=0x942 ip_w3=0xaf72 ip_w4=0x798d ip_w5=0xd5e6 ip_w6=0x60d9 ip_w7=0x7101 ip_w8=0x4357 ip_w9=0x5afa ip_w10=0x61b9 ip_w11=0x13d ip_w12=0xab ip_w13=0x0 ip_w14=0x30 ip_w15=0x0 target=0x744aa1ac2241 target_off=0xc2241
[VMTAIL] site=0xbfb96 count=112 frame=0x744aa1a7836d frame_off=0x7836d vm_ip=0x744aa1d6b374 vm_ip_off=0x36b374 vm_flags=0x200800 vm_state=0x7a330fe0 vm_byte=0x3a table=0x744aa1ac3718 table_off=0xc3718 rax=0xffffffffa1a783a4 rbx=0x744aa1ac3d38 rcx=0xffff8bb55e587fd6 rdx=0x744aa1a783ee rsi=0x12 rdi=0x744a4dc401b2 r8=0x0 r9=0xc20 r10=0x38008 r11=0x744aa1a78377 r12=0x744aa1a784dd r13=0x744aa1a9fbcd r14=0x744aa1a784dd r15=0x7ffe44cd5d85 rbp=0x744aa1a7836d rsp=0x7ffe44cd5d00 fs0x0=0xfffffffffb78fc39 fs0x12=0x7ffe44cd5d8600 fs0x60=0xfffffffffb78fc35 fs0x68=0x744aa1f89000 fs0x71=0x1a44e4f3 fs0x81=0x744a87629ef7 fs0xe1=0x7820000000000062 fs0x13d=0x202 fs0x16f=0x7a330fe001 fs0x1e8=0x7ffe44cd5d00 fs0x13=0x7ffe44cd5d86 fs0x91=0x5bfebc047010 fs0xab=0x0 fs0xb3=0x7ffe44cd5d60 fs0xcb=0x744aa26c5000 fs0x19d=0x744aa1f89026 fs0x28=0x202 fs0x38=0x5bfea9469dc8 fs0x79=0x4 fs0x89=0x0 fs0x99=0x0 fs0xd3=0x744aa1f89000 fs0x107=0x5bfebc047820 fs0x123=0x7ffe44cd6248 fs0x128=0x7f fs0x147=0x6 ip_w0=0x688f ip_w1=0x654 ip_w2=0x6d6 ip_w3=0xc32d ip_w4=0xa953 ip_w5=0x8d3a ip_w6=0x3dc2 ip_w7=0x3501 ip_w8=0xd57e ip_w9=0x162 ip_w10=0x0 ip_w11=0x40 ip_w12=0x8000 ip_w13=0x40 ip_w14=0xa6de ip_w15=0x68 target=0x744aa1a9fbcd target_off=0x9fbcd
[VMTAIL] site=0x90c21 count=113 frame=0x744aa1a7836d frame_off=0x7836d vm_ip=0x744aa1d6b346 vm_ip_off=0x36b346 vm_flags=0xe54f3676 vm_state=0x751f33ac vm_byte=0x3a table=0x744aa1ac3718 table_off=0xc3718 rax=0x744aa1ac2241 rbx=0x0 rcx=0x744aa1a7847c rdx=0xb10 rsi=0x60 rdi=0x744aa1a78377 r8=0x80000000 r9=0x744aa1a78715 r10=0x744aa1ac4228 r11=0x744aa1ac3ac0 r12=0x40 r13=0xa70229 r14=0x40 r15=0x80000040 rbp=0x744aa1a7836d rsp=0x7ffe44cd5d00 fs0x0=0xffffffffdee482e1 fs0x12=0x7ffe44cd5d8600 fs0x60=0xfffffffffb78fc35 fs0x68=0x744aa1f89000 fs0x71=0x1a44e4f2 fs0x81=0x744a87629ef7 fs0xe1=0x7820000000000062 fs0x13d=0x206 fs0x16f=0x751f33ac01 fs0x1e8=0x7ffe44cd5d00 fs0x13=0x7ffe44cd5d86 fs0x91=0x5bfebc047010 fs0xab=0x0 fs0xb3=0x7ffe44cd5d60 fs0xcb=0x744aa26c5000 fs0x19d=0x744aa1f89026 fs0x28=0x202 fs0x38=0x5bfea9469dc8 fs0x79=0x3 fs0x89=0x0 fs0x99=0x0 fs0xd3=0x744aa1f89000 fs0x107=0x5bfebc047820 fs0x123=0x7ffe44cd6248 fs0x128=0x7f fs0x147=0x6 ip_w0=0x15b ip_w1=0x3cb0 ip_w2=0x942 ip_w3=0xaf72 ip_w4=0x798d ip_w5=0xd5e6 ip_w6=0x60d9 ip_w7=0x7101 ip_w8=0x4357 ip_w9=0x5afa ip_w10=0x61b9 ip_w11=0x13d ip_w12=0xab ip_w13=0x0 ip_w14=0x30 ip_w15=0x0 target=0x744aa1ac2241 target_off=0xc2241
[VMTAIL] site=0xbfb96 count=114 frame=0x744aa1a7836d frame_off=0x7836d vm_ip=0x744aa1d6b374 vm_ip_off=0x36b374 vm_flags=0x200800 vm_state=0x7a330fe0 vm_byte=0x3a table=0x744aa1ac3718 table_off=0xc3718 rax=0xffffffffa1a783a4 rbx=0x744aa1ac3d38 rcx=0xffff8bb55e587fd6 rdx=0x744aa1a783ee rsi=0x12 rdi=0x744a4dc401b2 r8=0x0 r9=0xc20 r10=0x38008 r11=0x744aa1a78377 r12=0x744aa1a784dd r13=0x744aa1a9fbcd r14=0x744aa1a784dd r15=0x7ffe44cd5d86 rbp=0x744aa1a7836d rsp=0x7ffe44cd5d00 fs0x0=0xfffffffffb78fc38 fs0x12=0x7ffe44cd5d8700 fs0x60=0xfffffffffb78fc35 fs0x68=0x744aa1f89000 fs0x71=0x1a44e4f2 fs0x81=0x744a87629ef7 fs0xe1=0x7820000000000062 fs0x13d=0x206 fs0x16f=0x7a330fe001 fs0x1e8=0x7ffe44cd5d00 fs0x13=0x7ffe44cd5d87 fs0x91=0x5bfebc047010 fs0xab=0x0 fs0xb3=0x7ffe44cd5d60 fs0xcb=0x744aa26c5000 fs0x19d=0x744aa1f89027 fs0x28=0x202 fs0x38=0x5bfea9469dc8 fs0x79=0x3 fs0x89=0x0 fs0x99=0x0 fs0xd3=0x744aa1f89000 fs0x107=0x5bfebc047820 fs0x123=0x7ffe44cd6248 fs0x128=0x7f fs0x147=0x6 ip_w0=0x688f ip_w1=0x654 ip_w2=0x6d6 ip_w3=0xc32d ip_w4=0xa953 ip_w5=0x8d3a ip_w6=0x3dc2 ip_w7=0x3501 ip_w8=0xd57e ip_w9=0x162 ip_w10=0x0 ip_w11=0x40 ip_w12=0x8000 ip_w13=0x40 ip_w14=0xa6de ip_w15=0x68 target=0x744aa1a9fbcd target_off=0x9fbcd
[VMTAIL] site=0x90c21 count=115 frame=0x744aa1a7836d frame_off=0x7836d vm_ip=0x744aa1d6b346 vm_ip_off=0x36b346 vm_flags=0xe54f3676 vm_state=0x751f33ac vm_byte=0x3a table=0x744aa1ac3718 table_off=0xc3718 rax=0x744aa1ac2241 rbx=0x0 rcx=0x744aa1a7847c rdx=0xb10 rsi=0x60 rdi=0x744aa1a78377 r8=0x80000000 r9=0x744aa1a78715 r10=0x744aa1ac4228 r11=0x744aa1ac3ac0 r12=0x40 r13=0xa70229 r14=0x40 r15=0x80000040 rbp=0x744aa1a7836d rsp=0x7ffe44cd5d00 fs0x0=0xffffffffdee482e0 fs0x12=0x7ffe44cd5d8700 fs0x60=0xfffffffffb78fc35 fs0x68=0x744aa1f89000 fs0x71=0x1a44e4f1 fs0x81=0x744a87629ef7 fs0xe1=0x7820000000000062 fs0x13d=0x202 fs0x16f=0x751f33ac01 fs0x1e8=0x7ffe44cd5d00 fs0x13=0x7ffe44cd5d87 fs0x91=0x5bfebc047010 fs0xab=0x0 fs0xb3=0x7ffe44cd5d60 fs0xcb=0x744aa26c5000 fs0x19d=0x744aa1f89027 fs0x28=0x202 fs0x38=0x5bfea9469dc8 fs0x79=0x2 fs0x89=0x0 fs0x99=0x0 fs0xd3=0x744aa1f89000 fs0x107=0x5bfebc047820 fs0x123=0x7ffe44cd6248 fs0x128=0x7f fs0x147=0x6 ip_w0=0x15b ip_w1=0x3cb0 ip_w2=0x942 ip_w3=0xaf72 ip_w4=0x798d ip_w5=0xd5e6 ip_w6=0x60d9 ip_w7=0x7101 ip_w8=0x4357 ip_w9=0x5afa ip_w10=0x61b9 ip_w11=0x13d ip_w12=0xab ip_w13=0x0 ip_w14=0x30 ip_w15=0x0 target=0x744aa1ac2241 target_off=0xc2241
[VMTAIL] site=0xbfb96 count=116 frame=0x744aa1a7836d frame_off=0x7836d vm_ip=0x744aa1d6b374 vm_ip_off=0x36b374 vm_flags=0x200800 vm_state=0x7a330fe0 vm_byte=0x3a table=0x744aa1ac3718 table_off=0xc3718 rax=0xffffffffa1a783a4 rbx=0x744aa1ac3d38 rcx=0xffff8bb55e587fd6 rdx=0x744aa1a783ee rsi=0x12 rdi=0x744a4dc401b2 r8=0x0 r9=0xc20 r10=0x38008 r11=0x744aa1a78377 r12=0x744aa1a784dd r13=0x744aa1a9fbcd r14=0x744aa1a784dd r15=0x7ffe44cd5d87 rbp=0x744aa1a7836d rsp=0x7ffe44cd5d00 fs0x0=0xfffffffffb78fc37 fs0x12=0x7ffe44cd5d8800 fs0x60=0xfffffffffb78fc35 fs0x68=0x744aa1f89000 fs0x71=0x1a44e4f1 fs0x81=0x744a87629ef7 fs0xe1=0x7820000000000062 fs0x13d=0x202 fs0x16f=0x7a330fe001 fs0x1e8=0x7ffe44cd5d00 fs0x13=0x7ffe44cd5d88 fs0x91=0x5bfebc047010 fs0xab=0x0 fs0xb3=0x7ffe44cd5d60 fs0xcb=0x744aa26c5000 fs0x19d=0x744aa1f89028 fs0x28=0x202 fs0x38=0x5bfea9469dc8 fs0x79=0x2 fs0x89=0x0 fs0x99=0x0 fs0xd3=0x744aa1f89000 fs0x107=0x5bfebc047820 fs0x123=0x7ffe44cd6248 fs0x128=0x7f fs0x147=0x6 ip_w0=0x688f ip_w1=0x654 ip_w2=0x6d6 ip_w3=0xc32d ip_w4=0xa953 ip_w5=0x8d3a ip_w6=0x3dc2 ip_w7=0x3501 ip_w8=0xd57e ip_w9=0x162 ip_w10=0x0 ip_w11=0x40 ip_w12=0x8000 ip_w13=0x40 ip_w14=0xa6de ip_w15=0x68 target=0x744aa1a9fbcd target_off=0x9fbcd
[VMTAIL] site=0x90c21 count=117 frame=0x744aa1a7836d frame_off=0x7836d vm_ip=0x744aa1d6b346 vm_ip_off=0x36b346 vm_flags=0xe54f3676 vm_state=0x751f33ac vm_byte=0x3a table=0x744aa1ac3718 table_off=0xc3718 rax=0x744aa1ac2241 rbx=0x0 rcx=0x744aa1a7847c rdx=0xb10 rsi=0x60 rdi=0x744aa1a78377 r8=0x80000000 r9=0x744aa1a78715 r10=0x744aa1ac4228 r11=0x744aa1ac3ac0 r12=0x40 r13=0xa70229 r14=0x40 r15=0x80000040 rbp=0x744aa1a7836d rsp=0x7ffe44cd5d00 fs0x0=0xffffffffdee482df fs0x12=0x7ffe44cd5d8800 fs0x60=0xfffffffffb78fc35 fs0x68=0x744aa1f89000 fs0x71=0x1a44e4f0 fs0x81=0x744a87629ef7 fs0xe1=0x7820000000000062 fs0x13d=0x202 fs0x16f=0x751f33ac01 fs0x1e8=0x7ffe44cd5d00 fs0x13=0x7ffe44cd5d88 fs0x91=0x5bfebc047010 fs0xab=0x0 fs0xb3=0x7ffe44cd5d60 fs0xcb=0x744aa26c5000 fs0x19d=0x744aa1f89028 fs0x28=0x202 fs0x38=0x5bfea9469dc8 fs0x79=0x1 fs0x89=0x0 fs0x99=0x0 fs0xd3=0x744aa1f89000 fs0x107=0x5bfebc047820 fs0x123=0x7ffe44cd6248 fs0x128=0x7f fs0x147=0x6 ip_w0=0x15b ip_w1=0x3cb0 ip_w2=0x942 ip_w3=0xaf72 ip_w4=0x798d ip_w5=0xd5e6 ip_w6=0x60d9 ip_w7=0x7101 ip_w8=0x4357 ip_w9=0x5afa ip_w10=0x61b9 ip_w11=0x13d ip_w12=0xab ip_w13=0x0 ip_w14=0x30 ip_w15=0x0 target=0x744aa1ac2241 target_off=0xc2241
[VMTAIL] site=0xbfb96 count=118 frame=0x744aa1a7836d frame_off=0x7836d vm_ip=0x744aa1d6b374 vm_ip_off=0x36b374 vm_flags=0x200800 vm_state=0x7a330fe0 vm_byte=0x3a table=0x744aa1ac3718 table_off=0xc3718 rax=0xffffffffa1a783a4 rbx=0x744aa1ac3d38 rcx=0xffff8bb55e587fd6 rdx=0x744aa1a783ee rsi=0x12 rdi=0x744a4dc401b2 r8=0x0 r9=0xc20 r10=0x38008 r11=0x744aa1a78377 r12=0x744aa1a784dd r13=0x744aa1a9fbcd r14=0x744aa1a784dd r15=0x7ffe44cd5d88 rbp=0x744aa1a7836d rsp=0x7ffe44cd5d00 fs0x0=0xfffffffffb78fc36 fs0x12=0x7ffe44cd5d8900 fs0x60=0xfffffffffb78fc35 fs0x68=0x744aa1f89000 fs0x71=0x1a44e4f0 fs0x81=0x744a87629ef7 fs0xe1=0x7820000000000062 fs0x13d=0x202 fs0x16f=0x7a330fe001 fs0x1e8=0x7ffe44cd5d00 fs0x13=0x7ffe44cd5d89 fs0x91=0x5bfebc047010 fs0xab=0x0 fs0xb3=0x7ffe44cd5d60 fs0xcb=0x744aa26c5000 fs0x19d=0x744aa1f89029 fs0x28=0x202 fs0x38=0x5bfea9469dc8 fs0x79=0x1 fs0x89=0x0 fs0x99=0x0 fs0xd3=0x744aa1f89000 fs0x107=0x5bfebc047820 fs0x123=0x7ffe44cd6248 fs0x128=0x7f fs0x147=0x6 ip_w0=0x688f ip_w1=0x654 ip_w2=0x6d6 ip_w3=0xc32d ip_w4=0xa953 ip_w5=0x8d3a ip_w6=0x3dc2 ip_w7=0x3501 ip_w8=0xd57e ip_w9=0x162 ip_w10=0x0 ip_w11=0x40 ip_w12=0x8000 ip_w13=0x40 ip_w14=0xa6de ip_w15=0x68 target=0x744aa1a9fbcd target_off=0x9fbcd
[VMTAIL] site=0x90c21 count=119 frame=0x744aa1a7836d frame_off=0x7836d vm_ip=0x744aa1d6b346 vm_ip_off=0x36b346 vm_flags=0xe54f3676 vm_state=0x751f33ac vm_byte=0x3a table=0x744aa1ac3718 table_off=0xc3718 rax=0x744aa1ac2241 rbx=0x0 rcx=0x744aa1a7847c rdx=0xb10 rsi=0x60 rdi=0x744aa1a78377 r8=0x80000000 r9=0x744aa1a78715 r10=0x744aa1ac4228 r11=0x744aa1ac3ac0 r12=0x40 r13=0xa70229 r14=0x40 r15=0x80000040 rbp=0x744aa1a7836d rsp=0x7ffe44cd5d00 fs0x0=0xffffffffdee482de fs0x12=0x7ffe44cd5d8900 fs0x60=0xfffffffffb78fc35 fs0x68=0x744aa1f89000 fs0x71=0x1a44e4ef fs0x81=0x744a87629ef7 fs0xe1=0x7820000000000062 fs0x13d=0x246 fs0x16f=0x751f33ac01 fs0x1e8=0x7ffe44cd5d00 fs0x13=0x7ffe44cd5d89 fs0x91=0x5bfebc047010 fs0xab=0x0 fs0xb3=0x7ffe44cd5d60 fs0xcb=0x744aa26c5000 fs0x19d=0x744aa1f89029 fs0x28=0x202 fs0x38=0x5bfea9469dc8 fs0x79=0x0 fs0x89=0x0 fs0x99=0x0 fs0xd3=0x744aa1f89000 fs0x107=0x5bfebc047820 fs0x123=0x7ffe44cd6248 fs0x128=0x7f fs0x147=0x6 ip_w0=0x15b ip_w1=0x3cb0 ip_w2=0x942 ip_w3=0xaf72 ip_w4=0x798d ip_w5=0xd5e6 ip_w6=0x60d9 ip_w7=0x7101 ip_w8=0x4357 ip_w9=0x5afa ip_w10=0x61b9 ip_w11=0x13d ip_w12=0xab ip_w13=0x0 ip_w14=0x30 ip_w15=0x0 target=0x744aa1ac2241 target_off=0xc2241
[VMTAIL] site=0xba0cc count=120 frame=0x744aa1a7836d frame_off=0x7836d vm_ip=0x744aa1d6b38e vm_ip_off=0x36b38e vm_flags=0x43088c4 vm_state=0x7a330bc0 vm_byte=0x3a table=0x744aa1ac3718 table_off=0xc3718 rax=0x744aa1a9b4b3 rbx=0x246 rcx=0x744aa1a78377 rdx=0xffffffffffffff88 rsi=0x0 rdi=0x30 r8=0x1 r9=0x744aa1d6b362 r10=0x744aa1ac3c01 r11=0x1757ba1afb60f r12=0x21a783dc r13=0x0 r14=0x744aa1d6b35e r15=0x0 rbp=0x744aa1a7836d rsp=0x7ffe44cd5d00 fs0x0=0xfffffffffb78fc35 fs0x12=0x7ffe44cd5d8901 fs0x60=0xfffffffffb78fc35 fs0x68=0x744aa1f89000 fs0x71=0x1a44e4ef fs0x81=0x744a87629ef7 fs0xe1=0x7820000000000062 fs0x13d=0x246 fs0x16f=0x7a330bc001 fs0x1e8=0x7ffe44cd5d00 fs0x13=0x7ffe44cd5d89 fs0x91=0x5bfebc047010 fs0xab=0x0 fs0xb3=0x7ffe44cd5d60 fs0xcb=0x744aa26c5000 fs0x19d=0x744aa1f89029 fs0x28=0x202 fs0x38=0x5bfea9469dc8 fs0x79=0x0 fs0x89=0x0 fs0x99=0x0 fs0xd3=0x744aa1f89000 fs0x107=0x5bfebc047820 fs0x123=0x7ffe44cd6248 fs0x128=0x7f fs0x147=0x6 ip_w0=0x40 ip_w1=0xa6de ip_w2=0x68 ip_w3=0x45a7 ip_w4=0x68 ip_w5=0xc23 ip_w6=0xad3a ip_w7=0xc956 ip_w8=0x73e6 ip_w9=0xe808 ip_w10=0xe001 ip_w11=0x3d84 ip_w12=0x1 ip_w13=0x9ef7 ip_w14=0xab3 ip_w15=0x68 target=0x744aa1a9b4b3 target_off=0x9b4b3
[VMTAIL] site=0x95b59 count=121 frame=0x744aa1a7836d frame_off=0x7836d vm_ip=0x744aa1d6b592 vm_ip_off=0x36b592 vm_flags=0xb8b50621 vm_state=0x22450118 vm_byte=0x3a table=0x744aa1ac3718 table_off=0xc3718 rax=0xffffffffde587b33 rbx=0x744aa1a7833a rcx=0x744aa1a784dd rdx=0x0 rsi=0x558 rdi=0x744a80000000 r8=0x744aa1a9b4b3 r9=0x21a78620 r10=0x744aa1ac3c70 r11=0x0 r12=0xffff8bb53ca99b36 r13=0x744aa1a7836d r14=0x744aa1a78377 r15=0x0 rbp=0x744aa1a7836d rsp=0x7ffe44cd5d00 fs0x0=0x1d7874a6 fs0x12=0x7ffe44cd5d8901 fs0x60=0xffffffffe2878b81 fs0x68=0x7ffe44cd5d58 fs0x71=0x1a44e4ef fs0x81=0x7ffe2a887869 fs0xe1=0x7820000000000062 fs0x13d=0x246 fs0x16f=0x2245011800 fs0x1e8=0x7ffe44cd5d00 fs0x13=0x7ffe44cd5d89 fs0x91=0x5bfebc047010 fs0xab=0x0 fs0xb3=0x7ffe44cd5d60 fs0xcb=0x744aa26c5000 fs0x19d=0x744aa1f89029 fs0x28=0x202 fs0x38=0x5bfea9469dc8 fs0x79=0x0 fs0x89=0x0 fs0x99=0x0 fs0xd3=0x5dbda171 fs0x107=0x5bfebc047820 fs0x123=0x7ffe44cd6248 fs0x128=0x7f fs0x147=0x6 ip_w0=0xac ip_w1=0xaf43 ip_w2=0xc3 ip_w3=0x8f90 ip_w4=0x3e06 ip_w5=0xd8 ip_w6=0x1e8 ip_w7=0x2cd8 ip_w8=0xcc0a ip_w9=0x682c ip_w10=0x0 ip_w11=0x13d ip_w12=0xbe7 ip_w13=0xf36f ip_w14=0x560e ip_w15=0x9bcf target=0x744aa1a9b4b3 target_off=0x9b4b3
[VMTAIL] site=0xb86f5 count=122 frame=0x744aa1a7836d frame_off=0x7836d vm_ip=0x744aa1d6b6a4 vm_ip_off=0x36b6a4 vm_flags=0x53dc41b9 vm_state=0x281c7190 vm_byte=0x3a table=0x744aa1ac3718 table_off=0xc3718 rax=0x744aa1ac40c8 rbx=0x744aa1d6b6a2 rcx=0x744aa1d6b600 rdx=0xffffffffffffffe0 rsi=0x744aa1a78377 rdi=0x744aa1a7847c r8=0x0 r9=0x528 r10=0x0 r11=0xffffffffffadfd2d r12=0x744aa1ac3c40 r13=0x744aa1a9a24c r14=0x744aa1a7847c r15=0x744aa1a78390 rbp=0x744aa1a7836d rsp=0x7ffe44cd5c68 fs0x0=0xda3b7d9 fs0x12=0x7ffe44cd5d8901 fs0x60=0x40452cf2 fs0x68=0x7ffe44cd5d18 fs0x71=0x78028660 fs0x81=0x744a87629f51 fs0xe1=0x7820000000000062 fs0x13d=0x246 fs0x16f=0x281c719001 fs0x1e8=0x7ffe44cd5c68 fs0x13=0x7ffe44cd5d89 fs0x91=0x5bfebc047010 fs0xab=0x0 fs0xb3=0x7ffe44cd5d60 fs0xcb=0x744aa26c5000 fs0x19d=0x744aa1f89029 fs0x28=0x202 fs0x38=0x5bfea9469dc8 fs0x79=0x0 fs0x89=0x0 fs0x99=0x0 fs0xd3=0x5dbda171 fs0x107=0x5bfebc047820 fs0x123=0x7ffe44cd6248 fs0x128=0x7f fs0x147=0x6 ip_w0=0x14d ip_w1=0xe0eb ip_w2=0x99 ip_w3=0x2612 ip_w4=0x5f91 ip_w5=0x108 ip_w6=0xe8e0 ip_w7=0x601 ip_w8=0xf5f2 ip_w9=0xf4b6 ip_w10=0xe8e3 ip_w11=0x5630 ip_w12=0xe783 ip_w13=0xab ip_w14=0x92dd ip_w15=0x1e8 target=0x744aa1a9a24c target_off=0x9a24c
[VMTAIL] site=0x81b7c count=123 frame=0x744aa1a7836d frame_off=0x7836d vm_ip=0x744aa1d6b8a7 vm_ip_off=0x36b8a7 vm_flags=0x480c0010 vm_state=0xff96 vm_byte=0x3a table=0x744aa1ac3718 table_off=0xc3718 rax=0x744aa1ac3d50 rbx=0x9b2d0638 rcx=0xffbf rdx=0x744aa2fab3a9 rsi=0xffffffff80000060 rdi=0x744aa1a784dd r8=0x744aa1aa0631 r9=0xffffffff800001dd r10=0x744aa2c6fb03 r11=0x744aa1a78377 r12=0xfffffffffedd0544 r13=0x744aa1a784dd r14=0x0 r15=0x477 rbp=0x744aa1a7836d rsp=0x7ffe44cd5d00 fs0x0=0xffffffff991fb4c0 fs0x12=0x7ffe44cd5d8900 fs0x60=0xffffffff991fb4c9 fs0x68=0x7ffe44cd5d58 fs0x71=0x1a44e4ef fs0x81=0x744a87629ee6 fs0xe1=0x7820000000000062 fs0x13d=0x293 fs0x16f=0xff9600 fs0x1e8=0x7ffe44cd5d00 fs0x13=0x7ffe44cd5d89 fs0x91=0x5bfebc047010 fs0xab=0x0 fs0xb3=0x7ffe44cd5d60 fs0xcb=0x744aa26c5000 fs0x19d=0x744aa1f89029 fs0x28=0x202 fs0x38=0x5bfea9469dc8 fs0x79=0x0 fs0x89=0x0 fs0x99=0x0 fs0xd3=0x2a22be70 fs0x107=0x5bfebc047820 fs0x123=0x7ffe44cd6248 fs0x128=0x7f fs0x147=0x6 ip_w0=0x1897 ip_w1=0x432a ip_w2=0xd249 ip_w3=0xf84f ip_w4=0xa838 ip_w5=0xe801 ip_w6=0xcf01 ip_w7=0xee ip_w8=0x81f8 ip_w9=0x13d ip_w10=0x2cf0 ip_w11=0x75a1 ip_w12=0x243e ip_w13=0x8720 ip_w14=0x11b3 ip_w15=0x7560 target=0x744aa1aa0631 target_off=0xa0631
[VMTAIL] site=0xb84a4 count=124 frame=0x744aa1a7836d frame_off=0x7836d vm_ip=0x744aa1d6b592 vm_ip_off=0x36b592 vm_flags=0xf77ebec7 vm_state=0x573b8ba1 vm_byte=0x50 table=0x744aa1ac3718 table_off=0xc3718 rax=0x744aa1a2cdb6 rbx=0x0 rcx=0x744abe3748f4 rdx=0x744abe374fc7 rsi=0x0 rdi=0x744aa1ac3c70 r8=0xffffffffffd7daa4 r9=0x584 r10=0x744aa1a9b4b3 r11=0x15cdfe80ced0a r12=0x5041bc r13=0x744aa1a7847c r14=0x80000000 r15=0x744aa1a78377 rbp=0x744aa1a7836d rsp=0x7ffe44cd5d00 fs0x0=0x6fec6ea9 fs0x12=0x7ffe44cd5d8900 fs0x60=0x54457ce fs0x68=0x7ffe44cd5d18 fs0x71=0x1f893cbd fs0x81=0x7ffe2a887829 fs0xe1=0x7820000000000062 fs0x13d=0x202 fs0x16f=0x573b8ba100 fs0x1e8=0x7ffe44cd5d00 fs0x13=0x7ffe44cd5d89 fs0x91=0x5bfebc047010 fs0xab=0x0 fs0xb3=0x7ffe44cd5d60 fs0xcb=0x744aa26c5000 fs0x19d=0x7ffe44cd5d60 fs0x28=0x202 fs0x38=0x5bfea9469dc8 fs0x79=0x7ffe44cd5d60 fs0x89=0x0 fs0x99=0x0 fs0xd3=0x54457ce fs0x107=0x5bfebc047820 fs0x123=0x7ffe44cd6248 fs0x128=0x7f fs0x147=0x6 ip_w0=0xac ip_w1=0xaf43 ip_w2=0xc3 ip_w3=0x8f90 ip_w4=0x3e06 ip_w5=0xd8 ip_w6=0x1e8 ip_w7=0x2cd8 ip_w8=0xcc0a ip_w9=0x682c ip_w10=0x0 ip_w11=0x13d ip_w12=0xbe7 ip_w13=0xf36f ip_w14=0x560e ip_w15=0x9bcf target=0x744aa1a9b4b3 target_off=0x9b4b3
[VMTAIL] site=0xb86f5 count=125 frame=0x744aa1a7836d frame_off=0x7836d vm_ip=0x744aa1d6b6a4 vm_ip_off=0x36b6a4 vm_flags=0x53dc41b9 vm_state=0x281c7190 vm_byte=0x3a table=0x744aa1ac3718 table_off=0xc3718 rax=0x744aa1ac40c8 rbx=0x744aa1d6b6a2 rcx=0x744aa1d6b600 rdx=0xffffffffffffffe0 rsi=0x744aa1a78377 rdi=0x744aa1a7847c r8=0x0 r9=0x528 r10=0x0 r11=0xfffff44c5cd92ff6 r12=0x744aa1ac3c40 r13=0x744aa1a9a24c r14=0x744aa1a7847c r15=0x744aa1a78390 rbp=0x744aa1a7836d rsp=0x7ffe44cd5c68 fs0x0=0xda3b7d9 fs0x12=0x7ffe44cd5d8900 fs0x60=0xffffffffe7cbe34f fs0x68=0x7ffe44cd5d18 fs0x71=0x1f893cbd fs0x81=0x744a87629f51 fs0xe1=0x7820000000000062 fs0x13d=0x202 fs0x16f=0x281c719001 fs0x1e8=0x7ffe44cd5c68 fs0x13=0x7ffe44cd5d89 fs0x91=0x5bfebc047010 fs0xab=0x0 fs0xb3=0x7ffe44cd5d60 fs0xcb=0x744aa26c5000 fs0x19d=0x7ffe44cd5d60 fs0x28=0x202 fs0x38=0x5bfea9469dc8 fs0x79=0x7ffe44cd5d60 fs0x89=0x0 fs0x99=0x0 fs0xd3=0x54457ce fs0x107=0x5bfebc047820 fs0x123=0x7ffe44cd6248 fs0x128=0x7f fs0x147=0x6 ip_w0=0x14d ip_w1=0xe0eb ip_w2=0x99 ip_w3=0x2612 ip_w4=0x5f91 ip_w5=0x108 ip_w6=0xe8e0 ip_w7=0x601 ip_w8=0xf5f2 ip_w9=0xf4b6 ip_w10=0xe8e3 ip_w11=0x5630 ip_w12=0xe783 ip_w13=0xab ip_w14=0x92dd ip_w15=0x1e8 target=0x744aa1a9a24c target_off=0x9a24c
[VMTAIL] site=0x81b7c count=126 frame=0x744aa1a7836d frame_off=0x7836d vm_ip=0x744aa1d6b8a7 vm_ip_off=0x36b8a7 vm_flags=0x480c0010 vm_state=0xff96 vm_byte=0x3a table=0x744aa1ac3718 table_off=0xc3718 rax=0x744aa1ac3d50 rbx=0x9b2d0638 rcx=0xffbf rdx=0x744aa2fab3a9 rsi=0xffffffff80000060 rdi=0x744aa1a784dd r8=0x744aa1aa0631 r9=0xffffffff800001dd r10=0x744aa2c6fb03 r11=0x744aa1a78377 r12=0xfffffffffedd0544 r13=0x744aa1a784dd r14=0x0 r15=0x477 rbp=0x744aa1a7836d rsp=0x7ffe44cd5d00 fs0x0=0xffffffff991fb4c1 fs0x12=0x7ffe44cd5d8900 fs0x60=0xffffffff991fb4c9 fs0x68=0x7ffe44cd5d58 fs0x71=0x1a44e4f0 fs0x81=0x744a87629ee6 fs0xe1=0x7820000000000062 fs0x13d=0x293 fs0x16f=0xff9600 fs0x1e8=0x7ffe44cd5d00 fs0x13=0x7ffe44cd5d89 fs0x91=0x5bfebc047010 fs0xab=0x0 fs0xb3=0x7ffe44cd5d60 fs0xcb=0x744aa26c5000 fs0x19d=0x7ffe44cd5d60 fs0x28=0x202 fs0x38=0x5bfea9469dc8 fs0x79=0x7ffe44cd5d60 fs0x89=0x0 fs0x99=0x0 fs0xd3=0x1f164f59 fs0x107=0x5bfebc047820 fs0x123=0x7ffe44cd6248 fs0x128=0x7f fs0x147=0x6 ip_w0=0x1897 ip_w1=0x432a ip_w2=0xd249 ip_w3=0xf84f ip_w4=0xa838 ip_w5=0xe801 ip_w6=0xcf01 ip_w7=0xee ip_w8=0x81f8 ip_w9=0x13d ip_w10=0x2cf0 ip_w11=0x75a1 ip_w12=0x243e ip_w13=0x8720 ip_w14=0x11b3 ip_w15=0x7560 target=0x744aa1aa0631 target_off=0xa0631
[VMTAIL] site=0xb84a4 count=127 frame=0x744aa1a7836d frame_off=0x7836d vm_ip=0x744aa1d6b592 vm_ip_off=0x36b592 vm_flags=0xf77ebec7 vm_state=0x573b8ba1 vm_byte=0x50 table=0x744aa1ac3718 table_off=0xc3718 rax=0x744aa1a2cdb6 rbx=0x0 rcx=0x744a9f99da93 rdx=0x744a9f99dda0 rsi=0x0 rdi=0x744aa1ac3c70 r8=0xffffffffffd7daa4 r9=0x584 r10=0x744aa1a9b4b3 r11=0x15cdfe80ced0a r12=0x5041bc r13=0x744aa1a7847c r14=0x80000000 r15=0x744aa1a78377 rbp=0x744aa1a7836d rsp=0x7ffe44cd5d00 fs0x0=0x37159816 fs0x12=0x7ffe44cd5d8900 fs0x60=0x23e2c9eb fs0x68=0x7ffe44cd5d18 fs0x71=0x3e27aeda fs0x81=0x7ffe2a887829 fs0xe1=0x7820000000000062 fs0x13d=0x202 fs0x16f=0x573b8ba100 fs0x1e8=0x7ffe44cd5d00 fs0x13=0x7ffe44cd5d89 fs0x91=0x5bfebc047010 fs0xab=0x0 fs0xb3=0x7ffe44cd5d60 fs0xcb=0x744aa26c5000 fs0x19d=0x7ffe44cd5d60 fs0x28=0x202 fs0x38=0x5bfea9469dc8 fs0x79=0x7ffe44cd5d64 fs0x89=0x0 fs0x99=0x0 fs0xd3=0x23e2c9eb fs0x107=0x5bfebc047820 fs0x123=0x7ffe44cd6248 fs0x128=0x7f fs0x147=0x6 ip_w0=0xac ip_w1=0xaf43 ip_w2=0xc3 ip_w3=0x8f90 ip_w4=0x3e06 ip_w5=0xd8 ip_w6=0x1e8 ip_w7=0x2cd8 ip_w8=0xcc0a ip_w9=0x682c ip_w10=0x0 ip_w11=0x13d ip_w12=0xbe7 ip_w13=0xf36f ip_w14=0x560e ip_w15=0x9bcf target=0x744aa1a9b4b3 target_off=0x9b4b3
[VMTAIL] site=0xb86f5 count=128 frame=0x744aa1a7836d frame_off=0x7836d vm_ip=0x744aa1d6b6a4 vm_ip_off=0x36b6a4 vm_flags=0x53dc41b9 vm_state=0x281c7190 vm_byte=0x3a table=0x744aa1ac3718 table_off=0xc3718 rax=0x744aa1ac40c8 rbx=0x744aa1d6b6a2 rcx=0x744aa1d6b600 rdx=0xffffffffffffffe0 rsi=0x744aa1a78377 rdi=0x744aa1a7847c r8=0x0 r9=0x528 r10=0x0 r11=0xfffff44c5cd92ff6 r12=0x744aa1ac3c40 r13=0x744aa1a9a24c r14=0x744aa1a7847c r15=0x744aa1a78390 rbp=0x744aa1a7836d rsp=0x7ffe44cd5c68 fs0x0=0xda3b7d9 fs0x12=0x7ffe44cd5d8900 fs0x60=0x66a556c fs0x68=0x7ffe44cd5d18 fs0x71=0x3e27aeda fs0x81=0x744a87629f51 fs0xe1=0x7820000000000062 fs0x13d=0x202 fs0x16f=0x281c719001 fs0x1e8=0x7ffe44cd5c68 fs0x13=0x7ffe44cd5d89 fs0x91=0x5bfebc047010 fs0xab=0x0 fs0xb3=0x7ffe44cd5d60 fs0xcb=0x744aa26c5000 fs0x19d=0x7ffe44cd5d60 fs0x28=0x202 fs0x38=0x5bfea9469dc8 fs0x79=0x7ffe44cd5d64 fs0x89=0x0 fs0x99=0x0 fs0xd3=0x23e2c9eb fs0x107=0x5bfebc047820 fs0x123=0x7ffe44cd6248 fs0x128=0x7f fs0x147=0x6 ip_w0=0x14d ip_w1=0xe0eb ip_w2=0x99 ip_w3=0x2612 ip_w4=0x5f91 ip_w5=0x108 ip_w6=0xe8e0 ip_w7=0x601 ip_w8=0xf5f2 ip_w9=0xf4b6 ip_w10=0xe8e3 ip_w11=0x5630 ip_w12=0xe783 ip_w13=0xab ip_w14=0x92dd ip_w15=0x1e8 target=0x744aa1a9a24c target_off=0x9a24c
[VMTAIL] site=0x81b7c count=129 frame=0x744aa1a7836d frame_off=0x7836d vm_ip=0x744aa1d6b8a7 vm_ip_off=0x36b8a7 vm_flags=0x480c0010 vm_state=0xff96 vm_byte=0x3a table=0x744aa1ac3718 table_off=0xc3718 rax=0x744aa1ac3d50 rbx=0x9b2d0638 rcx=0xffbf rdx=0x744aa2fab3a9 rsi=0xffffffff80000060 rdi=0x744aa1a784dd r8=0x744aa1aa0631 r9=0xffffffff800001dd r10=0x744aa2c6fb03 r11=0x744aa1a78377 r12=0xfffffffffedd0544 r13=0x744aa1a784dd r14=0x0 r15=0x477 rbp=0x744aa1a7836d rsp=0x7ffe44cd5d00 fs0x0=0xffffffff991fb4c2 fs0x12=0x7ffe44cd5d8900 fs0x60=0xffffffff991fb4c9 fs0x68=0x7ffe44cd5d58 fs0x71=0x1a44e4f1 fs0x81=0x744a87629ee6 fs0xe1=0x7820000000000062 fs0x13d=0x297 fs0x16f=0xff9600 fs0x1e8=0x7ffe44cd5d00 fs0x13=0x7ffe44cd5d89 fs0x91=0x5bfebc047010 fs0xab=0x0 fs0xb3=0x7ffe44cd5d60 fs0xcb=0x744aa26c5000 fs0x19d=0x7ffe44cd5d60 fs0x28=0x202 fs0x38=0x5bfea9469dc8 fs0x79=0x7ffe44cd5d64 fs0x89=0x0 fs0x99=0x0 fs0xd3=0x2fe1ad02 fs0x107=0x5bfebc047820 fs0x123=0x7ffe44cd6248 fs0x128=0x7f fs0x147=0x6 ip_w0=0x1897 ip_w1=0x432a ip_w2=0xd249 ip_w3=0xf84f ip_w4=0xa838 ip_w5=0xe801 ip_w6=0xcf01 ip_w7=0xee ip_w8=0x81f8 ip_w9=0x13d ip_w10=0x2cf0 ip_w11=0x75a1 ip_w12=0x243e ip_w13=0x8720 ip_w14=0x11b3 ip_w15=0x7560 target=0x744aa1aa0631 target_off=0xa0631
[VMTAIL] site=0xb84a4 count=130 frame=0x744aa1a7836d frame_off=0x7836d vm_ip=0x744aa1d6b592 vm_ip_off=0x36b592 vm_flags=0xf77ebec7 vm_state=0x573b8ba1 vm_byte=0x50 table=0x744aa1ac3718 table_off=0xc3718 rax=0x744aa1a2cdb6 rbx=0x0 rcx=0x744ac1ff6ec6 rdx=0x744ac1ff69f5 rsi=0x0 rdi=0x744aa1ac3c70 r8=0xffffffffffd7daa4 r9=0x584 r10=0x744aa1a9b4b3 r11=0x15cdfe80ced0a r12=0x5041bc r13=0x744aa1a7847c r14=0x80000000 r15=0x744aa1a78377 rbp=0x744aa1a7836d rsp=0x7ffe44cd5d00 fs0x0=0x11b30633 fs0x12=0x7ffe44cd5d8900 fs0x60=0x45fc35a0 fs0x68=0x7ffe44cd5d18 fs0x71=0x60411a8f fs0x81=0x7ffe2a887829 fs0xe1=0x7820000000000062 fs0x13d=0x206 fs0x16f=0x573b8ba100 fs0x1e8=0x7ffe44cd5d00 fs0x13=0x7ffe44cd5d89 fs0x91=0x5bfebc047010 fs0xab=0x0 fs0xb3=0x7ffe44cd5d60 fs0xcb=0x744aa26c5000 fs0x19d=0x7ffe44cd5d60 fs0x28=0x202 fs0x38=0x5bfea9469dc8 fs0x79=0x7ffe44cd5d68 fs0x89=0x0 fs0x99=0x0 fs0xd3=0x45fc35a0 fs0x107=0x5bfebc047820 fs0x123=0x7ffe44cd6248 fs0x128=0x7f fs0x147=0x6 ip_w0=0xac ip_w1=0xaf43 ip_w2=0xc3 ip_w3=0x8f90 ip_w4=0x3e06 ip_w5=0xd8 ip_w6=0x1e8 ip_w7=0x2cd8 ip_w8=0xcc0a ip_w9=0x682c ip_w10=0x0 ip_w11=0x13d ip_w12=0xbe7 ip_w13=0xf36f ip_w14=0x560e ip_w15=0x9bcf target=0x744aa1a9b4b3 target_off=0x9b4b3
[VMTAIL] site=0xb86f5 count=131 frame=0x744aa1a7836d frame_off=0x7836d vm_ip=0x744aa1d6b6a4 vm_ip_off=0x36b6a4 vm_flags=0x53dc41b9 vm_state=0x281c7190 vm_byte=0x3a table=0x744aa1ac3718 table_off=0xc3718 rax=0x744aa1ac40c8 rbx=0x744aa1d6b6a2 rcx=0x744aa1d6b600 rdx=0xffffffffffffffe0 rsi=0x744aa1a78377 rdi=0x744aa1a7847c r8=0x0 r9=0x528 r10=0x0 r11=0xfffff44c5cd92ff6 r12=0x744aa1ac3c40 r13=0x744aa1a9a24c r14=0x744aa1a7847c r15=0x744aa1a78390 rbp=0x744aa1a7836d rsp=0x7ffe44cd5c68 fs0x0=0xda3b7d9 fs0x12=0x7ffe44cd5d8900 fs0x60=0x2883c121 fs0x68=0x7ffe44cd5d18 fs0x71=0x60411a8f fs0x81=0x744a87629f51 fs0xe1=0x7820000000000062 fs0x13d=0x206 fs0x16f=0x281c719001 fs0x1e8=0x7ffe44cd5c68 fs0x13=0x7ffe44cd5d89 fs0x91=0x5bfebc047010 fs0xab=0x0 fs0xb3=0x7ffe44cd5d60 fs0xcb=0x744aa26c5000 fs0x19d=0x7ffe44cd5d60 fs0x28=0x202 fs0x38=0x5bfea9469dc8 fs0x79=0x7ffe44cd5d68 fs0x89=0x0 fs0x99=0x0 fs0xd3=0x45fc35a0 fs0x107=0x5bfebc047820 fs0x123=0x7ffe44cd6248 fs0x128=0x7f fs0x147=0x6 ip_w0=0x14d ip_w1=0xe0eb ip_w2=0x99 ip_w3=0x2612 ip_w4=0x5f91 ip_w5=0x108 ip_w6=0xe8e0 ip_w7=0x601 ip_w8=0xf5f2 ip_w9=0xf4b6 ip_w10=0xe8e3 ip_w11=0x5630 ip_w12=0xe783 ip_w13=0xab ip_w14=0x92dd ip_w15=0x1e8 target=0x744aa1a9a24c target_off=0x9a24c
[VMTAIL] site=0x81b7c count=132 frame=0x744aa1a7836d frame_off=0x7836d vm_ip=0x744aa1d6b8a7 vm_ip_off=0x36b8a7 vm_flags=0x480c0010 vm_state=0xff96 vm_byte=0x3a table=0x744aa1ac3718 table_off=0xc3718 rax=0x744aa1ac3d50 rbx=0x9b2d0638 rcx=0xffbf rdx=0x744aa2fab3a9 rsi=0xffffffff80000060 rdi=0x744aa1a784dd r8=0x744aa1aa0631 r9=0xffffffff800001dd r10=0x744aa2c6fb03 r11=0x744aa1a78377 r12=0xfffffffffedd0544 r13=0x744aa1a784dd r14=0x0 r15=0x477 rbp=0x744aa1a7836d rsp=0x7ffe44cd5d00 fs0x0=0xffffffff991fb4c3 fs0x12=0x7ffe44cd5d8900 fs0x60=0xffffffff991fb4c9 fs0x68=0x7ffe44cd5d58 fs0x71=0x1a44e4f2 fs0x81=0x744a87629ee6 fs0xe1=0x7820000000000062 fs0x13d=0x297 fs0x16f=0xff9600 fs0x1e8=0x7ffe44cd5d00 fs0x13=0x7ffe44cd5d89 fs0x91=0x5bfebc047010 fs0xab=0x0 fs0xb3=0x7ffe44cd5d60 fs0xcb=0x744aa26c5000 fs0x19d=0x7ffe44cd5d60 fs0x28=0x202 fs0x38=0x5bfea9469dc8 fs0x79=0x7ffe44cd5d68 fs0x89=0x0 fs0x99=0x0 fs0xd3=0xcd507de3 fs0x107=0x5bfebc047820 fs0x123=0x7ffe44cd6248 fs0x128=0x7f fs0x147=0x6 ip_w0=0x1897 ip_w1=0x432a ip_w2=0xd249 ip_w3=0xf84f ip_w4=0xa838 ip_w5=0xe801 ip_w6=0xcf01 ip_w7=0xee ip_w8=0x81f8 ip_w9=0x13d ip_w10=0x2cf0 ip_w11=0x75a1 ip_w12=0x243e ip_w13=0x8720 ip_w14=0x11b3 ip_w15=0x7560 target=0x744aa1aa0631 target_off=0xa0631
[VMTAIL] site=0xb84a4 count=133 frame=0x744aa1a7836d frame_off=0x7836d vm_ip=0x744aa1d6b592 vm_ip_off=0x36b592 vm_flags=0xf77ebec7 vm_state=0x573b8ba1 vm_byte=0x50 table=0x744aa1ac3718 table_off=0xc3718 rax=0x744aa1a2cdb6 rbx=0x0 rcx=0x744a325080e2 rdx=0x744a325087d1 rsi=0x0 rdi=0x744aa1ac3c70 r8=0xffffffffffd7daa4 r9=0x584 r10=0x744aa1a9b4b3 r11=0x15cdfe80ced0a r12=0x5041bc r13=0x744aa1a7847c r14=0x80000000 r15=0x744aa1a78377 rbp=0x744aa1a7836d rsp=0x7ffe44cd5d00 fs0x0=0x77adfa78 fs0x12=0x7ffe44cd5d8900 fs0x60=0x79aa0fbc fs0x68=0x7ffe44cd5d18 fs0x71=0x93eef4ab fs0x81=0x7ffe2a887829 fs0xe1=0x7820000000000062 fs0x13d=0x202 fs0x16f=0x573b8ba100 fs0x1e8=0x7ffe44cd5d00 fs0x13=0x7ffe44cd5d89 fs0x91=0x5bfebc047010 fs0xab=0x0 fs0xb3=0x7ffe44cd5d60 fs0xcb=0x744aa26c5000 fs0x19d=0x7ffe44cd5d60 fs0x28=0x202 fs0x38=0x5bfea9469dc8 fs0x79=0x7ffe44cd5d6c fs0x89=0x0 fs0x99=0x0 fs0xd3=0x79aa0fbc fs0x107=0x5bfebc047820 fs0x123=0x7ffe44cd6248 fs0x128=0x7f fs0x147=0x6 ip_w0=0xac ip_w1=0xaf43 ip_w2=0xc3 ip_w3=0x8f90 ip_w4=0x3e06 ip_w5=0xd8 ip_w6=0x1e8 ip_w7=0x2cd8 ip_w8=0xcc0a ip_w9=0x682c ip_w10=0x0 ip_w11=0x13d ip_w12=0xbe7 ip_w13=0xf36f ip_w14=0x560e ip_w15=0x9bcf target=0x744aa1a9b4b3 target_off=0x9b4b3
[VMTAIL] site=0xb86f5 count=134 frame=0x744aa1a7836d frame_off=0x7836d vm_ip=0x744aa1d6b6a4 vm_ip_off=0x36b6a4 vm_flags=0x53dc41b9 vm_state=0x281c7190 vm_byte=0x3a table=0x744aa1ac3718 table_off=0xc3718 rax=0x744aa1ac40c8 rbx=0x744aa1d6b6a2 rcx=0x744aa1d6b600 rdx=0xffffffffffffffe0 rsi=0x744aa1a78377 rdi=0x744aa1a7847c r8=0x0 r9=0x528 r10=0x0 r11=0xfffff44c5cd92ff6 r12=0x744aa1ac3c40 r13=0x744aa1a9a24c r14=0x744aa1a7847c r15=0x744aa1a78390 rbp=0x744aa1a7836d rsp=0x7ffe44cd5c68 fs0x0=0xda3b7d9 fs0x12=0x7ffe44cd5d8900 fs0x60=0x5c319b3d fs0x68=0x7ffe44cd5d18 fs0x71=0x93eef4ab fs0x81=0x744a87629f51 fs0xe1=0x7820000000000062 fs0x13d=0x202 fs0x16f=0x281c719001 fs0x1e8=0x7ffe44cd5c68 fs0x13=0x7ffe44cd5d89 fs0x91=0x5bfebc047010 fs0xab=0x0 fs0xb3=0x7ffe44cd5d60 fs0xcb=0x744aa26c5000 fs0x19d=0x7ffe44cd5d60 fs0x28=0x202 fs0x38=0x5bfea9469dc8 fs0x79=0x7ffe44cd5d6c fs0x89=0x0 fs0x99=0x0 fs0xd3=0x79aa0fbc fs0x107=0x5bfebc047820 fs0x123=0x7ffe44cd6248 fs0x128=0x7f fs0x147=0x6 ip_w0=0x14d ip_w1=0xe0eb ip_w2=0x99 ip_w3=0x2612 ip_w4=0x5f91 ip_w5=0x108 ip_w6=0xe8e0 ip_w7=0x601 ip_w8=0xf5f2 ip_w9=0xf4b6 ip_w10=0xe8e3 ip_w11=0x5630 ip_w12=0xe783 ip_w13=0xab ip_w14=0x92dd ip_w15=0x1e8 target=0x744aa1a9a24c target_off=0x9a24c
[VMTAIL] site=0x81b7c count=135 frame=0x744aa1a7836d frame_off=0x7836d vm_ip=0x744aa1d6b8a7 vm_ip_off=0x36b8a7 vm_flags=0x480c0010 vm_state=0xff96 vm_byte=0x3a table=0x744aa1ac3718 table_off=0xc3718 rax=0x744aa1ac3d50 rbx=0x9b2d0638 rcx=0xffbf rdx=0x744aa2fab3a9 rsi=0xffffffff80000060 rdi=0x744aa1a784dd r8=0x744aa1aa0631 r9=0xffffffff800001dd r10=0x744aa2c6fb03 r11=0x744aa1a78377 r12=0xfffffffffedd0544 r13=0x744aa1a784dd r14=0x0 r15=0x477 rbp=0x744aa1a7836d rsp=0x7ffe44cd5d00 fs0x0=0xffffffff991fb4c4 fs0x12=0x7ffe44cd5d8900 fs0x60=0xffffffff991fb4c9 fs0x68=0x7ffe44cd5d58 fs0x71=0x1a44e4f3 fs0x81=0x744a87629ee6 fs0xe1=0x7820000000000062 fs0x13d=0x293 fs0x16f=0xff9600 fs0x1e8=0x7ffe44cd5d00 fs0x13=0x7ffe44cd5d89 fs0x91=0x5bfebc047010 fs0xab=0x0 fs0xb3=0x7ffe44cd5d60 fs0xcb=0x744aa26c5000 fs0x19d=0x7ffe44cd5d60 fs0x28=0x202 fs0x38=0x5bfea9469dc8 fs0x79=0x7ffe44cd5d6c fs0x89=0x0 fs0x99=0x0 fs0xd3=0xee8a5f8f fs0x107=0x5bfebc047820 fs0x123=0x7ffe44cd6248 fs0x128=0x7f fs0x147=0x6 ip_w0=0x1897 ip_w1=0x432a ip_w2=0xd249 ip_w3=0xf84f ip_w4=0xa838 ip_w5=0xe801 ip_w6=0xcf01 ip_w7=0xee ip_w8=0x81f8 ip_w9=0x13d ip_w10=0x2cf0 ip_w11=0x75a1 ip_w12=0x243e ip_w13=0x8720 ip_w14=0x11b3 ip_w15=0x7560 target=0x744aa1aa0631 target_off=0xa0631
[VMTAIL] site=0xb84a4 count=136 frame=0x744aa1a7836d frame_off=0x7836d vm_ip=0x744aa1d6b592 vm_ip_off=0x36b592 vm_flags=0xf77ebec7 vm_state=0x573b8ba1 vm_byte=0x50 table=0x744aa1ac3718 table_off=0xc3718 rax=0x744aa1a2cdb6 rbx=0x0 rcx=0x744bb9a844a9 rdx=0x744bb9a8439a rsi=0x0 rdi=0x744aa1ac3c70 r8=0xffffffffffd7daa4 r9=0x584 r10=0x744aa1a9b4b3 r11=0x15cdfe80ced0a r12=0x5041bc r13=0x744aa1a7847c r14=0x80000000 r15=0x744aa1a78377 rbp=0x744aa1a7836d rsp=0x7ffe44cd5d00 fs0x0=0x4bfbc064 fs0x12=0x7ffe44cd5d8900 fs0x60=0xfdd14bf1 fs0x68=0x7ffe44cd5d18 fs0x71=0x1181630e0 fs0x81=0x7ffe2a887829 fs0xe1=0x7820000000000062 fs0x13d=0x206 fs0x16f=0x573b8ba100 fs0x1e8=0x7ffe44cd5d00 fs0x13=0x7ffe44cd5d89 fs0x91=0x5bfebc047010 fs0xab=0x0 fs0xb3=0x7ffe44cd5d60 fs0xcb=0x744aa26c5000 fs0x19d=0x7ffe44cd5d60 fs0x28=0x202 fs0x38=0x5bfea9469dc8 fs0x79=0x7ffe44cd5d70 fs0x89=0x0 fs0x99=0x0 fs0xd3=0xfdd14bf1 fs0x107=0x5bfebc047820 fs0x123=0x7ffe44cd6248 fs0x128=0x7f fs0x147=0x6 ip_w0=0xac ip_w1=0xaf43 ip_w2=0xc3 ip_w3=0x8f90 ip_w4=0x3e06 ip_w5=0xd8 ip_w6=0x1e8 ip_w7=0x2cd8 ip_w8=0xcc0a ip_w9=0x682c ip_w10=0x0 ip_w11=0x13d ip_w12=0xbe7 ip_w13=0xf36f ip_w14=0x560e ip_w15=0x9bcf target=0x744aa1a9b4b3 target_off=0x9b4b3
[VMTAIL] site=0xb86f5 count=137 frame=0x744aa1a7836d frame_off=0x7836d vm_ip=0x744aa1d6b6a4 vm_ip_off=0x36b6a4 vm_flags=0x53dc41b9 vm_state=0x281c7190 vm_byte=0x3a table=0x744aa1ac3718 table_off=0xc3718 rax=0x744aa1ac40c8 rbx=0x744aa1d6b6a2 rcx=0x744aa1d6b600 rdx=0xffffffffffffffe0 rsi=0x744aa1a78377 rdi=0x744aa1a7847c r8=0x0 r9=0x528 r10=0x0 r11=0xfffff44c5cd92ff6 r12=0x744aa1ac3c40 r13=0x744aa1a9a24c r14=0x744aa1a7847c r15=0x744aa1a78390 rbp=0x744aa1a7836d rsp=0x7ffe44cd5c68 fs0x0=0xda3b7d9 fs0x12=0x7ffe44cd5d8900 fs0x60=0xe058d772 fs0x68=0x7ffe44cd5d18 fs0x71=0x1181630e0 fs0x81=0x744a87629f51 fs0xe1=0x7820000000000062 fs0x13d=0x206 fs0x16f=0x281c719001 fs0x1e8=0x7ffe44cd5c68 fs0x13=0x7ffe44cd5d89 fs0x91=0x5bfebc047010 fs0xab=0x0 fs0xb3=0x7ffe44cd5d60 fs0xcb=0x744aa26c5000 fs0x19d=0x7ffe44cd5d60 fs0x28=0x202 fs0x38=0x5bfea9469dc8 fs0x79=0x7ffe44cd5d70 fs0x89=0x0 fs0x99=0x0 fs0xd3=0xfdd14bf1 fs0x107=0x5bfebc047820 fs0x123=0x7ffe44cd6248 fs0x128=0x7f fs0x147=0x6 ip_w0=0x14d ip_w1=0xe0eb ip_w2=0x99 ip_w3=0x2612 ip_w4=0x5f91 ip_w5=0x108 ip_w6=0xe8e0 ip_w7=0x601 ip_w8=0xf5f2 ip_w9=0xf4b6 ip_w10=0xe8e3 ip_w11=0x5630 ip_w12=0xe783 ip_w13=0xab ip_w14=0x92dd ip_w15=0x1e8 target=0x744aa1a9a24c target_off=0x9a24c
[VMTAIL] site=0x81b7c count=138 frame=0x744aa1a7836d frame_off=0x7836d vm_ip=0x744aa1d6b8a7 vm_ip_off=0x36b8a7 vm_flags=0x480c0010 vm_state=0xff96 vm_byte=0x3a table=0x744aa1ac3718 table_off=0xc3718 rax=0x744aa1ac3d50 rbx=0x9b2d0638 rcx=0xffbf rdx=0x744aa2fab3a9 rsi=0xffffffff80000060 rdi=0x744aa1a784dd r8=0x744aa1aa0631 r9=0xffffffff800001dd r10=0x744aa2c6fb03 r11=0x744aa1a78377 r12=0xfffffffffedd0544 r13=0x744aa1a784dd r14=0x0 r15=0x477 rbp=0x744aa1a7836d rsp=0x7ffe44cd5d00 fs0x0=0xffffffff991fb4c5 fs0x12=0x7ffe44cd5d8900 fs0x60=0xffffffff991fb4c9 fs0x68=0x7ffe44cd5d58 fs0x71=0x1a44e4f4 fs0x81=0x744a87629ee6 fs0xe1=0x7820000000000062 fs0x13d=0x297 fs0x16f=0xff9600 fs0x1e8=0x7ffe44cd5d00 fs0x13=0x7ffe44cd5d89 fs0x91=0x5bfebc047010 fs0xab=0x0 fs0xb3=0x7ffe44cd5d60 fs0xcb=0x744aa26c5000 fs0x19d=0x7ffe44cd5d60 fs0x28=0x202 fs0x38=0x5bfea9469dc8 fs0x79=0x7ffe44cd5d70 fs0x89=0x0 fs0x99=0x0 fs0xd3=0x82b1bef0 fs0x107=0x5bfebc047820 fs0x123=0x7ffe44cd6248 fs0x128=0x7f fs0x147=0x6 ip_w0=0x1897 ip_w1=0x432a ip_w2=0xd249 ip_w3=0xf84f ip_w4=0xa838 ip_w5=0xe801 ip_w6=0xcf01 ip_w7=0xee ip_w8=0x81f8 ip_w9=0x13d ip_w10=0x2cf0 ip_w11=0x75a1 ip_w12=0x243e ip_w13=0x8720 ip_w14=0x11b3 ip_w15=0x7560 target=0x744aa1aa0631 target_off=0xa0631
[VMTAIL] site=0xb84a4 count=139 frame=0x744aa1a7836d frame_off=0x7836d vm_ip=0x744aa1d6b592 vm_ip_off=0x36b592 vm_flags=0xf77ebec7 vm_state=0x573b8ba1 vm_byte=0x50 table=0x744aa1ac3718 table_off=0xc3718 rax=0x744aa1a2cdb6 rbx=0x0 rcx=0x744a8b256884 rdx=0x744a8b256fb7 rsi=0x0 rdi=0x744aa1ac3c70 r8=0xffffffffffd7daa4 r9=0x584 r10=0x744aa1a9b4b3 r11=0x15cdfe80ced0a r12=0x5041bc r13=0x744aa1a7847c r14=0x80000000 r15=0x744aa1a78377 rbp=0x744aa1a7836d rsp=0x7ffe44cd5d00 fs0x0=0xcf808429 fs0x12=0x7ffe44cd5d8900 fs0x60=0x105637de fs0x68=0x7ffe44cd5d18 fs0x71=0x2a9b1ccd fs0x81=0x7ffe2a887829 fs0xe1=0x7820000000000062 fs0x13d=0x206 fs0x16f=0x573b8ba100 fs0x1e8=0x7ffe44cd5d00 fs0x13=0x7ffe44cd5d89 fs0x91=0x5bfebc047010 fs0xab=0x0 fs0xb3=0x7ffe44cd5d60 fs0xcb=0x744aa26c5000 fs0x19d=0x7ffe44cd5d60 fs0x28=0x202 fs0x38=0x5bfea9469dc8 fs0x79=0x7ffe44cd5d74 fs0x89=0x0 fs0x99=0x0 fs0xd3=0x105637de fs0x107=0x5bfebc047820 fs0x123=0x7ffe44cd6248 fs0x128=0x7f fs0x147=0x6 ip_w0=0xac ip_w1=0xaf43 ip_w2=0xc3 ip_w3=0x8f90 ip_w4=0x3e06 ip_w5=0xd8 ip_w6=0x1e8 ip_w7=0x2cd8 ip_w8=0xcc0a ip_w9=0x682c ip_w10=0x0 ip_w11=0x13d ip_w12=0xbe7 ip_w13=0xf36f ip_w14=0x560e ip_w15=0x9bcf target=0x744aa1a9b4b3 target_off=0x9b4b3
[VMTAIL] site=0xb86f5 count=140 frame=0x744aa1a7836d frame_off=0x7836d vm_ip=0x744aa1d6b6a4 vm_ip_off=0x36b6a4 vm_flags=0x53dc41b9 vm_state=0x281c7190 vm_byte=0x3a table=0x744aa1ac3718 table_off=0xc3718 rax=0x744aa1ac40c8 rbx=0x744aa1d6b6a2 rcx=0x744aa1d6b600 rdx=0xffffffffffffffe0 rsi=0x744aa1a78377 rdi=0x744aa1a7847c r8=0x0 r9=0x528 r10=0x0 r11=0xfffff44c5cd92ff6 r12=0x744aa1ac3c40 r13=0x744aa1a9a24c r14=0x744aa1a7847c r15=0x744aa1a78390 rbp=0x744aa1a7836d rsp=0x7ffe44cd5c68 fs0x0=0xda3b7d9 fs0x12=0x7ffe44cd5d8900 fs0x60=0xfffffffff2ddc35f fs0x68=0x7ffe44cd5d18 fs0x71=0x2a9b1ccd fs0x81=0x744a87629f51 fs0xe1=0x7820000000000062 fs0x13d=0x206 fs0x16f=0x281c719001 fs0x1e8=0x7ffe44cd5c68 fs0x13=0x7ffe44cd5d89 fs0x91=0x5bfebc047010 fs0xab=0x0 fs0xb3=0x7ffe44cd5d60 fs0xcb=0x744aa26c5000 fs0x19d=0x7ffe44cd5d60 fs0x28=0x202 fs0x38=0x5bfea9469dc8 fs0x79=0x7ffe44cd5d74 fs0x89=0x0 fs0x99=0x0 fs0xd3=0x105637de fs0x107=0x5bfebc047820 fs0x123=0x7ffe44cd6248 fs0x128=0x7f fs0x147=0x6 ip_w0=0x14d ip_w1=0xe0eb ip_w2=0x99 ip_w3=0x2612 ip_w4=0x5f91 ip_w5=0x108 ip_w6=0xe8e0 ip_w7=0x601 ip_w8=0xf5f2 ip_w9=0xf4b6 ip_w10=0xe8e3 ip_w11=0x5630 ip_w12=0xe783 ip_w13=0xab ip_w14=0x92dd ip_w15=0x1e8 target=0x744aa1a9a24c target_off=0x9a24c
[VMTAIL] site=0x81b7c count=141 frame=0x744aa1a7836d frame_off=0x7836d vm_ip=0x744aa1d6b8a7 vm_ip_off=0x36b8a7 vm_flags=0x480c0010 vm_state=0xff96 vm_byte=0x3a table=0x744aa1ac3718 table_off=0xc3718 rax=0x744aa1ac3d50 rbx=0x9b2d0638 rcx=0xffbf rdx=0x744aa2fab3a9 rsi=0xffffffff80000060 rdi=0x744aa1a784dd r8=0x744aa1aa0631 r9=0xffffffff800001dd r10=0x744aa2c6fb03 r11=0x744aa1a78377 r12=0xfffffffffedd0544 r13=0x744aa1a784dd r14=0x0 r15=0x477 rbp=0x744aa1a7836d rsp=0x7ffe44cd5d00 fs0x0=0xffffffff991fb4c6 fs0x12=0x7ffe44cd5d8900 fs0x60=0xffffffff991fb4c9 fs0x68=0x7ffe44cd5d58 fs0x71=0x1a44e4f5 fs0x81=0x744a87629ee6 fs0xe1=0x7820000000000062 fs0x13d=0x293 fs0x16f=0xff9600 fs0x1e8=0x7ffe44cd5d00 fs0x13=0x7ffe44cd5d89 fs0x91=0x5bfebc047010 fs0xab=0x0 fs0xb3=0x7ffe44cd5d60 fs0xcb=0x744aa26c5000 fs0x19d=0x7ffe44cd5d60 fs0x28=0x202 fs0x38=0x5bfea9469dc8 fs0x79=0x7ffe44cd5d74 fs0x89=0x0 fs0x99=0x0 fs0xd3=0x5d94ef29 fs0x107=0x5bfebc047820 fs0x123=0x7ffe44cd6248 fs0x128=0x7f fs0x147=0x6 ip_w0=0x1897 ip_w1=0x432a ip_w2=0xd249 ip_w3=0xf84f ip_w4=0xa838 ip_w5=0xe801 ip_w6=0xcf01 ip_w7=0xee ip_w8=0x81f8 ip_w9=0x13d ip_w10=0x2cf0 ip_w11=0x75a1 ip_w12=0x243e ip_w13=0x8720 ip_w14=0x11b3 ip_w15=0x7560 target=0x744aa1aa0631 target_off=0xa0631
[VMTAIL] site=0xb84a4 count=142 frame=0x744aa1a7836d frame_off=0x7836d vm_ip=0x744aa1d6b592 vm_ip_off=0x36b592 vm_flags=0xf77ebec7 vm_state=0x573b8ba1 vm_byte=0x50 table=0x744aa1ac3718 table_off=0xc3718 rax=0x744aa1a2cdb6 rbx=0x0 rcx=0x744ae449f69d rdx=0x744ae449f1ae rsi=0x0 rdi=0x744aa1ac3c70 r8=0xffffffffffd7daa4 r9=0x584 r10=0x744aa1a9b4b3 r11=0x15cdfe80ced0a r12=0x5041bc r13=0x744aa1a7847c r14=0x80000000 r15=0x744aa1a78377 rbp=0x744aa1a7836d rsp=0x7ffe44cd5d00 fs0x0=0x2207f806 fs0x12=0x7ffe44cd5d8900 fs0x60=0x2bb29de5 fs0x68=0x7ffe44cd5d18 fs0x71=0x45f782d4 fs0x81=0x7ffe2a887829 fs0xe1=0x7820000000000062 fs0x13d=0x202 fs0x16f=0x573b8ba100 fs0x1e8=0x7ffe44cd5d00 fs0x13=0x7ffe44cd5d89 fs0x91=0x5bfebc047010 fs0xab=0x0 fs0xb3=0x7ffe44cd5d60 fs0xcb=0x744aa26c5000 fs0x19d=0x7ffe44cd5d60 fs0x28=0x202 fs0x38=0x5bfea9469dc8 fs0x79=0x7ffe44cd5d78 fs0x89=0x0 fs0x99=0x0 fs0xd3=0x2bb29de5 fs0x107=0x5bfebc047820 fs0x123=0x7ffe44cd6248 fs0x128=0x7f fs0x147=0x6 ip_w0=0xac ip_w1=0xaf43 ip_w2=0xc3 ip_w3=0x8f90 ip_w4=0x3e06 ip_w5=0xd8 ip_w6=0x1e8 ip_w7=0x2cd8 ip_w8=0xcc0a ip_w9=0x682c ip_w10=0x0 ip_w11=0x13d ip_w12=0xbe7 ip_w13=0xf36f ip_w14=0x560e ip_w15=0x9bcf target=0x744aa1a9b4b3 target_off=0x9b4b3
[VMTAIL] site=0xb86f5 count=143 frame=0x744aa1a7836d frame_off=0x7836d vm_ip=0x744aa1d6b6a4 vm_ip_off=0x36b6a4 vm_flags=0x53dc41b9 vm_state=0x281c7190 vm_byte=0x3a table=0x744aa1ac3718 table_off=0xc3718 rax=0x744aa1ac40c8 rbx=0x744aa1d6b6a2 rcx=0x744aa1d6b600 rdx=0xffffffffffffffe0 rsi=0x744aa1a78377 rdi=0x744aa1a7847c r8=0x0 r9=0x528 r10=0x0 r11=0xfffff44c5cd92ff6 r12=0x744aa1ac3c40 r13=0x744aa1a9a24c r14=0x744aa1a7847c r15=0x744aa1a78390 rbp=0x744aa1a7836d rsp=0x7ffe44cd5c68 fs0x0=0xda3b7d9 fs0x12=0x7ffe44cd5d8900 fs0x60=0xe3a2966 fs0x68=0x7ffe44cd5d18 fs0x71=0x45f782d4 fs0x81=0x744a87629f51 fs0xe1=0x7820000000000062 fs0x13d=0x202 fs0x16f=0x281c719001 fs0x1e8=0x7ffe44cd5c68 fs0x13=0x7ffe44cd5d89 fs0x91=0x5bfebc047010 fs0xab=0x0 fs0xb3=0x7ffe44cd5d60 fs0xcb=0x744aa26c5000 fs0x19d=0x7ffe44cd5d60 fs0x28=0x202 fs0x38=0x5bfea9469dc8 fs0x79=0x7ffe44cd5d78 fs0x89=0x0 fs0x99=0x0 fs0xd3=0x2bb29de5 fs0x107=0x5bfebc047820 fs0x123=0x7ffe44cd6248 fs0x128=0x7f fs0x147=0x6 ip_w0=0x14d ip_w1=0xe0eb ip_w2=0x99 ip_w3=0x2612 ip_w4=0x5f91 ip_w5=0x108 ip_w6=0xe8e0 ip_w7=0x601 ip_w8=0xf5f2 ip_w9=0xf4b6 ip_w10=0xe8e3 ip_w11=0x5630 ip_w12=0xe783 ip_w13=0xab ip_w14=0x92dd ip_w15=0x1e8 target=0x744aa1a9a24c target_off=0x9a24c
[VMTAIL] site=0x81b7c count=144 frame=0x744aa1a7836d frame_off=0x7836d vm_ip=0x744aa1d6b8a7 vm_ip_off=0x36b8a7 vm_flags=0x480c0010 vm_state=0xff96 vm_byte=0x3a table=0x744aa1ac3718 table_off=0xc3718 rax=0x744aa1ac3d50 rbx=0x9b2d0638 rcx=0xffbf rdx=0x744aa2fab3a9 rsi=0xffffffff80000060 rdi=0x744aa1a784dd r8=0x744aa1aa0631 r9=0xffffffff800001dd r10=0x744aa2c6fb03 r11=0x744aa1a78377 r12=0xfffffffffedd0544 r13=0x744aa1a784dd r14=0x0 r15=0x477 rbp=0x744aa1a7836d rsp=0x7ffe44cd5d00 fs0x0=0xffffffff991fb4c7 fs0x12=0x7ffe44cd5d8900 fs0x60=0xffffffff991fb4c9 fs0x68=0x7ffe44cd5d58 fs0x71=0x1a44e4f6 fs0x81=0x744a87629ee6 fs0xe1=0x7820000000000062 fs0x13d=0x293 fs0x16f=0xff9600 fs0x1e8=0x7ffe44cd5d00 fs0x13=0x7ffe44cd5d89 fs0x91=0x5bfebc047010 fs0xab=0x0 fs0xb3=0x7ffe44cd5d60 fs0xcb=0x744aa26c5000 fs0x19d=0x7ffe44cd5d60 fs0x28=0x202 fs0x38=0x5bfea9469dc8 fs0x79=0x7ffe44cd5d78 fs0x89=0x0 fs0x99=0x0 fs0xd3=0xc8ae9914 fs0x107=0x5bfebc047820 fs0x123=0x7ffe44cd6248 fs0x128=0x7f fs0x147=0x6 ip_w0=0x1897 ip_w1=0x432a ip_w2=0xd249 ip_w3=0xf84f ip_w4=0xa838 ip_w5=0xe801 ip_w6=0xcf01 ip_w7=0xee ip_w8=0x81f8 ip_w9=0x13d ip_w10=0x2cf0 ip_w11=0x75a1 ip_w12=0x243e ip_w13=0x8720 ip_w14=0x11b3 ip_w15=0x7560 target=0x744aa1aa0631 target_off=0xa0631
[VMTAIL] site=0xb84a4 count=145 frame=0x744aa1a7836d frame_off=0x7836d vm_ip=0x744aa1d6b592 vm_ip_off=0x36b592 vm_flags=0xf77ebec7 vm_state=0x573b8ba1 vm_byte=0x50 table=0x744aa1ac3718 table_off=0xc3718 rax=0x744aa1a2cdb6 rbx=0x0 rcx=0x744a12e4cc58 rdx=0x744a12e4cb6b rsi=0x0 rdi=0x744aa1ac3c70 r8=0xffffffffffd7daa4 r9=0x584 r10=0x744aa1a9b4b3 r11=0x15cdfe80ced0a r12=0x5041bc r13=0x744aa1a7847c r14=0x80000000 r15=0x744aa1a78377 rbp=0x744aa1a7836d rsp=0x7ffe44cd5d00 fs0x0=0x19e3523d fs0x12=0x7ffe44cd5d8900 fs0x60=0x9915d322 fs0x68=0x7ffe44cd5d18 fs0x71=0xb35ab811 fs0x81=0x7ffe2a887829 fs0xe1=0x7820000000000062 fs0x13d=0x202 fs0x16f=0x573b8ba100 fs0x1e8=0x7ffe44cd5d00 fs0x13=0x7ffe44cd5d89 fs0x91=0x5bfebc047010 fs0xab=0x0 fs0xb3=0x7ffe44cd5d60 fs0xcb=0x744aa26c5000 fs0x19d=0x7ffe44cd5d60 fs0x28=0x202 fs0x38=0x5bfea9469dc8 fs0x79=0x7ffe44cd5d7c fs0x89=0x0 fs0x99=0x0 fs0xd3=0x9915d322 fs0x107=0x5bfebc047820 fs0x123=0x7ffe44cd6248 fs0x128=0x7f fs0x147=0x6 ip_w0=0xac ip_w1=0xaf43 ip_w2=0xc3 ip_w3=0x8f90 ip_w4=0x3e06 ip_w5=0xd8 ip_w6=0x1e8 ip_w7=0x2cd8 ip_w8=0xcc0a ip_w9=0x682c ip_w10=0x0 ip_w11=0x13d ip_w12=0xbe7 ip_w13=0xf36f ip_w14=0x560e ip_w15=0x9bcf target=0x744aa1a9b4b3 target_off=0x9b4b3
[VMTAIL] site=0xb86f5 count=146 frame=0x744aa1a7836d frame_off=0x7836d vm_ip=0x744aa1d6b6a4 vm_ip_off=0x36b6a4 vm_flags=0x53dc41b9 vm_state=0x281c7190 vm_byte=0x3a table=0x744aa1ac3718 table_off=0xc3718 rax=0x744aa1ac40c8 rbx=0x744aa1d6b6a2 rcx=0x744aa1d6b600 rdx=0xffffffffffffffe0 rsi=0x744aa1a78377 rdi=0x744aa1a7847c r8=0x0 r9=0x528 r10=0x0 r11=0xfffff44c5cd92ff6 r12=0x744aa1ac3c40 r13=0x744aa1a9a24c r14=0x744aa1a7847c r15=0x744aa1a78390 rbp=0x744aa1a7836d rsp=0x7ffe44cd5c68 fs0x0=0xda3b7d9 fs0x12=0x7ffe44cd5d8900 fs0x60=0x7b9d5ea3 fs0x68=0x7ffe44cd5d18 fs0x71=0xb35ab811 fs0x81=0x744a87629f51 fs0xe1=0x7820000000000062 fs0x13d=0x202 fs0x16f=0x281c719001 fs0x1e8=0x7ffe44cd5c68 fs0x13=0x7ffe44cd5d89 fs0x91=0x5bfebc047010 fs0xab=0x0 fs0xb3=0x7ffe44cd5d60 fs0xcb=0x744aa26c5000 fs0x19d=0x7ffe44cd5d60 fs0x28=0x202 fs0x38=0x5bfea9469dc8 fs0x79=0x7ffe44cd5d7c fs0x89=0x0 fs0x99=0x0 fs0xd3=0x9915d322 fs0x107=0x5bfebc047820 fs0x123=0x7ffe44cd6248 fs0x128=0x7f fs0x147=0x6 ip_w0=0x14d ip_w1=0xe0eb ip_w2=0x99 ip_w3=0x2612 ip_w4=0x5f91 ip_w5=0x108 ip_w6=0xe8e0 ip_w7=0x601 ip_w8=0xf5f2 ip_w9=0xf4b6 ip_w10=0xe8e3 ip_w11=0x5630 ip_w12=0xe783 ip_w13=0xab ip_w14=0x92dd ip_w15=0x1e8 target=0x744aa1a9a24c target_off=0x9a24c
[VMTAIL] site=0x81b7c count=147 frame=0x744aa1a7836d frame_off=0x7836d vm_ip=0x744aa1d6b8a7 vm_ip_off=0x36b8a7 vm_flags=0x480c0010 vm_state=0xff96 vm_byte=0x3a table=0x744aa1ac3718 table_off=0xc3718 rax=0x744aa1ac3d50 rbx=0x9b2d0638 rcx=0xffbf rdx=0x744aa2fab3a9 rsi=0xffffffff80000060 rdi=0x744aa1a784dd r8=0x744aa1aa0631 r9=0xffffffff800001dd r10=0x744aa2c6fb03 r11=0x744aa1a78377 r12=0xfffffffffedd0544 r13=0x744aa1a784dd r14=0x0 r15=0x477 rbp=0x744aa1a7836d rsp=0x7ffe44cd5d00 fs0x0=0xffffffff991fb4c8 fs0x12=0x7ffe44cd5d8900 fs0x60=0xffffffff991fb4c9 fs0x68=0x7ffe44cd5d58 fs0x71=0x1a44e4f7 fs0x81=0x744a87629ee6 fs0xe1=0x7820000000000062 fs0x13d=0x297 fs0x16f=0xff9600 fs0x1e8=0x7ffe44cd5d00 fs0x13=0x7ffe44cd5d89 fs0x91=0x5bfebc047010 fs0xab=0x0 fs0xb3=0x7ffe44cd5d60 fs0xcb=0x744aa26c5000 fs0x19d=0x7ffe44cd5d60 fs0x28=0x202 fs0x38=0x5bfea9469dc8 fs0x79=0x7ffe44cd5d7c fs0x89=0x0 fs0x99=0x0 fs0xd3=0x7a602d5d fs0x107=0x5bfebc047820 fs0x123=0x7ffe44cd6248 fs0x128=0x7f fs0x147=0x6 ip_w0=0x1897 ip_w1=0x432a ip_w2=0xd249 ip_w3=0xf84f ip_w4=0xa838 ip_w5=0xe801 ip_w6=0xcf01 ip_w7=0xee ip_w8=0x81f8 ip_w9=0x13d ip_w10=0x2cf0 ip_w11=0x75a1 ip_w12=0x243e ip_w13=0x8720 ip_w14=0x11b3 ip_w15=0x7560 target=0x744aa1aa0631 target_off=0xa0631
[VMTAIL] site=0xb84a4 count=148 frame=0x744aa1a7836d frame_off=0x7836d vm_ip=0x744aa1d6b592 vm_ip_off=0x36b592 vm_flags=0xf77ebec7 vm_state=0x573b8ba1 vm_byte=0x50 table=0x744aa1ac3718 table_off=0xc3718 rax=0x744aa1a2cdb6 rbx=0x0 rcx=0x744a682e9ed3 rdx=0x744a682e99e0 rsi=0x0 rdi=0x744aa1ac3c70 r8=0xffffffffffd7daa4 r9=0x584 r10=0x744aa1a9b4b3 r11=0x15cdfe80ced0a r12=0x5041bc r13=0x744aa1a7847c r14=0x80000000 r15=0x744aa1a78377 rbp=0x744aa1a7836d rsp=0x7ffe44cd5d00 fs0x0=0xab441cfa fs0x12=0x7ffe44cd5d8900 fs0x60=0xaf4c05ab fs0x68=0x7ffe44cd5d18 fs0x71=0xc990ea9a fs0x81=0x7ffe2a887829 fs0xe1=0x7820000000000062 fs0x13d=0x206 fs0x16f=0x573b8ba100 fs0x1e8=0x7ffe44cd5d00 fs0x13=0x7ffe44cd5d89 fs0x91=0x5bfebc047010 fs0xab=0x0 fs0xb3=0x7ffe44cd5d60 fs0xcb=0x744aa26c5000 fs0x19d=0x7ffe44cd5d60 fs0x28=0x202 fs0x38=0x5bfea9469dc8 fs0x79=0x7ffe44cd5d80 fs0x89=0x0 fs0x99=0x0 fs0xd3=0xaf4c05ab fs0x107=0x5bfebc047820 fs0x123=0x7ffe44cd6248 fs0x128=0x7f fs0x147=0x6 ip_w0=0xac ip_w1=0xaf43 ip_w2=0xc3 ip_w3=0x8f90 ip_w4=0x3e06 ip_w5=0xd8 ip_w6=0x1e8 ip_w7=0x2cd8 ip_w8=0xcc0a ip_w9=0x682c ip_w10=0x0 ip_w11=0x13d ip_w12=0xbe7 ip_w13=0xf36f ip_w14=0x560e ip_w15=0x9bcf target=0x744aa1a9b4b3 target_off=0x9b4b3
[VMTAIL] site=0xb86f5 count=149 frame=0x744aa1a7836d frame_off=0x7836d vm_ip=0x744aa1d6b6a4 vm_ip_off=0x36b6a4 vm_flags=0x53dc41b9 vm_state=0x281c7190 vm_byte=0x3a table=0x744aa1ac3718 table_off=0xc3718 rax=0x744aa1ac40c8 rbx=0x744aa1d6b6a2 rcx=0x744aa1d6b600 rdx=0xffffffffffffffe0 rsi=0x744aa1a78377 rdi=0x744aa1a7847c r8=0x0 r9=0x528 r10=0x0 r11=0xfffff44c5cd92ff6 r12=0x744aa1ac3c40 r13=0x744aa1a9a24c r14=0x744aa1a7847c r15=0x744aa1a78390 rbp=0x744aa1a7836d rsp=0x7ffe44cd5c68 fs0x0=0xda3b7d9 fs0x12=0x7ffe44cd5d8900 fs0x60=0x91d3912c fs0x68=0x7ffe44cd5d18 fs0x71=0xc990ea9a fs0x81=0x744a87629f51 fs0xe1=0x7820000000000062 fs0x13d=0x206 fs0x16f=0x281c719001 fs0x1e8=0x7ffe44cd5c68 fs0x13=0x7ffe44cd5d89 fs0x91=0x5bfebc047010 fs0xab=0x0 fs0xb3=0x7ffe44cd5d60 fs0xcb=0x744aa26c5000 fs0x19d=0x7ffe44cd5d60 fs0x28=0x202 fs0x38=0x5bfea9469dc8 fs0x79=0x7ffe44cd5d80 fs0x89=0x0 fs0x99=0x0 fs0xd3=0xaf4c05ab fs0x107=0x5bfebc047820 fs0x123=0x7ffe44cd6248 fs0x128=0x7f fs0x147=0x6 ip_w0=0x14d ip_w1=0xe0eb ip_w2=0x99 ip_w3=0x2612 ip_w4=0x5f91 ip_w5=0x108 ip_w6=0xe8e0 ip_w7=0x601 ip_w8=0xf5f2 ip_w9=0xf4b6 ip_w10=0xe8e3 ip_w11=0x5630 ip_w12=0xe783 ip_w13=0xab ip_w14=0x92dd ip_w15=0x1e8 target=0x744aa1a9a24c target_off=0x9a24c
[VMTAIL] site=0x81b7c count=150 frame=0x744aa1a7836d frame_off=0x7836d vm_ip=0x744aa1d6b8a7 vm_ip_off=0x36b8a7 vm_flags=0x480c0010 vm_state=0xff96 vm_byte=0x3a table=0x744aa1ac3718 table_off=0xc3718 rax=0x744aa1ac3d50 rbx=0x9b2d0638 rcx=0xffbf rdx=0x744aa2fab3a9 rsi=0xffffffff80000060 rdi=0x744aa1a784dd r8=0x744aa1aa0631 r9=0xffffffff800001dd r10=0x744aa2c6fb03 r11=0x744aa1a78377 r12=0xfffffffffedd0544 r13=0x744aa1a784dd r14=0x0 r15=0x477 rbp=0x744aa1a7836d rsp=0x7ffe44cd5d00 fs0x0=0xffffffff991fb4c9 fs0x12=0x7ffe44cd5d8900 fs0x60=0xffffffff991fb4c9 fs0x68=0x7ffe44cd5d58 fs0x71=0x1a44e4f8 fs0x81=0x744a87629ee6 fs0xe1=0x7820000000000062 fs0x13d=0x246 fs0x16f=0xff9600 fs0x1e8=0x7ffe44cd5d00 fs0x13=0x7ffe44cd5d89 fs0x91=0x5bfebc047010 fs0xab=0x0 fs0xb3=0x7ffe44cd5d60 fs0xcb=0x744aa26c5000 fs0x19d=0x7ffe44cd5d60 fs0x28=0x202 fs0x38=0x5bfea9469dc8 fs0x79=0x7ffe44cd5d80 fs0x89=0x0 fs0x99=0x0 fs0xd3=0x34c4f9c2 fs0x107=0x5bfebc047820 fs0x123=0x7ffe44cd6248 fs0x128=0x7f fs0x147=0x6 ip_w0=0x1897 ip_w1=0x432a ip_w2=0xd249 ip_w3=0xf84f ip_w4=0xa838 ip_w5=0xe801 ip_w6=0xcf01 ip_w7=0xee ip_w8=0x81f8 ip_w9=0x13d ip_w10=0x2cf0 ip_w11=0x75a1 ip_w12=0x243e ip_w13=0x8720 ip_w14=0x11b3 ip_w15=0x7560 target=0x744aa1aa0631 target_off=0xa0631
[VMTAIL] site=0xb84a4 count=151 frame=0x744aa1a7836d frame_off=0x7836d vm_ip=0x744aa1d6b592 vm_ip_off=0x36b592 vm_flags=0xf77ebec7 vm_state=0x573b8ba1 vm_byte=0x50 table=0x744aa1ac3718 table_off=0xc3718 rax=0x744aa1a2cdb6 rbx=0x0 rcx=0x744ac163f06e rdx=0x744ac163f75d rsi=0x0 rdi=0x744aa1ac3c70 r8=0xffffffffffd7daa4 r9=0x584 r10=0x744aa1a9b4b3 r11=0x15cdfe80ced0a r12=0x5041bc r13=0x744aa1a7847c r14=0x80000000 r15=0x744aa1a78377 rbp=0x744aa1a7836d rsp=0x7ffe44cd5d00 fs0x0=0x9d1dca73 fs0x12=0x7ffe44cd5d8900 fs0x60=0x46989f38 fs0x68=0x7ffe44cd5d18 fs0x71=0x60dd8427 fs0x81=0x7ffe2a887829 fs0xe1=0x7820000000000062 fs0x13d=0x206 fs0x16f=0x573b8ba100 fs0x1e8=0x7ffe44cd5d00 fs0x13=0x7ffe44cd5d89 fs0x91=0x5bfebc047010 fs0xab=0x0 fs0xb3=0x7ffe44cd5d60 fs0xcb=0x744aa26c5000 fs0x19d=0x7ffe44cd5d60 fs0x28=0x202 fs0x38=0x5bfea9469dc8 fs0x79=0x7ffe44cd5d84 fs0x89=0x0 fs0x99=0x0 fs0xd3=0x46989f38 fs0x107=0x5bfebc047820 fs0x123=0x7ffe44cd6248 fs0x128=0x7f fs0x147=0x6 ip_w0=0xac ip_w1=0xaf43 ip_w2=0xc3 ip_w3=0x8f90 ip_w4=0x3e06 ip_w5=0xd8 ip_w6=0x1e8 ip_w7=0x2cd8 ip_w8=0xcc0a ip_w9=0x682c ip_w10=0x0 ip_w11=0x13d ip_w12=0xbe7 ip_w13=0xf36f ip_w14=0x560e ip_w15=0x9bcf target=0x744aa1a9b4b3 target_off=0x9b4b3
[VMTAIL] site=0xb86f5 count=152 frame=0x744aa1a7836d frame_off=0x7836d vm_ip=0x744aa1d6b6a4 vm_ip_off=0x36b6a4 vm_flags=0x53dc41b9 vm_state=0x281c7190 vm_byte=0x3a table=0x744aa1ac3718 table_off=0xc3718 rax=0x744aa1ac40c8 rbx=0x744aa1d6b6a2 rcx=0x744aa1d6b600 rdx=0xffffffffffffffe0 rsi=0x744aa1a78377 rdi=0x744aa1a7847c r8=0x0 r9=0x528 r10=0x0 r11=0xfffff44c5cd92ff6 r12=0x744aa1ac3c40 r13=0x744aa1a9a24c r14=0x744aa1a7847c r15=0x744aa1a78390 rbp=0x744aa1a7836d rsp=0x7ffe44cd5c68 fs0x0=0xda3b7d9 fs0x12=0x7ffe44cd5d8900 fs0x60=0x29202ab9 fs0x68=0x7ffe44cd5d18 fs0x71=0x60dd8427 fs0x81=0x744a87629f51 fs0xe1=0x7820000000000062 fs0x13d=0x206 fs0x16f=0x281c719001 fs0x1e8=0x7ffe44cd5c68 fs0x13=0x7ffe44cd5d89 fs0x91=0x5bfebc047010 fs0xab=0x0 fs0xb3=0x7ffe44cd5d60 fs0xcb=0x744aa26c5000 fs0x19d=0x7ffe44cd5d60 fs0x28=0x202 fs0x38=0x5bfea9469dc8 fs0x79=0x7ffe44cd5d84 fs0x89=0x0 fs0x99=0x0 fs0xd3=0x46989f38 fs0x107=0x5bfebc047820 fs0x123=0x7ffe44cd6248 fs0x128=0x7f fs0x147=0x6 ip_w0=0x14d ip_w1=0xe0eb ip_w2=0x99 ip_w3=0x2612 ip_w4=0x5f91 ip_w5=0x108 ip_w6=0xe8e0 ip_w7=0x601 ip_w8=0xf5f2 ip_w9=0xf4b6 ip_w10=0xe8e3 ip_w11=0x5630 ip_w12=0xe783 ip_w13=0xab ip_w14=0x92dd ip_w15=0x1e8 target=0x744aa1a9a24c target_off=0x9a24c
[VMTAIL] site=0xa35dd count=153 frame=0x744aa1a7836d frame_off=0x7836d vm_ip=0x744aa1d6bb1e vm_ip_off=0x36bb1e vm_flags=0xc81f0198 vm_state=0xe505feb6 vm_byte=0x3a table=0x744aa1ac3718 table_off=0xc3718 rax=0x0 rbx=0x744aa1ac4201 rcx=0x744aa1ac4013 rdx=0xe89543587b0a rsi=0x744aa1a78300 rdi=0x0 r8=0x744aa1a78377 r9=0xb10 r10=0x744ba1ac49df r11=0x744aa1a7847c r12=0x110 r13=0x744aa1ac2241 r14=0x288 r15=0x202 rbp=0x744aa1a7836d rsp=0x7ffe44cd5d00 fs0x0=0xffffffff991fb4ca fs0x12=0x7ffe44cd5d8901 fs0x60=0xffffffff991fb4c9 fs0x68=0x7ffe44cd5d58 fs0x71=0x1a44e4f9 fs0x81=0x7ffe2a887869 fs0xe1=0x7820000000000062 fs0x13d=0x202 fs0x16f=0xe505feb600 fs0x1e8=0x7ffe44cd5d00 fs0x13=0x7ffe44cd5d89 fs0x91=0x5bfebc047010 fs0xab=0x0 fs0xb3=0x7ffe44cd5d60 fs0xcb=0x744aa26c5000 fs0x19d=0x7ffe44cd5d60 fs0x28=0x202 fs0x38=0x5bfea9469dc8 fs0x79=0x7ffe44cd5d84 fs0x89=0x0 fs0x99=0x0 fs0xd3=0x944fa11b fs0x107=0x5bfebc047820 fs0x123=0x7ffe44cd6248 fs0x128=0x7f fs0x147=0x6 ip_w0=0xc4 ip_w1=0x6e1e ip_w2=0xf834 ip_w3=0x10cf ip_w4=0xa92e ip_w5=0x1e8 ip_w6=0x88f6 ip_w7=0xa88 ip_w8=0x347f ip_w9=0xf984 ip_w10=0x360a ip_w11=0x3da0 ip_w12=0x1 ip_w13=0xb5ff ip_w14=0x303f ip_w15=0x9dd2 target=0x744aa1ac2241 target_off=0xc2241
[VMTAIL] site=0x9b0c5 count=154 frame=0x744aa1a7836d frame_off=0x7836d vm_ip=0x744aa1d6beee vm_ip_off=0x36beee vm_flags=0x5fc336ae vm_state=0x914b4bc9 vm_byte=0x3a table=0x744aa1ac3718 table_off=0xc3718 rax=0x0 rbx=0x400 rcx=0x744aa1a7847c rdx=0x744aa1a78555 rsi=0x744aa1ac4228 rdi=0x210 r8=0xb10 r9=0x0 r10=0x744aa1ac2241 r11=0x744aa1d6beea r12=0x744aa1a78391 r13=0x744aa1a78377 r14=0x504aa1040040 r15=0x5bfea9469dc8 rbp=0x744aa1a7836d rsp=0x7ffe44cd5c68 fs0x0=0xda3b7d9 fs0x12=0x7ffe44cd5d6001 fs0x60=0x7ffeb7716386 fs0x68=0x7ffe44cd5d60 fs0x71=0x7ffe5f12424f fs0x81=0x744a87629e91 fs0xe1=0x7820000000000062 fs0x13d=0x206 fs0x16f=0x914b4bc901 fs0x1e8=0x7ffe44cd5c68 fs0x13=0x7ffe44cd5d60 fs0x91=0x5bfebc047010 fs0xab=0x0 fs0xb3=0x7ffe44cd5d60 fs0xcb=0x744aa26c5000 fs0x19d=0x7ffe44cd5d60 fs0x28=0x202 fs0x38=0x5bfea9469dc8 fs0x79=0x7ffe44cd5d84 fs0x89=0x0 fs0x99=0x0 fs0xd3=0x7289f400 fs0x107=0x5bfebc047820 fs0x123=0x7ffe44cd6248 fs0x128=0x7f fs0x147=0x6 ip_w0=0x2b ip_w1=0x77f5 ip_w2=0x99 ip_w3=0x654b ip_w4=0xabfb ip_w5=0xad0 ip_w6=0xe340 ip_w7=0xe893 ip_w8=0x501 ip_w9=0x21e3 ip_w10=0x7408 ip_w11=0xabd7 ip_w12=0x2000 ip_w13=0x3a15 ip_w14=0xe24c ip_w15=0x1e8 target=0x744aa1ac2241 target_off=0xc2241
[TRACE] caller=eac.elf+0x36e0cf open path=/sys/devices/virtual/dmi/id/product_name flags=0x0
[VMTAIL] site=0x9b0c5 count=155 frame=0x744aa1a7836d frame_off=0x7836d vm_ip=0x744aa1d6c118 vm_ip_off=0x36c118 vm_flags=0x490673f7 vm_state=0x8cd640b4 vm_byte=0x3a table=0x744aa1ac3718 table_off=0xc3718 rax=0x0 rbx=0x0 rcx=0x744aa1a7847c rdx=0x744aa1a78555 rsi=0x744aa1ac3c40 rdi=0x210 r8=0x528 r9=0x0 r10=0x744aa1a9a24c r11=0x744aa1d6c114 r12=0x744aa1a78391 r13=0x744aa1a78377 r14=0x504aa1008048 r15=0x5bfea9469dc8 rbp=0x744aa1a7836d rsp=0x7ffe44cd5c68 fs0x0=0xda3b7d9 fs0x12=0x7ffe44cd5d6001 fs0x60=0x6de2f3aa fs0x68=0x7ffe44cd5d60 fs0x71=0x1a44e4ef fs0x81=0x744a87629f31 fs0xe1=0x7820000000000062 fs0x13d=0x206 fs0x16f=0x8cd640b401 fs0x1e8=0x7ffe44cd5c68 fs0x13=0x7ffe44cd5d60 fs0x91=0x5bfebc047010 fs0xab=0x0 fs0xb3=0x0 fs0xcb=0x744aa26c5000 fs0x19d=0x0 fs0x28=0x202 fs0x38=0x5bfea9469dc8 fs0x79=0x7ffe44cd5d84 fs0x89=0x0 fs0x99=0x0 fs0xd3=0x1b6 fs0x107=0x5bfebc047820 fs0x123=0x7ffe44cd6248 fs0x128=0x7f fs0x147=0x6 ip_w0=0xc4 ip_w1=0x6e4f ip_w2=0xf45c ip_w3=0x24c3 ip_w4=0xeda6 ip_w5=0x48cb ip_w6=0xe892 ip_w7=0x1101 ip_w8=0x28f8 ip_w9=0x3e46 ip_w10=0xc62d ip_w11=0xc22a ip_w12=0x288a ip_w13=0x5a42 ip_w14=0x1c6e ip_w15=0x1e8 target=0x744aa1a9a24c target_off=0x9a24c
[VMTAIL] site=0x9b0c5 count=156 frame=0x744aa1a7836d frame_off=0x7836d vm_ip=0x744aa1d6c3a3 vm_ip_off=0x36c3a3 vm_flags=0x3fc45638 vm_state=0x10551f84 vm_byte=0x3a table=0x744aa1ac3718 table_off=0xc3718 rax=0x0 rbx=0x0 rcx=0x744aa1a7847c rdx=0x744aa1a78555 rsi=0x744aa1ac4228 rdi=0x210 r8=0xb10 r9=0x0 r10=0x744aa1ac2241 r11=0x744aa1d6c39f r12=0x744aa1a78391 r13=0x744aa1a78377 r14=0x504aa1040040 r15=0x5bfea9469dc8 rbp=0x744aa1a7836d rsp=0x7ffe44cd5c68 fs0x0=0xda3b7d9 fs0x12=0x7ffe44cd5d6001 fs0x60=0x7ffeb7716386 fs0x68=0x7ffe44cd5d60 fs0x71=0x7ffe5f12424f fs0x81=0x744a87629e91 fs0xe1=0x7820000000000062 fs0x13d=0x206 fs0x16f=0x10551f8401 fs0x1e8=0x7ffe44cd5c68 fs0x13=0x7ffe44cd5d60 fs0x91=0x5bfebc047010 fs0xab=0x0 fs0xb3=0x7ffe44cd5d60 fs0xcb=0x744aa26c5000 fs0x19d=0x29 fs0x28=0x202 fs0x38=0x5bfea9469dc8 fs0x79=0x744aa24a06c6 fs0x89=0x0 fs0x99=0x0 fs0xd3=0x0 fs0x107=0x5bfebc047820 fs0x123=0x7ffe44cd6248 fs0x128=0x7f fs0x147=0x6 ip_w0=0xc7 ip_w1=0x4ed7 ip_w2=0xb33a ip_w3=0x99e5 ip_w4=0xce00 ip_w5=0x2c9b ip_w6=0xe89b ip_w7=0xc901 ip_w8=0xa0f6 ip_w9=0x880a ip_w10=0x4ec ip_w11=0xab ip_w12=0xce13 ip_w13=0xd7ab ip_w14=0xae0c ip_w15=0x1e8 target=0x744aa1ac2241 target_off=0xc2241
[VMTAIL] site=0xbf126 count=157 frame=0x744aa1a7836d frame_off=0x7836d vm_ip=0x744aa1d6c4fa vm_ip_off=0x36c4fa vm_flags=0x6043000 vm_state=0xf5fb4ffa vm_byte=0x50 table=0x744aa1ac3718 table_off=0xc3718 rax=0x2 rbx=0x744aa1abd36d rcx=0xffff8001ac5f847e rdx=0xf5bb0a60 rsi=0x12 rdi=0x733 r8=0xe895434f0849 r9=0x200 r10=0x744aa1ac4178 r11=0xa60 r12=0x744aa1a78377 r13=0x744aa1a78dcb r14=0xffffffffffffffff r15=0x7a6b rbp=0x744aa1a7836d rsp=0x7ffe44cd5d00 fs0x0=0x7ffe496eeac9 fs0x12=0x7ffe44cd5d6000 fs0x60=0xfb78fc34 fs0x68=0x7ffe44cd5d10 fs0x71=0x1a44e4f2 fs0x81=0x7ffe2a887821 fs0xe1=0x7820000000000062 fs0x13d=0x213 fs0x16f=0xf5fb4ffa01 fs0x1e8=0x7ffe44cd5d00 fs0x13=0x7ffe44cd5d60 fs0x91=0x5bfebc047010 fs0xab=0x0 fs0xb3=0x7ffe44cd5d60 fs0xcb=0x744aa26c5000 fs0x19d=0x0 fs0x28=0x202 fs0x38=0x5bfea9469dc8 fs0x79=0x744aa24a06c6 fs0x89=0x0 fs0x99=0x0 fs0xd3=0x29 fs0x107=0x5bfebc047820 fs0x123=0x7ffe44cd6248 fs0x128=0x7f fs0x147=0x6 ip_w0=0x16dc ip_w1=0x97bf ip_w2=0x130c ip_w3=0x1e8 ip_w4=0x4deb ip_w5=0xe73e ip_w6=0x68d2 ip_w7=0x0 ip_w8=0x13d ip_w9=0xf89f ip_w10=0x976f ip_w11=0x6605 ip_w12=0xb82a ip_w13=0xfbe1 ip_w14=0x4300 ip_w15=0xe9e target=0x744aa1abd36d target_off=0xbd36d
[VMTAIL] site=0x9b0c5 count=158 frame=0x744aa1a7836d frame_off=0x7836d vm_ip=0x744aa1d6c69a vm_ip_off=0x36c69a vm_flags=0x2d9ec11d vm_state=0x3ee3ff32 vm_byte=0x3a table=0x744aa1ac3718 table_off=0xc3718 rax=0x0 rbx=0x400 rcx=0x744aa1a7847c rdx=0x744aa1a78555 rsi=0x744aa1ac3c70 rdi=0x210 r8=0x558 r9=0x0 r10=0x744aa1a9b4b3 r11=0x744aa1d6c696 r12=0x744aa1a78391 r13=0x744aa1a78377 r14=0x504aa1009480 r15=0x5bfea9469dc8 rbp=0x744aa1a7836d rsp=0x7ffe44cd5c68 fs0x0=0xda3b7d9 fs0x12=0x300 fs0x60=0x3 fs0x68=0x7ffe44cd5d10 fs0x71=0x1a44e4f2 fs0x81=0x744a87629e91 fs0xe1=0x7820000000000062 fs0x13d=0x213 fs0x16f=0x3ee3ff3201 fs0x1e8=0x7ffe44cd5c68 fs0x13=0x3 fs0x91=0x5bfebc047010 fs0xab=0x0 fs0xb3=0x3 fs0xcb=0x744aa26c5000 fs0x19d=0x7ffe44cd5d90 fs0x28=0x202 fs0x38=0x5bfea9469dc8 fs0x79=0x7ffe44cd5d90 fs0x89=0x0 fs0x99=0x0 fs0xd3=0x7f fs0x107=0x5bfebc047820 fs0x123=0x7ffe44cd6248 fs0x128=0x7f fs0x147=0x6 ip_w0=0xd7 ip_w1=0x620 ip_w2=0xef88 ip_w3=0xc5d6 ip_w4=0x5ce0 ip_w5=0x997b ip_w6=0x3300 ip_w7=0xe818 ip_w8=0x5401 ip_w9=0x3ca7 ip_w10=0x65f1 ip_w11=0x9fd0 ip_w12=0x2691 ip_w13=0xb3b ip_w14=0x1e8 ip_w15=0x462 target=0x744aa1a9b4b3 target_off=0x9b4b3
[VMTAIL] site=0x7e7ca count=159 frame=0x744aa1a7836d frame_off=0x7836d vm_ip=0x744aa1d6c839 vm_ip_off=0x36c839 vm_flags=0xa202d3f vm_state=0xd5dfd7e0 vm_byte=0x3a table=0x744aa1ac3718 table_off=0xc3718 rax=0xa202d3f rbx=0x744aa1ac3c78 rcx=0x744aa1a78377 rdx=0x744aa1a78390 rsi=0x744aa1f31ac4 rdi=0xffffffffff8eb59c r8=0x744aa1a784dd r9=0x744aa1a784dd r10=0x0 r11=0x744aa1a9b68a r12=0x744a21a19200 r13=0x12 r14=0x560 r15=0x0 rbp=0x744aa1a7836d rsp=0x7ffe44cd5d00 fs0x0=0xfffffffffb78fc46 fs0x12=0x300 fs0x60=0xfffffffffb78fc35 fs0x68=0x7ffe44cd5d50 fs0x71=0x1a44e500 fs0x81=0x7ffe2a887861 fs0xe1=0x7820000000000062 fs0x13d=0x206 fs0x16f=0xd5dfd7e000 fs0x1e8=0x7ffe44cd5d00 fs0x13=0x3 fs0x91=0x5bfebc047010 fs0xab=0x0 fs0xb3=0x11 fs0xcb=0x744aa26c5000 fs0x19d=0x7ffe44cd5d90 fs0x28=0x202 fs0x38=0x5bfea9469dc8 fs0x79=0x744aa24a06c6 fs0x89=0x0 fs0x99=0x0 fs0xd3=0x11 fs0x107=0x5bfebc047820 fs0x123=0x7ffe44cd6248 fs0x128=0x7f fs0x147=0x6 ip_w0=0xed63 ip_w1=0x23 ip_w2=0x8c2c ip_w3=0x44f ip_w4=0x890 ip_w5=0x1e8 ip_w6=0xea64 ip_w7=0xf7d8 ip_w8=0x3d00 ip_w9=0xdb01 ip_w10=0xee39 ip_w11=0x9f21 ip_w12=0x491 ip_w13=0xbe9b ip_w14=0xae15 ip_w15=0x547a target=0x744aa1a9b68a target_off=0x9b68a
[VMTAIL] site=0xbb6e3 count=160 frame=0x744aa1a7836d frame_off=0x7836d vm_ip=0x744aa1d6c8aa vm_ip_off=0x36c8aa vm_flags=0x350a074 vm_state=0x3b00120 vm_byte=0x3a table=0x744aa1ac3718 table_off=0xc3718 rax=0x744aa1ac3cb8 rbx=0xd0 rcx=0x12 rdx=0x12 rsi=0x30 rdi=0x744aa1a78377 r8=0x744aa1a9cf32 r9=0x5a0 r10=0x744aa1a784dd r11=0x744aa1a784dd r12=0x1609e0ae r13=0x744aa1a784dd r14=0x0 r15=0x744aa1a7836d rbp=0x744aa1a7836d rsp=0x7ffe44cd5d00 fs0x0=0xfffffffffb78fc46 fs0x12=0x300 fs0x60=0x7ffddf9064cc fs0x68=0x7ffe44cd5d50 fs0x71=0x1a44e500 fs0x81=0x7ffe2a887861 fs0xe1=0x7820000000000062 fs0x13d=0x217 fs0x16f=0x3b0012000 fs0x1e8=0x7ffe44cd5d00 fs0x13=0x3 fs0x91=0x5bfebc047010 fs0xab=0x0 fs0xb3=0x11 fs0xcb=0x744aa26c5000 fs0x19d=0x7ffe44cd5d90 fs0x28=0x202 fs0x38=0x5bfea9469dc8 fs0x79=0x744aa24a06c6 fs0x89=0x0 fs0x99=0x0 fs0xd3=0x11 fs0x107=0x5bfebc047820 fs0x123=0x7ffe44cd6248 fs0x128=0x7f fs0x147=0x6 ip_w0=0x1063 ip_w1=0x1e8 ip_w2=0xe4d3 ip_w3=0x68 ip_w4=0x9c8d ip_w5=0xa554 ip_w6=0x6e0 ip_w7=0xd0 ip_w8=0x13d ip_w9=0xb9ac ip_w10=0x990f ip_w11=0x2e60 ip_w12=0xe197 ip_w13=0x2103 ip_w14=0x68 ip_w15=0x9daa target=0x744aa1a9cf32 target_off=0x9cf32
[VMTAIL] site=0x8f6cf count=161 frame=0x744aa1a7836d frame_off=0x7836d vm_ip=0x744aa1d6c9b1 vm_ip_off=0x36c9b1 vm_flags=0x7a9ebe7d vm_state=0x1ad2e4e2 vm_byte=0x3a table=0x744aa1ac3718 table_off=0xc3718 rax=0xffffffffffffff70 rbx=0x744aa1a784dd rcx=0x744aa1ac2241 rdx=0x9cdfe2ffff39 rsi=0x90 rdi=0xb10 r8=0xffff176a6deb8adc r9=0x744aa1a784dd r10=0x0 r11=0x0 r12=0x744aa1a8f2af r13=0x744aa1a78377 r14=0x744aa1ac37cd r15=0x744aa1ac4228 rbp=0x744aa1a7836d rsp=0x7ffe44cd5d00 fs0x0=0xffffffffd3ac521f fs0x12=0x300 fs0x60=0x72a40626 fs0x68=0x7ffe44cd5d48 fs0x71=0x1a44e4ef fs0x81=0x7ffe2a887859 fs0xe1=0x7820000000000062 fs0x13d=0x202 fs0x16f=0x1ad2e4e200 fs0x1e8=0x7ffe44cd5d00 fs0x13=0x3 fs0x91=0x5bfebc047010 fs0xab=0x0 fs0xb3=0x7ffe44cd5da1 fs0xcb=0x744aa26c5000 fs0x19d=0x7ffe44cd5d90 fs0x28=0x202 fs0x38=0x5bfea9469dc8 fs0x79=0x744aa24a06c6 fs0x89=0x0 fs0x99=0x0 fs0xd3=0x7ffe44cd5d90 fs0x107=0x5bfebc047820 fs0x123=0x7ffe44cd6248 fs0x128=0x7f fs0x147=0x6 ip_w0=0xa8 ip_w1=0x68 ip_w2=0xd9e6 ip_w3=0x821c ip_w4=0xdd25 ip_w5=0xfcd1 ip_w6=0xb64 ip_w7=0x83a ip_w8=0x6842 ip_w9=0xf00 ip_w10=0x22 ip_w11=0x13d ip_w12=0x9757 ip_w13=0x5705 ip_w14=0xff5d ip_w15=0xc286 target=0x744aa1ac2241 target_off=0xc2241
[VMTAIL] site=0x9b0c5 count=162 frame=0x744aa1a7836d frame_off=0x7836d vm_ip=0x744aa1d6cacc vm_ip_off=0x36cacc vm_flags=0xc0afd315 vm_state=0xbd1668bb vm_byte=0x3a table=0x744aa1ac3718 table_off=0xc3718 rax=0x0 rbx=0x0 rcx=0x744aa1a7847c rdx=0x744aa1a78555 rsi=0x744aa1ac3c70 rdi=0x210 r8=0x558 r9=0x0 r10=0x744aa1a9b4b3 r11=0x744aa1d6cac8 r12=0x744aa1a78391 r13=0x744aa1a78377 r14=0x504aa1009480 r15=0x5bfea9469dc8 rbp=0x744aa1a7836d rsp=0x7ffe44cd5c68 fs0x0=0xda3b7d9 fs0x12=0x744aa224d16000 fs0x60=0x744aa224d160 fs0x68=0x744aa224d160 fs0x71=0x744abc69b64f fs0x81=0x744a87629e91 fs0xe1=0x7820000000000062 fs0x13d=0x202 fs0x16f=0xbd1668bb01 fs0x1e8=0x7ffe44cd5c68 fs0x13=0x744aa224d160 fs0x91=0x5bfebc047010 fs0xab=0x0 fs0xb3=0x7ffe44cd5da1 fs0xcb=0x744aa26c5000 fs0x19d=0x7ffe44cd5d90 fs0x28=0x202 fs0x38=0x5bfea9469dc8 fs0x79=0x744aa24a06c6 fs0x89=0x0 fs0x99=0x0 fs0xd3=0x7ffe44cd5d90 fs0x107=0x5bfebc047820 fs0x123=0x7ffe44cd6248 fs0x128=0x7f fs0x147=0x6 ip_w0=0x151 ip_w1=0x91f0 ip_w2=0x99 ip_w3=0x84b4 ip_w4=0x6416 ip_w5=0xda08 ip_w6=0xeb5e ip_w7=0xe8b9 ip_w8=0x8801 ip_w9=0x7b0a ip_w10=0xf37b ip_w11=0xab ip_w12=0x93b9 ip_w13=0xdf4e ip_w14=0x1e8 ip_w15=0xc6ce target=0x744aa1a9b4b3 target_off=0x9b4b3
[VMTAIL] site=0xb86f5 count=163 frame=0x744aa1a7836d frame_off=0x7836d vm_ip=0x744aa1d6ccd7 vm_ip_off=0x36ccd7 vm_flags=0x7dffca58 vm_state=0xdea1c1d1 vm_byte=0x3a table=0x744aa1ac3718 table_off=0xc3718 rax=0x744aa1ac40c8 rbx=0x744aa1d6ccd5 rcx=0x744aa1d6cc33 rdx=0xffffffffffffffe0 rsi=0x744aa1a78377 rdi=0x744aa1a7847c r8=0x0 r9=0x528 r10=0x0 r11=0xfffff44c5cd92fc6 r12=0x744aa1ac3c40 r13=0x744aa1a9a24c r14=0x744aa1a7847c r15=0x744aa1a78390 rbp=0x744aa1a7836d rsp=0x7ffe44cd5c68 fs0x0=0xda3b7d9 fs0x12=0x744aa224d16000 fs0x60=0xffffffff991fb4c3 fs0x68=0x7ffe44cd5d48 fs0x71=0x1a44e4ef fs0x81=0x7ffe2a887859 fs0xe1=0x7820000000000062 fs0x13d=0x293 fs0x16f=0xdea1c1d101 fs0x1e8=0x7ffe44cd5c68 fs0x13=0x744aa224d160 fs0x91=0x5bfebc047010 fs0xab=0x0 fs0xb3=0x3 fs0xcb=0x744aa26c5000 fs0x19d=0x7ffe44cd5d90 fs0x28=0x202 fs0x38=0x5bfea9469dc8 fs0x79=0x744aa24a06c6 fs0x89=0x0 fs0x99=0x0 fs0xd3=0x7ffe44cd5d90 fs0x107=0x5bfebc047820 fs0x123=0x7ffe44cd6248 fs0x128=0x7f fs0x147=0x6 ip_w0=0x72 ip_w1=0x687b ip_w2=0xac8c ip_w3=0xefbf ip_w4=0x99 ip_w5=0xd0 ip_w6=0x20d4 ip_w7=0xe8f9 ip_w8=0x8801 ip_w9=0x960a ip_w10=0x9114 ip_w11=0xf5ff ip_w12=0x3001 ip_w13=0x4b75 ip_w14=0x144d ip_w15=0x1e8 target=0x744aa1a9a24c target_off=0x9a24c
[VMTAIL] site=0x9ba72 count=164 frame=0x744aa1a7836d frame_off=0x7836d vm_ip=0x744aa1d6cdf9 vm_ip_off=0x36cdf9 vm_flags=0x7bf18dcc vm_state=0xf5ff8a93 vm_byte=0x62 table=0x744aa1ac3718 table_off=0xc3718 rax=0x0 rbx=0x744aa1a784dd rcx=0x744aa1ac3318 rdx=0xb065c300 rsi=0x744aa1a85059 rdi=0x0 r8=0x744aa1ac3918 r9=0x744aa1a78377 r10=0xffffffffffffffa8 r11=0x744aa1ac3ba8 r12=0x812 r13=0x0 r14=0xffffffffa1fff7dc r15=0x200 rbp=0x744aa1a7836d rsp=0x7ffe44cd5d00 fs0x0=0x6abb3e53 fs0x12=0x744aa224d16000 fs0x60=0x6abb3e53 fs0x68=0x7ffe44cd5d48 fs0x71=0x1a44e4f0 fs0x81=0x744a87629ee6 fs0xe1=0x7820000000000062 fs0x13d=0x202 fs0x16f=0xf5ff8a9301 fs0x1e8=0x7ffe44cd5d00 fs0x13=0x744aa224d160 fs0x91=0x5bfebc047010 fs0xab=0x0 fs0xb3=0x1 fs0xcb=0x744aa26c5000 fs0x19d=0x7ffe44cd5d90 fs0x28=0x202 fs0x38=0x5bfea9469dc8 fs0x79=0x744aa24a06c6 fs0x89=0x0 fs0x99=0x0 fs0xd3=0x7ffe44cd5d90 fs0x107=0x5bfebc047820 fs0x123=0x7ffe44cd6248 fs0x128=0x7f fs0x147=0x6 ip_w0=0x8a7d ip_w1=0x729c ip_w2=0x6758 ip_w3=0x9d2e ip_w4=0x151f ip_w5=0x885f ip_w6=0x1 ip_w7=0xf012 ip_w8=0x13d ip_w9=0xd3d7 ip_w10=0xaa9b ip_w11=0x736a ip_w12=0xbe6 ip_w13=0x870c ip_w14=0x6793 ip_w15=0x2921 target=0x744aa1a85059 target_off=0x85059
[VMTAIL] site=0xb86f5 count=165 frame=0x744aa1a7836d frame_off=0x7836d vm_ip=0x744aa1d6cf84 vm_ip_off=0x36cf84 vm_flags=0x14130000 vm_state=0x3f06a1c2 vm_byte=0x3a table=0x744aa1ac3718 table_off=0xc3718 rax=0x744aa1ac40c8 rbx=0x744aa1d6cf82 rcx=0x744aa1d6cee0 rdx=0xffffffffffffffe0 rsi=0x744aa1a78377 rdi=0x744aa1a7847c r8=0x0 r9=0xb10 r10=0x0 r11=0x744aa1a68d56 r12=0x744aa1ac4228 r13=0x744aa1ac2241 r14=0x744aa1a7847c r15=0x744aa1a78390 rbp=0x744aa1a7836d rsp=0x7ffe44cd5c68 fs0x0=0xda3b7d9 fs0x12=0x5bfebc0677c000 fs0x60=0x5bfed1e4846a fs0x68=0x7ffe44cd5d48 fs0x71=0x5bfed64b5caf fs0x81=0x744a87629e91 fs0xe1=0x7820000000000062 fs0x13d=0x202 fs0x16f=0x3f06a1c201 fs0x1e8=0x7ffe44cd5c68 fs0x13=0x5bfebc0677c0 fs0x91=0x5bfebc047010 fs0xab=0x0 fs0xb3=0x5bfebc0677c0 fs0xcb=0x744aa26c5000 fs0x19d=0x0 fs0x28=0x202 fs0x38=0x5bfea9469dc8 fs0x79=0x744aa24a06c6 fs0x89=0x0 fs0x99=0x0 fs0xd3=0x0 fs0x107=0x5bfebc047820 fs0x123=0x7ffe44cd6248 fs0x128=0x7f fs0x147=0x6 ip_w0=0x12 ip_w1=0x4e8 ip_w2=0x7e3a ip_w3=0x99c0 ip_w4=0x3b00 ip_w5=0xe3e9 ip_w6=0xe576 ip_w7=0xe89d ip_w8=0xab01 ip_w9=0xb600 ip_w10=0xd3d9 ip_w11=0xaf0b ip_w12=0xff26 ip_w13=0xb38d ip_w14=0x1e8 ip_w15=0xf3e1 target=0x744aa1ac2241 target_off=0xc2241
[VMTAIL] site=0xb86f5 count=166 frame=0x744aa1a7836d frame_off=0x7836d vm_ip=0x744aa1d6d1db vm_ip_off=0x36d1db vm_flags=0xdb768c21 vm_state=0x7f9c5fd7 vm_byte=0x3a table=0x744aa1ac3718 table_off=0xc3718 rax=0x744aa1ac40c8 rbx=0x744aa1d6d1d9 rcx=0x744aa1d6d137 rdx=0xffffffffffffffe0 rsi=0x744aa1a78377 rdi=0x744aa1a7847c r8=0x0 r9=0x558 r10=0x0 r11=0xfffff44c5cd92e49 r12=0x744aa1ac3c70 r13=0x744aa1a9b4b3 r14=0x744aa1a7847c r15=0x744aa1a78390 rbp=0x744aa1a7836d rsp=0x7ffe44cd5c68 fs0x0=0xda3b7d9 fs0x12=0x7ffe44cd5d9000 fs0x60=0x7ffe292fae3a fs0x68=0x7ffe44cd5d90 fs0x71=0x7ffe5f12427f fs0x81=0x744a87629e91 fs0xe1=0x7820000000000062 fs0x13d=0x202 fs0x16f=0x7f9c5fd701 fs0x1e8=0x7ffe44cd5c68 fs0x13=0x7ffe44cd5d90 fs0x91=0x5bfebc047010 fs0xab=0x0 fs0xb3=0x7ffe44cd5d90 fs0xcb=0x744aa26c5000 fs0x19d=0x7ffe44cd5f0d fs0x28=0x202 fs0x38=0x5bfea9469dc8 fs0x79=0x744aa24a06c6 fs0x89=0x0 fs0x99=0x0 fs0xd3=0x7ffe44cd5f0d fs0x107=0x5bfebc047820 fs0x123=0x7ffe44cd6248 fs0x128=0x7f fs0x147=0x6 ip_w0=0x10c ip_w1=0x1c4a ip_w2=0x67ce ip_w3=0x30f ip_w4=0xe408 ip_w5=0x8f8 ip_w6=0x6c4 ip_w7=0xe8be ip_w8=0xa401 ip_w9=0xa3b4 ip_w10=0xe50a ip_w11=0x9ad3 ip_w12=0xa560 ip_w13=0xec57 ip_w14=0x9e9d ip_w15=0x1e8 target=0x744aa1a9b4b3 target_off=0x9b4b3
[VMTAIL] site=0xb86f5 count=167 frame=0x744aa1a7836d frame_off=0x7836d vm_ip=0x744aa1d6d3b3 vm_ip_off=0x36d3b3 vm_flags=0x7facad49 vm_state=0x24de0200 vm_byte=0x3a table=0x744aa1ac3718 table_off=0xc3718 rax=0x744aa1ac40c8 rbx=0x744aa1d6d3b1 rcx=0x744aa1d6d30f rdx=0xffffffffffffffe0 rsi=0x744aa1a78377 rdi=0x744aa1a7847c r8=0x0 r9=0x558 r10=0x0 r11=0xfffff44c5cd92e49 r12=0x744aa1ac3c70 r13=0x744aa1a9b4b3 r14=0x744aa1a7847c r15=0x744aa1a78390 rbp=0x744aa1a7836d rsp=0x7ffe44cd5c68 fs0x0=0xda3b7d9 fs0x12=0x7ffe44cd5d9000 fs0x60=0x6abb3e52 fs0x68=0x7ffe44cd5d90 fs0x71=0x1a44e4ef fs0x81=0x744a87629f31 fs0xe1=0x7820000000000062 fs0x13d=0x246 fs0x16f=0x24de020001 fs0x1e8=0x7ffe44cd5c68 fs0x13=0x7ffe44cd5d90 fs0x91=0x5bfebc047010 fs0xab=0x0 fs0xb3=0x0 fs0xcb=0x744aa26c5000 fs0x19d=0x7ffe44cd5f0d fs0x28=0x202 fs0x38=0x5bfea9469dc8 fs0x79=0x744aa24a0600 fs0x89=0x0 fs0x99=0x0 fs0xd3=0x0 fs0x107=0x5bfebc047820 fs0x123=0x7ffe44cd6248 fs0x128=0x7f fs0x147=0x6 ip_w0=0x9d ip_w1=0xd78f ip_w2=0x99 ip_w3=0x94d2 ip_w4=0xc88c ip_w5=0x1945 ip_w6=0x55da ip_w7=0xe89b ip_w8=0x1901 ip_w9=0xbe6a ip_w10=0xffac ip_w11=0xabda ip_w12=0xf000 ip_w13=0xf73a ip_w14=0x6c4b ip_w15=0x1e8 target=0x744aa1a9b4b3 target_off=0x9b4b3
[VMTAIL] site=0xa35dd count=168 frame=0x744aa1a7836d frame_off=0x7836d vm_ip=0x744aa1d6d524 vm_ip_off=0x36d524 vm_flags=0xc00b004 vm_state=0xd00290 vm_byte=0x62 table=0x744aa1ac3718 table_off=0xc3718 rax=0x0 rbx=0x744aa1ac4201 rcx=0x744aa1ac4013 rdx=0x177776 rsi=0x744aa1ac3d22 rdi=0x0 r8=0x744aa1a78377 r9=0xb10 r10=0x744ba1ac49df r11=0x744aa1a7847c r12=0xb0 r13=0x744aa1ac2241 r14=0x60 r15=0x200 rbp=0x744aa1a7836d rsp=0x7ffe44cd5d00 fs0x0=0x6abb3e52 fs0x12=0x7ffe44cd5d9001 fs0x60=0x6abb3e52 fs0x68=0x7ffe44cd5d90 fs0x71=0x1a44e4ef fs0x81=0x744a87629f31 fs0xe1=0x7820000000000062 fs0x13d=0x246 fs0x16f=0xd0029001 fs0x1e8=0x7ffe44cd5d00 fs0x13=0x7ffe44cd5d90 fs0x91=0x5bfebc047010 fs0xab=0x0 fs0xb3=0x0 fs0xcb=0x744aa26c5000 fs0x19d=0x7ffe44cd5f0d fs0x28=0x202 fs0x38=0x5bfea9469dc8 fs0x79=0x744aa24a0600 fs0x89=0x0 fs0x99=0x0 fs0xd3=0x0 fs0x107=0x5bfebc047820 fs0x123=0x7ffe44cd6248 fs0x128=0x7f fs0x147=0x6 ip_w0=0x72 ip_w1=0x66ca ip_w2=0xac5b ip_w3=0x8a0c ip_w4=0x620c ip_w5=0x1e8 ip_w6=0xdb5a ip_w7=0x285a ip_w8=0x8654 ip_w9=0xc258 ip_w10=0x25 ip_w11=0x13d ip_w12=0xf421 ip_w13=0x41c5 ip_w14=0x6036 ip_w15=0x2209 target=0x744aa1ac2241 target_off=0xc2241
[VMTAIL] site=0x90c21 count=169 frame=0x744aa1a7836d frame_off=0x7836d vm_ip=0x744aa1d6c9b1 vm_ip_off=0x36c9b1 vm_flags=0xf7f78a9 vm_state=0x2000028 vm_byte=0x3a table=0x744aa1ac3718 table_off=0xc3718 rax=0x744aa1ac2241 rbx=0x0 rcx=0x744aa1a7847c rdx=0xb10 rsi=0xffffffffd05443e7 rdi=0x744aa1a78377 r8=0x80000000 r9=0x744aa1a90acd r10=0x744aa1ac4228 r11=0x3a5c146b r12=0xbc0 r13=0xffff8bb55e53ce01 r14=0xbc0 r15=0x80000bc0 rbp=0x744aa1a7836d rsp=0x7ffe44cd5d00 fs0x0=0x0 fs0x12=0x7ffe44cd5d9001 fs0x60=0xbd09c0 fs0x68=0x7ffe44cd5d48 fs0x71=0x1a44e4f0 fs0x81=0x7ffe2a887859 fs0xe1=0x7820000000000062 fs0x13d=0x202 fs0x16f=0x200002800 fs0x1e8=0x7ffe44cd5d00 fs0x13=0x7ffe44cd5d90 fs0x91=0x5bfebc047010 fs0xab=0x0 fs0xb3=0x0 fs0xcb=0x744aa26c5000 fs0x19d=0x7ffe44cd5f0d fs0x28=0x202 fs0x38=0x5bfea9469dc8 fs0x79=0x744aa24a0600 fs0x89=0x0 fs0x99=0x0 fs0xd3=0x0 fs0x107=0x5bfebc047820 fs0x123=0x7ffe44cd6248 fs0x128=0x7f fs0x147=0x6 ip_w0=0xa8 ip_w1=0x68 ip_w2=0xd9e6 ip_w3=0x821c ip_w4=0xdd25 ip_w5=0xfcd1 ip_w6=0xb64 ip_w7=0x83a ip_w8=0x6842 ip_w9=0xf00 ip_w10=0x22 ip_w11=0x13d ip_w12=0x9757 ip_w13=0x5705 ip_w14=0xff5d ip_w15=0xc286 target=0x744aa1ac2241 target_off=0xc2241
[VMTAIL] site=0x9b0c5 count=170 frame=0x744aa1a7836d frame_off=0x7836d vm_ip=0x744aa1d6cacc vm_ip_off=0x36cacc vm_flags=0xc0afd315 vm_state=0xbd1668bb vm_byte=0x3a table=0x744aa1ac3718 table_off=0xc3718 rax=0x0 rbx=0x0 rcx=0x744aa1a7847c rdx=0x744aa1a78555 rsi=0x744aa1ac3c70 rdi=0x210 r8=0x558 r9=0x0 r10=0x744aa1a9b4b3 r11=0x744aa1d6cac8 r12=0x744aa1a78391 r13=0x744aa1a78377 r14=0x504aa1009480 r15=0x5bfea9469dc8 rbp=0x744aa1a7836d rsp=0x7ffe44cd5c68 fs0x0=0xda3b7d9 fs0x12=0x744aa224d16001 fs0x60=0x744aa224d160 fs0x68=0x744aa224d160 fs0x71=0x744abc69b64f fs0x81=0x744a87629e91 fs0xe1=0x7820000000000062 fs0x13d=0x202 fs0x16f=0xbd1668bb01 fs0x1e8=0x7ffe44cd5c68 fs0x13=0x744aa224d160 fs0x91=0x5bfebc047010 fs0xab=0x0 fs0xb3=0x0 fs0xcb=0x744aa26c5000 fs0x19d=0x7ffe44cd5f0d fs0x28=0x202 fs0x38=0x5bfea9469dc8 fs0x79=0x744aa24a0600 fs0x89=0x0 fs0x99=0x0 fs0xd3=0x0 fs0x107=0x5bfebc047820 fs0x123=0x7ffe44cd6248 fs0x128=0x7f fs0x147=0x6 ip_w0=0x151 ip_w1=0x91f0 ip_w2=0x99 ip_w3=0x84b4 ip_w4=0x6416 ip_w5=0xda08 ip_w6=0xeb5e ip_w7=0xe8b9 ip_w8=0x8801 ip_w9=0x7b0a ip_w10=0xf37b ip_w11=0xab ip_w12=0x93b9 ip_w13=0xdf4e ip_w14=0x1e8 ip_w15=0xc6ce target=0x744aa1a9b4b3 target_off=0x9b4b3
[VMTAIL] site=0xb86f5 count=171 frame=0x744aa1a7836d frame_off=0x7836d vm_ip=0x744aa1d6ccd7 vm_ip_off=0x36ccd7 vm_flags=0x7dffca58 vm_state=0xdea1c1d1 vm_byte=0x3a table=0x744aa1ac3718 table_off=0xc3718 rax=0x744aa1ac40c8 rbx=0x744aa1d6ccd5 rcx=0x744aa1d6cc33 rdx=0xffffffffffffffe0 rsi=0x744aa1a78377 rdi=0x744aa1a7847c r8=0x0 r9=0x528 r10=0x0 r11=0xfffff44c5cd92e49 r12=0x744aa1ac3c40 r13=0x744aa1a9a24c r14=0x744aa1a7847c r15=0x744aa1a78390 rbp=0x744aa1a7836d rsp=0x7ffe44cd5c68 fs0x0=0xda3b7d9 fs0x12=0x744aa224d16001 fs0x60=0xffffffff991fb4c3 fs0x68=0x7ffe44cd5d48 fs0x71=0x1a44e4f0 fs0x81=0x7ffe2a887859 fs0xe1=0x7820000000000062 fs0x13d=0x293 fs0x16f=0xdea1c1d101 fs0x1e8=0x7ffe44cd5c68 fs0x13=0x744aa224d160 fs0x91=0x5bfebc047010 fs0xab=0x0 fs0xb3=0x3 fs0xcb=0x744aa26c5000 fs0x19d=0x7ffe44cd5f0d fs0x28=0x202 fs0x38=0x5bfea9469dc8 fs0x79=0x744aa24a0600 fs0x89=0x0 fs0x99=0x0 fs0xd3=0x0 fs0x107=0x5bfebc047820 fs0x123=0x7ffe44cd6248 fs0x128=0x7f fs0x147=0x6 ip_w0=0x72 ip_w1=0x687b ip_w2=0xac8c ip_w3=0xefbf ip_w4=0x99 ip_w5=0xd0 ip_w6=0x20d4 ip_w7=0xe8f9 ip_w8=0x8801 ip_w9=0x960a ip_w10=0x9114 ip_w11=0xf5ff ip_w12=0x3001 ip_w13=0x4b75 ip_w14=0x144d ip_w15=0x1e8 target=0x744aa1a9a24c target_off=0x9a24c
[VMTAIL] site=0x9ba72 count=172 frame=0x744aa1a7836d frame_off=0x7836d vm_ip=0x744aa1d6cdf9 vm_ip_off=0x36cdf9 vm_flags=0x7bf18dcc vm_state=0xf5ff8a93 vm_byte=0x62 table=0x744aa1ac3718 table_off=0xc3718 rax=0x0 rbx=0x744aa1a784dd rcx=0x744aa1ac3318 rdx=0xb065c300 rsi=0x744aa1a85059 rdi=0x0 r8=0x744aa1ac3918 r9=0x744aa1a78377 r10=0xffffffffffffffa8 r11=0x744aa1ac3ba8 r12=0x812 r13=0x0 r14=0xffffffffa1fff7dc r15=0x200 rbp=0x744aa1a7836d rsp=0x7ffe44cd5d00 fs0x0=0x6abb3e53 fs0x12=0x744aa224d16000 fs0x60=0x6abb3e53 fs0x68=0x7ffe44cd5d48 fs0x71=0x1a44e4f0 fs0x81=0x744a87629ee6 fs0xe1=0x7820000000000062 fs0x13d=0x202 fs0x16f=0xf5ff8a9301 fs0x1e8=0x7ffe44cd5d00 fs0x13=0x744aa224d160 fs0x91=0x5bfebc047010 fs0xab=0x0 fs0xb3=0x1 fs0xcb=0x744aa26c5000 fs0x19d=0x7ffe44cd5f0d fs0x28=0x202 fs0x38=0x5bfea9469dc8 fs0x79=0x744aa24a0600 fs0x89=0x0 fs0x99=0x0 fs0xd3=0x0 fs0x107=0x5bfebc047820 fs0x123=0x7ffe44cd6248 fs0x128=0x7f fs0x147=0x6 ip_w0=0x8a7d ip_w1=0x729c ip_w2=0x6758 ip_w3=0x9d2e ip_w4=0x151f ip_w5=0x885f ip_w6=0x1 ip_w7=0xf012 ip_w8=0x13d ip_w9=0xd3d7 ip_w10=0xaa9b ip_w11=0x736a ip_w12=0xbe6 ip_w13=0x870c ip_w14=0x6793 ip_w15=0x2921 target=0x744aa1a85059 target_off=0x85059
[VMTAIL] site=0xb86f5 count=173 frame=0x744aa1a7836d frame_off=0x7836d vm_ip=0x744aa1d6cf84 vm_ip_off=0x36cf84 vm_flags=0x14130000 vm_state=0x3f06a1c2 vm_byte=0x3a table=0x744aa1ac3718 table_off=0xc3718 rax=0x744aa1ac40c8 rbx=0x744aa1d6cf82 rcx=0x744aa1d6cee0 rdx=0xffffffffffffffe0 rsi=0x744aa1a78377 rdi=0x744aa1a7847c r8=0x0 r9=0xb10 r10=0x0 r11=0x744aa1a68d55 r12=0x744aa1ac4228 r13=0x744aa1ac2241 r14=0x744aa1a7847c r15=0x744aa1a78390 rbp=0x744aa1a7836d rsp=0x7ffe44cd5c68 fs0x0=0xda3b7d9 fs0x12=0x5bfebc0677c000 fs0x60=0x5bfed1e4846a fs0x68=0x7ffe44cd5d48 fs0x71=0x5bfed64b5caf fs0x81=0x744a87629e91 fs0xe1=0x7820000000000062 fs0x13d=0x202 fs0x16f=0x3f06a1c201 fs0x1e8=0x7ffe44cd5c68 fs0x13=0x5bfebc0677c0 fs0x91=0x5bfebc047010 fs0xab=0x0 fs0xb3=0x5bfebc0677c0 fs0xcb=0x744aa26c5000 fs0x19d=0x1 fs0x28=0x202 fs0x38=0x5bfea9469dc8 fs0x79=0x744aa24a0600 fs0x89=0x0 fs0x99=0x0 fs0xd3=0x1 fs0x107=0x5bfebc047820 fs0x123=0x7ffe44cd6248 fs0x128=0x7f fs0x147=0x6 ip_w0=0x12 ip_w1=0x4e8 ip_w2=0x7e3a ip_w3=0x99c0 ip_w4=0x3b00 ip_w5=0xe3e9 ip_w6=0xe576 ip_w7=0xe89d ip_w8=0xab01 ip_w9=0xb600 ip_w10=0xd3d9 ip_w11=0xaf0b ip_w12=0xff26 ip_w13=0xb38d ip_w14=0x1e8 ip_w15=0xf3e1 target=0x744aa1ac2241 target_off=0xc2241
[VMTAIL] site=0xb86f5 count=174 frame=0x744aa1a7836d frame_off=0x7836d vm_ip=0x744aa1d6d1db vm_ip_off=0x36d1db vm_flags=0xdb768c21 vm_state=0x7f9c5fd7 vm_byte=0x3a table=0x744aa1ac3718 table_off=0xc3718 rax=0x744aa1ac40c8 rbx=0x744aa1d6d1d9 rcx=0x744aa1d6d137 rdx=0xffffffffffffffe0 rsi=0x744aa1a78377 rdi=0x744aa1a7847c r8=0x0 r9=0x558 r10=0x0 r11=0xfffff44c5cd92e49 r12=0x744aa1ac3c70 r13=0x744aa1a9b4b3 r14=0x744aa1a7847c r15=0x744aa1a78390 rbp=0x744aa1a7836d rsp=0x7ffe44cd5c68 fs0x0=0xda3b7d9 fs0x12=0x7ffe44cd5d9000 fs0x60=0x7ffe292fae3a fs0x68=0x7ffe44cd5d90 fs0x71=0x7ffe5f12427f fs0x81=0x744a87629e91 fs0xe1=0x7820000000000062 fs0x13d=0x202 fs0x16f=0x7f9c5fd701 fs0x1e8=0x7ffe44cd5c68 fs0x13=0x7ffe44cd5d90 fs0x91=0x5bfebc047010 fs0xab=0x0 fs0xb3=0x7ffe44cd5d90 fs0xcb=0x744aa26c5000 fs0x19d=0x7ffe44cd5f0d fs0x28=0x202 fs0x38=0x5bfea9469dc8 fs0x79=0x744aa24a0600 fs0x89=0x0 fs0x99=0x0 fs0xd3=0x7ffe44cd5f0d fs0x107=0x5bfebc047820 fs0x123=0x7ffe44cd6248 fs0x128=0x7f fs0x147=0x6 ip_w0=0x10c ip_w1=0x1c4a ip_w2=0x67ce ip_w3=0x30f ip_w4=0xe408 ip_w5=0x8f8 ip_w6=0x6c4 ip_w7=0xe8be ip_w8=0xa401 ip_w9=0xa3b4 ip_w10=0xe50a ip_w11=0x9ad3 ip_w12=0xa560 ip_w13=0xec57 ip_w14=0x9e9d ip_w15=0x1e8 target=0x744aa1a9b4b3 target_off=0x9b4b3
[VMTAIL] site=0xb86f5 count=175 frame=0x744aa1a7836d frame_off=0x7836d vm_ip=0x744aa1d6d3b3 vm_ip_off=0x36d3b3 vm_flags=0x7facad49 vm_state=0x24de0200 vm_byte=0x3a table=0x744aa1ac3718 table_off=0xc3718 rax=0x744aa1ac40c8 rbx=0x744aa1d6d3b1 rcx=0x744aa1d6d30f rdx=0xffffffffffffffe0 rsi=0x744aa1a78377 rdi=0x744aa1a7847c r8=0x0 r9=0x558 r10=0x0 r11=0xfffff44c5cd92e49 r12=0x744aa1ac3c70 r13=0x744aa1a9b4b3 r14=0x744aa1a7847c r15=0x744aa1a78390 rbp=0x744aa1a7836d rsp=0x7ffe44cd5c68 fs0x0=0xda3b7d9 fs0x12=0x7ffe44cd5d9000 fs0x60=0x6abb3e52 fs0x68=0x7ffe44cd5d90 fs0x71=0x1a44e4ef fs0x81=0x744a87629f31 fs0xe1=0x7820000000000062 fs0x13d=0x246 fs0x16f=0x24de020001 fs0x1e8=0x7ffe44cd5c68 fs0x13=0x7ffe44cd5d90 fs0x91=0x5bfebc047010 fs0xab=0x0 fs0xb3=0x0 fs0xcb=0x744aa26c5000 fs0x19d=0x7ffe44cd5f0d fs0x28=0x202 fs0x38=0x5bfea9469dc8 fs0x79=0x744aa24a0600 fs0x89=0x0 fs0x99=0x0 fs0xd3=0x0 fs0x107=0x5bfebc047820 fs0x123=0x7ffe44cd6248 fs0x128=0x7f fs0x147=0x6 ip_w0=0x9d ip_w1=0xd78f ip_w2=0x99 ip_w3=0x94d2 ip_w4=0xc88c ip_w5=0x1945 ip_w6=0x55da ip_w7=0xe89b ip_w8=0x1901 ip_w9=0xbe6a ip_w10=0xffac ip_w11=0xabda ip_w12=0xf000 ip_w13=0xf73a ip_w14=0x6c4b ip_w15=0x1e8 target=0x744aa1a9b4b3 target_off=0x9b4b3
[VMTAIL] site=0xa35dd count=176 frame=0x744aa1a7836d frame_off=0x7836d vm_ip=0x744aa1d6d524 vm_ip_off=0x36d524 vm_flags=0xc00b004 vm_state=0xd00290 vm_byte=0x62 table=0x744aa1ac3718 table_off=0xc3718 rax=0x0 rbx=0x744aa1ac4201 rcx=0x744aa1ac4013 rdx=0x177776 rsi=0x744aa1ac3d22 rdi=0x0 r8=0x744aa1a78377 r9=0xb10 r10=0x744ba1ac49df r11=0x744aa1a7847c r12=0xb0 r13=0x744aa1ac2241 r14=0x60 r15=0x200 rbp=0x744aa1a7836d rsp=0x7ffe44cd5d00 fs0x0=0x6abb3e52 fs0x12=0x7ffe44cd5d9001 fs0x60=0x6abb3e52 fs0x68=0x7ffe44cd5d90 fs0x71=0x1a44e4ef fs0x81=0x744a87629f31 fs0xe1=0x7820000000000062 fs0x13d=0x246 fs0x16f=0xd0029001 fs0x1e8=0x7ffe44cd5d00 fs0x13=0x7ffe44cd5d90 fs0x91=0x5bfebc047010 fs0xab=0x0 fs0xb3=0x0 fs0xcb=0x744aa26c5000 fs0x19d=0x7ffe44cd5f0d fs0x28=0x202 fs0x38=0x5bfea9469dc8 fs0x79=0x744aa24a0600 fs0x89=0x0 fs0x99=0x0 fs0xd3=0x0 fs0x107=0x5bfebc047820 fs0x123=0x7ffe44cd6248 fs0x128=0x7f fs0x147=0x6 ip_w0=0x72 ip_w1=0x66ca ip_w2=0xac5b ip_w3=0x8a0c ip_w4=0x620c ip_w5=0x1e8 ip_w6=0xdb5a ip_w7=0x285a ip_w8=0x8654 ip_w9=0xc258 ip_w10=0x25 ip_w11=0x13d ip_w12=0xf421 ip_w13=0x41c5 ip_w14=0x6036 ip_w15=0x2209 target=0x744aa1ac2241 target_off=0xc2241
[VMTAIL] site=0x90c21 count=177 frame=0x744aa1a7836d frame_off=0x7836d vm_ip=0x744aa1d6c9b1 vm_ip_off=0x36c9b1 vm_flags=0xf7f78a9 vm_state=0x2000028 vm_byte=0x3a table=0x744aa1ac3718 table_off=0xc3718 rax=0x744aa1ac2241 rbx=0x0 rcx=0x744aa1a7847c rdx=0xb10 rsi=0xffffffffd05443e7 rdi=0x744aa1a78377 r8=0x80000000 r9=0x744aa1a90acd r10=0x744aa1ac4228 r11=0x3a5c146b r12=0xbc0 r13=0xffff8bb55e53ce01 r14=0xbc0 r15=0x80000bc0 rbp=0x744aa1a7836d rsp=0x7ffe44cd5d00 fs0x0=0x1 fs0x12=0x7ffe44cd5d9001 fs0x60=0xbd09c0 fs0x68=0x7ffe44cd5d48 fs0x71=0x1a44e4f1 fs0x81=0x7ffe2a887859 fs0xe1=0x7820000000000062 fs0x13d=0x202 fs0x16f=0x200002800 fs0x1e8=0x7ffe44cd5d00 fs0x13=0x7ffe44cd5d90 fs0x91=0x5bfebc047010 fs0xab=0x0 fs0xb3=0x0 fs0xcb=0x744aa26c5000 fs0x19d=0x7ffe44cd5f0d fs0x28=0x202 fs0x38=0x5bfea9469dc8 fs0x79=0x744aa24a0600 fs0x89=0x0 fs0x99=0x0 fs0xd3=0x0 fs0x107=0x5bfebc047820 fs0x123=0x7ffe44cd6248 fs0x128=0x7f fs0x147=0x6 ip_w0=0xa8 ip_w1=0x68 ip_w2=0xd9e6 ip_w3=0x821c ip_w4=0xdd25 ip_w5=0xfcd1 ip_w6=0xb64 ip_w7=0x83a ip_w8=0x6842 ip_w9=0xf00 ip_w10=0x22 ip_w11=0x13d ip_w12=0x9757 ip_w13=0x5705 ip_w14=0xff5d ip_w15=0xc286 target=0x744aa1ac2241 target_off=0xc2241
[VMTAIL] site=0x9b0c5 count=178 frame=0x744aa1a7836d frame_off=0x7836d vm_ip=0x744aa1d6cacc vm_ip_off=0x36cacc vm_flags=0xc0afd315 vm_state=0xbd1668bb vm_byte=0x3a table=0x744aa1ac3718 table_off=0xc3718 rax=0x0 rbx=0x0 rcx=0x744aa1a7847c rdx=0x744aa1a78555 rsi=0x744aa1ac3c70 rdi=0x210 r8=0x558 r9=0x0 r10=0x744aa1a9b4b3 r11=0x744aa1d6cac8 r12=0x744aa1a78391 r13=0x744aa1a78377 r14=0x504aa1009480 r15=0x5bfea9469dc8 rbp=0x744aa1a7836d rsp=0x7ffe44cd5c68 fs0x0=0xda3b7d9 fs0x12=0x744aa224d16001 fs0x60=0x744aa224d160 fs0x68=0x744aa224d160 fs0x71=0x744abc69b64f fs0x81=0x744a87629e91 fs0xe1=0x7820000000000062 fs0x13d=0x202 fs0x16f=0xbd1668bb01 fs0x1e8=0x7ffe44cd5c68 fs0x13=0x744aa224d160 fs0x91=0x5bfebc047010 fs0xab=0x0 fs0xb3=0x0 fs0xcb=0x744aa26c5000 fs0x19d=0x7ffe44cd5f0d fs0x28=0x202 fs0x38=0x5bfea9469dc8 fs0x79=0x744aa24a0600 fs0x89=0x0 fs0x99=0x0 fs0xd3=0x0 fs0x107=0x5bfebc047820 fs0x123=0x7ffe44cd6248 fs0x128=0x7f fs0x147=0x6 ip_w0=0x151 ip_w1=0x91f0 ip_w2=0x99 ip_w3=0x84b4 ip_w4=0x6416 ip_w5=0xda08 ip_w6=0xeb5e ip_w7=0xe8b9 ip_w8=0x8801 ip_w9=0x7b0a ip_w10=0xf37b ip_w11=0xab ip_w12=0x93b9 ip_w13=0xdf4e ip_w14=0x1e8 ip_w15=0xc6ce target=0x744aa1a9b4b3 target_off=0x9b4b3
[VMTAIL] site=0xb86f5 count=179 frame=0x744aa1a7836d frame_off=0x7836d vm_ip=0x744aa1d6ccd7 vm_ip_off=0x36ccd7 vm_flags=0x7dffca58 vm_state=0xdea1c1d1 vm_byte=0x3a table=0x744aa1ac3718 table_off=0xc3718 rax=0x744aa1ac40c8 rbx=0x744aa1d6ccd5 rcx=0x744aa1d6cc33 rdx=0xffffffffffffffe0 rsi=0x744aa1a78377 rdi=0x744aa1a7847c r8=0x0 r9=0x528 r10=0x0 r11=0xfffff44c5cd92e49 r12=0x744aa1ac3c40 r13=0x744aa1a9a24c r14=0x744aa1a7847c r15=0x744aa1a78390 rbp=0x744aa1a7836d rsp=0x7ffe44cd5c68 fs0x0=0xda3b7d9 fs0x12=0x744aa224d16001 fs0x60=0xffffffff991fb4c3 fs0x68=0x7ffe44cd5d48 fs0x71=0x1a44e4f1 fs0x81=0x7ffe2a887859 fs0xe1=0x7820000000000062 fs0x13d=0x297 fs0x16f=0xdea1c1d101 fs0x1e8=0x7ffe44cd5c68 fs0x13=0x744aa224d160 fs0x91=0x5bfebc047010 fs0xab=0x0 fs0xb3=0x3 fs0xcb=0x744aa26c5000 fs0x19d=0x7ffe44cd5f0d fs0x28=0x202 fs0x38=0x5bfea9469dc8 fs0x79=0x744aa24a0600 fs0x89=0x0 fs0x99=0x0 fs0xd3=0x0 fs0x107=0x5bfebc047820 fs0x123=0x7ffe44cd6248 fs0x128=0x7f fs0x147=0x6 ip_w0=0x72 ip_w1=0x687b ip_w2=0xac8c ip_w3=0xefbf ip_w4=0x99 ip_w5=0xd0 ip_w6=0x20d4 ip_w7=0xe8f9 ip_w8=0x8801 ip_w9=0x960a ip_w10=0x9114 ip_w11=0xf5ff ip_w12=0x3001 ip_w13=0x4b75 ip_w14=0x144d ip_w15=0x1e8 target=0x744aa1a9a24c target_off=0x9a24c
[VMTAIL] site=0x9ba72 count=180 frame=0x744aa1a7836d frame_off=0x7836d vm_ip=0x744aa1d6cdf9 vm_ip_off=0x36cdf9 vm_flags=0x7bf18dcc vm_state=0xf5ff8a93 vm_byte=0x62 table=0x744aa1ac3718 table_off=0xc3718 rax=0x0 rbx=0x744aa1a784dd rcx=0x744aa1ac3318 rdx=0xb065c300 rsi=0x744aa1a85059 rdi=0x0 r8=0x744aa1ac3918 r9=0x744aa1a78377 r10=0xffffffffffffffa8 r11=0x744aa1ac3ba8 r12=0x812 r13=0x0 r14=0xffffffffa1fff7dc r15=0x200 rbp=0x744aa1a7836d rsp=0x7ffe44cd5d00 fs0x0=0x6abb3e53 fs0x12=0x744aa224d16000 fs0x60=0x6abb3e53 fs0x68=0x7ffe44cd5d48 fs0x71=0x1a44e4f0 fs0x81=0x744a87629ee6 fs0xe1=0x7820000000000062 fs0x13d=0x202 fs0x16f=0xf5ff8a9301 fs0x1e8=0x7ffe44cd5d00 fs0x13=0x744aa224d160 fs0x91=0x5bfebc047010 fs0xab=0x0 fs0xb3=0x1 fs0xcb=0x744aa26c5000 fs0x19d=0x7ffe44cd5f0d fs0x28=0x202 fs0x38=0x5bfea9469dc8 fs0x79=0x744aa24a0600 fs0x89=0x0 fs0x99=0x0 fs0xd3=0x0 fs0x107=0x5bfebc047820 fs0x123=0x7ffe44cd6248 fs0x128=0x7f fs0x147=0x6 ip_w0=0x8a7d ip_w1=0x729c ip_w2=0x6758 ip_w3=0x9d2e ip_w4=0x151f ip_w5=0x885f ip_w6=0x1 ip_w7=0xf012 ip_w8=0x13d ip_w9=0xd3d7 ip_w10=0xaa9b ip_w11=0x736a ip_w12=0xbe6 ip_w13=0x870c ip_w14=0x6793 ip_w15=0x2921 target=0x744aa1a85059 target_off=0x85059
[VMTAIL] site=0xb86f5 count=181 frame=0x744aa1a7836d frame_off=0x7836d vm_ip=0x744aa1d6cf84 vm_ip_off=0x36cf84 vm_flags=0x14130000 vm_state=0x3f06a1c2 vm_byte=0x3a table=0x744aa1ac3718 table_off=0xc3718 rax=0x744aa1ac40c8 rbx=0x744aa1d6cf82 rcx=0x744aa1d6cee0 rdx=0xffffffffffffffe0 rsi=0x744aa1a78377 rdi=0x744aa1a7847c r8=0x0 r9=0xb10 r10=0x0 r11=0x744aa1a68d54 r12=0x744aa1ac4228 r13=0x744aa1ac2241 r14=0x744aa1a7847c r15=0x744aa1a78390 rbp=0x744aa1a7836d rsp=0x7ffe44cd5c68 fs0x0=0xda3b7d9 fs0x12=0x5bfebc0677c000 fs0x60=0x5bfed1e4846a fs0x68=0x7ffe44cd5d48 fs0x71=0x5bfed64b5caf fs0x81=0x744a87629e91 fs0xe1=0x7820000000000062 fs0x13d=0x202 fs0x16f=0x3f06a1c201 fs0x1e8=0x7ffe44cd5c68 fs0x13=0x5bfebc0677c0 fs0x91=0x5bfebc047010 fs0xab=0x0 fs0xb3=0x5bfebc0677c0 fs0xcb=0x744aa26c5000 fs0x19d=0x2 fs0x28=0x202 fs0x38=0x5bfea9469dc8 fs0x79=0x744aa24a0600 fs0x89=0x0 fs0x99=0x0 fs0xd3=0x2 fs0x107=0x5bfebc047820 fs0x123=0x7ffe44cd6248 fs0x128=0x7f fs0x147=0x6 ip_w0=0x12 ip_w1=0x4e8 ip_w2=0x7e3a ip_w3=0x99c0 ip_w4=0x3b00 ip_w5=0xe3e9 ip_w6=0xe576 ip_w7=0xe89d ip_w8=0xab01 ip_w9=0xb600 ip_w10=0xd3d9 ip_w11=0xaf0b ip_w12=0xff26 ip_w13=0xb38d ip_w14=0x1e8 ip_w15=0xf3e1 target=0x744aa1ac2241 target_off=0xc2241
[VMTAIL] site=0xb86f5 count=182 frame=0x744aa1a7836d frame_off=0x7836d vm_ip=0x744aa1d6d1db vm_ip_off=0x36d1db vm_flags=0xdb768c21 vm_state=0x7f9c5fd7 vm_byte=0x3a table=0x744aa1ac3718 table_off=0xc3718 rax=0x744aa1ac40c8 rbx=0x744aa1d6d1d9 rcx=0x744aa1d6d137 rdx=0xffffffffffffffe0 rsi=0x744aa1a78377 rdi=0x744aa1a7847c r8=0x0 r9=0x558 r10=0x0 r11=0xfffff44c5cd92e49 r12=0x744aa1ac3c70 r13=0x744aa1a9b4b3 r14=0x744aa1a7847c r15=0x744aa1a78390 rbp=0x744aa1a7836d rsp=0x7ffe44cd5c68 fs0x0=0xda3b7d9 fs0x12=0x7ffe44cd5d9000 fs0x60=0x7ffe292fae3a fs0x68=0x7ffe44cd5d90 fs0x71=0x7ffe5f12427f fs0x81=0x744a87629e91 fs0xe1=0x7820000000000062 fs0x13d=0x202 fs0x16f=0x7f9c5fd701 fs0x1e8=0x7ffe44cd5c68 fs0x13=0x7ffe44cd5d90 fs0x91=0x5bfebc047010 fs0xab=0x0 fs0xb3=0x7ffe44cd5d90 fs0xcb=0x744aa26c5000 fs0x19d=0x7ffe44cd5f0d fs0x28=0x202 fs0x38=0x5bfea9469dc8 fs0x79=0x744aa24a0600 fs0x89=0x0 fs0x99=0x0 fs0xd3=0x7ffe44cd5f0d fs0x107=0x5bfebc047820 fs0x123=0x7ffe44cd6248 fs0x128=0x7f fs0x147=0x6 ip_w0=0x10c ip_w1=0x1c4a ip_w2=0x67ce ip_w3=0x30f ip_w4=0xe408 ip_w5=0x8f8 ip_w6=0x6c4 ip_w7=0xe8be ip_w8=0xa401 ip_w9=0xa3b4 ip_w10=0xe50a ip_w11=0x9ad3 ip_w12=0xa560 ip_w13=0xec57 ip_w14=0x9e9d ip_w15=0x1e8 target=0x744aa1a9b4b3 target_off=0x9b4b3
[VMTAIL] site=0xb86f5 count=183 frame=0x744aa1a7836d frame_off=0x7836d vm_ip=0x744aa1d6d3b3 vm_ip_off=0x36d3b3 vm_flags=0x7facad49 vm_state=0x24de0200 vm_byte=0x3a table=0x744aa1ac3718 table_off=0xc3718 rax=0x744aa1ac40c8 rbx=0x744aa1d6d3b1 rcx=0x744aa1d6d30f rdx=0xffffffffffffffe0 rsi=0x744aa1a78377 rdi=0x744aa1a7847c r8=0x0 r9=0x558 r10=0x0 r11=0xfffff44c5cd92e49 r12=0x744aa1ac3c70 r13=0x744aa1a9b4b3 r14=0x744aa1a7847c r15=0x744aa1a78390 rbp=0x744aa1a7836d rsp=0x7ffe44cd5c68 fs0x0=0xda3b7d9 fs0x12=0x7ffe44cd5d9000 fs0x60=0x6abb3e52 fs0x68=0x7ffe44cd5d90 fs0x71=0x1a44e4ef fs0x81=0x744a87629f31 fs0xe1=0x7820000000000062 fs0x13d=0x246 fs0x16f=0x24de020001 fs0x1e8=0x7ffe44cd5c68 fs0x13=0x7ffe44cd5d90 fs0x91=0x5bfebc047010 fs0xab=0x0 fs0xb3=0x0 fs0xcb=0x744aa26c5000 fs0x19d=0x7ffe44cd5f0d fs0x28=0x202 fs0x38=0x5bfea9469dc8 fs0x79=0x744aa24a0600 fs0x89=0x0 fs0x99=0x0 fs0xd3=0x0 fs0x107=0x5bfebc047820 fs0x123=0x7ffe44cd6248 fs0x128=0x7f fs0x147=0x6 ip_w0=0x9d ip_w1=0xd78f ip_w2=0x99 ip_w3=0x94d2 ip_w4=0xc88c ip_w5=0x1945 ip_w6=0x55da ip_w7=0xe89b ip_w8=0x1901 ip_w9=0xbe6a ip_w10=0xffac ip_w11=0xabda ip_w12=0xf000 ip_w13=0xf73a ip_w14=0x6c4b ip_w15=0x1e8 target=0x744aa1a9b4b3 target_off=0x9b4b3
[VMTAIL] site=0xa35dd count=184 frame=0x744aa1a7836d frame_off=0x7836d vm_ip=0x744aa1d6d524 vm_ip_off=0x36d524 vm_flags=0xc00b004 vm_state=0xd00290 vm_byte=0x62 table=0x744aa1ac3718 table_off=0xc3718 rax=0x0 rbx=0x744aa1ac4201 rcx=0x744aa1ac4013 rdx=0x177776 rsi=0x744aa1ac3d22 rdi=0x0 r8=0x744aa1a78377 r9=0xb10 r10=0x744ba1ac49df r11=0x744aa1a7847c r12=0xb0 r13=0x744aa1ac2241 r14=0x60 r15=0x200 rbp=0x744aa1a7836d rsp=0x7ffe44cd5d00 fs0x0=0x6abb3e52 fs0x12=0x7ffe44cd5d9001 fs0x60=0x6abb3e52 fs0x68=0x7ffe44cd5d90 fs0x71=0x1a44e4ef fs0x81=0x744a87629f31 fs0xe1=0x7820000000000062 fs0x13d=0x246 fs0x16f=0xd0029001 fs0x1e8=0x7ffe44cd5d00 fs0x13=0x7ffe44cd5d90 fs0x91=0x5bfebc047010 fs0xab=0x0 fs0xb3=0x0 fs0xcb=0x744aa26c5000 fs0x19d=0x7ffe44cd5f0d fs0x28=0x202 fs0x38=0x5bfea9469dc8 fs0x79=0x744aa24a0600 fs0x89=0x0 fs0x99=0x0 fs0xd3=0x0 fs0x107=0x5bfebc047820 fs0x123=0x7ffe44cd6248 fs0x128=0x7f fs0x147=0x6 ip_w0=0x72 ip_w1=0x66ca ip_w2=0xac5b ip_w3=0x8a0c ip_w4=0x620c ip_w5=0x1e8 ip_w6=0xdb5a ip_w7=0x285a ip_w8=0x8654 ip_w9=0xc258 ip_w10=0x25 ip_w11=0x13d ip_w12=0xf421 ip_w13=0x41c5 ip_w14=0x6036 ip_w15=0x2209 target=0x744aa1ac2241 target_off=0xc2241
[VMTAIL] site=0x90c21 count=185 frame=0x744aa1a7836d frame_off=0x7836d vm_ip=0x744aa1d6c9b1 vm_ip_off=0x36c9b1 vm_flags=0xf7f78a9 vm_state=0x2000028 vm_byte=0x3a table=0x744aa1ac3718 table_off=0xc3718 rax=0x744aa1ac2241 rbx=0x0 rcx=0x744aa1a7847c rdx=0xb10 rsi=0xffffffffd05443e7 rdi=0x744aa1a78377 r8=0x80000000 r9=0x744aa1a90acd r10=0x744aa1ac4228 r11=0x3a5c146b r12=0xbc0 r13=0xffff8bb55e53ce01 r14=0xbc0 r15=0x80000bc0 rbp=0x744aa1a7836d rsp=0x7ffe44cd5d00 fs0x0=0x2 fs0x12=0x7ffe44cd5d9001 fs0x60=0xbd09c0 fs0x68=0x7ffe44cd5d48 fs0x71=0x1a44e4f2 fs0x81=0x7ffe2a887859 fs0xe1=0x7820000000000062 fs0x13d=0x206 fs0x16f=0x200002800 fs0x1e8=0x7ffe44cd5d00 fs0x13=0x7ffe44cd5d90 fs0x91=0x5bfebc047010 fs0xab=0x0 fs0xb3=0x0 fs0xcb=0x744aa26c5000 fs0x19d=0x7ffe44cd5f0d fs0x28=0x202 fs0x38=0x5bfea9469dc8 fs0x79=0x744aa24a0600 fs0x89=0x0 fs0x99=0x0 fs0xd3=0x0 fs0x107=0x5bfebc047820 fs0x123=0x7ffe44cd6248 fs0x128=0x7f fs0x147=0x6 ip_w0=0xa8 ip_w1=0x68 ip_w2=0xd9e6 ip_w3=0x821c ip_w4=0xdd25 ip_w5=0xfcd1 ip_w6=0xb64 ip_w7=0x83a ip_w8=0x6842 ip_w9=0xf00 ip_w10=0x22 ip_w11=0x13d ip_w12=0x9757 ip_w13=0x5705 ip_w14=0xff5d ip_w15=0xc286 target=0x744aa1ac2241 target_off=0xc2241
[VMTAIL] site=0x9b0c5 count=186 frame=0x744aa1a7836d frame_off=0x7836d vm_ip=0x744aa1d6cacc vm_ip_off=0x36cacc vm_flags=0xc0afd315 vm_state=0xbd1668bb vm_byte=0x3a table=0x744aa1ac3718 table_off=0xc3718 rax=0x0 rbx=0x0 rcx=0x744aa1a7847c rdx=0x744aa1a78555 rsi=0x744aa1ac3c70 rdi=0x210 r8=0x558 r9=0x0 r10=0x744aa1a9b4b3 r11=0x744aa1d6cac8 r12=0x744aa1a78391 r13=0x744aa1a78377 r14=0x504aa1009480 r15=0x5bfea9469dc8 rbp=0x744aa1a7836d rsp=0x7ffe44cd5c68 fs0x0=0xda3b7d9 fs0x12=0x744aa224d16001 fs0x60=0x744aa224d160 fs0x68=0x744aa224d160 fs0x71=0x744abc69b64f fs0x81=0x744a87629e91 fs0xe1=0x7820000000000062 fs0x13d=0x206 fs0x16f=0xbd1668bb01 fs0x1e8=0x7ffe44cd5c68 fs0x13=0x744aa224d160 fs0x91=0x5bfebc047010 fs0xab=0x0 fs0xb3=0x0 fs0xcb=0x744aa26c5000 fs0x19d=0x7ffe44cd5f0d fs0x28=0x202 fs0x38=0x5bfea9469dc8 fs0x79=0x744aa24a0600 fs0x89=0x0 fs0x99=0x0 fs0xd3=0x0 fs0x107=0x5bfebc047820 fs0x123=0x7ffe44cd6248 fs0x128=0x7f fs0x147=0x6 ip_w0=0x151 ip_w1=0x91f0 ip_w2=0x99 ip_w3=0x84b4 ip_w4=0x6416 ip_w5=0xda08 ip_w6=0xeb5e ip_w7=0xe8b9 ip_w8=0x8801 ip_w9=0x7b0a ip_w10=0xf37b ip_w11=0xab ip_w12=0x93b9 ip_w13=0xdf4e ip_w14=0x1e8 ip_w15=0xc6ce target=0x744aa1a9b4b3 target_off=0x9b4b3
[VMTAIL] site=0xb86f5 count=187 frame=0x744aa1a7836d frame_off=0x7836d vm_ip=0x744aa1d6ccd7 vm_ip_off=0x36ccd7 vm_flags=0x7dffca58 vm_state=0xdea1c1d1 vm_byte=0x3a table=0x744aa1ac3718 table_off=0xc3718 rax=0x744aa1ac40c8 rbx=0x744aa1d6ccd5 rcx=0x744aa1d6cc33 rdx=0xffffffffffffffe0 rsi=0x744aa1a78377 rdi=0x744aa1a7847c r8=0x0 r9=0x528 r10=0x0 r11=0xfffff44c5cd92e49 r12=0x744aa1ac3c40 r13=0x744aa1a9a24c r14=0x744aa1a7847c r15=0x744aa1a78390 rbp=0x744aa1a7836d rsp=0x7ffe44cd5c68 fs0x0=0xda3b7d9 fs0x12=0x744aa224d16001 fs0x60=0xffffffff991fb4c3 fs0x68=0x7ffe44cd5d48 fs0x71=0x1a44e4f2 fs0x81=0x7ffe2a887859 fs0xe1=0x7820000000000062 fs0x13d=0x246 fs0x16f=0xdea1c1d101 fs0x1e8=0x7ffe44cd5c68 fs0x13=0x744aa224d160 fs0x91=0x5bfebc047010 fs0xab=0x0 fs0xb3=0x3 fs0xcb=0x744aa26c5000 fs0x19d=0x7ffe44cd5f0d fs0x28=0x202 fs0x38=0x5bfea9469dc8 fs0x79=0x744aa24a0600 fs0x89=0x0 fs0x99=0x0 fs0xd3=0x0 fs0x107=0x5bfebc047820 fs0x123=0x7ffe44cd6248 fs0x128=0x7f fs0x147=0x6 ip_w0=0x72 ip_w1=0x687b ip_w2=0xac8c ip_w3=0xefbf ip_w4=0x99 ip_w5=0xd0 ip_w6=0x20d4 ip_w7=0xe8f9 ip_w8=0x8801 ip_w9=0x960a ip_w10=0x9114 ip_w11=0xf5ff ip_w12=0x3001 ip_w13=0x4b75 ip_w14=0x144d ip_w15=0x1e8 target=0x744aa1a9a24c target_off=0x9a24c
[VMTAIL] site=0xbe55b count=188 frame=0x744aa1a7836d frame_off=0x7836d vm_ip=0x744aa1d6d579 vm_ip_off=0x36d579 vm_flags=0x64e09f3 vm_state=0x70010260 vm_byte=0x62 table=0x744aa1ac3718 table_off=0xc3718 rax=0x744aa1a78377 rbx=0x744aa1d6cdec rcx=0x744aa1a7a580 rdx=0x744aa1ac2241 rsi=0xb10 rdi=0x744a21a783a2 r8=0x744aa22a9ac4 r9=0x0 r10=0xffffffff800000fd r11=0x246 r12=0x744aa1ac4201 r13=0x744aa1a7837f r14=0x791 r15=0x744aa1a7847c rbp=0x744aa1a7836d rsp=0x7ffe44cd5d00 fs0x0=0x6abb3e52 fs0x12=0x744aa224d16001 fs0x60=0x6abb3e52 fs0x68=0x7ffe44cd5d48 fs0x71=0x1a44e4ef fs0x81=0x744a87629f31 fs0xe1=0x7820000000000062 fs0x13d=0x246 fs0x16f=0x7001026001 fs0x1e8=0x7ffe44cd5d00 fs0x13=0x744aa224d160 fs0x91=0x5bfebc047010 fs0xab=0x0 fs0xb3=0x0 fs0xcb=0x744aa26c5000 fs0x19d=0x7ffe44cd5f0d fs0x28=0x202 fs0x38=0x5bfea9469dc8 fs0x79=0x744aa24a0600 fs0x89=0x0 fs0x99=0x0 fs0xd3=0x0 fs0x107=0x5bfebc047820 fs0x123=0x7ffe44cd6248 fs0x128=0x7f fs0x147=0x6 ip_w0=0xd7 ip_w1=0xa68 ip_w2=0x7388 ip_w3=0x68f7 ip_w4=0xe00 ip_w5=0x22e7 ip_w6=0x5ab1 ip_w7=0xe808 ip_w8=0x8a01 ip_w9=0x6815 ip_w10=0xf700 ip_w11=0x1f ip_w12=0x13d ip_w13=0x898f ip_w14=0x390 ip_w15=0xfed0 target=0x744aa1ac2241 target_off=0xc2241
[VMTAIL] site=0x9b0c5 count=189 frame=0x744aa1a7836d frame_off=0x7836d vm_ip=0x744aa1d6d6a9 vm_ip_off=0x36d6a9 vm_flags=0xb0053f08 vm_state=0x388b30b9 vm_byte=0x3a table=0x744aa1ac3718 table_off=0xc3718 rax=0x0 rbx=0x400 rcx=0x744aa1a7847c rdx=0x744aa1a78555 rsi=0x744aa1ac4228 rdi=0x210 r8=0xb10 r9=0x0 r10=0x744aa1ac2241 r11=0x744aa1d6d6a5 r12=0x744aa1a78391 r13=0x744aa1a78377 r14=0x504aa1040040 r15=0x5bfea9469dc8 rbp=0x744aa1a7836d rsp=0x7ffe44cd5c68 fs0x0=0xda3b7d9 fs0x12=0x301 fs0x60=0x11946a6a fs0x68=0x7ffe44cd5d10 fs0x71=0x1a44e4f2 fs0x81=0x744a87629e91 fs0xe1=0x7820000000000062 fs0x13d=0x246 fs0x16f=0x388b30b901 fs0x1e8=0x7ffe44cd5c68 fs0x13=0x3 fs0x91=0x5bfebc047010 fs0xab=0x0 fs0xb3=0x3 fs0xcb=0x744aa26c5000 fs0x19d=0x7ffe44cd5f0d fs0x28=0x202 fs0x38=0x5bfea9469dc8 fs0x79=0x744aa24a0600 fs0x89=0x0 fs0x99=0x0 fs0xd3=0x0 fs0x107=0x5bfebc047820 fs0x123=0x7ffe44cd6248 fs0x128=0x7f fs0x147=0x6 ip_w0=0x102 ip_w1=0xc54e ip_w2=0x7607 ip_w3=0x98e7 ip_w4=0xbb35 ip_w5=0x9d8 ip_w6=0xe8ec ip_w7=0xb901 ip_w8=0x93f5 ip_w9=0x3a1d ip_w10=0xb210 ip_w11=0xe110 ip_w12=0xaaea ip_w13=0xcfdc ip_w14=0x1e8 ip_w15=0xcc7c target=0x744aa1ac2241 target_off=0xc2241
[VMTAIL] site=0xb86f5 count=190 frame=0x744aa1a7836d frame_off=0x7836d vm_ip=0x744aa1d6d93a vm_ip_off=0x36d93a vm_flags=0x5802c44 vm_state=0xc00169dd vm_byte=0x3a table=0x744aa1ac3718 table_off=0xc3718 rax=0x744aa1ac40c8 rbx=0x744aa1d6d938 rcx=0x744aa1d6d896 rdx=0xffffffffffffffe0 rsi=0x744aa1a78377 rdi=0x744aa1a7847c r8=0x0 r9=0x528 r10=0x0 r11=0x744aa1a68d56 r12=0x744aa1ac3c40 r13=0x744aa1a9a24c r14=0x744aa1a7847c r15=0x744aa1a78390 rbp=0x744aa1a7836d rsp=0x7ffe44cd5c68 fs0x0=0xda3b7d9 fs0x12=0x7ffe44cd5d6001 fs0x60=0x7ffe44cd5d60 fs0x68=0x7ffe44cd5d20 fs0x71=0x7ffe5f12424f fs0x81=0x744a87629e91 fs0xe1=0x7820000000000062 fs0x13d=0x206 fs0x16f=0xc00169dd01 fs0x1e8=0x7ffe44cd5c68 fs0x13=0x7ffe44cd5d60 fs0x91=0x0 fs0xab=0x0 fs0xb3=0x7ffe44cd5d60 fs0xcb=0x744aa26c5000 fs0x19d=0x29 fs0x28=0x202 fs0x38=0x5bfea9469dc8 fs0x79=0x744aa24a06c6 fs0x89=0x0 fs0x99=0x0 fs0xd3=0x0 fs0x107=0x5bfebc047820 fs0x123=0x7ffe44cd6248 fs0x128=0x7f fs0x147=0x6 ip_w0=0x40 ip_w1=0xa79d ip_w2=0x99 ip_w3=0x6407 ip_w4=0x258a ip_w5=0x515a ip_w6=0x3521 ip_w7=0xe81a ip_w8=0x2001 ip_w9=0x3a88 ip_w10=0x220a ip_w11=0xe0ac ip_w12=0xf764 ip_w13=0xcf89 ip_w14=0x973d ip_w15=0x1e8 target=0x744aa1a9a24c target_off=0x9a24c
[VMTAIL] site=0x8173b count=191 frame=0x744aa1a7836d frame_off=0x7836d vm_ip=0x744aa1d6ecdc vm_ip_off=0x36ecdc vm_flags=0xe37ca780 vm_state=0x95626080 vm_byte=0x3a table=0x744aa1ac3718 table_off=0xc3718 rax=0x744aa1ab8556 rbx=0x800 rcx=0x744aa1ac40c8 rdx=0x744aa1a78390 rsi=0x744aa26c4650 rdi=0x744aa1a78390 r8=0x744aa1a7847c r9=0x0 r10=0x804 r11=0x202 r12=0x7fffffff r13=0x744aa1a78377 r14=0x744aa26c4650 r15=0x10 rbp=0x744aa1a7836d rsp=0x7ffe44cd58c8 fs0x0=0xda3b7d9 fs0x12=0x7ffe44cd5d6000 fs0x60=0x39ed5bae fs0x68=0x7ffe44cd5d20 fs0x71=0x1a44e4ef fs0x81=0x744a87629f31 fs0xe1=0x7820000000000062 fs0x13d=0x246 fs0x16f=0x9562608001 fs0x1e8=0x7ffe44cd5da0 fs0x13=0x7ffe44cd5d60 fs0x91=0x5bfebc047010 fs0xab=0x0 fs0xb3=0x0 fs0xcb=0x744aa26c5000 fs0x19d=0x0 fs0x28=0x202 fs0x38=0x5bfea9469dc8 fs0x79=0x744aa24a06c6 fs0x89=0x0 fs0x99=0x0 fs0xd3=0x29 fs0x107=0x5bfebc047820 fs0x123=0x7ffe44cd6248 fs0x128=0x7f fs0x147=0x6 ip_w0=0x1e8 ip_w1=0xa5 ip_w2=0xbd ip_w3=0x99 ip_w4=0xe0cc ip_w5=0x8e89 ip_w6=0x1b1a ip_w7=0x99a5 ip_w8=0x6a00 ip_w9=0xe862 ip_w10=0xe001 ip_w11=0xee40 ip_w12=0x606c ip_w13=0x56d4 ip_w14=0x59dc ip_w15=0xa81b target=0x744aa1ab8556 target_off=0xb8556
[VMTAIL] site=0x99757 count=192 frame=0x744aa1a7836d frame_off=0x7836d vm_ip=0x744aa1d6eefe vm_ip_off=0x36eefe vm_flags=0x64da9e24 vm_state=0x573b8fa9 vm_byte=0x3a table=0x744aa1ac3718 table_off=0xc3718 rax=0x1f57ee7bb0546 rbx=0xfffe7ecbb9ec7f9b rcx=0x1d830156 rdx=0x1d830665 rsi=0x744aa48d81e4 rdi=0x744aa1a78377 r8=0x744aa1a9a24c r9=0x744aa1ac3c40 r10=0x0 r11=0x2de142df4da0a r12=0x744aa1a784dd r13=0x0 r14=0x528 r15=0x400 rbp=0x744aa1a7836d rsp=0x7ffe44cd5960 fs0x0=0x11946a67 fs0x12=0x7ffe44cd59f000 fs0x60=0x744ab38cfa97 fs0x68=0x744aa1f89030 fs0x71=0x744abc3d751f fs0x81=0x744a8762a01b fs0xe1=0x7820000000000062 fs0x13d=0x246 fs0x16f=0x573b8fa901 fs0x1e8=0x7ffe44cd5960 fs0x13=0x7ffe44cd59f0 fs0x91=0x5bfebc047010 fs0xab=0x0 fs0xb3=0x7ffe44cd59f0 fs0xcb=0x744aa26c5000 fs0x19d=0x744aa1f89030 fs0x28=0x202 fs0x38=0x5bfea9469dc8 fs0x79=0x16 fs0x89=0x0 fs0x99=0x0 fs0xd3=0x744aa1f89030 fs0x107=0x5bfebc047820 fs0x123=0x7ffe44cd6248 fs0x128=0x7f fs0x147=0x6 ip_w0=0x12 ip_w1=0xac8 ip_w2=0x303a ip_w3=0x9915 ip_w4=0xd795 ip_w5=0xcb7a ip_w6=0x79f9 ip_w7=0x3400 ip_w8=0x4c8b ip_w9=0xf302 ip_w10=0x3da7 ip_w11=0x7501 ip_w12=0xab ip_w13=0x0 ip_w14=0x30 ip_w15=0x0 target=0x744aa1a9a24c target_off=0x9a24c
[VMTAIL] site=0xa3dc4 count=193 frame=0x744aa1a7836d frame_off=0x7836d vm_ip=0x744aa1d6ef2c vm_ip_off=0x36ef2c vm_flags=0xe1ddcb7c vm_state=0x5632a04d vm_byte=0x3a table=0x744aa1ac3718 table_off=0xc3718 rax=0x744aa1a78377 rbx=0xffff8bb523df07ff rcx=0x510ef8 rdx=0xffffffffffc001e8 rsi=0x744aa1a78390 rdi=0x744aa1ac3d70 r8=0x200 r9=0x744aa1a7836d r10=0xe1c5827c r11=0xffff8bb4de58d2b7 r12=0x800030 r13=0x744aa1a784dd r14=0x744aa1aa1484 r15=0x658 rbp=0x744aa1a7836d rsp=0x7ffe44cd5960 fs0x0=0xffffffff991fb4d6 fs0x12=0x7ffe44cd59f100 fs0x60=0xffffffff991fb4c0 fs0x68=0x744aa1f89030 fs0x71=0x1a44e505 fs0x81=0x744a87629ef7 fs0xe1=0x7820000000000062 fs0x13d=0x202 fs0x16f=0x5632a04d01 fs0x1e8=0x7ffe44cd5960 fs0x13=0x7ffe44cd59f1 fs0x91=0x5bfebc047010 fs0xab=0x0 fs0xb3=0x7ffe44cd59f0 fs0xcb=0x744aa26c5000 fs0x19d=0x744aa1f89031 fs0x28=0x202 fs0x38=0x5bfea9469dc8 fs0x79=0x16 fs0x89=0x0 fs0x99=0x0 fs0xd3=0x744aa1f89030 fs0x107=0x5bfebc047820 fs0x123=0x7ffe44cd6248 fs0x128=0x7f fs0x147=0x6 ip_w0=0x9a17 ip_w1=0x3706 ip_w2=0x4dfd ip_w3=0x112a ip_w4=0x3c82 ip_w5=0x3dab ip_w6=0x8301 ip_w7=0x639 ip_w8=0xb8af ip_w9=0xa5 ip_w10=0x0 ip_w11=0x40 ip_w12=0x8000 ip_w13=0xfe ip_w14=0x1e8 ip_w15=0x4742 target=0x744aa1aa1484 target_off=0xa1484
[VMTAIL] site=0xb7699 count=194 frame=0x744aa1a7836d frame_off=0x7836d vm_ip=0x744aa1d6eefe vm_ip_off=0x36eefe vm_flags=0x40500044 vm_state=0xe73b5c3a vm_byte=0x3a table=0x744aa1ac3718 table_off=0xc3718 rax=0xffff8bb5de2910d0 rbx=0x744aa1ac3c41 rcx=0x460 rdx=0xffff176abc7cd79a rsi=0x744aa1a78377 rdi=0x80000000 r8=0x744aa1a9a24c r9=0x0 r10=0x744aa1ac3c40 r11=0x40 r12=0x744aa1a9a24c r13=0xffff8bb55e53c330 r14=0x0 r15=0x744aa1ac4088 rbp=0x744aa1a7836d rsp=0x7ffe44cd5960 fs0x0=0x64ad9915 fs0x12=0x7ffe44cd59f100 fs0x60=0xffffffff991fb4c0 fs0x68=0x744aa1f89030 fs0x71=0x1a44e504 fs0x81=0x744a87629ef7 fs0xe1=0x7820000000000062 fs0x13d=0x202 fs0x16f=0xe73b5c3a01 fs0x1e8=0x7ffe44cd5960 fs0x13=0x7ffe44cd59f1 fs0x91=0x5bfebc047010 fs0xab=0x0 fs0xb3=0x7ffe44cd59f0 fs0xcb=0x744aa26c5000 fs0x19d=0x744aa1f89031 fs0x28=0x202 fs0x38=0x5bfea9469dc8 fs0x79=0x15 fs0x89=0x0 fs0x99=0x0 fs0xd3=0x744aa1f89030 fs0x107=0x5bfebc047820 fs0x123=0x7ffe44cd6248 fs0x128=0x7f fs0x147=0x6 ip_w0=0x12 ip_w1=0xac8 ip_w2=0x303a ip_w3=0x9915 ip_w4=0xd795 ip_w5=0xcb7a ip_w6=0x79f9 ip_w7=0x3400 ip_w8=0x4c8b ip_w9=0xf302 ip_w10=0x3da7 ip_w11=0x7501 ip_w12=0xab ip_w13=0x0 ip_w14=0x30 ip_w15=0x0 target=0x744aa1a9a24c target_off=0x9a24c
[VMTAIL] site=0xa3dc4 count=195 frame=0x744aa1a7836d frame_off=0x7836d vm_ip=0x744aa1d6ef2c vm_ip_off=0x36ef2c vm_flags=0xe1ddcb7c vm_state=0x5632a04d vm_byte=0x3a table=0x744aa1ac3718 table_off=0xc3718 rax=0x744aa1a78377 rbx=0xffff8bb523df07ff rcx=0x510ef9 rdx=0xffffffffffc001e8 rsi=0x744aa1a78390 rdi=0x744aa1ac3d70 r8=0x200 r9=0x744aa1a7836d r10=0xe1c5827c r11=0xffff8bb4de58d2b7 r12=0x800030 r13=0x744aa1a784dd r14=0x744aa1aa1484 r15=0x658 rbp=0x744aa1a7836d rsp=0x7ffe44cd5960 fs0x0=0xffffffff991fb4d5 fs0x12=0x7ffe44cd59f200 fs0x60=0xffffffff991fb4c0 fs0x68=0x744aa1f89030 fs0x71=0x1a44e504 fs0x81=0x744a87629ef7 fs0xe1=0x7820000000000062 fs0x13d=0x202 fs0x16f=0x5632a04d01 fs0x1e8=0x7ffe44cd5960 fs0x13=0x7ffe44cd59f2 fs0x91=0x5bfebc047010 fs0xab=0x0 fs0xb3=0x7ffe44cd59f0 fs0xcb=0x744aa26c5000 fs0x19d=0x744aa1f89032 fs0x28=0x202 fs0x38=0x5bfea9469dc8 fs0x79=0x15 fs0x89=0x0 fs0x99=0x0 fs0xd3=0x744aa1f89030 fs0x107=0x5bfebc047820 fs0x123=0x7ffe44cd6248 fs0x128=0x7f fs0x147=0x6 ip_w0=0x9a17 ip_w1=0x3706 ip_w2=0x4dfd ip_w3=0x112a ip_w4=0x3c82 ip_w5=0x3dab ip_w6=0x8301 ip_w7=0x639 ip_w8=0xb8af ip_w9=0xa5 ip_w10=0x0 ip_w11=0x40 ip_w12=0x8000 ip_w13=0xfe ip_w14=0x1e8 ip_w15=0x4742 target=0x744aa1aa1484 target_off=0xa1484
[VMTAIL] site=0xb7699 count=196 frame=0x744aa1a7836d frame_off=0x7836d vm_ip=0x744aa1d6eefe vm_ip_off=0x36eefe vm_flags=0x40500044 vm_state=0xe73b5c3a vm_byte=0x3a table=0x744aa1ac3718 table_off=0xc3718 rax=0xffff8bb5de2910d0 rbx=0x744aa1ac3c41 rcx=0x460 rdx=0xffff176abc7cd79a rsi=0x744aa1a78377 rdi=0x80000000 r8=0x744aa1a9a24c r9=0x0 r10=0x744aa1ac3c40 r11=0x40 r12=0x744aa1a9a24c r13=0xffff8bb55e53c330 r14=0x0 r15=0x744aa1ac4088 rbp=0x744aa1a7836d rsp=0x7ffe44cd5960 fs0x0=0x64ad9916 fs0x12=0x7ffe44cd59f200 fs0x60=0xffffffff991fb4c0 fs0x68=0x744aa1f89030 fs0x71=0x1a44e503 fs0x81=0x744a87629ef7 fs0xe1=0x7820000000000062 fs0x13d=0x206 fs0x16f=0xe73b5c3a01 fs0x1e8=0x7ffe44cd5960 fs0x13=0x7ffe44cd59f2 fs0x91=0x5bfebc047010 fs0xab=0x0 fs0xb3=0x7ffe44cd59f0 fs0xcb=0x744aa26c5000 fs0x19d=0x744aa1f89032 fs0x28=0x202 fs0x38=0x5bfea9469dc8 fs0x79=0x14 fs0x89=0x0 fs0x99=0x0 fs0xd3=0x744aa1f89030 fs0x107=0x5bfebc047820 fs0x123=0x7ffe44cd6248 fs0x128=0x7f fs0x147=0x6 ip_w0=0x12 ip_w1=0xac8 ip_w2=0x303a ip_w3=0x9915 ip_w4=0xd795 ip_w5=0xcb7a ip_w6=0x79f9 ip_w7=0x3400 ip_w8=0x4c8b ip_w9=0xf302 ip_w10=0x3da7 ip_w11=0x7501 ip_w12=0xab ip_w13=0x0 ip_w14=0x30 ip_w15=0x0 target=0x744aa1a9a24c target_off=0x9a24c
[VMTAIL] site=0xa3dc4 count=197 frame=0x744aa1a7836d frame_off=0x7836d vm_ip=0x744aa1d6ef2c vm_ip_off=0x36ef2c vm_flags=0xe1ddcb7c vm_state=0x5632a04d vm_byte=0x3a table=0x744aa1ac3718 table_off=0xc3718 rax=0x744aa1a78377 rbx=0xffff8bb523df07ff rcx=0x510efa rdx=0xffffffffffc001e8 rsi=0x744aa1a78390 rdi=0x744aa1ac3d70 r8=0x200 r9=0x744aa1a7836d r10=0xe1c5827c r11=0xffff8bb4de58d2b7 r12=0x800030 r13=0x744aa1a784dd r14=0x744aa1aa1484 r15=0x658 rbp=0x744aa1a7836d rsp=0x7ffe44cd5960 fs0x0=0xffffffff991fb4d4 fs0x12=0x7ffe44cd59f300 fs0x60=0xffffffff991fb4c0 fs0x68=0x744aa1f89030 fs0x71=0x1a44e503 fs0x81=0x744a87629ef7 fs0xe1=0x7820000000000062 fs0x13d=0x206 fs0x16f=0x5632a04d01 fs0x1e8=0x7ffe44cd5960 fs0x13=0x7ffe44cd59f3 fs0x91=0x5bfebc047010 fs0xab=0x0 fs0xb3=0x7ffe44cd59f0 fs0xcb=0x744aa26c5000 fs0x19d=0x744aa1f89033 fs0x28=0x202 fs0x38=0x5bfea9469dc8 fs0x79=0x14 fs0x89=0x0 fs0x99=0x0 fs0xd3=0x744aa1f89030 fs0x107=0x5bfebc047820 fs0x123=0x7ffe44cd6248 fs0x128=0x7f fs0x147=0x6 ip_w0=0x9a17 ip_w1=0x3706 ip_w2=0x4dfd ip_w3=0x112a ip_w4=0x3c82 ip_w5=0x3dab ip_w6=0x8301 ip_w7=0x639 ip_w8=0xb8af ip_w9=0xa5 ip_w10=0x0 ip_w11=0x40 ip_w12=0x8000 ip_w13=0xfe ip_w14=0x1e8 ip_w15=0x4742 target=0x744aa1aa1484 target_off=0xa1484
[VMTAIL] site=0xb7699 count=198 frame=0x744aa1a7836d frame_off=0x7836d vm_ip=0x744aa1d6eefe vm_ip_off=0x36eefe vm_flags=0x40500044 vm_state=0xe73b5c3a vm_byte=0x3a table=0x744aa1ac3718 table_off=0xc3718 rax=0xffff8bb5de2910d0 rbx=0x744aa1ac3c41 rcx=0x460 rdx=0xffff176abc7cd79a rsi=0x744aa1a78377 rdi=0x80000000 r8=0x744aa1a9a24c r9=0x0 r10=0x744aa1ac3c40 r11=0x40 r12=0x744aa1a9a24c r13=0xffff8bb55e53c330 r14=0x0 r15=0x744aa1ac4088 rbp=0x744aa1a7836d rsp=0x7ffe44cd5960 fs0x0=0x64ad9917 fs0x12=0x7ffe44cd59f300 fs0x60=0xffffffff991fb4c0 fs0x68=0x744aa1f89030 fs0x71=0x1a44e502 fs0x81=0x744a87629ef7 fs0xe1=0x7820000000000062 fs0x13d=0x202 fs0x16f=0xe73b5c3a01 fs0x1e8=0x7ffe44cd5960 fs0x13=0x7ffe44cd59f3 fs0x91=0x5bfebc047010 fs0xab=0x0 fs0xb3=0x7ffe44cd59f0 fs0xcb=0x744aa26c5000 fs0x19d=0x744aa1f89033 fs0x28=0x202 fs0x38=0x5bfea9469dc8 fs0x79=0x13 fs0x89=0x0 fs0x99=0x0 fs0xd3=0x744aa1f89030 fs0x107=0x5bfebc047820 fs0x123=0x7ffe44cd6248 fs0x128=0x7f fs0x147=0x6 ip_w0=0x12 ip_w1=0xac8 ip_w2=0x303a ip_w3=0x9915 ip_w4=0xd795 ip_w5=0xcb7a ip_w6=0x79f9 ip_w7=0x3400 ip_w8=0x4c8b ip_w9=0xf302 ip_w10=0x3da7 ip_w11=0x7501 ip_w12=0xab ip_w13=0x0 ip_w14=0x30 ip_w15=0x0 target=0x744aa1a9a24c target_off=0x9a24c
[VMTAIL] site=0xa3dc4 count=199 frame=0x744aa1a7836d frame_off=0x7836d vm_ip=0x744aa1d6ef2c vm_ip_off=0x36ef2c vm_flags=0xe1ddcb7c vm_state=0x5632a04d vm_byte=0x3a table=0x744aa1ac3718 table_off=0xc3718 rax=0x744aa1a78377 rbx=0xffff8bb523df07ff rcx=0x510efb rdx=0xffffffffffc001e8 rsi=0x744aa1a78390 rdi=0x744aa1ac3d70 r8=0x200 r9=0x744aa1a7836d r10=0xe1c5827c r11=0xffff8bb4de58d2b7 r12=0x800030 r13=0x744aa1a784dd r14=0x744aa1aa1484 r15=0x658 rbp=0x744aa1a7836d rsp=0x7ffe44cd5960 fs0x0=0xffffffff991fb4d3 fs0x12=0x7ffe44cd59f400 fs0x60=0xffffffff991fb4c0 fs0x68=0x744aa1f89030 fs0x71=0x1a44e502 fs0x81=0x744a87629ef7 fs0xe1=0x7820000000000062 fs0x13d=0x202 fs0x16f=0x5632a04d01 fs0x1e8=0x7ffe44cd5960 fs0x13=0x7ffe44cd59f4 fs0x91=0x5bfebc047010 fs0xab=0x0 fs0xb3=0x7ffe44cd59f0 fs0xcb=0x744aa26c5000 fs0x19d=0x744aa1f89034 fs0x28=0x202 fs0x38=0x5bfea9469dc8 fs0x79=0x13 fs0x89=0x0 fs0x99=0x0 fs0xd3=0x744aa1f89030 fs0x107=0x5bfebc047820 fs0x123=0x7ffe44cd6248 fs0x128=0x7f fs0x147=0x6 ip_w0=0x9a17 ip_w1=0x3706 ip_w2=0x4dfd ip_w3=0x112a ip_w4=0x3c82 ip_w5=0x3dab ip_w6=0x8301 ip_w7=0x639 ip_w8=0xb8af ip_w9=0xa5 ip_w10=0x0 ip_w11=0x40 ip_w12=0x8000 ip_w13=0xfe ip_w14=0x1e8 ip_w15=0x4742 target=0x744aa1aa1484 target_off=0xa1484
[VMTAIL] site=0xb7699 count=200 frame=0x744aa1a7836d frame_off=0x7836d vm_ip=0x744aa1d6eefe vm_ip_off=0x36eefe vm_flags=0x40500044 vm_state=0xe73b5c3a vm_byte=0x3a table=0x744aa1ac3718 table_off=0xc3718 rax=0xffff8bb5de2910d0 rbx=0x744aa1ac3c41 rcx=0x460 rdx=0xffff176abc7cd79a rsi=0x744aa1a78377 rdi=0x80000000 r8=0x744aa1a9a24c r9=0x0 r10=0x744aa1ac3c40 r11=0x40 r12=0x744aa1a9a24c r13=0xffff8bb55e53c330 r14=0x0 r15=0x744aa1ac4088 rbp=0x744aa1a7836d rsp=0x7ffe44cd5960 fs0x0=0x64ad9910 fs0x12=0x7ffe44cd59f400 fs0x60=0xffffffff991fb4c0 fs0x68=0x744aa1f89030 fs0x71=0x1a44e501 fs0x81=0x744a87629ef7 fs0xe1=0x7820000000000062 fs0x13d=0x206 fs0x16f=0xe73b5c3a01 fs0x1e8=0x7ffe44cd5960 fs0x13=0x7ffe44cd59f4 fs0x91=0x5bfebc047010 fs0xab=0x0 fs0xb3=0x7ffe44cd59f0 fs0xcb=0x744aa26c5000 fs0x19d=0x744aa1f89034 fs0x28=0x202 fs0x38=0x5bfea9469dc8 fs0x79=0x12 fs0x89=0x0 fs0x99=0x0 fs0xd3=0x744aa1f89030 fs0x107=0x5bfebc047820 fs0x123=0x7ffe44cd6248 fs0x128=0x7f fs0x147=0x6 ip_w0=0x12 ip_w1=0xac8 ip_w2=0x303a ip_w3=0x9915 ip_w4=0xd795 ip_w5=0xcb7a ip_w6=0x79f9 ip_w7=0x3400 ip_w8=0x4c8b ip_w9=0xf302 ip_w10=0x3da7 ip_w11=0x7501 ip_w12=0xab ip_w13=0x0 ip_w14=0x30 ip_w15=0x0 target=0x744aa1a9a24c target_off=0x9a24c
[VMTAIL] site=0xa3dc4 count=201 frame=0x744aa1a7836d frame_off=0x7836d vm_ip=0x744aa1d6ef2c vm_ip_off=0x36ef2c vm_flags=0xe1ddcb7c vm_state=0x5632a04d vm_byte=0x3a table=0x744aa1ac3718 table_off=0xc3718 rax=0x744aa1a78377 rbx=0xffff8bb523df07ff rcx=0x510efc rdx=0xffffffffffc001e4 rsi=0x744aa1a78390 rdi=0x744aa1ac3d70 r8=0x200 r9=0x744aa1a7836d r10=0xe1c5827c r11=0xffff8bb4de58d2b7 r12=0x800038 r13=0x744aa1a784dd r14=0x744aa1aa1484 r15=0x658 rbp=0x744aa1a7836d rsp=0x7ffe44cd5960 fs0x0=0xffffffff991fb4d2 fs0x12=0x7ffe44cd59f500 fs0x60=0xffffffff991fb4c0 fs0x68=0x744aa1f89030 fs0x71=0x1a44e501 fs0x81=0x744a87629ef7 fs0xe1=0x7820000000000062 fs0x13d=0x206 fs0x16f=0x5632a04d01 fs0x1e8=0x7ffe44cd5960 fs0x13=0x7ffe44cd59f5 fs0x91=0x5bfebc047010 fs0xab=0x0 fs0xb3=0x7ffe44cd59f0 fs0xcb=0x744aa26c5000 fs0x19d=0x744aa1f89035 fs0x28=0x202 fs0x38=0x5bfea9469dc8 fs0x79=0x12 fs0x89=0x0 fs0x99=0x0 fs0xd3=0x744aa1f89030 fs0x107=0x5bfebc047820 fs0x123=0x7ffe44cd6248 fs0x128=0x7f fs0x147=0x6 ip_w0=0x9a17 ip_w1=0x3706 ip_w2=0x4dfd ip_w3=0x112a ip_w4=0x3c82 ip_w5=0x3dab ip_w6=0x8301 ip_w7=0x639 ip_w8=0xb8af ip_w9=0xa5 ip_w10=0x0 ip_w11=0x40 ip_w12=0x8000 ip_w13=0xfe ip_w14=0x1e8 ip_w15=0x4742 target=0x744aa1aa1484 target_off=0xa1484
[VMTAIL] site=0xb7699 count=202 frame=0x744aa1a7836d frame_off=0x7836d vm_ip=0x744aa1d6eefe vm_ip_off=0x36eefe vm_flags=0x40500044 vm_state=0xe73b5c3a vm_byte=0x3a table=0x744aa1ac3718 table_off=0xc3718 rax=0xffff8bb5de2910d0 rbx=0x744aa1ac3c41 rcx=0x460 rdx=0xffff176abc7cd79a rsi=0x744aa1a78377 rdi=0x80000000 r8=0x744aa1a9a24c r9=0x0 r10=0x744aa1ac3c40 r11=0x40 r12=0x744aa1a9a24c r13=0xffff8bb55e53c330 r14=0x0 r15=0x744aa1ac4088 rbp=0x744aa1a7836d rsp=0x7ffe44cd5960 fs0x0=0x64ad9911 fs0x12=0x7ffe44cd59f500 fs0x60=0xffffffff991fb4c0 fs0x68=0x744aa1f89030 fs0x71=0x1a44e500 fs0x81=0x744a87629ef7 fs0xe1=0x7820000000000062 fs0x13d=0x206 fs0x16f=0xe73b5c3a01 fs0x1e8=0x7ffe44cd5960 fs0x13=0x7ffe44cd59f5 fs0x91=0x5bfebc047010 fs0xab=0x0 fs0xb3=0x7ffe44cd59f0 fs0xcb=0x744aa26c5000 fs0x19d=0x744aa1f89035 fs0x28=0x202 fs0x38=0x5bfea9469dc8 fs0x79=0x11 fs0x89=0x0 fs0x99=0x0 fs0xd3=0x744aa1f89030 fs0x107=0x5bfebc047820 fs0x123=0x7ffe44cd6248 fs0x128=0x7f fs0x147=0x6 ip_w0=0x12 ip_w1=0xac8 ip_w2=0x303a ip_w3=0x9915 ip_w4=0xd795 ip_w5=0xcb7a ip_w6=0x79f9 ip_w7=0x3400 ip_w8=0x4c8b ip_w9=0xf302 ip_w10=0x3da7 ip_w11=0x7501 ip_w12=0xab ip_w13=0x0 ip_w14=0x30 ip_w15=0x0 target=0x744aa1a9a24c target_off=0x9a24c
[VMTAIL] site=0xa3dc4 count=203 frame=0x744aa1a7836d frame_off=0x7836d vm_ip=0x744aa1d6ef2c vm_ip_off=0x36ef2c vm_flags=0xe1ddcb7c vm_state=0x5632a04d vm_byte=0x3a table=0x744aa1ac3718 table_off=0xc3718 rax=0x744aa1a78377 rbx=0xffff8bb523df07ff rcx=0x510efd rdx=0xffffffffffc001e4 rsi=0x744aa1a78390 rdi=0x744aa1ac3d70 r8=0x200 r9=0x744aa1a7836d r10=0xe1c5827c r11=0xffff8bb4de58d2b7 r12=0x800038 r13=0x744aa1a784dd r14=0x744aa1aa1484 r15=0x658 rbp=0x744aa1a7836d rsp=0x7ffe44cd5960 fs0x0=0xffffffff991fb4d1 fs0x12=0x7ffe44cd59f600 fs0x60=0xffffffff991fb4c0 fs0x68=0x744aa1f89030 fs0x71=0x1a44e500 fs0x81=0x744a87629ef7 fs0xe1=0x7820000000000062 fs0x13d=0x206 fs0x16f=0x5632a04d01 fs0x1e8=0x7ffe44cd5960 fs0x13=0x7ffe44cd59f6 fs0x91=0x5bfebc047010 fs0xab=0x0 fs0xb3=0x7ffe44cd59f0 fs0xcb=0x744aa26c5000 fs0x19d=0x744aa1f89036 fs0x28=0x202 fs0x38=0x5bfea9469dc8 fs0x79=0x11 fs0x89=0x0 fs0x99=0x0 fs0xd3=0x744aa1f89030 fs0x107=0x5bfebc047820 fs0x123=0x7ffe44cd6248 fs0x128=0x7f fs0x147=0x6 ip_w0=0x9a17 ip_w1=0x3706 ip_w2=0x4dfd ip_w3=0x112a ip_w4=0x3c82 ip_w5=0x3dab ip_w6=0x8301 ip_w7=0x639 ip_w8=0xb8af ip_w9=0xa5 ip_w10=0x0 ip_w11=0x40 ip_w12=0x8000 ip_w13=0xfe ip_w14=0x1e8 ip_w15=0x4742 target=0x744aa1aa1484 target_off=0xa1484
[VMTAIL] site=0xb7699 count=204 frame=0x744aa1a7836d frame_off=0x7836d vm_ip=0x744aa1d6eefe vm_ip_off=0x36eefe vm_flags=0x40500044 vm_state=0xe73b5c3a vm_byte=0x3a table=0x744aa1ac3718 table_off=0xc3718 rax=0xffff8bb5de2910d0 rbx=0x744aa1ac3c41 rcx=0x460 rdx=0xffff176abc7cd79a rsi=0x744aa1a78377 rdi=0x80000000 r8=0x744aa1a9a24c r9=0x0 r10=0x744aa1ac3c40 r11=0x40 r12=0x744aa1a9a24c r13=0xffff8bb55e53c330 r14=0x0 r15=0x744aa1ac4088 rbp=0x744aa1a7836d rsp=0x7ffe44cd5960 fs0x0=0x64ad9912 fs0x12=0x7ffe44cd59f600 fs0x60=0xffffffff991fb4c0 fs0x68=0x744aa1f89030 fs0x71=0x1a44e4ff fs0x81=0x744a87629ef7 fs0xe1=0x7820000000000062 fs0x13d=0x202 fs0x16f=0xe73b5c3a01 fs0x1e8=0x7ffe44cd5960 fs0x13=0x7ffe44cd59f6 fs0x91=0x5bfebc047010 fs0xab=0x0 fs0xb3=0x7ffe44cd59f0 fs0xcb=0x744aa26c5000 fs0x19d=0x744aa1f89036 fs0x28=0x202 fs0x38=0x5bfea9469dc8 fs0x79=0x10 fs0x89=0x0 fs0x99=0x0 fs0xd3=0x744aa1f89030 fs0x107=0x5bfebc047820 fs0x123=0x7ffe44cd6248 fs0x128=0x7f fs0x147=0x6 ip_w0=0x12 ip_w1=0xac8 ip_w2=0x303a ip_w3=0x9915 ip_w4=0xd795 ip_w5=0xcb7a ip_w6=0x79f9 ip_w7=0x3400 ip_w8=0x4c8b ip_w9=0xf302 ip_w10=0x3da7 ip_w11=0x7501 ip_w12=0xab ip_w13=0x0 ip_w14=0x30 ip_w15=0x0 target=0x744aa1a9a24c target_off=0x9a24c
[VMTAIL] site=0xa3dc4 count=205 frame=0x744aa1a7836d frame_off=0x7836d vm_ip=0x744aa1d6ef2c vm_ip_off=0x36ef2c vm_flags=0xe1ddcb7c vm_state=0x5632a04d vm_byte=0x3a table=0x744aa1ac3718 table_off=0xc3718 rax=0x744aa1a78377 rbx=0xffff8bb523df07ff rcx=0x510efe rdx=0xffffffffffc001e4 rsi=0x744aa1a78390 rdi=0x744aa1ac3d70 r8=0x200 r9=0x744aa1a7836d r10=0xe1c5827c r11=0xffff8bb4de58d2b7 r12=0x800038 r13=0x744aa1a784dd r14=0x744aa1aa1484 r15=0x658 rbp=0x744aa1a7836d rsp=0x7ffe44cd5960 fs0x0=0xffffffff991fb4d0 fs0x12=0x7ffe44cd59f700 fs0x60=0xffffffff991fb4c0 fs0x68=0x744aa1f89030 fs0x71=0x1a44e4ff fs0x81=0x744a87629ef7 fs0xe1=0x7820000000000062 fs0x13d=0x202 fs0x16f=0x5632a04d01 fs0x1e8=0x7ffe44cd5960 fs0x13=0x7ffe44cd59f7 fs0x91=0x5bfebc047010 fs0xab=0x0 fs0xb3=0x7ffe44cd59f0 fs0xcb=0x744aa26c5000 fs0x19d=0x744aa1f89037 fs0x28=0x202 fs0x38=0x5bfea9469dc8 fs0x79=0x10 fs0x89=0x0 fs0x99=0x0 fs0xd3=0x744aa1f89030 fs0x107=0x5bfebc047820 fs0x123=0x7ffe44cd6248 fs0x128=0x7f fs0x147=0x6 ip_w0=0x9a17 ip_w1=0x3706 ip_w2=0x4dfd ip_w3=0x112a ip_w4=0x3c82 ip_w5=0x3dab ip_w6=0x8301 ip_w7=0x639 ip_w8=0xb8af ip_w9=0xa5 ip_w10=0x0 ip_w11=0x40 ip_w12=0x8000 ip_w13=0xfe ip_w14=0x1e8 ip_w15=0x4742 target=0x744aa1aa1484 target_off=0xa1484
[VMTAIL] site=0xb7699 count=206 frame=0x744aa1a7836d frame_off=0x7836d vm_ip=0x744aa1d6eefe vm_ip_off=0x36eefe vm_flags=0x40500044 vm_state=0xe73b5c3a vm_byte=0x3a table=0x744aa1ac3718 table_off=0xc3718 rax=0xffff8bb5de2910d0 rbx=0x744aa1ac3c41 rcx=0x460 rdx=0xffff176abc7cd79a rsi=0x744aa1a78377 rdi=0x80000000 r8=0x744aa1a9a24c r9=0x0 r10=0x744aa1ac3c40 r11=0x40 r12=0x744aa1a9a24c r13=0xffff8bb55e53c330 r14=0x0 r15=0x744aa1ac4088 rbp=0x744aa1a7836d rsp=0x7ffe44cd5960 fs0x0=0x64ad9913 fs0x12=0x7ffe44cd59f700 fs0x60=0xffffffff991fb4c0 fs0x68=0x744aa1f89030 fs0x71=0x1a44e4fe fs0x81=0x744a87629ef7 fs0xe1=0x7820000000000062 fs0x13d=0x216 fs0x16f=0xe73b5c3a01 fs0x1e8=0x7ffe44cd5960 fs0x13=0x7ffe44cd59f7 fs0x91=0x5bfebc047010 fs0xab=0x0 fs0xb3=0x7ffe44cd59f0 fs0xcb=0x744aa26c5000 fs0x19d=0x744aa1f89037 fs0x28=0x202 fs0x38=0x5bfea9469dc8 fs0x79=0xf fs0x89=0x0 fs0x99=0x0 fs0xd3=0x744aa1f89030 fs0x107=0x5bfebc047820 fs0x123=0x7ffe44cd6248 fs0x128=0x7f fs0x147=0x6 ip_w0=0x12 ip_w1=0xac8 ip_w2=0x303a ip_w3=0x9915 ip_w4=0xd795 ip_w5=0xcb7a ip_w6=0x79f9 ip_w7=0x3400 ip_w8=0x4c8b ip_w9=0xf302 ip_w10=0x3da7 ip_w11=0x7501 ip_w12=0xab ip_w13=0x0 ip_w14=0x30 ip_w15=0x0 target=0x744aa1a9a24c target_off=0x9a24c
[VMTAIL] site=0xa3dc4 count=207 frame=0x744aa1a7836d frame_off=0x7836d vm_ip=0x744aa1d6ef2c vm_ip_off=0x36ef2c vm_flags=0xe1ddcb7c vm_state=0x5632a04d vm_byte=0x3a table=0x744aa1ac3718 table_off=0xc3718 rax=0x744aa1a78377 rbx=0xffff8bb523df07ff rcx=0x510eff rdx=0xffffffffffc001e4 rsi=0x744aa1a78390 rdi=0x744aa1ac3d70 r8=0x200 r9=0x744aa1a7836d r10=0xe1c5827c r11=0xffff8bb4de58d2b7 r12=0x800038 r13=0x744aa1a784dd r14=0x744aa1aa1484 r15=0x658 rbp=0x744aa1a7836d rsp=0x7ffe44cd5960 fs0x0=0xffffffff991fb4cf fs0x12=0x7ffe44cd59f800 fs0x60=0xffffffff991fb4c0 fs0x68=0x744aa1f89030 fs0x71=0x1a44e4fe fs0x81=0x744a87629ef7 fs0xe1=0x7820000000000062 fs0x13d=0x206 fs0x16f=0x5632a04d01 fs0x1e8=0x7ffe44cd5960 fs0x13=0x7ffe44cd59f8 fs0x91=0x5bfebc047010 fs0xab=0x0 fs0xb3=0x7ffe44cd59f0 fs0xcb=0x744aa26c5000 fs0x19d=0x744aa1f89038 fs0x28=0x202 fs0x38=0x5bfea9469dc8 fs0x79=0xf fs0x89=0x0 fs0x99=0x0 fs0xd3=0x744aa1f89030 fs0x107=0x5bfebc047820 fs0x123=0x7ffe44cd6248 fs0x128=0x7f fs0x147=0x6 ip_w0=0x9a17 ip_w1=0x3706 ip_w2=0x4dfd ip_w3=0x112a ip_w4=0x3c82 ip_w5=0x3dab ip_w6=0x8301 ip_w7=0x639 ip_w8=0xb8af ip_w9=0xa5 ip_w10=0x0 ip_w11=0x40 ip_w12=0x8000 ip_w13=0xfe ip_w14=0x1e8 ip_w15=0x4742 target=0x744aa1aa1484 target_off=0xa1484
[VMTAIL] site=0xb7699 count=208 frame=0x744aa1a7836d frame_off=0x7836d vm_ip=0x744aa1d6eefe vm_ip_off=0x36eefe vm_flags=0x40500044 vm_state=0xe73b5c3a vm_byte=0x3a table=0x744aa1ac3718 table_off=0xc3718 rax=0xffff8bb5de2910d0 rbx=0x744aa1ac3c41 rcx=0x460 rdx=0xffff176abc7cd79a rsi=0x744aa1a78377 rdi=0x80000000 r8=0x744aa1a9a24c r9=0x0 r10=0x744aa1ac3c40 r11=0x40 r12=0x744aa1a9a24c r13=0xffff8bb55e53c330 r14=0x0 r15=0x744aa1ac4088 rbp=0x744aa1a7836d rsp=0x7ffe44cd5960 fs0x0=0x64ad990c fs0x12=0x7ffe44cd59f800 fs0x60=0xffffffff991fb4c0 fs0x68=0x744aa1f89030 fs0x71=0x1a44e4fd fs0x81=0x744a87629ef7 fs0xe1=0x7820000000000062 fs0x13d=0x202 fs0x16f=0xe73b5c3a01 fs0x1e8=0x7ffe44cd5960 fs0x13=0x7ffe44cd59f8 fs0x91=0x5bfebc047010 fs0xab=0x0 fs0xb3=0x7ffe44cd59f0 fs0xcb=0x744aa26c5000 fs0x19d=0x744aa1f89038 fs0x28=0x202 fs0x38=0x5bfea9469dc8 fs0x79=0xe fs0x89=0x0 fs0x99=0x0 fs0xd3=0x744aa1f89030 fs0x107=0x5bfebc047820 fs0x123=0x7ffe44cd6248 fs0x128=0x7f fs0x147=0x6 ip_w0=0x12 ip_w1=0xac8 ip_w2=0x303a ip_w3=0x9915 ip_w4=0xd795 ip_w5=0xcb7a ip_w6=0x79f9 ip_w7=0x3400 ip_w8=0x4c8b ip_w9=0xf302 ip_w10=0x3da7 ip_w11=0x7501 ip_w12=0xab ip_w13=0x0 ip_w14=0x30 ip_w15=0x0 target=0x744aa1a9a24c target_off=0x9a24c
[VMTAIL] site=0xa3dc4 count=209 frame=0x744aa1a7836d frame_off=0x7836d vm_ip=0x744aa1d6ef2c vm_ip_off=0x36ef2c vm_flags=0xe1ddcb7c vm_state=0x5632a04d vm_byte=0x3a table=0x744aa1ac3718 table_off=0xc3718 rax=0x744aa1a78377 rbx=0xffff8bb523df07ff rcx=0x510ef8 rdx=0xffffffffffc00200 rsi=0x744aa1a78390 rdi=0x744aa1ac3d70 r8=0x200 r9=0x744aa1a7836d r10=0xe1c5827c r11=0xffff8bb4de58d2b7 r12=0x800000 r13=0x744aa1a784dd r14=0x744aa1aa1484 r15=0x658 rbp=0x744aa1a7836d rsp=0x7ffe44cd5960 fs0x0=0xffffffff991fb4ce fs0x12=0x7ffe44cd59f900 fs0x60=0xffffffff991fb4c0 fs0x68=0x744aa1f89030 fs0x71=0x1a44e4fd fs0x81=0x744a87629ef7 fs0xe1=0x7820000000000062 fs0x13d=0x202 fs0x16f=0x5632a04d01 fs0x1e8=0x7ffe44cd5960 fs0x13=0x7ffe44cd59f9 fs0x91=0x5bfebc047010 fs0xab=0x0 fs0xb3=0x7ffe44cd59f0 fs0xcb=0x744aa26c5000 fs0x19d=0x744aa1f89039 fs0x28=0x202 fs0x38=0x5bfea9469dc8 fs0x79=0xe fs0x89=0x0 fs0x99=0x0 fs0xd3=0x744aa1f89030 fs0x107=0x5bfebc047820 fs0x123=0x7ffe44cd6248 fs0x128=0x7f fs0x147=0x6 ip_w0=0x9a17 ip_w1=0x3706 ip_w2=0x4dfd ip_w3=0x112a ip_w4=0x3c82 ip_w5=0x3dab ip_w6=0x8301 ip_w7=0x639 ip_w8=0xb8af ip_w9=0xa5 ip_w10=0x0 ip_w11=0x40 ip_w12=0x8000 ip_w13=0xfe ip_w14=0x1e8 ip_w15=0x4742 target=0x744aa1aa1484 target_off=0xa1484
[VMTAIL] site=0xb7699 count=210 frame=0x744aa1a7836d frame_off=0x7836d vm_ip=0x744aa1d6eefe vm_ip_off=0x36eefe vm_flags=0x40500044 vm_state=0xe73b5c3a vm_byte=0x3a table=0x744aa1ac3718 table_off=0xc3718 rax=0xffff8bb5de2910d0 rbx=0x744aa1ac3c41 rcx=0x460 rdx=0xffff176abc7cd79a rsi=0x744aa1a78377 rdi=0x80000000 r8=0x744aa1a9a24c r9=0x0 r10=0x744aa1ac3c40 r11=0x40 r12=0x744aa1a9a24c r13=0xffff8bb55e53c330 r14=0x0 r15=0x744aa1ac4088 rbp=0x744aa1a7836d rsp=0x7ffe44cd5960 fs0x0=0x64ad990d fs0x12=0x7ffe44cd59f900 fs0x60=0xffffffff991fb4c0 fs0x68=0x744aa1f89030 fs0x71=0x1a44e4fc fs0x81=0x744a87629ef7 fs0xe1=0x7820000000000062 fs0x13d=0x202 fs0x16f=0xe73b5c3a01 fs0x1e8=0x7ffe44cd5960 fs0x13=0x7ffe44cd59f9 fs0x91=0x5bfebc047010 fs0xab=0x0 fs0xb3=0x7ffe44cd59f0 fs0xcb=0x744aa26c5000 fs0x19d=0x744aa1f89039 fs0x28=0x202 fs0x38=0x5bfea9469dc8 fs0x79=0xd fs0x89=0x0 fs0x99=0x0 fs0xd3=0x744aa1f89030 fs0x107=0x5bfebc047820 fs0x123=0x7ffe44cd6248 fs0x128=0x7f fs0x147=0x6 ip_w0=0x12 ip_w1=0xac8 ip_w2=0x303a ip_w3=0x9915 ip_w4=0xd795 ip_w5=0xcb7a ip_w6=0x79f9 ip_w7=0x3400 ip_w8=0x4c8b ip_w9=0xf302 ip_w10=0x3da7 ip_w11=0x7501 ip_w12=0xab ip_w13=0x0 ip_w14=0x30 ip_w15=0x0 target=0x744aa1a9a24c target_off=0x9a24c
[VMTAIL] site=0xa3dc4 count=211 frame=0x744aa1a7836d frame_off=0x7836d vm_ip=0x744aa1d6ef2c vm_ip_off=0x36ef2c vm_flags=0xe1ddcb7c vm_state=0x5632a04d vm_byte=0x3a table=0x744aa1ac3718 table_off=0xc3718 rax=0x744aa1a78377 rbx=0xffff8bb523df07ff rcx=0x510ef9 rdx=0xffffffffffc00200 rsi=0x744aa1a78390 rdi=0x744aa1ac3d70 r8=0x200 r9=0x744aa1a7836d r10=0xe1c5827c r11=0xffff8bb4de58d2b7 r12=0x800000 r13=0x744aa1a784dd r14=0x744aa1aa1484 r15=0x658 rbp=0x744aa1a7836d rsp=0x7ffe44cd5960 fs0x0=0xffffffff991fb4cd fs0x12=0x7ffe44cd59fa00 fs0x60=0xffffffff991fb4c0 fs0x68=0x744aa1f89030 fs0x71=0x1a44e4fc fs0x81=0x744a87629ef7 fs0xe1=0x7820000000000062 fs0x13d=0x202 fs0x16f=0x5632a04d01 fs0x1e8=0x7ffe44cd5960 fs0x13=0x7ffe44cd59fa fs0x91=0x5bfebc047010 fs0xab=0x0 fs0xb3=0x7ffe44cd59f0 fs0xcb=0x744aa26c5000 fs0x19d=0x744aa1f8903a fs0x28=0x202 fs0x38=0x5bfea9469dc8 fs0x79=0xd fs0x89=0x0 fs0x99=0x0 fs0xd3=0x744aa1f89030 fs0x107=0x5bfebc047820 fs0x123=0x7ffe44cd6248 fs0x128=0x7f fs0x147=0x6 ip_w0=0x9a17 ip_w1=0x3706 ip_w2=0x4dfd ip_w3=0x112a ip_w4=0x3c82 ip_w5=0x3dab ip_w6=0x8301 ip_w7=0x639 ip_w8=0xb8af ip_w9=0xa5 ip_w10=0x0 ip_w11=0x40 ip_w12=0x8000 ip_w13=0xfe ip_w14=0x1e8 ip_w15=0x4742 target=0x744aa1aa1484 target_off=0xa1484
[VMTAIL] site=0xb7699 count=212 frame=0x744aa1a7836d frame_off=0x7836d vm_ip=0x744aa1d6eefe vm_ip_off=0x36eefe vm_flags=0x40500044 vm_state=0xe73b5c3a vm_byte=0x3a table=0x744aa1ac3718 table_off=0xc3718 rax=0xffff8bb5de2910d0 rbx=0x744aa1ac3c41 rcx=0x460 rdx=0xffff176abc7cd79a rsi=0x744aa1a78377 rdi=0x80000000 r8=0x744aa1a9a24c r9=0x0 r10=0x744aa1ac3c40 r11=0x40 r12=0x744aa1a9a24c r13=0xffff8bb55e53c330 r14=0x0 r15=0x744aa1ac4088 rbp=0x744aa1a7836d rsp=0x7ffe44cd5960 fs0x0=0x64ad990e fs0x12=0x7ffe44cd59fa00 fs0x60=0xffffffff991fb4c0 fs0x68=0x744aa1f89030 fs0x71=0x1a44e4fb fs0x81=0x744a87629ef7 fs0xe1=0x7820000000000062 fs0x13d=0x206 fs0x16f=0xe73b5c3a01 fs0x1e8=0x7ffe44cd5960 fs0x13=0x7ffe44cd59fa fs0x91=0x5bfebc047010 fs0xab=0x0 fs0xb3=0x7ffe44cd59f0 fs0xcb=0x744aa26c5000 fs0x19d=0x744aa1f8903a fs0x28=0x202 fs0x38=0x5bfea9469dc8 fs0x79=0xc fs0x89=0x0 fs0x99=0x0 fs0xd3=0x744aa1f89030 fs0x107=0x5bfebc047820 fs0x123=0x7ffe44cd6248 fs0x128=0x7f fs0x147=0x6 ip_w0=0x12 ip_w1=0xac8 ip_w2=0x303a ip_w3=0x9915 ip_w4=0xd795 ip_w5=0xcb7a ip_w6=0x79f9 ip_w7=0x3400 ip_w8=0x4c8b ip_w9=0xf302 ip_w10=0x3da7 ip_w11=0x7501 ip_w12=0xab ip_w13=0x0 ip_w14=0x30 ip_w15=0x0 target=0x744aa1a9a24c target_off=0x9a24c
[VMTAIL] site=0xa3dc4 count=213 frame=0x744aa1a7836d frame_off=0x7836d vm_ip=0x744aa1d6ef2c vm_ip_off=0x36ef2c vm_flags=0xe1ddcb7c vm_state=0x5632a04d vm_byte=0x3a table=0x744aa1ac3718 table_off=0xc3718 rax=0x744aa1a78377 rbx=0xffff8bb523df07ff rcx=0x510efa rdx=0xffffffffffc00200 rsi=0x744aa1a78390 rdi=0x744aa1ac3d70 r8=0x200 r9=0x744aa1a7836d r10=0xe1c5827c r11=0xffff8bb4de58d2b7 r12=0x800000 r13=0x744aa1a784dd r14=0x744aa1aa1484 r15=0x658 rbp=0x744aa1a7836d rsp=0x7ffe44cd5960 fs0x0=0xffffffff991fb4cc fs0x12=0x7ffe44cd59fb00 fs0x60=0xffffffff991fb4c0 fs0x68=0x744aa1f89030 fs0x71=0x1a44e4fb fs0x81=0x744a87629ef7 fs0xe1=0x7820000000000062 fs0x13d=0x206 fs0x16f=0x5632a04d01 fs0x1e8=0x7ffe44cd5960 fs0x13=0x7ffe44cd59fb fs0x91=0x5bfebc047010 fs0xab=0x0 fs0xb3=0x7ffe44cd59f0 fs0xcb=0x744aa26c5000 fs0x19d=0x744aa1f8903b fs0x28=0x202 fs0x38=0x5bfea9469dc8 fs0x79=0xc fs0x89=0x0 fs0x99=0x0 fs0xd3=0x744aa1f89030 fs0x107=0x5bfebc047820 fs0x123=0x7ffe44cd6248 fs0x128=0x7f fs0x147=0x6 ip_w0=0x9a17 ip_w1=0x3706 ip_w2=0x4dfd ip_w3=0x112a ip_w4=0x3c82 ip_w5=0x3dab ip_w6=0x8301 ip_w7=0x639 ip_w8=0xb8af ip_w9=0xa5 ip_w10=0x0 ip_w11=0x40 ip_w12=0x8000 ip_w13=0xfe ip_w14=0x1e8 ip_w15=0x4742 target=0x744aa1aa1484 target_off=0xa1484
[VMTAIL] site=0xb7699 count=214 frame=0x744aa1a7836d frame_off=0x7836d vm_ip=0x744aa1d6eefe vm_ip_off=0x36eefe vm_flags=0x40500044 vm_state=0xe73b5c3a vm_byte=0x3a table=0x744aa1ac3718 table_off=0xc3718 rax=0xffff8bb5de2910d0 rbx=0x744aa1ac3c41 rcx=0x460 rdx=0xffff176abc7cd79a rsi=0x744aa1a78377 rdi=0x80000000 r8=0x744aa1a9a24c r9=0x0 r10=0x744aa1ac3c40 r11=0x40 r12=0x744aa1a9a24c r13=0xffff8bb55e53c330 r14=0x0 r15=0x744aa1ac4088 rbp=0x744aa1a7836d rsp=0x7ffe44cd5960 fs0x0=0x64ad990f fs0x12=0x7ffe44cd59fb00 fs0x60=0xffffffff991fb4c0 fs0x68=0x744aa1f89030 fs0x71=0x1a44e4fa fs0x81=0x744a87629ef7 fs0xe1=0x7820000000000062 fs0x13d=0x202 fs0x16f=0xe73b5c3a01 fs0x1e8=0x7ffe44cd5960 fs0x13=0x7ffe44cd59fb fs0x91=0x5bfebc047010 fs0xab=0x0 fs0xb3=0x7ffe44cd59f0 fs0xcb=0x744aa26c5000 fs0x19d=0x744aa1f8903b fs0x28=0x202 fs0x38=0x5bfea9469dc8 fs0x79=0xb fs0x89=0x0 fs0x99=0x0 fs0xd3=0x744aa1f89030 fs0x107=0x5bfebc047820 fs0x123=0x7ffe44cd6248 fs0x128=0x7f fs0x147=0x6 ip_w0=0x12 ip_w1=0xac8 ip_w2=0x303a ip_w3=0x9915 ip_w4=0xd795 ip_w5=0xcb7a ip_w6=0x79f9 ip_w7=0x3400 ip_w8=0x4c8b ip_w9=0xf302 ip_w10=0x3da7 ip_w11=0x7501 ip_w12=0xab ip_w13=0x0 ip_w14=0x30 ip_w15=0x0 target=0x744aa1a9a24c target_off=0x9a24c
[VMTAIL] site=0xa3dc4 count=215 frame=0x744aa1a7836d frame_off=0x7836d vm_ip=0x744aa1d6ef2c vm_ip_off=0x36ef2c vm_flags=0xe1ddcb7c vm_state=0x5632a04d vm_byte=0x3a table=0x744aa1ac3718 table_off=0xc3718 rax=0x744aa1a78377 rbx=0xffff8bb523df07ff rcx=0x510efb rdx=0xffffffffffc00200 rsi=0x744aa1a78390 rdi=0x744aa1ac3d70 r8=0x200 r9=0x744aa1a7836d r10=0xe1c5827c r11=0xffff8bb4de58d2b7 r12=0x800000 r13=0x744aa1a784dd r14=0x744aa1aa1484 r15=0x658 rbp=0x744aa1a7836d rsp=0x7ffe44cd5960 fs0x0=0xffffffff991fb4cb fs0x12=0x7ffe44cd59fc00 fs0x60=0xffffffff991fb4c0 fs0x68=0x744aa1f89030 fs0x71=0x1a44e4fa fs0x81=0x744a87629ef7 fs0xe1=0x7820000000000062 fs0x13d=0x202 fs0x16f=0x5632a04d01 fs0x1e8=0x7ffe44cd5960 fs0x13=0x7ffe44cd59fc fs0x91=0x5bfebc047010 fs0xab=0x0 fs0xb3=0x7ffe44cd59f0 fs0xcb=0x744aa26c5000 fs0x19d=0x744aa1f8903c fs0x28=0x202 fs0x38=0x5bfea9469dc8 fs0x79=0xb fs0x89=0x0 fs0x99=0x0 fs0xd3=0x744aa1f89030 fs0x107=0x5bfebc047820 fs0x123=0x7ffe44cd6248 fs0x128=0x7f fs0x147=0x6 ip_w0=0x9a17 ip_w1=0x3706 ip_w2=0x4dfd ip_w3=0x112a ip_w4=0x3c82 ip_w5=0x3dab ip_w6=0x8301 ip_w7=0x639 ip_w8=0xb8af ip_w9=0xa5 ip_w10=0x0 ip_w11=0x40 ip_w12=0x8000 ip_w13=0xfe ip_w14=0x1e8 ip_w15=0x4742 target=0x744aa1aa1484 target_off=0xa1484
[VMTAIL] site=0xb7699 count=216 frame=0x744aa1a7836d frame_off=0x7836d vm_ip=0x744aa1d6eefe vm_ip_off=0x36eefe vm_flags=0x40500044 vm_state=0xe73b5c3a vm_byte=0x3a table=0x744aa1ac3718 table_off=0xc3718 rax=0xffff8bb5de2910d0 rbx=0x744aa1ac3c41 rcx=0x460 rdx=0xffff176abc7cd79a rsi=0x744aa1a78377 rdi=0x80000000 r8=0x744aa1a9a24c r9=0x0 r10=0x744aa1ac3c40 r11=0x40 r12=0x744aa1a9a24c r13=0xffff8bb55e53c330 r14=0x0 r15=0x744aa1ac4088 rbp=0x744aa1a7836d rsp=0x7ffe44cd5960 fs0x0=0x64ad9908 fs0x12=0x7ffe44cd59fc00 fs0x60=0xffffffff991fb4c0 fs0x68=0x744aa1f89030 fs0x71=0x1a44e4f9 fs0x81=0x744a87629ef7 fs0xe1=0x7820000000000062 fs0x13d=0x206 fs0x16f=0xe73b5c3a01 fs0x1e8=0x7ffe44cd5960 fs0x13=0x7ffe44cd59fc fs0x91=0x5bfebc047010 fs0xab=0x0 fs0xb3=0x7ffe44cd59f0 fs0xcb=0x744aa26c5000 fs0x19d=0x744aa1f8903c fs0x28=0x202 fs0x38=0x5bfea9469dc8 fs0x79=0xa fs0x89=0x0 fs0x99=0x0 fs0xd3=0x744aa1f89030 fs0x107=0x5bfebc047820 fs0x123=0x7ffe44cd6248 fs0x128=0x7f fs0x147=0x6 ip_w0=0x12 ip_w1=0xac8 ip_w2=0x303a ip_w3=0x9915 ip_w4=0xd795 ip_w5=0xcb7a ip_w6=0x79f9 ip_w7=0x3400 ip_w8=0x4c8b ip_w9=0xf302 ip_w10=0x3da7 ip_w11=0x7501 ip_w12=0xab ip_w13=0x0 ip_w14=0x30 ip_w15=0x0 target=0x744aa1a9a24c target_off=0x9a24c
[VMTAIL] site=0xa3dc4 count=217 frame=0x744aa1a7836d frame_off=0x7836d vm_ip=0x744aa1d6ef2c vm_ip_off=0x36ef2c vm_flags=0xe1ddcb7c vm_state=0x5632a04d vm_byte=0x3a table=0x744aa1ac3718 table_off=0xc3718 rax=0x744aa1a78377 rbx=0xffff8bb523df07ff rcx=0x510efc rdx=0xffffffffffc001fc rsi=0x744aa1a78390 rdi=0x744aa1ac3d70 r8=0x200 r9=0x744aa1a7836d r10=0xe1c5827c r11=0xffff8bb4de58d2b7 r12=0x800008 r13=0x744aa1a784dd r14=0x744aa1aa1484 r15=0x658 rbp=0x744aa1a7836d rsp=0x7ffe44cd5960 fs0x0=0xffffffff991fb4ca fs0x12=0x7ffe44cd59fd00 fs0x60=0xffffffff991fb4c0 fs0x68=0x744aa1f89030 fs0x71=0x1a44e4f9 fs0x81=0x744a87629ef7 fs0xe1=0x7820000000000062 fs0x13d=0x206 fs0x16f=0x5632a04d01 fs0x1e8=0x7ffe44cd5960 fs0x13=0x7ffe44cd59fd fs0x91=0x5bfebc047010 fs0xab=0x0 fs0xb3=0x7ffe44cd59f0 fs0xcb=0x744aa26c5000 fs0x19d=0x744aa1f8903d fs0x28=0x202 fs0x38=0x5bfea9469dc8 fs0x79=0xa fs0x89=0x0 fs0x99=0x0 fs0xd3=0x744aa1f89030 fs0x107=0x5bfebc047820 fs0x123=0x7ffe44cd6248 fs0x128=0x7f fs0x147=0x6 ip_w0=0x9a17 ip_w1=0x3706 ip_w2=0x4dfd ip_w3=0x112a ip_w4=0x3c82 ip_w5=0x3dab ip_w6=0x8301 ip_w7=0x639 ip_w8=0xb8af ip_w9=0xa5 ip_w10=0x0 ip_w11=0x40 ip_w12=0x8000 ip_w13=0xfe ip_w14=0x1e8 ip_w15=0x4742 target=0x744aa1aa1484 target_off=0xa1484
[VMTAIL] site=0xb7699 count=218 frame=0x744aa1a7836d frame_off=0x7836d vm_ip=0x744aa1d6eefe vm_ip_off=0x36eefe vm_flags=0x40500044 vm_state=0xe73b5c3a vm_byte=0x3a table=0x744aa1ac3718 table_off=0xc3718 rax=0xffff8bb5de2910d0 rbx=0x744aa1ac3c41 rcx=0x460 rdx=0xffff176abc7cd79a rsi=0x744aa1a78377 rdi=0x80000000 r8=0x744aa1a9a24c r9=0x0 r10=0x744aa1ac3c40 r11=0x40 r12=0x744aa1a9a24c r13=0xffff8bb55e53c330 r14=0x0 r15=0x744aa1ac4088 rbp=0x744aa1a7836d rsp=0x7ffe44cd5960 fs0x0=0x64ad9909 fs0x12=0x7ffe44cd59fd00 fs0x60=0xffffffff991fb4c0 fs0x68=0x744aa1f89030 fs0x71=0x1a44e4f8 fs0x81=0x744a87629ef7 fs0xe1=0x7820000000000062 fs0x13d=0x206 fs0x16f=0xe73b5c3a01 fs0x1e8=0x7ffe44cd5960 fs0x13=0x7ffe44cd59fd fs0x91=0x5bfebc047010 fs0xab=0x0 fs0xb3=0x7ffe44cd59f0 fs0xcb=0x744aa26c5000 fs0x19d=0x744aa1f8903d fs0x28=0x202 fs0x38=0x5bfea9469dc8 fs0x79=0x9 fs0x89=0x0 fs0x99=0x0 fs0xd3=0x744aa1f89030 fs0x107=0x5bfebc047820 fs0x123=0x7ffe44cd6248 fs0x128=0x7f fs0x147=0x6 ip_w0=0x12 ip_w1=0xac8 ip_w2=0x303a ip_w3=0x9915 ip_w4=0xd795 ip_w5=0xcb7a ip_w6=0x79f9 ip_w7=0x3400 ip_w8=0x4c8b ip_w9=0xf302 ip_w10=0x3da7 ip_w11=0x7501 ip_w12=0xab ip_w13=0x0 ip_w14=0x30 ip_w15=0x0 target=0x744aa1a9a24c target_off=0x9a24c
[VMTAIL] site=0xa3dc4 count=219 frame=0x744aa1a7836d frame_off=0x7836d vm_ip=0x744aa1d6ef2c vm_ip_off=0x36ef2c vm_flags=0xe1ddcb7c vm_state=0x5632a04d vm_byte=0x3a table=0x744aa1ac3718 table_off=0xc3718 rax=0x744aa1a78377 rbx=0xffff8bb523df07ff rcx=0x510efd rdx=0xffffffffffc001fc rsi=0x744aa1a78390 rdi=0x744aa1ac3d70 r8=0x200 r9=0x744aa1a7836d r10=0xe1c5827c r11=0xffff8bb4de58d2b7 r12=0x800008 r13=0x744aa1a784dd r14=0x744aa1aa1484 r15=0x658 rbp=0x744aa1a7836d rsp=0x7ffe44cd5960 fs0x0=0xffffffff991fb4c9 fs0x12=0x7ffe44cd59fe00 fs0x60=0xffffffff991fb4c0 fs0x68=0x744aa1f89030 fs0x71=0x1a44e4f8 fs0x81=0x744a87629ef7 fs0xe1=0x7820000000000062 fs0x13d=0x206 fs0x16f=0x5632a04d01 fs0x1e8=0x7ffe44cd5960 fs0x13=0x7ffe44cd59fe fs0x91=0x5bfebc047010 fs0xab=0x0 fs0xb3=0x7ffe44cd59f0 fs0xcb=0x744aa26c5000 fs0x19d=0x744aa1f8903e fs0x28=0x202 fs0x38=0x5bfea9469dc8 fs0x79=0x9 fs0x89=0x0 fs0x99=0x0 fs0xd3=0x744aa1f89030 fs0x107=0x5bfebc047820 fs0x123=0x7ffe44cd6248 fs0x128=0x7f fs0x147=0x6 ip_w0=0x9a17 ip_w1=0x3706 ip_w2=0x4dfd ip_w3=0x112a ip_w4=0x3c82 ip_w5=0x3dab ip_w6=0x8301 ip_w7=0x639 ip_w8=0xb8af ip_w9=0xa5 ip_w10=0x0 ip_w11=0x40 ip_w12=0x8000 ip_w13=0xfe ip_w14=0x1e8 ip_w15=0x4742 target=0x744aa1aa1484 target_off=0xa1484
[VMTAIL] site=0xb7699 count=220 frame=0x744aa1a7836d frame_off=0x7836d vm_ip=0x744aa1d6eefe vm_ip_off=0x36eefe vm_flags=0x40500044 vm_state=0xe73b5c3a vm_byte=0x3a table=0x744aa1ac3718 table_off=0xc3718 rax=0xffff8bb5de2910d0 rbx=0x744aa1ac3c41 rcx=0x460 rdx=0xffff176abc7cd79a rsi=0x744aa1a78377 rdi=0x80000000 r8=0x744aa1a9a24c r9=0x0 r10=0x744aa1ac3c40 r11=0x40 r12=0x744aa1a9a24c r13=0xffff8bb55e53c330 r14=0x0 r15=0x744aa1ac4088 rbp=0x744aa1a7836d rsp=0x7ffe44cd5960 fs0x0=0x64ad990a fs0x12=0x7ffe44cd59fe00 fs0x60=0xffffffff991fb4c0 fs0x68=0x744aa1f89030 fs0x71=0x1a44e4f7 fs0x81=0x744a87629ef7 fs0xe1=0x7820000000000062 fs0x13d=0x202 fs0x16f=0xe73b5c3a01 fs0x1e8=0x7ffe44cd5960 fs0x13=0x7ffe44cd59fe fs0x91=0x5bfebc047010 fs0xab=0x0 fs0xb3=0x7ffe44cd59f0 fs0xcb=0x744aa26c5000 fs0x19d=0x744aa1f8903e fs0x28=0x202 fs0x38=0x5bfea9469dc8 fs0x79=0x8 fs0x89=0x0 fs0x99=0x0 fs0xd3=0x744aa1f89030 fs0x107=0x5bfebc047820 fs0x123=0x7ffe44cd6248 fs0x128=0x7f fs0x147=0x6 ip_w0=0x12 ip_w1=0xac8 ip_w2=0x303a ip_w3=0x9915 ip_w4=0xd795 ip_w5=0xcb7a ip_w6=0x79f9 ip_w7=0x3400 ip_w8=0x4c8b ip_w9=0xf302 ip_w10=0x3da7 ip_w11=0x7501 ip_w12=0xab ip_w13=0x0 ip_w14=0x30 ip_w15=0x0 target=0x744aa1a9a24c target_off=0x9a24c
[VMTAIL] site=0xa3dc4 count=221 frame=0x744aa1a7836d frame_off=0x7836d vm_ip=0x744aa1d6ef2c vm_ip_off=0x36ef2c vm_flags=0xe1ddcb7c vm_state=0x5632a04d vm_byte=0x3a table=0x744aa1ac3718 table_off=0xc3718 rax=0x744aa1a78377 rbx=0xffff8bb523df07ff rcx=0x510efe rdx=0xffffffffffc001fc rsi=0x744aa1a78390 rdi=0x744aa1ac3d70 r8=0x200 r9=0x744aa1a7836d r10=0xe1c5827c r11=0xffff8bb4de58d2b7 r12=0x800008 r13=0x744aa1a784dd r14=0x744aa1aa1484 r15=0x658 rbp=0x744aa1a7836d rsp=0x7ffe44cd5960 fs0x0=0xffffffff991fb4c8 fs0x12=0x7ffe44cd59ff00 fs0x60=0xffffffff991fb4c0 fs0x68=0x744aa1f89030 fs0x71=0x1a44e4f7 fs0x81=0x744a87629ef7 fs0xe1=0x7820000000000062 fs0x13d=0x202 fs0x16f=0x5632a04d01 fs0x1e8=0x7ffe44cd5960 fs0x13=0x7ffe44cd59ff fs0x91=0x5bfebc047010 fs0xab=0x0 fs0xb3=0x7ffe44cd59f0 fs0xcb=0x744aa26c5000 fs0x19d=0x744aa1f8903f fs0x28=0x202 fs0x38=0x5bfea9469dc8 fs0x79=0x8 fs0x89=0x0 fs0x99=0x0 fs0xd3=0x744aa1f89030 fs0x107=0x5bfebc047820 fs0x123=0x7ffe44cd6248 fs0x128=0x7f fs0x147=0x6 ip_w0=0x9a17 ip_w1=0x3706 ip_w2=0x4dfd ip_w3=0x112a ip_w4=0x3c82 ip_w5=0x3dab ip_w6=0x8301 ip_w7=0x639 ip_w8=0xb8af ip_w9=0xa5 ip_w10=0x0 ip_w11=0x40 ip_w12=0x8000 ip_w13=0xfe ip_w14=0x1e8 ip_w15=0x4742 target=0x744aa1aa1484 target_off=0xa1484
[VMTAIL] site=0xb7699 count=222 frame=0x744aa1a7836d frame_off=0x7836d vm_ip=0x744aa1d6eefe vm_ip_off=0x36eefe vm_flags=0x40500044 vm_state=0xe73b5c3a vm_byte=0x3a table=0x744aa1ac3718 table_off=0xc3718 rax=0xffff8bb5de2910d0 rbx=0x744aa1ac3c41 rcx=0x460 rdx=0xffff176abc7cd79a rsi=0x744aa1a78377 rdi=0x80000000 r8=0x744aa1a9a24c r9=0x0 r10=0x744aa1ac3c40 r11=0x40 r12=0x744aa1a9a24c r13=0xffff8bb55e53c330 r14=0x0 r15=0x744aa1ac4088 rbp=0x744aa1a7836d rsp=0x7ffe44cd5960 fs0x0=0x64ad990b fs0x12=0x7ffe44cd59ff00 fs0x60=0xffffffff991fb4c0 fs0x68=0x744aa1f89030 fs0x71=0x1a44e4f6 fs0x81=0x744a87629ef7 fs0xe1=0x7820000000000062 fs0x13d=0x202 fs0x16f=0xe73b5c3a01 fs0x1e8=0x7ffe44cd5960 fs0x13=0x7ffe44cd59ff fs0x91=0x5bfebc047010 fs0xab=0x0 fs0xb3=0x7ffe44cd59f0 fs0xcb=0x744aa26c5000 fs0x19d=0x744aa1f8903f fs0x28=0x202 fs0x38=0x5bfea9469dc8 fs0x79=0x7 fs0x89=0x0 fs0x99=0x0 fs0xd3=0x744aa1f89030 fs0x107=0x5bfebc047820 fs0x123=0x7ffe44cd6248 fs0x128=0x7f fs0x147=0x6 ip_w0=0x12 ip_w1=0xac8 ip_w2=0x303a ip_w3=0x9915 ip_w4=0xd795 ip_w5=0xcb7a ip_w6=0x79f9 ip_w7=0x3400 ip_w8=0x4c8b ip_w9=0xf302 ip_w10=0x3da7 ip_w11=0x7501 ip_w12=0xab ip_w13=0x0 ip_w14=0x30 ip_w15=0x0 target=0x744aa1a9a24c target_off=0x9a24c
[VMTAIL] site=0xa3dc4 count=223 frame=0x744aa1a7836d frame_off=0x7836d vm_ip=0x744aa1d6ef2c vm_ip_off=0x36ef2c vm_flags=0xe1ddcb7c vm_state=0x5632a04d vm_byte=0x3a table=0x744aa1ac3718 table_off=0xc3718 rax=0x744aa1a78377 rbx=0xffff8bb523df07ff rcx=0x510eff rdx=0xffffffffffc001fc rsi=0x744aa1a78390 rdi=0x744aa1ac3d70 r8=0x200 r9=0x744aa1a7836d r10=0xe1c5827c r11=0xffff8bb4de58d2b7 r12=0x800008 r13=0x744aa1a784dd r14=0x744aa1aa1484 r15=0x658 rbp=0x744aa1a7836d rsp=0x7ffe44cd5960 fs0x0=0xffffffff991fb4c7 fs0x12=0x7ffe44cd5a0000 fs0x60=0xffffffff991fb4c0 fs0x68=0x744aa1f89030 fs0x71=0x1a44e4f6 fs0x81=0x744a87629ef7 fs0xe1=0x7820000000000062 fs0x13d=0x202 fs0x16f=0x5632a04d01 fs0x1e8=0x7ffe44cd5960 fs0x13=0x7ffe44cd5a00 fs0x91=0x5bfebc047010 fs0xab=0x0 fs0xb3=0x7ffe44cd59f0 fs0xcb=0x744aa26c5000 fs0x19d=0x744aa1f89040 fs0x28=0x202 fs0x38=0x5bfea9469dc8 fs0x79=0x7 fs0x89=0x0 fs0x99=0x0 fs0xd3=0x744aa1f89030 fs0x107=0x5bfebc047820 fs0x123=0x7ffe44cd6248 fs0x128=0x7f fs0x147=0x6 ip_w0=0x9a17 ip_w1=0x3706 ip_w2=0x4dfd ip_w3=0x112a ip_w4=0x3c82 ip_w5=0x3dab ip_w6=0x8301 ip_w7=0x639 ip_w8=0xb8af ip_w9=0xa5 ip_w10=0x0 ip_w11=0x40 ip_w12=0x8000 ip_w13=0xfe ip_w14=0x1e8 ip_w15=0x4742 target=0x744aa1aa1484 target_off=0xa1484
[VMTAIL] site=0xb7699 count=224 frame=0x744aa1a7836d frame_off=0x7836d vm_ip=0x744aa1d6eefe vm_ip_off=0x36eefe vm_flags=0x40500044 vm_state=0xe73b5c3a vm_byte=0x3a table=0x744aa1ac3718 table_off=0xc3718 rax=0xffff8bb5de2910d0 rbx=0x744aa1ac3c41 rcx=0x460 rdx=0xffff176abc7cd79a rsi=0x744aa1a78377 rdi=0x80000000 r8=0x744aa1a9a24c r9=0x0 r10=0x744aa1ac3c40 r11=0x40 r12=0x744aa1a9a24c r13=0xffff8bb55e53c330 r14=0x0 r15=0x744aa1ac4088 rbp=0x744aa1a7836d rsp=0x7ffe44cd5960 fs0x0=0x64ad9904 fs0x12=0x7ffe44cd5a0000 fs0x60=0xffffffff991fb4c0 fs0x68=0x744aa1f89030 fs0x71=0x1a44e4f5 fs0x81=0x744a87629ef7 fs0xe1=0x7820000000000062 fs0x13d=0x206 fs0x16f=0xe73b5c3a01 fs0x1e8=0x7ffe44cd5960 fs0x13=0x7ffe44cd5a00 fs0x91=0x5bfebc047010 fs0xab=0x0 fs0xb3=0x7ffe44cd59f0 fs0xcb=0x744aa26c5000 fs0x19d=0x744aa1f89040 fs0x28=0x202 fs0x38=0x5bfea9469dc8 fs0x79=0x6 fs0x89=0x0 fs0x99=0x0 fs0xd3=0x744aa1f89030 fs0x107=0x5bfebc047820 fs0x123=0x7ffe44cd6248 fs0x128=0x7f fs0x147=0x6 ip_w0=0x12 ip_w1=0xac8 ip_w2=0x303a ip_w3=0x9915 ip_w4=0xd795 ip_w5=0xcb7a ip_w6=0x79f9 ip_w7=0x3400 ip_w8=0x4c8b ip_w9=0xf302 ip_w10=0x3da7 ip_w11=0x7501 ip_w12=0xab ip_w13=0x0 ip_w14=0x30 ip_w15=0x0 target=0x744aa1a9a24c target_off=0x9a24c
[VMTAIL] site=0xa3dc4 count=225 frame=0x744aa1a7836d frame_off=0x7836d vm_ip=0x744aa1d6ef2c vm_ip_off=0x36ef2c vm_flags=0xe1ddcb7c vm_state=0x5632a04d vm_byte=0x3a table=0x744aa1ac3718 table_off=0xc3718 rax=0x744aa1a78377 rbx=0xffff8bb523df07ff rcx=0x510ef8 rdx=0xffffffffffc001f8 rsi=0x744aa1a78390 rdi=0x744aa1ac3d70 r8=0x200 r9=0x744aa1a7836d r10=0xe1c5827c r11=0xffff8bb4de58d2b7 r12=0x800010 r13=0x744aa1a784dd r14=0x744aa1aa1484 r15=0x658 rbp=0x744aa1a7836d rsp=0x7ffe44cd5960 fs0x0=0xffffffff991fb4c6 fs0x12=0x7ffe44cd5a0100 fs0x60=0xffffffff991fb4c0 fs0x68=0x744aa1f89030 fs0x71=0x1a44e4f5 fs0x81=0x744a87629ef7 fs0xe1=0x7820000000000062 fs0x13d=0x206 fs0x16f=0x5632a04d01 fs0x1e8=0x7ffe44cd5960 fs0x13=0x7ffe44cd5a01 fs0x91=0x5bfebc047010 fs0xab=0x0 fs0xb3=0x7ffe44cd59f0 fs0xcb=0x744aa26c5000 fs0x19d=0x744aa1f89041 fs0x28=0x202 fs0x38=0x5bfea9469dc8 fs0x79=0x6 fs0x89=0x0 fs0x99=0x0 fs0xd3=0x744aa1f89030 fs0x107=0x5bfebc047820 fs0x123=0x7ffe44cd6248 fs0x128=0x7f fs0x147=0x6 ip_w0=0x9a17 ip_w1=0x3706 ip_w2=0x4dfd ip_w3=0x112a ip_w4=0x3c82 ip_w5=0x3dab ip_w6=0x8301 ip_w7=0x639 ip_w8=0xb8af ip_w9=0xa5 ip_w10=0x0 ip_w11=0x40 ip_w12=0x8000 ip_w13=0xfe ip_w14=0x1e8 ip_w15=0x4742 target=0x744aa1aa1484 target_off=0xa1484
[VMTAIL] site=0xb7699 count=226 frame=0x744aa1a7836d frame_off=0x7836d vm_ip=0x744aa1d6eefe vm_ip_off=0x36eefe vm_flags=0x40500044 vm_state=0xe73b5c3a vm_byte=0x3a table=0x744aa1ac3718 table_off=0xc3718 rax=0xffff8bb5de2910d0 rbx=0x744aa1ac3c41 rcx=0x460 rdx=0xffff176abc7cd79a rsi=0x744aa1a78377 rdi=0x80000000 r8=0x744aa1a9a24c r9=0x0 r10=0x744aa1ac3c40 r11=0x40 r12=0x744aa1a9a24c r13=0xffff8bb55e53c330 r14=0x0 r15=0x744aa1ac4088 rbp=0x744aa1a7836d rsp=0x7ffe44cd5960 fs0x0=0x64ad9905 fs0x12=0x7ffe44cd5a0100 fs0x60=0xffffffff991fb4c0 fs0x68=0x744aa1f89030 fs0x71=0x1a44e4f4 fs0x81=0x744a87629ef7 fs0xe1=0x7820000000000062 fs0x13d=0x206 fs0x16f=0xe73b5c3a01 fs0x1e8=0x7ffe44cd5960 fs0x13=0x7ffe44cd5a01 fs0x91=0x5bfebc047010 fs0xab=0x0 fs0xb3=0x7ffe44cd59f0 fs0xcb=0x744aa26c5000 fs0x19d=0x744aa1f89041 fs0x28=0x202 fs0x38=0x5bfea9469dc8 fs0x79=0x5 fs0x89=0x0 fs0x99=0x0 fs0xd3=0x744aa1f89030 fs0x107=0x5bfebc047820 fs0x123=0x7ffe44cd6248 fs0x128=0x7f fs0x147=0x6 ip_w0=0x12 ip_w1=0xac8 ip_w2=0x303a ip_w3=0x9915 ip_w4=0xd795 ip_w5=0xcb7a ip_w6=0x79f9 ip_w7=0x3400 ip_w8=0x4c8b ip_w9=0xf302 ip_w10=0x3da7 ip_w11=0x7501 ip_w12=0xab ip_w13=0x0 ip_w14=0x30 ip_w15=0x0 target=0x744aa1a9a24c target_off=0x9a24c
[VMTAIL] site=0xa3dc4 count=227 frame=0x744aa1a7836d frame_off=0x7836d vm_ip=0x744aa1d6ef2c vm_ip_off=0x36ef2c vm_flags=0xe1ddcb7c vm_state=0x5632a04d vm_byte=0x3a table=0x744aa1ac3718 table_off=0xc3718 rax=0x744aa1a78377 rbx=0xffff8bb523df07ff rcx=0x510ef9 rdx=0xffffffffffc001f8 rsi=0x744aa1a78390 rdi=0x744aa1ac3d70 r8=0x200 r9=0x744aa1a7836d r10=0xe1c5827c r11=0xffff8bb4de58d2b7 r12=0x800010 r13=0x744aa1a784dd r14=0x744aa1aa1484 r15=0x658 rbp=0x744aa1a7836d rsp=0x7ffe44cd5960 fs0x0=0xffffffff991fb4c5 fs0x12=0x7ffe44cd5a0200 fs0x60=0xffffffff991fb4c0 fs0x68=0x744aa1f89030 fs0x71=0x1a44e4f4 fs0x81=0x744a87629ef7 fs0xe1=0x7820000000000062 fs0x13d=0x206 fs0x16f=0x5632a04d01 fs0x1e8=0x7ffe44cd5960 fs0x13=0x7ffe44cd5a02 fs0x91=0x5bfebc047010 fs0xab=0x0 fs0xb3=0x7ffe44cd59f0 fs0xcb=0x744aa26c5000 fs0x19d=0x744aa1f89042 fs0x28=0x202 fs0x38=0x5bfea9469dc8 fs0x79=0x5 fs0x89=0x0 fs0x99=0x0 fs0xd3=0x744aa1f89030 fs0x107=0x5bfebc047820 fs0x123=0x7ffe44cd6248 fs0x128=0x7f fs0x147=0x6 ip_w0=0x9a17 ip_w1=0x3706 ip_w2=0x4dfd ip_w3=0x112a ip_w4=0x3c82 ip_w5=0x3dab ip_w6=0x8301 ip_w7=0x639 ip_w8=0xb8af ip_w9=0xa5 ip_w10=0x0 ip_w11=0x40 ip_w12=0x8000 ip_w13=0xfe ip_w14=0x1e8 ip_w15=0x4742 target=0x744aa1aa1484 target_off=0xa1484
[VMTAIL] site=0xb7699 count=228 frame=0x744aa1a7836d frame_off=0x7836d vm_ip=0x744aa1d6eefe vm_ip_off=0x36eefe vm_flags=0x40500044 vm_state=0xe73b5c3a vm_byte=0x3a table=0x744aa1ac3718 table_off=0xc3718 rax=0xffff8bb5de2910d0 rbx=0x744aa1ac3c41 rcx=0x460 rdx=0xffff176abc7cd79a rsi=0x744aa1a78377 rdi=0x80000000 r8=0x744aa1a9a24c r9=0x0 r10=0x744aa1ac3c40 r11=0x40 r12=0x744aa1a9a24c r13=0xffff8bb55e53c330 r14=0x0 r15=0x744aa1ac4088 rbp=0x744aa1a7836d rsp=0x7ffe44cd5960 fs0x0=0x64ad9906 fs0x12=0x7ffe44cd5a0200 fs0x60=0xffffffff991fb4c0 fs0x68=0x744aa1f89030 fs0x71=0x1a44e4f3 fs0x81=0x744a87629ef7 fs0xe1=0x7820000000000062 fs0x13d=0x202 fs0x16f=0xe73b5c3a01 fs0x1e8=0x7ffe44cd5960 fs0x13=0x7ffe44cd5a02 fs0x91=0x5bfebc047010 fs0xab=0x0 fs0xb3=0x7ffe44cd59f0 fs0xcb=0x744aa26c5000 fs0x19d=0x744aa1f89042 fs0x28=0x202 fs0x38=0x5bfea9469dc8 fs0x79=0x4 fs0x89=0x0 fs0x99=0x0 fs0xd3=0x744aa1f89030 fs0x107=0x5bfebc047820 fs0x123=0x7ffe44cd6248 fs0x128=0x7f fs0x147=0x6 ip_w0=0x12 ip_w1=0xac8 ip_w2=0x303a ip_w3=0x9915 ip_w4=0xd795 ip_w5=0xcb7a ip_w6=0x79f9 ip_w7=0x3400 ip_w8=0x4c8b ip_w9=0xf302 ip_w10=0x3da7 ip_w11=0x7501 ip_w12=0xab ip_w13=0x0 ip_w14=0x30 ip_w15=0x0 target=0x744aa1a9a24c target_off=0x9a24c
[VMTAIL] site=0xa3dc4 count=229 frame=0x744aa1a7836d frame_off=0x7836d vm_ip=0x744aa1d6ef2c vm_ip_off=0x36ef2c vm_flags=0xe1ddcb7c vm_state=0x5632a04d vm_byte=0x3a table=0x744aa1ac3718 table_off=0xc3718 rax=0x744aa1a78377 rbx=0xffff8bb523df07ff rcx=0x510efa rdx=0xffffffffffc001f8 rsi=0x744aa1a78390 rdi=0x744aa1ac3d70 r8=0x200 r9=0x744aa1a7836d r10=0xe1c5827c r11=0xffff8bb4de58d2b7 r12=0x800010 r13=0x744aa1a784dd r14=0x744aa1aa1484 r15=0x658 rbp=0x744aa1a7836d rsp=0x7ffe44cd5960 fs0x0=0xffffffff991fb4c4 fs0x12=0x7ffe44cd5a0300 fs0x60=0xffffffff991fb4c0 fs0x68=0x744aa1f89030 fs0x71=0x1a44e4f3 fs0x81=0x744a87629ef7 fs0xe1=0x7820000000000062 fs0x13d=0x202 fs0x16f=0x5632a04d01 fs0x1e8=0x7ffe44cd5960 fs0x13=0x7ffe44cd5a03 fs0x91=0x5bfebc047010 fs0xab=0x0 fs0xb3=0x7ffe44cd59f0 fs0xcb=0x744aa26c5000 fs0x19d=0x744aa1f89043 fs0x28=0x202 fs0x38=0x5bfea9469dc8 fs0x79=0x4 fs0x89=0x0 fs0x99=0x0 fs0xd3=0x744aa1f89030 fs0x107=0x5bfebc047820 fs0x123=0x7ffe44cd6248 fs0x128=0x7f fs0x147=0x6 ip_w0=0x9a17 ip_w1=0x3706 ip_w2=0x4dfd ip_w3=0x112a ip_w4=0x3c82 ip_w5=0x3dab ip_w6=0x8301 ip_w7=0x639 ip_w8=0xb8af ip_w9=0xa5 ip_w10=0x0 ip_w11=0x40 ip_w12=0x8000 ip_w13=0xfe ip_w14=0x1e8 ip_w15=0x4742 target=0x744aa1aa1484 target_off=0xa1484
[VMTAIL] site=0xb7699 count=230 frame=0x744aa1a7836d frame_off=0x7836d vm_ip=0x744aa1d6eefe vm_ip_off=0x36eefe vm_flags=0x40500044 vm_state=0xe73b5c3a vm_byte=0x3a table=0x744aa1ac3718 table_off=0xc3718 rax=0xffff8bb5de2910d0 rbx=0x744aa1ac3c41 rcx=0x460 rdx=0xffff176abc7cd79a rsi=0x744aa1a78377 rdi=0x80000000 r8=0x744aa1a9a24c r9=0x0 r10=0x744aa1ac3c40 r11=0x40 r12=0x744aa1a9a24c r13=0xffff8bb55e53c330 r14=0x0 r15=0x744aa1ac4088 rbp=0x744aa1a7836d rsp=0x7ffe44cd5960 fs0x0=0x64ad9907 fs0x12=0x7ffe44cd5a0300 fs0x60=0xffffffff991fb4c0 fs0x68=0x744aa1f89030 fs0x71=0x1a44e4f2 fs0x81=0x744a87629ef7 fs0xe1=0x7820000000000062 fs0x13d=0x206 fs0x16f=0xe73b5c3a01 fs0x1e8=0x7ffe44cd5960 fs0x13=0x7ffe44cd5a03 fs0x91=0x5bfebc047010 fs0xab=0x0 fs0xb3=0x7ffe44cd59f0 fs0xcb=0x744aa26c5000 fs0x19d=0x744aa1f89043 fs0x28=0x202 fs0x38=0x5bfea9469dc8 fs0x79=0x3 fs0x89=0x0 fs0x99=0x0 fs0xd3=0x744aa1f89030 fs0x107=0x5bfebc047820 fs0x123=0x7ffe44cd6248 fs0x128=0x7f fs0x147=0x6 ip_w0=0x12 ip_w1=0xac8 ip_w2=0x303a ip_w3=0x9915 ip_w4=0xd795 ip_w5=0xcb7a ip_w6=0x79f9 ip_w7=0x3400 ip_w8=0x4c8b ip_w9=0xf302 ip_w10=0x3da7 ip_w11=0x7501 ip_w12=0xab ip_w13=0x0 ip_w14=0x30 ip_w15=0x0 target=0x744aa1a9a24c target_off=0x9a24c
[VMTAIL] site=0xa3dc4 count=231 frame=0x744aa1a7836d frame_off=0x7836d vm_ip=0x744aa1d6ef2c vm_ip_off=0x36ef2c vm_flags=0xe1ddcb7c vm_state=0x5632a04d vm_byte=0x3a table=0x744aa1ac3718 table_off=0xc3718 rax=0x744aa1a78377 rbx=0xffff8bb523df07ff rcx=0x510efb rdx=0xffffffffffc001f8 rsi=0x744aa1a78390 rdi=0x744aa1ac3d70 r8=0x200 r9=0x744aa1a7836d r10=0xe1c5827c r11=0xffff8bb4de58d2b7 r12=0x800010 r13=0x744aa1a784dd r14=0x744aa1aa1484 r15=0x658 rbp=0x744aa1a7836d rsp=0x7ffe44cd5960 fs0x0=0xffffffff991fb4c3 fs0x12=0x7ffe44cd5a0400 fs0x60=0xffffffff991fb4c0 fs0x68=0x744aa1f89030 fs0x71=0x1a44e4f2 fs0x81=0x744a87629ef7 fs0xe1=0x7820000000000062 fs0x13d=0x206 fs0x16f=0x5632a04d01 fs0x1e8=0x7ffe44cd5960 fs0x13=0x7ffe44cd5a04 fs0x91=0x5bfebc047010 fs0xab=0x0 fs0xb3=0x7ffe44cd59f0 fs0xcb=0x744aa26c5000 fs0x19d=0x744aa1f89044 fs0x28=0x202 fs0x38=0x5bfea9469dc8 fs0x79=0x3 fs0x89=0x0 fs0x99=0x0 fs0xd3=0x744aa1f89030 fs0x107=0x5bfebc047820 fs0x123=0x7ffe44cd6248 fs0x128=0x7f fs0x147=0x6 ip_w0=0x9a17 ip_w1=0x3706 ip_w2=0x4dfd ip_w3=0x112a ip_w4=0x3c82 ip_w5=0x3dab ip_w6=0x8301 ip_w7=0x639 ip_w8=0xb8af ip_w9=0xa5 ip_w10=0x0 ip_w11=0x40 ip_w12=0x8000 ip_w13=0xfe ip_w14=0x1e8 ip_w15=0x4742 target=0x744aa1aa1484 target_off=0xa1484
[VMTAIL] site=0xb7699 count=232 frame=0x744aa1a7836d frame_off=0x7836d vm_ip=0x744aa1d6eefe vm_ip_off=0x36eefe vm_flags=0x40500044 vm_state=0xe73b5c3a vm_byte=0x3a table=0x744aa1ac3718 table_off=0xc3718 rax=0xffff8bb5de2910d0 rbx=0x744aa1ac3c41 rcx=0x460 rdx=0xffff176abc7cd79a rsi=0x744aa1a78377 rdi=0x80000000 r8=0x744aa1a9a24c r9=0x0 r10=0x744aa1ac3c40 r11=0x40 r12=0x744aa1a9a24c r13=0xffff8bb55e53c330 r14=0x0 r15=0x744aa1ac4088 rbp=0x744aa1a7836d rsp=0x7ffe44cd5960 fs0x0=0x64ad9900 fs0x12=0x7ffe44cd5a0400 fs0x60=0xffffffff991fb4c0 fs0x68=0x744aa1f89030 fs0x71=0x1a44e4f1 fs0x81=0x744a87629ef7 fs0xe1=0x7820000000000062 fs0x13d=0x202 fs0x16f=0xe73b5c3a01 fs0x1e8=0x7ffe44cd5960 fs0x13=0x7ffe44cd5a04 fs0x91=0x5bfebc047010 fs0xab=0x0 fs0xb3=0x7ffe44cd59f0 fs0xcb=0x744aa26c5000 fs0x19d=0x744aa1f89044 fs0x28=0x202 fs0x38=0x5bfea9469dc8 fs0x79=0x2 fs0x89=0x0 fs0x99=0x0 fs0xd3=0x744aa1f89030 fs0x107=0x5bfebc047820 fs0x123=0x7ffe44cd6248 fs0x128=0x7f fs0x147=0x6 ip_w0=0x12 ip_w1=0xac8 ip_w2=0x303a ip_w3=0x9915 ip_w4=0xd795 ip_w5=0xcb7a ip_w6=0x79f9 ip_w7=0x3400 ip_w8=0x4c8b ip_w9=0xf302 ip_w10=0x3da7 ip_w11=0x7501 ip_w12=0xab ip_w13=0x0 ip_w14=0x30 ip_w15=0x0 target=0x744aa1a9a24c target_off=0x9a24c
[VMTAIL] site=0xa3dc4 count=233 frame=0x744aa1a7836d frame_off=0x7836d vm_ip=0x744aa1d6ef2c vm_ip_off=0x36ef2c vm_flags=0xe1ddcb7c vm_state=0x5632a04d vm_byte=0x3a table=0x744aa1ac3718 table_off=0xc3718 rax=0x744aa1a78377 rbx=0xffff8bb523df07ff rcx=0x510efc rdx=0xffffffffffc001f4 rsi=0x744aa1a78390 rdi=0x744aa1ac3d70 r8=0x200 r9=0x744aa1a7836d r10=0xe1c5827c r11=0xffff8bb4de58d2b7 r12=0x800018 r13=0x744aa1a784dd r14=0x744aa1aa1484 r15=0x658 rbp=0x744aa1a7836d rsp=0x7ffe44cd5960 fs0x0=0xffffffff991fb4c2 fs0x12=0x7ffe44cd5a0500 fs0x60=0xffffffff991fb4c0 fs0x68=0x744aa1f89030 fs0x71=0x1a44e4f1 fs0x81=0x744a87629ef7 fs0xe1=0x7820000000000062 fs0x13d=0x202 fs0x16f=0x5632a04d01 fs0x1e8=0x7ffe44cd5960 fs0x13=0x7ffe44cd5a05 fs0x91=0x5bfebc047010 fs0xab=0x0 fs0xb3=0x7ffe44cd59f0 fs0xcb=0x744aa26c5000 fs0x19d=0x744aa1f89045 fs0x28=0x202 fs0x38=0x5bfea9469dc8 fs0x79=0x2 fs0x89=0x0 fs0x99=0x0 fs0xd3=0x744aa1f89030 fs0x107=0x5bfebc047820 fs0x123=0x7ffe44cd6248 fs0x128=0x7f fs0x147=0x6 ip_w0=0x9a17 ip_w1=0x3706 ip_w2=0x4dfd ip_w3=0x112a ip_w4=0x3c82 ip_w5=0x3dab ip_w6=0x8301 ip_w7=0x639 ip_w8=0xb8af ip_w9=0xa5 ip_w10=0x0 ip_w11=0x40 ip_w12=0x8000 ip_w13=0xfe ip_w14=0x1e8 ip_w15=0x4742 target=0x744aa1aa1484 target_off=0xa1484
[VMTAIL] site=0xb7699 count=234 frame=0x744aa1a7836d frame_off=0x7836d vm_ip=0x744aa1d6eefe vm_ip_off=0x36eefe vm_flags=0x40500044 vm_state=0xe73b5c3a vm_byte=0x3a table=0x744aa1ac3718 table_off=0xc3718 rax=0xffff8bb5de2910d0 rbx=0x744aa1ac3c41 rcx=0x460 rdx=0xffff176abc7cd79a rsi=0x744aa1a78377 rdi=0x80000000 r8=0x744aa1a9a24c r9=0x0 r10=0x744aa1ac3c40 r11=0x40 r12=0x744aa1a9a24c r13=0xffff8bb55e53c330 r14=0x0 r15=0x744aa1ac4088 rbp=0x744aa1a7836d rsp=0x7ffe44cd5960 fs0x0=0x64ad9901 fs0x12=0x7ffe44cd5a0500 fs0x60=0xffffffff991fb4c0 fs0x68=0x744aa1f89030 fs0x71=0x1a44e4f0 fs0x81=0x744a87629ef7 fs0xe1=0x7820000000000062 fs0x13d=0x202 fs0x16f=0xe73b5c3a01 fs0x1e8=0x7ffe44cd5960 fs0x13=0x7ffe44cd5a05 fs0x91=0x5bfebc047010 fs0xab=0x0 fs0xb3=0x7ffe44cd59f0 fs0xcb=0x744aa26c5000 fs0x19d=0x744aa1f89045 fs0x28=0x202 fs0x38=0x5bfea9469dc8 fs0x79=0x1 fs0x89=0x0 fs0x99=0x0 fs0xd3=0x744aa1f89030 fs0x107=0x5bfebc047820 fs0x123=0x7ffe44cd6248 fs0x128=0x7f fs0x147=0x6 ip_w0=0x12 ip_w1=0xac8 ip_w2=0x303a ip_w3=0x9915 ip_w4=0xd795 ip_w5=0xcb7a ip_w6=0x79f9 ip_w7=0x3400 ip_w8=0x4c8b ip_w9=0xf302 ip_w10=0x3da7 ip_w11=0x7501 ip_w12=0xab ip_w13=0x0 ip_w14=0x30 ip_w15=0x0 target=0x744aa1a9a24c target_off=0x9a24c
[VMTAIL] site=0xa3dc4 count=235 frame=0x744aa1a7836d frame_off=0x7836d vm_ip=0x744aa1d6ef2c vm_ip_off=0x36ef2c vm_flags=0xe1ddcb7c vm_state=0x5632a04d vm_byte=0x3a table=0x744aa1ac3718 table_off=0xc3718 rax=0x744aa1a78377 rbx=0xffff8bb523df07ff rcx=0x510efd rdx=0xffffffffffc001f4 rsi=0x744aa1a78390 rdi=0x744aa1ac3d70 r8=0x200 r9=0x744aa1a7836d r10=0xe1c5827c r11=0xffff8bb4de58d2b7 r12=0x800018 r13=0x744aa1a784dd r14=0x744aa1aa1484 r15=0x658 rbp=0x744aa1a7836d rsp=0x7ffe44cd5960 fs0x0=0xffffffff991fb4c1 fs0x12=0x7ffe44cd5a0600 fs0x60=0xffffffff991fb4c0 fs0x68=0x744aa1f89030 fs0x71=0x1a44e4f0 fs0x81=0x744a87629ef7 fs0xe1=0x7820000000000062 fs0x13d=0x202 fs0x16f=0x5632a04d01 fs0x1e8=0x7ffe44cd5960 fs0x13=0x7ffe44cd5a06 fs0x91=0x5bfebc047010 fs0xab=0x0 fs0xb3=0x7ffe44cd59f0 fs0xcb=0x744aa26c5000 fs0x19d=0x744aa1f89046 fs0x28=0x202 fs0x38=0x5bfea9469dc8 fs0x79=0x1 fs0x89=0x0 fs0x99=0x0 fs0xd3=0x744aa1f89030 fs0x107=0x5bfebc047820 fs0x123=0x7ffe44cd6248 fs0x128=0x7f fs0x147=0x6 ip_w0=0x9a17 ip_w1=0x3706 ip_w2=0x4dfd ip_w3=0x112a ip_w4=0x3c82 ip_w5=0x3dab ip_w6=0x8301 ip_w7=0x639 ip_w8=0xb8af ip_w9=0xa5 ip_w10=0x0 ip_w11=0x40 ip_w12=0x8000 ip_w13=0xfe ip_w14=0x1e8 ip_w15=0x4742 target=0x744aa1aa1484 target_off=0xa1484
[VMTAIL] site=0xb7699 count=236 frame=0x744aa1a7836d frame_off=0x7836d vm_ip=0x744aa1d6eefe vm_ip_off=0x36eefe vm_flags=0x40500044 vm_state=0xe73b5c3a vm_byte=0x3a table=0x744aa1ac3718 table_off=0xc3718 rax=0xffff8bb5de2910d0 rbx=0x744aa1ac3c41 rcx=0x460 rdx=0xffff176abc7cd79a rsi=0x744aa1a78377 rdi=0x80000000 r8=0x744aa1a9a24c r9=0x0 r10=0x744aa1ac3c40 r11=0x40 r12=0x744aa1a9a24c r13=0xffff8bb55e53c330 r14=0x0 r15=0x744aa1ac4088 rbp=0x744aa1a7836d rsp=0x7ffe44cd5960 fs0x0=0x64ad9902 fs0x12=0x7ffe44cd5a0600 fs0x60=0xffffffff991fb4c0 fs0x68=0x744aa1f89030 fs0x71=0x1a44e4ef fs0x81=0x744a87629ef7 fs0xe1=0x7820000000000062 fs0x13d=0x246 fs0x16f=0xe73b5c3a01 fs0x1e8=0x7ffe44cd5960 fs0x13=0x7ffe44cd5a06 fs0x91=0x5bfebc047010 fs0xab=0x0 fs0xb3=0x7ffe44cd59f0 fs0xcb=0x744aa26c5000 fs0x19d=0x744aa1f89046 fs0x28=0x202 fs0x38=0x5bfea9469dc8 fs0x79=0x0 fs0x89=0x0 fs0x99=0x0 fs0xd3=0x744aa1f89030 fs0x107=0x5bfebc047820 fs0x123=0x7ffe44cd6248 fs0x128=0x7f fs0x147=0x6 ip_w0=0x12 ip_w1=0xac8 ip_w2=0x303a ip_w3=0x9915 ip_w4=0xd795 ip_w5=0xcb7a ip_w6=0x79f9 ip_w7=0x3400 ip_w8=0x4c8b ip_w9=0xf302 ip_w10=0x3da7 ip_w11=0x7501 ip_w12=0xab ip_w13=0x0 ip_w14=0x30 ip_w15=0x0 target=0x744aa1a9a24c target_off=0x9a24c
[VMTAIL] site=0x9634f count=237 frame=0x744aa1a7836d frame_off=0x7836d vm_ip=0x744aa1d6ef46 vm_ip_off=0x36ef46 vm_flags=0x942ab014 vm_state=0xe50599f5 vm_byte=0x3a table=0x744aa1ac3718 table_off=0xc3718 rax=0x744aa1a784aa rbx=0x744aa1d6ef16 rcx=0x744aa1d6ef1e rdx=0x7f8de470 rsi=0xffff8bb57fffffff rdi=0x30 r8=0x0 r9=0x0 r10=0x744aa1a78377 r11=0x744aa1d6ef1a r12=0x744aa1a9b4b3 r13=0xab r14=0xe6fd r15=0x744aa1ac3c01 rbp=0x744aa1a7836d rsp=0x7ffe44cd5960 fs0x0=0xffffffff991fb4c0 fs0x12=0x7ffe44cd5a0601 fs0x60=0xffffffff991fb4c0 fs0x68=0x744aa1f89030 fs0x71=0x1a44e4ef fs0x81=0x744a87629ef7 fs0xe1=0x7820000000000062 fs0x13d=0x246 fs0x16f=0xe50599f501 fs0x1e8=0x7ffe44cd5960 fs0x13=0x7ffe44cd5a06 fs0x91=0x5bfebc047010 fs0xab=0x0 fs0xb3=0x7ffe44cd59f0 fs0xcb=0x744aa26c5000 fs0x19d=0x744aa1f89046 fs0x28=0x202 fs0x38=0x5bfea9469dc8 fs0x79=0x0 fs0x89=0x0 fs0x99=0x0 fs0xd3=0x744aa1f89030 fs0x107=0x5bfebc047820 fs0x123=0x7ffe44cd6248 fs0x128=0x7f fs0x147=0x6 ip_w0=0xfe ip_w1=0x1e8 ip_w2=0x4742 ip_w3=0xae3 ip_w4=0x1e8 ip_w5=0xc54b ip_w6=0x68 ip_w7=0x8de ip_w8=0xc0e7 ip_w9=0xedd ip_w10=0xa26a ip_w11=0x3dab ip_w12=0x1 ip_w13=0xe618 ip_w14=0x562b ip_w15=0xd28e target=0x744aa1a9b4b3 target_off=0x9b4b3
[VMTAIL] site=0x95b59 count=238 frame=0x744aa1a7836d frame_off=0x7836d vm_ip=0x744aa1d6f14a vm_ip_off=0x36f14a vm_flags=0xfd618f5d vm_state=0x22450108 vm_byte=0x3a table=0x744aa1ac3718 table_off=0xc3718 rax=0xffffffffde587b33 rbx=0x744aa1a7833a rcx=0x744aa1a784dd rdx=0x0 rsi=0x528 rdi=0x744a80000000 r8=0x744aa1a9a24c r9=0x21a78620 r10=0x744aa1ac3c40 r11=0x0 r12=0xffff8bb53cb1f71e r13=0x744aa1a7836d r14=0x744aa1a78377 r15=0x0 rbp=0x744aa1a7836d rsp=0x7ffe44cd5960 fs0x0=0x744a2fb53a4c fs0x12=0x7ffe44cd5a0601 fs0x60=0x72a40626 fs0x68=0x7ffe44cd59b8 fs0x71=0x1a44e4ef fs0x81=0x7ffe2a8874c9 fs0xe1=0x7820000000000062 fs0x13d=0x246 fs0x16f=0x2245010800 fs0x1e8=0x7ffe44cd5960 fs0x13=0x7ffe44cd5a06 fs0x91=0x5bfebc047010 fs0xab=0x0 fs0xb3=0x3560adf fs0xcb=0x744aa26c5000 fs0x19d=0x7ffe44cd59f0 fs0x28=0x202 fs0x38=0x5bfea9469dc8 fs0x79=0x0 fs0x89=0x0 fs0x99=0x0 fs0xd3=0x744aa1f89030 fs0x107=0x5bfebc047820 fs0x123=0x7ffe44cd6248 fs0x128=0x7f fs0x147=0x6 ip_w0=0x102 ip_w1=0xb637 ip_w2=0x75d6 ip_w3=0xf9d ip_w4=0xcf3a ip_w5=0x1e8 ip_w6=0x8946 ip_w7=0x3865 ip_w8=0xf1c8 ip_w9=0xe231 ip_w10=0x74 ip_w11=0x13d ip_w12=0xcee8 ip_w13=0x972f ip_w14=0xbdc1 ip_w15=0x3e2a target=0x744aa1a9a24c target_off=0x9a24c
[VMTAIL] site=0xc1d46 count=239 frame=0x744aa1a7836d frame_off=0x7836d vm_ip=0x744aa1d6f438 vm_ip_off=0x36f438 vm_flags=0xcb0d4e12 vm_state=0x8410188 vm_byte=0x3a table=0x744aa1ac3718 table_off=0xc3718 rax=0x744aa1ac3cd0 rbx=0x21a684de rcx=0xffff8bb5de4f468c rdx=0x0 rsi=0x0 rdi=0x744aa1a9d495 r8=0xfcdfa1defcb3 r9=0x6d r10=0x744aa1a784dd r11=0x7ffff824 r12=0x744aa1a78377 r13=0x744aa1a784dd r14=0xfffffffffffffa49 r15=0x80 rbp=0x744aa1a7836d rsp=0x7ffe44cd5960 fs0x0=0xfffffffffb78fc35 fs0x12=0x7ffe44cd5a0600 fs0x60=0x7ffddf90612c fs0x68=0x7ffe44cd59b8 fs0x71=0x1a44e4ef fs0x81=0x7ffe2a8874c9 fs0xe1=0x7820000000000062 fs0x13d=0x297 fs0x16f=0x841018800 fs0x1e8=0x7ffe44cd5960 fs0x13=0x7ffe44cd5a06 fs0x91=0x5bfebc047010 fs0xab=0x0 fs0xb3=0x41b17b20 fs0xcb=0x744aa26c5000 fs0x19d=0x7ffe44cd59f0 fs0x28=0x202 fs0x38=0x5bfea9469dc8 fs0x79=0x0 fs0x89=0x0 fs0x99=0x0 fs0xd3=0x744aa1f89030 fs0x107=0x5bfebc047820 fs0x123=0x7ffe44cd6248 fs0x128=0x7f fs0x147=0x6 ip_w0=0x1e8 ip_w1=0x8a2e ip_w2=0x8f99 ip_w3=0x4ab2 ip_w4=0xa19 ip_w5=0x5f1a ip_w6=0xf8b6 ip_w7=0xfa ip_w8=0x13d ip_w9=0x39a3 ip_w10=0x49df ip_w11=0x3484 ip_w12=0xe280 ip_w13=0x7900 ip_w14=0xf55c ip_w15=0x382b target=0x744aa1a9d495 target_off=0x9d495
[VMTAIL] site=0x90c21 count=240 frame=0x744aa1a7836d frame_off=0x7836d vm_ip=0x744aa1d6f14a vm_ip_off=0x36f14a vm_flags=0x8e8d264 vm_state=0x20450380 vm_byte=0x50 table=0x744aa1ac3718 table_off=0xc3718 rax=0x744aa1a9a24c rbx=0x0 rcx=0x744aa1a7847c rdx=0x528 rsi=0x3a8 rdi=0x744aa1a78377 r8=0x80000000 r9=0x21a78620 r10=0x744aa1ac3c40 r11=0x0 r12=0x56d r13=0x744aa1a7836d r14=0x55d r15=0x8000056d rbp=0x744aa1a7836d rsp=0x7ffe44cd5960 fs0x0=0x3107c507 fs0x12=0x7ffe44cd5a0600 fs0x60=0x1de787cc fs0x68=0x7ffe44cd596c fs0x71=0x382c6cbb fs0x81=0x7ffe2a88747d fs0xe1=0x7820000000000062 fs0x13d=0x202 fs0x16f=0x2045038000 fs0x1e8=0x7ffe44cd5960 fs0x13=0x7ffe44cd5a06 fs0x91=0x5bfebc047010 fs0xab=0x0 fs0xb3=0x1de787cc fs0xcb=0x744aa26c5000 fs0x19d=0x7ffe44cd59f0 fs0x28=0x202 fs0x38=0x5bfea9469dc8 fs0x79=0x7ffe44cd59f0 fs0x89=0x0 fs0x99=0x0 fs0xd3=0x7ffe44cd59f0 fs0x107=0x5bfebc047820 fs0x123=0x7ffe44cd6248 fs0x128=0x7f fs0x147=0x6 ip_w0=0x102 ip_w1=0xb637 ip_w2=0x75d6 ip_w3=0xf9d ip_w4=0xcf3a ip_w5=0x1e8 ip_w6=0x8946 ip_w7=0x3865 ip_w8=0xf1c8 ip_w9=0xe231 ip_w10=0x74 ip_w11=0x13d ip_w12=0xcee8 ip_w13=0x972f ip_w14=0xbdc1 ip_w15=0x3e2a target=0x744aa1a9a24c target_off=0x9a24c
[VMTAIL] site=0xc1d46 count=241 frame=0x744aa1a7836d frame_off=0x7836d vm_ip=0x744aa1d6f438 vm_ip_off=0x36f438 vm_flags=0xcb0d4e12 vm_state=0x8410188 vm_byte=0x3a table=0x744aa1ac3718 table_off=0xc3718 rax=0x744aa1ac3cd0 rbx=0x21a684de rcx=0xffff8bb5de4f464c rdx=0x0 rsi=0x0 rdi=0x744aa1a9d495 r8=0xfcdfa1defc3b r9=0x6d r10=0x744aa1a784dd r11=0x7ffff824 r12=0x744aa1a78377 r13=0x744aa1a784dd r14=0xfffffffffffffa49 r15=0x80 rbp=0x744aa1a7836d rsp=0x7ffe44cd5960 fs0x0=0xfffffffffb78fc36 fs0x12=0x7ffe44cd5a0600 fs0x60=0x7ffddf90612c fs0x68=0x7ffe44cd59b8 fs0x71=0x1a44e4f0 fs0x81=0x7ffe2a8874c9 fs0xe1=0x7820000000000062 fs0x13d=0x293 fs0x16f=0x841018800 fs0x1e8=0x7ffe44cd5960 fs0x13=0x7ffe44cd5a06 fs0x91=0x5bfebc047010 fs0xab=0x0 fs0xb3=0xa3ce2860 fs0xcb=0x744aa26c5000 fs0x19d=0x7ffe44cd59f0 fs0x28=0x202 fs0x38=0x5bfea9469dc8 fs0x79=0x7ffe44cd59f0 fs0x89=0x0 fs0x99=0x0 fs0xd3=0x7ffe44cd59f0 fs0x107=0x5bfebc047820 fs0x123=0x7ffe44cd6248 fs0x128=0x7f fs0x147=0x6 ip_w0=0x1e8 ip_w1=0x8a2e ip_w2=0x8f99 ip_w3=0x4ab2 ip_w4=0xa19 ip_w5=0x5f1a ip_w6=0xf8b6 ip_w7=0xfa ip_w8=0x13d ip_w9=0x39a3 ip_w10=0x49df ip_w11=0x3484 ip_w12=0xe280 ip_w13=0x7900 ip_w14=0xf55c ip_w15=0x382b target=0x744aa1a9d495 target_off=0x9d495
[VMTAIL] site=0x90c21 count=242 frame=0x744aa1a7836d frame_off=0x7836d vm_ip=0x744aa1d6f14a vm_ip_off=0x36f14a vm_flags=0x8e8d264 vm_state=0x20450380 vm_byte=0x50 table=0x744aa1ac3718 table_off=0xc3718 rax=0x744aa1a9a24c rbx=0x0 rcx=0x744aa1a7847c rdx=0x528 rsi=0x3a8 rdi=0x744aa1a78377 r8=0x80000000 r9=0x21a78620 r10=0x744aa1ac3c40 r11=0x0 r12=0x56d r13=0x744aa1a7836d r14=0x55d r15=0x8000056d rbp=0x744aa1a7836d rsp=0x7ffe44cd5960 fs0x0=0x2fb64814 fs0x12=0x7ffe44cd5a0600 fs0x60=0x7682c91a fs0x68=0x7ffe44cd596c fs0x71=0x90c7ae09 fs0x81=0x7ffe2a88747d fs0xe1=0x7820000000000062 fs0x13d=0x202 fs0x16f=0x2045038000 fs0x1e8=0x7ffe44cd5960 fs0x13=0x7ffe44cd5a06 fs0x91=0x5bfebc047010 fs0xab=0x0 fs0xb3=0x7682c91a fs0xcb=0x744aa26c5000 fs0x19d=0x7ffe44cd59f0 fs0x28=0x202 fs0x38=0x5bfea9469dc8 fs0x79=0x7ffe44cd59f0 fs0x89=0x0 fs0x99=0x0 fs0xd3=0x7ffe44cd59f4 fs0x107=0x5bfebc047820 fs0x123=0x7ffe44cd6248 fs0x128=0x7f fs0x147=0x6 ip_w0=0x102 ip_w1=0xb637 ip_w2=0x75d6 ip_w3=0xf9d ip_w4=0xcf3a ip_w5=0x1e8 ip_w6=0x8946 ip_w7=0x3865 ip_w8=0xf1c8 ip_w9=0xe231 ip_w10=0x74 ip_w11=0x13d ip_w12=0xcee8 ip_w13=0x972f ip_w14=0xbdc1 ip_w15=0x3e2a target=0x744aa1a9a24c target_off=0x9a24c
[VMTAIL] site=0xc1d46 count=243 frame=0x744aa1a7836d frame_off=0x7836d vm_ip=0x744aa1d6f438 vm_ip_off=0x36f438 vm_flags=0xcb0d4e12 vm_state=0x8410188 vm_byte=0x3a table=0x744aa1ac3718 table_off=0xc3718 rax=0x744aa1ac3cd0 rbx=0x21a684de rcx=0xffff8bb5de4f464c rdx=0x0 rsi=0x0 rdi=0x744aa1a9d495 r8=0xfcdfa1defc31 r9=0x6d r10=0x744aa1a784dd r11=0x7ffff824 r12=0x744aa1a78377 r13=0x744aa1a784dd r14=0xfffffffffffffa49 r15=0x80 rbp=0x744aa1a7836d rsp=0x7ffe44cd5960 fs0x0=0xfffffffffb78fc37 fs0x12=0x7ffe44cd5a0600 fs0x60=0x7ffddf90612c fs0x68=0x7ffe44cd59b8 fs0x71=0x1a44e4f1 fs0x81=0x7ffe2a8874c9 fs0xe1=0x7820000000000062 fs0x13d=0x293 fs0x16f=0x841018800 fs0x1e8=0x7ffe44cd5960 fs0x13=0x7ffe44cd5a06 fs0x91=0x5bfebc047010 fs0xab=0x0 fs0xb3=0xf433d940 fs0xcb=0x744aa26c5000 fs0x19d=0x7ffe44cd59f0 fs0x28=0x202 fs0x38=0x5bfea9469dc8 fs0x79=0x7ffe44cd59f0 fs0x89=0x0 fs0x99=0x0 fs0xd3=0x7ffe44cd59f4 fs0x107=0x5bfebc047820 fs0x123=0x7ffe44cd6248 fs0x128=0x7f fs0x147=0x6 ip_w0=0x1e8 ip_w1=0x8a2e ip_w2=0x8f99 ip_w3=0x4ab2 ip_w4=0xa19 ip_w5=0x5f1a ip_w6=0xf8b6 ip_w7=0xfa ip_w8=0x13d ip_w9=0x39a3 ip_w10=0x49df ip_w11=0x3484 ip_w12=0xe280 ip_w13=0x7900 ip_w14=0xf55c ip_w15=0x382b target=0x744aa1a9d495 target_off=0x9d495
[VMTAIL] site=0x90c21 count=244 frame=0x744aa1a7836d frame_off=0x7836d vm_ip=0x744aa1d6f14a vm_ip_off=0x36f14a vm_flags=0x8e8d264 vm_state=0x20450380 vm_byte=0x50 table=0x744aa1ac3718 table_off=0xc3718 rax=0x744aa1a9a24c rbx=0x0 rcx=0x744aa1a7847c rdx=0x528 rsi=0x3a8 rdi=0x744aa1a78377 r8=0x80000000 r9=0x21a78620 r10=0x744aa1ac3c40 r11=0x0 r12=0x56d r13=0x744aa1a7836d r14=0x55d r15=0x8000056d rbp=0x744aa1a7836d rsp=0x7ffe44cd5960 fs0x0=0x44d306c2 fs0x12=0x7ffe44cd5a0600 fs0x60=0xdc923c56 fs0x68=0x7ffe44cd596c fs0x71=0xf6d72145 fs0x81=0x7ffe2a88747d fs0xe1=0x7820000000000062 fs0x13d=0x206 fs0x16f=0x2045038000 fs0x1e8=0x7ffe44cd5960 fs0x13=0x7ffe44cd5a06 fs0x91=0x5bfebc047010 fs0xab=0x0 fs0xb3=0xdc923c56 fs0xcb=0x744aa26c5000 fs0x19d=0x7ffe44cd59f0 fs0x28=0x202 fs0x38=0x5bfea9469dc8 fs0x79=0x7ffe44cd59f0 fs0x89=0x0 fs0x99=0x0 fs0xd3=0x7ffe44cd59f8 fs0x107=0x5bfebc047820 fs0x123=0x7ffe44cd6248 fs0x128=0x7f fs0x147=0x6 ip_w0=0x102 ip_w1=0xb637 ip_w2=0x75d6 ip_w3=0xf9d ip_w4=0xcf3a ip_w5=0x1e8 ip_w6=0x8946 ip_w7=0x3865 ip_w8=0xf1c8 ip_w9=0xe231 ip_w10=0x74 ip_w11=0x13d ip_w12=0xcee8 ip_w13=0x972f ip_w14=0xbdc1 ip_w15=0x3e2a target=0x744aa1a9a24c target_off=0x9a24c
[VMTAIL] site=0xc1d46 count=245 frame=0x744aa1a7836d frame_off=0x7836d vm_ip=0x744aa1d6f438 vm_ip_off=0x36f438 vm_flags=0xcb0d4e12 vm_state=0x8410188 vm_byte=0x3a table=0x744aa1ac3718 table_off=0xc3718 rax=0x744aa1ac3cd0 rbx=0x21a684de rcx=0xffff8bb5de4f464c rdx=0x0 rsi=0x0 rdi=0x744aa1a9d495 r8=0xfcdfa1defc39 r9=0x6d r10=0x744aa1a784dd r11=0x7ffff824 r12=0x744aa1a78377 r13=0x744aa1a784dd r14=0xfffffffffffffa49 r15=0x80 rbp=0x744aa1a7836d rsp=0x7ffe44cd5960 fs0x0=0xfffffffffb78fc38 fs0x12=0x7ffe44cd5a0600 fs0x60=0x7ffddf90612c fs0x68=0x7ffe44cd59b8 fs0x71=0x1a44e4f2 fs0x81=0x7ffe2a8874c9 fs0xe1=0x7820000000000062 fs0x13d=0x297 fs0x16f=0x841018800 fs0x1e8=0x7ffe44cd5960 fs0x13=0x7ffe44cd5a06 fs0x91=0x5bfebc047010 fs0xab=0x0 fs0xb3=0x63163b40 fs0xcb=0x744aa26c5000 fs0x19d=0x7ffe44cd59f0 fs0x28=0x202 fs0x38=0x5bfea9469dc8 fs0x79=0x7ffe44cd59f0 fs0x89=0x0 fs0x99=0x0 fs0xd3=0x7ffe44cd59f8 fs0x107=0x5bfebc047820 fs0x123=0x7ffe44cd6248 fs0x128=0x7f fs0x147=0x6 ip_w0=0x1e8 ip_w1=0x8a2e ip_w2=0x8f99 ip_w3=0x4ab2 ip_w4=0xa19 ip_w5=0x5f1a ip_w6=0xf8b6 ip_w7=0xfa ip_w8=0x13d ip_w9=0x39a3 ip_w10=0x49df ip_w11=0x3484 ip_w12=0xe280 ip_w13=0x7900 ip_w14=0xf55c ip_w15=0x382b target=0x744aa1a9d495 target_off=0x9d495
[VMTAIL] site=0x90c21 count=246 frame=0x744aa1a7836d frame_off=0x7836d vm_ip=0x744aa1d6f14a vm_ip_off=0x36f14a vm_flags=0x8e8d264 vm_state=0x20450380 vm_byte=0x50 table=0x744aa1ac3718 table_off=0xc3718 rax=0x744aa1a9a24c rbx=0x0 rcx=0x744aa1a7847c rdx=0x528 rsi=0x3a8 rdi=0x744aa1a78377 r8=0x80000000 r9=0x21a78620 r10=0x744aa1ac3c40 r11=0x0 r12=0x56d r13=0x744aa1a7836d r14=0x55d r15=0x8000056d rbp=0x744aa1a7836d rsp=0x7ffe44cd5960 fs0x0=0xeec3f38e fs0x12=0x7ffe44cd5a0600 fs0x60=0xc07454d7 fs0x68=0x7ffe44cd596c fs0x71=0xdab939c6 fs0x81=0x7ffe2a88747d fs0xe1=0x7820000000000062 fs0x13d=0x202 fs0x16f=0x2045038000 fs0x1e8=0x7ffe44cd5960 fs0x13=0x7ffe44cd5a06 fs0x91=0x5bfebc047010 fs0xab=0x0 fs0xb3=0xc07454d7 fs0xcb=0x744aa26c5000 fs0x19d=0x7ffe44cd59f0 fs0x28=0x202 fs0x38=0x5bfea9469dc8 fs0x79=0x7ffe44cd59f0 fs0x89=0x0 fs0x99=0x0 fs0xd3=0x7ffe44cd59fc fs0x107=0x5bfebc047820 fs0x123=0x7ffe44cd6248 fs0x128=0x7f fs0x147=0x6 ip_w0=0x102 ip_w1=0xb637 ip_w2=0x75d6 ip_w3=0xf9d ip_w4=0xcf3a ip_w5=0x1e8 ip_w6=0x8946 ip_w7=0x3865 ip_w8=0xf1c8 ip_w9=0xe231 ip_w10=0x74 ip_w11=0x13d ip_w12=0xcee8 ip_w13=0x972f ip_w14=0xbdc1 ip_w15=0x3e2a target=0x744aa1a9a24c target_off=0x9a24c
[VMTAIL] site=0xc1d46 count=247 frame=0x744aa1a7836d frame_off=0x7836d vm_ip=0x744aa1d6f438 vm_ip_off=0x36f438 vm_flags=0xcb0d4e12 vm_state=0x8410188 vm_byte=0x3a table=0x744aa1ac3718 table_off=0xc3718 rax=0x744aa1ac3cd0 rbx=0x21a684de rcx=0xffff8bb5de4f464c rdx=0x0 rsi=0x0 rdi=0x744aa1a9d495 r8=0xfcdfa1defc3b r9=0x6d r10=0x744aa1a784dd r11=0x7ffff824 r12=0x744aa1a78377 r13=0x744aa1a784dd r14=0xfffffffffffffa49 r15=0x80 rbp=0x744aa1a7836d rsp=0x7ffe44cd5960 fs0x0=0xfffffffffb78fc39 fs0x12=0x7ffe44cd5a0600 fs0x60=0x7ffddf90612c fs0x68=0x7ffe44cd59b8 fs0x71=0x1a44e4f3 fs0x81=0x7ffe2a8874c9 fs0xe1=0x7820000000000062 fs0x13d=0x246 fs0x16f=0x841018800 fs0x1e8=0x7ffe44cd5960 fs0x13=0x7ffe44cd5a06 fs0x91=0x5bfebc047010 fs0xab=0x0 fs0xb3=0x5dd23400 fs0xcb=0x744aa26c5000 fs0x19d=0x7ffe44cd59f0 fs0x28=0x202 fs0x38=0x5bfea9469dc8 fs0x79=0x7ffe44cd59f0 fs0x89=0x0 fs0x99=0x0 fs0xd3=0x7ffe44cd59fc fs0x107=0x5bfebc047820 fs0x123=0x7ffe44cd6248 fs0x128=0x7f fs0x147=0x6 ip_w0=0x1e8 ip_w1=0x8a2e ip_w2=0x8f99 ip_w3=0x4ab2 ip_w4=0xa19 ip_w5=0x5f1a ip_w6=0xf8b6 ip_w7=0xfa ip_w8=0x13d ip_w9=0x39a3 ip_w10=0x49df ip_w11=0x3484 ip_w12=0xe280 ip_w13=0x7900 ip_w14=0xf55c ip_w15=0x382b target=0x744aa1a9d495 target_off=0x9d495
[VMTAIL] site=0x90c21 count=248 frame=0x744aa1a7836d frame_off=0x7836d vm_ip=0x744aa1d6f14a vm_ip_off=0x36f14a vm_flags=0x8e8d264 vm_state=0x20450380 vm_byte=0x50 table=0x744aa1ac3718 table_off=0xc3718 rax=0x744aa1a9a24c rbx=0x0 rcx=0x744aa1a7847c rdx=0x528 rsi=0x3a8 rdi=0x744aa1a78377 r8=0x80000000 r9=0x21a78620 r10=0x744aa1ac3c40 r11=0x0 r12=0x56d r13=0x744aa1a7836d r14=0x55d r15=0x8000056d rbp=0x744aa1a7836d rsp=0x7ffe44cd5960 fs0x0=0xf2259b0f fs0x12=0x7ffe44cd5a0600 fs0x60=0xb9e52d00 fs0x68=0x7ffe44cd596c fs0x71=0xd42a11ef fs0x81=0x7ffe2a88747d fs0xe1=0x7820000000000062 fs0x13d=0x206 fs0x16f=0x2045038000 fs0x1e8=0x7ffe44cd5960 fs0x13=0x7ffe44cd5a06 fs0x91=0x5bfebc047010 fs0xab=0x0 fs0xb3=0xb9e52d00 fs0xcb=0x744aa26c5000 fs0x19d=0x7ffe44cd59f0 fs0x28=0x202 fs0x38=0x5bfea9469dc8 fs0x79=0x7ffe44cd59f0 fs0x89=0x0 fs0x99=0x0 fs0xd3=0x7ffe44cd5a00 fs0x107=0x5bfebc047820 fs0x123=0x7ffe44cd6248 fs0x128=0x7f fs0x147=0x6 ip_w0=0x102 ip_w1=0xb637 ip_w2=0x75d6 ip_w3=0xf9d ip_w4=0xcf3a ip_w5=0x1e8 ip_w6=0x8946 ip_w7=0x3865 ip_w8=0xf1c8 ip_w9=0xe231 ip_w10=0x74 ip_w11=0x13d ip_w12=0xcee8 ip_w13=0x972f ip_w14=0xbdc1 ip_w15=0x3e2a target=0x744aa1a9a24c target_off=0x9a24c
[VMTAIL] site=0xabc56 count=249 frame=0x744aa1a7836d frame_off=0x7836d vm_ip=0x744aa1d6f6af vm_ip_off=0x36f6af vm_flags=0x9156e97 vm_state=0x813bbb95 vm_byte=0x3a table=0x744aa1ac3718 table_off=0xc3718 rax=0x744aa1a78377 rbx=0x0 rcx=0x288 rdx=0x1 rsi=0xffffffff3b730030 rdi=0x400 r8=0x0 r9=0x744aa1a9a24c r10=0x0 r11=0x744a21a28406 r12=0x744aa1ac3c01 r13=0x528 r14=0xeab59 r15=0x8d62 rbp=0x744aa1a7836d rsp=0x7ffe44cd5960 fs0x0=0xfffffffffb78fc3a fs0x12=0x7ffe44cd5a0601 fs0x60=0xfffffffffb78fc39 fs0x68=0x7ffe44cd59b8 fs0x71=0x1a44e4f4 fs0x81=0x7ffe2a8874c9 fs0xe1=0x7820000000000062 fs0x13d=0x202 fs0x16f=0x813bbb9500 fs0x1e8=0x7ffe44cd5960 fs0x13=0x7ffe44cd5a06 fs0x91=0x5bfebc047010 fs0xab=0x0 fs0xb3=0x88a46440 fs0xcb=0x744aa26c5000 fs0x19d=0x7ffe44cd59f0 fs0x28=0x202 fs0x38=0x5bfea9469dc8 fs0x79=0x7ffe44cd59f0 fs0x89=0x0 fs0x99=0x0 fs0xd3=0x7ffe44cd5a00 fs0x107=0x5bfebc047820 fs0x123=0x7ffe44cd6248 fs0x128=0x7f fs0x147=0x6 ip_w0=0x15b ip_w1=0x3981 ip_w2=0x931 ip_w3=0x20f0 ip_w4=0x5b0c ip_w5=0xf95 ip_w6=0xf3ea ip_w7=0x1e8 ip_w8=0x880e ip_w9=0x968 ip_w10=0x56 ip_w11=0x13d ip_w12=0xf4ff ip_w13=0x3ca5 ip_w14=0x75ec ip_w15=0x30 target=0x744aa1a9a24c target_off=0x9a24c
[VMTAIL] site=0xa062e count=250 frame=0x744aa1a7836d frame_off=0x7836d vm_ip=0x744aa1d6f820 vm_ip_off=0x36f820 vm_flags=0x9571b362 vm_state=0xc0174759 vm_byte=0x3a table=0x744aa1ac3718 table_off=0xc3718 rax=0x0 rbx=0x744aa1ac3c40 rcx=0x744aa1a78377 rdx=0x744aa1ac3c40 rsi=0xffffffffffffffeb rdi=0x0 r8=0x0 r9=0x744aa1a784dd r10=0x3b32a652 r11=0x744aa1a7843a r12=0x0 r13=0xfffffffffffff423 r14=0x744aa1a9a24c r15=0x744aa1a784dd rbp=0x744aa1a7836d rsp=0x7ffe44cd5960 fs0x0=0x2 fs0x12=0x7ffe44cd5a0601 fs0x60=0xffffffff8abc509b fs0x68=0x7ffe44cd59c0 fs0x71=0x1a44e503 fs0x81=0x7ffe2a8874d1 fs0xe1=0x7820000000000062 fs0x13d=0x202 fs0x16f=0xc017475900 fs0x1e8=0x7ffe44cd5960 fs0x13=0x7ffe44cd5a06 fs0x91=0x5bfebc047010 fs0xab=0x0 fs0xb3=0xa70a3b14 fs0xcb=0x744aa26c5000 fs0x19d=0x7ffe44cd59f0 fs0x28=0x202 fs0x38=0x5bfea9469dc8 fs0x79=0x7ffe44cd59f0 fs0x89=0x0 fs0x99=0x0 fs0xd3=0x7ffe44cd5a00 fs0x107=0x5bfebc047820 fs0x123=0x7ffe44cd6248 fs0x128=0x7f fs0x147=0x6 ip_w0=0xc7 ip_w1=0x456f ip_w2=0x343a ip_w3=0xf059 ip_w4=0xe301 ip_w5=0xe80b ip_w6=0xd101 ip_w7=0xbcb1 ip_w8=0x6faa ip_w9=0x6490 ip_w10=0x23 ip_w11=0x13d ip_w12=0xb827 ip_w13=0xd5ff ip_w14=0xae47 ip_w15=0xd718 target=0x744aa1a9a24c target_off=0x9a24c
[VMTAIL] site=0xbf886 count=251 frame=0x744aa1a7836d frame_off=0x7836d vm_ip=0x744aa1d6f87c vm_ip_off=0x36f87c vm_flags=0x73e5c887 vm_state=0xf6f61332 vm_byte=0x3a table=0x744aa1ac3718 table_off=0xc3718 rax=0x200001060379 rbx=0x744aa1a91379 rcx=0x744aa1a78377 rdx=0xffff176abcb10368 rsi=0xffff8bb480000003 rdi=0x744aa1a784dd r8=0x744aa1ac3ae0 r9=0xffff176abcb089b0 r10=0x744aa1a784dd r11=0x744aa1a7836d r12=0xffff8bb55e587c93 r13=0xffff8bb480000003 r14=0x3c8 r15=0x744aa1a91379 rbp=0x744aa1a7836d rsp=0x7ffe44cd5960 fs0x0=0x7ffe496eee19 fs0x12=0x7ffe44cd5a0600 fs0x60=0xfffffffffb78fc4a fs0x68=0x7ffe44cd59c0 fs0x71=0x1a44e503 fs0x81=0x7ffe2a8874d1 fs0xe1=0x7820000000000062 fs0x13d=0x297 fs0x16f=0xf6f6133201 fs0x1e8=0x7ffe44cd5960 fs0x13=0x7ffe44cd5a06 fs0x91=0x5bfebc047010 fs0xab=0x0 fs0xb3=0xa70a3b14 fs0xcb=0x744aa26c5000 fs0x19d=0x7ffe44cd59f0 fs0x28=0x202 fs0x38=0x5bfea9469dc8 fs0x79=0x7ffe44cd59f0 fs0x89=0x0 fs0x99=0x0 fs0xd3=0x7ffe44cd5a00 fs0x107=0x5bfebc047820 fs0x123=0x7ffe44cd6248 fs0x128=0x7f fs0x147=0x6 ip_w0=0x4f46 ip_w1=0x247d ip_w2=0x7ba9 ip_w3=0x1e8 ip_w4=0x620 ip_w5=0x2527 ip_w6=0xad6a ip_w7=0xde ip_w8=0x13d ip_w9=0xd0f7 ip_w10=0x262e ip_w11=0x1134 ip_w12=0x68 ip_w13=0x6a48 ip_w14=0x973a ip_w15=0x684a target=0x744aa1a91379 target_off=0x91379
[VMTAIL] site=0xafa1d count=252 frame=0x744aa1a7836d frame_off=0x7836d vm_ip=0x744aa1d6f820 vm_ip_off=0x36f820 vm_flags=0xf3eeef8d vm_state=0xbd39f3b5 vm_byte=0x3a table=0x744aa1ac3718 table_off=0xc3718 rax=0x80000000 rbx=0x744aa1a784dd rcx=0x15cdf64888110 rdx=0x744aa1a9a24c rsi=0x400 rdi=0x850 r8=0x1 r9=0x744aa1a784dd r10=0x0 r11=0x744aa1a7847c r12=0x744aa1a78377 r13=0xffffffff80000000 r14=0x2ce r15=0x744aa1ac3f68 rbp=0x744aa1a7836d rsp=0x7ffe44cd5960 fs0x0=0x24c0b952 fs0x12=0x7ffe44cd5a0600 fs0x60=0x24c0b93f fs0x68=0x7ffe44cd59c0 fs0x71=0x1a44e504 fs0x81=0x7ffe2a8874d1 fs0xe1=0x7820000000000062 fs0x13d=0x202 fs0x16f=0xbd39f3b500 fs0x1e8=0x7ffe44cd5960 fs0x13=0x7ffe44cd5a06 fs0x91=0x5bfebc047010 fs0xab=0x0 fs0xb3=0x7ffe44cd5a04 fs0xcb=0x744aa26c5000 fs0x19d=0x7ffe44cd59f0 fs0x28=0x202 fs0x38=0x5bfea9469dc8 fs0x79=0x7ffe44cd59f0 fs0x89=0x0 fs0x99=0x0 fs0xd3=0xa70a3b73 fs0x107=0x5bfebc047820 fs0x123=0x7ffe44cd6248 fs0x128=0x7f fs0x147=0x6 ip_w0=0xc7 ip_w1=0x456f ip_w2=0x343a ip_w3=0xf059 ip_w4=0xe301 ip_w5=0xe80b ip_w6=0xd101 ip_w7=0xbcb1 ip_w8=0x6faa ip_w9=0x6490 ip_w10=0x23 ip_w11=0x13d ip_w12=0xb827 ip_w13=0xd5ff ip_w14=0xae47 ip_w15=0xd718 target=0x744aa1a9a24c target_off=0x9a24c
[VMTAIL] site=0xbf886 count=253 frame=0x744aa1a7836d frame_off=0x7836d vm_ip=0x744aa1d6f87c vm_ip_off=0x36f87c vm_flags=0x73e5c887 vm_state=0xf6f61332 vm_byte=0x3a table=0x744aa1ac3718 table_off=0xc3718 rax=0x200001060379 rbx=0x744aa1a91379 rcx=0x744aa1a78377 rdx=0xffff176abcb10368 rsi=0xffff8bb480000003 rdi=0x744aa1a784dd r8=0x744aa1ac3ae0 r9=0xffff176abcb089b0 r10=0x744aa1a784dd r11=0x744aa1a7836d r12=0xffff8bb55e587c93 r13=0xffff8bb480000003 r14=0x3c8 r15=0x744aa1a91379 rbp=0x744aa1a7836d rsp=0x7ffe44cd5960 fs0x0=0x7ffe496eee19 fs0x12=0x7ffe44cd5a0600 fs0x60=0xfffffffffb78fc4a fs0x68=0x7ffe44cd59c0 fs0x71=0x1a44e504 fs0x81=0x7ffe2a8874d1 fs0xe1=0x7820000000000062 fs0x13d=0x246 fs0x16f=0xf6f6133201 fs0x1e8=0x7ffe44cd5960 fs0x13=0x7ffe44cd5a06 fs0x91=0x5bfebc047010 fs0xab=0x0 fs0xb3=0x7ffe44cd5a04 fs0xcb=0x744aa26c5000 fs0x19d=0x7ffe44cd59f0 fs0x28=0x202 fs0x38=0x5bfea9469dc8 fs0x79=0x7ffe44cd59f0 fs0x89=0x0 fs0x99=0x0 fs0xd3=0xa70a3b73 fs0x107=0x5bfebc047820 fs0x123=0x7ffe44cd6248 fs0x128=0x7f fs0x147=0x6 ip_w0=0x4f46 ip_w1=0x247d ip_w2=0x7ba9 ip_w3=0x1e8 ip_w4=0x620 ip_w5=0x2527 ip_w6=0xad6a ip_w7=0xde ip_w8=0x13d ip_w9=0xd0f7 ip_w10=0x262e ip_w11=0x1134 ip_w12=0x68 ip_w13=0x6a48 ip_w14=0x973a ip_w15=0x684a target=0x744aa1a91379 target_off=0x91379
[VMTAIL] site=0xafa1d count=254 frame=0x744aa1a7836d frame_off=0x7836d vm_ip=0x744aa1d6f820 vm_ip_off=0x36f820 vm_flags=0xf3eeef8d vm_state=0xbd39f3b5 vm_byte=0x3a table=0x744aa1ac3718 table_off=0xc3718 rax=0x80000000 rbx=0x744aa1a784dd rcx=0x15cdf64888110 rdx=0x744aa1a9a24c rsi=0x400 rdi=0x850 r8=0x1 r9=0x744aa1a784dd r10=0x0 r11=0x744aa1a7847c r12=0x744aa1a78377 r13=0xffffffff80000000 r14=0x2ce r15=0x744aa1ac3f68 rbp=0x744aa1a7836d rsp=0x7ffe44cd5960 fs0x0=0x24c0b953 fs0x12=0x7ffe44cd5a0600 fs0x60=0x24c0b93f fs0x68=0x7ffe44cd59c0 fs0x71=0x1a44e505 fs0x81=0x7ffe2a8874d1 fs0xe1=0x7820000000000062 fs0x13d=0x202 fs0x16f=0xbd39f3b500 fs0x1e8=0x7ffe44cd5960 fs0x13=0x7ffe44cd5a06 fs0x91=0x5bfebc047010 fs0xab=0x0 fs0xb3=0x7ffe44cd5a05 fs0xcb=0x744aa26c5000 fs0x19d=0x7ffe44cd59f0 fs0x28=0x202 fs0x38=0x5bfea9469dc8 fs0x79=0x7ffe44cd59f0 fs0x89=0x0 fs0x99=0x0 fs0xd3=0xa70a00 fs0x107=0x5bfebc047820 fs0x123=0x7ffe44cd6248 fs0x128=0x7f fs0x147=0x6 ip_w0=0xc7 ip_w1=0x456f ip_w2=0x343a ip_w3=0xf059 ip_w4=0xe301 ip_w5=0xe80b ip_w6=0xd101 ip_w7=0xbcb1 ip_w8=0x6faa ip_w9=0x6490 ip_w10=0x23 ip_w11=0x13d ip_w12=0xb827 ip_w13=0xd5ff ip_w14=0xae47 ip_w15=0xd718 target=0x744aa1a9a24c target_off=0x9a24c
[VMTAIL] site=0x9634f count=255 frame=0x744aa1a7836d frame_off=0x7836d vm_ip=0x744aa1d6faf6 vm_ip_off=0x36faf6 vm_flags=0x3d4c18b5 vm_state=0x79b325e5 vm_byte=0x3a table=0x744aa1ac3718 table_off=0xc3718 rax=0x744aa1ac3ba0 rbx=0x744aa1d6f86b rcx=0x744aa1d6f873 rdx=0x7f8df707 rsi=0xffff8bb57fffffff rdi=0x28b r8=0x0 r9=0x0 r10=0x744aa1a78377 r11=0x744aa1d6f86f r12=0x744aa1a9b4b3 r13=0xab r14=0xf707 r15=0x744aa1ac3c01 rbp=0x744aa1a7836d rsp=0x7ffe44cd5960 fs0x0=0xfffffffffb78fc4b fs0x12=0x7ffe44cd5a0601 fs0x60=0xfffffffffb78fc4a fs0x68=0x7ffe44cd59c0 fs0x71=0x1a44e505 fs0x81=0x7ffe2a8874d1 fs0xe1=0x7820000000000062 fs0x13d=0x202 fs0x16f=0x79b325e500 fs0x1e8=0x7ffe44cd5960 fs0x13=0x7ffe44cd5a06 fs0x91=0x5bfebc047010 fs0xab=0x0 fs0xb3=0x7ffe44cd5a05 fs0xcb=0x744aa26c5000 fs0x19d=0x7ffe44cd59f0 fs0x28=0x202 fs0x38=0x5bfea9469dc8 fs0x79=0x7ffe44cd59f0 fs0x89=0x0 fs0x99=0x0 fs0xd3=0xa70a00 fs0x107=0x5bfebc047820 fs0x123=0x7ffe44cd6248 fs0x128=0x7f fs0x147=0x6 ip_w0=0xbd ip_w1=0x68 ip_w2=0xefdc ip_w3=0x9dcf ip_w4=0xa344 ip_w5=0x2e9b ip_w6=0xbd3a ip_w7=0x390c ip_w8=0x88f1 ip_w9=0xe8fd ip_w10=0x9c01 ip_w11=0x1a ip_w12=0x13d ip_w13=0x8642 ip_w14=0x620 ip_w15=0x1567 target=0x744aa1a9b4b3 target_off=0x9b4b3
[VMTAIL] site=0xb86f5 count=256 frame=0x744aa1a7836d frame_off=0x7836d vm_ip=0x744aa1d6fcb6 vm_ip_off=0x36fcb6 vm_flags=0x6da79e65 vm_state=0x3f06a0da vm_byte=0x3a table=0x744aa1ac3718 table_off=0xc3718 rax=0x744aa1ac40c8 rbx=0x744aa1d6fcb4 rcx=0x744aa1d6fc12 rdx=0xffffffffffffffe0 rsi=0x744aa1a78377 rdi=0x744aa1a7847c r8=0x0 r9=0x528 r10=0x0 r11=0xfffff44c5cd92366 r12=0x744aa1ac3c40 r13=0x744aa1a9a24c r14=0x744aa1a7847c r15=0x744aa1a78390 rbp=0x744aa1a7836d rsp=0x7ffe44cd58c8 fs0x0=0xda3b7d9 fs0x12=0x7ffe44cd59f001 fs0x60=0x7ffe44cd59f0 fs0x68=0x7ffe44cd59f0 fs0x71=0x7ffe5f123edf fs0x81=0x744a87629e91 fs0xe1=0x7820000000000062 fs0x13d=0x202 fs0x16f=0x3f06a0da01 fs0x1e8=0x7ffe44cd58c8 fs0x13=0x7ffe44cd59f0 fs0x91=0x5bfebc047010 fs0xab=0x0 fs0xb3=0x7ffe44cd59f0 fs0xcb=0x744aa26c5000 fs0x19d=0x7ffe44cd59f0 fs0x28=0x202 fs0x38=0x5bfea9469dc8 fs0x79=0x7ffe44cd59f0 fs0x89=0x0 fs0x99=0x0 fs0xd3=0xa70a00 fs0x107=0x5bfebc047820 fs0x123=0x7ffe44cd6248 fs0x128=0x7f fs0x147=0x6 ip_w0=0x72 ip_w1=0x6373 ip_w2=0xac8c ip_w3=0xe116 ip_w4=0x37b ip_w5=0xa625 ip_w6=0x1687 ip_w7=0xe848 ip_w8=0x5701 ip_w9=0xabcf ip_w10=0x1000 ip_w11=0x12b2 ip_w12=0x9960 ip_w13=0xd77e ip_w14=0x3958 ip_w15=0x1e8 target=0x744aa1a9a24c target_off=0x9a24c
[TRACE] caller=eac.elf+0x3722d8 fopen path=/proc/bus/pci/devices mode=r
[VMTAIL] site=0x9b0c5 count=257 frame=0x744aa1a7836d frame_off=0x7836d vm_ip=0x744aa1d6fee2 vm_ip_off=0x36fee2 vm_flags=0x821e3ce8 vm_state=0x914b5bb7 vm_byte=0x3a table=0x744aa1ac3718 table_off=0xc3718 rax=0x0 rbx=0x400 rcx=0x744aa1a7847c rdx=0x744aa1a78555 rsi=0x744aa1ac3c40 rdi=0x210 r8=0x528 r9=0x0 r10=0x744aa1a9a24c r11=0x744aa1d6fede r12=0x744aa1a78391 r13=0x744aa1a78377 r14=0x504aa1008048 r15=0x5bfea9469dc8 rbp=0x744aa1a7836d rsp=0x7ffe44cd58c8 fs0x0=0xda3b7d9 fs0x12=0x7ffe44cd59f001 fs0x60=0x7ffe44cd59f0 fs0x68=0x744aa1f89029 fs0x71=0x7ffe5f123edf fs0x81=0x744a87629e91 fs0xe1=0x7820000000000062 fs0x13d=0x202 fs0x16f=0x914b5bb701 fs0x1e8=0x7ffe44cd58c8 fs0x13=0x7ffe44cd59f0 fs0x91=0x5bfebc047010 fs0xab=0x0 fs0xb3=0x7ffe44cd59f0 fs0xcb=0x744aa26c5000 fs0x19d=0x744aa1f89029 fs0x28=0x202 fs0x38=0x5bfea9469dc8 fs0x79=0x7ffe44cd59f0 fs0x89=0x0 fs0x99=0x0 fs0xd3=0xa70a00 fs0x107=0x5bfebc047820 fs0x123=0x7ffe44cd6248 fs0x128=0x7f fs0x147=0x6 ip_w0=0xc7 ip_w1=0x4a9f ip_w2=0x433a ip_w3=0xcca8 ip_w4=0x6cf8 ip_w5=0x977b ip_w6=0xce7 ip_w7=0xe8f4 ip_w8=0x4e01 ip_w9=0xb00d ip_w10=0x928f ip_w11=0x9657 ip_w12=0xf744 ip_w13=0xf6ab ip_w14=0x9705 ip_w15=0x1e8 target=0x744aa1a9a24c target_off=0x9a24c
[VMTAIL] site=0xb86f5 count=258 frame=0x744aa1a7836d frame_off=0x7836d vm_ip=0x744aa1d70138 vm_ip_off=0x370138 vm_flags=0xbed1ad51 vm_state=0xe37b0020 vm_byte=0x3a table=0x744aa1ac3718 table_off=0xc3718 rax=0x744aa1ac40c8 rbx=0x744aa1d70136 rcx=0x744aa1d70094 rdx=0xffffffffffffffe0 rsi=0x744aa1a78377 rdi=0x744aa1a7847c r8=0x0 r9=0xb10 r10=0x0 r11=0x744aa1a68d2a r12=0x744aa1ac4228 r13=0x744aa1ac2241 r14=0x744aa1a7847c r15=0x744aa1a78390 rbp=0x744aa1a7836d rsp=0x7ffe44cd58c8 fs0x0=0xda3b7d9 fs0x12=0x744aa1f8902a01 fs0x60=0xffffffff991fb4c0 fs0x68=0x7ffe44cd59a8 fs0x71=0x5bfed64aecef fs0x81=0x7ffe2a8874b9 fs0xe1=0x7820000000000062 fs0x13d=0x206 fs0x16f=0xe37b002001 fs0x1e8=0x7ffe44cd58c8 fs0x13=0x744aa1f8902a fs0x91=0x5bfebc047010 fs0xab=0x0 fs0xb3=0x5bfebc060800 fs0xcb=0x744aa26c5000 fs0x19d=0x2c fs0x28=0x202 fs0x38=0x5bfea9469dc8 fs0x79=0x3 fs0x89=0x0 fs0x99=0x0 fs0xd3=0x8 fs0x107=0x5bfebc047820 fs0x123=0x7ffe44cd6248 fs0x128=0x7f fs0x147=0x6 ip_w0=0x2b ip_w1=0x7e2d ip_w2=0x99 ip_w3=0x3c60 ip_w4=0x95a ip_w5=0xabd2 ip_w6=0x285 ip_w7=0xe827 ip_w8=0xb601 ip_w9=0xbe1a ip_w10=0x68 ip_w11=0x5f02 ip_w12=0xf0e0 ip_w13=0xffd7 ip_w14=0xf387 ip_w15=0x1e8 target=0x744aa1ac2241 target_off=0xc2241
[VMTAIL] site=0x9b687 count=259 frame=0x744aa1a7836d frame_off=0x7836d vm_ip=0x744aa1d70258 vm_ip_off=0x370258 vm_flags=0x0 vm_state=0x0 vm_byte=0x62 table=0x744aa1ac3718 table_off=0xc3718 rax=0x9b0 rbx=0xaa0 rcx=0x744aa1a784dd rdx=0x744aa1d70256 rsi=0x744aa1a78390 rdi=0x8895421887e2 r8=0x744aa1a783de r9=0x200 r10=0x9b0 r11=0x744aa1a78377 r12=0x744aa1a7847c r13=0x744aa1ac41b8 r14=0x744aa1abf435 r15=0x320 rbp=0x744aa1a7836d rsp=0x7ffe44cd5960 fs0x0=0x5bfe8218ac53 fs0x12=0x744aa1f8902a00 fs0x60=0x5bfe85eb53af fs0x68=0x7ffe44cd59a8 fs0x71=0x5bfed64aecf0 fs0x81=0x744a87629f31 fs0xe1=0x7820000000000062 fs0x13d=0x202 fs0x16f=0x1 fs0x1e8=0x7ffe44cd5960 fs0x13=0x744aa1f8902a fs0x91=0x5bfebc047010 fs0xab=0x0 fs0xb3=0x5bfebc060801 fs0xcb=0x744aa26c5000 fs0x19d=0x2c fs0x28=0x202 fs0x38=0x5bfea9469dc8 fs0x79=0x3 fs0x89=0x0 fs0x99=0x0 fs0xd3=0x8 fs0x107=0x5bfebc047820 fs0x123=0x7ffe44cd6248 fs0x128=0x7f fs0x147=0x6 ip_w0=0xdfc ip_w1=0x68 ip_w2=0x546a ip_w3=0xdbc4 ip_w4=0x68ef ip_w5=0xd300 ip_w6=0xbb1c ip_w7=0xe850 ip_w8=0x8901 ip_w9=0xe9ac ip_w10=0x21 ip_w11=0x13d ip_w12=0x84f ip_w13=0xea0f ip_w14=0x29c6 ip_w15=0xb8de target=0x744aa1abf435 target_off=0xbf435
[VMTAIL] site=0x9b0c5 count=260 frame=0x744aa1a7836d frame_off=0x7836d vm_ip=0x744aa1d703e6 vm_ip_off=0x3703e6 vm_flags=0x27023d6 vm_state=0xd144dfaf vm_byte=0x3a table=0x744aa1ac3718 table_off=0xc3718 rax=0x0 rbx=0x0 rcx=0x744aa1a7847c rdx=0x744aa1a78555 rsi=0x744aa1ac3c40 rdi=0x210 r8=0x528 r9=0x0 r10=0x744aa1a9a24c r11=0x744aa1d703e2 r12=0x744aa1a78391 r13=0x744aa1a78377 r14=0x504aa1008048 r15=0x5bfea9469dc8 rbp=0x744aa1a7836d rsp=0x7ffe44cd58c8 fs0x0=0xda3b7d9 fs0x12=0x7ffe44cd5a1000 fs0x60=0x7ffe44cd5a10 fs0x68=0x7ffe44cd5a10 fs0x71=0x7ffe5f123eff fs0x81=0x744a87629e91 fs0xe1=0x7820000000000062 fs0x13d=0x202 fs0x16f=0xd144dfaf01 fs0x1e8=0x7ffe44cd58c8 fs0x13=0x7ffe44cd5a10 fs0x91=0x5bfebc047010 fs0xab=0x0 fs0xb3=0x7ffe44cd5a10 fs0xcb=0x744aa26c5000 fs0x19d=0x400 fs0x28=0x202 fs0x38=0x5bfea9469dc8 fs0x79=0x3 fs0x89=0x0 fs0x99=0x0 fs0xd3=0x5bfebc060800 fs0x107=0x5bfebc047820 fs0x123=0x7ffe44cd6248 fs0x128=0x7f fs0x147=0x6 ip_w0=0x14d ip_w1=0xe6fb ip_w2=0x99 ip_w3=0x7c21 ip_w4=0xd4ff ip_w5=0x814e ip_w6=0xe29 ip_w7=0xe832 ip_w8=0x1001 ip_w9=0xd495 ip_w10=0xd7ec ip_w11=0x1b ip_w12=0xf89d ip_w13=0xba32 ip_w14=0x4a34 ip_w15=0x1e8 target=0x744aa1a9a24c target_off=0x9a24c
[VMTAIL] site=0x99026 count=261 frame=0x744aa1a7836d frame_off=0x7836d vm_ip=0x744aa1d70508 vm_ip_off=0x370508 vm_flags=0x40320854 vm_state=0x17d0d191 vm_byte=0x3a table=0x744aa1ac3718 table_off=0xc3718 rax=0x744aa1afbf8c rbx=0xffffffffffffffff rcx=0x744aa1ac3928 rdx=0x210 rsi=0x107221 rdi=0x210 r8=0x8 r9=0x744aa1a855ff r10=0x744aa1a78377 r11=0x744aa1a783ee r12=0x744aa1a784dd r13=0xfffffffffff7c941 r14=0x744aa1a783de r15=0x0 rbp=0x744aa1a7836d rsp=0x7ffe44cd5960 fs0x0=0x7ffe0adffe62 fs0x12=0x7ffe44cd5a1100 fs0x60=0x7ffe7d2001be fs0x68=0x7ffe44cd5a10 fs0x71=0x7ffe5f123eff fs0x81=0x744a87629ee6 fs0xe1=0x7820000000000062 fs0x13d=0x202 fs0x16f=0x17d0d19101 fs0x1e8=0x7ffe44cd5960 fs0x13=0x7ffe44cd5a11 fs0x91=0x5bfebc047010 fs0xab=0x0 fs0xb3=0x7ffe44cd5a10 fs0xcb=0x744aa26c5000 fs0x19d=0x5bfebc0609e1 fs0x28=0x202 fs0x38=0x5bfea9469dc8 fs0x79=0x5bfebc0608e0 fs0x89=0x0 fs0x99=0x5bfebc060adf fs0xd3=0x5bfebc0608e0 fs0x107=0x5bfebc047820 fs0x123=0x7ffe44cd6248 fs0x128=0x7f fs0x147=0x6 ip_w0=0xac55 ip_w1=0xb8aa ip_w2=0x3880 ip_w3=0x563f ip_w4=0xa6a7 ip_w5=0xe839 ip_w6=0x2601 ip_w7=0xaa84 ip_w8=0x3d4e ip_w9=0x1 ip_w10=0xa694 ip_w11=0xab84 ip_w12=0x78d9 ip_w13=0x9681 ip_w14=0xe7b ip_w15=0x64f7 target=0x744aa1a855ff target_off=0x855ff
[VMTAIL] site=0x9b0c5 count=262 frame=0x744aa1a7836d frame_off=0x7836d vm_ip=0x744aa1d70632 vm_ip_off=0x370632 vm_flags=0x7f504ca8 vm_state=0x10547508 vm_byte=0x3a table=0x744aa1ac3718 table_off=0xc3718 rax=0x0 rbx=0x400 rcx=0x744aa1a7847c rdx=0x744aa1a78555 rsi=0x744aa1ac3c40 rdi=0x210 r8=0x528 r9=0x0 r10=0x744aa1a9a24c r11=0x744aa1d7062e r12=0x744aa1a78391 r13=0x744aa1a78377 r14=0x504aa1008048 r15=0x5bfea9469dc8 rbp=0x744aa1a7836d rsp=0x7ffe44cd58c8 fs0x0=0x5bfeb1a5bd06 fs0x12=0x5bfebc06080000 fs0x60=0x5bff2eaa0e26 fs0x68=0x7ffe44cd59a8 fs0x71=0x5bfed64aecef fs0x81=0x744a87629e91 fs0xe1=0x7820000000000062 fs0x13d=0x202 fs0x16f=0x1054750801 fs0x1e8=0x7ffe44cd58c8 fs0x13=0x5bfebc060800 fs0x91=0x5bfebc047010 fs0xab=0x0 fs0xb3=0x5bfebc060800 fs0xcb=0x744aa26c5000 fs0x19d=0x5bfebc0609e1 fs0x28=0x202 fs0x38=0x5bfea9469dc8 fs0x79=0x5bfebc0608e0 fs0x89=0x0 fs0x99=0x5bfebc060adf fs0xd3=0x5bfebc0608e0 fs0x107=0x5bfebc047820 fs0x123=0x7ffe44cd6248 fs0x128=0x7f fs0x147=0x6 ip_w0=0x9d ip_w1=0xd78f ip_w2=0x99 ip_w3=0x9a0a ip_w4=0xc88c ip_w5=0xab16 ip_w6=0x7e3a ip_w7=0xe82c ip_w8=0x4301 ip_w9=0xabd3 ip_w10=0xa300 ip_w11=0xaf8e ip_w12=0xe703 ip_w13=0x3a0b ip_w14=0x1e8 ip_w15=0xcaa6 target=0x744aa1a9a24c target_off=0x9a24c
[VMTAIL] site=0xa0dc7 count=263 frame=0x744aa1a7836d frame_off=0x7836d vm_ip=0x744aa1d70756 vm_ip_off=0x370756 vm_flags=0xcefebcd7 vm_state=0xf4efa1e7 vm_byte=0x50 table=0x744aa1ac3718 table_off=0xc3718 rax=0x744aa1a784dd rbx=0x424786f4 rcx=0x620 rdx=0x0 rsi=0xffff8bb580000000 rdi=0x744aa1a78377 r8=0x744a4353abfd r9=0x744aa1a783cd r10=0x744aa1a9fbcd r11=0x9cdfe2ff92df r12=0xffffffffa1a784ff r13=0x744aa1ac3d38 r14=0xffff8bb53db87c07 r15=0x744aa1a784dd rbp=0x744aa1a7836d rsp=0x7ffe44cd5960 fs0x0=0x188232b1 fs0x12=0x5bfebc06080000 fs0x60=0xffffffff9ac307cd fs0x68=0x7ffe44cd59a8 fs0x71=0x1a44e4ef fs0x81=0x744a87629f31 fs0xe1=0x7820000000000062 fs0x13d=0x246 fs0x16f=0xf4efa1e701 fs0x1e8=0x7ffe44cd5960 fs0x13=0x5bfebc060800 fs0x91=0x5bfebc047010 fs0xab=0x0 fs0xb3=0x0 fs0xcb=0x744aa26c5000 fs0x19d=0x5bfebc0609e1 fs0x28=0x202 fs0x38=0x5bfea9469dc8 fs0x79=0x5bfebc0608e0 fs0x89=0x0 fs0x99=0x5bfebc060adf fs0xd3=0x5bfebc0608e0 fs0x107=0x5bfebc047820 fs0x123=0x7ffe44cd6248 fs0x128=0x7f fs0x147=0x6 ip_w0=0x875 ip_w1=0x8f25 ip_w2=0x200 ip_w3=0xd08c ip_w4=0xa64a ip_w5=0x29 ip_w6=0x13d ip_w7=0xaffc ip_w8=0xf20c ip_w9=0xab ip_w10=0x0 ip_w11=0x22 ip_w12=0x0 ip_w13=0xc7 ip_w14=0x48d7 ip_w15=0x6a50 target=0x744aa1a9fbcd target_off=0x9fbcd
[VMTAIL] site=0xb7699 count=264 frame=0x744aa1a7836d frame_off=0x7836d vm_ip=0x744aa1d7078a vm_ip_off=0x37078a vm_flags=0x4736efda vm_state=0xc0174e93 vm_byte=0x50 table=0x744aa1ac3718 table_off=0xc3718 rax=0xffff8bb55e28f8a6 rbx=0x744aa1ac3c71 rcx=0x478 rdx=0xffff176abc7cbfb0 rsi=0x744aa1a78377 rdi=0x0 r8=0x744aa1a9b4b3 r9=0x0 r10=0x744aa1ac3c70 r11=0x22 r12=0x744aa1a9b4b3 r13=0x744aa1ac3c70 r14=0x0 r15=0x744aa1a784dd rbp=0x744aa1a7836d rsp=0x7ffe44cd5960 fs0x0=0x4acd0089 fs0x12=0x5bfebc06080000 fs0x60=0x1 fs0x68=0x7ffe44cd59a8 fs0x71=0x1a44e4f0 fs0x81=0x744a87629f31 fs0xe1=0x7820000000000062 fs0x13d=0x246 fs0x16f=0xc0174e9301 fs0x1e8=0x7ffe44cd5960 fs0x13=0x5bfebc060800 fs0x91=0x5bfebc047010 fs0xab=0x0 fs0xb3=0x1 fs0xcb=0x744aa26c5000 fs0x19d=0x5bfebc0609e1 fs0x28=0x202 fs0x38=0x5bfea9469dc8 fs0x79=0x5bfebc0608e0 fs0x89=0x0 fs0x99=0x5bfebc060adf fs0xd3=0x5bfebc0608e0 fs0x107=0x5bfebc047820 fs0x123=0x7ffe44cd6248 fs0x128=0x7f fs0x147=0x6 ip_w0=0xa8 ip_w1=0xb3 ip_w2=0xd586 ip_w3=0x390 ip_w4=0x2184 ip_w5=0x5e8c ip_w6=0x51ce ip_w7=0xcfd7 ip_w8=0xcbc4 ip_w9=0x3d13 ip_w10=0x1701 ip_w11=0xa5 ip_w12=0x0 ip_w13=0x12c3 ip_w14=0x0 ip_w15=0x13d target=0x744aa1a9b4b3 target_off=0x9b4b3
[VMTAIL] site=0xbf126 count=265 frame=0x744aa1a7836d frame_off=0x7836d vm_ip=0x744aa1d707b1 vm_ip_off=0x3707b1 vm_flags=0x73b864ec vm_state=0x206f075e vm_byte=0x62 table=0x744aa1ac3718 table_off=0xc3718 rax=0x0 rbx=0x744aa1aa1484 rcx=0xffff8bb54f855d5e rdx=0xf0658 rsi=0x12 rdi=0x733 r8=0xe895434f0849 r9=0x200 r10=0x744aa1ac3d70 r11=0x658 r12=0x744aa1a78377 r13=0x744aa1a789c3 r14=0xffffffffffffffff r15=0x663 rbp=0x744aa1a7836d rsp=0x7ffe44cd5960 fs0x0=0x7ffe496eee71 fs0x12=0x5bfebc06080000 fs0x60=0x1 fs0x68=0x7ffe44cd59a8 fs0x71=0x1a44e4f0 fs0x81=0x744a87629f31 fs0xe1=0x7820000000000062 fs0x13d=0x202 fs0x16f=0x206f075e01 fs0x1e8=0x7ffe44cd5960 fs0x13=0x5bfebc060800 fs0x91=0x5bfebc047010 fs0xab=0x0 fs0xb3=0x1 fs0xcb=0x744aa26c5000 fs0x19d=0x5bfebc0609e1 fs0x28=0x202 fs0x38=0x5bfea9469dc8 fs0x79=0x5bfebc0608e0 fs0x89=0x0 fs0x99=0x5bfebc060adf fs0xd3=0x5bfebc0608e0 fs0x107=0x5bfebc047820 fs0x123=0x7ffe44cd6248 fs0x128=0x7f fs0x147=0x6 ip_w0=0x9267 ip_w1=0xda04 ip_w2=0xc6dc ip_w3=0xc7bf ip_w4=0x418c ip_w5=0x1e8 ip_w6=0x4b90 ip_w7=0x26 ip_w8=0x13d ip_w9=0x2c9f ip_w10=0x99c5 ip_w11=0x417e ip_w12=0x9509 ip_w13=0x2d80 ip_w14=0x6303 ip_w15=0xc6af target=0x744aa1aa1484 target_off=0xa1484
[VMTAIL] site=0xb86f5 count=266 frame=0x744aa1a7836d frame_off=0x7836d vm_ip=0x744aa1d708f2 vm_ip_off=0x3708f2 vm_flags=0x123dbe45 vm_state=0xf995dffe vm_byte=0x3a table=0x744aa1ac3718 table_off=0xc3718 rax=0x744aa1ac40c8 rbx=0x744aa1d708f0 rcx=0x744aa1d7084e rdx=0xffffffffffffffe0 rsi=0x744aa1a78377 rdi=0x744aa1a7847c r8=0x0 r9=0x528 r10=0x0 r11=0x744aa1a68d4d r12=0x744aa1ac3c40 r13=0x744aa1a9a24c r14=0x744aa1a7847c r15=0x744aa1a78390 rbp=0x744aa1a7836d rsp=0x7ffe44cd58c8 fs0x0=0x5bfeb1a5bd06 fs0x12=0x7ffe44cd5a1000 fs0x60=0x7ffeb7716036 fs0x68=0x7ffe44cd5a10 fs0x71=0x7ffe5f123eff fs0x81=0x744a87629e91 fs0xe1=0x7820000000000062 fs0x13d=0x202 fs0x16f=0xf995dffe01 fs0x1e8=0x7ffe44cd58c8 fs0x13=0x7ffe44cd5a10 fs0x91=0x5bfebc047010 fs0xab=0x0 fs0xb3=0x7ffe44cd5a10 fs0xcb=0x744aa26c5000 fs0x19d=0x9 fs0x28=0x202 fs0x38=0x5bfea9469dc8 fs0x79=0x5bfebc0608e0 fs0x89=0x0 fs0x99=0x5bfebc060adf fs0xd3=0x5bfebc0608e0 fs0x107=0x5bfebc047820 fs0x123=0x7ffe44cd6248 fs0x128=0x7f fs0x147=0x6 ip_w0=0x151 ip_w1=0x94f0 ip_w2=0x99 ip_w3=0xfcec ip_w4=0xad3 ip_w5=0x798 ip_w6=0x642 ip_w7=0xe89e ip_w8=0x8a01 ip_w9=0x4500 ip_w10=0xc4d9 ip_w11=0x2bf8 ip_w12=0x5700 ip_w13=0x2a82 ip_w14=0x1e8 ip_w15=0xfa19 target=0x744aa1a9a24c target_off=0x9a24c
[VMTAIL] site=0xb68ff count=267 frame=0x744aa1a7836d frame_off=0x7836d vm_ip=0x744aa1d70a91 vm_ip_off=0x370a91 vm_flags=0xf59bd3ca vm_state=0x4a066bd3 vm_byte=0x3a table=0x744aa1ac3718 table_off=0xc3718 rax=0x144b5e587c84 rbx=0x2a8 rcx=0x744aa1ac41f0 rdx=0x0 rsi=0x744aa1a78377 rdi=0x744aa1a78390 r8=0x744aa1a784dd r9=0xffffffffa1a78cdc r10=0x598 r11=0x744aa1a784dd r12=0xffff8bb5bd7ccc0e r13=0x744aa1ac088d r14=0x200 r15=0xad8 rbp=0x744aa1a7836d rsp=0x7ffe44cd5960 fs0x0=0x7ffe40465649 fs0x12=0x7ffe44cd5a1000 fs0x60=0xfffffffffb78fc35 fs0x68=0x7ffe44cd59b0 fs0x71=0x7ffe5f123f03 fs0x81=0x7ffe2a8874c1 fs0xe1=0x7820000000000062 fs0x13d=0x206 fs0x16f=0x4a066bd300 fs0x1e8=0x7ffe44cd5960 fs0x13=0x7ffe44cd5a10 fs0x91=0x5bfebc047010 fs0xab=0x0 fs0xb3=0x7ffe44cd5a14 fs0xcb=0x744aa26c5000 fs0x19d=0x9 fs0x28=0x202 fs0x38=0x5bfea9469dc8 fs0x79=0x5bfebc0608e0 fs0x89=0x0 fs0x99=0x5bfebc060adf fs0xd3=0x7ffe44cd5a14 fs0x107=0x5bfebc047820 fs0x123=0x7ffe44cd6248 fs0x128=0x7f fs0x147=0x6 ip_w0=0xf4d ip_w1=0x82ef ip_w2=0xc0af ip_w3=0x68 ip_w4=0xc3d ip_w5=0x1df ip_w6=0xf870 ip_w7=0x1e8 ip_w8=0x3d00 ip_w9=0x301 ip_w10=0x17cf ip_w11=0xecc0 ip_w12=0x5dcc ip_w13=0x969b ip_w14=0x61c1 ip_w15=0xf3e1 target=0x744aa1ac088d target_off=0xc088d
[VMTAIL] site=0x9b0c5 count=268 frame=0x744aa1a7836d frame_off=0x7836d vm_ip=0x744aa1d70cbe vm_ip_off=0x370cbe vm_flags=0x512e3387 vm_state=0x3fca8af8 vm_byte=0x3a table=0x744aa1ac3718 table_off=0xc3718 rax=0x0 rbx=0x400 rcx=0x744aa1a7847c rdx=0x744aa1a78555 rsi=0x744aa1ac3c70 rdi=0x210 r8=0x558 r9=0x0 r10=0x744aa1a9b4b3 r11=0x744aa1d70cba r12=0x744aa1a78391 r13=0x744aa1a78377 r14=0x504aa1009480 r15=0x5bfea9469dc8 rbp=0x744aa1a7836d rsp=0x7ffe44cd58c8 fs0x0=0x5bfeb1a5bd06 fs0x12=0x7ffe44cd598000 fs0x60=0x7ffe5661c3e7 fs0x68=0x7ffe44cd5980 fs0x71=0x7ffe5f123e6f fs0x81=0x744a87629e91 fs0xe1=0x7820000000000062 fs0x13d=0x206 fs0x16f=0x3fca8af801 fs0x1e8=0x7ffe44cd58c8 fs0x13=0x7ffe44cd5980 fs0x91=0x5bfebc047010 fs0xab=0x0 fs0xb3=0x7ffe44cd5980 fs0xcb=0x744aa26c5000 fs0x19d=0x7ffe44cd5a15 fs0x28=0x202 fs0x38=0x5bfea9469dc8 fs0x79=0x7ffe44cd5962 fs0x89=0x0 fs0x99=0x5bfebc060adf fs0xd3=0x4 fs0x107=0x5bfebc047820 fs0x123=0x7ffe44cd6248 fs0x128=0x7f fs0x147=0x6 ip_w0=0x42 ip_w1=0x9379 ip_w2=0x793a ip_w3=0xc8f5 ip_w4=0x21df ip_w5=0xf576 ip_w6=0x60a ip_w7=0xe8b2 ip_w8=0x5801 ip_w9=0x2c11 ip_w10=0x8a6c ip_w11=0xad45 ip_w12=0x64d9 ip_w13=0xaace ip_w14=0x9965 ip_w15=0x1e8 target=0x744aa1a9b4b3 target_off=0x9b4b3
[VMTAIL] site=0xb86f5 count=269 frame=0x744aa1a7836d frame_off=0x7836d vm_ip=0x744aa1d70f18 vm_ip_off=0x370f18 vm_flags=0x4048004 vm_state=0x4048004 vm_byte=0x3a table=0x744aa1ac3718 table_off=0xc3718 rax=0x744aa1ac40c8 rbx=0x744aa1d70f16 rcx=0x744aa1d70e74 rdx=0xffffffffffffffe0 rsi=0x744aa1a78377 rdi=0x744aa1a7847c r8=0x0 r9=0x558 r10=0x0 r11=0x744aa1a68d56 r12=0x744aa1ac3c70 r13=0x744aa1a9b4b3 r14=0x744aa1a7847c r15=0x744aa1a78390 rbp=0x744aa1a7836d rsp=0x7ffe44cd58c8 fs0x0=0x5bfeb1a5bd06 fs0x12=0x7ffe44cd598000 fs0x60=0x7ffe44cd5980 fs0x68=0x7ffe44cd5980 fs0x71=0x7ffe5f123e6f fs0x81=0x744a87629e91 fs0xe1=0x7820000000000062 fs0x13d=0x202 fs0x16f=0x404800401 fs0x1e8=0x7ffe44cd58c8 fs0x13=0x7ffe44cd5980 fs0x91=0x5bfebc047010 fs0xab=0x0 fs0xb3=0x7ffe44cd5980 fs0xcb=0x744aa26c5000 fs0x19d=0x0 fs0x28=0x202 fs0x38=0x5bfea9469dc8 fs0x79=0x0 fs0x89=0x0 fs0x99=0x5bfebc060adf fs0xd3=0x10 fs0x107=0x5bfebc047820 fs0x123=0x7ffe44cd6248 fs0x128=0x7f fs0x147=0x6 ip_w0=0xc7 ip_w1=0x4ed7 ip_w2=0x533a ip_w3=0x99ea ip_w4=0x5700 ip_w5=0x4609 ip_w6=0xbd16 ip_w7=0xe83d ip_w8=0xc901 ip_w9=0x6296 ip_w10=0xf056 ip_w11=0xf025 ip_w12=0x60da ip_w13=0xef03 ip_w14=0x1e8 ip_w15=0xf271 target=0x744aa1a9b4b3 target_off=0x9b4b3
[VMTAIL] site=0x9bd8c count=270 frame=0x744aa1a7836d frame_off=0x7836d vm_ip=0x744aa1d7142c vm_ip_off=0x37142c vm_flags=0x20000821 vm_state=0x800 vm_byte=0x3a table=0x744aa1ac3718 table_off=0xc3718 rax=0x744aa1a78501 rbx=0x744aa1a784dd rcx=0x644021280550 rdx=0x744aa1a784e5 rsi=0x744aa1a78377 rdi=0x1 r8=0x12 r9=0xb10 r10=0x744aa1a784dd r11=0x744aa1ac2241 r12=0x744aa1ac4228 r13=0x744aa1ac08c4 r14=0x0 r15=0xfcdfe3ef82df rbp=0x744aa1a7836d rsp=0x7ffe44cd5960 fs0x0=0x744acf8518ca fs0x12=0x400 fs0x60=0x6de2f3aa fs0x68=0x7ffe44cd59c8 fs0x71=0x1a44e4ef fs0x81=0x7ffe2a8874d9 fs0xe1=0x7820000000000032 fs0x13d=0x246 fs0x16f=0x80000 fs0x1e8=0x7ffe44cd5960 fs0x13=0x4 fs0x91=0x5bfebc047010 fs0xab=0x8086 fs0xb3=0x8086 fs0xcb=0x744aa26c5000 fs0x19d=0x0 fs0x28=0x8080 fs0x38=0x5bfea9469dc8 fs0x79=0x4 fs0x89=0x0 fs0x99=0x5bfebc067808 fs0xd3=0x10 fs0x107=0x5bfebc047820 fs0x123=0x7ffe44cd6248 fs0x128=0x7f fs0x147=0x6 ip_w0=0xb9 ip_w1=0xa9e3 ip_w2=0x953a ip_w3=0x3d0f ip_w4=0x3b31 ip_w5=0xe80b ip_w6=0x2701 ip_w7=0xb66f ip_w8=0xd4d9 ip_w9=0x6816 ip_w10=0x0 ip_w11=0x13d ip_w12=0x5291 ip_w13=0x7424 ip_w14=0x36 ip_w15=0x2069 target=0x744aa1ac2241 target_off=0xc2241
[VMTAIL] site=0x980a9 count=271 frame=0x744aa1a7836d frame_off=0x7836d vm_ip=0x744aa1d71488 vm_ip_off=0x371488 vm_flags=0x63180044 vm_state=0x34b2a1ae vm_byte=0x3a table=0x744aa1ac3718 table_off=0xc3718 rax=0x744aa1a9d495 rbx=0xffff63209a5c5eab rcx=0x744aa1a783ee rdx=0x20 rsi=0x744aa1ac3cd0 rdi=0x1f8 r8=0xffffffff7f43a784 r9=0x5b8 r10=0x67983698 r11=0x744aa1a78377 r12=0xffffffff7f43a77c r13=0xffff63209a5c5fab r14=0xfffe2ed57961ed5e r15=0x744aa1a784dd rbp=0x744aa1a7836d rsp=0x7ffe44cd5960 fs0x0=0xffffffff991fb4c0 fs0x12=0x400 fs0x60=0x7ffddf90612c fs0x68=0x7ffe44cd59c8 fs0x71=0x1a44e4ef fs0x81=0x7ffe2a8874d9 fs0xe1=0x7820000000000032 fs0x13d=0x297 fs0x16f=0x34b2a1ae00 fs0x1e8=0x7ffe44cd5960 fs0x13=0x4 fs0x91=0x5bfebc047010 fs0xab=0x8086 fs0xb3=0x8086 fs0xcb=0x744aa26c5000 fs0x19d=0x0 fs0x28=0x8080 fs0x38=0x5bfea9469dc8 fs0x79=0x4 fs0x89=0x0 fs0x99=0x5bfebc067808 fs0xd3=0x10 fs0x107=0x5bfebc047820 fs0x123=0x7ffe44cd6248 fs0x128=0x7f fs0x147=0x6 ip_w0=0x1e8 ip_w1=0x2a00 ip_w2=0x361d ip_w3=0x8f3e ip_w4=0x68b8 ip_w5=0x8500 ip_w6=0x5ca2 ip_w7=0xa82b ip_w8=0x19 ip_w9=0x13d ip_w10=0xf92f ip_w11=0x1700 ip_w12=0x10d2 ip_w13=0x44f8 ip_w14=0x9483 ip_w15=0xc029 target=0x744aa1a9d495 target_off=0x9d495
[VMTAIL] site=0x9634f count=272 frame=0x744aa1a7836d frame_off=0x7836d vm_ip=0x744aa1d716c7 vm_ip_off=0x3716c7 vm_flags=0xda0e0873 vm_state=0x83c2fc34 vm_byte=0x32 table=0x744aa1ac3718 table_off=0xc3718 rax=0x744aa1ac3ba0 rbx=0x744aa1d7158e rcx=0x744aa1d71596 rdx=0x7f8f8afa rsi=0xffff8bb57fffffff rdi=0x139 r8=0x0 r9=0x0 r10=0x744aa1a78377 r11=0x744aa1d71592 r12=0x744aa1ac2241 r13=0x162 r14=0xcbff r15=0x744aa1ac4201 rbp=0x744aa1a7836d rsp=0x7ffe44cd5960 fs0x0=0x7ffe40467cbb fs0x12=0x401 fs0x60=0xfffffffffb791049 fs0x68=0x7ffe44cd5966 fs0x71=0x7ffe5f126575 fs0x81=0x7ffe2a887477 fs0xe1=0x7820000000000032 fs0x13d=0xa06 fs0x16f=0x83c2fc3400 fs0x1e8=0x7ffe44cd5960 fs0x13=0x4 fs0x91=0x5bfebc047010 fs0xab=0x8086 fs0xb3=0x1414 fs0xcb=0x744aa26c5000 fs0x19d=0x0 fs0x28=0x8080 fs0x38=0x5bfea9469dc8 fs0x79=0x4 fs0x89=0x0 fs0x99=0x5bfebc067808 fs0xd3=0x10 fs0x107=0x5bfebc047820 fs0x123=0x7ffe44cd6248 fs0x128=0x7f fs0x147=0x6 ip_w0=0x10c ip_w1=0x1c19 ip_w2=0x6cbe ip_w3=0x2f45 ip_w4=0x8aff ip_w5=0x3af0 ip_w6=0x48f0 ip_w7=0x5bc1 ip_w8=0x1e8 ip_w9=0x9dee ip_w10=0x11 ip_w11=0x13d ip_w12=0xdf ip_w13=0x2879 ip_w14=0xe88b ip_w15=0x68 target=0x744aa1ac2241 target_off=0xc2241
[VMTAIL] site=0xafa1d count=273 frame=0x744aa1a7836d frame_off=0x7836d vm_ip=0x744aa1d7142c vm_ip_off=0x37142c vm_flags=0x40000c25 vm_state=0x8a73150c vm_byte=0x3a table=0x744aa1ac3718 table_off=0xc3718 rax=0x80000000 rbx=0x744aa1a784dd rcx=0x15cdf64896646 rdx=0x744aa1ac2241 rsi=0x400 rdi=0x850 r8=0x1 r9=0x744aa1a784dd r10=0x0 r11=0x744aa1a7847c r12=0x744aa1a78377 r13=0xffffffff80000000 r14=0x2e8 r15=0x744aa1ac3f68 rbp=0x744aa1a7836d rsp=0x7ffe44cd5960 fs0x0=0x24c0b93e fs0x12=0x401 fs0x60=0x24c0b93f fs0x68=0x7ffe44cd59c8 fs0x71=0x1a44e4f0 fs0x81=0x7ffe2a8874d9 fs0xe1=0x7820000000000032 fs0x13d=0x202 fs0x16f=0x8a73150c00 fs0x1e8=0x7ffe44cd5960 fs0x13=0x4 fs0x91=0x5bfebc047010 fs0xab=0x8086 fs0xb3=0x1414 fs0xcb=0x744aa26c5000 fs0x19d=0x0 fs0x28=0x8080 fs0x38=0x5bfea9469dc8 fs0x79=0x4 fs0x89=0x0 fs0x99=0x5bfebc067808 fs0xd3=0x10 fs0x107=0x5bfebc047820 fs0x123=0x7ffe44cd6248 fs0x128=0x7f fs0x147=0x6 ip_w0=0xb9 ip_w1=0xa9e3 ip_w2=0x953a ip_w3=0x3d0f ip_w4=0x3b31 ip_w5=0xe80b ip_w6=0x2701 ip_w7=0xb66f ip_w8=0xd4d9 ip_w9=0x6816 ip_w10=0x0 ip_w11=0x13d ip_w12=0x5291 ip_w13=0x7424 ip_w14=0x36 ip_w15=0x2069 target=0x744aa1ac2241 target_off=0xc2241
[VMTAIL] site=0x980a9 count=274 frame=0x744aa1a7836d frame_off=0x7836d vm_ip=0x744aa1d71488 vm_ip_off=0x371488 vm_flags=0x63180044 vm_state=0x34b2a1ae vm_byte=0x3a table=0x744aa1ac3718 table_off=0xc3718 rax=0x744aa1a9d495 rbx=0xffff63209a5c5eab rcx=0x744aa1a783ee rdx=0x20 rsi=0x744aa1ac3cd0 rdi=0x1f8 r8=0xffffffff7f43a784 r9=0x5b8 r10=0x67983698 r11=0x744aa1a78377 r12=0xffffffff7f43a77c r13=0xffff63209a5c5fab r14=0xfffe2ed57961ed5e r15=0x744aa1a784dd rbp=0x744aa1a7836d rsp=0x7ffe44cd5960 fs0x0=0xffffffff991fb4c1 fs0x12=0x400 fs0x60=0x7ffddf90612c fs0x68=0x7ffe44cd59c8 fs0x71=0x1a44e4f0 fs0x81=0x7ffe2a8874d9 fs0xe1=0x7820000000000032 fs0x13d=0x293 fs0x16f=0x34b2a1ae00 fs0x1e8=0x7ffe44cd5960 fs0x13=0x4 fs0x91=0x5bfebc047010 fs0xab=0x8086 fs0xb3=0x1414 fs0xcb=0x744aa26c5000 fs0x19d=0x0 fs0x28=0x8080 fs0x38=0x5bfea9469dc8 fs0x79=0x4 fs0x89=0x0 fs0x99=0x5bfebc067808 fs0xd3=0x10 fs0x107=0x5bfebc047820 fs0x123=0x7ffe44cd6248 fs0x128=0x7f fs0x147=0x6 ip_w0=0x1e8 ip_w1=0x2a00 ip_w2=0x361d ip_w3=0x8f3e ip_w4=0x68b8 ip_w5=0x8500 ip_w6=0x5ca2 ip_w7=0xa82b ip_w8=0x19 ip_w9=0x13d ip_w10=0xf92f ip_w11=0x1700 ip_w12=0x10d2 ip_w13=0x44f8 ip_w14=0x9483 ip_w15=0xc029 target=0x744aa1a9d495 target_off=0x9d495
[VMTAIL] site=0x9634f count=275 frame=0x744aa1a7836d frame_off=0x7836d vm_ip=0x744aa1d716c7 vm_ip_off=0x3716c7 vm_flags=0xda0e0873 vm_state=0x83c2fc34 vm_byte=0x32 table=0x744aa1ac3718 table_off=0xc3718 rax=0x744aa1ac3ba0 rbx=0x744aa1d7158e rcx=0x744aa1d71596 rdx=0x7f8f8afa rsi=0xffff8bb57fffffff rdi=0x139 r8=0x0 r9=0x0 r10=0x744aa1a78377 r11=0x744aa1d71592 r12=0x744aa1ac2241 r13=0x162 r14=0xcbff r15=0x744aa1ac4201 rbp=0x744aa1a7836d rsp=0x7ffe44cd5960 fs0x0=0x7ffe40467cbb fs0x12=0x401 fs0x60=0xfffffffffb7916ed fs0x68=0x7ffe44cd5966 fs0x71=0x7ffe5f126575 fs0x81=0x7ffe2a887477 fs0xe1=0x7820000000000032 fs0x13d=0xa12 fs0x16f=0x83c2fc3400 fs0x1e8=0x7ffe44cd5960 fs0x13=0x4 fs0x91=0x5bfebc047010 fs0xab=0x8086 fs0xb3=0x1ab8 fs0xcb=0x744aa26c5000 fs0x19d=0x0 fs0x28=0x8080 fs0x38=0x5bfea9469dc8 fs0x79=0x4 fs0x89=0x0 fs0x99=0x5bfebc067808 fs0xd3=0x10 fs0x107=0x5bfebc047820 fs0x123=0x7ffe44cd6248 fs0x128=0x7f fs0x147=0x6 ip_w0=0x10c ip_w1=0x1c19 ip_w2=0x6cbe ip_w3=0x2f45 ip_w4=0x8aff ip_w5=0x3af0 ip_w6=0x48f0 ip_w7=0x5bc1 ip_w8=0x1e8 ip_w9=0x9dee ip_w10=0x11 ip_w11=0x13d ip_w12=0xdf ip_w13=0x2879 ip_w14=0xe88b ip_w15=0x68 target=0x744aa1ac2241 target_off=0xc2241
[VMTAIL] site=0xafa1d count=276 frame=0x744aa1a7836d frame_off=0x7836d vm_ip=0x744aa1d7142c vm_ip_off=0x37142c vm_flags=0x40000c25 vm_state=0x8a73150c vm_byte=0x3a table=0x744aa1ac3718 table_off=0xc3718 rax=0x80000000 rbx=0x744aa1a784dd rcx=0x15cdf64896646 rdx=0x744aa1ac2241 rsi=0x400 rdi=0x850 r8=0x1 r9=0x744aa1a784dd r10=0x0 r11=0x744aa1a7847c r12=0x744aa1a78377 r13=0xffffffff80000000 r14=0x2e8 r15=0x744aa1ac3f68 rbp=0x744aa1a7836d rsp=0x7ffe44cd5960 fs0x0=0x24c0b93f fs0x12=0x401 fs0x60=0x24c0b93f fs0x68=0x7ffe44cd59c8 fs0x71=0x1a44e4f1 fs0x81=0x7ffe2a8874d9 fs0xe1=0x7820000000000032 fs0x13d=0x202 fs0x16f=0x8a73150c00 fs0x1e8=0x7ffe44cd5960 fs0x13=0x4 fs0x91=0x5bfebc047010 fs0xab=0x8086 fs0xb3=0x1ab8 fs0xcb=0x744aa26c5000 fs0x19d=0x0 fs0x28=0x8080 fs0x38=0x5bfea9469dc8 fs0x79=0x4 fs0x89=0x0 fs0x99=0x5bfebc067808 fs0xd3=0x10 fs0x107=0x5bfebc047820 fs0x123=0x7ffe44cd6248 fs0x128=0x7f fs0x147=0x6 ip_w0=0xb9 ip_w1=0xa9e3 ip_w2=0x953a ip_w3=0x3d0f ip_w4=0x3b31 ip_w5=0xe80b ip_w6=0x2701 ip_w7=0xb66f ip_w8=0xd4d9 ip_w9=0x6816 ip_w10=0x0 ip_w11=0x13d ip_w12=0x5291 ip_w13=0x7424 ip_w14=0x36 ip_w15=0x2069 target=0x744aa1ac2241 target_off=0xc2241
[VMTAIL] site=0x980a9 count=277 frame=0x744aa1a7836d frame_off=0x7836d vm_ip=0x744aa1d71488 vm_ip_off=0x371488 vm_flags=0x63180044 vm_state=0x34b2a1ae vm_byte=0x3a table=0x744aa1ac3718 table_off=0xc3718 rax=0x744aa1a9d495 rbx=0xffff63209a5c5eab rcx=0x744aa1a783ee rdx=0x20 rsi=0x744aa1ac3cd0 rdi=0x1f8 r8=0xffffffff7f43a784 r9=0x5b8 r10=0x67983698 r11=0x744aa1a78377 r12=0xffffffff7f43a77c r13=0xffff63209a5c5fab r14=0xfffe2ed57961ed5e r15=0x744aa1a784dd rbp=0x744aa1a7836d rsp=0x7ffe44cd5960 fs0x0=0xffffffff991fb4c2 fs0x12=0x400 fs0x60=0x7ffddf90612c fs0x68=0x7ffe44cd59c8 fs0x71=0x1a44e4f1 fs0x81=0x7ffe2a8874d9 fs0xe1=0x7820000000000032 fs0x13d=0x293 fs0x16f=0x34b2a1ae00 fs0x1e8=0x7ffe44cd5960 fs0x13=0x4 fs0x91=0x5bfebc047010 fs0xab=0x8086 fs0xb3=0x1ab8 fs0xcb=0x744aa26c5000 fs0x19d=0x0 fs0x28=0x8080 fs0x38=0x5bfea9469dc8 fs0x79=0x4 fs0x89=0x0 fs0x99=0x5bfebc067808 fs0xd3=0x10 fs0x107=0x5bfebc047820 fs0x123=0x7ffe44cd6248 fs0x128=0x7f fs0x147=0x6 ip_w0=0x1e8 ip_w1=0x2a00 ip_w2=0x361d ip_w3=0x8f3e ip_w4=0x68b8 ip_w5=0x8500 ip_w6=0x5ca2 ip_w7=0xa82b ip_w8=0x19 ip_w9=0x13d ip_w10=0xf92f ip_w11=0x1700 ip_w12=0x10d2 ip_w13=0x44f8 ip_w14=0x9483 ip_w15=0xc029 target=0x744aa1a9d495 target_off=0x9d495
[VMTAIL] site=0x9634f count=278 frame=0x744aa1a7836d frame_off=0x7836d vm_ip=0x744aa1d716c7 vm_ip_off=0x3716c7 vm_flags=0xda0e0873 vm_state=0x83c2fc34 vm_byte=0x32 table=0x744aa1ac3718 table_off=0xc3718 rax=0x744aa1ac3ba0 rbx=0x744aa1d7158e rcx=0x744aa1d71596 rdx=0x7f8f8afa rsi=0xffff8bb57fffffff rdi=0x139 r8=0x0 r9=0x0 r10=0x744aa1a78377 r11=0x744aa1d71592 r12=0x744aa1ac2241 r13=0x162 r14=0xcbff r15=0x744aa1ac4201 rbp=0x744aa1a7836d rsp=0x7ffe44cd5960 fs0x0=0x7ffe40467cbb fs0x12=0x401 fs0x60=0xfffffffffb79176b fs0x68=0x7ffe44cd5966 fs0x71=0x7ffe5f126575 fs0x81=0x7ffe2a887477 fs0xe1=0x7820000000000032 fs0x13d=0xa06 fs0x16f=0x83c2fc3400 fs0x1e8=0x7ffe44cd5960 fs0x13=0x4 fs0x91=0x5bfebc047010 fs0xab=0x8086 fs0xb3=0x1b36 fs0xcb=0x744aa26c5000 fs0x19d=0x0 fs0x28=0x8080 fs0x38=0x5bfea9469dc8 fs0x79=0x4 fs0x89=0x0 fs0x99=0x5bfebc067808 fs0xd3=0x10 fs0x107=0x5bfebc047820 fs0x123=0x7ffe44cd6248 fs0x128=0x7f fs0x147=0x6 ip_w0=0x10c ip_w1=0x1c19 ip_w2=0x6cbe ip_w3=0x2f45 ip_w4=0x8aff ip_w5=0x3af0 ip_w6=0x48f0 ip_w7=0x5bc1 ip_w8=0x1e8 ip_w9=0x9dee ip_w10=0x11 ip_w11=0x13d ip_w12=0xdf ip_w13=0x2879 ip_w14=0xe88b ip_w15=0x68 target=0x744aa1ac2241 target_off=0xc2241
[VMTAIL] site=0xafa1d count=279 frame=0x744aa1a7836d frame_off=0x7836d vm_ip=0x744aa1d7142c vm_ip_off=0x37142c vm_flags=0x40000c25 vm_state=0x8a73150c vm_byte=0x3a table=0x744aa1ac3718 table_off=0xc3718 rax=0x80000000 rbx=0x744aa1a784dd rcx=0x15cdf64896646 rdx=0x744aa1ac2241 rsi=0x400 rdi=0x850 r8=0x1 r9=0x744aa1a784dd r10=0x0 r11=0x744aa1a7847c r12=0x744aa1a78377 r13=0xffffffff80000000 r14=0x2e8 r15=0x744aa1ac3f68 rbp=0x744aa1a7836d rsp=0x7ffe44cd5960 fs0x0=0x24c0b940 fs0x12=0x401 fs0x60=0x24c0b93f fs0x68=0x7ffe44cd59c8 fs0x71=0x1a44e4f2 fs0x81=0x7ffe2a8874d9 fs0xe1=0x7820000000000032 fs0x13d=0x206 fs0x16f=0x8a73150c00 fs0x1e8=0x7ffe44cd5960 fs0x13=0x4 fs0x91=0x5bfebc047010 fs0xab=0x8086 fs0xb3=0x1b36 fs0xcb=0x744aa26c5000 fs0x19d=0x0 fs0x28=0x8080 fs0x38=0x5bfea9469dc8 fs0x79=0x4 fs0x89=0x0 fs0x99=0x5bfebc067808 fs0xd3=0x10 fs0x107=0x5bfebc047820 fs0x123=0x7ffe44cd6248 fs0x128=0x7f fs0x147=0x6 ip_w0=0xb9 ip_w1=0xa9e3 ip_w2=0x953a ip_w3=0x3d0f ip_w4=0x3b31 ip_w5=0xe80b ip_w6=0x2701 ip_w7=0xb66f ip_w8=0xd4d9 ip_w9=0x6816 ip_w10=0x0 ip_w11=0x13d ip_w12=0x5291 ip_w13=0x7424 ip_w14=0x36 ip_w15=0x2069 target=0x744aa1ac2241 target_off=0xc2241
[VMTAIL] site=0x980a9 count=280 frame=0x744aa1a7836d frame_off=0x7836d vm_ip=0x744aa1d71488 vm_ip_off=0x371488 vm_flags=0x63180044 vm_state=0x34b2a1ae vm_byte=0x3a table=0x744aa1ac3718 table_off=0xc3718 rax=0x744aa1a9d495 rbx=0xffff63209a5c5eab rcx=0x744aa1a783ee rdx=0x20 rsi=0x744aa1ac3cd0 rdi=0x1f8 r8=0xffffffff7f43a784 r9=0x5b8 r10=0x67983698 r11=0x744aa1a78377 r12=0xffffffff7f43a77c r13=0xffff63209a5c5fab r14=0xfffe2ed57961ed5e r15=0x744aa1a784dd rbp=0x744aa1a7836d rsp=0x7ffe44cd5960 fs0x0=0xffffffff991fb4c3 fs0x12=0x400 fs0x60=0x7ffddf90612c fs0x68=0x7ffe44cd59c8 fs0x71=0x1a44e4f2 fs0x81=0x7ffe2a8874d9 fs0xe1=0x7820000000000032 fs0x13d=0x297 fs0x16f=0x34b2a1ae00 fs0x1e8=0x7ffe44cd5960 fs0x13=0x4 fs0x91=0x5bfebc047010 fs0xab=0x8086 fs0xb3=0x1b36 fs0xcb=0x744aa26c5000 fs0x19d=0x0 fs0x28=0x8080 fs0x38=0x5bfea9469dc8 fs0x79=0x4 fs0x89=0x0 fs0x99=0x5bfebc067808 fs0xd3=0x10 fs0x107=0x5bfebc047820 fs0x123=0x7ffe44cd6248 fs0x128=0x7f fs0x147=0x6 ip_w0=0x1e8 ip_w1=0x2a00 ip_w2=0x361d ip_w3=0x8f3e ip_w4=0x68b8 ip_w5=0x8500 ip_w6=0x5ca2 ip_w7=0xa82b ip_w8=0x19 ip_w9=0x13d ip_w10=0xf92f ip_w11=0x1700 ip_w12=0x10d2 ip_w13=0x44f8 ip_w14=0x9483 ip_w15=0xc029 target=0x744aa1a9d495 target_off=0x9d495
[VMTAIL] site=0x9634f count=281 frame=0x744aa1a7836d frame_off=0x7836d vm_ip=0x744aa1d716c7 vm_ip_off=0x3716c7 vm_flags=0xda0e0873 vm_state=0x83c2fc34 vm_byte=0x32 table=0x744aa1ac3718 table_off=0xc3718 rax=0x744aa1ac3ba0 rbx=0x744aa1d7158e rcx=0x744aa1d71596 rdx=0x7f8f8afa rsi=0xffff8bb57fffffff rdi=0x139 r8=0x0 r9=0x0 r10=0x744aa1a78377 r11=0x744aa1d71592 r12=0x744aa1ac2241 r13=0x162 r14=0xcbff r15=0x744aa1ac4201 rbp=0x744aa1a7836d rsp=0x7ffe44cd5960 fs0x0=0x7ffe40467cbb fs0x12=0x401 fs0x60=0xfffffffffb797d23 fs0x68=0x7ffe44cd5966 fs0x71=0x7ffe5f126575 fs0x81=0x7ffe2a887477 fs0xe1=0x7820000000000032 fs0x13d=0x293 fs0x16f=0x83c2fc3400 fs0x1e8=0x7ffe44cd5960 fs0x13=0x4 fs0x91=0x5bfebc047010 fs0xab=0x8086 fs0xb3=0x80ee fs0xcb=0x744aa26c5000 fs0x19d=0x0 fs0x28=0x8080 fs0x38=0x5bfea9469dc8 fs0x79=0x4 fs0x89=0x0 fs0x99=0x5bfebc067808 fs0xd3=0x10 fs0x107=0x5bfebc047820 fs0x123=0x7ffe44cd6248 fs0x128=0x7f fs0x147=0x6 ip_w0=0x10c ip_w1=0x1c19 ip_w2=0x6cbe ip_w3=0x2f45 ip_w4=0x8aff ip_w5=0x3af0 ip_w6=0x48f0 ip_w7=0x5bc1 ip_w8=0x1e8 ip_w9=0x9dee ip_w10=0x11 ip_w11=0x13d ip_w12=0xdf ip_w13=0x2879 ip_w14=0xe88b ip_w15=0x68 target=0x744aa1ac2241 target_off=0xc2241
[VMTAIL] site=0xafa1d count=282 frame=0x744aa1a7836d frame_off=0x7836d vm_ip=0x744aa1d7142c vm_ip_off=0x37142c vm_flags=0x40000c25 vm_state=0x8a73150c vm_byte=0x3a table=0x744aa1ac3718 table_off=0xc3718 rax=0x80000000 rbx=0x744aa1a784dd rcx=0x15cdf64896646 rdx=0x744aa1ac2241 rsi=0x400 rdi=0x850 r8=0x1 r9=0x744aa1a784dd r10=0x0 r11=0x744aa1a7847c r12=0x744aa1a78377 r13=0xffffffff80000000 r14=0x2e8 r15=0x744aa1ac3f68 rbp=0x744aa1a7836d rsp=0x7ffe44cd5960 fs0x0=0x24c0b941 fs0x12=0x401 fs0x60=0x24c0b93f fs0x68=0x7ffe44cd59c8 fs0x71=0x1a44e4f3 fs0x81=0x7ffe2a8874d9 fs0xe1=0x7820000000000032 fs0x13d=0x202 fs0x16f=0x8a73150c00 fs0x1e8=0x7ffe44cd5960 fs0x13=0x4 fs0x91=0x5bfebc047010 fs0xab=0x8086 fs0xb3=0x80ee fs0xcb=0x744aa26c5000 fs0x19d=0x0 fs0x28=0x8080 fs0x38=0x5bfea9469dc8 fs0x79=0x4 fs0x89=0x0 fs0x99=0x5bfebc067808 fs0xd3=0x10 fs0x107=0x5bfebc047820 fs0x123=0x7ffe44cd6248 fs0x128=0x7f fs0x147=0x6 ip_w0=0xb9 ip_w1=0xa9e3 ip_w2=0x953a ip_w3=0x3d0f ip_w4=0x3b31 ip_w5=0xe80b ip_w6=0x2701 ip_w7=0xb66f ip_w8=0xd4d9 ip_w9=0x6816 ip_w10=0x0 ip_w11=0x13d ip_w12=0x5291 ip_w13=0x7424 ip_w14=0x36 ip_w15=0x2069 target=0x744aa1ac2241 target_off=0xc2241
[VMTAIL] site=0x980a9 count=283 frame=0x744aa1a7836d frame_off=0x7836d vm_ip=0x744aa1d71488 vm_ip_off=0x371488 vm_flags=0x63180044 vm_state=0x34b2a1ae vm_byte=0x3a table=0x744aa1ac3718 table_off=0xc3718 rax=0x744aa1a9d495 rbx=0xffff63209a5c5eab rcx=0x744aa1a783ee rdx=0x20 rsi=0x744aa1ac3cd0 rdi=0x1f8 r8=0xffffffff7f43a784 r9=0x5b8 r10=0x67983698 r11=0x744aa1a78377 r12=0xffffffff7f43a77c r13=0xffff63209a5c5fab r14=0xfffe2ed57961ed5e r15=0x744aa1a784dd rbp=0x744aa1a7836d rsp=0x7ffe44cd5960 fs0x0=0xffffffff991fb4c4 fs0x12=0x400 fs0x60=0x7ffddf90612c fs0x68=0x7ffe44cd59c8 fs0x71=0x1a44e4f3 fs0x81=0x7ffe2a8874d9 fs0xe1=0x7820000000000032 fs0x13d=0x246 fs0x16f=0x34b2a1ae00 fs0x1e8=0x7ffe44cd5960 fs0x13=0x4 fs0x91=0x5bfebc047010 fs0xab=0x8086 fs0xb3=0x80ee fs0xcb=0x744aa26c5000 fs0x19d=0x0 fs0x28=0x8080 fs0x38=0x5bfea9469dc8 fs0x79=0x4 fs0x89=0x0 fs0x99=0x5bfebc067808 fs0xd3=0x10 fs0x107=0x5bfebc047820 fs0x123=0x7ffe44cd6248 fs0x128=0x7f fs0x147=0x6 ip_w0=0x1e8 ip_w1=0x2a00 ip_w2=0x361d ip_w3=0x8f3e ip_w4=0x68b8 ip_w5=0x8500 ip_w6=0x5ca2 ip_w7=0xa82b ip_w8=0x19 ip_w9=0x13d ip_w10=0xf92f ip_w11=0x1700 ip_w12=0x10d2 ip_w13=0x44f8 ip_w14=0x9483 ip_w15=0xc029 target=0x744aa1a9d495 target_off=0x9d495
[VMTAIL] site=0x9634f count=284 frame=0x744aa1a7836d frame_off=0x7836d vm_ip=0x744aa1d716c7 vm_ip_off=0x3716c7 vm_flags=0xda0e0873 vm_state=0x83c2fc34 vm_byte=0x32 table=0x744aa1ac3718 table_off=0xc3718 rax=0x744aa1ac3ba0 rbx=0x744aa1d7158e rcx=0x744aa1d71596 rdx=0x7f8f8afa rsi=0xffff8bb57fffffff rdi=0x139 r8=0x0 r9=0x0 r10=0x744aa1a78377 r11=0x744aa1d71592 r12=0x744aa1ac2241 r13=0x162 r14=0xcbff r15=0x744aa1ac4201 rbp=0x744aa1a7836d rsp=0x7ffe44cd5960 fs0x0=0x7ffe40467cbb fs0x12=0x401 fs0x60=0xfffffffffb7911e2 fs0x68=0x7ffe44cd5966 fs0x71=0x7ffe5f126575 fs0x81=0x7ffe2a887477 fs0xe1=0x7820000000000032 fs0x13d=0xa12 fs0x16f=0x83c2fc3400 fs0x1e8=0x7ffe44cd5960 fs0x13=0x4 fs0x91=0x5bfebc047010 fs0xab=0x8086 fs0xb3=0x15ad fs0xcb=0x744aa26c5000 fs0x19d=0x0 fs0x28=0x8080 fs0x38=0x5bfea9469dc8 fs0x79=0x4 fs0x89=0x0 fs0x99=0x5bfebc067808 fs0xd3=0x10 fs0x107=0x5bfebc047820 fs0x123=0x7ffe44cd6248 fs0x128=0x7f fs0x147=0x6 ip_w0=0x10c ip_w1=0x1c19 ip_w2=0x6cbe ip_w3=0x2f45 ip_w4=0x8aff ip_w5=0x3af0 ip_w6=0x48f0 ip_w7=0x5bc1 ip_w8=0x1e8 ip_w9=0x9dee ip_w10=0x11 ip_w11=0x13d ip_w12=0xdf ip_w13=0x2879 ip_w14=0xe88b ip_w15=0x68 target=0x744aa1ac2241 target_off=0xc2241
[VMTAIL] site=0xafa1d count=285 frame=0x744aa1a7836d frame_off=0x7836d vm_ip=0x744aa1d7142c vm_ip_off=0x37142c vm_flags=0x40000c25 vm_state=0x8a73150c vm_byte=0x3a table=0x744aa1ac3718 table_off=0xc3718 rax=0x80000000 rbx=0x744aa1a784dd rcx=0x15cdf64896646 rdx=0x744aa1ac2241 rsi=0x400 rdi=0x850 r8=0x1 r9=0x744aa1a784dd r10=0x0 r11=0x744aa1a7847c r12=0x744aa1a78377 r13=0xffffffff80000000 r14=0x2e8 r15=0x744aa1ac3f68 rbp=0x744aa1a7836d rsp=0x7ffe44cd5960 fs0x0=0x24c0b942 fs0x12=0x401 fs0x60=0x24c0b93f fs0x68=0x7ffe44cd59c8 fs0x71=0x1a44e4f4 fs0x81=0x7ffe2a8874d9 fs0xe1=0x7820000000000032 fs0x13d=0x206 fs0x16f=0x8a73150c00 fs0x1e8=0x7ffe44cd5960 fs0x13=0x4 fs0x91=0x5bfebc047010 fs0xab=0x8086 fs0xb3=0x15ad fs0xcb=0x744aa26c5000 fs0x19d=0x0 fs0x28=0x8080 fs0x38=0x5bfea9469dc8 fs0x79=0x4 fs0x89=0x0 fs0x99=0x5bfebc067808 fs0xd3=0x10 fs0x107=0x5bfebc047820 fs0x123=0x7ffe44cd6248 fs0x128=0x7f fs0x147=0x6 ip_w0=0xb9 ip_w1=0xa9e3 ip_w2=0x953a ip_w3=0x3d0f ip_w4=0x3b31 ip_w5=0xe80b ip_w6=0x2701 ip_w7=0xb66f ip_w8=0xd4d9 ip_w9=0x6816 ip_w10=0x0 ip_w11=0x13d ip_w12=0x5291 ip_w13=0x7424 ip_w14=0x36 ip_w15=0x2069 target=0x744aa1ac2241 target_off=0xc2241
[VMTAIL] site=0xbe55b count=286 frame=0x744aa1a7836d frame_off=0x7836d vm_ip=0x744aa1d7171c vm_ip_off=0x37171c vm_flags=0x3d8a4075 vm_state=0xe505d085 vm_byte=0x3a table=0x744aa1ac3718 table_off=0xc3718 rax=0x744aa1a78377 rbx=0x744aa1d7147b rcx=0x744aa1a7a580 rdx=0x744aa1ac2241 rsi=0xb10 rdi=0x744aa1d7147f r8=0x744aa22aa8d3 r9=0x0 r10=0xffffffff800000fd r11=0x0 r12=0x744aa1ac4201 r13=0x744aa1a7837f r14=0x2a5 r15=0x744aa1a7847c rbp=0x744aa1a7836d rsp=0x7ffe44cd5960 fs0x0=0xffffffff991fb4c5 fs0x12=0x401 fs0x60=0xffffffff991fb4c4 fs0x68=0x7ffe44cd59c8 fs0x71=0x1a44e4f4 fs0x81=0x7ffe2a8874d9 fs0xe1=0x7820000000000032 fs0x13d=0x202 fs0x16f=0xe505d08500 fs0x1e8=0x7ffe44cd5960 fs0x13=0x4 fs0x91=0x5bfebc047010 fs0xab=0x8086 fs0xb3=0x15ad fs0xcb=0x744aa26c5000 fs0x19d=0x0 fs0x28=0x8080 fs0x38=0x5bfea9469dc8 fs0x79=0x4 fs0x89=0x0 fs0x99=0x5bfebc067808 fs0xd3=0x10 fs0x107=0x5bfebc047820 fs0x123=0x7ffe44cd6248 fs0x128=0x7f fs0x147=0x6 ip_w0=0xfd ip_w1=0xbe1e ip_w2=0x0 ip_w3=0x0 ip_w4=0x6b0e ip_w5=0xe11c ip_w6=0xb1db ip_w7=0x48b7 ip_w8=0x1d15 ip_w9=0xb3 ip_w10=0x13d ip_w11=0x181f ip_w12=0xe6e2 ip_w13=0x12 ip_w14=0x620 ip_w15=0x262 target=0x744aa1ac2241 target_off=0xc2241
[VMTAIL] site=0xabc56 count=287 frame=0x744aa1a7836d frame_off=0x7836d vm_ip=0x744aa1d717c4 vm_ip_off=0x3717c4 vm_flags=0x624000c8 vm_state=0xb7fa57fe vm_byte=0x62 table=0x744aa1ac3718 table_off=0xc3718 rax=0x744aa1a78377 rbx=0x0 rcx=0x78 rdx=0x1 rsi=0x744aa1ac3ec8 rdi=0x20 r8=0x0 r9=0x744aa1a9a24c r10=0x0 r11=0x744aa1d816d2 r12=0x744aa1ac3c01 r13=0x528 r14=0x56581f r15=0x6a14 rbp=0x744aa1a7836d rsp=0x7ffe44cd5960 fs0x0=0xffffffffc612a452 fs0x12=0x401 fs0x60=0x39ed5bae fs0x68=0x7ffe44cd59c8 fs0x71=0x1a44e4ef fs0x81=0x744a87629f31 fs0xe1=0x7820000000000032 fs0x13d=0x246 fs0x16f=0xb7fa57fe01 fs0x1e8=0x7ffe44cd5960 fs0x13=0x4 fs0x91=0x5bfebc047010 fs0xab=0x8086 fs0xb3=0x0 fs0xcb=0x744aa26c5000 fs0x19d=0x0 fs0x28=0x8080 fs0x38=0x5bfea9469dc8 fs0x79=0x4 fs0x89=0x0 fs0x99=0x5bfebc067808 fs0xd3=0x10 fs0x107=0x5bfebc047820 fs0x123=0x7ffe44cd6248 fs0x128=0x7f fs0x147=0x6 ip_w0=0x40 ip_w1=0xabd5 ip_w2=0x91 ip_w3=0x66b ip_w4=0x91 ip_w5=0x2119 ip_w6=0x100 ip_w7=0xa2be ip_w8=0x2565 ip_w9=0x5aa0 ip_w10=0x12 ip_w11=0x13d ip_w12=0xa2ad ip_w13=0x42 ip_w14=0x9869 ip_w15=0x253a target=0x744aa1a9a24c target_off=0x9a24c
[VMTAIL] site=0xb86f5 count=288 frame=0x744aa1a7836d frame_off=0x7836d vm_ip=0x744aa1d7190d vm_ip_off=0x37190d vm_flags=0xa7562710 vm_state=0xeb767f7e vm_byte=0x3a table=0x744aa1ac3718 table_off=0xc3718 rax=0x744aa1ac40c8 rbx=0x744aa1d7190b rcx=0x744aa1d71869 rdx=0xffffffffffffffe0 rsi=0x744aa1a78377 rdi=0x744aa1a7847c r8=0x0 r9=0x558 r10=0x0 r11=0x184be5a195d6 r12=0x744aa1ac3c70 r13=0x744aa1a9b4b3 r14=0x744aa1a7847c r15=0x744aa1a78390 rbp=0x744aa1a7836d rsp=0x7ffe44cd58c8 fs0x0=0x5bfeb1a5cfd1 fs0x12=0x7ffe44cd598001 fs0x60=0x7ffeb7715fa6 fs0x68=0x7ffe44cd5980 fs0x71=0x7ffe5f123e6f fs0x81=0x744a87629e91 fs0xe1=0x7820000000000032 fs0x13d=0x246 fs0x16f=0xeb767f7e01 fs0x1e8=0x7ffe44cd58c8 fs0x13=0x7ffe44cd5980 fs0x91=0x1 fs0xab=0x8086 fs0xb3=0x7ffe44cd5980 fs0xcb=0x744aa26c5000 fs0x19d=0x0 fs0x28=0x8080 fs0x38=0x5bfea9469dc8 fs0x79=0x4 fs0x89=0x0 fs0x99=0x5bfebc067808 fs0xd3=0x10 fs0x107=0x5bfebc047820 fs0x123=0x7ffe44cd6248 fs0x128=0x7f fs0x147=0x6 ip_w0=0x72 ip_w1=0x64cb ip_w2=0xac8c ip_w3=0x860 ip_w4=0xaf48 ip_w5=0x35d2 ip_w6=0x5e2b ip_w7=0xe8cd ip_w8=0x1001 ip_w9=0xa0a6 ip_w10=0x41a7 ip_w11=0x24ab ip_w12=0xd8bf ip_w13=0x2b09 ip_w14=0x1e8 ip_w15=0xf0e1 target=0x744aa1a9b4b3 target_off=0x9b4b3
[VMTAIL] site=0xb837a count=289 frame=0x744aa1a7836d frame_off=0x7836d vm_ip=0x744aa1d71a30 vm_ip_off=0x371a30 vm_flags=0x4128000 vm_state=0x4100000 vm_byte=0x62 table=0x744aa1ac3718 table_off=0xc3718 rax=0x544080238095 rbx=0xe8953ca78158 rcx=0x744aa1ab0007 rdx=0x744aa1ac3f78 rsi=0x0 rdi=0x744aa1a78377 r8=0xffff03201c038108 r9=0x744aa1a789bd r10=0x400 r11=0x744aa1a80007 r12=0x0 r13=0x860 r14=0x39f r15=0xb444c rbp=0x744aa1a7836d rsp=0x7ffe44cd5960 fs0x0=0xfffffffffb78fc36 fs0x12=0x5bfebc0677f000 fs0x60=0xfffffffffb78fc36 fs0x68=0x7ffe44cd5980 fs0x71=0x1a44e4f0 fs0x81=0x744a87629f0f fs0xe1=0x7820000000000032 fs0x13d=0x246 fs0x16f=0x410000001 fs0x1e8=0x7ffe44cd5960 fs0x13=0x5bfebc0677f0 fs0x91=0x1 fs0xab=0x95f77a2a0d9ceda2 fs0xb3=0x1 fs0xcb=0x744aa26c5000 fs0x19d=0x5bfebc04e780 fs0x28=0x8080 fs0x38=0x5bfea9469dc8 fs0x79=0x5bfb03ed58c7 fs0x89=0x31 fs0x99=0x30 fs0xd3=0x1 fs0x107=0x5bfebc047820 fs0x123=0x7ffe44cd6248 fs0x128=0x7f fs0x147=0x6 ip_w0=0x9c64 ip_w1=0x65ae ip_w2=0x3498 ip_w3=0xa3bf ip_w4=0x4463 ip_w5=0x3926 ip_w6=0x3d00 ip_w7=0x6701 ip_w8=0x57f0 ip_w9=0xab9f ip_w10=0x0 ip_w11=0xed00 ip_w12=0x17 ip_w13=0xc80 ip_w14=0x6401 ip_w15=0x861c target=0x744aa1ab0007 target_off=0xb0007
[VMTAIL] site=0xb84a4 count=290 frame=0x744aa1a7836d frame_off=0x7836d vm_ip=0x744aa1d70256 vm_ip_off=0x370256 vm_flags=0x4628cc64 vm_state=0x22450180 vm_byte=0x62 table=0x744aa1ac3718 table_off=0xc3718 rax=0xffffffffde587b33 rbx=0x0 rcx=0x744aa1a784dd rdx=0x1 rsi=0x0 rdi=0x744aa1ac3c70 r8=0xffff9fffdedbf4dd r9=0x17ed r10=0x744aa1a9b4b3 r11=0x0 r12=0xc0004248399c r13=0x744aa1a7847c r14=0x80000000 r15=0x744aa1a78377 rbp=0x744aa1a7836d rsp=0x7ffe44cd5960 fs0x0=0x1 fs0x12=0x5bfebc0677f000 fs0x60=0xffffffff8abc5088 fs0x68=0x7ffe44cd5980 fs0x71=0x1a44e4f0 fs0x81=0x744a87629f31 fs0xe1=0x7820000000000032 fs0x13d=0x246 fs0x16f=0x2245018001 fs0x1e8=0x7ffe44cd5960 fs0x13=0x5bfebc0677f0 fs0x91=0x1 fs0xab=0x95f77a2a0d9ceda2 fs0xb3=0x1 fs0xcb=0x744aa26c5000 fs0x19d=0x5bfebc04e780 fs0x28=0x8080 fs0x38=0x5bfea9469dc8 fs0x79=0x5bfb03ed58c7 fs0x89=0x31 fs0x99=0x30 fs0xd3=0x1 fs0x107=0x5bfebc047820 fs0x123=0x7ffe44cd6248 fs0x128=0x7f fs0x147=0x6 ip_w0=0x154 ip_w1=0xdfc ip_w2=0x68 ip_w3=0x546a ip_w4=0xdbc4 ip_w5=0x68ef ip_w6=0xd300 ip_w7=0xbb1c ip_w8=0xe850 ip_w9=0x8901 ip_w10=0xe9ac ip_w11=0x21 ip_w12=0x13d ip_w13=0x84f ip_w14=0xea0f ip_w15=0x29c6 target=0x744aa1a9b4b3 target_off=0x9b4b3
[VMTAIL] site=0x9b687 count=291 frame=0x744aa1a7836d frame_off=0x7836d vm_ip=0x744aa1d70258 vm_ip_off=0x370258 vm_flags=0x0 vm_state=0x0 vm_byte=0x62 table=0x744aa1ac3718 table_off=0xc3718 rax=0x9b0 rbx=0xaa0 rcx=0x744aa1a784dd rdx=0x744aa1d70256 rsi=0x744aa1a78390 rdi=0x8895421887e2 r8=0x744aa1a783de r9=0x17ed r10=0x9b0 r11=0x744aa1a78377 r12=0x744aa1a7847c r13=0x744aa1ac41b8 r14=0x744aa1abf435 r15=0xe0d rbp=0x744aa1a7836d rsp=0x7ffe44cd5960 fs0x0=0x1 fs0x12=0x5bfebc0677f000 fs0x60=0xffffffff8abc5088 fs0x68=0x7ffe44cd5980 fs0x71=0x1a44e4f0 fs0x81=0x744a87629f31 fs0xe1=0x7820000000000032 fs0x13d=0x246 fs0x16f=0x1 fs0x1e8=0x7ffe44cd5960 fs0x13=0x5bfebc0677f0 fs0x91=0x1 fs0xab=0x95f77a2a0d9ceda2 fs0xb3=0x1 fs0xcb=0x744aa26c5000 fs0x19d=0x5bfebc04e780 fs0x28=0x8080 fs0x38=0x5bfea9469dc8 fs0x79=0x5bfb03ed58c7 fs0x89=0x31 fs0x99=0x30 fs0xd3=0x1 fs0x107=0x5bfebc047820 fs0x123=0x7ffe44cd6248 fs0x128=0x7f fs0x147=0x6 ip_w0=0xdfc ip_w1=0x68 ip_w2=0x546a ip_w3=0xdbc4 ip_w4=0x68ef ip_w5=0xd300 ip_w6=0xbb1c ip_w7=0xe850 ip_w8=0x8901 ip_w9=0xe9ac ip_w10=0x21 ip_w11=0x13d ip_w12=0x84f ip_w13=0xea0f ip_w14=0x29c6 ip_w15=0xb8de target=0x744aa1abf435 target_off=0xbf435
[VMTAIL] site=0x9b0c5 count=292 frame=0x744aa1a7836d frame_off=0x7836d vm_ip=0x744aa1d703e6 vm_ip_off=0x3703e6 vm_flags=0x27023d6 vm_state=0xd144dfaf vm_byte=0x3a table=0x744aa1ac3718 table_off=0xc3718 rax=0x0 rbx=0x0 rcx=0x744aa1a7847c rdx=0x744aa1a78555 rsi=0x744aa1ac3c40 rdi=0x210 r8=0x528 r9=0x0 r10=0x744aa1a9a24c r11=0x744aa1d703e2 r12=0x744aa1a78391 r13=0x744aa1a78377 r14=0x504aa1008048 r15=0x5bfea9469dc8 rbp=0x744aa1a7836d rsp=0x7ffe44cd58c8 fs0x0=0xda3b7e9 fs0x12=0x7ffe44cd5a1000 fs0x60=0x7ffe44cd5a10 fs0x68=0x7ffe44cd5a10 fs0x71=0x7ffe5f123eff fs0x81=0x744a87629e91 fs0xe1=0x7820000000000032 fs0x13d=0x246 fs0x16f=0xd144dfaf01 fs0x1e8=0x7ffe44cd58c8 fs0x13=0x7ffe44cd5a10 fs0x91=0x1 fs0xab=0x95f77a2a0d9ceda2 fs0xb3=0x7ffe44cd5a10 fs0xcb=0x744aa26c5000 fs0x19d=0x400 fs0x28=0x8080 fs0x38=0x5bfea9469dc8 fs0x79=0x5bfb03ed58c7 fs0x89=0x31 fs0x99=0x30 fs0xd3=0x5bfebc060800 fs0x107=0x5bfebc047820 fs0x123=0x7ffe44cd6248 fs0x128=0x7f fs0x147=0x6 ip_w0=0x14d ip_w1=0xe6fb ip_w2=0x99 ip_w3=0x7c21 ip_w4=0xd4ff ip_w5=0x814e ip_w6=0xe29 ip_w7=0xe832 ip_w8=0x1001 ip_w9=0xd495 ip_w10=0xd7ec ip_w11=0x1b ip_w12=0xf89d ip_w13=0xba32 ip_w14=0x4a34 ip_w15=0x1e8 target=0x744aa1a9a24c target_off=0x9a24c
[VMTAIL] site=0x99026 count=293 frame=0x744aa1a7836d frame_off=0x7836d vm_ip=0x744aa1d70508 vm_ip_off=0x370508 vm_flags=0x40320854 vm_state=0x17d0d191 vm_byte=0x3a table=0x744aa1ac3718 table_off=0xc3718 rax=0x744aa1afbf8c rbx=0xffffffffffffffff rcx=0x744aa1ac3928 rdx=0x210 rsi=0x107221 rdi=0x210 r8=0x8 r9=0x744aa1a855ff r10=0x744aa1a78377 r11=0x744aa1a783ee r12=0x744aa1a784dd r13=0xfffffffffff7c941 r14=0x744aa1a783de r15=0x0 rbp=0x744aa1a7836d rsp=0x7ffe44cd5960 fs0x0=0x7ffe0adffe62 fs0x12=0x7ffe44cd5aa000 fs0x60=0x7ffe7d2001be fs0x68=0x7ffe44cd5a10 fs0x71=0x7ffe5f123eff fs0x81=0x744a87629ee6 fs0xe1=0x7820000000000032 fs0x13d=0x202 fs0x16f=0x17d0d19101 fs0x1e8=0x7ffe44cd5960 fs0x13=0x7ffe44cd5aa0 fs0x91=0x1 fs0xab=0x0 fs0xb3=0x7ffe44cd5a10 fs0xcb=0x744aa26c5000 fs0x19d=0x5bfebc060b6f fs0x28=0x8080 fs0x38=0x5bfea9469dc8 fs0x79=0x5bfebc0608e0 fs0x89=0x31 fs0x99=0x5bfebc060be7 fs0xd3=0x5bfebc0608e0 fs0x107=0x5bfebc047820 fs0x123=0x7ffe44cd6248 fs0x128=0x7f fs0x147=0x6 ip_w0=0xac55 ip_w1=0xb8aa ip_w2=0x3880 ip_w3=0x563f ip_w4=0xa6a7 ip_w5=0xe839 ip_w6=0x2601 ip_w7=0xaa84 ip_w8=0x3d4e ip_w9=0x1 ip_w10=0xa694 ip_w11=0xab84 ip_w12=0x78d9 ip_w13=0x9681 ip_w14=0xe7b ip_w15=0x64f7 target=0x744aa1a855ff target_off=0x855ff
[VMTAIL] site=0x9b0c5 count=294 frame=0x744aa1a7836d frame_off=0x7836d vm_ip=0x744aa1d70632 vm_ip_off=0x370632 vm_flags=0x7f504ca8 vm_state=0x10547508 vm_byte=0x3a table=0x744aa1ac3718 table_off=0xc3718 rax=0x0 rbx=0x400 rcx=0x744aa1a7847c rdx=0x744aa1a78555 rsi=0x744aa1ac3c40 rdi=0x210 r8=0x528 r9=0x0 r10=0x744aa1a9a24c r11=0x744aa1d7062e r12=0x744aa1a78391 r13=0x744aa1a78377 r14=0x504aa1008048 r15=0x5bfea9469dc8 rbp=0x744aa1a7836d rsp=0x7ffe44cd58c8 fs0x0=0x5bfeb1a5bc3e fs0x12=0x5bfebc06080000 fs0x60=0x5bff2eaa0e26 fs0x68=0x7ffe44cd59a8 fs0x71=0x5bfed64aecef fs0x81=0x744a87629e91 fs0xe1=0x7820000000000032 fs0x13d=0x202 fs0x16f=0x1054750801 fs0x1e8=0x7ffe44cd58c8 fs0x13=0x5bfebc060800 fs0x91=0x1 fs0xab=0x0 fs0xb3=0x5bfebc060800 fs0xcb=0x744aa26c5000 fs0x19d=0x5bfebc060b6f fs0x28=0x8080 fs0x38=0x5bfea9469dc8 fs0x79=0x5bfebc0608e0 fs0x89=0x31 fs0x99=0x5bfebc060be7 fs0xd3=0x5bfebc0608e0 fs0x107=0x5bfebc047820 fs0x123=0x7ffe44cd6248 fs0x128=0x7f fs0x147=0x6 ip_w0=0x9d ip_w1=0xd78f ip_w2=0x99 ip_w3=0x9a0a ip_w4=0xc88c ip_w5=0xab16 ip_w6=0x7e3a ip_w7=0xe82c ip_w8=0x4301 ip_w9=0xabd3 ip_w10=0xa300 ip_w11=0xaf8e ip_w12=0xe703 ip_w13=0x3a0b ip_w14=0x1e8 ip_w15=0xcaa6 target=0x744aa1a9a24c target_off=0x9a24c
[VMTAIL] site=0xa0dc7 count=295 frame=0x744aa1a7836d frame_off=0x7836d vm_ip=0x744aa1d70756 vm_ip_off=0x370756 vm_flags=0xcefebcd7 vm_state=0xf4efa1e7 vm_byte=0x50 table=0x744aa1ac3718 table_off=0xc3718 rax=0x744aa1a784dd rbx=0x424786f4 rcx=0x620 rdx=0x0 rsi=0xffff8bb580000000 rdi=0x744aa1a78377 r8=0x744a4353abfd r9=0x744aa1a783cd r10=0x744aa1a9fbcd r11=0x9cdfe2ff92df r12=0xffffffffa1a784ff r13=0x744aa1ac3d38 r14=0xffff8bb53db87c07 r15=0x744aa1a784dd rbp=0x744aa1a7836d rsp=0x7ffe44cd5960 fs0x0=0x188232b1 fs0x12=0x5bfebc06080000 fs0x60=0xffffffff9ac307cd fs0x68=0x7ffe44cd59a8 fs0x71=0x1a44e4ef fs0x81=0x744a87629f31 fs0xe1=0x7820000000000032 fs0x13d=0x246 fs0x16f=0xf4efa1e701 fs0x1e8=0x7ffe44cd5960 fs0x13=0x5bfebc060800 fs0x91=0x1 fs0xab=0x0 fs0xb3=0x0 fs0xcb=0x744aa26c5000 fs0x19d=0x5bfebc060b6f fs0x28=0x8080 fs0x38=0x5bfea9469dc8 fs0x79=0x5bfebc0608e0 fs0x89=0x31 fs0x99=0x5bfebc060be7 fs0xd3=0x5bfebc0608e0 fs0x107=0x5bfebc047820 fs0x123=0x7ffe44cd6248 fs0x128=0x7f fs0x147=0x6 ip_w0=0x875 ip_w1=0x8f25 ip_w2=0x200 ip_w3=0xd08c ip_w4=0xa64a ip_w5=0x29 ip_w6=0x13d ip_w7=0xaffc ip_w8=0xf20c ip_w9=0xab ip_w10=0x0 ip_w11=0x22 ip_w12=0x0 ip_w13=0xc7 ip_w14=0x48d7 ip_w15=0x6a50 target=0x744aa1a9fbcd target_off=0x9fbcd
[VMTAIL] site=0xb7699 count=296 frame=0x744aa1a7836d frame_off=0x7836d vm_ip=0x744aa1d7078a vm_ip_off=0x37078a vm_flags=0x4736efda vm_state=0xc0174e93 vm_byte=0x50 table=0x744aa1ac3718 table_off=0xc3718 rax=0xffff8bb55e28f8a6 rbx=0x744aa1ac3c71 rcx=0x478 rdx=0xffff176abc7cbfb0 rsi=0x744aa1a78377 rdi=0x0 r8=0x744aa1a9b4b3 r9=0x0 r10=0x744aa1ac3c70 r11=0x22 r12=0x744aa1a9b4b3 r13=0x744aa1ac3c70 r14=0x0 r15=0x744aa1a784dd rbp=0x744aa1a7836d rsp=0x7ffe44cd5960 fs0x0=0x4acd0089 fs0x12=0x5bfebc06080000 fs0x60=0x1 fs0x68=0x7ffe44cd59a8 fs0x71=0x1a44e4f0 fs0x81=0x744a87629f31 fs0xe1=0x7820000000000032 fs0x13d=0x246 fs0x16f=0xc0174e9301 fs0x1e8=0x7ffe44cd5960 fs0x13=0x5bfebc060800 fs0x91=0x1 fs0xab=0x0 fs0xb3=0x1 fs0xcb=0x744aa26c5000 fs0x19d=0x5bfebc060b6f fs0x28=0x8080 fs0x38=0x5bfea9469dc8 fs0x79=0x5bfebc0608e0 fs0x89=0x31 fs0x99=0x5bfebc060be7 fs0xd3=0x5bfebc0608e0 fs0x107=0x5bfebc047820 fs0x123=0x7ffe44cd6248 fs0x128=0x7f fs0x147=0x6 ip_w0=0xa8 ip_w1=0xb3 ip_w2=0xd586 ip_w3=0x390 ip_w4=0x2184 ip_w5=0x5e8c ip_w6=0x51ce ip_w7=0xcfd7 ip_w8=0xcbc4 ip_w9=0x3d13 ip_w10=0x1701 ip_w11=0xa5 ip_w12=0x0 ip_w13=0x12c3 ip_w14=0x0 ip_w15=0x13d target=0x744aa1a9b4b3 target_off=0x9b4b3
[VMTAIL] site=0xbf126 count=297 frame=0x744aa1a7836d frame_off=0x7836d vm_ip=0x744aa1d707b1 vm_ip_off=0x3707b1 vm_flags=0x73b864ec vm_state=0x206f075e vm_byte=0x62 table=0x744aa1ac3718 table_off=0xc3718 rax=0x0 rbx=0x744aa1aa1484 rcx=0xffff8bb54f855d5e rdx=0xf0658 rsi=0x12 rdi=0x733 r8=0xe895434f0849 r9=0x200 r10=0x744aa1ac3d70 r11=0x658 r12=0x744aa1a78377 r13=0x744aa1a789c3 r14=0xffffffffffffffff r15=0x663 rbp=0x744aa1a7836d rsp=0x7ffe44cd5960 fs0x0=0x7ffe496eee71 fs0x12=0x5bfebc06080000 fs0x60=0x1 fs0x68=0x7ffe44cd59a8 fs0x71=0x1a44e4f0 fs0x81=0x744a87629f31 fs0xe1=0x7820000000000032 fs0x13d=0x202 fs0x16f=0x206f075e01 fs0x1e8=0x7ffe44cd5960 fs0x13=0x5bfebc060800 fs0x91=0x1 fs0xab=0x0 fs0xb3=0x1 fs0xcb=0x744aa26c5000 fs0x19d=0x5bfebc060b6f fs0x28=0x8080 fs0x38=0x5bfea9469dc8 fs0x79=0x5bfebc0608e0 fs0x89=0x31 fs0x99=0x5bfebc060be7 fs0xd3=0x5bfebc0608e0 fs0x107=0x5bfebc047820 fs0x123=0x7ffe44cd6248 fs0x128=0x7f fs0x147=0x6 ip_w0=0x9267 ip_w1=0xda04 ip_w2=0xc6dc ip_w3=0xc7bf ip_w4=0x418c ip_w5=0x1e8 ip_w6=0x4b90 ip_w7=0x26 ip_w8=0x13d ip_w9=0x2c9f ip_w10=0x99c5 ip_w11=0x417e ip_w12=0x9509 ip_w13=0x2d80 ip_w14=0x6303 ip_w15=0xc6af target=0x744aa1aa1484 target_off=0xa1484
[VMTAIL] site=0xb86f5 count=298 frame=0x744aa1a7836d frame_off=0x7836d vm_ip=0x744aa1d708f2 vm_ip_off=0x3708f2 vm_flags=0x123dbe45 vm_state=0xf995dffe vm_byte=0x3a table=0x744aa1ac3718 table_off=0xc3718 rax=0x744aa1ac40c8 rbx=0x744aa1d708f0 rcx=0x744aa1d7084e rdx=0xffffffffffffffe0 rsi=0x744aa1a78377 rdi=0x744aa1a7847c r8=0x0 r9=0x528 r10=0x0 r11=0x744aa1a68d4d r12=0x744aa1ac3c40 r13=0x744aa1a9a24c r14=0x744aa1a7847c r15=0x744aa1a78390 rbp=0x744aa1a7836d rsp=0x7ffe44cd58c8 fs0x0=0x5bfeb1a5bc3e fs0x12=0x7ffe44cd5a1000 fs0x60=0x7ffeb7716036 fs0x68=0x7ffe44cd5a10 fs0x71=0x7ffe5f123eff fs0x81=0x744a87629e91 fs0xe1=0x7820000000000032 fs0x13d=0x202 fs0x16f=0xf995dffe01 fs0x1e8=0x7ffe44cd58c8 fs0x13=0x7ffe44cd5a10 fs0x91=0x1 fs0xab=0x0 fs0xb3=0x7ffe44cd5a10 fs0xcb=0x744aa26c5000 fs0x19d=0x9 fs0x28=0x8080 fs0x38=0x5bfea9469dc8 fs0x79=0x5bfebc0608e0 fs0x89=0x31 fs0x99=0x5bfebc060be7 fs0xd3=0x5bfebc0608e0 fs0x107=0x5bfebc047820 fs0x123=0x7ffe44cd6248 fs0x128=0x7f fs0x147=0x6 ip_w0=0x151 ip_w1=0x94f0 ip_w2=0x99 ip_w3=0xfcec ip_w4=0xad3 ip_w5=0x798 ip_w6=0x642 ip_w7=0xe89e ip_w8=0x8a01 ip_w9=0x4500 ip_w10=0xc4d9 ip_w11=0x2bf8 ip_w12=0x5700 ip_w13=0x2a82 ip_w14=0x1e8 ip_w15=0xfa19 target=0x744aa1a9a24c target_off=0x9a24c
[VMTAIL] site=0xb68ff count=299 frame=0x744aa1a7836d frame_off=0x7836d vm_ip=0x744aa1d70a91 vm_ip_off=0x370a91 vm_flags=0xf59bd3ca vm_state=0x4a066bd3 vm_byte=0x3a table=0x744aa1ac3718 table_off=0xc3718 rax=0x144b5e587c84 rbx=0x2a8 rcx=0x744aa1ac41f0 rdx=0x0 rsi=0x744aa1a78377 rdi=0x744aa1a78390 r8=0x744aa1a784dd r9=0xffffffffa1a78cdc r10=0x598 r11=0x744aa1a784dd r12=0xffff8bb5bd7ccc0e r13=0x744aa1ac088d r14=0x200 r15=0xad8 rbp=0x744aa1a7836d rsp=0x7ffe44cd5960 fs0x0=0x7ffe40465649 fs0x12=0x7ffe44cd5a1000 fs0x60=0xfffffffffb78fc35 fs0x68=0x7ffe44cd59b0 fs0x71=0x7ffe5f123f03 fs0x81=0x7ffe2a8874c1 fs0xe1=0x7820000000000032 fs0x13d=0x206 fs0x16f=0x4a066bd300 fs0x1e8=0x7ffe44cd5960 fs0x13=0x7ffe44cd5a10 fs0x91=0x1 fs0xab=0x0 fs0xb3=0x7ffe44cd5a14 fs0xcb=0x744aa26c5000 fs0x19d=0x9 fs0x28=0x8080 fs0x38=0x5bfea9469dc8 fs0x79=0x5bfebc0608e0 fs0x89=0x31 fs0x99=0x5bfebc060be7 fs0xd3=0x7ffe44cd5a14 fs0x107=0x5bfebc047820 fs0x123=0x7ffe44cd6248 fs0x128=0x7f fs0x147=0x6 ip_w0=0xf4d ip_w1=0x82ef ip_w2=0xc0af ip_w3=0x68 ip_w4=0xc3d ip_w5=0x1df ip_w6=0xf870 ip_w7=0x1e8 ip_w8=0x3d00 ip_w9=0x301 ip_w10=0x17cf ip_w11=0xecc0 ip_w12=0x5dcc ip_w13=0x969b ip_w14=0x61c1 ip_w15=0xf3e1 target=0x744aa1ac088d target_off=0xc088d
[VMTAIL] site=0x9b0c5 count=300 frame=0x744aa1a7836d frame_off=0x7836d vm_ip=0x744aa1d70cbe vm_ip_off=0x370cbe vm_flags=0x512e3387 vm_state=0x3fca8af8 vm_byte=0x3a table=0x744aa1ac3718 table_off=0xc3718 rax=0x0 rbx=0x400 rcx=0x744aa1a7847c rdx=0x744aa1a78555 rsi=0x744aa1ac3c70 rdi=0x210 r8=0x558 r9=0x0 r10=0x744aa1a9b4b3 r11=0x744aa1d70cba r12=0x744aa1a78391 r13=0x744aa1a78377 r14=0x504aa1009480 r15=0x5bfea9469dc8 rbp=0x744aa1a7836d rsp=0x7ffe44cd58c8 fs0x0=0x5bfeb1a5bc3e fs0x12=0x7ffe44cd598000 fs0x60=0x7ffe5661c3e7 fs0x68=0x7ffe44cd5980 fs0x71=0x7ffe5f123e6f fs0x81=0x744a87629e91 fs0xe1=0x7820000000000032 fs0x13d=0x206 fs0x16f=0x3fca8af801 fs0x1e8=0x7ffe44cd58c8 fs0x13=0x7ffe44cd5980 fs0x91=0x1 fs0xab=0x0 fs0xb3=0x7ffe44cd5980 fs0xcb=0x744aa26c5000 fs0x19d=0x7ffe44cd5a15 fs0x28=0x8080 fs0x38=0x5bfea9469dc8 fs0x79=0x7ffe44cd5962 fs0x89=0x31 fs0x99=0x5bfebc060be7 fs0xd3=0x4 fs0x107=0x5bfebc047820 fs0x123=0x7ffe44cd6248 fs0x128=0x7f fs0x147=0x6 ip_w0=0x42 ip_w1=0x9379 ip_w2=0x793a ip_w3=0xc8f5 ip_w4=0x21df ip_w5=0xf576 ip_w6=0x60a ip_w7=0xe8b2 ip_w8=0x5801 ip_w9=0x2c11 ip_w10=0x8a6c ip_w11=0xad45 ip_w12=0x64d9 ip_w13=0xaace ip_w14=0x9965 ip_w15=0x1e8 target=0x744aa1a9b4b3 target_off=0x9b4b3
[VMTAIL] site=0xb86f5 count=301 frame=0x744aa1a7836d frame_off=0x7836d vm_ip=0x744aa1d70f18 vm_ip_off=0x370f18 vm_flags=0x4048004 vm_state=0x4048004 vm_byte=0x3a table=0x744aa1ac3718 table_off=0xc3718 rax=0x744aa1ac40c8 rbx=0x744aa1d70f16 rcx=0x744aa1d70e74 rdx=0xffffffffffffffe0 rsi=0x744aa1a78377 rdi=0x744aa1a7847c r8=0x0 r9=0x558 r10=0x0 r11=0x744aa1a68d56 r12=0x744aa1ac3c70 r13=0x744aa1a9b4b3 r14=0x744aa1a7847c r15=0x744aa1a78390 rbp=0x744aa1a7836d rsp=0x7ffe44cd58c8 fs0x0=0x5bfeb1a5bc3e fs0x12=0x7ffe44cd598000 fs0x60=0x7ffe44cd5980 fs0x68=0x7ffe44cd5980 fs0x71=0x7ffe5f123e6f fs0x81=0x744a87629e91 fs0xe1=0x7820000000000032 fs0x13d=0x202 fs0x16f=0x404800401 fs0x1e8=0x7ffe44cd58c8 fs0x13=0x7ffe44cd5980 fs0x91=0x1 fs0xab=0x0 fs0xb3=0x7ffe44cd5980 fs0xcb=0x744aa26c5000 fs0x19d=0x0 fs0x28=0x8080 fs0x38=0x5bfea9469dc8 fs0x79=0x0 fs0x89=0x31 fs0x99=0x5bfebc060be7 fs0xd3=0x10 fs0x107=0x5bfebc047820 fs0x123=0x7ffe44cd6248 fs0x128=0x7f fs0x147=0x6 ip_w0=0xc7 ip_w1=0x4ed7 ip_w2=0x533a ip_w3=0x99ea ip_w4=0x5700 ip_w5=0x4609 ip_w6=0xbd16 ip_w7=0xe83d ip_w8=0xc901 ip_w9=0x6296 ip_w10=0xf056 ip_w11=0xf025 ip_w12=0x60da ip_w13=0xef03 ip_w14=0x1e8 ip_w15=0xf271 target=0x744aa1a9b4b3 target_off=0x9b4b3
[VMTAIL] site=0x9bd8c count=302 frame=0x744aa1a7836d frame_off=0x7836d vm_ip=0x744aa1d7142c vm_ip_off=0x37142c vm_flags=0x20000821 vm_state=0x800 vm_byte=0x3a table=0x744aa1ac3718 table_off=0xc3718 rax=0x744aa1a78501 rbx=0x744aa1a784dd rcx=0x644021280550 rdx=0x744aa1a784e5 rsi=0x744aa1a78377 rdi=0x1 r8=0x12 r9=0xb10 r10=0x744aa1a784dd r11=0x744aa1ac2241 r12=0x744aa1ac4228 r13=0x744aa1ac08c4 r14=0x0 r15=0xfcdfe3ef82df rbp=0x744aa1a7836d rsp=0x7ffe44cd5960 fs0x0=0x6de2f3af fs0x12=0x400 fs0x60=0x6de2f3aa fs0x68=0x7ffe44cd59c8 fs0x71=0x1a44e4ef fs0x81=0x7ffe2a8874d9 fs0xe1=0x7820000000000032 fs0x13d=0x246 fs0x16f=0x80000 fs0x1e8=0x7ffe44cd5960 fs0x13=0x4 fs0x91=0x1 fs0xab=0x8086 fs0xb3=0x8086 fs0xcb=0x744aa26c5000 fs0x19d=0x0 fs0x28=0x8080 fs0x38=0x5bfea9469dc8 fs0x79=0x4 fs0x89=0x0 fs0x99=0x5bfebc067808 fs0xd3=0x10 fs0x107=0x5bfebc047820 fs0x123=0x7ffe44cd6248 fs0x128=0x7f fs0x147=0x6 ip_w0=0xb9 ip_w1=0xa9e3 ip_w2=0x953a ip_w3=0x3d0f ip_w4=0x3b31 ip_w5=0xe80b ip_w6=0x2701 ip_w7=0xb66f ip_w8=0xd4d9 ip_w9=0x6816 ip_w10=0x0 ip_w11=0x13d ip_w12=0x5291 ip_w13=0x7424 ip_w14=0x36 ip_w15=0x2069 target=0x744aa1ac2241 target_off=0xc2241
[VMTAIL] site=0x980a9 count=303 frame=0x744aa1a7836d frame_off=0x7836d vm_ip=0x744aa1d71488 vm_ip_off=0x371488 vm_flags=0x63180044 vm_state=0x34b2a1ae vm_byte=0x3a table=0x744aa1ac3718 table_off=0xc3718 rax=0x744aa1a9d495 rbx=0xffff63209a5c5eab rcx=0x744aa1a783ee rdx=0x20 rsi=0x744aa1ac3cd0 rdi=0x1f8 r8=0xffffffff7f43a784 r9=0x5b8 r10=0x67983698 r11=0x744aa1a78377 r12=0xffffffff7f43a77c r13=0xffff63209a5c5fab r14=0xfffe2ed57961ed5e r15=0x744aa1a784dd rbp=0x744aa1a7836d rsp=0x7ffe44cd5960 fs0x0=0xffffffff991fb4c0 fs0x12=0x400 fs0x60=0x7ffddf90612c fs0x68=0x7ffe44cd59c8 fs0x71=0x1a44e4ef fs0x81=0x7ffe2a8874d9 fs0xe1=0x7820000000000032 fs0x13d=0x297 fs0x16f=0x34b2a1ae00 fs0x1e8=0x7ffe44cd5960 fs0x13=0x4 fs0x91=0x1 fs0xab=0x8086 fs0xb3=0x8086 fs0xcb=0x744aa26c5000 fs0x19d=0x0 fs0x28=0x8080 fs0x38=0x5bfea9469dc8 fs0x79=0x4 fs0x89=0x0 fs0x99=0x5bfebc067808 fs0xd3=0x10 fs0x107=0x5bfebc047820 fs0x123=0x7ffe44cd6248 fs0x128=0x7f fs0x147=0x6 ip_w0=0x1e8 ip_w1=0x2a00 ip_w2=0x361d ip_w3=0x8f3e ip_w4=0x68b8 ip_w5=0x8500 ip_w6=0x5ca2 ip_w7=0xa82b ip_w8=0x19 ip_w9=0x13d ip_w10=0xf92f ip_w11=0x1700 ip_w12=0x10d2 ip_w13=0x44f8 ip_w14=0x9483 ip_w15=0xc029 target=0x744aa1a9d495 target_off=0x9d495
[VMTAIL] site=0x9634f count=304 frame=0x744aa1a7836d frame_off=0x7836d vm_ip=0x744aa1d716c7 vm_ip_off=0x3716c7 vm_flags=0xda0e0873 vm_state=0x83c2fc34 vm_byte=0x32 table=0x744aa1ac3718 table_off=0xc3718 rax=0x744aa1ac3ba0 rbx=0x744aa1d7158e rcx=0x744aa1d71596 rdx=0x7f8f8afa rsi=0xffff8bb57fffffff rdi=0x139 r8=0x0 r9=0x0 r10=0x744aa1a78377 r11=0x744aa1d71592 r12=0x744aa1ac2241 r13=0x162 r14=0xcbff r15=0x744aa1ac4201 rbp=0x744aa1a7836d rsp=0x7ffe44cd5960 fs0x0=0x7ffe40467cbb fs0x12=0x401 fs0x60=0xfffffffffb791049 fs0x68=0x7ffe44cd5966 fs0x71=0x7ffe5f126575 fs0x81=0x7ffe2a887477 fs0xe1=0x7820000000000032 fs0x13d=0xa06 fs0x16f=0x83c2fc3400 fs0x1e8=0x7ffe44cd5960 fs0x13=0x4 fs0x91=0x1 fs0xab=0x8086 fs0xb3=0x1414 fs0xcb=0x744aa26c5000 fs0x19d=0x0 fs0x28=0x8080 fs0x38=0x5bfea9469dc8 fs0x79=0x4 fs0x89=0x0 fs0x99=0x5bfebc067808 fs0xd3=0x10 fs0x107=0x5bfebc047820 fs0x123=0x7ffe44cd6248 fs0x128=0x7f fs0x147=0x6 ip_w0=0x10c ip_w1=0x1c19 ip_w2=0x6cbe ip_w3=0x2f45 ip_w4=0x8aff ip_w5=0x3af0 ip_w6=0x48f0 ip_w7=0x5bc1 ip_w8=0x1e8 ip_w9=0x9dee ip_w10=0x11 ip_w11=0x13d ip_w12=0xdf ip_w13=0x2879 ip_w14=0xe88b ip_w15=0x68 target=0x744aa1ac2241 target_off=0xc2241
[VMTAIL] site=0xafa1d count=305 frame=0x744aa1a7836d frame_off=0x7836d vm_ip=0x744aa1d7142c vm_ip_off=0x37142c vm_flags=0x40000c25 vm_state=0x8a73150c vm_byte=0x3a table=0x744aa1ac3718 table_off=0xc3718 rax=0x80000000 rbx=0x744aa1a784dd rcx=0x15cdf64896646 rdx=0x744aa1ac2241 rsi=0x400 rdi=0x850 r8=0x1 r9=0x744aa1a784dd r10=0x0 r11=0x744aa1a7847c r12=0x744aa1a78377 r13=0xffffffff80000000 r14=0x2e8 r15=0x744aa1ac3f68 rbp=0x744aa1a7836d rsp=0x7ffe44cd5960 fs0x0=0x24c0b93e fs0x12=0x401 fs0x60=0x24c0b93f fs0x68=0x7ffe44cd59c8 fs0x71=0x1a44e4f0 fs0x81=0x7ffe2a8874d9 fs0xe1=0x7820000000000032 fs0x13d=0x202 fs0x16f=0x8a73150c00 fs0x1e8=0x7ffe44cd5960 fs0x13=0x4 fs0x91=0x1 fs0xab=0x8086 fs0xb3=0x1414 fs0xcb=0x744aa26c5000 fs0x19d=0x0 fs0x28=0x8080 fs0x38=0x5bfea9469dc8 fs0x79=0x4 fs0x89=0x0 fs0x99=0x5bfebc067808 fs0xd3=0x10 fs0x107=0x5bfebc047820 fs0x123=0x7ffe44cd6248 fs0x128=0x7f fs0x147=0x6 ip_w0=0xb9 ip_w1=0xa9e3 ip_w2=0x953a ip_w3=0x3d0f ip_w4=0x3b31 ip_w5=0xe80b ip_w6=0x2701 ip_w7=0xb66f ip_w8=0xd4d9 ip_w9=0x6816 ip_w10=0x0 ip_w11=0x13d ip_w12=0x5291 ip_w13=0x7424 ip_w14=0x36 ip_w15=0x2069 target=0x744aa1ac2241 target_off=0xc2241
[VMTAIL] site=0x980a9 count=306 frame=0x744aa1a7836d frame_off=0x7836d vm_ip=0x744aa1d71488 vm_ip_off=0x371488 vm_flags=0x63180044 vm_state=0x34b2a1ae vm_byte=0x3a table=0x744aa1ac3718 table_off=0xc3718 rax=0x744aa1a9d495 rbx=0xffff63209a5c5eab rcx=0x744aa1a783ee rdx=0x20 rsi=0x744aa1ac3cd0 rdi=0x1f8 r8=0xffffffff7f43a784 r9=0x5b8 r10=0x67983698 r11=0x744aa1a78377 r12=0xffffffff7f43a77c r13=0xffff63209a5c5fab r14=0xfffe2ed57961ed5e r15=0x744aa1a784dd rbp=0x744aa1a7836d rsp=0x7ffe44cd5960 fs0x0=0xffffffff991fb4c1 fs0x12=0x400 fs0x60=0x7ffddf90612c fs0x68=0x7ffe44cd59c8 fs0x71=0x1a44e4f0 fs0x81=0x7ffe2a8874d9 fs0xe1=0x7820000000000032 fs0x13d=0x293 fs0x16f=0x34b2a1ae00 fs0x1e8=0x7ffe44cd5960 fs0x13=0x4 fs0x91=0x1 fs0xab=0x8086 fs0xb3=0x1414 fs0xcb=0x744aa26c5000 fs0x19d=0x0 fs0x28=0x8080 fs0x38=0x5bfea9469dc8 fs0x79=0x4 fs0x89=0x0 fs0x99=0x5bfebc067808 fs0xd3=0x10 fs0x107=0x5bfebc047820 fs0x123=0x7ffe44cd6248 fs0x128=0x7f fs0x147=0x6 ip_w0=0x1e8 ip_w1=0x2a00 ip_w2=0x361d ip_w3=0x8f3e ip_w4=0x68b8 ip_w5=0x8500 ip_w6=0x5ca2 ip_w7=0xa82b ip_w8=0x19 ip_w9=0x13d ip_w10=0xf92f ip_w11=0x1700 ip_w12=0x10d2 ip_w13=0x44f8 ip_w14=0x9483 ip_w15=0xc029 target=0x744aa1a9d495 target_off=0x9d495
[VMTAIL] site=0x9634f count=307 frame=0x744aa1a7836d frame_off=0x7836d vm_ip=0x744aa1d716c7 vm_ip_off=0x3716c7 vm_flags=0xda0e0873 vm_state=0x83c2fc34 vm_byte=0x32 table=0x744aa1ac3718 table_off=0xc3718 rax=0x744aa1ac3ba0 rbx=0x744aa1d7158e rcx=0x744aa1d71596 rdx=0x7f8f8afa rsi=0xffff8bb57fffffff rdi=0x139 r8=0x0 r9=0x0 r10=0x744aa1a78377 r11=0x744aa1d71592 r12=0x744aa1ac2241 r13=0x162 r14=0xcbff r15=0x744aa1ac4201 rbp=0x744aa1a7836d rsp=0x7ffe44cd5960 fs0x0=0x7ffe40467cbb fs0x12=0x401 fs0x60=0xfffffffffb7916ed fs0x68=0x7ffe44cd5966 fs0x71=0x7ffe5f126575 fs0x81=0x7ffe2a887477 fs0xe1=0x7820000000000032 fs0x13d=0xa12 fs0x16f=0x83c2fc3400 fs0x1e8=0x7ffe44cd5960 fs0x13=0x4 fs0x91=0x1 fs0xab=0x8086 fs0xb3=0x1ab8 fs0xcb=0x744aa26c5000 fs0x19d=0x0 fs0x28=0x8080 fs0x38=0x5bfea9469dc8 fs0x79=0x4 fs0x89=0x0 fs0x99=0x5bfebc067808 fs0xd3=0x10 fs0x107=0x5bfebc047820 fs0x123=0x7ffe44cd6248 fs0x128=0x7f fs0x147=0x6 ip_w0=0x10c ip_w1=0x1c19 ip_w2=0x6cbe ip_w3=0x2f45 ip_w4=0x8aff ip_w5=0x3af0 ip_w6=0x48f0 ip_w7=0x5bc1 ip_w8=0x1e8 ip_w9=0x9dee ip_w10=0x11 ip_w11=0x13d ip_w12=0xdf ip_w13=0x2879 ip_w14=0xe88b ip_w15=0x68 target=0x744aa1ac2241 target_off=0xc2241
[VMTAIL] site=0xafa1d count=308 frame=0x744aa1a7836d frame_off=0x7836d vm_ip=0x744aa1d7142c vm_ip_off=0x37142c vm_flags=0x40000c25 vm_state=0x8a73150c vm_byte=0x3a table=0x744aa1ac3718 table_off=0xc3718 rax=0x80000000 rbx=0x744aa1a784dd rcx=0x15cdf64896646 rdx=0x744aa1ac2241 rsi=0x400 rdi=0x850 r8=0x1 r9=0x744aa1a784dd r10=0x0 r11=0x744aa1a7847c r12=0x744aa1a78377 r13=0xffffffff80000000 r14=0x2e8 r15=0x744aa1ac3f68 rbp=0x744aa1a7836d rsp=0x7ffe44cd5960 fs0x0=0x24c0b93f fs0x12=0x401 fs0x60=0x24c0b93f fs0x68=0x7ffe44cd59c8 fs0x71=0x1a44e4f1 fs0x81=0x7ffe2a8874d9 fs0xe1=0x7820000000000032 fs0x13d=0x202 fs0x16f=0x8a73150c00 fs0x1e8=0x7ffe44cd5960 fs0x13=0x4 fs0x91=0x1 fs0xab=0x8086 fs0xb3=0x1ab8 fs0xcb=0x744aa26c5000 fs0x19d=0x0 fs0x28=0x8080 fs0x38=0x5bfea9469dc8 fs0x79=0x4 fs0x89=0x0 fs0x99=0x5bfebc067808 fs0xd3=0x10 fs0x107=0x5bfebc047820 fs0x123=0x7ffe44cd6248 fs0x128=0x7f fs0x147=0x6 ip_w0=0xb9 ip_w1=0xa9e3 ip_w2=0x953a ip_w3=0x3d0f ip_w4=0x3b31 ip_w5=0xe80b ip_w6=0x2701 ip_w7=0xb66f ip_w8=0xd4d9 ip_w9=0x6816 ip_w10=0x0 ip_w11=0x13d ip_w12=0x5291 ip_w13=0x7424 ip_w14=0x36 ip_w15=0x2069 target=0x744aa1ac2241 target_off=0xc2241
[VMTAIL] site=0x980a9 count=309 frame=0x744aa1a7836d frame_off=0x7836d vm_ip=0x744aa1d71488 vm_ip_off=0x371488 vm_flags=0x63180044 vm_state=0x34b2a1ae vm_byte=0x3a table=0x744aa1ac3718 table_off=0xc3718 rax=0x744aa1a9d495 rbx=0xffff63209a5c5eab rcx=0x744aa1a783ee rdx=0x20 rsi=0x744aa1ac3cd0 rdi=0x1f8 r8=0xffffffff7f43a784 r9=0x5b8 r10=0x67983698 r11=0x744aa1a78377 r12=0xffffffff7f43a77c r13=0xffff63209a5c5fab r14=0xfffe2ed57961ed5e r15=0x744aa1a784dd rbp=0x744aa1a7836d rsp=0x7ffe44cd5960 fs0x0=0xffffffff991fb4c2 fs0x12=0x400 fs0x60=0x7ffddf90612c fs0x68=0x7ffe44cd59c8 fs0x71=0x1a44e4f1 fs0x81=0x7ffe2a8874d9 fs0xe1=0x7820000000000032 fs0x13d=0x293 fs0x16f=0x34b2a1ae00 fs0x1e8=0x7ffe44cd5960 fs0x13=0x4 fs0x91=0x1 fs0xab=0x8086 fs0xb3=0x1ab8 fs0xcb=0x744aa26c5000 fs0x19d=0x0 fs0x28=0x8080 fs0x38=0x5bfea9469dc8 fs0x79=0x4 fs0x89=0x0 fs0x99=0x5bfebc067808 fs0xd3=0x10 fs0x107=0x5bfebc047820 fs0x123=0x7ffe44cd6248 fs0x128=0x7f fs0x147=0x6 ip_w0=0x1e8 ip_w1=0x2a00 ip_w2=0x361d ip_w3=0x8f3e ip_w4=0x68b8 ip_w5=0x8500 ip_w6=0x5ca2 ip_w7=0xa82b ip_w8=0x19 ip_w9=0x13d ip_w10=0xf92f ip_w11=0x1700 ip_w12=0x10d2 ip_w13=0x44f8 ip_w14=0x9483 ip_w15=0xc029 target=0x744aa1a9d495 target_off=0x9d495
[VMTAIL] site=0x9634f count=310 frame=0x744aa1a7836d frame_off=0x7836d vm_ip=0x744aa1d716c7 vm_ip_off=0x3716c7 vm_flags=0xda0e0873 vm_state=0x83c2fc34 vm_byte=0x32 table=0x744aa1ac3718 table_off=0xc3718 rax=0x744aa1ac3ba0 rbx=0x744aa1d7158e rcx=0x744aa1d71596 rdx=0x7f8f8afa rsi=0xffff8bb57fffffff rdi=0x139 r8=0x0 r9=0x0 r10=0x744aa1a78377 r11=0x744aa1d71592 r12=0x744aa1ac2241 r13=0x162 r14=0xcbff r15=0x744aa1ac4201 rbp=0x744aa1a7836d rsp=0x7ffe44cd5960 fs0x0=0x7ffe40467cbb fs0x12=0x401 fs0x60=0xfffffffffb79176b fs0x68=0x7ffe44cd5966 fs0x71=0x7ffe5f126575 fs0x81=0x7ffe2a887477 fs0xe1=0x7820000000000032 fs0x13d=0xa06 fs0x16f=0x83c2fc3400 fs0x1e8=0x7ffe44cd5960 fs0x13=0x4 fs0x91=0x1 fs0xab=0x8086 fs0xb3=0x1b36 fs0xcb=0x744aa26c5000 fs0x19d=0x0 fs0x28=0x8080 fs0x38=0x5bfea9469dc8 fs0x79=0x4 fs0x89=0x0 fs0x99=0x5bfebc067808 fs0xd3=0x10 fs0x107=0x5bfebc047820 fs0x123=0x7ffe44cd6248 fs0x128=0x7f fs0x147=0x6 ip_w0=0x10c ip_w1=0x1c19 ip_w2=0x6cbe ip_w3=0x2f45 ip_w4=0x8aff ip_w5=0x3af0 ip_w6=0x48f0 ip_w7=0x5bc1 ip_w8=0x1e8 ip_w9=0x9dee ip_w10=0x11 ip_w11=0x13d ip_w12=0xdf ip_w13=0x2879 ip_w14=0xe88b ip_w15=0x68 target=0x744aa1ac2241 target_off=0xc2241
[VMTAIL] site=0xafa1d count=311 frame=0x744aa1a7836d frame_off=0x7836d vm_ip=0x744aa1d7142c vm_ip_off=0x37142c vm_flags=0x40000c25 vm_state=0x8a73150c vm_byte=0x3a table=0x744aa1ac3718 table_off=0xc3718 rax=0x80000000 rbx=0x744aa1a784dd rcx=0x15cdf64896646 rdx=0x744aa1ac2241 rsi=0x400 rdi=0x850 r8=0x1 r9=0x744aa1a784dd r10=0x0 r11=0x744aa1a7847c r12=0x744aa1a78377 r13=0xffffffff80000000 r14=0x2e8 r15=0x744aa1ac3f68 rbp=0x744aa1a7836d rsp=0x7ffe44cd5960 fs0x0=0x24c0b940 fs0x12=0x401 fs0x60=0x24c0b93f fs0x68=0x7ffe44cd59c8 fs0x71=0x1a44e4f2 fs0x81=0x7ffe2a8874d9 fs0xe1=0x7820000000000032 fs0x13d=0x206 fs0x16f=0x8a73150c00 fs0x1e8=0x7ffe44cd5960 fs0x13=0x4 fs0x91=0x1 fs0xab=0x8086 fs0xb3=0x1b36 fs0xcb=0x744aa26c5000 fs0x19d=0x0 fs0x28=0x8080 fs0x38=0x5bfea9469dc8 fs0x79=0x4 fs0x89=0x0 fs0x99=0x5bfebc067808 fs0xd3=0x10 fs0x107=0x5bfebc047820 fs0x123=0x7ffe44cd6248 fs0x128=0x7f fs0x147=0x6 ip_w0=0xb9 ip_w1=0xa9e3 ip_w2=0x953a ip_w3=0x3d0f ip_w4=0x3b31 ip_w5=0xe80b ip_w6=0x2701 ip_w7=0xb66f ip_w8=0xd4d9 ip_w9=0x6816 ip_w10=0x0 ip_w11=0x13d ip_w12=0x5291 ip_w13=0x7424 ip_w14=0x36 ip_w15=0x2069 target=0x744aa1ac2241 target_off=0xc2241
[VMTAIL] site=0x980a9 count=312 frame=0x744aa1a7836d frame_off=0x7836d vm_ip=0x744aa1d71488 vm_ip_off=0x371488 vm_flags=0x63180044 vm_state=0x34b2a1ae vm_byte=0x3a table=0x744aa1ac3718 table_off=0xc3718 rax=0x744aa1a9d495 rbx=0xffff63209a5c5eab rcx=0x744aa1a783ee rdx=0x20 rsi=0x744aa1ac3cd0 rdi=0x1f8 r8=0xffffffff7f43a784 r9=0x5b8 r10=0x67983698 r11=0x744aa1a78377 r12=0xffffffff7f43a77c r13=0xffff63209a5c5fab r14=0xfffe2ed57961ed5e r15=0x744aa1a784dd rbp=0x744aa1a7836d rsp=0x7ffe44cd5960 fs0x0=0xffffffff991fb4c3 fs0x12=0x400 fs0x60=0x7ffddf90612c fs0x68=0x7ffe44cd59c8 fs0x71=0x1a44e4f2 fs0x81=0x7ffe2a8874d9 fs0xe1=0x7820000000000032 fs0x13d=0x297 fs0x16f=0x34b2a1ae00 fs0x1e8=0x7ffe44cd5960 fs0x13=0x4 fs0x91=0x1 fs0xab=0x8086 fs0xb3=0x1b36 fs0xcb=0x744aa26c5000 fs0x19d=0x0 fs0x28=0x8080 fs0x38=0x5bfea9469dc8 fs0x79=0x4 fs0x89=0x0 fs0x99=0x5bfebc067808 fs0xd3=0x10 fs0x107=0x5bfebc047820 fs0x123=0x7ffe44cd6248 fs0x128=0x7f fs0x147=0x6 ip_w0=0x1e8 ip_w1=0x2a00 ip_w2=0x361d ip_w3=0x8f3e ip_w4=0x68b8 ip_w5=0x8500 ip_w6=0x5ca2 ip_w7=0xa82b ip_w8=0x19 ip_w9=0x13d ip_w10=0xf92f ip_w11=0x1700 ip_w12=0x10d2 ip_w13=0x44f8 ip_w14=0x9483 ip_w15=0xc029 target=0x744aa1a9d495 target_off=0x9d495
[TRACE] caller=eac.elf+0x2d6ae getenv name=EAC_LAUNCHERDIR -> set
[TRACE] caller=eac.elf+0x72b70 pthread_create caller=eac.elf+0x729fe arg=0x5bfebc062a20
[TRACE] caller=eac.elf+0x72b70 pthread_create caller=eac.elf+0x729fe arg=0x5bfebc062bc0
[TRACE] caller=eac.elf+0x6b74f getaddrinfo node=api.epicgames.dev service=443 FAKE
[TRACE] caller=eac.elf+0x6b9e9 socket domain=2 type=1 protocol=6 FAKE
[TRACE] caller=eac.elf+0x6b609 connect fd=3 addr=127.0.0.1:443 FAKE
[TRACE] caller=eac.elf+0x4c000b fopen path=/dev/urandom mode=rb
[TRACE] caller=eac.elf+0x6b449 send fd=3 len=410 flags=0x4000 data=160303019501000191030369fb8f7a8d23729fcfbd022a79489bdaefafe0564ea2247bffc2547856349361000106c02c... FAKE
[TRACE] caller=eac.elf+0x6b21f recv fd=3 len=5 flags=0x0 ret=5 data=485454502f FAKE
[TRACE] caller=eac.elf+0x6b449 send fd=3 len=7 flags=0x4000 data=1503030002020a FAKE
[TRACE] caller=eac.elf+0x6bcc7 close fd=3 FAKE
[TRACE] caller=eac.elf+0x6b74f getaddrinfo node=datarouter.ol.epicgames.com service=443 FAKE
[TRACE] caller=eac.elf+0x6b9e9 socket domain=2 type=1 protocol=6 FAKE
[TRACE] caller=eac.elf+0x6b609 connect fd=3 addr=127.0.0.1:443 FAKE
[TRACE] caller=eac.elf+0x4c000b fopen path=/dev/urandom mode=rb
[TRACE] caller=eac.elf+0x6b449 send fd=3 len=420 flags=0x4000 data=160303019f0100019b030369fb8f7a3dd2427b19e42f652b39e085113cf28361e0e4678028a6ab921d905a000106c02c... FAKE
[TRACE] caller=eac.elf+0x6b21f recv fd=3 len=5 flags=0x0 ret=5 data=485454502f FAKE
[TRACE] caller=eac.elf+0x6b449 send fd=3 len=7 flags=0x4000 data=1503030002020a FAKE
[TRACE] caller=eac.elf+0x6bcc7 close fd=3 FAKE
[TRACE] caller=eac.elf+0x72b70 pthread_create caller=eac.elf+0x729fe arg=0x5bfebc062868
[TRACE] caller=eac.elf+0x1a689b mprotect addr=0x744aa1a00000 len=0x1000 prot=0x3
[TRACE] caller=eac.elf+0x1a6a09 mprotect addr=0x744aa1a00000 len=0x1000 prot=0x1
[DRIVER] x returned 0x0
[DRIVER] out[0..31]=0100000000000000000000000000000000000000000000000000000000000000
[TRACE] caller=driver+0x66f4 getenv name=EAC_DUMP_DIR -> null
[DRIVER] sleeping 3 second(s) for worker threads
[TRACE] caller=eac.elf+0x30d25c open path=/sys/class/dmi/id/bios_vendor flags=0x0
[TRACE] caller=eac.elf+0x30d25c open path=/sys/class/dmi/id/bios_date flags=0x0
[TRACE] caller=eac.elf+0x30d25c open path=/sys/class/dmi/id/sys_vendor flags=0x0
[TRACE] caller=eac.elf+0x30d25c open path=/sys/class/dmi/id/product_name flags=0x0
[TRACE] caller=eac.elf+0x2dc86c open path=/etc/mtab flags=0x0
[TRACE] caller=eac.elf+0x30d25c open path=/sys/class/block/nvme1n1p/device/model flags=0x0
[TRACE] caller=eac.elf+0x2dc86c open path=/etc/mtab flags=0x0
[TRACE] caller=eac.elf+0x2ef009 opendir path=/dev/disk/by-id/
[TRACE] caller=eac.elf+0x2efed1 readlink path=/dev/disk/by-id/wwn-0x5000c500e5ee7ff3-part1 size=4096
[TRACE] caller=eac.elf+0x2f0707 realpath path=/dev/disk/by-id/../../sda1
[TRACE] caller=eac.elf+0x2efed1 readlink path=/dev/disk/by-id/ata-ST2000DM008-2UB102_ZFL6L34T-part1 size=10
[TRACE] caller=eac.elf+0x2f0707 realpath path=/dev/disk/by-id/../../sda1
[TRACE] caller=eac.elf+0x2efed1 readlink path=/dev/disk/by-id/ata-ST2000DM008-2UB102_ZFL6L34T size=10
[TRACE] caller=eac.elf+0x2f0707 realpath path=/dev/disk/by-id/../../sda
[TRACE] caller=eac.elf+0x2efed1 readlink path=/dev/disk/by-id/wwn-0x5000c500e5ee7ff3 size=9
[TRACE] caller=eac.elf+0x2f0707 realpath path=/dev/disk/by-id/../../sda
[TRACE] caller=eac.elf+0x2efed1 readlink path=/dev/disk/by-id/nvme-Micron_3400_MTFDKBA1T0TFH_22403BB5D67C_1-part1 size=9
[TRACE] caller=eac.elf+0x2f0707 realpath path=/dev/disk/by-id/../../nvm
[TRACE] caller=eac.elf+0x2efed1 readlink path=/dev/disk/by-id/nvme-Micron_3400_MTFDKBA1T0TFH_22403BB5D67C-part1 size=9
[TRACE] caller=eac.elf+0x2f0707 realpath path=/dev/disk/by-id/../../nvm
[TRACE] caller=eac.elf+0x2efed1 readlink path=/dev/disk/by-id/nvme-Micron_3400_MTFDKBA1T0TFH_22403BB5D7B2-part3 size=9
[TRACE] caller=eac.elf+0x2f0707 realpath path=/dev/disk/by-id/../../nvm
[TRACE] caller=eac.elf+0x2efed1 readlink path=/dev/disk/by-id/nvme-Micron_3400_MTFDKBA1T0TFH_22403BB5D7B2-part1 size=9
[TRACE] caller=eac.elf+0x2f0707 realpath path=/dev/disk/by-id/../../nvm
[TRACE] caller=eac.elf+0x2efed1 readlink path=/dev/disk/by-id/nvme-eui.000000000000000100a075223bb5d7b2-part2 size=9
[TRACE] caller=eac.elf+0x2f0707 realpath path=/dev/disk/by-id/../../nvm
[TRACE] caller=eac.elf+0x2efed1 readlink path=/dev/disk/by-id/nvme-eui.000000000000000100a075223bb5d7b2-part3 size=9
[TRACE] caller=eac.elf+0x2f0707 realpath path=/dev/disk/by-id/../../nvm
[TRACE] caller=eac.elf+0x2efed1 readlink path=/dev/disk/by-id/nvme-eui.000000000000000100a075223bb5d67c-part1 size=9
[TRACE] caller=eac.elf+0x2f0707 realpath path=/dev/disk/by-id/../../nvm
[TRACE] caller=eac.elf+0x2efed1 readlink path=/dev/disk/by-id/nvme-Micron_3400_MTFDKBA1T0TFH_22403BB5D7B2_1-part1 size=9
[TRACE] caller=eac.elf+0x2f0707 realpath path=/dev/disk/by-id/../../nvm
[TRACE] caller=eac.elf+0x2efed1 readlink path=/dev/disk/by-id/nvme-Micron_3400_MTFDKBA1T0TFH_22403BB5D7B2-part2 size=9
[TRACE] caller=eac.elf+0x2f0707 realpath path=/dev/disk/by-id/../../nvm
[TRACE] caller=eac.elf+0x2efed1 readlink path=/dev/disk/by-id/nvme-eui.000000000000000100a075223bb5d7b2-part1 size=9
[TRACE] caller=eac.elf+0x2f0707 realpath path=/dev/disk/by-id/../../nvm
[TRACE] caller=eac.elf+0x2efed1 readlink path=/dev/disk/by-id/nvme-Micron_3400_MTFDKBA1T0TFH_22403BB5D7B2_1-part3 size=9
[TRACE] caller=eac.elf+0x2f0707 realpath path=/dev/disk/by-id/../../nvm
[TRACE] caller=eac.elf+0x2efed1 readlink path=/dev/disk/by-id/nvme-Micron_3400_MTFDKBA1T0TFH_22403BB5D7B2_1-part2 size=9
[TRACE] caller=eac.elf+0x2f0707 realpath path=/dev/disk/by-id/../../nvm
[TRACE] caller=eac.elf+0x2efed1 readlink path=/dev/disk/by-id/nvme-Micron_3400_MTFDKBA1T0TFH_22403BB5D7B2 size=9
[TRACE] caller=eac.elf+0x2f0707 realpath path=/dev/disk/by-id/../../nvm
[TRACE] caller=eac.elf+0x2efed1 readlink path=/dev/disk/by-id/nvme-Micron_3400_MTFDKBA1T0TFH_22403BB5D7B2_1 size=9
[TRACE] caller=eac.elf+0x2f0707 realpath path=/dev/disk/by-id/../../nvm
[TRACE] caller=eac.elf+0x2efed1 readlink path=/dev/disk/by-id/nvme-eui.000000000000000100a075223bb5d7b2 size=9
[TRACE] caller=eac.elf+0x2f0707 realpath path=/dev/disk/by-id/../../nvm
[TRACE] caller=eac.elf+0x2efed1 readlink path=/dev/disk/by-id/nvme-Micron_3400_MTFDKBA1T0TFH_22403BB5D67C_1 size=9
[TRACE] caller=eac.elf+0x2f0707 realpath path=/dev/disk/by-id/../../nvm
[TRACE] caller=eac.elf+0x2efed1 readlink path=/dev/disk/by-id/nvme-eui.000000000000000100a075223bb5d67c size=9
[TRACE] caller=eac.elf+0x2f0707 realpath path=/dev/disk/by-id/../../nvm
[TRACE] caller=eac.elf+0x2efed1 readlink path=/dev/disk/by-id/nvme-Micron_3400_MTFDKBA1T0TFH_22403BB5D67C size=9
[TRACE] caller=eac.elf+0x2f0707 realpath path=/dev/disk/by-id/../../nvm
[TRACE] caller=eac.elf+0x2efed1 readlink path=/dev/disk/by-id/usb-ASMT_2235_00000000000000000000-0:0 size=9
[TRACE] caller=eac.elf+0x2f0707 realpath path=/dev/disk/by-id/../../sdb
[TRACE] caller=eac.elf+0x30d25c open path=/proc/cpuinfo flags=0x0
[TRACE] caller=eac.elf+0x2cb09b popen command=lshw -C display 2>/dev/null type=r DENY
[TRACE] caller=eac.elf+0x30d25c open path=/etc/machine-id flags=0x0
[TRACE] caller=eac.elf+0x30d25c open path=/etc/hostname flags=0x0
[TRACE] caller=eac.elf+0x30ac70 open path=/etc/os-release flags=0x0
[TRACE] caller=eac.elf+0x2f9551 open path=/proc/net/route flags=0x0
[TRACE] caller=eac.elf+0x305069 opendir path=/sys/class/net
[TRACE] caller=eac.elf+0x305d88 readlink path=/sys/class/net/enxce0c6f149a89 size=4096
[TRACE] caller=eac.elf+0x306735 realpath path=/sys/class/net/../../devices/pci0000:00/0000:00:14.0/usb1/1-7/1-7:1.0/net/enxce0c6f149a89
[TRACE] caller=eac.elf+0x30d25c open path=/sys/devices/pci0000:00/0000:00:14.0/usb1/1-7/1-7:1.0/net/enxce0c6f149a89/address flags=0x0
[TRACE] caller=eac.elf+0x58b24 open path=/proc/self/maps flags=0x0
[TRACE] caller=eac.elf+0x350c8d getenv name=LD_PRELOAD -> set
[TRACE] caller=eac.elf+0x35284b getenv name=LD_AUDIT -> null
[TRACE] caller=eac.elf+0x3909b readlink path=/proc/self/exe size=4096
[TRACE] caller=eac.elf+0x3909b readlink path=/proc/self/exe size=4096
[TRACE] caller=eac.elf+0x2042b6 fopen path=/models/dev/sc-rev/eac/eacsym/driver mode=rb
[TRACE] caller=eac.elf+0x58b24 open path=/proc/modules flags=0x0
[TRACE] caller=driver+0x66f4 getenv name=EAC_DUMP_DIR -> null
[TRACE] caller=driver+0x26c5 getenv name=EAC_FAST_EXIT -> set
[DRIVER] fast exit
[TRACE] caller=timeout+0x32543c munmap addr=0x7323b9929000 len=0x3000
