[DRIVER] dlopen path=./eac.elf
[TRACE] caller=driver+0x1608 dlopen file=./eac.elf flags=0x2
[DRIVER] dlsym x=0x716a80a380dc
[TRACE] caller=driver+0x1fe5 getenv name=EAC_DISPATCH_TRACE -> set
[TRACE] caller=driver+0x1a71 getenv name=EAC_DISPATCH_LIMIT -> set
[TRACE] caller=driver+0x21f2 mprotect addr=0x716a80ac8000 len=0x1000 prot=0x7
[TRACE] caller=driver+0x21f2 mprotect addr=0x716a80acd000 len=0x1000 prot=0x7
[DRIVER] dispatch trace enabled base=0x716a80a00000 sites=+0xc80b9,+0xcdac7 limit=4096
[DRIVER] call x(buf=0x6434ffdc1010,len=0x800,mode=1,out=0x6434ffdc1820)
[DISPATCH] site=0xc80b9 count=1 slot=0x716a80ac39c8 slot_off=0xc39c8 idx=0x2b0 frame=0x716a80a7836d frame_off=0x7836d vm_ip=0x716a80c6cd71 vm_ip_off=0x26cd71 vm_flags=0x0 vm_state=0x0 vm_byte=0x0 target=0x716a80a8a37f target_off=0x8a37f
[DISPATCH] site=0xc80b9 count=2 slot=0x716a80ac40c8 slot_off=0xc40c8 idx=0x9b0 frame=0x716a80a7836d frame_off=0x7836d vm_ip=0x716a80c6dc7b vm_ip_off=0x26dc7b vm_flags=0x4000500 vm_state=0x984d244d vm_byte=0x3a target=0x716a80ab8556 target_off=0xb8556
[DISPATCH] site=0xc80b9 count=3 slot=0x716a80ac3c60 slot_off=0xc3c60 idx=0x548 frame=0x716a80a7836d frame_off=0x7836d vm_ip=0x716a80c6deee vm_ip_off=0x26deee vm_flags=0xe9cdb52a vm_state=0xe9cdbd2a vm_byte=0x3a target=0x716a80a9af18 target_off=0x9af18
[DISPATCH] site=0xc80b9 count=4 slot=0x716a80ac40c8 slot_off=0xc40c8 idx=0x9b0 frame=0x716a80a7836d frame_off=0x7836d vm_ip=0x716a80c6e161 vm_ip_off=0x26e161 vm_flags=0x94baf385 vm_state=0xffc5af34 vm_byte=0x3a target=0x716a80ab8556 target_off=0xb8556
[DISPATCH] site=0xc80b9 count=5 slot=0x716a80ac3c60 slot_off=0xc3c60 idx=0x548 frame=0x716a80a7836d frame_off=0x7836d vm_ip=0x716a80c6e3d4 vm_ip_off=0x26e3d4 vm_flags=0x12833a00 vm_state=0x3ffda2b6 vm_byte=0x3a target=0x716a80a9af18 target_off=0x9af18
[DISPATCH] site=0xc80b9 count=6 slot=0x716a80ac40c8 slot_off=0xc40c8 idx=0x9b0 frame=0x716a80a7836d frame_off=0x7836d vm_ip=0x716a80c6e647 vm_ip_off=0x26e647 vm_flags=0xe19e5301 vm_state=0xbffd4e77 vm_byte=0x3a target=0x716a80ab8556 target_off=0xb8556
[DISPATCH] site=0xc80b9 count=7 slot=0x716a80ac3c60 slot_off=0xc3c60 idx=0x548 frame=0x716a80a7836d frame_off=0x7836d vm_ip=0x716a80c6e8ba vm_ip_off=0x26e8ba vm_flags=0x2711ed9e vm_state=0xe76c8b67 vm_byte=0x3a target=0x716a80a9af18 target_off=0x9af18
[DISPATCH] site=0xc80b9 count=8 slot=0x716a80ac3c60 slot_off=0xc3c60 idx=0x548 frame=0x716a80a7836d frame_off=0x7836d vm_ip=0x716a80c6ebbd vm_ip_off=0x26ebbd vm_flags=0x88bf1241 vm_state=0xceebcfb8 vm_byte=0x3a target=0x716a80a9af18 target_off=0x9af18
[DISPATCH] site=0xc80b9 count=9 slot=0x716a80ac40c8 slot_off=0xc40c8 idx=0x9b0 frame=0x716a80a7836d frame_off=0x7836d vm_ip=0x716a80c6ee30 vm_ip_off=0x26ee30 vm_flags=0xc04a030 vm_state=0xc04a030 vm_byte=0x3a target=0x716a80ab8556 target_off=0xb8556
[DISPATCH] site=0xc80b9 count=10 slot=0x716a80ac39c8 slot_off=0xc39c8 idx=0x2b0 frame=0x716a80a7836d frame_off=0x7836d vm_ip=0x716a80c6cd71 vm_ip_off=0x26cd71 vm_flags=0x523d6055 vm_state=0xfd165f72 vm_byte=0x3a target=0x716a80a8a37f target_off=0x8a37f
[DISPATCH] site=0xc80b9 count=11 slot=0x716a80ac40c8 slot_off=0xc40c8 idx=0x9b0 frame=0x716a80a7836d frame_off=0x7836d vm_ip=0x716a80c6dc7b vm_ip_off=0x26dc7b vm_flags=0x4000500 vm_state=0x984d244d vm_byte=0x3a target=0x716a80ab8556 target_off=0xb8556
[DISPATCH] site=0xc80b9 count=12 slot=0x716a80ac3c60 slot_off=0xc3c60 idx=0x548 frame=0x716a80a7836d frame_off=0x7836d vm_ip=0x716a80c6deee vm_ip_off=0x26deee vm_flags=0xe9cdb52a vm_state=0xe9cdbd2a vm_byte=0x3a target=0x716a80a9af18 target_off=0x9af18
[DISPATCH] site=0xc80b9 count=13 slot=0x716a80ac40c8 slot_off=0xc40c8 idx=0x9b0 frame=0x716a80a7836d frame_off=0x7836d vm_ip=0x716a80c6e161 vm_ip_off=0x26e161 vm_flags=0x94baf385 vm_state=0xffc5af34 vm_byte=0x3a target=0x716a80ab8556 target_off=0xb8556
[DISPATCH] site=0xc80b9 count=14 slot=0x716a80ac3c60 slot_off=0xc3c60 idx=0x548 frame=0x716a80a7836d frame_off=0x7836d vm_ip=0x716a80c6e3d4 vm_ip_off=0x26e3d4 vm_flags=0x12833a00 vm_state=0x3ffda2b6 vm_byte=0x3a target=0x716a80a9af18 target_off=0x9af18
[DISPATCH] site=0xc80b9 count=15 slot=0x716a80ac40c8 slot_off=0xc40c8 idx=0x9b0 frame=0x716a80a7836d frame_off=0x7836d vm_ip=0x716a80c6e647 vm_ip_off=0x26e647 vm_flags=0xe19e5301 vm_state=0xbffd4e77 vm_byte=0x3a target=0x716a80ab8556 target_off=0xb8556
[DISPATCH] site=0xc80b9 count=16 slot=0x716a80ac3c60 slot_off=0xc3c60 idx=0x548 frame=0x716a80a7836d frame_off=0x7836d vm_ip=0x716a80c6e8ba vm_ip_off=0x26e8ba vm_flags=0x2711ed9e vm_state=0xe76c8b67 vm_byte=0x3a target=0x716a80a9af18 target_off=0x9af18
[DISPATCH] site=0xc80b9 count=17 slot=0x716a80ac3c60 slot_off=0xc3c60 idx=0x548 frame=0x716a80a7836d frame_off=0x7836d vm_ip=0x716a80c6ebbd vm_ip_off=0x26ebbd vm_flags=0x88bf1241 vm_state=0xceebcfb8 vm_byte=0x3a target=0x716a80a9af18 target_off=0x9af18
[DISPATCH] site=0xc80b9 count=18 slot=0x716a80ac40c8 slot_off=0xc40c8 idx=0x9b0 frame=0x716a80a7836d frame_off=0x7836d vm_ip=0x716a80c6ee30 vm_ip_off=0x26ee30 vm_flags=0xc04a030 vm_state=0xc04a030 vm_byte=0x3a target=0x716a80ab8556 target_off=0xb8556
[DISPATCH] site=0xc80b9 count=19 slot=0x716a80ac39c8 slot_off=0xc39c8 idx=0x2b0 frame=0x716a80a7836d frame_off=0x7836d vm_ip=0x716a80c6cd71 vm_ip_off=0x26cd71 vm_flags=0xb5deff2f vm_state=0xa5d60228 vm_byte=0x3a target=0x716a80a8a37f target_off=0x8a37f
[DISPATCH] site=0xc80b9 count=20 slot=0x716a80ac40c8 slot_off=0xc40c8 idx=0x9b0 frame=0x716a80a7836d frame_off=0x7836d vm_ip=0x716a80c6dc7b vm_ip_off=0x26dc7b vm_flags=0x4000500 vm_state=0x984d244d vm_byte=0x3a target=0x716a80ab8556 target_off=0xb8556
[DISPATCH] site=0xc80b9 count=21 slot=0x716a80ac3c60 slot_off=0xc3c60 idx=0x548 frame=0x716a80a7836d frame_off=0x7836d vm_ip=0x716a80c6deee vm_ip_off=0x26deee vm_flags=0xe9cdb52a vm_state=0xe9cdbd2a vm_byte=0x3a target=0x716a80a9af18 target_off=0x9af18
[DISPATCH] site=0xc80b9 count=22 slot=0x716a80ac40c8 slot_off=0xc40c8 idx=0x9b0 frame=0x716a80a7836d frame_off=0x7836d vm_ip=0x716a80c6e161 vm_ip_off=0x26e161 vm_flags=0x94baf385 vm_state=0xffc5af34 vm_byte=0x3a target=0x716a80ab8556 target_off=0xb8556
[DISPATCH] site=0xc80b9 count=23 slot=0x716a80ac3c60 slot_off=0xc3c60 idx=0x548 frame=0x716a80a7836d frame_off=0x7836d vm_ip=0x716a80c6e3d4 vm_ip_off=0x26e3d4 vm_flags=0x12833a00 vm_state=0x3ffda2b6 vm_byte=0x3a target=0x716a80a9af18 target_off=0x9af18
[DISPATCH] site=0xc80b9 count=24 slot=0x716a80ac40c8 slot_off=0xc40c8 idx=0x9b0 frame=0x716a80a7836d frame_off=0x7836d vm_ip=0x716a80c6e647 vm_ip_off=0x26e647 vm_flags=0xe19e5301 vm_state=0xbffd4e77 vm_byte=0x3a target=0x716a80ab8556 target_off=0xb8556
[DISPATCH] site=0xc80b9 count=25 slot=0x716a80ac3c60 slot_off=0xc3c60 idx=0x548 frame=0x716a80a7836d frame_off=0x7836d vm_ip=0x716a80c6e8ba vm_ip_off=0x26e8ba vm_flags=0x2711ed9e vm_state=0xe76c8b67 vm_byte=0x3a target=0x716a80a9af18 target_off=0x9af18
[DISPATCH] site=0xc80b9 count=26 slot=0x716a80ac3c60 slot_off=0xc3c60 idx=0x548 frame=0x716a80a7836d frame_off=0x7836d vm_ip=0x716a80c6ebbd vm_ip_off=0x26ebbd vm_flags=0x88bf1241 vm_state=0xceebcfb8 vm_byte=0x3a target=0x716a80a9af18 target_off=0x9af18
[DISPATCH] site=0xc80b9 count=27 slot=0x716a80ac40c8 slot_off=0xc40c8 idx=0x9b0 frame=0x716a80a7836d frame_off=0x7836d vm_ip=0x716a80c6ee30 vm_ip_off=0x26ee30 vm_flags=0xc04a030 vm_state=0xc04a030 vm_byte=0x3a target=0x716a80ab8556 target_off=0xb8556
[TRACE] caller=eac.elf+0x4c000b fopen path=/dev/urandom mode=rb
[DISPATCH] site=0xc80b9 count=28 slot=0x716a80ac39c8 slot_off=0xc39c8 idx=0x2b0 frame=0x716a80a7836d frame_off=0x7836d vm_ip=0x716a80c6cd71 vm_ip_off=0x26cd71 vm_flags=0xb5deff2f vm_state=0xa5d60228 vm_byte=0x3a target=0x716a80a8a37f target_off=0x8a37f
[DISPATCH] site=0xc80b9 count=29 slot=0x716a80ac40c8 slot_off=0xc40c8 idx=0x9b0 frame=0x716a80a7836d frame_off=0x7836d vm_ip=0x716a80c6dc7b vm_ip_off=0x26dc7b vm_flags=0x4000500 vm_state=0x984d244d vm_byte=0x3a target=0x716a80ab8556 target_off=0xb8556
[DISPATCH] site=0xc80b9 count=30 slot=0x716a80ac3c60 slot_off=0xc3c60 idx=0x548 frame=0x716a80a7836d frame_off=0x7836d vm_ip=0x716a80c6deee vm_ip_off=0x26deee vm_flags=0xe9cdb52a vm_state=0xe9cdbd2a vm_byte=0x3a target=0x716a80a9af18 target_off=0x9af18
[DISPATCH] site=0xc80b9 count=31 slot=0x716a80ac40c8 slot_off=0xc40c8 idx=0x9b0 frame=0x716a80a7836d frame_off=0x7836d vm_ip=0x716a80c6e161 vm_ip_off=0x26e161 vm_flags=0x94baf385 vm_state=0xffc5af34 vm_byte=0x3a target=0x716a80ab8556 target_off=0xb8556
[DISPATCH] site=0xc80b9 count=32 slot=0x716a80ac3c60 slot_off=0xc3c60 idx=0x548 frame=0x716a80a7836d frame_off=0x7836d vm_ip=0x716a80c6e3d4 vm_ip_off=0x26e3d4 vm_flags=0x12833a00 vm_state=0x3ffda2b6 vm_byte=0x3a target=0x716a80a9af18 target_off=0x9af18
[DISPATCH] site=0xc80b9 count=33 slot=0x716a80ac40c8 slot_off=0xc40c8 idx=0x9b0 frame=0x716a80a7836d frame_off=0x7836d vm_ip=0x716a80c6e647 vm_ip_off=0x26e647 vm_flags=0xe19e5301 vm_state=0xbffd4e77 vm_byte=0x3a target=0x716a80ab8556 target_off=0xb8556
[DISPATCH] site=0xc80b9 count=34 slot=0x716a80ac3c60 slot_off=0xc3c60 idx=0x548 frame=0x716a80a7836d frame_off=0x7836d vm_ip=0x716a80c6e8ba vm_ip_off=0x26e8ba vm_flags=0x2711ed9e vm_state=0xe76c8b67 vm_byte=0x3a target=0x716a80a9af18 target_off=0x9af18
[DISPATCH] site=0xc80b9 count=35 slot=0x716a80ac3c60 slot_off=0xc3c60 idx=0x548 frame=0x716a80a7836d frame_off=0x7836d vm_ip=0x716a80c6ebbd vm_ip_off=0x26ebbd vm_flags=0x88bf1241 vm_state=0xceebcfb8 vm_byte=0x3a target=0x716a80a9af18 target_off=0x9af18
[DISPATCH] site=0xc80b9 count=36 slot=0x716a80ac40c8 slot_off=0xc40c8 idx=0x9b0 frame=0x716a80a7836d frame_off=0x7836d vm_ip=0x716a80c6ee30 vm_ip_off=0x26ee30 vm_flags=0xc04a030 vm_state=0xc04a030 vm_byte=0x3a target=0x716a80ab8556 target_off=0xb8556
[TRACE] caller=eac.elf+0x4c000b fopen path=/dev/urandom mode=rb
[DISPATCH] site=0xc80b9 count=37 slot=0x716a80ac3868 slot_off=0xc3868 idx=0x150 frame=0x716a80a7836d frame_off=0x7836d vm_ip=0x716a80d34a3d vm_ip_off=0x334a3d vm_flags=0x7170d2b7 vm_state=0xffc939bf vm_byte=0x3a target=0x716a80a815ea target_off=0x815ea
[DISPATCH] site=0xc80b9 count=38 slot=0x716a80ac40c8 slot_off=0xc40c8 idx=0x9b0 frame=0x716a80a7836d frame_off=0x7836d vm_ip=0x716a80d359b9 vm_ip_off=0x3359b9 vm_flags=0x61e7f7db vm_state=0xdfe1fdbf vm_byte=0x3a target=0x716a80ab8556 target_off=0xb8556
[DISPATCH] site=0xc80b9 count=39 slot=0x716a80ac40c8 slot_off=0xc40c8 idx=0x9b0 frame=0x716a80a7836d frame_off=0x7836d vm_ip=0x716a80d35bf9 vm_ip_off=0x335bf9 vm_flags=0x1612b140 vm_state=0xfb8d8b71 vm_byte=0x3a target=0x716a80ab8556 target_off=0xb8556
[DISPATCH] site=0xc80b9 count=40 slot=0x716a80ac3c60 slot_off=0xc3c60 idx=0x548 frame=0x716a80a7836d frame_off=0x7836d vm_ip=0x716a80d35e7f vm_ip_off=0x335e7f vm_flags=0x4ac4ab80 vm_state=0x4ac4ab80 vm_byte=0x3a target=0x716a80a9af18 target_off=0x9af18
[DISPATCH] site=0xc80b9 count=41 slot=0x716a80ac3c60 slot_off=0xc3c60 idx=0x548 frame=0x716a80a7836d frame_off=0x7836d vm_ip=0x716a80d360c1 vm_ip_off=0x3360c1 vm_flags=0x10a00 vm_state=0x3f05d220 vm_byte=0x3a target=0x716a80a9af18 target_off=0x9af18
[TRACE] caller=eac.elf+0x3376ac open path=/proc/2049805/comm flags=0x0
[DISPATCH] site=0xc80b9 count=42 slot=0x716a80ac40c8 slot_off=0xc40c8 idx=0x9b0 frame=0x716a80a7836d frame_off=0x7836d vm_ip=0x716a80d36333 vm_ip_off=0x336333 vm_flags=0x77feff37 vm_state=0x77ee0b00 vm_byte=0x3a target=0x716a80ab8556 target_off=0xb8556
[DISPATCH] site=0xc80b9 count=43 slot=0x716a80ac40c8 slot_off=0xc40c8 idx=0x9b0 frame=0x716a80a7836d frame_off=0x7836d vm_ip=0x716a80d36673 vm_ip_off=0x336673 vm_flags=0x16833a14 vm_state=0x16833a14 vm_byte=0x3a target=0x716a80ab8556 target_off=0xb8556
[DISPATCH] site=0xc80b9 count=44 slot=0x716a80ac3c60 slot_off=0xc3c60 idx=0x548 frame=0x716a80a7836d frame_off=0x7836d vm_ip=0x716a80d369fc vm_ip_off=0x3369fc vm_flags=0x37feff37 vm_state=0x26e60110 vm_byte=0x3a target=0x716a80a9af18 target_off=0x9af18
[DISPATCH] site=0xc80b9 count=45 slot=0x716a80ac3c60 slot_off=0xc3c60 idx=0x548 frame=0x716a80a7836d frame_off=0x7836d vm_ip=0x716a80d36c72 vm_ip_off=0x336c72 vm_flags=0xdead53c6 vm_state=0xdeaf53c6 vm_byte=0x3a target=0x716a80a9af18 target_off=0x9af18
[DISPATCH] site=0xc80b9 count=46 slot=0x716a80ac3c60 slot_off=0xc3c60 idx=0x548 frame=0x716a80a7836d frame_off=0x7836d vm_ip=0x716a80d36f58 vm_ip_off=0x336f58 vm_flags=0x9d505094 vm_state=0x9d505094 vm_byte=0x3a target=0x716a80a9af18 target_off=0x9af18
[TRACE] caller=eac.elf+0x334271 open path=/proc/2049805/cmdline flags=0x0
[TRACE] caller=eac.elf+0x33ae27 open path=/proc/2049805/status flags=0x0
[DISPATCH] site=0xc80b9 count=47 slot=0x716a80ac3868 slot_off=0xc3868 idx=0x150 frame=0x716a80a7836d frame_off=0x7836d vm_ip=0x716a80d3b647 vm_ip_off=0x33b647 vm_flags=0x3fee7f36 vm_state=0x37ee0220 vm_byte=0x3a target=0x716a80a815ea target_off=0x815ea
[DISPATCH] site=0xc80b9 count=48 slot=0x716a80ac3c60 slot_off=0xc3c60 idx=0x548 frame=0x716a80a7836d frame_off=0x7836d vm_ip=0x716a80d3c774 vm_ip_off=0x33c774 vm_flags=0x91a615d2 vm_state=0x6fbdfffb vm_byte=0x3a target=0x716a80a9af18 target_off=0x9af18
[TRACE] caller=eac.elf+0x33d5f1 open path=/proc/self/maps flags=0x0
[DISPATCH] site=0xc80b9 count=49 slot=0x716a80ac3c60 slot_off=0xc3c60 idx=0x548 frame=0x716a80a7836d frame_off=0x7836d vm_ip=0x716a80d3c99e vm_ip_off=0x33c99e vm_flags=0xdb65935b vm_state=0xed95fffe vm_byte=0x3a target=0x716a80a9af18 target_off=0x9af18
[DISPATCH] site=0xc80b9 count=50 slot=0x716a80ac40c8 slot_off=0xc40c8 idx=0x9b0 frame=0x716a80a7836d frame_off=0x7836d vm_ip=0x716a80d3cb62 vm_ip_off=0x33cb62 vm_flags=0x1400b840 vm_state=0x1400b840 vm_byte=0x3a target=0x716a80ab8556 target_off=0xb8556
[DISPATCH] site=0xc80b9 count=51 slot=0x716a80ac3c60 slot_off=0xc3c60 idx=0x548 frame=0x716a80a7836d frame_off=0x7836d vm_ip=0x716a80d3ce91 vm_ip_off=0x33ce91 vm_flags=0x210282 vm_state=0x3f05e962 vm_byte=0x3a target=0x716a80a9af18 target_off=0x9af18
[DISPATCH] site=0xc80b9 count=52 slot=0x716a80ac3c60 slot_off=0xc3c60 idx=0x548 frame=0x716a80a7836d frame_off=0x7836d vm_ip=0x716a80d3d122 vm_ip_off=0x33d122 vm_flags=0x4e4c93a5 vm_state=0xf9957e52 vm_byte=0x3a target=0x716a80a9af18 target_off=0x9af18
[DISPATCH] site=0xcdac7 count=1 slot=0x716a80ac4130 slot_off=0xc4130 idx=0xa18 frame=0x716a80a7836d frame_off=0x7836d vm_ip=0x716a80d3f278 vm_ip_off=0x33f278 vm_flags=0xd56bbddf vm_state=0xbffcd2b0 vm_byte=0x3a target=0x716a80abb6e6 target_off=0xbb6e6
[DISPATCH] site=0xcdac7 count=2 slot=0x716a80ac40c8 slot_off=0xc40c8 idx=0x9b0 frame=0x716a80a7836d frame_off=0x7836d vm_ip=0x716a80d3f4f1 vm_ip_off=0x33f4f1 vm_flags=0x3be885d2 vm_state=0x7b345e5a vm_byte=0x3a target=0x716a80ab8556 target_off=0xb8556
[DISPATCH] site=0xcdac7 count=3 slot=0x716a80ac40c8 slot_off=0xc40c8 idx=0x9b0 frame=0x716a80a7836d frame_off=0x7836d vm_ip=0x716a80d404d5 vm_ip_off=0x3404d5 vm_flags=0x14020000 vm_state=0x3f06018a vm_byte=0x3a target=0x716a80ab8556 target_off=0xb8556
[DISPATCH] site=0xcdac7 count=4 slot=0x716a80ac40c8 slot_off=0xc40c8 idx=0x9b0 frame=0x716a80a7836d frame_off=0x7836d vm_ip=0x716a80d404d5 vm_ip_off=0x3404d5 vm_flags=0x14020000 vm_state=0x3f06018a vm_byte=0x3a target=0x716a80ab8556 target_off=0xb8556
[DISPATCH] site=0xcdac7 count=5 slot=0x716a80ac40c8 slot_off=0xc40c8 idx=0x9b0 frame=0x716a80a7836d frame_off=0x7836d vm_ip=0x716a80d404d5 vm_ip_off=0x3404d5 vm_flags=0x14020000 vm_state=0x3f06018a vm_byte=0x3a target=0x716a80ab8556 target_off=0xb8556
[DISPATCH] site=0xcdac7 count=6 slot=0x716a80ac3c60 slot_off=0xc3c60 idx=0x548 frame=0x716a80a7836d frame_off=0x7836d vm_ip=0x716a80d41d87 vm_ip_off=0x341d87 vm_flags=0x2000a00 vm_state=0xd7b4a7cd vm_byte=0x3a target=0x716a80a9af18 target_off=0x9af18
[DISPATCH] site=0xcdac7 count=7 slot=0x716a80ac3c60 slot_off=0xc3c60 idx=0x548 frame=0x716a80a7836d frame_off=0x7836d vm_ip=0x716a80d41d87 vm_ip_off=0x341d87 vm_flags=0x2000a00 vm_state=0xd7b4a7cd vm_byte=0x3a target=0x716a80a9af18 target_off=0x9af18
[DISPATCH] site=0xcdac7 count=8 slot=0x716a80ac3c60 slot_off=0xc3c60 idx=0x548 frame=0x716a80a7836d frame_off=0x7836d vm_ip=0x716a80d41d87 vm_ip_off=0x341d87 vm_flags=0x2000a00 vm_state=0xd7b4a7cd vm_byte=0x3a target=0x716a80a9af18 target_off=0x9af18
[DISPATCH] site=0xcdac7 count=9 slot=0x716a80ac3868 slot_off=0xc3868 idx=0x150 frame=0x716a80a7836d frame_off=0x7836d vm_ip=0x716a80d0e872 vm_ip_off=0x30e872 vm_flags=0xf0397358 vm_state=0xa86c6e49 vm_byte=0x3a target=0x716a80a815ea target_off=0x815ea
[DISPATCH] site=0xcdac7 count=10 slot=0x716a80ac3c60 slot_off=0xc3c60 idx=0x548 frame=0x716a80a7836d frame_off=0x7836d vm_ip=0x716a80d0eaa0 vm_ip_off=0x30eaa0 vm_flags=0x40120412 vm_state=0x3f0660ca vm_byte=0x3a target=0x716a80a9af18 target_off=0x9af18
[DISPATCH] site=0xcdac7 count=11 slot=0x716a80ac3c60 slot_off=0xc3c60 idx=0x548 frame=0x716a80a7836d frame_off=0x7836d vm_ip=0x716a80d0eccb vm_ip_off=0x30eccb vm_flags=0x871dddb0 vm_state=0x871dddb0 vm_byte=0x3a target=0x716a80a9af18 target_off=0x9af18
[DISPATCH] site=0xcdac7 count=12 slot=0x716a80ac3c60 slot_off=0xc3c60 idx=0x548 frame=0x716a80a7836d frame_off=0x7836d vm_ip=0x716a80d0fa19 vm_ip_off=0x30fa19 vm_flags=0xc1c553c6 vm_state=0xc1c757c6 vm_byte=0x3a target=0x716a80a9af18 target_off=0x9af18
[TRACE] caller=eac.elf+0x58b24 open path=/proc/mounts flags=0x0
[DISPATCH] site=0xcdac7 count=13 slot=0x716a80ac3c60 slot_off=0xc3c60 idx=0x548 frame=0x716a80a7836d frame_off=0x7836d vm_ip=0x716a80d0fc6f vm_ip_off=0x30fc6f vm_flags=0x7edffeb5 vm_state=0x64d900a0 vm_byte=0x3a target=0x716a80a9af18 target_off=0x9af18
[DISPATCH] site=0xcdac7 count=14 slot=0x716a80ac40c8 slot_off=0xc40c8 idx=0x9b0 frame=0x716a80a7836d frame_off=0x7836d vm_ip=0x716a80d0ff4c vm_ip_off=0x30ff4c vm_flags=0x24ede9de vm_state=0x99746e65 vm_byte=0x3a target=0x716a80ab8556 target_off=0xb8556
[DISPATCH] site=0xcdac7 count=15 slot=0x716a80ac3c60 slot_off=0xc3c60 idx=0x548 frame=0x716a80a7836d frame_off=0x7836d vm_ip=0x716a80d1021c vm_ip_off=0x31021c vm_flags=0x5af65fdd vm_state=0xebbf6e54 vm_byte=0x3a target=0x716a80a9af18 target_off=0x9af18
[DISPATCH] site=0xcdac7 count=16 slot=0x716a80ac3c60 slot_off=0xc3c60 idx=0x548 frame=0x716a80a7836d frame_off=0x7836d vm_ip=0x716a80d10446 vm_ip_off=0x310446 vm_flags=0x7aff7f2e vm_state=0x78ef0800 vm_byte=0x3a target=0x716a80a9af18 target_off=0x9af18
[DISPATCH] site=0xcdac7 count=17 slot=0x716a80ac40c8 slot_off=0xc40c8 idx=0x9b0 frame=0x716a80a7836d frame_off=0x7836d vm_ip=0x716a80d10719 vm_ip_off=0x310719 vm_flags=0x90396658 vm_state=0xd6ac94ea vm_byte=0x3a target=0x716a80ab8556 target_off=0xb8556
[DISPATCH] site=0xcdac7 count=18 slot=0x716a80ac3c60 slot_off=0xc3c60 idx=0x548 frame=0x716a80a7836d frame_off=0x7836d vm_ip=0x716a80d109d2 vm_ip_off=0x3109d2 vm_flags=0xdcade05e vm_state=0x196caddf vm_byte=0x3a target=0x716a80a9af18 target_off=0x9af18
[DISPATCH] site=0xcdac7 count=19 slot=0x716a80ac40c8 slot_off=0xc40c8 idx=0x9b0 frame=0x716a80a7836d frame_off=0x7836d vm_ip=0x716a80d10ca5 vm_ip_off=0x310ca5 vm_flags=0x148226cc vm_state=0xffaffb65 vm_byte=0x3a target=0x716a80ab8556 target_off=0xb8556
[DISPATCH] site=0xcdac7 count=20 slot=0x716a80ac40c8 slot_off=0xc40c8 idx=0x9b0 frame=0x716a80a7836d frame_off=0x7836d vm_ip=0x716a80d10ef0 vm_ip_off=0x310ef0 vm_flags=0x14100010 vm_state=0x3f0612b2 vm_byte=0x3a target=0x716a80ab8556 target_off=0xb8556
[DISPATCH] site=0xcdac7 count=21 slot=0x716a80ac3c60 slot_off=0xc3c60 idx=0x548 frame=0x716a80a7836d frame_off=0x7836d vm_ip=0x716a80d11163 vm_ip_off=0x311163 vm_flags=0xc83095f0 vm_state=0x400110fe vm_byte=0x3a target=0x716a80a9af18 target_off=0x9af18
[DISPATCH] site=0xcdac7 count=22 slot=0x716a80ac3c60 slot_off=0xc3c60 idx=0x548 frame=0x716a80a7836d frame_off=0x7836d vm_ip=0x716a80d113a5 vm_ip_off=0x3113a5 vm_flags=0x7adeff2e vm_state=0x78de0800 vm_byte=0x3a target=0x716a80a9af18 target_off=0x9af18
[DISPATCH] site=0xcdac7 count=23 slot=0x716a80ac40c8 slot_off=0xc40c8 idx=0x9b0 frame=0x716a80a7836d frame_off=0x7836d vm_ip=0x716a80d115e7 vm_ip_off=0x3115e7 vm_flags=0x2948 vm_state=0x2948 vm_byte=0x3a target=0x716a80ab8556 target_off=0xb8556
[DISPATCH] site=0xcdac7 count=24 slot=0x716a80ac3c60 slot_off=0xc3c60 idx=0x548 frame=0x716a80a7836d frame_off=0x7836d vm_ip=0x716a80d11829 vm_ip_off=0x311829 vm_flags=0x3acddfde vm_state=0x585c5c02 vm_byte=0x3a target=0x716a80a9af18 target_off=0x9af18
[DISPATCH] site=0xcdac7 count=25 slot=0x716a80ac3c60 slot_off=0xc3c60 idx=0x548 frame=0x716a80a7836d frame_off=0x7836d vm_ip=0x716a80d11a6b vm_ip_off=0x311a6b vm_flags=0xef1b287 vm_state=0x69145f5a vm_byte=0x3a target=0x716a80a9af18 target_off=0x9af18
[DISPATCH] site=0xcdac7 count=26 slot=0x716a80ac40c8 slot_off=0xc40c8 idx=0x9b0 frame=0x716a80a7836d frame_off=0x7836d vm_ip=0x716a80d11cad vm_ip_off=0x311cad vm_flags=0x524c03c5 vm_state=0x7df7dfda vm_byte=0x3a target=0x716a80ab8556 target_off=0xb8556
[DISPATCH] site=0xcdac7 count=27 slot=0x716a80ac40c8 slot_off=0xc40c8 idx=0x9b0 frame=0x716a80a7836d frame_off=0x7836d vm_ip=0x716a80d11f69 vm_ip_off=0x311f69 vm_flags=0x8e78f1da vm_state=0xeb377ffe vm_byte=0x3a target=0x716a80ab8556 target_off=0xb8556
[DISPATCH] site=0xcdac7 count=28 slot=0x716a80ac40c8 slot_off=0xc40c8 idx=0x9b0 frame=0x716a80a7836d frame_off=0x7836d vm_ip=0x716a80d1223a vm_ip_off=0x31223a vm_flags=0x8e4e0de5 vm_state=0x7bd7fefb vm_byte=0x3a target=0x716a80ab8556 target_off=0xb8556
[DISPATCH] site=0xcdac7 count=29 slot=0x716a80ac3c60 slot_off=0xc3c60 idx=0x548 frame=0x716a80a7836d frame_off=0x7836d vm_ip=0x716a80d12464 vm_ip_off=0x312464 vm_flags=0x347541db vm_state=0x69945ffa vm_byte=0x3a target=0x716a80a9af18 target_off=0x9af18
[DISPATCH] site=0xcdac7 count=30 slot=0x716a80ac40c8 slot_off=0xc40c8 idx=0x9b0 frame=0x716a80a7836d frame_off=0x7836d vm_ip=0x716a80d1268e vm_ip_off=0x31268e vm_flags=0x5675bb90 vm_state=0xffc76ef9 vm_byte=0x3a target=0x716a80ab8556 target_off=0xb8556
[DISPATCH] site=0xcdac7 count=31 slot=0x716a80ac3c60 slot_off=0xc3c60 idx=0x548 frame=0x716a80a7836d frame_off=0x7836d vm_ip=0x716a80d12868 vm_ip_off=0x312868 vm_flags=0x221c12 vm_state=0x3f06a742 vm_byte=0x3a target=0x716a80a9af18 target_off=0x9af18
[DISPATCH] site=0xcdac7 count=32 slot=0x716a80ac3c60 slot_off=0xc3c60 idx=0x548 frame=0x716a80a7836d frame_off=0x7836d vm_ip=0x716a80d12aee vm_ip_off=0x312aee vm_flags=0x8e3c0ca2 vm_state=0x6f95fefa vm_byte=0x3a target=0x716a80a9af18 target_off=0x9af18
[DISPATCH] site=0xcdac7 count=33 slot=0x716a80ac3c60 slot_off=0xc3c60 idx=0x548 frame=0x716a80a7836d frame_off=0x7836d vm_ip=0x716a80d12cd0 vm_ip_off=0x312cd0 vm_flags=0xfbf79ddb vm_state=0xf9f3eb74 vm_byte=0x3a target=0x716a80a9af18 target_off=0x9af18
[DISPATCH] site=0xcdac7 count=34 slot=0x716a80ac40c8 slot_off=0xc40c8 idx=0x9b0 frame=0x716a80a7836d frame_off=0x7836d vm_ip=0x716a80d12f26 vm_ip_off=0x312f26 vm_flags=0x4b8eb2de vm_state=0x7b1c5e5e vm_byte=0x3a target=0x716a80ab8556 target_off=0xb8556
[DISPATCH] site=0xcdac7 count=35 slot=0x716a80ac40c8 slot_off=0xc40c8 idx=0x9b0 frame=0x716a80a7836d frame_off=0x7836d vm_ip=0x716a80d13169 vm_ip_off=0x313169 vm_flags=0x7afe7fef vm_state=0x727e02a8 vm_byte=0x3a target=0x716a80ab8556 target_off=0xb8556
[DISPATCH] site=0xcdac7 count=36 slot=0x716a80ac3c60 slot_off=0xc3c60 idx=0x548 frame=0x716a80a7836d frame_off=0x7836d vm_ip=0x716a80d1334b vm_ip_off=0x31334b vm_flags=0xce4d8465 vm_state=0x7f3e7f7b vm_byte=0x3a target=0x716a80a9af18 target_off=0x9af18
[DISPATCH] site=0xcdac7 count=37 slot=0x716a80ac3c60 slot_off=0xc3c60 idx=0x548 frame=0x716a80a7836d frame_off=0x7836d vm_ip=0x716a80d135b9 vm_ip_off=0x3135b9 vm_flags=0xc917a90d vm_state=0xc917a90d vm_byte=0x3a target=0x716a80a9af18 target_off=0x9af18
[DISPATCH] site=0xcdac7 count=38 slot=0x716a80ac40c8 slot_off=0xc40c8 idx=0x9b0 frame=0x716a80a7836d frame_off=0x7836d vm_ip=0x716a80d137fc vm_ip_off=0x3137fc vm_flags=0x8df97560 vm_state=0x694cb90f vm_byte=0x3a target=0x716a80ab8556 target_off=0xb8556
[DISPATCH] site=0xcdac7 count=39 slot=0x716a80ac40c8 slot_off=0xc40c8 idx=0x9b0 frame=0x716a80a7836d frame_off=0x7836d vm_ip=0x716a80d139de vm_ip_off=0x3139de vm_flags=0x4a612e32 vm_state=0x5f8f8af3 vm_byte=0x3a target=0x716a80ab8556 target_off=0xb8556
[DISPATCH] site=0xcdac7 count=40 slot=0x716a80ac3c60 slot_off=0xc3c60 idx=0x548 frame=0x716a80a7836d frame_off=0x7836d vm_ip=0x716a80d13c4c vm_ip_off=0x313c4c vm_flags=0x8f70318b vm_state=0xfbfb8b3c vm_byte=0x3a target=0x716a80a9af18 target_off=0x9af18
[DISPATCH] site=0xcdac7 count=41 slot=0x716a80ac3c60 slot_off=0xc3c60 idx=0x548 frame=0x716a80a7836d frame_off=0x7836d vm_ip=0x716a80d13e8f vm_ip_off=0x313e8f vm_flags=0xfed1df96 vm_state=0x58a4dcd6 vm_byte=0x3a target=0x716a80a9af18 target_off=0x9af18
[DISPATCH] site=0xcdac7 count=42 slot=0x716a80ac3c60 slot_off=0xc3c60 idx=0x548 frame=0x716a80a7836d frame_off=0x7836d vm_ip=0x716a80d14071 vm_ip_off=0x314071 vm_flags=0x4ac60206 vm_state=0x5ee7d2fb vm_byte=0x3a target=0x716a80a9af18 target_off=0x9af18
[DISPATCH] site=0xcdac7 count=43 slot=0x716a80ac40c8 slot_off=0xc40c8 idx=0x9b0 frame=0x716a80a7836d frame_off=0x7836d vm_ip=0x716a80d142df vm_ip_off=0x3142df vm_flags=0x861eb185 vm_state=0xdf95e7f4 vm_byte=0x3a target=0x716a80ab8556 target_off=0xb8556
[DISPATCH] site=0xcdac7 count=44 slot=0x716a80ac40c8 slot_off=0xc40c8 idx=0x9b0 frame=0x716a80a7836d frame_off=0x7836d vm_ip=0x716a80d14522 vm_ip_off=0x314522 vm_flags=0x34a042ea vm_state=0x3ce04eeb vm_byte=0x3a target=0x716a80ab8556 target_off=0xb8556
[DISPATCH] site=0xcdac7 count=45 slot=0x716a80ac40c8 slot_off=0xc40c8 idx=0x9b0 frame=0x716a80a7836d frame_off=0x7836d vm_ip=0x716a80d14704 vm_ip_off=0x314704 vm_flags=0xfcdeff37 vm_state=0xfcd60600 vm_byte=0x3a target=0x716a80ab8556 target_off=0xb8556
[DISPATCH] site=0xcdac7 count=46 slot=0x716a80ac3c60 slot_off=0xc3c60 idx=0x548 frame=0x716a80a7836d frame_off=0x7836d vm_ip=0x716a80d14972 vm_ip_off=0x314972 vm_flags=0xf8eeff37 vm_state=0xf8e60910 vm_byte=0x3a target=0x716a80a9af18 target_off=0x9af18
[DISPATCH] site=0xcdac7 count=47 slot=0x716a80ac40c8 slot_off=0xc40c8 idx=0x9b0 frame=0x716a80a7836d frame_off=0x7836d vm_ip=0x716a80d14bb5 vm_ip_off=0x314bb5 vm_flags=0x62662dfb vm_state=0xbffcca14 vm_byte=0x3a target=0x716a80ab8556 target_off=0xb8556
[DISPATCH] site=0xcdac7 count=48 slot=0x716a80ac3c60 slot_off=0xc3c60 idx=0x548 frame=0x716a80a7836d frame_off=0x7836d vm_ip=0x716a80d14d97 vm_ip_off=0x314d97 vm_flags=0xfadf7f2d vm_state=0xf21b0800 vm_byte=0x3a target=0x716a80a9af18 target_off=0x9af18
[DISPATCH] site=0xcdac7 count=49 slot=0x716a80ac40c8 slot_off=0xc40c8 idx=0x9b0 frame=0x716a80a7836d frame_off=0x7836d vm_ip=0x716a80d15005 vm_ip_off=0x315005 vm_flags=0xe34473c6 vm_state=0xe74477c6 vm_byte=0x3a target=0x716a80ab8556 target_off=0xb8556
[DISPATCH] site=0xcdac7 count=50 slot=0x716a80ac40c8 slot_off=0xc40c8 idx=0x9b0 frame=0x716a80a7836d frame_off=0x7836d vm_ip=0x716a80d1522f vm_ip_off=0x31522f vm_flags=0x69b0303a vm_state=0x69145e5a vm_byte=0x3a target=0x716a80ab8556 target_off=0xb8556
[DISPATCH] site=0xcdac7 count=51 slot=0x716a80ac3c60 slot_off=0xc3c60 idx=0x548 frame=0x716a80a7836d frame_off=0x7836d vm_ip=0x716a80d15486 vm_ip_off=0x315486 vm_flags=0x841ab3c5 vm_state=0x841ab3c5 vm_byte=0x3a target=0x716a80a9af18 target_off=0x9af18
[DISPATCH] site=0xcdac7 count=52 slot=0x716a80ac3c60 slot_off=0xc3c60 idx=0x548 frame=0x716a80a7836d frame_off=0x7836d vm_ip=0x716a80d156ca vm_ip_off=0x3156ca vm_flags=0xf613f930 vm_state=0x3ffce85e vm_byte=0x3a target=0x716a80a9af18 target_off=0x9af18
[DISPATCH] site=0xcdac7 count=53 slot=0x716a80ac3c60 slot_off=0xc3c60 idx=0x548 frame=0x716a80a7836d frame_off=0x7836d vm_ip=0x716a80d15969 vm_ip_off=0x315969 vm_flags=0x2ab32381 vm_state=0x2af72783 vm_byte=0x3a target=0x716a80a9af18 target_off=0x9af18
[DISPATCH] site=0xcdac7 count=54 slot=0x716a80ac3c60 slot_off=0xc3c60 idx=0x548 frame=0x716a80a7836d frame_off=0x7836d vm_ip=0x716a80d15bbf vm_ip_off=0x315bbf vm_flags=0x6e5d9892 vm_state=0x4000d60c vm_byte=0x3a target=0x716a80a9af18 target_off=0x9af18
[DISPATCH] site=0xcdac7 count=55 slot=0x716a80ac40c8 slot_off=0xc40c8 idx=0x9b0 frame=0x716a80a7836d frame_off=0x7836d vm_ip=0x716a80d10ca5 vm_ip_off=0x310ca5 vm_flags=0x148226cc vm_state=0xffaffb65 vm_byte=0x3a target=0x716a80ab8556 target_off=0xb8556
[DISPATCH] site=0xcdac7 count=56 slot=0x716a80ac40c8 slot_off=0xc40c8 idx=0x9b0 frame=0x716a80a7836d frame_off=0x7836d vm_ip=0x716a80d10ef0 vm_ip_off=0x310ef0 vm_flags=0x14100010 vm_state=0x3f0612b2 vm_byte=0x3a target=0x716a80ab8556 target_off=0xb8556
[DISPATCH] site=0xcdac7 count=57 slot=0x716a80ac3c60 slot_off=0xc3c60 idx=0x548 frame=0x716a80a7836d frame_off=0x7836d vm_ip=0x716a80d11163 vm_ip_off=0x311163 vm_flags=0xc83095f0 vm_state=0x400110fe vm_byte=0x3a target=0x716a80a9af18 target_off=0x9af18
[DISPATCH] site=0xcdac7 count=58 slot=0x716a80ac3c60 slot_off=0xc3c60 idx=0x548 frame=0x716a80a7836d frame_off=0x7836d vm_ip=0x716a80d113a5 vm_ip_off=0x3113a5 vm_flags=0x7adeff2e vm_state=0x78de0800 vm_byte=0x3a target=0x716a80a9af18 target_off=0x9af18
[DISPATCH] site=0xcdac7 count=59 slot=0x716a80ac40c8 slot_off=0xc40c8 idx=0x9b0 frame=0x716a80a7836d frame_off=0x7836d vm_ip=0x716a80d115e7 vm_ip_off=0x3115e7 vm_flags=0x2948 vm_state=0x2948 vm_byte=0x3a target=0x716a80ab8556 target_off=0xb8556
[DISPATCH] site=0xcdac7 count=60 slot=0x716a80ac3c60 slot_off=0xc3c60 idx=0x548 frame=0x716a80a7836d frame_off=0x7836d vm_ip=0x716a80d11829 vm_ip_off=0x311829 vm_flags=0x3acddfde vm_state=0x585c5c02 vm_byte=0x3a target=0x716a80a9af18 target_off=0x9af18
[DISPATCH] site=0xcdac7 count=61 slot=0x716a80ac3c60 slot_off=0xc3c60 idx=0x548 frame=0x716a80a7836d frame_off=0x7836d vm_ip=0x716a80d11a6b vm_ip_off=0x311a6b vm_flags=0xef1b287 vm_state=0x69145f5a vm_byte=0x3a target=0x716a80a9af18 target_off=0x9af18
[DISPATCH] site=0xcdac7 count=62 slot=0x716a80ac40c8 slot_off=0xc40c8 idx=0x9b0 frame=0x716a80a7836d frame_off=0x7836d vm_ip=0x716a80d11cad vm_ip_off=0x311cad vm_flags=0x524c03c5 vm_state=0x7df7dfda vm_byte=0x3a target=0x716a80ab8556 target_off=0xb8556
[DISPATCH] site=0xcdac7 count=63 slot=0x716a80ac40c8 slot_off=0xc40c8 idx=0x9b0 frame=0x716a80a7836d frame_off=0x7836d vm_ip=0x716a80d11f69 vm_ip_off=0x311f69 vm_flags=0x8e78f1da vm_state=0xeb377ffe vm_byte=0x3a target=0x716a80ab8556 target_off=0xb8556
[DISPATCH] site=0xcdac7 count=64 slot=0x716a80ac40c8 slot_off=0xc40c8 idx=0x9b0 frame=0x716a80a7836d frame_off=0x7836d vm_ip=0x716a80d1223a vm_ip_off=0x31223a vm_flags=0x8e4e0de5 vm_state=0x7bd7fefb vm_byte=0x3a target=0x716a80ab8556 target_off=0xb8556
[DISPATCH] site=0xcdac7 count=65 slot=0x716a80ac3c60 slot_off=0xc3c60 idx=0x548 frame=0x716a80a7836d frame_off=0x7836d vm_ip=0x716a80d12464 vm_ip_off=0x312464 vm_flags=0x347541db vm_state=0x69945ffa vm_byte=0x3a target=0x716a80a9af18 target_off=0x9af18
[DISPATCH] site=0xcdac7 count=66 slot=0x716a80ac40c8 slot_off=0xc40c8 idx=0x9b0 frame=0x716a80a7836d frame_off=0x7836d vm_ip=0x716a80d1268e vm_ip_off=0x31268e vm_flags=0x5675bb90 vm_state=0xffc76ef9 vm_byte=0x3a target=0x716a80ab8556 target_off=0xb8556
[DISPATCH] site=0xcdac7 count=67 slot=0x716a80ac3c60 slot_off=0xc3c60 idx=0x548 frame=0x716a80a7836d frame_off=0x7836d vm_ip=0x716a80d12868 vm_ip_off=0x312868 vm_flags=0x221c12 vm_state=0x3f06a742 vm_byte=0x3a target=0x716a80a9af18 target_off=0x9af18
[DISPATCH] site=0xcdac7 count=68 slot=0x716a80ac3c60 slot_off=0xc3c60 idx=0x548 frame=0x716a80a7836d frame_off=0x7836d vm_ip=0x716a80d12aee vm_ip_off=0x312aee vm_flags=0x8e3c0ca2 vm_state=0x6f95fefa vm_byte=0x3a target=0x716a80a9af18 target_off=0x9af18
[DISPATCH] site=0xcdac7 count=69 slot=0x716a80ac3c60 slot_off=0xc3c60 idx=0x548 frame=0x716a80a7836d frame_off=0x7836d vm_ip=0x716a80d12cd0 vm_ip_off=0x312cd0 vm_flags=0xfbf79ddb vm_state=0xf9f3eb74 vm_byte=0x3a target=0x716a80a9af18 target_off=0x9af18
[DISPATCH] site=0xcdac7 count=70 slot=0x716a80ac40c8 slot_off=0xc40c8 idx=0x9b0 frame=0x716a80a7836d frame_off=0x7836d vm_ip=0x716a80d12f26 vm_ip_off=0x312f26 vm_flags=0x4b8eb2de vm_state=0x7b1c5e5e vm_byte=0x3a target=0x716a80ab8556 target_off=0xb8556
[DISPATCH] site=0xcdac7 count=71 slot=0x716a80ac40c8 slot_off=0xc40c8 idx=0x9b0 frame=0x716a80a7836d frame_off=0x7836d vm_ip=0x716a80d13169 vm_ip_off=0x313169 vm_flags=0x7afe7fef vm_state=0x727e02a8 vm_byte=0x3a target=0x716a80ab8556 target_off=0xb8556
[DISPATCH] site=0xcdac7 count=72 slot=0x716a80ac3c60 slot_off=0xc3c60 idx=0x548 frame=0x716a80a7836d frame_off=0x7836d vm_ip=0x716a80d1334b vm_ip_off=0x31334b vm_flags=0xce4d8465 vm_state=0x7f3e7f7b vm_byte=0x3a target=0x716a80a9af18 target_off=0x9af18
[DISPATCH] site=0xcdac7 count=73 slot=0x716a80ac3c60 slot_off=0xc3c60 idx=0x548 frame=0x716a80a7836d frame_off=0x7836d vm_ip=0x716a80d135b9 vm_ip_off=0x3135b9 vm_flags=0xc917a90d vm_state=0xc917a90d vm_byte=0x3a target=0x716a80a9af18 target_off=0x9af18
[DISPATCH] site=0xcdac7 count=74 slot=0x716a80ac40c8 slot_off=0xc40c8 idx=0x9b0 frame=0x716a80a7836d frame_off=0x7836d vm_ip=0x716a80d137fc vm_ip_off=0x3137fc vm_flags=0x8df97560 vm_state=0x694cb90f vm_byte=0x3a target=0x716a80ab8556 target_off=0xb8556
[DISPATCH] site=0xcdac7 count=75 slot=0x716a80ac40c8 slot_off=0xc40c8 idx=0x9b0 frame=0x716a80a7836d frame_off=0x7836d vm_ip=0x716a80d139de vm_ip_off=0x3139de vm_flags=0x4a612e32 vm_state=0x5f8f8af3 vm_byte=0x3a target=0x716a80ab8556 target_off=0xb8556
[DISPATCH] site=0xcdac7 count=76 slot=0x716a80ac3c60 slot_off=0xc3c60 idx=0x548 frame=0x716a80a7836d frame_off=0x7836d vm_ip=0x716a80d13c4c vm_ip_off=0x313c4c vm_flags=0x8f70318b vm_state=0xfbfb8b3c vm_byte=0x3a target=0x716a80a9af18 target_off=0x9af18
[DISPATCH] site=0xcdac7 count=77 slot=0x716a80ac3c60 slot_off=0xc3c60 idx=0x548 frame=0x716a80a7836d frame_off=0x7836d vm_ip=0x716a80d13e8f vm_ip_off=0x313e8f vm_flags=0xfed1df96 vm_state=0x58a4dcd6 vm_byte=0x3a target=0x716a80a9af18 target_off=0x9af18
[DISPATCH] site=0xcdac7 count=78 slot=0x716a80ac3c60 slot_off=0xc3c60 idx=0x548 frame=0x716a80a7836d frame_off=0x7836d vm_ip=0x716a80d14071 vm_ip_off=0x314071 vm_flags=0x4ac60206 vm_state=0x5ee7d2fb vm_byte=0x3a target=0x716a80a9af18 target_off=0x9af18
[DISPATCH] site=0xcdac7 count=79 slot=0x716a80ac40c8 slot_off=0xc40c8 idx=0x9b0 frame=0x716a80a7836d frame_off=0x7836d vm_ip=0x716a80d142df vm_ip_off=0x3142df vm_flags=0x861eb185 vm_state=0xdf95e7f4 vm_byte=0x3a target=0x716a80ab8556 target_off=0xb8556
[DISPATCH] site=0xcdac7 count=80 slot=0x716a80ac40c8 slot_off=0xc40c8 idx=0x9b0 frame=0x716a80a7836d frame_off=0x7836d vm_ip=0x716a80d14522 vm_ip_off=0x314522 vm_flags=0x34a042ea vm_state=0x3ce04eeb vm_byte=0x3a target=0x716a80ab8556 target_off=0xb8556
[DISPATCH] site=0xcdac7 count=81 slot=0x716a80ac40c8 slot_off=0xc40c8 idx=0x9b0 frame=0x716a80a7836d frame_off=0x7836d vm_ip=0x716a80d14704 vm_ip_off=0x314704 vm_flags=0xfcdeff37 vm_state=0xfcd60600 vm_byte=0x3a target=0x716a80ab8556 target_off=0xb8556
[DISPATCH] site=0xcdac7 count=82 slot=0x716a80ac3c60 slot_off=0xc3c60 idx=0x548 frame=0x716a80a7836d frame_off=0x7836d vm_ip=0x716a80d14972 vm_ip_off=0x314972 vm_flags=0xf8eeff37 vm_state=0xf8e60910 vm_byte=0x3a target=0x716a80a9af18 target_off=0x9af18
[DISPATCH] site=0xcdac7 count=83 slot=0x716a80ac40c8 slot_off=0xc40c8 idx=0x9b0 frame=0x716a80a7836d frame_off=0x7836d vm_ip=0x716a80d14bb5 vm_ip_off=0x314bb5 vm_flags=0x62662dfb vm_state=0xbffcca14 vm_byte=0x3a target=0x716a80ab8556 target_off=0xb8556
[DISPATCH] site=0xcdac7 count=84 slot=0x716a80ac3c60 slot_off=0xc3c60 idx=0x548 frame=0x716a80a7836d frame_off=0x7836d vm_ip=0x716a80d14d97 vm_ip_off=0x314d97 vm_flags=0xfadf7f2d vm_state=0xf21b0800 vm_byte=0x3a target=0x716a80a9af18 target_off=0x9af18
[DISPATCH] site=0xcdac7 count=85 slot=0x716a80ac40c8 slot_off=0xc40c8 idx=0x9b0 frame=0x716a80a7836d frame_off=0x7836d vm_ip=0x716a80d15005 vm_ip_off=0x315005 vm_flags=0xe34473c6 vm_state=0xe74477c6 vm_byte=0x3a target=0x716a80ab8556 target_off=0xb8556
[DISPATCH] site=0xcdac7 count=86 slot=0x716a80ac40c8 slot_off=0xc40c8 idx=0x9b0 frame=0x716a80a7836d frame_off=0x7836d vm_ip=0x716a80d1522f vm_ip_off=0x31522f vm_flags=0x69b0303a vm_state=0x69145e5a vm_byte=0x3a target=0x716a80ab8556 target_off=0xb8556
[DISPATCH] site=0xcdac7 count=87 slot=0x716a80ac3c60 slot_off=0xc3c60 idx=0x548 frame=0x716a80a7836d frame_off=0x7836d vm_ip=0x716a80d15486 vm_ip_off=0x315486 vm_flags=0x841ab3c5 vm_state=0x841ab3c5 vm_byte=0x3a target=0x716a80a9af18 target_off=0x9af18
[DISPATCH] site=0xcdac7 count=88 slot=0x716a80ac3c60 slot_off=0xc3c60 idx=0x548 frame=0x716a80a7836d frame_off=0x7836d vm_ip=0x716a80d156ca vm_ip_off=0x3156ca vm_flags=0xf613f930 vm_state=0x3ffce85e vm_byte=0x3a target=0x716a80a9af18 target_off=0x9af18
[DISPATCH] site=0xcdac7 count=89 slot=0x716a80ac3c60 slot_off=0xc3c60 idx=0x548 frame=0x716a80a7836d frame_off=0x7836d vm_ip=0x716a80d15969 vm_ip_off=0x315969 vm_flags=0x2ab32381 vm_state=0x2af72783 vm_byte=0x3a target=0x716a80a9af18 target_off=0x9af18
[DISPATCH] site=0xcdac7 count=90 slot=0x716a80ac3c60 slot_off=0xc3c60 idx=0x548 frame=0x716a80a7836d frame_off=0x7836d vm_ip=0x716a80d15bbf vm_ip_off=0x315bbf vm_flags=0x6e5d9892 vm_state=0x4000d60c vm_byte=0x3a target=0x716a80a9af18 target_off=0x9af18
[DISPATCH] site=0xcdac7 count=91 slot=0x716a80ac40c8 slot_off=0xc40c8 idx=0x9b0 frame=0x716a80a7836d frame_off=0x7836d vm_ip=0x716a80d10ca5 vm_ip_off=0x310ca5 vm_flags=0x148226cc vm_state=0xffaffb65 vm_byte=0x3a target=0x716a80ab8556 target_off=0xb8556
[DISPATCH] site=0xcdac7 count=92 slot=0x716a80ac40c8 slot_off=0xc40c8 idx=0x9b0 frame=0x716a80a7836d frame_off=0x7836d vm_ip=0x716a80d10ef0 vm_ip_off=0x310ef0 vm_flags=0x14100010 vm_state=0x3f0612b2 vm_byte=0x3a target=0x716a80ab8556 target_off=0xb8556
[DISPATCH] site=0xcdac7 count=93 slot=0x716a80ac3c60 slot_off=0xc3c60 idx=0x548 frame=0x716a80a7836d frame_off=0x7836d vm_ip=0x716a80d11163 vm_ip_off=0x311163 vm_flags=0xc83095f0 vm_state=0x400110fe vm_byte=0x3a target=0x716a80a9af18 target_off=0x9af18
[DISPATCH] site=0xcdac7 count=94 slot=0x716a80ac3c60 slot_off=0xc3c60 idx=0x548 frame=0x716a80a7836d frame_off=0x7836d vm_ip=0x716a80d113a5 vm_ip_off=0x3113a5 vm_flags=0x7adeff2e vm_state=0x78de0800 vm_byte=0x3a target=0x716a80a9af18 target_off=0x9af18
[DISPATCH] site=0xcdac7 count=95 slot=0x716a80ac40c8 slot_off=0xc40c8 idx=0x9b0 frame=0x716a80a7836d frame_off=0x7836d vm_ip=0x716a80d115e7 vm_ip_off=0x3115e7 vm_flags=0x2948 vm_state=0x2948 vm_byte=0x3a target=0x716a80ab8556 target_off=0xb8556
[DISPATCH] site=0xcdac7 count=96 slot=0x716a80ac3c60 slot_off=0xc3c60 idx=0x548 frame=0x716a80a7836d frame_off=0x7836d vm_ip=0x716a80d11829 vm_ip_off=0x311829 vm_flags=0x3acddfde vm_state=0x585c5c02 vm_byte=0x3a target=0x716a80a9af18 target_off=0x9af18
[DISPATCH] site=0xcdac7 count=97 slot=0x716a80ac3c60 slot_off=0xc3c60 idx=0x548 frame=0x716a80a7836d frame_off=0x7836d vm_ip=0x716a80d11a6b vm_ip_off=0x311a6b vm_flags=0xef1b287 vm_state=0x69145f5a vm_byte=0x3a target=0x716a80a9af18 target_off=0x9af18
[DISPATCH] site=0xcdac7 count=98 slot=0x716a80ac40c8 slot_off=0xc40c8 idx=0x9b0 frame=0x716a80a7836d frame_off=0x7836d vm_ip=0x716a80d11cad vm_ip_off=0x311cad vm_flags=0x524c03c5 vm_state=0x7df7dfda vm_byte=0x3a target=0x716a80ab8556 target_off=0xb8556
[DISPATCH] site=0xcdac7 count=99 slot=0x716a80ac40c8 slot_off=0xc40c8 idx=0x9b0 frame=0x716a80a7836d frame_off=0x7836d vm_ip=0x716a80d11f69 vm_ip_off=0x311f69 vm_flags=0x8e78f1da vm_state=0xeb377ffe vm_byte=0x3a target=0x716a80ab8556 target_off=0xb8556
[DISPATCH] site=0xcdac7 count=100 slot=0x716a80ac40c8 slot_off=0xc40c8 idx=0x9b0 frame=0x716a80a7836d frame_off=0x7836d vm_ip=0x716a80d1223a vm_ip_off=0x31223a vm_flags=0x8e4e0de5 vm_state=0x7bd7fefb vm_byte=0x3a target=0x716a80ab8556 target_off=0xb8556
[DISPATCH] site=0xcdac7 count=101 slot=0x716a80ac3c60 slot_off=0xc3c60 idx=0x548 frame=0x716a80a7836d frame_off=0x7836d vm_ip=0x716a80d12464 vm_ip_off=0x312464 vm_flags=0x347541db vm_state=0x69945ffa vm_byte=0x3a target=0x716a80a9af18 target_off=0x9af18
[DISPATCH] site=0xcdac7 count=102 slot=0x716a80ac40c8 slot_off=0xc40c8 idx=0x9b0 frame=0x716a80a7836d frame_off=0x7836d vm_ip=0x716a80d1268e vm_ip_off=0x31268e vm_flags=0x5675bb90 vm_state=0xffc76ef9 vm_byte=0x3a target=0x716a80ab8556 target_off=0xb8556
[DISPATCH] site=0xcdac7 count=103 slot=0x716a80ac3c60 slot_off=0xc3c60 idx=0x548 frame=0x716a80a7836d frame_off=0x7836d vm_ip=0x716a80d12868 vm_ip_off=0x312868 vm_flags=0x221c12 vm_state=0x3f06a742 vm_byte=0x3a target=0x716a80a9af18 target_off=0x9af18
[DISPATCH] site=0xcdac7 count=104 slot=0x716a80ac3c60 slot_off=0xc3c60 idx=0x548 frame=0x716a80a7836d frame_off=0x7836d vm_ip=0x716a80d12aee vm_ip_off=0x312aee vm_flags=0x8e3c0ca2 vm_state=0x6f95fefa vm_byte=0x3a target=0x716a80a9af18 target_off=0x9af18
[DISPATCH] site=0xcdac7 count=105 slot=0x716a80ac3c60 slot_off=0xc3c60 idx=0x548 frame=0x716a80a7836d frame_off=0x7836d vm_ip=0x716a80d12cd0 vm_ip_off=0x312cd0 vm_flags=0xfbf79ddb vm_state=0xf9f3eb74 vm_byte=0x3a target=0x716a80a9af18 target_off=0x9af18
[DISPATCH] site=0xcdac7 count=106 slot=0x716a80ac40c8 slot_off=0xc40c8 idx=0x9b0 frame=0x716a80a7836d frame_off=0x7836d vm_ip=0x716a80d12f26 vm_ip_off=0x312f26 vm_flags=0x4b8eb2de vm_state=0x7b1c5e5e vm_byte=0x3a target=0x716a80ab8556 target_off=0xb8556
[DISPATCH] site=0xcdac7 count=107 slot=0x716a80ac40c8 slot_off=0xc40c8 idx=0x9b0 frame=0x716a80a7836d frame_off=0x7836d vm_ip=0x716a80d13169 vm_ip_off=0x313169 vm_flags=0x7afe7fef vm_state=0x727e02a8 vm_byte=0x3a target=0x716a80ab8556 target_off=0xb8556
[DISPATCH] site=0xcdac7 count=108 slot=0x716a80ac3c60 slot_off=0xc3c60 idx=0x548 frame=0x716a80a7836d frame_off=0x7836d vm_ip=0x716a80d1334b vm_ip_off=0x31334b vm_flags=0xce4d8465 vm_state=0x7f3e7f7b vm_byte=0x3a target=0x716a80a9af18 target_off=0x9af18
[DISPATCH] site=0xcdac7 count=109 slot=0x716a80ac3c60 slot_off=0xc3c60 idx=0x548 frame=0x716a80a7836d frame_off=0x7836d vm_ip=0x716a80d135b9 vm_ip_off=0x3135b9 vm_flags=0xc917a90d vm_state=0xc917a90d vm_byte=0x3a target=0x716a80a9af18 target_off=0x9af18
[DISPATCH] site=0xcdac7 count=110 slot=0x716a80ac40c8 slot_off=0xc40c8 idx=0x9b0 frame=0x716a80a7836d frame_off=0x7836d vm_ip=0x716a80d137fc vm_ip_off=0x3137fc vm_flags=0x8df97560 vm_state=0x694cb90f vm_byte=0x3a target=0x716a80ab8556 target_off=0xb8556
[DISPATCH] site=0xcdac7 count=111 slot=0x716a80ac40c8 slot_off=0xc40c8 idx=0x9b0 frame=0x716a80a7836d frame_off=0x7836d vm_ip=0x716a80d139de vm_ip_off=0x3139de vm_flags=0x4a612e32 vm_state=0x5f8f8af3 vm_byte=0x3a target=0x716a80ab8556 target_off=0xb8556
[DISPATCH] site=0xcdac7 count=112 slot=0x716a80ac3c60 slot_off=0xc3c60 idx=0x548 frame=0x716a80a7836d frame_off=0x7836d vm_ip=0x716a80d13c4c vm_ip_off=0x313c4c vm_flags=0x8f70318b vm_state=0xfbfb8b3c vm_byte=0x3a target=0x716a80a9af18 target_off=0x9af18
[DISPATCH] site=0xcdac7 count=113 slot=0x716a80ac3c60 slot_off=0xc3c60 idx=0x548 frame=0x716a80a7836d frame_off=0x7836d vm_ip=0x716a80d13e8f vm_ip_off=0x313e8f vm_flags=0xfed1df96 vm_state=0x58a4dcd6 vm_byte=0x3a target=0x716a80a9af18 target_off=0x9af18
[DISPATCH] site=0xcdac7 count=114 slot=0x716a80ac3c60 slot_off=0xc3c60 idx=0x548 frame=0x716a80a7836d frame_off=0x7836d vm_ip=0x716a80d14071 vm_ip_off=0x314071 vm_flags=0x4ac60206 vm_state=0x5ee7d2fb vm_byte=0x3a target=0x716a80a9af18 target_off=0x9af18
[DISPATCH] site=0xcdac7 count=115 slot=0x716a80ac40c8 slot_off=0xc40c8 idx=0x9b0 frame=0x716a80a7836d frame_off=0x7836d vm_ip=0x716a80d142df vm_ip_off=0x3142df vm_flags=0x861eb185 vm_state=0xdf95e7f4 vm_byte=0x3a target=0x716a80ab8556 target_off=0xb8556
[DISPATCH] site=0xcdac7 count=116 slot=0x716a80ac40c8 slot_off=0xc40c8 idx=0x9b0 frame=0x716a80a7836d frame_off=0x7836d vm_ip=0x716a80d14522 vm_ip_off=0x314522 vm_flags=0x34a042ea vm_state=0x3ce04eeb vm_byte=0x3a target=0x716a80ab8556 target_off=0xb8556
[DISPATCH] site=0xcdac7 count=117 slot=0x716a80ac40c8 slot_off=0xc40c8 idx=0x9b0 frame=0x716a80a7836d frame_off=0x7836d vm_ip=0x716a80d14704 vm_ip_off=0x314704 vm_flags=0xfcdeff37 vm_state=0xfcd60600 vm_byte=0x3a target=0x716a80ab8556 target_off=0xb8556
[DISPATCH] site=0xcdac7 count=118 slot=0x716a80ac3c60 slot_off=0xc3c60 idx=0x548 frame=0x716a80a7836d frame_off=0x7836d vm_ip=0x716a80d14972 vm_ip_off=0x314972 vm_flags=0xf8eeff37 vm_state=0xf8e60910 vm_byte=0x3a target=0x716a80a9af18 target_off=0x9af18
[DISPATCH] site=0xcdac7 count=119 slot=0x716a80ac40c8 slot_off=0xc40c8 idx=0x9b0 frame=0x716a80a7836d frame_off=0x7836d vm_ip=0x716a80d14bb5 vm_ip_off=0x314bb5 vm_flags=0x62662dfb vm_state=0xbffcca14 vm_byte=0x3a target=0x716a80ab8556 target_off=0xb8556
[DISPATCH] site=0xcdac7 count=120 slot=0x716a80ac3c60 slot_off=0xc3c60 idx=0x548 frame=0x716a80a7836d frame_off=0x7836d vm_ip=0x716a80d14d97 vm_ip_off=0x314d97 vm_flags=0xfadf7f2d vm_state=0xf21b0800 vm_byte=0x3a target=0x716a80a9af18 target_off=0x9af18
[DISPATCH] site=0xcdac7 count=121 slot=0x716a80ac40c8 slot_off=0xc40c8 idx=0x9b0 frame=0x716a80a7836d frame_off=0x7836d vm_ip=0x716a80d15005 vm_ip_off=0x315005 vm_flags=0xe34473c6 vm_state=0xe74477c6 vm_byte=0x3a target=0x716a80ab8556 target_off=0xb8556
[DISPATCH] site=0xcdac7 count=122 slot=0x716a80ac40c8 slot_off=0xc40c8 idx=0x9b0 frame=0x716a80a7836d frame_off=0x7836d vm_ip=0x716a80d1522f vm_ip_off=0x31522f vm_flags=0x69b0303a vm_state=0x69145e5a vm_byte=0x3a target=0x716a80ab8556 target_off=0xb8556
[DISPATCH] site=0xcdac7 count=123 slot=0x716a80ac3c60 slot_off=0xc3c60 idx=0x548 frame=0x716a80a7836d frame_off=0x7836d vm_ip=0x716a80d15486 vm_ip_off=0x315486 vm_flags=0x841ab3c5 vm_state=0x841ab3c5 vm_byte=0x3a target=0x716a80a9af18 target_off=0x9af18
[DISPATCH] site=0xcdac7 count=124 slot=0x716a80ac3c60 slot_off=0xc3c60 idx=0x548 frame=0x716a80a7836d frame_off=0x7836d vm_ip=0x716a80d156ca vm_ip_off=0x3156ca vm_flags=0xf613f930 vm_state=0x3ffce85e vm_byte=0x3a target=0x716a80a9af18 target_off=0x9af18
[DISPATCH] site=0xcdac7 count=125 slot=0x716a80ac3c60 slot_off=0xc3c60 idx=0x548 frame=0x716a80a7836d frame_off=0x7836d vm_ip=0x716a80d15969 vm_ip_off=0x315969 vm_flags=0x2ab32381 vm_state=0x2af72783 vm_byte=0x3a target=0x716a80a9af18 target_off=0x9af18
[DISPATCH] site=0xcdac7 count=126 slot=0x716a80ac3c60 slot_off=0xc3c60 idx=0x548 frame=0x716a80a7836d frame_off=0x7836d vm_ip=0x716a80d15bbf vm_ip_off=0x315bbf vm_flags=0x6e5d9892 vm_state=0x4000d60c vm_byte=0x3a target=0x716a80a9af18 target_off=0x9af18
[DISPATCH] site=0xcdac7 count=127 slot=0x716a80ac40c8 slot_off=0xc40c8 idx=0x9b0 frame=0x716a80a7836d frame_off=0x7836d vm_ip=0x716a80d10ca5 vm_ip_off=0x310ca5 vm_flags=0x148226cc vm_state=0xffaffb65 vm_byte=0x3a target=0x716a80ab8556 target_off=0xb8556
[DISPATCH] site=0xcdac7 count=128 slot=0x716a80ac40c8 slot_off=0xc40c8 idx=0x9b0 frame=0x716a80a7836d frame_off=0x7836d vm_ip=0x716a80d10ef0 vm_ip_off=0x310ef0 vm_flags=0x14100010 vm_state=0x3f0612b2 vm_byte=0x3a target=0x716a80ab8556 target_off=0xb8556
[DISPATCH] site=0xcdac7 count=129 slot=0x716a80ac3c60 slot_off=0xc3c60 idx=0x548 frame=0x716a80a7836d frame_off=0x7836d vm_ip=0x716a80d11163 vm_ip_off=0x311163 vm_flags=0xc83095f0 vm_state=0x400110fe vm_byte=0x3a target=0x716a80a9af18 target_off=0x9af18
[DISPATCH] site=0xcdac7 count=130 slot=0x716a80ac3c60 slot_off=0xc3c60 idx=0x548 frame=0x716a80a7836d frame_off=0x7836d vm_ip=0x716a80d113a5 vm_ip_off=0x3113a5 vm_flags=0x7adeff2e vm_state=0x78de0800 vm_byte=0x3a target=0x716a80a9af18 target_off=0x9af18
[DISPATCH] site=0xcdac7 count=131 slot=0x716a80ac40c8 slot_off=0xc40c8 idx=0x9b0 frame=0x716a80a7836d frame_off=0x7836d vm_ip=0x716a80d115e7 vm_ip_off=0x3115e7 vm_flags=0x2948 vm_state=0x2948 vm_byte=0x3a target=0x716a80ab8556 target_off=0xb8556
[DISPATCH] site=0xcdac7 count=132 slot=0x716a80ac3c60 slot_off=0xc3c60 idx=0x548 frame=0x716a80a7836d frame_off=0x7836d vm_ip=0x716a80d11829 vm_ip_off=0x311829 vm_flags=0x3acddfde vm_state=0x585c5c02 vm_byte=0x3a target=0x716a80a9af18 target_off=0x9af18
[DISPATCH] site=0xcdac7 count=133 slot=0x716a80ac3c60 slot_off=0xc3c60 idx=0x548 frame=0x716a80a7836d frame_off=0x7836d vm_ip=0x716a80d11a6b vm_ip_off=0x311a6b vm_flags=0xef1b287 vm_state=0x69145f5a vm_byte=0x3a target=0x716a80a9af18 target_off=0x9af18
[DISPATCH] site=0xcdac7 count=134 slot=0x716a80ac40c8 slot_off=0xc40c8 idx=0x9b0 frame=0x716a80a7836d frame_off=0x7836d vm_ip=0x716a80d11cad vm_ip_off=0x311cad vm_flags=0x524c03c5 vm_state=0x7df7dfda vm_byte=0x3a target=0x716a80ab8556 target_off=0xb8556
[DISPATCH] site=0xcdac7 count=135 slot=0x716a80ac40c8 slot_off=0xc40c8 idx=0x9b0 frame=0x716a80a7836d frame_off=0x7836d vm_ip=0x716a80d11f69 vm_ip_off=0x311f69 vm_flags=0x8e78f1da vm_state=0xeb377ffe vm_byte=0x3a target=0x716a80ab8556 target_off=0xb8556
[DISPATCH] site=0xcdac7 count=136 slot=0x716a80ac40c8 slot_off=0xc40c8 idx=0x9b0 frame=0x716a80a7836d frame_off=0x7836d vm_ip=0x716a80d1223a vm_ip_off=0x31223a vm_flags=0x8e4e0de5 vm_state=0x7bd7fefb vm_byte=0x3a target=0x716a80ab8556 target_off=0xb8556
[DISPATCH] site=0xcdac7 count=137 slot=0x716a80ac3c60 slot_off=0xc3c60 idx=0x548 frame=0x716a80a7836d frame_off=0x7836d vm_ip=0x716a80d12464 vm_ip_off=0x312464 vm_flags=0x347541db vm_state=0x69945ffa vm_byte=0x3a target=0x716a80a9af18 target_off=0x9af18
[DISPATCH] site=0xcdac7 count=138 slot=0x716a80ac40c8 slot_off=0xc40c8 idx=0x9b0 frame=0x716a80a7836d frame_off=0x7836d vm_ip=0x716a80d1268e vm_ip_off=0x31268e vm_flags=0x5675bb90 vm_state=0xffc76ef9 vm_byte=0x3a target=0x716a80ab8556 target_off=0xb8556
[DISPATCH] site=0xcdac7 count=139 slot=0x716a80ac3c60 slot_off=0xc3c60 idx=0x548 frame=0x716a80a7836d frame_off=0x7836d vm_ip=0x716a80d12868 vm_ip_off=0x312868 vm_flags=0x221c12 vm_state=0x3f06a742 vm_byte=0x3a target=0x716a80a9af18 target_off=0x9af18
[DISPATCH] site=0xcdac7 count=140 slot=0x716a80ac3c60 slot_off=0xc3c60 idx=0x548 frame=0x716a80a7836d frame_off=0x7836d vm_ip=0x716a80d12aee vm_ip_off=0x312aee vm_flags=0x8e3c0ca2 vm_state=0x6f95fefa vm_byte=0x3a target=0x716a80a9af18 target_off=0x9af18
[DISPATCH] site=0xcdac7 count=141 slot=0x716a80ac3c60 slot_off=0xc3c60 idx=0x548 frame=0x716a80a7836d frame_off=0x7836d vm_ip=0x716a80d12cd0 vm_ip_off=0x312cd0 vm_flags=0xfbf79ddb vm_state=0xf9f3eb74 vm_byte=0x3a target=0x716a80a9af18 target_off=0x9af18
[DISPATCH] site=0xcdac7 count=142 slot=0x716a80ac40c8 slot_off=0xc40c8 idx=0x9b0 frame=0x716a80a7836d frame_off=0x7836d vm_ip=0x716a80d12f26 vm_ip_off=0x312f26 vm_flags=0x4b8eb2de vm_state=0x7b1c5e5e vm_byte=0x3a target=0x716a80ab8556 target_off=0xb8556
[DISPATCH] site=0xcdac7 count=143 slot=0x716a80ac40c8 slot_off=0xc40c8 idx=0x9b0 frame=0x716a80a7836d frame_off=0x7836d vm_ip=0x716a80d13169 vm_ip_off=0x313169 vm_flags=0x7afe7fef vm_state=0x727e02a8 vm_byte=0x3a target=0x716a80ab8556 target_off=0xb8556
[DISPATCH] site=0xcdac7 count=144 slot=0x716a80ac3c60 slot_off=0xc3c60 idx=0x548 frame=0x716a80a7836d frame_off=0x7836d vm_ip=0x716a80d1334b vm_ip_off=0x31334b vm_flags=0xce4d8465 vm_state=0x7f3e7f7b vm_byte=0x3a target=0x716a80a9af18 target_off=0x9af18
[DISPATCH] site=0xcdac7 count=145 slot=0x716a80ac3c60 slot_off=0xc3c60 idx=0x548 frame=0x716a80a7836d frame_off=0x7836d vm_ip=0x716a80d135b9 vm_ip_off=0x3135b9 vm_flags=0xc917a90d vm_state=0xc917a90d vm_byte=0x3a target=0x716a80a9af18 target_off=0x9af18
[DISPATCH] site=0xcdac7 count=146 slot=0x716a80ac40c8 slot_off=0xc40c8 idx=0x9b0 frame=0x716a80a7836d frame_off=0x7836d vm_ip=0x716a80d137fc vm_ip_off=0x3137fc vm_flags=0x8df97560 vm_state=0x694cb90f vm_byte=0x3a target=0x716a80ab8556 target_off=0xb8556
[DISPATCH] site=0xcdac7 count=147 slot=0x716a80ac40c8 slot_off=0xc40c8 idx=0x9b0 frame=0x716a80a7836d frame_off=0x7836d vm_ip=0x716a80d139de vm_ip_off=0x3139de vm_flags=0x4a612e32 vm_state=0x5f8f8af3 vm_byte=0x3a target=0x716a80ab8556 target_off=0xb8556
[DISPATCH] site=0xcdac7 count=148 slot=0x716a80ac3c60 slot_off=0xc3c60 idx=0x548 frame=0x716a80a7836d frame_off=0x7836d vm_ip=0x716a80d13c4c vm_ip_off=0x313c4c vm_flags=0x8f70318b vm_state=0xfbfb8b3c vm_byte=0x3a target=0x716a80a9af18 target_off=0x9af18
[DISPATCH] site=0xcdac7 count=149 slot=0x716a80ac3c60 slot_off=0xc3c60 idx=0x548 frame=0x716a80a7836d frame_off=0x7836d vm_ip=0x716a80d13e8f vm_ip_off=0x313e8f vm_flags=0xfed1df96 vm_state=0x58a4dcd6 vm_byte=0x3a target=0x716a80a9af18 target_off=0x9af18
[DISPATCH] site=0xcdac7 count=150 slot=0x716a80ac3c60 slot_off=0xc3c60 idx=0x548 frame=0x716a80a7836d frame_off=0x7836d vm_ip=0x716a80d14071 vm_ip_off=0x314071 vm_flags=0x4ac60206 vm_state=0x5ee7d2fb vm_byte=0x3a target=0x716a80a9af18 target_off=0x9af18
[DISPATCH] site=0xcdac7 count=151 slot=0x716a80ac40c8 slot_off=0xc40c8 idx=0x9b0 frame=0x716a80a7836d frame_off=0x7836d vm_ip=0x716a80d142df vm_ip_off=0x3142df vm_flags=0x861eb185 vm_state=0xdf95e7f4 vm_byte=0x3a target=0x716a80ab8556 target_off=0xb8556
[DISPATCH] site=0xcdac7 count=152 slot=0x716a80ac40c8 slot_off=0xc40c8 idx=0x9b0 frame=0x716a80a7836d frame_off=0x7836d vm_ip=0x716a80d14522 vm_ip_off=0x314522 vm_flags=0x34a042ea vm_state=0x3ce04eeb vm_byte=0x3a target=0x716a80ab8556 target_off=0xb8556
[DISPATCH] site=0xcdac7 count=153 slot=0x716a80ac40c8 slot_off=0xc40c8 idx=0x9b0 frame=0x716a80a7836d frame_off=0x7836d vm_ip=0x716a80d14704 vm_ip_off=0x314704 vm_flags=0xfcdeff37 vm_state=0xfcd60600 vm_byte=0x3a target=0x716a80ab8556 target_off=0xb8556
[DISPATCH] site=0xcdac7 count=154 slot=0x716a80ac3c60 slot_off=0xc3c60 idx=0x548 frame=0x716a80a7836d frame_off=0x7836d vm_ip=0x716a80d14972 vm_ip_off=0x314972 vm_flags=0xf8eeff37 vm_state=0xf8e60910 vm_byte=0x3a target=0x716a80a9af18 target_off=0x9af18
[DISPATCH] site=0xcdac7 count=155 slot=0x716a80ac40c8 slot_off=0xc40c8 idx=0x9b0 frame=0x716a80a7836d frame_off=0x7836d vm_ip=0x716a80d14bb5 vm_ip_off=0x314bb5 vm_flags=0x62662dfb vm_state=0xbffcca14 vm_byte=0x3a target=0x716a80ab8556 target_off=0xb8556
[DISPATCH] site=0xcdac7 count=156 slot=0x716a80ac3c60 slot_off=0xc3c60 idx=0x548 frame=0x716a80a7836d frame_off=0x7836d vm_ip=0x716a80d14d97 vm_ip_off=0x314d97 vm_flags=0xfadf7f2d vm_state=0xf21b0800 vm_byte=0x3a target=0x716a80a9af18 target_off=0x9af18
[DISPATCH] site=0xcdac7 count=157 slot=0x716a80ac40c8 slot_off=0xc40c8 idx=0x9b0 frame=0x716a80a7836d frame_off=0x7836d vm_ip=0x716a80d15005 vm_ip_off=0x315005 vm_flags=0xe34473c6 vm_state=0xe74477c6 vm_byte=0x3a target=0x716a80ab8556 target_off=0xb8556
[DISPATCH] site=0xcdac7 count=158 slot=0x716a80ac40c8 slot_off=0xc40c8 idx=0x9b0 frame=0x716a80a7836d frame_off=0x7836d vm_ip=0x716a80d1522f vm_ip_off=0x31522f vm_flags=0x69b0303a vm_state=0x69145e5a vm_byte=0x3a target=0x716a80ab8556 target_off=0xb8556
[DISPATCH] site=0xcdac7 count=159 slot=0x716a80ac3c60 slot_off=0xc3c60 idx=0x548 frame=0x716a80a7836d frame_off=0x7836d vm_ip=0x716a80d15486 vm_ip_off=0x315486 vm_flags=0x841ab3c5 vm_state=0x841ab3c5 vm_byte=0x3a target=0x716a80a9af18 target_off=0x9af18
[DISPATCH] site=0xcdac7 count=160 slot=0x716a80ac3c60 slot_off=0xc3c60 idx=0x548 frame=0x716a80a7836d frame_off=0x7836d vm_ip=0x716a80d156ca vm_ip_off=0x3156ca vm_flags=0xf613f930 vm_state=0x3ffce85e vm_byte=0x3a target=0x716a80a9af18 target_off=0x9af18
[DISPATCH] site=0xcdac7 count=161 slot=0x716a80ac3c60 slot_off=0xc3c60 idx=0x548 frame=0x716a80a7836d frame_off=0x7836d vm_ip=0x716a80d15969 vm_ip_off=0x315969 vm_flags=0x2ab32381 vm_state=0x2af72783 vm_byte=0x3a target=0x716a80a9af18 target_off=0x9af18
[DISPATCH] site=0xcdac7 count=162 slot=0x716a80ac3c60 slot_off=0xc3c60 idx=0x548 frame=0x716a80a7836d frame_off=0x7836d vm_ip=0x716a80d15bbf vm_ip_off=0x315bbf vm_flags=0x6e5d9892 vm_state=0x4000d60c vm_byte=0x3a target=0x716a80a9af18 target_off=0x9af18
[DISPATCH] site=0xcdac7 count=163 slot=0x716a80ac40c8 slot_off=0xc40c8 idx=0x9b0 frame=0x716a80a7836d frame_off=0x7836d vm_ip=0x716a80d10ca5 vm_ip_off=0x310ca5 vm_flags=0x148226cc vm_state=0xffaffb65 vm_byte=0x3a target=0x716a80ab8556 target_off=0xb8556
[DISPATCH] site=0xcdac7 count=164 slot=0x716a80ac40c8 slot_off=0xc40c8 idx=0x9b0 frame=0x716a80a7836d frame_off=0x7836d vm_ip=0x716a80d10ef0 vm_ip_off=0x310ef0 vm_flags=0x14100010 vm_state=0x3f0612b2 vm_byte=0x3a target=0x716a80ab8556 target_off=0xb8556
[DISPATCH] site=0xcdac7 count=165 slot=0x716a80ac3c60 slot_off=0xc3c60 idx=0x548 frame=0x716a80a7836d frame_off=0x7836d vm_ip=0x716a80d11163 vm_ip_off=0x311163 vm_flags=0xc83095f0 vm_state=0x400110fe vm_byte=0x3a target=0x716a80a9af18 target_off=0x9af18
[DISPATCH] site=0xcdac7 count=166 slot=0x716a80ac3c60 slot_off=0xc3c60 idx=0x548 frame=0x716a80a7836d frame_off=0x7836d vm_ip=0x716a80d113a5 vm_ip_off=0x3113a5 vm_flags=0x7adeff2e vm_state=0x78de0800 vm_byte=0x3a target=0x716a80a9af18 target_off=0x9af18
[DISPATCH] site=0xcdac7 count=167 slot=0x716a80ac40c8 slot_off=0xc40c8 idx=0x9b0 frame=0x716a80a7836d frame_off=0x7836d vm_ip=0x716a80d115e7 vm_ip_off=0x3115e7 vm_flags=0x2948 vm_state=0x2948 vm_byte=0x3a target=0x716a80ab8556 target_off=0xb8556
[DISPATCH] site=0xcdac7 count=168 slot=0x716a80ac3c60 slot_off=0xc3c60 idx=0x548 frame=0x716a80a7836d frame_off=0x7836d vm_ip=0x716a80d11829 vm_ip_off=0x311829 vm_flags=0x3acddfde vm_state=0x585c5c02 vm_byte=0x3a target=0x716a80a9af18 target_off=0x9af18
[DISPATCH] site=0xcdac7 count=169 slot=0x716a80ac3c60 slot_off=0xc3c60 idx=0x548 frame=0x716a80a7836d frame_off=0x7836d vm_ip=0x716a80d11a6b vm_ip_off=0x311a6b vm_flags=0xef1b287 vm_state=0x69145f5a vm_byte=0x3a target=0x716a80a9af18 target_off=0x9af18
[DISPATCH] site=0xcdac7 count=170 slot=0x716a80ac40c8 slot_off=0xc40c8 idx=0x9b0 frame=0x716a80a7836d frame_off=0x7836d vm_ip=0x716a80d11cad vm_ip_off=0x311cad vm_flags=0x524c03c5 vm_state=0x7df7dfda vm_byte=0x3a target=0x716a80ab8556 target_off=0xb8556
[DISPATCH] site=0xcdac7 count=171 slot=0x716a80ac40c8 slot_off=0xc40c8 idx=0x9b0 frame=0x716a80a7836d frame_off=0x7836d vm_ip=0x716a80d11f69 vm_ip_off=0x311f69 vm_flags=0x8e78f1da vm_state=0xeb377ffe vm_byte=0x3a target=0x716a80ab8556 target_off=0xb8556
[DISPATCH] site=0xcdac7 count=172 slot=0x716a80ac40c8 slot_off=0xc40c8 idx=0x9b0 frame=0x716a80a7836d frame_off=0x7836d vm_ip=0x716a80d1223a vm_ip_off=0x31223a vm_flags=0x8e4e0de5 vm_state=0x7bd7fefb vm_byte=0x3a target=0x716a80ab8556 target_off=0xb8556
[DISPATCH] site=0xcdac7 count=173 slot=0x716a80ac3c60 slot_off=0xc3c60 idx=0x548 frame=0x716a80a7836d frame_off=0x7836d vm_ip=0x716a80d12464 vm_ip_off=0x312464 vm_flags=0x347541db vm_state=0x69945ffa vm_byte=0x3a target=0x716a80a9af18 target_off=0x9af18
[DISPATCH] site=0xcdac7 count=174 slot=0x716a80ac40c8 slot_off=0xc40c8 idx=0x9b0 frame=0x716a80a7836d frame_off=0x7836d vm_ip=0x716a80d1268e vm_ip_off=0x31268e vm_flags=0x5675bb90 vm_state=0xffc76ef9 vm_byte=0x3a target=0x716a80ab8556 target_off=0xb8556
[DISPATCH] site=0xcdac7 count=175 slot=0x716a80ac3c60 slot_off=0xc3c60 idx=0x548 frame=0x716a80a7836d frame_off=0x7836d vm_ip=0x716a80d12868 vm_ip_off=0x312868 vm_flags=0x221c12 vm_state=0x3f06a742 vm_byte=0x3a target=0x716a80a9af18 target_off=0x9af18
[DISPATCH] site=0xcdac7 count=176 slot=0x716a80ac3c60 slot_off=0xc3c60 idx=0x548 frame=0x716a80a7836d frame_off=0x7836d vm_ip=0x716a80d12aee vm_ip_off=0x312aee vm_flags=0x8e3c0ca2 vm_state=0x6f95fefa vm_byte=0x3a target=0x716a80a9af18 target_off=0x9af18
[DISPATCH] site=0xcdac7 count=177 slot=0x716a80ac3c60 slot_off=0xc3c60 idx=0x548 frame=0x716a80a7836d frame_off=0x7836d vm_ip=0x716a80d12cd0 vm_ip_off=0x312cd0 vm_flags=0xfbf79ddb vm_state=0xf9f3eb74 vm_byte=0x3a target=0x716a80a9af18 target_off=0x9af18
[DISPATCH] site=0xcdac7 count=178 slot=0x716a80ac40c8 slot_off=0xc40c8 idx=0x9b0 frame=0x716a80a7836d frame_off=0x7836d vm_ip=0x716a80d12f26 vm_ip_off=0x312f26 vm_flags=0x4b8eb2de vm_state=0x7b1c5e5e vm_byte=0x3a target=0x716a80ab8556 target_off=0xb8556
[DISPATCH] site=0xcdac7 count=179 slot=0x716a80ac40c8 slot_off=0xc40c8 idx=0x9b0 frame=0x716a80a7836d frame_off=0x7836d vm_ip=0x716a80d13169 vm_ip_off=0x313169 vm_flags=0x7afe7fef vm_state=0x727e02a8 vm_byte=0x3a target=0x716a80ab8556 target_off=0xb8556
[DISPATCH] site=0xcdac7 count=180 slot=0x716a80ac3c60 slot_off=0xc3c60 idx=0x548 frame=0x716a80a7836d frame_off=0x7836d vm_ip=0x716a80d1334b vm_ip_off=0x31334b vm_flags=0xce4d8465 vm_state=0x7f3e7f7b vm_byte=0x3a target=0x716a80a9af18 target_off=0x9af18
[DISPATCH] site=0xcdac7 count=181 slot=0x716a80ac3c60 slot_off=0xc3c60 idx=0x548 frame=0x716a80a7836d frame_off=0x7836d vm_ip=0x716a80d135b9 vm_ip_off=0x3135b9 vm_flags=0xc917a90d vm_state=0xc917a90d vm_byte=0x3a target=0x716a80a9af18 target_off=0x9af18
[DISPATCH] site=0xcdac7 count=182 slot=0x716a80ac40c8 slot_off=0xc40c8 idx=0x9b0 frame=0x716a80a7836d frame_off=0x7836d vm_ip=0x716a80d137fc vm_ip_off=0x3137fc vm_flags=0x8df97560 vm_state=0x694cb90f vm_byte=0x3a target=0x716a80ab8556 target_off=0xb8556
[DISPATCH] site=0xcdac7 count=183 slot=0x716a80ac40c8 slot_off=0xc40c8 idx=0x9b0 frame=0x716a80a7836d frame_off=0x7836d vm_ip=0x716a80d139de vm_ip_off=0x3139de vm_flags=0x4a612e32 vm_state=0x5f8f8af3 vm_byte=0x3a target=0x716a80ab8556 target_off=0xb8556
[DISPATCH] site=0xcdac7 count=184 slot=0x716a80ac3c60 slot_off=0xc3c60 idx=0x548 frame=0x716a80a7836d frame_off=0x7836d vm_ip=0x716a80d13c4c vm_ip_off=0x313c4c vm_flags=0x8f70318b vm_state=0xfbfb8b3c vm_byte=0x3a target=0x716a80a9af18 target_off=0x9af18
[DISPATCH] site=0xcdac7 count=185 slot=0x716a80ac3c60 slot_off=0xc3c60 idx=0x548 frame=0x716a80a7836d frame_off=0x7836d vm_ip=0x716a80d13e8f vm_ip_off=0x313e8f vm_flags=0xfed1df96 vm_state=0x58a4dcd6 vm_byte=0x3a target=0x716a80a9af18 target_off=0x9af18
[DISPATCH] site=0xcdac7 count=186 slot=0x716a80ac3c60 slot_off=0xc3c60 idx=0x548 frame=0x716a80a7836d frame_off=0x7836d vm_ip=0x716a80d14071 vm_ip_off=0x314071 vm_flags=0x4ac60206 vm_state=0x5ee7d2fb vm_byte=0x3a target=0x716a80a9af18 target_off=0x9af18
[DISPATCH] site=0xcdac7 count=187 slot=0x716a80ac40c8 slot_off=0xc40c8 idx=0x9b0 frame=0x716a80a7836d frame_off=0x7836d vm_ip=0x716a80d142df vm_ip_off=0x3142df vm_flags=0x861eb185 vm_state=0xdf95e7f4 vm_byte=0x3a target=0x716a80ab8556 target_off=0xb8556
[DISPATCH] site=0xcdac7 count=188 slot=0x716a80ac40c8 slot_off=0xc40c8 idx=0x9b0 frame=0x716a80a7836d frame_off=0x7836d vm_ip=0x716a80d14522 vm_ip_off=0x314522 vm_flags=0x34a042ea vm_state=0x3ce04eeb vm_byte=0x3a target=0x716a80ab8556 target_off=0xb8556
[DISPATCH] site=0xcdac7 count=189 slot=0x716a80ac40c8 slot_off=0xc40c8 idx=0x9b0 frame=0x716a80a7836d frame_off=0x7836d vm_ip=0x716a80d14704 vm_ip_off=0x314704 vm_flags=0xfcdeff37 vm_state=0xfcd60600 vm_byte=0x3a target=0x716a80ab8556 target_off=0xb8556
[DISPATCH] site=0xcdac7 count=190 slot=0x716a80ac3c60 slot_off=0xc3c60 idx=0x548 frame=0x716a80a7836d frame_off=0x7836d vm_ip=0x716a80d14972 vm_ip_off=0x314972 vm_flags=0xf8eeff37 vm_state=0xf8e60910 vm_byte=0x3a target=0x716a80a9af18 target_off=0x9af18
[DISPATCH] site=0xcdac7 count=191 slot=0x716a80ac40c8 slot_off=0xc40c8 idx=0x9b0 frame=0x716a80a7836d frame_off=0x7836d vm_ip=0x716a80d14bb5 vm_ip_off=0x314bb5 vm_flags=0x62662dfb vm_state=0xbffcca14 vm_byte=0x3a target=0x716a80ab8556 target_off=0xb8556
[DISPATCH] site=0xcdac7 count=192 slot=0x716a80ac3c60 slot_off=0xc3c60 idx=0x548 frame=0x716a80a7836d frame_off=0x7836d vm_ip=0x716a80d14d97 vm_ip_off=0x314d97 vm_flags=0xfadf7f2d vm_state=0xf21b0800 vm_byte=0x3a target=0x716a80a9af18 target_off=0x9af18
[DISPATCH] site=0xcdac7 count=193 slot=0x716a80ac40c8 slot_off=0xc40c8 idx=0x9b0 frame=0x716a80a7836d frame_off=0x7836d vm_ip=0x716a80d15005 vm_ip_off=0x315005 vm_flags=0xe34473c6 vm_state=0xe74477c6 vm_byte=0x3a target=0x716a80ab8556 target_off=0xb8556
[DISPATCH] site=0xcdac7 count=194 slot=0x716a80ac40c8 slot_off=0xc40c8 idx=0x9b0 frame=0x716a80a7836d frame_off=0x7836d vm_ip=0x716a80d1522f vm_ip_off=0x31522f vm_flags=0x69b0303a vm_state=0x69145e5a vm_byte=0x3a target=0x716a80ab8556 target_off=0xb8556
[DISPATCH] site=0xcdac7 count=195 slot=0x716a80ac3c60 slot_off=0xc3c60 idx=0x548 frame=0x716a80a7836d frame_off=0x7836d vm_ip=0x716a80d15486 vm_ip_off=0x315486 vm_flags=0x841ab3c5 vm_state=0x841ab3c5 vm_byte=0x3a target=0x716a80a9af18 target_off=0x9af18
[DISPATCH] site=0xcdac7 count=196 slot=0x716a80ac3c60 slot_off=0xc3c60 idx=0x548 frame=0x716a80a7836d frame_off=0x7836d vm_ip=0x716a80d156ca vm_ip_off=0x3156ca vm_flags=0xf613f930 vm_state=0x3ffce85e vm_byte=0x3a target=0x716a80a9af18 target_off=0x9af18
[DISPATCH] site=0xcdac7 count=197 slot=0x716a80ac3c60 slot_off=0xc3c60 idx=0x548 frame=0x716a80a7836d frame_off=0x7836d vm_ip=0x716a80d15969 vm_ip_off=0x315969 vm_flags=0x2ab32381 vm_state=0x2af72783 vm_byte=0x3a target=0x716a80a9af18 target_off=0x9af18
[DISPATCH] site=0xcdac7 count=198 slot=0x716a80ac3c60 slot_off=0xc3c60 idx=0x548 frame=0x716a80a7836d frame_off=0x7836d vm_ip=0x716a80d15bbf vm_ip_off=0x315bbf vm_flags=0x6e5d9892 vm_state=0x4000d60c vm_byte=0x3a target=0x716a80a9af18 target_off=0x9af18
[DISPATCH] site=0xcdac7 count=199 slot=0x716a80ac40c8 slot_off=0xc40c8 idx=0x9b0 frame=0x716a80a7836d frame_off=0x7836d vm_ip=0x716a80d10ca5 vm_ip_off=0x310ca5 vm_flags=0x148226cc vm_state=0xffaffb65 vm_byte=0x3a target=0x716a80ab8556 target_off=0xb8556
[DISPATCH] site=0xcdac7 count=200 slot=0x716a80ac40c8 slot_off=0xc40c8 idx=0x9b0 frame=0x716a80a7836d frame_off=0x7836d vm_ip=0x716a80d10ef0 vm_ip_off=0x310ef0 vm_flags=0x14100010 vm_state=0x3f0612b2 vm_byte=0x3a target=0x716a80ab8556 target_off=0xb8556
[DISPATCH] site=0xcdac7 count=201 slot=0x716a80ac3c60 slot_off=0xc3c60 idx=0x548 frame=0x716a80a7836d frame_off=0x7836d vm_ip=0x716a80d11163 vm_ip_off=0x311163 vm_flags=0xc83095f0 vm_state=0x400110fe vm_byte=0x3a target=0x716a80a9af18 target_off=0x9af18
[DISPATCH] site=0xcdac7 count=202 slot=0x716a80ac3c60 slot_off=0xc3c60 idx=0x548 frame=0x716a80a7836d frame_off=0x7836d vm_ip=0x716a80d113a5 vm_ip_off=0x3113a5 vm_flags=0x7adeff2e vm_state=0x78de0800 vm_byte=0x3a target=0x716a80a9af18 target_off=0x9af18
[DISPATCH] site=0xcdac7 count=203 slot=0x716a80ac40c8 slot_off=0xc40c8 idx=0x9b0 frame=0x716a80a7836d frame_off=0x7836d vm_ip=0x716a80d115e7 vm_ip_off=0x3115e7 vm_flags=0x2948 vm_state=0x2948 vm_byte=0x3a target=0x716a80ab8556 target_off=0xb8556
[DISPATCH] site=0xcdac7 count=204 slot=0x716a80ac3c60 slot_off=0xc3c60 idx=0x548 frame=0x716a80a7836d frame_off=0x7836d vm_ip=0x716a80d11829 vm_ip_off=0x311829 vm_flags=0x3acddfde vm_state=0x585c5c02 vm_byte=0x3a target=0x716a80a9af18 target_off=0x9af18
[DISPATCH] site=0xcdac7 count=205 slot=0x716a80ac3c60 slot_off=0xc3c60 idx=0x548 frame=0x716a80a7836d frame_off=0x7836d vm_ip=0x716a80d11a6b vm_ip_off=0x311a6b vm_flags=0xef1b287 vm_state=0x69145f5a vm_byte=0x3a target=0x716a80a9af18 target_off=0x9af18
[DISPATCH] site=0xcdac7 count=206 slot=0x716a80ac40c8 slot_off=0xc40c8 idx=0x9b0 frame=0x716a80a7836d frame_off=0x7836d vm_ip=0x716a80d11cad vm_ip_off=0x311cad vm_flags=0x524c03c5 vm_state=0x7df7dfda vm_byte=0x3a target=0x716a80ab8556 target_off=0xb8556
[DISPATCH] site=0xcdac7 count=207 slot=0x716a80ac40c8 slot_off=0xc40c8 idx=0x9b0 frame=0x716a80a7836d frame_off=0x7836d vm_ip=0x716a80d11f69 vm_ip_off=0x311f69 vm_flags=0x8e78f1da vm_state=0xeb377ffe vm_byte=0x3a target=0x716a80ab8556 target_off=0xb8556
[DISPATCH] site=0xcdac7 count=208 slot=0x716a80ac40c8 slot_off=0xc40c8 idx=0x9b0 frame=0x716a80a7836d frame_off=0x7836d vm_ip=0x716a80d1223a vm_ip_off=0x31223a vm_flags=0x8e4e0de5 vm_state=0x7bd7fefb vm_byte=0x3a target=0x716a80ab8556 target_off=0xb8556
[DISPATCH] site=0xcdac7 count=209 slot=0x716a80ac3c60 slot_off=0xc3c60 idx=0x548 frame=0x716a80a7836d frame_off=0x7836d vm_ip=0x716a80d12464 vm_ip_off=0x312464 vm_flags=0x347541db vm_state=0x69945ffa vm_byte=0x3a target=0x716a80a9af18 target_off=0x9af18
[DISPATCH] site=0xcdac7 count=210 slot=0x716a80ac40c8 slot_off=0xc40c8 idx=0x9b0 frame=0x716a80a7836d frame_off=0x7836d vm_ip=0x716a80d1268e vm_ip_off=0x31268e vm_flags=0x5675bb90 vm_state=0xffc76ef9 vm_byte=0x3a target=0x716a80ab8556 target_off=0xb8556
[DISPATCH] site=0xcdac7 count=211 slot=0x716a80ac3c60 slot_off=0xc3c60 idx=0x548 frame=0x716a80a7836d frame_off=0x7836d vm_ip=0x716a80d12868 vm_ip_off=0x312868 vm_flags=0x221c12 vm_state=0x3f06a742 vm_byte=0x3a target=0x716a80a9af18 target_off=0x9af18
[DISPATCH] site=0xcdac7 count=212 slot=0x716a80ac3c60 slot_off=0xc3c60 idx=0x548 frame=0x716a80a7836d frame_off=0x7836d vm_ip=0x716a80d12aee vm_ip_off=0x312aee vm_flags=0x8e3c0ca2 vm_state=0x6f95fefa vm_byte=0x3a target=0x716a80a9af18 target_off=0x9af18
[DISPATCH] site=0xcdac7 count=213 slot=0x716a80ac3c60 slot_off=0xc3c60 idx=0x548 frame=0x716a80a7836d frame_off=0x7836d vm_ip=0x716a80d12cd0 vm_ip_off=0x312cd0 vm_flags=0xfbf79ddb vm_state=0xf9f3eb74 vm_byte=0x3a target=0x716a80a9af18 target_off=0x9af18
[DISPATCH] site=0xcdac7 count=214 slot=0x716a80ac40c8 slot_off=0xc40c8 idx=0x9b0 frame=0x716a80a7836d frame_off=0x7836d vm_ip=0x716a80d12f26 vm_ip_off=0x312f26 vm_flags=0x4b8eb2de vm_state=0x7b1c5e5e vm_byte=0x3a target=0x716a80ab8556 target_off=0xb8556
[DISPATCH] site=0xcdac7 count=215 slot=0x716a80ac40c8 slot_off=0xc40c8 idx=0x9b0 frame=0x716a80a7836d frame_off=0x7836d vm_ip=0x716a80d13169 vm_ip_off=0x313169 vm_flags=0x7afe7fef vm_state=0x727e02a8 vm_byte=0x3a target=0x716a80ab8556 target_off=0xb8556
[DISPATCH] site=0xcdac7 count=216 slot=0x716a80ac3c60 slot_off=0xc3c60 idx=0x548 frame=0x716a80a7836d frame_off=0x7836d vm_ip=0x716a80d1334b vm_ip_off=0x31334b vm_flags=0xce4d8465 vm_state=0x7f3e7f7b vm_byte=0x3a target=0x716a80a9af18 target_off=0x9af18
[DISPATCH] site=0xcdac7 count=217 slot=0x716a80ac3c60 slot_off=0xc3c60 idx=0x548 frame=0x716a80a7836d frame_off=0x7836d vm_ip=0x716a80d135b9 vm_ip_off=0x3135b9 vm_flags=0xc917a90d vm_state=0xc917a90d vm_byte=0x3a target=0x716a80a9af18 target_off=0x9af18
[DISPATCH] site=0xcdac7 count=218 slot=0x716a80ac40c8 slot_off=0xc40c8 idx=0x9b0 frame=0x716a80a7836d frame_off=0x7836d vm_ip=0x716a80d137fc vm_ip_off=0x3137fc vm_flags=0x8df97560 vm_state=0x694cb90f vm_byte=0x3a target=0x716a80ab8556 target_off=0xb8556
[DISPATCH] site=0xcdac7 count=219 slot=0x716a80ac40c8 slot_off=0xc40c8 idx=0x9b0 frame=0x716a80a7836d frame_off=0x7836d vm_ip=0x716a80d139de vm_ip_off=0x3139de vm_flags=0x4a612e32 vm_state=0x5f8f8af3 vm_byte=0x3a target=0x716a80ab8556 target_off=0xb8556
[DISPATCH] site=0xcdac7 count=220 slot=0x716a80ac3c60 slot_off=0xc3c60 idx=0x548 frame=0x716a80a7836d frame_off=0x7836d vm_ip=0x716a80d13c4c vm_ip_off=0x313c4c vm_flags=0x8f70318b vm_state=0xfbfb8b3c vm_byte=0x3a target=0x716a80a9af18 target_off=0x9af18
[DISPATCH] site=0xcdac7 count=221 slot=0x716a80ac3c60 slot_off=0xc3c60 idx=0x548 frame=0x716a80a7836d frame_off=0x7836d vm_ip=0x716a80d13e8f vm_ip_off=0x313e8f vm_flags=0xfed1df96 vm_state=0x58a4dcd6 vm_byte=0x3a target=0x716a80a9af18 target_off=0x9af18
[DISPATCH] site=0xcdac7 count=222 slot=0x716a80ac3c60 slot_off=0xc3c60 idx=0x548 frame=0x716a80a7836d frame_off=0x7836d vm_ip=0x716a80d14071 vm_ip_off=0x314071 vm_flags=0x4ac60206 vm_state=0x5ee7d2fb vm_byte=0x3a target=0x716a80a9af18 target_off=0x9af18
[DISPATCH] site=0xcdac7 count=223 slot=0x716a80ac40c8 slot_off=0xc40c8 idx=0x9b0 frame=0x716a80a7836d frame_off=0x7836d vm_ip=0x716a80d142df vm_ip_off=0x3142df vm_flags=0x861eb185 vm_state=0xdf95e7f4 vm_byte=0x3a target=0x716a80ab8556 target_off=0xb8556
[DISPATCH] site=0xcdac7 count=224 slot=0x716a80ac40c8 slot_off=0xc40c8 idx=0x9b0 frame=0x716a80a7836d frame_off=0x7836d vm_ip=0x716a80d14522 vm_ip_off=0x314522 vm_flags=0x34a042ea vm_state=0x3ce04eeb vm_byte=0x3a target=0x716a80ab8556 target_off=0xb8556
[DISPATCH] site=0xcdac7 count=225 slot=0x716a80ac40c8 slot_off=0xc40c8 idx=0x9b0 frame=0x716a80a7836d frame_off=0x7836d vm_ip=0x716a80d14704 vm_ip_off=0x314704 vm_flags=0xfcdeff37 vm_state=0xfcd60600 vm_byte=0x3a target=0x716a80ab8556 target_off=0xb8556
[DISPATCH] site=0xcdac7 count=226 slot=0x716a80ac3c60 slot_off=0xc3c60 idx=0x548 frame=0x716a80a7836d frame_off=0x7836d vm_ip=0x716a80d14972 vm_ip_off=0x314972 vm_flags=0xf8eeff37 vm_state=0xf8e60910 vm_byte=0x3a target=0x716a80a9af18 target_off=0x9af18
[DISPATCH] site=0xcdac7 count=227 slot=0x716a80ac40c8 slot_off=0xc40c8 idx=0x9b0 frame=0x716a80a7836d frame_off=0x7836d vm_ip=0x716a80d14bb5 vm_ip_off=0x314bb5 vm_flags=0x62662dfb vm_state=0xbffcca14 vm_byte=0x3a target=0x716a80ab8556 target_off=0xb8556
[DISPATCH] site=0xcdac7 count=228 slot=0x716a80ac3c60 slot_off=0xc3c60 idx=0x548 frame=0x716a80a7836d frame_off=0x7836d vm_ip=0x716a80d14d97 vm_ip_off=0x314d97 vm_flags=0xfadf7f2d vm_state=0xf21b0800 vm_byte=0x3a target=0x716a80a9af18 target_off=0x9af18
[DISPATCH] site=0xcdac7 count=229 slot=0x716a80ac40c8 slot_off=0xc40c8 idx=0x9b0 frame=0x716a80a7836d frame_off=0x7836d vm_ip=0x716a80d15005 vm_ip_off=0x315005 vm_flags=0xe34473c6 vm_state=0xe74477c6 vm_byte=0x3a target=0x716a80ab8556 target_off=0xb8556
[DISPATCH] site=0xcdac7 count=230 slot=0x716a80ac40c8 slot_off=0xc40c8 idx=0x9b0 frame=0x716a80a7836d frame_off=0x7836d vm_ip=0x716a80d1522f vm_ip_off=0x31522f vm_flags=0x69b0303a vm_state=0x69145e5a vm_byte=0x3a target=0x716a80ab8556 target_off=0xb8556
[DISPATCH] site=0xcdac7 count=231 slot=0x716a80ac3c60 slot_off=0xc3c60 idx=0x548 frame=0x716a80a7836d frame_off=0x7836d vm_ip=0x716a80d15486 vm_ip_off=0x315486 vm_flags=0x841ab3c5 vm_state=0x841ab3c5 vm_byte=0x3a target=0x716a80a9af18 target_off=0x9af18
[DISPATCH] site=0xcdac7 count=232 slot=0x716a80ac3c60 slot_off=0xc3c60 idx=0x548 frame=0x716a80a7836d frame_off=0x7836d vm_ip=0x716a80d156ca vm_ip_off=0x3156ca vm_flags=0xf613f930 vm_state=0x3ffce85e vm_byte=0x3a target=0x716a80a9af18 target_off=0x9af18
[DISPATCH] site=0xcdac7 count=233 slot=0x716a80ac3c60 slot_off=0xc3c60 idx=0x548 frame=0x716a80a7836d frame_off=0x7836d vm_ip=0x716a80d15969 vm_ip_off=0x315969 vm_flags=0x2ab32381 vm_state=0x2af72783 vm_byte=0x3a target=0x716a80a9af18 target_off=0x9af18
[DISPATCH] site=0xcdac7 count=234 slot=0x716a80ac3c60 slot_off=0xc3c60 idx=0x548 frame=0x716a80a7836d frame_off=0x7836d vm_ip=0x716a80d15bbf vm_ip_off=0x315bbf vm_flags=0x6e5d9892 vm_state=0x4000d60c vm_byte=0x3a target=0x716a80a9af18 target_off=0x9af18
[DISPATCH] site=0xcdac7 count=235 slot=0x716a80ac40c8 slot_off=0xc40c8 idx=0x9b0 frame=0x716a80a7836d frame_off=0x7836d vm_ip=0x716a80d10ca5 vm_ip_off=0x310ca5 vm_flags=0x148226cc vm_state=0xffaffb65 vm_byte=0x3a target=0x716a80ab8556 target_off=0xb8556
[DISPATCH] site=0xcdac7 count=236 slot=0x716a80ac40c8 slot_off=0xc40c8 idx=0x9b0 frame=0x716a80a7836d frame_off=0x7836d vm_ip=0x716a80d10ef0 vm_ip_off=0x310ef0 vm_flags=0x14100010 vm_state=0x3f0612b2 vm_byte=0x3a target=0x716a80ab8556 target_off=0xb8556
[DISPATCH] site=0xcdac7 count=237 slot=0x716a80ac3c60 slot_off=0xc3c60 idx=0x548 frame=0x716a80a7836d frame_off=0x7836d vm_ip=0x716a80d11163 vm_ip_off=0x311163 vm_flags=0xc83095f0 vm_state=0x400110fe vm_byte=0x3a target=0x716a80a9af18 target_off=0x9af18
[DISPATCH] site=0xcdac7 count=238 slot=0x716a80ac3c60 slot_off=0xc3c60 idx=0x548 frame=0x716a80a7836d frame_off=0x7836d vm_ip=0x716a80d113a5 vm_ip_off=0x3113a5 vm_flags=0x7adeff2e vm_state=0x78de0800 vm_byte=0x3a target=0x716a80a9af18 target_off=0x9af18
[DISPATCH] site=0xcdac7 count=239 slot=0x716a80ac40c8 slot_off=0xc40c8 idx=0x9b0 frame=0x716a80a7836d frame_off=0x7836d vm_ip=0x716a80d115e7 vm_ip_off=0x3115e7 vm_flags=0x2948 vm_state=0x2948 vm_byte=0x3a target=0x716a80ab8556 target_off=0xb8556
[DISPATCH] site=0xcdac7 count=240 slot=0x716a80ac3c60 slot_off=0xc3c60 idx=0x548 frame=0x716a80a7836d frame_off=0x7836d vm_ip=0x716a80d11829 vm_ip_off=0x311829 vm_flags=0x3acddfde vm_state=0x585c5c02 vm_byte=0x3a target=0x716a80a9af18 target_off=0x9af18
[DISPATCH] site=0xcdac7 count=241 slot=0x716a80ac3c60 slot_off=0xc3c60 idx=0x548 frame=0x716a80a7836d frame_off=0x7836d vm_ip=0x716a80d11a6b vm_ip_off=0x311a6b vm_flags=0xef1b287 vm_state=0x69145f5a vm_byte=0x3a target=0x716a80a9af18 target_off=0x9af18
[DISPATCH] site=0xcdac7 count=242 slot=0x716a80ac40c8 slot_off=0xc40c8 idx=0x9b0 frame=0x716a80a7836d frame_off=0x7836d vm_ip=0x716a80d11cad vm_ip_off=0x311cad vm_flags=0x524c03c5 vm_state=0x7df7dfda vm_byte=0x3a target=0x716a80ab8556 target_off=0xb8556
[DISPATCH] site=0xcdac7 count=243 slot=0x716a80ac40c8 slot_off=0xc40c8 idx=0x9b0 frame=0x716a80a7836d frame_off=0x7836d vm_ip=0x716a80d11f69 vm_ip_off=0x311f69 vm_flags=0x8e78f1da vm_state=0xeb377ffe vm_byte=0x3a target=0x716a80ab8556 target_off=0xb8556
[DISPATCH] site=0xcdac7 count=244 slot=0x716a80ac40c8 slot_off=0xc40c8 idx=0x9b0 frame=0x716a80a7836d frame_off=0x7836d vm_ip=0x716a80d1223a vm_ip_off=0x31223a vm_flags=0x8e4e0de5 vm_state=0x7bd7fefb vm_byte=0x3a target=0x716a80ab8556 target_off=0xb8556
[DISPATCH] site=0xcdac7 count=245 slot=0x716a80ac3c60 slot_off=0xc3c60 idx=0x548 frame=0x716a80a7836d frame_off=0x7836d vm_ip=0x716a80d12464 vm_ip_off=0x312464 vm_flags=0x347541db vm_state=0x69945ffa vm_byte=0x3a target=0x716a80a9af18 target_off=0x9af18
[DISPATCH] site=0xcdac7 count=246 slot=0x716a80ac40c8 slot_off=0xc40c8 idx=0x9b0 frame=0x716a80a7836d frame_off=0x7836d vm_ip=0x716a80d1268e vm_ip_off=0x31268e vm_flags=0x5675bb90 vm_state=0xffc76ef9 vm_byte=0x3a target=0x716a80ab8556 target_off=0xb8556
[DISPATCH] site=0xcdac7 count=247 slot=0x716a80ac3c60 slot_off=0xc3c60 idx=0x548 frame=0x716a80a7836d frame_off=0x7836d vm_ip=0x716a80d12868 vm_ip_off=0x312868 vm_flags=0x221c12 vm_state=0x3f06a742 vm_byte=0x3a target=0x716a80a9af18 target_off=0x9af18
[DISPATCH] site=0xcdac7 count=248 slot=0x716a80ac3c60 slot_off=0xc3c60 idx=0x548 frame=0x716a80a7836d frame_off=0x7836d vm_ip=0x716a80d12aee vm_ip_off=0x312aee vm_flags=0x8e3c0ca2 vm_state=0x6f95fefa vm_byte=0x3a target=0x716a80a9af18 target_off=0x9af18
[DISPATCH] site=0xcdac7 count=249 slot=0x716a80ac3c60 slot_off=0xc3c60 idx=0x548 frame=0x716a80a7836d frame_off=0x7836d vm_ip=0x716a80d12cd0 vm_ip_off=0x312cd0 vm_flags=0xfbf79ddb vm_state=0xf9f3eb74 vm_byte=0x3a target=0x716a80a9af18 target_off=0x9af18
[DISPATCH] site=0xcdac7 count=250 slot=0x716a80ac40c8 slot_off=0xc40c8 idx=0x9b0 frame=0x716a80a7836d frame_off=0x7836d vm_ip=0x716a80d12f26 vm_ip_off=0x312f26 vm_flags=0x4b8eb2de vm_state=0x7b1c5e5e vm_byte=0x3a target=0x716a80ab8556 target_off=0xb8556
[DISPATCH] site=0xcdac7 count=251 slot=0x716a80ac40c8 slot_off=0xc40c8 idx=0x9b0 frame=0x716a80a7836d frame_off=0x7836d vm_ip=0x716a80d13169 vm_ip_off=0x313169 vm_flags=0x7afe7fef vm_state=0x727e02a8 vm_byte=0x3a target=0x716a80ab8556 target_off=0xb8556
[DISPATCH] site=0xcdac7 count=252 slot=0x716a80ac3c60 slot_off=0xc3c60 idx=0x548 frame=0x716a80a7836d frame_off=0x7836d vm_ip=0x716a80d1334b vm_ip_off=0x31334b vm_flags=0xce4d8465 vm_state=0x7f3e7f7b vm_byte=0x3a target=0x716a80a9af18 target_off=0x9af18
[DISPATCH] site=0xcdac7 count=253 slot=0x716a80ac3c60 slot_off=0xc3c60 idx=0x548 frame=0x716a80a7836d frame_off=0x7836d vm_ip=0x716a80d135b9 vm_ip_off=0x3135b9 vm_flags=0xc917a90d vm_state=0xc917a90d vm_byte=0x3a target=0x716a80a9af18 target_off=0x9af18
[DISPATCH] site=0xcdac7 count=254 slot=0x716a80ac40c8 slot_off=0xc40c8 idx=0x9b0 frame=0x716a80a7836d frame_off=0x7836d vm_ip=0x716a80d137fc vm_ip_off=0x3137fc vm_flags=0x8df97560 vm_state=0x694cb90f vm_byte=0x3a target=0x716a80ab8556 target_off=0xb8556
[DISPATCH] site=0xcdac7 count=255 slot=0x716a80ac40c8 slot_off=0xc40c8 idx=0x9b0 frame=0x716a80a7836d frame_off=0x7836d vm_ip=0x716a80d139de vm_ip_off=0x3139de vm_flags=0x4a612e32 vm_state=0x5f8f8af3 vm_byte=0x3a target=0x716a80ab8556 target_off=0xb8556
[DISPATCH] site=0xcdac7 count=256 slot=0x716a80ac3c60 slot_off=0xc3c60 idx=0x548 frame=0x716a80a7836d frame_off=0x7836d vm_ip=0x716a80d13c4c vm_ip_off=0x313c4c vm_flags=0x8f70318b vm_state=0xfbfb8b3c vm_byte=0x3a target=0x716a80a9af18 target_off=0x9af18
[DISPATCH] site=0xcdac7 count=257 slot=0x716a80ac3c60 slot_off=0xc3c60 idx=0x548 frame=0x716a80a7836d frame_off=0x7836d vm_ip=0x716a80d13e8f vm_ip_off=0x313e8f vm_flags=0xfed1df96 vm_state=0x58a4dcd6 vm_byte=0x3a target=0x716a80a9af18 target_off=0x9af18
[DISPATCH] site=0xcdac7 count=258 slot=0x716a80ac3c60 slot_off=0xc3c60 idx=0x548 frame=0x716a80a7836d frame_off=0x7836d vm_ip=0x716a80d14071 vm_ip_off=0x314071 vm_flags=0x4ac60206 vm_state=0x5ee7d2fb vm_byte=0x3a target=0x716a80a9af18 target_off=0x9af18
[DISPATCH] site=0xcdac7 count=259 slot=0x716a80ac40c8 slot_off=0xc40c8 idx=0x9b0 frame=0x716a80a7836d frame_off=0x7836d vm_ip=0x716a80d142df vm_ip_off=0x3142df vm_flags=0x861eb185 vm_state=0xdf95e7f4 vm_byte=0x3a target=0x716a80ab8556 target_off=0xb8556
[DISPATCH] site=0xcdac7 count=260 slot=0x716a80ac40c8 slot_off=0xc40c8 idx=0x9b0 frame=0x716a80a7836d frame_off=0x7836d vm_ip=0x716a80d14522 vm_ip_off=0x314522 vm_flags=0x34a042ea vm_state=0x3ce04eeb vm_byte=0x3a target=0x716a80ab8556 target_off=0xb8556
[DISPATCH] site=0xcdac7 count=261 slot=0x716a80ac40c8 slot_off=0xc40c8 idx=0x9b0 frame=0x716a80a7836d frame_off=0x7836d vm_ip=0x716a80d14704 vm_ip_off=0x314704 vm_flags=0xfcdeff37 vm_state=0xfcd60600 vm_byte=0x3a target=0x716a80ab8556 target_off=0xb8556
[DISPATCH] site=0xcdac7 count=262 slot=0x716a80ac3c60 slot_off=0xc3c60 idx=0x548 frame=0x716a80a7836d frame_off=0x7836d vm_ip=0x716a80d14972 vm_ip_off=0x314972 vm_flags=0xf8eeff37 vm_state=0xf8e60910 vm_byte=0x3a target=0x716a80a9af18 target_off=0x9af18
[DISPATCH] site=0xcdac7 count=263 slot=0x716a80ac40c8 slot_off=0xc40c8 idx=0x9b0 frame=0x716a80a7836d frame_off=0x7836d vm_ip=0x716a80d14bb5 vm_ip_off=0x314bb5 vm_flags=0x62662dfb vm_state=0xbffcca14 vm_byte=0x3a target=0x716a80ab8556 target_off=0xb8556
[DISPATCH] site=0xcdac7 count=264 slot=0x716a80ac3c60 slot_off=0xc3c60 idx=0x548 frame=0x716a80a7836d frame_off=0x7836d vm_ip=0x716a80d14d97 vm_ip_off=0x314d97 vm_flags=0xfadf7f2d vm_state=0xf21b0800 vm_byte=0x3a target=0x716a80a9af18 target_off=0x9af18
[DISPATCH] site=0xcdac7 count=265 slot=0x716a80ac40c8 slot_off=0xc40c8 idx=0x9b0 frame=0x716a80a7836d frame_off=0x7836d vm_ip=0x716a80d15005 vm_ip_off=0x315005 vm_flags=0xe34473c6 vm_state=0xe74477c6 vm_byte=0x3a target=0x716a80ab8556 target_off=0xb8556
[DISPATCH] site=0xcdac7 count=266 slot=0x716a80ac40c8 slot_off=0xc40c8 idx=0x9b0 frame=0x716a80a7836d frame_off=0x7836d vm_ip=0x716a80d1522f vm_ip_off=0x31522f vm_flags=0x69b0303a vm_state=0x69145e5a vm_byte=0x3a target=0x716a80ab8556 target_off=0xb8556
[DISPATCH] site=0xcdac7 count=267 slot=0x716a80ac3c60 slot_off=0xc3c60 idx=0x548 frame=0x716a80a7836d frame_off=0x7836d vm_ip=0x716a80d15486 vm_ip_off=0x315486 vm_flags=0x841ab3c5 vm_state=0x841ab3c5 vm_byte=0x3a target=0x716a80a9af18 target_off=0x9af18
[DISPATCH] site=0xcdac7 count=268 slot=0x716a80ac3c60 slot_off=0xc3c60 idx=0x548 frame=0x716a80a7836d frame_off=0x7836d vm_ip=0x716a80d156ca vm_ip_off=0x3156ca vm_flags=0xf613f930 vm_state=0x3ffce85e vm_byte=0x3a target=0x716a80a9af18 target_off=0x9af18
[DISPATCH] site=0xcdac7 count=269 slot=0x716a80ac3c60 slot_off=0xc3c60 idx=0x548 frame=0x716a80a7836d frame_off=0x7836d vm_ip=0x716a80d15969 vm_ip_off=0x315969 vm_flags=0x2ab32381 vm_state=0x2af72783 vm_byte=0x3a target=0x716a80a9af18 target_off=0x9af18
[DISPATCH] site=0xcdac7 count=270 slot=0x716a80ac3c60 slot_off=0xc3c60 idx=0x548 frame=0x716a80a7836d frame_off=0x7836d vm_ip=0x716a80d15bbf vm_ip_off=0x315bbf vm_flags=0x6e5d9892 vm_state=0x4000d60c vm_byte=0x3a target=0x716a80a9af18 target_off=0x9af18
[DISPATCH] site=0xcdac7 count=271 slot=0x716a80ac40c8 slot_off=0xc40c8 idx=0x9b0 frame=0x716a80a7836d frame_off=0x7836d vm_ip=0x716a80d10ca5 vm_ip_off=0x310ca5 vm_flags=0x148226cc vm_state=0xffaffb65 vm_byte=0x3a target=0x716a80ab8556 target_off=0xb8556
[DISPATCH] site=0xcdac7 count=272 slot=0x716a80ac40c8 slot_off=0xc40c8 idx=0x9b0 frame=0x716a80a7836d frame_off=0x7836d vm_ip=0x716a80d10ef0 vm_ip_off=0x310ef0 vm_flags=0x14100010 vm_state=0x3f0612b2 vm_byte=0x3a target=0x716a80ab8556 target_off=0xb8556
[DISPATCH] site=0xcdac7 count=273 slot=0x716a80ac3c60 slot_off=0xc3c60 idx=0x548 frame=0x716a80a7836d frame_off=0x7836d vm_ip=0x716a80d11163 vm_ip_off=0x311163 vm_flags=0xc83095f0 vm_state=0x400110fe vm_byte=0x3a target=0x716a80a9af18 target_off=0x9af18
[DISPATCH] site=0xcdac7 count=274 slot=0x716a80ac3c60 slot_off=0xc3c60 idx=0x548 frame=0x716a80a7836d frame_off=0x7836d vm_ip=0x716a80d113a5 vm_ip_off=0x3113a5 vm_flags=0x7adeff2e vm_state=0x78de0800 vm_byte=0x3a target=0x716a80a9af18 target_off=0x9af18
[DISPATCH] site=0xcdac7 count=275 slot=0x716a80ac40c8 slot_off=0xc40c8 idx=0x9b0 frame=0x716a80a7836d frame_off=0x7836d vm_ip=0x716a80d115e7 vm_ip_off=0x3115e7 vm_flags=0x2948 vm_state=0x2948 vm_byte=0x3a target=0x716a80ab8556 target_off=0xb8556
[DISPATCH] site=0xcdac7 count=276 slot=0x716a80ac3c60 slot_off=0xc3c60 idx=0x548 frame=0x716a80a7836d frame_off=0x7836d vm_ip=0x716a80d11829 vm_ip_off=0x311829 vm_flags=0x3acddfde vm_state=0x585c5c02 vm_byte=0x3a target=0x716a80a9af18 target_off=0x9af18
[DISPATCH] site=0xcdac7 count=277 slot=0x716a80ac3c60 slot_off=0xc3c60 idx=0x548 frame=0x716a80a7836d frame_off=0x7836d vm_ip=0x716a80d11a6b vm_ip_off=0x311a6b vm_flags=0xef1b287 vm_state=0x69145f5a vm_byte=0x3a target=0x716a80a9af18 target_off=0x9af18
[DISPATCH] site=0xcdac7 count=278 slot=0x716a80ac40c8 slot_off=0xc40c8 idx=0x9b0 frame=0x716a80a7836d frame_off=0x7836d vm_ip=0x716a80d11cad vm_ip_off=0x311cad vm_flags=0x524c03c5 vm_state=0x7df7dfda vm_byte=0x3a target=0x716a80ab8556 target_off=0xb8556
[DISPATCH] site=0xcdac7 count=279 slot=0x716a80ac40c8 slot_off=0xc40c8 idx=0x9b0 frame=0x716a80a7836d frame_off=0x7836d vm_ip=0x716a80d11f69 vm_ip_off=0x311f69 vm_flags=0x8e78f1da vm_state=0xeb377ffe vm_byte=0x3a target=0x716a80ab8556 target_off=0xb8556
[DISPATCH] site=0xcdac7 count=280 slot=0x716a80ac40c8 slot_off=0xc40c8 idx=0x9b0 frame=0x716a80a7836d frame_off=0x7836d vm_ip=0x716a80d1223a vm_ip_off=0x31223a vm_flags=0x8e4e0de5 vm_state=0x7bd7fefb vm_byte=0x3a target=0x716a80ab8556 target_off=0xb8556
[DISPATCH] site=0xcdac7 count=281 slot=0x716a80ac3c60 slot_off=0xc3c60 idx=0x548 frame=0x716a80a7836d frame_off=0x7836d vm_ip=0x716a80d12464 vm_ip_off=0x312464 vm_flags=0x347541db vm_state=0x69945ffa vm_byte=0x3a target=0x716a80a9af18 target_off=0x9af18
[DISPATCH] site=0xcdac7 count=282 slot=0x716a80ac40c8 slot_off=0xc40c8 idx=0x9b0 frame=0x716a80a7836d frame_off=0x7836d vm_ip=0x716a80d1268e vm_ip_off=0x31268e vm_flags=0x5675bb90 vm_state=0xffc76ef9 vm_byte=0x3a target=0x716a80ab8556 target_off=0xb8556
[DISPATCH] site=0xcdac7 count=283 slot=0x716a80ac3c60 slot_off=0xc3c60 idx=0x548 frame=0x716a80a7836d frame_off=0x7836d vm_ip=0x716a80d12868 vm_ip_off=0x312868 vm_flags=0x221c12 vm_state=0x3f06a742 vm_byte=0x3a target=0x716a80a9af18 target_off=0x9af18
[DISPATCH] site=0xcdac7 count=284 slot=0x716a80ac3c60 slot_off=0xc3c60 idx=0x548 frame=0x716a80a7836d frame_off=0x7836d vm_ip=0x716a80d12aee vm_ip_off=0x312aee vm_flags=0x8e3c0ca2 vm_state=0x6f95fefa vm_byte=0x3a target=0x716a80a9af18 target_off=0x9af18
[DISPATCH] site=0xcdac7 count=285 slot=0x716a80ac3c60 slot_off=0xc3c60 idx=0x548 frame=0x716a80a7836d frame_off=0x7836d vm_ip=0x716a80d12cd0 vm_ip_off=0x312cd0 vm_flags=0xfbf79ddb vm_state=0xf9f3eb74 vm_byte=0x3a target=0x716a80a9af18 target_off=0x9af18
[DISPATCH] site=0xcdac7 count=286 slot=0x716a80ac40c8 slot_off=0xc40c8 idx=0x9b0 frame=0x716a80a7836d frame_off=0x7836d vm_ip=0x716a80d12f26 vm_ip_off=0x312f26 vm_flags=0x4b8eb2de vm_state=0x7b1c5e5e vm_byte=0x3a target=0x716a80ab8556 target_off=0xb8556
[DISPATCH] site=0xcdac7 count=287 slot=0x716a80ac40c8 slot_off=0xc40c8 idx=0x9b0 frame=0x716a80a7836d frame_off=0x7836d vm_ip=0x716a80d13169 vm_ip_off=0x313169 vm_flags=0x7afe7fef vm_state=0x727e02a8 vm_byte=0x3a target=0x716a80ab8556 target_off=0xb8556
[DISPATCH] site=0xcdac7 count=288 slot=0x716a80ac3c60 slot_off=0xc3c60 idx=0x548 frame=0x716a80a7836d frame_off=0x7836d vm_ip=0x716a80d1334b vm_ip_off=0x31334b vm_flags=0xce4d8465 vm_state=0x7f3e7f7b vm_byte=0x3a target=0x716a80a9af18 target_off=0x9af18
[DISPATCH] site=0xcdac7 count=289 slot=0x716a80ac3c60 slot_off=0xc3c60 idx=0x548 frame=0x716a80a7836d frame_off=0x7836d vm_ip=0x716a80d135b9 vm_ip_off=0x3135b9 vm_flags=0xc917a90d vm_state=0xc917a90d vm_byte=0x3a target=0x716a80a9af18 target_off=0x9af18
[DISPATCH] site=0xcdac7 count=290 slot=0x716a80ac40c8 slot_off=0xc40c8 idx=0x9b0 frame=0x716a80a7836d frame_off=0x7836d vm_ip=0x716a80d137fc vm_ip_off=0x3137fc vm_flags=0x8df97560 vm_state=0x694cb90f vm_byte=0x3a target=0x716a80ab8556 target_off=0xb8556
[DISPATCH] site=0xcdac7 count=291 slot=0x716a80ac40c8 slot_off=0xc40c8 idx=0x9b0 frame=0x716a80a7836d frame_off=0x7836d vm_ip=0x716a80d139de vm_ip_off=0x3139de vm_flags=0x4a612e32 vm_state=0x5f8f8af3 vm_byte=0x3a target=0x716a80ab8556 target_off=0xb8556
[DISPATCH] site=0xcdac7 count=292 slot=0x716a80ac3c60 slot_off=0xc3c60 idx=0x548 frame=0x716a80a7836d frame_off=0x7836d vm_ip=0x716a80d13c4c vm_ip_off=0x313c4c vm_flags=0x8f70318b vm_state=0xfbfb8b3c vm_byte=0x3a target=0x716a80a9af18 target_off=0x9af18
[DISPATCH] site=0xcdac7 count=293 slot=0x716a80ac3c60 slot_off=0xc3c60 idx=0x548 frame=0x716a80a7836d frame_off=0x7836d vm_ip=0x716a80d13e8f vm_ip_off=0x313e8f vm_flags=0xfed1df96 vm_state=0x58a4dcd6 vm_byte=0x3a target=0x716a80a9af18 target_off=0x9af18
[DISPATCH] site=0xcdac7 count=294 slot=0x716a80ac3c60 slot_off=0xc3c60 idx=0x548 frame=0x716a80a7836d frame_off=0x7836d vm_ip=0x716a80d14071 vm_ip_off=0x314071 vm_flags=0x4ac60206 vm_state=0x5ee7d2fb vm_byte=0x3a target=0x716a80a9af18 target_off=0x9af18
[DISPATCH] site=0xcdac7 count=295 slot=0x716a80ac40c8 slot_off=0xc40c8 idx=0x9b0 frame=0x716a80a7836d frame_off=0x7836d vm_ip=0x716a80d142df vm_ip_off=0x3142df vm_flags=0x861eb185 vm_state=0xdf95e7f4 vm_byte=0x3a target=0x716a80ab8556 target_off=0xb8556
[DISPATCH] site=0xcdac7 count=296 slot=0x716a80ac40c8 slot_off=0xc40c8 idx=0x9b0 frame=0x716a80a7836d frame_off=0x7836d vm_ip=0x716a80d14522 vm_ip_off=0x314522 vm_flags=0x34a042ea vm_state=0x3ce04eeb vm_byte=0x3a target=0x716a80ab8556 target_off=0xb8556
[DISPATCH] site=0xcdac7 count=297 slot=0x716a80ac40c8 slot_off=0xc40c8 idx=0x9b0 frame=0x716a80a7836d frame_off=0x7836d vm_ip=0x716a80d14704 vm_ip_off=0x314704 vm_flags=0xfcdeff37 vm_state=0xfcd60600 vm_byte=0x3a target=0x716a80ab8556 target_off=0xb8556
[DISPATCH] site=0xcdac7 count=298 slot=0x716a80ac3c60 slot_off=0xc3c60 idx=0x548 frame=0x716a80a7836d frame_off=0x7836d vm_ip=0x716a80d14972 vm_ip_off=0x314972 vm_flags=0xf8eeff37 vm_state=0xf8e60910 vm_byte=0x3a target=0x716a80a9af18 target_off=0x9af18
[DISPATCH] site=0xcdac7 count=299 slot=0x716a80ac40c8 slot_off=0xc40c8 idx=0x9b0 frame=0x716a80a7836d frame_off=0x7836d vm_ip=0x716a80d14bb5 vm_ip_off=0x314bb5 vm_flags=0x62662dfb vm_state=0xbffcca14 vm_byte=0x3a target=0x716a80ab8556 target_off=0xb8556
[DISPATCH] site=0xcdac7 count=300 slot=0x716a80ac3c60 slot_off=0xc3c60 idx=0x548 frame=0x716a80a7836d frame_off=0x7836d vm_ip=0x716a80d14d97 vm_ip_off=0x314d97 vm_flags=0xfadf7f2d vm_state=0xf21b0800 vm_byte=0x3a target=0x716a80a9af18 target_off=0x9af18
[DISPATCH] site=0xcdac7 count=301 slot=0x716a80ac40c8 slot_off=0xc40c8 idx=0x9b0 frame=0x716a80a7836d frame_off=0x7836d vm_ip=0x716a80d15005 vm_ip_off=0x315005 vm_flags=0xe34473c6 vm_state=0xe74477c6 vm_byte=0x3a target=0x716a80ab8556 target_off=0xb8556
[DISPATCH] site=0xcdac7 count=302 slot=0x716a80ac40c8 slot_off=0xc40c8 idx=0x9b0 frame=0x716a80a7836d frame_off=0x7836d vm_ip=0x716a80d1522f vm_ip_off=0x31522f vm_flags=0x69b0303a vm_state=0x69145e5a vm_byte=0x3a target=0x716a80ab8556 target_off=0xb8556
[DISPATCH] site=0xcdac7 count=303 slot=0x716a80ac3c60 slot_off=0xc3c60 idx=0x548 frame=0x716a80a7836d frame_off=0x7836d vm_ip=0x716a80d15486 vm_ip_off=0x315486 vm_flags=0x841ab3c5 vm_state=0x841ab3c5 vm_byte=0x3a target=0x716a80a9af18 target_off=0x9af18
[DISPATCH] site=0xcdac7 count=304 slot=0x716a80ac3c60 slot_off=0xc3c60 idx=0x548 frame=0x716a80a7836d frame_off=0x7836d vm_ip=0x716a80d156ca vm_ip_off=0x3156ca vm_flags=0xf613f930 vm_state=0x3ffce85e vm_byte=0x3a target=0x716a80a9af18 target_off=0x9af18
[DISPATCH] site=0xcdac7 count=305 slot=0x716a80ac3c60 slot_off=0xc3c60 idx=0x548 frame=0x716a80a7836d frame_off=0x7836d vm_ip=0x716a80d15969 vm_ip_off=0x315969 vm_flags=0x2ab32381 vm_state=0x2af72783 vm_byte=0x3a target=0x716a80a9af18 target_off=0x9af18
[DISPATCH] site=0xcdac7 count=306 slot=0x716a80ac3c60 slot_off=0xc3c60 idx=0x548 frame=0x716a80a7836d frame_off=0x7836d vm_ip=0x716a80d15bbf vm_ip_off=0x315bbf vm_flags=0x6e5d9892 vm_state=0x4000d60c vm_byte=0x3a target=0x716a80a9af18 target_off=0x9af18
[DISPATCH] site=0xcdac7 count=307 slot=0x716a80ac40c8 slot_off=0xc40c8 idx=0x9b0 frame=0x716a80a7836d frame_off=0x7836d vm_ip=0x716a80d10ca5 vm_ip_off=0x310ca5 vm_flags=0x148226cc vm_state=0xffaffb65 vm_byte=0x3a target=0x716a80ab8556 target_off=0xb8556
[DISPATCH] site=0xcdac7 count=308 slot=0x716a80ac40c8 slot_off=0xc40c8 idx=0x9b0 frame=0x716a80a7836d frame_off=0x7836d vm_ip=0x716a80d10ef0 vm_ip_off=0x310ef0 vm_flags=0x14100010 vm_state=0x3f0612b2 vm_byte=0x3a target=0x716a80ab8556 target_off=0xb8556
[DISPATCH] site=0xcdac7 count=309 slot=0x716a80ac3c60 slot_off=0xc3c60 idx=0x548 frame=0x716a80a7836d frame_off=0x7836d vm_ip=0x716a80d11163 vm_ip_off=0x311163 vm_flags=0xc83095f0 vm_state=0x400110fe vm_byte=0x3a target=0x716a80a9af18 target_off=0x9af18
[DISPATCH] site=0xcdac7 count=310 slot=0x716a80ac3c60 slot_off=0xc3c60 idx=0x548 frame=0x716a80a7836d frame_off=0x7836d vm_ip=0x716a80d113a5 vm_ip_off=0x3113a5 vm_flags=0x7adeff2e vm_state=0x78de0800 vm_byte=0x3a target=0x716a80a9af18 target_off=0x9af18
[DISPATCH] site=0xcdac7 count=311 slot=0x716a80ac40c8 slot_off=0xc40c8 idx=0x9b0 frame=0x716a80a7836d frame_off=0x7836d vm_ip=0x716a80d115e7 vm_ip_off=0x3115e7 vm_flags=0x2948 vm_state=0x2948 vm_byte=0x3a target=0x716a80ab8556 target_off=0xb8556
[DISPATCH] site=0xcdac7 count=312 slot=0x716a80ac3c60 slot_off=0xc3c60 idx=0x548 frame=0x716a80a7836d frame_off=0x7836d vm_ip=0x716a80d11829 vm_ip_off=0x311829 vm_flags=0x3acddfde vm_state=0x585c5c02 vm_byte=0x3a target=0x716a80a9af18 target_off=0x9af18
[DISPATCH] site=0xcdac7 count=313 slot=0x716a80ac3c60 slot_off=0xc3c60 idx=0x548 frame=0x716a80a7836d frame_off=0x7836d vm_ip=0x716a80d11a6b vm_ip_off=0x311a6b vm_flags=0xef1b287 vm_state=0x69145f5a vm_byte=0x3a target=0x716a80a9af18 target_off=0x9af18
[DISPATCH] site=0xcdac7 count=314 slot=0x716a80ac40c8 slot_off=0xc40c8 idx=0x9b0 frame=0x716a80a7836d frame_off=0x7836d vm_ip=0x716a80d11cad vm_ip_off=0x311cad vm_flags=0x524c03c5 vm_state=0x7df7dfda vm_byte=0x3a target=0x716a80ab8556 target_off=0xb8556
[DISPATCH] site=0xcdac7 count=315 slot=0x716a80ac40c8 slot_off=0xc40c8 idx=0x9b0 frame=0x716a80a7836d frame_off=0x7836d vm_ip=0x716a80d11f69 vm_ip_off=0x311f69 vm_flags=0x8e78f1da vm_state=0xeb377ffe vm_byte=0x3a target=0x716a80ab8556 target_off=0xb8556
[DISPATCH] site=0xcdac7 count=316 slot=0x716a80ac40c8 slot_off=0xc40c8 idx=0x9b0 frame=0x716a80a7836d frame_off=0x7836d vm_ip=0x716a80d1223a vm_ip_off=0x31223a vm_flags=0x8e4e0de5 vm_state=0x7bd7fefb vm_byte=0x3a target=0x716a80ab8556 target_off=0xb8556
[DISPATCH] site=0xcdac7 count=317 slot=0x716a80ac3c60 slot_off=0xc3c60 idx=0x548 frame=0x716a80a7836d frame_off=0x7836d vm_ip=0x716a80d12464 vm_ip_off=0x312464 vm_flags=0x347541db vm_state=0x69945ffa vm_byte=0x3a target=0x716a80a9af18 target_off=0x9af18
[DISPATCH] site=0xcdac7 count=318 slot=0x716a80ac40c8 slot_off=0xc40c8 idx=0x9b0 frame=0x716a80a7836d frame_off=0x7836d vm_ip=0x716a80d1268e vm_ip_off=0x31268e vm_flags=0x5675bb90 vm_state=0xffc76ef9 vm_byte=0x3a target=0x716a80ab8556 target_off=0xb8556
[DISPATCH] site=0xcdac7 count=319 slot=0x716a80ac3c60 slot_off=0xc3c60 idx=0x548 frame=0x716a80a7836d frame_off=0x7836d vm_ip=0x716a80d12868 vm_ip_off=0x312868 vm_flags=0x221c12 vm_state=0x3f06a742 vm_byte=0x3a target=0x716a80a9af18 target_off=0x9af18
[DISPATCH] site=0xcdac7 count=320 slot=0x716a80ac3c60 slot_off=0xc3c60 idx=0x548 frame=0x716a80a7836d frame_off=0x7836d vm_ip=0x716a80d12aee vm_ip_off=0x312aee vm_flags=0x8e3c0ca2 vm_state=0x6f95fefa vm_byte=0x3a target=0x716a80a9af18 target_off=0x9af18
[DISPATCH] site=0xcdac7 count=321 slot=0x716a80ac3c60 slot_off=0xc3c60 idx=0x548 frame=0x716a80a7836d frame_off=0x7836d vm_ip=0x716a80d12cd0 vm_ip_off=0x312cd0 vm_flags=0xfbf79ddb vm_state=0xf9f3eb74 vm_byte=0x3a target=0x716a80a9af18 target_off=0x9af18
[DISPATCH] site=0xcdac7 count=322 slot=0x716a80ac40c8 slot_off=0xc40c8 idx=0x9b0 frame=0x716a80a7836d frame_off=0x7836d vm_ip=0x716a80d12f26 vm_ip_off=0x312f26 vm_flags=0x4b8eb2de vm_state=0x7b1c5e5e vm_byte=0x3a target=0x716a80ab8556 target_off=0xb8556
[DISPATCH] site=0xcdac7 count=323 slot=0x716a80ac40c8 slot_off=0xc40c8 idx=0x9b0 frame=0x716a80a7836d frame_off=0x7836d vm_ip=0x716a80d13169 vm_ip_off=0x313169 vm_flags=0x7afe7fef vm_state=0x727e02a8 vm_byte=0x3a target=0x716a80ab8556 target_off=0xb8556
[DISPATCH] site=0xcdac7 count=324 slot=0x716a80ac3c60 slot_off=0xc3c60 idx=0x548 frame=0x716a80a7836d frame_off=0x7836d vm_ip=0x716a80d1334b vm_ip_off=0x31334b vm_flags=0xce4d8465 vm_state=0x7f3e7f7b vm_byte=0x3a target=0x716a80a9af18 target_off=0x9af18
[DISPATCH] site=0xcdac7 count=325 slot=0x716a80ac3c60 slot_off=0xc3c60 idx=0x548 frame=0x716a80a7836d frame_off=0x7836d vm_ip=0x716a80d135b9 vm_ip_off=0x3135b9 vm_flags=0xc917a90d vm_state=0xc917a90d vm_byte=0x3a target=0x716a80a9af18 target_off=0x9af18
[DISPATCH] site=0xcdac7 count=326 slot=0x716a80ac40c8 slot_off=0xc40c8 idx=0x9b0 frame=0x716a80a7836d frame_off=0x7836d vm_ip=0x716a80d137fc vm_ip_off=0x3137fc vm_flags=0x8df97560 vm_state=0x694cb90f vm_byte=0x3a target=0x716a80ab8556 target_off=0xb8556
[DISPATCH] site=0xcdac7 count=327 slot=0x716a80ac40c8 slot_off=0xc40c8 idx=0x9b0 frame=0x716a80a7836d frame_off=0x7836d vm_ip=0x716a80d139de vm_ip_off=0x3139de vm_flags=0x4a612e32 vm_state=0x5f8f8af3 vm_byte=0x3a target=0x716a80ab8556 target_off=0xb8556
[DISPATCH] site=0xcdac7 count=328 slot=0x716a80ac3c60 slot_off=0xc3c60 idx=0x548 frame=0x716a80a7836d frame_off=0x7836d vm_ip=0x716a80d13c4c vm_ip_off=0x313c4c vm_flags=0x8f70318b vm_state=0xfbfb8b3c vm_byte=0x3a target=0x716a80a9af18 target_off=0x9af18
[DISPATCH] site=0xcdac7 count=329 slot=0x716a80ac3c60 slot_off=0xc3c60 idx=0x548 frame=0x716a80a7836d frame_off=0x7836d vm_ip=0x716a80d13e8f vm_ip_off=0x313e8f vm_flags=0xfed1df96 vm_state=0x58a4dcd6 vm_byte=0x3a target=0x716a80a9af18 target_off=0x9af18
[DISPATCH] site=0xcdac7 count=330 slot=0x716a80ac3c60 slot_off=0xc3c60 idx=0x548 frame=0x716a80a7836d frame_off=0x7836d vm_ip=0x716a80d14071 vm_ip_off=0x314071 vm_flags=0x4ac60206 vm_state=0x5ee7d2fb vm_byte=0x3a target=0x716a80a9af18 target_off=0x9af18
[DISPATCH] site=0xcdac7 count=331 slot=0x716a80ac40c8 slot_off=0xc40c8 idx=0x9b0 frame=0x716a80a7836d frame_off=0x7836d vm_ip=0x716a80d142df vm_ip_off=0x3142df vm_flags=0x861eb185 vm_state=0xdf95e7f4 vm_byte=0x3a target=0x716a80ab8556 target_off=0xb8556
[DISPATCH] site=0xcdac7 count=332 slot=0x716a80ac40c8 slot_off=0xc40c8 idx=0x9b0 frame=0x716a80a7836d frame_off=0x7836d vm_ip=0x716a80d14522 vm_ip_off=0x314522 vm_flags=0x34a042ea vm_state=0x3ce04eeb vm_byte=0x3a target=0x716a80ab8556 target_off=0xb8556
[DISPATCH] site=0xcdac7 count=333 slot=0x716a80ac40c8 slot_off=0xc40c8 idx=0x9b0 frame=0x716a80a7836d frame_off=0x7836d vm_ip=0x716a80d14704 vm_ip_off=0x314704 vm_flags=0xfcdeff37 vm_state=0xfcd60600 vm_byte=0x3a target=0x716a80ab8556 target_off=0xb8556
[DISPATCH] site=0xcdac7 count=334 slot=0x716a80ac3c60 slot_off=0xc3c60 idx=0x548 frame=0x716a80a7836d frame_off=0x7836d vm_ip=0x716a80d14972 vm_ip_off=0x314972 vm_flags=0xf8eeff37 vm_state=0xf8e60910 vm_byte=0x3a target=0x716a80a9af18 target_off=0x9af18
[DISPATCH] site=0xcdac7 count=335 slot=0x716a80ac40c8 slot_off=0xc40c8 idx=0x9b0 frame=0x716a80a7836d frame_off=0x7836d vm_ip=0x716a80d14bb5 vm_ip_off=0x314bb5 vm_flags=0x62662dfb vm_state=0xbffcca14 vm_byte=0x3a target=0x716a80ab8556 target_off=0xb8556
[DISPATCH] site=0xcdac7 count=336 slot=0x716a80ac3c60 slot_off=0xc3c60 idx=0x548 frame=0x716a80a7836d frame_off=0x7836d vm_ip=0x716a80d14d97 vm_ip_off=0x314d97 vm_flags=0xfadf7f2d vm_state=0xf21b0800 vm_byte=0x3a target=0x716a80a9af18 target_off=0x9af18
[DISPATCH] site=0xcdac7 count=337 slot=0x716a80ac40c8 slot_off=0xc40c8 idx=0x9b0 frame=0x716a80a7836d frame_off=0x7836d vm_ip=0x716a80d15005 vm_ip_off=0x315005 vm_flags=0xe34473c6 vm_state=0xe74477c6 vm_byte=0x3a target=0x716a80ab8556 target_off=0xb8556
[DISPATCH] site=0xcdac7 count=338 slot=0x716a80ac40c8 slot_off=0xc40c8 idx=0x9b0 frame=0x716a80a7836d frame_off=0x7836d vm_ip=0x716a80d1522f vm_ip_off=0x31522f vm_flags=0x69b0303a vm_state=0x69145e5a vm_byte=0x3a target=0x716a80ab8556 target_off=0xb8556
[DISPATCH] site=0xcdac7 count=339 slot=0x716a80ac3c60 slot_off=0xc3c60 idx=0x548 frame=0x716a80a7836d frame_off=0x7836d vm_ip=0x716a80d15486 vm_ip_off=0x315486 vm_flags=0x841ab3c5 vm_state=0x841ab3c5 vm_byte=0x3a target=0x716a80a9af18 target_off=0x9af18
[DISPATCH] site=0xcdac7 count=340 slot=0x716a80ac3c60 slot_off=0xc3c60 idx=0x548 frame=0x716a80a7836d frame_off=0x7836d vm_ip=0x716a80d156ca vm_ip_off=0x3156ca vm_flags=0xf613f930 vm_state=0x3ffce85e vm_byte=0x3a target=0x716a80a9af18 target_off=0x9af18
[DISPATCH] site=0xcdac7 count=341 slot=0x716a80ac3c60 slot_off=0xc3c60 idx=0x548 frame=0x716a80a7836d frame_off=0x7836d vm_ip=0x716a80d15969 vm_ip_off=0x315969 vm_flags=0x2ab32381 vm_state=0x2af72783 vm_byte=0x3a target=0x716a80a9af18 target_off=0x9af18
[DISPATCH] site=0xcdac7 count=342 slot=0x716a80ac3c60 slot_off=0xc3c60 idx=0x548 frame=0x716a80a7836d frame_off=0x7836d vm_ip=0x716a80d15bbf vm_ip_off=0x315bbf vm_flags=0x6e5d9892 vm_state=0x4000d60c vm_byte=0x3a target=0x716a80a9af18 target_off=0x9af18
[DISPATCH] site=0xcdac7 count=343 slot=0x716a80ac40c8 slot_off=0xc40c8 idx=0x9b0 frame=0x716a80a7836d frame_off=0x7836d vm_ip=0x716a80d10ca5 vm_ip_off=0x310ca5 vm_flags=0x148226cc vm_state=0xffaffb65 vm_byte=0x3a target=0x716a80ab8556 target_off=0xb8556
[DISPATCH] site=0xcdac7 count=344 slot=0x716a80ac40c8 slot_off=0xc40c8 idx=0x9b0 frame=0x716a80a7836d frame_off=0x7836d vm_ip=0x716a80d10ef0 vm_ip_off=0x310ef0 vm_flags=0x14100010 vm_state=0x3f0612b2 vm_byte=0x3a target=0x716a80ab8556 target_off=0xb8556
[DISPATCH] site=0xcdac7 count=345 slot=0x716a80ac3c60 slot_off=0xc3c60 idx=0x548 frame=0x716a80a7836d frame_off=0x7836d vm_ip=0x716a80d11163 vm_ip_off=0x311163 vm_flags=0xc83095f0 vm_state=0x400110fe vm_byte=0x3a target=0x716a80a9af18 target_off=0x9af18
[DISPATCH] site=0xcdac7 count=346 slot=0x716a80ac3c60 slot_off=0xc3c60 idx=0x548 frame=0x716a80a7836d frame_off=0x7836d vm_ip=0x716a80d113a5 vm_ip_off=0x3113a5 vm_flags=0x7adeff2e vm_state=0x78de0800 vm_byte=0x3a target=0x716a80a9af18 target_off=0x9af18
[DISPATCH] site=0xcdac7 count=347 slot=0x716a80ac40c8 slot_off=0xc40c8 idx=0x9b0 frame=0x716a80a7836d frame_off=0x7836d vm_ip=0x716a80d115e7 vm_ip_off=0x3115e7 vm_flags=0x2948 vm_state=0x2948 vm_byte=0x3a target=0x716a80ab8556 target_off=0xb8556
[DISPATCH] site=0xcdac7 count=348 slot=0x716a80ac3c60 slot_off=0xc3c60 idx=0x548 frame=0x716a80a7836d frame_off=0x7836d vm_ip=0x716a80d11829 vm_ip_off=0x311829 vm_flags=0x3acddfde vm_state=0x585c5c02 vm_byte=0x3a target=0x716a80a9af18 target_off=0x9af18
[DISPATCH] site=0xcdac7 count=349 slot=0x716a80ac3c60 slot_off=0xc3c60 idx=0x548 frame=0x716a80a7836d frame_off=0x7836d vm_ip=0x716a80d11a6b vm_ip_off=0x311a6b vm_flags=0xef1b287 vm_state=0x69145f5a vm_byte=0x3a target=0x716a80a9af18 target_off=0x9af18
[DISPATCH] site=0xcdac7 count=350 slot=0x716a80ac40c8 slot_off=0xc40c8 idx=0x9b0 frame=0x716a80a7836d frame_off=0x7836d vm_ip=0x716a80d11cad vm_ip_off=0x311cad vm_flags=0x524c03c5 vm_state=0x7df7dfda vm_byte=0x3a target=0x716a80ab8556 target_off=0xb8556
[DISPATCH] site=0xcdac7 count=351 slot=0x716a80ac40c8 slot_off=0xc40c8 idx=0x9b0 frame=0x716a80a7836d frame_off=0x7836d vm_ip=0x716a80d11f69 vm_ip_off=0x311f69 vm_flags=0x8e78f1da vm_state=0xeb377ffe vm_byte=0x3a target=0x716a80ab8556 target_off=0xb8556
[DISPATCH] site=0xcdac7 count=352 slot=0x716a80ac40c8 slot_off=0xc40c8 idx=0x9b0 frame=0x716a80a7836d frame_off=0x7836d vm_ip=0x716a80d1223a vm_ip_off=0x31223a vm_flags=0x8e4e0de5 vm_state=0x7bd7fefb vm_byte=0x3a target=0x716a80ab8556 target_off=0xb8556
[DISPATCH] site=0xcdac7 count=353 slot=0x716a80ac3c60 slot_off=0xc3c60 idx=0x548 frame=0x716a80a7836d frame_off=0x7836d vm_ip=0x716a80d12464 vm_ip_off=0x312464 vm_flags=0x347541db vm_state=0x69945ffa vm_byte=0x3a target=0x716a80a9af18 target_off=0x9af18
[DISPATCH] site=0xcdac7 count=354 slot=0x716a80ac40c8 slot_off=0xc40c8 idx=0x9b0 frame=0x716a80a7836d frame_off=0x7836d vm_ip=0x716a80d1268e vm_ip_off=0x31268e vm_flags=0x5675bb90 vm_state=0xffc76ef9 vm_byte=0x3a target=0x716a80ab8556 target_off=0xb8556
[DISPATCH] site=0xcdac7 count=355 slot=0x716a80ac3c60 slot_off=0xc3c60 idx=0x548 frame=0x716a80a7836d frame_off=0x7836d vm_ip=0x716a80d12868 vm_ip_off=0x312868 vm_flags=0x221c12 vm_state=0x3f06a742 vm_byte=0x3a target=0x716a80a9af18 target_off=0x9af18
[DISPATCH] site=0xcdac7 count=356 slot=0x716a80ac3c60 slot_off=0xc3c60 idx=0x548 frame=0x716a80a7836d frame_off=0x7836d vm_ip=0x716a80d12aee vm_ip_off=0x312aee vm_flags=0x8e3c0ca2 vm_state=0x6f95fefa vm_byte=0x3a target=0x716a80a9af18 target_off=0x9af18
[DISPATCH] site=0xcdac7 count=357 slot=0x716a80ac3c60 slot_off=0xc3c60 idx=0x548 frame=0x716a80a7836d frame_off=0x7836d vm_ip=0x716a80d12cd0 vm_ip_off=0x312cd0 vm_flags=0xfbf79ddb vm_state=0xf9f3eb74 vm_byte=0x3a target=0x716a80a9af18 target_off=0x9af18
[DISPATCH] site=0xcdac7 count=358 slot=0x716a80ac40c8 slot_off=0xc40c8 idx=0x9b0 frame=0x716a80a7836d frame_off=0x7836d vm_ip=0x716a80d12f26 vm_ip_off=0x312f26 vm_flags=0x4b8eb2de vm_state=0x7b1c5e5e vm_byte=0x3a target=0x716a80ab8556 target_off=0xb8556
[DISPATCH] site=0xcdac7 count=359 slot=0x716a80ac40c8 slot_off=0xc40c8 idx=0x9b0 frame=0x716a80a7836d frame_off=0x7836d vm_ip=0x716a80d13169 vm_ip_off=0x313169 vm_flags=0x7afe7fef vm_state=0x727e02a8 vm_byte=0x3a target=0x716a80ab8556 target_off=0xb8556
[DISPATCH] site=0xcdac7 count=360 slot=0x716a80ac3c60 slot_off=0xc3c60 idx=0x548 frame=0x716a80a7836d frame_off=0x7836d vm_ip=0x716a80d1334b vm_ip_off=0x31334b vm_flags=0xce4d8465 vm_state=0x7f3e7f7b vm_byte=0x3a target=0x716a80a9af18 target_off=0x9af18
[DISPATCH] site=0xcdac7 count=361 slot=0x716a80ac3c60 slot_off=0xc3c60 idx=0x548 frame=0x716a80a7836d frame_off=0x7836d vm_ip=0x716a80d135b9 vm_ip_off=0x3135b9 vm_flags=0xc917a90d vm_state=0xc917a90d vm_byte=0x3a target=0x716a80a9af18 target_off=0x9af18
[DISPATCH] site=0xcdac7 count=362 slot=0x716a80ac40c8 slot_off=0xc40c8 idx=0x9b0 frame=0x716a80a7836d frame_off=0x7836d vm_ip=0x716a80d137fc vm_ip_off=0x3137fc vm_flags=0x8df97560 vm_state=0x694cb90f vm_byte=0x3a target=0x716a80ab8556 target_off=0xb8556
[DISPATCH] site=0xcdac7 count=363 slot=0x716a80ac40c8 slot_off=0xc40c8 idx=0x9b0 frame=0x716a80a7836d frame_off=0x7836d vm_ip=0x716a80d139de vm_ip_off=0x3139de vm_flags=0x4a612e32 vm_state=0x5f8f8af3 vm_byte=0x3a target=0x716a80ab8556 target_off=0xb8556
[DISPATCH] site=0xcdac7 count=364 slot=0x716a80ac3c60 slot_off=0xc3c60 idx=0x548 frame=0x716a80a7836d frame_off=0x7836d vm_ip=0x716a80d13c4c vm_ip_off=0x313c4c vm_flags=0x8f70318b vm_state=0xfbfb8b3c vm_byte=0x3a target=0x716a80a9af18 target_off=0x9af18
[DISPATCH] site=0xcdac7 count=365 slot=0x716a80ac3c60 slot_off=0xc3c60 idx=0x548 frame=0x716a80a7836d frame_off=0x7836d vm_ip=0x716a80d13e8f vm_ip_off=0x313e8f vm_flags=0xfed1df96 vm_state=0x58a4dcd6 vm_byte=0x3a target=0x716a80a9af18 target_off=0x9af18
[DISPATCH] site=0xcdac7 count=366 slot=0x716a80ac3c60 slot_off=0xc3c60 idx=0x548 frame=0x716a80a7836d frame_off=0x7836d vm_ip=0x716a80d14071 vm_ip_off=0x314071 vm_flags=0x4ac60206 vm_state=0x5ee7d2fb vm_byte=0x3a target=0x716a80a9af18 target_off=0x9af18
[DISPATCH] site=0xcdac7 count=367 slot=0x716a80ac40c8 slot_off=0xc40c8 idx=0x9b0 frame=0x716a80a7836d frame_off=0x7836d vm_ip=0x716a80d142df vm_ip_off=0x3142df vm_flags=0x861eb185 vm_state=0xdf95e7f4 vm_byte=0x3a target=0x716a80ab8556 target_off=0xb8556
[DISPATCH] site=0xcdac7 count=368 slot=0x716a80ac40c8 slot_off=0xc40c8 idx=0x9b0 frame=0x716a80a7836d frame_off=0x7836d vm_ip=0x716a80d14522 vm_ip_off=0x314522 vm_flags=0x34a042ea vm_state=0x3ce04eeb vm_byte=0x3a target=0x716a80ab8556 target_off=0xb8556
[DISPATCH] site=0xcdac7 count=369 slot=0x716a80ac40c8 slot_off=0xc40c8 idx=0x9b0 frame=0x716a80a7836d frame_off=0x7836d vm_ip=0x716a80d14704 vm_ip_off=0x314704 vm_flags=0xfcdeff37 vm_state=0xfcd60600 vm_byte=0x3a target=0x716a80ab8556 target_off=0xb8556
[DISPATCH] site=0xcdac7 count=370 slot=0x716a80ac3c60 slot_off=0xc3c60 idx=0x548 frame=0x716a80a7836d frame_off=0x7836d vm_ip=0x716a80d14972 vm_ip_off=0x314972 vm_flags=0xf8eeff37 vm_state=0xf8e60910 vm_byte=0x3a target=0x716a80a9af18 target_off=0x9af18
[DISPATCH] site=0xcdac7 count=371 slot=0x716a80ac40c8 slot_off=0xc40c8 idx=0x9b0 frame=0x716a80a7836d frame_off=0x7836d vm_ip=0x716a80d14bb5 vm_ip_off=0x314bb5 vm_flags=0x62662dfb vm_state=0xbffcca14 vm_byte=0x3a target=0x716a80ab8556 target_off=0xb8556
[DISPATCH] site=0xcdac7 count=372 slot=0x716a80ac3c60 slot_off=0xc3c60 idx=0x548 frame=0x716a80a7836d frame_off=0x7836d vm_ip=0x716a80d14d97 vm_ip_off=0x314d97 vm_flags=0xfadf7f2d vm_state=0xf21b0800 vm_byte=0x3a target=0x716a80a9af18 target_off=0x9af18
[DISPATCH] site=0xcdac7 count=373 slot=0x716a80ac40c8 slot_off=0xc40c8 idx=0x9b0 frame=0x716a80a7836d frame_off=0x7836d vm_ip=0x716a80d15005 vm_ip_off=0x315005 vm_flags=0xe34473c6 vm_state=0xe74477c6 vm_byte=0x3a target=0x716a80ab8556 target_off=0xb8556
[DISPATCH] site=0xcdac7 count=374 slot=0x716a80ac40c8 slot_off=0xc40c8 idx=0x9b0 frame=0x716a80a7836d frame_off=0x7836d vm_ip=0x716a80d1522f vm_ip_off=0x31522f vm_flags=0x69b0303a vm_state=0x69145e5a vm_byte=0x3a target=0x716a80ab8556 target_off=0xb8556
[DISPATCH] site=0xcdac7 count=375 slot=0x716a80ac3c60 slot_off=0xc3c60 idx=0x548 frame=0x716a80a7836d frame_off=0x7836d vm_ip=0x716a80d15486 vm_ip_off=0x315486 vm_flags=0x841ab3c5 vm_state=0x841ab3c5 vm_byte=0x3a target=0x716a80a9af18 target_off=0x9af18
[DISPATCH] site=0xcdac7 count=376 slot=0x716a80ac3c60 slot_off=0xc3c60 idx=0x548 frame=0x716a80a7836d frame_off=0x7836d vm_ip=0x716a80d156ca vm_ip_off=0x3156ca vm_flags=0xf613f930 vm_state=0x3ffce85e vm_byte=0x3a target=0x716a80a9af18 target_off=0x9af18
[DISPATCH] site=0xcdac7 count=377 slot=0x716a80ac3c60 slot_off=0xc3c60 idx=0x548 frame=0x716a80a7836d frame_off=0x7836d vm_ip=0x716a80d15969 vm_ip_off=0x315969 vm_flags=0x2ab32381 vm_state=0x2af72783 vm_byte=0x3a target=0x716a80a9af18 target_off=0x9af18
[DISPATCH] site=0xcdac7 count=378 slot=0x716a80ac3c60 slot_off=0xc3c60 idx=0x548 frame=0x716a80a7836d frame_off=0x7836d vm_ip=0x716a80d15bbf vm_ip_off=0x315bbf vm_flags=0x6e5d9892 vm_state=0x4000d60c vm_byte=0x3a target=0x716a80a9af18 target_off=0x9af18
[DISPATCH] site=0xcdac7 count=379 slot=0x716a80ac40c8 slot_off=0xc40c8 idx=0x9b0 frame=0x716a80a7836d frame_off=0x7836d vm_ip=0x716a80d10ca5 vm_ip_off=0x310ca5 vm_flags=0x148226cc vm_state=0xffaffb65 vm_byte=0x3a target=0x716a80ab8556 target_off=0xb8556
[DISPATCH] site=0xcdac7 count=380 slot=0x716a80ac40c8 slot_off=0xc40c8 idx=0x9b0 frame=0x716a80a7836d frame_off=0x7836d vm_ip=0x716a80d10ef0 vm_ip_off=0x310ef0 vm_flags=0x14100010 vm_state=0x3f0612b2 vm_byte=0x3a target=0x716a80ab8556 target_off=0xb8556
[DISPATCH] site=0xcdac7 count=381 slot=0x716a80ac3c60 slot_off=0xc3c60 idx=0x548 frame=0x716a80a7836d frame_off=0x7836d vm_ip=0x716a80d11163 vm_ip_off=0x311163 vm_flags=0xc83095f0 vm_state=0x400110fe vm_byte=0x3a target=0x716a80a9af18 target_off=0x9af18
[DISPATCH] site=0xcdac7 count=382 slot=0x716a80ac3c60 slot_off=0xc3c60 idx=0x548 frame=0x716a80a7836d frame_off=0x7836d vm_ip=0x716a80d113a5 vm_ip_off=0x3113a5 vm_flags=0x7adeff2e vm_state=0x78de0800 vm_byte=0x3a target=0x716a80a9af18 target_off=0x9af18
[DISPATCH] site=0xcdac7 count=383 slot=0x716a80ac40c8 slot_off=0xc40c8 idx=0x9b0 frame=0x716a80a7836d frame_off=0x7836d vm_ip=0x716a80d115e7 vm_ip_off=0x3115e7 vm_flags=0x2948 vm_state=0x2948 vm_byte=0x3a target=0x716a80ab8556 target_off=0xb8556
[DISPATCH] site=0xcdac7 count=384 slot=0x716a80ac3c60 slot_off=0xc3c60 idx=0x548 frame=0x716a80a7836d frame_off=0x7836d vm_ip=0x716a80d11829 vm_ip_off=0x311829 vm_flags=0x3acddfde vm_state=0x585c5c02 vm_byte=0x3a target=0x716a80a9af18 target_off=0x9af18
[DISPATCH] site=0xcdac7 count=385 slot=0x716a80ac3c60 slot_off=0xc3c60 idx=0x548 frame=0x716a80a7836d frame_off=0x7836d vm_ip=0x716a80d11a6b vm_ip_off=0x311a6b vm_flags=0xef1b287 vm_state=0x69145f5a vm_byte=0x3a target=0x716a80a9af18 target_off=0x9af18
[DISPATCH] site=0xcdac7 count=386 slot=0x716a80ac40c8 slot_off=0xc40c8 idx=0x9b0 frame=0x716a80a7836d frame_off=0x7836d vm_ip=0x716a80d11cad vm_ip_off=0x311cad vm_flags=0x524c03c5 vm_state=0x7df7dfda vm_byte=0x3a target=0x716a80ab8556 target_off=0xb8556
[DISPATCH] site=0xcdac7 count=387 slot=0x716a80ac40c8 slot_off=0xc40c8 idx=0x9b0 frame=0x716a80a7836d frame_off=0x7836d vm_ip=0x716a80d11f69 vm_ip_off=0x311f69 vm_flags=0x8e78f1da vm_state=0xeb377ffe vm_byte=0x3a target=0x716a80ab8556 target_off=0xb8556
[DISPATCH] site=0xcdac7 count=388 slot=0x716a80ac40c8 slot_off=0xc40c8 idx=0x9b0 frame=0x716a80a7836d frame_off=0x7836d vm_ip=0x716a80d1223a vm_ip_off=0x31223a vm_flags=0x8e4e0de5 vm_state=0x7bd7fefb vm_byte=0x3a target=0x716a80ab8556 target_off=0xb8556
[DISPATCH] site=0xcdac7 count=389 slot=0x716a80ac3c60 slot_off=0xc3c60 idx=0x548 frame=0x716a80a7836d frame_off=0x7836d vm_ip=0x716a80d12464 vm_ip_off=0x312464 vm_flags=0x347541db vm_state=0x69945ffa vm_byte=0x3a target=0x716a80a9af18 target_off=0x9af18
[DISPATCH] site=0xcdac7 count=390 slot=0x716a80ac40c8 slot_off=0xc40c8 idx=0x9b0 frame=0x716a80a7836d frame_off=0x7836d vm_ip=0x716a80d1268e vm_ip_off=0x31268e vm_flags=0x5675bb90 vm_state=0xffc76ef9 vm_byte=0x3a target=0x716a80ab8556 target_off=0xb8556
[DISPATCH] site=0xcdac7 count=391 slot=0x716a80ac3c60 slot_off=0xc3c60 idx=0x548 frame=0x716a80a7836d frame_off=0x7836d vm_ip=0x716a80d12868 vm_ip_off=0x312868 vm_flags=0x221c12 vm_state=0x3f06a742 vm_byte=0x3a target=0x716a80a9af18 target_off=0x9af18
[DISPATCH] site=0xcdac7 count=392 slot=0x716a80ac3c60 slot_off=0xc3c60 idx=0x548 frame=0x716a80a7836d frame_off=0x7836d vm_ip=0x716a80d12aee vm_ip_off=0x312aee vm_flags=0x8e3c0ca2 vm_state=0x6f95fefa vm_byte=0x3a target=0x716a80a9af18 target_off=0x9af18
[DISPATCH] site=0xcdac7 count=393 slot=0x716a80ac3c60 slot_off=0xc3c60 idx=0x548 frame=0x716a80a7836d frame_off=0x7836d vm_ip=0x716a80d12cd0 vm_ip_off=0x312cd0 vm_flags=0xfbf79ddb vm_state=0xf9f3eb74 vm_byte=0x3a target=0x716a80a9af18 target_off=0x9af18
[DISPATCH] site=0xcdac7 count=394 slot=0x716a80ac40c8 slot_off=0xc40c8 idx=0x9b0 frame=0x716a80a7836d frame_off=0x7836d vm_ip=0x716a80d12f26 vm_ip_off=0x312f26 vm_flags=0x4b8eb2de vm_state=0x7b1c5e5e vm_byte=0x3a target=0x716a80ab8556 target_off=0xb8556
[DISPATCH] site=0xcdac7 count=395 slot=0x716a80ac40c8 slot_off=0xc40c8 idx=0x9b0 frame=0x716a80a7836d frame_off=0x7836d vm_ip=0x716a80d13169 vm_ip_off=0x313169 vm_flags=0x7afe7fef vm_state=0x727e02a8 vm_byte=0x3a target=0x716a80ab8556 target_off=0xb8556
[DISPATCH] site=0xcdac7 count=396 slot=0x716a80ac3c60 slot_off=0xc3c60 idx=0x548 frame=0x716a80a7836d frame_off=0x7836d vm_ip=0x716a80d1334b vm_ip_off=0x31334b vm_flags=0xce4d8465 vm_state=0x7f3e7f7b vm_byte=0x3a target=0x716a80a9af18 target_off=0x9af18
[DISPATCH] site=0xcdac7 count=397 slot=0x716a80ac3c60 slot_off=0xc3c60 idx=0x548 frame=0x716a80a7836d frame_off=0x7836d vm_ip=0x716a80d135b9 vm_ip_off=0x3135b9 vm_flags=0xc917a90d vm_state=0xc917a90d vm_byte=0x3a target=0x716a80a9af18 target_off=0x9af18
[DISPATCH] site=0xcdac7 count=398 slot=0x716a80ac40c8 slot_off=0xc40c8 idx=0x9b0 frame=0x716a80a7836d frame_off=0x7836d vm_ip=0x716a80d137fc vm_ip_off=0x3137fc vm_flags=0x8df97560 vm_state=0x694cb90f vm_byte=0x3a target=0x716a80ab8556 target_off=0xb8556
[DISPATCH] site=0xcdac7 count=399 slot=0x716a80ac40c8 slot_off=0xc40c8 idx=0x9b0 frame=0x716a80a7836d frame_off=0x7836d vm_ip=0x716a80d139de vm_ip_off=0x3139de vm_flags=0x4a612e32 vm_state=0x5f8f8af3 vm_byte=0x3a target=0x716a80ab8556 target_off=0xb8556
[DISPATCH] site=0xcdac7 count=400 slot=0x716a80ac3c60 slot_off=0xc3c60 idx=0x548 frame=0x716a80a7836d frame_off=0x7836d vm_ip=0x716a80d13c4c vm_ip_off=0x313c4c vm_flags=0x8f70318b vm_state=0xfbfb8b3c vm_byte=0x3a target=0x716a80a9af18 target_off=0x9af18
[DISPATCH] site=0xcdac7 count=401 slot=0x716a80ac3c60 slot_off=0xc3c60 idx=0x548 frame=0x716a80a7836d frame_off=0x7836d vm_ip=0x716a80d13e8f vm_ip_off=0x313e8f vm_flags=0xfed1df96 vm_state=0x58a4dcd6 vm_byte=0x3a target=0x716a80a9af18 target_off=0x9af18
[DISPATCH] site=0xcdac7 count=402 slot=0x716a80ac3c60 slot_off=0xc3c60 idx=0x548 frame=0x716a80a7836d frame_off=0x7836d vm_ip=0x716a80d14071 vm_ip_off=0x314071 vm_flags=0x4ac60206 vm_state=0x5ee7d2fb vm_byte=0x3a target=0x716a80a9af18 target_off=0x9af18
[DISPATCH] site=0xcdac7 count=403 slot=0x716a80ac40c8 slot_off=0xc40c8 idx=0x9b0 frame=0x716a80a7836d frame_off=0x7836d vm_ip=0x716a80d142df vm_ip_off=0x3142df vm_flags=0x861eb185 vm_state=0xdf95e7f4 vm_byte=0x3a target=0x716a80ab8556 target_off=0xb8556
[DISPATCH] site=0xcdac7 count=404 slot=0x716a80ac40c8 slot_off=0xc40c8 idx=0x9b0 frame=0x716a80a7836d frame_off=0x7836d vm_ip=0x716a80d14522 vm_ip_off=0x314522 vm_flags=0x34a042ea vm_state=0x3ce04eeb vm_byte=0x3a target=0x716a80ab8556 target_off=0xb8556
[DISPATCH] site=0xcdac7 count=405 slot=0x716a80ac40c8 slot_off=0xc40c8 idx=0x9b0 frame=0x716a80a7836d frame_off=0x7836d vm_ip=0x716a80d14704 vm_ip_off=0x314704 vm_flags=0xfcdeff37 vm_state=0xfcd60600 vm_byte=0x3a target=0x716a80ab8556 target_off=0xb8556
[DISPATCH] site=0xcdac7 count=406 slot=0x716a80ac3c60 slot_off=0xc3c60 idx=0x548 frame=0x716a80a7836d frame_off=0x7836d vm_ip=0x716a80d14972 vm_ip_off=0x314972 vm_flags=0xf8eeff37 vm_state=0xf8e60910 vm_byte=0x3a target=0x716a80a9af18 target_off=0x9af18
[DISPATCH] site=0xcdac7 count=407 slot=0x716a80ac40c8 slot_off=0xc40c8 idx=0x9b0 frame=0x716a80a7836d frame_off=0x7836d vm_ip=0x716a80d14bb5 vm_ip_off=0x314bb5 vm_flags=0x62662dfb vm_state=0xbffcca14 vm_byte=0x3a target=0x716a80ab8556 target_off=0xb8556
[DISPATCH] site=0xcdac7 count=408 slot=0x716a80ac3c60 slot_off=0xc3c60 idx=0x548 frame=0x716a80a7836d frame_off=0x7836d vm_ip=0x716a80d14d97 vm_ip_off=0x314d97 vm_flags=0xfadf7f2d vm_state=0xf21b0800 vm_byte=0x3a target=0x716a80a9af18 target_off=0x9af18
[DISPATCH] site=0xcdac7 count=409 slot=0x716a80ac40c8 slot_off=0xc40c8 idx=0x9b0 frame=0x716a80a7836d frame_off=0x7836d vm_ip=0x716a80d15005 vm_ip_off=0x315005 vm_flags=0xe34473c6 vm_state=0xe74477c6 vm_byte=0x3a target=0x716a80ab8556 target_off=0xb8556
[DISPATCH] site=0xcdac7 count=410 slot=0x716a80ac40c8 slot_off=0xc40c8 idx=0x9b0 frame=0x716a80a7836d frame_off=0x7836d vm_ip=0x716a80d1522f vm_ip_off=0x31522f vm_flags=0x69b0303a vm_state=0x69145e5a vm_byte=0x3a target=0x716a80ab8556 target_off=0xb8556
[DISPATCH] site=0xcdac7 count=411 slot=0x716a80ac3c60 slot_off=0xc3c60 idx=0x548 frame=0x716a80a7836d frame_off=0x7836d vm_ip=0x716a80d15486 vm_ip_off=0x315486 vm_flags=0x841ab3c5 vm_state=0x841ab3c5 vm_byte=0x3a target=0x716a80a9af18 target_off=0x9af18
[DISPATCH] site=0xcdac7 count=412 slot=0x716a80ac3c60 slot_off=0xc3c60 idx=0x548 frame=0x716a80a7836d frame_off=0x7836d vm_ip=0x716a80d156ca vm_ip_off=0x3156ca vm_flags=0xf613f930 vm_state=0x3ffce85e vm_byte=0x3a target=0x716a80a9af18 target_off=0x9af18
[DISPATCH] site=0xcdac7 count=413 slot=0x716a80ac3c60 slot_off=0xc3c60 idx=0x548 frame=0x716a80a7836d frame_off=0x7836d vm_ip=0x716a80d15969 vm_ip_off=0x315969 vm_flags=0x2ab32381 vm_state=0x2af72783 vm_byte=0x3a target=0x716a80a9af18 target_off=0x9af18
[DISPATCH] site=0xcdac7 count=414 slot=0x716a80ac3c60 slot_off=0xc3c60 idx=0x548 frame=0x716a80a7836d frame_off=0x7836d vm_ip=0x716a80d15bbf vm_ip_off=0x315bbf vm_flags=0x6e5d9892 vm_state=0x4000d60c vm_byte=0x3a target=0x716a80a9af18 target_off=0x9af18
[DISPATCH] site=0xcdac7 count=415 slot=0x716a80ac40c8 slot_off=0xc40c8 idx=0x9b0 frame=0x716a80a7836d frame_off=0x7836d vm_ip=0x716a80d10ca5 vm_ip_off=0x310ca5 vm_flags=0x148226cc vm_state=0xffaffb65 vm_byte=0x3a target=0x716a80ab8556 target_off=0xb8556
[DISPATCH] site=0xcdac7 count=416 slot=0x716a80ac40c8 slot_off=0xc40c8 idx=0x9b0 frame=0x716a80a7836d frame_off=0x7836d vm_ip=0x716a80d10ef0 vm_ip_off=0x310ef0 vm_flags=0x14100010 vm_state=0x3f0612b2 vm_byte=0x3a target=0x716a80ab8556 target_off=0xb8556
[DISPATCH] site=0xcdac7 count=417 slot=0x716a80ac3c60 slot_off=0xc3c60 idx=0x548 frame=0x716a80a7836d frame_off=0x7836d vm_ip=0x716a80d11163 vm_ip_off=0x311163 vm_flags=0xc83095f0 vm_state=0x400110fe vm_byte=0x3a target=0x716a80a9af18 target_off=0x9af18
[DISPATCH] site=0xcdac7 count=418 slot=0x716a80ac3c60 slot_off=0xc3c60 idx=0x548 frame=0x716a80a7836d frame_off=0x7836d vm_ip=0x716a80d113a5 vm_ip_off=0x3113a5 vm_flags=0x7adeff2e vm_state=0x78de0800 vm_byte=0x3a target=0x716a80a9af18 target_off=0x9af18
[DISPATCH] site=0xcdac7 count=419 slot=0x716a80ac40c8 slot_off=0xc40c8 idx=0x9b0 frame=0x716a80a7836d frame_off=0x7836d vm_ip=0x716a80d115e7 vm_ip_off=0x3115e7 vm_flags=0x2948 vm_state=0x2948 vm_byte=0x3a target=0x716a80ab8556 target_off=0xb8556
[DISPATCH] site=0xcdac7 count=420 slot=0x716a80ac3c60 slot_off=0xc3c60 idx=0x548 frame=0x716a80a7836d frame_off=0x7836d vm_ip=0x716a80d11829 vm_ip_off=0x311829 vm_flags=0x3acddfde vm_state=0x585c5c02 vm_byte=0x3a target=0x716a80a9af18 target_off=0x9af18
[DISPATCH] site=0xcdac7 count=421 slot=0x716a80ac3c60 slot_off=0xc3c60 idx=0x548 frame=0x716a80a7836d frame_off=0x7836d vm_ip=0x716a80d11a6b vm_ip_off=0x311a6b vm_flags=0xef1b287 vm_state=0x69145f5a vm_byte=0x3a target=0x716a80a9af18 target_off=0x9af18
[DISPATCH] site=0xcdac7 count=422 slot=0x716a80ac40c8 slot_off=0xc40c8 idx=0x9b0 frame=0x716a80a7836d frame_off=0x7836d vm_ip=0x716a80d11cad vm_ip_off=0x311cad vm_flags=0x524c03c5 vm_state=0x7df7dfda vm_byte=0x3a target=0x716a80ab8556 target_off=0xb8556
[DISPATCH] site=0xcdac7 count=423 slot=0x716a80ac40c8 slot_off=0xc40c8 idx=0x9b0 frame=0x716a80a7836d frame_off=0x7836d vm_ip=0x716a80d11f69 vm_ip_off=0x311f69 vm_flags=0x8e78f1da vm_state=0xeb377ffe vm_byte=0x3a target=0x716a80ab8556 target_off=0xb8556
[DISPATCH] site=0xcdac7 count=424 slot=0x716a80ac40c8 slot_off=0xc40c8 idx=0x9b0 frame=0x716a80a7836d frame_off=0x7836d vm_ip=0x716a80d1223a vm_ip_off=0x31223a vm_flags=0x8e4e0de5 vm_state=0x7bd7fefb vm_byte=0x3a target=0x716a80ab8556 target_off=0xb8556
[DISPATCH] site=0xcdac7 count=425 slot=0x716a80ac3c60 slot_off=0xc3c60 idx=0x548 frame=0x716a80a7836d frame_off=0x7836d vm_ip=0x716a80d12464 vm_ip_off=0x312464 vm_flags=0x347541db vm_state=0x69945ffa vm_byte=0x3a target=0x716a80a9af18 target_off=0x9af18
[DISPATCH] site=0xcdac7 count=426 slot=0x716a80ac40c8 slot_off=0xc40c8 idx=0x9b0 frame=0x716a80a7836d frame_off=0x7836d vm_ip=0x716a80d1268e vm_ip_off=0x31268e vm_flags=0x5675bb90 vm_state=0xffc76ef9 vm_byte=0x3a target=0x716a80ab8556 target_off=0xb8556
[DISPATCH] site=0xcdac7 count=427 slot=0x716a80ac3c60 slot_off=0xc3c60 idx=0x548 frame=0x716a80a7836d frame_off=0x7836d vm_ip=0x716a80d12868 vm_ip_off=0x312868 vm_flags=0x221c12 vm_state=0x3f06a742 vm_byte=0x3a target=0x716a80a9af18 target_off=0x9af18
[DISPATCH] site=0xcdac7 count=428 slot=0x716a80ac3c60 slot_off=0xc3c60 idx=0x548 frame=0x716a80a7836d frame_off=0x7836d vm_ip=0x716a80d12aee vm_ip_off=0x312aee vm_flags=0x8e3c0ca2 vm_state=0x6f95fefa vm_byte=0x3a target=0x716a80a9af18 target_off=0x9af18
[DISPATCH] site=0xcdac7 count=429 slot=0x716a80ac3c60 slot_off=0xc3c60 idx=0x548 frame=0x716a80a7836d frame_off=0x7836d vm_ip=0x716a80d12cd0 vm_ip_off=0x312cd0 vm_flags=0xfbf79ddb vm_state=0xf9f3eb74 vm_byte=0x3a target=0x716a80a9af18 target_off=0x9af18
[DISPATCH] site=0xcdac7 count=430 slot=0x716a80ac40c8 slot_off=0xc40c8 idx=0x9b0 frame=0x716a80a7836d frame_off=0x7836d vm_ip=0x716a80d12f26 vm_ip_off=0x312f26 vm_flags=0x4b8eb2de vm_state=0x7b1c5e5e vm_byte=0x3a target=0x716a80ab8556 target_off=0xb8556
[DISPATCH] site=0xcdac7 count=431 slot=0x716a80ac40c8 slot_off=0xc40c8 idx=0x9b0 frame=0x716a80a7836d frame_off=0x7836d vm_ip=0x716a80d13169 vm_ip_off=0x313169 vm_flags=0x7afe7fef vm_state=0x727e02a8 vm_byte=0x3a target=0x716a80ab8556 target_off=0xb8556
[DISPATCH] site=0xcdac7 count=432 slot=0x716a80ac3c60 slot_off=0xc3c60 idx=0x548 frame=0x716a80a7836d frame_off=0x7836d vm_ip=0x716a80d1334b vm_ip_off=0x31334b vm_flags=0xce4d8465 vm_state=0x7f3e7f7b vm_byte=0x3a target=0x716a80a9af18 target_off=0x9af18
[DISPATCH] site=0xcdac7 count=433 slot=0x716a80ac3c60 slot_off=0xc3c60 idx=0x548 frame=0x716a80a7836d frame_off=0x7836d vm_ip=0x716a80d135b9 vm_ip_off=0x3135b9 vm_flags=0xc917a90d vm_state=0xc917a90d vm_byte=0x3a target=0x716a80a9af18 target_off=0x9af18
[DISPATCH] site=0xcdac7 count=434 slot=0x716a80ac40c8 slot_off=0xc40c8 idx=0x9b0 frame=0x716a80a7836d frame_off=0x7836d vm_ip=0x716a80d137fc vm_ip_off=0x3137fc vm_flags=0x8df97560 vm_state=0x694cb90f vm_byte=0x3a target=0x716a80ab8556 target_off=0xb8556
[DISPATCH] site=0xcdac7 count=435 slot=0x716a80ac40c8 slot_off=0xc40c8 idx=0x9b0 frame=0x716a80a7836d frame_off=0x7836d vm_ip=0x716a80d139de vm_ip_off=0x3139de vm_flags=0x4a612e32 vm_state=0x5f8f8af3 vm_byte=0x3a target=0x716a80ab8556 target_off=0xb8556
[DISPATCH] site=0xcdac7 count=436 slot=0x716a80ac3c60 slot_off=0xc3c60 idx=0x548 frame=0x716a80a7836d frame_off=0x7836d vm_ip=0x716a80d13c4c vm_ip_off=0x313c4c vm_flags=0x8f70318b vm_state=0xfbfb8b3c vm_byte=0x3a target=0x716a80a9af18 target_off=0x9af18
[DISPATCH] site=0xcdac7 count=437 slot=0x716a80ac3c60 slot_off=0xc3c60 idx=0x548 frame=0x716a80a7836d frame_off=0x7836d vm_ip=0x716a80d13e8f vm_ip_off=0x313e8f vm_flags=0xfed1df96 vm_state=0x58a4dcd6 vm_byte=0x3a target=0x716a80a9af18 target_off=0x9af18
[DISPATCH] site=0xcdac7 count=438 slot=0x716a80ac3c60 slot_off=0xc3c60 idx=0x548 frame=0x716a80a7836d frame_off=0x7836d vm_ip=0x716a80d14071 vm_ip_off=0x314071 vm_flags=0x4ac60206 vm_state=0x5ee7d2fb vm_byte=0x3a target=0x716a80a9af18 target_off=0x9af18
[DISPATCH] site=0xcdac7 count=439 slot=0x716a80ac40c8 slot_off=0xc40c8 idx=0x9b0 frame=0x716a80a7836d frame_off=0x7836d vm_ip=0x716a80d142df vm_ip_off=0x3142df vm_flags=0x861eb185 vm_state=0xdf95e7f4 vm_byte=0x3a target=0x716a80ab8556 target_off=0xb8556
[DISPATCH] site=0xcdac7 count=440 slot=0x716a80ac40c8 slot_off=0xc40c8 idx=0x9b0 frame=0x716a80a7836d frame_off=0x7836d vm_ip=0x716a80d14522 vm_ip_off=0x314522 vm_flags=0x34a042ea vm_state=0x3ce04eeb vm_byte=0x3a target=0x716a80ab8556 target_off=0xb8556
[DISPATCH] site=0xcdac7 count=441 slot=0x716a80ac40c8 slot_off=0xc40c8 idx=0x9b0 frame=0x716a80a7836d frame_off=0x7836d vm_ip=0x716a80d14704 vm_ip_off=0x314704 vm_flags=0xfcdeff37 vm_state=0xfcd60600 vm_byte=0x3a target=0x716a80ab8556 target_off=0xb8556
[DISPATCH] site=0xcdac7 count=442 slot=0x716a80ac3c60 slot_off=0xc3c60 idx=0x548 frame=0x716a80a7836d frame_off=0x7836d vm_ip=0x716a80d14972 vm_ip_off=0x314972 vm_flags=0xf8eeff37 vm_state=0xf8e60910 vm_byte=0x3a target=0x716a80a9af18 target_off=0x9af18
[DISPATCH] site=0xcdac7 count=443 slot=0x716a80ac40c8 slot_off=0xc40c8 idx=0x9b0 frame=0x716a80a7836d frame_off=0x7836d vm_ip=0x716a80d14bb5 vm_ip_off=0x314bb5 vm_flags=0x62662dfb vm_state=0xbffcca14 vm_byte=0x3a target=0x716a80ab8556 target_off=0xb8556
[DISPATCH] site=0xcdac7 count=444 slot=0x716a80ac3c60 slot_off=0xc3c60 idx=0x548 frame=0x716a80a7836d frame_off=0x7836d vm_ip=0x716a80d14d97 vm_ip_off=0x314d97 vm_flags=0xfadf7f2d vm_state=0xf21b0800 vm_byte=0x3a target=0x716a80a9af18 target_off=0x9af18
[DISPATCH] site=0xcdac7 count=445 slot=0x716a80ac40c8 slot_off=0xc40c8 idx=0x9b0 frame=0x716a80a7836d frame_off=0x7836d vm_ip=0x716a80d15005 vm_ip_off=0x315005 vm_flags=0xe34473c6 vm_state=0xe74477c6 vm_byte=0x3a target=0x716a80ab8556 target_off=0xb8556
[DISPATCH] site=0xcdac7 count=446 slot=0x716a80ac40c8 slot_off=0xc40c8 idx=0x9b0 frame=0x716a80a7836d frame_off=0x7836d vm_ip=0x716a80d1522f vm_ip_off=0x31522f vm_flags=0x69b0303a vm_state=0x69145e5a vm_byte=0x3a target=0x716a80ab8556 target_off=0xb8556
[DISPATCH] site=0xcdac7 count=447 slot=0x716a80ac3c60 slot_off=0xc3c60 idx=0x548 frame=0x716a80a7836d frame_off=0x7836d vm_ip=0x716a80d15486 vm_ip_off=0x315486 vm_flags=0x841ab3c5 vm_state=0x841ab3c5 vm_byte=0x3a target=0x716a80a9af18 target_off=0x9af18
[DISPATCH] site=0xcdac7 count=448 slot=0x716a80ac3c60 slot_off=0xc3c60 idx=0x548 frame=0x716a80a7836d frame_off=0x7836d vm_ip=0x716a80d156ca vm_ip_off=0x3156ca vm_flags=0xf613f930 vm_state=0x3ffce85e vm_byte=0x3a target=0x716a80a9af18 target_off=0x9af18
[DISPATCH] site=0xcdac7 count=449 slot=0x716a80ac3c60 slot_off=0xc3c60 idx=0x548 frame=0x716a80a7836d frame_off=0x7836d vm_ip=0x716a80d15969 vm_ip_off=0x315969 vm_flags=0x2ab32381 vm_state=0x2af72783 vm_byte=0x3a target=0x716a80a9af18 target_off=0x9af18
[DISPATCH] site=0xcdac7 count=450 slot=0x716a80ac3c60 slot_off=0xc3c60 idx=0x548 frame=0x716a80a7836d frame_off=0x7836d vm_ip=0x716a80d15bbf vm_ip_off=0x315bbf vm_flags=0x6e5d9892 vm_state=0x4000d60c vm_byte=0x3a target=0x716a80a9af18 target_off=0x9af18
[DISPATCH] site=0xcdac7 count=451 slot=0x716a80ac40c8 slot_off=0xc40c8 idx=0x9b0 frame=0x716a80a7836d frame_off=0x7836d vm_ip=0x716a80d10ca5 vm_ip_off=0x310ca5 vm_flags=0x148226cc vm_state=0xffaffb65 vm_byte=0x3a target=0x716a80ab8556 target_off=0xb8556
[DISPATCH] site=0xcdac7 count=452 slot=0x716a80ac40c8 slot_off=0xc40c8 idx=0x9b0 frame=0x716a80a7836d frame_off=0x7836d vm_ip=0x716a80d10ef0 vm_ip_off=0x310ef0 vm_flags=0x14100010 vm_state=0x3f0612b2 vm_byte=0x3a target=0x716a80ab8556 target_off=0xb8556
[DISPATCH] site=0xcdac7 count=453 slot=0x716a80ac3c60 slot_off=0xc3c60 idx=0x548 frame=0x716a80a7836d frame_off=0x7836d vm_ip=0x716a80d11163 vm_ip_off=0x311163 vm_flags=0xc83095f0 vm_state=0x400110fe vm_byte=0x3a target=0x716a80a9af18 target_off=0x9af18
[DISPATCH] site=0xcdac7 count=454 slot=0x716a80ac3c60 slot_off=0xc3c60 idx=0x548 frame=0x716a80a7836d frame_off=0x7836d vm_ip=0x716a80d113a5 vm_ip_off=0x3113a5 vm_flags=0x7adeff2e vm_state=0x78de0800 vm_byte=0x3a target=0x716a80a9af18 target_off=0x9af18
[DISPATCH] site=0xcdac7 count=455 slot=0x716a80ac40c8 slot_off=0xc40c8 idx=0x9b0 frame=0x716a80a7836d frame_off=0x7836d vm_ip=0x716a80d115e7 vm_ip_off=0x3115e7 vm_flags=0x2948 vm_state=0x2948 vm_byte=0x3a target=0x716a80ab8556 target_off=0xb8556
[DISPATCH] site=0xcdac7 count=456 slot=0x716a80ac3c60 slot_off=0xc3c60 idx=0x548 frame=0x716a80a7836d frame_off=0x7836d vm_ip=0x716a80d11829 vm_ip_off=0x311829 vm_flags=0x3acddfde vm_state=0x585c5c02 vm_byte=0x3a target=0x716a80a9af18 target_off=0x9af18
[DISPATCH] site=0xcdac7 count=457 slot=0x716a80ac3c60 slot_off=0xc3c60 idx=0x548 frame=0x716a80a7836d frame_off=0x7836d vm_ip=0x716a80d11a6b vm_ip_off=0x311a6b vm_flags=0xef1b287 vm_state=0x69145f5a vm_byte=0x3a target=0x716a80a9af18 target_off=0x9af18
[DISPATCH] site=0xcdac7 count=458 slot=0x716a80ac40c8 slot_off=0xc40c8 idx=0x9b0 frame=0x716a80a7836d frame_off=0x7836d vm_ip=0x716a80d11cad vm_ip_off=0x311cad vm_flags=0x524c03c5 vm_state=0x7df7dfda vm_byte=0x3a target=0x716a80ab8556 target_off=0xb8556
[DISPATCH] site=0xcdac7 count=459 slot=0x716a80ac40c8 slot_off=0xc40c8 idx=0x9b0 frame=0x716a80a7836d frame_off=0x7836d vm_ip=0x716a80d11f69 vm_ip_off=0x311f69 vm_flags=0x8e78f1da vm_state=0xeb377ffe vm_byte=0x3a target=0x716a80ab8556 target_off=0xb8556
[DISPATCH] site=0xcdac7 count=460 slot=0x716a80ac40c8 slot_off=0xc40c8 idx=0x9b0 frame=0x716a80a7836d frame_off=0x7836d vm_ip=0x716a80d1223a vm_ip_off=0x31223a vm_flags=0x8e4e0de5 vm_state=0x7bd7fefb vm_byte=0x3a target=0x716a80ab8556 target_off=0xb8556
[DISPATCH] site=0xcdac7 count=461 slot=0x716a80ac3c60 slot_off=0xc3c60 idx=0x548 frame=0x716a80a7836d frame_off=0x7836d vm_ip=0x716a80d12464 vm_ip_off=0x312464 vm_flags=0x347541db vm_state=0x69945ffa vm_byte=0x3a target=0x716a80a9af18 target_off=0x9af18
[DISPATCH] site=0xcdac7 count=462 slot=0x716a80ac40c8 slot_off=0xc40c8 idx=0x9b0 frame=0x716a80a7836d frame_off=0x7836d vm_ip=0x716a80d1268e vm_ip_off=0x31268e vm_flags=0x5675bb90 vm_state=0xffc76ef9 vm_byte=0x3a target=0x716a80ab8556 target_off=0xb8556
[DISPATCH] site=0xcdac7 count=463 slot=0x716a80ac3c60 slot_off=0xc3c60 idx=0x548 frame=0x716a80a7836d frame_off=0x7836d vm_ip=0x716a80d12868 vm_ip_off=0x312868 vm_flags=0x221c12 vm_state=0x3f06a742 vm_byte=0x3a target=0x716a80a9af18 target_off=0x9af18
[DISPATCH] site=0xcdac7 count=464 slot=0x716a80ac3c60 slot_off=0xc3c60 idx=0x548 frame=0x716a80a7836d frame_off=0x7836d vm_ip=0x716a80d12aee vm_ip_off=0x312aee vm_flags=0x8e3c0ca2 vm_state=0x6f95fefa vm_byte=0x3a target=0x716a80a9af18 target_off=0x9af18
[DISPATCH] site=0xcdac7 count=465 slot=0x716a80ac3c60 slot_off=0xc3c60 idx=0x548 frame=0x716a80a7836d frame_off=0x7836d vm_ip=0x716a80d12cd0 vm_ip_off=0x312cd0 vm_flags=0xfbf79ddb vm_state=0xf9f3eb74 vm_byte=0x3a target=0x716a80a9af18 target_off=0x9af18
[DISPATCH] site=0xcdac7 count=466 slot=0x716a80ac40c8 slot_off=0xc40c8 idx=0x9b0 frame=0x716a80a7836d frame_off=0x7836d vm_ip=0x716a80d12f26 vm_ip_off=0x312f26 vm_flags=0x4b8eb2de vm_state=0x7b1c5e5e vm_byte=0x3a target=0x716a80ab8556 target_off=0xb8556
[DISPATCH] site=0xcdac7 count=467 slot=0x716a80ac40c8 slot_off=0xc40c8 idx=0x9b0 frame=0x716a80a7836d frame_off=0x7836d vm_ip=0x716a80d13169 vm_ip_off=0x313169 vm_flags=0x7afe7fef vm_state=0x727e02a8 vm_byte=0x3a target=0x716a80ab8556 target_off=0xb8556
[DISPATCH] site=0xcdac7 count=468 slot=0x716a80ac3c60 slot_off=0xc3c60 idx=0x548 frame=0x716a80a7836d frame_off=0x7836d vm_ip=0x716a80d1334b vm_ip_off=0x31334b vm_flags=0xce4d8465 vm_state=0x7f3e7f7b vm_byte=0x3a target=0x716a80a9af18 target_off=0x9af18
[DISPATCH] site=0xcdac7 count=469 slot=0x716a80ac3c60 slot_off=0xc3c60 idx=0x548 frame=0x716a80a7836d frame_off=0x7836d vm_ip=0x716a80d135b9 vm_ip_off=0x3135b9 vm_flags=0xc917a90d vm_state=0xc917a90d vm_byte=0x3a target=0x716a80a9af18 target_off=0x9af18
[DISPATCH] site=0xcdac7 count=470 slot=0x716a80ac40c8 slot_off=0xc40c8 idx=0x9b0 frame=0x716a80a7836d frame_off=0x7836d vm_ip=0x716a80d137fc vm_ip_off=0x3137fc vm_flags=0x8df97560 vm_state=0x694cb90f vm_byte=0x3a target=0x716a80ab8556 target_off=0xb8556
[DISPATCH] site=0xcdac7 count=471 slot=0x716a80ac40c8 slot_off=0xc40c8 idx=0x9b0 frame=0x716a80a7836d frame_off=0x7836d vm_ip=0x716a80d139de vm_ip_off=0x3139de vm_flags=0x4a612e32 vm_state=0x5f8f8af3 vm_byte=0x3a target=0x716a80ab8556 target_off=0xb8556
[DISPATCH] site=0xcdac7 count=472 slot=0x716a80ac3c60 slot_off=0xc3c60 idx=0x548 frame=0x716a80a7836d frame_off=0x7836d vm_ip=0x716a80d13c4c vm_ip_off=0x313c4c vm_flags=0x8f70318b vm_state=0xfbfb8b3c vm_byte=0x3a target=0x716a80a9af18 target_off=0x9af18
[DISPATCH] site=0xcdac7 count=473 slot=0x716a80ac3c60 slot_off=0xc3c60 idx=0x548 frame=0x716a80a7836d frame_off=0x7836d vm_ip=0x716a80d13e8f vm_ip_off=0x313e8f vm_flags=0xfed1df96 vm_state=0x58a4dcd6 vm_byte=0x3a target=0x716a80a9af18 target_off=0x9af18
[DISPATCH] site=0xcdac7 count=474 slot=0x716a80ac3c60 slot_off=0xc3c60 idx=0x548 frame=0x716a80a7836d frame_off=0x7836d vm_ip=0x716a80d14071 vm_ip_off=0x314071 vm_flags=0x4ac60206 vm_state=0x5ee7d2fb vm_byte=0x3a target=0x716a80a9af18 target_off=0x9af18
[DISPATCH] site=0xcdac7 count=475 slot=0x716a80ac40c8 slot_off=0xc40c8 idx=0x9b0 frame=0x716a80a7836d frame_off=0x7836d vm_ip=0x716a80d142df vm_ip_off=0x3142df vm_flags=0x861eb185 vm_state=0xdf95e7f4 vm_byte=0x3a target=0x716a80ab8556 target_off=0xb8556
[DISPATCH] site=0xcdac7 count=476 slot=0x716a80ac40c8 slot_off=0xc40c8 idx=0x9b0 frame=0x716a80a7836d frame_off=0x7836d vm_ip=0x716a80d14522 vm_ip_off=0x314522 vm_flags=0x34a042ea vm_state=0x3ce04eeb vm_byte=0x3a target=0x716a80ab8556 target_off=0xb8556
[DISPATCH] site=0xcdac7 count=477 slot=0x716a80ac40c8 slot_off=0xc40c8 idx=0x9b0 frame=0x716a80a7836d frame_off=0x7836d vm_ip=0x716a80d14704 vm_ip_off=0x314704 vm_flags=0xfcdeff37 vm_state=0xfcd60600 vm_byte=0x3a target=0x716a80ab8556 target_off=0xb8556
[DISPATCH] site=0xcdac7 count=478 slot=0x716a80ac3c60 slot_off=0xc3c60 idx=0x548 frame=0x716a80a7836d frame_off=0x7836d vm_ip=0x716a80d14972 vm_ip_off=0x314972 vm_flags=0xf8eeff37 vm_state=0xf8e60910 vm_byte=0x3a target=0x716a80a9af18 target_off=0x9af18
[DISPATCH] site=0xcdac7 count=479 slot=0x716a80ac40c8 slot_off=0xc40c8 idx=0x9b0 frame=0x716a80a7836d frame_off=0x7836d vm_ip=0x716a80d14bb5 vm_ip_off=0x314bb5 vm_flags=0x62662dfb vm_state=0xbffcca14 vm_byte=0x3a target=0x716a80ab8556 target_off=0xb8556
[DISPATCH] site=0xcdac7 count=480 slot=0x716a80ac3c60 slot_off=0xc3c60 idx=0x548 frame=0x716a80a7836d frame_off=0x7836d vm_ip=0x716a80d14d97 vm_ip_off=0x314d97 vm_flags=0xfadf7f2d vm_state=0xf21b0800 vm_byte=0x3a target=0x716a80a9af18 target_off=0x9af18
[DISPATCH] site=0xcdac7 count=481 slot=0x716a80ac40c8 slot_off=0xc40c8 idx=0x9b0 frame=0x716a80a7836d frame_off=0x7836d vm_ip=0x716a80d15005 vm_ip_off=0x315005 vm_flags=0xe34473c6 vm_state=0xe74477c6 vm_byte=0x3a target=0x716a80ab8556 target_off=0xb8556
[DISPATCH] site=0xcdac7 count=482 slot=0x716a80ac40c8 slot_off=0xc40c8 idx=0x9b0 frame=0x716a80a7836d frame_off=0x7836d vm_ip=0x716a80d1522f vm_ip_off=0x31522f vm_flags=0x69b0303a vm_state=0x69145e5a vm_byte=0x3a target=0x716a80ab8556 target_off=0xb8556
[DISPATCH] site=0xcdac7 count=483 slot=0x716a80ac3c60 slot_off=0xc3c60 idx=0x548 frame=0x716a80a7836d frame_off=0x7836d vm_ip=0x716a80d15486 vm_ip_off=0x315486 vm_flags=0x841ab3c5 vm_state=0x841ab3c5 vm_byte=0x3a target=0x716a80a9af18 target_off=0x9af18
[DISPATCH] site=0xcdac7 count=484 slot=0x716a80ac3c60 slot_off=0xc3c60 idx=0x548 frame=0x716a80a7836d frame_off=0x7836d vm_ip=0x716a80d156ca vm_ip_off=0x3156ca vm_flags=0xf613f930 vm_state=0x3ffce85e vm_byte=0x3a target=0x716a80a9af18 target_off=0x9af18
[DISPATCH] site=0xcdac7 count=485 slot=0x716a80ac3c60 slot_off=0xc3c60 idx=0x548 frame=0x716a80a7836d frame_off=0x7836d vm_ip=0x716a80d15969 vm_ip_off=0x315969 vm_flags=0x2ab32381 vm_state=0x2af72783 vm_byte=0x3a target=0x716a80a9af18 target_off=0x9af18
[DISPATCH] site=0xcdac7 count=486 slot=0x716a80ac3c60 slot_off=0xc3c60 idx=0x548 frame=0x716a80a7836d frame_off=0x7836d vm_ip=0x716a80d15bbf vm_ip_off=0x315bbf vm_flags=0x6e5d9892 vm_state=0x4000d60c vm_byte=0x3a target=0x716a80a9af18 target_off=0x9af18
[DISPATCH] site=0xcdac7 count=487 slot=0x716a80ac40c8 slot_off=0xc40c8 idx=0x9b0 frame=0x716a80a7836d frame_off=0x7836d vm_ip=0x716a80d10ca5 vm_ip_off=0x310ca5 vm_flags=0x148226cc vm_state=0xffaffb65 vm_byte=0x3a target=0x716a80ab8556 target_off=0xb8556
[DISPATCH] site=0xcdac7 count=488 slot=0x716a80ac40c8 slot_off=0xc40c8 idx=0x9b0 frame=0x716a80a7836d frame_off=0x7836d vm_ip=0x716a80d10ef0 vm_ip_off=0x310ef0 vm_flags=0x14100010 vm_state=0x3f0612b2 vm_byte=0x3a target=0x716a80ab8556 target_off=0xb8556
[DISPATCH] site=0xcdac7 count=489 slot=0x716a80ac3c60 slot_off=0xc3c60 idx=0x548 frame=0x716a80a7836d frame_off=0x7836d vm_ip=0x716a80d11163 vm_ip_off=0x311163 vm_flags=0xc83095f0 vm_state=0x400110fe vm_byte=0x3a target=0x716a80a9af18 target_off=0x9af18
[DISPATCH] site=0xcdac7 count=490 slot=0x716a80ac3c60 slot_off=0xc3c60 idx=0x548 frame=0x716a80a7836d frame_off=0x7836d vm_ip=0x716a80d113a5 vm_ip_off=0x3113a5 vm_flags=0x7adeff2e vm_state=0x78de0800 vm_byte=0x3a target=0x716a80a9af18 target_off=0x9af18
[DISPATCH] site=0xcdac7 count=491 slot=0x716a80ac40c8 slot_off=0xc40c8 idx=0x9b0 frame=0x716a80a7836d frame_off=0x7836d vm_ip=0x716a80d115e7 vm_ip_off=0x3115e7 vm_flags=0x2948 vm_state=0x2948 vm_byte=0x3a target=0x716a80ab8556 target_off=0xb8556
[DISPATCH] site=0xcdac7 count=492 slot=0x716a80ac3c60 slot_off=0xc3c60 idx=0x548 frame=0x716a80a7836d frame_off=0x7836d vm_ip=0x716a80d11829 vm_ip_off=0x311829 vm_flags=0x3acddfde vm_state=0x585c5c02 vm_byte=0x3a target=0x716a80a9af18 target_off=0x9af18
[DISPATCH] site=0xcdac7 count=493 slot=0x716a80ac3c60 slot_off=0xc3c60 idx=0x548 frame=0x716a80a7836d frame_off=0x7836d vm_ip=0x716a80d11a6b vm_ip_off=0x311a6b vm_flags=0xef1b287 vm_state=0x69145f5a vm_byte=0x3a target=0x716a80a9af18 target_off=0x9af18
[DISPATCH] site=0xcdac7 count=494 slot=0x716a80ac40c8 slot_off=0xc40c8 idx=0x9b0 frame=0x716a80a7836d frame_off=0x7836d vm_ip=0x716a80d11cad vm_ip_off=0x311cad vm_flags=0x524c03c5 vm_state=0x7df7dfda vm_byte=0x3a target=0x716a80ab8556 target_off=0xb8556
[DISPATCH] site=0xcdac7 count=495 slot=0x716a80ac40c8 slot_off=0xc40c8 idx=0x9b0 frame=0x716a80a7836d frame_off=0x7836d vm_ip=0x716a80d11f69 vm_ip_off=0x311f69 vm_flags=0x8e78f1da vm_state=0xeb377ffe vm_byte=0x3a target=0x716a80ab8556 target_off=0xb8556
[DISPATCH] site=0xcdac7 count=496 slot=0x716a80ac40c8 slot_off=0xc40c8 idx=0x9b0 frame=0x716a80a7836d frame_off=0x7836d vm_ip=0x716a80d1223a vm_ip_off=0x31223a vm_flags=0x8e4e0de5 vm_state=0x7bd7fefb vm_byte=0x3a target=0x716a80ab8556 target_off=0xb8556
[DISPATCH] site=0xcdac7 count=497 slot=0x716a80ac3c60 slot_off=0xc3c60 idx=0x548 frame=0x716a80a7836d frame_off=0x7836d vm_ip=0x716a80d12464 vm_ip_off=0x312464 vm_flags=0x347541db vm_state=0x69945ffa vm_byte=0x3a target=0x716a80a9af18 target_off=0x9af18
[DISPATCH] site=0xcdac7 count=498 slot=0x716a80ac40c8 slot_off=0xc40c8 idx=0x9b0 frame=0x716a80a7836d frame_off=0x7836d vm_ip=0x716a80d1268e vm_ip_off=0x31268e vm_flags=0x5675bb90 vm_state=0xffc76ef9 vm_byte=0x3a target=0x716a80ab8556 target_off=0xb8556
[DISPATCH] site=0xcdac7 count=499 slot=0x716a80ac3c60 slot_off=0xc3c60 idx=0x548 frame=0x716a80a7836d frame_off=0x7836d vm_ip=0x716a80d12868 vm_ip_off=0x312868 vm_flags=0x221c12 vm_state=0x3f06a742 vm_byte=0x3a target=0x716a80a9af18 target_off=0x9af18
[DISPATCH] site=0xcdac7 count=500 slot=0x716a80ac3c60 slot_off=0xc3c60 idx=0x548 frame=0x716a80a7836d frame_off=0x7836d vm_ip=0x716a80d12aee vm_ip_off=0x312aee vm_flags=0x8e3c0ca2 vm_state=0x6f95fefa vm_byte=0x3a target=0x716a80a9af18 target_off=0x9af18
[DISPATCH] site=0xcdac7 count=501 slot=0x716a80ac3c60 slot_off=0xc3c60 idx=0x548 frame=0x716a80a7836d frame_off=0x7836d vm_ip=0x716a80d12cd0 vm_ip_off=0x312cd0 vm_flags=0xfbf79ddb vm_state=0xf9f3eb74 vm_byte=0x3a target=0x716a80a9af18 target_off=0x9af18
[DISPATCH] site=0xcdac7 count=502 slot=0x716a80ac40c8 slot_off=0xc40c8 idx=0x9b0 frame=0x716a80a7836d frame_off=0x7836d vm_ip=0x716a80d12f26 vm_ip_off=0x312f26 vm_flags=0x4b8eb2de vm_state=0x7b1c5e5e vm_byte=0x3a target=0x716a80ab8556 target_off=0xb8556
[DISPATCH] site=0xcdac7 count=503 slot=0x716a80ac40c8 slot_off=0xc40c8 idx=0x9b0 frame=0x716a80a7836d frame_off=0x7836d vm_ip=0x716a80d13169 vm_ip_off=0x313169 vm_flags=0x7afe7fef vm_state=0x727e02a8 vm_byte=0x3a target=0x716a80ab8556 target_off=0xb8556
[DISPATCH] site=0xcdac7 count=504 slot=0x716a80ac3c60 slot_off=0xc3c60 idx=0x548 frame=0x716a80a7836d frame_off=0x7836d vm_ip=0x716a80d1334b vm_ip_off=0x31334b vm_flags=0xce4d8465 vm_state=0x7f3e7f7b vm_byte=0x3a target=0x716a80a9af18 target_off=0x9af18
[DISPATCH] site=0xcdac7 count=505 slot=0x716a80ac3c60 slot_off=0xc3c60 idx=0x548 frame=0x716a80a7836d frame_off=0x7836d vm_ip=0x716a80d135b9 vm_ip_off=0x3135b9 vm_flags=0xc917a90d vm_state=0xc917a90d vm_byte=0x3a target=0x716a80a9af18 target_off=0x9af18
[DISPATCH] site=0xcdac7 count=506 slot=0x716a80ac40c8 slot_off=0xc40c8 idx=0x9b0 frame=0x716a80a7836d frame_off=0x7836d vm_ip=0x716a80d137fc vm_ip_off=0x3137fc vm_flags=0x8df97560 vm_state=0x694cb90f vm_byte=0x3a target=0x716a80ab8556 target_off=0xb8556
[DISPATCH] site=0xcdac7 count=507 slot=0x716a80ac40c8 slot_off=0xc40c8 idx=0x9b0 frame=0x716a80a7836d frame_off=0x7836d vm_ip=0x716a80d139de vm_ip_off=0x3139de vm_flags=0x4a612e32 vm_state=0x5f8f8af3 vm_byte=0x3a target=0x716a80ab8556 target_off=0xb8556
[DISPATCH] site=0xcdac7 count=508 slot=0x716a80ac3c60 slot_off=0xc3c60 idx=0x548 frame=0x716a80a7836d frame_off=0x7836d vm_ip=0x716a80d13c4c vm_ip_off=0x313c4c vm_flags=0x8f70318b vm_state=0xfbfb8b3c vm_byte=0x3a target=0x716a80a9af18 target_off=0x9af18
[DISPATCH] site=0xcdac7 count=509 slot=0x716a80ac3c60 slot_off=0xc3c60 idx=0x548 frame=0x716a80a7836d frame_off=0x7836d vm_ip=0x716a80d13e8f vm_ip_off=0x313e8f vm_flags=0xfed1df96 vm_state=0x58a4dcd6 vm_byte=0x3a target=0x716a80a9af18 target_off=0x9af18
[DISPATCH] site=0xcdac7 count=510 slot=0x716a80ac3c60 slot_off=0xc3c60 idx=0x548 frame=0x716a80a7836d frame_off=0x7836d vm_ip=0x716a80d14071 vm_ip_off=0x314071 vm_flags=0x4ac60206 vm_state=0x5ee7d2fb vm_byte=0x3a target=0x716a80a9af18 target_off=0x9af18
[DISPATCH] site=0xcdac7 count=511 slot=0x716a80ac40c8 slot_off=0xc40c8 idx=0x9b0 frame=0x716a80a7836d frame_off=0x7836d vm_ip=0x716a80d142df vm_ip_off=0x3142df vm_flags=0x861eb185 vm_state=0xdf95e7f4 vm_byte=0x3a target=0x716a80ab8556 target_off=0xb8556
[DISPATCH] site=0xcdac7 count=512 slot=0x716a80ac40c8 slot_off=0xc40c8 idx=0x9b0 frame=0x716a80a7836d frame_off=0x7836d vm_ip=0x716a80d14522 vm_ip_off=0x314522 vm_flags=0x34a042ea vm_state=0x3ce04eeb vm_byte=0x3a target=0x716a80ab8556 target_off=0xb8556
[DISPATCH] site=0xcdac7 count=513 slot=0x716a80ac40c8 slot_off=0xc40c8 idx=0x9b0 frame=0x716a80a7836d frame_off=0x7836d vm_ip=0x716a80d14704 vm_ip_off=0x314704 vm_flags=0xfcdeff37 vm_state=0xfcd60600 vm_byte=0x3a target=0x716a80ab8556 target_off=0xb8556
[DISPATCH] site=0xcdac7 count=514 slot=0x716a80ac3c60 slot_off=0xc3c60 idx=0x548 frame=0x716a80a7836d frame_off=0x7836d vm_ip=0x716a80d14972 vm_ip_off=0x314972 vm_flags=0xf8eeff37 vm_state=0xf8e60910 vm_byte=0x3a target=0x716a80a9af18 target_off=0x9af18
[DISPATCH] site=0xcdac7 count=515 slot=0x716a80ac40c8 slot_off=0xc40c8 idx=0x9b0 frame=0x716a80a7836d frame_off=0x7836d vm_ip=0x716a80d14bb5 vm_ip_off=0x314bb5 vm_flags=0x62662dfb vm_state=0xbffcca14 vm_byte=0x3a target=0x716a80ab8556 target_off=0xb8556
[DISPATCH] site=0xcdac7 count=516 slot=0x716a80ac3c60 slot_off=0xc3c60 idx=0x548 frame=0x716a80a7836d frame_off=0x7836d vm_ip=0x716a80d14d97 vm_ip_off=0x314d97 vm_flags=0xfadf7f2d vm_state=0xf21b0800 vm_byte=0x3a target=0x716a80a9af18 target_off=0x9af18
[DISPATCH] site=0xcdac7 count=517 slot=0x716a80ac40c8 slot_off=0xc40c8 idx=0x9b0 frame=0x716a80a7836d frame_off=0x7836d vm_ip=0x716a80d15005 vm_ip_off=0x315005 vm_flags=0xe34473c6 vm_state=0xe74477c6 vm_byte=0x3a target=0x716a80ab8556 target_off=0xb8556
[DISPATCH] site=0xcdac7 count=518 slot=0x716a80ac40c8 slot_off=0xc40c8 idx=0x9b0 frame=0x716a80a7836d frame_off=0x7836d vm_ip=0x716a80d1522f vm_ip_off=0x31522f vm_flags=0x69b0303a vm_state=0x69145e5a vm_byte=0x3a target=0x716a80ab8556 target_off=0xb8556
[DISPATCH] site=0xcdac7 count=519 slot=0x716a80ac3c60 slot_off=0xc3c60 idx=0x548 frame=0x716a80a7836d frame_off=0x7836d vm_ip=0x716a80d15486 vm_ip_off=0x315486 vm_flags=0x841ab3c5 vm_state=0x841ab3c5 vm_byte=0x3a target=0x716a80a9af18 target_off=0x9af18
[DISPATCH] site=0xcdac7 count=520 slot=0x716a80ac3c60 slot_off=0xc3c60 idx=0x548 frame=0x716a80a7836d frame_off=0x7836d vm_ip=0x716a80d156ca vm_ip_off=0x3156ca vm_flags=0xf613f930 vm_state=0x3ffce85e vm_byte=0x3a target=0x716a80a9af18 target_off=0x9af18
[DISPATCH] site=0xcdac7 count=521 slot=0x716a80ac3c60 slot_off=0xc3c60 idx=0x548 frame=0x716a80a7836d frame_off=0x7836d vm_ip=0x716a80d15969 vm_ip_off=0x315969 vm_flags=0x2ab32381 vm_state=0x2af72783 vm_byte=0x3a target=0x716a80a9af18 target_off=0x9af18
[DISPATCH] site=0xcdac7 count=522 slot=0x716a80ac3c60 slot_off=0xc3c60 idx=0x548 frame=0x716a80a7836d frame_off=0x7836d vm_ip=0x716a80d15bbf vm_ip_off=0x315bbf vm_flags=0x6e5d9892 vm_state=0x4000d60c vm_byte=0x3a target=0x716a80a9af18 target_off=0x9af18
[DISPATCH] site=0xcdac7 count=523 slot=0x716a80ac40c8 slot_off=0xc40c8 idx=0x9b0 frame=0x716a80a7836d frame_off=0x7836d vm_ip=0x716a80d10ca5 vm_ip_off=0x310ca5 vm_flags=0x148226cc vm_state=0xffaffb65 vm_byte=0x3a target=0x716a80ab8556 target_off=0xb8556
[DISPATCH] site=0xcdac7 count=524 slot=0x716a80ac40c8 slot_off=0xc40c8 idx=0x9b0 frame=0x716a80a7836d frame_off=0x7836d vm_ip=0x716a80d10ef0 vm_ip_off=0x310ef0 vm_flags=0x14100010 vm_state=0x3f0612b2 vm_byte=0x3a target=0x716a80ab8556 target_off=0xb8556
[DISPATCH] site=0xcdac7 count=525 slot=0x716a80ac3c60 slot_off=0xc3c60 idx=0x548 frame=0x716a80a7836d frame_off=0x7836d vm_ip=0x716a80d11163 vm_ip_off=0x311163 vm_flags=0xc83095f0 vm_state=0x400110fe vm_byte=0x3a target=0x716a80a9af18 target_off=0x9af18
[DISPATCH] site=0xcdac7 count=526 slot=0x716a80ac3c60 slot_off=0xc3c60 idx=0x548 frame=0x716a80a7836d frame_off=0x7836d vm_ip=0x716a80d113a5 vm_ip_off=0x3113a5 vm_flags=0x7adeff2e vm_state=0x78de0800 vm_byte=0x3a target=0x716a80a9af18 target_off=0x9af18
[DISPATCH] site=0xcdac7 count=527 slot=0x716a80ac40c8 slot_off=0xc40c8 idx=0x9b0 frame=0x716a80a7836d frame_off=0x7836d vm_ip=0x716a80d115e7 vm_ip_off=0x3115e7 vm_flags=0x2948 vm_state=0x2948 vm_byte=0x3a target=0x716a80ab8556 target_off=0xb8556
[DISPATCH] site=0xcdac7 count=528 slot=0x716a80ac3c60 slot_off=0xc3c60 idx=0x548 frame=0x716a80a7836d frame_off=0x7836d vm_ip=0x716a80d11829 vm_ip_off=0x311829 vm_flags=0x3acddfde vm_state=0x585c5c02 vm_byte=0x3a target=0x716a80a9af18 target_off=0x9af18
[DISPATCH] site=0xcdac7 count=529 slot=0x716a80ac3c60 slot_off=0xc3c60 idx=0x548 frame=0x716a80a7836d frame_off=0x7836d vm_ip=0x716a80d11a6b vm_ip_off=0x311a6b vm_flags=0xef1b287 vm_state=0x69145f5a vm_byte=0x3a target=0x716a80a9af18 target_off=0x9af18
[DISPATCH] site=0xcdac7 count=530 slot=0x716a80ac40c8 slot_off=0xc40c8 idx=0x9b0 frame=0x716a80a7836d frame_off=0x7836d vm_ip=0x716a80d11cad vm_ip_off=0x311cad vm_flags=0x524c03c5 vm_state=0x7df7dfda vm_byte=0x3a target=0x716a80ab8556 target_off=0xb8556
[DISPATCH] site=0xcdac7 count=531 slot=0x716a80ac40c8 slot_off=0xc40c8 idx=0x9b0 frame=0x716a80a7836d frame_off=0x7836d vm_ip=0x716a80d11f69 vm_ip_off=0x311f69 vm_flags=0x8e78f1da vm_state=0xeb377ffe vm_byte=0x3a target=0x716a80ab8556 target_off=0xb8556
[DISPATCH] site=0xcdac7 count=532 slot=0x716a80ac40c8 slot_off=0xc40c8 idx=0x9b0 frame=0x716a80a7836d frame_off=0x7836d vm_ip=0x716a80d1223a vm_ip_off=0x31223a vm_flags=0x8e4e0de5 vm_state=0x7bd7fefb vm_byte=0x3a target=0x716a80ab8556 target_off=0xb8556
[DISPATCH] site=0xcdac7 count=533 slot=0x716a80ac3c60 slot_off=0xc3c60 idx=0x548 frame=0x716a80a7836d frame_off=0x7836d vm_ip=0x716a80d12464 vm_ip_off=0x312464 vm_flags=0x347541db vm_state=0x69945ffa vm_byte=0x3a target=0x716a80a9af18 target_off=0x9af18
[DISPATCH] site=0xcdac7 count=534 slot=0x716a80ac40c8 slot_off=0xc40c8 idx=0x9b0 frame=0x716a80a7836d frame_off=0x7836d vm_ip=0x716a80d1268e vm_ip_off=0x31268e vm_flags=0x5675bb90 vm_state=0xffc76ef9 vm_byte=0x3a target=0x716a80ab8556 target_off=0xb8556
[DISPATCH] site=0xcdac7 count=535 slot=0x716a80ac3c60 slot_off=0xc3c60 idx=0x548 frame=0x716a80a7836d frame_off=0x7836d vm_ip=0x716a80d12868 vm_ip_off=0x312868 vm_flags=0x221c12 vm_state=0x3f06a742 vm_byte=0x3a target=0x716a80a9af18 target_off=0x9af18
[DISPATCH] site=0xcdac7 count=536 slot=0x716a80ac3c60 slot_off=0xc3c60 idx=0x548 frame=0x716a80a7836d frame_off=0x7836d vm_ip=0x716a80d12aee vm_ip_off=0x312aee vm_flags=0x8e3c0ca2 vm_state=0x6f95fefa vm_byte=0x3a target=0x716a80a9af18 target_off=0x9af18
[DISPATCH] site=0xcdac7 count=537 slot=0x716a80ac3c60 slot_off=0xc3c60 idx=0x548 frame=0x716a80a7836d frame_off=0x7836d vm_ip=0x716a80d12cd0 vm_ip_off=0x312cd0 vm_flags=0xfbf79ddb vm_state=0xf9f3eb74 vm_byte=0x3a target=0x716a80a9af18 target_off=0x9af18
[DISPATCH] site=0xcdac7 count=538 slot=0x716a80ac40c8 slot_off=0xc40c8 idx=0x9b0 frame=0x716a80a7836d frame_off=0x7836d vm_ip=0x716a80d12f26 vm_ip_off=0x312f26 vm_flags=0x4b8eb2de vm_state=0x7b1c5e5e vm_byte=0x3a target=0x716a80ab8556 target_off=0xb8556
[DISPATCH] site=0xcdac7 count=539 slot=0x716a80ac40c8 slot_off=0xc40c8 idx=0x9b0 frame=0x716a80a7836d frame_off=0x7836d vm_ip=0x716a80d13169 vm_ip_off=0x313169 vm_flags=0x7afe7fef vm_state=0x727e02a8 vm_byte=0x3a target=0x716a80ab8556 target_off=0xb8556
[DISPATCH] site=0xcdac7 count=540 slot=0x716a80ac3c60 slot_off=0xc3c60 idx=0x548 frame=0x716a80a7836d frame_off=0x7836d vm_ip=0x716a80d1334b vm_ip_off=0x31334b vm_flags=0xce4d8465 vm_state=0x7f3e7f7b vm_byte=0x3a target=0x716a80a9af18 target_off=0x9af18
[DISPATCH] site=0xcdac7 count=541 slot=0x716a80ac3c60 slot_off=0xc3c60 idx=0x548 frame=0x716a80a7836d frame_off=0x7836d vm_ip=0x716a80d135b9 vm_ip_off=0x3135b9 vm_flags=0xc917a90d vm_state=0xc917a90d vm_byte=0x3a target=0x716a80a9af18 target_off=0x9af18
[DISPATCH] site=0xcdac7 count=542 slot=0x716a80ac40c8 slot_off=0xc40c8 idx=0x9b0 frame=0x716a80a7836d frame_off=0x7836d vm_ip=0x716a80d137fc vm_ip_off=0x3137fc vm_flags=0x8df97560 vm_state=0x694cb90f vm_byte=0x3a target=0x716a80ab8556 target_off=0xb8556
[DISPATCH] site=0xcdac7 count=543 slot=0x716a80ac40c8 slot_off=0xc40c8 idx=0x9b0 frame=0x716a80a7836d frame_off=0x7836d vm_ip=0x716a80d139de vm_ip_off=0x3139de vm_flags=0x4a612e32 vm_state=0x5f8f8af3 vm_byte=0x3a target=0x716a80ab8556 target_off=0xb8556
[DISPATCH] site=0xcdac7 count=544 slot=0x716a80ac3c60 slot_off=0xc3c60 idx=0x548 frame=0x716a80a7836d frame_off=0x7836d vm_ip=0x716a80d13c4c vm_ip_off=0x313c4c vm_flags=0x8f70318b vm_state=0xfbfb8b3c vm_byte=0x3a target=0x716a80a9af18 target_off=0x9af18
[DISPATCH] site=0xcdac7 count=545 slot=0x716a80ac3c60 slot_off=0xc3c60 idx=0x548 frame=0x716a80a7836d frame_off=0x7836d vm_ip=0x716a80d13e8f vm_ip_off=0x313e8f vm_flags=0xfed1df96 vm_state=0x58a4dcd6 vm_byte=0x3a target=0x716a80a9af18 target_off=0x9af18
[DISPATCH] site=0xcdac7 count=546 slot=0x716a80ac3c60 slot_off=0xc3c60 idx=0x548 frame=0x716a80a7836d frame_off=0x7836d vm_ip=0x716a80d14071 vm_ip_off=0x314071 vm_flags=0x4ac60206 vm_state=0x5ee7d2fb vm_byte=0x3a target=0x716a80a9af18 target_off=0x9af18
[DISPATCH] site=0xcdac7 count=547 slot=0x716a80ac40c8 slot_off=0xc40c8 idx=0x9b0 frame=0x716a80a7836d frame_off=0x7836d vm_ip=0x716a80d142df vm_ip_off=0x3142df vm_flags=0x861eb185 vm_state=0xdf95e7f4 vm_byte=0x3a target=0x716a80ab8556 target_off=0xb8556
[DISPATCH] site=0xcdac7 count=548 slot=0x716a80ac40c8 slot_off=0xc40c8 idx=0x9b0 frame=0x716a80a7836d frame_off=0x7836d vm_ip=0x716a80d14522 vm_ip_off=0x314522 vm_flags=0x34a042ea vm_state=0x3ce04eeb vm_byte=0x3a target=0x716a80ab8556 target_off=0xb8556
[DISPATCH] site=0xcdac7 count=549 slot=0x716a80ac40c8 slot_off=0xc40c8 idx=0x9b0 frame=0x716a80a7836d frame_off=0x7836d vm_ip=0x716a80d14704 vm_ip_off=0x314704 vm_flags=0xfcdeff37 vm_state=0xfcd60600 vm_byte=0x3a target=0x716a80ab8556 target_off=0xb8556
[DISPATCH] site=0xcdac7 count=550 slot=0x716a80ac3c60 slot_off=0xc3c60 idx=0x548 frame=0x716a80a7836d frame_off=0x7836d vm_ip=0x716a80d14972 vm_ip_off=0x314972 vm_flags=0xf8eeff37 vm_state=0xf8e60910 vm_byte=0x3a target=0x716a80a9af18 target_off=0x9af18
[DISPATCH] site=0xcdac7 count=551 slot=0x716a80ac40c8 slot_off=0xc40c8 idx=0x9b0 frame=0x716a80a7836d frame_off=0x7836d vm_ip=0x716a80d14bb5 vm_ip_off=0x314bb5 vm_flags=0x62662dfb vm_state=0xbffcca14 vm_byte=0x3a target=0x716a80ab8556 target_off=0xb8556
[DISPATCH] site=0xcdac7 count=552 slot=0x716a80ac3c60 slot_off=0xc3c60 idx=0x548 frame=0x716a80a7836d frame_off=0x7836d vm_ip=0x716a80d14d97 vm_ip_off=0x314d97 vm_flags=0xfadf7f2d vm_state=0xf21b0800 vm_byte=0x3a target=0x716a80a9af18 target_off=0x9af18
[DISPATCH] site=0xcdac7 count=553 slot=0x716a80ac40c8 slot_off=0xc40c8 idx=0x9b0 frame=0x716a80a7836d frame_off=0x7836d vm_ip=0x716a80d15005 vm_ip_off=0x315005 vm_flags=0xe34473c6 vm_state=0xe74477c6 vm_byte=0x3a target=0x716a80ab8556 target_off=0xb8556
[DISPATCH] site=0xcdac7 count=554 slot=0x716a80ac40c8 slot_off=0xc40c8 idx=0x9b0 frame=0x716a80a7836d frame_off=0x7836d vm_ip=0x716a80d1522f vm_ip_off=0x31522f vm_flags=0x69b0303a vm_state=0x69145e5a vm_byte=0x3a target=0x716a80ab8556 target_off=0xb8556
[DISPATCH] site=0xcdac7 count=555 slot=0x716a80ac3c60 slot_off=0xc3c60 idx=0x548 frame=0x716a80a7836d frame_off=0x7836d vm_ip=0x716a80d15486 vm_ip_off=0x315486 vm_flags=0x841ab3c5 vm_state=0x841ab3c5 vm_byte=0x3a target=0x716a80a9af18 target_off=0x9af18
[DISPATCH] site=0xcdac7 count=556 slot=0x716a80ac3c60 slot_off=0xc3c60 idx=0x548 frame=0x716a80a7836d frame_off=0x7836d vm_ip=0x716a80d156ca vm_ip_off=0x3156ca vm_flags=0xf613f930 vm_state=0x3ffce85e vm_byte=0x3a target=0x716a80a9af18 target_off=0x9af18
[DISPATCH] site=0xcdac7 count=557 slot=0x716a80ac3c60 slot_off=0xc3c60 idx=0x548 frame=0x716a80a7836d frame_off=0x7836d vm_ip=0x716a80d15969 vm_ip_off=0x315969 vm_flags=0x2ab32381 vm_state=0x2af72783 vm_byte=0x3a target=0x716a80a9af18 target_off=0x9af18
[DISPATCH] site=0xcdac7 count=558 slot=0x716a80ac3c60 slot_off=0xc3c60 idx=0x548 frame=0x716a80a7836d frame_off=0x7836d vm_ip=0x716a80d15bbf vm_ip_off=0x315bbf vm_flags=0x6e5d9892 vm_state=0x4000d60c vm_byte=0x3a target=0x716a80a9af18 target_off=0x9af18
[DISPATCH] site=0xcdac7 count=559 slot=0x716a80ac40c8 slot_off=0xc40c8 idx=0x9b0 frame=0x716a80a7836d frame_off=0x7836d vm_ip=0x716a80d10ca5 vm_ip_off=0x310ca5 vm_flags=0x148226cc vm_state=0xffaffb65 vm_byte=0x3a target=0x716a80ab8556 target_off=0xb8556
[DISPATCH] site=0xcdac7 count=560 slot=0x716a80ac40c8 slot_off=0xc40c8 idx=0x9b0 frame=0x716a80a7836d frame_off=0x7836d vm_ip=0x716a80d10ef0 vm_ip_off=0x310ef0 vm_flags=0x14100010 vm_state=0x3f0612b2 vm_byte=0x3a target=0x716a80ab8556 target_off=0xb8556
[DISPATCH] site=0xcdac7 count=561 slot=0x716a80ac3c60 slot_off=0xc3c60 idx=0x548 frame=0x716a80a7836d frame_off=0x7836d vm_ip=0x716a80d11163 vm_ip_off=0x311163 vm_flags=0xc83095f0 vm_state=0x400110fe vm_byte=0x3a target=0x716a80a9af18 target_off=0x9af18
[DISPATCH] site=0xcdac7 count=562 slot=0x716a80ac3c60 slot_off=0xc3c60 idx=0x548 frame=0x716a80a7836d frame_off=0x7836d vm_ip=0x716a80d113a5 vm_ip_off=0x3113a5 vm_flags=0x7adeff2e vm_state=0x78de0800 vm_byte=0x3a target=0x716a80a9af18 target_off=0x9af18
[DISPATCH] site=0xcdac7 count=563 slot=0x716a80ac40c8 slot_off=0xc40c8 idx=0x9b0 frame=0x716a80a7836d frame_off=0x7836d vm_ip=0x716a80d115e7 vm_ip_off=0x3115e7 vm_flags=0x2948 vm_state=0x2948 vm_byte=0x3a target=0x716a80ab8556 target_off=0xb8556
[DISPATCH] site=0xcdac7 count=564 slot=0x716a80ac3c60 slot_off=0xc3c60 idx=0x548 frame=0x716a80a7836d frame_off=0x7836d vm_ip=0x716a80d11829 vm_ip_off=0x311829 vm_flags=0x3acddfde vm_state=0x585c5c02 vm_byte=0x3a target=0x716a80a9af18 target_off=0x9af18
[DISPATCH] site=0xcdac7 count=565 slot=0x716a80ac3c60 slot_off=0xc3c60 idx=0x548 frame=0x716a80a7836d frame_off=0x7836d vm_ip=0x716a80d11a6b vm_ip_off=0x311a6b vm_flags=0xef1b287 vm_state=0x69145f5a vm_byte=0x3a target=0x716a80a9af18 target_off=0x9af18
[DISPATCH] site=0xcdac7 count=566 slot=0x716a80ac40c8 slot_off=0xc40c8 idx=0x9b0 frame=0x716a80a7836d frame_off=0x7836d vm_ip=0x716a80d11cad vm_ip_off=0x311cad vm_flags=0x524c03c5 vm_state=0x7df7dfda vm_byte=0x3a target=0x716a80ab8556 target_off=0xb8556
[DISPATCH] site=0xcdac7 count=567 slot=0x716a80ac40c8 slot_off=0xc40c8 idx=0x9b0 frame=0x716a80a7836d frame_off=0x7836d vm_ip=0x716a80d11f69 vm_ip_off=0x311f69 vm_flags=0x8e78f1da vm_state=0xeb377ffe vm_byte=0x3a target=0x716a80ab8556 target_off=0xb8556
[DISPATCH] site=0xcdac7 count=568 slot=0x716a80ac40c8 slot_off=0xc40c8 idx=0x9b0 frame=0x716a80a7836d frame_off=0x7836d vm_ip=0x716a80d1223a vm_ip_off=0x31223a vm_flags=0x8e4e0de5 vm_state=0x7bd7fefb vm_byte=0x3a target=0x716a80ab8556 target_off=0xb8556
[DISPATCH] site=0xcdac7 count=569 slot=0x716a80ac3c60 slot_off=0xc3c60 idx=0x548 frame=0x716a80a7836d frame_off=0x7836d vm_ip=0x716a80d12464 vm_ip_off=0x312464 vm_flags=0x347541db vm_state=0x69945ffa vm_byte=0x3a target=0x716a80a9af18 target_off=0x9af18
[DISPATCH] site=0xcdac7 count=570 slot=0x716a80ac40c8 slot_off=0xc40c8 idx=0x9b0 frame=0x716a80a7836d frame_off=0x7836d vm_ip=0x716a80d1268e vm_ip_off=0x31268e vm_flags=0x5675bb90 vm_state=0xffc76ef9 vm_byte=0x3a target=0x716a80ab8556 target_off=0xb8556
[DISPATCH] site=0xcdac7 count=571 slot=0x716a80ac3c60 slot_off=0xc3c60 idx=0x548 frame=0x716a80a7836d frame_off=0x7836d vm_ip=0x716a80d12868 vm_ip_off=0x312868 vm_flags=0x221c12 vm_state=0x3f06a742 vm_byte=0x3a target=0x716a80a9af18 target_off=0x9af18
[DISPATCH] site=0xcdac7 count=572 slot=0x716a80ac3c60 slot_off=0xc3c60 idx=0x548 frame=0x716a80a7836d frame_off=0x7836d vm_ip=0x716a80d12aee vm_ip_off=0x312aee vm_flags=0x8e3c0ca2 vm_state=0x6f95fefa vm_byte=0x3a target=0x716a80a9af18 target_off=0x9af18
[DISPATCH] site=0xcdac7 count=573 slot=0x716a80ac3c60 slot_off=0xc3c60 idx=0x548 frame=0x716a80a7836d frame_off=0x7836d vm_ip=0x716a80d12cd0 vm_ip_off=0x312cd0 vm_flags=0xfbf79ddb vm_state=0xf9f3eb74 vm_byte=0x3a target=0x716a80a9af18 target_off=0x9af18
[DISPATCH] site=0xcdac7 count=574 slot=0x716a80ac40c8 slot_off=0xc40c8 idx=0x9b0 frame=0x716a80a7836d frame_off=0x7836d vm_ip=0x716a80d12f26 vm_ip_off=0x312f26 vm_flags=0x4b8eb2de vm_state=0x7b1c5e5e vm_byte=0x3a target=0x716a80ab8556 target_off=0xb8556
[DISPATCH] site=0xcdac7 count=575 slot=0x716a80ac40c8 slot_off=0xc40c8 idx=0x9b0 frame=0x716a80a7836d frame_off=0x7836d vm_ip=0x716a80d13169 vm_ip_off=0x313169 vm_flags=0x7afe7fef vm_state=0x727e02a8 vm_byte=0x3a target=0x716a80ab8556 target_off=0xb8556
[DISPATCH] site=0xcdac7 count=576 slot=0x716a80ac3c60 slot_off=0xc3c60 idx=0x548 frame=0x716a80a7836d frame_off=0x7836d vm_ip=0x716a80d1334b vm_ip_off=0x31334b vm_flags=0xce4d8465 vm_state=0x7f3e7f7b vm_byte=0x3a target=0x716a80a9af18 target_off=0x9af18
[DISPATCH] site=0xcdac7 count=577 slot=0x716a80ac3c60 slot_off=0xc3c60 idx=0x548 frame=0x716a80a7836d frame_off=0x7836d vm_ip=0x716a80d135b9 vm_ip_off=0x3135b9 vm_flags=0xc917a90d vm_state=0xc917a90d vm_byte=0x3a target=0x716a80a9af18 target_off=0x9af18
[DISPATCH] site=0xcdac7 count=578 slot=0x716a80ac40c8 slot_off=0xc40c8 idx=0x9b0 frame=0x716a80a7836d frame_off=0x7836d vm_ip=0x716a80d137fc vm_ip_off=0x3137fc vm_flags=0x8df97560 vm_state=0x694cb90f vm_byte=0x3a target=0x716a80ab8556 target_off=0xb8556
[DISPATCH] site=0xcdac7 count=579 slot=0x716a80ac40c8 slot_off=0xc40c8 idx=0x9b0 frame=0x716a80a7836d frame_off=0x7836d vm_ip=0x716a80d139de vm_ip_off=0x3139de vm_flags=0x4a612e32 vm_state=0x5f8f8af3 vm_byte=0x3a target=0x716a80ab8556 target_off=0xb8556
[DISPATCH] site=0xcdac7 count=580 slot=0x716a80ac3c60 slot_off=0xc3c60 idx=0x548 frame=0x716a80a7836d frame_off=0x7836d vm_ip=0x716a80d13c4c vm_ip_off=0x313c4c vm_flags=0x8f70318b vm_state=0xfbfb8b3c vm_byte=0x3a target=0x716a80a9af18 target_off=0x9af18
[DISPATCH] site=0xcdac7 count=581 slot=0x716a80ac3c60 slot_off=0xc3c60 idx=0x548 frame=0x716a80a7836d frame_off=0x7836d vm_ip=0x716a80d13e8f vm_ip_off=0x313e8f vm_flags=0xfed1df96 vm_state=0x58a4dcd6 vm_byte=0x3a target=0x716a80a9af18 target_off=0x9af18
[DISPATCH] site=0xcdac7 count=582 slot=0x716a80ac3c60 slot_off=0xc3c60 idx=0x548 frame=0x716a80a7836d frame_off=0x7836d vm_ip=0x716a80d14071 vm_ip_off=0x314071 vm_flags=0x4ac60206 vm_state=0x5ee7d2fb vm_byte=0x3a target=0x716a80a9af18 target_off=0x9af18
[DISPATCH] site=0xcdac7 count=583 slot=0x716a80ac40c8 slot_off=0xc40c8 idx=0x9b0 frame=0x716a80a7836d frame_off=0x7836d vm_ip=0x716a80d142df vm_ip_off=0x3142df vm_flags=0x861eb185 vm_state=0xdf95e7f4 vm_byte=0x3a target=0x716a80ab8556 target_off=0xb8556
[DISPATCH] site=0xcdac7 count=584 slot=0x716a80ac40c8 slot_off=0xc40c8 idx=0x9b0 frame=0x716a80a7836d frame_off=0x7836d vm_ip=0x716a80d14522 vm_ip_off=0x314522 vm_flags=0x34a042ea vm_state=0x3ce04eeb vm_byte=0x3a target=0x716a80ab8556 target_off=0xb8556
[DISPATCH] site=0xcdac7 count=585 slot=0x716a80ac40c8 slot_off=0xc40c8 idx=0x9b0 frame=0x716a80a7836d frame_off=0x7836d vm_ip=0x716a80d14704 vm_ip_off=0x314704 vm_flags=0xfcdeff37 vm_state=0xfcd60600 vm_byte=0x3a target=0x716a80ab8556 target_off=0xb8556
[DISPATCH] site=0xcdac7 count=586 slot=0x716a80ac3c60 slot_off=0xc3c60 idx=0x548 frame=0x716a80a7836d frame_off=0x7836d vm_ip=0x716a80d14972 vm_ip_off=0x314972 vm_flags=0xf8eeff37 vm_state=0xf8e60910 vm_byte=0x3a target=0x716a80a9af18 target_off=0x9af18
[DISPATCH] site=0xcdac7 count=587 slot=0x716a80ac40c8 slot_off=0xc40c8 idx=0x9b0 frame=0x716a80a7836d frame_off=0x7836d vm_ip=0x716a80d14bb5 vm_ip_off=0x314bb5 vm_flags=0x62662dfb vm_state=0xbffcca14 vm_byte=0x3a target=0x716a80ab8556 target_off=0xb8556
[DISPATCH] site=0xcdac7 count=588 slot=0x716a80ac3c60 slot_off=0xc3c60 idx=0x548 frame=0x716a80a7836d frame_off=0x7836d vm_ip=0x716a80d14d97 vm_ip_off=0x314d97 vm_flags=0xfadf7f2d vm_state=0xf21b0800 vm_byte=0x3a target=0x716a80a9af18 target_off=0x9af18
[DISPATCH] site=0xcdac7 count=589 slot=0x716a80ac40c8 slot_off=0xc40c8 idx=0x9b0 frame=0x716a80a7836d frame_off=0x7836d vm_ip=0x716a80d15005 vm_ip_off=0x315005 vm_flags=0xe34473c6 vm_state=0xe74477c6 vm_byte=0x3a target=0x716a80ab8556 target_off=0xb8556
[DISPATCH] site=0xcdac7 count=590 slot=0x716a80ac40c8 slot_off=0xc40c8 idx=0x9b0 frame=0x716a80a7836d frame_off=0x7836d vm_ip=0x716a80d1522f vm_ip_off=0x31522f vm_flags=0x69b0303a vm_state=0x69145e5a vm_byte=0x3a target=0x716a80ab8556 target_off=0xb8556
[DISPATCH] site=0xcdac7 count=591 slot=0x716a80ac3c60 slot_off=0xc3c60 idx=0x548 frame=0x716a80a7836d frame_off=0x7836d vm_ip=0x716a80d15486 vm_ip_off=0x315486 vm_flags=0x841ab3c5 vm_state=0x841ab3c5 vm_byte=0x3a target=0x716a80a9af18 target_off=0x9af18
[DISPATCH] site=0xcdac7 count=592 slot=0x716a80ac3c60 slot_off=0xc3c60 idx=0x548 frame=0x716a80a7836d frame_off=0x7836d vm_ip=0x716a80d156ca vm_ip_off=0x3156ca vm_flags=0xf613f930 vm_state=0x3ffce85e vm_byte=0x3a target=0x716a80a9af18 target_off=0x9af18
[DISPATCH] site=0xcdac7 count=593 slot=0x716a80ac3c60 slot_off=0xc3c60 idx=0x548 frame=0x716a80a7836d frame_off=0x7836d vm_ip=0x716a80d15969 vm_ip_off=0x315969 vm_flags=0x2ab32381 vm_state=0x2af72783 vm_byte=0x3a target=0x716a80a9af18 target_off=0x9af18
[DISPATCH] site=0xcdac7 count=594 slot=0x716a80ac3c60 slot_off=0xc3c60 idx=0x548 frame=0x716a80a7836d frame_off=0x7836d vm_ip=0x716a80d15bbf vm_ip_off=0x315bbf vm_flags=0x6e5d9892 vm_state=0x4000d60c vm_byte=0x3a target=0x716a80a9af18 target_off=0x9af18
[DISPATCH] site=0xcdac7 count=595 slot=0x716a80ac40c8 slot_off=0xc40c8 idx=0x9b0 frame=0x716a80a7836d frame_off=0x7836d vm_ip=0x716a80d10ca5 vm_ip_off=0x310ca5 vm_flags=0x148226cc vm_state=0xffaffb65 vm_byte=0x3a target=0x716a80ab8556 target_off=0xb8556
[DISPATCH] site=0xcdac7 count=596 slot=0x716a80ac40c8 slot_off=0xc40c8 idx=0x9b0 frame=0x716a80a7836d frame_off=0x7836d vm_ip=0x716a80d10ef0 vm_ip_off=0x310ef0 vm_flags=0x14100010 vm_state=0x3f0612b2 vm_byte=0x3a target=0x716a80ab8556 target_off=0xb8556
[DISPATCH] site=0xcdac7 count=597 slot=0x716a80ac3c60 slot_off=0xc3c60 idx=0x548 frame=0x716a80a7836d frame_off=0x7836d vm_ip=0x716a80d11163 vm_ip_off=0x311163 vm_flags=0xc83095f0 vm_state=0x400110fe vm_byte=0x3a target=0x716a80a9af18 target_off=0x9af18
[DISPATCH] site=0xcdac7 count=598 slot=0x716a80ac3c60 slot_off=0xc3c60 idx=0x548 frame=0x716a80a7836d frame_off=0x7836d vm_ip=0x716a80d113a5 vm_ip_off=0x3113a5 vm_flags=0x7adeff2e vm_state=0x78de0800 vm_byte=0x3a target=0x716a80a9af18 target_off=0x9af18
[DISPATCH] site=0xcdac7 count=599 slot=0x716a80ac40c8 slot_off=0xc40c8 idx=0x9b0 frame=0x716a80a7836d frame_off=0x7836d vm_ip=0x716a80d115e7 vm_ip_off=0x3115e7 vm_flags=0x2948 vm_state=0x2948 vm_byte=0x3a target=0x716a80ab8556 target_off=0xb8556
[DISPATCH] site=0xcdac7 count=600 slot=0x716a80ac3c60 slot_off=0xc3c60 idx=0x548 frame=0x716a80a7836d frame_off=0x7836d vm_ip=0x716a80d11829 vm_ip_off=0x311829 vm_flags=0x3acddfde vm_state=0x585c5c02 vm_byte=0x3a target=0x716a80a9af18 target_off=0x9af18
[DISPATCH] site=0xcdac7 count=601 slot=0x716a80ac3c60 slot_off=0xc3c60 idx=0x548 frame=0x716a80a7836d frame_off=0x7836d vm_ip=0x716a80d11a6b vm_ip_off=0x311a6b vm_flags=0xef1b287 vm_state=0x69145f5a vm_byte=0x3a target=0x716a80a9af18 target_off=0x9af18
[DISPATCH] site=0xcdac7 count=602 slot=0x716a80ac40c8 slot_off=0xc40c8 idx=0x9b0 frame=0x716a80a7836d frame_off=0x7836d vm_ip=0x716a80d11cad vm_ip_off=0x311cad vm_flags=0x524c03c5 vm_state=0x7df7dfda vm_byte=0x3a target=0x716a80ab8556 target_off=0xb8556
[DISPATCH] site=0xcdac7 count=603 slot=0x716a80ac40c8 slot_off=0xc40c8 idx=0x9b0 frame=0x716a80a7836d frame_off=0x7836d vm_ip=0x716a80d11f69 vm_ip_off=0x311f69 vm_flags=0x8e78f1da vm_state=0xeb377ffe vm_byte=0x3a target=0x716a80ab8556 target_off=0xb8556
[DISPATCH] site=0xcdac7 count=604 slot=0x716a80ac40c8 slot_off=0xc40c8 idx=0x9b0 frame=0x716a80a7836d frame_off=0x7836d vm_ip=0x716a80d1223a vm_ip_off=0x31223a vm_flags=0x8e4e0de5 vm_state=0x7bd7fefb vm_byte=0x3a target=0x716a80ab8556 target_off=0xb8556
[DISPATCH] site=0xcdac7 count=605 slot=0x716a80ac3c60 slot_off=0xc3c60 idx=0x548 frame=0x716a80a7836d frame_off=0x7836d vm_ip=0x716a80d12464 vm_ip_off=0x312464 vm_flags=0x347541db vm_state=0x69945ffa vm_byte=0x3a target=0x716a80a9af18 target_off=0x9af18
[DISPATCH] site=0xcdac7 count=606 slot=0x716a80ac40c8 slot_off=0xc40c8 idx=0x9b0 frame=0x716a80a7836d frame_off=0x7836d vm_ip=0x716a80d1268e vm_ip_off=0x31268e vm_flags=0x5675bb90 vm_state=0xffc76ef9 vm_byte=0x3a target=0x716a80ab8556 target_off=0xb8556
[DISPATCH] site=0xcdac7 count=607 slot=0x716a80ac3c60 slot_off=0xc3c60 idx=0x548 frame=0x716a80a7836d frame_off=0x7836d vm_ip=0x716a80d12868 vm_ip_off=0x312868 vm_flags=0x221c12 vm_state=0x3f06a742 vm_byte=0x3a target=0x716a80a9af18 target_off=0x9af18
[DISPATCH] site=0xcdac7 count=608 slot=0x716a80ac3c60 slot_off=0xc3c60 idx=0x548 frame=0x716a80a7836d frame_off=0x7836d vm_ip=0x716a80d12aee vm_ip_off=0x312aee vm_flags=0x8e3c0ca2 vm_state=0x6f95fefa vm_byte=0x3a target=0x716a80a9af18 target_off=0x9af18
[DISPATCH] site=0xcdac7 count=609 slot=0x716a80ac3c60 slot_off=0xc3c60 idx=0x548 frame=0x716a80a7836d frame_off=0x7836d vm_ip=0x716a80d12cd0 vm_ip_off=0x312cd0 vm_flags=0xfbf79ddb vm_state=0xf9f3eb74 vm_byte=0x3a target=0x716a80a9af18 target_off=0x9af18
[DISPATCH] site=0xcdac7 count=610 slot=0x716a80ac40c8 slot_off=0xc40c8 idx=0x9b0 frame=0x716a80a7836d frame_off=0x7836d vm_ip=0x716a80d12f26 vm_ip_off=0x312f26 vm_flags=0x4b8eb2de vm_state=0x7b1c5e5e vm_byte=0x3a target=0x716a80ab8556 target_off=0xb8556
[DISPATCH] site=0xcdac7 count=611 slot=0x716a80ac40c8 slot_off=0xc40c8 idx=0x9b0 frame=0x716a80a7836d frame_off=0x7836d vm_ip=0x716a80d13169 vm_ip_off=0x313169 vm_flags=0x7afe7fef vm_state=0x727e02a8 vm_byte=0x3a target=0x716a80ab8556 target_off=0xb8556
[DISPATCH] site=0xcdac7 count=612 slot=0x716a80ac3c60 slot_off=0xc3c60 idx=0x548 frame=0x716a80a7836d frame_off=0x7836d vm_ip=0x716a80d1334b vm_ip_off=0x31334b vm_flags=0xce4d8465 vm_state=0x7f3e7f7b vm_byte=0x3a target=0x716a80a9af18 target_off=0x9af18
[DISPATCH] site=0xcdac7 count=613 slot=0x716a80ac3c60 slot_off=0xc3c60 idx=0x548 frame=0x716a80a7836d frame_off=0x7836d vm_ip=0x716a80d135b9 vm_ip_off=0x3135b9 vm_flags=0xc917a90d vm_state=0xc917a90d vm_byte=0x3a target=0x716a80a9af18 target_off=0x9af18
[DISPATCH] site=0xcdac7 count=614 slot=0x716a80ac40c8 slot_off=0xc40c8 idx=0x9b0 frame=0x716a80a7836d frame_off=0x7836d vm_ip=0x716a80d137fc vm_ip_off=0x3137fc vm_flags=0x8df97560 vm_state=0x694cb90f vm_byte=0x3a target=0x716a80ab8556 target_off=0xb8556
[DISPATCH] site=0xcdac7 count=615 slot=0x716a80ac40c8 slot_off=0xc40c8 idx=0x9b0 frame=0x716a80a7836d frame_off=0x7836d vm_ip=0x716a80d139de vm_ip_off=0x3139de vm_flags=0x4a612e32 vm_state=0x5f8f8af3 vm_byte=0x3a target=0x716a80ab8556 target_off=0xb8556
[DISPATCH] site=0xcdac7 count=616 slot=0x716a80ac3c60 slot_off=0xc3c60 idx=0x548 frame=0x716a80a7836d frame_off=0x7836d vm_ip=0x716a80d13c4c vm_ip_off=0x313c4c vm_flags=0x8f70318b vm_state=0xfbfb8b3c vm_byte=0x3a target=0x716a80a9af18 target_off=0x9af18
[DISPATCH] site=0xcdac7 count=617 slot=0x716a80ac3c60 slot_off=0xc3c60 idx=0x548 frame=0x716a80a7836d frame_off=0x7836d vm_ip=0x716a80d13e8f vm_ip_off=0x313e8f vm_flags=0xfed1df96 vm_state=0x58a4dcd6 vm_byte=0x3a target=0x716a80a9af18 target_off=0x9af18
[DISPATCH] site=0xcdac7 count=618 slot=0x716a80ac3c60 slot_off=0xc3c60 idx=0x548 frame=0x716a80a7836d frame_off=0x7836d vm_ip=0x716a80d14071 vm_ip_off=0x314071 vm_flags=0x4ac60206 vm_state=0x5ee7d2fb vm_byte=0x3a target=0x716a80a9af18 target_off=0x9af18
[DISPATCH] site=0xcdac7 count=619 slot=0x716a80ac40c8 slot_off=0xc40c8 idx=0x9b0 frame=0x716a80a7836d frame_off=0x7836d vm_ip=0x716a80d142df vm_ip_off=0x3142df vm_flags=0x861eb185 vm_state=0xdf95e7f4 vm_byte=0x3a target=0x716a80ab8556 target_off=0xb8556
[DISPATCH] site=0xcdac7 count=620 slot=0x716a80ac40c8 slot_off=0xc40c8 idx=0x9b0 frame=0x716a80a7836d frame_off=0x7836d vm_ip=0x716a80d14522 vm_ip_off=0x314522 vm_flags=0x34a042ea vm_state=0x3ce04eeb vm_byte=0x3a target=0x716a80ab8556 target_off=0xb8556
[DISPATCH] site=0xcdac7 count=621 slot=0x716a80ac40c8 slot_off=0xc40c8 idx=0x9b0 frame=0x716a80a7836d frame_off=0x7836d vm_ip=0x716a80d14704 vm_ip_off=0x314704 vm_flags=0xfcdeff37 vm_state=0xfcd60600 vm_byte=0x3a target=0x716a80ab8556 target_off=0xb8556
[DISPATCH] site=0xcdac7 count=622 slot=0x716a80ac3c60 slot_off=0xc3c60 idx=0x548 frame=0x716a80a7836d frame_off=0x7836d vm_ip=0x716a80d14972 vm_ip_off=0x314972 vm_flags=0xf8eeff37 vm_state=0xf8e60910 vm_byte=0x3a target=0x716a80a9af18 target_off=0x9af18
[DISPATCH] site=0xcdac7 count=623 slot=0x716a80ac40c8 slot_off=0xc40c8 idx=0x9b0 frame=0x716a80a7836d frame_off=0x7836d vm_ip=0x716a80d14bb5 vm_ip_off=0x314bb5 vm_flags=0x62662dfb vm_state=0xbffcca14 vm_byte=0x3a target=0x716a80ab8556 target_off=0xb8556
[DISPATCH] site=0xcdac7 count=624 slot=0x716a80ac3c60 slot_off=0xc3c60 idx=0x548 frame=0x716a80a7836d frame_off=0x7836d vm_ip=0x716a80d14d97 vm_ip_off=0x314d97 vm_flags=0xfadf7f2d vm_state=0xf21b0800 vm_byte=0x3a target=0x716a80a9af18 target_off=0x9af18
[DISPATCH] site=0xcdac7 count=625 slot=0x716a80ac40c8 slot_off=0xc40c8 idx=0x9b0 frame=0x716a80a7836d frame_off=0x7836d vm_ip=0x716a80d15005 vm_ip_off=0x315005 vm_flags=0xe34473c6 vm_state=0xe74477c6 vm_byte=0x3a target=0x716a80ab8556 target_off=0xb8556
[DISPATCH] site=0xcdac7 count=626 slot=0x716a80ac40c8 slot_off=0xc40c8 idx=0x9b0 frame=0x716a80a7836d frame_off=0x7836d vm_ip=0x716a80d1522f vm_ip_off=0x31522f vm_flags=0x69b0303a vm_state=0x69145e5a vm_byte=0x3a target=0x716a80ab8556 target_off=0xb8556
[DISPATCH] site=0xcdac7 count=627 slot=0x716a80ac3c60 slot_off=0xc3c60 idx=0x548 frame=0x716a80a7836d frame_off=0x7836d vm_ip=0x716a80d15486 vm_ip_off=0x315486 vm_flags=0x841ab3c5 vm_state=0x841ab3c5 vm_byte=0x3a target=0x716a80a9af18 target_off=0x9af18
[DISPATCH] site=0xcdac7 count=628 slot=0x716a80ac3c60 slot_off=0xc3c60 idx=0x548 frame=0x716a80a7836d frame_off=0x7836d vm_ip=0x716a80d156ca vm_ip_off=0x3156ca vm_flags=0xf613f930 vm_state=0x3ffce85e vm_byte=0x3a target=0x716a80a9af18 target_off=0x9af18
[DISPATCH] site=0xcdac7 count=629 slot=0x716a80ac3c60 slot_off=0xc3c60 idx=0x548 frame=0x716a80a7836d frame_off=0x7836d vm_ip=0x716a80d15969 vm_ip_off=0x315969 vm_flags=0x2ab32381 vm_state=0x2af72783 vm_byte=0x3a target=0x716a80a9af18 target_off=0x9af18
[DISPATCH] site=0xcdac7 count=630 slot=0x716a80ac3c60 slot_off=0xc3c60 idx=0x548 frame=0x716a80a7836d frame_off=0x7836d vm_ip=0x716a80d15bbf vm_ip_off=0x315bbf vm_flags=0x6e5d9892 vm_state=0x4000d60c vm_byte=0x3a target=0x716a80a9af18 target_off=0x9af18
[DISPATCH] site=0xcdac7 count=631 slot=0x716a80ac40c8 slot_off=0xc40c8 idx=0x9b0 frame=0x716a80a7836d frame_off=0x7836d vm_ip=0x716a80d10ca5 vm_ip_off=0x310ca5 vm_flags=0x148226cc vm_state=0xffaffb65 vm_byte=0x3a target=0x716a80ab8556 target_off=0xb8556
[DISPATCH] site=0xcdac7 count=632 slot=0x716a80ac40c8 slot_off=0xc40c8 idx=0x9b0 frame=0x716a80a7836d frame_off=0x7836d vm_ip=0x716a80d10ef0 vm_ip_off=0x310ef0 vm_flags=0x14100010 vm_state=0x3f0612b2 vm_byte=0x3a target=0x716a80ab8556 target_off=0xb8556
[DISPATCH] site=0xcdac7 count=633 slot=0x716a80ac3c60 slot_off=0xc3c60 idx=0x548 frame=0x716a80a7836d frame_off=0x7836d vm_ip=0x716a80d11163 vm_ip_off=0x311163 vm_flags=0xc83095f0 vm_state=0x400110fe vm_byte=0x3a target=0x716a80a9af18 target_off=0x9af18
[DISPATCH] site=0xcdac7 count=634 slot=0x716a80ac3c60 slot_off=0xc3c60 idx=0x548 frame=0x716a80a7836d frame_off=0x7836d vm_ip=0x716a80d113a5 vm_ip_off=0x3113a5 vm_flags=0x7adeff2e vm_state=0x78de0800 vm_byte=0x3a target=0x716a80a9af18 target_off=0x9af18
[DISPATCH] site=0xcdac7 count=635 slot=0x716a80ac40c8 slot_off=0xc40c8 idx=0x9b0 frame=0x716a80a7836d frame_off=0x7836d vm_ip=0x716a80d115e7 vm_ip_off=0x3115e7 vm_flags=0x2948 vm_state=0x2948 vm_byte=0x3a target=0x716a80ab8556 target_off=0xb8556
[DISPATCH] site=0xcdac7 count=636 slot=0x716a80ac3c60 slot_off=0xc3c60 idx=0x548 frame=0x716a80a7836d frame_off=0x7836d vm_ip=0x716a80d11829 vm_ip_off=0x311829 vm_flags=0x3acddfde vm_state=0x585c5c02 vm_byte=0x3a target=0x716a80a9af18 target_off=0x9af18
[DISPATCH] site=0xcdac7 count=637 slot=0x716a80ac3c60 slot_off=0xc3c60 idx=0x548 frame=0x716a80a7836d frame_off=0x7836d vm_ip=0x716a80d11a6b vm_ip_off=0x311a6b vm_flags=0xef1b287 vm_state=0x69145f5a vm_byte=0x3a target=0x716a80a9af18 target_off=0x9af18
[DISPATCH] site=0xcdac7 count=638 slot=0x716a80ac40c8 slot_off=0xc40c8 idx=0x9b0 frame=0x716a80a7836d frame_off=0x7836d vm_ip=0x716a80d11cad vm_ip_off=0x311cad vm_flags=0x524c03c5 vm_state=0x7df7dfda vm_byte=0x3a target=0x716a80ab8556 target_off=0xb8556
[DISPATCH] site=0xcdac7 count=639 slot=0x716a80ac40c8 slot_off=0xc40c8 idx=0x9b0 frame=0x716a80a7836d frame_off=0x7836d vm_ip=0x716a80d11f69 vm_ip_off=0x311f69 vm_flags=0x8e78f1da vm_state=0xeb377ffe vm_byte=0x3a target=0x716a80ab8556 target_off=0xb8556
[DISPATCH] site=0xcdac7 count=640 slot=0x716a80ac40c8 slot_off=0xc40c8 idx=0x9b0 frame=0x716a80a7836d frame_off=0x7836d vm_ip=0x716a80d1223a vm_ip_off=0x31223a vm_flags=0x8e4e0de5 vm_state=0x7bd7fefb vm_byte=0x3a target=0x716a80ab8556 target_off=0xb8556
[DISPATCH] site=0xcdac7 count=641 slot=0x716a80ac3c60 slot_off=0xc3c60 idx=0x548 frame=0x716a80a7836d frame_off=0x7836d vm_ip=0x716a80d12464 vm_ip_off=0x312464 vm_flags=0x347541db vm_state=0x69945ffa vm_byte=0x3a target=0x716a80a9af18 target_off=0x9af18
[DISPATCH] site=0xcdac7 count=642 slot=0x716a80ac40c8 slot_off=0xc40c8 idx=0x9b0 frame=0x716a80a7836d frame_off=0x7836d vm_ip=0x716a80d1268e vm_ip_off=0x31268e vm_flags=0x5675bb90 vm_state=0xffc76ef9 vm_byte=0x3a target=0x716a80ab8556 target_off=0xb8556
[DISPATCH] site=0xcdac7 count=643 slot=0x716a80ac3c60 slot_off=0xc3c60 idx=0x548 frame=0x716a80a7836d frame_off=0x7836d vm_ip=0x716a80d12868 vm_ip_off=0x312868 vm_flags=0x221c12 vm_state=0x3f06a742 vm_byte=0x3a target=0x716a80a9af18 target_off=0x9af18
[DISPATCH] site=0xcdac7 count=644 slot=0x716a80ac3c60 slot_off=0xc3c60 idx=0x548 frame=0x716a80a7836d frame_off=0x7836d vm_ip=0x716a80d12aee vm_ip_off=0x312aee vm_flags=0x8e3c0ca2 vm_state=0x6f95fefa vm_byte=0x3a target=0x716a80a9af18 target_off=0x9af18
[DISPATCH] site=0xcdac7 count=645 slot=0x716a80ac3c60 slot_off=0xc3c60 idx=0x548 frame=0x716a80a7836d frame_off=0x7836d vm_ip=0x716a80d12cd0 vm_ip_off=0x312cd0 vm_flags=0xfbf79ddb vm_state=0xf9f3eb74 vm_byte=0x3a target=0x716a80a9af18 target_off=0x9af18
[DISPATCH] site=0xcdac7 count=646 slot=0x716a80ac40c8 slot_off=0xc40c8 idx=0x9b0 frame=0x716a80a7836d frame_off=0x7836d vm_ip=0x716a80d12f26 vm_ip_off=0x312f26 vm_flags=0x4b8eb2de vm_state=0x7b1c5e5e vm_byte=0x3a target=0x716a80ab8556 target_off=0xb8556
[DISPATCH] site=0xcdac7 count=647 slot=0x716a80ac40c8 slot_off=0xc40c8 idx=0x9b0 frame=0x716a80a7836d frame_off=0x7836d vm_ip=0x716a80d13169 vm_ip_off=0x313169 vm_flags=0x7afe7fef vm_state=0x727e02a8 vm_byte=0x3a target=0x716a80ab8556 target_off=0xb8556
[DISPATCH] site=0xcdac7 count=648 slot=0x716a80ac3c60 slot_off=0xc3c60 idx=0x548 frame=0x716a80a7836d frame_off=0x7836d vm_ip=0x716a80d1334b vm_ip_off=0x31334b vm_flags=0xce4d8465 vm_state=0x7f3e7f7b vm_byte=0x3a target=0x716a80a9af18 target_off=0x9af18
[DISPATCH] site=0xcdac7 count=649 slot=0x716a80ac3c60 slot_off=0xc3c60 idx=0x548 frame=0x716a80a7836d frame_off=0x7836d vm_ip=0x716a80d135b9 vm_ip_off=0x3135b9 vm_flags=0xc917a90d vm_state=0xc917a90d vm_byte=0x3a target=0x716a80a9af18 target_off=0x9af18
[DISPATCH] site=0xcdac7 count=650 slot=0x716a80ac40c8 slot_off=0xc40c8 idx=0x9b0 frame=0x716a80a7836d frame_off=0x7836d vm_ip=0x716a80d137fc vm_ip_off=0x3137fc vm_flags=0x8df97560 vm_state=0x694cb90f vm_byte=0x3a target=0x716a80ab8556 target_off=0xb8556
[DISPATCH] site=0xcdac7 count=651 slot=0x716a80ac40c8 slot_off=0xc40c8 idx=0x9b0 frame=0x716a80a7836d frame_off=0x7836d vm_ip=0x716a80d139de vm_ip_off=0x3139de vm_flags=0x4a612e32 vm_state=0x5f8f8af3 vm_byte=0x3a target=0x716a80ab8556 target_off=0xb8556
[DISPATCH] site=0xcdac7 count=652 slot=0x716a80ac3c60 slot_off=0xc3c60 idx=0x548 frame=0x716a80a7836d frame_off=0x7836d vm_ip=0x716a80d13c4c vm_ip_off=0x313c4c vm_flags=0x8f70318b vm_state=0xfbfb8b3c vm_byte=0x3a target=0x716a80a9af18 target_off=0x9af18
[DISPATCH] site=0xcdac7 count=653 slot=0x716a80ac3c60 slot_off=0xc3c60 idx=0x548 frame=0x716a80a7836d frame_off=0x7836d vm_ip=0x716a80d13e8f vm_ip_off=0x313e8f vm_flags=0xfed1df96 vm_state=0x58a4dcd6 vm_byte=0x3a target=0x716a80a9af18 target_off=0x9af18
[DISPATCH] site=0xcdac7 count=654 slot=0x716a80ac3c60 slot_off=0xc3c60 idx=0x548 frame=0x716a80a7836d frame_off=0x7836d vm_ip=0x716a80d14071 vm_ip_off=0x314071 vm_flags=0x4ac60206 vm_state=0x5ee7d2fb vm_byte=0x3a target=0x716a80a9af18 target_off=0x9af18
[DISPATCH] site=0xcdac7 count=655 slot=0x716a80ac40c8 slot_off=0xc40c8 idx=0x9b0 frame=0x716a80a7836d frame_off=0x7836d vm_ip=0x716a80d142df vm_ip_off=0x3142df vm_flags=0x861eb185 vm_state=0xdf95e7f4 vm_byte=0x3a target=0x716a80ab8556 target_off=0xb8556
[DISPATCH] site=0xcdac7 count=656 slot=0x716a80ac40c8 slot_off=0xc40c8 idx=0x9b0 frame=0x716a80a7836d frame_off=0x7836d vm_ip=0x716a80d14522 vm_ip_off=0x314522 vm_flags=0x34a042ea vm_state=0x3ce04eeb vm_byte=0x3a target=0x716a80ab8556 target_off=0xb8556
[DISPATCH] site=0xcdac7 count=657 slot=0x716a80ac40c8 slot_off=0xc40c8 idx=0x9b0 frame=0x716a80a7836d frame_off=0x7836d vm_ip=0x716a80d14704 vm_ip_off=0x314704 vm_flags=0xfcdeff37 vm_state=0xfcd60600 vm_byte=0x3a target=0x716a80ab8556 target_off=0xb8556
[DISPATCH] site=0xcdac7 count=658 slot=0x716a80ac3c60 slot_off=0xc3c60 idx=0x548 frame=0x716a80a7836d frame_off=0x7836d vm_ip=0x716a80d14972 vm_ip_off=0x314972 vm_flags=0xf8eeff37 vm_state=0xf8e60910 vm_byte=0x3a target=0x716a80a9af18 target_off=0x9af18
[DISPATCH] site=0xcdac7 count=659 slot=0x716a80ac40c8 slot_off=0xc40c8 idx=0x9b0 frame=0x716a80a7836d frame_off=0x7836d vm_ip=0x716a80d14bb5 vm_ip_off=0x314bb5 vm_flags=0x62662dfb vm_state=0xbffcca14 vm_byte=0x3a target=0x716a80ab8556 target_off=0xb8556
[DISPATCH] site=0xcdac7 count=660 slot=0x716a80ac3c60 slot_off=0xc3c60 idx=0x548 frame=0x716a80a7836d frame_off=0x7836d vm_ip=0x716a80d14d97 vm_ip_off=0x314d97 vm_flags=0xfadf7f2d vm_state=0xf21b0800 vm_byte=0x3a target=0x716a80a9af18 target_off=0x9af18
[DISPATCH] site=0xcdac7 count=661 slot=0x716a80ac40c8 slot_off=0xc40c8 idx=0x9b0 frame=0x716a80a7836d frame_off=0x7836d vm_ip=0x716a80d15005 vm_ip_off=0x315005 vm_flags=0xe34473c6 vm_state=0xe74477c6 vm_byte=0x3a target=0x716a80ab8556 target_off=0xb8556
[DISPATCH] site=0xcdac7 count=662 slot=0x716a80ac40c8 slot_off=0xc40c8 idx=0x9b0 frame=0x716a80a7836d frame_off=0x7836d vm_ip=0x716a80d1522f vm_ip_off=0x31522f vm_flags=0x69b0303a vm_state=0x69145e5a vm_byte=0x3a target=0x716a80ab8556 target_off=0xb8556
[DISPATCH] site=0xcdac7 count=663 slot=0x716a80ac3c60 slot_off=0xc3c60 idx=0x548 frame=0x716a80a7836d frame_off=0x7836d vm_ip=0x716a80d15486 vm_ip_off=0x315486 vm_flags=0x841ab3c5 vm_state=0x841ab3c5 vm_byte=0x3a target=0x716a80a9af18 target_off=0x9af18
[DISPATCH] site=0xcdac7 count=664 slot=0x716a80ac3c60 slot_off=0xc3c60 idx=0x548 frame=0x716a80a7836d frame_off=0x7836d vm_ip=0x716a80d156ca vm_ip_off=0x3156ca vm_flags=0xf613f930 vm_state=0x3ffce85e vm_byte=0x3a target=0x716a80a9af18 target_off=0x9af18
[DISPATCH] site=0xcdac7 count=665 slot=0x716a80ac3c60 slot_off=0xc3c60 idx=0x548 frame=0x716a80a7836d frame_off=0x7836d vm_ip=0x716a80d15969 vm_ip_off=0x315969 vm_flags=0x2ab32381 vm_state=0x2af72783 vm_byte=0x3a target=0x716a80a9af18 target_off=0x9af18
[DISPATCH] site=0xcdac7 count=666 slot=0x716a80ac3c60 slot_off=0xc3c60 idx=0x548 frame=0x716a80a7836d frame_off=0x7836d vm_ip=0x716a80d15bbf vm_ip_off=0x315bbf vm_flags=0x6e5d9892 vm_state=0x4000d60c vm_byte=0x3a target=0x716a80a9af18 target_off=0x9af18
[DISPATCH] site=0xcdac7 count=667 slot=0x716a80ac40c8 slot_off=0xc40c8 idx=0x9b0 frame=0x716a80a7836d frame_off=0x7836d vm_ip=0x716a80d10ca5 vm_ip_off=0x310ca5 vm_flags=0x148226cc vm_state=0xffaffb65 vm_byte=0x3a target=0x716a80ab8556 target_off=0xb8556
[DISPATCH] site=0xcdac7 count=668 slot=0x716a80ac40c8 slot_off=0xc40c8 idx=0x9b0 frame=0x716a80a7836d frame_off=0x7836d vm_ip=0x716a80d10ef0 vm_ip_off=0x310ef0 vm_flags=0x14100010 vm_state=0x3f0612b2 vm_byte=0x3a target=0x716a80ab8556 target_off=0xb8556
[DISPATCH] site=0xcdac7 count=669 slot=0x716a80ac3c60 slot_off=0xc3c60 idx=0x548 frame=0x716a80a7836d frame_off=0x7836d vm_ip=0x716a80d11163 vm_ip_off=0x311163 vm_flags=0xc83095f0 vm_state=0x400110fe vm_byte=0x3a target=0x716a80a9af18 target_off=0x9af18
[DISPATCH] site=0xcdac7 count=670 slot=0x716a80ac3c60 slot_off=0xc3c60 idx=0x548 frame=0x716a80a7836d frame_off=0x7836d vm_ip=0x716a80d113a5 vm_ip_off=0x3113a5 vm_flags=0x7adeff2e vm_state=0x78de0800 vm_byte=0x3a target=0x716a80a9af18 target_off=0x9af18
[DISPATCH] site=0xcdac7 count=671 slot=0x716a80ac40c8 slot_off=0xc40c8 idx=0x9b0 frame=0x716a80a7836d frame_off=0x7836d vm_ip=0x716a80d115e7 vm_ip_off=0x3115e7 vm_flags=0x2948 vm_state=0x2948 vm_byte=0x3a target=0x716a80ab8556 target_off=0xb8556
[DISPATCH] site=0xcdac7 count=672 slot=0x716a80ac3c60 slot_off=0xc3c60 idx=0x548 frame=0x716a80a7836d frame_off=0x7836d vm_ip=0x716a80d11829 vm_ip_off=0x311829 vm_flags=0x3acddfde vm_state=0x585c5c02 vm_byte=0x3a target=0x716a80a9af18 target_off=0x9af18
[DISPATCH] site=0xcdac7 count=673 slot=0x716a80ac3c60 slot_off=0xc3c60 idx=0x548 frame=0x716a80a7836d frame_off=0x7836d vm_ip=0x716a80d11a6b vm_ip_off=0x311a6b vm_flags=0xef1b287 vm_state=0x69145f5a vm_byte=0x3a target=0x716a80a9af18 target_off=0x9af18
[DISPATCH] site=0xcdac7 count=674 slot=0x716a80ac40c8 slot_off=0xc40c8 idx=0x9b0 frame=0x716a80a7836d frame_off=0x7836d vm_ip=0x716a80d11cad vm_ip_off=0x311cad vm_flags=0x524c03c5 vm_state=0x7df7dfda vm_byte=0x3a target=0x716a80ab8556 target_off=0xb8556
[DISPATCH] site=0xcdac7 count=675 slot=0x716a80ac40c8 slot_off=0xc40c8 idx=0x9b0 frame=0x716a80a7836d frame_off=0x7836d vm_ip=0x716a80d11f69 vm_ip_off=0x311f69 vm_flags=0x8e78f1da vm_state=0xeb377ffe vm_byte=0x3a target=0x716a80ab8556 target_off=0xb8556
[DISPATCH] site=0xcdac7 count=676 slot=0x716a80ac40c8 slot_off=0xc40c8 idx=0x9b0 frame=0x716a80a7836d frame_off=0x7836d vm_ip=0x716a80d1223a vm_ip_off=0x31223a vm_flags=0x8e4e0de5 vm_state=0x7bd7fefb vm_byte=0x3a target=0x716a80ab8556 target_off=0xb8556
[DISPATCH] site=0xcdac7 count=677 slot=0x716a80ac3c60 slot_off=0xc3c60 idx=0x548 frame=0x716a80a7836d frame_off=0x7836d vm_ip=0x716a80d12464 vm_ip_off=0x312464 vm_flags=0x347541db vm_state=0x69945ffa vm_byte=0x3a target=0x716a80a9af18 target_off=0x9af18
[DISPATCH] site=0xcdac7 count=678 slot=0x716a80ac40c8 slot_off=0xc40c8 idx=0x9b0 frame=0x716a80a7836d frame_off=0x7836d vm_ip=0x716a80d1268e vm_ip_off=0x31268e vm_flags=0x5675bb90 vm_state=0xffc76ef9 vm_byte=0x3a target=0x716a80ab8556 target_off=0xb8556
[DISPATCH] site=0xcdac7 count=679 slot=0x716a80ac3c60 slot_off=0xc3c60 idx=0x548 frame=0x716a80a7836d frame_off=0x7836d vm_ip=0x716a80d12868 vm_ip_off=0x312868 vm_flags=0x221c12 vm_state=0x3f06a742 vm_byte=0x3a target=0x716a80a9af18 target_off=0x9af18
[DISPATCH] site=0xcdac7 count=680 slot=0x716a80ac3c60 slot_off=0xc3c60 idx=0x548 frame=0x716a80a7836d frame_off=0x7836d vm_ip=0x716a80d12aee vm_ip_off=0x312aee vm_flags=0x8e3c0ca2 vm_state=0x6f95fefa vm_byte=0x3a target=0x716a80a9af18 target_off=0x9af18
[DISPATCH] site=0xcdac7 count=681 slot=0x716a80ac3c60 slot_off=0xc3c60 idx=0x548 frame=0x716a80a7836d frame_off=0x7836d vm_ip=0x716a80d12cd0 vm_ip_off=0x312cd0 vm_flags=0xfbf79ddb vm_state=0xf9f3eb74 vm_byte=0x3a target=0x716a80a9af18 target_off=0x9af18
[DISPATCH] site=0xcdac7 count=682 slot=0x716a80ac40c8 slot_off=0xc40c8 idx=0x9b0 frame=0x716a80a7836d frame_off=0x7836d vm_ip=0x716a80d12f26 vm_ip_off=0x312f26 vm_flags=0x4b8eb2de vm_state=0x7b1c5e5e vm_byte=0x3a target=0x716a80ab8556 target_off=0xb8556
[DISPATCH] site=0xcdac7 count=683 slot=0x716a80ac40c8 slot_off=0xc40c8 idx=0x9b0 frame=0x716a80a7836d frame_off=0x7836d vm_ip=0x716a80d13169 vm_ip_off=0x313169 vm_flags=0x7afe7fef vm_state=0x727e02a8 vm_byte=0x3a target=0x716a80ab8556 target_off=0xb8556
[DISPATCH] site=0xcdac7 count=684 slot=0x716a80ac3c60 slot_off=0xc3c60 idx=0x548 frame=0x716a80a7836d frame_off=0x7836d vm_ip=0x716a80d1334b vm_ip_off=0x31334b vm_flags=0xce4d8465 vm_state=0x7f3e7f7b vm_byte=0x3a target=0x716a80a9af18 target_off=0x9af18
[DISPATCH] site=0xcdac7 count=685 slot=0x716a80ac3c60 slot_off=0xc3c60 idx=0x548 frame=0x716a80a7836d frame_off=0x7836d vm_ip=0x716a80d135b9 vm_ip_off=0x3135b9 vm_flags=0xc917a90d vm_state=0xc917a90d vm_byte=0x3a target=0x716a80a9af18 target_off=0x9af18
[DISPATCH] site=0xcdac7 count=686 slot=0x716a80ac40c8 slot_off=0xc40c8 idx=0x9b0 frame=0x716a80a7836d frame_off=0x7836d vm_ip=0x716a80d137fc vm_ip_off=0x3137fc vm_flags=0x8df97560 vm_state=0x694cb90f vm_byte=0x3a target=0x716a80ab8556 target_off=0xb8556
[DISPATCH] site=0xcdac7 count=687 slot=0x716a80ac40c8 slot_off=0xc40c8 idx=0x9b0 frame=0x716a80a7836d frame_off=0x7836d vm_ip=0x716a80d139de vm_ip_off=0x3139de vm_flags=0x4a612e32 vm_state=0x5f8f8af3 vm_byte=0x3a target=0x716a80ab8556 target_off=0xb8556
[DISPATCH] site=0xcdac7 count=688 slot=0x716a80ac3c60 slot_off=0xc3c60 idx=0x548 frame=0x716a80a7836d frame_off=0x7836d vm_ip=0x716a80d13c4c vm_ip_off=0x313c4c vm_flags=0x8f70318b vm_state=0xfbfb8b3c vm_byte=0x3a target=0x716a80a9af18 target_off=0x9af18
[DISPATCH] site=0xcdac7 count=689 slot=0x716a80ac3c60 slot_off=0xc3c60 idx=0x548 frame=0x716a80a7836d frame_off=0x7836d vm_ip=0x716a80d13e8f vm_ip_off=0x313e8f vm_flags=0xfed1df96 vm_state=0x58a4dcd6 vm_byte=0x3a target=0x716a80a9af18 target_off=0x9af18
[DISPATCH] site=0xcdac7 count=690 slot=0x716a80ac3c60 slot_off=0xc3c60 idx=0x548 frame=0x716a80a7836d frame_off=0x7836d vm_ip=0x716a80d14071 vm_ip_off=0x314071 vm_flags=0x4ac60206 vm_state=0x5ee7d2fb vm_byte=0x3a target=0x716a80a9af18 target_off=0x9af18
[DISPATCH] site=0xcdac7 count=691 slot=0x716a80ac40c8 slot_off=0xc40c8 idx=0x9b0 frame=0x716a80a7836d frame_off=0x7836d vm_ip=0x716a80d142df vm_ip_off=0x3142df vm_flags=0x861eb185 vm_state=0xdf95e7f4 vm_byte=0x3a target=0x716a80ab8556 target_off=0xb8556
[DISPATCH] site=0xcdac7 count=692 slot=0x716a80ac40c8 slot_off=0xc40c8 idx=0x9b0 frame=0x716a80a7836d frame_off=0x7836d vm_ip=0x716a80d14522 vm_ip_off=0x314522 vm_flags=0x34a042ea vm_state=0x3ce04eeb vm_byte=0x3a target=0x716a80ab8556 target_off=0xb8556
[DISPATCH] site=0xcdac7 count=693 slot=0x716a80ac40c8 slot_off=0xc40c8 idx=0x9b0 frame=0x716a80a7836d frame_off=0x7836d vm_ip=0x716a80d14704 vm_ip_off=0x314704 vm_flags=0xfcdeff37 vm_state=0xfcd60600 vm_byte=0x3a target=0x716a80ab8556 target_off=0xb8556
[DISPATCH] site=0xcdac7 count=694 slot=0x716a80ac3c60 slot_off=0xc3c60 idx=0x548 frame=0x716a80a7836d frame_off=0x7836d vm_ip=0x716a80d14972 vm_ip_off=0x314972 vm_flags=0xf8eeff37 vm_state=0xf8e60910 vm_byte=0x3a target=0x716a80a9af18 target_off=0x9af18
[DISPATCH] site=0xcdac7 count=695 slot=0x716a80ac40c8 slot_off=0xc40c8 idx=0x9b0 frame=0x716a80a7836d frame_off=0x7836d vm_ip=0x716a80d14bb5 vm_ip_off=0x314bb5 vm_flags=0x62662dfb vm_state=0xbffcca14 vm_byte=0x3a target=0x716a80ab8556 target_off=0xb8556
[DISPATCH] site=0xcdac7 count=696 slot=0x716a80ac3c60 slot_off=0xc3c60 idx=0x548 frame=0x716a80a7836d frame_off=0x7836d vm_ip=0x716a80d14d97 vm_ip_off=0x314d97 vm_flags=0xfadf7f2d vm_state=0xf21b0800 vm_byte=0x3a target=0x716a80a9af18 target_off=0x9af18
[DISPATCH] site=0xcdac7 count=697 slot=0x716a80ac40c8 slot_off=0xc40c8 idx=0x9b0 frame=0x716a80a7836d frame_off=0x7836d vm_ip=0x716a80d15005 vm_ip_off=0x315005 vm_flags=0xe34473c6 vm_state=0xe74477c6 vm_byte=0x3a target=0x716a80ab8556 target_off=0xb8556
[DISPATCH] site=0xcdac7 count=698 slot=0x716a80ac40c8 slot_off=0xc40c8 idx=0x9b0 frame=0x716a80a7836d frame_off=0x7836d vm_ip=0x716a80d1522f vm_ip_off=0x31522f vm_flags=0x69b0303a vm_state=0x69145e5a vm_byte=0x3a target=0x716a80ab8556 target_off=0xb8556
[DISPATCH] site=0xcdac7 count=699 slot=0x716a80ac3c60 slot_off=0xc3c60 idx=0x548 frame=0x716a80a7836d frame_off=0x7836d vm_ip=0x716a80d15486 vm_ip_off=0x315486 vm_flags=0x841ab3c5 vm_state=0x841ab3c5 vm_byte=0x3a target=0x716a80a9af18 target_off=0x9af18
[DISPATCH] site=0xcdac7 count=700 slot=0x716a80ac3c60 slot_off=0xc3c60 idx=0x548 frame=0x716a80a7836d frame_off=0x7836d vm_ip=0x716a80d156ca vm_ip_off=0x3156ca vm_flags=0xf613f930 vm_state=0x3ffce85e vm_byte=0x3a target=0x716a80a9af18 target_off=0x9af18
[DISPATCH] site=0xcdac7 count=701 slot=0x716a80ac3c60 slot_off=0xc3c60 idx=0x548 frame=0x716a80a7836d frame_off=0x7836d vm_ip=0x716a80d15969 vm_ip_off=0x315969 vm_flags=0x2ab32381 vm_state=0x2af72783 vm_byte=0x3a target=0x716a80a9af18 target_off=0x9af18
[DISPATCH] site=0xcdac7 count=702 slot=0x716a80ac3c60 slot_off=0xc3c60 idx=0x548 frame=0x716a80a7836d frame_off=0x7836d vm_ip=0x716a80d15bbf vm_ip_off=0x315bbf vm_flags=0x6e5d9892 vm_state=0x4000d60c vm_byte=0x3a target=0x716a80a9af18 target_off=0x9af18
[DISPATCH] site=0xcdac7 count=703 slot=0x716a80ac40c8 slot_off=0xc40c8 idx=0x9b0 frame=0x716a80a7836d frame_off=0x7836d vm_ip=0x716a80d10ca5 vm_ip_off=0x310ca5 vm_flags=0x148226cc vm_state=0xffaffb65 vm_byte=0x3a target=0x716a80ab8556 target_off=0xb8556
[DISPATCH] site=0xcdac7 count=704 slot=0x716a80ac40c8 slot_off=0xc40c8 idx=0x9b0 frame=0x716a80a7836d frame_off=0x7836d vm_ip=0x716a80d10ef0 vm_ip_off=0x310ef0 vm_flags=0x14100010 vm_state=0x3f0612b2 vm_byte=0x3a target=0x716a80ab8556 target_off=0xb8556
[DISPATCH] site=0xcdac7 count=705 slot=0x716a80ac3c60 slot_off=0xc3c60 idx=0x548 frame=0x716a80a7836d frame_off=0x7836d vm_ip=0x716a80d11163 vm_ip_off=0x311163 vm_flags=0xc83095f0 vm_state=0x400110fe vm_byte=0x3a target=0x716a80a9af18 target_off=0x9af18
[DISPATCH] site=0xcdac7 count=706 slot=0x716a80ac3c60 slot_off=0xc3c60 idx=0x548 frame=0x716a80a7836d frame_off=0x7836d vm_ip=0x716a80d113a5 vm_ip_off=0x3113a5 vm_flags=0x7adeff2e vm_state=0x78de0800 vm_byte=0x3a target=0x716a80a9af18 target_off=0x9af18
[DISPATCH] site=0xcdac7 count=707 slot=0x716a80ac40c8 slot_off=0xc40c8 idx=0x9b0 frame=0x716a80a7836d frame_off=0x7836d vm_ip=0x716a80d115e7 vm_ip_off=0x3115e7 vm_flags=0x2948 vm_state=0x2948 vm_byte=0x3a target=0x716a80ab8556 target_off=0xb8556
[DISPATCH] site=0xcdac7 count=708 slot=0x716a80ac3c60 slot_off=0xc3c60 idx=0x548 frame=0x716a80a7836d frame_off=0x7836d vm_ip=0x716a80d11829 vm_ip_off=0x311829 vm_flags=0x3acddfde vm_state=0x585c5c02 vm_byte=0x3a target=0x716a80a9af18 target_off=0x9af18
[DISPATCH] site=0xcdac7 count=709 slot=0x716a80ac3c60 slot_off=0xc3c60 idx=0x548 frame=0x716a80a7836d frame_off=0x7836d vm_ip=0x716a80d11a6b vm_ip_off=0x311a6b vm_flags=0xef1b287 vm_state=0x69145f5a vm_byte=0x3a target=0x716a80a9af18 target_off=0x9af18
[DISPATCH] site=0xcdac7 count=710 slot=0x716a80ac40c8 slot_off=0xc40c8 idx=0x9b0 frame=0x716a80a7836d frame_off=0x7836d vm_ip=0x716a80d11cad vm_ip_off=0x311cad vm_flags=0x524c03c5 vm_state=0x7df7dfda vm_byte=0x3a target=0x716a80ab8556 target_off=0xb8556
[DISPATCH] site=0xcdac7 count=711 slot=0x716a80ac40c8 slot_off=0xc40c8 idx=0x9b0 frame=0x716a80a7836d frame_off=0x7836d vm_ip=0x716a80d11f69 vm_ip_off=0x311f69 vm_flags=0x8e78f1da vm_state=0xeb377ffe vm_byte=0x3a target=0x716a80ab8556 target_off=0xb8556
[DISPATCH] site=0xcdac7 count=712 slot=0x716a80ac40c8 slot_off=0xc40c8 idx=0x9b0 frame=0x716a80a7836d frame_off=0x7836d vm_ip=0x716a80d1223a vm_ip_off=0x31223a vm_flags=0x8e4e0de5 vm_state=0x7bd7fefb vm_byte=0x3a target=0x716a80ab8556 target_off=0xb8556
[DISPATCH] site=0xcdac7 count=713 slot=0x716a80ac3c60 slot_off=0xc3c60 idx=0x548 frame=0x716a80a7836d frame_off=0x7836d vm_ip=0x716a80d12464 vm_ip_off=0x312464 vm_flags=0x347541db vm_state=0x69945ffa vm_byte=0x3a target=0x716a80a9af18 target_off=0x9af18
[DISPATCH] site=0xcdac7 count=714 slot=0x716a80ac40c8 slot_off=0xc40c8 idx=0x9b0 frame=0x716a80a7836d frame_off=0x7836d vm_ip=0x716a80d1268e vm_ip_off=0x31268e vm_flags=0x5675bb90 vm_state=0xffc76ef9 vm_byte=0x3a target=0x716a80ab8556 target_off=0xb8556
[DISPATCH] site=0xcdac7 count=715 slot=0x716a80ac3c60 slot_off=0xc3c60 idx=0x548 frame=0x716a80a7836d frame_off=0x7836d vm_ip=0x716a80d12868 vm_ip_off=0x312868 vm_flags=0x221c12 vm_state=0x3f06a742 vm_byte=0x3a target=0x716a80a9af18 target_off=0x9af18
[DISPATCH] site=0xcdac7 count=716 slot=0x716a80ac3c60 slot_off=0xc3c60 idx=0x548 frame=0x716a80a7836d frame_off=0x7836d vm_ip=0x716a80d12aee vm_ip_off=0x312aee vm_flags=0x8e3c0ca2 vm_state=0x6f95fefa vm_byte=0x3a target=0x716a80a9af18 target_off=0x9af18
[DISPATCH] site=0xcdac7 count=717 slot=0x716a80ac3c60 slot_off=0xc3c60 idx=0x548 frame=0x716a80a7836d frame_off=0x7836d vm_ip=0x716a80d12cd0 vm_ip_off=0x312cd0 vm_flags=0xfbf79ddb vm_state=0xf9f3eb74 vm_byte=0x3a target=0x716a80a9af18 target_off=0x9af18
[DISPATCH] site=0xcdac7 count=718 slot=0x716a80ac40c8 slot_off=0xc40c8 idx=0x9b0 frame=0x716a80a7836d frame_off=0x7836d vm_ip=0x716a80d12f26 vm_ip_off=0x312f26 vm_flags=0x4b8eb2de vm_state=0x7b1c5e5e vm_byte=0x3a target=0x716a80ab8556 target_off=0xb8556
[DISPATCH] site=0xcdac7 count=719 slot=0x716a80ac40c8 slot_off=0xc40c8 idx=0x9b0 frame=0x716a80a7836d frame_off=0x7836d vm_ip=0x716a80d13169 vm_ip_off=0x313169 vm_flags=0x7afe7fef vm_state=0x727e02a8 vm_byte=0x3a target=0x716a80ab8556 target_off=0xb8556
[DISPATCH] site=0xcdac7 count=720 slot=0x716a80ac3c60 slot_off=0xc3c60 idx=0x548 frame=0x716a80a7836d frame_off=0x7836d vm_ip=0x716a80d1334b vm_ip_off=0x31334b vm_flags=0xce4d8465 vm_state=0x7f3e7f7b vm_byte=0x3a target=0x716a80a9af18 target_off=0x9af18
[DISPATCH] site=0xcdac7 count=721 slot=0x716a80ac3c60 slot_off=0xc3c60 idx=0x548 frame=0x716a80a7836d frame_off=0x7836d vm_ip=0x716a80d135b9 vm_ip_off=0x3135b9 vm_flags=0xc917a90d vm_state=0xc917a90d vm_byte=0x3a target=0x716a80a9af18 target_off=0x9af18
[DISPATCH] site=0xcdac7 count=722 slot=0x716a80ac40c8 slot_off=0xc40c8 idx=0x9b0 frame=0x716a80a7836d frame_off=0x7836d vm_ip=0x716a80d137fc vm_ip_off=0x3137fc vm_flags=0x8df97560 vm_state=0x694cb90f vm_byte=0x3a target=0x716a80ab8556 target_off=0xb8556
[DISPATCH] site=0xcdac7 count=723 slot=0x716a80ac40c8 slot_off=0xc40c8 idx=0x9b0 frame=0x716a80a7836d frame_off=0x7836d vm_ip=0x716a80d139de vm_ip_off=0x3139de vm_flags=0x4a612e32 vm_state=0x5f8f8af3 vm_byte=0x3a target=0x716a80ab8556 target_off=0xb8556
[DISPATCH] site=0xcdac7 count=724 slot=0x716a80ac3c60 slot_off=0xc3c60 idx=0x548 frame=0x716a80a7836d frame_off=0x7836d vm_ip=0x716a80d13c4c vm_ip_off=0x313c4c vm_flags=0x8f70318b vm_state=0xfbfb8b3c vm_byte=0x3a target=0x716a80a9af18 target_off=0x9af18
[DISPATCH] site=0xcdac7 count=725 slot=0x716a80ac3c60 slot_off=0xc3c60 idx=0x548 frame=0x716a80a7836d frame_off=0x7836d vm_ip=0x716a80d13e8f vm_ip_off=0x313e8f vm_flags=0xfed1df96 vm_state=0x58a4dcd6 vm_byte=0x3a target=0x716a80a9af18 target_off=0x9af18
[DISPATCH] site=0xcdac7 count=726 slot=0x716a80ac3c60 slot_off=0xc3c60 idx=0x548 frame=0x716a80a7836d frame_off=0x7836d vm_ip=0x716a80d14071 vm_ip_off=0x314071 vm_flags=0x4ac60206 vm_state=0x5ee7d2fb vm_byte=0x3a target=0x716a80a9af18 target_off=0x9af18
[DISPATCH] site=0xcdac7 count=727 slot=0x716a80ac40c8 slot_off=0xc40c8 idx=0x9b0 frame=0x716a80a7836d frame_off=0x7836d vm_ip=0x716a80d142df vm_ip_off=0x3142df vm_flags=0x861eb185 vm_state=0xdf95e7f4 vm_byte=0x3a target=0x716a80ab8556 target_off=0xb8556
[DISPATCH] site=0xcdac7 count=728 slot=0x716a80ac40c8 slot_off=0xc40c8 idx=0x9b0 frame=0x716a80a7836d frame_off=0x7836d vm_ip=0x716a80d14522 vm_ip_off=0x314522 vm_flags=0x34a042ea vm_state=0x3ce04eeb vm_byte=0x3a target=0x716a80ab8556 target_off=0xb8556
[DISPATCH] site=0xcdac7 count=729 slot=0x716a80ac40c8 slot_off=0xc40c8 idx=0x9b0 frame=0x716a80a7836d frame_off=0x7836d vm_ip=0x716a80d14704 vm_ip_off=0x314704 vm_flags=0xfcdeff37 vm_state=0xfcd60600 vm_byte=0x3a target=0x716a80ab8556 target_off=0xb8556
[DISPATCH] site=0xcdac7 count=730 slot=0x716a80ac3c60 slot_off=0xc3c60 idx=0x548 frame=0x716a80a7836d frame_off=0x7836d vm_ip=0x716a80d14972 vm_ip_off=0x314972 vm_flags=0xf8eeff37 vm_state=0xf8e60910 vm_byte=0x3a target=0x716a80a9af18 target_off=0x9af18
[DISPATCH] site=0xcdac7 count=731 slot=0x716a80ac40c8 slot_off=0xc40c8 idx=0x9b0 frame=0x716a80a7836d frame_off=0x7836d vm_ip=0x716a80d14bb5 vm_ip_off=0x314bb5 vm_flags=0x62662dfb vm_state=0xbffcca14 vm_byte=0x3a target=0x716a80ab8556 target_off=0xb8556
[DISPATCH] site=0xcdac7 count=732 slot=0x716a80ac3c60 slot_off=0xc3c60 idx=0x548 frame=0x716a80a7836d frame_off=0x7836d vm_ip=0x716a80d14d97 vm_ip_off=0x314d97 vm_flags=0xfadf7f2d vm_state=0xf21b0800 vm_byte=0x3a target=0x716a80a9af18 target_off=0x9af18
[DISPATCH] site=0xcdac7 count=733 slot=0x716a80ac40c8 slot_off=0xc40c8 idx=0x9b0 frame=0x716a80a7836d frame_off=0x7836d vm_ip=0x716a80d15005 vm_ip_off=0x315005 vm_flags=0xe34473c6 vm_state=0xe74477c6 vm_byte=0x3a target=0x716a80ab8556 target_off=0xb8556
[DISPATCH] site=0xcdac7 count=734 slot=0x716a80ac40c8 slot_off=0xc40c8 idx=0x9b0 frame=0x716a80a7836d frame_off=0x7836d vm_ip=0x716a80d1522f vm_ip_off=0x31522f vm_flags=0x69b0303a vm_state=0x69145e5a vm_byte=0x3a target=0x716a80ab8556 target_off=0xb8556
[DISPATCH] site=0xcdac7 count=735 slot=0x716a80ac3c60 slot_off=0xc3c60 idx=0x548 frame=0x716a80a7836d frame_off=0x7836d vm_ip=0x716a80d15486 vm_ip_off=0x315486 vm_flags=0x841ab3c5 vm_state=0x841ab3c5 vm_byte=0x3a target=0x716a80a9af18 target_off=0x9af18
[DISPATCH] site=0xcdac7 count=736 slot=0x716a80ac3c60 slot_off=0xc3c60 idx=0x548 frame=0x716a80a7836d frame_off=0x7836d vm_ip=0x716a80d156ca vm_ip_off=0x3156ca vm_flags=0xf613f930 vm_state=0x3ffce85e vm_byte=0x3a target=0x716a80a9af18 target_off=0x9af18
[DISPATCH] site=0xcdac7 count=737 slot=0x716a80ac3c60 slot_off=0xc3c60 idx=0x548 frame=0x716a80a7836d frame_off=0x7836d vm_ip=0x716a80d15969 vm_ip_off=0x315969 vm_flags=0x2ab32381 vm_state=0x2af72783 vm_byte=0x3a target=0x716a80a9af18 target_off=0x9af18
[DISPATCH] site=0xcdac7 count=738 slot=0x716a80ac3c60 slot_off=0xc3c60 idx=0x548 frame=0x716a80a7836d frame_off=0x7836d vm_ip=0x716a80d15bbf vm_ip_off=0x315bbf vm_flags=0x6e5d9892 vm_state=0x4000d60c vm_byte=0x3a target=0x716a80a9af18 target_off=0x9af18
[DISPATCH] site=0xcdac7 count=739 slot=0x716a80ac40c8 slot_off=0xc40c8 idx=0x9b0 frame=0x716a80a7836d frame_off=0x7836d vm_ip=0x716a80d10ca5 vm_ip_off=0x310ca5 vm_flags=0x148226cc vm_state=0xffaffb65 vm_byte=0x3a target=0x716a80ab8556 target_off=0xb8556
[DISPATCH] site=0xcdac7 count=740 slot=0x716a80ac40c8 slot_off=0xc40c8 idx=0x9b0 frame=0x716a80a7836d frame_off=0x7836d vm_ip=0x716a80d10ef0 vm_ip_off=0x310ef0 vm_flags=0x14100010 vm_state=0x3f0612b2 vm_byte=0x3a target=0x716a80ab8556 target_off=0xb8556
[DISPATCH] site=0xcdac7 count=741 slot=0x716a80ac3c60 slot_off=0xc3c60 idx=0x548 frame=0x716a80a7836d frame_off=0x7836d vm_ip=0x716a80d11163 vm_ip_off=0x311163 vm_flags=0xc83095f0 vm_state=0x400110fe vm_byte=0x3a target=0x716a80a9af18 target_off=0x9af18
[DISPATCH] site=0xcdac7 count=742 slot=0x716a80ac3c60 slot_off=0xc3c60 idx=0x548 frame=0x716a80a7836d frame_off=0x7836d vm_ip=0x716a80d113a5 vm_ip_off=0x3113a5 vm_flags=0x7adeff2e vm_state=0x78de0800 vm_byte=0x3a target=0x716a80a9af18 target_off=0x9af18
[DISPATCH] site=0xcdac7 count=743 slot=0x716a80ac40c8 slot_off=0xc40c8 idx=0x9b0 frame=0x716a80a7836d frame_off=0x7836d vm_ip=0x716a80d115e7 vm_ip_off=0x3115e7 vm_flags=0x2948 vm_state=0x2948 vm_byte=0x3a target=0x716a80ab8556 target_off=0xb8556
[DISPATCH] site=0xcdac7 count=744 slot=0x716a80ac3c60 slot_off=0xc3c60 idx=0x548 frame=0x716a80a7836d frame_off=0x7836d vm_ip=0x716a80d11829 vm_ip_off=0x311829 vm_flags=0x3acddfde vm_state=0x585c5c02 vm_byte=0x3a target=0x716a80a9af18 target_off=0x9af18
[DISPATCH] site=0xcdac7 count=745 slot=0x716a80ac3c60 slot_off=0xc3c60 idx=0x548 frame=0x716a80a7836d frame_off=0x7836d vm_ip=0x716a80d11a6b vm_ip_off=0x311a6b vm_flags=0xef1b287 vm_state=0x69145f5a vm_byte=0x3a target=0x716a80a9af18 target_off=0x9af18
[DISPATCH] site=0xcdac7 count=746 slot=0x716a80ac40c8 slot_off=0xc40c8 idx=0x9b0 frame=0x716a80a7836d frame_off=0x7836d vm_ip=0x716a80d11cad vm_ip_off=0x311cad vm_flags=0x524c03c5 vm_state=0x7df7dfda vm_byte=0x3a target=0x716a80ab8556 target_off=0xb8556
[DISPATCH] site=0xcdac7 count=747 slot=0x716a80ac40c8 slot_off=0xc40c8 idx=0x9b0 frame=0x716a80a7836d frame_off=0x7836d vm_ip=0x716a80d11f69 vm_ip_off=0x311f69 vm_flags=0x8e78f1da vm_state=0xeb377ffe vm_byte=0x3a target=0x716a80ab8556 target_off=0xb8556
[DISPATCH] site=0xcdac7 count=748 slot=0x716a80ac40c8 slot_off=0xc40c8 idx=0x9b0 frame=0x716a80a7836d frame_off=0x7836d vm_ip=0x716a80d1223a vm_ip_off=0x31223a vm_flags=0x8e4e0de5 vm_state=0x7bd7fefb vm_byte=0x3a target=0x716a80ab8556 target_off=0xb8556
[DISPATCH] site=0xcdac7 count=749 slot=0x716a80ac3c60 slot_off=0xc3c60 idx=0x548 frame=0x716a80a7836d frame_off=0x7836d vm_ip=0x716a80d12464 vm_ip_off=0x312464 vm_flags=0x347541db vm_state=0x69945ffa vm_byte=0x3a target=0x716a80a9af18 target_off=0x9af18
[DISPATCH] site=0xcdac7 count=750 slot=0x716a80ac40c8 slot_off=0xc40c8 idx=0x9b0 frame=0x716a80a7836d frame_off=0x7836d vm_ip=0x716a80d1268e vm_ip_off=0x31268e vm_flags=0x5675bb90 vm_state=0xffc76ef9 vm_byte=0x3a target=0x716a80ab8556 target_off=0xb8556
[DISPATCH] site=0xcdac7 count=751 slot=0x716a80ac3c60 slot_off=0xc3c60 idx=0x548 frame=0x716a80a7836d frame_off=0x7836d vm_ip=0x716a80d12868 vm_ip_off=0x312868 vm_flags=0x221c12 vm_state=0x3f06a742 vm_byte=0x3a target=0x716a80a9af18 target_off=0x9af18
[DISPATCH] site=0xcdac7 count=752 slot=0x716a80ac3c60 slot_off=0xc3c60 idx=0x548 frame=0x716a80a7836d frame_off=0x7836d vm_ip=0x716a80d12aee vm_ip_off=0x312aee vm_flags=0x8e3c0ca2 vm_state=0x6f95fefa vm_byte=0x3a target=0x716a80a9af18 target_off=0x9af18
[DISPATCH] site=0xcdac7 count=753 slot=0x716a80ac3c60 slot_off=0xc3c60 idx=0x548 frame=0x716a80a7836d frame_off=0x7836d vm_ip=0x716a80d12cd0 vm_ip_off=0x312cd0 vm_flags=0xfbf79ddb vm_state=0xf9f3eb74 vm_byte=0x3a target=0x716a80a9af18 target_off=0x9af18
[DISPATCH] site=0xcdac7 count=754 slot=0x716a80ac40c8 slot_off=0xc40c8 idx=0x9b0 frame=0x716a80a7836d frame_off=0x7836d vm_ip=0x716a80d12f26 vm_ip_off=0x312f26 vm_flags=0x4b8eb2de vm_state=0x7b1c5e5e vm_byte=0x3a target=0x716a80ab8556 target_off=0xb8556
[DISPATCH] site=0xcdac7 count=755 slot=0x716a80ac40c8 slot_off=0xc40c8 idx=0x9b0 frame=0x716a80a7836d frame_off=0x7836d vm_ip=0x716a80d13169 vm_ip_off=0x313169 vm_flags=0x7afe7fef vm_state=0x727e02a8 vm_byte=0x3a target=0x716a80ab8556 target_off=0xb8556
[DISPATCH] site=0xcdac7 count=756 slot=0x716a80ac3c60 slot_off=0xc3c60 idx=0x548 frame=0x716a80a7836d frame_off=0x7836d vm_ip=0x716a80d1334b vm_ip_off=0x31334b vm_flags=0xce4d8465 vm_state=0x7f3e7f7b vm_byte=0x3a target=0x716a80a9af18 target_off=0x9af18
[DISPATCH] site=0xcdac7 count=757 slot=0x716a80ac3c60 slot_off=0xc3c60 idx=0x548 frame=0x716a80a7836d frame_off=0x7836d vm_ip=0x716a80d135b9 vm_ip_off=0x3135b9 vm_flags=0xc917a90d vm_state=0xc917a90d vm_byte=0x3a target=0x716a80a9af18 target_off=0x9af18
[DISPATCH] site=0xcdac7 count=758 slot=0x716a80ac40c8 slot_off=0xc40c8 idx=0x9b0 frame=0x716a80a7836d frame_off=0x7836d vm_ip=0x716a80d137fc vm_ip_off=0x3137fc vm_flags=0x8df97560 vm_state=0x694cb90f vm_byte=0x3a target=0x716a80ab8556 target_off=0xb8556
[DISPATCH] site=0xcdac7 count=759 slot=0x716a80ac40c8 slot_off=0xc40c8 idx=0x9b0 frame=0x716a80a7836d frame_off=0x7836d vm_ip=0x716a80d139de vm_ip_off=0x3139de vm_flags=0x4a612e32 vm_state=0x5f8f8af3 vm_byte=0x3a target=0x716a80ab8556 target_off=0xb8556
[DISPATCH] site=0xcdac7 count=760 slot=0x716a80ac3c60 slot_off=0xc3c60 idx=0x548 frame=0x716a80a7836d frame_off=0x7836d vm_ip=0x716a80d13c4c vm_ip_off=0x313c4c vm_flags=0x8f70318b vm_state=0xfbfb8b3c vm_byte=0x3a target=0x716a80a9af18 target_off=0x9af18
[DISPATCH] site=0xcdac7 count=761 slot=0x716a80ac3c60 slot_off=0xc3c60 idx=0x548 frame=0x716a80a7836d frame_off=0x7836d vm_ip=0x716a80d13e8f vm_ip_off=0x313e8f vm_flags=0xfed1df96 vm_state=0x58a4dcd6 vm_byte=0x3a target=0x716a80a9af18 target_off=0x9af18
[DISPATCH] site=0xcdac7 count=762 slot=0x716a80ac3c60 slot_off=0xc3c60 idx=0x548 frame=0x716a80a7836d frame_off=0x7836d vm_ip=0x716a80d14071 vm_ip_off=0x314071 vm_flags=0x4ac60206 vm_state=0x5ee7d2fb vm_byte=0x3a target=0x716a80a9af18 target_off=0x9af18
[DISPATCH] site=0xcdac7 count=763 slot=0x716a80ac40c8 slot_off=0xc40c8 idx=0x9b0 frame=0x716a80a7836d frame_off=0x7836d vm_ip=0x716a80d142df vm_ip_off=0x3142df vm_flags=0x861eb185 vm_state=0xdf95e7f4 vm_byte=0x3a target=0x716a80ab8556 target_off=0xb8556
[DISPATCH] site=0xcdac7 count=764 slot=0x716a80ac40c8 slot_off=0xc40c8 idx=0x9b0 frame=0x716a80a7836d frame_off=0x7836d vm_ip=0x716a80d14522 vm_ip_off=0x314522 vm_flags=0x34a042ea vm_state=0x3ce04eeb vm_byte=0x3a target=0x716a80ab8556 target_off=0xb8556
[DISPATCH] site=0xcdac7 count=765 slot=0x716a80ac40c8 slot_off=0xc40c8 idx=0x9b0 frame=0x716a80a7836d frame_off=0x7836d vm_ip=0x716a80d14704 vm_ip_off=0x314704 vm_flags=0xfcdeff37 vm_state=0xfcd60600 vm_byte=0x3a target=0x716a80ab8556 target_off=0xb8556
[DISPATCH] site=0xcdac7 count=766 slot=0x716a80ac3c60 slot_off=0xc3c60 idx=0x548 frame=0x716a80a7836d frame_off=0x7836d vm_ip=0x716a80d14972 vm_ip_off=0x314972 vm_flags=0xf8eeff37 vm_state=0xf8e60910 vm_byte=0x3a target=0x716a80a9af18 target_off=0x9af18
[DISPATCH] site=0xcdac7 count=767 slot=0x716a80ac40c8 slot_off=0xc40c8 idx=0x9b0 frame=0x716a80a7836d frame_off=0x7836d vm_ip=0x716a80d14bb5 vm_ip_off=0x314bb5 vm_flags=0x62662dfb vm_state=0xbffcca14 vm_byte=0x3a target=0x716a80ab8556 target_off=0xb8556
[DISPATCH] site=0xcdac7 count=768 slot=0x716a80ac3c60 slot_off=0xc3c60 idx=0x548 frame=0x716a80a7836d frame_off=0x7836d vm_ip=0x716a80d14d97 vm_ip_off=0x314d97 vm_flags=0xfadf7f2d vm_state=0xf21b0800 vm_byte=0x3a target=0x716a80a9af18 target_off=0x9af18
[DISPATCH] site=0xcdac7 count=769 slot=0x716a80ac40c8 slot_off=0xc40c8 idx=0x9b0 frame=0x716a80a7836d frame_off=0x7836d vm_ip=0x716a80d15005 vm_ip_off=0x315005 vm_flags=0xe34473c6 vm_state=0xe74477c6 vm_byte=0x3a target=0x716a80ab8556 target_off=0xb8556
[DISPATCH] site=0xcdac7 count=770 slot=0x716a80ac40c8 slot_off=0xc40c8 idx=0x9b0 frame=0x716a80a7836d frame_off=0x7836d vm_ip=0x716a80d1522f vm_ip_off=0x31522f vm_flags=0x69b0303a vm_state=0x69145e5a vm_byte=0x3a target=0x716a80ab8556 target_off=0xb8556
[DISPATCH] site=0xcdac7 count=771 slot=0x716a80ac3c60 slot_off=0xc3c60 idx=0x548 frame=0x716a80a7836d frame_off=0x7836d vm_ip=0x716a80d15486 vm_ip_off=0x315486 vm_flags=0x841ab3c5 vm_state=0x841ab3c5 vm_byte=0x3a target=0x716a80a9af18 target_off=0x9af18
[DISPATCH] site=0xcdac7 count=772 slot=0x716a80ac3c60 slot_off=0xc3c60 idx=0x548 frame=0x716a80a7836d frame_off=0x7836d vm_ip=0x716a80d156ca vm_ip_off=0x3156ca vm_flags=0xf613f930 vm_state=0x3ffce85e vm_byte=0x3a target=0x716a80a9af18 target_off=0x9af18
[DISPATCH] site=0xcdac7 count=773 slot=0x716a80ac3c60 slot_off=0xc3c60 idx=0x548 frame=0x716a80a7836d frame_off=0x7836d vm_ip=0x716a80d15969 vm_ip_off=0x315969 vm_flags=0x2ab32381 vm_state=0x2af72783 vm_byte=0x3a target=0x716a80a9af18 target_off=0x9af18
[DISPATCH] site=0xcdac7 count=774 slot=0x716a80ac3c60 slot_off=0xc3c60 idx=0x548 frame=0x716a80a7836d frame_off=0x7836d vm_ip=0x716a80d15bbf vm_ip_off=0x315bbf vm_flags=0x6e5d9892 vm_state=0x4000d60c vm_byte=0x3a target=0x716a80a9af18 target_off=0x9af18
[DISPATCH] site=0xcdac7 count=775 slot=0x716a80ac40c8 slot_off=0xc40c8 idx=0x9b0 frame=0x716a80a7836d frame_off=0x7836d vm_ip=0x716a80d10ca5 vm_ip_off=0x310ca5 vm_flags=0x148226cc vm_state=0xffaffb65 vm_byte=0x3a target=0x716a80ab8556 target_off=0xb8556
[DISPATCH] site=0xcdac7 count=776 slot=0x716a80ac40c8 slot_off=0xc40c8 idx=0x9b0 frame=0x716a80a7836d frame_off=0x7836d vm_ip=0x716a80d10ef0 vm_ip_off=0x310ef0 vm_flags=0x14100010 vm_state=0x3f0612b2 vm_byte=0x3a target=0x716a80ab8556 target_off=0xb8556
[DISPATCH] site=0xcdac7 count=777 slot=0x716a80ac3c60 slot_off=0xc3c60 idx=0x548 frame=0x716a80a7836d frame_off=0x7836d vm_ip=0x716a80d11163 vm_ip_off=0x311163 vm_flags=0xc83095f0 vm_state=0x400110fe vm_byte=0x3a target=0x716a80a9af18 target_off=0x9af18
[DISPATCH] site=0xcdac7 count=778 slot=0x716a80ac3c60 slot_off=0xc3c60 idx=0x548 frame=0x716a80a7836d frame_off=0x7836d vm_ip=0x716a80d113a5 vm_ip_off=0x3113a5 vm_flags=0x7adeff2e vm_state=0x78de0800 vm_byte=0x3a target=0x716a80a9af18 target_off=0x9af18
[DISPATCH] site=0xcdac7 count=779 slot=0x716a80ac40c8 slot_off=0xc40c8 idx=0x9b0 frame=0x716a80a7836d frame_off=0x7836d vm_ip=0x716a80d115e7 vm_ip_off=0x3115e7 vm_flags=0x2948 vm_state=0x2948 vm_byte=0x3a target=0x716a80ab8556 target_off=0xb8556
[DISPATCH] site=0xcdac7 count=780 slot=0x716a80ac3c60 slot_off=0xc3c60 idx=0x548 frame=0x716a80a7836d frame_off=0x7836d vm_ip=0x716a80d11829 vm_ip_off=0x311829 vm_flags=0x3acddfde vm_state=0x585c5c02 vm_byte=0x3a target=0x716a80a9af18 target_off=0x9af18
[DISPATCH] site=0xcdac7 count=781 slot=0x716a80ac3c60 slot_off=0xc3c60 idx=0x548 frame=0x716a80a7836d frame_off=0x7836d vm_ip=0x716a80d11a6b vm_ip_off=0x311a6b vm_flags=0xef1b287 vm_state=0x69145f5a vm_byte=0x3a target=0x716a80a9af18 target_off=0x9af18
[DISPATCH] site=0xcdac7 count=782 slot=0x716a80ac40c8 slot_off=0xc40c8 idx=0x9b0 frame=0x716a80a7836d frame_off=0x7836d vm_ip=0x716a80d11cad vm_ip_off=0x311cad vm_flags=0x524c03c5 vm_state=0x7df7dfda vm_byte=0x3a target=0x716a80ab8556 target_off=0xb8556
[DISPATCH] site=0xcdac7 count=783 slot=0x716a80ac40c8 slot_off=0xc40c8 idx=0x9b0 frame=0x716a80a7836d frame_off=0x7836d vm_ip=0x716a80d11f69 vm_ip_off=0x311f69 vm_flags=0x8e78f1da vm_state=0xeb377ffe vm_byte=0x3a target=0x716a80ab8556 target_off=0xb8556
[DISPATCH] site=0xcdac7 count=784 slot=0x716a80ac40c8 slot_off=0xc40c8 idx=0x9b0 frame=0x716a80a7836d frame_off=0x7836d vm_ip=0x716a80d1223a vm_ip_off=0x31223a vm_flags=0x8e4e0de5 vm_state=0x7bd7fefb vm_byte=0x3a target=0x716a80ab8556 target_off=0xb8556
[DISPATCH] site=0xcdac7 count=785 slot=0x716a80ac3c60 slot_off=0xc3c60 idx=0x548 frame=0x716a80a7836d frame_off=0x7836d vm_ip=0x716a80d12464 vm_ip_off=0x312464 vm_flags=0x347541db vm_state=0x69945ffa vm_byte=0x3a target=0x716a80a9af18 target_off=0x9af18
[DISPATCH] site=0xcdac7 count=786 slot=0x716a80ac40c8 slot_off=0xc40c8 idx=0x9b0 frame=0x716a80a7836d frame_off=0x7836d vm_ip=0x716a80d1268e vm_ip_off=0x31268e vm_flags=0x5675bb90 vm_state=0xffc76ef9 vm_byte=0x3a target=0x716a80ab8556 target_off=0xb8556
[DISPATCH] site=0xcdac7 count=787 slot=0x716a80ac3c60 slot_off=0xc3c60 idx=0x548 frame=0x716a80a7836d frame_off=0x7836d vm_ip=0x716a80d12868 vm_ip_off=0x312868 vm_flags=0x221c12 vm_state=0x3f06a742 vm_byte=0x3a target=0x716a80a9af18 target_off=0x9af18
[DISPATCH] site=0xcdac7 count=788 slot=0x716a80ac3c60 slot_off=0xc3c60 idx=0x548 frame=0x716a80a7836d frame_off=0x7836d vm_ip=0x716a80d12aee vm_ip_off=0x312aee vm_flags=0x8e3c0ca2 vm_state=0x6f95fefa vm_byte=0x3a target=0x716a80a9af18 target_off=0x9af18
[DISPATCH] site=0xcdac7 count=789 slot=0x716a80ac3c60 slot_off=0xc3c60 idx=0x548 frame=0x716a80a7836d frame_off=0x7836d vm_ip=0x716a80d12cd0 vm_ip_off=0x312cd0 vm_flags=0xfbf79ddb vm_state=0xf9f3eb74 vm_byte=0x3a target=0x716a80a9af18 target_off=0x9af18
[DISPATCH] site=0xcdac7 count=790 slot=0x716a80ac40c8 slot_off=0xc40c8 idx=0x9b0 frame=0x716a80a7836d frame_off=0x7836d vm_ip=0x716a80d12f26 vm_ip_off=0x312f26 vm_flags=0x4b8eb2de vm_state=0x7b1c5e5e vm_byte=0x3a target=0x716a80ab8556 target_off=0xb8556
[DISPATCH] site=0xcdac7 count=791 slot=0x716a80ac40c8 slot_off=0xc40c8 idx=0x9b0 frame=0x716a80a7836d frame_off=0x7836d vm_ip=0x716a80d13169 vm_ip_off=0x313169 vm_flags=0x7afe7fef vm_state=0x727e02a8 vm_byte=0x3a target=0x716a80ab8556 target_off=0xb8556
[DISPATCH] site=0xcdac7 count=792 slot=0x716a80ac3c60 slot_off=0xc3c60 idx=0x548 frame=0x716a80a7836d frame_off=0x7836d vm_ip=0x716a80d1334b vm_ip_off=0x31334b vm_flags=0xce4d8465 vm_state=0x7f3e7f7b vm_byte=0x3a target=0x716a80a9af18 target_off=0x9af18
[DISPATCH] site=0xcdac7 count=793 slot=0x716a80ac3c60 slot_off=0xc3c60 idx=0x548 frame=0x716a80a7836d frame_off=0x7836d vm_ip=0x716a80d135b9 vm_ip_off=0x3135b9 vm_flags=0xc917a90d vm_state=0xc917a90d vm_byte=0x3a target=0x716a80a9af18 target_off=0x9af18
[DISPATCH] site=0xcdac7 count=794 slot=0x716a80ac40c8 slot_off=0xc40c8 idx=0x9b0 frame=0x716a80a7836d frame_off=0x7836d vm_ip=0x716a80d137fc vm_ip_off=0x3137fc vm_flags=0x8df97560 vm_state=0x694cb90f vm_byte=0x3a target=0x716a80ab8556 target_off=0xb8556
[DISPATCH] site=0xcdac7 count=795 slot=0x716a80ac40c8 slot_off=0xc40c8 idx=0x9b0 frame=0x716a80a7836d frame_off=0x7836d vm_ip=0x716a80d139de vm_ip_off=0x3139de vm_flags=0x4a612e32 vm_state=0x5f8f8af3 vm_byte=0x3a target=0x716a80ab8556 target_off=0xb8556
[DISPATCH] site=0xcdac7 count=796 slot=0x716a80ac3c60 slot_off=0xc3c60 idx=0x548 frame=0x716a80a7836d frame_off=0x7836d vm_ip=0x716a80d13c4c vm_ip_off=0x313c4c vm_flags=0x8f70318b vm_state=0xfbfb8b3c vm_byte=0x3a target=0x716a80a9af18 target_off=0x9af18
[DISPATCH] site=0xcdac7 count=797 slot=0x716a80ac3c60 slot_off=0xc3c60 idx=0x548 frame=0x716a80a7836d frame_off=0x7836d vm_ip=0x716a80d13e8f vm_ip_off=0x313e8f vm_flags=0xfed1df96 vm_state=0x58a4dcd6 vm_byte=0x3a target=0x716a80a9af18 target_off=0x9af18
[DISPATCH] site=0xcdac7 count=798 slot=0x716a80ac3c60 slot_off=0xc3c60 idx=0x548 frame=0x716a80a7836d frame_off=0x7836d vm_ip=0x716a80d14071 vm_ip_off=0x314071 vm_flags=0x4ac60206 vm_state=0x5ee7d2fb vm_byte=0x3a target=0x716a80a9af18 target_off=0x9af18
[DISPATCH] site=0xcdac7 count=799 slot=0x716a80ac40c8 slot_off=0xc40c8 idx=0x9b0 frame=0x716a80a7836d frame_off=0x7836d vm_ip=0x716a80d142df vm_ip_off=0x3142df vm_flags=0x861eb185 vm_state=0xdf95e7f4 vm_byte=0x3a target=0x716a80ab8556 target_off=0xb8556
[DISPATCH] site=0xcdac7 count=800 slot=0x716a80ac40c8 slot_off=0xc40c8 idx=0x9b0 frame=0x716a80a7836d frame_off=0x7836d vm_ip=0x716a80d14522 vm_ip_off=0x314522 vm_flags=0x34a042ea vm_state=0x3ce04eeb vm_byte=0x3a target=0x716a80ab8556 target_off=0xb8556
[DISPATCH] site=0xcdac7 count=801 slot=0x716a80ac40c8 slot_off=0xc40c8 idx=0x9b0 frame=0x716a80a7836d frame_off=0x7836d vm_ip=0x716a80d14704 vm_ip_off=0x314704 vm_flags=0xfcdeff37 vm_state=0xfcd60600 vm_byte=0x3a target=0x716a80ab8556 target_off=0xb8556
[DISPATCH] site=0xcdac7 count=802 slot=0x716a80ac3c60 slot_off=0xc3c60 idx=0x548 frame=0x716a80a7836d frame_off=0x7836d vm_ip=0x716a80d14972 vm_ip_off=0x314972 vm_flags=0xf8eeff37 vm_state=0xf8e60910 vm_byte=0x3a target=0x716a80a9af18 target_off=0x9af18
[DISPATCH] site=0xcdac7 count=803 slot=0x716a80ac40c8 slot_off=0xc40c8 idx=0x9b0 frame=0x716a80a7836d frame_off=0x7836d vm_ip=0x716a80d14bb5 vm_ip_off=0x314bb5 vm_flags=0x62662dfb vm_state=0xbffcca14 vm_byte=0x3a target=0x716a80ab8556 target_off=0xb8556
[DISPATCH] site=0xcdac7 count=804 slot=0x716a80ac3c60 slot_off=0xc3c60 idx=0x548 frame=0x716a80a7836d frame_off=0x7836d vm_ip=0x716a80d14d97 vm_ip_off=0x314d97 vm_flags=0xfadf7f2d vm_state=0xf21b0800 vm_byte=0x3a target=0x716a80a9af18 target_off=0x9af18
[DISPATCH] site=0xcdac7 count=805 slot=0x716a80ac40c8 slot_off=0xc40c8 idx=0x9b0 frame=0x716a80a7836d frame_off=0x7836d vm_ip=0x716a80d15005 vm_ip_off=0x315005 vm_flags=0xe34473c6 vm_state=0xe74477c6 vm_byte=0x3a target=0x716a80ab8556 target_off=0xb8556
[DISPATCH] site=0xcdac7 count=806 slot=0x716a80ac40c8 slot_off=0xc40c8 idx=0x9b0 frame=0x716a80a7836d frame_off=0x7836d vm_ip=0x716a80d1522f vm_ip_off=0x31522f vm_flags=0x69b0303a vm_state=0x69145e5a vm_byte=0x3a target=0x716a80ab8556 target_off=0xb8556
[DISPATCH] site=0xcdac7 count=807 slot=0x716a80ac3c60 slot_off=0xc3c60 idx=0x548 frame=0x716a80a7836d frame_off=0x7836d vm_ip=0x716a80d15486 vm_ip_off=0x315486 vm_flags=0x841ab3c5 vm_state=0x841ab3c5 vm_byte=0x3a target=0x716a80a9af18 target_off=0x9af18
[DISPATCH] site=0xcdac7 count=808 slot=0x716a80ac3c60 slot_off=0xc3c60 idx=0x548 frame=0x716a80a7836d frame_off=0x7836d vm_ip=0x716a80d156ca vm_ip_off=0x3156ca vm_flags=0xf613f930 vm_state=0x3ffce85e vm_byte=0x3a target=0x716a80a9af18 target_off=0x9af18
[DISPATCH] site=0xcdac7 count=809 slot=0x716a80ac3c60 slot_off=0xc3c60 idx=0x548 frame=0x716a80a7836d frame_off=0x7836d vm_ip=0x716a80d15969 vm_ip_off=0x315969 vm_flags=0x2ab32381 vm_state=0x2af72783 vm_byte=0x3a target=0x716a80a9af18 target_off=0x9af18
[DISPATCH] site=0xcdac7 count=810 slot=0x716a80ac3c60 slot_off=0xc3c60 idx=0x548 frame=0x716a80a7836d frame_off=0x7836d vm_ip=0x716a80d15bbf vm_ip_off=0x315bbf vm_flags=0x6e5d9892 vm_state=0x4000d60c vm_byte=0x3a target=0x716a80a9af18 target_off=0x9af18
[DISPATCH] site=0xcdac7 count=811 slot=0x716a80ac40c8 slot_off=0xc40c8 idx=0x9b0 frame=0x716a80a7836d frame_off=0x7836d vm_ip=0x716a80d10ca5 vm_ip_off=0x310ca5 vm_flags=0x148226cc vm_state=0xffaffb65 vm_byte=0x3a target=0x716a80ab8556 target_off=0xb8556
[DISPATCH] site=0xcdac7 count=812 slot=0x716a80ac40c8 slot_off=0xc40c8 idx=0x9b0 frame=0x716a80a7836d frame_off=0x7836d vm_ip=0x716a80d10ef0 vm_ip_off=0x310ef0 vm_flags=0x14100010 vm_state=0x3f0612b2 vm_byte=0x3a target=0x716a80ab8556 target_off=0xb8556
[DISPATCH] site=0xcdac7 count=813 slot=0x716a80ac3c60 slot_off=0xc3c60 idx=0x548 frame=0x716a80a7836d frame_off=0x7836d vm_ip=0x716a80d11163 vm_ip_off=0x311163 vm_flags=0xc83095f0 vm_state=0x400110fe vm_byte=0x3a target=0x716a80a9af18 target_off=0x9af18
[DISPATCH] site=0xcdac7 count=814 slot=0x716a80ac3c60 slot_off=0xc3c60 idx=0x548 frame=0x716a80a7836d frame_off=0x7836d vm_ip=0x716a80d113a5 vm_ip_off=0x3113a5 vm_flags=0x7adeff2e vm_state=0x78de0800 vm_byte=0x3a target=0x716a80a9af18 target_off=0x9af18
[DISPATCH] site=0xcdac7 count=815 slot=0x716a80ac40c8 slot_off=0xc40c8 idx=0x9b0 frame=0x716a80a7836d frame_off=0x7836d vm_ip=0x716a80d115e7 vm_ip_off=0x3115e7 vm_flags=0x2948 vm_state=0x2948 vm_byte=0x3a target=0x716a80ab8556 target_off=0xb8556
[DISPATCH] site=0xcdac7 count=816 slot=0x716a80ac3c60 slot_off=0xc3c60 idx=0x548 frame=0x716a80a7836d frame_off=0x7836d vm_ip=0x716a80d11829 vm_ip_off=0x311829 vm_flags=0x3acddfde vm_state=0x585c5c02 vm_byte=0x3a target=0x716a80a9af18 target_off=0x9af18
[DISPATCH] site=0xcdac7 count=817 slot=0x716a80ac3c60 slot_off=0xc3c60 idx=0x548 frame=0x716a80a7836d frame_off=0x7836d vm_ip=0x716a80d11a6b vm_ip_off=0x311a6b vm_flags=0xef1b287 vm_state=0x69145f5a vm_byte=0x3a target=0x716a80a9af18 target_off=0x9af18
[DISPATCH] site=0xcdac7 count=818 slot=0x716a80ac40c8 slot_off=0xc40c8 idx=0x9b0 frame=0x716a80a7836d frame_off=0x7836d vm_ip=0x716a80d11cad vm_ip_off=0x311cad vm_flags=0x524c03c5 vm_state=0x7df7dfda vm_byte=0x3a target=0x716a80ab8556 target_off=0xb8556
[DISPATCH] site=0xcdac7 count=819 slot=0x716a80ac40c8 slot_off=0xc40c8 idx=0x9b0 frame=0x716a80a7836d frame_off=0x7836d vm_ip=0x716a80d11f69 vm_ip_off=0x311f69 vm_flags=0x8e78f1da vm_state=0xeb377ffe vm_byte=0x3a target=0x716a80ab8556 target_off=0xb8556
[DISPATCH] site=0xcdac7 count=820 slot=0x716a80ac40c8 slot_off=0xc40c8 idx=0x9b0 frame=0x716a80a7836d frame_off=0x7836d vm_ip=0x716a80d1223a vm_ip_off=0x31223a vm_flags=0x8e4e0de5 vm_state=0x7bd7fefb vm_byte=0x3a target=0x716a80ab8556 target_off=0xb8556
[DISPATCH] site=0xcdac7 count=821 slot=0x716a80ac3c60 slot_off=0xc3c60 idx=0x548 frame=0x716a80a7836d frame_off=0x7836d vm_ip=0x716a80d12464 vm_ip_off=0x312464 vm_flags=0x347541db vm_state=0x69945ffa vm_byte=0x3a target=0x716a80a9af18 target_off=0x9af18
[DISPATCH] site=0xcdac7 count=822 slot=0x716a80ac40c8 slot_off=0xc40c8 idx=0x9b0 frame=0x716a80a7836d frame_off=0x7836d vm_ip=0x716a80d1268e vm_ip_off=0x31268e vm_flags=0x5675bb90 vm_state=0xffc76ef9 vm_byte=0x3a target=0x716a80ab8556 target_off=0xb8556
[DISPATCH] site=0xcdac7 count=823 slot=0x716a80ac3c60 slot_off=0xc3c60 idx=0x548 frame=0x716a80a7836d frame_off=0x7836d vm_ip=0x716a80d12868 vm_ip_off=0x312868 vm_flags=0x221c12 vm_state=0x3f06a742 vm_byte=0x3a target=0x716a80a9af18 target_off=0x9af18
[DISPATCH] site=0xcdac7 count=824 slot=0x716a80ac3c60 slot_off=0xc3c60 idx=0x548 frame=0x716a80a7836d frame_off=0x7836d vm_ip=0x716a80d12aee vm_ip_off=0x312aee vm_flags=0x8e3c0ca2 vm_state=0x6f95fefa vm_byte=0x3a target=0x716a80a9af18 target_off=0x9af18
[DISPATCH] site=0xcdac7 count=825 slot=0x716a80ac3c60 slot_off=0xc3c60 idx=0x548 frame=0x716a80a7836d frame_off=0x7836d vm_ip=0x716a80d12cd0 vm_ip_off=0x312cd0 vm_flags=0xfbf79ddb vm_state=0xf9f3eb74 vm_byte=0x3a target=0x716a80a9af18 target_off=0x9af18
[DISPATCH] site=0xcdac7 count=826 slot=0x716a80ac40c8 slot_off=0xc40c8 idx=0x9b0 frame=0x716a80a7836d frame_off=0x7836d vm_ip=0x716a80d12f26 vm_ip_off=0x312f26 vm_flags=0x4b8eb2de vm_state=0x7b1c5e5e vm_byte=0x3a target=0x716a80ab8556 target_off=0xb8556
[DISPATCH] site=0xcdac7 count=827 slot=0x716a80ac40c8 slot_off=0xc40c8 idx=0x9b0 frame=0x716a80a7836d frame_off=0x7836d vm_ip=0x716a80d13169 vm_ip_off=0x313169 vm_flags=0x7afe7fef vm_state=0x727e02a8 vm_byte=0x3a target=0x716a80ab8556 target_off=0xb8556
[DISPATCH] site=0xcdac7 count=828 slot=0x716a80ac3c60 slot_off=0xc3c60 idx=0x548 frame=0x716a80a7836d frame_off=0x7836d vm_ip=0x716a80d1334b vm_ip_off=0x31334b vm_flags=0xce4d8465 vm_state=0x7f3e7f7b vm_byte=0x3a target=0x716a80a9af18 target_off=0x9af18
[DISPATCH] site=0xcdac7 count=829 slot=0x716a80ac3c60 slot_off=0xc3c60 idx=0x548 frame=0x716a80a7836d frame_off=0x7836d vm_ip=0x716a80d135b9 vm_ip_off=0x3135b9 vm_flags=0xc917a90d vm_state=0xc917a90d vm_byte=0x3a target=0x716a80a9af18 target_off=0x9af18
[DISPATCH] site=0xcdac7 count=830 slot=0x716a80ac40c8 slot_off=0xc40c8 idx=0x9b0 frame=0x716a80a7836d frame_off=0x7836d vm_ip=0x716a80d137fc vm_ip_off=0x3137fc vm_flags=0x8df97560 vm_state=0x694cb90f vm_byte=0x3a target=0x716a80ab8556 target_off=0xb8556
[DISPATCH] site=0xcdac7 count=831 slot=0x716a80ac40c8 slot_off=0xc40c8 idx=0x9b0 frame=0x716a80a7836d frame_off=0x7836d vm_ip=0x716a80d139de vm_ip_off=0x3139de vm_flags=0x4a612e32 vm_state=0x5f8f8af3 vm_byte=0x3a target=0x716a80ab8556 target_off=0xb8556
[DISPATCH] site=0xcdac7 count=832 slot=0x716a80ac3c60 slot_off=0xc3c60 idx=0x548 frame=0x716a80a7836d frame_off=0x7836d vm_ip=0x716a80d13c4c vm_ip_off=0x313c4c vm_flags=0x8f70318b vm_state=0xfbfb8b3c vm_byte=0x3a target=0x716a80a9af18 target_off=0x9af18
[DISPATCH] site=0xcdac7 count=833 slot=0x716a80ac3c60 slot_off=0xc3c60 idx=0x548 frame=0x716a80a7836d frame_off=0x7836d vm_ip=0x716a80d13e8f vm_ip_off=0x313e8f vm_flags=0xfed1df96 vm_state=0x58a4dcd6 vm_byte=0x3a target=0x716a80a9af18 target_off=0x9af18
[DISPATCH] site=0xcdac7 count=834 slot=0x716a80ac3c60 slot_off=0xc3c60 idx=0x548 frame=0x716a80a7836d frame_off=0x7836d vm_ip=0x716a80d14071 vm_ip_off=0x314071 vm_flags=0x4ac60206 vm_state=0x5ee7d2fb vm_byte=0x3a target=0x716a80a9af18 target_off=0x9af18
[DISPATCH] site=0xcdac7 count=835 slot=0x716a80ac40c8 slot_off=0xc40c8 idx=0x9b0 frame=0x716a80a7836d frame_off=0x7836d vm_ip=0x716a80d142df vm_ip_off=0x3142df vm_flags=0x861eb185 vm_state=0xdf95e7f4 vm_byte=0x3a target=0x716a80ab8556 target_off=0xb8556
[DISPATCH] site=0xcdac7 count=836 slot=0x716a80ac40c8 slot_off=0xc40c8 idx=0x9b0 frame=0x716a80a7836d frame_off=0x7836d vm_ip=0x716a80d14522 vm_ip_off=0x314522 vm_flags=0x34a042ea vm_state=0x3ce04eeb vm_byte=0x3a target=0x716a80ab8556 target_off=0xb8556
[DISPATCH] site=0xcdac7 count=837 slot=0x716a80ac40c8 slot_off=0xc40c8 idx=0x9b0 frame=0x716a80a7836d frame_off=0x7836d vm_ip=0x716a80d14704 vm_ip_off=0x314704 vm_flags=0xfcdeff37 vm_state=0xfcd60600 vm_byte=0x3a target=0x716a80ab8556 target_off=0xb8556
[DISPATCH] site=0xcdac7 count=838 slot=0x716a80ac3c60 slot_off=0xc3c60 idx=0x548 frame=0x716a80a7836d frame_off=0x7836d vm_ip=0x716a80d14972 vm_ip_off=0x314972 vm_flags=0xf8eeff37 vm_state=0xf8e60910 vm_byte=0x3a target=0x716a80a9af18 target_off=0x9af18
[DISPATCH] site=0xcdac7 count=839 slot=0x716a80ac40c8 slot_off=0xc40c8 idx=0x9b0 frame=0x716a80a7836d frame_off=0x7836d vm_ip=0x716a80d14bb5 vm_ip_off=0x314bb5 vm_flags=0x62662dfb vm_state=0xbffcca14 vm_byte=0x3a target=0x716a80ab8556 target_off=0xb8556
[DISPATCH] site=0xcdac7 count=840 slot=0x716a80ac3c60 slot_off=0xc3c60 idx=0x548 frame=0x716a80a7836d frame_off=0x7836d vm_ip=0x716a80d14d97 vm_ip_off=0x314d97 vm_flags=0xfadf7f2d vm_state=0xf21b0800 vm_byte=0x3a target=0x716a80a9af18 target_off=0x9af18
[DISPATCH] site=0xcdac7 count=841 slot=0x716a80ac40c8 slot_off=0xc40c8 idx=0x9b0 frame=0x716a80a7836d frame_off=0x7836d vm_ip=0x716a80d15005 vm_ip_off=0x315005 vm_flags=0xe34473c6 vm_state=0xe74477c6 vm_byte=0x3a target=0x716a80ab8556 target_off=0xb8556
[DISPATCH] site=0xcdac7 count=842 slot=0x716a80ac40c8 slot_off=0xc40c8 idx=0x9b0 frame=0x716a80a7836d frame_off=0x7836d vm_ip=0x716a80d1522f vm_ip_off=0x31522f vm_flags=0x69b0303a vm_state=0x69145e5a vm_byte=0x3a target=0x716a80ab8556 target_off=0xb8556
[DISPATCH] site=0xcdac7 count=843 slot=0x716a80ac3c60 slot_off=0xc3c60 idx=0x548 frame=0x716a80a7836d frame_off=0x7836d vm_ip=0x716a80d15486 vm_ip_off=0x315486 vm_flags=0x841ab3c5 vm_state=0x841ab3c5 vm_byte=0x3a target=0x716a80a9af18 target_off=0x9af18
[DISPATCH] site=0xcdac7 count=844 slot=0x716a80ac3c60 slot_off=0xc3c60 idx=0x548 frame=0x716a80a7836d frame_off=0x7836d vm_ip=0x716a80d156ca vm_ip_off=0x3156ca vm_flags=0xf613f930 vm_state=0x3ffce85e vm_byte=0x3a target=0x716a80a9af18 target_off=0x9af18
[DISPATCH] site=0xcdac7 count=845 slot=0x716a80ac3c60 slot_off=0xc3c60 idx=0x548 frame=0x716a80a7836d frame_off=0x7836d vm_ip=0x716a80d15969 vm_ip_off=0x315969 vm_flags=0x2ab32381 vm_state=0x2af72783 vm_byte=0x3a target=0x716a80a9af18 target_off=0x9af18
[DISPATCH] site=0xcdac7 count=846 slot=0x716a80ac3c60 slot_off=0xc3c60 idx=0x548 frame=0x716a80a7836d frame_off=0x7836d vm_ip=0x716a80d15bbf vm_ip_off=0x315bbf vm_flags=0x6e5d9892 vm_state=0x4000d60c vm_byte=0x3a target=0x716a80a9af18 target_off=0x9af18
[DISPATCH] site=0xcdac7 count=847 slot=0x716a80ac40c8 slot_off=0xc40c8 idx=0x9b0 frame=0x716a80a7836d frame_off=0x7836d vm_ip=0x716a80d10ca5 vm_ip_off=0x310ca5 vm_flags=0x148226cc vm_state=0xffaffb65 vm_byte=0x3a target=0x716a80ab8556 target_off=0xb8556
[DISPATCH] site=0xcdac7 count=848 slot=0x716a80ac40c8 slot_off=0xc40c8 idx=0x9b0 frame=0x716a80a7836d frame_off=0x7836d vm_ip=0x716a80d10ef0 vm_ip_off=0x310ef0 vm_flags=0x14100010 vm_state=0x3f0612b2 vm_byte=0x3a target=0x716a80ab8556 target_off=0xb8556
[DISPATCH] site=0xcdac7 count=849 slot=0x716a80ac3c60 slot_off=0xc3c60 idx=0x548 frame=0x716a80a7836d frame_off=0x7836d vm_ip=0x716a80d11163 vm_ip_off=0x311163 vm_flags=0xc83095f0 vm_state=0x400110fe vm_byte=0x3a target=0x716a80a9af18 target_off=0x9af18
[DISPATCH] site=0xcdac7 count=850 slot=0x716a80ac3c60 slot_off=0xc3c60 idx=0x548 frame=0x716a80a7836d frame_off=0x7836d vm_ip=0x716a80d113a5 vm_ip_off=0x3113a5 vm_flags=0x7adeff2e vm_state=0x78de0800 vm_byte=0x3a target=0x716a80a9af18 target_off=0x9af18
[DISPATCH] site=0xcdac7 count=851 slot=0x716a80ac40c8 slot_off=0xc40c8 idx=0x9b0 frame=0x716a80a7836d frame_off=0x7836d vm_ip=0x716a80d115e7 vm_ip_off=0x3115e7 vm_flags=0x2948 vm_state=0x2948 vm_byte=0x3a target=0x716a80ab8556 target_off=0xb8556
[DISPATCH] site=0xcdac7 count=852 slot=0x716a80ac3c60 slot_off=0xc3c60 idx=0x548 frame=0x716a80a7836d frame_off=0x7836d vm_ip=0x716a80d11829 vm_ip_off=0x311829 vm_flags=0x3acddfde vm_state=0x585c5c02 vm_byte=0x3a target=0x716a80a9af18 target_off=0x9af18
[DISPATCH] site=0xcdac7 count=853 slot=0x716a80ac3c60 slot_off=0xc3c60 idx=0x548 frame=0x716a80a7836d frame_off=0x7836d vm_ip=0x716a80d11a6b vm_ip_off=0x311a6b vm_flags=0xef1b287 vm_state=0x69145f5a vm_byte=0x3a target=0x716a80a9af18 target_off=0x9af18
[DISPATCH] site=0xcdac7 count=854 slot=0x716a80ac40c8 slot_off=0xc40c8 idx=0x9b0 frame=0x716a80a7836d frame_off=0x7836d vm_ip=0x716a80d11cad vm_ip_off=0x311cad vm_flags=0x524c03c5 vm_state=0x7df7dfda vm_byte=0x3a target=0x716a80ab8556 target_off=0xb8556
[DISPATCH] site=0xcdac7 count=855 slot=0x716a80ac40c8 slot_off=0xc40c8 idx=0x9b0 frame=0x716a80a7836d frame_off=0x7836d vm_ip=0x716a80d11f69 vm_ip_off=0x311f69 vm_flags=0x8e78f1da vm_state=0xeb377ffe vm_byte=0x3a target=0x716a80ab8556 target_off=0xb8556
[DISPATCH] site=0xcdac7 count=856 slot=0x716a80ac40c8 slot_off=0xc40c8 idx=0x9b0 frame=0x716a80a7836d frame_off=0x7836d vm_ip=0x716a80d1223a vm_ip_off=0x31223a vm_flags=0x8e4e0de5 vm_state=0x7bd7fefb vm_byte=0x3a target=0x716a80ab8556 target_off=0xb8556
[DISPATCH] site=0xcdac7 count=857 slot=0x716a80ac3c60 slot_off=0xc3c60 idx=0x548 frame=0x716a80a7836d frame_off=0x7836d vm_ip=0x716a80d12464 vm_ip_off=0x312464 vm_flags=0x347541db vm_state=0x69945ffa vm_byte=0x3a target=0x716a80a9af18 target_off=0x9af18
[DISPATCH] site=0xcdac7 count=858 slot=0x716a80ac40c8 slot_off=0xc40c8 idx=0x9b0 frame=0x716a80a7836d frame_off=0x7836d vm_ip=0x716a80d1268e vm_ip_off=0x31268e vm_flags=0x5675bb90 vm_state=0xffc76ef9 vm_byte=0x3a target=0x716a80ab8556 target_off=0xb8556
[DISPATCH] site=0xcdac7 count=859 slot=0x716a80ac3c60 slot_off=0xc3c60 idx=0x548 frame=0x716a80a7836d frame_off=0x7836d vm_ip=0x716a80d12868 vm_ip_off=0x312868 vm_flags=0x221c12 vm_state=0x3f06a742 vm_byte=0x3a target=0x716a80a9af18 target_off=0x9af18
[DISPATCH] site=0xcdac7 count=860 slot=0x716a80ac3c60 slot_off=0xc3c60 idx=0x548 frame=0x716a80a7836d frame_off=0x7836d vm_ip=0x716a80d12aee vm_ip_off=0x312aee vm_flags=0x8e3c0ca2 vm_state=0x6f95fefa vm_byte=0x3a target=0x716a80a9af18 target_off=0x9af18
[DISPATCH] site=0xcdac7 count=861 slot=0x716a80ac3c60 slot_off=0xc3c60 idx=0x548 frame=0x716a80a7836d frame_off=0x7836d vm_ip=0x716a80d12cd0 vm_ip_off=0x312cd0 vm_flags=0xfbf79ddb vm_state=0xf9f3eb74 vm_byte=0x3a target=0x716a80a9af18 target_off=0x9af18
[DISPATCH] site=0xcdac7 count=862 slot=0x716a80ac40c8 slot_off=0xc40c8 idx=0x9b0 frame=0x716a80a7836d frame_off=0x7836d vm_ip=0x716a80d12f26 vm_ip_off=0x312f26 vm_flags=0x4b8eb2de vm_state=0x7b1c5e5e vm_byte=0x3a target=0x716a80ab8556 target_off=0xb8556
[DISPATCH] site=0xcdac7 count=863 slot=0x716a80ac40c8 slot_off=0xc40c8 idx=0x9b0 frame=0x716a80a7836d frame_off=0x7836d vm_ip=0x716a80d13169 vm_ip_off=0x313169 vm_flags=0x7afe7fef vm_state=0x727e02a8 vm_byte=0x3a target=0x716a80ab8556 target_off=0xb8556
[DISPATCH] site=0xcdac7 count=864 slot=0x716a80ac3c60 slot_off=0xc3c60 idx=0x548 frame=0x716a80a7836d frame_off=0x7836d vm_ip=0x716a80d1334b vm_ip_off=0x31334b vm_flags=0xce4d8465 vm_state=0x7f3e7f7b vm_byte=0x3a target=0x716a80a9af18 target_off=0x9af18
[DISPATCH] site=0xcdac7 count=865 slot=0x716a80ac3c60 slot_off=0xc3c60 idx=0x548 frame=0x716a80a7836d frame_off=0x7836d vm_ip=0x716a80d135b9 vm_ip_off=0x3135b9 vm_flags=0xc917a90d vm_state=0xc917a90d vm_byte=0x3a target=0x716a80a9af18 target_off=0x9af18
[DISPATCH] site=0xcdac7 count=866 slot=0x716a80ac40c8 slot_off=0xc40c8 idx=0x9b0 frame=0x716a80a7836d frame_off=0x7836d vm_ip=0x716a80d137fc vm_ip_off=0x3137fc vm_flags=0x8df97560 vm_state=0x694cb90f vm_byte=0x3a target=0x716a80ab8556 target_off=0xb8556
[DISPATCH] site=0xcdac7 count=867 slot=0x716a80ac40c8 slot_off=0xc40c8 idx=0x9b0 frame=0x716a80a7836d frame_off=0x7836d vm_ip=0x716a80d139de vm_ip_off=0x3139de vm_flags=0x4a612e32 vm_state=0x5f8f8af3 vm_byte=0x3a target=0x716a80ab8556 target_off=0xb8556
[DISPATCH] site=0xcdac7 count=868 slot=0x716a80ac3c60 slot_off=0xc3c60 idx=0x548 frame=0x716a80a7836d frame_off=0x7836d vm_ip=0x716a80d13c4c vm_ip_off=0x313c4c vm_flags=0x8f70318b vm_state=0xfbfb8b3c vm_byte=0x3a target=0x716a80a9af18 target_off=0x9af18
[DISPATCH] site=0xcdac7 count=869 slot=0x716a80ac3c60 slot_off=0xc3c60 idx=0x548 frame=0x716a80a7836d frame_off=0x7836d vm_ip=0x716a80d13e8f vm_ip_off=0x313e8f vm_flags=0xfed1df96 vm_state=0x58a4dcd6 vm_byte=0x3a target=0x716a80a9af18 target_off=0x9af18
[DISPATCH] site=0xcdac7 count=870 slot=0x716a80ac3c60 slot_off=0xc3c60 idx=0x548 frame=0x716a80a7836d frame_off=0x7836d vm_ip=0x716a80d14071 vm_ip_off=0x314071 vm_flags=0x4ac60206 vm_state=0x5ee7d2fb vm_byte=0x3a target=0x716a80a9af18 target_off=0x9af18
[DISPATCH] site=0xcdac7 count=871 slot=0x716a80ac40c8 slot_off=0xc40c8 idx=0x9b0 frame=0x716a80a7836d frame_off=0x7836d vm_ip=0x716a80d142df vm_ip_off=0x3142df vm_flags=0x861eb185 vm_state=0xdf95e7f4 vm_byte=0x3a target=0x716a80ab8556 target_off=0xb8556
[DISPATCH] site=0xcdac7 count=872 slot=0x716a80ac40c8 slot_off=0xc40c8 idx=0x9b0 frame=0x716a80a7836d frame_off=0x7836d vm_ip=0x716a80d14522 vm_ip_off=0x314522 vm_flags=0x34a042ea vm_state=0x3ce04eeb vm_byte=0x3a target=0x716a80ab8556 target_off=0xb8556
[DISPATCH] site=0xcdac7 count=873 slot=0x716a80ac40c8 slot_off=0xc40c8 idx=0x9b0 frame=0x716a80a7836d frame_off=0x7836d vm_ip=0x716a80d14704 vm_ip_off=0x314704 vm_flags=0xfcdeff37 vm_state=0xfcd60600 vm_byte=0x3a target=0x716a80ab8556 target_off=0xb8556
[DISPATCH] site=0xcdac7 count=874 slot=0x716a80ac3c60 slot_off=0xc3c60 idx=0x548 frame=0x716a80a7836d frame_off=0x7836d vm_ip=0x716a80d14972 vm_ip_off=0x314972 vm_flags=0xf8eeff37 vm_state=0xf8e60910 vm_byte=0x3a target=0x716a80a9af18 target_off=0x9af18
[DISPATCH] site=0xcdac7 count=875 slot=0x716a80ac40c8 slot_off=0xc40c8 idx=0x9b0 frame=0x716a80a7836d frame_off=0x7836d vm_ip=0x716a80d14bb5 vm_ip_off=0x314bb5 vm_flags=0x62662dfb vm_state=0xbffcca14 vm_byte=0x3a target=0x716a80ab8556 target_off=0xb8556
[DISPATCH] site=0xcdac7 count=876 slot=0x716a80ac3c60 slot_off=0xc3c60 idx=0x548 frame=0x716a80a7836d frame_off=0x7836d vm_ip=0x716a80d14d97 vm_ip_off=0x314d97 vm_flags=0xfadf7f2d vm_state=0xf21b0800 vm_byte=0x3a target=0x716a80a9af18 target_off=0x9af18
[DISPATCH] site=0xcdac7 count=877 slot=0x716a80ac40c8 slot_off=0xc40c8 idx=0x9b0 frame=0x716a80a7836d frame_off=0x7836d vm_ip=0x716a80d15005 vm_ip_off=0x315005 vm_flags=0xe34473c6 vm_state=0xe74477c6 vm_byte=0x3a target=0x716a80ab8556 target_off=0xb8556
[DISPATCH] site=0xcdac7 count=878 slot=0x716a80ac40c8 slot_off=0xc40c8 idx=0x9b0 frame=0x716a80a7836d frame_off=0x7836d vm_ip=0x716a80d1522f vm_ip_off=0x31522f vm_flags=0x69b0303a vm_state=0x69145e5a vm_byte=0x3a target=0x716a80ab8556 target_off=0xb8556
[DISPATCH] site=0xcdac7 count=879 slot=0x716a80ac3c60 slot_off=0xc3c60 idx=0x548 frame=0x716a80a7836d frame_off=0x7836d vm_ip=0x716a80d15486 vm_ip_off=0x315486 vm_flags=0x841ab3c5 vm_state=0x841ab3c5 vm_byte=0x3a target=0x716a80a9af18 target_off=0x9af18
[DISPATCH] site=0xcdac7 count=880 slot=0x716a80ac3c60 slot_off=0xc3c60 idx=0x548 frame=0x716a80a7836d frame_off=0x7836d vm_ip=0x716a80d156ca vm_ip_off=0x3156ca vm_flags=0xf613f930 vm_state=0x3ffce85e vm_byte=0x3a target=0x716a80a9af18 target_off=0x9af18
[DISPATCH] site=0xcdac7 count=881 slot=0x716a80ac3c60 slot_off=0xc3c60 idx=0x548 frame=0x716a80a7836d frame_off=0x7836d vm_ip=0x716a80d15969 vm_ip_off=0x315969 vm_flags=0x2ab32381 vm_state=0x2af72783 vm_byte=0x3a target=0x716a80a9af18 target_off=0x9af18
[DISPATCH] site=0xcdac7 count=882 slot=0x716a80ac3c60 slot_off=0xc3c60 idx=0x548 frame=0x716a80a7836d frame_off=0x7836d vm_ip=0x716a80d15bbf vm_ip_off=0x315bbf vm_flags=0x6e5d9892 vm_state=0x4000d60c vm_byte=0x3a target=0x716a80a9af18 target_off=0x9af18
[DISPATCH] site=0xcdac7 count=883 slot=0x716a80ac40c8 slot_off=0xc40c8 idx=0x9b0 frame=0x716a80a7836d frame_off=0x7836d vm_ip=0x716a80d10ca5 vm_ip_off=0x310ca5 vm_flags=0x148226cc vm_state=0xffaffb65 vm_byte=0x3a target=0x716a80ab8556 target_off=0xb8556
[DISPATCH] site=0xcdac7 count=884 slot=0x716a80ac40c8 slot_off=0xc40c8 idx=0x9b0 frame=0x716a80a7836d frame_off=0x7836d vm_ip=0x716a80d10ef0 vm_ip_off=0x310ef0 vm_flags=0x14100010 vm_state=0x3f0612b2 vm_byte=0x3a target=0x716a80ab8556 target_off=0xb8556
[DISPATCH] site=0xcdac7 count=885 slot=0x716a80ac3c60 slot_off=0xc3c60 idx=0x548 frame=0x716a80a7836d frame_off=0x7836d vm_ip=0x716a80d11163 vm_ip_off=0x311163 vm_flags=0xc83095f0 vm_state=0x400110fe vm_byte=0x3a target=0x716a80a9af18 target_off=0x9af18
[DISPATCH] site=0xcdac7 count=886 slot=0x716a80ac3c60 slot_off=0xc3c60 idx=0x548 frame=0x716a80a7836d frame_off=0x7836d vm_ip=0x716a80d113a5 vm_ip_off=0x3113a5 vm_flags=0x7adeff2e vm_state=0x78de0800 vm_byte=0x3a target=0x716a80a9af18 target_off=0x9af18
[DISPATCH] site=0xcdac7 count=887 slot=0x716a80ac40c8 slot_off=0xc40c8 idx=0x9b0 frame=0x716a80a7836d frame_off=0x7836d vm_ip=0x716a80d115e7 vm_ip_off=0x3115e7 vm_flags=0x2948 vm_state=0x2948 vm_byte=0x3a target=0x716a80ab8556 target_off=0xb8556
[DISPATCH] site=0xcdac7 count=888 slot=0x716a80ac3c60 slot_off=0xc3c60 idx=0x548 frame=0x716a80a7836d frame_off=0x7836d vm_ip=0x716a80d11829 vm_ip_off=0x311829 vm_flags=0x3acddfde vm_state=0x585c5c02 vm_byte=0x3a target=0x716a80a9af18 target_off=0x9af18
[DISPATCH] site=0xcdac7 count=889 slot=0x716a80ac3c60 slot_off=0xc3c60 idx=0x548 frame=0x716a80a7836d frame_off=0x7836d vm_ip=0x716a80d11a6b vm_ip_off=0x311a6b vm_flags=0xef1b287 vm_state=0x69145f5a vm_byte=0x3a target=0x716a80a9af18 target_off=0x9af18
[DISPATCH] site=0xcdac7 count=890 slot=0x716a80ac40c8 slot_off=0xc40c8 idx=0x9b0 frame=0x716a80a7836d frame_off=0x7836d vm_ip=0x716a80d11cad vm_ip_off=0x311cad vm_flags=0x524c03c5 vm_state=0x7df7dfda vm_byte=0x3a target=0x716a80ab8556 target_off=0xb8556
[DISPATCH] site=0xcdac7 count=891 slot=0x716a80ac40c8 slot_off=0xc40c8 idx=0x9b0 frame=0x716a80a7836d frame_off=0x7836d vm_ip=0x716a80d11f69 vm_ip_off=0x311f69 vm_flags=0x8e78f1da vm_state=0xeb377ffe vm_byte=0x3a target=0x716a80ab8556 target_off=0xb8556
[DISPATCH] site=0xcdac7 count=892 slot=0x716a80ac40c8 slot_off=0xc40c8 idx=0x9b0 frame=0x716a80a7836d frame_off=0x7836d vm_ip=0x716a80d1223a vm_ip_off=0x31223a vm_flags=0x8e4e0de5 vm_state=0x7bd7fefb vm_byte=0x3a target=0x716a80ab8556 target_off=0xb8556
[DISPATCH] site=0xcdac7 count=893 slot=0x716a80ac3c60 slot_off=0xc3c60 idx=0x548 frame=0x716a80a7836d frame_off=0x7836d vm_ip=0x716a80d12464 vm_ip_off=0x312464 vm_flags=0x347541db vm_state=0x69945ffa vm_byte=0x3a target=0x716a80a9af18 target_off=0x9af18
[DISPATCH] site=0xcdac7 count=894 slot=0x716a80ac40c8 slot_off=0xc40c8 idx=0x9b0 frame=0x716a80a7836d frame_off=0x7836d vm_ip=0x716a80d1268e vm_ip_off=0x31268e vm_flags=0x5675bb90 vm_state=0xffc76ef9 vm_byte=0x3a target=0x716a80ab8556 target_off=0xb8556
[DISPATCH] site=0xcdac7 count=895 slot=0x716a80ac3c60 slot_off=0xc3c60 idx=0x548 frame=0x716a80a7836d frame_off=0x7836d vm_ip=0x716a80d12868 vm_ip_off=0x312868 vm_flags=0x221c12 vm_state=0x3f06a742 vm_byte=0x3a target=0x716a80a9af18 target_off=0x9af18
[DISPATCH] site=0xcdac7 count=896 slot=0x716a80ac3c60 slot_off=0xc3c60 idx=0x548 frame=0x716a80a7836d frame_off=0x7836d vm_ip=0x716a80d12aee vm_ip_off=0x312aee vm_flags=0x8e3c0ca2 vm_state=0x6f95fefa vm_byte=0x3a target=0x716a80a9af18 target_off=0x9af18
[DISPATCH] site=0xcdac7 count=897 slot=0x716a80ac3c60 slot_off=0xc3c60 idx=0x548 frame=0x716a80a7836d frame_off=0x7836d vm_ip=0x716a80d12cd0 vm_ip_off=0x312cd0 vm_flags=0xfbf79ddb vm_state=0xf9f3eb74 vm_byte=0x3a target=0x716a80a9af18 target_off=0x9af18
[DISPATCH] site=0xcdac7 count=898 slot=0x716a80ac40c8 slot_off=0xc40c8 idx=0x9b0 frame=0x716a80a7836d frame_off=0x7836d vm_ip=0x716a80d12f26 vm_ip_off=0x312f26 vm_flags=0x4b8eb2de vm_state=0x7b1c5e5e vm_byte=0x3a target=0x716a80ab8556 target_off=0xb8556
[DISPATCH] site=0xcdac7 count=899 slot=0x716a80ac40c8 slot_off=0xc40c8 idx=0x9b0 frame=0x716a80a7836d frame_off=0x7836d vm_ip=0x716a80d13169 vm_ip_off=0x313169 vm_flags=0x7afe7fef vm_state=0x727e02a8 vm_byte=0x3a target=0x716a80ab8556 target_off=0xb8556
[DISPATCH] site=0xcdac7 count=900 slot=0x716a80ac3c60 slot_off=0xc3c60 idx=0x548 frame=0x716a80a7836d frame_off=0x7836d vm_ip=0x716a80d1334b vm_ip_off=0x31334b vm_flags=0xce4d8465 vm_state=0x7f3e7f7b vm_byte=0x3a target=0x716a80a9af18 target_off=0x9af18
[DISPATCH] site=0xcdac7 count=901 slot=0x716a80ac3c60 slot_off=0xc3c60 idx=0x548 frame=0x716a80a7836d frame_off=0x7836d vm_ip=0x716a80d135b9 vm_ip_off=0x3135b9 vm_flags=0xc917a90d vm_state=0xc917a90d vm_byte=0x3a target=0x716a80a9af18 target_off=0x9af18
[DISPATCH] site=0xcdac7 count=902 slot=0x716a80ac40c8 slot_off=0xc40c8 idx=0x9b0 frame=0x716a80a7836d frame_off=0x7836d vm_ip=0x716a80d137fc vm_ip_off=0x3137fc vm_flags=0x8df97560 vm_state=0x694cb90f vm_byte=0x3a target=0x716a80ab8556 target_off=0xb8556
[DISPATCH] site=0xcdac7 count=903 slot=0x716a80ac40c8 slot_off=0xc40c8 idx=0x9b0 frame=0x716a80a7836d frame_off=0x7836d vm_ip=0x716a80d139de vm_ip_off=0x3139de vm_flags=0x4a612e32 vm_state=0x5f8f8af3 vm_byte=0x3a target=0x716a80ab8556 target_off=0xb8556
[DISPATCH] site=0xcdac7 count=904 slot=0x716a80ac3c60 slot_off=0xc3c60 idx=0x548 frame=0x716a80a7836d frame_off=0x7836d vm_ip=0x716a80d13c4c vm_ip_off=0x313c4c vm_flags=0x8f70318b vm_state=0xfbfb8b3c vm_byte=0x3a target=0x716a80a9af18 target_off=0x9af18
[DISPATCH] site=0xcdac7 count=905 slot=0x716a80ac3c60 slot_off=0xc3c60 idx=0x548 frame=0x716a80a7836d frame_off=0x7836d vm_ip=0x716a80d13e8f vm_ip_off=0x313e8f vm_flags=0xfed1df96 vm_state=0x58a4dcd6 vm_byte=0x3a target=0x716a80a9af18 target_off=0x9af18
[DISPATCH] site=0xcdac7 count=906 slot=0x716a80ac3c60 slot_off=0xc3c60 idx=0x548 frame=0x716a80a7836d frame_off=0x7836d vm_ip=0x716a80d14071 vm_ip_off=0x314071 vm_flags=0x4ac60206 vm_state=0x5ee7d2fb vm_byte=0x3a target=0x716a80a9af18 target_off=0x9af18
[DISPATCH] site=0xcdac7 count=907 slot=0x716a80ac40c8 slot_off=0xc40c8 idx=0x9b0 frame=0x716a80a7836d frame_off=0x7836d vm_ip=0x716a80d142df vm_ip_off=0x3142df vm_flags=0x861eb185 vm_state=0xdf95e7f4 vm_byte=0x3a target=0x716a80ab8556 target_off=0xb8556
[DISPATCH] site=0xcdac7 count=908 slot=0x716a80ac40c8 slot_off=0xc40c8 idx=0x9b0 frame=0x716a80a7836d frame_off=0x7836d vm_ip=0x716a80d14522 vm_ip_off=0x314522 vm_flags=0x34a042ea vm_state=0x3ce04eeb vm_byte=0x3a target=0x716a80ab8556 target_off=0xb8556
[DISPATCH] site=0xcdac7 count=909 slot=0x716a80ac40c8 slot_off=0xc40c8 idx=0x9b0 frame=0x716a80a7836d frame_off=0x7836d vm_ip=0x716a80d14704 vm_ip_off=0x314704 vm_flags=0xfcdeff37 vm_state=0xfcd60600 vm_byte=0x3a target=0x716a80ab8556 target_off=0xb8556
[DISPATCH] site=0xcdac7 count=910 slot=0x716a80ac3c60 slot_off=0xc3c60 idx=0x548 frame=0x716a80a7836d frame_off=0x7836d vm_ip=0x716a80d14972 vm_ip_off=0x314972 vm_flags=0xf8eeff37 vm_state=0xf8e60910 vm_byte=0x3a target=0x716a80a9af18 target_off=0x9af18
[DISPATCH] site=0xcdac7 count=911 slot=0x716a80ac40c8 slot_off=0xc40c8 idx=0x9b0 frame=0x716a80a7836d frame_off=0x7836d vm_ip=0x716a80d14bb5 vm_ip_off=0x314bb5 vm_flags=0x62662dfb vm_state=0xbffcca14 vm_byte=0x3a target=0x716a80ab8556 target_off=0xb8556
[DISPATCH] site=0xcdac7 count=912 slot=0x716a80ac3c60 slot_off=0xc3c60 idx=0x548 frame=0x716a80a7836d frame_off=0x7836d vm_ip=0x716a80d14d97 vm_ip_off=0x314d97 vm_flags=0xfadf7f2d vm_state=0xf21b0800 vm_byte=0x3a target=0x716a80a9af18 target_off=0x9af18
[DISPATCH] site=0xcdac7 count=913 slot=0x716a80ac40c8 slot_off=0xc40c8 idx=0x9b0 frame=0x716a80a7836d frame_off=0x7836d vm_ip=0x716a80d15005 vm_ip_off=0x315005 vm_flags=0xe34473c6 vm_state=0xe74477c6 vm_byte=0x3a target=0x716a80ab8556 target_off=0xb8556
[DISPATCH] site=0xcdac7 count=914 slot=0x716a80ac40c8 slot_off=0xc40c8 idx=0x9b0 frame=0x716a80a7836d frame_off=0x7836d vm_ip=0x716a80d1522f vm_ip_off=0x31522f vm_flags=0x69b0303a vm_state=0x69145e5a vm_byte=0x3a target=0x716a80ab8556 target_off=0xb8556
[DISPATCH] site=0xcdac7 count=915 slot=0x716a80ac3c60 slot_off=0xc3c60 idx=0x548 frame=0x716a80a7836d frame_off=0x7836d vm_ip=0x716a80d15486 vm_ip_off=0x315486 vm_flags=0x841ab3c5 vm_state=0x841ab3c5 vm_byte=0x3a target=0x716a80a9af18 target_off=0x9af18
[DISPATCH] site=0xcdac7 count=916 slot=0x716a80ac3c60 slot_off=0xc3c60 idx=0x548 frame=0x716a80a7836d frame_off=0x7836d vm_ip=0x716a80d156ca vm_ip_off=0x3156ca vm_flags=0xf613f930 vm_state=0x3ffce85e vm_byte=0x3a target=0x716a80a9af18 target_off=0x9af18
[DISPATCH] site=0xcdac7 count=917 slot=0x716a80ac3c60 slot_off=0xc3c60 idx=0x548 frame=0x716a80a7836d frame_off=0x7836d vm_ip=0x716a80d15969 vm_ip_off=0x315969 vm_flags=0x2ab32381 vm_state=0x2af72783 vm_byte=0x3a target=0x716a80a9af18 target_off=0x9af18
[DISPATCH] site=0xcdac7 count=918 slot=0x716a80ac3c60 slot_off=0xc3c60 idx=0x548 frame=0x716a80a7836d frame_off=0x7836d vm_ip=0x716a80d15bbf vm_ip_off=0x315bbf vm_flags=0x6e5d9892 vm_state=0x4000d60c vm_byte=0x3a target=0x716a80a9af18 target_off=0x9af18
[DISPATCH] site=0xcdac7 count=919 slot=0x716a80ac40c8 slot_off=0xc40c8 idx=0x9b0 frame=0x716a80a7836d frame_off=0x7836d vm_ip=0x716a80d10ca5 vm_ip_off=0x310ca5 vm_flags=0x148226cc vm_state=0xffaffb65 vm_byte=0x3a target=0x716a80ab8556 target_off=0xb8556
[DISPATCH] site=0xcdac7 count=920 slot=0x716a80ac40c8 slot_off=0xc40c8 idx=0x9b0 frame=0x716a80a7836d frame_off=0x7836d vm_ip=0x716a80d10ef0 vm_ip_off=0x310ef0 vm_flags=0x14100010 vm_state=0x3f0612b2 vm_byte=0x3a target=0x716a80ab8556 target_off=0xb8556
[DISPATCH] site=0xcdac7 count=921 slot=0x716a80ac3c60 slot_off=0xc3c60 idx=0x548 frame=0x716a80a7836d frame_off=0x7836d vm_ip=0x716a80d11163 vm_ip_off=0x311163 vm_flags=0xc83095f0 vm_state=0x400110fe vm_byte=0x3a target=0x716a80a9af18 target_off=0x9af18
[DISPATCH] site=0xcdac7 count=922 slot=0x716a80ac3c60 slot_off=0xc3c60 idx=0x548 frame=0x716a80a7836d frame_off=0x7836d vm_ip=0x716a80d113a5 vm_ip_off=0x3113a5 vm_flags=0x7adeff2e vm_state=0x78de0800 vm_byte=0x3a target=0x716a80a9af18 target_off=0x9af18
[DISPATCH] site=0xcdac7 count=923 slot=0x716a80ac40c8 slot_off=0xc40c8 idx=0x9b0 frame=0x716a80a7836d frame_off=0x7836d vm_ip=0x716a80d115e7 vm_ip_off=0x3115e7 vm_flags=0x2948 vm_state=0x2948 vm_byte=0x3a target=0x716a80ab8556 target_off=0xb8556
[DISPATCH] site=0xcdac7 count=924 slot=0x716a80ac3c60 slot_off=0xc3c60 idx=0x548 frame=0x716a80a7836d frame_off=0x7836d vm_ip=0x716a80d11829 vm_ip_off=0x311829 vm_flags=0x3acddfde vm_state=0x585c5c02 vm_byte=0x3a target=0x716a80a9af18 target_off=0x9af18
[DISPATCH] site=0xcdac7 count=925 slot=0x716a80ac3c60 slot_off=0xc3c60 idx=0x548 frame=0x716a80a7836d frame_off=0x7836d vm_ip=0x716a80d11a6b vm_ip_off=0x311a6b vm_flags=0xef1b287 vm_state=0x69145f5a vm_byte=0x3a target=0x716a80a9af18 target_off=0x9af18
[DISPATCH] site=0xcdac7 count=926 slot=0x716a80ac40c8 slot_off=0xc40c8 idx=0x9b0 frame=0x716a80a7836d frame_off=0x7836d vm_ip=0x716a80d11cad vm_ip_off=0x311cad vm_flags=0x524c03c5 vm_state=0x7df7dfda vm_byte=0x3a target=0x716a80ab8556 target_off=0xb8556
[DISPATCH] site=0xcdac7 count=927 slot=0x716a80ac40c8 slot_off=0xc40c8 idx=0x9b0 frame=0x716a80a7836d frame_off=0x7836d vm_ip=0x716a80d11f69 vm_ip_off=0x311f69 vm_flags=0x8e78f1da vm_state=0xeb377ffe vm_byte=0x3a target=0x716a80ab8556 target_off=0xb8556
[DISPATCH] site=0xcdac7 count=928 slot=0x716a80ac40c8 slot_off=0xc40c8 idx=0x9b0 frame=0x716a80a7836d frame_off=0x7836d vm_ip=0x716a80d1223a vm_ip_off=0x31223a vm_flags=0x8e4e0de5 vm_state=0x7bd7fefb vm_byte=0x3a target=0x716a80ab8556 target_off=0xb8556
[DISPATCH] site=0xcdac7 count=929 slot=0x716a80ac3c60 slot_off=0xc3c60 idx=0x548 frame=0x716a80a7836d frame_off=0x7836d vm_ip=0x716a80d12464 vm_ip_off=0x312464 vm_flags=0x347541db vm_state=0x69945ffa vm_byte=0x3a target=0x716a80a9af18 target_off=0x9af18
[DISPATCH] site=0xcdac7 count=930 slot=0x716a80ac40c8 slot_off=0xc40c8 idx=0x9b0 frame=0x716a80a7836d frame_off=0x7836d vm_ip=0x716a80d1268e vm_ip_off=0x31268e vm_flags=0x5675bb90 vm_state=0xffc76ef9 vm_byte=0x3a target=0x716a80ab8556 target_off=0xb8556
[DISPATCH] site=0xcdac7 count=931 slot=0x716a80ac3c60 slot_off=0xc3c60 idx=0x548 frame=0x716a80a7836d frame_off=0x7836d vm_ip=0x716a80d12868 vm_ip_off=0x312868 vm_flags=0x221c12 vm_state=0x3f06a742 vm_byte=0x3a target=0x716a80a9af18 target_off=0x9af18
[DISPATCH] site=0xcdac7 count=932 slot=0x716a80ac3c60 slot_off=0xc3c60 idx=0x548 frame=0x716a80a7836d frame_off=0x7836d vm_ip=0x716a80d12aee vm_ip_off=0x312aee vm_flags=0x8e3c0ca2 vm_state=0x6f95fefa vm_byte=0x3a target=0x716a80a9af18 target_off=0x9af18
[DISPATCH] site=0xcdac7 count=933 slot=0x716a80ac3c60 slot_off=0xc3c60 idx=0x548 frame=0x716a80a7836d frame_off=0x7836d vm_ip=0x716a80d12cd0 vm_ip_off=0x312cd0 vm_flags=0xfbf79ddb vm_state=0xf9f3eb74 vm_byte=0x3a target=0x716a80a9af18 target_off=0x9af18
[DISPATCH] site=0xcdac7 count=934 slot=0x716a80ac40c8 slot_off=0xc40c8 idx=0x9b0 frame=0x716a80a7836d frame_off=0x7836d vm_ip=0x716a80d12f26 vm_ip_off=0x312f26 vm_flags=0x4b8eb2de vm_state=0x7b1c5e5e vm_byte=0x3a target=0x716a80ab8556 target_off=0xb8556
[DISPATCH] site=0xcdac7 count=935 slot=0x716a80ac40c8 slot_off=0xc40c8 idx=0x9b0 frame=0x716a80a7836d frame_off=0x7836d vm_ip=0x716a80d13169 vm_ip_off=0x313169 vm_flags=0x7afe7fef vm_state=0x727e02a8 vm_byte=0x3a target=0x716a80ab8556 target_off=0xb8556
[DISPATCH] site=0xcdac7 count=936 slot=0x716a80ac3c60 slot_off=0xc3c60 idx=0x548 frame=0x716a80a7836d frame_off=0x7836d vm_ip=0x716a80d1334b vm_ip_off=0x31334b vm_flags=0xce4d8465 vm_state=0x7f3e7f7b vm_byte=0x3a target=0x716a80a9af18 target_off=0x9af18
[DISPATCH] site=0xcdac7 count=937 slot=0x716a80ac3c60 slot_off=0xc3c60 idx=0x548 frame=0x716a80a7836d frame_off=0x7836d vm_ip=0x716a80d135b9 vm_ip_off=0x3135b9 vm_flags=0xc917a90d vm_state=0xc917a90d vm_byte=0x3a target=0x716a80a9af18 target_off=0x9af18
[DISPATCH] site=0xcdac7 count=938 slot=0x716a80ac40c8 slot_off=0xc40c8 idx=0x9b0 frame=0x716a80a7836d frame_off=0x7836d vm_ip=0x716a80d137fc vm_ip_off=0x3137fc vm_flags=0x8df97560 vm_state=0x694cb90f vm_byte=0x3a target=0x716a80ab8556 target_off=0xb8556
[DISPATCH] site=0xcdac7 count=939 slot=0x716a80ac40c8 slot_off=0xc40c8 idx=0x9b0 frame=0x716a80a7836d frame_off=0x7836d vm_ip=0x716a80d139de vm_ip_off=0x3139de vm_flags=0x4a612e32 vm_state=0x5f8f8af3 vm_byte=0x3a target=0x716a80ab8556 target_off=0xb8556
[DISPATCH] site=0xcdac7 count=940 slot=0x716a80ac3c60 slot_off=0xc3c60 idx=0x548 frame=0x716a80a7836d frame_off=0x7836d vm_ip=0x716a80d13c4c vm_ip_off=0x313c4c vm_flags=0x8f70318b vm_state=0xfbfb8b3c vm_byte=0x3a target=0x716a80a9af18 target_off=0x9af18
[DISPATCH] site=0xcdac7 count=941 slot=0x716a80ac3c60 slot_off=0xc3c60 idx=0x548 frame=0x716a80a7836d frame_off=0x7836d vm_ip=0x716a80d13e8f vm_ip_off=0x313e8f vm_flags=0xfed1df96 vm_state=0x58a4dcd6 vm_byte=0x3a target=0x716a80a9af18 target_off=0x9af18
[DISPATCH] site=0xcdac7 count=942 slot=0x716a80ac3c60 slot_off=0xc3c60 idx=0x548 frame=0x716a80a7836d frame_off=0x7836d vm_ip=0x716a80d14071 vm_ip_off=0x314071 vm_flags=0x4ac60206 vm_state=0x5ee7d2fb vm_byte=0x3a target=0x716a80a9af18 target_off=0x9af18
[DISPATCH] site=0xcdac7 count=943 slot=0x716a80ac40c8 slot_off=0xc40c8 idx=0x9b0 frame=0x716a80a7836d frame_off=0x7836d vm_ip=0x716a80d142df vm_ip_off=0x3142df vm_flags=0x861eb185 vm_state=0xdf95e7f4 vm_byte=0x3a target=0x716a80ab8556 target_off=0xb8556
[DISPATCH] site=0xcdac7 count=944 slot=0x716a80ac40c8 slot_off=0xc40c8 idx=0x9b0 frame=0x716a80a7836d frame_off=0x7836d vm_ip=0x716a80d14522 vm_ip_off=0x314522 vm_flags=0x34a042ea vm_state=0x3ce04eeb vm_byte=0x3a target=0x716a80ab8556 target_off=0xb8556
[DISPATCH] site=0xcdac7 count=945 slot=0x716a80ac40c8 slot_off=0xc40c8 idx=0x9b0 frame=0x716a80a7836d frame_off=0x7836d vm_ip=0x716a80d14704 vm_ip_off=0x314704 vm_flags=0xfcdeff37 vm_state=0xfcd60600 vm_byte=0x3a target=0x716a80ab8556 target_off=0xb8556
[DISPATCH] site=0xcdac7 count=946 slot=0x716a80ac3c60 slot_off=0xc3c60 idx=0x548 frame=0x716a80a7836d frame_off=0x7836d vm_ip=0x716a80d14972 vm_ip_off=0x314972 vm_flags=0xf8eeff37 vm_state=0xf8e60910 vm_byte=0x3a target=0x716a80a9af18 target_off=0x9af18
[DISPATCH] site=0xcdac7 count=947 slot=0x716a80ac40c8 slot_off=0xc40c8 idx=0x9b0 frame=0x716a80a7836d frame_off=0x7836d vm_ip=0x716a80d14bb5 vm_ip_off=0x314bb5 vm_flags=0x62662dfb vm_state=0xbffcca14 vm_byte=0x3a target=0x716a80ab8556 target_off=0xb8556
[DISPATCH] site=0xcdac7 count=948 slot=0x716a80ac3c60 slot_off=0xc3c60 idx=0x548 frame=0x716a80a7836d frame_off=0x7836d vm_ip=0x716a80d14d97 vm_ip_off=0x314d97 vm_flags=0xfadf7f2d vm_state=0xf21b0800 vm_byte=0x3a target=0x716a80a9af18 target_off=0x9af18
[DISPATCH] site=0xcdac7 count=949 slot=0x716a80ac40c8 slot_off=0xc40c8 idx=0x9b0 frame=0x716a80a7836d frame_off=0x7836d vm_ip=0x716a80d15005 vm_ip_off=0x315005 vm_flags=0xe34473c6 vm_state=0xe74477c6 vm_byte=0x3a target=0x716a80ab8556 target_off=0xb8556
[DISPATCH] site=0xcdac7 count=950 slot=0x716a80ac40c8 slot_off=0xc40c8 idx=0x9b0 frame=0x716a80a7836d frame_off=0x7836d vm_ip=0x716a80d1522f vm_ip_off=0x31522f vm_flags=0x69b0303a vm_state=0x69145e5a vm_byte=0x3a target=0x716a80ab8556 target_off=0xb8556
[DISPATCH] site=0xcdac7 count=951 slot=0x716a80ac3c60 slot_off=0xc3c60 idx=0x548 frame=0x716a80a7836d frame_off=0x7836d vm_ip=0x716a80d15486 vm_ip_off=0x315486 vm_flags=0x841ab3c5 vm_state=0x841ab3c5 vm_byte=0x3a target=0x716a80a9af18 target_off=0x9af18
[DISPATCH] site=0xcdac7 count=952 slot=0x716a80ac3c60 slot_off=0xc3c60 idx=0x548 frame=0x716a80a7836d frame_off=0x7836d vm_ip=0x716a80d156ca vm_ip_off=0x3156ca vm_flags=0xf613f930 vm_state=0x3ffce85e vm_byte=0x3a target=0x716a80a9af18 target_off=0x9af18
[DISPATCH] site=0xcdac7 count=953 slot=0x716a80ac3c60 slot_off=0xc3c60 idx=0x548 frame=0x716a80a7836d frame_off=0x7836d vm_ip=0x716a80d15969 vm_ip_off=0x315969 vm_flags=0x2ab32381 vm_state=0x2af72783 vm_byte=0x3a target=0x716a80a9af18 target_off=0x9af18
[DISPATCH] site=0xcdac7 count=954 slot=0x716a80ac3c60 slot_off=0xc3c60 idx=0x548 frame=0x716a80a7836d frame_off=0x7836d vm_ip=0x716a80d15bbf vm_ip_off=0x315bbf vm_flags=0x6e5d9892 vm_state=0x4000d60c vm_byte=0x3a target=0x716a80a9af18 target_off=0x9af18
[DISPATCH] site=0xcdac7 count=955 slot=0x716a80ac40c8 slot_off=0xc40c8 idx=0x9b0 frame=0x716a80a7836d frame_off=0x7836d vm_ip=0x716a80d10ca5 vm_ip_off=0x310ca5 vm_flags=0x148226cc vm_state=0xffaffb65 vm_byte=0x3a target=0x716a80ab8556 target_off=0xb8556
[DISPATCH] site=0xcdac7 count=956 slot=0x716a80ac40c8 slot_off=0xc40c8 idx=0x9b0 frame=0x716a80a7836d frame_off=0x7836d vm_ip=0x716a80d10ef0 vm_ip_off=0x310ef0 vm_flags=0x14100010 vm_state=0x3f0612b2 vm_byte=0x3a target=0x716a80ab8556 target_off=0xb8556
[DISPATCH] site=0xcdac7 count=957 slot=0x716a80ac3c60 slot_off=0xc3c60 idx=0x548 frame=0x716a80a7836d frame_off=0x7836d vm_ip=0x716a80d11163 vm_ip_off=0x311163 vm_flags=0xc83095f0 vm_state=0x400110fe vm_byte=0x3a target=0x716a80a9af18 target_off=0x9af18
[DISPATCH] site=0xcdac7 count=958 slot=0x716a80ac3c60 slot_off=0xc3c60 idx=0x548 frame=0x716a80a7836d frame_off=0x7836d vm_ip=0x716a80d113a5 vm_ip_off=0x3113a5 vm_flags=0x7adeff2e vm_state=0x78de0800 vm_byte=0x3a target=0x716a80a9af18 target_off=0x9af18
[DISPATCH] site=0xcdac7 count=959 slot=0x716a80ac40c8 slot_off=0xc40c8 idx=0x9b0 frame=0x716a80a7836d frame_off=0x7836d vm_ip=0x716a80d115e7 vm_ip_off=0x3115e7 vm_flags=0x2948 vm_state=0x2948 vm_byte=0x3a target=0x716a80ab8556 target_off=0xb8556
[DISPATCH] site=0xcdac7 count=960 slot=0x716a80ac3c60 slot_off=0xc3c60 idx=0x548 frame=0x716a80a7836d frame_off=0x7836d vm_ip=0x716a80d11829 vm_ip_off=0x311829 vm_flags=0x3acddfde vm_state=0x585c5c02 vm_byte=0x3a target=0x716a80a9af18 target_off=0x9af18
[DISPATCH] site=0xcdac7 count=961 slot=0x716a80ac3c60 slot_off=0xc3c60 idx=0x548 frame=0x716a80a7836d frame_off=0x7836d vm_ip=0x716a80d11a6b vm_ip_off=0x311a6b vm_flags=0xef1b287 vm_state=0x69145f5a vm_byte=0x3a target=0x716a80a9af18 target_off=0x9af18
[DISPATCH] site=0xcdac7 count=962 slot=0x716a80ac40c8 slot_off=0xc40c8 idx=0x9b0 frame=0x716a80a7836d frame_off=0x7836d vm_ip=0x716a80d11cad vm_ip_off=0x311cad vm_flags=0x524c03c5 vm_state=0x7df7dfda vm_byte=0x3a target=0x716a80ab8556 target_off=0xb8556
[DISPATCH] site=0xcdac7 count=963 slot=0x716a80ac40c8 slot_off=0xc40c8 idx=0x9b0 frame=0x716a80a7836d frame_off=0x7836d vm_ip=0x716a80d11f69 vm_ip_off=0x311f69 vm_flags=0x8e78f1da vm_state=0xeb377ffe vm_byte=0x3a target=0x716a80ab8556 target_off=0xb8556
[DISPATCH] site=0xcdac7 count=964 slot=0x716a80ac40c8 slot_off=0xc40c8 idx=0x9b0 frame=0x716a80a7836d frame_off=0x7836d vm_ip=0x716a80d1223a vm_ip_off=0x31223a vm_flags=0x8e4e0de5 vm_state=0x7bd7fefb vm_byte=0x3a target=0x716a80ab8556 target_off=0xb8556
[DISPATCH] site=0xcdac7 count=965 slot=0x716a80ac3c60 slot_off=0xc3c60 idx=0x548 frame=0x716a80a7836d frame_off=0x7836d vm_ip=0x716a80d12464 vm_ip_off=0x312464 vm_flags=0x347541db vm_state=0x69945ffa vm_byte=0x3a target=0x716a80a9af18 target_off=0x9af18
[DISPATCH] site=0xcdac7 count=966 slot=0x716a80ac40c8 slot_off=0xc40c8 idx=0x9b0 frame=0x716a80a7836d frame_off=0x7836d vm_ip=0x716a80d1268e vm_ip_off=0x31268e vm_flags=0x5675bb90 vm_state=0xffc76ef9 vm_byte=0x3a target=0x716a80ab8556 target_off=0xb8556
[DISPATCH] site=0xcdac7 count=967 slot=0x716a80ac3c60 slot_off=0xc3c60 idx=0x548 frame=0x716a80a7836d frame_off=0x7836d vm_ip=0x716a80d12868 vm_ip_off=0x312868 vm_flags=0x221c12 vm_state=0x3f06a742 vm_byte=0x3a target=0x716a80a9af18 target_off=0x9af18
[DISPATCH] site=0xcdac7 count=968 slot=0x716a80ac3c60 slot_off=0xc3c60 idx=0x548 frame=0x716a80a7836d frame_off=0x7836d vm_ip=0x716a80d12aee vm_ip_off=0x312aee vm_flags=0x8e3c0ca2 vm_state=0x6f95fefa vm_byte=0x3a target=0x716a80a9af18 target_off=0x9af18
[DISPATCH] site=0xcdac7 count=969 slot=0x716a80ac3c60 slot_off=0xc3c60 idx=0x548 frame=0x716a80a7836d frame_off=0x7836d vm_ip=0x716a80d12cd0 vm_ip_off=0x312cd0 vm_flags=0xfbf79ddb vm_state=0xf9f3eb74 vm_byte=0x3a target=0x716a80a9af18 target_off=0x9af18
[DISPATCH] site=0xcdac7 count=970 slot=0x716a80ac40c8 slot_off=0xc40c8 idx=0x9b0 frame=0x716a80a7836d frame_off=0x7836d vm_ip=0x716a80d12f26 vm_ip_off=0x312f26 vm_flags=0x4b8eb2de vm_state=0x7b1c5e5e vm_byte=0x3a target=0x716a80ab8556 target_off=0xb8556
[DISPATCH] site=0xcdac7 count=971 slot=0x716a80ac40c8 slot_off=0xc40c8 idx=0x9b0 frame=0x716a80a7836d frame_off=0x7836d vm_ip=0x716a80d13169 vm_ip_off=0x313169 vm_flags=0x7afe7fef vm_state=0x727e02a8 vm_byte=0x3a target=0x716a80ab8556 target_off=0xb8556
[DISPATCH] site=0xcdac7 count=972 slot=0x716a80ac3c60 slot_off=0xc3c60 idx=0x548 frame=0x716a80a7836d frame_off=0x7836d vm_ip=0x716a80d1334b vm_ip_off=0x31334b vm_flags=0xce4d8465 vm_state=0x7f3e7f7b vm_byte=0x3a target=0x716a80a9af18 target_off=0x9af18
[DISPATCH] site=0xcdac7 count=973 slot=0x716a80ac3c60 slot_off=0xc3c60 idx=0x548 frame=0x716a80a7836d frame_off=0x7836d vm_ip=0x716a80d135b9 vm_ip_off=0x3135b9 vm_flags=0xc917a90d vm_state=0xc917a90d vm_byte=0x3a target=0x716a80a9af18 target_off=0x9af18
[DISPATCH] site=0xcdac7 count=974 slot=0x716a80ac40c8 slot_off=0xc40c8 idx=0x9b0 frame=0x716a80a7836d frame_off=0x7836d vm_ip=0x716a80d137fc vm_ip_off=0x3137fc vm_flags=0x8df97560 vm_state=0x694cb90f vm_byte=0x3a target=0x716a80ab8556 target_off=0xb8556
[DISPATCH] site=0xcdac7 count=975 slot=0x716a80ac40c8 slot_off=0xc40c8 idx=0x9b0 frame=0x716a80a7836d frame_off=0x7836d vm_ip=0x716a80d139de vm_ip_off=0x3139de vm_flags=0x4a612e32 vm_state=0x5f8f8af3 vm_byte=0x3a target=0x716a80ab8556 target_off=0xb8556
[DISPATCH] site=0xcdac7 count=976 slot=0x716a80ac3c60 slot_off=0xc3c60 idx=0x548 frame=0x716a80a7836d frame_off=0x7836d vm_ip=0x716a80d13c4c vm_ip_off=0x313c4c vm_flags=0x8f70318b vm_state=0xfbfb8b3c vm_byte=0x3a target=0x716a80a9af18 target_off=0x9af18
[DISPATCH] site=0xcdac7 count=977 slot=0x716a80ac3c60 slot_off=0xc3c60 idx=0x548 frame=0x716a80a7836d frame_off=0x7836d vm_ip=0x716a80d13e8f vm_ip_off=0x313e8f vm_flags=0xfed1df96 vm_state=0x58a4dcd6 vm_byte=0x3a target=0x716a80a9af18 target_off=0x9af18
[DISPATCH] site=0xcdac7 count=978 slot=0x716a80ac3c60 slot_off=0xc3c60 idx=0x548 frame=0x716a80a7836d frame_off=0x7836d vm_ip=0x716a80d14071 vm_ip_off=0x314071 vm_flags=0x4ac60206 vm_state=0x5ee7d2fb vm_byte=0x3a target=0x716a80a9af18 target_off=0x9af18
[DISPATCH] site=0xcdac7 count=979 slot=0x716a80ac40c8 slot_off=0xc40c8 idx=0x9b0 frame=0x716a80a7836d frame_off=0x7836d vm_ip=0x716a80d142df vm_ip_off=0x3142df vm_flags=0x861eb185 vm_state=0xdf95e7f4 vm_byte=0x3a target=0x716a80ab8556 target_off=0xb8556
[DISPATCH] site=0xcdac7 count=980 slot=0x716a80ac40c8 slot_off=0xc40c8 idx=0x9b0 frame=0x716a80a7836d frame_off=0x7836d vm_ip=0x716a80d14522 vm_ip_off=0x314522 vm_flags=0x34a042ea vm_state=0x3ce04eeb vm_byte=0x3a target=0x716a80ab8556 target_off=0xb8556
[DISPATCH] site=0xcdac7 count=981 slot=0x716a80ac40c8 slot_off=0xc40c8 idx=0x9b0 frame=0x716a80a7836d frame_off=0x7836d vm_ip=0x716a80d14704 vm_ip_off=0x314704 vm_flags=0xfcdeff37 vm_state=0xfcd60600 vm_byte=0x3a target=0x716a80ab8556 target_off=0xb8556
[DISPATCH] site=0xcdac7 count=982 slot=0x716a80ac3c60 slot_off=0xc3c60 idx=0x548 frame=0x716a80a7836d frame_off=0x7836d vm_ip=0x716a80d14972 vm_ip_off=0x314972 vm_flags=0xf8eeff37 vm_state=0xf8e60910 vm_byte=0x3a target=0x716a80a9af18 target_off=0x9af18
[DISPATCH] site=0xcdac7 count=983 slot=0x716a80ac40c8 slot_off=0xc40c8 idx=0x9b0 frame=0x716a80a7836d frame_off=0x7836d vm_ip=0x716a80d14bb5 vm_ip_off=0x314bb5 vm_flags=0x62662dfb vm_state=0xbffcca14 vm_byte=0x3a target=0x716a80ab8556 target_off=0xb8556
[DISPATCH] site=0xcdac7 count=984 slot=0x716a80ac3c60 slot_off=0xc3c60 idx=0x548 frame=0x716a80a7836d frame_off=0x7836d vm_ip=0x716a80d14d97 vm_ip_off=0x314d97 vm_flags=0xfadf7f2d vm_state=0xf21b0800 vm_byte=0x3a target=0x716a80a9af18 target_off=0x9af18
[DISPATCH] site=0xcdac7 count=985 slot=0x716a80ac40c8 slot_off=0xc40c8 idx=0x9b0 frame=0x716a80a7836d frame_off=0x7836d vm_ip=0x716a80d15005 vm_ip_off=0x315005 vm_flags=0xe34473c6 vm_state=0xe74477c6 vm_byte=0x3a target=0x716a80ab8556 target_off=0xb8556
[DISPATCH] site=0xcdac7 count=986 slot=0x716a80ac40c8 slot_off=0xc40c8 idx=0x9b0 frame=0x716a80a7836d frame_off=0x7836d vm_ip=0x716a80d1522f vm_ip_off=0x31522f vm_flags=0x69b0303a vm_state=0x69145e5a vm_byte=0x3a target=0x716a80ab8556 target_off=0xb8556
[DISPATCH] site=0xcdac7 count=987 slot=0x716a80ac3c60 slot_off=0xc3c60 idx=0x548 frame=0x716a80a7836d frame_off=0x7836d vm_ip=0x716a80d15486 vm_ip_off=0x315486 vm_flags=0x841ab3c5 vm_state=0x841ab3c5 vm_byte=0x3a target=0x716a80a9af18 target_off=0x9af18
[DISPATCH] site=0xcdac7 count=988 slot=0x716a80ac3c60 slot_off=0xc3c60 idx=0x548 frame=0x716a80a7836d frame_off=0x7836d vm_ip=0x716a80d156ca vm_ip_off=0x3156ca vm_flags=0xf613f930 vm_state=0x3ffce85e vm_byte=0x3a target=0x716a80a9af18 target_off=0x9af18
[DISPATCH] site=0xcdac7 count=989 slot=0x716a80ac3c60 slot_off=0xc3c60 idx=0x548 frame=0x716a80a7836d frame_off=0x7836d vm_ip=0x716a80d15969 vm_ip_off=0x315969 vm_flags=0x2ab32381 vm_state=0x2af72783 vm_byte=0x3a target=0x716a80a9af18 target_off=0x9af18
[DISPATCH] site=0xcdac7 count=990 slot=0x716a80ac3c60 slot_off=0xc3c60 idx=0x548 frame=0x716a80a7836d frame_off=0x7836d vm_ip=0x716a80d15bbf vm_ip_off=0x315bbf vm_flags=0x6e5d9892 vm_state=0x4000d60c vm_byte=0x3a target=0x716a80a9af18 target_off=0x9af18
[DISPATCH] site=0xcdac7 count=991 slot=0x716a80ac40c8 slot_off=0xc40c8 idx=0x9b0 frame=0x716a80a7836d frame_off=0x7836d vm_ip=0x716a80d10ca5 vm_ip_off=0x310ca5 vm_flags=0x148226cc vm_state=0xffaffb65 vm_byte=0x3a target=0x716a80ab8556 target_off=0xb8556
[DISPATCH] site=0xcdac7 count=992 slot=0x716a80ac40c8 slot_off=0xc40c8 idx=0x9b0 frame=0x716a80a7836d frame_off=0x7836d vm_ip=0x716a80d10ef0 vm_ip_off=0x310ef0 vm_flags=0x14100010 vm_state=0x3f0612b2 vm_byte=0x3a target=0x716a80ab8556 target_off=0xb8556
[DISPATCH] site=0xcdac7 count=993 slot=0x716a80ac3c60 slot_off=0xc3c60 idx=0x548 frame=0x716a80a7836d frame_off=0x7836d vm_ip=0x716a80d11163 vm_ip_off=0x311163 vm_flags=0xc83095f0 vm_state=0x400110fe vm_byte=0x3a target=0x716a80a9af18 target_off=0x9af18
[DISPATCH] site=0xcdac7 count=994 slot=0x716a80ac3c60 slot_off=0xc3c60 idx=0x548 frame=0x716a80a7836d frame_off=0x7836d vm_ip=0x716a80d113a5 vm_ip_off=0x3113a5 vm_flags=0x7adeff2e vm_state=0x78de0800 vm_byte=0x3a target=0x716a80a9af18 target_off=0x9af18
[DISPATCH] site=0xcdac7 count=995 slot=0x716a80ac40c8 slot_off=0xc40c8 idx=0x9b0 frame=0x716a80a7836d frame_off=0x7836d vm_ip=0x716a80d115e7 vm_ip_off=0x3115e7 vm_flags=0x2948 vm_state=0x2948 vm_byte=0x3a target=0x716a80ab8556 target_off=0xb8556
[DISPATCH] site=0xcdac7 count=996 slot=0x716a80ac3c60 slot_off=0xc3c60 idx=0x548 frame=0x716a80a7836d frame_off=0x7836d vm_ip=0x716a80d11829 vm_ip_off=0x311829 vm_flags=0x3acddfde vm_state=0x585c5c02 vm_byte=0x3a target=0x716a80a9af18 target_off=0x9af18
[DISPATCH] site=0xcdac7 count=997 slot=0x716a80ac3c60 slot_off=0xc3c60 idx=0x548 frame=0x716a80a7836d frame_off=0x7836d vm_ip=0x716a80d11a6b vm_ip_off=0x311a6b vm_flags=0xef1b287 vm_state=0x69145f5a vm_byte=0x3a target=0x716a80a9af18 target_off=0x9af18
[DISPATCH] site=0xcdac7 count=998 slot=0x716a80ac40c8 slot_off=0xc40c8 idx=0x9b0 frame=0x716a80a7836d frame_off=0x7836d vm_ip=0x716a80d11cad vm_ip_off=0x311cad vm_flags=0x524c03c5 vm_state=0x7df7dfda vm_byte=0x3a target=0x716a80ab8556 target_off=0xb8556
[DISPATCH] site=0xcdac7 count=999 slot=0x716a80ac40c8 slot_off=0xc40c8 idx=0x9b0 frame=0x716a80a7836d frame_off=0x7836d vm_ip=0x716a80d11f69 vm_ip_off=0x311f69 vm_flags=0x8e78f1da vm_state=0xeb377ffe vm_byte=0x3a target=0x716a80ab8556 target_off=0xb8556
[DISPATCH] site=0xcdac7 count=1000 slot=0x716a80ac40c8 slot_off=0xc40c8 idx=0x9b0 frame=0x716a80a7836d frame_off=0x7836d vm_ip=0x716a80d1223a vm_ip_off=0x31223a vm_flags=0x8e4e0de5 vm_state=0x7bd7fefb vm_byte=0x3a target=0x716a80ab8556 target_off=0xb8556
[DISPATCH] site=0xcdac7 count=1001 slot=0x716a80ac3c60 slot_off=0xc3c60 idx=0x548 frame=0x716a80a7836d frame_off=0x7836d vm_ip=0x716a80d12464 vm_ip_off=0x312464 vm_flags=0x347541db vm_state=0x69945ffa vm_byte=0x3a target=0x716a80a9af18 target_off=0x9af18
[DISPATCH] site=0xcdac7 count=1002 slot=0x716a80ac40c8 slot_off=0xc40c8 idx=0x9b0 frame=0x716a80a7836d frame_off=0x7836d vm_ip=0x716a80d1268e vm_ip_off=0x31268e vm_flags=0x5675bb90 vm_state=0xffc76ef9 vm_byte=0x3a target=0x716a80ab8556 target_off=0xb8556
[DISPATCH] site=0xcdac7 count=1003 slot=0x716a80ac3c60 slot_off=0xc3c60 idx=0x548 frame=0x716a80a7836d frame_off=0x7836d vm_ip=0x716a80d12868 vm_ip_off=0x312868 vm_flags=0x221c12 vm_state=0x3f06a742 vm_byte=0x3a target=0x716a80a9af18 target_off=0x9af18
[DISPATCH] site=0xcdac7 count=1004 slot=0x716a80ac3c60 slot_off=0xc3c60 idx=0x548 frame=0x716a80a7836d frame_off=0x7836d vm_ip=0x716a80d12aee vm_ip_off=0x312aee vm_flags=0x8e3c0ca2 vm_state=0x6f95fefa vm_byte=0x3a target=0x716a80a9af18 target_off=0x9af18
[DISPATCH] site=0xcdac7 count=1005 slot=0x716a80ac3c60 slot_off=0xc3c60 idx=0x548 frame=0x716a80a7836d frame_off=0x7836d vm_ip=0x716a80d12cd0 vm_ip_off=0x312cd0 vm_flags=0xfbf79ddb vm_state=0xf9f3eb74 vm_byte=0x3a target=0x716a80a9af18 target_off=0x9af18
[DISPATCH] site=0xcdac7 count=1006 slot=0x716a80ac40c8 slot_off=0xc40c8 idx=0x9b0 frame=0x716a80a7836d frame_off=0x7836d vm_ip=0x716a80d12f26 vm_ip_off=0x312f26 vm_flags=0x4b8eb2de vm_state=0x7b1c5e5e vm_byte=0x3a target=0x716a80ab8556 target_off=0xb8556
[DISPATCH] site=0xcdac7 count=1007 slot=0x716a80ac40c8 slot_off=0xc40c8 idx=0x9b0 frame=0x716a80a7836d frame_off=0x7836d vm_ip=0x716a80d13169 vm_ip_off=0x313169 vm_flags=0x7afe7fef vm_state=0x727e02a8 vm_byte=0x3a target=0x716a80ab8556 target_off=0xb8556
[DISPATCH] site=0xcdac7 count=1008 slot=0x716a80ac3c60 slot_off=0xc3c60 idx=0x548 frame=0x716a80a7836d frame_off=0x7836d vm_ip=0x716a80d1334b vm_ip_off=0x31334b vm_flags=0xce4d8465 vm_state=0x7f3e7f7b vm_byte=0x3a target=0x716a80a9af18 target_off=0x9af18
[DISPATCH] site=0xcdac7 count=1009 slot=0x716a80ac3c60 slot_off=0xc3c60 idx=0x548 frame=0x716a80a7836d frame_off=0x7836d vm_ip=0x716a80d135b9 vm_ip_off=0x3135b9 vm_flags=0xc917a90d vm_state=0xc917a90d vm_byte=0x3a target=0x716a80a9af18 target_off=0x9af18
[DISPATCH] site=0xcdac7 count=1010 slot=0x716a80ac40c8 slot_off=0xc40c8 idx=0x9b0 frame=0x716a80a7836d frame_off=0x7836d vm_ip=0x716a80d137fc vm_ip_off=0x3137fc vm_flags=0x8df97560 vm_state=0x694cb90f vm_byte=0x3a target=0x716a80ab8556 target_off=0xb8556
[DISPATCH] site=0xcdac7 count=1011 slot=0x716a80ac40c8 slot_off=0xc40c8 idx=0x9b0 frame=0x716a80a7836d frame_off=0x7836d vm_ip=0x716a80d139de vm_ip_off=0x3139de vm_flags=0x4a612e32 vm_state=0x5f8f8af3 vm_byte=0x3a target=0x716a80ab8556 target_off=0xb8556
[DISPATCH] site=0xcdac7 count=1012 slot=0x716a80ac3c60 slot_off=0xc3c60 idx=0x548 frame=0x716a80a7836d frame_off=0x7836d vm_ip=0x716a80d13c4c vm_ip_off=0x313c4c vm_flags=0x8f70318b vm_state=0xfbfb8b3c vm_byte=0x3a target=0x716a80a9af18 target_off=0x9af18
[DISPATCH] site=0xcdac7 count=1013 slot=0x716a80ac3c60 slot_off=0xc3c60 idx=0x548 frame=0x716a80a7836d frame_off=0x7836d vm_ip=0x716a80d13e8f vm_ip_off=0x313e8f vm_flags=0xfed1df96 vm_state=0x58a4dcd6 vm_byte=0x3a target=0x716a80a9af18 target_off=0x9af18
[DISPATCH] site=0xcdac7 count=1014 slot=0x716a80ac3c60 slot_off=0xc3c60 idx=0x548 frame=0x716a80a7836d frame_off=0x7836d vm_ip=0x716a80d14071 vm_ip_off=0x314071 vm_flags=0x4ac60206 vm_state=0x5ee7d2fb vm_byte=0x3a target=0x716a80a9af18 target_off=0x9af18
[DISPATCH] site=0xcdac7 count=1015 slot=0x716a80ac40c8 slot_off=0xc40c8 idx=0x9b0 frame=0x716a80a7836d frame_off=0x7836d vm_ip=0x716a80d142df vm_ip_off=0x3142df vm_flags=0x861eb185 vm_state=0xdf95e7f4 vm_byte=0x3a target=0x716a80ab8556 target_off=0xb8556
[DISPATCH] site=0xcdac7 count=1016 slot=0x716a80ac40c8 slot_off=0xc40c8 idx=0x9b0 frame=0x716a80a7836d frame_off=0x7836d vm_ip=0x716a80d14522 vm_ip_off=0x314522 vm_flags=0x34a042ea vm_state=0x3ce04eeb vm_byte=0x3a target=0x716a80ab8556 target_off=0xb8556
[DISPATCH] site=0xcdac7 count=1017 slot=0x716a80ac40c8 slot_off=0xc40c8 idx=0x9b0 frame=0x716a80a7836d frame_off=0x7836d vm_ip=0x716a80d14704 vm_ip_off=0x314704 vm_flags=0xfcdeff37 vm_state=0xfcd60600 vm_byte=0x3a target=0x716a80ab8556 target_off=0xb8556
[DISPATCH] site=0xcdac7 count=1018 slot=0x716a80ac3c60 slot_off=0xc3c60 idx=0x548 frame=0x716a80a7836d frame_off=0x7836d vm_ip=0x716a80d14972 vm_ip_off=0x314972 vm_flags=0xf8eeff37 vm_state=0xf8e60910 vm_byte=0x3a target=0x716a80a9af18 target_off=0x9af18
[DISPATCH] site=0xcdac7 count=1019 slot=0x716a80ac40c8 slot_off=0xc40c8 idx=0x9b0 frame=0x716a80a7836d frame_off=0x7836d vm_ip=0x716a80d14bb5 vm_ip_off=0x314bb5 vm_flags=0x62662dfb vm_state=0xbffcca14 vm_byte=0x3a target=0x716a80ab8556 target_off=0xb8556
[DISPATCH] site=0xcdac7 count=1020 slot=0x716a80ac3c60 slot_off=0xc3c60 idx=0x548 frame=0x716a80a7836d frame_off=0x7836d vm_ip=0x716a80d14d97 vm_ip_off=0x314d97 vm_flags=0xfadf7f2d vm_state=0xf21b0800 vm_byte=0x3a target=0x716a80a9af18 target_off=0x9af18
[DISPATCH] site=0xcdac7 count=1021 slot=0x716a80ac40c8 slot_off=0xc40c8 idx=0x9b0 frame=0x716a80a7836d frame_off=0x7836d vm_ip=0x716a80d15005 vm_ip_off=0x315005 vm_flags=0xe34473c6 vm_state=0xe74477c6 vm_byte=0x3a target=0x716a80ab8556 target_off=0xb8556
[DISPATCH] site=0xcdac7 count=1022 slot=0x716a80ac40c8 slot_off=0xc40c8 idx=0x9b0 frame=0x716a80a7836d frame_off=0x7836d vm_ip=0x716a80d1522f vm_ip_off=0x31522f vm_flags=0x69b0303a vm_state=0x69145e5a vm_byte=0x3a target=0x716a80ab8556 target_off=0xb8556
[DISPATCH] site=0xcdac7 count=1023 slot=0x716a80ac3c60 slot_off=0xc3c60 idx=0x548 frame=0x716a80a7836d frame_off=0x7836d vm_ip=0x716a80d15486 vm_ip_off=0x315486 vm_flags=0x841ab3c5 vm_state=0x841ab3c5 vm_byte=0x3a target=0x716a80a9af18 target_off=0x9af18
[DISPATCH] site=0xcdac7 count=1024 slot=0x716a80ac3c60 slot_off=0xc3c60 idx=0x548 frame=0x716a80a7836d frame_off=0x7836d vm_ip=0x716a80d156ca vm_ip_off=0x3156ca vm_flags=0xf613f930 vm_state=0x3ffce85e vm_byte=0x3a target=0x716a80a9af18 target_off=0x9af18
[DISPATCH] site=0xcdac7 count=1025 slot=0x716a80ac3c60 slot_off=0xc3c60 idx=0x548 frame=0x716a80a7836d frame_off=0x7836d vm_ip=0x716a80d15969 vm_ip_off=0x315969 vm_flags=0x2ab32381 vm_state=0x2af72783 vm_byte=0x3a target=0x716a80a9af18 target_off=0x9af18
[DISPATCH] site=0xcdac7 count=1026 slot=0x716a80ac3c60 slot_off=0xc3c60 idx=0x548 frame=0x716a80a7836d frame_off=0x7836d vm_ip=0x716a80d15bbf vm_ip_off=0x315bbf vm_flags=0x6e5d9892 vm_state=0x4000d60c vm_byte=0x3a target=0x716a80a9af18 target_off=0x9af18
[DISPATCH] site=0xcdac7 count=1027 slot=0x716a80ac40c8 slot_off=0xc40c8 idx=0x9b0 frame=0x716a80a7836d frame_off=0x7836d vm_ip=0x716a80d10ca5 vm_ip_off=0x310ca5 vm_flags=0x148226cc vm_state=0xffaffb65 vm_byte=0x3a target=0x716a80ab8556 target_off=0xb8556
[DISPATCH] site=0xcdac7 count=1028 slot=0x716a80ac40c8 slot_off=0xc40c8 idx=0x9b0 frame=0x716a80a7836d frame_off=0x7836d vm_ip=0x716a80d10ef0 vm_ip_off=0x310ef0 vm_flags=0x14100010 vm_state=0x3f0612b2 vm_byte=0x3a target=0x716a80ab8556 target_off=0xb8556
[DISPATCH] site=0xcdac7 count=1029 slot=0x716a80ac3c60 slot_off=0xc3c60 idx=0x548 frame=0x716a80a7836d frame_off=0x7836d vm_ip=0x716a80d11163 vm_ip_off=0x311163 vm_flags=0xc83095f0 vm_state=0x400110fe vm_byte=0x3a target=0x716a80a9af18 target_off=0x9af18
[DISPATCH] site=0xcdac7 count=1030 slot=0x716a80ac3c60 slot_off=0xc3c60 idx=0x548 frame=0x716a80a7836d frame_off=0x7836d vm_ip=0x716a80d113a5 vm_ip_off=0x3113a5 vm_flags=0x7adeff2e vm_state=0x78de0800 vm_byte=0x3a target=0x716a80a9af18 target_off=0x9af18
[DISPATCH] site=0xcdac7 count=1031 slot=0x716a80ac40c8 slot_off=0xc40c8 idx=0x9b0 frame=0x716a80a7836d frame_off=0x7836d vm_ip=0x716a80d115e7 vm_ip_off=0x3115e7 vm_flags=0x2948 vm_state=0x2948 vm_byte=0x3a target=0x716a80ab8556 target_off=0xb8556
[DISPATCH] site=0xcdac7 count=1032 slot=0x716a80ac3c60 slot_off=0xc3c60 idx=0x548 frame=0x716a80a7836d frame_off=0x7836d vm_ip=0x716a80d11829 vm_ip_off=0x311829 vm_flags=0x3acddfde vm_state=0x585c5c02 vm_byte=0x3a target=0x716a80a9af18 target_off=0x9af18
[DISPATCH] site=0xcdac7 count=1033 slot=0x716a80ac3c60 slot_off=0xc3c60 idx=0x548 frame=0x716a80a7836d frame_off=0x7836d vm_ip=0x716a80d11a6b vm_ip_off=0x311a6b vm_flags=0xef1b287 vm_state=0x69145f5a vm_byte=0x3a target=0x716a80a9af18 target_off=0x9af18
[DISPATCH] site=0xcdac7 count=1034 slot=0x716a80ac40c8 slot_off=0xc40c8 idx=0x9b0 frame=0x716a80a7836d frame_off=0x7836d vm_ip=0x716a80d11cad vm_ip_off=0x311cad vm_flags=0x524c03c5 vm_state=0x7df7dfda vm_byte=0x3a target=0x716a80ab8556 target_off=0xb8556
[DISPATCH] site=0xcdac7 count=1035 slot=0x716a80ac40c8 slot_off=0xc40c8 idx=0x9b0 frame=0x716a80a7836d frame_off=0x7836d vm_ip=0x716a80d11f69 vm_ip_off=0x311f69 vm_flags=0x8e78f1da vm_state=0xeb377ffe vm_byte=0x3a target=0x716a80ab8556 target_off=0xb8556
[DISPATCH] site=0xcdac7 count=1036 slot=0x716a80ac40c8 slot_off=0xc40c8 idx=0x9b0 frame=0x716a80a7836d frame_off=0x7836d vm_ip=0x716a80d1223a vm_ip_off=0x31223a vm_flags=0x8e4e0de5 vm_state=0x7bd7fefb vm_byte=0x3a target=0x716a80ab8556 target_off=0xb8556
[DISPATCH] site=0xcdac7 count=1037 slot=0x716a80ac3c60 slot_off=0xc3c60 idx=0x548 frame=0x716a80a7836d frame_off=0x7836d vm_ip=0x716a80d12464 vm_ip_off=0x312464 vm_flags=0x347541db vm_state=0x69945ffa vm_byte=0x3a target=0x716a80a9af18 target_off=0x9af18
[DISPATCH] site=0xcdac7 count=1038 slot=0x716a80ac40c8 slot_off=0xc40c8 idx=0x9b0 frame=0x716a80a7836d frame_off=0x7836d vm_ip=0x716a80d1268e vm_ip_off=0x31268e vm_flags=0x5675bb90 vm_state=0xffc76ef9 vm_byte=0x3a target=0x716a80ab8556 target_off=0xb8556
[DISPATCH] site=0xcdac7 count=1039 slot=0x716a80ac3c60 slot_off=0xc3c60 idx=0x548 frame=0x716a80a7836d frame_off=0x7836d vm_ip=0x716a80d12868 vm_ip_off=0x312868 vm_flags=0x221c12 vm_state=0x3f06a742 vm_byte=0x3a target=0x716a80a9af18 target_off=0x9af18
[DISPATCH] site=0xcdac7 count=1040 slot=0x716a80ac3c60 slot_off=0xc3c60 idx=0x548 frame=0x716a80a7836d frame_off=0x7836d vm_ip=0x716a80d12aee vm_ip_off=0x312aee vm_flags=0x8e3c0ca2 vm_state=0x6f95fefa vm_byte=0x3a target=0x716a80a9af18 target_off=0x9af18
[DISPATCH] site=0xcdac7 count=1041 slot=0x716a80ac3c60 slot_off=0xc3c60 idx=0x548 frame=0x716a80a7836d frame_off=0x7836d vm_ip=0x716a80d12cd0 vm_ip_off=0x312cd0 vm_flags=0xfbf79ddb vm_state=0xf9f3eb74 vm_byte=0x3a target=0x716a80a9af18 target_off=0x9af18
[DISPATCH] site=0xcdac7 count=1042 slot=0x716a80ac40c8 slot_off=0xc40c8 idx=0x9b0 frame=0x716a80a7836d frame_off=0x7836d vm_ip=0x716a80d12f26 vm_ip_off=0x312f26 vm_flags=0x4b8eb2de vm_state=0x7b1c5e5e vm_byte=0x3a target=0x716a80ab8556 target_off=0xb8556
[DISPATCH] site=0xcdac7 count=1043 slot=0x716a80ac40c8 slot_off=0xc40c8 idx=0x9b0 frame=0x716a80a7836d frame_off=0x7836d vm_ip=0x716a80d13169 vm_ip_off=0x313169 vm_flags=0x7afe7fef vm_state=0x727e02a8 vm_byte=0x3a target=0x716a80ab8556 target_off=0xb8556
[DISPATCH] site=0xcdac7 count=1044 slot=0x716a80ac3c60 slot_off=0xc3c60 idx=0x548 frame=0x716a80a7836d frame_off=0x7836d vm_ip=0x716a80d1334b vm_ip_off=0x31334b vm_flags=0xce4d8465 vm_state=0x7f3e7f7b vm_byte=0x3a target=0x716a80a9af18 target_off=0x9af18
[DISPATCH] site=0xcdac7 count=1045 slot=0x716a80ac3c60 slot_off=0xc3c60 idx=0x548 frame=0x716a80a7836d frame_off=0x7836d vm_ip=0x716a80d135b9 vm_ip_off=0x3135b9 vm_flags=0xc917a90d vm_state=0xc917a90d vm_byte=0x3a target=0x716a80a9af18 target_off=0x9af18
[DISPATCH] site=0xcdac7 count=1046 slot=0x716a80ac40c8 slot_off=0xc40c8 idx=0x9b0 frame=0x716a80a7836d frame_off=0x7836d vm_ip=0x716a80d137fc vm_ip_off=0x3137fc vm_flags=0x8df97560 vm_state=0x694cb90f vm_byte=0x3a target=0x716a80ab8556 target_off=0xb8556
[DISPATCH] site=0xcdac7 count=1047 slot=0x716a80ac40c8 slot_off=0xc40c8 idx=0x9b0 frame=0x716a80a7836d frame_off=0x7836d vm_ip=0x716a80d139de vm_ip_off=0x3139de vm_flags=0x4a612e32 vm_state=0x5f8f8af3 vm_byte=0x3a target=0x716a80ab8556 target_off=0xb8556
[DISPATCH] site=0xcdac7 count=1048 slot=0x716a80ac3c60 slot_off=0xc3c60 idx=0x548 frame=0x716a80a7836d frame_off=0x7836d vm_ip=0x716a80d13c4c vm_ip_off=0x313c4c vm_flags=0x8f70318b vm_state=0xfbfb8b3c vm_byte=0x3a target=0x716a80a9af18 target_off=0x9af18
[DISPATCH] site=0xcdac7 count=1049 slot=0x716a80ac3c60 slot_off=0xc3c60 idx=0x548 frame=0x716a80a7836d frame_off=0x7836d vm_ip=0x716a80d13e8f vm_ip_off=0x313e8f vm_flags=0xfed1df96 vm_state=0x58a4dcd6 vm_byte=0x3a target=0x716a80a9af18 target_off=0x9af18
[DISPATCH] site=0xcdac7 count=1050 slot=0x716a80ac3c60 slot_off=0xc3c60 idx=0x548 frame=0x716a80a7836d frame_off=0x7836d vm_ip=0x716a80d14071 vm_ip_off=0x314071 vm_flags=0x4ac60206 vm_state=0x5ee7d2fb vm_byte=0x3a target=0x716a80a9af18 target_off=0x9af18
[DISPATCH] site=0xcdac7 count=1051 slot=0x716a80ac40c8 slot_off=0xc40c8 idx=0x9b0 frame=0x716a80a7836d frame_off=0x7836d vm_ip=0x716a80d142df vm_ip_off=0x3142df vm_flags=0x861eb185 vm_state=0xdf95e7f4 vm_byte=0x3a target=0x716a80ab8556 target_off=0xb8556
[DISPATCH] site=0xcdac7 count=1052 slot=0x716a80ac40c8 slot_off=0xc40c8 idx=0x9b0 frame=0x716a80a7836d frame_off=0x7836d vm_ip=0x716a80d14522 vm_ip_off=0x314522 vm_flags=0x34a042ea vm_state=0x3ce04eeb vm_byte=0x3a target=0x716a80ab8556 target_off=0xb8556
[DISPATCH] site=0xcdac7 count=1053 slot=0x716a80ac40c8 slot_off=0xc40c8 idx=0x9b0 frame=0x716a80a7836d frame_off=0x7836d vm_ip=0x716a80d14704 vm_ip_off=0x314704 vm_flags=0xfcdeff37 vm_state=0xfcd60600 vm_byte=0x3a target=0x716a80ab8556 target_off=0xb8556
[DISPATCH] site=0xcdac7 count=1054 slot=0x716a80ac3c60 slot_off=0xc3c60 idx=0x548 frame=0x716a80a7836d frame_off=0x7836d vm_ip=0x716a80d14972 vm_ip_off=0x314972 vm_flags=0xf8eeff37 vm_state=0xf8e60910 vm_byte=0x3a target=0x716a80a9af18 target_off=0x9af18
[DISPATCH] site=0xcdac7 count=1055 slot=0x716a80ac40c8 slot_off=0xc40c8 idx=0x9b0 frame=0x716a80a7836d frame_off=0x7836d vm_ip=0x716a80d14bb5 vm_ip_off=0x314bb5 vm_flags=0x62662dfb vm_state=0xbffcca14 vm_byte=0x3a target=0x716a80ab8556 target_off=0xb8556
[DISPATCH] site=0xcdac7 count=1056 slot=0x716a80ac3c60 slot_off=0xc3c60 idx=0x548 frame=0x716a80a7836d frame_off=0x7836d vm_ip=0x716a80d14d97 vm_ip_off=0x314d97 vm_flags=0xfadf7f2d vm_state=0xf21b0800 vm_byte=0x3a target=0x716a80a9af18 target_off=0x9af18
[DISPATCH] site=0xcdac7 count=1057 slot=0x716a80ac40c8 slot_off=0xc40c8 idx=0x9b0 frame=0x716a80a7836d frame_off=0x7836d vm_ip=0x716a80d15005 vm_ip_off=0x315005 vm_flags=0xe34473c6 vm_state=0xe74477c6 vm_byte=0x3a target=0x716a80ab8556 target_off=0xb8556
[DISPATCH] site=0xcdac7 count=1058 slot=0x716a80ac40c8 slot_off=0xc40c8 idx=0x9b0 frame=0x716a80a7836d frame_off=0x7836d vm_ip=0x716a80d1522f vm_ip_off=0x31522f vm_flags=0x69b0303a vm_state=0x69145e5a vm_byte=0x3a target=0x716a80ab8556 target_off=0xb8556
[DISPATCH] site=0xcdac7 count=1059 slot=0x716a80ac3c60 slot_off=0xc3c60 idx=0x548 frame=0x716a80a7836d frame_off=0x7836d vm_ip=0x716a80d15486 vm_ip_off=0x315486 vm_flags=0x841ab3c5 vm_state=0x841ab3c5 vm_byte=0x3a target=0x716a80a9af18 target_off=0x9af18
[DISPATCH] site=0xcdac7 count=1060 slot=0x716a80ac3c60 slot_off=0xc3c60 idx=0x548 frame=0x716a80a7836d frame_off=0x7836d vm_ip=0x716a80d156ca vm_ip_off=0x3156ca vm_flags=0xf613f930 vm_state=0x3ffce85e vm_byte=0x3a target=0x716a80a9af18 target_off=0x9af18
[DISPATCH] site=0xcdac7 count=1061 slot=0x716a80ac3c60 slot_off=0xc3c60 idx=0x548 frame=0x716a80a7836d frame_off=0x7836d vm_ip=0x716a80d15969 vm_ip_off=0x315969 vm_flags=0x2ab32381 vm_state=0x2af72783 vm_byte=0x3a target=0x716a80a9af18 target_off=0x9af18
[DISPATCH] site=0xcdac7 count=1062 slot=0x716a80ac3c60 slot_off=0xc3c60 idx=0x548 frame=0x716a80a7836d frame_off=0x7836d vm_ip=0x716a80d15bbf vm_ip_off=0x315bbf vm_flags=0x6e5d9892 vm_state=0x4000d60c vm_byte=0x3a target=0x716a80a9af18 target_off=0x9af18
[DISPATCH] site=0xcdac7 count=1063 slot=0x716a80ac40c8 slot_off=0xc40c8 idx=0x9b0 frame=0x716a80a7836d frame_off=0x7836d vm_ip=0x716a80d10ca5 vm_ip_off=0x310ca5 vm_flags=0x148226cc vm_state=0xffaffb65 vm_byte=0x3a target=0x716a80ab8556 target_off=0xb8556
[DISPATCH] site=0xcdac7 count=1064 slot=0x716a80ac40c8 slot_off=0xc40c8 idx=0x9b0 frame=0x716a80a7836d frame_off=0x7836d vm_ip=0x716a80d10ef0 vm_ip_off=0x310ef0 vm_flags=0x14100010 vm_state=0x3f0612b2 vm_byte=0x3a target=0x716a80ab8556 target_off=0xb8556
[DISPATCH] site=0xcdac7 count=1065 slot=0x716a80ac3c60 slot_off=0xc3c60 idx=0x548 frame=0x716a80a7836d frame_off=0x7836d vm_ip=0x716a80d11163 vm_ip_off=0x311163 vm_flags=0xc83095f0 vm_state=0x400110fe vm_byte=0x3a target=0x716a80a9af18 target_off=0x9af18
[DISPATCH] site=0xcdac7 count=1066 slot=0x716a80ac3c60 slot_off=0xc3c60 idx=0x548 frame=0x716a80a7836d frame_off=0x7836d vm_ip=0x716a80d113a5 vm_ip_off=0x3113a5 vm_flags=0x7adeff2e vm_state=0x78de0800 vm_byte=0x3a target=0x716a80a9af18 target_off=0x9af18
[DISPATCH] site=0xcdac7 count=1067 slot=0x716a80ac40c8 slot_off=0xc40c8 idx=0x9b0 frame=0x716a80a7836d frame_off=0x7836d vm_ip=0x716a80d115e7 vm_ip_off=0x3115e7 vm_flags=0x2948 vm_state=0x2948 vm_byte=0x3a target=0x716a80ab8556 target_off=0xb8556
[DISPATCH] site=0xcdac7 count=1068 slot=0x716a80ac3c60 slot_off=0xc3c60 idx=0x548 frame=0x716a80a7836d frame_off=0x7836d vm_ip=0x716a80d11829 vm_ip_off=0x311829 vm_flags=0x3acddfde vm_state=0x585c5c02 vm_byte=0x3a target=0x716a80a9af18 target_off=0x9af18
[DISPATCH] site=0xcdac7 count=1069 slot=0x716a80ac3c60 slot_off=0xc3c60 idx=0x548 frame=0x716a80a7836d frame_off=0x7836d vm_ip=0x716a80d11a6b vm_ip_off=0x311a6b vm_flags=0xef1b287 vm_state=0x69145f5a vm_byte=0x3a target=0x716a80a9af18 target_off=0x9af18
[DISPATCH] site=0xcdac7 count=1070 slot=0x716a80ac40c8 slot_off=0xc40c8 idx=0x9b0 frame=0x716a80a7836d frame_off=0x7836d vm_ip=0x716a80d11cad vm_ip_off=0x311cad vm_flags=0x524c03c5 vm_state=0x7df7dfda vm_byte=0x3a target=0x716a80ab8556 target_off=0xb8556
[DISPATCH] site=0xcdac7 count=1071 slot=0x716a80ac40c8 slot_off=0xc40c8 idx=0x9b0 frame=0x716a80a7836d frame_off=0x7836d vm_ip=0x716a80d11f69 vm_ip_off=0x311f69 vm_flags=0x8e78f1da vm_state=0xeb377ffe vm_byte=0x3a target=0x716a80ab8556 target_off=0xb8556
[DISPATCH] site=0xcdac7 count=1072 slot=0x716a80ac40c8 slot_off=0xc40c8 idx=0x9b0 frame=0x716a80a7836d frame_off=0x7836d vm_ip=0x716a80d1223a vm_ip_off=0x31223a vm_flags=0x8e4e0de5 vm_state=0x7bd7fefb vm_byte=0x3a target=0x716a80ab8556 target_off=0xb8556
[DISPATCH] site=0xcdac7 count=1073 slot=0x716a80ac3c60 slot_off=0xc3c60 idx=0x548 frame=0x716a80a7836d frame_off=0x7836d vm_ip=0x716a80d12464 vm_ip_off=0x312464 vm_flags=0x347541db vm_state=0x69945ffa vm_byte=0x3a target=0x716a80a9af18 target_off=0x9af18
[DISPATCH] site=0xcdac7 count=1074 slot=0x716a80ac40c8 slot_off=0xc40c8 idx=0x9b0 frame=0x716a80a7836d frame_off=0x7836d vm_ip=0x716a80d1268e vm_ip_off=0x31268e vm_flags=0x5675bb90 vm_state=0xffc76ef9 vm_byte=0x3a target=0x716a80ab8556 target_off=0xb8556
[DISPATCH] site=0xcdac7 count=1075 slot=0x716a80ac3c60 slot_off=0xc3c60 idx=0x548 frame=0x716a80a7836d frame_off=0x7836d vm_ip=0x716a80d12868 vm_ip_off=0x312868 vm_flags=0x221c12 vm_state=0x3f06a742 vm_byte=0x3a target=0x716a80a9af18 target_off=0x9af18
[DISPATCH] site=0xcdac7 count=1076 slot=0x716a80ac3c60 slot_off=0xc3c60 idx=0x548 frame=0x716a80a7836d frame_off=0x7836d vm_ip=0x716a80d12aee vm_ip_off=0x312aee vm_flags=0x8e3c0ca2 vm_state=0x6f95fefa vm_byte=0x3a target=0x716a80a9af18 target_off=0x9af18
[DISPATCH] site=0xcdac7 count=1077 slot=0x716a80ac3c60 slot_off=0xc3c60 idx=0x548 frame=0x716a80a7836d frame_off=0x7836d vm_ip=0x716a80d12cd0 vm_ip_off=0x312cd0 vm_flags=0xfbf79ddb vm_state=0xf9f3eb74 vm_byte=0x3a target=0x716a80a9af18 target_off=0x9af18
[DISPATCH] site=0xcdac7 count=1078 slot=0x716a80ac40c8 slot_off=0xc40c8 idx=0x9b0 frame=0x716a80a7836d frame_off=0x7836d vm_ip=0x716a80d12f26 vm_ip_off=0x312f26 vm_flags=0x4b8eb2de vm_state=0x7b1c5e5e vm_byte=0x3a target=0x716a80ab8556 target_off=0xb8556
[DISPATCH] site=0xcdac7 count=1079 slot=0x716a80ac40c8 slot_off=0xc40c8 idx=0x9b0 frame=0x716a80a7836d frame_off=0x7836d vm_ip=0x716a80d13169 vm_ip_off=0x313169 vm_flags=0x7afe7fef vm_state=0x727e02a8 vm_byte=0x3a target=0x716a80ab8556 target_off=0xb8556
[DISPATCH] site=0xcdac7 count=1080 slot=0x716a80ac3c60 slot_off=0xc3c60 idx=0x548 frame=0x716a80a7836d frame_off=0x7836d vm_ip=0x716a80d1334b vm_ip_off=0x31334b vm_flags=0xce4d8465 vm_state=0x7f3e7f7b vm_byte=0x3a target=0x716a80a9af18 target_off=0x9af18
[DISPATCH] site=0xcdac7 count=1081 slot=0x716a80ac3c60 slot_off=0xc3c60 idx=0x548 frame=0x716a80a7836d frame_off=0x7836d vm_ip=0x716a80d135b9 vm_ip_off=0x3135b9 vm_flags=0xc917a90d vm_state=0xc917a90d vm_byte=0x3a target=0x716a80a9af18 target_off=0x9af18
[DISPATCH] site=0xcdac7 count=1082 slot=0x716a80ac40c8 slot_off=0xc40c8 idx=0x9b0 frame=0x716a80a7836d frame_off=0x7836d vm_ip=0x716a80d137fc vm_ip_off=0x3137fc vm_flags=0x8df97560 vm_state=0x694cb90f vm_byte=0x3a target=0x716a80ab8556 target_off=0xb8556
[DISPATCH] site=0xcdac7 count=1083 slot=0x716a80ac40c8 slot_off=0xc40c8 idx=0x9b0 frame=0x716a80a7836d frame_off=0x7836d vm_ip=0x716a80d139de vm_ip_off=0x3139de vm_flags=0x4a612e32 vm_state=0x5f8f8af3 vm_byte=0x3a target=0x716a80ab8556 target_off=0xb8556
[DISPATCH] site=0xcdac7 count=1084 slot=0x716a80ac3c60 slot_off=0xc3c60 idx=0x548 frame=0x716a80a7836d frame_off=0x7836d vm_ip=0x716a80d13c4c vm_ip_off=0x313c4c vm_flags=0x8f70318b vm_state=0xfbfb8b3c vm_byte=0x3a target=0x716a80a9af18 target_off=0x9af18
[DISPATCH] site=0xcdac7 count=1085 slot=0x716a80ac3c60 slot_off=0xc3c60 idx=0x548 frame=0x716a80a7836d frame_off=0x7836d vm_ip=0x716a80d13e8f vm_ip_off=0x313e8f vm_flags=0xfed1df96 vm_state=0x58a4dcd6 vm_byte=0x3a target=0x716a80a9af18 target_off=0x9af18
[DISPATCH] site=0xcdac7 count=1086 slot=0x716a80ac3c60 slot_off=0xc3c60 idx=0x548 frame=0x716a80a7836d frame_off=0x7836d vm_ip=0x716a80d14071 vm_ip_off=0x314071 vm_flags=0x4ac60206 vm_state=0x5ee7d2fb vm_byte=0x3a target=0x716a80a9af18 target_off=0x9af18
[DISPATCH] site=0xcdac7 count=1087 slot=0x716a80ac40c8 slot_off=0xc40c8 idx=0x9b0 frame=0x716a80a7836d frame_off=0x7836d vm_ip=0x716a80d142df vm_ip_off=0x3142df vm_flags=0x861eb185 vm_state=0xdf95e7f4 vm_byte=0x3a target=0x716a80ab8556 target_off=0xb8556
[DISPATCH] site=0xcdac7 count=1088 slot=0x716a80ac40c8 slot_off=0xc40c8 idx=0x9b0 frame=0x716a80a7836d frame_off=0x7836d vm_ip=0x716a80d14522 vm_ip_off=0x314522 vm_flags=0x34a042ea vm_state=0x3ce04eeb vm_byte=0x3a target=0x716a80ab8556 target_off=0xb8556
[DISPATCH] site=0xcdac7 count=1089 slot=0x716a80ac40c8 slot_off=0xc40c8 idx=0x9b0 frame=0x716a80a7836d frame_off=0x7836d vm_ip=0x716a80d14704 vm_ip_off=0x314704 vm_flags=0xfcdeff37 vm_state=0xfcd60600 vm_byte=0x3a target=0x716a80ab8556 target_off=0xb8556
[DISPATCH] site=0xcdac7 count=1090 slot=0x716a80ac3c60 slot_off=0xc3c60 idx=0x548 frame=0x716a80a7836d frame_off=0x7836d vm_ip=0x716a80d14972 vm_ip_off=0x314972 vm_flags=0xf8eeff37 vm_state=0xf8e60910 vm_byte=0x3a target=0x716a80a9af18 target_off=0x9af18
[DISPATCH] site=0xcdac7 count=1091 slot=0x716a80ac40c8 slot_off=0xc40c8 idx=0x9b0 frame=0x716a80a7836d frame_off=0x7836d vm_ip=0x716a80d14bb5 vm_ip_off=0x314bb5 vm_flags=0x62662dfb vm_state=0xbffcca14 vm_byte=0x3a target=0x716a80ab8556 target_off=0xb8556
[DISPATCH] site=0xcdac7 count=1092 slot=0x716a80ac3c60 slot_off=0xc3c60 idx=0x548 frame=0x716a80a7836d frame_off=0x7836d vm_ip=0x716a80d14d97 vm_ip_off=0x314d97 vm_flags=0xfadf7f2d vm_state=0xf21b0800 vm_byte=0x3a target=0x716a80a9af18 target_off=0x9af18
[DISPATCH] site=0xcdac7 count=1093 slot=0x716a80ac40c8 slot_off=0xc40c8 idx=0x9b0 frame=0x716a80a7836d frame_off=0x7836d vm_ip=0x716a80d15005 vm_ip_off=0x315005 vm_flags=0xe34473c6 vm_state=0xe74477c6 vm_byte=0x3a target=0x716a80ab8556 target_off=0xb8556
[DISPATCH] site=0xcdac7 count=1094 slot=0x716a80ac40c8 slot_off=0xc40c8 idx=0x9b0 frame=0x716a80a7836d frame_off=0x7836d vm_ip=0x716a80d1522f vm_ip_off=0x31522f vm_flags=0x69b0303a vm_state=0x69145e5a vm_byte=0x3a target=0x716a80ab8556 target_off=0xb8556
[DISPATCH] site=0xcdac7 count=1095 slot=0x716a80ac3c60 slot_off=0xc3c60 idx=0x548 frame=0x716a80a7836d frame_off=0x7836d vm_ip=0x716a80d15486 vm_ip_off=0x315486 vm_flags=0x841ab3c5 vm_state=0x841ab3c5 vm_byte=0x3a target=0x716a80a9af18 target_off=0x9af18
[DISPATCH] site=0xcdac7 count=1096 slot=0x716a80ac3c60 slot_off=0xc3c60 idx=0x548 frame=0x716a80a7836d frame_off=0x7836d vm_ip=0x716a80d156ca vm_ip_off=0x3156ca vm_flags=0xf613f930 vm_state=0x3ffce85e vm_byte=0x3a target=0x716a80a9af18 target_off=0x9af18
[DISPATCH] site=0xcdac7 count=1097 slot=0x716a80ac3c60 slot_off=0xc3c60 idx=0x548 frame=0x716a80a7836d frame_off=0x7836d vm_ip=0x716a80d15969 vm_ip_off=0x315969 vm_flags=0x2ab32381 vm_state=0x2af72783 vm_byte=0x3a target=0x716a80a9af18 target_off=0x9af18
[DISPATCH] site=0xcdac7 count=1098 slot=0x716a80ac3c60 slot_off=0xc3c60 idx=0x548 frame=0x716a80a7836d frame_off=0x7836d vm_ip=0x716a80d15bbf vm_ip_off=0x315bbf vm_flags=0x6e5d9892 vm_state=0x4000d60c vm_byte=0x3a target=0x716a80a9af18 target_off=0x9af18
[DISPATCH] site=0xcdac7 count=1099 slot=0x716a80ac40c8 slot_off=0xc40c8 idx=0x9b0 frame=0x716a80a7836d frame_off=0x7836d vm_ip=0x716a80d10ca5 vm_ip_off=0x310ca5 vm_flags=0x148226cc vm_state=0xffaffb65 vm_byte=0x3a target=0x716a80ab8556 target_off=0xb8556
[DISPATCH] site=0xcdac7 count=1100 slot=0x716a80ac40c8 slot_off=0xc40c8 idx=0x9b0 frame=0x716a80a7836d frame_off=0x7836d vm_ip=0x716a80d10ef0 vm_ip_off=0x310ef0 vm_flags=0x14100010 vm_state=0x3f0612b2 vm_byte=0x3a target=0x716a80ab8556 target_off=0xb8556
[DISPATCH] site=0xcdac7 count=1101 slot=0x716a80ac3c60 slot_off=0xc3c60 idx=0x548 frame=0x716a80a7836d frame_off=0x7836d vm_ip=0x716a80d11163 vm_ip_off=0x311163 vm_flags=0xc83095f0 vm_state=0x400110fe vm_byte=0x3a target=0x716a80a9af18 target_off=0x9af18
[DISPATCH] site=0xcdac7 count=1102 slot=0x716a80ac3c60 slot_off=0xc3c60 idx=0x548 frame=0x716a80a7836d frame_off=0x7836d vm_ip=0x716a80d113a5 vm_ip_off=0x3113a5 vm_flags=0x7adeff2e vm_state=0x78de0800 vm_byte=0x3a target=0x716a80a9af18 target_off=0x9af18
[DISPATCH] site=0xcdac7 count=1103 slot=0x716a80ac40c8 slot_off=0xc40c8 idx=0x9b0 frame=0x716a80a7836d frame_off=0x7836d vm_ip=0x716a80d115e7 vm_ip_off=0x3115e7 vm_flags=0x2948 vm_state=0x2948 vm_byte=0x3a target=0x716a80ab8556 target_off=0xb8556
[DISPATCH] site=0xcdac7 count=1104 slot=0x716a80ac3c60 slot_off=0xc3c60 idx=0x548 frame=0x716a80a7836d frame_off=0x7836d vm_ip=0x716a80d11829 vm_ip_off=0x311829 vm_flags=0x3acddfde vm_state=0x585c5c02 vm_byte=0x3a target=0x716a80a9af18 target_off=0x9af18
[DISPATCH] site=0xcdac7 count=1105 slot=0x716a80ac3c60 slot_off=0xc3c60 idx=0x548 frame=0x716a80a7836d frame_off=0x7836d vm_ip=0x716a80d11a6b vm_ip_off=0x311a6b vm_flags=0xef1b287 vm_state=0x69145f5a vm_byte=0x3a target=0x716a80a9af18 target_off=0x9af18
[DISPATCH] site=0xcdac7 count=1106 slot=0x716a80ac40c8 slot_off=0xc40c8 idx=0x9b0 frame=0x716a80a7836d frame_off=0x7836d vm_ip=0x716a80d11cad vm_ip_off=0x311cad vm_flags=0x524c03c5 vm_state=0x7df7dfda vm_byte=0x3a target=0x716a80ab8556 target_off=0xb8556
[DISPATCH] site=0xcdac7 count=1107 slot=0x716a80ac40c8 slot_off=0xc40c8 idx=0x9b0 frame=0x716a80a7836d frame_off=0x7836d vm_ip=0x716a80d11f69 vm_ip_off=0x311f69 vm_flags=0x8e78f1da vm_state=0xeb377ffe vm_byte=0x3a target=0x716a80ab8556 target_off=0xb8556
[DISPATCH] site=0xcdac7 count=1108 slot=0x716a80ac40c8 slot_off=0xc40c8 idx=0x9b0 frame=0x716a80a7836d frame_off=0x7836d vm_ip=0x716a80d1223a vm_ip_off=0x31223a vm_flags=0x8e4e0de5 vm_state=0x7bd7fefb vm_byte=0x3a target=0x716a80ab8556 target_off=0xb8556
[DISPATCH] site=0xcdac7 count=1109 slot=0x716a80ac3c60 slot_off=0xc3c60 idx=0x548 frame=0x716a80a7836d frame_off=0x7836d vm_ip=0x716a80d12464 vm_ip_off=0x312464 vm_flags=0x347541db vm_state=0x69945ffa vm_byte=0x3a target=0x716a80a9af18 target_off=0x9af18
[DISPATCH] site=0xcdac7 count=1110 slot=0x716a80ac40c8 slot_off=0xc40c8 idx=0x9b0 frame=0x716a80a7836d frame_off=0x7836d vm_ip=0x716a80d1268e vm_ip_off=0x31268e vm_flags=0x5675bb90 vm_state=0xffc76ef9 vm_byte=0x3a target=0x716a80ab8556 target_off=0xb8556
[DISPATCH] site=0xcdac7 count=1111 slot=0x716a80ac3c60 slot_off=0xc3c60 idx=0x548 frame=0x716a80a7836d frame_off=0x7836d vm_ip=0x716a80d12868 vm_ip_off=0x312868 vm_flags=0x221c12 vm_state=0x3f06a742 vm_byte=0x3a target=0x716a80a9af18 target_off=0x9af18
[DISPATCH] site=0xcdac7 count=1112 slot=0x716a80ac3c60 slot_off=0xc3c60 idx=0x548 frame=0x716a80a7836d frame_off=0x7836d vm_ip=0x716a80d12aee vm_ip_off=0x312aee vm_flags=0x8e3c0ca2 vm_state=0x6f95fefa vm_byte=0x3a target=0x716a80a9af18 target_off=0x9af18
[DISPATCH] site=0xcdac7 count=1113 slot=0x716a80ac3c60 slot_off=0xc3c60 idx=0x548 frame=0x716a80a7836d frame_off=0x7836d vm_ip=0x716a80d12cd0 vm_ip_off=0x312cd0 vm_flags=0xfbf79ddb vm_state=0xf9f3eb74 vm_byte=0x3a target=0x716a80a9af18 target_off=0x9af18
[DISPATCH] site=0xcdac7 count=1114 slot=0x716a80ac40c8 slot_off=0xc40c8 idx=0x9b0 frame=0x716a80a7836d frame_off=0x7836d vm_ip=0x716a80d12f26 vm_ip_off=0x312f26 vm_flags=0x4b8eb2de vm_state=0x7b1c5e5e vm_byte=0x3a target=0x716a80ab8556 target_off=0xb8556
[DISPATCH] site=0xcdac7 count=1115 slot=0x716a80ac40c8 slot_off=0xc40c8 idx=0x9b0 frame=0x716a80a7836d frame_off=0x7836d vm_ip=0x716a80d13169 vm_ip_off=0x313169 vm_flags=0x7afe7fef vm_state=0x727e02a8 vm_byte=0x3a target=0x716a80ab8556 target_off=0xb8556
[DISPATCH] site=0xcdac7 count=1116 slot=0x716a80ac3c60 slot_off=0xc3c60 idx=0x548 frame=0x716a80a7836d frame_off=0x7836d vm_ip=0x716a80d1334b vm_ip_off=0x31334b vm_flags=0xce4d8465 vm_state=0x7f3e7f7b vm_byte=0x3a target=0x716a80a9af18 target_off=0x9af18
[DISPATCH] site=0xcdac7 count=1117 slot=0x716a80ac3c60 slot_off=0xc3c60 idx=0x548 frame=0x716a80a7836d frame_off=0x7836d vm_ip=0x716a80d135b9 vm_ip_off=0x3135b9 vm_flags=0xc917a90d vm_state=0xc917a90d vm_byte=0x3a target=0x716a80a9af18 target_off=0x9af18
[DISPATCH] site=0xcdac7 count=1118 slot=0x716a80ac40c8 slot_off=0xc40c8 idx=0x9b0 frame=0x716a80a7836d frame_off=0x7836d vm_ip=0x716a80d137fc vm_ip_off=0x3137fc vm_flags=0x8df97560 vm_state=0x694cb90f vm_byte=0x3a target=0x716a80ab8556 target_off=0xb8556
[DISPATCH] site=0xcdac7 count=1119 slot=0x716a80ac40c8 slot_off=0xc40c8 idx=0x9b0 frame=0x716a80a7836d frame_off=0x7836d vm_ip=0x716a80d139de vm_ip_off=0x3139de vm_flags=0x4a612e32 vm_state=0x5f8f8af3 vm_byte=0x3a target=0x716a80ab8556 target_off=0xb8556
[DISPATCH] site=0xcdac7 count=1120 slot=0x716a80ac3c60 slot_off=0xc3c60 idx=0x548 frame=0x716a80a7836d frame_off=0x7836d vm_ip=0x716a80d13c4c vm_ip_off=0x313c4c vm_flags=0x8f70318b vm_state=0xfbfb8b3c vm_byte=0x3a target=0x716a80a9af18 target_off=0x9af18
[DISPATCH] site=0xcdac7 count=1121 slot=0x716a80ac3c60 slot_off=0xc3c60 idx=0x548 frame=0x716a80a7836d frame_off=0x7836d vm_ip=0x716a80d13e8f vm_ip_off=0x313e8f vm_flags=0xfed1df96 vm_state=0x58a4dcd6 vm_byte=0x3a target=0x716a80a9af18 target_off=0x9af18
[DISPATCH] site=0xcdac7 count=1122 slot=0x716a80ac3c60 slot_off=0xc3c60 idx=0x548 frame=0x716a80a7836d frame_off=0x7836d vm_ip=0x716a80d14071 vm_ip_off=0x314071 vm_flags=0x4ac60206 vm_state=0x5ee7d2fb vm_byte=0x3a target=0x716a80a9af18 target_off=0x9af18
[DISPATCH] site=0xcdac7 count=1123 slot=0x716a80ac40c8 slot_off=0xc40c8 idx=0x9b0 frame=0x716a80a7836d frame_off=0x7836d vm_ip=0x716a80d142df vm_ip_off=0x3142df vm_flags=0x861eb185 vm_state=0xdf95e7f4 vm_byte=0x3a target=0x716a80ab8556 target_off=0xb8556
[DISPATCH] site=0xcdac7 count=1124 slot=0x716a80ac40c8 slot_off=0xc40c8 idx=0x9b0 frame=0x716a80a7836d frame_off=0x7836d vm_ip=0x716a80d14522 vm_ip_off=0x314522 vm_flags=0x34a042ea vm_state=0x3ce04eeb vm_byte=0x3a target=0x716a80ab8556 target_off=0xb8556
[DISPATCH] site=0xcdac7 count=1125 slot=0x716a80ac40c8 slot_off=0xc40c8 idx=0x9b0 frame=0x716a80a7836d frame_off=0x7836d vm_ip=0x716a80d14704 vm_ip_off=0x314704 vm_flags=0xfcdeff37 vm_state=0xfcd60600 vm_byte=0x3a target=0x716a80ab8556 target_off=0xb8556
[DISPATCH] site=0xcdac7 count=1126 slot=0x716a80ac3c60 slot_off=0xc3c60 idx=0x548 frame=0x716a80a7836d frame_off=0x7836d vm_ip=0x716a80d14972 vm_ip_off=0x314972 vm_flags=0xf8eeff37 vm_state=0xf8e60910 vm_byte=0x3a target=0x716a80a9af18 target_off=0x9af18
[DISPATCH] site=0xcdac7 count=1127 slot=0x716a80ac40c8 slot_off=0xc40c8 idx=0x9b0 frame=0x716a80a7836d frame_off=0x7836d vm_ip=0x716a80d14bb5 vm_ip_off=0x314bb5 vm_flags=0x62662dfb vm_state=0xbffcca14 vm_byte=0x3a target=0x716a80ab8556 target_off=0xb8556
[DISPATCH] site=0xcdac7 count=1128 slot=0x716a80ac3c60 slot_off=0xc3c60 idx=0x548 frame=0x716a80a7836d frame_off=0x7836d vm_ip=0x716a80d14d97 vm_ip_off=0x314d97 vm_flags=0xfadf7f2d vm_state=0xf21b0800 vm_byte=0x3a target=0x716a80a9af18 target_off=0x9af18
[DISPATCH] site=0xcdac7 count=1129 slot=0x716a80ac40c8 slot_off=0xc40c8 idx=0x9b0 frame=0x716a80a7836d frame_off=0x7836d vm_ip=0x716a80d15005 vm_ip_off=0x315005 vm_flags=0xe34473c6 vm_state=0xe74477c6 vm_byte=0x3a target=0x716a80ab8556 target_off=0xb8556
[DISPATCH] site=0xcdac7 count=1130 slot=0x716a80ac40c8 slot_off=0xc40c8 idx=0x9b0 frame=0x716a80a7836d frame_off=0x7836d vm_ip=0x716a80d1522f vm_ip_off=0x31522f vm_flags=0x69b0303a vm_state=0x69145e5a vm_byte=0x3a target=0x716a80ab8556 target_off=0xb8556
[DISPATCH] site=0xcdac7 count=1131 slot=0x716a80ac3c60 slot_off=0xc3c60 idx=0x548 frame=0x716a80a7836d frame_off=0x7836d vm_ip=0x716a80d15486 vm_ip_off=0x315486 vm_flags=0x841ab3c5 vm_state=0x841ab3c5 vm_byte=0x3a target=0x716a80a9af18 target_off=0x9af18
[DISPATCH] site=0xcdac7 count=1132 slot=0x716a80ac3c60 slot_off=0xc3c60 idx=0x548 frame=0x716a80a7836d frame_off=0x7836d vm_ip=0x716a80d156ca vm_ip_off=0x3156ca vm_flags=0xf613f930 vm_state=0x3ffce85e vm_byte=0x3a target=0x716a80a9af18 target_off=0x9af18
[DISPATCH] site=0xcdac7 count=1133 slot=0x716a80ac3c60 slot_off=0xc3c60 idx=0x548 frame=0x716a80a7836d frame_off=0x7836d vm_ip=0x716a80d15969 vm_ip_off=0x315969 vm_flags=0x2ab32381 vm_state=0x2af72783 vm_byte=0x3a target=0x716a80a9af18 target_off=0x9af18
[DISPATCH] site=0xcdac7 count=1134 slot=0x716a80ac3c60 slot_off=0xc3c60 idx=0x548 frame=0x716a80a7836d frame_off=0x7836d vm_ip=0x716a80d15bbf vm_ip_off=0x315bbf vm_flags=0x6e5d9892 vm_state=0x4000d60c vm_byte=0x3a target=0x716a80a9af18 target_off=0x9af18
[DISPATCH] site=0xcdac7 count=1135 slot=0x716a80ac40c8 slot_off=0xc40c8 idx=0x9b0 frame=0x716a80a7836d frame_off=0x7836d vm_ip=0x716a80d10ca5 vm_ip_off=0x310ca5 vm_flags=0x148226cc vm_state=0xffaffb65 vm_byte=0x3a target=0x716a80ab8556 target_off=0xb8556
[DISPATCH] site=0xcdac7 count=1136 slot=0x716a80ac40c8 slot_off=0xc40c8 idx=0x9b0 frame=0x716a80a7836d frame_off=0x7836d vm_ip=0x716a80d10ef0 vm_ip_off=0x310ef0 vm_flags=0x14100010 vm_state=0x3f0612b2 vm_byte=0x3a target=0x716a80ab8556 target_off=0xb8556
[DISPATCH] site=0xcdac7 count=1137 slot=0x716a80ac3c60 slot_off=0xc3c60 idx=0x548 frame=0x716a80a7836d frame_off=0x7836d vm_ip=0x716a80d11163 vm_ip_off=0x311163 vm_flags=0xc83095f0 vm_state=0x400110fe vm_byte=0x3a target=0x716a80a9af18 target_off=0x9af18
[DISPATCH] site=0xcdac7 count=1138 slot=0x716a80ac3c60 slot_off=0xc3c60 idx=0x548 frame=0x716a80a7836d frame_off=0x7836d vm_ip=0x716a80d113a5 vm_ip_off=0x3113a5 vm_flags=0x7adeff2e vm_state=0x78de0800 vm_byte=0x3a target=0x716a80a9af18 target_off=0x9af18
[DISPATCH] site=0xcdac7 count=1139 slot=0x716a80ac40c8 slot_off=0xc40c8 idx=0x9b0 frame=0x716a80a7836d frame_off=0x7836d vm_ip=0x716a80d115e7 vm_ip_off=0x3115e7 vm_flags=0x2948 vm_state=0x2948 vm_byte=0x3a target=0x716a80ab8556 target_off=0xb8556
[DISPATCH] site=0xcdac7 count=1140 slot=0x716a80ac3c60 slot_off=0xc3c60 idx=0x548 frame=0x716a80a7836d frame_off=0x7836d vm_ip=0x716a80d11829 vm_ip_off=0x311829 vm_flags=0x3acddfde vm_state=0x585c5c02 vm_byte=0x3a target=0x716a80a9af18 target_off=0x9af18
[DISPATCH] site=0xcdac7 count=1141 slot=0x716a80ac3c60 slot_off=0xc3c60 idx=0x548 frame=0x716a80a7836d frame_off=0x7836d vm_ip=0x716a80d11a6b vm_ip_off=0x311a6b vm_flags=0xef1b287 vm_state=0x69145f5a vm_byte=0x3a target=0x716a80a9af18 target_off=0x9af18
[DISPATCH] site=0xcdac7 count=1142 slot=0x716a80ac40c8 slot_off=0xc40c8 idx=0x9b0 frame=0x716a80a7836d frame_off=0x7836d vm_ip=0x716a80d11cad vm_ip_off=0x311cad vm_flags=0x524c03c5 vm_state=0x7df7dfda vm_byte=0x3a target=0x716a80ab8556 target_off=0xb8556
[DISPATCH] site=0xcdac7 count=1143 slot=0x716a80ac40c8 slot_off=0xc40c8 idx=0x9b0 frame=0x716a80a7836d frame_off=0x7836d vm_ip=0x716a80d11f69 vm_ip_off=0x311f69 vm_flags=0x8e78f1da vm_state=0xeb377ffe vm_byte=0x3a target=0x716a80ab8556 target_off=0xb8556
[DISPATCH] site=0xcdac7 count=1144 slot=0x716a80ac40c8 slot_off=0xc40c8 idx=0x9b0 frame=0x716a80a7836d frame_off=0x7836d vm_ip=0x716a80d1223a vm_ip_off=0x31223a vm_flags=0x8e4e0de5 vm_state=0x7bd7fefb vm_byte=0x3a target=0x716a80ab8556 target_off=0xb8556
[DISPATCH] site=0xcdac7 count=1145 slot=0x716a80ac3c60 slot_off=0xc3c60 idx=0x548 frame=0x716a80a7836d frame_off=0x7836d vm_ip=0x716a80d12464 vm_ip_off=0x312464 vm_flags=0x347541db vm_state=0x69945ffa vm_byte=0x3a target=0x716a80a9af18 target_off=0x9af18
[DISPATCH] site=0xcdac7 count=1146 slot=0x716a80ac40c8 slot_off=0xc40c8 idx=0x9b0 frame=0x716a80a7836d frame_off=0x7836d vm_ip=0x716a80d1268e vm_ip_off=0x31268e vm_flags=0x5675bb90 vm_state=0xffc76ef9 vm_byte=0x3a target=0x716a80ab8556 target_off=0xb8556
[DISPATCH] site=0xcdac7 count=1147 slot=0x716a80ac3c60 slot_off=0xc3c60 idx=0x548 frame=0x716a80a7836d frame_off=0x7836d vm_ip=0x716a80d12868 vm_ip_off=0x312868 vm_flags=0x221c12 vm_state=0x3f06a742 vm_byte=0x3a target=0x716a80a9af18 target_off=0x9af18
[DISPATCH] site=0xcdac7 count=1148 slot=0x716a80ac3c60 slot_off=0xc3c60 idx=0x548 frame=0x716a80a7836d frame_off=0x7836d vm_ip=0x716a80d12aee vm_ip_off=0x312aee vm_flags=0x8e3c0ca2 vm_state=0x6f95fefa vm_byte=0x3a target=0x716a80a9af18 target_off=0x9af18
[DISPATCH] site=0xcdac7 count=1149 slot=0x716a80ac3c60 slot_off=0xc3c60 idx=0x548 frame=0x716a80a7836d frame_off=0x7836d vm_ip=0x716a80d12cd0 vm_ip_off=0x312cd0 vm_flags=0xfbf79ddb vm_state=0xf9f3eb74 vm_byte=0x3a target=0x716a80a9af18 target_off=0x9af18
[DISPATCH] site=0xcdac7 count=1150 slot=0x716a80ac40c8 slot_off=0xc40c8 idx=0x9b0 frame=0x716a80a7836d frame_off=0x7836d vm_ip=0x716a80d12f26 vm_ip_off=0x312f26 vm_flags=0x4b8eb2de vm_state=0x7b1c5e5e vm_byte=0x3a target=0x716a80ab8556 target_off=0xb8556
[DISPATCH] site=0xcdac7 count=1151 slot=0x716a80ac40c8 slot_off=0xc40c8 idx=0x9b0 frame=0x716a80a7836d frame_off=0x7836d vm_ip=0x716a80d13169 vm_ip_off=0x313169 vm_flags=0x7afe7fef vm_state=0x727e02a8 vm_byte=0x3a target=0x716a80ab8556 target_off=0xb8556
[DISPATCH] site=0xcdac7 count=1152 slot=0x716a80ac3c60 slot_off=0xc3c60 idx=0x548 frame=0x716a80a7836d frame_off=0x7836d vm_ip=0x716a80d1334b vm_ip_off=0x31334b vm_flags=0xce4d8465 vm_state=0x7f3e7f7b vm_byte=0x3a target=0x716a80a9af18 target_off=0x9af18
[DISPATCH] site=0xcdac7 count=1153 slot=0x716a80ac3c60 slot_off=0xc3c60 idx=0x548 frame=0x716a80a7836d frame_off=0x7836d vm_ip=0x716a80d135b9 vm_ip_off=0x3135b9 vm_flags=0xc917a90d vm_state=0xc917a90d vm_byte=0x3a target=0x716a80a9af18 target_off=0x9af18
[DISPATCH] site=0xcdac7 count=1154 slot=0x716a80ac40c8 slot_off=0xc40c8 idx=0x9b0 frame=0x716a80a7836d frame_off=0x7836d vm_ip=0x716a80d137fc vm_ip_off=0x3137fc vm_flags=0x8df97560 vm_state=0x694cb90f vm_byte=0x3a target=0x716a80ab8556 target_off=0xb8556
[DISPATCH] site=0xcdac7 count=1155 slot=0x716a80ac40c8 slot_off=0xc40c8 idx=0x9b0 frame=0x716a80a7836d frame_off=0x7836d vm_ip=0x716a80d139de vm_ip_off=0x3139de vm_flags=0x4a612e32 vm_state=0x5f8f8af3 vm_byte=0x3a target=0x716a80ab8556 target_off=0xb8556
[DISPATCH] site=0xcdac7 count=1156 slot=0x716a80ac3c60 slot_off=0xc3c60 idx=0x548 frame=0x716a80a7836d frame_off=0x7836d vm_ip=0x716a80d13c4c vm_ip_off=0x313c4c vm_flags=0x8f70318b vm_state=0xfbfb8b3c vm_byte=0x3a target=0x716a80a9af18 target_off=0x9af18
[DISPATCH] site=0xcdac7 count=1157 slot=0x716a80ac3c60 slot_off=0xc3c60 idx=0x548 frame=0x716a80a7836d frame_off=0x7836d vm_ip=0x716a80d13e8f vm_ip_off=0x313e8f vm_flags=0xfed1df96 vm_state=0x58a4dcd6 vm_byte=0x3a target=0x716a80a9af18 target_off=0x9af18
[DISPATCH] site=0xcdac7 count=1158 slot=0x716a80ac3c60 slot_off=0xc3c60 idx=0x548 frame=0x716a80a7836d frame_off=0x7836d vm_ip=0x716a80d14071 vm_ip_off=0x314071 vm_flags=0x4ac60206 vm_state=0x5ee7d2fb vm_byte=0x3a target=0x716a80a9af18 target_off=0x9af18
[DISPATCH] site=0xcdac7 count=1159 slot=0x716a80ac40c8 slot_off=0xc40c8 idx=0x9b0 frame=0x716a80a7836d frame_off=0x7836d vm_ip=0x716a80d142df vm_ip_off=0x3142df vm_flags=0x861eb185 vm_state=0xdf95e7f4 vm_byte=0x3a target=0x716a80ab8556 target_off=0xb8556
[DISPATCH] site=0xcdac7 count=1160 slot=0x716a80ac40c8 slot_off=0xc40c8 idx=0x9b0 frame=0x716a80a7836d frame_off=0x7836d vm_ip=0x716a80d14522 vm_ip_off=0x314522 vm_flags=0x34a042ea vm_state=0x3ce04eeb vm_byte=0x3a target=0x716a80ab8556 target_off=0xb8556
[DISPATCH] site=0xcdac7 count=1161 slot=0x716a80ac40c8 slot_off=0xc40c8 idx=0x9b0 frame=0x716a80a7836d frame_off=0x7836d vm_ip=0x716a80d14704 vm_ip_off=0x314704 vm_flags=0xfcdeff37 vm_state=0xfcd60600 vm_byte=0x3a target=0x716a80ab8556 target_off=0xb8556
[DISPATCH] site=0xcdac7 count=1162 slot=0x716a80ac3c60 slot_off=0xc3c60 idx=0x548 frame=0x716a80a7836d frame_off=0x7836d vm_ip=0x716a80d14972 vm_ip_off=0x314972 vm_flags=0xf8eeff37 vm_state=0xf8e60910 vm_byte=0x3a target=0x716a80a9af18 target_off=0x9af18
[DISPATCH] site=0xcdac7 count=1163 slot=0x716a80ac40c8 slot_off=0xc40c8 idx=0x9b0 frame=0x716a80a7836d frame_off=0x7836d vm_ip=0x716a80d14bb5 vm_ip_off=0x314bb5 vm_flags=0x62662dfb vm_state=0xbffcca14 vm_byte=0x3a target=0x716a80ab8556 target_off=0xb8556
[DISPATCH] site=0xcdac7 count=1164 slot=0x716a80ac3c60 slot_off=0xc3c60 idx=0x548 frame=0x716a80a7836d frame_off=0x7836d vm_ip=0x716a80d14d97 vm_ip_off=0x314d97 vm_flags=0xfadf7f2d vm_state=0xf21b0800 vm_byte=0x3a target=0x716a80a9af18 target_off=0x9af18
[DISPATCH] site=0xcdac7 count=1165 slot=0x716a80ac40c8 slot_off=0xc40c8 idx=0x9b0 frame=0x716a80a7836d frame_off=0x7836d vm_ip=0x716a80d15005 vm_ip_off=0x315005 vm_flags=0xe34473c6 vm_state=0xe74477c6 vm_byte=0x3a target=0x716a80ab8556 target_off=0xb8556
[DISPATCH] site=0xcdac7 count=1166 slot=0x716a80ac40c8 slot_off=0xc40c8 idx=0x9b0 frame=0x716a80a7836d frame_off=0x7836d vm_ip=0x716a80d1522f vm_ip_off=0x31522f vm_flags=0x69b0303a vm_state=0x69145e5a vm_byte=0x3a target=0x716a80ab8556 target_off=0xb8556
[DISPATCH] site=0xcdac7 count=1167 slot=0x716a80ac3c60 slot_off=0xc3c60 idx=0x548 frame=0x716a80a7836d frame_off=0x7836d vm_ip=0x716a80d15486 vm_ip_off=0x315486 vm_flags=0x841ab3c5 vm_state=0x841ab3c5 vm_byte=0x3a target=0x716a80a9af18 target_off=0x9af18
[DISPATCH] site=0xcdac7 count=1168 slot=0x716a80ac3c60 slot_off=0xc3c60 idx=0x548 frame=0x716a80a7836d frame_off=0x7836d vm_ip=0x716a80d156ca vm_ip_off=0x3156ca vm_flags=0xf613f930 vm_state=0x3ffce85e vm_byte=0x3a target=0x716a80a9af18 target_off=0x9af18
[DISPATCH] site=0xcdac7 count=1169 slot=0x716a80ac3c60 slot_off=0xc3c60 idx=0x548 frame=0x716a80a7836d frame_off=0x7836d vm_ip=0x716a80d15969 vm_ip_off=0x315969 vm_flags=0x2ab32381 vm_state=0x2af72783 vm_byte=0x3a target=0x716a80a9af18 target_off=0x9af18
[DISPATCH] site=0xcdac7 count=1170 slot=0x716a80ac3c60 slot_off=0xc3c60 idx=0x548 frame=0x716a80a7836d frame_off=0x7836d vm_ip=0x716a80d15bbf vm_ip_off=0x315bbf vm_flags=0x6e5d9892 vm_state=0x4000d60c vm_byte=0x3a target=0x716a80a9af18 target_off=0x9af18
[DISPATCH] site=0xcdac7 count=1171 slot=0x716a80ac40c8 slot_off=0xc40c8 idx=0x9b0 frame=0x716a80a7836d frame_off=0x7836d vm_ip=0x716a80d10ca5 vm_ip_off=0x310ca5 vm_flags=0x148226cc vm_state=0xffaffb65 vm_byte=0x3a target=0x716a80ab8556 target_off=0xb8556
[DISPATCH] site=0xcdac7 count=1172 slot=0x716a80ac40c8 slot_off=0xc40c8 idx=0x9b0 frame=0x716a80a7836d frame_off=0x7836d vm_ip=0x716a80d10ef0 vm_ip_off=0x310ef0 vm_flags=0x14100010 vm_state=0x3f0612b2 vm_byte=0x3a target=0x716a80ab8556 target_off=0xb8556
[DISPATCH] site=0xcdac7 count=1173 slot=0x716a80ac3c60 slot_off=0xc3c60 idx=0x548 frame=0x716a80a7836d frame_off=0x7836d vm_ip=0x716a80d11163 vm_ip_off=0x311163 vm_flags=0xc83095f0 vm_state=0x400110fe vm_byte=0x3a target=0x716a80a9af18 target_off=0x9af18
[DISPATCH] site=0xcdac7 count=1174 slot=0x716a80ac3c60 slot_off=0xc3c60 idx=0x548 frame=0x716a80a7836d frame_off=0x7836d vm_ip=0x716a80d113a5 vm_ip_off=0x3113a5 vm_flags=0x7adeff2e vm_state=0x78de0800 vm_byte=0x3a target=0x716a80a9af18 target_off=0x9af18
[DISPATCH] site=0xcdac7 count=1175 slot=0x716a80ac40c8 slot_off=0xc40c8 idx=0x9b0 frame=0x716a80a7836d frame_off=0x7836d vm_ip=0x716a80d115e7 vm_ip_off=0x3115e7 vm_flags=0x2948 vm_state=0x2948 vm_byte=0x3a target=0x716a80ab8556 target_off=0xb8556
[DISPATCH] site=0xcdac7 count=1176 slot=0x716a80ac3c60 slot_off=0xc3c60 idx=0x548 frame=0x716a80a7836d frame_off=0x7836d vm_ip=0x716a80d11829 vm_ip_off=0x311829 vm_flags=0x3acddfde vm_state=0x585c5c02 vm_byte=0x3a target=0x716a80a9af18 target_off=0x9af18
[DISPATCH] site=0xcdac7 count=1177 slot=0x716a80ac3c60 slot_off=0xc3c60 idx=0x548 frame=0x716a80a7836d frame_off=0x7836d vm_ip=0x716a80d11a6b vm_ip_off=0x311a6b vm_flags=0xef1b287 vm_state=0x69145f5a vm_byte=0x3a target=0x716a80a9af18 target_off=0x9af18
[DISPATCH] site=0xcdac7 count=1178 slot=0x716a80ac40c8 slot_off=0xc40c8 idx=0x9b0 frame=0x716a80a7836d frame_off=0x7836d vm_ip=0x716a80d11cad vm_ip_off=0x311cad vm_flags=0x524c03c5 vm_state=0x7df7dfda vm_byte=0x3a target=0x716a80ab8556 target_off=0xb8556
[DISPATCH] site=0xcdac7 count=1179 slot=0x716a80ac40c8 slot_off=0xc40c8 idx=0x9b0 frame=0x716a80a7836d frame_off=0x7836d vm_ip=0x716a80d11f69 vm_ip_off=0x311f69 vm_flags=0x8e78f1da vm_state=0xeb377ffe vm_byte=0x3a target=0x716a80ab8556 target_off=0xb8556
[DISPATCH] site=0xcdac7 count=1180 slot=0x716a80ac40c8 slot_off=0xc40c8 idx=0x9b0 frame=0x716a80a7836d frame_off=0x7836d vm_ip=0x716a80d1223a vm_ip_off=0x31223a vm_flags=0x8e4e0de5 vm_state=0x7bd7fefb vm_byte=0x3a target=0x716a80ab8556 target_off=0xb8556
[DISPATCH] site=0xcdac7 count=1181 slot=0x716a80ac3c60 slot_off=0xc3c60 idx=0x548 frame=0x716a80a7836d frame_off=0x7836d vm_ip=0x716a80d12464 vm_ip_off=0x312464 vm_flags=0x347541db vm_state=0x69945ffa vm_byte=0x3a target=0x716a80a9af18 target_off=0x9af18
[DISPATCH] site=0xcdac7 count=1182 slot=0x716a80ac40c8 slot_off=0xc40c8 idx=0x9b0 frame=0x716a80a7836d frame_off=0x7836d vm_ip=0x716a80d1268e vm_ip_off=0x31268e vm_flags=0x5675bb90 vm_state=0xffc76ef9 vm_byte=0x3a target=0x716a80ab8556 target_off=0xb8556
[DISPATCH] site=0xcdac7 count=1183 slot=0x716a80ac3c60 slot_off=0xc3c60 idx=0x548 frame=0x716a80a7836d frame_off=0x7836d vm_ip=0x716a80d12868 vm_ip_off=0x312868 vm_flags=0x221c12 vm_state=0x3f06a742 vm_byte=0x3a target=0x716a80a9af18 target_off=0x9af18
[DISPATCH] site=0xcdac7 count=1184 slot=0x716a80ac3c60 slot_off=0xc3c60 idx=0x548 frame=0x716a80a7836d frame_off=0x7836d vm_ip=0x716a80d12aee vm_ip_off=0x312aee vm_flags=0x8e3c0ca2 vm_state=0x6f95fefa vm_byte=0x3a target=0x716a80a9af18 target_off=0x9af18
[DISPATCH] site=0xcdac7 count=1185 slot=0x716a80ac3c60 slot_off=0xc3c60 idx=0x548 frame=0x716a80a7836d frame_off=0x7836d vm_ip=0x716a80d12cd0 vm_ip_off=0x312cd0 vm_flags=0xfbf79ddb vm_state=0xf9f3eb74 vm_byte=0x3a target=0x716a80a9af18 target_off=0x9af18
[DISPATCH] site=0xcdac7 count=1186 slot=0x716a80ac40c8 slot_off=0xc40c8 idx=0x9b0 frame=0x716a80a7836d frame_off=0x7836d vm_ip=0x716a80d12f26 vm_ip_off=0x312f26 vm_flags=0x4b8eb2de vm_state=0x7b1c5e5e vm_byte=0x3a target=0x716a80ab8556 target_off=0xb8556
[DISPATCH] site=0xcdac7 count=1187 slot=0x716a80ac40c8 slot_off=0xc40c8 idx=0x9b0 frame=0x716a80a7836d frame_off=0x7836d vm_ip=0x716a80d13169 vm_ip_off=0x313169 vm_flags=0x7afe7fef vm_state=0x727e02a8 vm_byte=0x3a target=0x716a80ab8556 target_off=0xb8556
[DISPATCH] site=0xcdac7 count=1188 slot=0x716a80ac3c60 slot_off=0xc3c60 idx=0x548 frame=0x716a80a7836d frame_off=0x7836d vm_ip=0x716a80d1334b vm_ip_off=0x31334b vm_flags=0xce4d8465 vm_state=0x7f3e7f7b vm_byte=0x3a target=0x716a80a9af18 target_off=0x9af18
[DISPATCH] site=0xcdac7 count=1189 slot=0x716a80ac3c60 slot_off=0xc3c60 idx=0x548 frame=0x716a80a7836d frame_off=0x7836d vm_ip=0x716a80d135b9 vm_ip_off=0x3135b9 vm_flags=0xc917a90d vm_state=0xc917a90d vm_byte=0x3a target=0x716a80a9af18 target_off=0x9af18
[DISPATCH] site=0xcdac7 count=1190 slot=0x716a80ac40c8 slot_off=0xc40c8 idx=0x9b0 frame=0x716a80a7836d frame_off=0x7836d vm_ip=0x716a80d137fc vm_ip_off=0x3137fc vm_flags=0x8df97560 vm_state=0x694cb90f vm_byte=0x3a target=0x716a80ab8556 target_off=0xb8556
[DISPATCH] site=0xcdac7 count=1191 slot=0x716a80ac40c8 slot_off=0xc40c8 idx=0x9b0 frame=0x716a80a7836d frame_off=0x7836d vm_ip=0x716a80d139de vm_ip_off=0x3139de vm_flags=0x4a612e32 vm_state=0x5f8f8af3 vm_byte=0x3a target=0x716a80ab8556 target_off=0xb8556
[DISPATCH] site=0xcdac7 count=1192 slot=0x716a80ac3c60 slot_off=0xc3c60 idx=0x548 frame=0x716a80a7836d frame_off=0x7836d vm_ip=0x716a80d13c4c vm_ip_off=0x313c4c vm_flags=0x8f70318b vm_state=0xfbfb8b3c vm_byte=0x3a target=0x716a80a9af18 target_off=0x9af18
[DISPATCH] site=0xcdac7 count=1193 slot=0x716a80ac3c60 slot_off=0xc3c60 idx=0x548 frame=0x716a80a7836d frame_off=0x7836d vm_ip=0x716a80d13e8f vm_ip_off=0x313e8f vm_flags=0xfed1df96 vm_state=0x58a4dcd6 vm_byte=0x3a target=0x716a80a9af18 target_off=0x9af18
[DISPATCH] site=0xcdac7 count=1194 slot=0x716a80ac3c60 slot_off=0xc3c60 idx=0x548 frame=0x716a80a7836d frame_off=0x7836d vm_ip=0x716a80d14071 vm_ip_off=0x314071 vm_flags=0x4ac60206 vm_state=0x5ee7d2fb vm_byte=0x3a target=0x716a80a9af18 target_off=0x9af18
[DISPATCH] site=0xcdac7 count=1195 slot=0x716a80ac40c8 slot_off=0xc40c8 idx=0x9b0 frame=0x716a80a7836d frame_off=0x7836d vm_ip=0x716a80d142df vm_ip_off=0x3142df vm_flags=0x861eb185 vm_state=0xdf95e7f4 vm_byte=0x3a target=0x716a80ab8556 target_off=0xb8556
[DISPATCH] site=0xcdac7 count=1196 slot=0x716a80ac40c8 slot_off=0xc40c8 idx=0x9b0 frame=0x716a80a7836d frame_off=0x7836d vm_ip=0x716a80d14522 vm_ip_off=0x314522 vm_flags=0x34a042ea vm_state=0x3ce04eeb vm_byte=0x3a target=0x716a80ab8556 target_off=0xb8556
[DISPATCH] site=0xcdac7 count=1197 slot=0x716a80ac40c8 slot_off=0xc40c8 idx=0x9b0 frame=0x716a80a7836d frame_off=0x7836d vm_ip=0x716a80d14704 vm_ip_off=0x314704 vm_flags=0xfcdeff37 vm_state=0xfcd60600 vm_byte=0x3a target=0x716a80ab8556 target_off=0xb8556
[DISPATCH] site=0xcdac7 count=1198 slot=0x716a80ac3c60 slot_off=0xc3c60 idx=0x548 frame=0x716a80a7836d frame_off=0x7836d vm_ip=0x716a80d14972 vm_ip_off=0x314972 vm_flags=0xf8eeff37 vm_state=0xf8e60910 vm_byte=0x3a target=0x716a80a9af18 target_off=0x9af18
[DISPATCH] site=0xcdac7 count=1199 slot=0x716a80ac40c8 slot_off=0xc40c8 idx=0x9b0 frame=0x716a80a7836d frame_off=0x7836d vm_ip=0x716a80d14bb5 vm_ip_off=0x314bb5 vm_flags=0x62662dfb vm_state=0xbffcca14 vm_byte=0x3a target=0x716a80ab8556 target_off=0xb8556
[DISPATCH] site=0xcdac7 count=1200 slot=0x716a80ac3c60 slot_off=0xc3c60 idx=0x548 frame=0x716a80a7836d frame_off=0x7836d vm_ip=0x716a80d14d97 vm_ip_off=0x314d97 vm_flags=0xfadf7f2d vm_state=0xf21b0800 vm_byte=0x3a target=0x716a80a9af18 target_off=0x9af18
[DISPATCH] site=0xcdac7 count=1201 slot=0x716a80ac40c8 slot_off=0xc40c8 idx=0x9b0 frame=0x716a80a7836d frame_off=0x7836d vm_ip=0x716a80d15005 vm_ip_off=0x315005 vm_flags=0xe34473c6 vm_state=0xe74477c6 vm_byte=0x3a target=0x716a80ab8556 target_off=0xb8556
[DISPATCH] site=0xcdac7 count=1202 slot=0x716a80ac40c8 slot_off=0xc40c8 idx=0x9b0 frame=0x716a80a7836d frame_off=0x7836d vm_ip=0x716a80d1522f vm_ip_off=0x31522f vm_flags=0x69b0303a vm_state=0x69145e5a vm_byte=0x3a target=0x716a80ab8556 target_off=0xb8556
[DISPATCH] site=0xcdac7 count=1203 slot=0x716a80ac3c60 slot_off=0xc3c60 idx=0x548 frame=0x716a80a7836d frame_off=0x7836d vm_ip=0x716a80d15486 vm_ip_off=0x315486 vm_flags=0x841ab3c5 vm_state=0x841ab3c5 vm_byte=0x3a target=0x716a80a9af18 target_off=0x9af18
[DISPATCH] site=0xcdac7 count=1204 slot=0x716a80ac3c60 slot_off=0xc3c60 idx=0x548 frame=0x716a80a7836d frame_off=0x7836d vm_ip=0x716a80d156ca vm_ip_off=0x3156ca vm_flags=0xf613f930 vm_state=0x3ffce85e vm_byte=0x3a target=0x716a80a9af18 target_off=0x9af18
[DISPATCH] site=0xcdac7 count=1205 slot=0x716a80ac3c60 slot_off=0xc3c60 idx=0x548 frame=0x716a80a7836d frame_off=0x7836d vm_ip=0x716a80d15969 vm_ip_off=0x315969 vm_flags=0x2ab32381 vm_state=0x2af72783 vm_byte=0x3a target=0x716a80a9af18 target_off=0x9af18
[DISPATCH] site=0xcdac7 count=1206 slot=0x716a80ac3c60 slot_off=0xc3c60 idx=0x548 frame=0x716a80a7836d frame_off=0x7836d vm_ip=0x716a80d15bbf vm_ip_off=0x315bbf vm_flags=0x6e5d9892 vm_state=0x4000d60c vm_byte=0x3a target=0x716a80a9af18 target_off=0x9af18
[DISPATCH] site=0xcdac7 count=1207 slot=0x716a80ac40c8 slot_off=0xc40c8 idx=0x9b0 frame=0x716a80a7836d frame_off=0x7836d vm_ip=0x716a80d10ca5 vm_ip_off=0x310ca5 vm_flags=0x148226cc vm_state=0xffaffb65 vm_byte=0x3a target=0x716a80ab8556 target_off=0xb8556
[DISPATCH] site=0xcdac7 count=1208 slot=0x716a80ac40c8 slot_off=0xc40c8 idx=0x9b0 frame=0x716a80a7836d frame_off=0x7836d vm_ip=0x716a80d10ef0 vm_ip_off=0x310ef0 vm_flags=0x14100010 vm_state=0x3f0612b2 vm_byte=0x3a target=0x716a80ab8556 target_off=0xb8556
[DISPATCH] site=0xcdac7 count=1209 slot=0x716a80ac3c60 slot_off=0xc3c60 idx=0x548 frame=0x716a80a7836d frame_off=0x7836d vm_ip=0x716a80d11163 vm_ip_off=0x311163 vm_flags=0xc83095f0 vm_state=0x400110fe vm_byte=0x3a target=0x716a80a9af18 target_off=0x9af18
[DISPATCH] site=0xcdac7 count=1210 slot=0x716a80ac3c60 slot_off=0xc3c60 idx=0x548 frame=0x716a80a7836d frame_off=0x7836d vm_ip=0x716a80d113a5 vm_ip_off=0x3113a5 vm_flags=0x7adeff2e vm_state=0x78de0800 vm_byte=0x3a target=0x716a80a9af18 target_off=0x9af18
[DISPATCH] site=0xcdac7 count=1211 slot=0x716a80ac40c8 slot_off=0xc40c8 idx=0x9b0 frame=0x716a80a7836d frame_off=0x7836d vm_ip=0x716a80d115e7 vm_ip_off=0x3115e7 vm_flags=0x2948 vm_state=0x2948 vm_byte=0x3a target=0x716a80ab8556 target_off=0xb8556
[DISPATCH] site=0xcdac7 count=1212 slot=0x716a80ac3c60 slot_off=0xc3c60 idx=0x548 frame=0x716a80a7836d frame_off=0x7836d vm_ip=0x716a80d11829 vm_ip_off=0x311829 vm_flags=0x3acddfde vm_state=0x585c5c02 vm_byte=0x3a target=0x716a80a9af18 target_off=0x9af18
[DISPATCH] site=0xcdac7 count=1213 slot=0x716a80ac3c60 slot_off=0xc3c60 idx=0x548 frame=0x716a80a7836d frame_off=0x7836d vm_ip=0x716a80d11a6b vm_ip_off=0x311a6b vm_flags=0xef1b287 vm_state=0x69145f5a vm_byte=0x3a target=0x716a80a9af18 target_off=0x9af18
[DISPATCH] site=0xcdac7 count=1214 slot=0x716a80ac40c8 slot_off=0xc40c8 idx=0x9b0 frame=0x716a80a7836d frame_off=0x7836d vm_ip=0x716a80d11cad vm_ip_off=0x311cad vm_flags=0x524c03c5 vm_state=0x7df7dfda vm_byte=0x3a target=0x716a80ab8556 target_off=0xb8556
[DISPATCH] site=0xcdac7 count=1215 slot=0x716a80ac40c8 slot_off=0xc40c8 idx=0x9b0 frame=0x716a80a7836d frame_off=0x7836d vm_ip=0x716a80d11f69 vm_ip_off=0x311f69 vm_flags=0x8e78f1da vm_state=0xeb377ffe vm_byte=0x3a target=0x716a80ab8556 target_off=0xb8556
[DISPATCH] site=0xcdac7 count=1216 slot=0x716a80ac40c8 slot_off=0xc40c8 idx=0x9b0 frame=0x716a80a7836d frame_off=0x7836d vm_ip=0x716a80d1223a vm_ip_off=0x31223a vm_flags=0x8e4e0de5 vm_state=0x7bd7fefb vm_byte=0x3a target=0x716a80ab8556 target_off=0xb8556
[DISPATCH] site=0xcdac7 count=1217 slot=0x716a80ac3c60 slot_off=0xc3c60 idx=0x548 frame=0x716a80a7836d frame_off=0x7836d vm_ip=0x716a80d12464 vm_ip_off=0x312464 vm_flags=0x347541db vm_state=0x69945ffa vm_byte=0x3a target=0x716a80a9af18 target_off=0x9af18
[DISPATCH] site=0xcdac7 count=1218 slot=0x716a80ac40c8 slot_off=0xc40c8 idx=0x9b0 frame=0x716a80a7836d frame_off=0x7836d vm_ip=0x716a80d1268e vm_ip_off=0x31268e vm_flags=0x5675bb90 vm_state=0xffc76ef9 vm_byte=0x3a target=0x716a80ab8556 target_off=0xb8556
[DISPATCH] site=0xcdac7 count=1219 slot=0x716a80ac3c60 slot_off=0xc3c60 idx=0x548 frame=0x716a80a7836d frame_off=0x7836d vm_ip=0x716a80d12868 vm_ip_off=0x312868 vm_flags=0x221c12 vm_state=0x3f06a742 vm_byte=0x3a target=0x716a80a9af18 target_off=0x9af18
[DISPATCH] site=0xcdac7 count=1220 slot=0x716a80ac3c60 slot_off=0xc3c60 idx=0x548 frame=0x716a80a7836d frame_off=0x7836d vm_ip=0x716a80d12aee vm_ip_off=0x312aee vm_flags=0x8e3c0ca2 vm_state=0x6f95fefa vm_byte=0x3a target=0x716a80a9af18 target_off=0x9af18
[DISPATCH] site=0xcdac7 count=1221 slot=0x716a80ac3c60 slot_off=0xc3c60 idx=0x548 frame=0x716a80a7836d frame_off=0x7836d vm_ip=0x716a80d12cd0 vm_ip_off=0x312cd0 vm_flags=0xfbf79ddb vm_state=0xf9f3eb74 vm_byte=0x3a target=0x716a80a9af18 target_off=0x9af18
[DISPATCH] site=0xcdac7 count=1222 slot=0x716a80ac40c8 slot_off=0xc40c8 idx=0x9b0 frame=0x716a80a7836d frame_off=0x7836d vm_ip=0x716a80d12f26 vm_ip_off=0x312f26 vm_flags=0x4b8eb2de vm_state=0x7b1c5e5e vm_byte=0x3a target=0x716a80ab8556 target_off=0xb8556
[DISPATCH] site=0xcdac7 count=1223 slot=0x716a80ac40c8 slot_off=0xc40c8 idx=0x9b0 frame=0x716a80a7836d frame_off=0x7836d vm_ip=0x716a80d13169 vm_ip_off=0x313169 vm_flags=0x7afe7fef vm_state=0x727e02a8 vm_byte=0x3a target=0x716a80ab8556 target_off=0xb8556
[DISPATCH] site=0xcdac7 count=1224 slot=0x716a80ac3c60 slot_off=0xc3c60 idx=0x548 frame=0x716a80a7836d frame_off=0x7836d vm_ip=0x716a80d1334b vm_ip_off=0x31334b vm_flags=0xce4d8465 vm_state=0x7f3e7f7b vm_byte=0x3a target=0x716a80a9af18 target_off=0x9af18
[DISPATCH] site=0xcdac7 count=1225 slot=0x716a80ac3c60 slot_off=0xc3c60 idx=0x548 frame=0x716a80a7836d frame_off=0x7836d vm_ip=0x716a80d135b9 vm_ip_off=0x3135b9 vm_flags=0xc917a90d vm_state=0xc917a90d vm_byte=0x3a target=0x716a80a9af18 target_off=0x9af18
[DISPATCH] site=0xcdac7 count=1226 slot=0x716a80ac40c8 slot_off=0xc40c8 idx=0x9b0 frame=0x716a80a7836d frame_off=0x7836d vm_ip=0x716a80d137fc vm_ip_off=0x3137fc vm_flags=0x8df97560 vm_state=0x694cb90f vm_byte=0x3a target=0x716a80ab8556 target_off=0xb8556
[DISPATCH] site=0xcdac7 count=1227 slot=0x716a80ac40c8 slot_off=0xc40c8 idx=0x9b0 frame=0x716a80a7836d frame_off=0x7836d vm_ip=0x716a80d139de vm_ip_off=0x3139de vm_flags=0x4a612e32 vm_state=0x5f8f8af3 vm_byte=0x3a target=0x716a80ab8556 target_off=0xb8556
[DISPATCH] site=0xcdac7 count=1228 slot=0x716a80ac3c60 slot_off=0xc3c60 idx=0x548 frame=0x716a80a7836d frame_off=0x7836d vm_ip=0x716a80d13c4c vm_ip_off=0x313c4c vm_flags=0x8f70318b vm_state=0xfbfb8b3c vm_byte=0x3a target=0x716a80a9af18 target_off=0x9af18
[DISPATCH] site=0xcdac7 count=1229 slot=0x716a80ac3c60 slot_off=0xc3c60 idx=0x548 frame=0x716a80a7836d frame_off=0x7836d vm_ip=0x716a80d13e8f vm_ip_off=0x313e8f vm_flags=0xfed1df96 vm_state=0x58a4dcd6 vm_byte=0x3a target=0x716a80a9af18 target_off=0x9af18
[DISPATCH] site=0xcdac7 count=1230 slot=0x716a80ac3c60 slot_off=0xc3c60 idx=0x548 frame=0x716a80a7836d frame_off=0x7836d vm_ip=0x716a80d14071 vm_ip_off=0x314071 vm_flags=0x4ac60206 vm_state=0x5ee7d2fb vm_byte=0x3a target=0x716a80a9af18 target_off=0x9af18
[DISPATCH] site=0xcdac7 count=1231 slot=0x716a80ac40c8 slot_off=0xc40c8 idx=0x9b0 frame=0x716a80a7836d frame_off=0x7836d vm_ip=0x716a80d142df vm_ip_off=0x3142df vm_flags=0x861eb185 vm_state=0xdf95e7f4 vm_byte=0x3a target=0x716a80ab8556 target_off=0xb8556
[DISPATCH] site=0xcdac7 count=1232 slot=0x716a80ac40c8 slot_off=0xc40c8 idx=0x9b0 frame=0x716a80a7836d frame_off=0x7836d vm_ip=0x716a80d14522 vm_ip_off=0x314522 vm_flags=0x34a042ea vm_state=0x3ce04eeb vm_byte=0x3a target=0x716a80ab8556 target_off=0xb8556
[DISPATCH] site=0xcdac7 count=1233 slot=0x716a80ac40c8 slot_off=0xc40c8 idx=0x9b0 frame=0x716a80a7836d frame_off=0x7836d vm_ip=0x716a80d14704 vm_ip_off=0x314704 vm_flags=0xfcdeff37 vm_state=0xfcd60600 vm_byte=0x3a target=0x716a80ab8556 target_off=0xb8556
[DISPATCH] site=0xcdac7 count=1234 slot=0x716a80ac3c60 slot_off=0xc3c60 idx=0x548 frame=0x716a80a7836d frame_off=0x7836d vm_ip=0x716a80d14972 vm_ip_off=0x314972 vm_flags=0xf8eeff37 vm_state=0xf8e60910 vm_byte=0x3a target=0x716a80a9af18 target_off=0x9af18
[DISPATCH] site=0xcdac7 count=1235 slot=0x716a80ac40c8 slot_off=0xc40c8 idx=0x9b0 frame=0x716a80a7836d frame_off=0x7836d vm_ip=0x716a80d14bb5 vm_ip_off=0x314bb5 vm_flags=0x62662dfb vm_state=0xbffcca14 vm_byte=0x3a target=0x716a80ab8556 target_off=0xb8556
[DISPATCH] site=0xcdac7 count=1236 slot=0x716a80ac3c60 slot_off=0xc3c60 idx=0x548 frame=0x716a80a7836d frame_off=0x7836d vm_ip=0x716a80d14d97 vm_ip_off=0x314d97 vm_flags=0xfadf7f2d vm_state=0xf21b0800 vm_byte=0x3a target=0x716a80a9af18 target_off=0x9af18
[DISPATCH] site=0xcdac7 count=1237 slot=0x716a80ac40c8 slot_off=0xc40c8 idx=0x9b0 frame=0x716a80a7836d frame_off=0x7836d vm_ip=0x716a80d15005 vm_ip_off=0x315005 vm_flags=0xe34473c6 vm_state=0xe74477c6 vm_byte=0x3a target=0x716a80ab8556 target_off=0xb8556
[DISPATCH] site=0xcdac7 count=1238 slot=0x716a80ac40c8 slot_off=0xc40c8 idx=0x9b0 frame=0x716a80a7836d frame_off=0x7836d vm_ip=0x716a80d1522f vm_ip_off=0x31522f vm_flags=0x69b0303a vm_state=0x69145e5a vm_byte=0x3a target=0x716a80ab8556 target_off=0xb8556
[DISPATCH] site=0xcdac7 count=1239 slot=0x716a80ac3c60 slot_off=0xc3c60 idx=0x548 frame=0x716a80a7836d frame_off=0x7836d vm_ip=0x716a80d15486 vm_ip_off=0x315486 vm_flags=0x841ab3c5 vm_state=0x841ab3c5 vm_byte=0x3a target=0x716a80a9af18 target_off=0x9af18
[DISPATCH] site=0xcdac7 count=1240 slot=0x716a80ac3c60 slot_off=0xc3c60 idx=0x548 frame=0x716a80a7836d frame_off=0x7836d vm_ip=0x716a80d156ca vm_ip_off=0x3156ca vm_flags=0xf613f930 vm_state=0x3ffce85e vm_byte=0x3a target=0x716a80a9af18 target_off=0x9af18
[DISPATCH] site=0xcdac7 count=1241 slot=0x716a80ac3c60 slot_off=0xc3c60 idx=0x548 frame=0x716a80a7836d frame_off=0x7836d vm_ip=0x716a80d15969 vm_ip_off=0x315969 vm_flags=0x2ab32381 vm_state=0x2af72783 vm_byte=0x3a target=0x716a80a9af18 target_off=0x9af18
[DISPATCH] site=0xcdac7 count=1242 slot=0x716a80ac3c60 slot_off=0xc3c60 idx=0x548 frame=0x716a80a7836d frame_off=0x7836d vm_ip=0x716a80d15bbf vm_ip_off=0x315bbf vm_flags=0x6e5d9892 vm_state=0x4000d60c vm_byte=0x3a target=0x716a80a9af18 target_off=0x9af18
[DISPATCH] site=0xcdac7 count=1243 slot=0x716a80ac40c8 slot_off=0xc40c8 idx=0x9b0 frame=0x716a80a7836d frame_off=0x7836d vm_ip=0x716a80d10ca5 vm_ip_off=0x310ca5 vm_flags=0x148226cc vm_state=0xffaffb65 vm_byte=0x3a target=0x716a80ab8556 target_off=0xb8556
[DISPATCH] site=0xcdac7 count=1244 slot=0x716a80ac40c8 slot_off=0xc40c8 idx=0x9b0 frame=0x716a80a7836d frame_off=0x7836d vm_ip=0x716a80d10ef0 vm_ip_off=0x310ef0 vm_flags=0x14100010 vm_state=0x3f0612b2 vm_byte=0x3a target=0x716a80ab8556 target_off=0xb8556
[DISPATCH] site=0xcdac7 count=1245 slot=0x716a80ac3c60 slot_off=0xc3c60 idx=0x548 frame=0x716a80a7836d frame_off=0x7836d vm_ip=0x716a80d11163 vm_ip_off=0x311163 vm_flags=0xc83095f0 vm_state=0x400110fe vm_byte=0x3a target=0x716a80a9af18 target_off=0x9af18
[DISPATCH] site=0xcdac7 count=1246 slot=0x716a80ac3c60 slot_off=0xc3c60 idx=0x548 frame=0x716a80a7836d frame_off=0x7836d vm_ip=0x716a80d113a5 vm_ip_off=0x3113a5 vm_flags=0x7adeff2e vm_state=0x78de0800 vm_byte=0x3a target=0x716a80a9af18 target_off=0x9af18
[DISPATCH] site=0xcdac7 count=1247 slot=0x716a80ac40c8 slot_off=0xc40c8 idx=0x9b0 frame=0x716a80a7836d frame_off=0x7836d vm_ip=0x716a80d115e7 vm_ip_off=0x3115e7 vm_flags=0x2948 vm_state=0x2948 vm_byte=0x3a target=0x716a80ab8556 target_off=0xb8556
[DISPATCH] site=0xcdac7 count=1248 slot=0x716a80ac3c60 slot_off=0xc3c60 idx=0x548 frame=0x716a80a7836d frame_off=0x7836d vm_ip=0x716a80d11829 vm_ip_off=0x311829 vm_flags=0x3acddfde vm_state=0x585c5c02 vm_byte=0x3a target=0x716a80a9af18 target_off=0x9af18
[DISPATCH] site=0xcdac7 count=1249 slot=0x716a80ac3c60 slot_off=0xc3c60 idx=0x548 frame=0x716a80a7836d frame_off=0x7836d vm_ip=0x716a80d11a6b vm_ip_off=0x311a6b vm_flags=0xef1b287 vm_state=0x69145f5a vm_byte=0x3a target=0x716a80a9af18 target_off=0x9af18
[DISPATCH] site=0xcdac7 count=1250 slot=0x716a80ac40c8 slot_off=0xc40c8 idx=0x9b0 frame=0x716a80a7836d frame_off=0x7836d vm_ip=0x716a80d11cad vm_ip_off=0x311cad vm_flags=0x524c03c5 vm_state=0x7df7dfda vm_byte=0x3a target=0x716a80ab8556 target_off=0xb8556
[DISPATCH] site=0xcdac7 count=1251 slot=0x716a80ac40c8 slot_off=0xc40c8 idx=0x9b0 frame=0x716a80a7836d frame_off=0x7836d vm_ip=0x716a80d11f69 vm_ip_off=0x311f69 vm_flags=0x8e78f1da vm_state=0xeb377ffe vm_byte=0x3a target=0x716a80ab8556 target_off=0xb8556
[DISPATCH] site=0xcdac7 count=1252 slot=0x716a80ac40c8 slot_off=0xc40c8 idx=0x9b0 frame=0x716a80a7836d frame_off=0x7836d vm_ip=0x716a80d1223a vm_ip_off=0x31223a vm_flags=0x8e4e0de5 vm_state=0x7bd7fefb vm_byte=0x3a target=0x716a80ab8556 target_off=0xb8556
[DISPATCH] site=0xcdac7 count=1253 slot=0x716a80ac3c60 slot_off=0xc3c60 idx=0x548 frame=0x716a80a7836d frame_off=0x7836d vm_ip=0x716a80d12464 vm_ip_off=0x312464 vm_flags=0x347541db vm_state=0x69945ffa vm_byte=0x3a target=0x716a80a9af18 target_off=0x9af18
[DISPATCH] site=0xcdac7 count=1254 slot=0x716a80ac40c8 slot_off=0xc40c8 idx=0x9b0 frame=0x716a80a7836d frame_off=0x7836d vm_ip=0x716a80d1268e vm_ip_off=0x31268e vm_flags=0x5675bb90 vm_state=0xffc76ef9 vm_byte=0x3a target=0x716a80ab8556 target_off=0xb8556
[DISPATCH] site=0xcdac7 count=1255 slot=0x716a80ac3c60 slot_off=0xc3c60 idx=0x548 frame=0x716a80a7836d frame_off=0x7836d vm_ip=0x716a80d12868 vm_ip_off=0x312868 vm_flags=0x221c12 vm_state=0x3f06a742 vm_byte=0x3a target=0x716a80a9af18 target_off=0x9af18
[DISPATCH] site=0xcdac7 count=1256 slot=0x716a80ac3c60 slot_off=0xc3c60 idx=0x548 frame=0x716a80a7836d frame_off=0x7836d vm_ip=0x716a80d12aee vm_ip_off=0x312aee vm_flags=0x8e3c0ca2 vm_state=0x6f95fefa vm_byte=0x3a target=0x716a80a9af18 target_off=0x9af18
[DISPATCH] site=0xcdac7 count=1257 slot=0x716a80ac3c60 slot_off=0xc3c60 idx=0x548 frame=0x716a80a7836d frame_off=0x7836d vm_ip=0x716a80d12cd0 vm_ip_off=0x312cd0 vm_flags=0xfbf79ddb vm_state=0xf9f3eb74 vm_byte=0x3a target=0x716a80a9af18 target_off=0x9af18
[DISPATCH] site=0xcdac7 count=1258 slot=0x716a80ac40c8 slot_off=0xc40c8 idx=0x9b0 frame=0x716a80a7836d frame_off=0x7836d vm_ip=0x716a80d12f26 vm_ip_off=0x312f26 vm_flags=0x4b8eb2de vm_state=0x7b1c5e5e vm_byte=0x3a target=0x716a80ab8556 target_off=0xb8556
[DISPATCH] site=0xcdac7 count=1259 slot=0x716a80ac40c8 slot_off=0xc40c8 idx=0x9b0 frame=0x716a80a7836d frame_off=0x7836d vm_ip=0x716a80d13169 vm_ip_off=0x313169 vm_flags=0x7afe7fef vm_state=0x727e02a8 vm_byte=0x3a target=0x716a80ab8556 target_off=0xb8556
[DISPATCH] site=0xcdac7 count=1260 slot=0x716a80ac3c60 slot_off=0xc3c60 idx=0x548 frame=0x716a80a7836d frame_off=0x7836d vm_ip=0x716a80d1334b vm_ip_off=0x31334b vm_flags=0xce4d8465 vm_state=0x7f3e7f7b vm_byte=0x3a target=0x716a80a9af18 target_off=0x9af18
[DISPATCH] site=0xcdac7 count=1261 slot=0x716a80ac3c60 slot_off=0xc3c60 idx=0x548 frame=0x716a80a7836d frame_off=0x7836d vm_ip=0x716a80d135b9 vm_ip_off=0x3135b9 vm_flags=0xc917a90d vm_state=0xc917a90d vm_byte=0x3a target=0x716a80a9af18 target_off=0x9af18
[DISPATCH] site=0xcdac7 count=1262 slot=0x716a80ac40c8 slot_off=0xc40c8 idx=0x9b0 frame=0x716a80a7836d frame_off=0x7836d vm_ip=0x716a80d137fc vm_ip_off=0x3137fc vm_flags=0x8df97560 vm_state=0x694cb90f vm_byte=0x3a target=0x716a80ab8556 target_off=0xb8556
[DISPATCH] site=0xcdac7 count=1263 slot=0x716a80ac40c8 slot_off=0xc40c8 idx=0x9b0 frame=0x716a80a7836d frame_off=0x7836d vm_ip=0x716a80d139de vm_ip_off=0x3139de vm_flags=0x4a612e32 vm_state=0x5f8f8af3 vm_byte=0x3a target=0x716a80ab8556 target_off=0xb8556
[DISPATCH] site=0xcdac7 count=1264 slot=0x716a80ac3c60 slot_off=0xc3c60 idx=0x548 frame=0x716a80a7836d frame_off=0x7836d vm_ip=0x716a80d13c4c vm_ip_off=0x313c4c vm_flags=0x8f70318b vm_state=0xfbfb8b3c vm_byte=0x3a target=0x716a80a9af18 target_off=0x9af18
[DISPATCH] site=0xcdac7 count=1265 slot=0x716a80ac3c60 slot_off=0xc3c60 idx=0x548 frame=0x716a80a7836d frame_off=0x7836d vm_ip=0x716a80d13e8f vm_ip_off=0x313e8f vm_flags=0xfed1df96 vm_state=0x58a4dcd6 vm_byte=0x3a target=0x716a80a9af18 target_off=0x9af18
[DISPATCH] site=0xcdac7 count=1266 slot=0x716a80ac3c60 slot_off=0xc3c60 idx=0x548 frame=0x716a80a7836d frame_off=0x7836d vm_ip=0x716a80d14071 vm_ip_off=0x314071 vm_flags=0x4ac60206 vm_state=0x5ee7d2fb vm_byte=0x3a target=0x716a80a9af18 target_off=0x9af18
[DISPATCH] site=0xcdac7 count=1267 slot=0x716a80ac40c8 slot_off=0xc40c8 idx=0x9b0 frame=0x716a80a7836d frame_off=0x7836d vm_ip=0x716a80d142df vm_ip_off=0x3142df vm_flags=0x861eb185 vm_state=0xdf95e7f4 vm_byte=0x3a target=0x716a80ab8556 target_off=0xb8556
[DISPATCH] site=0xcdac7 count=1268 slot=0x716a80ac40c8 slot_off=0xc40c8 idx=0x9b0 frame=0x716a80a7836d frame_off=0x7836d vm_ip=0x716a80d14522 vm_ip_off=0x314522 vm_flags=0x34a042ea vm_state=0x3ce04eeb vm_byte=0x3a target=0x716a80ab8556 target_off=0xb8556
[DISPATCH] site=0xcdac7 count=1269 slot=0x716a80ac40c8 slot_off=0xc40c8 idx=0x9b0 frame=0x716a80a7836d frame_off=0x7836d vm_ip=0x716a80d14704 vm_ip_off=0x314704 vm_flags=0xfcdeff37 vm_state=0xfcd60600 vm_byte=0x3a target=0x716a80ab8556 target_off=0xb8556
[DISPATCH] site=0xcdac7 count=1270 slot=0x716a80ac3c60 slot_off=0xc3c60 idx=0x548 frame=0x716a80a7836d frame_off=0x7836d vm_ip=0x716a80d14972 vm_ip_off=0x314972 vm_flags=0xf8eeff37 vm_state=0xf8e60910 vm_byte=0x3a target=0x716a80a9af18 target_off=0x9af18
[DISPATCH] site=0xcdac7 count=1271 slot=0x716a80ac40c8 slot_off=0xc40c8 idx=0x9b0 frame=0x716a80a7836d frame_off=0x7836d vm_ip=0x716a80d14bb5 vm_ip_off=0x314bb5 vm_flags=0x62662dfb vm_state=0xbffcca14 vm_byte=0x3a target=0x716a80ab8556 target_off=0xb8556
[DISPATCH] site=0xcdac7 count=1272 slot=0x716a80ac3c60 slot_off=0xc3c60 idx=0x548 frame=0x716a80a7836d frame_off=0x7836d vm_ip=0x716a80d14d97 vm_ip_off=0x314d97 vm_flags=0xfadf7f2d vm_state=0xf21b0800 vm_byte=0x3a target=0x716a80a9af18 target_off=0x9af18
[DISPATCH] site=0xcdac7 count=1273 slot=0x716a80ac40c8 slot_off=0xc40c8 idx=0x9b0 frame=0x716a80a7836d frame_off=0x7836d vm_ip=0x716a80d15005 vm_ip_off=0x315005 vm_flags=0xe34473c6 vm_state=0xe74477c6 vm_byte=0x3a target=0x716a80ab8556 target_off=0xb8556
[DISPATCH] site=0xcdac7 count=1274 slot=0x716a80ac40c8 slot_off=0xc40c8 idx=0x9b0 frame=0x716a80a7836d frame_off=0x7836d vm_ip=0x716a80d1522f vm_ip_off=0x31522f vm_flags=0x69b0303a vm_state=0x69145e5a vm_byte=0x3a target=0x716a80ab8556 target_off=0xb8556
[DISPATCH] site=0xcdac7 count=1275 slot=0x716a80ac3c60 slot_off=0xc3c60 idx=0x548 frame=0x716a80a7836d frame_off=0x7836d vm_ip=0x716a80d15486 vm_ip_off=0x315486 vm_flags=0x841ab3c5 vm_state=0x841ab3c5 vm_byte=0x3a target=0x716a80a9af18 target_off=0x9af18
[DISPATCH] site=0xcdac7 count=1276 slot=0x716a80ac3c60 slot_off=0xc3c60 idx=0x548 frame=0x716a80a7836d frame_off=0x7836d vm_ip=0x716a80d156ca vm_ip_off=0x3156ca vm_flags=0xf613f930 vm_state=0x3ffce85e vm_byte=0x3a target=0x716a80a9af18 target_off=0x9af18
[DISPATCH] site=0xcdac7 count=1277 slot=0x716a80ac3c60 slot_off=0xc3c60 idx=0x548 frame=0x716a80a7836d frame_off=0x7836d vm_ip=0x716a80d15969 vm_ip_off=0x315969 vm_flags=0x2ab32381 vm_state=0x2af72783 vm_byte=0x3a target=0x716a80a9af18 target_off=0x9af18
[DISPATCH] site=0xcdac7 count=1278 slot=0x716a80ac3c60 slot_off=0xc3c60 idx=0x548 frame=0x716a80a7836d frame_off=0x7836d vm_ip=0x716a80d15bbf vm_ip_off=0x315bbf vm_flags=0x6e5d9892 vm_state=0x4000d60c vm_byte=0x3a target=0x716a80a9af18 target_off=0x9af18
[DISPATCH] site=0xcdac7 count=1279 slot=0x716a80ac40c8 slot_off=0xc40c8 idx=0x9b0 frame=0x716a80a7836d frame_off=0x7836d vm_ip=0x716a80d10ca5 vm_ip_off=0x310ca5 vm_flags=0x148226cc vm_state=0xffaffb65 vm_byte=0x3a target=0x716a80ab8556 target_off=0xb8556
[DISPATCH] site=0xcdac7 count=1280 slot=0x716a80ac40c8 slot_off=0xc40c8 idx=0x9b0 frame=0x716a80a7836d frame_off=0x7836d vm_ip=0x716a80d10ef0 vm_ip_off=0x310ef0 vm_flags=0x14100010 vm_state=0x3f0612b2 vm_byte=0x3a target=0x716a80ab8556 target_off=0xb8556
[DISPATCH] site=0xcdac7 count=1281 slot=0x716a80ac3c60 slot_off=0xc3c60 idx=0x548 frame=0x716a80a7836d frame_off=0x7836d vm_ip=0x716a80d11163 vm_ip_off=0x311163 vm_flags=0xc83095f0 vm_state=0x400110fe vm_byte=0x3a target=0x716a80a9af18 target_off=0x9af18
[DISPATCH] site=0xcdac7 count=1282 slot=0x716a80ac3c60 slot_off=0xc3c60 idx=0x548 frame=0x716a80a7836d frame_off=0x7836d vm_ip=0x716a80d113a5 vm_ip_off=0x3113a5 vm_flags=0x7adeff2e vm_state=0x78de0800 vm_byte=0x3a target=0x716a80a9af18 target_off=0x9af18
[DISPATCH] site=0xcdac7 count=1283 slot=0x716a80ac40c8 slot_off=0xc40c8 idx=0x9b0 frame=0x716a80a7836d frame_off=0x7836d vm_ip=0x716a80d115e7 vm_ip_off=0x3115e7 vm_flags=0x2948 vm_state=0x2948 vm_byte=0x3a target=0x716a80ab8556 target_off=0xb8556
[DISPATCH] site=0xcdac7 count=1284 slot=0x716a80ac3c60 slot_off=0xc3c60 idx=0x548 frame=0x716a80a7836d frame_off=0x7836d vm_ip=0x716a80d11829 vm_ip_off=0x311829 vm_flags=0x3acddfde vm_state=0x585c5c02 vm_byte=0x3a target=0x716a80a9af18 target_off=0x9af18
[DISPATCH] site=0xcdac7 count=1285 slot=0x716a80ac3c60 slot_off=0xc3c60 idx=0x548 frame=0x716a80a7836d frame_off=0x7836d vm_ip=0x716a80d11a6b vm_ip_off=0x311a6b vm_flags=0xef1b287 vm_state=0x69145f5a vm_byte=0x3a target=0x716a80a9af18 target_off=0x9af18
[DISPATCH] site=0xcdac7 count=1286 slot=0x716a80ac40c8 slot_off=0xc40c8 idx=0x9b0 frame=0x716a80a7836d frame_off=0x7836d vm_ip=0x716a80d11cad vm_ip_off=0x311cad vm_flags=0x524c03c5 vm_state=0x7df7dfda vm_byte=0x3a target=0x716a80ab8556 target_off=0xb8556
[DISPATCH] site=0xcdac7 count=1287 slot=0x716a80ac40c8 slot_off=0xc40c8 idx=0x9b0 frame=0x716a80a7836d frame_off=0x7836d vm_ip=0x716a80d11f69 vm_ip_off=0x311f69 vm_flags=0x8e78f1da vm_state=0xeb377ffe vm_byte=0x3a target=0x716a80ab8556 target_off=0xb8556
[DISPATCH] site=0xcdac7 count=1288 slot=0x716a80ac40c8 slot_off=0xc40c8 idx=0x9b0 frame=0x716a80a7836d frame_off=0x7836d vm_ip=0x716a80d1223a vm_ip_off=0x31223a vm_flags=0x8e4e0de5 vm_state=0x7bd7fefb vm_byte=0x3a target=0x716a80ab8556 target_off=0xb8556
[DISPATCH] site=0xcdac7 count=1289 slot=0x716a80ac3c60 slot_off=0xc3c60 idx=0x548 frame=0x716a80a7836d frame_off=0x7836d vm_ip=0x716a80d12464 vm_ip_off=0x312464 vm_flags=0x347541db vm_state=0x69945ffa vm_byte=0x3a target=0x716a80a9af18 target_off=0x9af18
[DISPATCH] site=0xcdac7 count=1290 slot=0x716a80ac40c8 slot_off=0xc40c8 idx=0x9b0 frame=0x716a80a7836d frame_off=0x7836d vm_ip=0x716a80d1268e vm_ip_off=0x31268e vm_flags=0x5675bb90 vm_state=0xffc76ef9 vm_byte=0x3a target=0x716a80ab8556 target_off=0xb8556
[DISPATCH] site=0xcdac7 count=1291 slot=0x716a80ac3c60 slot_off=0xc3c60 idx=0x548 frame=0x716a80a7836d frame_off=0x7836d vm_ip=0x716a80d12868 vm_ip_off=0x312868 vm_flags=0x221c12 vm_state=0x3f06a742 vm_byte=0x3a target=0x716a80a9af18 target_off=0x9af18
[DISPATCH] site=0xcdac7 count=1292 slot=0x716a80ac3c60 slot_off=0xc3c60 idx=0x548 frame=0x716a80a7836d frame_off=0x7836d vm_ip=0x716a80d12aee vm_ip_off=0x312aee vm_flags=0x8e3c0ca2 vm_state=0x6f95fefa vm_byte=0x3a target=0x716a80a9af18 target_off=0x9af18
[DISPATCH] site=0xcdac7 count=1293 slot=0x716a80ac3c60 slot_off=0xc3c60 idx=0x548 frame=0x716a80a7836d frame_off=0x7836d vm_ip=0x716a80d12cd0 vm_ip_off=0x312cd0 vm_flags=0xfbf79ddb vm_state=0xf9f3eb74 vm_byte=0x3a target=0x716a80a9af18 target_off=0x9af18
[DISPATCH] site=0xcdac7 count=1294 slot=0x716a80ac40c8 slot_off=0xc40c8 idx=0x9b0 frame=0x716a80a7836d frame_off=0x7836d vm_ip=0x716a80d12f26 vm_ip_off=0x312f26 vm_flags=0x4b8eb2de vm_state=0x7b1c5e5e vm_byte=0x3a target=0x716a80ab8556 target_off=0xb8556
[DISPATCH] site=0xcdac7 count=1295 slot=0x716a80ac40c8 slot_off=0xc40c8 idx=0x9b0 frame=0x716a80a7836d frame_off=0x7836d vm_ip=0x716a80d13169 vm_ip_off=0x313169 vm_flags=0x7afe7fef vm_state=0x727e02a8 vm_byte=0x3a target=0x716a80ab8556 target_off=0xb8556
[DISPATCH] site=0xcdac7 count=1296 slot=0x716a80ac3c60 slot_off=0xc3c60 idx=0x548 frame=0x716a80a7836d frame_off=0x7836d vm_ip=0x716a80d1334b vm_ip_off=0x31334b vm_flags=0xce4d8465 vm_state=0x7f3e7f7b vm_byte=0x3a target=0x716a80a9af18 target_off=0x9af18
[DISPATCH] site=0xcdac7 count=1297 slot=0x716a80ac3c60 slot_off=0xc3c60 idx=0x548 frame=0x716a80a7836d frame_off=0x7836d vm_ip=0x716a80d135b9 vm_ip_off=0x3135b9 vm_flags=0xc917a90d vm_state=0xc917a90d vm_byte=0x3a target=0x716a80a9af18 target_off=0x9af18
[DISPATCH] site=0xcdac7 count=1298 slot=0x716a80ac40c8 slot_off=0xc40c8 idx=0x9b0 frame=0x716a80a7836d frame_off=0x7836d vm_ip=0x716a80d137fc vm_ip_off=0x3137fc vm_flags=0x8df97560 vm_state=0x694cb90f vm_byte=0x3a target=0x716a80ab8556 target_off=0xb8556
[DISPATCH] site=0xcdac7 count=1299 slot=0x716a80ac40c8 slot_off=0xc40c8 idx=0x9b0 frame=0x716a80a7836d frame_off=0x7836d vm_ip=0x716a80d139de vm_ip_off=0x3139de vm_flags=0x4a612e32 vm_state=0x5f8f8af3 vm_byte=0x3a target=0x716a80ab8556 target_off=0xb8556
[DISPATCH] site=0xcdac7 count=1300 slot=0x716a80ac3c60 slot_off=0xc3c60 idx=0x548 frame=0x716a80a7836d frame_off=0x7836d vm_ip=0x716a80d13c4c vm_ip_off=0x313c4c vm_flags=0x8f70318b vm_state=0xfbfb8b3c vm_byte=0x3a target=0x716a80a9af18 target_off=0x9af18
[DISPATCH] site=0xcdac7 count=1301 slot=0x716a80ac3c60 slot_off=0xc3c60 idx=0x548 frame=0x716a80a7836d frame_off=0x7836d vm_ip=0x716a80d13e8f vm_ip_off=0x313e8f vm_flags=0xfed1df96 vm_state=0x58a4dcd6 vm_byte=0x3a target=0x716a80a9af18 target_off=0x9af18
[DISPATCH] site=0xcdac7 count=1302 slot=0x716a80ac3c60 slot_off=0xc3c60 idx=0x548 frame=0x716a80a7836d frame_off=0x7836d vm_ip=0x716a80d14071 vm_ip_off=0x314071 vm_flags=0x4ac60206 vm_state=0x5ee7d2fb vm_byte=0x3a target=0x716a80a9af18 target_off=0x9af18
[DISPATCH] site=0xcdac7 count=1303 slot=0x716a80ac40c8 slot_off=0xc40c8 idx=0x9b0 frame=0x716a80a7836d frame_off=0x7836d vm_ip=0x716a80d142df vm_ip_off=0x3142df vm_flags=0x861eb185 vm_state=0xdf95e7f4 vm_byte=0x3a target=0x716a80ab8556 target_off=0xb8556
[DISPATCH] site=0xcdac7 count=1304 slot=0x716a80ac40c8 slot_off=0xc40c8 idx=0x9b0 frame=0x716a80a7836d frame_off=0x7836d vm_ip=0x716a80d14522 vm_ip_off=0x314522 vm_flags=0x34a042ea vm_state=0x3ce04eeb vm_byte=0x3a target=0x716a80ab8556 target_off=0xb8556
[DISPATCH] site=0xcdac7 count=1305 slot=0x716a80ac40c8 slot_off=0xc40c8 idx=0x9b0 frame=0x716a80a7836d frame_off=0x7836d vm_ip=0x716a80d14704 vm_ip_off=0x314704 vm_flags=0xfcdeff37 vm_state=0xfcd60600 vm_byte=0x3a target=0x716a80ab8556 target_off=0xb8556
[DISPATCH] site=0xcdac7 count=1306 slot=0x716a80ac3c60 slot_off=0xc3c60 idx=0x548 frame=0x716a80a7836d frame_off=0x7836d vm_ip=0x716a80d14972 vm_ip_off=0x314972 vm_flags=0xf8eeff37 vm_state=0xf8e60910 vm_byte=0x3a target=0x716a80a9af18 target_off=0x9af18
[DISPATCH] site=0xcdac7 count=1307 slot=0x716a80ac40c8 slot_off=0xc40c8 idx=0x9b0 frame=0x716a80a7836d frame_off=0x7836d vm_ip=0x716a80d14bb5 vm_ip_off=0x314bb5 vm_flags=0x62662dfb vm_state=0xbffcca14 vm_byte=0x3a target=0x716a80ab8556 target_off=0xb8556
[DISPATCH] site=0xcdac7 count=1308 slot=0x716a80ac3c60 slot_off=0xc3c60 idx=0x548 frame=0x716a80a7836d frame_off=0x7836d vm_ip=0x716a80d14d97 vm_ip_off=0x314d97 vm_flags=0xfadf7f2d vm_state=0xf21b0800 vm_byte=0x3a target=0x716a80a9af18 target_off=0x9af18
[DISPATCH] site=0xcdac7 count=1309 slot=0x716a80ac40c8 slot_off=0xc40c8 idx=0x9b0 frame=0x716a80a7836d frame_off=0x7836d vm_ip=0x716a80d15005 vm_ip_off=0x315005 vm_flags=0xe34473c6 vm_state=0xe74477c6 vm_byte=0x3a target=0x716a80ab8556 target_off=0xb8556
[DISPATCH] site=0xcdac7 count=1310 slot=0x716a80ac40c8 slot_off=0xc40c8 idx=0x9b0 frame=0x716a80a7836d frame_off=0x7836d vm_ip=0x716a80d1522f vm_ip_off=0x31522f vm_flags=0x69b0303a vm_state=0x69145e5a vm_byte=0x3a target=0x716a80ab8556 target_off=0xb8556
[DISPATCH] site=0xcdac7 count=1311 slot=0x716a80ac3c60 slot_off=0xc3c60 idx=0x548 frame=0x716a80a7836d frame_off=0x7836d vm_ip=0x716a80d15486 vm_ip_off=0x315486 vm_flags=0x841ab3c5 vm_state=0x841ab3c5 vm_byte=0x3a target=0x716a80a9af18 target_off=0x9af18
[DISPATCH] site=0xcdac7 count=1312 slot=0x716a80ac3c60 slot_off=0xc3c60 idx=0x548 frame=0x716a80a7836d frame_off=0x7836d vm_ip=0x716a80d156ca vm_ip_off=0x3156ca vm_flags=0xf613f930 vm_state=0x3ffce85e vm_byte=0x3a target=0x716a80a9af18 target_off=0x9af18
[DISPATCH] site=0xcdac7 count=1313 slot=0x716a80ac3c60 slot_off=0xc3c60 idx=0x548 frame=0x716a80a7836d frame_off=0x7836d vm_ip=0x716a80d15969 vm_ip_off=0x315969 vm_flags=0x2ab32381 vm_state=0x2af72783 vm_byte=0x3a target=0x716a80a9af18 target_off=0x9af18
[DISPATCH] site=0xcdac7 count=1314 slot=0x716a80ac3c60 slot_off=0xc3c60 idx=0x548 frame=0x716a80a7836d frame_off=0x7836d vm_ip=0x716a80d15bbf vm_ip_off=0x315bbf vm_flags=0x6e5d9892 vm_state=0x4000d60c vm_byte=0x3a target=0x716a80a9af18 target_off=0x9af18
[DISPATCH] site=0xcdac7 count=1315 slot=0x716a80ac40c8 slot_off=0xc40c8 idx=0x9b0 frame=0x716a80a7836d frame_off=0x7836d vm_ip=0x716a80d10ca5 vm_ip_off=0x310ca5 vm_flags=0x148226cc vm_state=0xffaffb65 vm_byte=0x3a target=0x716a80ab8556 target_off=0xb8556
[DISPATCH] site=0xcdac7 count=1316 slot=0x716a80ac40c8 slot_off=0xc40c8 idx=0x9b0 frame=0x716a80a7836d frame_off=0x7836d vm_ip=0x716a80d10ef0 vm_ip_off=0x310ef0 vm_flags=0x14100010 vm_state=0x3f0612b2 vm_byte=0x3a target=0x716a80ab8556 target_off=0xb8556
[DISPATCH] site=0xcdac7 count=1317 slot=0x716a80ac3c60 slot_off=0xc3c60 idx=0x548 frame=0x716a80a7836d frame_off=0x7836d vm_ip=0x716a80d11163 vm_ip_off=0x311163 vm_flags=0xc83095f0 vm_state=0x400110fe vm_byte=0x3a target=0x716a80a9af18 target_off=0x9af18
[DISPATCH] site=0xcdac7 count=1318 slot=0x716a80ac3c60 slot_off=0xc3c60 idx=0x548 frame=0x716a80a7836d frame_off=0x7836d vm_ip=0x716a80d113a5 vm_ip_off=0x3113a5 vm_flags=0x7adeff2e vm_state=0x78de0800 vm_byte=0x3a target=0x716a80a9af18 target_off=0x9af18
[DISPATCH] site=0xcdac7 count=1319 slot=0x716a80ac40c8 slot_off=0xc40c8 idx=0x9b0 frame=0x716a80a7836d frame_off=0x7836d vm_ip=0x716a80d115e7 vm_ip_off=0x3115e7 vm_flags=0x2948 vm_state=0x2948 vm_byte=0x3a target=0x716a80ab8556 target_off=0xb8556
[DISPATCH] site=0xcdac7 count=1320 slot=0x716a80ac3c60 slot_off=0xc3c60 idx=0x548 frame=0x716a80a7836d frame_off=0x7836d vm_ip=0x716a80d11829 vm_ip_off=0x311829 vm_flags=0x3acddfde vm_state=0x585c5c02 vm_byte=0x3a target=0x716a80a9af18 target_off=0x9af18
[DISPATCH] site=0xcdac7 count=1321 slot=0x716a80ac3c60 slot_off=0xc3c60 idx=0x548 frame=0x716a80a7836d frame_off=0x7836d vm_ip=0x716a80d11a6b vm_ip_off=0x311a6b vm_flags=0xef1b287 vm_state=0x69145f5a vm_byte=0x3a target=0x716a80a9af18 target_off=0x9af18
[DISPATCH] site=0xcdac7 count=1322 slot=0x716a80ac40c8 slot_off=0xc40c8 idx=0x9b0 frame=0x716a80a7836d frame_off=0x7836d vm_ip=0x716a80d11cad vm_ip_off=0x311cad vm_flags=0x524c03c5 vm_state=0x7df7dfda vm_byte=0x3a target=0x716a80ab8556 target_off=0xb8556
[DISPATCH] site=0xcdac7 count=1323 slot=0x716a80ac40c8 slot_off=0xc40c8 idx=0x9b0 frame=0x716a80a7836d frame_off=0x7836d vm_ip=0x716a80d11f69 vm_ip_off=0x311f69 vm_flags=0x8e78f1da vm_state=0xeb377ffe vm_byte=0x3a target=0x716a80ab8556 target_off=0xb8556
[DISPATCH] site=0xcdac7 count=1324 slot=0x716a80ac40c8 slot_off=0xc40c8 idx=0x9b0 frame=0x716a80a7836d frame_off=0x7836d vm_ip=0x716a80d1223a vm_ip_off=0x31223a vm_flags=0x8e4e0de5 vm_state=0x7bd7fefb vm_byte=0x3a target=0x716a80ab8556 target_off=0xb8556
[DISPATCH] site=0xcdac7 count=1325 slot=0x716a80ac3c60 slot_off=0xc3c60 idx=0x548 frame=0x716a80a7836d frame_off=0x7836d vm_ip=0x716a80d12464 vm_ip_off=0x312464 vm_flags=0x347541db vm_state=0x69945ffa vm_byte=0x3a target=0x716a80a9af18 target_off=0x9af18
[DISPATCH] site=0xcdac7 count=1326 slot=0x716a80ac40c8 slot_off=0xc40c8 idx=0x9b0 frame=0x716a80a7836d frame_off=0x7836d vm_ip=0x716a80d1268e vm_ip_off=0x31268e vm_flags=0x5675bb90 vm_state=0xffc76ef9 vm_byte=0x3a target=0x716a80ab8556 target_off=0xb8556
[DISPATCH] site=0xcdac7 count=1327 slot=0x716a80ac3c60 slot_off=0xc3c60 idx=0x548 frame=0x716a80a7836d frame_off=0x7836d vm_ip=0x716a80d12868 vm_ip_off=0x312868 vm_flags=0x221c12 vm_state=0x3f06a742 vm_byte=0x3a target=0x716a80a9af18 target_off=0x9af18
[DISPATCH] site=0xcdac7 count=1328 slot=0x716a80ac3c60 slot_off=0xc3c60 idx=0x548 frame=0x716a80a7836d frame_off=0x7836d vm_ip=0x716a80d12aee vm_ip_off=0x312aee vm_flags=0x8e3c0ca2 vm_state=0x6f95fefa vm_byte=0x3a target=0x716a80a9af18 target_off=0x9af18
[DISPATCH] site=0xcdac7 count=1329 slot=0x716a80ac3c60 slot_off=0xc3c60 idx=0x548 frame=0x716a80a7836d frame_off=0x7836d vm_ip=0x716a80d12cd0 vm_ip_off=0x312cd0 vm_flags=0xfbf79ddb vm_state=0xf9f3eb74 vm_byte=0x3a target=0x716a80a9af18 target_off=0x9af18
[DISPATCH] site=0xcdac7 count=1330 slot=0x716a80ac40c8 slot_off=0xc40c8 idx=0x9b0 frame=0x716a80a7836d frame_off=0x7836d vm_ip=0x716a80d12f26 vm_ip_off=0x312f26 vm_flags=0x4b8eb2de vm_state=0x7b1c5e5e vm_byte=0x3a target=0x716a80ab8556 target_off=0xb8556
[DISPATCH] site=0xcdac7 count=1331 slot=0x716a80ac40c8 slot_off=0xc40c8 idx=0x9b0 frame=0x716a80a7836d frame_off=0x7836d vm_ip=0x716a80d13169 vm_ip_off=0x313169 vm_flags=0x7afe7fef vm_state=0x727e02a8 vm_byte=0x3a target=0x716a80ab8556 target_off=0xb8556
[DISPATCH] site=0xcdac7 count=1332 slot=0x716a80ac3c60 slot_off=0xc3c60 idx=0x548 frame=0x716a80a7836d frame_off=0x7836d vm_ip=0x716a80d1334b vm_ip_off=0x31334b vm_flags=0xce4d8465 vm_state=0x7f3e7f7b vm_byte=0x3a target=0x716a80a9af18 target_off=0x9af18
[DISPATCH] site=0xcdac7 count=1333 slot=0x716a80ac3c60 slot_off=0xc3c60 idx=0x548 frame=0x716a80a7836d frame_off=0x7836d vm_ip=0x716a80d135b9 vm_ip_off=0x3135b9 vm_flags=0xc917a90d vm_state=0xc917a90d vm_byte=0x3a target=0x716a80a9af18 target_off=0x9af18
[DISPATCH] site=0xcdac7 count=1334 slot=0x716a80ac40c8 slot_off=0xc40c8 idx=0x9b0 frame=0x716a80a7836d frame_off=0x7836d vm_ip=0x716a80d137fc vm_ip_off=0x3137fc vm_flags=0x8df97560 vm_state=0x694cb90f vm_byte=0x3a target=0x716a80ab8556 target_off=0xb8556
[DISPATCH] site=0xcdac7 count=1335 slot=0x716a80ac40c8 slot_off=0xc40c8 idx=0x9b0 frame=0x716a80a7836d frame_off=0x7836d vm_ip=0x716a80d139de vm_ip_off=0x3139de vm_flags=0x4a612e32 vm_state=0x5f8f8af3 vm_byte=0x3a target=0x716a80ab8556 target_off=0xb8556
[DISPATCH] site=0xcdac7 count=1336 slot=0x716a80ac3c60 slot_off=0xc3c60 idx=0x548 frame=0x716a80a7836d frame_off=0x7836d vm_ip=0x716a80d13c4c vm_ip_off=0x313c4c vm_flags=0x8f70318b vm_state=0xfbfb8b3c vm_byte=0x3a target=0x716a80a9af18 target_off=0x9af18
[DISPATCH] site=0xcdac7 count=1337 slot=0x716a80ac3c60 slot_off=0xc3c60 idx=0x548 frame=0x716a80a7836d frame_off=0x7836d vm_ip=0x716a80d13e8f vm_ip_off=0x313e8f vm_flags=0xfed1df96 vm_state=0x58a4dcd6 vm_byte=0x3a target=0x716a80a9af18 target_off=0x9af18
[DISPATCH] site=0xcdac7 count=1338 slot=0x716a80ac3c60 slot_off=0xc3c60 idx=0x548 frame=0x716a80a7836d frame_off=0x7836d vm_ip=0x716a80d14071 vm_ip_off=0x314071 vm_flags=0x4ac60206 vm_state=0x5ee7d2fb vm_byte=0x3a target=0x716a80a9af18 target_off=0x9af18
[DISPATCH] site=0xcdac7 count=1339 slot=0x716a80ac40c8 slot_off=0xc40c8 idx=0x9b0 frame=0x716a80a7836d frame_off=0x7836d vm_ip=0x716a80d142df vm_ip_off=0x3142df vm_flags=0x861eb185 vm_state=0xdf95e7f4 vm_byte=0x3a target=0x716a80ab8556 target_off=0xb8556
[DISPATCH] site=0xcdac7 count=1340 slot=0x716a80ac40c8 slot_off=0xc40c8 idx=0x9b0 frame=0x716a80a7836d frame_off=0x7836d vm_ip=0x716a80d14522 vm_ip_off=0x314522 vm_flags=0x34a042ea vm_state=0x3ce04eeb vm_byte=0x3a target=0x716a80ab8556 target_off=0xb8556
[DISPATCH] site=0xcdac7 count=1341 slot=0x716a80ac40c8 slot_off=0xc40c8 idx=0x9b0 frame=0x716a80a7836d frame_off=0x7836d vm_ip=0x716a80d14704 vm_ip_off=0x314704 vm_flags=0xfcdeff37 vm_state=0xfcd60600 vm_byte=0x3a target=0x716a80ab8556 target_off=0xb8556
[DISPATCH] site=0xcdac7 count=1342 slot=0x716a80ac3c60 slot_off=0xc3c60 idx=0x548 frame=0x716a80a7836d frame_off=0x7836d vm_ip=0x716a80d14972 vm_ip_off=0x314972 vm_flags=0xf8eeff37 vm_state=0xf8e60910 vm_byte=0x3a target=0x716a80a9af18 target_off=0x9af18
[DISPATCH] site=0xcdac7 count=1343 slot=0x716a80ac40c8 slot_off=0xc40c8 idx=0x9b0 frame=0x716a80a7836d frame_off=0x7836d vm_ip=0x716a80d14bb5 vm_ip_off=0x314bb5 vm_flags=0x62662dfb vm_state=0xbffcca14 vm_byte=0x3a target=0x716a80ab8556 target_off=0xb8556
[DISPATCH] site=0xcdac7 count=1344 slot=0x716a80ac3c60 slot_off=0xc3c60 idx=0x548 frame=0x716a80a7836d frame_off=0x7836d vm_ip=0x716a80d14d97 vm_ip_off=0x314d97 vm_flags=0xfadf7f2d vm_state=0xf21b0800 vm_byte=0x3a target=0x716a80a9af18 target_off=0x9af18
[DISPATCH] site=0xcdac7 count=1345 slot=0x716a80ac40c8 slot_off=0xc40c8 idx=0x9b0 frame=0x716a80a7836d frame_off=0x7836d vm_ip=0x716a80d15005 vm_ip_off=0x315005 vm_flags=0xe34473c6 vm_state=0xe74477c6 vm_byte=0x3a target=0x716a80ab8556 target_off=0xb8556
[DISPATCH] site=0xcdac7 count=1346 slot=0x716a80ac40c8 slot_off=0xc40c8 idx=0x9b0 frame=0x716a80a7836d frame_off=0x7836d vm_ip=0x716a80d1522f vm_ip_off=0x31522f vm_flags=0x69b0303a vm_state=0x69145e5a vm_byte=0x3a target=0x716a80ab8556 target_off=0xb8556
[DISPATCH] site=0xcdac7 count=1347 slot=0x716a80ac3c60 slot_off=0xc3c60 idx=0x548 frame=0x716a80a7836d frame_off=0x7836d vm_ip=0x716a80d15486 vm_ip_off=0x315486 vm_flags=0x841ab3c5 vm_state=0x841ab3c5 vm_byte=0x3a target=0x716a80a9af18 target_off=0x9af18
[DISPATCH] site=0xcdac7 count=1348 slot=0x716a80ac3c60 slot_off=0xc3c60 idx=0x548 frame=0x716a80a7836d frame_off=0x7836d vm_ip=0x716a80d156ca vm_ip_off=0x3156ca vm_flags=0xf613f930 vm_state=0x3ffce85e vm_byte=0x3a target=0x716a80a9af18 target_off=0x9af18
[DISPATCH] site=0xcdac7 count=1349 slot=0x716a80ac3c60 slot_off=0xc3c60 idx=0x548 frame=0x716a80a7836d frame_off=0x7836d vm_ip=0x716a80d15969 vm_ip_off=0x315969 vm_flags=0x2ab32381 vm_state=0x2af72783 vm_byte=0x3a target=0x716a80a9af18 target_off=0x9af18
[DISPATCH] site=0xcdac7 count=1350 slot=0x716a80ac3c60 slot_off=0xc3c60 idx=0x548 frame=0x716a80a7836d frame_off=0x7836d vm_ip=0x716a80d15bbf vm_ip_off=0x315bbf vm_flags=0x6e5d9892 vm_state=0x4000d60c vm_byte=0x3a target=0x716a80a9af18 target_off=0x9af18
[DISPATCH] site=0xcdac7 count=1351 slot=0x716a80ac40c8 slot_off=0xc40c8 idx=0x9b0 frame=0x716a80a7836d frame_off=0x7836d vm_ip=0x716a80d10ca5 vm_ip_off=0x310ca5 vm_flags=0x148226cc vm_state=0xffaffb65 vm_byte=0x3a target=0x716a80ab8556 target_off=0xb8556
[DISPATCH] site=0xcdac7 count=1352 slot=0x716a80ac40c8 slot_off=0xc40c8 idx=0x9b0 frame=0x716a80a7836d frame_off=0x7836d vm_ip=0x716a80d10ef0 vm_ip_off=0x310ef0 vm_flags=0x14100010 vm_state=0x3f0612b2 vm_byte=0x3a target=0x716a80ab8556 target_off=0xb8556
[DISPATCH] site=0xcdac7 count=1353 slot=0x716a80ac3c60 slot_off=0xc3c60 idx=0x548 frame=0x716a80a7836d frame_off=0x7836d vm_ip=0x716a80d11163 vm_ip_off=0x311163 vm_flags=0xc83095f0 vm_state=0x400110fe vm_byte=0x3a target=0x716a80a9af18 target_off=0x9af18
[DISPATCH] site=0xcdac7 count=1354 slot=0x716a80ac3c60 slot_off=0xc3c60 idx=0x548 frame=0x716a80a7836d frame_off=0x7836d vm_ip=0x716a80d113a5 vm_ip_off=0x3113a5 vm_flags=0x7adeff2e vm_state=0x78de0800 vm_byte=0x3a target=0x716a80a9af18 target_off=0x9af18
[DISPATCH] site=0xcdac7 count=1355 slot=0x716a80ac40c8 slot_off=0xc40c8 idx=0x9b0 frame=0x716a80a7836d frame_off=0x7836d vm_ip=0x716a80d115e7 vm_ip_off=0x3115e7 vm_flags=0x2948 vm_state=0x2948 vm_byte=0x3a target=0x716a80ab8556 target_off=0xb8556
[DISPATCH] site=0xcdac7 count=1356 slot=0x716a80ac3c60 slot_off=0xc3c60 idx=0x548 frame=0x716a80a7836d frame_off=0x7836d vm_ip=0x716a80d11829 vm_ip_off=0x311829 vm_flags=0x3acddfde vm_state=0x585c5c02 vm_byte=0x3a target=0x716a80a9af18 target_off=0x9af18
[DISPATCH] site=0xcdac7 count=1357 slot=0x716a80ac3c60 slot_off=0xc3c60 idx=0x548 frame=0x716a80a7836d frame_off=0x7836d vm_ip=0x716a80d11a6b vm_ip_off=0x311a6b vm_flags=0xef1b287 vm_state=0x69145f5a vm_byte=0x3a target=0x716a80a9af18 target_off=0x9af18
[DISPATCH] site=0xcdac7 count=1358 slot=0x716a80ac40c8 slot_off=0xc40c8 idx=0x9b0 frame=0x716a80a7836d frame_off=0x7836d vm_ip=0x716a80d11cad vm_ip_off=0x311cad vm_flags=0x524c03c5 vm_state=0x7df7dfda vm_byte=0x3a target=0x716a80ab8556 target_off=0xb8556
[DISPATCH] site=0xcdac7 count=1359 slot=0x716a80ac40c8 slot_off=0xc40c8 idx=0x9b0 frame=0x716a80a7836d frame_off=0x7836d vm_ip=0x716a80d11f69 vm_ip_off=0x311f69 vm_flags=0x8e78f1da vm_state=0xeb377ffe vm_byte=0x3a target=0x716a80ab8556 target_off=0xb8556
[DISPATCH] site=0xcdac7 count=1360 slot=0x716a80ac40c8 slot_off=0xc40c8 idx=0x9b0 frame=0x716a80a7836d frame_off=0x7836d vm_ip=0x716a80d1223a vm_ip_off=0x31223a vm_flags=0x8e4e0de5 vm_state=0x7bd7fefb vm_byte=0x3a target=0x716a80ab8556 target_off=0xb8556
[DISPATCH] site=0xcdac7 count=1361 slot=0x716a80ac3c60 slot_off=0xc3c60 idx=0x548 frame=0x716a80a7836d frame_off=0x7836d vm_ip=0x716a80d12464 vm_ip_off=0x312464 vm_flags=0x347541db vm_state=0x69945ffa vm_byte=0x3a target=0x716a80a9af18 target_off=0x9af18
[DISPATCH] site=0xcdac7 count=1362 slot=0x716a80ac40c8 slot_off=0xc40c8 idx=0x9b0 frame=0x716a80a7836d frame_off=0x7836d vm_ip=0x716a80d1268e vm_ip_off=0x31268e vm_flags=0x5675bb90 vm_state=0xffc76ef9 vm_byte=0x3a target=0x716a80ab8556 target_off=0xb8556
[DISPATCH] site=0xcdac7 count=1363 slot=0x716a80ac3c60 slot_off=0xc3c60 idx=0x548 frame=0x716a80a7836d frame_off=0x7836d vm_ip=0x716a80d12868 vm_ip_off=0x312868 vm_flags=0x221c12 vm_state=0x3f06a742 vm_byte=0x3a target=0x716a80a9af18 target_off=0x9af18
[DISPATCH] site=0xcdac7 count=1364 slot=0x716a80ac3c60 slot_off=0xc3c60 idx=0x548 frame=0x716a80a7836d frame_off=0x7836d vm_ip=0x716a80d12aee vm_ip_off=0x312aee vm_flags=0x8e3c0ca2 vm_state=0x6f95fefa vm_byte=0x3a target=0x716a80a9af18 target_off=0x9af18
[DISPATCH] site=0xcdac7 count=1365 slot=0x716a80ac3c60 slot_off=0xc3c60 idx=0x548 frame=0x716a80a7836d frame_off=0x7836d vm_ip=0x716a80d12cd0 vm_ip_off=0x312cd0 vm_flags=0xfbf79ddb vm_state=0xf9f3eb74 vm_byte=0x3a target=0x716a80a9af18 target_off=0x9af18
[DISPATCH] site=0xcdac7 count=1366 slot=0x716a80ac40c8 slot_off=0xc40c8 idx=0x9b0 frame=0x716a80a7836d frame_off=0x7836d vm_ip=0x716a80d12f26 vm_ip_off=0x312f26 vm_flags=0x4b8eb2de vm_state=0x7b1c5e5e vm_byte=0x3a target=0x716a80ab8556 target_off=0xb8556
[DISPATCH] site=0xcdac7 count=1367 slot=0x716a80ac40c8 slot_off=0xc40c8 idx=0x9b0 frame=0x716a80a7836d frame_off=0x7836d vm_ip=0x716a80d13169 vm_ip_off=0x313169 vm_flags=0x7afe7fef vm_state=0x727e02a8 vm_byte=0x3a target=0x716a80ab8556 target_off=0xb8556
[DISPATCH] site=0xcdac7 count=1368 slot=0x716a80ac3c60 slot_off=0xc3c60 idx=0x548 frame=0x716a80a7836d frame_off=0x7836d vm_ip=0x716a80d1334b vm_ip_off=0x31334b vm_flags=0xce4d8465 vm_state=0x7f3e7f7b vm_byte=0x3a target=0x716a80a9af18 target_off=0x9af18
[DISPATCH] site=0xcdac7 count=1369 slot=0x716a80ac3c60 slot_off=0xc3c60 idx=0x548 frame=0x716a80a7836d frame_off=0x7836d vm_ip=0x716a80d135b9 vm_ip_off=0x3135b9 vm_flags=0xc917a90d vm_state=0xc917a90d vm_byte=0x3a target=0x716a80a9af18 target_off=0x9af18
[DISPATCH] site=0xcdac7 count=1370 slot=0x716a80ac40c8 slot_off=0xc40c8 idx=0x9b0 frame=0x716a80a7836d frame_off=0x7836d vm_ip=0x716a80d137fc vm_ip_off=0x3137fc vm_flags=0x8df97560 vm_state=0x694cb90f vm_byte=0x3a target=0x716a80ab8556 target_off=0xb8556
[DISPATCH] site=0xcdac7 count=1371 slot=0x716a80ac40c8 slot_off=0xc40c8 idx=0x9b0 frame=0x716a80a7836d frame_off=0x7836d vm_ip=0x716a80d139de vm_ip_off=0x3139de vm_flags=0x4a612e32 vm_state=0x5f8f8af3 vm_byte=0x3a target=0x716a80ab8556 target_off=0xb8556
[DISPATCH] site=0xcdac7 count=1372 slot=0x716a80ac3c60 slot_off=0xc3c60 idx=0x548 frame=0x716a80a7836d frame_off=0x7836d vm_ip=0x716a80d13c4c vm_ip_off=0x313c4c vm_flags=0x8f70318b vm_state=0xfbfb8b3c vm_byte=0x3a target=0x716a80a9af18 target_off=0x9af18
[DISPATCH] site=0xcdac7 count=1373 slot=0x716a80ac3c60 slot_off=0xc3c60 idx=0x548 frame=0x716a80a7836d frame_off=0x7836d vm_ip=0x716a80d13e8f vm_ip_off=0x313e8f vm_flags=0xfed1df96 vm_state=0x58a4dcd6 vm_byte=0x3a target=0x716a80a9af18 target_off=0x9af18
[DISPATCH] site=0xcdac7 count=1374 slot=0x716a80ac3c60 slot_off=0xc3c60 idx=0x548 frame=0x716a80a7836d frame_off=0x7836d vm_ip=0x716a80d14071 vm_ip_off=0x314071 vm_flags=0x4ac60206 vm_state=0x5ee7d2fb vm_byte=0x3a target=0x716a80a9af18 target_off=0x9af18
[DISPATCH] site=0xcdac7 count=1375 slot=0x716a80ac40c8 slot_off=0xc40c8 idx=0x9b0 frame=0x716a80a7836d frame_off=0x7836d vm_ip=0x716a80d142df vm_ip_off=0x3142df vm_flags=0x861eb185 vm_state=0xdf95e7f4 vm_byte=0x3a target=0x716a80ab8556 target_off=0xb8556
[DISPATCH] site=0xcdac7 count=1376 slot=0x716a80ac40c8 slot_off=0xc40c8 idx=0x9b0 frame=0x716a80a7836d frame_off=0x7836d vm_ip=0x716a80d14522 vm_ip_off=0x314522 vm_flags=0x34a042ea vm_state=0x3ce04eeb vm_byte=0x3a target=0x716a80ab8556 target_off=0xb8556
[DISPATCH] site=0xcdac7 count=1377 slot=0x716a80ac40c8 slot_off=0xc40c8 idx=0x9b0 frame=0x716a80a7836d frame_off=0x7836d vm_ip=0x716a80d14704 vm_ip_off=0x314704 vm_flags=0xfcdeff37 vm_state=0xfcd60600 vm_byte=0x3a target=0x716a80ab8556 target_off=0xb8556
[DISPATCH] site=0xcdac7 count=1378 slot=0x716a80ac3c60 slot_off=0xc3c60 idx=0x548 frame=0x716a80a7836d frame_off=0x7836d vm_ip=0x716a80d14972 vm_ip_off=0x314972 vm_flags=0xf8eeff37 vm_state=0xf8e60910 vm_byte=0x3a target=0x716a80a9af18 target_off=0x9af18
[DISPATCH] site=0xcdac7 count=1379 slot=0x716a80ac40c8 slot_off=0xc40c8 idx=0x9b0 frame=0x716a80a7836d frame_off=0x7836d vm_ip=0x716a80d14bb5 vm_ip_off=0x314bb5 vm_flags=0x62662dfb vm_state=0xbffcca14 vm_byte=0x3a target=0x716a80ab8556 target_off=0xb8556
[DISPATCH] site=0xcdac7 count=1380 slot=0x716a80ac3c60 slot_off=0xc3c60 idx=0x548 frame=0x716a80a7836d frame_off=0x7836d vm_ip=0x716a80d14d97 vm_ip_off=0x314d97 vm_flags=0xfadf7f2d vm_state=0xf21b0800 vm_byte=0x3a target=0x716a80a9af18 target_off=0x9af18
[DISPATCH] site=0xcdac7 count=1381 slot=0x716a80ac40c8 slot_off=0xc40c8 idx=0x9b0 frame=0x716a80a7836d frame_off=0x7836d vm_ip=0x716a80d15005 vm_ip_off=0x315005 vm_flags=0xe34473c6 vm_state=0xe74477c6 vm_byte=0x3a target=0x716a80ab8556 target_off=0xb8556
[DISPATCH] site=0xcdac7 count=1382 slot=0x716a80ac40c8 slot_off=0xc40c8 idx=0x9b0 frame=0x716a80a7836d frame_off=0x7836d vm_ip=0x716a80d1522f vm_ip_off=0x31522f vm_flags=0x69b0303a vm_state=0x69145e5a vm_byte=0x3a target=0x716a80ab8556 target_off=0xb8556
[DISPATCH] site=0xcdac7 count=1383 slot=0x716a80ac3c60 slot_off=0xc3c60 idx=0x548 frame=0x716a80a7836d frame_off=0x7836d vm_ip=0x716a80d15486 vm_ip_off=0x315486 vm_flags=0x841ab3c5 vm_state=0x841ab3c5 vm_byte=0x3a target=0x716a80a9af18 target_off=0x9af18
[DISPATCH] site=0xcdac7 count=1384 slot=0x716a80ac3c60 slot_off=0xc3c60 idx=0x548 frame=0x716a80a7836d frame_off=0x7836d vm_ip=0x716a80d156ca vm_ip_off=0x3156ca vm_flags=0xf613f930 vm_state=0x3ffce85e vm_byte=0x3a target=0x716a80a9af18 target_off=0x9af18
[DISPATCH] site=0xcdac7 count=1385 slot=0x716a80ac3c60 slot_off=0xc3c60 idx=0x548 frame=0x716a80a7836d frame_off=0x7836d vm_ip=0x716a80d15969 vm_ip_off=0x315969 vm_flags=0x2ab32381 vm_state=0x2af72783 vm_byte=0x3a target=0x716a80a9af18 target_off=0x9af18
[DISPATCH] site=0xcdac7 count=1386 slot=0x716a80ac3c60 slot_off=0xc3c60 idx=0x548 frame=0x716a80a7836d frame_off=0x7836d vm_ip=0x716a80d15bbf vm_ip_off=0x315bbf vm_flags=0x6e5d9892 vm_state=0x4000d60c vm_byte=0x3a target=0x716a80a9af18 target_off=0x9af18
[DISPATCH] site=0xcdac7 count=1387 slot=0x716a80ac40c8 slot_off=0xc40c8 idx=0x9b0 frame=0x716a80a7836d frame_off=0x7836d vm_ip=0x716a80d10ca5 vm_ip_off=0x310ca5 vm_flags=0x148226cc vm_state=0xffaffb65 vm_byte=0x3a target=0x716a80ab8556 target_off=0xb8556
[DISPATCH] site=0xcdac7 count=1388 slot=0x716a80ac40c8 slot_off=0xc40c8 idx=0x9b0 frame=0x716a80a7836d frame_off=0x7836d vm_ip=0x716a80d10ef0 vm_ip_off=0x310ef0 vm_flags=0x14100010 vm_state=0x3f0612b2 vm_byte=0x3a target=0x716a80ab8556 target_off=0xb8556
[DISPATCH] site=0xcdac7 count=1389 slot=0x716a80ac3c60 slot_off=0xc3c60 idx=0x548 frame=0x716a80a7836d frame_off=0x7836d vm_ip=0x716a80d11163 vm_ip_off=0x311163 vm_flags=0xc83095f0 vm_state=0x400110fe vm_byte=0x3a target=0x716a80a9af18 target_off=0x9af18
[DISPATCH] site=0xcdac7 count=1390 slot=0x716a80ac3c60 slot_off=0xc3c60 idx=0x548 frame=0x716a80a7836d frame_off=0x7836d vm_ip=0x716a80d113a5 vm_ip_off=0x3113a5 vm_flags=0x7adeff2e vm_state=0x78de0800 vm_byte=0x3a target=0x716a80a9af18 target_off=0x9af18
[DISPATCH] site=0xcdac7 count=1391 slot=0x716a80ac40c8 slot_off=0xc40c8 idx=0x9b0 frame=0x716a80a7836d frame_off=0x7836d vm_ip=0x716a80d115e7 vm_ip_off=0x3115e7 vm_flags=0x2948 vm_state=0x2948 vm_byte=0x3a target=0x716a80ab8556 target_off=0xb8556
[DISPATCH] site=0xcdac7 count=1392 slot=0x716a80ac3c60 slot_off=0xc3c60 idx=0x548 frame=0x716a80a7836d frame_off=0x7836d vm_ip=0x716a80d11829 vm_ip_off=0x311829 vm_flags=0x3acddfde vm_state=0x585c5c02 vm_byte=0x3a target=0x716a80a9af18 target_off=0x9af18
[DISPATCH] site=0xcdac7 count=1393 slot=0x716a80ac3c60 slot_off=0xc3c60 idx=0x548 frame=0x716a80a7836d frame_off=0x7836d vm_ip=0x716a80d11a6b vm_ip_off=0x311a6b vm_flags=0xef1b287 vm_state=0x69145f5a vm_byte=0x3a target=0x716a80a9af18 target_off=0x9af18
[DISPATCH] site=0xcdac7 count=1394 slot=0x716a80ac40c8 slot_off=0xc40c8 idx=0x9b0 frame=0x716a80a7836d frame_off=0x7836d vm_ip=0x716a80d11cad vm_ip_off=0x311cad vm_flags=0x524c03c5 vm_state=0x7df7dfda vm_byte=0x3a target=0x716a80ab8556 target_off=0xb8556
[DISPATCH] site=0xcdac7 count=1395 slot=0x716a80ac40c8 slot_off=0xc40c8 idx=0x9b0 frame=0x716a80a7836d frame_off=0x7836d vm_ip=0x716a80d11f69 vm_ip_off=0x311f69 vm_flags=0x8e78f1da vm_state=0xeb377ffe vm_byte=0x3a target=0x716a80ab8556 target_off=0xb8556
[DISPATCH] site=0xcdac7 count=1396 slot=0x716a80ac40c8 slot_off=0xc40c8 idx=0x9b0 frame=0x716a80a7836d frame_off=0x7836d vm_ip=0x716a80d1223a vm_ip_off=0x31223a vm_flags=0x8e4e0de5 vm_state=0x7bd7fefb vm_byte=0x3a target=0x716a80ab8556 target_off=0xb8556
[DISPATCH] site=0xcdac7 count=1397 slot=0x716a80ac3c60 slot_off=0xc3c60 idx=0x548 frame=0x716a80a7836d frame_off=0x7836d vm_ip=0x716a80d12464 vm_ip_off=0x312464 vm_flags=0x347541db vm_state=0x69945ffa vm_byte=0x3a target=0x716a80a9af18 target_off=0x9af18
[DISPATCH] site=0xcdac7 count=1398 slot=0x716a80ac40c8 slot_off=0xc40c8 idx=0x9b0 frame=0x716a80a7836d frame_off=0x7836d vm_ip=0x716a80d1268e vm_ip_off=0x31268e vm_flags=0x5675bb90 vm_state=0xffc76ef9 vm_byte=0x3a target=0x716a80ab8556 target_off=0xb8556
[DISPATCH] site=0xcdac7 count=1399 slot=0x716a80ac3c60 slot_off=0xc3c60 idx=0x548 frame=0x716a80a7836d frame_off=0x7836d vm_ip=0x716a80d12868 vm_ip_off=0x312868 vm_flags=0x221c12 vm_state=0x3f06a742 vm_byte=0x3a target=0x716a80a9af18 target_off=0x9af18
[DISPATCH] site=0xcdac7 count=1400 slot=0x716a80ac3c60 slot_off=0xc3c60 idx=0x548 frame=0x716a80a7836d frame_off=0x7836d vm_ip=0x716a80d12aee vm_ip_off=0x312aee vm_flags=0x8e3c0ca2 vm_state=0x6f95fefa vm_byte=0x3a target=0x716a80a9af18 target_off=0x9af18
[DISPATCH] site=0xcdac7 count=1401 slot=0x716a80ac3c60 slot_off=0xc3c60 idx=0x548 frame=0x716a80a7836d frame_off=0x7836d vm_ip=0x716a80d12cd0 vm_ip_off=0x312cd0 vm_flags=0xfbf79ddb vm_state=0xf9f3eb74 vm_byte=0x3a target=0x716a80a9af18 target_off=0x9af18
[DISPATCH] site=0xcdac7 count=1402 slot=0x716a80ac40c8 slot_off=0xc40c8 idx=0x9b0 frame=0x716a80a7836d frame_off=0x7836d vm_ip=0x716a80d12f26 vm_ip_off=0x312f26 vm_flags=0x4b8eb2de vm_state=0x7b1c5e5e vm_byte=0x3a target=0x716a80ab8556 target_off=0xb8556
[DISPATCH] site=0xcdac7 count=1403 slot=0x716a80ac40c8 slot_off=0xc40c8 idx=0x9b0 frame=0x716a80a7836d frame_off=0x7836d vm_ip=0x716a80d13169 vm_ip_off=0x313169 vm_flags=0x7afe7fef vm_state=0x727e02a8 vm_byte=0x3a target=0x716a80ab8556 target_off=0xb8556
[DISPATCH] site=0xcdac7 count=1404 slot=0x716a80ac3c60 slot_off=0xc3c60 idx=0x548 frame=0x716a80a7836d frame_off=0x7836d vm_ip=0x716a80d1334b vm_ip_off=0x31334b vm_flags=0xce4d8465 vm_state=0x7f3e7f7b vm_byte=0x3a target=0x716a80a9af18 target_off=0x9af18
[DISPATCH] site=0xcdac7 count=1405 slot=0x716a80ac3c60 slot_off=0xc3c60 idx=0x548 frame=0x716a80a7836d frame_off=0x7836d vm_ip=0x716a80d135b9 vm_ip_off=0x3135b9 vm_flags=0xc917a90d vm_state=0xc917a90d vm_byte=0x3a target=0x716a80a9af18 target_off=0x9af18
[DISPATCH] site=0xcdac7 count=1406 slot=0x716a80ac40c8 slot_off=0xc40c8 idx=0x9b0 frame=0x716a80a7836d frame_off=0x7836d vm_ip=0x716a80d137fc vm_ip_off=0x3137fc vm_flags=0x8df97560 vm_state=0x694cb90f vm_byte=0x3a target=0x716a80ab8556 target_off=0xb8556
[DISPATCH] site=0xcdac7 count=1407 slot=0x716a80ac40c8 slot_off=0xc40c8 idx=0x9b0 frame=0x716a80a7836d frame_off=0x7836d vm_ip=0x716a80d139de vm_ip_off=0x3139de vm_flags=0x4a612e32 vm_state=0x5f8f8af3 vm_byte=0x3a target=0x716a80ab8556 target_off=0xb8556
[DISPATCH] site=0xcdac7 count=1408 slot=0x716a80ac3c60 slot_off=0xc3c60 idx=0x548 frame=0x716a80a7836d frame_off=0x7836d vm_ip=0x716a80d13c4c vm_ip_off=0x313c4c vm_flags=0x8f70318b vm_state=0xfbfb8b3c vm_byte=0x3a target=0x716a80a9af18 target_off=0x9af18
[DISPATCH] site=0xcdac7 count=1409 slot=0x716a80ac3c60 slot_off=0xc3c60 idx=0x548 frame=0x716a80a7836d frame_off=0x7836d vm_ip=0x716a80d13e8f vm_ip_off=0x313e8f vm_flags=0xfed1df96 vm_state=0x58a4dcd6 vm_byte=0x3a target=0x716a80a9af18 target_off=0x9af18
[DISPATCH] site=0xcdac7 count=1410 slot=0x716a80ac3c60 slot_off=0xc3c60 idx=0x548 frame=0x716a80a7836d frame_off=0x7836d vm_ip=0x716a80d14071 vm_ip_off=0x314071 vm_flags=0x4ac60206 vm_state=0x5ee7d2fb vm_byte=0x3a target=0x716a80a9af18 target_off=0x9af18
[DISPATCH] site=0xcdac7 count=1411 slot=0x716a80ac40c8 slot_off=0xc40c8 idx=0x9b0 frame=0x716a80a7836d frame_off=0x7836d vm_ip=0x716a80d142df vm_ip_off=0x3142df vm_flags=0x861eb185 vm_state=0xdf95e7f4 vm_byte=0x3a target=0x716a80ab8556 target_off=0xb8556
[DISPATCH] site=0xcdac7 count=1412 slot=0x716a80ac40c8 slot_off=0xc40c8 idx=0x9b0 frame=0x716a80a7836d frame_off=0x7836d vm_ip=0x716a80d14522 vm_ip_off=0x314522 vm_flags=0x34a042ea vm_state=0x3ce04eeb vm_byte=0x3a target=0x716a80ab8556 target_off=0xb8556
[DISPATCH] site=0xcdac7 count=1413 slot=0x716a80ac40c8 slot_off=0xc40c8 idx=0x9b0 frame=0x716a80a7836d frame_off=0x7836d vm_ip=0x716a80d14704 vm_ip_off=0x314704 vm_flags=0xfcdeff37 vm_state=0xfcd60600 vm_byte=0x3a target=0x716a80ab8556 target_off=0xb8556
[DISPATCH] site=0xcdac7 count=1414 slot=0x716a80ac3c60 slot_off=0xc3c60 idx=0x548 frame=0x716a80a7836d frame_off=0x7836d vm_ip=0x716a80d14972 vm_ip_off=0x314972 vm_flags=0xf8eeff37 vm_state=0xf8e60910 vm_byte=0x3a target=0x716a80a9af18 target_off=0x9af18
[DISPATCH] site=0xcdac7 count=1415 slot=0x716a80ac40c8 slot_off=0xc40c8 idx=0x9b0 frame=0x716a80a7836d frame_off=0x7836d vm_ip=0x716a80d14bb5 vm_ip_off=0x314bb5 vm_flags=0x62662dfb vm_state=0xbffcca14 vm_byte=0x3a target=0x716a80ab8556 target_off=0xb8556
[DISPATCH] site=0xcdac7 count=1416 slot=0x716a80ac3c60 slot_off=0xc3c60 idx=0x548 frame=0x716a80a7836d frame_off=0x7836d vm_ip=0x716a80d14d97 vm_ip_off=0x314d97 vm_flags=0xfadf7f2d vm_state=0xf21b0800 vm_byte=0x3a target=0x716a80a9af18 target_off=0x9af18
[DISPATCH] site=0xcdac7 count=1417 slot=0x716a80ac40c8 slot_off=0xc40c8 idx=0x9b0 frame=0x716a80a7836d frame_off=0x7836d vm_ip=0x716a80d15005 vm_ip_off=0x315005 vm_flags=0xe34473c6 vm_state=0xe74477c6 vm_byte=0x3a target=0x716a80ab8556 target_off=0xb8556
[DISPATCH] site=0xcdac7 count=1418 slot=0x716a80ac40c8 slot_off=0xc40c8 idx=0x9b0 frame=0x716a80a7836d frame_off=0x7836d vm_ip=0x716a80d1522f vm_ip_off=0x31522f vm_flags=0x69b0303a vm_state=0x69145e5a vm_byte=0x3a target=0x716a80ab8556 target_off=0xb8556
[DISPATCH] site=0xcdac7 count=1419 slot=0x716a80ac3c60 slot_off=0xc3c60 idx=0x548 frame=0x716a80a7836d frame_off=0x7836d vm_ip=0x716a80d15486 vm_ip_off=0x315486 vm_flags=0x841ab3c5 vm_state=0x841ab3c5 vm_byte=0x3a target=0x716a80a9af18 target_off=0x9af18
[DISPATCH] site=0xcdac7 count=1420 slot=0x716a80ac3c60 slot_off=0xc3c60 idx=0x548 frame=0x716a80a7836d frame_off=0x7836d vm_ip=0x716a80d156ca vm_ip_off=0x3156ca vm_flags=0xf613f930 vm_state=0x3ffce85e vm_byte=0x3a target=0x716a80a9af18 target_off=0x9af18
[DISPATCH] site=0xcdac7 count=1421 slot=0x716a80ac3c60 slot_off=0xc3c60 idx=0x548 frame=0x716a80a7836d frame_off=0x7836d vm_ip=0x716a80d15969 vm_ip_off=0x315969 vm_flags=0x2ab32381 vm_state=0x2af72783 vm_byte=0x3a target=0x716a80a9af18 target_off=0x9af18
[DISPATCH] site=0xcdac7 count=1422 slot=0x716a80ac3c60 slot_off=0xc3c60 idx=0x548 frame=0x716a80a7836d frame_off=0x7836d vm_ip=0x716a80d15bbf vm_ip_off=0x315bbf vm_flags=0x6e5d9892 vm_state=0x4000d60c vm_byte=0x3a target=0x716a80a9af18 target_off=0x9af18
[DISPATCH] site=0xcdac7 count=1423 slot=0x716a80ac40c8 slot_off=0xc40c8 idx=0x9b0 frame=0x716a80a7836d frame_off=0x7836d vm_ip=0x716a80d10ca5 vm_ip_off=0x310ca5 vm_flags=0x148226cc vm_state=0xffaffb65 vm_byte=0x3a target=0x716a80ab8556 target_off=0xb8556
[DISPATCH] site=0xcdac7 count=1424 slot=0x716a80ac40c8 slot_off=0xc40c8 idx=0x9b0 frame=0x716a80a7836d frame_off=0x7836d vm_ip=0x716a80d10ef0 vm_ip_off=0x310ef0 vm_flags=0x14100010 vm_state=0x3f0612b2 vm_byte=0x3a target=0x716a80ab8556 target_off=0xb8556
[DISPATCH] site=0xcdac7 count=1425 slot=0x716a80ac3c60 slot_off=0xc3c60 idx=0x548 frame=0x716a80a7836d frame_off=0x7836d vm_ip=0x716a80d11163 vm_ip_off=0x311163 vm_flags=0xc83095f0 vm_state=0x400110fe vm_byte=0x3a target=0x716a80a9af18 target_off=0x9af18
[DISPATCH] site=0xcdac7 count=1426 slot=0x716a80ac3c60 slot_off=0xc3c60 idx=0x548 frame=0x716a80a7836d frame_off=0x7836d vm_ip=0x716a80d113a5 vm_ip_off=0x3113a5 vm_flags=0x7adeff2e vm_state=0x78de0800 vm_byte=0x3a target=0x716a80a9af18 target_off=0x9af18
[DISPATCH] site=0xcdac7 count=1427 slot=0x716a80ac40c8 slot_off=0xc40c8 idx=0x9b0 frame=0x716a80a7836d frame_off=0x7836d vm_ip=0x716a80d115e7 vm_ip_off=0x3115e7 vm_flags=0x2948 vm_state=0x2948 vm_byte=0x3a target=0x716a80ab8556 target_off=0xb8556
[DISPATCH] site=0xcdac7 count=1428 slot=0x716a80ac3c60 slot_off=0xc3c60 idx=0x548 frame=0x716a80a7836d frame_off=0x7836d vm_ip=0x716a80d11829 vm_ip_off=0x311829 vm_flags=0x3acddfde vm_state=0x585c5c02 vm_byte=0x3a target=0x716a80a9af18 target_off=0x9af18
[DISPATCH] site=0xcdac7 count=1429 slot=0x716a80ac3c60 slot_off=0xc3c60 idx=0x548 frame=0x716a80a7836d frame_off=0x7836d vm_ip=0x716a80d11a6b vm_ip_off=0x311a6b vm_flags=0xef1b287 vm_state=0x69145f5a vm_byte=0x3a target=0x716a80a9af18 target_off=0x9af18
[DISPATCH] site=0xcdac7 count=1430 slot=0x716a80ac40c8 slot_off=0xc40c8 idx=0x9b0 frame=0x716a80a7836d frame_off=0x7836d vm_ip=0x716a80d11cad vm_ip_off=0x311cad vm_flags=0x524c03c5 vm_state=0x7df7dfda vm_byte=0x3a target=0x716a80ab8556 target_off=0xb8556
[DISPATCH] site=0xcdac7 count=1431 slot=0x716a80ac40c8 slot_off=0xc40c8 idx=0x9b0 frame=0x716a80a7836d frame_off=0x7836d vm_ip=0x716a80d11f69 vm_ip_off=0x311f69 vm_flags=0x8e78f1da vm_state=0xeb377ffe vm_byte=0x3a target=0x716a80ab8556 target_off=0xb8556
[DISPATCH] site=0xcdac7 count=1432 slot=0x716a80ac40c8 slot_off=0xc40c8 idx=0x9b0 frame=0x716a80a7836d frame_off=0x7836d vm_ip=0x716a80d1223a vm_ip_off=0x31223a vm_flags=0x8e4e0de5 vm_state=0x7bd7fefb vm_byte=0x3a target=0x716a80ab8556 target_off=0xb8556
[DISPATCH] site=0xcdac7 count=1433 slot=0x716a80ac3c60 slot_off=0xc3c60 idx=0x548 frame=0x716a80a7836d frame_off=0x7836d vm_ip=0x716a80d12464 vm_ip_off=0x312464 vm_flags=0x347541db vm_state=0x69945ffa vm_byte=0x3a target=0x716a80a9af18 target_off=0x9af18
[DISPATCH] site=0xcdac7 count=1434 slot=0x716a80ac40c8 slot_off=0xc40c8 idx=0x9b0 frame=0x716a80a7836d frame_off=0x7836d vm_ip=0x716a80d1268e vm_ip_off=0x31268e vm_flags=0x5675bb90 vm_state=0xffc76ef9 vm_byte=0x3a target=0x716a80ab8556 target_off=0xb8556
[DISPATCH] site=0xcdac7 count=1435 slot=0x716a80ac3c60 slot_off=0xc3c60 idx=0x548 frame=0x716a80a7836d frame_off=0x7836d vm_ip=0x716a80d12868 vm_ip_off=0x312868 vm_flags=0x221c12 vm_state=0x3f06a742 vm_byte=0x3a target=0x716a80a9af18 target_off=0x9af18
[DISPATCH] site=0xcdac7 count=1436 slot=0x716a80ac3c60 slot_off=0xc3c60 idx=0x548 frame=0x716a80a7836d frame_off=0x7836d vm_ip=0x716a80d12aee vm_ip_off=0x312aee vm_flags=0x8e3c0ca2 vm_state=0x6f95fefa vm_byte=0x3a target=0x716a80a9af18 target_off=0x9af18
[DISPATCH] site=0xcdac7 count=1437 slot=0x716a80ac3c60 slot_off=0xc3c60 idx=0x548 frame=0x716a80a7836d frame_off=0x7836d vm_ip=0x716a80d12cd0 vm_ip_off=0x312cd0 vm_flags=0xfbf79ddb vm_state=0xf9f3eb74 vm_byte=0x3a target=0x716a80a9af18 target_off=0x9af18
[DISPATCH] site=0xcdac7 count=1438 slot=0x716a80ac40c8 slot_off=0xc40c8 idx=0x9b0 frame=0x716a80a7836d frame_off=0x7836d vm_ip=0x716a80d12f26 vm_ip_off=0x312f26 vm_flags=0x4b8eb2de vm_state=0x7b1c5e5e vm_byte=0x3a target=0x716a80ab8556 target_off=0xb8556
[DISPATCH] site=0xcdac7 count=1439 slot=0x716a80ac40c8 slot_off=0xc40c8 idx=0x9b0 frame=0x716a80a7836d frame_off=0x7836d vm_ip=0x716a80d13169 vm_ip_off=0x313169 vm_flags=0x7afe7fef vm_state=0x727e02a8 vm_byte=0x3a target=0x716a80ab8556 target_off=0xb8556
[DISPATCH] site=0xcdac7 count=1440 slot=0x716a80ac3c60 slot_off=0xc3c60 idx=0x548 frame=0x716a80a7836d frame_off=0x7836d vm_ip=0x716a80d1334b vm_ip_off=0x31334b vm_flags=0xce4d8465 vm_state=0x7f3e7f7b vm_byte=0x3a target=0x716a80a9af18 target_off=0x9af18
[DISPATCH] site=0xcdac7 count=1441 slot=0x716a80ac3c60 slot_off=0xc3c60 idx=0x548 frame=0x716a80a7836d frame_off=0x7836d vm_ip=0x716a80d135b9 vm_ip_off=0x3135b9 vm_flags=0xc917a90d vm_state=0xc917a90d vm_byte=0x3a target=0x716a80a9af18 target_off=0x9af18
[DISPATCH] site=0xcdac7 count=1442 slot=0x716a80ac40c8 slot_off=0xc40c8 idx=0x9b0 frame=0x716a80a7836d frame_off=0x7836d vm_ip=0x716a80d137fc vm_ip_off=0x3137fc vm_flags=0x8df97560 vm_state=0x694cb90f vm_byte=0x3a target=0x716a80ab8556 target_off=0xb8556
[DISPATCH] site=0xcdac7 count=1443 slot=0x716a80ac40c8 slot_off=0xc40c8 idx=0x9b0 frame=0x716a80a7836d frame_off=0x7836d vm_ip=0x716a80d139de vm_ip_off=0x3139de vm_flags=0x4a612e32 vm_state=0x5f8f8af3 vm_byte=0x3a target=0x716a80ab8556 target_off=0xb8556
[DISPATCH] site=0xcdac7 count=1444 slot=0x716a80ac3c60 slot_off=0xc3c60 idx=0x548 frame=0x716a80a7836d frame_off=0x7836d vm_ip=0x716a80d13c4c vm_ip_off=0x313c4c vm_flags=0x8f70318b vm_state=0xfbfb8b3c vm_byte=0x3a target=0x716a80a9af18 target_off=0x9af18
[DISPATCH] site=0xcdac7 count=1445 slot=0x716a80ac3c60 slot_off=0xc3c60 idx=0x548 frame=0x716a80a7836d frame_off=0x7836d vm_ip=0x716a80d13e8f vm_ip_off=0x313e8f vm_flags=0xfed1df96 vm_state=0x58a4dcd6 vm_byte=0x3a target=0x716a80a9af18 target_off=0x9af18
[DISPATCH] site=0xcdac7 count=1446 slot=0x716a80ac3c60 slot_off=0xc3c60 idx=0x548 frame=0x716a80a7836d frame_off=0x7836d vm_ip=0x716a80d14071 vm_ip_off=0x314071 vm_flags=0x4ac60206 vm_state=0x5ee7d2fb vm_byte=0x3a target=0x716a80a9af18 target_off=0x9af18
[DISPATCH] site=0xcdac7 count=1447 slot=0x716a80ac40c8 slot_off=0xc40c8 idx=0x9b0 frame=0x716a80a7836d frame_off=0x7836d vm_ip=0x716a80d142df vm_ip_off=0x3142df vm_flags=0x861eb185 vm_state=0xdf95e7f4 vm_byte=0x3a target=0x716a80ab8556 target_off=0xb8556
[DISPATCH] site=0xcdac7 count=1448 slot=0x716a80ac40c8 slot_off=0xc40c8 idx=0x9b0 frame=0x716a80a7836d frame_off=0x7836d vm_ip=0x716a80d14522 vm_ip_off=0x314522 vm_flags=0x34a042ea vm_state=0x3ce04eeb vm_byte=0x3a target=0x716a80ab8556 target_off=0xb8556
[DISPATCH] site=0xcdac7 count=1449 slot=0x716a80ac40c8 slot_off=0xc40c8 idx=0x9b0 frame=0x716a80a7836d frame_off=0x7836d vm_ip=0x716a80d14704 vm_ip_off=0x314704 vm_flags=0xfcdeff37 vm_state=0xfcd60600 vm_byte=0x3a target=0x716a80ab8556 target_off=0xb8556
[DISPATCH] site=0xcdac7 count=1450 slot=0x716a80ac3c60 slot_off=0xc3c60 idx=0x548 frame=0x716a80a7836d frame_off=0x7836d vm_ip=0x716a80d14972 vm_ip_off=0x314972 vm_flags=0xf8eeff37 vm_state=0xf8e60910 vm_byte=0x3a target=0x716a80a9af18 target_off=0x9af18
[DISPATCH] site=0xcdac7 count=1451 slot=0x716a80ac40c8 slot_off=0xc40c8 idx=0x9b0 frame=0x716a80a7836d frame_off=0x7836d vm_ip=0x716a80d14bb5 vm_ip_off=0x314bb5 vm_flags=0x62662dfb vm_state=0xbffcca14 vm_byte=0x3a target=0x716a80ab8556 target_off=0xb8556
[DISPATCH] site=0xcdac7 count=1452 slot=0x716a80ac3c60 slot_off=0xc3c60 idx=0x548 frame=0x716a80a7836d frame_off=0x7836d vm_ip=0x716a80d14d97 vm_ip_off=0x314d97 vm_flags=0xfadf7f2d vm_state=0xf21b0800 vm_byte=0x3a target=0x716a80a9af18 target_off=0x9af18
[DISPATCH] site=0xcdac7 count=1453 slot=0x716a80ac40c8 slot_off=0xc40c8 idx=0x9b0 frame=0x716a80a7836d frame_off=0x7836d vm_ip=0x716a80d15005 vm_ip_off=0x315005 vm_flags=0xe34473c6 vm_state=0xe74477c6 vm_byte=0x3a target=0x716a80ab8556 target_off=0xb8556
[DISPATCH] site=0xcdac7 count=1454 slot=0x716a80ac40c8 slot_off=0xc40c8 idx=0x9b0 frame=0x716a80a7836d frame_off=0x7836d vm_ip=0x716a80d1522f vm_ip_off=0x31522f vm_flags=0x69b0303a vm_state=0x69145e5a vm_byte=0x3a target=0x716a80ab8556 target_off=0xb8556
[DISPATCH] site=0xcdac7 count=1455 slot=0x716a80ac3c60 slot_off=0xc3c60 idx=0x548 frame=0x716a80a7836d frame_off=0x7836d vm_ip=0x716a80d15486 vm_ip_off=0x315486 vm_flags=0x841ab3c5 vm_state=0x841ab3c5 vm_byte=0x3a target=0x716a80a9af18 target_off=0x9af18
[DISPATCH] site=0xcdac7 count=1456 slot=0x716a80ac3c60 slot_off=0xc3c60 idx=0x548 frame=0x716a80a7836d frame_off=0x7836d vm_ip=0x716a80d156ca vm_ip_off=0x3156ca vm_flags=0xf613f930 vm_state=0x3ffce85e vm_byte=0x3a target=0x716a80a9af18 target_off=0x9af18
[DISPATCH] site=0xcdac7 count=1457 slot=0x716a80ac3c60 slot_off=0xc3c60 idx=0x548 frame=0x716a80a7836d frame_off=0x7836d vm_ip=0x716a80d15969 vm_ip_off=0x315969 vm_flags=0x2ab32381 vm_state=0x2af72783 vm_byte=0x3a target=0x716a80a9af18 target_off=0x9af18
[DISPATCH] site=0xcdac7 count=1458 slot=0x716a80ac3c60 slot_off=0xc3c60 idx=0x548 frame=0x716a80a7836d frame_off=0x7836d vm_ip=0x716a80d15bbf vm_ip_off=0x315bbf vm_flags=0x6e5d9892 vm_state=0x4000d60c vm_byte=0x3a target=0x716a80a9af18 target_off=0x9af18
[DISPATCH] site=0xcdac7 count=1459 slot=0x716a80ac40c8 slot_off=0xc40c8 idx=0x9b0 frame=0x716a80a7836d frame_off=0x7836d vm_ip=0x716a80d10ca5 vm_ip_off=0x310ca5 vm_flags=0x148226cc vm_state=0xffaffb65 vm_byte=0x3a target=0x716a80ab8556 target_off=0xb8556
[DISPATCH] site=0xcdac7 count=1460 slot=0x716a80ac40c8 slot_off=0xc40c8 idx=0x9b0 frame=0x716a80a7836d frame_off=0x7836d vm_ip=0x716a80d10ef0 vm_ip_off=0x310ef0 vm_flags=0x14100010 vm_state=0x3f0612b2 vm_byte=0x3a target=0x716a80ab8556 target_off=0xb8556
[DISPATCH] site=0xcdac7 count=1461 slot=0x716a80ac3c60 slot_off=0xc3c60 idx=0x548 frame=0x716a80a7836d frame_off=0x7836d vm_ip=0x716a80d11163 vm_ip_off=0x311163 vm_flags=0xc83095f0 vm_state=0x400110fe vm_byte=0x3a target=0x716a80a9af18 target_off=0x9af18
[DISPATCH] site=0xcdac7 count=1462 slot=0x716a80ac3c60 slot_off=0xc3c60 idx=0x548 frame=0x716a80a7836d frame_off=0x7836d vm_ip=0x716a80d113a5 vm_ip_off=0x3113a5 vm_flags=0x7adeff2e vm_state=0x78de0800 vm_byte=0x3a target=0x716a80a9af18 target_off=0x9af18
[DISPATCH] site=0xcdac7 count=1463 slot=0x716a80ac40c8 slot_off=0xc40c8 idx=0x9b0 frame=0x716a80a7836d frame_off=0x7836d vm_ip=0x716a80d115e7 vm_ip_off=0x3115e7 vm_flags=0x2948 vm_state=0x2948 vm_byte=0x3a target=0x716a80ab8556 target_off=0xb8556
[DISPATCH] site=0xcdac7 count=1464 slot=0x716a80ac3c60 slot_off=0xc3c60 idx=0x548 frame=0x716a80a7836d frame_off=0x7836d vm_ip=0x716a80d11829 vm_ip_off=0x311829 vm_flags=0x3acddfde vm_state=0x585c5c02 vm_byte=0x3a target=0x716a80a9af18 target_off=0x9af18
[DISPATCH] site=0xcdac7 count=1465 slot=0x716a80ac3c60 slot_off=0xc3c60 idx=0x548 frame=0x716a80a7836d frame_off=0x7836d vm_ip=0x716a80d11a6b vm_ip_off=0x311a6b vm_flags=0xef1b287 vm_state=0x69145f5a vm_byte=0x3a target=0x716a80a9af18 target_off=0x9af18
[DISPATCH] site=0xcdac7 count=1466 slot=0x716a80ac40c8 slot_off=0xc40c8 idx=0x9b0 frame=0x716a80a7836d frame_off=0x7836d vm_ip=0x716a80d11cad vm_ip_off=0x311cad vm_flags=0x524c03c5 vm_state=0x7df7dfda vm_byte=0x3a target=0x716a80ab8556 target_off=0xb8556
[DISPATCH] site=0xcdac7 count=1467 slot=0x716a80ac40c8 slot_off=0xc40c8 idx=0x9b0 frame=0x716a80a7836d frame_off=0x7836d vm_ip=0x716a80d11f69 vm_ip_off=0x311f69 vm_flags=0x8e78f1da vm_state=0xeb377ffe vm_byte=0x3a target=0x716a80ab8556 target_off=0xb8556
[DISPATCH] site=0xcdac7 count=1468 slot=0x716a80ac40c8 slot_off=0xc40c8 idx=0x9b0 frame=0x716a80a7836d frame_off=0x7836d vm_ip=0x716a80d1223a vm_ip_off=0x31223a vm_flags=0x8e4e0de5 vm_state=0x7bd7fefb vm_byte=0x3a target=0x716a80ab8556 target_off=0xb8556
[DISPATCH] site=0xcdac7 count=1469 slot=0x716a80ac3c60 slot_off=0xc3c60 idx=0x548 frame=0x716a80a7836d frame_off=0x7836d vm_ip=0x716a80d12464 vm_ip_off=0x312464 vm_flags=0x347541db vm_state=0x69945ffa vm_byte=0x3a target=0x716a80a9af18 target_off=0x9af18
[DISPATCH] site=0xcdac7 count=1470 slot=0x716a80ac40c8 slot_off=0xc40c8 idx=0x9b0 frame=0x716a80a7836d frame_off=0x7836d vm_ip=0x716a80d1268e vm_ip_off=0x31268e vm_flags=0x5675bb90 vm_state=0xffc76ef9 vm_byte=0x3a target=0x716a80ab8556 target_off=0xb8556
[DISPATCH] site=0xcdac7 count=1471 slot=0x716a80ac3c60 slot_off=0xc3c60 idx=0x548 frame=0x716a80a7836d frame_off=0x7836d vm_ip=0x716a80d12868 vm_ip_off=0x312868 vm_flags=0x221c12 vm_state=0x3f06a742 vm_byte=0x3a target=0x716a80a9af18 target_off=0x9af18
[DISPATCH] site=0xcdac7 count=1472 slot=0x716a80ac3c60 slot_off=0xc3c60 idx=0x548 frame=0x716a80a7836d frame_off=0x7836d vm_ip=0x716a80d12aee vm_ip_off=0x312aee vm_flags=0x8e3c0ca2 vm_state=0x6f95fefa vm_byte=0x3a target=0x716a80a9af18 target_off=0x9af18
[DISPATCH] site=0xcdac7 count=1473 slot=0x716a80ac3c60 slot_off=0xc3c60 idx=0x548 frame=0x716a80a7836d frame_off=0x7836d vm_ip=0x716a80d12cd0 vm_ip_off=0x312cd0 vm_flags=0xfbf79ddb vm_state=0xf9f3eb74 vm_byte=0x3a target=0x716a80a9af18 target_off=0x9af18
[DISPATCH] site=0xcdac7 count=1474 slot=0x716a80ac40c8 slot_off=0xc40c8 idx=0x9b0 frame=0x716a80a7836d frame_off=0x7836d vm_ip=0x716a80d12f26 vm_ip_off=0x312f26 vm_flags=0x4b8eb2de vm_state=0x7b1c5e5e vm_byte=0x3a target=0x716a80ab8556 target_off=0xb8556
[DISPATCH] site=0xcdac7 count=1475 slot=0x716a80ac40c8 slot_off=0xc40c8 idx=0x9b0 frame=0x716a80a7836d frame_off=0x7836d vm_ip=0x716a80d13169 vm_ip_off=0x313169 vm_flags=0x7afe7fef vm_state=0x727e02a8 vm_byte=0x3a target=0x716a80ab8556 target_off=0xb8556
[DISPATCH] site=0xcdac7 count=1476 slot=0x716a80ac3c60 slot_off=0xc3c60 idx=0x548 frame=0x716a80a7836d frame_off=0x7836d vm_ip=0x716a80d1334b vm_ip_off=0x31334b vm_flags=0xce4d8465 vm_state=0x7f3e7f7b vm_byte=0x3a target=0x716a80a9af18 target_off=0x9af18
[DISPATCH] site=0xcdac7 count=1477 slot=0x716a80ac3c60 slot_off=0xc3c60 idx=0x548 frame=0x716a80a7836d frame_off=0x7836d vm_ip=0x716a80d135b9 vm_ip_off=0x3135b9 vm_flags=0xc917a90d vm_state=0xc917a90d vm_byte=0x3a target=0x716a80a9af18 target_off=0x9af18
[DISPATCH] site=0xcdac7 count=1478 slot=0x716a80ac40c8 slot_off=0xc40c8 idx=0x9b0 frame=0x716a80a7836d frame_off=0x7836d vm_ip=0x716a80d137fc vm_ip_off=0x3137fc vm_flags=0x8df97560 vm_state=0x694cb90f vm_byte=0x3a target=0x716a80ab8556 target_off=0xb8556
[DISPATCH] site=0xcdac7 count=1479 slot=0x716a80ac40c8 slot_off=0xc40c8 idx=0x9b0 frame=0x716a80a7836d frame_off=0x7836d vm_ip=0x716a80d139de vm_ip_off=0x3139de vm_flags=0x4a612e32 vm_state=0x5f8f8af3 vm_byte=0x3a target=0x716a80ab8556 target_off=0xb8556
[DISPATCH] site=0xcdac7 count=1480 slot=0x716a80ac3c60 slot_off=0xc3c60 idx=0x548 frame=0x716a80a7836d frame_off=0x7836d vm_ip=0x716a80d13c4c vm_ip_off=0x313c4c vm_flags=0x8f70318b vm_state=0xfbfb8b3c vm_byte=0x3a target=0x716a80a9af18 target_off=0x9af18
[DISPATCH] site=0xcdac7 count=1481 slot=0x716a80ac3c60 slot_off=0xc3c60 idx=0x548 frame=0x716a80a7836d frame_off=0x7836d vm_ip=0x716a80d13e8f vm_ip_off=0x313e8f vm_flags=0xfed1df96 vm_state=0x58a4dcd6 vm_byte=0x3a target=0x716a80a9af18 target_off=0x9af18
[DISPATCH] site=0xcdac7 count=1482 slot=0x716a80ac3c60 slot_off=0xc3c60 idx=0x548 frame=0x716a80a7836d frame_off=0x7836d vm_ip=0x716a80d14071 vm_ip_off=0x314071 vm_flags=0x4ac60206 vm_state=0x5ee7d2fb vm_byte=0x3a target=0x716a80a9af18 target_off=0x9af18
[DISPATCH] site=0xcdac7 count=1483 slot=0x716a80ac40c8 slot_off=0xc40c8 idx=0x9b0 frame=0x716a80a7836d frame_off=0x7836d vm_ip=0x716a80d142df vm_ip_off=0x3142df vm_flags=0x861eb185 vm_state=0xdf95e7f4 vm_byte=0x3a target=0x716a80ab8556 target_off=0xb8556
[DISPATCH] site=0xcdac7 count=1484 slot=0x716a80ac40c8 slot_off=0xc40c8 idx=0x9b0 frame=0x716a80a7836d frame_off=0x7836d vm_ip=0x716a80d14522 vm_ip_off=0x314522 vm_flags=0x34a042ea vm_state=0x3ce04eeb vm_byte=0x3a target=0x716a80ab8556 target_off=0xb8556
[DISPATCH] site=0xcdac7 count=1485 slot=0x716a80ac40c8 slot_off=0xc40c8 idx=0x9b0 frame=0x716a80a7836d frame_off=0x7836d vm_ip=0x716a80d14704 vm_ip_off=0x314704 vm_flags=0xfcdeff37 vm_state=0xfcd60600 vm_byte=0x3a target=0x716a80ab8556 target_off=0xb8556
[DISPATCH] site=0xcdac7 count=1486 slot=0x716a80ac3c60 slot_off=0xc3c60 idx=0x548 frame=0x716a80a7836d frame_off=0x7836d vm_ip=0x716a80d14972 vm_ip_off=0x314972 vm_flags=0xf8eeff37 vm_state=0xf8e60910 vm_byte=0x3a target=0x716a80a9af18 target_off=0x9af18
[DISPATCH] site=0xcdac7 count=1487 slot=0x716a80ac40c8 slot_off=0xc40c8 idx=0x9b0 frame=0x716a80a7836d frame_off=0x7836d vm_ip=0x716a80d14bb5 vm_ip_off=0x314bb5 vm_flags=0x62662dfb vm_state=0xbffcca14 vm_byte=0x3a target=0x716a80ab8556 target_off=0xb8556
[DISPATCH] site=0xcdac7 count=1488 slot=0x716a80ac3c60 slot_off=0xc3c60 idx=0x548 frame=0x716a80a7836d frame_off=0x7836d vm_ip=0x716a80d14d97 vm_ip_off=0x314d97 vm_flags=0xfadf7f2d vm_state=0xf21b0800 vm_byte=0x3a target=0x716a80a9af18 target_off=0x9af18
[DISPATCH] site=0xcdac7 count=1489 slot=0x716a80ac40c8 slot_off=0xc40c8 idx=0x9b0 frame=0x716a80a7836d frame_off=0x7836d vm_ip=0x716a80d15005 vm_ip_off=0x315005 vm_flags=0xe34473c6 vm_state=0xe74477c6 vm_byte=0x3a target=0x716a80ab8556 target_off=0xb8556
[DISPATCH] site=0xcdac7 count=1490 slot=0x716a80ac40c8 slot_off=0xc40c8 idx=0x9b0 frame=0x716a80a7836d frame_off=0x7836d vm_ip=0x716a80d1522f vm_ip_off=0x31522f vm_flags=0x69b0303a vm_state=0x69145e5a vm_byte=0x3a target=0x716a80ab8556 target_off=0xb8556
[DISPATCH] site=0xcdac7 count=1491 slot=0x716a80ac3c60 slot_off=0xc3c60 idx=0x548 frame=0x716a80a7836d frame_off=0x7836d vm_ip=0x716a80d15486 vm_ip_off=0x315486 vm_flags=0x841ab3c5 vm_state=0x841ab3c5 vm_byte=0x3a target=0x716a80a9af18 target_off=0x9af18
[DISPATCH] site=0xcdac7 count=1492 slot=0x716a80ac3c60 slot_off=0xc3c60 idx=0x548 frame=0x716a80a7836d frame_off=0x7836d vm_ip=0x716a80d156ca vm_ip_off=0x3156ca vm_flags=0xf613f930 vm_state=0x3ffce85e vm_byte=0x3a target=0x716a80a9af18 target_off=0x9af18
[DISPATCH] site=0xcdac7 count=1493 slot=0x716a80ac3c60 slot_off=0xc3c60 idx=0x548 frame=0x716a80a7836d frame_off=0x7836d vm_ip=0x716a80d15969 vm_ip_off=0x315969 vm_flags=0x2ab32381 vm_state=0x2af72783 vm_byte=0x3a target=0x716a80a9af18 target_off=0x9af18
[DISPATCH] site=0xcdac7 count=1494 slot=0x716a80ac3c60 slot_off=0xc3c60 idx=0x548 frame=0x716a80a7836d frame_off=0x7836d vm_ip=0x716a80d15bbf vm_ip_off=0x315bbf vm_flags=0x6e5d9892 vm_state=0x4000d60c vm_byte=0x3a target=0x716a80a9af18 target_off=0x9af18
[DISPATCH] site=0xcdac7 count=1495 slot=0x716a80ac40c8 slot_off=0xc40c8 idx=0x9b0 frame=0x716a80a7836d frame_off=0x7836d vm_ip=0x716a80d10ca5 vm_ip_off=0x310ca5 vm_flags=0x148226cc vm_state=0xffaffb65 vm_byte=0x3a target=0x716a80ab8556 target_off=0xb8556
[DISPATCH] site=0xcdac7 count=1496 slot=0x716a80ac40c8 slot_off=0xc40c8 idx=0x9b0 frame=0x716a80a7836d frame_off=0x7836d vm_ip=0x716a80d10ef0 vm_ip_off=0x310ef0 vm_flags=0x14100010 vm_state=0x3f0612b2 vm_byte=0x3a target=0x716a80ab8556 target_off=0xb8556
[DISPATCH] site=0xcdac7 count=1497 slot=0x716a80ac3c60 slot_off=0xc3c60 idx=0x548 frame=0x716a80a7836d frame_off=0x7836d vm_ip=0x716a80d11163 vm_ip_off=0x311163 vm_flags=0xc83095f0 vm_state=0x400110fe vm_byte=0x3a target=0x716a80a9af18 target_off=0x9af18
[DISPATCH] site=0xcdac7 count=1498 slot=0x716a80ac3c60 slot_off=0xc3c60 idx=0x548 frame=0x716a80a7836d frame_off=0x7836d vm_ip=0x716a80d113a5 vm_ip_off=0x3113a5 vm_flags=0x7adeff2e vm_state=0x78de0800 vm_byte=0x3a target=0x716a80a9af18 target_off=0x9af18
[DISPATCH] site=0xcdac7 count=1499 slot=0x716a80ac40c8 slot_off=0xc40c8 idx=0x9b0 frame=0x716a80a7836d frame_off=0x7836d vm_ip=0x716a80d115e7 vm_ip_off=0x3115e7 vm_flags=0x2948 vm_state=0x2948 vm_byte=0x3a target=0x716a80ab8556 target_off=0xb8556
[DISPATCH] site=0xcdac7 count=1500 slot=0x716a80ac3c60 slot_off=0xc3c60 idx=0x548 frame=0x716a80a7836d frame_off=0x7836d vm_ip=0x716a80d11829 vm_ip_off=0x311829 vm_flags=0x3acddfde vm_state=0x585c5c02 vm_byte=0x3a target=0x716a80a9af18 target_off=0x9af18
[DISPATCH] site=0xcdac7 count=1501 slot=0x716a80ac3c60 slot_off=0xc3c60 idx=0x548 frame=0x716a80a7836d frame_off=0x7836d vm_ip=0x716a80d11a6b vm_ip_off=0x311a6b vm_flags=0xef1b287 vm_state=0x69145f5a vm_byte=0x3a target=0x716a80a9af18 target_off=0x9af18
[DISPATCH] site=0xcdac7 count=1502 slot=0x716a80ac40c8 slot_off=0xc40c8 idx=0x9b0 frame=0x716a80a7836d frame_off=0x7836d vm_ip=0x716a80d11cad vm_ip_off=0x311cad vm_flags=0x524c03c5 vm_state=0x7df7dfda vm_byte=0x3a target=0x716a80ab8556 target_off=0xb8556
[DISPATCH] site=0xcdac7 count=1503 slot=0x716a80ac40c8 slot_off=0xc40c8 idx=0x9b0 frame=0x716a80a7836d frame_off=0x7836d vm_ip=0x716a80d11f69 vm_ip_off=0x311f69 vm_flags=0x8e78f1da vm_state=0xeb377ffe vm_byte=0x3a target=0x716a80ab8556 target_off=0xb8556
[DISPATCH] site=0xcdac7 count=1504 slot=0x716a80ac40c8 slot_off=0xc40c8 idx=0x9b0 frame=0x716a80a7836d frame_off=0x7836d vm_ip=0x716a80d1223a vm_ip_off=0x31223a vm_flags=0x8e4e0de5 vm_state=0x7bd7fefb vm_byte=0x3a target=0x716a80ab8556 target_off=0xb8556
[DISPATCH] site=0xcdac7 count=1505 slot=0x716a80ac3c60 slot_off=0xc3c60 idx=0x548 frame=0x716a80a7836d frame_off=0x7836d vm_ip=0x716a80d12464 vm_ip_off=0x312464 vm_flags=0x347541db vm_state=0x69945ffa vm_byte=0x3a target=0x716a80a9af18 target_off=0x9af18
[DISPATCH] site=0xcdac7 count=1506 slot=0x716a80ac40c8 slot_off=0xc40c8 idx=0x9b0 frame=0x716a80a7836d frame_off=0x7836d vm_ip=0x716a80d1268e vm_ip_off=0x31268e vm_flags=0x5675bb90 vm_state=0xffc76ef9 vm_byte=0x3a target=0x716a80ab8556 target_off=0xb8556
[DISPATCH] site=0xcdac7 count=1507 slot=0x716a80ac3c60 slot_off=0xc3c60 idx=0x548 frame=0x716a80a7836d frame_off=0x7836d vm_ip=0x716a80d12868 vm_ip_off=0x312868 vm_flags=0x221c12 vm_state=0x3f06a742 vm_byte=0x3a target=0x716a80a9af18 target_off=0x9af18
[DISPATCH] site=0xcdac7 count=1508 slot=0x716a80ac3c60 slot_off=0xc3c60 idx=0x548 frame=0x716a80a7836d frame_off=0x7836d vm_ip=0x716a80d12aee vm_ip_off=0x312aee vm_flags=0x8e3c0ca2 vm_state=0x6f95fefa vm_byte=0x3a target=0x716a80a9af18 target_off=0x9af18
[DISPATCH] site=0xcdac7 count=1509 slot=0x716a80ac3c60 slot_off=0xc3c60 idx=0x548 frame=0x716a80a7836d frame_off=0x7836d vm_ip=0x716a80d12cd0 vm_ip_off=0x312cd0 vm_flags=0xfbf79ddb vm_state=0xf9f3eb74 vm_byte=0x3a target=0x716a80a9af18 target_off=0x9af18
[DISPATCH] site=0xcdac7 count=1510 slot=0x716a80ac40c8 slot_off=0xc40c8 idx=0x9b0 frame=0x716a80a7836d frame_off=0x7836d vm_ip=0x716a80d12f26 vm_ip_off=0x312f26 vm_flags=0x4b8eb2de vm_state=0x7b1c5e5e vm_byte=0x3a target=0x716a80ab8556 target_off=0xb8556
[DISPATCH] site=0xcdac7 count=1511 slot=0x716a80ac40c8 slot_off=0xc40c8 idx=0x9b0 frame=0x716a80a7836d frame_off=0x7836d vm_ip=0x716a80d13169 vm_ip_off=0x313169 vm_flags=0x7afe7fef vm_state=0x727e02a8 vm_byte=0x3a target=0x716a80ab8556 target_off=0xb8556
[DISPATCH] site=0xcdac7 count=1512 slot=0x716a80ac3c60 slot_off=0xc3c60 idx=0x548 frame=0x716a80a7836d frame_off=0x7836d vm_ip=0x716a80d1334b vm_ip_off=0x31334b vm_flags=0xce4d8465 vm_state=0x7f3e7f7b vm_byte=0x3a target=0x716a80a9af18 target_off=0x9af18
[DISPATCH] site=0xcdac7 count=1513 slot=0x716a80ac3c60 slot_off=0xc3c60 idx=0x548 frame=0x716a80a7836d frame_off=0x7836d vm_ip=0x716a80d135b9 vm_ip_off=0x3135b9 vm_flags=0xc917a90d vm_state=0xc917a90d vm_byte=0x3a target=0x716a80a9af18 target_off=0x9af18
[DISPATCH] site=0xcdac7 count=1514 slot=0x716a80ac40c8 slot_off=0xc40c8 idx=0x9b0 frame=0x716a80a7836d frame_off=0x7836d vm_ip=0x716a80d137fc vm_ip_off=0x3137fc vm_flags=0x8df97560 vm_state=0x694cb90f vm_byte=0x3a target=0x716a80ab8556 target_off=0xb8556
[DISPATCH] site=0xcdac7 count=1515 slot=0x716a80ac40c8 slot_off=0xc40c8 idx=0x9b0 frame=0x716a80a7836d frame_off=0x7836d vm_ip=0x716a80d139de vm_ip_off=0x3139de vm_flags=0x4a612e32 vm_state=0x5f8f8af3 vm_byte=0x3a target=0x716a80ab8556 target_off=0xb8556
[DISPATCH] site=0xcdac7 count=1516 slot=0x716a80ac3c60 slot_off=0xc3c60 idx=0x548 frame=0x716a80a7836d frame_off=0x7836d vm_ip=0x716a80d13c4c vm_ip_off=0x313c4c vm_flags=0x8f70318b vm_state=0xfbfb8b3c vm_byte=0x3a target=0x716a80a9af18 target_off=0x9af18
[DISPATCH] site=0xcdac7 count=1517 slot=0x716a80ac3c60 slot_off=0xc3c60 idx=0x548 frame=0x716a80a7836d frame_off=0x7836d vm_ip=0x716a80d13e8f vm_ip_off=0x313e8f vm_flags=0xfed1df96 vm_state=0x58a4dcd6 vm_byte=0x3a target=0x716a80a9af18 target_off=0x9af18
[DISPATCH] site=0xcdac7 count=1518 slot=0x716a80ac3c60 slot_off=0xc3c60 idx=0x548 frame=0x716a80a7836d frame_off=0x7836d vm_ip=0x716a80d14071 vm_ip_off=0x314071 vm_flags=0x4ac60206 vm_state=0x5ee7d2fb vm_byte=0x3a target=0x716a80a9af18 target_off=0x9af18
[DISPATCH] site=0xcdac7 count=1519 slot=0x716a80ac40c8 slot_off=0xc40c8 idx=0x9b0 frame=0x716a80a7836d frame_off=0x7836d vm_ip=0x716a80d142df vm_ip_off=0x3142df vm_flags=0x861eb185 vm_state=0xdf95e7f4 vm_byte=0x3a target=0x716a80ab8556 target_off=0xb8556
[DISPATCH] site=0xcdac7 count=1520 slot=0x716a80ac40c8 slot_off=0xc40c8 idx=0x9b0 frame=0x716a80a7836d frame_off=0x7836d vm_ip=0x716a80d14522 vm_ip_off=0x314522 vm_flags=0x34a042ea vm_state=0x3ce04eeb vm_byte=0x3a target=0x716a80ab8556 target_off=0xb8556
[DISPATCH] site=0xcdac7 count=1521 slot=0x716a80ac40c8 slot_off=0xc40c8 idx=0x9b0 frame=0x716a80a7836d frame_off=0x7836d vm_ip=0x716a80d14704 vm_ip_off=0x314704 vm_flags=0xfcdeff37 vm_state=0xfcd60600 vm_byte=0x3a target=0x716a80ab8556 target_off=0xb8556
[DISPATCH] site=0xcdac7 count=1522 slot=0x716a80ac3c60 slot_off=0xc3c60 idx=0x548 frame=0x716a80a7836d frame_off=0x7836d vm_ip=0x716a80d14972 vm_ip_off=0x314972 vm_flags=0xf8eeff37 vm_state=0xf8e60910 vm_byte=0x3a target=0x716a80a9af18 target_off=0x9af18
[DISPATCH] site=0xcdac7 count=1523 slot=0x716a80ac40c8 slot_off=0xc40c8 idx=0x9b0 frame=0x716a80a7836d frame_off=0x7836d vm_ip=0x716a80d14bb5 vm_ip_off=0x314bb5 vm_flags=0x62662dfb vm_state=0xbffcca14 vm_byte=0x3a target=0x716a80ab8556 target_off=0xb8556
[DISPATCH] site=0xcdac7 count=1524 slot=0x716a80ac3c60 slot_off=0xc3c60 idx=0x548 frame=0x716a80a7836d frame_off=0x7836d vm_ip=0x716a80d14d97 vm_ip_off=0x314d97 vm_flags=0xfadf7f2d vm_state=0xf21b0800 vm_byte=0x3a target=0x716a80a9af18 target_off=0x9af18
[DISPATCH] site=0xcdac7 count=1525 slot=0x716a80ac40c8 slot_off=0xc40c8 idx=0x9b0 frame=0x716a80a7836d frame_off=0x7836d vm_ip=0x716a80d15005 vm_ip_off=0x315005 vm_flags=0xe34473c6 vm_state=0xe74477c6 vm_byte=0x3a target=0x716a80ab8556 target_off=0xb8556
[DISPATCH] site=0xcdac7 count=1526 slot=0x716a80ac40c8 slot_off=0xc40c8 idx=0x9b0 frame=0x716a80a7836d frame_off=0x7836d vm_ip=0x716a80d1522f vm_ip_off=0x31522f vm_flags=0x69b0303a vm_state=0x69145e5a vm_byte=0x3a target=0x716a80ab8556 target_off=0xb8556
[DISPATCH] site=0xcdac7 count=1527 slot=0x716a80ac3c60 slot_off=0xc3c60 idx=0x548 frame=0x716a80a7836d frame_off=0x7836d vm_ip=0x716a80d15486 vm_ip_off=0x315486 vm_flags=0x841ab3c5 vm_state=0x841ab3c5 vm_byte=0x3a target=0x716a80a9af18 target_off=0x9af18
[DISPATCH] site=0xcdac7 count=1528 slot=0x716a80ac3c60 slot_off=0xc3c60 idx=0x548 frame=0x716a80a7836d frame_off=0x7836d vm_ip=0x716a80d156ca vm_ip_off=0x3156ca vm_flags=0xf613f930 vm_state=0x3ffce85e vm_byte=0x3a target=0x716a80a9af18 target_off=0x9af18
[DISPATCH] site=0xcdac7 count=1529 slot=0x716a80ac3c60 slot_off=0xc3c60 idx=0x548 frame=0x716a80a7836d frame_off=0x7836d vm_ip=0x716a80d15969 vm_ip_off=0x315969 vm_flags=0x2ab32381 vm_state=0x2af72783 vm_byte=0x3a target=0x716a80a9af18 target_off=0x9af18
[DISPATCH] site=0xcdac7 count=1530 slot=0x716a80ac3c60 slot_off=0xc3c60 idx=0x548 frame=0x716a80a7836d frame_off=0x7836d vm_ip=0x716a80d15bbf vm_ip_off=0x315bbf vm_flags=0x6e5d9892 vm_state=0x4000d60c vm_byte=0x3a target=0x716a80a9af18 target_off=0x9af18
[DISPATCH] site=0xcdac7 count=1531 slot=0x716a80ac40c8 slot_off=0xc40c8 idx=0x9b0 frame=0x716a80a7836d frame_off=0x7836d vm_ip=0x716a80d10ca5 vm_ip_off=0x310ca5 vm_flags=0x148226cc vm_state=0xffaffb65 vm_byte=0x3a target=0x716a80ab8556 target_off=0xb8556
[DISPATCH] site=0xcdac7 count=1532 slot=0x716a80ac40c8 slot_off=0xc40c8 idx=0x9b0 frame=0x716a80a7836d frame_off=0x7836d vm_ip=0x716a80d10ef0 vm_ip_off=0x310ef0 vm_flags=0x14100010 vm_state=0x3f0612b2 vm_byte=0x3a target=0x716a80ab8556 target_off=0xb8556
[DISPATCH] site=0xcdac7 count=1533 slot=0x716a80ac3c60 slot_off=0xc3c60 idx=0x548 frame=0x716a80a7836d frame_off=0x7836d vm_ip=0x716a80d11163 vm_ip_off=0x311163 vm_flags=0xc83095f0 vm_state=0x400110fe vm_byte=0x3a target=0x716a80a9af18 target_off=0x9af18
[DISPATCH] site=0xcdac7 count=1534 slot=0x716a80ac3c60 slot_off=0xc3c60 idx=0x548 frame=0x716a80a7836d frame_off=0x7836d vm_ip=0x716a80d113a5 vm_ip_off=0x3113a5 vm_flags=0x7adeff2e vm_state=0x78de0800 vm_byte=0x3a target=0x716a80a9af18 target_off=0x9af18
[DISPATCH] site=0xcdac7 count=1535 slot=0x716a80ac40c8 slot_off=0xc40c8 idx=0x9b0 frame=0x716a80a7836d frame_off=0x7836d vm_ip=0x716a80d115e7 vm_ip_off=0x3115e7 vm_flags=0x2948 vm_state=0x2948 vm_byte=0x3a target=0x716a80ab8556 target_off=0xb8556
[DISPATCH] site=0xcdac7 count=1536 slot=0x716a80ac3c60 slot_off=0xc3c60 idx=0x548 frame=0x716a80a7836d frame_off=0x7836d vm_ip=0x716a80d11829 vm_ip_off=0x311829 vm_flags=0x3acddfde vm_state=0x585c5c02 vm_byte=0x3a target=0x716a80a9af18 target_off=0x9af18
[DISPATCH] site=0xcdac7 count=1537 slot=0x716a80ac3c60 slot_off=0xc3c60 idx=0x548 frame=0x716a80a7836d frame_off=0x7836d vm_ip=0x716a80d11a6b vm_ip_off=0x311a6b vm_flags=0xef1b287 vm_state=0x69145f5a vm_byte=0x3a target=0x716a80a9af18 target_off=0x9af18
[DISPATCH] site=0xcdac7 count=1538 slot=0x716a80ac40c8 slot_off=0xc40c8 idx=0x9b0 frame=0x716a80a7836d frame_off=0x7836d vm_ip=0x716a80d11cad vm_ip_off=0x311cad vm_flags=0x524c03c5 vm_state=0x7df7dfda vm_byte=0x3a target=0x716a80ab8556 target_off=0xb8556
[DISPATCH] site=0xcdac7 count=1539 slot=0x716a80ac40c8 slot_off=0xc40c8 idx=0x9b0 frame=0x716a80a7836d frame_off=0x7836d vm_ip=0x716a80d11f69 vm_ip_off=0x311f69 vm_flags=0x8e78f1da vm_state=0xeb377ffe vm_byte=0x3a target=0x716a80ab8556 target_off=0xb8556
[DISPATCH] site=0xcdac7 count=1540 slot=0x716a80ac40c8 slot_off=0xc40c8 idx=0x9b0 frame=0x716a80a7836d frame_off=0x7836d vm_ip=0x716a80d1223a vm_ip_off=0x31223a vm_flags=0x8e4e0de5 vm_state=0x7bd7fefb vm_byte=0x3a target=0x716a80ab8556 target_off=0xb8556
[DISPATCH] site=0xcdac7 count=1541 slot=0x716a80ac3c60 slot_off=0xc3c60 idx=0x548 frame=0x716a80a7836d frame_off=0x7836d vm_ip=0x716a80d12464 vm_ip_off=0x312464 vm_flags=0x347541db vm_state=0x69945ffa vm_byte=0x3a target=0x716a80a9af18 target_off=0x9af18
[DISPATCH] site=0xcdac7 count=1542 slot=0x716a80ac40c8 slot_off=0xc40c8 idx=0x9b0 frame=0x716a80a7836d frame_off=0x7836d vm_ip=0x716a80d1268e vm_ip_off=0x31268e vm_flags=0x5675bb90 vm_state=0xffc76ef9 vm_byte=0x3a target=0x716a80ab8556 target_off=0xb8556
[DISPATCH] site=0xcdac7 count=1543 slot=0x716a80ac3c60 slot_off=0xc3c60 idx=0x548 frame=0x716a80a7836d frame_off=0x7836d vm_ip=0x716a80d12868 vm_ip_off=0x312868 vm_flags=0x221c12 vm_state=0x3f06a742 vm_byte=0x3a target=0x716a80a9af18 target_off=0x9af18
[DISPATCH] site=0xcdac7 count=1544 slot=0x716a80ac3c60 slot_off=0xc3c60 idx=0x548 frame=0x716a80a7836d frame_off=0x7836d vm_ip=0x716a80d12aee vm_ip_off=0x312aee vm_flags=0x8e3c0ca2 vm_state=0x6f95fefa vm_byte=0x3a target=0x716a80a9af18 target_off=0x9af18
[DISPATCH] site=0xcdac7 count=1545 slot=0x716a80ac3c60 slot_off=0xc3c60 idx=0x548 frame=0x716a80a7836d frame_off=0x7836d vm_ip=0x716a80d12cd0 vm_ip_off=0x312cd0 vm_flags=0xfbf79ddb vm_state=0xf9f3eb74 vm_byte=0x3a target=0x716a80a9af18 target_off=0x9af18
[DISPATCH] site=0xcdac7 count=1546 slot=0x716a80ac40c8 slot_off=0xc40c8 idx=0x9b0 frame=0x716a80a7836d frame_off=0x7836d vm_ip=0x716a80d12f26 vm_ip_off=0x312f26 vm_flags=0x4b8eb2de vm_state=0x7b1c5e5e vm_byte=0x3a target=0x716a80ab8556 target_off=0xb8556
[DISPATCH] site=0xcdac7 count=1547 slot=0x716a80ac40c8 slot_off=0xc40c8 idx=0x9b0 frame=0x716a80a7836d frame_off=0x7836d vm_ip=0x716a80d13169 vm_ip_off=0x313169 vm_flags=0x7afe7fef vm_state=0x727e02a8 vm_byte=0x3a target=0x716a80ab8556 target_off=0xb8556
[DISPATCH] site=0xcdac7 count=1548 slot=0x716a80ac3c60 slot_off=0xc3c60 idx=0x548 frame=0x716a80a7836d frame_off=0x7836d vm_ip=0x716a80d1334b vm_ip_off=0x31334b vm_flags=0xce4d8465 vm_state=0x7f3e7f7b vm_byte=0x3a target=0x716a80a9af18 target_off=0x9af18
[DISPATCH] site=0xcdac7 count=1549 slot=0x716a80ac3c60 slot_off=0xc3c60 idx=0x548 frame=0x716a80a7836d frame_off=0x7836d vm_ip=0x716a80d135b9 vm_ip_off=0x3135b9 vm_flags=0xc917a90d vm_state=0xc917a90d vm_byte=0x3a target=0x716a80a9af18 target_off=0x9af18
[DISPATCH] site=0xcdac7 count=1550 slot=0x716a80ac40c8 slot_off=0xc40c8 idx=0x9b0 frame=0x716a80a7836d frame_off=0x7836d vm_ip=0x716a80d137fc vm_ip_off=0x3137fc vm_flags=0x8df97560 vm_state=0x694cb90f vm_byte=0x3a target=0x716a80ab8556 target_off=0xb8556
[DISPATCH] site=0xcdac7 count=1551 slot=0x716a80ac40c8 slot_off=0xc40c8 idx=0x9b0 frame=0x716a80a7836d frame_off=0x7836d vm_ip=0x716a80d139de vm_ip_off=0x3139de vm_flags=0x4a612e32 vm_state=0x5f8f8af3 vm_byte=0x3a target=0x716a80ab8556 target_off=0xb8556
[DISPATCH] site=0xcdac7 count=1552 slot=0x716a80ac3c60 slot_off=0xc3c60 idx=0x548 frame=0x716a80a7836d frame_off=0x7836d vm_ip=0x716a80d13c4c vm_ip_off=0x313c4c vm_flags=0x8f70318b vm_state=0xfbfb8b3c vm_byte=0x3a target=0x716a80a9af18 target_off=0x9af18
[DISPATCH] site=0xcdac7 count=1553 slot=0x716a80ac3c60 slot_off=0xc3c60 idx=0x548 frame=0x716a80a7836d frame_off=0x7836d vm_ip=0x716a80d13e8f vm_ip_off=0x313e8f vm_flags=0xfed1df96 vm_state=0x58a4dcd6 vm_byte=0x3a target=0x716a80a9af18 target_off=0x9af18
[DISPATCH] site=0xcdac7 count=1554 slot=0x716a80ac3c60 slot_off=0xc3c60 idx=0x548 frame=0x716a80a7836d frame_off=0x7836d vm_ip=0x716a80d14071 vm_ip_off=0x314071 vm_flags=0x4ac60206 vm_state=0x5ee7d2fb vm_byte=0x3a target=0x716a80a9af18 target_off=0x9af18
[DISPATCH] site=0xcdac7 count=1555 slot=0x716a80ac40c8 slot_off=0xc40c8 idx=0x9b0 frame=0x716a80a7836d frame_off=0x7836d vm_ip=0x716a80d142df vm_ip_off=0x3142df vm_flags=0x861eb185 vm_state=0xdf95e7f4 vm_byte=0x3a target=0x716a80ab8556 target_off=0xb8556
[DISPATCH] site=0xcdac7 count=1556 slot=0x716a80ac40c8 slot_off=0xc40c8 idx=0x9b0 frame=0x716a80a7836d frame_off=0x7836d vm_ip=0x716a80d14522 vm_ip_off=0x314522 vm_flags=0x34a042ea vm_state=0x3ce04eeb vm_byte=0x3a target=0x716a80ab8556 target_off=0xb8556
[DISPATCH] site=0xcdac7 count=1557 slot=0x716a80ac40c8 slot_off=0xc40c8 idx=0x9b0 frame=0x716a80a7836d frame_off=0x7836d vm_ip=0x716a80d14704 vm_ip_off=0x314704 vm_flags=0xfcdeff37 vm_state=0xfcd60600 vm_byte=0x3a target=0x716a80ab8556 target_off=0xb8556
[DISPATCH] site=0xcdac7 count=1558 slot=0x716a80ac3c60 slot_off=0xc3c60 idx=0x548 frame=0x716a80a7836d frame_off=0x7836d vm_ip=0x716a80d14972 vm_ip_off=0x314972 vm_flags=0xf8eeff37 vm_state=0xf8e60910 vm_byte=0x3a target=0x716a80a9af18 target_off=0x9af18
[DISPATCH] site=0xcdac7 count=1559 slot=0x716a80ac40c8 slot_off=0xc40c8 idx=0x9b0 frame=0x716a80a7836d frame_off=0x7836d vm_ip=0x716a80d14bb5 vm_ip_off=0x314bb5 vm_flags=0x62662dfb vm_state=0xbffcca14 vm_byte=0x3a target=0x716a80ab8556 target_off=0xb8556
[DISPATCH] site=0xcdac7 count=1560 slot=0x716a80ac3c60 slot_off=0xc3c60 idx=0x548 frame=0x716a80a7836d frame_off=0x7836d vm_ip=0x716a80d14d97 vm_ip_off=0x314d97 vm_flags=0xfadf7f2d vm_state=0xf21b0800 vm_byte=0x3a target=0x716a80a9af18 target_off=0x9af18
[DISPATCH] site=0xcdac7 count=1561 slot=0x716a80ac40c8 slot_off=0xc40c8 idx=0x9b0 frame=0x716a80a7836d frame_off=0x7836d vm_ip=0x716a80d15005 vm_ip_off=0x315005 vm_flags=0xe34473c6 vm_state=0xe74477c6 vm_byte=0x3a target=0x716a80ab8556 target_off=0xb8556
[DISPATCH] site=0xcdac7 count=1562 slot=0x716a80ac40c8 slot_off=0xc40c8 idx=0x9b0 frame=0x716a80a7836d frame_off=0x7836d vm_ip=0x716a80d1522f vm_ip_off=0x31522f vm_flags=0x69b0303a vm_state=0x69145e5a vm_byte=0x3a target=0x716a80ab8556 target_off=0xb8556
[DISPATCH] site=0xcdac7 count=1563 slot=0x716a80ac3c60 slot_off=0xc3c60 idx=0x548 frame=0x716a80a7836d frame_off=0x7836d vm_ip=0x716a80d15486 vm_ip_off=0x315486 vm_flags=0x841ab3c5 vm_state=0x841ab3c5 vm_byte=0x3a target=0x716a80a9af18 target_off=0x9af18
[DISPATCH] site=0xcdac7 count=1564 slot=0x716a80ac3c60 slot_off=0xc3c60 idx=0x548 frame=0x716a80a7836d frame_off=0x7836d vm_ip=0x716a80d156ca vm_ip_off=0x3156ca vm_flags=0xf613f930 vm_state=0x3ffce85e vm_byte=0x3a target=0x716a80a9af18 target_off=0x9af18
[DISPATCH] site=0xcdac7 count=1565 slot=0x716a80ac3c60 slot_off=0xc3c60 idx=0x548 frame=0x716a80a7836d frame_off=0x7836d vm_ip=0x716a80d15969 vm_ip_off=0x315969 vm_flags=0x2ab32381 vm_state=0x2af72783 vm_byte=0x3a target=0x716a80a9af18 target_off=0x9af18
[DISPATCH] site=0xcdac7 count=1566 slot=0x716a80ac3c60 slot_off=0xc3c60 idx=0x548 frame=0x716a80a7836d frame_off=0x7836d vm_ip=0x716a80d15bbf vm_ip_off=0x315bbf vm_flags=0x6e5d9892 vm_state=0x4000d60c vm_byte=0x3a target=0x716a80a9af18 target_off=0x9af18
[DISPATCH] site=0xcdac7 count=1567 slot=0x716a80ac40c8 slot_off=0xc40c8 idx=0x9b0 frame=0x716a80a7836d frame_off=0x7836d vm_ip=0x716a80d10ca5 vm_ip_off=0x310ca5 vm_flags=0x148226cc vm_state=0xffaffb65 vm_byte=0x3a target=0x716a80ab8556 target_off=0xb8556
[DISPATCH] site=0xcdac7 count=1568 slot=0x716a80ac40c8 slot_off=0xc40c8 idx=0x9b0 frame=0x716a80a7836d frame_off=0x7836d vm_ip=0x716a80d10ef0 vm_ip_off=0x310ef0 vm_flags=0x14100010 vm_state=0x3f0612b2 vm_byte=0x3a target=0x716a80ab8556 target_off=0xb8556
[DISPATCH] site=0xcdac7 count=1569 slot=0x716a80ac3c60 slot_off=0xc3c60 idx=0x548 frame=0x716a80a7836d frame_off=0x7836d vm_ip=0x716a80d11163 vm_ip_off=0x311163 vm_flags=0xc83095f0 vm_state=0x400110fe vm_byte=0x3a target=0x716a80a9af18 target_off=0x9af18
[DISPATCH] site=0xcdac7 count=1570 slot=0x716a80ac3c60 slot_off=0xc3c60 idx=0x548 frame=0x716a80a7836d frame_off=0x7836d vm_ip=0x716a80d113a5 vm_ip_off=0x3113a5 vm_flags=0x7adeff2e vm_state=0x78de0800 vm_byte=0x3a target=0x716a80a9af18 target_off=0x9af18
[DISPATCH] site=0xcdac7 count=1571 slot=0x716a80ac40c8 slot_off=0xc40c8 idx=0x9b0 frame=0x716a80a7836d frame_off=0x7836d vm_ip=0x716a80d115e7 vm_ip_off=0x3115e7 vm_flags=0x2948 vm_state=0x2948 vm_byte=0x3a target=0x716a80ab8556 target_off=0xb8556
[DISPATCH] site=0xcdac7 count=1572 slot=0x716a80ac3c60 slot_off=0xc3c60 idx=0x548 frame=0x716a80a7836d frame_off=0x7836d vm_ip=0x716a80d11829 vm_ip_off=0x311829 vm_flags=0x3acddfde vm_state=0x585c5c02 vm_byte=0x3a target=0x716a80a9af18 target_off=0x9af18
[DISPATCH] site=0xcdac7 count=1573 slot=0x716a80ac3c60 slot_off=0xc3c60 idx=0x548 frame=0x716a80a7836d frame_off=0x7836d vm_ip=0x716a80d11a6b vm_ip_off=0x311a6b vm_flags=0xef1b287 vm_state=0x69145f5a vm_byte=0x3a target=0x716a80a9af18 target_off=0x9af18
[DISPATCH] site=0xcdac7 count=1574 slot=0x716a80ac40c8 slot_off=0xc40c8 idx=0x9b0 frame=0x716a80a7836d frame_off=0x7836d vm_ip=0x716a80d11cad vm_ip_off=0x311cad vm_flags=0x524c03c5 vm_state=0x7df7dfda vm_byte=0x3a target=0x716a80ab8556 target_off=0xb8556
[DISPATCH] site=0xcdac7 count=1575 slot=0x716a80ac40c8 slot_off=0xc40c8 idx=0x9b0 frame=0x716a80a7836d frame_off=0x7836d vm_ip=0x716a80d11f69 vm_ip_off=0x311f69 vm_flags=0x8e78f1da vm_state=0xeb377ffe vm_byte=0x3a target=0x716a80ab8556 target_off=0xb8556
[DISPATCH] site=0xcdac7 count=1576 slot=0x716a80ac40c8 slot_off=0xc40c8 idx=0x9b0 frame=0x716a80a7836d frame_off=0x7836d vm_ip=0x716a80d1223a vm_ip_off=0x31223a vm_flags=0x8e4e0de5 vm_state=0x7bd7fefb vm_byte=0x3a target=0x716a80ab8556 target_off=0xb8556
[DISPATCH] site=0xcdac7 count=1577 slot=0x716a80ac3c60 slot_off=0xc3c60 idx=0x548 frame=0x716a80a7836d frame_off=0x7836d vm_ip=0x716a80d12464 vm_ip_off=0x312464 vm_flags=0x347541db vm_state=0x69945ffa vm_byte=0x3a target=0x716a80a9af18 target_off=0x9af18
[DISPATCH] site=0xcdac7 count=1578 slot=0x716a80ac40c8 slot_off=0xc40c8 idx=0x9b0 frame=0x716a80a7836d frame_off=0x7836d vm_ip=0x716a80d1268e vm_ip_off=0x31268e vm_flags=0x5675bb90 vm_state=0xffc76ef9 vm_byte=0x3a target=0x716a80ab8556 target_off=0xb8556
[DISPATCH] site=0xcdac7 count=1579 slot=0x716a80ac3c60 slot_off=0xc3c60 idx=0x548 frame=0x716a80a7836d frame_off=0x7836d vm_ip=0x716a80d12868 vm_ip_off=0x312868 vm_flags=0x221c12 vm_state=0x3f06a742 vm_byte=0x3a target=0x716a80a9af18 target_off=0x9af18
[DISPATCH] site=0xcdac7 count=1580 slot=0x716a80ac3c60 slot_off=0xc3c60 idx=0x548 frame=0x716a80a7836d frame_off=0x7836d vm_ip=0x716a80d12aee vm_ip_off=0x312aee vm_flags=0x8e3c0ca2 vm_state=0x6f95fefa vm_byte=0x3a target=0x716a80a9af18 target_off=0x9af18
[DISPATCH] site=0xcdac7 count=1581 slot=0x716a80ac3c60 slot_off=0xc3c60 idx=0x548 frame=0x716a80a7836d frame_off=0x7836d vm_ip=0x716a80d12cd0 vm_ip_off=0x312cd0 vm_flags=0xfbf79ddb vm_state=0xf9f3eb74 vm_byte=0x3a target=0x716a80a9af18 target_off=0x9af18
[DISPATCH] site=0xcdac7 count=1582 slot=0x716a80ac40c8 slot_off=0xc40c8 idx=0x9b0 frame=0x716a80a7836d frame_off=0x7836d vm_ip=0x716a80d12f26 vm_ip_off=0x312f26 vm_flags=0x4b8eb2de vm_state=0x7b1c5e5e vm_byte=0x3a target=0x716a80ab8556 target_off=0xb8556
[DISPATCH] site=0xcdac7 count=1583 slot=0x716a80ac40c8 slot_off=0xc40c8 idx=0x9b0 frame=0x716a80a7836d frame_off=0x7836d vm_ip=0x716a80d13169 vm_ip_off=0x313169 vm_flags=0x7afe7fef vm_state=0x727e02a8 vm_byte=0x3a target=0x716a80ab8556 target_off=0xb8556
[DISPATCH] site=0xcdac7 count=1584 slot=0x716a80ac3c60 slot_off=0xc3c60 idx=0x548 frame=0x716a80a7836d frame_off=0x7836d vm_ip=0x716a80d1334b vm_ip_off=0x31334b vm_flags=0xce4d8465 vm_state=0x7f3e7f7b vm_byte=0x3a target=0x716a80a9af18 target_off=0x9af18
[DISPATCH] site=0xcdac7 count=1585 slot=0x716a80ac3c60 slot_off=0xc3c60 idx=0x548 frame=0x716a80a7836d frame_off=0x7836d vm_ip=0x716a80d135b9 vm_ip_off=0x3135b9 vm_flags=0xc917a90d vm_state=0xc917a90d vm_byte=0x3a target=0x716a80a9af18 target_off=0x9af18
[DISPATCH] site=0xcdac7 count=1586 slot=0x716a80ac40c8 slot_off=0xc40c8 idx=0x9b0 frame=0x716a80a7836d frame_off=0x7836d vm_ip=0x716a80d137fc vm_ip_off=0x3137fc vm_flags=0x8df97560 vm_state=0x694cb90f vm_byte=0x3a target=0x716a80ab8556 target_off=0xb8556
[DISPATCH] site=0xcdac7 count=1587 slot=0x716a80ac40c8 slot_off=0xc40c8 idx=0x9b0 frame=0x716a80a7836d frame_off=0x7836d vm_ip=0x716a80d139de vm_ip_off=0x3139de vm_flags=0x4a612e32 vm_state=0x5f8f8af3 vm_byte=0x3a target=0x716a80ab8556 target_off=0xb8556
[DISPATCH] site=0xcdac7 count=1588 slot=0x716a80ac3c60 slot_off=0xc3c60 idx=0x548 frame=0x716a80a7836d frame_off=0x7836d vm_ip=0x716a80d13c4c vm_ip_off=0x313c4c vm_flags=0x8f70318b vm_state=0xfbfb8b3c vm_byte=0x3a target=0x716a80a9af18 target_off=0x9af18
[DISPATCH] site=0xcdac7 count=1589 slot=0x716a80ac3c60 slot_off=0xc3c60 idx=0x548 frame=0x716a80a7836d frame_off=0x7836d vm_ip=0x716a80d13e8f vm_ip_off=0x313e8f vm_flags=0xfed1df96 vm_state=0x58a4dcd6 vm_byte=0x3a target=0x716a80a9af18 target_off=0x9af18
[DISPATCH] site=0xcdac7 count=1590 slot=0x716a80ac3c60 slot_off=0xc3c60 idx=0x548 frame=0x716a80a7836d frame_off=0x7836d vm_ip=0x716a80d14071 vm_ip_off=0x314071 vm_flags=0x4ac60206 vm_state=0x5ee7d2fb vm_byte=0x3a target=0x716a80a9af18 target_off=0x9af18
[DISPATCH] site=0xcdac7 count=1591 slot=0x716a80ac40c8 slot_off=0xc40c8 idx=0x9b0 frame=0x716a80a7836d frame_off=0x7836d vm_ip=0x716a80d142df vm_ip_off=0x3142df vm_flags=0x861eb185 vm_state=0xdf95e7f4 vm_byte=0x3a target=0x716a80ab8556 target_off=0xb8556
[DISPATCH] site=0xcdac7 count=1592 slot=0x716a80ac40c8 slot_off=0xc40c8 idx=0x9b0 frame=0x716a80a7836d frame_off=0x7836d vm_ip=0x716a80d14522 vm_ip_off=0x314522 vm_flags=0x34a042ea vm_state=0x3ce04eeb vm_byte=0x3a target=0x716a80ab8556 target_off=0xb8556
[DISPATCH] site=0xcdac7 count=1593 slot=0x716a80ac40c8 slot_off=0xc40c8 idx=0x9b0 frame=0x716a80a7836d frame_off=0x7836d vm_ip=0x716a80d14704 vm_ip_off=0x314704 vm_flags=0xfcdeff37 vm_state=0xfcd60600 vm_byte=0x3a target=0x716a80ab8556 target_off=0xb8556
[DISPATCH] site=0xcdac7 count=1594 slot=0x716a80ac3c60 slot_off=0xc3c60 idx=0x548 frame=0x716a80a7836d frame_off=0x7836d vm_ip=0x716a80d14972 vm_ip_off=0x314972 vm_flags=0xf8eeff37 vm_state=0xf8e60910 vm_byte=0x3a target=0x716a80a9af18 target_off=0x9af18
[DISPATCH] site=0xcdac7 count=1595 slot=0x716a80ac40c8 slot_off=0xc40c8 idx=0x9b0 frame=0x716a80a7836d frame_off=0x7836d vm_ip=0x716a80d14bb5 vm_ip_off=0x314bb5 vm_flags=0x62662dfb vm_state=0xbffcca14 vm_byte=0x3a target=0x716a80ab8556 target_off=0xb8556
[DISPATCH] site=0xcdac7 count=1596 slot=0x716a80ac3c60 slot_off=0xc3c60 idx=0x548 frame=0x716a80a7836d frame_off=0x7836d vm_ip=0x716a80d14d97 vm_ip_off=0x314d97 vm_flags=0xfadf7f2d vm_state=0xf21b0800 vm_byte=0x3a target=0x716a80a9af18 target_off=0x9af18
[DISPATCH] site=0xcdac7 count=1597 slot=0x716a80ac40c8 slot_off=0xc40c8 idx=0x9b0 frame=0x716a80a7836d frame_off=0x7836d vm_ip=0x716a80d15005 vm_ip_off=0x315005 vm_flags=0xe34473c6 vm_state=0xe74477c6 vm_byte=0x3a target=0x716a80ab8556 target_off=0xb8556
[DISPATCH] site=0xcdac7 count=1598 slot=0x716a80ac40c8 slot_off=0xc40c8 idx=0x9b0 frame=0x716a80a7836d frame_off=0x7836d vm_ip=0x716a80d1522f vm_ip_off=0x31522f vm_flags=0x69b0303a vm_state=0x69145e5a vm_byte=0x3a target=0x716a80ab8556 target_off=0xb8556
[DISPATCH] site=0xcdac7 count=1599 slot=0x716a80ac3c60 slot_off=0xc3c60 idx=0x548 frame=0x716a80a7836d frame_off=0x7836d vm_ip=0x716a80d15486 vm_ip_off=0x315486 vm_flags=0x841ab3c5 vm_state=0x841ab3c5 vm_byte=0x3a target=0x716a80a9af18 target_off=0x9af18
[DISPATCH] site=0xcdac7 count=1600 slot=0x716a80ac3c60 slot_off=0xc3c60 idx=0x548 frame=0x716a80a7836d frame_off=0x7836d vm_ip=0x716a80d156ca vm_ip_off=0x3156ca vm_flags=0xf613f930 vm_state=0x3ffce85e vm_byte=0x3a target=0x716a80a9af18 target_off=0x9af18
[DISPATCH] site=0xcdac7 count=1601 slot=0x716a80ac3c60 slot_off=0xc3c60 idx=0x548 frame=0x716a80a7836d frame_off=0x7836d vm_ip=0x716a80d15969 vm_ip_off=0x315969 vm_flags=0x2ab32381 vm_state=0x2af72783 vm_byte=0x3a target=0x716a80a9af18 target_off=0x9af18
[DISPATCH] site=0xcdac7 count=1602 slot=0x716a80ac3c60 slot_off=0xc3c60 idx=0x548 frame=0x716a80a7836d frame_off=0x7836d vm_ip=0x716a80d15bbf vm_ip_off=0x315bbf vm_flags=0x6e5d9892 vm_state=0x4000d60c vm_byte=0x3a target=0x716a80a9af18 target_off=0x9af18
[DISPATCH] site=0xcdac7 count=1603 slot=0x716a80ac40c8 slot_off=0xc40c8 idx=0x9b0 frame=0x716a80a7836d frame_off=0x7836d vm_ip=0x716a80d10ca5 vm_ip_off=0x310ca5 vm_flags=0x148226cc vm_state=0xffaffb65 vm_byte=0x3a target=0x716a80ab8556 target_off=0xb8556
[DISPATCH] site=0xcdac7 count=1604 slot=0x716a80ac40c8 slot_off=0xc40c8 idx=0x9b0 frame=0x716a80a7836d frame_off=0x7836d vm_ip=0x716a80d10ef0 vm_ip_off=0x310ef0 vm_flags=0x14100010 vm_state=0x3f0612b2 vm_byte=0x3a target=0x716a80ab8556 target_off=0xb8556
[DISPATCH] site=0xcdac7 count=1605 slot=0x716a80ac3c60 slot_off=0xc3c60 idx=0x548 frame=0x716a80a7836d frame_off=0x7836d vm_ip=0x716a80d11163 vm_ip_off=0x311163 vm_flags=0xc83095f0 vm_state=0x400110fe vm_byte=0x3a target=0x716a80a9af18 target_off=0x9af18
[DISPATCH] site=0xcdac7 count=1606 slot=0x716a80ac3c60 slot_off=0xc3c60 idx=0x548 frame=0x716a80a7836d frame_off=0x7836d vm_ip=0x716a80d113a5 vm_ip_off=0x3113a5 vm_flags=0x7adeff2e vm_state=0x78de0800 vm_byte=0x3a target=0x716a80a9af18 target_off=0x9af18
[DISPATCH] site=0xcdac7 count=1607 slot=0x716a80ac40c8 slot_off=0xc40c8 idx=0x9b0 frame=0x716a80a7836d frame_off=0x7836d vm_ip=0x716a80d115e7 vm_ip_off=0x3115e7 vm_flags=0x2948 vm_state=0x2948 vm_byte=0x3a target=0x716a80ab8556 target_off=0xb8556
[DISPATCH] site=0xcdac7 count=1608 slot=0x716a80ac3c60 slot_off=0xc3c60 idx=0x548 frame=0x716a80a7836d frame_off=0x7836d vm_ip=0x716a80d11829 vm_ip_off=0x311829 vm_flags=0x3acddfde vm_state=0x585c5c02 vm_byte=0x3a target=0x716a80a9af18 target_off=0x9af18
[DISPATCH] site=0xcdac7 count=1609 slot=0x716a80ac3c60 slot_off=0xc3c60 idx=0x548 frame=0x716a80a7836d frame_off=0x7836d vm_ip=0x716a80d11a6b vm_ip_off=0x311a6b vm_flags=0xef1b287 vm_state=0x69145f5a vm_byte=0x3a target=0x716a80a9af18 target_off=0x9af18
[DISPATCH] site=0xcdac7 count=1610 slot=0x716a80ac40c8 slot_off=0xc40c8 idx=0x9b0 frame=0x716a80a7836d frame_off=0x7836d vm_ip=0x716a80d11cad vm_ip_off=0x311cad vm_flags=0x524c03c5 vm_state=0x7df7dfda vm_byte=0x3a target=0x716a80ab8556 target_off=0xb8556
[DISPATCH] site=0xcdac7 count=1611 slot=0x716a80ac40c8 slot_off=0xc40c8 idx=0x9b0 frame=0x716a80a7836d frame_off=0x7836d vm_ip=0x716a80d11f69 vm_ip_off=0x311f69 vm_flags=0x8e78f1da vm_state=0xeb377ffe vm_byte=0x3a target=0x716a80ab8556 target_off=0xb8556
[DISPATCH] site=0xcdac7 count=1612 slot=0x716a80ac40c8 slot_off=0xc40c8 idx=0x9b0 frame=0x716a80a7836d frame_off=0x7836d vm_ip=0x716a80d1223a vm_ip_off=0x31223a vm_flags=0x8e4e0de5 vm_state=0x7bd7fefb vm_byte=0x3a target=0x716a80ab8556 target_off=0xb8556
[DISPATCH] site=0xcdac7 count=1613 slot=0x716a80ac3c60 slot_off=0xc3c60 idx=0x548 frame=0x716a80a7836d frame_off=0x7836d vm_ip=0x716a80d12464 vm_ip_off=0x312464 vm_flags=0x347541db vm_state=0x69945ffa vm_byte=0x3a target=0x716a80a9af18 target_off=0x9af18
[DISPATCH] site=0xcdac7 count=1614 slot=0x716a80ac40c8 slot_off=0xc40c8 idx=0x9b0 frame=0x716a80a7836d frame_off=0x7836d vm_ip=0x716a80d1268e vm_ip_off=0x31268e vm_flags=0x5675bb90 vm_state=0xffc76ef9 vm_byte=0x3a target=0x716a80ab8556 target_off=0xb8556
[DISPATCH] site=0xcdac7 count=1615 slot=0x716a80ac3c60 slot_off=0xc3c60 idx=0x548 frame=0x716a80a7836d frame_off=0x7836d vm_ip=0x716a80d12868 vm_ip_off=0x312868 vm_flags=0x221c12 vm_state=0x3f06a742 vm_byte=0x3a target=0x716a80a9af18 target_off=0x9af18
[DISPATCH] site=0xcdac7 count=1616 slot=0x716a80ac3c60 slot_off=0xc3c60 idx=0x548 frame=0x716a80a7836d frame_off=0x7836d vm_ip=0x716a80d12aee vm_ip_off=0x312aee vm_flags=0x8e3c0ca2 vm_state=0x6f95fefa vm_byte=0x3a target=0x716a80a9af18 target_off=0x9af18
[DISPATCH] site=0xcdac7 count=1617 slot=0x716a80ac3c60 slot_off=0xc3c60 idx=0x548 frame=0x716a80a7836d frame_off=0x7836d vm_ip=0x716a80d12cd0 vm_ip_off=0x312cd0 vm_flags=0xfbf79ddb vm_state=0xf9f3eb74 vm_byte=0x3a target=0x716a80a9af18 target_off=0x9af18
[DISPATCH] site=0xcdac7 count=1618 slot=0x716a80ac40c8 slot_off=0xc40c8 idx=0x9b0 frame=0x716a80a7836d frame_off=0x7836d vm_ip=0x716a80d12f26 vm_ip_off=0x312f26 vm_flags=0x4b8eb2de vm_state=0x7b1c5e5e vm_byte=0x3a target=0x716a80ab8556 target_off=0xb8556
[DISPATCH] site=0xcdac7 count=1619 slot=0x716a80ac40c8 slot_off=0xc40c8 idx=0x9b0 frame=0x716a80a7836d frame_off=0x7836d vm_ip=0x716a80d13169 vm_ip_off=0x313169 vm_flags=0x7afe7fef vm_state=0x727e02a8 vm_byte=0x3a target=0x716a80ab8556 target_off=0xb8556
[DISPATCH] site=0xcdac7 count=1620 slot=0x716a80ac3c60 slot_off=0xc3c60 idx=0x548 frame=0x716a80a7836d frame_off=0x7836d vm_ip=0x716a80d1334b vm_ip_off=0x31334b vm_flags=0xce4d8465 vm_state=0x7f3e7f7b vm_byte=0x3a target=0x716a80a9af18 target_off=0x9af18
[DISPATCH] site=0xcdac7 count=1621 slot=0x716a80ac3c60 slot_off=0xc3c60 idx=0x548 frame=0x716a80a7836d frame_off=0x7836d vm_ip=0x716a80d135b9 vm_ip_off=0x3135b9 vm_flags=0xc917a90d vm_state=0xc917a90d vm_byte=0x3a target=0x716a80a9af18 target_off=0x9af18
[DISPATCH] site=0xcdac7 count=1622 slot=0x716a80ac40c8 slot_off=0xc40c8 idx=0x9b0 frame=0x716a80a7836d frame_off=0x7836d vm_ip=0x716a80d137fc vm_ip_off=0x3137fc vm_flags=0x8df97560 vm_state=0x694cb90f vm_byte=0x3a target=0x716a80ab8556 target_off=0xb8556
[DISPATCH] site=0xcdac7 count=1623 slot=0x716a80ac40c8 slot_off=0xc40c8 idx=0x9b0 frame=0x716a80a7836d frame_off=0x7836d vm_ip=0x716a80d139de vm_ip_off=0x3139de vm_flags=0x4a612e32 vm_state=0x5f8f8af3 vm_byte=0x3a target=0x716a80ab8556 target_off=0xb8556
[DISPATCH] site=0xcdac7 count=1624 slot=0x716a80ac3c60 slot_off=0xc3c60 idx=0x548 frame=0x716a80a7836d frame_off=0x7836d vm_ip=0x716a80d13c4c vm_ip_off=0x313c4c vm_flags=0x8f70318b vm_state=0xfbfb8b3c vm_byte=0x3a target=0x716a80a9af18 target_off=0x9af18
[DISPATCH] site=0xcdac7 count=1625 slot=0x716a80ac3c60 slot_off=0xc3c60 idx=0x548 frame=0x716a80a7836d frame_off=0x7836d vm_ip=0x716a80d13e8f vm_ip_off=0x313e8f vm_flags=0xfed1df96 vm_state=0x58a4dcd6 vm_byte=0x3a target=0x716a80a9af18 target_off=0x9af18
[DISPATCH] site=0xcdac7 count=1626 slot=0x716a80ac3c60 slot_off=0xc3c60 idx=0x548 frame=0x716a80a7836d frame_off=0x7836d vm_ip=0x716a80d14071 vm_ip_off=0x314071 vm_flags=0x4ac60206 vm_state=0x5ee7d2fb vm_byte=0x3a target=0x716a80a9af18 target_off=0x9af18
[DISPATCH] site=0xcdac7 count=1627 slot=0x716a80ac40c8 slot_off=0xc40c8 idx=0x9b0 frame=0x716a80a7836d frame_off=0x7836d vm_ip=0x716a80d142df vm_ip_off=0x3142df vm_flags=0x861eb185 vm_state=0xdf95e7f4 vm_byte=0x3a target=0x716a80ab8556 target_off=0xb8556
[DISPATCH] site=0xcdac7 count=1628 slot=0x716a80ac40c8 slot_off=0xc40c8 idx=0x9b0 frame=0x716a80a7836d frame_off=0x7836d vm_ip=0x716a80d14522 vm_ip_off=0x314522 vm_flags=0x34a042ea vm_state=0x3ce04eeb vm_byte=0x3a target=0x716a80ab8556 target_off=0xb8556
[DISPATCH] site=0xcdac7 count=1629 slot=0x716a80ac40c8 slot_off=0xc40c8 idx=0x9b0 frame=0x716a80a7836d frame_off=0x7836d vm_ip=0x716a80d14704 vm_ip_off=0x314704 vm_flags=0xfcdeff37 vm_state=0xfcd60600 vm_byte=0x3a target=0x716a80ab8556 target_off=0xb8556
[DISPATCH] site=0xcdac7 count=1630 slot=0x716a80ac3c60 slot_off=0xc3c60 idx=0x548 frame=0x716a80a7836d frame_off=0x7836d vm_ip=0x716a80d14972 vm_ip_off=0x314972 vm_flags=0xf8eeff37 vm_state=0xf8e60910 vm_byte=0x3a target=0x716a80a9af18 target_off=0x9af18
[DISPATCH] site=0xcdac7 count=1631 slot=0x716a80ac40c8 slot_off=0xc40c8 idx=0x9b0 frame=0x716a80a7836d frame_off=0x7836d vm_ip=0x716a80d14bb5 vm_ip_off=0x314bb5 vm_flags=0x62662dfb vm_state=0xbffcca14 vm_byte=0x3a target=0x716a80ab8556 target_off=0xb8556
[DISPATCH] site=0xcdac7 count=1632 slot=0x716a80ac3c60 slot_off=0xc3c60 idx=0x548 frame=0x716a80a7836d frame_off=0x7836d vm_ip=0x716a80d14d97 vm_ip_off=0x314d97 vm_flags=0xfadf7f2d vm_state=0xf21b0800 vm_byte=0x3a target=0x716a80a9af18 target_off=0x9af18
[DISPATCH] site=0xcdac7 count=1633 slot=0x716a80ac40c8 slot_off=0xc40c8 idx=0x9b0 frame=0x716a80a7836d frame_off=0x7836d vm_ip=0x716a80d15005 vm_ip_off=0x315005 vm_flags=0xe34473c6 vm_state=0xe74477c6 vm_byte=0x3a target=0x716a80ab8556 target_off=0xb8556
[DISPATCH] site=0xcdac7 count=1634 slot=0x716a80ac40c8 slot_off=0xc40c8 idx=0x9b0 frame=0x716a80a7836d frame_off=0x7836d vm_ip=0x716a80d1522f vm_ip_off=0x31522f vm_flags=0x69b0303a vm_state=0x69145e5a vm_byte=0x3a target=0x716a80ab8556 target_off=0xb8556
[DISPATCH] site=0xcdac7 count=1635 slot=0x716a80ac3c60 slot_off=0xc3c60 idx=0x548 frame=0x716a80a7836d frame_off=0x7836d vm_ip=0x716a80d15486 vm_ip_off=0x315486 vm_flags=0x841ab3c5 vm_state=0x841ab3c5 vm_byte=0x3a target=0x716a80a9af18 target_off=0x9af18
[DISPATCH] site=0xcdac7 count=1636 slot=0x716a80ac3c60 slot_off=0xc3c60 idx=0x548 frame=0x716a80a7836d frame_off=0x7836d vm_ip=0x716a80d156ca vm_ip_off=0x3156ca vm_flags=0xf613f930 vm_state=0x3ffce85e vm_byte=0x3a target=0x716a80a9af18 target_off=0x9af18
[DISPATCH] site=0xcdac7 count=1637 slot=0x716a80ac3c60 slot_off=0xc3c60 idx=0x548 frame=0x716a80a7836d frame_off=0x7836d vm_ip=0x716a80d15969 vm_ip_off=0x315969 vm_flags=0x2ab32381 vm_state=0x2af72783 vm_byte=0x3a target=0x716a80a9af18 target_off=0x9af18
[DISPATCH] site=0xcdac7 count=1638 slot=0x716a80ac3c60 slot_off=0xc3c60 idx=0x548 frame=0x716a80a7836d frame_off=0x7836d vm_ip=0x716a80d15bbf vm_ip_off=0x315bbf vm_flags=0x6e5d9892 vm_state=0x4000d60c vm_byte=0x3a target=0x716a80a9af18 target_off=0x9af18
[DISPATCH] site=0xcdac7 count=1639 slot=0x716a80ac40c8 slot_off=0xc40c8 idx=0x9b0 frame=0x716a80a7836d frame_off=0x7836d vm_ip=0x716a80d10ca5 vm_ip_off=0x310ca5 vm_flags=0x148226cc vm_state=0xffaffb65 vm_byte=0x3a target=0x716a80ab8556 target_off=0xb8556
[DISPATCH] site=0xcdac7 count=1640 slot=0x716a80ac40c8 slot_off=0xc40c8 idx=0x9b0 frame=0x716a80a7836d frame_off=0x7836d vm_ip=0x716a80d10ef0 vm_ip_off=0x310ef0 vm_flags=0x14100010 vm_state=0x3f0612b2 vm_byte=0x3a target=0x716a80ab8556 target_off=0xb8556
[DISPATCH] site=0xcdac7 count=1641 slot=0x716a80ac3c60 slot_off=0xc3c60 idx=0x548 frame=0x716a80a7836d frame_off=0x7836d vm_ip=0x716a80d11163 vm_ip_off=0x311163 vm_flags=0xc83095f0 vm_state=0x400110fe vm_byte=0x3a target=0x716a80a9af18 target_off=0x9af18
[DISPATCH] site=0xcdac7 count=1642 slot=0x716a80ac3c60 slot_off=0xc3c60 idx=0x548 frame=0x716a80a7836d frame_off=0x7836d vm_ip=0x716a80d113a5 vm_ip_off=0x3113a5 vm_flags=0x7adeff2e vm_state=0x78de0800 vm_byte=0x3a target=0x716a80a9af18 target_off=0x9af18
[DISPATCH] site=0xcdac7 count=1643 slot=0x716a80ac40c8 slot_off=0xc40c8 idx=0x9b0 frame=0x716a80a7836d frame_off=0x7836d vm_ip=0x716a80d115e7 vm_ip_off=0x3115e7 vm_flags=0x2948 vm_state=0x2948 vm_byte=0x3a target=0x716a80ab8556 target_off=0xb8556
[DISPATCH] site=0xcdac7 count=1644 slot=0x716a80ac3c60 slot_off=0xc3c60 idx=0x548 frame=0x716a80a7836d frame_off=0x7836d vm_ip=0x716a80d11829 vm_ip_off=0x311829 vm_flags=0x3acddfde vm_state=0x585c5c02 vm_byte=0x3a target=0x716a80a9af18 target_off=0x9af18
[DISPATCH] site=0xcdac7 count=1645 slot=0x716a80ac3c60 slot_off=0xc3c60 idx=0x548 frame=0x716a80a7836d frame_off=0x7836d vm_ip=0x716a80d11a6b vm_ip_off=0x311a6b vm_flags=0xef1b287 vm_state=0x69145f5a vm_byte=0x3a target=0x716a80a9af18 target_off=0x9af18
[DISPATCH] site=0xcdac7 count=1646 slot=0x716a80ac40c8 slot_off=0xc40c8 idx=0x9b0 frame=0x716a80a7836d frame_off=0x7836d vm_ip=0x716a80d11cad vm_ip_off=0x311cad vm_flags=0x524c03c5 vm_state=0x7df7dfda vm_byte=0x3a target=0x716a80ab8556 target_off=0xb8556
[DISPATCH] site=0xcdac7 count=1647 slot=0x716a80ac40c8 slot_off=0xc40c8 idx=0x9b0 frame=0x716a80a7836d frame_off=0x7836d vm_ip=0x716a80d11f69 vm_ip_off=0x311f69 vm_flags=0x8e78f1da vm_state=0xeb377ffe vm_byte=0x3a target=0x716a80ab8556 target_off=0xb8556
[DISPATCH] site=0xcdac7 count=1648 slot=0x716a80ac40c8 slot_off=0xc40c8 idx=0x9b0 frame=0x716a80a7836d frame_off=0x7836d vm_ip=0x716a80d1223a vm_ip_off=0x31223a vm_flags=0x8e4e0de5 vm_state=0x7bd7fefb vm_byte=0x3a target=0x716a80ab8556 target_off=0xb8556
[DISPATCH] site=0xcdac7 count=1649 slot=0x716a80ac3c60 slot_off=0xc3c60 idx=0x548 frame=0x716a80a7836d frame_off=0x7836d vm_ip=0x716a80d12464 vm_ip_off=0x312464 vm_flags=0x347541db vm_state=0x69945ffa vm_byte=0x3a target=0x716a80a9af18 target_off=0x9af18
[DISPATCH] site=0xcdac7 count=1650 slot=0x716a80ac40c8 slot_off=0xc40c8 idx=0x9b0 frame=0x716a80a7836d frame_off=0x7836d vm_ip=0x716a80d1268e vm_ip_off=0x31268e vm_flags=0x5675bb90 vm_state=0xffc76ef9 vm_byte=0x3a target=0x716a80ab8556 target_off=0xb8556
[DISPATCH] site=0xcdac7 count=1651 slot=0x716a80ac3c60 slot_off=0xc3c60 idx=0x548 frame=0x716a80a7836d frame_off=0x7836d vm_ip=0x716a80d12868 vm_ip_off=0x312868 vm_flags=0x221c12 vm_state=0x3f06a742 vm_byte=0x3a target=0x716a80a9af18 target_off=0x9af18
[DISPATCH] site=0xcdac7 count=1652 slot=0x716a80ac3c60 slot_off=0xc3c60 idx=0x548 frame=0x716a80a7836d frame_off=0x7836d vm_ip=0x716a80d12aee vm_ip_off=0x312aee vm_flags=0x8e3c0ca2 vm_state=0x6f95fefa vm_byte=0x3a target=0x716a80a9af18 target_off=0x9af18
[DISPATCH] site=0xcdac7 count=1653 slot=0x716a80ac3c60 slot_off=0xc3c60 idx=0x548 frame=0x716a80a7836d frame_off=0x7836d vm_ip=0x716a80d12cd0 vm_ip_off=0x312cd0 vm_flags=0xfbf79ddb vm_state=0xf9f3eb74 vm_byte=0x3a target=0x716a80a9af18 target_off=0x9af18
[DISPATCH] site=0xcdac7 count=1654 slot=0x716a80ac40c8 slot_off=0xc40c8 idx=0x9b0 frame=0x716a80a7836d frame_off=0x7836d vm_ip=0x716a80d12f26 vm_ip_off=0x312f26 vm_flags=0x4b8eb2de vm_state=0x7b1c5e5e vm_byte=0x3a target=0x716a80ab8556 target_off=0xb8556
[DISPATCH] site=0xcdac7 count=1655 slot=0x716a80ac40c8 slot_off=0xc40c8 idx=0x9b0 frame=0x716a80a7836d frame_off=0x7836d vm_ip=0x716a80d13169 vm_ip_off=0x313169 vm_flags=0x7afe7fef vm_state=0x727e02a8 vm_byte=0x3a target=0x716a80ab8556 target_off=0xb8556
[DISPATCH] site=0xcdac7 count=1656 slot=0x716a80ac3c60 slot_off=0xc3c60 idx=0x548 frame=0x716a80a7836d frame_off=0x7836d vm_ip=0x716a80d1334b vm_ip_off=0x31334b vm_flags=0xce4d8465 vm_state=0x7f3e7f7b vm_byte=0x3a target=0x716a80a9af18 target_off=0x9af18
[DISPATCH] site=0xcdac7 count=1657 slot=0x716a80ac3c60 slot_off=0xc3c60 idx=0x548 frame=0x716a80a7836d frame_off=0x7836d vm_ip=0x716a80d135b9 vm_ip_off=0x3135b9 vm_flags=0xc917a90d vm_state=0xc917a90d vm_byte=0x3a target=0x716a80a9af18 target_off=0x9af18
[DISPATCH] site=0xcdac7 count=1658 slot=0x716a80ac40c8 slot_off=0xc40c8 idx=0x9b0 frame=0x716a80a7836d frame_off=0x7836d vm_ip=0x716a80d137fc vm_ip_off=0x3137fc vm_flags=0x8df97560 vm_state=0x694cb90f vm_byte=0x3a target=0x716a80ab8556 target_off=0xb8556
[DISPATCH] site=0xcdac7 count=1659 slot=0x716a80ac40c8 slot_off=0xc40c8 idx=0x9b0 frame=0x716a80a7836d frame_off=0x7836d vm_ip=0x716a80d139de vm_ip_off=0x3139de vm_flags=0x4a612e32 vm_state=0x5f8f8af3 vm_byte=0x3a target=0x716a80ab8556 target_off=0xb8556
[DISPATCH] site=0xcdac7 count=1660 slot=0x716a80ac3c60 slot_off=0xc3c60 idx=0x548 frame=0x716a80a7836d frame_off=0x7836d vm_ip=0x716a80d13c4c vm_ip_off=0x313c4c vm_flags=0x8f70318b vm_state=0xfbfb8b3c vm_byte=0x3a target=0x716a80a9af18 target_off=0x9af18
[DISPATCH] site=0xcdac7 count=1661 slot=0x716a80ac3c60 slot_off=0xc3c60 idx=0x548 frame=0x716a80a7836d frame_off=0x7836d vm_ip=0x716a80d13e8f vm_ip_off=0x313e8f vm_flags=0xfed1df96 vm_state=0x58a4dcd6 vm_byte=0x3a target=0x716a80a9af18 target_off=0x9af18
[DISPATCH] site=0xcdac7 count=1662 slot=0x716a80ac3c60 slot_off=0xc3c60 idx=0x548 frame=0x716a80a7836d frame_off=0x7836d vm_ip=0x716a80d14071 vm_ip_off=0x314071 vm_flags=0x4ac60206 vm_state=0x5ee7d2fb vm_byte=0x3a target=0x716a80a9af18 target_off=0x9af18
[DISPATCH] site=0xcdac7 count=1663 slot=0x716a80ac40c8 slot_off=0xc40c8 idx=0x9b0 frame=0x716a80a7836d frame_off=0x7836d vm_ip=0x716a80d142df vm_ip_off=0x3142df vm_flags=0x861eb185 vm_state=0xdf95e7f4 vm_byte=0x3a target=0x716a80ab8556 target_off=0xb8556
[DISPATCH] site=0xcdac7 count=1664 slot=0x716a80ac40c8 slot_off=0xc40c8 idx=0x9b0 frame=0x716a80a7836d frame_off=0x7836d vm_ip=0x716a80d14522 vm_ip_off=0x314522 vm_flags=0x34a042ea vm_state=0x3ce04eeb vm_byte=0x3a target=0x716a80ab8556 target_off=0xb8556
[DISPATCH] site=0xcdac7 count=1665 slot=0x716a80ac40c8 slot_off=0xc40c8 idx=0x9b0 frame=0x716a80a7836d frame_off=0x7836d vm_ip=0x716a80d14704 vm_ip_off=0x314704 vm_flags=0xfcdeff37 vm_state=0xfcd60600 vm_byte=0x3a target=0x716a80ab8556 target_off=0xb8556
[DISPATCH] site=0xcdac7 count=1666 slot=0x716a80ac3c60 slot_off=0xc3c60 idx=0x548 frame=0x716a80a7836d frame_off=0x7836d vm_ip=0x716a80d14972 vm_ip_off=0x314972 vm_flags=0xf8eeff37 vm_state=0xf8e60910 vm_byte=0x3a target=0x716a80a9af18 target_off=0x9af18
[DISPATCH] site=0xcdac7 count=1667 slot=0x716a80ac40c8 slot_off=0xc40c8 idx=0x9b0 frame=0x716a80a7836d frame_off=0x7836d vm_ip=0x716a80d14bb5 vm_ip_off=0x314bb5 vm_flags=0x62662dfb vm_state=0xbffcca14 vm_byte=0x3a target=0x716a80ab8556 target_off=0xb8556
[DISPATCH] site=0xcdac7 count=1668 slot=0x716a80ac3c60 slot_off=0xc3c60 idx=0x548 frame=0x716a80a7836d frame_off=0x7836d vm_ip=0x716a80d14d97 vm_ip_off=0x314d97 vm_flags=0xfadf7f2d vm_state=0xf21b0800 vm_byte=0x3a target=0x716a80a9af18 target_off=0x9af18
[DISPATCH] site=0xcdac7 count=1669 slot=0x716a80ac40c8 slot_off=0xc40c8 idx=0x9b0 frame=0x716a80a7836d frame_off=0x7836d vm_ip=0x716a80d15005 vm_ip_off=0x315005 vm_flags=0xe34473c6 vm_state=0xe74477c6 vm_byte=0x3a target=0x716a80ab8556 target_off=0xb8556
[DISPATCH] site=0xcdac7 count=1670 slot=0x716a80ac40c8 slot_off=0xc40c8 idx=0x9b0 frame=0x716a80a7836d frame_off=0x7836d vm_ip=0x716a80d1522f vm_ip_off=0x31522f vm_flags=0x69b0303a vm_state=0x69145e5a vm_byte=0x3a target=0x716a80ab8556 target_off=0xb8556
[DISPATCH] site=0xcdac7 count=1671 slot=0x716a80ac3c60 slot_off=0xc3c60 idx=0x548 frame=0x716a80a7836d frame_off=0x7836d vm_ip=0x716a80d15486 vm_ip_off=0x315486 vm_flags=0x841ab3c5 vm_state=0x841ab3c5 vm_byte=0x3a target=0x716a80a9af18 target_off=0x9af18
[DISPATCH] site=0xcdac7 count=1672 slot=0x716a80ac3c60 slot_off=0xc3c60 idx=0x548 frame=0x716a80a7836d frame_off=0x7836d vm_ip=0x716a80d156ca vm_ip_off=0x3156ca vm_flags=0xf613f930 vm_state=0x3ffce85e vm_byte=0x3a target=0x716a80a9af18 target_off=0x9af18
[DISPATCH] site=0xcdac7 count=1673 slot=0x716a80ac3c60 slot_off=0xc3c60 idx=0x548 frame=0x716a80a7836d frame_off=0x7836d vm_ip=0x716a80d15969 vm_ip_off=0x315969 vm_flags=0x2ab32381 vm_state=0x2af72783 vm_byte=0x3a target=0x716a80a9af18 target_off=0x9af18
[DISPATCH] site=0xcdac7 count=1674 slot=0x716a80ac3c60 slot_off=0xc3c60 idx=0x548 frame=0x716a80a7836d frame_off=0x7836d vm_ip=0x716a80d15bbf vm_ip_off=0x315bbf vm_flags=0x6e5d9892 vm_state=0x4000d60c vm_byte=0x3a target=0x716a80a9af18 target_off=0x9af18
[DISPATCH] site=0xcdac7 count=1675 slot=0x716a80ac40c8 slot_off=0xc40c8 idx=0x9b0 frame=0x716a80a7836d frame_off=0x7836d vm_ip=0x716a80d10ca5 vm_ip_off=0x310ca5 vm_flags=0x148226cc vm_state=0xffaffb65 vm_byte=0x3a target=0x716a80ab8556 target_off=0xb8556
[DISPATCH] site=0xcdac7 count=1676 slot=0x716a80ac40c8 slot_off=0xc40c8 idx=0x9b0 frame=0x716a80a7836d frame_off=0x7836d vm_ip=0x716a80d10ef0 vm_ip_off=0x310ef0 vm_flags=0x14100010 vm_state=0x3f0612b2 vm_byte=0x3a target=0x716a80ab8556 target_off=0xb8556
[DISPATCH] site=0xcdac7 count=1677 slot=0x716a80ac3c60 slot_off=0xc3c60 idx=0x548 frame=0x716a80a7836d frame_off=0x7836d vm_ip=0x716a80d11163 vm_ip_off=0x311163 vm_flags=0xc83095f0 vm_state=0x400110fe vm_byte=0x3a target=0x716a80a9af18 target_off=0x9af18
[DISPATCH] site=0xcdac7 count=1678 slot=0x716a80ac3c60 slot_off=0xc3c60 idx=0x548 frame=0x716a80a7836d frame_off=0x7836d vm_ip=0x716a80d113a5 vm_ip_off=0x3113a5 vm_flags=0x7adeff2e vm_state=0x78de0800 vm_byte=0x3a target=0x716a80a9af18 target_off=0x9af18
[DISPATCH] site=0xcdac7 count=1679 slot=0x716a80ac40c8 slot_off=0xc40c8 idx=0x9b0 frame=0x716a80a7836d frame_off=0x7836d vm_ip=0x716a80d115e7 vm_ip_off=0x3115e7 vm_flags=0x2948 vm_state=0x2948 vm_byte=0x3a target=0x716a80ab8556 target_off=0xb8556
[DISPATCH] site=0xcdac7 count=1680 slot=0x716a80ac3c60 slot_off=0xc3c60 idx=0x548 frame=0x716a80a7836d frame_off=0x7836d vm_ip=0x716a80d11829 vm_ip_off=0x311829 vm_flags=0x3acddfde vm_state=0x585c5c02 vm_byte=0x3a target=0x716a80a9af18 target_off=0x9af18
[DISPATCH] site=0xcdac7 count=1681 slot=0x716a80ac3c60 slot_off=0xc3c60 idx=0x548 frame=0x716a80a7836d frame_off=0x7836d vm_ip=0x716a80d11a6b vm_ip_off=0x311a6b vm_flags=0xef1b287 vm_state=0x69145f5a vm_byte=0x3a target=0x716a80a9af18 target_off=0x9af18
[DISPATCH] site=0xcdac7 count=1682 slot=0x716a80ac40c8 slot_off=0xc40c8 idx=0x9b0 frame=0x716a80a7836d frame_off=0x7836d vm_ip=0x716a80d11cad vm_ip_off=0x311cad vm_flags=0x524c03c5 vm_state=0x7df7dfda vm_byte=0x3a target=0x716a80ab8556 target_off=0xb8556
[DISPATCH] site=0xcdac7 count=1683 slot=0x716a80ac40c8 slot_off=0xc40c8 idx=0x9b0 frame=0x716a80a7836d frame_off=0x7836d vm_ip=0x716a80d11f69 vm_ip_off=0x311f69 vm_flags=0x8e78f1da vm_state=0xeb377ffe vm_byte=0x3a target=0x716a80ab8556 target_off=0xb8556
[DISPATCH] site=0xcdac7 count=1684 slot=0x716a80ac40c8 slot_off=0xc40c8 idx=0x9b0 frame=0x716a80a7836d frame_off=0x7836d vm_ip=0x716a80d1223a vm_ip_off=0x31223a vm_flags=0x8e4e0de5 vm_state=0x7bd7fefb vm_byte=0x3a target=0x716a80ab8556 target_off=0xb8556
[DISPATCH] site=0xcdac7 count=1685 slot=0x716a80ac3c60 slot_off=0xc3c60 idx=0x548 frame=0x716a80a7836d frame_off=0x7836d vm_ip=0x716a80d12464 vm_ip_off=0x312464 vm_flags=0x347541db vm_state=0x69945ffa vm_byte=0x3a target=0x716a80a9af18 target_off=0x9af18
[DISPATCH] site=0xcdac7 count=1686 slot=0x716a80ac40c8 slot_off=0xc40c8 idx=0x9b0 frame=0x716a80a7836d frame_off=0x7836d vm_ip=0x716a80d1268e vm_ip_off=0x31268e vm_flags=0x5675bb90 vm_state=0xffc76ef9 vm_byte=0x3a target=0x716a80ab8556 target_off=0xb8556
[DISPATCH] site=0xcdac7 count=1687 slot=0x716a80ac3c60 slot_off=0xc3c60 idx=0x548 frame=0x716a80a7836d frame_off=0x7836d vm_ip=0x716a80d12868 vm_ip_off=0x312868 vm_flags=0x221c12 vm_state=0x3f06a742 vm_byte=0x3a target=0x716a80a9af18 target_off=0x9af18
[DISPATCH] site=0xcdac7 count=1688 slot=0x716a80ac3c60 slot_off=0xc3c60 idx=0x548 frame=0x716a80a7836d frame_off=0x7836d vm_ip=0x716a80d12aee vm_ip_off=0x312aee vm_flags=0x8e3c0ca2 vm_state=0x6f95fefa vm_byte=0x3a target=0x716a80a9af18 target_off=0x9af18
[DISPATCH] site=0xcdac7 count=1689 slot=0x716a80ac3c60 slot_off=0xc3c60 idx=0x548 frame=0x716a80a7836d frame_off=0x7836d vm_ip=0x716a80d12cd0 vm_ip_off=0x312cd0 vm_flags=0xfbf79ddb vm_state=0xf9f3eb74 vm_byte=0x3a target=0x716a80a9af18 target_off=0x9af18
[DISPATCH] site=0xcdac7 count=1690 slot=0x716a80ac40c8 slot_off=0xc40c8 idx=0x9b0 frame=0x716a80a7836d frame_off=0x7836d vm_ip=0x716a80d12f26 vm_ip_off=0x312f26 vm_flags=0x4b8eb2de vm_state=0x7b1c5e5e vm_byte=0x3a target=0x716a80ab8556 target_off=0xb8556
[DISPATCH] site=0xcdac7 count=1691 slot=0x716a80ac40c8 slot_off=0xc40c8 idx=0x9b0 frame=0x716a80a7836d frame_off=0x7836d vm_ip=0x716a80d13169 vm_ip_off=0x313169 vm_flags=0x7afe7fef vm_state=0x727e02a8 vm_byte=0x3a target=0x716a80ab8556 target_off=0xb8556
[DISPATCH] site=0xcdac7 count=1692 slot=0x716a80ac3c60 slot_off=0xc3c60 idx=0x548 frame=0x716a80a7836d frame_off=0x7836d vm_ip=0x716a80d1334b vm_ip_off=0x31334b vm_flags=0xce4d8465 vm_state=0x7f3e7f7b vm_byte=0x3a target=0x716a80a9af18 target_off=0x9af18
[DISPATCH] site=0xcdac7 count=1693 slot=0x716a80ac3c60 slot_off=0xc3c60 idx=0x548 frame=0x716a80a7836d frame_off=0x7836d vm_ip=0x716a80d135b9 vm_ip_off=0x3135b9 vm_flags=0xc917a90d vm_state=0xc917a90d vm_byte=0x3a target=0x716a80a9af18 target_off=0x9af18
[DISPATCH] site=0xcdac7 count=1694 slot=0x716a80ac40c8 slot_off=0xc40c8 idx=0x9b0 frame=0x716a80a7836d frame_off=0x7836d vm_ip=0x716a80d137fc vm_ip_off=0x3137fc vm_flags=0x8df97560 vm_state=0x694cb90f vm_byte=0x3a target=0x716a80ab8556 target_off=0xb8556
[DISPATCH] site=0xcdac7 count=1695 slot=0x716a80ac40c8 slot_off=0xc40c8 idx=0x9b0 frame=0x716a80a7836d frame_off=0x7836d vm_ip=0x716a80d139de vm_ip_off=0x3139de vm_flags=0x4a612e32 vm_state=0x5f8f8af3 vm_byte=0x3a target=0x716a80ab8556 target_off=0xb8556
[DISPATCH] site=0xcdac7 count=1696 slot=0x716a80ac3c60 slot_off=0xc3c60 idx=0x548 frame=0x716a80a7836d frame_off=0x7836d vm_ip=0x716a80d13c4c vm_ip_off=0x313c4c vm_flags=0x8f70318b vm_state=0xfbfb8b3c vm_byte=0x3a target=0x716a80a9af18 target_off=0x9af18
[DISPATCH] site=0xcdac7 count=1697 slot=0x716a80ac3c60 slot_off=0xc3c60 idx=0x548 frame=0x716a80a7836d frame_off=0x7836d vm_ip=0x716a80d13e8f vm_ip_off=0x313e8f vm_flags=0xfed1df96 vm_state=0x58a4dcd6 vm_byte=0x3a target=0x716a80a9af18 target_off=0x9af18
[DISPATCH] site=0xcdac7 count=1698 slot=0x716a80ac3c60 slot_off=0xc3c60 idx=0x548 frame=0x716a80a7836d frame_off=0x7836d vm_ip=0x716a80d14071 vm_ip_off=0x314071 vm_flags=0x4ac60206 vm_state=0x5ee7d2fb vm_byte=0x3a target=0x716a80a9af18 target_off=0x9af18
[DISPATCH] site=0xcdac7 count=1699 slot=0x716a80ac40c8 slot_off=0xc40c8 idx=0x9b0 frame=0x716a80a7836d frame_off=0x7836d vm_ip=0x716a80d142df vm_ip_off=0x3142df vm_flags=0x861eb185 vm_state=0xdf95e7f4 vm_byte=0x3a target=0x716a80ab8556 target_off=0xb8556
[DISPATCH] site=0xcdac7 count=1700 slot=0x716a80ac40c8 slot_off=0xc40c8 idx=0x9b0 frame=0x716a80a7836d frame_off=0x7836d vm_ip=0x716a80d14522 vm_ip_off=0x314522 vm_flags=0x34a042ea vm_state=0x3ce04eeb vm_byte=0x3a target=0x716a80ab8556 target_off=0xb8556
[DISPATCH] site=0xcdac7 count=1701 slot=0x716a80ac40c8 slot_off=0xc40c8 idx=0x9b0 frame=0x716a80a7836d frame_off=0x7836d vm_ip=0x716a80d14704 vm_ip_off=0x314704 vm_flags=0xfcdeff37 vm_state=0xfcd60600 vm_byte=0x3a target=0x716a80ab8556 target_off=0xb8556
[DISPATCH] site=0xcdac7 count=1702 slot=0x716a80ac3c60 slot_off=0xc3c60 idx=0x548 frame=0x716a80a7836d frame_off=0x7836d vm_ip=0x716a80d14972 vm_ip_off=0x314972 vm_flags=0xf8eeff37 vm_state=0xf8e60910 vm_byte=0x3a target=0x716a80a9af18 target_off=0x9af18
[DISPATCH] site=0xcdac7 count=1703 slot=0x716a80ac40c8 slot_off=0xc40c8 idx=0x9b0 frame=0x716a80a7836d frame_off=0x7836d vm_ip=0x716a80d14bb5 vm_ip_off=0x314bb5 vm_flags=0x62662dfb vm_state=0xbffcca14 vm_byte=0x3a target=0x716a80ab8556 target_off=0xb8556
[DISPATCH] site=0xcdac7 count=1704 slot=0x716a80ac3c60 slot_off=0xc3c60 idx=0x548 frame=0x716a80a7836d frame_off=0x7836d vm_ip=0x716a80d14d97 vm_ip_off=0x314d97 vm_flags=0xfadf7f2d vm_state=0xf21b0800 vm_byte=0x3a target=0x716a80a9af18 target_off=0x9af18
[DISPATCH] site=0xcdac7 count=1705 slot=0x716a80ac40c8 slot_off=0xc40c8 idx=0x9b0 frame=0x716a80a7836d frame_off=0x7836d vm_ip=0x716a80d15005 vm_ip_off=0x315005 vm_flags=0xe34473c6 vm_state=0xe74477c6 vm_byte=0x3a target=0x716a80ab8556 target_off=0xb8556
[DISPATCH] site=0xcdac7 count=1706 slot=0x716a80ac40c8 slot_off=0xc40c8 idx=0x9b0 frame=0x716a80a7836d frame_off=0x7836d vm_ip=0x716a80d1522f vm_ip_off=0x31522f vm_flags=0x69b0303a vm_state=0x69145e5a vm_byte=0x3a target=0x716a80ab8556 target_off=0xb8556
[DISPATCH] site=0xcdac7 count=1707 slot=0x716a80ac3c60 slot_off=0xc3c60 idx=0x548 frame=0x716a80a7836d frame_off=0x7836d vm_ip=0x716a80d15486 vm_ip_off=0x315486 vm_flags=0x841ab3c5 vm_state=0x841ab3c5 vm_byte=0x3a target=0x716a80a9af18 target_off=0x9af18
[DISPATCH] site=0xcdac7 count=1708 slot=0x716a80ac3c60 slot_off=0xc3c60 idx=0x548 frame=0x716a80a7836d frame_off=0x7836d vm_ip=0x716a80d156ca vm_ip_off=0x3156ca vm_flags=0xf613f930 vm_state=0x3ffce85e vm_byte=0x3a target=0x716a80a9af18 target_off=0x9af18
[DISPATCH] site=0xcdac7 count=1709 slot=0x716a80ac3c60 slot_off=0xc3c60 idx=0x548 frame=0x716a80a7836d frame_off=0x7836d vm_ip=0x716a80d15969 vm_ip_off=0x315969 vm_flags=0x2ab32381 vm_state=0x2af72783 vm_byte=0x3a target=0x716a80a9af18 target_off=0x9af18
[DISPATCH] site=0xcdac7 count=1710 slot=0x716a80ac3c60 slot_off=0xc3c60 idx=0x548 frame=0x716a80a7836d frame_off=0x7836d vm_ip=0x716a80d15bbf vm_ip_off=0x315bbf vm_flags=0x6e5d9892 vm_state=0x4000d60c vm_byte=0x3a target=0x716a80a9af18 target_off=0x9af18
[DISPATCH] site=0xcdac7 count=1711 slot=0x716a80ac40c8 slot_off=0xc40c8 idx=0x9b0 frame=0x716a80a7836d frame_off=0x7836d vm_ip=0x716a80d10ca5 vm_ip_off=0x310ca5 vm_flags=0x148226cc vm_state=0xffaffb65 vm_byte=0x3a target=0x716a80ab8556 target_off=0xb8556
[DISPATCH] site=0xcdac7 count=1712 slot=0x716a80ac40c8 slot_off=0xc40c8 idx=0x9b0 frame=0x716a80a7836d frame_off=0x7836d vm_ip=0x716a80d10ef0 vm_ip_off=0x310ef0 vm_flags=0x14100010 vm_state=0x3f0612b2 vm_byte=0x3a target=0x716a80ab8556 target_off=0xb8556
[DISPATCH] site=0xcdac7 count=1713 slot=0x716a80ac3c60 slot_off=0xc3c60 idx=0x548 frame=0x716a80a7836d frame_off=0x7836d vm_ip=0x716a80d11163 vm_ip_off=0x311163 vm_flags=0xc83095f0 vm_state=0x400110fe vm_byte=0x3a target=0x716a80a9af18 target_off=0x9af18
[DISPATCH] site=0xcdac7 count=1714 slot=0x716a80ac3c60 slot_off=0xc3c60 idx=0x548 frame=0x716a80a7836d frame_off=0x7836d vm_ip=0x716a80d113a5 vm_ip_off=0x3113a5 vm_flags=0x7adeff2e vm_state=0x78de0800 vm_byte=0x3a target=0x716a80a9af18 target_off=0x9af18
[DISPATCH] site=0xcdac7 count=1715 slot=0x716a80ac40c8 slot_off=0xc40c8 idx=0x9b0 frame=0x716a80a7836d frame_off=0x7836d vm_ip=0x716a80d115e7 vm_ip_off=0x3115e7 vm_flags=0x2948 vm_state=0x2948 vm_byte=0x3a target=0x716a80ab8556 target_off=0xb8556
[DISPATCH] site=0xcdac7 count=1716 slot=0x716a80ac3c60 slot_off=0xc3c60 idx=0x548 frame=0x716a80a7836d frame_off=0x7836d vm_ip=0x716a80d11829 vm_ip_off=0x311829 vm_flags=0x3acddfde vm_state=0x585c5c02 vm_byte=0x3a target=0x716a80a9af18 target_off=0x9af18
[DISPATCH] site=0xcdac7 count=1717 slot=0x716a80ac3c60 slot_off=0xc3c60 idx=0x548 frame=0x716a80a7836d frame_off=0x7836d vm_ip=0x716a80d11a6b vm_ip_off=0x311a6b vm_flags=0xef1b287 vm_state=0x69145f5a vm_byte=0x3a target=0x716a80a9af18 target_off=0x9af18
[DISPATCH] site=0xcdac7 count=1718 slot=0x716a80ac40c8 slot_off=0xc40c8 idx=0x9b0 frame=0x716a80a7836d frame_off=0x7836d vm_ip=0x716a80d11cad vm_ip_off=0x311cad vm_flags=0x524c03c5 vm_state=0x7df7dfda vm_byte=0x3a target=0x716a80ab8556 target_off=0xb8556
[DISPATCH] site=0xcdac7 count=1719 slot=0x716a80ac40c8 slot_off=0xc40c8 idx=0x9b0 frame=0x716a80a7836d frame_off=0x7836d vm_ip=0x716a80d11f69 vm_ip_off=0x311f69 vm_flags=0x8e78f1da vm_state=0xeb377ffe vm_byte=0x3a target=0x716a80ab8556 target_off=0xb8556
[DISPATCH] site=0xcdac7 count=1720 slot=0x716a80ac40c8 slot_off=0xc40c8 idx=0x9b0 frame=0x716a80a7836d frame_off=0x7836d vm_ip=0x716a80d1223a vm_ip_off=0x31223a vm_flags=0x8e4e0de5 vm_state=0x7bd7fefb vm_byte=0x3a target=0x716a80ab8556 target_off=0xb8556
[DISPATCH] site=0xcdac7 count=1721 slot=0x716a80ac3c60 slot_off=0xc3c60 idx=0x548 frame=0x716a80a7836d frame_off=0x7836d vm_ip=0x716a80d12464 vm_ip_off=0x312464 vm_flags=0x347541db vm_state=0x69945ffa vm_byte=0x3a target=0x716a80a9af18 target_off=0x9af18
[DISPATCH] site=0xcdac7 count=1722 slot=0x716a80ac40c8 slot_off=0xc40c8 idx=0x9b0 frame=0x716a80a7836d frame_off=0x7836d vm_ip=0x716a80d1268e vm_ip_off=0x31268e vm_flags=0x5675bb90 vm_state=0xffc76ef9 vm_byte=0x3a target=0x716a80ab8556 target_off=0xb8556
[DISPATCH] site=0xcdac7 count=1723 slot=0x716a80ac3c60 slot_off=0xc3c60 idx=0x548 frame=0x716a80a7836d frame_off=0x7836d vm_ip=0x716a80d12868 vm_ip_off=0x312868 vm_flags=0x221c12 vm_state=0x3f06a742 vm_byte=0x3a target=0x716a80a9af18 target_off=0x9af18
[DISPATCH] site=0xcdac7 count=1724 slot=0x716a80ac3c60 slot_off=0xc3c60 idx=0x548 frame=0x716a80a7836d frame_off=0x7836d vm_ip=0x716a80d12aee vm_ip_off=0x312aee vm_flags=0x8e3c0ca2 vm_state=0x6f95fefa vm_byte=0x3a target=0x716a80a9af18 target_off=0x9af18
[DISPATCH] site=0xcdac7 count=1725 slot=0x716a80ac3c60 slot_off=0xc3c60 idx=0x548 frame=0x716a80a7836d frame_off=0x7836d vm_ip=0x716a80d12cd0 vm_ip_off=0x312cd0 vm_flags=0xfbf79ddb vm_state=0xf9f3eb74 vm_byte=0x3a target=0x716a80a9af18 target_off=0x9af18
[DISPATCH] site=0xcdac7 count=1726 slot=0x716a80ac40c8 slot_off=0xc40c8 idx=0x9b0 frame=0x716a80a7836d frame_off=0x7836d vm_ip=0x716a80d12f26 vm_ip_off=0x312f26 vm_flags=0x4b8eb2de vm_state=0x7b1c5e5e vm_byte=0x3a target=0x716a80ab8556 target_off=0xb8556
[DISPATCH] site=0xcdac7 count=1727 slot=0x716a80ac40c8 slot_off=0xc40c8 idx=0x9b0 frame=0x716a80a7836d frame_off=0x7836d vm_ip=0x716a80d13169 vm_ip_off=0x313169 vm_flags=0x7afe7fef vm_state=0x727e02a8 vm_byte=0x3a target=0x716a80ab8556 target_off=0xb8556
[DISPATCH] site=0xcdac7 count=1728 slot=0x716a80ac3c60 slot_off=0xc3c60 idx=0x548 frame=0x716a80a7836d frame_off=0x7836d vm_ip=0x716a80d1334b vm_ip_off=0x31334b vm_flags=0xce4d8465 vm_state=0x7f3e7f7b vm_byte=0x3a target=0x716a80a9af18 target_off=0x9af18
[DISPATCH] site=0xcdac7 count=1729 slot=0x716a80ac3c60 slot_off=0xc3c60 idx=0x548 frame=0x716a80a7836d frame_off=0x7836d vm_ip=0x716a80d135b9 vm_ip_off=0x3135b9 vm_flags=0xc917a90d vm_state=0xc917a90d vm_byte=0x3a target=0x716a80a9af18 target_off=0x9af18
[DISPATCH] site=0xcdac7 count=1730 slot=0x716a80ac40c8 slot_off=0xc40c8 idx=0x9b0 frame=0x716a80a7836d frame_off=0x7836d vm_ip=0x716a80d137fc vm_ip_off=0x3137fc vm_flags=0x8df97560 vm_state=0x694cb90f vm_byte=0x3a target=0x716a80ab8556 target_off=0xb8556
[DISPATCH] site=0xcdac7 count=1731 slot=0x716a80ac40c8 slot_off=0xc40c8 idx=0x9b0 frame=0x716a80a7836d frame_off=0x7836d vm_ip=0x716a80d139de vm_ip_off=0x3139de vm_flags=0x4a612e32 vm_state=0x5f8f8af3 vm_byte=0x3a target=0x716a80ab8556 target_off=0xb8556
[DISPATCH] site=0xcdac7 count=1732 slot=0x716a80ac3c60 slot_off=0xc3c60 idx=0x548 frame=0x716a80a7836d frame_off=0x7836d vm_ip=0x716a80d13c4c vm_ip_off=0x313c4c vm_flags=0x8f70318b vm_state=0xfbfb8b3c vm_byte=0x3a target=0x716a80a9af18 target_off=0x9af18
[DISPATCH] site=0xcdac7 count=1733 slot=0x716a80ac3c60 slot_off=0xc3c60 idx=0x548 frame=0x716a80a7836d frame_off=0x7836d vm_ip=0x716a80d13e8f vm_ip_off=0x313e8f vm_flags=0xfed1df96 vm_state=0x58a4dcd6 vm_byte=0x3a target=0x716a80a9af18 target_off=0x9af18
[DISPATCH] site=0xcdac7 count=1734 slot=0x716a80ac3c60 slot_off=0xc3c60 idx=0x548 frame=0x716a80a7836d frame_off=0x7836d vm_ip=0x716a80d14071 vm_ip_off=0x314071 vm_flags=0x4ac60206 vm_state=0x5ee7d2fb vm_byte=0x3a target=0x716a80a9af18 target_off=0x9af18
[DISPATCH] site=0xcdac7 count=1735 slot=0x716a80ac40c8 slot_off=0xc40c8 idx=0x9b0 frame=0x716a80a7836d frame_off=0x7836d vm_ip=0x716a80d142df vm_ip_off=0x3142df vm_flags=0x861eb185 vm_state=0xdf95e7f4 vm_byte=0x3a target=0x716a80ab8556 target_off=0xb8556
[DISPATCH] site=0xcdac7 count=1736 slot=0x716a80ac40c8 slot_off=0xc40c8 idx=0x9b0 frame=0x716a80a7836d frame_off=0x7836d vm_ip=0x716a80d14522 vm_ip_off=0x314522 vm_flags=0x34a042ea vm_state=0x3ce04eeb vm_byte=0x3a target=0x716a80ab8556 target_off=0xb8556
[DISPATCH] site=0xcdac7 count=1737 slot=0x716a80ac40c8 slot_off=0xc40c8 idx=0x9b0 frame=0x716a80a7836d frame_off=0x7836d vm_ip=0x716a80d14704 vm_ip_off=0x314704 vm_flags=0xfcdeff37 vm_state=0xfcd60600 vm_byte=0x3a target=0x716a80ab8556 target_off=0xb8556
[DISPATCH] site=0xcdac7 count=1738 slot=0x716a80ac3c60 slot_off=0xc3c60 idx=0x548 frame=0x716a80a7836d frame_off=0x7836d vm_ip=0x716a80d14972 vm_ip_off=0x314972 vm_flags=0xf8eeff37 vm_state=0xf8e60910 vm_byte=0x3a target=0x716a80a9af18 target_off=0x9af18
[DISPATCH] site=0xcdac7 count=1739 slot=0x716a80ac40c8 slot_off=0xc40c8 idx=0x9b0 frame=0x716a80a7836d frame_off=0x7836d vm_ip=0x716a80d14bb5 vm_ip_off=0x314bb5 vm_flags=0x62662dfb vm_state=0xbffcca14 vm_byte=0x3a target=0x716a80ab8556 target_off=0xb8556
[DISPATCH] site=0xcdac7 count=1740 slot=0x716a80ac3c60 slot_off=0xc3c60 idx=0x548 frame=0x716a80a7836d frame_off=0x7836d vm_ip=0x716a80d14d97 vm_ip_off=0x314d97 vm_flags=0xfadf7f2d vm_state=0xf21b0800 vm_byte=0x3a target=0x716a80a9af18 target_off=0x9af18
[DISPATCH] site=0xcdac7 count=1741 slot=0x716a80ac40c8 slot_off=0xc40c8 idx=0x9b0 frame=0x716a80a7836d frame_off=0x7836d vm_ip=0x716a80d15005 vm_ip_off=0x315005 vm_flags=0xe34473c6 vm_state=0xe74477c6 vm_byte=0x3a target=0x716a80ab8556 target_off=0xb8556
[DISPATCH] site=0xcdac7 count=1742 slot=0x716a80ac40c8 slot_off=0xc40c8 idx=0x9b0 frame=0x716a80a7836d frame_off=0x7836d vm_ip=0x716a80d1522f vm_ip_off=0x31522f vm_flags=0x69b0303a vm_state=0x69145e5a vm_byte=0x3a target=0x716a80ab8556 target_off=0xb8556
[DISPATCH] site=0xcdac7 count=1743 slot=0x716a80ac3c60 slot_off=0xc3c60 idx=0x548 frame=0x716a80a7836d frame_off=0x7836d vm_ip=0x716a80d15486 vm_ip_off=0x315486 vm_flags=0x841ab3c5 vm_state=0x841ab3c5 vm_byte=0x3a target=0x716a80a9af18 target_off=0x9af18
[DISPATCH] site=0xcdac7 count=1744 slot=0x716a80ac3c60 slot_off=0xc3c60 idx=0x548 frame=0x716a80a7836d frame_off=0x7836d vm_ip=0x716a80d156ca vm_ip_off=0x3156ca vm_flags=0xf613f930 vm_state=0x3ffce85e vm_byte=0x3a target=0x716a80a9af18 target_off=0x9af18
[DISPATCH] site=0xcdac7 count=1745 slot=0x716a80ac3c60 slot_off=0xc3c60 idx=0x548 frame=0x716a80a7836d frame_off=0x7836d vm_ip=0x716a80d15969 vm_ip_off=0x315969 vm_flags=0x2ab32381 vm_state=0x2af72783 vm_byte=0x3a target=0x716a80a9af18 target_off=0x9af18
[DISPATCH] site=0xcdac7 count=1746 slot=0x716a80ac3c60 slot_off=0xc3c60 idx=0x548 frame=0x716a80a7836d frame_off=0x7836d vm_ip=0x716a80d15bbf vm_ip_off=0x315bbf vm_flags=0x6e5d9892 vm_state=0x4000d60c vm_byte=0x3a target=0x716a80a9af18 target_off=0x9af18
[DISPATCH] site=0xcdac7 count=1747 slot=0x716a80ac40c8 slot_off=0xc40c8 idx=0x9b0 frame=0x716a80a7836d frame_off=0x7836d vm_ip=0x716a80d10ca5 vm_ip_off=0x310ca5 vm_flags=0x148226cc vm_state=0xffaffb65 vm_byte=0x3a target=0x716a80ab8556 target_off=0xb8556
[DISPATCH] site=0xcdac7 count=1748 slot=0x716a80ac40c8 slot_off=0xc40c8 idx=0x9b0 frame=0x716a80a7836d frame_off=0x7836d vm_ip=0x716a80d10ef0 vm_ip_off=0x310ef0 vm_flags=0x14100010 vm_state=0x3f0612b2 vm_byte=0x3a target=0x716a80ab8556 target_off=0xb8556
[DISPATCH] site=0xcdac7 count=1749 slot=0x716a80ac3c60 slot_off=0xc3c60 idx=0x548 frame=0x716a80a7836d frame_off=0x7836d vm_ip=0x716a80d11163 vm_ip_off=0x311163 vm_flags=0xc83095f0 vm_state=0x400110fe vm_byte=0x3a target=0x716a80a9af18 target_off=0x9af18
[DISPATCH] site=0xcdac7 count=1750 slot=0x716a80ac3c60 slot_off=0xc3c60 idx=0x548 frame=0x716a80a7836d frame_off=0x7836d vm_ip=0x716a80d113a5 vm_ip_off=0x3113a5 vm_flags=0x7adeff2e vm_state=0x78de0800 vm_byte=0x3a target=0x716a80a9af18 target_off=0x9af18
[DISPATCH] site=0xcdac7 count=1751 slot=0x716a80ac40c8 slot_off=0xc40c8 idx=0x9b0 frame=0x716a80a7836d frame_off=0x7836d vm_ip=0x716a80d115e7 vm_ip_off=0x3115e7 vm_flags=0x2948 vm_state=0x2948 vm_byte=0x3a target=0x716a80ab8556 target_off=0xb8556
[DISPATCH] site=0xcdac7 count=1752 slot=0x716a80ac3c60 slot_off=0xc3c60 idx=0x548 frame=0x716a80a7836d frame_off=0x7836d vm_ip=0x716a80d11829 vm_ip_off=0x311829 vm_flags=0x3acddfde vm_state=0x585c5c02 vm_byte=0x3a target=0x716a80a9af18 target_off=0x9af18
[DISPATCH] site=0xcdac7 count=1753 slot=0x716a80ac3c60 slot_off=0xc3c60 idx=0x548 frame=0x716a80a7836d frame_off=0x7836d vm_ip=0x716a80d11a6b vm_ip_off=0x311a6b vm_flags=0xef1b287 vm_state=0x69145f5a vm_byte=0x3a target=0x716a80a9af18 target_off=0x9af18
[DISPATCH] site=0xcdac7 count=1754 slot=0x716a80ac40c8 slot_off=0xc40c8 idx=0x9b0 frame=0x716a80a7836d frame_off=0x7836d vm_ip=0x716a80d11cad vm_ip_off=0x311cad vm_flags=0x524c03c5 vm_state=0x7df7dfda vm_byte=0x3a target=0x716a80ab8556 target_off=0xb8556
[DISPATCH] site=0xcdac7 count=1755 slot=0x716a80ac40c8 slot_off=0xc40c8 idx=0x9b0 frame=0x716a80a7836d frame_off=0x7836d vm_ip=0x716a80d11f69 vm_ip_off=0x311f69 vm_flags=0x8e78f1da vm_state=0xeb377ffe vm_byte=0x3a target=0x716a80ab8556 target_off=0xb8556
[DISPATCH] site=0xcdac7 count=1756 slot=0x716a80ac40c8 slot_off=0xc40c8 idx=0x9b0 frame=0x716a80a7836d frame_off=0x7836d vm_ip=0x716a80d1223a vm_ip_off=0x31223a vm_flags=0x8e4e0de5 vm_state=0x7bd7fefb vm_byte=0x3a target=0x716a80ab8556 target_off=0xb8556
[DISPATCH] site=0xcdac7 count=1757 slot=0x716a80ac3c60 slot_off=0xc3c60 idx=0x548 frame=0x716a80a7836d frame_off=0x7836d vm_ip=0x716a80d12464 vm_ip_off=0x312464 vm_flags=0x347541db vm_state=0x69945ffa vm_byte=0x3a target=0x716a80a9af18 target_off=0x9af18
[DISPATCH] site=0xcdac7 count=1758 slot=0x716a80ac40c8 slot_off=0xc40c8 idx=0x9b0 frame=0x716a80a7836d frame_off=0x7836d vm_ip=0x716a80d1268e vm_ip_off=0x31268e vm_flags=0x5675bb90 vm_state=0xffc76ef9 vm_byte=0x3a target=0x716a80ab8556 target_off=0xb8556
[DISPATCH] site=0xcdac7 count=1759 slot=0x716a80ac3c60 slot_off=0xc3c60 idx=0x548 frame=0x716a80a7836d frame_off=0x7836d vm_ip=0x716a80d12868 vm_ip_off=0x312868 vm_flags=0x221c12 vm_state=0x3f06a742 vm_byte=0x3a target=0x716a80a9af18 target_off=0x9af18
[DISPATCH] site=0xcdac7 count=1760 slot=0x716a80ac3c60 slot_off=0xc3c60 idx=0x548 frame=0x716a80a7836d frame_off=0x7836d vm_ip=0x716a80d12aee vm_ip_off=0x312aee vm_flags=0x8e3c0ca2 vm_state=0x6f95fefa vm_byte=0x3a target=0x716a80a9af18 target_off=0x9af18
[DISPATCH] site=0xcdac7 count=1761 slot=0x716a80ac3c60 slot_off=0xc3c60 idx=0x548 frame=0x716a80a7836d frame_off=0x7836d vm_ip=0x716a80d12cd0 vm_ip_off=0x312cd0 vm_flags=0xfbf79ddb vm_state=0xf9f3eb74 vm_byte=0x3a target=0x716a80a9af18 target_off=0x9af18
[DISPATCH] site=0xcdac7 count=1762 slot=0x716a80ac40c8 slot_off=0xc40c8 idx=0x9b0 frame=0x716a80a7836d frame_off=0x7836d vm_ip=0x716a80d12f26 vm_ip_off=0x312f26 vm_flags=0x4b8eb2de vm_state=0x7b1c5e5e vm_byte=0x3a target=0x716a80ab8556 target_off=0xb8556
[DISPATCH] site=0xcdac7 count=1763 slot=0x716a80ac40c8 slot_off=0xc40c8 idx=0x9b0 frame=0x716a80a7836d frame_off=0x7836d vm_ip=0x716a80d13169 vm_ip_off=0x313169 vm_flags=0x7afe7fef vm_state=0x727e02a8 vm_byte=0x3a target=0x716a80ab8556 target_off=0xb8556
[DISPATCH] site=0xcdac7 count=1764 slot=0x716a80ac3c60 slot_off=0xc3c60 idx=0x548 frame=0x716a80a7836d frame_off=0x7836d vm_ip=0x716a80d1334b vm_ip_off=0x31334b vm_flags=0xce4d8465 vm_state=0x7f3e7f7b vm_byte=0x3a target=0x716a80a9af18 target_off=0x9af18
[DISPATCH] site=0xcdac7 count=1765 slot=0x716a80ac3c60 slot_off=0xc3c60 idx=0x548 frame=0x716a80a7836d frame_off=0x7836d vm_ip=0x716a80d135b9 vm_ip_off=0x3135b9 vm_flags=0xc917a90d vm_state=0xc917a90d vm_byte=0x3a target=0x716a80a9af18 target_off=0x9af18
[DISPATCH] site=0xcdac7 count=1766 slot=0x716a80ac40c8 slot_off=0xc40c8 idx=0x9b0 frame=0x716a80a7836d frame_off=0x7836d vm_ip=0x716a80d137fc vm_ip_off=0x3137fc vm_flags=0x8df97560 vm_state=0x694cb90f vm_byte=0x3a target=0x716a80ab8556 target_off=0xb8556
[DISPATCH] site=0xcdac7 count=1767 slot=0x716a80ac40c8 slot_off=0xc40c8 idx=0x9b0 frame=0x716a80a7836d frame_off=0x7836d vm_ip=0x716a80d139de vm_ip_off=0x3139de vm_flags=0x4a612e32 vm_state=0x5f8f8af3 vm_byte=0x3a target=0x716a80ab8556 target_off=0xb8556
[DISPATCH] site=0xcdac7 count=1768 slot=0x716a80ac3c60 slot_off=0xc3c60 idx=0x548 frame=0x716a80a7836d frame_off=0x7836d vm_ip=0x716a80d13c4c vm_ip_off=0x313c4c vm_flags=0x8f70318b vm_state=0xfbfb8b3c vm_byte=0x3a target=0x716a80a9af18 target_off=0x9af18
[DISPATCH] site=0xcdac7 count=1769 slot=0x716a80ac3c60 slot_off=0xc3c60 idx=0x548 frame=0x716a80a7836d frame_off=0x7836d vm_ip=0x716a80d13e8f vm_ip_off=0x313e8f vm_flags=0xfed1df96 vm_state=0x58a4dcd6 vm_byte=0x3a target=0x716a80a9af18 target_off=0x9af18
[DISPATCH] site=0xcdac7 count=1770 slot=0x716a80ac3c60 slot_off=0xc3c60 idx=0x548 frame=0x716a80a7836d frame_off=0x7836d vm_ip=0x716a80d14071 vm_ip_off=0x314071 vm_flags=0x4ac60206 vm_state=0x5ee7d2fb vm_byte=0x3a target=0x716a80a9af18 target_off=0x9af18
[DISPATCH] site=0xcdac7 count=1771 slot=0x716a80ac40c8 slot_off=0xc40c8 idx=0x9b0 frame=0x716a80a7836d frame_off=0x7836d vm_ip=0x716a80d142df vm_ip_off=0x3142df vm_flags=0x861eb185 vm_state=0xdf95e7f4 vm_byte=0x3a target=0x716a80ab8556 target_off=0xb8556
[DISPATCH] site=0xcdac7 count=1772 slot=0x716a80ac40c8 slot_off=0xc40c8 idx=0x9b0 frame=0x716a80a7836d frame_off=0x7836d vm_ip=0x716a80d14522 vm_ip_off=0x314522 vm_flags=0x34a042ea vm_state=0x3ce04eeb vm_byte=0x3a target=0x716a80ab8556 target_off=0xb8556
[DISPATCH] site=0xcdac7 count=1773 slot=0x716a80ac40c8 slot_off=0xc40c8 idx=0x9b0 frame=0x716a80a7836d frame_off=0x7836d vm_ip=0x716a80d14704 vm_ip_off=0x314704 vm_flags=0xfcdeff37 vm_state=0xfcd60600 vm_byte=0x3a target=0x716a80ab8556 target_off=0xb8556
[DISPATCH] site=0xcdac7 count=1774 slot=0x716a80ac3c60 slot_off=0xc3c60 idx=0x548 frame=0x716a80a7836d frame_off=0x7836d vm_ip=0x716a80d14972 vm_ip_off=0x314972 vm_flags=0xf8eeff37 vm_state=0xf8e60910 vm_byte=0x3a target=0x716a80a9af18 target_off=0x9af18
[DISPATCH] site=0xcdac7 count=1775 slot=0x716a80ac40c8 slot_off=0xc40c8 idx=0x9b0 frame=0x716a80a7836d frame_off=0x7836d vm_ip=0x716a80d14bb5 vm_ip_off=0x314bb5 vm_flags=0x62662dfb vm_state=0xbffcca14 vm_byte=0x3a target=0x716a80ab8556 target_off=0xb8556
[DISPATCH] site=0xcdac7 count=1776 slot=0x716a80ac3c60 slot_off=0xc3c60 idx=0x548 frame=0x716a80a7836d frame_off=0x7836d vm_ip=0x716a80d14d97 vm_ip_off=0x314d97 vm_flags=0xfadf7f2d vm_state=0xf21b0800 vm_byte=0x3a target=0x716a80a9af18 target_off=0x9af18
[DISPATCH] site=0xcdac7 count=1777 slot=0x716a80ac40c8 slot_off=0xc40c8 idx=0x9b0 frame=0x716a80a7836d frame_off=0x7836d vm_ip=0x716a80d15005 vm_ip_off=0x315005 vm_flags=0xe34473c6 vm_state=0xe74477c6 vm_byte=0x3a target=0x716a80ab8556 target_off=0xb8556
[DISPATCH] site=0xcdac7 count=1778 slot=0x716a80ac40c8 slot_off=0xc40c8 idx=0x9b0 frame=0x716a80a7836d frame_off=0x7836d vm_ip=0x716a80d1522f vm_ip_off=0x31522f vm_flags=0x69b0303a vm_state=0x69145e5a vm_byte=0x3a target=0x716a80ab8556 target_off=0xb8556
[DISPATCH] site=0xcdac7 count=1779 slot=0x716a80ac3c60 slot_off=0xc3c60 idx=0x548 frame=0x716a80a7836d frame_off=0x7836d vm_ip=0x716a80d15486 vm_ip_off=0x315486 vm_flags=0x841ab3c5 vm_state=0x841ab3c5 vm_byte=0x3a target=0x716a80a9af18 target_off=0x9af18
[DISPATCH] site=0xcdac7 count=1780 slot=0x716a80ac3c60 slot_off=0xc3c60 idx=0x548 frame=0x716a80a7836d frame_off=0x7836d vm_ip=0x716a80d156ca vm_ip_off=0x3156ca vm_flags=0xf613f930 vm_state=0x3ffce85e vm_byte=0x3a target=0x716a80a9af18 target_off=0x9af18
[DISPATCH] site=0xcdac7 count=1781 slot=0x716a80ac3c60 slot_off=0xc3c60 idx=0x548 frame=0x716a80a7836d frame_off=0x7836d vm_ip=0x716a80d15969 vm_ip_off=0x315969 vm_flags=0x2ab32381 vm_state=0x2af72783 vm_byte=0x3a target=0x716a80a9af18 target_off=0x9af18
[DISPATCH] site=0xcdac7 count=1782 slot=0x716a80ac3c60 slot_off=0xc3c60 idx=0x548 frame=0x716a80a7836d frame_off=0x7836d vm_ip=0x716a80d15bbf vm_ip_off=0x315bbf vm_flags=0x6e5d9892 vm_state=0x4000d60c vm_byte=0x3a target=0x716a80a9af18 target_off=0x9af18
[DISPATCH] site=0xcdac7 count=1783 slot=0x716a80ac40c8 slot_off=0xc40c8 idx=0x9b0 frame=0x716a80a7836d frame_off=0x7836d vm_ip=0x716a80d10ca5 vm_ip_off=0x310ca5 vm_flags=0x148226cc vm_state=0xffaffb65 vm_byte=0x3a target=0x716a80ab8556 target_off=0xb8556
[DISPATCH] site=0xcdac7 count=1784 slot=0x716a80ac40c8 slot_off=0xc40c8 idx=0x9b0 frame=0x716a80a7836d frame_off=0x7836d vm_ip=0x716a80d10ef0 vm_ip_off=0x310ef0 vm_flags=0x14100010 vm_state=0x3f0612b2 vm_byte=0x3a target=0x716a80ab8556 target_off=0xb8556
[DISPATCH] site=0xcdac7 count=1785 slot=0x716a80ac3c60 slot_off=0xc3c60 idx=0x548 frame=0x716a80a7836d frame_off=0x7836d vm_ip=0x716a80d11163 vm_ip_off=0x311163 vm_flags=0xc83095f0 vm_state=0x400110fe vm_byte=0x3a target=0x716a80a9af18 target_off=0x9af18
[DISPATCH] site=0xcdac7 count=1786 slot=0x716a80ac3c60 slot_off=0xc3c60 idx=0x548 frame=0x716a80a7836d frame_off=0x7836d vm_ip=0x716a80d113a5 vm_ip_off=0x3113a5 vm_flags=0x7adeff2e vm_state=0x78de0800 vm_byte=0x3a target=0x716a80a9af18 target_off=0x9af18
[DISPATCH] site=0xcdac7 count=1787 slot=0x716a80ac40c8 slot_off=0xc40c8 idx=0x9b0 frame=0x716a80a7836d frame_off=0x7836d vm_ip=0x716a80d115e7 vm_ip_off=0x3115e7 vm_flags=0x2948 vm_state=0x2948 vm_byte=0x3a target=0x716a80ab8556 target_off=0xb8556
[DISPATCH] site=0xcdac7 count=1788 slot=0x716a80ac3c60 slot_off=0xc3c60 idx=0x548 frame=0x716a80a7836d frame_off=0x7836d vm_ip=0x716a80d11829 vm_ip_off=0x311829 vm_flags=0x3acddfde vm_state=0x585c5c02 vm_byte=0x3a target=0x716a80a9af18 target_off=0x9af18
[DISPATCH] site=0xcdac7 count=1789 slot=0x716a80ac3c60 slot_off=0xc3c60 idx=0x548 frame=0x716a80a7836d frame_off=0x7836d vm_ip=0x716a80d11a6b vm_ip_off=0x311a6b vm_flags=0xef1b287 vm_state=0x69145f5a vm_byte=0x3a target=0x716a80a9af18 target_off=0x9af18
[DISPATCH] site=0xcdac7 count=1790 slot=0x716a80ac40c8 slot_off=0xc40c8 idx=0x9b0 frame=0x716a80a7836d frame_off=0x7836d vm_ip=0x716a80d11cad vm_ip_off=0x311cad vm_flags=0x524c03c5 vm_state=0x7df7dfda vm_byte=0x3a target=0x716a80ab8556 target_off=0xb8556
[DISPATCH] site=0xcdac7 count=1791 slot=0x716a80ac40c8 slot_off=0xc40c8 idx=0x9b0 frame=0x716a80a7836d frame_off=0x7836d vm_ip=0x716a80d11f69 vm_ip_off=0x311f69 vm_flags=0x8e78f1da vm_state=0xeb377ffe vm_byte=0x3a target=0x716a80ab8556 target_off=0xb8556
[DISPATCH] site=0xcdac7 count=1792 slot=0x716a80ac40c8 slot_off=0xc40c8 idx=0x9b0 frame=0x716a80a7836d frame_off=0x7836d vm_ip=0x716a80d1223a vm_ip_off=0x31223a vm_flags=0x8e4e0de5 vm_state=0x7bd7fefb vm_byte=0x3a target=0x716a80ab8556 target_off=0xb8556
[DISPATCH] site=0xcdac7 count=1793 slot=0x716a80ac3c60 slot_off=0xc3c60 idx=0x548 frame=0x716a80a7836d frame_off=0x7836d vm_ip=0x716a80d12464 vm_ip_off=0x312464 vm_flags=0x347541db vm_state=0x69945ffa vm_byte=0x3a target=0x716a80a9af18 target_off=0x9af18
[DISPATCH] site=0xcdac7 count=1794 slot=0x716a80ac40c8 slot_off=0xc40c8 idx=0x9b0 frame=0x716a80a7836d frame_off=0x7836d vm_ip=0x716a80d1268e vm_ip_off=0x31268e vm_flags=0x5675bb90 vm_state=0xffc76ef9 vm_byte=0x3a target=0x716a80ab8556 target_off=0xb8556
[DISPATCH] site=0xcdac7 count=1795 slot=0x716a80ac3c60 slot_off=0xc3c60 idx=0x548 frame=0x716a80a7836d frame_off=0x7836d vm_ip=0x716a80d12868 vm_ip_off=0x312868 vm_flags=0x221c12 vm_state=0x3f06a742 vm_byte=0x3a target=0x716a80a9af18 target_off=0x9af18
[DISPATCH] site=0xcdac7 count=1796 slot=0x716a80ac3c60 slot_off=0xc3c60 idx=0x548 frame=0x716a80a7836d frame_off=0x7836d vm_ip=0x716a80d12aee vm_ip_off=0x312aee vm_flags=0x8e3c0ca2 vm_state=0x6f95fefa vm_byte=0x3a target=0x716a80a9af18 target_off=0x9af18
[DISPATCH] site=0xcdac7 count=1797 slot=0x716a80ac3c60 slot_off=0xc3c60 idx=0x548 frame=0x716a80a7836d frame_off=0x7836d vm_ip=0x716a80d12cd0 vm_ip_off=0x312cd0 vm_flags=0xfbf79ddb vm_state=0xf9f3eb74 vm_byte=0x3a target=0x716a80a9af18 target_off=0x9af18
[DISPATCH] site=0xcdac7 count=1798 slot=0x716a80ac40c8 slot_off=0xc40c8 idx=0x9b0 frame=0x716a80a7836d frame_off=0x7836d vm_ip=0x716a80d12f26 vm_ip_off=0x312f26 vm_flags=0x4b8eb2de vm_state=0x7b1c5e5e vm_byte=0x3a target=0x716a80ab8556 target_off=0xb8556
[DISPATCH] site=0xcdac7 count=1799 slot=0x716a80ac40c8 slot_off=0xc40c8 idx=0x9b0 frame=0x716a80a7836d frame_off=0x7836d vm_ip=0x716a80d13169 vm_ip_off=0x313169 vm_flags=0x7afe7fef vm_state=0x727e02a8 vm_byte=0x3a target=0x716a80ab8556 target_off=0xb8556
[DISPATCH] site=0xcdac7 count=1800 slot=0x716a80ac3c60 slot_off=0xc3c60 idx=0x548 frame=0x716a80a7836d frame_off=0x7836d vm_ip=0x716a80d1334b vm_ip_off=0x31334b vm_flags=0xce4d8465 vm_state=0x7f3e7f7b vm_byte=0x3a target=0x716a80a9af18 target_off=0x9af18
[DISPATCH] site=0xcdac7 count=1801 slot=0x716a80ac3c60 slot_off=0xc3c60 idx=0x548 frame=0x716a80a7836d frame_off=0x7836d vm_ip=0x716a80d135b9 vm_ip_off=0x3135b9 vm_flags=0xc917a90d vm_state=0xc917a90d vm_byte=0x3a target=0x716a80a9af18 target_off=0x9af18
[DISPATCH] site=0xcdac7 count=1802 slot=0x716a80ac40c8 slot_off=0xc40c8 idx=0x9b0 frame=0x716a80a7836d frame_off=0x7836d vm_ip=0x716a80d137fc vm_ip_off=0x3137fc vm_flags=0x8df97560 vm_state=0x694cb90f vm_byte=0x3a target=0x716a80ab8556 target_off=0xb8556
[DISPATCH] site=0xcdac7 count=1803 slot=0x716a80ac40c8 slot_off=0xc40c8 idx=0x9b0 frame=0x716a80a7836d frame_off=0x7836d vm_ip=0x716a80d139de vm_ip_off=0x3139de vm_flags=0x4a612e32 vm_state=0x5f8f8af3 vm_byte=0x3a target=0x716a80ab8556 target_off=0xb8556
[DISPATCH] site=0xcdac7 count=1804 slot=0x716a80ac3c60 slot_off=0xc3c60 idx=0x548 frame=0x716a80a7836d frame_off=0x7836d vm_ip=0x716a80d13c4c vm_ip_off=0x313c4c vm_flags=0x8f70318b vm_state=0xfbfb8b3c vm_byte=0x3a target=0x716a80a9af18 target_off=0x9af18
[DISPATCH] site=0xcdac7 count=1805 slot=0x716a80ac3c60 slot_off=0xc3c60 idx=0x548 frame=0x716a80a7836d frame_off=0x7836d vm_ip=0x716a80d13e8f vm_ip_off=0x313e8f vm_flags=0xfed1df96 vm_state=0x58a4dcd6 vm_byte=0x3a target=0x716a80a9af18 target_off=0x9af18
[DISPATCH] site=0xcdac7 count=1806 slot=0x716a80ac3c60 slot_off=0xc3c60 idx=0x548 frame=0x716a80a7836d frame_off=0x7836d vm_ip=0x716a80d14071 vm_ip_off=0x314071 vm_flags=0x4ac60206 vm_state=0x5ee7d2fb vm_byte=0x3a target=0x716a80a9af18 target_off=0x9af18
[DISPATCH] site=0xcdac7 count=1807 slot=0x716a80ac40c8 slot_off=0xc40c8 idx=0x9b0 frame=0x716a80a7836d frame_off=0x7836d vm_ip=0x716a80d142df vm_ip_off=0x3142df vm_flags=0x861eb185 vm_state=0xdf95e7f4 vm_byte=0x3a target=0x716a80ab8556 target_off=0xb8556
[DISPATCH] site=0xcdac7 count=1808 slot=0x716a80ac40c8 slot_off=0xc40c8 idx=0x9b0 frame=0x716a80a7836d frame_off=0x7836d vm_ip=0x716a80d14522 vm_ip_off=0x314522 vm_flags=0x34a042ea vm_state=0x3ce04eeb vm_byte=0x3a target=0x716a80ab8556 target_off=0xb8556
[DISPATCH] site=0xcdac7 count=1809 slot=0x716a80ac40c8 slot_off=0xc40c8 idx=0x9b0 frame=0x716a80a7836d frame_off=0x7836d vm_ip=0x716a80d14704 vm_ip_off=0x314704 vm_flags=0xfcdeff37 vm_state=0xfcd60600 vm_byte=0x3a target=0x716a80ab8556 target_off=0xb8556
[DISPATCH] site=0xcdac7 count=1810 slot=0x716a80ac3c60 slot_off=0xc3c60 idx=0x548 frame=0x716a80a7836d frame_off=0x7836d vm_ip=0x716a80d14972 vm_ip_off=0x314972 vm_flags=0xf8eeff37 vm_state=0xf8e60910 vm_byte=0x3a target=0x716a80a9af18 target_off=0x9af18
[DISPATCH] site=0xcdac7 count=1811 slot=0x716a80ac40c8 slot_off=0xc40c8 idx=0x9b0 frame=0x716a80a7836d frame_off=0x7836d vm_ip=0x716a80d14bb5 vm_ip_off=0x314bb5 vm_flags=0x62662dfb vm_state=0xbffcca14 vm_byte=0x3a target=0x716a80ab8556 target_off=0xb8556
[DISPATCH] site=0xcdac7 count=1812 slot=0x716a80ac3c60 slot_off=0xc3c60 idx=0x548 frame=0x716a80a7836d frame_off=0x7836d vm_ip=0x716a80d14d97 vm_ip_off=0x314d97 vm_flags=0xfadf7f2d vm_state=0xf21b0800 vm_byte=0x3a target=0x716a80a9af18 target_off=0x9af18
[DISPATCH] site=0xcdac7 count=1813 slot=0x716a80ac40c8 slot_off=0xc40c8 idx=0x9b0 frame=0x716a80a7836d frame_off=0x7836d vm_ip=0x716a80d15005 vm_ip_off=0x315005 vm_flags=0xe34473c6 vm_state=0xe74477c6 vm_byte=0x3a target=0x716a80ab8556 target_off=0xb8556
[DISPATCH] site=0xcdac7 count=1814 slot=0x716a80ac40c8 slot_off=0xc40c8 idx=0x9b0 frame=0x716a80a7836d frame_off=0x7836d vm_ip=0x716a80d1522f vm_ip_off=0x31522f vm_flags=0x69b0303a vm_state=0x69145e5a vm_byte=0x3a target=0x716a80ab8556 target_off=0xb8556
[DISPATCH] site=0xcdac7 count=1815 slot=0x716a80ac3c60 slot_off=0xc3c60 idx=0x548 frame=0x716a80a7836d frame_off=0x7836d vm_ip=0x716a80d15486 vm_ip_off=0x315486 vm_flags=0x841ab3c5 vm_state=0x841ab3c5 vm_byte=0x3a target=0x716a80a9af18 target_off=0x9af18
[DISPATCH] site=0xcdac7 count=1816 slot=0x716a80ac3c60 slot_off=0xc3c60 idx=0x548 frame=0x716a80a7836d frame_off=0x7836d vm_ip=0x716a80d156ca vm_ip_off=0x3156ca vm_flags=0xf613f930 vm_state=0x3ffce85e vm_byte=0x3a target=0x716a80a9af18 target_off=0x9af18
[DISPATCH] site=0xcdac7 count=1817 slot=0x716a80ac3c60 slot_off=0xc3c60 idx=0x548 frame=0x716a80a7836d frame_off=0x7836d vm_ip=0x716a80d15969 vm_ip_off=0x315969 vm_flags=0x2ab32381 vm_state=0x2af72783 vm_byte=0x3a target=0x716a80a9af18 target_off=0x9af18
[DISPATCH] site=0xcdac7 count=1818 slot=0x716a80ac3c60 slot_off=0xc3c60 idx=0x548 frame=0x716a80a7836d frame_off=0x7836d vm_ip=0x716a80d15bbf vm_ip_off=0x315bbf vm_flags=0x6e5d9892 vm_state=0x4000d60c vm_byte=0x3a target=0x716a80a9af18 target_off=0x9af18
[DISPATCH] site=0xcdac7 count=1819 slot=0x716a80ac40c8 slot_off=0xc40c8 idx=0x9b0 frame=0x716a80a7836d frame_off=0x7836d vm_ip=0x716a80d10ca5 vm_ip_off=0x310ca5 vm_flags=0x148226cc vm_state=0xffaffb65 vm_byte=0x3a target=0x716a80ab8556 target_off=0xb8556
[DISPATCH] site=0xcdac7 count=1820 slot=0x716a80ac40c8 slot_off=0xc40c8 idx=0x9b0 frame=0x716a80a7836d frame_off=0x7836d vm_ip=0x716a80d10ef0 vm_ip_off=0x310ef0 vm_flags=0x14100010 vm_state=0x3f0612b2 vm_byte=0x3a target=0x716a80ab8556 target_off=0xb8556
[DISPATCH] site=0xcdac7 count=1821 slot=0x716a80ac3c60 slot_off=0xc3c60 idx=0x548 frame=0x716a80a7836d frame_off=0x7836d vm_ip=0x716a80d11163 vm_ip_off=0x311163 vm_flags=0xc83095f0 vm_state=0x400110fe vm_byte=0x3a target=0x716a80a9af18 target_off=0x9af18
[DISPATCH] site=0xcdac7 count=1822 slot=0x716a80ac3c60 slot_off=0xc3c60 idx=0x548 frame=0x716a80a7836d frame_off=0x7836d vm_ip=0x716a80d113a5 vm_ip_off=0x3113a5 vm_flags=0x7adeff2e vm_state=0x78de0800 vm_byte=0x3a target=0x716a80a9af18 target_off=0x9af18
[DISPATCH] site=0xcdac7 count=1823 slot=0x716a80ac40c8 slot_off=0xc40c8 idx=0x9b0 frame=0x716a80a7836d frame_off=0x7836d vm_ip=0x716a80d115e7 vm_ip_off=0x3115e7 vm_flags=0x2948 vm_state=0x2948 vm_byte=0x3a target=0x716a80ab8556 target_off=0xb8556
[DISPATCH] site=0xcdac7 count=1824 slot=0x716a80ac3c60 slot_off=0xc3c60 idx=0x548 frame=0x716a80a7836d frame_off=0x7836d vm_ip=0x716a80d11829 vm_ip_off=0x311829 vm_flags=0x3acddfde vm_state=0x585c5c02 vm_byte=0x3a target=0x716a80a9af18 target_off=0x9af18
[DISPATCH] site=0xcdac7 count=1825 slot=0x716a80ac3c60 slot_off=0xc3c60 idx=0x548 frame=0x716a80a7836d frame_off=0x7836d vm_ip=0x716a80d11a6b vm_ip_off=0x311a6b vm_flags=0xef1b287 vm_state=0x69145f5a vm_byte=0x3a target=0x716a80a9af18 target_off=0x9af18
[DISPATCH] site=0xcdac7 count=1826 slot=0x716a80ac40c8 slot_off=0xc40c8 idx=0x9b0 frame=0x716a80a7836d frame_off=0x7836d vm_ip=0x716a80d11cad vm_ip_off=0x311cad vm_flags=0x524c03c5 vm_state=0x7df7dfda vm_byte=0x3a target=0x716a80ab8556 target_off=0xb8556
[DISPATCH] site=0xcdac7 count=1827 slot=0x716a80ac40c8 slot_off=0xc40c8 idx=0x9b0 frame=0x716a80a7836d frame_off=0x7836d vm_ip=0x716a80d11f69 vm_ip_off=0x311f69 vm_flags=0x8e78f1da vm_state=0xeb377ffe vm_byte=0x3a target=0x716a80ab8556 target_off=0xb8556
[DISPATCH] site=0xcdac7 count=1828 slot=0x716a80ac40c8 slot_off=0xc40c8 idx=0x9b0 frame=0x716a80a7836d frame_off=0x7836d vm_ip=0x716a80d1223a vm_ip_off=0x31223a vm_flags=0x8e4e0de5 vm_state=0x7bd7fefb vm_byte=0x3a target=0x716a80ab8556 target_off=0xb8556
[DISPATCH] site=0xcdac7 count=1829 slot=0x716a80ac3c60 slot_off=0xc3c60 idx=0x548 frame=0x716a80a7836d frame_off=0x7836d vm_ip=0x716a80d12464 vm_ip_off=0x312464 vm_flags=0x347541db vm_state=0x69945ffa vm_byte=0x3a target=0x716a80a9af18 target_off=0x9af18
[DISPATCH] site=0xcdac7 count=1830 slot=0x716a80ac40c8 slot_off=0xc40c8 idx=0x9b0 frame=0x716a80a7836d frame_off=0x7836d vm_ip=0x716a80d1268e vm_ip_off=0x31268e vm_flags=0x5675bb90 vm_state=0xffc76ef9 vm_byte=0x3a target=0x716a80ab8556 target_off=0xb8556
[DISPATCH] site=0xcdac7 count=1831 slot=0x716a80ac3c60 slot_off=0xc3c60 idx=0x548 frame=0x716a80a7836d frame_off=0x7836d vm_ip=0x716a80d12868 vm_ip_off=0x312868 vm_flags=0x221c12 vm_state=0x3f06a742 vm_byte=0x3a target=0x716a80a9af18 target_off=0x9af18
[DISPATCH] site=0xcdac7 count=1832 slot=0x716a80ac3c60 slot_off=0xc3c60 idx=0x548 frame=0x716a80a7836d frame_off=0x7836d vm_ip=0x716a80d12aee vm_ip_off=0x312aee vm_flags=0x8e3c0ca2 vm_state=0x6f95fefa vm_byte=0x3a target=0x716a80a9af18 target_off=0x9af18
[DISPATCH] site=0xcdac7 count=1833 slot=0x716a80ac3c60 slot_off=0xc3c60 idx=0x548 frame=0x716a80a7836d frame_off=0x7836d vm_ip=0x716a80d12cd0 vm_ip_off=0x312cd0 vm_flags=0xfbf79ddb vm_state=0xf9f3eb74 vm_byte=0x3a target=0x716a80a9af18 target_off=0x9af18
[DISPATCH] site=0xcdac7 count=1834 slot=0x716a80ac40c8 slot_off=0xc40c8 idx=0x9b0 frame=0x716a80a7836d frame_off=0x7836d vm_ip=0x716a80d12f26 vm_ip_off=0x312f26 vm_flags=0x4b8eb2de vm_state=0x7b1c5e5e vm_byte=0x3a target=0x716a80ab8556 target_off=0xb8556
[DISPATCH] site=0xcdac7 count=1835 slot=0x716a80ac40c8 slot_off=0xc40c8 idx=0x9b0 frame=0x716a80a7836d frame_off=0x7836d vm_ip=0x716a80d13169 vm_ip_off=0x313169 vm_flags=0x7afe7fef vm_state=0x727e02a8 vm_byte=0x3a target=0x716a80ab8556 target_off=0xb8556
[DISPATCH] site=0xcdac7 count=1836 slot=0x716a80ac3c60 slot_off=0xc3c60 idx=0x548 frame=0x716a80a7836d frame_off=0x7836d vm_ip=0x716a80d1334b vm_ip_off=0x31334b vm_flags=0xce4d8465 vm_state=0x7f3e7f7b vm_byte=0x3a target=0x716a80a9af18 target_off=0x9af18
[DISPATCH] site=0xcdac7 count=1837 slot=0x716a80ac3c60 slot_off=0xc3c60 idx=0x548 frame=0x716a80a7836d frame_off=0x7836d vm_ip=0x716a80d135b9 vm_ip_off=0x3135b9 vm_flags=0xc917a90d vm_state=0xc917a90d vm_byte=0x3a target=0x716a80a9af18 target_off=0x9af18
[DISPATCH] site=0xcdac7 count=1838 slot=0x716a80ac40c8 slot_off=0xc40c8 idx=0x9b0 frame=0x716a80a7836d frame_off=0x7836d vm_ip=0x716a80d137fc vm_ip_off=0x3137fc vm_flags=0x8df97560 vm_state=0x694cb90f vm_byte=0x3a target=0x716a80ab8556 target_off=0xb8556
[DISPATCH] site=0xcdac7 count=1839 slot=0x716a80ac40c8 slot_off=0xc40c8 idx=0x9b0 frame=0x716a80a7836d frame_off=0x7836d vm_ip=0x716a80d139de vm_ip_off=0x3139de vm_flags=0x4a612e32 vm_state=0x5f8f8af3 vm_byte=0x3a target=0x716a80ab8556 target_off=0xb8556
[DISPATCH] site=0xcdac7 count=1840 slot=0x716a80ac3c60 slot_off=0xc3c60 idx=0x548 frame=0x716a80a7836d frame_off=0x7836d vm_ip=0x716a80d13c4c vm_ip_off=0x313c4c vm_flags=0x8f70318b vm_state=0xfbfb8b3c vm_byte=0x3a target=0x716a80a9af18 target_off=0x9af18
[DISPATCH] site=0xcdac7 count=1841 slot=0x716a80ac3c60 slot_off=0xc3c60 idx=0x548 frame=0x716a80a7836d frame_off=0x7836d vm_ip=0x716a80d13e8f vm_ip_off=0x313e8f vm_flags=0xfed1df96 vm_state=0x58a4dcd6 vm_byte=0x3a target=0x716a80a9af18 target_off=0x9af18
[DISPATCH] site=0xcdac7 count=1842 slot=0x716a80ac3c60 slot_off=0xc3c60 idx=0x548 frame=0x716a80a7836d frame_off=0x7836d vm_ip=0x716a80d14071 vm_ip_off=0x314071 vm_flags=0x4ac60206 vm_state=0x5ee7d2fb vm_byte=0x3a target=0x716a80a9af18 target_off=0x9af18
[DISPATCH] site=0xcdac7 count=1843 slot=0x716a80ac40c8 slot_off=0xc40c8 idx=0x9b0 frame=0x716a80a7836d frame_off=0x7836d vm_ip=0x716a80d142df vm_ip_off=0x3142df vm_flags=0x861eb185 vm_state=0xdf95e7f4 vm_byte=0x3a target=0x716a80ab8556 target_off=0xb8556
[DISPATCH] site=0xcdac7 count=1844 slot=0x716a80ac40c8 slot_off=0xc40c8 idx=0x9b0 frame=0x716a80a7836d frame_off=0x7836d vm_ip=0x716a80d14522 vm_ip_off=0x314522 vm_flags=0x34a042ea vm_state=0x3ce04eeb vm_byte=0x3a target=0x716a80ab8556 target_off=0xb8556
[DISPATCH] site=0xcdac7 count=1845 slot=0x716a80ac40c8 slot_off=0xc40c8 idx=0x9b0 frame=0x716a80a7836d frame_off=0x7836d vm_ip=0x716a80d14704 vm_ip_off=0x314704 vm_flags=0xfcdeff37 vm_state=0xfcd60600 vm_byte=0x3a target=0x716a80ab8556 target_off=0xb8556
[DISPATCH] site=0xcdac7 count=1846 slot=0x716a80ac3c60 slot_off=0xc3c60 idx=0x548 frame=0x716a80a7836d frame_off=0x7836d vm_ip=0x716a80d14972 vm_ip_off=0x314972 vm_flags=0xf8eeff37 vm_state=0xf8e60910 vm_byte=0x3a target=0x716a80a9af18 target_off=0x9af18
[DISPATCH] site=0xcdac7 count=1847 slot=0x716a80ac40c8 slot_off=0xc40c8 idx=0x9b0 frame=0x716a80a7836d frame_off=0x7836d vm_ip=0x716a80d14bb5 vm_ip_off=0x314bb5 vm_flags=0x62662dfb vm_state=0xbffcca14 vm_byte=0x3a target=0x716a80ab8556 target_off=0xb8556
[DISPATCH] site=0xcdac7 count=1848 slot=0x716a80ac3c60 slot_off=0xc3c60 idx=0x548 frame=0x716a80a7836d frame_off=0x7836d vm_ip=0x716a80d14d97 vm_ip_off=0x314d97 vm_flags=0xfadf7f2d vm_state=0xf21b0800 vm_byte=0x3a target=0x716a80a9af18 target_off=0x9af18
[DISPATCH] site=0xcdac7 count=1849 slot=0x716a80ac40c8 slot_off=0xc40c8 idx=0x9b0 frame=0x716a80a7836d frame_off=0x7836d vm_ip=0x716a80d15005 vm_ip_off=0x315005 vm_flags=0xe34473c6 vm_state=0xe74477c6 vm_byte=0x3a target=0x716a80ab8556 target_off=0xb8556
[DISPATCH] site=0xcdac7 count=1850 slot=0x716a80ac40c8 slot_off=0xc40c8 idx=0x9b0 frame=0x716a80a7836d frame_off=0x7836d vm_ip=0x716a80d1522f vm_ip_off=0x31522f vm_flags=0x69b0303a vm_state=0x69145e5a vm_byte=0x3a target=0x716a80ab8556 target_off=0xb8556
[DISPATCH] site=0xcdac7 count=1851 slot=0x716a80ac3c60 slot_off=0xc3c60 idx=0x548 frame=0x716a80a7836d frame_off=0x7836d vm_ip=0x716a80d15486 vm_ip_off=0x315486 vm_flags=0x841ab3c5 vm_state=0x841ab3c5 vm_byte=0x3a target=0x716a80a9af18 target_off=0x9af18
[DISPATCH] site=0xcdac7 count=1852 slot=0x716a80ac3c60 slot_off=0xc3c60 idx=0x548 frame=0x716a80a7836d frame_off=0x7836d vm_ip=0x716a80d156ca vm_ip_off=0x3156ca vm_flags=0xf613f930 vm_state=0x3ffce85e vm_byte=0x3a target=0x716a80a9af18 target_off=0x9af18
[DISPATCH] site=0xcdac7 count=1853 slot=0x716a80ac3c60 slot_off=0xc3c60 idx=0x548 frame=0x716a80a7836d frame_off=0x7836d vm_ip=0x716a80d15969 vm_ip_off=0x315969 vm_flags=0x2ab32381 vm_state=0x2af72783 vm_byte=0x3a target=0x716a80a9af18 target_off=0x9af18
[DISPATCH] site=0xcdac7 count=1854 slot=0x716a80ac3c60 slot_off=0xc3c60 idx=0x548 frame=0x716a80a7836d frame_off=0x7836d vm_ip=0x716a80d15bbf vm_ip_off=0x315bbf vm_flags=0x6e5d9892 vm_state=0x4000d60c vm_byte=0x3a target=0x716a80a9af18 target_off=0x9af18
[DISPATCH] site=0xcdac7 count=1855 slot=0x716a80ac40c8 slot_off=0xc40c8 idx=0x9b0 frame=0x716a80a7836d frame_off=0x7836d vm_ip=0x716a80d10ca5 vm_ip_off=0x310ca5 vm_flags=0x148226cc vm_state=0xffaffb65 vm_byte=0x3a target=0x716a80ab8556 target_off=0xb8556
[DISPATCH] site=0xcdac7 count=1856 slot=0x716a80ac40c8 slot_off=0xc40c8 idx=0x9b0 frame=0x716a80a7836d frame_off=0x7836d vm_ip=0x716a80d10ef0 vm_ip_off=0x310ef0 vm_flags=0x14100010 vm_state=0x3f0612b2 vm_byte=0x3a target=0x716a80ab8556 target_off=0xb8556
[DISPATCH] site=0xcdac7 count=1857 slot=0x716a80ac3c60 slot_off=0xc3c60 idx=0x548 frame=0x716a80a7836d frame_off=0x7836d vm_ip=0x716a80d11163 vm_ip_off=0x311163 vm_flags=0xc83095f0 vm_state=0x400110fe vm_byte=0x3a target=0x716a80a9af18 target_off=0x9af18
[DISPATCH] site=0xcdac7 count=1858 slot=0x716a80ac3c60 slot_off=0xc3c60 idx=0x548 frame=0x716a80a7836d frame_off=0x7836d vm_ip=0x716a80d113a5 vm_ip_off=0x3113a5 vm_flags=0x7adeff2e vm_state=0x78de0800 vm_byte=0x3a target=0x716a80a9af18 target_off=0x9af18
[DISPATCH] site=0xcdac7 count=1859 slot=0x716a80ac40c8 slot_off=0xc40c8 idx=0x9b0 frame=0x716a80a7836d frame_off=0x7836d vm_ip=0x716a80d115e7 vm_ip_off=0x3115e7 vm_flags=0x2948 vm_state=0x2948 vm_byte=0x3a target=0x716a80ab8556 target_off=0xb8556
[DISPATCH] site=0xcdac7 count=1860 slot=0x716a80ac3c60 slot_off=0xc3c60 idx=0x548 frame=0x716a80a7836d frame_off=0x7836d vm_ip=0x716a80d11829 vm_ip_off=0x311829 vm_flags=0x3acddfde vm_state=0x585c5c02 vm_byte=0x3a target=0x716a80a9af18 target_off=0x9af18
[DISPATCH] site=0xcdac7 count=1861 slot=0x716a80ac3c60 slot_off=0xc3c60 idx=0x548 frame=0x716a80a7836d frame_off=0x7836d vm_ip=0x716a80d11a6b vm_ip_off=0x311a6b vm_flags=0xef1b287 vm_state=0x69145f5a vm_byte=0x3a target=0x716a80a9af18 target_off=0x9af18
[DISPATCH] site=0xcdac7 count=1862 slot=0x716a80ac40c8 slot_off=0xc40c8 idx=0x9b0 frame=0x716a80a7836d frame_off=0x7836d vm_ip=0x716a80d11cad vm_ip_off=0x311cad vm_flags=0x524c03c5 vm_state=0x7df7dfda vm_byte=0x3a target=0x716a80ab8556 target_off=0xb8556
[DISPATCH] site=0xcdac7 count=1863 slot=0x716a80ac40c8 slot_off=0xc40c8 idx=0x9b0 frame=0x716a80a7836d frame_off=0x7836d vm_ip=0x716a80d11f69 vm_ip_off=0x311f69 vm_flags=0x8e78f1da vm_state=0xeb377ffe vm_byte=0x3a target=0x716a80ab8556 target_off=0xb8556
[DISPATCH] site=0xcdac7 count=1864 slot=0x716a80ac40c8 slot_off=0xc40c8 idx=0x9b0 frame=0x716a80a7836d frame_off=0x7836d vm_ip=0x716a80d1223a vm_ip_off=0x31223a vm_flags=0x8e4e0de5 vm_state=0x7bd7fefb vm_byte=0x3a target=0x716a80ab8556 target_off=0xb8556
[DISPATCH] site=0xcdac7 count=1865 slot=0x716a80ac3c60 slot_off=0xc3c60 idx=0x548 frame=0x716a80a7836d frame_off=0x7836d vm_ip=0x716a80d12464 vm_ip_off=0x312464 vm_flags=0x347541db vm_state=0x69945ffa vm_byte=0x3a target=0x716a80a9af18 target_off=0x9af18
[DISPATCH] site=0xcdac7 count=1866 slot=0x716a80ac40c8 slot_off=0xc40c8 idx=0x9b0 frame=0x716a80a7836d frame_off=0x7836d vm_ip=0x716a80d1268e vm_ip_off=0x31268e vm_flags=0x5675bb90 vm_state=0xffc76ef9 vm_byte=0x3a target=0x716a80ab8556 target_off=0xb8556
[DISPATCH] site=0xcdac7 count=1867 slot=0x716a80ac3c60 slot_off=0xc3c60 idx=0x548 frame=0x716a80a7836d frame_off=0x7836d vm_ip=0x716a80d12868 vm_ip_off=0x312868 vm_flags=0x221c12 vm_state=0x3f06a742 vm_byte=0x3a target=0x716a80a9af18 target_off=0x9af18
[DISPATCH] site=0xcdac7 count=1868 slot=0x716a80ac3c60 slot_off=0xc3c60 idx=0x548 frame=0x716a80a7836d frame_off=0x7836d vm_ip=0x716a80d12aee vm_ip_off=0x312aee vm_flags=0x8e3c0ca2 vm_state=0x6f95fefa vm_byte=0x3a target=0x716a80a9af18 target_off=0x9af18
[DISPATCH] site=0xcdac7 count=1869 slot=0x716a80ac3c60 slot_off=0xc3c60 idx=0x548 frame=0x716a80a7836d frame_off=0x7836d vm_ip=0x716a80d12cd0 vm_ip_off=0x312cd0 vm_flags=0xfbf79ddb vm_state=0xf9f3eb74 vm_byte=0x3a target=0x716a80a9af18 target_off=0x9af18
[DISPATCH] site=0xcdac7 count=1870 slot=0x716a80ac40c8 slot_off=0xc40c8 idx=0x9b0 frame=0x716a80a7836d frame_off=0x7836d vm_ip=0x716a80d12f26 vm_ip_off=0x312f26 vm_flags=0x4b8eb2de vm_state=0x7b1c5e5e vm_byte=0x3a target=0x716a80ab8556 target_off=0xb8556
[DISPATCH] site=0xcdac7 count=1871 slot=0x716a80ac40c8 slot_off=0xc40c8 idx=0x9b0 frame=0x716a80a7836d frame_off=0x7836d vm_ip=0x716a80d13169 vm_ip_off=0x313169 vm_flags=0x7afe7fef vm_state=0x727e02a8 vm_byte=0x3a target=0x716a80ab8556 target_off=0xb8556
[DISPATCH] site=0xcdac7 count=1872 slot=0x716a80ac3c60 slot_off=0xc3c60 idx=0x548 frame=0x716a80a7836d frame_off=0x7836d vm_ip=0x716a80d1334b vm_ip_off=0x31334b vm_flags=0xce4d8465 vm_state=0x7f3e7f7b vm_byte=0x3a target=0x716a80a9af18 target_off=0x9af18
[DISPATCH] site=0xcdac7 count=1873 slot=0x716a80ac3c60 slot_off=0xc3c60 idx=0x548 frame=0x716a80a7836d frame_off=0x7836d vm_ip=0x716a80d135b9 vm_ip_off=0x3135b9 vm_flags=0xc917a90d vm_state=0xc917a90d vm_byte=0x3a target=0x716a80a9af18 target_off=0x9af18
[DISPATCH] site=0xcdac7 count=1874 slot=0x716a80ac40c8 slot_off=0xc40c8 idx=0x9b0 frame=0x716a80a7836d frame_off=0x7836d vm_ip=0x716a80d137fc vm_ip_off=0x3137fc vm_flags=0x8df97560 vm_state=0x694cb90f vm_byte=0x3a target=0x716a80ab8556 target_off=0xb8556
[DISPATCH] site=0xcdac7 count=1875 slot=0x716a80ac40c8 slot_off=0xc40c8 idx=0x9b0 frame=0x716a80a7836d frame_off=0x7836d vm_ip=0x716a80d139de vm_ip_off=0x3139de vm_flags=0x4a612e32 vm_state=0x5f8f8af3 vm_byte=0x3a target=0x716a80ab8556 target_off=0xb8556
[DISPATCH] site=0xcdac7 count=1876 slot=0x716a80ac3c60 slot_off=0xc3c60 idx=0x548 frame=0x716a80a7836d frame_off=0x7836d vm_ip=0x716a80d13c4c vm_ip_off=0x313c4c vm_flags=0x8f70318b vm_state=0xfbfb8b3c vm_byte=0x3a target=0x716a80a9af18 target_off=0x9af18
[DISPATCH] site=0xcdac7 count=1877 slot=0x716a80ac3c60 slot_off=0xc3c60 idx=0x548 frame=0x716a80a7836d frame_off=0x7836d vm_ip=0x716a80d13e8f vm_ip_off=0x313e8f vm_flags=0xfed1df96 vm_state=0x58a4dcd6 vm_byte=0x3a target=0x716a80a9af18 target_off=0x9af18
[DISPATCH] site=0xcdac7 count=1878 slot=0x716a80ac3c60 slot_off=0xc3c60 idx=0x548 frame=0x716a80a7836d frame_off=0x7836d vm_ip=0x716a80d14071 vm_ip_off=0x314071 vm_flags=0x4ac60206 vm_state=0x5ee7d2fb vm_byte=0x3a target=0x716a80a9af18 target_off=0x9af18
[DISPATCH] site=0xcdac7 count=1879 slot=0x716a80ac40c8 slot_off=0xc40c8 idx=0x9b0 frame=0x716a80a7836d frame_off=0x7836d vm_ip=0x716a80d142df vm_ip_off=0x3142df vm_flags=0x861eb185 vm_state=0xdf95e7f4 vm_byte=0x3a target=0x716a80ab8556 target_off=0xb8556
[DISPATCH] site=0xcdac7 count=1880 slot=0x716a80ac40c8 slot_off=0xc40c8 idx=0x9b0 frame=0x716a80a7836d frame_off=0x7836d vm_ip=0x716a80d14522 vm_ip_off=0x314522 vm_flags=0x34a042ea vm_state=0x3ce04eeb vm_byte=0x3a target=0x716a80ab8556 target_off=0xb8556
[DISPATCH] site=0xcdac7 count=1881 slot=0x716a80ac40c8 slot_off=0xc40c8 idx=0x9b0 frame=0x716a80a7836d frame_off=0x7836d vm_ip=0x716a80d14704 vm_ip_off=0x314704 vm_flags=0xfcdeff37 vm_state=0xfcd60600 vm_byte=0x3a target=0x716a80ab8556 target_off=0xb8556
[DISPATCH] site=0xcdac7 count=1882 slot=0x716a80ac3c60 slot_off=0xc3c60 idx=0x548 frame=0x716a80a7836d frame_off=0x7836d vm_ip=0x716a80d14972 vm_ip_off=0x314972 vm_flags=0xf8eeff37 vm_state=0xf8e60910 vm_byte=0x3a target=0x716a80a9af18 target_off=0x9af18
[DISPATCH] site=0xcdac7 count=1883 slot=0x716a80ac40c8 slot_off=0xc40c8 idx=0x9b0 frame=0x716a80a7836d frame_off=0x7836d vm_ip=0x716a80d14bb5 vm_ip_off=0x314bb5 vm_flags=0x62662dfb vm_state=0xbffcca14 vm_byte=0x3a target=0x716a80ab8556 target_off=0xb8556
[DISPATCH] site=0xcdac7 count=1884 slot=0x716a80ac3c60 slot_off=0xc3c60 idx=0x548 frame=0x716a80a7836d frame_off=0x7836d vm_ip=0x716a80d14d97 vm_ip_off=0x314d97 vm_flags=0xfadf7f2d vm_state=0xf21b0800 vm_byte=0x3a target=0x716a80a9af18 target_off=0x9af18
[DISPATCH] site=0xcdac7 count=1885 slot=0x716a80ac40c8 slot_off=0xc40c8 idx=0x9b0 frame=0x716a80a7836d frame_off=0x7836d vm_ip=0x716a80d15005 vm_ip_off=0x315005 vm_flags=0xe34473c6 vm_state=0xe74477c6 vm_byte=0x3a target=0x716a80ab8556 target_off=0xb8556
[DISPATCH] site=0xcdac7 count=1886 slot=0x716a80ac40c8 slot_off=0xc40c8 idx=0x9b0 frame=0x716a80a7836d frame_off=0x7836d vm_ip=0x716a80d1522f vm_ip_off=0x31522f vm_flags=0x69b0303a vm_state=0x69145e5a vm_byte=0x3a target=0x716a80ab8556 target_off=0xb8556
[DISPATCH] site=0xcdac7 count=1887 slot=0x716a80ac3c60 slot_off=0xc3c60 idx=0x548 frame=0x716a80a7836d frame_off=0x7836d vm_ip=0x716a80d15486 vm_ip_off=0x315486 vm_flags=0x841ab3c5 vm_state=0x841ab3c5 vm_byte=0x3a target=0x716a80a9af18 target_off=0x9af18
[DISPATCH] site=0xcdac7 count=1888 slot=0x716a80ac3c60 slot_off=0xc3c60 idx=0x548 frame=0x716a80a7836d frame_off=0x7836d vm_ip=0x716a80d156ca vm_ip_off=0x3156ca vm_flags=0xf613f930 vm_state=0x3ffce85e vm_byte=0x3a target=0x716a80a9af18 target_off=0x9af18
[DISPATCH] site=0xcdac7 count=1889 slot=0x716a80ac3c60 slot_off=0xc3c60 idx=0x548 frame=0x716a80a7836d frame_off=0x7836d vm_ip=0x716a80d15969 vm_ip_off=0x315969 vm_flags=0x2ab32381 vm_state=0x2af72783 vm_byte=0x3a target=0x716a80a9af18 target_off=0x9af18
[DISPATCH] site=0xcdac7 count=1890 slot=0x716a80ac3c60 slot_off=0xc3c60 idx=0x548 frame=0x716a80a7836d frame_off=0x7836d vm_ip=0x716a80d15bbf vm_ip_off=0x315bbf vm_flags=0x6e5d9892 vm_state=0x4000d60c vm_byte=0x3a target=0x716a80a9af18 target_off=0x9af18
[DISPATCH] site=0xcdac7 count=1891 slot=0x716a80ac40c8 slot_off=0xc40c8 idx=0x9b0 frame=0x716a80a7836d frame_off=0x7836d vm_ip=0x716a80d10ca5 vm_ip_off=0x310ca5 vm_flags=0x148226cc vm_state=0xffaffb65 vm_byte=0x3a target=0x716a80ab8556 target_off=0xb8556
[DISPATCH] site=0xcdac7 count=1892 slot=0x716a80ac40c8 slot_off=0xc40c8 idx=0x9b0 frame=0x716a80a7836d frame_off=0x7836d vm_ip=0x716a80d10ef0 vm_ip_off=0x310ef0 vm_flags=0x14100010 vm_state=0x3f0612b2 vm_byte=0x3a target=0x716a80ab8556 target_off=0xb8556
[DISPATCH] site=0xcdac7 count=1893 slot=0x716a80ac3c60 slot_off=0xc3c60 idx=0x548 frame=0x716a80a7836d frame_off=0x7836d vm_ip=0x716a80d11163 vm_ip_off=0x311163 vm_flags=0xc83095f0 vm_state=0x400110fe vm_byte=0x3a target=0x716a80a9af18 target_off=0x9af18
[DISPATCH] site=0xcdac7 count=1894 slot=0x716a80ac3c60 slot_off=0xc3c60 idx=0x548 frame=0x716a80a7836d frame_off=0x7836d vm_ip=0x716a80d113a5 vm_ip_off=0x3113a5 vm_flags=0x7adeff2e vm_state=0x78de0800 vm_byte=0x3a target=0x716a80a9af18 target_off=0x9af18
[DISPATCH] site=0xcdac7 count=1895 slot=0x716a80ac40c8 slot_off=0xc40c8 idx=0x9b0 frame=0x716a80a7836d frame_off=0x7836d vm_ip=0x716a80d115e7 vm_ip_off=0x3115e7 vm_flags=0x2948 vm_state=0x2948 vm_byte=0x3a target=0x716a80ab8556 target_off=0xb8556
[DISPATCH] site=0xcdac7 count=1896 slot=0x716a80ac3c60 slot_off=0xc3c60 idx=0x548 frame=0x716a80a7836d frame_off=0x7836d vm_ip=0x716a80d11829 vm_ip_off=0x311829 vm_flags=0x3acddfde vm_state=0x585c5c02 vm_byte=0x3a target=0x716a80a9af18 target_off=0x9af18
[DISPATCH] site=0xcdac7 count=1897 slot=0x716a80ac3c60 slot_off=0xc3c60 idx=0x548 frame=0x716a80a7836d frame_off=0x7836d vm_ip=0x716a80d11a6b vm_ip_off=0x311a6b vm_flags=0xef1b287 vm_state=0x69145f5a vm_byte=0x3a target=0x716a80a9af18 target_off=0x9af18
[DISPATCH] site=0xcdac7 count=1898 slot=0x716a80ac40c8 slot_off=0xc40c8 idx=0x9b0 frame=0x716a80a7836d frame_off=0x7836d vm_ip=0x716a80d11cad vm_ip_off=0x311cad vm_flags=0x524c03c5 vm_state=0x7df7dfda vm_byte=0x3a target=0x716a80ab8556 target_off=0xb8556
[DISPATCH] site=0xcdac7 count=1899 slot=0x716a80ac40c8 slot_off=0xc40c8 idx=0x9b0 frame=0x716a80a7836d frame_off=0x7836d vm_ip=0x716a80d11f69 vm_ip_off=0x311f69 vm_flags=0x8e78f1da vm_state=0xeb377ffe vm_byte=0x3a target=0x716a80ab8556 target_off=0xb8556
[DISPATCH] site=0xcdac7 count=1900 slot=0x716a80ac40c8 slot_off=0xc40c8 idx=0x9b0 frame=0x716a80a7836d frame_off=0x7836d vm_ip=0x716a80d1223a vm_ip_off=0x31223a vm_flags=0x8e4e0de5 vm_state=0x7bd7fefb vm_byte=0x3a target=0x716a80ab8556 target_off=0xb8556
[DISPATCH] site=0xcdac7 count=1901 slot=0x716a80ac3c60 slot_off=0xc3c60 idx=0x548 frame=0x716a80a7836d frame_off=0x7836d vm_ip=0x716a80d12464 vm_ip_off=0x312464 vm_flags=0x347541db vm_state=0x69945ffa vm_byte=0x3a target=0x716a80a9af18 target_off=0x9af18
[DISPATCH] site=0xcdac7 count=1902 slot=0x716a80ac40c8 slot_off=0xc40c8 idx=0x9b0 frame=0x716a80a7836d frame_off=0x7836d vm_ip=0x716a80d1268e vm_ip_off=0x31268e vm_flags=0x5675bb90 vm_state=0xffc76ef9 vm_byte=0x3a target=0x716a80ab8556 target_off=0xb8556
[DISPATCH] site=0xcdac7 count=1903 slot=0x716a80ac3c60 slot_off=0xc3c60 idx=0x548 frame=0x716a80a7836d frame_off=0x7836d vm_ip=0x716a80d12868 vm_ip_off=0x312868 vm_flags=0x221c12 vm_state=0x3f06a742 vm_byte=0x3a target=0x716a80a9af18 target_off=0x9af18
[DISPATCH] site=0xcdac7 count=1904 slot=0x716a80ac3c60 slot_off=0xc3c60 idx=0x548 frame=0x716a80a7836d frame_off=0x7836d vm_ip=0x716a80d12aee vm_ip_off=0x312aee vm_flags=0x8e3c0ca2 vm_state=0x6f95fefa vm_byte=0x3a target=0x716a80a9af18 target_off=0x9af18
[DISPATCH] site=0xcdac7 count=1905 slot=0x716a80ac3c60 slot_off=0xc3c60 idx=0x548 frame=0x716a80a7836d frame_off=0x7836d vm_ip=0x716a80d12cd0 vm_ip_off=0x312cd0 vm_flags=0xfbf79ddb vm_state=0xf9f3eb74 vm_byte=0x3a target=0x716a80a9af18 target_off=0x9af18
[DISPATCH] site=0xcdac7 count=1906 slot=0x716a80ac40c8 slot_off=0xc40c8 idx=0x9b0 frame=0x716a80a7836d frame_off=0x7836d vm_ip=0x716a80d12f26 vm_ip_off=0x312f26 vm_flags=0x4b8eb2de vm_state=0x7b1c5e5e vm_byte=0x3a target=0x716a80ab8556 target_off=0xb8556
[DISPATCH] site=0xcdac7 count=1907 slot=0x716a80ac40c8 slot_off=0xc40c8 idx=0x9b0 frame=0x716a80a7836d frame_off=0x7836d vm_ip=0x716a80d13169 vm_ip_off=0x313169 vm_flags=0x7afe7fef vm_state=0x727e02a8 vm_byte=0x3a target=0x716a80ab8556 target_off=0xb8556
[DISPATCH] site=0xcdac7 count=1908 slot=0x716a80ac3c60 slot_off=0xc3c60 idx=0x548 frame=0x716a80a7836d frame_off=0x7836d vm_ip=0x716a80d1334b vm_ip_off=0x31334b vm_flags=0xce4d8465 vm_state=0x7f3e7f7b vm_byte=0x3a target=0x716a80a9af18 target_off=0x9af18
[DISPATCH] site=0xcdac7 count=1909 slot=0x716a80ac3c60 slot_off=0xc3c60 idx=0x548 frame=0x716a80a7836d frame_off=0x7836d vm_ip=0x716a80d135b9 vm_ip_off=0x3135b9 vm_flags=0xc917a90d vm_state=0xc917a90d vm_byte=0x3a target=0x716a80a9af18 target_off=0x9af18
[DISPATCH] site=0xcdac7 count=1910 slot=0x716a80ac40c8 slot_off=0xc40c8 idx=0x9b0 frame=0x716a80a7836d frame_off=0x7836d vm_ip=0x716a80d137fc vm_ip_off=0x3137fc vm_flags=0x8df97560 vm_state=0x694cb90f vm_byte=0x3a target=0x716a80ab8556 target_off=0xb8556
[DISPATCH] site=0xcdac7 count=1911 slot=0x716a80ac40c8 slot_off=0xc40c8 idx=0x9b0 frame=0x716a80a7836d frame_off=0x7836d vm_ip=0x716a80d139de vm_ip_off=0x3139de vm_flags=0x4a612e32 vm_state=0x5f8f8af3 vm_byte=0x3a target=0x716a80ab8556 target_off=0xb8556
[DISPATCH] site=0xcdac7 count=1912 slot=0x716a80ac3c60 slot_off=0xc3c60 idx=0x548 frame=0x716a80a7836d frame_off=0x7836d vm_ip=0x716a80d13c4c vm_ip_off=0x313c4c vm_flags=0x8f70318b vm_state=0xfbfb8b3c vm_byte=0x3a target=0x716a80a9af18 target_off=0x9af18
[DISPATCH] site=0xcdac7 count=1913 slot=0x716a80ac3c60 slot_off=0xc3c60 idx=0x548 frame=0x716a80a7836d frame_off=0x7836d vm_ip=0x716a80d13e8f vm_ip_off=0x313e8f vm_flags=0xfed1df96 vm_state=0x58a4dcd6 vm_byte=0x3a target=0x716a80a9af18 target_off=0x9af18
[DISPATCH] site=0xcdac7 count=1914 slot=0x716a80ac3c60 slot_off=0xc3c60 idx=0x548 frame=0x716a80a7836d frame_off=0x7836d vm_ip=0x716a80d14071 vm_ip_off=0x314071 vm_flags=0x4ac60206 vm_state=0x5ee7d2fb vm_byte=0x3a target=0x716a80a9af18 target_off=0x9af18
[DISPATCH] site=0xcdac7 count=1915 slot=0x716a80ac40c8 slot_off=0xc40c8 idx=0x9b0 frame=0x716a80a7836d frame_off=0x7836d vm_ip=0x716a80d142df vm_ip_off=0x3142df vm_flags=0x861eb185 vm_state=0xdf95e7f4 vm_byte=0x3a target=0x716a80ab8556 target_off=0xb8556
[DISPATCH] site=0xcdac7 count=1916 slot=0x716a80ac40c8 slot_off=0xc40c8 idx=0x9b0 frame=0x716a80a7836d frame_off=0x7836d vm_ip=0x716a80d14522 vm_ip_off=0x314522 vm_flags=0x34a042ea vm_state=0x3ce04eeb vm_byte=0x3a target=0x716a80ab8556 target_off=0xb8556
[DISPATCH] site=0xcdac7 count=1917 slot=0x716a80ac40c8 slot_off=0xc40c8 idx=0x9b0 frame=0x716a80a7836d frame_off=0x7836d vm_ip=0x716a80d14704 vm_ip_off=0x314704 vm_flags=0xfcdeff37 vm_state=0xfcd60600 vm_byte=0x3a target=0x716a80ab8556 target_off=0xb8556
[DISPATCH] site=0xcdac7 count=1918 slot=0x716a80ac3c60 slot_off=0xc3c60 idx=0x548 frame=0x716a80a7836d frame_off=0x7836d vm_ip=0x716a80d14972 vm_ip_off=0x314972 vm_flags=0xf8eeff37 vm_state=0xf8e60910 vm_byte=0x3a target=0x716a80a9af18 target_off=0x9af18
[DISPATCH] site=0xcdac7 count=1919 slot=0x716a80ac40c8 slot_off=0xc40c8 idx=0x9b0 frame=0x716a80a7836d frame_off=0x7836d vm_ip=0x716a80d14bb5 vm_ip_off=0x314bb5 vm_flags=0x62662dfb vm_state=0xbffcca14 vm_byte=0x3a target=0x716a80ab8556 target_off=0xb8556
[DISPATCH] site=0xcdac7 count=1920 slot=0x716a80ac3c60 slot_off=0xc3c60 idx=0x548 frame=0x716a80a7836d frame_off=0x7836d vm_ip=0x716a80d14d97 vm_ip_off=0x314d97 vm_flags=0xfadf7f2d vm_state=0xf21b0800 vm_byte=0x3a target=0x716a80a9af18 target_off=0x9af18
[DISPATCH] site=0xcdac7 count=1921 slot=0x716a80ac40c8 slot_off=0xc40c8 idx=0x9b0 frame=0x716a80a7836d frame_off=0x7836d vm_ip=0x716a80d15005 vm_ip_off=0x315005 vm_flags=0xe34473c6 vm_state=0xe74477c6 vm_byte=0x3a target=0x716a80ab8556 target_off=0xb8556
[DISPATCH] site=0xcdac7 count=1922 slot=0x716a80ac40c8 slot_off=0xc40c8 idx=0x9b0 frame=0x716a80a7836d frame_off=0x7836d vm_ip=0x716a80d1522f vm_ip_off=0x31522f vm_flags=0x69b0303a vm_state=0x69145e5a vm_byte=0x3a target=0x716a80ab8556 target_off=0xb8556
[DISPATCH] site=0xcdac7 count=1923 slot=0x716a80ac3c60 slot_off=0xc3c60 idx=0x548 frame=0x716a80a7836d frame_off=0x7836d vm_ip=0x716a80d15486 vm_ip_off=0x315486 vm_flags=0x841ab3c5 vm_state=0x841ab3c5 vm_byte=0x3a target=0x716a80a9af18 target_off=0x9af18
[DISPATCH] site=0xcdac7 count=1924 slot=0x716a80ac3c60 slot_off=0xc3c60 idx=0x548 frame=0x716a80a7836d frame_off=0x7836d vm_ip=0x716a80d156ca vm_ip_off=0x3156ca vm_flags=0xf613f930 vm_state=0x3ffce85e vm_byte=0x3a target=0x716a80a9af18 target_off=0x9af18
[DISPATCH] site=0xcdac7 count=1925 slot=0x716a80ac3c60 slot_off=0xc3c60 idx=0x548 frame=0x716a80a7836d frame_off=0x7836d vm_ip=0x716a80d15969 vm_ip_off=0x315969 vm_flags=0x2ab32381 vm_state=0x2af72783 vm_byte=0x3a target=0x716a80a9af18 target_off=0x9af18
[DISPATCH] site=0xcdac7 count=1926 slot=0x716a80ac3c60 slot_off=0xc3c60 idx=0x548 frame=0x716a80a7836d frame_off=0x7836d vm_ip=0x716a80d15bbf vm_ip_off=0x315bbf vm_flags=0x6e5d9892 vm_state=0x4000d60c vm_byte=0x3a target=0x716a80a9af18 target_off=0x9af18
[DISPATCH] site=0xcdac7 count=1927 slot=0x716a80ac40c8 slot_off=0xc40c8 idx=0x9b0 frame=0x716a80a7836d frame_off=0x7836d vm_ip=0x716a80d10ca5 vm_ip_off=0x310ca5 vm_flags=0x148226cc vm_state=0xffaffb65 vm_byte=0x3a target=0x716a80ab8556 target_off=0xb8556
[DISPATCH] site=0xcdac7 count=1928 slot=0x716a80ac40c8 slot_off=0xc40c8 idx=0x9b0 frame=0x716a80a7836d frame_off=0x7836d vm_ip=0x716a80d10ef0 vm_ip_off=0x310ef0 vm_flags=0x14100010 vm_state=0x3f0612b2 vm_byte=0x3a target=0x716a80ab8556 target_off=0xb8556
[DISPATCH] site=0xcdac7 count=1929 slot=0x716a80ac3c60 slot_off=0xc3c60 idx=0x548 frame=0x716a80a7836d frame_off=0x7836d vm_ip=0x716a80d11163 vm_ip_off=0x311163 vm_flags=0xc83095f0 vm_state=0x400110fe vm_byte=0x3a target=0x716a80a9af18 target_off=0x9af18
[DISPATCH] site=0xcdac7 count=1930 slot=0x716a80ac3c60 slot_off=0xc3c60 idx=0x548 frame=0x716a80a7836d frame_off=0x7836d vm_ip=0x716a80d113a5 vm_ip_off=0x3113a5 vm_flags=0x7adeff2e vm_state=0x78de0800 vm_byte=0x3a target=0x716a80a9af18 target_off=0x9af18
[DISPATCH] site=0xcdac7 count=1931 slot=0x716a80ac40c8 slot_off=0xc40c8 idx=0x9b0 frame=0x716a80a7836d frame_off=0x7836d vm_ip=0x716a80d115e7 vm_ip_off=0x3115e7 vm_flags=0x2948 vm_state=0x2948 vm_byte=0x3a target=0x716a80ab8556 target_off=0xb8556
[DISPATCH] site=0xcdac7 count=1932 slot=0x716a80ac3c60 slot_off=0xc3c60 idx=0x548 frame=0x716a80a7836d frame_off=0x7836d vm_ip=0x716a80d11829 vm_ip_off=0x311829 vm_flags=0x3acddfde vm_state=0x585c5c02 vm_byte=0x3a target=0x716a80a9af18 target_off=0x9af18
[DISPATCH] site=0xcdac7 count=1933 slot=0x716a80ac3c60 slot_off=0xc3c60 idx=0x548 frame=0x716a80a7836d frame_off=0x7836d vm_ip=0x716a80d11a6b vm_ip_off=0x311a6b vm_flags=0xef1b287 vm_state=0x69145f5a vm_byte=0x3a target=0x716a80a9af18 target_off=0x9af18
[DISPATCH] site=0xcdac7 count=1934 slot=0x716a80ac40c8 slot_off=0xc40c8 idx=0x9b0 frame=0x716a80a7836d frame_off=0x7836d vm_ip=0x716a80d11cad vm_ip_off=0x311cad vm_flags=0x524c03c5 vm_state=0x7df7dfda vm_byte=0x3a target=0x716a80ab8556 target_off=0xb8556
[DISPATCH] site=0xcdac7 count=1935 slot=0x716a80ac40c8 slot_off=0xc40c8 idx=0x9b0 frame=0x716a80a7836d frame_off=0x7836d vm_ip=0x716a80d11f69 vm_ip_off=0x311f69 vm_flags=0x8e78f1da vm_state=0xeb377ffe vm_byte=0x3a target=0x716a80ab8556 target_off=0xb8556
[DISPATCH] site=0xcdac7 count=1936 slot=0x716a80ac40c8 slot_off=0xc40c8 idx=0x9b0 frame=0x716a80a7836d frame_off=0x7836d vm_ip=0x716a80d1223a vm_ip_off=0x31223a vm_flags=0x8e4e0de5 vm_state=0x7bd7fefb vm_byte=0x3a target=0x716a80ab8556 target_off=0xb8556
[DISPATCH] site=0xcdac7 count=1937 slot=0x716a80ac3c60 slot_off=0xc3c60 idx=0x548 frame=0x716a80a7836d frame_off=0x7836d vm_ip=0x716a80d12464 vm_ip_off=0x312464 vm_flags=0x347541db vm_state=0x69945ffa vm_byte=0x3a target=0x716a80a9af18 target_off=0x9af18
[DISPATCH] site=0xcdac7 count=1938 slot=0x716a80ac40c8 slot_off=0xc40c8 idx=0x9b0 frame=0x716a80a7836d frame_off=0x7836d vm_ip=0x716a80d1268e vm_ip_off=0x31268e vm_flags=0x5675bb90 vm_state=0xffc76ef9 vm_byte=0x3a target=0x716a80ab8556 target_off=0xb8556
[DISPATCH] site=0xcdac7 count=1939 slot=0x716a80ac3c60 slot_off=0xc3c60 idx=0x548 frame=0x716a80a7836d frame_off=0x7836d vm_ip=0x716a80d12868 vm_ip_off=0x312868 vm_flags=0x221c12 vm_state=0x3f06a742 vm_byte=0x3a target=0x716a80a9af18 target_off=0x9af18
[DISPATCH] site=0xcdac7 count=1940 slot=0x716a80ac3c60 slot_off=0xc3c60 idx=0x548 frame=0x716a80a7836d frame_off=0x7836d vm_ip=0x716a80d12aee vm_ip_off=0x312aee vm_flags=0x8e3c0ca2 vm_state=0x6f95fefa vm_byte=0x3a target=0x716a80a9af18 target_off=0x9af18
[DISPATCH] site=0xcdac7 count=1941 slot=0x716a80ac3c60 slot_off=0xc3c60 idx=0x548 frame=0x716a80a7836d frame_off=0x7836d vm_ip=0x716a80d12cd0 vm_ip_off=0x312cd0 vm_flags=0xfbf79ddb vm_state=0xf9f3eb74 vm_byte=0x3a target=0x716a80a9af18 target_off=0x9af18
[DISPATCH] site=0xcdac7 count=1942 slot=0x716a80ac40c8 slot_off=0xc40c8 idx=0x9b0 frame=0x716a80a7836d frame_off=0x7836d vm_ip=0x716a80d12f26 vm_ip_off=0x312f26 vm_flags=0x4b8eb2de vm_state=0x7b1c5e5e vm_byte=0x3a target=0x716a80ab8556 target_off=0xb8556
[DISPATCH] site=0xcdac7 count=1943 slot=0x716a80ac40c8 slot_off=0xc40c8 idx=0x9b0 frame=0x716a80a7836d frame_off=0x7836d vm_ip=0x716a80d13169 vm_ip_off=0x313169 vm_flags=0x7afe7fef vm_state=0x727e02a8 vm_byte=0x3a target=0x716a80ab8556 target_off=0xb8556
[DISPATCH] site=0xcdac7 count=1944 slot=0x716a80ac3c60 slot_off=0xc3c60 idx=0x548 frame=0x716a80a7836d frame_off=0x7836d vm_ip=0x716a80d1334b vm_ip_off=0x31334b vm_flags=0xce4d8465 vm_state=0x7f3e7f7b vm_byte=0x3a target=0x716a80a9af18 target_off=0x9af18
[DISPATCH] site=0xcdac7 count=1945 slot=0x716a80ac3c60 slot_off=0xc3c60 idx=0x548 frame=0x716a80a7836d frame_off=0x7836d vm_ip=0x716a80d135b9 vm_ip_off=0x3135b9 vm_flags=0xc917a90d vm_state=0xc917a90d vm_byte=0x3a target=0x716a80a9af18 target_off=0x9af18
[DISPATCH] site=0xcdac7 count=1946 slot=0x716a80ac40c8 slot_off=0xc40c8 idx=0x9b0 frame=0x716a80a7836d frame_off=0x7836d vm_ip=0x716a80d137fc vm_ip_off=0x3137fc vm_flags=0x8df97560 vm_state=0x694cb90f vm_byte=0x3a target=0x716a80ab8556 target_off=0xb8556
[DISPATCH] site=0xcdac7 count=1947 slot=0x716a80ac40c8 slot_off=0xc40c8 idx=0x9b0 frame=0x716a80a7836d frame_off=0x7836d vm_ip=0x716a80d139de vm_ip_off=0x3139de vm_flags=0x4a612e32 vm_state=0x5f8f8af3 vm_byte=0x3a target=0x716a80ab8556 target_off=0xb8556
[DISPATCH] site=0xcdac7 count=1948 slot=0x716a80ac3c60 slot_off=0xc3c60 idx=0x548 frame=0x716a80a7836d frame_off=0x7836d vm_ip=0x716a80d13c4c vm_ip_off=0x313c4c vm_flags=0x8f70318b vm_state=0xfbfb8b3c vm_byte=0x3a target=0x716a80a9af18 target_off=0x9af18
[DISPATCH] site=0xcdac7 count=1949 slot=0x716a80ac3c60 slot_off=0xc3c60 idx=0x548 frame=0x716a80a7836d frame_off=0x7836d vm_ip=0x716a80d13e8f vm_ip_off=0x313e8f vm_flags=0xfed1df96 vm_state=0x58a4dcd6 vm_byte=0x3a target=0x716a80a9af18 target_off=0x9af18
[DISPATCH] site=0xcdac7 count=1950 slot=0x716a80ac3c60 slot_off=0xc3c60 idx=0x548 frame=0x716a80a7836d frame_off=0x7836d vm_ip=0x716a80d14071 vm_ip_off=0x314071 vm_flags=0x4ac60206 vm_state=0x5ee7d2fb vm_byte=0x3a target=0x716a80a9af18 target_off=0x9af18
[DISPATCH] site=0xcdac7 count=1951 slot=0x716a80ac40c8 slot_off=0xc40c8 idx=0x9b0 frame=0x716a80a7836d frame_off=0x7836d vm_ip=0x716a80d142df vm_ip_off=0x3142df vm_flags=0x861eb185 vm_state=0xdf95e7f4 vm_byte=0x3a target=0x716a80ab8556 target_off=0xb8556
[DISPATCH] site=0xcdac7 count=1952 slot=0x716a80ac40c8 slot_off=0xc40c8 idx=0x9b0 frame=0x716a80a7836d frame_off=0x7836d vm_ip=0x716a80d14522 vm_ip_off=0x314522 vm_flags=0x34a042ea vm_state=0x3ce04eeb vm_byte=0x3a target=0x716a80ab8556 target_off=0xb8556
[DISPATCH] site=0xcdac7 count=1953 slot=0x716a80ac40c8 slot_off=0xc40c8 idx=0x9b0 frame=0x716a80a7836d frame_off=0x7836d vm_ip=0x716a80d14704 vm_ip_off=0x314704 vm_flags=0xfcdeff37 vm_state=0xfcd60600 vm_byte=0x3a target=0x716a80ab8556 target_off=0xb8556
[DISPATCH] site=0xcdac7 count=1954 slot=0x716a80ac3c60 slot_off=0xc3c60 idx=0x548 frame=0x716a80a7836d frame_off=0x7836d vm_ip=0x716a80d14972 vm_ip_off=0x314972 vm_flags=0xf8eeff37 vm_state=0xf8e60910 vm_byte=0x3a target=0x716a80a9af18 target_off=0x9af18
[DISPATCH] site=0xcdac7 count=1955 slot=0x716a80ac40c8 slot_off=0xc40c8 idx=0x9b0 frame=0x716a80a7836d frame_off=0x7836d vm_ip=0x716a80d14bb5 vm_ip_off=0x314bb5 vm_flags=0x62662dfb vm_state=0xbffcca14 vm_byte=0x3a target=0x716a80ab8556 target_off=0xb8556
[DISPATCH] site=0xcdac7 count=1956 slot=0x716a80ac3c60 slot_off=0xc3c60 idx=0x548 frame=0x716a80a7836d frame_off=0x7836d vm_ip=0x716a80d14d97 vm_ip_off=0x314d97 vm_flags=0xfadf7f2d vm_state=0xf21b0800 vm_byte=0x3a target=0x716a80a9af18 target_off=0x9af18
[DISPATCH] site=0xcdac7 count=1957 slot=0x716a80ac40c8 slot_off=0xc40c8 idx=0x9b0 frame=0x716a80a7836d frame_off=0x7836d vm_ip=0x716a80d15005 vm_ip_off=0x315005 vm_flags=0xe34473c6 vm_state=0xe74477c6 vm_byte=0x3a target=0x716a80ab8556 target_off=0xb8556
[DISPATCH] site=0xcdac7 count=1958 slot=0x716a80ac40c8 slot_off=0xc40c8 idx=0x9b0 frame=0x716a80a7836d frame_off=0x7836d vm_ip=0x716a80d1522f vm_ip_off=0x31522f vm_flags=0x69b0303a vm_state=0x69145e5a vm_byte=0x3a target=0x716a80ab8556 target_off=0xb8556
[DISPATCH] site=0xcdac7 count=1959 slot=0x716a80ac3c60 slot_off=0xc3c60 idx=0x548 frame=0x716a80a7836d frame_off=0x7836d vm_ip=0x716a80d15486 vm_ip_off=0x315486 vm_flags=0x841ab3c5 vm_state=0x841ab3c5 vm_byte=0x3a target=0x716a80a9af18 target_off=0x9af18
[DISPATCH] site=0xcdac7 count=1960 slot=0x716a80ac3c60 slot_off=0xc3c60 idx=0x548 frame=0x716a80a7836d frame_off=0x7836d vm_ip=0x716a80d156ca vm_ip_off=0x3156ca vm_flags=0xf613f930 vm_state=0x3ffce85e vm_byte=0x3a target=0x716a80a9af18 target_off=0x9af18
[DISPATCH] site=0xcdac7 count=1961 slot=0x716a80ac3c60 slot_off=0xc3c60 idx=0x548 frame=0x716a80a7836d frame_off=0x7836d vm_ip=0x716a80d15969 vm_ip_off=0x315969 vm_flags=0x2ab32381 vm_state=0x2af72783 vm_byte=0x3a target=0x716a80a9af18 target_off=0x9af18
[DISPATCH] site=0xcdac7 count=1962 slot=0x716a80ac3c60 slot_off=0xc3c60 idx=0x548 frame=0x716a80a7836d frame_off=0x7836d vm_ip=0x716a80d15bbf vm_ip_off=0x315bbf vm_flags=0x6e5d9892 vm_state=0x4000d60c vm_byte=0x3a target=0x716a80a9af18 target_off=0x9af18
[DISPATCH] site=0xcdac7 count=1963 slot=0x716a80ac40c8 slot_off=0xc40c8 idx=0x9b0 frame=0x716a80a7836d frame_off=0x7836d vm_ip=0x716a80d10ca5 vm_ip_off=0x310ca5 vm_flags=0x148226cc vm_state=0xffaffb65 vm_byte=0x3a target=0x716a80ab8556 target_off=0xb8556
[DISPATCH] site=0xcdac7 count=1964 slot=0x716a80ac40c8 slot_off=0xc40c8 idx=0x9b0 frame=0x716a80a7836d frame_off=0x7836d vm_ip=0x716a80d10ef0 vm_ip_off=0x310ef0 vm_flags=0x14100010 vm_state=0x3f0612b2 vm_byte=0x3a target=0x716a80ab8556 target_off=0xb8556
[DISPATCH] site=0xcdac7 count=1965 slot=0x716a80ac3c60 slot_off=0xc3c60 idx=0x548 frame=0x716a80a7836d frame_off=0x7836d vm_ip=0x716a80d11163 vm_ip_off=0x311163 vm_flags=0xc83095f0 vm_state=0x400110fe vm_byte=0x3a target=0x716a80a9af18 target_off=0x9af18
[DISPATCH] site=0xcdac7 count=1966 slot=0x716a80ac3c60 slot_off=0xc3c60 idx=0x548 frame=0x716a80a7836d frame_off=0x7836d vm_ip=0x716a80d113a5 vm_ip_off=0x3113a5 vm_flags=0x7adeff2e vm_state=0x78de0800 vm_byte=0x3a target=0x716a80a9af18 target_off=0x9af18
[DISPATCH] site=0xcdac7 count=1967 slot=0x716a80ac40c8 slot_off=0xc40c8 idx=0x9b0 frame=0x716a80a7836d frame_off=0x7836d vm_ip=0x716a80d115e7 vm_ip_off=0x3115e7 vm_flags=0x2948 vm_state=0x2948 vm_byte=0x3a target=0x716a80ab8556 target_off=0xb8556
[DISPATCH] site=0xcdac7 count=1968 slot=0x716a80ac3c60 slot_off=0xc3c60 idx=0x548 frame=0x716a80a7836d frame_off=0x7836d vm_ip=0x716a80d11829 vm_ip_off=0x311829 vm_flags=0x3acddfde vm_state=0x585c5c02 vm_byte=0x3a target=0x716a80a9af18 target_off=0x9af18
[DISPATCH] site=0xcdac7 count=1969 slot=0x716a80ac3c60 slot_off=0xc3c60 idx=0x548 frame=0x716a80a7836d frame_off=0x7836d vm_ip=0x716a80d11a6b vm_ip_off=0x311a6b vm_flags=0xef1b287 vm_state=0x69145f5a vm_byte=0x3a target=0x716a80a9af18 target_off=0x9af18
[DISPATCH] site=0xcdac7 count=1970 slot=0x716a80ac40c8 slot_off=0xc40c8 idx=0x9b0 frame=0x716a80a7836d frame_off=0x7836d vm_ip=0x716a80d11cad vm_ip_off=0x311cad vm_flags=0x524c03c5 vm_state=0x7df7dfda vm_byte=0x3a target=0x716a80ab8556 target_off=0xb8556
[DISPATCH] site=0xcdac7 count=1971 slot=0x716a80ac40c8 slot_off=0xc40c8 idx=0x9b0 frame=0x716a80a7836d frame_off=0x7836d vm_ip=0x716a80d11f69 vm_ip_off=0x311f69 vm_flags=0x8e78f1da vm_state=0xeb377ffe vm_byte=0x3a target=0x716a80ab8556 target_off=0xb8556
[DISPATCH] site=0xcdac7 count=1972 slot=0x716a80ac40c8 slot_off=0xc40c8 idx=0x9b0 frame=0x716a80a7836d frame_off=0x7836d vm_ip=0x716a80d1223a vm_ip_off=0x31223a vm_flags=0x8e4e0de5 vm_state=0x7bd7fefb vm_byte=0x3a target=0x716a80ab8556 target_off=0xb8556
[DISPATCH] site=0xcdac7 count=1973 slot=0x716a80ac3c60 slot_off=0xc3c60 idx=0x548 frame=0x716a80a7836d frame_off=0x7836d vm_ip=0x716a80d12464 vm_ip_off=0x312464 vm_flags=0x347541db vm_state=0x69945ffa vm_byte=0x3a target=0x716a80a9af18 target_off=0x9af18
[DISPATCH] site=0xcdac7 count=1974 slot=0x716a80ac40c8 slot_off=0xc40c8 idx=0x9b0 frame=0x716a80a7836d frame_off=0x7836d vm_ip=0x716a80d1268e vm_ip_off=0x31268e vm_flags=0x5675bb90 vm_state=0xffc76ef9 vm_byte=0x3a target=0x716a80ab8556 target_off=0xb8556
[DISPATCH] site=0xcdac7 count=1975 slot=0x716a80ac3c60 slot_off=0xc3c60 idx=0x548 frame=0x716a80a7836d frame_off=0x7836d vm_ip=0x716a80d12868 vm_ip_off=0x312868 vm_flags=0x221c12 vm_state=0x3f06a742 vm_byte=0x3a target=0x716a80a9af18 target_off=0x9af18
[DISPATCH] site=0xcdac7 count=1976 slot=0x716a80ac3c60 slot_off=0xc3c60 idx=0x548 frame=0x716a80a7836d frame_off=0x7836d vm_ip=0x716a80d12aee vm_ip_off=0x312aee vm_flags=0x8e3c0ca2 vm_state=0x6f95fefa vm_byte=0x3a target=0x716a80a9af18 target_off=0x9af18
[DISPATCH] site=0xcdac7 count=1977 slot=0x716a80ac3c60 slot_off=0xc3c60 idx=0x548 frame=0x716a80a7836d frame_off=0x7836d vm_ip=0x716a80d12cd0 vm_ip_off=0x312cd0 vm_flags=0xfbf79ddb vm_state=0xf9f3eb74 vm_byte=0x3a target=0x716a80a9af18 target_off=0x9af18
[DISPATCH] site=0xcdac7 count=1978 slot=0x716a80ac40c8 slot_off=0xc40c8 idx=0x9b0 frame=0x716a80a7836d frame_off=0x7836d vm_ip=0x716a80d12f26 vm_ip_off=0x312f26 vm_flags=0x4b8eb2de vm_state=0x7b1c5e5e vm_byte=0x3a target=0x716a80ab8556 target_off=0xb8556
[DISPATCH] site=0xcdac7 count=1979 slot=0x716a80ac40c8 slot_off=0xc40c8 idx=0x9b0 frame=0x716a80a7836d frame_off=0x7836d vm_ip=0x716a80d13169 vm_ip_off=0x313169 vm_flags=0x7afe7fef vm_state=0x727e02a8 vm_byte=0x3a target=0x716a80ab8556 target_off=0xb8556
[DISPATCH] site=0xcdac7 count=1980 slot=0x716a80ac3c60 slot_off=0xc3c60 idx=0x548 frame=0x716a80a7836d frame_off=0x7836d vm_ip=0x716a80d1334b vm_ip_off=0x31334b vm_flags=0xce4d8465 vm_state=0x7f3e7f7b vm_byte=0x3a target=0x716a80a9af18 target_off=0x9af18
[DISPATCH] site=0xcdac7 count=1981 slot=0x716a80ac3c60 slot_off=0xc3c60 idx=0x548 frame=0x716a80a7836d frame_off=0x7836d vm_ip=0x716a80d135b9 vm_ip_off=0x3135b9 vm_flags=0xc917a90d vm_state=0xc917a90d vm_byte=0x3a target=0x716a80a9af18 target_off=0x9af18
[DISPATCH] site=0xcdac7 count=1982 slot=0x716a80ac40c8 slot_off=0xc40c8 idx=0x9b0 frame=0x716a80a7836d frame_off=0x7836d vm_ip=0x716a80d137fc vm_ip_off=0x3137fc vm_flags=0x8df97560 vm_state=0x694cb90f vm_byte=0x3a target=0x716a80ab8556 target_off=0xb8556
[DISPATCH] site=0xcdac7 count=1983 slot=0x716a80ac40c8 slot_off=0xc40c8 idx=0x9b0 frame=0x716a80a7836d frame_off=0x7836d vm_ip=0x716a80d139de vm_ip_off=0x3139de vm_flags=0x4a612e32 vm_state=0x5f8f8af3 vm_byte=0x3a target=0x716a80ab8556 target_off=0xb8556
[DISPATCH] site=0xcdac7 count=1984 slot=0x716a80ac3c60 slot_off=0xc3c60 idx=0x548 frame=0x716a80a7836d frame_off=0x7836d vm_ip=0x716a80d13c4c vm_ip_off=0x313c4c vm_flags=0x8f70318b vm_state=0xfbfb8b3c vm_byte=0x3a target=0x716a80a9af18 target_off=0x9af18
[DISPATCH] site=0xcdac7 count=1985 slot=0x716a80ac3c60 slot_off=0xc3c60 idx=0x548 frame=0x716a80a7836d frame_off=0x7836d vm_ip=0x716a80d13e8f vm_ip_off=0x313e8f vm_flags=0xfed1df96 vm_state=0x58a4dcd6 vm_byte=0x3a target=0x716a80a9af18 target_off=0x9af18
[DISPATCH] site=0xcdac7 count=1986 slot=0x716a80ac3c60 slot_off=0xc3c60 idx=0x548 frame=0x716a80a7836d frame_off=0x7836d vm_ip=0x716a80d14071 vm_ip_off=0x314071 vm_flags=0x4ac60206 vm_state=0x5ee7d2fb vm_byte=0x3a target=0x716a80a9af18 target_off=0x9af18
[DISPATCH] site=0xcdac7 count=1987 slot=0x716a80ac40c8 slot_off=0xc40c8 idx=0x9b0 frame=0x716a80a7836d frame_off=0x7836d vm_ip=0x716a80d142df vm_ip_off=0x3142df vm_flags=0x861eb185 vm_state=0xdf95e7f4 vm_byte=0x3a target=0x716a80ab8556 target_off=0xb8556
[DISPATCH] site=0xcdac7 count=1988 slot=0x716a80ac40c8 slot_off=0xc40c8 idx=0x9b0 frame=0x716a80a7836d frame_off=0x7836d vm_ip=0x716a80d14522 vm_ip_off=0x314522 vm_flags=0x34a042ea vm_state=0x3ce04eeb vm_byte=0x3a target=0x716a80ab8556 target_off=0xb8556
[DISPATCH] site=0xcdac7 count=1989 slot=0x716a80ac40c8 slot_off=0xc40c8 idx=0x9b0 frame=0x716a80a7836d frame_off=0x7836d vm_ip=0x716a80d14704 vm_ip_off=0x314704 vm_flags=0xfcdeff37 vm_state=0xfcd60600 vm_byte=0x3a target=0x716a80ab8556 target_off=0xb8556
[DISPATCH] site=0xcdac7 count=1990 slot=0x716a80ac3c60 slot_off=0xc3c60 idx=0x548 frame=0x716a80a7836d frame_off=0x7836d vm_ip=0x716a80d14972 vm_ip_off=0x314972 vm_flags=0xf8eeff37 vm_state=0xf8e60910 vm_byte=0x3a target=0x716a80a9af18 target_off=0x9af18
[DISPATCH] site=0xcdac7 count=1991 slot=0x716a80ac40c8 slot_off=0xc40c8 idx=0x9b0 frame=0x716a80a7836d frame_off=0x7836d vm_ip=0x716a80d14bb5 vm_ip_off=0x314bb5 vm_flags=0x62662dfb vm_state=0xbffcca14 vm_byte=0x3a target=0x716a80ab8556 target_off=0xb8556
[DISPATCH] site=0xcdac7 count=1992 slot=0x716a80ac3c60 slot_off=0xc3c60 idx=0x548 frame=0x716a80a7836d frame_off=0x7836d vm_ip=0x716a80d14d97 vm_ip_off=0x314d97 vm_flags=0xfadf7f2d vm_state=0xf21b0800 vm_byte=0x3a target=0x716a80a9af18 target_off=0x9af18
[DISPATCH] site=0xcdac7 count=1993 slot=0x716a80ac40c8 slot_off=0xc40c8 idx=0x9b0 frame=0x716a80a7836d frame_off=0x7836d vm_ip=0x716a80d15005 vm_ip_off=0x315005 vm_flags=0xe34473c6 vm_state=0xe74477c6 vm_byte=0x3a target=0x716a80ab8556 target_off=0xb8556
[DISPATCH] site=0xcdac7 count=1994 slot=0x716a80ac40c8 slot_off=0xc40c8 idx=0x9b0 frame=0x716a80a7836d frame_off=0x7836d vm_ip=0x716a80d1522f vm_ip_off=0x31522f vm_flags=0x69b0303a vm_state=0x69145e5a vm_byte=0x3a target=0x716a80ab8556 target_off=0xb8556
[DISPATCH] site=0xcdac7 count=1995 slot=0x716a80ac3c60 slot_off=0xc3c60 idx=0x548 frame=0x716a80a7836d frame_off=0x7836d vm_ip=0x716a80d15486 vm_ip_off=0x315486 vm_flags=0x841ab3c5 vm_state=0x841ab3c5 vm_byte=0x3a target=0x716a80a9af18 target_off=0x9af18
[DISPATCH] site=0xcdac7 count=1996 slot=0x716a80ac3c60 slot_off=0xc3c60 idx=0x548 frame=0x716a80a7836d frame_off=0x7836d vm_ip=0x716a80d156ca vm_ip_off=0x3156ca vm_flags=0xf613f930 vm_state=0x3ffce85e vm_byte=0x3a target=0x716a80a9af18 target_off=0x9af18
[DISPATCH] site=0xcdac7 count=1997 slot=0x716a80ac3c60 slot_off=0xc3c60 idx=0x548 frame=0x716a80a7836d frame_off=0x7836d vm_ip=0x716a80d15969 vm_ip_off=0x315969 vm_flags=0x2ab32381 vm_state=0x2af72783 vm_byte=0x3a target=0x716a80a9af18 target_off=0x9af18
[DISPATCH] site=0xcdac7 count=1998 slot=0x716a80ac3c60 slot_off=0xc3c60 idx=0x548 frame=0x716a80a7836d frame_off=0x7836d vm_ip=0x716a80d15bbf vm_ip_off=0x315bbf vm_flags=0x6e5d9892 vm_state=0x4000d60c vm_byte=0x3a target=0x716a80a9af18 target_off=0x9af18
[DISPATCH] site=0xcdac7 count=1999 slot=0x716a80ac40c8 slot_off=0xc40c8 idx=0x9b0 frame=0x716a80a7836d frame_off=0x7836d vm_ip=0x716a80d10ca5 vm_ip_off=0x310ca5 vm_flags=0x148226cc vm_state=0xffaffb65 vm_byte=0x3a target=0x716a80ab8556 target_off=0xb8556
[DISPATCH] site=0xcdac7 count=2000 slot=0x716a80ac40c8 slot_off=0xc40c8 idx=0x9b0 frame=0x716a80a7836d frame_off=0x7836d vm_ip=0x716a80d10ef0 vm_ip_off=0x310ef0 vm_flags=0x14100010 vm_state=0x3f0612b2 vm_byte=0x3a target=0x716a80ab8556 target_off=0xb8556
[DISPATCH] site=0xcdac7 count=2001 slot=0x716a80ac3c60 slot_off=0xc3c60 idx=0x548 frame=0x716a80a7836d frame_off=0x7836d vm_ip=0x716a80d11163 vm_ip_off=0x311163 vm_flags=0xc83095f0 vm_state=0x400110fe vm_byte=0x3a target=0x716a80a9af18 target_off=0x9af18
[DISPATCH] site=0xcdac7 count=2002 slot=0x716a80ac3c60 slot_off=0xc3c60 idx=0x548 frame=0x716a80a7836d frame_off=0x7836d vm_ip=0x716a80d113a5 vm_ip_off=0x3113a5 vm_flags=0x7adeff2e vm_state=0x78de0800 vm_byte=0x3a target=0x716a80a9af18 target_off=0x9af18
[DISPATCH] site=0xcdac7 count=2003 slot=0x716a80ac40c8 slot_off=0xc40c8 idx=0x9b0 frame=0x716a80a7836d frame_off=0x7836d vm_ip=0x716a80d115e7 vm_ip_off=0x3115e7 vm_flags=0x2948 vm_state=0x2948 vm_byte=0x3a target=0x716a80ab8556 target_off=0xb8556
[DISPATCH] site=0xcdac7 count=2004 slot=0x716a80ac3c60 slot_off=0xc3c60 idx=0x548 frame=0x716a80a7836d frame_off=0x7836d vm_ip=0x716a80d11829 vm_ip_off=0x311829 vm_flags=0x3acddfde vm_state=0x585c5c02 vm_byte=0x3a target=0x716a80a9af18 target_off=0x9af18
[DISPATCH] site=0xcdac7 count=2005 slot=0x716a80ac3c60 slot_off=0xc3c60 idx=0x548 frame=0x716a80a7836d frame_off=0x7836d vm_ip=0x716a80d11a6b vm_ip_off=0x311a6b vm_flags=0xef1b287 vm_state=0x69145f5a vm_byte=0x3a target=0x716a80a9af18 target_off=0x9af18
[DISPATCH] site=0xcdac7 count=2006 slot=0x716a80ac40c8 slot_off=0xc40c8 idx=0x9b0 frame=0x716a80a7836d frame_off=0x7836d vm_ip=0x716a80d11cad vm_ip_off=0x311cad vm_flags=0x524c03c5 vm_state=0x7df7dfda vm_byte=0x3a target=0x716a80ab8556 target_off=0xb8556
[DISPATCH] site=0xcdac7 count=2007 slot=0x716a80ac40c8 slot_off=0xc40c8 idx=0x9b0 frame=0x716a80a7836d frame_off=0x7836d vm_ip=0x716a80d11f69 vm_ip_off=0x311f69 vm_flags=0x8e78f1da vm_state=0xeb377ffe vm_byte=0x3a target=0x716a80ab8556 target_off=0xb8556
[DISPATCH] site=0xcdac7 count=2008 slot=0x716a80ac40c8 slot_off=0xc40c8 idx=0x9b0 frame=0x716a80a7836d frame_off=0x7836d vm_ip=0x716a80d1223a vm_ip_off=0x31223a vm_flags=0x8e4e0de5 vm_state=0x7bd7fefb vm_byte=0x3a target=0x716a80ab8556 target_off=0xb8556
[DISPATCH] site=0xcdac7 count=2009 slot=0x716a80ac3c60 slot_off=0xc3c60 idx=0x548 frame=0x716a80a7836d frame_off=0x7836d vm_ip=0x716a80d12464 vm_ip_off=0x312464 vm_flags=0x347541db vm_state=0x69945ffa vm_byte=0x3a target=0x716a80a9af18 target_off=0x9af18
[DISPATCH] site=0xcdac7 count=2010 slot=0x716a80ac40c8 slot_off=0xc40c8 idx=0x9b0 frame=0x716a80a7836d frame_off=0x7836d vm_ip=0x716a80d1268e vm_ip_off=0x31268e vm_flags=0x5675bb90 vm_state=0xffc76ef9 vm_byte=0x3a target=0x716a80ab8556 target_off=0xb8556
[DISPATCH] site=0xcdac7 count=2011 slot=0x716a80ac3c60 slot_off=0xc3c60 idx=0x548 frame=0x716a80a7836d frame_off=0x7836d vm_ip=0x716a80d12868 vm_ip_off=0x312868 vm_flags=0x221c12 vm_state=0x3f06a742 vm_byte=0x3a target=0x716a80a9af18 target_off=0x9af18
[DISPATCH] site=0xcdac7 count=2012 slot=0x716a80ac3c60 slot_off=0xc3c60 idx=0x548 frame=0x716a80a7836d frame_off=0x7836d vm_ip=0x716a80d12aee vm_ip_off=0x312aee vm_flags=0x8e3c0ca2 vm_state=0x6f95fefa vm_byte=0x3a target=0x716a80a9af18 target_off=0x9af18
[DISPATCH] site=0xcdac7 count=2013 slot=0x716a80ac3c60 slot_off=0xc3c60 idx=0x548 frame=0x716a80a7836d frame_off=0x7836d vm_ip=0x716a80d12cd0 vm_ip_off=0x312cd0 vm_flags=0xfbf79ddb vm_state=0xf9f3eb74 vm_byte=0x3a target=0x716a80a9af18 target_off=0x9af18
[DISPATCH] site=0xcdac7 count=2014 slot=0x716a80ac40c8 slot_off=0xc40c8 idx=0x9b0 frame=0x716a80a7836d frame_off=0x7836d vm_ip=0x716a80d12f26 vm_ip_off=0x312f26 vm_flags=0x4b8eb2de vm_state=0x7b1c5e5e vm_byte=0x3a target=0x716a80ab8556 target_off=0xb8556
[DISPATCH] site=0xcdac7 count=2015 slot=0x716a80ac40c8 slot_off=0xc40c8 idx=0x9b0 frame=0x716a80a7836d frame_off=0x7836d vm_ip=0x716a80d13169 vm_ip_off=0x313169 vm_flags=0x7afe7fef vm_state=0x727e02a8 vm_byte=0x3a target=0x716a80ab8556 target_off=0xb8556
[DISPATCH] site=0xcdac7 count=2016 slot=0x716a80ac3c60 slot_off=0xc3c60 idx=0x548 frame=0x716a80a7836d frame_off=0x7836d vm_ip=0x716a80d1334b vm_ip_off=0x31334b vm_flags=0xce4d8465 vm_state=0x7f3e7f7b vm_byte=0x3a target=0x716a80a9af18 target_off=0x9af18
[DISPATCH] site=0xcdac7 count=2017 slot=0x716a80ac3c60 slot_off=0xc3c60 idx=0x548 frame=0x716a80a7836d frame_off=0x7836d vm_ip=0x716a80d135b9 vm_ip_off=0x3135b9 vm_flags=0xc917a90d vm_state=0xc917a90d vm_byte=0x3a target=0x716a80a9af18 target_off=0x9af18
[DISPATCH] site=0xcdac7 count=2018 slot=0x716a80ac40c8 slot_off=0xc40c8 idx=0x9b0 frame=0x716a80a7836d frame_off=0x7836d vm_ip=0x716a80d137fc vm_ip_off=0x3137fc vm_flags=0x8df97560 vm_state=0x694cb90f vm_byte=0x3a target=0x716a80ab8556 target_off=0xb8556
[DISPATCH] site=0xcdac7 count=2019 slot=0x716a80ac40c8 slot_off=0xc40c8 idx=0x9b0 frame=0x716a80a7836d frame_off=0x7836d vm_ip=0x716a80d139de vm_ip_off=0x3139de vm_flags=0x4a612e32 vm_state=0x5f8f8af3 vm_byte=0x3a target=0x716a80ab8556 target_off=0xb8556
[DISPATCH] site=0xcdac7 count=2020 slot=0x716a80ac3c60 slot_off=0xc3c60 idx=0x548 frame=0x716a80a7836d frame_off=0x7836d vm_ip=0x716a80d13c4c vm_ip_off=0x313c4c vm_flags=0x8f70318b vm_state=0xfbfb8b3c vm_byte=0x3a target=0x716a80a9af18 target_off=0x9af18
[DISPATCH] site=0xcdac7 count=2021 slot=0x716a80ac3c60 slot_off=0xc3c60 idx=0x548 frame=0x716a80a7836d frame_off=0x7836d vm_ip=0x716a80d13e8f vm_ip_off=0x313e8f vm_flags=0xfed1df96 vm_state=0x58a4dcd6 vm_byte=0x3a target=0x716a80a9af18 target_off=0x9af18
[DISPATCH] site=0xcdac7 count=2022 slot=0x716a80ac3c60 slot_off=0xc3c60 idx=0x548 frame=0x716a80a7836d frame_off=0x7836d vm_ip=0x716a80d14071 vm_ip_off=0x314071 vm_flags=0x4ac60206 vm_state=0x5ee7d2fb vm_byte=0x3a target=0x716a80a9af18 target_off=0x9af18
[DISPATCH] site=0xcdac7 count=2023 slot=0x716a80ac40c8 slot_off=0xc40c8 idx=0x9b0 frame=0x716a80a7836d frame_off=0x7836d vm_ip=0x716a80d142df vm_ip_off=0x3142df vm_flags=0x861eb185 vm_state=0xdf95e7f4 vm_byte=0x3a target=0x716a80ab8556 target_off=0xb8556
[DISPATCH] site=0xcdac7 count=2024 slot=0x716a80ac40c8 slot_off=0xc40c8 idx=0x9b0 frame=0x716a80a7836d frame_off=0x7836d vm_ip=0x716a80d14522 vm_ip_off=0x314522 vm_flags=0x34a042ea vm_state=0x3ce04eeb vm_byte=0x3a target=0x716a80ab8556 target_off=0xb8556
[DISPATCH] site=0xcdac7 count=2025 slot=0x716a80ac40c8 slot_off=0xc40c8 idx=0x9b0 frame=0x716a80a7836d frame_off=0x7836d vm_ip=0x716a80d14704 vm_ip_off=0x314704 vm_flags=0xfcdeff37 vm_state=0xfcd60600 vm_byte=0x3a target=0x716a80ab8556 target_off=0xb8556
[DISPATCH] site=0xcdac7 count=2026 slot=0x716a80ac3c60 slot_off=0xc3c60 idx=0x548 frame=0x716a80a7836d frame_off=0x7836d vm_ip=0x716a80d14972 vm_ip_off=0x314972 vm_flags=0xf8eeff37 vm_state=0xf8e60910 vm_byte=0x3a target=0x716a80a9af18 target_off=0x9af18
[DISPATCH] site=0xcdac7 count=2027 slot=0x716a80ac40c8 slot_off=0xc40c8 idx=0x9b0 frame=0x716a80a7836d frame_off=0x7836d vm_ip=0x716a80d14bb5 vm_ip_off=0x314bb5 vm_flags=0x62662dfb vm_state=0xbffcca14 vm_byte=0x3a target=0x716a80ab8556 target_off=0xb8556
[DISPATCH] site=0xcdac7 count=2028 slot=0x716a80ac3c60 slot_off=0xc3c60 idx=0x548 frame=0x716a80a7836d frame_off=0x7836d vm_ip=0x716a80d14d97 vm_ip_off=0x314d97 vm_flags=0xfadf7f2d vm_state=0xf21b0800 vm_byte=0x3a target=0x716a80a9af18 target_off=0x9af18
[DISPATCH] site=0xcdac7 count=2029 slot=0x716a80ac40c8 slot_off=0xc40c8 idx=0x9b0 frame=0x716a80a7836d frame_off=0x7836d vm_ip=0x716a80d15005 vm_ip_off=0x315005 vm_flags=0xe34473c6 vm_state=0xe74477c6 vm_byte=0x3a target=0x716a80ab8556 target_off=0xb8556
[DISPATCH] site=0xcdac7 count=2030 slot=0x716a80ac40c8 slot_off=0xc40c8 idx=0x9b0 frame=0x716a80a7836d frame_off=0x7836d vm_ip=0x716a80d1522f vm_ip_off=0x31522f vm_flags=0x69b0303a vm_state=0x69145e5a vm_byte=0x3a target=0x716a80ab8556 target_off=0xb8556
[DISPATCH] site=0xcdac7 count=2031 slot=0x716a80ac3c60 slot_off=0xc3c60 idx=0x548 frame=0x716a80a7836d frame_off=0x7836d vm_ip=0x716a80d15486 vm_ip_off=0x315486 vm_flags=0x841ab3c5 vm_state=0x841ab3c5 vm_byte=0x3a target=0x716a80a9af18 target_off=0x9af18
[DISPATCH] site=0xcdac7 count=2032 slot=0x716a80ac3c60 slot_off=0xc3c60 idx=0x548 frame=0x716a80a7836d frame_off=0x7836d vm_ip=0x716a80d156ca vm_ip_off=0x3156ca vm_flags=0xf613f930 vm_state=0x3ffce85e vm_byte=0x3a target=0x716a80a9af18 target_off=0x9af18
[DISPATCH] site=0xcdac7 count=2033 slot=0x716a80ac3c60 slot_off=0xc3c60 idx=0x548 frame=0x716a80a7836d frame_off=0x7836d vm_ip=0x716a80d15969 vm_ip_off=0x315969 vm_flags=0x2ab32381 vm_state=0x2af72783 vm_byte=0x3a target=0x716a80a9af18 target_off=0x9af18
[DISPATCH] site=0xcdac7 count=2034 slot=0x716a80ac3c60 slot_off=0xc3c60 idx=0x548 frame=0x716a80a7836d frame_off=0x7836d vm_ip=0x716a80d15bbf vm_ip_off=0x315bbf vm_flags=0x6e5d9892 vm_state=0x4000d60c vm_byte=0x3a target=0x716a80a9af18 target_off=0x9af18
[DISPATCH] site=0xcdac7 count=2035 slot=0x716a80ac40c8 slot_off=0xc40c8 idx=0x9b0 frame=0x716a80a7836d frame_off=0x7836d vm_ip=0x716a80d10ca5 vm_ip_off=0x310ca5 vm_flags=0x148226cc vm_state=0xffaffb65 vm_byte=0x3a target=0x716a80ab8556 target_off=0xb8556
[DISPATCH] site=0xcdac7 count=2036 slot=0x716a80ac40c8 slot_off=0xc40c8 idx=0x9b0 frame=0x716a80a7836d frame_off=0x7836d vm_ip=0x716a80d10ef0 vm_ip_off=0x310ef0 vm_flags=0x14100010 vm_state=0x3f0612b2 vm_byte=0x3a target=0x716a80ab8556 target_off=0xb8556
[DISPATCH] site=0xcdac7 count=2037 slot=0x716a80ac3c60 slot_off=0xc3c60 idx=0x548 frame=0x716a80a7836d frame_off=0x7836d vm_ip=0x716a80d11163 vm_ip_off=0x311163 vm_flags=0xc83095f0 vm_state=0x400110fe vm_byte=0x3a target=0x716a80a9af18 target_off=0x9af18
[DISPATCH] site=0xcdac7 count=2038 slot=0x716a80ac3c60 slot_off=0xc3c60 idx=0x548 frame=0x716a80a7836d frame_off=0x7836d vm_ip=0x716a80d113a5 vm_ip_off=0x3113a5 vm_flags=0x7adeff2e vm_state=0x78de0800 vm_byte=0x3a target=0x716a80a9af18 target_off=0x9af18
[DISPATCH] site=0xcdac7 count=2039 slot=0x716a80ac40c8 slot_off=0xc40c8 idx=0x9b0 frame=0x716a80a7836d frame_off=0x7836d vm_ip=0x716a80d115e7 vm_ip_off=0x3115e7 vm_flags=0x2948 vm_state=0x2948 vm_byte=0x3a target=0x716a80ab8556 target_off=0xb8556
[DISPATCH] site=0xcdac7 count=2040 slot=0x716a80ac3c60 slot_off=0xc3c60 idx=0x548 frame=0x716a80a7836d frame_off=0x7836d vm_ip=0x716a80d11829 vm_ip_off=0x311829 vm_flags=0x3acddfde vm_state=0x585c5c02 vm_byte=0x3a target=0x716a80a9af18 target_off=0x9af18
[DISPATCH] site=0xcdac7 count=2041 slot=0x716a80ac3c60 slot_off=0xc3c60 idx=0x548 frame=0x716a80a7836d frame_off=0x7836d vm_ip=0x716a80d11a6b vm_ip_off=0x311a6b vm_flags=0xef1b287 vm_state=0x69145f5a vm_byte=0x3a target=0x716a80a9af18 target_off=0x9af18
[DISPATCH] site=0xcdac7 count=2042 slot=0x716a80ac40c8 slot_off=0xc40c8 idx=0x9b0 frame=0x716a80a7836d frame_off=0x7836d vm_ip=0x716a80d11cad vm_ip_off=0x311cad vm_flags=0x524c03c5 vm_state=0x7df7dfda vm_byte=0x3a target=0x716a80ab8556 target_off=0xb8556
[DISPATCH] site=0xcdac7 count=2043 slot=0x716a80ac40c8 slot_off=0xc40c8 idx=0x9b0 frame=0x716a80a7836d frame_off=0x7836d vm_ip=0x716a80d11f69 vm_ip_off=0x311f69 vm_flags=0x8e78f1da vm_state=0xeb377ffe vm_byte=0x3a target=0x716a80ab8556 target_off=0xb8556
[DISPATCH] site=0xcdac7 count=2044 slot=0x716a80ac40c8 slot_off=0xc40c8 idx=0x9b0 frame=0x716a80a7836d frame_off=0x7836d vm_ip=0x716a80d1223a vm_ip_off=0x31223a vm_flags=0x8e4e0de5 vm_state=0x7bd7fefb vm_byte=0x3a target=0x716a80ab8556 target_off=0xb8556
[DISPATCH] site=0xcdac7 count=2045 slot=0x716a80ac3c60 slot_off=0xc3c60 idx=0x548 frame=0x716a80a7836d frame_off=0x7836d vm_ip=0x716a80d12464 vm_ip_off=0x312464 vm_flags=0x347541db vm_state=0x69945ffa vm_byte=0x3a target=0x716a80a9af18 target_off=0x9af18
[DISPATCH] site=0xcdac7 count=2046 slot=0x716a80ac40c8 slot_off=0xc40c8 idx=0x9b0 frame=0x716a80a7836d frame_off=0x7836d vm_ip=0x716a80d1268e vm_ip_off=0x31268e vm_flags=0x5675bb90 vm_state=0xffc76ef9 vm_byte=0x3a target=0x716a80ab8556 target_off=0xb8556
[DISPATCH] site=0xcdac7 count=2047 slot=0x716a80ac3c60 slot_off=0xc3c60 idx=0x548 frame=0x716a80a7836d frame_off=0x7836d vm_ip=0x716a80d12868 vm_ip_off=0x312868 vm_flags=0x221c12 vm_state=0x3f06a742 vm_byte=0x3a target=0x716a80a9af18 target_off=0x9af18
[DISPATCH] site=0xcdac7 count=2048 slot=0x716a80ac3c60 slot_off=0xc3c60 idx=0x548 frame=0x716a80a7836d frame_off=0x7836d vm_ip=0x716a80d12aee vm_ip_off=0x312aee vm_flags=0x8e3c0ca2 vm_state=0x6f95fefa vm_byte=0x3a target=0x716a80a9af18 target_off=0x9af18
[DISPATCH] site=0xcdac7 count=2049 slot=0x716a80ac3c60 slot_off=0xc3c60 idx=0x548 frame=0x716a80a7836d frame_off=0x7836d vm_ip=0x716a80d12cd0 vm_ip_off=0x312cd0 vm_flags=0xfbf79ddb vm_state=0xf9f3eb74 vm_byte=0x3a target=0x716a80a9af18 target_off=0x9af18
[DISPATCH] site=0xcdac7 count=2050 slot=0x716a80ac40c8 slot_off=0xc40c8 idx=0x9b0 frame=0x716a80a7836d frame_off=0x7836d vm_ip=0x716a80d12f26 vm_ip_off=0x312f26 vm_flags=0x4b8eb2de vm_state=0x7b1c5e5e vm_byte=0x3a target=0x716a80ab8556 target_off=0xb8556
[DISPATCH] site=0xcdac7 count=2051 slot=0x716a80ac40c8 slot_off=0xc40c8 idx=0x9b0 frame=0x716a80a7836d frame_off=0x7836d vm_ip=0x716a80d13169 vm_ip_off=0x313169 vm_flags=0x7afe7fef vm_state=0x727e02a8 vm_byte=0x3a target=0x716a80ab8556 target_off=0xb8556
[DISPATCH] site=0xcdac7 count=2052 slot=0x716a80ac3c60 slot_off=0xc3c60 idx=0x548 frame=0x716a80a7836d frame_off=0x7836d vm_ip=0x716a80d1334b vm_ip_off=0x31334b vm_flags=0xce4d8465 vm_state=0x7f3e7f7b vm_byte=0x3a target=0x716a80a9af18 target_off=0x9af18
[DISPATCH] site=0xcdac7 count=2053 slot=0x716a80ac3c60 slot_off=0xc3c60 idx=0x548 frame=0x716a80a7836d frame_off=0x7836d vm_ip=0x716a80d135b9 vm_ip_off=0x3135b9 vm_flags=0xc917a90d vm_state=0xc917a90d vm_byte=0x3a target=0x716a80a9af18 target_off=0x9af18
[DISPATCH] site=0xcdac7 count=2054 slot=0x716a80ac40c8 slot_off=0xc40c8 idx=0x9b0 frame=0x716a80a7836d frame_off=0x7836d vm_ip=0x716a80d137fc vm_ip_off=0x3137fc vm_flags=0x8df97560 vm_state=0x694cb90f vm_byte=0x3a target=0x716a80ab8556 target_off=0xb8556
[DISPATCH] site=0xcdac7 count=2055 slot=0x716a80ac40c8 slot_off=0xc40c8 idx=0x9b0 frame=0x716a80a7836d frame_off=0x7836d vm_ip=0x716a80d139de vm_ip_off=0x3139de vm_flags=0x4a612e32 vm_state=0x5f8f8af3 vm_byte=0x3a target=0x716a80ab8556 target_off=0xb8556
[DISPATCH] site=0xcdac7 count=2056 slot=0x716a80ac3c60 slot_off=0xc3c60 idx=0x548 frame=0x716a80a7836d frame_off=0x7836d vm_ip=0x716a80d13c4c vm_ip_off=0x313c4c vm_flags=0x8f70318b vm_state=0xfbfb8b3c vm_byte=0x3a target=0x716a80a9af18 target_off=0x9af18
[DISPATCH] site=0xcdac7 count=2057 slot=0x716a80ac3c60 slot_off=0xc3c60 idx=0x548 frame=0x716a80a7836d frame_off=0x7836d vm_ip=0x716a80d13e8f vm_ip_off=0x313e8f vm_flags=0xfed1df96 vm_state=0x58a4dcd6 vm_byte=0x3a target=0x716a80a9af18 target_off=0x9af18
[DISPATCH] site=0xcdac7 count=2058 slot=0x716a80ac3c60 slot_off=0xc3c60 idx=0x548 frame=0x716a80a7836d frame_off=0x7836d vm_ip=0x716a80d14071 vm_ip_off=0x314071 vm_flags=0x4ac60206 vm_state=0x5ee7d2fb vm_byte=0x3a target=0x716a80a9af18 target_off=0x9af18
[DISPATCH] site=0xcdac7 count=2059 slot=0x716a80ac40c8 slot_off=0xc40c8 idx=0x9b0 frame=0x716a80a7836d frame_off=0x7836d vm_ip=0x716a80d142df vm_ip_off=0x3142df vm_flags=0x861eb185 vm_state=0xdf95e7f4 vm_byte=0x3a target=0x716a80ab8556 target_off=0xb8556
[DISPATCH] site=0xcdac7 count=2060 slot=0x716a80ac40c8 slot_off=0xc40c8 idx=0x9b0 frame=0x716a80a7836d frame_off=0x7836d vm_ip=0x716a80d14522 vm_ip_off=0x314522 vm_flags=0x34a042ea vm_state=0x3ce04eeb vm_byte=0x3a target=0x716a80ab8556 target_off=0xb8556
[DISPATCH] site=0xcdac7 count=2061 slot=0x716a80ac40c8 slot_off=0xc40c8 idx=0x9b0 frame=0x716a80a7836d frame_off=0x7836d vm_ip=0x716a80d14704 vm_ip_off=0x314704 vm_flags=0xfcdeff37 vm_state=0xfcd60600 vm_byte=0x3a target=0x716a80ab8556 target_off=0xb8556
[DISPATCH] site=0xcdac7 count=2062 slot=0x716a80ac3c60 slot_off=0xc3c60 idx=0x548 frame=0x716a80a7836d frame_off=0x7836d vm_ip=0x716a80d14972 vm_ip_off=0x314972 vm_flags=0xf8eeff37 vm_state=0xf8e60910 vm_byte=0x3a target=0x716a80a9af18 target_off=0x9af18
[DISPATCH] site=0xcdac7 count=2063 slot=0x716a80ac40c8 slot_off=0xc40c8 idx=0x9b0 frame=0x716a80a7836d frame_off=0x7836d vm_ip=0x716a80d14bb5 vm_ip_off=0x314bb5 vm_flags=0x62662dfb vm_state=0xbffcca14 vm_byte=0x3a target=0x716a80ab8556 target_off=0xb8556
[DISPATCH] site=0xcdac7 count=2064 slot=0x716a80ac3c60 slot_off=0xc3c60 idx=0x548 frame=0x716a80a7836d frame_off=0x7836d vm_ip=0x716a80d14d97 vm_ip_off=0x314d97 vm_flags=0xfadf7f2d vm_state=0xf21b0800 vm_byte=0x3a target=0x716a80a9af18 target_off=0x9af18
[DISPATCH] site=0xcdac7 count=2065 slot=0x716a80ac40c8 slot_off=0xc40c8 idx=0x9b0 frame=0x716a80a7836d frame_off=0x7836d vm_ip=0x716a80d15005 vm_ip_off=0x315005 vm_flags=0xe34473c6 vm_state=0xe74477c6 vm_byte=0x3a target=0x716a80ab8556 target_off=0xb8556
[DISPATCH] site=0xcdac7 count=2066 slot=0x716a80ac40c8 slot_off=0xc40c8 idx=0x9b0 frame=0x716a80a7836d frame_off=0x7836d vm_ip=0x716a80d1522f vm_ip_off=0x31522f vm_flags=0x69b0303a vm_state=0x69145e5a vm_byte=0x3a target=0x716a80ab8556 target_off=0xb8556
[DISPATCH] site=0xcdac7 count=2067 slot=0x716a80ac3c60 slot_off=0xc3c60 idx=0x548 frame=0x716a80a7836d frame_off=0x7836d vm_ip=0x716a80d15486 vm_ip_off=0x315486 vm_flags=0x841ab3c5 vm_state=0x841ab3c5 vm_byte=0x3a target=0x716a80a9af18 target_off=0x9af18
[DISPATCH] site=0xcdac7 count=2068 slot=0x716a80ac3c60 slot_off=0xc3c60 idx=0x548 frame=0x716a80a7836d frame_off=0x7836d vm_ip=0x716a80d156ca vm_ip_off=0x3156ca vm_flags=0xf613f930 vm_state=0x3ffce85e vm_byte=0x3a target=0x716a80a9af18 target_off=0x9af18
[DISPATCH] site=0xcdac7 count=2069 slot=0x716a80ac3c60 slot_off=0xc3c60 idx=0x548 frame=0x716a80a7836d frame_off=0x7836d vm_ip=0x716a80d15969 vm_ip_off=0x315969 vm_flags=0x2ab32381 vm_state=0x2af72783 vm_byte=0x3a target=0x716a80a9af18 target_off=0x9af18
[DISPATCH] site=0xcdac7 count=2070 slot=0x716a80ac3c60 slot_off=0xc3c60 idx=0x548 frame=0x716a80a7836d frame_off=0x7836d vm_ip=0x716a80d15bbf vm_ip_off=0x315bbf vm_flags=0x6e5d9892 vm_state=0x4000d60c vm_byte=0x3a target=0x716a80a9af18 target_off=0x9af18
[DISPATCH] site=0xcdac7 count=2071 slot=0x716a80ac40c8 slot_off=0xc40c8 idx=0x9b0 frame=0x716a80a7836d frame_off=0x7836d vm_ip=0x716a80d10ca5 vm_ip_off=0x310ca5 vm_flags=0x148226cc vm_state=0xffaffb65 vm_byte=0x3a target=0x716a80ab8556 target_off=0xb8556
[DISPATCH] site=0xcdac7 count=2072 slot=0x716a80ac40c8 slot_off=0xc40c8 idx=0x9b0 frame=0x716a80a7836d frame_off=0x7836d vm_ip=0x716a80d10ef0 vm_ip_off=0x310ef0 vm_flags=0x14100010 vm_state=0x3f0612b2 vm_byte=0x3a target=0x716a80ab8556 target_off=0xb8556
[DISPATCH] site=0xcdac7 count=2073 slot=0x716a80ac3c60 slot_off=0xc3c60 idx=0x548 frame=0x716a80a7836d frame_off=0x7836d vm_ip=0x716a80d11163 vm_ip_off=0x311163 vm_flags=0xc83095f0 vm_state=0x400110fe vm_byte=0x3a target=0x716a80a9af18 target_off=0x9af18
[DISPATCH] site=0xcdac7 count=2074 slot=0x716a80ac3c60 slot_off=0xc3c60 idx=0x548 frame=0x716a80a7836d frame_off=0x7836d vm_ip=0x716a80d113a5 vm_ip_off=0x3113a5 vm_flags=0x7adeff2e vm_state=0x78de0800 vm_byte=0x3a target=0x716a80a9af18 target_off=0x9af18
[DISPATCH] site=0xcdac7 count=2075 slot=0x716a80ac40c8 slot_off=0xc40c8 idx=0x9b0 frame=0x716a80a7836d frame_off=0x7836d vm_ip=0x716a80d115e7 vm_ip_off=0x3115e7 vm_flags=0x2948 vm_state=0x2948 vm_byte=0x3a target=0x716a80ab8556 target_off=0xb8556
[DISPATCH] site=0xcdac7 count=2076 slot=0x716a80ac3c60 slot_off=0xc3c60 idx=0x548 frame=0x716a80a7836d frame_off=0x7836d vm_ip=0x716a80d11829 vm_ip_off=0x311829 vm_flags=0x3acddfde vm_state=0x585c5c02 vm_byte=0x3a target=0x716a80a9af18 target_off=0x9af18
[DISPATCH] site=0xcdac7 count=2077 slot=0x716a80ac3c60 slot_off=0xc3c60 idx=0x548 frame=0x716a80a7836d frame_off=0x7836d vm_ip=0x716a80d11a6b vm_ip_off=0x311a6b vm_flags=0xef1b287 vm_state=0x69145f5a vm_byte=0x3a target=0x716a80a9af18 target_off=0x9af18
[DISPATCH] site=0xcdac7 count=2078 slot=0x716a80ac40c8 slot_off=0xc40c8 idx=0x9b0 frame=0x716a80a7836d frame_off=0x7836d vm_ip=0x716a80d11cad vm_ip_off=0x311cad vm_flags=0x524c03c5 vm_state=0x7df7dfda vm_byte=0x3a target=0x716a80ab8556 target_off=0xb8556
[DISPATCH] site=0xcdac7 count=2079 slot=0x716a80ac40c8 slot_off=0xc40c8 idx=0x9b0 frame=0x716a80a7836d frame_off=0x7836d vm_ip=0x716a80d11f69 vm_ip_off=0x311f69 vm_flags=0x8e78f1da vm_state=0xeb377ffe vm_byte=0x3a target=0x716a80ab8556 target_off=0xb8556
[DISPATCH] site=0xcdac7 count=2080 slot=0x716a80ac40c8 slot_off=0xc40c8 idx=0x9b0 frame=0x716a80a7836d frame_off=0x7836d vm_ip=0x716a80d1223a vm_ip_off=0x31223a vm_flags=0x8e4e0de5 vm_state=0x7bd7fefb vm_byte=0x3a target=0x716a80ab8556 target_off=0xb8556
[DISPATCH] site=0xcdac7 count=2081 slot=0x716a80ac3c60 slot_off=0xc3c60 idx=0x548 frame=0x716a80a7836d frame_off=0x7836d vm_ip=0x716a80d12464 vm_ip_off=0x312464 vm_flags=0x347541db vm_state=0x69945ffa vm_byte=0x3a target=0x716a80a9af18 target_off=0x9af18
[DISPATCH] site=0xcdac7 count=2082 slot=0x716a80ac40c8 slot_off=0xc40c8 idx=0x9b0 frame=0x716a80a7836d frame_off=0x7836d vm_ip=0x716a80d1268e vm_ip_off=0x31268e vm_flags=0x5675bb90 vm_state=0xffc76ef9 vm_byte=0x3a target=0x716a80ab8556 target_off=0xb8556
[DISPATCH] site=0xcdac7 count=2083 slot=0x716a80ac3c60 slot_off=0xc3c60 idx=0x548 frame=0x716a80a7836d frame_off=0x7836d vm_ip=0x716a80d12868 vm_ip_off=0x312868 vm_flags=0x221c12 vm_state=0x3f06a742 vm_byte=0x3a target=0x716a80a9af18 target_off=0x9af18
[DISPATCH] site=0xcdac7 count=2084 slot=0x716a80ac3c60 slot_off=0xc3c60 idx=0x548 frame=0x716a80a7836d frame_off=0x7836d vm_ip=0x716a80d12aee vm_ip_off=0x312aee vm_flags=0x8e3c0ca2 vm_state=0x6f95fefa vm_byte=0x3a target=0x716a80a9af18 target_off=0x9af18
[DISPATCH] site=0xcdac7 count=2085 slot=0x716a80ac3c60 slot_off=0xc3c60 idx=0x548 frame=0x716a80a7836d frame_off=0x7836d vm_ip=0x716a80d12cd0 vm_ip_off=0x312cd0 vm_flags=0xfbf79ddb vm_state=0xf9f3eb74 vm_byte=0x3a target=0x716a80a9af18 target_off=0x9af18
[DISPATCH] site=0xcdac7 count=2086 slot=0x716a80ac40c8 slot_off=0xc40c8 idx=0x9b0 frame=0x716a80a7836d frame_off=0x7836d vm_ip=0x716a80d12f26 vm_ip_off=0x312f26 vm_flags=0x4b8eb2de vm_state=0x7b1c5e5e vm_byte=0x3a target=0x716a80ab8556 target_off=0xb8556
[DISPATCH] site=0xcdac7 count=2087 slot=0x716a80ac40c8 slot_off=0xc40c8 idx=0x9b0 frame=0x716a80a7836d frame_off=0x7836d vm_ip=0x716a80d13169 vm_ip_off=0x313169 vm_flags=0x7afe7fef vm_state=0x727e02a8 vm_byte=0x3a target=0x716a80ab8556 target_off=0xb8556
[DISPATCH] site=0xcdac7 count=2088 slot=0x716a80ac3c60 slot_off=0xc3c60 idx=0x548 frame=0x716a80a7836d frame_off=0x7836d vm_ip=0x716a80d1334b vm_ip_off=0x31334b vm_flags=0xce4d8465 vm_state=0x7f3e7f7b vm_byte=0x3a target=0x716a80a9af18 target_off=0x9af18
[DISPATCH] site=0xcdac7 count=2089 slot=0x716a80ac3c60 slot_off=0xc3c60 idx=0x548 frame=0x716a80a7836d frame_off=0x7836d vm_ip=0x716a80d135b9 vm_ip_off=0x3135b9 vm_flags=0xc917a90d vm_state=0xc917a90d vm_byte=0x3a target=0x716a80a9af18 target_off=0x9af18
[DISPATCH] site=0xcdac7 count=2090 slot=0x716a80ac40c8 slot_off=0xc40c8 idx=0x9b0 frame=0x716a80a7836d frame_off=0x7836d vm_ip=0x716a80d137fc vm_ip_off=0x3137fc vm_flags=0x8df97560 vm_state=0x694cb90f vm_byte=0x3a target=0x716a80ab8556 target_off=0xb8556
[DISPATCH] site=0xcdac7 count=2091 slot=0x716a80ac40c8 slot_off=0xc40c8 idx=0x9b0 frame=0x716a80a7836d frame_off=0x7836d vm_ip=0x716a80d139de vm_ip_off=0x3139de vm_flags=0x4a612e32 vm_state=0x5f8f8af3 vm_byte=0x3a target=0x716a80ab8556 target_off=0xb8556
[DISPATCH] site=0xcdac7 count=2092 slot=0x716a80ac3c60 slot_off=0xc3c60 idx=0x548 frame=0x716a80a7836d frame_off=0x7836d vm_ip=0x716a80d13c4c vm_ip_off=0x313c4c vm_flags=0x8f70318b vm_state=0xfbfb8b3c vm_byte=0x3a target=0x716a80a9af18 target_off=0x9af18
[DISPATCH] site=0xcdac7 count=2093 slot=0x716a80ac3c60 slot_off=0xc3c60 idx=0x548 frame=0x716a80a7836d frame_off=0x7836d vm_ip=0x716a80d13e8f vm_ip_off=0x313e8f vm_flags=0xfed1df96 vm_state=0x58a4dcd6 vm_byte=0x3a target=0x716a80a9af18 target_off=0x9af18
[DISPATCH] site=0xcdac7 count=2094 slot=0x716a80ac3c60 slot_off=0xc3c60 idx=0x548 frame=0x716a80a7836d frame_off=0x7836d vm_ip=0x716a80d14071 vm_ip_off=0x314071 vm_flags=0x4ac60206 vm_state=0x5ee7d2fb vm_byte=0x3a target=0x716a80a9af18 target_off=0x9af18
[DISPATCH] site=0xcdac7 count=2095 slot=0x716a80ac40c8 slot_off=0xc40c8 idx=0x9b0 frame=0x716a80a7836d frame_off=0x7836d vm_ip=0x716a80d142df vm_ip_off=0x3142df vm_flags=0x861eb185 vm_state=0xdf95e7f4 vm_byte=0x3a target=0x716a80ab8556 target_off=0xb8556
[DISPATCH] site=0xcdac7 count=2096 slot=0x716a80ac40c8 slot_off=0xc40c8 idx=0x9b0 frame=0x716a80a7836d frame_off=0x7836d vm_ip=0x716a80d14522 vm_ip_off=0x314522 vm_flags=0x34a042ea vm_state=0x3ce04eeb vm_byte=0x3a target=0x716a80ab8556 target_off=0xb8556
[DISPATCH] site=0xcdac7 count=2097 slot=0x716a80ac40c8 slot_off=0xc40c8 idx=0x9b0 frame=0x716a80a7836d frame_off=0x7836d vm_ip=0x716a80d14704 vm_ip_off=0x314704 vm_flags=0xfcdeff37 vm_state=0xfcd60600 vm_byte=0x3a target=0x716a80ab8556 target_off=0xb8556
[DISPATCH] site=0xcdac7 count=2098 slot=0x716a80ac3c60 slot_off=0xc3c60 idx=0x548 frame=0x716a80a7836d frame_off=0x7836d vm_ip=0x716a80d14972 vm_ip_off=0x314972 vm_flags=0xf8eeff37 vm_state=0xf8e60910 vm_byte=0x3a target=0x716a80a9af18 target_off=0x9af18
[DISPATCH] site=0xcdac7 count=2099 slot=0x716a80ac40c8 slot_off=0xc40c8 idx=0x9b0 frame=0x716a80a7836d frame_off=0x7836d vm_ip=0x716a80d14bb5 vm_ip_off=0x314bb5 vm_flags=0x62662dfb vm_state=0xbffcca14 vm_byte=0x3a target=0x716a80ab8556 target_off=0xb8556
[DISPATCH] site=0xcdac7 count=2100 slot=0x716a80ac3c60 slot_off=0xc3c60 idx=0x548 frame=0x716a80a7836d frame_off=0x7836d vm_ip=0x716a80d14d97 vm_ip_off=0x314d97 vm_flags=0xfadf7f2d vm_state=0xf21b0800 vm_byte=0x3a target=0x716a80a9af18 target_off=0x9af18
[DISPATCH] site=0xcdac7 count=2101 slot=0x716a80ac40c8 slot_off=0xc40c8 idx=0x9b0 frame=0x716a80a7836d frame_off=0x7836d vm_ip=0x716a80d15005 vm_ip_off=0x315005 vm_flags=0xe34473c6 vm_state=0xe74477c6 vm_byte=0x3a target=0x716a80ab8556 target_off=0xb8556
[DISPATCH] site=0xcdac7 count=2102 slot=0x716a80ac40c8 slot_off=0xc40c8 idx=0x9b0 frame=0x716a80a7836d frame_off=0x7836d vm_ip=0x716a80d1522f vm_ip_off=0x31522f vm_flags=0x69b0303a vm_state=0x69145e5a vm_byte=0x3a target=0x716a80ab8556 target_off=0xb8556
[DISPATCH] site=0xcdac7 count=2103 slot=0x716a80ac3c60 slot_off=0xc3c60 idx=0x548 frame=0x716a80a7836d frame_off=0x7836d vm_ip=0x716a80d15486 vm_ip_off=0x315486 vm_flags=0x841ab3c5 vm_state=0x841ab3c5 vm_byte=0x3a target=0x716a80a9af18 target_off=0x9af18
[DISPATCH] site=0xcdac7 count=2104 slot=0x716a80ac3c60 slot_off=0xc3c60 idx=0x548 frame=0x716a80a7836d frame_off=0x7836d vm_ip=0x716a80d156ca vm_ip_off=0x3156ca vm_flags=0xf613f930 vm_state=0x3ffce85e vm_byte=0x3a target=0x716a80a9af18 target_off=0x9af18
[DISPATCH] site=0xcdac7 count=2105 slot=0x716a80ac3c60 slot_off=0xc3c60 idx=0x548 frame=0x716a80a7836d frame_off=0x7836d vm_ip=0x716a80d15969 vm_ip_off=0x315969 vm_flags=0x2ab32381 vm_state=0x2af72783 vm_byte=0x3a target=0x716a80a9af18 target_off=0x9af18
[DISPATCH] site=0xcdac7 count=2106 slot=0x716a80ac3c60 slot_off=0xc3c60 idx=0x548 frame=0x716a80a7836d frame_off=0x7836d vm_ip=0x716a80d15bbf vm_ip_off=0x315bbf vm_flags=0x6e5d9892 vm_state=0x4000d60c vm_byte=0x3a target=0x716a80a9af18 target_off=0x9af18
[DISPATCH] site=0xcdac7 count=2107 slot=0x716a80ac40c8 slot_off=0xc40c8 idx=0x9b0 frame=0x716a80a7836d frame_off=0x7836d vm_ip=0x716a80d10ca5 vm_ip_off=0x310ca5 vm_flags=0x148226cc vm_state=0xffaffb65 vm_byte=0x3a target=0x716a80ab8556 target_off=0xb8556
[DISPATCH] site=0xcdac7 count=2108 slot=0x716a80ac40c8 slot_off=0xc40c8 idx=0x9b0 frame=0x716a80a7836d frame_off=0x7836d vm_ip=0x716a80d10ef0 vm_ip_off=0x310ef0 vm_flags=0x14100010 vm_state=0x3f0612b2 vm_byte=0x3a target=0x716a80ab8556 target_off=0xb8556
[DISPATCH] site=0xcdac7 count=2109 slot=0x716a80ac3c60 slot_off=0xc3c60 idx=0x548 frame=0x716a80a7836d frame_off=0x7836d vm_ip=0x716a80d11163 vm_ip_off=0x311163 vm_flags=0xc83095f0 vm_state=0x400110fe vm_byte=0x3a target=0x716a80a9af18 target_off=0x9af18
[DISPATCH] site=0xcdac7 count=2110 slot=0x716a80ac3c60 slot_off=0xc3c60 idx=0x548 frame=0x716a80a7836d frame_off=0x7836d vm_ip=0x716a80d113a5 vm_ip_off=0x3113a5 vm_flags=0x7adeff2e vm_state=0x78de0800 vm_byte=0x3a target=0x716a80a9af18 target_off=0x9af18
[DISPATCH] site=0xcdac7 count=2111 slot=0x716a80ac40c8 slot_off=0xc40c8 idx=0x9b0 frame=0x716a80a7836d frame_off=0x7836d vm_ip=0x716a80d115e7 vm_ip_off=0x3115e7 vm_flags=0x2948 vm_state=0x2948 vm_byte=0x3a target=0x716a80ab8556 target_off=0xb8556
[DISPATCH] site=0xcdac7 count=2112 slot=0x716a80ac3c60 slot_off=0xc3c60 idx=0x548 frame=0x716a80a7836d frame_off=0x7836d vm_ip=0x716a80d11829 vm_ip_off=0x311829 vm_flags=0x3acddfde vm_state=0x585c5c02 vm_byte=0x3a target=0x716a80a9af18 target_off=0x9af18
[DISPATCH] site=0xcdac7 count=2113 slot=0x716a80ac3c60 slot_off=0xc3c60 idx=0x548 frame=0x716a80a7836d frame_off=0x7836d vm_ip=0x716a80d11a6b vm_ip_off=0x311a6b vm_flags=0xef1b287 vm_state=0x69145f5a vm_byte=0x3a target=0x716a80a9af18 target_off=0x9af18
[DISPATCH] site=0xcdac7 count=2114 slot=0x716a80ac40c8 slot_off=0xc40c8 idx=0x9b0 frame=0x716a80a7836d frame_off=0x7836d vm_ip=0x716a80d11cad vm_ip_off=0x311cad vm_flags=0x524c03c5 vm_state=0x7df7dfda vm_byte=0x3a target=0x716a80ab8556 target_off=0xb8556
[DISPATCH] site=0xcdac7 count=2115 slot=0x716a80ac40c8 slot_off=0xc40c8 idx=0x9b0 frame=0x716a80a7836d frame_off=0x7836d vm_ip=0x716a80d11f69 vm_ip_off=0x311f69 vm_flags=0x8e78f1da vm_state=0xeb377ffe vm_byte=0x3a target=0x716a80ab8556 target_off=0xb8556
[DISPATCH] site=0xcdac7 count=2116 slot=0x716a80ac40c8 slot_off=0xc40c8 idx=0x9b0 frame=0x716a80a7836d frame_off=0x7836d vm_ip=0x716a80d1223a vm_ip_off=0x31223a vm_flags=0x8e4e0de5 vm_state=0x7bd7fefb vm_byte=0x3a target=0x716a80ab8556 target_off=0xb8556
[DISPATCH] site=0xcdac7 count=2117 slot=0x716a80ac3c60 slot_off=0xc3c60 idx=0x548 frame=0x716a80a7836d frame_off=0x7836d vm_ip=0x716a80d12464 vm_ip_off=0x312464 vm_flags=0x347541db vm_state=0x69945ffa vm_byte=0x3a target=0x716a80a9af18 target_off=0x9af18
[DISPATCH] site=0xcdac7 count=2118 slot=0x716a80ac40c8 slot_off=0xc40c8 idx=0x9b0 frame=0x716a80a7836d frame_off=0x7836d vm_ip=0x716a80d1268e vm_ip_off=0x31268e vm_flags=0x5675bb90 vm_state=0xffc76ef9 vm_byte=0x3a target=0x716a80ab8556 target_off=0xb8556
[DISPATCH] site=0xcdac7 count=2119 slot=0x716a80ac3c60 slot_off=0xc3c60 idx=0x548 frame=0x716a80a7836d frame_off=0x7836d vm_ip=0x716a80d12868 vm_ip_off=0x312868 vm_flags=0x221c12 vm_state=0x3f06a742 vm_byte=0x3a target=0x716a80a9af18 target_off=0x9af18
[DISPATCH] site=0xcdac7 count=2120 slot=0x716a80ac3c60 slot_off=0xc3c60 idx=0x548 frame=0x716a80a7836d frame_off=0x7836d vm_ip=0x716a80d12aee vm_ip_off=0x312aee vm_flags=0x8e3c0ca2 vm_state=0x6f95fefa vm_byte=0x3a target=0x716a80a9af18 target_off=0x9af18
[DISPATCH] site=0xcdac7 count=2121 slot=0x716a80ac3c60 slot_off=0xc3c60 idx=0x548 frame=0x716a80a7836d frame_off=0x7836d vm_ip=0x716a80d12cd0 vm_ip_off=0x312cd0 vm_flags=0xfbf79ddb vm_state=0xf9f3eb74 vm_byte=0x3a target=0x716a80a9af18 target_off=0x9af18
[DISPATCH] site=0xcdac7 count=2122 slot=0x716a80ac40c8 slot_off=0xc40c8 idx=0x9b0 frame=0x716a80a7836d frame_off=0x7836d vm_ip=0x716a80d12f26 vm_ip_off=0x312f26 vm_flags=0x4b8eb2de vm_state=0x7b1c5e5e vm_byte=0x3a target=0x716a80ab8556 target_off=0xb8556
[DISPATCH] site=0xcdac7 count=2123 slot=0x716a80ac40c8 slot_off=0xc40c8 idx=0x9b0 frame=0x716a80a7836d frame_off=0x7836d vm_ip=0x716a80d13169 vm_ip_off=0x313169 vm_flags=0x7afe7fef vm_state=0x727e02a8 vm_byte=0x3a target=0x716a80ab8556 target_off=0xb8556
[DISPATCH] site=0xcdac7 count=2124 slot=0x716a80ac3c60 slot_off=0xc3c60 idx=0x548 frame=0x716a80a7836d frame_off=0x7836d vm_ip=0x716a80d1334b vm_ip_off=0x31334b vm_flags=0xce4d8465 vm_state=0x7f3e7f7b vm_byte=0x3a target=0x716a80a9af18 target_off=0x9af18
[DISPATCH] site=0xcdac7 count=2125 slot=0x716a80ac3c60 slot_off=0xc3c60 idx=0x548 frame=0x716a80a7836d frame_off=0x7836d vm_ip=0x716a80d135b9 vm_ip_off=0x3135b9 vm_flags=0xc917a90d vm_state=0xc917a90d vm_byte=0x3a target=0x716a80a9af18 target_off=0x9af18
[DISPATCH] site=0xcdac7 count=2126 slot=0x716a80ac40c8 slot_off=0xc40c8 idx=0x9b0 frame=0x716a80a7836d frame_off=0x7836d vm_ip=0x716a80d137fc vm_ip_off=0x3137fc vm_flags=0x8df97560 vm_state=0x694cb90f vm_byte=0x3a target=0x716a80ab8556 target_off=0xb8556
[DISPATCH] site=0xcdac7 count=2127 slot=0x716a80ac40c8 slot_off=0xc40c8 idx=0x9b0 frame=0x716a80a7836d frame_off=0x7836d vm_ip=0x716a80d139de vm_ip_off=0x3139de vm_flags=0x4a612e32 vm_state=0x5f8f8af3 vm_byte=0x3a target=0x716a80ab8556 target_off=0xb8556
[DISPATCH] site=0xcdac7 count=2128 slot=0x716a80ac3c60 slot_off=0xc3c60 idx=0x548 frame=0x716a80a7836d frame_off=0x7836d vm_ip=0x716a80d13c4c vm_ip_off=0x313c4c vm_flags=0x8f70318b vm_state=0xfbfb8b3c vm_byte=0x3a target=0x716a80a9af18 target_off=0x9af18
[DISPATCH] site=0xcdac7 count=2129 slot=0x716a80ac3c60 slot_off=0xc3c60 idx=0x548 frame=0x716a80a7836d frame_off=0x7836d vm_ip=0x716a80d13e8f vm_ip_off=0x313e8f vm_flags=0xfed1df96 vm_state=0x58a4dcd6 vm_byte=0x3a target=0x716a80a9af18 target_off=0x9af18
[DISPATCH] site=0xcdac7 count=2130 slot=0x716a80ac3c60 slot_off=0xc3c60 idx=0x548 frame=0x716a80a7836d frame_off=0x7836d vm_ip=0x716a80d14071 vm_ip_off=0x314071 vm_flags=0x4ac60206 vm_state=0x5ee7d2fb vm_byte=0x3a target=0x716a80a9af18 target_off=0x9af18
[DISPATCH] site=0xcdac7 count=2131 slot=0x716a80ac40c8 slot_off=0xc40c8 idx=0x9b0 frame=0x716a80a7836d frame_off=0x7836d vm_ip=0x716a80d142df vm_ip_off=0x3142df vm_flags=0x861eb185 vm_state=0xdf95e7f4 vm_byte=0x3a target=0x716a80ab8556 target_off=0xb8556
[DISPATCH] site=0xcdac7 count=2132 slot=0x716a80ac40c8 slot_off=0xc40c8 idx=0x9b0 frame=0x716a80a7836d frame_off=0x7836d vm_ip=0x716a80d14522 vm_ip_off=0x314522 vm_flags=0x34a042ea vm_state=0x3ce04eeb vm_byte=0x3a target=0x716a80ab8556 target_off=0xb8556
[DISPATCH] site=0xcdac7 count=2133 slot=0x716a80ac40c8 slot_off=0xc40c8 idx=0x9b0 frame=0x716a80a7836d frame_off=0x7836d vm_ip=0x716a80d14704 vm_ip_off=0x314704 vm_flags=0xfcdeff37 vm_state=0xfcd60600 vm_byte=0x3a target=0x716a80ab8556 target_off=0xb8556
[DISPATCH] site=0xcdac7 count=2134 slot=0x716a80ac3c60 slot_off=0xc3c60 idx=0x548 frame=0x716a80a7836d frame_off=0x7836d vm_ip=0x716a80d14972 vm_ip_off=0x314972 vm_flags=0xf8eeff37 vm_state=0xf8e60910 vm_byte=0x3a target=0x716a80a9af18 target_off=0x9af18
[DISPATCH] site=0xcdac7 count=2135 slot=0x716a80ac40c8 slot_off=0xc40c8 idx=0x9b0 frame=0x716a80a7836d frame_off=0x7836d vm_ip=0x716a80d14bb5 vm_ip_off=0x314bb5 vm_flags=0x62662dfb vm_state=0xbffcca14 vm_byte=0x3a target=0x716a80ab8556 target_off=0xb8556
[DISPATCH] site=0xcdac7 count=2136 slot=0x716a80ac3c60 slot_off=0xc3c60 idx=0x548 frame=0x716a80a7836d frame_off=0x7836d vm_ip=0x716a80d14d97 vm_ip_off=0x314d97 vm_flags=0xfadf7f2d vm_state=0xf21b0800 vm_byte=0x3a target=0x716a80a9af18 target_off=0x9af18
[DISPATCH] site=0xcdac7 count=2137 slot=0x716a80ac40c8 slot_off=0xc40c8 idx=0x9b0 frame=0x716a80a7836d frame_off=0x7836d vm_ip=0x716a80d15005 vm_ip_off=0x315005 vm_flags=0xe34473c6 vm_state=0xe74477c6 vm_byte=0x3a target=0x716a80ab8556 target_off=0xb8556
[DISPATCH] site=0xcdac7 count=2138 slot=0x716a80ac40c8 slot_off=0xc40c8 idx=0x9b0 frame=0x716a80a7836d frame_off=0x7836d vm_ip=0x716a80d1522f vm_ip_off=0x31522f vm_flags=0x69b0303a vm_state=0x69145e5a vm_byte=0x3a target=0x716a80ab8556 target_off=0xb8556
[DISPATCH] site=0xcdac7 count=2139 slot=0x716a80ac3c60 slot_off=0xc3c60 idx=0x548 frame=0x716a80a7836d frame_off=0x7836d vm_ip=0x716a80d15486 vm_ip_off=0x315486 vm_flags=0x841ab3c5 vm_state=0x841ab3c5 vm_byte=0x3a target=0x716a80a9af18 target_off=0x9af18
[DISPATCH] site=0xcdac7 count=2140 slot=0x716a80ac3c60 slot_off=0xc3c60 idx=0x548 frame=0x716a80a7836d frame_off=0x7836d vm_ip=0x716a80d156ca vm_ip_off=0x3156ca vm_flags=0xf613f930 vm_state=0x3ffce85e vm_byte=0x3a target=0x716a80a9af18 target_off=0x9af18
[DISPATCH] site=0xcdac7 count=2141 slot=0x716a80ac3c60 slot_off=0xc3c60 idx=0x548 frame=0x716a80a7836d frame_off=0x7836d vm_ip=0x716a80d15969 vm_ip_off=0x315969 vm_flags=0x2ab32381 vm_state=0x2af72783 vm_byte=0x3a target=0x716a80a9af18 target_off=0x9af18
[DISPATCH] site=0xcdac7 count=2142 slot=0x716a80ac3c60 slot_off=0xc3c60 idx=0x548 frame=0x716a80a7836d frame_off=0x7836d vm_ip=0x716a80d15bbf vm_ip_off=0x315bbf vm_flags=0x6e5d9892 vm_state=0x4000d60c vm_byte=0x3a target=0x716a80a9af18 target_off=0x9af18
[DISPATCH] site=0xcdac7 count=2143 slot=0x716a80ac40c8 slot_off=0xc40c8 idx=0x9b0 frame=0x716a80a7836d frame_off=0x7836d vm_ip=0x716a80d10ca5 vm_ip_off=0x310ca5 vm_flags=0x148226cc vm_state=0xffaffb65 vm_byte=0x3a target=0x716a80ab8556 target_off=0xb8556
[DISPATCH] site=0xcdac7 count=2144 slot=0x716a80ac40c8 slot_off=0xc40c8 idx=0x9b0 frame=0x716a80a7836d frame_off=0x7836d vm_ip=0x716a80d10ef0 vm_ip_off=0x310ef0 vm_flags=0x14100010 vm_state=0x3f0612b2 vm_byte=0x3a target=0x716a80ab8556 target_off=0xb8556
[DISPATCH] site=0xcdac7 count=2145 slot=0x716a80ac3c60 slot_off=0xc3c60 idx=0x548 frame=0x716a80a7836d frame_off=0x7836d vm_ip=0x716a80d11163 vm_ip_off=0x311163 vm_flags=0xc83095f0 vm_state=0x400110fe vm_byte=0x3a target=0x716a80a9af18 target_off=0x9af18
[DISPATCH] site=0xcdac7 count=2146 slot=0x716a80ac3c60 slot_off=0xc3c60 idx=0x548 frame=0x716a80a7836d frame_off=0x7836d vm_ip=0x716a80d113a5 vm_ip_off=0x3113a5 vm_flags=0x7adeff2e vm_state=0x78de0800 vm_byte=0x3a target=0x716a80a9af18 target_off=0x9af18
[DISPATCH] site=0xcdac7 count=2147 slot=0x716a80ac40c8 slot_off=0xc40c8 idx=0x9b0 frame=0x716a80a7836d frame_off=0x7836d vm_ip=0x716a80d115e7 vm_ip_off=0x3115e7 vm_flags=0x2948 vm_state=0x2948 vm_byte=0x3a target=0x716a80ab8556 target_off=0xb8556
[DISPATCH] site=0xcdac7 count=2148 slot=0x716a80ac3c60 slot_off=0xc3c60 idx=0x548 frame=0x716a80a7836d frame_off=0x7836d vm_ip=0x716a80d11829 vm_ip_off=0x311829 vm_flags=0x3acddfde vm_state=0x585c5c02 vm_byte=0x3a target=0x716a80a9af18 target_off=0x9af18
[DISPATCH] site=0xcdac7 count=2149 slot=0x716a80ac3c60 slot_off=0xc3c60 idx=0x548 frame=0x716a80a7836d frame_off=0x7836d vm_ip=0x716a80d11a6b vm_ip_off=0x311a6b vm_flags=0xef1b287 vm_state=0x69145f5a vm_byte=0x3a target=0x716a80a9af18 target_off=0x9af18
[DISPATCH] site=0xcdac7 count=2150 slot=0x716a80ac40c8 slot_off=0xc40c8 idx=0x9b0 frame=0x716a80a7836d frame_off=0x7836d vm_ip=0x716a80d11cad vm_ip_off=0x311cad vm_flags=0x524c03c5 vm_state=0x7df7dfda vm_byte=0x3a target=0x716a80ab8556 target_off=0xb8556
[DISPATCH] site=0xcdac7 count=2151 slot=0x716a80ac40c8 slot_off=0xc40c8 idx=0x9b0 frame=0x716a80a7836d frame_off=0x7836d vm_ip=0x716a80d11f69 vm_ip_off=0x311f69 vm_flags=0x8e78f1da vm_state=0xeb377ffe vm_byte=0x3a target=0x716a80ab8556 target_off=0xb8556
[DISPATCH] site=0xcdac7 count=2152 slot=0x716a80ac40c8 slot_off=0xc40c8 idx=0x9b0 frame=0x716a80a7836d frame_off=0x7836d vm_ip=0x716a80d1223a vm_ip_off=0x31223a vm_flags=0x8e4e0de5 vm_state=0x7bd7fefb vm_byte=0x3a target=0x716a80ab8556 target_off=0xb8556
[DISPATCH] site=0xcdac7 count=2153 slot=0x716a80ac3c60 slot_off=0xc3c60 idx=0x548 frame=0x716a80a7836d frame_off=0x7836d vm_ip=0x716a80d12464 vm_ip_off=0x312464 vm_flags=0x347541db vm_state=0x69945ffa vm_byte=0x3a target=0x716a80a9af18 target_off=0x9af18
[DISPATCH] site=0xcdac7 count=2154 slot=0x716a80ac40c8 slot_off=0xc40c8 idx=0x9b0 frame=0x716a80a7836d frame_off=0x7836d vm_ip=0x716a80d1268e vm_ip_off=0x31268e vm_flags=0x5675bb90 vm_state=0xffc76ef9 vm_byte=0x3a target=0x716a80ab8556 target_off=0xb8556
[DISPATCH] site=0xcdac7 count=2155 slot=0x716a80ac3c60 slot_off=0xc3c60 idx=0x548 frame=0x716a80a7836d frame_off=0x7836d vm_ip=0x716a80d12868 vm_ip_off=0x312868 vm_flags=0x221c12 vm_state=0x3f06a742 vm_byte=0x3a target=0x716a80a9af18 target_off=0x9af18
[DISPATCH] site=0xcdac7 count=2156 slot=0x716a80ac3c60 slot_off=0xc3c60 idx=0x548 frame=0x716a80a7836d frame_off=0x7836d vm_ip=0x716a80d12aee vm_ip_off=0x312aee vm_flags=0x8e3c0ca2 vm_state=0x6f95fefa vm_byte=0x3a target=0x716a80a9af18 target_off=0x9af18
[DISPATCH] site=0xcdac7 count=2157 slot=0x716a80ac3c60 slot_off=0xc3c60 idx=0x548 frame=0x716a80a7836d frame_off=0x7836d vm_ip=0x716a80d12cd0 vm_ip_off=0x312cd0 vm_flags=0xfbf79ddb vm_state=0xf9f3eb74 vm_byte=0x3a target=0x716a80a9af18 target_off=0x9af18
[DISPATCH] site=0xcdac7 count=2158 slot=0x716a80ac40c8 slot_off=0xc40c8 idx=0x9b0 frame=0x716a80a7836d frame_off=0x7836d vm_ip=0x716a80d12f26 vm_ip_off=0x312f26 vm_flags=0x4b8eb2de vm_state=0x7b1c5e5e vm_byte=0x3a target=0x716a80ab8556 target_off=0xb8556
[DISPATCH] site=0xcdac7 count=2159 slot=0x716a80ac40c8 slot_off=0xc40c8 idx=0x9b0 frame=0x716a80a7836d frame_off=0x7836d vm_ip=0x716a80d13169 vm_ip_off=0x313169 vm_flags=0x7afe7fef vm_state=0x727e02a8 vm_byte=0x3a target=0x716a80ab8556 target_off=0xb8556
[DISPATCH] site=0xcdac7 count=2160 slot=0x716a80ac3c60 slot_off=0xc3c60 idx=0x548 frame=0x716a80a7836d frame_off=0x7836d vm_ip=0x716a80d1334b vm_ip_off=0x31334b vm_flags=0xce4d8465 vm_state=0x7f3e7f7b vm_byte=0x3a target=0x716a80a9af18 target_off=0x9af18
[DISPATCH] site=0xcdac7 count=2161 slot=0x716a80ac3c60 slot_off=0xc3c60 idx=0x548 frame=0x716a80a7836d frame_off=0x7836d vm_ip=0x716a80d135b9 vm_ip_off=0x3135b9 vm_flags=0xc917a90d vm_state=0xc917a90d vm_byte=0x3a target=0x716a80a9af18 target_off=0x9af18
[DISPATCH] site=0xcdac7 count=2162 slot=0x716a80ac40c8 slot_off=0xc40c8 idx=0x9b0 frame=0x716a80a7836d frame_off=0x7836d vm_ip=0x716a80d137fc vm_ip_off=0x3137fc vm_flags=0x8df97560 vm_state=0x694cb90f vm_byte=0x3a target=0x716a80ab8556 target_off=0xb8556
[DISPATCH] site=0xcdac7 count=2163 slot=0x716a80ac40c8 slot_off=0xc40c8 idx=0x9b0 frame=0x716a80a7836d frame_off=0x7836d vm_ip=0x716a80d139de vm_ip_off=0x3139de vm_flags=0x4a612e32 vm_state=0x5f8f8af3 vm_byte=0x3a target=0x716a80ab8556 target_off=0xb8556
[DISPATCH] site=0xcdac7 count=2164 slot=0x716a80ac3c60 slot_off=0xc3c60 idx=0x548 frame=0x716a80a7836d frame_off=0x7836d vm_ip=0x716a80d13c4c vm_ip_off=0x313c4c vm_flags=0x8f70318b vm_state=0xfbfb8b3c vm_byte=0x3a target=0x716a80a9af18 target_off=0x9af18
[DISPATCH] site=0xcdac7 count=2165 slot=0x716a80ac3c60 slot_off=0xc3c60 idx=0x548 frame=0x716a80a7836d frame_off=0x7836d vm_ip=0x716a80d13e8f vm_ip_off=0x313e8f vm_flags=0xfed1df96 vm_state=0x58a4dcd6 vm_byte=0x3a target=0x716a80a9af18 target_off=0x9af18
[DISPATCH] site=0xcdac7 count=2166 slot=0x716a80ac3c60 slot_off=0xc3c60 idx=0x548 frame=0x716a80a7836d frame_off=0x7836d vm_ip=0x716a80d14071 vm_ip_off=0x314071 vm_flags=0x4ac60206 vm_state=0x5ee7d2fb vm_byte=0x3a target=0x716a80a9af18 target_off=0x9af18
[DISPATCH] site=0xcdac7 count=2167 slot=0x716a80ac40c8 slot_off=0xc40c8 idx=0x9b0 frame=0x716a80a7836d frame_off=0x7836d vm_ip=0x716a80d142df vm_ip_off=0x3142df vm_flags=0x861eb185 vm_state=0xdf95e7f4 vm_byte=0x3a target=0x716a80ab8556 target_off=0xb8556
[DISPATCH] site=0xcdac7 count=2168 slot=0x716a80ac40c8 slot_off=0xc40c8 idx=0x9b0 frame=0x716a80a7836d frame_off=0x7836d vm_ip=0x716a80d14522 vm_ip_off=0x314522 vm_flags=0x34a042ea vm_state=0x3ce04eeb vm_byte=0x3a target=0x716a80ab8556 target_off=0xb8556
[DISPATCH] site=0xcdac7 count=2169 slot=0x716a80ac40c8 slot_off=0xc40c8 idx=0x9b0 frame=0x716a80a7836d frame_off=0x7836d vm_ip=0x716a80d14704 vm_ip_off=0x314704 vm_flags=0xfcdeff37 vm_state=0xfcd60600 vm_byte=0x3a target=0x716a80ab8556 target_off=0xb8556
[DISPATCH] site=0xcdac7 count=2170 slot=0x716a80ac3c60 slot_off=0xc3c60 idx=0x548 frame=0x716a80a7836d frame_off=0x7836d vm_ip=0x716a80d14972 vm_ip_off=0x314972 vm_flags=0xf8eeff37 vm_state=0xf8e60910 vm_byte=0x3a target=0x716a80a9af18 target_off=0x9af18
[DISPATCH] site=0xcdac7 count=2171 slot=0x716a80ac40c8 slot_off=0xc40c8 idx=0x9b0 frame=0x716a80a7836d frame_off=0x7836d vm_ip=0x716a80d14bb5 vm_ip_off=0x314bb5 vm_flags=0x62662dfb vm_state=0xbffcca14 vm_byte=0x3a target=0x716a80ab8556 target_off=0xb8556
[DISPATCH] site=0xcdac7 count=2172 slot=0x716a80ac3c60 slot_off=0xc3c60 idx=0x548 frame=0x716a80a7836d frame_off=0x7836d vm_ip=0x716a80d14d97 vm_ip_off=0x314d97 vm_flags=0xfadf7f2d vm_state=0xf21b0800 vm_byte=0x3a target=0x716a80a9af18 target_off=0x9af18
[DISPATCH] site=0xcdac7 count=2173 slot=0x716a80ac40c8 slot_off=0xc40c8 idx=0x9b0 frame=0x716a80a7836d frame_off=0x7836d vm_ip=0x716a80d15005 vm_ip_off=0x315005 vm_flags=0xe34473c6 vm_state=0xe74477c6 vm_byte=0x3a target=0x716a80ab8556 target_off=0xb8556
[DISPATCH] site=0xcdac7 count=2174 slot=0x716a80ac40c8 slot_off=0xc40c8 idx=0x9b0 frame=0x716a80a7836d frame_off=0x7836d vm_ip=0x716a80d1522f vm_ip_off=0x31522f vm_flags=0x69b0303a vm_state=0x69145e5a vm_byte=0x3a target=0x716a80ab8556 target_off=0xb8556
[DISPATCH] site=0xcdac7 count=2175 slot=0x716a80ac3c60 slot_off=0xc3c60 idx=0x548 frame=0x716a80a7836d frame_off=0x7836d vm_ip=0x716a80d15486 vm_ip_off=0x315486 vm_flags=0x841ab3c5 vm_state=0x841ab3c5 vm_byte=0x3a target=0x716a80a9af18 target_off=0x9af18
[DISPATCH] site=0xcdac7 count=2176 slot=0x716a80ac3c60 slot_off=0xc3c60 idx=0x548 frame=0x716a80a7836d frame_off=0x7836d vm_ip=0x716a80d156ca vm_ip_off=0x3156ca vm_flags=0xf613f930 vm_state=0x3ffce85e vm_byte=0x3a target=0x716a80a9af18 target_off=0x9af18
[DISPATCH] site=0xcdac7 count=2177 slot=0x716a80ac3c60 slot_off=0xc3c60 idx=0x548 frame=0x716a80a7836d frame_off=0x7836d vm_ip=0x716a80d15969 vm_ip_off=0x315969 vm_flags=0x2ab32381 vm_state=0x2af72783 vm_byte=0x3a target=0x716a80a9af18 target_off=0x9af18
[DISPATCH] site=0xcdac7 count=2178 slot=0x716a80ac3c60 slot_off=0xc3c60 idx=0x548 frame=0x716a80a7836d frame_off=0x7836d vm_ip=0x716a80d15bbf vm_ip_off=0x315bbf vm_flags=0x6e5d9892 vm_state=0x4000d60c vm_byte=0x3a target=0x716a80a9af18 target_off=0x9af18
[DISPATCH] site=0xcdac7 count=2179 slot=0x716a80ac40c8 slot_off=0xc40c8 idx=0x9b0 frame=0x716a80a7836d frame_off=0x7836d vm_ip=0x716a80d10ca5 vm_ip_off=0x310ca5 vm_flags=0x148226cc vm_state=0xffaffb65 vm_byte=0x3a target=0x716a80ab8556 target_off=0xb8556
[DISPATCH] site=0xcdac7 count=2180 slot=0x716a80ac40c8 slot_off=0xc40c8 idx=0x9b0 frame=0x716a80a7836d frame_off=0x7836d vm_ip=0x716a80d10ef0 vm_ip_off=0x310ef0 vm_flags=0x14100010 vm_state=0x3f0612b2 vm_byte=0x3a target=0x716a80ab8556 target_off=0xb8556
[DISPATCH] site=0xcdac7 count=2181 slot=0x716a80ac3c60 slot_off=0xc3c60 idx=0x548 frame=0x716a80a7836d frame_off=0x7836d vm_ip=0x716a80d11163 vm_ip_off=0x311163 vm_flags=0xc83095f0 vm_state=0x400110fe vm_byte=0x3a target=0x716a80a9af18 target_off=0x9af18
[DISPATCH] site=0xcdac7 count=2182 slot=0x716a80ac3c60 slot_off=0xc3c60 idx=0x548 frame=0x716a80a7836d frame_off=0x7836d vm_ip=0x716a80d113a5 vm_ip_off=0x3113a5 vm_flags=0x7adeff2e vm_state=0x78de0800 vm_byte=0x3a target=0x716a80a9af18 target_off=0x9af18
[DISPATCH] site=0xcdac7 count=2183 slot=0x716a80ac40c8 slot_off=0xc40c8 idx=0x9b0 frame=0x716a80a7836d frame_off=0x7836d vm_ip=0x716a80d115e7 vm_ip_off=0x3115e7 vm_flags=0x2948 vm_state=0x2948 vm_byte=0x3a target=0x716a80ab8556 target_off=0xb8556
[DISPATCH] site=0xcdac7 count=2184 slot=0x716a80ac3c60 slot_off=0xc3c60 idx=0x548 frame=0x716a80a7836d frame_off=0x7836d vm_ip=0x716a80d11829 vm_ip_off=0x311829 vm_flags=0x3acddfde vm_state=0x585c5c02 vm_byte=0x3a target=0x716a80a9af18 target_off=0x9af18
[DISPATCH] site=0xcdac7 count=2185 slot=0x716a80ac3c60 slot_off=0xc3c60 idx=0x548 frame=0x716a80a7836d frame_off=0x7836d vm_ip=0x716a80d11a6b vm_ip_off=0x311a6b vm_flags=0xef1b287 vm_state=0x69145f5a vm_byte=0x3a target=0x716a80a9af18 target_off=0x9af18
[DISPATCH] site=0xcdac7 count=2186 slot=0x716a80ac40c8 slot_off=0xc40c8 idx=0x9b0 frame=0x716a80a7836d frame_off=0x7836d vm_ip=0x716a80d11cad vm_ip_off=0x311cad vm_flags=0x524c03c5 vm_state=0x7df7dfda vm_byte=0x3a target=0x716a80ab8556 target_off=0xb8556
[DISPATCH] site=0xcdac7 count=2187 slot=0x716a80ac40c8 slot_off=0xc40c8 idx=0x9b0 frame=0x716a80a7836d frame_off=0x7836d vm_ip=0x716a80d11f69 vm_ip_off=0x311f69 vm_flags=0x8e78f1da vm_state=0xeb377ffe vm_byte=0x3a target=0x716a80ab8556 target_off=0xb8556
[DISPATCH] site=0xcdac7 count=2188 slot=0x716a80ac40c8 slot_off=0xc40c8 idx=0x9b0 frame=0x716a80a7836d frame_off=0x7836d vm_ip=0x716a80d1223a vm_ip_off=0x31223a vm_flags=0x8e4e0de5 vm_state=0x7bd7fefb vm_byte=0x3a target=0x716a80ab8556 target_off=0xb8556
[DISPATCH] site=0xcdac7 count=2189 slot=0x716a80ac3c60 slot_off=0xc3c60 idx=0x548 frame=0x716a80a7836d frame_off=0x7836d vm_ip=0x716a80d12464 vm_ip_off=0x312464 vm_flags=0x347541db vm_state=0x69945ffa vm_byte=0x3a target=0x716a80a9af18 target_off=0x9af18
[DISPATCH] site=0xcdac7 count=2190 slot=0x716a80ac40c8 slot_off=0xc40c8 idx=0x9b0 frame=0x716a80a7836d frame_off=0x7836d vm_ip=0x716a80d1268e vm_ip_off=0x31268e vm_flags=0x5675bb90 vm_state=0xffc76ef9 vm_byte=0x3a target=0x716a80ab8556 target_off=0xb8556
[DISPATCH] site=0xcdac7 count=2191 slot=0x716a80ac3c60 slot_off=0xc3c60 idx=0x548 frame=0x716a80a7836d frame_off=0x7836d vm_ip=0x716a80d12868 vm_ip_off=0x312868 vm_flags=0x221c12 vm_state=0x3f06a742 vm_byte=0x3a target=0x716a80a9af18 target_off=0x9af18
[DISPATCH] site=0xcdac7 count=2192 slot=0x716a80ac3c60 slot_off=0xc3c60 idx=0x548 frame=0x716a80a7836d frame_off=0x7836d vm_ip=0x716a80d12aee vm_ip_off=0x312aee vm_flags=0x8e3c0ca2 vm_state=0x6f95fefa vm_byte=0x3a target=0x716a80a9af18 target_off=0x9af18
[DISPATCH] site=0xcdac7 count=2193 slot=0x716a80ac3c60 slot_off=0xc3c60 idx=0x548 frame=0x716a80a7836d frame_off=0x7836d vm_ip=0x716a80d12cd0 vm_ip_off=0x312cd0 vm_flags=0xfbf79ddb vm_state=0xf9f3eb74 vm_byte=0x3a target=0x716a80a9af18 target_off=0x9af18
[DISPATCH] site=0xcdac7 count=2194 slot=0x716a80ac40c8 slot_off=0xc40c8 idx=0x9b0 frame=0x716a80a7836d frame_off=0x7836d vm_ip=0x716a80d12f26 vm_ip_off=0x312f26 vm_flags=0x4b8eb2de vm_state=0x7b1c5e5e vm_byte=0x3a target=0x716a80ab8556 target_off=0xb8556
[DISPATCH] site=0xcdac7 count=2195 slot=0x716a80ac40c8 slot_off=0xc40c8 idx=0x9b0 frame=0x716a80a7836d frame_off=0x7836d vm_ip=0x716a80d13169 vm_ip_off=0x313169 vm_flags=0x7afe7fef vm_state=0x727e02a8 vm_byte=0x3a target=0x716a80ab8556 target_off=0xb8556
[DISPATCH] site=0xcdac7 count=2196 slot=0x716a80ac3c60 slot_off=0xc3c60 idx=0x548 frame=0x716a80a7836d frame_off=0x7836d vm_ip=0x716a80d1334b vm_ip_off=0x31334b vm_flags=0xce4d8465 vm_state=0x7f3e7f7b vm_byte=0x3a target=0x716a80a9af18 target_off=0x9af18
[DISPATCH] site=0xcdac7 count=2197 slot=0x716a80ac3c60 slot_off=0xc3c60 idx=0x548 frame=0x716a80a7836d frame_off=0x7836d vm_ip=0x716a80d135b9 vm_ip_off=0x3135b9 vm_flags=0xc917a90d vm_state=0xc917a90d vm_byte=0x3a target=0x716a80a9af18 target_off=0x9af18
[DISPATCH] site=0xcdac7 count=2198 slot=0x716a80ac40c8 slot_off=0xc40c8 idx=0x9b0 frame=0x716a80a7836d frame_off=0x7836d vm_ip=0x716a80d137fc vm_ip_off=0x3137fc vm_flags=0x8df97560 vm_state=0x694cb90f vm_byte=0x3a target=0x716a80ab8556 target_off=0xb8556
[DISPATCH] site=0xcdac7 count=2199 slot=0x716a80ac40c8 slot_off=0xc40c8 idx=0x9b0 frame=0x716a80a7836d frame_off=0x7836d vm_ip=0x716a80d139de vm_ip_off=0x3139de vm_flags=0x4a612e32 vm_state=0x5f8f8af3 vm_byte=0x3a target=0x716a80ab8556 target_off=0xb8556
[DISPATCH] site=0xcdac7 count=2200 slot=0x716a80ac3c60 slot_off=0xc3c60 idx=0x548 frame=0x716a80a7836d frame_off=0x7836d vm_ip=0x716a80d13c4c vm_ip_off=0x313c4c vm_flags=0x8f70318b vm_state=0xfbfb8b3c vm_byte=0x3a target=0x716a80a9af18 target_off=0x9af18
[DISPATCH] site=0xcdac7 count=2201 slot=0x716a80ac3c60 slot_off=0xc3c60 idx=0x548 frame=0x716a80a7836d frame_off=0x7836d vm_ip=0x716a80d13e8f vm_ip_off=0x313e8f vm_flags=0xfed1df96 vm_state=0x58a4dcd6 vm_byte=0x3a target=0x716a80a9af18 target_off=0x9af18
[DISPATCH] site=0xcdac7 count=2202 slot=0x716a80ac3c60 slot_off=0xc3c60 idx=0x548 frame=0x716a80a7836d frame_off=0x7836d vm_ip=0x716a80d14071 vm_ip_off=0x314071 vm_flags=0x4ac60206 vm_state=0x5ee7d2fb vm_byte=0x3a target=0x716a80a9af18 target_off=0x9af18
[DISPATCH] site=0xcdac7 count=2203 slot=0x716a80ac40c8 slot_off=0xc40c8 idx=0x9b0 frame=0x716a80a7836d frame_off=0x7836d vm_ip=0x716a80d142df vm_ip_off=0x3142df vm_flags=0x861eb185 vm_state=0xdf95e7f4 vm_byte=0x3a target=0x716a80ab8556 target_off=0xb8556
[DISPATCH] site=0xcdac7 count=2204 slot=0x716a80ac40c8 slot_off=0xc40c8 idx=0x9b0 frame=0x716a80a7836d frame_off=0x7836d vm_ip=0x716a80d14522 vm_ip_off=0x314522 vm_flags=0x34a042ea vm_state=0x3ce04eeb vm_byte=0x3a target=0x716a80ab8556 target_off=0xb8556
[DISPATCH] site=0xcdac7 count=2205 slot=0x716a80ac40c8 slot_off=0xc40c8 idx=0x9b0 frame=0x716a80a7836d frame_off=0x7836d vm_ip=0x716a80d14704 vm_ip_off=0x314704 vm_flags=0xfcdeff37 vm_state=0xfcd60600 vm_byte=0x3a target=0x716a80ab8556 target_off=0xb8556
[DISPATCH] site=0xcdac7 count=2206 slot=0x716a80ac3c60 slot_off=0xc3c60 idx=0x548 frame=0x716a80a7836d frame_off=0x7836d vm_ip=0x716a80d14972 vm_ip_off=0x314972 vm_flags=0xf8eeff37 vm_state=0xf8e60910 vm_byte=0x3a target=0x716a80a9af18 target_off=0x9af18
[DISPATCH] site=0xcdac7 count=2207 slot=0x716a80ac40c8 slot_off=0xc40c8 idx=0x9b0 frame=0x716a80a7836d frame_off=0x7836d vm_ip=0x716a80d14bb5 vm_ip_off=0x314bb5 vm_flags=0x62662dfb vm_state=0xbffcca14 vm_byte=0x3a target=0x716a80ab8556 target_off=0xb8556
[DISPATCH] site=0xcdac7 count=2208 slot=0x716a80ac3c60 slot_off=0xc3c60 idx=0x548 frame=0x716a80a7836d frame_off=0x7836d vm_ip=0x716a80d14d97 vm_ip_off=0x314d97 vm_flags=0xfadf7f2d vm_state=0xf21b0800 vm_byte=0x3a target=0x716a80a9af18 target_off=0x9af18
[DISPATCH] site=0xcdac7 count=2209 slot=0x716a80ac40c8 slot_off=0xc40c8 idx=0x9b0 frame=0x716a80a7836d frame_off=0x7836d vm_ip=0x716a80d15005 vm_ip_off=0x315005 vm_flags=0xe34473c6 vm_state=0xe74477c6 vm_byte=0x3a target=0x716a80ab8556 target_off=0xb8556
[DISPATCH] site=0xcdac7 count=2210 slot=0x716a80ac40c8 slot_off=0xc40c8 idx=0x9b0 frame=0x716a80a7836d frame_off=0x7836d vm_ip=0x716a80d1522f vm_ip_off=0x31522f vm_flags=0x69b0303a vm_state=0x69145e5a vm_byte=0x3a target=0x716a80ab8556 target_off=0xb8556
[DISPATCH] site=0xcdac7 count=2211 slot=0x716a80ac3c60 slot_off=0xc3c60 idx=0x548 frame=0x716a80a7836d frame_off=0x7836d vm_ip=0x716a80d15486 vm_ip_off=0x315486 vm_flags=0x841ab3c5 vm_state=0x841ab3c5 vm_byte=0x3a target=0x716a80a9af18 target_off=0x9af18
[DISPATCH] site=0xcdac7 count=2212 slot=0x716a80ac3c60 slot_off=0xc3c60 idx=0x548 frame=0x716a80a7836d frame_off=0x7836d vm_ip=0x716a80d156ca vm_ip_off=0x3156ca vm_flags=0xf613f930 vm_state=0x3ffce85e vm_byte=0x3a target=0x716a80a9af18 target_off=0x9af18
[DISPATCH] site=0xcdac7 count=2213 slot=0x716a80ac3c60 slot_off=0xc3c60 idx=0x548 frame=0x716a80a7836d frame_off=0x7836d vm_ip=0x716a80d15969 vm_ip_off=0x315969 vm_flags=0x2ab32381 vm_state=0x2af72783 vm_byte=0x3a target=0x716a80a9af18 target_off=0x9af18
[DISPATCH] site=0xcdac7 count=2214 slot=0x716a80ac3c60 slot_off=0xc3c60 idx=0x548 frame=0x716a80a7836d frame_off=0x7836d vm_ip=0x716a80d15bbf vm_ip_off=0x315bbf vm_flags=0x6e5d9892 vm_state=0x4000d60c vm_byte=0x3a target=0x716a80a9af18 target_off=0x9af18
[DISPATCH] site=0xcdac7 count=2215 slot=0x716a80ac40c8 slot_off=0xc40c8 idx=0x9b0 frame=0x716a80a7836d frame_off=0x7836d vm_ip=0x716a80d10ca5 vm_ip_off=0x310ca5 vm_flags=0x148226cc vm_state=0xffaffb65 vm_byte=0x3a target=0x716a80ab8556 target_off=0xb8556
[DISPATCH] site=0xcdac7 count=2216 slot=0x716a80ac40c8 slot_off=0xc40c8 idx=0x9b0 frame=0x716a80a7836d frame_off=0x7836d vm_ip=0x716a80d10ef0 vm_ip_off=0x310ef0 vm_flags=0x14100010 vm_state=0x3f0612b2 vm_byte=0x3a target=0x716a80ab8556 target_off=0xb8556
[DISPATCH] site=0xcdac7 count=2217 slot=0x716a80ac3c60 slot_off=0xc3c60 idx=0x548 frame=0x716a80a7836d frame_off=0x7836d vm_ip=0x716a80d11163 vm_ip_off=0x311163 vm_flags=0xc83095f0 vm_state=0x400110fe vm_byte=0x3a target=0x716a80a9af18 target_off=0x9af18
[DISPATCH] site=0xcdac7 count=2218 slot=0x716a80ac3c60 slot_off=0xc3c60 idx=0x548 frame=0x716a80a7836d frame_off=0x7836d vm_ip=0x716a80d113a5 vm_ip_off=0x3113a5 vm_flags=0x7adeff2e vm_state=0x78de0800 vm_byte=0x3a target=0x716a80a9af18 target_off=0x9af18
[DISPATCH] site=0xcdac7 count=2219 slot=0x716a80ac40c8 slot_off=0xc40c8 idx=0x9b0 frame=0x716a80a7836d frame_off=0x7836d vm_ip=0x716a80d115e7 vm_ip_off=0x3115e7 vm_flags=0x2948 vm_state=0x2948 vm_byte=0x3a target=0x716a80ab8556 target_off=0xb8556
[DISPATCH] site=0xcdac7 count=2220 slot=0x716a80ac3c60 slot_off=0xc3c60 idx=0x548 frame=0x716a80a7836d frame_off=0x7836d vm_ip=0x716a80d11829 vm_ip_off=0x311829 vm_flags=0x3acddfde vm_state=0x585c5c02 vm_byte=0x3a target=0x716a80a9af18 target_off=0x9af18
[DISPATCH] site=0xcdac7 count=2221 slot=0x716a80ac3c60 slot_off=0xc3c60 idx=0x548 frame=0x716a80a7836d frame_off=0x7836d vm_ip=0x716a80d11a6b vm_ip_off=0x311a6b vm_flags=0xef1b287 vm_state=0x69145f5a vm_byte=0x3a target=0x716a80a9af18 target_off=0x9af18
[DISPATCH] site=0xcdac7 count=2222 slot=0x716a80ac40c8 slot_off=0xc40c8 idx=0x9b0 frame=0x716a80a7836d frame_off=0x7836d vm_ip=0x716a80d11cad vm_ip_off=0x311cad vm_flags=0x524c03c5 vm_state=0x7df7dfda vm_byte=0x3a target=0x716a80ab8556 target_off=0xb8556
[DISPATCH] site=0xcdac7 count=2223 slot=0x716a80ac40c8 slot_off=0xc40c8 idx=0x9b0 frame=0x716a80a7836d frame_off=0x7836d vm_ip=0x716a80d11f69 vm_ip_off=0x311f69 vm_flags=0x8e78f1da vm_state=0xeb377ffe vm_byte=0x3a target=0x716a80ab8556 target_off=0xb8556
[DISPATCH] site=0xcdac7 count=2224 slot=0x716a80ac40c8 slot_off=0xc40c8 idx=0x9b0 frame=0x716a80a7836d frame_off=0x7836d vm_ip=0x716a80d1223a vm_ip_off=0x31223a vm_flags=0x8e4e0de5 vm_state=0x7bd7fefb vm_byte=0x3a target=0x716a80ab8556 target_off=0xb8556
[DISPATCH] site=0xcdac7 count=2225 slot=0x716a80ac3c60 slot_off=0xc3c60 idx=0x548 frame=0x716a80a7836d frame_off=0x7836d vm_ip=0x716a80d12464 vm_ip_off=0x312464 vm_flags=0x347541db vm_state=0x69945ffa vm_byte=0x3a target=0x716a80a9af18 target_off=0x9af18
[DISPATCH] site=0xcdac7 count=2226 slot=0x716a80ac40c8 slot_off=0xc40c8 idx=0x9b0 frame=0x716a80a7836d frame_off=0x7836d vm_ip=0x716a80d1268e vm_ip_off=0x31268e vm_flags=0x5675bb90 vm_state=0xffc76ef9 vm_byte=0x3a target=0x716a80ab8556 target_off=0xb8556
[DISPATCH] site=0xcdac7 count=2227 slot=0x716a80ac3c60 slot_off=0xc3c60 idx=0x548 frame=0x716a80a7836d frame_off=0x7836d vm_ip=0x716a80d12868 vm_ip_off=0x312868 vm_flags=0x221c12 vm_state=0x3f06a742 vm_byte=0x3a target=0x716a80a9af18 target_off=0x9af18
[DISPATCH] site=0xcdac7 count=2228 slot=0x716a80ac3c60 slot_off=0xc3c60 idx=0x548 frame=0x716a80a7836d frame_off=0x7836d vm_ip=0x716a80d12aee vm_ip_off=0x312aee vm_flags=0x8e3c0ca2 vm_state=0x6f95fefa vm_byte=0x3a target=0x716a80a9af18 target_off=0x9af18
[DISPATCH] site=0xcdac7 count=2229 slot=0x716a80ac3c60 slot_off=0xc3c60 idx=0x548 frame=0x716a80a7836d frame_off=0x7836d vm_ip=0x716a80d12cd0 vm_ip_off=0x312cd0 vm_flags=0xfbf79ddb vm_state=0xf9f3eb74 vm_byte=0x3a target=0x716a80a9af18 target_off=0x9af18
[DISPATCH] site=0xcdac7 count=2230 slot=0x716a80ac40c8 slot_off=0xc40c8 idx=0x9b0 frame=0x716a80a7836d frame_off=0x7836d vm_ip=0x716a80d12f26 vm_ip_off=0x312f26 vm_flags=0x4b8eb2de vm_state=0x7b1c5e5e vm_byte=0x3a target=0x716a80ab8556 target_off=0xb8556
[DISPATCH] site=0xcdac7 count=2231 slot=0x716a80ac40c8 slot_off=0xc40c8 idx=0x9b0 frame=0x716a80a7836d frame_off=0x7836d vm_ip=0x716a80d13169 vm_ip_off=0x313169 vm_flags=0x7afe7fef vm_state=0x727e02a8 vm_byte=0x3a target=0x716a80ab8556 target_off=0xb8556
[DISPATCH] site=0xcdac7 count=2232 slot=0x716a80ac3c60 slot_off=0xc3c60 idx=0x548 frame=0x716a80a7836d frame_off=0x7836d vm_ip=0x716a80d1334b vm_ip_off=0x31334b vm_flags=0xce4d8465 vm_state=0x7f3e7f7b vm_byte=0x3a target=0x716a80a9af18 target_off=0x9af18
[DISPATCH] site=0xcdac7 count=2233 slot=0x716a80ac3c60 slot_off=0xc3c60 idx=0x548 frame=0x716a80a7836d frame_off=0x7836d vm_ip=0x716a80d135b9 vm_ip_off=0x3135b9 vm_flags=0xc917a90d vm_state=0xc917a90d vm_byte=0x3a target=0x716a80a9af18 target_off=0x9af18
[DISPATCH] site=0xcdac7 count=2234 slot=0x716a80ac40c8 slot_off=0xc40c8 idx=0x9b0 frame=0x716a80a7836d frame_off=0x7836d vm_ip=0x716a80d137fc vm_ip_off=0x3137fc vm_flags=0x8df97560 vm_state=0x694cb90f vm_byte=0x3a target=0x716a80ab8556 target_off=0xb8556
[DISPATCH] site=0xcdac7 count=2235 slot=0x716a80ac40c8 slot_off=0xc40c8 idx=0x9b0 frame=0x716a80a7836d frame_off=0x7836d vm_ip=0x716a80d139de vm_ip_off=0x3139de vm_flags=0x4a612e32 vm_state=0x5f8f8af3 vm_byte=0x3a target=0x716a80ab8556 target_off=0xb8556
[DISPATCH] site=0xcdac7 count=2236 slot=0x716a80ac3c60 slot_off=0xc3c60 idx=0x548 frame=0x716a80a7836d frame_off=0x7836d vm_ip=0x716a80d13c4c vm_ip_off=0x313c4c vm_flags=0x8f70318b vm_state=0xfbfb8b3c vm_byte=0x3a target=0x716a80a9af18 target_off=0x9af18
[DISPATCH] site=0xcdac7 count=2237 slot=0x716a80ac3c60 slot_off=0xc3c60 idx=0x548 frame=0x716a80a7836d frame_off=0x7836d vm_ip=0x716a80d13e8f vm_ip_off=0x313e8f vm_flags=0xfed1df96 vm_state=0x58a4dcd6 vm_byte=0x3a target=0x716a80a9af18 target_off=0x9af18
[DISPATCH] site=0xcdac7 count=2238 slot=0x716a80ac3c60 slot_off=0xc3c60 idx=0x548 frame=0x716a80a7836d frame_off=0x7836d vm_ip=0x716a80d14071 vm_ip_off=0x314071 vm_flags=0x4ac60206 vm_state=0x5ee7d2fb vm_byte=0x3a target=0x716a80a9af18 target_off=0x9af18
[DISPATCH] site=0xcdac7 count=2239 slot=0x716a80ac40c8 slot_off=0xc40c8 idx=0x9b0 frame=0x716a80a7836d frame_off=0x7836d vm_ip=0x716a80d142df vm_ip_off=0x3142df vm_flags=0x861eb185 vm_state=0xdf95e7f4 vm_byte=0x3a target=0x716a80ab8556 target_off=0xb8556
[DISPATCH] site=0xcdac7 count=2240 slot=0x716a80ac40c8 slot_off=0xc40c8 idx=0x9b0 frame=0x716a80a7836d frame_off=0x7836d vm_ip=0x716a80d14522 vm_ip_off=0x314522 vm_flags=0x34a042ea vm_state=0x3ce04eeb vm_byte=0x3a target=0x716a80ab8556 target_off=0xb8556
[DISPATCH] site=0xcdac7 count=2241 slot=0x716a80ac40c8 slot_off=0xc40c8 idx=0x9b0 frame=0x716a80a7836d frame_off=0x7836d vm_ip=0x716a80d14704 vm_ip_off=0x314704 vm_flags=0xfcdeff37 vm_state=0xfcd60600 vm_byte=0x3a target=0x716a80ab8556 target_off=0xb8556
[DISPATCH] site=0xcdac7 count=2242 slot=0x716a80ac3c60 slot_off=0xc3c60 idx=0x548 frame=0x716a80a7836d frame_off=0x7836d vm_ip=0x716a80d14972 vm_ip_off=0x314972 vm_flags=0xf8eeff37 vm_state=0xf8e60910 vm_byte=0x3a target=0x716a80a9af18 target_off=0x9af18
[DISPATCH] site=0xcdac7 count=2243 slot=0x716a80ac40c8 slot_off=0xc40c8 idx=0x9b0 frame=0x716a80a7836d frame_off=0x7836d vm_ip=0x716a80d14bb5 vm_ip_off=0x314bb5 vm_flags=0x62662dfb vm_state=0xbffcca14 vm_byte=0x3a target=0x716a80ab8556 target_off=0xb8556
[DISPATCH] site=0xcdac7 count=2244 slot=0x716a80ac3c60 slot_off=0xc3c60 idx=0x548 frame=0x716a80a7836d frame_off=0x7836d vm_ip=0x716a80d14d97 vm_ip_off=0x314d97 vm_flags=0xfadf7f2d vm_state=0xf21b0800 vm_byte=0x3a target=0x716a80a9af18 target_off=0x9af18
[DISPATCH] site=0xcdac7 count=2245 slot=0x716a80ac40c8 slot_off=0xc40c8 idx=0x9b0 frame=0x716a80a7836d frame_off=0x7836d vm_ip=0x716a80d15005 vm_ip_off=0x315005 vm_flags=0xe34473c6 vm_state=0xe74477c6 vm_byte=0x3a target=0x716a80ab8556 target_off=0xb8556
[DISPATCH] site=0xcdac7 count=2246 slot=0x716a80ac40c8 slot_off=0xc40c8 idx=0x9b0 frame=0x716a80a7836d frame_off=0x7836d vm_ip=0x716a80d1522f vm_ip_off=0x31522f vm_flags=0x69b0303a vm_state=0x69145e5a vm_byte=0x3a target=0x716a80ab8556 target_off=0xb8556
[DISPATCH] site=0xcdac7 count=2247 slot=0x716a80ac3c60 slot_off=0xc3c60 idx=0x548 frame=0x716a80a7836d frame_off=0x7836d vm_ip=0x716a80d15486 vm_ip_off=0x315486 vm_flags=0x841ab3c5 vm_state=0x841ab3c5 vm_byte=0x3a target=0x716a80a9af18 target_off=0x9af18
[DISPATCH] site=0xcdac7 count=2248 slot=0x716a80ac3c60 slot_off=0xc3c60 idx=0x548 frame=0x716a80a7836d frame_off=0x7836d vm_ip=0x716a80d156ca vm_ip_off=0x3156ca vm_flags=0xf613f930 vm_state=0x3ffce85e vm_byte=0x3a target=0x716a80a9af18 target_off=0x9af18
[DISPATCH] site=0xcdac7 count=2249 slot=0x716a80ac3c60 slot_off=0xc3c60 idx=0x548 frame=0x716a80a7836d frame_off=0x7836d vm_ip=0x716a80d15969 vm_ip_off=0x315969 vm_flags=0x2ab32381 vm_state=0x2af72783 vm_byte=0x3a target=0x716a80a9af18 target_off=0x9af18
[DISPATCH] site=0xcdac7 count=2250 slot=0x716a80ac3c60 slot_off=0xc3c60 idx=0x548 frame=0x716a80a7836d frame_off=0x7836d vm_ip=0x716a80d15bbf vm_ip_off=0x315bbf vm_flags=0x6e5d9892 vm_state=0x4000d60c vm_byte=0x3a target=0x716a80a9af18 target_off=0x9af18
[DISPATCH] site=0xcdac7 count=2251 slot=0x716a80ac40c8 slot_off=0xc40c8 idx=0x9b0 frame=0x716a80a7836d frame_off=0x7836d vm_ip=0x716a80d10ca5 vm_ip_off=0x310ca5 vm_flags=0x148226cc vm_state=0xffaffb65 vm_byte=0x3a target=0x716a80ab8556 target_off=0xb8556
[DISPATCH] site=0xcdac7 count=2252 slot=0x716a80ac40c8 slot_off=0xc40c8 idx=0x9b0 frame=0x716a80a7836d frame_off=0x7836d vm_ip=0x716a80d10ef0 vm_ip_off=0x310ef0 vm_flags=0x14100010 vm_state=0x3f0612b2 vm_byte=0x3a target=0x716a80ab8556 target_off=0xb8556
[DISPATCH] site=0xcdac7 count=2253 slot=0x716a80ac3c60 slot_off=0xc3c60 idx=0x548 frame=0x716a80a7836d frame_off=0x7836d vm_ip=0x716a80d11163 vm_ip_off=0x311163 vm_flags=0xc83095f0 vm_state=0x400110fe vm_byte=0x3a target=0x716a80a9af18 target_off=0x9af18
[DISPATCH] site=0xcdac7 count=2254 slot=0x716a80ac3c60 slot_off=0xc3c60 idx=0x548 frame=0x716a80a7836d frame_off=0x7836d vm_ip=0x716a80d113a5 vm_ip_off=0x3113a5 vm_flags=0x7adeff2e vm_state=0x78de0800 vm_byte=0x3a target=0x716a80a9af18 target_off=0x9af18
[DISPATCH] site=0xcdac7 count=2255 slot=0x716a80ac40c8 slot_off=0xc40c8 idx=0x9b0 frame=0x716a80a7836d frame_off=0x7836d vm_ip=0x716a80d115e7 vm_ip_off=0x3115e7 vm_flags=0x2948 vm_state=0x2948 vm_byte=0x3a target=0x716a80ab8556 target_off=0xb8556
[DISPATCH] site=0xcdac7 count=2256 slot=0x716a80ac3c60 slot_off=0xc3c60 idx=0x548 frame=0x716a80a7836d frame_off=0x7836d vm_ip=0x716a80d11829 vm_ip_off=0x311829 vm_flags=0x3acddfde vm_state=0x585c5c02 vm_byte=0x3a target=0x716a80a9af18 target_off=0x9af18
[DISPATCH] site=0xcdac7 count=2257 slot=0x716a80ac3c60 slot_off=0xc3c60 idx=0x548 frame=0x716a80a7836d frame_off=0x7836d vm_ip=0x716a80d11a6b vm_ip_off=0x311a6b vm_flags=0xef1b287 vm_state=0x69145f5a vm_byte=0x3a target=0x716a80a9af18 target_off=0x9af18
[DISPATCH] site=0xcdac7 count=2258 slot=0x716a80ac40c8 slot_off=0xc40c8 idx=0x9b0 frame=0x716a80a7836d frame_off=0x7836d vm_ip=0x716a80d11cad vm_ip_off=0x311cad vm_flags=0x524c03c5 vm_state=0x7df7dfda vm_byte=0x3a target=0x716a80ab8556 target_off=0xb8556
[DISPATCH] site=0xcdac7 count=2259 slot=0x716a80ac40c8 slot_off=0xc40c8 idx=0x9b0 frame=0x716a80a7836d frame_off=0x7836d vm_ip=0x716a80d11f69 vm_ip_off=0x311f69 vm_flags=0x8e78f1da vm_state=0xeb377ffe vm_byte=0x3a target=0x716a80ab8556 target_off=0xb8556
[DISPATCH] site=0xcdac7 count=2260 slot=0x716a80ac40c8 slot_off=0xc40c8 idx=0x9b0 frame=0x716a80a7836d frame_off=0x7836d vm_ip=0x716a80d1223a vm_ip_off=0x31223a vm_flags=0x8e4e0de5 vm_state=0x7bd7fefb vm_byte=0x3a target=0x716a80ab8556 target_off=0xb8556
[DISPATCH] site=0xcdac7 count=2261 slot=0x716a80ac3c60 slot_off=0xc3c60 idx=0x548 frame=0x716a80a7836d frame_off=0x7836d vm_ip=0x716a80d12464 vm_ip_off=0x312464 vm_flags=0x347541db vm_state=0x69945ffa vm_byte=0x3a target=0x716a80a9af18 target_off=0x9af18
[DISPATCH] site=0xcdac7 count=2262 slot=0x716a80ac40c8 slot_off=0xc40c8 idx=0x9b0 frame=0x716a80a7836d frame_off=0x7836d vm_ip=0x716a80d1268e vm_ip_off=0x31268e vm_flags=0x5675bb90 vm_state=0xffc76ef9 vm_byte=0x3a target=0x716a80ab8556 target_off=0xb8556
[DISPATCH] site=0xcdac7 count=2263 slot=0x716a80ac3c60 slot_off=0xc3c60 idx=0x548 frame=0x716a80a7836d frame_off=0x7836d vm_ip=0x716a80d12868 vm_ip_off=0x312868 vm_flags=0x221c12 vm_state=0x3f06a742 vm_byte=0x3a target=0x716a80a9af18 target_off=0x9af18
[DISPATCH] site=0xcdac7 count=2264 slot=0x716a80ac3c60 slot_off=0xc3c60 idx=0x548 frame=0x716a80a7836d frame_off=0x7836d vm_ip=0x716a80d12aee vm_ip_off=0x312aee vm_flags=0x8e3c0ca2 vm_state=0x6f95fefa vm_byte=0x3a target=0x716a80a9af18 target_off=0x9af18
[DISPATCH] site=0xcdac7 count=2265 slot=0x716a80ac3c60 slot_off=0xc3c60 idx=0x548 frame=0x716a80a7836d frame_off=0x7836d vm_ip=0x716a80d12cd0 vm_ip_off=0x312cd0 vm_flags=0xfbf79ddb vm_state=0xf9f3eb74 vm_byte=0x3a target=0x716a80a9af18 target_off=0x9af18
[DISPATCH] site=0xcdac7 count=2266 slot=0x716a80ac40c8 slot_off=0xc40c8 idx=0x9b0 frame=0x716a80a7836d frame_off=0x7836d vm_ip=0x716a80d12f26 vm_ip_off=0x312f26 vm_flags=0x4b8eb2de vm_state=0x7b1c5e5e vm_byte=0x3a target=0x716a80ab8556 target_off=0xb8556
[DISPATCH] site=0xcdac7 count=2267 slot=0x716a80ac40c8 slot_off=0xc40c8 idx=0x9b0 frame=0x716a80a7836d frame_off=0x7836d vm_ip=0x716a80d13169 vm_ip_off=0x313169 vm_flags=0x7afe7fef vm_state=0x727e02a8 vm_byte=0x3a target=0x716a80ab8556 target_off=0xb8556
[DISPATCH] site=0xcdac7 count=2268 slot=0x716a80ac3c60 slot_off=0xc3c60 idx=0x548 frame=0x716a80a7836d frame_off=0x7836d vm_ip=0x716a80d1334b vm_ip_off=0x31334b vm_flags=0xce4d8465 vm_state=0x7f3e7f7b vm_byte=0x3a target=0x716a80a9af18 target_off=0x9af18
[DISPATCH] site=0xcdac7 count=2269 slot=0x716a80ac3c60 slot_off=0xc3c60 idx=0x548 frame=0x716a80a7836d frame_off=0x7836d vm_ip=0x716a80d135b9 vm_ip_off=0x3135b9 vm_flags=0xc917a90d vm_state=0xc917a90d vm_byte=0x3a target=0x716a80a9af18 target_off=0x9af18
[DISPATCH] site=0xcdac7 count=2270 slot=0x716a80ac40c8 slot_off=0xc40c8 idx=0x9b0 frame=0x716a80a7836d frame_off=0x7836d vm_ip=0x716a80d137fc vm_ip_off=0x3137fc vm_flags=0x8df97560 vm_state=0x694cb90f vm_byte=0x3a target=0x716a80ab8556 target_off=0xb8556
[DISPATCH] site=0xcdac7 count=2271 slot=0x716a80ac40c8 slot_off=0xc40c8 idx=0x9b0 frame=0x716a80a7836d frame_off=0x7836d vm_ip=0x716a80d139de vm_ip_off=0x3139de vm_flags=0x4a612e32 vm_state=0x5f8f8af3 vm_byte=0x3a target=0x716a80ab8556 target_off=0xb8556
[DISPATCH] site=0xcdac7 count=2272 slot=0x716a80ac3c60 slot_off=0xc3c60 idx=0x548 frame=0x716a80a7836d frame_off=0x7836d vm_ip=0x716a80d13c4c vm_ip_off=0x313c4c vm_flags=0x8f70318b vm_state=0xfbfb8b3c vm_byte=0x3a target=0x716a80a9af18 target_off=0x9af18
[DISPATCH] site=0xcdac7 count=2273 slot=0x716a80ac3c60 slot_off=0xc3c60 idx=0x548 frame=0x716a80a7836d frame_off=0x7836d vm_ip=0x716a80d13e8f vm_ip_off=0x313e8f vm_flags=0xfed1df96 vm_state=0x58a4dcd6 vm_byte=0x3a target=0x716a80a9af18 target_off=0x9af18
[DISPATCH] site=0xcdac7 count=2274 slot=0x716a80ac3c60 slot_off=0xc3c60 idx=0x548 frame=0x716a80a7836d frame_off=0x7836d vm_ip=0x716a80d14071 vm_ip_off=0x314071 vm_flags=0x4ac60206 vm_state=0x5ee7d2fb vm_byte=0x3a target=0x716a80a9af18 target_off=0x9af18
[DISPATCH] site=0xcdac7 count=2275 slot=0x716a80ac40c8 slot_off=0xc40c8 idx=0x9b0 frame=0x716a80a7836d frame_off=0x7836d vm_ip=0x716a80d142df vm_ip_off=0x3142df vm_flags=0x861eb185 vm_state=0xdf95e7f4 vm_byte=0x3a target=0x716a80ab8556 target_off=0xb8556
[DISPATCH] site=0xcdac7 count=2276 slot=0x716a80ac40c8 slot_off=0xc40c8 idx=0x9b0 frame=0x716a80a7836d frame_off=0x7836d vm_ip=0x716a80d14522 vm_ip_off=0x314522 vm_flags=0x34a042ea vm_state=0x3ce04eeb vm_byte=0x3a target=0x716a80ab8556 target_off=0xb8556
[DISPATCH] site=0xcdac7 count=2277 slot=0x716a80ac40c8 slot_off=0xc40c8 idx=0x9b0 frame=0x716a80a7836d frame_off=0x7836d vm_ip=0x716a80d14704 vm_ip_off=0x314704 vm_flags=0xfcdeff37 vm_state=0xfcd60600 vm_byte=0x3a target=0x716a80ab8556 target_off=0xb8556
[DISPATCH] site=0xcdac7 count=2278 slot=0x716a80ac3c60 slot_off=0xc3c60 idx=0x548 frame=0x716a80a7836d frame_off=0x7836d vm_ip=0x716a80d14972 vm_ip_off=0x314972 vm_flags=0xf8eeff37 vm_state=0xf8e60910 vm_byte=0x3a target=0x716a80a9af18 target_off=0x9af18
[DISPATCH] site=0xcdac7 count=2279 slot=0x716a80ac40c8 slot_off=0xc40c8 idx=0x9b0 frame=0x716a80a7836d frame_off=0x7836d vm_ip=0x716a80d14bb5 vm_ip_off=0x314bb5 vm_flags=0x62662dfb vm_state=0xbffcca14 vm_byte=0x3a target=0x716a80ab8556 target_off=0xb8556
[DISPATCH] site=0xcdac7 count=2280 slot=0x716a80ac3c60 slot_off=0xc3c60 idx=0x548 frame=0x716a80a7836d frame_off=0x7836d vm_ip=0x716a80d14d97 vm_ip_off=0x314d97 vm_flags=0xfadf7f2d vm_state=0xf21b0800 vm_byte=0x3a target=0x716a80a9af18 target_off=0x9af18
[DISPATCH] site=0xcdac7 count=2281 slot=0x716a80ac40c8 slot_off=0xc40c8 idx=0x9b0 frame=0x716a80a7836d frame_off=0x7836d vm_ip=0x716a80d15005 vm_ip_off=0x315005 vm_flags=0xe34473c6 vm_state=0xe74477c6 vm_byte=0x3a target=0x716a80ab8556 target_off=0xb8556
[DISPATCH] site=0xcdac7 count=2282 slot=0x716a80ac40c8 slot_off=0xc40c8 idx=0x9b0 frame=0x716a80a7836d frame_off=0x7836d vm_ip=0x716a80d1522f vm_ip_off=0x31522f vm_flags=0x69b0303a vm_state=0x69145e5a vm_byte=0x3a target=0x716a80ab8556 target_off=0xb8556
[DISPATCH] site=0xcdac7 count=2283 slot=0x716a80ac3c60 slot_off=0xc3c60 idx=0x548 frame=0x716a80a7836d frame_off=0x7836d vm_ip=0x716a80d15486 vm_ip_off=0x315486 vm_flags=0x841ab3c5 vm_state=0x841ab3c5 vm_byte=0x3a target=0x716a80a9af18 target_off=0x9af18
[DISPATCH] site=0xcdac7 count=2284 slot=0x716a80ac3c60 slot_off=0xc3c60 idx=0x548 frame=0x716a80a7836d frame_off=0x7836d vm_ip=0x716a80d156ca vm_ip_off=0x3156ca vm_flags=0xf613f930 vm_state=0x3ffce85e vm_byte=0x3a target=0x716a80a9af18 target_off=0x9af18
[DISPATCH] site=0xcdac7 count=2285 slot=0x716a80ac3c60 slot_off=0xc3c60 idx=0x548 frame=0x716a80a7836d frame_off=0x7836d vm_ip=0x716a80d15969 vm_ip_off=0x315969 vm_flags=0x2ab32381 vm_state=0x2af72783 vm_byte=0x3a target=0x716a80a9af18 target_off=0x9af18
[DISPATCH] site=0xcdac7 count=2286 slot=0x716a80ac3c60 slot_off=0xc3c60 idx=0x548 frame=0x716a80a7836d frame_off=0x7836d vm_ip=0x716a80d15bbf vm_ip_off=0x315bbf vm_flags=0x6e5d9892 vm_state=0x4000d60c vm_byte=0x3a target=0x716a80a9af18 target_off=0x9af18
[DISPATCH] site=0xcdac7 count=2287 slot=0x716a80ac40c8 slot_off=0xc40c8 idx=0x9b0 frame=0x716a80a7836d frame_off=0x7836d vm_ip=0x716a80d10ca5 vm_ip_off=0x310ca5 vm_flags=0x148226cc vm_state=0xffaffb65 vm_byte=0x3a target=0x716a80ab8556 target_off=0xb8556
[DISPATCH] site=0xcdac7 count=2288 slot=0x716a80ac40c8 slot_off=0xc40c8 idx=0x9b0 frame=0x716a80a7836d frame_off=0x7836d vm_ip=0x716a80d10ef0 vm_ip_off=0x310ef0 vm_flags=0x14100010 vm_state=0x3f0612b2 vm_byte=0x3a target=0x716a80ab8556 target_off=0xb8556
[DISPATCH] site=0xcdac7 count=2289 slot=0x716a80ac3c60 slot_off=0xc3c60 idx=0x548 frame=0x716a80a7836d frame_off=0x7836d vm_ip=0x716a80d11163 vm_ip_off=0x311163 vm_flags=0xc83095f0 vm_state=0x400110fe vm_byte=0x3a target=0x716a80a9af18 target_off=0x9af18
[DISPATCH] site=0xcdac7 count=2290 slot=0x716a80ac3c60 slot_off=0xc3c60 idx=0x548 frame=0x716a80a7836d frame_off=0x7836d vm_ip=0x716a80d113a5 vm_ip_off=0x3113a5 vm_flags=0x7adeff2e vm_state=0x78de0800 vm_byte=0x3a target=0x716a80a9af18 target_off=0x9af18
[DISPATCH] site=0xcdac7 count=2291 slot=0x716a80ac40c8 slot_off=0xc40c8 idx=0x9b0 frame=0x716a80a7836d frame_off=0x7836d vm_ip=0x716a80d115e7 vm_ip_off=0x3115e7 vm_flags=0x2948 vm_state=0x2948 vm_byte=0x3a target=0x716a80ab8556 target_off=0xb8556
[DISPATCH] site=0xcdac7 count=2292 slot=0x716a80ac3c60 slot_off=0xc3c60 idx=0x548 frame=0x716a80a7836d frame_off=0x7836d vm_ip=0x716a80d11829 vm_ip_off=0x311829 vm_flags=0x3acddfde vm_state=0x585c5c02 vm_byte=0x3a target=0x716a80a9af18 target_off=0x9af18
[DISPATCH] site=0xcdac7 count=2293 slot=0x716a80ac3c60 slot_off=0xc3c60 idx=0x548 frame=0x716a80a7836d frame_off=0x7836d vm_ip=0x716a80d11a6b vm_ip_off=0x311a6b vm_flags=0xef1b287 vm_state=0x69145f5a vm_byte=0x3a target=0x716a80a9af18 target_off=0x9af18
[DISPATCH] site=0xcdac7 count=2294 slot=0x716a80ac40c8 slot_off=0xc40c8 idx=0x9b0 frame=0x716a80a7836d frame_off=0x7836d vm_ip=0x716a80d11cad vm_ip_off=0x311cad vm_flags=0x524c03c5 vm_state=0x7df7dfda vm_byte=0x3a target=0x716a80ab8556 target_off=0xb8556
[DISPATCH] site=0xcdac7 count=2295 slot=0x716a80ac40c8 slot_off=0xc40c8 idx=0x9b0 frame=0x716a80a7836d frame_off=0x7836d vm_ip=0x716a80d11f69 vm_ip_off=0x311f69 vm_flags=0x8e78f1da vm_state=0xeb377ffe vm_byte=0x3a target=0x716a80ab8556 target_off=0xb8556
[DISPATCH] site=0xcdac7 count=2296 slot=0x716a80ac40c8 slot_off=0xc40c8 idx=0x9b0 frame=0x716a80a7836d frame_off=0x7836d vm_ip=0x716a80d1223a vm_ip_off=0x31223a vm_flags=0x8e4e0de5 vm_state=0x7bd7fefb vm_byte=0x3a target=0x716a80ab8556 target_off=0xb8556
[DISPATCH] site=0xcdac7 count=2297 slot=0x716a80ac3c60 slot_off=0xc3c60 idx=0x548 frame=0x716a80a7836d frame_off=0x7836d vm_ip=0x716a80d12464 vm_ip_off=0x312464 vm_flags=0x347541db vm_state=0x69945ffa vm_byte=0x3a target=0x716a80a9af18 target_off=0x9af18
[DISPATCH] site=0xcdac7 count=2298 slot=0x716a80ac40c8 slot_off=0xc40c8 idx=0x9b0 frame=0x716a80a7836d frame_off=0x7836d vm_ip=0x716a80d1268e vm_ip_off=0x31268e vm_flags=0x5675bb90 vm_state=0xffc76ef9 vm_byte=0x3a target=0x716a80ab8556 target_off=0xb8556
[DISPATCH] site=0xcdac7 count=2299 slot=0x716a80ac3c60 slot_off=0xc3c60 idx=0x548 frame=0x716a80a7836d frame_off=0x7836d vm_ip=0x716a80d12868 vm_ip_off=0x312868 vm_flags=0x221c12 vm_state=0x3f06a742 vm_byte=0x3a target=0x716a80a9af18 target_off=0x9af18
[DISPATCH] site=0xcdac7 count=2300 slot=0x716a80ac3c60 slot_off=0xc3c60 idx=0x548 frame=0x716a80a7836d frame_off=0x7836d vm_ip=0x716a80d12aee vm_ip_off=0x312aee vm_flags=0x8e3c0ca2 vm_state=0x6f95fefa vm_byte=0x3a target=0x716a80a9af18 target_off=0x9af18
[DISPATCH] site=0xcdac7 count=2301 slot=0x716a80ac3c60 slot_off=0xc3c60 idx=0x548 frame=0x716a80a7836d frame_off=0x7836d vm_ip=0x716a80d12cd0 vm_ip_off=0x312cd0 vm_flags=0xfbf79ddb vm_state=0xf9f3eb74 vm_byte=0x3a target=0x716a80a9af18 target_off=0x9af18
[DISPATCH] site=0xcdac7 count=2302 slot=0x716a80ac40c8 slot_off=0xc40c8 idx=0x9b0 frame=0x716a80a7836d frame_off=0x7836d vm_ip=0x716a80d12f26 vm_ip_off=0x312f26 vm_flags=0x4b8eb2de vm_state=0x7b1c5e5e vm_byte=0x3a target=0x716a80ab8556 target_off=0xb8556
[DISPATCH] site=0xcdac7 count=2303 slot=0x716a80ac40c8 slot_off=0xc40c8 idx=0x9b0 frame=0x716a80a7836d frame_off=0x7836d vm_ip=0x716a80d13169 vm_ip_off=0x313169 vm_flags=0x7afe7fef vm_state=0x727e02a8 vm_byte=0x3a target=0x716a80ab8556 target_off=0xb8556
[DISPATCH] site=0xcdac7 count=2304 slot=0x716a80ac3c60 slot_off=0xc3c60 idx=0x548 frame=0x716a80a7836d frame_off=0x7836d vm_ip=0x716a80d1334b vm_ip_off=0x31334b vm_flags=0xce4d8465 vm_state=0x7f3e7f7b vm_byte=0x3a target=0x716a80a9af18 target_off=0x9af18
[DISPATCH] site=0xcdac7 count=2305 slot=0x716a80ac3c60 slot_off=0xc3c60 idx=0x548 frame=0x716a80a7836d frame_off=0x7836d vm_ip=0x716a80d135b9 vm_ip_off=0x3135b9 vm_flags=0xc917a90d vm_state=0xc917a90d vm_byte=0x3a target=0x716a80a9af18 target_off=0x9af18
[DISPATCH] site=0xcdac7 count=2306 slot=0x716a80ac40c8 slot_off=0xc40c8 idx=0x9b0 frame=0x716a80a7836d frame_off=0x7836d vm_ip=0x716a80d137fc vm_ip_off=0x3137fc vm_flags=0x8df97560 vm_state=0x694cb90f vm_byte=0x3a target=0x716a80ab8556 target_off=0xb8556
[DISPATCH] site=0xcdac7 count=2307 slot=0x716a80ac40c8 slot_off=0xc40c8 idx=0x9b0 frame=0x716a80a7836d frame_off=0x7836d vm_ip=0x716a80d139de vm_ip_off=0x3139de vm_flags=0x4a612e32 vm_state=0x5f8f8af3 vm_byte=0x3a target=0x716a80ab8556 target_off=0xb8556
[DISPATCH] site=0xcdac7 count=2308 slot=0x716a80ac3c60 slot_off=0xc3c60 idx=0x548 frame=0x716a80a7836d frame_off=0x7836d vm_ip=0x716a80d13c4c vm_ip_off=0x313c4c vm_flags=0x8f70318b vm_state=0xfbfb8b3c vm_byte=0x3a target=0x716a80a9af18 target_off=0x9af18
[DISPATCH] site=0xcdac7 count=2309 slot=0x716a80ac3c60 slot_off=0xc3c60 idx=0x548 frame=0x716a80a7836d frame_off=0x7836d vm_ip=0x716a80d13e8f vm_ip_off=0x313e8f vm_flags=0xfed1df96 vm_state=0x58a4dcd6 vm_byte=0x3a target=0x716a80a9af18 target_off=0x9af18
[DISPATCH] site=0xcdac7 count=2310 slot=0x716a80ac3c60 slot_off=0xc3c60 idx=0x548 frame=0x716a80a7836d frame_off=0x7836d vm_ip=0x716a80d14071 vm_ip_off=0x314071 vm_flags=0x4ac60206 vm_state=0x5ee7d2fb vm_byte=0x3a target=0x716a80a9af18 target_off=0x9af18
[DISPATCH] site=0xcdac7 count=2311 slot=0x716a80ac40c8 slot_off=0xc40c8 idx=0x9b0 frame=0x716a80a7836d frame_off=0x7836d vm_ip=0x716a80d142df vm_ip_off=0x3142df vm_flags=0x861eb185 vm_state=0xdf95e7f4 vm_byte=0x3a target=0x716a80ab8556 target_off=0xb8556
[DISPATCH] site=0xcdac7 count=2312 slot=0x716a80ac40c8 slot_off=0xc40c8 idx=0x9b0 frame=0x716a80a7836d frame_off=0x7836d vm_ip=0x716a80d14522 vm_ip_off=0x314522 vm_flags=0x34a042ea vm_state=0x3ce04eeb vm_byte=0x3a target=0x716a80ab8556 target_off=0xb8556
[DISPATCH] site=0xcdac7 count=2313 slot=0x716a80ac40c8 slot_off=0xc40c8 idx=0x9b0 frame=0x716a80a7836d frame_off=0x7836d vm_ip=0x716a80d14704 vm_ip_off=0x314704 vm_flags=0xfcdeff37 vm_state=0xfcd60600 vm_byte=0x3a target=0x716a80ab8556 target_off=0xb8556
[DISPATCH] site=0xcdac7 count=2314 slot=0x716a80ac3c60 slot_off=0xc3c60 idx=0x548 frame=0x716a80a7836d frame_off=0x7836d vm_ip=0x716a80d14972 vm_ip_off=0x314972 vm_flags=0xf8eeff37 vm_state=0xf8e60910 vm_byte=0x3a target=0x716a80a9af18 target_off=0x9af18
[DISPATCH] site=0xcdac7 count=2315 slot=0x716a80ac40c8 slot_off=0xc40c8 idx=0x9b0 frame=0x716a80a7836d frame_off=0x7836d vm_ip=0x716a80d14bb5 vm_ip_off=0x314bb5 vm_flags=0x62662dfb vm_state=0xbffcca14 vm_byte=0x3a target=0x716a80ab8556 target_off=0xb8556
[DISPATCH] site=0xcdac7 count=2316 slot=0x716a80ac3c60 slot_off=0xc3c60 idx=0x548 frame=0x716a80a7836d frame_off=0x7836d vm_ip=0x716a80d14d97 vm_ip_off=0x314d97 vm_flags=0xfadf7f2d vm_state=0xf21b0800 vm_byte=0x3a target=0x716a80a9af18 target_off=0x9af18
[DISPATCH] site=0xcdac7 count=2317 slot=0x716a80ac40c8 slot_off=0xc40c8 idx=0x9b0 frame=0x716a80a7836d frame_off=0x7836d vm_ip=0x716a80d15005 vm_ip_off=0x315005 vm_flags=0xe34473c6 vm_state=0xe74477c6 vm_byte=0x3a target=0x716a80ab8556 target_off=0xb8556
[DISPATCH] site=0xcdac7 count=2318 slot=0x716a80ac40c8 slot_off=0xc40c8 idx=0x9b0 frame=0x716a80a7836d frame_off=0x7836d vm_ip=0x716a80d1522f vm_ip_off=0x31522f vm_flags=0x69b0303a vm_state=0x69145e5a vm_byte=0x3a target=0x716a80ab8556 target_off=0xb8556
[DISPATCH] site=0xcdac7 count=2319 slot=0x716a80ac3c60 slot_off=0xc3c60 idx=0x548 frame=0x716a80a7836d frame_off=0x7836d vm_ip=0x716a80d15486 vm_ip_off=0x315486 vm_flags=0x841ab3c5 vm_state=0x841ab3c5 vm_byte=0x3a target=0x716a80a9af18 target_off=0x9af18
[DISPATCH] site=0xcdac7 count=2320 slot=0x716a80ac3c60 slot_off=0xc3c60 idx=0x548 frame=0x716a80a7836d frame_off=0x7836d vm_ip=0x716a80d156ca vm_ip_off=0x3156ca vm_flags=0xf613f930 vm_state=0x3ffce85e vm_byte=0x3a target=0x716a80a9af18 target_off=0x9af18
[DISPATCH] site=0xcdac7 count=2321 slot=0x716a80ac3c60 slot_off=0xc3c60 idx=0x548 frame=0x716a80a7836d frame_off=0x7836d vm_ip=0x716a80d15969 vm_ip_off=0x315969 vm_flags=0x2ab32381 vm_state=0x2af72783 vm_byte=0x3a target=0x716a80a9af18 target_off=0x9af18
[DISPATCH] site=0xcdac7 count=2322 slot=0x716a80ac3c60 slot_off=0xc3c60 idx=0x548 frame=0x716a80a7836d frame_off=0x7836d vm_ip=0x716a80d15bbf vm_ip_off=0x315bbf vm_flags=0x6e5d9892 vm_state=0x4000d60c vm_byte=0x3a target=0x716a80a9af18 target_off=0x9af18
[DISPATCH] site=0xcdac7 count=2323 slot=0x716a80ac40c8 slot_off=0xc40c8 idx=0x9b0 frame=0x716a80a7836d frame_off=0x7836d vm_ip=0x716a80d10ca5 vm_ip_off=0x310ca5 vm_flags=0x148226cc vm_state=0xffaffb65 vm_byte=0x3a target=0x716a80ab8556 target_off=0xb8556
[DISPATCH] site=0xcdac7 count=2324 slot=0x716a80ac40c8 slot_off=0xc40c8 idx=0x9b0 frame=0x716a80a7836d frame_off=0x7836d vm_ip=0x716a80d10ef0 vm_ip_off=0x310ef0 vm_flags=0x14100010 vm_state=0x3f0612b2 vm_byte=0x3a target=0x716a80ab8556 target_off=0xb8556
[DISPATCH] site=0xcdac7 count=2325 slot=0x716a80ac3c60 slot_off=0xc3c60 idx=0x548 frame=0x716a80a7836d frame_off=0x7836d vm_ip=0x716a80d11163 vm_ip_off=0x311163 vm_flags=0xc83095f0 vm_state=0x400110fe vm_byte=0x3a target=0x716a80a9af18 target_off=0x9af18
[DISPATCH] site=0xcdac7 count=2326 slot=0x716a80ac3c60 slot_off=0xc3c60 idx=0x548 frame=0x716a80a7836d frame_off=0x7836d vm_ip=0x716a80d113a5 vm_ip_off=0x3113a5 vm_flags=0x7adeff2e vm_state=0x78de0800 vm_byte=0x3a target=0x716a80a9af18 target_off=0x9af18
[DISPATCH] site=0xcdac7 count=2327 slot=0x716a80ac40c8 slot_off=0xc40c8 idx=0x9b0 frame=0x716a80a7836d frame_off=0x7836d vm_ip=0x716a80d115e7 vm_ip_off=0x3115e7 vm_flags=0x2948 vm_state=0x2948 vm_byte=0x3a target=0x716a80ab8556 target_off=0xb8556
[DISPATCH] site=0xcdac7 count=2328 slot=0x716a80ac3c60 slot_off=0xc3c60 idx=0x548 frame=0x716a80a7836d frame_off=0x7836d vm_ip=0x716a80d11829 vm_ip_off=0x311829 vm_flags=0x3acddfde vm_state=0x585c5c02 vm_byte=0x3a target=0x716a80a9af18 target_off=0x9af18
[DISPATCH] site=0xcdac7 count=2329 slot=0x716a80ac3c60 slot_off=0xc3c60 idx=0x548 frame=0x716a80a7836d frame_off=0x7836d vm_ip=0x716a80d11a6b vm_ip_off=0x311a6b vm_flags=0xef1b287 vm_state=0x69145f5a vm_byte=0x3a target=0x716a80a9af18 target_off=0x9af18
[DISPATCH] site=0xcdac7 count=2330 slot=0x716a80ac40c8 slot_off=0xc40c8 idx=0x9b0 frame=0x716a80a7836d frame_off=0x7836d vm_ip=0x716a80d11cad vm_ip_off=0x311cad vm_flags=0x524c03c5 vm_state=0x7df7dfda vm_byte=0x3a target=0x716a80ab8556 target_off=0xb8556
[DISPATCH] site=0xcdac7 count=2331 slot=0x716a80ac40c8 slot_off=0xc40c8 idx=0x9b0 frame=0x716a80a7836d frame_off=0x7836d vm_ip=0x716a80d11f69 vm_ip_off=0x311f69 vm_flags=0x8e78f1da vm_state=0xeb377ffe vm_byte=0x3a target=0x716a80ab8556 target_off=0xb8556
[DISPATCH] site=0xcdac7 count=2332 slot=0x716a80ac40c8 slot_off=0xc40c8 idx=0x9b0 frame=0x716a80a7836d frame_off=0x7836d vm_ip=0x716a80d1223a vm_ip_off=0x31223a vm_flags=0x8e4e0de5 vm_state=0x7bd7fefb vm_byte=0x3a target=0x716a80ab8556 target_off=0xb8556
[DISPATCH] site=0xcdac7 count=2333 slot=0x716a80ac3c60 slot_off=0xc3c60 idx=0x548 frame=0x716a80a7836d frame_off=0x7836d vm_ip=0x716a80d12464 vm_ip_off=0x312464 vm_flags=0x347541db vm_state=0x69945ffa vm_byte=0x3a target=0x716a80a9af18 target_off=0x9af18
[DISPATCH] site=0xcdac7 count=2334 slot=0x716a80ac40c8 slot_off=0xc40c8 idx=0x9b0 frame=0x716a80a7836d frame_off=0x7836d vm_ip=0x716a80d1268e vm_ip_off=0x31268e vm_flags=0x5675bb90 vm_state=0xffc76ef9 vm_byte=0x3a target=0x716a80ab8556 target_off=0xb8556
[DISPATCH] site=0xcdac7 count=2335 slot=0x716a80ac3c60 slot_off=0xc3c60 idx=0x548 frame=0x716a80a7836d frame_off=0x7836d vm_ip=0x716a80d12868 vm_ip_off=0x312868 vm_flags=0x221c12 vm_state=0x3f06a742 vm_byte=0x3a target=0x716a80a9af18 target_off=0x9af18
[DISPATCH] site=0xcdac7 count=2336 slot=0x716a80ac3c60 slot_off=0xc3c60 idx=0x548 frame=0x716a80a7836d frame_off=0x7836d vm_ip=0x716a80d12aee vm_ip_off=0x312aee vm_flags=0x8e3c0ca2 vm_state=0x6f95fefa vm_byte=0x3a target=0x716a80a9af18 target_off=0x9af18
[DISPATCH] site=0xcdac7 count=2337 slot=0x716a80ac3c60 slot_off=0xc3c60 idx=0x548 frame=0x716a80a7836d frame_off=0x7836d vm_ip=0x716a80d12cd0 vm_ip_off=0x312cd0 vm_flags=0xfbf79ddb vm_state=0xf9f3eb74 vm_byte=0x3a target=0x716a80a9af18 target_off=0x9af18
[DISPATCH] site=0xcdac7 count=2338 slot=0x716a80ac40c8 slot_off=0xc40c8 idx=0x9b0 frame=0x716a80a7836d frame_off=0x7836d vm_ip=0x716a80d12f26 vm_ip_off=0x312f26 vm_flags=0x4b8eb2de vm_state=0x7b1c5e5e vm_byte=0x3a target=0x716a80ab8556 target_off=0xb8556
[DISPATCH] site=0xcdac7 count=2339 slot=0x716a80ac40c8 slot_off=0xc40c8 idx=0x9b0 frame=0x716a80a7836d frame_off=0x7836d vm_ip=0x716a80d13169 vm_ip_off=0x313169 vm_flags=0x7afe7fef vm_state=0x727e02a8 vm_byte=0x3a target=0x716a80ab8556 target_off=0xb8556
[DISPATCH] site=0xcdac7 count=2340 slot=0x716a80ac3c60 slot_off=0xc3c60 idx=0x548 frame=0x716a80a7836d frame_off=0x7836d vm_ip=0x716a80d1334b vm_ip_off=0x31334b vm_flags=0xce4d8465 vm_state=0x7f3e7f7b vm_byte=0x3a target=0x716a80a9af18 target_off=0x9af18
[DISPATCH] site=0xcdac7 count=2341 slot=0x716a80ac3c60 slot_off=0xc3c60 idx=0x548 frame=0x716a80a7836d frame_off=0x7836d vm_ip=0x716a80d135b9 vm_ip_off=0x3135b9 vm_flags=0xc917a90d vm_state=0xc917a90d vm_byte=0x3a target=0x716a80a9af18 target_off=0x9af18
[DISPATCH] site=0xcdac7 count=2342 slot=0x716a80ac40c8 slot_off=0xc40c8 idx=0x9b0 frame=0x716a80a7836d frame_off=0x7836d vm_ip=0x716a80d137fc vm_ip_off=0x3137fc vm_flags=0x8df97560 vm_state=0x694cb90f vm_byte=0x3a target=0x716a80ab8556 target_off=0xb8556
[DISPATCH] site=0xcdac7 count=2343 slot=0x716a80ac40c8 slot_off=0xc40c8 idx=0x9b0 frame=0x716a80a7836d frame_off=0x7836d vm_ip=0x716a80d139de vm_ip_off=0x3139de vm_flags=0x4a612e32 vm_state=0x5f8f8af3 vm_byte=0x3a target=0x716a80ab8556 target_off=0xb8556
[DISPATCH] site=0xcdac7 count=2344 slot=0x716a80ac3c60 slot_off=0xc3c60 idx=0x548 frame=0x716a80a7836d frame_off=0x7836d vm_ip=0x716a80d13c4c vm_ip_off=0x313c4c vm_flags=0x8f70318b vm_state=0xfbfb8b3c vm_byte=0x3a target=0x716a80a9af18 target_off=0x9af18
[DISPATCH] site=0xcdac7 count=2345 slot=0x716a80ac3c60 slot_off=0xc3c60 idx=0x548 frame=0x716a80a7836d frame_off=0x7836d vm_ip=0x716a80d13e8f vm_ip_off=0x313e8f vm_flags=0xfed1df96 vm_state=0x58a4dcd6 vm_byte=0x3a target=0x716a80a9af18 target_off=0x9af18
[DISPATCH] site=0xcdac7 count=2346 slot=0x716a80ac3c60 slot_off=0xc3c60 idx=0x548 frame=0x716a80a7836d frame_off=0x7836d vm_ip=0x716a80d14071 vm_ip_off=0x314071 vm_flags=0x4ac60206 vm_state=0x5ee7d2fb vm_byte=0x3a target=0x716a80a9af18 target_off=0x9af18
[DISPATCH] site=0xcdac7 count=2347 slot=0x716a80ac40c8 slot_off=0xc40c8 idx=0x9b0 frame=0x716a80a7836d frame_off=0x7836d vm_ip=0x716a80d142df vm_ip_off=0x3142df vm_flags=0x861eb185 vm_state=0xdf95e7f4 vm_byte=0x3a target=0x716a80ab8556 target_off=0xb8556
[DISPATCH] site=0xcdac7 count=2348 slot=0x716a80ac40c8 slot_off=0xc40c8 idx=0x9b0 frame=0x716a80a7836d frame_off=0x7836d vm_ip=0x716a80d14522 vm_ip_off=0x314522 vm_flags=0x34a042ea vm_state=0x3ce04eeb vm_byte=0x3a target=0x716a80ab8556 target_off=0xb8556
[DISPATCH] site=0xcdac7 count=2349 slot=0x716a80ac40c8 slot_off=0xc40c8 idx=0x9b0 frame=0x716a80a7836d frame_off=0x7836d vm_ip=0x716a80d14704 vm_ip_off=0x314704 vm_flags=0xfcdeff37 vm_state=0xfcd60600 vm_byte=0x3a target=0x716a80ab8556 target_off=0xb8556
[DISPATCH] site=0xcdac7 count=2350 slot=0x716a80ac3c60 slot_off=0xc3c60 idx=0x548 frame=0x716a80a7836d frame_off=0x7836d vm_ip=0x716a80d14972 vm_ip_off=0x314972 vm_flags=0xf8eeff37 vm_state=0xf8e60910 vm_byte=0x3a target=0x716a80a9af18 target_off=0x9af18
[DISPATCH] site=0xcdac7 count=2351 slot=0x716a80ac40c8 slot_off=0xc40c8 idx=0x9b0 frame=0x716a80a7836d frame_off=0x7836d vm_ip=0x716a80d14bb5 vm_ip_off=0x314bb5 vm_flags=0x62662dfb vm_state=0xbffcca14 vm_byte=0x3a target=0x716a80ab8556 target_off=0xb8556
[DISPATCH] site=0xcdac7 count=2352 slot=0x716a80ac3c60 slot_off=0xc3c60 idx=0x548 frame=0x716a80a7836d frame_off=0x7836d vm_ip=0x716a80d14d97 vm_ip_off=0x314d97 vm_flags=0xfadf7f2d vm_state=0xf21b0800 vm_byte=0x3a target=0x716a80a9af18 target_off=0x9af18
[DISPATCH] site=0xcdac7 count=2353 slot=0x716a80ac40c8 slot_off=0xc40c8 idx=0x9b0 frame=0x716a80a7836d frame_off=0x7836d vm_ip=0x716a80d15005 vm_ip_off=0x315005 vm_flags=0xe34473c6 vm_state=0xe74477c6 vm_byte=0x3a target=0x716a80ab8556 target_off=0xb8556
[DISPATCH] site=0xcdac7 count=2354 slot=0x716a80ac40c8 slot_off=0xc40c8 idx=0x9b0 frame=0x716a80a7836d frame_off=0x7836d vm_ip=0x716a80d1522f vm_ip_off=0x31522f vm_flags=0x69b0303a vm_state=0x69145e5a vm_byte=0x3a target=0x716a80ab8556 target_off=0xb8556
[DISPATCH] site=0xcdac7 count=2355 slot=0x716a80ac3c60 slot_off=0xc3c60 idx=0x548 frame=0x716a80a7836d frame_off=0x7836d vm_ip=0x716a80d15486 vm_ip_off=0x315486 vm_flags=0x841ab3c5 vm_state=0x841ab3c5 vm_byte=0x3a target=0x716a80a9af18 target_off=0x9af18
[DISPATCH] site=0xcdac7 count=2356 slot=0x716a80ac3c60 slot_off=0xc3c60 idx=0x548 frame=0x716a80a7836d frame_off=0x7836d vm_ip=0x716a80d156ca vm_ip_off=0x3156ca vm_flags=0xf613f930 vm_state=0x3ffce85e vm_byte=0x3a target=0x716a80a9af18 target_off=0x9af18
[DISPATCH] site=0xcdac7 count=2357 slot=0x716a80ac3c60 slot_off=0xc3c60 idx=0x548 frame=0x716a80a7836d frame_off=0x7836d vm_ip=0x716a80d15969 vm_ip_off=0x315969 vm_flags=0x2ab32381 vm_state=0x2af72783 vm_byte=0x3a target=0x716a80a9af18 target_off=0x9af18
[DISPATCH] site=0xcdac7 count=2358 slot=0x716a80ac3c60 slot_off=0xc3c60 idx=0x548 frame=0x716a80a7836d frame_off=0x7836d vm_ip=0x716a80d15bbf vm_ip_off=0x315bbf vm_flags=0x6e5d9892 vm_state=0x4000d60c vm_byte=0x3a target=0x716a80a9af18 target_off=0x9af18
[DISPATCH] site=0xcdac7 count=2359 slot=0x716a80ac40c8 slot_off=0xc40c8 idx=0x9b0 frame=0x716a80a7836d frame_off=0x7836d vm_ip=0x716a80d10ca5 vm_ip_off=0x310ca5 vm_flags=0x148226cc vm_state=0xffaffb65 vm_byte=0x3a target=0x716a80ab8556 target_off=0xb8556
[DISPATCH] site=0xcdac7 count=2360 slot=0x716a80ac40c8 slot_off=0xc40c8 idx=0x9b0 frame=0x716a80a7836d frame_off=0x7836d vm_ip=0x716a80d10ef0 vm_ip_off=0x310ef0 vm_flags=0x14100010 vm_state=0x3f0612b2 vm_byte=0x3a target=0x716a80ab8556 target_off=0xb8556
[DISPATCH] site=0xcdac7 count=2361 slot=0x716a80ac3c60 slot_off=0xc3c60 idx=0x548 frame=0x716a80a7836d frame_off=0x7836d vm_ip=0x716a80d11163 vm_ip_off=0x311163 vm_flags=0xc83095f0 vm_state=0x400110fe vm_byte=0x3a target=0x716a80a9af18 target_off=0x9af18
[DISPATCH] site=0xcdac7 count=2362 slot=0x716a80ac3c60 slot_off=0xc3c60 idx=0x548 frame=0x716a80a7836d frame_off=0x7836d vm_ip=0x716a80d113a5 vm_ip_off=0x3113a5 vm_flags=0x7adeff2e vm_state=0x78de0800 vm_byte=0x3a target=0x716a80a9af18 target_off=0x9af18
[DISPATCH] site=0xcdac7 count=2363 slot=0x716a80ac40c8 slot_off=0xc40c8 idx=0x9b0 frame=0x716a80a7836d frame_off=0x7836d vm_ip=0x716a80d115e7 vm_ip_off=0x3115e7 vm_flags=0x2948 vm_state=0x2948 vm_byte=0x3a target=0x716a80ab8556 target_off=0xb8556
[DISPATCH] site=0xcdac7 count=2364 slot=0x716a80ac3c60 slot_off=0xc3c60 idx=0x548 frame=0x716a80a7836d frame_off=0x7836d vm_ip=0x716a80d11829 vm_ip_off=0x311829 vm_flags=0x3acddfde vm_state=0x585c5c02 vm_byte=0x3a target=0x716a80a9af18 target_off=0x9af18
[DISPATCH] site=0xcdac7 count=2365 slot=0x716a80ac3c60 slot_off=0xc3c60 idx=0x548 frame=0x716a80a7836d frame_off=0x7836d vm_ip=0x716a80d11a6b vm_ip_off=0x311a6b vm_flags=0xef1b287 vm_state=0x69145f5a vm_byte=0x3a target=0x716a80a9af18 target_off=0x9af18
[DISPATCH] site=0xcdac7 count=2366 slot=0x716a80ac40c8 slot_off=0xc40c8 idx=0x9b0 frame=0x716a80a7836d frame_off=0x7836d vm_ip=0x716a80d11cad vm_ip_off=0x311cad vm_flags=0x524c03c5 vm_state=0x7df7dfda vm_byte=0x3a target=0x716a80ab8556 target_off=0xb8556
[DISPATCH] site=0xcdac7 count=2367 slot=0x716a80ac40c8 slot_off=0xc40c8 idx=0x9b0 frame=0x716a80a7836d frame_off=0x7836d vm_ip=0x716a80d11f69 vm_ip_off=0x311f69 vm_flags=0x8e78f1da vm_state=0xeb377ffe vm_byte=0x3a target=0x716a80ab8556 target_off=0xb8556
[DISPATCH] site=0xcdac7 count=2368 slot=0x716a80ac40c8 slot_off=0xc40c8 idx=0x9b0 frame=0x716a80a7836d frame_off=0x7836d vm_ip=0x716a80d1223a vm_ip_off=0x31223a vm_flags=0x8e4e0de5 vm_state=0x7bd7fefb vm_byte=0x3a target=0x716a80ab8556 target_off=0xb8556
[DISPATCH] site=0xcdac7 count=2369 slot=0x716a80ac3c60 slot_off=0xc3c60 idx=0x548 frame=0x716a80a7836d frame_off=0x7836d vm_ip=0x716a80d12464 vm_ip_off=0x312464 vm_flags=0x347541db vm_state=0x69945ffa vm_byte=0x3a target=0x716a80a9af18 target_off=0x9af18
[DISPATCH] site=0xcdac7 count=2370 slot=0x716a80ac40c8 slot_off=0xc40c8 idx=0x9b0 frame=0x716a80a7836d frame_off=0x7836d vm_ip=0x716a80d1268e vm_ip_off=0x31268e vm_flags=0x5675bb90 vm_state=0xffc76ef9 vm_byte=0x3a target=0x716a80ab8556 target_off=0xb8556
[DISPATCH] site=0xcdac7 count=2371 slot=0x716a80ac3c60 slot_off=0xc3c60 idx=0x548 frame=0x716a80a7836d frame_off=0x7836d vm_ip=0x716a80d12868 vm_ip_off=0x312868 vm_flags=0x221c12 vm_state=0x3f06a742 vm_byte=0x3a target=0x716a80a9af18 target_off=0x9af18
[DISPATCH] site=0xcdac7 count=2372 slot=0x716a80ac3c60 slot_off=0xc3c60 idx=0x548 frame=0x716a80a7836d frame_off=0x7836d vm_ip=0x716a80d12aee vm_ip_off=0x312aee vm_flags=0x8e3c0ca2 vm_state=0x6f95fefa vm_byte=0x3a target=0x716a80a9af18 target_off=0x9af18
[DISPATCH] site=0xcdac7 count=2373 slot=0x716a80ac3c60 slot_off=0xc3c60 idx=0x548 frame=0x716a80a7836d frame_off=0x7836d vm_ip=0x716a80d12cd0 vm_ip_off=0x312cd0 vm_flags=0xfbf79ddb vm_state=0xf9f3eb74 vm_byte=0x3a target=0x716a80a9af18 target_off=0x9af18
[DISPATCH] site=0xcdac7 count=2374 slot=0x716a80ac40c8 slot_off=0xc40c8 idx=0x9b0 frame=0x716a80a7836d frame_off=0x7836d vm_ip=0x716a80d12f26 vm_ip_off=0x312f26 vm_flags=0x4b8eb2de vm_state=0x7b1c5e5e vm_byte=0x3a target=0x716a80ab8556 target_off=0xb8556
[DISPATCH] site=0xcdac7 count=2375 slot=0x716a80ac40c8 slot_off=0xc40c8 idx=0x9b0 frame=0x716a80a7836d frame_off=0x7836d vm_ip=0x716a80d13169 vm_ip_off=0x313169 vm_flags=0x7afe7fef vm_state=0x727e02a8 vm_byte=0x3a target=0x716a80ab8556 target_off=0xb8556
[DISPATCH] site=0xcdac7 count=2376 slot=0x716a80ac3c60 slot_off=0xc3c60 idx=0x548 frame=0x716a80a7836d frame_off=0x7836d vm_ip=0x716a80d1334b vm_ip_off=0x31334b vm_flags=0xce4d8465 vm_state=0x7f3e7f7b vm_byte=0x3a target=0x716a80a9af18 target_off=0x9af18
[DISPATCH] site=0xcdac7 count=2377 slot=0x716a80ac3c60 slot_off=0xc3c60 idx=0x548 frame=0x716a80a7836d frame_off=0x7836d vm_ip=0x716a80d135b9 vm_ip_off=0x3135b9 vm_flags=0xc917a90d vm_state=0xc917a90d vm_byte=0x3a target=0x716a80a9af18 target_off=0x9af18
[DISPATCH] site=0xcdac7 count=2378 slot=0x716a80ac40c8 slot_off=0xc40c8 idx=0x9b0 frame=0x716a80a7836d frame_off=0x7836d vm_ip=0x716a80d137fc vm_ip_off=0x3137fc vm_flags=0x8df97560 vm_state=0x694cb90f vm_byte=0x3a target=0x716a80ab8556 target_off=0xb8556
[DISPATCH] site=0xcdac7 count=2379 slot=0x716a80ac40c8 slot_off=0xc40c8 idx=0x9b0 frame=0x716a80a7836d frame_off=0x7836d vm_ip=0x716a80d139de vm_ip_off=0x3139de vm_flags=0x4a612e32 vm_state=0x5f8f8af3 vm_byte=0x3a target=0x716a80ab8556 target_off=0xb8556
[DISPATCH] site=0xcdac7 count=2380 slot=0x716a80ac3c60 slot_off=0xc3c60 idx=0x548 frame=0x716a80a7836d frame_off=0x7836d vm_ip=0x716a80d13c4c vm_ip_off=0x313c4c vm_flags=0x8f70318b vm_state=0xfbfb8b3c vm_byte=0x3a target=0x716a80a9af18 target_off=0x9af18
[DISPATCH] site=0xcdac7 count=2381 slot=0x716a80ac3c60 slot_off=0xc3c60 idx=0x548 frame=0x716a80a7836d frame_off=0x7836d vm_ip=0x716a80d13e8f vm_ip_off=0x313e8f vm_flags=0xfed1df96 vm_state=0x58a4dcd6 vm_byte=0x3a target=0x716a80a9af18 target_off=0x9af18
[DISPATCH] site=0xcdac7 count=2382 slot=0x716a80ac3c60 slot_off=0xc3c60 idx=0x548 frame=0x716a80a7836d frame_off=0x7836d vm_ip=0x716a80d14071 vm_ip_off=0x314071 vm_flags=0x4ac60206 vm_state=0x5ee7d2fb vm_byte=0x3a target=0x716a80a9af18 target_off=0x9af18
[DISPATCH] site=0xcdac7 count=2383 slot=0x716a80ac40c8 slot_off=0xc40c8 idx=0x9b0 frame=0x716a80a7836d frame_off=0x7836d vm_ip=0x716a80d142df vm_ip_off=0x3142df vm_flags=0x861eb185 vm_state=0xdf95e7f4 vm_byte=0x3a target=0x716a80ab8556 target_off=0xb8556
[DISPATCH] site=0xcdac7 count=2384 slot=0x716a80ac40c8 slot_off=0xc40c8 idx=0x9b0 frame=0x716a80a7836d frame_off=0x7836d vm_ip=0x716a80d14522 vm_ip_off=0x314522 vm_flags=0x34a042ea vm_state=0x3ce04eeb vm_byte=0x3a target=0x716a80ab8556 target_off=0xb8556
[DISPATCH] site=0xcdac7 count=2385 slot=0x716a80ac40c8 slot_off=0xc40c8 idx=0x9b0 frame=0x716a80a7836d frame_off=0x7836d vm_ip=0x716a80d14704 vm_ip_off=0x314704 vm_flags=0xfcdeff37 vm_state=0xfcd60600 vm_byte=0x3a target=0x716a80ab8556 target_off=0xb8556
[DISPATCH] site=0xcdac7 count=2386 slot=0x716a80ac3c60 slot_off=0xc3c60 idx=0x548 frame=0x716a80a7836d frame_off=0x7836d vm_ip=0x716a80d14972 vm_ip_off=0x314972 vm_flags=0xf8eeff37 vm_state=0xf8e60910 vm_byte=0x3a target=0x716a80a9af18 target_off=0x9af18
[DISPATCH] site=0xcdac7 count=2387 slot=0x716a80ac40c8 slot_off=0xc40c8 idx=0x9b0 frame=0x716a80a7836d frame_off=0x7836d vm_ip=0x716a80d14bb5 vm_ip_off=0x314bb5 vm_flags=0x62662dfb vm_state=0xbffcca14 vm_byte=0x3a target=0x716a80ab8556 target_off=0xb8556
[DISPATCH] site=0xcdac7 count=2388 slot=0x716a80ac3c60 slot_off=0xc3c60 idx=0x548 frame=0x716a80a7836d frame_off=0x7836d vm_ip=0x716a80d14d97 vm_ip_off=0x314d97 vm_flags=0xfadf7f2d vm_state=0xf21b0800 vm_byte=0x3a target=0x716a80a9af18 target_off=0x9af18
[DISPATCH] site=0xcdac7 count=2389 slot=0x716a80ac40c8 slot_off=0xc40c8 idx=0x9b0 frame=0x716a80a7836d frame_off=0x7836d vm_ip=0x716a80d15005 vm_ip_off=0x315005 vm_flags=0xe34473c6 vm_state=0xe74477c6 vm_byte=0x3a target=0x716a80ab8556 target_off=0xb8556
[DISPATCH] site=0xcdac7 count=2390 slot=0x716a80ac40c8 slot_off=0xc40c8 idx=0x9b0 frame=0x716a80a7836d frame_off=0x7836d vm_ip=0x716a80d1522f vm_ip_off=0x31522f vm_flags=0x69b0303a vm_state=0x69145e5a vm_byte=0x3a target=0x716a80ab8556 target_off=0xb8556
[DISPATCH] site=0xcdac7 count=2391 slot=0x716a80ac3c60 slot_off=0xc3c60 idx=0x548 frame=0x716a80a7836d frame_off=0x7836d vm_ip=0x716a80d15486 vm_ip_off=0x315486 vm_flags=0x841ab3c5 vm_state=0x841ab3c5 vm_byte=0x3a target=0x716a80a9af18 target_off=0x9af18
[DISPATCH] site=0xcdac7 count=2392 slot=0x716a80ac3c60 slot_off=0xc3c60 idx=0x548 frame=0x716a80a7836d frame_off=0x7836d vm_ip=0x716a80d156ca vm_ip_off=0x3156ca vm_flags=0xf613f930 vm_state=0x3ffce85e vm_byte=0x3a target=0x716a80a9af18 target_off=0x9af18
[DISPATCH] site=0xcdac7 count=2393 slot=0x716a80ac3c60 slot_off=0xc3c60 idx=0x548 frame=0x716a80a7836d frame_off=0x7836d vm_ip=0x716a80d15969 vm_ip_off=0x315969 vm_flags=0x2ab32381 vm_state=0x2af72783 vm_byte=0x3a target=0x716a80a9af18 target_off=0x9af18
[DISPATCH] site=0xcdac7 count=2394 slot=0x716a80ac3c60 slot_off=0xc3c60 idx=0x548 frame=0x716a80a7836d frame_off=0x7836d vm_ip=0x716a80d15bbf vm_ip_off=0x315bbf vm_flags=0x6e5d9892 vm_state=0x4000d60c vm_byte=0x3a target=0x716a80a9af18 target_off=0x9af18
[DISPATCH] site=0xcdac7 count=2395 slot=0x716a80ac40c8 slot_off=0xc40c8 idx=0x9b0 frame=0x716a80a7836d frame_off=0x7836d vm_ip=0x716a80d10ca5 vm_ip_off=0x310ca5 vm_flags=0x148226cc vm_state=0xffaffb65 vm_byte=0x3a target=0x716a80ab8556 target_off=0xb8556
[DISPATCH] site=0xcdac7 count=2396 slot=0x716a80ac40c8 slot_off=0xc40c8 idx=0x9b0 frame=0x716a80a7836d frame_off=0x7836d vm_ip=0x716a80d10ef0 vm_ip_off=0x310ef0 vm_flags=0x14100010 vm_state=0x3f0612b2 vm_byte=0x3a target=0x716a80ab8556 target_off=0xb8556
[DISPATCH] site=0xcdac7 count=2397 slot=0x716a80ac3c60 slot_off=0xc3c60 idx=0x548 frame=0x716a80a7836d frame_off=0x7836d vm_ip=0x716a80d11163 vm_ip_off=0x311163 vm_flags=0xc83095f0 vm_state=0x400110fe vm_byte=0x3a target=0x716a80a9af18 target_off=0x9af18
[DISPATCH] site=0xcdac7 count=2398 slot=0x716a80ac3c60 slot_off=0xc3c60 idx=0x548 frame=0x716a80a7836d frame_off=0x7836d vm_ip=0x716a80d113a5 vm_ip_off=0x3113a5 vm_flags=0x7adeff2e vm_state=0x78de0800 vm_byte=0x3a target=0x716a80a9af18 target_off=0x9af18
[DISPATCH] site=0xcdac7 count=2399 slot=0x716a80ac40c8 slot_off=0xc40c8 idx=0x9b0 frame=0x716a80a7836d frame_off=0x7836d vm_ip=0x716a80d115e7 vm_ip_off=0x3115e7 vm_flags=0x2948 vm_state=0x2948 vm_byte=0x3a target=0x716a80ab8556 target_off=0xb8556
[DISPATCH] site=0xcdac7 count=2400 slot=0x716a80ac3c60 slot_off=0xc3c60 idx=0x548 frame=0x716a80a7836d frame_off=0x7836d vm_ip=0x716a80d11829 vm_ip_off=0x311829 vm_flags=0x3acddfde vm_state=0x585c5c02 vm_byte=0x3a target=0x716a80a9af18 target_off=0x9af18
[DISPATCH] site=0xcdac7 count=2401 slot=0x716a80ac3c60 slot_off=0xc3c60 idx=0x548 frame=0x716a80a7836d frame_off=0x7836d vm_ip=0x716a80d11a6b vm_ip_off=0x311a6b vm_flags=0xef1b287 vm_state=0x69145f5a vm_byte=0x3a target=0x716a80a9af18 target_off=0x9af18
[DISPATCH] site=0xcdac7 count=2402 slot=0x716a80ac40c8 slot_off=0xc40c8 idx=0x9b0 frame=0x716a80a7836d frame_off=0x7836d vm_ip=0x716a80d11cad vm_ip_off=0x311cad vm_flags=0x524c03c5 vm_state=0x7df7dfda vm_byte=0x3a target=0x716a80ab8556 target_off=0xb8556
[DISPATCH] site=0xcdac7 count=2403 slot=0x716a80ac40c8 slot_off=0xc40c8 idx=0x9b0 frame=0x716a80a7836d frame_off=0x7836d vm_ip=0x716a80d11f69 vm_ip_off=0x311f69 vm_flags=0x8e78f1da vm_state=0xeb377ffe vm_byte=0x3a target=0x716a80ab8556 target_off=0xb8556
[DISPATCH] site=0xcdac7 count=2404 slot=0x716a80ac40c8 slot_off=0xc40c8 idx=0x9b0 frame=0x716a80a7836d frame_off=0x7836d vm_ip=0x716a80d1223a vm_ip_off=0x31223a vm_flags=0x8e4e0de5 vm_state=0x7bd7fefb vm_byte=0x3a target=0x716a80ab8556 target_off=0xb8556
[DISPATCH] site=0xcdac7 count=2405 slot=0x716a80ac3c60 slot_off=0xc3c60 idx=0x548 frame=0x716a80a7836d frame_off=0x7836d vm_ip=0x716a80d12464 vm_ip_off=0x312464 vm_flags=0x347541db vm_state=0x69945ffa vm_byte=0x3a target=0x716a80a9af18 target_off=0x9af18
[DISPATCH] site=0xcdac7 count=2406 slot=0x716a80ac40c8 slot_off=0xc40c8 idx=0x9b0 frame=0x716a80a7836d frame_off=0x7836d vm_ip=0x716a80d1268e vm_ip_off=0x31268e vm_flags=0x5675bb90 vm_state=0xffc76ef9 vm_byte=0x3a target=0x716a80ab8556 target_off=0xb8556
[DISPATCH] site=0xcdac7 count=2407 slot=0x716a80ac3c60 slot_off=0xc3c60 idx=0x548 frame=0x716a80a7836d frame_off=0x7836d vm_ip=0x716a80d12868 vm_ip_off=0x312868 vm_flags=0x221c12 vm_state=0x3f06a742 vm_byte=0x3a target=0x716a80a9af18 target_off=0x9af18
[DISPATCH] site=0xcdac7 count=2408 slot=0x716a80ac3c60 slot_off=0xc3c60 idx=0x548 frame=0x716a80a7836d frame_off=0x7836d vm_ip=0x716a80d12aee vm_ip_off=0x312aee vm_flags=0x8e3c0ca2 vm_state=0x6f95fefa vm_byte=0x3a target=0x716a80a9af18 target_off=0x9af18
[DISPATCH] site=0xcdac7 count=2409 slot=0x716a80ac3c60 slot_off=0xc3c60 idx=0x548 frame=0x716a80a7836d frame_off=0x7836d vm_ip=0x716a80d12cd0 vm_ip_off=0x312cd0 vm_flags=0xfbf79ddb vm_state=0xf9f3eb74 vm_byte=0x3a target=0x716a80a9af18 target_off=0x9af18
[DISPATCH] site=0xcdac7 count=2410 slot=0x716a80ac40c8 slot_off=0xc40c8 idx=0x9b0 frame=0x716a80a7836d frame_off=0x7836d vm_ip=0x716a80d12f26 vm_ip_off=0x312f26 vm_flags=0x4b8eb2de vm_state=0x7b1c5e5e vm_byte=0x3a target=0x716a80ab8556 target_off=0xb8556
[DISPATCH] site=0xcdac7 count=2411 slot=0x716a80ac40c8 slot_off=0xc40c8 idx=0x9b0 frame=0x716a80a7836d frame_off=0x7836d vm_ip=0x716a80d13169 vm_ip_off=0x313169 vm_flags=0x7afe7fef vm_state=0x727e02a8 vm_byte=0x3a target=0x716a80ab8556 target_off=0xb8556
[DISPATCH] site=0xcdac7 count=2412 slot=0x716a80ac3c60 slot_off=0xc3c60 idx=0x548 frame=0x716a80a7836d frame_off=0x7836d vm_ip=0x716a80d1334b vm_ip_off=0x31334b vm_flags=0xce4d8465 vm_state=0x7f3e7f7b vm_byte=0x3a target=0x716a80a9af18 target_off=0x9af18
[DISPATCH] site=0xcdac7 count=2413 slot=0x716a80ac3c60 slot_off=0xc3c60 idx=0x548 frame=0x716a80a7836d frame_off=0x7836d vm_ip=0x716a80d135b9 vm_ip_off=0x3135b9 vm_flags=0xc917a90d vm_state=0xc917a90d vm_byte=0x3a target=0x716a80a9af18 target_off=0x9af18
[DISPATCH] site=0xcdac7 count=2414 slot=0x716a80ac40c8 slot_off=0xc40c8 idx=0x9b0 frame=0x716a80a7836d frame_off=0x7836d vm_ip=0x716a80d137fc vm_ip_off=0x3137fc vm_flags=0x8df97560 vm_state=0x694cb90f vm_byte=0x3a target=0x716a80ab8556 target_off=0xb8556
[DISPATCH] site=0xcdac7 count=2415 slot=0x716a80ac40c8 slot_off=0xc40c8 idx=0x9b0 frame=0x716a80a7836d frame_off=0x7836d vm_ip=0x716a80d139de vm_ip_off=0x3139de vm_flags=0x4a612e32 vm_state=0x5f8f8af3 vm_byte=0x3a target=0x716a80ab8556 target_off=0xb8556
[DISPATCH] site=0xcdac7 count=2416 slot=0x716a80ac3c60 slot_off=0xc3c60 idx=0x548 frame=0x716a80a7836d frame_off=0x7836d vm_ip=0x716a80d13c4c vm_ip_off=0x313c4c vm_flags=0x8f70318b vm_state=0xfbfb8b3c vm_byte=0x3a target=0x716a80a9af18 target_off=0x9af18
[DISPATCH] site=0xcdac7 count=2417 slot=0x716a80ac3c60 slot_off=0xc3c60 idx=0x548 frame=0x716a80a7836d frame_off=0x7836d vm_ip=0x716a80d13e8f vm_ip_off=0x313e8f vm_flags=0xfed1df96 vm_state=0x58a4dcd6 vm_byte=0x3a target=0x716a80a9af18 target_off=0x9af18
[DISPATCH] site=0xcdac7 count=2418 slot=0x716a80ac3c60 slot_off=0xc3c60 idx=0x548 frame=0x716a80a7836d frame_off=0x7836d vm_ip=0x716a80d14071 vm_ip_off=0x314071 vm_flags=0x4ac60206 vm_state=0x5ee7d2fb vm_byte=0x3a target=0x716a80a9af18 target_off=0x9af18
[DISPATCH] site=0xcdac7 count=2419 slot=0x716a80ac40c8 slot_off=0xc40c8 idx=0x9b0 frame=0x716a80a7836d frame_off=0x7836d vm_ip=0x716a80d142df vm_ip_off=0x3142df vm_flags=0x861eb185 vm_state=0xdf95e7f4 vm_byte=0x3a target=0x716a80ab8556 target_off=0xb8556
[DISPATCH] site=0xcdac7 count=2420 slot=0x716a80ac40c8 slot_off=0xc40c8 idx=0x9b0 frame=0x716a80a7836d frame_off=0x7836d vm_ip=0x716a80d14522 vm_ip_off=0x314522 vm_flags=0x34a042ea vm_state=0x3ce04eeb vm_byte=0x3a target=0x716a80ab8556 target_off=0xb8556
[DISPATCH] site=0xcdac7 count=2421 slot=0x716a80ac40c8 slot_off=0xc40c8 idx=0x9b0 frame=0x716a80a7836d frame_off=0x7836d vm_ip=0x716a80d14704 vm_ip_off=0x314704 vm_flags=0xfcdeff37 vm_state=0xfcd60600 vm_byte=0x3a target=0x716a80ab8556 target_off=0xb8556
[DISPATCH] site=0xcdac7 count=2422 slot=0x716a80ac3c60 slot_off=0xc3c60 idx=0x548 frame=0x716a80a7836d frame_off=0x7836d vm_ip=0x716a80d14972 vm_ip_off=0x314972 vm_flags=0xf8eeff37 vm_state=0xf8e60910 vm_byte=0x3a target=0x716a80a9af18 target_off=0x9af18
[DISPATCH] site=0xcdac7 count=2423 slot=0x716a80ac40c8 slot_off=0xc40c8 idx=0x9b0 frame=0x716a80a7836d frame_off=0x7836d vm_ip=0x716a80d14bb5 vm_ip_off=0x314bb5 vm_flags=0x62662dfb vm_state=0xbffcca14 vm_byte=0x3a target=0x716a80ab8556 target_off=0xb8556
[DISPATCH] site=0xcdac7 count=2424 slot=0x716a80ac3c60 slot_off=0xc3c60 idx=0x548 frame=0x716a80a7836d frame_off=0x7836d vm_ip=0x716a80d14d97 vm_ip_off=0x314d97 vm_flags=0xfadf7f2d vm_state=0xf21b0800 vm_byte=0x3a target=0x716a80a9af18 target_off=0x9af18
[DISPATCH] site=0xcdac7 count=2425 slot=0x716a80ac40c8 slot_off=0xc40c8 idx=0x9b0 frame=0x716a80a7836d frame_off=0x7836d vm_ip=0x716a80d15005 vm_ip_off=0x315005 vm_flags=0xe34473c6 vm_state=0xe74477c6 vm_byte=0x3a target=0x716a80ab8556 target_off=0xb8556
[DISPATCH] site=0xcdac7 count=2426 slot=0x716a80ac40c8 slot_off=0xc40c8 idx=0x9b0 frame=0x716a80a7836d frame_off=0x7836d vm_ip=0x716a80d1522f vm_ip_off=0x31522f vm_flags=0x69b0303a vm_state=0x69145e5a vm_byte=0x3a target=0x716a80ab8556 target_off=0xb8556
[DISPATCH] site=0xcdac7 count=2427 slot=0x716a80ac3c60 slot_off=0xc3c60 idx=0x548 frame=0x716a80a7836d frame_off=0x7836d vm_ip=0x716a80d15486 vm_ip_off=0x315486 vm_flags=0x841ab3c5 vm_state=0x841ab3c5 vm_byte=0x3a target=0x716a80a9af18 target_off=0x9af18
[DISPATCH] site=0xcdac7 count=2428 slot=0x716a80ac3c60 slot_off=0xc3c60 idx=0x548 frame=0x716a80a7836d frame_off=0x7836d vm_ip=0x716a80d156ca vm_ip_off=0x3156ca vm_flags=0xf613f930 vm_state=0x3ffce85e vm_byte=0x3a target=0x716a80a9af18 target_off=0x9af18
[DISPATCH] site=0xcdac7 count=2429 slot=0x716a80ac3c60 slot_off=0xc3c60 idx=0x548 frame=0x716a80a7836d frame_off=0x7836d vm_ip=0x716a80d15969 vm_ip_off=0x315969 vm_flags=0x2ab32381 vm_state=0x2af72783 vm_byte=0x3a target=0x716a80a9af18 target_off=0x9af18
[DISPATCH] site=0xcdac7 count=2430 slot=0x716a80ac3c60 slot_off=0xc3c60 idx=0x548 frame=0x716a80a7836d frame_off=0x7836d vm_ip=0x716a80d15bbf vm_ip_off=0x315bbf vm_flags=0x6e5d9892 vm_state=0x4000d60c vm_byte=0x3a target=0x716a80a9af18 target_off=0x9af18
[DISPATCH] site=0xcdac7 count=2431 slot=0x716a80ac40c8 slot_off=0xc40c8 idx=0x9b0 frame=0x716a80a7836d frame_off=0x7836d vm_ip=0x716a80d10ca5 vm_ip_off=0x310ca5 vm_flags=0x148226cc vm_state=0xffaffb65 vm_byte=0x3a target=0x716a80ab8556 target_off=0xb8556
[DISPATCH] site=0xcdac7 count=2432 slot=0x716a80ac40c8 slot_off=0xc40c8 idx=0x9b0 frame=0x716a80a7836d frame_off=0x7836d vm_ip=0x716a80d10ef0 vm_ip_off=0x310ef0 vm_flags=0x14100010 vm_state=0x3f0612b2 vm_byte=0x3a target=0x716a80ab8556 target_off=0xb8556
[DISPATCH] site=0xcdac7 count=2433 slot=0x716a80ac3c60 slot_off=0xc3c60 idx=0x548 frame=0x716a80a7836d frame_off=0x7836d vm_ip=0x716a80d11163 vm_ip_off=0x311163 vm_flags=0xc83095f0 vm_state=0x400110fe vm_byte=0x3a target=0x716a80a9af18 target_off=0x9af18
[DISPATCH] site=0xcdac7 count=2434 slot=0x716a80ac3c60 slot_off=0xc3c60 idx=0x548 frame=0x716a80a7836d frame_off=0x7836d vm_ip=0x716a80d113a5 vm_ip_off=0x3113a5 vm_flags=0x7adeff2e vm_state=0x78de0800 vm_byte=0x3a target=0x716a80a9af18 target_off=0x9af18
[DISPATCH] site=0xcdac7 count=2435 slot=0x716a80ac40c8 slot_off=0xc40c8 idx=0x9b0 frame=0x716a80a7836d frame_off=0x7836d vm_ip=0x716a80d115e7 vm_ip_off=0x3115e7 vm_flags=0x2948 vm_state=0x2948 vm_byte=0x3a target=0x716a80ab8556 target_off=0xb8556
[DISPATCH] site=0xcdac7 count=2436 slot=0x716a80ac3c60 slot_off=0xc3c60 idx=0x548 frame=0x716a80a7836d frame_off=0x7836d vm_ip=0x716a80d11829 vm_ip_off=0x311829 vm_flags=0x3acddfde vm_state=0x585c5c02 vm_byte=0x3a target=0x716a80a9af18 target_off=0x9af18
[DISPATCH] site=0xcdac7 count=2437 slot=0x716a80ac3c60 slot_off=0xc3c60 idx=0x548 frame=0x716a80a7836d frame_off=0x7836d vm_ip=0x716a80d11a6b vm_ip_off=0x311a6b vm_flags=0xef1b287 vm_state=0x69145f5a vm_byte=0x3a target=0x716a80a9af18 target_off=0x9af18
[DISPATCH] site=0xcdac7 count=2438 slot=0x716a80ac40c8 slot_off=0xc40c8 idx=0x9b0 frame=0x716a80a7836d frame_off=0x7836d vm_ip=0x716a80d11cad vm_ip_off=0x311cad vm_flags=0x524c03c5 vm_state=0x7df7dfda vm_byte=0x3a target=0x716a80ab8556 target_off=0xb8556
[DISPATCH] site=0xcdac7 count=2439 slot=0x716a80ac40c8 slot_off=0xc40c8 idx=0x9b0 frame=0x716a80a7836d frame_off=0x7836d vm_ip=0x716a80d11f69 vm_ip_off=0x311f69 vm_flags=0x8e78f1da vm_state=0xeb377ffe vm_byte=0x3a target=0x716a80ab8556 target_off=0xb8556
[DISPATCH] site=0xcdac7 count=2440 slot=0x716a80ac40c8 slot_off=0xc40c8 idx=0x9b0 frame=0x716a80a7836d frame_off=0x7836d vm_ip=0x716a80d1223a vm_ip_off=0x31223a vm_flags=0x8e4e0de5 vm_state=0x7bd7fefb vm_byte=0x3a target=0x716a80ab8556 target_off=0xb8556
[DISPATCH] site=0xcdac7 count=2441 slot=0x716a80ac3c60 slot_off=0xc3c60 idx=0x548 frame=0x716a80a7836d frame_off=0x7836d vm_ip=0x716a80d12464 vm_ip_off=0x312464 vm_flags=0x347541db vm_state=0x69945ffa vm_byte=0x3a target=0x716a80a9af18 target_off=0x9af18
[DISPATCH] site=0xcdac7 count=2442 slot=0x716a80ac40c8 slot_off=0xc40c8 idx=0x9b0 frame=0x716a80a7836d frame_off=0x7836d vm_ip=0x716a80d1268e vm_ip_off=0x31268e vm_flags=0x5675bb90 vm_state=0xffc76ef9 vm_byte=0x3a target=0x716a80ab8556 target_off=0xb8556
[DISPATCH] site=0xcdac7 count=2443 slot=0x716a80ac3c60 slot_off=0xc3c60 idx=0x548 frame=0x716a80a7836d frame_off=0x7836d vm_ip=0x716a80d12868 vm_ip_off=0x312868 vm_flags=0x221c12 vm_state=0x3f06a742 vm_byte=0x3a target=0x716a80a9af18 target_off=0x9af18
[DISPATCH] site=0xcdac7 count=2444 slot=0x716a80ac3c60 slot_off=0xc3c60 idx=0x548 frame=0x716a80a7836d frame_off=0x7836d vm_ip=0x716a80d12aee vm_ip_off=0x312aee vm_flags=0x8e3c0ca2 vm_state=0x6f95fefa vm_byte=0x3a target=0x716a80a9af18 target_off=0x9af18
[DISPATCH] site=0xcdac7 count=2445 slot=0x716a80ac3c60 slot_off=0xc3c60 idx=0x548 frame=0x716a80a7836d frame_off=0x7836d vm_ip=0x716a80d12cd0 vm_ip_off=0x312cd0 vm_flags=0xfbf79ddb vm_state=0xf9f3eb74 vm_byte=0x3a target=0x716a80a9af18 target_off=0x9af18
[DISPATCH] site=0xcdac7 count=2446 slot=0x716a80ac40c8 slot_off=0xc40c8 idx=0x9b0 frame=0x716a80a7836d frame_off=0x7836d vm_ip=0x716a80d12f26 vm_ip_off=0x312f26 vm_flags=0x4b8eb2de vm_state=0x7b1c5e5e vm_byte=0x3a target=0x716a80ab8556 target_off=0xb8556
[DISPATCH] site=0xcdac7 count=2447 slot=0x716a80ac40c8 slot_off=0xc40c8 idx=0x9b0 frame=0x716a80a7836d frame_off=0x7836d vm_ip=0x716a80d13169 vm_ip_off=0x313169 vm_flags=0x7afe7fef vm_state=0x727e02a8 vm_byte=0x3a target=0x716a80ab8556 target_off=0xb8556
[DISPATCH] site=0xcdac7 count=2448 slot=0x716a80ac3c60 slot_off=0xc3c60 idx=0x548 frame=0x716a80a7836d frame_off=0x7836d vm_ip=0x716a80d1334b vm_ip_off=0x31334b vm_flags=0xce4d8465 vm_state=0x7f3e7f7b vm_byte=0x3a target=0x716a80a9af18 target_off=0x9af18
[DISPATCH] site=0xcdac7 count=2449 slot=0x716a80ac3c60 slot_off=0xc3c60 idx=0x548 frame=0x716a80a7836d frame_off=0x7836d vm_ip=0x716a80d135b9 vm_ip_off=0x3135b9 vm_flags=0xc917a90d vm_state=0xc917a90d vm_byte=0x3a target=0x716a80a9af18 target_off=0x9af18
[DISPATCH] site=0xcdac7 count=2450 slot=0x716a80ac40c8 slot_off=0xc40c8 idx=0x9b0 frame=0x716a80a7836d frame_off=0x7836d vm_ip=0x716a80d137fc vm_ip_off=0x3137fc vm_flags=0x8df97560 vm_state=0x694cb90f vm_byte=0x3a target=0x716a80ab8556 target_off=0xb8556
[DISPATCH] site=0xcdac7 count=2451 slot=0x716a80ac40c8 slot_off=0xc40c8 idx=0x9b0 frame=0x716a80a7836d frame_off=0x7836d vm_ip=0x716a80d139de vm_ip_off=0x3139de vm_flags=0x4a612e32 vm_state=0x5f8f8af3 vm_byte=0x3a target=0x716a80ab8556 target_off=0xb8556
[DISPATCH] site=0xcdac7 count=2452 slot=0x716a80ac3c60 slot_off=0xc3c60 idx=0x548 frame=0x716a80a7836d frame_off=0x7836d vm_ip=0x716a80d13c4c vm_ip_off=0x313c4c vm_flags=0x8f70318b vm_state=0xfbfb8b3c vm_byte=0x3a target=0x716a80a9af18 target_off=0x9af18
[DISPATCH] site=0xcdac7 count=2453 slot=0x716a80ac3c60 slot_off=0xc3c60 idx=0x548 frame=0x716a80a7836d frame_off=0x7836d vm_ip=0x716a80d13e8f vm_ip_off=0x313e8f vm_flags=0xfed1df96 vm_state=0x58a4dcd6 vm_byte=0x3a target=0x716a80a9af18 target_off=0x9af18
[DISPATCH] site=0xcdac7 count=2454 slot=0x716a80ac3c60 slot_off=0xc3c60 idx=0x548 frame=0x716a80a7836d frame_off=0x7836d vm_ip=0x716a80d14071 vm_ip_off=0x314071 vm_flags=0x4ac60206 vm_state=0x5ee7d2fb vm_byte=0x3a target=0x716a80a9af18 target_off=0x9af18
[DISPATCH] site=0xcdac7 count=2455 slot=0x716a80ac40c8 slot_off=0xc40c8 idx=0x9b0 frame=0x716a80a7836d frame_off=0x7836d vm_ip=0x716a80d142df vm_ip_off=0x3142df vm_flags=0x861eb185 vm_state=0xdf95e7f4 vm_byte=0x3a target=0x716a80ab8556 target_off=0xb8556
[DISPATCH] site=0xcdac7 count=2456 slot=0x716a80ac40c8 slot_off=0xc40c8 idx=0x9b0 frame=0x716a80a7836d frame_off=0x7836d vm_ip=0x716a80d14522 vm_ip_off=0x314522 vm_flags=0x34a042ea vm_state=0x3ce04eeb vm_byte=0x3a target=0x716a80ab8556 target_off=0xb8556
[DISPATCH] site=0xcdac7 count=2457 slot=0x716a80ac40c8 slot_off=0xc40c8 idx=0x9b0 frame=0x716a80a7836d frame_off=0x7836d vm_ip=0x716a80d14704 vm_ip_off=0x314704 vm_flags=0xfcdeff37 vm_state=0xfcd60600 vm_byte=0x3a target=0x716a80ab8556 target_off=0xb8556
[DISPATCH] site=0xcdac7 count=2458 slot=0x716a80ac3c60 slot_off=0xc3c60 idx=0x548 frame=0x716a80a7836d frame_off=0x7836d vm_ip=0x716a80d14972 vm_ip_off=0x314972 vm_flags=0xf8eeff37 vm_state=0xf8e60910 vm_byte=0x3a target=0x716a80a9af18 target_off=0x9af18
[DISPATCH] site=0xcdac7 count=2459 slot=0x716a80ac40c8 slot_off=0xc40c8 idx=0x9b0 frame=0x716a80a7836d frame_off=0x7836d vm_ip=0x716a80d14bb5 vm_ip_off=0x314bb5 vm_flags=0x62662dfb vm_state=0xbffcca14 vm_byte=0x3a target=0x716a80ab8556 target_off=0xb8556
[DISPATCH] site=0xcdac7 count=2460 slot=0x716a80ac3c60 slot_off=0xc3c60 idx=0x548 frame=0x716a80a7836d frame_off=0x7836d vm_ip=0x716a80d14d97 vm_ip_off=0x314d97 vm_flags=0xfadf7f2d vm_state=0xf21b0800 vm_byte=0x3a target=0x716a80a9af18 target_off=0x9af18
[DISPATCH] site=0xcdac7 count=2461 slot=0x716a80ac40c8 slot_off=0xc40c8 idx=0x9b0 frame=0x716a80a7836d frame_off=0x7836d vm_ip=0x716a80d15005 vm_ip_off=0x315005 vm_flags=0xe34473c6 vm_state=0xe74477c6 vm_byte=0x3a target=0x716a80ab8556 target_off=0xb8556
[DISPATCH] site=0xcdac7 count=2462 slot=0x716a80ac40c8 slot_off=0xc40c8 idx=0x9b0 frame=0x716a80a7836d frame_off=0x7836d vm_ip=0x716a80d1522f vm_ip_off=0x31522f vm_flags=0x69b0303a vm_state=0x69145e5a vm_byte=0x3a target=0x716a80ab8556 target_off=0xb8556
[DISPATCH] site=0xcdac7 count=2463 slot=0x716a80ac3c60 slot_off=0xc3c60 idx=0x548 frame=0x716a80a7836d frame_off=0x7836d vm_ip=0x716a80d15486 vm_ip_off=0x315486 vm_flags=0x841ab3c5 vm_state=0x841ab3c5 vm_byte=0x3a target=0x716a80a9af18 target_off=0x9af18
[DISPATCH] site=0xcdac7 count=2464 slot=0x716a80ac3c60 slot_off=0xc3c60 idx=0x548 frame=0x716a80a7836d frame_off=0x7836d vm_ip=0x716a80d156ca vm_ip_off=0x3156ca vm_flags=0xf613f930 vm_state=0x3ffce85e vm_byte=0x3a target=0x716a80a9af18 target_off=0x9af18
[DISPATCH] site=0xcdac7 count=2465 slot=0x716a80ac3c60 slot_off=0xc3c60 idx=0x548 frame=0x716a80a7836d frame_off=0x7836d vm_ip=0x716a80d15969 vm_ip_off=0x315969 vm_flags=0x2ab32381 vm_state=0x2af72783 vm_byte=0x3a target=0x716a80a9af18 target_off=0x9af18
[DISPATCH] site=0xcdac7 count=2466 slot=0x716a80ac3c60 slot_off=0xc3c60 idx=0x548 frame=0x716a80a7836d frame_off=0x7836d vm_ip=0x716a80d15bbf vm_ip_off=0x315bbf vm_flags=0x6e5d9892 vm_state=0x4000d60c vm_byte=0x3a target=0x716a80a9af18 target_off=0x9af18
[DISPATCH] site=0xcdac7 count=2467 slot=0x716a80ac40c8 slot_off=0xc40c8 idx=0x9b0 frame=0x716a80a7836d frame_off=0x7836d vm_ip=0x716a80d10ca5 vm_ip_off=0x310ca5 vm_flags=0x148226cc vm_state=0xffaffb65 vm_byte=0x3a target=0x716a80ab8556 target_off=0xb8556
[DISPATCH] site=0xcdac7 count=2468 slot=0x716a80ac40c8 slot_off=0xc40c8 idx=0x9b0 frame=0x716a80a7836d frame_off=0x7836d vm_ip=0x716a80d10ef0 vm_ip_off=0x310ef0 vm_flags=0x14100010 vm_state=0x3f0612b2 vm_byte=0x3a target=0x716a80ab8556 target_off=0xb8556
[DISPATCH] site=0xcdac7 count=2469 slot=0x716a80ac3c60 slot_off=0xc3c60 idx=0x548 frame=0x716a80a7836d frame_off=0x7836d vm_ip=0x716a80d11163 vm_ip_off=0x311163 vm_flags=0xc83095f0 vm_state=0x400110fe vm_byte=0x3a target=0x716a80a9af18 target_off=0x9af18
[DISPATCH] site=0xcdac7 count=2470 slot=0x716a80ac3c60 slot_off=0xc3c60 idx=0x548 frame=0x716a80a7836d frame_off=0x7836d vm_ip=0x716a80d113a5 vm_ip_off=0x3113a5 vm_flags=0x7adeff2e vm_state=0x78de0800 vm_byte=0x3a target=0x716a80a9af18 target_off=0x9af18
[DISPATCH] site=0xcdac7 count=2471 slot=0x716a80ac40c8 slot_off=0xc40c8 idx=0x9b0 frame=0x716a80a7836d frame_off=0x7836d vm_ip=0x716a80d115e7 vm_ip_off=0x3115e7 vm_flags=0x2948 vm_state=0x2948 vm_byte=0x3a target=0x716a80ab8556 target_off=0xb8556
[DISPATCH] site=0xcdac7 count=2472 slot=0x716a80ac3c60 slot_off=0xc3c60 idx=0x548 frame=0x716a80a7836d frame_off=0x7836d vm_ip=0x716a80d11829 vm_ip_off=0x311829 vm_flags=0x3acddfde vm_state=0x585c5c02 vm_byte=0x3a target=0x716a80a9af18 target_off=0x9af18
[DISPATCH] site=0xcdac7 count=2473 slot=0x716a80ac3c60 slot_off=0xc3c60 idx=0x548 frame=0x716a80a7836d frame_off=0x7836d vm_ip=0x716a80d11a6b vm_ip_off=0x311a6b vm_flags=0xef1b287 vm_state=0x69145f5a vm_byte=0x3a target=0x716a80a9af18 target_off=0x9af18
[DISPATCH] site=0xcdac7 count=2474 slot=0x716a80ac40c8 slot_off=0xc40c8 idx=0x9b0 frame=0x716a80a7836d frame_off=0x7836d vm_ip=0x716a80d11cad vm_ip_off=0x311cad vm_flags=0x524c03c5 vm_state=0x7df7dfda vm_byte=0x3a target=0x716a80ab8556 target_off=0xb8556
[DISPATCH] site=0xcdac7 count=2475 slot=0x716a80ac40c8 slot_off=0xc40c8 idx=0x9b0 frame=0x716a80a7836d frame_off=0x7836d vm_ip=0x716a80d11f69 vm_ip_off=0x311f69 vm_flags=0x8e78f1da vm_state=0xeb377ffe vm_byte=0x3a target=0x716a80ab8556 target_off=0xb8556
[DISPATCH] site=0xcdac7 count=2476 slot=0x716a80ac40c8 slot_off=0xc40c8 idx=0x9b0 frame=0x716a80a7836d frame_off=0x7836d vm_ip=0x716a80d1223a vm_ip_off=0x31223a vm_flags=0x8e4e0de5 vm_state=0x7bd7fefb vm_byte=0x3a target=0x716a80ab8556 target_off=0xb8556
[DISPATCH] site=0xcdac7 count=2477 slot=0x716a80ac3c60 slot_off=0xc3c60 idx=0x548 frame=0x716a80a7836d frame_off=0x7836d vm_ip=0x716a80d12464 vm_ip_off=0x312464 vm_flags=0x347541db vm_state=0x69945ffa vm_byte=0x3a target=0x716a80a9af18 target_off=0x9af18
[DISPATCH] site=0xcdac7 count=2478 slot=0x716a80ac40c8 slot_off=0xc40c8 idx=0x9b0 frame=0x716a80a7836d frame_off=0x7836d vm_ip=0x716a80d1268e vm_ip_off=0x31268e vm_flags=0x5675bb90 vm_state=0xffc76ef9 vm_byte=0x3a target=0x716a80ab8556 target_off=0xb8556
[DISPATCH] site=0xcdac7 count=2479 slot=0x716a80ac3c60 slot_off=0xc3c60 idx=0x548 frame=0x716a80a7836d frame_off=0x7836d vm_ip=0x716a80d12868 vm_ip_off=0x312868 vm_flags=0x221c12 vm_state=0x3f06a742 vm_byte=0x3a target=0x716a80a9af18 target_off=0x9af18
[DISPATCH] site=0xcdac7 count=2480 slot=0x716a80ac3c60 slot_off=0xc3c60 idx=0x548 frame=0x716a80a7836d frame_off=0x7836d vm_ip=0x716a80d12aee vm_ip_off=0x312aee vm_flags=0x8e3c0ca2 vm_state=0x6f95fefa vm_byte=0x3a target=0x716a80a9af18 target_off=0x9af18
[DISPATCH] site=0xcdac7 count=2481 slot=0x716a80ac3c60 slot_off=0xc3c60 idx=0x548 frame=0x716a80a7836d frame_off=0x7836d vm_ip=0x716a80d12cd0 vm_ip_off=0x312cd0 vm_flags=0xfbf79ddb vm_state=0xf9f3eb74 vm_byte=0x3a target=0x716a80a9af18 target_off=0x9af18
[DISPATCH] site=0xcdac7 count=2482 slot=0x716a80ac40c8 slot_off=0xc40c8 idx=0x9b0 frame=0x716a80a7836d frame_off=0x7836d vm_ip=0x716a80d12f26 vm_ip_off=0x312f26 vm_flags=0x4b8eb2de vm_state=0x7b1c5e5e vm_byte=0x3a target=0x716a80ab8556 target_off=0xb8556
[DISPATCH] site=0xcdac7 count=2483 slot=0x716a80ac40c8 slot_off=0xc40c8 idx=0x9b0 frame=0x716a80a7836d frame_off=0x7836d vm_ip=0x716a80d13169 vm_ip_off=0x313169 vm_flags=0x7afe7fef vm_state=0x727e02a8 vm_byte=0x3a target=0x716a80ab8556 target_off=0xb8556
[DISPATCH] site=0xcdac7 count=2484 slot=0x716a80ac3c60 slot_off=0xc3c60 idx=0x548 frame=0x716a80a7836d frame_off=0x7836d vm_ip=0x716a80d1334b vm_ip_off=0x31334b vm_flags=0xce4d8465 vm_state=0x7f3e7f7b vm_byte=0x3a target=0x716a80a9af18 target_off=0x9af18
[DISPATCH] site=0xcdac7 count=2485 slot=0x716a80ac3c60 slot_off=0xc3c60 idx=0x548 frame=0x716a80a7836d frame_off=0x7836d vm_ip=0x716a80d135b9 vm_ip_off=0x3135b9 vm_flags=0xc917a90d vm_state=0xc917a90d vm_byte=0x3a target=0x716a80a9af18 target_off=0x9af18
[DISPATCH] site=0xcdac7 count=2486 slot=0x716a80ac40c8 slot_off=0xc40c8 idx=0x9b0 frame=0x716a80a7836d frame_off=0x7836d vm_ip=0x716a80d137fc vm_ip_off=0x3137fc vm_flags=0x8df97560 vm_state=0x694cb90f vm_byte=0x3a target=0x716a80ab8556 target_off=0xb8556
[DISPATCH] site=0xcdac7 count=2487 slot=0x716a80ac40c8 slot_off=0xc40c8 idx=0x9b0 frame=0x716a80a7836d frame_off=0x7836d vm_ip=0x716a80d139de vm_ip_off=0x3139de vm_flags=0x4a612e32 vm_state=0x5f8f8af3 vm_byte=0x3a target=0x716a80ab8556 target_off=0xb8556
[DISPATCH] site=0xcdac7 count=2488 slot=0x716a80ac3c60 slot_off=0xc3c60 idx=0x548 frame=0x716a80a7836d frame_off=0x7836d vm_ip=0x716a80d13c4c vm_ip_off=0x313c4c vm_flags=0x8f70318b vm_state=0xfbfb8b3c vm_byte=0x3a target=0x716a80a9af18 target_off=0x9af18
[DISPATCH] site=0xcdac7 count=2489 slot=0x716a80ac3c60 slot_off=0xc3c60 idx=0x548 frame=0x716a80a7836d frame_off=0x7836d vm_ip=0x716a80d13e8f vm_ip_off=0x313e8f vm_flags=0xfed1df96 vm_state=0x58a4dcd6 vm_byte=0x3a target=0x716a80a9af18 target_off=0x9af18
[DISPATCH] site=0xcdac7 count=2490 slot=0x716a80ac3c60 slot_off=0xc3c60 idx=0x548 frame=0x716a80a7836d frame_off=0x7836d vm_ip=0x716a80d14071 vm_ip_off=0x314071 vm_flags=0x4ac60206 vm_state=0x5ee7d2fb vm_byte=0x3a target=0x716a80a9af18 target_off=0x9af18
[DISPATCH] site=0xcdac7 count=2491 slot=0x716a80ac40c8 slot_off=0xc40c8 idx=0x9b0 frame=0x716a80a7836d frame_off=0x7836d vm_ip=0x716a80d142df vm_ip_off=0x3142df vm_flags=0x861eb185 vm_state=0xdf95e7f4 vm_byte=0x3a target=0x716a80ab8556 target_off=0xb8556
[DISPATCH] site=0xcdac7 count=2492 slot=0x716a80ac40c8 slot_off=0xc40c8 idx=0x9b0 frame=0x716a80a7836d frame_off=0x7836d vm_ip=0x716a80d14522 vm_ip_off=0x314522 vm_flags=0x34a042ea vm_state=0x3ce04eeb vm_byte=0x3a target=0x716a80ab8556 target_off=0xb8556
[DISPATCH] site=0xcdac7 count=2493 slot=0x716a80ac40c8 slot_off=0xc40c8 idx=0x9b0 frame=0x716a80a7836d frame_off=0x7836d vm_ip=0x716a80d14704 vm_ip_off=0x314704 vm_flags=0xfcdeff37 vm_state=0xfcd60600 vm_byte=0x3a target=0x716a80ab8556 target_off=0xb8556
[DISPATCH] site=0xcdac7 count=2494 slot=0x716a80ac3c60 slot_off=0xc3c60 idx=0x548 frame=0x716a80a7836d frame_off=0x7836d vm_ip=0x716a80d14972 vm_ip_off=0x314972 vm_flags=0xf8eeff37 vm_state=0xf8e60910 vm_byte=0x3a target=0x716a80a9af18 target_off=0x9af18
[DISPATCH] site=0xcdac7 count=2495 slot=0x716a80ac40c8 slot_off=0xc40c8 idx=0x9b0 frame=0x716a80a7836d frame_off=0x7836d vm_ip=0x716a80d14bb5 vm_ip_off=0x314bb5 vm_flags=0x62662dfb vm_state=0xbffcca14 vm_byte=0x3a target=0x716a80ab8556 target_off=0xb8556
[DISPATCH] site=0xcdac7 count=2496 slot=0x716a80ac3c60 slot_off=0xc3c60 idx=0x548 frame=0x716a80a7836d frame_off=0x7836d vm_ip=0x716a80d14d97 vm_ip_off=0x314d97 vm_flags=0xfadf7f2d vm_state=0xf21b0800 vm_byte=0x3a target=0x716a80a9af18 target_off=0x9af18
[DISPATCH] site=0xcdac7 count=2497 slot=0x716a80ac40c8 slot_off=0xc40c8 idx=0x9b0 frame=0x716a80a7836d frame_off=0x7836d vm_ip=0x716a80d15005 vm_ip_off=0x315005 vm_flags=0xe34473c6 vm_state=0xe74477c6 vm_byte=0x3a target=0x716a80ab8556 target_off=0xb8556
[DISPATCH] site=0xcdac7 count=2498 slot=0x716a80ac40c8 slot_off=0xc40c8 idx=0x9b0 frame=0x716a80a7836d frame_off=0x7836d vm_ip=0x716a80d1522f vm_ip_off=0x31522f vm_flags=0x69b0303a vm_state=0x69145e5a vm_byte=0x3a target=0x716a80ab8556 target_off=0xb8556
[DISPATCH] site=0xcdac7 count=2499 slot=0x716a80ac3c60 slot_off=0xc3c60 idx=0x548 frame=0x716a80a7836d frame_off=0x7836d vm_ip=0x716a80d15486 vm_ip_off=0x315486 vm_flags=0x841ab3c5 vm_state=0x841ab3c5 vm_byte=0x3a target=0x716a80a9af18 target_off=0x9af18
[DISPATCH] site=0xcdac7 count=2500 slot=0x716a80ac3c60 slot_off=0xc3c60 idx=0x548 frame=0x716a80a7836d frame_off=0x7836d vm_ip=0x716a80d156ca vm_ip_off=0x3156ca vm_flags=0xf613f930 vm_state=0x3ffce85e vm_byte=0x3a target=0x716a80a9af18 target_off=0x9af18
[DISPATCH] site=0xcdac7 count=2501 slot=0x716a80ac3c60 slot_off=0xc3c60 idx=0x548 frame=0x716a80a7836d frame_off=0x7836d vm_ip=0x716a80d15969 vm_ip_off=0x315969 vm_flags=0x2ab32381 vm_state=0x2af72783 vm_byte=0x3a target=0x716a80a9af18 target_off=0x9af18
[DISPATCH] site=0xcdac7 count=2502 slot=0x716a80ac3c60 slot_off=0xc3c60 idx=0x548 frame=0x716a80a7836d frame_off=0x7836d vm_ip=0x716a80d15bbf vm_ip_off=0x315bbf vm_flags=0x6e5d9892 vm_state=0x4000d60c vm_byte=0x3a target=0x716a80a9af18 target_off=0x9af18
[DISPATCH] site=0xcdac7 count=2503 slot=0x716a80ac40c8 slot_off=0xc40c8 idx=0x9b0 frame=0x716a80a7836d frame_off=0x7836d vm_ip=0x716a80d10ca5 vm_ip_off=0x310ca5 vm_flags=0x148226cc vm_state=0xffaffb65 vm_byte=0x3a target=0x716a80ab8556 target_off=0xb8556
[DISPATCH] site=0xcdac7 count=2504 slot=0x716a80ac40c8 slot_off=0xc40c8 idx=0x9b0 frame=0x716a80a7836d frame_off=0x7836d vm_ip=0x716a80d10ef0 vm_ip_off=0x310ef0 vm_flags=0x14100010 vm_state=0x3f0612b2 vm_byte=0x3a target=0x716a80ab8556 target_off=0xb8556
[DISPATCH] site=0xcdac7 count=2505 slot=0x716a80ac3c60 slot_off=0xc3c60 idx=0x548 frame=0x716a80a7836d frame_off=0x7836d vm_ip=0x716a80d11163 vm_ip_off=0x311163 vm_flags=0xc83095f0 vm_state=0x400110fe vm_byte=0x3a target=0x716a80a9af18 target_off=0x9af18
[DISPATCH] site=0xcdac7 count=2506 slot=0x716a80ac3c60 slot_off=0xc3c60 idx=0x548 frame=0x716a80a7836d frame_off=0x7836d vm_ip=0x716a80d113a5 vm_ip_off=0x3113a5 vm_flags=0x7adeff2e vm_state=0x78de0800 vm_byte=0x3a target=0x716a80a9af18 target_off=0x9af18
[DISPATCH] site=0xcdac7 count=2507 slot=0x716a80ac40c8 slot_off=0xc40c8 idx=0x9b0 frame=0x716a80a7836d frame_off=0x7836d vm_ip=0x716a80d115e7 vm_ip_off=0x3115e7 vm_flags=0x2948 vm_state=0x2948 vm_byte=0x3a target=0x716a80ab8556 target_off=0xb8556
[DISPATCH] site=0xcdac7 count=2508 slot=0x716a80ac3c60 slot_off=0xc3c60 idx=0x548 frame=0x716a80a7836d frame_off=0x7836d vm_ip=0x716a80d11829 vm_ip_off=0x311829 vm_flags=0x3acddfde vm_state=0x585c5c02 vm_byte=0x3a target=0x716a80a9af18 target_off=0x9af18
[DISPATCH] site=0xcdac7 count=2509 slot=0x716a80ac3c60 slot_off=0xc3c60 idx=0x548 frame=0x716a80a7836d frame_off=0x7836d vm_ip=0x716a80d11a6b vm_ip_off=0x311a6b vm_flags=0xef1b287 vm_state=0x69145f5a vm_byte=0x3a target=0x716a80a9af18 target_off=0x9af18
[DISPATCH] site=0xcdac7 count=2510 slot=0x716a80ac40c8 slot_off=0xc40c8 idx=0x9b0 frame=0x716a80a7836d frame_off=0x7836d vm_ip=0x716a80d11cad vm_ip_off=0x311cad vm_flags=0x524c03c5 vm_state=0x7df7dfda vm_byte=0x3a target=0x716a80ab8556 target_off=0xb8556
[DISPATCH] site=0xcdac7 count=2511 slot=0x716a80ac40c8 slot_off=0xc40c8 idx=0x9b0 frame=0x716a80a7836d frame_off=0x7836d vm_ip=0x716a80d11f69 vm_ip_off=0x311f69 vm_flags=0x8e78f1da vm_state=0xeb377ffe vm_byte=0x3a target=0x716a80ab8556 target_off=0xb8556
[DISPATCH] site=0xcdac7 count=2512 slot=0x716a80ac40c8 slot_off=0xc40c8 idx=0x9b0 frame=0x716a80a7836d frame_off=0x7836d vm_ip=0x716a80d1223a vm_ip_off=0x31223a vm_flags=0x8e4e0de5 vm_state=0x7bd7fefb vm_byte=0x3a target=0x716a80ab8556 target_off=0xb8556
[DISPATCH] site=0xcdac7 count=2513 slot=0x716a80ac3c60 slot_off=0xc3c60 idx=0x548 frame=0x716a80a7836d frame_off=0x7836d vm_ip=0x716a80d12464 vm_ip_off=0x312464 vm_flags=0x347541db vm_state=0x69945ffa vm_byte=0x3a target=0x716a80a9af18 target_off=0x9af18
[DISPATCH] site=0xcdac7 count=2514 slot=0x716a80ac40c8 slot_off=0xc40c8 idx=0x9b0 frame=0x716a80a7836d frame_off=0x7836d vm_ip=0x716a80d1268e vm_ip_off=0x31268e vm_flags=0x5675bb90 vm_state=0xffc76ef9 vm_byte=0x3a target=0x716a80ab8556 target_off=0xb8556
[DISPATCH] site=0xcdac7 count=2515 slot=0x716a80ac3c60 slot_off=0xc3c60 idx=0x548 frame=0x716a80a7836d frame_off=0x7836d vm_ip=0x716a80d12868 vm_ip_off=0x312868 vm_flags=0x221c12 vm_state=0x3f06a742 vm_byte=0x3a target=0x716a80a9af18 target_off=0x9af18
[DISPATCH] site=0xcdac7 count=2516 slot=0x716a80ac3c60 slot_off=0xc3c60 idx=0x548 frame=0x716a80a7836d frame_off=0x7836d vm_ip=0x716a80d12aee vm_ip_off=0x312aee vm_flags=0x8e3c0ca2 vm_state=0x6f95fefa vm_byte=0x3a target=0x716a80a9af18 target_off=0x9af18
[DISPATCH] site=0xcdac7 count=2517 slot=0x716a80ac3c60 slot_off=0xc3c60 idx=0x548 frame=0x716a80a7836d frame_off=0x7836d vm_ip=0x716a80d12cd0 vm_ip_off=0x312cd0 vm_flags=0xfbf79ddb vm_state=0xf9f3eb74 vm_byte=0x3a target=0x716a80a9af18 target_off=0x9af18
[DISPATCH] site=0xcdac7 count=2518 slot=0x716a80ac40c8 slot_off=0xc40c8 idx=0x9b0 frame=0x716a80a7836d frame_off=0x7836d vm_ip=0x716a80d12f26 vm_ip_off=0x312f26 vm_flags=0x4b8eb2de vm_state=0x7b1c5e5e vm_byte=0x3a target=0x716a80ab8556 target_off=0xb8556
[DISPATCH] site=0xcdac7 count=2519 slot=0x716a80ac40c8 slot_off=0xc40c8 idx=0x9b0 frame=0x716a80a7836d frame_off=0x7836d vm_ip=0x716a80d13169 vm_ip_off=0x313169 vm_flags=0x7afe7fef vm_state=0x727e02a8 vm_byte=0x3a target=0x716a80ab8556 target_off=0xb8556
[DISPATCH] site=0xcdac7 count=2520 slot=0x716a80ac3c60 slot_off=0xc3c60 idx=0x548 frame=0x716a80a7836d frame_off=0x7836d vm_ip=0x716a80d1334b vm_ip_off=0x31334b vm_flags=0xce4d8465 vm_state=0x7f3e7f7b vm_byte=0x3a target=0x716a80a9af18 target_off=0x9af18
[DISPATCH] site=0xcdac7 count=2521 slot=0x716a80ac3c60 slot_off=0xc3c60 idx=0x548 frame=0x716a80a7836d frame_off=0x7836d vm_ip=0x716a80d135b9 vm_ip_off=0x3135b9 vm_flags=0xc917a90d vm_state=0xc917a90d vm_byte=0x3a target=0x716a80a9af18 target_off=0x9af18
[DISPATCH] site=0xcdac7 count=2522 slot=0x716a80ac40c8 slot_off=0xc40c8 idx=0x9b0 frame=0x716a80a7836d frame_off=0x7836d vm_ip=0x716a80d137fc vm_ip_off=0x3137fc vm_flags=0x8df97560 vm_state=0x694cb90f vm_byte=0x3a target=0x716a80ab8556 target_off=0xb8556
[DISPATCH] site=0xcdac7 count=2523 slot=0x716a80ac40c8 slot_off=0xc40c8 idx=0x9b0 frame=0x716a80a7836d frame_off=0x7836d vm_ip=0x716a80d139de vm_ip_off=0x3139de vm_flags=0x4a612e32 vm_state=0x5f8f8af3 vm_byte=0x3a target=0x716a80ab8556 target_off=0xb8556
[DISPATCH] site=0xcdac7 count=2524 slot=0x716a80ac3c60 slot_off=0xc3c60 idx=0x548 frame=0x716a80a7836d frame_off=0x7836d vm_ip=0x716a80d13c4c vm_ip_off=0x313c4c vm_flags=0x8f70318b vm_state=0xfbfb8b3c vm_byte=0x3a target=0x716a80a9af18 target_off=0x9af18
[DISPATCH] site=0xcdac7 count=2525 slot=0x716a80ac3c60 slot_off=0xc3c60 idx=0x548 frame=0x716a80a7836d frame_off=0x7836d vm_ip=0x716a80d13e8f vm_ip_off=0x313e8f vm_flags=0xfed1df96 vm_state=0x58a4dcd6 vm_byte=0x3a target=0x716a80a9af18 target_off=0x9af18
[DISPATCH] site=0xcdac7 count=2526 slot=0x716a80ac3c60 slot_off=0xc3c60 idx=0x548 frame=0x716a80a7836d frame_off=0x7836d vm_ip=0x716a80d14071 vm_ip_off=0x314071 vm_flags=0x4ac60206 vm_state=0x5ee7d2fb vm_byte=0x3a target=0x716a80a9af18 target_off=0x9af18
[DISPATCH] site=0xcdac7 count=2527 slot=0x716a80ac40c8 slot_off=0xc40c8 idx=0x9b0 frame=0x716a80a7836d frame_off=0x7836d vm_ip=0x716a80d142df vm_ip_off=0x3142df vm_flags=0x861eb185 vm_state=0xdf95e7f4 vm_byte=0x3a target=0x716a80ab8556 target_off=0xb8556
[DISPATCH] site=0xcdac7 count=2528 slot=0x716a80ac40c8 slot_off=0xc40c8 idx=0x9b0 frame=0x716a80a7836d frame_off=0x7836d vm_ip=0x716a80d14522 vm_ip_off=0x314522 vm_flags=0x34a042ea vm_state=0x3ce04eeb vm_byte=0x3a target=0x716a80ab8556 target_off=0xb8556
[DISPATCH] site=0xcdac7 count=2529 slot=0x716a80ac40c8 slot_off=0xc40c8 idx=0x9b0 frame=0x716a80a7836d frame_off=0x7836d vm_ip=0x716a80d14704 vm_ip_off=0x314704 vm_flags=0xfcdeff37 vm_state=0xfcd60600 vm_byte=0x3a target=0x716a80ab8556 target_off=0xb8556
[DISPATCH] site=0xcdac7 count=2530 slot=0x716a80ac3c60 slot_off=0xc3c60 idx=0x548 frame=0x716a80a7836d frame_off=0x7836d vm_ip=0x716a80d14972 vm_ip_off=0x314972 vm_flags=0xf8eeff37 vm_state=0xf8e60910 vm_byte=0x3a target=0x716a80a9af18 target_off=0x9af18
[DISPATCH] site=0xcdac7 count=2531 slot=0x716a80ac40c8 slot_off=0xc40c8 idx=0x9b0 frame=0x716a80a7836d frame_off=0x7836d vm_ip=0x716a80d14bb5 vm_ip_off=0x314bb5 vm_flags=0x62662dfb vm_state=0xbffcca14 vm_byte=0x3a target=0x716a80ab8556 target_off=0xb8556
[DISPATCH] site=0xcdac7 count=2532 slot=0x716a80ac3c60 slot_off=0xc3c60 idx=0x548 frame=0x716a80a7836d frame_off=0x7836d vm_ip=0x716a80d14d97 vm_ip_off=0x314d97 vm_flags=0xfadf7f2d vm_state=0xf21b0800 vm_byte=0x3a target=0x716a80a9af18 target_off=0x9af18
[DISPATCH] site=0xcdac7 count=2533 slot=0x716a80ac40c8 slot_off=0xc40c8 idx=0x9b0 frame=0x716a80a7836d frame_off=0x7836d vm_ip=0x716a80d15005 vm_ip_off=0x315005 vm_flags=0xe34473c6 vm_state=0xe74477c6 vm_byte=0x3a target=0x716a80ab8556 target_off=0xb8556
[DISPATCH] site=0xcdac7 count=2534 slot=0x716a80ac40c8 slot_off=0xc40c8 idx=0x9b0 frame=0x716a80a7836d frame_off=0x7836d vm_ip=0x716a80d1522f vm_ip_off=0x31522f vm_flags=0x69b0303a vm_state=0x69145e5a vm_byte=0x3a target=0x716a80ab8556 target_off=0xb8556
[DISPATCH] site=0xcdac7 count=2535 slot=0x716a80ac3c60 slot_off=0xc3c60 idx=0x548 frame=0x716a80a7836d frame_off=0x7836d vm_ip=0x716a80d15486 vm_ip_off=0x315486 vm_flags=0x841ab3c5 vm_state=0x841ab3c5 vm_byte=0x3a target=0x716a80a9af18 target_off=0x9af18
[DISPATCH] site=0xcdac7 count=2536 slot=0x716a80ac3c60 slot_off=0xc3c60 idx=0x548 frame=0x716a80a7836d frame_off=0x7836d vm_ip=0x716a80d156ca vm_ip_off=0x3156ca vm_flags=0xf613f930 vm_state=0x3ffce85e vm_byte=0x3a target=0x716a80a9af18 target_off=0x9af18
[DISPATCH] site=0xcdac7 count=2537 slot=0x716a80ac3c60 slot_off=0xc3c60 idx=0x548 frame=0x716a80a7836d frame_off=0x7836d vm_ip=0x716a80d15969 vm_ip_off=0x315969 vm_flags=0x2ab32381 vm_state=0x2af72783 vm_byte=0x3a target=0x716a80a9af18 target_off=0x9af18
[DISPATCH] site=0xcdac7 count=2538 slot=0x716a80ac3c60 slot_off=0xc3c60 idx=0x548 frame=0x716a80a7836d frame_off=0x7836d vm_ip=0x716a80d15bbf vm_ip_off=0x315bbf vm_flags=0x6e5d9892 vm_state=0x4000d60c vm_byte=0x3a target=0x716a80a9af18 target_off=0x9af18
[DISPATCH] site=0xcdac7 count=2539 slot=0x716a80ac40c8 slot_off=0xc40c8 idx=0x9b0 frame=0x716a80a7836d frame_off=0x7836d vm_ip=0x716a80d10ca5 vm_ip_off=0x310ca5 vm_flags=0x148226cc vm_state=0xffaffb65 vm_byte=0x3a target=0x716a80ab8556 target_off=0xb8556
[DISPATCH] site=0xcdac7 count=2540 slot=0x716a80ac40c8 slot_off=0xc40c8 idx=0x9b0 frame=0x716a80a7836d frame_off=0x7836d vm_ip=0x716a80d10ef0 vm_ip_off=0x310ef0 vm_flags=0x14100010 vm_state=0x3f0612b2 vm_byte=0x3a target=0x716a80ab8556 target_off=0xb8556
[DISPATCH] site=0xcdac7 count=2541 slot=0x716a80ac3c60 slot_off=0xc3c60 idx=0x548 frame=0x716a80a7836d frame_off=0x7836d vm_ip=0x716a80d11163 vm_ip_off=0x311163 vm_flags=0xc83095f0 vm_state=0x400110fe vm_byte=0x3a target=0x716a80a9af18 target_off=0x9af18
[DISPATCH] site=0xcdac7 count=2542 slot=0x716a80ac3c60 slot_off=0xc3c60 idx=0x548 frame=0x716a80a7836d frame_off=0x7836d vm_ip=0x716a80d113a5 vm_ip_off=0x3113a5 vm_flags=0x7adeff2e vm_state=0x78de0800 vm_byte=0x3a target=0x716a80a9af18 target_off=0x9af18
[DISPATCH] site=0xcdac7 count=2543 slot=0x716a80ac40c8 slot_off=0xc40c8 idx=0x9b0 frame=0x716a80a7836d frame_off=0x7836d vm_ip=0x716a80d115e7 vm_ip_off=0x3115e7 vm_flags=0x2948 vm_state=0x2948 vm_byte=0x3a target=0x716a80ab8556 target_off=0xb8556
[DISPATCH] site=0xcdac7 count=2544 slot=0x716a80ac3c60 slot_off=0xc3c60 idx=0x548 frame=0x716a80a7836d frame_off=0x7836d vm_ip=0x716a80d11829 vm_ip_off=0x311829 vm_flags=0x3acddfde vm_state=0x585c5c02 vm_byte=0x3a target=0x716a80a9af18 target_off=0x9af18
[DISPATCH] site=0xcdac7 count=2545 slot=0x716a80ac3c60 slot_off=0xc3c60 idx=0x548 frame=0x716a80a7836d frame_off=0x7836d vm_ip=0x716a80d11a6b vm_ip_off=0x311a6b vm_flags=0xef1b287 vm_state=0x69145f5a vm_byte=0x3a target=0x716a80a9af18 target_off=0x9af18
[DISPATCH] site=0xcdac7 count=2546 slot=0x716a80ac40c8 slot_off=0xc40c8 idx=0x9b0 frame=0x716a80a7836d frame_off=0x7836d vm_ip=0x716a80d11cad vm_ip_off=0x311cad vm_flags=0x524c03c5 vm_state=0x7df7dfda vm_byte=0x3a target=0x716a80ab8556 target_off=0xb8556
[DISPATCH] site=0xcdac7 count=2547 slot=0x716a80ac40c8 slot_off=0xc40c8 idx=0x9b0 frame=0x716a80a7836d frame_off=0x7836d vm_ip=0x716a80d11f69 vm_ip_off=0x311f69 vm_flags=0x8e78f1da vm_state=0xeb377ffe vm_byte=0x3a target=0x716a80ab8556 target_off=0xb8556
[DISPATCH] site=0xcdac7 count=2548 slot=0x716a80ac40c8 slot_off=0xc40c8 idx=0x9b0 frame=0x716a80a7836d frame_off=0x7836d vm_ip=0x716a80d1223a vm_ip_off=0x31223a vm_flags=0x8e4e0de5 vm_state=0x7bd7fefb vm_byte=0x3a target=0x716a80ab8556 target_off=0xb8556
[DISPATCH] site=0xcdac7 count=2549 slot=0x716a80ac3c60 slot_off=0xc3c60 idx=0x548 frame=0x716a80a7836d frame_off=0x7836d vm_ip=0x716a80d12464 vm_ip_off=0x312464 vm_flags=0x347541db vm_state=0x69945ffa vm_byte=0x3a target=0x716a80a9af18 target_off=0x9af18
[DISPATCH] site=0xcdac7 count=2550 slot=0x716a80ac40c8 slot_off=0xc40c8 idx=0x9b0 frame=0x716a80a7836d frame_off=0x7836d vm_ip=0x716a80d1268e vm_ip_off=0x31268e vm_flags=0x5675bb90 vm_state=0xffc76ef9 vm_byte=0x3a target=0x716a80ab8556 target_off=0xb8556
[DISPATCH] site=0xcdac7 count=2551 slot=0x716a80ac3c60 slot_off=0xc3c60 idx=0x548 frame=0x716a80a7836d frame_off=0x7836d vm_ip=0x716a80d12868 vm_ip_off=0x312868 vm_flags=0x221c12 vm_state=0x3f06a742 vm_byte=0x3a target=0x716a80a9af18 target_off=0x9af18
[DISPATCH] site=0xcdac7 count=2552 slot=0x716a80ac3c60 slot_off=0xc3c60 idx=0x548 frame=0x716a80a7836d frame_off=0x7836d vm_ip=0x716a80d12aee vm_ip_off=0x312aee vm_flags=0x8e3c0ca2 vm_state=0x6f95fefa vm_byte=0x3a target=0x716a80a9af18 target_off=0x9af18
[DISPATCH] site=0xcdac7 count=2553 slot=0x716a80ac3c60 slot_off=0xc3c60 idx=0x548 frame=0x716a80a7836d frame_off=0x7836d vm_ip=0x716a80d12cd0 vm_ip_off=0x312cd0 vm_flags=0xfbf79ddb vm_state=0xf9f3eb74 vm_byte=0x3a target=0x716a80a9af18 target_off=0x9af18
[DISPATCH] site=0xcdac7 count=2554 slot=0x716a80ac40c8 slot_off=0xc40c8 idx=0x9b0 frame=0x716a80a7836d frame_off=0x7836d vm_ip=0x716a80d12f26 vm_ip_off=0x312f26 vm_flags=0x4b8eb2de vm_state=0x7b1c5e5e vm_byte=0x3a target=0x716a80ab8556 target_off=0xb8556
[DISPATCH] site=0xcdac7 count=2555 slot=0x716a80ac40c8 slot_off=0xc40c8 idx=0x9b0 frame=0x716a80a7836d frame_off=0x7836d vm_ip=0x716a80d13169 vm_ip_off=0x313169 vm_flags=0x7afe7fef vm_state=0x727e02a8 vm_byte=0x3a target=0x716a80ab8556 target_off=0xb8556
[DISPATCH] site=0xcdac7 count=2556 slot=0x716a80ac3c60 slot_off=0xc3c60 idx=0x548 frame=0x716a80a7836d frame_off=0x7836d vm_ip=0x716a80d1334b vm_ip_off=0x31334b vm_flags=0xce4d8465 vm_state=0x7f3e7f7b vm_byte=0x3a target=0x716a80a9af18 target_off=0x9af18
[DISPATCH] site=0xcdac7 count=2557 slot=0x716a80ac3c60 slot_off=0xc3c60 idx=0x548 frame=0x716a80a7836d frame_off=0x7836d vm_ip=0x716a80d135b9 vm_ip_off=0x3135b9 vm_flags=0xc917a90d vm_state=0xc917a90d vm_byte=0x3a target=0x716a80a9af18 target_off=0x9af18
[DISPATCH] site=0xcdac7 count=2558 slot=0x716a80ac40c8 slot_off=0xc40c8 idx=0x9b0 frame=0x716a80a7836d frame_off=0x7836d vm_ip=0x716a80d137fc vm_ip_off=0x3137fc vm_flags=0x8df97560 vm_state=0x694cb90f vm_byte=0x3a target=0x716a80ab8556 target_off=0xb8556
[DISPATCH] site=0xcdac7 count=2559 slot=0x716a80ac40c8 slot_off=0xc40c8 idx=0x9b0 frame=0x716a80a7836d frame_off=0x7836d vm_ip=0x716a80d139de vm_ip_off=0x3139de vm_flags=0x4a612e32 vm_state=0x5f8f8af3 vm_byte=0x3a target=0x716a80ab8556 target_off=0xb8556
[DISPATCH] site=0xcdac7 count=2560 slot=0x716a80ac3c60 slot_off=0xc3c60 idx=0x548 frame=0x716a80a7836d frame_off=0x7836d vm_ip=0x716a80d13c4c vm_ip_off=0x313c4c vm_flags=0x8f70318b vm_state=0xfbfb8b3c vm_byte=0x3a target=0x716a80a9af18 target_off=0x9af18
[DISPATCH] site=0xcdac7 count=2561 slot=0x716a80ac3c60 slot_off=0xc3c60 idx=0x548 frame=0x716a80a7836d frame_off=0x7836d vm_ip=0x716a80d13e8f vm_ip_off=0x313e8f vm_flags=0xfed1df96 vm_state=0x58a4dcd6 vm_byte=0x3a target=0x716a80a9af18 target_off=0x9af18
[DISPATCH] site=0xcdac7 count=2562 slot=0x716a80ac3c60 slot_off=0xc3c60 idx=0x548 frame=0x716a80a7836d frame_off=0x7836d vm_ip=0x716a80d14071 vm_ip_off=0x314071 vm_flags=0x4ac60206 vm_state=0x5ee7d2fb vm_byte=0x3a target=0x716a80a9af18 target_off=0x9af18
[DISPATCH] site=0xcdac7 count=2563 slot=0x716a80ac40c8 slot_off=0xc40c8 idx=0x9b0 frame=0x716a80a7836d frame_off=0x7836d vm_ip=0x716a80d142df vm_ip_off=0x3142df vm_flags=0x861eb185 vm_state=0xdf95e7f4 vm_byte=0x3a target=0x716a80ab8556 target_off=0xb8556
[DISPATCH] site=0xcdac7 count=2564 slot=0x716a80ac40c8 slot_off=0xc40c8 idx=0x9b0 frame=0x716a80a7836d frame_off=0x7836d vm_ip=0x716a80d14522 vm_ip_off=0x314522 vm_flags=0x34a042ea vm_state=0x3ce04eeb vm_byte=0x3a target=0x716a80ab8556 target_off=0xb8556
[DISPATCH] site=0xcdac7 count=2565 slot=0x716a80ac40c8 slot_off=0xc40c8 idx=0x9b0 frame=0x716a80a7836d frame_off=0x7836d vm_ip=0x716a80d14704 vm_ip_off=0x314704 vm_flags=0xfcdeff37 vm_state=0xfcd60600 vm_byte=0x3a target=0x716a80ab8556 target_off=0xb8556
[DISPATCH] site=0xcdac7 count=2566 slot=0x716a80ac3c60 slot_off=0xc3c60 idx=0x548 frame=0x716a80a7836d frame_off=0x7836d vm_ip=0x716a80d14972 vm_ip_off=0x314972 vm_flags=0xf8eeff37 vm_state=0xf8e60910 vm_byte=0x3a target=0x716a80a9af18 target_off=0x9af18
[DISPATCH] site=0xcdac7 count=2567 slot=0x716a80ac40c8 slot_off=0xc40c8 idx=0x9b0 frame=0x716a80a7836d frame_off=0x7836d vm_ip=0x716a80d14bb5 vm_ip_off=0x314bb5 vm_flags=0x62662dfb vm_state=0xbffcca14 vm_byte=0x3a target=0x716a80ab8556 target_off=0xb8556
[DISPATCH] site=0xcdac7 count=2568 slot=0x716a80ac3c60 slot_off=0xc3c60 idx=0x548 frame=0x716a80a7836d frame_off=0x7836d vm_ip=0x716a80d14d97 vm_ip_off=0x314d97 vm_flags=0xfadf7f2d vm_state=0xf21b0800 vm_byte=0x3a target=0x716a80a9af18 target_off=0x9af18
[DISPATCH] site=0xcdac7 count=2569 slot=0x716a80ac40c8 slot_off=0xc40c8 idx=0x9b0 frame=0x716a80a7836d frame_off=0x7836d vm_ip=0x716a80d15005 vm_ip_off=0x315005 vm_flags=0xe34473c6 vm_state=0xe74477c6 vm_byte=0x3a target=0x716a80ab8556 target_off=0xb8556
[DISPATCH] site=0xcdac7 count=2570 slot=0x716a80ac40c8 slot_off=0xc40c8 idx=0x9b0 frame=0x716a80a7836d frame_off=0x7836d vm_ip=0x716a80d1522f vm_ip_off=0x31522f vm_flags=0x69b0303a vm_state=0x69145e5a vm_byte=0x3a target=0x716a80ab8556 target_off=0xb8556
[DISPATCH] site=0xcdac7 count=2571 slot=0x716a80ac3c60 slot_off=0xc3c60 idx=0x548 frame=0x716a80a7836d frame_off=0x7836d vm_ip=0x716a80d15486 vm_ip_off=0x315486 vm_flags=0x841ab3c5 vm_state=0x841ab3c5 vm_byte=0x3a target=0x716a80a9af18 target_off=0x9af18
[DISPATCH] site=0xcdac7 count=2572 slot=0x716a80ac3c60 slot_off=0xc3c60 idx=0x548 frame=0x716a80a7836d frame_off=0x7836d vm_ip=0x716a80d156ca vm_ip_off=0x3156ca vm_flags=0xf613f930 vm_state=0x3ffce85e vm_byte=0x3a target=0x716a80a9af18 target_off=0x9af18
[DISPATCH] site=0xcdac7 count=2573 slot=0x716a80ac3c60 slot_off=0xc3c60 idx=0x548 frame=0x716a80a7836d frame_off=0x7836d vm_ip=0x716a80d15969 vm_ip_off=0x315969 vm_flags=0x2ab32381 vm_state=0x2af72783 vm_byte=0x3a target=0x716a80a9af18 target_off=0x9af18
[DISPATCH] site=0xcdac7 count=2574 slot=0x716a80ac3c60 slot_off=0xc3c60 idx=0x548 frame=0x716a80a7836d frame_off=0x7836d vm_ip=0x716a80d15bbf vm_ip_off=0x315bbf vm_flags=0x6e5d9892 vm_state=0x4000d60c vm_byte=0x3a target=0x716a80a9af18 target_off=0x9af18
[DISPATCH] site=0xcdac7 count=2575 slot=0x716a80ac40c8 slot_off=0xc40c8 idx=0x9b0 frame=0x716a80a7836d frame_off=0x7836d vm_ip=0x716a80d10ca5 vm_ip_off=0x310ca5 vm_flags=0x148226cc vm_state=0xffaffb65 vm_byte=0x3a target=0x716a80ab8556 target_off=0xb8556
[DISPATCH] site=0xcdac7 count=2576 slot=0x716a80ac40c8 slot_off=0xc40c8 idx=0x9b0 frame=0x716a80a7836d frame_off=0x7836d vm_ip=0x716a80d10ef0 vm_ip_off=0x310ef0 vm_flags=0x14100010 vm_state=0x3f0612b2 vm_byte=0x3a target=0x716a80ab8556 target_off=0xb8556
[DISPATCH] site=0xcdac7 count=2577 slot=0x716a80ac3c60 slot_off=0xc3c60 idx=0x548 frame=0x716a80a7836d frame_off=0x7836d vm_ip=0x716a80d11163 vm_ip_off=0x311163 vm_flags=0xc83095f0 vm_state=0x400110fe vm_byte=0x3a target=0x716a80a9af18 target_off=0x9af18
[DISPATCH] site=0xcdac7 count=2578 slot=0x716a80ac3c60 slot_off=0xc3c60 idx=0x548 frame=0x716a80a7836d frame_off=0x7836d vm_ip=0x716a80d113a5 vm_ip_off=0x3113a5 vm_flags=0x7adeff2e vm_state=0x78de0800 vm_byte=0x3a target=0x716a80a9af18 target_off=0x9af18
[DISPATCH] site=0xcdac7 count=2579 slot=0x716a80ac40c8 slot_off=0xc40c8 idx=0x9b0 frame=0x716a80a7836d frame_off=0x7836d vm_ip=0x716a80d115e7 vm_ip_off=0x3115e7 vm_flags=0x2948 vm_state=0x2948 vm_byte=0x3a target=0x716a80ab8556 target_off=0xb8556
[DISPATCH] site=0xcdac7 count=2580 slot=0x716a80ac3c60 slot_off=0xc3c60 idx=0x548 frame=0x716a80a7836d frame_off=0x7836d vm_ip=0x716a80d11829 vm_ip_off=0x311829 vm_flags=0x3acddfde vm_state=0x585c5c02 vm_byte=0x3a target=0x716a80a9af18 target_off=0x9af18
[DISPATCH] site=0xcdac7 count=2581 slot=0x716a80ac3c60 slot_off=0xc3c60 idx=0x548 frame=0x716a80a7836d frame_off=0x7836d vm_ip=0x716a80d11a6b vm_ip_off=0x311a6b vm_flags=0xef1b287 vm_state=0x69145f5a vm_byte=0x3a target=0x716a80a9af18 target_off=0x9af18
[DISPATCH] site=0xcdac7 count=2582 slot=0x716a80ac40c8 slot_off=0xc40c8 idx=0x9b0 frame=0x716a80a7836d frame_off=0x7836d vm_ip=0x716a80d11cad vm_ip_off=0x311cad vm_flags=0x524c03c5 vm_state=0x7df7dfda vm_byte=0x3a target=0x716a80ab8556 target_off=0xb8556
[DISPATCH] site=0xcdac7 count=2583 slot=0x716a80ac40c8 slot_off=0xc40c8 idx=0x9b0 frame=0x716a80a7836d frame_off=0x7836d vm_ip=0x716a80d11f69 vm_ip_off=0x311f69 vm_flags=0x8e78f1da vm_state=0xeb377ffe vm_byte=0x3a target=0x716a80ab8556 target_off=0xb8556
[DISPATCH] site=0xcdac7 count=2584 slot=0x716a80ac40c8 slot_off=0xc40c8 idx=0x9b0 frame=0x716a80a7836d frame_off=0x7836d vm_ip=0x716a80d1223a vm_ip_off=0x31223a vm_flags=0x8e4e0de5 vm_state=0x7bd7fefb vm_byte=0x3a target=0x716a80ab8556 target_off=0xb8556
[DISPATCH] site=0xcdac7 count=2585 slot=0x716a80ac3c60 slot_off=0xc3c60 idx=0x548 frame=0x716a80a7836d frame_off=0x7836d vm_ip=0x716a80d12464 vm_ip_off=0x312464 vm_flags=0x347541db vm_state=0x69945ffa vm_byte=0x3a target=0x716a80a9af18 target_off=0x9af18
[DISPATCH] site=0xcdac7 count=2586 slot=0x716a80ac40c8 slot_off=0xc40c8 idx=0x9b0 frame=0x716a80a7836d frame_off=0x7836d vm_ip=0x716a80d1268e vm_ip_off=0x31268e vm_flags=0x5675bb90 vm_state=0xffc76ef9 vm_byte=0x3a target=0x716a80ab8556 target_off=0xb8556
[DISPATCH] site=0xcdac7 count=2587 slot=0x716a80ac3c60 slot_off=0xc3c60 idx=0x548 frame=0x716a80a7836d frame_off=0x7836d vm_ip=0x716a80d12868 vm_ip_off=0x312868 vm_flags=0x221c12 vm_state=0x3f06a742 vm_byte=0x3a target=0x716a80a9af18 target_off=0x9af18
[DISPATCH] site=0xcdac7 count=2588 slot=0x716a80ac3c60 slot_off=0xc3c60 idx=0x548 frame=0x716a80a7836d frame_off=0x7836d vm_ip=0x716a80d12aee vm_ip_off=0x312aee vm_flags=0x8e3c0ca2 vm_state=0x6f95fefa vm_byte=0x3a target=0x716a80a9af18 target_off=0x9af18
[DISPATCH] site=0xcdac7 count=2589 slot=0x716a80ac3c60 slot_off=0xc3c60 idx=0x548 frame=0x716a80a7836d frame_off=0x7836d vm_ip=0x716a80d12cd0 vm_ip_off=0x312cd0 vm_flags=0xfbf79ddb vm_state=0xf9f3eb74 vm_byte=0x3a target=0x716a80a9af18 target_off=0x9af18
[DISPATCH] site=0xcdac7 count=2590 slot=0x716a80ac40c8 slot_off=0xc40c8 idx=0x9b0 frame=0x716a80a7836d frame_off=0x7836d vm_ip=0x716a80d12f26 vm_ip_off=0x312f26 vm_flags=0x4b8eb2de vm_state=0x7b1c5e5e vm_byte=0x3a target=0x716a80ab8556 target_off=0xb8556
[DISPATCH] site=0xcdac7 count=2591 slot=0x716a80ac40c8 slot_off=0xc40c8 idx=0x9b0 frame=0x716a80a7836d frame_off=0x7836d vm_ip=0x716a80d13169 vm_ip_off=0x313169 vm_flags=0x7afe7fef vm_state=0x727e02a8 vm_byte=0x3a target=0x716a80ab8556 target_off=0xb8556
[DISPATCH] site=0xcdac7 count=2592 slot=0x716a80ac3c60 slot_off=0xc3c60 idx=0x548 frame=0x716a80a7836d frame_off=0x7836d vm_ip=0x716a80d1334b vm_ip_off=0x31334b vm_flags=0xce4d8465 vm_state=0x7f3e7f7b vm_byte=0x3a target=0x716a80a9af18 target_off=0x9af18
[DISPATCH] site=0xcdac7 count=2593 slot=0x716a80ac3c60 slot_off=0xc3c60 idx=0x548 frame=0x716a80a7836d frame_off=0x7836d vm_ip=0x716a80d135b9 vm_ip_off=0x3135b9 vm_flags=0xc917a90d vm_state=0xc917a90d vm_byte=0x3a target=0x716a80a9af18 target_off=0x9af18
[DISPATCH] site=0xcdac7 count=2594 slot=0x716a80ac40c8 slot_off=0xc40c8 idx=0x9b0 frame=0x716a80a7836d frame_off=0x7836d vm_ip=0x716a80d137fc vm_ip_off=0x3137fc vm_flags=0x8df97560 vm_state=0x694cb90f vm_byte=0x3a target=0x716a80ab8556 target_off=0xb8556
[DISPATCH] site=0xcdac7 count=2595 slot=0x716a80ac40c8 slot_off=0xc40c8 idx=0x9b0 frame=0x716a80a7836d frame_off=0x7836d vm_ip=0x716a80d139de vm_ip_off=0x3139de vm_flags=0x4a612e32 vm_state=0x5f8f8af3 vm_byte=0x3a target=0x716a80ab8556 target_off=0xb8556
[DISPATCH] site=0xcdac7 count=2596 slot=0x716a80ac3c60 slot_off=0xc3c60 idx=0x548 frame=0x716a80a7836d frame_off=0x7836d vm_ip=0x716a80d13c4c vm_ip_off=0x313c4c vm_flags=0x8f70318b vm_state=0xfbfb8b3c vm_byte=0x3a target=0x716a80a9af18 target_off=0x9af18
[DISPATCH] site=0xcdac7 count=2597 slot=0x716a80ac3c60 slot_off=0xc3c60 idx=0x548 frame=0x716a80a7836d frame_off=0x7836d vm_ip=0x716a80d13e8f vm_ip_off=0x313e8f vm_flags=0xfed1df96 vm_state=0x58a4dcd6 vm_byte=0x3a target=0x716a80a9af18 target_off=0x9af18
[DISPATCH] site=0xcdac7 count=2598 slot=0x716a80ac3c60 slot_off=0xc3c60 idx=0x548 frame=0x716a80a7836d frame_off=0x7836d vm_ip=0x716a80d14071 vm_ip_off=0x314071 vm_flags=0x4ac60206 vm_state=0x5ee7d2fb vm_byte=0x3a target=0x716a80a9af18 target_off=0x9af18
[DISPATCH] site=0xcdac7 count=2599 slot=0x716a80ac40c8 slot_off=0xc40c8 idx=0x9b0 frame=0x716a80a7836d frame_off=0x7836d vm_ip=0x716a80d142df vm_ip_off=0x3142df vm_flags=0x861eb185 vm_state=0xdf95e7f4 vm_byte=0x3a target=0x716a80ab8556 target_off=0xb8556
[DISPATCH] site=0xcdac7 count=2600 slot=0x716a80ac40c8 slot_off=0xc40c8 idx=0x9b0 frame=0x716a80a7836d frame_off=0x7836d vm_ip=0x716a80d14522 vm_ip_off=0x314522 vm_flags=0x34a042ea vm_state=0x3ce04eeb vm_byte=0x3a target=0x716a80ab8556 target_off=0xb8556
[DISPATCH] site=0xcdac7 count=2601 slot=0x716a80ac40c8 slot_off=0xc40c8 idx=0x9b0 frame=0x716a80a7836d frame_off=0x7836d vm_ip=0x716a80d14704 vm_ip_off=0x314704 vm_flags=0xfcdeff37 vm_state=0xfcd60600 vm_byte=0x3a target=0x716a80ab8556 target_off=0xb8556
[DISPATCH] site=0xcdac7 count=2602 slot=0x716a80ac3c60 slot_off=0xc3c60 idx=0x548 frame=0x716a80a7836d frame_off=0x7836d vm_ip=0x716a80d14972 vm_ip_off=0x314972 vm_flags=0xf8eeff37 vm_state=0xf8e60910 vm_byte=0x3a target=0x716a80a9af18 target_off=0x9af18
[DISPATCH] site=0xcdac7 count=2603 slot=0x716a80ac40c8 slot_off=0xc40c8 idx=0x9b0 frame=0x716a80a7836d frame_off=0x7836d vm_ip=0x716a80d14bb5 vm_ip_off=0x314bb5 vm_flags=0x62662dfb vm_state=0xbffcca14 vm_byte=0x3a target=0x716a80ab8556 target_off=0xb8556
[DISPATCH] site=0xcdac7 count=2604 slot=0x716a80ac3c60 slot_off=0xc3c60 idx=0x548 frame=0x716a80a7836d frame_off=0x7836d vm_ip=0x716a80d14d97 vm_ip_off=0x314d97 vm_flags=0xfadf7f2d vm_state=0xf21b0800 vm_byte=0x3a target=0x716a80a9af18 target_off=0x9af18
[DISPATCH] site=0xcdac7 count=2605 slot=0x716a80ac40c8 slot_off=0xc40c8 idx=0x9b0 frame=0x716a80a7836d frame_off=0x7836d vm_ip=0x716a80d15005 vm_ip_off=0x315005 vm_flags=0xe34473c6 vm_state=0xe74477c6 vm_byte=0x3a target=0x716a80ab8556 target_off=0xb8556
[DISPATCH] site=0xcdac7 count=2606 slot=0x716a80ac40c8 slot_off=0xc40c8 idx=0x9b0 frame=0x716a80a7836d frame_off=0x7836d vm_ip=0x716a80d1522f vm_ip_off=0x31522f vm_flags=0x69b0303a vm_state=0x69145e5a vm_byte=0x3a target=0x716a80ab8556 target_off=0xb8556
[DISPATCH] site=0xcdac7 count=2607 slot=0x716a80ac3c60 slot_off=0xc3c60 idx=0x548 frame=0x716a80a7836d frame_off=0x7836d vm_ip=0x716a80d15486 vm_ip_off=0x315486 vm_flags=0x841ab3c5 vm_state=0x841ab3c5 vm_byte=0x3a target=0x716a80a9af18 target_off=0x9af18
[DISPATCH] site=0xcdac7 count=2608 slot=0x716a80ac3c60 slot_off=0xc3c60 idx=0x548 frame=0x716a80a7836d frame_off=0x7836d vm_ip=0x716a80d156ca vm_ip_off=0x3156ca vm_flags=0xf613f930 vm_state=0x3ffce85e vm_byte=0x3a target=0x716a80a9af18 target_off=0x9af18
[DISPATCH] site=0xcdac7 count=2609 slot=0x716a80ac3c60 slot_off=0xc3c60 idx=0x548 frame=0x716a80a7836d frame_off=0x7836d vm_ip=0x716a80d15969 vm_ip_off=0x315969 vm_flags=0x2ab32381 vm_state=0x2af72783 vm_byte=0x3a target=0x716a80a9af18 target_off=0x9af18
[DISPATCH] site=0xcdac7 count=2610 slot=0x716a80ac3c60 slot_off=0xc3c60 idx=0x548 frame=0x716a80a7836d frame_off=0x7836d vm_ip=0x716a80d15bbf vm_ip_off=0x315bbf vm_flags=0x6e5d9892 vm_state=0x4000d60c vm_byte=0x3a target=0x716a80a9af18 target_off=0x9af18
[DISPATCH] site=0xcdac7 count=2611 slot=0x716a80ac40c8 slot_off=0xc40c8 idx=0x9b0 frame=0x716a80a7836d frame_off=0x7836d vm_ip=0x716a80d10ca5 vm_ip_off=0x310ca5 vm_flags=0x148226cc vm_state=0xffaffb65 vm_byte=0x3a target=0x716a80ab8556 target_off=0xb8556
[DISPATCH] site=0xcdac7 count=2612 slot=0x716a80ac40c8 slot_off=0xc40c8 idx=0x9b0 frame=0x716a80a7836d frame_off=0x7836d vm_ip=0x716a80d10ef0 vm_ip_off=0x310ef0 vm_flags=0x14100010 vm_state=0x3f0612b2 vm_byte=0x3a target=0x716a80ab8556 target_off=0xb8556
[DISPATCH] site=0xcdac7 count=2613 slot=0x716a80ac3c60 slot_off=0xc3c60 idx=0x548 frame=0x716a80a7836d frame_off=0x7836d vm_ip=0x716a80d11163 vm_ip_off=0x311163 vm_flags=0xc83095f0 vm_state=0x400110fe vm_byte=0x3a target=0x716a80a9af18 target_off=0x9af18
[DISPATCH] site=0xcdac7 count=2614 slot=0x716a80ac3c60 slot_off=0xc3c60 idx=0x548 frame=0x716a80a7836d frame_off=0x7836d vm_ip=0x716a80d113a5 vm_ip_off=0x3113a5 vm_flags=0x7adeff2e vm_state=0x78de0800 vm_byte=0x3a target=0x716a80a9af18 target_off=0x9af18
[DISPATCH] site=0xcdac7 count=2615 slot=0x716a80ac40c8 slot_off=0xc40c8 idx=0x9b0 frame=0x716a80a7836d frame_off=0x7836d vm_ip=0x716a80d115e7 vm_ip_off=0x3115e7 vm_flags=0x2948 vm_state=0x2948 vm_byte=0x3a target=0x716a80ab8556 target_off=0xb8556
[DISPATCH] site=0xcdac7 count=2616 slot=0x716a80ac3c60 slot_off=0xc3c60 idx=0x548 frame=0x716a80a7836d frame_off=0x7836d vm_ip=0x716a80d11829 vm_ip_off=0x311829 vm_flags=0x3acddfde vm_state=0x585c5c02 vm_byte=0x3a target=0x716a80a9af18 target_off=0x9af18
[DISPATCH] site=0xcdac7 count=2617 slot=0x716a80ac3c60 slot_off=0xc3c60 idx=0x548 frame=0x716a80a7836d frame_off=0x7836d vm_ip=0x716a80d11a6b vm_ip_off=0x311a6b vm_flags=0xef1b287 vm_state=0x69145f5a vm_byte=0x3a target=0x716a80a9af18 target_off=0x9af18
[DISPATCH] site=0xcdac7 count=2618 slot=0x716a80ac40c8 slot_off=0xc40c8 idx=0x9b0 frame=0x716a80a7836d frame_off=0x7836d vm_ip=0x716a80d11cad vm_ip_off=0x311cad vm_flags=0x524c03c5 vm_state=0x7df7dfda vm_byte=0x3a target=0x716a80ab8556 target_off=0xb8556
[DISPATCH] site=0xcdac7 count=2619 slot=0x716a80ac40c8 slot_off=0xc40c8 idx=0x9b0 frame=0x716a80a7836d frame_off=0x7836d vm_ip=0x716a80d11f69 vm_ip_off=0x311f69 vm_flags=0x8e78f1da vm_state=0xeb377ffe vm_byte=0x3a target=0x716a80ab8556 target_off=0xb8556
[DISPATCH] site=0xcdac7 count=2620 slot=0x716a80ac40c8 slot_off=0xc40c8 idx=0x9b0 frame=0x716a80a7836d frame_off=0x7836d vm_ip=0x716a80d1223a vm_ip_off=0x31223a vm_flags=0x8e4e0de5 vm_state=0x7bd7fefb vm_byte=0x3a target=0x716a80ab8556 target_off=0xb8556
[DISPATCH] site=0xcdac7 count=2621 slot=0x716a80ac3c60 slot_off=0xc3c60 idx=0x548 frame=0x716a80a7836d frame_off=0x7836d vm_ip=0x716a80d12464 vm_ip_off=0x312464 vm_flags=0x347541db vm_state=0x69945ffa vm_byte=0x3a target=0x716a80a9af18 target_off=0x9af18
[DISPATCH] site=0xcdac7 count=2622 slot=0x716a80ac40c8 slot_off=0xc40c8 idx=0x9b0 frame=0x716a80a7836d frame_off=0x7836d vm_ip=0x716a80d1268e vm_ip_off=0x31268e vm_flags=0x5675bb90 vm_state=0xffc76ef9 vm_byte=0x3a target=0x716a80ab8556 target_off=0xb8556
[DISPATCH] site=0xcdac7 count=2623 slot=0x716a80ac3c60 slot_off=0xc3c60 idx=0x548 frame=0x716a80a7836d frame_off=0x7836d vm_ip=0x716a80d12868 vm_ip_off=0x312868 vm_flags=0x221c12 vm_state=0x3f06a742 vm_byte=0x3a target=0x716a80a9af18 target_off=0x9af18
[DISPATCH] site=0xcdac7 count=2624 slot=0x716a80ac3c60 slot_off=0xc3c60 idx=0x548 frame=0x716a80a7836d frame_off=0x7836d vm_ip=0x716a80d12aee vm_ip_off=0x312aee vm_flags=0x8e3c0ca2 vm_state=0x6f95fefa vm_byte=0x3a target=0x716a80a9af18 target_off=0x9af18
[DISPATCH] site=0xcdac7 count=2625 slot=0x716a80ac3c60 slot_off=0xc3c60 idx=0x548 frame=0x716a80a7836d frame_off=0x7836d vm_ip=0x716a80d12cd0 vm_ip_off=0x312cd0 vm_flags=0xfbf79ddb vm_state=0xf9f3eb74 vm_byte=0x3a target=0x716a80a9af18 target_off=0x9af18
[DISPATCH] site=0xcdac7 count=2626 slot=0x716a80ac40c8 slot_off=0xc40c8 idx=0x9b0 frame=0x716a80a7836d frame_off=0x7836d vm_ip=0x716a80d12f26 vm_ip_off=0x312f26 vm_flags=0x4b8eb2de vm_state=0x7b1c5e5e vm_byte=0x3a target=0x716a80ab8556 target_off=0xb8556
[DISPATCH] site=0xcdac7 count=2627 slot=0x716a80ac40c8 slot_off=0xc40c8 idx=0x9b0 frame=0x716a80a7836d frame_off=0x7836d vm_ip=0x716a80d13169 vm_ip_off=0x313169 vm_flags=0x7afe7fef vm_state=0x727e02a8 vm_byte=0x3a target=0x716a80ab8556 target_off=0xb8556
[DISPATCH] site=0xcdac7 count=2628 slot=0x716a80ac3c60 slot_off=0xc3c60 idx=0x548 frame=0x716a80a7836d frame_off=0x7836d vm_ip=0x716a80d1334b vm_ip_off=0x31334b vm_flags=0xce4d8465 vm_state=0x7f3e7f7b vm_byte=0x3a target=0x716a80a9af18 target_off=0x9af18
[DISPATCH] site=0xcdac7 count=2629 slot=0x716a80ac3c60 slot_off=0xc3c60 idx=0x548 frame=0x716a80a7836d frame_off=0x7836d vm_ip=0x716a80d135b9 vm_ip_off=0x3135b9 vm_flags=0xc917a90d vm_state=0xc917a90d vm_byte=0x3a target=0x716a80a9af18 target_off=0x9af18
[DISPATCH] site=0xcdac7 count=2630 slot=0x716a80ac40c8 slot_off=0xc40c8 idx=0x9b0 frame=0x716a80a7836d frame_off=0x7836d vm_ip=0x716a80d137fc vm_ip_off=0x3137fc vm_flags=0x8df97560 vm_state=0x694cb90f vm_byte=0x3a target=0x716a80ab8556 target_off=0xb8556
[DISPATCH] site=0xcdac7 count=2631 slot=0x716a80ac40c8 slot_off=0xc40c8 idx=0x9b0 frame=0x716a80a7836d frame_off=0x7836d vm_ip=0x716a80d139de vm_ip_off=0x3139de vm_flags=0x4a612e32 vm_state=0x5f8f8af3 vm_byte=0x3a target=0x716a80ab8556 target_off=0xb8556
[DISPATCH] site=0xcdac7 count=2632 slot=0x716a80ac3c60 slot_off=0xc3c60 idx=0x548 frame=0x716a80a7836d frame_off=0x7836d vm_ip=0x716a80d13c4c vm_ip_off=0x313c4c vm_flags=0x8f70318b vm_state=0xfbfb8b3c vm_byte=0x3a target=0x716a80a9af18 target_off=0x9af18
[DISPATCH] site=0xcdac7 count=2633 slot=0x716a80ac3c60 slot_off=0xc3c60 idx=0x548 frame=0x716a80a7836d frame_off=0x7836d vm_ip=0x716a80d13e8f vm_ip_off=0x313e8f vm_flags=0xfed1df96 vm_state=0x58a4dcd6 vm_byte=0x3a target=0x716a80a9af18 target_off=0x9af18
[DISPATCH] site=0xcdac7 count=2634 slot=0x716a80ac3c60 slot_off=0xc3c60 idx=0x548 frame=0x716a80a7836d frame_off=0x7836d vm_ip=0x716a80d14071 vm_ip_off=0x314071 vm_flags=0x4ac60206 vm_state=0x5ee7d2fb vm_byte=0x3a target=0x716a80a9af18 target_off=0x9af18
[DISPATCH] site=0xcdac7 count=2635 slot=0x716a80ac40c8 slot_off=0xc40c8 idx=0x9b0 frame=0x716a80a7836d frame_off=0x7836d vm_ip=0x716a80d142df vm_ip_off=0x3142df vm_flags=0x861eb185 vm_state=0xdf95e7f4 vm_byte=0x3a target=0x716a80ab8556 target_off=0xb8556
[DISPATCH] site=0xcdac7 count=2636 slot=0x716a80ac40c8 slot_off=0xc40c8 idx=0x9b0 frame=0x716a80a7836d frame_off=0x7836d vm_ip=0x716a80d14522 vm_ip_off=0x314522 vm_flags=0x34a042ea vm_state=0x3ce04eeb vm_byte=0x3a target=0x716a80ab8556 target_off=0xb8556
[DISPATCH] site=0xcdac7 count=2637 slot=0x716a80ac40c8 slot_off=0xc40c8 idx=0x9b0 frame=0x716a80a7836d frame_off=0x7836d vm_ip=0x716a80d14704 vm_ip_off=0x314704 vm_flags=0xfcdeff37 vm_state=0xfcd60600 vm_byte=0x3a target=0x716a80ab8556 target_off=0xb8556
[DISPATCH] site=0xcdac7 count=2638 slot=0x716a80ac3c60 slot_off=0xc3c60 idx=0x548 frame=0x716a80a7836d frame_off=0x7836d vm_ip=0x716a80d14972 vm_ip_off=0x314972 vm_flags=0xf8eeff37 vm_state=0xf8e60910 vm_byte=0x3a target=0x716a80a9af18 target_off=0x9af18
[DISPATCH] site=0xcdac7 count=2639 slot=0x716a80ac40c8 slot_off=0xc40c8 idx=0x9b0 frame=0x716a80a7836d frame_off=0x7836d vm_ip=0x716a80d14bb5 vm_ip_off=0x314bb5 vm_flags=0x62662dfb vm_state=0xbffcca14 vm_byte=0x3a target=0x716a80ab8556 target_off=0xb8556
[DISPATCH] site=0xcdac7 count=2640 slot=0x716a80ac3c60 slot_off=0xc3c60 idx=0x548 frame=0x716a80a7836d frame_off=0x7836d vm_ip=0x716a80d14d97 vm_ip_off=0x314d97 vm_flags=0xfadf7f2d vm_state=0xf21b0800 vm_byte=0x3a target=0x716a80a9af18 target_off=0x9af18
[DISPATCH] site=0xcdac7 count=2641 slot=0x716a80ac40c8 slot_off=0xc40c8 idx=0x9b0 frame=0x716a80a7836d frame_off=0x7836d vm_ip=0x716a80d15005 vm_ip_off=0x315005 vm_flags=0xe34473c6 vm_state=0xe74477c6 vm_byte=0x3a target=0x716a80ab8556 target_off=0xb8556
[DISPATCH] site=0xcdac7 count=2642 slot=0x716a80ac40c8 slot_off=0xc40c8 idx=0x9b0 frame=0x716a80a7836d frame_off=0x7836d vm_ip=0x716a80d1522f vm_ip_off=0x31522f vm_flags=0x69b0303a vm_state=0x69145e5a vm_byte=0x3a target=0x716a80ab8556 target_off=0xb8556
[DISPATCH] site=0xcdac7 count=2643 slot=0x716a80ac3c60 slot_off=0xc3c60 idx=0x548 frame=0x716a80a7836d frame_off=0x7836d vm_ip=0x716a80d15486 vm_ip_off=0x315486 vm_flags=0x841ab3c5 vm_state=0x841ab3c5 vm_byte=0x3a target=0x716a80a9af18 target_off=0x9af18
[DISPATCH] site=0xcdac7 count=2644 slot=0x716a80ac3c60 slot_off=0xc3c60 idx=0x548 frame=0x716a80a7836d frame_off=0x7836d vm_ip=0x716a80d156ca vm_ip_off=0x3156ca vm_flags=0xf613f930 vm_state=0x3ffce85e vm_byte=0x3a target=0x716a80a9af18 target_off=0x9af18
[DISPATCH] site=0xcdac7 count=2645 slot=0x716a80ac3c60 slot_off=0xc3c60 idx=0x548 frame=0x716a80a7836d frame_off=0x7836d vm_ip=0x716a80d15969 vm_ip_off=0x315969 vm_flags=0x2ab32381 vm_state=0x2af72783 vm_byte=0x3a target=0x716a80a9af18 target_off=0x9af18
[DISPATCH] site=0xcdac7 count=2646 slot=0x716a80ac3c60 slot_off=0xc3c60 idx=0x548 frame=0x716a80a7836d frame_off=0x7836d vm_ip=0x716a80d15bbf vm_ip_off=0x315bbf vm_flags=0x6e5d9892 vm_state=0x4000d60c vm_byte=0x3a target=0x716a80a9af18 target_off=0x9af18
[DISPATCH] site=0xcdac7 count=2647 slot=0x716a80ac40c8 slot_off=0xc40c8 idx=0x9b0 frame=0x716a80a7836d frame_off=0x7836d vm_ip=0x716a80d10ca5 vm_ip_off=0x310ca5 vm_flags=0x148226cc vm_state=0xffaffb65 vm_byte=0x3a target=0x716a80ab8556 target_off=0xb8556
[DISPATCH] site=0xcdac7 count=2648 slot=0x716a80ac40c8 slot_off=0xc40c8 idx=0x9b0 frame=0x716a80a7836d frame_off=0x7836d vm_ip=0x716a80d10ef0 vm_ip_off=0x310ef0 vm_flags=0x14100010 vm_state=0x3f0612b2 vm_byte=0x3a target=0x716a80ab8556 target_off=0xb8556
[DISPATCH] site=0xcdac7 count=2649 slot=0x716a80ac3c60 slot_off=0xc3c60 idx=0x548 frame=0x716a80a7836d frame_off=0x7836d vm_ip=0x716a80d11163 vm_ip_off=0x311163 vm_flags=0xc83095f0 vm_state=0x400110fe vm_byte=0x3a target=0x716a80a9af18 target_off=0x9af18
[DISPATCH] site=0xcdac7 count=2650 slot=0x716a80ac3c60 slot_off=0xc3c60 idx=0x548 frame=0x716a80a7836d frame_off=0x7836d vm_ip=0x716a80d113a5 vm_ip_off=0x3113a5 vm_flags=0x7adeff2e vm_state=0x78de0800 vm_byte=0x3a target=0x716a80a9af18 target_off=0x9af18
[DISPATCH] site=0xcdac7 count=2651 slot=0x716a80ac40c8 slot_off=0xc40c8 idx=0x9b0 frame=0x716a80a7836d frame_off=0x7836d vm_ip=0x716a80d115e7 vm_ip_off=0x3115e7 vm_flags=0x2948 vm_state=0x2948 vm_byte=0x3a target=0x716a80ab8556 target_off=0xb8556
[DISPATCH] site=0xcdac7 count=2652 slot=0x716a80ac3c60 slot_off=0xc3c60 idx=0x548 frame=0x716a80a7836d frame_off=0x7836d vm_ip=0x716a80d11829 vm_ip_off=0x311829 vm_flags=0x3acddfde vm_state=0x585c5c02 vm_byte=0x3a target=0x716a80a9af18 target_off=0x9af18
[DISPATCH] site=0xcdac7 count=2653 slot=0x716a80ac3c60 slot_off=0xc3c60 idx=0x548 frame=0x716a80a7836d frame_off=0x7836d vm_ip=0x716a80d11a6b vm_ip_off=0x311a6b vm_flags=0xef1b287 vm_state=0x69145f5a vm_byte=0x3a target=0x716a80a9af18 target_off=0x9af18
[DISPATCH] site=0xcdac7 count=2654 slot=0x716a80ac40c8 slot_off=0xc40c8 idx=0x9b0 frame=0x716a80a7836d frame_off=0x7836d vm_ip=0x716a80d11cad vm_ip_off=0x311cad vm_flags=0x524c03c5 vm_state=0x7df7dfda vm_byte=0x3a target=0x716a80ab8556 target_off=0xb8556
[DISPATCH] site=0xcdac7 count=2655 slot=0x716a80ac40c8 slot_off=0xc40c8 idx=0x9b0 frame=0x716a80a7836d frame_off=0x7836d vm_ip=0x716a80d11f69 vm_ip_off=0x311f69 vm_flags=0x8e78f1da vm_state=0xeb377ffe vm_byte=0x3a target=0x716a80ab8556 target_off=0xb8556
[DISPATCH] site=0xcdac7 count=2656 slot=0x716a80ac40c8 slot_off=0xc40c8 idx=0x9b0 frame=0x716a80a7836d frame_off=0x7836d vm_ip=0x716a80d1223a vm_ip_off=0x31223a vm_flags=0x8e4e0de5 vm_state=0x7bd7fefb vm_byte=0x3a target=0x716a80ab8556 target_off=0xb8556
[DISPATCH] site=0xcdac7 count=2657 slot=0x716a80ac3c60 slot_off=0xc3c60 idx=0x548 frame=0x716a80a7836d frame_off=0x7836d vm_ip=0x716a80d12464 vm_ip_off=0x312464 vm_flags=0x347541db vm_state=0x69945ffa vm_byte=0x3a target=0x716a80a9af18 target_off=0x9af18
[DISPATCH] site=0xcdac7 count=2658 slot=0x716a80ac40c8 slot_off=0xc40c8 idx=0x9b0 frame=0x716a80a7836d frame_off=0x7836d vm_ip=0x716a80d1268e vm_ip_off=0x31268e vm_flags=0x5675bb90 vm_state=0xffc76ef9 vm_byte=0x3a target=0x716a80ab8556 target_off=0xb8556
[DISPATCH] site=0xcdac7 count=2659 slot=0x716a80ac3c60 slot_off=0xc3c60 idx=0x548 frame=0x716a80a7836d frame_off=0x7836d vm_ip=0x716a80d12868 vm_ip_off=0x312868 vm_flags=0x221c12 vm_state=0x3f06a742 vm_byte=0x3a target=0x716a80a9af18 target_off=0x9af18
[DISPATCH] site=0xcdac7 count=2660 slot=0x716a80ac3c60 slot_off=0xc3c60 idx=0x548 frame=0x716a80a7836d frame_off=0x7836d vm_ip=0x716a80d12aee vm_ip_off=0x312aee vm_flags=0x8e3c0ca2 vm_state=0x6f95fefa vm_byte=0x3a target=0x716a80a9af18 target_off=0x9af18
[DISPATCH] site=0xcdac7 count=2661 slot=0x716a80ac3c60 slot_off=0xc3c60 idx=0x548 frame=0x716a80a7836d frame_off=0x7836d vm_ip=0x716a80d12cd0 vm_ip_off=0x312cd0 vm_flags=0xfbf79ddb vm_state=0xf9f3eb74 vm_byte=0x3a target=0x716a80a9af18 target_off=0x9af18
[DISPATCH] site=0xcdac7 count=2662 slot=0x716a80ac40c8 slot_off=0xc40c8 idx=0x9b0 frame=0x716a80a7836d frame_off=0x7836d vm_ip=0x716a80d12f26 vm_ip_off=0x312f26 vm_flags=0x4b8eb2de vm_state=0x7b1c5e5e vm_byte=0x3a target=0x716a80ab8556 target_off=0xb8556
[DISPATCH] site=0xcdac7 count=2663 slot=0x716a80ac40c8 slot_off=0xc40c8 idx=0x9b0 frame=0x716a80a7836d frame_off=0x7836d vm_ip=0x716a80d13169 vm_ip_off=0x313169 vm_flags=0x7afe7fef vm_state=0x727e02a8 vm_byte=0x3a target=0x716a80ab8556 target_off=0xb8556
[DISPATCH] site=0xcdac7 count=2664 slot=0x716a80ac3c60 slot_off=0xc3c60 idx=0x548 frame=0x716a80a7836d frame_off=0x7836d vm_ip=0x716a80d1334b vm_ip_off=0x31334b vm_flags=0xce4d8465 vm_state=0x7f3e7f7b vm_byte=0x3a target=0x716a80a9af18 target_off=0x9af18
[DISPATCH] site=0xcdac7 count=2665 slot=0x716a80ac3c60 slot_off=0xc3c60 idx=0x548 frame=0x716a80a7836d frame_off=0x7836d vm_ip=0x716a80d135b9 vm_ip_off=0x3135b9 vm_flags=0xc917a90d vm_state=0xc917a90d vm_byte=0x3a target=0x716a80a9af18 target_off=0x9af18
[DISPATCH] site=0xcdac7 count=2666 slot=0x716a80ac40c8 slot_off=0xc40c8 idx=0x9b0 frame=0x716a80a7836d frame_off=0x7836d vm_ip=0x716a80d137fc vm_ip_off=0x3137fc vm_flags=0x8df97560 vm_state=0x694cb90f vm_byte=0x3a target=0x716a80ab8556 target_off=0xb8556
[DISPATCH] site=0xcdac7 count=2667 slot=0x716a80ac40c8 slot_off=0xc40c8 idx=0x9b0 frame=0x716a80a7836d frame_off=0x7836d vm_ip=0x716a80d139de vm_ip_off=0x3139de vm_flags=0x4a612e32 vm_state=0x5f8f8af3 vm_byte=0x3a target=0x716a80ab8556 target_off=0xb8556
[DISPATCH] site=0xcdac7 count=2668 slot=0x716a80ac3c60 slot_off=0xc3c60 idx=0x548 frame=0x716a80a7836d frame_off=0x7836d vm_ip=0x716a80d13c4c vm_ip_off=0x313c4c vm_flags=0x8f70318b vm_state=0xfbfb8b3c vm_byte=0x3a target=0x716a80a9af18 target_off=0x9af18
[DISPATCH] site=0xcdac7 count=2669 slot=0x716a80ac3c60 slot_off=0xc3c60 idx=0x548 frame=0x716a80a7836d frame_off=0x7836d vm_ip=0x716a80d13e8f vm_ip_off=0x313e8f vm_flags=0xfed1df96 vm_state=0x58a4dcd6 vm_byte=0x3a target=0x716a80a9af18 target_off=0x9af18
[DISPATCH] site=0xcdac7 count=2670 slot=0x716a80ac3c60 slot_off=0xc3c60 idx=0x548 frame=0x716a80a7836d frame_off=0x7836d vm_ip=0x716a80d14071 vm_ip_off=0x314071 vm_flags=0x4ac60206 vm_state=0x5ee7d2fb vm_byte=0x3a target=0x716a80a9af18 target_off=0x9af18
[DISPATCH] site=0xcdac7 count=2671 slot=0x716a80ac40c8 slot_off=0xc40c8 idx=0x9b0 frame=0x716a80a7836d frame_off=0x7836d vm_ip=0x716a80d142df vm_ip_off=0x3142df vm_flags=0x861eb185 vm_state=0xdf95e7f4 vm_byte=0x3a target=0x716a80ab8556 target_off=0xb8556
[DISPATCH] site=0xcdac7 count=2672 slot=0x716a80ac40c8 slot_off=0xc40c8 idx=0x9b0 frame=0x716a80a7836d frame_off=0x7836d vm_ip=0x716a80d14522 vm_ip_off=0x314522 vm_flags=0x34a042ea vm_state=0x3ce04eeb vm_byte=0x3a target=0x716a80ab8556 target_off=0xb8556
[DISPATCH] site=0xcdac7 count=2673 slot=0x716a80ac40c8 slot_off=0xc40c8 idx=0x9b0 frame=0x716a80a7836d frame_off=0x7836d vm_ip=0x716a80d14704 vm_ip_off=0x314704 vm_flags=0xfcdeff37 vm_state=0xfcd60600 vm_byte=0x3a target=0x716a80ab8556 target_off=0xb8556
[DISPATCH] site=0xcdac7 count=2674 slot=0x716a80ac3c60 slot_off=0xc3c60 idx=0x548 frame=0x716a80a7836d frame_off=0x7836d vm_ip=0x716a80d14972 vm_ip_off=0x314972 vm_flags=0xf8eeff37 vm_state=0xf8e60910 vm_byte=0x3a target=0x716a80a9af18 target_off=0x9af18
[DISPATCH] site=0xcdac7 count=2675 slot=0x716a80ac40c8 slot_off=0xc40c8 idx=0x9b0 frame=0x716a80a7836d frame_off=0x7836d vm_ip=0x716a80d14bb5 vm_ip_off=0x314bb5 vm_flags=0x62662dfb vm_state=0xbffcca14 vm_byte=0x3a target=0x716a80ab8556 target_off=0xb8556
[DISPATCH] site=0xcdac7 count=2676 slot=0x716a80ac3c60 slot_off=0xc3c60 idx=0x548 frame=0x716a80a7836d frame_off=0x7836d vm_ip=0x716a80d14d97 vm_ip_off=0x314d97 vm_flags=0xfadf7f2d vm_state=0xf21b0800 vm_byte=0x3a target=0x716a80a9af18 target_off=0x9af18
[DISPATCH] site=0xcdac7 count=2677 slot=0x716a80ac40c8 slot_off=0xc40c8 idx=0x9b0 frame=0x716a80a7836d frame_off=0x7836d vm_ip=0x716a80d15005 vm_ip_off=0x315005 vm_flags=0xe34473c6 vm_state=0xe74477c6 vm_byte=0x3a target=0x716a80ab8556 target_off=0xb8556
[DISPATCH] site=0xcdac7 count=2678 slot=0x716a80ac40c8 slot_off=0xc40c8 idx=0x9b0 frame=0x716a80a7836d frame_off=0x7836d vm_ip=0x716a80d1522f vm_ip_off=0x31522f vm_flags=0x69b0303a vm_state=0x69145e5a vm_byte=0x3a target=0x716a80ab8556 target_off=0xb8556
[DISPATCH] site=0xcdac7 count=2679 slot=0x716a80ac3c60 slot_off=0xc3c60 idx=0x548 frame=0x716a80a7836d frame_off=0x7836d vm_ip=0x716a80d15486 vm_ip_off=0x315486 vm_flags=0x841ab3c5 vm_state=0x841ab3c5 vm_byte=0x3a target=0x716a80a9af18 target_off=0x9af18
[DISPATCH] site=0xcdac7 count=2680 slot=0x716a80ac3c60 slot_off=0xc3c60 idx=0x548 frame=0x716a80a7836d frame_off=0x7836d vm_ip=0x716a80d156ca vm_ip_off=0x3156ca vm_flags=0xf613f930 vm_state=0x3ffce85e vm_byte=0x3a target=0x716a80a9af18 target_off=0x9af18
[DISPATCH] site=0xcdac7 count=2681 slot=0x716a80ac3c60 slot_off=0xc3c60 idx=0x548 frame=0x716a80a7836d frame_off=0x7836d vm_ip=0x716a80d15969 vm_ip_off=0x315969 vm_flags=0x2ab32381 vm_state=0x2af72783 vm_byte=0x3a target=0x716a80a9af18 target_off=0x9af18
[DISPATCH] site=0xcdac7 count=2682 slot=0x716a80ac3c60 slot_off=0xc3c60 idx=0x548 frame=0x716a80a7836d frame_off=0x7836d vm_ip=0x716a80d15bbf vm_ip_off=0x315bbf vm_flags=0x6e5d9892 vm_state=0x4000d60c vm_byte=0x3a target=0x716a80a9af18 target_off=0x9af18
[DISPATCH] site=0xcdac7 count=2683 slot=0x716a80ac40c8 slot_off=0xc40c8 idx=0x9b0 frame=0x716a80a7836d frame_off=0x7836d vm_ip=0x716a80d10ca5 vm_ip_off=0x310ca5 vm_flags=0x148226cc vm_state=0xffaffb65 vm_byte=0x3a target=0x716a80ab8556 target_off=0xb8556
[DISPATCH] site=0xcdac7 count=2684 slot=0x716a80ac40c8 slot_off=0xc40c8 idx=0x9b0 frame=0x716a80a7836d frame_off=0x7836d vm_ip=0x716a80d10ef0 vm_ip_off=0x310ef0 vm_flags=0x14100010 vm_state=0x3f0612b2 vm_byte=0x3a target=0x716a80ab8556 target_off=0xb8556
[DISPATCH] site=0xcdac7 count=2685 slot=0x716a80ac3c60 slot_off=0xc3c60 idx=0x548 frame=0x716a80a7836d frame_off=0x7836d vm_ip=0x716a80d11163 vm_ip_off=0x311163 vm_flags=0xc83095f0 vm_state=0x400110fe vm_byte=0x3a target=0x716a80a9af18 target_off=0x9af18
[DISPATCH] site=0xcdac7 count=2686 slot=0x716a80ac3c60 slot_off=0xc3c60 idx=0x548 frame=0x716a80a7836d frame_off=0x7836d vm_ip=0x716a80d113a5 vm_ip_off=0x3113a5 vm_flags=0x7adeff2e vm_state=0x78de0800 vm_byte=0x3a target=0x716a80a9af18 target_off=0x9af18
[DISPATCH] site=0xcdac7 count=2687 slot=0x716a80ac40c8 slot_off=0xc40c8 idx=0x9b0 frame=0x716a80a7836d frame_off=0x7836d vm_ip=0x716a80d115e7 vm_ip_off=0x3115e7 vm_flags=0x2948 vm_state=0x2948 vm_byte=0x3a target=0x716a80ab8556 target_off=0xb8556
[DISPATCH] site=0xcdac7 count=2688 slot=0x716a80ac3c60 slot_off=0xc3c60 idx=0x548 frame=0x716a80a7836d frame_off=0x7836d vm_ip=0x716a80d11829 vm_ip_off=0x311829 vm_flags=0x3acddfde vm_state=0x585c5c02 vm_byte=0x3a target=0x716a80a9af18 target_off=0x9af18
[DISPATCH] site=0xcdac7 count=2689 slot=0x716a80ac3c60 slot_off=0xc3c60 idx=0x548 frame=0x716a80a7836d frame_off=0x7836d vm_ip=0x716a80d11a6b vm_ip_off=0x311a6b vm_flags=0xef1b287 vm_state=0x69145f5a vm_byte=0x3a target=0x716a80a9af18 target_off=0x9af18
[DISPATCH] site=0xcdac7 count=2690 slot=0x716a80ac40c8 slot_off=0xc40c8 idx=0x9b0 frame=0x716a80a7836d frame_off=0x7836d vm_ip=0x716a80d11cad vm_ip_off=0x311cad vm_flags=0x524c03c5 vm_state=0x7df7dfda vm_byte=0x3a target=0x716a80ab8556 target_off=0xb8556
[DISPATCH] site=0xcdac7 count=2691 slot=0x716a80ac40c8 slot_off=0xc40c8 idx=0x9b0 frame=0x716a80a7836d frame_off=0x7836d vm_ip=0x716a80d11f69 vm_ip_off=0x311f69 vm_flags=0x8e78f1da vm_state=0xeb377ffe vm_byte=0x3a target=0x716a80ab8556 target_off=0xb8556
[DISPATCH] site=0xcdac7 count=2692 slot=0x716a80ac40c8 slot_off=0xc40c8 idx=0x9b0 frame=0x716a80a7836d frame_off=0x7836d vm_ip=0x716a80d1223a vm_ip_off=0x31223a vm_flags=0x8e4e0de5 vm_state=0x7bd7fefb vm_byte=0x3a target=0x716a80ab8556 target_off=0xb8556
[DISPATCH] site=0xcdac7 count=2693 slot=0x716a80ac3c60 slot_off=0xc3c60 idx=0x548 frame=0x716a80a7836d frame_off=0x7836d vm_ip=0x716a80d12464 vm_ip_off=0x312464 vm_flags=0x347541db vm_state=0x69945ffa vm_byte=0x3a target=0x716a80a9af18 target_off=0x9af18
[DISPATCH] site=0xcdac7 count=2694 slot=0x716a80ac40c8 slot_off=0xc40c8 idx=0x9b0 frame=0x716a80a7836d frame_off=0x7836d vm_ip=0x716a80d1268e vm_ip_off=0x31268e vm_flags=0x5675bb90 vm_state=0xffc76ef9 vm_byte=0x3a target=0x716a80ab8556 target_off=0xb8556
[DISPATCH] site=0xcdac7 count=2695 slot=0x716a80ac3c60 slot_off=0xc3c60 idx=0x548 frame=0x716a80a7836d frame_off=0x7836d vm_ip=0x716a80d12868 vm_ip_off=0x312868 vm_flags=0x221c12 vm_state=0x3f06a742 vm_byte=0x3a target=0x716a80a9af18 target_off=0x9af18
[DISPATCH] site=0xcdac7 count=2696 slot=0x716a80ac3c60 slot_off=0xc3c60 idx=0x548 frame=0x716a80a7836d frame_off=0x7836d vm_ip=0x716a80d12aee vm_ip_off=0x312aee vm_flags=0x8e3c0ca2 vm_state=0x6f95fefa vm_byte=0x3a target=0x716a80a9af18 target_off=0x9af18
[DISPATCH] site=0xcdac7 count=2697 slot=0x716a80ac3c60 slot_off=0xc3c60 idx=0x548 frame=0x716a80a7836d frame_off=0x7836d vm_ip=0x716a80d12cd0 vm_ip_off=0x312cd0 vm_flags=0xfbf79ddb vm_state=0xf9f3eb74 vm_byte=0x3a target=0x716a80a9af18 target_off=0x9af18
[DISPATCH] site=0xcdac7 count=2698 slot=0x716a80ac40c8 slot_off=0xc40c8 idx=0x9b0 frame=0x716a80a7836d frame_off=0x7836d vm_ip=0x716a80d12f26 vm_ip_off=0x312f26 vm_flags=0x4b8eb2de vm_state=0x7b1c5e5e vm_byte=0x3a target=0x716a80ab8556 target_off=0xb8556
[DISPATCH] site=0xcdac7 count=2699 slot=0x716a80ac40c8 slot_off=0xc40c8 idx=0x9b0 frame=0x716a80a7836d frame_off=0x7836d vm_ip=0x716a80d13169 vm_ip_off=0x313169 vm_flags=0x7afe7fef vm_state=0x727e02a8 vm_byte=0x3a target=0x716a80ab8556 target_off=0xb8556
[DISPATCH] site=0xcdac7 count=2700 slot=0x716a80ac3c60 slot_off=0xc3c60 idx=0x548 frame=0x716a80a7836d frame_off=0x7836d vm_ip=0x716a80d1334b vm_ip_off=0x31334b vm_flags=0xce4d8465 vm_state=0x7f3e7f7b vm_byte=0x3a target=0x716a80a9af18 target_off=0x9af18
[DISPATCH] site=0xcdac7 count=2701 slot=0x716a80ac3c60 slot_off=0xc3c60 idx=0x548 frame=0x716a80a7836d frame_off=0x7836d vm_ip=0x716a80d135b9 vm_ip_off=0x3135b9 vm_flags=0xc917a90d vm_state=0xc917a90d vm_byte=0x3a target=0x716a80a9af18 target_off=0x9af18
[DISPATCH] site=0xcdac7 count=2702 slot=0x716a80ac40c8 slot_off=0xc40c8 idx=0x9b0 frame=0x716a80a7836d frame_off=0x7836d vm_ip=0x716a80d137fc vm_ip_off=0x3137fc vm_flags=0x8df97560 vm_state=0x694cb90f vm_byte=0x3a target=0x716a80ab8556 target_off=0xb8556
[DISPATCH] site=0xcdac7 count=2703 slot=0x716a80ac40c8 slot_off=0xc40c8 idx=0x9b0 frame=0x716a80a7836d frame_off=0x7836d vm_ip=0x716a80d139de vm_ip_off=0x3139de vm_flags=0x4a612e32 vm_state=0x5f8f8af3 vm_byte=0x3a target=0x716a80ab8556 target_off=0xb8556
[DISPATCH] site=0xcdac7 count=2704 slot=0x716a80ac3c60 slot_off=0xc3c60 idx=0x548 frame=0x716a80a7836d frame_off=0x7836d vm_ip=0x716a80d13c4c vm_ip_off=0x313c4c vm_flags=0x8f70318b vm_state=0xfbfb8b3c vm_byte=0x3a target=0x716a80a9af18 target_off=0x9af18
[DISPATCH] site=0xcdac7 count=2705 slot=0x716a80ac3c60 slot_off=0xc3c60 idx=0x548 frame=0x716a80a7836d frame_off=0x7836d vm_ip=0x716a80d13e8f vm_ip_off=0x313e8f vm_flags=0xfed1df96 vm_state=0x58a4dcd6 vm_byte=0x3a target=0x716a80a9af18 target_off=0x9af18
[DISPATCH] site=0xcdac7 count=2706 slot=0x716a80ac3c60 slot_off=0xc3c60 idx=0x548 frame=0x716a80a7836d frame_off=0x7836d vm_ip=0x716a80d14071 vm_ip_off=0x314071 vm_flags=0x4ac60206 vm_state=0x5ee7d2fb vm_byte=0x3a target=0x716a80a9af18 target_off=0x9af18
[DISPATCH] site=0xcdac7 count=2707 slot=0x716a80ac40c8 slot_off=0xc40c8 idx=0x9b0 frame=0x716a80a7836d frame_off=0x7836d vm_ip=0x716a80d142df vm_ip_off=0x3142df vm_flags=0x861eb185 vm_state=0xdf95e7f4 vm_byte=0x3a target=0x716a80ab8556 target_off=0xb8556
[DISPATCH] site=0xcdac7 count=2708 slot=0x716a80ac40c8 slot_off=0xc40c8 idx=0x9b0 frame=0x716a80a7836d frame_off=0x7836d vm_ip=0x716a80d14522 vm_ip_off=0x314522 vm_flags=0x34a042ea vm_state=0x3ce04eeb vm_byte=0x3a target=0x716a80ab8556 target_off=0xb8556
[DISPATCH] site=0xcdac7 count=2709 slot=0x716a80ac40c8 slot_off=0xc40c8 idx=0x9b0 frame=0x716a80a7836d frame_off=0x7836d vm_ip=0x716a80d14704 vm_ip_off=0x314704 vm_flags=0xfcdeff37 vm_state=0xfcd60600 vm_byte=0x3a target=0x716a80ab8556 target_off=0xb8556
[DISPATCH] site=0xcdac7 count=2710 slot=0x716a80ac3c60 slot_off=0xc3c60 idx=0x548 frame=0x716a80a7836d frame_off=0x7836d vm_ip=0x716a80d14972 vm_ip_off=0x314972 vm_flags=0xf8eeff37 vm_state=0xf8e60910 vm_byte=0x3a target=0x716a80a9af18 target_off=0x9af18
[DISPATCH] site=0xcdac7 count=2711 slot=0x716a80ac40c8 slot_off=0xc40c8 idx=0x9b0 frame=0x716a80a7836d frame_off=0x7836d vm_ip=0x716a80d14bb5 vm_ip_off=0x314bb5 vm_flags=0x62662dfb vm_state=0xbffcca14 vm_byte=0x3a target=0x716a80ab8556 target_off=0xb8556
[DISPATCH] site=0xcdac7 count=2712 slot=0x716a80ac3c60 slot_off=0xc3c60 idx=0x548 frame=0x716a80a7836d frame_off=0x7836d vm_ip=0x716a80d14d97 vm_ip_off=0x314d97 vm_flags=0xfadf7f2d vm_state=0xf21b0800 vm_byte=0x3a target=0x716a80a9af18 target_off=0x9af18
[DISPATCH] site=0xcdac7 count=2713 slot=0x716a80ac40c8 slot_off=0xc40c8 idx=0x9b0 frame=0x716a80a7836d frame_off=0x7836d vm_ip=0x716a80d15005 vm_ip_off=0x315005 vm_flags=0xe34473c6 vm_state=0xe74477c6 vm_byte=0x3a target=0x716a80ab8556 target_off=0xb8556
[DISPATCH] site=0xcdac7 count=2714 slot=0x716a80ac40c8 slot_off=0xc40c8 idx=0x9b0 frame=0x716a80a7836d frame_off=0x7836d vm_ip=0x716a80d1522f vm_ip_off=0x31522f vm_flags=0x69b0303a vm_state=0x69145e5a vm_byte=0x3a target=0x716a80ab8556 target_off=0xb8556
[DISPATCH] site=0xcdac7 count=2715 slot=0x716a80ac3c60 slot_off=0xc3c60 idx=0x548 frame=0x716a80a7836d frame_off=0x7836d vm_ip=0x716a80d15486 vm_ip_off=0x315486 vm_flags=0x841ab3c5 vm_state=0x841ab3c5 vm_byte=0x3a target=0x716a80a9af18 target_off=0x9af18
[DISPATCH] site=0xcdac7 count=2716 slot=0x716a80ac3c60 slot_off=0xc3c60 idx=0x548 frame=0x716a80a7836d frame_off=0x7836d vm_ip=0x716a80d156ca vm_ip_off=0x3156ca vm_flags=0xf613f930 vm_state=0x3ffce85e vm_byte=0x3a target=0x716a80a9af18 target_off=0x9af18
[DISPATCH] site=0xcdac7 count=2717 slot=0x716a80ac3c60 slot_off=0xc3c60 idx=0x548 frame=0x716a80a7836d frame_off=0x7836d vm_ip=0x716a80d15969 vm_ip_off=0x315969 vm_flags=0x2ab32381 vm_state=0x2af72783 vm_byte=0x3a target=0x716a80a9af18 target_off=0x9af18
[DISPATCH] site=0xcdac7 count=2718 slot=0x716a80ac3c60 slot_off=0xc3c60 idx=0x548 frame=0x716a80a7836d frame_off=0x7836d vm_ip=0x716a80d15bbf vm_ip_off=0x315bbf vm_flags=0x6e5d9892 vm_state=0x4000d60c vm_byte=0x3a target=0x716a80a9af18 target_off=0x9af18
[DISPATCH] site=0xcdac7 count=2719 slot=0x716a80ac40c8 slot_off=0xc40c8 idx=0x9b0 frame=0x716a80a7836d frame_off=0x7836d vm_ip=0x716a80d10ca5 vm_ip_off=0x310ca5 vm_flags=0x148226cc vm_state=0xffaffb65 vm_byte=0x3a target=0x716a80ab8556 target_off=0xb8556
[DISPATCH] site=0xcdac7 count=2720 slot=0x716a80ac40c8 slot_off=0xc40c8 idx=0x9b0 frame=0x716a80a7836d frame_off=0x7836d vm_ip=0x716a80d10ef0 vm_ip_off=0x310ef0 vm_flags=0x14100010 vm_state=0x3f0612b2 vm_byte=0x3a target=0x716a80ab8556 target_off=0xb8556
[DISPATCH] site=0xcdac7 count=2721 slot=0x716a80ac3c60 slot_off=0xc3c60 idx=0x548 frame=0x716a80a7836d frame_off=0x7836d vm_ip=0x716a80d11163 vm_ip_off=0x311163 vm_flags=0xc83095f0 vm_state=0x400110fe vm_byte=0x3a target=0x716a80a9af18 target_off=0x9af18
[DISPATCH] site=0xcdac7 count=2722 slot=0x716a80ac3c60 slot_off=0xc3c60 idx=0x548 frame=0x716a80a7836d frame_off=0x7836d vm_ip=0x716a80d113a5 vm_ip_off=0x3113a5 vm_flags=0x7adeff2e vm_state=0x78de0800 vm_byte=0x3a target=0x716a80a9af18 target_off=0x9af18
[DISPATCH] site=0xcdac7 count=2723 slot=0x716a80ac40c8 slot_off=0xc40c8 idx=0x9b0 frame=0x716a80a7836d frame_off=0x7836d vm_ip=0x716a80d115e7 vm_ip_off=0x3115e7 vm_flags=0x2948 vm_state=0x2948 vm_byte=0x3a target=0x716a80ab8556 target_off=0xb8556
[DISPATCH] site=0xcdac7 count=2724 slot=0x716a80ac3c60 slot_off=0xc3c60 idx=0x548 frame=0x716a80a7836d frame_off=0x7836d vm_ip=0x716a80d11829 vm_ip_off=0x311829 vm_flags=0x3acddfde vm_state=0x585c5c02 vm_byte=0x3a target=0x716a80a9af18 target_off=0x9af18
[DISPATCH] site=0xcdac7 count=2725 slot=0x716a80ac3c60 slot_off=0xc3c60 idx=0x548 frame=0x716a80a7836d frame_off=0x7836d vm_ip=0x716a80d11a6b vm_ip_off=0x311a6b vm_flags=0xef1b287 vm_state=0x69145f5a vm_byte=0x3a target=0x716a80a9af18 target_off=0x9af18
[DISPATCH] site=0xcdac7 count=2726 slot=0x716a80ac40c8 slot_off=0xc40c8 idx=0x9b0 frame=0x716a80a7836d frame_off=0x7836d vm_ip=0x716a80d11cad vm_ip_off=0x311cad vm_flags=0x524c03c5 vm_state=0x7df7dfda vm_byte=0x3a target=0x716a80ab8556 target_off=0xb8556
[DISPATCH] site=0xcdac7 count=2727 slot=0x716a80ac40c8 slot_off=0xc40c8 idx=0x9b0 frame=0x716a80a7836d frame_off=0x7836d vm_ip=0x716a80d11f69 vm_ip_off=0x311f69 vm_flags=0x8e78f1da vm_state=0xeb377ffe vm_byte=0x3a target=0x716a80ab8556 target_off=0xb8556
[DISPATCH] site=0xcdac7 count=2728 slot=0x716a80ac40c8 slot_off=0xc40c8 idx=0x9b0 frame=0x716a80a7836d frame_off=0x7836d vm_ip=0x716a80d1223a vm_ip_off=0x31223a vm_flags=0x8e4e0de5 vm_state=0x7bd7fefb vm_byte=0x3a target=0x716a80ab8556 target_off=0xb8556
[DISPATCH] site=0xcdac7 count=2729 slot=0x716a80ac3c60 slot_off=0xc3c60 idx=0x548 frame=0x716a80a7836d frame_off=0x7836d vm_ip=0x716a80d12464 vm_ip_off=0x312464 vm_flags=0x347541db vm_state=0x69945ffa vm_byte=0x3a target=0x716a80a9af18 target_off=0x9af18
[DISPATCH] site=0xcdac7 count=2730 slot=0x716a80ac40c8 slot_off=0xc40c8 idx=0x9b0 frame=0x716a80a7836d frame_off=0x7836d vm_ip=0x716a80d1268e vm_ip_off=0x31268e vm_flags=0x5675bb90 vm_state=0xffc76ef9 vm_byte=0x3a target=0x716a80ab8556 target_off=0xb8556
[DISPATCH] site=0xcdac7 count=2731 slot=0x716a80ac3c60 slot_off=0xc3c60 idx=0x548 frame=0x716a80a7836d frame_off=0x7836d vm_ip=0x716a80d12868 vm_ip_off=0x312868 vm_flags=0x221c12 vm_state=0x3f06a742 vm_byte=0x3a target=0x716a80a9af18 target_off=0x9af18
[DISPATCH] site=0xcdac7 count=2732 slot=0x716a80ac3c60 slot_off=0xc3c60 idx=0x548 frame=0x716a80a7836d frame_off=0x7836d vm_ip=0x716a80d12aee vm_ip_off=0x312aee vm_flags=0x8e3c0ca2 vm_state=0x6f95fefa vm_byte=0x3a target=0x716a80a9af18 target_off=0x9af18
[DISPATCH] site=0xcdac7 count=2733 slot=0x716a80ac3c60 slot_off=0xc3c60 idx=0x548 frame=0x716a80a7836d frame_off=0x7836d vm_ip=0x716a80d12cd0 vm_ip_off=0x312cd0 vm_flags=0xfbf79ddb vm_state=0xf9f3eb74 vm_byte=0x3a target=0x716a80a9af18 target_off=0x9af18
[DISPATCH] site=0xcdac7 count=2734 slot=0x716a80ac40c8 slot_off=0xc40c8 idx=0x9b0 frame=0x716a80a7836d frame_off=0x7836d vm_ip=0x716a80d12f26 vm_ip_off=0x312f26 vm_flags=0x4b8eb2de vm_state=0x7b1c5e5e vm_byte=0x3a target=0x716a80ab8556 target_off=0xb8556
[DISPATCH] site=0xcdac7 count=2735 slot=0x716a80ac40c8 slot_off=0xc40c8 idx=0x9b0 frame=0x716a80a7836d frame_off=0x7836d vm_ip=0x716a80d13169 vm_ip_off=0x313169 vm_flags=0x7afe7fef vm_state=0x727e02a8 vm_byte=0x3a target=0x716a80ab8556 target_off=0xb8556
[DISPATCH] site=0xcdac7 count=2736 slot=0x716a80ac3c60 slot_off=0xc3c60 idx=0x548 frame=0x716a80a7836d frame_off=0x7836d vm_ip=0x716a80d1334b vm_ip_off=0x31334b vm_flags=0xce4d8465 vm_state=0x7f3e7f7b vm_byte=0x3a target=0x716a80a9af18 target_off=0x9af18
[DISPATCH] site=0xcdac7 count=2737 slot=0x716a80ac3c60 slot_off=0xc3c60 idx=0x548 frame=0x716a80a7836d frame_off=0x7836d vm_ip=0x716a80d135b9 vm_ip_off=0x3135b9 vm_flags=0xc917a90d vm_state=0xc917a90d vm_byte=0x3a target=0x716a80a9af18 target_off=0x9af18
[DISPATCH] site=0xcdac7 count=2738 slot=0x716a80ac40c8 slot_off=0xc40c8 idx=0x9b0 frame=0x716a80a7836d frame_off=0x7836d vm_ip=0x716a80d137fc vm_ip_off=0x3137fc vm_flags=0x8df97560 vm_state=0x694cb90f vm_byte=0x3a target=0x716a80ab8556 target_off=0xb8556
[DISPATCH] site=0xcdac7 count=2739 slot=0x716a80ac40c8 slot_off=0xc40c8 idx=0x9b0 frame=0x716a80a7836d frame_off=0x7836d vm_ip=0x716a80d139de vm_ip_off=0x3139de vm_flags=0x4a612e32 vm_state=0x5f8f8af3 vm_byte=0x3a target=0x716a80ab8556 target_off=0xb8556
[DISPATCH] site=0xcdac7 count=2740 slot=0x716a80ac3c60 slot_off=0xc3c60 idx=0x548 frame=0x716a80a7836d frame_off=0x7836d vm_ip=0x716a80d13c4c vm_ip_off=0x313c4c vm_flags=0x8f70318b vm_state=0xfbfb8b3c vm_byte=0x3a target=0x716a80a9af18 target_off=0x9af18
[DISPATCH] site=0xcdac7 count=2741 slot=0x716a80ac3c60 slot_off=0xc3c60 idx=0x548 frame=0x716a80a7836d frame_off=0x7836d vm_ip=0x716a80d13e8f vm_ip_off=0x313e8f vm_flags=0xfed1df96 vm_state=0x58a4dcd6 vm_byte=0x3a target=0x716a80a9af18 target_off=0x9af18
[DISPATCH] site=0xcdac7 count=2742 slot=0x716a80ac3c60 slot_off=0xc3c60 idx=0x548 frame=0x716a80a7836d frame_off=0x7836d vm_ip=0x716a80d14071 vm_ip_off=0x314071 vm_flags=0x4ac60206 vm_state=0x5ee7d2fb vm_byte=0x3a target=0x716a80a9af18 target_off=0x9af18
[DISPATCH] site=0xcdac7 count=2743 slot=0x716a80ac40c8 slot_off=0xc40c8 idx=0x9b0 frame=0x716a80a7836d frame_off=0x7836d vm_ip=0x716a80d142df vm_ip_off=0x3142df vm_flags=0x861eb185 vm_state=0xdf95e7f4 vm_byte=0x3a target=0x716a80ab8556 target_off=0xb8556
[DISPATCH] site=0xcdac7 count=2744 slot=0x716a80ac40c8 slot_off=0xc40c8 idx=0x9b0 frame=0x716a80a7836d frame_off=0x7836d vm_ip=0x716a80d14522 vm_ip_off=0x314522 vm_flags=0x34a042ea vm_state=0x3ce04eeb vm_byte=0x3a target=0x716a80ab8556 target_off=0xb8556
[DISPATCH] site=0xcdac7 count=2745 slot=0x716a80ac40c8 slot_off=0xc40c8 idx=0x9b0 frame=0x716a80a7836d frame_off=0x7836d vm_ip=0x716a80d14704 vm_ip_off=0x314704 vm_flags=0xfcdeff37 vm_state=0xfcd60600 vm_byte=0x3a target=0x716a80ab8556 target_off=0xb8556
[DISPATCH] site=0xcdac7 count=2746 slot=0x716a80ac3c60 slot_off=0xc3c60 idx=0x548 frame=0x716a80a7836d frame_off=0x7836d vm_ip=0x716a80d14972 vm_ip_off=0x314972 vm_flags=0xf8eeff37 vm_state=0xf8e60910 vm_byte=0x3a target=0x716a80a9af18 target_off=0x9af18
[DISPATCH] site=0xcdac7 count=2747 slot=0x716a80ac40c8 slot_off=0xc40c8 idx=0x9b0 frame=0x716a80a7836d frame_off=0x7836d vm_ip=0x716a80d14bb5 vm_ip_off=0x314bb5 vm_flags=0x62662dfb vm_state=0xbffcca14 vm_byte=0x3a target=0x716a80ab8556 target_off=0xb8556
[DISPATCH] site=0xcdac7 count=2748 slot=0x716a80ac3c60 slot_off=0xc3c60 idx=0x548 frame=0x716a80a7836d frame_off=0x7836d vm_ip=0x716a80d14d97 vm_ip_off=0x314d97 vm_flags=0xfadf7f2d vm_state=0xf21b0800 vm_byte=0x3a target=0x716a80a9af18 target_off=0x9af18
[DISPATCH] site=0xcdac7 count=2749 slot=0x716a80ac40c8 slot_off=0xc40c8 idx=0x9b0 frame=0x716a80a7836d frame_off=0x7836d vm_ip=0x716a80d15005 vm_ip_off=0x315005 vm_flags=0xe34473c6 vm_state=0xe74477c6 vm_byte=0x3a target=0x716a80ab8556 target_off=0xb8556
[DISPATCH] site=0xcdac7 count=2750 slot=0x716a80ac40c8 slot_off=0xc40c8 idx=0x9b0 frame=0x716a80a7836d frame_off=0x7836d vm_ip=0x716a80d1522f vm_ip_off=0x31522f vm_flags=0x69b0303a vm_state=0x69145e5a vm_byte=0x3a target=0x716a80ab8556 target_off=0xb8556
[DISPATCH] site=0xcdac7 count=2751 slot=0x716a80ac3c60 slot_off=0xc3c60 idx=0x548 frame=0x716a80a7836d frame_off=0x7836d vm_ip=0x716a80d15486 vm_ip_off=0x315486 vm_flags=0x841ab3c5 vm_state=0x841ab3c5 vm_byte=0x3a target=0x716a80a9af18 target_off=0x9af18
[DISPATCH] site=0xcdac7 count=2752 slot=0x716a80ac3c60 slot_off=0xc3c60 idx=0x548 frame=0x716a80a7836d frame_off=0x7836d vm_ip=0x716a80d156ca vm_ip_off=0x3156ca vm_flags=0xf613f930 vm_state=0x3ffce85e vm_byte=0x3a target=0x716a80a9af18 target_off=0x9af18
[DISPATCH] site=0xcdac7 count=2753 slot=0x716a80ac3c60 slot_off=0xc3c60 idx=0x548 frame=0x716a80a7836d frame_off=0x7836d vm_ip=0x716a80d15969 vm_ip_off=0x315969 vm_flags=0x2ab32381 vm_state=0x2af72783 vm_byte=0x3a target=0x716a80a9af18 target_off=0x9af18
[DISPATCH] site=0xcdac7 count=2754 slot=0x716a80ac3c60 slot_off=0xc3c60 idx=0x548 frame=0x716a80a7836d frame_off=0x7836d vm_ip=0x716a80d15bbf vm_ip_off=0x315bbf vm_flags=0x6e5d9892 vm_state=0x4000d60c vm_byte=0x3a target=0x716a80a9af18 target_off=0x9af18
[DISPATCH] site=0xcdac7 count=2755 slot=0x716a80ac40c8 slot_off=0xc40c8 idx=0x9b0 frame=0x716a80a7836d frame_off=0x7836d vm_ip=0x716a80d10ca5 vm_ip_off=0x310ca5 vm_flags=0x148226cc vm_state=0xffaffb65 vm_byte=0x3a target=0x716a80ab8556 target_off=0xb8556
[DISPATCH] site=0xcdac7 count=2756 slot=0x716a80ac40c8 slot_off=0xc40c8 idx=0x9b0 frame=0x716a80a7836d frame_off=0x7836d vm_ip=0x716a80d10ef0 vm_ip_off=0x310ef0 vm_flags=0x14100010 vm_state=0x3f0612b2 vm_byte=0x3a target=0x716a80ab8556 target_off=0xb8556
[DISPATCH] site=0xcdac7 count=2757 slot=0x716a80ac3c60 slot_off=0xc3c60 idx=0x548 frame=0x716a80a7836d frame_off=0x7836d vm_ip=0x716a80d11163 vm_ip_off=0x311163 vm_flags=0xc83095f0 vm_state=0x400110fe vm_byte=0x3a target=0x716a80a9af18 target_off=0x9af18
[DISPATCH] site=0xcdac7 count=2758 slot=0x716a80ac3c60 slot_off=0xc3c60 idx=0x548 frame=0x716a80a7836d frame_off=0x7836d vm_ip=0x716a80d113a5 vm_ip_off=0x3113a5 vm_flags=0x7adeff2e vm_state=0x78de0800 vm_byte=0x3a target=0x716a80a9af18 target_off=0x9af18
[DISPATCH] site=0xcdac7 count=2759 slot=0x716a80ac40c8 slot_off=0xc40c8 idx=0x9b0 frame=0x716a80a7836d frame_off=0x7836d vm_ip=0x716a80d115e7 vm_ip_off=0x3115e7 vm_flags=0x2948 vm_state=0x2948 vm_byte=0x3a target=0x716a80ab8556 target_off=0xb8556
[DISPATCH] site=0xcdac7 count=2760 slot=0x716a80ac3c60 slot_off=0xc3c60 idx=0x548 frame=0x716a80a7836d frame_off=0x7836d vm_ip=0x716a80d11829 vm_ip_off=0x311829 vm_flags=0x3acddfde vm_state=0x585c5c02 vm_byte=0x3a target=0x716a80a9af18 target_off=0x9af18
[DISPATCH] site=0xcdac7 count=2761 slot=0x716a80ac3c60 slot_off=0xc3c60 idx=0x548 frame=0x716a80a7836d frame_off=0x7836d vm_ip=0x716a80d11a6b vm_ip_off=0x311a6b vm_flags=0xef1b287 vm_state=0x69145f5a vm_byte=0x3a target=0x716a80a9af18 target_off=0x9af18
[DISPATCH] site=0xcdac7 count=2762 slot=0x716a80ac40c8 slot_off=0xc40c8 idx=0x9b0 frame=0x716a80a7836d frame_off=0x7836d vm_ip=0x716a80d11cad vm_ip_off=0x311cad vm_flags=0x524c03c5 vm_state=0x7df7dfda vm_byte=0x3a target=0x716a80ab8556 target_off=0xb8556
[DISPATCH] site=0xcdac7 count=2763 slot=0x716a80ac40c8 slot_off=0xc40c8 idx=0x9b0 frame=0x716a80a7836d frame_off=0x7836d vm_ip=0x716a80d11f69 vm_ip_off=0x311f69 vm_flags=0x8e78f1da vm_state=0xeb377ffe vm_byte=0x3a target=0x716a80ab8556 target_off=0xb8556
[DISPATCH] site=0xcdac7 count=2764 slot=0x716a80ac40c8 slot_off=0xc40c8 idx=0x9b0 frame=0x716a80a7836d frame_off=0x7836d vm_ip=0x716a80d1223a vm_ip_off=0x31223a vm_flags=0x8e4e0de5 vm_state=0x7bd7fefb vm_byte=0x3a target=0x716a80ab8556 target_off=0xb8556
[DISPATCH] site=0xcdac7 count=2765 slot=0x716a80ac3c60 slot_off=0xc3c60 idx=0x548 frame=0x716a80a7836d frame_off=0x7836d vm_ip=0x716a80d12464 vm_ip_off=0x312464 vm_flags=0x347541db vm_state=0x69945ffa vm_byte=0x3a target=0x716a80a9af18 target_off=0x9af18
[DISPATCH] site=0xcdac7 count=2766 slot=0x716a80ac40c8 slot_off=0xc40c8 idx=0x9b0 frame=0x716a80a7836d frame_off=0x7836d vm_ip=0x716a80d1268e vm_ip_off=0x31268e vm_flags=0x5675bb90 vm_state=0xffc76ef9 vm_byte=0x3a target=0x716a80ab8556 target_off=0xb8556
[DISPATCH] site=0xcdac7 count=2767 slot=0x716a80ac3c60 slot_off=0xc3c60 idx=0x548 frame=0x716a80a7836d frame_off=0x7836d vm_ip=0x716a80d12868 vm_ip_off=0x312868 vm_flags=0x221c12 vm_state=0x3f06a742 vm_byte=0x3a target=0x716a80a9af18 target_off=0x9af18
[DISPATCH] site=0xcdac7 count=2768 slot=0x716a80ac3c60 slot_off=0xc3c60 idx=0x548 frame=0x716a80a7836d frame_off=0x7836d vm_ip=0x716a80d12aee vm_ip_off=0x312aee vm_flags=0x8e3c0ca2 vm_state=0x6f95fefa vm_byte=0x3a target=0x716a80a9af18 target_off=0x9af18
[DISPATCH] site=0xcdac7 count=2769 slot=0x716a80ac3c60 slot_off=0xc3c60 idx=0x548 frame=0x716a80a7836d frame_off=0x7836d vm_ip=0x716a80d12cd0 vm_ip_off=0x312cd0 vm_flags=0xfbf79ddb vm_state=0xf9f3eb74 vm_byte=0x3a target=0x716a80a9af18 target_off=0x9af18
[DISPATCH] site=0xcdac7 count=2770 slot=0x716a80ac40c8 slot_off=0xc40c8 idx=0x9b0 frame=0x716a80a7836d frame_off=0x7836d vm_ip=0x716a80d12f26 vm_ip_off=0x312f26 vm_flags=0x4b8eb2de vm_state=0x7b1c5e5e vm_byte=0x3a target=0x716a80ab8556 target_off=0xb8556
[DISPATCH] site=0xcdac7 count=2771 slot=0x716a80ac40c8 slot_off=0xc40c8 idx=0x9b0 frame=0x716a80a7836d frame_off=0x7836d vm_ip=0x716a80d13169 vm_ip_off=0x313169 vm_flags=0x7afe7fef vm_state=0x727e02a8 vm_byte=0x3a target=0x716a80ab8556 target_off=0xb8556
[DISPATCH] site=0xcdac7 count=2772 slot=0x716a80ac3c60 slot_off=0xc3c60 idx=0x548 frame=0x716a80a7836d frame_off=0x7836d vm_ip=0x716a80d1334b vm_ip_off=0x31334b vm_flags=0xce4d8465 vm_state=0x7f3e7f7b vm_byte=0x3a target=0x716a80a9af18 target_off=0x9af18
[DISPATCH] site=0xcdac7 count=2773 slot=0x716a80ac3c60 slot_off=0xc3c60 idx=0x548 frame=0x716a80a7836d frame_off=0x7836d vm_ip=0x716a80d135b9 vm_ip_off=0x3135b9 vm_flags=0xc917a90d vm_state=0xc917a90d vm_byte=0x3a target=0x716a80a9af18 target_off=0x9af18
[DISPATCH] site=0xcdac7 count=2774 slot=0x716a80ac40c8 slot_off=0xc40c8 idx=0x9b0 frame=0x716a80a7836d frame_off=0x7836d vm_ip=0x716a80d137fc vm_ip_off=0x3137fc vm_flags=0x8df97560 vm_state=0x694cb90f vm_byte=0x3a target=0x716a80ab8556 target_off=0xb8556
[DISPATCH] site=0xcdac7 count=2775 slot=0x716a80ac40c8 slot_off=0xc40c8 idx=0x9b0 frame=0x716a80a7836d frame_off=0x7836d vm_ip=0x716a80d139de vm_ip_off=0x3139de vm_flags=0x4a612e32 vm_state=0x5f8f8af3 vm_byte=0x3a target=0x716a80ab8556 target_off=0xb8556
[DISPATCH] site=0xcdac7 count=2776 slot=0x716a80ac3c60 slot_off=0xc3c60 idx=0x548 frame=0x716a80a7836d frame_off=0x7836d vm_ip=0x716a80d13c4c vm_ip_off=0x313c4c vm_flags=0x8f70318b vm_state=0xfbfb8b3c vm_byte=0x3a target=0x716a80a9af18 target_off=0x9af18
[DISPATCH] site=0xcdac7 count=2777 slot=0x716a80ac3c60 slot_off=0xc3c60 idx=0x548 frame=0x716a80a7836d frame_off=0x7836d vm_ip=0x716a80d13e8f vm_ip_off=0x313e8f vm_flags=0xfed1df96 vm_state=0x58a4dcd6 vm_byte=0x3a target=0x716a80a9af18 target_off=0x9af18
[DISPATCH] site=0xcdac7 count=2778 slot=0x716a80ac3c60 slot_off=0xc3c60 idx=0x548 frame=0x716a80a7836d frame_off=0x7836d vm_ip=0x716a80d14071 vm_ip_off=0x314071 vm_flags=0x4ac60206 vm_state=0x5ee7d2fb vm_byte=0x3a target=0x716a80a9af18 target_off=0x9af18
[DISPATCH] site=0xcdac7 count=2779 slot=0x716a80ac40c8 slot_off=0xc40c8 idx=0x9b0 frame=0x716a80a7836d frame_off=0x7836d vm_ip=0x716a80d142df vm_ip_off=0x3142df vm_flags=0x861eb185 vm_state=0xdf95e7f4 vm_byte=0x3a target=0x716a80ab8556 target_off=0xb8556
[DISPATCH] site=0xcdac7 count=2780 slot=0x716a80ac40c8 slot_off=0xc40c8 idx=0x9b0 frame=0x716a80a7836d frame_off=0x7836d vm_ip=0x716a80d14522 vm_ip_off=0x314522 vm_flags=0x34a042ea vm_state=0x3ce04eeb vm_byte=0x3a target=0x716a80ab8556 target_off=0xb8556
[DISPATCH] site=0xcdac7 count=2781 slot=0x716a80ac40c8 slot_off=0xc40c8 idx=0x9b0 frame=0x716a80a7836d frame_off=0x7836d vm_ip=0x716a80d14704 vm_ip_off=0x314704 vm_flags=0xfcdeff37 vm_state=0xfcd60600 vm_byte=0x3a target=0x716a80ab8556 target_off=0xb8556
[DISPATCH] site=0xcdac7 count=2782 slot=0x716a80ac3c60 slot_off=0xc3c60 idx=0x548 frame=0x716a80a7836d frame_off=0x7836d vm_ip=0x716a80d14972 vm_ip_off=0x314972 vm_flags=0xf8eeff37 vm_state=0xf8e60910 vm_byte=0x3a target=0x716a80a9af18 target_off=0x9af18
[DISPATCH] site=0xcdac7 count=2783 slot=0x716a80ac40c8 slot_off=0xc40c8 idx=0x9b0 frame=0x716a80a7836d frame_off=0x7836d vm_ip=0x716a80d14bb5 vm_ip_off=0x314bb5 vm_flags=0x62662dfb vm_state=0xbffcca14 vm_byte=0x3a target=0x716a80ab8556 target_off=0xb8556
[DISPATCH] site=0xcdac7 count=2784 slot=0x716a80ac3c60 slot_off=0xc3c60 idx=0x548 frame=0x716a80a7836d frame_off=0x7836d vm_ip=0x716a80d14d97 vm_ip_off=0x314d97 vm_flags=0xfadf7f2d vm_state=0xf21b0800 vm_byte=0x3a target=0x716a80a9af18 target_off=0x9af18
[DISPATCH] site=0xcdac7 count=2785 slot=0x716a80ac40c8 slot_off=0xc40c8 idx=0x9b0 frame=0x716a80a7836d frame_off=0x7836d vm_ip=0x716a80d15005 vm_ip_off=0x315005 vm_flags=0xe34473c6 vm_state=0xe74477c6 vm_byte=0x3a target=0x716a80ab8556 target_off=0xb8556
[DISPATCH] site=0xcdac7 count=2786 slot=0x716a80ac40c8 slot_off=0xc40c8 idx=0x9b0 frame=0x716a80a7836d frame_off=0x7836d vm_ip=0x716a80d1522f vm_ip_off=0x31522f vm_flags=0x69b0303a vm_state=0x69145e5a vm_byte=0x3a target=0x716a80ab8556 target_off=0xb8556
[DISPATCH] site=0xcdac7 count=2787 slot=0x716a80ac3c60 slot_off=0xc3c60 idx=0x548 frame=0x716a80a7836d frame_off=0x7836d vm_ip=0x716a80d15486 vm_ip_off=0x315486 vm_flags=0x841ab3c5 vm_state=0x841ab3c5 vm_byte=0x3a target=0x716a80a9af18 target_off=0x9af18
[DISPATCH] site=0xcdac7 count=2788 slot=0x716a80ac3c60 slot_off=0xc3c60 idx=0x548 frame=0x716a80a7836d frame_off=0x7836d vm_ip=0x716a80d156ca vm_ip_off=0x3156ca vm_flags=0xf613f930 vm_state=0x3ffce85e vm_byte=0x3a target=0x716a80a9af18 target_off=0x9af18
[DISPATCH] site=0xcdac7 count=2789 slot=0x716a80ac3c60 slot_off=0xc3c60 idx=0x548 frame=0x716a80a7836d frame_off=0x7836d vm_ip=0x716a80d15969 vm_ip_off=0x315969 vm_flags=0x2ab32381 vm_state=0x2af72783 vm_byte=0x3a target=0x716a80a9af18 target_off=0x9af18
[DISPATCH] site=0xcdac7 count=2790 slot=0x716a80ac3c60 slot_off=0xc3c60 idx=0x548 frame=0x716a80a7836d frame_off=0x7836d vm_ip=0x716a80d15bbf vm_ip_off=0x315bbf vm_flags=0x6e5d9892 vm_state=0x4000d60c vm_byte=0x3a target=0x716a80a9af18 target_off=0x9af18
[DISPATCH] site=0xcdac7 count=2791 slot=0x716a80ac40c8 slot_off=0xc40c8 idx=0x9b0 frame=0x716a80a7836d frame_off=0x7836d vm_ip=0x716a80d10ca5 vm_ip_off=0x310ca5 vm_flags=0x148226cc vm_state=0xffaffb65 vm_byte=0x3a target=0x716a80ab8556 target_off=0xb8556
[DISPATCH] site=0xcdac7 count=2792 slot=0x716a80ac40c8 slot_off=0xc40c8 idx=0x9b0 frame=0x716a80a7836d frame_off=0x7836d vm_ip=0x716a80d10ef0 vm_ip_off=0x310ef0 vm_flags=0x14100010 vm_state=0x3f0612b2 vm_byte=0x3a target=0x716a80ab8556 target_off=0xb8556
[DISPATCH] site=0xcdac7 count=2793 slot=0x716a80ac3c60 slot_off=0xc3c60 idx=0x548 frame=0x716a80a7836d frame_off=0x7836d vm_ip=0x716a80d11163 vm_ip_off=0x311163 vm_flags=0xc83095f0 vm_state=0x400110fe vm_byte=0x3a target=0x716a80a9af18 target_off=0x9af18
[DISPATCH] site=0xcdac7 count=2794 slot=0x716a80ac3c60 slot_off=0xc3c60 idx=0x548 frame=0x716a80a7836d frame_off=0x7836d vm_ip=0x716a80d113a5 vm_ip_off=0x3113a5 vm_flags=0x7adeff2e vm_state=0x78de0800 vm_byte=0x3a target=0x716a80a9af18 target_off=0x9af18
[DISPATCH] site=0xcdac7 count=2795 slot=0x716a80ac40c8 slot_off=0xc40c8 idx=0x9b0 frame=0x716a80a7836d frame_off=0x7836d vm_ip=0x716a80d115e7 vm_ip_off=0x3115e7 vm_flags=0x2948 vm_state=0x2948 vm_byte=0x3a target=0x716a80ab8556 target_off=0xb8556
[DISPATCH] site=0xcdac7 count=2796 slot=0x716a80ac3c60 slot_off=0xc3c60 idx=0x548 frame=0x716a80a7836d frame_off=0x7836d vm_ip=0x716a80d11829 vm_ip_off=0x311829 vm_flags=0x3acddfde vm_state=0x585c5c02 vm_byte=0x3a target=0x716a80a9af18 target_off=0x9af18
[DISPATCH] site=0xcdac7 count=2797 slot=0x716a80ac3c60 slot_off=0xc3c60 idx=0x548 frame=0x716a80a7836d frame_off=0x7836d vm_ip=0x716a80d11a6b vm_ip_off=0x311a6b vm_flags=0xef1b287 vm_state=0x69145f5a vm_byte=0x3a target=0x716a80a9af18 target_off=0x9af18
[DISPATCH] site=0xcdac7 count=2798 slot=0x716a80ac40c8 slot_off=0xc40c8 idx=0x9b0 frame=0x716a80a7836d frame_off=0x7836d vm_ip=0x716a80d11cad vm_ip_off=0x311cad vm_flags=0x524c03c5 vm_state=0x7df7dfda vm_byte=0x3a target=0x716a80ab8556 target_off=0xb8556
[DISPATCH] site=0xcdac7 count=2799 slot=0x716a80ac40c8 slot_off=0xc40c8 idx=0x9b0 frame=0x716a80a7836d frame_off=0x7836d vm_ip=0x716a80d11f69 vm_ip_off=0x311f69 vm_flags=0x8e78f1da vm_state=0xeb377ffe vm_byte=0x3a target=0x716a80ab8556 target_off=0xb8556
[DISPATCH] site=0xcdac7 count=2800 slot=0x716a80ac40c8 slot_off=0xc40c8 idx=0x9b0 frame=0x716a80a7836d frame_off=0x7836d vm_ip=0x716a80d1223a vm_ip_off=0x31223a vm_flags=0x8e4e0de5 vm_state=0x7bd7fefb vm_byte=0x3a target=0x716a80ab8556 target_off=0xb8556
[DISPATCH] site=0xcdac7 count=2801 slot=0x716a80ac3c60 slot_off=0xc3c60 idx=0x548 frame=0x716a80a7836d frame_off=0x7836d vm_ip=0x716a80d12464 vm_ip_off=0x312464 vm_flags=0x347541db vm_state=0x69945ffa vm_byte=0x3a target=0x716a80a9af18 target_off=0x9af18
[DISPATCH] site=0xcdac7 count=2802 slot=0x716a80ac40c8 slot_off=0xc40c8 idx=0x9b0 frame=0x716a80a7836d frame_off=0x7836d vm_ip=0x716a80d1268e vm_ip_off=0x31268e vm_flags=0x5675bb90 vm_state=0xffc76ef9 vm_byte=0x3a target=0x716a80ab8556 target_off=0xb8556
[DISPATCH] site=0xcdac7 count=2803 slot=0x716a80ac3c60 slot_off=0xc3c60 idx=0x548 frame=0x716a80a7836d frame_off=0x7836d vm_ip=0x716a80d12868 vm_ip_off=0x312868 vm_flags=0x221c12 vm_state=0x3f06a742 vm_byte=0x3a target=0x716a80a9af18 target_off=0x9af18
[DISPATCH] site=0xcdac7 count=2804 slot=0x716a80ac3c60 slot_off=0xc3c60 idx=0x548 frame=0x716a80a7836d frame_off=0x7836d vm_ip=0x716a80d12aee vm_ip_off=0x312aee vm_flags=0x8e3c0ca2 vm_state=0x6f95fefa vm_byte=0x3a target=0x716a80a9af18 target_off=0x9af18
[DISPATCH] site=0xcdac7 count=2805 slot=0x716a80ac3c60 slot_off=0xc3c60 idx=0x548 frame=0x716a80a7836d frame_off=0x7836d vm_ip=0x716a80d12cd0 vm_ip_off=0x312cd0 vm_flags=0xfbf79ddb vm_state=0xf9f3eb74 vm_byte=0x3a target=0x716a80a9af18 target_off=0x9af18
[DISPATCH] site=0xcdac7 count=2806 slot=0x716a80ac40c8 slot_off=0xc40c8 idx=0x9b0 frame=0x716a80a7836d frame_off=0x7836d vm_ip=0x716a80d12f26 vm_ip_off=0x312f26 vm_flags=0x4b8eb2de vm_state=0x7b1c5e5e vm_byte=0x3a target=0x716a80ab8556 target_off=0xb8556
[DISPATCH] site=0xcdac7 count=2807 slot=0x716a80ac40c8 slot_off=0xc40c8 idx=0x9b0 frame=0x716a80a7836d frame_off=0x7836d vm_ip=0x716a80d13169 vm_ip_off=0x313169 vm_flags=0x7afe7fef vm_state=0x727e02a8 vm_byte=0x3a target=0x716a80ab8556 target_off=0xb8556
[DISPATCH] site=0xcdac7 count=2808 slot=0x716a80ac3c60 slot_off=0xc3c60 idx=0x548 frame=0x716a80a7836d frame_off=0x7836d vm_ip=0x716a80d1334b vm_ip_off=0x31334b vm_flags=0xce4d8465 vm_state=0x7f3e7f7b vm_byte=0x3a target=0x716a80a9af18 target_off=0x9af18
[DISPATCH] site=0xcdac7 count=2809 slot=0x716a80ac3c60 slot_off=0xc3c60 idx=0x548 frame=0x716a80a7836d frame_off=0x7836d vm_ip=0x716a80d135b9 vm_ip_off=0x3135b9 vm_flags=0xc917a90d vm_state=0xc917a90d vm_byte=0x3a target=0x716a80a9af18 target_off=0x9af18
[DISPATCH] site=0xcdac7 count=2810 slot=0x716a80ac40c8 slot_off=0xc40c8 idx=0x9b0 frame=0x716a80a7836d frame_off=0x7836d vm_ip=0x716a80d137fc vm_ip_off=0x3137fc vm_flags=0x8df97560 vm_state=0x694cb90f vm_byte=0x3a target=0x716a80ab8556 target_off=0xb8556
[DISPATCH] site=0xcdac7 count=2811 slot=0x716a80ac40c8 slot_off=0xc40c8 idx=0x9b0 frame=0x716a80a7836d frame_off=0x7836d vm_ip=0x716a80d139de vm_ip_off=0x3139de vm_flags=0x4a612e32 vm_state=0x5f8f8af3 vm_byte=0x3a target=0x716a80ab8556 target_off=0xb8556
[DISPATCH] site=0xcdac7 count=2812 slot=0x716a80ac3c60 slot_off=0xc3c60 idx=0x548 frame=0x716a80a7836d frame_off=0x7836d vm_ip=0x716a80d13c4c vm_ip_off=0x313c4c vm_flags=0x8f70318b vm_state=0xfbfb8b3c vm_byte=0x3a target=0x716a80a9af18 target_off=0x9af18
[DISPATCH] site=0xcdac7 count=2813 slot=0x716a80ac3c60 slot_off=0xc3c60 idx=0x548 frame=0x716a80a7836d frame_off=0x7836d vm_ip=0x716a80d13e8f vm_ip_off=0x313e8f vm_flags=0xfed1df96 vm_state=0x58a4dcd6 vm_byte=0x3a target=0x716a80a9af18 target_off=0x9af18
[DISPATCH] site=0xcdac7 count=2814 slot=0x716a80ac3c60 slot_off=0xc3c60 idx=0x548 frame=0x716a80a7836d frame_off=0x7836d vm_ip=0x716a80d14071 vm_ip_off=0x314071 vm_flags=0x4ac60206 vm_state=0x5ee7d2fb vm_byte=0x3a target=0x716a80a9af18 target_off=0x9af18
[DISPATCH] site=0xcdac7 count=2815 slot=0x716a80ac40c8 slot_off=0xc40c8 idx=0x9b0 frame=0x716a80a7836d frame_off=0x7836d vm_ip=0x716a80d142df vm_ip_off=0x3142df vm_flags=0x861eb185 vm_state=0xdf95e7f4 vm_byte=0x3a target=0x716a80ab8556 target_off=0xb8556
[DISPATCH] site=0xcdac7 count=2816 slot=0x716a80ac40c8 slot_off=0xc40c8 idx=0x9b0 frame=0x716a80a7836d frame_off=0x7836d vm_ip=0x716a80d14522 vm_ip_off=0x314522 vm_flags=0x34a042ea vm_state=0x3ce04eeb vm_byte=0x3a target=0x716a80ab8556 target_off=0xb8556
[DISPATCH] site=0xcdac7 count=2817 slot=0x716a80ac40c8 slot_off=0xc40c8 idx=0x9b0 frame=0x716a80a7836d frame_off=0x7836d vm_ip=0x716a80d14704 vm_ip_off=0x314704 vm_flags=0xfcdeff37 vm_state=0xfcd60600 vm_byte=0x3a target=0x716a80ab8556 target_off=0xb8556
[DISPATCH] site=0xcdac7 count=2818 slot=0x716a80ac3c60 slot_off=0xc3c60 idx=0x548 frame=0x716a80a7836d frame_off=0x7836d vm_ip=0x716a80d14972 vm_ip_off=0x314972 vm_flags=0xf8eeff37 vm_state=0xf8e60910 vm_byte=0x3a target=0x716a80a9af18 target_off=0x9af18
[DISPATCH] site=0xcdac7 count=2819 slot=0x716a80ac40c8 slot_off=0xc40c8 idx=0x9b0 frame=0x716a80a7836d frame_off=0x7836d vm_ip=0x716a80d14bb5 vm_ip_off=0x314bb5 vm_flags=0x62662dfb vm_state=0xbffcca14 vm_byte=0x3a target=0x716a80ab8556 target_off=0xb8556
[DISPATCH] site=0xcdac7 count=2820 slot=0x716a80ac3c60 slot_off=0xc3c60 idx=0x548 frame=0x716a80a7836d frame_off=0x7836d vm_ip=0x716a80d14d97 vm_ip_off=0x314d97 vm_flags=0xfadf7f2d vm_state=0xf21b0800 vm_byte=0x3a target=0x716a80a9af18 target_off=0x9af18
[DISPATCH] site=0xcdac7 count=2821 slot=0x716a80ac40c8 slot_off=0xc40c8 idx=0x9b0 frame=0x716a80a7836d frame_off=0x7836d vm_ip=0x716a80d15005 vm_ip_off=0x315005 vm_flags=0xe34473c6 vm_state=0xe74477c6 vm_byte=0x3a target=0x716a80ab8556 target_off=0xb8556
[DISPATCH] site=0xcdac7 count=2822 slot=0x716a80ac40c8 slot_off=0xc40c8 idx=0x9b0 frame=0x716a80a7836d frame_off=0x7836d vm_ip=0x716a80d1522f vm_ip_off=0x31522f vm_flags=0x69b0303a vm_state=0x69145e5a vm_byte=0x3a target=0x716a80ab8556 target_off=0xb8556
[DISPATCH] site=0xcdac7 count=2823 slot=0x716a80ac3c60 slot_off=0xc3c60 idx=0x548 frame=0x716a80a7836d frame_off=0x7836d vm_ip=0x716a80d15486 vm_ip_off=0x315486 vm_flags=0x841ab3c5 vm_state=0x841ab3c5 vm_byte=0x3a target=0x716a80a9af18 target_off=0x9af18
[DISPATCH] site=0xcdac7 count=2824 slot=0x716a80ac3c60 slot_off=0xc3c60 idx=0x548 frame=0x716a80a7836d frame_off=0x7836d vm_ip=0x716a80d156ca vm_ip_off=0x3156ca vm_flags=0xf613f930 vm_state=0x3ffce85e vm_byte=0x3a target=0x716a80a9af18 target_off=0x9af18
[DISPATCH] site=0xcdac7 count=2825 slot=0x716a80ac3c60 slot_off=0xc3c60 idx=0x548 frame=0x716a80a7836d frame_off=0x7836d vm_ip=0x716a80d15969 vm_ip_off=0x315969 vm_flags=0x2ab32381 vm_state=0x2af72783 vm_byte=0x3a target=0x716a80a9af18 target_off=0x9af18
[DISPATCH] site=0xcdac7 count=2826 slot=0x716a80ac3c60 slot_off=0xc3c60 idx=0x548 frame=0x716a80a7836d frame_off=0x7836d vm_ip=0x716a80d15bbf vm_ip_off=0x315bbf vm_flags=0x6e5d9892 vm_state=0x4000d60c vm_byte=0x3a target=0x716a80a9af18 target_off=0x9af18
[DISPATCH] site=0xcdac7 count=2827 slot=0x716a80ac40c8 slot_off=0xc40c8 idx=0x9b0 frame=0x716a80a7836d frame_off=0x7836d vm_ip=0x716a80d10ca5 vm_ip_off=0x310ca5 vm_flags=0x148226cc vm_state=0xffaffb65 vm_byte=0x3a target=0x716a80ab8556 target_off=0xb8556
[DISPATCH] site=0xcdac7 count=2828 slot=0x716a80ac40c8 slot_off=0xc40c8 idx=0x9b0 frame=0x716a80a7836d frame_off=0x7836d vm_ip=0x716a80d10ef0 vm_ip_off=0x310ef0 vm_flags=0x14100010 vm_state=0x3f0612b2 vm_byte=0x3a target=0x716a80ab8556 target_off=0xb8556
[DISPATCH] site=0xcdac7 count=2829 slot=0x716a80ac3c60 slot_off=0xc3c60 idx=0x548 frame=0x716a80a7836d frame_off=0x7836d vm_ip=0x716a80d11163 vm_ip_off=0x311163 vm_flags=0xc83095f0 vm_state=0x400110fe vm_byte=0x3a target=0x716a80a9af18 target_off=0x9af18
[DISPATCH] site=0xcdac7 count=2830 slot=0x716a80ac3c60 slot_off=0xc3c60 idx=0x548 frame=0x716a80a7836d frame_off=0x7836d vm_ip=0x716a80d113a5 vm_ip_off=0x3113a5 vm_flags=0x7adeff2e vm_state=0x78de0800 vm_byte=0x3a target=0x716a80a9af18 target_off=0x9af18
[DISPATCH] site=0xcdac7 count=2831 slot=0x716a80ac40c8 slot_off=0xc40c8 idx=0x9b0 frame=0x716a80a7836d frame_off=0x7836d vm_ip=0x716a80d115e7 vm_ip_off=0x3115e7 vm_flags=0x2948 vm_state=0x2948 vm_byte=0x3a target=0x716a80ab8556 target_off=0xb8556
[DISPATCH] site=0xcdac7 count=2832 slot=0x716a80ac3c60 slot_off=0xc3c60 idx=0x548 frame=0x716a80a7836d frame_off=0x7836d vm_ip=0x716a80d11829 vm_ip_off=0x311829 vm_flags=0x3acddfde vm_state=0x585c5c02 vm_byte=0x3a target=0x716a80a9af18 target_off=0x9af18
[DISPATCH] site=0xcdac7 count=2833 slot=0x716a80ac3c60 slot_off=0xc3c60 idx=0x548 frame=0x716a80a7836d frame_off=0x7836d vm_ip=0x716a80d11a6b vm_ip_off=0x311a6b vm_flags=0xef1b287 vm_state=0x69145f5a vm_byte=0x3a target=0x716a80a9af18 target_off=0x9af18
[DISPATCH] site=0xcdac7 count=2834 slot=0x716a80ac40c8 slot_off=0xc40c8 idx=0x9b0 frame=0x716a80a7836d frame_off=0x7836d vm_ip=0x716a80d11cad vm_ip_off=0x311cad vm_flags=0x524c03c5 vm_state=0x7df7dfda vm_byte=0x3a target=0x716a80ab8556 target_off=0xb8556
[DISPATCH] site=0xcdac7 count=2835 slot=0x716a80ac40c8 slot_off=0xc40c8 idx=0x9b0 frame=0x716a80a7836d frame_off=0x7836d vm_ip=0x716a80d11f69 vm_ip_off=0x311f69 vm_flags=0x8e78f1da vm_state=0xeb377ffe vm_byte=0x3a target=0x716a80ab8556 target_off=0xb8556
[DISPATCH] site=0xcdac7 count=2836 slot=0x716a80ac40c8 slot_off=0xc40c8 idx=0x9b0 frame=0x716a80a7836d frame_off=0x7836d vm_ip=0x716a80d1223a vm_ip_off=0x31223a vm_flags=0x8e4e0de5 vm_state=0x7bd7fefb vm_byte=0x3a target=0x716a80ab8556 target_off=0xb8556
[DISPATCH] site=0xcdac7 count=2837 slot=0x716a80ac3c60 slot_off=0xc3c60 idx=0x548 frame=0x716a80a7836d frame_off=0x7836d vm_ip=0x716a80d12464 vm_ip_off=0x312464 vm_flags=0x347541db vm_state=0x69945ffa vm_byte=0x3a target=0x716a80a9af18 target_off=0x9af18
[DISPATCH] site=0xcdac7 count=2838 slot=0x716a80ac40c8 slot_off=0xc40c8 idx=0x9b0 frame=0x716a80a7836d frame_off=0x7836d vm_ip=0x716a80d1268e vm_ip_off=0x31268e vm_flags=0x5675bb90 vm_state=0xffc76ef9 vm_byte=0x3a target=0x716a80ab8556 target_off=0xb8556
[DISPATCH] site=0xcdac7 count=2839 slot=0x716a80ac3c60 slot_off=0xc3c60 idx=0x548 frame=0x716a80a7836d frame_off=0x7836d vm_ip=0x716a80d12868 vm_ip_off=0x312868 vm_flags=0x221c12 vm_state=0x3f06a742 vm_byte=0x3a target=0x716a80a9af18 target_off=0x9af18
[DISPATCH] site=0xcdac7 count=2840 slot=0x716a80ac3c60 slot_off=0xc3c60 idx=0x548 frame=0x716a80a7836d frame_off=0x7836d vm_ip=0x716a80d12aee vm_ip_off=0x312aee vm_flags=0x8e3c0ca2 vm_state=0x6f95fefa vm_byte=0x3a target=0x716a80a9af18 target_off=0x9af18
[DISPATCH] site=0xcdac7 count=2841 slot=0x716a80ac3c60 slot_off=0xc3c60 idx=0x548 frame=0x716a80a7836d frame_off=0x7836d vm_ip=0x716a80d12cd0 vm_ip_off=0x312cd0 vm_flags=0xfbf79ddb vm_state=0xf9f3eb74 vm_byte=0x3a target=0x716a80a9af18 target_off=0x9af18
[DISPATCH] site=0xcdac7 count=2842 slot=0x716a80ac40c8 slot_off=0xc40c8 idx=0x9b0 frame=0x716a80a7836d frame_off=0x7836d vm_ip=0x716a80d12f26 vm_ip_off=0x312f26 vm_flags=0x4b8eb2de vm_state=0x7b1c5e5e vm_byte=0x3a target=0x716a80ab8556 target_off=0xb8556
[DISPATCH] site=0xcdac7 count=2843 slot=0x716a80ac40c8 slot_off=0xc40c8 idx=0x9b0 frame=0x716a80a7836d frame_off=0x7836d vm_ip=0x716a80d13169 vm_ip_off=0x313169 vm_flags=0x7afe7fef vm_state=0x727e02a8 vm_byte=0x3a target=0x716a80ab8556 target_off=0xb8556
[DISPATCH] site=0xcdac7 count=2844 slot=0x716a80ac3c60 slot_off=0xc3c60 idx=0x548 frame=0x716a80a7836d frame_off=0x7836d vm_ip=0x716a80d1334b vm_ip_off=0x31334b vm_flags=0xce4d8465 vm_state=0x7f3e7f7b vm_byte=0x3a target=0x716a80a9af18 target_off=0x9af18
[DISPATCH] site=0xcdac7 count=2845 slot=0x716a80ac3c60 slot_off=0xc3c60 idx=0x548 frame=0x716a80a7836d frame_off=0x7836d vm_ip=0x716a80d135b9 vm_ip_off=0x3135b9 vm_flags=0xc917a90d vm_state=0xc917a90d vm_byte=0x3a target=0x716a80a9af18 target_off=0x9af18
[DISPATCH] site=0xcdac7 count=2846 slot=0x716a80ac40c8 slot_off=0xc40c8 idx=0x9b0 frame=0x716a80a7836d frame_off=0x7836d vm_ip=0x716a80d137fc vm_ip_off=0x3137fc vm_flags=0x8df97560 vm_state=0x694cb90f vm_byte=0x3a target=0x716a80ab8556 target_off=0xb8556
[DISPATCH] site=0xcdac7 count=2847 slot=0x716a80ac40c8 slot_off=0xc40c8 idx=0x9b0 frame=0x716a80a7836d frame_off=0x7836d vm_ip=0x716a80d139de vm_ip_off=0x3139de vm_flags=0x4a612e32 vm_state=0x5f8f8af3 vm_byte=0x3a target=0x716a80ab8556 target_off=0xb8556
[DISPATCH] site=0xcdac7 count=2848 slot=0x716a80ac3c60 slot_off=0xc3c60 idx=0x548 frame=0x716a80a7836d frame_off=0x7836d vm_ip=0x716a80d13c4c vm_ip_off=0x313c4c vm_flags=0x8f70318b vm_state=0xfbfb8b3c vm_byte=0x3a target=0x716a80a9af18 target_off=0x9af18
[DISPATCH] site=0xcdac7 count=2849 slot=0x716a80ac3c60 slot_off=0xc3c60 idx=0x548 frame=0x716a80a7836d frame_off=0x7836d vm_ip=0x716a80d13e8f vm_ip_off=0x313e8f vm_flags=0xfed1df96 vm_state=0x58a4dcd6 vm_byte=0x3a target=0x716a80a9af18 target_off=0x9af18
[DISPATCH] site=0xcdac7 count=2850 slot=0x716a80ac3c60 slot_off=0xc3c60 idx=0x548 frame=0x716a80a7836d frame_off=0x7836d vm_ip=0x716a80d14071 vm_ip_off=0x314071 vm_flags=0x4ac60206 vm_state=0x5ee7d2fb vm_byte=0x3a target=0x716a80a9af18 target_off=0x9af18
[DISPATCH] site=0xcdac7 count=2851 slot=0x716a80ac40c8 slot_off=0xc40c8 idx=0x9b0 frame=0x716a80a7836d frame_off=0x7836d vm_ip=0x716a80d142df vm_ip_off=0x3142df vm_flags=0x861eb185 vm_state=0xdf95e7f4 vm_byte=0x3a target=0x716a80ab8556 target_off=0xb8556
[DISPATCH] site=0xcdac7 count=2852 slot=0x716a80ac40c8 slot_off=0xc40c8 idx=0x9b0 frame=0x716a80a7836d frame_off=0x7836d vm_ip=0x716a80d14522 vm_ip_off=0x314522 vm_flags=0x34a042ea vm_state=0x3ce04eeb vm_byte=0x3a target=0x716a80ab8556 target_off=0xb8556
[DISPATCH] site=0xcdac7 count=2853 slot=0x716a80ac40c8 slot_off=0xc40c8 idx=0x9b0 frame=0x716a80a7836d frame_off=0x7836d vm_ip=0x716a80d14704 vm_ip_off=0x314704 vm_flags=0xfcdeff37 vm_state=0xfcd60600 vm_byte=0x3a target=0x716a80ab8556 target_off=0xb8556
[DISPATCH] site=0xcdac7 count=2854 slot=0x716a80ac3c60 slot_off=0xc3c60 idx=0x548 frame=0x716a80a7836d frame_off=0x7836d vm_ip=0x716a80d14972 vm_ip_off=0x314972 vm_flags=0xf8eeff37 vm_state=0xf8e60910 vm_byte=0x3a target=0x716a80a9af18 target_off=0x9af18
[DISPATCH] site=0xcdac7 count=2855 slot=0x716a80ac40c8 slot_off=0xc40c8 idx=0x9b0 frame=0x716a80a7836d frame_off=0x7836d vm_ip=0x716a80d14bb5 vm_ip_off=0x314bb5 vm_flags=0x62662dfb vm_state=0xbffcca14 vm_byte=0x3a target=0x716a80ab8556 target_off=0xb8556
[DISPATCH] site=0xcdac7 count=2856 slot=0x716a80ac3c60 slot_off=0xc3c60 idx=0x548 frame=0x716a80a7836d frame_off=0x7836d vm_ip=0x716a80d14d97 vm_ip_off=0x314d97 vm_flags=0xfadf7f2d vm_state=0xf21b0800 vm_byte=0x3a target=0x716a80a9af18 target_off=0x9af18
[DISPATCH] site=0xcdac7 count=2857 slot=0x716a80ac40c8 slot_off=0xc40c8 idx=0x9b0 frame=0x716a80a7836d frame_off=0x7836d vm_ip=0x716a80d15005 vm_ip_off=0x315005 vm_flags=0xe34473c6 vm_state=0xe74477c6 vm_byte=0x3a target=0x716a80ab8556 target_off=0xb8556
[DISPATCH] site=0xcdac7 count=2858 slot=0x716a80ac40c8 slot_off=0xc40c8 idx=0x9b0 frame=0x716a80a7836d frame_off=0x7836d vm_ip=0x716a80d1522f vm_ip_off=0x31522f vm_flags=0x69b0303a vm_state=0x69145e5a vm_byte=0x3a target=0x716a80ab8556 target_off=0xb8556
[DISPATCH] site=0xcdac7 count=2859 slot=0x716a80ac3c60 slot_off=0xc3c60 idx=0x548 frame=0x716a80a7836d frame_off=0x7836d vm_ip=0x716a80d15486 vm_ip_off=0x315486 vm_flags=0x841ab3c5 vm_state=0x841ab3c5 vm_byte=0x3a target=0x716a80a9af18 target_off=0x9af18
[DISPATCH] site=0xcdac7 count=2860 slot=0x716a80ac3c60 slot_off=0xc3c60 idx=0x548 frame=0x716a80a7836d frame_off=0x7836d vm_ip=0x716a80d156ca vm_ip_off=0x3156ca vm_flags=0xf613f930 vm_state=0x3ffce85e vm_byte=0x3a target=0x716a80a9af18 target_off=0x9af18
[DISPATCH] site=0xcdac7 count=2861 slot=0x716a80ac3c60 slot_off=0xc3c60 idx=0x548 frame=0x716a80a7836d frame_off=0x7836d vm_ip=0x716a80d15969 vm_ip_off=0x315969 vm_flags=0x2ab32381 vm_state=0x2af72783 vm_byte=0x3a target=0x716a80a9af18 target_off=0x9af18
[DISPATCH] site=0xcdac7 count=2862 slot=0x716a80ac3c60 slot_off=0xc3c60 idx=0x548 frame=0x716a80a7836d frame_off=0x7836d vm_ip=0x716a80d15bbf vm_ip_off=0x315bbf vm_flags=0x6e5d9892 vm_state=0x4000d60c vm_byte=0x3a target=0x716a80a9af18 target_off=0x9af18
[DISPATCH] site=0xcdac7 count=2863 slot=0x716a80ac40c8 slot_off=0xc40c8 idx=0x9b0 frame=0x716a80a7836d frame_off=0x7836d vm_ip=0x716a80d10ca5 vm_ip_off=0x310ca5 vm_flags=0x148226cc vm_state=0xffaffb65 vm_byte=0x3a target=0x716a80ab8556 target_off=0xb8556
[DISPATCH] site=0xcdac7 count=2864 slot=0x716a80ac40c8 slot_off=0xc40c8 idx=0x9b0 frame=0x716a80a7836d frame_off=0x7836d vm_ip=0x716a80d10ef0 vm_ip_off=0x310ef0 vm_flags=0x14100010 vm_state=0x3f0612b2 vm_byte=0x3a target=0x716a80ab8556 target_off=0xb8556
[DISPATCH] site=0xcdac7 count=2865 slot=0x716a80ac3c60 slot_off=0xc3c60 idx=0x548 frame=0x716a80a7836d frame_off=0x7836d vm_ip=0x716a80d11163 vm_ip_off=0x311163 vm_flags=0xc83095f0 vm_state=0x400110fe vm_byte=0x3a target=0x716a80a9af18 target_off=0x9af18
[DISPATCH] site=0xcdac7 count=2866 slot=0x716a80ac3c60 slot_off=0xc3c60 idx=0x548 frame=0x716a80a7836d frame_off=0x7836d vm_ip=0x716a80d113a5 vm_ip_off=0x3113a5 vm_flags=0x7adeff2e vm_state=0x78de0800 vm_byte=0x3a target=0x716a80a9af18 target_off=0x9af18
[DISPATCH] site=0xcdac7 count=2867 slot=0x716a80ac40c8 slot_off=0xc40c8 idx=0x9b0 frame=0x716a80a7836d frame_off=0x7836d vm_ip=0x716a80d115e7 vm_ip_off=0x3115e7 vm_flags=0x2948 vm_state=0x2948 vm_byte=0x3a target=0x716a80ab8556 target_off=0xb8556
[DISPATCH] site=0xcdac7 count=2868 slot=0x716a80ac3c60 slot_off=0xc3c60 idx=0x548 frame=0x716a80a7836d frame_off=0x7836d vm_ip=0x716a80d11829 vm_ip_off=0x311829 vm_flags=0x3acddfde vm_state=0x585c5c02 vm_byte=0x3a target=0x716a80a9af18 target_off=0x9af18
[DISPATCH] site=0xcdac7 count=2869 slot=0x716a80ac3c60 slot_off=0xc3c60 idx=0x548 frame=0x716a80a7836d frame_off=0x7836d vm_ip=0x716a80d11a6b vm_ip_off=0x311a6b vm_flags=0xef1b287 vm_state=0x69145f5a vm_byte=0x3a target=0x716a80a9af18 target_off=0x9af18
[DISPATCH] site=0xcdac7 count=2870 slot=0x716a80ac40c8 slot_off=0xc40c8 idx=0x9b0 frame=0x716a80a7836d frame_off=0x7836d vm_ip=0x716a80d11cad vm_ip_off=0x311cad vm_flags=0x524c03c5 vm_state=0x7df7dfda vm_byte=0x3a target=0x716a80ab8556 target_off=0xb8556
[DISPATCH] site=0xcdac7 count=2871 slot=0x716a80ac40c8 slot_off=0xc40c8 idx=0x9b0 frame=0x716a80a7836d frame_off=0x7836d vm_ip=0x716a80d11f69 vm_ip_off=0x311f69 vm_flags=0x8e78f1da vm_state=0xeb377ffe vm_byte=0x3a target=0x716a80ab8556 target_off=0xb8556
[DISPATCH] site=0xcdac7 count=2872 slot=0x716a80ac40c8 slot_off=0xc40c8 idx=0x9b0 frame=0x716a80a7836d frame_off=0x7836d vm_ip=0x716a80d1223a vm_ip_off=0x31223a vm_flags=0x8e4e0de5 vm_state=0x7bd7fefb vm_byte=0x3a target=0x716a80ab8556 target_off=0xb8556
[DISPATCH] site=0xcdac7 count=2873 slot=0x716a80ac3c60 slot_off=0xc3c60 idx=0x548 frame=0x716a80a7836d frame_off=0x7836d vm_ip=0x716a80d12464 vm_ip_off=0x312464 vm_flags=0x347541db vm_state=0x69945ffa vm_byte=0x3a target=0x716a80a9af18 target_off=0x9af18
[DISPATCH] site=0xcdac7 count=2874 slot=0x716a80ac40c8 slot_off=0xc40c8 idx=0x9b0 frame=0x716a80a7836d frame_off=0x7836d vm_ip=0x716a80d1268e vm_ip_off=0x31268e vm_flags=0x5675bb90 vm_state=0xffc76ef9 vm_byte=0x3a target=0x716a80ab8556 target_off=0xb8556
[DISPATCH] site=0xcdac7 count=2875 slot=0x716a80ac3c60 slot_off=0xc3c60 idx=0x548 frame=0x716a80a7836d frame_off=0x7836d vm_ip=0x716a80d12868 vm_ip_off=0x312868 vm_flags=0x221c12 vm_state=0x3f06a742 vm_byte=0x3a target=0x716a80a9af18 target_off=0x9af18
[DISPATCH] site=0xcdac7 count=2876 slot=0x716a80ac3c60 slot_off=0xc3c60 idx=0x548 frame=0x716a80a7836d frame_off=0x7836d vm_ip=0x716a80d12aee vm_ip_off=0x312aee vm_flags=0x8e3c0ca2 vm_state=0x6f95fefa vm_byte=0x3a target=0x716a80a9af18 target_off=0x9af18
[DISPATCH] site=0xcdac7 count=2877 slot=0x716a80ac3c60 slot_off=0xc3c60 idx=0x548 frame=0x716a80a7836d frame_off=0x7836d vm_ip=0x716a80d12cd0 vm_ip_off=0x312cd0 vm_flags=0xfbf79ddb vm_state=0xf9f3eb74 vm_byte=0x3a target=0x716a80a9af18 target_off=0x9af18
[DISPATCH] site=0xcdac7 count=2878 slot=0x716a80ac40c8 slot_off=0xc40c8 idx=0x9b0 frame=0x716a80a7836d frame_off=0x7836d vm_ip=0x716a80d12f26 vm_ip_off=0x312f26 vm_flags=0x4b8eb2de vm_state=0x7b1c5e5e vm_byte=0x3a target=0x716a80ab8556 target_off=0xb8556
[DISPATCH] site=0xcdac7 count=2879 slot=0x716a80ac40c8 slot_off=0xc40c8 idx=0x9b0 frame=0x716a80a7836d frame_off=0x7836d vm_ip=0x716a80d13169 vm_ip_off=0x313169 vm_flags=0x7afe7fef vm_state=0x727e02a8 vm_byte=0x3a target=0x716a80ab8556 target_off=0xb8556
[DISPATCH] site=0xcdac7 count=2880 slot=0x716a80ac3c60 slot_off=0xc3c60 idx=0x548 frame=0x716a80a7836d frame_off=0x7836d vm_ip=0x716a80d1334b vm_ip_off=0x31334b vm_flags=0xce4d8465 vm_state=0x7f3e7f7b vm_byte=0x3a target=0x716a80a9af18 target_off=0x9af18
[DISPATCH] site=0xcdac7 count=2881 slot=0x716a80ac3c60 slot_off=0xc3c60 idx=0x548 frame=0x716a80a7836d frame_off=0x7836d vm_ip=0x716a80d135b9 vm_ip_off=0x3135b9 vm_flags=0xc917a90d vm_state=0xc917a90d vm_byte=0x3a target=0x716a80a9af18 target_off=0x9af18
[DISPATCH] site=0xcdac7 count=2882 slot=0x716a80ac40c8 slot_off=0xc40c8 idx=0x9b0 frame=0x716a80a7836d frame_off=0x7836d vm_ip=0x716a80d137fc vm_ip_off=0x3137fc vm_flags=0x8df97560 vm_state=0x694cb90f vm_byte=0x3a target=0x716a80ab8556 target_off=0xb8556
[DISPATCH] site=0xcdac7 count=2883 slot=0x716a80ac40c8 slot_off=0xc40c8 idx=0x9b0 frame=0x716a80a7836d frame_off=0x7836d vm_ip=0x716a80d139de vm_ip_off=0x3139de vm_flags=0x4a612e32 vm_state=0x5f8f8af3 vm_byte=0x3a target=0x716a80ab8556 target_off=0xb8556
[DISPATCH] site=0xcdac7 count=2884 slot=0x716a80ac3c60 slot_off=0xc3c60 idx=0x548 frame=0x716a80a7836d frame_off=0x7836d vm_ip=0x716a80d13c4c vm_ip_off=0x313c4c vm_flags=0x8f70318b vm_state=0xfbfb8b3c vm_byte=0x3a target=0x716a80a9af18 target_off=0x9af18
[DISPATCH] site=0xcdac7 count=2885 slot=0x716a80ac3c60 slot_off=0xc3c60 idx=0x548 frame=0x716a80a7836d frame_off=0x7836d vm_ip=0x716a80d13e8f vm_ip_off=0x313e8f vm_flags=0xfed1df96 vm_state=0x58a4dcd6 vm_byte=0x3a target=0x716a80a9af18 target_off=0x9af18
[DISPATCH] site=0xcdac7 count=2886 slot=0x716a80ac3c60 slot_off=0xc3c60 idx=0x548 frame=0x716a80a7836d frame_off=0x7836d vm_ip=0x716a80d14071 vm_ip_off=0x314071 vm_flags=0x4ac60206 vm_state=0x5ee7d2fb vm_byte=0x3a target=0x716a80a9af18 target_off=0x9af18
[DISPATCH] site=0xcdac7 count=2887 slot=0x716a80ac40c8 slot_off=0xc40c8 idx=0x9b0 frame=0x716a80a7836d frame_off=0x7836d vm_ip=0x716a80d142df vm_ip_off=0x3142df vm_flags=0x861eb185 vm_state=0xdf95e7f4 vm_byte=0x3a target=0x716a80ab8556 target_off=0xb8556
[DISPATCH] site=0xcdac7 count=2888 slot=0x716a80ac40c8 slot_off=0xc40c8 idx=0x9b0 frame=0x716a80a7836d frame_off=0x7836d vm_ip=0x716a80d14522 vm_ip_off=0x314522 vm_flags=0x34a042ea vm_state=0x3ce04eeb vm_byte=0x3a target=0x716a80ab8556 target_off=0xb8556
[DISPATCH] site=0xcdac7 count=2889 slot=0x716a80ac40c8 slot_off=0xc40c8 idx=0x9b0 frame=0x716a80a7836d frame_off=0x7836d vm_ip=0x716a80d14704 vm_ip_off=0x314704 vm_flags=0xfcdeff37 vm_state=0xfcd60600 vm_byte=0x3a target=0x716a80ab8556 target_off=0xb8556
[DISPATCH] site=0xcdac7 count=2890 slot=0x716a80ac3c60 slot_off=0xc3c60 idx=0x548 frame=0x716a80a7836d frame_off=0x7836d vm_ip=0x716a80d14972 vm_ip_off=0x314972 vm_flags=0xf8eeff37 vm_state=0xf8e60910 vm_byte=0x3a target=0x716a80a9af18 target_off=0x9af18
[DISPATCH] site=0xcdac7 count=2891 slot=0x716a80ac40c8 slot_off=0xc40c8 idx=0x9b0 frame=0x716a80a7836d frame_off=0x7836d vm_ip=0x716a80d14bb5 vm_ip_off=0x314bb5 vm_flags=0x62662dfb vm_state=0xbffcca14 vm_byte=0x3a target=0x716a80ab8556 target_off=0xb8556
[DISPATCH] site=0xcdac7 count=2892 slot=0x716a80ac3c60 slot_off=0xc3c60 idx=0x548 frame=0x716a80a7836d frame_off=0x7836d vm_ip=0x716a80d14d97 vm_ip_off=0x314d97 vm_flags=0xfadf7f2d vm_state=0xf21b0800 vm_byte=0x3a target=0x716a80a9af18 target_off=0x9af18
[DISPATCH] site=0xcdac7 count=2893 slot=0x716a80ac40c8 slot_off=0xc40c8 idx=0x9b0 frame=0x716a80a7836d frame_off=0x7836d vm_ip=0x716a80d15005 vm_ip_off=0x315005 vm_flags=0xe34473c6 vm_state=0xe74477c6 vm_byte=0x3a target=0x716a80ab8556 target_off=0xb8556
[DISPATCH] site=0xcdac7 count=2894 slot=0x716a80ac40c8 slot_off=0xc40c8 idx=0x9b0 frame=0x716a80a7836d frame_off=0x7836d vm_ip=0x716a80d1522f vm_ip_off=0x31522f vm_flags=0x69b0303a vm_state=0x69145e5a vm_byte=0x3a target=0x716a80ab8556 target_off=0xb8556
[DISPATCH] site=0xcdac7 count=2895 slot=0x716a80ac3c60 slot_off=0xc3c60 idx=0x548 frame=0x716a80a7836d frame_off=0x7836d vm_ip=0x716a80d15486 vm_ip_off=0x315486 vm_flags=0x841ab3c5 vm_state=0x841ab3c5 vm_byte=0x3a target=0x716a80a9af18 target_off=0x9af18
[DISPATCH] site=0xcdac7 count=2896 slot=0x716a80ac3c60 slot_off=0xc3c60 idx=0x548 frame=0x716a80a7836d frame_off=0x7836d vm_ip=0x716a80d156ca vm_ip_off=0x3156ca vm_flags=0xf613f930 vm_state=0x3ffce85e vm_byte=0x3a target=0x716a80a9af18 target_off=0x9af18
[DISPATCH] site=0xcdac7 count=2897 slot=0x716a80ac3c60 slot_off=0xc3c60 idx=0x548 frame=0x716a80a7836d frame_off=0x7836d vm_ip=0x716a80d15969 vm_ip_off=0x315969 vm_flags=0x2ab32381 vm_state=0x2af72783 vm_byte=0x3a target=0x716a80a9af18 target_off=0x9af18
[DISPATCH] site=0xcdac7 count=2898 slot=0x716a80ac3c60 slot_off=0xc3c60 idx=0x548 frame=0x716a80a7836d frame_off=0x7836d vm_ip=0x716a80d15bbf vm_ip_off=0x315bbf vm_flags=0x6e5d9892 vm_state=0x4000d60c vm_byte=0x3a target=0x716a80a9af18 target_off=0x9af18
[DISPATCH] site=0xcdac7 count=2899 slot=0x716a80ac40c8 slot_off=0xc40c8 idx=0x9b0 frame=0x716a80a7836d frame_off=0x7836d vm_ip=0x716a80d10ca5 vm_ip_off=0x310ca5 vm_flags=0x148226cc vm_state=0xffaffb65 vm_byte=0x3a target=0x716a80ab8556 target_off=0xb8556
[DISPATCH] site=0xcdac7 count=2900 slot=0x716a80ac40c8 slot_off=0xc40c8 idx=0x9b0 frame=0x716a80a7836d frame_off=0x7836d vm_ip=0x716a80d10ef0 vm_ip_off=0x310ef0 vm_flags=0x14100010 vm_state=0x3f0612b2 vm_byte=0x3a target=0x716a80ab8556 target_off=0xb8556
[DISPATCH] site=0xcdac7 count=2901 slot=0x716a80ac3c60 slot_off=0xc3c60 idx=0x548 frame=0x716a80a7836d frame_off=0x7836d vm_ip=0x716a80d11163 vm_ip_off=0x311163 vm_flags=0xc83095f0 vm_state=0x400110fe vm_byte=0x3a target=0x716a80a9af18 target_off=0x9af18
[DISPATCH] site=0xcdac7 count=2902 slot=0x716a80ac3c60 slot_off=0xc3c60 idx=0x548 frame=0x716a80a7836d frame_off=0x7836d vm_ip=0x716a80d113a5 vm_ip_off=0x3113a5 vm_flags=0x7adeff2e vm_state=0x78de0800 vm_byte=0x3a target=0x716a80a9af18 target_off=0x9af18
[DISPATCH] site=0xcdac7 count=2903 slot=0x716a80ac40c8 slot_off=0xc40c8 idx=0x9b0 frame=0x716a80a7836d frame_off=0x7836d vm_ip=0x716a80d115e7 vm_ip_off=0x3115e7 vm_flags=0x2948 vm_state=0x2948 vm_byte=0x3a target=0x716a80ab8556 target_off=0xb8556
[DISPATCH] site=0xcdac7 count=2904 slot=0x716a80ac3c60 slot_off=0xc3c60 idx=0x548 frame=0x716a80a7836d frame_off=0x7836d vm_ip=0x716a80d11829 vm_ip_off=0x311829 vm_flags=0x3acddfde vm_state=0x585c5c02 vm_byte=0x3a target=0x716a80a9af18 target_off=0x9af18
[DISPATCH] site=0xcdac7 count=2905 slot=0x716a80ac3c60 slot_off=0xc3c60 idx=0x548 frame=0x716a80a7836d frame_off=0x7836d vm_ip=0x716a80d11a6b vm_ip_off=0x311a6b vm_flags=0xef1b287 vm_state=0x69145f5a vm_byte=0x3a target=0x716a80a9af18 target_off=0x9af18
[DISPATCH] site=0xcdac7 count=2906 slot=0x716a80ac40c8 slot_off=0xc40c8 idx=0x9b0 frame=0x716a80a7836d frame_off=0x7836d vm_ip=0x716a80d11cad vm_ip_off=0x311cad vm_flags=0x524c03c5 vm_state=0x7df7dfda vm_byte=0x3a target=0x716a80ab8556 target_off=0xb8556
[DISPATCH] site=0xcdac7 count=2907 slot=0x716a80ac40c8 slot_off=0xc40c8 idx=0x9b0 frame=0x716a80a7836d frame_off=0x7836d vm_ip=0x716a80d11f69 vm_ip_off=0x311f69 vm_flags=0x8e78f1da vm_state=0xeb377ffe vm_byte=0x3a target=0x716a80ab8556 target_off=0xb8556
[DISPATCH] site=0xcdac7 count=2908 slot=0x716a80ac40c8 slot_off=0xc40c8 idx=0x9b0 frame=0x716a80a7836d frame_off=0x7836d vm_ip=0x716a80d1223a vm_ip_off=0x31223a vm_flags=0x8e4e0de5 vm_state=0x7bd7fefb vm_byte=0x3a target=0x716a80ab8556 target_off=0xb8556
[DISPATCH] site=0xcdac7 count=2909 slot=0x716a80ac3c60 slot_off=0xc3c60 idx=0x548 frame=0x716a80a7836d frame_off=0x7836d vm_ip=0x716a80d12464 vm_ip_off=0x312464 vm_flags=0x347541db vm_state=0x69945ffa vm_byte=0x3a target=0x716a80a9af18 target_off=0x9af18
[DISPATCH] site=0xcdac7 count=2910 slot=0x716a80ac40c8 slot_off=0xc40c8 idx=0x9b0 frame=0x716a80a7836d frame_off=0x7836d vm_ip=0x716a80d1268e vm_ip_off=0x31268e vm_flags=0x5675bb90 vm_state=0xffc76ef9 vm_byte=0x3a target=0x716a80ab8556 target_off=0xb8556
[DISPATCH] site=0xcdac7 count=2911 slot=0x716a80ac3c60 slot_off=0xc3c60 idx=0x548 frame=0x716a80a7836d frame_off=0x7836d vm_ip=0x716a80d12868 vm_ip_off=0x312868 vm_flags=0x221c12 vm_state=0x3f06a742 vm_byte=0x3a target=0x716a80a9af18 target_off=0x9af18
[DISPATCH] site=0xcdac7 count=2912 slot=0x716a80ac3c60 slot_off=0xc3c60 idx=0x548 frame=0x716a80a7836d frame_off=0x7836d vm_ip=0x716a80d12aee vm_ip_off=0x312aee vm_flags=0x8e3c0ca2 vm_state=0x6f95fefa vm_byte=0x3a target=0x716a80a9af18 target_off=0x9af18
[DISPATCH] site=0xcdac7 count=2913 slot=0x716a80ac3c60 slot_off=0xc3c60 idx=0x548 frame=0x716a80a7836d frame_off=0x7836d vm_ip=0x716a80d12cd0 vm_ip_off=0x312cd0 vm_flags=0xfbf79ddb vm_state=0xf9f3eb74 vm_byte=0x3a target=0x716a80a9af18 target_off=0x9af18
[DISPATCH] site=0xcdac7 count=2914 slot=0x716a80ac40c8 slot_off=0xc40c8 idx=0x9b0 frame=0x716a80a7836d frame_off=0x7836d vm_ip=0x716a80d12f26 vm_ip_off=0x312f26 vm_flags=0x4b8eb2de vm_state=0x7b1c5e5e vm_byte=0x3a target=0x716a80ab8556 target_off=0xb8556
[DISPATCH] site=0xcdac7 count=2915 slot=0x716a80ac40c8 slot_off=0xc40c8 idx=0x9b0 frame=0x716a80a7836d frame_off=0x7836d vm_ip=0x716a80d13169 vm_ip_off=0x313169 vm_flags=0x7afe7fef vm_state=0x727e02a8 vm_byte=0x3a target=0x716a80ab8556 target_off=0xb8556
[DISPATCH] site=0xcdac7 count=2916 slot=0x716a80ac3c60 slot_off=0xc3c60 idx=0x548 frame=0x716a80a7836d frame_off=0x7836d vm_ip=0x716a80d1334b vm_ip_off=0x31334b vm_flags=0xce4d8465 vm_state=0x7f3e7f7b vm_byte=0x3a target=0x716a80a9af18 target_off=0x9af18
[DISPATCH] site=0xcdac7 count=2917 slot=0x716a80ac3c60 slot_off=0xc3c60 idx=0x548 frame=0x716a80a7836d frame_off=0x7836d vm_ip=0x716a80d135b9 vm_ip_off=0x3135b9 vm_flags=0xc917a90d vm_state=0xc917a90d vm_byte=0x3a target=0x716a80a9af18 target_off=0x9af18
[DISPATCH] site=0xcdac7 count=2918 slot=0x716a80ac40c8 slot_off=0xc40c8 idx=0x9b0 frame=0x716a80a7836d frame_off=0x7836d vm_ip=0x716a80d137fc vm_ip_off=0x3137fc vm_flags=0x8df97560 vm_state=0x694cb90f vm_byte=0x3a target=0x716a80ab8556 target_off=0xb8556
[DISPATCH] site=0xcdac7 count=2919 slot=0x716a80ac40c8 slot_off=0xc40c8 idx=0x9b0 frame=0x716a80a7836d frame_off=0x7836d vm_ip=0x716a80d139de vm_ip_off=0x3139de vm_flags=0x4a612e32 vm_state=0x5f8f8af3 vm_byte=0x3a target=0x716a80ab8556 target_off=0xb8556
[DISPATCH] site=0xcdac7 count=2920 slot=0x716a80ac3c60 slot_off=0xc3c60 idx=0x548 frame=0x716a80a7836d frame_off=0x7836d vm_ip=0x716a80d13c4c vm_ip_off=0x313c4c vm_flags=0x8f70318b vm_state=0xfbfb8b3c vm_byte=0x3a target=0x716a80a9af18 target_off=0x9af18
[DISPATCH] site=0xcdac7 count=2921 slot=0x716a80ac3c60 slot_off=0xc3c60 idx=0x548 frame=0x716a80a7836d frame_off=0x7836d vm_ip=0x716a80d13e8f vm_ip_off=0x313e8f vm_flags=0xfed1df96 vm_state=0x58a4dcd6 vm_byte=0x3a target=0x716a80a9af18 target_off=0x9af18
[DISPATCH] site=0xcdac7 count=2922 slot=0x716a80ac3c60 slot_off=0xc3c60 idx=0x548 frame=0x716a80a7836d frame_off=0x7836d vm_ip=0x716a80d14071 vm_ip_off=0x314071 vm_flags=0x4ac60206 vm_state=0x5ee7d2fb vm_byte=0x3a target=0x716a80a9af18 target_off=0x9af18
[DISPATCH] site=0xcdac7 count=2923 slot=0x716a80ac40c8 slot_off=0xc40c8 idx=0x9b0 frame=0x716a80a7836d frame_off=0x7836d vm_ip=0x716a80d142df vm_ip_off=0x3142df vm_flags=0x861eb185 vm_state=0xdf95e7f4 vm_byte=0x3a target=0x716a80ab8556 target_off=0xb8556
[DISPATCH] site=0xcdac7 count=2924 slot=0x716a80ac40c8 slot_off=0xc40c8 idx=0x9b0 frame=0x716a80a7836d frame_off=0x7836d vm_ip=0x716a80d14522 vm_ip_off=0x314522 vm_flags=0x34a042ea vm_state=0x3ce04eeb vm_byte=0x3a target=0x716a80ab8556 target_off=0xb8556
[DISPATCH] site=0xcdac7 count=2925 slot=0x716a80ac40c8 slot_off=0xc40c8 idx=0x9b0 frame=0x716a80a7836d frame_off=0x7836d vm_ip=0x716a80d14704 vm_ip_off=0x314704 vm_flags=0xfcdeff37 vm_state=0xfcd60600 vm_byte=0x3a target=0x716a80ab8556 target_off=0xb8556
[DISPATCH] site=0xcdac7 count=2926 slot=0x716a80ac3c60 slot_off=0xc3c60 idx=0x548 frame=0x716a80a7836d frame_off=0x7836d vm_ip=0x716a80d14972 vm_ip_off=0x314972 vm_flags=0xf8eeff37 vm_state=0xf8e60910 vm_byte=0x3a target=0x716a80a9af18 target_off=0x9af18
[DISPATCH] site=0xcdac7 count=2927 slot=0x716a80ac40c8 slot_off=0xc40c8 idx=0x9b0 frame=0x716a80a7836d frame_off=0x7836d vm_ip=0x716a80d14bb5 vm_ip_off=0x314bb5 vm_flags=0x62662dfb vm_state=0xbffcca14 vm_byte=0x3a target=0x716a80ab8556 target_off=0xb8556
[DISPATCH] site=0xcdac7 count=2928 slot=0x716a80ac3c60 slot_off=0xc3c60 idx=0x548 frame=0x716a80a7836d frame_off=0x7836d vm_ip=0x716a80d14d97 vm_ip_off=0x314d97 vm_flags=0xfadf7f2d vm_state=0xf21b0800 vm_byte=0x3a target=0x716a80a9af18 target_off=0x9af18
[DISPATCH] site=0xcdac7 count=2929 slot=0x716a80ac40c8 slot_off=0xc40c8 idx=0x9b0 frame=0x716a80a7836d frame_off=0x7836d vm_ip=0x716a80d15005 vm_ip_off=0x315005 vm_flags=0xe34473c6 vm_state=0xe74477c6 vm_byte=0x3a target=0x716a80ab8556 target_off=0xb8556
[DISPATCH] site=0xcdac7 count=2930 slot=0x716a80ac40c8 slot_off=0xc40c8 idx=0x9b0 frame=0x716a80a7836d frame_off=0x7836d vm_ip=0x716a80d1522f vm_ip_off=0x31522f vm_flags=0x69b0303a vm_state=0x69145e5a vm_byte=0x3a target=0x716a80ab8556 target_off=0xb8556
[DISPATCH] site=0xcdac7 count=2931 slot=0x716a80ac3c60 slot_off=0xc3c60 idx=0x548 frame=0x716a80a7836d frame_off=0x7836d vm_ip=0x716a80d15486 vm_ip_off=0x315486 vm_flags=0x841ab3c5 vm_state=0x841ab3c5 vm_byte=0x3a target=0x716a80a9af18 target_off=0x9af18
[DISPATCH] site=0xcdac7 count=2932 slot=0x716a80ac3c60 slot_off=0xc3c60 idx=0x548 frame=0x716a80a7836d frame_off=0x7836d vm_ip=0x716a80d156ca vm_ip_off=0x3156ca vm_flags=0xf613f930 vm_state=0x3ffce85e vm_byte=0x3a target=0x716a80a9af18 target_off=0x9af18
[DISPATCH] site=0xcdac7 count=2933 slot=0x716a80ac3c60 slot_off=0xc3c60 idx=0x548 frame=0x716a80a7836d frame_off=0x7836d vm_ip=0x716a80d15969 vm_ip_off=0x315969 vm_flags=0x2ab32381 vm_state=0x2af72783 vm_byte=0x3a target=0x716a80a9af18 target_off=0x9af18
[DISPATCH] site=0xcdac7 count=2934 slot=0x716a80ac3c60 slot_off=0xc3c60 idx=0x548 frame=0x716a80a7836d frame_off=0x7836d vm_ip=0x716a80d15bbf vm_ip_off=0x315bbf vm_flags=0x6e5d9892 vm_state=0x4000d60c vm_byte=0x3a target=0x716a80a9af18 target_off=0x9af18
[DISPATCH] site=0xcdac7 count=2935 slot=0x716a80ac40c8 slot_off=0xc40c8 idx=0x9b0 frame=0x716a80a7836d frame_off=0x7836d vm_ip=0x716a80d10ca5 vm_ip_off=0x310ca5 vm_flags=0x148226cc vm_state=0xffaffb65 vm_byte=0x3a target=0x716a80ab8556 target_off=0xb8556
[DISPATCH] site=0xcdac7 count=2936 slot=0x716a80ac40c8 slot_off=0xc40c8 idx=0x9b0 frame=0x716a80a7836d frame_off=0x7836d vm_ip=0x716a80d10ef0 vm_ip_off=0x310ef0 vm_flags=0x14100010 vm_state=0x3f0612b2 vm_byte=0x3a target=0x716a80ab8556 target_off=0xb8556
[DISPATCH] site=0xcdac7 count=2937 slot=0x716a80ac3c60 slot_off=0xc3c60 idx=0x548 frame=0x716a80a7836d frame_off=0x7836d vm_ip=0x716a80d11163 vm_ip_off=0x311163 vm_flags=0xc83095f0 vm_state=0x400110fe vm_byte=0x3a target=0x716a80a9af18 target_off=0x9af18
[DISPATCH] site=0xcdac7 count=2938 slot=0x716a80ac3c60 slot_off=0xc3c60 idx=0x548 frame=0x716a80a7836d frame_off=0x7836d vm_ip=0x716a80d113a5 vm_ip_off=0x3113a5 vm_flags=0x7adeff2e vm_state=0x78de0800 vm_byte=0x3a target=0x716a80a9af18 target_off=0x9af18
[DISPATCH] site=0xcdac7 count=2939 slot=0x716a80ac40c8 slot_off=0xc40c8 idx=0x9b0 frame=0x716a80a7836d frame_off=0x7836d vm_ip=0x716a80d115e7 vm_ip_off=0x3115e7 vm_flags=0x2948 vm_state=0x2948 vm_byte=0x3a target=0x716a80ab8556 target_off=0xb8556
[DISPATCH] site=0xcdac7 count=2940 slot=0x716a80ac3c60 slot_off=0xc3c60 idx=0x548 frame=0x716a80a7836d frame_off=0x7836d vm_ip=0x716a80d11829 vm_ip_off=0x311829 vm_flags=0x3acddfde vm_state=0x585c5c02 vm_byte=0x3a target=0x716a80a9af18 target_off=0x9af18
[DISPATCH] site=0xcdac7 count=2941 slot=0x716a80ac3c60 slot_off=0xc3c60 idx=0x548 frame=0x716a80a7836d frame_off=0x7836d vm_ip=0x716a80d11a6b vm_ip_off=0x311a6b vm_flags=0xef1b287 vm_state=0x69145f5a vm_byte=0x3a target=0x716a80a9af18 target_off=0x9af18
[DISPATCH] site=0xcdac7 count=2942 slot=0x716a80ac40c8 slot_off=0xc40c8 idx=0x9b0 frame=0x716a80a7836d frame_off=0x7836d vm_ip=0x716a80d11cad vm_ip_off=0x311cad vm_flags=0x524c03c5 vm_state=0x7df7dfda vm_byte=0x3a target=0x716a80ab8556 target_off=0xb8556
[DISPATCH] site=0xcdac7 count=2943 slot=0x716a80ac40c8 slot_off=0xc40c8 idx=0x9b0 frame=0x716a80a7836d frame_off=0x7836d vm_ip=0x716a80d11f69 vm_ip_off=0x311f69 vm_flags=0x8e78f1da vm_state=0xeb377ffe vm_byte=0x3a target=0x716a80ab8556 target_off=0xb8556
[DISPATCH] site=0xcdac7 count=2944 slot=0x716a80ac40c8 slot_off=0xc40c8 idx=0x9b0 frame=0x716a80a7836d frame_off=0x7836d vm_ip=0x716a80d1223a vm_ip_off=0x31223a vm_flags=0x8e4e0de5 vm_state=0x7bd7fefb vm_byte=0x3a target=0x716a80ab8556 target_off=0xb8556
[DISPATCH] site=0xcdac7 count=2945 slot=0x716a80ac3c60 slot_off=0xc3c60 idx=0x548 frame=0x716a80a7836d frame_off=0x7836d vm_ip=0x716a80d12464 vm_ip_off=0x312464 vm_flags=0x347541db vm_state=0x69945ffa vm_byte=0x3a target=0x716a80a9af18 target_off=0x9af18
[DISPATCH] site=0xcdac7 count=2946 slot=0x716a80ac40c8 slot_off=0xc40c8 idx=0x9b0 frame=0x716a80a7836d frame_off=0x7836d vm_ip=0x716a80d1268e vm_ip_off=0x31268e vm_flags=0x5675bb90 vm_state=0xffc76ef9 vm_byte=0x3a target=0x716a80ab8556 target_off=0xb8556
[DISPATCH] site=0xcdac7 count=2947 slot=0x716a80ac3c60 slot_off=0xc3c60 idx=0x548 frame=0x716a80a7836d frame_off=0x7836d vm_ip=0x716a80d12868 vm_ip_off=0x312868 vm_flags=0x221c12 vm_state=0x3f06a742 vm_byte=0x3a target=0x716a80a9af18 target_off=0x9af18
[DISPATCH] site=0xcdac7 count=2948 slot=0x716a80ac3c60 slot_off=0xc3c60 idx=0x548 frame=0x716a80a7836d frame_off=0x7836d vm_ip=0x716a80d12aee vm_ip_off=0x312aee vm_flags=0x8e3c0ca2 vm_state=0x6f95fefa vm_byte=0x3a target=0x716a80a9af18 target_off=0x9af18
[DISPATCH] site=0xcdac7 count=2949 slot=0x716a80ac3c60 slot_off=0xc3c60 idx=0x548 frame=0x716a80a7836d frame_off=0x7836d vm_ip=0x716a80d12cd0 vm_ip_off=0x312cd0 vm_flags=0xfbf79ddb vm_state=0xf9f3eb74 vm_byte=0x3a target=0x716a80a9af18 target_off=0x9af18
[DISPATCH] site=0xcdac7 count=2950 slot=0x716a80ac40c8 slot_off=0xc40c8 idx=0x9b0 frame=0x716a80a7836d frame_off=0x7836d vm_ip=0x716a80d12f26 vm_ip_off=0x312f26 vm_flags=0x4b8eb2de vm_state=0x7b1c5e5e vm_byte=0x3a target=0x716a80ab8556 target_off=0xb8556
[DISPATCH] site=0xcdac7 count=2951 slot=0x716a80ac40c8 slot_off=0xc40c8 idx=0x9b0 frame=0x716a80a7836d frame_off=0x7836d vm_ip=0x716a80d13169 vm_ip_off=0x313169 vm_flags=0x7afe7fef vm_state=0x727e02a8 vm_byte=0x3a target=0x716a80ab8556 target_off=0xb8556
[DISPATCH] site=0xcdac7 count=2952 slot=0x716a80ac3c60 slot_off=0xc3c60 idx=0x548 frame=0x716a80a7836d frame_off=0x7836d vm_ip=0x716a80d1334b vm_ip_off=0x31334b vm_flags=0xce4d8465 vm_state=0x7f3e7f7b vm_byte=0x3a target=0x716a80a9af18 target_off=0x9af18
[DISPATCH] site=0xcdac7 count=2953 slot=0x716a80ac3c60 slot_off=0xc3c60 idx=0x548 frame=0x716a80a7836d frame_off=0x7836d vm_ip=0x716a80d135b9 vm_ip_off=0x3135b9 vm_flags=0xc917a90d vm_state=0xc917a90d vm_byte=0x3a target=0x716a80a9af18 target_off=0x9af18
[DISPATCH] site=0xcdac7 count=2954 slot=0x716a80ac40c8 slot_off=0xc40c8 idx=0x9b0 frame=0x716a80a7836d frame_off=0x7836d vm_ip=0x716a80d137fc vm_ip_off=0x3137fc vm_flags=0x8df97560 vm_state=0x694cb90f vm_byte=0x3a target=0x716a80ab8556 target_off=0xb8556
[DISPATCH] site=0xcdac7 count=2955 slot=0x716a80ac40c8 slot_off=0xc40c8 idx=0x9b0 frame=0x716a80a7836d frame_off=0x7836d vm_ip=0x716a80d139de vm_ip_off=0x3139de vm_flags=0x4a612e32 vm_state=0x5f8f8af3 vm_byte=0x3a target=0x716a80ab8556 target_off=0xb8556
[DISPATCH] site=0xcdac7 count=2956 slot=0x716a80ac3c60 slot_off=0xc3c60 idx=0x548 frame=0x716a80a7836d frame_off=0x7836d vm_ip=0x716a80d13c4c vm_ip_off=0x313c4c vm_flags=0x8f70318b vm_state=0xfbfb8b3c vm_byte=0x3a target=0x716a80a9af18 target_off=0x9af18
[DISPATCH] site=0xcdac7 count=2957 slot=0x716a80ac3c60 slot_off=0xc3c60 idx=0x548 frame=0x716a80a7836d frame_off=0x7836d vm_ip=0x716a80d13e8f vm_ip_off=0x313e8f vm_flags=0xfed1df96 vm_state=0x58a4dcd6 vm_byte=0x3a target=0x716a80a9af18 target_off=0x9af18
[DISPATCH] site=0xcdac7 count=2958 slot=0x716a80ac3c60 slot_off=0xc3c60 idx=0x548 frame=0x716a80a7836d frame_off=0x7836d vm_ip=0x716a80d14071 vm_ip_off=0x314071 vm_flags=0x4ac60206 vm_state=0x5ee7d2fb vm_byte=0x3a target=0x716a80a9af18 target_off=0x9af18
[DISPATCH] site=0xcdac7 count=2959 slot=0x716a80ac40c8 slot_off=0xc40c8 idx=0x9b0 frame=0x716a80a7836d frame_off=0x7836d vm_ip=0x716a80d142df vm_ip_off=0x3142df vm_flags=0x861eb185 vm_state=0xdf95e7f4 vm_byte=0x3a target=0x716a80ab8556 target_off=0xb8556
[DISPATCH] site=0xcdac7 count=2960 slot=0x716a80ac40c8 slot_off=0xc40c8 idx=0x9b0 frame=0x716a80a7836d frame_off=0x7836d vm_ip=0x716a80d14522 vm_ip_off=0x314522 vm_flags=0x34a042ea vm_state=0x3ce04eeb vm_byte=0x3a target=0x716a80ab8556 target_off=0xb8556
[DISPATCH] site=0xcdac7 count=2961 slot=0x716a80ac40c8 slot_off=0xc40c8 idx=0x9b0 frame=0x716a80a7836d frame_off=0x7836d vm_ip=0x716a80d14704 vm_ip_off=0x314704 vm_flags=0xfcdeff37 vm_state=0xfcd60600 vm_byte=0x3a target=0x716a80ab8556 target_off=0xb8556
[DISPATCH] site=0xcdac7 count=2962 slot=0x716a80ac3c60 slot_off=0xc3c60 idx=0x548 frame=0x716a80a7836d frame_off=0x7836d vm_ip=0x716a80d14972 vm_ip_off=0x314972 vm_flags=0xf8eeff37 vm_state=0xf8e60910 vm_byte=0x3a target=0x716a80a9af18 target_off=0x9af18
[DISPATCH] site=0xcdac7 count=2963 slot=0x716a80ac40c8 slot_off=0xc40c8 idx=0x9b0 frame=0x716a80a7836d frame_off=0x7836d vm_ip=0x716a80d14bb5 vm_ip_off=0x314bb5 vm_flags=0x62662dfb vm_state=0xbffcca14 vm_byte=0x3a target=0x716a80ab8556 target_off=0xb8556
[DISPATCH] site=0xcdac7 count=2964 slot=0x716a80ac3c60 slot_off=0xc3c60 idx=0x548 frame=0x716a80a7836d frame_off=0x7836d vm_ip=0x716a80d14d97 vm_ip_off=0x314d97 vm_flags=0xfadf7f2d vm_state=0xf21b0800 vm_byte=0x3a target=0x716a80a9af18 target_off=0x9af18
[DISPATCH] site=0xcdac7 count=2965 slot=0x716a80ac40c8 slot_off=0xc40c8 idx=0x9b0 frame=0x716a80a7836d frame_off=0x7836d vm_ip=0x716a80d15005 vm_ip_off=0x315005 vm_flags=0xe34473c6 vm_state=0xe74477c6 vm_byte=0x3a target=0x716a80ab8556 target_off=0xb8556
[DISPATCH] site=0xcdac7 count=2966 slot=0x716a80ac40c8 slot_off=0xc40c8 idx=0x9b0 frame=0x716a80a7836d frame_off=0x7836d vm_ip=0x716a80d1522f vm_ip_off=0x31522f vm_flags=0x69b0303a vm_state=0x69145e5a vm_byte=0x3a target=0x716a80ab8556 target_off=0xb8556
[DISPATCH] site=0xcdac7 count=2967 slot=0x716a80ac3c60 slot_off=0xc3c60 idx=0x548 frame=0x716a80a7836d frame_off=0x7836d vm_ip=0x716a80d15486 vm_ip_off=0x315486 vm_flags=0x841ab3c5 vm_state=0x841ab3c5 vm_byte=0x3a target=0x716a80a9af18 target_off=0x9af18
[DISPATCH] site=0xcdac7 count=2968 slot=0x716a80ac3c60 slot_off=0xc3c60 idx=0x548 frame=0x716a80a7836d frame_off=0x7836d vm_ip=0x716a80d156ca vm_ip_off=0x3156ca vm_flags=0xf613f930 vm_state=0x3ffce85e vm_byte=0x3a target=0x716a80a9af18 target_off=0x9af18
[DISPATCH] site=0xcdac7 count=2969 slot=0x716a80ac3c60 slot_off=0xc3c60 idx=0x548 frame=0x716a80a7836d frame_off=0x7836d vm_ip=0x716a80d15969 vm_ip_off=0x315969 vm_flags=0x2ab32381 vm_state=0x2af72783 vm_byte=0x3a target=0x716a80a9af18 target_off=0x9af18
[DISPATCH] site=0xcdac7 count=2970 slot=0x716a80ac3c60 slot_off=0xc3c60 idx=0x548 frame=0x716a80a7836d frame_off=0x7836d vm_ip=0x716a80d15bbf vm_ip_off=0x315bbf vm_flags=0x6e5d9892 vm_state=0x4000d60c vm_byte=0x3a target=0x716a80a9af18 target_off=0x9af18
[DISPATCH] site=0xcdac7 count=2971 slot=0x716a80ac40c8 slot_off=0xc40c8 idx=0x9b0 frame=0x716a80a7836d frame_off=0x7836d vm_ip=0x716a80d10ca5 vm_ip_off=0x310ca5 vm_flags=0x148226cc vm_state=0xffaffb65 vm_byte=0x3a target=0x716a80ab8556 target_off=0xb8556
[DISPATCH] site=0xcdac7 count=2972 slot=0x716a80ac40c8 slot_off=0xc40c8 idx=0x9b0 frame=0x716a80a7836d frame_off=0x7836d vm_ip=0x716a80d10ef0 vm_ip_off=0x310ef0 vm_flags=0x14100010 vm_state=0x3f0612b2 vm_byte=0x3a target=0x716a80ab8556 target_off=0xb8556
[DISPATCH] site=0xcdac7 count=2973 slot=0x716a80ac3c60 slot_off=0xc3c60 idx=0x548 frame=0x716a80a7836d frame_off=0x7836d vm_ip=0x716a80d11163 vm_ip_off=0x311163 vm_flags=0xc83095f0 vm_state=0x400110fe vm_byte=0x3a target=0x716a80a9af18 target_off=0x9af18
[DISPATCH] site=0xcdac7 count=2974 slot=0x716a80ac3c60 slot_off=0xc3c60 idx=0x548 frame=0x716a80a7836d frame_off=0x7836d vm_ip=0x716a80d113a5 vm_ip_off=0x3113a5 vm_flags=0x7adeff2e vm_state=0x78de0800 vm_byte=0x3a target=0x716a80a9af18 target_off=0x9af18
[DISPATCH] site=0xcdac7 count=2975 slot=0x716a80ac40c8 slot_off=0xc40c8 idx=0x9b0 frame=0x716a80a7836d frame_off=0x7836d vm_ip=0x716a80d115e7 vm_ip_off=0x3115e7 vm_flags=0x2948 vm_state=0x2948 vm_byte=0x3a target=0x716a80ab8556 target_off=0xb8556
[DISPATCH] site=0xcdac7 count=2976 slot=0x716a80ac3c60 slot_off=0xc3c60 idx=0x548 frame=0x716a80a7836d frame_off=0x7836d vm_ip=0x716a80d11829 vm_ip_off=0x311829 vm_flags=0x3acddfde vm_state=0x585c5c02 vm_byte=0x3a target=0x716a80a9af18 target_off=0x9af18
[DISPATCH] site=0xcdac7 count=2977 slot=0x716a80ac3c60 slot_off=0xc3c60 idx=0x548 frame=0x716a80a7836d frame_off=0x7836d vm_ip=0x716a80d11a6b vm_ip_off=0x311a6b vm_flags=0xef1b287 vm_state=0x69145f5a vm_byte=0x3a target=0x716a80a9af18 target_off=0x9af18
[DISPATCH] site=0xcdac7 count=2978 slot=0x716a80ac40c8 slot_off=0xc40c8 idx=0x9b0 frame=0x716a80a7836d frame_off=0x7836d vm_ip=0x716a80d11cad vm_ip_off=0x311cad vm_flags=0x524c03c5 vm_state=0x7df7dfda vm_byte=0x3a target=0x716a80ab8556 target_off=0xb8556
[DISPATCH] site=0xcdac7 count=2979 slot=0x716a80ac40c8 slot_off=0xc40c8 idx=0x9b0 frame=0x716a80a7836d frame_off=0x7836d vm_ip=0x716a80d11f69 vm_ip_off=0x311f69 vm_flags=0x8e78f1da vm_state=0xeb377ffe vm_byte=0x3a target=0x716a80ab8556 target_off=0xb8556
[DISPATCH] site=0xcdac7 count=2980 slot=0x716a80ac40c8 slot_off=0xc40c8 idx=0x9b0 frame=0x716a80a7836d frame_off=0x7836d vm_ip=0x716a80d1223a vm_ip_off=0x31223a vm_flags=0x8e4e0de5 vm_state=0x7bd7fefb vm_byte=0x3a target=0x716a80ab8556 target_off=0xb8556
[DISPATCH] site=0xcdac7 count=2981 slot=0x716a80ac3c60 slot_off=0xc3c60 idx=0x548 frame=0x716a80a7836d frame_off=0x7836d vm_ip=0x716a80d12464 vm_ip_off=0x312464 vm_flags=0x347541db vm_state=0x69945ffa vm_byte=0x3a target=0x716a80a9af18 target_off=0x9af18
[DISPATCH] site=0xcdac7 count=2982 slot=0x716a80ac40c8 slot_off=0xc40c8 idx=0x9b0 frame=0x716a80a7836d frame_off=0x7836d vm_ip=0x716a80d1268e vm_ip_off=0x31268e vm_flags=0x5675bb90 vm_state=0xffc76ef9 vm_byte=0x3a target=0x716a80ab8556 target_off=0xb8556
[DISPATCH] site=0xcdac7 count=2983 slot=0x716a80ac3c60 slot_off=0xc3c60 idx=0x548 frame=0x716a80a7836d frame_off=0x7836d vm_ip=0x716a80d12868 vm_ip_off=0x312868 vm_flags=0x221c12 vm_state=0x3f06a742 vm_byte=0x3a target=0x716a80a9af18 target_off=0x9af18
[DISPATCH] site=0xcdac7 count=2984 slot=0x716a80ac3c60 slot_off=0xc3c60 idx=0x548 frame=0x716a80a7836d frame_off=0x7836d vm_ip=0x716a80d12aee vm_ip_off=0x312aee vm_flags=0x8e3c0ca2 vm_state=0x6f95fefa vm_byte=0x3a target=0x716a80a9af18 target_off=0x9af18
[DISPATCH] site=0xcdac7 count=2985 slot=0x716a80ac3c60 slot_off=0xc3c60 idx=0x548 frame=0x716a80a7836d frame_off=0x7836d vm_ip=0x716a80d12cd0 vm_ip_off=0x312cd0 vm_flags=0xfbf79ddb vm_state=0xf9f3eb74 vm_byte=0x3a target=0x716a80a9af18 target_off=0x9af18
[DISPATCH] site=0xcdac7 count=2986 slot=0x716a80ac40c8 slot_off=0xc40c8 idx=0x9b0 frame=0x716a80a7836d frame_off=0x7836d vm_ip=0x716a80d12f26 vm_ip_off=0x312f26 vm_flags=0x4b8eb2de vm_state=0x7b1c5e5e vm_byte=0x3a target=0x716a80ab8556 target_off=0xb8556
[DISPATCH] site=0xcdac7 count=2987 slot=0x716a80ac40c8 slot_off=0xc40c8 idx=0x9b0 frame=0x716a80a7836d frame_off=0x7836d vm_ip=0x716a80d13169 vm_ip_off=0x313169 vm_flags=0x7afe7fef vm_state=0x727e02a8 vm_byte=0x3a target=0x716a80ab8556 target_off=0xb8556
[DISPATCH] site=0xcdac7 count=2988 slot=0x716a80ac3c60 slot_off=0xc3c60 idx=0x548 frame=0x716a80a7836d frame_off=0x7836d vm_ip=0x716a80d1334b vm_ip_off=0x31334b vm_flags=0xce4d8465 vm_state=0x7f3e7f7b vm_byte=0x3a target=0x716a80a9af18 target_off=0x9af18
[DISPATCH] site=0xcdac7 count=2989 slot=0x716a80ac3c60 slot_off=0xc3c60 idx=0x548 frame=0x716a80a7836d frame_off=0x7836d vm_ip=0x716a80d135b9 vm_ip_off=0x3135b9 vm_flags=0xc917a90d vm_state=0xc917a90d vm_byte=0x3a target=0x716a80a9af18 target_off=0x9af18
[DISPATCH] site=0xcdac7 count=2990 slot=0x716a80ac40c8 slot_off=0xc40c8 idx=0x9b0 frame=0x716a80a7836d frame_off=0x7836d vm_ip=0x716a80d137fc vm_ip_off=0x3137fc vm_flags=0x8df97560 vm_state=0x694cb90f vm_byte=0x3a target=0x716a80ab8556 target_off=0xb8556
[DISPATCH] site=0xcdac7 count=2991 slot=0x716a80ac40c8 slot_off=0xc40c8 idx=0x9b0 frame=0x716a80a7836d frame_off=0x7836d vm_ip=0x716a80d139de vm_ip_off=0x3139de vm_flags=0x4a612e32 vm_state=0x5f8f8af3 vm_byte=0x3a target=0x716a80ab8556 target_off=0xb8556
[DISPATCH] site=0xcdac7 count=2992 slot=0x716a80ac3c60 slot_off=0xc3c60 idx=0x548 frame=0x716a80a7836d frame_off=0x7836d vm_ip=0x716a80d13c4c vm_ip_off=0x313c4c vm_flags=0x8f70318b vm_state=0xfbfb8b3c vm_byte=0x3a target=0x716a80a9af18 target_off=0x9af18
[DISPATCH] site=0xcdac7 count=2993 slot=0x716a80ac3c60 slot_off=0xc3c60 idx=0x548 frame=0x716a80a7836d frame_off=0x7836d vm_ip=0x716a80d13e8f vm_ip_off=0x313e8f vm_flags=0xfed1df96 vm_state=0x58a4dcd6 vm_byte=0x3a target=0x716a80a9af18 target_off=0x9af18
[DISPATCH] site=0xcdac7 count=2994 slot=0x716a80ac3c60 slot_off=0xc3c60 idx=0x548 frame=0x716a80a7836d frame_off=0x7836d vm_ip=0x716a80d14071 vm_ip_off=0x314071 vm_flags=0x4ac60206 vm_state=0x5ee7d2fb vm_byte=0x3a target=0x716a80a9af18 target_off=0x9af18
[DISPATCH] site=0xcdac7 count=2995 slot=0x716a80ac40c8 slot_off=0xc40c8 idx=0x9b0 frame=0x716a80a7836d frame_off=0x7836d vm_ip=0x716a80d142df vm_ip_off=0x3142df vm_flags=0x861eb185 vm_state=0xdf95e7f4 vm_byte=0x3a target=0x716a80ab8556 target_off=0xb8556
[DISPATCH] site=0xcdac7 count=2996 slot=0x716a80ac40c8 slot_off=0xc40c8 idx=0x9b0 frame=0x716a80a7836d frame_off=0x7836d vm_ip=0x716a80d14522 vm_ip_off=0x314522 vm_flags=0x34a042ea vm_state=0x3ce04eeb vm_byte=0x3a target=0x716a80ab8556 target_off=0xb8556
[DISPATCH] site=0xcdac7 count=2997 slot=0x716a80ac40c8 slot_off=0xc40c8 idx=0x9b0 frame=0x716a80a7836d frame_off=0x7836d vm_ip=0x716a80d14704 vm_ip_off=0x314704 vm_flags=0xfcdeff37 vm_state=0xfcd60600 vm_byte=0x3a target=0x716a80ab8556 target_off=0xb8556
[DISPATCH] site=0xcdac7 count=2998 slot=0x716a80ac3c60 slot_off=0xc3c60 idx=0x548 frame=0x716a80a7836d frame_off=0x7836d vm_ip=0x716a80d14972 vm_ip_off=0x314972 vm_flags=0xf8eeff37 vm_state=0xf8e60910 vm_byte=0x3a target=0x716a80a9af18 target_off=0x9af18
[DISPATCH] site=0xcdac7 count=2999 slot=0x716a80ac40c8 slot_off=0xc40c8 idx=0x9b0 frame=0x716a80a7836d frame_off=0x7836d vm_ip=0x716a80d14bb5 vm_ip_off=0x314bb5 vm_flags=0x62662dfb vm_state=0xbffcca14 vm_byte=0x3a target=0x716a80ab8556 target_off=0xb8556
[DISPATCH] site=0xcdac7 count=3000 slot=0x716a80ac3c60 slot_off=0xc3c60 idx=0x548 frame=0x716a80a7836d frame_off=0x7836d vm_ip=0x716a80d14d97 vm_ip_off=0x314d97 vm_flags=0xfadf7f2d vm_state=0xf21b0800 vm_byte=0x3a target=0x716a80a9af18 target_off=0x9af18
[DISPATCH] site=0xcdac7 count=3001 slot=0x716a80ac40c8 slot_off=0xc40c8 idx=0x9b0 frame=0x716a80a7836d frame_off=0x7836d vm_ip=0x716a80d15005 vm_ip_off=0x315005 vm_flags=0xe34473c6 vm_state=0xe74477c6 vm_byte=0x3a target=0x716a80ab8556 target_off=0xb8556
[DISPATCH] site=0xcdac7 count=3002 slot=0x716a80ac40c8 slot_off=0xc40c8 idx=0x9b0 frame=0x716a80a7836d frame_off=0x7836d vm_ip=0x716a80d1522f vm_ip_off=0x31522f vm_flags=0x69b0303a vm_state=0x69145e5a vm_byte=0x3a target=0x716a80ab8556 target_off=0xb8556
[DISPATCH] site=0xcdac7 count=3003 slot=0x716a80ac3c60 slot_off=0xc3c60 idx=0x548 frame=0x716a80a7836d frame_off=0x7836d vm_ip=0x716a80d15486 vm_ip_off=0x315486 vm_flags=0x841ab3c5 vm_state=0x841ab3c5 vm_byte=0x3a target=0x716a80a9af18 target_off=0x9af18
[DISPATCH] site=0xcdac7 count=3004 slot=0x716a80ac3c60 slot_off=0xc3c60 idx=0x548 frame=0x716a80a7836d frame_off=0x7836d vm_ip=0x716a80d156ca vm_ip_off=0x3156ca vm_flags=0xf613f930 vm_state=0x3ffce85e vm_byte=0x3a target=0x716a80a9af18 target_off=0x9af18
[DISPATCH] site=0xcdac7 count=3005 slot=0x716a80ac3c60 slot_off=0xc3c60 idx=0x548 frame=0x716a80a7836d frame_off=0x7836d vm_ip=0x716a80d15969 vm_ip_off=0x315969 vm_flags=0x2ab32381 vm_state=0x2af72783 vm_byte=0x3a target=0x716a80a9af18 target_off=0x9af18
[DISPATCH] site=0xcdac7 count=3006 slot=0x716a80ac3c60 slot_off=0xc3c60 idx=0x548 frame=0x716a80a7836d frame_off=0x7836d vm_ip=0x716a80d15bbf vm_ip_off=0x315bbf vm_flags=0x6e5d9892 vm_state=0x4000d60c vm_byte=0x3a target=0x716a80a9af18 target_off=0x9af18
[DISPATCH] site=0xcdac7 count=3007 slot=0x716a80ac40c8 slot_off=0xc40c8 idx=0x9b0 frame=0x716a80a7836d frame_off=0x7836d vm_ip=0x716a80d10ca5 vm_ip_off=0x310ca5 vm_flags=0x148226cc vm_state=0xffaffb65 vm_byte=0x3a target=0x716a80ab8556 target_off=0xb8556
[DISPATCH] site=0xcdac7 count=3008 slot=0x716a80ac40c8 slot_off=0xc40c8 idx=0x9b0 frame=0x716a80a7836d frame_off=0x7836d vm_ip=0x716a80d10ef0 vm_ip_off=0x310ef0 vm_flags=0x14100010 vm_state=0x3f0612b2 vm_byte=0x3a target=0x716a80ab8556 target_off=0xb8556
[DISPATCH] site=0xcdac7 count=3009 slot=0x716a80ac3c60 slot_off=0xc3c60 idx=0x548 frame=0x716a80a7836d frame_off=0x7836d vm_ip=0x716a80d11163 vm_ip_off=0x311163 vm_flags=0xc83095f0 vm_state=0x400110fe vm_byte=0x3a target=0x716a80a9af18 target_off=0x9af18
[DISPATCH] site=0xcdac7 count=3010 slot=0x716a80ac3c60 slot_off=0xc3c60 idx=0x548 frame=0x716a80a7836d frame_off=0x7836d vm_ip=0x716a80d113a5 vm_ip_off=0x3113a5 vm_flags=0x7adeff2e vm_state=0x78de0800 vm_byte=0x3a target=0x716a80a9af18 target_off=0x9af18
[DISPATCH] site=0xcdac7 count=3011 slot=0x716a80ac40c8 slot_off=0xc40c8 idx=0x9b0 frame=0x716a80a7836d frame_off=0x7836d vm_ip=0x716a80d115e7 vm_ip_off=0x3115e7 vm_flags=0x2948 vm_state=0x2948 vm_byte=0x3a target=0x716a80ab8556 target_off=0xb8556
[DISPATCH] site=0xcdac7 count=3012 slot=0x716a80ac3c60 slot_off=0xc3c60 idx=0x548 frame=0x716a80a7836d frame_off=0x7836d vm_ip=0x716a80d11829 vm_ip_off=0x311829 vm_flags=0x3acddfde vm_state=0x585c5c02 vm_byte=0x3a target=0x716a80a9af18 target_off=0x9af18
[DISPATCH] site=0xcdac7 count=3013 slot=0x716a80ac3c60 slot_off=0xc3c60 idx=0x548 frame=0x716a80a7836d frame_off=0x7836d vm_ip=0x716a80d11a6b vm_ip_off=0x311a6b vm_flags=0xef1b287 vm_state=0x69145f5a vm_byte=0x3a target=0x716a80a9af18 target_off=0x9af18
[DISPATCH] site=0xcdac7 count=3014 slot=0x716a80ac40c8 slot_off=0xc40c8 idx=0x9b0 frame=0x716a80a7836d frame_off=0x7836d vm_ip=0x716a80d11cad vm_ip_off=0x311cad vm_flags=0x524c03c5 vm_state=0x7df7dfda vm_byte=0x3a target=0x716a80ab8556 target_off=0xb8556
[DISPATCH] site=0xcdac7 count=3015 slot=0x716a80ac40c8 slot_off=0xc40c8 idx=0x9b0 frame=0x716a80a7836d frame_off=0x7836d vm_ip=0x716a80d11f69 vm_ip_off=0x311f69 vm_flags=0x8e78f1da vm_state=0xeb377ffe vm_byte=0x3a target=0x716a80ab8556 target_off=0xb8556
[DISPATCH] site=0xcdac7 count=3016 slot=0x716a80ac40c8 slot_off=0xc40c8 idx=0x9b0 frame=0x716a80a7836d frame_off=0x7836d vm_ip=0x716a80d1223a vm_ip_off=0x31223a vm_flags=0x8e4e0de5 vm_state=0x7bd7fefb vm_byte=0x3a target=0x716a80ab8556 target_off=0xb8556
[DISPATCH] site=0xcdac7 count=3017 slot=0x716a80ac3c60 slot_off=0xc3c60 idx=0x548 frame=0x716a80a7836d frame_off=0x7836d vm_ip=0x716a80d12464 vm_ip_off=0x312464 vm_flags=0x347541db vm_state=0x69945ffa vm_byte=0x3a target=0x716a80a9af18 target_off=0x9af18
[DISPATCH] site=0xcdac7 count=3018 slot=0x716a80ac40c8 slot_off=0xc40c8 idx=0x9b0 frame=0x716a80a7836d frame_off=0x7836d vm_ip=0x716a80d1268e vm_ip_off=0x31268e vm_flags=0x5675bb90 vm_state=0xffc76ef9 vm_byte=0x3a target=0x716a80ab8556 target_off=0xb8556
[DISPATCH] site=0xcdac7 count=3019 slot=0x716a80ac3c60 slot_off=0xc3c60 idx=0x548 frame=0x716a80a7836d frame_off=0x7836d vm_ip=0x716a80d12868 vm_ip_off=0x312868 vm_flags=0x221c12 vm_state=0x3f06a742 vm_byte=0x3a target=0x716a80a9af18 target_off=0x9af18
[DISPATCH] site=0xcdac7 count=3020 slot=0x716a80ac3c60 slot_off=0xc3c60 idx=0x548 frame=0x716a80a7836d frame_off=0x7836d vm_ip=0x716a80d12aee vm_ip_off=0x312aee vm_flags=0x8e3c0ca2 vm_state=0x6f95fefa vm_byte=0x3a target=0x716a80a9af18 target_off=0x9af18
[DISPATCH] site=0xcdac7 count=3021 slot=0x716a80ac3c60 slot_off=0xc3c60 idx=0x548 frame=0x716a80a7836d frame_off=0x7836d vm_ip=0x716a80d12cd0 vm_ip_off=0x312cd0 vm_flags=0xfbf79ddb vm_state=0xf9f3eb74 vm_byte=0x3a target=0x716a80a9af18 target_off=0x9af18
[DISPATCH] site=0xcdac7 count=3022 slot=0x716a80ac40c8 slot_off=0xc40c8 idx=0x9b0 frame=0x716a80a7836d frame_off=0x7836d vm_ip=0x716a80d12f26 vm_ip_off=0x312f26 vm_flags=0x4b8eb2de vm_state=0x7b1c5e5e vm_byte=0x3a target=0x716a80ab8556 target_off=0xb8556
[DISPATCH] site=0xcdac7 count=3023 slot=0x716a80ac40c8 slot_off=0xc40c8 idx=0x9b0 frame=0x716a80a7836d frame_off=0x7836d vm_ip=0x716a80d13169 vm_ip_off=0x313169 vm_flags=0x7afe7fef vm_state=0x727e02a8 vm_byte=0x3a target=0x716a80ab8556 target_off=0xb8556
[DISPATCH] site=0xcdac7 count=3024 slot=0x716a80ac3c60 slot_off=0xc3c60 idx=0x548 frame=0x716a80a7836d frame_off=0x7836d vm_ip=0x716a80d1334b vm_ip_off=0x31334b vm_flags=0xce4d8465 vm_state=0x7f3e7f7b vm_byte=0x3a target=0x716a80a9af18 target_off=0x9af18
[DISPATCH] site=0xcdac7 count=3025 slot=0x716a80ac3c60 slot_off=0xc3c60 idx=0x548 frame=0x716a80a7836d frame_off=0x7836d vm_ip=0x716a80d135b9 vm_ip_off=0x3135b9 vm_flags=0xc917a90d vm_state=0xc917a90d vm_byte=0x3a target=0x716a80a9af18 target_off=0x9af18
[DISPATCH] site=0xcdac7 count=3026 slot=0x716a80ac40c8 slot_off=0xc40c8 idx=0x9b0 frame=0x716a80a7836d frame_off=0x7836d vm_ip=0x716a80d137fc vm_ip_off=0x3137fc vm_flags=0x8df97560 vm_state=0x694cb90f vm_byte=0x3a target=0x716a80ab8556 target_off=0xb8556
[DISPATCH] site=0xcdac7 count=3027 slot=0x716a80ac40c8 slot_off=0xc40c8 idx=0x9b0 frame=0x716a80a7836d frame_off=0x7836d vm_ip=0x716a80d139de vm_ip_off=0x3139de vm_flags=0x4a612e32 vm_state=0x5f8f8af3 vm_byte=0x3a target=0x716a80ab8556 target_off=0xb8556
[DISPATCH] site=0xcdac7 count=3028 slot=0x716a80ac3c60 slot_off=0xc3c60 idx=0x548 frame=0x716a80a7836d frame_off=0x7836d vm_ip=0x716a80d13c4c vm_ip_off=0x313c4c vm_flags=0x8f70318b vm_state=0xfbfb8b3c vm_byte=0x3a target=0x716a80a9af18 target_off=0x9af18
[DISPATCH] site=0xcdac7 count=3029 slot=0x716a80ac3c60 slot_off=0xc3c60 idx=0x548 frame=0x716a80a7836d frame_off=0x7836d vm_ip=0x716a80d13e8f vm_ip_off=0x313e8f vm_flags=0xfed1df96 vm_state=0x58a4dcd6 vm_byte=0x3a target=0x716a80a9af18 target_off=0x9af18
[DISPATCH] site=0xcdac7 count=3030 slot=0x716a80ac3c60 slot_off=0xc3c60 idx=0x548 frame=0x716a80a7836d frame_off=0x7836d vm_ip=0x716a80d14071 vm_ip_off=0x314071 vm_flags=0x4ac60206 vm_state=0x5ee7d2fb vm_byte=0x3a target=0x716a80a9af18 target_off=0x9af18
[DISPATCH] site=0xcdac7 count=3031 slot=0x716a80ac40c8 slot_off=0xc40c8 idx=0x9b0 frame=0x716a80a7836d frame_off=0x7836d vm_ip=0x716a80d142df vm_ip_off=0x3142df vm_flags=0x861eb185 vm_state=0xdf95e7f4 vm_byte=0x3a target=0x716a80ab8556 target_off=0xb8556
[DISPATCH] site=0xcdac7 count=3032 slot=0x716a80ac40c8 slot_off=0xc40c8 idx=0x9b0 frame=0x716a80a7836d frame_off=0x7836d vm_ip=0x716a80d14522 vm_ip_off=0x314522 vm_flags=0x34a042ea vm_state=0x3ce04eeb vm_byte=0x3a target=0x716a80ab8556 target_off=0xb8556
[DISPATCH] site=0xcdac7 count=3033 slot=0x716a80ac40c8 slot_off=0xc40c8 idx=0x9b0 frame=0x716a80a7836d frame_off=0x7836d vm_ip=0x716a80d14704 vm_ip_off=0x314704 vm_flags=0xfcdeff37 vm_state=0xfcd60600 vm_byte=0x3a target=0x716a80ab8556 target_off=0xb8556
[DISPATCH] site=0xcdac7 count=3034 slot=0x716a80ac3c60 slot_off=0xc3c60 idx=0x548 frame=0x716a80a7836d frame_off=0x7836d vm_ip=0x716a80d14972 vm_ip_off=0x314972 vm_flags=0xf8eeff37 vm_state=0xf8e60910 vm_byte=0x3a target=0x716a80a9af18 target_off=0x9af18
[DISPATCH] site=0xcdac7 count=3035 slot=0x716a80ac40c8 slot_off=0xc40c8 idx=0x9b0 frame=0x716a80a7836d frame_off=0x7836d vm_ip=0x716a80d14bb5 vm_ip_off=0x314bb5 vm_flags=0x62662dfb vm_state=0xbffcca14 vm_byte=0x3a target=0x716a80ab8556 target_off=0xb8556
[DISPATCH] site=0xcdac7 count=3036 slot=0x716a80ac3c60 slot_off=0xc3c60 idx=0x548 frame=0x716a80a7836d frame_off=0x7836d vm_ip=0x716a80d14d97 vm_ip_off=0x314d97 vm_flags=0xfadf7f2d vm_state=0xf21b0800 vm_byte=0x3a target=0x716a80a9af18 target_off=0x9af18
[DISPATCH] site=0xcdac7 count=3037 slot=0x716a80ac40c8 slot_off=0xc40c8 idx=0x9b0 frame=0x716a80a7836d frame_off=0x7836d vm_ip=0x716a80d15005 vm_ip_off=0x315005 vm_flags=0xe34473c6 vm_state=0xe74477c6 vm_byte=0x3a target=0x716a80ab8556 target_off=0xb8556
[DISPATCH] site=0xcdac7 count=3038 slot=0x716a80ac40c8 slot_off=0xc40c8 idx=0x9b0 frame=0x716a80a7836d frame_off=0x7836d vm_ip=0x716a80d1522f vm_ip_off=0x31522f vm_flags=0x69b0303a vm_state=0x69145e5a vm_byte=0x3a target=0x716a80ab8556 target_off=0xb8556
[DISPATCH] site=0xcdac7 count=3039 slot=0x716a80ac3c60 slot_off=0xc3c60 idx=0x548 frame=0x716a80a7836d frame_off=0x7836d vm_ip=0x716a80d15486 vm_ip_off=0x315486 vm_flags=0x841ab3c5 vm_state=0x841ab3c5 vm_byte=0x3a target=0x716a80a9af18 target_off=0x9af18
[DISPATCH] site=0xcdac7 count=3040 slot=0x716a80ac3c60 slot_off=0xc3c60 idx=0x548 frame=0x716a80a7836d frame_off=0x7836d vm_ip=0x716a80d156ca vm_ip_off=0x3156ca vm_flags=0xf613f930 vm_state=0x3ffce85e vm_byte=0x3a target=0x716a80a9af18 target_off=0x9af18
[DISPATCH] site=0xcdac7 count=3041 slot=0x716a80ac3c60 slot_off=0xc3c60 idx=0x548 frame=0x716a80a7836d frame_off=0x7836d vm_ip=0x716a80d15969 vm_ip_off=0x315969 vm_flags=0x2ab32381 vm_state=0x2af72783 vm_byte=0x3a target=0x716a80a9af18 target_off=0x9af18
[DISPATCH] site=0xcdac7 count=3042 slot=0x716a80ac3c60 slot_off=0xc3c60 idx=0x548 frame=0x716a80a7836d frame_off=0x7836d vm_ip=0x716a80d15bbf vm_ip_off=0x315bbf vm_flags=0x6e5d9892 vm_state=0x4000d60c vm_byte=0x3a target=0x716a80a9af18 target_off=0x9af18
[DISPATCH] site=0xcdac7 count=3043 slot=0x716a80ac40c8 slot_off=0xc40c8 idx=0x9b0 frame=0x716a80a7836d frame_off=0x7836d vm_ip=0x716a80d10ca5 vm_ip_off=0x310ca5 vm_flags=0x148226cc vm_state=0xffaffb65 vm_byte=0x3a target=0x716a80ab8556 target_off=0xb8556
[DISPATCH] site=0xcdac7 count=3044 slot=0x716a80ac40c8 slot_off=0xc40c8 idx=0x9b0 frame=0x716a80a7836d frame_off=0x7836d vm_ip=0x716a80d10ef0 vm_ip_off=0x310ef0 vm_flags=0x14100010 vm_state=0x3f0612b2 vm_byte=0x3a target=0x716a80ab8556 target_off=0xb8556
[DISPATCH] site=0xcdac7 count=3045 slot=0x716a80ac3c60 slot_off=0xc3c60 idx=0x548 frame=0x716a80a7836d frame_off=0x7836d vm_ip=0x716a80d11163 vm_ip_off=0x311163 vm_flags=0xc83095f0 vm_state=0x400110fe vm_byte=0x3a target=0x716a80a9af18 target_off=0x9af18
[DISPATCH] site=0xcdac7 count=3046 slot=0x716a80ac3c60 slot_off=0xc3c60 idx=0x548 frame=0x716a80a7836d frame_off=0x7836d vm_ip=0x716a80d113a5 vm_ip_off=0x3113a5 vm_flags=0x7adeff2e vm_state=0x78de0800 vm_byte=0x3a target=0x716a80a9af18 target_off=0x9af18
[DISPATCH] site=0xcdac7 count=3047 slot=0x716a80ac40c8 slot_off=0xc40c8 idx=0x9b0 frame=0x716a80a7836d frame_off=0x7836d vm_ip=0x716a80d115e7 vm_ip_off=0x3115e7 vm_flags=0x2948 vm_state=0x2948 vm_byte=0x3a target=0x716a80ab8556 target_off=0xb8556
[DISPATCH] site=0xcdac7 count=3048 slot=0x716a80ac3c60 slot_off=0xc3c60 idx=0x548 frame=0x716a80a7836d frame_off=0x7836d vm_ip=0x716a80d11829 vm_ip_off=0x311829 vm_flags=0x3acddfde vm_state=0x585c5c02 vm_byte=0x3a target=0x716a80a9af18 target_off=0x9af18
[DISPATCH] site=0xcdac7 count=3049 slot=0x716a80ac3c60 slot_off=0xc3c60 idx=0x548 frame=0x716a80a7836d frame_off=0x7836d vm_ip=0x716a80d11a6b vm_ip_off=0x311a6b vm_flags=0xef1b287 vm_state=0x69145f5a vm_byte=0x3a target=0x716a80a9af18 target_off=0x9af18
[DISPATCH] site=0xcdac7 count=3050 slot=0x716a80ac40c8 slot_off=0xc40c8 idx=0x9b0 frame=0x716a80a7836d frame_off=0x7836d vm_ip=0x716a80d11cad vm_ip_off=0x311cad vm_flags=0x524c03c5 vm_state=0x7df7dfda vm_byte=0x3a target=0x716a80ab8556 target_off=0xb8556
[DISPATCH] site=0xcdac7 count=3051 slot=0x716a80ac40c8 slot_off=0xc40c8 idx=0x9b0 frame=0x716a80a7836d frame_off=0x7836d vm_ip=0x716a80d11f69 vm_ip_off=0x311f69 vm_flags=0x8e78f1da vm_state=0xeb377ffe vm_byte=0x3a target=0x716a80ab8556 target_off=0xb8556
[DISPATCH] site=0xcdac7 count=3052 slot=0x716a80ac40c8 slot_off=0xc40c8 idx=0x9b0 frame=0x716a80a7836d frame_off=0x7836d vm_ip=0x716a80d1223a vm_ip_off=0x31223a vm_flags=0x8e4e0de5 vm_state=0x7bd7fefb vm_byte=0x3a target=0x716a80ab8556 target_off=0xb8556
[DISPATCH] site=0xcdac7 count=3053 slot=0x716a80ac3c60 slot_off=0xc3c60 idx=0x548 frame=0x716a80a7836d frame_off=0x7836d vm_ip=0x716a80d12464 vm_ip_off=0x312464 vm_flags=0x347541db vm_state=0x69945ffa vm_byte=0x3a target=0x716a80a9af18 target_off=0x9af18
[DISPATCH] site=0xcdac7 count=3054 slot=0x716a80ac40c8 slot_off=0xc40c8 idx=0x9b0 frame=0x716a80a7836d frame_off=0x7836d vm_ip=0x716a80d1268e vm_ip_off=0x31268e vm_flags=0x5675bb90 vm_state=0xffc76ef9 vm_byte=0x3a target=0x716a80ab8556 target_off=0xb8556
[DISPATCH] site=0xcdac7 count=3055 slot=0x716a80ac3c60 slot_off=0xc3c60 idx=0x548 frame=0x716a80a7836d frame_off=0x7836d vm_ip=0x716a80d12868 vm_ip_off=0x312868 vm_flags=0x221c12 vm_state=0x3f06a742 vm_byte=0x3a target=0x716a80a9af18 target_off=0x9af18
[DISPATCH] site=0xcdac7 count=3056 slot=0x716a80ac3c60 slot_off=0xc3c60 idx=0x548 frame=0x716a80a7836d frame_off=0x7836d vm_ip=0x716a80d12aee vm_ip_off=0x312aee vm_flags=0x8e3c0ca2 vm_state=0x6f95fefa vm_byte=0x3a target=0x716a80a9af18 target_off=0x9af18
[DISPATCH] site=0xcdac7 count=3057 slot=0x716a80ac3c60 slot_off=0xc3c60 idx=0x548 frame=0x716a80a7836d frame_off=0x7836d vm_ip=0x716a80d12cd0 vm_ip_off=0x312cd0 vm_flags=0xfbf79ddb vm_state=0xf9f3eb74 vm_byte=0x3a target=0x716a80a9af18 target_off=0x9af18
[DISPATCH] site=0xcdac7 count=3058 slot=0x716a80ac40c8 slot_off=0xc40c8 idx=0x9b0 frame=0x716a80a7836d frame_off=0x7836d vm_ip=0x716a80d12f26 vm_ip_off=0x312f26 vm_flags=0x4b8eb2de vm_state=0x7b1c5e5e vm_byte=0x3a target=0x716a80ab8556 target_off=0xb8556
[DISPATCH] site=0xcdac7 count=3059 slot=0x716a80ac40c8 slot_off=0xc40c8 idx=0x9b0 frame=0x716a80a7836d frame_off=0x7836d vm_ip=0x716a80d13169 vm_ip_off=0x313169 vm_flags=0x7afe7fef vm_state=0x727e02a8 vm_byte=0x3a target=0x716a80ab8556 target_off=0xb8556
[DISPATCH] site=0xcdac7 count=3060 slot=0x716a80ac3c60 slot_off=0xc3c60 idx=0x548 frame=0x716a80a7836d frame_off=0x7836d vm_ip=0x716a80d1334b vm_ip_off=0x31334b vm_flags=0xce4d8465 vm_state=0x7f3e7f7b vm_byte=0x3a target=0x716a80a9af18 target_off=0x9af18
[DISPATCH] site=0xcdac7 count=3061 slot=0x716a80ac3c60 slot_off=0xc3c60 idx=0x548 frame=0x716a80a7836d frame_off=0x7836d vm_ip=0x716a80d135b9 vm_ip_off=0x3135b9 vm_flags=0xc917a90d vm_state=0xc917a90d vm_byte=0x3a target=0x716a80a9af18 target_off=0x9af18
[DISPATCH] site=0xcdac7 count=3062 slot=0x716a80ac40c8 slot_off=0xc40c8 idx=0x9b0 frame=0x716a80a7836d frame_off=0x7836d vm_ip=0x716a80d137fc vm_ip_off=0x3137fc vm_flags=0x8df97560 vm_state=0x694cb90f vm_byte=0x3a target=0x716a80ab8556 target_off=0xb8556
[DISPATCH] site=0xcdac7 count=3063 slot=0x716a80ac40c8 slot_off=0xc40c8 idx=0x9b0 frame=0x716a80a7836d frame_off=0x7836d vm_ip=0x716a80d139de vm_ip_off=0x3139de vm_flags=0x4a612e32 vm_state=0x5f8f8af3 vm_byte=0x3a target=0x716a80ab8556 target_off=0xb8556
[DISPATCH] site=0xcdac7 count=3064 slot=0x716a80ac3c60 slot_off=0xc3c60 idx=0x548 frame=0x716a80a7836d frame_off=0x7836d vm_ip=0x716a80d13c4c vm_ip_off=0x313c4c vm_flags=0x8f70318b vm_state=0xfbfb8b3c vm_byte=0x3a target=0x716a80a9af18 target_off=0x9af18
[DISPATCH] site=0xcdac7 count=3065 slot=0x716a80ac3c60 slot_off=0xc3c60 idx=0x548 frame=0x716a80a7836d frame_off=0x7836d vm_ip=0x716a80d13e8f vm_ip_off=0x313e8f vm_flags=0xfed1df96 vm_state=0x58a4dcd6 vm_byte=0x3a target=0x716a80a9af18 target_off=0x9af18
[DISPATCH] site=0xcdac7 count=3066 slot=0x716a80ac3c60 slot_off=0xc3c60 idx=0x548 frame=0x716a80a7836d frame_off=0x7836d vm_ip=0x716a80d14071 vm_ip_off=0x314071 vm_flags=0x4ac60206 vm_state=0x5ee7d2fb vm_byte=0x3a target=0x716a80a9af18 target_off=0x9af18
[DISPATCH] site=0xcdac7 count=3067 slot=0x716a80ac40c8 slot_off=0xc40c8 idx=0x9b0 frame=0x716a80a7836d frame_off=0x7836d vm_ip=0x716a80d142df vm_ip_off=0x3142df vm_flags=0x861eb185 vm_state=0xdf95e7f4 vm_byte=0x3a target=0x716a80ab8556 target_off=0xb8556
[DISPATCH] site=0xcdac7 count=3068 slot=0x716a80ac40c8 slot_off=0xc40c8 idx=0x9b0 frame=0x716a80a7836d frame_off=0x7836d vm_ip=0x716a80d14522 vm_ip_off=0x314522 vm_flags=0x34a042ea vm_state=0x3ce04eeb vm_byte=0x3a target=0x716a80ab8556 target_off=0xb8556
[DISPATCH] site=0xcdac7 count=3069 slot=0x716a80ac40c8 slot_off=0xc40c8 idx=0x9b0 frame=0x716a80a7836d frame_off=0x7836d vm_ip=0x716a80d14704 vm_ip_off=0x314704 vm_flags=0xfcdeff37 vm_state=0xfcd60600 vm_byte=0x3a target=0x716a80ab8556 target_off=0xb8556
[DISPATCH] site=0xcdac7 count=3070 slot=0x716a80ac3c60 slot_off=0xc3c60 idx=0x548 frame=0x716a80a7836d frame_off=0x7836d vm_ip=0x716a80d14972 vm_ip_off=0x314972 vm_flags=0xf8eeff37 vm_state=0xf8e60910 vm_byte=0x3a target=0x716a80a9af18 target_off=0x9af18
[DISPATCH] site=0xcdac7 count=3071 slot=0x716a80ac40c8 slot_off=0xc40c8 idx=0x9b0 frame=0x716a80a7836d frame_off=0x7836d vm_ip=0x716a80d14bb5 vm_ip_off=0x314bb5 vm_flags=0x62662dfb vm_state=0xbffcca14 vm_byte=0x3a target=0x716a80ab8556 target_off=0xb8556
[DISPATCH] site=0xcdac7 count=3072 slot=0x716a80ac3c60 slot_off=0xc3c60 idx=0x548 frame=0x716a80a7836d frame_off=0x7836d vm_ip=0x716a80d14d97 vm_ip_off=0x314d97 vm_flags=0xfadf7f2d vm_state=0xf21b0800 vm_byte=0x3a target=0x716a80a9af18 target_off=0x9af18
[DISPATCH] site=0xcdac7 count=3073 slot=0x716a80ac40c8 slot_off=0xc40c8 idx=0x9b0 frame=0x716a80a7836d frame_off=0x7836d vm_ip=0x716a80d15005 vm_ip_off=0x315005 vm_flags=0xe34473c6 vm_state=0xe74477c6 vm_byte=0x3a target=0x716a80ab8556 target_off=0xb8556
[DISPATCH] site=0xcdac7 count=3074 slot=0x716a80ac40c8 slot_off=0xc40c8 idx=0x9b0 frame=0x716a80a7836d frame_off=0x7836d vm_ip=0x716a80d1522f vm_ip_off=0x31522f vm_flags=0x69b0303a vm_state=0x69145e5a vm_byte=0x3a target=0x716a80ab8556 target_off=0xb8556
[DISPATCH] site=0xcdac7 count=3075 slot=0x716a80ac3c60 slot_off=0xc3c60 idx=0x548 frame=0x716a80a7836d frame_off=0x7836d vm_ip=0x716a80d15486 vm_ip_off=0x315486 vm_flags=0x841ab3c5 vm_state=0x841ab3c5 vm_byte=0x3a target=0x716a80a9af18 target_off=0x9af18
[DISPATCH] site=0xcdac7 count=3076 slot=0x716a80ac3c60 slot_off=0xc3c60 idx=0x548 frame=0x716a80a7836d frame_off=0x7836d vm_ip=0x716a80d156ca vm_ip_off=0x3156ca vm_flags=0xf613f930 vm_state=0x3ffce85e vm_byte=0x3a target=0x716a80a9af18 target_off=0x9af18
[DISPATCH] site=0xcdac7 count=3077 slot=0x716a80ac3c60 slot_off=0xc3c60 idx=0x548 frame=0x716a80a7836d frame_off=0x7836d vm_ip=0x716a80d15969 vm_ip_off=0x315969 vm_flags=0x2ab32381 vm_state=0x2af72783 vm_byte=0x3a target=0x716a80a9af18 target_off=0x9af18
[DISPATCH] site=0xcdac7 count=3078 slot=0x716a80ac3c60 slot_off=0xc3c60 idx=0x548 frame=0x716a80a7836d frame_off=0x7836d vm_ip=0x716a80d15bbf vm_ip_off=0x315bbf vm_flags=0x6e5d9892 vm_state=0x4000d60c vm_byte=0x3a target=0x716a80a9af18 target_off=0x9af18
[DISPATCH] site=0xcdac7 count=3079 slot=0x716a80ac40c8 slot_off=0xc40c8 idx=0x9b0 frame=0x716a80a7836d frame_off=0x7836d vm_ip=0x716a80d10ca5 vm_ip_off=0x310ca5 vm_flags=0x148226cc vm_state=0xffaffb65 vm_byte=0x3a target=0x716a80ab8556 target_off=0xb8556
[DISPATCH] site=0xcdac7 count=3080 slot=0x716a80ac40c8 slot_off=0xc40c8 idx=0x9b0 frame=0x716a80a7836d frame_off=0x7836d vm_ip=0x716a80d10ef0 vm_ip_off=0x310ef0 vm_flags=0x14100010 vm_state=0x3f0612b2 vm_byte=0x3a target=0x716a80ab8556 target_off=0xb8556
[DISPATCH] site=0xcdac7 count=3081 slot=0x716a80ac3c60 slot_off=0xc3c60 idx=0x548 frame=0x716a80a7836d frame_off=0x7836d vm_ip=0x716a80d11163 vm_ip_off=0x311163 vm_flags=0xc83095f0 vm_state=0x400110fe vm_byte=0x3a target=0x716a80a9af18 target_off=0x9af18
[DISPATCH] site=0xcdac7 count=3082 slot=0x716a80ac3c60 slot_off=0xc3c60 idx=0x548 frame=0x716a80a7836d frame_off=0x7836d vm_ip=0x716a80d113a5 vm_ip_off=0x3113a5 vm_flags=0x7adeff2e vm_state=0x78de0800 vm_byte=0x3a target=0x716a80a9af18 target_off=0x9af18
[DISPATCH] site=0xcdac7 count=3083 slot=0x716a80ac40c8 slot_off=0xc40c8 idx=0x9b0 frame=0x716a80a7836d frame_off=0x7836d vm_ip=0x716a80d115e7 vm_ip_off=0x3115e7 vm_flags=0x2948 vm_state=0x2948 vm_byte=0x3a target=0x716a80ab8556 target_off=0xb8556
[DISPATCH] site=0xcdac7 count=3084 slot=0x716a80ac3c60 slot_off=0xc3c60 idx=0x548 frame=0x716a80a7836d frame_off=0x7836d vm_ip=0x716a80d11829 vm_ip_off=0x311829 vm_flags=0x3acddfde vm_state=0x585c5c02 vm_byte=0x3a target=0x716a80a9af18 target_off=0x9af18
[DISPATCH] site=0xcdac7 count=3085 slot=0x716a80ac3c60 slot_off=0xc3c60 idx=0x548 frame=0x716a80a7836d frame_off=0x7836d vm_ip=0x716a80d11a6b vm_ip_off=0x311a6b vm_flags=0xef1b287 vm_state=0x69145f5a vm_byte=0x3a target=0x716a80a9af18 target_off=0x9af18
[DISPATCH] site=0xcdac7 count=3086 slot=0x716a80ac40c8 slot_off=0xc40c8 idx=0x9b0 frame=0x716a80a7836d frame_off=0x7836d vm_ip=0x716a80d11cad vm_ip_off=0x311cad vm_flags=0x524c03c5 vm_state=0x7df7dfda vm_byte=0x3a target=0x716a80ab8556 target_off=0xb8556
[DISPATCH] site=0xcdac7 count=3087 slot=0x716a80ac40c8 slot_off=0xc40c8 idx=0x9b0 frame=0x716a80a7836d frame_off=0x7836d vm_ip=0x716a80d11f69 vm_ip_off=0x311f69 vm_flags=0x8e78f1da vm_state=0xeb377ffe vm_byte=0x3a target=0x716a80ab8556 target_off=0xb8556
[DISPATCH] site=0xcdac7 count=3088 slot=0x716a80ac40c8 slot_off=0xc40c8 idx=0x9b0 frame=0x716a80a7836d frame_off=0x7836d vm_ip=0x716a80d1223a vm_ip_off=0x31223a vm_flags=0x8e4e0de5 vm_state=0x7bd7fefb vm_byte=0x3a target=0x716a80ab8556 target_off=0xb8556
[DISPATCH] site=0xcdac7 count=3089 slot=0x716a80ac3c60 slot_off=0xc3c60 idx=0x548 frame=0x716a80a7836d frame_off=0x7836d vm_ip=0x716a80d12464 vm_ip_off=0x312464 vm_flags=0x347541db vm_state=0x69945ffa vm_byte=0x3a target=0x716a80a9af18 target_off=0x9af18
[DISPATCH] site=0xcdac7 count=3090 slot=0x716a80ac40c8 slot_off=0xc40c8 idx=0x9b0 frame=0x716a80a7836d frame_off=0x7836d vm_ip=0x716a80d1268e vm_ip_off=0x31268e vm_flags=0x5675bb90 vm_state=0xffc76ef9 vm_byte=0x3a target=0x716a80ab8556 target_off=0xb8556
[DISPATCH] site=0xcdac7 count=3091 slot=0x716a80ac3c60 slot_off=0xc3c60 idx=0x548 frame=0x716a80a7836d frame_off=0x7836d vm_ip=0x716a80d12868 vm_ip_off=0x312868 vm_flags=0x221c12 vm_state=0x3f06a742 vm_byte=0x3a target=0x716a80a9af18 target_off=0x9af18
[DISPATCH] site=0xcdac7 count=3092 slot=0x716a80ac3c60 slot_off=0xc3c60 idx=0x548 frame=0x716a80a7836d frame_off=0x7836d vm_ip=0x716a80d12aee vm_ip_off=0x312aee vm_flags=0x8e3c0ca2 vm_state=0x6f95fefa vm_byte=0x3a target=0x716a80a9af18 target_off=0x9af18
[DISPATCH] site=0xcdac7 count=3093 slot=0x716a80ac3c60 slot_off=0xc3c60 idx=0x548 frame=0x716a80a7836d frame_off=0x7836d vm_ip=0x716a80d12cd0 vm_ip_off=0x312cd0 vm_flags=0xfbf79ddb vm_state=0xf9f3eb74 vm_byte=0x3a target=0x716a80a9af18 target_off=0x9af18
[DISPATCH] site=0xcdac7 count=3094 slot=0x716a80ac40c8 slot_off=0xc40c8 idx=0x9b0 frame=0x716a80a7836d frame_off=0x7836d vm_ip=0x716a80d12f26 vm_ip_off=0x312f26 vm_flags=0x4b8eb2de vm_state=0x7b1c5e5e vm_byte=0x3a target=0x716a80ab8556 target_off=0xb8556
[DISPATCH] site=0xcdac7 count=3095 slot=0x716a80ac40c8 slot_off=0xc40c8 idx=0x9b0 frame=0x716a80a7836d frame_off=0x7836d vm_ip=0x716a80d13169 vm_ip_off=0x313169 vm_flags=0x7afe7fef vm_state=0x727e02a8 vm_byte=0x3a target=0x716a80ab8556 target_off=0xb8556
[DISPATCH] site=0xcdac7 count=3096 slot=0x716a80ac3c60 slot_off=0xc3c60 idx=0x548 frame=0x716a80a7836d frame_off=0x7836d vm_ip=0x716a80d1334b vm_ip_off=0x31334b vm_flags=0xce4d8465 vm_state=0x7f3e7f7b vm_byte=0x3a target=0x716a80a9af18 target_off=0x9af18
[DISPATCH] site=0xcdac7 count=3097 slot=0x716a80ac3c60 slot_off=0xc3c60 idx=0x548 frame=0x716a80a7836d frame_off=0x7836d vm_ip=0x716a80d135b9 vm_ip_off=0x3135b9 vm_flags=0xc917a90d vm_state=0xc917a90d vm_byte=0x3a target=0x716a80a9af18 target_off=0x9af18
[DISPATCH] site=0xcdac7 count=3098 slot=0x716a80ac40c8 slot_off=0xc40c8 idx=0x9b0 frame=0x716a80a7836d frame_off=0x7836d vm_ip=0x716a80d137fc vm_ip_off=0x3137fc vm_flags=0x8df97560 vm_state=0x694cb90f vm_byte=0x3a target=0x716a80ab8556 target_off=0xb8556
[DISPATCH] site=0xcdac7 count=3099 slot=0x716a80ac40c8 slot_off=0xc40c8 idx=0x9b0 frame=0x716a80a7836d frame_off=0x7836d vm_ip=0x716a80d139de vm_ip_off=0x3139de vm_flags=0x4a612e32 vm_state=0x5f8f8af3 vm_byte=0x3a target=0x716a80ab8556 target_off=0xb8556
[DISPATCH] site=0xcdac7 count=3100 slot=0x716a80ac3c60 slot_off=0xc3c60 idx=0x548 frame=0x716a80a7836d frame_off=0x7836d vm_ip=0x716a80d13c4c vm_ip_off=0x313c4c vm_flags=0x8f70318b vm_state=0xfbfb8b3c vm_byte=0x3a target=0x716a80a9af18 target_off=0x9af18
[DISPATCH] site=0xcdac7 count=3101 slot=0x716a80ac3c60 slot_off=0xc3c60 idx=0x548 frame=0x716a80a7836d frame_off=0x7836d vm_ip=0x716a80d13e8f vm_ip_off=0x313e8f vm_flags=0xfed1df96 vm_state=0x58a4dcd6 vm_byte=0x3a target=0x716a80a9af18 target_off=0x9af18
[DISPATCH] site=0xcdac7 count=3102 slot=0x716a80ac3c60 slot_off=0xc3c60 idx=0x548 frame=0x716a80a7836d frame_off=0x7836d vm_ip=0x716a80d14071 vm_ip_off=0x314071 vm_flags=0x4ac60206 vm_state=0x5ee7d2fb vm_byte=0x3a target=0x716a80a9af18 target_off=0x9af18
[DISPATCH] site=0xcdac7 count=3103 slot=0x716a80ac40c8 slot_off=0xc40c8 idx=0x9b0 frame=0x716a80a7836d frame_off=0x7836d vm_ip=0x716a80d142df vm_ip_off=0x3142df vm_flags=0x861eb185 vm_state=0xdf95e7f4 vm_byte=0x3a target=0x716a80ab8556 target_off=0xb8556
[DISPATCH] site=0xcdac7 count=3104 slot=0x716a80ac40c8 slot_off=0xc40c8 idx=0x9b0 frame=0x716a80a7836d frame_off=0x7836d vm_ip=0x716a80d14522 vm_ip_off=0x314522 vm_flags=0x34a042ea vm_state=0x3ce04eeb vm_byte=0x3a target=0x716a80ab8556 target_off=0xb8556
[DISPATCH] site=0xcdac7 count=3105 slot=0x716a80ac40c8 slot_off=0xc40c8 idx=0x9b0 frame=0x716a80a7836d frame_off=0x7836d vm_ip=0x716a80d14704 vm_ip_off=0x314704 vm_flags=0xfcdeff37 vm_state=0xfcd60600 vm_byte=0x3a target=0x716a80ab8556 target_off=0xb8556
[DISPATCH] site=0xcdac7 count=3106 slot=0x716a80ac3c60 slot_off=0xc3c60 idx=0x548 frame=0x716a80a7836d frame_off=0x7836d vm_ip=0x716a80d14972 vm_ip_off=0x314972 vm_flags=0xf8eeff37 vm_state=0xf8e60910 vm_byte=0x3a target=0x716a80a9af18 target_off=0x9af18
[DISPATCH] site=0xcdac7 count=3107 slot=0x716a80ac40c8 slot_off=0xc40c8 idx=0x9b0 frame=0x716a80a7836d frame_off=0x7836d vm_ip=0x716a80d14bb5 vm_ip_off=0x314bb5 vm_flags=0x62662dfb vm_state=0xbffcca14 vm_byte=0x3a target=0x716a80ab8556 target_off=0xb8556
[DISPATCH] site=0xcdac7 count=3108 slot=0x716a80ac3c60 slot_off=0xc3c60 idx=0x548 frame=0x716a80a7836d frame_off=0x7836d vm_ip=0x716a80d14d97 vm_ip_off=0x314d97 vm_flags=0xfadf7f2d vm_state=0xf21b0800 vm_byte=0x3a target=0x716a80a9af18 target_off=0x9af18
[DISPATCH] site=0xcdac7 count=3109 slot=0x716a80ac40c8 slot_off=0xc40c8 idx=0x9b0 frame=0x716a80a7836d frame_off=0x7836d vm_ip=0x716a80d15005 vm_ip_off=0x315005 vm_flags=0xe34473c6 vm_state=0xe74477c6 vm_byte=0x3a target=0x716a80ab8556 target_off=0xb8556
[DISPATCH] site=0xcdac7 count=3110 slot=0x716a80ac40c8 slot_off=0xc40c8 idx=0x9b0 frame=0x716a80a7836d frame_off=0x7836d vm_ip=0x716a80d1522f vm_ip_off=0x31522f vm_flags=0x69b0303a vm_state=0x69145e5a vm_byte=0x3a target=0x716a80ab8556 target_off=0xb8556
[DISPATCH] site=0xcdac7 count=3111 slot=0x716a80ac3c60 slot_off=0xc3c60 idx=0x548 frame=0x716a80a7836d frame_off=0x7836d vm_ip=0x716a80d15486 vm_ip_off=0x315486 vm_flags=0x841ab3c5 vm_state=0x841ab3c5 vm_byte=0x3a target=0x716a80a9af18 target_off=0x9af18
[DISPATCH] site=0xcdac7 count=3112 slot=0x716a80ac3c60 slot_off=0xc3c60 idx=0x548 frame=0x716a80a7836d frame_off=0x7836d vm_ip=0x716a80d156ca vm_ip_off=0x3156ca vm_flags=0xf613f930 vm_state=0x3ffce85e vm_byte=0x3a target=0x716a80a9af18 target_off=0x9af18
[DISPATCH] site=0xcdac7 count=3113 slot=0x716a80ac3c60 slot_off=0xc3c60 idx=0x548 frame=0x716a80a7836d frame_off=0x7836d vm_ip=0x716a80d15969 vm_ip_off=0x315969 vm_flags=0x2ab32381 vm_state=0x2af72783 vm_byte=0x3a target=0x716a80a9af18 target_off=0x9af18
[DISPATCH] site=0xcdac7 count=3114 slot=0x716a80ac3c60 slot_off=0xc3c60 idx=0x548 frame=0x716a80a7836d frame_off=0x7836d vm_ip=0x716a80d15bbf vm_ip_off=0x315bbf vm_flags=0x6e5d9892 vm_state=0x4000d60c vm_byte=0x3a target=0x716a80a9af18 target_off=0x9af18
[DISPATCH] site=0xcdac7 count=3115 slot=0x716a80ac40c8 slot_off=0xc40c8 idx=0x9b0 frame=0x716a80a7836d frame_off=0x7836d vm_ip=0x716a80d10ca5 vm_ip_off=0x310ca5 vm_flags=0x148226cc vm_state=0xffaffb65 vm_byte=0x3a target=0x716a80ab8556 target_off=0xb8556
[DISPATCH] site=0xcdac7 count=3116 slot=0x716a80ac40c8 slot_off=0xc40c8 idx=0x9b0 frame=0x716a80a7836d frame_off=0x7836d vm_ip=0x716a80d10ef0 vm_ip_off=0x310ef0 vm_flags=0x14100010 vm_state=0x3f0612b2 vm_byte=0x3a target=0x716a80ab8556 target_off=0xb8556
[DISPATCH] site=0xcdac7 count=3117 slot=0x716a80ac3c60 slot_off=0xc3c60 idx=0x548 frame=0x716a80a7836d frame_off=0x7836d vm_ip=0x716a80d11163 vm_ip_off=0x311163 vm_flags=0xc83095f0 vm_state=0x400110fe vm_byte=0x3a target=0x716a80a9af18 target_off=0x9af18
[DISPATCH] site=0xcdac7 count=3118 slot=0x716a80ac3c60 slot_off=0xc3c60 idx=0x548 frame=0x716a80a7836d frame_off=0x7836d vm_ip=0x716a80d113a5 vm_ip_off=0x3113a5 vm_flags=0x7adeff2e vm_state=0x78de0800 vm_byte=0x3a target=0x716a80a9af18 target_off=0x9af18
[DISPATCH] site=0xcdac7 count=3119 slot=0x716a80ac40c8 slot_off=0xc40c8 idx=0x9b0 frame=0x716a80a7836d frame_off=0x7836d vm_ip=0x716a80d115e7 vm_ip_off=0x3115e7 vm_flags=0x2948 vm_state=0x2948 vm_byte=0x3a target=0x716a80ab8556 target_off=0xb8556
[DISPATCH] site=0xcdac7 count=3120 slot=0x716a80ac3c60 slot_off=0xc3c60 idx=0x548 frame=0x716a80a7836d frame_off=0x7836d vm_ip=0x716a80d11829 vm_ip_off=0x311829 vm_flags=0x3acddfde vm_state=0x585c5c02 vm_byte=0x3a target=0x716a80a9af18 target_off=0x9af18
[DISPATCH] site=0xcdac7 count=3121 slot=0x716a80ac3c60 slot_off=0xc3c60 idx=0x548 frame=0x716a80a7836d frame_off=0x7836d vm_ip=0x716a80d11a6b vm_ip_off=0x311a6b vm_flags=0xef1b287 vm_state=0x69145f5a vm_byte=0x3a target=0x716a80a9af18 target_off=0x9af18
[DISPATCH] site=0xcdac7 count=3122 slot=0x716a80ac40c8 slot_off=0xc40c8 idx=0x9b0 frame=0x716a80a7836d frame_off=0x7836d vm_ip=0x716a80d11cad vm_ip_off=0x311cad vm_flags=0x524c03c5 vm_state=0x7df7dfda vm_byte=0x3a target=0x716a80ab8556 target_off=0xb8556
[DISPATCH] site=0xcdac7 count=3123 slot=0x716a80ac40c8 slot_off=0xc40c8 idx=0x9b0 frame=0x716a80a7836d frame_off=0x7836d vm_ip=0x716a80d11f69 vm_ip_off=0x311f69 vm_flags=0x8e78f1da vm_state=0xeb377ffe vm_byte=0x3a target=0x716a80ab8556 target_off=0xb8556
[DISPATCH] site=0xcdac7 count=3124 slot=0x716a80ac40c8 slot_off=0xc40c8 idx=0x9b0 frame=0x716a80a7836d frame_off=0x7836d vm_ip=0x716a80d1223a vm_ip_off=0x31223a vm_flags=0x8e4e0de5 vm_state=0x7bd7fefb vm_byte=0x3a target=0x716a80ab8556 target_off=0xb8556
[DISPATCH] site=0xcdac7 count=3125 slot=0x716a80ac3c60 slot_off=0xc3c60 idx=0x548 frame=0x716a80a7836d frame_off=0x7836d vm_ip=0x716a80d12464 vm_ip_off=0x312464 vm_flags=0x347541db vm_state=0x69945ffa vm_byte=0x3a target=0x716a80a9af18 target_off=0x9af18
[DISPATCH] site=0xcdac7 count=3126 slot=0x716a80ac40c8 slot_off=0xc40c8 idx=0x9b0 frame=0x716a80a7836d frame_off=0x7836d vm_ip=0x716a80d1268e vm_ip_off=0x31268e vm_flags=0x5675bb90 vm_state=0xffc76ef9 vm_byte=0x3a target=0x716a80ab8556 target_off=0xb8556
[DISPATCH] site=0xcdac7 count=3127 slot=0x716a80ac3c60 slot_off=0xc3c60 idx=0x548 frame=0x716a80a7836d frame_off=0x7836d vm_ip=0x716a80d12868 vm_ip_off=0x312868 vm_flags=0x221c12 vm_state=0x3f06a742 vm_byte=0x3a target=0x716a80a9af18 target_off=0x9af18
[DISPATCH] site=0xcdac7 count=3128 slot=0x716a80ac3c60 slot_off=0xc3c60 idx=0x548 frame=0x716a80a7836d frame_off=0x7836d vm_ip=0x716a80d12aee vm_ip_off=0x312aee vm_flags=0x8e3c0ca2 vm_state=0x6f95fefa vm_byte=0x3a target=0x716a80a9af18 target_off=0x9af18
[DISPATCH] site=0xcdac7 count=3129 slot=0x716a80ac3c60 slot_off=0xc3c60 idx=0x548 frame=0x716a80a7836d frame_off=0x7836d vm_ip=0x716a80d12cd0 vm_ip_off=0x312cd0 vm_flags=0xfbf79ddb vm_state=0xf9f3eb74 vm_byte=0x3a target=0x716a80a9af18 target_off=0x9af18
[DISPATCH] site=0xcdac7 count=3130 slot=0x716a80ac40c8 slot_off=0xc40c8 idx=0x9b0 frame=0x716a80a7836d frame_off=0x7836d vm_ip=0x716a80d12f26 vm_ip_off=0x312f26 vm_flags=0x4b8eb2de vm_state=0x7b1c5e5e vm_byte=0x3a target=0x716a80ab8556 target_off=0xb8556
[DISPATCH] site=0xcdac7 count=3131 slot=0x716a80ac40c8 slot_off=0xc40c8 idx=0x9b0 frame=0x716a80a7836d frame_off=0x7836d vm_ip=0x716a80d13169 vm_ip_off=0x313169 vm_flags=0x7afe7fef vm_state=0x727e02a8 vm_byte=0x3a target=0x716a80ab8556 target_off=0xb8556
[DISPATCH] site=0xcdac7 count=3132 slot=0x716a80ac3c60 slot_off=0xc3c60 idx=0x548 frame=0x716a80a7836d frame_off=0x7836d vm_ip=0x716a80d1334b vm_ip_off=0x31334b vm_flags=0xce4d8465 vm_state=0x7f3e7f7b vm_byte=0x3a target=0x716a80a9af18 target_off=0x9af18
[DISPATCH] site=0xcdac7 count=3133 slot=0x716a80ac3c60 slot_off=0xc3c60 idx=0x548 frame=0x716a80a7836d frame_off=0x7836d vm_ip=0x716a80d135b9 vm_ip_off=0x3135b9 vm_flags=0xc917a90d vm_state=0xc917a90d vm_byte=0x3a target=0x716a80a9af18 target_off=0x9af18
[DISPATCH] site=0xcdac7 count=3134 slot=0x716a80ac40c8 slot_off=0xc40c8 idx=0x9b0 frame=0x716a80a7836d frame_off=0x7836d vm_ip=0x716a80d137fc vm_ip_off=0x3137fc vm_flags=0x8df97560 vm_state=0x694cb90f vm_byte=0x3a target=0x716a80ab8556 target_off=0xb8556
[DISPATCH] site=0xcdac7 count=3135 slot=0x716a80ac40c8 slot_off=0xc40c8 idx=0x9b0 frame=0x716a80a7836d frame_off=0x7836d vm_ip=0x716a80d139de vm_ip_off=0x3139de vm_flags=0x4a612e32 vm_state=0x5f8f8af3 vm_byte=0x3a target=0x716a80ab8556 target_off=0xb8556
[DISPATCH] site=0xcdac7 count=3136 slot=0x716a80ac3c60 slot_off=0xc3c60 idx=0x548 frame=0x716a80a7836d frame_off=0x7836d vm_ip=0x716a80d13c4c vm_ip_off=0x313c4c vm_flags=0x8f70318b vm_state=0xfbfb8b3c vm_byte=0x3a target=0x716a80a9af18 target_off=0x9af18
[DISPATCH] site=0xcdac7 count=3137 slot=0x716a80ac3c60 slot_off=0xc3c60 idx=0x548 frame=0x716a80a7836d frame_off=0x7836d vm_ip=0x716a80d13e8f vm_ip_off=0x313e8f vm_flags=0xfed1df96 vm_state=0x58a4dcd6 vm_byte=0x3a target=0x716a80a9af18 target_off=0x9af18
[DISPATCH] site=0xcdac7 count=3138 slot=0x716a80ac3c60 slot_off=0xc3c60 idx=0x548 frame=0x716a80a7836d frame_off=0x7836d vm_ip=0x716a80d14071 vm_ip_off=0x314071 vm_flags=0x4ac60206 vm_state=0x5ee7d2fb vm_byte=0x3a target=0x716a80a9af18 target_off=0x9af18
[DISPATCH] site=0xcdac7 count=3139 slot=0x716a80ac40c8 slot_off=0xc40c8 idx=0x9b0 frame=0x716a80a7836d frame_off=0x7836d vm_ip=0x716a80d142df vm_ip_off=0x3142df vm_flags=0x861eb185 vm_state=0xdf95e7f4 vm_byte=0x3a target=0x716a80ab8556 target_off=0xb8556
[DISPATCH] site=0xcdac7 count=3140 slot=0x716a80ac40c8 slot_off=0xc40c8 idx=0x9b0 frame=0x716a80a7836d frame_off=0x7836d vm_ip=0x716a80d14522 vm_ip_off=0x314522 vm_flags=0x34a042ea vm_state=0x3ce04eeb vm_byte=0x3a target=0x716a80ab8556 target_off=0xb8556
[DISPATCH] site=0xcdac7 count=3141 slot=0x716a80ac40c8 slot_off=0xc40c8 idx=0x9b0 frame=0x716a80a7836d frame_off=0x7836d vm_ip=0x716a80d14704 vm_ip_off=0x314704 vm_flags=0xfcdeff37 vm_state=0xfcd60600 vm_byte=0x3a target=0x716a80ab8556 target_off=0xb8556
[DISPATCH] site=0xcdac7 count=3142 slot=0x716a80ac3c60 slot_off=0xc3c60 idx=0x548 frame=0x716a80a7836d frame_off=0x7836d vm_ip=0x716a80d14972 vm_ip_off=0x314972 vm_flags=0xf8eeff37 vm_state=0xf8e60910 vm_byte=0x3a target=0x716a80a9af18 target_off=0x9af18
[DISPATCH] site=0xcdac7 count=3143 slot=0x716a80ac40c8 slot_off=0xc40c8 idx=0x9b0 frame=0x716a80a7836d frame_off=0x7836d vm_ip=0x716a80d14bb5 vm_ip_off=0x314bb5 vm_flags=0x62662dfb vm_state=0xbffcca14 vm_byte=0x3a target=0x716a80ab8556 target_off=0xb8556
[DISPATCH] site=0xcdac7 count=3144 slot=0x716a80ac3c60 slot_off=0xc3c60 idx=0x548 frame=0x716a80a7836d frame_off=0x7836d vm_ip=0x716a80d14d97 vm_ip_off=0x314d97 vm_flags=0xfadf7f2d vm_state=0xf21b0800 vm_byte=0x3a target=0x716a80a9af18 target_off=0x9af18
[DISPATCH] site=0xcdac7 count=3145 slot=0x716a80ac40c8 slot_off=0xc40c8 idx=0x9b0 frame=0x716a80a7836d frame_off=0x7836d vm_ip=0x716a80d15005 vm_ip_off=0x315005 vm_flags=0xe34473c6 vm_state=0xe74477c6 vm_byte=0x3a target=0x716a80ab8556 target_off=0xb8556
[DISPATCH] site=0xcdac7 count=3146 slot=0x716a80ac40c8 slot_off=0xc40c8 idx=0x9b0 frame=0x716a80a7836d frame_off=0x7836d vm_ip=0x716a80d1522f vm_ip_off=0x31522f vm_flags=0x69b0303a vm_state=0x69145e5a vm_byte=0x3a target=0x716a80ab8556 target_off=0xb8556
[DISPATCH] site=0xcdac7 count=3147 slot=0x716a80ac3c60 slot_off=0xc3c60 idx=0x548 frame=0x716a80a7836d frame_off=0x7836d vm_ip=0x716a80d15486 vm_ip_off=0x315486 vm_flags=0x841ab3c5 vm_state=0x841ab3c5 vm_byte=0x3a target=0x716a80a9af18 target_off=0x9af18
[DISPATCH] site=0xcdac7 count=3148 slot=0x716a80ac3c60 slot_off=0xc3c60 idx=0x548 frame=0x716a80a7836d frame_off=0x7836d vm_ip=0x716a80d156ca vm_ip_off=0x3156ca vm_flags=0xf613f930 vm_state=0x3ffce85e vm_byte=0x3a target=0x716a80a9af18 target_off=0x9af18
[DISPATCH] site=0xcdac7 count=3149 slot=0x716a80ac3c60 slot_off=0xc3c60 idx=0x548 frame=0x716a80a7836d frame_off=0x7836d vm_ip=0x716a80d15969 vm_ip_off=0x315969 vm_flags=0x2ab32381 vm_state=0x2af72783 vm_byte=0x3a target=0x716a80a9af18 target_off=0x9af18
[DISPATCH] site=0xcdac7 count=3150 slot=0x716a80ac3c60 slot_off=0xc3c60 idx=0x548 frame=0x716a80a7836d frame_off=0x7836d vm_ip=0x716a80d15bbf vm_ip_off=0x315bbf vm_flags=0x6e5d9892 vm_state=0x4000d60c vm_byte=0x3a target=0x716a80a9af18 target_off=0x9af18
[DISPATCH] site=0xcdac7 count=3151 slot=0x716a80ac40c8 slot_off=0xc40c8 idx=0x9b0 frame=0x716a80a7836d frame_off=0x7836d vm_ip=0x716a80d10ca5 vm_ip_off=0x310ca5 vm_flags=0x148226cc vm_state=0xffaffb65 vm_byte=0x3a target=0x716a80ab8556 target_off=0xb8556
[DISPATCH] site=0xcdac7 count=3152 slot=0x716a80ac40c8 slot_off=0xc40c8 idx=0x9b0 frame=0x716a80a7836d frame_off=0x7836d vm_ip=0x716a80d10ef0 vm_ip_off=0x310ef0 vm_flags=0x14100010 vm_state=0x3f0612b2 vm_byte=0x3a target=0x716a80ab8556 target_off=0xb8556
[DISPATCH] site=0xcdac7 count=3153 slot=0x716a80ac3c60 slot_off=0xc3c60 idx=0x548 frame=0x716a80a7836d frame_off=0x7836d vm_ip=0x716a80d11163 vm_ip_off=0x311163 vm_flags=0xc83095f0 vm_state=0x400110fe vm_byte=0x3a target=0x716a80a9af18 target_off=0x9af18
[DISPATCH] site=0xcdac7 count=3154 slot=0x716a80ac3c60 slot_off=0xc3c60 idx=0x548 frame=0x716a80a7836d frame_off=0x7836d vm_ip=0x716a80d113a5 vm_ip_off=0x3113a5 vm_flags=0x7adeff2e vm_state=0x78de0800 vm_byte=0x3a target=0x716a80a9af18 target_off=0x9af18
[DISPATCH] site=0xcdac7 count=3155 slot=0x716a80ac40c8 slot_off=0xc40c8 idx=0x9b0 frame=0x716a80a7836d frame_off=0x7836d vm_ip=0x716a80d115e7 vm_ip_off=0x3115e7 vm_flags=0x2948 vm_state=0x2948 vm_byte=0x3a target=0x716a80ab8556 target_off=0xb8556
[DISPATCH] site=0xcdac7 count=3156 slot=0x716a80ac3c60 slot_off=0xc3c60 idx=0x548 frame=0x716a80a7836d frame_off=0x7836d vm_ip=0x716a80d11829 vm_ip_off=0x311829 vm_flags=0x3acddfde vm_state=0x585c5c02 vm_byte=0x3a target=0x716a80a9af18 target_off=0x9af18
[DISPATCH] site=0xcdac7 count=3157 slot=0x716a80ac3c60 slot_off=0xc3c60 idx=0x548 frame=0x716a80a7836d frame_off=0x7836d vm_ip=0x716a80d11a6b vm_ip_off=0x311a6b vm_flags=0xef1b287 vm_state=0x69145f5a vm_byte=0x3a target=0x716a80a9af18 target_off=0x9af18
[DISPATCH] site=0xcdac7 count=3158 slot=0x716a80ac40c8 slot_off=0xc40c8 idx=0x9b0 frame=0x716a80a7836d frame_off=0x7836d vm_ip=0x716a80d11cad vm_ip_off=0x311cad vm_flags=0x524c03c5 vm_state=0x7df7dfda vm_byte=0x3a target=0x716a80ab8556 target_off=0xb8556
[DISPATCH] site=0xcdac7 count=3159 slot=0x716a80ac40c8 slot_off=0xc40c8 idx=0x9b0 frame=0x716a80a7836d frame_off=0x7836d vm_ip=0x716a80d11f69 vm_ip_off=0x311f69 vm_flags=0x8e78f1da vm_state=0xeb377ffe vm_byte=0x3a target=0x716a80ab8556 target_off=0xb8556
[DISPATCH] site=0xcdac7 count=3160 slot=0x716a80ac40c8 slot_off=0xc40c8 idx=0x9b0 frame=0x716a80a7836d frame_off=0x7836d vm_ip=0x716a80d1223a vm_ip_off=0x31223a vm_flags=0x8e4e0de5 vm_state=0x7bd7fefb vm_byte=0x3a target=0x716a80ab8556 target_off=0xb8556
[DISPATCH] site=0xcdac7 count=3161 slot=0x716a80ac3c60 slot_off=0xc3c60 idx=0x548 frame=0x716a80a7836d frame_off=0x7836d vm_ip=0x716a80d12464 vm_ip_off=0x312464 vm_flags=0x347541db vm_state=0x69945ffa vm_byte=0x3a target=0x716a80a9af18 target_off=0x9af18
[DISPATCH] site=0xcdac7 count=3162 slot=0x716a80ac40c8 slot_off=0xc40c8 idx=0x9b0 frame=0x716a80a7836d frame_off=0x7836d vm_ip=0x716a80d1268e vm_ip_off=0x31268e vm_flags=0x5675bb90 vm_state=0xffc76ef9 vm_byte=0x3a target=0x716a80ab8556 target_off=0xb8556
[DISPATCH] site=0xcdac7 count=3163 slot=0x716a80ac3c60 slot_off=0xc3c60 idx=0x548 frame=0x716a80a7836d frame_off=0x7836d vm_ip=0x716a80d12868 vm_ip_off=0x312868 vm_flags=0x221c12 vm_state=0x3f06a742 vm_byte=0x3a target=0x716a80a9af18 target_off=0x9af18
[DISPATCH] site=0xcdac7 count=3164 slot=0x716a80ac3c60 slot_off=0xc3c60 idx=0x548 frame=0x716a80a7836d frame_off=0x7836d vm_ip=0x716a80d12aee vm_ip_off=0x312aee vm_flags=0x8e3c0ca2 vm_state=0x6f95fefa vm_byte=0x3a target=0x716a80a9af18 target_off=0x9af18
[DISPATCH] site=0xcdac7 count=3165 slot=0x716a80ac3c60 slot_off=0xc3c60 idx=0x548 frame=0x716a80a7836d frame_off=0x7836d vm_ip=0x716a80d12cd0 vm_ip_off=0x312cd0 vm_flags=0xfbf79ddb vm_state=0xf9f3eb74 vm_byte=0x3a target=0x716a80a9af18 target_off=0x9af18
[DISPATCH] site=0xcdac7 count=3166 slot=0x716a80ac40c8 slot_off=0xc40c8 idx=0x9b0 frame=0x716a80a7836d frame_off=0x7836d vm_ip=0x716a80d12f26 vm_ip_off=0x312f26 vm_flags=0x4b8eb2de vm_state=0x7b1c5e5e vm_byte=0x3a target=0x716a80ab8556 target_off=0xb8556
[DISPATCH] site=0xcdac7 count=3167 slot=0x716a80ac40c8 slot_off=0xc40c8 idx=0x9b0 frame=0x716a80a7836d frame_off=0x7836d vm_ip=0x716a80d13169 vm_ip_off=0x313169 vm_flags=0x7afe7fef vm_state=0x727e02a8 vm_byte=0x3a target=0x716a80ab8556 target_off=0xb8556
[DISPATCH] site=0xcdac7 count=3168 slot=0x716a80ac3c60 slot_off=0xc3c60 idx=0x548 frame=0x716a80a7836d frame_off=0x7836d vm_ip=0x716a80d1334b vm_ip_off=0x31334b vm_flags=0xce4d8465 vm_state=0x7f3e7f7b vm_byte=0x3a target=0x716a80a9af18 target_off=0x9af18
[DISPATCH] site=0xcdac7 count=3169 slot=0x716a80ac3c60 slot_off=0xc3c60 idx=0x548 frame=0x716a80a7836d frame_off=0x7836d vm_ip=0x716a80d135b9 vm_ip_off=0x3135b9 vm_flags=0xc917a90d vm_state=0xc917a90d vm_byte=0x3a target=0x716a80a9af18 target_off=0x9af18
[DISPATCH] site=0xcdac7 count=3170 slot=0x716a80ac40c8 slot_off=0xc40c8 idx=0x9b0 frame=0x716a80a7836d frame_off=0x7836d vm_ip=0x716a80d137fc vm_ip_off=0x3137fc vm_flags=0x8df97560 vm_state=0x694cb90f vm_byte=0x3a target=0x716a80ab8556 target_off=0xb8556
[DISPATCH] site=0xcdac7 count=3171 slot=0x716a80ac40c8 slot_off=0xc40c8 idx=0x9b0 frame=0x716a80a7836d frame_off=0x7836d vm_ip=0x716a80d139de vm_ip_off=0x3139de vm_flags=0x4a612e32 vm_state=0x5f8f8af3 vm_byte=0x3a target=0x716a80ab8556 target_off=0xb8556
[DISPATCH] site=0xcdac7 count=3172 slot=0x716a80ac3c60 slot_off=0xc3c60 idx=0x548 frame=0x716a80a7836d frame_off=0x7836d vm_ip=0x716a80d13c4c vm_ip_off=0x313c4c vm_flags=0x8f70318b vm_state=0xfbfb8b3c vm_byte=0x3a target=0x716a80a9af18 target_off=0x9af18
[DISPATCH] site=0xcdac7 count=3173 slot=0x716a80ac3c60 slot_off=0xc3c60 idx=0x548 frame=0x716a80a7836d frame_off=0x7836d vm_ip=0x716a80d13e8f vm_ip_off=0x313e8f vm_flags=0xfed1df96 vm_state=0x58a4dcd6 vm_byte=0x3a target=0x716a80a9af18 target_off=0x9af18
[DISPATCH] site=0xcdac7 count=3174 slot=0x716a80ac3c60 slot_off=0xc3c60 idx=0x548 frame=0x716a80a7836d frame_off=0x7836d vm_ip=0x716a80d14071 vm_ip_off=0x314071 vm_flags=0x4ac60206 vm_state=0x5ee7d2fb vm_byte=0x3a target=0x716a80a9af18 target_off=0x9af18
[DISPATCH] site=0xcdac7 count=3175 slot=0x716a80ac40c8 slot_off=0xc40c8 idx=0x9b0 frame=0x716a80a7836d frame_off=0x7836d vm_ip=0x716a80d142df vm_ip_off=0x3142df vm_flags=0x861eb185 vm_state=0xdf95e7f4 vm_byte=0x3a target=0x716a80ab8556 target_off=0xb8556
[DISPATCH] site=0xcdac7 count=3176 slot=0x716a80ac40c8 slot_off=0xc40c8 idx=0x9b0 frame=0x716a80a7836d frame_off=0x7836d vm_ip=0x716a80d14522 vm_ip_off=0x314522 vm_flags=0x34a042ea vm_state=0x3ce04eeb vm_byte=0x3a target=0x716a80ab8556 target_off=0xb8556
[DISPATCH] site=0xcdac7 count=3177 slot=0x716a80ac40c8 slot_off=0xc40c8 idx=0x9b0 frame=0x716a80a7836d frame_off=0x7836d vm_ip=0x716a80d14704 vm_ip_off=0x314704 vm_flags=0xfcdeff37 vm_state=0xfcd60600 vm_byte=0x3a target=0x716a80ab8556 target_off=0xb8556
[DISPATCH] site=0xcdac7 count=3178 slot=0x716a80ac3c60 slot_off=0xc3c60 idx=0x548 frame=0x716a80a7836d frame_off=0x7836d vm_ip=0x716a80d14972 vm_ip_off=0x314972 vm_flags=0xf8eeff37 vm_state=0xf8e60910 vm_byte=0x3a target=0x716a80a9af18 target_off=0x9af18
[DISPATCH] site=0xcdac7 count=3179 slot=0x716a80ac40c8 slot_off=0xc40c8 idx=0x9b0 frame=0x716a80a7836d frame_off=0x7836d vm_ip=0x716a80d14bb5 vm_ip_off=0x314bb5 vm_flags=0x62662dfb vm_state=0xbffcca14 vm_byte=0x3a target=0x716a80ab8556 target_off=0xb8556
[DISPATCH] site=0xcdac7 count=3180 slot=0x716a80ac3c60 slot_off=0xc3c60 idx=0x548 frame=0x716a80a7836d frame_off=0x7836d vm_ip=0x716a80d14d97 vm_ip_off=0x314d97 vm_flags=0xfadf7f2d vm_state=0xf21b0800 vm_byte=0x3a target=0x716a80a9af18 target_off=0x9af18
[DISPATCH] site=0xcdac7 count=3181 slot=0x716a80ac40c8 slot_off=0xc40c8 idx=0x9b0 frame=0x716a80a7836d frame_off=0x7836d vm_ip=0x716a80d15005 vm_ip_off=0x315005 vm_flags=0xe34473c6 vm_state=0xe74477c6 vm_byte=0x3a target=0x716a80ab8556 target_off=0xb8556
[DISPATCH] site=0xcdac7 count=3182 slot=0x716a80ac40c8 slot_off=0xc40c8 idx=0x9b0 frame=0x716a80a7836d frame_off=0x7836d vm_ip=0x716a80d1522f vm_ip_off=0x31522f vm_flags=0x69b0303a vm_state=0x69145e5a vm_byte=0x3a target=0x716a80ab8556 target_off=0xb8556
[DISPATCH] site=0xcdac7 count=3183 slot=0x716a80ac3c60 slot_off=0xc3c60 idx=0x548 frame=0x716a80a7836d frame_off=0x7836d vm_ip=0x716a80d15486 vm_ip_off=0x315486 vm_flags=0x841ab3c5 vm_state=0x841ab3c5 vm_byte=0x3a target=0x716a80a9af18 target_off=0x9af18
[DISPATCH] site=0xcdac7 count=3184 slot=0x716a80ac3c60 slot_off=0xc3c60 idx=0x548 frame=0x716a80a7836d frame_off=0x7836d vm_ip=0x716a80d156ca vm_ip_off=0x3156ca vm_flags=0xf613f930 vm_state=0x3ffce85e vm_byte=0x3a target=0x716a80a9af18 target_off=0x9af18
[DISPATCH] site=0xcdac7 count=3185 slot=0x716a80ac3c60 slot_off=0xc3c60 idx=0x548 frame=0x716a80a7836d frame_off=0x7836d vm_ip=0x716a80d15969 vm_ip_off=0x315969 vm_flags=0x2ab32381 vm_state=0x2af72783 vm_byte=0x3a target=0x716a80a9af18 target_off=0x9af18
[DISPATCH] site=0xcdac7 count=3186 slot=0x716a80ac3c60 slot_off=0xc3c60 idx=0x548 frame=0x716a80a7836d frame_off=0x7836d vm_ip=0x716a80d15bbf vm_ip_off=0x315bbf vm_flags=0x6e5d9892 vm_state=0x4000d60c vm_byte=0x3a target=0x716a80a9af18 target_off=0x9af18
[DISPATCH] site=0xcdac7 count=3187 slot=0x716a80ac40c8 slot_off=0xc40c8 idx=0x9b0 frame=0x716a80a7836d frame_off=0x7836d vm_ip=0x716a80d10ca5 vm_ip_off=0x310ca5 vm_flags=0x148226cc vm_state=0xffaffb65 vm_byte=0x3a target=0x716a80ab8556 target_off=0xb8556
[DISPATCH] site=0xcdac7 count=3188 slot=0x716a80ac40c8 slot_off=0xc40c8 idx=0x9b0 frame=0x716a80a7836d frame_off=0x7836d vm_ip=0x716a80d10ef0 vm_ip_off=0x310ef0 vm_flags=0x14100010 vm_state=0x3f0612b2 vm_byte=0x3a target=0x716a80ab8556 target_off=0xb8556
[DISPATCH] site=0xcdac7 count=3189 slot=0x716a80ac3c60 slot_off=0xc3c60 idx=0x548 frame=0x716a80a7836d frame_off=0x7836d vm_ip=0x716a80d11163 vm_ip_off=0x311163 vm_flags=0xc83095f0 vm_state=0x400110fe vm_byte=0x3a target=0x716a80a9af18 target_off=0x9af18
[DISPATCH] site=0xcdac7 count=3190 slot=0x716a80ac3c60 slot_off=0xc3c60 idx=0x548 frame=0x716a80a7836d frame_off=0x7836d vm_ip=0x716a80d113a5 vm_ip_off=0x3113a5 vm_flags=0x7adeff2e vm_state=0x78de0800 vm_byte=0x3a target=0x716a80a9af18 target_off=0x9af18
[DISPATCH] site=0xcdac7 count=3191 slot=0x716a80ac40c8 slot_off=0xc40c8 idx=0x9b0 frame=0x716a80a7836d frame_off=0x7836d vm_ip=0x716a80d115e7 vm_ip_off=0x3115e7 vm_flags=0x2948 vm_state=0x2948 vm_byte=0x3a target=0x716a80ab8556 target_off=0xb8556
[DISPATCH] site=0xcdac7 count=3192 slot=0x716a80ac3c60 slot_off=0xc3c60 idx=0x548 frame=0x716a80a7836d frame_off=0x7836d vm_ip=0x716a80d11829 vm_ip_off=0x311829 vm_flags=0x3acddfde vm_state=0x585c5c02 vm_byte=0x3a target=0x716a80a9af18 target_off=0x9af18
[DISPATCH] site=0xcdac7 count=3193 slot=0x716a80ac3c60 slot_off=0xc3c60 idx=0x548 frame=0x716a80a7836d frame_off=0x7836d vm_ip=0x716a80d11a6b vm_ip_off=0x311a6b vm_flags=0xef1b287 vm_state=0x69145f5a vm_byte=0x3a target=0x716a80a9af18 target_off=0x9af18
[DISPATCH] site=0xcdac7 count=3194 slot=0x716a80ac40c8 slot_off=0xc40c8 idx=0x9b0 frame=0x716a80a7836d frame_off=0x7836d vm_ip=0x716a80d11cad vm_ip_off=0x311cad vm_flags=0x524c03c5 vm_state=0x7df7dfda vm_byte=0x3a target=0x716a80ab8556 target_off=0xb8556
[DISPATCH] site=0xcdac7 count=3195 slot=0x716a80ac40c8 slot_off=0xc40c8 idx=0x9b0 frame=0x716a80a7836d frame_off=0x7836d vm_ip=0x716a80d11f69 vm_ip_off=0x311f69 vm_flags=0x8e78f1da vm_state=0xeb377ffe vm_byte=0x3a target=0x716a80ab8556 target_off=0xb8556
[DISPATCH] site=0xcdac7 count=3196 slot=0x716a80ac40c8 slot_off=0xc40c8 idx=0x9b0 frame=0x716a80a7836d frame_off=0x7836d vm_ip=0x716a80d1223a vm_ip_off=0x31223a vm_flags=0x8e4e0de5 vm_state=0x7bd7fefb vm_byte=0x3a target=0x716a80ab8556 target_off=0xb8556
[DISPATCH] site=0xcdac7 count=3197 slot=0x716a80ac3c60 slot_off=0xc3c60 idx=0x548 frame=0x716a80a7836d frame_off=0x7836d vm_ip=0x716a80d12464 vm_ip_off=0x312464 vm_flags=0x347541db vm_state=0x69945ffa vm_byte=0x3a target=0x716a80a9af18 target_off=0x9af18
[DISPATCH] site=0xcdac7 count=3198 slot=0x716a80ac40c8 slot_off=0xc40c8 idx=0x9b0 frame=0x716a80a7836d frame_off=0x7836d vm_ip=0x716a80d1268e vm_ip_off=0x31268e vm_flags=0x5675bb90 vm_state=0xffc76ef9 vm_byte=0x3a target=0x716a80ab8556 target_off=0xb8556
[DISPATCH] site=0xcdac7 count=3199 slot=0x716a80ac3c60 slot_off=0xc3c60 idx=0x548 frame=0x716a80a7836d frame_off=0x7836d vm_ip=0x716a80d12868 vm_ip_off=0x312868 vm_flags=0x221c12 vm_state=0x3f06a742 vm_byte=0x3a target=0x716a80a9af18 target_off=0x9af18
[DISPATCH] site=0xcdac7 count=3200 slot=0x716a80ac3c60 slot_off=0xc3c60 idx=0x548 frame=0x716a80a7836d frame_off=0x7836d vm_ip=0x716a80d12aee vm_ip_off=0x312aee vm_flags=0x8e3c0ca2 vm_state=0x6f95fefa vm_byte=0x3a target=0x716a80a9af18 target_off=0x9af18
[DISPATCH] site=0xcdac7 count=3201 slot=0x716a80ac3c60 slot_off=0xc3c60 idx=0x548 frame=0x716a80a7836d frame_off=0x7836d vm_ip=0x716a80d12cd0 vm_ip_off=0x312cd0 vm_flags=0xfbf79ddb vm_state=0xf9f3eb74 vm_byte=0x3a target=0x716a80a9af18 target_off=0x9af18
[DISPATCH] site=0xcdac7 count=3202 slot=0x716a80ac40c8 slot_off=0xc40c8 idx=0x9b0 frame=0x716a80a7836d frame_off=0x7836d vm_ip=0x716a80d12f26 vm_ip_off=0x312f26 vm_flags=0x4b8eb2de vm_state=0x7b1c5e5e vm_byte=0x3a target=0x716a80ab8556 target_off=0xb8556
[DISPATCH] site=0xcdac7 count=3203 slot=0x716a80ac40c8 slot_off=0xc40c8 idx=0x9b0 frame=0x716a80a7836d frame_off=0x7836d vm_ip=0x716a80d13169 vm_ip_off=0x313169 vm_flags=0x7afe7fef vm_state=0x727e02a8 vm_byte=0x3a target=0x716a80ab8556 target_off=0xb8556
[DISPATCH] site=0xcdac7 count=3204 slot=0x716a80ac3c60 slot_off=0xc3c60 idx=0x548 frame=0x716a80a7836d frame_off=0x7836d vm_ip=0x716a80d1334b vm_ip_off=0x31334b vm_flags=0xce4d8465 vm_state=0x7f3e7f7b vm_byte=0x3a target=0x716a80a9af18 target_off=0x9af18
[DISPATCH] site=0xcdac7 count=3205 slot=0x716a80ac3c60 slot_off=0xc3c60 idx=0x548 frame=0x716a80a7836d frame_off=0x7836d vm_ip=0x716a80d135b9 vm_ip_off=0x3135b9 vm_flags=0xc917a90d vm_state=0xc917a90d vm_byte=0x3a target=0x716a80a9af18 target_off=0x9af18
[DISPATCH] site=0xcdac7 count=3206 slot=0x716a80ac40c8 slot_off=0xc40c8 idx=0x9b0 frame=0x716a80a7836d frame_off=0x7836d vm_ip=0x716a80d137fc vm_ip_off=0x3137fc vm_flags=0x8df97560 vm_state=0x694cb90f vm_byte=0x3a target=0x716a80ab8556 target_off=0xb8556
[DISPATCH] site=0xcdac7 count=3207 slot=0x716a80ac40c8 slot_off=0xc40c8 idx=0x9b0 frame=0x716a80a7836d frame_off=0x7836d vm_ip=0x716a80d139de vm_ip_off=0x3139de vm_flags=0x4a612e32 vm_state=0x5f8f8af3 vm_byte=0x3a target=0x716a80ab8556 target_off=0xb8556
[DISPATCH] site=0xcdac7 count=3208 slot=0x716a80ac3c60 slot_off=0xc3c60 idx=0x548 frame=0x716a80a7836d frame_off=0x7836d vm_ip=0x716a80d13c4c vm_ip_off=0x313c4c vm_flags=0x8f70318b vm_state=0xfbfb8b3c vm_byte=0x3a target=0x716a80a9af18 target_off=0x9af18
[DISPATCH] site=0xcdac7 count=3209 slot=0x716a80ac3c60 slot_off=0xc3c60 idx=0x548 frame=0x716a80a7836d frame_off=0x7836d vm_ip=0x716a80d13e8f vm_ip_off=0x313e8f vm_flags=0xfed1df96 vm_state=0x58a4dcd6 vm_byte=0x3a target=0x716a80a9af18 target_off=0x9af18
[DISPATCH] site=0xcdac7 count=3210 slot=0x716a80ac3c60 slot_off=0xc3c60 idx=0x548 frame=0x716a80a7836d frame_off=0x7836d vm_ip=0x716a80d14071 vm_ip_off=0x314071 vm_flags=0x4ac60206 vm_state=0x5ee7d2fb vm_byte=0x3a target=0x716a80a9af18 target_off=0x9af18
[DISPATCH] site=0xcdac7 count=3211 slot=0x716a80ac40c8 slot_off=0xc40c8 idx=0x9b0 frame=0x716a80a7836d frame_off=0x7836d vm_ip=0x716a80d142df vm_ip_off=0x3142df vm_flags=0x861eb185 vm_state=0xdf95e7f4 vm_byte=0x3a target=0x716a80ab8556 target_off=0xb8556
[DISPATCH] site=0xcdac7 count=3212 slot=0x716a80ac40c8 slot_off=0xc40c8 idx=0x9b0 frame=0x716a80a7836d frame_off=0x7836d vm_ip=0x716a80d14522 vm_ip_off=0x314522 vm_flags=0x34a042ea vm_state=0x3ce04eeb vm_byte=0x3a target=0x716a80ab8556 target_off=0xb8556
[DISPATCH] site=0xcdac7 count=3213 slot=0x716a80ac40c8 slot_off=0xc40c8 idx=0x9b0 frame=0x716a80a7836d frame_off=0x7836d vm_ip=0x716a80d14704 vm_ip_off=0x314704 vm_flags=0xfcdeff37 vm_state=0xfcd60600 vm_byte=0x3a target=0x716a80ab8556 target_off=0xb8556
[DISPATCH] site=0xcdac7 count=3214 slot=0x716a80ac3c60 slot_off=0xc3c60 idx=0x548 frame=0x716a80a7836d frame_off=0x7836d vm_ip=0x716a80d14972 vm_ip_off=0x314972 vm_flags=0xf8eeff37 vm_state=0xf8e60910 vm_byte=0x3a target=0x716a80a9af18 target_off=0x9af18
[DISPATCH] site=0xcdac7 count=3215 slot=0x716a80ac40c8 slot_off=0xc40c8 idx=0x9b0 frame=0x716a80a7836d frame_off=0x7836d vm_ip=0x716a80d14bb5 vm_ip_off=0x314bb5 vm_flags=0x62662dfb vm_state=0xbffcca14 vm_byte=0x3a target=0x716a80ab8556 target_off=0xb8556
[DISPATCH] site=0xcdac7 count=3216 slot=0x716a80ac3c60 slot_off=0xc3c60 idx=0x548 frame=0x716a80a7836d frame_off=0x7836d vm_ip=0x716a80d14d97 vm_ip_off=0x314d97 vm_flags=0xfadf7f2d vm_state=0xf21b0800 vm_byte=0x3a target=0x716a80a9af18 target_off=0x9af18
[DISPATCH] site=0xcdac7 count=3217 slot=0x716a80ac40c8 slot_off=0xc40c8 idx=0x9b0 frame=0x716a80a7836d frame_off=0x7836d vm_ip=0x716a80d15005 vm_ip_off=0x315005 vm_flags=0xe34473c6 vm_state=0xe74477c6 vm_byte=0x3a target=0x716a80ab8556 target_off=0xb8556
[DISPATCH] site=0xcdac7 count=3218 slot=0x716a80ac40c8 slot_off=0xc40c8 idx=0x9b0 frame=0x716a80a7836d frame_off=0x7836d vm_ip=0x716a80d1522f vm_ip_off=0x31522f vm_flags=0x69b0303a vm_state=0x69145e5a vm_byte=0x3a target=0x716a80ab8556 target_off=0xb8556
[DISPATCH] site=0xcdac7 count=3219 slot=0x716a80ac3c60 slot_off=0xc3c60 idx=0x548 frame=0x716a80a7836d frame_off=0x7836d vm_ip=0x716a80d15486 vm_ip_off=0x315486 vm_flags=0x841ab3c5 vm_state=0x841ab3c5 vm_byte=0x3a target=0x716a80a9af18 target_off=0x9af18
[DISPATCH] site=0xcdac7 count=3220 slot=0x716a80ac3c60 slot_off=0xc3c60 idx=0x548 frame=0x716a80a7836d frame_off=0x7836d vm_ip=0x716a80d156ca vm_ip_off=0x3156ca vm_flags=0xf613f930 vm_state=0x3ffce85e vm_byte=0x3a target=0x716a80a9af18 target_off=0x9af18
[DISPATCH] site=0xcdac7 count=3221 slot=0x716a80ac3c60 slot_off=0xc3c60 idx=0x548 frame=0x716a80a7836d frame_off=0x7836d vm_ip=0x716a80d15969 vm_ip_off=0x315969 vm_flags=0x2ab32381 vm_state=0x2af72783 vm_byte=0x3a target=0x716a80a9af18 target_off=0x9af18
[DISPATCH] site=0xcdac7 count=3222 slot=0x716a80ac3c60 slot_off=0xc3c60 idx=0x548 frame=0x716a80a7836d frame_off=0x7836d vm_ip=0x716a80d15bbf vm_ip_off=0x315bbf vm_flags=0x6e5d9892 vm_state=0x4000d60c vm_byte=0x3a target=0x716a80a9af18 target_off=0x9af18
[DISPATCH] site=0xcdac7 count=3223 slot=0x716a80ac40c8 slot_off=0xc40c8 idx=0x9b0 frame=0x716a80a7836d frame_off=0x7836d vm_ip=0x716a80d10ca5 vm_ip_off=0x310ca5 vm_flags=0x148226cc vm_state=0xffaffb65 vm_byte=0x3a target=0x716a80ab8556 target_off=0xb8556
[DISPATCH] site=0xcdac7 count=3224 slot=0x716a80ac40c8 slot_off=0xc40c8 idx=0x9b0 frame=0x716a80a7836d frame_off=0x7836d vm_ip=0x716a80d10ef0 vm_ip_off=0x310ef0 vm_flags=0x14100010 vm_state=0x3f0612b2 vm_byte=0x3a target=0x716a80ab8556 target_off=0xb8556
[DISPATCH] site=0xcdac7 count=3225 slot=0x716a80ac3c60 slot_off=0xc3c60 idx=0x548 frame=0x716a80a7836d frame_off=0x7836d vm_ip=0x716a80d11163 vm_ip_off=0x311163 vm_flags=0xc83095f0 vm_state=0x400110fe vm_byte=0x3a target=0x716a80a9af18 target_off=0x9af18
[DISPATCH] site=0xcdac7 count=3226 slot=0x716a80ac3c60 slot_off=0xc3c60 idx=0x548 frame=0x716a80a7836d frame_off=0x7836d vm_ip=0x716a80d113a5 vm_ip_off=0x3113a5 vm_flags=0x7adeff2e vm_state=0x78de0800 vm_byte=0x3a target=0x716a80a9af18 target_off=0x9af18
[DISPATCH] site=0xcdac7 count=3227 slot=0x716a80ac40c8 slot_off=0xc40c8 idx=0x9b0 frame=0x716a80a7836d frame_off=0x7836d vm_ip=0x716a80d115e7 vm_ip_off=0x3115e7 vm_flags=0x2948 vm_state=0x2948 vm_byte=0x3a target=0x716a80ab8556 target_off=0xb8556
[DISPATCH] site=0xcdac7 count=3228 slot=0x716a80ac3c60 slot_off=0xc3c60 idx=0x548 frame=0x716a80a7836d frame_off=0x7836d vm_ip=0x716a80d11829 vm_ip_off=0x311829 vm_flags=0x3acddfde vm_state=0x585c5c02 vm_byte=0x3a target=0x716a80a9af18 target_off=0x9af18
[DISPATCH] site=0xcdac7 count=3229 slot=0x716a80ac3c60 slot_off=0xc3c60 idx=0x548 frame=0x716a80a7836d frame_off=0x7836d vm_ip=0x716a80d11a6b vm_ip_off=0x311a6b vm_flags=0xef1b287 vm_state=0x69145f5a vm_byte=0x3a target=0x716a80a9af18 target_off=0x9af18
[DISPATCH] site=0xcdac7 count=3230 slot=0x716a80ac40c8 slot_off=0xc40c8 idx=0x9b0 frame=0x716a80a7836d frame_off=0x7836d vm_ip=0x716a80d11cad vm_ip_off=0x311cad vm_flags=0x524c03c5 vm_state=0x7df7dfda vm_byte=0x3a target=0x716a80ab8556 target_off=0xb8556
[DISPATCH] site=0xcdac7 count=3231 slot=0x716a80ac40c8 slot_off=0xc40c8 idx=0x9b0 frame=0x716a80a7836d frame_off=0x7836d vm_ip=0x716a80d11f69 vm_ip_off=0x311f69 vm_flags=0x8e78f1da vm_state=0xeb377ffe vm_byte=0x3a target=0x716a80ab8556 target_off=0xb8556
[DISPATCH] site=0xcdac7 count=3232 slot=0x716a80ac40c8 slot_off=0xc40c8 idx=0x9b0 frame=0x716a80a7836d frame_off=0x7836d vm_ip=0x716a80d1223a vm_ip_off=0x31223a vm_flags=0x8e4e0de5 vm_state=0x7bd7fefb vm_byte=0x3a target=0x716a80ab8556 target_off=0xb8556
[DISPATCH] site=0xcdac7 count=3233 slot=0x716a80ac3c60 slot_off=0xc3c60 idx=0x548 frame=0x716a80a7836d frame_off=0x7836d vm_ip=0x716a80d12464 vm_ip_off=0x312464 vm_flags=0x347541db vm_state=0x69945ffa vm_byte=0x3a target=0x716a80a9af18 target_off=0x9af18
[DISPATCH] site=0xcdac7 count=3234 slot=0x716a80ac40c8 slot_off=0xc40c8 idx=0x9b0 frame=0x716a80a7836d frame_off=0x7836d vm_ip=0x716a80d1268e vm_ip_off=0x31268e vm_flags=0x5675bb90 vm_state=0xffc76ef9 vm_byte=0x3a target=0x716a80ab8556 target_off=0xb8556
[DISPATCH] site=0xcdac7 count=3235 slot=0x716a80ac3c60 slot_off=0xc3c60 idx=0x548 frame=0x716a80a7836d frame_off=0x7836d vm_ip=0x716a80d12868 vm_ip_off=0x312868 vm_flags=0x221c12 vm_state=0x3f06a742 vm_byte=0x3a target=0x716a80a9af18 target_off=0x9af18
[DISPATCH] site=0xcdac7 count=3236 slot=0x716a80ac3c60 slot_off=0xc3c60 idx=0x548 frame=0x716a80a7836d frame_off=0x7836d vm_ip=0x716a80d12aee vm_ip_off=0x312aee vm_flags=0x8e3c0ca2 vm_state=0x6f95fefa vm_byte=0x3a target=0x716a80a9af18 target_off=0x9af18
[DISPATCH] site=0xcdac7 count=3237 slot=0x716a80ac3c60 slot_off=0xc3c60 idx=0x548 frame=0x716a80a7836d frame_off=0x7836d vm_ip=0x716a80d12cd0 vm_ip_off=0x312cd0 vm_flags=0xfbf79ddb vm_state=0xf9f3eb74 vm_byte=0x3a target=0x716a80a9af18 target_off=0x9af18
[DISPATCH] site=0xcdac7 count=3238 slot=0x716a80ac40c8 slot_off=0xc40c8 idx=0x9b0 frame=0x716a80a7836d frame_off=0x7836d vm_ip=0x716a80d12f26 vm_ip_off=0x312f26 vm_flags=0x4b8eb2de vm_state=0x7b1c5e5e vm_byte=0x3a target=0x716a80ab8556 target_off=0xb8556
[DISPATCH] site=0xcdac7 count=3239 slot=0x716a80ac40c8 slot_off=0xc40c8 idx=0x9b0 frame=0x716a80a7836d frame_off=0x7836d vm_ip=0x716a80d13169 vm_ip_off=0x313169 vm_flags=0x7afe7fef vm_state=0x727e02a8 vm_byte=0x3a target=0x716a80ab8556 target_off=0xb8556
[DISPATCH] site=0xcdac7 count=3240 slot=0x716a80ac3c60 slot_off=0xc3c60 idx=0x548 frame=0x716a80a7836d frame_off=0x7836d vm_ip=0x716a80d1334b vm_ip_off=0x31334b vm_flags=0xce4d8465 vm_state=0x7f3e7f7b vm_byte=0x3a target=0x716a80a9af18 target_off=0x9af18
[DISPATCH] site=0xcdac7 count=3241 slot=0x716a80ac3c60 slot_off=0xc3c60 idx=0x548 frame=0x716a80a7836d frame_off=0x7836d vm_ip=0x716a80d135b9 vm_ip_off=0x3135b9 vm_flags=0xc917a90d vm_state=0xc917a90d vm_byte=0x3a target=0x716a80a9af18 target_off=0x9af18
[DISPATCH] site=0xcdac7 count=3242 slot=0x716a80ac40c8 slot_off=0xc40c8 idx=0x9b0 frame=0x716a80a7836d frame_off=0x7836d vm_ip=0x716a80d137fc vm_ip_off=0x3137fc vm_flags=0x8df97560 vm_state=0x694cb90f vm_byte=0x3a target=0x716a80ab8556 target_off=0xb8556
[DISPATCH] site=0xcdac7 count=3243 slot=0x716a80ac40c8 slot_off=0xc40c8 idx=0x9b0 frame=0x716a80a7836d frame_off=0x7836d vm_ip=0x716a80d139de vm_ip_off=0x3139de vm_flags=0x4a612e32 vm_state=0x5f8f8af3 vm_byte=0x3a target=0x716a80ab8556 target_off=0xb8556
[DISPATCH] site=0xcdac7 count=3244 slot=0x716a80ac3c60 slot_off=0xc3c60 idx=0x548 frame=0x716a80a7836d frame_off=0x7836d vm_ip=0x716a80d13c4c vm_ip_off=0x313c4c vm_flags=0x8f70318b vm_state=0xfbfb8b3c vm_byte=0x3a target=0x716a80a9af18 target_off=0x9af18
[DISPATCH] site=0xcdac7 count=3245 slot=0x716a80ac3c60 slot_off=0xc3c60 idx=0x548 frame=0x716a80a7836d frame_off=0x7836d vm_ip=0x716a80d13e8f vm_ip_off=0x313e8f vm_flags=0xfed1df96 vm_state=0x58a4dcd6 vm_byte=0x3a target=0x716a80a9af18 target_off=0x9af18
[DISPATCH] site=0xcdac7 count=3246 slot=0x716a80ac3c60 slot_off=0xc3c60 idx=0x548 frame=0x716a80a7836d frame_off=0x7836d vm_ip=0x716a80d14071 vm_ip_off=0x314071 vm_flags=0x4ac60206 vm_state=0x5ee7d2fb vm_byte=0x3a target=0x716a80a9af18 target_off=0x9af18
[DISPATCH] site=0xcdac7 count=3247 slot=0x716a80ac40c8 slot_off=0xc40c8 idx=0x9b0 frame=0x716a80a7836d frame_off=0x7836d vm_ip=0x716a80d142df vm_ip_off=0x3142df vm_flags=0x861eb185 vm_state=0xdf95e7f4 vm_byte=0x3a target=0x716a80ab8556 target_off=0xb8556
[DISPATCH] site=0xcdac7 count=3248 slot=0x716a80ac40c8 slot_off=0xc40c8 idx=0x9b0 frame=0x716a80a7836d frame_off=0x7836d vm_ip=0x716a80d14522 vm_ip_off=0x314522 vm_flags=0x34a042ea vm_state=0x3ce04eeb vm_byte=0x3a target=0x716a80ab8556 target_off=0xb8556
[DISPATCH] site=0xcdac7 count=3249 slot=0x716a80ac40c8 slot_off=0xc40c8 idx=0x9b0 frame=0x716a80a7836d frame_off=0x7836d vm_ip=0x716a80d14704 vm_ip_off=0x314704 vm_flags=0xfcdeff37 vm_state=0xfcd60600 vm_byte=0x3a target=0x716a80ab8556 target_off=0xb8556
[DISPATCH] site=0xcdac7 count=3250 slot=0x716a80ac3c60 slot_off=0xc3c60 idx=0x548 frame=0x716a80a7836d frame_off=0x7836d vm_ip=0x716a80d14972 vm_ip_off=0x314972 vm_flags=0xf8eeff37 vm_state=0xf8e60910 vm_byte=0x3a target=0x716a80a9af18 target_off=0x9af18
[DISPATCH] site=0xcdac7 count=3251 slot=0x716a80ac40c8 slot_off=0xc40c8 idx=0x9b0 frame=0x716a80a7836d frame_off=0x7836d vm_ip=0x716a80d14bb5 vm_ip_off=0x314bb5 vm_flags=0x62662dfb vm_state=0xbffcca14 vm_byte=0x3a target=0x716a80ab8556 target_off=0xb8556
[DISPATCH] site=0xcdac7 count=3252 slot=0x716a80ac3c60 slot_off=0xc3c60 idx=0x548 frame=0x716a80a7836d frame_off=0x7836d vm_ip=0x716a80d14d97 vm_ip_off=0x314d97 vm_flags=0xfadf7f2d vm_state=0xf21b0800 vm_byte=0x3a target=0x716a80a9af18 target_off=0x9af18
[DISPATCH] site=0xcdac7 count=3253 slot=0x716a80ac40c8 slot_off=0xc40c8 idx=0x9b0 frame=0x716a80a7836d frame_off=0x7836d vm_ip=0x716a80d15005 vm_ip_off=0x315005 vm_flags=0xe34473c6 vm_state=0xe74477c6 vm_byte=0x3a target=0x716a80ab8556 target_off=0xb8556
[DISPATCH] site=0xcdac7 count=3254 slot=0x716a80ac40c8 slot_off=0xc40c8 idx=0x9b0 frame=0x716a80a7836d frame_off=0x7836d vm_ip=0x716a80d1522f vm_ip_off=0x31522f vm_flags=0x69b0303a vm_state=0x69145e5a vm_byte=0x3a target=0x716a80ab8556 target_off=0xb8556
[DISPATCH] site=0xcdac7 count=3255 slot=0x716a80ac3c60 slot_off=0xc3c60 idx=0x548 frame=0x716a80a7836d frame_off=0x7836d vm_ip=0x716a80d15486 vm_ip_off=0x315486 vm_flags=0x841ab3c5 vm_state=0x841ab3c5 vm_byte=0x3a target=0x716a80a9af18 target_off=0x9af18
[DISPATCH] site=0xcdac7 count=3256 slot=0x716a80ac3c60 slot_off=0xc3c60 idx=0x548 frame=0x716a80a7836d frame_off=0x7836d vm_ip=0x716a80d156ca vm_ip_off=0x3156ca vm_flags=0xf613f930 vm_state=0x3ffce85e vm_byte=0x3a target=0x716a80a9af18 target_off=0x9af18
[DISPATCH] site=0xcdac7 count=3257 slot=0x716a80ac3c60 slot_off=0xc3c60 idx=0x548 frame=0x716a80a7836d frame_off=0x7836d vm_ip=0x716a80d15969 vm_ip_off=0x315969 vm_flags=0x2ab32381 vm_state=0x2af72783 vm_byte=0x3a target=0x716a80a9af18 target_off=0x9af18
[DISPATCH] site=0xcdac7 count=3258 slot=0x716a80ac3c60 slot_off=0xc3c60 idx=0x548 frame=0x716a80a7836d frame_off=0x7836d vm_ip=0x716a80d15bbf vm_ip_off=0x315bbf vm_flags=0x6e5d9892 vm_state=0x4000d60c vm_byte=0x3a target=0x716a80a9af18 target_off=0x9af18
[DISPATCH] site=0xcdac7 count=3259 slot=0x716a80ac40c8 slot_off=0xc40c8 idx=0x9b0 frame=0x716a80a7836d frame_off=0x7836d vm_ip=0x716a80d10ca5 vm_ip_off=0x310ca5 vm_flags=0x148226cc vm_state=0xffaffb65 vm_byte=0x3a target=0x716a80ab8556 target_off=0xb8556
[DISPATCH] site=0xcdac7 count=3260 slot=0x716a80ac40c8 slot_off=0xc40c8 idx=0x9b0 frame=0x716a80a7836d frame_off=0x7836d vm_ip=0x716a80d10ef0 vm_ip_off=0x310ef0 vm_flags=0x14100010 vm_state=0x3f0612b2 vm_byte=0x3a target=0x716a80ab8556 target_off=0xb8556
[DISPATCH] site=0xcdac7 count=3261 slot=0x716a80ac3c60 slot_off=0xc3c60 idx=0x548 frame=0x716a80a7836d frame_off=0x7836d vm_ip=0x716a80d11163 vm_ip_off=0x311163 vm_flags=0xc83095f0 vm_state=0x400110fe vm_byte=0x3a target=0x716a80a9af18 target_off=0x9af18
[DISPATCH] site=0xcdac7 count=3262 slot=0x716a80ac3c60 slot_off=0xc3c60 idx=0x548 frame=0x716a80a7836d frame_off=0x7836d vm_ip=0x716a80d113a5 vm_ip_off=0x3113a5 vm_flags=0x7adeff2e vm_state=0x78de0800 vm_byte=0x3a target=0x716a80a9af18 target_off=0x9af18
[DISPATCH] site=0xcdac7 count=3263 slot=0x716a80ac40c8 slot_off=0xc40c8 idx=0x9b0 frame=0x716a80a7836d frame_off=0x7836d vm_ip=0x716a80d115e7 vm_ip_off=0x3115e7 vm_flags=0x2948 vm_state=0x2948 vm_byte=0x3a target=0x716a80ab8556 target_off=0xb8556
[DISPATCH] site=0xcdac7 count=3264 slot=0x716a80ac3c60 slot_off=0xc3c60 idx=0x548 frame=0x716a80a7836d frame_off=0x7836d vm_ip=0x716a80d11829 vm_ip_off=0x311829 vm_flags=0x3acddfde vm_state=0x585c5c02 vm_byte=0x3a target=0x716a80a9af18 target_off=0x9af18
[DISPATCH] site=0xcdac7 count=3265 slot=0x716a80ac3c60 slot_off=0xc3c60 idx=0x548 frame=0x716a80a7836d frame_off=0x7836d vm_ip=0x716a80d11a6b vm_ip_off=0x311a6b vm_flags=0xef1b287 vm_state=0x69145f5a vm_byte=0x3a target=0x716a80a9af18 target_off=0x9af18
[DISPATCH] site=0xcdac7 count=3266 slot=0x716a80ac40c8 slot_off=0xc40c8 idx=0x9b0 frame=0x716a80a7836d frame_off=0x7836d vm_ip=0x716a80d11cad vm_ip_off=0x311cad vm_flags=0x524c03c5 vm_state=0x7df7dfda vm_byte=0x3a target=0x716a80ab8556 target_off=0xb8556
[DISPATCH] site=0xcdac7 count=3267 slot=0x716a80ac40c8 slot_off=0xc40c8 idx=0x9b0 frame=0x716a80a7836d frame_off=0x7836d vm_ip=0x716a80d11f69 vm_ip_off=0x311f69 vm_flags=0x8e78f1da vm_state=0xeb377ffe vm_byte=0x3a target=0x716a80ab8556 target_off=0xb8556
[DISPATCH] site=0xcdac7 count=3268 slot=0x716a80ac40c8 slot_off=0xc40c8 idx=0x9b0 frame=0x716a80a7836d frame_off=0x7836d vm_ip=0x716a80d1223a vm_ip_off=0x31223a vm_flags=0x8e4e0de5 vm_state=0x7bd7fefb vm_byte=0x3a target=0x716a80ab8556 target_off=0xb8556
[DISPATCH] site=0xcdac7 count=3269 slot=0x716a80ac3c60 slot_off=0xc3c60 idx=0x548 frame=0x716a80a7836d frame_off=0x7836d vm_ip=0x716a80d12464 vm_ip_off=0x312464 vm_flags=0x347541db vm_state=0x69945ffa vm_byte=0x3a target=0x716a80a9af18 target_off=0x9af18
[DISPATCH] site=0xcdac7 count=3270 slot=0x716a80ac40c8 slot_off=0xc40c8 idx=0x9b0 frame=0x716a80a7836d frame_off=0x7836d vm_ip=0x716a80d1268e vm_ip_off=0x31268e vm_flags=0x5675bb90 vm_state=0xffc76ef9 vm_byte=0x3a target=0x716a80ab8556 target_off=0xb8556
[DISPATCH] site=0xcdac7 count=3271 slot=0x716a80ac3c60 slot_off=0xc3c60 idx=0x548 frame=0x716a80a7836d frame_off=0x7836d vm_ip=0x716a80d12868 vm_ip_off=0x312868 vm_flags=0x221c12 vm_state=0x3f06a742 vm_byte=0x3a target=0x716a80a9af18 target_off=0x9af18
[DISPATCH] site=0xcdac7 count=3272 slot=0x716a80ac3c60 slot_off=0xc3c60 idx=0x548 frame=0x716a80a7836d frame_off=0x7836d vm_ip=0x716a80d12aee vm_ip_off=0x312aee vm_flags=0x8e3c0ca2 vm_state=0x6f95fefa vm_byte=0x3a target=0x716a80a9af18 target_off=0x9af18
[DISPATCH] site=0xcdac7 count=3273 slot=0x716a80ac3c60 slot_off=0xc3c60 idx=0x548 frame=0x716a80a7836d frame_off=0x7836d vm_ip=0x716a80d12cd0 vm_ip_off=0x312cd0 vm_flags=0xfbf79ddb vm_state=0xf9f3eb74 vm_byte=0x3a target=0x716a80a9af18 target_off=0x9af18
[DISPATCH] site=0xcdac7 count=3274 slot=0x716a80ac40c8 slot_off=0xc40c8 idx=0x9b0 frame=0x716a80a7836d frame_off=0x7836d vm_ip=0x716a80d12f26 vm_ip_off=0x312f26 vm_flags=0x4b8eb2de vm_state=0x7b1c5e5e vm_byte=0x3a target=0x716a80ab8556 target_off=0xb8556
[DISPATCH] site=0xcdac7 count=3275 slot=0x716a80ac40c8 slot_off=0xc40c8 idx=0x9b0 frame=0x716a80a7836d frame_off=0x7836d vm_ip=0x716a80d13169 vm_ip_off=0x313169 vm_flags=0x7afe7fef vm_state=0x727e02a8 vm_byte=0x3a target=0x716a80ab8556 target_off=0xb8556
[DISPATCH] site=0xcdac7 count=3276 slot=0x716a80ac3c60 slot_off=0xc3c60 idx=0x548 frame=0x716a80a7836d frame_off=0x7836d vm_ip=0x716a80d1334b vm_ip_off=0x31334b vm_flags=0xce4d8465 vm_state=0x7f3e7f7b vm_byte=0x3a target=0x716a80a9af18 target_off=0x9af18
[DISPATCH] site=0xcdac7 count=3277 slot=0x716a80ac3c60 slot_off=0xc3c60 idx=0x548 frame=0x716a80a7836d frame_off=0x7836d vm_ip=0x716a80d135b9 vm_ip_off=0x3135b9 vm_flags=0xc917a90d vm_state=0xc917a90d vm_byte=0x3a target=0x716a80a9af18 target_off=0x9af18
[DISPATCH] site=0xcdac7 count=3278 slot=0x716a80ac40c8 slot_off=0xc40c8 idx=0x9b0 frame=0x716a80a7836d frame_off=0x7836d vm_ip=0x716a80d137fc vm_ip_off=0x3137fc vm_flags=0x8df97560 vm_state=0x694cb90f vm_byte=0x3a target=0x716a80ab8556 target_off=0xb8556
[DISPATCH] site=0xcdac7 count=3279 slot=0x716a80ac40c8 slot_off=0xc40c8 idx=0x9b0 frame=0x716a80a7836d frame_off=0x7836d vm_ip=0x716a80d139de vm_ip_off=0x3139de vm_flags=0x4a612e32 vm_state=0x5f8f8af3 vm_byte=0x3a target=0x716a80ab8556 target_off=0xb8556
[DISPATCH] site=0xcdac7 count=3280 slot=0x716a80ac3c60 slot_off=0xc3c60 idx=0x548 frame=0x716a80a7836d frame_off=0x7836d vm_ip=0x716a80d13c4c vm_ip_off=0x313c4c vm_flags=0x8f70318b vm_state=0xfbfb8b3c vm_byte=0x3a target=0x716a80a9af18 target_off=0x9af18
[DISPATCH] site=0xcdac7 count=3281 slot=0x716a80ac3c60 slot_off=0xc3c60 idx=0x548 frame=0x716a80a7836d frame_off=0x7836d vm_ip=0x716a80d13e8f vm_ip_off=0x313e8f vm_flags=0xfed1df96 vm_state=0x58a4dcd6 vm_byte=0x3a target=0x716a80a9af18 target_off=0x9af18
[DISPATCH] site=0xcdac7 count=3282 slot=0x716a80ac3c60 slot_off=0xc3c60 idx=0x548 frame=0x716a80a7836d frame_off=0x7836d vm_ip=0x716a80d14071 vm_ip_off=0x314071 vm_flags=0x4ac60206 vm_state=0x5ee7d2fb vm_byte=0x3a target=0x716a80a9af18 target_off=0x9af18
[DISPATCH] site=0xcdac7 count=3283 slot=0x716a80ac40c8 slot_off=0xc40c8 idx=0x9b0 frame=0x716a80a7836d frame_off=0x7836d vm_ip=0x716a80d142df vm_ip_off=0x3142df vm_flags=0x861eb185 vm_state=0xdf95e7f4 vm_byte=0x3a target=0x716a80ab8556 target_off=0xb8556
[DISPATCH] site=0xcdac7 count=3284 slot=0x716a80ac40c8 slot_off=0xc40c8 idx=0x9b0 frame=0x716a80a7836d frame_off=0x7836d vm_ip=0x716a80d14522 vm_ip_off=0x314522 vm_flags=0x34a042ea vm_state=0x3ce04eeb vm_byte=0x3a target=0x716a80ab8556 target_off=0xb8556
[DISPATCH] site=0xcdac7 count=3285 slot=0x716a80ac40c8 slot_off=0xc40c8 idx=0x9b0 frame=0x716a80a7836d frame_off=0x7836d vm_ip=0x716a80d14704 vm_ip_off=0x314704 vm_flags=0xfcdeff37 vm_state=0xfcd60600 vm_byte=0x3a target=0x716a80ab8556 target_off=0xb8556
[DISPATCH] site=0xcdac7 count=3286 slot=0x716a80ac3c60 slot_off=0xc3c60 idx=0x548 frame=0x716a80a7836d frame_off=0x7836d vm_ip=0x716a80d14972 vm_ip_off=0x314972 vm_flags=0xf8eeff37 vm_state=0xf8e60910 vm_byte=0x3a target=0x716a80a9af18 target_off=0x9af18
[DISPATCH] site=0xcdac7 count=3287 slot=0x716a80ac40c8 slot_off=0xc40c8 idx=0x9b0 frame=0x716a80a7836d frame_off=0x7836d vm_ip=0x716a80d14bb5 vm_ip_off=0x314bb5 vm_flags=0x62662dfb vm_state=0xbffcca14 vm_byte=0x3a target=0x716a80ab8556 target_off=0xb8556
[DISPATCH] site=0xcdac7 count=3288 slot=0x716a80ac3c60 slot_off=0xc3c60 idx=0x548 frame=0x716a80a7836d frame_off=0x7836d vm_ip=0x716a80d14d97 vm_ip_off=0x314d97 vm_flags=0xfadf7f2d vm_state=0xf21b0800 vm_byte=0x3a target=0x716a80a9af18 target_off=0x9af18
[DISPATCH] site=0xcdac7 count=3289 slot=0x716a80ac40c8 slot_off=0xc40c8 idx=0x9b0 frame=0x716a80a7836d frame_off=0x7836d vm_ip=0x716a80d15005 vm_ip_off=0x315005 vm_flags=0xe34473c6 vm_state=0xe74477c6 vm_byte=0x3a target=0x716a80ab8556 target_off=0xb8556
[DISPATCH] site=0xcdac7 count=3290 slot=0x716a80ac40c8 slot_off=0xc40c8 idx=0x9b0 frame=0x716a80a7836d frame_off=0x7836d vm_ip=0x716a80d1522f vm_ip_off=0x31522f vm_flags=0x69b0303a vm_state=0x69145e5a vm_byte=0x3a target=0x716a80ab8556 target_off=0xb8556
[DISPATCH] site=0xcdac7 count=3291 slot=0x716a80ac3c60 slot_off=0xc3c60 idx=0x548 frame=0x716a80a7836d frame_off=0x7836d vm_ip=0x716a80d15486 vm_ip_off=0x315486 vm_flags=0x841ab3c5 vm_state=0x841ab3c5 vm_byte=0x3a target=0x716a80a9af18 target_off=0x9af18
[DISPATCH] site=0xcdac7 count=3292 slot=0x716a80ac3c60 slot_off=0xc3c60 idx=0x548 frame=0x716a80a7836d frame_off=0x7836d vm_ip=0x716a80d156ca vm_ip_off=0x3156ca vm_flags=0xf613f930 vm_state=0x3ffce85e vm_byte=0x3a target=0x716a80a9af18 target_off=0x9af18
[DISPATCH] site=0xcdac7 count=3293 slot=0x716a80ac3c60 slot_off=0xc3c60 idx=0x548 frame=0x716a80a7836d frame_off=0x7836d vm_ip=0x716a80d15969 vm_ip_off=0x315969 vm_flags=0x2ab32381 vm_state=0x2af72783 vm_byte=0x3a target=0x716a80a9af18 target_off=0x9af18
[DISPATCH] site=0xcdac7 count=3294 slot=0x716a80ac3c60 slot_off=0xc3c60 idx=0x548 frame=0x716a80a7836d frame_off=0x7836d vm_ip=0x716a80d15bbf vm_ip_off=0x315bbf vm_flags=0x6e5d9892 vm_state=0x4000d60c vm_byte=0x3a target=0x716a80a9af18 target_off=0x9af18
[DISPATCH] site=0xcdac7 count=3295 slot=0x716a80ac40c8 slot_off=0xc40c8 idx=0x9b0 frame=0x716a80a7836d frame_off=0x7836d vm_ip=0x716a80d10ca5 vm_ip_off=0x310ca5 vm_flags=0x148226cc vm_state=0xffaffb65 vm_byte=0x3a target=0x716a80ab8556 target_off=0xb8556
[DISPATCH] site=0xcdac7 count=3296 slot=0x716a80ac40c8 slot_off=0xc40c8 idx=0x9b0 frame=0x716a80a7836d frame_off=0x7836d vm_ip=0x716a80d15df3 vm_ip_off=0x315df3 vm_flags=0x201280 vm_state=0x3f05e5a8 vm_byte=0x3a target=0x716a80ab8556 target_off=0xb8556
[DISPATCH] site=0xcdac7 count=3297 slot=0x716a80ac3c60 slot_off=0xc3c60 idx=0x548 frame=0x716a80a7836d frame_off=0x7836d vm_ip=0x716a80d16020 vm_ip_off=0x316020 vm_flags=0x7fffdf79 vm_state=0x3ffcfaa6 vm_byte=0x3a target=0x716a80a9af18 target_off=0x9af18
[DISPATCH] site=0xcdac7 count=3298 slot=0x716a80ac3c60 slot_off=0xc3c60 idx=0x548 frame=0x716a80a7836d frame_off=0x7836d vm_ip=0x716a80d16291 vm_ip_off=0x316291 vm_flags=0x4f4dfe65 vm_state=0xfdfefedf vm_byte=0x3a target=0x716a80a9af18 target_off=0x9af18
[DISPATCH] site=0xcdac7 count=3299 slot=0x716a80ac40c8 slot_off=0xc40c8 idx=0x9b0 frame=0x716a80a7836d frame_off=0x7836d vm_ip=0x716a80d164bb vm_ip_off=0x3164bb vm_flags=0x2a400688 vm_state=0xe9ac9f85 vm_byte=0x3a target=0x716a80ab8556 target_off=0xb8556
[DISPATCH] site=0xcdac7 count=3300 slot=0x716a80ac40c8 slot_off=0xc40c8 idx=0x9b0 frame=0x716a80a7836d frame_off=0x7836d vm_ip=0x716a80d43569 vm_ip_off=0x343569 vm_flags=0x42000800 vm_state=0x664d0ead vm_byte=0x3a target=0x716a80ab8556 target_off=0xb8556
[DISPATCH] site=0xcdac7 count=3301 slot=0x716a80ac40c8 slot_off=0xc40c8 idx=0x9b0 frame=0x716a80a7836d frame_off=0x7836d vm_ip=0x716a80d43a8a vm_ip_off=0x343a8a vm_flags=0x4201082 vm_state=0x3f05e0e2 vm_byte=0x3a target=0x716a80ab8556 target_off=0xb8556
[DISPATCH] site=0xcdac7 count=3302 slot=0x716a80ac3c60 slot_off=0xc3c60 idx=0x548 frame=0x716a80a7836d frame_off=0x7836d vm_ip=0x716a80d43ccb vm_ip_off=0x343ccb vm_flags=0x7760049a vm_state=0x69ebde55 vm_byte=0x3a target=0x716a80a9af18 target_off=0x9af18
[DISPATCH] site=0xcdac7 count=3303 slot=0x716a80ac40c8 slot_off=0xc40c8 idx=0x9b0 frame=0x716a80a7836d frame_off=0x7836d vm_ip=0x716a80d44035 vm_ip_off=0x344035 vm_flags=0x1253c1be vm_state=0x1253c1be vm_byte=0x3a target=0x716a80ab8556 target_off=0xb8556
[DISPATCH] site=0xcdac7 count=3304 slot=0x716a80ac3c60 slot_off=0xc3c60 idx=0x548 frame=0x716a80a7836d frame_off=0x7836d vm_ip=0x716a80d442d4 vm_ip_off=0x3442d4 vm_flags=0x4120092 vm_state=0x3f066872 vm_byte=0x3a target=0x716a80a9af18 target_off=0x9af18
[DISPATCH] site=0xcdac7 count=3305 slot=0x716a80ac40c8 slot_off=0xc40c8 idx=0x9b0 frame=0x716a80a7836d frame_off=0x7836d vm_ip=0x716a80d445a5 vm_ip_off=0x3445a5 vm_flags=0xdeade756 vm_state=0xa69cc74a vm_byte=0x3a target=0x716a80ab8556 target_off=0xb8556
[DISPATCH] site=0xcdac7 count=3306 slot=0x716a80ac3c60 slot_off=0xc3c60 idx=0x548 frame=0x716a80a7836d frame_off=0x7836d vm_ip=0x716a80d4487f vm_ip_off=0x34487f vm_flags=0x6000a00 vm_state=0xe9c53142 vm_byte=0x3a target=0x716a80a9af18 target_off=0x9af18
[DISPATCH] site=0xcdac7 count=3307 slot=0x716a80ac3c60 slot_off=0xc3c60 idx=0x548 frame=0x716a80a7836d frame_off=0x7836d vm_ip=0x716a80d44ac2 vm_ip_off=0x344ac2 vm_flags=0x4ae7ef5b vm_state=0x3ffcf904 vm_byte=0x3a target=0x716a80a9af18 target_off=0x9af18
[DISPATCH] site=0xcdac7 count=3308 slot=0x716a80ac40c8 slot_off=0xc40c8 idx=0x9b0 frame=0x716a80a7836d frame_off=0x7836d vm_ip=0x716a80d44d05 vm_ip_off=0x344d05 vm_flags=0x7befff37 vm_state=0x7bef0b00 vm_byte=0x3a target=0x716a80ab8556 target_off=0xb8556
[DISPATCH] site=0xcdac7 count=3309 slot=0x716a80ac3c60 slot_off=0xc3c60 idx=0x548 frame=0x716a80a7836d frame_off=0x7836d vm_ip=0x716a80d44f48 vm_ip_off=0x344f48 vm_flags=0x68c0ff3 vm_state=0xdfbfcbf4 vm_byte=0x3a target=0x716a80a9af18 target_off=0x9af18
[DISPATCH] site=0xcdac7 count=3310 slot=0x716a80ac3c60 slot_off=0xc3c60 idx=0x548 frame=0x716a80a7836d frame_off=0x7836d vm_ip=0x716a80d4518b vm_ip_off=0x34518b vm_flags=0x79eeff37 vm_state=0x69e60000 vm_byte=0x3a target=0x716a80a9af18 target_off=0x9af18
[DISPATCH] site=0xcdac7 count=3311 slot=0x716a80ac40c8 slot_off=0xc40c8 idx=0x9b0 frame=0x716a80a7836d frame_off=0x7836d vm_ip=0x716a80d453b5 vm_ip_off=0x3453b5 vm_flags=0x305ebd3 vm_state=0xdea21cd4 vm_byte=0x3a target=0x716a80ab8556 target_off=0xb8556
[DISPATCH] site=0xc80b9 count=53 slot=0x716a80ac39c8 slot_off=0xc39c8 idx=0x2b0 frame=0x716a80a7836d frame_off=0x7836d vm_ip=0x716a80d603af vm_ip_off=0x3603af vm_flags=0xb40402 vm_state=0x3f05edf2 vm_byte=0x3a target=0x716a80a8a37f target_off=0x8a37f
[DISPATCH] site=0xc80b9 count=54 slot=0x716a80ac40c8 slot_off=0xc40c8 idx=0x9b0 frame=0x716a80a7836d frame_off=0x7836d vm_ip=0x716a80d60614 vm_ip_off=0x360614 vm_flags=0xce3f1085 vm_state=0xfffefed3 vm_byte=0x3a target=0x716a80ab8556 target_off=0xb8556
[DISPATCH] site=0xc80b9 count=55 slot=0x716a80ac40c8 slot_off=0xc40c8 idx=0x9b0 frame=0x716a80a7836d frame_off=0x7836d vm_ip=0x716a80d6083e vm_ip_off=0x36083e vm_flags=0x10000 vm_state=0x3f068e72 vm_byte=0x3a target=0x716a80ab8556 target_off=0xb8556
[DISPATCH] site=0xc80b9 count=56 slot=0x716a80ac40c8 slot_off=0xc40c8 idx=0x9b0 frame=0x716a80a7836d frame_off=0x7836d vm_ip=0x716a80d60afc vm_ip_off=0x360afc vm_flags=0x14120012 vm_state=0x3f0629c2 vm_byte=0x3a target=0x716a80ab8556 target_off=0xb8556
[DISPATCH] site=0xc80b9 count=57 slot=0x716a80ac40c8 slot_off=0xc40c8 idx=0x9b0 frame=0x716a80a7836d frame_off=0x7836d vm_ip=0x716a80d6192d vm_ip_off=0x36192d vm_flags=0x10330000 vm_state=0x3f066102 vm_byte=0x3a target=0x716a80ab8556 target_off=0xb8556
[DISPATCH] site=0xc80b9 count=58 slot=0x716a80ac3c60 slot_off=0xc3c60 idx=0x548 frame=0x716a80a7836d frame_off=0x7836d vm_ip=0x716a80d61bea vm_ip_off=0x361bea vm_flags=0x55923040 vm_state=0x55923040 vm_byte=0x3a target=0x716a80a9af18 target_off=0x9af18
[DISPATCH] site=0xc80b9 count=59 slot=0x716a80ac3c60 slot_off=0xc3c60 idx=0x548 frame=0x716a80a7836d frame_off=0x7836d vm_ip=0x716a80d61e2c vm_ip_off=0x361e2c vm_flags=0x7568341b vm_state=0xfffbbebf vm_byte=0x3a target=0x716a80a9af18 target_off=0x9af18
[DISPATCH] site=0xc80b9 count=60 slot=0x716a80ac40c8 slot_off=0xc40c8 idx=0x9b0 frame=0x716a80a7836d frame_off=0x7836d vm_ip=0x716a80d62056 vm_ip_off=0x362056 vm_flags=0xba0c3ee7 vm_state=0x4001aa99 vm_byte=0x3a target=0x716a80ab8556 target_off=0xb8556
[DISPATCH] site=0xc80b9 count=61 slot=0x716a80ac40c8 slot_off=0xc40c8 idx=0x9b0 frame=0x716a80a7836d frame_off=0x7836d vm_ip=0x716a80d62314 vm_ip_off=0x362314 vm_flags=0xd33c0f35 vm_state=0x797d5e57 vm_byte=0x3a target=0x716a80ab8556 target_off=0xb8556
[DISPATCH] site=0xc80b9 count=62 slot=0x716a80ac40c8 slot_off=0xc40c8 idx=0x9b0 frame=0x716a80a7836d frame_off=0x7836d vm_ip=0x716a80d62723 vm_ip_off=0x362723 vm_flags=0x9c3300c2 vm_state=0xbffd3685 vm_byte=0x3a target=0x716a80ab8556 target_off=0xb8556
[DISPATCH] site=0xc80b9 count=63 slot=0x716a80ac40c8 slot_off=0xc40c8 idx=0x9b0 frame=0x716a80a7836d frame_off=0x7836d vm_ip=0x716a80d62723 vm_ip_off=0x362723 vm_flags=0x9c3300c2 vm_state=0xbffd3685 vm_byte=0x3a target=0x716a80ab8556 target_off=0xb8556
[DISPATCH] site=0xc80b9 count=64 slot=0x716a80ac3c60 slot_off=0xc3c60 idx=0x548 frame=0x716a80a7836d frame_off=0x7836d vm_ip=0x716a80d6309c vm_ip_off=0x36309c vm_flags=0xb8fd7f37 vm_state=0x20b50a20 vm_byte=0x3a target=0x716a80a9af18 target_off=0x9af18
[DISPATCH] site=0xc80b9 count=65 slot=0x716a80ac3c60 slot_off=0xc3c60 idx=0x548 frame=0x716a80a7836d frame_off=0x7836d vm_ip=0x716a80d63359 vm_ip_off=0x363359 vm_flags=0x8520f7c0 vm_state=0x8520f7c0 vm_byte=0x3a target=0x716a80a9af18 target_off=0x9af18
[DISPATCH] site=0xc80b9 count=66 slot=0x716a80ac40c8 slot_off=0xc40c8 idx=0x9b0 frame=0x716a80a7836d frame_off=0x7836d vm_ip=0x716a80d6359b vm_ip_off=0x36359b vm_flags=0x4040000 vm_state=0x69453164 vm_byte=0x3a target=0x716a80ab8556 target_off=0xb8556
[DISPATCH] site=0xc80b9 count=67 slot=0x716a80ac40c8 slot_off=0xc40c8 idx=0x9b0 frame=0x716a80a7836d frame_off=0x7836d vm_ip=0x716a80d637c5 vm_ip_off=0x3637c5 vm_flags=0x12833a04 vm_state=0x3ffd2eba vm_byte=0x3a target=0x716a80ab8556 target_off=0xb8556
[DISPATCH] site=0xc80b9 count=68 slot=0x716a80ac3c60 slot_off=0xc3c60 idx=0x548 frame=0x716a80a7836d frame_off=0x7836d vm_ip=0x716a80d63a83 vm_ip_off=0x363a83 vm_flags=0x800 vm_state=0x590c57bf vm_byte=0x3a target=0x716a80a9af18 target_off=0x9af18
[DISPATCH] site=0xc80b9 count=69 slot=0x716a80ac40c8 slot_off=0xc40c8 idx=0x9b0 frame=0x716a80a7836d frame_off=0x7836d vm_ip=0x716a80d645a7 vm_ip_off=0x3645a7 vm_flags=0x20010 vm_state=0x3f064dca vm_byte=0x3a target=0x716a80ab8556 target_off=0xb8556
[DISPATCH] site=0xc80b9 count=70 slot=0x716a80ac40c8 slot_off=0xc40c8 idx=0x9b0 frame=0x716a80a7836d frame_off=0x7836d vm_ip=0x716a80d64864 vm_ip_off=0x364864 vm_flags=0x14020000 vm_state=0x3f05f2a2 vm_byte=0x3a target=0x716a80ab8556 target_off=0xb8556
[DISPATCH] site=0xc80b9 count=71 slot=0x716a80ac3c60 slot_off=0xc3c60 idx=0x548 frame=0x716a80a7836d frame_off=0x7836d vm_ip=0x716a80d64aa6 vm_ip_off=0x364aa6 vm_flags=0x524d5da5 vm_state=0x6b345e7a vm_byte=0x3a target=0x716a80a9af18 target_off=0x9af18
[TRACE] caller=eac.elf+0x36a519 open path=/sys/devices/virtual/dmi/id/board_name flags=0x0
[DISPATCH] site=0xc80b9 count=72 slot=0x716a80ac40c8 slot_off=0xc40c8 idx=0x9b0 frame=0x716a80a7836d frame_off=0x7836d vm_ip=0x716a80d64c72 vm_ip_off=0x364c72 vm_flags=0x9bd57398 vm_state=0x674d2a10 vm_byte=0x3a target=0x716a80ab8556 target_off=0xb8556
[TRACE] caller=eac.elf+0x36e0cf open path=/sys/devices/virtual/dmi/id/product_name flags=0x0
[DISPATCH] site=0xc80b9 count=73 slot=0x716a80ac40c8 slot_off=0xc40c8 idx=0x9b0 frame=0x716a80a7836d frame_off=0x7836d vm_ip=0x716a80d64e5f vm_ip_off=0x364e5f vm_flags=0x6d6bdcfb vm_state=0xbffd291d vm_byte=0x3a target=0x716a80ab8556 target_off=0xb8556
[TRACE] caller=eac.elf+0x3722d8 fopen path=/proc/bus/pci/devices mode=r
[DISPATCH] site=0xc80b9 count=74 slot=0x716a80ac40c8 slot_off=0xc40c8 idx=0x9b0 frame=0x716a80a7836d frame_off=0x7836d vm_ip=0x716a80d6504c vm_ip_off=0x36504c vm_flags=0x42a6d7c6 vm_state=0x5f858df9 vm_byte=0x3a target=0x716a80ab8556 target_off=0xb8556
[TRACE] caller=eac.elf+0x2d6ae getenv name=EAC_LAUNCHERDIR -> set
[TRACE] caller=eac.elf+0x72b70 pthread_create caller=eac.elf+0x729fe arg=0x6434ffddc430
[TRACE] caller=eac.elf+0x72b70 pthread_create caller=eac.elf+0x729fe arg=0x6434ffddc5d0
[TRACE] caller=eac.elf+0x72b70 pthread_create caller=eac.elf+0x729fe arg=0x6434ffddc278
[TRACE] caller=eac.elf+0x6b74f getaddrinfo node=api.epicgames.dev service=443 DENY
[TRACE] caller=eac.elf+0x6b7f7 popen command=host -4 api.epicgames.dev type=r DENY
[TRACE] caller=eac.elf+0x6b74f getaddrinfo node=datarouter.ol.epicgames.com service=443 DENY
[TRACE] caller=eac.elf+0x6b7f7 popen command=host -4 datarouter.ol.epicgames.com type=r DENY
[TRACE] caller=eac.elf+0x1a689b mprotect addr=0x716a80a00000 len=0x1000 prot=0x3
[TRACE] caller=eac.elf+0x1a6a09 mprotect addr=0x716a80a00000 len=0x1000 prot=0x1
[DRIVER] x returned 0x0
[DRIVER] out[0..31]=0100000000000000000000000000000000000000000000000000000000000000
[TRACE] caller=driver+0x2904 getenv name=EAC_DUMP_DIR -> null
[TRACE] caller=driver+0x1fe5 getenv name=EAC_FAST_EXIT -> set
[DRIVER] fast exit
