seq	frame	source_entry	source_target	start_vm_ip	end_vm_ip	delta	kind	site	target_entry	target	w0	w1	w2	w3	w4	w5	bytes	byte_status	pre_flags	post_flags	pre_state	post_state	state_delta	pre_byte	post_byte
1	0x787fe407836d	86	0x8a37f	0x26cd71	0x26dc7b	+0xf0a	dispatch	0xc80b9	310	0xb8556	0x136	0x0	0x1e8	0xa5	0x42	0x9831	36010000e801a500420031983a761999004b4399004414e801144aab007fdfab	prefix_32_of_3850	0x0	0x4000500	0x0	0x984d244d	+0x984d244d	0x0	0x3a
2	0x787fe407836d	310	0xb8556	0x26dc7b	0x26deee	+0x273	dispatch	0xc80b9	169	0x9af18	0x1e8	0xa5	0x154	0x17d4	0x99	0xef7f	e801a5005401d41799007fef9900d88a2aa495e80110732831e7f9e4d046403a	prefix_32_of_627	0x4000500	0xe9cdb52a	0x984d244d	0xe9cdbd2a	+0x518098dd	0x3a	0x3a
3	0x787fe407836d	169	0x9af18	0x26deee	0x26e161	+0x273	dispatch	0xc80b9	310	0xb8556	0x162	0x1e8	0x1c	0xaa0	0x810	0x991a	6201e8011c00a00a10081a99005618fa6c562be80143e2ab007809ab00aa073a	prefix_32_of_627	0xe9cdb52a	0x94baf385	0xe9cdbd2a	0xffc5af34	+0x15f7f20a	0x3a	0x3a
4	0x787fe407836d	310	0xb8556	0x26e161	0x26e3d4	+0x273	dispatch	0xc80b9	169	0x9af18	0x1e8	0x162	0x10c	0x1c4a	0x67ae	0x15e	e80162010c014a1cae675e013a7bd9b1caf629e801880a847c75400b7e13ab0d	prefix_32_of_627	0x94baf385	0x12833a00	0xffc5af34	0x3ffda2b6	-0xbfc80c7e	0x3a	0x3a
5	0x787fe407836d	169	0x9af18	0x26e3d4	0x26e647	+0x273	dispatch	0xc80b9	310	0xb8556	0xab	0x1e8	0x129	0xe31	0xc2eb	0x6129	ab00e8012901310eebc229613a40a4ae6cde93e801b10e012fabf83a58e10006	prefix_32_of_627	0x12833a00	0xe19e5301	0x3ffda2b6	0xbffd4e77	+0x7fffabc1	0x3a	0x3a
6	0x787fe407836d	310	0xb8556	0x26e647	0x26e8ba	+0x273	dispatch	0xc80b9	169	0x9af18	0x1e8	0xa5	0x12	0x158	0x4d3a	0x3180	e801a500120058013a4d8031feb40d9900e801e672582636179097970828a5f0	prefix_32_of_627	0xe19e5301	0x2711ed9e	0xbffd4e77	0xe76c8b67	+0x276f3cf0	0x3a	0x3a
7	0x787fe407836d	169	0x9af18	0x26e8ba	0x26ebbd	+0x303	dispatch	0xc80b9	169	0x9af18	0xa5	0x1e8	0x1c	0xa68	0x7310	0x99e9	a500e8011c00680a1073e99900e70926175abde8018850cca05733c349f808c8	prefix_32_of_771	0x2711ed9e	0x88bf1241	0xe76c8b67	0xceebcfb8	-0x1880bbaf	0x3a	0x3a
8	0x787fe407836d	169	0x9af18	0x26ebbd	0x26ee30	+0x273	dispatch	0xc80b9	310	0xb8556	0xab	0x1e8	0x151	0x93e8	0x99	0xcf63	ab00e8015101e893990063cf9900d0b0223600e801c8223e9494f3f2ff908796	prefix_32_of_627	0x88bf1241	0xc04a030	0xceebcfb8	0xc04a030	-0xc2e72f88	0x3a	0x3a
9	0x787fe407836d	310	0xb8556	0x26ee30	0x26cd71	-0x20bf	dispatch	0xc80b9	86	0x8a37f	0x1e8	0xab	0x42	0x93b1	0xf13a	0x3464	e801ab004200b1933af16434fe96f98dc3e801fcc4919d3a3b149ce37ab2ab00	backedge_sample	0xc04a030	0x523d6055	0xc04a030	0xfd165f72	+0xf111bf42	0x3a	0x3a
10	0x787fe407836d	86	0x8a37f	0x26cd71	0x26dc7b	+0xf0a	dispatch	0xc80b9	310	0xb8556	0x136	0x0	0x1e8	0xa5	0x42	0x9831	36010000e801a500420031983a761999004b4399004414e801144aab007fdfab	prefix_32_of_3850	0x523d6055	0x4000500	0xfd165f72	0x984d244d	-0x64c93b25	0x3a	0x3a
11	0x787fe407836d	310	0xb8556	0x26dc7b	0x26deee	+0x273	dispatch	0xc80b9	169	0x9af18	0x1e8	0xa5	0x154	0x17d4	0x99	0xef7f	e801a5005401d41799007fef9900d88a2aa495e80110732831e7f9e4d046403a	prefix_32_of_627	0x4000500	0xe9cdb52a	0x984d244d	0xe9cdbd2a	+0x518098dd	0x3a	0x3a
12	0x787fe407836d	169	0x9af18	0x26deee	0x26e161	+0x273	dispatch	0xc80b9	310	0xb8556	0x162	0x1e8	0x1c	0xaa0	0x810	0x991a	6201e8011c00a00a10081a99005618fa6c562be80143e2ab007809ab00aa073a	prefix_32_of_627	0xe9cdb52a	0x94baf385	0xe9cdbd2a	0xffc5af34	+0x15f7f20a	0x3a	0x3a
13	0x787fe407836d	310	0xb8556	0x26e161	0x26e3d4	+0x273	dispatch	0xc80b9	169	0x9af18	0x1e8	0x162	0x10c	0x1c4a	0x67ae	0x15e	e80162010c014a1cae675e013a7bd9b1caf629e801880a847c75400b7e13ab0d	prefix_32_of_627	0x94baf385	0x12833a00	0xffc5af34	0x3ffda2b6	-0xbfc80c7e	0x3a	0x3a
14	0x787fe407836d	169	0x9af18	0x26e3d4	0x26e647	+0x273	dispatch	0xc80b9	310	0xb8556	0xab	0x1e8	0x129	0xe31	0xc2eb	0x6129	ab00e8012901310eebc229613a40a4ae6cde93e801b10e012fabf83a58e10006	prefix_32_of_627	0x12833a00	0xe19e5301	0x3ffda2b6	0xbffd4e77	+0x7fffabc1	0x3a	0x3a
15	0x787fe407836d	310	0xb8556	0x26e647	0x26e8ba	+0x273	dispatch	0xc80b9	169	0x9af18	0x1e8	0xa5	0x12	0x158	0x4d3a	0x3180	e801a500120058013a4d8031feb40d9900e801e672582636179097970828a5f0	prefix_32_of_627	0xe19e5301	0x2711ed9e	0xbffd4e77	0xe76c8b67	+0x276f3cf0	0x3a	0x3a
16	0x787fe407836d	169	0x9af18	0x26e8ba	0x26ebbd	+0x303	dispatch	0xc80b9	169	0x9af18	0xa5	0x1e8	0x1c	0xa68	0x7310	0x99e9	a500e8011c00680a1073e99900e70926175abde8018850cca05733c349f808c8	prefix_32_of_771	0x2711ed9e	0x88bf1241	0xe76c8b67	0xceebcfb8	-0x1880bbaf	0x3a	0x3a
17	0x787fe407836d	169	0x9af18	0x26ebbd	0x26ee30	+0x273	dispatch	0xc80b9	310	0xb8556	0xab	0x1e8	0x151	0x93e8	0x99	0xcf63	ab00e8015101e893990063cf9900d0b0223600e801c8223e9494f3f2ff908796	prefix_32_of_627	0x88bf1241	0xc04a030	0xceebcfb8	0xc04a030	-0xc2e72f88	0x3a	0x3a
18	0x787fe407836d	310	0xb8556	0x26ee30	0x26cd71	-0x20bf	dispatch	0xc80b9	86	0x8a37f	0x1e8	0xab	0x42	0x93b1	0xf13a	0x3464	e801ab004200b1933af16434fe96f98dc3e801fcc4919d3a3b149ce37ab2ab00	backedge_sample	0xc04a030	0xb5deff2f	0xc04a030	0xa5d60228	+0x99d161f8	0x3a	0x3a
19	0x787fe407836d	86	0x8a37f	0x26cd71	0x26dc7b	+0xf0a	dispatch	0xc80b9	310	0xb8556	0x136	0x0	0x1e8	0xa5	0x42	0x9831	36010000e801a500420031983a761999004b4399004414e801144aab007fdfab	prefix_32_of_3850	0xb5deff2f	0x4000500	0xa5d60228	0x984d244d	-0xd88dddb	0x3a	0x3a
20	0x787fe407836d	310	0xb8556	0x26dc7b	0x26deee	+0x273	dispatch	0xc80b9	169	0x9af18	0x1e8	0xa5	0x154	0x17d4	0x99	0xef7f	e801a5005401d41799007fef9900d88a2aa495e80110732831e7f9e4d046403a	prefix_32_of_627	0x4000500	0xe9cdb52a	0x984d244d	0xe9cdbd2a	+0x518098dd	0x3a	0x3a
21	0x787fe407836d	169	0x9af18	0x26deee	0x26e161	+0x273	dispatch	0xc80b9	310	0xb8556	0x162	0x1e8	0x1c	0xaa0	0x810	0x991a	6201e8011c00a00a10081a99005618fa6c562be80143e2ab007809ab00aa073a	prefix_32_of_627	0xe9cdb52a	0x94baf385	0xe9cdbd2a	0xffc5af34	+0x15f7f20a	0x3a	0x3a
22	0x787fe407836d	310	0xb8556	0x26e161	0x26e3d4	+0x273	dispatch	0xc80b9	169	0x9af18	0x1e8	0x162	0x10c	0x1c4a	0x67ae	0x15e	e80162010c014a1cae675e013a7bd9b1caf629e801880a847c75400b7e13ab0d	prefix_32_of_627	0x94baf385	0x12833a00	0xffc5af34	0x3ffda2b6	-0xbfc80c7e	0x3a	0x3a
23	0x787fe407836d	169	0x9af18	0x26e3d4	0x26e647	+0x273	dispatch	0xc80b9	310	0xb8556	0xab	0x1e8	0x129	0xe31	0xc2eb	0x6129	ab00e8012901310eebc229613a40a4ae6cde93e801b10e012fabf83a58e10006	prefix_32_of_627	0x12833a00	0xe19e5301	0x3ffda2b6	0xbffd4e77	+0x7fffabc1	0x3a	0x3a
24	0x787fe407836d	310	0xb8556	0x26e647	0x26e8ba	+0x273	dispatch	0xc80b9	169	0x9af18	0x1e8	0xa5	0x12	0x158	0x4d3a	0x3180	e801a500120058013a4d8031feb40d9900e801e672582636179097970828a5f0	prefix_32_of_627	0xe19e5301	0x2711ed9e	0xbffd4e77	0xe76c8b67	+0x276f3cf0	0x3a	0x3a
25	0x787fe407836d	169	0x9af18	0x26e8ba	0x26ebbd	+0x303	dispatch	0xc80b9	169	0x9af18	0xa5	0x1e8	0x1c	0xa68	0x7310	0x99e9	a500e8011c00680a1073e99900e70926175abde8018850cca05733c349f808c8	prefix_32_of_771	0x2711ed9e	0x88bf1241	0xe76c8b67	0xceebcfb8	-0x1880bbaf	0x3a	0x3a
26	0x787fe407836d	169	0x9af18	0x26ebbd	0x26ee30	+0x273	dispatch	0xc80b9	310	0xb8556	0xab	0x1e8	0x151	0x93e8	0x99	0xcf63	ab00e8015101e893990063cf9900d0b0223600e801c8223e9494f3f2ff908796	prefix_32_of_627	0x88bf1241	0xc04a030	0xceebcfb8	0xc04a030	-0xc2e72f88	0x3a	0x3a
27	0x787fe407836d	20	0x7c62b	0x24bd26	0x24bd2a	+0x4	tail	0x7ca96	299	0xb6bba	0x1e8	0x707e	0x3f53	0x6	0x80	0x419c	e8017e70	exact	0xc9a08608	0xf9ffff2e	0x5802dca2	0xf05f0900	+0x985c2c5e	0x3a	0x3a
28	0x787fe407836d	299	0xb6bba	0x24bd2a	0x26cd71	+0x21047	dispatch	0xc80b9	86	0x8a37f	0x3f53	0x6	0x80	0x419c	0x4953	0xe389	533f060080009c41534989e34983c3084981eb080000004c871c245c48893c24	prefix_32_of_135239	0xf9ffff2e	0xb5deff2f	0xf05f0900	0xa5d60228	-0x4a8906d8	0x3a	0x3a
29	0x787fe407836d	86	0x8a37f	0x26cd71	0x26dc7b	+0xf0a	dispatch	0xc80b9	310	0xb8556	0x136	0x0	0x1e8	0xa5	0x42	0x9831	36010000e801a500420031983a761999004b4399004414e801144aab007fdfab	prefix_32_of_3850	0xb5deff2f	0x4000500	0xa5d60228	0x984d244d	-0xd88dddb	0x3a	0x3a
30	0x787fe407836d	310	0xb8556	0x26dc7b	0x26deee	+0x273	dispatch	0xc80b9	169	0x9af18	0x1e8	0xa5	0x154	0x17d4	0x99	0xef7f	e801a5005401d41799007fef9900d88a2aa495e80110732831e7f9e4d046403a	prefix_32_of_627	0x4000500	0xe9cdb52a	0x984d244d	0xe9cdbd2a	+0x518098dd	0x3a	0x3a
31	0x787fe407836d	169	0x9af18	0x26deee	0x26e161	+0x273	dispatch	0xc80b9	310	0xb8556	0x162	0x1e8	0x1c	0xaa0	0x810	0x991a	6201e8011c00a00a10081a99005618fa6c562be80143e2ab007809ab00aa073a	prefix_32_of_627	0xe9cdb52a	0x94baf385	0xe9cdbd2a	0xffc5af34	+0x15f7f20a	0x3a	0x3a
32	0x787fe407836d	310	0xb8556	0x26e161	0x26e3d4	+0x273	dispatch	0xc80b9	169	0x9af18	0x1e8	0x162	0x10c	0x1c4a	0x67ae	0x15e	e80162010c014a1cae675e013a7bd9b1caf629e801880a847c75400b7e13ab0d	prefix_32_of_627	0x94baf385	0x12833a00	0xffc5af34	0x3ffda2b6	-0xbfc80c7e	0x3a	0x3a
33	0x787fe407836d	169	0x9af18	0x26e3d4	0x26e647	+0x273	dispatch	0xc80b9	310	0xb8556	0xab	0x1e8	0x129	0xe31	0xc2eb	0x6129	ab00e8012901310eebc229613a40a4ae6cde93e801b10e012fabf83a58e10006	prefix_32_of_627	0x12833a00	0xe19e5301	0x3ffda2b6	0xbffd4e77	+0x7fffabc1	0x3a	0x3a
34	0x787fe407836d	310	0xb8556	0x26e647	0x26e8ba	+0x273	dispatch	0xc80b9	169	0x9af18	0x1e8	0xa5	0x12	0x158	0x4d3a	0x3180	e801a500120058013a4d8031feb40d9900e801e672582636179097970828a5f0	prefix_32_of_627	0xe19e5301	0x2711ed9e	0xbffd4e77	0xe76c8b67	+0x276f3cf0	0x3a	0x3a
35	0x787fe407836d	169	0x9af18	0x26e8ba	0x26ebbd	+0x303	dispatch	0xc80b9	169	0x9af18	0xa5	0x1e8	0x1c	0xa68	0x7310	0x99e9	a500e8011c00680a1073e99900e70926175abde8018850cca05733c349f808c8	prefix_32_of_771	0x2711ed9e	0x88bf1241	0xe76c8b67	0xceebcfb8	-0x1880bbaf	0x3a	0x3a
36	0x787fe407836d	169	0x9af18	0x26ebbd	0x26ee30	+0x273	dispatch	0xc80b9	310	0xb8556	0xab	0x1e8	0x151	0x93e8	0x99	0xcf63	ab00e8015101e893990063cf9900d0b0223600e801c8223e9494f3f2ff908796	prefix_32_of_627	0x88bf1241	0xc04a030	0xceebcfb8	0xc04a030	-0xc2e72f88	0x3a	0x3a
37	0x787fe407836d	20	0x7c62b	0x24bd26	0x24bd2a	+0x4	tail	0x7ca96	299	0xb6bba	0x1e8	0x707e	0x3f53	0x6	0x80	0x419c	e8017e70	exact	0xc9a08608	0xf9ffff2e	0x5802dca2	0xf05f0900	+0x985c2c5e	0x3a	0x3a
38	0x787fe407836d	184	0x9d694	0x2304b4	0x2304b8	+0x4	tail	0x9d961	195	0x9fb50	0x6f12	0x1e8	0x4d7b	0x4	0x80	0xf741	126fe801	exact	0x3b5112ac	0x111280	0x332efcac	0x3f062202	+0xbd72556	0x3a	0x3a
39	0x787fe407836d	158	0x99029	0xd1441	0xd1445	+0x4	tail	0x992ca	175	0x9c08f	0x1e8	0xb35d	0x17cb	0x2	0x80	0x689c	e8015db3	exact	0xc032108	0xc032108	0x99812255	0x4001032f	-0x59801f26	0x3a	0x3a
40	0x787fe407836d	123	0x91a59	0xd5eb8	0xd5ebc	+0x4	tail	0x91e7f	195	0x9fb50	0x92b4	0x1e8	0x1e1e	0x2	0x80	0x9c99	b492e801	exact	0x6049004	0x6040000	0x75fb67de	0x5944d5eb	-0x1cb691f3	0x3a	0x3a
41	0x787fe407836d	184	0x9d694	0xdaf35	0xdaf39	+0x4	tail	0x9d961	195	0x9fb50	0x5afa	0x1e8	0x30d4	0x2	0x80	0x940f	fa5ae801	exact	0x5823000	0x4000000	0x1003000	0x3f060dea	+0x3e05ddea	0x3a	0x3a
42	0x787fe407836d	184	0x9d694	0x18c463	0x18c467	+0x4	tail	0x9d961	195	0x9fb50	0x6a6a	0x1e8	0x22fe	0x3	0x80	0x489c	6a6ae801	exact	0x7dffc880	0x40b30000	0xf6f588d9	0x3f061d5a	-0xb7ef6b7f	0x3a	0x3a
43	0x787fe407836d	195	0x9fb50	0x18c467	0x334a3d	+0x1a85d6	dispatch	0xc80b9	42	0x815ea	0x22fe	0x3	0x80	0x489c	0xec81	0x8	fe22030080009c4881ec080000004c891424524c89d24989d2ff34245a4883c4	prefix_32_of_1738198	0x40b30000	0x7170d2b7	0x3f061d5a	0xffc939bf	+0xc0c31c65	0x3a	0x3a
44	0x787fe407836d	42	0x815ea	0x334a3d	0x3359b9	+0xf7c	dispatch	0xc80b9	310	0xb8556	0x0	0xa9	0x162	0x1e8	0x154	0xec4	0000a9006201e8015401c40e990052033e77e248b4a2e5e801b41bcacd1ad5af	prefix_32_of_3964	0x7170d2b7	0x61e7f7db	0xffc939bf	0xdfe1fdbf	-0x1fe73c00	0x3a	0x3a
45	0x787fe407836d	310	0xb8556	0x3359b9	0x335bf9	+0x240	dispatch	0xc80b9	310	0xb8556	0x1e8	0xa5	0xcb	0x92df	0x7635	0x9b4	e801a500cb00df923576b409de82b7c31a9296e8019688ae00580100343bd04f	prefix_32_of_576	0x61e7f7db	0x1612b140	0xdfe1fdbf	0xfb8d8b71	+0x1bab8db2	0x3a	0x3a
46	0x787fe407836d	310	0xb8556	0x335bf9	0x335e7f	+0x286	dispatch	0xc80b9	169	0x9af18	0x1e8	0xa5	0x2b	0x7b75	0x99	0xbdef	e801a5002b00757b9900efbd077608019ae801b0c534978bda2cf3841d5be30a	prefix_32_of_646	0x1612b140	0x4ac4ab80	0xfb8d8b71	0x4ac4ab80	-0xb0c8dff1	0x3a	0x3a
47	0x787fe407836d	169	0x9af18	0x335e7f	0x3360c1	+0x242	dispatch	0xc80b9	169	0x9af18	0xa5	0x1e8	0x151	0x97b8	0x99	0x4e8	a500e8015101b8979900e804e83fc59900ca48e801e798687690038c05768a2c	prefix_32_of_578	0x4ac4ab80	0x10a00	0x4ac4ab80	0x3f05d220	-0xbbed960	0x3a	0x3a
48	0x787fe407836d	169	0x9af18	0x3360c1	0x336333	+0x272	dispatch	0xc80b9	310	0xb8556	0x162	0x1e8	0x14d	0xe4b3	0x99	0xf5a4	6201e8014d01b3e49900a4f53a80fe4d7be801a9faf20eec42a22b053c2715da	prefix_32_of_626	0x10a00	0x77feff37	0x3f05d220	0x77ee0b00	+0x38e838e0	0x3a	0x3a
49	0x787fe407836d	310	0xb8556	0x336333	0x336673	+0x340	dispatch	0xc80b9	310	0xb8556	0x1e8	0xab	0xc7	0x4f47	0xbc3a	0xae8d	e801ab00c700474f3abc8dae01d3c19900e801a9fa270973846cde88bfefab00	prefix_32_of_832	0x77feff37	0x16833a14	0x77ee0b00	0x16833a14	-0x616ad0ec	0x3a	0x3a
50	0x787fe407836d	310	0xb8556	0x336673	0x3369fc	+0x389	dispatch	0xc80b9	169	0x9af18	0x1e8	0xa5	0x12	0x158	0xf53a	0x3187	e801a500120058013af58731fe9a0a5c9ae801e47ebb542a40bf6d36e130ab0d	prefix_32_of_905	0x16833a14	0x37feff37	0x16833a14	0x26e60110	+0x1062c6fc	0x3a	0x3a
51	0x787fe407836d	169	0x9af18	0x3369fc	0x336c72	+0x276	dispatch	0xc80b9	169	0x9af18	0xab	0x1e8	0x9d	0xd56f	0x99	0x810	ab00e8019d006fd599001008531c2729e33d9ae801a77b3301880a480c96344d	prefix_32_of_630	0x37feff37	0xdead53c6	0x26e60110	0xdeaf53c6	+0xb7c952b6	0x3a	0x3a
52	0x787fe407836d	169	0x9af18	0x336c72	0x336f58	+0x2e6	dispatch	0xc80b9	169	0x9af18	0x162	0x1e8	0x9d	0xd77f	0x99	0xcb74	6201e8019d007fd7990074cb3a7185fc9e50bbe801a3414cece3823a49d52df8	prefix_32_of_742	0xdead53c6	0x9d505094	0xdeaf53c6	0x9d505094	-0x415f0332	0x3a	0x3a
53	0x787fe407836d	176	0x9c10b	0x33710b	0x33710f	+0x4	tail	0x9c3f4	299	0xb6bba	0x1e8	0xce2e	0x4b3d	0x7	0x80	0x519c	e8012ece	exact	0x16833a04	0x16833a04	0x10e619c1	0x16833a04	+0x59d2043	0x3a	0x3a
54	0x787fe407836d	174	0x9bd8f	0x333bc5	0x333bc9	+0x4	tail	0x9c08c	195	0x9fb50	0x5bed	0x1e8	0x48d8	0x7	0x80	0xd269	ed5be801	exact	0x76ec0266	0x76ec0266	0xf6f6814d	0xfbfbd6df	+0x5055592	0x3a	0x3a
55	0x787fe407836d	176	0x9c10b	0x33a6c8	0x33a6cc	+0x4	tail	0x9c3f4	299	0xb6bba	0x1e8	0x7c11	0x4d92	0x7	0x80	0xc069	e801117c	exact	0xd1520dfa	0xbc9fe3e5	0xd2c295fe	0xbcdfe7e7	-0x15e2ae17	0x3a	0x3a
56	0x787fe407836d	299	0xb6bba	0x33a6cc	0x33b647	+0xf7b	dispatch	0xc80b9	42	0x815ea	0x4d92	0x7	0x80	0xc069	0x8629	0x0	924d0700800069c0298600009c68b361aa4c48892c2441524989ea4c89d5415a	prefix_32_of_3963	0xbc9fe3e5	0x3fee7f36	0xbcdfe7e7	0x37ee0220	-0x84f1e5c7	0x3a	0x3a
57	0x787fe407836d	42	0x815ea	0x33b647	0x33c774	+0x112d	dispatch	0xc80b9	169	0x9af18	0x0	0x136	0x1e8	0x162	0x2b	0x7ee5	00003601e80162012b00e57e9900d4139900f457c3fd19e8014ff5f381d80a4c	prefix_32_of_4397	0x3fee7f36	0x91a615d2	0x37ee0220	0x6fbdfffb	+0x37cffddb	0x3a	0x3a
58	0x787fe407836d	169	0x9af18	0x33c774	0x33c99e	+0x22a	dispatch	0xc80b9	169	0x9af18	0xa5	0x1e8	0x42	0x95f1	0x6e3a	0x4220	a500e8014200f1953a6e204205f060e032e801f9fa43880242e804e847c4ab00	prefix_32_of_554	0x91a615d2	0xdb65935b	0x6fbdfffb	0xed95fffe	+0x7dd80003	0x3a	0x3a
59	0x787fe407836d	169	0x9af18	0x33c99e	0x33cb62	+0x1c4	dispatch	0xc80b9	310	0xb8556	0xab	0x1e8	0xb9	0xab4b	0x943a	0xce95	ab00e801b9004bab3a9495ce54a33ac747d1c1e8013ad5af616e24f03eaed625	prefix_32_of_452	0xdb65935b	0x1400b840	0xed95fffe	0x1400b840	-0xd99547be	0x3a	0x3a
60	0x787fe407836d	310	0xb8556	0x33cb62	0x33ce91	+0x32f	dispatch	0xc80b9	169	0x9af18	0x1e8	0xa5	0x15b	0x3278	0x962	0x155c	e801a5005b01783262095c15aaba9807632592e801cc1eab00dad85ddcdfbc92	prefix_32_of_815	0x1400b840	0x210282	0x1400b840	0x3f05e962	+0x2b053122	0x3a	0x3a
61	0x787fe407836d	169	0x9af18	0x33ce91	0x33d122	+0x291	dispatch	0xc80b9	169	0x9af18	0x162	0x1e8	0x12	0x4e8	0xfe3a	0x99ca	6201e8011200e8043afeca99000b5ca3143ac4e801c4aaab00a8a20cdb67153a	prefix_32_of_657	0x210282	0x4e4c93a5	0x3f05e962	0xf9957e52	+0xba8f94f0	0x3a	0x3a
62	0x787fe407836d	176	0x9c10b	0x33d2d5	0x33d2d9	+0x4	tail	0x9c3f4	195	0x9fb50	0x1e8	0x8f2f	0x4f88	0x7	0x80	0x9848	e8012f8f	exact	0xe5baf3c5	0xe5baf3c5	0x574769e4	0xe5baf3c5	+0x8e7389e1	0x3a	0x3a
63	0x787fe407836d	184	0x9d694	0x31f2ad	0x31f2b1	+0x4	tail	0x9d961	195	0x9fb50	0x8840	0x1e8	0x3c3f	0x7	0x80	0xc069	4088e801	exact	0x5c2aea26	0x20000	0xf6f6661f	0x3f063b30	-0xb7f02aef	0x3a	0x3a
64	0x787fe407836d	195	0x9fb50	0x31f2b1	0x33f278	+0x1ffc7	dispatch	0xcdac7	323	0xbb6e6	0x3c3f	0x7	0x80	0xc069	0x43fd	0x3	3f3c0700800069c0fd4303009c415541505441584983c0084981e8080000004c	prefix_32_of_131015	0x20000	0xd56bbddf	0x3f063b30	0xbffcd2b0	+0x80f69780	0x3a	0x3a
65	0x787fe407836d	323	0xbb6e6	0x33f278	0x33f4f1	+0x279	dispatch	0xcdac7	310	0xb8556	0x136	0x0	0x1e8	0x162	0x9d	0xd7ff	36010000e80162019d00ffd79900ae00f8bb6510bae801e1f07a4d34faa4ab00	prefix_32_of_633	0xd56bbddf	0x3be885d2	0xbffcd2b0	0x7b345e5a	-0x44c87456	0x3a	0x3a
66	0x787fe407836d	310	0xb8556	0x33f4f1	0x3404d5	+0xfe4	dispatch	0xcdac7	310	0xb8556	0x1e8	0xab	0x40	0xa72d	0x99	0x1a63	e801ab0040002da79900631a3a1469a5d8e80199f4433bab002a826c07ab648c	prefix_32_of_4068	0x3be885d2	0x14020000	0x7b345e5a	0x3f06018a	-0x3c2e5cd0	0x3a	0x3a
67	0x787fe407836d	310	0xb8556	0x3404d5	0x3404d5	+0x0	dispatch	0xcdac7	310	0xb8556	0x1e8	0x162	0x2b	0x793d	0x99	0xa9c4		exact	0x14020000	0x14020000	0x3f06018a	0x3f06018a	+0x0	0x3a	0x3a
68	0x787fe407836d	310	0xb8556	0x3404d5	0x3404d5	+0x0	dispatch	0xcdac7	310	0xb8556	0x1e8	0x162	0x2b	0x793d	0x99	0xa9c4		exact	0x14020000	0x14020000	0x3f06018a	0x3f06018a	+0x0	0x3a	0x3a
69	0x787fe407836d	310	0xb8556	0x3404d5	0x341d87	+0x18b2	dispatch	0xcdac7	169	0x9af18	0x1e8	0x162	0x2b	0x793d	0x99	0xa9c4	e80162012b003d799900c4a93a28ba4ddbde13e8014ec5b15c9d29650774e300	prefix_32_of_6322	0x14020000	0x2000a00	0x3f06018a	0xd7b4a7cd	+0x98aea643	0x3a	0x3a
70	0x787fe407836d	169	0x9af18	0x341d87	0x341d87	+0x0	dispatch	0xcdac7	169	0x9af18	0xab	0x1e8	0x40	0xa79d	0x99	0x6407		exact	0x2000a00	0x2000a00	0xd7b4a7cd	0xd7b4a7cd	+0x0	0x3a	0x3a
71	0x787fe407836d	169	0x9af18	0x341d87	0x341d87	+0x0	dispatch	0xcdac7	169	0x9af18	0xab	0x1e8	0x40	0xa79d	0x99	0x6407		exact	0x2000a00	0x2000a00	0xd7b4a7cd	0xd7b4a7cd	+0x0	0x3a	0x3a
72	0x787fe407836d	169	0x9af18	0x341d87	0x30e872	-0x33515	dispatch	0xcdac7	42	0x815ea	0xab	0x1e8	0x40	0xa79d	0x99	0x6407	ab00e80140009da7990007648a855d5121fa97e80174abf8e6c06e016910c634	backedge_sample	0x2000a00	0xf0397358	0xd7b4a7cd	0xa86c6e49	-0x2f483984	0x3a	0x3a
73	0x787fe407836d	42	0x815ea	0x30e872	0x30eaa0	+0x22e	dispatch	0xcdac7	169	0x9af18	0x0	0xa9	0x162	0x1e8	0x42	0x93b1	0000a9006201e8014200b1933af164fc002106dd61b01ae8015a5eb58ff9ab00	prefix_32_of_558	0xf0397358	0x40120412	0xa86c6e49	0x3f0660ca	-0x69660d7f	0x3a	0x3a
74	0x787fe407836d	169	0x9af18	0x30eaa0	0x30eccb	+0x22b	dispatch	0xcdac7	169	0x9af18	0xa5	0x1e8	0xc4	0x6e4f	0xf034	0xbc0e	a500e801c4004f6e34f00ebc184a24ede6e80139f90760446c519389dc196864	prefix_32_of_555	0x40120412	0x871dddb0	0x3f0660ca	0x871dddb0	+0x48177ce6	0x3a	0x3a
75	0x787fe407836d	169	0x9af18	0x30eccb	0x30fa19	+0xd4e	dispatch	0xcdac7	169	0x9af18	0x162	0x1e8	0xc4	0x6e4f	0xf3ec	0x9cf3	6201e801c4004f6eecf3f39c3a686e2cd3e801c9f6580648979b58231174c626	prefix_32_of_3406	0x871dddb0	0xc1c553c6	0x871dddb0	0xc1c757c6	+0x3aa97a16	0x3a	0x3a
76	0x787fe407836d	169	0x9af18	0x30fa19	0x30fc6f	+0x256	dispatch	0xcdac7	169	0x9af18	0xab	0x1e8	0xcb	0x9897	0x7635	0x3c20	ab00e801cb0097983576203c3e547e99008101e8013a8db46a3d7409765853d6	prefix_32_of_598	0xc1c553c6	0x7edffeb5	0xc1c757c6	0x64d900a0	-0x5cee5726	0x3a	0x3a
77	0x787fe407836d	169	0x9af18	0x30fc6f	0x30ff4c	+0x2dd	dispatch	0xcdac7	310	0xb8556	0xab	0x1e8	0x9d	0xd56f	0x99	0xad8	ab00e8019d006fd59900d80a53cd806101e80119fa2bf6ab00af9922d8be2550	prefix_32_of_733	0x7edffeb5	0x24ede9de	0x64d900a0	0x99746e65	+0x349b6dc5	0x3a	0x3a
78	0x787fe407836d	310	0xb8556	0x30ff4c	0x31021c	+0x2d0	dispatch	0xcdac7	169	0x9af18	0x1e8	0x162	0xc7	0x480f	0x933a	0x6488	e8016201c7000f483a938864bc9bef990060aae8018b6a2ce4ca88bce64e5489	prefix_32_of_720	0x24ede9de	0x5af65fdd	0x99746e65	0xebbf6e54	+0x524affef	0x3a	0x3a
79	0x787fe407836d	169	0x9af18	0x31021c	0x310446	+0x22a	dispatch	0xcdac7	169	0x9af18	0x162	0x1e8	0x14d	0xe4d3	0x99	0xbcbe	6201e8014d01d3e49900bebc3ca82b2a3a2abce80192da6bd2d9642e2bdf1c1a	prefix_32_of_554	0x5af65fdd	0x7aff7f2e	0xebbf6e54	0x78ef0800	-0x72d06654	0x3a	0x3a
80	0x787fe407836d	169	0x9af18	0x310446	0x310719	+0x2d3	dispatch	0xcdac7	310	0xb8556	0x162	0x1e8	0x154	0x1254	0x99	0xbe3b	6201e8015401541299003bbe9900df183af744e8019798887690393e32229bcb	prefix_32_of_723	0x7aff7f2e	0x90396658	0x78ef0800	0xd6ac94ea	+0x5dbd8cea	0x3a	0x3a
81	0x787fe407836d	310	0xb8556	0x310719	0x3109d2	+0x2b9	dispatch	0xcdac7	169	0x9af18	0x1e8	0xab	0x14d	0xdfcb	0x99	0x390	e801ab004d01cbdf990090038c1b7b0cbe74cfe8012c90abf6914824bfd809ab	prefix_32_of_697	0x90396658	0xdcade05e	0xd6ac94ea	0x196caddf	-0xbd3fe70b	0x3a	0x3a
82	0x787fe407836d	169	0x9af18	0x3109d2	0x310ca5	+0x2d3	dispatch	0xcdac7	310	0xb8556	0xab	0x1e8	0xb9	0xa9d3	0x673a	0x4db3	ab00e801b900d3a93a67b34ddbc3e899009246e80166882e0360957ec4a1e300	prefix_32_of_723	0xdcade05e	0x148226cc	0x196caddf	0xffaffb65	+0xe6434d86	0x3a	0x3a
83	0x787fe407836d	310	0xb8556	0x310ca5	0x310ef0	+0x24b	dispatch	0xcdac7	310	0xb8556	0x1e8	0xa5	0xcb	0x9ebf	0x7635	0x390	e801a500cb00bf9e35769003042ba8fcee6d9ce801f7d8ab009003dc5941168f	prefix_32_of_587	0x148226cc	0x14100010	0xffaffb65	0x3f0612b2	-0xc0a9e8b3	0x3a	0x3a
84	0x787fe407836d	310	0xb8556	0x310ef0	0x311163	+0x273	dispatch	0xcdac7	169	0x9af18	0x1e8	0x162	0x154	0xf7c	0x99	0x92e7	e801620154017c0f9900e792dc1375ac08b602e801bf8c2f019289f5a0fa7e69	prefix_32_of_627	0x14100010	0xc83095f0	0x3f0612b2	0x400110fe	+0xfafe4c	0x3a	0x3a
85	0x787fe407836d	169	0x9af18	0x311163	0x3113a5	+0x242	dispatch	0xcdac7	169	0x9af18	0xa5	0x1e8	0x10c	0x1c4a	0x67ae	0x6b6	a500e8010c014a1cae67b6063aa56428d9e80129f1186774139007d64940f679	prefix_32_of_578	0xc83095f0	0x7adeff2e	0x400110fe	0x78de0800	+0x38dcf702	0x3a	0x3a
86	0x787fe407836d	169	0x9af18	0x3113a5	0x3115e7	+0x242	dispatch	0xcdac7	310	0xb8556	0x162	0x1e8	0xbd	0x99	0xe914	0x26e8	6201e801bd00990014e9e826ba56639900de34e8017709ab00041dab006485b4	prefix_32_of_578	0x7adeff2e	0x2948	0x78de0800	0x2948	-0x78dddeb8	0x3a	0x3a
87	0x787fe407836d	310	0xb8556	0x3115e7	0x311829	+0x242	dispatch	0xcdac7	169	0x9af18	0x1e8	0xa5	0x9d	0xd56f	0x99	0xad8	e801a5009d006fd59900d80a53f58761012fcee8011603b240666e6e27e60d3a	prefix_32_of_578	0x2948	0x3acddfde	0x2948	0x585c5c02	+0x585c32ba	0x3a	0x3a
88	0x787fe407836d	169	0x9af18	0x311829	0x311a6b	+0x242	dispatch	0xcdac7	169	0x9af18	0xab	0x1e8	0x151	0x94f0	0x99	0xfcec	ab00e8015101f0949900ecfc8b0cd809e4e80111f8d746656b7dce813884ab00	prefix_32_of_578	0x3acddfde	0xef1b287	0x585c5c02	0x69145f5a	+0x10b80358	0x3a	0x3a
89	0x787fe407836d	169	0x9af18	0x311a6b	0x311cad	+0x242	dispatch	0xcdac7	310	0xb8556	0xa5	0x1e8	0x72	0x64cb	0xac8c	0x620	a500e8017200cb648cac200648efdaf5e0bf18e8015f2dab001a531a84d8ab00	prefix_32_of_578	0xef1b287	0x524c03c5	0x69145f5a	0x7df7dfda	+0x14e38080	0x3a	0x3a
90	0x787fe407836d	310	0xb8556	0x311cad	0x311f69	+0x2bc	dispatch	0xcdac7	310	0xb8556	0x1e8	0xa5	0x10c	0x1c4a	0x6c86	0x7438	e801a5000c014a1c866c38749900ba703aa3e6e801859db8ec9f9147b7bebdaa	prefix_32_of_700	0x524c03c5	0x8e78f1da	0x7df7dfda	0xeb377ffe	+0x6d3fa024	0x3a	0x3a
91	0x787fe407836d	310	0xb8556	0x311f69	0x31223a	+0x2d1	dispatch	0xcdac7	310	0xb8556	0x1e8	0xa5	0x14d	0xe523	0x99	0xe367	e801a5004d0123e5990067e332d17995c6459ee801880a70a4781ff2ff90977e	prefix_32_of_721	0x8e78f1da	0x8e4e0de5	0xeb377ffe	0x7bd7fefb	-0x6f5f8103	0x3a	0x3a
92	0x787fe407836d	310	0xb8556	0x31223a	0x312464	+0x22a	dispatch	0xcdac7	169	0x9af18	0x1e8	0xab	0x151	0x9568	0x99	0xae47	e801ab0051016895990047ae9900f3a03a2e3ae801d80a443786cf06c648acd7	prefix_32_of_554	0x8e4e0de5	0x347541db	0x7bd7fefb	0x69945ffa	-0x12439f01	0x3a	0x3a
93	0x787fe407836d	169	0x9af18	0x312464	0x31268e	+0x22a	dispatch	0xcdac7	310	0xb8556	0xab	0x1e8	0x42	0x97f9	0x8b3a	0x99da	ab00e8014200f9973a8bda99009a299900e801e4734b803a09b993007451ab00	prefix_32_of_554	0x347541db	0x5675bb90	0x69945ffa	0xffc76ef9	+0x96330eff	0x3a	0x3a
94	0x787fe407836d	310	0xb8556	0x31268e	0x312868	+0x1da	dispatch	0xcdac7	169	0x9af18	0x1e8	0x162	0x10c	0x1c4a	0x6576	0x4392	e80162010c014a1c76659243358b8809c82954e8014c0cab0058019c10f7f483	prefix_32_of_474	0x5675bb90	0x221c12	0xffc76ef9	0x3f06a742	-0xc0c0c7b7	0x3a	0x3a
95	0x787fe407836d	169	0x9af18	0x312868	0x312aee	+0x286	dispatch	0xcdac7	169	0x9af18	0xab	0x1e8	0x12	0x5e8	0xae3a	0xb4a5	ab00e8011200e8053aaea5b4a2606756d86000e801d80a90778a7301aa4f8cd8	prefix_32_of_646	0x221c12	0x8e3c0ca2	0x3f06a742	0x6f95fefa	+0x308f57b8	0x3a	0x3a
96	0x787fe407836d	169	0x9af18	0x312aee	0x312cd0	+0x1e2	dispatch	0xcdac7	169	0x9af18	0x162	0x1e8	0x9d	0xd4ff	0x99	0x3810	6201e8019d00ffd499001038377504acaadc9ee80188acfa117cde3f9f9f57fa	prefix_32_of_482	0x8e3c0ca2	0xfbf79ddb	0x6f95fefa	0xf9f3eb74	+0x8a5dec7a	0x3a	0x3a
97	0x787fe407836d	169	0x9af18	0x312cd0	0x312f26	+0x256	dispatch	0xcdac7	310	0xb8556	0x162	0x1e8	0xbd	0x99	0xe964	0x860	6201e801bd00990064e96008f0890e712b581de8014b1ac6d48406bceffeed89	prefix_32_of_598	0xfbf79ddb	0x4b8eb2de	0xf9f3eb74	0x7b1c5e5e	-0x7ed78d16	0x3a	0x3a
98	0x787fe407836d	310	0xb8556	0x312f26	0x313169	+0x243	dispatch	0xcdac7	310	0xb8556	0x1e8	0x162	0xb9	0xa483	0x543a	0xcd68	e8016201b90083a43a5468cdd0817305599acde80104b48b0ce80544a5607c99	prefix_32_of_579	0x4b8eb2de	0x7afe7fef	0x7b1c5e5e	0x727e02a8	-0x89e5bb6	0x3a	0x3a
99	0x787fe407836d	310	0xb8556	0x313169	0x31334b	+0x1e2	dispatch	0xcdac7	169	0x9af18	0x1e8	0xa5	0x151	0x99e0	0x99	0x2580	e801a5005101e09999008025faf2b3bb03cc5ae801979b477a218516bad00004	prefix_32_of_482	0x7afe7fef	0xce4d8465	0x727e02a8	0x7f3e7f7b	+0xcc07cd3	0x3a	0x3a
100	0x787fe407836d	169	0x9af18	0x31334b	0x3135b9	+0x26e	dispatch	0xcdac7	169	0x9af18	0xa5	0x1e8	0x40	0xa81d	0x99	0x620	a500e80140001da899002006e89ff41597541ce801ab9e2ac633af3ada4c1da9	prefix_32_of_622	0xce4d8465	0xc917a90d	0x7f3e7f7b	0xc917a90d	+0x49d92992	0x3a	0x3a
101	0x787fe407836d	169	0x9af18	0x3135b9	0x3137fc	+0x243	dispatch	0xcdac7	310	0xb8556	0x162	0x1e8	0x40	0xa2bd	0x99	0x1b17	6201e8014000bda29900171bab6f0801d4e8014ab2d76ef4e32006be862314d7	prefix_32_of_579	0xc917a90d	0x8df97560	0xc917a90d	0x694cb90f	-0x5fcaeffe	0x3a	0x3a
102	0x787fe407836d	310	0xb8556	0x3137fc	0x3139de	+0x1e2	dispatch	0xcdac7	310	0xb8556	0x1e8	0x162	0xa8	0x99	0xd0ce	0x339a	e8016201a8009900ced09a331c968809df4913e8013e1db47be2ab00a9a94eef	prefix_32_of_482	0x8df97560	0x4a612e32	0x694cb90f	0x5f8f8af3	-0x9bd2e1c	0x3a	0x3a
103	0x787fe407836d	310	0xb8556	0x3139de	0x313c4c	+0x26e	dispatch	0xcdac7	169	0x9af18	0x1e8	0xa5	0x154	0x12ac	0x99	0x6160	e801a5005401ac12990060615dd8ca85aa86fae801e80522b455bce3a77dd306	prefix_32_of_622	0x4a612e32	0x8f70318b	0x5f8f8af3	0xfbfb8b3c	+0x9c6c0049	0x3a	0x3a
104	0x787fe407836d	169	0x9af18	0x313c4c	0x313e8f	+0x243	dispatch	0xcdac7	169	0x9af18	0xab	0x1e8	0x14d	0xe973	0x99	0xe987	ab00e8014d0173e9990087e926178cfb71d638e8010b62f5e882fa050f99789a	prefix_32_of_579	0x8f70318b	0xfed1df96	0xfbfb8b3c	0x58a4dcd6	-0xa356ae66	0x3a	0x3a
105	0x787fe407836d	169	0x9af18	0x313e8f	0x314071	+0x1e2	dispatch	0xcdac7	169	0x9af18	0x162	0x1e8	0x9d	0xd4ff	0x99	0x3390	6201e8019d00ffd49900903337b623a8e5df73e8019798477690393ef22f9bcb	prefix_32_of_482	0xfed1df96	0x4ac60206	0x58a4dcd6	0x5ee7d2fb	+0x642f625	0x3a	0x3a
106	0x787fe407836d	169	0x9af18	0x314071	0x3142df	+0x26e	dispatch	0xcdac7	310	0xb8556	0x162	0x1e8	0xa8	0x99	0xd4b6	0x9fd6	6201e801a8009900b6d4d69fbcef4e5f09e8011cb697d66ed299928e413a85b4	prefix_32_of_622	0x4ac60206	0x861eb185	0x5ee7d2fb	0xdf95e7f4	+0x80ae14f9	0x3a	0x3a
107	0x787fe407836d	310	0xb8556	0x3142df	0x314522	+0x243	dispatch	0xcdac7	310	0xb8556	0x1e8	0xab	0xd7	0xa88	0xd888	0x227d	e801ab00d700880a88d87d220b07a29900b00ee801c9569798eedb0f85a424a2	prefix_32_of_579	0x861eb185	0x34a042ea	0xdf95e7f4	0x3ce04eeb	-0xa2b59909	0x3a	0x3a
108	0x787fe407836d	310	0xb8556	0x314522	0x314704	+0x1e2	dispatch	0xcdac7	310	0xb8556	0x1e8	0x162	0xcb	0x9a07	0x7635	0x1ca1	e8016201cb00079a3576a11c1587d000e463e6e801744fab006005408141e30a	prefix_32_of_482	0x34a042ea	0xfcdeff37	0x3ce04eeb	0xfcd60600	+0xbff5b715	0x3a	0x3a
109	0x787fe407836d	310	0xb8556	0x314704	0x314972	+0x26e	dispatch	0xcdac7	169	0x9af18	0x1e8	0x162	0x133	0x553a	0xc4b4	0x9913	e801620133013a55b4c41399000f9926d6e801b4c893293a145770293fba3bd7	prefix_32_of_622	0xfcdeff37	0xf8eeff37	0xfcd60600	0xf8e60910	-0x3effcf0	0x3a	0x3a
110	0x787fe407836d	169	0x9af18	0x314972	0x314bb5	+0x243	dispatch	0xcdac7	310	0xb8556	0xab	0x1e8	0x133	0xd3a	0x17b0	0x3590	ab00e80133013a0db017903576da52830d9d9ee801174b3aac16ab007e67bbcf	prefix_32_of_579	0xf8eeff37	0x62662dfb	0xf8e60910	0xbffcca14	-0x38e93efc	0x3a	0x3a
111	0x787fe407836d	310	0xb8556	0x314bb5	0x314d97	+0x1e2	dispatch	0xcdac7	169	0x9af18	0x1e8	0xa5	0x154	0xec4	0x99	0xdaa	e801a5005401c40e9900aa0d3e77f80828c29ae801209b1de1b283cc41d0003c	prefix_32_of_482	0x62662dfb	0xfadf7f2d	0xbffcca14	0xf21b0800	+0x321e3dec	0x3a	0x3a
112	0x787fe407836d	169	0x9af18	0x314d97	0x315005	+0x26e	dispatch	0xcdac7	310	0xb8556	0x162	0x1e8	0x154	0x1334	0x99	0x1060	6201e80154013413990060103a1468c6d70e38e801880ac47c15400b7ef3eb03	prefix_32_of_622	0xfadf7f2d	0xe34473c6	0xf21b0800	0xe74477c6	-0xad6903a	0x3a	0x3a
113	0x787fe407836d	310	0xb8556	0x315005	0x31522f	+0x22a	dispatch	0xcdac7	310	0xb8556	0x1e8	0xab	0x2b	0x7ded	0x99	0x9d3a	e801ab002b00ed7d99003a9daf99001ceee5a3e801abfa76d8093db434706b58	prefix_32_of_554	0xe34473c6	0x69b0303a	0xe74477c6	0x69145e5a	-0x7e30196c	0x3a	0x3a
114	0x787fe407836d	310	0xb8556	0x31522f	0x315486	+0x257	dispatch	0xcdac7	169	0x9af18	0x1e8	0xab	0xc7	0x4f47	0x2c3a	0xae89	e801ab00c700474f3a2c89ae01349650eb981ae801bbffdce71f77f3025db1c8	prefix_32_of_599	0x69b0303a	0x841ab3c5	0x69145e5a	0x841ab3c5	+0x1b06556b	0x3a	0x3a
115	0x787fe407836d	169	0x9af18	0x315486	0x3156ca	+0x244	dispatch	0xcdac7	169	0x9af18	0xa5	0x1e8	0x12	0x620	0xdc3a	0xfca3	a500e801120020063adca3fce00d85dd41f69ae801e0a76a83e8bb0003922025	prefix_32_of_580	0x841ab3c5	0xf613f930	0x841ab3c5	0x3ffce85e	-0x441dcb67	0x3a	0x3a
116	0x787fe407836d	169	0x9af18	0x3156ca	0x315969	+0x29f	dispatch	0xcdac7	169	0x9af18	0xab	0x1e8	0x9d	0xcf07	0x99	0xf9a4	ab00e8019d0007cf9900a4f90133438c86ac48e801f3e7ab00737721d5bfd52a	prefix_32_of_671	0xf613f930	0x2ab32381	0x3ffce85e	0x2af72783	-0x1505c0db	0x3a	0x3a
117	0x787fe407836d	169	0x9af18	0x315969	0x315bbf	+0x256	dispatch	0xcdac7	169	0x9af18	0xab	0x1e8	0x129	0x1e31	0x8ee1	0x6ea2	ab00e8012901311ee18ea26eeb88cf9ecf06bee8010aaba3094961d69865e9dc	prefix_32_of_598	0x2ab32381	0x6e5d9892	0x2af72783	0x4000d60c	+0x1509ae89	0x3a	0x3a
118	0x787fe407836d	169	0x9af18	0x315bbf	0x310ca5	-0x4f1a	dispatch	0xcdac7	310	0xb8556	0xab	0x1e8	0x10c	0x1c4a	0x63e6	0x5af	ab00e8010c014a1ce663af053cd2e4092be80199f5de2fb4dd1429a30a54917a	backedge_sample	0x6e5d9892	0x148226cc	0x4000d60c	0xffaffb65	+0xbfaf2559	0x3a	0x3a
119	0x787fe407836d	310	0xb8556	0x310ca5	0x310ef0	+0x24b	dispatch	0xcdac7	310	0xb8556	0x1e8	0xa5	0xcb	0x9ebf	0x7635	0x390	e801a500cb00bf9e35769003042ba8fcee6d9ce801f7d8ab009003dc5941168f	prefix_32_of_587	0x148226cc	0x14100010	0xffaffb65	0x3f0612b2	-0xc0a9e8b3	0x3a	0x3a
120	0x787fe407836d	310	0xb8556	0x310ef0	0x311163	+0x273	dispatch	0xcdac7	169	0x9af18	0x1e8	0x162	0x154	0xf7c	0x99	0x92e7	e801620154017c0f9900e792dc1375ac08b602e801bf8c2f019289f5a0fa7e69	prefix_32_of_627	0x14100010	0xc83095f0	0x3f0612b2	0x400110fe	+0xfafe4c	0x3a	0x3a
121	0x787fe407836d	169	0x9af18	0x311163	0x3113a5	+0x242	dispatch	0xcdac7	169	0x9af18	0xa5	0x1e8	0x10c	0x1c4a	0x67ae	0x6b6	a500e8010c014a1cae67b6063aa56428d9e80129f1186774139007d64940f679	prefix_32_of_578	0xc83095f0	0x7adeff2e	0x400110fe	0x78de0800	+0x38dcf702	0x3a	0x3a
122	0x787fe407836d	169	0x9af18	0x3113a5	0x3115e7	+0x242	dispatch	0xcdac7	310	0xb8556	0x162	0x1e8	0xbd	0x99	0xe914	0x26e8	6201e801bd00990014e9e826ba56639900de34e8017709ab00041dab006485b4	prefix_32_of_578	0x7adeff2e	0x2948	0x78de0800	0x2948	-0x78dddeb8	0x3a	0x3a
123	0x787fe407836d	310	0xb8556	0x3115e7	0x311829	+0x242	dispatch	0xcdac7	169	0x9af18	0x1e8	0xa5	0x9d	0xd56f	0x99	0xad8	e801a5009d006fd59900d80a53f58761012fcee8011603b240666e6e27e60d3a	prefix_32_of_578	0x2948	0x3acddfde	0x2948	0x585c5c02	+0x585c32ba	0x3a	0x3a
124	0x787fe407836d	169	0x9af18	0x311829	0x311a6b	+0x242	dispatch	0xcdac7	169	0x9af18	0xab	0x1e8	0x151	0x94f0	0x99	0xfcec	ab00e8015101f0949900ecfc8b0cd809e4e80111f8d746656b7dce813884ab00	prefix_32_of_578	0x3acddfde	0xef1b287	0x585c5c02	0x69145f5a	+0x10b80358	0x3a	0x3a
125	0x787fe407836d	169	0x9af18	0x311a6b	0x311cad	+0x242	dispatch	0xcdac7	310	0xb8556	0xa5	0x1e8	0x72	0x64cb	0xac8c	0x620	a500e8017200cb648cac200648efdaf5e0bf18e8015f2dab001a531a84d8ab00	prefix_32_of_578	0xef1b287	0x524c03c5	0x69145f5a	0x7df7dfda	+0x14e38080	0x3a	0x3a
126	0x787fe407836d	310	0xb8556	0x311cad	0x311f69	+0x2bc	dispatch	0xcdac7	310	0xb8556	0x1e8	0xa5	0x10c	0x1c4a	0x6c86	0x7438	e801a5000c014a1c866c38749900ba703aa3e6e801859db8ec9f9147b7bebdaa	prefix_32_of_700	0x524c03c5	0x8e78f1da	0x7df7dfda	0xeb377ffe	+0x6d3fa024	0x3a	0x3a
127	0x787fe407836d	310	0xb8556	0x311f69	0x31223a	+0x2d1	dispatch	0xcdac7	310	0xb8556	0x1e8	0xa5	0x14d	0xe523	0x99	0xe367	e801a5004d0123e5990067e332d17995c6459ee801880a70a4781ff2ff90977e	prefix_32_of_721	0x8e78f1da	0x8e4e0de5	0xeb377ffe	0x7bd7fefb	-0x6f5f8103	0x3a	0x3a
128	0x787fe407836d	310	0xb8556	0x31223a	0x312464	+0x22a	dispatch	0xcdac7	169	0x9af18	0x1e8	0xab	0x151	0x9568	0x99	0xae47	e801ab0051016895990047ae9900f3a03a2e3ae801d80a443786cf06c648acd7	prefix_32_of_554	0x8e4e0de5	0x347541db	0x7bd7fefb	0x69945ffa	-0x12439f01	0x3a	0x3a
129	0x787fe407836d	169	0x9af18	0x312464	0x31268e	+0x22a	dispatch	0xcdac7	310	0xb8556	0xab	0x1e8	0x42	0x97f9	0x8b3a	0x99da	ab00e8014200f9973a8bda99009a299900e801e4734b803a09b993007451ab00	prefix_32_of_554	0x347541db	0x5675bb90	0x69945ffa	0xffc76ef9	+0x96330eff	0x3a	0x3a
130	0x787fe407836d	310	0xb8556	0x31268e	0x312868	+0x1da	dispatch	0xcdac7	169	0x9af18	0x1e8	0x162	0x10c	0x1c4a	0x6576	0x4392	e80162010c014a1c76659243358b8809c82954e8014c0cab0058019c10f7f483	prefix_32_of_474	0x5675bb90	0x221c12	0xffc76ef9	0x3f06a742	-0xc0c0c7b7	0x3a	0x3a
131	0x787fe407836d	169	0x9af18	0x312868	0x312aee	+0x286	dispatch	0xcdac7	169	0x9af18	0xab	0x1e8	0x12	0x5e8	0xae3a	0xb4a5	ab00e8011200e8053aaea5b4a2606756d86000e801d80a90778a7301aa4f8cd8	prefix_32_of_646	0x221c12	0x8e3c0ca2	0x3f06a742	0x6f95fefa	+0x308f57b8	0x3a	0x3a
132	0x787fe407836d	169	0x9af18	0x312aee	0x312cd0	+0x1e2	dispatch	0xcdac7	169	0x9af18	0x162	0x1e8	0x9d	0xd4ff	0x99	0x3810	6201e8019d00ffd499001038377504acaadc9ee80188acfa117cde3f9f9f57fa	prefix_32_of_482	0x8e3c0ca2	0xfbf79ddb	0x6f95fefa	0xf9f3eb74	+0x8a5dec7a	0x3a	0x3a
133	0x787fe407836d	169	0x9af18	0x312cd0	0x312f26	+0x256	dispatch	0xcdac7	310	0xb8556	0x162	0x1e8	0xbd	0x99	0xe964	0x860	6201e801bd00990064e96008f0890e712b581de8014b1ac6d48406bceffeed89	prefix_32_of_598	0xfbf79ddb	0x4b8eb2de	0xf9f3eb74	0x7b1c5e5e	-0x7ed78d16	0x3a	0x3a
134	0x787fe407836d	310	0xb8556	0x312f26	0x313169	+0x243	dispatch	0xcdac7	310	0xb8556	0x1e8	0x162	0xb9	0xa483	0x543a	0xcd68	e8016201b90083a43a5468cdd0817305599acde80104b48b0ce80544a5607c99	prefix_32_of_579	0x4b8eb2de	0x7afe7fef	0x7b1c5e5e	0x727e02a8	-0x89e5bb6	0x3a	0x3a
135	0x787fe407836d	310	0xb8556	0x313169	0x31334b	+0x1e2	dispatch	0xcdac7	169	0x9af18	0x1e8	0xa5	0x151	0x99e0	0x99	0x2580	e801a5005101e09999008025faf2b3bb03cc5ae801979b477a218516bad00004	prefix_32_of_482	0x7afe7fef	0xce4d8465	0x727e02a8	0x7f3e7f7b	+0xcc07cd3	0x3a	0x3a
136	0x787fe407836d	169	0x9af18	0x31334b	0x3135b9	+0x26e	dispatch	0xcdac7	169	0x9af18	0xa5	0x1e8	0x40	0xa81d	0x99	0x620	a500e80140001da899002006e89ff41597541ce801ab9e2ac633af3ada4c1da9	prefix_32_of_622	0xce4d8465	0xc917a90d	0x7f3e7f7b	0xc917a90d	+0x49d92992	0x3a	0x3a
137	0x787fe407836d	169	0x9af18	0x3135b9	0x3137fc	+0x243	dispatch	0xcdac7	310	0xb8556	0x162	0x1e8	0x40	0xa2bd	0x99	0x1b17	6201e8014000bda29900171bab6f0801d4e8014ab2d76ef4e32006be862314d7	prefix_32_of_579	0xc917a90d	0x8df97560	0xc917a90d	0x694cb90f	-0x5fcaeffe	0x3a	0x3a
138	0x787fe407836d	310	0xb8556	0x3137fc	0x3139de	+0x1e2	dispatch	0xcdac7	310	0xb8556	0x1e8	0x162	0xa8	0x99	0xd0ce	0x339a	e8016201a8009900ced09a331c968809df4913e8013e1db47be2ab00a9a94eef	prefix_32_of_482	0x8df97560	0x4a612e32	0x694cb90f	0x5f8f8af3	-0x9bd2e1c	0x3a	0x3a
139	0x787fe407836d	310	0xb8556	0x3139de	0x313c4c	+0x26e	dispatch	0xcdac7	169	0x9af18	0x1e8	0xa5	0x154	0x12ac	0x99	0x6160	e801a5005401ac12990060615dd8ca85aa86fae801e80522b455bce3a77dd306	prefix_32_of_622	0x4a612e32	0x8f70318b	0x5f8f8af3	0xfbfb8b3c	+0x9c6c0049	0x3a	0x3a
140	0x787fe407836d	169	0x9af18	0x313c4c	0x313e8f	+0x243	dispatch	0xcdac7	169	0x9af18	0xab	0x1e8	0x14d	0xe973	0x99	0xe987	ab00e8014d0173e9990087e926178cfb71d638e8010b62f5e882fa050f99789a	prefix_32_of_579	0x8f70318b	0xfed1df96	0xfbfb8b3c	0x58a4dcd6	-0xa356ae66	0x3a	0x3a
141	0x787fe407836d	169	0x9af18	0x313e8f	0x314071	+0x1e2	dispatch	0xcdac7	169	0x9af18	0x162	0x1e8	0x9d	0xd4ff	0x99	0x3390	6201e8019d00ffd49900903337b623a8e5df73e8019798477690393ef22f9bcb	prefix_32_of_482	0xfed1df96	0x4ac60206	0x58a4dcd6	0x5ee7d2fb	+0x642f625	0x3a	0x3a
142	0x787fe407836d	169	0x9af18	0x314071	0x3142df	+0x26e	dispatch	0xcdac7	310	0xb8556	0x162	0x1e8	0xa8	0x99	0xd4b6	0x9fd6	6201e801a8009900b6d4d69fbcef4e5f09e8011cb697d66ed299928e413a85b4	prefix_32_of_622	0x4ac60206	0x861eb185	0x5ee7d2fb	0xdf95e7f4	+0x80ae14f9	0x3a	0x3a
143	0x787fe407836d	310	0xb8556	0x3142df	0x314522	+0x243	dispatch	0xcdac7	310	0xb8556	0x1e8	0xab	0xd7	0xa88	0xd888	0x227d	e801ab00d700880a88d87d220b07a29900b00ee801c9569798eedb0f85a424a2	prefix_32_of_579	0x861eb185	0x34a042ea	0xdf95e7f4	0x3ce04eeb	-0xa2b59909	0x3a	0x3a
144	0x787fe407836d	310	0xb8556	0x314522	0x314704	+0x1e2	dispatch	0xcdac7	310	0xb8556	0x1e8	0x162	0xcb	0x9a07	0x7635	0x1ca1	e8016201cb00079a3576a11c1587d000e463e6e801744fab006005408141e30a	prefix_32_of_482	0x34a042ea	0xfcdeff37	0x3ce04eeb	0xfcd60600	+0xbff5b715	0x3a	0x3a
145	0x787fe407836d	310	0xb8556	0x314704	0x314972	+0x26e	dispatch	0xcdac7	169	0x9af18	0x1e8	0x162	0x133	0x553a	0xc4b4	0x9913	e801620133013a55b4c41399000f9926d6e801b4c893293a145770293fba3bd7	prefix_32_of_622	0xfcdeff37	0xf8eeff37	0xfcd60600	0xf8e60910	-0x3effcf0	0x3a	0x3a
146	0x787fe407836d	169	0x9af18	0x314972	0x314bb5	+0x243	dispatch	0xcdac7	310	0xb8556	0xab	0x1e8	0x133	0xd3a	0x17b0	0x3590	ab00e80133013a0db017903576da52830d9d9ee801174b3aac16ab007e67bbcf	prefix_32_of_579	0xf8eeff37	0x62662dfb	0xf8e60910	0xbffcca14	-0x38e93efc	0x3a	0x3a
147	0x787fe407836d	310	0xb8556	0x314bb5	0x314d97	+0x1e2	dispatch	0xcdac7	169	0x9af18	0x1e8	0xa5	0x154	0xec4	0x99	0xdaa	e801a5005401c40e9900aa0d3e77f80828c29ae801209b1de1b283cc41d0003c	prefix_32_of_482	0x62662dfb	0xfadf7f2d	0xbffcca14	0xf21b0800	+0x321e3dec	0x3a	0x3a
148	0x787fe407836d	169	0x9af18	0x314d97	0x315005	+0x26e	dispatch	0xcdac7	310	0xb8556	0x162	0x1e8	0x154	0x1334	0x99	0x1060	6201e80154013413990060103a1468c6d70e38e801880ac47c15400b7ef3eb03	prefix_32_of_622	0xfadf7f2d	0xe34473c6	0xf21b0800	0xe74477c6	-0xad6903a	0x3a	0x3a
149	0x787fe407836d	310	0xb8556	0x315005	0x31522f	+0x22a	dispatch	0xcdac7	310	0xb8556	0x1e8	0xab	0x2b	0x7ded	0x99	0x9d3a	e801ab002b00ed7d99003a9daf99001ceee5a3e801abfa76d8093db434706b58	prefix_32_of_554	0xe34473c6	0x69b0303a	0xe74477c6	0x69145e5a	-0x7e30196c	0x3a	0x3a
150	0x787fe407836d	310	0xb8556	0x31522f	0x315486	+0x257	dispatch	0xcdac7	169	0x9af18	0x1e8	0xab	0xc7	0x4f47	0x2c3a	0xae89	e801ab00c700474f3a2c89ae01349650eb981ae801bbffdce71f77f3025db1c8	prefix_32_of_599	0x69b0303a	0x841ab3c5	0x69145e5a	0x841ab3c5	+0x1b06556b	0x3a	0x3a
151	0x787fe407836d	169	0x9af18	0x315486	0x3156ca	+0x244	dispatch	0xcdac7	169	0x9af18	0xa5	0x1e8	0x12	0x620	0xdc3a	0xfca3	a500e801120020063adca3fce00d85dd41f69ae801e0a76a83e8bb0003922025	prefix_32_of_580	0x841ab3c5	0xf613f930	0x841ab3c5	0x3ffce85e	-0x441dcb67	0x3a	0x3a
152	0x787fe407836d	169	0x9af18	0x3156ca	0x315969	+0x29f	dispatch	0xcdac7	169	0x9af18	0xab	0x1e8	0x9d	0xcf07	0x99	0xf9a4	ab00e8019d0007cf9900a4f90133438c86ac48e801f3e7ab00737721d5bfd52a	prefix_32_of_671	0xf613f930	0x2ab32381	0x3ffce85e	0x2af72783	-0x1505c0db	0x3a	0x3a
153	0x787fe407836d	169	0x9af18	0x315969	0x315bbf	+0x256	dispatch	0xcdac7	169	0x9af18	0xab	0x1e8	0x129	0x1e31	0x8ee1	0x6ea2	ab00e8012901311ee18ea26eeb88cf9ecf06bee8010aaba3094961d69865e9dc	prefix_32_of_598	0x2ab32381	0x6e5d9892	0x2af72783	0x4000d60c	+0x1509ae89	0x3a	0x3a
154	0x787fe407836d	169	0x9af18	0x315bbf	0x310ca5	-0x4f1a	dispatch	0xcdac7	310	0xb8556	0xab	0x1e8	0x10c	0x1c4a	0x63e6	0x5af	ab00e8010c014a1ce663af053cd2e4092be80199f5de2fb4dd1429a30a54917a	backedge_sample	0x6e5d9892	0x148226cc	0x4000d60c	0xffaffb65	+0xbfaf2559	0x3a	0x3a
155	0x787fe407836d	310	0xb8556	0x310ca5	0x310ef0	+0x24b	dispatch	0xcdac7	310	0xb8556	0x1e8	0xa5	0xcb	0x9ebf	0x7635	0x390	e801a500cb00bf9e35769003042ba8fcee6d9ce801f7d8ab009003dc5941168f	prefix_32_of_587	0x148226cc	0x14100010	0xffaffb65	0x3f0612b2	-0xc0a9e8b3	0x3a	0x3a
156	0x787fe407836d	310	0xb8556	0x310ef0	0x311163	+0x273	dispatch	0xcdac7	169	0x9af18	0x1e8	0x162	0x154	0xf7c	0x99	0x92e7	e801620154017c0f9900e792dc1375ac08b602e801bf8c2f019289f5a0fa7e69	prefix_32_of_627	0x14100010	0xc83095f0	0x3f0612b2	0x400110fe	+0xfafe4c	0x3a	0x3a
157	0x787fe407836d	169	0x9af18	0x311163	0x3113a5	+0x242	dispatch	0xcdac7	169	0x9af18	0xa5	0x1e8	0x10c	0x1c4a	0x67ae	0x6b6	a500e8010c014a1cae67b6063aa56428d9e80129f1186774139007d64940f679	prefix_32_of_578	0xc83095f0	0x7adeff2e	0x400110fe	0x78de0800	+0x38dcf702	0x3a	0x3a
158	0x787fe407836d	169	0x9af18	0x3113a5	0x3115e7	+0x242	dispatch	0xcdac7	310	0xb8556	0x162	0x1e8	0xbd	0x99	0xe914	0x26e8	6201e801bd00990014e9e826ba56639900de34e8017709ab00041dab006485b4	prefix_32_of_578	0x7adeff2e	0x2948	0x78de0800	0x2948	-0x78dddeb8	0x3a	0x3a
159	0x787fe407836d	310	0xb8556	0x3115e7	0x311829	+0x242	dispatch	0xcdac7	169	0x9af18	0x1e8	0xa5	0x9d	0xd56f	0x99	0xad8	e801a5009d006fd59900d80a53f58761012fcee8011603b240666e6e27e60d3a	prefix_32_of_578	0x2948	0x3acddfde	0x2948	0x585c5c02	+0x585c32ba	0x3a	0x3a
160	0x787fe407836d	169	0x9af18	0x311829	0x311a6b	+0x242	dispatch	0xcdac7	169	0x9af18	0xab	0x1e8	0x151	0x94f0	0x99	0xfcec	ab00e8015101f0949900ecfc8b0cd809e4e80111f8d746656b7dce813884ab00	prefix_32_of_578	0x3acddfde	0xef1b287	0x585c5c02	0x69145f5a	+0x10b80358	0x3a	0x3a
161	0x787fe407836d	169	0x9af18	0x311a6b	0x311cad	+0x242	dispatch	0xcdac7	310	0xb8556	0xa5	0x1e8	0x72	0x64cb	0xac8c	0x620	a500e8017200cb648cac200648efdaf5e0bf18e8015f2dab001a531a84d8ab00	prefix_32_of_578	0xef1b287	0x524c03c5	0x69145f5a	0x7df7dfda	+0x14e38080	0x3a	0x3a
162	0x787fe407836d	310	0xb8556	0x311cad	0x311f69	+0x2bc	dispatch	0xcdac7	310	0xb8556	0x1e8	0xa5	0x10c	0x1c4a	0x6c86	0x7438	e801a5000c014a1c866c38749900ba703aa3e6e801859db8ec9f9147b7bebdaa	prefix_32_of_700	0x524c03c5	0x8e78f1da	0x7df7dfda	0xeb377ffe	+0x6d3fa024	0x3a	0x3a
163	0x787fe407836d	310	0xb8556	0x311f69	0x31223a	+0x2d1	dispatch	0xcdac7	310	0xb8556	0x1e8	0xa5	0x14d	0xe523	0x99	0xe367	e801a5004d0123e5990067e332d17995c6459ee801880a70a4781ff2ff90977e	prefix_32_of_721	0x8e78f1da	0x8e4e0de5	0xeb377ffe	0x7bd7fefb	-0x6f5f8103	0x3a	0x3a
164	0x787fe407836d	310	0xb8556	0x31223a	0x312464	+0x22a	dispatch	0xcdac7	169	0x9af18	0x1e8	0xab	0x151	0x9568	0x99	0xae47	e801ab0051016895990047ae9900f3a03a2e3ae801d80a443786cf06c648acd7	prefix_32_of_554	0x8e4e0de5	0x347541db	0x7bd7fefb	0x69945ffa	-0x12439f01	0x3a	0x3a
165	0x787fe407836d	169	0x9af18	0x312464	0x31268e	+0x22a	dispatch	0xcdac7	310	0xb8556	0xab	0x1e8	0x42	0x97f9	0x8b3a	0x99da	ab00e8014200f9973a8bda99009a299900e801e4734b803a09b993007451ab00	prefix_32_of_554	0x347541db	0x5675bb90	0x69945ffa	0xffc76ef9	+0x96330eff	0x3a	0x3a
166	0x787fe407836d	310	0xb8556	0x31268e	0x312868	+0x1da	dispatch	0xcdac7	169	0x9af18	0x1e8	0x162	0x10c	0x1c4a	0x6576	0x4392	e80162010c014a1c76659243358b8809c82954e8014c0cab0058019c10f7f483	prefix_32_of_474	0x5675bb90	0x221c12	0xffc76ef9	0x3f06a742	-0xc0c0c7b7	0x3a	0x3a
167	0x787fe407836d	169	0x9af18	0x312868	0x312aee	+0x286	dispatch	0xcdac7	169	0x9af18	0xab	0x1e8	0x12	0x5e8	0xae3a	0xb4a5	ab00e8011200e8053aaea5b4a2606756d86000e801d80a90778a7301aa4f8cd8	prefix_32_of_646	0x221c12	0x8e3c0ca2	0x3f06a742	0x6f95fefa	+0x308f57b8	0x3a	0x3a
168	0x787fe407836d	169	0x9af18	0x312aee	0x312cd0	+0x1e2	dispatch	0xcdac7	169	0x9af18	0x162	0x1e8	0x9d	0xd4ff	0x99	0x3810	6201e8019d00ffd499001038377504acaadc9ee80188acfa117cde3f9f9f57fa	prefix_32_of_482	0x8e3c0ca2	0xfbf79ddb	0x6f95fefa	0xf9f3eb74	+0x8a5dec7a	0x3a	0x3a
169	0x787fe407836d	169	0x9af18	0x312cd0	0x312f26	+0x256	dispatch	0xcdac7	310	0xb8556	0x162	0x1e8	0xbd	0x99	0xe964	0x860	6201e801bd00990064e96008f0890e712b581de8014b1ac6d48406bceffeed89	prefix_32_of_598	0xfbf79ddb	0x4b8eb2de	0xf9f3eb74	0x7b1c5e5e	-0x7ed78d16	0x3a	0x3a
170	0x787fe407836d	310	0xb8556	0x312f26	0x313169	+0x243	dispatch	0xcdac7	310	0xb8556	0x1e8	0x162	0xb9	0xa483	0x543a	0xcd68	e8016201b90083a43a5468cdd0817305599acde80104b48b0ce80544a5607c99	prefix_32_of_579	0x4b8eb2de	0x7afe7fef	0x7b1c5e5e	0x727e02a8	-0x89e5bb6	0x3a	0x3a
171	0x787fe407836d	310	0xb8556	0x313169	0x31334b	+0x1e2	dispatch	0xcdac7	169	0x9af18	0x1e8	0xa5	0x151	0x99e0	0x99	0x2580	e801a5005101e09999008025faf2b3bb03cc5ae801979b477a218516bad00004	prefix_32_of_482	0x7afe7fef	0xce4d8465	0x727e02a8	0x7f3e7f7b	+0xcc07cd3	0x3a	0x3a
172	0x787fe407836d	169	0x9af18	0x31334b	0x3135b9	+0x26e	dispatch	0xcdac7	169	0x9af18	0xa5	0x1e8	0x40	0xa81d	0x99	0x620	a500e80140001da899002006e89ff41597541ce801ab9e2ac633af3ada4c1da9	prefix_32_of_622	0xce4d8465	0xc917a90d	0x7f3e7f7b	0xc917a90d	+0x49d92992	0x3a	0x3a
173	0x787fe407836d	169	0x9af18	0x3135b9	0x3137fc	+0x243	dispatch	0xcdac7	310	0xb8556	0x162	0x1e8	0x40	0xa2bd	0x99	0x1b17	6201e8014000bda29900171bab6f0801d4e8014ab2d76ef4e32006be862314d7	prefix_32_of_579	0xc917a90d	0x8df97560	0xc917a90d	0x694cb90f	-0x5fcaeffe	0x3a	0x3a
174	0x787fe407836d	310	0xb8556	0x3137fc	0x3139de	+0x1e2	dispatch	0xcdac7	310	0xb8556	0x1e8	0x162	0xa8	0x99	0xd0ce	0x339a	e8016201a8009900ced09a331c968809df4913e8013e1db47be2ab00a9a94eef	prefix_32_of_482	0x8df97560	0x4a612e32	0x694cb90f	0x5f8f8af3	-0x9bd2e1c	0x3a	0x3a
175	0x787fe407836d	310	0xb8556	0x3139de	0x313c4c	+0x26e	dispatch	0xcdac7	169	0x9af18	0x1e8	0xa5	0x154	0x12ac	0x99	0x6160	e801a5005401ac12990060615dd8ca85aa86fae801e80522b455bce3a77dd306	prefix_32_of_622	0x4a612e32	0x8f70318b	0x5f8f8af3	0xfbfb8b3c	+0x9c6c0049	0x3a	0x3a
176	0x787fe407836d	169	0x9af18	0x313c4c	0x313e8f	+0x243	dispatch	0xcdac7	169	0x9af18	0xab	0x1e8	0x14d	0xe973	0x99	0xe987	ab00e8014d0173e9990087e926178cfb71d638e8010b62f5e882fa050f99789a	prefix_32_of_579	0x8f70318b	0xfed1df96	0xfbfb8b3c	0x58a4dcd6	-0xa356ae66	0x3a	0x3a
177	0x787fe407836d	169	0x9af18	0x313e8f	0x314071	+0x1e2	dispatch	0xcdac7	169	0x9af18	0x162	0x1e8	0x9d	0xd4ff	0x99	0x3390	6201e8019d00ffd49900903337b623a8e5df73e8019798477690393ef22f9bcb	prefix_32_of_482	0xfed1df96	0x4ac60206	0x58a4dcd6	0x5ee7d2fb	+0x642f625	0x3a	0x3a
178	0x787fe407836d	169	0x9af18	0x314071	0x3142df	+0x26e	dispatch	0xcdac7	310	0xb8556	0x162	0x1e8	0xa8	0x99	0xd4b6	0x9fd6	6201e801a8009900b6d4d69fbcef4e5f09e8011cb697d66ed299928e413a85b4	prefix_32_of_622	0x4ac60206	0x861eb185	0x5ee7d2fb	0xdf95e7f4	+0x80ae14f9	0x3a	0x3a
179	0x787fe407836d	310	0xb8556	0x3142df	0x314522	+0x243	dispatch	0xcdac7	310	0xb8556	0x1e8	0xab	0xd7	0xa88	0xd888	0x227d	e801ab00d700880a88d87d220b07a29900b00ee801c9569798eedb0f85a424a2	prefix_32_of_579	0x861eb185	0x34a042ea	0xdf95e7f4	0x3ce04eeb	-0xa2b59909	0x3a	0x3a
180	0x787fe407836d	310	0xb8556	0x314522	0x314704	+0x1e2	dispatch	0xcdac7	310	0xb8556	0x1e8	0x162	0xcb	0x9a07	0x7635	0x1ca1	e8016201cb00079a3576a11c1587d000e463e6e801744fab006005408141e30a	prefix_32_of_482	0x34a042ea	0xfcdeff37	0x3ce04eeb	0xfcd60600	+0xbff5b715	0x3a	0x3a
181	0x787fe407836d	310	0xb8556	0x314704	0x314972	+0x26e	dispatch	0xcdac7	169	0x9af18	0x1e8	0x162	0x133	0x553a	0xc4b4	0x9913	e801620133013a55b4c41399000f9926d6e801b4c893293a145770293fba3bd7	prefix_32_of_622	0xfcdeff37	0xf8eeff37	0xfcd60600	0xf8e60910	-0x3effcf0	0x3a	0x3a
182	0x787fe407836d	169	0x9af18	0x314972	0x314bb5	+0x243	dispatch	0xcdac7	310	0xb8556	0xab	0x1e8	0x133	0xd3a	0x17b0	0x3590	ab00e80133013a0db017903576da52830d9d9ee801174b3aac16ab007e67bbcf	prefix_32_of_579	0xf8eeff37	0x62662dfb	0xf8e60910	0xbffcca14	-0x38e93efc	0x3a	0x3a
183	0x787fe407836d	310	0xb8556	0x314bb5	0x314d97	+0x1e2	dispatch	0xcdac7	169	0x9af18	0x1e8	0xa5	0x154	0xec4	0x99	0xdaa	e801a5005401c40e9900aa0d3e77f80828c29ae801209b1de1b283cc41d0003c	prefix_32_of_482	0x62662dfb	0xfadf7f2d	0xbffcca14	0xf21b0800	+0x321e3dec	0x3a	0x3a
184	0x787fe407836d	169	0x9af18	0x314d97	0x315005	+0x26e	dispatch	0xcdac7	310	0xb8556	0x162	0x1e8	0x154	0x1334	0x99	0x1060	6201e80154013413990060103a1468c6d70e38e801880ac47c15400b7ef3eb03	prefix_32_of_622	0xfadf7f2d	0xe34473c6	0xf21b0800	0xe74477c6	-0xad6903a	0x3a	0x3a
185	0x787fe407836d	310	0xb8556	0x315005	0x31522f	+0x22a	dispatch	0xcdac7	310	0xb8556	0x1e8	0xab	0x2b	0x7ded	0x99	0x9d3a	e801ab002b00ed7d99003a9daf99001ceee5a3e801abfa76d8093db434706b58	prefix_32_of_554	0xe34473c6	0x69b0303a	0xe74477c6	0x69145e5a	-0x7e30196c	0x3a	0x3a
186	0x787fe407836d	310	0xb8556	0x31522f	0x315486	+0x257	dispatch	0xcdac7	169	0x9af18	0x1e8	0xab	0xc7	0x4f47	0x2c3a	0xae89	e801ab00c700474f3a2c89ae01349650eb981ae801bbffdce71f77f3025db1c8	prefix_32_of_599	0x69b0303a	0x841ab3c5	0x69145e5a	0x841ab3c5	+0x1b06556b	0x3a	0x3a
187	0x787fe407836d	169	0x9af18	0x315486	0x3156ca	+0x244	dispatch	0xcdac7	169	0x9af18	0xa5	0x1e8	0x12	0x620	0xdc3a	0xfca3	a500e801120020063adca3fce00d85dd41f69ae801e0a76a83e8bb0003922025	prefix_32_of_580	0x841ab3c5	0xf613f930	0x841ab3c5	0x3ffce85e	-0x441dcb67	0x3a	0x3a
188	0x787fe407836d	169	0x9af18	0x3156ca	0x315969	+0x29f	dispatch	0xcdac7	169	0x9af18	0xab	0x1e8	0x9d	0xcf07	0x99	0xf9a4	ab00e8019d0007cf9900a4f90133438c86ac48e801f3e7ab00737721d5bfd52a	prefix_32_of_671	0xf613f930	0x2ab32381	0x3ffce85e	0x2af72783	-0x1505c0db	0x3a	0x3a
189	0x787fe407836d	169	0x9af18	0x315969	0x315bbf	+0x256	dispatch	0xcdac7	169	0x9af18	0xab	0x1e8	0x129	0x1e31	0x8ee1	0x6ea2	ab00e8012901311ee18ea26eeb88cf9ecf06bee8010aaba3094961d69865e9dc	prefix_32_of_598	0x2ab32381	0x6e5d9892	0x2af72783	0x4000d60c	+0x1509ae89	0x3a	0x3a
190	0x787fe407836d	169	0x9af18	0x315bbf	0x310ca5	-0x4f1a	dispatch	0xcdac7	310	0xb8556	0xab	0x1e8	0x10c	0x1c4a	0x63e6	0x5af	ab00e8010c014a1ce663af053cd2e4092be80199f5de2fb4dd1429a30a54917a	backedge_sample	0x6e5d9892	0x148226cc	0x4000d60c	0xffaffb65	+0xbfaf2559	0x3a	0x3a
191	0x787fe407836d	310	0xb8556	0x310ca5	0x310ef0	+0x24b	dispatch	0xcdac7	310	0xb8556	0x1e8	0xa5	0xcb	0x9ebf	0x7635	0x390	e801a500cb00bf9e35769003042ba8fcee6d9ce801f7d8ab009003dc5941168f	prefix_32_of_587	0x148226cc	0x14100010	0xffaffb65	0x3f0612b2	-0xc0a9e8b3	0x3a	0x3a
192	0x787fe407836d	310	0xb8556	0x310ef0	0x311163	+0x273	dispatch	0xcdac7	169	0x9af18	0x1e8	0x162	0x154	0xf7c	0x99	0x92e7	e801620154017c0f9900e792dc1375ac08b602e801bf8c2f019289f5a0fa7e69	prefix_32_of_627	0x14100010	0xc83095f0	0x3f0612b2	0x400110fe	+0xfafe4c	0x3a	0x3a
193	0x787fe407836d	169	0x9af18	0x311163	0x3113a5	+0x242	dispatch	0xcdac7	169	0x9af18	0xa5	0x1e8	0x10c	0x1c4a	0x67ae	0x6b6	a500e8010c014a1cae67b6063aa56428d9e80129f1186774139007d64940f679	prefix_32_of_578	0xc83095f0	0x7adeff2e	0x400110fe	0x78de0800	+0x38dcf702	0x3a	0x3a
194	0x787fe407836d	169	0x9af18	0x3113a5	0x3115e7	+0x242	dispatch	0xcdac7	310	0xb8556	0x162	0x1e8	0xbd	0x99	0xe914	0x26e8	6201e801bd00990014e9e826ba56639900de34e8017709ab00041dab006485b4	prefix_32_of_578	0x7adeff2e	0x2948	0x78de0800	0x2948	-0x78dddeb8	0x3a	0x3a
195	0x787fe407836d	310	0xb8556	0x3115e7	0x311829	+0x242	dispatch	0xcdac7	169	0x9af18	0x1e8	0xa5	0x9d	0xd56f	0x99	0xad8	e801a5009d006fd59900d80a53f58761012fcee8011603b240666e6e27e60d3a	prefix_32_of_578	0x2948	0x3acddfde	0x2948	0x585c5c02	+0x585c32ba	0x3a	0x3a
196	0x787fe407836d	169	0x9af18	0x311829	0x311a6b	+0x242	dispatch	0xcdac7	169	0x9af18	0xab	0x1e8	0x151	0x94f0	0x99	0xfcec	ab00e8015101f0949900ecfc8b0cd809e4e80111f8d746656b7dce813884ab00	prefix_32_of_578	0x3acddfde	0xef1b287	0x585c5c02	0x69145f5a	+0x10b80358	0x3a	0x3a
197	0x787fe407836d	169	0x9af18	0x311a6b	0x311cad	+0x242	dispatch	0xcdac7	310	0xb8556	0xa5	0x1e8	0x72	0x64cb	0xac8c	0x620	a500e8017200cb648cac200648efdaf5e0bf18e8015f2dab001a531a84d8ab00	prefix_32_of_578	0xef1b287	0x524c03c5	0x69145f5a	0x7df7dfda	+0x14e38080	0x3a	0x3a
198	0x787fe407836d	310	0xb8556	0x311cad	0x311f69	+0x2bc	dispatch	0xcdac7	310	0xb8556	0x1e8	0xa5	0x10c	0x1c4a	0x6c86	0x7438	e801a5000c014a1c866c38749900ba703aa3e6e801859db8ec9f9147b7bebdaa	prefix_32_of_700	0x524c03c5	0x8e78f1da	0x7df7dfda	0xeb377ffe	+0x6d3fa024	0x3a	0x3a
199	0x787fe407836d	310	0xb8556	0x311f69	0x31223a	+0x2d1	dispatch	0xcdac7	310	0xb8556	0x1e8	0xa5	0x14d	0xe523	0x99	0xe367	e801a5004d0123e5990067e332d17995c6459ee801880a70a4781ff2ff90977e	prefix_32_of_721	0x8e78f1da	0x8e4e0de5	0xeb377ffe	0x7bd7fefb	-0x6f5f8103	0x3a	0x3a
200	0x787fe407836d	310	0xb8556	0x31223a	0x312464	+0x22a	dispatch	0xcdac7	169	0x9af18	0x1e8	0xab	0x151	0x9568	0x99	0xae47	e801ab0051016895990047ae9900f3a03a2e3ae801d80a443786cf06c648acd7	prefix_32_of_554	0x8e4e0de5	0x347541db	0x7bd7fefb	0x69945ffa	-0x12439f01	0x3a	0x3a
201	0x787fe407836d	169	0x9af18	0x312464	0x31268e	+0x22a	dispatch	0xcdac7	310	0xb8556	0xab	0x1e8	0x42	0x97f9	0x8b3a	0x99da	ab00e8014200f9973a8bda99009a299900e801e4734b803a09b993007451ab00	prefix_32_of_554	0x347541db	0x5675bb90	0x69945ffa	0xffc76ef9	+0x96330eff	0x3a	0x3a
202	0x787fe407836d	310	0xb8556	0x31268e	0x312868	+0x1da	dispatch	0xcdac7	169	0x9af18	0x1e8	0x162	0x10c	0x1c4a	0x6576	0x4392	e80162010c014a1c76659243358b8809c82954e8014c0cab0058019c10f7f483	prefix_32_of_474	0x5675bb90	0x221c12	0xffc76ef9	0x3f06a742	-0xc0c0c7b7	0x3a	0x3a
203	0x787fe407836d	169	0x9af18	0x312868	0x312aee	+0x286	dispatch	0xcdac7	169	0x9af18	0xab	0x1e8	0x12	0x5e8	0xae3a	0xb4a5	ab00e8011200e8053aaea5b4a2606756d86000e801d80a90778a7301aa4f8cd8	prefix_32_of_646	0x221c12	0x8e3c0ca2	0x3f06a742	0x6f95fefa	+0x308f57b8	0x3a	0x3a
204	0x787fe407836d	169	0x9af18	0x312aee	0x312cd0	+0x1e2	dispatch	0xcdac7	169	0x9af18	0x162	0x1e8	0x9d	0xd4ff	0x99	0x3810	6201e8019d00ffd499001038377504acaadc9ee80188acfa117cde3f9f9f57fa	prefix_32_of_482	0x8e3c0ca2	0xfbf79ddb	0x6f95fefa	0xf9f3eb74	+0x8a5dec7a	0x3a	0x3a
205	0x787fe407836d	169	0x9af18	0x312cd0	0x312f26	+0x256	dispatch	0xcdac7	310	0xb8556	0x162	0x1e8	0xbd	0x99	0xe964	0x860	6201e801bd00990064e96008f0890e712b581de8014b1ac6d48406bceffeed89	prefix_32_of_598	0xfbf79ddb	0x4b8eb2de	0xf9f3eb74	0x7b1c5e5e	-0x7ed78d16	0x3a	0x3a
206	0x787fe407836d	310	0xb8556	0x312f26	0x313169	+0x243	dispatch	0xcdac7	310	0xb8556	0x1e8	0x162	0xb9	0xa483	0x543a	0xcd68	e8016201b90083a43a5468cdd0817305599acde80104b48b0ce80544a5607c99	prefix_32_of_579	0x4b8eb2de	0x7afe7fef	0x7b1c5e5e	0x727e02a8	-0x89e5bb6	0x3a	0x3a
207	0x787fe407836d	310	0xb8556	0x313169	0x31334b	+0x1e2	dispatch	0xcdac7	169	0x9af18	0x1e8	0xa5	0x151	0x99e0	0x99	0x2580	e801a5005101e09999008025faf2b3bb03cc5ae801979b477a218516bad00004	prefix_32_of_482	0x7afe7fef	0xce4d8465	0x727e02a8	0x7f3e7f7b	+0xcc07cd3	0x3a	0x3a
208	0x787fe407836d	169	0x9af18	0x31334b	0x3135b9	+0x26e	dispatch	0xcdac7	169	0x9af18	0xa5	0x1e8	0x40	0xa81d	0x99	0x620	a500e80140001da899002006e89ff41597541ce801ab9e2ac633af3ada4c1da9	prefix_32_of_622	0xce4d8465	0xc917a90d	0x7f3e7f7b	0xc917a90d	+0x49d92992	0x3a	0x3a
209	0x787fe407836d	169	0x9af18	0x3135b9	0x3137fc	+0x243	dispatch	0xcdac7	310	0xb8556	0x162	0x1e8	0x40	0xa2bd	0x99	0x1b17	6201e8014000bda29900171bab6f0801d4e8014ab2d76ef4e32006be862314d7	prefix_32_of_579	0xc917a90d	0x8df97560	0xc917a90d	0x694cb90f	-0x5fcaeffe	0x3a	0x3a
210	0x787fe407836d	310	0xb8556	0x3137fc	0x3139de	+0x1e2	dispatch	0xcdac7	310	0xb8556	0x1e8	0x162	0xa8	0x99	0xd0ce	0x339a	e8016201a8009900ced09a331c968809df4913e8013e1db47be2ab00a9a94eef	prefix_32_of_482	0x8df97560	0x4a612e32	0x694cb90f	0x5f8f8af3	-0x9bd2e1c	0x3a	0x3a
211	0x787fe407836d	310	0xb8556	0x3139de	0x313c4c	+0x26e	dispatch	0xcdac7	169	0x9af18	0x1e8	0xa5	0x154	0x12ac	0x99	0x6160	e801a5005401ac12990060615dd8ca85aa86fae801e80522b455bce3a77dd306	prefix_32_of_622	0x4a612e32	0x8f70318b	0x5f8f8af3	0xfbfb8b3c	+0x9c6c0049	0x3a	0x3a
212	0x787fe407836d	169	0x9af18	0x313c4c	0x313e8f	+0x243	dispatch	0xcdac7	169	0x9af18	0xab	0x1e8	0x14d	0xe973	0x99	0xe987	ab00e8014d0173e9990087e926178cfb71d638e8010b62f5e882fa050f99789a	prefix_32_of_579	0x8f70318b	0xfed1df96	0xfbfb8b3c	0x58a4dcd6	-0xa356ae66	0x3a	0x3a
213	0x787fe407836d	169	0x9af18	0x313e8f	0x314071	+0x1e2	dispatch	0xcdac7	169	0x9af18	0x162	0x1e8	0x9d	0xd4ff	0x99	0x3390	6201e8019d00ffd49900903337b623a8e5df73e8019798477690393ef22f9bcb	prefix_32_of_482	0xfed1df96	0x4ac60206	0x58a4dcd6	0x5ee7d2fb	+0x642f625	0x3a	0x3a
214	0x787fe407836d	169	0x9af18	0x314071	0x3142df	+0x26e	dispatch	0xcdac7	310	0xb8556	0x162	0x1e8	0xa8	0x99	0xd4b6	0x9fd6	6201e801a8009900b6d4d69fbcef4e5f09e8011cb697d66ed299928e413a85b4	prefix_32_of_622	0x4ac60206	0x861eb185	0x5ee7d2fb	0xdf95e7f4	+0x80ae14f9	0x3a	0x3a
215	0x787fe407836d	310	0xb8556	0x3142df	0x314522	+0x243	dispatch	0xcdac7	310	0xb8556	0x1e8	0xab	0xd7	0xa88	0xd888	0x227d	e801ab00d700880a88d87d220b07a29900b00ee801c9569798eedb0f85a424a2	prefix_32_of_579	0x861eb185	0x34a042ea	0xdf95e7f4	0x3ce04eeb	-0xa2b59909	0x3a	0x3a
216	0x787fe407836d	310	0xb8556	0x314522	0x314704	+0x1e2	dispatch	0xcdac7	310	0xb8556	0x1e8	0x162	0xcb	0x9a07	0x7635	0x1ca1	e8016201cb00079a3576a11c1587d000e463e6e801744fab006005408141e30a	prefix_32_of_482	0x34a042ea	0xfcdeff37	0x3ce04eeb	0xfcd60600	+0xbff5b715	0x3a	0x3a
217	0x787fe407836d	310	0xb8556	0x314704	0x314972	+0x26e	dispatch	0xcdac7	169	0x9af18	0x1e8	0x162	0x133	0x553a	0xc4b4	0x9913	e801620133013a55b4c41399000f9926d6e801b4c893293a145770293fba3bd7	prefix_32_of_622	0xfcdeff37	0xf8eeff37	0xfcd60600	0xf8e60910	-0x3effcf0	0x3a	0x3a
218	0x787fe407836d	169	0x9af18	0x314972	0x314bb5	+0x243	dispatch	0xcdac7	310	0xb8556	0xab	0x1e8	0x133	0xd3a	0x17b0	0x3590	ab00e80133013a0db017903576da52830d9d9ee801174b3aac16ab007e67bbcf	prefix_32_of_579	0xf8eeff37	0x62662dfb	0xf8e60910	0xbffcca14	-0x38e93efc	0x3a	0x3a
219	0x787fe407836d	310	0xb8556	0x314bb5	0x314d97	+0x1e2	dispatch	0xcdac7	169	0x9af18	0x1e8	0xa5	0x154	0xec4	0x99	0xdaa	e801a5005401c40e9900aa0d3e77f80828c29ae801209b1de1b283cc41d0003c	prefix_32_of_482	0x62662dfb	0xfadf7f2d	0xbffcca14	0xf21b0800	+0x321e3dec	0x3a	0x3a
220	0x787fe407836d	169	0x9af18	0x314d97	0x315005	+0x26e	dispatch	0xcdac7	310	0xb8556	0x162	0x1e8	0x154	0x1334	0x99	0x1060	6201e80154013413990060103a1468c6d70e38e801880ac47c15400b7ef3eb03	prefix_32_of_622	0xfadf7f2d	0xe34473c6	0xf21b0800	0xe74477c6	-0xad6903a	0x3a	0x3a
221	0x787fe407836d	310	0xb8556	0x315005	0x31522f	+0x22a	dispatch	0xcdac7	310	0xb8556	0x1e8	0xab	0x2b	0x7ded	0x99	0x9d3a	e801ab002b00ed7d99003a9daf99001ceee5a3e801abfa76d8093db434706b58	prefix_32_of_554	0xe34473c6	0x69b0303a	0xe74477c6	0x69145e5a	-0x7e30196c	0x3a	0x3a
222	0x787fe407836d	310	0xb8556	0x31522f	0x315486	+0x257	dispatch	0xcdac7	169	0x9af18	0x1e8	0xab	0xc7	0x4f47	0x2c3a	0xae89	e801ab00c700474f3a2c89ae01349650eb981ae801bbffdce71f77f3025db1c8	prefix_32_of_599	0x69b0303a	0x841ab3c5	0x69145e5a	0x841ab3c5	+0x1b06556b	0x3a	0x3a
223	0x787fe407836d	169	0x9af18	0x315486	0x3156ca	+0x244	dispatch	0xcdac7	169	0x9af18	0xa5	0x1e8	0x12	0x620	0xdc3a	0xfca3	a500e801120020063adca3fce00d85dd41f69ae801e0a76a83e8bb0003922025	prefix_32_of_580	0x841ab3c5	0xf613f930	0x841ab3c5	0x3ffce85e	-0x441dcb67	0x3a	0x3a
224	0x787fe407836d	169	0x9af18	0x3156ca	0x315969	+0x29f	dispatch	0xcdac7	169	0x9af18	0xab	0x1e8	0x9d	0xcf07	0x99	0xf9a4	ab00e8019d0007cf9900a4f90133438c86ac48e801f3e7ab00737721d5bfd52a	prefix_32_of_671	0xf613f930	0x2ab32381	0x3ffce85e	0x2af72783	-0x1505c0db	0x3a	0x3a
225	0x787fe407836d	169	0x9af18	0x315969	0x315bbf	+0x256	dispatch	0xcdac7	169	0x9af18	0xab	0x1e8	0x129	0x1e31	0x8ee1	0x6ea2	ab00e8012901311ee18ea26eeb88cf9ecf06bee8010aaba3094961d69865e9dc	prefix_32_of_598	0x2ab32381	0x6e5d9892	0x2af72783	0x4000d60c	+0x1509ae89	0x3a	0x3a
226	0x787fe407836d	169	0x9af18	0x315bbf	0x310ca5	-0x4f1a	dispatch	0xcdac7	310	0xb8556	0xab	0x1e8	0x10c	0x1c4a	0x63e6	0x5af	ab00e8010c014a1ce663af053cd2e4092be80199f5de2fb4dd1429a30a54917a	backedge_sample	0x6e5d9892	0x148226cc	0x4000d60c	0xffaffb65	+0xbfaf2559	0x3a	0x3a
227	0x787fe407836d	310	0xb8556	0x310ca5	0x310ef0	+0x24b	dispatch	0xcdac7	310	0xb8556	0x1e8	0xa5	0xcb	0x9ebf	0x7635	0x390	e801a500cb00bf9e35769003042ba8fcee6d9ce801f7d8ab009003dc5941168f	prefix_32_of_587	0x148226cc	0x14100010	0xffaffb65	0x3f0612b2	-0xc0a9e8b3	0x3a	0x3a
228	0x787fe407836d	310	0xb8556	0x310ef0	0x311163	+0x273	dispatch	0xcdac7	169	0x9af18	0x1e8	0x162	0x154	0xf7c	0x99	0x92e7	e801620154017c0f9900e792dc1375ac08b602e801bf8c2f019289f5a0fa7e69	prefix_32_of_627	0x14100010	0xc83095f0	0x3f0612b2	0x400110fe	+0xfafe4c	0x3a	0x3a
229	0x787fe407836d	169	0x9af18	0x311163	0x3113a5	+0x242	dispatch	0xcdac7	169	0x9af18	0xa5	0x1e8	0x10c	0x1c4a	0x67ae	0x6b6	a500e8010c014a1cae67b6063aa56428d9e80129f1186774139007d64940f679	prefix_32_of_578	0xc83095f0	0x7adeff2e	0x400110fe	0x78de0800	+0x38dcf702	0x3a	0x3a
230	0x787fe407836d	169	0x9af18	0x3113a5	0x3115e7	+0x242	dispatch	0xcdac7	310	0xb8556	0x162	0x1e8	0xbd	0x99	0xe914	0x26e8	6201e801bd00990014e9e826ba56639900de34e8017709ab00041dab006485b4	prefix_32_of_578	0x7adeff2e	0x2948	0x78de0800	0x2948	-0x78dddeb8	0x3a	0x3a
231	0x787fe407836d	310	0xb8556	0x3115e7	0x311829	+0x242	dispatch	0xcdac7	169	0x9af18	0x1e8	0xa5	0x9d	0xd56f	0x99	0xad8	e801a5009d006fd59900d80a53f58761012fcee8011603b240666e6e27e60d3a	prefix_32_of_578	0x2948	0x3acddfde	0x2948	0x585c5c02	+0x585c32ba	0x3a	0x3a
232	0x787fe407836d	169	0x9af18	0x311829	0x311a6b	+0x242	dispatch	0xcdac7	169	0x9af18	0xab	0x1e8	0x151	0x94f0	0x99	0xfcec	ab00e8015101f0949900ecfc8b0cd809e4e80111f8d746656b7dce813884ab00	prefix_32_of_578	0x3acddfde	0xef1b287	0x585c5c02	0x69145f5a	+0x10b80358	0x3a	0x3a
233	0x787fe407836d	169	0x9af18	0x311a6b	0x311cad	+0x242	dispatch	0xcdac7	310	0xb8556	0xa5	0x1e8	0x72	0x64cb	0xac8c	0x620	a500e8017200cb648cac200648efdaf5e0bf18e8015f2dab001a531a84d8ab00	prefix_32_of_578	0xef1b287	0x524c03c5	0x69145f5a	0x7df7dfda	+0x14e38080	0x3a	0x3a
234	0x787fe407836d	310	0xb8556	0x311cad	0x311f69	+0x2bc	dispatch	0xcdac7	310	0xb8556	0x1e8	0xa5	0x10c	0x1c4a	0x6c86	0x7438	e801a5000c014a1c866c38749900ba703aa3e6e801859db8ec9f9147b7bebdaa	prefix_32_of_700	0x524c03c5	0x8e78f1da	0x7df7dfda	0xeb377ffe	+0x6d3fa024	0x3a	0x3a
235	0x787fe407836d	310	0xb8556	0x311f69	0x31223a	+0x2d1	dispatch	0xcdac7	310	0xb8556	0x1e8	0xa5	0x14d	0xe523	0x99	0xe367	e801a5004d0123e5990067e332d17995c6459ee801880a70a4781ff2ff90977e	prefix_32_of_721	0x8e78f1da	0x8e4e0de5	0xeb377ffe	0x7bd7fefb	-0x6f5f8103	0x3a	0x3a
236	0x787fe407836d	310	0xb8556	0x31223a	0x312464	+0x22a	dispatch	0xcdac7	169	0x9af18	0x1e8	0xab	0x151	0x9568	0x99	0xae47	e801ab0051016895990047ae9900f3a03a2e3ae801d80a443786cf06c648acd7	prefix_32_of_554	0x8e4e0de5	0x347541db	0x7bd7fefb	0x69945ffa	-0x12439f01	0x3a	0x3a
237	0x787fe407836d	169	0x9af18	0x312464	0x31268e	+0x22a	dispatch	0xcdac7	310	0xb8556	0xab	0x1e8	0x42	0x97f9	0x8b3a	0x99da	ab00e8014200f9973a8bda99009a299900e801e4734b803a09b993007451ab00	prefix_32_of_554	0x347541db	0x5675bb90	0x69945ffa	0xffc76ef9	+0x96330eff	0x3a	0x3a
238	0x787fe407836d	310	0xb8556	0x31268e	0x312868	+0x1da	dispatch	0xcdac7	169	0x9af18	0x1e8	0x162	0x10c	0x1c4a	0x6576	0x4392	e80162010c014a1c76659243358b8809c82954e8014c0cab0058019c10f7f483	prefix_32_of_474	0x5675bb90	0x221c12	0xffc76ef9	0x3f06a742	-0xc0c0c7b7	0x3a	0x3a
239	0x787fe407836d	169	0x9af18	0x312868	0x312aee	+0x286	dispatch	0xcdac7	169	0x9af18	0xab	0x1e8	0x12	0x5e8	0xae3a	0xb4a5	ab00e8011200e8053aaea5b4a2606756d86000e801d80a90778a7301aa4f8cd8	prefix_32_of_646	0x221c12	0x8e3c0ca2	0x3f06a742	0x6f95fefa	+0x308f57b8	0x3a	0x3a
240	0x787fe407836d	169	0x9af18	0x312aee	0x312cd0	+0x1e2	dispatch	0xcdac7	169	0x9af18	0x162	0x1e8	0x9d	0xd4ff	0x99	0x3810	6201e8019d00ffd499001038377504acaadc9ee80188acfa117cde3f9f9f57fa	prefix_32_of_482	0x8e3c0ca2	0xfbf79ddb	0x6f95fefa	0xf9f3eb74	+0x8a5dec7a	0x3a	0x3a
241	0x787fe407836d	169	0x9af18	0x312cd0	0x312f26	+0x256	dispatch	0xcdac7	310	0xb8556	0x162	0x1e8	0xbd	0x99	0xe964	0x860	6201e801bd00990064e96008f0890e712b581de8014b1ac6d48406bceffeed89	prefix_32_of_598	0xfbf79ddb	0x4b8eb2de	0xf9f3eb74	0x7b1c5e5e	-0x7ed78d16	0x3a	0x3a
242	0x787fe407836d	310	0xb8556	0x312f26	0x313169	+0x243	dispatch	0xcdac7	310	0xb8556	0x1e8	0x162	0xb9	0xa483	0x543a	0xcd68	e8016201b90083a43a5468cdd0817305599acde80104b48b0ce80544a5607c99	prefix_32_of_579	0x4b8eb2de	0x7afe7fef	0x7b1c5e5e	0x727e02a8	-0x89e5bb6	0x3a	0x3a
243	0x787fe407836d	310	0xb8556	0x313169	0x31334b	+0x1e2	dispatch	0xcdac7	169	0x9af18	0x1e8	0xa5	0x151	0x99e0	0x99	0x2580	e801a5005101e09999008025faf2b3bb03cc5ae801979b477a218516bad00004	prefix_32_of_482	0x7afe7fef	0xce4d8465	0x727e02a8	0x7f3e7f7b	+0xcc07cd3	0x3a	0x3a
244	0x787fe407836d	169	0x9af18	0x31334b	0x3135b9	+0x26e	dispatch	0xcdac7	169	0x9af18	0xa5	0x1e8	0x40	0xa81d	0x99	0x620	a500e80140001da899002006e89ff41597541ce801ab9e2ac633af3ada4c1da9	prefix_32_of_622	0xce4d8465	0xc917a90d	0x7f3e7f7b	0xc917a90d	+0x49d92992	0x3a	0x3a
245	0x787fe407836d	169	0x9af18	0x3135b9	0x3137fc	+0x243	dispatch	0xcdac7	310	0xb8556	0x162	0x1e8	0x40	0xa2bd	0x99	0x1b17	6201e8014000bda29900171bab6f0801d4e8014ab2d76ef4e32006be862314d7	prefix_32_of_579	0xc917a90d	0x8df97560	0xc917a90d	0x694cb90f	-0x5fcaeffe	0x3a	0x3a
246	0x787fe407836d	310	0xb8556	0x3137fc	0x3139de	+0x1e2	dispatch	0xcdac7	310	0xb8556	0x1e8	0x162	0xa8	0x99	0xd0ce	0x339a	e8016201a8009900ced09a331c968809df4913e8013e1db47be2ab00a9a94eef	prefix_32_of_482	0x8df97560	0x4a612e32	0x694cb90f	0x5f8f8af3	-0x9bd2e1c	0x3a	0x3a
247	0x787fe407836d	310	0xb8556	0x3139de	0x313c4c	+0x26e	dispatch	0xcdac7	169	0x9af18	0x1e8	0xa5	0x154	0x12ac	0x99	0x6160	e801a5005401ac12990060615dd8ca85aa86fae801e80522b455bce3a77dd306	prefix_32_of_622	0x4a612e32	0x8f70318b	0x5f8f8af3	0xfbfb8b3c	+0x9c6c0049	0x3a	0x3a
248	0x787fe407836d	169	0x9af18	0x313c4c	0x313e8f	+0x243	dispatch	0xcdac7	169	0x9af18	0xab	0x1e8	0x14d	0xe973	0x99	0xe987	ab00e8014d0173e9990087e926178cfb71d638e8010b62f5e882fa050f99789a	prefix_32_of_579	0x8f70318b	0xfed1df96	0xfbfb8b3c	0x58a4dcd6	-0xa356ae66	0x3a	0x3a
249	0x787fe407836d	169	0x9af18	0x313e8f	0x314071	+0x1e2	dispatch	0xcdac7	169	0x9af18	0x162	0x1e8	0x9d	0xd4ff	0x99	0x3390	6201e8019d00ffd49900903337b623a8e5df73e8019798477690393ef22f9bcb	prefix_32_of_482	0xfed1df96	0x4ac60206	0x58a4dcd6	0x5ee7d2fb	+0x642f625	0x3a	0x3a
250	0x787fe407836d	169	0x9af18	0x314071	0x3142df	+0x26e	dispatch	0xcdac7	310	0xb8556	0x162	0x1e8	0xa8	0x99	0xd4b6	0x9fd6	6201e801a8009900b6d4d69fbcef4e5f09e8011cb697d66ed299928e413a85b4	prefix_32_of_622	0x4ac60206	0x861eb185	0x5ee7d2fb	0xdf95e7f4	+0x80ae14f9	0x3a	0x3a
251	0x787fe407836d	310	0xb8556	0x3142df	0x314522	+0x243	dispatch	0xcdac7	310	0xb8556	0x1e8	0xab	0xd7	0xa88	0xd888	0x227d	e801ab00d700880a88d87d220b07a29900b00ee801c9569798eedb0f85a424a2	prefix_32_of_579	0x861eb185	0x34a042ea	0xdf95e7f4	0x3ce04eeb	-0xa2b59909	0x3a	0x3a
252	0x787fe407836d	310	0xb8556	0x314522	0x314704	+0x1e2	dispatch	0xcdac7	310	0xb8556	0x1e8	0x162	0xcb	0x9a07	0x7635	0x1ca1	e8016201cb00079a3576a11c1587d000e463e6e801744fab006005408141e30a	prefix_32_of_482	0x34a042ea	0xfcdeff37	0x3ce04eeb	0xfcd60600	+0xbff5b715	0x3a	0x3a
253	0x787fe407836d	310	0xb8556	0x314704	0x314972	+0x26e	dispatch	0xcdac7	169	0x9af18	0x1e8	0x162	0x133	0x553a	0xc4b4	0x9913	e801620133013a55b4c41399000f9926d6e801b4c893293a145770293fba3bd7	prefix_32_of_622	0xfcdeff37	0xf8eeff37	0xfcd60600	0xf8e60910	-0x3effcf0	0x3a	0x3a
254	0x787fe407836d	169	0x9af18	0x314972	0x314bb5	+0x243	dispatch	0xcdac7	310	0xb8556	0xab	0x1e8	0x133	0xd3a	0x17b0	0x3590	ab00e80133013a0db017903576da52830d9d9ee801174b3aac16ab007e67bbcf	prefix_32_of_579	0xf8eeff37	0x62662dfb	0xf8e60910	0xbffcca14	-0x38e93efc	0x3a	0x3a
255	0x787fe407836d	310	0xb8556	0x314bb5	0x314d97	+0x1e2	dispatch	0xcdac7	169	0x9af18	0x1e8	0xa5	0x154	0xec4	0x99	0xdaa	e801a5005401c40e9900aa0d3e77f80828c29ae801209b1de1b283cc41d0003c	prefix_32_of_482	0x62662dfb	0xfadf7f2d	0xbffcca14	0xf21b0800	+0x321e3dec	0x3a	0x3a
256	0x787fe407836d	169	0x9af18	0x314d97	0x315005	+0x26e	dispatch	0xcdac7	310	0xb8556	0x162	0x1e8	0x154	0x1334	0x99	0x1060	6201e80154013413990060103a1468c6d70e38e801880ac47c15400b7ef3eb03	prefix_32_of_622	0xfadf7f2d	0xe34473c6	0xf21b0800	0xe74477c6	-0xad6903a	0x3a	0x3a
257	0x787fe407836d	310	0xb8556	0x315005	0x31522f	+0x22a	dispatch	0xcdac7	310	0xb8556	0x1e8	0xab	0x2b	0x7ded	0x99	0x9d3a	e801ab002b00ed7d99003a9daf99001ceee5a3e801abfa76d8093db434706b58	prefix_32_of_554	0xe34473c6	0x69b0303a	0xe74477c6	0x69145e5a	-0x7e30196c	0x3a	0x3a
258	0x787fe407836d	310	0xb8556	0x31522f	0x315486	+0x257	dispatch	0xcdac7	169	0x9af18	0x1e8	0xab	0xc7	0x4f47	0x2c3a	0xae89	e801ab00c700474f3a2c89ae01349650eb981ae801bbffdce71f77f3025db1c8	prefix_32_of_599	0x69b0303a	0x841ab3c5	0x69145e5a	0x841ab3c5	+0x1b06556b	0x3a	0x3a
259	0x787fe407836d	169	0x9af18	0x315486	0x3156ca	+0x244	dispatch	0xcdac7	169	0x9af18	0xa5	0x1e8	0x12	0x620	0xdc3a	0xfca3	a500e801120020063adca3fce00d85dd41f69ae801e0a76a83e8bb0003922025	prefix_32_of_580	0x841ab3c5	0xf613f930	0x841ab3c5	0x3ffce85e	-0x441dcb67	0x3a	0x3a
260	0x787fe407836d	169	0x9af18	0x3156ca	0x315969	+0x29f	dispatch	0xcdac7	169	0x9af18	0xab	0x1e8	0x9d	0xcf07	0x99	0xf9a4	ab00e8019d0007cf9900a4f90133438c86ac48e801f3e7ab00737721d5bfd52a	prefix_32_of_671	0xf613f930	0x2ab32381	0x3ffce85e	0x2af72783	-0x1505c0db	0x3a	0x3a
261	0x787fe407836d	169	0x9af18	0x315969	0x315bbf	+0x256	dispatch	0xcdac7	169	0x9af18	0xab	0x1e8	0x129	0x1e31	0x8ee1	0x6ea2	ab00e8012901311ee18ea26eeb88cf9ecf06bee8010aaba3094961d69865e9dc	prefix_32_of_598	0x2ab32381	0x6e5d9892	0x2af72783	0x4000d60c	+0x1509ae89	0x3a	0x3a
262	0x787fe407836d	169	0x9af18	0x315bbf	0x310ca5	-0x4f1a	dispatch	0xcdac7	310	0xb8556	0xab	0x1e8	0x10c	0x1c4a	0x63e6	0x5af	ab00e8010c014a1ce663af053cd2e4092be80199f5de2fb4dd1429a30a54917a	backedge_sample	0x6e5d9892	0x148226cc	0x4000d60c	0xffaffb65	+0xbfaf2559	0x3a	0x3a
263	0x787fe407836d	310	0xb8556	0x310ca5	0x310ef0	+0x24b	dispatch	0xcdac7	310	0xb8556	0x1e8	0xa5	0xcb	0x9ebf	0x7635	0x390	e801a500cb00bf9e35769003042ba8fcee6d9ce801f7d8ab009003dc5941168f	prefix_32_of_587	0x148226cc	0x14100010	0xffaffb65	0x3f0612b2	-0xc0a9e8b3	0x3a	0x3a
264	0x787fe407836d	310	0xb8556	0x310ef0	0x311163	+0x273	dispatch	0xcdac7	169	0x9af18	0x1e8	0x162	0x154	0xf7c	0x99	0x92e7	e801620154017c0f9900e792dc1375ac08b602e801bf8c2f019289f5a0fa7e69	prefix_32_of_627	0x14100010	0xc83095f0	0x3f0612b2	0x400110fe	+0xfafe4c	0x3a	0x3a
265	0x787fe407836d	169	0x9af18	0x311163	0x3113a5	+0x242	dispatch	0xcdac7	169	0x9af18	0xa5	0x1e8	0x10c	0x1c4a	0x67ae	0x6b6	a500e8010c014a1cae67b6063aa56428d9e80129f1186774139007d64940f679	prefix_32_of_578	0xc83095f0	0x7adeff2e	0x400110fe	0x78de0800	+0x38dcf702	0x3a	0x3a
266	0x787fe407836d	169	0x9af18	0x3113a5	0x3115e7	+0x242	dispatch	0xcdac7	310	0xb8556	0x162	0x1e8	0xbd	0x99	0xe914	0x26e8	6201e801bd00990014e9e826ba56639900de34e8017709ab00041dab006485b4	prefix_32_of_578	0x7adeff2e	0x2948	0x78de0800	0x2948	-0x78dddeb8	0x3a	0x3a
267	0x787fe407836d	310	0xb8556	0x3115e7	0x311829	+0x242	dispatch	0xcdac7	169	0x9af18	0x1e8	0xa5	0x9d	0xd56f	0x99	0xad8	e801a5009d006fd59900d80a53f58761012fcee8011603b240666e6e27e60d3a	prefix_32_of_578	0x2948	0x3acddfde	0x2948	0x585c5c02	+0x585c32ba	0x3a	0x3a
268	0x787fe407836d	169	0x9af18	0x311829	0x311a6b	+0x242	dispatch	0xcdac7	169	0x9af18	0xab	0x1e8	0x151	0x94f0	0x99	0xfcec	ab00e8015101f0949900ecfc8b0cd809e4e80111f8d746656b7dce813884ab00	prefix_32_of_578	0x3acddfde	0xef1b287	0x585c5c02	0x69145f5a	+0x10b80358	0x3a	0x3a
269	0x787fe407836d	169	0x9af18	0x311a6b	0x311cad	+0x242	dispatch	0xcdac7	310	0xb8556	0xa5	0x1e8	0x72	0x64cb	0xac8c	0x620	a500e8017200cb648cac200648efdaf5e0bf18e8015f2dab001a531a84d8ab00	prefix_32_of_578	0xef1b287	0x524c03c5	0x69145f5a	0x7df7dfda	+0x14e38080	0x3a	0x3a
270	0x787fe407836d	310	0xb8556	0x311cad	0x311f69	+0x2bc	dispatch	0xcdac7	310	0xb8556	0x1e8	0xa5	0x10c	0x1c4a	0x6c86	0x7438	e801a5000c014a1c866c38749900ba703aa3e6e801859db8ec9f9147b7bebdaa	prefix_32_of_700	0x524c03c5	0x8e78f1da	0x7df7dfda	0xeb377ffe	+0x6d3fa024	0x3a	0x3a
271	0x787fe407836d	310	0xb8556	0x311f69	0x31223a	+0x2d1	dispatch	0xcdac7	310	0xb8556	0x1e8	0xa5	0x14d	0xe523	0x99	0xe367	e801a5004d0123e5990067e332d17995c6459ee801880a70a4781ff2ff90977e	prefix_32_of_721	0x8e78f1da	0x8e4e0de5	0xeb377ffe	0x7bd7fefb	-0x6f5f8103	0x3a	0x3a
272	0x787fe407836d	310	0xb8556	0x31223a	0x312464	+0x22a	dispatch	0xcdac7	169	0x9af18	0x1e8	0xab	0x151	0x9568	0x99	0xae47	e801ab0051016895990047ae9900f3a03a2e3ae801d80a443786cf06c648acd7	prefix_32_of_554	0x8e4e0de5	0x347541db	0x7bd7fefb	0x69945ffa	-0x12439f01	0x3a	0x3a
273	0x787fe407836d	169	0x9af18	0x312464	0x31268e	+0x22a	dispatch	0xcdac7	310	0xb8556	0xab	0x1e8	0x42	0x97f9	0x8b3a	0x99da	ab00e8014200f9973a8bda99009a299900e801e4734b803a09b993007451ab00	prefix_32_of_554	0x347541db	0x5675bb90	0x69945ffa	0xffc76ef9	+0x96330eff	0x3a	0x3a
274	0x787fe407836d	310	0xb8556	0x31268e	0x312868	+0x1da	dispatch	0xcdac7	169	0x9af18	0x1e8	0x162	0x10c	0x1c4a	0x6576	0x4392	e80162010c014a1c76659243358b8809c82954e8014c0cab0058019c10f7f483	prefix_32_of_474	0x5675bb90	0x221c12	0xffc76ef9	0x3f06a742	-0xc0c0c7b7	0x3a	0x3a
275	0x787fe407836d	169	0x9af18	0x312868	0x312aee	+0x286	dispatch	0xcdac7	169	0x9af18	0xab	0x1e8	0x12	0x5e8	0xae3a	0xb4a5	ab00e8011200e8053aaea5b4a2606756d86000e801d80a90778a7301aa4f8cd8	prefix_32_of_646	0x221c12	0x8e3c0ca2	0x3f06a742	0x6f95fefa	+0x308f57b8	0x3a	0x3a
276	0x787fe407836d	169	0x9af18	0x312aee	0x312cd0	+0x1e2	dispatch	0xcdac7	169	0x9af18	0x162	0x1e8	0x9d	0xd4ff	0x99	0x3810	6201e8019d00ffd499001038377504acaadc9ee80188acfa117cde3f9f9f57fa	prefix_32_of_482	0x8e3c0ca2	0xfbf79ddb	0x6f95fefa	0xf9f3eb74	+0x8a5dec7a	0x3a	0x3a
277	0x787fe407836d	169	0x9af18	0x312cd0	0x312f26	+0x256	dispatch	0xcdac7	310	0xb8556	0x162	0x1e8	0xbd	0x99	0xe964	0x860	6201e801bd00990064e96008f0890e712b581de8014b1ac6d48406bceffeed89	prefix_32_of_598	0xfbf79ddb	0x4b8eb2de	0xf9f3eb74	0x7b1c5e5e	-0x7ed78d16	0x3a	0x3a
278	0x787fe407836d	310	0xb8556	0x312f26	0x313169	+0x243	dispatch	0xcdac7	310	0xb8556	0x1e8	0x162	0xb9	0xa483	0x543a	0xcd68	e8016201b90083a43a5468cdd0817305599acde80104b48b0ce80544a5607c99	prefix_32_of_579	0x4b8eb2de	0x7afe7fef	0x7b1c5e5e	0x727e02a8	-0x89e5bb6	0x3a	0x3a
279	0x787fe407836d	310	0xb8556	0x313169	0x31334b	+0x1e2	dispatch	0xcdac7	169	0x9af18	0x1e8	0xa5	0x151	0x99e0	0x99	0x2580	e801a5005101e09999008025faf2b3bb03cc5ae801979b477a218516bad00004	prefix_32_of_482	0x7afe7fef	0xce4d8465	0x727e02a8	0x7f3e7f7b	+0xcc07cd3	0x3a	0x3a
280	0x787fe407836d	169	0x9af18	0x31334b	0x3135b9	+0x26e	dispatch	0xcdac7	169	0x9af18	0xa5	0x1e8	0x40	0xa81d	0x99	0x620	a500e80140001da899002006e89ff41597541ce801ab9e2ac633af3ada4c1da9	prefix_32_of_622	0xce4d8465	0xc917a90d	0x7f3e7f7b	0xc917a90d	+0x49d92992	0x3a	0x3a
281	0x787fe407836d	169	0x9af18	0x3135b9	0x3137fc	+0x243	dispatch	0xcdac7	310	0xb8556	0x162	0x1e8	0x40	0xa2bd	0x99	0x1b17	6201e8014000bda29900171bab6f0801d4e8014ab2d76ef4e32006be862314d7	prefix_32_of_579	0xc917a90d	0x8df97560	0xc917a90d	0x694cb90f	-0x5fcaeffe	0x3a	0x3a
282	0x787fe407836d	310	0xb8556	0x3137fc	0x3139de	+0x1e2	dispatch	0xcdac7	310	0xb8556	0x1e8	0x162	0xa8	0x99	0xd0ce	0x339a	e8016201a8009900ced09a331c968809df4913e8013e1db47be2ab00a9a94eef	prefix_32_of_482	0x8df97560	0x4a612e32	0x694cb90f	0x5f8f8af3	-0x9bd2e1c	0x3a	0x3a
283	0x787fe407836d	310	0xb8556	0x3139de	0x313c4c	+0x26e	dispatch	0xcdac7	169	0x9af18	0x1e8	0xa5	0x154	0x12ac	0x99	0x6160	e801a5005401ac12990060615dd8ca85aa86fae801e80522b455bce3a77dd306	prefix_32_of_622	0x4a612e32	0x8f70318b	0x5f8f8af3	0xfbfb8b3c	+0x9c6c0049	0x3a	0x3a
284	0x787fe407836d	169	0x9af18	0x313c4c	0x313e8f	+0x243	dispatch	0xcdac7	169	0x9af18	0xab	0x1e8	0x14d	0xe973	0x99	0xe987	ab00e8014d0173e9990087e926178cfb71d638e8010b62f5e882fa050f99789a	prefix_32_of_579	0x8f70318b	0xfed1df96	0xfbfb8b3c	0x58a4dcd6	-0xa356ae66	0x3a	0x3a
285	0x787fe407836d	169	0x9af18	0x313e8f	0x314071	+0x1e2	dispatch	0xcdac7	169	0x9af18	0x162	0x1e8	0x9d	0xd4ff	0x99	0x3390	6201e8019d00ffd49900903337b623a8e5df73e8019798477690393ef22f9bcb	prefix_32_of_482	0xfed1df96	0x4ac60206	0x58a4dcd6	0x5ee7d2fb	+0x642f625	0x3a	0x3a
286	0x787fe407836d	169	0x9af18	0x314071	0x3142df	+0x26e	dispatch	0xcdac7	310	0xb8556	0x162	0x1e8	0xa8	0x99	0xd4b6	0x9fd6	6201e801a8009900b6d4d69fbcef4e5f09e8011cb697d66ed299928e413a85b4	prefix_32_of_622	0x4ac60206	0x861eb185	0x5ee7d2fb	0xdf95e7f4	+0x80ae14f9	0x3a	0x3a
287	0x787fe407836d	310	0xb8556	0x3142df	0x314522	+0x243	dispatch	0xcdac7	310	0xb8556	0x1e8	0xab	0xd7	0xa88	0xd888	0x227d	e801ab00d700880a88d87d220b07a29900b00ee801c9569798eedb0f85a424a2	prefix_32_of_579	0x861eb185	0x34a042ea	0xdf95e7f4	0x3ce04eeb	-0xa2b59909	0x3a	0x3a
288	0x787fe407836d	310	0xb8556	0x314522	0x314704	+0x1e2	dispatch	0xcdac7	310	0xb8556	0x1e8	0x162	0xcb	0x9a07	0x7635	0x1ca1	e8016201cb00079a3576a11c1587d000e463e6e801744fab006005408141e30a	prefix_32_of_482	0x34a042ea	0xfcdeff37	0x3ce04eeb	0xfcd60600	+0xbff5b715	0x3a	0x3a
289	0x787fe407836d	310	0xb8556	0x314704	0x314972	+0x26e	dispatch	0xcdac7	169	0x9af18	0x1e8	0x162	0x133	0x553a	0xc4b4	0x9913	e801620133013a55b4c41399000f9926d6e801b4c893293a145770293fba3bd7	prefix_32_of_622	0xfcdeff37	0xf8eeff37	0xfcd60600	0xf8e60910	-0x3effcf0	0x3a	0x3a
290	0x787fe407836d	169	0x9af18	0x314972	0x314bb5	+0x243	dispatch	0xcdac7	310	0xb8556	0xab	0x1e8	0x133	0xd3a	0x17b0	0x3590	ab00e80133013a0db017903576da52830d9d9ee801174b3aac16ab007e67bbcf	prefix_32_of_579	0xf8eeff37	0x62662dfb	0xf8e60910	0xbffcca14	-0x38e93efc	0x3a	0x3a
291	0x787fe407836d	310	0xb8556	0x314bb5	0x314d97	+0x1e2	dispatch	0xcdac7	169	0x9af18	0x1e8	0xa5	0x154	0xec4	0x99	0xdaa	e801a5005401c40e9900aa0d3e77f80828c29ae801209b1de1b283cc41d0003c	prefix_32_of_482	0x62662dfb	0xfadf7f2d	0xbffcca14	0xf21b0800	+0x321e3dec	0x3a	0x3a
292	0x787fe407836d	169	0x9af18	0x314d97	0x315005	+0x26e	dispatch	0xcdac7	310	0xb8556	0x162	0x1e8	0x154	0x1334	0x99	0x1060	6201e80154013413990060103a1468c6d70e38e801880ac47c15400b7ef3eb03	prefix_32_of_622	0xfadf7f2d	0xe34473c6	0xf21b0800	0xe74477c6	-0xad6903a	0x3a	0x3a
293	0x787fe407836d	310	0xb8556	0x315005	0x31522f	+0x22a	dispatch	0xcdac7	310	0xb8556	0x1e8	0xab	0x2b	0x7ded	0x99	0x9d3a	e801ab002b00ed7d99003a9daf99001ceee5a3e801abfa76d8093db434706b58	prefix_32_of_554	0xe34473c6	0x69b0303a	0xe74477c6	0x69145e5a	-0x7e30196c	0x3a	0x3a
294	0x787fe407836d	310	0xb8556	0x31522f	0x315486	+0x257	dispatch	0xcdac7	169	0x9af18	0x1e8	0xab	0xc7	0x4f47	0x2c3a	0xae89	e801ab00c700474f3a2c89ae01349650eb981ae801bbffdce71f77f3025db1c8	prefix_32_of_599	0x69b0303a	0x841ab3c5	0x69145e5a	0x841ab3c5	+0x1b06556b	0x3a	0x3a
295	0x787fe407836d	169	0x9af18	0x315486	0x3156ca	+0x244	dispatch	0xcdac7	169	0x9af18	0xa5	0x1e8	0x12	0x620	0xdc3a	0xfca3	a500e801120020063adca3fce00d85dd41f69ae801e0a76a83e8bb0003922025	prefix_32_of_580	0x841ab3c5	0xf613f930	0x841ab3c5	0x3ffce85e	-0x441dcb67	0x3a	0x3a
296	0x787fe407836d	169	0x9af18	0x3156ca	0x315969	+0x29f	dispatch	0xcdac7	169	0x9af18	0xab	0x1e8	0x9d	0xcf07	0x99	0xf9a4	ab00e8019d0007cf9900a4f90133438c86ac48e801f3e7ab00737721d5bfd52a	prefix_32_of_671	0xf613f930	0x2ab32381	0x3ffce85e	0x2af72783	-0x1505c0db	0x3a	0x3a
297	0x787fe407836d	169	0x9af18	0x315969	0x315bbf	+0x256	dispatch	0xcdac7	169	0x9af18	0xab	0x1e8	0x129	0x1e31	0x8ee1	0x6ea2	ab00e8012901311ee18ea26eeb88cf9ecf06bee8010aaba3094961d69865e9dc	prefix_32_of_598	0x2ab32381	0x6e5d9892	0x2af72783	0x4000d60c	+0x1509ae89	0x3a	0x3a
298	0x787fe407836d	169	0x9af18	0x315bbf	0x310ca5	-0x4f1a	dispatch	0xcdac7	310	0xb8556	0xab	0x1e8	0x10c	0x1c4a	0x63e6	0x5af	ab00e8010c014a1ce663af053cd2e4092be80199f5de2fb4dd1429a30a54917a	backedge_sample	0x6e5d9892	0x148226cc	0x4000d60c	0xffaffb65	+0xbfaf2559	0x3a	0x3a
299	0x787fe407836d	310	0xb8556	0x310ca5	0x310ef0	+0x24b	dispatch	0xcdac7	310	0xb8556	0x1e8	0xa5	0xcb	0x9ebf	0x7635	0x390	e801a500cb00bf9e35769003042ba8fcee6d9ce801f7d8ab009003dc5941168f	prefix_32_of_587	0x148226cc	0x14100010	0xffaffb65	0x3f0612b2	-0xc0a9e8b3	0x3a	0x3a
300	0x787fe407836d	310	0xb8556	0x310ef0	0x311163	+0x273	dispatch	0xcdac7	169	0x9af18	0x1e8	0x162	0x154	0xf7c	0x99	0x92e7	e801620154017c0f9900e792dc1375ac08b602e801bf8c2f019289f5a0fa7e69	prefix_32_of_627	0x14100010	0xc83095f0	0x3f0612b2	0x400110fe	+0xfafe4c	0x3a	0x3a
301	0x787fe407836d	169	0x9af18	0x311163	0x3113a5	+0x242	dispatch	0xcdac7	169	0x9af18	0xa5	0x1e8	0x10c	0x1c4a	0x67ae	0x6b6	a500e8010c014a1cae67b6063aa56428d9e80129f1186774139007d64940f679	prefix_32_of_578	0xc83095f0	0x7adeff2e	0x400110fe	0x78de0800	+0x38dcf702	0x3a	0x3a
302	0x787fe407836d	169	0x9af18	0x3113a5	0x3115e7	+0x242	dispatch	0xcdac7	310	0xb8556	0x162	0x1e8	0xbd	0x99	0xe914	0x26e8	6201e801bd00990014e9e826ba56639900de34e8017709ab00041dab006485b4	prefix_32_of_578	0x7adeff2e	0x2948	0x78de0800	0x2948	-0x78dddeb8	0x3a	0x3a
303	0x787fe407836d	310	0xb8556	0x3115e7	0x311829	+0x242	dispatch	0xcdac7	169	0x9af18	0x1e8	0xa5	0x9d	0xd56f	0x99	0xad8	e801a5009d006fd59900d80a53f58761012fcee8011603b240666e6e27e60d3a	prefix_32_of_578	0x2948	0x3acddfde	0x2948	0x585c5c02	+0x585c32ba	0x3a	0x3a
304	0x787fe407836d	169	0x9af18	0x311829	0x311a6b	+0x242	dispatch	0xcdac7	169	0x9af18	0xab	0x1e8	0x151	0x94f0	0x99	0xfcec	ab00e8015101f0949900ecfc8b0cd809e4e80111f8d746656b7dce813884ab00	prefix_32_of_578	0x3acddfde	0xef1b287	0x585c5c02	0x69145f5a	+0x10b80358	0x3a	0x3a
305	0x787fe407836d	169	0x9af18	0x311a6b	0x311cad	+0x242	dispatch	0xcdac7	310	0xb8556	0xa5	0x1e8	0x72	0x64cb	0xac8c	0x620	a500e8017200cb648cac200648efdaf5e0bf18e8015f2dab001a531a84d8ab00	prefix_32_of_578	0xef1b287	0x524c03c5	0x69145f5a	0x7df7dfda	+0x14e38080	0x3a	0x3a
306	0x787fe407836d	310	0xb8556	0x311cad	0x311f69	+0x2bc	dispatch	0xcdac7	310	0xb8556	0x1e8	0xa5	0x10c	0x1c4a	0x6c86	0x7438	e801a5000c014a1c866c38749900ba703aa3e6e801859db8ec9f9147b7bebdaa	prefix_32_of_700	0x524c03c5	0x8e78f1da	0x7df7dfda	0xeb377ffe	+0x6d3fa024	0x3a	0x3a
307	0x787fe407836d	310	0xb8556	0x311f69	0x31223a	+0x2d1	dispatch	0xcdac7	310	0xb8556	0x1e8	0xa5	0x14d	0xe523	0x99	0xe367	e801a5004d0123e5990067e332d17995c6459ee801880a70a4781ff2ff90977e	prefix_32_of_721	0x8e78f1da	0x8e4e0de5	0xeb377ffe	0x7bd7fefb	-0x6f5f8103	0x3a	0x3a
308	0x787fe407836d	310	0xb8556	0x31223a	0x312464	+0x22a	dispatch	0xcdac7	169	0x9af18	0x1e8	0xab	0x151	0x9568	0x99	0xae47	e801ab0051016895990047ae9900f3a03a2e3ae801d80a443786cf06c648acd7	prefix_32_of_554	0x8e4e0de5	0x347541db	0x7bd7fefb	0x69945ffa	-0x12439f01	0x3a	0x3a
309	0x787fe407836d	169	0x9af18	0x312464	0x31268e	+0x22a	dispatch	0xcdac7	310	0xb8556	0xab	0x1e8	0x42	0x97f9	0x8b3a	0x99da	ab00e8014200f9973a8bda99009a299900e801e4734b803a09b993007451ab00	prefix_32_of_554	0x347541db	0x5675bb90	0x69945ffa	0xffc76ef9	+0x96330eff	0x3a	0x3a
310	0x787fe407836d	310	0xb8556	0x31268e	0x312868	+0x1da	dispatch	0xcdac7	169	0x9af18	0x1e8	0x162	0x10c	0x1c4a	0x6576	0x4392	e80162010c014a1c76659243358b8809c82954e8014c0cab0058019c10f7f483	prefix_32_of_474	0x5675bb90	0x221c12	0xffc76ef9	0x3f06a742	-0xc0c0c7b7	0x3a	0x3a
311	0x787fe407836d	169	0x9af18	0x312868	0x312aee	+0x286	dispatch	0xcdac7	169	0x9af18	0xab	0x1e8	0x12	0x5e8	0xae3a	0xb4a5	ab00e8011200e8053aaea5b4a2606756d86000e801d80a90778a7301aa4f8cd8	prefix_32_of_646	0x221c12	0x8e3c0ca2	0x3f06a742	0x6f95fefa	+0x308f57b8	0x3a	0x3a
312	0x787fe407836d	169	0x9af18	0x312aee	0x312cd0	+0x1e2	dispatch	0xcdac7	169	0x9af18	0x162	0x1e8	0x9d	0xd4ff	0x99	0x3810	6201e8019d00ffd499001038377504acaadc9ee80188acfa117cde3f9f9f57fa	prefix_32_of_482	0x8e3c0ca2	0xfbf79ddb	0x6f95fefa	0xf9f3eb74	+0x8a5dec7a	0x3a	0x3a
313	0x787fe407836d	169	0x9af18	0x312cd0	0x312f26	+0x256	dispatch	0xcdac7	310	0xb8556	0x162	0x1e8	0xbd	0x99	0xe964	0x860	6201e801bd00990064e96008f0890e712b581de8014b1ac6d48406bceffeed89	prefix_32_of_598	0xfbf79ddb	0x4b8eb2de	0xf9f3eb74	0x7b1c5e5e	-0x7ed78d16	0x3a	0x3a
314	0x787fe407836d	310	0xb8556	0x312f26	0x313169	+0x243	dispatch	0xcdac7	310	0xb8556	0x1e8	0x162	0xb9	0xa483	0x543a	0xcd68	e8016201b90083a43a5468cdd0817305599acde80104b48b0ce80544a5607c99	prefix_32_of_579	0x4b8eb2de	0x7afe7fef	0x7b1c5e5e	0x727e02a8	-0x89e5bb6	0x3a	0x3a
315	0x787fe407836d	310	0xb8556	0x313169	0x31334b	+0x1e2	dispatch	0xcdac7	169	0x9af18	0x1e8	0xa5	0x151	0x99e0	0x99	0x2580	e801a5005101e09999008025faf2b3bb03cc5ae801979b477a218516bad00004	prefix_32_of_482	0x7afe7fef	0xce4d8465	0x727e02a8	0x7f3e7f7b	+0xcc07cd3	0x3a	0x3a
316	0x787fe407836d	169	0x9af18	0x31334b	0x3135b9	+0x26e	dispatch	0xcdac7	169	0x9af18	0xa5	0x1e8	0x40	0xa81d	0x99	0x620	a500e80140001da899002006e89ff41597541ce801ab9e2ac633af3ada4c1da9	prefix_32_of_622	0xce4d8465	0xc917a90d	0x7f3e7f7b	0xc917a90d	+0x49d92992	0x3a	0x3a
317	0x787fe407836d	169	0x9af18	0x3135b9	0x3137fc	+0x243	dispatch	0xcdac7	310	0xb8556	0x162	0x1e8	0x40	0xa2bd	0x99	0x1b17	6201e8014000bda29900171bab6f0801d4e8014ab2d76ef4e32006be862314d7	prefix_32_of_579	0xc917a90d	0x8df97560	0xc917a90d	0x694cb90f	-0x5fcaeffe	0x3a	0x3a
318	0x787fe407836d	310	0xb8556	0x3137fc	0x3139de	+0x1e2	dispatch	0xcdac7	310	0xb8556	0x1e8	0x162	0xa8	0x99	0xd0ce	0x339a	e8016201a8009900ced09a331c968809df4913e8013e1db47be2ab00a9a94eef	prefix_32_of_482	0x8df97560	0x4a612e32	0x694cb90f	0x5f8f8af3	-0x9bd2e1c	0x3a	0x3a
319	0x787fe407836d	310	0xb8556	0x3139de	0x313c4c	+0x26e	dispatch	0xcdac7	169	0x9af18	0x1e8	0xa5	0x154	0x12ac	0x99	0x6160	e801a5005401ac12990060615dd8ca85aa86fae801e80522b455bce3a77dd306	prefix_32_of_622	0x4a612e32	0x8f70318b	0x5f8f8af3	0xfbfb8b3c	+0x9c6c0049	0x3a	0x3a
320	0x787fe407836d	169	0x9af18	0x313c4c	0x313e8f	+0x243	dispatch	0xcdac7	169	0x9af18	0xab	0x1e8	0x14d	0xe973	0x99	0xe987	ab00e8014d0173e9990087e926178cfb71d638e8010b62f5e882fa050f99789a	prefix_32_of_579	0x8f70318b	0xfed1df96	0xfbfb8b3c	0x58a4dcd6	-0xa356ae66	0x3a	0x3a
321	0x787fe407836d	169	0x9af18	0x313e8f	0x314071	+0x1e2	dispatch	0xcdac7	169	0x9af18	0x162	0x1e8	0x9d	0xd4ff	0x99	0x3390	6201e8019d00ffd49900903337b623a8e5df73e8019798477690393ef22f9bcb	prefix_32_of_482	0xfed1df96	0x4ac60206	0x58a4dcd6	0x5ee7d2fb	+0x642f625	0x3a	0x3a
322	0x787fe407836d	169	0x9af18	0x314071	0x3142df	+0x26e	dispatch	0xcdac7	310	0xb8556	0x162	0x1e8	0xa8	0x99	0xd4b6	0x9fd6	6201e801a8009900b6d4d69fbcef4e5f09e8011cb697d66ed299928e413a85b4	prefix_32_of_622	0x4ac60206	0x861eb185	0x5ee7d2fb	0xdf95e7f4	+0x80ae14f9	0x3a	0x3a
323	0x787fe407836d	310	0xb8556	0x3142df	0x314522	+0x243	dispatch	0xcdac7	310	0xb8556	0x1e8	0xab	0xd7	0xa88	0xd888	0x227d	e801ab00d700880a88d87d220b07a29900b00ee801c9569798eedb0f85a424a2	prefix_32_of_579	0x861eb185	0x34a042ea	0xdf95e7f4	0x3ce04eeb	-0xa2b59909	0x3a	0x3a
324	0x787fe407836d	310	0xb8556	0x314522	0x314704	+0x1e2	dispatch	0xcdac7	310	0xb8556	0x1e8	0x162	0xcb	0x9a07	0x7635	0x1ca1	e8016201cb00079a3576a11c1587d000e463e6e801744fab006005408141e30a	prefix_32_of_482	0x34a042ea	0xfcdeff37	0x3ce04eeb	0xfcd60600	+0xbff5b715	0x3a	0x3a
325	0x787fe407836d	310	0xb8556	0x314704	0x314972	+0x26e	dispatch	0xcdac7	169	0x9af18	0x1e8	0x162	0x133	0x553a	0xc4b4	0x9913	e801620133013a55b4c41399000f9926d6e801b4c893293a145770293fba3bd7	prefix_32_of_622	0xfcdeff37	0xf8eeff37	0xfcd60600	0xf8e60910	-0x3effcf0	0x3a	0x3a
326	0x787fe407836d	169	0x9af18	0x314972	0x314bb5	+0x243	dispatch	0xcdac7	310	0xb8556	0xab	0x1e8	0x133	0xd3a	0x17b0	0x3590	ab00e80133013a0db017903576da52830d9d9ee801174b3aac16ab007e67bbcf	prefix_32_of_579	0xf8eeff37	0x62662dfb	0xf8e60910	0xbffcca14	-0x38e93efc	0x3a	0x3a
327	0x787fe407836d	310	0xb8556	0x314bb5	0x314d97	+0x1e2	dispatch	0xcdac7	169	0x9af18	0x1e8	0xa5	0x154	0xec4	0x99	0xdaa	e801a5005401c40e9900aa0d3e77f80828c29ae801209b1de1b283cc41d0003c	prefix_32_of_482	0x62662dfb	0xfadf7f2d	0xbffcca14	0xf21b0800	+0x321e3dec	0x3a	0x3a
328	0x787fe407836d	169	0x9af18	0x314d97	0x315005	+0x26e	dispatch	0xcdac7	310	0xb8556	0x162	0x1e8	0x154	0x1334	0x99	0x1060	6201e80154013413990060103a1468c6d70e38e801880ac47c15400b7ef3eb03	prefix_32_of_622	0xfadf7f2d	0xe34473c6	0xf21b0800	0xe74477c6	-0xad6903a	0x3a	0x3a
329	0x787fe407836d	310	0xb8556	0x315005	0x31522f	+0x22a	dispatch	0xcdac7	310	0xb8556	0x1e8	0xab	0x2b	0x7ded	0x99	0x9d3a	e801ab002b00ed7d99003a9daf99001ceee5a3e801abfa76d8093db434706b58	prefix_32_of_554	0xe34473c6	0x69b0303a	0xe74477c6	0x69145e5a	-0x7e30196c	0x3a	0x3a
330	0x787fe407836d	310	0xb8556	0x31522f	0x315486	+0x257	dispatch	0xcdac7	169	0x9af18	0x1e8	0xab	0xc7	0x4f47	0x2c3a	0xae89	e801ab00c700474f3a2c89ae01349650eb981ae801bbffdce71f77f3025db1c8	prefix_32_of_599	0x69b0303a	0x841ab3c5	0x69145e5a	0x841ab3c5	+0x1b06556b	0x3a	0x3a
331	0x787fe407836d	169	0x9af18	0x315486	0x3156ca	+0x244	dispatch	0xcdac7	169	0x9af18	0xa5	0x1e8	0x12	0x620	0xdc3a	0xfca3	a500e801120020063adca3fce00d85dd41f69ae801e0a76a83e8bb0003922025	prefix_32_of_580	0x841ab3c5	0xf613f930	0x841ab3c5	0x3ffce85e	-0x441dcb67	0x3a	0x3a
332	0x787fe407836d	169	0x9af18	0x3156ca	0x315969	+0x29f	dispatch	0xcdac7	169	0x9af18	0xab	0x1e8	0x9d	0xcf07	0x99	0xf9a4	ab00e8019d0007cf9900a4f90133438c86ac48e801f3e7ab00737721d5bfd52a	prefix_32_of_671	0xf613f930	0x2ab32381	0x3ffce85e	0x2af72783	-0x1505c0db	0x3a	0x3a
333	0x787fe407836d	169	0x9af18	0x315969	0x315bbf	+0x256	dispatch	0xcdac7	169	0x9af18	0xab	0x1e8	0x129	0x1e31	0x8ee1	0x6ea2	ab00e8012901311ee18ea26eeb88cf9ecf06bee8010aaba3094961d69865e9dc	prefix_32_of_598	0x2ab32381	0x6e5d9892	0x2af72783	0x4000d60c	+0x1509ae89	0x3a	0x3a
334	0x787fe407836d	169	0x9af18	0x315bbf	0x310ca5	-0x4f1a	dispatch	0xcdac7	310	0xb8556	0xab	0x1e8	0x10c	0x1c4a	0x63e6	0x5af	ab00e8010c014a1ce663af053cd2e4092be80199f5de2fb4dd1429a30a54917a	backedge_sample	0x6e5d9892	0x148226cc	0x4000d60c	0xffaffb65	+0xbfaf2559	0x3a	0x3a
335	0x787fe407836d	310	0xb8556	0x310ca5	0x310ef0	+0x24b	dispatch	0xcdac7	310	0xb8556	0x1e8	0xa5	0xcb	0x9ebf	0x7635	0x390	e801a500cb00bf9e35769003042ba8fcee6d9ce801f7d8ab009003dc5941168f	prefix_32_of_587	0x148226cc	0x14100010	0xffaffb65	0x3f0612b2	-0xc0a9e8b3	0x3a	0x3a
336	0x787fe407836d	310	0xb8556	0x310ef0	0x311163	+0x273	dispatch	0xcdac7	169	0x9af18	0x1e8	0x162	0x154	0xf7c	0x99	0x92e7	e801620154017c0f9900e792dc1375ac08b602e801bf8c2f019289f5a0fa7e69	prefix_32_of_627	0x14100010	0xc83095f0	0x3f0612b2	0x400110fe	+0xfafe4c	0x3a	0x3a
337	0x787fe407836d	169	0x9af18	0x311163	0x3113a5	+0x242	dispatch	0xcdac7	169	0x9af18	0xa5	0x1e8	0x10c	0x1c4a	0x67ae	0x6b6	a500e8010c014a1cae67b6063aa56428d9e80129f1186774139007d64940f679	prefix_32_of_578	0xc83095f0	0x7adeff2e	0x400110fe	0x78de0800	+0x38dcf702	0x3a	0x3a
338	0x787fe407836d	169	0x9af18	0x3113a5	0x3115e7	+0x242	dispatch	0xcdac7	310	0xb8556	0x162	0x1e8	0xbd	0x99	0xe914	0x26e8	6201e801bd00990014e9e826ba56639900de34e8017709ab00041dab006485b4	prefix_32_of_578	0x7adeff2e	0x2948	0x78de0800	0x2948	-0x78dddeb8	0x3a	0x3a
339	0x787fe407836d	310	0xb8556	0x3115e7	0x311829	+0x242	dispatch	0xcdac7	169	0x9af18	0x1e8	0xa5	0x9d	0xd56f	0x99	0xad8	e801a5009d006fd59900d80a53f58761012fcee8011603b240666e6e27e60d3a	prefix_32_of_578	0x2948	0x3acddfde	0x2948	0x585c5c02	+0x585c32ba	0x3a	0x3a
340	0x787fe407836d	169	0x9af18	0x311829	0x311a6b	+0x242	dispatch	0xcdac7	169	0x9af18	0xab	0x1e8	0x151	0x94f0	0x99	0xfcec	ab00e8015101f0949900ecfc8b0cd809e4e80111f8d746656b7dce813884ab00	prefix_32_of_578	0x3acddfde	0xef1b287	0x585c5c02	0x69145f5a	+0x10b80358	0x3a	0x3a
341	0x787fe407836d	169	0x9af18	0x311a6b	0x311cad	+0x242	dispatch	0xcdac7	310	0xb8556	0xa5	0x1e8	0x72	0x64cb	0xac8c	0x620	a500e8017200cb648cac200648efdaf5e0bf18e8015f2dab001a531a84d8ab00	prefix_32_of_578	0xef1b287	0x524c03c5	0x69145f5a	0x7df7dfda	+0x14e38080	0x3a	0x3a
342	0x787fe407836d	310	0xb8556	0x311cad	0x311f69	+0x2bc	dispatch	0xcdac7	310	0xb8556	0x1e8	0xa5	0x10c	0x1c4a	0x6c86	0x7438	e801a5000c014a1c866c38749900ba703aa3e6e801859db8ec9f9147b7bebdaa	prefix_32_of_700	0x524c03c5	0x8e78f1da	0x7df7dfda	0xeb377ffe	+0x6d3fa024	0x3a	0x3a
343	0x787fe407836d	310	0xb8556	0x311f69	0x31223a	+0x2d1	dispatch	0xcdac7	310	0xb8556	0x1e8	0xa5	0x14d	0xe523	0x99	0xe367	e801a5004d0123e5990067e332d17995c6459ee801880a70a4781ff2ff90977e	prefix_32_of_721	0x8e78f1da	0x8e4e0de5	0xeb377ffe	0x7bd7fefb	-0x6f5f8103	0x3a	0x3a
344	0x787fe407836d	310	0xb8556	0x31223a	0x312464	+0x22a	dispatch	0xcdac7	169	0x9af18	0x1e8	0xab	0x151	0x9568	0x99	0xae47	e801ab0051016895990047ae9900f3a03a2e3ae801d80a443786cf06c648acd7	prefix_32_of_554	0x8e4e0de5	0x347541db	0x7bd7fefb	0x69945ffa	-0x12439f01	0x3a	0x3a
345	0x787fe407836d	169	0x9af18	0x312464	0x31268e	+0x22a	dispatch	0xcdac7	310	0xb8556	0xab	0x1e8	0x42	0x97f9	0x8b3a	0x99da	ab00e8014200f9973a8bda99009a299900e801e4734b803a09b993007451ab00	prefix_32_of_554	0x347541db	0x5675bb90	0x69945ffa	0xffc76ef9	+0x96330eff	0x3a	0x3a
346	0x787fe407836d	310	0xb8556	0x31268e	0x312868	+0x1da	dispatch	0xcdac7	169	0x9af18	0x1e8	0x162	0x10c	0x1c4a	0x6576	0x4392	e80162010c014a1c76659243358b8809c82954e8014c0cab0058019c10f7f483	prefix_32_of_474	0x5675bb90	0x221c12	0xffc76ef9	0x3f06a742	-0xc0c0c7b7	0x3a	0x3a
347	0x787fe407836d	169	0x9af18	0x312868	0x312aee	+0x286	dispatch	0xcdac7	169	0x9af18	0xab	0x1e8	0x12	0x5e8	0xae3a	0xb4a5	ab00e8011200e8053aaea5b4a2606756d86000e801d80a90778a7301aa4f8cd8	prefix_32_of_646	0x221c12	0x8e3c0ca2	0x3f06a742	0x6f95fefa	+0x308f57b8	0x3a	0x3a
348	0x787fe407836d	169	0x9af18	0x312aee	0x312cd0	+0x1e2	dispatch	0xcdac7	169	0x9af18	0x162	0x1e8	0x9d	0xd4ff	0x99	0x3810	6201e8019d00ffd499001038377504acaadc9ee80188acfa117cde3f9f9f57fa	prefix_32_of_482	0x8e3c0ca2	0xfbf79ddb	0x6f95fefa	0xf9f3eb74	+0x8a5dec7a	0x3a	0x3a
349	0x787fe407836d	169	0x9af18	0x312cd0	0x312f26	+0x256	dispatch	0xcdac7	310	0xb8556	0x162	0x1e8	0xbd	0x99	0xe964	0x860	6201e801bd00990064e96008f0890e712b581de8014b1ac6d48406bceffeed89	prefix_32_of_598	0xfbf79ddb	0x4b8eb2de	0xf9f3eb74	0x7b1c5e5e	-0x7ed78d16	0x3a	0x3a
350	0x787fe407836d	310	0xb8556	0x312f26	0x313169	+0x243	dispatch	0xcdac7	310	0xb8556	0x1e8	0x162	0xb9	0xa483	0x543a	0xcd68	e8016201b90083a43a5468cdd0817305599acde80104b48b0ce80544a5607c99	prefix_32_of_579	0x4b8eb2de	0x7afe7fef	0x7b1c5e5e	0x727e02a8	-0x89e5bb6	0x3a	0x3a
351	0x787fe407836d	310	0xb8556	0x313169	0x31334b	+0x1e2	dispatch	0xcdac7	169	0x9af18	0x1e8	0xa5	0x151	0x99e0	0x99	0x2580	e801a5005101e09999008025faf2b3bb03cc5ae801979b477a218516bad00004	prefix_32_of_482	0x7afe7fef	0xce4d8465	0x727e02a8	0x7f3e7f7b	+0xcc07cd3	0x3a	0x3a
352	0x787fe407836d	169	0x9af18	0x31334b	0x3135b9	+0x26e	dispatch	0xcdac7	169	0x9af18	0xa5	0x1e8	0x40	0xa81d	0x99	0x620	a500e80140001da899002006e89ff41597541ce801ab9e2ac633af3ada4c1da9	prefix_32_of_622	0xce4d8465	0xc917a90d	0x7f3e7f7b	0xc917a90d	+0x49d92992	0x3a	0x3a
353	0x787fe407836d	169	0x9af18	0x3135b9	0x3137fc	+0x243	dispatch	0xcdac7	310	0xb8556	0x162	0x1e8	0x40	0xa2bd	0x99	0x1b17	6201e8014000bda29900171bab6f0801d4e8014ab2d76ef4e32006be862314d7	prefix_32_of_579	0xc917a90d	0x8df97560	0xc917a90d	0x694cb90f	-0x5fcaeffe	0x3a	0x3a
354	0x787fe407836d	310	0xb8556	0x3137fc	0x3139de	+0x1e2	dispatch	0xcdac7	310	0xb8556	0x1e8	0x162	0xa8	0x99	0xd0ce	0x339a	e8016201a8009900ced09a331c968809df4913e8013e1db47be2ab00a9a94eef	prefix_32_of_482	0x8df97560	0x4a612e32	0x694cb90f	0x5f8f8af3	-0x9bd2e1c	0x3a	0x3a
355	0x787fe407836d	310	0xb8556	0x3139de	0x313c4c	+0x26e	dispatch	0xcdac7	169	0x9af18	0x1e8	0xa5	0x154	0x12ac	0x99	0x6160	e801a5005401ac12990060615dd8ca85aa86fae801e80522b455bce3a77dd306	prefix_32_of_622	0x4a612e32	0x8f70318b	0x5f8f8af3	0xfbfb8b3c	+0x9c6c0049	0x3a	0x3a
356	0x787fe407836d	169	0x9af18	0x313c4c	0x313e8f	+0x243	dispatch	0xcdac7	169	0x9af18	0xab	0x1e8	0x14d	0xe973	0x99	0xe987	ab00e8014d0173e9990087e926178cfb71d638e8010b62f5e882fa050f99789a	prefix_32_of_579	0x8f70318b	0xfed1df96	0xfbfb8b3c	0x58a4dcd6	-0xa356ae66	0x3a	0x3a
357	0x787fe407836d	169	0x9af18	0x313e8f	0x314071	+0x1e2	dispatch	0xcdac7	169	0x9af18	0x162	0x1e8	0x9d	0xd4ff	0x99	0x3390	6201e8019d00ffd49900903337b623a8e5df73e8019798477690393ef22f9bcb	prefix_32_of_482	0xfed1df96	0x4ac60206	0x58a4dcd6	0x5ee7d2fb	+0x642f625	0x3a	0x3a
358	0x787fe407836d	169	0x9af18	0x314071	0x3142df	+0x26e	dispatch	0xcdac7	310	0xb8556	0x162	0x1e8	0xa8	0x99	0xd4b6	0x9fd6	6201e801a8009900b6d4d69fbcef4e5f09e8011cb697d66ed299928e413a85b4	prefix_32_of_622	0x4ac60206	0x861eb185	0x5ee7d2fb	0xdf95e7f4	+0x80ae14f9	0x3a	0x3a
359	0x787fe407836d	310	0xb8556	0x3142df	0x314522	+0x243	dispatch	0xcdac7	310	0xb8556	0x1e8	0xab	0xd7	0xa88	0xd888	0x227d	e801ab00d700880a88d87d220b07a29900b00ee801c9569798eedb0f85a424a2	prefix_32_of_579	0x861eb185	0x34a042ea	0xdf95e7f4	0x3ce04eeb	-0xa2b59909	0x3a	0x3a
360	0x787fe407836d	310	0xb8556	0x314522	0x314704	+0x1e2	dispatch	0xcdac7	310	0xb8556	0x1e8	0x162	0xcb	0x9a07	0x7635	0x1ca1	e8016201cb00079a3576a11c1587d000e463e6e801744fab006005408141e30a	prefix_32_of_482	0x34a042ea	0xfcdeff37	0x3ce04eeb	0xfcd60600	+0xbff5b715	0x3a	0x3a
361	0x787fe407836d	310	0xb8556	0x314704	0x314972	+0x26e	dispatch	0xcdac7	169	0x9af18	0x1e8	0x162	0x133	0x553a	0xc4b4	0x9913	e801620133013a55b4c41399000f9926d6e801b4c893293a145770293fba3bd7	prefix_32_of_622	0xfcdeff37	0xf8eeff37	0xfcd60600	0xf8e60910	-0x3effcf0	0x3a	0x3a
362	0x787fe407836d	169	0x9af18	0x314972	0x314bb5	+0x243	dispatch	0xcdac7	310	0xb8556	0xab	0x1e8	0x133	0xd3a	0x17b0	0x3590	ab00e80133013a0db017903576da52830d9d9ee801174b3aac16ab007e67bbcf	prefix_32_of_579	0xf8eeff37	0x62662dfb	0xf8e60910	0xbffcca14	-0x38e93efc	0x3a	0x3a
363	0x787fe407836d	310	0xb8556	0x314bb5	0x314d97	+0x1e2	dispatch	0xcdac7	169	0x9af18	0x1e8	0xa5	0x154	0xec4	0x99	0xdaa	e801a5005401c40e9900aa0d3e77f80828c29ae801209b1de1b283cc41d0003c	prefix_32_of_482	0x62662dfb	0xfadf7f2d	0xbffcca14	0xf21b0800	+0x321e3dec	0x3a	0x3a
364	0x787fe407836d	169	0x9af18	0x314d97	0x315005	+0x26e	dispatch	0xcdac7	310	0xb8556	0x162	0x1e8	0x154	0x1334	0x99	0x1060	6201e80154013413990060103a1468c6d70e38e801880ac47c15400b7ef3eb03	prefix_32_of_622	0xfadf7f2d	0xe34473c6	0xf21b0800	0xe74477c6	-0xad6903a	0x3a	0x3a
365	0x787fe407836d	310	0xb8556	0x315005	0x31522f	+0x22a	dispatch	0xcdac7	310	0xb8556	0x1e8	0xab	0x2b	0x7ded	0x99	0x9d3a	e801ab002b00ed7d99003a9daf99001ceee5a3e801abfa76d8093db434706b58	prefix_32_of_554	0xe34473c6	0x69b0303a	0xe74477c6	0x69145e5a	-0x7e30196c	0x3a	0x3a
366	0x787fe407836d	310	0xb8556	0x31522f	0x315486	+0x257	dispatch	0xcdac7	169	0x9af18	0x1e8	0xab	0xc7	0x4f47	0x2c3a	0xae89	e801ab00c700474f3a2c89ae01349650eb981ae801bbffdce71f77f3025db1c8	prefix_32_of_599	0x69b0303a	0x841ab3c5	0x69145e5a	0x841ab3c5	+0x1b06556b	0x3a	0x3a
367	0x787fe407836d	169	0x9af18	0x315486	0x3156ca	+0x244	dispatch	0xcdac7	169	0x9af18	0xa5	0x1e8	0x12	0x620	0xdc3a	0xfca3	a500e801120020063adca3fce00d85dd41f69ae801e0a76a83e8bb0003922025	prefix_32_of_580	0x841ab3c5	0xf613f930	0x841ab3c5	0x3ffce85e	-0x441dcb67	0x3a	0x3a
368	0x787fe407836d	169	0x9af18	0x3156ca	0x315969	+0x29f	dispatch	0xcdac7	169	0x9af18	0xab	0x1e8	0x9d	0xcf07	0x99	0xf9a4	ab00e8019d0007cf9900a4f90133438c86ac48e801f3e7ab00737721d5bfd52a	prefix_32_of_671	0xf613f930	0x2ab32381	0x3ffce85e	0x2af72783	-0x1505c0db	0x3a	0x3a
369	0x787fe407836d	169	0x9af18	0x315969	0x315bbf	+0x256	dispatch	0xcdac7	169	0x9af18	0xab	0x1e8	0x129	0x1e31	0x8ee1	0x6ea2	ab00e8012901311ee18ea26eeb88cf9ecf06bee8010aaba3094961d69865e9dc	prefix_32_of_598	0x2ab32381	0x6e5d9892	0x2af72783	0x4000d60c	+0x1509ae89	0x3a	0x3a
370	0x787fe407836d	169	0x9af18	0x315bbf	0x310ca5	-0x4f1a	dispatch	0xcdac7	310	0xb8556	0xab	0x1e8	0x10c	0x1c4a	0x63e6	0x5af	ab00e8010c014a1ce663af053cd2e4092be80199f5de2fb4dd1429a30a54917a	backedge_sample	0x6e5d9892	0x148226cc	0x4000d60c	0xffaffb65	+0xbfaf2559	0x3a	0x3a
371	0x787fe407836d	310	0xb8556	0x310ca5	0x310ef0	+0x24b	dispatch	0xcdac7	310	0xb8556	0x1e8	0xa5	0xcb	0x9ebf	0x7635	0x390	e801a500cb00bf9e35769003042ba8fcee6d9ce801f7d8ab009003dc5941168f	prefix_32_of_587	0x148226cc	0x14100010	0xffaffb65	0x3f0612b2	-0xc0a9e8b3	0x3a	0x3a
372	0x787fe407836d	310	0xb8556	0x310ef0	0x311163	+0x273	dispatch	0xcdac7	169	0x9af18	0x1e8	0x162	0x154	0xf7c	0x99	0x92e7	e801620154017c0f9900e792dc1375ac08b602e801bf8c2f019289f5a0fa7e69	prefix_32_of_627	0x14100010	0xc83095f0	0x3f0612b2	0x400110fe	+0xfafe4c	0x3a	0x3a
373	0x787fe407836d	169	0x9af18	0x311163	0x3113a5	+0x242	dispatch	0xcdac7	169	0x9af18	0xa5	0x1e8	0x10c	0x1c4a	0x67ae	0x6b6	a500e8010c014a1cae67b6063aa56428d9e80129f1186774139007d64940f679	prefix_32_of_578	0xc83095f0	0x7adeff2e	0x400110fe	0x78de0800	+0x38dcf702	0x3a	0x3a
374	0x787fe407836d	169	0x9af18	0x3113a5	0x3115e7	+0x242	dispatch	0xcdac7	310	0xb8556	0x162	0x1e8	0xbd	0x99	0xe914	0x26e8	6201e801bd00990014e9e826ba56639900de34e8017709ab00041dab006485b4	prefix_32_of_578	0x7adeff2e	0x2948	0x78de0800	0x2948	-0x78dddeb8	0x3a	0x3a
375	0x787fe407836d	310	0xb8556	0x3115e7	0x311829	+0x242	dispatch	0xcdac7	169	0x9af18	0x1e8	0xa5	0x9d	0xd56f	0x99	0xad8	e801a5009d006fd59900d80a53f58761012fcee8011603b240666e6e27e60d3a	prefix_32_of_578	0x2948	0x3acddfde	0x2948	0x585c5c02	+0x585c32ba	0x3a	0x3a
376	0x787fe407836d	169	0x9af18	0x311829	0x311a6b	+0x242	dispatch	0xcdac7	169	0x9af18	0xab	0x1e8	0x151	0x94f0	0x99	0xfcec	ab00e8015101f0949900ecfc8b0cd809e4e80111f8d746656b7dce813884ab00	prefix_32_of_578	0x3acddfde	0xef1b287	0x585c5c02	0x69145f5a	+0x10b80358	0x3a	0x3a
377	0x787fe407836d	169	0x9af18	0x311a6b	0x311cad	+0x242	dispatch	0xcdac7	310	0xb8556	0xa5	0x1e8	0x72	0x64cb	0xac8c	0x620	a500e8017200cb648cac200648efdaf5e0bf18e8015f2dab001a531a84d8ab00	prefix_32_of_578	0xef1b287	0x524c03c5	0x69145f5a	0x7df7dfda	+0x14e38080	0x3a	0x3a
378	0x787fe407836d	310	0xb8556	0x311cad	0x311f69	+0x2bc	dispatch	0xcdac7	310	0xb8556	0x1e8	0xa5	0x10c	0x1c4a	0x6c86	0x7438	e801a5000c014a1c866c38749900ba703aa3e6e801859db8ec9f9147b7bebdaa	prefix_32_of_700	0x524c03c5	0x8e78f1da	0x7df7dfda	0xeb377ffe	+0x6d3fa024	0x3a	0x3a
379	0x787fe407836d	310	0xb8556	0x311f69	0x31223a	+0x2d1	dispatch	0xcdac7	310	0xb8556	0x1e8	0xa5	0x14d	0xe523	0x99	0xe367	e801a5004d0123e5990067e332d17995c6459ee801880a70a4781ff2ff90977e	prefix_32_of_721	0x8e78f1da	0x8e4e0de5	0xeb377ffe	0x7bd7fefb	-0x6f5f8103	0x3a	0x3a
380	0x787fe407836d	310	0xb8556	0x31223a	0x312464	+0x22a	dispatch	0xcdac7	169	0x9af18	0x1e8	0xab	0x151	0x9568	0x99	0xae47	e801ab0051016895990047ae9900f3a03a2e3ae801d80a443786cf06c648acd7	prefix_32_of_554	0x8e4e0de5	0x347541db	0x7bd7fefb	0x69945ffa	-0x12439f01	0x3a	0x3a
381	0x787fe407836d	169	0x9af18	0x312464	0x31268e	+0x22a	dispatch	0xcdac7	310	0xb8556	0xab	0x1e8	0x42	0x97f9	0x8b3a	0x99da	ab00e8014200f9973a8bda99009a299900e801e4734b803a09b993007451ab00	prefix_32_of_554	0x347541db	0x5675bb90	0x69945ffa	0xffc76ef9	+0x96330eff	0x3a	0x3a
382	0x787fe407836d	310	0xb8556	0x31268e	0x312868	+0x1da	dispatch	0xcdac7	169	0x9af18	0x1e8	0x162	0x10c	0x1c4a	0x6576	0x4392	e80162010c014a1c76659243358b8809c82954e8014c0cab0058019c10f7f483	prefix_32_of_474	0x5675bb90	0x221c12	0xffc76ef9	0x3f06a742	-0xc0c0c7b7	0x3a	0x3a
383	0x787fe407836d	169	0x9af18	0x312868	0x312aee	+0x286	dispatch	0xcdac7	169	0x9af18	0xab	0x1e8	0x12	0x5e8	0xae3a	0xb4a5	ab00e8011200e8053aaea5b4a2606756d86000e801d80a90778a7301aa4f8cd8	prefix_32_of_646	0x221c12	0x8e3c0ca2	0x3f06a742	0x6f95fefa	+0x308f57b8	0x3a	0x3a
384	0x787fe407836d	169	0x9af18	0x312aee	0x312cd0	+0x1e2	dispatch	0xcdac7	169	0x9af18	0x162	0x1e8	0x9d	0xd4ff	0x99	0x3810	6201e8019d00ffd499001038377504acaadc9ee80188acfa117cde3f9f9f57fa	prefix_32_of_482	0x8e3c0ca2	0xfbf79ddb	0x6f95fefa	0xf9f3eb74	+0x8a5dec7a	0x3a	0x3a
385	0x787fe407836d	169	0x9af18	0x312cd0	0x312f26	+0x256	dispatch	0xcdac7	310	0xb8556	0x162	0x1e8	0xbd	0x99	0xe964	0x860	6201e801bd00990064e96008f0890e712b581de8014b1ac6d48406bceffeed89	prefix_32_of_598	0xfbf79ddb	0x4b8eb2de	0xf9f3eb74	0x7b1c5e5e	-0x7ed78d16	0x3a	0x3a
386	0x787fe407836d	310	0xb8556	0x312f26	0x313169	+0x243	dispatch	0xcdac7	310	0xb8556	0x1e8	0x162	0xb9	0xa483	0x543a	0xcd68	e8016201b90083a43a5468cdd0817305599acde80104b48b0ce80544a5607c99	prefix_32_of_579	0x4b8eb2de	0x7afe7fef	0x7b1c5e5e	0x727e02a8	-0x89e5bb6	0x3a	0x3a
387	0x787fe407836d	310	0xb8556	0x313169	0x31334b	+0x1e2	dispatch	0xcdac7	169	0x9af18	0x1e8	0xa5	0x151	0x99e0	0x99	0x2580	e801a5005101e09999008025faf2b3bb03cc5ae801979b477a218516bad00004	prefix_32_of_482	0x7afe7fef	0xce4d8465	0x727e02a8	0x7f3e7f7b	+0xcc07cd3	0x3a	0x3a
388	0x787fe407836d	169	0x9af18	0x31334b	0x3135b9	+0x26e	dispatch	0xcdac7	169	0x9af18	0xa5	0x1e8	0x40	0xa81d	0x99	0x620	a500e80140001da899002006e89ff41597541ce801ab9e2ac633af3ada4c1da9	prefix_32_of_622	0xce4d8465	0xc917a90d	0x7f3e7f7b	0xc917a90d	+0x49d92992	0x3a	0x3a
389	0x787fe407836d	169	0x9af18	0x3135b9	0x3137fc	+0x243	dispatch	0xcdac7	310	0xb8556	0x162	0x1e8	0x40	0xa2bd	0x99	0x1b17	6201e8014000bda29900171bab6f0801d4e8014ab2d76ef4e32006be862314d7	prefix_32_of_579	0xc917a90d	0x8df97560	0xc917a90d	0x694cb90f	-0x5fcaeffe	0x3a	0x3a
390	0x787fe407836d	310	0xb8556	0x3137fc	0x3139de	+0x1e2	dispatch	0xcdac7	310	0xb8556	0x1e8	0x162	0xa8	0x99	0xd0ce	0x339a	e8016201a8009900ced09a331c968809df4913e8013e1db47be2ab00a9a94eef	prefix_32_of_482	0x8df97560	0x4a612e32	0x694cb90f	0x5f8f8af3	-0x9bd2e1c	0x3a	0x3a
391	0x787fe407836d	310	0xb8556	0x3139de	0x313c4c	+0x26e	dispatch	0xcdac7	169	0x9af18	0x1e8	0xa5	0x154	0x12ac	0x99	0x6160	e801a5005401ac12990060615dd8ca85aa86fae801e80522b455bce3a77dd306	prefix_32_of_622	0x4a612e32	0x8f70318b	0x5f8f8af3	0xfbfb8b3c	+0x9c6c0049	0x3a	0x3a
392	0x787fe407836d	169	0x9af18	0x313c4c	0x313e8f	+0x243	dispatch	0xcdac7	169	0x9af18	0xab	0x1e8	0x14d	0xe973	0x99	0xe987	ab00e8014d0173e9990087e926178cfb71d638e8010b62f5e882fa050f99789a	prefix_32_of_579	0x8f70318b	0xfed1df96	0xfbfb8b3c	0x58a4dcd6	-0xa356ae66	0x3a	0x3a
393	0x787fe407836d	169	0x9af18	0x313e8f	0x314071	+0x1e2	dispatch	0xcdac7	169	0x9af18	0x162	0x1e8	0x9d	0xd4ff	0x99	0x3390	6201e8019d00ffd49900903337b623a8e5df73e8019798477690393ef22f9bcb	prefix_32_of_482	0xfed1df96	0x4ac60206	0x58a4dcd6	0x5ee7d2fb	+0x642f625	0x3a	0x3a
394	0x787fe407836d	169	0x9af18	0x314071	0x3142df	+0x26e	dispatch	0xcdac7	310	0xb8556	0x162	0x1e8	0xa8	0x99	0xd4b6	0x9fd6	6201e801a8009900b6d4d69fbcef4e5f09e8011cb697d66ed299928e413a85b4	prefix_32_of_622	0x4ac60206	0x861eb185	0x5ee7d2fb	0xdf95e7f4	+0x80ae14f9	0x3a	0x3a
395	0x787fe407836d	310	0xb8556	0x3142df	0x314522	+0x243	dispatch	0xcdac7	310	0xb8556	0x1e8	0xab	0xd7	0xa88	0xd888	0x227d	e801ab00d700880a88d87d220b07a29900b00ee801c9569798eedb0f85a424a2	prefix_32_of_579	0x861eb185	0x34a042ea	0xdf95e7f4	0x3ce04eeb	-0xa2b59909	0x3a	0x3a
396	0x787fe407836d	310	0xb8556	0x314522	0x314704	+0x1e2	dispatch	0xcdac7	310	0xb8556	0x1e8	0x162	0xcb	0x9a07	0x7635	0x1ca1	e8016201cb00079a3576a11c1587d000e463e6e801744fab006005408141e30a	prefix_32_of_482	0x34a042ea	0xfcdeff37	0x3ce04eeb	0xfcd60600	+0xbff5b715	0x3a	0x3a
397	0x787fe407836d	310	0xb8556	0x314704	0x314972	+0x26e	dispatch	0xcdac7	169	0x9af18	0x1e8	0x162	0x133	0x553a	0xc4b4	0x9913	e801620133013a55b4c41399000f9926d6e801b4c893293a145770293fba3bd7	prefix_32_of_622	0xfcdeff37	0xf8eeff37	0xfcd60600	0xf8e60910	-0x3effcf0	0x3a	0x3a
398	0x787fe407836d	169	0x9af18	0x314972	0x314bb5	+0x243	dispatch	0xcdac7	310	0xb8556	0xab	0x1e8	0x133	0xd3a	0x17b0	0x3590	ab00e80133013a0db017903576da52830d9d9ee801174b3aac16ab007e67bbcf	prefix_32_of_579	0xf8eeff37	0x62662dfb	0xf8e60910	0xbffcca14	-0x38e93efc	0x3a	0x3a
399	0x787fe407836d	310	0xb8556	0x314bb5	0x314d97	+0x1e2	dispatch	0xcdac7	169	0x9af18	0x1e8	0xa5	0x154	0xec4	0x99	0xdaa	e801a5005401c40e9900aa0d3e77f80828c29ae801209b1de1b283cc41d0003c	prefix_32_of_482	0x62662dfb	0xfadf7f2d	0xbffcca14	0xf21b0800	+0x321e3dec	0x3a	0x3a
400	0x787fe407836d	169	0x9af18	0x314d97	0x315005	+0x26e	dispatch	0xcdac7	310	0xb8556	0x162	0x1e8	0x154	0x1334	0x99	0x1060	6201e80154013413990060103a1468c6d70e38e801880ac47c15400b7ef3eb03	prefix_32_of_622	0xfadf7f2d	0xe34473c6	0xf21b0800	0xe74477c6	-0xad6903a	0x3a	0x3a
401	0x787fe407836d	310	0xb8556	0x315005	0x31522f	+0x22a	dispatch	0xcdac7	310	0xb8556	0x1e8	0xab	0x2b	0x7ded	0x99	0x9d3a	e801ab002b00ed7d99003a9daf99001ceee5a3e801abfa76d8093db434706b58	prefix_32_of_554	0xe34473c6	0x69b0303a	0xe74477c6	0x69145e5a	-0x7e30196c	0x3a	0x3a
402	0x787fe407836d	310	0xb8556	0x31522f	0x315486	+0x257	dispatch	0xcdac7	169	0x9af18	0x1e8	0xab	0xc7	0x4f47	0x2c3a	0xae89	e801ab00c700474f3a2c89ae01349650eb981ae801bbffdce71f77f3025db1c8	prefix_32_of_599	0x69b0303a	0x841ab3c5	0x69145e5a	0x841ab3c5	+0x1b06556b	0x3a	0x3a
403	0x787fe407836d	169	0x9af18	0x315486	0x3156ca	+0x244	dispatch	0xcdac7	169	0x9af18	0xa5	0x1e8	0x12	0x620	0xdc3a	0xfca3	a500e801120020063adca3fce00d85dd41f69ae801e0a76a83e8bb0003922025	prefix_32_of_580	0x841ab3c5	0xf613f930	0x841ab3c5	0x3ffce85e	-0x441dcb67	0x3a	0x3a
404	0x787fe407836d	169	0x9af18	0x3156ca	0x315969	+0x29f	dispatch	0xcdac7	169	0x9af18	0xab	0x1e8	0x9d	0xcf07	0x99	0xf9a4	ab00e8019d0007cf9900a4f90133438c86ac48e801f3e7ab00737721d5bfd52a	prefix_32_of_671	0xf613f930	0x2ab32381	0x3ffce85e	0x2af72783	-0x1505c0db	0x3a	0x3a
405	0x787fe407836d	169	0x9af18	0x315969	0x315bbf	+0x256	dispatch	0xcdac7	169	0x9af18	0xab	0x1e8	0x129	0x1e31	0x8ee1	0x6ea2	ab00e8012901311ee18ea26eeb88cf9ecf06bee8010aaba3094961d69865e9dc	prefix_32_of_598	0x2ab32381	0x6e5d9892	0x2af72783	0x4000d60c	+0x1509ae89	0x3a	0x3a
406	0x787fe407836d	169	0x9af18	0x315bbf	0x310ca5	-0x4f1a	dispatch	0xcdac7	310	0xb8556	0xab	0x1e8	0x10c	0x1c4a	0x63e6	0x5af	ab00e8010c014a1ce663af053cd2e4092be80199f5de2fb4dd1429a30a54917a	backedge_sample	0x6e5d9892	0x148226cc	0x4000d60c	0xffaffb65	+0xbfaf2559	0x3a	0x3a
407	0x787fe407836d	310	0xb8556	0x310ca5	0x310ef0	+0x24b	dispatch	0xcdac7	310	0xb8556	0x1e8	0xa5	0xcb	0x9ebf	0x7635	0x390	e801a500cb00bf9e35769003042ba8fcee6d9ce801f7d8ab009003dc5941168f	prefix_32_of_587	0x148226cc	0x14100010	0xffaffb65	0x3f0612b2	-0xc0a9e8b3	0x3a	0x3a
408	0x787fe407836d	310	0xb8556	0x310ef0	0x311163	+0x273	dispatch	0xcdac7	169	0x9af18	0x1e8	0x162	0x154	0xf7c	0x99	0x92e7	e801620154017c0f9900e792dc1375ac08b602e801bf8c2f019289f5a0fa7e69	prefix_32_of_627	0x14100010	0xc83095f0	0x3f0612b2	0x400110fe	+0xfafe4c	0x3a	0x3a
409	0x787fe407836d	169	0x9af18	0x311163	0x3113a5	+0x242	dispatch	0xcdac7	169	0x9af18	0xa5	0x1e8	0x10c	0x1c4a	0x67ae	0x6b6	a500e8010c014a1cae67b6063aa56428d9e80129f1186774139007d64940f679	prefix_32_of_578	0xc83095f0	0x7adeff2e	0x400110fe	0x78de0800	+0x38dcf702	0x3a	0x3a
410	0x787fe407836d	169	0x9af18	0x3113a5	0x3115e7	+0x242	dispatch	0xcdac7	310	0xb8556	0x162	0x1e8	0xbd	0x99	0xe914	0x26e8	6201e801bd00990014e9e826ba56639900de34e8017709ab00041dab006485b4	prefix_32_of_578	0x7adeff2e	0x2948	0x78de0800	0x2948	-0x78dddeb8	0x3a	0x3a
411	0x787fe407836d	310	0xb8556	0x3115e7	0x311829	+0x242	dispatch	0xcdac7	169	0x9af18	0x1e8	0xa5	0x9d	0xd56f	0x99	0xad8	e801a5009d006fd59900d80a53f58761012fcee8011603b240666e6e27e60d3a	prefix_32_of_578	0x2948	0x3acddfde	0x2948	0x585c5c02	+0x585c32ba	0x3a	0x3a
412	0x787fe407836d	169	0x9af18	0x311829	0x311a6b	+0x242	dispatch	0xcdac7	169	0x9af18	0xab	0x1e8	0x151	0x94f0	0x99	0xfcec	ab00e8015101f0949900ecfc8b0cd809e4e80111f8d746656b7dce813884ab00	prefix_32_of_578	0x3acddfde	0xef1b287	0x585c5c02	0x69145f5a	+0x10b80358	0x3a	0x3a
413	0x787fe407836d	169	0x9af18	0x311a6b	0x311cad	+0x242	dispatch	0xcdac7	310	0xb8556	0xa5	0x1e8	0x72	0x64cb	0xac8c	0x620	a500e8017200cb648cac200648efdaf5e0bf18e8015f2dab001a531a84d8ab00	prefix_32_of_578	0xef1b287	0x524c03c5	0x69145f5a	0x7df7dfda	+0x14e38080	0x3a	0x3a
414	0x787fe407836d	310	0xb8556	0x311cad	0x311f69	+0x2bc	dispatch	0xcdac7	310	0xb8556	0x1e8	0xa5	0x10c	0x1c4a	0x6c86	0x7438	e801a5000c014a1c866c38749900ba703aa3e6e801859db8ec9f9147b7bebdaa	prefix_32_of_700	0x524c03c5	0x8e78f1da	0x7df7dfda	0xeb377ffe	+0x6d3fa024	0x3a	0x3a
415	0x787fe407836d	310	0xb8556	0x311f69	0x31223a	+0x2d1	dispatch	0xcdac7	310	0xb8556	0x1e8	0xa5	0x14d	0xe523	0x99	0xe367	e801a5004d0123e5990067e332d17995c6459ee801880a70a4781ff2ff90977e	prefix_32_of_721	0x8e78f1da	0x8e4e0de5	0xeb377ffe	0x7bd7fefb	-0x6f5f8103	0x3a	0x3a
416	0x787fe407836d	310	0xb8556	0x31223a	0x312464	+0x22a	dispatch	0xcdac7	169	0x9af18	0x1e8	0xab	0x151	0x9568	0x99	0xae47	e801ab0051016895990047ae9900f3a03a2e3ae801d80a443786cf06c648acd7	prefix_32_of_554	0x8e4e0de5	0x347541db	0x7bd7fefb	0x69945ffa	-0x12439f01	0x3a	0x3a
417	0x787fe407836d	169	0x9af18	0x312464	0x31268e	+0x22a	dispatch	0xcdac7	310	0xb8556	0xab	0x1e8	0x42	0x97f9	0x8b3a	0x99da	ab00e8014200f9973a8bda99009a299900e801e4734b803a09b993007451ab00	prefix_32_of_554	0x347541db	0x5675bb90	0x69945ffa	0xffc76ef9	+0x96330eff	0x3a	0x3a
418	0x787fe407836d	310	0xb8556	0x31268e	0x312868	+0x1da	dispatch	0xcdac7	169	0x9af18	0x1e8	0x162	0x10c	0x1c4a	0x6576	0x4392	e80162010c014a1c76659243358b8809c82954e8014c0cab0058019c10f7f483	prefix_32_of_474	0x5675bb90	0x221c12	0xffc76ef9	0x3f06a742	-0xc0c0c7b7	0x3a	0x3a
419	0x787fe407836d	169	0x9af18	0x312868	0x312aee	+0x286	dispatch	0xcdac7	169	0x9af18	0xab	0x1e8	0x12	0x5e8	0xae3a	0xb4a5	ab00e8011200e8053aaea5b4a2606756d86000e801d80a90778a7301aa4f8cd8	prefix_32_of_646	0x221c12	0x8e3c0ca2	0x3f06a742	0x6f95fefa	+0x308f57b8	0x3a	0x3a
420	0x787fe407836d	169	0x9af18	0x312aee	0x312cd0	+0x1e2	dispatch	0xcdac7	169	0x9af18	0x162	0x1e8	0x9d	0xd4ff	0x99	0x3810	6201e8019d00ffd499001038377504acaadc9ee80188acfa117cde3f9f9f57fa	prefix_32_of_482	0x8e3c0ca2	0xfbf79ddb	0x6f95fefa	0xf9f3eb74	+0x8a5dec7a	0x3a	0x3a
421	0x787fe407836d	169	0x9af18	0x312cd0	0x312f26	+0x256	dispatch	0xcdac7	310	0xb8556	0x162	0x1e8	0xbd	0x99	0xe964	0x860	6201e801bd00990064e96008f0890e712b581de8014b1ac6d48406bceffeed89	prefix_32_of_598	0xfbf79ddb	0x4b8eb2de	0xf9f3eb74	0x7b1c5e5e	-0x7ed78d16	0x3a	0x3a
422	0x787fe407836d	310	0xb8556	0x312f26	0x313169	+0x243	dispatch	0xcdac7	310	0xb8556	0x1e8	0x162	0xb9	0xa483	0x543a	0xcd68	e8016201b90083a43a5468cdd0817305599acde80104b48b0ce80544a5607c99	prefix_32_of_579	0x4b8eb2de	0x7afe7fef	0x7b1c5e5e	0x727e02a8	-0x89e5bb6	0x3a	0x3a
423	0x787fe407836d	310	0xb8556	0x313169	0x31334b	+0x1e2	dispatch	0xcdac7	169	0x9af18	0x1e8	0xa5	0x151	0x99e0	0x99	0x2580	e801a5005101e09999008025faf2b3bb03cc5ae801979b477a218516bad00004	prefix_32_of_482	0x7afe7fef	0xce4d8465	0x727e02a8	0x7f3e7f7b	+0xcc07cd3	0x3a	0x3a
424	0x787fe407836d	169	0x9af18	0x31334b	0x3135b9	+0x26e	dispatch	0xcdac7	169	0x9af18	0xa5	0x1e8	0x40	0xa81d	0x99	0x620	a500e80140001da899002006e89ff41597541ce801ab9e2ac633af3ada4c1da9	prefix_32_of_622	0xce4d8465	0xc917a90d	0x7f3e7f7b	0xc917a90d	+0x49d92992	0x3a	0x3a
425	0x787fe407836d	169	0x9af18	0x3135b9	0x3137fc	+0x243	dispatch	0xcdac7	310	0xb8556	0x162	0x1e8	0x40	0xa2bd	0x99	0x1b17	6201e8014000bda29900171bab6f0801d4e8014ab2d76ef4e32006be862314d7	prefix_32_of_579	0xc917a90d	0x8df97560	0xc917a90d	0x694cb90f	-0x5fcaeffe	0x3a	0x3a
426	0x787fe407836d	310	0xb8556	0x3137fc	0x3139de	+0x1e2	dispatch	0xcdac7	310	0xb8556	0x1e8	0x162	0xa8	0x99	0xd0ce	0x339a	e8016201a8009900ced09a331c968809df4913e8013e1db47be2ab00a9a94eef	prefix_32_of_482	0x8df97560	0x4a612e32	0x694cb90f	0x5f8f8af3	-0x9bd2e1c	0x3a	0x3a
427	0x787fe407836d	310	0xb8556	0x3139de	0x313c4c	+0x26e	dispatch	0xcdac7	169	0x9af18	0x1e8	0xa5	0x154	0x12ac	0x99	0x6160	e801a5005401ac12990060615dd8ca85aa86fae801e80522b455bce3a77dd306	prefix_32_of_622	0x4a612e32	0x8f70318b	0x5f8f8af3	0xfbfb8b3c	+0x9c6c0049	0x3a	0x3a
428	0x787fe407836d	169	0x9af18	0x313c4c	0x313e8f	+0x243	dispatch	0xcdac7	169	0x9af18	0xab	0x1e8	0x14d	0xe973	0x99	0xe987	ab00e8014d0173e9990087e926178cfb71d638e8010b62f5e882fa050f99789a	prefix_32_of_579	0x8f70318b	0xfed1df96	0xfbfb8b3c	0x58a4dcd6	-0xa356ae66	0x3a	0x3a
429	0x787fe407836d	169	0x9af18	0x313e8f	0x314071	+0x1e2	dispatch	0xcdac7	169	0x9af18	0x162	0x1e8	0x9d	0xd4ff	0x99	0x3390	6201e8019d00ffd49900903337b623a8e5df73e8019798477690393ef22f9bcb	prefix_32_of_482	0xfed1df96	0x4ac60206	0x58a4dcd6	0x5ee7d2fb	+0x642f625	0x3a	0x3a
430	0x787fe407836d	169	0x9af18	0x314071	0x3142df	+0x26e	dispatch	0xcdac7	310	0xb8556	0x162	0x1e8	0xa8	0x99	0xd4b6	0x9fd6	6201e801a8009900b6d4d69fbcef4e5f09e8011cb697d66ed299928e413a85b4	prefix_32_of_622	0x4ac60206	0x861eb185	0x5ee7d2fb	0xdf95e7f4	+0x80ae14f9	0x3a	0x3a
431	0x787fe407836d	310	0xb8556	0x3142df	0x314522	+0x243	dispatch	0xcdac7	310	0xb8556	0x1e8	0xab	0xd7	0xa88	0xd888	0x227d	e801ab00d700880a88d87d220b07a29900b00ee801c9569798eedb0f85a424a2	prefix_32_of_579	0x861eb185	0x34a042ea	0xdf95e7f4	0x3ce04eeb	-0xa2b59909	0x3a	0x3a
432	0x787fe407836d	310	0xb8556	0x314522	0x314704	+0x1e2	dispatch	0xcdac7	310	0xb8556	0x1e8	0x162	0xcb	0x9a07	0x7635	0x1ca1	e8016201cb00079a3576a11c1587d000e463e6e801744fab006005408141e30a	prefix_32_of_482	0x34a042ea	0xfcdeff37	0x3ce04eeb	0xfcd60600	+0xbff5b715	0x3a	0x3a
433	0x787fe407836d	310	0xb8556	0x314704	0x314972	+0x26e	dispatch	0xcdac7	169	0x9af18	0x1e8	0x162	0x133	0x553a	0xc4b4	0x9913	e801620133013a55b4c41399000f9926d6e801b4c893293a145770293fba3bd7	prefix_32_of_622	0xfcdeff37	0xf8eeff37	0xfcd60600	0xf8e60910	-0x3effcf0	0x3a	0x3a
434	0x787fe407836d	169	0x9af18	0x314972	0x314bb5	+0x243	dispatch	0xcdac7	310	0xb8556	0xab	0x1e8	0x133	0xd3a	0x17b0	0x3590	ab00e80133013a0db017903576da52830d9d9ee801174b3aac16ab007e67bbcf	prefix_32_of_579	0xf8eeff37	0x62662dfb	0xf8e60910	0xbffcca14	-0x38e93efc	0x3a	0x3a
435	0x787fe407836d	310	0xb8556	0x314bb5	0x314d97	+0x1e2	dispatch	0xcdac7	169	0x9af18	0x1e8	0xa5	0x154	0xec4	0x99	0xdaa	e801a5005401c40e9900aa0d3e77f80828c29ae801209b1de1b283cc41d0003c	prefix_32_of_482	0x62662dfb	0xfadf7f2d	0xbffcca14	0xf21b0800	+0x321e3dec	0x3a	0x3a
436	0x787fe407836d	169	0x9af18	0x314d97	0x315005	+0x26e	dispatch	0xcdac7	310	0xb8556	0x162	0x1e8	0x154	0x1334	0x99	0x1060	6201e80154013413990060103a1468c6d70e38e801880ac47c15400b7ef3eb03	prefix_32_of_622	0xfadf7f2d	0xe34473c6	0xf21b0800	0xe74477c6	-0xad6903a	0x3a	0x3a
437	0x787fe407836d	310	0xb8556	0x315005	0x31522f	+0x22a	dispatch	0xcdac7	310	0xb8556	0x1e8	0xab	0x2b	0x7ded	0x99	0x9d3a	e801ab002b00ed7d99003a9daf99001ceee5a3e801abfa76d8093db434706b58	prefix_32_of_554	0xe34473c6	0x69b0303a	0xe74477c6	0x69145e5a	-0x7e30196c	0x3a	0x3a
438	0x787fe407836d	310	0xb8556	0x31522f	0x315486	+0x257	dispatch	0xcdac7	169	0x9af18	0x1e8	0xab	0xc7	0x4f47	0x2c3a	0xae89	e801ab00c700474f3a2c89ae01349650eb981ae801bbffdce71f77f3025db1c8	prefix_32_of_599	0x69b0303a	0x841ab3c5	0x69145e5a	0x841ab3c5	+0x1b06556b	0x3a	0x3a
439	0x787fe407836d	169	0x9af18	0x315486	0x3156ca	+0x244	dispatch	0xcdac7	169	0x9af18	0xa5	0x1e8	0x12	0x620	0xdc3a	0xfca3	a500e801120020063adca3fce00d85dd41f69ae801e0a76a83e8bb0003922025	prefix_32_of_580	0x841ab3c5	0xf613f930	0x841ab3c5	0x3ffce85e	-0x441dcb67	0x3a	0x3a
440	0x787fe407836d	169	0x9af18	0x3156ca	0x315969	+0x29f	dispatch	0xcdac7	169	0x9af18	0xab	0x1e8	0x9d	0xcf07	0x99	0xf9a4	ab00e8019d0007cf9900a4f90133438c86ac48e801f3e7ab00737721d5bfd52a	prefix_32_of_671	0xf613f930	0x2ab32381	0x3ffce85e	0x2af72783	-0x1505c0db	0x3a	0x3a
441	0x787fe407836d	169	0x9af18	0x315969	0x315bbf	+0x256	dispatch	0xcdac7	169	0x9af18	0xab	0x1e8	0x129	0x1e31	0x8ee1	0x6ea2	ab00e8012901311ee18ea26eeb88cf9ecf06bee8010aaba3094961d69865e9dc	prefix_32_of_598	0x2ab32381	0x6e5d9892	0x2af72783	0x4000d60c	+0x1509ae89	0x3a	0x3a
442	0x787fe407836d	169	0x9af18	0x315bbf	0x310ca5	-0x4f1a	dispatch	0xcdac7	310	0xb8556	0xab	0x1e8	0x10c	0x1c4a	0x63e6	0x5af	ab00e8010c014a1ce663af053cd2e4092be80199f5de2fb4dd1429a30a54917a	backedge_sample	0x6e5d9892	0x148226cc	0x4000d60c	0xffaffb65	+0xbfaf2559	0x3a	0x3a
443	0x787fe407836d	310	0xb8556	0x310ca5	0x310ef0	+0x24b	dispatch	0xcdac7	310	0xb8556	0x1e8	0xa5	0xcb	0x9ebf	0x7635	0x390	e801a500cb00bf9e35769003042ba8fcee6d9ce801f7d8ab009003dc5941168f	prefix_32_of_587	0x148226cc	0x14100010	0xffaffb65	0x3f0612b2	-0xc0a9e8b3	0x3a	0x3a
444	0x787fe407836d	310	0xb8556	0x310ef0	0x311163	+0x273	dispatch	0xcdac7	169	0x9af18	0x1e8	0x162	0x154	0xf7c	0x99	0x92e7	e801620154017c0f9900e792dc1375ac08b602e801bf8c2f019289f5a0fa7e69	prefix_32_of_627	0x14100010	0xc83095f0	0x3f0612b2	0x400110fe	+0xfafe4c	0x3a	0x3a
445	0x787fe407836d	169	0x9af18	0x311163	0x3113a5	+0x242	dispatch	0xcdac7	169	0x9af18	0xa5	0x1e8	0x10c	0x1c4a	0x67ae	0x6b6	a500e8010c014a1cae67b6063aa56428d9e80129f1186774139007d64940f679	prefix_32_of_578	0xc83095f0	0x7adeff2e	0x400110fe	0x78de0800	+0x38dcf702	0x3a	0x3a
446	0x787fe407836d	169	0x9af18	0x3113a5	0x3115e7	+0x242	dispatch	0xcdac7	310	0xb8556	0x162	0x1e8	0xbd	0x99	0xe914	0x26e8	6201e801bd00990014e9e826ba56639900de34e8017709ab00041dab006485b4	prefix_32_of_578	0x7adeff2e	0x2948	0x78de0800	0x2948	-0x78dddeb8	0x3a	0x3a
447	0x787fe407836d	310	0xb8556	0x3115e7	0x311829	+0x242	dispatch	0xcdac7	169	0x9af18	0x1e8	0xa5	0x9d	0xd56f	0x99	0xad8	e801a5009d006fd59900d80a53f58761012fcee8011603b240666e6e27e60d3a	prefix_32_of_578	0x2948	0x3acddfde	0x2948	0x585c5c02	+0x585c32ba	0x3a	0x3a
448	0x787fe407836d	169	0x9af18	0x311829	0x311a6b	+0x242	dispatch	0xcdac7	169	0x9af18	0xab	0x1e8	0x151	0x94f0	0x99	0xfcec	ab00e8015101f0949900ecfc8b0cd809e4e80111f8d746656b7dce813884ab00	prefix_32_of_578	0x3acddfde	0xef1b287	0x585c5c02	0x69145f5a	+0x10b80358	0x3a	0x3a
449	0x787fe407836d	169	0x9af18	0x311a6b	0x311cad	+0x242	dispatch	0xcdac7	310	0xb8556	0xa5	0x1e8	0x72	0x64cb	0xac8c	0x620	a500e8017200cb648cac200648efdaf5e0bf18e8015f2dab001a531a84d8ab00	prefix_32_of_578	0xef1b287	0x524c03c5	0x69145f5a	0x7df7dfda	+0x14e38080	0x3a	0x3a
450	0x787fe407836d	310	0xb8556	0x311cad	0x311f69	+0x2bc	dispatch	0xcdac7	310	0xb8556	0x1e8	0xa5	0x10c	0x1c4a	0x6c86	0x7438	e801a5000c014a1c866c38749900ba703aa3e6e801859db8ec9f9147b7bebdaa	prefix_32_of_700	0x524c03c5	0x8e78f1da	0x7df7dfda	0xeb377ffe	+0x6d3fa024	0x3a	0x3a
451	0x787fe407836d	310	0xb8556	0x311f69	0x31223a	+0x2d1	dispatch	0xcdac7	310	0xb8556	0x1e8	0xa5	0x14d	0xe523	0x99	0xe367	e801a5004d0123e5990067e332d17995c6459ee801880a70a4781ff2ff90977e	prefix_32_of_721	0x8e78f1da	0x8e4e0de5	0xeb377ffe	0x7bd7fefb	-0x6f5f8103	0x3a	0x3a
452	0x787fe407836d	310	0xb8556	0x31223a	0x312464	+0x22a	dispatch	0xcdac7	169	0x9af18	0x1e8	0xab	0x151	0x9568	0x99	0xae47	e801ab0051016895990047ae9900f3a03a2e3ae801d80a443786cf06c648acd7	prefix_32_of_554	0x8e4e0de5	0x347541db	0x7bd7fefb	0x69945ffa	-0x12439f01	0x3a	0x3a
453	0x787fe407836d	169	0x9af18	0x312464	0x31268e	+0x22a	dispatch	0xcdac7	310	0xb8556	0xab	0x1e8	0x42	0x97f9	0x8b3a	0x99da	ab00e8014200f9973a8bda99009a299900e801e4734b803a09b993007451ab00	prefix_32_of_554	0x347541db	0x5675bb90	0x69945ffa	0xffc76ef9	+0x96330eff	0x3a	0x3a
454	0x787fe407836d	310	0xb8556	0x31268e	0x312868	+0x1da	dispatch	0xcdac7	169	0x9af18	0x1e8	0x162	0x10c	0x1c4a	0x6576	0x4392	e80162010c014a1c76659243358b8809c82954e8014c0cab0058019c10f7f483	prefix_32_of_474	0x5675bb90	0x221c12	0xffc76ef9	0x3f06a742	-0xc0c0c7b7	0x3a	0x3a
455	0x787fe407836d	169	0x9af18	0x312868	0x312aee	+0x286	dispatch	0xcdac7	169	0x9af18	0xab	0x1e8	0x12	0x5e8	0xae3a	0xb4a5	ab00e8011200e8053aaea5b4a2606756d86000e801d80a90778a7301aa4f8cd8	prefix_32_of_646	0x221c12	0x8e3c0ca2	0x3f06a742	0x6f95fefa	+0x308f57b8	0x3a	0x3a
456	0x787fe407836d	169	0x9af18	0x312aee	0x312cd0	+0x1e2	dispatch	0xcdac7	169	0x9af18	0x162	0x1e8	0x9d	0xd4ff	0x99	0x3810	6201e8019d00ffd499001038377504acaadc9ee80188acfa117cde3f9f9f57fa	prefix_32_of_482	0x8e3c0ca2	0xfbf79ddb	0x6f95fefa	0xf9f3eb74	+0x8a5dec7a	0x3a	0x3a
457	0x787fe407836d	169	0x9af18	0x312cd0	0x312f26	+0x256	dispatch	0xcdac7	310	0xb8556	0x162	0x1e8	0xbd	0x99	0xe964	0x860	6201e801bd00990064e96008f0890e712b581de8014b1ac6d48406bceffeed89	prefix_32_of_598	0xfbf79ddb	0x4b8eb2de	0xf9f3eb74	0x7b1c5e5e	-0x7ed78d16	0x3a	0x3a
458	0x787fe407836d	310	0xb8556	0x312f26	0x313169	+0x243	dispatch	0xcdac7	310	0xb8556	0x1e8	0x162	0xb9	0xa483	0x543a	0xcd68	e8016201b90083a43a5468cdd0817305599acde80104b48b0ce80544a5607c99	prefix_32_of_579	0x4b8eb2de	0x7afe7fef	0x7b1c5e5e	0x727e02a8	-0x89e5bb6	0x3a	0x3a
459	0x787fe407836d	310	0xb8556	0x313169	0x31334b	+0x1e2	dispatch	0xcdac7	169	0x9af18	0x1e8	0xa5	0x151	0x99e0	0x99	0x2580	e801a5005101e09999008025faf2b3bb03cc5ae801979b477a218516bad00004	prefix_32_of_482	0x7afe7fef	0xce4d8465	0x727e02a8	0x7f3e7f7b	+0xcc07cd3	0x3a	0x3a
460	0x787fe407836d	169	0x9af18	0x31334b	0x3135b9	+0x26e	dispatch	0xcdac7	169	0x9af18	0xa5	0x1e8	0x40	0xa81d	0x99	0x620	a500e80140001da899002006e89ff41597541ce801ab9e2ac633af3ada4c1da9	prefix_32_of_622	0xce4d8465	0xc917a90d	0x7f3e7f7b	0xc917a90d	+0x49d92992	0x3a	0x3a
461	0x787fe407836d	169	0x9af18	0x3135b9	0x3137fc	+0x243	dispatch	0xcdac7	310	0xb8556	0x162	0x1e8	0x40	0xa2bd	0x99	0x1b17	6201e8014000bda29900171bab6f0801d4e8014ab2d76ef4e32006be862314d7	prefix_32_of_579	0xc917a90d	0x8df97560	0xc917a90d	0x694cb90f	-0x5fcaeffe	0x3a	0x3a
462	0x787fe407836d	310	0xb8556	0x3137fc	0x3139de	+0x1e2	dispatch	0xcdac7	310	0xb8556	0x1e8	0x162	0xa8	0x99	0xd0ce	0x339a	e8016201a8009900ced09a331c968809df4913e8013e1db47be2ab00a9a94eef	prefix_32_of_482	0x8df97560	0x4a612e32	0x694cb90f	0x5f8f8af3	-0x9bd2e1c	0x3a	0x3a
463	0x787fe407836d	310	0xb8556	0x3139de	0x313c4c	+0x26e	dispatch	0xcdac7	169	0x9af18	0x1e8	0xa5	0x154	0x12ac	0x99	0x6160	e801a5005401ac12990060615dd8ca85aa86fae801e80522b455bce3a77dd306	prefix_32_of_622	0x4a612e32	0x8f70318b	0x5f8f8af3	0xfbfb8b3c	+0x9c6c0049	0x3a	0x3a
464	0x787fe407836d	169	0x9af18	0x313c4c	0x313e8f	+0x243	dispatch	0xcdac7	169	0x9af18	0xab	0x1e8	0x14d	0xe973	0x99	0xe987	ab00e8014d0173e9990087e926178cfb71d638e8010b62f5e882fa050f99789a	prefix_32_of_579	0x8f70318b	0xfed1df96	0xfbfb8b3c	0x58a4dcd6	-0xa356ae66	0x3a	0x3a
465	0x787fe407836d	169	0x9af18	0x313e8f	0x314071	+0x1e2	dispatch	0xcdac7	169	0x9af18	0x162	0x1e8	0x9d	0xd4ff	0x99	0x3390	6201e8019d00ffd49900903337b623a8e5df73e8019798477690393ef22f9bcb	prefix_32_of_482	0xfed1df96	0x4ac60206	0x58a4dcd6	0x5ee7d2fb	+0x642f625	0x3a	0x3a
466	0x787fe407836d	169	0x9af18	0x314071	0x3142df	+0x26e	dispatch	0xcdac7	310	0xb8556	0x162	0x1e8	0xa8	0x99	0xd4b6	0x9fd6	6201e801a8009900b6d4d69fbcef4e5f09e8011cb697d66ed299928e413a85b4	prefix_32_of_622	0x4ac60206	0x861eb185	0x5ee7d2fb	0xdf95e7f4	+0x80ae14f9	0x3a	0x3a
467	0x787fe407836d	310	0xb8556	0x3142df	0x314522	+0x243	dispatch	0xcdac7	310	0xb8556	0x1e8	0xab	0xd7	0xa88	0xd888	0x227d	e801ab00d700880a88d87d220b07a29900b00ee801c9569798eedb0f85a424a2	prefix_32_of_579	0x861eb185	0x34a042ea	0xdf95e7f4	0x3ce04eeb	-0xa2b59909	0x3a	0x3a
468	0x787fe407836d	310	0xb8556	0x314522	0x314704	+0x1e2	dispatch	0xcdac7	310	0xb8556	0x1e8	0x162	0xcb	0x9a07	0x7635	0x1ca1	e8016201cb00079a3576a11c1587d000e463e6e801744fab006005408141e30a	prefix_32_of_482	0x34a042ea	0xfcdeff37	0x3ce04eeb	0xfcd60600	+0xbff5b715	0x3a	0x3a
469	0x787fe407836d	310	0xb8556	0x314704	0x314972	+0x26e	dispatch	0xcdac7	169	0x9af18	0x1e8	0x162	0x133	0x553a	0xc4b4	0x9913	e801620133013a55b4c41399000f9926d6e801b4c893293a145770293fba3bd7	prefix_32_of_622	0xfcdeff37	0xf8eeff37	0xfcd60600	0xf8e60910	-0x3effcf0	0x3a	0x3a
470	0x787fe407836d	169	0x9af18	0x314972	0x314bb5	+0x243	dispatch	0xcdac7	310	0xb8556	0xab	0x1e8	0x133	0xd3a	0x17b0	0x3590	ab00e80133013a0db017903576da52830d9d9ee801174b3aac16ab007e67bbcf	prefix_32_of_579	0xf8eeff37	0x62662dfb	0xf8e60910	0xbffcca14	-0x38e93efc	0x3a	0x3a
471	0x787fe407836d	310	0xb8556	0x314bb5	0x314d97	+0x1e2	dispatch	0xcdac7	169	0x9af18	0x1e8	0xa5	0x154	0xec4	0x99	0xdaa	e801a5005401c40e9900aa0d3e77f80828c29ae801209b1de1b283cc41d0003c	prefix_32_of_482	0x62662dfb	0xfadf7f2d	0xbffcca14	0xf21b0800	+0x321e3dec	0x3a	0x3a
472	0x787fe407836d	169	0x9af18	0x314d97	0x315005	+0x26e	dispatch	0xcdac7	310	0xb8556	0x162	0x1e8	0x154	0x1334	0x99	0x1060	6201e80154013413990060103a1468c6d70e38e801880ac47c15400b7ef3eb03	prefix_32_of_622	0xfadf7f2d	0xe34473c6	0xf21b0800	0xe74477c6	-0xad6903a	0x3a	0x3a
473	0x787fe407836d	310	0xb8556	0x315005	0x31522f	+0x22a	dispatch	0xcdac7	310	0xb8556	0x1e8	0xab	0x2b	0x7ded	0x99	0x9d3a	e801ab002b00ed7d99003a9daf99001ceee5a3e801abfa76d8093db434706b58	prefix_32_of_554	0xe34473c6	0x69b0303a	0xe74477c6	0x69145e5a	-0x7e30196c	0x3a	0x3a
474	0x787fe407836d	310	0xb8556	0x31522f	0x315486	+0x257	dispatch	0xcdac7	169	0x9af18	0x1e8	0xab	0xc7	0x4f47	0x2c3a	0xae89	e801ab00c700474f3a2c89ae01349650eb981ae801bbffdce71f77f3025db1c8	prefix_32_of_599	0x69b0303a	0x841ab3c5	0x69145e5a	0x841ab3c5	+0x1b06556b	0x3a	0x3a
475	0x787fe407836d	169	0x9af18	0x315486	0x3156ca	+0x244	dispatch	0xcdac7	169	0x9af18	0xa5	0x1e8	0x12	0x620	0xdc3a	0xfca3	a500e801120020063adca3fce00d85dd41f69ae801e0a76a83e8bb0003922025	prefix_32_of_580	0x841ab3c5	0xf613f930	0x841ab3c5	0x3ffce85e	-0x441dcb67	0x3a	0x3a
476	0x787fe407836d	169	0x9af18	0x3156ca	0x315969	+0x29f	dispatch	0xcdac7	169	0x9af18	0xab	0x1e8	0x9d	0xcf07	0x99	0xf9a4	ab00e8019d0007cf9900a4f90133438c86ac48e801f3e7ab00737721d5bfd52a	prefix_32_of_671	0xf613f930	0x2ab32381	0x3ffce85e	0x2af72783	-0x1505c0db	0x3a	0x3a
477	0x787fe407836d	169	0x9af18	0x315969	0x315bbf	+0x256	dispatch	0xcdac7	169	0x9af18	0xab	0x1e8	0x129	0x1e31	0x8ee1	0x6ea2	ab00e8012901311ee18ea26eeb88cf9ecf06bee8010aaba3094961d69865e9dc	prefix_32_of_598	0x2ab32381	0x6e5d9892	0x2af72783	0x4000d60c	+0x1509ae89	0x3a	0x3a
478	0x787fe407836d	169	0x9af18	0x315bbf	0x310ca5	-0x4f1a	dispatch	0xcdac7	310	0xb8556	0xab	0x1e8	0x10c	0x1c4a	0x63e6	0x5af	ab00e8010c014a1ce663af053cd2e4092be80199f5de2fb4dd1429a30a54917a	backedge_sample	0x6e5d9892	0x148226cc	0x4000d60c	0xffaffb65	+0xbfaf2559	0x3a	0x3a
479	0x787fe407836d	310	0xb8556	0x310ca5	0x310ef0	+0x24b	dispatch	0xcdac7	310	0xb8556	0x1e8	0xa5	0xcb	0x9ebf	0x7635	0x390	e801a500cb00bf9e35769003042ba8fcee6d9ce801f7d8ab009003dc5941168f	prefix_32_of_587	0x148226cc	0x14100010	0xffaffb65	0x3f0612b2	-0xc0a9e8b3	0x3a	0x3a
480	0x787fe407836d	310	0xb8556	0x310ef0	0x311163	+0x273	dispatch	0xcdac7	169	0x9af18	0x1e8	0x162	0x154	0xf7c	0x99	0x92e7	e801620154017c0f9900e792dc1375ac08b602e801bf8c2f019289f5a0fa7e69	prefix_32_of_627	0x14100010	0xc83095f0	0x3f0612b2	0x400110fe	+0xfafe4c	0x3a	0x3a
481	0x787fe407836d	169	0x9af18	0x311163	0x3113a5	+0x242	dispatch	0xcdac7	169	0x9af18	0xa5	0x1e8	0x10c	0x1c4a	0x67ae	0x6b6	a500e8010c014a1cae67b6063aa56428d9e80129f1186774139007d64940f679	prefix_32_of_578	0xc83095f0	0x7adeff2e	0x400110fe	0x78de0800	+0x38dcf702	0x3a	0x3a
482	0x787fe407836d	169	0x9af18	0x3113a5	0x3115e7	+0x242	dispatch	0xcdac7	310	0xb8556	0x162	0x1e8	0xbd	0x99	0xe914	0x26e8	6201e801bd00990014e9e826ba56639900de34e8017709ab00041dab006485b4	prefix_32_of_578	0x7adeff2e	0x2948	0x78de0800	0x2948	-0x78dddeb8	0x3a	0x3a
483	0x787fe407836d	310	0xb8556	0x3115e7	0x311829	+0x242	dispatch	0xcdac7	169	0x9af18	0x1e8	0xa5	0x9d	0xd56f	0x99	0xad8	e801a5009d006fd59900d80a53f58761012fcee8011603b240666e6e27e60d3a	prefix_32_of_578	0x2948	0x3acddfde	0x2948	0x585c5c02	+0x585c32ba	0x3a	0x3a
484	0x787fe407836d	169	0x9af18	0x311829	0x311a6b	+0x242	dispatch	0xcdac7	169	0x9af18	0xab	0x1e8	0x151	0x94f0	0x99	0xfcec	ab00e8015101f0949900ecfc8b0cd809e4e80111f8d746656b7dce813884ab00	prefix_32_of_578	0x3acddfde	0xef1b287	0x585c5c02	0x69145f5a	+0x10b80358	0x3a	0x3a
485	0x787fe407836d	169	0x9af18	0x311a6b	0x311cad	+0x242	dispatch	0xcdac7	310	0xb8556	0xa5	0x1e8	0x72	0x64cb	0xac8c	0x620	a500e8017200cb648cac200648efdaf5e0bf18e8015f2dab001a531a84d8ab00	prefix_32_of_578	0xef1b287	0x524c03c5	0x69145f5a	0x7df7dfda	+0x14e38080	0x3a	0x3a
486	0x787fe407836d	310	0xb8556	0x311cad	0x311f69	+0x2bc	dispatch	0xcdac7	310	0xb8556	0x1e8	0xa5	0x10c	0x1c4a	0x6c86	0x7438	e801a5000c014a1c866c38749900ba703aa3e6e801859db8ec9f9147b7bebdaa	prefix_32_of_700	0x524c03c5	0x8e78f1da	0x7df7dfda	0xeb377ffe	+0x6d3fa024	0x3a	0x3a
487	0x787fe407836d	310	0xb8556	0x311f69	0x31223a	+0x2d1	dispatch	0xcdac7	310	0xb8556	0x1e8	0xa5	0x14d	0xe523	0x99	0xe367	e801a5004d0123e5990067e332d17995c6459ee801880a70a4781ff2ff90977e	prefix_32_of_721	0x8e78f1da	0x8e4e0de5	0xeb377ffe	0x7bd7fefb	-0x6f5f8103	0x3a	0x3a
488	0x787fe407836d	310	0xb8556	0x31223a	0x312464	+0x22a	dispatch	0xcdac7	169	0x9af18	0x1e8	0xab	0x151	0x9568	0x99	0xae47	e801ab0051016895990047ae9900f3a03a2e3ae801d80a443786cf06c648acd7	prefix_32_of_554	0x8e4e0de5	0x347541db	0x7bd7fefb	0x69945ffa	-0x12439f01	0x3a	0x3a
489	0x787fe407836d	169	0x9af18	0x312464	0x31268e	+0x22a	dispatch	0xcdac7	310	0xb8556	0xab	0x1e8	0x42	0x97f9	0x8b3a	0x99da	ab00e8014200f9973a8bda99009a299900e801e4734b803a09b993007451ab00	prefix_32_of_554	0x347541db	0x5675bb90	0x69945ffa	0xffc76ef9	+0x96330eff	0x3a	0x3a
490	0x787fe407836d	310	0xb8556	0x31268e	0x312868	+0x1da	dispatch	0xcdac7	169	0x9af18	0x1e8	0x162	0x10c	0x1c4a	0x6576	0x4392	e80162010c014a1c76659243358b8809c82954e8014c0cab0058019c10f7f483	prefix_32_of_474	0x5675bb90	0x221c12	0xffc76ef9	0x3f06a742	-0xc0c0c7b7	0x3a	0x3a
491	0x787fe407836d	169	0x9af18	0x312868	0x312aee	+0x286	dispatch	0xcdac7	169	0x9af18	0xab	0x1e8	0x12	0x5e8	0xae3a	0xb4a5	ab00e8011200e8053aaea5b4a2606756d86000e801d80a90778a7301aa4f8cd8	prefix_32_of_646	0x221c12	0x8e3c0ca2	0x3f06a742	0x6f95fefa	+0x308f57b8	0x3a	0x3a
492	0x787fe407836d	169	0x9af18	0x312aee	0x312cd0	+0x1e2	dispatch	0xcdac7	169	0x9af18	0x162	0x1e8	0x9d	0xd4ff	0x99	0x3810	6201e8019d00ffd499001038377504acaadc9ee80188acfa117cde3f9f9f57fa	prefix_32_of_482	0x8e3c0ca2	0xfbf79ddb	0x6f95fefa	0xf9f3eb74	+0x8a5dec7a	0x3a	0x3a
493	0x787fe407836d	169	0x9af18	0x312cd0	0x312f26	+0x256	dispatch	0xcdac7	310	0xb8556	0x162	0x1e8	0xbd	0x99	0xe964	0x860	6201e801bd00990064e96008f0890e712b581de8014b1ac6d48406bceffeed89	prefix_32_of_598	0xfbf79ddb	0x4b8eb2de	0xf9f3eb74	0x7b1c5e5e	-0x7ed78d16	0x3a	0x3a
494	0x787fe407836d	310	0xb8556	0x312f26	0x313169	+0x243	dispatch	0xcdac7	310	0xb8556	0x1e8	0x162	0xb9	0xa483	0x543a	0xcd68	e8016201b90083a43a5468cdd0817305599acde80104b48b0ce80544a5607c99	prefix_32_of_579	0x4b8eb2de	0x7afe7fef	0x7b1c5e5e	0x727e02a8	-0x89e5bb6	0x3a	0x3a
495	0x787fe407836d	310	0xb8556	0x313169	0x31334b	+0x1e2	dispatch	0xcdac7	169	0x9af18	0x1e8	0xa5	0x151	0x99e0	0x99	0x2580	e801a5005101e09999008025faf2b3bb03cc5ae801979b477a218516bad00004	prefix_32_of_482	0x7afe7fef	0xce4d8465	0x727e02a8	0x7f3e7f7b	+0xcc07cd3	0x3a	0x3a
496	0x787fe407836d	169	0x9af18	0x31334b	0x3135b9	+0x26e	dispatch	0xcdac7	169	0x9af18	0xa5	0x1e8	0x40	0xa81d	0x99	0x620	a500e80140001da899002006e89ff41597541ce801ab9e2ac633af3ada4c1da9	prefix_32_of_622	0xce4d8465	0xc917a90d	0x7f3e7f7b	0xc917a90d	+0x49d92992	0x3a	0x3a
497	0x787fe407836d	169	0x9af18	0x3135b9	0x3137fc	+0x243	dispatch	0xcdac7	310	0xb8556	0x162	0x1e8	0x40	0xa2bd	0x99	0x1b17	6201e8014000bda29900171bab6f0801d4e8014ab2d76ef4e32006be862314d7	prefix_32_of_579	0xc917a90d	0x8df97560	0xc917a90d	0x694cb90f	-0x5fcaeffe	0x3a	0x3a
498	0x787fe407836d	310	0xb8556	0x3137fc	0x3139de	+0x1e2	dispatch	0xcdac7	310	0xb8556	0x1e8	0x162	0xa8	0x99	0xd0ce	0x339a	e8016201a8009900ced09a331c968809df4913e8013e1db47be2ab00a9a94eef	prefix_32_of_482	0x8df97560	0x4a612e32	0x694cb90f	0x5f8f8af3	-0x9bd2e1c	0x3a	0x3a
499	0x787fe407836d	310	0xb8556	0x3139de	0x313c4c	+0x26e	dispatch	0xcdac7	169	0x9af18	0x1e8	0xa5	0x154	0x12ac	0x99	0x6160	e801a5005401ac12990060615dd8ca85aa86fae801e80522b455bce3a77dd306	prefix_32_of_622	0x4a612e32	0x8f70318b	0x5f8f8af3	0xfbfb8b3c	+0x9c6c0049	0x3a	0x3a
500	0x787fe407836d	169	0x9af18	0x313c4c	0x313e8f	+0x243	dispatch	0xcdac7	169	0x9af18	0xab	0x1e8	0x14d	0xe973	0x99	0xe987	ab00e8014d0173e9990087e926178cfb71d638e8010b62f5e882fa050f99789a	prefix_32_of_579	0x8f70318b	0xfed1df96	0xfbfb8b3c	0x58a4dcd6	-0xa356ae66	0x3a	0x3a
501	0x787fe407836d	169	0x9af18	0x313e8f	0x314071	+0x1e2	dispatch	0xcdac7	169	0x9af18	0x162	0x1e8	0x9d	0xd4ff	0x99	0x3390	6201e8019d00ffd49900903337b623a8e5df73e8019798477690393ef22f9bcb	prefix_32_of_482	0xfed1df96	0x4ac60206	0x58a4dcd6	0x5ee7d2fb	+0x642f625	0x3a	0x3a
502	0x787fe407836d	169	0x9af18	0x314071	0x3142df	+0x26e	dispatch	0xcdac7	310	0xb8556	0x162	0x1e8	0xa8	0x99	0xd4b6	0x9fd6	6201e801a8009900b6d4d69fbcef4e5f09e8011cb697d66ed299928e413a85b4	prefix_32_of_622	0x4ac60206	0x861eb185	0x5ee7d2fb	0xdf95e7f4	+0x80ae14f9	0x3a	0x3a
503	0x787fe407836d	310	0xb8556	0x3142df	0x314522	+0x243	dispatch	0xcdac7	310	0xb8556	0x1e8	0xab	0xd7	0xa88	0xd888	0x227d	e801ab00d700880a88d87d220b07a29900b00ee801c9569798eedb0f85a424a2	prefix_32_of_579	0x861eb185	0x34a042ea	0xdf95e7f4	0x3ce04eeb	-0xa2b59909	0x3a	0x3a
504	0x787fe407836d	310	0xb8556	0x314522	0x314704	+0x1e2	dispatch	0xcdac7	310	0xb8556	0x1e8	0x162	0xcb	0x9a07	0x7635	0x1ca1	e8016201cb00079a3576a11c1587d000e463e6e801744fab006005408141e30a	prefix_32_of_482	0x34a042ea	0xfcdeff37	0x3ce04eeb	0xfcd60600	+0xbff5b715	0x3a	0x3a
505	0x787fe407836d	310	0xb8556	0x314704	0x314972	+0x26e	dispatch	0xcdac7	169	0x9af18	0x1e8	0x162	0x133	0x553a	0xc4b4	0x9913	e801620133013a55b4c41399000f9926d6e801b4c893293a145770293fba3bd7	prefix_32_of_622	0xfcdeff37	0xf8eeff37	0xfcd60600	0xf8e60910	-0x3effcf0	0x3a	0x3a
506	0x787fe407836d	169	0x9af18	0x314972	0x314bb5	+0x243	dispatch	0xcdac7	310	0xb8556	0xab	0x1e8	0x133	0xd3a	0x17b0	0x3590	ab00e80133013a0db017903576da52830d9d9ee801174b3aac16ab007e67bbcf	prefix_32_of_579	0xf8eeff37	0x62662dfb	0xf8e60910	0xbffcca14	-0x38e93efc	0x3a	0x3a
507	0x787fe407836d	310	0xb8556	0x314bb5	0x314d97	+0x1e2	dispatch	0xcdac7	169	0x9af18	0x1e8	0xa5	0x154	0xec4	0x99	0xdaa	e801a5005401c40e9900aa0d3e77f80828c29ae801209b1de1b283cc41d0003c	prefix_32_of_482	0x62662dfb	0xfadf7f2d	0xbffcca14	0xf21b0800	+0x321e3dec	0x3a	0x3a
508	0x787fe407836d	169	0x9af18	0x314d97	0x315005	+0x26e	dispatch	0xcdac7	310	0xb8556	0x162	0x1e8	0x154	0x1334	0x99	0x1060	6201e80154013413990060103a1468c6d70e38e801880ac47c15400b7ef3eb03	prefix_32_of_622	0xfadf7f2d	0xe34473c6	0xf21b0800	0xe74477c6	-0xad6903a	0x3a	0x3a
509	0x787fe407836d	310	0xb8556	0x315005	0x31522f	+0x22a	dispatch	0xcdac7	310	0xb8556	0x1e8	0xab	0x2b	0x7ded	0x99	0x9d3a	e801ab002b00ed7d99003a9daf99001ceee5a3e801abfa76d8093db434706b58	prefix_32_of_554	0xe34473c6	0x69b0303a	0xe74477c6	0x69145e5a	-0x7e30196c	0x3a	0x3a
510	0x787fe407836d	310	0xb8556	0x31522f	0x315486	+0x257	dispatch	0xcdac7	169	0x9af18	0x1e8	0xab	0xc7	0x4f47	0x2c3a	0xae89	e801ab00c700474f3a2c89ae01349650eb981ae801bbffdce71f77f3025db1c8	prefix_32_of_599	0x69b0303a	0x841ab3c5	0x69145e5a	0x841ab3c5	+0x1b06556b	0x3a	0x3a
511	0x787fe407836d	169	0x9af18	0x315486	0x3156ca	+0x244	dispatch	0xcdac7	169	0x9af18	0xa5	0x1e8	0x12	0x620	0xdc3a	0xfca3	a500e801120020063adca3fce00d85dd41f69ae801e0a76a83e8bb0003922025	prefix_32_of_580	0x841ab3c5	0xf613f930	0x841ab3c5	0x3ffce85e	-0x441dcb67	0x3a	0x3a
512	0x787fe407836d	169	0x9af18	0x3156ca	0x315969	+0x29f	dispatch	0xcdac7	169	0x9af18	0xab	0x1e8	0x9d	0xcf07	0x99	0xf9a4	ab00e8019d0007cf9900a4f90133438c86ac48e801f3e7ab00737721d5bfd52a	prefix_32_of_671	0xf613f930	0x2ab32381	0x3ffce85e	0x2af72783	-0x1505c0db	0x3a	0x3a
513	0x787fe407836d	169	0x9af18	0x315969	0x315bbf	+0x256	dispatch	0xcdac7	169	0x9af18	0xab	0x1e8	0x129	0x1e31	0x8ee1	0x6ea2	ab00e8012901311ee18ea26eeb88cf9ecf06bee8010aaba3094961d69865e9dc	prefix_32_of_598	0x2ab32381	0x6e5d9892	0x2af72783	0x4000d60c	+0x1509ae89	0x3a	0x3a
514	0x787fe407836d	169	0x9af18	0x315bbf	0x310ca5	-0x4f1a	dispatch	0xcdac7	310	0xb8556	0xab	0x1e8	0x10c	0x1c4a	0x63e6	0x5af	ab00e8010c014a1ce663af053cd2e4092be80199f5de2fb4dd1429a30a54917a	backedge_sample	0x6e5d9892	0x148226cc	0x4000d60c	0xffaffb65	+0xbfaf2559	0x3a	0x3a
515	0x787fe407836d	310	0xb8556	0x310ca5	0x310ef0	+0x24b	dispatch	0xcdac7	310	0xb8556	0x1e8	0xa5	0xcb	0x9ebf	0x7635	0x390	e801a500cb00bf9e35769003042ba8fcee6d9ce801f7d8ab009003dc5941168f	prefix_32_of_587	0x148226cc	0x14100010	0xffaffb65	0x3f0612b2	-0xc0a9e8b3	0x3a	0x3a
516	0x787fe407836d	310	0xb8556	0x310ef0	0x311163	+0x273	dispatch	0xcdac7	169	0x9af18	0x1e8	0x162	0x154	0xf7c	0x99	0x92e7	e801620154017c0f9900e792dc1375ac08b602e801bf8c2f019289f5a0fa7e69	prefix_32_of_627	0x14100010	0xc83095f0	0x3f0612b2	0x400110fe	+0xfafe4c	0x3a	0x3a
517	0x787fe407836d	169	0x9af18	0x311163	0x3113a5	+0x242	dispatch	0xcdac7	169	0x9af18	0xa5	0x1e8	0x10c	0x1c4a	0x67ae	0x6b6	a500e8010c014a1cae67b6063aa56428d9e80129f1186774139007d64940f679	prefix_32_of_578	0xc83095f0	0x7adeff2e	0x400110fe	0x78de0800	+0x38dcf702	0x3a	0x3a
518	0x787fe407836d	169	0x9af18	0x3113a5	0x3115e7	+0x242	dispatch	0xcdac7	310	0xb8556	0x162	0x1e8	0xbd	0x99	0xe914	0x26e8	6201e801bd00990014e9e826ba56639900de34e8017709ab00041dab006485b4	prefix_32_of_578	0x7adeff2e	0x2948	0x78de0800	0x2948	-0x78dddeb8	0x3a	0x3a
519	0x787fe407836d	310	0xb8556	0x3115e7	0x311829	+0x242	dispatch	0xcdac7	169	0x9af18	0x1e8	0xa5	0x9d	0xd56f	0x99	0xad8	e801a5009d006fd59900d80a53f58761012fcee8011603b240666e6e27e60d3a	prefix_32_of_578	0x2948	0x3acddfde	0x2948	0x585c5c02	+0x585c32ba	0x3a	0x3a
520	0x787fe407836d	169	0x9af18	0x311829	0x311a6b	+0x242	dispatch	0xcdac7	169	0x9af18	0xab	0x1e8	0x151	0x94f0	0x99	0xfcec	ab00e8015101f0949900ecfc8b0cd809e4e80111f8d746656b7dce813884ab00	prefix_32_of_578	0x3acddfde	0xef1b287	0x585c5c02	0x69145f5a	+0x10b80358	0x3a	0x3a
521	0x787fe407836d	169	0x9af18	0x311a6b	0x311cad	+0x242	dispatch	0xcdac7	310	0xb8556	0xa5	0x1e8	0x72	0x64cb	0xac8c	0x620	a500e8017200cb648cac200648efdaf5e0bf18e8015f2dab001a531a84d8ab00	prefix_32_of_578	0xef1b287	0x524c03c5	0x69145f5a	0x7df7dfda	+0x14e38080	0x3a	0x3a
522	0x787fe407836d	310	0xb8556	0x311cad	0x311f69	+0x2bc	dispatch	0xcdac7	310	0xb8556	0x1e8	0xa5	0x10c	0x1c4a	0x6c86	0x7438	e801a5000c014a1c866c38749900ba703aa3e6e801859db8ec9f9147b7bebdaa	prefix_32_of_700	0x524c03c5	0x8e78f1da	0x7df7dfda	0xeb377ffe	+0x6d3fa024	0x3a	0x3a
523	0x787fe407836d	310	0xb8556	0x311f69	0x31223a	+0x2d1	dispatch	0xcdac7	310	0xb8556	0x1e8	0xa5	0x14d	0xe523	0x99	0xe367	e801a5004d0123e5990067e332d17995c6459ee801880a70a4781ff2ff90977e	prefix_32_of_721	0x8e78f1da	0x8e4e0de5	0xeb377ffe	0x7bd7fefb	-0x6f5f8103	0x3a	0x3a
524	0x787fe407836d	310	0xb8556	0x31223a	0x312464	+0x22a	dispatch	0xcdac7	169	0x9af18	0x1e8	0xab	0x151	0x9568	0x99	0xae47	e801ab0051016895990047ae9900f3a03a2e3ae801d80a443786cf06c648acd7	prefix_32_of_554	0x8e4e0de5	0x347541db	0x7bd7fefb	0x69945ffa	-0x12439f01	0x3a	0x3a
525	0x787fe407836d	169	0x9af18	0x312464	0x31268e	+0x22a	dispatch	0xcdac7	310	0xb8556	0xab	0x1e8	0x42	0x97f9	0x8b3a	0x99da	ab00e8014200f9973a8bda99009a299900e801e4734b803a09b993007451ab00	prefix_32_of_554	0x347541db	0x5675bb90	0x69945ffa	0xffc76ef9	+0x96330eff	0x3a	0x3a
526	0x787fe407836d	310	0xb8556	0x31268e	0x312868	+0x1da	dispatch	0xcdac7	169	0x9af18	0x1e8	0x162	0x10c	0x1c4a	0x6576	0x4392	e80162010c014a1c76659243358b8809c82954e8014c0cab0058019c10f7f483	prefix_32_of_474	0x5675bb90	0x221c12	0xffc76ef9	0x3f06a742	-0xc0c0c7b7	0x3a	0x3a
527	0x787fe407836d	169	0x9af18	0x312868	0x312aee	+0x286	dispatch	0xcdac7	169	0x9af18	0xab	0x1e8	0x12	0x5e8	0xae3a	0xb4a5	ab00e8011200e8053aaea5b4a2606756d86000e801d80a90778a7301aa4f8cd8	prefix_32_of_646	0x221c12	0x8e3c0ca2	0x3f06a742	0x6f95fefa	+0x308f57b8	0x3a	0x3a
528	0x787fe407836d	169	0x9af18	0x312aee	0x312cd0	+0x1e2	dispatch	0xcdac7	169	0x9af18	0x162	0x1e8	0x9d	0xd4ff	0x99	0x3810	6201e8019d00ffd499001038377504acaadc9ee80188acfa117cde3f9f9f57fa	prefix_32_of_482	0x8e3c0ca2	0xfbf79ddb	0x6f95fefa	0xf9f3eb74	+0x8a5dec7a	0x3a	0x3a
529	0x787fe407836d	169	0x9af18	0x312cd0	0x312f26	+0x256	dispatch	0xcdac7	310	0xb8556	0x162	0x1e8	0xbd	0x99	0xe964	0x860	6201e801bd00990064e96008f0890e712b581de8014b1ac6d48406bceffeed89	prefix_32_of_598	0xfbf79ddb	0x4b8eb2de	0xf9f3eb74	0x7b1c5e5e	-0x7ed78d16	0x3a	0x3a
530	0x787fe407836d	310	0xb8556	0x312f26	0x313169	+0x243	dispatch	0xcdac7	310	0xb8556	0x1e8	0x162	0xb9	0xa483	0x543a	0xcd68	e8016201b90083a43a5468cdd0817305599acde80104b48b0ce80544a5607c99	prefix_32_of_579	0x4b8eb2de	0x7afe7fef	0x7b1c5e5e	0x727e02a8	-0x89e5bb6	0x3a	0x3a
531	0x787fe407836d	310	0xb8556	0x313169	0x31334b	+0x1e2	dispatch	0xcdac7	169	0x9af18	0x1e8	0xa5	0x151	0x99e0	0x99	0x2580	e801a5005101e09999008025faf2b3bb03cc5ae801979b477a218516bad00004	prefix_32_of_482	0x7afe7fef	0xce4d8465	0x727e02a8	0x7f3e7f7b	+0xcc07cd3	0x3a	0x3a
532	0x787fe407836d	169	0x9af18	0x31334b	0x3135b9	+0x26e	dispatch	0xcdac7	169	0x9af18	0xa5	0x1e8	0x40	0xa81d	0x99	0x620	a500e80140001da899002006e89ff41597541ce801ab9e2ac633af3ada4c1da9	prefix_32_of_622	0xce4d8465	0xc917a90d	0x7f3e7f7b	0xc917a90d	+0x49d92992	0x3a	0x3a
533	0x787fe407836d	169	0x9af18	0x3135b9	0x3137fc	+0x243	dispatch	0xcdac7	310	0xb8556	0x162	0x1e8	0x40	0xa2bd	0x99	0x1b17	6201e8014000bda29900171bab6f0801d4e8014ab2d76ef4e32006be862314d7	prefix_32_of_579	0xc917a90d	0x8df97560	0xc917a90d	0x694cb90f	-0x5fcaeffe	0x3a	0x3a
534	0x787fe407836d	310	0xb8556	0x3137fc	0x3139de	+0x1e2	dispatch	0xcdac7	310	0xb8556	0x1e8	0x162	0xa8	0x99	0xd0ce	0x339a	e8016201a8009900ced09a331c968809df4913e8013e1db47be2ab00a9a94eef	prefix_32_of_482	0x8df97560	0x4a612e32	0x694cb90f	0x5f8f8af3	-0x9bd2e1c	0x3a	0x3a
535	0x787fe407836d	310	0xb8556	0x3139de	0x313c4c	+0x26e	dispatch	0xcdac7	169	0x9af18	0x1e8	0xa5	0x154	0x12ac	0x99	0x6160	e801a5005401ac12990060615dd8ca85aa86fae801e80522b455bce3a77dd306	prefix_32_of_622	0x4a612e32	0x8f70318b	0x5f8f8af3	0xfbfb8b3c	+0x9c6c0049	0x3a	0x3a
536	0x787fe407836d	169	0x9af18	0x313c4c	0x313e8f	+0x243	dispatch	0xcdac7	169	0x9af18	0xab	0x1e8	0x14d	0xe973	0x99	0xe987	ab00e8014d0173e9990087e926178cfb71d638e8010b62f5e882fa050f99789a	prefix_32_of_579	0x8f70318b	0xfed1df96	0xfbfb8b3c	0x58a4dcd6	-0xa356ae66	0x3a	0x3a
537	0x787fe407836d	169	0x9af18	0x313e8f	0x314071	+0x1e2	dispatch	0xcdac7	169	0x9af18	0x162	0x1e8	0x9d	0xd4ff	0x99	0x3390	6201e8019d00ffd49900903337b623a8e5df73e8019798477690393ef22f9bcb	prefix_32_of_482	0xfed1df96	0x4ac60206	0x58a4dcd6	0x5ee7d2fb	+0x642f625	0x3a	0x3a
538	0x787fe407836d	169	0x9af18	0x314071	0x3142df	+0x26e	dispatch	0xcdac7	310	0xb8556	0x162	0x1e8	0xa8	0x99	0xd4b6	0x9fd6	6201e801a8009900b6d4d69fbcef4e5f09e8011cb697d66ed299928e413a85b4	prefix_32_of_622	0x4ac60206	0x861eb185	0x5ee7d2fb	0xdf95e7f4	+0x80ae14f9	0x3a	0x3a
539	0x787fe407836d	310	0xb8556	0x3142df	0x314522	+0x243	dispatch	0xcdac7	310	0xb8556	0x1e8	0xab	0xd7	0xa88	0xd888	0x227d	e801ab00d700880a88d87d220b07a29900b00ee801c9569798eedb0f85a424a2	prefix_32_of_579	0x861eb185	0x34a042ea	0xdf95e7f4	0x3ce04eeb	-0xa2b59909	0x3a	0x3a
540	0x787fe407836d	310	0xb8556	0x314522	0x314704	+0x1e2	dispatch	0xcdac7	310	0xb8556	0x1e8	0x162	0xcb	0x9a07	0x7635	0x1ca1	e8016201cb00079a3576a11c1587d000e463e6e801744fab006005408141e30a	prefix_32_of_482	0x34a042ea	0xfcdeff37	0x3ce04eeb	0xfcd60600	+0xbff5b715	0x3a	0x3a
541	0x787fe407836d	310	0xb8556	0x314704	0x314972	+0x26e	dispatch	0xcdac7	169	0x9af18	0x1e8	0x162	0x133	0x553a	0xc4b4	0x9913	e801620133013a55b4c41399000f9926d6e801b4c893293a145770293fba3bd7	prefix_32_of_622	0xfcdeff37	0xf8eeff37	0xfcd60600	0xf8e60910	-0x3effcf0	0x3a	0x3a
542	0x787fe407836d	169	0x9af18	0x314972	0x314bb5	+0x243	dispatch	0xcdac7	310	0xb8556	0xab	0x1e8	0x133	0xd3a	0x17b0	0x3590	ab00e80133013a0db017903576da52830d9d9ee801174b3aac16ab007e67bbcf	prefix_32_of_579	0xf8eeff37	0x62662dfb	0xf8e60910	0xbffcca14	-0x38e93efc	0x3a	0x3a
543	0x787fe407836d	310	0xb8556	0x314bb5	0x314d97	+0x1e2	dispatch	0xcdac7	169	0x9af18	0x1e8	0xa5	0x154	0xec4	0x99	0xdaa	e801a5005401c40e9900aa0d3e77f80828c29ae801209b1de1b283cc41d0003c	prefix_32_of_482	0x62662dfb	0xfadf7f2d	0xbffcca14	0xf21b0800	+0x321e3dec	0x3a	0x3a
544	0x787fe407836d	169	0x9af18	0x314d97	0x315005	+0x26e	dispatch	0xcdac7	310	0xb8556	0x162	0x1e8	0x154	0x1334	0x99	0x1060	6201e80154013413990060103a1468c6d70e38e801880ac47c15400b7ef3eb03	prefix_32_of_622	0xfadf7f2d	0xe34473c6	0xf21b0800	0xe74477c6	-0xad6903a	0x3a	0x3a
545	0x787fe407836d	310	0xb8556	0x315005	0x31522f	+0x22a	dispatch	0xcdac7	310	0xb8556	0x1e8	0xab	0x2b	0x7ded	0x99	0x9d3a	e801ab002b00ed7d99003a9daf99001ceee5a3e801abfa76d8093db434706b58	prefix_32_of_554	0xe34473c6	0x69b0303a	0xe74477c6	0x69145e5a	-0x7e30196c	0x3a	0x3a
546	0x787fe407836d	310	0xb8556	0x31522f	0x315486	+0x257	dispatch	0xcdac7	169	0x9af18	0x1e8	0xab	0xc7	0x4f47	0x2c3a	0xae89	e801ab00c700474f3a2c89ae01349650eb981ae801bbffdce71f77f3025db1c8	prefix_32_of_599	0x69b0303a	0x841ab3c5	0x69145e5a	0x841ab3c5	+0x1b06556b	0x3a	0x3a
547	0x787fe407836d	169	0x9af18	0x315486	0x3156ca	+0x244	dispatch	0xcdac7	169	0x9af18	0xa5	0x1e8	0x12	0x620	0xdc3a	0xfca3	a500e801120020063adca3fce00d85dd41f69ae801e0a76a83e8bb0003922025	prefix_32_of_580	0x841ab3c5	0xf613f930	0x841ab3c5	0x3ffce85e	-0x441dcb67	0x3a	0x3a
548	0x787fe407836d	169	0x9af18	0x3156ca	0x315969	+0x29f	dispatch	0xcdac7	169	0x9af18	0xab	0x1e8	0x9d	0xcf07	0x99	0xf9a4	ab00e8019d0007cf9900a4f90133438c86ac48e801f3e7ab00737721d5bfd52a	prefix_32_of_671	0xf613f930	0x2ab32381	0x3ffce85e	0x2af72783	-0x1505c0db	0x3a	0x3a
549	0x787fe407836d	169	0x9af18	0x315969	0x315bbf	+0x256	dispatch	0xcdac7	169	0x9af18	0xab	0x1e8	0x129	0x1e31	0x8ee1	0x6ea2	ab00e8012901311ee18ea26eeb88cf9ecf06bee8010aaba3094961d69865e9dc	prefix_32_of_598	0x2ab32381	0x6e5d9892	0x2af72783	0x4000d60c	+0x1509ae89	0x3a	0x3a
550	0x787fe407836d	169	0x9af18	0x315bbf	0x310ca5	-0x4f1a	dispatch	0xcdac7	310	0xb8556	0xab	0x1e8	0x10c	0x1c4a	0x63e6	0x5af	ab00e8010c014a1ce663af053cd2e4092be80199f5de2fb4dd1429a30a54917a	backedge_sample	0x6e5d9892	0x148226cc	0x4000d60c	0xffaffb65	+0xbfaf2559	0x3a	0x3a
551	0x787fe407836d	310	0xb8556	0x310ca5	0x310ef0	+0x24b	dispatch	0xcdac7	310	0xb8556	0x1e8	0xa5	0xcb	0x9ebf	0x7635	0x390	e801a500cb00bf9e35769003042ba8fcee6d9ce801f7d8ab009003dc5941168f	prefix_32_of_587	0x148226cc	0x14100010	0xffaffb65	0x3f0612b2	-0xc0a9e8b3	0x3a	0x3a
552	0x787fe407836d	310	0xb8556	0x310ef0	0x311163	+0x273	dispatch	0xcdac7	169	0x9af18	0x1e8	0x162	0x154	0xf7c	0x99	0x92e7	e801620154017c0f9900e792dc1375ac08b602e801bf8c2f019289f5a0fa7e69	prefix_32_of_627	0x14100010	0xc83095f0	0x3f0612b2	0x400110fe	+0xfafe4c	0x3a	0x3a
553	0x787fe407836d	169	0x9af18	0x311163	0x3113a5	+0x242	dispatch	0xcdac7	169	0x9af18	0xa5	0x1e8	0x10c	0x1c4a	0x67ae	0x6b6	a500e8010c014a1cae67b6063aa56428d9e80129f1186774139007d64940f679	prefix_32_of_578	0xc83095f0	0x7adeff2e	0x400110fe	0x78de0800	+0x38dcf702	0x3a	0x3a
554	0x787fe407836d	169	0x9af18	0x3113a5	0x3115e7	+0x242	dispatch	0xcdac7	310	0xb8556	0x162	0x1e8	0xbd	0x99	0xe914	0x26e8	6201e801bd00990014e9e826ba56639900de34e8017709ab00041dab006485b4	prefix_32_of_578	0x7adeff2e	0x2948	0x78de0800	0x2948	-0x78dddeb8	0x3a	0x3a
555	0x787fe407836d	310	0xb8556	0x3115e7	0x311829	+0x242	dispatch	0xcdac7	169	0x9af18	0x1e8	0xa5	0x9d	0xd56f	0x99	0xad8	e801a5009d006fd59900d80a53f58761012fcee8011603b240666e6e27e60d3a	prefix_32_of_578	0x2948	0x3acddfde	0x2948	0x585c5c02	+0x585c32ba	0x3a	0x3a
556	0x787fe407836d	169	0x9af18	0x311829	0x311a6b	+0x242	dispatch	0xcdac7	169	0x9af18	0xab	0x1e8	0x151	0x94f0	0x99	0xfcec	ab00e8015101f0949900ecfc8b0cd809e4e80111f8d746656b7dce813884ab00	prefix_32_of_578	0x3acddfde	0xef1b287	0x585c5c02	0x69145f5a	+0x10b80358	0x3a	0x3a
557	0x787fe407836d	169	0x9af18	0x311a6b	0x311cad	+0x242	dispatch	0xcdac7	310	0xb8556	0xa5	0x1e8	0x72	0x64cb	0xac8c	0x620	a500e8017200cb648cac200648efdaf5e0bf18e8015f2dab001a531a84d8ab00	prefix_32_of_578	0xef1b287	0x524c03c5	0x69145f5a	0x7df7dfda	+0x14e38080	0x3a	0x3a
558	0x787fe407836d	310	0xb8556	0x311cad	0x311f69	+0x2bc	dispatch	0xcdac7	310	0xb8556	0x1e8	0xa5	0x10c	0x1c4a	0x6c86	0x7438	e801a5000c014a1c866c38749900ba703aa3e6e801859db8ec9f9147b7bebdaa	prefix_32_of_700	0x524c03c5	0x8e78f1da	0x7df7dfda	0xeb377ffe	+0x6d3fa024	0x3a	0x3a
559	0x787fe407836d	310	0xb8556	0x311f69	0x31223a	+0x2d1	dispatch	0xcdac7	310	0xb8556	0x1e8	0xa5	0x14d	0xe523	0x99	0xe367	e801a5004d0123e5990067e332d17995c6459ee801880a70a4781ff2ff90977e	prefix_32_of_721	0x8e78f1da	0x8e4e0de5	0xeb377ffe	0x7bd7fefb	-0x6f5f8103	0x3a	0x3a
560	0x787fe407836d	310	0xb8556	0x31223a	0x312464	+0x22a	dispatch	0xcdac7	169	0x9af18	0x1e8	0xab	0x151	0x9568	0x99	0xae47	e801ab0051016895990047ae9900f3a03a2e3ae801d80a443786cf06c648acd7	prefix_32_of_554	0x8e4e0de5	0x347541db	0x7bd7fefb	0x69945ffa	-0x12439f01	0x3a	0x3a
561	0x787fe407836d	169	0x9af18	0x312464	0x31268e	+0x22a	dispatch	0xcdac7	310	0xb8556	0xab	0x1e8	0x42	0x97f9	0x8b3a	0x99da	ab00e8014200f9973a8bda99009a299900e801e4734b803a09b993007451ab00	prefix_32_of_554	0x347541db	0x5675bb90	0x69945ffa	0xffc76ef9	+0x96330eff	0x3a	0x3a
562	0x787fe407836d	310	0xb8556	0x31268e	0x312868	+0x1da	dispatch	0xcdac7	169	0x9af18	0x1e8	0x162	0x10c	0x1c4a	0x6576	0x4392	e80162010c014a1c76659243358b8809c82954e8014c0cab0058019c10f7f483	prefix_32_of_474	0x5675bb90	0x221c12	0xffc76ef9	0x3f06a742	-0xc0c0c7b7	0x3a	0x3a
563	0x787fe407836d	169	0x9af18	0x312868	0x312aee	+0x286	dispatch	0xcdac7	169	0x9af18	0xab	0x1e8	0x12	0x5e8	0xae3a	0xb4a5	ab00e8011200e8053aaea5b4a2606756d86000e801d80a90778a7301aa4f8cd8	prefix_32_of_646	0x221c12	0x8e3c0ca2	0x3f06a742	0x6f95fefa	+0x308f57b8	0x3a	0x3a
564	0x787fe407836d	169	0x9af18	0x312aee	0x312cd0	+0x1e2	dispatch	0xcdac7	169	0x9af18	0x162	0x1e8	0x9d	0xd4ff	0x99	0x3810	6201e8019d00ffd499001038377504acaadc9ee80188acfa117cde3f9f9f57fa	prefix_32_of_482	0x8e3c0ca2	0xfbf79ddb	0x6f95fefa	0xf9f3eb74	+0x8a5dec7a	0x3a	0x3a
565	0x787fe407836d	169	0x9af18	0x312cd0	0x312f26	+0x256	dispatch	0xcdac7	310	0xb8556	0x162	0x1e8	0xbd	0x99	0xe964	0x860	6201e801bd00990064e96008f0890e712b581de8014b1ac6d48406bceffeed89	prefix_32_of_598	0xfbf79ddb	0x4b8eb2de	0xf9f3eb74	0x7b1c5e5e	-0x7ed78d16	0x3a	0x3a
566	0x787fe407836d	310	0xb8556	0x312f26	0x313169	+0x243	dispatch	0xcdac7	310	0xb8556	0x1e8	0x162	0xb9	0xa483	0x543a	0xcd68	e8016201b90083a43a5468cdd0817305599acde80104b48b0ce80544a5607c99	prefix_32_of_579	0x4b8eb2de	0x7afe7fef	0x7b1c5e5e	0x727e02a8	-0x89e5bb6	0x3a	0x3a
567	0x787fe407836d	310	0xb8556	0x313169	0x31334b	+0x1e2	dispatch	0xcdac7	169	0x9af18	0x1e8	0xa5	0x151	0x99e0	0x99	0x2580	e801a5005101e09999008025faf2b3bb03cc5ae801979b477a218516bad00004	prefix_32_of_482	0x7afe7fef	0xce4d8465	0x727e02a8	0x7f3e7f7b	+0xcc07cd3	0x3a	0x3a
568	0x787fe407836d	169	0x9af18	0x31334b	0x3135b9	+0x26e	dispatch	0xcdac7	169	0x9af18	0xa5	0x1e8	0x40	0xa81d	0x99	0x620	a500e80140001da899002006e89ff41597541ce801ab9e2ac633af3ada4c1da9	prefix_32_of_622	0xce4d8465	0xc917a90d	0x7f3e7f7b	0xc917a90d	+0x49d92992	0x3a	0x3a
569	0x787fe407836d	169	0x9af18	0x3135b9	0x3137fc	+0x243	dispatch	0xcdac7	310	0xb8556	0x162	0x1e8	0x40	0xa2bd	0x99	0x1b17	6201e8014000bda29900171bab6f0801d4e8014ab2d76ef4e32006be862314d7	prefix_32_of_579	0xc917a90d	0x8df97560	0xc917a90d	0x694cb90f	-0x5fcaeffe	0x3a	0x3a
570	0x787fe407836d	310	0xb8556	0x3137fc	0x3139de	+0x1e2	dispatch	0xcdac7	310	0xb8556	0x1e8	0x162	0xa8	0x99	0xd0ce	0x339a	e8016201a8009900ced09a331c968809df4913e8013e1db47be2ab00a9a94eef	prefix_32_of_482	0x8df97560	0x4a612e32	0x694cb90f	0x5f8f8af3	-0x9bd2e1c	0x3a	0x3a
571	0x787fe407836d	310	0xb8556	0x3139de	0x313c4c	+0x26e	dispatch	0xcdac7	169	0x9af18	0x1e8	0xa5	0x154	0x12ac	0x99	0x6160	e801a5005401ac12990060615dd8ca85aa86fae801e80522b455bce3a77dd306	prefix_32_of_622	0x4a612e32	0x8f70318b	0x5f8f8af3	0xfbfb8b3c	+0x9c6c0049	0x3a	0x3a
572	0x787fe407836d	169	0x9af18	0x313c4c	0x313e8f	+0x243	dispatch	0xcdac7	169	0x9af18	0xab	0x1e8	0x14d	0xe973	0x99	0xe987	ab00e8014d0173e9990087e926178cfb71d638e8010b62f5e882fa050f99789a	prefix_32_of_579	0x8f70318b	0xfed1df96	0xfbfb8b3c	0x58a4dcd6	-0xa356ae66	0x3a	0x3a
573	0x787fe407836d	169	0x9af18	0x313e8f	0x314071	+0x1e2	dispatch	0xcdac7	169	0x9af18	0x162	0x1e8	0x9d	0xd4ff	0x99	0x3390	6201e8019d00ffd49900903337b623a8e5df73e8019798477690393ef22f9bcb	prefix_32_of_482	0xfed1df96	0x4ac60206	0x58a4dcd6	0x5ee7d2fb	+0x642f625	0x3a	0x3a
574	0x787fe407836d	169	0x9af18	0x314071	0x3142df	+0x26e	dispatch	0xcdac7	310	0xb8556	0x162	0x1e8	0xa8	0x99	0xd4b6	0x9fd6	6201e801a8009900b6d4d69fbcef4e5f09e8011cb697d66ed299928e413a85b4	prefix_32_of_622	0x4ac60206	0x861eb185	0x5ee7d2fb	0xdf95e7f4	+0x80ae14f9	0x3a	0x3a
575	0x787fe407836d	310	0xb8556	0x3142df	0x314522	+0x243	dispatch	0xcdac7	310	0xb8556	0x1e8	0xab	0xd7	0xa88	0xd888	0x227d	e801ab00d700880a88d87d220b07a29900b00ee801c9569798eedb0f85a424a2	prefix_32_of_579	0x861eb185	0x34a042ea	0xdf95e7f4	0x3ce04eeb	-0xa2b59909	0x3a	0x3a
576	0x787fe407836d	310	0xb8556	0x314522	0x314704	+0x1e2	dispatch	0xcdac7	310	0xb8556	0x1e8	0x162	0xcb	0x9a07	0x7635	0x1ca1	e8016201cb00079a3576a11c1587d000e463e6e801744fab006005408141e30a	prefix_32_of_482	0x34a042ea	0xfcdeff37	0x3ce04eeb	0xfcd60600	+0xbff5b715	0x3a	0x3a
577	0x787fe407836d	310	0xb8556	0x314704	0x314972	+0x26e	dispatch	0xcdac7	169	0x9af18	0x1e8	0x162	0x133	0x553a	0xc4b4	0x9913	e801620133013a55b4c41399000f9926d6e801b4c893293a145770293fba3bd7	prefix_32_of_622	0xfcdeff37	0xf8eeff37	0xfcd60600	0xf8e60910	-0x3effcf0	0x3a	0x3a
578	0x787fe407836d	169	0x9af18	0x314972	0x314bb5	+0x243	dispatch	0xcdac7	310	0xb8556	0xab	0x1e8	0x133	0xd3a	0x17b0	0x3590	ab00e80133013a0db017903576da52830d9d9ee801174b3aac16ab007e67bbcf	prefix_32_of_579	0xf8eeff37	0x62662dfb	0xf8e60910	0xbffcca14	-0x38e93efc	0x3a	0x3a
579	0x787fe407836d	310	0xb8556	0x314bb5	0x314d97	+0x1e2	dispatch	0xcdac7	169	0x9af18	0x1e8	0xa5	0x154	0xec4	0x99	0xdaa	e801a5005401c40e9900aa0d3e77f80828c29ae801209b1de1b283cc41d0003c	prefix_32_of_482	0x62662dfb	0xfadf7f2d	0xbffcca14	0xf21b0800	+0x321e3dec	0x3a	0x3a
580	0x787fe407836d	169	0x9af18	0x314d97	0x315005	+0x26e	dispatch	0xcdac7	310	0xb8556	0x162	0x1e8	0x154	0x1334	0x99	0x1060	6201e80154013413990060103a1468c6d70e38e801880ac47c15400b7ef3eb03	prefix_32_of_622	0xfadf7f2d	0xe34473c6	0xf21b0800	0xe74477c6	-0xad6903a	0x3a	0x3a
581	0x787fe407836d	310	0xb8556	0x315005	0x31522f	+0x22a	dispatch	0xcdac7	310	0xb8556	0x1e8	0xab	0x2b	0x7ded	0x99	0x9d3a	e801ab002b00ed7d99003a9daf99001ceee5a3e801abfa76d8093db434706b58	prefix_32_of_554	0xe34473c6	0x69b0303a	0xe74477c6	0x69145e5a	-0x7e30196c	0x3a	0x3a
582	0x787fe407836d	310	0xb8556	0x31522f	0x315486	+0x257	dispatch	0xcdac7	169	0x9af18	0x1e8	0xab	0xc7	0x4f47	0x2c3a	0xae89	e801ab00c700474f3a2c89ae01349650eb981ae801bbffdce71f77f3025db1c8	prefix_32_of_599	0x69b0303a	0x841ab3c5	0x69145e5a	0x841ab3c5	+0x1b06556b	0x3a	0x3a
583	0x787fe407836d	169	0x9af18	0x315486	0x3156ca	+0x244	dispatch	0xcdac7	169	0x9af18	0xa5	0x1e8	0x12	0x620	0xdc3a	0xfca3	a500e801120020063adca3fce00d85dd41f69ae801e0a76a83e8bb0003922025	prefix_32_of_580	0x841ab3c5	0xf613f930	0x841ab3c5	0x3ffce85e	-0x441dcb67	0x3a	0x3a
584	0x787fe407836d	169	0x9af18	0x3156ca	0x315969	+0x29f	dispatch	0xcdac7	169	0x9af18	0xab	0x1e8	0x9d	0xcf07	0x99	0xf9a4	ab00e8019d0007cf9900a4f90133438c86ac48e801f3e7ab00737721d5bfd52a	prefix_32_of_671	0xf613f930	0x2ab32381	0x3ffce85e	0x2af72783	-0x1505c0db	0x3a	0x3a
585	0x787fe407836d	169	0x9af18	0x315969	0x315bbf	+0x256	dispatch	0xcdac7	169	0x9af18	0xab	0x1e8	0x129	0x1e31	0x8ee1	0x6ea2	ab00e8012901311ee18ea26eeb88cf9ecf06bee8010aaba3094961d69865e9dc	prefix_32_of_598	0x2ab32381	0x6e5d9892	0x2af72783	0x4000d60c	+0x1509ae89	0x3a	0x3a
586	0x787fe407836d	169	0x9af18	0x315bbf	0x310ca5	-0x4f1a	dispatch	0xcdac7	310	0xb8556	0xab	0x1e8	0x10c	0x1c4a	0x63e6	0x5af	ab00e8010c014a1ce663af053cd2e4092be80199f5de2fb4dd1429a30a54917a	backedge_sample	0x6e5d9892	0x148226cc	0x4000d60c	0xffaffb65	+0xbfaf2559	0x3a	0x3a
587	0x787fe407836d	310	0xb8556	0x310ca5	0x310ef0	+0x24b	dispatch	0xcdac7	310	0xb8556	0x1e8	0xa5	0xcb	0x9ebf	0x7635	0x390	e801a500cb00bf9e35769003042ba8fcee6d9ce801f7d8ab009003dc5941168f	prefix_32_of_587	0x148226cc	0x14100010	0xffaffb65	0x3f0612b2	-0xc0a9e8b3	0x3a	0x3a
588	0x787fe407836d	310	0xb8556	0x310ef0	0x311163	+0x273	dispatch	0xcdac7	169	0x9af18	0x1e8	0x162	0x154	0xf7c	0x99	0x92e7	e801620154017c0f9900e792dc1375ac08b602e801bf8c2f019289f5a0fa7e69	prefix_32_of_627	0x14100010	0xc83095f0	0x3f0612b2	0x400110fe	+0xfafe4c	0x3a	0x3a
589	0x787fe407836d	169	0x9af18	0x311163	0x3113a5	+0x242	dispatch	0xcdac7	169	0x9af18	0xa5	0x1e8	0x10c	0x1c4a	0x67ae	0x6b6	a500e8010c014a1cae67b6063aa56428d9e80129f1186774139007d64940f679	prefix_32_of_578	0xc83095f0	0x7adeff2e	0x400110fe	0x78de0800	+0x38dcf702	0x3a	0x3a
590	0x787fe407836d	169	0x9af18	0x3113a5	0x3115e7	+0x242	dispatch	0xcdac7	310	0xb8556	0x162	0x1e8	0xbd	0x99	0xe914	0x26e8	6201e801bd00990014e9e826ba56639900de34e8017709ab00041dab006485b4	prefix_32_of_578	0x7adeff2e	0x2948	0x78de0800	0x2948	-0x78dddeb8	0x3a	0x3a
591	0x787fe407836d	310	0xb8556	0x3115e7	0x311829	+0x242	dispatch	0xcdac7	169	0x9af18	0x1e8	0xa5	0x9d	0xd56f	0x99	0xad8	e801a5009d006fd59900d80a53f58761012fcee8011603b240666e6e27e60d3a	prefix_32_of_578	0x2948	0x3acddfde	0x2948	0x585c5c02	+0x585c32ba	0x3a	0x3a
592	0x787fe407836d	169	0x9af18	0x311829	0x311a6b	+0x242	dispatch	0xcdac7	169	0x9af18	0xab	0x1e8	0x151	0x94f0	0x99	0xfcec	ab00e8015101f0949900ecfc8b0cd809e4e80111f8d746656b7dce813884ab00	prefix_32_of_578	0x3acddfde	0xef1b287	0x585c5c02	0x69145f5a	+0x10b80358	0x3a	0x3a
593	0x787fe407836d	169	0x9af18	0x311a6b	0x311cad	+0x242	dispatch	0xcdac7	310	0xb8556	0xa5	0x1e8	0x72	0x64cb	0xac8c	0x620	a500e8017200cb648cac200648efdaf5e0bf18e8015f2dab001a531a84d8ab00	prefix_32_of_578	0xef1b287	0x524c03c5	0x69145f5a	0x7df7dfda	+0x14e38080	0x3a	0x3a
594	0x787fe407836d	310	0xb8556	0x311cad	0x311f69	+0x2bc	dispatch	0xcdac7	310	0xb8556	0x1e8	0xa5	0x10c	0x1c4a	0x6c86	0x7438	e801a5000c014a1c866c38749900ba703aa3e6e801859db8ec9f9147b7bebdaa	prefix_32_of_700	0x524c03c5	0x8e78f1da	0x7df7dfda	0xeb377ffe	+0x6d3fa024	0x3a	0x3a
595	0x787fe407836d	310	0xb8556	0x311f69	0x31223a	+0x2d1	dispatch	0xcdac7	310	0xb8556	0x1e8	0xa5	0x14d	0xe523	0x99	0xe367	e801a5004d0123e5990067e332d17995c6459ee801880a70a4781ff2ff90977e	prefix_32_of_721	0x8e78f1da	0x8e4e0de5	0xeb377ffe	0x7bd7fefb	-0x6f5f8103	0x3a	0x3a
596	0x787fe407836d	310	0xb8556	0x31223a	0x312464	+0x22a	dispatch	0xcdac7	169	0x9af18	0x1e8	0xab	0x151	0x9568	0x99	0xae47	e801ab0051016895990047ae9900f3a03a2e3ae801d80a443786cf06c648acd7	prefix_32_of_554	0x8e4e0de5	0x347541db	0x7bd7fefb	0x69945ffa	-0x12439f01	0x3a	0x3a
597	0x787fe407836d	169	0x9af18	0x312464	0x31268e	+0x22a	dispatch	0xcdac7	310	0xb8556	0xab	0x1e8	0x42	0x97f9	0x8b3a	0x99da	ab00e8014200f9973a8bda99009a299900e801e4734b803a09b993007451ab00	prefix_32_of_554	0x347541db	0x5675bb90	0x69945ffa	0xffc76ef9	+0x96330eff	0x3a	0x3a
598	0x787fe407836d	310	0xb8556	0x31268e	0x312868	+0x1da	dispatch	0xcdac7	169	0x9af18	0x1e8	0x162	0x10c	0x1c4a	0x6576	0x4392	e80162010c014a1c76659243358b8809c82954e8014c0cab0058019c10f7f483	prefix_32_of_474	0x5675bb90	0x221c12	0xffc76ef9	0x3f06a742	-0xc0c0c7b7	0x3a	0x3a
599	0x787fe407836d	169	0x9af18	0x312868	0x312aee	+0x286	dispatch	0xcdac7	169	0x9af18	0xab	0x1e8	0x12	0x5e8	0xae3a	0xb4a5	ab00e8011200e8053aaea5b4a2606756d86000e801d80a90778a7301aa4f8cd8	prefix_32_of_646	0x221c12	0x8e3c0ca2	0x3f06a742	0x6f95fefa	+0x308f57b8	0x3a	0x3a
600	0x787fe407836d	169	0x9af18	0x312aee	0x312cd0	+0x1e2	dispatch	0xcdac7	169	0x9af18	0x162	0x1e8	0x9d	0xd4ff	0x99	0x3810	6201e8019d00ffd499001038377504acaadc9ee80188acfa117cde3f9f9f57fa	prefix_32_of_482	0x8e3c0ca2	0xfbf79ddb	0x6f95fefa	0xf9f3eb74	+0x8a5dec7a	0x3a	0x3a
601	0x787fe407836d	169	0x9af18	0x312cd0	0x312f26	+0x256	dispatch	0xcdac7	310	0xb8556	0x162	0x1e8	0xbd	0x99	0xe964	0x860	6201e801bd00990064e96008f0890e712b581de8014b1ac6d48406bceffeed89	prefix_32_of_598	0xfbf79ddb	0x4b8eb2de	0xf9f3eb74	0x7b1c5e5e	-0x7ed78d16	0x3a	0x3a
602	0x787fe407836d	310	0xb8556	0x312f26	0x313169	+0x243	dispatch	0xcdac7	310	0xb8556	0x1e8	0x162	0xb9	0xa483	0x543a	0xcd68	e8016201b90083a43a5468cdd0817305599acde80104b48b0ce80544a5607c99	prefix_32_of_579	0x4b8eb2de	0x7afe7fef	0x7b1c5e5e	0x727e02a8	-0x89e5bb6	0x3a	0x3a
603	0x787fe407836d	310	0xb8556	0x313169	0x31334b	+0x1e2	dispatch	0xcdac7	169	0x9af18	0x1e8	0xa5	0x151	0x99e0	0x99	0x2580	e801a5005101e09999008025faf2b3bb03cc5ae801979b477a218516bad00004	prefix_32_of_482	0x7afe7fef	0xce4d8465	0x727e02a8	0x7f3e7f7b	+0xcc07cd3	0x3a	0x3a
604	0x787fe407836d	169	0x9af18	0x31334b	0x3135b9	+0x26e	dispatch	0xcdac7	169	0x9af18	0xa5	0x1e8	0x40	0xa81d	0x99	0x620	a500e80140001da899002006e89ff41597541ce801ab9e2ac633af3ada4c1da9	prefix_32_of_622	0xce4d8465	0xc917a90d	0x7f3e7f7b	0xc917a90d	+0x49d92992	0x3a	0x3a
605	0x787fe407836d	169	0x9af18	0x3135b9	0x3137fc	+0x243	dispatch	0xcdac7	310	0xb8556	0x162	0x1e8	0x40	0xa2bd	0x99	0x1b17	6201e8014000bda29900171bab6f0801d4e8014ab2d76ef4e32006be862314d7	prefix_32_of_579	0xc917a90d	0x8df97560	0xc917a90d	0x694cb90f	-0x5fcaeffe	0x3a	0x3a
606	0x787fe407836d	310	0xb8556	0x3137fc	0x3139de	+0x1e2	dispatch	0xcdac7	310	0xb8556	0x1e8	0x162	0xa8	0x99	0xd0ce	0x339a	e8016201a8009900ced09a331c968809df4913e8013e1db47be2ab00a9a94eef	prefix_32_of_482	0x8df97560	0x4a612e32	0x694cb90f	0x5f8f8af3	-0x9bd2e1c	0x3a	0x3a
607	0x787fe407836d	310	0xb8556	0x3139de	0x313c4c	+0x26e	dispatch	0xcdac7	169	0x9af18	0x1e8	0xa5	0x154	0x12ac	0x99	0x6160	e801a5005401ac12990060615dd8ca85aa86fae801e80522b455bce3a77dd306	prefix_32_of_622	0x4a612e32	0x8f70318b	0x5f8f8af3	0xfbfb8b3c	+0x9c6c0049	0x3a	0x3a
608	0x787fe407836d	169	0x9af18	0x313c4c	0x313e8f	+0x243	dispatch	0xcdac7	169	0x9af18	0xab	0x1e8	0x14d	0xe973	0x99	0xe987	ab00e8014d0173e9990087e926178cfb71d638e8010b62f5e882fa050f99789a	prefix_32_of_579	0x8f70318b	0xfed1df96	0xfbfb8b3c	0x58a4dcd6	-0xa356ae66	0x3a	0x3a
609	0x787fe407836d	169	0x9af18	0x313e8f	0x314071	+0x1e2	dispatch	0xcdac7	169	0x9af18	0x162	0x1e8	0x9d	0xd4ff	0x99	0x3390	6201e8019d00ffd49900903337b623a8e5df73e8019798477690393ef22f9bcb	prefix_32_of_482	0xfed1df96	0x4ac60206	0x58a4dcd6	0x5ee7d2fb	+0x642f625	0x3a	0x3a
610	0x787fe407836d	169	0x9af18	0x314071	0x3142df	+0x26e	dispatch	0xcdac7	310	0xb8556	0x162	0x1e8	0xa8	0x99	0xd4b6	0x9fd6	6201e801a8009900b6d4d69fbcef4e5f09e8011cb697d66ed299928e413a85b4	prefix_32_of_622	0x4ac60206	0x861eb185	0x5ee7d2fb	0xdf95e7f4	+0x80ae14f9	0x3a	0x3a
611	0x787fe407836d	310	0xb8556	0x3142df	0x314522	+0x243	dispatch	0xcdac7	310	0xb8556	0x1e8	0xab	0xd7	0xa88	0xd888	0x227d	e801ab00d700880a88d87d220b07a29900b00ee801c9569798eedb0f85a424a2	prefix_32_of_579	0x861eb185	0x34a042ea	0xdf95e7f4	0x3ce04eeb	-0xa2b59909	0x3a	0x3a
612	0x787fe407836d	310	0xb8556	0x314522	0x314704	+0x1e2	dispatch	0xcdac7	310	0xb8556	0x1e8	0x162	0xcb	0x9a07	0x7635	0x1ca1	e8016201cb00079a3576a11c1587d000e463e6e801744fab006005408141e30a	prefix_32_of_482	0x34a042ea	0xfcdeff37	0x3ce04eeb	0xfcd60600	+0xbff5b715	0x3a	0x3a
613	0x787fe407836d	310	0xb8556	0x314704	0x314972	+0x26e	dispatch	0xcdac7	169	0x9af18	0x1e8	0x162	0x133	0x553a	0xc4b4	0x9913	e801620133013a55b4c41399000f9926d6e801b4c893293a145770293fba3bd7	prefix_32_of_622	0xfcdeff37	0xf8eeff37	0xfcd60600	0xf8e60910	-0x3effcf0	0x3a	0x3a
614	0x787fe407836d	169	0x9af18	0x314972	0x314bb5	+0x243	dispatch	0xcdac7	310	0xb8556	0xab	0x1e8	0x133	0xd3a	0x17b0	0x3590	ab00e80133013a0db017903576da52830d9d9ee801174b3aac16ab007e67bbcf	prefix_32_of_579	0xf8eeff37	0x62662dfb	0xf8e60910	0xbffcca14	-0x38e93efc	0x3a	0x3a
615	0x787fe407836d	310	0xb8556	0x314bb5	0x314d97	+0x1e2	dispatch	0xcdac7	169	0x9af18	0x1e8	0xa5	0x154	0xec4	0x99	0xdaa	e801a5005401c40e9900aa0d3e77f80828c29ae801209b1de1b283cc41d0003c	prefix_32_of_482	0x62662dfb	0xfadf7f2d	0xbffcca14	0xf21b0800	+0x321e3dec	0x3a	0x3a
616	0x787fe407836d	169	0x9af18	0x314d97	0x315005	+0x26e	dispatch	0xcdac7	310	0xb8556	0x162	0x1e8	0x154	0x1334	0x99	0x1060	6201e80154013413990060103a1468c6d70e38e801880ac47c15400b7ef3eb03	prefix_32_of_622	0xfadf7f2d	0xe34473c6	0xf21b0800	0xe74477c6	-0xad6903a	0x3a	0x3a
617	0x787fe407836d	310	0xb8556	0x315005	0x31522f	+0x22a	dispatch	0xcdac7	310	0xb8556	0x1e8	0xab	0x2b	0x7ded	0x99	0x9d3a	e801ab002b00ed7d99003a9daf99001ceee5a3e801abfa76d8093db434706b58	prefix_32_of_554	0xe34473c6	0x69b0303a	0xe74477c6	0x69145e5a	-0x7e30196c	0x3a	0x3a
618	0x787fe407836d	310	0xb8556	0x31522f	0x315486	+0x257	dispatch	0xcdac7	169	0x9af18	0x1e8	0xab	0xc7	0x4f47	0x2c3a	0xae89	e801ab00c700474f3a2c89ae01349650eb981ae801bbffdce71f77f3025db1c8	prefix_32_of_599	0x69b0303a	0x841ab3c5	0x69145e5a	0x841ab3c5	+0x1b06556b	0x3a	0x3a
619	0x787fe407836d	169	0x9af18	0x315486	0x3156ca	+0x244	dispatch	0xcdac7	169	0x9af18	0xa5	0x1e8	0x12	0x620	0xdc3a	0xfca3	a500e801120020063adca3fce00d85dd41f69ae801e0a76a83e8bb0003922025	prefix_32_of_580	0x841ab3c5	0xf613f930	0x841ab3c5	0x3ffce85e	-0x441dcb67	0x3a	0x3a
620	0x787fe407836d	169	0x9af18	0x3156ca	0x315969	+0x29f	dispatch	0xcdac7	169	0x9af18	0xab	0x1e8	0x9d	0xcf07	0x99	0xf9a4	ab00e8019d0007cf9900a4f90133438c86ac48e801f3e7ab00737721d5bfd52a	prefix_32_of_671	0xf613f930	0x2ab32381	0x3ffce85e	0x2af72783	-0x1505c0db	0x3a	0x3a
621	0x787fe407836d	169	0x9af18	0x315969	0x315bbf	+0x256	dispatch	0xcdac7	169	0x9af18	0xab	0x1e8	0x129	0x1e31	0x8ee1	0x6ea2	ab00e8012901311ee18ea26eeb88cf9ecf06bee8010aaba3094961d69865e9dc	prefix_32_of_598	0x2ab32381	0x6e5d9892	0x2af72783	0x4000d60c	+0x1509ae89	0x3a	0x3a
622	0x787fe407836d	169	0x9af18	0x315bbf	0x310ca5	-0x4f1a	dispatch	0xcdac7	310	0xb8556	0xab	0x1e8	0x10c	0x1c4a	0x63e6	0x5af	ab00e8010c014a1ce663af053cd2e4092be80199f5de2fb4dd1429a30a54917a	backedge_sample	0x6e5d9892	0x148226cc	0x4000d60c	0xffaffb65	+0xbfaf2559	0x3a	0x3a
623	0x787fe407836d	310	0xb8556	0x310ca5	0x310ef0	+0x24b	dispatch	0xcdac7	310	0xb8556	0x1e8	0xa5	0xcb	0x9ebf	0x7635	0x390	e801a500cb00bf9e35769003042ba8fcee6d9ce801f7d8ab009003dc5941168f	prefix_32_of_587	0x148226cc	0x14100010	0xffaffb65	0x3f0612b2	-0xc0a9e8b3	0x3a	0x3a
624	0x787fe407836d	310	0xb8556	0x310ef0	0x311163	+0x273	dispatch	0xcdac7	169	0x9af18	0x1e8	0x162	0x154	0xf7c	0x99	0x92e7	e801620154017c0f9900e792dc1375ac08b602e801bf8c2f019289f5a0fa7e69	prefix_32_of_627	0x14100010	0xc83095f0	0x3f0612b2	0x400110fe	+0xfafe4c	0x3a	0x3a
625	0x787fe407836d	169	0x9af18	0x311163	0x3113a5	+0x242	dispatch	0xcdac7	169	0x9af18	0xa5	0x1e8	0x10c	0x1c4a	0x67ae	0x6b6	a500e8010c014a1cae67b6063aa56428d9e80129f1186774139007d64940f679	prefix_32_of_578	0xc83095f0	0x7adeff2e	0x400110fe	0x78de0800	+0x38dcf702	0x3a	0x3a
626	0x787fe407836d	169	0x9af18	0x3113a5	0x3115e7	+0x242	dispatch	0xcdac7	310	0xb8556	0x162	0x1e8	0xbd	0x99	0xe914	0x26e8	6201e801bd00990014e9e826ba56639900de34e8017709ab00041dab006485b4	prefix_32_of_578	0x7adeff2e	0x2948	0x78de0800	0x2948	-0x78dddeb8	0x3a	0x3a
627	0x787fe407836d	310	0xb8556	0x3115e7	0x311829	+0x242	dispatch	0xcdac7	169	0x9af18	0x1e8	0xa5	0x9d	0xd56f	0x99	0xad8	e801a5009d006fd59900d80a53f58761012fcee8011603b240666e6e27e60d3a	prefix_32_of_578	0x2948	0x3acddfde	0x2948	0x585c5c02	+0x585c32ba	0x3a	0x3a
628	0x787fe407836d	169	0x9af18	0x311829	0x311a6b	+0x242	dispatch	0xcdac7	169	0x9af18	0xab	0x1e8	0x151	0x94f0	0x99	0xfcec	ab00e8015101f0949900ecfc8b0cd809e4e80111f8d746656b7dce813884ab00	prefix_32_of_578	0x3acddfde	0xef1b287	0x585c5c02	0x69145f5a	+0x10b80358	0x3a	0x3a
629	0x787fe407836d	169	0x9af18	0x311a6b	0x311cad	+0x242	dispatch	0xcdac7	310	0xb8556	0xa5	0x1e8	0x72	0x64cb	0xac8c	0x620	a500e8017200cb648cac200648efdaf5e0bf18e8015f2dab001a531a84d8ab00	prefix_32_of_578	0xef1b287	0x524c03c5	0x69145f5a	0x7df7dfda	+0x14e38080	0x3a	0x3a
630	0x787fe407836d	310	0xb8556	0x311cad	0x311f69	+0x2bc	dispatch	0xcdac7	310	0xb8556	0x1e8	0xa5	0x10c	0x1c4a	0x6c86	0x7438	e801a5000c014a1c866c38749900ba703aa3e6e801859db8ec9f9147b7bebdaa	prefix_32_of_700	0x524c03c5	0x8e78f1da	0x7df7dfda	0xeb377ffe	+0x6d3fa024	0x3a	0x3a
631	0x787fe407836d	310	0xb8556	0x311f69	0x31223a	+0x2d1	dispatch	0xcdac7	310	0xb8556	0x1e8	0xa5	0x14d	0xe523	0x99	0xe367	e801a5004d0123e5990067e332d17995c6459ee801880a70a4781ff2ff90977e	prefix_32_of_721	0x8e78f1da	0x8e4e0de5	0xeb377ffe	0x7bd7fefb	-0x6f5f8103	0x3a	0x3a
632	0x787fe407836d	310	0xb8556	0x31223a	0x312464	+0x22a	dispatch	0xcdac7	169	0x9af18	0x1e8	0xab	0x151	0x9568	0x99	0xae47	e801ab0051016895990047ae9900f3a03a2e3ae801d80a443786cf06c648acd7	prefix_32_of_554	0x8e4e0de5	0x347541db	0x7bd7fefb	0x69945ffa	-0x12439f01	0x3a	0x3a
633	0x787fe407836d	169	0x9af18	0x312464	0x31268e	+0x22a	dispatch	0xcdac7	310	0xb8556	0xab	0x1e8	0x42	0x97f9	0x8b3a	0x99da	ab00e8014200f9973a8bda99009a299900e801e4734b803a09b993007451ab00	prefix_32_of_554	0x347541db	0x5675bb90	0x69945ffa	0xffc76ef9	+0x96330eff	0x3a	0x3a
634	0x787fe407836d	310	0xb8556	0x31268e	0x312868	+0x1da	dispatch	0xcdac7	169	0x9af18	0x1e8	0x162	0x10c	0x1c4a	0x6576	0x4392	e80162010c014a1c76659243358b8809c82954e8014c0cab0058019c10f7f483	prefix_32_of_474	0x5675bb90	0x221c12	0xffc76ef9	0x3f06a742	-0xc0c0c7b7	0x3a	0x3a
635	0x787fe407836d	169	0x9af18	0x312868	0x312aee	+0x286	dispatch	0xcdac7	169	0x9af18	0xab	0x1e8	0x12	0x5e8	0xae3a	0xb4a5	ab00e8011200e8053aaea5b4a2606756d86000e801d80a90778a7301aa4f8cd8	prefix_32_of_646	0x221c12	0x8e3c0ca2	0x3f06a742	0x6f95fefa	+0x308f57b8	0x3a	0x3a
636	0x787fe407836d	169	0x9af18	0x312aee	0x312cd0	+0x1e2	dispatch	0xcdac7	169	0x9af18	0x162	0x1e8	0x9d	0xd4ff	0x99	0x3810	6201e8019d00ffd499001038377504acaadc9ee80188acfa117cde3f9f9f57fa	prefix_32_of_482	0x8e3c0ca2	0xfbf79ddb	0x6f95fefa	0xf9f3eb74	+0x8a5dec7a	0x3a	0x3a
637	0x787fe407836d	169	0x9af18	0x312cd0	0x312f26	+0x256	dispatch	0xcdac7	310	0xb8556	0x162	0x1e8	0xbd	0x99	0xe964	0x860	6201e801bd00990064e96008f0890e712b581de8014b1ac6d48406bceffeed89	prefix_32_of_598	0xfbf79ddb	0x4b8eb2de	0xf9f3eb74	0x7b1c5e5e	-0x7ed78d16	0x3a	0x3a
638	0x787fe407836d	310	0xb8556	0x312f26	0x313169	+0x243	dispatch	0xcdac7	310	0xb8556	0x1e8	0x162	0xb9	0xa483	0x543a	0xcd68	e8016201b90083a43a5468cdd0817305599acde80104b48b0ce80544a5607c99	prefix_32_of_579	0x4b8eb2de	0x7afe7fef	0x7b1c5e5e	0x727e02a8	-0x89e5bb6	0x3a	0x3a
639	0x787fe407836d	310	0xb8556	0x313169	0x31334b	+0x1e2	dispatch	0xcdac7	169	0x9af18	0x1e8	0xa5	0x151	0x99e0	0x99	0x2580	e801a5005101e09999008025faf2b3bb03cc5ae801979b477a218516bad00004	prefix_32_of_482	0x7afe7fef	0xce4d8465	0x727e02a8	0x7f3e7f7b	+0xcc07cd3	0x3a	0x3a
640	0x787fe407836d	169	0x9af18	0x31334b	0x3135b9	+0x26e	dispatch	0xcdac7	169	0x9af18	0xa5	0x1e8	0x40	0xa81d	0x99	0x620	a500e80140001da899002006e89ff41597541ce801ab9e2ac633af3ada4c1da9	prefix_32_of_622	0xce4d8465	0xc917a90d	0x7f3e7f7b	0xc917a90d	+0x49d92992	0x3a	0x3a
641	0x787fe407836d	169	0x9af18	0x3135b9	0x3137fc	+0x243	dispatch	0xcdac7	310	0xb8556	0x162	0x1e8	0x40	0xa2bd	0x99	0x1b17	6201e8014000bda29900171bab6f0801d4e8014ab2d76ef4e32006be862314d7	prefix_32_of_579	0xc917a90d	0x8df97560	0xc917a90d	0x694cb90f	-0x5fcaeffe	0x3a	0x3a
642	0x787fe407836d	310	0xb8556	0x3137fc	0x3139de	+0x1e2	dispatch	0xcdac7	310	0xb8556	0x1e8	0x162	0xa8	0x99	0xd0ce	0x339a	e8016201a8009900ced09a331c968809df4913e8013e1db47be2ab00a9a94eef	prefix_32_of_482	0x8df97560	0x4a612e32	0x694cb90f	0x5f8f8af3	-0x9bd2e1c	0x3a	0x3a
643	0x787fe407836d	310	0xb8556	0x3139de	0x313c4c	+0x26e	dispatch	0xcdac7	169	0x9af18	0x1e8	0xa5	0x154	0x12ac	0x99	0x6160	e801a5005401ac12990060615dd8ca85aa86fae801e80522b455bce3a77dd306	prefix_32_of_622	0x4a612e32	0x8f70318b	0x5f8f8af3	0xfbfb8b3c	+0x9c6c0049	0x3a	0x3a
644	0x787fe407836d	169	0x9af18	0x313c4c	0x313e8f	+0x243	dispatch	0xcdac7	169	0x9af18	0xab	0x1e8	0x14d	0xe973	0x99	0xe987	ab00e8014d0173e9990087e926178cfb71d638e8010b62f5e882fa050f99789a	prefix_32_of_579	0x8f70318b	0xfed1df96	0xfbfb8b3c	0x58a4dcd6	-0xa356ae66	0x3a	0x3a
645	0x787fe407836d	169	0x9af18	0x313e8f	0x314071	+0x1e2	dispatch	0xcdac7	169	0x9af18	0x162	0x1e8	0x9d	0xd4ff	0x99	0x3390	6201e8019d00ffd49900903337b623a8e5df73e8019798477690393ef22f9bcb	prefix_32_of_482	0xfed1df96	0x4ac60206	0x58a4dcd6	0x5ee7d2fb	+0x642f625	0x3a	0x3a
646	0x787fe407836d	169	0x9af18	0x314071	0x3142df	+0x26e	dispatch	0xcdac7	310	0xb8556	0x162	0x1e8	0xa8	0x99	0xd4b6	0x9fd6	6201e801a8009900b6d4d69fbcef4e5f09e8011cb697d66ed299928e413a85b4	prefix_32_of_622	0x4ac60206	0x861eb185	0x5ee7d2fb	0xdf95e7f4	+0x80ae14f9	0x3a	0x3a
647	0x787fe407836d	310	0xb8556	0x3142df	0x314522	+0x243	dispatch	0xcdac7	310	0xb8556	0x1e8	0xab	0xd7	0xa88	0xd888	0x227d	e801ab00d700880a88d87d220b07a29900b00ee801c9569798eedb0f85a424a2	prefix_32_of_579	0x861eb185	0x34a042ea	0xdf95e7f4	0x3ce04eeb	-0xa2b59909	0x3a	0x3a
648	0x787fe407836d	310	0xb8556	0x314522	0x314704	+0x1e2	dispatch	0xcdac7	310	0xb8556	0x1e8	0x162	0xcb	0x9a07	0x7635	0x1ca1	e8016201cb00079a3576a11c1587d000e463e6e801744fab006005408141e30a	prefix_32_of_482	0x34a042ea	0xfcdeff37	0x3ce04eeb	0xfcd60600	+0xbff5b715	0x3a	0x3a
649	0x787fe407836d	310	0xb8556	0x314704	0x314972	+0x26e	dispatch	0xcdac7	169	0x9af18	0x1e8	0x162	0x133	0x553a	0xc4b4	0x9913	e801620133013a55b4c41399000f9926d6e801b4c893293a145770293fba3bd7	prefix_32_of_622	0xfcdeff37	0xf8eeff37	0xfcd60600	0xf8e60910	-0x3effcf0	0x3a	0x3a
650	0x787fe407836d	169	0x9af18	0x314972	0x314bb5	+0x243	dispatch	0xcdac7	310	0xb8556	0xab	0x1e8	0x133	0xd3a	0x17b0	0x3590	ab00e80133013a0db017903576da52830d9d9ee801174b3aac16ab007e67bbcf	prefix_32_of_579	0xf8eeff37	0x62662dfb	0xf8e60910	0xbffcca14	-0x38e93efc	0x3a	0x3a
651	0x787fe407836d	310	0xb8556	0x314bb5	0x314d97	+0x1e2	dispatch	0xcdac7	169	0x9af18	0x1e8	0xa5	0x154	0xec4	0x99	0xdaa	e801a5005401c40e9900aa0d3e77f80828c29ae801209b1de1b283cc41d0003c	prefix_32_of_482	0x62662dfb	0xfadf7f2d	0xbffcca14	0xf21b0800	+0x321e3dec	0x3a	0x3a
652	0x787fe407836d	169	0x9af18	0x314d97	0x315005	+0x26e	dispatch	0xcdac7	310	0xb8556	0x162	0x1e8	0x154	0x1334	0x99	0x1060	6201e80154013413990060103a1468c6d70e38e801880ac47c15400b7ef3eb03	prefix_32_of_622	0xfadf7f2d	0xe34473c6	0xf21b0800	0xe74477c6	-0xad6903a	0x3a	0x3a
653	0x787fe407836d	310	0xb8556	0x315005	0x31522f	+0x22a	dispatch	0xcdac7	310	0xb8556	0x1e8	0xab	0x2b	0x7ded	0x99	0x9d3a	e801ab002b00ed7d99003a9daf99001ceee5a3e801abfa76d8093db434706b58	prefix_32_of_554	0xe34473c6	0x69b0303a	0xe74477c6	0x69145e5a	-0x7e30196c	0x3a	0x3a
654	0x787fe407836d	310	0xb8556	0x31522f	0x315486	+0x257	dispatch	0xcdac7	169	0x9af18	0x1e8	0xab	0xc7	0x4f47	0x2c3a	0xae89	e801ab00c700474f3a2c89ae01349650eb981ae801bbffdce71f77f3025db1c8	prefix_32_of_599	0x69b0303a	0x841ab3c5	0x69145e5a	0x841ab3c5	+0x1b06556b	0x3a	0x3a
655	0x787fe407836d	169	0x9af18	0x315486	0x3156ca	+0x244	dispatch	0xcdac7	169	0x9af18	0xa5	0x1e8	0x12	0x620	0xdc3a	0xfca3	a500e801120020063adca3fce00d85dd41f69ae801e0a76a83e8bb0003922025	prefix_32_of_580	0x841ab3c5	0xf613f930	0x841ab3c5	0x3ffce85e	-0x441dcb67	0x3a	0x3a
656	0x787fe407836d	169	0x9af18	0x3156ca	0x315969	+0x29f	dispatch	0xcdac7	169	0x9af18	0xab	0x1e8	0x9d	0xcf07	0x99	0xf9a4	ab00e8019d0007cf9900a4f90133438c86ac48e801f3e7ab00737721d5bfd52a	prefix_32_of_671	0xf613f930	0x2ab32381	0x3ffce85e	0x2af72783	-0x1505c0db	0x3a	0x3a
657	0x787fe407836d	169	0x9af18	0x315969	0x315bbf	+0x256	dispatch	0xcdac7	169	0x9af18	0xab	0x1e8	0x129	0x1e31	0x8ee1	0x6ea2	ab00e8012901311ee18ea26eeb88cf9ecf06bee8010aaba3094961d69865e9dc	prefix_32_of_598	0x2ab32381	0x6e5d9892	0x2af72783	0x4000d60c	+0x1509ae89	0x3a	0x3a
658	0x787fe407836d	169	0x9af18	0x315bbf	0x310ca5	-0x4f1a	dispatch	0xcdac7	310	0xb8556	0xab	0x1e8	0x10c	0x1c4a	0x63e6	0x5af	ab00e8010c014a1ce663af053cd2e4092be80199f5de2fb4dd1429a30a54917a	backedge_sample	0x6e5d9892	0x148226cc	0x4000d60c	0xffaffb65	+0xbfaf2559	0x3a	0x3a
659	0x787fe407836d	310	0xb8556	0x310ca5	0x310ef0	+0x24b	dispatch	0xcdac7	310	0xb8556	0x1e8	0xa5	0xcb	0x9ebf	0x7635	0x390	e801a500cb00bf9e35769003042ba8fcee6d9ce801f7d8ab009003dc5941168f	prefix_32_of_587	0x148226cc	0x14100010	0xffaffb65	0x3f0612b2	-0xc0a9e8b3	0x3a	0x3a
660	0x787fe407836d	310	0xb8556	0x310ef0	0x311163	+0x273	dispatch	0xcdac7	169	0x9af18	0x1e8	0x162	0x154	0xf7c	0x99	0x92e7	e801620154017c0f9900e792dc1375ac08b602e801bf8c2f019289f5a0fa7e69	prefix_32_of_627	0x14100010	0xc83095f0	0x3f0612b2	0x400110fe	+0xfafe4c	0x3a	0x3a
661	0x787fe407836d	169	0x9af18	0x311163	0x3113a5	+0x242	dispatch	0xcdac7	169	0x9af18	0xa5	0x1e8	0x10c	0x1c4a	0x67ae	0x6b6	a500e8010c014a1cae67b6063aa56428d9e80129f1186774139007d64940f679	prefix_32_of_578	0xc83095f0	0x7adeff2e	0x400110fe	0x78de0800	+0x38dcf702	0x3a	0x3a
662	0x787fe407836d	169	0x9af18	0x3113a5	0x3115e7	+0x242	dispatch	0xcdac7	310	0xb8556	0x162	0x1e8	0xbd	0x99	0xe914	0x26e8	6201e801bd00990014e9e826ba56639900de34e8017709ab00041dab006485b4	prefix_32_of_578	0x7adeff2e	0x2948	0x78de0800	0x2948	-0x78dddeb8	0x3a	0x3a
663	0x787fe407836d	310	0xb8556	0x3115e7	0x311829	+0x242	dispatch	0xcdac7	169	0x9af18	0x1e8	0xa5	0x9d	0xd56f	0x99	0xad8	e801a5009d006fd59900d80a53f58761012fcee8011603b240666e6e27e60d3a	prefix_32_of_578	0x2948	0x3acddfde	0x2948	0x585c5c02	+0x585c32ba	0x3a	0x3a
664	0x787fe407836d	169	0x9af18	0x311829	0x311a6b	+0x242	dispatch	0xcdac7	169	0x9af18	0xab	0x1e8	0x151	0x94f0	0x99	0xfcec	ab00e8015101f0949900ecfc8b0cd809e4e80111f8d746656b7dce813884ab00	prefix_32_of_578	0x3acddfde	0xef1b287	0x585c5c02	0x69145f5a	+0x10b80358	0x3a	0x3a
665	0x787fe407836d	169	0x9af18	0x311a6b	0x311cad	+0x242	dispatch	0xcdac7	310	0xb8556	0xa5	0x1e8	0x72	0x64cb	0xac8c	0x620	a500e8017200cb648cac200648efdaf5e0bf18e8015f2dab001a531a84d8ab00	prefix_32_of_578	0xef1b287	0x524c03c5	0x69145f5a	0x7df7dfda	+0x14e38080	0x3a	0x3a
666	0x787fe407836d	310	0xb8556	0x311cad	0x311f69	+0x2bc	dispatch	0xcdac7	310	0xb8556	0x1e8	0xa5	0x10c	0x1c4a	0x6c86	0x7438	e801a5000c014a1c866c38749900ba703aa3e6e801859db8ec9f9147b7bebdaa	prefix_32_of_700	0x524c03c5	0x8e78f1da	0x7df7dfda	0xeb377ffe	+0x6d3fa024	0x3a	0x3a
667	0x787fe407836d	310	0xb8556	0x311f69	0x31223a	+0x2d1	dispatch	0xcdac7	310	0xb8556	0x1e8	0xa5	0x14d	0xe523	0x99	0xe367	e801a5004d0123e5990067e332d17995c6459ee801880a70a4781ff2ff90977e	prefix_32_of_721	0x8e78f1da	0x8e4e0de5	0xeb377ffe	0x7bd7fefb	-0x6f5f8103	0x3a	0x3a
668	0x787fe407836d	310	0xb8556	0x31223a	0x312464	+0x22a	dispatch	0xcdac7	169	0x9af18	0x1e8	0xab	0x151	0x9568	0x99	0xae47	e801ab0051016895990047ae9900f3a03a2e3ae801d80a443786cf06c648acd7	prefix_32_of_554	0x8e4e0de5	0x347541db	0x7bd7fefb	0x69945ffa	-0x12439f01	0x3a	0x3a
669	0x787fe407836d	169	0x9af18	0x312464	0x31268e	+0x22a	dispatch	0xcdac7	310	0xb8556	0xab	0x1e8	0x42	0x97f9	0x8b3a	0x99da	ab00e8014200f9973a8bda99009a299900e801e4734b803a09b993007451ab00	prefix_32_of_554	0x347541db	0x5675bb90	0x69945ffa	0xffc76ef9	+0x96330eff	0x3a	0x3a
670	0x787fe407836d	310	0xb8556	0x31268e	0x312868	+0x1da	dispatch	0xcdac7	169	0x9af18	0x1e8	0x162	0x10c	0x1c4a	0x6576	0x4392	e80162010c014a1c76659243358b8809c82954e8014c0cab0058019c10f7f483	prefix_32_of_474	0x5675bb90	0x221c12	0xffc76ef9	0x3f06a742	-0xc0c0c7b7	0x3a	0x3a
671	0x787fe407836d	169	0x9af18	0x312868	0x312aee	+0x286	dispatch	0xcdac7	169	0x9af18	0xab	0x1e8	0x12	0x5e8	0xae3a	0xb4a5	ab00e8011200e8053aaea5b4a2606756d86000e801d80a90778a7301aa4f8cd8	prefix_32_of_646	0x221c12	0x8e3c0ca2	0x3f06a742	0x6f95fefa	+0x308f57b8	0x3a	0x3a
672	0x787fe407836d	169	0x9af18	0x312aee	0x312cd0	+0x1e2	dispatch	0xcdac7	169	0x9af18	0x162	0x1e8	0x9d	0xd4ff	0x99	0x3810	6201e8019d00ffd499001038377504acaadc9ee80188acfa117cde3f9f9f57fa	prefix_32_of_482	0x8e3c0ca2	0xfbf79ddb	0x6f95fefa	0xf9f3eb74	+0x8a5dec7a	0x3a	0x3a
673	0x787fe407836d	169	0x9af18	0x312cd0	0x312f26	+0x256	dispatch	0xcdac7	310	0xb8556	0x162	0x1e8	0xbd	0x99	0xe964	0x860	6201e801bd00990064e96008f0890e712b581de8014b1ac6d48406bceffeed89	prefix_32_of_598	0xfbf79ddb	0x4b8eb2de	0xf9f3eb74	0x7b1c5e5e	-0x7ed78d16	0x3a	0x3a
674	0x787fe407836d	310	0xb8556	0x312f26	0x313169	+0x243	dispatch	0xcdac7	310	0xb8556	0x1e8	0x162	0xb9	0xa483	0x543a	0xcd68	e8016201b90083a43a5468cdd0817305599acde80104b48b0ce80544a5607c99	prefix_32_of_579	0x4b8eb2de	0x7afe7fef	0x7b1c5e5e	0x727e02a8	-0x89e5bb6	0x3a	0x3a
675	0x787fe407836d	310	0xb8556	0x313169	0x31334b	+0x1e2	dispatch	0xcdac7	169	0x9af18	0x1e8	0xa5	0x151	0x99e0	0x99	0x2580	e801a5005101e09999008025faf2b3bb03cc5ae801979b477a218516bad00004	prefix_32_of_482	0x7afe7fef	0xce4d8465	0x727e02a8	0x7f3e7f7b	+0xcc07cd3	0x3a	0x3a
676	0x787fe407836d	169	0x9af18	0x31334b	0x3135b9	+0x26e	dispatch	0xcdac7	169	0x9af18	0xa5	0x1e8	0x40	0xa81d	0x99	0x620	a500e80140001da899002006e89ff41597541ce801ab9e2ac633af3ada4c1da9	prefix_32_of_622	0xce4d8465	0xc917a90d	0x7f3e7f7b	0xc917a90d	+0x49d92992	0x3a	0x3a
677	0x787fe407836d	169	0x9af18	0x3135b9	0x3137fc	+0x243	dispatch	0xcdac7	310	0xb8556	0x162	0x1e8	0x40	0xa2bd	0x99	0x1b17	6201e8014000bda29900171bab6f0801d4e8014ab2d76ef4e32006be862314d7	prefix_32_of_579	0xc917a90d	0x8df97560	0xc917a90d	0x694cb90f	-0x5fcaeffe	0x3a	0x3a
678	0x787fe407836d	310	0xb8556	0x3137fc	0x3139de	+0x1e2	dispatch	0xcdac7	310	0xb8556	0x1e8	0x162	0xa8	0x99	0xd0ce	0x339a	e8016201a8009900ced09a331c968809df4913e8013e1db47be2ab00a9a94eef	prefix_32_of_482	0x8df97560	0x4a612e32	0x694cb90f	0x5f8f8af3	-0x9bd2e1c	0x3a	0x3a
679	0x787fe407836d	310	0xb8556	0x3139de	0x313c4c	+0x26e	dispatch	0xcdac7	169	0x9af18	0x1e8	0xa5	0x154	0x12ac	0x99	0x6160	e801a5005401ac12990060615dd8ca85aa86fae801e80522b455bce3a77dd306	prefix_32_of_622	0x4a612e32	0x8f70318b	0x5f8f8af3	0xfbfb8b3c	+0x9c6c0049	0x3a	0x3a
680	0x787fe407836d	169	0x9af18	0x313c4c	0x313e8f	+0x243	dispatch	0xcdac7	169	0x9af18	0xab	0x1e8	0x14d	0xe973	0x99	0xe987	ab00e8014d0173e9990087e926178cfb71d638e8010b62f5e882fa050f99789a	prefix_32_of_579	0x8f70318b	0xfed1df96	0xfbfb8b3c	0x58a4dcd6	-0xa356ae66	0x3a	0x3a
681	0x787fe407836d	169	0x9af18	0x313e8f	0x314071	+0x1e2	dispatch	0xcdac7	169	0x9af18	0x162	0x1e8	0x9d	0xd4ff	0x99	0x3390	6201e8019d00ffd49900903337b623a8e5df73e8019798477690393ef22f9bcb	prefix_32_of_482	0xfed1df96	0x4ac60206	0x58a4dcd6	0x5ee7d2fb	+0x642f625	0x3a	0x3a
682	0x787fe407836d	169	0x9af18	0x314071	0x3142df	+0x26e	dispatch	0xcdac7	310	0xb8556	0x162	0x1e8	0xa8	0x99	0xd4b6	0x9fd6	6201e801a8009900b6d4d69fbcef4e5f09e8011cb697d66ed299928e413a85b4	prefix_32_of_622	0x4ac60206	0x861eb185	0x5ee7d2fb	0xdf95e7f4	+0x80ae14f9	0x3a	0x3a
683	0x787fe407836d	310	0xb8556	0x3142df	0x314522	+0x243	dispatch	0xcdac7	310	0xb8556	0x1e8	0xab	0xd7	0xa88	0xd888	0x227d	e801ab00d700880a88d87d220b07a29900b00ee801c9569798eedb0f85a424a2	prefix_32_of_579	0x861eb185	0x34a042ea	0xdf95e7f4	0x3ce04eeb	-0xa2b59909	0x3a	0x3a
684	0x787fe407836d	310	0xb8556	0x314522	0x314704	+0x1e2	dispatch	0xcdac7	310	0xb8556	0x1e8	0x162	0xcb	0x9a07	0x7635	0x1ca1	e8016201cb00079a3576a11c1587d000e463e6e801744fab006005408141e30a	prefix_32_of_482	0x34a042ea	0xfcdeff37	0x3ce04eeb	0xfcd60600	+0xbff5b715	0x3a	0x3a
685	0x787fe407836d	310	0xb8556	0x314704	0x314972	+0x26e	dispatch	0xcdac7	169	0x9af18	0x1e8	0x162	0x133	0x553a	0xc4b4	0x9913	e801620133013a55b4c41399000f9926d6e801b4c893293a145770293fba3bd7	prefix_32_of_622	0xfcdeff37	0xf8eeff37	0xfcd60600	0xf8e60910	-0x3effcf0	0x3a	0x3a
686	0x787fe407836d	169	0x9af18	0x314972	0x314bb5	+0x243	dispatch	0xcdac7	310	0xb8556	0xab	0x1e8	0x133	0xd3a	0x17b0	0x3590	ab00e80133013a0db017903576da52830d9d9ee801174b3aac16ab007e67bbcf	prefix_32_of_579	0xf8eeff37	0x62662dfb	0xf8e60910	0xbffcca14	-0x38e93efc	0x3a	0x3a
687	0x787fe407836d	310	0xb8556	0x314bb5	0x314d97	+0x1e2	dispatch	0xcdac7	169	0x9af18	0x1e8	0xa5	0x154	0xec4	0x99	0xdaa	e801a5005401c40e9900aa0d3e77f80828c29ae801209b1de1b283cc41d0003c	prefix_32_of_482	0x62662dfb	0xfadf7f2d	0xbffcca14	0xf21b0800	+0x321e3dec	0x3a	0x3a
688	0x787fe407836d	169	0x9af18	0x314d97	0x315005	+0x26e	dispatch	0xcdac7	310	0xb8556	0x162	0x1e8	0x154	0x1334	0x99	0x1060	6201e80154013413990060103a1468c6d70e38e801880ac47c15400b7ef3eb03	prefix_32_of_622	0xfadf7f2d	0xe34473c6	0xf21b0800	0xe74477c6	-0xad6903a	0x3a	0x3a
689	0x787fe407836d	310	0xb8556	0x315005	0x31522f	+0x22a	dispatch	0xcdac7	310	0xb8556	0x1e8	0xab	0x2b	0x7ded	0x99	0x9d3a	e801ab002b00ed7d99003a9daf99001ceee5a3e801abfa76d8093db434706b58	prefix_32_of_554	0xe34473c6	0x69b0303a	0xe74477c6	0x69145e5a	-0x7e30196c	0x3a	0x3a
690	0x787fe407836d	310	0xb8556	0x31522f	0x315486	+0x257	dispatch	0xcdac7	169	0x9af18	0x1e8	0xab	0xc7	0x4f47	0x2c3a	0xae89	e801ab00c700474f3a2c89ae01349650eb981ae801bbffdce71f77f3025db1c8	prefix_32_of_599	0x69b0303a	0x841ab3c5	0x69145e5a	0x841ab3c5	+0x1b06556b	0x3a	0x3a
691	0x787fe407836d	169	0x9af18	0x315486	0x3156ca	+0x244	dispatch	0xcdac7	169	0x9af18	0xa5	0x1e8	0x12	0x620	0xdc3a	0xfca3	a500e801120020063adca3fce00d85dd41f69ae801e0a76a83e8bb0003922025	prefix_32_of_580	0x841ab3c5	0xf613f930	0x841ab3c5	0x3ffce85e	-0x441dcb67	0x3a	0x3a
692	0x787fe407836d	169	0x9af18	0x3156ca	0x315969	+0x29f	dispatch	0xcdac7	169	0x9af18	0xab	0x1e8	0x9d	0xcf07	0x99	0xf9a4	ab00e8019d0007cf9900a4f90133438c86ac48e801f3e7ab00737721d5bfd52a	prefix_32_of_671	0xf613f930	0x2ab32381	0x3ffce85e	0x2af72783	-0x1505c0db	0x3a	0x3a
693	0x787fe407836d	169	0x9af18	0x315969	0x315bbf	+0x256	dispatch	0xcdac7	169	0x9af18	0xab	0x1e8	0x129	0x1e31	0x8ee1	0x6ea2	ab00e8012901311ee18ea26eeb88cf9ecf06bee8010aaba3094961d69865e9dc	prefix_32_of_598	0x2ab32381	0x6e5d9892	0x2af72783	0x4000d60c	+0x1509ae89	0x3a	0x3a
694	0x787fe407836d	169	0x9af18	0x315bbf	0x310ca5	-0x4f1a	dispatch	0xcdac7	310	0xb8556	0xab	0x1e8	0x10c	0x1c4a	0x63e6	0x5af	ab00e8010c014a1ce663af053cd2e4092be80199f5de2fb4dd1429a30a54917a	backedge_sample	0x6e5d9892	0x148226cc	0x4000d60c	0xffaffb65	+0xbfaf2559	0x3a	0x3a
695	0x787fe407836d	310	0xb8556	0x310ca5	0x310ef0	+0x24b	dispatch	0xcdac7	310	0xb8556	0x1e8	0xa5	0xcb	0x9ebf	0x7635	0x390	e801a500cb00bf9e35769003042ba8fcee6d9ce801f7d8ab009003dc5941168f	prefix_32_of_587	0x148226cc	0x14100010	0xffaffb65	0x3f0612b2	-0xc0a9e8b3	0x3a	0x3a
696	0x787fe407836d	310	0xb8556	0x310ef0	0x311163	+0x273	dispatch	0xcdac7	169	0x9af18	0x1e8	0x162	0x154	0xf7c	0x99	0x92e7	e801620154017c0f9900e792dc1375ac08b602e801bf8c2f019289f5a0fa7e69	prefix_32_of_627	0x14100010	0xc83095f0	0x3f0612b2	0x400110fe	+0xfafe4c	0x3a	0x3a
697	0x787fe407836d	169	0x9af18	0x311163	0x3113a5	+0x242	dispatch	0xcdac7	169	0x9af18	0xa5	0x1e8	0x10c	0x1c4a	0x67ae	0x6b6	a500e8010c014a1cae67b6063aa56428d9e80129f1186774139007d64940f679	prefix_32_of_578	0xc83095f0	0x7adeff2e	0x400110fe	0x78de0800	+0x38dcf702	0x3a	0x3a
698	0x787fe407836d	169	0x9af18	0x3113a5	0x3115e7	+0x242	dispatch	0xcdac7	310	0xb8556	0x162	0x1e8	0xbd	0x99	0xe914	0x26e8	6201e801bd00990014e9e826ba56639900de34e8017709ab00041dab006485b4	prefix_32_of_578	0x7adeff2e	0x2948	0x78de0800	0x2948	-0x78dddeb8	0x3a	0x3a
699	0x787fe407836d	310	0xb8556	0x3115e7	0x311829	+0x242	dispatch	0xcdac7	169	0x9af18	0x1e8	0xa5	0x9d	0xd56f	0x99	0xad8	e801a5009d006fd59900d80a53f58761012fcee8011603b240666e6e27e60d3a	prefix_32_of_578	0x2948	0x3acddfde	0x2948	0x585c5c02	+0x585c32ba	0x3a	0x3a
700	0x787fe407836d	169	0x9af18	0x311829	0x311a6b	+0x242	dispatch	0xcdac7	169	0x9af18	0xab	0x1e8	0x151	0x94f0	0x99	0xfcec	ab00e8015101f0949900ecfc8b0cd809e4e80111f8d746656b7dce813884ab00	prefix_32_of_578	0x3acddfde	0xef1b287	0x585c5c02	0x69145f5a	+0x10b80358	0x3a	0x3a
701	0x787fe407836d	169	0x9af18	0x311a6b	0x311cad	+0x242	dispatch	0xcdac7	310	0xb8556	0xa5	0x1e8	0x72	0x64cb	0xac8c	0x620	a500e8017200cb648cac200648efdaf5e0bf18e8015f2dab001a531a84d8ab00	prefix_32_of_578	0xef1b287	0x524c03c5	0x69145f5a	0x7df7dfda	+0x14e38080	0x3a	0x3a
702	0x787fe407836d	310	0xb8556	0x311cad	0x311f69	+0x2bc	dispatch	0xcdac7	310	0xb8556	0x1e8	0xa5	0x10c	0x1c4a	0x6c86	0x7438	e801a5000c014a1c866c38749900ba703aa3e6e801859db8ec9f9147b7bebdaa	prefix_32_of_700	0x524c03c5	0x8e78f1da	0x7df7dfda	0xeb377ffe	+0x6d3fa024	0x3a	0x3a
703	0x787fe407836d	310	0xb8556	0x311f69	0x31223a	+0x2d1	dispatch	0xcdac7	310	0xb8556	0x1e8	0xa5	0x14d	0xe523	0x99	0xe367	e801a5004d0123e5990067e332d17995c6459ee801880a70a4781ff2ff90977e	prefix_32_of_721	0x8e78f1da	0x8e4e0de5	0xeb377ffe	0x7bd7fefb	-0x6f5f8103	0x3a	0x3a
704	0x787fe407836d	310	0xb8556	0x31223a	0x312464	+0x22a	dispatch	0xcdac7	169	0x9af18	0x1e8	0xab	0x151	0x9568	0x99	0xae47	e801ab0051016895990047ae9900f3a03a2e3ae801d80a443786cf06c648acd7	prefix_32_of_554	0x8e4e0de5	0x347541db	0x7bd7fefb	0x69945ffa	-0x12439f01	0x3a	0x3a
705	0x787fe407836d	169	0x9af18	0x312464	0x31268e	+0x22a	dispatch	0xcdac7	310	0xb8556	0xab	0x1e8	0x42	0x97f9	0x8b3a	0x99da	ab00e8014200f9973a8bda99009a299900e801e4734b803a09b993007451ab00	prefix_32_of_554	0x347541db	0x5675bb90	0x69945ffa	0xffc76ef9	+0x96330eff	0x3a	0x3a
706	0x787fe407836d	310	0xb8556	0x31268e	0x312868	+0x1da	dispatch	0xcdac7	169	0x9af18	0x1e8	0x162	0x10c	0x1c4a	0x6576	0x4392	e80162010c014a1c76659243358b8809c82954e8014c0cab0058019c10f7f483	prefix_32_of_474	0x5675bb90	0x221c12	0xffc76ef9	0x3f06a742	-0xc0c0c7b7	0x3a	0x3a
707	0x787fe407836d	169	0x9af18	0x312868	0x312aee	+0x286	dispatch	0xcdac7	169	0x9af18	0xab	0x1e8	0x12	0x5e8	0xae3a	0xb4a5	ab00e8011200e8053aaea5b4a2606756d86000e801d80a90778a7301aa4f8cd8	prefix_32_of_646	0x221c12	0x8e3c0ca2	0x3f06a742	0x6f95fefa	+0x308f57b8	0x3a	0x3a
708	0x787fe407836d	169	0x9af18	0x312aee	0x312cd0	+0x1e2	dispatch	0xcdac7	169	0x9af18	0x162	0x1e8	0x9d	0xd4ff	0x99	0x3810	6201e8019d00ffd499001038377504acaadc9ee80188acfa117cde3f9f9f57fa	prefix_32_of_482	0x8e3c0ca2	0xfbf79ddb	0x6f95fefa	0xf9f3eb74	+0x8a5dec7a	0x3a	0x3a
709	0x787fe407836d	169	0x9af18	0x312cd0	0x312f26	+0x256	dispatch	0xcdac7	310	0xb8556	0x162	0x1e8	0xbd	0x99	0xe964	0x860	6201e801bd00990064e96008f0890e712b581de8014b1ac6d48406bceffeed89	prefix_32_of_598	0xfbf79ddb	0x4b8eb2de	0xf9f3eb74	0x7b1c5e5e	-0x7ed78d16	0x3a	0x3a
710	0x787fe407836d	310	0xb8556	0x312f26	0x313169	+0x243	dispatch	0xcdac7	310	0xb8556	0x1e8	0x162	0xb9	0xa483	0x543a	0xcd68	e8016201b90083a43a5468cdd0817305599acde80104b48b0ce80544a5607c99	prefix_32_of_579	0x4b8eb2de	0x7afe7fef	0x7b1c5e5e	0x727e02a8	-0x89e5bb6	0x3a	0x3a
711	0x787fe407836d	310	0xb8556	0x313169	0x31334b	+0x1e2	dispatch	0xcdac7	169	0x9af18	0x1e8	0xa5	0x151	0x99e0	0x99	0x2580	e801a5005101e09999008025faf2b3bb03cc5ae801979b477a218516bad00004	prefix_32_of_482	0x7afe7fef	0xce4d8465	0x727e02a8	0x7f3e7f7b	+0xcc07cd3	0x3a	0x3a
712	0x787fe407836d	169	0x9af18	0x31334b	0x3135b9	+0x26e	dispatch	0xcdac7	169	0x9af18	0xa5	0x1e8	0x40	0xa81d	0x99	0x620	a500e80140001da899002006e89ff41597541ce801ab9e2ac633af3ada4c1da9	prefix_32_of_622	0xce4d8465	0xc917a90d	0x7f3e7f7b	0xc917a90d	+0x49d92992	0x3a	0x3a
713	0x787fe407836d	169	0x9af18	0x3135b9	0x3137fc	+0x243	dispatch	0xcdac7	310	0xb8556	0x162	0x1e8	0x40	0xa2bd	0x99	0x1b17	6201e8014000bda29900171bab6f0801d4e8014ab2d76ef4e32006be862314d7	prefix_32_of_579	0xc917a90d	0x8df97560	0xc917a90d	0x694cb90f	-0x5fcaeffe	0x3a	0x3a
714	0x787fe407836d	310	0xb8556	0x3137fc	0x3139de	+0x1e2	dispatch	0xcdac7	310	0xb8556	0x1e8	0x162	0xa8	0x99	0xd0ce	0x339a	e8016201a8009900ced09a331c968809df4913e8013e1db47be2ab00a9a94eef	prefix_32_of_482	0x8df97560	0x4a612e32	0x694cb90f	0x5f8f8af3	-0x9bd2e1c	0x3a	0x3a
715	0x787fe407836d	310	0xb8556	0x3139de	0x313c4c	+0x26e	dispatch	0xcdac7	169	0x9af18	0x1e8	0xa5	0x154	0x12ac	0x99	0x6160	e801a5005401ac12990060615dd8ca85aa86fae801e80522b455bce3a77dd306	prefix_32_of_622	0x4a612e32	0x8f70318b	0x5f8f8af3	0xfbfb8b3c	+0x9c6c0049	0x3a	0x3a
716	0x787fe407836d	169	0x9af18	0x313c4c	0x313e8f	+0x243	dispatch	0xcdac7	169	0x9af18	0xab	0x1e8	0x14d	0xe973	0x99	0xe987	ab00e8014d0173e9990087e926178cfb71d638e8010b62f5e882fa050f99789a	prefix_32_of_579	0x8f70318b	0xfed1df96	0xfbfb8b3c	0x58a4dcd6	-0xa356ae66	0x3a	0x3a
717	0x787fe407836d	169	0x9af18	0x313e8f	0x314071	+0x1e2	dispatch	0xcdac7	169	0x9af18	0x162	0x1e8	0x9d	0xd4ff	0x99	0x3390	6201e8019d00ffd49900903337b623a8e5df73e8019798477690393ef22f9bcb	prefix_32_of_482	0xfed1df96	0x4ac60206	0x58a4dcd6	0x5ee7d2fb	+0x642f625	0x3a	0x3a
718	0x787fe407836d	169	0x9af18	0x314071	0x3142df	+0x26e	dispatch	0xcdac7	310	0xb8556	0x162	0x1e8	0xa8	0x99	0xd4b6	0x9fd6	6201e801a8009900b6d4d69fbcef4e5f09e8011cb697d66ed299928e413a85b4	prefix_32_of_622	0x4ac60206	0x861eb185	0x5ee7d2fb	0xdf95e7f4	+0x80ae14f9	0x3a	0x3a
719	0x787fe407836d	310	0xb8556	0x3142df	0x314522	+0x243	dispatch	0xcdac7	310	0xb8556	0x1e8	0xab	0xd7	0xa88	0xd888	0x227d	e801ab00d700880a88d87d220b07a29900b00ee801c9569798eedb0f85a424a2	prefix_32_of_579	0x861eb185	0x34a042ea	0xdf95e7f4	0x3ce04eeb	-0xa2b59909	0x3a	0x3a
720	0x787fe407836d	310	0xb8556	0x314522	0x314704	+0x1e2	dispatch	0xcdac7	310	0xb8556	0x1e8	0x162	0xcb	0x9a07	0x7635	0x1ca1	e8016201cb00079a3576a11c1587d000e463e6e801744fab006005408141e30a	prefix_32_of_482	0x34a042ea	0xfcdeff37	0x3ce04eeb	0xfcd60600	+0xbff5b715	0x3a	0x3a
721	0x787fe407836d	310	0xb8556	0x314704	0x314972	+0x26e	dispatch	0xcdac7	169	0x9af18	0x1e8	0x162	0x133	0x553a	0xc4b4	0x9913	e801620133013a55b4c41399000f9926d6e801b4c893293a145770293fba3bd7	prefix_32_of_622	0xfcdeff37	0xf8eeff37	0xfcd60600	0xf8e60910	-0x3effcf0	0x3a	0x3a
722	0x787fe407836d	169	0x9af18	0x314972	0x314bb5	+0x243	dispatch	0xcdac7	310	0xb8556	0xab	0x1e8	0x133	0xd3a	0x17b0	0x3590	ab00e80133013a0db017903576da52830d9d9ee801174b3aac16ab007e67bbcf	prefix_32_of_579	0xf8eeff37	0x62662dfb	0xf8e60910	0xbffcca14	-0x38e93efc	0x3a	0x3a
723	0x787fe407836d	310	0xb8556	0x314bb5	0x314d97	+0x1e2	dispatch	0xcdac7	169	0x9af18	0x1e8	0xa5	0x154	0xec4	0x99	0xdaa	e801a5005401c40e9900aa0d3e77f80828c29ae801209b1de1b283cc41d0003c	prefix_32_of_482	0x62662dfb	0xfadf7f2d	0xbffcca14	0xf21b0800	+0x321e3dec	0x3a	0x3a
724	0x787fe407836d	169	0x9af18	0x314d97	0x315005	+0x26e	dispatch	0xcdac7	310	0xb8556	0x162	0x1e8	0x154	0x1334	0x99	0x1060	6201e80154013413990060103a1468c6d70e38e801880ac47c15400b7ef3eb03	prefix_32_of_622	0xfadf7f2d	0xe34473c6	0xf21b0800	0xe74477c6	-0xad6903a	0x3a	0x3a
725	0x787fe407836d	310	0xb8556	0x315005	0x31522f	+0x22a	dispatch	0xcdac7	310	0xb8556	0x1e8	0xab	0x2b	0x7ded	0x99	0x9d3a	e801ab002b00ed7d99003a9daf99001ceee5a3e801abfa76d8093db434706b58	prefix_32_of_554	0xe34473c6	0x69b0303a	0xe74477c6	0x69145e5a	-0x7e30196c	0x3a	0x3a
726	0x787fe407836d	310	0xb8556	0x31522f	0x315486	+0x257	dispatch	0xcdac7	169	0x9af18	0x1e8	0xab	0xc7	0x4f47	0x2c3a	0xae89	e801ab00c700474f3a2c89ae01349650eb981ae801bbffdce71f77f3025db1c8	prefix_32_of_599	0x69b0303a	0x841ab3c5	0x69145e5a	0x841ab3c5	+0x1b06556b	0x3a	0x3a
727	0x787fe407836d	169	0x9af18	0x315486	0x3156ca	+0x244	dispatch	0xcdac7	169	0x9af18	0xa5	0x1e8	0x12	0x620	0xdc3a	0xfca3	a500e801120020063adca3fce00d85dd41f69ae801e0a76a83e8bb0003922025	prefix_32_of_580	0x841ab3c5	0xf613f930	0x841ab3c5	0x3ffce85e	-0x441dcb67	0x3a	0x3a
728	0x787fe407836d	169	0x9af18	0x3156ca	0x315969	+0x29f	dispatch	0xcdac7	169	0x9af18	0xab	0x1e8	0x9d	0xcf07	0x99	0xf9a4	ab00e8019d0007cf9900a4f90133438c86ac48e801f3e7ab00737721d5bfd52a	prefix_32_of_671	0xf613f930	0x2ab32381	0x3ffce85e	0x2af72783	-0x1505c0db	0x3a	0x3a
729	0x787fe407836d	169	0x9af18	0x315969	0x315bbf	+0x256	dispatch	0xcdac7	169	0x9af18	0xab	0x1e8	0x129	0x1e31	0x8ee1	0x6ea2	ab00e8012901311ee18ea26eeb88cf9ecf06bee8010aaba3094961d69865e9dc	prefix_32_of_598	0x2ab32381	0x6e5d9892	0x2af72783	0x4000d60c	+0x1509ae89	0x3a	0x3a
730	0x787fe407836d	169	0x9af18	0x315bbf	0x310ca5	-0x4f1a	dispatch	0xcdac7	310	0xb8556	0xab	0x1e8	0x10c	0x1c4a	0x63e6	0x5af	ab00e8010c014a1ce663af053cd2e4092be80199f5de2fb4dd1429a30a54917a	backedge_sample	0x6e5d9892	0x148226cc	0x4000d60c	0xffaffb65	+0xbfaf2559	0x3a	0x3a
731	0x787fe407836d	310	0xb8556	0x310ca5	0x310ef0	+0x24b	dispatch	0xcdac7	310	0xb8556	0x1e8	0xa5	0xcb	0x9ebf	0x7635	0x390	e801a500cb00bf9e35769003042ba8fcee6d9ce801f7d8ab009003dc5941168f	prefix_32_of_587	0x148226cc	0x14100010	0xffaffb65	0x3f0612b2	-0xc0a9e8b3	0x3a	0x3a
732	0x787fe407836d	310	0xb8556	0x310ef0	0x311163	+0x273	dispatch	0xcdac7	169	0x9af18	0x1e8	0x162	0x154	0xf7c	0x99	0x92e7	e801620154017c0f9900e792dc1375ac08b602e801bf8c2f019289f5a0fa7e69	prefix_32_of_627	0x14100010	0xc83095f0	0x3f0612b2	0x400110fe	+0xfafe4c	0x3a	0x3a
733	0x787fe407836d	169	0x9af18	0x311163	0x3113a5	+0x242	dispatch	0xcdac7	169	0x9af18	0xa5	0x1e8	0x10c	0x1c4a	0x67ae	0x6b6	a500e8010c014a1cae67b6063aa56428d9e80129f1186774139007d64940f679	prefix_32_of_578	0xc83095f0	0x7adeff2e	0x400110fe	0x78de0800	+0x38dcf702	0x3a	0x3a
734	0x787fe407836d	169	0x9af18	0x3113a5	0x3115e7	+0x242	dispatch	0xcdac7	310	0xb8556	0x162	0x1e8	0xbd	0x99	0xe914	0x26e8	6201e801bd00990014e9e826ba56639900de34e8017709ab00041dab006485b4	prefix_32_of_578	0x7adeff2e	0x2948	0x78de0800	0x2948	-0x78dddeb8	0x3a	0x3a
735	0x787fe407836d	310	0xb8556	0x3115e7	0x311829	+0x242	dispatch	0xcdac7	169	0x9af18	0x1e8	0xa5	0x9d	0xd56f	0x99	0xad8	e801a5009d006fd59900d80a53f58761012fcee8011603b240666e6e27e60d3a	prefix_32_of_578	0x2948	0x3acddfde	0x2948	0x585c5c02	+0x585c32ba	0x3a	0x3a
736	0x787fe407836d	169	0x9af18	0x311829	0x311a6b	+0x242	dispatch	0xcdac7	169	0x9af18	0xab	0x1e8	0x151	0x94f0	0x99	0xfcec	ab00e8015101f0949900ecfc8b0cd809e4e80111f8d746656b7dce813884ab00	prefix_32_of_578	0x3acddfde	0xef1b287	0x585c5c02	0x69145f5a	+0x10b80358	0x3a	0x3a
737	0x787fe407836d	169	0x9af18	0x311a6b	0x311cad	+0x242	dispatch	0xcdac7	310	0xb8556	0xa5	0x1e8	0x72	0x64cb	0xac8c	0x620	a500e8017200cb648cac200648efdaf5e0bf18e8015f2dab001a531a84d8ab00	prefix_32_of_578	0xef1b287	0x524c03c5	0x69145f5a	0x7df7dfda	+0x14e38080	0x3a	0x3a
738	0x787fe407836d	310	0xb8556	0x311cad	0x311f69	+0x2bc	dispatch	0xcdac7	310	0xb8556	0x1e8	0xa5	0x10c	0x1c4a	0x6c86	0x7438	e801a5000c014a1c866c38749900ba703aa3e6e801859db8ec9f9147b7bebdaa	prefix_32_of_700	0x524c03c5	0x8e78f1da	0x7df7dfda	0xeb377ffe	+0x6d3fa024	0x3a	0x3a
739	0x787fe407836d	310	0xb8556	0x311f69	0x31223a	+0x2d1	dispatch	0xcdac7	310	0xb8556	0x1e8	0xa5	0x14d	0xe523	0x99	0xe367	e801a5004d0123e5990067e332d17995c6459ee801880a70a4781ff2ff90977e	prefix_32_of_721	0x8e78f1da	0x8e4e0de5	0xeb377ffe	0x7bd7fefb	-0x6f5f8103	0x3a	0x3a
740	0x787fe407836d	310	0xb8556	0x31223a	0x312464	+0x22a	dispatch	0xcdac7	169	0x9af18	0x1e8	0xab	0x151	0x9568	0x99	0xae47	e801ab0051016895990047ae9900f3a03a2e3ae801d80a443786cf06c648acd7	prefix_32_of_554	0x8e4e0de5	0x347541db	0x7bd7fefb	0x69945ffa	-0x12439f01	0x3a	0x3a
741	0x787fe407836d	169	0x9af18	0x312464	0x31268e	+0x22a	dispatch	0xcdac7	310	0xb8556	0xab	0x1e8	0x42	0x97f9	0x8b3a	0x99da	ab00e8014200f9973a8bda99009a299900e801e4734b803a09b993007451ab00	prefix_32_of_554	0x347541db	0x5675bb90	0x69945ffa	0xffc76ef9	+0x96330eff	0x3a	0x3a
742	0x787fe407836d	310	0xb8556	0x31268e	0x312868	+0x1da	dispatch	0xcdac7	169	0x9af18	0x1e8	0x162	0x10c	0x1c4a	0x6576	0x4392	e80162010c014a1c76659243358b8809c82954e8014c0cab0058019c10f7f483	prefix_32_of_474	0x5675bb90	0x221c12	0xffc76ef9	0x3f06a742	-0xc0c0c7b7	0x3a	0x3a
743	0x787fe407836d	169	0x9af18	0x312868	0x312aee	+0x286	dispatch	0xcdac7	169	0x9af18	0xab	0x1e8	0x12	0x5e8	0xae3a	0xb4a5	ab00e8011200e8053aaea5b4a2606756d86000e801d80a90778a7301aa4f8cd8	prefix_32_of_646	0x221c12	0x8e3c0ca2	0x3f06a742	0x6f95fefa	+0x308f57b8	0x3a	0x3a
744	0x787fe407836d	169	0x9af18	0x312aee	0x312cd0	+0x1e2	dispatch	0xcdac7	169	0x9af18	0x162	0x1e8	0x9d	0xd4ff	0x99	0x3810	6201e8019d00ffd499001038377504acaadc9ee80188acfa117cde3f9f9f57fa	prefix_32_of_482	0x8e3c0ca2	0xfbf79ddb	0x6f95fefa	0xf9f3eb74	+0x8a5dec7a	0x3a	0x3a
745	0x787fe407836d	169	0x9af18	0x312cd0	0x312f26	+0x256	dispatch	0xcdac7	310	0xb8556	0x162	0x1e8	0xbd	0x99	0xe964	0x860	6201e801bd00990064e96008f0890e712b581de8014b1ac6d48406bceffeed89	prefix_32_of_598	0xfbf79ddb	0x4b8eb2de	0xf9f3eb74	0x7b1c5e5e	-0x7ed78d16	0x3a	0x3a
746	0x787fe407836d	310	0xb8556	0x312f26	0x313169	+0x243	dispatch	0xcdac7	310	0xb8556	0x1e8	0x162	0xb9	0xa483	0x543a	0xcd68	e8016201b90083a43a5468cdd0817305599acde80104b48b0ce80544a5607c99	prefix_32_of_579	0x4b8eb2de	0x7afe7fef	0x7b1c5e5e	0x727e02a8	-0x89e5bb6	0x3a	0x3a
747	0x787fe407836d	310	0xb8556	0x313169	0x31334b	+0x1e2	dispatch	0xcdac7	169	0x9af18	0x1e8	0xa5	0x151	0x99e0	0x99	0x2580	e801a5005101e09999008025faf2b3bb03cc5ae801979b477a218516bad00004	prefix_32_of_482	0x7afe7fef	0xce4d8465	0x727e02a8	0x7f3e7f7b	+0xcc07cd3	0x3a	0x3a
748	0x787fe407836d	169	0x9af18	0x31334b	0x3135b9	+0x26e	dispatch	0xcdac7	169	0x9af18	0xa5	0x1e8	0x40	0xa81d	0x99	0x620	a500e80140001da899002006e89ff41597541ce801ab9e2ac633af3ada4c1da9	prefix_32_of_622	0xce4d8465	0xc917a90d	0x7f3e7f7b	0xc917a90d	+0x49d92992	0x3a	0x3a
749	0x787fe407836d	169	0x9af18	0x3135b9	0x3137fc	+0x243	dispatch	0xcdac7	310	0xb8556	0x162	0x1e8	0x40	0xa2bd	0x99	0x1b17	6201e8014000bda29900171bab6f0801d4e8014ab2d76ef4e32006be862314d7	prefix_32_of_579	0xc917a90d	0x8df97560	0xc917a90d	0x694cb90f	-0x5fcaeffe	0x3a	0x3a
750	0x787fe407836d	310	0xb8556	0x3137fc	0x3139de	+0x1e2	dispatch	0xcdac7	310	0xb8556	0x1e8	0x162	0xa8	0x99	0xd0ce	0x339a	e8016201a8009900ced09a331c968809df4913e8013e1db47be2ab00a9a94eef	prefix_32_of_482	0x8df97560	0x4a612e32	0x694cb90f	0x5f8f8af3	-0x9bd2e1c	0x3a	0x3a
751	0x787fe407836d	310	0xb8556	0x3139de	0x313c4c	+0x26e	dispatch	0xcdac7	169	0x9af18	0x1e8	0xa5	0x154	0x12ac	0x99	0x6160	e801a5005401ac12990060615dd8ca85aa86fae801e80522b455bce3a77dd306	prefix_32_of_622	0x4a612e32	0x8f70318b	0x5f8f8af3	0xfbfb8b3c	+0x9c6c0049	0x3a	0x3a
752	0x787fe407836d	169	0x9af18	0x313c4c	0x313e8f	+0x243	dispatch	0xcdac7	169	0x9af18	0xab	0x1e8	0x14d	0xe973	0x99	0xe987	ab00e8014d0173e9990087e926178cfb71d638e8010b62f5e882fa050f99789a	prefix_32_of_579	0x8f70318b	0xfed1df96	0xfbfb8b3c	0x58a4dcd6	-0xa356ae66	0x3a	0x3a
753	0x787fe407836d	169	0x9af18	0x313e8f	0x314071	+0x1e2	dispatch	0xcdac7	169	0x9af18	0x162	0x1e8	0x9d	0xd4ff	0x99	0x3390	6201e8019d00ffd49900903337b623a8e5df73e8019798477690393ef22f9bcb	prefix_32_of_482	0xfed1df96	0x4ac60206	0x58a4dcd6	0x5ee7d2fb	+0x642f625	0x3a	0x3a
754	0x787fe407836d	169	0x9af18	0x314071	0x3142df	+0x26e	dispatch	0xcdac7	310	0xb8556	0x162	0x1e8	0xa8	0x99	0xd4b6	0x9fd6	6201e801a8009900b6d4d69fbcef4e5f09e8011cb697d66ed299928e413a85b4	prefix_32_of_622	0x4ac60206	0x861eb185	0x5ee7d2fb	0xdf95e7f4	+0x80ae14f9	0x3a	0x3a
755	0x787fe407836d	310	0xb8556	0x3142df	0x314522	+0x243	dispatch	0xcdac7	310	0xb8556	0x1e8	0xab	0xd7	0xa88	0xd888	0x227d	e801ab00d700880a88d87d220b07a29900b00ee801c9569798eedb0f85a424a2	prefix_32_of_579	0x861eb185	0x34a042ea	0xdf95e7f4	0x3ce04eeb	-0xa2b59909	0x3a	0x3a
756	0x787fe407836d	310	0xb8556	0x314522	0x314704	+0x1e2	dispatch	0xcdac7	310	0xb8556	0x1e8	0x162	0xcb	0x9a07	0x7635	0x1ca1	e8016201cb00079a3576a11c1587d000e463e6e801744fab006005408141e30a	prefix_32_of_482	0x34a042ea	0xfcdeff37	0x3ce04eeb	0xfcd60600	+0xbff5b715	0x3a	0x3a
757	0x787fe407836d	310	0xb8556	0x314704	0x314972	+0x26e	dispatch	0xcdac7	169	0x9af18	0x1e8	0x162	0x133	0x553a	0xc4b4	0x9913	e801620133013a55b4c41399000f9926d6e801b4c893293a145770293fba3bd7	prefix_32_of_622	0xfcdeff37	0xf8eeff37	0xfcd60600	0xf8e60910	-0x3effcf0	0x3a	0x3a
758	0x787fe407836d	169	0x9af18	0x314972	0x314bb5	+0x243	dispatch	0xcdac7	310	0xb8556	0xab	0x1e8	0x133	0xd3a	0x17b0	0x3590	ab00e80133013a0db017903576da52830d9d9ee801174b3aac16ab007e67bbcf	prefix_32_of_579	0xf8eeff37	0x62662dfb	0xf8e60910	0xbffcca14	-0x38e93efc	0x3a	0x3a
759	0x787fe407836d	310	0xb8556	0x314bb5	0x314d97	+0x1e2	dispatch	0xcdac7	169	0x9af18	0x1e8	0xa5	0x154	0xec4	0x99	0xdaa	e801a5005401c40e9900aa0d3e77f80828c29ae801209b1de1b283cc41d0003c	prefix_32_of_482	0x62662dfb	0xfadf7f2d	0xbffcca14	0xf21b0800	+0x321e3dec	0x3a	0x3a
760	0x787fe407836d	169	0x9af18	0x314d97	0x315005	+0x26e	dispatch	0xcdac7	310	0xb8556	0x162	0x1e8	0x154	0x1334	0x99	0x1060	6201e80154013413990060103a1468c6d70e38e801880ac47c15400b7ef3eb03	prefix_32_of_622	0xfadf7f2d	0xe34473c6	0xf21b0800	0xe74477c6	-0xad6903a	0x3a	0x3a
761	0x787fe407836d	310	0xb8556	0x315005	0x31522f	+0x22a	dispatch	0xcdac7	310	0xb8556	0x1e8	0xab	0x2b	0x7ded	0x99	0x9d3a	e801ab002b00ed7d99003a9daf99001ceee5a3e801abfa76d8093db434706b58	prefix_32_of_554	0xe34473c6	0x69b0303a	0xe74477c6	0x69145e5a	-0x7e30196c	0x3a	0x3a
762	0x787fe407836d	310	0xb8556	0x31522f	0x315486	+0x257	dispatch	0xcdac7	169	0x9af18	0x1e8	0xab	0xc7	0x4f47	0x2c3a	0xae89	e801ab00c700474f3a2c89ae01349650eb981ae801bbffdce71f77f3025db1c8	prefix_32_of_599	0x69b0303a	0x841ab3c5	0x69145e5a	0x841ab3c5	+0x1b06556b	0x3a	0x3a
763	0x787fe407836d	169	0x9af18	0x315486	0x3156ca	+0x244	dispatch	0xcdac7	169	0x9af18	0xa5	0x1e8	0x12	0x620	0xdc3a	0xfca3	a500e801120020063adca3fce00d85dd41f69ae801e0a76a83e8bb0003922025	prefix_32_of_580	0x841ab3c5	0xf613f930	0x841ab3c5	0x3ffce85e	-0x441dcb67	0x3a	0x3a
764	0x787fe407836d	169	0x9af18	0x3156ca	0x315969	+0x29f	dispatch	0xcdac7	169	0x9af18	0xab	0x1e8	0x9d	0xcf07	0x99	0xf9a4	ab00e8019d0007cf9900a4f90133438c86ac48e801f3e7ab00737721d5bfd52a	prefix_32_of_671	0xf613f930	0x2ab32381	0x3ffce85e	0x2af72783	-0x1505c0db	0x3a	0x3a
765	0x787fe407836d	169	0x9af18	0x315969	0x315bbf	+0x256	dispatch	0xcdac7	169	0x9af18	0xab	0x1e8	0x129	0x1e31	0x8ee1	0x6ea2	ab00e8012901311ee18ea26eeb88cf9ecf06bee8010aaba3094961d69865e9dc	prefix_32_of_598	0x2ab32381	0x6e5d9892	0x2af72783	0x4000d60c	+0x1509ae89	0x3a	0x3a
766	0x787fe407836d	169	0x9af18	0x315bbf	0x310ca5	-0x4f1a	dispatch	0xcdac7	310	0xb8556	0xab	0x1e8	0x10c	0x1c4a	0x63e6	0x5af	ab00e8010c014a1ce663af053cd2e4092be80199f5de2fb4dd1429a30a54917a	backedge_sample	0x6e5d9892	0x148226cc	0x4000d60c	0xffaffb65	+0xbfaf2559	0x3a	0x3a
767	0x787fe407836d	310	0xb8556	0x310ca5	0x310ef0	+0x24b	dispatch	0xcdac7	310	0xb8556	0x1e8	0xa5	0xcb	0x9ebf	0x7635	0x390	e801a500cb00bf9e35769003042ba8fcee6d9ce801f7d8ab009003dc5941168f	prefix_32_of_587	0x148226cc	0x14100010	0xffaffb65	0x3f0612b2	-0xc0a9e8b3	0x3a	0x3a
768	0x787fe407836d	310	0xb8556	0x310ef0	0x311163	+0x273	dispatch	0xcdac7	169	0x9af18	0x1e8	0x162	0x154	0xf7c	0x99	0x92e7	e801620154017c0f9900e792dc1375ac08b602e801bf8c2f019289f5a0fa7e69	prefix_32_of_627	0x14100010	0xc83095f0	0x3f0612b2	0x400110fe	+0xfafe4c	0x3a	0x3a
769	0x787fe407836d	169	0x9af18	0x311163	0x3113a5	+0x242	dispatch	0xcdac7	169	0x9af18	0xa5	0x1e8	0x10c	0x1c4a	0x67ae	0x6b6	a500e8010c014a1cae67b6063aa56428d9e80129f1186774139007d64940f679	prefix_32_of_578	0xc83095f0	0x7adeff2e	0x400110fe	0x78de0800	+0x38dcf702	0x3a	0x3a
770	0x787fe407836d	169	0x9af18	0x3113a5	0x3115e7	+0x242	dispatch	0xcdac7	310	0xb8556	0x162	0x1e8	0xbd	0x99	0xe914	0x26e8	6201e801bd00990014e9e826ba56639900de34e8017709ab00041dab006485b4	prefix_32_of_578	0x7adeff2e	0x2948	0x78de0800	0x2948	-0x78dddeb8	0x3a	0x3a
771	0x787fe407836d	310	0xb8556	0x3115e7	0x311829	+0x242	dispatch	0xcdac7	169	0x9af18	0x1e8	0xa5	0x9d	0xd56f	0x99	0xad8	e801a5009d006fd59900d80a53f58761012fcee8011603b240666e6e27e60d3a	prefix_32_of_578	0x2948	0x3acddfde	0x2948	0x585c5c02	+0x585c32ba	0x3a	0x3a
772	0x787fe407836d	169	0x9af18	0x311829	0x311a6b	+0x242	dispatch	0xcdac7	169	0x9af18	0xab	0x1e8	0x151	0x94f0	0x99	0xfcec	ab00e8015101f0949900ecfc8b0cd809e4e80111f8d746656b7dce813884ab00	prefix_32_of_578	0x3acddfde	0xef1b287	0x585c5c02	0x69145f5a	+0x10b80358	0x3a	0x3a
773	0x787fe407836d	169	0x9af18	0x311a6b	0x311cad	+0x242	dispatch	0xcdac7	310	0xb8556	0xa5	0x1e8	0x72	0x64cb	0xac8c	0x620	a500e8017200cb648cac200648efdaf5e0bf18e8015f2dab001a531a84d8ab00	prefix_32_of_578	0xef1b287	0x524c03c5	0x69145f5a	0x7df7dfda	+0x14e38080	0x3a	0x3a
774	0x787fe407836d	310	0xb8556	0x311cad	0x311f69	+0x2bc	dispatch	0xcdac7	310	0xb8556	0x1e8	0xa5	0x10c	0x1c4a	0x6c86	0x7438	e801a5000c014a1c866c38749900ba703aa3e6e801859db8ec9f9147b7bebdaa	prefix_32_of_700	0x524c03c5	0x8e78f1da	0x7df7dfda	0xeb377ffe	+0x6d3fa024	0x3a	0x3a
775	0x787fe407836d	310	0xb8556	0x311f69	0x31223a	+0x2d1	dispatch	0xcdac7	310	0xb8556	0x1e8	0xa5	0x14d	0xe523	0x99	0xe367	e801a5004d0123e5990067e332d17995c6459ee801880a70a4781ff2ff90977e	prefix_32_of_721	0x8e78f1da	0x8e4e0de5	0xeb377ffe	0x7bd7fefb	-0x6f5f8103	0x3a	0x3a
776	0x787fe407836d	310	0xb8556	0x31223a	0x312464	+0x22a	dispatch	0xcdac7	169	0x9af18	0x1e8	0xab	0x151	0x9568	0x99	0xae47	e801ab0051016895990047ae9900f3a03a2e3ae801d80a443786cf06c648acd7	prefix_32_of_554	0x8e4e0de5	0x347541db	0x7bd7fefb	0x69945ffa	-0x12439f01	0x3a	0x3a
777	0x787fe407836d	169	0x9af18	0x312464	0x31268e	+0x22a	dispatch	0xcdac7	310	0xb8556	0xab	0x1e8	0x42	0x97f9	0x8b3a	0x99da	ab00e8014200f9973a8bda99009a299900e801e4734b803a09b993007451ab00	prefix_32_of_554	0x347541db	0x5675bb90	0x69945ffa	0xffc76ef9	+0x96330eff	0x3a	0x3a
778	0x787fe407836d	310	0xb8556	0x31268e	0x312868	+0x1da	dispatch	0xcdac7	169	0x9af18	0x1e8	0x162	0x10c	0x1c4a	0x6576	0x4392	e80162010c014a1c76659243358b8809c82954e8014c0cab0058019c10f7f483	prefix_32_of_474	0x5675bb90	0x221c12	0xffc76ef9	0x3f06a742	-0xc0c0c7b7	0x3a	0x3a
779	0x787fe407836d	169	0x9af18	0x312868	0x312aee	+0x286	dispatch	0xcdac7	169	0x9af18	0xab	0x1e8	0x12	0x5e8	0xae3a	0xb4a5	ab00e8011200e8053aaea5b4a2606756d86000e801d80a90778a7301aa4f8cd8	prefix_32_of_646	0x221c12	0x8e3c0ca2	0x3f06a742	0x6f95fefa	+0x308f57b8	0x3a	0x3a
780	0x787fe407836d	169	0x9af18	0x312aee	0x312cd0	+0x1e2	dispatch	0xcdac7	169	0x9af18	0x162	0x1e8	0x9d	0xd4ff	0x99	0x3810	6201e8019d00ffd499001038377504acaadc9ee80188acfa117cde3f9f9f57fa	prefix_32_of_482	0x8e3c0ca2	0xfbf79ddb	0x6f95fefa	0xf9f3eb74	+0x8a5dec7a	0x3a	0x3a
781	0x787fe407836d	169	0x9af18	0x312cd0	0x312f26	+0x256	dispatch	0xcdac7	310	0xb8556	0x162	0x1e8	0xbd	0x99	0xe964	0x860	6201e801bd00990064e96008f0890e712b581de8014b1ac6d48406bceffeed89	prefix_32_of_598	0xfbf79ddb	0x4b8eb2de	0xf9f3eb74	0x7b1c5e5e	-0x7ed78d16	0x3a	0x3a
782	0x787fe407836d	310	0xb8556	0x312f26	0x313169	+0x243	dispatch	0xcdac7	310	0xb8556	0x1e8	0x162	0xb9	0xa483	0x543a	0xcd68	e8016201b90083a43a5468cdd0817305599acde80104b48b0ce80544a5607c99	prefix_32_of_579	0x4b8eb2de	0x7afe7fef	0x7b1c5e5e	0x727e02a8	-0x89e5bb6	0x3a	0x3a
783	0x787fe407836d	310	0xb8556	0x313169	0x31334b	+0x1e2	dispatch	0xcdac7	169	0x9af18	0x1e8	0xa5	0x151	0x99e0	0x99	0x2580	e801a5005101e09999008025faf2b3bb03cc5ae801979b477a218516bad00004	prefix_32_of_482	0x7afe7fef	0xce4d8465	0x727e02a8	0x7f3e7f7b	+0xcc07cd3	0x3a	0x3a
784	0x787fe407836d	169	0x9af18	0x31334b	0x3135b9	+0x26e	dispatch	0xcdac7	169	0x9af18	0xa5	0x1e8	0x40	0xa81d	0x99	0x620	a500e80140001da899002006e89ff41597541ce801ab9e2ac633af3ada4c1da9	prefix_32_of_622	0xce4d8465	0xc917a90d	0x7f3e7f7b	0xc917a90d	+0x49d92992	0x3a	0x3a
785	0x787fe407836d	169	0x9af18	0x3135b9	0x3137fc	+0x243	dispatch	0xcdac7	310	0xb8556	0x162	0x1e8	0x40	0xa2bd	0x99	0x1b17	6201e8014000bda29900171bab6f0801d4e8014ab2d76ef4e32006be862314d7	prefix_32_of_579	0xc917a90d	0x8df97560	0xc917a90d	0x694cb90f	-0x5fcaeffe	0x3a	0x3a
786	0x787fe407836d	310	0xb8556	0x3137fc	0x3139de	+0x1e2	dispatch	0xcdac7	310	0xb8556	0x1e8	0x162	0xa8	0x99	0xd0ce	0x339a	e8016201a8009900ced09a331c968809df4913e8013e1db47be2ab00a9a94eef	prefix_32_of_482	0x8df97560	0x4a612e32	0x694cb90f	0x5f8f8af3	-0x9bd2e1c	0x3a	0x3a
787	0x787fe407836d	310	0xb8556	0x3139de	0x313c4c	+0x26e	dispatch	0xcdac7	169	0x9af18	0x1e8	0xa5	0x154	0x12ac	0x99	0x6160	e801a5005401ac12990060615dd8ca85aa86fae801e80522b455bce3a77dd306	prefix_32_of_622	0x4a612e32	0x8f70318b	0x5f8f8af3	0xfbfb8b3c	+0x9c6c0049	0x3a	0x3a
788	0x787fe407836d	169	0x9af18	0x313c4c	0x313e8f	+0x243	dispatch	0xcdac7	169	0x9af18	0xab	0x1e8	0x14d	0xe973	0x99	0xe987	ab00e8014d0173e9990087e926178cfb71d638e8010b62f5e882fa050f99789a	prefix_32_of_579	0x8f70318b	0xfed1df96	0xfbfb8b3c	0x58a4dcd6	-0xa356ae66	0x3a	0x3a
789	0x787fe407836d	169	0x9af18	0x313e8f	0x314071	+0x1e2	dispatch	0xcdac7	169	0x9af18	0x162	0x1e8	0x9d	0xd4ff	0x99	0x3390	6201e8019d00ffd49900903337b623a8e5df73e8019798477690393ef22f9bcb	prefix_32_of_482	0xfed1df96	0x4ac60206	0x58a4dcd6	0x5ee7d2fb	+0x642f625	0x3a	0x3a
790	0x787fe407836d	169	0x9af18	0x314071	0x3142df	+0x26e	dispatch	0xcdac7	310	0xb8556	0x162	0x1e8	0xa8	0x99	0xd4b6	0x9fd6	6201e801a8009900b6d4d69fbcef4e5f09e8011cb697d66ed299928e413a85b4	prefix_32_of_622	0x4ac60206	0x861eb185	0x5ee7d2fb	0xdf95e7f4	+0x80ae14f9	0x3a	0x3a
791	0x787fe407836d	310	0xb8556	0x3142df	0x314522	+0x243	dispatch	0xcdac7	310	0xb8556	0x1e8	0xab	0xd7	0xa88	0xd888	0x227d	e801ab00d700880a88d87d220b07a29900b00ee801c9569798eedb0f85a424a2	prefix_32_of_579	0x861eb185	0x34a042ea	0xdf95e7f4	0x3ce04eeb	-0xa2b59909	0x3a	0x3a
792	0x787fe407836d	310	0xb8556	0x314522	0x314704	+0x1e2	dispatch	0xcdac7	310	0xb8556	0x1e8	0x162	0xcb	0x9a07	0x7635	0x1ca1	e8016201cb00079a3576a11c1587d000e463e6e801744fab006005408141e30a	prefix_32_of_482	0x34a042ea	0xfcdeff37	0x3ce04eeb	0xfcd60600	+0xbff5b715	0x3a	0x3a
793	0x787fe407836d	310	0xb8556	0x314704	0x314972	+0x26e	dispatch	0xcdac7	169	0x9af18	0x1e8	0x162	0x133	0x553a	0xc4b4	0x9913	e801620133013a55b4c41399000f9926d6e801b4c893293a145770293fba3bd7	prefix_32_of_622	0xfcdeff37	0xf8eeff37	0xfcd60600	0xf8e60910	-0x3effcf0	0x3a	0x3a
794	0x787fe407836d	169	0x9af18	0x314972	0x314bb5	+0x243	dispatch	0xcdac7	310	0xb8556	0xab	0x1e8	0x133	0xd3a	0x17b0	0x3590	ab00e80133013a0db017903576da52830d9d9ee801174b3aac16ab007e67bbcf	prefix_32_of_579	0xf8eeff37	0x62662dfb	0xf8e60910	0xbffcca14	-0x38e93efc	0x3a	0x3a
795	0x787fe407836d	310	0xb8556	0x314bb5	0x314d97	+0x1e2	dispatch	0xcdac7	169	0x9af18	0x1e8	0xa5	0x154	0xec4	0x99	0xdaa	e801a5005401c40e9900aa0d3e77f80828c29ae801209b1de1b283cc41d0003c	prefix_32_of_482	0x62662dfb	0xfadf7f2d	0xbffcca14	0xf21b0800	+0x321e3dec	0x3a	0x3a
796	0x787fe407836d	169	0x9af18	0x314d97	0x315005	+0x26e	dispatch	0xcdac7	310	0xb8556	0x162	0x1e8	0x154	0x1334	0x99	0x1060	6201e80154013413990060103a1468c6d70e38e801880ac47c15400b7ef3eb03	prefix_32_of_622	0xfadf7f2d	0xe34473c6	0xf21b0800	0xe74477c6	-0xad6903a	0x3a	0x3a
797	0x787fe407836d	310	0xb8556	0x315005	0x31522f	+0x22a	dispatch	0xcdac7	310	0xb8556	0x1e8	0xab	0x2b	0x7ded	0x99	0x9d3a	e801ab002b00ed7d99003a9daf99001ceee5a3e801abfa76d8093db434706b58	prefix_32_of_554	0xe34473c6	0x69b0303a	0xe74477c6	0x69145e5a	-0x7e30196c	0x3a	0x3a
798	0x787fe407836d	310	0xb8556	0x31522f	0x315486	+0x257	dispatch	0xcdac7	169	0x9af18	0x1e8	0xab	0xc7	0x4f47	0x2c3a	0xae89	e801ab00c700474f3a2c89ae01349650eb981ae801bbffdce71f77f3025db1c8	prefix_32_of_599	0x69b0303a	0x841ab3c5	0x69145e5a	0x841ab3c5	+0x1b06556b	0x3a	0x3a
799	0x787fe407836d	169	0x9af18	0x315486	0x3156ca	+0x244	dispatch	0xcdac7	169	0x9af18	0xa5	0x1e8	0x12	0x620	0xdc3a	0xfca3	a500e801120020063adca3fce00d85dd41f69ae801e0a76a83e8bb0003922025	prefix_32_of_580	0x841ab3c5	0xf613f930	0x841ab3c5	0x3ffce85e	-0x441dcb67	0x3a	0x3a
800	0x787fe407836d	169	0x9af18	0x3156ca	0x315969	+0x29f	dispatch	0xcdac7	169	0x9af18	0xab	0x1e8	0x9d	0xcf07	0x99	0xf9a4	ab00e8019d0007cf9900a4f90133438c86ac48e801f3e7ab00737721d5bfd52a	prefix_32_of_671	0xf613f930	0x2ab32381	0x3ffce85e	0x2af72783	-0x1505c0db	0x3a	0x3a
801	0x787fe407836d	169	0x9af18	0x315969	0x315bbf	+0x256	dispatch	0xcdac7	169	0x9af18	0xab	0x1e8	0x129	0x1e31	0x8ee1	0x6ea2	ab00e8012901311ee18ea26eeb88cf9ecf06bee8010aaba3094961d69865e9dc	prefix_32_of_598	0x2ab32381	0x6e5d9892	0x2af72783	0x4000d60c	+0x1509ae89	0x3a	0x3a
802	0x787fe407836d	169	0x9af18	0x315bbf	0x310ca5	-0x4f1a	dispatch	0xcdac7	310	0xb8556	0xab	0x1e8	0x10c	0x1c4a	0x63e6	0x5af	ab00e8010c014a1ce663af053cd2e4092be80199f5de2fb4dd1429a30a54917a	backedge_sample	0x6e5d9892	0x148226cc	0x4000d60c	0xffaffb65	+0xbfaf2559	0x3a	0x3a
803	0x787fe407836d	310	0xb8556	0x310ca5	0x310ef0	+0x24b	dispatch	0xcdac7	310	0xb8556	0x1e8	0xa5	0xcb	0x9ebf	0x7635	0x390	e801a500cb00bf9e35769003042ba8fcee6d9ce801f7d8ab009003dc5941168f	prefix_32_of_587	0x148226cc	0x14100010	0xffaffb65	0x3f0612b2	-0xc0a9e8b3	0x3a	0x3a
804	0x787fe407836d	310	0xb8556	0x310ef0	0x311163	+0x273	dispatch	0xcdac7	169	0x9af18	0x1e8	0x162	0x154	0xf7c	0x99	0x92e7	e801620154017c0f9900e792dc1375ac08b602e801bf8c2f019289f5a0fa7e69	prefix_32_of_627	0x14100010	0xc83095f0	0x3f0612b2	0x400110fe	+0xfafe4c	0x3a	0x3a
805	0x787fe407836d	169	0x9af18	0x311163	0x3113a5	+0x242	dispatch	0xcdac7	169	0x9af18	0xa5	0x1e8	0x10c	0x1c4a	0x67ae	0x6b6	a500e8010c014a1cae67b6063aa56428d9e80129f1186774139007d64940f679	prefix_32_of_578	0xc83095f0	0x7adeff2e	0x400110fe	0x78de0800	+0x38dcf702	0x3a	0x3a
806	0x787fe407836d	169	0x9af18	0x3113a5	0x3115e7	+0x242	dispatch	0xcdac7	310	0xb8556	0x162	0x1e8	0xbd	0x99	0xe914	0x26e8	6201e801bd00990014e9e826ba56639900de34e8017709ab00041dab006485b4	prefix_32_of_578	0x7adeff2e	0x2948	0x78de0800	0x2948	-0x78dddeb8	0x3a	0x3a
807	0x787fe407836d	310	0xb8556	0x3115e7	0x311829	+0x242	dispatch	0xcdac7	169	0x9af18	0x1e8	0xa5	0x9d	0xd56f	0x99	0xad8	e801a5009d006fd59900d80a53f58761012fcee8011603b240666e6e27e60d3a	prefix_32_of_578	0x2948	0x3acddfde	0x2948	0x585c5c02	+0x585c32ba	0x3a	0x3a
808	0x787fe407836d	169	0x9af18	0x311829	0x311a6b	+0x242	dispatch	0xcdac7	169	0x9af18	0xab	0x1e8	0x151	0x94f0	0x99	0xfcec	ab00e8015101f0949900ecfc8b0cd809e4e80111f8d746656b7dce813884ab00	prefix_32_of_578	0x3acddfde	0xef1b287	0x585c5c02	0x69145f5a	+0x10b80358	0x3a	0x3a
809	0x787fe407836d	169	0x9af18	0x311a6b	0x311cad	+0x242	dispatch	0xcdac7	310	0xb8556	0xa5	0x1e8	0x72	0x64cb	0xac8c	0x620	a500e8017200cb648cac200648efdaf5e0bf18e8015f2dab001a531a84d8ab00	prefix_32_of_578	0xef1b287	0x524c03c5	0x69145f5a	0x7df7dfda	+0x14e38080	0x3a	0x3a
810	0x787fe407836d	310	0xb8556	0x311cad	0x311f69	+0x2bc	dispatch	0xcdac7	310	0xb8556	0x1e8	0xa5	0x10c	0x1c4a	0x6c86	0x7438	e801a5000c014a1c866c38749900ba703aa3e6e801859db8ec9f9147b7bebdaa	prefix_32_of_700	0x524c03c5	0x8e78f1da	0x7df7dfda	0xeb377ffe	+0x6d3fa024	0x3a	0x3a
811	0x787fe407836d	310	0xb8556	0x311f69	0x31223a	+0x2d1	dispatch	0xcdac7	310	0xb8556	0x1e8	0xa5	0x14d	0xe523	0x99	0xe367	e801a5004d0123e5990067e332d17995c6459ee801880a70a4781ff2ff90977e	prefix_32_of_721	0x8e78f1da	0x8e4e0de5	0xeb377ffe	0x7bd7fefb	-0x6f5f8103	0x3a	0x3a
812	0x787fe407836d	310	0xb8556	0x31223a	0x312464	+0x22a	dispatch	0xcdac7	169	0x9af18	0x1e8	0xab	0x151	0x9568	0x99	0xae47	e801ab0051016895990047ae9900f3a03a2e3ae801d80a443786cf06c648acd7	prefix_32_of_554	0x8e4e0de5	0x347541db	0x7bd7fefb	0x69945ffa	-0x12439f01	0x3a	0x3a
813	0x787fe407836d	169	0x9af18	0x312464	0x31268e	+0x22a	dispatch	0xcdac7	310	0xb8556	0xab	0x1e8	0x42	0x97f9	0x8b3a	0x99da	ab00e8014200f9973a8bda99009a299900e801e4734b803a09b993007451ab00	prefix_32_of_554	0x347541db	0x5675bb90	0x69945ffa	0xffc76ef9	+0x96330eff	0x3a	0x3a
814	0x787fe407836d	310	0xb8556	0x31268e	0x312868	+0x1da	dispatch	0xcdac7	169	0x9af18	0x1e8	0x162	0x10c	0x1c4a	0x6576	0x4392	e80162010c014a1c76659243358b8809c82954e8014c0cab0058019c10f7f483	prefix_32_of_474	0x5675bb90	0x221c12	0xffc76ef9	0x3f06a742	-0xc0c0c7b7	0x3a	0x3a
815	0x787fe407836d	169	0x9af18	0x312868	0x312aee	+0x286	dispatch	0xcdac7	169	0x9af18	0xab	0x1e8	0x12	0x5e8	0xae3a	0xb4a5	ab00e8011200e8053aaea5b4a2606756d86000e801d80a90778a7301aa4f8cd8	prefix_32_of_646	0x221c12	0x8e3c0ca2	0x3f06a742	0x6f95fefa	+0x308f57b8	0x3a	0x3a
816	0x787fe407836d	169	0x9af18	0x312aee	0x312cd0	+0x1e2	dispatch	0xcdac7	169	0x9af18	0x162	0x1e8	0x9d	0xd4ff	0x99	0x3810	6201e8019d00ffd499001038377504acaadc9ee80188acfa117cde3f9f9f57fa	prefix_32_of_482	0x8e3c0ca2	0xfbf79ddb	0x6f95fefa	0xf9f3eb74	+0x8a5dec7a	0x3a	0x3a
817	0x787fe407836d	169	0x9af18	0x312cd0	0x312f26	+0x256	dispatch	0xcdac7	310	0xb8556	0x162	0x1e8	0xbd	0x99	0xe964	0x860	6201e801bd00990064e96008f0890e712b581de8014b1ac6d48406bceffeed89	prefix_32_of_598	0xfbf79ddb	0x4b8eb2de	0xf9f3eb74	0x7b1c5e5e	-0x7ed78d16	0x3a	0x3a
818	0x787fe407836d	310	0xb8556	0x312f26	0x313169	+0x243	dispatch	0xcdac7	310	0xb8556	0x1e8	0x162	0xb9	0xa483	0x543a	0xcd68	e8016201b90083a43a5468cdd0817305599acde80104b48b0ce80544a5607c99	prefix_32_of_579	0x4b8eb2de	0x7afe7fef	0x7b1c5e5e	0x727e02a8	-0x89e5bb6	0x3a	0x3a
819	0x787fe407836d	310	0xb8556	0x313169	0x31334b	+0x1e2	dispatch	0xcdac7	169	0x9af18	0x1e8	0xa5	0x151	0x99e0	0x99	0x2580	e801a5005101e09999008025faf2b3bb03cc5ae801979b477a218516bad00004	prefix_32_of_482	0x7afe7fef	0xce4d8465	0x727e02a8	0x7f3e7f7b	+0xcc07cd3	0x3a	0x3a
820	0x787fe407836d	169	0x9af18	0x31334b	0x3135b9	+0x26e	dispatch	0xcdac7	169	0x9af18	0xa5	0x1e8	0x40	0xa81d	0x99	0x620	a500e80140001da899002006e89ff41597541ce801ab9e2ac633af3ada4c1da9	prefix_32_of_622	0xce4d8465	0xc917a90d	0x7f3e7f7b	0xc917a90d	+0x49d92992	0x3a	0x3a
821	0x787fe407836d	169	0x9af18	0x3135b9	0x3137fc	+0x243	dispatch	0xcdac7	310	0xb8556	0x162	0x1e8	0x40	0xa2bd	0x99	0x1b17	6201e8014000bda29900171bab6f0801d4e8014ab2d76ef4e32006be862314d7	prefix_32_of_579	0xc917a90d	0x8df97560	0xc917a90d	0x694cb90f	-0x5fcaeffe	0x3a	0x3a
822	0x787fe407836d	310	0xb8556	0x3137fc	0x3139de	+0x1e2	dispatch	0xcdac7	310	0xb8556	0x1e8	0x162	0xa8	0x99	0xd0ce	0x339a	e8016201a8009900ced09a331c968809df4913e8013e1db47be2ab00a9a94eef	prefix_32_of_482	0x8df97560	0x4a612e32	0x694cb90f	0x5f8f8af3	-0x9bd2e1c	0x3a	0x3a
823	0x787fe407836d	310	0xb8556	0x3139de	0x313c4c	+0x26e	dispatch	0xcdac7	169	0x9af18	0x1e8	0xa5	0x154	0x12ac	0x99	0x6160	e801a5005401ac12990060615dd8ca85aa86fae801e80522b455bce3a77dd306	prefix_32_of_622	0x4a612e32	0x8f70318b	0x5f8f8af3	0xfbfb8b3c	+0x9c6c0049	0x3a	0x3a
824	0x787fe407836d	169	0x9af18	0x313c4c	0x313e8f	+0x243	dispatch	0xcdac7	169	0x9af18	0xab	0x1e8	0x14d	0xe973	0x99	0xe987	ab00e8014d0173e9990087e926178cfb71d638e8010b62f5e882fa050f99789a	prefix_32_of_579	0x8f70318b	0xfed1df96	0xfbfb8b3c	0x58a4dcd6	-0xa356ae66	0x3a	0x3a
825	0x787fe407836d	169	0x9af18	0x313e8f	0x314071	+0x1e2	dispatch	0xcdac7	169	0x9af18	0x162	0x1e8	0x9d	0xd4ff	0x99	0x3390	6201e8019d00ffd49900903337b623a8e5df73e8019798477690393ef22f9bcb	prefix_32_of_482	0xfed1df96	0x4ac60206	0x58a4dcd6	0x5ee7d2fb	+0x642f625	0x3a	0x3a
826	0x787fe407836d	169	0x9af18	0x314071	0x3142df	+0x26e	dispatch	0xcdac7	310	0xb8556	0x162	0x1e8	0xa8	0x99	0xd4b6	0x9fd6	6201e801a8009900b6d4d69fbcef4e5f09e8011cb697d66ed299928e413a85b4	prefix_32_of_622	0x4ac60206	0x861eb185	0x5ee7d2fb	0xdf95e7f4	+0x80ae14f9	0x3a	0x3a
827	0x787fe407836d	310	0xb8556	0x3142df	0x314522	+0x243	dispatch	0xcdac7	310	0xb8556	0x1e8	0xab	0xd7	0xa88	0xd888	0x227d	e801ab00d700880a88d87d220b07a29900b00ee801c9569798eedb0f85a424a2	prefix_32_of_579	0x861eb185	0x34a042ea	0xdf95e7f4	0x3ce04eeb	-0xa2b59909	0x3a	0x3a
828	0x787fe407836d	310	0xb8556	0x314522	0x314704	+0x1e2	dispatch	0xcdac7	310	0xb8556	0x1e8	0x162	0xcb	0x9a07	0x7635	0x1ca1	e8016201cb00079a3576a11c1587d000e463e6e801744fab006005408141e30a	prefix_32_of_482	0x34a042ea	0xfcdeff37	0x3ce04eeb	0xfcd60600	+0xbff5b715	0x3a	0x3a
829	0x787fe407836d	310	0xb8556	0x314704	0x314972	+0x26e	dispatch	0xcdac7	169	0x9af18	0x1e8	0x162	0x133	0x553a	0xc4b4	0x9913	e801620133013a55b4c41399000f9926d6e801b4c893293a145770293fba3bd7	prefix_32_of_622	0xfcdeff37	0xf8eeff37	0xfcd60600	0xf8e60910	-0x3effcf0	0x3a	0x3a
830	0x787fe407836d	169	0x9af18	0x314972	0x314bb5	+0x243	dispatch	0xcdac7	310	0xb8556	0xab	0x1e8	0x133	0xd3a	0x17b0	0x3590	ab00e80133013a0db017903576da52830d9d9ee801174b3aac16ab007e67bbcf	prefix_32_of_579	0xf8eeff37	0x62662dfb	0xf8e60910	0xbffcca14	-0x38e93efc	0x3a	0x3a
831	0x787fe407836d	310	0xb8556	0x314bb5	0x314d97	+0x1e2	dispatch	0xcdac7	169	0x9af18	0x1e8	0xa5	0x154	0xec4	0x99	0xdaa	e801a5005401c40e9900aa0d3e77f80828c29ae801209b1de1b283cc41d0003c	prefix_32_of_482	0x62662dfb	0xfadf7f2d	0xbffcca14	0xf21b0800	+0x321e3dec	0x3a	0x3a
832	0x787fe407836d	169	0x9af18	0x314d97	0x315005	+0x26e	dispatch	0xcdac7	310	0xb8556	0x162	0x1e8	0x154	0x1334	0x99	0x1060	6201e80154013413990060103a1468c6d70e38e801880ac47c15400b7ef3eb03	prefix_32_of_622	0xfadf7f2d	0xe34473c6	0xf21b0800	0xe74477c6	-0xad6903a	0x3a	0x3a
833	0x787fe407836d	310	0xb8556	0x315005	0x31522f	+0x22a	dispatch	0xcdac7	310	0xb8556	0x1e8	0xab	0x2b	0x7ded	0x99	0x9d3a	e801ab002b00ed7d99003a9daf99001ceee5a3e801abfa76d8093db434706b58	prefix_32_of_554	0xe34473c6	0x69b0303a	0xe74477c6	0x69145e5a	-0x7e30196c	0x3a	0x3a
834	0x787fe407836d	310	0xb8556	0x31522f	0x315486	+0x257	dispatch	0xcdac7	169	0x9af18	0x1e8	0xab	0xc7	0x4f47	0x2c3a	0xae89	e801ab00c700474f3a2c89ae01349650eb981ae801bbffdce71f77f3025db1c8	prefix_32_of_599	0x69b0303a	0x841ab3c5	0x69145e5a	0x841ab3c5	+0x1b06556b	0x3a	0x3a
835	0x787fe407836d	169	0x9af18	0x315486	0x3156ca	+0x244	dispatch	0xcdac7	169	0x9af18	0xa5	0x1e8	0x12	0x620	0xdc3a	0xfca3	a500e801120020063adca3fce00d85dd41f69ae801e0a76a83e8bb0003922025	prefix_32_of_580	0x841ab3c5	0xf613f930	0x841ab3c5	0x3ffce85e	-0x441dcb67	0x3a	0x3a
836	0x787fe407836d	169	0x9af18	0x3156ca	0x315969	+0x29f	dispatch	0xcdac7	169	0x9af18	0xab	0x1e8	0x9d	0xcf07	0x99	0xf9a4	ab00e8019d0007cf9900a4f90133438c86ac48e801f3e7ab00737721d5bfd52a	prefix_32_of_671	0xf613f930	0x2ab32381	0x3ffce85e	0x2af72783	-0x1505c0db	0x3a	0x3a
837	0x787fe407836d	169	0x9af18	0x315969	0x315bbf	+0x256	dispatch	0xcdac7	169	0x9af18	0xab	0x1e8	0x129	0x1e31	0x8ee1	0x6ea2	ab00e8012901311ee18ea26eeb88cf9ecf06bee8010aaba3094961d69865e9dc	prefix_32_of_598	0x2ab32381	0x6e5d9892	0x2af72783	0x4000d60c	+0x1509ae89	0x3a	0x3a
838	0x787fe407836d	169	0x9af18	0x315bbf	0x310ca5	-0x4f1a	dispatch	0xcdac7	310	0xb8556	0xab	0x1e8	0x10c	0x1c4a	0x63e6	0x5af	ab00e8010c014a1ce663af053cd2e4092be80199f5de2fb4dd1429a30a54917a	backedge_sample	0x6e5d9892	0x148226cc	0x4000d60c	0xffaffb65	+0xbfaf2559	0x3a	0x3a
839	0x787fe407836d	310	0xb8556	0x310ca5	0x310ef0	+0x24b	dispatch	0xcdac7	310	0xb8556	0x1e8	0xa5	0xcb	0x9ebf	0x7635	0x390	e801a500cb00bf9e35769003042ba8fcee6d9ce801f7d8ab009003dc5941168f	prefix_32_of_587	0x148226cc	0x14100010	0xffaffb65	0x3f0612b2	-0xc0a9e8b3	0x3a	0x3a
840	0x787fe407836d	310	0xb8556	0x310ef0	0x311163	+0x273	dispatch	0xcdac7	169	0x9af18	0x1e8	0x162	0x154	0xf7c	0x99	0x92e7	e801620154017c0f9900e792dc1375ac08b602e801bf8c2f019289f5a0fa7e69	prefix_32_of_627	0x14100010	0xc83095f0	0x3f0612b2	0x400110fe	+0xfafe4c	0x3a	0x3a
841	0x787fe407836d	169	0x9af18	0x311163	0x3113a5	+0x242	dispatch	0xcdac7	169	0x9af18	0xa5	0x1e8	0x10c	0x1c4a	0x67ae	0x6b6	a500e8010c014a1cae67b6063aa56428d9e80129f1186774139007d64940f679	prefix_32_of_578	0xc83095f0	0x7adeff2e	0x400110fe	0x78de0800	+0x38dcf702	0x3a	0x3a
842	0x787fe407836d	169	0x9af18	0x3113a5	0x3115e7	+0x242	dispatch	0xcdac7	310	0xb8556	0x162	0x1e8	0xbd	0x99	0xe914	0x26e8	6201e801bd00990014e9e826ba56639900de34e8017709ab00041dab006485b4	prefix_32_of_578	0x7adeff2e	0x2948	0x78de0800	0x2948	-0x78dddeb8	0x3a	0x3a
843	0x787fe407836d	310	0xb8556	0x3115e7	0x311829	+0x242	dispatch	0xcdac7	169	0x9af18	0x1e8	0xa5	0x9d	0xd56f	0x99	0xad8	e801a5009d006fd59900d80a53f58761012fcee8011603b240666e6e27e60d3a	prefix_32_of_578	0x2948	0x3acddfde	0x2948	0x585c5c02	+0x585c32ba	0x3a	0x3a
844	0x787fe407836d	169	0x9af18	0x311829	0x311a6b	+0x242	dispatch	0xcdac7	169	0x9af18	0xab	0x1e8	0x151	0x94f0	0x99	0xfcec	ab00e8015101f0949900ecfc8b0cd809e4e80111f8d746656b7dce813884ab00	prefix_32_of_578	0x3acddfde	0xef1b287	0x585c5c02	0x69145f5a	+0x10b80358	0x3a	0x3a
845	0x787fe407836d	169	0x9af18	0x311a6b	0x311cad	+0x242	dispatch	0xcdac7	310	0xb8556	0xa5	0x1e8	0x72	0x64cb	0xac8c	0x620	a500e8017200cb648cac200648efdaf5e0bf18e8015f2dab001a531a84d8ab00	prefix_32_of_578	0xef1b287	0x524c03c5	0x69145f5a	0x7df7dfda	+0x14e38080	0x3a	0x3a
846	0x787fe407836d	310	0xb8556	0x311cad	0x311f69	+0x2bc	dispatch	0xcdac7	310	0xb8556	0x1e8	0xa5	0x10c	0x1c4a	0x6c86	0x7438	e801a5000c014a1c866c38749900ba703aa3e6e801859db8ec9f9147b7bebdaa	prefix_32_of_700	0x524c03c5	0x8e78f1da	0x7df7dfda	0xeb377ffe	+0x6d3fa024	0x3a	0x3a
847	0x787fe407836d	310	0xb8556	0x311f69	0x31223a	+0x2d1	dispatch	0xcdac7	310	0xb8556	0x1e8	0xa5	0x14d	0xe523	0x99	0xe367	e801a5004d0123e5990067e332d17995c6459ee801880a70a4781ff2ff90977e	prefix_32_of_721	0x8e78f1da	0x8e4e0de5	0xeb377ffe	0x7bd7fefb	-0x6f5f8103	0x3a	0x3a
848	0x787fe407836d	310	0xb8556	0x31223a	0x312464	+0x22a	dispatch	0xcdac7	169	0x9af18	0x1e8	0xab	0x151	0x9568	0x99	0xae47	e801ab0051016895990047ae9900f3a03a2e3ae801d80a443786cf06c648acd7	prefix_32_of_554	0x8e4e0de5	0x347541db	0x7bd7fefb	0x69945ffa	-0x12439f01	0x3a	0x3a
849	0x787fe407836d	169	0x9af18	0x312464	0x31268e	+0x22a	dispatch	0xcdac7	310	0xb8556	0xab	0x1e8	0x42	0x97f9	0x8b3a	0x99da	ab00e8014200f9973a8bda99009a299900e801e4734b803a09b993007451ab00	prefix_32_of_554	0x347541db	0x5675bb90	0x69945ffa	0xffc76ef9	+0x96330eff	0x3a	0x3a
850	0x787fe407836d	310	0xb8556	0x31268e	0x312868	+0x1da	dispatch	0xcdac7	169	0x9af18	0x1e8	0x162	0x10c	0x1c4a	0x6576	0x4392	e80162010c014a1c76659243358b8809c82954e8014c0cab0058019c10f7f483	prefix_32_of_474	0x5675bb90	0x221c12	0xffc76ef9	0x3f06a742	-0xc0c0c7b7	0x3a	0x3a
851	0x787fe407836d	169	0x9af18	0x312868	0x312aee	+0x286	dispatch	0xcdac7	169	0x9af18	0xab	0x1e8	0x12	0x5e8	0xae3a	0xb4a5	ab00e8011200e8053aaea5b4a2606756d86000e801d80a90778a7301aa4f8cd8	prefix_32_of_646	0x221c12	0x8e3c0ca2	0x3f06a742	0x6f95fefa	+0x308f57b8	0x3a	0x3a
852	0x787fe407836d	169	0x9af18	0x312aee	0x312cd0	+0x1e2	dispatch	0xcdac7	169	0x9af18	0x162	0x1e8	0x9d	0xd4ff	0x99	0x3810	6201e8019d00ffd499001038377504acaadc9ee80188acfa117cde3f9f9f57fa	prefix_32_of_482	0x8e3c0ca2	0xfbf79ddb	0x6f95fefa	0xf9f3eb74	+0x8a5dec7a	0x3a	0x3a
853	0x787fe407836d	169	0x9af18	0x312cd0	0x312f26	+0x256	dispatch	0xcdac7	310	0xb8556	0x162	0x1e8	0xbd	0x99	0xe964	0x860	6201e801bd00990064e96008f0890e712b581de8014b1ac6d48406bceffeed89	prefix_32_of_598	0xfbf79ddb	0x4b8eb2de	0xf9f3eb74	0x7b1c5e5e	-0x7ed78d16	0x3a	0x3a
854	0x787fe407836d	310	0xb8556	0x312f26	0x313169	+0x243	dispatch	0xcdac7	310	0xb8556	0x1e8	0x162	0xb9	0xa483	0x543a	0xcd68	e8016201b90083a43a5468cdd0817305599acde80104b48b0ce80544a5607c99	prefix_32_of_579	0x4b8eb2de	0x7afe7fef	0x7b1c5e5e	0x727e02a8	-0x89e5bb6	0x3a	0x3a
855	0x787fe407836d	310	0xb8556	0x313169	0x31334b	+0x1e2	dispatch	0xcdac7	169	0x9af18	0x1e8	0xa5	0x151	0x99e0	0x99	0x2580	e801a5005101e09999008025faf2b3bb03cc5ae801979b477a218516bad00004	prefix_32_of_482	0x7afe7fef	0xce4d8465	0x727e02a8	0x7f3e7f7b	+0xcc07cd3	0x3a	0x3a
856	0x787fe407836d	169	0x9af18	0x31334b	0x3135b9	+0x26e	dispatch	0xcdac7	169	0x9af18	0xa5	0x1e8	0x40	0xa81d	0x99	0x620	a500e80140001da899002006e89ff41597541ce801ab9e2ac633af3ada4c1da9	prefix_32_of_622	0xce4d8465	0xc917a90d	0x7f3e7f7b	0xc917a90d	+0x49d92992	0x3a	0x3a
857	0x787fe407836d	169	0x9af18	0x3135b9	0x3137fc	+0x243	dispatch	0xcdac7	310	0xb8556	0x162	0x1e8	0x40	0xa2bd	0x99	0x1b17	6201e8014000bda29900171bab6f0801d4e8014ab2d76ef4e32006be862314d7	prefix_32_of_579	0xc917a90d	0x8df97560	0xc917a90d	0x694cb90f	-0x5fcaeffe	0x3a	0x3a
858	0x787fe407836d	310	0xb8556	0x3137fc	0x3139de	+0x1e2	dispatch	0xcdac7	310	0xb8556	0x1e8	0x162	0xa8	0x99	0xd0ce	0x339a	e8016201a8009900ced09a331c968809df4913e8013e1db47be2ab00a9a94eef	prefix_32_of_482	0x8df97560	0x4a612e32	0x694cb90f	0x5f8f8af3	-0x9bd2e1c	0x3a	0x3a
859	0x787fe407836d	310	0xb8556	0x3139de	0x313c4c	+0x26e	dispatch	0xcdac7	169	0x9af18	0x1e8	0xa5	0x154	0x12ac	0x99	0x6160	e801a5005401ac12990060615dd8ca85aa86fae801e80522b455bce3a77dd306	prefix_32_of_622	0x4a612e32	0x8f70318b	0x5f8f8af3	0xfbfb8b3c	+0x9c6c0049	0x3a	0x3a
860	0x787fe407836d	169	0x9af18	0x313c4c	0x313e8f	+0x243	dispatch	0xcdac7	169	0x9af18	0xab	0x1e8	0x14d	0xe973	0x99	0xe987	ab00e8014d0173e9990087e926178cfb71d638e8010b62f5e882fa050f99789a	prefix_32_of_579	0x8f70318b	0xfed1df96	0xfbfb8b3c	0x58a4dcd6	-0xa356ae66	0x3a	0x3a
861	0x787fe407836d	169	0x9af18	0x313e8f	0x314071	+0x1e2	dispatch	0xcdac7	169	0x9af18	0x162	0x1e8	0x9d	0xd4ff	0x99	0x3390	6201e8019d00ffd49900903337b623a8e5df73e8019798477690393ef22f9bcb	prefix_32_of_482	0xfed1df96	0x4ac60206	0x58a4dcd6	0x5ee7d2fb	+0x642f625	0x3a	0x3a
862	0x787fe407836d	169	0x9af18	0x314071	0x3142df	+0x26e	dispatch	0xcdac7	310	0xb8556	0x162	0x1e8	0xa8	0x99	0xd4b6	0x9fd6	6201e801a8009900b6d4d69fbcef4e5f09e8011cb697d66ed299928e413a85b4	prefix_32_of_622	0x4ac60206	0x861eb185	0x5ee7d2fb	0xdf95e7f4	+0x80ae14f9	0x3a	0x3a
863	0x787fe407836d	310	0xb8556	0x3142df	0x314522	+0x243	dispatch	0xcdac7	310	0xb8556	0x1e8	0xab	0xd7	0xa88	0xd888	0x227d	e801ab00d700880a88d87d220b07a29900b00ee801c9569798eedb0f85a424a2	prefix_32_of_579	0x861eb185	0x34a042ea	0xdf95e7f4	0x3ce04eeb	-0xa2b59909	0x3a	0x3a
864	0x787fe407836d	310	0xb8556	0x314522	0x314704	+0x1e2	dispatch	0xcdac7	310	0xb8556	0x1e8	0x162	0xcb	0x9a07	0x7635	0x1ca1	e8016201cb00079a3576a11c1587d000e463e6e801744fab006005408141e30a	prefix_32_of_482	0x34a042ea	0xfcdeff37	0x3ce04eeb	0xfcd60600	+0xbff5b715	0x3a	0x3a
865	0x787fe407836d	310	0xb8556	0x314704	0x314972	+0x26e	dispatch	0xcdac7	169	0x9af18	0x1e8	0x162	0x133	0x553a	0xc4b4	0x9913	e801620133013a55b4c41399000f9926d6e801b4c893293a145770293fba3bd7	prefix_32_of_622	0xfcdeff37	0xf8eeff37	0xfcd60600	0xf8e60910	-0x3effcf0	0x3a	0x3a
866	0x787fe407836d	169	0x9af18	0x314972	0x314bb5	+0x243	dispatch	0xcdac7	310	0xb8556	0xab	0x1e8	0x133	0xd3a	0x17b0	0x3590	ab00e80133013a0db017903576da52830d9d9ee801174b3aac16ab007e67bbcf	prefix_32_of_579	0xf8eeff37	0x62662dfb	0xf8e60910	0xbffcca14	-0x38e93efc	0x3a	0x3a
867	0x787fe407836d	310	0xb8556	0x314bb5	0x314d97	+0x1e2	dispatch	0xcdac7	169	0x9af18	0x1e8	0xa5	0x154	0xec4	0x99	0xdaa	e801a5005401c40e9900aa0d3e77f80828c29ae801209b1de1b283cc41d0003c	prefix_32_of_482	0x62662dfb	0xfadf7f2d	0xbffcca14	0xf21b0800	+0x321e3dec	0x3a	0x3a
868	0x787fe407836d	169	0x9af18	0x314d97	0x315005	+0x26e	dispatch	0xcdac7	310	0xb8556	0x162	0x1e8	0x154	0x1334	0x99	0x1060	6201e80154013413990060103a1468c6d70e38e801880ac47c15400b7ef3eb03	prefix_32_of_622	0xfadf7f2d	0xe34473c6	0xf21b0800	0xe74477c6	-0xad6903a	0x3a	0x3a
869	0x787fe407836d	310	0xb8556	0x315005	0x31522f	+0x22a	dispatch	0xcdac7	310	0xb8556	0x1e8	0xab	0x2b	0x7ded	0x99	0x9d3a	e801ab002b00ed7d99003a9daf99001ceee5a3e801abfa76d8093db434706b58	prefix_32_of_554	0xe34473c6	0x69b0303a	0xe74477c6	0x69145e5a	-0x7e30196c	0x3a	0x3a
870	0x787fe407836d	310	0xb8556	0x31522f	0x315486	+0x257	dispatch	0xcdac7	169	0x9af18	0x1e8	0xab	0xc7	0x4f47	0x2c3a	0xae89	e801ab00c700474f3a2c89ae01349650eb981ae801bbffdce71f77f3025db1c8	prefix_32_of_599	0x69b0303a	0x841ab3c5	0x69145e5a	0x841ab3c5	+0x1b06556b	0x3a	0x3a
871	0x787fe407836d	169	0x9af18	0x315486	0x3156ca	+0x244	dispatch	0xcdac7	169	0x9af18	0xa5	0x1e8	0x12	0x620	0xdc3a	0xfca3	a500e801120020063adca3fce00d85dd41f69ae801e0a76a83e8bb0003922025	prefix_32_of_580	0x841ab3c5	0xf613f930	0x841ab3c5	0x3ffce85e	-0x441dcb67	0x3a	0x3a
872	0x787fe407836d	169	0x9af18	0x3156ca	0x315969	+0x29f	dispatch	0xcdac7	169	0x9af18	0xab	0x1e8	0x9d	0xcf07	0x99	0xf9a4	ab00e8019d0007cf9900a4f90133438c86ac48e801f3e7ab00737721d5bfd52a	prefix_32_of_671	0xf613f930	0x2ab32381	0x3ffce85e	0x2af72783	-0x1505c0db	0x3a	0x3a
873	0x787fe407836d	169	0x9af18	0x315969	0x315bbf	+0x256	dispatch	0xcdac7	169	0x9af18	0xab	0x1e8	0x129	0x1e31	0x8ee1	0x6ea2	ab00e8012901311ee18ea26eeb88cf9ecf06bee8010aaba3094961d69865e9dc	prefix_32_of_598	0x2ab32381	0x6e5d9892	0x2af72783	0x4000d60c	+0x1509ae89	0x3a	0x3a
874	0x787fe407836d	169	0x9af18	0x315bbf	0x310ca5	-0x4f1a	dispatch	0xcdac7	310	0xb8556	0xab	0x1e8	0x10c	0x1c4a	0x63e6	0x5af	ab00e8010c014a1ce663af053cd2e4092be80199f5de2fb4dd1429a30a54917a	backedge_sample	0x6e5d9892	0x148226cc	0x4000d60c	0xffaffb65	+0xbfaf2559	0x3a	0x3a
875	0x787fe407836d	310	0xb8556	0x310ca5	0x310ef0	+0x24b	dispatch	0xcdac7	310	0xb8556	0x1e8	0xa5	0xcb	0x9ebf	0x7635	0x390	e801a500cb00bf9e35769003042ba8fcee6d9ce801f7d8ab009003dc5941168f	prefix_32_of_587	0x148226cc	0x14100010	0xffaffb65	0x3f0612b2	-0xc0a9e8b3	0x3a	0x3a
876	0x787fe407836d	310	0xb8556	0x310ef0	0x311163	+0x273	dispatch	0xcdac7	169	0x9af18	0x1e8	0x162	0x154	0xf7c	0x99	0x92e7	e801620154017c0f9900e792dc1375ac08b602e801bf8c2f019289f5a0fa7e69	prefix_32_of_627	0x14100010	0xc83095f0	0x3f0612b2	0x400110fe	+0xfafe4c	0x3a	0x3a
877	0x787fe407836d	169	0x9af18	0x311163	0x3113a5	+0x242	dispatch	0xcdac7	169	0x9af18	0xa5	0x1e8	0x10c	0x1c4a	0x67ae	0x6b6	a500e8010c014a1cae67b6063aa56428d9e80129f1186774139007d64940f679	prefix_32_of_578	0xc83095f0	0x7adeff2e	0x400110fe	0x78de0800	+0x38dcf702	0x3a	0x3a
878	0x787fe407836d	169	0x9af18	0x3113a5	0x3115e7	+0x242	dispatch	0xcdac7	310	0xb8556	0x162	0x1e8	0xbd	0x99	0xe914	0x26e8	6201e801bd00990014e9e826ba56639900de34e8017709ab00041dab006485b4	prefix_32_of_578	0x7adeff2e	0x2948	0x78de0800	0x2948	-0x78dddeb8	0x3a	0x3a
879	0x787fe407836d	310	0xb8556	0x3115e7	0x311829	+0x242	dispatch	0xcdac7	169	0x9af18	0x1e8	0xa5	0x9d	0xd56f	0x99	0xad8	e801a5009d006fd59900d80a53f58761012fcee8011603b240666e6e27e60d3a	prefix_32_of_578	0x2948	0x3acddfde	0x2948	0x585c5c02	+0x585c32ba	0x3a	0x3a
880	0x787fe407836d	169	0x9af18	0x311829	0x311a6b	+0x242	dispatch	0xcdac7	169	0x9af18	0xab	0x1e8	0x151	0x94f0	0x99	0xfcec	ab00e8015101f0949900ecfc8b0cd809e4e80111f8d746656b7dce813884ab00	prefix_32_of_578	0x3acddfde	0xef1b287	0x585c5c02	0x69145f5a	+0x10b80358	0x3a	0x3a
881	0x787fe407836d	169	0x9af18	0x311a6b	0x311cad	+0x242	dispatch	0xcdac7	310	0xb8556	0xa5	0x1e8	0x72	0x64cb	0xac8c	0x620	a500e8017200cb648cac200648efdaf5e0bf18e8015f2dab001a531a84d8ab00	prefix_32_of_578	0xef1b287	0x524c03c5	0x69145f5a	0x7df7dfda	+0x14e38080	0x3a	0x3a
882	0x787fe407836d	310	0xb8556	0x311cad	0x311f69	+0x2bc	dispatch	0xcdac7	310	0xb8556	0x1e8	0xa5	0x10c	0x1c4a	0x6c86	0x7438	e801a5000c014a1c866c38749900ba703aa3e6e801859db8ec9f9147b7bebdaa	prefix_32_of_700	0x524c03c5	0x8e78f1da	0x7df7dfda	0xeb377ffe	+0x6d3fa024	0x3a	0x3a
883	0x787fe407836d	310	0xb8556	0x311f69	0x31223a	+0x2d1	dispatch	0xcdac7	310	0xb8556	0x1e8	0xa5	0x14d	0xe523	0x99	0xe367	e801a5004d0123e5990067e332d17995c6459ee801880a70a4781ff2ff90977e	prefix_32_of_721	0x8e78f1da	0x8e4e0de5	0xeb377ffe	0x7bd7fefb	-0x6f5f8103	0x3a	0x3a
884	0x787fe407836d	310	0xb8556	0x31223a	0x312464	+0x22a	dispatch	0xcdac7	169	0x9af18	0x1e8	0xab	0x151	0x9568	0x99	0xae47	e801ab0051016895990047ae9900f3a03a2e3ae801d80a443786cf06c648acd7	prefix_32_of_554	0x8e4e0de5	0x347541db	0x7bd7fefb	0x69945ffa	-0x12439f01	0x3a	0x3a
885	0x787fe407836d	169	0x9af18	0x312464	0x31268e	+0x22a	dispatch	0xcdac7	310	0xb8556	0xab	0x1e8	0x42	0x97f9	0x8b3a	0x99da	ab00e8014200f9973a8bda99009a299900e801e4734b803a09b993007451ab00	prefix_32_of_554	0x347541db	0x5675bb90	0x69945ffa	0xffc76ef9	+0x96330eff	0x3a	0x3a
886	0x787fe407836d	310	0xb8556	0x31268e	0x312868	+0x1da	dispatch	0xcdac7	169	0x9af18	0x1e8	0x162	0x10c	0x1c4a	0x6576	0x4392	e80162010c014a1c76659243358b8809c82954e8014c0cab0058019c10f7f483	prefix_32_of_474	0x5675bb90	0x221c12	0xffc76ef9	0x3f06a742	-0xc0c0c7b7	0x3a	0x3a
887	0x787fe407836d	169	0x9af18	0x312868	0x312aee	+0x286	dispatch	0xcdac7	169	0x9af18	0xab	0x1e8	0x12	0x5e8	0xae3a	0xb4a5	ab00e8011200e8053aaea5b4a2606756d86000e801d80a90778a7301aa4f8cd8	prefix_32_of_646	0x221c12	0x8e3c0ca2	0x3f06a742	0x6f95fefa	+0x308f57b8	0x3a	0x3a
888	0x787fe407836d	169	0x9af18	0x312aee	0x312cd0	+0x1e2	dispatch	0xcdac7	169	0x9af18	0x162	0x1e8	0x9d	0xd4ff	0x99	0x3810	6201e8019d00ffd499001038377504acaadc9ee80188acfa117cde3f9f9f57fa	prefix_32_of_482	0x8e3c0ca2	0xfbf79ddb	0x6f95fefa	0xf9f3eb74	+0x8a5dec7a	0x3a	0x3a
889	0x787fe407836d	169	0x9af18	0x312cd0	0x312f26	+0x256	dispatch	0xcdac7	310	0xb8556	0x162	0x1e8	0xbd	0x99	0xe964	0x860	6201e801bd00990064e96008f0890e712b581de8014b1ac6d48406bceffeed89	prefix_32_of_598	0xfbf79ddb	0x4b8eb2de	0xf9f3eb74	0x7b1c5e5e	-0x7ed78d16	0x3a	0x3a
890	0x787fe407836d	310	0xb8556	0x312f26	0x313169	+0x243	dispatch	0xcdac7	310	0xb8556	0x1e8	0x162	0xb9	0xa483	0x543a	0xcd68	e8016201b90083a43a5468cdd0817305599acde80104b48b0ce80544a5607c99	prefix_32_of_579	0x4b8eb2de	0x7afe7fef	0x7b1c5e5e	0x727e02a8	-0x89e5bb6	0x3a	0x3a
891	0x787fe407836d	310	0xb8556	0x313169	0x31334b	+0x1e2	dispatch	0xcdac7	169	0x9af18	0x1e8	0xa5	0x151	0x99e0	0x99	0x2580	e801a5005101e09999008025faf2b3bb03cc5ae801979b477a218516bad00004	prefix_32_of_482	0x7afe7fef	0xce4d8465	0x727e02a8	0x7f3e7f7b	+0xcc07cd3	0x3a	0x3a
892	0x787fe407836d	169	0x9af18	0x31334b	0x3135b9	+0x26e	dispatch	0xcdac7	169	0x9af18	0xa5	0x1e8	0x40	0xa81d	0x99	0x620	a500e80140001da899002006e89ff41597541ce801ab9e2ac633af3ada4c1da9	prefix_32_of_622	0xce4d8465	0xc917a90d	0x7f3e7f7b	0xc917a90d	+0x49d92992	0x3a	0x3a
893	0x787fe407836d	169	0x9af18	0x3135b9	0x3137fc	+0x243	dispatch	0xcdac7	310	0xb8556	0x162	0x1e8	0x40	0xa2bd	0x99	0x1b17	6201e8014000bda29900171bab6f0801d4e8014ab2d76ef4e32006be862314d7	prefix_32_of_579	0xc917a90d	0x8df97560	0xc917a90d	0x694cb90f	-0x5fcaeffe	0x3a	0x3a
894	0x787fe407836d	310	0xb8556	0x3137fc	0x3139de	+0x1e2	dispatch	0xcdac7	310	0xb8556	0x1e8	0x162	0xa8	0x99	0xd0ce	0x339a	e8016201a8009900ced09a331c968809df4913e8013e1db47be2ab00a9a94eef	prefix_32_of_482	0x8df97560	0x4a612e32	0x694cb90f	0x5f8f8af3	-0x9bd2e1c	0x3a	0x3a
895	0x787fe407836d	310	0xb8556	0x3139de	0x313c4c	+0x26e	dispatch	0xcdac7	169	0x9af18	0x1e8	0xa5	0x154	0x12ac	0x99	0x6160	e801a5005401ac12990060615dd8ca85aa86fae801e80522b455bce3a77dd306	prefix_32_of_622	0x4a612e32	0x8f70318b	0x5f8f8af3	0xfbfb8b3c	+0x9c6c0049	0x3a	0x3a
896	0x787fe407836d	169	0x9af18	0x313c4c	0x313e8f	+0x243	dispatch	0xcdac7	169	0x9af18	0xab	0x1e8	0x14d	0xe973	0x99	0xe987	ab00e8014d0173e9990087e926178cfb71d638e8010b62f5e882fa050f99789a	prefix_32_of_579	0x8f70318b	0xfed1df96	0xfbfb8b3c	0x58a4dcd6	-0xa356ae66	0x3a	0x3a
897	0x787fe407836d	169	0x9af18	0x313e8f	0x314071	+0x1e2	dispatch	0xcdac7	169	0x9af18	0x162	0x1e8	0x9d	0xd4ff	0x99	0x3390	6201e8019d00ffd49900903337b623a8e5df73e8019798477690393ef22f9bcb	prefix_32_of_482	0xfed1df96	0x4ac60206	0x58a4dcd6	0x5ee7d2fb	+0x642f625	0x3a	0x3a
898	0x787fe407836d	169	0x9af18	0x314071	0x3142df	+0x26e	dispatch	0xcdac7	310	0xb8556	0x162	0x1e8	0xa8	0x99	0xd4b6	0x9fd6	6201e801a8009900b6d4d69fbcef4e5f09e8011cb697d66ed299928e413a85b4	prefix_32_of_622	0x4ac60206	0x861eb185	0x5ee7d2fb	0xdf95e7f4	+0x80ae14f9	0x3a	0x3a
899	0x787fe407836d	310	0xb8556	0x3142df	0x314522	+0x243	dispatch	0xcdac7	310	0xb8556	0x1e8	0xab	0xd7	0xa88	0xd888	0x227d	e801ab00d700880a88d87d220b07a29900b00ee801c9569798eedb0f85a424a2	prefix_32_of_579	0x861eb185	0x34a042ea	0xdf95e7f4	0x3ce04eeb	-0xa2b59909	0x3a	0x3a
900	0x787fe407836d	310	0xb8556	0x314522	0x314704	+0x1e2	dispatch	0xcdac7	310	0xb8556	0x1e8	0x162	0xcb	0x9a07	0x7635	0x1ca1	e8016201cb00079a3576a11c1587d000e463e6e801744fab006005408141e30a	prefix_32_of_482	0x34a042ea	0xfcdeff37	0x3ce04eeb	0xfcd60600	+0xbff5b715	0x3a	0x3a
901	0x787fe407836d	310	0xb8556	0x314704	0x314972	+0x26e	dispatch	0xcdac7	169	0x9af18	0x1e8	0x162	0x133	0x553a	0xc4b4	0x9913	e801620133013a55b4c41399000f9926d6e801b4c893293a145770293fba3bd7	prefix_32_of_622	0xfcdeff37	0xf8eeff37	0xfcd60600	0xf8e60910	-0x3effcf0	0x3a	0x3a
902	0x787fe407836d	169	0x9af18	0x314972	0x314bb5	+0x243	dispatch	0xcdac7	310	0xb8556	0xab	0x1e8	0x133	0xd3a	0x17b0	0x3590	ab00e80133013a0db017903576da52830d9d9ee801174b3aac16ab007e67bbcf	prefix_32_of_579	0xf8eeff37	0x62662dfb	0xf8e60910	0xbffcca14	-0x38e93efc	0x3a	0x3a
903	0x787fe407836d	310	0xb8556	0x314bb5	0x314d97	+0x1e2	dispatch	0xcdac7	169	0x9af18	0x1e8	0xa5	0x154	0xec4	0x99	0xdaa	e801a5005401c40e9900aa0d3e77f80828c29ae801209b1de1b283cc41d0003c	prefix_32_of_482	0x62662dfb	0xfadf7f2d	0xbffcca14	0xf21b0800	+0x321e3dec	0x3a	0x3a
904	0x787fe407836d	169	0x9af18	0x314d97	0x315005	+0x26e	dispatch	0xcdac7	310	0xb8556	0x162	0x1e8	0x154	0x1334	0x99	0x1060	6201e80154013413990060103a1468c6d70e38e801880ac47c15400b7ef3eb03	prefix_32_of_622	0xfadf7f2d	0xe34473c6	0xf21b0800	0xe74477c6	-0xad6903a	0x3a	0x3a
905	0x787fe407836d	310	0xb8556	0x315005	0x31522f	+0x22a	dispatch	0xcdac7	310	0xb8556	0x1e8	0xab	0x2b	0x7ded	0x99	0x9d3a	e801ab002b00ed7d99003a9daf99001ceee5a3e801abfa76d8093db434706b58	prefix_32_of_554	0xe34473c6	0x69b0303a	0xe74477c6	0x69145e5a	-0x7e30196c	0x3a	0x3a
906	0x787fe407836d	310	0xb8556	0x31522f	0x315486	+0x257	dispatch	0xcdac7	169	0x9af18	0x1e8	0xab	0xc7	0x4f47	0x2c3a	0xae89	e801ab00c700474f3a2c89ae01349650eb981ae801bbffdce71f77f3025db1c8	prefix_32_of_599	0x69b0303a	0x841ab3c5	0x69145e5a	0x841ab3c5	+0x1b06556b	0x3a	0x3a
907	0x787fe407836d	169	0x9af18	0x315486	0x3156ca	+0x244	dispatch	0xcdac7	169	0x9af18	0xa5	0x1e8	0x12	0x620	0xdc3a	0xfca3	a500e801120020063adca3fce00d85dd41f69ae801e0a76a83e8bb0003922025	prefix_32_of_580	0x841ab3c5	0xf613f930	0x841ab3c5	0x3ffce85e	-0x441dcb67	0x3a	0x3a
908	0x787fe407836d	169	0x9af18	0x3156ca	0x315969	+0x29f	dispatch	0xcdac7	169	0x9af18	0xab	0x1e8	0x9d	0xcf07	0x99	0xf9a4	ab00e8019d0007cf9900a4f90133438c86ac48e801f3e7ab00737721d5bfd52a	prefix_32_of_671	0xf613f930	0x2ab32381	0x3ffce85e	0x2af72783	-0x1505c0db	0x3a	0x3a
909	0x787fe407836d	169	0x9af18	0x315969	0x315bbf	+0x256	dispatch	0xcdac7	169	0x9af18	0xab	0x1e8	0x129	0x1e31	0x8ee1	0x6ea2	ab00e8012901311ee18ea26eeb88cf9ecf06bee8010aaba3094961d69865e9dc	prefix_32_of_598	0x2ab32381	0x6e5d9892	0x2af72783	0x4000d60c	+0x1509ae89	0x3a	0x3a
910	0x787fe407836d	169	0x9af18	0x315bbf	0x310ca5	-0x4f1a	dispatch	0xcdac7	310	0xb8556	0xab	0x1e8	0x10c	0x1c4a	0x63e6	0x5af	ab00e8010c014a1ce663af053cd2e4092be80199f5de2fb4dd1429a30a54917a	backedge_sample	0x6e5d9892	0x148226cc	0x4000d60c	0xffaffb65	+0xbfaf2559	0x3a	0x3a
911	0x787fe407836d	310	0xb8556	0x310ca5	0x310ef0	+0x24b	dispatch	0xcdac7	310	0xb8556	0x1e8	0xa5	0xcb	0x9ebf	0x7635	0x390	e801a500cb00bf9e35769003042ba8fcee6d9ce801f7d8ab009003dc5941168f	prefix_32_of_587	0x148226cc	0x14100010	0xffaffb65	0x3f0612b2	-0xc0a9e8b3	0x3a	0x3a
912	0x787fe407836d	310	0xb8556	0x310ef0	0x311163	+0x273	dispatch	0xcdac7	169	0x9af18	0x1e8	0x162	0x154	0xf7c	0x99	0x92e7	e801620154017c0f9900e792dc1375ac08b602e801bf8c2f019289f5a0fa7e69	prefix_32_of_627	0x14100010	0xc83095f0	0x3f0612b2	0x400110fe	+0xfafe4c	0x3a	0x3a
913	0x787fe407836d	169	0x9af18	0x311163	0x3113a5	+0x242	dispatch	0xcdac7	169	0x9af18	0xa5	0x1e8	0x10c	0x1c4a	0x67ae	0x6b6	a500e8010c014a1cae67b6063aa56428d9e80129f1186774139007d64940f679	prefix_32_of_578	0xc83095f0	0x7adeff2e	0x400110fe	0x78de0800	+0x38dcf702	0x3a	0x3a
914	0x787fe407836d	169	0x9af18	0x3113a5	0x3115e7	+0x242	dispatch	0xcdac7	310	0xb8556	0x162	0x1e8	0xbd	0x99	0xe914	0x26e8	6201e801bd00990014e9e826ba56639900de34e8017709ab00041dab006485b4	prefix_32_of_578	0x7adeff2e	0x2948	0x78de0800	0x2948	-0x78dddeb8	0x3a	0x3a
915	0x787fe407836d	310	0xb8556	0x3115e7	0x311829	+0x242	dispatch	0xcdac7	169	0x9af18	0x1e8	0xa5	0x9d	0xd56f	0x99	0xad8	e801a5009d006fd59900d80a53f58761012fcee8011603b240666e6e27e60d3a	prefix_32_of_578	0x2948	0x3acddfde	0x2948	0x585c5c02	+0x585c32ba	0x3a	0x3a
916	0x787fe407836d	169	0x9af18	0x311829	0x311a6b	+0x242	dispatch	0xcdac7	169	0x9af18	0xab	0x1e8	0x151	0x94f0	0x99	0xfcec	ab00e8015101f0949900ecfc8b0cd809e4e80111f8d746656b7dce813884ab00	prefix_32_of_578	0x3acddfde	0xef1b287	0x585c5c02	0x69145f5a	+0x10b80358	0x3a	0x3a
917	0x787fe407836d	169	0x9af18	0x311a6b	0x311cad	+0x242	dispatch	0xcdac7	310	0xb8556	0xa5	0x1e8	0x72	0x64cb	0xac8c	0x620	a500e8017200cb648cac200648efdaf5e0bf18e8015f2dab001a531a84d8ab00	prefix_32_of_578	0xef1b287	0x524c03c5	0x69145f5a	0x7df7dfda	+0x14e38080	0x3a	0x3a
918	0x787fe407836d	310	0xb8556	0x311cad	0x311f69	+0x2bc	dispatch	0xcdac7	310	0xb8556	0x1e8	0xa5	0x10c	0x1c4a	0x6c86	0x7438	e801a5000c014a1c866c38749900ba703aa3e6e801859db8ec9f9147b7bebdaa	prefix_32_of_700	0x524c03c5	0x8e78f1da	0x7df7dfda	0xeb377ffe	+0x6d3fa024	0x3a	0x3a
919	0x787fe407836d	310	0xb8556	0x311f69	0x31223a	+0x2d1	dispatch	0xcdac7	310	0xb8556	0x1e8	0xa5	0x14d	0xe523	0x99	0xe367	e801a5004d0123e5990067e332d17995c6459ee801880a70a4781ff2ff90977e	prefix_32_of_721	0x8e78f1da	0x8e4e0de5	0xeb377ffe	0x7bd7fefb	-0x6f5f8103	0x3a	0x3a
920	0x787fe407836d	310	0xb8556	0x31223a	0x312464	+0x22a	dispatch	0xcdac7	169	0x9af18	0x1e8	0xab	0x151	0x9568	0x99	0xae47	e801ab0051016895990047ae9900f3a03a2e3ae801d80a443786cf06c648acd7	prefix_32_of_554	0x8e4e0de5	0x347541db	0x7bd7fefb	0x69945ffa	-0x12439f01	0x3a	0x3a
921	0x787fe407836d	169	0x9af18	0x312464	0x31268e	+0x22a	dispatch	0xcdac7	310	0xb8556	0xab	0x1e8	0x42	0x97f9	0x8b3a	0x99da	ab00e8014200f9973a8bda99009a299900e801e4734b803a09b993007451ab00	prefix_32_of_554	0x347541db	0x5675bb90	0x69945ffa	0xffc76ef9	+0x96330eff	0x3a	0x3a
922	0x787fe407836d	310	0xb8556	0x31268e	0x312868	+0x1da	dispatch	0xcdac7	169	0x9af18	0x1e8	0x162	0x10c	0x1c4a	0x6576	0x4392	e80162010c014a1c76659243358b8809c82954e8014c0cab0058019c10f7f483	prefix_32_of_474	0x5675bb90	0x221c12	0xffc76ef9	0x3f06a742	-0xc0c0c7b7	0x3a	0x3a
923	0x787fe407836d	169	0x9af18	0x312868	0x312aee	+0x286	dispatch	0xcdac7	169	0x9af18	0xab	0x1e8	0x12	0x5e8	0xae3a	0xb4a5	ab00e8011200e8053aaea5b4a2606756d86000e801d80a90778a7301aa4f8cd8	prefix_32_of_646	0x221c12	0x8e3c0ca2	0x3f06a742	0x6f95fefa	+0x308f57b8	0x3a	0x3a
924	0x787fe407836d	169	0x9af18	0x312aee	0x312cd0	+0x1e2	dispatch	0xcdac7	169	0x9af18	0x162	0x1e8	0x9d	0xd4ff	0x99	0x3810	6201e8019d00ffd499001038377504acaadc9ee80188acfa117cde3f9f9f57fa	prefix_32_of_482	0x8e3c0ca2	0xfbf79ddb	0x6f95fefa	0xf9f3eb74	+0x8a5dec7a	0x3a	0x3a
925	0x787fe407836d	169	0x9af18	0x312cd0	0x312f26	+0x256	dispatch	0xcdac7	310	0xb8556	0x162	0x1e8	0xbd	0x99	0xe964	0x860	6201e801bd00990064e96008f0890e712b581de8014b1ac6d48406bceffeed89	prefix_32_of_598	0xfbf79ddb	0x4b8eb2de	0xf9f3eb74	0x7b1c5e5e	-0x7ed78d16	0x3a	0x3a
926	0x787fe407836d	310	0xb8556	0x312f26	0x313169	+0x243	dispatch	0xcdac7	310	0xb8556	0x1e8	0x162	0xb9	0xa483	0x543a	0xcd68	e8016201b90083a43a5468cdd0817305599acde80104b48b0ce80544a5607c99	prefix_32_of_579	0x4b8eb2de	0x7afe7fef	0x7b1c5e5e	0x727e02a8	-0x89e5bb6	0x3a	0x3a
927	0x787fe407836d	310	0xb8556	0x313169	0x31334b	+0x1e2	dispatch	0xcdac7	169	0x9af18	0x1e8	0xa5	0x151	0x99e0	0x99	0x2580	e801a5005101e09999008025faf2b3bb03cc5ae801979b477a218516bad00004	prefix_32_of_482	0x7afe7fef	0xce4d8465	0x727e02a8	0x7f3e7f7b	+0xcc07cd3	0x3a	0x3a
928	0x787fe407836d	169	0x9af18	0x31334b	0x3135b9	+0x26e	dispatch	0xcdac7	169	0x9af18	0xa5	0x1e8	0x40	0xa81d	0x99	0x620	a500e80140001da899002006e89ff41597541ce801ab9e2ac633af3ada4c1da9	prefix_32_of_622	0xce4d8465	0xc917a90d	0x7f3e7f7b	0xc917a90d	+0x49d92992	0x3a	0x3a
929	0x787fe407836d	169	0x9af18	0x3135b9	0x3137fc	+0x243	dispatch	0xcdac7	310	0xb8556	0x162	0x1e8	0x40	0xa2bd	0x99	0x1b17	6201e8014000bda29900171bab6f0801d4e8014ab2d76ef4e32006be862314d7	prefix_32_of_579	0xc917a90d	0x8df97560	0xc917a90d	0x694cb90f	-0x5fcaeffe	0x3a	0x3a
930	0x787fe407836d	310	0xb8556	0x3137fc	0x3139de	+0x1e2	dispatch	0xcdac7	310	0xb8556	0x1e8	0x162	0xa8	0x99	0xd0ce	0x339a	e8016201a8009900ced09a331c968809df4913e8013e1db47be2ab00a9a94eef	prefix_32_of_482	0x8df97560	0x4a612e32	0x694cb90f	0x5f8f8af3	-0x9bd2e1c	0x3a	0x3a
931	0x787fe407836d	310	0xb8556	0x3139de	0x313c4c	+0x26e	dispatch	0xcdac7	169	0x9af18	0x1e8	0xa5	0x154	0x12ac	0x99	0x6160	e801a5005401ac12990060615dd8ca85aa86fae801e80522b455bce3a77dd306	prefix_32_of_622	0x4a612e32	0x8f70318b	0x5f8f8af3	0xfbfb8b3c	+0x9c6c0049	0x3a	0x3a
932	0x787fe407836d	169	0x9af18	0x313c4c	0x313e8f	+0x243	dispatch	0xcdac7	169	0x9af18	0xab	0x1e8	0x14d	0xe973	0x99	0xe987	ab00e8014d0173e9990087e926178cfb71d638e8010b62f5e882fa050f99789a	prefix_32_of_579	0x8f70318b	0xfed1df96	0xfbfb8b3c	0x58a4dcd6	-0xa356ae66	0x3a	0x3a
933	0x787fe407836d	169	0x9af18	0x313e8f	0x314071	+0x1e2	dispatch	0xcdac7	169	0x9af18	0x162	0x1e8	0x9d	0xd4ff	0x99	0x3390	6201e8019d00ffd49900903337b623a8e5df73e8019798477690393ef22f9bcb	prefix_32_of_482	0xfed1df96	0x4ac60206	0x58a4dcd6	0x5ee7d2fb	+0x642f625	0x3a	0x3a
934	0x787fe407836d	169	0x9af18	0x314071	0x3142df	+0x26e	dispatch	0xcdac7	310	0xb8556	0x162	0x1e8	0xa8	0x99	0xd4b6	0x9fd6	6201e801a8009900b6d4d69fbcef4e5f09e8011cb697d66ed299928e413a85b4	prefix_32_of_622	0x4ac60206	0x861eb185	0x5ee7d2fb	0xdf95e7f4	+0x80ae14f9	0x3a	0x3a
935	0x787fe407836d	310	0xb8556	0x3142df	0x314522	+0x243	dispatch	0xcdac7	310	0xb8556	0x1e8	0xab	0xd7	0xa88	0xd888	0x227d	e801ab00d700880a88d87d220b07a29900b00ee801c9569798eedb0f85a424a2	prefix_32_of_579	0x861eb185	0x34a042ea	0xdf95e7f4	0x3ce04eeb	-0xa2b59909	0x3a	0x3a
936	0x787fe407836d	310	0xb8556	0x314522	0x314704	+0x1e2	dispatch	0xcdac7	310	0xb8556	0x1e8	0x162	0xcb	0x9a07	0x7635	0x1ca1	e8016201cb00079a3576a11c1587d000e463e6e801744fab006005408141e30a	prefix_32_of_482	0x34a042ea	0xfcdeff37	0x3ce04eeb	0xfcd60600	+0xbff5b715	0x3a	0x3a
937	0x787fe407836d	310	0xb8556	0x314704	0x314972	+0x26e	dispatch	0xcdac7	169	0x9af18	0x1e8	0x162	0x133	0x553a	0xc4b4	0x9913	e801620133013a55b4c41399000f9926d6e801b4c893293a145770293fba3bd7	prefix_32_of_622	0xfcdeff37	0xf8eeff37	0xfcd60600	0xf8e60910	-0x3effcf0	0x3a	0x3a
938	0x787fe407836d	169	0x9af18	0x314972	0x314bb5	+0x243	dispatch	0xcdac7	310	0xb8556	0xab	0x1e8	0x133	0xd3a	0x17b0	0x3590	ab00e80133013a0db017903576da52830d9d9ee801174b3aac16ab007e67bbcf	prefix_32_of_579	0xf8eeff37	0x62662dfb	0xf8e60910	0xbffcca14	-0x38e93efc	0x3a	0x3a
939	0x787fe407836d	310	0xb8556	0x314bb5	0x314d97	+0x1e2	dispatch	0xcdac7	169	0x9af18	0x1e8	0xa5	0x154	0xec4	0x99	0xdaa	e801a5005401c40e9900aa0d3e77f80828c29ae801209b1de1b283cc41d0003c	prefix_32_of_482	0x62662dfb	0xfadf7f2d	0xbffcca14	0xf21b0800	+0x321e3dec	0x3a	0x3a
940	0x787fe407836d	169	0x9af18	0x314d97	0x315005	+0x26e	dispatch	0xcdac7	310	0xb8556	0x162	0x1e8	0x154	0x1334	0x99	0x1060	6201e80154013413990060103a1468c6d70e38e801880ac47c15400b7ef3eb03	prefix_32_of_622	0xfadf7f2d	0xe34473c6	0xf21b0800	0xe74477c6	-0xad6903a	0x3a	0x3a
941	0x787fe407836d	310	0xb8556	0x315005	0x31522f	+0x22a	dispatch	0xcdac7	310	0xb8556	0x1e8	0xab	0x2b	0x7ded	0x99	0x9d3a	e801ab002b00ed7d99003a9daf99001ceee5a3e801abfa76d8093db434706b58	prefix_32_of_554	0xe34473c6	0x69b0303a	0xe74477c6	0x69145e5a	-0x7e30196c	0x3a	0x3a
942	0x787fe407836d	310	0xb8556	0x31522f	0x315486	+0x257	dispatch	0xcdac7	169	0x9af18	0x1e8	0xab	0xc7	0x4f47	0x2c3a	0xae89	e801ab00c700474f3a2c89ae01349650eb981ae801bbffdce71f77f3025db1c8	prefix_32_of_599	0x69b0303a	0x841ab3c5	0x69145e5a	0x841ab3c5	+0x1b06556b	0x3a	0x3a
943	0x787fe407836d	169	0x9af18	0x315486	0x3156ca	+0x244	dispatch	0xcdac7	169	0x9af18	0xa5	0x1e8	0x12	0x620	0xdc3a	0xfca3	a500e801120020063adca3fce00d85dd41f69ae801e0a76a83e8bb0003922025	prefix_32_of_580	0x841ab3c5	0xf613f930	0x841ab3c5	0x3ffce85e	-0x441dcb67	0x3a	0x3a
944	0x787fe407836d	169	0x9af18	0x3156ca	0x315969	+0x29f	dispatch	0xcdac7	169	0x9af18	0xab	0x1e8	0x9d	0xcf07	0x99	0xf9a4	ab00e8019d0007cf9900a4f90133438c86ac48e801f3e7ab00737721d5bfd52a	prefix_32_of_671	0xf613f930	0x2ab32381	0x3ffce85e	0x2af72783	-0x1505c0db	0x3a	0x3a
945	0x787fe407836d	169	0x9af18	0x315969	0x315bbf	+0x256	dispatch	0xcdac7	169	0x9af18	0xab	0x1e8	0x129	0x1e31	0x8ee1	0x6ea2	ab00e8012901311ee18ea26eeb88cf9ecf06bee8010aaba3094961d69865e9dc	prefix_32_of_598	0x2ab32381	0x6e5d9892	0x2af72783	0x4000d60c	+0x1509ae89	0x3a	0x3a
946	0x787fe407836d	169	0x9af18	0x315bbf	0x310ca5	-0x4f1a	dispatch	0xcdac7	310	0xb8556	0xab	0x1e8	0x10c	0x1c4a	0x63e6	0x5af	ab00e8010c014a1ce663af053cd2e4092be80199f5de2fb4dd1429a30a54917a	backedge_sample	0x6e5d9892	0x148226cc	0x4000d60c	0xffaffb65	+0xbfaf2559	0x3a	0x3a
947	0x787fe407836d	310	0xb8556	0x310ca5	0x310ef0	+0x24b	dispatch	0xcdac7	310	0xb8556	0x1e8	0xa5	0xcb	0x9ebf	0x7635	0x390	e801a500cb00bf9e35769003042ba8fcee6d9ce801f7d8ab009003dc5941168f	prefix_32_of_587	0x148226cc	0x14100010	0xffaffb65	0x3f0612b2	-0xc0a9e8b3	0x3a	0x3a
948	0x787fe407836d	310	0xb8556	0x310ef0	0x311163	+0x273	dispatch	0xcdac7	169	0x9af18	0x1e8	0x162	0x154	0xf7c	0x99	0x92e7	e801620154017c0f9900e792dc1375ac08b602e801bf8c2f019289f5a0fa7e69	prefix_32_of_627	0x14100010	0xc83095f0	0x3f0612b2	0x400110fe	+0xfafe4c	0x3a	0x3a
949	0x787fe407836d	169	0x9af18	0x311163	0x3113a5	+0x242	dispatch	0xcdac7	169	0x9af18	0xa5	0x1e8	0x10c	0x1c4a	0x67ae	0x6b6	a500e8010c014a1cae67b6063aa56428d9e80129f1186774139007d64940f679	prefix_32_of_578	0xc83095f0	0x7adeff2e	0x400110fe	0x78de0800	+0x38dcf702	0x3a	0x3a
950	0x787fe407836d	169	0x9af18	0x3113a5	0x3115e7	+0x242	dispatch	0xcdac7	310	0xb8556	0x162	0x1e8	0xbd	0x99	0xe914	0x26e8	6201e801bd00990014e9e826ba56639900de34e8017709ab00041dab006485b4	prefix_32_of_578	0x7adeff2e	0x2948	0x78de0800	0x2948	-0x78dddeb8	0x3a	0x3a
951	0x787fe407836d	310	0xb8556	0x3115e7	0x311829	+0x242	dispatch	0xcdac7	169	0x9af18	0x1e8	0xa5	0x9d	0xd56f	0x99	0xad8	e801a5009d006fd59900d80a53f58761012fcee8011603b240666e6e27e60d3a	prefix_32_of_578	0x2948	0x3acddfde	0x2948	0x585c5c02	+0x585c32ba	0x3a	0x3a
952	0x787fe407836d	169	0x9af18	0x311829	0x311a6b	+0x242	dispatch	0xcdac7	169	0x9af18	0xab	0x1e8	0x151	0x94f0	0x99	0xfcec	ab00e8015101f0949900ecfc8b0cd809e4e80111f8d746656b7dce813884ab00	prefix_32_of_578	0x3acddfde	0xef1b287	0x585c5c02	0x69145f5a	+0x10b80358	0x3a	0x3a
953	0x787fe407836d	169	0x9af18	0x311a6b	0x311cad	+0x242	dispatch	0xcdac7	310	0xb8556	0xa5	0x1e8	0x72	0x64cb	0xac8c	0x620	a500e8017200cb648cac200648efdaf5e0bf18e8015f2dab001a531a84d8ab00	prefix_32_of_578	0xef1b287	0x524c03c5	0x69145f5a	0x7df7dfda	+0x14e38080	0x3a	0x3a
954	0x787fe407836d	310	0xb8556	0x311cad	0x311f69	+0x2bc	dispatch	0xcdac7	310	0xb8556	0x1e8	0xa5	0x10c	0x1c4a	0x6c86	0x7438	e801a5000c014a1c866c38749900ba703aa3e6e801859db8ec9f9147b7bebdaa	prefix_32_of_700	0x524c03c5	0x8e78f1da	0x7df7dfda	0xeb377ffe	+0x6d3fa024	0x3a	0x3a
955	0x787fe407836d	310	0xb8556	0x311f69	0x31223a	+0x2d1	dispatch	0xcdac7	310	0xb8556	0x1e8	0xa5	0x14d	0xe523	0x99	0xe367	e801a5004d0123e5990067e332d17995c6459ee801880a70a4781ff2ff90977e	prefix_32_of_721	0x8e78f1da	0x8e4e0de5	0xeb377ffe	0x7bd7fefb	-0x6f5f8103	0x3a	0x3a
956	0x787fe407836d	310	0xb8556	0x31223a	0x312464	+0x22a	dispatch	0xcdac7	169	0x9af18	0x1e8	0xab	0x151	0x9568	0x99	0xae47	e801ab0051016895990047ae9900f3a03a2e3ae801d80a443786cf06c648acd7	prefix_32_of_554	0x8e4e0de5	0x347541db	0x7bd7fefb	0x69945ffa	-0x12439f01	0x3a	0x3a
957	0x787fe407836d	169	0x9af18	0x312464	0x31268e	+0x22a	dispatch	0xcdac7	310	0xb8556	0xab	0x1e8	0x42	0x97f9	0x8b3a	0x99da	ab00e8014200f9973a8bda99009a299900e801e4734b803a09b993007451ab00	prefix_32_of_554	0x347541db	0x5675bb90	0x69945ffa	0xffc76ef9	+0x96330eff	0x3a	0x3a
958	0x787fe407836d	310	0xb8556	0x31268e	0x312868	+0x1da	dispatch	0xcdac7	169	0x9af18	0x1e8	0x162	0x10c	0x1c4a	0x6576	0x4392	e80162010c014a1c76659243358b8809c82954e8014c0cab0058019c10f7f483	prefix_32_of_474	0x5675bb90	0x221c12	0xffc76ef9	0x3f06a742	-0xc0c0c7b7	0x3a	0x3a
959	0x787fe407836d	169	0x9af18	0x312868	0x312aee	+0x286	dispatch	0xcdac7	169	0x9af18	0xab	0x1e8	0x12	0x5e8	0xae3a	0xb4a5	ab00e8011200e8053aaea5b4a2606756d86000e801d80a90778a7301aa4f8cd8	prefix_32_of_646	0x221c12	0x8e3c0ca2	0x3f06a742	0x6f95fefa	+0x308f57b8	0x3a	0x3a
960	0x787fe407836d	169	0x9af18	0x312aee	0x312cd0	+0x1e2	dispatch	0xcdac7	169	0x9af18	0x162	0x1e8	0x9d	0xd4ff	0x99	0x3810	6201e8019d00ffd499001038377504acaadc9ee80188acfa117cde3f9f9f57fa	prefix_32_of_482	0x8e3c0ca2	0xfbf79ddb	0x6f95fefa	0xf9f3eb74	+0x8a5dec7a	0x3a	0x3a
961	0x787fe407836d	169	0x9af18	0x312cd0	0x312f26	+0x256	dispatch	0xcdac7	310	0xb8556	0x162	0x1e8	0xbd	0x99	0xe964	0x860	6201e801bd00990064e96008f0890e712b581de8014b1ac6d48406bceffeed89	prefix_32_of_598	0xfbf79ddb	0x4b8eb2de	0xf9f3eb74	0x7b1c5e5e	-0x7ed78d16	0x3a	0x3a
962	0x787fe407836d	310	0xb8556	0x312f26	0x313169	+0x243	dispatch	0xcdac7	310	0xb8556	0x1e8	0x162	0xb9	0xa483	0x543a	0xcd68	e8016201b90083a43a5468cdd0817305599acde80104b48b0ce80544a5607c99	prefix_32_of_579	0x4b8eb2de	0x7afe7fef	0x7b1c5e5e	0x727e02a8	-0x89e5bb6	0x3a	0x3a
963	0x787fe407836d	310	0xb8556	0x313169	0x31334b	+0x1e2	dispatch	0xcdac7	169	0x9af18	0x1e8	0xa5	0x151	0x99e0	0x99	0x2580	e801a5005101e09999008025faf2b3bb03cc5ae801979b477a218516bad00004	prefix_32_of_482	0x7afe7fef	0xce4d8465	0x727e02a8	0x7f3e7f7b	+0xcc07cd3	0x3a	0x3a
964	0x787fe407836d	169	0x9af18	0x31334b	0x3135b9	+0x26e	dispatch	0xcdac7	169	0x9af18	0xa5	0x1e8	0x40	0xa81d	0x99	0x620	a500e80140001da899002006e89ff41597541ce801ab9e2ac633af3ada4c1da9	prefix_32_of_622	0xce4d8465	0xc917a90d	0x7f3e7f7b	0xc917a90d	+0x49d92992	0x3a	0x3a
965	0x787fe407836d	169	0x9af18	0x3135b9	0x3137fc	+0x243	dispatch	0xcdac7	310	0xb8556	0x162	0x1e8	0x40	0xa2bd	0x99	0x1b17	6201e8014000bda29900171bab6f0801d4e8014ab2d76ef4e32006be862314d7	prefix_32_of_579	0xc917a90d	0x8df97560	0xc917a90d	0x694cb90f	-0x5fcaeffe	0x3a	0x3a
966	0x787fe407836d	310	0xb8556	0x3137fc	0x3139de	+0x1e2	dispatch	0xcdac7	310	0xb8556	0x1e8	0x162	0xa8	0x99	0xd0ce	0x339a	e8016201a8009900ced09a331c968809df4913e8013e1db47be2ab00a9a94eef	prefix_32_of_482	0x8df97560	0x4a612e32	0x694cb90f	0x5f8f8af3	-0x9bd2e1c	0x3a	0x3a
967	0x787fe407836d	310	0xb8556	0x3139de	0x313c4c	+0x26e	dispatch	0xcdac7	169	0x9af18	0x1e8	0xa5	0x154	0x12ac	0x99	0x6160	e801a5005401ac12990060615dd8ca85aa86fae801e80522b455bce3a77dd306	prefix_32_of_622	0x4a612e32	0x8f70318b	0x5f8f8af3	0xfbfb8b3c	+0x9c6c0049	0x3a	0x3a
968	0x787fe407836d	169	0x9af18	0x313c4c	0x313e8f	+0x243	dispatch	0xcdac7	169	0x9af18	0xab	0x1e8	0x14d	0xe973	0x99	0xe987	ab00e8014d0173e9990087e926178cfb71d638e8010b62f5e882fa050f99789a	prefix_32_of_579	0x8f70318b	0xfed1df96	0xfbfb8b3c	0x58a4dcd6	-0xa356ae66	0x3a	0x3a
969	0x787fe407836d	169	0x9af18	0x313e8f	0x314071	+0x1e2	dispatch	0xcdac7	169	0x9af18	0x162	0x1e8	0x9d	0xd4ff	0x99	0x3390	6201e8019d00ffd49900903337b623a8e5df73e8019798477690393ef22f9bcb	prefix_32_of_482	0xfed1df96	0x4ac60206	0x58a4dcd6	0x5ee7d2fb	+0x642f625	0x3a	0x3a
970	0x787fe407836d	169	0x9af18	0x314071	0x3142df	+0x26e	dispatch	0xcdac7	310	0xb8556	0x162	0x1e8	0xa8	0x99	0xd4b6	0x9fd6	6201e801a8009900b6d4d69fbcef4e5f09e8011cb697d66ed299928e413a85b4	prefix_32_of_622	0x4ac60206	0x861eb185	0x5ee7d2fb	0xdf95e7f4	+0x80ae14f9	0x3a	0x3a
971	0x787fe407836d	310	0xb8556	0x3142df	0x314522	+0x243	dispatch	0xcdac7	310	0xb8556	0x1e8	0xab	0xd7	0xa88	0xd888	0x227d	e801ab00d700880a88d87d220b07a29900b00ee801c9569798eedb0f85a424a2	prefix_32_of_579	0x861eb185	0x34a042ea	0xdf95e7f4	0x3ce04eeb	-0xa2b59909	0x3a	0x3a
972	0x787fe407836d	310	0xb8556	0x314522	0x314704	+0x1e2	dispatch	0xcdac7	310	0xb8556	0x1e8	0x162	0xcb	0x9a07	0x7635	0x1ca1	e8016201cb00079a3576a11c1587d000e463e6e801744fab006005408141e30a	prefix_32_of_482	0x34a042ea	0xfcdeff37	0x3ce04eeb	0xfcd60600	+0xbff5b715	0x3a	0x3a
973	0x787fe407836d	310	0xb8556	0x314704	0x314972	+0x26e	dispatch	0xcdac7	169	0x9af18	0x1e8	0x162	0x133	0x553a	0xc4b4	0x9913	e801620133013a55b4c41399000f9926d6e801b4c893293a145770293fba3bd7	prefix_32_of_622	0xfcdeff37	0xf8eeff37	0xfcd60600	0xf8e60910	-0x3effcf0	0x3a	0x3a
974	0x787fe407836d	169	0x9af18	0x314972	0x314bb5	+0x243	dispatch	0xcdac7	310	0xb8556	0xab	0x1e8	0x133	0xd3a	0x17b0	0x3590	ab00e80133013a0db017903576da52830d9d9ee801174b3aac16ab007e67bbcf	prefix_32_of_579	0xf8eeff37	0x62662dfb	0xf8e60910	0xbffcca14	-0x38e93efc	0x3a	0x3a
975	0x787fe407836d	310	0xb8556	0x314bb5	0x314d97	+0x1e2	dispatch	0xcdac7	169	0x9af18	0x1e8	0xa5	0x154	0xec4	0x99	0xdaa	e801a5005401c40e9900aa0d3e77f80828c29ae801209b1de1b283cc41d0003c	prefix_32_of_482	0x62662dfb	0xfadf7f2d	0xbffcca14	0xf21b0800	+0x321e3dec	0x3a	0x3a
976	0x787fe407836d	169	0x9af18	0x314d97	0x315005	+0x26e	dispatch	0xcdac7	310	0xb8556	0x162	0x1e8	0x154	0x1334	0x99	0x1060	6201e80154013413990060103a1468c6d70e38e801880ac47c15400b7ef3eb03	prefix_32_of_622	0xfadf7f2d	0xe34473c6	0xf21b0800	0xe74477c6	-0xad6903a	0x3a	0x3a
977	0x787fe407836d	310	0xb8556	0x315005	0x31522f	+0x22a	dispatch	0xcdac7	310	0xb8556	0x1e8	0xab	0x2b	0x7ded	0x99	0x9d3a	e801ab002b00ed7d99003a9daf99001ceee5a3e801abfa76d8093db434706b58	prefix_32_of_554	0xe34473c6	0x69b0303a	0xe74477c6	0x69145e5a	-0x7e30196c	0x3a	0x3a
978	0x787fe407836d	310	0xb8556	0x31522f	0x315486	+0x257	dispatch	0xcdac7	169	0x9af18	0x1e8	0xab	0xc7	0x4f47	0x2c3a	0xae89	e801ab00c700474f3a2c89ae01349650eb981ae801bbffdce71f77f3025db1c8	prefix_32_of_599	0x69b0303a	0x841ab3c5	0x69145e5a	0x841ab3c5	+0x1b06556b	0x3a	0x3a
979	0x787fe407836d	169	0x9af18	0x315486	0x3156ca	+0x244	dispatch	0xcdac7	169	0x9af18	0xa5	0x1e8	0x12	0x620	0xdc3a	0xfca3	a500e801120020063adca3fce00d85dd41f69ae801e0a76a83e8bb0003922025	prefix_32_of_580	0x841ab3c5	0xf613f930	0x841ab3c5	0x3ffce85e	-0x441dcb67	0x3a	0x3a
980	0x787fe407836d	169	0x9af18	0x3156ca	0x315969	+0x29f	dispatch	0xcdac7	169	0x9af18	0xab	0x1e8	0x9d	0xcf07	0x99	0xf9a4	ab00e8019d0007cf9900a4f90133438c86ac48e801f3e7ab00737721d5bfd52a	prefix_32_of_671	0xf613f930	0x2ab32381	0x3ffce85e	0x2af72783	-0x1505c0db	0x3a	0x3a
981	0x787fe407836d	169	0x9af18	0x315969	0x315bbf	+0x256	dispatch	0xcdac7	169	0x9af18	0xab	0x1e8	0x129	0x1e31	0x8ee1	0x6ea2	ab00e8012901311ee18ea26eeb88cf9ecf06bee8010aaba3094961d69865e9dc	prefix_32_of_598	0x2ab32381	0x6e5d9892	0x2af72783	0x4000d60c	+0x1509ae89	0x3a	0x3a
982	0x787fe407836d	169	0x9af18	0x315bbf	0x310ca5	-0x4f1a	dispatch	0xcdac7	310	0xb8556	0xab	0x1e8	0x10c	0x1c4a	0x63e6	0x5af	ab00e8010c014a1ce663af053cd2e4092be80199f5de2fb4dd1429a30a54917a	backedge_sample	0x6e5d9892	0x148226cc	0x4000d60c	0xffaffb65	+0xbfaf2559	0x3a	0x3a
983	0x787fe407836d	310	0xb8556	0x310ca5	0x310ef0	+0x24b	dispatch	0xcdac7	310	0xb8556	0x1e8	0xa5	0xcb	0x9ebf	0x7635	0x390	e801a500cb00bf9e35769003042ba8fcee6d9ce801f7d8ab009003dc5941168f	prefix_32_of_587	0x148226cc	0x14100010	0xffaffb65	0x3f0612b2	-0xc0a9e8b3	0x3a	0x3a
984	0x787fe407836d	310	0xb8556	0x310ef0	0x311163	+0x273	dispatch	0xcdac7	169	0x9af18	0x1e8	0x162	0x154	0xf7c	0x99	0x92e7	e801620154017c0f9900e792dc1375ac08b602e801bf8c2f019289f5a0fa7e69	prefix_32_of_627	0x14100010	0xc83095f0	0x3f0612b2	0x400110fe	+0xfafe4c	0x3a	0x3a
985	0x787fe407836d	169	0x9af18	0x311163	0x3113a5	+0x242	dispatch	0xcdac7	169	0x9af18	0xa5	0x1e8	0x10c	0x1c4a	0x67ae	0x6b6	a500e8010c014a1cae67b6063aa56428d9e80129f1186774139007d64940f679	prefix_32_of_578	0xc83095f0	0x7adeff2e	0x400110fe	0x78de0800	+0x38dcf702	0x3a	0x3a
986	0x787fe407836d	169	0x9af18	0x3113a5	0x3115e7	+0x242	dispatch	0xcdac7	310	0xb8556	0x162	0x1e8	0xbd	0x99	0xe914	0x26e8	6201e801bd00990014e9e826ba56639900de34e8017709ab00041dab006485b4	prefix_32_of_578	0x7adeff2e	0x2948	0x78de0800	0x2948	-0x78dddeb8	0x3a	0x3a
987	0x787fe407836d	310	0xb8556	0x3115e7	0x311829	+0x242	dispatch	0xcdac7	169	0x9af18	0x1e8	0xa5	0x9d	0xd56f	0x99	0xad8	e801a5009d006fd59900d80a53f58761012fcee8011603b240666e6e27e60d3a	prefix_32_of_578	0x2948	0x3acddfde	0x2948	0x585c5c02	+0x585c32ba	0x3a	0x3a
988	0x787fe407836d	169	0x9af18	0x311829	0x311a6b	+0x242	dispatch	0xcdac7	169	0x9af18	0xab	0x1e8	0x151	0x94f0	0x99	0xfcec	ab00e8015101f0949900ecfc8b0cd809e4e80111f8d746656b7dce813884ab00	prefix_32_of_578	0x3acddfde	0xef1b287	0x585c5c02	0x69145f5a	+0x10b80358	0x3a	0x3a
989	0x787fe407836d	169	0x9af18	0x311a6b	0x311cad	+0x242	dispatch	0xcdac7	310	0xb8556	0xa5	0x1e8	0x72	0x64cb	0xac8c	0x620	a500e8017200cb648cac200648efdaf5e0bf18e8015f2dab001a531a84d8ab00	prefix_32_of_578	0xef1b287	0x524c03c5	0x69145f5a	0x7df7dfda	+0x14e38080	0x3a	0x3a
990	0x787fe407836d	310	0xb8556	0x311cad	0x311f69	+0x2bc	dispatch	0xcdac7	310	0xb8556	0x1e8	0xa5	0x10c	0x1c4a	0x6c86	0x7438	e801a5000c014a1c866c38749900ba703aa3e6e801859db8ec9f9147b7bebdaa	prefix_32_of_700	0x524c03c5	0x8e78f1da	0x7df7dfda	0xeb377ffe	+0x6d3fa024	0x3a	0x3a
991	0x787fe407836d	310	0xb8556	0x311f69	0x31223a	+0x2d1	dispatch	0xcdac7	310	0xb8556	0x1e8	0xa5	0x14d	0xe523	0x99	0xe367	e801a5004d0123e5990067e332d17995c6459ee801880a70a4781ff2ff90977e	prefix_32_of_721	0x8e78f1da	0x8e4e0de5	0xeb377ffe	0x7bd7fefb	-0x6f5f8103	0x3a	0x3a
992	0x787fe407836d	310	0xb8556	0x31223a	0x312464	+0x22a	dispatch	0xcdac7	169	0x9af18	0x1e8	0xab	0x151	0x9568	0x99	0xae47	e801ab0051016895990047ae9900f3a03a2e3ae801d80a443786cf06c648acd7	prefix_32_of_554	0x8e4e0de5	0x347541db	0x7bd7fefb	0x69945ffa	-0x12439f01	0x3a	0x3a
993	0x787fe407836d	169	0x9af18	0x312464	0x31268e	+0x22a	dispatch	0xcdac7	310	0xb8556	0xab	0x1e8	0x42	0x97f9	0x8b3a	0x99da	ab00e8014200f9973a8bda99009a299900e801e4734b803a09b993007451ab00	prefix_32_of_554	0x347541db	0x5675bb90	0x69945ffa	0xffc76ef9	+0x96330eff	0x3a	0x3a
994	0x787fe407836d	310	0xb8556	0x31268e	0x312868	+0x1da	dispatch	0xcdac7	169	0x9af18	0x1e8	0x162	0x10c	0x1c4a	0x6576	0x4392	e80162010c014a1c76659243358b8809c82954e8014c0cab0058019c10f7f483	prefix_32_of_474	0x5675bb90	0x221c12	0xffc76ef9	0x3f06a742	-0xc0c0c7b7	0x3a	0x3a
995	0x787fe407836d	169	0x9af18	0x312868	0x312aee	+0x286	dispatch	0xcdac7	169	0x9af18	0xab	0x1e8	0x12	0x5e8	0xae3a	0xb4a5	ab00e8011200e8053aaea5b4a2606756d86000e801d80a90778a7301aa4f8cd8	prefix_32_of_646	0x221c12	0x8e3c0ca2	0x3f06a742	0x6f95fefa	+0x308f57b8	0x3a	0x3a
996	0x787fe407836d	169	0x9af18	0x312aee	0x312cd0	+0x1e2	dispatch	0xcdac7	169	0x9af18	0x162	0x1e8	0x9d	0xd4ff	0x99	0x3810	6201e8019d00ffd499001038377504acaadc9ee80188acfa117cde3f9f9f57fa	prefix_32_of_482	0x8e3c0ca2	0xfbf79ddb	0x6f95fefa	0xf9f3eb74	+0x8a5dec7a	0x3a	0x3a
997	0x787fe407836d	169	0x9af18	0x312cd0	0x312f26	+0x256	dispatch	0xcdac7	310	0xb8556	0x162	0x1e8	0xbd	0x99	0xe964	0x860	6201e801bd00990064e96008f0890e712b581de8014b1ac6d48406bceffeed89	prefix_32_of_598	0xfbf79ddb	0x4b8eb2de	0xf9f3eb74	0x7b1c5e5e	-0x7ed78d16	0x3a	0x3a
998	0x787fe407836d	310	0xb8556	0x312f26	0x313169	+0x243	dispatch	0xcdac7	310	0xb8556	0x1e8	0x162	0xb9	0xa483	0x543a	0xcd68	e8016201b90083a43a5468cdd0817305599acde80104b48b0ce80544a5607c99	prefix_32_of_579	0x4b8eb2de	0x7afe7fef	0x7b1c5e5e	0x727e02a8	-0x89e5bb6	0x3a	0x3a
999	0x787fe407836d	310	0xb8556	0x313169	0x31334b	+0x1e2	dispatch	0xcdac7	169	0x9af18	0x1e8	0xa5	0x151	0x99e0	0x99	0x2580	e801a5005101e09999008025faf2b3bb03cc5ae801979b477a218516bad00004	prefix_32_of_482	0x7afe7fef	0xce4d8465	0x727e02a8	0x7f3e7f7b	+0xcc07cd3	0x3a	0x3a
1000	0x787fe407836d	169	0x9af18	0x31334b	0x3135b9	+0x26e	dispatch	0xcdac7	169	0x9af18	0xa5	0x1e8	0x40	0xa81d	0x99	0x620	a500e80140001da899002006e89ff41597541ce801ab9e2ac633af3ada4c1da9	prefix_32_of_622	0xce4d8465	0xc917a90d	0x7f3e7f7b	0xc917a90d	+0x49d92992	0x3a	0x3a
1001	0x787fe407836d	169	0x9af18	0x3135b9	0x3137fc	+0x243	dispatch	0xcdac7	310	0xb8556	0x162	0x1e8	0x40	0xa2bd	0x99	0x1b17	6201e8014000bda29900171bab6f0801d4e8014ab2d76ef4e32006be862314d7	prefix_32_of_579	0xc917a90d	0x8df97560	0xc917a90d	0x694cb90f	-0x5fcaeffe	0x3a	0x3a
1002	0x787fe407836d	310	0xb8556	0x3137fc	0x3139de	+0x1e2	dispatch	0xcdac7	310	0xb8556	0x1e8	0x162	0xa8	0x99	0xd0ce	0x339a	e8016201a8009900ced09a331c968809df4913e8013e1db47be2ab00a9a94eef	prefix_32_of_482	0x8df97560	0x4a612e32	0x694cb90f	0x5f8f8af3	-0x9bd2e1c	0x3a	0x3a
1003	0x787fe407836d	310	0xb8556	0x3139de	0x313c4c	+0x26e	dispatch	0xcdac7	169	0x9af18	0x1e8	0xa5	0x154	0x12ac	0x99	0x6160	e801a5005401ac12990060615dd8ca85aa86fae801e80522b455bce3a77dd306	prefix_32_of_622	0x4a612e32	0x8f70318b	0x5f8f8af3	0xfbfb8b3c	+0x9c6c0049	0x3a	0x3a
1004	0x787fe407836d	169	0x9af18	0x313c4c	0x313e8f	+0x243	dispatch	0xcdac7	169	0x9af18	0xab	0x1e8	0x14d	0xe973	0x99	0xe987	ab00e8014d0173e9990087e926178cfb71d638e8010b62f5e882fa050f99789a	prefix_32_of_579	0x8f70318b	0xfed1df96	0xfbfb8b3c	0x58a4dcd6	-0xa356ae66	0x3a	0x3a
1005	0x787fe407836d	169	0x9af18	0x313e8f	0x314071	+0x1e2	dispatch	0xcdac7	169	0x9af18	0x162	0x1e8	0x9d	0xd4ff	0x99	0x3390	6201e8019d00ffd49900903337b623a8e5df73e8019798477690393ef22f9bcb	prefix_32_of_482	0xfed1df96	0x4ac60206	0x58a4dcd6	0x5ee7d2fb	+0x642f625	0x3a	0x3a
1006	0x787fe407836d	169	0x9af18	0x314071	0x3142df	+0x26e	dispatch	0xcdac7	310	0xb8556	0x162	0x1e8	0xa8	0x99	0xd4b6	0x9fd6	6201e801a8009900b6d4d69fbcef4e5f09e8011cb697d66ed299928e413a85b4	prefix_32_of_622	0x4ac60206	0x861eb185	0x5ee7d2fb	0xdf95e7f4	+0x80ae14f9	0x3a	0x3a
1007	0x787fe407836d	310	0xb8556	0x3142df	0x314522	+0x243	dispatch	0xcdac7	310	0xb8556	0x1e8	0xab	0xd7	0xa88	0xd888	0x227d	e801ab00d700880a88d87d220b07a29900b00ee801c9569798eedb0f85a424a2	prefix_32_of_579	0x861eb185	0x34a042ea	0xdf95e7f4	0x3ce04eeb	-0xa2b59909	0x3a	0x3a
1008	0x787fe407836d	310	0xb8556	0x314522	0x314704	+0x1e2	dispatch	0xcdac7	310	0xb8556	0x1e8	0x162	0xcb	0x9a07	0x7635	0x1ca1	e8016201cb00079a3576a11c1587d000e463e6e801744fab006005408141e30a	prefix_32_of_482	0x34a042ea	0xfcdeff37	0x3ce04eeb	0xfcd60600	+0xbff5b715	0x3a	0x3a
1009	0x787fe407836d	310	0xb8556	0x314704	0x314972	+0x26e	dispatch	0xcdac7	169	0x9af18	0x1e8	0x162	0x133	0x553a	0xc4b4	0x9913	e801620133013a55b4c41399000f9926d6e801b4c893293a145770293fba3bd7	prefix_32_of_622	0xfcdeff37	0xf8eeff37	0xfcd60600	0xf8e60910	-0x3effcf0	0x3a	0x3a
1010	0x787fe407836d	169	0x9af18	0x314972	0x314bb5	+0x243	dispatch	0xcdac7	310	0xb8556	0xab	0x1e8	0x133	0xd3a	0x17b0	0x3590	ab00e80133013a0db017903576da52830d9d9ee801174b3aac16ab007e67bbcf	prefix_32_of_579	0xf8eeff37	0x62662dfb	0xf8e60910	0xbffcca14	-0x38e93efc	0x3a	0x3a
1011	0x787fe407836d	310	0xb8556	0x314bb5	0x314d97	+0x1e2	dispatch	0xcdac7	169	0x9af18	0x1e8	0xa5	0x154	0xec4	0x99	0xdaa	e801a5005401c40e9900aa0d3e77f80828c29ae801209b1de1b283cc41d0003c	prefix_32_of_482	0x62662dfb	0xfadf7f2d	0xbffcca14	0xf21b0800	+0x321e3dec	0x3a	0x3a
1012	0x787fe407836d	169	0x9af18	0x314d97	0x315005	+0x26e	dispatch	0xcdac7	310	0xb8556	0x162	0x1e8	0x154	0x1334	0x99	0x1060	6201e80154013413990060103a1468c6d70e38e801880ac47c15400b7ef3eb03	prefix_32_of_622	0xfadf7f2d	0xe34473c6	0xf21b0800	0xe74477c6	-0xad6903a	0x3a	0x3a
1013	0x787fe407836d	310	0xb8556	0x315005	0x31522f	+0x22a	dispatch	0xcdac7	310	0xb8556	0x1e8	0xab	0x2b	0x7ded	0x99	0x9d3a	e801ab002b00ed7d99003a9daf99001ceee5a3e801abfa76d8093db434706b58	prefix_32_of_554	0xe34473c6	0x69b0303a	0xe74477c6	0x69145e5a	-0x7e30196c	0x3a	0x3a
1014	0x787fe407836d	310	0xb8556	0x31522f	0x315486	+0x257	dispatch	0xcdac7	169	0x9af18	0x1e8	0xab	0xc7	0x4f47	0x2c3a	0xae89	e801ab00c700474f3a2c89ae01349650eb981ae801bbffdce71f77f3025db1c8	prefix_32_of_599	0x69b0303a	0x841ab3c5	0x69145e5a	0x841ab3c5	+0x1b06556b	0x3a	0x3a
1015	0x787fe407836d	169	0x9af18	0x315486	0x3156ca	+0x244	dispatch	0xcdac7	169	0x9af18	0xa5	0x1e8	0x12	0x620	0xdc3a	0xfca3	a500e801120020063adca3fce00d85dd41f69ae801e0a76a83e8bb0003922025	prefix_32_of_580	0x841ab3c5	0xf613f930	0x841ab3c5	0x3ffce85e	-0x441dcb67	0x3a	0x3a
1016	0x787fe407836d	169	0x9af18	0x3156ca	0x315969	+0x29f	dispatch	0xcdac7	169	0x9af18	0xab	0x1e8	0x9d	0xcf07	0x99	0xf9a4	ab00e8019d0007cf9900a4f90133438c86ac48e801f3e7ab00737721d5bfd52a	prefix_32_of_671	0xf613f930	0x2ab32381	0x3ffce85e	0x2af72783	-0x1505c0db	0x3a	0x3a
1017	0x787fe407836d	169	0x9af18	0x315969	0x315bbf	+0x256	dispatch	0xcdac7	169	0x9af18	0xab	0x1e8	0x129	0x1e31	0x8ee1	0x6ea2	ab00e8012901311ee18ea26eeb88cf9ecf06bee8010aaba3094961d69865e9dc	prefix_32_of_598	0x2ab32381	0x6e5d9892	0x2af72783	0x4000d60c	+0x1509ae89	0x3a	0x3a
1018	0x787fe407836d	169	0x9af18	0x315bbf	0x310ca5	-0x4f1a	dispatch	0xcdac7	310	0xb8556	0xab	0x1e8	0x10c	0x1c4a	0x63e6	0x5af	ab00e8010c014a1ce663af053cd2e4092be80199f5de2fb4dd1429a30a54917a	backedge_sample	0x6e5d9892	0x148226cc	0x4000d60c	0xffaffb65	+0xbfaf2559	0x3a	0x3a
1019	0x787fe407836d	310	0xb8556	0x310ca5	0x310ef0	+0x24b	dispatch	0xcdac7	310	0xb8556	0x1e8	0xa5	0xcb	0x9ebf	0x7635	0x390	e801a500cb00bf9e35769003042ba8fcee6d9ce801f7d8ab009003dc5941168f	prefix_32_of_587	0x148226cc	0x14100010	0xffaffb65	0x3f0612b2	-0xc0a9e8b3	0x3a	0x3a
1020	0x787fe407836d	310	0xb8556	0x310ef0	0x311163	+0x273	dispatch	0xcdac7	169	0x9af18	0x1e8	0x162	0x154	0xf7c	0x99	0x92e7	e801620154017c0f9900e792dc1375ac08b602e801bf8c2f019289f5a0fa7e69	prefix_32_of_627	0x14100010	0xc83095f0	0x3f0612b2	0x400110fe	+0xfafe4c	0x3a	0x3a
1021	0x787fe407836d	169	0x9af18	0x311163	0x3113a5	+0x242	dispatch	0xcdac7	169	0x9af18	0xa5	0x1e8	0x10c	0x1c4a	0x67ae	0x6b6	a500e8010c014a1cae67b6063aa56428d9e80129f1186774139007d64940f679	prefix_32_of_578	0xc83095f0	0x7adeff2e	0x400110fe	0x78de0800	+0x38dcf702	0x3a	0x3a
1022	0x787fe407836d	169	0x9af18	0x3113a5	0x3115e7	+0x242	dispatch	0xcdac7	310	0xb8556	0x162	0x1e8	0xbd	0x99	0xe914	0x26e8	6201e801bd00990014e9e826ba56639900de34e8017709ab00041dab006485b4	prefix_32_of_578	0x7adeff2e	0x2948	0x78de0800	0x2948	-0x78dddeb8	0x3a	0x3a
1023	0x787fe407836d	310	0xb8556	0x3115e7	0x311829	+0x242	dispatch	0xcdac7	169	0x9af18	0x1e8	0xa5	0x9d	0xd56f	0x99	0xad8	e801a5009d006fd59900d80a53f58761012fcee8011603b240666e6e27e60d3a	prefix_32_of_578	0x2948	0x3acddfde	0x2948	0x585c5c02	+0x585c32ba	0x3a	0x3a
1024	0x787fe407836d	169	0x9af18	0x311829	0x311a6b	+0x242	dispatch	0xcdac7	169	0x9af18	0xab	0x1e8	0x151	0x94f0	0x99	0xfcec	ab00e8015101f0949900ecfc8b0cd809e4e80111f8d746656b7dce813884ab00	prefix_32_of_578	0x3acddfde	0xef1b287	0x585c5c02	0x69145f5a	+0x10b80358	0x3a	0x3a
1025	0x787fe407836d	169	0x9af18	0x311a6b	0x311cad	+0x242	dispatch	0xcdac7	310	0xb8556	0xa5	0x1e8	0x72	0x64cb	0xac8c	0x620	a500e8017200cb648cac200648efdaf5e0bf18e8015f2dab001a531a84d8ab00	prefix_32_of_578	0xef1b287	0x524c03c5	0x69145f5a	0x7df7dfda	+0x14e38080	0x3a	0x3a
1026	0x787fe407836d	310	0xb8556	0x311cad	0x311f69	+0x2bc	dispatch	0xcdac7	310	0xb8556	0x1e8	0xa5	0x10c	0x1c4a	0x6c86	0x7438	e801a5000c014a1c866c38749900ba703aa3e6e801859db8ec9f9147b7bebdaa	prefix_32_of_700	0x524c03c5	0x8e78f1da	0x7df7dfda	0xeb377ffe	+0x6d3fa024	0x3a	0x3a
1027	0x787fe407836d	310	0xb8556	0x311f69	0x31223a	+0x2d1	dispatch	0xcdac7	310	0xb8556	0x1e8	0xa5	0x14d	0xe523	0x99	0xe367	e801a5004d0123e5990067e332d17995c6459ee801880a70a4781ff2ff90977e	prefix_32_of_721	0x8e78f1da	0x8e4e0de5	0xeb377ffe	0x7bd7fefb	-0x6f5f8103	0x3a	0x3a
1028	0x787fe407836d	310	0xb8556	0x31223a	0x312464	+0x22a	dispatch	0xcdac7	169	0x9af18	0x1e8	0xab	0x151	0x9568	0x99	0xae47	e801ab0051016895990047ae9900f3a03a2e3ae801d80a443786cf06c648acd7	prefix_32_of_554	0x8e4e0de5	0x347541db	0x7bd7fefb	0x69945ffa	-0x12439f01	0x3a	0x3a
1029	0x787fe407836d	169	0x9af18	0x312464	0x31268e	+0x22a	dispatch	0xcdac7	310	0xb8556	0xab	0x1e8	0x42	0x97f9	0x8b3a	0x99da	ab00e8014200f9973a8bda99009a299900e801e4734b803a09b993007451ab00	prefix_32_of_554	0x347541db	0x5675bb90	0x69945ffa	0xffc76ef9	+0x96330eff	0x3a	0x3a
1030	0x787fe407836d	310	0xb8556	0x31268e	0x312868	+0x1da	dispatch	0xcdac7	169	0x9af18	0x1e8	0x162	0x10c	0x1c4a	0x6576	0x4392	e80162010c014a1c76659243358b8809c82954e8014c0cab0058019c10f7f483	prefix_32_of_474	0x5675bb90	0x221c12	0xffc76ef9	0x3f06a742	-0xc0c0c7b7	0x3a	0x3a
1031	0x787fe407836d	169	0x9af18	0x312868	0x312aee	+0x286	dispatch	0xcdac7	169	0x9af18	0xab	0x1e8	0x12	0x5e8	0xae3a	0xb4a5	ab00e8011200e8053aaea5b4a2606756d86000e801d80a90778a7301aa4f8cd8	prefix_32_of_646	0x221c12	0x8e3c0ca2	0x3f06a742	0x6f95fefa	+0x308f57b8	0x3a	0x3a
1032	0x787fe407836d	169	0x9af18	0x312aee	0x312cd0	+0x1e2	dispatch	0xcdac7	169	0x9af18	0x162	0x1e8	0x9d	0xd4ff	0x99	0x3810	6201e8019d00ffd499001038377504acaadc9ee80188acfa117cde3f9f9f57fa	prefix_32_of_482	0x8e3c0ca2	0xfbf79ddb	0x6f95fefa	0xf9f3eb74	+0x8a5dec7a	0x3a	0x3a
1033	0x787fe407836d	169	0x9af18	0x312cd0	0x312f26	+0x256	dispatch	0xcdac7	310	0xb8556	0x162	0x1e8	0xbd	0x99	0xe964	0x860	6201e801bd00990064e96008f0890e712b581de8014b1ac6d48406bceffeed89	prefix_32_of_598	0xfbf79ddb	0x4b8eb2de	0xf9f3eb74	0x7b1c5e5e	-0x7ed78d16	0x3a	0x3a
1034	0x787fe407836d	310	0xb8556	0x312f26	0x313169	+0x243	dispatch	0xcdac7	310	0xb8556	0x1e8	0x162	0xb9	0xa483	0x543a	0xcd68	e8016201b90083a43a5468cdd0817305599acde80104b48b0ce80544a5607c99	prefix_32_of_579	0x4b8eb2de	0x7afe7fef	0x7b1c5e5e	0x727e02a8	-0x89e5bb6	0x3a	0x3a
1035	0x787fe407836d	310	0xb8556	0x313169	0x31334b	+0x1e2	dispatch	0xcdac7	169	0x9af18	0x1e8	0xa5	0x151	0x99e0	0x99	0x2580	e801a5005101e09999008025faf2b3bb03cc5ae801979b477a218516bad00004	prefix_32_of_482	0x7afe7fef	0xce4d8465	0x727e02a8	0x7f3e7f7b	+0xcc07cd3	0x3a	0x3a
1036	0x787fe407836d	169	0x9af18	0x31334b	0x3135b9	+0x26e	dispatch	0xcdac7	169	0x9af18	0xa5	0x1e8	0x40	0xa81d	0x99	0x620	a500e80140001da899002006e89ff41597541ce801ab9e2ac633af3ada4c1da9	prefix_32_of_622	0xce4d8465	0xc917a90d	0x7f3e7f7b	0xc917a90d	+0x49d92992	0x3a	0x3a
1037	0x787fe407836d	169	0x9af18	0x3135b9	0x3137fc	+0x243	dispatch	0xcdac7	310	0xb8556	0x162	0x1e8	0x40	0xa2bd	0x99	0x1b17	6201e8014000bda29900171bab6f0801d4e8014ab2d76ef4e32006be862314d7	prefix_32_of_579	0xc917a90d	0x8df97560	0xc917a90d	0x694cb90f	-0x5fcaeffe	0x3a	0x3a
1038	0x787fe407836d	310	0xb8556	0x3137fc	0x3139de	+0x1e2	dispatch	0xcdac7	310	0xb8556	0x1e8	0x162	0xa8	0x99	0xd0ce	0x339a	e8016201a8009900ced09a331c968809df4913e8013e1db47be2ab00a9a94eef	prefix_32_of_482	0x8df97560	0x4a612e32	0x694cb90f	0x5f8f8af3	-0x9bd2e1c	0x3a	0x3a
1039	0x787fe407836d	310	0xb8556	0x3139de	0x313c4c	+0x26e	dispatch	0xcdac7	169	0x9af18	0x1e8	0xa5	0x154	0x12ac	0x99	0x6160	e801a5005401ac12990060615dd8ca85aa86fae801e80522b455bce3a77dd306	prefix_32_of_622	0x4a612e32	0x8f70318b	0x5f8f8af3	0xfbfb8b3c	+0x9c6c0049	0x3a	0x3a
1040	0x787fe407836d	169	0x9af18	0x313c4c	0x313e8f	+0x243	dispatch	0xcdac7	169	0x9af18	0xab	0x1e8	0x14d	0xe973	0x99	0xe987	ab00e8014d0173e9990087e926178cfb71d638e8010b62f5e882fa050f99789a	prefix_32_of_579	0x8f70318b	0xfed1df96	0xfbfb8b3c	0x58a4dcd6	-0xa356ae66	0x3a	0x3a
1041	0x787fe407836d	169	0x9af18	0x313e8f	0x314071	+0x1e2	dispatch	0xcdac7	169	0x9af18	0x162	0x1e8	0x9d	0xd4ff	0x99	0x3390	6201e8019d00ffd49900903337b623a8e5df73e8019798477690393ef22f9bcb	prefix_32_of_482	0xfed1df96	0x4ac60206	0x58a4dcd6	0x5ee7d2fb	+0x642f625	0x3a	0x3a
1042	0x787fe407836d	169	0x9af18	0x314071	0x3142df	+0x26e	dispatch	0xcdac7	310	0xb8556	0x162	0x1e8	0xa8	0x99	0xd4b6	0x9fd6	6201e801a8009900b6d4d69fbcef4e5f09e8011cb697d66ed299928e413a85b4	prefix_32_of_622	0x4ac60206	0x861eb185	0x5ee7d2fb	0xdf95e7f4	+0x80ae14f9	0x3a	0x3a
1043	0x787fe407836d	310	0xb8556	0x3142df	0x314522	+0x243	dispatch	0xcdac7	310	0xb8556	0x1e8	0xab	0xd7	0xa88	0xd888	0x227d	e801ab00d700880a88d87d220b07a29900b00ee801c9569798eedb0f85a424a2	prefix_32_of_579	0x861eb185	0x34a042ea	0xdf95e7f4	0x3ce04eeb	-0xa2b59909	0x3a	0x3a
1044	0x787fe407836d	310	0xb8556	0x314522	0x314704	+0x1e2	dispatch	0xcdac7	310	0xb8556	0x1e8	0x162	0xcb	0x9a07	0x7635	0x1ca1	e8016201cb00079a3576a11c1587d000e463e6e801744fab006005408141e30a	prefix_32_of_482	0x34a042ea	0xfcdeff37	0x3ce04eeb	0xfcd60600	+0xbff5b715	0x3a	0x3a
1045	0x787fe407836d	310	0xb8556	0x314704	0x314972	+0x26e	dispatch	0xcdac7	169	0x9af18	0x1e8	0x162	0x133	0x553a	0xc4b4	0x9913	e801620133013a55b4c41399000f9926d6e801b4c893293a145770293fba3bd7	prefix_32_of_622	0xfcdeff37	0xf8eeff37	0xfcd60600	0xf8e60910	-0x3effcf0	0x3a	0x3a
1046	0x787fe407836d	169	0x9af18	0x314972	0x314bb5	+0x243	dispatch	0xcdac7	310	0xb8556	0xab	0x1e8	0x133	0xd3a	0x17b0	0x3590	ab00e80133013a0db017903576da52830d9d9ee801174b3aac16ab007e67bbcf	prefix_32_of_579	0xf8eeff37	0x62662dfb	0xf8e60910	0xbffcca14	-0x38e93efc	0x3a	0x3a
1047	0x787fe407836d	310	0xb8556	0x314bb5	0x314d97	+0x1e2	dispatch	0xcdac7	169	0x9af18	0x1e8	0xa5	0x154	0xec4	0x99	0xdaa	e801a5005401c40e9900aa0d3e77f80828c29ae801209b1de1b283cc41d0003c	prefix_32_of_482	0x62662dfb	0xfadf7f2d	0xbffcca14	0xf21b0800	+0x321e3dec	0x3a	0x3a
1048	0x787fe407836d	169	0x9af18	0x314d97	0x315005	+0x26e	dispatch	0xcdac7	310	0xb8556	0x162	0x1e8	0x154	0x1334	0x99	0x1060	6201e80154013413990060103a1468c6d70e38e801880ac47c15400b7ef3eb03	prefix_32_of_622	0xfadf7f2d	0xe34473c6	0xf21b0800	0xe74477c6	-0xad6903a	0x3a	0x3a
1049	0x787fe407836d	310	0xb8556	0x315005	0x31522f	+0x22a	dispatch	0xcdac7	310	0xb8556	0x1e8	0xab	0x2b	0x7ded	0x99	0x9d3a	e801ab002b00ed7d99003a9daf99001ceee5a3e801abfa76d8093db434706b58	prefix_32_of_554	0xe34473c6	0x69b0303a	0xe74477c6	0x69145e5a	-0x7e30196c	0x3a	0x3a
1050	0x787fe407836d	310	0xb8556	0x31522f	0x315486	+0x257	dispatch	0xcdac7	169	0x9af18	0x1e8	0xab	0xc7	0x4f47	0x2c3a	0xae89	e801ab00c700474f3a2c89ae01349650eb981ae801bbffdce71f77f3025db1c8	prefix_32_of_599	0x69b0303a	0x841ab3c5	0x69145e5a	0x841ab3c5	+0x1b06556b	0x3a	0x3a
1051	0x787fe407836d	169	0x9af18	0x315486	0x3156ca	+0x244	dispatch	0xcdac7	169	0x9af18	0xa5	0x1e8	0x12	0x620	0xdc3a	0xfca3	a500e801120020063adca3fce00d85dd41f69ae801e0a76a83e8bb0003922025	prefix_32_of_580	0x841ab3c5	0xf613f930	0x841ab3c5	0x3ffce85e	-0x441dcb67	0x3a	0x3a
1052	0x787fe407836d	169	0x9af18	0x3156ca	0x315969	+0x29f	dispatch	0xcdac7	169	0x9af18	0xab	0x1e8	0x9d	0xcf07	0x99	0xf9a4	ab00e8019d0007cf9900a4f90133438c86ac48e801f3e7ab00737721d5bfd52a	prefix_32_of_671	0xf613f930	0x2ab32381	0x3ffce85e	0x2af72783	-0x1505c0db	0x3a	0x3a
1053	0x787fe407836d	169	0x9af18	0x315969	0x315bbf	+0x256	dispatch	0xcdac7	169	0x9af18	0xab	0x1e8	0x129	0x1e31	0x8ee1	0x6ea2	ab00e8012901311ee18ea26eeb88cf9ecf06bee8010aaba3094961d69865e9dc	prefix_32_of_598	0x2ab32381	0x6e5d9892	0x2af72783	0x4000d60c	+0x1509ae89	0x3a	0x3a
1054	0x787fe407836d	169	0x9af18	0x315bbf	0x310ca5	-0x4f1a	dispatch	0xcdac7	310	0xb8556	0xab	0x1e8	0x10c	0x1c4a	0x63e6	0x5af	ab00e8010c014a1ce663af053cd2e4092be80199f5de2fb4dd1429a30a54917a	backedge_sample	0x6e5d9892	0x148226cc	0x4000d60c	0xffaffb65	+0xbfaf2559	0x3a	0x3a
1055	0x787fe407836d	310	0xb8556	0x310ca5	0x310ef0	+0x24b	dispatch	0xcdac7	310	0xb8556	0x1e8	0xa5	0xcb	0x9ebf	0x7635	0x390	e801a500cb00bf9e35769003042ba8fcee6d9ce801f7d8ab009003dc5941168f	prefix_32_of_587	0x148226cc	0x14100010	0xffaffb65	0x3f0612b2	-0xc0a9e8b3	0x3a	0x3a
1056	0x787fe407836d	310	0xb8556	0x310ef0	0x311163	+0x273	dispatch	0xcdac7	169	0x9af18	0x1e8	0x162	0x154	0xf7c	0x99	0x92e7	e801620154017c0f9900e792dc1375ac08b602e801bf8c2f019289f5a0fa7e69	prefix_32_of_627	0x14100010	0xc83095f0	0x3f0612b2	0x400110fe	+0xfafe4c	0x3a	0x3a
1057	0x787fe407836d	169	0x9af18	0x311163	0x3113a5	+0x242	dispatch	0xcdac7	169	0x9af18	0xa5	0x1e8	0x10c	0x1c4a	0x67ae	0x6b6	a500e8010c014a1cae67b6063aa56428d9e80129f1186774139007d64940f679	prefix_32_of_578	0xc83095f0	0x7adeff2e	0x400110fe	0x78de0800	+0x38dcf702	0x3a	0x3a
1058	0x787fe407836d	169	0x9af18	0x3113a5	0x3115e7	+0x242	dispatch	0xcdac7	310	0xb8556	0x162	0x1e8	0xbd	0x99	0xe914	0x26e8	6201e801bd00990014e9e826ba56639900de34e8017709ab00041dab006485b4	prefix_32_of_578	0x7adeff2e	0x2948	0x78de0800	0x2948	-0x78dddeb8	0x3a	0x3a
1059	0x787fe407836d	310	0xb8556	0x3115e7	0x311829	+0x242	dispatch	0xcdac7	169	0x9af18	0x1e8	0xa5	0x9d	0xd56f	0x99	0xad8	e801a5009d006fd59900d80a53f58761012fcee8011603b240666e6e27e60d3a	prefix_32_of_578	0x2948	0x3acddfde	0x2948	0x585c5c02	+0x585c32ba	0x3a	0x3a
1060	0x787fe407836d	169	0x9af18	0x311829	0x311a6b	+0x242	dispatch	0xcdac7	169	0x9af18	0xab	0x1e8	0x151	0x94f0	0x99	0xfcec	ab00e8015101f0949900ecfc8b0cd809e4e80111f8d746656b7dce813884ab00	prefix_32_of_578	0x3acddfde	0xef1b287	0x585c5c02	0x69145f5a	+0x10b80358	0x3a	0x3a
1061	0x787fe407836d	169	0x9af18	0x311a6b	0x311cad	+0x242	dispatch	0xcdac7	310	0xb8556	0xa5	0x1e8	0x72	0x64cb	0xac8c	0x620	a500e8017200cb648cac200648efdaf5e0bf18e8015f2dab001a531a84d8ab00	prefix_32_of_578	0xef1b287	0x524c03c5	0x69145f5a	0x7df7dfda	+0x14e38080	0x3a	0x3a
1062	0x787fe407836d	310	0xb8556	0x311cad	0x311f69	+0x2bc	dispatch	0xcdac7	310	0xb8556	0x1e8	0xa5	0x10c	0x1c4a	0x6c86	0x7438	e801a5000c014a1c866c38749900ba703aa3e6e801859db8ec9f9147b7bebdaa	prefix_32_of_700	0x524c03c5	0x8e78f1da	0x7df7dfda	0xeb377ffe	+0x6d3fa024	0x3a	0x3a
1063	0x787fe407836d	310	0xb8556	0x311f69	0x31223a	+0x2d1	dispatch	0xcdac7	310	0xb8556	0x1e8	0xa5	0x14d	0xe523	0x99	0xe367	e801a5004d0123e5990067e332d17995c6459ee801880a70a4781ff2ff90977e	prefix_32_of_721	0x8e78f1da	0x8e4e0de5	0xeb377ffe	0x7bd7fefb	-0x6f5f8103	0x3a	0x3a
1064	0x787fe407836d	310	0xb8556	0x31223a	0x312464	+0x22a	dispatch	0xcdac7	169	0x9af18	0x1e8	0xab	0x151	0x9568	0x99	0xae47	e801ab0051016895990047ae9900f3a03a2e3ae801d80a443786cf06c648acd7	prefix_32_of_554	0x8e4e0de5	0x347541db	0x7bd7fefb	0x69945ffa	-0x12439f01	0x3a	0x3a
1065	0x787fe407836d	169	0x9af18	0x312464	0x31268e	+0x22a	dispatch	0xcdac7	310	0xb8556	0xab	0x1e8	0x42	0x97f9	0x8b3a	0x99da	ab00e8014200f9973a8bda99009a299900e801e4734b803a09b993007451ab00	prefix_32_of_554	0x347541db	0x5675bb90	0x69945ffa	0xffc76ef9	+0x96330eff	0x3a	0x3a
1066	0x787fe407836d	310	0xb8556	0x31268e	0x312868	+0x1da	dispatch	0xcdac7	169	0x9af18	0x1e8	0x162	0x10c	0x1c4a	0x6576	0x4392	e80162010c014a1c76659243358b8809c82954e8014c0cab0058019c10f7f483	prefix_32_of_474	0x5675bb90	0x221c12	0xffc76ef9	0x3f06a742	-0xc0c0c7b7	0x3a	0x3a
1067	0x787fe407836d	169	0x9af18	0x312868	0x312aee	+0x286	dispatch	0xcdac7	169	0x9af18	0xab	0x1e8	0x12	0x5e8	0xae3a	0xb4a5	ab00e8011200e8053aaea5b4a2606756d86000e801d80a90778a7301aa4f8cd8	prefix_32_of_646	0x221c12	0x8e3c0ca2	0x3f06a742	0x6f95fefa	+0x308f57b8	0x3a	0x3a
1068	0x787fe407836d	169	0x9af18	0x312aee	0x312cd0	+0x1e2	dispatch	0xcdac7	169	0x9af18	0x162	0x1e8	0x9d	0xd4ff	0x99	0x3810	6201e8019d00ffd499001038377504acaadc9ee80188acfa117cde3f9f9f57fa	prefix_32_of_482	0x8e3c0ca2	0xfbf79ddb	0x6f95fefa	0xf9f3eb74	+0x8a5dec7a	0x3a	0x3a
1069	0x787fe407836d	169	0x9af18	0x312cd0	0x312f26	+0x256	dispatch	0xcdac7	310	0xb8556	0x162	0x1e8	0xbd	0x99	0xe964	0x860	6201e801bd00990064e96008f0890e712b581de8014b1ac6d48406bceffeed89	prefix_32_of_598	0xfbf79ddb	0x4b8eb2de	0xf9f3eb74	0x7b1c5e5e	-0x7ed78d16	0x3a	0x3a
1070	0x787fe407836d	310	0xb8556	0x312f26	0x313169	+0x243	dispatch	0xcdac7	310	0xb8556	0x1e8	0x162	0xb9	0xa483	0x543a	0xcd68	e8016201b90083a43a5468cdd0817305599acde80104b48b0ce80544a5607c99	prefix_32_of_579	0x4b8eb2de	0x7afe7fef	0x7b1c5e5e	0x727e02a8	-0x89e5bb6	0x3a	0x3a
1071	0x787fe407836d	310	0xb8556	0x313169	0x31334b	+0x1e2	dispatch	0xcdac7	169	0x9af18	0x1e8	0xa5	0x151	0x99e0	0x99	0x2580	e801a5005101e09999008025faf2b3bb03cc5ae801979b477a218516bad00004	prefix_32_of_482	0x7afe7fef	0xce4d8465	0x727e02a8	0x7f3e7f7b	+0xcc07cd3	0x3a	0x3a
1072	0x787fe407836d	169	0x9af18	0x31334b	0x3135b9	+0x26e	dispatch	0xcdac7	169	0x9af18	0xa5	0x1e8	0x40	0xa81d	0x99	0x620	a500e80140001da899002006e89ff41597541ce801ab9e2ac633af3ada4c1da9	prefix_32_of_622	0xce4d8465	0xc917a90d	0x7f3e7f7b	0xc917a90d	+0x49d92992	0x3a	0x3a
1073	0x787fe407836d	169	0x9af18	0x3135b9	0x3137fc	+0x243	dispatch	0xcdac7	310	0xb8556	0x162	0x1e8	0x40	0xa2bd	0x99	0x1b17	6201e8014000bda29900171bab6f0801d4e8014ab2d76ef4e32006be862314d7	prefix_32_of_579	0xc917a90d	0x8df97560	0xc917a90d	0x694cb90f	-0x5fcaeffe	0x3a	0x3a
1074	0x787fe407836d	310	0xb8556	0x3137fc	0x3139de	+0x1e2	dispatch	0xcdac7	310	0xb8556	0x1e8	0x162	0xa8	0x99	0xd0ce	0x339a	e8016201a8009900ced09a331c968809df4913e8013e1db47be2ab00a9a94eef	prefix_32_of_482	0x8df97560	0x4a612e32	0x694cb90f	0x5f8f8af3	-0x9bd2e1c	0x3a	0x3a
1075	0x787fe407836d	310	0xb8556	0x3139de	0x313c4c	+0x26e	dispatch	0xcdac7	169	0x9af18	0x1e8	0xa5	0x154	0x12ac	0x99	0x6160	e801a5005401ac12990060615dd8ca85aa86fae801e80522b455bce3a77dd306	prefix_32_of_622	0x4a612e32	0x8f70318b	0x5f8f8af3	0xfbfb8b3c	+0x9c6c0049	0x3a	0x3a
1076	0x787fe407836d	169	0x9af18	0x313c4c	0x313e8f	+0x243	dispatch	0xcdac7	169	0x9af18	0xab	0x1e8	0x14d	0xe973	0x99	0xe987	ab00e8014d0173e9990087e926178cfb71d638e8010b62f5e882fa050f99789a	prefix_32_of_579	0x8f70318b	0xfed1df96	0xfbfb8b3c	0x58a4dcd6	-0xa356ae66	0x3a	0x3a
1077	0x787fe407836d	169	0x9af18	0x313e8f	0x314071	+0x1e2	dispatch	0xcdac7	169	0x9af18	0x162	0x1e8	0x9d	0xd4ff	0x99	0x3390	6201e8019d00ffd49900903337b623a8e5df73e8019798477690393ef22f9bcb	prefix_32_of_482	0xfed1df96	0x4ac60206	0x58a4dcd6	0x5ee7d2fb	+0x642f625	0x3a	0x3a
1078	0x787fe407836d	169	0x9af18	0x314071	0x3142df	+0x26e	dispatch	0xcdac7	310	0xb8556	0x162	0x1e8	0xa8	0x99	0xd4b6	0x9fd6	6201e801a8009900b6d4d69fbcef4e5f09e8011cb697d66ed299928e413a85b4	prefix_32_of_622	0x4ac60206	0x861eb185	0x5ee7d2fb	0xdf95e7f4	+0x80ae14f9	0x3a	0x3a
1079	0x787fe407836d	310	0xb8556	0x3142df	0x314522	+0x243	dispatch	0xcdac7	310	0xb8556	0x1e8	0xab	0xd7	0xa88	0xd888	0x227d	e801ab00d700880a88d87d220b07a29900b00ee801c9569798eedb0f85a424a2	prefix_32_of_579	0x861eb185	0x34a042ea	0xdf95e7f4	0x3ce04eeb	-0xa2b59909	0x3a	0x3a
1080	0x787fe407836d	310	0xb8556	0x314522	0x314704	+0x1e2	dispatch	0xcdac7	310	0xb8556	0x1e8	0x162	0xcb	0x9a07	0x7635	0x1ca1	e8016201cb00079a3576a11c1587d000e463e6e801744fab006005408141e30a	prefix_32_of_482	0x34a042ea	0xfcdeff37	0x3ce04eeb	0xfcd60600	+0xbff5b715	0x3a	0x3a
1081	0x787fe407836d	310	0xb8556	0x314704	0x314972	+0x26e	dispatch	0xcdac7	169	0x9af18	0x1e8	0x162	0x133	0x553a	0xc4b4	0x9913	e801620133013a55b4c41399000f9926d6e801b4c893293a145770293fba3bd7	prefix_32_of_622	0xfcdeff37	0xf8eeff37	0xfcd60600	0xf8e60910	-0x3effcf0	0x3a	0x3a
1082	0x787fe407836d	169	0x9af18	0x314972	0x314bb5	+0x243	dispatch	0xcdac7	310	0xb8556	0xab	0x1e8	0x133	0xd3a	0x17b0	0x3590	ab00e80133013a0db017903576da52830d9d9ee801174b3aac16ab007e67bbcf	prefix_32_of_579	0xf8eeff37	0x62662dfb	0xf8e60910	0xbffcca14	-0x38e93efc	0x3a	0x3a
1083	0x787fe407836d	310	0xb8556	0x314bb5	0x314d97	+0x1e2	dispatch	0xcdac7	169	0x9af18	0x1e8	0xa5	0x154	0xec4	0x99	0xdaa	e801a5005401c40e9900aa0d3e77f80828c29ae801209b1de1b283cc41d0003c	prefix_32_of_482	0x62662dfb	0xfadf7f2d	0xbffcca14	0xf21b0800	+0x321e3dec	0x3a	0x3a
1084	0x787fe407836d	169	0x9af18	0x314d97	0x315005	+0x26e	dispatch	0xcdac7	310	0xb8556	0x162	0x1e8	0x154	0x1334	0x99	0x1060	6201e80154013413990060103a1468c6d70e38e801880ac47c15400b7ef3eb03	prefix_32_of_622	0xfadf7f2d	0xe34473c6	0xf21b0800	0xe74477c6	-0xad6903a	0x3a	0x3a
1085	0x787fe407836d	310	0xb8556	0x315005	0x31522f	+0x22a	dispatch	0xcdac7	310	0xb8556	0x1e8	0xab	0x2b	0x7ded	0x99	0x9d3a	e801ab002b00ed7d99003a9daf99001ceee5a3e801abfa76d8093db434706b58	prefix_32_of_554	0xe34473c6	0x69b0303a	0xe74477c6	0x69145e5a	-0x7e30196c	0x3a	0x3a
1086	0x787fe407836d	310	0xb8556	0x31522f	0x315486	+0x257	dispatch	0xcdac7	169	0x9af18	0x1e8	0xab	0xc7	0x4f47	0x2c3a	0xae89	e801ab00c700474f3a2c89ae01349650eb981ae801bbffdce71f77f3025db1c8	prefix_32_of_599	0x69b0303a	0x841ab3c5	0x69145e5a	0x841ab3c5	+0x1b06556b	0x3a	0x3a
1087	0x787fe407836d	169	0x9af18	0x315486	0x3156ca	+0x244	dispatch	0xcdac7	169	0x9af18	0xa5	0x1e8	0x12	0x620	0xdc3a	0xfca3	a500e801120020063adca3fce00d85dd41f69ae801e0a76a83e8bb0003922025	prefix_32_of_580	0x841ab3c5	0xf613f930	0x841ab3c5	0x3ffce85e	-0x441dcb67	0x3a	0x3a
1088	0x787fe407836d	169	0x9af18	0x3156ca	0x315969	+0x29f	dispatch	0xcdac7	169	0x9af18	0xab	0x1e8	0x9d	0xcf07	0x99	0xf9a4	ab00e8019d0007cf9900a4f90133438c86ac48e801f3e7ab00737721d5bfd52a	prefix_32_of_671	0xf613f930	0x2ab32381	0x3ffce85e	0x2af72783	-0x1505c0db	0x3a	0x3a
1089	0x787fe407836d	169	0x9af18	0x315969	0x315bbf	+0x256	dispatch	0xcdac7	169	0x9af18	0xab	0x1e8	0x129	0x1e31	0x8ee1	0x6ea2	ab00e8012901311ee18ea26eeb88cf9ecf06bee8010aaba3094961d69865e9dc	prefix_32_of_598	0x2ab32381	0x6e5d9892	0x2af72783	0x4000d60c	+0x1509ae89	0x3a	0x3a
1090	0x787fe407836d	169	0x9af18	0x315bbf	0x310ca5	-0x4f1a	dispatch	0xcdac7	310	0xb8556	0xab	0x1e8	0x10c	0x1c4a	0x63e6	0x5af	ab00e8010c014a1ce663af053cd2e4092be80199f5de2fb4dd1429a30a54917a	backedge_sample	0x6e5d9892	0x148226cc	0x4000d60c	0xffaffb65	+0xbfaf2559	0x3a	0x3a
1091	0x787fe407836d	310	0xb8556	0x310ca5	0x310ef0	+0x24b	dispatch	0xcdac7	310	0xb8556	0x1e8	0xa5	0xcb	0x9ebf	0x7635	0x390	e801a500cb00bf9e35769003042ba8fcee6d9ce801f7d8ab009003dc5941168f	prefix_32_of_587	0x148226cc	0x14100010	0xffaffb65	0x3f0612b2	-0xc0a9e8b3	0x3a	0x3a
1092	0x787fe407836d	310	0xb8556	0x310ef0	0x311163	+0x273	dispatch	0xcdac7	169	0x9af18	0x1e8	0x162	0x154	0xf7c	0x99	0x92e7	e801620154017c0f9900e792dc1375ac08b602e801bf8c2f019289f5a0fa7e69	prefix_32_of_627	0x14100010	0xc83095f0	0x3f0612b2	0x400110fe	+0xfafe4c	0x3a	0x3a
1093	0x787fe407836d	169	0x9af18	0x311163	0x3113a5	+0x242	dispatch	0xcdac7	169	0x9af18	0xa5	0x1e8	0x10c	0x1c4a	0x67ae	0x6b6	a500e8010c014a1cae67b6063aa56428d9e80129f1186774139007d64940f679	prefix_32_of_578	0xc83095f0	0x7adeff2e	0x400110fe	0x78de0800	+0x38dcf702	0x3a	0x3a
1094	0x787fe407836d	169	0x9af18	0x3113a5	0x3115e7	+0x242	dispatch	0xcdac7	310	0xb8556	0x162	0x1e8	0xbd	0x99	0xe914	0x26e8	6201e801bd00990014e9e826ba56639900de34e8017709ab00041dab006485b4	prefix_32_of_578	0x7adeff2e	0x2948	0x78de0800	0x2948	-0x78dddeb8	0x3a	0x3a
1095	0x787fe407836d	310	0xb8556	0x3115e7	0x311829	+0x242	dispatch	0xcdac7	169	0x9af18	0x1e8	0xa5	0x9d	0xd56f	0x99	0xad8	e801a5009d006fd59900d80a53f58761012fcee8011603b240666e6e27e60d3a	prefix_32_of_578	0x2948	0x3acddfde	0x2948	0x585c5c02	+0x585c32ba	0x3a	0x3a
1096	0x787fe407836d	169	0x9af18	0x311829	0x311a6b	+0x242	dispatch	0xcdac7	169	0x9af18	0xab	0x1e8	0x151	0x94f0	0x99	0xfcec	ab00e8015101f0949900ecfc8b0cd809e4e80111f8d746656b7dce813884ab00	prefix_32_of_578	0x3acddfde	0xef1b287	0x585c5c02	0x69145f5a	+0x10b80358	0x3a	0x3a
1097	0x787fe407836d	169	0x9af18	0x311a6b	0x311cad	+0x242	dispatch	0xcdac7	310	0xb8556	0xa5	0x1e8	0x72	0x64cb	0xac8c	0x620	a500e8017200cb648cac200648efdaf5e0bf18e8015f2dab001a531a84d8ab00	prefix_32_of_578	0xef1b287	0x524c03c5	0x69145f5a	0x7df7dfda	+0x14e38080	0x3a	0x3a
1098	0x787fe407836d	310	0xb8556	0x311cad	0x311f69	+0x2bc	dispatch	0xcdac7	310	0xb8556	0x1e8	0xa5	0x10c	0x1c4a	0x6c86	0x7438	e801a5000c014a1c866c38749900ba703aa3e6e801859db8ec9f9147b7bebdaa	prefix_32_of_700	0x524c03c5	0x8e78f1da	0x7df7dfda	0xeb377ffe	+0x6d3fa024	0x3a	0x3a
1099	0x787fe407836d	310	0xb8556	0x311f69	0x31223a	+0x2d1	dispatch	0xcdac7	310	0xb8556	0x1e8	0xa5	0x14d	0xe523	0x99	0xe367	e801a5004d0123e5990067e332d17995c6459ee801880a70a4781ff2ff90977e	prefix_32_of_721	0x8e78f1da	0x8e4e0de5	0xeb377ffe	0x7bd7fefb	-0x6f5f8103	0x3a	0x3a
1100	0x787fe407836d	310	0xb8556	0x31223a	0x312464	+0x22a	dispatch	0xcdac7	169	0x9af18	0x1e8	0xab	0x151	0x9568	0x99	0xae47	e801ab0051016895990047ae9900f3a03a2e3ae801d80a443786cf06c648acd7	prefix_32_of_554	0x8e4e0de5	0x347541db	0x7bd7fefb	0x69945ffa	-0x12439f01	0x3a	0x3a
1101	0x787fe407836d	169	0x9af18	0x312464	0x31268e	+0x22a	dispatch	0xcdac7	310	0xb8556	0xab	0x1e8	0x42	0x97f9	0x8b3a	0x99da	ab00e8014200f9973a8bda99009a299900e801e4734b803a09b993007451ab00	prefix_32_of_554	0x347541db	0x5675bb90	0x69945ffa	0xffc76ef9	+0x96330eff	0x3a	0x3a
1102	0x787fe407836d	310	0xb8556	0x31268e	0x312868	+0x1da	dispatch	0xcdac7	169	0x9af18	0x1e8	0x162	0x10c	0x1c4a	0x6576	0x4392	e80162010c014a1c76659243358b8809c82954e8014c0cab0058019c10f7f483	prefix_32_of_474	0x5675bb90	0x221c12	0xffc76ef9	0x3f06a742	-0xc0c0c7b7	0x3a	0x3a
1103	0x787fe407836d	169	0x9af18	0x312868	0x312aee	+0x286	dispatch	0xcdac7	169	0x9af18	0xab	0x1e8	0x12	0x5e8	0xae3a	0xb4a5	ab00e8011200e8053aaea5b4a2606756d86000e801d80a90778a7301aa4f8cd8	prefix_32_of_646	0x221c12	0x8e3c0ca2	0x3f06a742	0x6f95fefa	+0x308f57b8	0x3a	0x3a
1104	0x787fe407836d	169	0x9af18	0x312aee	0x312cd0	+0x1e2	dispatch	0xcdac7	169	0x9af18	0x162	0x1e8	0x9d	0xd4ff	0x99	0x3810	6201e8019d00ffd499001038377504acaadc9ee80188acfa117cde3f9f9f57fa	prefix_32_of_482	0x8e3c0ca2	0xfbf79ddb	0x6f95fefa	0xf9f3eb74	+0x8a5dec7a	0x3a	0x3a
1105	0x787fe407836d	169	0x9af18	0x312cd0	0x312f26	+0x256	dispatch	0xcdac7	310	0xb8556	0x162	0x1e8	0xbd	0x99	0xe964	0x860	6201e801bd00990064e96008f0890e712b581de8014b1ac6d48406bceffeed89	prefix_32_of_598	0xfbf79ddb	0x4b8eb2de	0xf9f3eb74	0x7b1c5e5e	-0x7ed78d16	0x3a	0x3a
1106	0x787fe407836d	310	0xb8556	0x312f26	0x313169	+0x243	dispatch	0xcdac7	310	0xb8556	0x1e8	0x162	0xb9	0xa483	0x543a	0xcd68	e8016201b90083a43a5468cdd0817305599acde80104b48b0ce80544a5607c99	prefix_32_of_579	0x4b8eb2de	0x7afe7fef	0x7b1c5e5e	0x727e02a8	-0x89e5bb6	0x3a	0x3a
1107	0x787fe407836d	310	0xb8556	0x313169	0x31334b	+0x1e2	dispatch	0xcdac7	169	0x9af18	0x1e8	0xa5	0x151	0x99e0	0x99	0x2580	e801a5005101e09999008025faf2b3bb03cc5ae801979b477a218516bad00004	prefix_32_of_482	0x7afe7fef	0xce4d8465	0x727e02a8	0x7f3e7f7b	+0xcc07cd3	0x3a	0x3a
1108	0x787fe407836d	169	0x9af18	0x31334b	0x3135b9	+0x26e	dispatch	0xcdac7	169	0x9af18	0xa5	0x1e8	0x40	0xa81d	0x99	0x620	a500e80140001da899002006e89ff41597541ce801ab9e2ac633af3ada4c1da9	prefix_32_of_622	0xce4d8465	0xc917a90d	0x7f3e7f7b	0xc917a90d	+0x49d92992	0x3a	0x3a
1109	0x787fe407836d	169	0x9af18	0x3135b9	0x3137fc	+0x243	dispatch	0xcdac7	310	0xb8556	0x162	0x1e8	0x40	0xa2bd	0x99	0x1b17	6201e8014000bda29900171bab6f0801d4e8014ab2d76ef4e32006be862314d7	prefix_32_of_579	0xc917a90d	0x8df97560	0xc917a90d	0x694cb90f	-0x5fcaeffe	0x3a	0x3a
1110	0x787fe407836d	310	0xb8556	0x3137fc	0x3139de	+0x1e2	dispatch	0xcdac7	310	0xb8556	0x1e8	0x162	0xa8	0x99	0xd0ce	0x339a	e8016201a8009900ced09a331c968809df4913e8013e1db47be2ab00a9a94eef	prefix_32_of_482	0x8df97560	0x4a612e32	0x694cb90f	0x5f8f8af3	-0x9bd2e1c	0x3a	0x3a
1111	0x787fe407836d	310	0xb8556	0x3139de	0x313c4c	+0x26e	dispatch	0xcdac7	169	0x9af18	0x1e8	0xa5	0x154	0x12ac	0x99	0x6160	e801a5005401ac12990060615dd8ca85aa86fae801e80522b455bce3a77dd306	prefix_32_of_622	0x4a612e32	0x8f70318b	0x5f8f8af3	0xfbfb8b3c	+0x9c6c0049	0x3a	0x3a
1112	0x787fe407836d	169	0x9af18	0x313c4c	0x313e8f	+0x243	dispatch	0xcdac7	169	0x9af18	0xab	0x1e8	0x14d	0xe973	0x99	0xe987	ab00e8014d0173e9990087e926178cfb71d638e8010b62f5e882fa050f99789a	prefix_32_of_579	0x8f70318b	0xfed1df96	0xfbfb8b3c	0x58a4dcd6	-0xa356ae66	0x3a	0x3a
1113	0x787fe407836d	169	0x9af18	0x313e8f	0x314071	+0x1e2	dispatch	0xcdac7	169	0x9af18	0x162	0x1e8	0x9d	0xd4ff	0x99	0x3390	6201e8019d00ffd49900903337b623a8e5df73e8019798477690393ef22f9bcb	prefix_32_of_482	0xfed1df96	0x4ac60206	0x58a4dcd6	0x5ee7d2fb	+0x642f625	0x3a	0x3a
1114	0x787fe407836d	169	0x9af18	0x314071	0x3142df	+0x26e	dispatch	0xcdac7	310	0xb8556	0x162	0x1e8	0xa8	0x99	0xd4b6	0x9fd6	6201e801a8009900b6d4d69fbcef4e5f09e8011cb697d66ed299928e413a85b4	prefix_32_of_622	0x4ac60206	0x861eb185	0x5ee7d2fb	0xdf95e7f4	+0x80ae14f9	0x3a	0x3a
1115	0x787fe407836d	310	0xb8556	0x3142df	0x314522	+0x243	dispatch	0xcdac7	310	0xb8556	0x1e8	0xab	0xd7	0xa88	0xd888	0x227d	e801ab00d700880a88d87d220b07a29900b00ee801c9569798eedb0f85a424a2	prefix_32_of_579	0x861eb185	0x34a042ea	0xdf95e7f4	0x3ce04eeb	-0xa2b59909	0x3a	0x3a
1116	0x787fe407836d	310	0xb8556	0x314522	0x314704	+0x1e2	dispatch	0xcdac7	310	0xb8556	0x1e8	0x162	0xcb	0x9a07	0x7635	0x1ca1	e8016201cb00079a3576a11c1587d000e463e6e801744fab006005408141e30a	prefix_32_of_482	0x34a042ea	0xfcdeff37	0x3ce04eeb	0xfcd60600	+0xbff5b715	0x3a	0x3a
1117	0x787fe407836d	310	0xb8556	0x314704	0x314972	+0x26e	dispatch	0xcdac7	169	0x9af18	0x1e8	0x162	0x133	0x553a	0xc4b4	0x9913	e801620133013a55b4c41399000f9926d6e801b4c893293a145770293fba3bd7	prefix_32_of_622	0xfcdeff37	0xf8eeff37	0xfcd60600	0xf8e60910	-0x3effcf0	0x3a	0x3a
1118	0x787fe407836d	169	0x9af18	0x314972	0x314bb5	+0x243	dispatch	0xcdac7	310	0xb8556	0xab	0x1e8	0x133	0xd3a	0x17b0	0x3590	ab00e80133013a0db017903576da52830d9d9ee801174b3aac16ab007e67bbcf	prefix_32_of_579	0xf8eeff37	0x62662dfb	0xf8e60910	0xbffcca14	-0x38e93efc	0x3a	0x3a
1119	0x787fe407836d	310	0xb8556	0x314bb5	0x314d97	+0x1e2	dispatch	0xcdac7	169	0x9af18	0x1e8	0xa5	0x154	0xec4	0x99	0xdaa	e801a5005401c40e9900aa0d3e77f80828c29ae801209b1de1b283cc41d0003c	prefix_32_of_482	0x62662dfb	0xfadf7f2d	0xbffcca14	0xf21b0800	+0x321e3dec	0x3a	0x3a
1120	0x787fe407836d	169	0x9af18	0x314d97	0x315005	+0x26e	dispatch	0xcdac7	310	0xb8556	0x162	0x1e8	0x154	0x1334	0x99	0x1060	6201e80154013413990060103a1468c6d70e38e801880ac47c15400b7ef3eb03	prefix_32_of_622	0xfadf7f2d	0xe34473c6	0xf21b0800	0xe74477c6	-0xad6903a	0x3a	0x3a
1121	0x787fe407836d	310	0xb8556	0x315005	0x31522f	+0x22a	dispatch	0xcdac7	310	0xb8556	0x1e8	0xab	0x2b	0x7ded	0x99	0x9d3a	e801ab002b00ed7d99003a9daf99001ceee5a3e801abfa76d8093db434706b58	prefix_32_of_554	0xe34473c6	0x69b0303a	0xe74477c6	0x69145e5a	-0x7e30196c	0x3a	0x3a
1122	0x787fe407836d	310	0xb8556	0x31522f	0x315486	+0x257	dispatch	0xcdac7	169	0x9af18	0x1e8	0xab	0xc7	0x4f47	0x2c3a	0xae89	e801ab00c700474f3a2c89ae01349650eb981ae801bbffdce71f77f3025db1c8	prefix_32_of_599	0x69b0303a	0x841ab3c5	0x69145e5a	0x841ab3c5	+0x1b06556b	0x3a	0x3a
1123	0x787fe407836d	169	0x9af18	0x315486	0x3156ca	+0x244	dispatch	0xcdac7	169	0x9af18	0xa5	0x1e8	0x12	0x620	0xdc3a	0xfca3	a500e801120020063adca3fce00d85dd41f69ae801e0a76a83e8bb0003922025	prefix_32_of_580	0x841ab3c5	0xf613f930	0x841ab3c5	0x3ffce85e	-0x441dcb67	0x3a	0x3a
1124	0x787fe407836d	169	0x9af18	0x3156ca	0x315969	+0x29f	dispatch	0xcdac7	169	0x9af18	0xab	0x1e8	0x9d	0xcf07	0x99	0xf9a4	ab00e8019d0007cf9900a4f90133438c86ac48e801f3e7ab00737721d5bfd52a	prefix_32_of_671	0xf613f930	0x2ab32381	0x3ffce85e	0x2af72783	-0x1505c0db	0x3a	0x3a
1125	0x787fe407836d	169	0x9af18	0x315969	0x315bbf	+0x256	dispatch	0xcdac7	169	0x9af18	0xab	0x1e8	0x129	0x1e31	0x8ee1	0x6ea2	ab00e8012901311ee18ea26eeb88cf9ecf06bee8010aaba3094961d69865e9dc	prefix_32_of_598	0x2ab32381	0x6e5d9892	0x2af72783	0x4000d60c	+0x1509ae89	0x3a	0x3a
1126	0x787fe407836d	169	0x9af18	0x315bbf	0x310ca5	-0x4f1a	dispatch	0xcdac7	310	0xb8556	0xab	0x1e8	0x10c	0x1c4a	0x63e6	0x5af	ab00e8010c014a1ce663af053cd2e4092be80199f5de2fb4dd1429a30a54917a	backedge_sample	0x6e5d9892	0x148226cc	0x4000d60c	0xffaffb65	+0xbfaf2559	0x3a	0x3a
1127	0x787fe407836d	310	0xb8556	0x310ca5	0x310ef0	+0x24b	dispatch	0xcdac7	310	0xb8556	0x1e8	0xa5	0xcb	0x9ebf	0x7635	0x390	e801a500cb00bf9e35769003042ba8fcee6d9ce801f7d8ab009003dc5941168f	prefix_32_of_587	0x148226cc	0x14100010	0xffaffb65	0x3f0612b2	-0xc0a9e8b3	0x3a	0x3a
1128	0x787fe407836d	310	0xb8556	0x310ef0	0x311163	+0x273	dispatch	0xcdac7	169	0x9af18	0x1e8	0x162	0x154	0xf7c	0x99	0x92e7	e801620154017c0f9900e792dc1375ac08b602e801bf8c2f019289f5a0fa7e69	prefix_32_of_627	0x14100010	0xc83095f0	0x3f0612b2	0x400110fe	+0xfafe4c	0x3a	0x3a
1129	0x787fe407836d	169	0x9af18	0x311163	0x3113a5	+0x242	dispatch	0xcdac7	169	0x9af18	0xa5	0x1e8	0x10c	0x1c4a	0x67ae	0x6b6	a500e8010c014a1cae67b6063aa56428d9e80129f1186774139007d64940f679	prefix_32_of_578	0xc83095f0	0x7adeff2e	0x400110fe	0x78de0800	+0x38dcf702	0x3a	0x3a
1130	0x787fe407836d	169	0x9af18	0x3113a5	0x3115e7	+0x242	dispatch	0xcdac7	310	0xb8556	0x162	0x1e8	0xbd	0x99	0xe914	0x26e8	6201e801bd00990014e9e826ba56639900de34e8017709ab00041dab006485b4	prefix_32_of_578	0x7adeff2e	0x2948	0x78de0800	0x2948	-0x78dddeb8	0x3a	0x3a
1131	0x787fe407836d	310	0xb8556	0x3115e7	0x311829	+0x242	dispatch	0xcdac7	169	0x9af18	0x1e8	0xa5	0x9d	0xd56f	0x99	0xad8	e801a5009d006fd59900d80a53f58761012fcee8011603b240666e6e27e60d3a	prefix_32_of_578	0x2948	0x3acddfde	0x2948	0x585c5c02	+0x585c32ba	0x3a	0x3a
1132	0x787fe407836d	169	0x9af18	0x311829	0x311a6b	+0x242	dispatch	0xcdac7	169	0x9af18	0xab	0x1e8	0x151	0x94f0	0x99	0xfcec	ab00e8015101f0949900ecfc8b0cd809e4e80111f8d746656b7dce813884ab00	prefix_32_of_578	0x3acddfde	0xef1b287	0x585c5c02	0x69145f5a	+0x10b80358	0x3a	0x3a
1133	0x787fe407836d	169	0x9af18	0x311a6b	0x311cad	+0x242	dispatch	0xcdac7	310	0xb8556	0xa5	0x1e8	0x72	0x64cb	0xac8c	0x620	a500e8017200cb648cac200648efdaf5e0bf18e8015f2dab001a531a84d8ab00	prefix_32_of_578	0xef1b287	0x524c03c5	0x69145f5a	0x7df7dfda	+0x14e38080	0x3a	0x3a
1134	0x787fe407836d	310	0xb8556	0x311cad	0x311f69	+0x2bc	dispatch	0xcdac7	310	0xb8556	0x1e8	0xa5	0x10c	0x1c4a	0x6c86	0x7438	e801a5000c014a1c866c38749900ba703aa3e6e801859db8ec9f9147b7bebdaa	prefix_32_of_700	0x524c03c5	0x8e78f1da	0x7df7dfda	0xeb377ffe	+0x6d3fa024	0x3a	0x3a
1135	0x787fe407836d	310	0xb8556	0x311f69	0x31223a	+0x2d1	dispatch	0xcdac7	310	0xb8556	0x1e8	0xa5	0x14d	0xe523	0x99	0xe367	e801a5004d0123e5990067e332d17995c6459ee801880a70a4781ff2ff90977e	prefix_32_of_721	0x8e78f1da	0x8e4e0de5	0xeb377ffe	0x7bd7fefb	-0x6f5f8103	0x3a	0x3a
1136	0x787fe407836d	310	0xb8556	0x31223a	0x312464	+0x22a	dispatch	0xcdac7	169	0x9af18	0x1e8	0xab	0x151	0x9568	0x99	0xae47	e801ab0051016895990047ae9900f3a03a2e3ae801d80a443786cf06c648acd7	prefix_32_of_554	0x8e4e0de5	0x347541db	0x7bd7fefb	0x69945ffa	-0x12439f01	0x3a	0x3a
1137	0x787fe407836d	169	0x9af18	0x312464	0x31268e	+0x22a	dispatch	0xcdac7	310	0xb8556	0xab	0x1e8	0x42	0x97f9	0x8b3a	0x99da	ab00e8014200f9973a8bda99009a299900e801e4734b803a09b993007451ab00	prefix_32_of_554	0x347541db	0x5675bb90	0x69945ffa	0xffc76ef9	+0x96330eff	0x3a	0x3a
1138	0x787fe407836d	310	0xb8556	0x31268e	0x312868	+0x1da	dispatch	0xcdac7	169	0x9af18	0x1e8	0x162	0x10c	0x1c4a	0x6576	0x4392	e80162010c014a1c76659243358b8809c82954e8014c0cab0058019c10f7f483	prefix_32_of_474	0x5675bb90	0x221c12	0xffc76ef9	0x3f06a742	-0xc0c0c7b7	0x3a	0x3a
1139	0x787fe407836d	169	0x9af18	0x312868	0x312aee	+0x286	dispatch	0xcdac7	169	0x9af18	0xab	0x1e8	0x12	0x5e8	0xae3a	0xb4a5	ab00e8011200e8053aaea5b4a2606756d86000e801d80a90778a7301aa4f8cd8	prefix_32_of_646	0x221c12	0x8e3c0ca2	0x3f06a742	0x6f95fefa	+0x308f57b8	0x3a	0x3a
1140	0x787fe407836d	169	0x9af18	0x312aee	0x312cd0	+0x1e2	dispatch	0xcdac7	169	0x9af18	0x162	0x1e8	0x9d	0xd4ff	0x99	0x3810	6201e8019d00ffd499001038377504acaadc9ee80188acfa117cde3f9f9f57fa	prefix_32_of_482	0x8e3c0ca2	0xfbf79ddb	0x6f95fefa	0xf9f3eb74	+0x8a5dec7a	0x3a	0x3a
1141	0x787fe407836d	169	0x9af18	0x312cd0	0x312f26	+0x256	dispatch	0xcdac7	310	0xb8556	0x162	0x1e8	0xbd	0x99	0xe964	0x860	6201e801bd00990064e96008f0890e712b581de8014b1ac6d48406bceffeed89	prefix_32_of_598	0xfbf79ddb	0x4b8eb2de	0xf9f3eb74	0x7b1c5e5e	-0x7ed78d16	0x3a	0x3a
1142	0x787fe407836d	310	0xb8556	0x312f26	0x313169	+0x243	dispatch	0xcdac7	310	0xb8556	0x1e8	0x162	0xb9	0xa483	0x543a	0xcd68	e8016201b90083a43a5468cdd0817305599acde80104b48b0ce80544a5607c99	prefix_32_of_579	0x4b8eb2de	0x7afe7fef	0x7b1c5e5e	0x727e02a8	-0x89e5bb6	0x3a	0x3a
1143	0x787fe407836d	310	0xb8556	0x313169	0x31334b	+0x1e2	dispatch	0xcdac7	169	0x9af18	0x1e8	0xa5	0x151	0x99e0	0x99	0x2580	e801a5005101e09999008025faf2b3bb03cc5ae801979b477a218516bad00004	prefix_32_of_482	0x7afe7fef	0xce4d8465	0x727e02a8	0x7f3e7f7b	+0xcc07cd3	0x3a	0x3a
1144	0x787fe407836d	169	0x9af18	0x31334b	0x3135b9	+0x26e	dispatch	0xcdac7	169	0x9af18	0xa5	0x1e8	0x40	0xa81d	0x99	0x620	a500e80140001da899002006e89ff41597541ce801ab9e2ac633af3ada4c1da9	prefix_32_of_622	0xce4d8465	0xc917a90d	0x7f3e7f7b	0xc917a90d	+0x49d92992	0x3a	0x3a
1145	0x787fe407836d	169	0x9af18	0x3135b9	0x3137fc	+0x243	dispatch	0xcdac7	310	0xb8556	0x162	0x1e8	0x40	0xa2bd	0x99	0x1b17	6201e8014000bda29900171bab6f0801d4e8014ab2d76ef4e32006be862314d7	prefix_32_of_579	0xc917a90d	0x8df97560	0xc917a90d	0x694cb90f	-0x5fcaeffe	0x3a	0x3a
1146	0x787fe407836d	310	0xb8556	0x3137fc	0x3139de	+0x1e2	dispatch	0xcdac7	310	0xb8556	0x1e8	0x162	0xa8	0x99	0xd0ce	0x339a	e8016201a8009900ced09a331c968809df4913e8013e1db47be2ab00a9a94eef	prefix_32_of_482	0x8df97560	0x4a612e32	0x694cb90f	0x5f8f8af3	-0x9bd2e1c	0x3a	0x3a
1147	0x787fe407836d	310	0xb8556	0x3139de	0x313c4c	+0x26e	dispatch	0xcdac7	169	0x9af18	0x1e8	0xa5	0x154	0x12ac	0x99	0x6160	e801a5005401ac12990060615dd8ca85aa86fae801e80522b455bce3a77dd306	prefix_32_of_622	0x4a612e32	0x8f70318b	0x5f8f8af3	0xfbfb8b3c	+0x9c6c0049	0x3a	0x3a
1148	0x787fe407836d	169	0x9af18	0x313c4c	0x313e8f	+0x243	dispatch	0xcdac7	169	0x9af18	0xab	0x1e8	0x14d	0xe973	0x99	0xe987	ab00e8014d0173e9990087e926178cfb71d638e8010b62f5e882fa050f99789a	prefix_32_of_579	0x8f70318b	0xfed1df96	0xfbfb8b3c	0x58a4dcd6	-0xa356ae66	0x3a	0x3a
1149	0x787fe407836d	169	0x9af18	0x313e8f	0x314071	+0x1e2	dispatch	0xcdac7	169	0x9af18	0x162	0x1e8	0x9d	0xd4ff	0x99	0x3390	6201e8019d00ffd49900903337b623a8e5df73e8019798477690393ef22f9bcb	prefix_32_of_482	0xfed1df96	0x4ac60206	0x58a4dcd6	0x5ee7d2fb	+0x642f625	0x3a	0x3a
1150	0x787fe407836d	169	0x9af18	0x314071	0x3142df	+0x26e	dispatch	0xcdac7	310	0xb8556	0x162	0x1e8	0xa8	0x99	0xd4b6	0x9fd6	6201e801a8009900b6d4d69fbcef4e5f09e8011cb697d66ed299928e413a85b4	prefix_32_of_622	0x4ac60206	0x861eb185	0x5ee7d2fb	0xdf95e7f4	+0x80ae14f9	0x3a	0x3a
1151	0x787fe407836d	310	0xb8556	0x3142df	0x314522	+0x243	dispatch	0xcdac7	310	0xb8556	0x1e8	0xab	0xd7	0xa88	0xd888	0x227d	e801ab00d700880a88d87d220b07a29900b00ee801c9569798eedb0f85a424a2	prefix_32_of_579	0x861eb185	0x34a042ea	0xdf95e7f4	0x3ce04eeb	-0xa2b59909	0x3a	0x3a
1152	0x787fe407836d	310	0xb8556	0x314522	0x314704	+0x1e2	dispatch	0xcdac7	310	0xb8556	0x1e8	0x162	0xcb	0x9a07	0x7635	0x1ca1	e8016201cb00079a3576a11c1587d000e463e6e801744fab006005408141e30a	prefix_32_of_482	0x34a042ea	0xfcdeff37	0x3ce04eeb	0xfcd60600	+0xbff5b715	0x3a	0x3a
1153	0x787fe407836d	310	0xb8556	0x314704	0x314972	+0x26e	dispatch	0xcdac7	169	0x9af18	0x1e8	0x162	0x133	0x553a	0xc4b4	0x9913	e801620133013a55b4c41399000f9926d6e801b4c893293a145770293fba3bd7	prefix_32_of_622	0xfcdeff37	0xf8eeff37	0xfcd60600	0xf8e60910	-0x3effcf0	0x3a	0x3a
1154	0x787fe407836d	169	0x9af18	0x314972	0x314bb5	+0x243	dispatch	0xcdac7	310	0xb8556	0xab	0x1e8	0x133	0xd3a	0x17b0	0x3590	ab00e80133013a0db017903576da52830d9d9ee801174b3aac16ab007e67bbcf	prefix_32_of_579	0xf8eeff37	0x62662dfb	0xf8e60910	0xbffcca14	-0x38e93efc	0x3a	0x3a
1155	0x787fe407836d	310	0xb8556	0x314bb5	0x314d97	+0x1e2	dispatch	0xcdac7	169	0x9af18	0x1e8	0xa5	0x154	0xec4	0x99	0xdaa	e801a5005401c40e9900aa0d3e77f80828c29ae801209b1de1b283cc41d0003c	prefix_32_of_482	0x62662dfb	0xfadf7f2d	0xbffcca14	0xf21b0800	+0x321e3dec	0x3a	0x3a
1156	0x787fe407836d	169	0x9af18	0x314d97	0x315005	+0x26e	dispatch	0xcdac7	310	0xb8556	0x162	0x1e8	0x154	0x1334	0x99	0x1060	6201e80154013413990060103a1468c6d70e38e801880ac47c15400b7ef3eb03	prefix_32_of_622	0xfadf7f2d	0xe34473c6	0xf21b0800	0xe74477c6	-0xad6903a	0x3a	0x3a
1157	0x787fe407836d	310	0xb8556	0x315005	0x31522f	+0x22a	dispatch	0xcdac7	310	0xb8556	0x1e8	0xab	0x2b	0x7ded	0x99	0x9d3a	e801ab002b00ed7d99003a9daf99001ceee5a3e801abfa76d8093db434706b58	prefix_32_of_554	0xe34473c6	0x69b0303a	0xe74477c6	0x69145e5a	-0x7e30196c	0x3a	0x3a
1158	0x787fe407836d	310	0xb8556	0x31522f	0x315486	+0x257	dispatch	0xcdac7	169	0x9af18	0x1e8	0xab	0xc7	0x4f47	0x2c3a	0xae89	e801ab00c700474f3a2c89ae01349650eb981ae801bbffdce71f77f3025db1c8	prefix_32_of_599	0x69b0303a	0x841ab3c5	0x69145e5a	0x841ab3c5	+0x1b06556b	0x3a	0x3a
1159	0x787fe407836d	169	0x9af18	0x315486	0x3156ca	+0x244	dispatch	0xcdac7	169	0x9af18	0xa5	0x1e8	0x12	0x620	0xdc3a	0xfca3	a500e801120020063adca3fce00d85dd41f69ae801e0a76a83e8bb0003922025	prefix_32_of_580	0x841ab3c5	0xf613f930	0x841ab3c5	0x3ffce85e	-0x441dcb67	0x3a	0x3a
1160	0x787fe407836d	169	0x9af18	0x3156ca	0x315969	+0x29f	dispatch	0xcdac7	169	0x9af18	0xab	0x1e8	0x9d	0xcf07	0x99	0xf9a4	ab00e8019d0007cf9900a4f90133438c86ac48e801f3e7ab00737721d5bfd52a	prefix_32_of_671	0xf613f930	0x2ab32381	0x3ffce85e	0x2af72783	-0x1505c0db	0x3a	0x3a
1161	0x787fe407836d	169	0x9af18	0x315969	0x315bbf	+0x256	dispatch	0xcdac7	169	0x9af18	0xab	0x1e8	0x129	0x1e31	0x8ee1	0x6ea2	ab00e8012901311ee18ea26eeb88cf9ecf06bee8010aaba3094961d69865e9dc	prefix_32_of_598	0x2ab32381	0x6e5d9892	0x2af72783	0x4000d60c	+0x1509ae89	0x3a	0x3a
1162	0x787fe407836d	169	0x9af18	0x315bbf	0x310ca5	-0x4f1a	dispatch	0xcdac7	310	0xb8556	0xab	0x1e8	0x10c	0x1c4a	0x63e6	0x5af	ab00e8010c014a1ce663af053cd2e4092be80199f5de2fb4dd1429a30a54917a	backedge_sample	0x6e5d9892	0x148226cc	0x4000d60c	0xffaffb65	+0xbfaf2559	0x3a	0x3a
1163	0x787fe407836d	310	0xb8556	0x310ca5	0x310ef0	+0x24b	dispatch	0xcdac7	310	0xb8556	0x1e8	0xa5	0xcb	0x9ebf	0x7635	0x390	e801a500cb00bf9e35769003042ba8fcee6d9ce801f7d8ab009003dc5941168f	prefix_32_of_587	0x148226cc	0x14100010	0xffaffb65	0x3f0612b2	-0xc0a9e8b3	0x3a	0x3a
1164	0x787fe407836d	310	0xb8556	0x310ef0	0x311163	+0x273	dispatch	0xcdac7	169	0x9af18	0x1e8	0x162	0x154	0xf7c	0x99	0x92e7	e801620154017c0f9900e792dc1375ac08b602e801bf8c2f019289f5a0fa7e69	prefix_32_of_627	0x14100010	0xc83095f0	0x3f0612b2	0x400110fe	+0xfafe4c	0x3a	0x3a
1165	0x787fe407836d	169	0x9af18	0x311163	0x3113a5	+0x242	dispatch	0xcdac7	169	0x9af18	0xa5	0x1e8	0x10c	0x1c4a	0x67ae	0x6b6	a500e8010c014a1cae67b6063aa56428d9e80129f1186774139007d64940f679	prefix_32_of_578	0xc83095f0	0x7adeff2e	0x400110fe	0x78de0800	+0x38dcf702	0x3a	0x3a
1166	0x787fe407836d	169	0x9af18	0x3113a5	0x3115e7	+0x242	dispatch	0xcdac7	310	0xb8556	0x162	0x1e8	0xbd	0x99	0xe914	0x26e8	6201e801bd00990014e9e826ba56639900de34e8017709ab00041dab006485b4	prefix_32_of_578	0x7adeff2e	0x2948	0x78de0800	0x2948	-0x78dddeb8	0x3a	0x3a
1167	0x787fe407836d	310	0xb8556	0x3115e7	0x311829	+0x242	dispatch	0xcdac7	169	0x9af18	0x1e8	0xa5	0x9d	0xd56f	0x99	0xad8	e801a5009d006fd59900d80a53f58761012fcee8011603b240666e6e27e60d3a	prefix_32_of_578	0x2948	0x3acddfde	0x2948	0x585c5c02	+0x585c32ba	0x3a	0x3a
1168	0x787fe407836d	169	0x9af18	0x311829	0x311a6b	+0x242	dispatch	0xcdac7	169	0x9af18	0xab	0x1e8	0x151	0x94f0	0x99	0xfcec	ab00e8015101f0949900ecfc8b0cd809e4e80111f8d746656b7dce813884ab00	prefix_32_of_578	0x3acddfde	0xef1b287	0x585c5c02	0x69145f5a	+0x10b80358	0x3a	0x3a
1169	0x787fe407836d	169	0x9af18	0x311a6b	0x311cad	+0x242	dispatch	0xcdac7	310	0xb8556	0xa5	0x1e8	0x72	0x64cb	0xac8c	0x620	a500e8017200cb648cac200648efdaf5e0bf18e8015f2dab001a531a84d8ab00	prefix_32_of_578	0xef1b287	0x524c03c5	0x69145f5a	0x7df7dfda	+0x14e38080	0x3a	0x3a
1170	0x787fe407836d	310	0xb8556	0x311cad	0x311f69	+0x2bc	dispatch	0xcdac7	310	0xb8556	0x1e8	0xa5	0x10c	0x1c4a	0x6c86	0x7438	e801a5000c014a1c866c38749900ba703aa3e6e801859db8ec9f9147b7bebdaa	prefix_32_of_700	0x524c03c5	0x8e78f1da	0x7df7dfda	0xeb377ffe	+0x6d3fa024	0x3a	0x3a
1171	0x787fe407836d	310	0xb8556	0x311f69	0x31223a	+0x2d1	dispatch	0xcdac7	310	0xb8556	0x1e8	0xa5	0x14d	0xe523	0x99	0xe367	e801a5004d0123e5990067e332d17995c6459ee801880a70a4781ff2ff90977e	prefix_32_of_721	0x8e78f1da	0x8e4e0de5	0xeb377ffe	0x7bd7fefb	-0x6f5f8103	0x3a	0x3a
1172	0x787fe407836d	310	0xb8556	0x31223a	0x312464	+0x22a	dispatch	0xcdac7	169	0x9af18	0x1e8	0xab	0x151	0x9568	0x99	0xae47	e801ab0051016895990047ae9900f3a03a2e3ae801d80a443786cf06c648acd7	prefix_32_of_554	0x8e4e0de5	0x347541db	0x7bd7fefb	0x69945ffa	-0x12439f01	0x3a	0x3a
1173	0x787fe407836d	169	0x9af18	0x312464	0x31268e	+0x22a	dispatch	0xcdac7	310	0xb8556	0xab	0x1e8	0x42	0x97f9	0x8b3a	0x99da	ab00e8014200f9973a8bda99009a299900e801e4734b803a09b993007451ab00	prefix_32_of_554	0x347541db	0x5675bb90	0x69945ffa	0xffc76ef9	+0x96330eff	0x3a	0x3a
1174	0x787fe407836d	310	0xb8556	0x31268e	0x312868	+0x1da	dispatch	0xcdac7	169	0x9af18	0x1e8	0x162	0x10c	0x1c4a	0x6576	0x4392	e80162010c014a1c76659243358b8809c82954e8014c0cab0058019c10f7f483	prefix_32_of_474	0x5675bb90	0x221c12	0xffc76ef9	0x3f06a742	-0xc0c0c7b7	0x3a	0x3a
1175	0x787fe407836d	169	0x9af18	0x312868	0x312aee	+0x286	dispatch	0xcdac7	169	0x9af18	0xab	0x1e8	0x12	0x5e8	0xae3a	0xb4a5	ab00e8011200e8053aaea5b4a2606756d86000e801d80a90778a7301aa4f8cd8	prefix_32_of_646	0x221c12	0x8e3c0ca2	0x3f06a742	0x6f95fefa	+0x308f57b8	0x3a	0x3a
1176	0x787fe407836d	169	0x9af18	0x312aee	0x312cd0	+0x1e2	dispatch	0xcdac7	169	0x9af18	0x162	0x1e8	0x9d	0xd4ff	0x99	0x3810	6201e8019d00ffd499001038377504acaadc9ee80188acfa117cde3f9f9f57fa	prefix_32_of_482	0x8e3c0ca2	0xfbf79ddb	0x6f95fefa	0xf9f3eb74	+0x8a5dec7a	0x3a	0x3a
1177	0x787fe407836d	169	0x9af18	0x312cd0	0x312f26	+0x256	dispatch	0xcdac7	310	0xb8556	0x162	0x1e8	0xbd	0x99	0xe964	0x860	6201e801bd00990064e96008f0890e712b581de8014b1ac6d48406bceffeed89	prefix_32_of_598	0xfbf79ddb	0x4b8eb2de	0xf9f3eb74	0x7b1c5e5e	-0x7ed78d16	0x3a	0x3a
1178	0x787fe407836d	310	0xb8556	0x312f26	0x313169	+0x243	dispatch	0xcdac7	310	0xb8556	0x1e8	0x162	0xb9	0xa483	0x543a	0xcd68	e8016201b90083a43a5468cdd0817305599acde80104b48b0ce80544a5607c99	prefix_32_of_579	0x4b8eb2de	0x7afe7fef	0x7b1c5e5e	0x727e02a8	-0x89e5bb6	0x3a	0x3a
1179	0x787fe407836d	310	0xb8556	0x313169	0x31334b	+0x1e2	dispatch	0xcdac7	169	0x9af18	0x1e8	0xa5	0x151	0x99e0	0x99	0x2580	e801a5005101e09999008025faf2b3bb03cc5ae801979b477a218516bad00004	prefix_32_of_482	0x7afe7fef	0xce4d8465	0x727e02a8	0x7f3e7f7b	+0xcc07cd3	0x3a	0x3a
1180	0x787fe407836d	169	0x9af18	0x31334b	0x3135b9	+0x26e	dispatch	0xcdac7	169	0x9af18	0xa5	0x1e8	0x40	0xa81d	0x99	0x620	a500e80140001da899002006e89ff41597541ce801ab9e2ac633af3ada4c1da9	prefix_32_of_622	0xce4d8465	0xc917a90d	0x7f3e7f7b	0xc917a90d	+0x49d92992	0x3a	0x3a
1181	0x787fe407836d	169	0x9af18	0x3135b9	0x3137fc	+0x243	dispatch	0xcdac7	310	0xb8556	0x162	0x1e8	0x40	0xa2bd	0x99	0x1b17	6201e8014000bda29900171bab6f0801d4e8014ab2d76ef4e32006be862314d7	prefix_32_of_579	0xc917a90d	0x8df97560	0xc917a90d	0x694cb90f	-0x5fcaeffe	0x3a	0x3a
1182	0x787fe407836d	310	0xb8556	0x3137fc	0x3139de	+0x1e2	dispatch	0xcdac7	310	0xb8556	0x1e8	0x162	0xa8	0x99	0xd0ce	0x339a	e8016201a8009900ced09a331c968809df4913e8013e1db47be2ab00a9a94eef	prefix_32_of_482	0x8df97560	0x4a612e32	0x694cb90f	0x5f8f8af3	-0x9bd2e1c	0x3a	0x3a
1183	0x787fe407836d	310	0xb8556	0x3139de	0x313c4c	+0x26e	dispatch	0xcdac7	169	0x9af18	0x1e8	0xa5	0x154	0x12ac	0x99	0x6160	e801a5005401ac12990060615dd8ca85aa86fae801e80522b455bce3a77dd306	prefix_32_of_622	0x4a612e32	0x8f70318b	0x5f8f8af3	0xfbfb8b3c	+0x9c6c0049	0x3a	0x3a
1184	0x787fe407836d	169	0x9af18	0x313c4c	0x313e8f	+0x243	dispatch	0xcdac7	169	0x9af18	0xab	0x1e8	0x14d	0xe973	0x99	0xe987	ab00e8014d0173e9990087e926178cfb71d638e8010b62f5e882fa050f99789a	prefix_32_of_579	0x8f70318b	0xfed1df96	0xfbfb8b3c	0x58a4dcd6	-0xa356ae66	0x3a	0x3a
1185	0x787fe407836d	169	0x9af18	0x313e8f	0x314071	+0x1e2	dispatch	0xcdac7	169	0x9af18	0x162	0x1e8	0x9d	0xd4ff	0x99	0x3390	6201e8019d00ffd49900903337b623a8e5df73e8019798477690393ef22f9bcb	prefix_32_of_482	0xfed1df96	0x4ac60206	0x58a4dcd6	0x5ee7d2fb	+0x642f625	0x3a	0x3a
1186	0x787fe407836d	169	0x9af18	0x314071	0x3142df	+0x26e	dispatch	0xcdac7	310	0xb8556	0x162	0x1e8	0xa8	0x99	0xd4b6	0x9fd6	6201e801a8009900b6d4d69fbcef4e5f09e8011cb697d66ed299928e413a85b4	prefix_32_of_622	0x4ac60206	0x861eb185	0x5ee7d2fb	0xdf95e7f4	+0x80ae14f9	0x3a	0x3a
1187	0x787fe407836d	310	0xb8556	0x3142df	0x314522	+0x243	dispatch	0xcdac7	310	0xb8556	0x1e8	0xab	0xd7	0xa88	0xd888	0x227d	e801ab00d700880a88d87d220b07a29900b00ee801c9569798eedb0f85a424a2	prefix_32_of_579	0x861eb185	0x34a042ea	0xdf95e7f4	0x3ce04eeb	-0xa2b59909	0x3a	0x3a
1188	0x787fe407836d	310	0xb8556	0x314522	0x314704	+0x1e2	dispatch	0xcdac7	310	0xb8556	0x1e8	0x162	0xcb	0x9a07	0x7635	0x1ca1	e8016201cb00079a3576a11c1587d000e463e6e801744fab006005408141e30a	prefix_32_of_482	0x34a042ea	0xfcdeff37	0x3ce04eeb	0xfcd60600	+0xbff5b715	0x3a	0x3a
1189	0x787fe407836d	310	0xb8556	0x314704	0x314972	+0x26e	dispatch	0xcdac7	169	0x9af18	0x1e8	0x162	0x133	0x553a	0xc4b4	0x9913	e801620133013a55b4c41399000f9926d6e801b4c893293a145770293fba3bd7	prefix_32_of_622	0xfcdeff37	0xf8eeff37	0xfcd60600	0xf8e60910	-0x3effcf0	0x3a	0x3a
1190	0x787fe407836d	169	0x9af18	0x314972	0x314bb5	+0x243	dispatch	0xcdac7	310	0xb8556	0xab	0x1e8	0x133	0xd3a	0x17b0	0x3590	ab00e80133013a0db017903576da52830d9d9ee801174b3aac16ab007e67bbcf	prefix_32_of_579	0xf8eeff37	0x62662dfb	0xf8e60910	0xbffcca14	-0x38e93efc	0x3a	0x3a
1191	0x787fe407836d	310	0xb8556	0x314bb5	0x314d97	+0x1e2	dispatch	0xcdac7	169	0x9af18	0x1e8	0xa5	0x154	0xec4	0x99	0xdaa	e801a5005401c40e9900aa0d3e77f80828c29ae801209b1de1b283cc41d0003c	prefix_32_of_482	0x62662dfb	0xfadf7f2d	0xbffcca14	0xf21b0800	+0x321e3dec	0x3a	0x3a
1192	0x787fe407836d	169	0x9af18	0x314d97	0x315005	+0x26e	dispatch	0xcdac7	310	0xb8556	0x162	0x1e8	0x154	0x1334	0x99	0x1060	6201e80154013413990060103a1468c6d70e38e801880ac47c15400b7ef3eb03	prefix_32_of_622	0xfadf7f2d	0xe34473c6	0xf21b0800	0xe74477c6	-0xad6903a	0x3a	0x3a
1193	0x787fe407836d	310	0xb8556	0x315005	0x31522f	+0x22a	dispatch	0xcdac7	310	0xb8556	0x1e8	0xab	0x2b	0x7ded	0x99	0x9d3a	e801ab002b00ed7d99003a9daf99001ceee5a3e801abfa76d8093db434706b58	prefix_32_of_554	0xe34473c6	0x69b0303a	0xe74477c6	0x69145e5a	-0x7e30196c	0x3a	0x3a
1194	0x787fe407836d	310	0xb8556	0x31522f	0x315486	+0x257	dispatch	0xcdac7	169	0x9af18	0x1e8	0xab	0xc7	0x4f47	0x2c3a	0xae89	e801ab00c700474f3a2c89ae01349650eb981ae801bbffdce71f77f3025db1c8	prefix_32_of_599	0x69b0303a	0x841ab3c5	0x69145e5a	0x841ab3c5	+0x1b06556b	0x3a	0x3a
1195	0x787fe407836d	169	0x9af18	0x315486	0x3156ca	+0x244	dispatch	0xcdac7	169	0x9af18	0xa5	0x1e8	0x12	0x620	0xdc3a	0xfca3	a500e801120020063adca3fce00d85dd41f69ae801e0a76a83e8bb0003922025	prefix_32_of_580	0x841ab3c5	0xf613f930	0x841ab3c5	0x3ffce85e	-0x441dcb67	0x3a	0x3a
1196	0x787fe407836d	169	0x9af18	0x3156ca	0x315969	+0x29f	dispatch	0xcdac7	169	0x9af18	0xab	0x1e8	0x9d	0xcf07	0x99	0xf9a4	ab00e8019d0007cf9900a4f90133438c86ac48e801f3e7ab00737721d5bfd52a	prefix_32_of_671	0xf613f930	0x2ab32381	0x3ffce85e	0x2af72783	-0x1505c0db	0x3a	0x3a
1197	0x787fe407836d	169	0x9af18	0x315969	0x315bbf	+0x256	dispatch	0xcdac7	169	0x9af18	0xab	0x1e8	0x129	0x1e31	0x8ee1	0x6ea2	ab00e8012901311ee18ea26eeb88cf9ecf06bee8010aaba3094961d69865e9dc	prefix_32_of_598	0x2ab32381	0x6e5d9892	0x2af72783	0x4000d60c	+0x1509ae89	0x3a	0x3a
1198	0x787fe407836d	169	0x9af18	0x315bbf	0x310ca5	-0x4f1a	dispatch	0xcdac7	310	0xb8556	0xab	0x1e8	0x10c	0x1c4a	0x63e6	0x5af	ab00e8010c014a1ce663af053cd2e4092be80199f5de2fb4dd1429a30a54917a	backedge_sample	0x6e5d9892	0x148226cc	0x4000d60c	0xffaffb65	+0xbfaf2559	0x3a	0x3a
1199	0x787fe407836d	310	0xb8556	0x310ca5	0x310ef0	+0x24b	dispatch	0xcdac7	310	0xb8556	0x1e8	0xa5	0xcb	0x9ebf	0x7635	0x390	e801a500cb00bf9e35769003042ba8fcee6d9ce801f7d8ab009003dc5941168f	prefix_32_of_587	0x148226cc	0x14100010	0xffaffb65	0x3f0612b2	-0xc0a9e8b3	0x3a	0x3a
1200	0x787fe407836d	310	0xb8556	0x310ef0	0x311163	+0x273	dispatch	0xcdac7	169	0x9af18	0x1e8	0x162	0x154	0xf7c	0x99	0x92e7	e801620154017c0f9900e792dc1375ac08b602e801bf8c2f019289f5a0fa7e69	prefix_32_of_627	0x14100010	0xc83095f0	0x3f0612b2	0x400110fe	+0xfafe4c	0x3a	0x3a
1201	0x787fe407836d	169	0x9af18	0x311163	0x3113a5	+0x242	dispatch	0xcdac7	169	0x9af18	0xa5	0x1e8	0x10c	0x1c4a	0x67ae	0x6b6	a500e8010c014a1cae67b6063aa56428d9e80129f1186774139007d64940f679	prefix_32_of_578	0xc83095f0	0x7adeff2e	0x400110fe	0x78de0800	+0x38dcf702	0x3a	0x3a
1202	0x787fe407836d	169	0x9af18	0x3113a5	0x3115e7	+0x242	dispatch	0xcdac7	310	0xb8556	0x162	0x1e8	0xbd	0x99	0xe914	0x26e8	6201e801bd00990014e9e826ba56639900de34e8017709ab00041dab006485b4	prefix_32_of_578	0x7adeff2e	0x2948	0x78de0800	0x2948	-0x78dddeb8	0x3a	0x3a
1203	0x787fe407836d	310	0xb8556	0x3115e7	0x311829	+0x242	dispatch	0xcdac7	169	0x9af18	0x1e8	0xa5	0x9d	0xd56f	0x99	0xad8	e801a5009d006fd59900d80a53f58761012fcee8011603b240666e6e27e60d3a	prefix_32_of_578	0x2948	0x3acddfde	0x2948	0x585c5c02	+0x585c32ba	0x3a	0x3a
1204	0x787fe407836d	169	0x9af18	0x311829	0x311a6b	+0x242	dispatch	0xcdac7	169	0x9af18	0xab	0x1e8	0x151	0x94f0	0x99	0xfcec	ab00e8015101f0949900ecfc8b0cd809e4e80111f8d746656b7dce813884ab00	prefix_32_of_578	0x3acddfde	0xef1b287	0x585c5c02	0x69145f5a	+0x10b80358	0x3a	0x3a
1205	0x787fe407836d	169	0x9af18	0x311a6b	0x311cad	+0x242	dispatch	0xcdac7	310	0xb8556	0xa5	0x1e8	0x72	0x64cb	0xac8c	0x620	a500e8017200cb648cac200648efdaf5e0bf18e8015f2dab001a531a84d8ab00	prefix_32_of_578	0xef1b287	0x524c03c5	0x69145f5a	0x7df7dfda	+0x14e38080	0x3a	0x3a
1206	0x787fe407836d	310	0xb8556	0x311cad	0x311f69	+0x2bc	dispatch	0xcdac7	310	0xb8556	0x1e8	0xa5	0x10c	0x1c4a	0x6c86	0x7438	e801a5000c014a1c866c38749900ba703aa3e6e801859db8ec9f9147b7bebdaa	prefix_32_of_700	0x524c03c5	0x8e78f1da	0x7df7dfda	0xeb377ffe	+0x6d3fa024	0x3a	0x3a
1207	0x787fe407836d	310	0xb8556	0x311f69	0x31223a	+0x2d1	dispatch	0xcdac7	310	0xb8556	0x1e8	0xa5	0x14d	0xe523	0x99	0xe367	e801a5004d0123e5990067e332d17995c6459ee801880a70a4781ff2ff90977e	prefix_32_of_721	0x8e78f1da	0x8e4e0de5	0xeb377ffe	0x7bd7fefb	-0x6f5f8103	0x3a	0x3a
1208	0x787fe407836d	310	0xb8556	0x31223a	0x312464	+0x22a	dispatch	0xcdac7	169	0x9af18	0x1e8	0xab	0x151	0x9568	0x99	0xae47	e801ab0051016895990047ae9900f3a03a2e3ae801d80a443786cf06c648acd7	prefix_32_of_554	0x8e4e0de5	0x347541db	0x7bd7fefb	0x69945ffa	-0x12439f01	0x3a	0x3a
1209	0x787fe407836d	169	0x9af18	0x312464	0x31268e	+0x22a	dispatch	0xcdac7	310	0xb8556	0xab	0x1e8	0x42	0x97f9	0x8b3a	0x99da	ab00e8014200f9973a8bda99009a299900e801e4734b803a09b993007451ab00	prefix_32_of_554	0x347541db	0x5675bb90	0x69945ffa	0xffc76ef9	+0x96330eff	0x3a	0x3a
1210	0x787fe407836d	310	0xb8556	0x31268e	0x312868	+0x1da	dispatch	0xcdac7	169	0x9af18	0x1e8	0x162	0x10c	0x1c4a	0x6576	0x4392	e80162010c014a1c76659243358b8809c82954e8014c0cab0058019c10f7f483	prefix_32_of_474	0x5675bb90	0x221c12	0xffc76ef9	0x3f06a742	-0xc0c0c7b7	0x3a	0x3a
1211	0x787fe407836d	169	0x9af18	0x312868	0x312aee	+0x286	dispatch	0xcdac7	169	0x9af18	0xab	0x1e8	0x12	0x5e8	0xae3a	0xb4a5	ab00e8011200e8053aaea5b4a2606756d86000e801d80a90778a7301aa4f8cd8	prefix_32_of_646	0x221c12	0x8e3c0ca2	0x3f06a742	0x6f95fefa	+0x308f57b8	0x3a	0x3a
1212	0x787fe407836d	169	0x9af18	0x312aee	0x312cd0	+0x1e2	dispatch	0xcdac7	169	0x9af18	0x162	0x1e8	0x9d	0xd4ff	0x99	0x3810	6201e8019d00ffd499001038377504acaadc9ee80188acfa117cde3f9f9f57fa	prefix_32_of_482	0x8e3c0ca2	0xfbf79ddb	0x6f95fefa	0xf9f3eb74	+0x8a5dec7a	0x3a	0x3a
1213	0x787fe407836d	169	0x9af18	0x312cd0	0x312f26	+0x256	dispatch	0xcdac7	310	0xb8556	0x162	0x1e8	0xbd	0x99	0xe964	0x860	6201e801bd00990064e96008f0890e712b581de8014b1ac6d48406bceffeed89	prefix_32_of_598	0xfbf79ddb	0x4b8eb2de	0xf9f3eb74	0x7b1c5e5e	-0x7ed78d16	0x3a	0x3a
1214	0x787fe407836d	310	0xb8556	0x312f26	0x313169	+0x243	dispatch	0xcdac7	310	0xb8556	0x1e8	0x162	0xb9	0xa483	0x543a	0xcd68	e8016201b90083a43a5468cdd0817305599acde80104b48b0ce80544a5607c99	prefix_32_of_579	0x4b8eb2de	0x7afe7fef	0x7b1c5e5e	0x727e02a8	-0x89e5bb6	0x3a	0x3a
1215	0x787fe407836d	310	0xb8556	0x313169	0x31334b	+0x1e2	dispatch	0xcdac7	169	0x9af18	0x1e8	0xa5	0x151	0x99e0	0x99	0x2580	e801a5005101e09999008025faf2b3bb03cc5ae801979b477a218516bad00004	prefix_32_of_482	0x7afe7fef	0xce4d8465	0x727e02a8	0x7f3e7f7b	+0xcc07cd3	0x3a	0x3a
1216	0x787fe407836d	169	0x9af18	0x31334b	0x3135b9	+0x26e	dispatch	0xcdac7	169	0x9af18	0xa5	0x1e8	0x40	0xa81d	0x99	0x620	a500e80140001da899002006e89ff41597541ce801ab9e2ac633af3ada4c1da9	prefix_32_of_622	0xce4d8465	0xc917a90d	0x7f3e7f7b	0xc917a90d	+0x49d92992	0x3a	0x3a
1217	0x787fe407836d	169	0x9af18	0x3135b9	0x3137fc	+0x243	dispatch	0xcdac7	310	0xb8556	0x162	0x1e8	0x40	0xa2bd	0x99	0x1b17	6201e8014000bda29900171bab6f0801d4e8014ab2d76ef4e32006be862314d7	prefix_32_of_579	0xc917a90d	0x8df97560	0xc917a90d	0x694cb90f	-0x5fcaeffe	0x3a	0x3a
1218	0x787fe407836d	310	0xb8556	0x3137fc	0x3139de	+0x1e2	dispatch	0xcdac7	310	0xb8556	0x1e8	0x162	0xa8	0x99	0xd0ce	0x339a	e8016201a8009900ced09a331c968809df4913e8013e1db47be2ab00a9a94eef	prefix_32_of_482	0x8df97560	0x4a612e32	0x694cb90f	0x5f8f8af3	-0x9bd2e1c	0x3a	0x3a
1219	0x787fe407836d	310	0xb8556	0x3139de	0x313c4c	+0x26e	dispatch	0xcdac7	169	0x9af18	0x1e8	0xa5	0x154	0x12ac	0x99	0x6160	e801a5005401ac12990060615dd8ca85aa86fae801e80522b455bce3a77dd306	prefix_32_of_622	0x4a612e32	0x8f70318b	0x5f8f8af3	0xfbfb8b3c	+0x9c6c0049	0x3a	0x3a
1220	0x787fe407836d	169	0x9af18	0x313c4c	0x313e8f	+0x243	dispatch	0xcdac7	169	0x9af18	0xab	0x1e8	0x14d	0xe973	0x99	0xe987	ab00e8014d0173e9990087e926178cfb71d638e8010b62f5e882fa050f99789a	prefix_32_of_579	0x8f70318b	0xfed1df96	0xfbfb8b3c	0x58a4dcd6	-0xa356ae66	0x3a	0x3a
1221	0x787fe407836d	169	0x9af18	0x313e8f	0x314071	+0x1e2	dispatch	0xcdac7	169	0x9af18	0x162	0x1e8	0x9d	0xd4ff	0x99	0x3390	6201e8019d00ffd49900903337b623a8e5df73e8019798477690393ef22f9bcb	prefix_32_of_482	0xfed1df96	0x4ac60206	0x58a4dcd6	0x5ee7d2fb	+0x642f625	0x3a	0x3a
1222	0x787fe407836d	169	0x9af18	0x314071	0x3142df	+0x26e	dispatch	0xcdac7	310	0xb8556	0x162	0x1e8	0xa8	0x99	0xd4b6	0x9fd6	6201e801a8009900b6d4d69fbcef4e5f09e8011cb697d66ed299928e413a85b4	prefix_32_of_622	0x4ac60206	0x861eb185	0x5ee7d2fb	0xdf95e7f4	+0x80ae14f9	0x3a	0x3a
1223	0x787fe407836d	310	0xb8556	0x3142df	0x314522	+0x243	dispatch	0xcdac7	310	0xb8556	0x1e8	0xab	0xd7	0xa88	0xd888	0x227d	e801ab00d700880a88d87d220b07a29900b00ee801c9569798eedb0f85a424a2	prefix_32_of_579	0x861eb185	0x34a042ea	0xdf95e7f4	0x3ce04eeb	-0xa2b59909	0x3a	0x3a
1224	0x787fe407836d	310	0xb8556	0x314522	0x314704	+0x1e2	dispatch	0xcdac7	310	0xb8556	0x1e8	0x162	0xcb	0x9a07	0x7635	0x1ca1	e8016201cb00079a3576a11c1587d000e463e6e801744fab006005408141e30a	prefix_32_of_482	0x34a042ea	0xfcdeff37	0x3ce04eeb	0xfcd60600	+0xbff5b715	0x3a	0x3a
1225	0x787fe407836d	310	0xb8556	0x314704	0x314972	+0x26e	dispatch	0xcdac7	169	0x9af18	0x1e8	0x162	0x133	0x553a	0xc4b4	0x9913	e801620133013a55b4c41399000f9926d6e801b4c893293a145770293fba3bd7	prefix_32_of_622	0xfcdeff37	0xf8eeff37	0xfcd60600	0xf8e60910	-0x3effcf0	0x3a	0x3a
1226	0x787fe407836d	169	0x9af18	0x314972	0x314bb5	+0x243	dispatch	0xcdac7	310	0xb8556	0xab	0x1e8	0x133	0xd3a	0x17b0	0x3590	ab00e80133013a0db017903576da52830d9d9ee801174b3aac16ab007e67bbcf	prefix_32_of_579	0xf8eeff37	0x62662dfb	0xf8e60910	0xbffcca14	-0x38e93efc	0x3a	0x3a
1227	0x787fe407836d	310	0xb8556	0x314bb5	0x314d97	+0x1e2	dispatch	0xcdac7	169	0x9af18	0x1e8	0xa5	0x154	0xec4	0x99	0xdaa	e801a5005401c40e9900aa0d3e77f80828c29ae801209b1de1b283cc41d0003c	prefix_32_of_482	0x62662dfb	0xfadf7f2d	0xbffcca14	0xf21b0800	+0x321e3dec	0x3a	0x3a
1228	0x787fe407836d	169	0x9af18	0x314d97	0x315005	+0x26e	dispatch	0xcdac7	310	0xb8556	0x162	0x1e8	0x154	0x1334	0x99	0x1060	6201e80154013413990060103a1468c6d70e38e801880ac47c15400b7ef3eb03	prefix_32_of_622	0xfadf7f2d	0xe34473c6	0xf21b0800	0xe74477c6	-0xad6903a	0x3a	0x3a
1229	0x787fe407836d	310	0xb8556	0x315005	0x31522f	+0x22a	dispatch	0xcdac7	310	0xb8556	0x1e8	0xab	0x2b	0x7ded	0x99	0x9d3a	e801ab002b00ed7d99003a9daf99001ceee5a3e801abfa76d8093db434706b58	prefix_32_of_554	0xe34473c6	0x69b0303a	0xe74477c6	0x69145e5a	-0x7e30196c	0x3a	0x3a
1230	0x787fe407836d	310	0xb8556	0x31522f	0x315486	+0x257	dispatch	0xcdac7	169	0x9af18	0x1e8	0xab	0xc7	0x4f47	0x2c3a	0xae89	e801ab00c700474f3a2c89ae01349650eb981ae801bbffdce71f77f3025db1c8	prefix_32_of_599	0x69b0303a	0x841ab3c5	0x69145e5a	0x841ab3c5	+0x1b06556b	0x3a	0x3a
1231	0x787fe407836d	169	0x9af18	0x315486	0x3156ca	+0x244	dispatch	0xcdac7	169	0x9af18	0xa5	0x1e8	0x12	0x620	0xdc3a	0xfca3	a500e801120020063adca3fce00d85dd41f69ae801e0a76a83e8bb0003922025	prefix_32_of_580	0x841ab3c5	0xf613f930	0x841ab3c5	0x3ffce85e	-0x441dcb67	0x3a	0x3a
1232	0x787fe407836d	169	0x9af18	0x3156ca	0x315969	+0x29f	dispatch	0xcdac7	169	0x9af18	0xab	0x1e8	0x9d	0xcf07	0x99	0xf9a4	ab00e8019d0007cf9900a4f90133438c86ac48e801f3e7ab00737721d5bfd52a	prefix_32_of_671	0xf613f930	0x2ab32381	0x3ffce85e	0x2af72783	-0x1505c0db	0x3a	0x3a
1233	0x787fe407836d	169	0x9af18	0x315969	0x315bbf	+0x256	dispatch	0xcdac7	169	0x9af18	0xab	0x1e8	0x129	0x1e31	0x8ee1	0x6ea2	ab00e8012901311ee18ea26eeb88cf9ecf06bee8010aaba3094961d69865e9dc	prefix_32_of_598	0x2ab32381	0x6e5d9892	0x2af72783	0x4000d60c	+0x1509ae89	0x3a	0x3a
1234	0x787fe407836d	169	0x9af18	0x315bbf	0x310ca5	-0x4f1a	dispatch	0xcdac7	310	0xb8556	0xab	0x1e8	0x10c	0x1c4a	0x63e6	0x5af	ab00e8010c014a1ce663af053cd2e4092be80199f5de2fb4dd1429a30a54917a	backedge_sample	0x6e5d9892	0x148226cc	0x4000d60c	0xffaffb65	+0xbfaf2559	0x3a	0x3a
1235	0x787fe407836d	310	0xb8556	0x310ca5	0x310ef0	+0x24b	dispatch	0xcdac7	310	0xb8556	0x1e8	0xa5	0xcb	0x9ebf	0x7635	0x390	e801a500cb00bf9e35769003042ba8fcee6d9ce801f7d8ab009003dc5941168f	prefix_32_of_587	0x148226cc	0x14100010	0xffaffb65	0x3f0612b2	-0xc0a9e8b3	0x3a	0x3a
1236	0x787fe407836d	310	0xb8556	0x310ef0	0x311163	+0x273	dispatch	0xcdac7	169	0x9af18	0x1e8	0x162	0x154	0xf7c	0x99	0x92e7	e801620154017c0f9900e792dc1375ac08b602e801bf8c2f019289f5a0fa7e69	prefix_32_of_627	0x14100010	0xc83095f0	0x3f0612b2	0x400110fe	+0xfafe4c	0x3a	0x3a
1237	0x787fe407836d	169	0x9af18	0x311163	0x3113a5	+0x242	dispatch	0xcdac7	169	0x9af18	0xa5	0x1e8	0x10c	0x1c4a	0x67ae	0x6b6	a500e8010c014a1cae67b6063aa56428d9e80129f1186774139007d64940f679	prefix_32_of_578	0xc83095f0	0x7adeff2e	0x400110fe	0x78de0800	+0x38dcf702	0x3a	0x3a
1238	0x787fe407836d	169	0x9af18	0x3113a5	0x3115e7	+0x242	dispatch	0xcdac7	310	0xb8556	0x162	0x1e8	0xbd	0x99	0xe914	0x26e8	6201e801bd00990014e9e826ba56639900de34e8017709ab00041dab006485b4	prefix_32_of_578	0x7adeff2e	0x2948	0x78de0800	0x2948	-0x78dddeb8	0x3a	0x3a
1239	0x787fe407836d	310	0xb8556	0x3115e7	0x311829	+0x242	dispatch	0xcdac7	169	0x9af18	0x1e8	0xa5	0x9d	0xd56f	0x99	0xad8	e801a5009d006fd59900d80a53f58761012fcee8011603b240666e6e27e60d3a	prefix_32_of_578	0x2948	0x3acddfde	0x2948	0x585c5c02	+0x585c32ba	0x3a	0x3a
1240	0x787fe407836d	169	0x9af18	0x311829	0x311a6b	+0x242	dispatch	0xcdac7	169	0x9af18	0xab	0x1e8	0x151	0x94f0	0x99	0xfcec	ab00e8015101f0949900ecfc8b0cd809e4e80111f8d746656b7dce813884ab00	prefix_32_of_578	0x3acddfde	0xef1b287	0x585c5c02	0x69145f5a	+0x10b80358	0x3a	0x3a
1241	0x787fe407836d	169	0x9af18	0x311a6b	0x311cad	+0x242	dispatch	0xcdac7	310	0xb8556	0xa5	0x1e8	0x72	0x64cb	0xac8c	0x620	a500e8017200cb648cac200648efdaf5e0bf18e8015f2dab001a531a84d8ab00	prefix_32_of_578	0xef1b287	0x524c03c5	0x69145f5a	0x7df7dfda	+0x14e38080	0x3a	0x3a
1242	0x787fe407836d	310	0xb8556	0x311cad	0x311f69	+0x2bc	dispatch	0xcdac7	310	0xb8556	0x1e8	0xa5	0x10c	0x1c4a	0x6c86	0x7438	e801a5000c014a1c866c38749900ba703aa3e6e801859db8ec9f9147b7bebdaa	prefix_32_of_700	0x524c03c5	0x8e78f1da	0x7df7dfda	0xeb377ffe	+0x6d3fa024	0x3a	0x3a
1243	0x787fe407836d	310	0xb8556	0x311f69	0x31223a	+0x2d1	dispatch	0xcdac7	310	0xb8556	0x1e8	0xa5	0x14d	0xe523	0x99	0xe367	e801a5004d0123e5990067e332d17995c6459ee801880a70a4781ff2ff90977e	prefix_32_of_721	0x8e78f1da	0x8e4e0de5	0xeb377ffe	0x7bd7fefb	-0x6f5f8103	0x3a	0x3a
1244	0x787fe407836d	310	0xb8556	0x31223a	0x312464	+0x22a	dispatch	0xcdac7	169	0x9af18	0x1e8	0xab	0x151	0x9568	0x99	0xae47	e801ab0051016895990047ae9900f3a03a2e3ae801d80a443786cf06c648acd7	prefix_32_of_554	0x8e4e0de5	0x347541db	0x7bd7fefb	0x69945ffa	-0x12439f01	0x3a	0x3a
1245	0x787fe407836d	169	0x9af18	0x312464	0x31268e	+0x22a	dispatch	0xcdac7	310	0xb8556	0xab	0x1e8	0x42	0x97f9	0x8b3a	0x99da	ab00e8014200f9973a8bda99009a299900e801e4734b803a09b993007451ab00	prefix_32_of_554	0x347541db	0x5675bb90	0x69945ffa	0xffc76ef9	+0x96330eff	0x3a	0x3a
1246	0x787fe407836d	310	0xb8556	0x31268e	0x312868	+0x1da	dispatch	0xcdac7	169	0x9af18	0x1e8	0x162	0x10c	0x1c4a	0x6576	0x4392	e80162010c014a1c76659243358b8809c82954e8014c0cab0058019c10f7f483	prefix_32_of_474	0x5675bb90	0x221c12	0xffc76ef9	0x3f06a742	-0xc0c0c7b7	0x3a	0x3a
1247	0x787fe407836d	169	0x9af18	0x312868	0x312aee	+0x286	dispatch	0xcdac7	169	0x9af18	0xab	0x1e8	0x12	0x5e8	0xae3a	0xb4a5	ab00e8011200e8053aaea5b4a2606756d86000e801d80a90778a7301aa4f8cd8	prefix_32_of_646	0x221c12	0x8e3c0ca2	0x3f06a742	0x6f95fefa	+0x308f57b8	0x3a	0x3a
1248	0x787fe407836d	169	0x9af18	0x312aee	0x312cd0	+0x1e2	dispatch	0xcdac7	169	0x9af18	0x162	0x1e8	0x9d	0xd4ff	0x99	0x3810	6201e8019d00ffd499001038377504acaadc9ee80188acfa117cde3f9f9f57fa	prefix_32_of_482	0x8e3c0ca2	0xfbf79ddb	0x6f95fefa	0xf9f3eb74	+0x8a5dec7a	0x3a	0x3a
1249	0x787fe407836d	169	0x9af18	0x312cd0	0x312f26	+0x256	dispatch	0xcdac7	310	0xb8556	0x162	0x1e8	0xbd	0x99	0xe964	0x860	6201e801bd00990064e96008f0890e712b581de8014b1ac6d48406bceffeed89	prefix_32_of_598	0xfbf79ddb	0x4b8eb2de	0xf9f3eb74	0x7b1c5e5e	-0x7ed78d16	0x3a	0x3a
1250	0x787fe407836d	310	0xb8556	0x312f26	0x313169	+0x243	dispatch	0xcdac7	310	0xb8556	0x1e8	0x162	0xb9	0xa483	0x543a	0xcd68	e8016201b90083a43a5468cdd0817305599acde80104b48b0ce80544a5607c99	prefix_32_of_579	0x4b8eb2de	0x7afe7fef	0x7b1c5e5e	0x727e02a8	-0x89e5bb6	0x3a	0x3a
1251	0x787fe407836d	310	0xb8556	0x313169	0x31334b	+0x1e2	dispatch	0xcdac7	169	0x9af18	0x1e8	0xa5	0x151	0x99e0	0x99	0x2580	e801a5005101e09999008025faf2b3bb03cc5ae801979b477a218516bad00004	prefix_32_of_482	0x7afe7fef	0xce4d8465	0x727e02a8	0x7f3e7f7b	+0xcc07cd3	0x3a	0x3a
1252	0x787fe407836d	169	0x9af18	0x31334b	0x3135b9	+0x26e	dispatch	0xcdac7	169	0x9af18	0xa5	0x1e8	0x40	0xa81d	0x99	0x620	a500e80140001da899002006e89ff41597541ce801ab9e2ac633af3ada4c1da9	prefix_32_of_622	0xce4d8465	0xc917a90d	0x7f3e7f7b	0xc917a90d	+0x49d92992	0x3a	0x3a
1253	0x787fe407836d	169	0x9af18	0x3135b9	0x3137fc	+0x243	dispatch	0xcdac7	310	0xb8556	0x162	0x1e8	0x40	0xa2bd	0x99	0x1b17	6201e8014000bda29900171bab6f0801d4e8014ab2d76ef4e32006be862314d7	prefix_32_of_579	0xc917a90d	0x8df97560	0xc917a90d	0x694cb90f	-0x5fcaeffe	0x3a	0x3a
1254	0x787fe407836d	310	0xb8556	0x3137fc	0x3139de	+0x1e2	dispatch	0xcdac7	310	0xb8556	0x1e8	0x162	0xa8	0x99	0xd0ce	0x339a	e8016201a8009900ced09a331c968809df4913e8013e1db47be2ab00a9a94eef	prefix_32_of_482	0x8df97560	0x4a612e32	0x694cb90f	0x5f8f8af3	-0x9bd2e1c	0x3a	0x3a
1255	0x787fe407836d	310	0xb8556	0x3139de	0x313c4c	+0x26e	dispatch	0xcdac7	169	0x9af18	0x1e8	0xa5	0x154	0x12ac	0x99	0x6160	e801a5005401ac12990060615dd8ca85aa86fae801e80522b455bce3a77dd306	prefix_32_of_622	0x4a612e32	0x8f70318b	0x5f8f8af3	0xfbfb8b3c	+0x9c6c0049	0x3a	0x3a
1256	0x787fe407836d	169	0x9af18	0x313c4c	0x313e8f	+0x243	dispatch	0xcdac7	169	0x9af18	0xab	0x1e8	0x14d	0xe973	0x99	0xe987	ab00e8014d0173e9990087e926178cfb71d638e8010b62f5e882fa050f99789a	prefix_32_of_579	0x8f70318b	0xfed1df96	0xfbfb8b3c	0x58a4dcd6	-0xa356ae66	0x3a	0x3a
1257	0x787fe407836d	169	0x9af18	0x313e8f	0x314071	+0x1e2	dispatch	0xcdac7	169	0x9af18	0x162	0x1e8	0x9d	0xd4ff	0x99	0x3390	6201e8019d00ffd49900903337b623a8e5df73e8019798477690393ef22f9bcb	prefix_32_of_482	0xfed1df96	0x4ac60206	0x58a4dcd6	0x5ee7d2fb	+0x642f625	0x3a	0x3a
1258	0x787fe407836d	169	0x9af18	0x314071	0x3142df	+0x26e	dispatch	0xcdac7	310	0xb8556	0x162	0x1e8	0xa8	0x99	0xd4b6	0x9fd6	6201e801a8009900b6d4d69fbcef4e5f09e8011cb697d66ed299928e413a85b4	prefix_32_of_622	0x4ac60206	0x861eb185	0x5ee7d2fb	0xdf95e7f4	+0x80ae14f9	0x3a	0x3a
1259	0x787fe407836d	310	0xb8556	0x3142df	0x314522	+0x243	dispatch	0xcdac7	310	0xb8556	0x1e8	0xab	0xd7	0xa88	0xd888	0x227d	e801ab00d700880a88d87d220b07a29900b00ee801c9569798eedb0f85a424a2	prefix_32_of_579	0x861eb185	0x34a042ea	0xdf95e7f4	0x3ce04eeb	-0xa2b59909	0x3a	0x3a
1260	0x787fe407836d	310	0xb8556	0x314522	0x314704	+0x1e2	dispatch	0xcdac7	310	0xb8556	0x1e8	0x162	0xcb	0x9a07	0x7635	0x1ca1	e8016201cb00079a3576a11c1587d000e463e6e801744fab006005408141e30a	prefix_32_of_482	0x34a042ea	0xfcdeff37	0x3ce04eeb	0xfcd60600	+0xbff5b715	0x3a	0x3a
1261	0x787fe407836d	310	0xb8556	0x314704	0x314972	+0x26e	dispatch	0xcdac7	169	0x9af18	0x1e8	0x162	0x133	0x553a	0xc4b4	0x9913	e801620133013a55b4c41399000f9926d6e801b4c893293a145770293fba3bd7	prefix_32_of_622	0xfcdeff37	0xf8eeff37	0xfcd60600	0xf8e60910	-0x3effcf0	0x3a	0x3a
1262	0x787fe407836d	169	0x9af18	0x314972	0x314bb5	+0x243	dispatch	0xcdac7	310	0xb8556	0xab	0x1e8	0x133	0xd3a	0x17b0	0x3590	ab00e80133013a0db017903576da52830d9d9ee801174b3aac16ab007e67bbcf	prefix_32_of_579	0xf8eeff37	0x62662dfb	0xf8e60910	0xbffcca14	-0x38e93efc	0x3a	0x3a
1263	0x787fe407836d	310	0xb8556	0x314bb5	0x314d97	+0x1e2	dispatch	0xcdac7	169	0x9af18	0x1e8	0xa5	0x154	0xec4	0x99	0xdaa	e801a5005401c40e9900aa0d3e77f80828c29ae801209b1de1b283cc41d0003c	prefix_32_of_482	0x62662dfb	0xfadf7f2d	0xbffcca14	0xf21b0800	+0x321e3dec	0x3a	0x3a
1264	0x787fe407836d	169	0x9af18	0x314d97	0x315005	+0x26e	dispatch	0xcdac7	310	0xb8556	0x162	0x1e8	0x154	0x1334	0x99	0x1060	6201e80154013413990060103a1468c6d70e38e801880ac47c15400b7ef3eb03	prefix_32_of_622	0xfadf7f2d	0xe34473c6	0xf21b0800	0xe74477c6	-0xad6903a	0x3a	0x3a
1265	0x787fe407836d	310	0xb8556	0x315005	0x31522f	+0x22a	dispatch	0xcdac7	310	0xb8556	0x1e8	0xab	0x2b	0x7ded	0x99	0x9d3a	e801ab002b00ed7d99003a9daf99001ceee5a3e801abfa76d8093db434706b58	prefix_32_of_554	0xe34473c6	0x69b0303a	0xe74477c6	0x69145e5a	-0x7e30196c	0x3a	0x3a
1266	0x787fe407836d	310	0xb8556	0x31522f	0x315486	+0x257	dispatch	0xcdac7	169	0x9af18	0x1e8	0xab	0xc7	0x4f47	0x2c3a	0xae89	e801ab00c700474f3a2c89ae01349650eb981ae801bbffdce71f77f3025db1c8	prefix_32_of_599	0x69b0303a	0x841ab3c5	0x69145e5a	0x841ab3c5	+0x1b06556b	0x3a	0x3a
1267	0x787fe407836d	169	0x9af18	0x315486	0x3156ca	+0x244	dispatch	0xcdac7	169	0x9af18	0xa5	0x1e8	0x12	0x620	0xdc3a	0xfca3	a500e801120020063adca3fce00d85dd41f69ae801e0a76a83e8bb0003922025	prefix_32_of_580	0x841ab3c5	0xf613f930	0x841ab3c5	0x3ffce85e	-0x441dcb67	0x3a	0x3a
1268	0x787fe407836d	169	0x9af18	0x3156ca	0x315969	+0x29f	dispatch	0xcdac7	169	0x9af18	0xab	0x1e8	0x9d	0xcf07	0x99	0xf9a4	ab00e8019d0007cf9900a4f90133438c86ac48e801f3e7ab00737721d5bfd52a	prefix_32_of_671	0xf613f930	0x2ab32381	0x3ffce85e	0x2af72783	-0x1505c0db	0x3a	0x3a
1269	0x787fe407836d	169	0x9af18	0x315969	0x315bbf	+0x256	dispatch	0xcdac7	169	0x9af18	0xab	0x1e8	0x129	0x1e31	0x8ee1	0x6ea2	ab00e8012901311ee18ea26eeb88cf9ecf06bee8010aaba3094961d69865e9dc	prefix_32_of_598	0x2ab32381	0x6e5d9892	0x2af72783	0x4000d60c	+0x1509ae89	0x3a	0x3a
1270	0x787fe407836d	169	0x9af18	0x315bbf	0x310ca5	-0x4f1a	dispatch	0xcdac7	310	0xb8556	0xab	0x1e8	0x10c	0x1c4a	0x63e6	0x5af	ab00e8010c014a1ce663af053cd2e4092be80199f5de2fb4dd1429a30a54917a	backedge_sample	0x6e5d9892	0x148226cc	0x4000d60c	0xffaffb65	+0xbfaf2559	0x3a	0x3a
1271	0x787fe407836d	310	0xb8556	0x310ca5	0x310ef0	+0x24b	dispatch	0xcdac7	310	0xb8556	0x1e8	0xa5	0xcb	0x9ebf	0x7635	0x390	e801a500cb00bf9e35769003042ba8fcee6d9ce801f7d8ab009003dc5941168f	prefix_32_of_587	0x148226cc	0x14100010	0xffaffb65	0x3f0612b2	-0xc0a9e8b3	0x3a	0x3a
1272	0x787fe407836d	310	0xb8556	0x310ef0	0x311163	+0x273	dispatch	0xcdac7	169	0x9af18	0x1e8	0x162	0x154	0xf7c	0x99	0x92e7	e801620154017c0f9900e792dc1375ac08b602e801bf8c2f019289f5a0fa7e69	prefix_32_of_627	0x14100010	0xc83095f0	0x3f0612b2	0x400110fe	+0xfafe4c	0x3a	0x3a
1273	0x787fe407836d	169	0x9af18	0x311163	0x3113a5	+0x242	dispatch	0xcdac7	169	0x9af18	0xa5	0x1e8	0x10c	0x1c4a	0x67ae	0x6b6	a500e8010c014a1cae67b6063aa56428d9e80129f1186774139007d64940f679	prefix_32_of_578	0xc83095f0	0x7adeff2e	0x400110fe	0x78de0800	+0x38dcf702	0x3a	0x3a
1274	0x787fe407836d	169	0x9af18	0x3113a5	0x3115e7	+0x242	dispatch	0xcdac7	310	0xb8556	0x162	0x1e8	0xbd	0x99	0xe914	0x26e8	6201e801bd00990014e9e826ba56639900de34e8017709ab00041dab006485b4	prefix_32_of_578	0x7adeff2e	0x2948	0x78de0800	0x2948	-0x78dddeb8	0x3a	0x3a
1275	0x787fe407836d	310	0xb8556	0x3115e7	0x311829	+0x242	dispatch	0xcdac7	169	0x9af18	0x1e8	0xa5	0x9d	0xd56f	0x99	0xad8	e801a5009d006fd59900d80a53f58761012fcee8011603b240666e6e27e60d3a	prefix_32_of_578	0x2948	0x3acddfde	0x2948	0x585c5c02	+0x585c32ba	0x3a	0x3a
1276	0x787fe407836d	169	0x9af18	0x311829	0x311a6b	+0x242	dispatch	0xcdac7	169	0x9af18	0xab	0x1e8	0x151	0x94f0	0x99	0xfcec	ab00e8015101f0949900ecfc8b0cd809e4e80111f8d746656b7dce813884ab00	prefix_32_of_578	0x3acddfde	0xef1b287	0x585c5c02	0x69145f5a	+0x10b80358	0x3a	0x3a
1277	0x787fe407836d	169	0x9af18	0x311a6b	0x311cad	+0x242	dispatch	0xcdac7	310	0xb8556	0xa5	0x1e8	0x72	0x64cb	0xac8c	0x620	a500e8017200cb648cac200648efdaf5e0bf18e8015f2dab001a531a84d8ab00	prefix_32_of_578	0xef1b287	0x524c03c5	0x69145f5a	0x7df7dfda	+0x14e38080	0x3a	0x3a
1278	0x787fe407836d	310	0xb8556	0x311cad	0x311f69	+0x2bc	dispatch	0xcdac7	310	0xb8556	0x1e8	0xa5	0x10c	0x1c4a	0x6c86	0x7438	e801a5000c014a1c866c38749900ba703aa3e6e801859db8ec9f9147b7bebdaa	prefix_32_of_700	0x524c03c5	0x8e78f1da	0x7df7dfda	0xeb377ffe	+0x6d3fa024	0x3a	0x3a
1279	0x787fe407836d	310	0xb8556	0x311f69	0x31223a	+0x2d1	dispatch	0xcdac7	310	0xb8556	0x1e8	0xa5	0x14d	0xe523	0x99	0xe367	e801a5004d0123e5990067e332d17995c6459ee801880a70a4781ff2ff90977e	prefix_32_of_721	0x8e78f1da	0x8e4e0de5	0xeb377ffe	0x7bd7fefb	-0x6f5f8103	0x3a	0x3a
1280	0x787fe407836d	310	0xb8556	0x31223a	0x312464	+0x22a	dispatch	0xcdac7	169	0x9af18	0x1e8	0xab	0x151	0x9568	0x99	0xae47	e801ab0051016895990047ae9900f3a03a2e3ae801d80a443786cf06c648acd7	prefix_32_of_554	0x8e4e0de5	0x347541db	0x7bd7fefb	0x69945ffa	-0x12439f01	0x3a	0x3a
1281	0x787fe407836d	169	0x9af18	0x312464	0x31268e	+0x22a	dispatch	0xcdac7	310	0xb8556	0xab	0x1e8	0x42	0x97f9	0x8b3a	0x99da	ab00e8014200f9973a8bda99009a299900e801e4734b803a09b993007451ab00	prefix_32_of_554	0x347541db	0x5675bb90	0x69945ffa	0xffc76ef9	+0x96330eff	0x3a	0x3a
1282	0x787fe407836d	310	0xb8556	0x31268e	0x312868	+0x1da	dispatch	0xcdac7	169	0x9af18	0x1e8	0x162	0x10c	0x1c4a	0x6576	0x4392	e80162010c014a1c76659243358b8809c82954e8014c0cab0058019c10f7f483	prefix_32_of_474	0x5675bb90	0x221c12	0xffc76ef9	0x3f06a742	-0xc0c0c7b7	0x3a	0x3a
1283	0x787fe407836d	169	0x9af18	0x312868	0x312aee	+0x286	dispatch	0xcdac7	169	0x9af18	0xab	0x1e8	0x12	0x5e8	0xae3a	0xb4a5	ab00e8011200e8053aaea5b4a2606756d86000e801d80a90778a7301aa4f8cd8	prefix_32_of_646	0x221c12	0x8e3c0ca2	0x3f06a742	0x6f95fefa	+0x308f57b8	0x3a	0x3a
1284	0x787fe407836d	169	0x9af18	0x312aee	0x312cd0	+0x1e2	dispatch	0xcdac7	169	0x9af18	0x162	0x1e8	0x9d	0xd4ff	0x99	0x3810	6201e8019d00ffd499001038377504acaadc9ee80188acfa117cde3f9f9f57fa	prefix_32_of_482	0x8e3c0ca2	0xfbf79ddb	0x6f95fefa	0xf9f3eb74	+0x8a5dec7a	0x3a	0x3a
1285	0x787fe407836d	169	0x9af18	0x312cd0	0x312f26	+0x256	dispatch	0xcdac7	310	0xb8556	0x162	0x1e8	0xbd	0x99	0xe964	0x860	6201e801bd00990064e96008f0890e712b581de8014b1ac6d48406bceffeed89	prefix_32_of_598	0xfbf79ddb	0x4b8eb2de	0xf9f3eb74	0x7b1c5e5e	-0x7ed78d16	0x3a	0x3a
1286	0x787fe407836d	310	0xb8556	0x312f26	0x313169	+0x243	dispatch	0xcdac7	310	0xb8556	0x1e8	0x162	0xb9	0xa483	0x543a	0xcd68	e8016201b90083a43a5468cdd0817305599acde80104b48b0ce80544a5607c99	prefix_32_of_579	0x4b8eb2de	0x7afe7fef	0x7b1c5e5e	0x727e02a8	-0x89e5bb6	0x3a	0x3a
1287	0x787fe407836d	310	0xb8556	0x313169	0x31334b	+0x1e2	dispatch	0xcdac7	169	0x9af18	0x1e8	0xa5	0x151	0x99e0	0x99	0x2580	e801a5005101e09999008025faf2b3bb03cc5ae801979b477a218516bad00004	prefix_32_of_482	0x7afe7fef	0xce4d8465	0x727e02a8	0x7f3e7f7b	+0xcc07cd3	0x3a	0x3a
1288	0x787fe407836d	169	0x9af18	0x31334b	0x3135b9	+0x26e	dispatch	0xcdac7	169	0x9af18	0xa5	0x1e8	0x40	0xa81d	0x99	0x620	a500e80140001da899002006e89ff41597541ce801ab9e2ac633af3ada4c1da9	prefix_32_of_622	0xce4d8465	0xc917a90d	0x7f3e7f7b	0xc917a90d	+0x49d92992	0x3a	0x3a
1289	0x787fe407836d	169	0x9af18	0x3135b9	0x3137fc	+0x243	dispatch	0xcdac7	310	0xb8556	0x162	0x1e8	0x40	0xa2bd	0x99	0x1b17	6201e8014000bda29900171bab6f0801d4e8014ab2d76ef4e32006be862314d7	prefix_32_of_579	0xc917a90d	0x8df97560	0xc917a90d	0x694cb90f	-0x5fcaeffe	0x3a	0x3a
1290	0x787fe407836d	310	0xb8556	0x3137fc	0x3139de	+0x1e2	dispatch	0xcdac7	310	0xb8556	0x1e8	0x162	0xa8	0x99	0xd0ce	0x339a	e8016201a8009900ced09a331c968809df4913e8013e1db47be2ab00a9a94eef	prefix_32_of_482	0x8df97560	0x4a612e32	0x694cb90f	0x5f8f8af3	-0x9bd2e1c	0x3a	0x3a
1291	0x787fe407836d	310	0xb8556	0x3139de	0x313c4c	+0x26e	dispatch	0xcdac7	169	0x9af18	0x1e8	0xa5	0x154	0x12ac	0x99	0x6160	e801a5005401ac12990060615dd8ca85aa86fae801e80522b455bce3a77dd306	prefix_32_of_622	0x4a612e32	0x8f70318b	0x5f8f8af3	0xfbfb8b3c	+0x9c6c0049	0x3a	0x3a
1292	0x787fe407836d	169	0x9af18	0x313c4c	0x313e8f	+0x243	dispatch	0xcdac7	169	0x9af18	0xab	0x1e8	0x14d	0xe973	0x99	0xe987	ab00e8014d0173e9990087e926178cfb71d638e8010b62f5e882fa050f99789a	prefix_32_of_579	0x8f70318b	0xfed1df96	0xfbfb8b3c	0x58a4dcd6	-0xa356ae66	0x3a	0x3a
1293	0x787fe407836d	169	0x9af18	0x313e8f	0x314071	+0x1e2	dispatch	0xcdac7	169	0x9af18	0x162	0x1e8	0x9d	0xd4ff	0x99	0x3390	6201e8019d00ffd49900903337b623a8e5df73e8019798477690393ef22f9bcb	prefix_32_of_482	0xfed1df96	0x4ac60206	0x58a4dcd6	0x5ee7d2fb	+0x642f625	0x3a	0x3a
1294	0x787fe407836d	169	0x9af18	0x314071	0x3142df	+0x26e	dispatch	0xcdac7	310	0xb8556	0x162	0x1e8	0xa8	0x99	0xd4b6	0x9fd6	6201e801a8009900b6d4d69fbcef4e5f09e8011cb697d66ed299928e413a85b4	prefix_32_of_622	0x4ac60206	0x861eb185	0x5ee7d2fb	0xdf95e7f4	+0x80ae14f9	0x3a	0x3a
1295	0x787fe407836d	310	0xb8556	0x3142df	0x314522	+0x243	dispatch	0xcdac7	310	0xb8556	0x1e8	0xab	0xd7	0xa88	0xd888	0x227d	e801ab00d700880a88d87d220b07a29900b00ee801c9569798eedb0f85a424a2	prefix_32_of_579	0x861eb185	0x34a042ea	0xdf95e7f4	0x3ce04eeb	-0xa2b59909	0x3a	0x3a
1296	0x787fe407836d	310	0xb8556	0x314522	0x314704	+0x1e2	dispatch	0xcdac7	310	0xb8556	0x1e8	0x162	0xcb	0x9a07	0x7635	0x1ca1	e8016201cb00079a3576a11c1587d000e463e6e801744fab006005408141e30a	prefix_32_of_482	0x34a042ea	0xfcdeff37	0x3ce04eeb	0xfcd60600	+0xbff5b715	0x3a	0x3a
1297	0x787fe407836d	310	0xb8556	0x314704	0x314972	+0x26e	dispatch	0xcdac7	169	0x9af18	0x1e8	0x162	0x133	0x553a	0xc4b4	0x9913	e801620133013a55b4c41399000f9926d6e801b4c893293a145770293fba3bd7	prefix_32_of_622	0xfcdeff37	0xf8eeff37	0xfcd60600	0xf8e60910	-0x3effcf0	0x3a	0x3a
1298	0x787fe407836d	169	0x9af18	0x314972	0x314bb5	+0x243	dispatch	0xcdac7	310	0xb8556	0xab	0x1e8	0x133	0xd3a	0x17b0	0x3590	ab00e80133013a0db017903576da52830d9d9ee801174b3aac16ab007e67bbcf	prefix_32_of_579	0xf8eeff37	0x62662dfb	0xf8e60910	0xbffcca14	-0x38e93efc	0x3a	0x3a
1299	0x787fe407836d	310	0xb8556	0x314bb5	0x314d97	+0x1e2	dispatch	0xcdac7	169	0x9af18	0x1e8	0xa5	0x154	0xec4	0x99	0xdaa	e801a5005401c40e9900aa0d3e77f80828c29ae801209b1de1b283cc41d0003c	prefix_32_of_482	0x62662dfb	0xfadf7f2d	0xbffcca14	0xf21b0800	+0x321e3dec	0x3a	0x3a
1300	0x787fe407836d	169	0x9af18	0x314d97	0x315005	+0x26e	dispatch	0xcdac7	310	0xb8556	0x162	0x1e8	0x154	0x1334	0x99	0x1060	6201e80154013413990060103a1468c6d70e38e801880ac47c15400b7ef3eb03	prefix_32_of_622	0xfadf7f2d	0xe34473c6	0xf21b0800	0xe74477c6	-0xad6903a	0x3a	0x3a
1301	0x787fe407836d	310	0xb8556	0x315005	0x31522f	+0x22a	dispatch	0xcdac7	310	0xb8556	0x1e8	0xab	0x2b	0x7ded	0x99	0x9d3a	e801ab002b00ed7d99003a9daf99001ceee5a3e801abfa76d8093db434706b58	prefix_32_of_554	0xe34473c6	0x69b0303a	0xe74477c6	0x69145e5a	-0x7e30196c	0x3a	0x3a
1302	0x787fe407836d	310	0xb8556	0x31522f	0x315486	+0x257	dispatch	0xcdac7	169	0x9af18	0x1e8	0xab	0xc7	0x4f47	0x2c3a	0xae89	e801ab00c700474f3a2c89ae01349650eb981ae801bbffdce71f77f3025db1c8	prefix_32_of_599	0x69b0303a	0x841ab3c5	0x69145e5a	0x841ab3c5	+0x1b06556b	0x3a	0x3a
1303	0x787fe407836d	169	0x9af18	0x315486	0x3156ca	+0x244	dispatch	0xcdac7	169	0x9af18	0xa5	0x1e8	0x12	0x620	0xdc3a	0xfca3	a500e801120020063adca3fce00d85dd41f69ae801e0a76a83e8bb0003922025	prefix_32_of_580	0x841ab3c5	0xf613f930	0x841ab3c5	0x3ffce85e	-0x441dcb67	0x3a	0x3a
1304	0x787fe407836d	169	0x9af18	0x3156ca	0x315969	+0x29f	dispatch	0xcdac7	169	0x9af18	0xab	0x1e8	0x9d	0xcf07	0x99	0xf9a4	ab00e8019d0007cf9900a4f90133438c86ac48e801f3e7ab00737721d5bfd52a	prefix_32_of_671	0xf613f930	0x2ab32381	0x3ffce85e	0x2af72783	-0x1505c0db	0x3a	0x3a
1305	0x787fe407836d	169	0x9af18	0x315969	0x315bbf	+0x256	dispatch	0xcdac7	169	0x9af18	0xab	0x1e8	0x129	0x1e31	0x8ee1	0x6ea2	ab00e8012901311ee18ea26eeb88cf9ecf06bee8010aaba3094961d69865e9dc	prefix_32_of_598	0x2ab32381	0x6e5d9892	0x2af72783	0x4000d60c	+0x1509ae89	0x3a	0x3a
1306	0x787fe407836d	169	0x9af18	0x315bbf	0x310ca5	-0x4f1a	dispatch	0xcdac7	310	0xb8556	0xab	0x1e8	0x10c	0x1c4a	0x63e6	0x5af	ab00e8010c014a1ce663af053cd2e4092be80199f5de2fb4dd1429a30a54917a	backedge_sample	0x6e5d9892	0x148226cc	0x4000d60c	0xffaffb65	+0xbfaf2559	0x3a	0x3a
1307	0x787fe407836d	310	0xb8556	0x310ca5	0x310ef0	+0x24b	dispatch	0xcdac7	310	0xb8556	0x1e8	0xa5	0xcb	0x9ebf	0x7635	0x390	e801a500cb00bf9e35769003042ba8fcee6d9ce801f7d8ab009003dc5941168f	prefix_32_of_587	0x148226cc	0x14100010	0xffaffb65	0x3f0612b2	-0xc0a9e8b3	0x3a	0x3a
1308	0x787fe407836d	310	0xb8556	0x310ef0	0x311163	+0x273	dispatch	0xcdac7	169	0x9af18	0x1e8	0x162	0x154	0xf7c	0x99	0x92e7	e801620154017c0f9900e792dc1375ac08b602e801bf8c2f019289f5a0fa7e69	prefix_32_of_627	0x14100010	0xc83095f0	0x3f0612b2	0x400110fe	+0xfafe4c	0x3a	0x3a
1309	0x787fe407836d	169	0x9af18	0x311163	0x3113a5	+0x242	dispatch	0xcdac7	169	0x9af18	0xa5	0x1e8	0x10c	0x1c4a	0x67ae	0x6b6	a500e8010c014a1cae67b6063aa56428d9e80129f1186774139007d64940f679	prefix_32_of_578	0xc83095f0	0x7adeff2e	0x400110fe	0x78de0800	+0x38dcf702	0x3a	0x3a
1310	0x787fe407836d	169	0x9af18	0x3113a5	0x3115e7	+0x242	dispatch	0xcdac7	310	0xb8556	0x162	0x1e8	0xbd	0x99	0xe914	0x26e8	6201e801bd00990014e9e826ba56639900de34e8017709ab00041dab006485b4	prefix_32_of_578	0x7adeff2e	0x2948	0x78de0800	0x2948	-0x78dddeb8	0x3a	0x3a
1311	0x787fe407836d	310	0xb8556	0x3115e7	0x311829	+0x242	dispatch	0xcdac7	169	0x9af18	0x1e8	0xa5	0x9d	0xd56f	0x99	0xad8	e801a5009d006fd59900d80a53f58761012fcee8011603b240666e6e27e60d3a	prefix_32_of_578	0x2948	0x3acddfde	0x2948	0x585c5c02	+0x585c32ba	0x3a	0x3a
1312	0x787fe407836d	169	0x9af18	0x311829	0x311a6b	+0x242	dispatch	0xcdac7	169	0x9af18	0xab	0x1e8	0x151	0x94f0	0x99	0xfcec	ab00e8015101f0949900ecfc8b0cd809e4e80111f8d746656b7dce813884ab00	prefix_32_of_578	0x3acddfde	0xef1b287	0x585c5c02	0x69145f5a	+0x10b80358	0x3a	0x3a
1313	0x787fe407836d	169	0x9af18	0x311a6b	0x311cad	+0x242	dispatch	0xcdac7	310	0xb8556	0xa5	0x1e8	0x72	0x64cb	0xac8c	0x620	a500e8017200cb648cac200648efdaf5e0bf18e8015f2dab001a531a84d8ab00	prefix_32_of_578	0xef1b287	0x524c03c5	0x69145f5a	0x7df7dfda	+0x14e38080	0x3a	0x3a
1314	0x787fe407836d	310	0xb8556	0x311cad	0x311f69	+0x2bc	dispatch	0xcdac7	310	0xb8556	0x1e8	0xa5	0x10c	0x1c4a	0x6c86	0x7438	e801a5000c014a1c866c38749900ba703aa3e6e801859db8ec9f9147b7bebdaa	prefix_32_of_700	0x524c03c5	0x8e78f1da	0x7df7dfda	0xeb377ffe	+0x6d3fa024	0x3a	0x3a
1315	0x787fe407836d	310	0xb8556	0x311f69	0x31223a	+0x2d1	dispatch	0xcdac7	310	0xb8556	0x1e8	0xa5	0x14d	0xe523	0x99	0xe367	e801a5004d0123e5990067e332d17995c6459ee801880a70a4781ff2ff90977e	prefix_32_of_721	0x8e78f1da	0x8e4e0de5	0xeb377ffe	0x7bd7fefb	-0x6f5f8103	0x3a	0x3a
1316	0x787fe407836d	310	0xb8556	0x31223a	0x312464	+0x22a	dispatch	0xcdac7	169	0x9af18	0x1e8	0xab	0x151	0x9568	0x99	0xae47	e801ab0051016895990047ae9900f3a03a2e3ae801d80a443786cf06c648acd7	prefix_32_of_554	0x8e4e0de5	0x347541db	0x7bd7fefb	0x69945ffa	-0x12439f01	0x3a	0x3a
1317	0x787fe407836d	169	0x9af18	0x312464	0x31268e	+0x22a	dispatch	0xcdac7	310	0xb8556	0xab	0x1e8	0x42	0x97f9	0x8b3a	0x99da	ab00e8014200f9973a8bda99009a299900e801e4734b803a09b993007451ab00	prefix_32_of_554	0x347541db	0x5675bb90	0x69945ffa	0xffc76ef9	+0x96330eff	0x3a	0x3a
1318	0x787fe407836d	310	0xb8556	0x31268e	0x312868	+0x1da	dispatch	0xcdac7	169	0x9af18	0x1e8	0x162	0x10c	0x1c4a	0x6576	0x4392	e80162010c014a1c76659243358b8809c82954e8014c0cab0058019c10f7f483	prefix_32_of_474	0x5675bb90	0x221c12	0xffc76ef9	0x3f06a742	-0xc0c0c7b7	0x3a	0x3a
1319	0x787fe407836d	169	0x9af18	0x312868	0x312aee	+0x286	dispatch	0xcdac7	169	0x9af18	0xab	0x1e8	0x12	0x5e8	0xae3a	0xb4a5	ab00e8011200e8053aaea5b4a2606756d86000e801d80a90778a7301aa4f8cd8	prefix_32_of_646	0x221c12	0x8e3c0ca2	0x3f06a742	0x6f95fefa	+0x308f57b8	0x3a	0x3a
1320	0x787fe407836d	169	0x9af18	0x312aee	0x312cd0	+0x1e2	dispatch	0xcdac7	169	0x9af18	0x162	0x1e8	0x9d	0xd4ff	0x99	0x3810	6201e8019d00ffd499001038377504acaadc9ee80188acfa117cde3f9f9f57fa	prefix_32_of_482	0x8e3c0ca2	0xfbf79ddb	0x6f95fefa	0xf9f3eb74	+0x8a5dec7a	0x3a	0x3a
1321	0x787fe407836d	169	0x9af18	0x312cd0	0x312f26	+0x256	dispatch	0xcdac7	310	0xb8556	0x162	0x1e8	0xbd	0x99	0xe964	0x860	6201e801bd00990064e96008f0890e712b581de8014b1ac6d48406bceffeed89	prefix_32_of_598	0xfbf79ddb	0x4b8eb2de	0xf9f3eb74	0x7b1c5e5e	-0x7ed78d16	0x3a	0x3a
1322	0x787fe407836d	310	0xb8556	0x312f26	0x313169	+0x243	dispatch	0xcdac7	310	0xb8556	0x1e8	0x162	0xb9	0xa483	0x543a	0xcd68	e8016201b90083a43a5468cdd0817305599acde80104b48b0ce80544a5607c99	prefix_32_of_579	0x4b8eb2de	0x7afe7fef	0x7b1c5e5e	0x727e02a8	-0x89e5bb6	0x3a	0x3a
1323	0x787fe407836d	310	0xb8556	0x313169	0x31334b	+0x1e2	dispatch	0xcdac7	169	0x9af18	0x1e8	0xa5	0x151	0x99e0	0x99	0x2580	e801a5005101e09999008025faf2b3bb03cc5ae801979b477a218516bad00004	prefix_32_of_482	0x7afe7fef	0xce4d8465	0x727e02a8	0x7f3e7f7b	+0xcc07cd3	0x3a	0x3a
1324	0x787fe407836d	169	0x9af18	0x31334b	0x3135b9	+0x26e	dispatch	0xcdac7	169	0x9af18	0xa5	0x1e8	0x40	0xa81d	0x99	0x620	a500e80140001da899002006e89ff41597541ce801ab9e2ac633af3ada4c1da9	prefix_32_of_622	0xce4d8465	0xc917a90d	0x7f3e7f7b	0xc917a90d	+0x49d92992	0x3a	0x3a
1325	0x787fe407836d	169	0x9af18	0x3135b9	0x3137fc	+0x243	dispatch	0xcdac7	310	0xb8556	0x162	0x1e8	0x40	0xa2bd	0x99	0x1b17	6201e8014000bda29900171bab6f0801d4e8014ab2d76ef4e32006be862314d7	prefix_32_of_579	0xc917a90d	0x8df97560	0xc917a90d	0x694cb90f	-0x5fcaeffe	0x3a	0x3a
1326	0x787fe407836d	310	0xb8556	0x3137fc	0x3139de	+0x1e2	dispatch	0xcdac7	310	0xb8556	0x1e8	0x162	0xa8	0x99	0xd0ce	0x339a	e8016201a8009900ced09a331c968809df4913e8013e1db47be2ab00a9a94eef	prefix_32_of_482	0x8df97560	0x4a612e32	0x694cb90f	0x5f8f8af3	-0x9bd2e1c	0x3a	0x3a
1327	0x787fe407836d	310	0xb8556	0x3139de	0x313c4c	+0x26e	dispatch	0xcdac7	169	0x9af18	0x1e8	0xa5	0x154	0x12ac	0x99	0x6160	e801a5005401ac12990060615dd8ca85aa86fae801e80522b455bce3a77dd306	prefix_32_of_622	0x4a612e32	0x8f70318b	0x5f8f8af3	0xfbfb8b3c	+0x9c6c0049	0x3a	0x3a
1328	0x787fe407836d	169	0x9af18	0x313c4c	0x313e8f	+0x243	dispatch	0xcdac7	169	0x9af18	0xab	0x1e8	0x14d	0xe973	0x99	0xe987	ab00e8014d0173e9990087e926178cfb71d638e8010b62f5e882fa050f99789a	prefix_32_of_579	0x8f70318b	0xfed1df96	0xfbfb8b3c	0x58a4dcd6	-0xa356ae66	0x3a	0x3a
1329	0x787fe407836d	169	0x9af18	0x313e8f	0x314071	+0x1e2	dispatch	0xcdac7	169	0x9af18	0x162	0x1e8	0x9d	0xd4ff	0x99	0x3390	6201e8019d00ffd49900903337b623a8e5df73e8019798477690393ef22f9bcb	prefix_32_of_482	0xfed1df96	0x4ac60206	0x58a4dcd6	0x5ee7d2fb	+0x642f625	0x3a	0x3a
1330	0x787fe407836d	169	0x9af18	0x314071	0x3142df	+0x26e	dispatch	0xcdac7	310	0xb8556	0x162	0x1e8	0xa8	0x99	0xd4b6	0x9fd6	6201e801a8009900b6d4d69fbcef4e5f09e8011cb697d66ed299928e413a85b4	prefix_32_of_622	0x4ac60206	0x861eb185	0x5ee7d2fb	0xdf95e7f4	+0x80ae14f9	0x3a	0x3a
1331	0x787fe407836d	310	0xb8556	0x3142df	0x314522	+0x243	dispatch	0xcdac7	310	0xb8556	0x1e8	0xab	0xd7	0xa88	0xd888	0x227d	e801ab00d700880a88d87d220b07a29900b00ee801c9569798eedb0f85a424a2	prefix_32_of_579	0x861eb185	0x34a042ea	0xdf95e7f4	0x3ce04eeb	-0xa2b59909	0x3a	0x3a
1332	0x787fe407836d	310	0xb8556	0x314522	0x314704	+0x1e2	dispatch	0xcdac7	310	0xb8556	0x1e8	0x162	0xcb	0x9a07	0x7635	0x1ca1	e8016201cb00079a3576a11c1587d000e463e6e801744fab006005408141e30a	prefix_32_of_482	0x34a042ea	0xfcdeff37	0x3ce04eeb	0xfcd60600	+0xbff5b715	0x3a	0x3a
1333	0x787fe407836d	310	0xb8556	0x314704	0x314972	+0x26e	dispatch	0xcdac7	169	0x9af18	0x1e8	0x162	0x133	0x553a	0xc4b4	0x9913	e801620133013a55b4c41399000f9926d6e801b4c893293a145770293fba3bd7	prefix_32_of_622	0xfcdeff37	0xf8eeff37	0xfcd60600	0xf8e60910	-0x3effcf0	0x3a	0x3a
1334	0x787fe407836d	169	0x9af18	0x314972	0x314bb5	+0x243	dispatch	0xcdac7	310	0xb8556	0xab	0x1e8	0x133	0xd3a	0x17b0	0x3590	ab00e80133013a0db017903576da52830d9d9ee801174b3aac16ab007e67bbcf	prefix_32_of_579	0xf8eeff37	0x62662dfb	0xf8e60910	0xbffcca14	-0x38e93efc	0x3a	0x3a
1335	0x787fe407836d	310	0xb8556	0x314bb5	0x314d97	+0x1e2	dispatch	0xcdac7	169	0x9af18	0x1e8	0xa5	0x154	0xec4	0x99	0xdaa	e801a5005401c40e9900aa0d3e77f80828c29ae801209b1de1b283cc41d0003c	prefix_32_of_482	0x62662dfb	0xfadf7f2d	0xbffcca14	0xf21b0800	+0x321e3dec	0x3a	0x3a
1336	0x787fe407836d	169	0x9af18	0x314d97	0x315005	+0x26e	dispatch	0xcdac7	310	0xb8556	0x162	0x1e8	0x154	0x1334	0x99	0x1060	6201e80154013413990060103a1468c6d70e38e801880ac47c15400b7ef3eb03	prefix_32_of_622	0xfadf7f2d	0xe34473c6	0xf21b0800	0xe74477c6	-0xad6903a	0x3a	0x3a
1337	0x787fe407836d	310	0xb8556	0x315005	0x31522f	+0x22a	dispatch	0xcdac7	310	0xb8556	0x1e8	0xab	0x2b	0x7ded	0x99	0x9d3a	e801ab002b00ed7d99003a9daf99001ceee5a3e801abfa76d8093db434706b58	prefix_32_of_554	0xe34473c6	0x69b0303a	0xe74477c6	0x69145e5a	-0x7e30196c	0x3a	0x3a
1338	0x787fe407836d	310	0xb8556	0x31522f	0x315486	+0x257	dispatch	0xcdac7	169	0x9af18	0x1e8	0xab	0xc7	0x4f47	0x2c3a	0xae89	e801ab00c700474f3a2c89ae01349650eb981ae801bbffdce71f77f3025db1c8	prefix_32_of_599	0x69b0303a	0x841ab3c5	0x69145e5a	0x841ab3c5	+0x1b06556b	0x3a	0x3a
1339	0x787fe407836d	169	0x9af18	0x315486	0x3156ca	+0x244	dispatch	0xcdac7	169	0x9af18	0xa5	0x1e8	0x12	0x620	0xdc3a	0xfca3	a500e801120020063adca3fce00d85dd41f69ae801e0a76a83e8bb0003922025	prefix_32_of_580	0x841ab3c5	0xf613f930	0x841ab3c5	0x3ffce85e	-0x441dcb67	0x3a	0x3a
1340	0x787fe407836d	169	0x9af18	0x3156ca	0x315969	+0x29f	dispatch	0xcdac7	169	0x9af18	0xab	0x1e8	0x9d	0xcf07	0x99	0xf9a4	ab00e8019d0007cf9900a4f90133438c86ac48e801f3e7ab00737721d5bfd52a	prefix_32_of_671	0xf613f930	0x2ab32381	0x3ffce85e	0x2af72783	-0x1505c0db	0x3a	0x3a
1341	0x787fe407836d	169	0x9af18	0x315969	0x315bbf	+0x256	dispatch	0xcdac7	169	0x9af18	0xab	0x1e8	0x129	0x1e31	0x8ee1	0x6ea2	ab00e8012901311ee18ea26eeb88cf9ecf06bee8010aaba3094961d69865e9dc	prefix_32_of_598	0x2ab32381	0x6e5d9892	0x2af72783	0x4000d60c	+0x1509ae89	0x3a	0x3a
1342	0x787fe407836d	169	0x9af18	0x315bbf	0x310ca5	-0x4f1a	dispatch	0xcdac7	310	0xb8556	0xab	0x1e8	0x10c	0x1c4a	0x63e6	0x5af	ab00e8010c014a1ce663af053cd2e4092be80199f5de2fb4dd1429a30a54917a	backedge_sample	0x6e5d9892	0x148226cc	0x4000d60c	0xffaffb65	+0xbfaf2559	0x3a	0x3a
1343	0x787fe407836d	310	0xb8556	0x310ca5	0x310ef0	+0x24b	dispatch	0xcdac7	310	0xb8556	0x1e8	0xa5	0xcb	0x9ebf	0x7635	0x390	e801a500cb00bf9e35769003042ba8fcee6d9ce801f7d8ab009003dc5941168f	prefix_32_of_587	0x148226cc	0x14100010	0xffaffb65	0x3f0612b2	-0xc0a9e8b3	0x3a	0x3a
1344	0x787fe407836d	310	0xb8556	0x310ef0	0x311163	+0x273	dispatch	0xcdac7	169	0x9af18	0x1e8	0x162	0x154	0xf7c	0x99	0x92e7	e801620154017c0f9900e792dc1375ac08b602e801bf8c2f019289f5a0fa7e69	prefix_32_of_627	0x14100010	0xc83095f0	0x3f0612b2	0x400110fe	+0xfafe4c	0x3a	0x3a
1345	0x787fe407836d	169	0x9af18	0x311163	0x3113a5	+0x242	dispatch	0xcdac7	169	0x9af18	0xa5	0x1e8	0x10c	0x1c4a	0x67ae	0x6b6	a500e8010c014a1cae67b6063aa56428d9e80129f1186774139007d64940f679	prefix_32_of_578	0xc83095f0	0x7adeff2e	0x400110fe	0x78de0800	+0x38dcf702	0x3a	0x3a
1346	0x787fe407836d	169	0x9af18	0x3113a5	0x3115e7	+0x242	dispatch	0xcdac7	310	0xb8556	0x162	0x1e8	0xbd	0x99	0xe914	0x26e8	6201e801bd00990014e9e826ba56639900de34e8017709ab00041dab006485b4	prefix_32_of_578	0x7adeff2e	0x2948	0x78de0800	0x2948	-0x78dddeb8	0x3a	0x3a
1347	0x787fe407836d	310	0xb8556	0x3115e7	0x311829	+0x242	dispatch	0xcdac7	169	0x9af18	0x1e8	0xa5	0x9d	0xd56f	0x99	0xad8	e801a5009d006fd59900d80a53f58761012fcee8011603b240666e6e27e60d3a	prefix_32_of_578	0x2948	0x3acddfde	0x2948	0x585c5c02	+0x585c32ba	0x3a	0x3a
1348	0x787fe407836d	169	0x9af18	0x311829	0x311a6b	+0x242	dispatch	0xcdac7	169	0x9af18	0xab	0x1e8	0x151	0x94f0	0x99	0xfcec	ab00e8015101f0949900ecfc8b0cd809e4e80111f8d746656b7dce813884ab00	prefix_32_of_578	0x3acddfde	0xef1b287	0x585c5c02	0x69145f5a	+0x10b80358	0x3a	0x3a
1349	0x787fe407836d	169	0x9af18	0x311a6b	0x311cad	+0x242	dispatch	0xcdac7	310	0xb8556	0xa5	0x1e8	0x72	0x64cb	0xac8c	0x620	a500e8017200cb648cac200648efdaf5e0bf18e8015f2dab001a531a84d8ab00	prefix_32_of_578	0xef1b287	0x524c03c5	0x69145f5a	0x7df7dfda	+0x14e38080	0x3a	0x3a
1350	0x787fe407836d	310	0xb8556	0x311cad	0x311f69	+0x2bc	dispatch	0xcdac7	310	0xb8556	0x1e8	0xa5	0x10c	0x1c4a	0x6c86	0x7438	e801a5000c014a1c866c38749900ba703aa3e6e801859db8ec9f9147b7bebdaa	prefix_32_of_700	0x524c03c5	0x8e78f1da	0x7df7dfda	0xeb377ffe	+0x6d3fa024	0x3a	0x3a
1351	0x787fe407836d	310	0xb8556	0x311f69	0x31223a	+0x2d1	dispatch	0xcdac7	310	0xb8556	0x1e8	0xa5	0x14d	0xe523	0x99	0xe367	e801a5004d0123e5990067e332d17995c6459ee801880a70a4781ff2ff90977e	prefix_32_of_721	0x8e78f1da	0x8e4e0de5	0xeb377ffe	0x7bd7fefb	-0x6f5f8103	0x3a	0x3a
1352	0x787fe407836d	310	0xb8556	0x31223a	0x312464	+0x22a	dispatch	0xcdac7	169	0x9af18	0x1e8	0xab	0x151	0x9568	0x99	0xae47	e801ab0051016895990047ae9900f3a03a2e3ae801d80a443786cf06c648acd7	prefix_32_of_554	0x8e4e0de5	0x347541db	0x7bd7fefb	0x69945ffa	-0x12439f01	0x3a	0x3a
1353	0x787fe407836d	169	0x9af18	0x312464	0x31268e	+0x22a	dispatch	0xcdac7	310	0xb8556	0xab	0x1e8	0x42	0x97f9	0x8b3a	0x99da	ab00e8014200f9973a8bda99009a299900e801e4734b803a09b993007451ab00	prefix_32_of_554	0x347541db	0x5675bb90	0x69945ffa	0xffc76ef9	+0x96330eff	0x3a	0x3a
1354	0x787fe407836d	310	0xb8556	0x31268e	0x312868	+0x1da	dispatch	0xcdac7	169	0x9af18	0x1e8	0x162	0x10c	0x1c4a	0x6576	0x4392	e80162010c014a1c76659243358b8809c82954e8014c0cab0058019c10f7f483	prefix_32_of_474	0x5675bb90	0x221c12	0xffc76ef9	0x3f06a742	-0xc0c0c7b7	0x3a	0x3a
1355	0x787fe407836d	169	0x9af18	0x312868	0x312aee	+0x286	dispatch	0xcdac7	169	0x9af18	0xab	0x1e8	0x12	0x5e8	0xae3a	0xb4a5	ab00e8011200e8053aaea5b4a2606756d86000e801d80a90778a7301aa4f8cd8	prefix_32_of_646	0x221c12	0x8e3c0ca2	0x3f06a742	0x6f95fefa	+0x308f57b8	0x3a	0x3a
1356	0x787fe407836d	169	0x9af18	0x312aee	0x312cd0	+0x1e2	dispatch	0xcdac7	169	0x9af18	0x162	0x1e8	0x9d	0xd4ff	0x99	0x3810	6201e8019d00ffd499001038377504acaadc9ee80188acfa117cde3f9f9f57fa	prefix_32_of_482	0x8e3c0ca2	0xfbf79ddb	0x6f95fefa	0xf9f3eb74	+0x8a5dec7a	0x3a	0x3a
1357	0x787fe407836d	169	0x9af18	0x312cd0	0x312f26	+0x256	dispatch	0xcdac7	310	0xb8556	0x162	0x1e8	0xbd	0x99	0xe964	0x860	6201e801bd00990064e96008f0890e712b581de8014b1ac6d48406bceffeed89	prefix_32_of_598	0xfbf79ddb	0x4b8eb2de	0xf9f3eb74	0x7b1c5e5e	-0x7ed78d16	0x3a	0x3a
1358	0x787fe407836d	310	0xb8556	0x312f26	0x313169	+0x243	dispatch	0xcdac7	310	0xb8556	0x1e8	0x162	0xb9	0xa483	0x543a	0xcd68	e8016201b90083a43a5468cdd0817305599acde80104b48b0ce80544a5607c99	prefix_32_of_579	0x4b8eb2de	0x7afe7fef	0x7b1c5e5e	0x727e02a8	-0x89e5bb6	0x3a	0x3a
1359	0x787fe407836d	310	0xb8556	0x313169	0x31334b	+0x1e2	dispatch	0xcdac7	169	0x9af18	0x1e8	0xa5	0x151	0x99e0	0x99	0x2580	e801a5005101e09999008025faf2b3bb03cc5ae801979b477a218516bad00004	prefix_32_of_482	0x7afe7fef	0xce4d8465	0x727e02a8	0x7f3e7f7b	+0xcc07cd3	0x3a	0x3a
1360	0x787fe407836d	169	0x9af18	0x31334b	0x3135b9	+0x26e	dispatch	0xcdac7	169	0x9af18	0xa5	0x1e8	0x40	0xa81d	0x99	0x620	a500e80140001da899002006e89ff41597541ce801ab9e2ac633af3ada4c1da9	prefix_32_of_622	0xce4d8465	0xc917a90d	0x7f3e7f7b	0xc917a90d	+0x49d92992	0x3a	0x3a
1361	0x787fe407836d	169	0x9af18	0x3135b9	0x3137fc	+0x243	dispatch	0xcdac7	310	0xb8556	0x162	0x1e8	0x40	0xa2bd	0x99	0x1b17	6201e8014000bda29900171bab6f0801d4e8014ab2d76ef4e32006be862314d7	prefix_32_of_579	0xc917a90d	0x8df97560	0xc917a90d	0x694cb90f	-0x5fcaeffe	0x3a	0x3a
1362	0x787fe407836d	310	0xb8556	0x3137fc	0x3139de	+0x1e2	dispatch	0xcdac7	310	0xb8556	0x1e8	0x162	0xa8	0x99	0xd0ce	0x339a	e8016201a8009900ced09a331c968809df4913e8013e1db47be2ab00a9a94eef	prefix_32_of_482	0x8df97560	0x4a612e32	0x694cb90f	0x5f8f8af3	-0x9bd2e1c	0x3a	0x3a
1363	0x787fe407836d	310	0xb8556	0x3139de	0x313c4c	+0x26e	dispatch	0xcdac7	169	0x9af18	0x1e8	0xa5	0x154	0x12ac	0x99	0x6160	e801a5005401ac12990060615dd8ca85aa86fae801e80522b455bce3a77dd306	prefix_32_of_622	0x4a612e32	0x8f70318b	0x5f8f8af3	0xfbfb8b3c	+0x9c6c0049	0x3a	0x3a
1364	0x787fe407836d	169	0x9af18	0x313c4c	0x313e8f	+0x243	dispatch	0xcdac7	169	0x9af18	0xab	0x1e8	0x14d	0xe973	0x99	0xe987	ab00e8014d0173e9990087e926178cfb71d638e8010b62f5e882fa050f99789a	prefix_32_of_579	0x8f70318b	0xfed1df96	0xfbfb8b3c	0x58a4dcd6	-0xa356ae66	0x3a	0x3a
1365	0x787fe407836d	169	0x9af18	0x313e8f	0x314071	+0x1e2	dispatch	0xcdac7	169	0x9af18	0x162	0x1e8	0x9d	0xd4ff	0x99	0x3390	6201e8019d00ffd49900903337b623a8e5df73e8019798477690393ef22f9bcb	prefix_32_of_482	0xfed1df96	0x4ac60206	0x58a4dcd6	0x5ee7d2fb	+0x642f625	0x3a	0x3a
1366	0x787fe407836d	169	0x9af18	0x314071	0x3142df	+0x26e	dispatch	0xcdac7	310	0xb8556	0x162	0x1e8	0xa8	0x99	0xd4b6	0x9fd6	6201e801a8009900b6d4d69fbcef4e5f09e8011cb697d66ed299928e413a85b4	prefix_32_of_622	0x4ac60206	0x861eb185	0x5ee7d2fb	0xdf95e7f4	+0x80ae14f9	0x3a	0x3a
1367	0x787fe407836d	310	0xb8556	0x3142df	0x314522	+0x243	dispatch	0xcdac7	310	0xb8556	0x1e8	0xab	0xd7	0xa88	0xd888	0x227d	e801ab00d700880a88d87d220b07a29900b00ee801c9569798eedb0f85a424a2	prefix_32_of_579	0x861eb185	0x34a042ea	0xdf95e7f4	0x3ce04eeb	-0xa2b59909	0x3a	0x3a
1368	0x787fe407836d	310	0xb8556	0x314522	0x314704	+0x1e2	dispatch	0xcdac7	310	0xb8556	0x1e8	0x162	0xcb	0x9a07	0x7635	0x1ca1	e8016201cb00079a3576a11c1587d000e463e6e801744fab006005408141e30a	prefix_32_of_482	0x34a042ea	0xfcdeff37	0x3ce04eeb	0xfcd60600	+0xbff5b715	0x3a	0x3a
1369	0x787fe407836d	310	0xb8556	0x314704	0x314972	+0x26e	dispatch	0xcdac7	169	0x9af18	0x1e8	0x162	0x133	0x553a	0xc4b4	0x9913	e801620133013a55b4c41399000f9926d6e801b4c893293a145770293fba3bd7	prefix_32_of_622	0xfcdeff37	0xf8eeff37	0xfcd60600	0xf8e60910	-0x3effcf0	0x3a	0x3a
1370	0x787fe407836d	169	0x9af18	0x314972	0x314bb5	+0x243	dispatch	0xcdac7	310	0xb8556	0xab	0x1e8	0x133	0xd3a	0x17b0	0x3590	ab00e80133013a0db017903576da52830d9d9ee801174b3aac16ab007e67bbcf	prefix_32_of_579	0xf8eeff37	0x62662dfb	0xf8e60910	0xbffcca14	-0x38e93efc	0x3a	0x3a
1371	0x787fe407836d	310	0xb8556	0x314bb5	0x314d97	+0x1e2	dispatch	0xcdac7	169	0x9af18	0x1e8	0xa5	0x154	0xec4	0x99	0xdaa	e801a5005401c40e9900aa0d3e77f80828c29ae801209b1de1b283cc41d0003c	prefix_32_of_482	0x62662dfb	0xfadf7f2d	0xbffcca14	0xf21b0800	+0x321e3dec	0x3a	0x3a
1372	0x787fe407836d	169	0x9af18	0x314d97	0x315005	+0x26e	dispatch	0xcdac7	310	0xb8556	0x162	0x1e8	0x154	0x1334	0x99	0x1060	6201e80154013413990060103a1468c6d70e38e801880ac47c15400b7ef3eb03	prefix_32_of_622	0xfadf7f2d	0xe34473c6	0xf21b0800	0xe74477c6	-0xad6903a	0x3a	0x3a
1373	0x787fe407836d	310	0xb8556	0x315005	0x31522f	+0x22a	dispatch	0xcdac7	310	0xb8556	0x1e8	0xab	0x2b	0x7ded	0x99	0x9d3a	e801ab002b00ed7d99003a9daf99001ceee5a3e801abfa76d8093db434706b58	prefix_32_of_554	0xe34473c6	0x69b0303a	0xe74477c6	0x69145e5a	-0x7e30196c	0x3a	0x3a
1374	0x787fe407836d	310	0xb8556	0x31522f	0x315486	+0x257	dispatch	0xcdac7	169	0x9af18	0x1e8	0xab	0xc7	0x4f47	0x2c3a	0xae89	e801ab00c700474f3a2c89ae01349650eb981ae801bbffdce71f77f3025db1c8	prefix_32_of_599	0x69b0303a	0x841ab3c5	0x69145e5a	0x841ab3c5	+0x1b06556b	0x3a	0x3a
1375	0x787fe407836d	169	0x9af18	0x315486	0x3156ca	+0x244	dispatch	0xcdac7	169	0x9af18	0xa5	0x1e8	0x12	0x620	0xdc3a	0xfca3	a500e801120020063adca3fce00d85dd41f69ae801e0a76a83e8bb0003922025	prefix_32_of_580	0x841ab3c5	0xf613f930	0x841ab3c5	0x3ffce85e	-0x441dcb67	0x3a	0x3a
1376	0x787fe407836d	169	0x9af18	0x3156ca	0x315969	+0x29f	dispatch	0xcdac7	169	0x9af18	0xab	0x1e8	0x9d	0xcf07	0x99	0xf9a4	ab00e8019d0007cf9900a4f90133438c86ac48e801f3e7ab00737721d5bfd52a	prefix_32_of_671	0xf613f930	0x2ab32381	0x3ffce85e	0x2af72783	-0x1505c0db	0x3a	0x3a
1377	0x787fe407836d	169	0x9af18	0x315969	0x315bbf	+0x256	dispatch	0xcdac7	169	0x9af18	0xab	0x1e8	0x129	0x1e31	0x8ee1	0x6ea2	ab00e8012901311ee18ea26eeb88cf9ecf06bee8010aaba3094961d69865e9dc	prefix_32_of_598	0x2ab32381	0x6e5d9892	0x2af72783	0x4000d60c	+0x1509ae89	0x3a	0x3a
1378	0x787fe407836d	169	0x9af18	0x315bbf	0x310ca5	-0x4f1a	dispatch	0xcdac7	310	0xb8556	0xab	0x1e8	0x10c	0x1c4a	0x63e6	0x5af	ab00e8010c014a1ce663af053cd2e4092be80199f5de2fb4dd1429a30a54917a	backedge_sample	0x6e5d9892	0x148226cc	0x4000d60c	0xffaffb65	+0xbfaf2559	0x3a	0x3a
1379	0x787fe407836d	310	0xb8556	0x310ca5	0x310ef0	+0x24b	dispatch	0xcdac7	310	0xb8556	0x1e8	0xa5	0xcb	0x9ebf	0x7635	0x390	e801a500cb00bf9e35769003042ba8fcee6d9ce801f7d8ab009003dc5941168f	prefix_32_of_587	0x148226cc	0x14100010	0xffaffb65	0x3f0612b2	-0xc0a9e8b3	0x3a	0x3a
1380	0x787fe407836d	310	0xb8556	0x310ef0	0x311163	+0x273	dispatch	0xcdac7	169	0x9af18	0x1e8	0x162	0x154	0xf7c	0x99	0x92e7	e801620154017c0f9900e792dc1375ac08b602e801bf8c2f019289f5a0fa7e69	prefix_32_of_627	0x14100010	0xc83095f0	0x3f0612b2	0x400110fe	+0xfafe4c	0x3a	0x3a
1381	0x787fe407836d	169	0x9af18	0x311163	0x3113a5	+0x242	dispatch	0xcdac7	169	0x9af18	0xa5	0x1e8	0x10c	0x1c4a	0x67ae	0x6b6	a500e8010c014a1cae67b6063aa56428d9e80129f1186774139007d64940f679	prefix_32_of_578	0xc83095f0	0x7adeff2e	0x400110fe	0x78de0800	+0x38dcf702	0x3a	0x3a
1382	0x787fe407836d	169	0x9af18	0x3113a5	0x3115e7	+0x242	dispatch	0xcdac7	310	0xb8556	0x162	0x1e8	0xbd	0x99	0xe914	0x26e8	6201e801bd00990014e9e826ba56639900de34e8017709ab00041dab006485b4	prefix_32_of_578	0x7adeff2e	0x2948	0x78de0800	0x2948	-0x78dddeb8	0x3a	0x3a
1383	0x787fe407836d	310	0xb8556	0x3115e7	0x311829	+0x242	dispatch	0xcdac7	169	0x9af18	0x1e8	0xa5	0x9d	0xd56f	0x99	0xad8	e801a5009d006fd59900d80a53f58761012fcee8011603b240666e6e27e60d3a	prefix_32_of_578	0x2948	0x3acddfde	0x2948	0x585c5c02	+0x585c32ba	0x3a	0x3a
1384	0x787fe407836d	169	0x9af18	0x311829	0x311a6b	+0x242	dispatch	0xcdac7	169	0x9af18	0xab	0x1e8	0x151	0x94f0	0x99	0xfcec	ab00e8015101f0949900ecfc8b0cd809e4e80111f8d746656b7dce813884ab00	prefix_32_of_578	0x3acddfde	0xef1b287	0x585c5c02	0x69145f5a	+0x10b80358	0x3a	0x3a
1385	0x787fe407836d	169	0x9af18	0x311a6b	0x311cad	+0x242	dispatch	0xcdac7	310	0xb8556	0xa5	0x1e8	0x72	0x64cb	0xac8c	0x620	a500e8017200cb648cac200648efdaf5e0bf18e8015f2dab001a531a84d8ab00	prefix_32_of_578	0xef1b287	0x524c03c5	0x69145f5a	0x7df7dfda	+0x14e38080	0x3a	0x3a
1386	0x787fe407836d	310	0xb8556	0x311cad	0x311f69	+0x2bc	dispatch	0xcdac7	310	0xb8556	0x1e8	0xa5	0x10c	0x1c4a	0x6c86	0x7438	e801a5000c014a1c866c38749900ba703aa3e6e801859db8ec9f9147b7bebdaa	prefix_32_of_700	0x524c03c5	0x8e78f1da	0x7df7dfda	0xeb377ffe	+0x6d3fa024	0x3a	0x3a
1387	0x787fe407836d	310	0xb8556	0x311f69	0x31223a	+0x2d1	dispatch	0xcdac7	310	0xb8556	0x1e8	0xa5	0x14d	0xe523	0x99	0xe367	e801a5004d0123e5990067e332d17995c6459ee801880a70a4781ff2ff90977e	prefix_32_of_721	0x8e78f1da	0x8e4e0de5	0xeb377ffe	0x7bd7fefb	-0x6f5f8103	0x3a	0x3a
1388	0x787fe407836d	310	0xb8556	0x31223a	0x312464	+0x22a	dispatch	0xcdac7	169	0x9af18	0x1e8	0xab	0x151	0x9568	0x99	0xae47	e801ab0051016895990047ae9900f3a03a2e3ae801d80a443786cf06c648acd7	prefix_32_of_554	0x8e4e0de5	0x347541db	0x7bd7fefb	0x69945ffa	-0x12439f01	0x3a	0x3a
1389	0x787fe407836d	169	0x9af18	0x312464	0x31268e	+0x22a	dispatch	0xcdac7	310	0xb8556	0xab	0x1e8	0x42	0x97f9	0x8b3a	0x99da	ab00e8014200f9973a8bda99009a299900e801e4734b803a09b993007451ab00	prefix_32_of_554	0x347541db	0x5675bb90	0x69945ffa	0xffc76ef9	+0x96330eff	0x3a	0x3a
1390	0x787fe407836d	310	0xb8556	0x31268e	0x312868	+0x1da	dispatch	0xcdac7	169	0x9af18	0x1e8	0x162	0x10c	0x1c4a	0x6576	0x4392	e80162010c014a1c76659243358b8809c82954e8014c0cab0058019c10f7f483	prefix_32_of_474	0x5675bb90	0x221c12	0xffc76ef9	0x3f06a742	-0xc0c0c7b7	0x3a	0x3a
1391	0x787fe407836d	169	0x9af18	0x312868	0x312aee	+0x286	dispatch	0xcdac7	169	0x9af18	0xab	0x1e8	0x12	0x5e8	0xae3a	0xb4a5	ab00e8011200e8053aaea5b4a2606756d86000e801d80a90778a7301aa4f8cd8	prefix_32_of_646	0x221c12	0x8e3c0ca2	0x3f06a742	0x6f95fefa	+0x308f57b8	0x3a	0x3a
1392	0x787fe407836d	169	0x9af18	0x312aee	0x312cd0	+0x1e2	dispatch	0xcdac7	169	0x9af18	0x162	0x1e8	0x9d	0xd4ff	0x99	0x3810	6201e8019d00ffd499001038377504acaadc9ee80188acfa117cde3f9f9f57fa	prefix_32_of_482	0x8e3c0ca2	0xfbf79ddb	0x6f95fefa	0xf9f3eb74	+0x8a5dec7a	0x3a	0x3a
1393	0x787fe407836d	169	0x9af18	0x312cd0	0x312f26	+0x256	dispatch	0xcdac7	310	0xb8556	0x162	0x1e8	0xbd	0x99	0xe964	0x860	6201e801bd00990064e96008f0890e712b581de8014b1ac6d48406bceffeed89	prefix_32_of_598	0xfbf79ddb	0x4b8eb2de	0xf9f3eb74	0x7b1c5e5e	-0x7ed78d16	0x3a	0x3a
1394	0x787fe407836d	310	0xb8556	0x312f26	0x313169	+0x243	dispatch	0xcdac7	310	0xb8556	0x1e8	0x162	0xb9	0xa483	0x543a	0xcd68	e8016201b90083a43a5468cdd0817305599acde80104b48b0ce80544a5607c99	prefix_32_of_579	0x4b8eb2de	0x7afe7fef	0x7b1c5e5e	0x727e02a8	-0x89e5bb6	0x3a	0x3a
1395	0x787fe407836d	310	0xb8556	0x313169	0x31334b	+0x1e2	dispatch	0xcdac7	169	0x9af18	0x1e8	0xa5	0x151	0x99e0	0x99	0x2580	e801a5005101e09999008025faf2b3bb03cc5ae801979b477a218516bad00004	prefix_32_of_482	0x7afe7fef	0xce4d8465	0x727e02a8	0x7f3e7f7b	+0xcc07cd3	0x3a	0x3a
1396	0x787fe407836d	169	0x9af18	0x31334b	0x3135b9	+0x26e	dispatch	0xcdac7	169	0x9af18	0xa5	0x1e8	0x40	0xa81d	0x99	0x620	a500e80140001da899002006e89ff41597541ce801ab9e2ac633af3ada4c1da9	prefix_32_of_622	0xce4d8465	0xc917a90d	0x7f3e7f7b	0xc917a90d	+0x49d92992	0x3a	0x3a
1397	0x787fe407836d	169	0x9af18	0x3135b9	0x3137fc	+0x243	dispatch	0xcdac7	310	0xb8556	0x162	0x1e8	0x40	0xa2bd	0x99	0x1b17	6201e8014000bda29900171bab6f0801d4e8014ab2d76ef4e32006be862314d7	prefix_32_of_579	0xc917a90d	0x8df97560	0xc917a90d	0x694cb90f	-0x5fcaeffe	0x3a	0x3a
1398	0x787fe407836d	310	0xb8556	0x3137fc	0x3139de	+0x1e2	dispatch	0xcdac7	310	0xb8556	0x1e8	0x162	0xa8	0x99	0xd0ce	0x339a	e8016201a8009900ced09a331c968809df4913e8013e1db47be2ab00a9a94eef	prefix_32_of_482	0x8df97560	0x4a612e32	0x694cb90f	0x5f8f8af3	-0x9bd2e1c	0x3a	0x3a
1399	0x787fe407836d	310	0xb8556	0x3139de	0x313c4c	+0x26e	dispatch	0xcdac7	169	0x9af18	0x1e8	0xa5	0x154	0x12ac	0x99	0x6160	e801a5005401ac12990060615dd8ca85aa86fae801e80522b455bce3a77dd306	prefix_32_of_622	0x4a612e32	0x8f70318b	0x5f8f8af3	0xfbfb8b3c	+0x9c6c0049	0x3a	0x3a
1400	0x787fe407836d	169	0x9af18	0x313c4c	0x313e8f	+0x243	dispatch	0xcdac7	169	0x9af18	0xab	0x1e8	0x14d	0xe973	0x99	0xe987	ab00e8014d0173e9990087e926178cfb71d638e8010b62f5e882fa050f99789a	prefix_32_of_579	0x8f70318b	0xfed1df96	0xfbfb8b3c	0x58a4dcd6	-0xa356ae66	0x3a	0x3a
1401	0x787fe407836d	169	0x9af18	0x313e8f	0x314071	+0x1e2	dispatch	0xcdac7	169	0x9af18	0x162	0x1e8	0x9d	0xd4ff	0x99	0x3390	6201e8019d00ffd49900903337b623a8e5df73e8019798477690393ef22f9bcb	prefix_32_of_482	0xfed1df96	0x4ac60206	0x58a4dcd6	0x5ee7d2fb	+0x642f625	0x3a	0x3a
1402	0x787fe407836d	169	0x9af18	0x314071	0x3142df	+0x26e	dispatch	0xcdac7	310	0xb8556	0x162	0x1e8	0xa8	0x99	0xd4b6	0x9fd6	6201e801a8009900b6d4d69fbcef4e5f09e8011cb697d66ed299928e413a85b4	prefix_32_of_622	0x4ac60206	0x861eb185	0x5ee7d2fb	0xdf95e7f4	+0x80ae14f9	0x3a	0x3a
1403	0x787fe407836d	310	0xb8556	0x3142df	0x314522	+0x243	dispatch	0xcdac7	310	0xb8556	0x1e8	0xab	0xd7	0xa88	0xd888	0x227d	e801ab00d700880a88d87d220b07a29900b00ee801c9569798eedb0f85a424a2	prefix_32_of_579	0x861eb185	0x34a042ea	0xdf95e7f4	0x3ce04eeb	-0xa2b59909	0x3a	0x3a
1404	0x787fe407836d	310	0xb8556	0x314522	0x314704	+0x1e2	dispatch	0xcdac7	310	0xb8556	0x1e8	0x162	0xcb	0x9a07	0x7635	0x1ca1	e8016201cb00079a3576a11c1587d000e463e6e801744fab006005408141e30a	prefix_32_of_482	0x34a042ea	0xfcdeff37	0x3ce04eeb	0xfcd60600	+0xbff5b715	0x3a	0x3a
1405	0x787fe407836d	310	0xb8556	0x314704	0x314972	+0x26e	dispatch	0xcdac7	169	0x9af18	0x1e8	0x162	0x133	0x553a	0xc4b4	0x9913	e801620133013a55b4c41399000f9926d6e801b4c893293a145770293fba3bd7	prefix_32_of_622	0xfcdeff37	0xf8eeff37	0xfcd60600	0xf8e60910	-0x3effcf0	0x3a	0x3a
1406	0x787fe407836d	169	0x9af18	0x314972	0x314bb5	+0x243	dispatch	0xcdac7	310	0xb8556	0xab	0x1e8	0x133	0xd3a	0x17b0	0x3590	ab00e80133013a0db017903576da52830d9d9ee801174b3aac16ab007e67bbcf	prefix_32_of_579	0xf8eeff37	0x62662dfb	0xf8e60910	0xbffcca14	-0x38e93efc	0x3a	0x3a
1407	0x787fe407836d	310	0xb8556	0x314bb5	0x314d97	+0x1e2	dispatch	0xcdac7	169	0x9af18	0x1e8	0xa5	0x154	0xec4	0x99	0xdaa	e801a5005401c40e9900aa0d3e77f80828c29ae801209b1de1b283cc41d0003c	prefix_32_of_482	0x62662dfb	0xfadf7f2d	0xbffcca14	0xf21b0800	+0x321e3dec	0x3a	0x3a
1408	0x787fe407836d	169	0x9af18	0x314d97	0x315005	+0x26e	dispatch	0xcdac7	310	0xb8556	0x162	0x1e8	0x154	0x1334	0x99	0x1060	6201e80154013413990060103a1468c6d70e38e801880ac47c15400b7ef3eb03	prefix_32_of_622	0xfadf7f2d	0xe34473c6	0xf21b0800	0xe74477c6	-0xad6903a	0x3a	0x3a
1409	0x787fe407836d	310	0xb8556	0x315005	0x31522f	+0x22a	dispatch	0xcdac7	310	0xb8556	0x1e8	0xab	0x2b	0x7ded	0x99	0x9d3a	e801ab002b00ed7d99003a9daf99001ceee5a3e801abfa76d8093db434706b58	prefix_32_of_554	0xe34473c6	0x69b0303a	0xe74477c6	0x69145e5a	-0x7e30196c	0x3a	0x3a
1410	0x787fe407836d	310	0xb8556	0x31522f	0x315486	+0x257	dispatch	0xcdac7	169	0x9af18	0x1e8	0xab	0xc7	0x4f47	0x2c3a	0xae89	e801ab00c700474f3a2c89ae01349650eb981ae801bbffdce71f77f3025db1c8	prefix_32_of_599	0x69b0303a	0x841ab3c5	0x69145e5a	0x841ab3c5	+0x1b06556b	0x3a	0x3a
1411	0x787fe407836d	169	0x9af18	0x315486	0x3156ca	+0x244	dispatch	0xcdac7	169	0x9af18	0xa5	0x1e8	0x12	0x620	0xdc3a	0xfca3	a500e801120020063adca3fce00d85dd41f69ae801e0a76a83e8bb0003922025	prefix_32_of_580	0x841ab3c5	0xf613f930	0x841ab3c5	0x3ffce85e	-0x441dcb67	0x3a	0x3a
1412	0x787fe407836d	169	0x9af18	0x3156ca	0x315969	+0x29f	dispatch	0xcdac7	169	0x9af18	0xab	0x1e8	0x9d	0xcf07	0x99	0xf9a4	ab00e8019d0007cf9900a4f90133438c86ac48e801f3e7ab00737721d5bfd52a	prefix_32_of_671	0xf613f930	0x2ab32381	0x3ffce85e	0x2af72783	-0x1505c0db	0x3a	0x3a
1413	0x787fe407836d	169	0x9af18	0x315969	0x315bbf	+0x256	dispatch	0xcdac7	169	0x9af18	0xab	0x1e8	0x129	0x1e31	0x8ee1	0x6ea2	ab00e8012901311ee18ea26eeb88cf9ecf06bee8010aaba3094961d69865e9dc	prefix_32_of_598	0x2ab32381	0x6e5d9892	0x2af72783	0x4000d60c	+0x1509ae89	0x3a	0x3a
1414	0x787fe407836d	169	0x9af18	0x315bbf	0x310ca5	-0x4f1a	dispatch	0xcdac7	310	0xb8556	0xab	0x1e8	0x10c	0x1c4a	0x63e6	0x5af	ab00e8010c014a1ce663af053cd2e4092be80199f5de2fb4dd1429a30a54917a	backedge_sample	0x6e5d9892	0x148226cc	0x4000d60c	0xffaffb65	+0xbfaf2559	0x3a	0x3a
1415	0x787fe407836d	310	0xb8556	0x310ca5	0x310ef0	+0x24b	dispatch	0xcdac7	310	0xb8556	0x1e8	0xa5	0xcb	0x9ebf	0x7635	0x390	e801a500cb00bf9e35769003042ba8fcee6d9ce801f7d8ab009003dc5941168f	prefix_32_of_587	0x148226cc	0x14100010	0xffaffb65	0x3f0612b2	-0xc0a9e8b3	0x3a	0x3a
1416	0x787fe407836d	310	0xb8556	0x310ef0	0x311163	+0x273	dispatch	0xcdac7	169	0x9af18	0x1e8	0x162	0x154	0xf7c	0x99	0x92e7	e801620154017c0f9900e792dc1375ac08b602e801bf8c2f019289f5a0fa7e69	prefix_32_of_627	0x14100010	0xc83095f0	0x3f0612b2	0x400110fe	+0xfafe4c	0x3a	0x3a
1417	0x787fe407836d	169	0x9af18	0x311163	0x3113a5	+0x242	dispatch	0xcdac7	169	0x9af18	0xa5	0x1e8	0x10c	0x1c4a	0x67ae	0x6b6	a500e8010c014a1cae67b6063aa56428d9e80129f1186774139007d64940f679	prefix_32_of_578	0xc83095f0	0x7adeff2e	0x400110fe	0x78de0800	+0x38dcf702	0x3a	0x3a
1418	0x787fe407836d	169	0x9af18	0x3113a5	0x3115e7	+0x242	dispatch	0xcdac7	310	0xb8556	0x162	0x1e8	0xbd	0x99	0xe914	0x26e8	6201e801bd00990014e9e826ba56639900de34e8017709ab00041dab006485b4	prefix_32_of_578	0x7adeff2e	0x2948	0x78de0800	0x2948	-0x78dddeb8	0x3a	0x3a
1419	0x787fe407836d	310	0xb8556	0x3115e7	0x311829	+0x242	dispatch	0xcdac7	169	0x9af18	0x1e8	0xa5	0x9d	0xd56f	0x99	0xad8	e801a5009d006fd59900d80a53f58761012fcee8011603b240666e6e27e60d3a	prefix_32_of_578	0x2948	0x3acddfde	0x2948	0x585c5c02	+0x585c32ba	0x3a	0x3a
1420	0x787fe407836d	169	0x9af18	0x311829	0x311a6b	+0x242	dispatch	0xcdac7	169	0x9af18	0xab	0x1e8	0x151	0x94f0	0x99	0xfcec	ab00e8015101f0949900ecfc8b0cd809e4e80111f8d746656b7dce813884ab00	prefix_32_of_578	0x3acddfde	0xef1b287	0x585c5c02	0x69145f5a	+0x10b80358	0x3a	0x3a
1421	0x787fe407836d	169	0x9af18	0x311a6b	0x311cad	+0x242	dispatch	0xcdac7	310	0xb8556	0xa5	0x1e8	0x72	0x64cb	0xac8c	0x620	a500e8017200cb648cac200648efdaf5e0bf18e8015f2dab001a531a84d8ab00	prefix_32_of_578	0xef1b287	0x524c03c5	0x69145f5a	0x7df7dfda	+0x14e38080	0x3a	0x3a
1422	0x787fe407836d	310	0xb8556	0x311cad	0x311f69	+0x2bc	dispatch	0xcdac7	310	0xb8556	0x1e8	0xa5	0x10c	0x1c4a	0x6c86	0x7438	e801a5000c014a1c866c38749900ba703aa3e6e801859db8ec9f9147b7bebdaa	prefix_32_of_700	0x524c03c5	0x8e78f1da	0x7df7dfda	0xeb377ffe	+0x6d3fa024	0x3a	0x3a
1423	0x787fe407836d	310	0xb8556	0x311f69	0x31223a	+0x2d1	dispatch	0xcdac7	310	0xb8556	0x1e8	0xa5	0x14d	0xe523	0x99	0xe367	e801a5004d0123e5990067e332d17995c6459ee801880a70a4781ff2ff90977e	prefix_32_of_721	0x8e78f1da	0x8e4e0de5	0xeb377ffe	0x7bd7fefb	-0x6f5f8103	0x3a	0x3a
1424	0x787fe407836d	310	0xb8556	0x31223a	0x312464	+0x22a	dispatch	0xcdac7	169	0x9af18	0x1e8	0xab	0x151	0x9568	0x99	0xae47	e801ab0051016895990047ae9900f3a03a2e3ae801d80a443786cf06c648acd7	prefix_32_of_554	0x8e4e0de5	0x347541db	0x7bd7fefb	0x69945ffa	-0x12439f01	0x3a	0x3a
1425	0x787fe407836d	169	0x9af18	0x312464	0x31268e	+0x22a	dispatch	0xcdac7	310	0xb8556	0xab	0x1e8	0x42	0x97f9	0x8b3a	0x99da	ab00e8014200f9973a8bda99009a299900e801e4734b803a09b993007451ab00	prefix_32_of_554	0x347541db	0x5675bb90	0x69945ffa	0xffc76ef9	+0x96330eff	0x3a	0x3a
1426	0x787fe407836d	310	0xb8556	0x31268e	0x312868	+0x1da	dispatch	0xcdac7	169	0x9af18	0x1e8	0x162	0x10c	0x1c4a	0x6576	0x4392	e80162010c014a1c76659243358b8809c82954e8014c0cab0058019c10f7f483	prefix_32_of_474	0x5675bb90	0x221c12	0xffc76ef9	0x3f06a742	-0xc0c0c7b7	0x3a	0x3a
1427	0x787fe407836d	169	0x9af18	0x312868	0x312aee	+0x286	dispatch	0xcdac7	169	0x9af18	0xab	0x1e8	0x12	0x5e8	0xae3a	0xb4a5	ab00e8011200e8053aaea5b4a2606756d86000e801d80a90778a7301aa4f8cd8	prefix_32_of_646	0x221c12	0x8e3c0ca2	0x3f06a742	0x6f95fefa	+0x308f57b8	0x3a	0x3a
1428	0x787fe407836d	169	0x9af18	0x312aee	0x312cd0	+0x1e2	dispatch	0xcdac7	169	0x9af18	0x162	0x1e8	0x9d	0xd4ff	0x99	0x3810	6201e8019d00ffd499001038377504acaadc9ee80188acfa117cde3f9f9f57fa	prefix_32_of_482	0x8e3c0ca2	0xfbf79ddb	0x6f95fefa	0xf9f3eb74	+0x8a5dec7a	0x3a	0x3a
1429	0x787fe407836d	169	0x9af18	0x312cd0	0x312f26	+0x256	dispatch	0xcdac7	310	0xb8556	0x162	0x1e8	0xbd	0x99	0xe964	0x860	6201e801bd00990064e96008f0890e712b581de8014b1ac6d48406bceffeed89	prefix_32_of_598	0xfbf79ddb	0x4b8eb2de	0xf9f3eb74	0x7b1c5e5e	-0x7ed78d16	0x3a	0x3a
1430	0x787fe407836d	310	0xb8556	0x312f26	0x313169	+0x243	dispatch	0xcdac7	310	0xb8556	0x1e8	0x162	0xb9	0xa483	0x543a	0xcd68	e8016201b90083a43a5468cdd0817305599acde80104b48b0ce80544a5607c99	prefix_32_of_579	0x4b8eb2de	0x7afe7fef	0x7b1c5e5e	0x727e02a8	-0x89e5bb6	0x3a	0x3a
1431	0x787fe407836d	310	0xb8556	0x313169	0x31334b	+0x1e2	dispatch	0xcdac7	169	0x9af18	0x1e8	0xa5	0x151	0x99e0	0x99	0x2580	e801a5005101e09999008025faf2b3bb03cc5ae801979b477a218516bad00004	prefix_32_of_482	0x7afe7fef	0xce4d8465	0x727e02a8	0x7f3e7f7b	+0xcc07cd3	0x3a	0x3a
1432	0x787fe407836d	169	0x9af18	0x31334b	0x3135b9	+0x26e	dispatch	0xcdac7	169	0x9af18	0xa5	0x1e8	0x40	0xa81d	0x99	0x620	a500e80140001da899002006e89ff41597541ce801ab9e2ac633af3ada4c1da9	prefix_32_of_622	0xce4d8465	0xc917a90d	0x7f3e7f7b	0xc917a90d	+0x49d92992	0x3a	0x3a
1433	0x787fe407836d	169	0x9af18	0x3135b9	0x3137fc	+0x243	dispatch	0xcdac7	310	0xb8556	0x162	0x1e8	0x40	0xa2bd	0x99	0x1b17	6201e8014000bda29900171bab6f0801d4e8014ab2d76ef4e32006be862314d7	prefix_32_of_579	0xc917a90d	0x8df97560	0xc917a90d	0x694cb90f	-0x5fcaeffe	0x3a	0x3a
1434	0x787fe407836d	310	0xb8556	0x3137fc	0x3139de	+0x1e2	dispatch	0xcdac7	310	0xb8556	0x1e8	0x162	0xa8	0x99	0xd0ce	0x339a	e8016201a8009900ced09a331c968809df4913e8013e1db47be2ab00a9a94eef	prefix_32_of_482	0x8df97560	0x4a612e32	0x694cb90f	0x5f8f8af3	-0x9bd2e1c	0x3a	0x3a
1435	0x787fe407836d	310	0xb8556	0x3139de	0x313c4c	+0x26e	dispatch	0xcdac7	169	0x9af18	0x1e8	0xa5	0x154	0x12ac	0x99	0x6160	e801a5005401ac12990060615dd8ca85aa86fae801e80522b455bce3a77dd306	prefix_32_of_622	0x4a612e32	0x8f70318b	0x5f8f8af3	0xfbfb8b3c	+0x9c6c0049	0x3a	0x3a
1436	0x787fe407836d	169	0x9af18	0x313c4c	0x313e8f	+0x243	dispatch	0xcdac7	169	0x9af18	0xab	0x1e8	0x14d	0xe973	0x99	0xe987	ab00e8014d0173e9990087e926178cfb71d638e8010b62f5e882fa050f99789a	prefix_32_of_579	0x8f70318b	0xfed1df96	0xfbfb8b3c	0x58a4dcd6	-0xa356ae66	0x3a	0x3a
1437	0x787fe407836d	169	0x9af18	0x313e8f	0x314071	+0x1e2	dispatch	0xcdac7	169	0x9af18	0x162	0x1e8	0x9d	0xd4ff	0x99	0x3390	6201e8019d00ffd49900903337b623a8e5df73e8019798477690393ef22f9bcb	prefix_32_of_482	0xfed1df96	0x4ac60206	0x58a4dcd6	0x5ee7d2fb	+0x642f625	0x3a	0x3a
1438	0x787fe407836d	169	0x9af18	0x314071	0x3142df	+0x26e	dispatch	0xcdac7	310	0xb8556	0x162	0x1e8	0xa8	0x99	0xd4b6	0x9fd6	6201e801a8009900b6d4d69fbcef4e5f09e8011cb697d66ed299928e413a85b4	prefix_32_of_622	0x4ac60206	0x861eb185	0x5ee7d2fb	0xdf95e7f4	+0x80ae14f9	0x3a	0x3a
1439	0x787fe407836d	310	0xb8556	0x3142df	0x314522	+0x243	dispatch	0xcdac7	310	0xb8556	0x1e8	0xab	0xd7	0xa88	0xd888	0x227d	e801ab00d700880a88d87d220b07a29900b00ee801c9569798eedb0f85a424a2	prefix_32_of_579	0x861eb185	0x34a042ea	0xdf95e7f4	0x3ce04eeb	-0xa2b59909	0x3a	0x3a
1440	0x787fe407836d	310	0xb8556	0x314522	0x314704	+0x1e2	dispatch	0xcdac7	310	0xb8556	0x1e8	0x162	0xcb	0x9a07	0x7635	0x1ca1	e8016201cb00079a3576a11c1587d000e463e6e801744fab006005408141e30a	prefix_32_of_482	0x34a042ea	0xfcdeff37	0x3ce04eeb	0xfcd60600	+0xbff5b715	0x3a	0x3a
1441	0x787fe407836d	310	0xb8556	0x314704	0x314972	+0x26e	dispatch	0xcdac7	169	0x9af18	0x1e8	0x162	0x133	0x553a	0xc4b4	0x9913	e801620133013a55b4c41399000f9926d6e801b4c893293a145770293fba3bd7	prefix_32_of_622	0xfcdeff37	0xf8eeff37	0xfcd60600	0xf8e60910	-0x3effcf0	0x3a	0x3a
1442	0x787fe407836d	169	0x9af18	0x314972	0x314bb5	+0x243	dispatch	0xcdac7	310	0xb8556	0xab	0x1e8	0x133	0xd3a	0x17b0	0x3590	ab00e80133013a0db017903576da52830d9d9ee801174b3aac16ab007e67bbcf	prefix_32_of_579	0xf8eeff37	0x62662dfb	0xf8e60910	0xbffcca14	-0x38e93efc	0x3a	0x3a
1443	0x787fe407836d	310	0xb8556	0x314bb5	0x314d97	+0x1e2	dispatch	0xcdac7	169	0x9af18	0x1e8	0xa5	0x154	0xec4	0x99	0xdaa	e801a5005401c40e9900aa0d3e77f80828c29ae801209b1de1b283cc41d0003c	prefix_32_of_482	0x62662dfb	0xfadf7f2d	0xbffcca14	0xf21b0800	+0x321e3dec	0x3a	0x3a
1444	0x787fe407836d	169	0x9af18	0x314d97	0x315005	+0x26e	dispatch	0xcdac7	310	0xb8556	0x162	0x1e8	0x154	0x1334	0x99	0x1060	6201e80154013413990060103a1468c6d70e38e801880ac47c15400b7ef3eb03	prefix_32_of_622	0xfadf7f2d	0xe34473c6	0xf21b0800	0xe74477c6	-0xad6903a	0x3a	0x3a
1445	0x787fe407836d	310	0xb8556	0x315005	0x31522f	+0x22a	dispatch	0xcdac7	310	0xb8556	0x1e8	0xab	0x2b	0x7ded	0x99	0x9d3a	e801ab002b00ed7d99003a9daf99001ceee5a3e801abfa76d8093db434706b58	prefix_32_of_554	0xe34473c6	0x69b0303a	0xe74477c6	0x69145e5a	-0x7e30196c	0x3a	0x3a
1446	0x787fe407836d	310	0xb8556	0x31522f	0x315486	+0x257	dispatch	0xcdac7	169	0x9af18	0x1e8	0xab	0xc7	0x4f47	0x2c3a	0xae89	e801ab00c700474f3a2c89ae01349650eb981ae801bbffdce71f77f3025db1c8	prefix_32_of_599	0x69b0303a	0x841ab3c5	0x69145e5a	0x841ab3c5	+0x1b06556b	0x3a	0x3a
1447	0x787fe407836d	169	0x9af18	0x315486	0x3156ca	+0x244	dispatch	0xcdac7	169	0x9af18	0xa5	0x1e8	0x12	0x620	0xdc3a	0xfca3	a500e801120020063adca3fce00d85dd41f69ae801e0a76a83e8bb0003922025	prefix_32_of_580	0x841ab3c5	0xf613f930	0x841ab3c5	0x3ffce85e	-0x441dcb67	0x3a	0x3a
1448	0x787fe407836d	169	0x9af18	0x3156ca	0x315969	+0x29f	dispatch	0xcdac7	169	0x9af18	0xab	0x1e8	0x9d	0xcf07	0x99	0xf9a4	ab00e8019d0007cf9900a4f90133438c86ac48e801f3e7ab00737721d5bfd52a	prefix_32_of_671	0xf613f930	0x2ab32381	0x3ffce85e	0x2af72783	-0x1505c0db	0x3a	0x3a
1449	0x787fe407836d	169	0x9af18	0x315969	0x315bbf	+0x256	dispatch	0xcdac7	169	0x9af18	0xab	0x1e8	0x129	0x1e31	0x8ee1	0x6ea2	ab00e8012901311ee18ea26eeb88cf9ecf06bee8010aaba3094961d69865e9dc	prefix_32_of_598	0x2ab32381	0x6e5d9892	0x2af72783	0x4000d60c	+0x1509ae89	0x3a	0x3a
1450	0x787fe407836d	169	0x9af18	0x315bbf	0x310ca5	-0x4f1a	dispatch	0xcdac7	310	0xb8556	0xab	0x1e8	0x10c	0x1c4a	0x63e6	0x5af	ab00e8010c014a1ce663af053cd2e4092be80199f5de2fb4dd1429a30a54917a	backedge_sample	0x6e5d9892	0x148226cc	0x4000d60c	0xffaffb65	+0xbfaf2559	0x3a	0x3a
1451	0x787fe407836d	310	0xb8556	0x310ca5	0x310ef0	+0x24b	dispatch	0xcdac7	310	0xb8556	0x1e8	0xa5	0xcb	0x9ebf	0x7635	0x390	e801a500cb00bf9e35769003042ba8fcee6d9ce801f7d8ab009003dc5941168f	prefix_32_of_587	0x148226cc	0x14100010	0xffaffb65	0x3f0612b2	-0xc0a9e8b3	0x3a	0x3a
1452	0x787fe407836d	310	0xb8556	0x310ef0	0x311163	+0x273	dispatch	0xcdac7	169	0x9af18	0x1e8	0x162	0x154	0xf7c	0x99	0x92e7	e801620154017c0f9900e792dc1375ac08b602e801bf8c2f019289f5a0fa7e69	prefix_32_of_627	0x14100010	0xc83095f0	0x3f0612b2	0x400110fe	+0xfafe4c	0x3a	0x3a
1453	0x787fe407836d	169	0x9af18	0x311163	0x3113a5	+0x242	dispatch	0xcdac7	169	0x9af18	0xa5	0x1e8	0x10c	0x1c4a	0x67ae	0x6b6	a500e8010c014a1cae67b6063aa56428d9e80129f1186774139007d64940f679	prefix_32_of_578	0xc83095f0	0x7adeff2e	0x400110fe	0x78de0800	+0x38dcf702	0x3a	0x3a
1454	0x787fe407836d	169	0x9af18	0x3113a5	0x3115e7	+0x242	dispatch	0xcdac7	310	0xb8556	0x162	0x1e8	0xbd	0x99	0xe914	0x26e8	6201e801bd00990014e9e826ba56639900de34e8017709ab00041dab006485b4	prefix_32_of_578	0x7adeff2e	0x2948	0x78de0800	0x2948	-0x78dddeb8	0x3a	0x3a
1455	0x787fe407836d	310	0xb8556	0x3115e7	0x311829	+0x242	dispatch	0xcdac7	169	0x9af18	0x1e8	0xa5	0x9d	0xd56f	0x99	0xad8	e801a5009d006fd59900d80a53f58761012fcee8011603b240666e6e27e60d3a	prefix_32_of_578	0x2948	0x3acddfde	0x2948	0x585c5c02	+0x585c32ba	0x3a	0x3a
1456	0x787fe407836d	169	0x9af18	0x311829	0x311a6b	+0x242	dispatch	0xcdac7	169	0x9af18	0xab	0x1e8	0x151	0x94f0	0x99	0xfcec	ab00e8015101f0949900ecfc8b0cd809e4e80111f8d746656b7dce813884ab00	prefix_32_of_578	0x3acddfde	0xef1b287	0x585c5c02	0x69145f5a	+0x10b80358	0x3a	0x3a
1457	0x787fe407836d	169	0x9af18	0x311a6b	0x311cad	+0x242	dispatch	0xcdac7	310	0xb8556	0xa5	0x1e8	0x72	0x64cb	0xac8c	0x620	a500e8017200cb648cac200648efdaf5e0bf18e8015f2dab001a531a84d8ab00	prefix_32_of_578	0xef1b287	0x524c03c5	0x69145f5a	0x7df7dfda	+0x14e38080	0x3a	0x3a
1458	0x787fe407836d	310	0xb8556	0x311cad	0x311f69	+0x2bc	dispatch	0xcdac7	310	0xb8556	0x1e8	0xa5	0x10c	0x1c4a	0x6c86	0x7438	e801a5000c014a1c866c38749900ba703aa3e6e801859db8ec9f9147b7bebdaa	prefix_32_of_700	0x524c03c5	0x8e78f1da	0x7df7dfda	0xeb377ffe	+0x6d3fa024	0x3a	0x3a
1459	0x787fe407836d	310	0xb8556	0x311f69	0x31223a	+0x2d1	dispatch	0xcdac7	310	0xb8556	0x1e8	0xa5	0x14d	0xe523	0x99	0xe367	e801a5004d0123e5990067e332d17995c6459ee801880a70a4781ff2ff90977e	prefix_32_of_721	0x8e78f1da	0x8e4e0de5	0xeb377ffe	0x7bd7fefb	-0x6f5f8103	0x3a	0x3a
1460	0x787fe407836d	310	0xb8556	0x31223a	0x312464	+0x22a	dispatch	0xcdac7	169	0x9af18	0x1e8	0xab	0x151	0x9568	0x99	0xae47	e801ab0051016895990047ae9900f3a03a2e3ae801d80a443786cf06c648acd7	prefix_32_of_554	0x8e4e0de5	0x347541db	0x7bd7fefb	0x69945ffa	-0x12439f01	0x3a	0x3a
1461	0x787fe407836d	169	0x9af18	0x312464	0x31268e	+0x22a	dispatch	0xcdac7	310	0xb8556	0xab	0x1e8	0x42	0x97f9	0x8b3a	0x99da	ab00e8014200f9973a8bda99009a299900e801e4734b803a09b993007451ab00	prefix_32_of_554	0x347541db	0x5675bb90	0x69945ffa	0xffc76ef9	+0x96330eff	0x3a	0x3a
1462	0x787fe407836d	310	0xb8556	0x31268e	0x312868	+0x1da	dispatch	0xcdac7	169	0x9af18	0x1e8	0x162	0x10c	0x1c4a	0x6576	0x4392	e80162010c014a1c76659243358b8809c82954e8014c0cab0058019c10f7f483	prefix_32_of_474	0x5675bb90	0x221c12	0xffc76ef9	0x3f06a742	-0xc0c0c7b7	0x3a	0x3a
1463	0x787fe407836d	169	0x9af18	0x312868	0x312aee	+0x286	dispatch	0xcdac7	169	0x9af18	0xab	0x1e8	0x12	0x5e8	0xae3a	0xb4a5	ab00e8011200e8053aaea5b4a2606756d86000e801d80a90778a7301aa4f8cd8	prefix_32_of_646	0x221c12	0x8e3c0ca2	0x3f06a742	0x6f95fefa	+0x308f57b8	0x3a	0x3a
1464	0x787fe407836d	169	0x9af18	0x312aee	0x312cd0	+0x1e2	dispatch	0xcdac7	169	0x9af18	0x162	0x1e8	0x9d	0xd4ff	0x99	0x3810	6201e8019d00ffd499001038377504acaadc9ee80188acfa117cde3f9f9f57fa	prefix_32_of_482	0x8e3c0ca2	0xfbf79ddb	0x6f95fefa	0xf9f3eb74	+0x8a5dec7a	0x3a	0x3a
1465	0x787fe407836d	169	0x9af18	0x312cd0	0x312f26	+0x256	dispatch	0xcdac7	310	0xb8556	0x162	0x1e8	0xbd	0x99	0xe964	0x860	6201e801bd00990064e96008f0890e712b581de8014b1ac6d48406bceffeed89	prefix_32_of_598	0xfbf79ddb	0x4b8eb2de	0xf9f3eb74	0x7b1c5e5e	-0x7ed78d16	0x3a	0x3a
1466	0x787fe407836d	310	0xb8556	0x312f26	0x313169	+0x243	dispatch	0xcdac7	310	0xb8556	0x1e8	0x162	0xb9	0xa483	0x543a	0xcd68	e8016201b90083a43a5468cdd0817305599acde80104b48b0ce80544a5607c99	prefix_32_of_579	0x4b8eb2de	0x7afe7fef	0x7b1c5e5e	0x727e02a8	-0x89e5bb6	0x3a	0x3a
1467	0x787fe407836d	310	0xb8556	0x313169	0x31334b	+0x1e2	dispatch	0xcdac7	169	0x9af18	0x1e8	0xa5	0x151	0x99e0	0x99	0x2580	e801a5005101e09999008025faf2b3bb03cc5ae801979b477a218516bad00004	prefix_32_of_482	0x7afe7fef	0xce4d8465	0x727e02a8	0x7f3e7f7b	+0xcc07cd3	0x3a	0x3a
1468	0x787fe407836d	169	0x9af18	0x31334b	0x3135b9	+0x26e	dispatch	0xcdac7	169	0x9af18	0xa5	0x1e8	0x40	0xa81d	0x99	0x620	a500e80140001da899002006e89ff41597541ce801ab9e2ac633af3ada4c1da9	prefix_32_of_622	0xce4d8465	0xc917a90d	0x7f3e7f7b	0xc917a90d	+0x49d92992	0x3a	0x3a
1469	0x787fe407836d	169	0x9af18	0x3135b9	0x3137fc	+0x243	dispatch	0xcdac7	310	0xb8556	0x162	0x1e8	0x40	0xa2bd	0x99	0x1b17	6201e8014000bda29900171bab6f0801d4e8014ab2d76ef4e32006be862314d7	prefix_32_of_579	0xc917a90d	0x8df97560	0xc917a90d	0x694cb90f	-0x5fcaeffe	0x3a	0x3a
1470	0x787fe407836d	310	0xb8556	0x3137fc	0x3139de	+0x1e2	dispatch	0xcdac7	310	0xb8556	0x1e8	0x162	0xa8	0x99	0xd0ce	0x339a	e8016201a8009900ced09a331c968809df4913e8013e1db47be2ab00a9a94eef	prefix_32_of_482	0x8df97560	0x4a612e32	0x694cb90f	0x5f8f8af3	-0x9bd2e1c	0x3a	0x3a
1471	0x787fe407836d	310	0xb8556	0x3139de	0x313c4c	+0x26e	dispatch	0xcdac7	169	0x9af18	0x1e8	0xa5	0x154	0x12ac	0x99	0x6160	e801a5005401ac12990060615dd8ca85aa86fae801e80522b455bce3a77dd306	prefix_32_of_622	0x4a612e32	0x8f70318b	0x5f8f8af3	0xfbfb8b3c	+0x9c6c0049	0x3a	0x3a
1472	0x787fe407836d	169	0x9af18	0x313c4c	0x313e8f	+0x243	dispatch	0xcdac7	169	0x9af18	0xab	0x1e8	0x14d	0xe973	0x99	0xe987	ab00e8014d0173e9990087e926178cfb71d638e8010b62f5e882fa050f99789a	prefix_32_of_579	0x8f70318b	0xfed1df96	0xfbfb8b3c	0x58a4dcd6	-0xa356ae66	0x3a	0x3a
1473	0x787fe407836d	169	0x9af18	0x313e8f	0x314071	+0x1e2	dispatch	0xcdac7	169	0x9af18	0x162	0x1e8	0x9d	0xd4ff	0x99	0x3390	6201e8019d00ffd49900903337b623a8e5df73e8019798477690393ef22f9bcb	prefix_32_of_482	0xfed1df96	0x4ac60206	0x58a4dcd6	0x5ee7d2fb	+0x642f625	0x3a	0x3a
1474	0x787fe407836d	169	0x9af18	0x314071	0x3142df	+0x26e	dispatch	0xcdac7	310	0xb8556	0x162	0x1e8	0xa8	0x99	0xd4b6	0x9fd6	6201e801a8009900b6d4d69fbcef4e5f09e8011cb697d66ed299928e413a85b4	prefix_32_of_622	0x4ac60206	0x861eb185	0x5ee7d2fb	0xdf95e7f4	+0x80ae14f9	0x3a	0x3a
1475	0x787fe407836d	310	0xb8556	0x3142df	0x314522	+0x243	dispatch	0xcdac7	310	0xb8556	0x1e8	0xab	0xd7	0xa88	0xd888	0x227d	e801ab00d700880a88d87d220b07a29900b00ee801c9569798eedb0f85a424a2	prefix_32_of_579	0x861eb185	0x34a042ea	0xdf95e7f4	0x3ce04eeb	-0xa2b59909	0x3a	0x3a
1476	0x787fe407836d	310	0xb8556	0x314522	0x314704	+0x1e2	dispatch	0xcdac7	310	0xb8556	0x1e8	0x162	0xcb	0x9a07	0x7635	0x1ca1	e8016201cb00079a3576a11c1587d000e463e6e801744fab006005408141e30a	prefix_32_of_482	0x34a042ea	0xfcdeff37	0x3ce04eeb	0xfcd60600	+0xbff5b715	0x3a	0x3a
1477	0x787fe407836d	310	0xb8556	0x314704	0x314972	+0x26e	dispatch	0xcdac7	169	0x9af18	0x1e8	0x162	0x133	0x553a	0xc4b4	0x9913	e801620133013a55b4c41399000f9926d6e801b4c893293a145770293fba3bd7	prefix_32_of_622	0xfcdeff37	0xf8eeff37	0xfcd60600	0xf8e60910	-0x3effcf0	0x3a	0x3a
1478	0x787fe407836d	169	0x9af18	0x314972	0x314bb5	+0x243	dispatch	0xcdac7	310	0xb8556	0xab	0x1e8	0x133	0xd3a	0x17b0	0x3590	ab00e80133013a0db017903576da52830d9d9ee801174b3aac16ab007e67bbcf	prefix_32_of_579	0xf8eeff37	0x62662dfb	0xf8e60910	0xbffcca14	-0x38e93efc	0x3a	0x3a
1479	0x787fe407836d	310	0xb8556	0x314bb5	0x314d97	+0x1e2	dispatch	0xcdac7	169	0x9af18	0x1e8	0xa5	0x154	0xec4	0x99	0xdaa	e801a5005401c40e9900aa0d3e77f80828c29ae801209b1de1b283cc41d0003c	prefix_32_of_482	0x62662dfb	0xfadf7f2d	0xbffcca14	0xf21b0800	+0x321e3dec	0x3a	0x3a
1480	0x787fe407836d	169	0x9af18	0x314d97	0x315005	+0x26e	dispatch	0xcdac7	310	0xb8556	0x162	0x1e8	0x154	0x1334	0x99	0x1060	6201e80154013413990060103a1468c6d70e38e801880ac47c15400b7ef3eb03	prefix_32_of_622	0xfadf7f2d	0xe34473c6	0xf21b0800	0xe74477c6	-0xad6903a	0x3a	0x3a
1481	0x787fe407836d	310	0xb8556	0x315005	0x31522f	+0x22a	dispatch	0xcdac7	310	0xb8556	0x1e8	0xab	0x2b	0x7ded	0x99	0x9d3a	e801ab002b00ed7d99003a9daf99001ceee5a3e801abfa76d8093db434706b58	prefix_32_of_554	0xe34473c6	0x69b0303a	0xe74477c6	0x69145e5a	-0x7e30196c	0x3a	0x3a
1482	0x787fe407836d	310	0xb8556	0x31522f	0x315486	+0x257	dispatch	0xcdac7	169	0x9af18	0x1e8	0xab	0xc7	0x4f47	0x2c3a	0xae89	e801ab00c700474f3a2c89ae01349650eb981ae801bbffdce71f77f3025db1c8	prefix_32_of_599	0x69b0303a	0x841ab3c5	0x69145e5a	0x841ab3c5	+0x1b06556b	0x3a	0x3a
1483	0x787fe407836d	169	0x9af18	0x315486	0x3156ca	+0x244	dispatch	0xcdac7	169	0x9af18	0xa5	0x1e8	0x12	0x620	0xdc3a	0xfca3	a500e801120020063adca3fce00d85dd41f69ae801e0a76a83e8bb0003922025	prefix_32_of_580	0x841ab3c5	0xf613f930	0x841ab3c5	0x3ffce85e	-0x441dcb67	0x3a	0x3a
1484	0x787fe407836d	169	0x9af18	0x3156ca	0x315969	+0x29f	dispatch	0xcdac7	169	0x9af18	0xab	0x1e8	0x9d	0xcf07	0x99	0xf9a4	ab00e8019d0007cf9900a4f90133438c86ac48e801f3e7ab00737721d5bfd52a	prefix_32_of_671	0xf613f930	0x2ab32381	0x3ffce85e	0x2af72783	-0x1505c0db	0x3a	0x3a
1485	0x787fe407836d	169	0x9af18	0x315969	0x315bbf	+0x256	dispatch	0xcdac7	169	0x9af18	0xab	0x1e8	0x129	0x1e31	0x8ee1	0x6ea2	ab00e8012901311ee18ea26eeb88cf9ecf06bee8010aaba3094961d69865e9dc	prefix_32_of_598	0x2ab32381	0x6e5d9892	0x2af72783	0x4000d60c	+0x1509ae89	0x3a	0x3a
1486	0x787fe407836d	169	0x9af18	0x315bbf	0x310ca5	-0x4f1a	dispatch	0xcdac7	310	0xb8556	0xab	0x1e8	0x10c	0x1c4a	0x63e6	0x5af	ab00e8010c014a1ce663af053cd2e4092be80199f5de2fb4dd1429a30a54917a	backedge_sample	0x6e5d9892	0x148226cc	0x4000d60c	0xffaffb65	+0xbfaf2559	0x3a	0x3a
1487	0x787fe407836d	310	0xb8556	0x310ca5	0x310ef0	+0x24b	dispatch	0xcdac7	310	0xb8556	0x1e8	0xa5	0xcb	0x9ebf	0x7635	0x390	e801a500cb00bf9e35769003042ba8fcee6d9ce801f7d8ab009003dc5941168f	prefix_32_of_587	0x148226cc	0x14100010	0xffaffb65	0x3f0612b2	-0xc0a9e8b3	0x3a	0x3a
1488	0x787fe407836d	310	0xb8556	0x310ef0	0x311163	+0x273	dispatch	0xcdac7	169	0x9af18	0x1e8	0x162	0x154	0xf7c	0x99	0x92e7	e801620154017c0f9900e792dc1375ac08b602e801bf8c2f019289f5a0fa7e69	prefix_32_of_627	0x14100010	0xc83095f0	0x3f0612b2	0x400110fe	+0xfafe4c	0x3a	0x3a
1489	0x787fe407836d	169	0x9af18	0x311163	0x3113a5	+0x242	dispatch	0xcdac7	169	0x9af18	0xa5	0x1e8	0x10c	0x1c4a	0x67ae	0x6b6	a500e8010c014a1cae67b6063aa56428d9e80129f1186774139007d64940f679	prefix_32_of_578	0xc83095f0	0x7adeff2e	0x400110fe	0x78de0800	+0x38dcf702	0x3a	0x3a
1490	0x787fe407836d	169	0x9af18	0x3113a5	0x3115e7	+0x242	dispatch	0xcdac7	310	0xb8556	0x162	0x1e8	0xbd	0x99	0xe914	0x26e8	6201e801bd00990014e9e826ba56639900de34e8017709ab00041dab006485b4	prefix_32_of_578	0x7adeff2e	0x2948	0x78de0800	0x2948	-0x78dddeb8	0x3a	0x3a
1491	0x787fe407836d	310	0xb8556	0x3115e7	0x311829	+0x242	dispatch	0xcdac7	169	0x9af18	0x1e8	0xa5	0x9d	0xd56f	0x99	0xad8	e801a5009d006fd59900d80a53f58761012fcee8011603b240666e6e27e60d3a	prefix_32_of_578	0x2948	0x3acddfde	0x2948	0x585c5c02	+0x585c32ba	0x3a	0x3a
1492	0x787fe407836d	169	0x9af18	0x311829	0x311a6b	+0x242	dispatch	0xcdac7	169	0x9af18	0xab	0x1e8	0x151	0x94f0	0x99	0xfcec	ab00e8015101f0949900ecfc8b0cd809e4e80111f8d746656b7dce813884ab00	prefix_32_of_578	0x3acddfde	0xef1b287	0x585c5c02	0x69145f5a	+0x10b80358	0x3a	0x3a
1493	0x787fe407836d	169	0x9af18	0x311a6b	0x311cad	+0x242	dispatch	0xcdac7	310	0xb8556	0xa5	0x1e8	0x72	0x64cb	0xac8c	0x620	a500e8017200cb648cac200648efdaf5e0bf18e8015f2dab001a531a84d8ab00	prefix_32_of_578	0xef1b287	0x524c03c5	0x69145f5a	0x7df7dfda	+0x14e38080	0x3a	0x3a
1494	0x787fe407836d	310	0xb8556	0x311cad	0x311f69	+0x2bc	dispatch	0xcdac7	310	0xb8556	0x1e8	0xa5	0x10c	0x1c4a	0x6c86	0x7438	e801a5000c014a1c866c38749900ba703aa3e6e801859db8ec9f9147b7bebdaa	prefix_32_of_700	0x524c03c5	0x8e78f1da	0x7df7dfda	0xeb377ffe	+0x6d3fa024	0x3a	0x3a
1495	0x787fe407836d	310	0xb8556	0x311f69	0x31223a	+0x2d1	dispatch	0xcdac7	310	0xb8556	0x1e8	0xa5	0x14d	0xe523	0x99	0xe367	e801a5004d0123e5990067e332d17995c6459ee801880a70a4781ff2ff90977e	prefix_32_of_721	0x8e78f1da	0x8e4e0de5	0xeb377ffe	0x7bd7fefb	-0x6f5f8103	0x3a	0x3a
1496	0x787fe407836d	310	0xb8556	0x31223a	0x312464	+0x22a	dispatch	0xcdac7	169	0x9af18	0x1e8	0xab	0x151	0x9568	0x99	0xae47	e801ab0051016895990047ae9900f3a03a2e3ae801d80a443786cf06c648acd7	prefix_32_of_554	0x8e4e0de5	0x347541db	0x7bd7fefb	0x69945ffa	-0x12439f01	0x3a	0x3a
1497	0x787fe407836d	169	0x9af18	0x312464	0x31268e	+0x22a	dispatch	0xcdac7	310	0xb8556	0xab	0x1e8	0x42	0x97f9	0x8b3a	0x99da	ab00e8014200f9973a8bda99009a299900e801e4734b803a09b993007451ab00	prefix_32_of_554	0x347541db	0x5675bb90	0x69945ffa	0xffc76ef9	+0x96330eff	0x3a	0x3a
1498	0x787fe407836d	310	0xb8556	0x31268e	0x312868	+0x1da	dispatch	0xcdac7	169	0x9af18	0x1e8	0x162	0x10c	0x1c4a	0x6576	0x4392	e80162010c014a1c76659243358b8809c82954e8014c0cab0058019c10f7f483	prefix_32_of_474	0x5675bb90	0x221c12	0xffc76ef9	0x3f06a742	-0xc0c0c7b7	0x3a	0x3a
1499	0x787fe407836d	169	0x9af18	0x312868	0x312aee	+0x286	dispatch	0xcdac7	169	0x9af18	0xab	0x1e8	0x12	0x5e8	0xae3a	0xb4a5	ab00e8011200e8053aaea5b4a2606756d86000e801d80a90778a7301aa4f8cd8	prefix_32_of_646	0x221c12	0x8e3c0ca2	0x3f06a742	0x6f95fefa	+0x308f57b8	0x3a	0x3a
1500	0x787fe407836d	169	0x9af18	0x312aee	0x312cd0	+0x1e2	dispatch	0xcdac7	169	0x9af18	0x162	0x1e8	0x9d	0xd4ff	0x99	0x3810	6201e8019d00ffd499001038377504acaadc9ee80188acfa117cde3f9f9f57fa	prefix_32_of_482	0x8e3c0ca2	0xfbf79ddb	0x6f95fefa	0xf9f3eb74	+0x8a5dec7a	0x3a	0x3a
1501	0x787fe407836d	169	0x9af18	0x312cd0	0x312f26	+0x256	dispatch	0xcdac7	310	0xb8556	0x162	0x1e8	0xbd	0x99	0xe964	0x860	6201e801bd00990064e96008f0890e712b581de8014b1ac6d48406bceffeed89	prefix_32_of_598	0xfbf79ddb	0x4b8eb2de	0xf9f3eb74	0x7b1c5e5e	-0x7ed78d16	0x3a	0x3a
1502	0x787fe407836d	310	0xb8556	0x312f26	0x313169	+0x243	dispatch	0xcdac7	310	0xb8556	0x1e8	0x162	0xb9	0xa483	0x543a	0xcd68	e8016201b90083a43a5468cdd0817305599acde80104b48b0ce80544a5607c99	prefix_32_of_579	0x4b8eb2de	0x7afe7fef	0x7b1c5e5e	0x727e02a8	-0x89e5bb6	0x3a	0x3a
1503	0x787fe407836d	310	0xb8556	0x313169	0x31334b	+0x1e2	dispatch	0xcdac7	169	0x9af18	0x1e8	0xa5	0x151	0x99e0	0x99	0x2580	e801a5005101e09999008025faf2b3bb03cc5ae801979b477a218516bad00004	prefix_32_of_482	0x7afe7fef	0xce4d8465	0x727e02a8	0x7f3e7f7b	+0xcc07cd3	0x3a	0x3a
1504	0x787fe407836d	169	0x9af18	0x31334b	0x3135b9	+0x26e	dispatch	0xcdac7	169	0x9af18	0xa5	0x1e8	0x40	0xa81d	0x99	0x620	a500e80140001da899002006e89ff41597541ce801ab9e2ac633af3ada4c1da9	prefix_32_of_622	0xce4d8465	0xc917a90d	0x7f3e7f7b	0xc917a90d	+0x49d92992	0x3a	0x3a
1505	0x787fe407836d	169	0x9af18	0x3135b9	0x3137fc	+0x243	dispatch	0xcdac7	310	0xb8556	0x162	0x1e8	0x40	0xa2bd	0x99	0x1b17	6201e8014000bda29900171bab6f0801d4e8014ab2d76ef4e32006be862314d7	prefix_32_of_579	0xc917a90d	0x8df97560	0xc917a90d	0x694cb90f	-0x5fcaeffe	0x3a	0x3a
1506	0x787fe407836d	310	0xb8556	0x3137fc	0x3139de	+0x1e2	dispatch	0xcdac7	310	0xb8556	0x1e8	0x162	0xa8	0x99	0xd0ce	0x339a	e8016201a8009900ced09a331c968809df4913e8013e1db47be2ab00a9a94eef	prefix_32_of_482	0x8df97560	0x4a612e32	0x694cb90f	0x5f8f8af3	-0x9bd2e1c	0x3a	0x3a
1507	0x787fe407836d	310	0xb8556	0x3139de	0x313c4c	+0x26e	dispatch	0xcdac7	169	0x9af18	0x1e8	0xa5	0x154	0x12ac	0x99	0x6160	e801a5005401ac12990060615dd8ca85aa86fae801e80522b455bce3a77dd306	prefix_32_of_622	0x4a612e32	0x8f70318b	0x5f8f8af3	0xfbfb8b3c	+0x9c6c0049	0x3a	0x3a
1508	0x787fe407836d	169	0x9af18	0x313c4c	0x313e8f	+0x243	dispatch	0xcdac7	169	0x9af18	0xab	0x1e8	0x14d	0xe973	0x99	0xe987	ab00e8014d0173e9990087e926178cfb71d638e8010b62f5e882fa050f99789a	prefix_32_of_579	0x8f70318b	0xfed1df96	0xfbfb8b3c	0x58a4dcd6	-0xa356ae66	0x3a	0x3a
1509	0x787fe407836d	169	0x9af18	0x313e8f	0x314071	+0x1e2	dispatch	0xcdac7	169	0x9af18	0x162	0x1e8	0x9d	0xd4ff	0x99	0x3390	6201e8019d00ffd49900903337b623a8e5df73e8019798477690393ef22f9bcb	prefix_32_of_482	0xfed1df96	0x4ac60206	0x58a4dcd6	0x5ee7d2fb	+0x642f625	0x3a	0x3a
1510	0x787fe407836d	169	0x9af18	0x314071	0x3142df	+0x26e	dispatch	0xcdac7	310	0xb8556	0x162	0x1e8	0xa8	0x99	0xd4b6	0x9fd6	6201e801a8009900b6d4d69fbcef4e5f09e8011cb697d66ed299928e413a85b4	prefix_32_of_622	0x4ac60206	0x861eb185	0x5ee7d2fb	0xdf95e7f4	+0x80ae14f9	0x3a	0x3a
1511	0x787fe407836d	310	0xb8556	0x3142df	0x314522	+0x243	dispatch	0xcdac7	310	0xb8556	0x1e8	0xab	0xd7	0xa88	0xd888	0x227d	e801ab00d700880a88d87d220b07a29900b00ee801c9569798eedb0f85a424a2	prefix_32_of_579	0x861eb185	0x34a042ea	0xdf95e7f4	0x3ce04eeb	-0xa2b59909	0x3a	0x3a
1512	0x787fe407836d	310	0xb8556	0x314522	0x314704	+0x1e2	dispatch	0xcdac7	310	0xb8556	0x1e8	0x162	0xcb	0x9a07	0x7635	0x1ca1	e8016201cb00079a3576a11c1587d000e463e6e801744fab006005408141e30a	prefix_32_of_482	0x34a042ea	0xfcdeff37	0x3ce04eeb	0xfcd60600	+0xbff5b715	0x3a	0x3a
1513	0x787fe407836d	310	0xb8556	0x314704	0x314972	+0x26e	dispatch	0xcdac7	169	0x9af18	0x1e8	0x162	0x133	0x553a	0xc4b4	0x9913	e801620133013a55b4c41399000f9926d6e801b4c893293a145770293fba3bd7	prefix_32_of_622	0xfcdeff37	0xf8eeff37	0xfcd60600	0xf8e60910	-0x3effcf0	0x3a	0x3a
1514	0x787fe407836d	169	0x9af18	0x314972	0x314bb5	+0x243	dispatch	0xcdac7	310	0xb8556	0xab	0x1e8	0x133	0xd3a	0x17b0	0x3590	ab00e80133013a0db017903576da52830d9d9ee801174b3aac16ab007e67bbcf	prefix_32_of_579	0xf8eeff37	0x62662dfb	0xf8e60910	0xbffcca14	-0x38e93efc	0x3a	0x3a
1515	0x787fe407836d	310	0xb8556	0x314bb5	0x314d97	+0x1e2	dispatch	0xcdac7	169	0x9af18	0x1e8	0xa5	0x154	0xec4	0x99	0xdaa	e801a5005401c40e9900aa0d3e77f80828c29ae801209b1de1b283cc41d0003c	prefix_32_of_482	0x62662dfb	0xfadf7f2d	0xbffcca14	0xf21b0800	+0x321e3dec	0x3a	0x3a
1516	0x787fe407836d	169	0x9af18	0x314d97	0x315005	+0x26e	dispatch	0xcdac7	310	0xb8556	0x162	0x1e8	0x154	0x1334	0x99	0x1060	6201e80154013413990060103a1468c6d70e38e801880ac47c15400b7ef3eb03	prefix_32_of_622	0xfadf7f2d	0xe34473c6	0xf21b0800	0xe74477c6	-0xad6903a	0x3a	0x3a
1517	0x787fe407836d	310	0xb8556	0x315005	0x31522f	+0x22a	dispatch	0xcdac7	310	0xb8556	0x1e8	0xab	0x2b	0x7ded	0x99	0x9d3a	e801ab002b00ed7d99003a9daf99001ceee5a3e801abfa76d8093db434706b58	prefix_32_of_554	0xe34473c6	0x69b0303a	0xe74477c6	0x69145e5a	-0x7e30196c	0x3a	0x3a
1518	0x787fe407836d	310	0xb8556	0x31522f	0x315486	+0x257	dispatch	0xcdac7	169	0x9af18	0x1e8	0xab	0xc7	0x4f47	0x2c3a	0xae89	e801ab00c700474f3a2c89ae01349650eb981ae801bbffdce71f77f3025db1c8	prefix_32_of_599	0x69b0303a	0x841ab3c5	0x69145e5a	0x841ab3c5	+0x1b06556b	0x3a	0x3a
1519	0x787fe407836d	169	0x9af18	0x315486	0x3156ca	+0x244	dispatch	0xcdac7	169	0x9af18	0xa5	0x1e8	0x12	0x620	0xdc3a	0xfca3	a500e801120020063adca3fce00d85dd41f69ae801e0a76a83e8bb0003922025	prefix_32_of_580	0x841ab3c5	0xf613f930	0x841ab3c5	0x3ffce85e	-0x441dcb67	0x3a	0x3a
1520	0x787fe407836d	169	0x9af18	0x3156ca	0x315969	+0x29f	dispatch	0xcdac7	169	0x9af18	0xab	0x1e8	0x9d	0xcf07	0x99	0xf9a4	ab00e8019d0007cf9900a4f90133438c86ac48e801f3e7ab00737721d5bfd52a	prefix_32_of_671	0xf613f930	0x2ab32381	0x3ffce85e	0x2af72783	-0x1505c0db	0x3a	0x3a
1521	0x787fe407836d	169	0x9af18	0x315969	0x315bbf	+0x256	dispatch	0xcdac7	169	0x9af18	0xab	0x1e8	0x129	0x1e31	0x8ee1	0x6ea2	ab00e8012901311ee18ea26eeb88cf9ecf06bee8010aaba3094961d69865e9dc	prefix_32_of_598	0x2ab32381	0x6e5d9892	0x2af72783	0x4000d60c	+0x1509ae89	0x3a	0x3a
1522	0x787fe407836d	169	0x9af18	0x315bbf	0x310ca5	-0x4f1a	dispatch	0xcdac7	310	0xb8556	0xab	0x1e8	0x10c	0x1c4a	0x63e6	0x5af	ab00e8010c014a1ce663af053cd2e4092be80199f5de2fb4dd1429a30a54917a	backedge_sample	0x6e5d9892	0x148226cc	0x4000d60c	0xffaffb65	+0xbfaf2559	0x3a	0x3a
1523	0x787fe407836d	310	0xb8556	0x310ca5	0x310ef0	+0x24b	dispatch	0xcdac7	310	0xb8556	0x1e8	0xa5	0xcb	0x9ebf	0x7635	0x390	e801a500cb00bf9e35769003042ba8fcee6d9ce801f7d8ab009003dc5941168f	prefix_32_of_587	0x148226cc	0x14100010	0xffaffb65	0x3f0612b2	-0xc0a9e8b3	0x3a	0x3a
1524	0x787fe407836d	310	0xb8556	0x310ef0	0x311163	+0x273	dispatch	0xcdac7	169	0x9af18	0x1e8	0x162	0x154	0xf7c	0x99	0x92e7	e801620154017c0f9900e792dc1375ac08b602e801bf8c2f019289f5a0fa7e69	prefix_32_of_627	0x14100010	0xc83095f0	0x3f0612b2	0x400110fe	+0xfafe4c	0x3a	0x3a
1525	0x787fe407836d	169	0x9af18	0x311163	0x3113a5	+0x242	dispatch	0xcdac7	169	0x9af18	0xa5	0x1e8	0x10c	0x1c4a	0x67ae	0x6b6	a500e8010c014a1cae67b6063aa56428d9e80129f1186774139007d64940f679	prefix_32_of_578	0xc83095f0	0x7adeff2e	0x400110fe	0x78de0800	+0x38dcf702	0x3a	0x3a
1526	0x787fe407836d	169	0x9af18	0x3113a5	0x3115e7	+0x242	dispatch	0xcdac7	310	0xb8556	0x162	0x1e8	0xbd	0x99	0xe914	0x26e8	6201e801bd00990014e9e826ba56639900de34e8017709ab00041dab006485b4	prefix_32_of_578	0x7adeff2e	0x2948	0x78de0800	0x2948	-0x78dddeb8	0x3a	0x3a
1527	0x787fe407836d	310	0xb8556	0x3115e7	0x311829	+0x242	dispatch	0xcdac7	169	0x9af18	0x1e8	0xa5	0x9d	0xd56f	0x99	0xad8	e801a5009d006fd59900d80a53f58761012fcee8011603b240666e6e27e60d3a	prefix_32_of_578	0x2948	0x3acddfde	0x2948	0x585c5c02	+0x585c32ba	0x3a	0x3a
1528	0x787fe407836d	169	0x9af18	0x311829	0x311a6b	+0x242	dispatch	0xcdac7	169	0x9af18	0xab	0x1e8	0x151	0x94f0	0x99	0xfcec	ab00e8015101f0949900ecfc8b0cd809e4e80111f8d746656b7dce813884ab00	prefix_32_of_578	0x3acddfde	0xef1b287	0x585c5c02	0x69145f5a	+0x10b80358	0x3a	0x3a
1529	0x787fe407836d	169	0x9af18	0x311a6b	0x311cad	+0x242	dispatch	0xcdac7	310	0xb8556	0xa5	0x1e8	0x72	0x64cb	0xac8c	0x620	a500e8017200cb648cac200648efdaf5e0bf18e8015f2dab001a531a84d8ab00	prefix_32_of_578	0xef1b287	0x524c03c5	0x69145f5a	0x7df7dfda	+0x14e38080	0x3a	0x3a
1530	0x787fe407836d	310	0xb8556	0x311cad	0x311f69	+0x2bc	dispatch	0xcdac7	310	0xb8556	0x1e8	0xa5	0x10c	0x1c4a	0x6c86	0x7438	e801a5000c014a1c866c38749900ba703aa3e6e801859db8ec9f9147b7bebdaa	prefix_32_of_700	0x524c03c5	0x8e78f1da	0x7df7dfda	0xeb377ffe	+0x6d3fa024	0x3a	0x3a
1531	0x787fe407836d	310	0xb8556	0x311f69	0x31223a	+0x2d1	dispatch	0xcdac7	310	0xb8556	0x1e8	0xa5	0x14d	0xe523	0x99	0xe367	e801a5004d0123e5990067e332d17995c6459ee801880a70a4781ff2ff90977e	prefix_32_of_721	0x8e78f1da	0x8e4e0de5	0xeb377ffe	0x7bd7fefb	-0x6f5f8103	0x3a	0x3a
1532	0x787fe407836d	310	0xb8556	0x31223a	0x312464	+0x22a	dispatch	0xcdac7	169	0x9af18	0x1e8	0xab	0x151	0x9568	0x99	0xae47	e801ab0051016895990047ae9900f3a03a2e3ae801d80a443786cf06c648acd7	prefix_32_of_554	0x8e4e0de5	0x347541db	0x7bd7fefb	0x69945ffa	-0x12439f01	0x3a	0x3a
1533	0x787fe407836d	169	0x9af18	0x312464	0x31268e	+0x22a	dispatch	0xcdac7	310	0xb8556	0xab	0x1e8	0x42	0x97f9	0x8b3a	0x99da	ab00e8014200f9973a8bda99009a299900e801e4734b803a09b993007451ab00	prefix_32_of_554	0x347541db	0x5675bb90	0x69945ffa	0xffc76ef9	+0x96330eff	0x3a	0x3a
1534	0x787fe407836d	310	0xb8556	0x31268e	0x312868	+0x1da	dispatch	0xcdac7	169	0x9af18	0x1e8	0x162	0x10c	0x1c4a	0x6576	0x4392	e80162010c014a1c76659243358b8809c82954e8014c0cab0058019c10f7f483	prefix_32_of_474	0x5675bb90	0x221c12	0xffc76ef9	0x3f06a742	-0xc0c0c7b7	0x3a	0x3a
1535	0x787fe407836d	169	0x9af18	0x312868	0x312aee	+0x286	dispatch	0xcdac7	169	0x9af18	0xab	0x1e8	0x12	0x5e8	0xae3a	0xb4a5	ab00e8011200e8053aaea5b4a2606756d86000e801d80a90778a7301aa4f8cd8	prefix_32_of_646	0x221c12	0x8e3c0ca2	0x3f06a742	0x6f95fefa	+0x308f57b8	0x3a	0x3a
1536	0x787fe407836d	169	0x9af18	0x312aee	0x312cd0	+0x1e2	dispatch	0xcdac7	169	0x9af18	0x162	0x1e8	0x9d	0xd4ff	0x99	0x3810	6201e8019d00ffd499001038377504acaadc9ee80188acfa117cde3f9f9f57fa	prefix_32_of_482	0x8e3c0ca2	0xfbf79ddb	0x6f95fefa	0xf9f3eb74	+0x8a5dec7a	0x3a	0x3a
1537	0x787fe407836d	169	0x9af18	0x312cd0	0x312f26	+0x256	dispatch	0xcdac7	310	0xb8556	0x162	0x1e8	0xbd	0x99	0xe964	0x860	6201e801bd00990064e96008f0890e712b581de8014b1ac6d48406bceffeed89	prefix_32_of_598	0xfbf79ddb	0x4b8eb2de	0xf9f3eb74	0x7b1c5e5e	-0x7ed78d16	0x3a	0x3a
1538	0x787fe407836d	310	0xb8556	0x312f26	0x313169	+0x243	dispatch	0xcdac7	310	0xb8556	0x1e8	0x162	0xb9	0xa483	0x543a	0xcd68	e8016201b90083a43a5468cdd0817305599acde80104b48b0ce80544a5607c99	prefix_32_of_579	0x4b8eb2de	0x7afe7fef	0x7b1c5e5e	0x727e02a8	-0x89e5bb6	0x3a	0x3a
1539	0x787fe407836d	310	0xb8556	0x313169	0x31334b	+0x1e2	dispatch	0xcdac7	169	0x9af18	0x1e8	0xa5	0x151	0x99e0	0x99	0x2580	e801a5005101e09999008025faf2b3bb03cc5ae801979b477a218516bad00004	prefix_32_of_482	0x7afe7fef	0xce4d8465	0x727e02a8	0x7f3e7f7b	+0xcc07cd3	0x3a	0x3a
1540	0x787fe407836d	169	0x9af18	0x31334b	0x3135b9	+0x26e	dispatch	0xcdac7	169	0x9af18	0xa5	0x1e8	0x40	0xa81d	0x99	0x620	a500e80140001da899002006e89ff41597541ce801ab9e2ac633af3ada4c1da9	prefix_32_of_622	0xce4d8465	0xc917a90d	0x7f3e7f7b	0xc917a90d	+0x49d92992	0x3a	0x3a
1541	0x787fe407836d	169	0x9af18	0x3135b9	0x3137fc	+0x243	dispatch	0xcdac7	310	0xb8556	0x162	0x1e8	0x40	0xa2bd	0x99	0x1b17	6201e8014000bda29900171bab6f0801d4e8014ab2d76ef4e32006be862314d7	prefix_32_of_579	0xc917a90d	0x8df97560	0xc917a90d	0x694cb90f	-0x5fcaeffe	0x3a	0x3a
1542	0x787fe407836d	310	0xb8556	0x3137fc	0x3139de	+0x1e2	dispatch	0xcdac7	310	0xb8556	0x1e8	0x162	0xa8	0x99	0xd0ce	0x339a	e8016201a8009900ced09a331c968809df4913e8013e1db47be2ab00a9a94eef	prefix_32_of_482	0x8df97560	0x4a612e32	0x694cb90f	0x5f8f8af3	-0x9bd2e1c	0x3a	0x3a
1543	0x787fe407836d	310	0xb8556	0x3139de	0x313c4c	+0x26e	dispatch	0xcdac7	169	0x9af18	0x1e8	0xa5	0x154	0x12ac	0x99	0x6160	e801a5005401ac12990060615dd8ca85aa86fae801e80522b455bce3a77dd306	prefix_32_of_622	0x4a612e32	0x8f70318b	0x5f8f8af3	0xfbfb8b3c	+0x9c6c0049	0x3a	0x3a
1544	0x787fe407836d	169	0x9af18	0x313c4c	0x313e8f	+0x243	dispatch	0xcdac7	169	0x9af18	0xab	0x1e8	0x14d	0xe973	0x99	0xe987	ab00e8014d0173e9990087e926178cfb71d638e8010b62f5e882fa050f99789a	prefix_32_of_579	0x8f70318b	0xfed1df96	0xfbfb8b3c	0x58a4dcd6	-0xa356ae66	0x3a	0x3a
1545	0x787fe407836d	169	0x9af18	0x313e8f	0x314071	+0x1e2	dispatch	0xcdac7	169	0x9af18	0x162	0x1e8	0x9d	0xd4ff	0x99	0x3390	6201e8019d00ffd49900903337b623a8e5df73e8019798477690393ef22f9bcb	prefix_32_of_482	0xfed1df96	0x4ac60206	0x58a4dcd6	0x5ee7d2fb	+0x642f625	0x3a	0x3a
1546	0x787fe407836d	169	0x9af18	0x314071	0x3142df	+0x26e	dispatch	0xcdac7	310	0xb8556	0x162	0x1e8	0xa8	0x99	0xd4b6	0x9fd6	6201e801a8009900b6d4d69fbcef4e5f09e8011cb697d66ed299928e413a85b4	prefix_32_of_622	0x4ac60206	0x861eb185	0x5ee7d2fb	0xdf95e7f4	+0x80ae14f9	0x3a	0x3a
1547	0x787fe407836d	310	0xb8556	0x3142df	0x314522	+0x243	dispatch	0xcdac7	310	0xb8556	0x1e8	0xab	0xd7	0xa88	0xd888	0x227d	e801ab00d700880a88d87d220b07a29900b00ee801c9569798eedb0f85a424a2	prefix_32_of_579	0x861eb185	0x34a042ea	0xdf95e7f4	0x3ce04eeb	-0xa2b59909	0x3a	0x3a
1548	0x787fe407836d	310	0xb8556	0x314522	0x314704	+0x1e2	dispatch	0xcdac7	310	0xb8556	0x1e8	0x162	0xcb	0x9a07	0x7635	0x1ca1	e8016201cb00079a3576a11c1587d000e463e6e801744fab006005408141e30a	prefix_32_of_482	0x34a042ea	0xfcdeff37	0x3ce04eeb	0xfcd60600	+0xbff5b715	0x3a	0x3a
1549	0x787fe407836d	310	0xb8556	0x314704	0x314972	+0x26e	dispatch	0xcdac7	169	0x9af18	0x1e8	0x162	0x133	0x553a	0xc4b4	0x9913	e801620133013a55b4c41399000f9926d6e801b4c893293a145770293fba3bd7	prefix_32_of_622	0xfcdeff37	0xf8eeff37	0xfcd60600	0xf8e60910	-0x3effcf0	0x3a	0x3a
1550	0x787fe407836d	169	0x9af18	0x314972	0x314bb5	+0x243	dispatch	0xcdac7	310	0xb8556	0xab	0x1e8	0x133	0xd3a	0x17b0	0x3590	ab00e80133013a0db017903576da52830d9d9ee801174b3aac16ab007e67bbcf	prefix_32_of_579	0xf8eeff37	0x62662dfb	0xf8e60910	0xbffcca14	-0x38e93efc	0x3a	0x3a
1551	0x787fe407836d	310	0xb8556	0x314bb5	0x314d97	+0x1e2	dispatch	0xcdac7	169	0x9af18	0x1e8	0xa5	0x154	0xec4	0x99	0xdaa	e801a5005401c40e9900aa0d3e77f80828c29ae801209b1de1b283cc41d0003c	prefix_32_of_482	0x62662dfb	0xfadf7f2d	0xbffcca14	0xf21b0800	+0x321e3dec	0x3a	0x3a
1552	0x787fe407836d	169	0x9af18	0x314d97	0x315005	+0x26e	dispatch	0xcdac7	310	0xb8556	0x162	0x1e8	0x154	0x1334	0x99	0x1060	6201e80154013413990060103a1468c6d70e38e801880ac47c15400b7ef3eb03	prefix_32_of_622	0xfadf7f2d	0xe34473c6	0xf21b0800	0xe74477c6	-0xad6903a	0x3a	0x3a
1553	0x787fe407836d	310	0xb8556	0x315005	0x31522f	+0x22a	dispatch	0xcdac7	310	0xb8556	0x1e8	0xab	0x2b	0x7ded	0x99	0x9d3a	e801ab002b00ed7d99003a9daf99001ceee5a3e801abfa76d8093db434706b58	prefix_32_of_554	0xe34473c6	0x69b0303a	0xe74477c6	0x69145e5a	-0x7e30196c	0x3a	0x3a
1554	0x787fe407836d	310	0xb8556	0x31522f	0x315486	+0x257	dispatch	0xcdac7	169	0x9af18	0x1e8	0xab	0xc7	0x4f47	0x2c3a	0xae89	e801ab00c700474f3a2c89ae01349650eb981ae801bbffdce71f77f3025db1c8	prefix_32_of_599	0x69b0303a	0x841ab3c5	0x69145e5a	0x841ab3c5	+0x1b06556b	0x3a	0x3a
1555	0x787fe407836d	169	0x9af18	0x315486	0x3156ca	+0x244	dispatch	0xcdac7	169	0x9af18	0xa5	0x1e8	0x12	0x620	0xdc3a	0xfca3	a500e801120020063adca3fce00d85dd41f69ae801e0a76a83e8bb0003922025	prefix_32_of_580	0x841ab3c5	0xf613f930	0x841ab3c5	0x3ffce85e	-0x441dcb67	0x3a	0x3a
1556	0x787fe407836d	169	0x9af18	0x3156ca	0x315969	+0x29f	dispatch	0xcdac7	169	0x9af18	0xab	0x1e8	0x9d	0xcf07	0x99	0xf9a4	ab00e8019d0007cf9900a4f90133438c86ac48e801f3e7ab00737721d5bfd52a	prefix_32_of_671	0xf613f930	0x2ab32381	0x3ffce85e	0x2af72783	-0x1505c0db	0x3a	0x3a
1557	0x787fe407836d	169	0x9af18	0x315969	0x315bbf	+0x256	dispatch	0xcdac7	169	0x9af18	0xab	0x1e8	0x129	0x1e31	0x8ee1	0x6ea2	ab00e8012901311ee18ea26eeb88cf9ecf06bee8010aaba3094961d69865e9dc	prefix_32_of_598	0x2ab32381	0x6e5d9892	0x2af72783	0x4000d60c	+0x1509ae89	0x3a	0x3a
1558	0x787fe407836d	169	0x9af18	0x315bbf	0x310ca5	-0x4f1a	dispatch	0xcdac7	310	0xb8556	0xab	0x1e8	0x10c	0x1c4a	0x63e6	0x5af	ab00e8010c014a1ce663af053cd2e4092be80199f5de2fb4dd1429a30a54917a	backedge_sample	0x6e5d9892	0x148226cc	0x4000d60c	0xffaffb65	+0xbfaf2559	0x3a	0x3a
1559	0x787fe407836d	310	0xb8556	0x310ca5	0x310ef0	+0x24b	dispatch	0xcdac7	310	0xb8556	0x1e8	0xa5	0xcb	0x9ebf	0x7635	0x390	e801a500cb00bf9e35769003042ba8fcee6d9ce801f7d8ab009003dc5941168f	prefix_32_of_587	0x148226cc	0x14100010	0xffaffb65	0x3f0612b2	-0xc0a9e8b3	0x3a	0x3a
1560	0x787fe407836d	310	0xb8556	0x310ef0	0x311163	+0x273	dispatch	0xcdac7	169	0x9af18	0x1e8	0x162	0x154	0xf7c	0x99	0x92e7	e801620154017c0f9900e792dc1375ac08b602e801bf8c2f019289f5a0fa7e69	prefix_32_of_627	0x14100010	0xc83095f0	0x3f0612b2	0x400110fe	+0xfafe4c	0x3a	0x3a
1561	0x787fe407836d	169	0x9af18	0x311163	0x3113a5	+0x242	dispatch	0xcdac7	169	0x9af18	0xa5	0x1e8	0x10c	0x1c4a	0x67ae	0x6b6	a500e8010c014a1cae67b6063aa56428d9e80129f1186774139007d64940f679	prefix_32_of_578	0xc83095f0	0x7adeff2e	0x400110fe	0x78de0800	+0x38dcf702	0x3a	0x3a
1562	0x787fe407836d	169	0x9af18	0x3113a5	0x3115e7	+0x242	dispatch	0xcdac7	310	0xb8556	0x162	0x1e8	0xbd	0x99	0xe914	0x26e8	6201e801bd00990014e9e826ba56639900de34e8017709ab00041dab006485b4	prefix_32_of_578	0x7adeff2e	0x2948	0x78de0800	0x2948	-0x78dddeb8	0x3a	0x3a
1563	0x787fe407836d	310	0xb8556	0x3115e7	0x311829	+0x242	dispatch	0xcdac7	169	0x9af18	0x1e8	0xa5	0x9d	0xd56f	0x99	0xad8	e801a5009d006fd59900d80a53f58761012fcee8011603b240666e6e27e60d3a	prefix_32_of_578	0x2948	0x3acddfde	0x2948	0x585c5c02	+0x585c32ba	0x3a	0x3a
1564	0x787fe407836d	169	0x9af18	0x311829	0x311a6b	+0x242	dispatch	0xcdac7	169	0x9af18	0xab	0x1e8	0x151	0x94f0	0x99	0xfcec	ab00e8015101f0949900ecfc8b0cd809e4e80111f8d746656b7dce813884ab00	prefix_32_of_578	0x3acddfde	0xef1b287	0x585c5c02	0x69145f5a	+0x10b80358	0x3a	0x3a
1565	0x787fe407836d	169	0x9af18	0x311a6b	0x311cad	+0x242	dispatch	0xcdac7	310	0xb8556	0xa5	0x1e8	0x72	0x64cb	0xac8c	0x620	a500e8017200cb648cac200648efdaf5e0bf18e8015f2dab001a531a84d8ab00	prefix_32_of_578	0xef1b287	0x524c03c5	0x69145f5a	0x7df7dfda	+0x14e38080	0x3a	0x3a
1566	0x787fe407836d	310	0xb8556	0x311cad	0x311f69	+0x2bc	dispatch	0xcdac7	310	0xb8556	0x1e8	0xa5	0x10c	0x1c4a	0x6c86	0x7438	e801a5000c014a1c866c38749900ba703aa3e6e801859db8ec9f9147b7bebdaa	prefix_32_of_700	0x524c03c5	0x8e78f1da	0x7df7dfda	0xeb377ffe	+0x6d3fa024	0x3a	0x3a
1567	0x787fe407836d	310	0xb8556	0x311f69	0x31223a	+0x2d1	dispatch	0xcdac7	310	0xb8556	0x1e8	0xa5	0x14d	0xe523	0x99	0xe367	e801a5004d0123e5990067e332d17995c6459ee801880a70a4781ff2ff90977e	prefix_32_of_721	0x8e78f1da	0x8e4e0de5	0xeb377ffe	0x7bd7fefb	-0x6f5f8103	0x3a	0x3a
1568	0x787fe407836d	310	0xb8556	0x31223a	0x312464	+0x22a	dispatch	0xcdac7	169	0x9af18	0x1e8	0xab	0x151	0x9568	0x99	0xae47	e801ab0051016895990047ae9900f3a03a2e3ae801d80a443786cf06c648acd7	prefix_32_of_554	0x8e4e0de5	0x347541db	0x7bd7fefb	0x69945ffa	-0x12439f01	0x3a	0x3a
1569	0x787fe407836d	169	0x9af18	0x312464	0x31268e	+0x22a	dispatch	0xcdac7	310	0xb8556	0xab	0x1e8	0x42	0x97f9	0x8b3a	0x99da	ab00e8014200f9973a8bda99009a299900e801e4734b803a09b993007451ab00	prefix_32_of_554	0x347541db	0x5675bb90	0x69945ffa	0xffc76ef9	+0x96330eff	0x3a	0x3a
1570	0x787fe407836d	310	0xb8556	0x31268e	0x312868	+0x1da	dispatch	0xcdac7	169	0x9af18	0x1e8	0x162	0x10c	0x1c4a	0x6576	0x4392	e80162010c014a1c76659243358b8809c82954e8014c0cab0058019c10f7f483	prefix_32_of_474	0x5675bb90	0x221c12	0xffc76ef9	0x3f06a742	-0xc0c0c7b7	0x3a	0x3a
1571	0x787fe407836d	169	0x9af18	0x312868	0x312aee	+0x286	dispatch	0xcdac7	169	0x9af18	0xab	0x1e8	0x12	0x5e8	0xae3a	0xb4a5	ab00e8011200e8053aaea5b4a2606756d86000e801d80a90778a7301aa4f8cd8	prefix_32_of_646	0x221c12	0x8e3c0ca2	0x3f06a742	0x6f95fefa	+0x308f57b8	0x3a	0x3a
1572	0x787fe407836d	169	0x9af18	0x312aee	0x312cd0	+0x1e2	dispatch	0xcdac7	169	0x9af18	0x162	0x1e8	0x9d	0xd4ff	0x99	0x3810	6201e8019d00ffd499001038377504acaadc9ee80188acfa117cde3f9f9f57fa	prefix_32_of_482	0x8e3c0ca2	0xfbf79ddb	0x6f95fefa	0xf9f3eb74	+0x8a5dec7a	0x3a	0x3a
1573	0x787fe407836d	169	0x9af18	0x312cd0	0x312f26	+0x256	dispatch	0xcdac7	310	0xb8556	0x162	0x1e8	0xbd	0x99	0xe964	0x860	6201e801bd00990064e96008f0890e712b581de8014b1ac6d48406bceffeed89	prefix_32_of_598	0xfbf79ddb	0x4b8eb2de	0xf9f3eb74	0x7b1c5e5e	-0x7ed78d16	0x3a	0x3a
1574	0x787fe407836d	310	0xb8556	0x312f26	0x313169	+0x243	dispatch	0xcdac7	310	0xb8556	0x1e8	0x162	0xb9	0xa483	0x543a	0xcd68	e8016201b90083a43a5468cdd0817305599acde80104b48b0ce80544a5607c99	prefix_32_of_579	0x4b8eb2de	0x7afe7fef	0x7b1c5e5e	0x727e02a8	-0x89e5bb6	0x3a	0x3a
1575	0x787fe407836d	310	0xb8556	0x313169	0x31334b	+0x1e2	dispatch	0xcdac7	169	0x9af18	0x1e8	0xa5	0x151	0x99e0	0x99	0x2580	e801a5005101e09999008025faf2b3bb03cc5ae801979b477a218516bad00004	prefix_32_of_482	0x7afe7fef	0xce4d8465	0x727e02a8	0x7f3e7f7b	+0xcc07cd3	0x3a	0x3a
1576	0x787fe407836d	169	0x9af18	0x31334b	0x3135b9	+0x26e	dispatch	0xcdac7	169	0x9af18	0xa5	0x1e8	0x40	0xa81d	0x99	0x620	a500e80140001da899002006e89ff41597541ce801ab9e2ac633af3ada4c1da9	prefix_32_of_622	0xce4d8465	0xc917a90d	0x7f3e7f7b	0xc917a90d	+0x49d92992	0x3a	0x3a
1577	0x787fe407836d	169	0x9af18	0x3135b9	0x3137fc	+0x243	dispatch	0xcdac7	310	0xb8556	0x162	0x1e8	0x40	0xa2bd	0x99	0x1b17	6201e8014000bda29900171bab6f0801d4e8014ab2d76ef4e32006be862314d7	prefix_32_of_579	0xc917a90d	0x8df97560	0xc917a90d	0x694cb90f	-0x5fcaeffe	0x3a	0x3a
1578	0x787fe407836d	310	0xb8556	0x3137fc	0x3139de	+0x1e2	dispatch	0xcdac7	310	0xb8556	0x1e8	0x162	0xa8	0x99	0xd0ce	0x339a	e8016201a8009900ced09a331c968809df4913e8013e1db47be2ab00a9a94eef	prefix_32_of_482	0x8df97560	0x4a612e32	0x694cb90f	0x5f8f8af3	-0x9bd2e1c	0x3a	0x3a
1579	0x787fe407836d	310	0xb8556	0x3139de	0x313c4c	+0x26e	dispatch	0xcdac7	169	0x9af18	0x1e8	0xa5	0x154	0x12ac	0x99	0x6160	e801a5005401ac12990060615dd8ca85aa86fae801e80522b455bce3a77dd306	prefix_32_of_622	0x4a612e32	0x8f70318b	0x5f8f8af3	0xfbfb8b3c	+0x9c6c0049	0x3a	0x3a
1580	0x787fe407836d	169	0x9af18	0x313c4c	0x313e8f	+0x243	dispatch	0xcdac7	169	0x9af18	0xab	0x1e8	0x14d	0xe973	0x99	0xe987	ab00e8014d0173e9990087e926178cfb71d638e8010b62f5e882fa050f99789a	prefix_32_of_579	0x8f70318b	0xfed1df96	0xfbfb8b3c	0x58a4dcd6	-0xa356ae66	0x3a	0x3a
1581	0x787fe407836d	169	0x9af18	0x313e8f	0x314071	+0x1e2	dispatch	0xcdac7	169	0x9af18	0x162	0x1e8	0x9d	0xd4ff	0x99	0x3390	6201e8019d00ffd49900903337b623a8e5df73e8019798477690393ef22f9bcb	prefix_32_of_482	0xfed1df96	0x4ac60206	0x58a4dcd6	0x5ee7d2fb	+0x642f625	0x3a	0x3a
1582	0x787fe407836d	169	0x9af18	0x314071	0x3142df	+0x26e	dispatch	0xcdac7	310	0xb8556	0x162	0x1e8	0xa8	0x99	0xd4b6	0x9fd6	6201e801a8009900b6d4d69fbcef4e5f09e8011cb697d66ed299928e413a85b4	prefix_32_of_622	0x4ac60206	0x861eb185	0x5ee7d2fb	0xdf95e7f4	+0x80ae14f9	0x3a	0x3a
1583	0x787fe407836d	310	0xb8556	0x3142df	0x314522	+0x243	dispatch	0xcdac7	310	0xb8556	0x1e8	0xab	0xd7	0xa88	0xd888	0x227d	e801ab00d700880a88d87d220b07a29900b00ee801c9569798eedb0f85a424a2	prefix_32_of_579	0x861eb185	0x34a042ea	0xdf95e7f4	0x3ce04eeb	-0xa2b59909	0x3a	0x3a
1584	0x787fe407836d	310	0xb8556	0x314522	0x314704	+0x1e2	dispatch	0xcdac7	310	0xb8556	0x1e8	0x162	0xcb	0x9a07	0x7635	0x1ca1	e8016201cb00079a3576a11c1587d000e463e6e801744fab006005408141e30a	prefix_32_of_482	0x34a042ea	0xfcdeff37	0x3ce04eeb	0xfcd60600	+0xbff5b715	0x3a	0x3a
1585	0x787fe407836d	310	0xb8556	0x314704	0x314972	+0x26e	dispatch	0xcdac7	169	0x9af18	0x1e8	0x162	0x133	0x553a	0xc4b4	0x9913	e801620133013a55b4c41399000f9926d6e801b4c893293a145770293fba3bd7	prefix_32_of_622	0xfcdeff37	0xf8eeff37	0xfcd60600	0xf8e60910	-0x3effcf0	0x3a	0x3a
1586	0x787fe407836d	169	0x9af18	0x314972	0x314bb5	+0x243	dispatch	0xcdac7	310	0xb8556	0xab	0x1e8	0x133	0xd3a	0x17b0	0x3590	ab00e80133013a0db017903576da52830d9d9ee801174b3aac16ab007e67bbcf	prefix_32_of_579	0xf8eeff37	0x62662dfb	0xf8e60910	0xbffcca14	-0x38e93efc	0x3a	0x3a
1587	0x787fe407836d	310	0xb8556	0x314bb5	0x314d97	+0x1e2	dispatch	0xcdac7	169	0x9af18	0x1e8	0xa5	0x154	0xec4	0x99	0xdaa	e801a5005401c40e9900aa0d3e77f80828c29ae801209b1de1b283cc41d0003c	prefix_32_of_482	0x62662dfb	0xfadf7f2d	0xbffcca14	0xf21b0800	+0x321e3dec	0x3a	0x3a
1588	0x787fe407836d	169	0x9af18	0x314d97	0x315005	+0x26e	dispatch	0xcdac7	310	0xb8556	0x162	0x1e8	0x154	0x1334	0x99	0x1060	6201e80154013413990060103a1468c6d70e38e801880ac47c15400b7ef3eb03	prefix_32_of_622	0xfadf7f2d	0xe34473c6	0xf21b0800	0xe74477c6	-0xad6903a	0x3a	0x3a
1589	0x787fe407836d	310	0xb8556	0x315005	0x31522f	+0x22a	dispatch	0xcdac7	310	0xb8556	0x1e8	0xab	0x2b	0x7ded	0x99	0x9d3a	e801ab002b00ed7d99003a9daf99001ceee5a3e801abfa76d8093db434706b58	prefix_32_of_554	0xe34473c6	0x69b0303a	0xe74477c6	0x69145e5a	-0x7e30196c	0x3a	0x3a
1590	0x787fe407836d	310	0xb8556	0x31522f	0x315486	+0x257	dispatch	0xcdac7	169	0x9af18	0x1e8	0xab	0xc7	0x4f47	0x2c3a	0xae89	e801ab00c700474f3a2c89ae01349650eb981ae801bbffdce71f77f3025db1c8	prefix_32_of_599	0x69b0303a	0x841ab3c5	0x69145e5a	0x841ab3c5	+0x1b06556b	0x3a	0x3a
1591	0x787fe407836d	169	0x9af18	0x315486	0x3156ca	+0x244	dispatch	0xcdac7	169	0x9af18	0xa5	0x1e8	0x12	0x620	0xdc3a	0xfca3	a500e801120020063adca3fce00d85dd41f69ae801e0a76a83e8bb0003922025	prefix_32_of_580	0x841ab3c5	0xf613f930	0x841ab3c5	0x3ffce85e	-0x441dcb67	0x3a	0x3a
1592	0x787fe407836d	169	0x9af18	0x3156ca	0x315969	+0x29f	dispatch	0xcdac7	169	0x9af18	0xab	0x1e8	0x9d	0xcf07	0x99	0xf9a4	ab00e8019d0007cf9900a4f90133438c86ac48e801f3e7ab00737721d5bfd52a	prefix_32_of_671	0xf613f930	0x2ab32381	0x3ffce85e	0x2af72783	-0x1505c0db	0x3a	0x3a
1593	0x787fe407836d	169	0x9af18	0x315969	0x315bbf	+0x256	dispatch	0xcdac7	169	0x9af18	0xab	0x1e8	0x129	0x1e31	0x8ee1	0x6ea2	ab00e8012901311ee18ea26eeb88cf9ecf06bee8010aaba3094961d69865e9dc	prefix_32_of_598	0x2ab32381	0x6e5d9892	0x2af72783	0x4000d60c	+0x1509ae89	0x3a	0x3a
1594	0x787fe407836d	169	0x9af18	0x315bbf	0x310ca5	-0x4f1a	dispatch	0xcdac7	310	0xb8556	0xab	0x1e8	0x10c	0x1c4a	0x63e6	0x5af	ab00e8010c014a1ce663af053cd2e4092be80199f5de2fb4dd1429a30a54917a	backedge_sample	0x6e5d9892	0x148226cc	0x4000d60c	0xffaffb65	+0xbfaf2559	0x3a	0x3a
1595	0x787fe407836d	310	0xb8556	0x310ca5	0x310ef0	+0x24b	dispatch	0xcdac7	310	0xb8556	0x1e8	0xa5	0xcb	0x9ebf	0x7635	0x390	e801a500cb00bf9e35769003042ba8fcee6d9ce801f7d8ab009003dc5941168f	prefix_32_of_587	0x148226cc	0x14100010	0xffaffb65	0x3f0612b2	-0xc0a9e8b3	0x3a	0x3a
1596	0x787fe407836d	310	0xb8556	0x310ef0	0x311163	+0x273	dispatch	0xcdac7	169	0x9af18	0x1e8	0x162	0x154	0xf7c	0x99	0x92e7	e801620154017c0f9900e792dc1375ac08b602e801bf8c2f019289f5a0fa7e69	prefix_32_of_627	0x14100010	0xc83095f0	0x3f0612b2	0x400110fe	+0xfafe4c	0x3a	0x3a
1597	0x787fe407836d	169	0x9af18	0x311163	0x3113a5	+0x242	dispatch	0xcdac7	169	0x9af18	0xa5	0x1e8	0x10c	0x1c4a	0x67ae	0x6b6	a500e8010c014a1cae67b6063aa56428d9e80129f1186774139007d64940f679	prefix_32_of_578	0xc83095f0	0x7adeff2e	0x400110fe	0x78de0800	+0x38dcf702	0x3a	0x3a
1598	0x787fe407836d	169	0x9af18	0x3113a5	0x3115e7	+0x242	dispatch	0xcdac7	310	0xb8556	0x162	0x1e8	0xbd	0x99	0xe914	0x26e8	6201e801bd00990014e9e826ba56639900de34e8017709ab00041dab006485b4	prefix_32_of_578	0x7adeff2e	0x2948	0x78de0800	0x2948	-0x78dddeb8	0x3a	0x3a
1599	0x787fe407836d	310	0xb8556	0x3115e7	0x311829	+0x242	dispatch	0xcdac7	169	0x9af18	0x1e8	0xa5	0x9d	0xd56f	0x99	0xad8	e801a5009d006fd59900d80a53f58761012fcee8011603b240666e6e27e60d3a	prefix_32_of_578	0x2948	0x3acddfde	0x2948	0x585c5c02	+0x585c32ba	0x3a	0x3a
1600	0x787fe407836d	169	0x9af18	0x311829	0x311a6b	+0x242	dispatch	0xcdac7	169	0x9af18	0xab	0x1e8	0x151	0x94f0	0x99	0xfcec	ab00e8015101f0949900ecfc8b0cd809e4e80111f8d746656b7dce813884ab00	prefix_32_of_578	0x3acddfde	0xef1b287	0x585c5c02	0x69145f5a	+0x10b80358	0x3a	0x3a
1601	0x787fe407836d	169	0x9af18	0x311a6b	0x311cad	+0x242	dispatch	0xcdac7	310	0xb8556	0xa5	0x1e8	0x72	0x64cb	0xac8c	0x620	a500e8017200cb648cac200648efdaf5e0bf18e8015f2dab001a531a84d8ab00	prefix_32_of_578	0xef1b287	0x524c03c5	0x69145f5a	0x7df7dfda	+0x14e38080	0x3a	0x3a
1602	0x787fe407836d	310	0xb8556	0x311cad	0x311f69	+0x2bc	dispatch	0xcdac7	310	0xb8556	0x1e8	0xa5	0x10c	0x1c4a	0x6c86	0x7438	e801a5000c014a1c866c38749900ba703aa3e6e801859db8ec9f9147b7bebdaa	prefix_32_of_700	0x524c03c5	0x8e78f1da	0x7df7dfda	0xeb377ffe	+0x6d3fa024	0x3a	0x3a
1603	0x787fe407836d	310	0xb8556	0x311f69	0x31223a	+0x2d1	dispatch	0xcdac7	310	0xb8556	0x1e8	0xa5	0x14d	0xe523	0x99	0xe367	e801a5004d0123e5990067e332d17995c6459ee801880a70a4781ff2ff90977e	prefix_32_of_721	0x8e78f1da	0x8e4e0de5	0xeb377ffe	0x7bd7fefb	-0x6f5f8103	0x3a	0x3a
1604	0x787fe407836d	310	0xb8556	0x31223a	0x312464	+0x22a	dispatch	0xcdac7	169	0x9af18	0x1e8	0xab	0x151	0x9568	0x99	0xae47	e801ab0051016895990047ae9900f3a03a2e3ae801d80a443786cf06c648acd7	prefix_32_of_554	0x8e4e0de5	0x347541db	0x7bd7fefb	0x69945ffa	-0x12439f01	0x3a	0x3a
1605	0x787fe407836d	169	0x9af18	0x312464	0x31268e	+0x22a	dispatch	0xcdac7	310	0xb8556	0xab	0x1e8	0x42	0x97f9	0x8b3a	0x99da	ab00e8014200f9973a8bda99009a299900e801e4734b803a09b993007451ab00	prefix_32_of_554	0x347541db	0x5675bb90	0x69945ffa	0xffc76ef9	+0x96330eff	0x3a	0x3a
1606	0x787fe407836d	310	0xb8556	0x31268e	0x312868	+0x1da	dispatch	0xcdac7	169	0x9af18	0x1e8	0x162	0x10c	0x1c4a	0x6576	0x4392	e80162010c014a1c76659243358b8809c82954e8014c0cab0058019c10f7f483	prefix_32_of_474	0x5675bb90	0x221c12	0xffc76ef9	0x3f06a742	-0xc0c0c7b7	0x3a	0x3a
1607	0x787fe407836d	169	0x9af18	0x312868	0x312aee	+0x286	dispatch	0xcdac7	169	0x9af18	0xab	0x1e8	0x12	0x5e8	0xae3a	0xb4a5	ab00e8011200e8053aaea5b4a2606756d86000e801d80a90778a7301aa4f8cd8	prefix_32_of_646	0x221c12	0x8e3c0ca2	0x3f06a742	0x6f95fefa	+0x308f57b8	0x3a	0x3a
1608	0x787fe407836d	169	0x9af18	0x312aee	0x312cd0	+0x1e2	dispatch	0xcdac7	169	0x9af18	0x162	0x1e8	0x9d	0xd4ff	0x99	0x3810	6201e8019d00ffd499001038377504acaadc9ee80188acfa117cde3f9f9f57fa	prefix_32_of_482	0x8e3c0ca2	0xfbf79ddb	0x6f95fefa	0xf9f3eb74	+0x8a5dec7a	0x3a	0x3a
1609	0x787fe407836d	169	0x9af18	0x312cd0	0x312f26	+0x256	dispatch	0xcdac7	310	0xb8556	0x162	0x1e8	0xbd	0x99	0xe964	0x860	6201e801bd00990064e96008f0890e712b581de8014b1ac6d48406bceffeed89	prefix_32_of_598	0xfbf79ddb	0x4b8eb2de	0xf9f3eb74	0x7b1c5e5e	-0x7ed78d16	0x3a	0x3a
1610	0x787fe407836d	310	0xb8556	0x312f26	0x313169	+0x243	dispatch	0xcdac7	310	0xb8556	0x1e8	0x162	0xb9	0xa483	0x543a	0xcd68	e8016201b90083a43a5468cdd0817305599acde80104b48b0ce80544a5607c99	prefix_32_of_579	0x4b8eb2de	0x7afe7fef	0x7b1c5e5e	0x727e02a8	-0x89e5bb6	0x3a	0x3a
1611	0x787fe407836d	310	0xb8556	0x313169	0x31334b	+0x1e2	dispatch	0xcdac7	169	0x9af18	0x1e8	0xa5	0x151	0x99e0	0x99	0x2580	e801a5005101e09999008025faf2b3bb03cc5ae801979b477a218516bad00004	prefix_32_of_482	0x7afe7fef	0xce4d8465	0x727e02a8	0x7f3e7f7b	+0xcc07cd3	0x3a	0x3a
1612	0x787fe407836d	169	0x9af18	0x31334b	0x3135b9	+0x26e	dispatch	0xcdac7	169	0x9af18	0xa5	0x1e8	0x40	0xa81d	0x99	0x620	a500e80140001da899002006e89ff41597541ce801ab9e2ac633af3ada4c1da9	prefix_32_of_622	0xce4d8465	0xc917a90d	0x7f3e7f7b	0xc917a90d	+0x49d92992	0x3a	0x3a
1613	0x787fe407836d	169	0x9af18	0x3135b9	0x3137fc	+0x243	dispatch	0xcdac7	310	0xb8556	0x162	0x1e8	0x40	0xa2bd	0x99	0x1b17	6201e8014000bda29900171bab6f0801d4e8014ab2d76ef4e32006be862314d7	prefix_32_of_579	0xc917a90d	0x8df97560	0xc917a90d	0x694cb90f	-0x5fcaeffe	0x3a	0x3a
1614	0x787fe407836d	310	0xb8556	0x3137fc	0x3139de	+0x1e2	dispatch	0xcdac7	310	0xb8556	0x1e8	0x162	0xa8	0x99	0xd0ce	0x339a	e8016201a8009900ced09a331c968809df4913e8013e1db47be2ab00a9a94eef	prefix_32_of_482	0x8df97560	0x4a612e32	0x694cb90f	0x5f8f8af3	-0x9bd2e1c	0x3a	0x3a
1615	0x787fe407836d	310	0xb8556	0x3139de	0x313c4c	+0x26e	dispatch	0xcdac7	169	0x9af18	0x1e8	0xa5	0x154	0x12ac	0x99	0x6160	e801a5005401ac12990060615dd8ca85aa86fae801e80522b455bce3a77dd306	prefix_32_of_622	0x4a612e32	0x8f70318b	0x5f8f8af3	0xfbfb8b3c	+0x9c6c0049	0x3a	0x3a
1616	0x787fe407836d	169	0x9af18	0x313c4c	0x313e8f	+0x243	dispatch	0xcdac7	169	0x9af18	0xab	0x1e8	0x14d	0xe973	0x99	0xe987	ab00e8014d0173e9990087e926178cfb71d638e8010b62f5e882fa050f99789a	prefix_32_of_579	0x8f70318b	0xfed1df96	0xfbfb8b3c	0x58a4dcd6	-0xa356ae66	0x3a	0x3a
1617	0x787fe407836d	169	0x9af18	0x313e8f	0x314071	+0x1e2	dispatch	0xcdac7	169	0x9af18	0x162	0x1e8	0x9d	0xd4ff	0x99	0x3390	6201e8019d00ffd49900903337b623a8e5df73e8019798477690393ef22f9bcb	prefix_32_of_482	0xfed1df96	0x4ac60206	0x58a4dcd6	0x5ee7d2fb	+0x642f625	0x3a	0x3a
1618	0x787fe407836d	169	0x9af18	0x314071	0x3142df	+0x26e	dispatch	0xcdac7	310	0xb8556	0x162	0x1e8	0xa8	0x99	0xd4b6	0x9fd6	6201e801a8009900b6d4d69fbcef4e5f09e8011cb697d66ed299928e413a85b4	prefix_32_of_622	0x4ac60206	0x861eb185	0x5ee7d2fb	0xdf95e7f4	+0x80ae14f9	0x3a	0x3a
1619	0x787fe407836d	310	0xb8556	0x3142df	0x314522	+0x243	dispatch	0xcdac7	310	0xb8556	0x1e8	0xab	0xd7	0xa88	0xd888	0x227d	e801ab00d700880a88d87d220b07a29900b00ee801c9569798eedb0f85a424a2	prefix_32_of_579	0x861eb185	0x34a042ea	0xdf95e7f4	0x3ce04eeb	-0xa2b59909	0x3a	0x3a
1620	0x787fe407836d	310	0xb8556	0x314522	0x314704	+0x1e2	dispatch	0xcdac7	310	0xb8556	0x1e8	0x162	0xcb	0x9a07	0x7635	0x1ca1	e8016201cb00079a3576a11c1587d000e463e6e801744fab006005408141e30a	prefix_32_of_482	0x34a042ea	0xfcdeff37	0x3ce04eeb	0xfcd60600	+0xbff5b715	0x3a	0x3a
1621	0x787fe407836d	310	0xb8556	0x314704	0x314972	+0x26e	dispatch	0xcdac7	169	0x9af18	0x1e8	0x162	0x133	0x553a	0xc4b4	0x9913	e801620133013a55b4c41399000f9926d6e801b4c893293a145770293fba3bd7	prefix_32_of_622	0xfcdeff37	0xf8eeff37	0xfcd60600	0xf8e60910	-0x3effcf0	0x3a	0x3a
1622	0x787fe407836d	169	0x9af18	0x314972	0x314bb5	+0x243	dispatch	0xcdac7	310	0xb8556	0xab	0x1e8	0x133	0xd3a	0x17b0	0x3590	ab00e80133013a0db017903576da52830d9d9ee801174b3aac16ab007e67bbcf	prefix_32_of_579	0xf8eeff37	0x62662dfb	0xf8e60910	0xbffcca14	-0x38e93efc	0x3a	0x3a
1623	0x787fe407836d	310	0xb8556	0x314bb5	0x314d97	+0x1e2	dispatch	0xcdac7	169	0x9af18	0x1e8	0xa5	0x154	0xec4	0x99	0xdaa	e801a5005401c40e9900aa0d3e77f80828c29ae801209b1de1b283cc41d0003c	prefix_32_of_482	0x62662dfb	0xfadf7f2d	0xbffcca14	0xf21b0800	+0x321e3dec	0x3a	0x3a
1624	0x787fe407836d	169	0x9af18	0x314d97	0x315005	+0x26e	dispatch	0xcdac7	310	0xb8556	0x162	0x1e8	0x154	0x1334	0x99	0x1060	6201e80154013413990060103a1468c6d70e38e801880ac47c15400b7ef3eb03	prefix_32_of_622	0xfadf7f2d	0xe34473c6	0xf21b0800	0xe74477c6	-0xad6903a	0x3a	0x3a
1625	0x787fe407836d	310	0xb8556	0x315005	0x31522f	+0x22a	dispatch	0xcdac7	310	0xb8556	0x1e8	0xab	0x2b	0x7ded	0x99	0x9d3a	e801ab002b00ed7d99003a9daf99001ceee5a3e801abfa76d8093db434706b58	prefix_32_of_554	0xe34473c6	0x69b0303a	0xe74477c6	0x69145e5a	-0x7e30196c	0x3a	0x3a
1626	0x787fe407836d	310	0xb8556	0x31522f	0x315486	+0x257	dispatch	0xcdac7	169	0x9af18	0x1e8	0xab	0xc7	0x4f47	0x2c3a	0xae89	e801ab00c700474f3a2c89ae01349650eb981ae801bbffdce71f77f3025db1c8	prefix_32_of_599	0x69b0303a	0x841ab3c5	0x69145e5a	0x841ab3c5	+0x1b06556b	0x3a	0x3a
1627	0x787fe407836d	169	0x9af18	0x315486	0x3156ca	+0x244	dispatch	0xcdac7	169	0x9af18	0xa5	0x1e8	0x12	0x620	0xdc3a	0xfca3	a500e801120020063adca3fce00d85dd41f69ae801e0a76a83e8bb0003922025	prefix_32_of_580	0x841ab3c5	0xf613f930	0x841ab3c5	0x3ffce85e	-0x441dcb67	0x3a	0x3a
1628	0x787fe407836d	169	0x9af18	0x3156ca	0x315969	+0x29f	dispatch	0xcdac7	169	0x9af18	0xab	0x1e8	0x9d	0xcf07	0x99	0xf9a4	ab00e8019d0007cf9900a4f90133438c86ac48e801f3e7ab00737721d5bfd52a	prefix_32_of_671	0xf613f930	0x2ab32381	0x3ffce85e	0x2af72783	-0x1505c0db	0x3a	0x3a
1629	0x787fe407836d	169	0x9af18	0x315969	0x315bbf	+0x256	dispatch	0xcdac7	169	0x9af18	0xab	0x1e8	0x129	0x1e31	0x8ee1	0x6ea2	ab00e8012901311ee18ea26eeb88cf9ecf06bee8010aaba3094961d69865e9dc	prefix_32_of_598	0x2ab32381	0x6e5d9892	0x2af72783	0x4000d60c	+0x1509ae89	0x3a	0x3a
1630	0x787fe407836d	169	0x9af18	0x315bbf	0x310ca5	-0x4f1a	dispatch	0xcdac7	310	0xb8556	0xab	0x1e8	0x10c	0x1c4a	0x63e6	0x5af	ab00e8010c014a1ce663af053cd2e4092be80199f5de2fb4dd1429a30a54917a	backedge_sample	0x6e5d9892	0x148226cc	0x4000d60c	0xffaffb65	+0xbfaf2559	0x3a	0x3a
1631	0x787fe407836d	310	0xb8556	0x310ca5	0x310ef0	+0x24b	dispatch	0xcdac7	310	0xb8556	0x1e8	0xa5	0xcb	0x9ebf	0x7635	0x390	e801a500cb00bf9e35769003042ba8fcee6d9ce801f7d8ab009003dc5941168f	prefix_32_of_587	0x148226cc	0x14100010	0xffaffb65	0x3f0612b2	-0xc0a9e8b3	0x3a	0x3a
1632	0x787fe407836d	310	0xb8556	0x310ef0	0x311163	+0x273	dispatch	0xcdac7	169	0x9af18	0x1e8	0x162	0x154	0xf7c	0x99	0x92e7	e801620154017c0f9900e792dc1375ac08b602e801bf8c2f019289f5a0fa7e69	prefix_32_of_627	0x14100010	0xc83095f0	0x3f0612b2	0x400110fe	+0xfafe4c	0x3a	0x3a
1633	0x787fe407836d	169	0x9af18	0x311163	0x3113a5	+0x242	dispatch	0xcdac7	169	0x9af18	0xa5	0x1e8	0x10c	0x1c4a	0x67ae	0x6b6	a500e8010c014a1cae67b6063aa56428d9e80129f1186774139007d64940f679	prefix_32_of_578	0xc83095f0	0x7adeff2e	0x400110fe	0x78de0800	+0x38dcf702	0x3a	0x3a
1634	0x787fe407836d	169	0x9af18	0x3113a5	0x3115e7	+0x242	dispatch	0xcdac7	310	0xb8556	0x162	0x1e8	0xbd	0x99	0xe914	0x26e8	6201e801bd00990014e9e826ba56639900de34e8017709ab00041dab006485b4	prefix_32_of_578	0x7adeff2e	0x2948	0x78de0800	0x2948	-0x78dddeb8	0x3a	0x3a
1635	0x787fe407836d	310	0xb8556	0x3115e7	0x311829	+0x242	dispatch	0xcdac7	169	0x9af18	0x1e8	0xa5	0x9d	0xd56f	0x99	0xad8	e801a5009d006fd59900d80a53f58761012fcee8011603b240666e6e27e60d3a	prefix_32_of_578	0x2948	0x3acddfde	0x2948	0x585c5c02	+0x585c32ba	0x3a	0x3a
1636	0x787fe407836d	169	0x9af18	0x311829	0x311a6b	+0x242	dispatch	0xcdac7	169	0x9af18	0xab	0x1e8	0x151	0x94f0	0x99	0xfcec	ab00e8015101f0949900ecfc8b0cd809e4e80111f8d746656b7dce813884ab00	prefix_32_of_578	0x3acddfde	0xef1b287	0x585c5c02	0x69145f5a	+0x10b80358	0x3a	0x3a
1637	0x787fe407836d	169	0x9af18	0x311a6b	0x311cad	+0x242	dispatch	0xcdac7	310	0xb8556	0xa5	0x1e8	0x72	0x64cb	0xac8c	0x620	a500e8017200cb648cac200648efdaf5e0bf18e8015f2dab001a531a84d8ab00	prefix_32_of_578	0xef1b287	0x524c03c5	0x69145f5a	0x7df7dfda	+0x14e38080	0x3a	0x3a
1638	0x787fe407836d	310	0xb8556	0x311cad	0x311f69	+0x2bc	dispatch	0xcdac7	310	0xb8556	0x1e8	0xa5	0x10c	0x1c4a	0x6c86	0x7438	e801a5000c014a1c866c38749900ba703aa3e6e801859db8ec9f9147b7bebdaa	prefix_32_of_700	0x524c03c5	0x8e78f1da	0x7df7dfda	0xeb377ffe	+0x6d3fa024	0x3a	0x3a
1639	0x787fe407836d	310	0xb8556	0x311f69	0x31223a	+0x2d1	dispatch	0xcdac7	310	0xb8556	0x1e8	0xa5	0x14d	0xe523	0x99	0xe367	e801a5004d0123e5990067e332d17995c6459ee801880a70a4781ff2ff90977e	prefix_32_of_721	0x8e78f1da	0x8e4e0de5	0xeb377ffe	0x7bd7fefb	-0x6f5f8103	0x3a	0x3a
1640	0x787fe407836d	310	0xb8556	0x31223a	0x312464	+0x22a	dispatch	0xcdac7	169	0x9af18	0x1e8	0xab	0x151	0x9568	0x99	0xae47	e801ab0051016895990047ae9900f3a03a2e3ae801d80a443786cf06c648acd7	prefix_32_of_554	0x8e4e0de5	0x347541db	0x7bd7fefb	0x69945ffa	-0x12439f01	0x3a	0x3a
1641	0x787fe407836d	169	0x9af18	0x312464	0x31268e	+0x22a	dispatch	0xcdac7	310	0xb8556	0xab	0x1e8	0x42	0x97f9	0x8b3a	0x99da	ab00e8014200f9973a8bda99009a299900e801e4734b803a09b993007451ab00	prefix_32_of_554	0x347541db	0x5675bb90	0x69945ffa	0xffc76ef9	+0x96330eff	0x3a	0x3a
1642	0x787fe407836d	310	0xb8556	0x31268e	0x312868	+0x1da	dispatch	0xcdac7	169	0x9af18	0x1e8	0x162	0x10c	0x1c4a	0x6576	0x4392	e80162010c014a1c76659243358b8809c82954e8014c0cab0058019c10f7f483	prefix_32_of_474	0x5675bb90	0x221c12	0xffc76ef9	0x3f06a742	-0xc0c0c7b7	0x3a	0x3a
1643	0x787fe407836d	169	0x9af18	0x312868	0x312aee	+0x286	dispatch	0xcdac7	169	0x9af18	0xab	0x1e8	0x12	0x5e8	0xae3a	0xb4a5	ab00e8011200e8053aaea5b4a2606756d86000e801d80a90778a7301aa4f8cd8	prefix_32_of_646	0x221c12	0x8e3c0ca2	0x3f06a742	0x6f95fefa	+0x308f57b8	0x3a	0x3a
1644	0x787fe407836d	169	0x9af18	0x312aee	0x312cd0	+0x1e2	dispatch	0xcdac7	169	0x9af18	0x162	0x1e8	0x9d	0xd4ff	0x99	0x3810	6201e8019d00ffd499001038377504acaadc9ee80188acfa117cde3f9f9f57fa	prefix_32_of_482	0x8e3c0ca2	0xfbf79ddb	0x6f95fefa	0xf9f3eb74	+0x8a5dec7a	0x3a	0x3a
1645	0x787fe407836d	169	0x9af18	0x312cd0	0x312f26	+0x256	dispatch	0xcdac7	310	0xb8556	0x162	0x1e8	0xbd	0x99	0xe964	0x860	6201e801bd00990064e96008f0890e712b581de8014b1ac6d48406bceffeed89	prefix_32_of_598	0xfbf79ddb	0x4b8eb2de	0xf9f3eb74	0x7b1c5e5e	-0x7ed78d16	0x3a	0x3a
1646	0x787fe407836d	310	0xb8556	0x312f26	0x313169	+0x243	dispatch	0xcdac7	310	0xb8556	0x1e8	0x162	0xb9	0xa483	0x543a	0xcd68	e8016201b90083a43a5468cdd0817305599acde80104b48b0ce80544a5607c99	prefix_32_of_579	0x4b8eb2de	0x7afe7fef	0x7b1c5e5e	0x727e02a8	-0x89e5bb6	0x3a	0x3a
1647	0x787fe407836d	310	0xb8556	0x313169	0x31334b	+0x1e2	dispatch	0xcdac7	169	0x9af18	0x1e8	0xa5	0x151	0x99e0	0x99	0x2580	e801a5005101e09999008025faf2b3bb03cc5ae801979b477a218516bad00004	prefix_32_of_482	0x7afe7fef	0xce4d8465	0x727e02a8	0x7f3e7f7b	+0xcc07cd3	0x3a	0x3a
1648	0x787fe407836d	169	0x9af18	0x31334b	0x3135b9	+0x26e	dispatch	0xcdac7	169	0x9af18	0xa5	0x1e8	0x40	0xa81d	0x99	0x620	a500e80140001da899002006e89ff41597541ce801ab9e2ac633af3ada4c1da9	prefix_32_of_622	0xce4d8465	0xc917a90d	0x7f3e7f7b	0xc917a90d	+0x49d92992	0x3a	0x3a
1649	0x787fe407836d	169	0x9af18	0x3135b9	0x3137fc	+0x243	dispatch	0xcdac7	310	0xb8556	0x162	0x1e8	0x40	0xa2bd	0x99	0x1b17	6201e8014000bda29900171bab6f0801d4e8014ab2d76ef4e32006be862314d7	prefix_32_of_579	0xc917a90d	0x8df97560	0xc917a90d	0x694cb90f	-0x5fcaeffe	0x3a	0x3a
1650	0x787fe407836d	310	0xb8556	0x3137fc	0x3139de	+0x1e2	dispatch	0xcdac7	310	0xb8556	0x1e8	0x162	0xa8	0x99	0xd0ce	0x339a	e8016201a8009900ced09a331c968809df4913e8013e1db47be2ab00a9a94eef	prefix_32_of_482	0x8df97560	0x4a612e32	0x694cb90f	0x5f8f8af3	-0x9bd2e1c	0x3a	0x3a
1651	0x787fe407836d	310	0xb8556	0x3139de	0x313c4c	+0x26e	dispatch	0xcdac7	169	0x9af18	0x1e8	0xa5	0x154	0x12ac	0x99	0x6160	e801a5005401ac12990060615dd8ca85aa86fae801e80522b455bce3a77dd306	prefix_32_of_622	0x4a612e32	0x8f70318b	0x5f8f8af3	0xfbfb8b3c	+0x9c6c0049	0x3a	0x3a
1652	0x787fe407836d	169	0x9af18	0x313c4c	0x313e8f	+0x243	dispatch	0xcdac7	169	0x9af18	0xab	0x1e8	0x14d	0xe973	0x99	0xe987	ab00e8014d0173e9990087e926178cfb71d638e8010b62f5e882fa050f99789a	prefix_32_of_579	0x8f70318b	0xfed1df96	0xfbfb8b3c	0x58a4dcd6	-0xa356ae66	0x3a	0x3a
1653	0x787fe407836d	169	0x9af18	0x313e8f	0x314071	+0x1e2	dispatch	0xcdac7	169	0x9af18	0x162	0x1e8	0x9d	0xd4ff	0x99	0x3390	6201e8019d00ffd49900903337b623a8e5df73e8019798477690393ef22f9bcb	prefix_32_of_482	0xfed1df96	0x4ac60206	0x58a4dcd6	0x5ee7d2fb	+0x642f625	0x3a	0x3a
1654	0x787fe407836d	169	0x9af18	0x314071	0x3142df	+0x26e	dispatch	0xcdac7	310	0xb8556	0x162	0x1e8	0xa8	0x99	0xd4b6	0x9fd6	6201e801a8009900b6d4d69fbcef4e5f09e8011cb697d66ed299928e413a85b4	prefix_32_of_622	0x4ac60206	0x861eb185	0x5ee7d2fb	0xdf95e7f4	+0x80ae14f9	0x3a	0x3a
1655	0x787fe407836d	310	0xb8556	0x3142df	0x314522	+0x243	dispatch	0xcdac7	310	0xb8556	0x1e8	0xab	0xd7	0xa88	0xd888	0x227d	e801ab00d700880a88d87d220b07a29900b00ee801c9569798eedb0f85a424a2	prefix_32_of_579	0x861eb185	0x34a042ea	0xdf95e7f4	0x3ce04eeb	-0xa2b59909	0x3a	0x3a
1656	0x787fe407836d	310	0xb8556	0x314522	0x314704	+0x1e2	dispatch	0xcdac7	310	0xb8556	0x1e8	0x162	0xcb	0x9a07	0x7635	0x1ca1	e8016201cb00079a3576a11c1587d000e463e6e801744fab006005408141e30a	prefix_32_of_482	0x34a042ea	0xfcdeff37	0x3ce04eeb	0xfcd60600	+0xbff5b715	0x3a	0x3a
1657	0x787fe407836d	310	0xb8556	0x314704	0x314972	+0x26e	dispatch	0xcdac7	169	0x9af18	0x1e8	0x162	0x133	0x553a	0xc4b4	0x9913	e801620133013a55b4c41399000f9926d6e801b4c893293a145770293fba3bd7	prefix_32_of_622	0xfcdeff37	0xf8eeff37	0xfcd60600	0xf8e60910	-0x3effcf0	0x3a	0x3a
1658	0x787fe407836d	169	0x9af18	0x314972	0x314bb5	+0x243	dispatch	0xcdac7	310	0xb8556	0xab	0x1e8	0x133	0xd3a	0x17b0	0x3590	ab00e80133013a0db017903576da52830d9d9ee801174b3aac16ab007e67bbcf	prefix_32_of_579	0xf8eeff37	0x62662dfb	0xf8e60910	0xbffcca14	-0x38e93efc	0x3a	0x3a
1659	0x787fe407836d	310	0xb8556	0x314bb5	0x314d97	+0x1e2	dispatch	0xcdac7	169	0x9af18	0x1e8	0xa5	0x154	0xec4	0x99	0xdaa	e801a5005401c40e9900aa0d3e77f80828c29ae801209b1de1b283cc41d0003c	prefix_32_of_482	0x62662dfb	0xfadf7f2d	0xbffcca14	0xf21b0800	+0x321e3dec	0x3a	0x3a
1660	0x787fe407836d	169	0x9af18	0x314d97	0x315005	+0x26e	dispatch	0xcdac7	310	0xb8556	0x162	0x1e8	0x154	0x1334	0x99	0x1060	6201e80154013413990060103a1468c6d70e38e801880ac47c15400b7ef3eb03	prefix_32_of_622	0xfadf7f2d	0xe34473c6	0xf21b0800	0xe74477c6	-0xad6903a	0x3a	0x3a
1661	0x787fe407836d	310	0xb8556	0x315005	0x31522f	+0x22a	dispatch	0xcdac7	310	0xb8556	0x1e8	0xab	0x2b	0x7ded	0x99	0x9d3a	e801ab002b00ed7d99003a9daf99001ceee5a3e801abfa76d8093db434706b58	prefix_32_of_554	0xe34473c6	0x69b0303a	0xe74477c6	0x69145e5a	-0x7e30196c	0x3a	0x3a
1662	0x787fe407836d	310	0xb8556	0x31522f	0x315486	+0x257	dispatch	0xcdac7	169	0x9af18	0x1e8	0xab	0xc7	0x4f47	0x2c3a	0xae89	e801ab00c700474f3a2c89ae01349650eb981ae801bbffdce71f77f3025db1c8	prefix_32_of_599	0x69b0303a	0x841ab3c5	0x69145e5a	0x841ab3c5	+0x1b06556b	0x3a	0x3a
1663	0x787fe407836d	169	0x9af18	0x315486	0x3156ca	+0x244	dispatch	0xcdac7	169	0x9af18	0xa5	0x1e8	0x12	0x620	0xdc3a	0xfca3	a500e801120020063adca3fce00d85dd41f69ae801e0a76a83e8bb0003922025	prefix_32_of_580	0x841ab3c5	0xf613f930	0x841ab3c5	0x3ffce85e	-0x441dcb67	0x3a	0x3a
1664	0x787fe407836d	169	0x9af18	0x3156ca	0x315969	+0x29f	dispatch	0xcdac7	169	0x9af18	0xab	0x1e8	0x9d	0xcf07	0x99	0xf9a4	ab00e8019d0007cf9900a4f90133438c86ac48e801f3e7ab00737721d5bfd52a	prefix_32_of_671	0xf613f930	0x2ab32381	0x3ffce85e	0x2af72783	-0x1505c0db	0x3a	0x3a
1665	0x787fe407836d	169	0x9af18	0x315969	0x315bbf	+0x256	dispatch	0xcdac7	169	0x9af18	0xab	0x1e8	0x129	0x1e31	0x8ee1	0x6ea2	ab00e8012901311ee18ea26eeb88cf9ecf06bee8010aaba3094961d69865e9dc	prefix_32_of_598	0x2ab32381	0x6e5d9892	0x2af72783	0x4000d60c	+0x1509ae89	0x3a	0x3a
1666	0x787fe407836d	169	0x9af18	0x315bbf	0x310ca5	-0x4f1a	dispatch	0xcdac7	310	0xb8556	0xab	0x1e8	0x10c	0x1c4a	0x63e6	0x5af	ab00e8010c014a1ce663af053cd2e4092be80199f5de2fb4dd1429a30a54917a	backedge_sample	0x6e5d9892	0x148226cc	0x4000d60c	0xffaffb65	+0xbfaf2559	0x3a	0x3a
1667	0x787fe407836d	310	0xb8556	0x310ca5	0x310ef0	+0x24b	dispatch	0xcdac7	310	0xb8556	0x1e8	0xa5	0xcb	0x9ebf	0x7635	0x390	e801a500cb00bf9e35769003042ba8fcee6d9ce801f7d8ab009003dc5941168f	prefix_32_of_587	0x148226cc	0x14100010	0xffaffb65	0x3f0612b2	-0xc0a9e8b3	0x3a	0x3a
1668	0x787fe407836d	310	0xb8556	0x310ef0	0x311163	+0x273	dispatch	0xcdac7	169	0x9af18	0x1e8	0x162	0x154	0xf7c	0x99	0x92e7	e801620154017c0f9900e792dc1375ac08b602e801bf8c2f019289f5a0fa7e69	prefix_32_of_627	0x14100010	0xc83095f0	0x3f0612b2	0x400110fe	+0xfafe4c	0x3a	0x3a
1669	0x787fe407836d	169	0x9af18	0x311163	0x3113a5	+0x242	dispatch	0xcdac7	169	0x9af18	0xa5	0x1e8	0x10c	0x1c4a	0x67ae	0x6b6	a500e8010c014a1cae67b6063aa56428d9e80129f1186774139007d64940f679	prefix_32_of_578	0xc83095f0	0x7adeff2e	0x400110fe	0x78de0800	+0x38dcf702	0x3a	0x3a
1670	0x787fe407836d	169	0x9af18	0x3113a5	0x3115e7	+0x242	dispatch	0xcdac7	310	0xb8556	0x162	0x1e8	0xbd	0x99	0xe914	0x26e8	6201e801bd00990014e9e826ba56639900de34e8017709ab00041dab006485b4	prefix_32_of_578	0x7adeff2e	0x2948	0x78de0800	0x2948	-0x78dddeb8	0x3a	0x3a
1671	0x787fe407836d	310	0xb8556	0x3115e7	0x311829	+0x242	dispatch	0xcdac7	169	0x9af18	0x1e8	0xa5	0x9d	0xd56f	0x99	0xad8	e801a5009d006fd59900d80a53f58761012fcee8011603b240666e6e27e60d3a	prefix_32_of_578	0x2948	0x3acddfde	0x2948	0x585c5c02	+0x585c32ba	0x3a	0x3a
1672	0x787fe407836d	169	0x9af18	0x311829	0x311a6b	+0x242	dispatch	0xcdac7	169	0x9af18	0xab	0x1e8	0x151	0x94f0	0x99	0xfcec	ab00e8015101f0949900ecfc8b0cd809e4e80111f8d746656b7dce813884ab00	prefix_32_of_578	0x3acddfde	0xef1b287	0x585c5c02	0x69145f5a	+0x10b80358	0x3a	0x3a
1673	0x787fe407836d	169	0x9af18	0x311a6b	0x311cad	+0x242	dispatch	0xcdac7	310	0xb8556	0xa5	0x1e8	0x72	0x64cb	0xac8c	0x620	a500e8017200cb648cac200648efdaf5e0bf18e8015f2dab001a531a84d8ab00	prefix_32_of_578	0xef1b287	0x524c03c5	0x69145f5a	0x7df7dfda	+0x14e38080	0x3a	0x3a
1674	0x787fe407836d	310	0xb8556	0x311cad	0x311f69	+0x2bc	dispatch	0xcdac7	310	0xb8556	0x1e8	0xa5	0x10c	0x1c4a	0x6c86	0x7438	e801a5000c014a1c866c38749900ba703aa3e6e801859db8ec9f9147b7bebdaa	prefix_32_of_700	0x524c03c5	0x8e78f1da	0x7df7dfda	0xeb377ffe	+0x6d3fa024	0x3a	0x3a
1675	0x787fe407836d	310	0xb8556	0x311f69	0x31223a	+0x2d1	dispatch	0xcdac7	310	0xb8556	0x1e8	0xa5	0x14d	0xe523	0x99	0xe367	e801a5004d0123e5990067e332d17995c6459ee801880a70a4781ff2ff90977e	prefix_32_of_721	0x8e78f1da	0x8e4e0de5	0xeb377ffe	0x7bd7fefb	-0x6f5f8103	0x3a	0x3a
1676	0x787fe407836d	310	0xb8556	0x31223a	0x312464	+0x22a	dispatch	0xcdac7	169	0x9af18	0x1e8	0xab	0x151	0x9568	0x99	0xae47	e801ab0051016895990047ae9900f3a03a2e3ae801d80a443786cf06c648acd7	prefix_32_of_554	0x8e4e0de5	0x347541db	0x7bd7fefb	0x69945ffa	-0x12439f01	0x3a	0x3a
1677	0x787fe407836d	169	0x9af18	0x312464	0x31268e	+0x22a	dispatch	0xcdac7	310	0xb8556	0xab	0x1e8	0x42	0x97f9	0x8b3a	0x99da	ab00e8014200f9973a8bda99009a299900e801e4734b803a09b993007451ab00	prefix_32_of_554	0x347541db	0x5675bb90	0x69945ffa	0xffc76ef9	+0x96330eff	0x3a	0x3a
1678	0x787fe407836d	310	0xb8556	0x31268e	0x312868	+0x1da	dispatch	0xcdac7	169	0x9af18	0x1e8	0x162	0x10c	0x1c4a	0x6576	0x4392	e80162010c014a1c76659243358b8809c82954e8014c0cab0058019c10f7f483	prefix_32_of_474	0x5675bb90	0x221c12	0xffc76ef9	0x3f06a742	-0xc0c0c7b7	0x3a	0x3a
1679	0x787fe407836d	169	0x9af18	0x312868	0x312aee	+0x286	dispatch	0xcdac7	169	0x9af18	0xab	0x1e8	0x12	0x5e8	0xae3a	0xb4a5	ab00e8011200e8053aaea5b4a2606756d86000e801d80a90778a7301aa4f8cd8	prefix_32_of_646	0x221c12	0x8e3c0ca2	0x3f06a742	0x6f95fefa	+0x308f57b8	0x3a	0x3a
1680	0x787fe407836d	169	0x9af18	0x312aee	0x312cd0	+0x1e2	dispatch	0xcdac7	169	0x9af18	0x162	0x1e8	0x9d	0xd4ff	0x99	0x3810	6201e8019d00ffd499001038377504acaadc9ee80188acfa117cde3f9f9f57fa	prefix_32_of_482	0x8e3c0ca2	0xfbf79ddb	0x6f95fefa	0xf9f3eb74	+0x8a5dec7a	0x3a	0x3a
1681	0x787fe407836d	169	0x9af18	0x312cd0	0x312f26	+0x256	dispatch	0xcdac7	310	0xb8556	0x162	0x1e8	0xbd	0x99	0xe964	0x860	6201e801bd00990064e96008f0890e712b581de8014b1ac6d48406bceffeed89	prefix_32_of_598	0xfbf79ddb	0x4b8eb2de	0xf9f3eb74	0x7b1c5e5e	-0x7ed78d16	0x3a	0x3a
1682	0x787fe407836d	310	0xb8556	0x312f26	0x313169	+0x243	dispatch	0xcdac7	310	0xb8556	0x1e8	0x162	0xb9	0xa483	0x543a	0xcd68	e8016201b90083a43a5468cdd0817305599acde80104b48b0ce80544a5607c99	prefix_32_of_579	0x4b8eb2de	0x7afe7fef	0x7b1c5e5e	0x727e02a8	-0x89e5bb6	0x3a	0x3a
1683	0x787fe407836d	310	0xb8556	0x313169	0x31334b	+0x1e2	dispatch	0xcdac7	169	0x9af18	0x1e8	0xa5	0x151	0x99e0	0x99	0x2580	e801a5005101e09999008025faf2b3bb03cc5ae801979b477a218516bad00004	prefix_32_of_482	0x7afe7fef	0xce4d8465	0x727e02a8	0x7f3e7f7b	+0xcc07cd3	0x3a	0x3a
1684	0x787fe407836d	169	0x9af18	0x31334b	0x3135b9	+0x26e	dispatch	0xcdac7	169	0x9af18	0xa5	0x1e8	0x40	0xa81d	0x99	0x620	a500e80140001da899002006e89ff41597541ce801ab9e2ac633af3ada4c1da9	prefix_32_of_622	0xce4d8465	0xc917a90d	0x7f3e7f7b	0xc917a90d	+0x49d92992	0x3a	0x3a
1685	0x787fe407836d	169	0x9af18	0x3135b9	0x3137fc	+0x243	dispatch	0xcdac7	310	0xb8556	0x162	0x1e8	0x40	0xa2bd	0x99	0x1b17	6201e8014000bda29900171bab6f0801d4e8014ab2d76ef4e32006be862314d7	prefix_32_of_579	0xc917a90d	0x8df97560	0xc917a90d	0x694cb90f	-0x5fcaeffe	0x3a	0x3a
1686	0x787fe407836d	310	0xb8556	0x3137fc	0x3139de	+0x1e2	dispatch	0xcdac7	310	0xb8556	0x1e8	0x162	0xa8	0x99	0xd0ce	0x339a	e8016201a8009900ced09a331c968809df4913e8013e1db47be2ab00a9a94eef	prefix_32_of_482	0x8df97560	0x4a612e32	0x694cb90f	0x5f8f8af3	-0x9bd2e1c	0x3a	0x3a
1687	0x787fe407836d	310	0xb8556	0x3139de	0x313c4c	+0x26e	dispatch	0xcdac7	169	0x9af18	0x1e8	0xa5	0x154	0x12ac	0x99	0x6160	e801a5005401ac12990060615dd8ca85aa86fae801e80522b455bce3a77dd306	prefix_32_of_622	0x4a612e32	0x8f70318b	0x5f8f8af3	0xfbfb8b3c	+0x9c6c0049	0x3a	0x3a
1688	0x787fe407836d	169	0x9af18	0x313c4c	0x313e8f	+0x243	dispatch	0xcdac7	169	0x9af18	0xab	0x1e8	0x14d	0xe973	0x99	0xe987	ab00e8014d0173e9990087e926178cfb71d638e8010b62f5e882fa050f99789a	prefix_32_of_579	0x8f70318b	0xfed1df96	0xfbfb8b3c	0x58a4dcd6	-0xa356ae66	0x3a	0x3a
1689	0x787fe407836d	169	0x9af18	0x313e8f	0x314071	+0x1e2	dispatch	0xcdac7	169	0x9af18	0x162	0x1e8	0x9d	0xd4ff	0x99	0x3390	6201e8019d00ffd49900903337b623a8e5df73e8019798477690393ef22f9bcb	prefix_32_of_482	0xfed1df96	0x4ac60206	0x58a4dcd6	0x5ee7d2fb	+0x642f625	0x3a	0x3a
1690	0x787fe407836d	169	0x9af18	0x314071	0x3142df	+0x26e	dispatch	0xcdac7	310	0xb8556	0x162	0x1e8	0xa8	0x99	0xd4b6	0x9fd6	6201e801a8009900b6d4d69fbcef4e5f09e8011cb697d66ed299928e413a85b4	prefix_32_of_622	0x4ac60206	0x861eb185	0x5ee7d2fb	0xdf95e7f4	+0x80ae14f9	0x3a	0x3a
1691	0x787fe407836d	310	0xb8556	0x3142df	0x314522	+0x243	dispatch	0xcdac7	310	0xb8556	0x1e8	0xab	0xd7	0xa88	0xd888	0x227d	e801ab00d700880a88d87d220b07a29900b00ee801c9569798eedb0f85a424a2	prefix_32_of_579	0x861eb185	0x34a042ea	0xdf95e7f4	0x3ce04eeb	-0xa2b59909	0x3a	0x3a
1692	0x787fe407836d	310	0xb8556	0x314522	0x314704	+0x1e2	dispatch	0xcdac7	310	0xb8556	0x1e8	0x162	0xcb	0x9a07	0x7635	0x1ca1	e8016201cb00079a3576a11c1587d000e463e6e801744fab006005408141e30a	prefix_32_of_482	0x34a042ea	0xfcdeff37	0x3ce04eeb	0xfcd60600	+0xbff5b715	0x3a	0x3a
1693	0x787fe407836d	310	0xb8556	0x314704	0x314972	+0x26e	dispatch	0xcdac7	169	0x9af18	0x1e8	0x162	0x133	0x553a	0xc4b4	0x9913	e801620133013a55b4c41399000f9926d6e801b4c893293a145770293fba3bd7	prefix_32_of_622	0xfcdeff37	0xf8eeff37	0xfcd60600	0xf8e60910	-0x3effcf0	0x3a	0x3a
1694	0x787fe407836d	169	0x9af18	0x314972	0x314bb5	+0x243	dispatch	0xcdac7	310	0xb8556	0xab	0x1e8	0x133	0xd3a	0x17b0	0x3590	ab00e80133013a0db017903576da52830d9d9ee801174b3aac16ab007e67bbcf	prefix_32_of_579	0xf8eeff37	0x62662dfb	0xf8e60910	0xbffcca14	-0x38e93efc	0x3a	0x3a
1695	0x787fe407836d	310	0xb8556	0x314bb5	0x314d97	+0x1e2	dispatch	0xcdac7	169	0x9af18	0x1e8	0xa5	0x154	0xec4	0x99	0xdaa	e801a5005401c40e9900aa0d3e77f80828c29ae801209b1de1b283cc41d0003c	prefix_32_of_482	0x62662dfb	0xfadf7f2d	0xbffcca14	0xf21b0800	+0x321e3dec	0x3a	0x3a
1696	0x787fe407836d	169	0x9af18	0x314d97	0x315005	+0x26e	dispatch	0xcdac7	310	0xb8556	0x162	0x1e8	0x154	0x1334	0x99	0x1060	6201e80154013413990060103a1468c6d70e38e801880ac47c15400b7ef3eb03	prefix_32_of_622	0xfadf7f2d	0xe34473c6	0xf21b0800	0xe74477c6	-0xad6903a	0x3a	0x3a
1697	0x787fe407836d	310	0xb8556	0x315005	0x31522f	+0x22a	dispatch	0xcdac7	310	0xb8556	0x1e8	0xab	0x2b	0x7ded	0x99	0x9d3a	e801ab002b00ed7d99003a9daf99001ceee5a3e801abfa76d8093db434706b58	prefix_32_of_554	0xe34473c6	0x69b0303a	0xe74477c6	0x69145e5a	-0x7e30196c	0x3a	0x3a
1698	0x787fe407836d	310	0xb8556	0x31522f	0x315486	+0x257	dispatch	0xcdac7	169	0x9af18	0x1e8	0xab	0xc7	0x4f47	0x2c3a	0xae89	e801ab00c700474f3a2c89ae01349650eb981ae801bbffdce71f77f3025db1c8	prefix_32_of_599	0x69b0303a	0x841ab3c5	0x69145e5a	0x841ab3c5	+0x1b06556b	0x3a	0x3a
1699	0x787fe407836d	169	0x9af18	0x315486	0x3156ca	+0x244	dispatch	0xcdac7	169	0x9af18	0xa5	0x1e8	0x12	0x620	0xdc3a	0xfca3	a500e801120020063adca3fce00d85dd41f69ae801e0a76a83e8bb0003922025	prefix_32_of_580	0x841ab3c5	0xf613f930	0x841ab3c5	0x3ffce85e	-0x441dcb67	0x3a	0x3a
1700	0x787fe407836d	169	0x9af18	0x3156ca	0x315969	+0x29f	dispatch	0xcdac7	169	0x9af18	0xab	0x1e8	0x9d	0xcf07	0x99	0xf9a4	ab00e8019d0007cf9900a4f90133438c86ac48e801f3e7ab00737721d5bfd52a	prefix_32_of_671	0xf613f930	0x2ab32381	0x3ffce85e	0x2af72783	-0x1505c0db	0x3a	0x3a
1701	0x787fe407836d	169	0x9af18	0x315969	0x315bbf	+0x256	dispatch	0xcdac7	169	0x9af18	0xab	0x1e8	0x129	0x1e31	0x8ee1	0x6ea2	ab00e8012901311ee18ea26eeb88cf9ecf06bee8010aaba3094961d69865e9dc	prefix_32_of_598	0x2ab32381	0x6e5d9892	0x2af72783	0x4000d60c	+0x1509ae89	0x3a	0x3a
1702	0x787fe407836d	169	0x9af18	0x315bbf	0x310ca5	-0x4f1a	dispatch	0xcdac7	310	0xb8556	0xab	0x1e8	0x10c	0x1c4a	0x63e6	0x5af	ab00e8010c014a1ce663af053cd2e4092be80199f5de2fb4dd1429a30a54917a	backedge_sample	0x6e5d9892	0x148226cc	0x4000d60c	0xffaffb65	+0xbfaf2559	0x3a	0x3a
1703	0x787fe407836d	310	0xb8556	0x310ca5	0x310ef0	+0x24b	dispatch	0xcdac7	310	0xb8556	0x1e8	0xa5	0xcb	0x9ebf	0x7635	0x390	e801a500cb00bf9e35769003042ba8fcee6d9ce801f7d8ab009003dc5941168f	prefix_32_of_587	0x148226cc	0x14100010	0xffaffb65	0x3f0612b2	-0xc0a9e8b3	0x3a	0x3a
1704	0x787fe407836d	310	0xb8556	0x310ef0	0x311163	+0x273	dispatch	0xcdac7	169	0x9af18	0x1e8	0x162	0x154	0xf7c	0x99	0x92e7	e801620154017c0f9900e792dc1375ac08b602e801bf8c2f019289f5a0fa7e69	prefix_32_of_627	0x14100010	0xc83095f0	0x3f0612b2	0x400110fe	+0xfafe4c	0x3a	0x3a
1705	0x787fe407836d	169	0x9af18	0x311163	0x3113a5	+0x242	dispatch	0xcdac7	169	0x9af18	0xa5	0x1e8	0x10c	0x1c4a	0x67ae	0x6b6	a500e8010c014a1cae67b6063aa56428d9e80129f1186774139007d64940f679	prefix_32_of_578	0xc83095f0	0x7adeff2e	0x400110fe	0x78de0800	+0x38dcf702	0x3a	0x3a
1706	0x787fe407836d	169	0x9af18	0x3113a5	0x3115e7	+0x242	dispatch	0xcdac7	310	0xb8556	0x162	0x1e8	0xbd	0x99	0xe914	0x26e8	6201e801bd00990014e9e826ba56639900de34e8017709ab00041dab006485b4	prefix_32_of_578	0x7adeff2e	0x2948	0x78de0800	0x2948	-0x78dddeb8	0x3a	0x3a
1707	0x787fe407836d	310	0xb8556	0x3115e7	0x311829	+0x242	dispatch	0xcdac7	169	0x9af18	0x1e8	0xa5	0x9d	0xd56f	0x99	0xad8	e801a5009d006fd59900d80a53f58761012fcee8011603b240666e6e27e60d3a	prefix_32_of_578	0x2948	0x3acddfde	0x2948	0x585c5c02	+0x585c32ba	0x3a	0x3a
1708	0x787fe407836d	169	0x9af18	0x311829	0x311a6b	+0x242	dispatch	0xcdac7	169	0x9af18	0xab	0x1e8	0x151	0x94f0	0x99	0xfcec	ab00e8015101f0949900ecfc8b0cd809e4e80111f8d746656b7dce813884ab00	prefix_32_of_578	0x3acddfde	0xef1b287	0x585c5c02	0x69145f5a	+0x10b80358	0x3a	0x3a
1709	0x787fe407836d	169	0x9af18	0x311a6b	0x311cad	+0x242	dispatch	0xcdac7	310	0xb8556	0xa5	0x1e8	0x72	0x64cb	0xac8c	0x620	a500e8017200cb648cac200648efdaf5e0bf18e8015f2dab001a531a84d8ab00	prefix_32_of_578	0xef1b287	0x524c03c5	0x69145f5a	0x7df7dfda	+0x14e38080	0x3a	0x3a
1710	0x787fe407836d	310	0xb8556	0x311cad	0x311f69	+0x2bc	dispatch	0xcdac7	310	0xb8556	0x1e8	0xa5	0x10c	0x1c4a	0x6c86	0x7438	e801a5000c014a1c866c38749900ba703aa3e6e801859db8ec9f9147b7bebdaa	prefix_32_of_700	0x524c03c5	0x8e78f1da	0x7df7dfda	0xeb377ffe	+0x6d3fa024	0x3a	0x3a
1711	0x787fe407836d	310	0xb8556	0x311f69	0x31223a	+0x2d1	dispatch	0xcdac7	310	0xb8556	0x1e8	0xa5	0x14d	0xe523	0x99	0xe367	e801a5004d0123e5990067e332d17995c6459ee801880a70a4781ff2ff90977e	prefix_32_of_721	0x8e78f1da	0x8e4e0de5	0xeb377ffe	0x7bd7fefb	-0x6f5f8103	0x3a	0x3a
1712	0x787fe407836d	310	0xb8556	0x31223a	0x312464	+0x22a	dispatch	0xcdac7	169	0x9af18	0x1e8	0xab	0x151	0x9568	0x99	0xae47	e801ab0051016895990047ae9900f3a03a2e3ae801d80a443786cf06c648acd7	prefix_32_of_554	0x8e4e0de5	0x347541db	0x7bd7fefb	0x69945ffa	-0x12439f01	0x3a	0x3a
1713	0x787fe407836d	169	0x9af18	0x312464	0x31268e	+0x22a	dispatch	0xcdac7	310	0xb8556	0xab	0x1e8	0x42	0x97f9	0x8b3a	0x99da	ab00e8014200f9973a8bda99009a299900e801e4734b803a09b993007451ab00	prefix_32_of_554	0x347541db	0x5675bb90	0x69945ffa	0xffc76ef9	+0x96330eff	0x3a	0x3a
1714	0x787fe407836d	310	0xb8556	0x31268e	0x312868	+0x1da	dispatch	0xcdac7	169	0x9af18	0x1e8	0x162	0x10c	0x1c4a	0x6576	0x4392	e80162010c014a1c76659243358b8809c82954e8014c0cab0058019c10f7f483	prefix_32_of_474	0x5675bb90	0x221c12	0xffc76ef9	0x3f06a742	-0xc0c0c7b7	0x3a	0x3a
1715	0x787fe407836d	169	0x9af18	0x312868	0x312aee	+0x286	dispatch	0xcdac7	169	0x9af18	0xab	0x1e8	0x12	0x5e8	0xae3a	0xb4a5	ab00e8011200e8053aaea5b4a2606756d86000e801d80a90778a7301aa4f8cd8	prefix_32_of_646	0x221c12	0x8e3c0ca2	0x3f06a742	0x6f95fefa	+0x308f57b8	0x3a	0x3a
1716	0x787fe407836d	169	0x9af18	0x312aee	0x312cd0	+0x1e2	dispatch	0xcdac7	169	0x9af18	0x162	0x1e8	0x9d	0xd4ff	0x99	0x3810	6201e8019d00ffd499001038377504acaadc9ee80188acfa117cde3f9f9f57fa	prefix_32_of_482	0x8e3c0ca2	0xfbf79ddb	0x6f95fefa	0xf9f3eb74	+0x8a5dec7a	0x3a	0x3a
1717	0x787fe407836d	169	0x9af18	0x312cd0	0x312f26	+0x256	dispatch	0xcdac7	310	0xb8556	0x162	0x1e8	0xbd	0x99	0xe964	0x860	6201e801bd00990064e96008f0890e712b581de8014b1ac6d48406bceffeed89	prefix_32_of_598	0xfbf79ddb	0x4b8eb2de	0xf9f3eb74	0x7b1c5e5e	-0x7ed78d16	0x3a	0x3a
1718	0x787fe407836d	310	0xb8556	0x312f26	0x313169	+0x243	dispatch	0xcdac7	310	0xb8556	0x1e8	0x162	0xb9	0xa483	0x543a	0xcd68	e8016201b90083a43a5468cdd0817305599acde80104b48b0ce80544a5607c99	prefix_32_of_579	0x4b8eb2de	0x7afe7fef	0x7b1c5e5e	0x727e02a8	-0x89e5bb6	0x3a	0x3a
1719	0x787fe407836d	310	0xb8556	0x313169	0x31334b	+0x1e2	dispatch	0xcdac7	169	0x9af18	0x1e8	0xa5	0x151	0x99e0	0x99	0x2580	e801a5005101e09999008025faf2b3bb03cc5ae801979b477a218516bad00004	prefix_32_of_482	0x7afe7fef	0xce4d8465	0x727e02a8	0x7f3e7f7b	+0xcc07cd3	0x3a	0x3a
1720	0x787fe407836d	169	0x9af18	0x31334b	0x3135b9	+0x26e	dispatch	0xcdac7	169	0x9af18	0xa5	0x1e8	0x40	0xa81d	0x99	0x620	a500e80140001da899002006e89ff41597541ce801ab9e2ac633af3ada4c1da9	prefix_32_of_622	0xce4d8465	0xc917a90d	0x7f3e7f7b	0xc917a90d	+0x49d92992	0x3a	0x3a
1721	0x787fe407836d	169	0x9af18	0x3135b9	0x3137fc	+0x243	dispatch	0xcdac7	310	0xb8556	0x162	0x1e8	0x40	0xa2bd	0x99	0x1b17	6201e8014000bda29900171bab6f0801d4e8014ab2d76ef4e32006be862314d7	prefix_32_of_579	0xc917a90d	0x8df97560	0xc917a90d	0x694cb90f	-0x5fcaeffe	0x3a	0x3a
1722	0x787fe407836d	310	0xb8556	0x3137fc	0x3139de	+0x1e2	dispatch	0xcdac7	310	0xb8556	0x1e8	0x162	0xa8	0x99	0xd0ce	0x339a	e8016201a8009900ced09a331c968809df4913e8013e1db47be2ab00a9a94eef	prefix_32_of_482	0x8df97560	0x4a612e32	0x694cb90f	0x5f8f8af3	-0x9bd2e1c	0x3a	0x3a
1723	0x787fe407836d	310	0xb8556	0x3139de	0x313c4c	+0x26e	dispatch	0xcdac7	169	0x9af18	0x1e8	0xa5	0x154	0x12ac	0x99	0x6160	e801a5005401ac12990060615dd8ca85aa86fae801e80522b455bce3a77dd306	prefix_32_of_622	0x4a612e32	0x8f70318b	0x5f8f8af3	0xfbfb8b3c	+0x9c6c0049	0x3a	0x3a
1724	0x787fe407836d	169	0x9af18	0x313c4c	0x313e8f	+0x243	dispatch	0xcdac7	169	0x9af18	0xab	0x1e8	0x14d	0xe973	0x99	0xe987	ab00e8014d0173e9990087e926178cfb71d638e8010b62f5e882fa050f99789a	prefix_32_of_579	0x8f70318b	0xfed1df96	0xfbfb8b3c	0x58a4dcd6	-0xa356ae66	0x3a	0x3a
1725	0x787fe407836d	169	0x9af18	0x313e8f	0x314071	+0x1e2	dispatch	0xcdac7	169	0x9af18	0x162	0x1e8	0x9d	0xd4ff	0x99	0x3390	6201e8019d00ffd49900903337b623a8e5df73e8019798477690393ef22f9bcb	prefix_32_of_482	0xfed1df96	0x4ac60206	0x58a4dcd6	0x5ee7d2fb	+0x642f625	0x3a	0x3a
1726	0x787fe407836d	169	0x9af18	0x314071	0x3142df	+0x26e	dispatch	0xcdac7	310	0xb8556	0x162	0x1e8	0xa8	0x99	0xd4b6	0x9fd6	6201e801a8009900b6d4d69fbcef4e5f09e8011cb697d66ed299928e413a85b4	prefix_32_of_622	0x4ac60206	0x861eb185	0x5ee7d2fb	0xdf95e7f4	+0x80ae14f9	0x3a	0x3a
1727	0x787fe407836d	310	0xb8556	0x3142df	0x314522	+0x243	dispatch	0xcdac7	310	0xb8556	0x1e8	0xab	0xd7	0xa88	0xd888	0x227d	e801ab00d700880a88d87d220b07a29900b00ee801c9569798eedb0f85a424a2	prefix_32_of_579	0x861eb185	0x34a042ea	0xdf95e7f4	0x3ce04eeb	-0xa2b59909	0x3a	0x3a
1728	0x787fe407836d	310	0xb8556	0x314522	0x314704	+0x1e2	dispatch	0xcdac7	310	0xb8556	0x1e8	0x162	0xcb	0x9a07	0x7635	0x1ca1	e8016201cb00079a3576a11c1587d000e463e6e801744fab006005408141e30a	prefix_32_of_482	0x34a042ea	0xfcdeff37	0x3ce04eeb	0xfcd60600	+0xbff5b715	0x3a	0x3a
1729	0x787fe407836d	310	0xb8556	0x314704	0x314972	+0x26e	dispatch	0xcdac7	169	0x9af18	0x1e8	0x162	0x133	0x553a	0xc4b4	0x9913	e801620133013a55b4c41399000f9926d6e801b4c893293a145770293fba3bd7	prefix_32_of_622	0xfcdeff37	0xf8eeff37	0xfcd60600	0xf8e60910	-0x3effcf0	0x3a	0x3a
1730	0x787fe407836d	169	0x9af18	0x314972	0x314bb5	+0x243	dispatch	0xcdac7	310	0xb8556	0xab	0x1e8	0x133	0xd3a	0x17b0	0x3590	ab00e80133013a0db017903576da52830d9d9ee801174b3aac16ab007e67bbcf	prefix_32_of_579	0xf8eeff37	0x62662dfb	0xf8e60910	0xbffcca14	-0x38e93efc	0x3a	0x3a
1731	0x787fe407836d	310	0xb8556	0x314bb5	0x314d97	+0x1e2	dispatch	0xcdac7	169	0x9af18	0x1e8	0xa5	0x154	0xec4	0x99	0xdaa	e801a5005401c40e9900aa0d3e77f80828c29ae801209b1de1b283cc41d0003c	prefix_32_of_482	0x62662dfb	0xfadf7f2d	0xbffcca14	0xf21b0800	+0x321e3dec	0x3a	0x3a
1732	0x787fe407836d	169	0x9af18	0x314d97	0x315005	+0x26e	dispatch	0xcdac7	310	0xb8556	0x162	0x1e8	0x154	0x1334	0x99	0x1060	6201e80154013413990060103a1468c6d70e38e801880ac47c15400b7ef3eb03	prefix_32_of_622	0xfadf7f2d	0xe34473c6	0xf21b0800	0xe74477c6	-0xad6903a	0x3a	0x3a
1733	0x787fe407836d	310	0xb8556	0x315005	0x31522f	+0x22a	dispatch	0xcdac7	310	0xb8556	0x1e8	0xab	0x2b	0x7ded	0x99	0x9d3a	e801ab002b00ed7d99003a9daf99001ceee5a3e801abfa76d8093db434706b58	prefix_32_of_554	0xe34473c6	0x69b0303a	0xe74477c6	0x69145e5a	-0x7e30196c	0x3a	0x3a
1734	0x787fe407836d	310	0xb8556	0x31522f	0x315486	+0x257	dispatch	0xcdac7	169	0x9af18	0x1e8	0xab	0xc7	0x4f47	0x2c3a	0xae89	e801ab00c700474f3a2c89ae01349650eb981ae801bbffdce71f77f3025db1c8	prefix_32_of_599	0x69b0303a	0x841ab3c5	0x69145e5a	0x841ab3c5	+0x1b06556b	0x3a	0x3a
1735	0x787fe407836d	169	0x9af18	0x315486	0x3156ca	+0x244	dispatch	0xcdac7	169	0x9af18	0xa5	0x1e8	0x12	0x620	0xdc3a	0xfca3	a500e801120020063adca3fce00d85dd41f69ae801e0a76a83e8bb0003922025	prefix_32_of_580	0x841ab3c5	0xf613f930	0x841ab3c5	0x3ffce85e	-0x441dcb67	0x3a	0x3a
1736	0x787fe407836d	169	0x9af18	0x3156ca	0x315969	+0x29f	dispatch	0xcdac7	169	0x9af18	0xab	0x1e8	0x9d	0xcf07	0x99	0xf9a4	ab00e8019d0007cf9900a4f90133438c86ac48e801f3e7ab00737721d5bfd52a	prefix_32_of_671	0xf613f930	0x2ab32381	0x3ffce85e	0x2af72783	-0x1505c0db	0x3a	0x3a
1737	0x787fe407836d	169	0x9af18	0x315969	0x315bbf	+0x256	dispatch	0xcdac7	169	0x9af18	0xab	0x1e8	0x129	0x1e31	0x8ee1	0x6ea2	ab00e8012901311ee18ea26eeb88cf9ecf06bee8010aaba3094961d69865e9dc	prefix_32_of_598	0x2ab32381	0x6e5d9892	0x2af72783	0x4000d60c	+0x1509ae89	0x3a	0x3a
1738	0x787fe407836d	169	0x9af18	0x315bbf	0x310ca5	-0x4f1a	dispatch	0xcdac7	310	0xb8556	0xab	0x1e8	0x10c	0x1c4a	0x63e6	0x5af	ab00e8010c014a1ce663af053cd2e4092be80199f5de2fb4dd1429a30a54917a	backedge_sample	0x6e5d9892	0x148226cc	0x4000d60c	0xffaffb65	+0xbfaf2559	0x3a	0x3a
1739	0x787fe407836d	310	0xb8556	0x310ca5	0x310ef0	+0x24b	dispatch	0xcdac7	310	0xb8556	0x1e8	0xa5	0xcb	0x9ebf	0x7635	0x390	e801a500cb00bf9e35769003042ba8fcee6d9ce801f7d8ab009003dc5941168f	prefix_32_of_587	0x148226cc	0x14100010	0xffaffb65	0x3f0612b2	-0xc0a9e8b3	0x3a	0x3a
1740	0x787fe407836d	310	0xb8556	0x310ef0	0x311163	+0x273	dispatch	0xcdac7	169	0x9af18	0x1e8	0x162	0x154	0xf7c	0x99	0x92e7	e801620154017c0f9900e792dc1375ac08b602e801bf8c2f019289f5a0fa7e69	prefix_32_of_627	0x14100010	0xc83095f0	0x3f0612b2	0x400110fe	+0xfafe4c	0x3a	0x3a
1741	0x787fe407836d	169	0x9af18	0x311163	0x3113a5	+0x242	dispatch	0xcdac7	169	0x9af18	0xa5	0x1e8	0x10c	0x1c4a	0x67ae	0x6b6	a500e8010c014a1cae67b6063aa56428d9e80129f1186774139007d64940f679	prefix_32_of_578	0xc83095f0	0x7adeff2e	0x400110fe	0x78de0800	+0x38dcf702	0x3a	0x3a
1742	0x787fe407836d	169	0x9af18	0x3113a5	0x3115e7	+0x242	dispatch	0xcdac7	310	0xb8556	0x162	0x1e8	0xbd	0x99	0xe914	0x26e8	6201e801bd00990014e9e826ba56639900de34e8017709ab00041dab006485b4	prefix_32_of_578	0x7adeff2e	0x2948	0x78de0800	0x2948	-0x78dddeb8	0x3a	0x3a
1743	0x787fe407836d	310	0xb8556	0x3115e7	0x311829	+0x242	dispatch	0xcdac7	169	0x9af18	0x1e8	0xa5	0x9d	0xd56f	0x99	0xad8	e801a5009d006fd59900d80a53f58761012fcee8011603b240666e6e27e60d3a	prefix_32_of_578	0x2948	0x3acddfde	0x2948	0x585c5c02	+0x585c32ba	0x3a	0x3a
1744	0x787fe407836d	169	0x9af18	0x311829	0x311a6b	+0x242	dispatch	0xcdac7	169	0x9af18	0xab	0x1e8	0x151	0x94f0	0x99	0xfcec	ab00e8015101f0949900ecfc8b0cd809e4e80111f8d746656b7dce813884ab00	prefix_32_of_578	0x3acddfde	0xef1b287	0x585c5c02	0x69145f5a	+0x10b80358	0x3a	0x3a
1745	0x787fe407836d	169	0x9af18	0x311a6b	0x311cad	+0x242	dispatch	0xcdac7	310	0xb8556	0xa5	0x1e8	0x72	0x64cb	0xac8c	0x620	a500e8017200cb648cac200648efdaf5e0bf18e8015f2dab001a531a84d8ab00	prefix_32_of_578	0xef1b287	0x524c03c5	0x69145f5a	0x7df7dfda	+0x14e38080	0x3a	0x3a
1746	0x787fe407836d	310	0xb8556	0x311cad	0x311f69	+0x2bc	dispatch	0xcdac7	310	0xb8556	0x1e8	0xa5	0x10c	0x1c4a	0x6c86	0x7438	e801a5000c014a1c866c38749900ba703aa3e6e801859db8ec9f9147b7bebdaa	prefix_32_of_700	0x524c03c5	0x8e78f1da	0x7df7dfda	0xeb377ffe	+0x6d3fa024	0x3a	0x3a
1747	0x787fe407836d	310	0xb8556	0x311f69	0x31223a	+0x2d1	dispatch	0xcdac7	310	0xb8556	0x1e8	0xa5	0x14d	0xe523	0x99	0xe367	e801a5004d0123e5990067e332d17995c6459ee801880a70a4781ff2ff90977e	prefix_32_of_721	0x8e78f1da	0x8e4e0de5	0xeb377ffe	0x7bd7fefb	-0x6f5f8103	0x3a	0x3a
1748	0x787fe407836d	310	0xb8556	0x31223a	0x312464	+0x22a	dispatch	0xcdac7	169	0x9af18	0x1e8	0xab	0x151	0x9568	0x99	0xae47	e801ab0051016895990047ae9900f3a03a2e3ae801d80a443786cf06c648acd7	prefix_32_of_554	0x8e4e0de5	0x347541db	0x7bd7fefb	0x69945ffa	-0x12439f01	0x3a	0x3a
1749	0x787fe407836d	169	0x9af18	0x312464	0x31268e	+0x22a	dispatch	0xcdac7	310	0xb8556	0xab	0x1e8	0x42	0x97f9	0x8b3a	0x99da	ab00e8014200f9973a8bda99009a299900e801e4734b803a09b993007451ab00	prefix_32_of_554	0x347541db	0x5675bb90	0x69945ffa	0xffc76ef9	+0x96330eff	0x3a	0x3a
1750	0x787fe407836d	310	0xb8556	0x31268e	0x312868	+0x1da	dispatch	0xcdac7	169	0x9af18	0x1e8	0x162	0x10c	0x1c4a	0x6576	0x4392	e80162010c014a1c76659243358b8809c82954e8014c0cab0058019c10f7f483	prefix_32_of_474	0x5675bb90	0x221c12	0xffc76ef9	0x3f06a742	-0xc0c0c7b7	0x3a	0x3a
1751	0x787fe407836d	169	0x9af18	0x312868	0x312aee	+0x286	dispatch	0xcdac7	169	0x9af18	0xab	0x1e8	0x12	0x5e8	0xae3a	0xb4a5	ab00e8011200e8053aaea5b4a2606756d86000e801d80a90778a7301aa4f8cd8	prefix_32_of_646	0x221c12	0x8e3c0ca2	0x3f06a742	0x6f95fefa	+0x308f57b8	0x3a	0x3a
1752	0x787fe407836d	169	0x9af18	0x312aee	0x312cd0	+0x1e2	dispatch	0xcdac7	169	0x9af18	0x162	0x1e8	0x9d	0xd4ff	0x99	0x3810	6201e8019d00ffd499001038377504acaadc9ee80188acfa117cde3f9f9f57fa	prefix_32_of_482	0x8e3c0ca2	0xfbf79ddb	0x6f95fefa	0xf9f3eb74	+0x8a5dec7a	0x3a	0x3a
1753	0x787fe407836d	169	0x9af18	0x312cd0	0x312f26	+0x256	dispatch	0xcdac7	310	0xb8556	0x162	0x1e8	0xbd	0x99	0xe964	0x860	6201e801bd00990064e96008f0890e712b581de8014b1ac6d48406bceffeed89	prefix_32_of_598	0xfbf79ddb	0x4b8eb2de	0xf9f3eb74	0x7b1c5e5e	-0x7ed78d16	0x3a	0x3a
1754	0x787fe407836d	310	0xb8556	0x312f26	0x313169	+0x243	dispatch	0xcdac7	310	0xb8556	0x1e8	0x162	0xb9	0xa483	0x543a	0xcd68	e8016201b90083a43a5468cdd0817305599acde80104b48b0ce80544a5607c99	prefix_32_of_579	0x4b8eb2de	0x7afe7fef	0x7b1c5e5e	0x727e02a8	-0x89e5bb6	0x3a	0x3a
1755	0x787fe407836d	310	0xb8556	0x313169	0x31334b	+0x1e2	dispatch	0xcdac7	169	0x9af18	0x1e8	0xa5	0x151	0x99e0	0x99	0x2580	e801a5005101e09999008025faf2b3bb03cc5ae801979b477a218516bad00004	prefix_32_of_482	0x7afe7fef	0xce4d8465	0x727e02a8	0x7f3e7f7b	+0xcc07cd3	0x3a	0x3a
1756	0x787fe407836d	169	0x9af18	0x31334b	0x3135b9	+0x26e	dispatch	0xcdac7	169	0x9af18	0xa5	0x1e8	0x40	0xa81d	0x99	0x620	a500e80140001da899002006e89ff41597541ce801ab9e2ac633af3ada4c1da9	prefix_32_of_622	0xce4d8465	0xc917a90d	0x7f3e7f7b	0xc917a90d	+0x49d92992	0x3a	0x3a
1757	0x787fe407836d	169	0x9af18	0x3135b9	0x3137fc	+0x243	dispatch	0xcdac7	310	0xb8556	0x162	0x1e8	0x40	0xa2bd	0x99	0x1b17	6201e8014000bda29900171bab6f0801d4e8014ab2d76ef4e32006be862314d7	prefix_32_of_579	0xc917a90d	0x8df97560	0xc917a90d	0x694cb90f	-0x5fcaeffe	0x3a	0x3a
1758	0x787fe407836d	310	0xb8556	0x3137fc	0x3139de	+0x1e2	dispatch	0xcdac7	310	0xb8556	0x1e8	0x162	0xa8	0x99	0xd0ce	0x339a	e8016201a8009900ced09a331c968809df4913e8013e1db47be2ab00a9a94eef	prefix_32_of_482	0x8df97560	0x4a612e32	0x694cb90f	0x5f8f8af3	-0x9bd2e1c	0x3a	0x3a
1759	0x787fe407836d	310	0xb8556	0x3139de	0x313c4c	+0x26e	dispatch	0xcdac7	169	0x9af18	0x1e8	0xa5	0x154	0x12ac	0x99	0x6160	e801a5005401ac12990060615dd8ca85aa86fae801e80522b455bce3a77dd306	prefix_32_of_622	0x4a612e32	0x8f70318b	0x5f8f8af3	0xfbfb8b3c	+0x9c6c0049	0x3a	0x3a
1760	0x787fe407836d	169	0x9af18	0x313c4c	0x313e8f	+0x243	dispatch	0xcdac7	169	0x9af18	0xab	0x1e8	0x14d	0xe973	0x99	0xe987	ab00e8014d0173e9990087e926178cfb71d638e8010b62f5e882fa050f99789a	prefix_32_of_579	0x8f70318b	0xfed1df96	0xfbfb8b3c	0x58a4dcd6	-0xa356ae66	0x3a	0x3a
1761	0x787fe407836d	169	0x9af18	0x313e8f	0x314071	+0x1e2	dispatch	0xcdac7	169	0x9af18	0x162	0x1e8	0x9d	0xd4ff	0x99	0x3390	6201e8019d00ffd49900903337b623a8e5df73e8019798477690393ef22f9bcb	prefix_32_of_482	0xfed1df96	0x4ac60206	0x58a4dcd6	0x5ee7d2fb	+0x642f625	0x3a	0x3a
1762	0x787fe407836d	169	0x9af18	0x314071	0x3142df	+0x26e	dispatch	0xcdac7	310	0xb8556	0x162	0x1e8	0xa8	0x99	0xd4b6	0x9fd6	6201e801a8009900b6d4d69fbcef4e5f09e8011cb697d66ed299928e413a85b4	prefix_32_of_622	0x4ac60206	0x861eb185	0x5ee7d2fb	0xdf95e7f4	+0x80ae14f9	0x3a	0x3a
1763	0x787fe407836d	310	0xb8556	0x3142df	0x314522	+0x243	dispatch	0xcdac7	310	0xb8556	0x1e8	0xab	0xd7	0xa88	0xd888	0x227d	e801ab00d700880a88d87d220b07a29900b00ee801c9569798eedb0f85a424a2	prefix_32_of_579	0x861eb185	0x34a042ea	0xdf95e7f4	0x3ce04eeb	-0xa2b59909	0x3a	0x3a
1764	0x787fe407836d	310	0xb8556	0x314522	0x314704	+0x1e2	dispatch	0xcdac7	310	0xb8556	0x1e8	0x162	0xcb	0x9a07	0x7635	0x1ca1	e8016201cb00079a3576a11c1587d000e463e6e801744fab006005408141e30a	prefix_32_of_482	0x34a042ea	0xfcdeff37	0x3ce04eeb	0xfcd60600	+0xbff5b715	0x3a	0x3a
1765	0x787fe407836d	310	0xb8556	0x314704	0x314972	+0x26e	dispatch	0xcdac7	169	0x9af18	0x1e8	0x162	0x133	0x553a	0xc4b4	0x9913	e801620133013a55b4c41399000f9926d6e801b4c893293a145770293fba3bd7	prefix_32_of_622	0xfcdeff37	0xf8eeff37	0xfcd60600	0xf8e60910	-0x3effcf0	0x3a	0x3a
1766	0x787fe407836d	169	0x9af18	0x314972	0x314bb5	+0x243	dispatch	0xcdac7	310	0xb8556	0xab	0x1e8	0x133	0xd3a	0x17b0	0x3590	ab00e80133013a0db017903576da52830d9d9ee801174b3aac16ab007e67bbcf	prefix_32_of_579	0xf8eeff37	0x62662dfb	0xf8e60910	0xbffcca14	-0x38e93efc	0x3a	0x3a
1767	0x787fe407836d	310	0xb8556	0x314bb5	0x314d97	+0x1e2	dispatch	0xcdac7	169	0x9af18	0x1e8	0xa5	0x154	0xec4	0x99	0xdaa	e801a5005401c40e9900aa0d3e77f80828c29ae801209b1de1b283cc41d0003c	prefix_32_of_482	0x62662dfb	0xfadf7f2d	0xbffcca14	0xf21b0800	+0x321e3dec	0x3a	0x3a
1768	0x787fe407836d	169	0x9af18	0x314d97	0x315005	+0x26e	dispatch	0xcdac7	310	0xb8556	0x162	0x1e8	0x154	0x1334	0x99	0x1060	6201e80154013413990060103a1468c6d70e38e801880ac47c15400b7ef3eb03	prefix_32_of_622	0xfadf7f2d	0xe34473c6	0xf21b0800	0xe74477c6	-0xad6903a	0x3a	0x3a
1769	0x787fe407836d	310	0xb8556	0x315005	0x31522f	+0x22a	dispatch	0xcdac7	310	0xb8556	0x1e8	0xab	0x2b	0x7ded	0x99	0x9d3a	e801ab002b00ed7d99003a9daf99001ceee5a3e801abfa76d8093db434706b58	prefix_32_of_554	0xe34473c6	0x69b0303a	0xe74477c6	0x69145e5a	-0x7e30196c	0x3a	0x3a
1770	0x787fe407836d	310	0xb8556	0x31522f	0x315486	+0x257	dispatch	0xcdac7	169	0x9af18	0x1e8	0xab	0xc7	0x4f47	0x2c3a	0xae89	e801ab00c700474f3a2c89ae01349650eb981ae801bbffdce71f77f3025db1c8	prefix_32_of_599	0x69b0303a	0x841ab3c5	0x69145e5a	0x841ab3c5	+0x1b06556b	0x3a	0x3a
1771	0x787fe407836d	169	0x9af18	0x315486	0x3156ca	+0x244	dispatch	0xcdac7	169	0x9af18	0xa5	0x1e8	0x12	0x620	0xdc3a	0xfca3	a500e801120020063adca3fce00d85dd41f69ae801e0a76a83e8bb0003922025	prefix_32_of_580	0x841ab3c5	0xf613f930	0x841ab3c5	0x3ffce85e	-0x441dcb67	0x3a	0x3a
1772	0x787fe407836d	169	0x9af18	0x3156ca	0x315969	+0x29f	dispatch	0xcdac7	169	0x9af18	0xab	0x1e8	0x9d	0xcf07	0x99	0xf9a4	ab00e8019d0007cf9900a4f90133438c86ac48e801f3e7ab00737721d5bfd52a	prefix_32_of_671	0xf613f930	0x2ab32381	0x3ffce85e	0x2af72783	-0x1505c0db	0x3a	0x3a
1773	0x787fe407836d	169	0x9af18	0x315969	0x315bbf	+0x256	dispatch	0xcdac7	169	0x9af18	0xab	0x1e8	0x129	0x1e31	0x8ee1	0x6ea2	ab00e8012901311ee18ea26eeb88cf9ecf06bee8010aaba3094961d69865e9dc	prefix_32_of_598	0x2ab32381	0x6e5d9892	0x2af72783	0x4000d60c	+0x1509ae89	0x3a	0x3a
1774	0x787fe407836d	169	0x9af18	0x315bbf	0x310ca5	-0x4f1a	dispatch	0xcdac7	310	0xb8556	0xab	0x1e8	0x10c	0x1c4a	0x63e6	0x5af	ab00e8010c014a1ce663af053cd2e4092be80199f5de2fb4dd1429a30a54917a	backedge_sample	0x6e5d9892	0x148226cc	0x4000d60c	0xffaffb65	+0xbfaf2559	0x3a	0x3a
1775	0x787fe407836d	310	0xb8556	0x310ca5	0x310ef0	+0x24b	dispatch	0xcdac7	310	0xb8556	0x1e8	0xa5	0xcb	0x9ebf	0x7635	0x390	e801a500cb00bf9e35769003042ba8fcee6d9ce801f7d8ab009003dc5941168f	prefix_32_of_587	0x148226cc	0x14100010	0xffaffb65	0x3f0612b2	-0xc0a9e8b3	0x3a	0x3a
1776	0x787fe407836d	310	0xb8556	0x310ef0	0x311163	+0x273	dispatch	0xcdac7	169	0x9af18	0x1e8	0x162	0x154	0xf7c	0x99	0x92e7	e801620154017c0f9900e792dc1375ac08b602e801bf8c2f019289f5a0fa7e69	prefix_32_of_627	0x14100010	0xc83095f0	0x3f0612b2	0x400110fe	+0xfafe4c	0x3a	0x3a
1777	0x787fe407836d	169	0x9af18	0x311163	0x3113a5	+0x242	dispatch	0xcdac7	169	0x9af18	0xa5	0x1e8	0x10c	0x1c4a	0x67ae	0x6b6	a500e8010c014a1cae67b6063aa56428d9e80129f1186774139007d64940f679	prefix_32_of_578	0xc83095f0	0x7adeff2e	0x400110fe	0x78de0800	+0x38dcf702	0x3a	0x3a
1778	0x787fe407836d	169	0x9af18	0x3113a5	0x3115e7	+0x242	dispatch	0xcdac7	310	0xb8556	0x162	0x1e8	0xbd	0x99	0xe914	0x26e8	6201e801bd00990014e9e826ba56639900de34e8017709ab00041dab006485b4	prefix_32_of_578	0x7adeff2e	0x2948	0x78de0800	0x2948	-0x78dddeb8	0x3a	0x3a
1779	0x787fe407836d	310	0xb8556	0x3115e7	0x311829	+0x242	dispatch	0xcdac7	169	0x9af18	0x1e8	0xa5	0x9d	0xd56f	0x99	0xad8	e801a5009d006fd59900d80a53f58761012fcee8011603b240666e6e27e60d3a	prefix_32_of_578	0x2948	0x3acddfde	0x2948	0x585c5c02	+0x585c32ba	0x3a	0x3a
1780	0x787fe407836d	169	0x9af18	0x311829	0x311a6b	+0x242	dispatch	0xcdac7	169	0x9af18	0xab	0x1e8	0x151	0x94f0	0x99	0xfcec	ab00e8015101f0949900ecfc8b0cd809e4e80111f8d746656b7dce813884ab00	prefix_32_of_578	0x3acddfde	0xef1b287	0x585c5c02	0x69145f5a	+0x10b80358	0x3a	0x3a
1781	0x787fe407836d	169	0x9af18	0x311a6b	0x311cad	+0x242	dispatch	0xcdac7	310	0xb8556	0xa5	0x1e8	0x72	0x64cb	0xac8c	0x620	a500e8017200cb648cac200648efdaf5e0bf18e8015f2dab001a531a84d8ab00	prefix_32_of_578	0xef1b287	0x524c03c5	0x69145f5a	0x7df7dfda	+0x14e38080	0x3a	0x3a
1782	0x787fe407836d	310	0xb8556	0x311cad	0x311f69	+0x2bc	dispatch	0xcdac7	310	0xb8556	0x1e8	0xa5	0x10c	0x1c4a	0x6c86	0x7438	e801a5000c014a1c866c38749900ba703aa3e6e801859db8ec9f9147b7bebdaa	prefix_32_of_700	0x524c03c5	0x8e78f1da	0x7df7dfda	0xeb377ffe	+0x6d3fa024	0x3a	0x3a
1783	0x787fe407836d	310	0xb8556	0x311f69	0x31223a	+0x2d1	dispatch	0xcdac7	310	0xb8556	0x1e8	0xa5	0x14d	0xe523	0x99	0xe367	e801a5004d0123e5990067e332d17995c6459ee801880a70a4781ff2ff90977e	prefix_32_of_721	0x8e78f1da	0x8e4e0de5	0xeb377ffe	0x7bd7fefb	-0x6f5f8103	0x3a	0x3a
1784	0x787fe407836d	310	0xb8556	0x31223a	0x312464	+0x22a	dispatch	0xcdac7	169	0x9af18	0x1e8	0xab	0x151	0x9568	0x99	0xae47	e801ab0051016895990047ae9900f3a03a2e3ae801d80a443786cf06c648acd7	prefix_32_of_554	0x8e4e0de5	0x347541db	0x7bd7fefb	0x69945ffa	-0x12439f01	0x3a	0x3a
1785	0x787fe407836d	169	0x9af18	0x312464	0x31268e	+0x22a	dispatch	0xcdac7	310	0xb8556	0xab	0x1e8	0x42	0x97f9	0x8b3a	0x99da	ab00e8014200f9973a8bda99009a299900e801e4734b803a09b993007451ab00	prefix_32_of_554	0x347541db	0x5675bb90	0x69945ffa	0xffc76ef9	+0x96330eff	0x3a	0x3a
1786	0x787fe407836d	310	0xb8556	0x31268e	0x312868	+0x1da	dispatch	0xcdac7	169	0x9af18	0x1e8	0x162	0x10c	0x1c4a	0x6576	0x4392	e80162010c014a1c76659243358b8809c82954e8014c0cab0058019c10f7f483	prefix_32_of_474	0x5675bb90	0x221c12	0xffc76ef9	0x3f06a742	-0xc0c0c7b7	0x3a	0x3a
1787	0x787fe407836d	169	0x9af18	0x312868	0x312aee	+0x286	dispatch	0xcdac7	169	0x9af18	0xab	0x1e8	0x12	0x5e8	0xae3a	0xb4a5	ab00e8011200e8053aaea5b4a2606756d86000e801d80a90778a7301aa4f8cd8	prefix_32_of_646	0x221c12	0x8e3c0ca2	0x3f06a742	0x6f95fefa	+0x308f57b8	0x3a	0x3a
1788	0x787fe407836d	169	0x9af18	0x312aee	0x312cd0	+0x1e2	dispatch	0xcdac7	169	0x9af18	0x162	0x1e8	0x9d	0xd4ff	0x99	0x3810	6201e8019d00ffd499001038377504acaadc9ee80188acfa117cde3f9f9f57fa	prefix_32_of_482	0x8e3c0ca2	0xfbf79ddb	0x6f95fefa	0xf9f3eb74	+0x8a5dec7a	0x3a	0x3a
1789	0x787fe407836d	169	0x9af18	0x312cd0	0x312f26	+0x256	dispatch	0xcdac7	310	0xb8556	0x162	0x1e8	0xbd	0x99	0xe964	0x860	6201e801bd00990064e96008f0890e712b581de8014b1ac6d48406bceffeed89	prefix_32_of_598	0xfbf79ddb	0x4b8eb2de	0xf9f3eb74	0x7b1c5e5e	-0x7ed78d16	0x3a	0x3a
1790	0x787fe407836d	310	0xb8556	0x312f26	0x313169	+0x243	dispatch	0xcdac7	310	0xb8556	0x1e8	0x162	0xb9	0xa483	0x543a	0xcd68	e8016201b90083a43a5468cdd0817305599acde80104b48b0ce80544a5607c99	prefix_32_of_579	0x4b8eb2de	0x7afe7fef	0x7b1c5e5e	0x727e02a8	-0x89e5bb6	0x3a	0x3a
1791	0x787fe407836d	310	0xb8556	0x313169	0x31334b	+0x1e2	dispatch	0xcdac7	169	0x9af18	0x1e8	0xa5	0x151	0x99e0	0x99	0x2580	e801a5005101e09999008025faf2b3bb03cc5ae801979b477a218516bad00004	prefix_32_of_482	0x7afe7fef	0xce4d8465	0x727e02a8	0x7f3e7f7b	+0xcc07cd3	0x3a	0x3a
1792	0x787fe407836d	169	0x9af18	0x31334b	0x3135b9	+0x26e	dispatch	0xcdac7	169	0x9af18	0xa5	0x1e8	0x40	0xa81d	0x99	0x620	a500e80140001da899002006e89ff41597541ce801ab9e2ac633af3ada4c1da9	prefix_32_of_622	0xce4d8465	0xc917a90d	0x7f3e7f7b	0xc917a90d	+0x49d92992	0x3a	0x3a
1793	0x787fe407836d	169	0x9af18	0x3135b9	0x3137fc	+0x243	dispatch	0xcdac7	310	0xb8556	0x162	0x1e8	0x40	0xa2bd	0x99	0x1b17	6201e8014000bda29900171bab6f0801d4e8014ab2d76ef4e32006be862314d7	prefix_32_of_579	0xc917a90d	0x8df97560	0xc917a90d	0x694cb90f	-0x5fcaeffe	0x3a	0x3a
1794	0x787fe407836d	310	0xb8556	0x3137fc	0x3139de	+0x1e2	dispatch	0xcdac7	310	0xb8556	0x1e8	0x162	0xa8	0x99	0xd0ce	0x339a	e8016201a8009900ced09a331c968809df4913e8013e1db47be2ab00a9a94eef	prefix_32_of_482	0x8df97560	0x4a612e32	0x694cb90f	0x5f8f8af3	-0x9bd2e1c	0x3a	0x3a
1795	0x787fe407836d	310	0xb8556	0x3139de	0x313c4c	+0x26e	dispatch	0xcdac7	169	0x9af18	0x1e8	0xa5	0x154	0x12ac	0x99	0x6160	e801a5005401ac12990060615dd8ca85aa86fae801e80522b455bce3a77dd306	prefix_32_of_622	0x4a612e32	0x8f70318b	0x5f8f8af3	0xfbfb8b3c	+0x9c6c0049	0x3a	0x3a
1796	0x787fe407836d	169	0x9af18	0x313c4c	0x313e8f	+0x243	dispatch	0xcdac7	169	0x9af18	0xab	0x1e8	0x14d	0xe973	0x99	0xe987	ab00e8014d0173e9990087e926178cfb71d638e8010b62f5e882fa050f99789a	prefix_32_of_579	0x8f70318b	0xfed1df96	0xfbfb8b3c	0x58a4dcd6	-0xa356ae66	0x3a	0x3a
1797	0x787fe407836d	169	0x9af18	0x313e8f	0x314071	+0x1e2	dispatch	0xcdac7	169	0x9af18	0x162	0x1e8	0x9d	0xd4ff	0x99	0x3390	6201e8019d00ffd49900903337b623a8e5df73e8019798477690393ef22f9bcb	prefix_32_of_482	0xfed1df96	0x4ac60206	0x58a4dcd6	0x5ee7d2fb	+0x642f625	0x3a	0x3a
1798	0x787fe407836d	169	0x9af18	0x314071	0x3142df	+0x26e	dispatch	0xcdac7	310	0xb8556	0x162	0x1e8	0xa8	0x99	0xd4b6	0x9fd6	6201e801a8009900b6d4d69fbcef4e5f09e8011cb697d66ed299928e413a85b4	prefix_32_of_622	0x4ac60206	0x861eb185	0x5ee7d2fb	0xdf95e7f4	+0x80ae14f9	0x3a	0x3a
1799	0x787fe407836d	310	0xb8556	0x3142df	0x314522	+0x243	dispatch	0xcdac7	310	0xb8556	0x1e8	0xab	0xd7	0xa88	0xd888	0x227d	e801ab00d700880a88d87d220b07a29900b00ee801c9569798eedb0f85a424a2	prefix_32_of_579	0x861eb185	0x34a042ea	0xdf95e7f4	0x3ce04eeb	-0xa2b59909	0x3a	0x3a
1800	0x787fe407836d	310	0xb8556	0x314522	0x314704	+0x1e2	dispatch	0xcdac7	310	0xb8556	0x1e8	0x162	0xcb	0x9a07	0x7635	0x1ca1	e8016201cb00079a3576a11c1587d000e463e6e801744fab006005408141e30a	prefix_32_of_482	0x34a042ea	0xfcdeff37	0x3ce04eeb	0xfcd60600	+0xbff5b715	0x3a	0x3a
1801	0x787fe407836d	310	0xb8556	0x314704	0x314972	+0x26e	dispatch	0xcdac7	169	0x9af18	0x1e8	0x162	0x133	0x553a	0xc4b4	0x9913	e801620133013a55b4c41399000f9926d6e801b4c893293a145770293fba3bd7	prefix_32_of_622	0xfcdeff37	0xf8eeff37	0xfcd60600	0xf8e60910	-0x3effcf0	0x3a	0x3a
1802	0x787fe407836d	169	0x9af18	0x314972	0x314bb5	+0x243	dispatch	0xcdac7	310	0xb8556	0xab	0x1e8	0x133	0xd3a	0x17b0	0x3590	ab00e80133013a0db017903576da52830d9d9ee801174b3aac16ab007e67bbcf	prefix_32_of_579	0xf8eeff37	0x62662dfb	0xf8e60910	0xbffcca14	-0x38e93efc	0x3a	0x3a
1803	0x787fe407836d	310	0xb8556	0x314bb5	0x314d97	+0x1e2	dispatch	0xcdac7	169	0x9af18	0x1e8	0xa5	0x154	0xec4	0x99	0xdaa	e801a5005401c40e9900aa0d3e77f80828c29ae801209b1de1b283cc41d0003c	prefix_32_of_482	0x62662dfb	0xfadf7f2d	0xbffcca14	0xf21b0800	+0x321e3dec	0x3a	0x3a
1804	0x787fe407836d	169	0x9af18	0x314d97	0x315005	+0x26e	dispatch	0xcdac7	310	0xb8556	0x162	0x1e8	0x154	0x1334	0x99	0x1060	6201e80154013413990060103a1468c6d70e38e801880ac47c15400b7ef3eb03	prefix_32_of_622	0xfadf7f2d	0xe34473c6	0xf21b0800	0xe74477c6	-0xad6903a	0x3a	0x3a
1805	0x787fe407836d	310	0xb8556	0x315005	0x31522f	+0x22a	dispatch	0xcdac7	310	0xb8556	0x1e8	0xab	0x2b	0x7ded	0x99	0x9d3a	e801ab002b00ed7d99003a9daf99001ceee5a3e801abfa76d8093db434706b58	prefix_32_of_554	0xe34473c6	0x69b0303a	0xe74477c6	0x69145e5a	-0x7e30196c	0x3a	0x3a
1806	0x787fe407836d	310	0xb8556	0x31522f	0x315486	+0x257	dispatch	0xcdac7	169	0x9af18	0x1e8	0xab	0xc7	0x4f47	0x2c3a	0xae89	e801ab00c700474f3a2c89ae01349650eb981ae801bbffdce71f77f3025db1c8	prefix_32_of_599	0x69b0303a	0x841ab3c5	0x69145e5a	0x841ab3c5	+0x1b06556b	0x3a	0x3a
1807	0x787fe407836d	169	0x9af18	0x315486	0x3156ca	+0x244	dispatch	0xcdac7	169	0x9af18	0xa5	0x1e8	0x12	0x620	0xdc3a	0xfca3	a500e801120020063adca3fce00d85dd41f69ae801e0a76a83e8bb0003922025	prefix_32_of_580	0x841ab3c5	0xf613f930	0x841ab3c5	0x3ffce85e	-0x441dcb67	0x3a	0x3a
1808	0x787fe407836d	169	0x9af18	0x3156ca	0x315969	+0x29f	dispatch	0xcdac7	169	0x9af18	0xab	0x1e8	0x9d	0xcf07	0x99	0xf9a4	ab00e8019d0007cf9900a4f90133438c86ac48e801f3e7ab00737721d5bfd52a	prefix_32_of_671	0xf613f930	0x2ab32381	0x3ffce85e	0x2af72783	-0x1505c0db	0x3a	0x3a
1809	0x787fe407836d	169	0x9af18	0x315969	0x315bbf	+0x256	dispatch	0xcdac7	169	0x9af18	0xab	0x1e8	0x129	0x1e31	0x8ee1	0x6ea2	ab00e8012901311ee18ea26eeb88cf9ecf06bee8010aaba3094961d69865e9dc	prefix_32_of_598	0x2ab32381	0x6e5d9892	0x2af72783	0x4000d60c	+0x1509ae89	0x3a	0x3a
1810	0x787fe407836d	169	0x9af18	0x315bbf	0x310ca5	-0x4f1a	dispatch	0xcdac7	310	0xb8556	0xab	0x1e8	0x10c	0x1c4a	0x63e6	0x5af	ab00e8010c014a1ce663af053cd2e4092be80199f5de2fb4dd1429a30a54917a	backedge_sample	0x6e5d9892	0x148226cc	0x4000d60c	0xffaffb65	+0xbfaf2559	0x3a	0x3a
1811	0x787fe407836d	310	0xb8556	0x310ca5	0x310ef0	+0x24b	dispatch	0xcdac7	310	0xb8556	0x1e8	0xa5	0xcb	0x9ebf	0x7635	0x390	e801a500cb00bf9e35769003042ba8fcee6d9ce801f7d8ab009003dc5941168f	prefix_32_of_587	0x148226cc	0x14100010	0xffaffb65	0x3f0612b2	-0xc0a9e8b3	0x3a	0x3a
1812	0x787fe407836d	310	0xb8556	0x310ef0	0x311163	+0x273	dispatch	0xcdac7	169	0x9af18	0x1e8	0x162	0x154	0xf7c	0x99	0x92e7	e801620154017c0f9900e792dc1375ac08b602e801bf8c2f019289f5a0fa7e69	prefix_32_of_627	0x14100010	0xc83095f0	0x3f0612b2	0x400110fe	+0xfafe4c	0x3a	0x3a
1813	0x787fe407836d	169	0x9af18	0x311163	0x3113a5	+0x242	dispatch	0xcdac7	169	0x9af18	0xa5	0x1e8	0x10c	0x1c4a	0x67ae	0x6b6	a500e8010c014a1cae67b6063aa56428d9e80129f1186774139007d64940f679	prefix_32_of_578	0xc83095f0	0x7adeff2e	0x400110fe	0x78de0800	+0x38dcf702	0x3a	0x3a
1814	0x787fe407836d	169	0x9af18	0x3113a5	0x3115e7	+0x242	dispatch	0xcdac7	310	0xb8556	0x162	0x1e8	0xbd	0x99	0xe914	0x26e8	6201e801bd00990014e9e826ba56639900de34e8017709ab00041dab006485b4	prefix_32_of_578	0x7adeff2e	0x2948	0x78de0800	0x2948	-0x78dddeb8	0x3a	0x3a
1815	0x787fe407836d	310	0xb8556	0x3115e7	0x311829	+0x242	dispatch	0xcdac7	169	0x9af18	0x1e8	0xa5	0x9d	0xd56f	0x99	0xad8	e801a5009d006fd59900d80a53f58761012fcee8011603b240666e6e27e60d3a	prefix_32_of_578	0x2948	0x3acddfde	0x2948	0x585c5c02	+0x585c32ba	0x3a	0x3a
1816	0x787fe407836d	169	0x9af18	0x311829	0x311a6b	+0x242	dispatch	0xcdac7	169	0x9af18	0xab	0x1e8	0x151	0x94f0	0x99	0xfcec	ab00e8015101f0949900ecfc8b0cd809e4e80111f8d746656b7dce813884ab00	prefix_32_of_578	0x3acddfde	0xef1b287	0x585c5c02	0x69145f5a	+0x10b80358	0x3a	0x3a
1817	0x787fe407836d	169	0x9af18	0x311a6b	0x311cad	+0x242	dispatch	0xcdac7	310	0xb8556	0xa5	0x1e8	0x72	0x64cb	0xac8c	0x620	a500e8017200cb648cac200648efdaf5e0bf18e8015f2dab001a531a84d8ab00	prefix_32_of_578	0xef1b287	0x524c03c5	0x69145f5a	0x7df7dfda	+0x14e38080	0x3a	0x3a
1818	0x787fe407836d	310	0xb8556	0x311cad	0x311f69	+0x2bc	dispatch	0xcdac7	310	0xb8556	0x1e8	0xa5	0x10c	0x1c4a	0x6c86	0x7438	e801a5000c014a1c866c38749900ba703aa3e6e801859db8ec9f9147b7bebdaa	prefix_32_of_700	0x524c03c5	0x8e78f1da	0x7df7dfda	0xeb377ffe	+0x6d3fa024	0x3a	0x3a
1819	0x787fe407836d	310	0xb8556	0x311f69	0x31223a	+0x2d1	dispatch	0xcdac7	310	0xb8556	0x1e8	0xa5	0x14d	0xe523	0x99	0xe367	e801a5004d0123e5990067e332d17995c6459ee801880a70a4781ff2ff90977e	prefix_32_of_721	0x8e78f1da	0x8e4e0de5	0xeb377ffe	0x7bd7fefb	-0x6f5f8103	0x3a	0x3a
1820	0x787fe407836d	310	0xb8556	0x31223a	0x312464	+0x22a	dispatch	0xcdac7	169	0x9af18	0x1e8	0xab	0x151	0x9568	0x99	0xae47	e801ab0051016895990047ae9900f3a03a2e3ae801d80a443786cf06c648acd7	prefix_32_of_554	0x8e4e0de5	0x347541db	0x7bd7fefb	0x69945ffa	-0x12439f01	0x3a	0x3a
1821	0x787fe407836d	169	0x9af18	0x312464	0x31268e	+0x22a	dispatch	0xcdac7	310	0xb8556	0xab	0x1e8	0x42	0x97f9	0x8b3a	0x99da	ab00e8014200f9973a8bda99009a299900e801e4734b803a09b993007451ab00	prefix_32_of_554	0x347541db	0x5675bb90	0x69945ffa	0xffc76ef9	+0x96330eff	0x3a	0x3a
1822	0x787fe407836d	310	0xb8556	0x31268e	0x312868	+0x1da	dispatch	0xcdac7	169	0x9af18	0x1e8	0x162	0x10c	0x1c4a	0x6576	0x4392	e80162010c014a1c76659243358b8809c82954e8014c0cab0058019c10f7f483	prefix_32_of_474	0x5675bb90	0x221c12	0xffc76ef9	0x3f06a742	-0xc0c0c7b7	0x3a	0x3a
1823	0x787fe407836d	169	0x9af18	0x312868	0x312aee	+0x286	dispatch	0xcdac7	169	0x9af18	0xab	0x1e8	0x12	0x5e8	0xae3a	0xb4a5	ab00e8011200e8053aaea5b4a2606756d86000e801d80a90778a7301aa4f8cd8	prefix_32_of_646	0x221c12	0x8e3c0ca2	0x3f06a742	0x6f95fefa	+0x308f57b8	0x3a	0x3a
1824	0x787fe407836d	169	0x9af18	0x312aee	0x312cd0	+0x1e2	dispatch	0xcdac7	169	0x9af18	0x162	0x1e8	0x9d	0xd4ff	0x99	0x3810	6201e8019d00ffd499001038377504acaadc9ee80188acfa117cde3f9f9f57fa	prefix_32_of_482	0x8e3c0ca2	0xfbf79ddb	0x6f95fefa	0xf9f3eb74	+0x8a5dec7a	0x3a	0x3a
1825	0x787fe407836d	169	0x9af18	0x312cd0	0x312f26	+0x256	dispatch	0xcdac7	310	0xb8556	0x162	0x1e8	0xbd	0x99	0xe964	0x860	6201e801bd00990064e96008f0890e712b581de8014b1ac6d48406bceffeed89	prefix_32_of_598	0xfbf79ddb	0x4b8eb2de	0xf9f3eb74	0x7b1c5e5e	-0x7ed78d16	0x3a	0x3a
1826	0x787fe407836d	310	0xb8556	0x312f26	0x313169	+0x243	dispatch	0xcdac7	310	0xb8556	0x1e8	0x162	0xb9	0xa483	0x543a	0xcd68	e8016201b90083a43a5468cdd0817305599acde80104b48b0ce80544a5607c99	prefix_32_of_579	0x4b8eb2de	0x7afe7fef	0x7b1c5e5e	0x727e02a8	-0x89e5bb6	0x3a	0x3a
1827	0x787fe407836d	310	0xb8556	0x313169	0x31334b	+0x1e2	dispatch	0xcdac7	169	0x9af18	0x1e8	0xa5	0x151	0x99e0	0x99	0x2580	e801a5005101e09999008025faf2b3bb03cc5ae801979b477a218516bad00004	prefix_32_of_482	0x7afe7fef	0xce4d8465	0x727e02a8	0x7f3e7f7b	+0xcc07cd3	0x3a	0x3a
1828	0x787fe407836d	169	0x9af18	0x31334b	0x3135b9	+0x26e	dispatch	0xcdac7	169	0x9af18	0xa5	0x1e8	0x40	0xa81d	0x99	0x620	a500e80140001da899002006e89ff41597541ce801ab9e2ac633af3ada4c1da9	prefix_32_of_622	0xce4d8465	0xc917a90d	0x7f3e7f7b	0xc917a90d	+0x49d92992	0x3a	0x3a
1829	0x787fe407836d	169	0x9af18	0x3135b9	0x3137fc	+0x243	dispatch	0xcdac7	310	0xb8556	0x162	0x1e8	0x40	0xa2bd	0x99	0x1b17	6201e8014000bda29900171bab6f0801d4e8014ab2d76ef4e32006be862314d7	prefix_32_of_579	0xc917a90d	0x8df97560	0xc917a90d	0x694cb90f	-0x5fcaeffe	0x3a	0x3a
1830	0x787fe407836d	310	0xb8556	0x3137fc	0x3139de	+0x1e2	dispatch	0xcdac7	310	0xb8556	0x1e8	0x162	0xa8	0x99	0xd0ce	0x339a	e8016201a8009900ced09a331c968809df4913e8013e1db47be2ab00a9a94eef	prefix_32_of_482	0x8df97560	0x4a612e32	0x694cb90f	0x5f8f8af3	-0x9bd2e1c	0x3a	0x3a
1831	0x787fe407836d	310	0xb8556	0x3139de	0x313c4c	+0x26e	dispatch	0xcdac7	169	0x9af18	0x1e8	0xa5	0x154	0x12ac	0x99	0x6160	e801a5005401ac12990060615dd8ca85aa86fae801e80522b455bce3a77dd306	prefix_32_of_622	0x4a612e32	0x8f70318b	0x5f8f8af3	0xfbfb8b3c	+0x9c6c0049	0x3a	0x3a
1832	0x787fe407836d	169	0x9af18	0x313c4c	0x313e8f	+0x243	dispatch	0xcdac7	169	0x9af18	0xab	0x1e8	0x14d	0xe973	0x99	0xe987	ab00e8014d0173e9990087e926178cfb71d638e8010b62f5e882fa050f99789a	prefix_32_of_579	0x8f70318b	0xfed1df96	0xfbfb8b3c	0x58a4dcd6	-0xa356ae66	0x3a	0x3a
1833	0x787fe407836d	169	0x9af18	0x313e8f	0x314071	+0x1e2	dispatch	0xcdac7	169	0x9af18	0x162	0x1e8	0x9d	0xd4ff	0x99	0x3390	6201e8019d00ffd49900903337b623a8e5df73e8019798477690393ef22f9bcb	prefix_32_of_482	0xfed1df96	0x4ac60206	0x58a4dcd6	0x5ee7d2fb	+0x642f625	0x3a	0x3a
1834	0x787fe407836d	169	0x9af18	0x314071	0x3142df	+0x26e	dispatch	0xcdac7	310	0xb8556	0x162	0x1e8	0xa8	0x99	0xd4b6	0x9fd6	6201e801a8009900b6d4d69fbcef4e5f09e8011cb697d66ed299928e413a85b4	prefix_32_of_622	0x4ac60206	0x861eb185	0x5ee7d2fb	0xdf95e7f4	+0x80ae14f9	0x3a	0x3a
1835	0x787fe407836d	310	0xb8556	0x3142df	0x314522	+0x243	dispatch	0xcdac7	310	0xb8556	0x1e8	0xab	0xd7	0xa88	0xd888	0x227d	e801ab00d700880a88d87d220b07a29900b00ee801c9569798eedb0f85a424a2	prefix_32_of_579	0x861eb185	0x34a042ea	0xdf95e7f4	0x3ce04eeb	-0xa2b59909	0x3a	0x3a
1836	0x787fe407836d	310	0xb8556	0x314522	0x314704	+0x1e2	dispatch	0xcdac7	310	0xb8556	0x1e8	0x162	0xcb	0x9a07	0x7635	0x1ca1	e8016201cb00079a3576a11c1587d000e463e6e801744fab006005408141e30a	prefix_32_of_482	0x34a042ea	0xfcdeff37	0x3ce04eeb	0xfcd60600	+0xbff5b715	0x3a	0x3a
1837	0x787fe407836d	310	0xb8556	0x314704	0x314972	+0x26e	dispatch	0xcdac7	169	0x9af18	0x1e8	0x162	0x133	0x553a	0xc4b4	0x9913	e801620133013a55b4c41399000f9926d6e801b4c893293a145770293fba3bd7	prefix_32_of_622	0xfcdeff37	0xf8eeff37	0xfcd60600	0xf8e60910	-0x3effcf0	0x3a	0x3a
1838	0x787fe407836d	169	0x9af18	0x314972	0x314bb5	+0x243	dispatch	0xcdac7	310	0xb8556	0xab	0x1e8	0x133	0xd3a	0x17b0	0x3590	ab00e80133013a0db017903576da52830d9d9ee801174b3aac16ab007e67bbcf	prefix_32_of_579	0xf8eeff37	0x62662dfb	0xf8e60910	0xbffcca14	-0x38e93efc	0x3a	0x3a
1839	0x787fe407836d	310	0xb8556	0x314bb5	0x314d97	+0x1e2	dispatch	0xcdac7	169	0x9af18	0x1e8	0xa5	0x154	0xec4	0x99	0xdaa	e801a5005401c40e9900aa0d3e77f80828c29ae801209b1de1b283cc41d0003c	prefix_32_of_482	0x62662dfb	0xfadf7f2d	0xbffcca14	0xf21b0800	+0x321e3dec	0x3a	0x3a
1840	0x787fe407836d	169	0x9af18	0x314d97	0x315005	+0x26e	dispatch	0xcdac7	310	0xb8556	0x162	0x1e8	0x154	0x1334	0x99	0x1060	6201e80154013413990060103a1468c6d70e38e801880ac47c15400b7ef3eb03	prefix_32_of_622	0xfadf7f2d	0xe34473c6	0xf21b0800	0xe74477c6	-0xad6903a	0x3a	0x3a
1841	0x787fe407836d	310	0xb8556	0x315005	0x31522f	+0x22a	dispatch	0xcdac7	310	0xb8556	0x1e8	0xab	0x2b	0x7ded	0x99	0x9d3a	e801ab002b00ed7d99003a9daf99001ceee5a3e801abfa76d8093db434706b58	prefix_32_of_554	0xe34473c6	0x69b0303a	0xe74477c6	0x69145e5a	-0x7e30196c	0x3a	0x3a
1842	0x787fe407836d	310	0xb8556	0x31522f	0x315486	+0x257	dispatch	0xcdac7	169	0x9af18	0x1e8	0xab	0xc7	0x4f47	0x2c3a	0xae89	e801ab00c700474f3a2c89ae01349650eb981ae801bbffdce71f77f3025db1c8	prefix_32_of_599	0x69b0303a	0x841ab3c5	0x69145e5a	0x841ab3c5	+0x1b06556b	0x3a	0x3a
1843	0x787fe407836d	169	0x9af18	0x315486	0x3156ca	+0x244	dispatch	0xcdac7	169	0x9af18	0xa5	0x1e8	0x12	0x620	0xdc3a	0xfca3	a500e801120020063adca3fce00d85dd41f69ae801e0a76a83e8bb0003922025	prefix_32_of_580	0x841ab3c5	0xf613f930	0x841ab3c5	0x3ffce85e	-0x441dcb67	0x3a	0x3a
1844	0x787fe407836d	169	0x9af18	0x3156ca	0x315969	+0x29f	dispatch	0xcdac7	169	0x9af18	0xab	0x1e8	0x9d	0xcf07	0x99	0xf9a4	ab00e8019d0007cf9900a4f90133438c86ac48e801f3e7ab00737721d5bfd52a	prefix_32_of_671	0xf613f930	0x2ab32381	0x3ffce85e	0x2af72783	-0x1505c0db	0x3a	0x3a
1845	0x787fe407836d	169	0x9af18	0x315969	0x315bbf	+0x256	dispatch	0xcdac7	169	0x9af18	0xab	0x1e8	0x129	0x1e31	0x8ee1	0x6ea2	ab00e8012901311ee18ea26eeb88cf9ecf06bee8010aaba3094961d69865e9dc	prefix_32_of_598	0x2ab32381	0x6e5d9892	0x2af72783	0x4000d60c	+0x1509ae89	0x3a	0x3a
1846	0x787fe407836d	169	0x9af18	0x315bbf	0x310ca5	-0x4f1a	dispatch	0xcdac7	310	0xb8556	0xab	0x1e8	0x10c	0x1c4a	0x63e6	0x5af	ab00e8010c014a1ce663af053cd2e4092be80199f5de2fb4dd1429a30a54917a	backedge_sample	0x6e5d9892	0x148226cc	0x4000d60c	0xffaffb65	+0xbfaf2559	0x3a	0x3a
1847	0x787fe407836d	310	0xb8556	0x310ca5	0x310ef0	+0x24b	dispatch	0xcdac7	310	0xb8556	0x1e8	0xa5	0xcb	0x9ebf	0x7635	0x390	e801a500cb00bf9e35769003042ba8fcee6d9ce801f7d8ab009003dc5941168f	prefix_32_of_587	0x148226cc	0x14100010	0xffaffb65	0x3f0612b2	-0xc0a9e8b3	0x3a	0x3a
1848	0x787fe407836d	310	0xb8556	0x310ef0	0x311163	+0x273	dispatch	0xcdac7	169	0x9af18	0x1e8	0x162	0x154	0xf7c	0x99	0x92e7	e801620154017c0f9900e792dc1375ac08b602e801bf8c2f019289f5a0fa7e69	prefix_32_of_627	0x14100010	0xc83095f0	0x3f0612b2	0x400110fe	+0xfafe4c	0x3a	0x3a
1849	0x787fe407836d	169	0x9af18	0x311163	0x3113a5	+0x242	dispatch	0xcdac7	169	0x9af18	0xa5	0x1e8	0x10c	0x1c4a	0x67ae	0x6b6	a500e8010c014a1cae67b6063aa56428d9e80129f1186774139007d64940f679	prefix_32_of_578	0xc83095f0	0x7adeff2e	0x400110fe	0x78de0800	+0x38dcf702	0x3a	0x3a
1850	0x787fe407836d	169	0x9af18	0x3113a5	0x3115e7	+0x242	dispatch	0xcdac7	310	0xb8556	0x162	0x1e8	0xbd	0x99	0xe914	0x26e8	6201e801bd00990014e9e826ba56639900de34e8017709ab00041dab006485b4	prefix_32_of_578	0x7adeff2e	0x2948	0x78de0800	0x2948	-0x78dddeb8	0x3a	0x3a
1851	0x787fe407836d	310	0xb8556	0x3115e7	0x311829	+0x242	dispatch	0xcdac7	169	0x9af18	0x1e8	0xa5	0x9d	0xd56f	0x99	0xad8	e801a5009d006fd59900d80a53f58761012fcee8011603b240666e6e27e60d3a	prefix_32_of_578	0x2948	0x3acddfde	0x2948	0x585c5c02	+0x585c32ba	0x3a	0x3a
1852	0x787fe407836d	169	0x9af18	0x311829	0x311a6b	+0x242	dispatch	0xcdac7	169	0x9af18	0xab	0x1e8	0x151	0x94f0	0x99	0xfcec	ab00e8015101f0949900ecfc8b0cd809e4e80111f8d746656b7dce813884ab00	prefix_32_of_578	0x3acddfde	0xef1b287	0x585c5c02	0x69145f5a	+0x10b80358	0x3a	0x3a
1853	0x787fe407836d	169	0x9af18	0x311a6b	0x311cad	+0x242	dispatch	0xcdac7	310	0xb8556	0xa5	0x1e8	0x72	0x64cb	0xac8c	0x620	a500e8017200cb648cac200648efdaf5e0bf18e8015f2dab001a531a84d8ab00	prefix_32_of_578	0xef1b287	0x524c03c5	0x69145f5a	0x7df7dfda	+0x14e38080	0x3a	0x3a
1854	0x787fe407836d	310	0xb8556	0x311cad	0x311f69	+0x2bc	dispatch	0xcdac7	310	0xb8556	0x1e8	0xa5	0x10c	0x1c4a	0x6c86	0x7438	e801a5000c014a1c866c38749900ba703aa3e6e801859db8ec9f9147b7bebdaa	prefix_32_of_700	0x524c03c5	0x8e78f1da	0x7df7dfda	0xeb377ffe	+0x6d3fa024	0x3a	0x3a
1855	0x787fe407836d	310	0xb8556	0x311f69	0x31223a	+0x2d1	dispatch	0xcdac7	310	0xb8556	0x1e8	0xa5	0x14d	0xe523	0x99	0xe367	e801a5004d0123e5990067e332d17995c6459ee801880a70a4781ff2ff90977e	prefix_32_of_721	0x8e78f1da	0x8e4e0de5	0xeb377ffe	0x7bd7fefb	-0x6f5f8103	0x3a	0x3a
1856	0x787fe407836d	310	0xb8556	0x31223a	0x312464	+0x22a	dispatch	0xcdac7	169	0x9af18	0x1e8	0xab	0x151	0x9568	0x99	0xae47	e801ab0051016895990047ae9900f3a03a2e3ae801d80a443786cf06c648acd7	prefix_32_of_554	0x8e4e0de5	0x347541db	0x7bd7fefb	0x69945ffa	-0x12439f01	0x3a	0x3a
1857	0x787fe407836d	169	0x9af18	0x312464	0x31268e	+0x22a	dispatch	0xcdac7	310	0xb8556	0xab	0x1e8	0x42	0x97f9	0x8b3a	0x99da	ab00e8014200f9973a8bda99009a299900e801e4734b803a09b993007451ab00	prefix_32_of_554	0x347541db	0x5675bb90	0x69945ffa	0xffc76ef9	+0x96330eff	0x3a	0x3a
1858	0x787fe407836d	310	0xb8556	0x31268e	0x312868	+0x1da	dispatch	0xcdac7	169	0x9af18	0x1e8	0x162	0x10c	0x1c4a	0x6576	0x4392	e80162010c014a1c76659243358b8809c82954e8014c0cab0058019c10f7f483	prefix_32_of_474	0x5675bb90	0x221c12	0xffc76ef9	0x3f06a742	-0xc0c0c7b7	0x3a	0x3a
1859	0x787fe407836d	169	0x9af18	0x312868	0x312aee	+0x286	dispatch	0xcdac7	169	0x9af18	0xab	0x1e8	0x12	0x5e8	0xae3a	0xb4a5	ab00e8011200e8053aaea5b4a2606756d86000e801d80a90778a7301aa4f8cd8	prefix_32_of_646	0x221c12	0x8e3c0ca2	0x3f06a742	0x6f95fefa	+0x308f57b8	0x3a	0x3a
1860	0x787fe407836d	169	0x9af18	0x312aee	0x312cd0	+0x1e2	dispatch	0xcdac7	169	0x9af18	0x162	0x1e8	0x9d	0xd4ff	0x99	0x3810	6201e8019d00ffd499001038377504acaadc9ee80188acfa117cde3f9f9f57fa	prefix_32_of_482	0x8e3c0ca2	0xfbf79ddb	0x6f95fefa	0xf9f3eb74	+0x8a5dec7a	0x3a	0x3a
1861	0x787fe407836d	169	0x9af18	0x312cd0	0x312f26	+0x256	dispatch	0xcdac7	310	0xb8556	0x162	0x1e8	0xbd	0x99	0xe964	0x860	6201e801bd00990064e96008f0890e712b581de8014b1ac6d48406bceffeed89	prefix_32_of_598	0xfbf79ddb	0x4b8eb2de	0xf9f3eb74	0x7b1c5e5e	-0x7ed78d16	0x3a	0x3a
1862	0x787fe407836d	310	0xb8556	0x312f26	0x313169	+0x243	dispatch	0xcdac7	310	0xb8556	0x1e8	0x162	0xb9	0xa483	0x543a	0xcd68	e8016201b90083a43a5468cdd0817305599acde80104b48b0ce80544a5607c99	prefix_32_of_579	0x4b8eb2de	0x7afe7fef	0x7b1c5e5e	0x727e02a8	-0x89e5bb6	0x3a	0x3a
1863	0x787fe407836d	310	0xb8556	0x313169	0x31334b	+0x1e2	dispatch	0xcdac7	169	0x9af18	0x1e8	0xa5	0x151	0x99e0	0x99	0x2580	e801a5005101e09999008025faf2b3bb03cc5ae801979b477a218516bad00004	prefix_32_of_482	0x7afe7fef	0xce4d8465	0x727e02a8	0x7f3e7f7b	+0xcc07cd3	0x3a	0x3a
1864	0x787fe407836d	169	0x9af18	0x31334b	0x3135b9	+0x26e	dispatch	0xcdac7	169	0x9af18	0xa5	0x1e8	0x40	0xa81d	0x99	0x620	a500e80140001da899002006e89ff41597541ce801ab9e2ac633af3ada4c1da9	prefix_32_of_622	0xce4d8465	0xc917a90d	0x7f3e7f7b	0xc917a90d	+0x49d92992	0x3a	0x3a
1865	0x787fe407836d	169	0x9af18	0x3135b9	0x3137fc	+0x243	dispatch	0xcdac7	310	0xb8556	0x162	0x1e8	0x40	0xa2bd	0x99	0x1b17	6201e8014000bda29900171bab6f0801d4e8014ab2d76ef4e32006be862314d7	prefix_32_of_579	0xc917a90d	0x8df97560	0xc917a90d	0x694cb90f	-0x5fcaeffe	0x3a	0x3a
1866	0x787fe407836d	310	0xb8556	0x3137fc	0x3139de	+0x1e2	dispatch	0xcdac7	310	0xb8556	0x1e8	0x162	0xa8	0x99	0xd0ce	0x339a	e8016201a8009900ced09a331c968809df4913e8013e1db47be2ab00a9a94eef	prefix_32_of_482	0x8df97560	0x4a612e32	0x694cb90f	0x5f8f8af3	-0x9bd2e1c	0x3a	0x3a
1867	0x787fe407836d	310	0xb8556	0x3139de	0x313c4c	+0x26e	dispatch	0xcdac7	169	0x9af18	0x1e8	0xa5	0x154	0x12ac	0x99	0x6160	e801a5005401ac12990060615dd8ca85aa86fae801e80522b455bce3a77dd306	prefix_32_of_622	0x4a612e32	0x8f70318b	0x5f8f8af3	0xfbfb8b3c	+0x9c6c0049	0x3a	0x3a
1868	0x787fe407836d	169	0x9af18	0x313c4c	0x313e8f	+0x243	dispatch	0xcdac7	169	0x9af18	0xab	0x1e8	0x14d	0xe973	0x99	0xe987	ab00e8014d0173e9990087e926178cfb71d638e8010b62f5e882fa050f99789a	prefix_32_of_579	0x8f70318b	0xfed1df96	0xfbfb8b3c	0x58a4dcd6	-0xa356ae66	0x3a	0x3a
1869	0x787fe407836d	169	0x9af18	0x313e8f	0x314071	+0x1e2	dispatch	0xcdac7	169	0x9af18	0x162	0x1e8	0x9d	0xd4ff	0x99	0x3390	6201e8019d00ffd49900903337b623a8e5df73e8019798477690393ef22f9bcb	prefix_32_of_482	0xfed1df96	0x4ac60206	0x58a4dcd6	0x5ee7d2fb	+0x642f625	0x3a	0x3a
1870	0x787fe407836d	169	0x9af18	0x314071	0x3142df	+0x26e	dispatch	0xcdac7	310	0xb8556	0x162	0x1e8	0xa8	0x99	0xd4b6	0x9fd6	6201e801a8009900b6d4d69fbcef4e5f09e8011cb697d66ed299928e413a85b4	prefix_32_of_622	0x4ac60206	0x861eb185	0x5ee7d2fb	0xdf95e7f4	+0x80ae14f9	0x3a	0x3a
1871	0x787fe407836d	310	0xb8556	0x3142df	0x314522	+0x243	dispatch	0xcdac7	310	0xb8556	0x1e8	0xab	0xd7	0xa88	0xd888	0x227d	e801ab00d700880a88d87d220b07a29900b00ee801c9569798eedb0f85a424a2	prefix_32_of_579	0x861eb185	0x34a042ea	0xdf95e7f4	0x3ce04eeb	-0xa2b59909	0x3a	0x3a
1872	0x787fe407836d	310	0xb8556	0x314522	0x314704	+0x1e2	dispatch	0xcdac7	310	0xb8556	0x1e8	0x162	0xcb	0x9a07	0x7635	0x1ca1	e8016201cb00079a3576a11c1587d000e463e6e801744fab006005408141e30a	prefix_32_of_482	0x34a042ea	0xfcdeff37	0x3ce04eeb	0xfcd60600	+0xbff5b715	0x3a	0x3a
1873	0x787fe407836d	310	0xb8556	0x314704	0x314972	+0x26e	dispatch	0xcdac7	169	0x9af18	0x1e8	0x162	0x133	0x553a	0xc4b4	0x9913	e801620133013a55b4c41399000f9926d6e801b4c893293a145770293fba3bd7	prefix_32_of_622	0xfcdeff37	0xf8eeff37	0xfcd60600	0xf8e60910	-0x3effcf0	0x3a	0x3a
1874	0x787fe407836d	169	0x9af18	0x314972	0x314bb5	+0x243	dispatch	0xcdac7	310	0xb8556	0xab	0x1e8	0x133	0xd3a	0x17b0	0x3590	ab00e80133013a0db017903576da52830d9d9ee801174b3aac16ab007e67bbcf	prefix_32_of_579	0xf8eeff37	0x62662dfb	0xf8e60910	0xbffcca14	-0x38e93efc	0x3a	0x3a
1875	0x787fe407836d	310	0xb8556	0x314bb5	0x314d97	+0x1e2	dispatch	0xcdac7	169	0x9af18	0x1e8	0xa5	0x154	0xec4	0x99	0xdaa	e801a5005401c40e9900aa0d3e77f80828c29ae801209b1de1b283cc41d0003c	prefix_32_of_482	0x62662dfb	0xfadf7f2d	0xbffcca14	0xf21b0800	+0x321e3dec	0x3a	0x3a
1876	0x787fe407836d	169	0x9af18	0x314d97	0x315005	+0x26e	dispatch	0xcdac7	310	0xb8556	0x162	0x1e8	0x154	0x1334	0x99	0x1060	6201e80154013413990060103a1468c6d70e38e801880ac47c15400b7ef3eb03	prefix_32_of_622	0xfadf7f2d	0xe34473c6	0xf21b0800	0xe74477c6	-0xad6903a	0x3a	0x3a
1877	0x787fe407836d	310	0xb8556	0x315005	0x31522f	+0x22a	dispatch	0xcdac7	310	0xb8556	0x1e8	0xab	0x2b	0x7ded	0x99	0x9d3a	e801ab002b00ed7d99003a9daf99001ceee5a3e801abfa76d8093db434706b58	prefix_32_of_554	0xe34473c6	0x69b0303a	0xe74477c6	0x69145e5a	-0x7e30196c	0x3a	0x3a
1878	0x787fe407836d	310	0xb8556	0x31522f	0x315486	+0x257	dispatch	0xcdac7	169	0x9af18	0x1e8	0xab	0xc7	0x4f47	0x2c3a	0xae89	e801ab00c700474f3a2c89ae01349650eb981ae801bbffdce71f77f3025db1c8	prefix_32_of_599	0x69b0303a	0x841ab3c5	0x69145e5a	0x841ab3c5	+0x1b06556b	0x3a	0x3a
1879	0x787fe407836d	169	0x9af18	0x315486	0x3156ca	+0x244	dispatch	0xcdac7	169	0x9af18	0xa5	0x1e8	0x12	0x620	0xdc3a	0xfca3	a500e801120020063adca3fce00d85dd41f69ae801e0a76a83e8bb0003922025	prefix_32_of_580	0x841ab3c5	0xf613f930	0x841ab3c5	0x3ffce85e	-0x441dcb67	0x3a	0x3a
1880	0x787fe407836d	169	0x9af18	0x3156ca	0x315969	+0x29f	dispatch	0xcdac7	169	0x9af18	0xab	0x1e8	0x9d	0xcf07	0x99	0xf9a4	ab00e8019d0007cf9900a4f90133438c86ac48e801f3e7ab00737721d5bfd52a	prefix_32_of_671	0xf613f930	0x2ab32381	0x3ffce85e	0x2af72783	-0x1505c0db	0x3a	0x3a
1881	0x787fe407836d	169	0x9af18	0x315969	0x315bbf	+0x256	dispatch	0xcdac7	169	0x9af18	0xab	0x1e8	0x129	0x1e31	0x8ee1	0x6ea2	ab00e8012901311ee18ea26eeb88cf9ecf06bee8010aaba3094961d69865e9dc	prefix_32_of_598	0x2ab32381	0x6e5d9892	0x2af72783	0x4000d60c	+0x1509ae89	0x3a	0x3a
1882	0x787fe407836d	169	0x9af18	0x315bbf	0x310ca5	-0x4f1a	dispatch	0xcdac7	310	0xb8556	0xab	0x1e8	0x10c	0x1c4a	0x63e6	0x5af	ab00e8010c014a1ce663af053cd2e4092be80199f5de2fb4dd1429a30a54917a	backedge_sample	0x6e5d9892	0x148226cc	0x4000d60c	0xffaffb65	+0xbfaf2559	0x3a	0x3a
1883	0x787fe407836d	310	0xb8556	0x310ca5	0x310ef0	+0x24b	dispatch	0xcdac7	310	0xb8556	0x1e8	0xa5	0xcb	0x9ebf	0x7635	0x390	e801a500cb00bf9e35769003042ba8fcee6d9ce801f7d8ab009003dc5941168f	prefix_32_of_587	0x148226cc	0x14100010	0xffaffb65	0x3f0612b2	-0xc0a9e8b3	0x3a	0x3a
1884	0x787fe407836d	310	0xb8556	0x310ef0	0x311163	+0x273	dispatch	0xcdac7	169	0x9af18	0x1e8	0x162	0x154	0xf7c	0x99	0x92e7	e801620154017c0f9900e792dc1375ac08b602e801bf8c2f019289f5a0fa7e69	prefix_32_of_627	0x14100010	0xc83095f0	0x3f0612b2	0x400110fe	+0xfafe4c	0x3a	0x3a
1885	0x787fe407836d	169	0x9af18	0x311163	0x3113a5	+0x242	dispatch	0xcdac7	169	0x9af18	0xa5	0x1e8	0x10c	0x1c4a	0x67ae	0x6b6	a500e8010c014a1cae67b6063aa56428d9e80129f1186774139007d64940f679	prefix_32_of_578	0xc83095f0	0x7adeff2e	0x400110fe	0x78de0800	+0x38dcf702	0x3a	0x3a
1886	0x787fe407836d	169	0x9af18	0x3113a5	0x3115e7	+0x242	dispatch	0xcdac7	310	0xb8556	0x162	0x1e8	0xbd	0x99	0xe914	0x26e8	6201e801bd00990014e9e826ba56639900de34e8017709ab00041dab006485b4	prefix_32_of_578	0x7adeff2e	0x2948	0x78de0800	0x2948	-0x78dddeb8	0x3a	0x3a
1887	0x787fe407836d	310	0xb8556	0x3115e7	0x311829	+0x242	dispatch	0xcdac7	169	0x9af18	0x1e8	0xa5	0x9d	0xd56f	0x99	0xad8	e801a5009d006fd59900d80a53f58761012fcee8011603b240666e6e27e60d3a	prefix_32_of_578	0x2948	0x3acddfde	0x2948	0x585c5c02	+0x585c32ba	0x3a	0x3a
1888	0x787fe407836d	169	0x9af18	0x311829	0x311a6b	+0x242	dispatch	0xcdac7	169	0x9af18	0xab	0x1e8	0x151	0x94f0	0x99	0xfcec	ab00e8015101f0949900ecfc8b0cd809e4e80111f8d746656b7dce813884ab00	prefix_32_of_578	0x3acddfde	0xef1b287	0x585c5c02	0x69145f5a	+0x10b80358	0x3a	0x3a
1889	0x787fe407836d	169	0x9af18	0x311a6b	0x311cad	+0x242	dispatch	0xcdac7	310	0xb8556	0xa5	0x1e8	0x72	0x64cb	0xac8c	0x620	a500e8017200cb648cac200648efdaf5e0bf18e8015f2dab001a531a84d8ab00	prefix_32_of_578	0xef1b287	0x524c03c5	0x69145f5a	0x7df7dfda	+0x14e38080	0x3a	0x3a
1890	0x787fe407836d	310	0xb8556	0x311cad	0x311f69	+0x2bc	dispatch	0xcdac7	310	0xb8556	0x1e8	0xa5	0x10c	0x1c4a	0x6c86	0x7438	e801a5000c014a1c866c38749900ba703aa3e6e801859db8ec9f9147b7bebdaa	prefix_32_of_700	0x524c03c5	0x8e78f1da	0x7df7dfda	0xeb377ffe	+0x6d3fa024	0x3a	0x3a
1891	0x787fe407836d	310	0xb8556	0x311f69	0x31223a	+0x2d1	dispatch	0xcdac7	310	0xb8556	0x1e8	0xa5	0x14d	0xe523	0x99	0xe367	e801a5004d0123e5990067e332d17995c6459ee801880a70a4781ff2ff90977e	prefix_32_of_721	0x8e78f1da	0x8e4e0de5	0xeb377ffe	0x7bd7fefb	-0x6f5f8103	0x3a	0x3a
1892	0x787fe407836d	310	0xb8556	0x31223a	0x312464	+0x22a	dispatch	0xcdac7	169	0x9af18	0x1e8	0xab	0x151	0x9568	0x99	0xae47	e801ab0051016895990047ae9900f3a03a2e3ae801d80a443786cf06c648acd7	prefix_32_of_554	0x8e4e0de5	0x347541db	0x7bd7fefb	0x69945ffa	-0x12439f01	0x3a	0x3a
1893	0x787fe407836d	169	0x9af18	0x312464	0x31268e	+0x22a	dispatch	0xcdac7	310	0xb8556	0xab	0x1e8	0x42	0x97f9	0x8b3a	0x99da	ab00e8014200f9973a8bda99009a299900e801e4734b803a09b993007451ab00	prefix_32_of_554	0x347541db	0x5675bb90	0x69945ffa	0xffc76ef9	+0x96330eff	0x3a	0x3a
1894	0x787fe407836d	310	0xb8556	0x31268e	0x312868	+0x1da	dispatch	0xcdac7	169	0x9af18	0x1e8	0x162	0x10c	0x1c4a	0x6576	0x4392	e80162010c014a1c76659243358b8809c82954e8014c0cab0058019c10f7f483	prefix_32_of_474	0x5675bb90	0x221c12	0xffc76ef9	0x3f06a742	-0xc0c0c7b7	0x3a	0x3a
1895	0x787fe407836d	169	0x9af18	0x312868	0x312aee	+0x286	dispatch	0xcdac7	169	0x9af18	0xab	0x1e8	0x12	0x5e8	0xae3a	0xb4a5	ab00e8011200e8053aaea5b4a2606756d86000e801d80a90778a7301aa4f8cd8	prefix_32_of_646	0x221c12	0x8e3c0ca2	0x3f06a742	0x6f95fefa	+0x308f57b8	0x3a	0x3a
1896	0x787fe407836d	169	0x9af18	0x312aee	0x312cd0	+0x1e2	dispatch	0xcdac7	169	0x9af18	0x162	0x1e8	0x9d	0xd4ff	0x99	0x3810	6201e8019d00ffd499001038377504acaadc9ee80188acfa117cde3f9f9f57fa	prefix_32_of_482	0x8e3c0ca2	0xfbf79ddb	0x6f95fefa	0xf9f3eb74	+0x8a5dec7a	0x3a	0x3a
1897	0x787fe407836d	169	0x9af18	0x312cd0	0x312f26	+0x256	dispatch	0xcdac7	310	0xb8556	0x162	0x1e8	0xbd	0x99	0xe964	0x860	6201e801bd00990064e96008f0890e712b581de8014b1ac6d48406bceffeed89	prefix_32_of_598	0xfbf79ddb	0x4b8eb2de	0xf9f3eb74	0x7b1c5e5e	-0x7ed78d16	0x3a	0x3a
1898	0x787fe407836d	310	0xb8556	0x312f26	0x313169	+0x243	dispatch	0xcdac7	310	0xb8556	0x1e8	0x162	0xb9	0xa483	0x543a	0xcd68	e8016201b90083a43a5468cdd0817305599acde80104b48b0ce80544a5607c99	prefix_32_of_579	0x4b8eb2de	0x7afe7fef	0x7b1c5e5e	0x727e02a8	-0x89e5bb6	0x3a	0x3a
1899	0x787fe407836d	310	0xb8556	0x313169	0x31334b	+0x1e2	dispatch	0xcdac7	169	0x9af18	0x1e8	0xa5	0x151	0x99e0	0x99	0x2580	e801a5005101e09999008025faf2b3bb03cc5ae801979b477a218516bad00004	prefix_32_of_482	0x7afe7fef	0xce4d8465	0x727e02a8	0x7f3e7f7b	+0xcc07cd3	0x3a	0x3a
1900	0x787fe407836d	169	0x9af18	0x31334b	0x3135b9	+0x26e	dispatch	0xcdac7	169	0x9af18	0xa5	0x1e8	0x40	0xa81d	0x99	0x620	a500e80140001da899002006e89ff41597541ce801ab9e2ac633af3ada4c1da9	prefix_32_of_622	0xce4d8465	0xc917a90d	0x7f3e7f7b	0xc917a90d	+0x49d92992	0x3a	0x3a
1901	0x787fe407836d	169	0x9af18	0x3135b9	0x3137fc	+0x243	dispatch	0xcdac7	310	0xb8556	0x162	0x1e8	0x40	0xa2bd	0x99	0x1b17	6201e8014000bda29900171bab6f0801d4e8014ab2d76ef4e32006be862314d7	prefix_32_of_579	0xc917a90d	0x8df97560	0xc917a90d	0x694cb90f	-0x5fcaeffe	0x3a	0x3a
1902	0x787fe407836d	310	0xb8556	0x3137fc	0x3139de	+0x1e2	dispatch	0xcdac7	310	0xb8556	0x1e8	0x162	0xa8	0x99	0xd0ce	0x339a	e8016201a8009900ced09a331c968809df4913e8013e1db47be2ab00a9a94eef	prefix_32_of_482	0x8df97560	0x4a612e32	0x694cb90f	0x5f8f8af3	-0x9bd2e1c	0x3a	0x3a
1903	0x787fe407836d	310	0xb8556	0x3139de	0x313c4c	+0x26e	dispatch	0xcdac7	169	0x9af18	0x1e8	0xa5	0x154	0x12ac	0x99	0x6160	e801a5005401ac12990060615dd8ca85aa86fae801e80522b455bce3a77dd306	prefix_32_of_622	0x4a612e32	0x8f70318b	0x5f8f8af3	0xfbfb8b3c	+0x9c6c0049	0x3a	0x3a
1904	0x787fe407836d	169	0x9af18	0x313c4c	0x313e8f	+0x243	dispatch	0xcdac7	169	0x9af18	0xab	0x1e8	0x14d	0xe973	0x99	0xe987	ab00e8014d0173e9990087e926178cfb71d638e8010b62f5e882fa050f99789a	prefix_32_of_579	0x8f70318b	0xfed1df96	0xfbfb8b3c	0x58a4dcd6	-0xa356ae66	0x3a	0x3a
1905	0x787fe407836d	169	0x9af18	0x313e8f	0x314071	+0x1e2	dispatch	0xcdac7	169	0x9af18	0x162	0x1e8	0x9d	0xd4ff	0x99	0x3390	6201e8019d00ffd49900903337b623a8e5df73e8019798477690393ef22f9bcb	prefix_32_of_482	0xfed1df96	0x4ac60206	0x58a4dcd6	0x5ee7d2fb	+0x642f625	0x3a	0x3a
1906	0x787fe407836d	169	0x9af18	0x314071	0x3142df	+0x26e	dispatch	0xcdac7	310	0xb8556	0x162	0x1e8	0xa8	0x99	0xd4b6	0x9fd6	6201e801a8009900b6d4d69fbcef4e5f09e8011cb697d66ed299928e413a85b4	prefix_32_of_622	0x4ac60206	0x861eb185	0x5ee7d2fb	0xdf95e7f4	+0x80ae14f9	0x3a	0x3a
1907	0x787fe407836d	310	0xb8556	0x3142df	0x314522	+0x243	dispatch	0xcdac7	310	0xb8556	0x1e8	0xab	0xd7	0xa88	0xd888	0x227d	e801ab00d700880a88d87d220b07a29900b00ee801c9569798eedb0f85a424a2	prefix_32_of_579	0x861eb185	0x34a042ea	0xdf95e7f4	0x3ce04eeb	-0xa2b59909	0x3a	0x3a
1908	0x787fe407836d	310	0xb8556	0x314522	0x314704	+0x1e2	dispatch	0xcdac7	310	0xb8556	0x1e8	0x162	0xcb	0x9a07	0x7635	0x1ca1	e8016201cb00079a3576a11c1587d000e463e6e801744fab006005408141e30a	prefix_32_of_482	0x34a042ea	0xfcdeff37	0x3ce04eeb	0xfcd60600	+0xbff5b715	0x3a	0x3a
1909	0x787fe407836d	310	0xb8556	0x314704	0x314972	+0x26e	dispatch	0xcdac7	169	0x9af18	0x1e8	0x162	0x133	0x553a	0xc4b4	0x9913	e801620133013a55b4c41399000f9926d6e801b4c893293a145770293fba3bd7	prefix_32_of_622	0xfcdeff37	0xf8eeff37	0xfcd60600	0xf8e60910	-0x3effcf0	0x3a	0x3a
1910	0x787fe407836d	169	0x9af18	0x314972	0x314bb5	+0x243	dispatch	0xcdac7	310	0xb8556	0xab	0x1e8	0x133	0xd3a	0x17b0	0x3590	ab00e80133013a0db017903576da52830d9d9ee801174b3aac16ab007e67bbcf	prefix_32_of_579	0xf8eeff37	0x62662dfb	0xf8e60910	0xbffcca14	-0x38e93efc	0x3a	0x3a
1911	0x787fe407836d	310	0xb8556	0x314bb5	0x314d97	+0x1e2	dispatch	0xcdac7	169	0x9af18	0x1e8	0xa5	0x154	0xec4	0x99	0xdaa	e801a5005401c40e9900aa0d3e77f80828c29ae801209b1de1b283cc41d0003c	prefix_32_of_482	0x62662dfb	0xfadf7f2d	0xbffcca14	0xf21b0800	+0x321e3dec	0x3a	0x3a
1912	0x787fe407836d	169	0x9af18	0x314d97	0x315005	+0x26e	dispatch	0xcdac7	310	0xb8556	0x162	0x1e8	0x154	0x1334	0x99	0x1060	6201e80154013413990060103a1468c6d70e38e801880ac47c15400b7ef3eb03	prefix_32_of_622	0xfadf7f2d	0xe34473c6	0xf21b0800	0xe74477c6	-0xad6903a	0x3a	0x3a
1913	0x787fe407836d	310	0xb8556	0x315005	0x31522f	+0x22a	dispatch	0xcdac7	310	0xb8556	0x1e8	0xab	0x2b	0x7ded	0x99	0x9d3a	e801ab002b00ed7d99003a9daf99001ceee5a3e801abfa76d8093db434706b58	prefix_32_of_554	0xe34473c6	0x69b0303a	0xe74477c6	0x69145e5a	-0x7e30196c	0x3a	0x3a
1914	0x787fe407836d	310	0xb8556	0x31522f	0x315486	+0x257	dispatch	0xcdac7	169	0x9af18	0x1e8	0xab	0xc7	0x4f47	0x2c3a	0xae89	e801ab00c700474f3a2c89ae01349650eb981ae801bbffdce71f77f3025db1c8	prefix_32_of_599	0x69b0303a	0x841ab3c5	0x69145e5a	0x841ab3c5	+0x1b06556b	0x3a	0x3a
1915	0x787fe407836d	169	0x9af18	0x315486	0x3156ca	+0x244	dispatch	0xcdac7	169	0x9af18	0xa5	0x1e8	0x12	0x620	0xdc3a	0xfca3	a500e801120020063adca3fce00d85dd41f69ae801e0a76a83e8bb0003922025	prefix_32_of_580	0x841ab3c5	0xf613f930	0x841ab3c5	0x3ffce85e	-0x441dcb67	0x3a	0x3a
1916	0x787fe407836d	169	0x9af18	0x3156ca	0x315969	+0x29f	dispatch	0xcdac7	169	0x9af18	0xab	0x1e8	0x9d	0xcf07	0x99	0xf9a4	ab00e8019d0007cf9900a4f90133438c86ac48e801f3e7ab00737721d5bfd52a	prefix_32_of_671	0xf613f930	0x2ab32381	0x3ffce85e	0x2af72783	-0x1505c0db	0x3a	0x3a
1917	0x787fe407836d	169	0x9af18	0x315969	0x315bbf	+0x256	dispatch	0xcdac7	169	0x9af18	0xab	0x1e8	0x129	0x1e31	0x8ee1	0x6ea2	ab00e8012901311ee18ea26eeb88cf9ecf06bee8010aaba3094961d69865e9dc	prefix_32_of_598	0x2ab32381	0x6e5d9892	0x2af72783	0x4000d60c	+0x1509ae89	0x3a	0x3a
1918	0x787fe407836d	169	0x9af18	0x315bbf	0x310ca5	-0x4f1a	dispatch	0xcdac7	310	0xb8556	0xab	0x1e8	0x10c	0x1c4a	0x63e6	0x5af	ab00e8010c014a1ce663af053cd2e4092be80199f5de2fb4dd1429a30a54917a	backedge_sample	0x6e5d9892	0x148226cc	0x4000d60c	0xffaffb65	+0xbfaf2559	0x3a	0x3a
1919	0x787fe407836d	310	0xb8556	0x310ca5	0x310ef0	+0x24b	dispatch	0xcdac7	310	0xb8556	0x1e8	0xa5	0xcb	0x9ebf	0x7635	0x390	e801a500cb00bf9e35769003042ba8fcee6d9ce801f7d8ab009003dc5941168f	prefix_32_of_587	0x148226cc	0x14100010	0xffaffb65	0x3f0612b2	-0xc0a9e8b3	0x3a	0x3a
1920	0x787fe407836d	310	0xb8556	0x310ef0	0x311163	+0x273	dispatch	0xcdac7	169	0x9af18	0x1e8	0x162	0x154	0xf7c	0x99	0x92e7	e801620154017c0f9900e792dc1375ac08b602e801bf8c2f019289f5a0fa7e69	prefix_32_of_627	0x14100010	0xc83095f0	0x3f0612b2	0x400110fe	+0xfafe4c	0x3a	0x3a
1921	0x787fe407836d	169	0x9af18	0x311163	0x3113a5	+0x242	dispatch	0xcdac7	169	0x9af18	0xa5	0x1e8	0x10c	0x1c4a	0x67ae	0x6b6	a500e8010c014a1cae67b6063aa56428d9e80129f1186774139007d64940f679	prefix_32_of_578	0xc83095f0	0x7adeff2e	0x400110fe	0x78de0800	+0x38dcf702	0x3a	0x3a
1922	0x787fe407836d	169	0x9af18	0x3113a5	0x3115e7	+0x242	dispatch	0xcdac7	310	0xb8556	0x162	0x1e8	0xbd	0x99	0xe914	0x26e8	6201e801bd00990014e9e826ba56639900de34e8017709ab00041dab006485b4	prefix_32_of_578	0x7adeff2e	0x2948	0x78de0800	0x2948	-0x78dddeb8	0x3a	0x3a
1923	0x787fe407836d	310	0xb8556	0x3115e7	0x311829	+0x242	dispatch	0xcdac7	169	0x9af18	0x1e8	0xa5	0x9d	0xd56f	0x99	0xad8	e801a5009d006fd59900d80a53f58761012fcee8011603b240666e6e27e60d3a	prefix_32_of_578	0x2948	0x3acddfde	0x2948	0x585c5c02	+0x585c32ba	0x3a	0x3a
1924	0x787fe407836d	169	0x9af18	0x311829	0x311a6b	+0x242	dispatch	0xcdac7	169	0x9af18	0xab	0x1e8	0x151	0x94f0	0x99	0xfcec	ab00e8015101f0949900ecfc8b0cd809e4e80111f8d746656b7dce813884ab00	prefix_32_of_578	0x3acddfde	0xef1b287	0x585c5c02	0x69145f5a	+0x10b80358	0x3a	0x3a
1925	0x787fe407836d	169	0x9af18	0x311a6b	0x311cad	+0x242	dispatch	0xcdac7	310	0xb8556	0xa5	0x1e8	0x72	0x64cb	0xac8c	0x620	a500e8017200cb648cac200648efdaf5e0bf18e8015f2dab001a531a84d8ab00	prefix_32_of_578	0xef1b287	0x524c03c5	0x69145f5a	0x7df7dfda	+0x14e38080	0x3a	0x3a
1926	0x787fe407836d	310	0xb8556	0x311cad	0x311f69	+0x2bc	dispatch	0xcdac7	310	0xb8556	0x1e8	0xa5	0x10c	0x1c4a	0x6c86	0x7438	e801a5000c014a1c866c38749900ba703aa3e6e801859db8ec9f9147b7bebdaa	prefix_32_of_700	0x524c03c5	0x8e78f1da	0x7df7dfda	0xeb377ffe	+0x6d3fa024	0x3a	0x3a
1927	0x787fe407836d	310	0xb8556	0x311f69	0x31223a	+0x2d1	dispatch	0xcdac7	310	0xb8556	0x1e8	0xa5	0x14d	0xe523	0x99	0xe367	e801a5004d0123e5990067e332d17995c6459ee801880a70a4781ff2ff90977e	prefix_32_of_721	0x8e78f1da	0x8e4e0de5	0xeb377ffe	0x7bd7fefb	-0x6f5f8103	0x3a	0x3a
1928	0x787fe407836d	310	0xb8556	0x31223a	0x312464	+0x22a	dispatch	0xcdac7	169	0x9af18	0x1e8	0xab	0x151	0x9568	0x99	0xae47	e801ab0051016895990047ae9900f3a03a2e3ae801d80a443786cf06c648acd7	prefix_32_of_554	0x8e4e0de5	0x347541db	0x7bd7fefb	0x69945ffa	-0x12439f01	0x3a	0x3a
1929	0x787fe407836d	169	0x9af18	0x312464	0x31268e	+0x22a	dispatch	0xcdac7	310	0xb8556	0xab	0x1e8	0x42	0x97f9	0x8b3a	0x99da	ab00e8014200f9973a8bda99009a299900e801e4734b803a09b993007451ab00	prefix_32_of_554	0x347541db	0x5675bb90	0x69945ffa	0xffc76ef9	+0x96330eff	0x3a	0x3a
1930	0x787fe407836d	310	0xb8556	0x31268e	0x312868	+0x1da	dispatch	0xcdac7	169	0x9af18	0x1e8	0x162	0x10c	0x1c4a	0x6576	0x4392	e80162010c014a1c76659243358b8809c82954e8014c0cab0058019c10f7f483	prefix_32_of_474	0x5675bb90	0x221c12	0xffc76ef9	0x3f06a742	-0xc0c0c7b7	0x3a	0x3a
1931	0x787fe407836d	169	0x9af18	0x312868	0x312aee	+0x286	dispatch	0xcdac7	169	0x9af18	0xab	0x1e8	0x12	0x5e8	0xae3a	0xb4a5	ab00e8011200e8053aaea5b4a2606756d86000e801d80a90778a7301aa4f8cd8	prefix_32_of_646	0x221c12	0x8e3c0ca2	0x3f06a742	0x6f95fefa	+0x308f57b8	0x3a	0x3a
1932	0x787fe407836d	169	0x9af18	0x312aee	0x312cd0	+0x1e2	dispatch	0xcdac7	169	0x9af18	0x162	0x1e8	0x9d	0xd4ff	0x99	0x3810	6201e8019d00ffd499001038377504acaadc9ee80188acfa117cde3f9f9f57fa	prefix_32_of_482	0x8e3c0ca2	0xfbf79ddb	0x6f95fefa	0xf9f3eb74	+0x8a5dec7a	0x3a	0x3a
1933	0x787fe407836d	169	0x9af18	0x312cd0	0x312f26	+0x256	dispatch	0xcdac7	310	0xb8556	0x162	0x1e8	0xbd	0x99	0xe964	0x860	6201e801bd00990064e96008f0890e712b581de8014b1ac6d48406bceffeed89	prefix_32_of_598	0xfbf79ddb	0x4b8eb2de	0xf9f3eb74	0x7b1c5e5e	-0x7ed78d16	0x3a	0x3a
1934	0x787fe407836d	310	0xb8556	0x312f26	0x313169	+0x243	dispatch	0xcdac7	310	0xb8556	0x1e8	0x162	0xb9	0xa483	0x543a	0xcd68	e8016201b90083a43a5468cdd0817305599acde80104b48b0ce80544a5607c99	prefix_32_of_579	0x4b8eb2de	0x7afe7fef	0x7b1c5e5e	0x727e02a8	-0x89e5bb6	0x3a	0x3a
1935	0x787fe407836d	310	0xb8556	0x313169	0x31334b	+0x1e2	dispatch	0xcdac7	169	0x9af18	0x1e8	0xa5	0x151	0x99e0	0x99	0x2580	e801a5005101e09999008025faf2b3bb03cc5ae801979b477a218516bad00004	prefix_32_of_482	0x7afe7fef	0xce4d8465	0x727e02a8	0x7f3e7f7b	+0xcc07cd3	0x3a	0x3a
1936	0x787fe407836d	169	0x9af18	0x31334b	0x3135b9	+0x26e	dispatch	0xcdac7	169	0x9af18	0xa5	0x1e8	0x40	0xa81d	0x99	0x620	a500e80140001da899002006e89ff41597541ce801ab9e2ac633af3ada4c1da9	prefix_32_of_622	0xce4d8465	0xc917a90d	0x7f3e7f7b	0xc917a90d	+0x49d92992	0x3a	0x3a
1937	0x787fe407836d	169	0x9af18	0x3135b9	0x3137fc	+0x243	dispatch	0xcdac7	310	0xb8556	0x162	0x1e8	0x40	0xa2bd	0x99	0x1b17	6201e8014000bda29900171bab6f0801d4e8014ab2d76ef4e32006be862314d7	prefix_32_of_579	0xc917a90d	0x8df97560	0xc917a90d	0x694cb90f	-0x5fcaeffe	0x3a	0x3a
1938	0x787fe407836d	310	0xb8556	0x3137fc	0x3139de	+0x1e2	dispatch	0xcdac7	310	0xb8556	0x1e8	0x162	0xa8	0x99	0xd0ce	0x339a	e8016201a8009900ced09a331c968809df4913e8013e1db47be2ab00a9a94eef	prefix_32_of_482	0x8df97560	0x4a612e32	0x694cb90f	0x5f8f8af3	-0x9bd2e1c	0x3a	0x3a
1939	0x787fe407836d	310	0xb8556	0x3139de	0x313c4c	+0x26e	dispatch	0xcdac7	169	0x9af18	0x1e8	0xa5	0x154	0x12ac	0x99	0x6160	e801a5005401ac12990060615dd8ca85aa86fae801e80522b455bce3a77dd306	prefix_32_of_622	0x4a612e32	0x8f70318b	0x5f8f8af3	0xfbfb8b3c	+0x9c6c0049	0x3a	0x3a
1940	0x787fe407836d	169	0x9af18	0x313c4c	0x313e8f	+0x243	dispatch	0xcdac7	169	0x9af18	0xab	0x1e8	0x14d	0xe973	0x99	0xe987	ab00e8014d0173e9990087e926178cfb71d638e8010b62f5e882fa050f99789a	prefix_32_of_579	0x8f70318b	0xfed1df96	0xfbfb8b3c	0x58a4dcd6	-0xa356ae66	0x3a	0x3a
1941	0x787fe407836d	169	0x9af18	0x313e8f	0x314071	+0x1e2	dispatch	0xcdac7	169	0x9af18	0x162	0x1e8	0x9d	0xd4ff	0x99	0x3390	6201e8019d00ffd49900903337b623a8e5df73e8019798477690393ef22f9bcb	prefix_32_of_482	0xfed1df96	0x4ac60206	0x58a4dcd6	0x5ee7d2fb	+0x642f625	0x3a	0x3a
1942	0x787fe407836d	169	0x9af18	0x314071	0x3142df	+0x26e	dispatch	0xcdac7	310	0xb8556	0x162	0x1e8	0xa8	0x99	0xd4b6	0x9fd6	6201e801a8009900b6d4d69fbcef4e5f09e8011cb697d66ed299928e413a85b4	prefix_32_of_622	0x4ac60206	0x861eb185	0x5ee7d2fb	0xdf95e7f4	+0x80ae14f9	0x3a	0x3a
1943	0x787fe407836d	310	0xb8556	0x3142df	0x314522	+0x243	dispatch	0xcdac7	310	0xb8556	0x1e8	0xab	0xd7	0xa88	0xd888	0x227d	e801ab00d700880a88d87d220b07a29900b00ee801c9569798eedb0f85a424a2	prefix_32_of_579	0x861eb185	0x34a042ea	0xdf95e7f4	0x3ce04eeb	-0xa2b59909	0x3a	0x3a
1944	0x787fe407836d	310	0xb8556	0x314522	0x314704	+0x1e2	dispatch	0xcdac7	310	0xb8556	0x1e8	0x162	0xcb	0x9a07	0x7635	0x1ca1	e8016201cb00079a3576a11c1587d000e463e6e801744fab006005408141e30a	prefix_32_of_482	0x34a042ea	0xfcdeff37	0x3ce04eeb	0xfcd60600	+0xbff5b715	0x3a	0x3a
1945	0x787fe407836d	310	0xb8556	0x314704	0x314972	+0x26e	dispatch	0xcdac7	169	0x9af18	0x1e8	0x162	0x133	0x553a	0xc4b4	0x9913	e801620133013a55b4c41399000f9926d6e801b4c893293a145770293fba3bd7	prefix_32_of_622	0xfcdeff37	0xf8eeff37	0xfcd60600	0xf8e60910	-0x3effcf0	0x3a	0x3a
1946	0x787fe407836d	169	0x9af18	0x314972	0x314bb5	+0x243	dispatch	0xcdac7	310	0xb8556	0xab	0x1e8	0x133	0xd3a	0x17b0	0x3590	ab00e80133013a0db017903576da52830d9d9ee801174b3aac16ab007e67bbcf	prefix_32_of_579	0xf8eeff37	0x62662dfb	0xf8e60910	0xbffcca14	-0x38e93efc	0x3a	0x3a
1947	0x787fe407836d	310	0xb8556	0x314bb5	0x314d97	+0x1e2	dispatch	0xcdac7	169	0x9af18	0x1e8	0xa5	0x154	0xec4	0x99	0xdaa	e801a5005401c40e9900aa0d3e77f80828c29ae801209b1de1b283cc41d0003c	prefix_32_of_482	0x62662dfb	0xfadf7f2d	0xbffcca14	0xf21b0800	+0x321e3dec	0x3a	0x3a
1948	0x787fe407836d	169	0x9af18	0x314d97	0x315005	+0x26e	dispatch	0xcdac7	310	0xb8556	0x162	0x1e8	0x154	0x1334	0x99	0x1060	6201e80154013413990060103a1468c6d70e38e801880ac47c15400b7ef3eb03	prefix_32_of_622	0xfadf7f2d	0xe34473c6	0xf21b0800	0xe74477c6	-0xad6903a	0x3a	0x3a
1949	0x787fe407836d	310	0xb8556	0x315005	0x31522f	+0x22a	dispatch	0xcdac7	310	0xb8556	0x1e8	0xab	0x2b	0x7ded	0x99	0x9d3a	e801ab002b00ed7d99003a9daf99001ceee5a3e801abfa76d8093db434706b58	prefix_32_of_554	0xe34473c6	0x69b0303a	0xe74477c6	0x69145e5a	-0x7e30196c	0x3a	0x3a
1950	0x787fe407836d	310	0xb8556	0x31522f	0x315486	+0x257	dispatch	0xcdac7	169	0x9af18	0x1e8	0xab	0xc7	0x4f47	0x2c3a	0xae89	e801ab00c700474f3a2c89ae01349650eb981ae801bbffdce71f77f3025db1c8	prefix_32_of_599	0x69b0303a	0x841ab3c5	0x69145e5a	0x841ab3c5	+0x1b06556b	0x3a	0x3a
1951	0x787fe407836d	169	0x9af18	0x315486	0x3156ca	+0x244	dispatch	0xcdac7	169	0x9af18	0xa5	0x1e8	0x12	0x620	0xdc3a	0xfca3	a500e801120020063adca3fce00d85dd41f69ae801e0a76a83e8bb0003922025	prefix_32_of_580	0x841ab3c5	0xf613f930	0x841ab3c5	0x3ffce85e	-0x441dcb67	0x3a	0x3a
1952	0x787fe407836d	169	0x9af18	0x3156ca	0x315969	+0x29f	dispatch	0xcdac7	169	0x9af18	0xab	0x1e8	0x9d	0xcf07	0x99	0xf9a4	ab00e8019d0007cf9900a4f90133438c86ac48e801f3e7ab00737721d5bfd52a	prefix_32_of_671	0xf613f930	0x2ab32381	0x3ffce85e	0x2af72783	-0x1505c0db	0x3a	0x3a
1953	0x787fe407836d	169	0x9af18	0x315969	0x315bbf	+0x256	dispatch	0xcdac7	169	0x9af18	0xab	0x1e8	0x129	0x1e31	0x8ee1	0x6ea2	ab00e8012901311ee18ea26eeb88cf9ecf06bee8010aaba3094961d69865e9dc	prefix_32_of_598	0x2ab32381	0x6e5d9892	0x2af72783	0x4000d60c	+0x1509ae89	0x3a	0x3a
1954	0x787fe407836d	169	0x9af18	0x315bbf	0x310ca5	-0x4f1a	dispatch	0xcdac7	310	0xb8556	0xab	0x1e8	0x10c	0x1c4a	0x63e6	0x5af	ab00e8010c014a1ce663af053cd2e4092be80199f5de2fb4dd1429a30a54917a	backedge_sample	0x6e5d9892	0x148226cc	0x4000d60c	0xffaffb65	+0xbfaf2559	0x3a	0x3a
1955	0x787fe407836d	310	0xb8556	0x310ca5	0x310ef0	+0x24b	dispatch	0xcdac7	310	0xb8556	0x1e8	0xa5	0xcb	0x9ebf	0x7635	0x390	e801a500cb00bf9e35769003042ba8fcee6d9ce801f7d8ab009003dc5941168f	prefix_32_of_587	0x148226cc	0x14100010	0xffaffb65	0x3f0612b2	-0xc0a9e8b3	0x3a	0x3a
1956	0x787fe407836d	310	0xb8556	0x310ef0	0x311163	+0x273	dispatch	0xcdac7	169	0x9af18	0x1e8	0x162	0x154	0xf7c	0x99	0x92e7	e801620154017c0f9900e792dc1375ac08b602e801bf8c2f019289f5a0fa7e69	prefix_32_of_627	0x14100010	0xc83095f0	0x3f0612b2	0x400110fe	+0xfafe4c	0x3a	0x3a
1957	0x787fe407836d	169	0x9af18	0x311163	0x3113a5	+0x242	dispatch	0xcdac7	169	0x9af18	0xa5	0x1e8	0x10c	0x1c4a	0x67ae	0x6b6	a500e8010c014a1cae67b6063aa56428d9e80129f1186774139007d64940f679	prefix_32_of_578	0xc83095f0	0x7adeff2e	0x400110fe	0x78de0800	+0x38dcf702	0x3a	0x3a
1958	0x787fe407836d	169	0x9af18	0x3113a5	0x3115e7	+0x242	dispatch	0xcdac7	310	0xb8556	0x162	0x1e8	0xbd	0x99	0xe914	0x26e8	6201e801bd00990014e9e826ba56639900de34e8017709ab00041dab006485b4	prefix_32_of_578	0x7adeff2e	0x2948	0x78de0800	0x2948	-0x78dddeb8	0x3a	0x3a
1959	0x787fe407836d	310	0xb8556	0x3115e7	0x311829	+0x242	dispatch	0xcdac7	169	0x9af18	0x1e8	0xa5	0x9d	0xd56f	0x99	0xad8	e801a5009d006fd59900d80a53f58761012fcee8011603b240666e6e27e60d3a	prefix_32_of_578	0x2948	0x3acddfde	0x2948	0x585c5c02	+0x585c32ba	0x3a	0x3a
1960	0x787fe407836d	169	0x9af18	0x311829	0x311a6b	+0x242	dispatch	0xcdac7	169	0x9af18	0xab	0x1e8	0x151	0x94f0	0x99	0xfcec	ab00e8015101f0949900ecfc8b0cd809e4e80111f8d746656b7dce813884ab00	prefix_32_of_578	0x3acddfde	0xef1b287	0x585c5c02	0x69145f5a	+0x10b80358	0x3a	0x3a
1961	0x787fe407836d	169	0x9af18	0x311a6b	0x311cad	+0x242	dispatch	0xcdac7	310	0xb8556	0xa5	0x1e8	0x72	0x64cb	0xac8c	0x620	a500e8017200cb648cac200648efdaf5e0bf18e8015f2dab001a531a84d8ab00	prefix_32_of_578	0xef1b287	0x524c03c5	0x69145f5a	0x7df7dfda	+0x14e38080	0x3a	0x3a
1962	0x787fe407836d	310	0xb8556	0x311cad	0x311f69	+0x2bc	dispatch	0xcdac7	310	0xb8556	0x1e8	0xa5	0x10c	0x1c4a	0x6c86	0x7438	e801a5000c014a1c866c38749900ba703aa3e6e801859db8ec9f9147b7bebdaa	prefix_32_of_700	0x524c03c5	0x8e78f1da	0x7df7dfda	0xeb377ffe	+0x6d3fa024	0x3a	0x3a
1963	0x787fe407836d	310	0xb8556	0x311f69	0x31223a	+0x2d1	dispatch	0xcdac7	310	0xb8556	0x1e8	0xa5	0x14d	0xe523	0x99	0xe367	e801a5004d0123e5990067e332d17995c6459ee801880a70a4781ff2ff90977e	prefix_32_of_721	0x8e78f1da	0x8e4e0de5	0xeb377ffe	0x7bd7fefb	-0x6f5f8103	0x3a	0x3a
1964	0x787fe407836d	310	0xb8556	0x31223a	0x312464	+0x22a	dispatch	0xcdac7	169	0x9af18	0x1e8	0xab	0x151	0x9568	0x99	0xae47	e801ab0051016895990047ae9900f3a03a2e3ae801d80a443786cf06c648acd7	prefix_32_of_554	0x8e4e0de5	0x347541db	0x7bd7fefb	0x69945ffa	-0x12439f01	0x3a	0x3a
1965	0x787fe407836d	169	0x9af18	0x312464	0x31268e	+0x22a	dispatch	0xcdac7	310	0xb8556	0xab	0x1e8	0x42	0x97f9	0x8b3a	0x99da	ab00e8014200f9973a8bda99009a299900e801e4734b803a09b993007451ab00	prefix_32_of_554	0x347541db	0x5675bb90	0x69945ffa	0xffc76ef9	+0x96330eff	0x3a	0x3a
1966	0x787fe407836d	310	0xb8556	0x31268e	0x312868	+0x1da	dispatch	0xcdac7	169	0x9af18	0x1e8	0x162	0x10c	0x1c4a	0x6576	0x4392	e80162010c014a1c76659243358b8809c82954e8014c0cab0058019c10f7f483	prefix_32_of_474	0x5675bb90	0x221c12	0xffc76ef9	0x3f06a742	-0xc0c0c7b7	0x3a	0x3a
1967	0x787fe407836d	169	0x9af18	0x312868	0x312aee	+0x286	dispatch	0xcdac7	169	0x9af18	0xab	0x1e8	0x12	0x5e8	0xae3a	0xb4a5	ab00e8011200e8053aaea5b4a2606756d86000e801d80a90778a7301aa4f8cd8	prefix_32_of_646	0x221c12	0x8e3c0ca2	0x3f06a742	0x6f95fefa	+0x308f57b8	0x3a	0x3a
1968	0x787fe407836d	169	0x9af18	0x312aee	0x312cd0	+0x1e2	dispatch	0xcdac7	169	0x9af18	0x162	0x1e8	0x9d	0xd4ff	0x99	0x3810	6201e8019d00ffd499001038377504acaadc9ee80188acfa117cde3f9f9f57fa	prefix_32_of_482	0x8e3c0ca2	0xfbf79ddb	0x6f95fefa	0xf9f3eb74	+0x8a5dec7a	0x3a	0x3a
1969	0x787fe407836d	169	0x9af18	0x312cd0	0x312f26	+0x256	dispatch	0xcdac7	310	0xb8556	0x162	0x1e8	0xbd	0x99	0xe964	0x860	6201e801bd00990064e96008f0890e712b581de8014b1ac6d48406bceffeed89	prefix_32_of_598	0xfbf79ddb	0x4b8eb2de	0xf9f3eb74	0x7b1c5e5e	-0x7ed78d16	0x3a	0x3a
1970	0x787fe407836d	310	0xb8556	0x312f26	0x313169	+0x243	dispatch	0xcdac7	310	0xb8556	0x1e8	0x162	0xb9	0xa483	0x543a	0xcd68	e8016201b90083a43a5468cdd0817305599acde80104b48b0ce80544a5607c99	prefix_32_of_579	0x4b8eb2de	0x7afe7fef	0x7b1c5e5e	0x727e02a8	-0x89e5bb6	0x3a	0x3a
1971	0x787fe407836d	310	0xb8556	0x313169	0x31334b	+0x1e2	dispatch	0xcdac7	169	0x9af18	0x1e8	0xa5	0x151	0x99e0	0x99	0x2580	e801a5005101e09999008025faf2b3bb03cc5ae801979b477a218516bad00004	prefix_32_of_482	0x7afe7fef	0xce4d8465	0x727e02a8	0x7f3e7f7b	+0xcc07cd3	0x3a	0x3a
1972	0x787fe407836d	169	0x9af18	0x31334b	0x3135b9	+0x26e	dispatch	0xcdac7	169	0x9af18	0xa5	0x1e8	0x40	0xa81d	0x99	0x620	a500e80140001da899002006e89ff41597541ce801ab9e2ac633af3ada4c1da9	prefix_32_of_622	0xce4d8465	0xc917a90d	0x7f3e7f7b	0xc917a90d	+0x49d92992	0x3a	0x3a
1973	0x787fe407836d	169	0x9af18	0x3135b9	0x3137fc	+0x243	dispatch	0xcdac7	310	0xb8556	0x162	0x1e8	0x40	0xa2bd	0x99	0x1b17	6201e8014000bda29900171bab6f0801d4e8014ab2d76ef4e32006be862314d7	prefix_32_of_579	0xc917a90d	0x8df97560	0xc917a90d	0x694cb90f	-0x5fcaeffe	0x3a	0x3a
1974	0x787fe407836d	310	0xb8556	0x3137fc	0x3139de	+0x1e2	dispatch	0xcdac7	310	0xb8556	0x1e8	0x162	0xa8	0x99	0xd0ce	0x339a	e8016201a8009900ced09a331c968809df4913e8013e1db47be2ab00a9a94eef	prefix_32_of_482	0x8df97560	0x4a612e32	0x694cb90f	0x5f8f8af3	-0x9bd2e1c	0x3a	0x3a
1975	0x787fe407836d	310	0xb8556	0x3139de	0x313c4c	+0x26e	dispatch	0xcdac7	169	0x9af18	0x1e8	0xa5	0x154	0x12ac	0x99	0x6160	e801a5005401ac12990060615dd8ca85aa86fae801e80522b455bce3a77dd306	prefix_32_of_622	0x4a612e32	0x8f70318b	0x5f8f8af3	0xfbfb8b3c	+0x9c6c0049	0x3a	0x3a
1976	0x787fe407836d	169	0x9af18	0x313c4c	0x313e8f	+0x243	dispatch	0xcdac7	169	0x9af18	0xab	0x1e8	0x14d	0xe973	0x99	0xe987	ab00e8014d0173e9990087e926178cfb71d638e8010b62f5e882fa050f99789a	prefix_32_of_579	0x8f70318b	0xfed1df96	0xfbfb8b3c	0x58a4dcd6	-0xa356ae66	0x3a	0x3a
1977	0x787fe407836d	169	0x9af18	0x313e8f	0x314071	+0x1e2	dispatch	0xcdac7	169	0x9af18	0x162	0x1e8	0x9d	0xd4ff	0x99	0x3390	6201e8019d00ffd49900903337b623a8e5df73e8019798477690393ef22f9bcb	prefix_32_of_482	0xfed1df96	0x4ac60206	0x58a4dcd6	0x5ee7d2fb	+0x642f625	0x3a	0x3a
1978	0x787fe407836d	169	0x9af18	0x314071	0x3142df	+0x26e	dispatch	0xcdac7	310	0xb8556	0x162	0x1e8	0xa8	0x99	0xd4b6	0x9fd6	6201e801a8009900b6d4d69fbcef4e5f09e8011cb697d66ed299928e413a85b4	prefix_32_of_622	0x4ac60206	0x861eb185	0x5ee7d2fb	0xdf95e7f4	+0x80ae14f9	0x3a	0x3a
1979	0x787fe407836d	310	0xb8556	0x3142df	0x314522	+0x243	dispatch	0xcdac7	310	0xb8556	0x1e8	0xab	0xd7	0xa88	0xd888	0x227d	e801ab00d700880a88d87d220b07a29900b00ee801c9569798eedb0f85a424a2	prefix_32_of_579	0x861eb185	0x34a042ea	0xdf95e7f4	0x3ce04eeb	-0xa2b59909	0x3a	0x3a
1980	0x787fe407836d	310	0xb8556	0x314522	0x314704	+0x1e2	dispatch	0xcdac7	310	0xb8556	0x1e8	0x162	0xcb	0x9a07	0x7635	0x1ca1	e8016201cb00079a3576a11c1587d000e463e6e801744fab006005408141e30a	prefix_32_of_482	0x34a042ea	0xfcdeff37	0x3ce04eeb	0xfcd60600	+0xbff5b715	0x3a	0x3a
1981	0x787fe407836d	310	0xb8556	0x314704	0x314972	+0x26e	dispatch	0xcdac7	169	0x9af18	0x1e8	0x162	0x133	0x553a	0xc4b4	0x9913	e801620133013a55b4c41399000f9926d6e801b4c893293a145770293fba3bd7	prefix_32_of_622	0xfcdeff37	0xf8eeff37	0xfcd60600	0xf8e60910	-0x3effcf0	0x3a	0x3a
1982	0x787fe407836d	169	0x9af18	0x314972	0x314bb5	+0x243	dispatch	0xcdac7	310	0xb8556	0xab	0x1e8	0x133	0xd3a	0x17b0	0x3590	ab00e80133013a0db017903576da52830d9d9ee801174b3aac16ab007e67bbcf	prefix_32_of_579	0xf8eeff37	0x62662dfb	0xf8e60910	0xbffcca14	-0x38e93efc	0x3a	0x3a
1983	0x787fe407836d	310	0xb8556	0x314bb5	0x314d97	+0x1e2	dispatch	0xcdac7	169	0x9af18	0x1e8	0xa5	0x154	0xec4	0x99	0xdaa	e801a5005401c40e9900aa0d3e77f80828c29ae801209b1de1b283cc41d0003c	prefix_32_of_482	0x62662dfb	0xfadf7f2d	0xbffcca14	0xf21b0800	+0x321e3dec	0x3a	0x3a
1984	0x787fe407836d	169	0x9af18	0x314d97	0x315005	+0x26e	dispatch	0xcdac7	310	0xb8556	0x162	0x1e8	0x154	0x1334	0x99	0x1060	6201e80154013413990060103a1468c6d70e38e801880ac47c15400b7ef3eb03	prefix_32_of_622	0xfadf7f2d	0xe34473c6	0xf21b0800	0xe74477c6	-0xad6903a	0x3a	0x3a
1985	0x787fe407836d	310	0xb8556	0x315005	0x31522f	+0x22a	dispatch	0xcdac7	310	0xb8556	0x1e8	0xab	0x2b	0x7ded	0x99	0x9d3a	e801ab002b00ed7d99003a9daf99001ceee5a3e801abfa76d8093db434706b58	prefix_32_of_554	0xe34473c6	0x69b0303a	0xe74477c6	0x69145e5a	-0x7e30196c	0x3a	0x3a
1986	0x787fe407836d	310	0xb8556	0x31522f	0x315486	+0x257	dispatch	0xcdac7	169	0x9af18	0x1e8	0xab	0xc7	0x4f47	0x2c3a	0xae89	e801ab00c700474f3a2c89ae01349650eb981ae801bbffdce71f77f3025db1c8	prefix_32_of_599	0x69b0303a	0x841ab3c5	0x69145e5a	0x841ab3c5	+0x1b06556b	0x3a	0x3a
1987	0x787fe407836d	169	0x9af18	0x315486	0x3156ca	+0x244	dispatch	0xcdac7	169	0x9af18	0xa5	0x1e8	0x12	0x620	0xdc3a	0xfca3	a500e801120020063adca3fce00d85dd41f69ae801e0a76a83e8bb0003922025	prefix_32_of_580	0x841ab3c5	0xf613f930	0x841ab3c5	0x3ffce85e	-0x441dcb67	0x3a	0x3a
1988	0x787fe407836d	169	0x9af18	0x3156ca	0x315969	+0x29f	dispatch	0xcdac7	169	0x9af18	0xab	0x1e8	0x9d	0xcf07	0x99	0xf9a4	ab00e8019d0007cf9900a4f90133438c86ac48e801f3e7ab00737721d5bfd52a	prefix_32_of_671	0xf613f930	0x2ab32381	0x3ffce85e	0x2af72783	-0x1505c0db	0x3a	0x3a
1989	0x787fe407836d	169	0x9af18	0x315969	0x315bbf	+0x256	dispatch	0xcdac7	169	0x9af18	0xab	0x1e8	0x129	0x1e31	0x8ee1	0x6ea2	ab00e8012901311ee18ea26eeb88cf9ecf06bee8010aaba3094961d69865e9dc	prefix_32_of_598	0x2ab32381	0x6e5d9892	0x2af72783	0x4000d60c	+0x1509ae89	0x3a	0x3a
1990	0x787fe407836d	169	0x9af18	0x315bbf	0x310ca5	-0x4f1a	dispatch	0xcdac7	310	0xb8556	0xab	0x1e8	0x10c	0x1c4a	0x63e6	0x5af	ab00e8010c014a1ce663af053cd2e4092be80199f5de2fb4dd1429a30a54917a	backedge_sample	0x6e5d9892	0x148226cc	0x4000d60c	0xffaffb65	+0xbfaf2559	0x3a	0x3a
1991	0x787fe407836d	310	0xb8556	0x310ca5	0x310ef0	+0x24b	dispatch	0xcdac7	310	0xb8556	0x1e8	0xa5	0xcb	0x9ebf	0x7635	0x390	e801a500cb00bf9e35769003042ba8fcee6d9ce801f7d8ab009003dc5941168f	prefix_32_of_587	0x148226cc	0x14100010	0xffaffb65	0x3f0612b2	-0xc0a9e8b3	0x3a	0x3a
1992	0x787fe407836d	310	0xb8556	0x310ef0	0x311163	+0x273	dispatch	0xcdac7	169	0x9af18	0x1e8	0x162	0x154	0xf7c	0x99	0x92e7	e801620154017c0f9900e792dc1375ac08b602e801bf8c2f019289f5a0fa7e69	prefix_32_of_627	0x14100010	0xc83095f0	0x3f0612b2	0x400110fe	+0xfafe4c	0x3a	0x3a
1993	0x787fe407836d	169	0x9af18	0x311163	0x3113a5	+0x242	dispatch	0xcdac7	169	0x9af18	0xa5	0x1e8	0x10c	0x1c4a	0x67ae	0x6b6	a500e8010c014a1cae67b6063aa56428d9e80129f1186774139007d64940f679	prefix_32_of_578	0xc83095f0	0x7adeff2e	0x400110fe	0x78de0800	+0x38dcf702	0x3a	0x3a
1994	0x787fe407836d	169	0x9af18	0x3113a5	0x3115e7	+0x242	dispatch	0xcdac7	310	0xb8556	0x162	0x1e8	0xbd	0x99	0xe914	0x26e8	6201e801bd00990014e9e826ba56639900de34e8017709ab00041dab006485b4	prefix_32_of_578	0x7adeff2e	0x2948	0x78de0800	0x2948	-0x78dddeb8	0x3a	0x3a
1995	0x787fe407836d	310	0xb8556	0x3115e7	0x311829	+0x242	dispatch	0xcdac7	169	0x9af18	0x1e8	0xa5	0x9d	0xd56f	0x99	0xad8	e801a5009d006fd59900d80a53f58761012fcee8011603b240666e6e27e60d3a	prefix_32_of_578	0x2948	0x3acddfde	0x2948	0x585c5c02	+0x585c32ba	0x3a	0x3a
1996	0x787fe407836d	169	0x9af18	0x311829	0x311a6b	+0x242	dispatch	0xcdac7	169	0x9af18	0xab	0x1e8	0x151	0x94f0	0x99	0xfcec	ab00e8015101f0949900ecfc8b0cd809e4e80111f8d746656b7dce813884ab00	prefix_32_of_578	0x3acddfde	0xef1b287	0x585c5c02	0x69145f5a	+0x10b80358	0x3a	0x3a
1997	0x787fe407836d	169	0x9af18	0x311a6b	0x311cad	+0x242	dispatch	0xcdac7	310	0xb8556	0xa5	0x1e8	0x72	0x64cb	0xac8c	0x620	a500e8017200cb648cac200648efdaf5e0bf18e8015f2dab001a531a84d8ab00	prefix_32_of_578	0xef1b287	0x524c03c5	0x69145f5a	0x7df7dfda	+0x14e38080	0x3a	0x3a
1998	0x787fe407836d	310	0xb8556	0x311cad	0x311f69	+0x2bc	dispatch	0xcdac7	310	0xb8556	0x1e8	0xa5	0x10c	0x1c4a	0x6c86	0x7438	e801a5000c014a1c866c38749900ba703aa3e6e801859db8ec9f9147b7bebdaa	prefix_32_of_700	0x524c03c5	0x8e78f1da	0x7df7dfda	0xeb377ffe	+0x6d3fa024	0x3a	0x3a
1999	0x787fe407836d	310	0xb8556	0x311f69	0x31223a	+0x2d1	dispatch	0xcdac7	310	0xb8556	0x1e8	0xa5	0x14d	0xe523	0x99	0xe367	e801a5004d0123e5990067e332d17995c6459ee801880a70a4781ff2ff90977e	prefix_32_of_721	0x8e78f1da	0x8e4e0de5	0xeb377ffe	0x7bd7fefb	-0x6f5f8103	0x3a	0x3a
2000	0x787fe407836d	310	0xb8556	0x31223a	0x312464	+0x22a	dispatch	0xcdac7	169	0x9af18	0x1e8	0xab	0x151	0x9568	0x99	0xae47	e801ab0051016895990047ae9900f3a03a2e3ae801d80a443786cf06c648acd7	prefix_32_of_554	0x8e4e0de5	0x347541db	0x7bd7fefb	0x69945ffa	-0x12439f01	0x3a	0x3a
2001	0x787fe407836d	169	0x9af18	0x312464	0x31268e	+0x22a	dispatch	0xcdac7	310	0xb8556	0xab	0x1e8	0x42	0x97f9	0x8b3a	0x99da	ab00e8014200f9973a8bda99009a299900e801e4734b803a09b993007451ab00	prefix_32_of_554	0x347541db	0x5675bb90	0x69945ffa	0xffc76ef9	+0x96330eff	0x3a	0x3a
2002	0x787fe407836d	310	0xb8556	0x31268e	0x312868	+0x1da	dispatch	0xcdac7	169	0x9af18	0x1e8	0x162	0x10c	0x1c4a	0x6576	0x4392	e80162010c014a1c76659243358b8809c82954e8014c0cab0058019c10f7f483	prefix_32_of_474	0x5675bb90	0x221c12	0xffc76ef9	0x3f06a742	-0xc0c0c7b7	0x3a	0x3a
2003	0x787fe407836d	169	0x9af18	0x312868	0x312aee	+0x286	dispatch	0xcdac7	169	0x9af18	0xab	0x1e8	0x12	0x5e8	0xae3a	0xb4a5	ab00e8011200e8053aaea5b4a2606756d86000e801d80a90778a7301aa4f8cd8	prefix_32_of_646	0x221c12	0x8e3c0ca2	0x3f06a742	0x6f95fefa	+0x308f57b8	0x3a	0x3a
2004	0x787fe407836d	169	0x9af18	0x312aee	0x312cd0	+0x1e2	dispatch	0xcdac7	169	0x9af18	0x162	0x1e8	0x9d	0xd4ff	0x99	0x3810	6201e8019d00ffd499001038377504acaadc9ee80188acfa117cde3f9f9f57fa	prefix_32_of_482	0x8e3c0ca2	0xfbf79ddb	0x6f95fefa	0xf9f3eb74	+0x8a5dec7a	0x3a	0x3a
2005	0x787fe407836d	169	0x9af18	0x312cd0	0x312f26	+0x256	dispatch	0xcdac7	310	0xb8556	0x162	0x1e8	0xbd	0x99	0xe964	0x860	6201e801bd00990064e96008f0890e712b581de8014b1ac6d48406bceffeed89	prefix_32_of_598	0xfbf79ddb	0x4b8eb2de	0xf9f3eb74	0x7b1c5e5e	-0x7ed78d16	0x3a	0x3a
2006	0x787fe407836d	310	0xb8556	0x312f26	0x313169	+0x243	dispatch	0xcdac7	310	0xb8556	0x1e8	0x162	0xb9	0xa483	0x543a	0xcd68	e8016201b90083a43a5468cdd0817305599acde80104b48b0ce80544a5607c99	prefix_32_of_579	0x4b8eb2de	0x7afe7fef	0x7b1c5e5e	0x727e02a8	-0x89e5bb6	0x3a	0x3a
2007	0x787fe407836d	310	0xb8556	0x313169	0x31334b	+0x1e2	dispatch	0xcdac7	169	0x9af18	0x1e8	0xa5	0x151	0x99e0	0x99	0x2580	e801a5005101e09999008025faf2b3bb03cc5ae801979b477a218516bad00004	prefix_32_of_482	0x7afe7fef	0xce4d8465	0x727e02a8	0x7f3e7f7b	+0xcc07cd3	0x3a	0x3a
2008	0x787fe407836d	169	0x9af18	0x31334b	0x3135b9	+0x26e	dispatch	0xcdac7	169	0x9af18	0xa5	0x1e8	0x40	0xa81d	0x99	0x620	a500e80140001da899002006e89ff41597541ce801ab9e2ac633af3ada4c1da9	prefix_32_of_622	0xce4d8465	0xc917a90d	0x7f3e7f7b	0xc917a90d	+0x49d92992	0x3a	0x3a
2009	0x787fe407836d	169	0x9af18	0x3135b9	0x3137fc	+0x243	dispatch	0xcdac7	310	0xb8556	0x162	0x1e8	0x40	0xa2bd	0x99	0x1b17	6201e8014000bda29900171bab6f0801d4e8014ab2d76ef4e32006be862314d7	prefix_32_of_579	0xc917a90d	0x8df97560	0xc917a90d	0x694cb90f	-0x5fcaeffe	0x3a	0x3a
2010	0x787fe407836d	310	0xb8556	0x3137fc	0x3139de	+0x1e2	dispatch	0xcdac7	310	0xb8556	0x1e8	0x162	0xa8	0x99	0xd0ce	0x339a	e8016201a8009900ced09a331c968809df4913e8013e1db47be2ab00a9a94eef	prefix_32_of_482	0x8df97560	0x4a612e32	0x694cb90f	0x5f8f8af3	-0x9bd2e1c	0x3a	0x3a
2011	0x787fe407836d	310	0xb8556	0x3139de	0x313c4c	+0x26e	dispatch	0xcdac7	169	0x9af18	0x1e8	0xa5	0x154	0x12ac	0x99	0x6160	e801a5005401ac12990060615dd8ca85aa86fae801e80522b455bce3a77dd306	prefix_32_of_622	0x4a612e32	0x8f70318b	0x5f8f8af3	0xfbfb8b3c	+0x9c6c0049	0x3a	0x3a
2012	0x787fe407836d	169	0x9af18	0x313c4c	0x313e8f	+0x243	dispatch	0xcdac7	169	0x9af18	0xab	0x1e8	0x14d	0xe973	0x99	0xe987	ab00e8014d0173e9990087e926178cfb71d638e8010b62f5e882fa050f99789a	prefix_32_of_579	0x8f70318b	0xfed1df96	0xfbfb8b3c	0x58a4dcd6	-0xa356ae66	0x3a	0x3a
2013	0x787fe407836d	169	0x9af18	0x313e8f	0x314071	+0x1e2	dispatch	0xcdac7	169	0x9af18	0x162	0x1e8	0x9d	0xd4ff	0x99	0x3390	6201e8019d00ffd49900903337b623a8e5df73e8019798477690393ef22f9bcb	prefix_32_of_482	0xfed1df96	0x4ac60206	0x58a4dcd6	0x5ee7d2fb	+0x642f625	0x3a	0x3a
2014	0x787fe407836d	169	0x9af18	0x314071	0x3142df	+0x26e	dispatch	0xcdac7	310	0xb8556	0x162	0x1e8	0xa8	0x99	0xd4b6	0x9fd6	6201e801a8009900b6d4d69fbcef4e5f09e8011cb697d66ed299928e413a85b4	prefix_32_of_622	0x4ac60206	0x861eb185	0x5ee7d2fb	0xdf95e7f4	+0x80ae14f9	0x3a	0x3a
2015	0x787fe407836d	310	0xb8556	0x3142df	0x314522	+0x243	dispatch	0xcdac7	310	0xb8556	0x1e8	0xab	0xd7	0xa88	0xd888	0x227d	e801ab00d700880a88d87d220b07a29900b00ee801c9569798eedb0f85a424a2	prefix_32_of_579	0x861eb185	0x34a042ea	0xdf95e7f4	0x3ce04eeb	-0xa2b59909	0x3a	0x3a
2016	0x787fe407836d	310	0xb8556	0x314522	0x314704	+0x1e2	dispatch	0xcdac7	310	0xb8556	0x1e8	0x162	0xcb	0x9a07	0x7635	0x1ca1	e8016201cb00079a3576a11c1587d000e463e6e801744fab006005408141e30a	prefix_32_of_482	0x34a042ea	0xfcdeff37	0x3ce04eeb	0xfcd60600	+0xbff5b715	0x3a	0x3a
2017	0x787fe407836d	310	0xb8556	0x314704	0x314972	+0x26e	dispatch	0xcdac7	169	0x9af18	0x1e8	0x162	0x133	0x553a	0xc4b4	0x9913	e801620133013a55b4c41399000f9926d6e801b4c893293a145770293fba3bd7	prefix_32_of_622	0xfcdeff37	0xf8eeff37	0xfcd60600	0xf8e60910	-0x3effcf0	0x3a	0x3a
2018	0x787fe407836d	169	0x9af18	0x314972	0x314bb5	+0x243	dispatch	0xcdac7	310	0xb8556	0xab	0x1e8	0x133	0xd3a	0x17b0	0x3590	ab00e80133013a0db017903576da52830d9d9ee801174b3aac16ab007e67bbcf	prefix_32_of_579	0xf8eeff37	0x62662dfb	0xf8e60910	0xbffcca14	-0x38e93efc	0x3a	0x3a
2019	0x787fe407836d	310	0xb8556	0x314bb5	0x314d97	+0x1e2	dispatch	0xcdac7	169	0x9af18	0x1e8	0xa5	0x154	0xec4	0x99	0xdaa	e801a5005401c40e9900aa0d3e77f80828c29ae801209b1de1b283cc41d0003c	prefix_32_of_482	0x62662dfb	0xfadf7f2d	0xbffcca14	0xf21b0800	+0x321e3dec	0x3a	0x3a
2020	0x787fe407836d	169	0x9af18	0x314d97	0x315005	+0x26e	dispatch	0xcdac7	310	0xb8556	0x162	0x1e8	0x154	0x1334	0x99	0x1060	6201e80154013413990060103a1468c6d70e38e801880ac47c15400b7ef3eb03	prefix_32_of_622	0xfadf7f2d	0xe34473c6	0xf21b0800	0xe74477c6	-0xad6903a	0x3a	0x3a
2021	0x787fe407836d	310	0xb8556	0x315005	0x31522f	+0x22a	dispatch	0xcdac7	310	0xb8556	0x1e8	0xab	0x2b	0x7ded	0x99	0x9d3a	e801ab002b00ed7d99003a9daf99001ceee5a3e801abfa76d8093db434706b58	prefix_32_of_554	0xe34473c6	0x69b0303a	0xe74477c6	0x69145e5a	-0x7e30196c	0x3a	0x3a
2022	0x787fe407836d	310	0xb8556	0x31522f	0x315486	+0x257	dispatch	0xcdac7	169	0x9af18	0x1e8	0xab	0xc7	0x4f47	0x2c3a	0xae89	e801ab00c700474f3a2c89ae01349650eb981ae801bbffdce71f77f3025db1c8	prefix_32_of_599	0x69b0303a	0x841ab3c5	0x69145e5a	0x841ab3c5	+0x1b06556b	0x3a	0x3a
2023	0x787fe407836d	169	0x9af18	0x315486	0x3156ca	+0x244	dispatch	0xcdac7	169	0x9af18	0xa5	0x1e8	0x12	0x620	0xdc3a	0xfca3	a500e801120020063adca3fce00d85dd41f69ae801e0a76a83e8bb0003922025	prefix_32_of_580	0x841ab3c5	0xf613f930	0x841ab3c5	0x3ffce85e	-0x441dcb67	0x3a	0x3a
2024	0x787fe407836d	169	0x9af18	0x3156ca	0x315969	+0x29f	dispatch	0xcdac7	169	0x9af18	0xab	0x1e8	0x9d	0xcf07	0x99	0xf9a4	ab00e8019d0007cf9900a4f90133438c86ac48e801f3e7ab00737721d5bfd52a	prefix_32_of_671	0xf613f930	0x2ab32381	0x3ffce85e	0x2af72783	-0x1505c0db	0x3a	0x3a
2025	0x787fe407836d	169	0x9af18	0x315969	0x315bbf	+0x256	dispatch	0xcdac7	169	0x9af18	0xab	0x1e8	0x129	0x1e31	0x8ee1	0x6ea2	ab00e8012901311ee18ea26eeb88cf9ecf06bee8010aaba3094961d69865e9dc	prefix_32_of_598	0x2ab32381	0x6e5d9892	0x2af72783	0x4000d60c	+0x1509ae89	0x3a	0x3a
2026	0x787fe407836d	169	0x9af18	0x315bbf	0x310ca5	-0x4f1a	dispatch	0xcdac7	310	0xb8556	0xab	0x1e8	0x10c	0x1c4a	0x63e6	0x5af	ab00e8010c014a1ce663af053cd2e4092be80199f5de2fb4dd1429a30a54917a	backedge_sample	0x6e5d9892	0x148226cc	0x4000d60c	0xffaffb65	+0xbfaf2559	0x3a	0x3a
2027	0x787fe407836d	310	0xb8556	0x310ca5	0x310ef0	+0x24b	dispatch	0xcdac7	310	0xb8556	0x1e8	0xa5	0xcb	0x9ebf	0x7635	0x390	e801a500cb00bf9e35769003042ba8fcee6d9ce801f7d8ab009003dc5941168f	prefix_32_of_587	0x148226cc	0x14100010	0xffaffb65	0x3f0612b2	-0xc0a9e8b3	0x3a	0x3a
2028	0x787fe407836d	310	0xb8556	0x310ef0	0x311163	+0x273	dispatch	0xcdac7	169	0x9af18	0x1e8	0x162	0x154	0xf7c	0x99	0x92e7	e801620154017c0f9900e792dc1375ac08b602e801bf8c2f019289f5a0fa7e69	prefix_32_of_627	0x14100010	0xc83095f0	0x3f0612b2	0x400110fe	+0xfafe4c	0x3a	0x3a
2029	0x787fe407836d	169	0x9af18	0x311163	0x3113a5	+0x242	dispatch	0xcdac7	169	0x9af18	0xa5	0x1e8	0x10c	0x1c4a	0x67ae	0x6b6	a500e8010c014a1cae67b6063aa56428d9e80129f1186774139007d64940f679	prefix_32_of_578	0xc83095f0	0x7adeff2e	0x400110fe	0x78de0800	+0x38dcf702	0x3a	0x3a
2030	0x787fe407836d	169	0x9af18	0x3113a5	0x3115e7	+0x242	dispatch	0xcdac7	310	0xb8556	0x162	0x1e8	0xbd	0x99	0xe914	0x26e8	6201e801bd00990014e9e826ba56639900de34e8017709ab00041dab006485b4	prefix_32_of_578	0x7adeff2e	0x2948	0x78de0800	0x2948	-0x78dddeb8	0x3a	0x3a
2031	0x787fe407836d	310	0xb8556	0x3115e7	0x311829	+0x242	dispatch	0xcdac7	169	0x9af18	0x1e8	0xa5	0x9d	0xd56f	0x99	0xad8	e801a5009d006fd59900d80a53f58761012fcee8011603b240666e6e27e60d3a	prefix_32_of_578	0x2948	0x3acddfde	0x2948	0x585c5c02	+0x585c32ba	0x3a	0x3a
2032	0x787fe407836d	169	0x9af18	0x311829	0x311a6b	+0x242	dispatch	0xcdac7	169	0x9af18	0xab	0x1e8	0x151	0x94f0	0x99	0xfcec	ab00e8015101f0949900ecfc8b0cd809e4e80111f8d746656b7dce813884ab00	prefix_32_of_578	0x3acddfde	0xef1b287	0x585c5c02	0x69145f5a	+0x10b80358	0x3a	0x3a
2033	0x787fe407836d	169	0x9af18	0x311a6b	0x311cad	+0x242	dispatch	0xcdac7	310	0xb8556	0xa5	0x1e8	0x72	0x64cb	0xac8c	0x620	a500e8017200cb648cac200648efdaf5e0bf18e8015f2dab001a531a84d8ab00	prefix_32_of_578	0xef1b287	0x524c03c5	0x69145f5a	0x7df7dfda	+0x14e38080	0x3a	0x3a
2034	0x787fe407836d	310	0xb8556	0x311cad	0x311f69	+0x2bc	dispatch	0xcdac7	310	0xb8556	0x1e8	0xa5	0x10c	0x1c4a	0x6c86	0x7438	e801a5000c014a1c866c38749900ba703aa3e6e801859db8ec9f9147b7bebdaa	prefix_32_of_700	0x524c03c5	0x8e78f1da	0x7df7dfda	0xeb377ffe	+0x6d3fa024	0x3a	0x3a
2035	0x787fe407836d	310	0xb8556	0x311f69	0x31223a	+0x2d1	dispatch	0xcdac7	310	0xb8556	0x1e8	0xa5	0x14d	0xe523	0x99	0xe367	e801a5004d0123e5990067e332d17995c6459ee801880a70a4781ff2ff90977e	prefix_32_of_721	0x8e78f1da	0x8e4e0de5	0xeb377ffe	0x7bd7fefb	-0x6f5f8103	0x3a	0x3a
2036	0x787fe407836d	310	0xb8556	0x31223a	0x312464	+0x22a	dispatch	0xcdac7	169	0x9af18	0x1e8	0xab	0x151	0x9568	0x99	0xae47	e801ab0051016895990047ae9900f3a03a2e3ae801d80a443786cf06c648acd7	prefix_32_of_554	0x8e4e0de5	0x347541db	0x7bd7fefb	0x69945ffa	-0x12439f01	0x3a	0x3a
2037	0x787fe407836d	169	0x9af18	0x312464	0x31268e	+0x22a	dispatch	0xcdac7	310	0xb8556	0xab	0x1e8	0x42	0x97f9	0x8b3a	0x99da	ab00e8014200f9973a8bda99009a299900e801e4734b803a09b993007451ab00	prefix_32_of_554	0x347541db	0x5675bb90	0x69945ffa	0xffc76ef9	+0x96330eff	0x3a	0x3a
2038	0x787fe407836d	310	0xb8556	0x31268e	0x312868	+0x1da	dispatch	0xcdac7	169	0x9af18	0x1e8	0x162	0x10c	0x1c4a	0x6576	0x4392	e80162010c014a1c76659243358b8809c82954e8014c0cab0058019c10f7f483	prefix_32_of_474	0x5675bb90	0x221c12	0xffc76ef9	0x3f06a742	-0xc0c0c7b7	0x3a	0x3a
2039	0x787fe407836d	169	0x9af18	0x312868	0x312aee	+0x286	dispatch	0xcdac7	169	0x9af18	0xab	0x1e8	0x12	0x5e8	0xae3a	0xb4a5	ab00e8011200e8053aaea5b4a2606756d86000e801d80a90778a7301aa4f8cd8	prefix_32_of_646	0x221c12	0x8e3c0ca2	0x3f06a742	0x6f95fefa	+0x308f57b8	0x3a	0x3a
2040	0x787fe407836d	169	0x9af18	0x312aee	0x312cd0	+0x1e2	dispatch	0xcdac7	169	0x9af18	0x162	0x1e8	0x9d	0xd4ff	0x99	0x3810	6201e8019d00ffd499001038377504acaadc9ee80188acfa117cde3f9f9f57fa	prefix_32_of_482	0x8e3c0ca2	0xfbf79ddb	0x6f95fefa	0xf9f3eb74	+0x8a5dec7a	0x3a	0x3a
2041	0x787fe407836d	169	0x9af18	0x312cd0	0x312f26	+0x256	dispatch	0xcdac7	310	0xb8556	0x162	0x1e8	0xbd	0x99	0xe964	0x860	6201e801bd00990064e96008f0890e712b581de8014b1ac6d48406bceffeed89	prefix_32_of_598	0xfbf79ddb	0x4b8eb2de	0xf9f3eb74	0x7b1c5e5e	-0x7ed78d16	0x3a	0x3a
2042	0x787fe407836d	310	0xb8556	0x312f26	0x313169	+0x243	dispatch	0xcdac7	310	0xb8556	0x1e8	0x162	0xb9	0xa483	0x543a	0xcd68	e8016201b90083a43a5468cdd0817305599acde80104b48b0ce80544a5607c99	prefix_32_of_579	0x4b8eb2de	0x7afe7fef	0x7b1c5e5e	0x727e02a8	-0x89e5bb6	0x3a	0x3a
2043	0x787fe407836d	310	0xb8556	0x313169	0x31334b	+0x1e2	dispatch	0xcdac7	169	0x9af18	0x1e8	0xa5	0x151	0x99e0	0x99	0x2580	e801a5005101e09999008025faf2b3bb03cc5ae801979b477a218516bad00004	prefix_32_of_482	0x7afe7fef	0xce4d8465	0x727e02a8	0x7f3e7f7b	+0xcc07cd3	0x3a	0x3a
2044	0x787fe407836d	169	0x9af18	0x31334b	0x3135b9	+0x26e	dispatch	0xcdac7	169	0x9af18	0xa5	0x1e8	0x40	0xa81d	0x99	0x620	a500e80140001da899002006e89ff41597541ce801ab9e2ac633af3ada4c1da9	prefix_32_of_622	0xce4d8465	0xc917a90d	0x7f3e7f7b	0xc917a90d	+0x49d92992	0x3a	0x3a
2045	0x787fe407836d	169	0x9af18	0x3135b9	0x3137fc	+0x243	dispatch	0xcdac7	310	0xb8556	0x162	0x1e8	0x40	0xa2bd	0x99	0x1b17	6201e8014000bda29900171bab6f0801d4e8014ab2d76ef4e32006be862314d7	prefix_32_of_579	0xc917a90d	0x8df97560	0xc917a90d	0x694cb90f	-0x5fcaeffe	0x3a	0x3a
2046	0x787fe407836d	310	0xb8556	0x3137fc	0x3139de	+0x1e2	dispatch	0xcdac7	310	0xb8556	0x1e8	0x162	0xa8	0x99	0xd0ce	0x339a	e8016201a8009900ced09a331c968809df4913e8013e1db47be2ab00a9a94eef	prefix_32_of_482	0x8df97560	0x4a612e32	0x694cb90f	0x5f8f8af3	-0x9bd2e1c	0x3a	0x3a
2047	0x787fe407836d	310	0xb8556	0x3139de	0x313c4c	+0x26e	dispatch	0xcdac7	169	0x9af18	0x1e8	0xa5	0x154	0x12ac	0x99	0x6160	e801a5005401ac12990060615dd8ca85aa86fae801e80522b455bce3a77dd306	prefix_32_of_622	0x4a612e32	0x8f70318b	0x5f8f8af3	0xfbfb8b3c	+0x9c6c0049	0x3a	0x3a
2048	0x787fe407836d	169	0x9af18	0x313c4c	0x313e8f	+0x243	dispatch	0xcdac7	169	0x9af18	0xab	0x1e8	0x14d	0xe973	0x99	0xe987	ab00e8014d0173e9990087e926178cfb71d638e8010b62f5e882fa050f99789a	prefix_32_of_579	0x8f70318b	0xfed1df96	0xfbfb8b3c	0x58a4dcd6	-0xa356ae66	0x3a	0x3a
2049	0x787fe407836d	169	0x9af18	0x313e8f	0x314071	+0x1e2	dispatch	0xcdac7	169	0x9af18	0x162	0x1e8	0x9d	0xd4ff	0x99	0x3390	6201e8019d00ffd49900903337b623a8e5df73e8019798477690393ef22f9bcb	prefix_32_of_482	0xfed1df96	0x4ac60206	0x58a4dcd6	0x5ee7d2fb	+0x642f625	0x3a	0x3a
2050	0x787fe407836d	169	0x9af18	0x314071	0x3142df	+0x26e	dispatch	0xcdac7	310	0xb8556	0x162	0x1e8	0xa8	0x99	0xd4b6	0x9fd6	6201e801a8009900b6d4d69fbcef4e5f09e8011cb697d66ed299928e413a85b4	prefix_32_of_622	0x4ac60206	0x861eb185	0x5ee7d2fb	0xdf95e7f4	+0x80ae14f9	0x3a	0x3a
2051	0x787fe407836d	310	0xb8556	0x3142df	0x314522	+0x243	dispatch	0xcdac7	310	0xb8556	0x1e8	0xab	0xd7	0xa88	0xd888	0x227d	e801ab00d700880a88d87d220b07a29900b00ee801c9569798eedb0f85a424a2	prefix_32_of_579	0x861eb185	0x34a042ea	0xdf95e7f4	0x3ce04eeb	-0xa2b59909	0x3a	0x3a
2052	0x787fe407836d	310	0xb8556	0x314522	0x314704	+0x1e2	dispatch	0xcdac7	310	0xb8556	0x1e8	0x162	0xcb	0x9a07	0x7635	0x1ca1	e8016201cb00079a3576a11c1587d000e463e6e801744fab006005408141e30a	prefix_32_of_482	0x34a042ea	0xfcdeff37	0x3ce04eeb	0xfcd60600	+0xbff5b715	0x3a	0x3a
2053	0x787fe407836d	310	0xb8556	0x314704	0x314972	+0x26e	dispatch	0xcdac7	169	0x9af18	0x1e8	0x162	0x133	0x553a	0xc4b4	0x9913	e801620133013a55b4c41399000f9926d6e801b4c893293a145770293fba3bd7	prefix_32_of_622	0xfcdeff37	0xf8eeff37	0xfcd60600	0xf8e60910	-0x3effcf0	0x3a	0x3a
2054	0x787fe407836d	169	0x9af18	0x314972	0x314bb5	+0x243	dispatch	0xcdac7	310	0xb8556	0xab	0x1e8	0x133	0xd3a	0x17b0	0x3590	ab00e80133013a0db017903576da52830d9d9ee801174b3aac16ab007e67bbcf	prefix_32_of_579	0xf8eeff37	0x62662dfb	0xf8e60910	0xbffcca14	-0x38e93efc	0x3a	0x3a
2055	0x787fe407836d	310	0xb8556	0x314bb5	0x314d97	+0x1e2	dispatch	0xcdac7	169	0x9af18	0x1e8	0xa5	0x154	0xec4	0x99	0xdaa	e801a5005401c40e9900aa0d3e77f80828c29ae801209b1de1b283cc41d0003c	prefix_32_of_482	0x62662dfb	0xfadf7f2d	0xbffcca14	0xf21b0800	+0x321e3dec	0x3a	0x3a
2056	0x787fe407836d	169	0x9af18	0x314d97	0x315005	+0x26e	dispatch	0xcdac7	310	0xb8556	0x162	0x1e8	0x154	0x1334	0x99	0x1060	6201e80154013413990060103a1468c6d70e38e801880ac47c15400b7ef3eb03	prefix_32_of_622	0xfadf7f2d	0xe34473c6	0xf21b0800	0xe74477c6	-0xad6903a	0x3a	0x3a
2057	0x787fe407836d	310	0xb8556	0x315005	0x31522f	+0x22a	dispatch	0xcdac7	310	0xb8556	0x1e8	0xab	0x2b	0x7ded	0x99	0x9d3a	e801ab002b00ed7d99003a9daf99001ceee5a3e801abfa76d8093db434706b58	prefix_32_of_554	0xe34473c6	0x69b0303a	0xe74477c6	0x69145e5a	-0x7e30196c	0x3a	0x3a
2058	0x787fe407836d	310	0xb8556	0x31522f	0x315486	+0x257	dispatch	0xcdac7	169	0x9af18	0x1e8	0xab	0xc7	0x4f47	0x2c3a	0xae89	e801ab00c700474f3a2c89ae01349650eb981ae801bbffdce71f77f3025db1c8	prefix_32_of_599	0x69b0303a	0x841ab3c5	0x69145e5a	0x841ab3c5	+0x1b06556b	0x3a	0x3a
2059	0x787fe407836d	169	0x9af18	0x315486	0x3156ca	+0x244	dispatch	0xcdac7	169	0x9af18	0xa5	0x1e8	0x12	0x620	0xdc3a	0xfca3	a500e801120020063adca3fce00d85dd41f69ae801e0a76a83e8bb0003922025	prefix_32_of_580	0x841ab3c5	0xf613f930	0x841ab3c5	0x3ffce85e	-0x441dcb67	0x3a	0x3a
2060	0x787fe407836d	169	0x9af18	0x3156ca	0x315969	+0x29f	dispatch	0xcdac7	169	0x9af18	0xab	0x1e8	0x9d	0xcf07	0x99	0xf9a4	ab00e8019d0007cf9900a4f90133438c86ac48e801f3e7ab00737721d5bfd52a	prefix_32_of_671	0xf613f930	0x2ab32381	0x3ffce85e	0x2af72783	-0x1505c0db	0x3a	0x3a
2061	0x787fe407836d	169	0x9af18	0x315969	0x315bbf	+0x256	dispatch	0xcdac7	169	0x9af18	0xab	0x1e8	0x129	0x1e31	0x8ee1	0x6ea2	ab00e8012901311ee18ea26eeb88cf9ecf06bee8010aaba3094961d69865e9dc	prefix_32_of_598	0x2ab32381	0x6e5d9892	0x2af72783	0x4000d60c	+0x1509ae89	0x3a	0x3a
2062	0x787fe407836d	169	0x9af18	0x315bbf	0x310ca5	-0x4f1a	dispatch	0xcdac7	310	0xb8556	0xab	0x1e8	0x10c	0x1c4a	0x63e6	0x5af	ab00e8010c014a1ce663af053cd2e4092be80199f5de2fb4dd1429a30a54917a	backedge_sample	0x6e5d9892	0x148226cc	0x4000d60c	0xffaffb65	+0xbfaf2559	0x3a	0x3a
2063	0x787fe407836d	310	0xb8556	0x310ca5	0x310ef0	+0x24b	dispatch	0xcdac7	310	0xb8556	0x1e8	0xa5	0xcb	0x9ebf	0x7635	0x390	e801a500cb00bf9e35769003042ba8fcee6d9ce801f7d8ab009003dc5941168f	prefix_32_of_587	0x148226cc	0x14100010	0xffaffb65	0x3f0612b2	-0xc0a9e8b3	0x3a	0x3a
2064	0x787fe407836d	310	0xb8556	0x310ef0	0x311163	+0x273	dispatch	0xcdac7	169	0x9af18	0x1e8	0x162	0x154	0xf7c	0x99	0x92e7	e801620154017c0f9900e792dc1375ac08b602e801bf8c2f019289f5a0fa7e69	prefix_32_of_627	0x14100010	0xc83095f0	0x3f0612b2	0x400110fe	+0xfafe4c	0x3a	0x3a
2065	0x787fe407836d	169	0x9af18	0x311163	0x3113a5	+0x242	dispatch	0xcdac7	169	0x9af18	0xa5	0x1e8	0x10c	0x1c4a	0x67ae	0x6b6	a500e8010c014a1cae67b6063aa56428d9e80129f1186774139007d64940f679	prefix_32_of_578	0xc83095f0	0x7adeff2e	0x400110fe	0x78de0800	+0x38dcf702	0x3a	0x3a
2066	0x787fe407836d	169	0x9af18	0x3113a5	0x3115e7	+0x242	dispatch	0xcdac7	310	0xb8556	0x162	0x1e8	0xbd	0x99	0xe914	0x26e8	6201e801bd00990014e9e826ba56639900de34e8017709ab00041dab006485b4	prefix_32_of_578	0x7adeff2e	0x2948	0x78de0800	0x2948	-0x78dddeb8	0x3a	0x3a
2067	0x787fe407836d	310	0xb8556	0x3115e7	0x311829	+0x242	dispatch	0xcdac7	169	0x9af18	0x1e8	0xa5	0x9d	0xd56f	0x99	0xad8	e801a5009d006fd59900d80a53f58761012fcee8011603b240666e6e27e60d3a	prefix_32_of_578	0x2948	0x3acddfde	0x2948	0x585c5c02	+0x585c32ba	0x3a	0x3a
2068	0x787fe407836d	169	0x9af18	0x311829	0x311a6b	+0x242	dispatch	0xcdac7	169	0x9af18	0xab	0x1e8	0x151	0x94f0	0x99	0xfcec	ab00e8015101f0949900ecfc8b0cd809e4e80111f8d746656b7dce813884ab00	prefix_32_of_578	0x3acddfde	0xef1b287	0x585c5c02	0x69145f5a	+0x10b80358	0x3a	0x3a
2069	0x787fe407836d	169	0x9af18	0x311a6b	0x311cad	+0x242	dispatch	0xcdac7	310	0xb8556	0xa5	0x1e8	0x72	0x64cb	0xac8c	0x620	a500e8017200cb648cac200648efdaf5e0bf18e8015f2dab001a531a84d8ab00	prefix_32_of_578	0xef1b287	0x524c03c5	0x69145f5a	0x7df7dfda	+0x14e38080	0x3a	0x3a
2070	0x787fe407836d	310	0xb8556	0x311cad	0x311f69	+0x2bc	dispatch	0xcdac7	310	0xb8556	0x1e8	0xa5	0x10c	0x1c4a	0x6c86	0x7438	e801a5000c014a1c866c38749900ba703aa3e6e801859db8ec9f9147b7bebdaa	prefix_32_of_700	0x524c03c5	0x8e78f1da	0x7df7dfda	0xeb377ffe	+0x6d3fa024	0x3a	0x3a
2071	0x787fe407836d	310	0xb8556	0x311f69	0x31223a	+0x2d1	dispatch	0xcdac7	310	0xb8556	0x1e8	0xa5	0x14d	0xe523	0x99	0xe367	e801a5004d0123e5990067e332d17995c6459ee801880a70a4781ff2ff90977e	prefix_32_of_721	0x8e78f1da	0x8e4e0de5	0xeb377ffe	0x7bd7fefb	-0x6f5f8103	0x3a	0x3a
2072	0x787fe407836d	310	0xb8556	0x31223a	0x312464	+0x22a	dispatch	0xcdac7	169	0x9af18	0x1e8	0xab	0x151	0x9568	0x99	0xae47	e801ab0051016895990047ae9900f3a03a2e3ae801d80a443786cf06c648acd7	prefix_32_of_554	0x8e4e0de5	0x347541db	0x7bd7fefb	0x69945ffa	-0x12439f01	0x3a	0x3a
2073	0x787fe407836d	169	0x9af18	0x312464	0x31268e	+0x22a	dispatch	0xcdac7	310	0xb8556	0xab	0x1e8	0x42	0x97f9	0x8b3a	0x99da	ab00e8014200f9973a8bda99009a299900e801e4734b803a09b993007451ab00	prefix_32_of_554	0x347541db	0x5675bb90	0x69945ffa	0xffc76ef9	+0x96330eff	0x3a	0x3a
2074	0x787fe407836d	310	0xb8556	0x31268e	0x312868	+0x1da	dispatch	0xcdac7	169	0x9af18	0x1e8	0x162	0x10c	0x1c4a	0x6576	0x4392	e80162010c014a1c76659243358b8809c82954e8014c0cab0058019c10f7f483	prefix_32_of_474	0x5675bb90	0x221c12	0xffc76ef9	0x3f06a742	-0xc0c0c7b7	0x3a	0x3a
2075	0x787fe407836d	169	0x9af18	0x312868	0x312aee	+0x286	dispatch	0xcdac7	169	0x9af18	0xab	0x1e8	0x12	0x5e8	0xae3a	0xb4a5	ab00e8011200e8053aaea5b4a2606756d86000e801d80a90778a7301aa4f8cd8	prefix_32_of_646	0x221c12	0x8e3c0ca2	0x3f06a742	0x6f95fefa	+0x308f57b8	0x3a	0x3a
2076	0x787fe407836d	169	0x9af18	0x312aee	0x312cd0	+0x1e2	dispatch	0xcdac7	169	0x9af18	0x162	0x1e8	0x9d	0xd4ff	0x99	0x3810	6201e8019d00ffd499001038377504acaadc9ee80188acfa117cde3f9f9f57fa	prefix_32_of_482	0x8e3c0ca2	0xfbf79ddb	0x6f95fefa	0xf9f3eb74	+0x8a5dec7a	0x3a	0x3a
2077	0x787fe407836d	169	0x9af18	0x312cd0	0x312f26	+0x256	dispatch	0xcdac7	310	0xb8556	0x162	0x1e8	0xbd	0x99	0xe964	0x860	6201e801bd00990064e96008f0890e712b581de8014b1ac6d48406bceffeed89	prefix_32_of_598	0xfbf79ddb	0x4b8eb2de	0xf9f3eb74	0x7b1c5e5e	-0x7ed78d16	0x3a	0x3a
2078	0x787fe407836d	310	0xb8556	0x312f26	0x313169	+0x243	dispatch	0xcdac7	310	0xb8556	0x1e8	0x162	0xb9	0xa483	0x543a	0xcd68	e8016201b90083a43a5468cdd0817305599acde80104b48b0ce80544a5607c99	prefix_32_of_579	0x4b8eb2de	0x7afe7fef	0x7b1c5e5e	0x727e02a8	-0x89e5bb6	0x3a	0x3a
2079	0x787fe407836d	310	0xb8556	0x313169	0x31334b	+0x1e2	dispatch	0xcdac7	169	0x9af18	0x1e8	0xa5	0x151	0x99e0	0x99	0x2580	e801a5005101e09999008025faf2b3bb03cc5ae801979b477a218516bad00004	prefix_32_of_482	0x7afe7fef	0xce4d8465	0x727e02a8	0x7f3e7f7b	+0xcc07cd3	0x3a	0x3a
2080	0x787fe407836d	169	0x9af18	0x31334b	0x3135b9	+0x26e	dispatch	0xcdac7	169	0x9af18	0xa5	0x1e8	0x40	0xa81d	0x99	0x620	a500e80140001da899002006e89ff41597541ce801ab9e2ac633af3ada4c1da9	prefix_32_of_622	0xce4d8465	0xc917a90d	0x7f3e7f7b	0xc917a90d	+0x49d92992	0x3a	0x3a
2081	0x787fe407836d	169	0x9af18	0x3135b9	0x3137fc	+0x243	dispatch	0xcdac7	310	0xb8556	0x162	0x1e8	0x40	0xa2bd	0x99	0x1b17	6201e8014000bda29900171bab6f0801d4e8014ab2d76ef4e32006be862314d7	prefix_32_of_579	0xc917a90d	0x8df97560	0xc917a90d	0x694cb90f	-0x5fcaeffe	0x3a	0x3a
2082	0x787fe407836d	310	0xb8556	0x3137fc	0x3139de	+0x1e2	dispatch	0xcdac7	310	0xb8556	0x1e8	0x162	0xa8	0x99	0xd0ce	0x339a	e8016201a8009900ced09a331c968809df4913e8013e1db47be2ab00a9a94eef	prefix_32_of_482	0x8df97560	0x4a612e32	0x694cb90f	0x5f8f8af3	-0x9bd2e1c	0x3a	0x3a
2083	0x787fe407836d	310	0xb8556	0x3139de	0x313c4c	+0x26e	dispatch	0xcdac7	169	0x9af18	0x1e8	0xa5	0x154	0x12ac	0x99	0x6160	e801a5005401ac12990060615dd8ca85aa86fae801e80522b455bce3a77dd306	prefix_32_of_622	0x4a612e32	0x8f70318b	0x5f8f8af3	0xfbfb8b3c	+0x9c6c0049	0x3a	0x3a
2084	0x787fe407836d	169	0x9af18	0x313c4c	0x313e8f	+0x243	dispatch	0xcdac7	169	0x9af18	0xab	0x1e8	0x14d	0xe973	0x99	0xe987	ab00e8014d0173e9990087e926178cfb71d638e8010b62f5e882fa050f99789a	prefix_32_of_579	0x8f70318b	0xfed1df96	0xfbfb8b3c	0x58a4dcd6	-0xa356ae66	0x3a	0x3a
2085	0x787fe407836d	169	0x9af18	0x313e8f	0x314071	+0x1e2	dispatch	0xcdac7	169	0x9af18	0x162	0x1e8	0x9d	0xd4ff	0x99	0x3390	6201e8019d00ffd49900903337b623a8e5df73e8019798477690393ef22f9bcb	prefix_32_of_482	0xfed1df96	0x4ac60206	0x58a4dcd6	0x5ee7d2fb	+0x642f625	0x3a	0x3a
2086	0x787fe407836d	169	0x9af18	0x314071	0x3142df	+0x26e	dispatch	0xcdac7	310	0xb8556	0x162	0x1e8	0xa8	0x99	0xd4b6	0x9fd6	6201e801a8009900b6d4d69fbcef4e5f09e8011cb697d66ed299928e413a85b4	prefix_32_of_622	0x4ac60206	0x861eb185	0x5ee7d2fb	0xdf95e7f4	+0x80ae14f9	0x3a	0x3a
2087	0x787fe407836d	310	0xb8556	0x3142df	0x314522	+0x243	dispatch	0xcdac7	310	0xb8556	0x1e8	0xab	0xd7	0xa88	0xd888	0x227d	e801ab00d700880a88d87d220b07a29900b00ee801c9569798eedb0f85a424a2	prefix_32_of_579	0x861eb185	0x34a042ea	0xdf95e7f4	0x3ce04eeb	-0xa2b59909	0x3a	0x3a
2088	0x787fe407836d	310	0xb8556	0x314522	0x314704	+0x1e2	dispatch	0xcdac7	310	0xb8556	0x1e8	0x162	0xcb	0x9a07	0x7635	0x1ca1	e8016201cb00079a3576a11c1587d000e463e6e801744fab006005408141e30a	prefix_32_of_482	0x34a042ea	0xfcdeff37	0x3ce04eeb	0xfcd60600	+0xbff5b715	0x3a	0x3a
2089	0x787fe407836d	310	0xb8556	0x314704	0x314972	+0x26e	dispatch	0xcdac7	169	0x9af18	0x1e8	0x162	0x133	0x553a	0xc4b4	0x9913	e801620133013a55b4c41399000f9926d6e801b4c893293a145770293fba3bd7	prefix_32_of_622	0xfcdeff37	0xf8eeff37	0xfcd60600	0xf8e60910	-0x3effcf0	0x3a	0x3a
2090	0x787fe407836d	169	0x9af18	0x314972	0x314bb5	+0x243	dispatch	0xcdac7	310	0xb8556	0xab	0x1e8	0x133	0xd3a	0x17b0	0x3590	ab00e80133013a0db017903576da52830d9d9ee801174b3aac16ab007e67bbcf	prefix_32_of_579	0xf8eeff37	0x62662dfb	0xf8e60910	0xbffcca14	-0x38e93efc	0x3a	0x3a
2091	0x787fe407836d	310	0xb8556	0x314bb5	0x314d97	+0x1e2	dispatch	0xcdac7	169	0x9af18	0x1e8	0xa5	0x154	0xec4	0x99	0xdaa	e801a5005401c40e9900aa0d3e77f80828c29ae801209b1de1b283cc41d0003c	prefix_32_of_482	0x62662dfb	0xfadf7f2d	0xbffcca14	0xf21b0800	+0x321e3dec	0x3a	0x3a
2092	0x787fe407836d	169	0x9af18	0x314d97	0x315005	+0x26e	dispatch	0xcdac7	310	0xb8556	0x162	0x1e8	0x154	0x1334	0x99	0x1060	6201e80154013413990060103a1468c6d70e38e801880ac47c15400b7ef3eb03	prefix_32_of_622	0xfadf7f2d	0xe34473c6	0xf21b0800	0xe74477c6	-0xad6903a	0x3a	0x3a
2093	0x787fe407836d	310	0xb8556	0x315005	0x31522f	+0x22a	dispatch	0xcdac7	310	0xb8556	0x1e8	0xab	0x2b	0x7ded	0x99	0x9d3a	e801ab002b00ed7d99003a9daf99001ceee5a3e801abfa76d8093db434706b58	prefix_32_of_554	0xe34473c6	0x69b0303a	0xe74477c6	0x69145e5a	-0x7e30196c	0x3a	0x3a
2094	0x787fe407836d	310	0xb8556	0x31522f	0x315486	+0x257	dispatch	0xcdac7	169	0x9af18	0x1e8	0xab	0xc7	0x4f47	0x2c3a	0xae89	e801ab00c700474f3a2c89ae01349650eb981ae801bbffdce71f77f3025db1c8	prefix_32_of_599	0x69b0303a	0x841ab3c5	0x69145e5a	0x841ab3c5	+0x1b06556b	0x3a	0x3a
2095	0x787fe407836d	169	0x9af18	0x315486	0x3156ca	+0x244	dispatch	0xcdac7	169	0x9af18	0xa5	0x1e8	0x12	0x620	0xdc3a	0xfca3	a500e801120020063adca3fce00d85dd41f69ae801e0a76a83e8bb0003922025	prefix_32_of_580	0x841ab3c5	0xf613f930	0x841ab3c5	0x3ffce85e	-0x441dcb67	0x3a	0x3a
2096	0x787fe407836d	169	0x9af18	0x3156ca	0x315969	+0x29f	dispatch	0xcdac7	169	0x9af18	0xab	0x1e8	0x9d	0xcf07	0x99	0xf9a4	ab00e8019d0007cf9900a4f90133438c86ac48e801f3e7ab00737721d5bfd52a	prefix_32_of_671	0xf613f930	0x2ab32381	0x3ffce85e	0x2af72783	-0x1505c0db	0x3a	0x3a
2097	0x787fe407836d	169	0x9af18	0x315969	0x315bbf	+0x256	dispatch	0xcdac7	169	0x9af18	0xab	0x1e8	0x129	0x1e31	0x8ee1	0x6ea2	ab00e8012901311ee18ea26eeb88cf9ecf06bee8010aaba3094961d69865e9dc	prefix_32_of_598	0x2ab32381	0x6e5d9892	0x2af72783	0x4000d60c	+0x1509ae89	0x3a	0x3a
2098	0x787fe407836d	169	0x9af18	0x315bbf	0x310ca5	-0x4f1a	dispatch	0xcdac7	310	0xb8556	0xab	0x1e8	0x10c	0x1c4a	0x63e6	0x5af	ab00e8010c014a1ce663af053cd2e4092be80199f5de2fb4dd1429a30a54917a	backedge_sample	0x6e5d9892	0x148226cc	0x4000d60c	0xffaffb65	+0xbfaf2559	0x3a	0x3a
2099	0x787fe407836d	310	0xb8556	0x310ca5	0x310ef0	+0x24b	dispatch	0xcdac7	310	0xb8556	0x1e8	0xa5	0xcb	0x9ebf	0x7635	0x390	e801a500cb00bf9e35769003042ba8fcee6d9ce801f7d8ab009003dc5941168f	prefix_32_of_587	0x148226cc	0x14100010	0xffaffb65	0x3f0612b2	-0xc0a9e8b3	0x3a	0x3a
2100	0x787fe407836d	310	0xb8556	0x310ef0	0x311163	+0x273	dispatch	0xcdac7	169	0x9af18	0x1e8	0x162	0x154	0xf7c	0x99	0x92e7	e801620154017c0f9900e792dc1375ac08b602e801bf8c2f019289f5a0fa7e69	prefix_32_of_627	0x14100010	0xc83095f0	0x3f0612b2	0x400110fe	+0xfafe4c	0x3a	0x3a
2101	0x787fe407836d	169	0x9af18	0x311163	0x3113a5	+0x242	dispatch	0xcdac7	169	0x9af18	0xa5	0x1e8	0x10c	0x1c4a	0x67ae	0x6b6	a500e8010c014a1cae67b6063aa56428d9e80129f1186774139007d64940f679	prefix_32_of_578	0xc83095f0	0x7adeff2e	0x400110fe	0x78de0800	+0x38dcf702	0x3a	0x3a
2102	0x787fe407836d	169	0x9af18	0x3113a5	0x3115e7	+0x242	dispatch	0xcdac7	310	0xb8556	0x162	0x1e8	0xbd	0x99	0xe914	0x26e8	6201e801bd00990014e9e826ba56639900de34e8017709ab00041dab006485b4	prefix_32_of_578	0x7adeff2e	0x2948	0x78de0800	0x2948	-0x78dddeb8	0x3a	0x3a
2103	0x787fe407836d	310	0xb8556	0x3115e7	0x311829	+0x242	dispatch	0xcdac7	169	0x9af18	0x1e8	0xa5	0x9d	0xd56f	0x99	0xad8	e801a5009d006fd59900d80a53f58761012fcee8011603b240666e6e27e60d3a	prefix_32_of_578	0x2948	0x3acddfde	0x2948	0x585c5c02	+0x585c32ba	0x3a	0x3a
2104	0x787fe407836d	169	0x9af18	0x311829	0x311a6b	+0x242	dispatch	0xcdac7	169	0x9af18	0xab	0x1e8	0x151	0x94f0	0x99	0xfcec	ab00e8015101f0949900ecfc8b0cd809e4e80111f8d746656b7dce813884ab00	prefix_32_of_578	0x3acddfde	0xef1b287	0x585c5c02	0x69145f5a	+0x10b80358	0x3a	0x3a
2105	0x787fe407836d	169	0x9af18	0x311a6b	0x311cad	+0x242	dispatch	0xcdac7	310	0xb8556	0xa5	0x1e8	0x72	0x64cb	0xac8c	0x620	a500e8017200cb648cac200648efdaf5e0bf18e8015f2dab001a531a84d8ab00	prefix_32_of_578	0xef1b287	0x524c03c5	0x69145f5a	0x7df7dfda	+0x14e38080	0x3a	0x3a
2106	0x787fe407836d	310	0xb8556	0x311cad	0x311f69	+0x2bc	dispatch	0xcdac7	310	0xb8556	0x1e8	0xa5	0x10c	0x1c4a	0x6c86	0x7438	e801a5000c014a1c866c38749900ba703aa3e6e801859db8ec9f9147b7bebdaa	prefix_32_of_700	0x524c03c5	0x8e78f1da	0x7df7dfda	0xeb377ffe	+0x6d3fa024	0x3a	0x3a
2107	0x787fe407836d	310	0xb8556	0x311f69	0x31223a	+0x2d1	dispatch	0xcdac7	310	0xb8556	0x1e8	0xa5	0x14d	0xe523	0x99	0xe367	e801a5004d0123e5990067e332d17995c6459ee801880a70a4781ff2ff90977e	prefix_32_of_721	0x8e78f1da	0x8e4e0de5	0xeb377ffe	0x7bd7fefb	-0x6f5f8103	0x3a	0x3a
2108	0x787fe407836d	310	0xb8556	0x31223a	0x312464	+0x22a	dispatch	0xcdac7	169	0x9af18	0x1e8	0xab	0x151	0x9568	0x99	0xae47	e801ab0051016895990047ae9900f3a03a2e3ae801d80a443786cf06c648acd7	prefix_32_of_554	0x8e4e0de5	0x347541db	0x7bd7fefb	0x69945ffa	-0x12439f01	0x3a	0x3a
2109	0x787fe407836d	169	0x9af18	0x312464	0x31268e	+0x22a	dispatch	0xcdac7	310	0xb8556	0xab	0x1e8	0x42	0x97f9	0x8b3a	0x99da	ab00e8014200f9973a8bda99009a299900e801e4734b803a09b993007451ab00	prefix_32_of_554	0x347541db	0x5675bb90	0x69945ffa	0xffc76ef9	+0x96330eff	0x3a	0x3a
2110	0x787fe407836d	310	0xb8556	0x31268e	0x312868	+0x1da	dispatch	0xcdac7	169	0x9af18	0x1e8	0x162	0x10c	0x1c4a	0x6576	0x4392	e80162010c014a1c76659243358b8809c82954e8014c0cab0058019c10f7f483	prefix_32_of_474	0x5675bb90	0x221c12	0xffc76ef9	0x3f06a742	-0xc0c0c7b7	0x3a	0x3a
2111	0x787fe407836d	169	0x9af18	0x312868	0x312aee	+0x286	dispatch	0xcdac7	169	0x9af18	0xab	0x1e8	0x12	0x5e8	0xae3a	0xb4a5	ab00e8011200e8053aaea5b4a2606756d86000e801d80a90778a7301aa4f8cd8	prefix_32_of_646	0x221c12	0x8e3c0ca2	0x3f06a742	0x6f95fefa	+0x308f57b8	0x3a	0x3a
2112	0x787fe407836d	169	0x9af18	0x312aee	0x312cd0	+0x1e2	dispatch	0xcdac7	169	0x9af18	0x162	0x1e8	0x9d	0xd4ff	0x99	0x3810	6201e8019d00ffd499001038377504acaadc9ee80188acfa117cde3f9f9f57fa	prefix_32_of_482	0x8e3c0ca2	0xfbf79ddb	0x6f95fefa	0xf9f3eb74	+0x8a5dec7a	0x3a	0x3a
2113	0x787fe407836d	169	0x9af18	0x312cd0	0x312f26	+0x256	dispatch	0xcdac7	310	0xb8556	0x162	0x1e8	0xbd	0x99	0xe964	0x860	6201e801bd00990064e96008f0890e712b581de8014b1ac6d48406bceffeed89	prefix_32_of_598	0xfbf79ddb	0x4b8eb2de	0xf9f3eb74	0x7b1c5e5e	-0x7ed78d16	0x3a	0x3a
2114	0x787fe407836d	310	0xb8556	0x312f26	0x313169	+0x243	dispatch	0xcdac7	310	0xb8556	0x1e8	0x162	0xb9	0xa483	0x543a	0xcd68	e8016201b90083a43a5468cdd0817305599acde80104b48b0ce80544a5607c99	prefix_32_of_579	0x4b8eb2de	0x7afe7fef	0x7b1c5e5e	0x727e02a8	-0x89e5bb6	0x3a	0x3a
2115	0x787fe407836d	310	0xb8556	0x313169	0x31334b	+0x1e2	dispatch	0xcdac7	169	0x9af18	0x1e8	0xa5	0x151	0x99e0	0x99	0x2580	e801a5005101e09999008025faf2b3bb03cc5ae801979b477a218516bad00004	prefix_32_of_482	0x7afe7fef	0xce4d8465	0x727e02a8	0x7f3e7f7b	+0xcc07cd3	0x3a	0x3a
2116	0x787fe407836d	169	0x9af18	0x31334b	0x3135b9	+0x26e	dispatch	0xcdac7	169	0x9af18	0xa5	0x1e8	0x40	0xa81d	0x99	0x620	a500e80140001da899002006e89ff41597541ce801ab9e2ac633af3ada4c1da9	prefix_32_of_622	0xce4d8465	0xc917a90d	0x7f3e7f7b	0xc917a90d	+0x49d92992	0x3a	0x3a
2117	0x787fe407836d	169	0x9af18	0x3135b9	0x3137fc	+0x243	dispatch	0xcdac7	310	0xb8556	0x162	0x1e8	0x40	0xa2bd	0x99	0x1b17	6201e8014000bda29900171bab6f0801d4e8014ab2d76ef4e32006be862314d7	prefix_32_of_579	0xc917a90d	0x8df97560	0xc917a90d	0x694cb90f	-0x5fcaeffe	0x3a	0x3a
2118	0x787fe407836d	310	0xb8556	0x3137fc	0x3139de	+0x1e2	dispatch	0xcdac7	310	0xb8556	0x1e8	0x162	0xa8	0x99	0xd0ce	0x339a	e8016201a8009900ced09a331c968809df4913e8013e1db47be2ab00a9a94eef	prefix_32_of_482	0x8df97560	0x4a612e32	0x694cb90f	0x5f8f8af3	-0x9bd2e1c	0x3a	0x3a
2119	0x787fe407836d	310	0xb8556	0x3139de	0x313c4c	+0x26e	dispatch	0xcdac7	169	0x9af18	0x1e8	0xa5	0x154	0x12ac	0x99	0x6160	e801a5005401ac12990060615dd8ca85aa86fae801e80522b455bce3a77dd306	prefix_32_of_622	0x4a612e32	0x8f70318b	0x5f8f8af3	0xfbfb8b3c	+0x9c6c0049	0x3a	0x3a
2120	0x787fe407836d	169	0x9af18	0x313c4c	0x313e8f	+0x243	dispatch	0xcdac7	169	0x9af18	0xab	0x1e8	0x14d	0xe973	0x99	0xe987	ab00e8014d0173e9990087e926178cfb71d638e8010b62f5e882fa050f99789a	prefix_32_of_579	0x8f70318b	0xfed1df96	0xfbfb8b3c	0x58a4dcd6	-0xa356ae66	0x3a	0x3a
2121	0x787fe407836d	169	0x9af18	0x313e8f	0x314071	+0x1e2	dispatch	0xcdac7	169	0x9af18	0x162	0x1e8	0x9d	0xd4ff	0x99	0x3390	6201e8019d00ffd49900903337b623a8e5df73e8019798477690393ef22f9bcb	prefix_32_of_482	0xfed1df96	0x4ac60206	0x58a4dcd6	0x5ee7d2fb	+0x642f625	0x3a	0x3a
2122	0x787fe407836d	169	0x9af18	0x314071	0x3142df	+0x26e	dispatch	0xcdac7	310	0xb8556	0x162	0x1e8	0xa8	0x99	0xd4b6	0x9fd6	6201e801a8009900b6d4d69fbcef4e5f09e8011cb697d66ed299928e413a85b4	prefix_32_of_622	0x4ac60206	0x861eb185	0x5ee7d2fb	0xdf95e7f4	+0x80ae14f9	0x3a	0x3a
2123	0x787fe407836d	310	0xb8556	0x3142df	0x314522	+0x243	dispatch	0xcdac7	310	0xb8556	0x1e8	0xab	0xd7	0xa88	0xd888	0x227d	e801ab00d700880a88d87d220b07a29900b00ee801c9569798eedb0f85a424a2	prefix_32_of_579	0x861eb185	0x34a042ea	0xdf95e7f4	0x3ce04eeb	-0xa2b59909	0x3a	0x3a
2124	0x787fe407836d	310	0xb8556	0x314522	0x314704	+0x1e2	dispatch	0xcdac7	310	0xb8556	0x1e8	0x162	0xcb	0x9a07	0x7635	0x1ca1	e8016201cb00079a3576a11c1587d000e463e6e801744fab006005408141e30a	prefix_32_of_482	0x34a042ea	0xfcdeff37	0x3ce04eeb	0xfcd60600	+0xbff5b715	0x3a	0x3a
2125	0x787fe407836d	310	0xb8556	0x314704	0x314972	+0x26e	dispatch	0xcdac7	169	0x9af18	0x1e8	0x162	0x133	0x553a	0xc4b4	0x9913	e801620133013a55b4c41399000f9926d6e801b4c893293a145770293fba3bd7	prefix_32_of_622	0xfcdeff37	0xf8eeff37	0xfcd60600	0xf8e60910	-0x3effcf0	0x3a	0x3a
2126	0x787fe407836d	169	0x9af18	0x314972	0x314bb5	+0x243	dispatch	0xcdac7	310	0xb8556	0xab	0x1e8	0x133	0xd3a	0x17b0	0x3590	ab00e80133013a0db017903576da52830d9d9ee801174b3aac16ab007e67bbcf	prefix_32_of_579	0xf8eeff37	0x62662dfb	0xf8e60910	0xbffcca14	-0x38e93efc	0x3a	0x3a
2127	0x787fe407836d	310	0xb8556	0x314bb5	0x314d97	+0x1e2	dispatch	0xcdac7	169	0x9af18	0x1e8	0xa5	0x154	0xec4	0x99	0xdaa	e801a5005401c40e9900aa0d3e77f80828c29ae801209b1de1b283cc41d0003c	prefix_32_of_482	0x62662dfb	0xfadf7f2d	0xbffcca14	0xf21b0800	+0x321e3dec	0x3a	0x3a
2128	0x787fe407836d	169	0x9af18	0x314d97	0x315005	+0x26e	dispatch	0xcdac7	310	0xb8556	0x162	0x1e8	0x154	0x1334	0x99	0x1060	6201e80154013413990060103a1468c6d70e38e801880ac47c15400b7ef3eb03	prefix_32_of_622	0xfadf7f2d	0xe34473c6	0xf21b0800	0xe74477c6	-0xad6903a	0x3a	0x3a
2129	0x787fe407836d	310	0xb8556	0x315005	0x31522f	+0x22a	dispatch	0xcdac7	310	0xb8556	0x1e8	0xab	0x2b	0x7ded	0x99	0x9d3a	e801ab002b00ed7d99003a9daf99001ceee5a3e801abfa76d8093db434706b58	prefix_32_of_554	0xe34473c6	0x69b0303a	0xe74477c6	0x69145e5a	-0x7e30196c	0x3a	0x3a
2130	0x787fe407836d	310	0xb8556	0x31522f	0x315486	+0x257	dispatch	0xcdac7	169	0x9af18	0x1e8	0xab	0xc7	0x4f47	0x2c3a	0xae89	e801ab00c700474f3a2c89ae01349650eb981ae801bbffdce71f77f3025db1c8	prefix_32_of_599	0x69b0303a	0x841ab3c5	0x69145e5a	0x841ab3c5	+0x1b06556b	0x3a	0x3a
2131	0x787fe407836d	169	0x9af18	0x315486	0x3156ca	+0x244	dispatch	0xcdac7	169	0x9af18	0xa5	0x1e8	0x12	0x620	0xdc3a	0xfca3	a500e801120020063adca3fce00d85dd41f69ae801e0a76a83e8bb0003922025	prefix_32_of_580	0x841ab3c5	0xf613f930	0x841ab3c5	0x3ffce85e	-0x441dcb67	0x3a	0x3a
2132	0x787fe407836d	169	0x9af18	0x3156ca	0x315969	+0x29f	dispatch	0xcdac7	169	0x9af18	0xab	0x1e8	0x9d	0xcf07	0x99	0xf9a4	ab00e8019d0007cf9900a4f90133438c86ac48e801f3e7ab00737721d5bfd52a	prefix_32_of_671	0xf613f930	0x2ab32381	0x3ffce85e	0x2af72783	-0x1505c0db	0x3a	0x3a
2133	0x787fe407836d	169	0x9af18	0x315969	0x315bbf	+0x256	dispatch	0xcdac7	169	0x9af18	0xab	0x1e8	0x129	0x1e31	0x8ee1	0x6ea2	ab00e8012901311ee18ea26eeb88cf9ecf06bee8010aaba3094961d69865e9dc	prefix_32_of_598	0x2ab32381	0x6e5d9892	0x2af72783	0x4000d60c	+0x1509ae89	0x3a	0x3a
2134	0x787fe407836d	169	0x9af18	0x315bbf	0x310ca5	-0x4f1a	dispatch	0xcdac7	310	0xb8556	0xab	0x1e8	0x10c	0x1c4a	0x63e6	0x5af	ab00e8010c014a1ce663af053cd2e4092be80199f5de2fb4dd1429a30a54917a	backedge_sample	0x6e5d9892	0x148226cc	0x4000d60c	0xffaffb65	+0xbfaf2559	0x3a	0x3a
2135	0x787fe407836d	310	0xb8556	0x310ca5	0x310ef0	+0x24b	dispatch	0xcdac7	310	0xb8556	0x1e8	0xa5	0xcb	0x9ebf	0x7635	0x390	e801a500cb00bf9e35769003042ba8fcee6d9ce801f7d8ab009003dc5941168f	prefix_32_of_587	0x148226cc	0x14100010	0xffaffb65	0x3f0612b2	-0xc0a9e8b3	0x3a	0x3a
2136	0x787fe407836d	310	0xb8556	0x310ef0	0x311163	+0x273	dispatch	0xcdac7	169	0x9af18	0x1e8	0x162	0x154	0xf7c	0x99	0x92e7	e801620154017c0f9900e792dc1375ac08b602e801bf8c2f019289f5a0fa7e69	prefix_32_of_627	0x14100010	0xc83095f0	0x3f0612b2	0x400110fe	+0xfafe4c	0x3a	0x3a
2137	0x787fe407836d	169	0x9af18	0x311163	0x3113a5	+0x242	dispatch	0xcdac7	169	0x9af18	0xa5	0x1e8	0x10c	0x1c4a	0x67ae	0x6b6	a500e8010c014a1cae67b6063aa56428d9e80129f1186774139007d64940f679	prefix_32_of_578	0xc83095f0	0x7adeff2e	0x400110fe	0x78de0800	+0x38dcf702	0x3a	0x3a
2138	0x787fe407836d	169	0x9af18	0x3113a5	0x3115e7	+0x242	dispatch	0xcdac7	310	0xb8556	0x162	0x1e8	0xbd	0x99	0xe914	0x26e8	6201e801bd00990014e9e826ba56639900de34e8017709ab00041dab006485b4	prefix_32_of_578	0x7adeff2e	0x2948	0x78de0800	0x2948	-0x78dddeb8	0x3a	0x3a
2139	0x787fe407836d	310	0xb8556	0x3115e7	0x311829	+0x242	dispatch	0xcdac7	169	0x9af18	0x1e8	0xa5	0x9d	0xd56f	0x99	0xad8	e801a5009d006fd59900d80a53f58761012fcee8011603b240666e6e27e60d3a	prefix_32_of_578	0x2948	0x3acddfde	0x2948	0x585c5c02	+0x585c32ba	0x3a	0x3a
2140	0x787fe407836d	169	0x9af18	0x311829	0x311a6b	+0x242	dispatch	0xcdac7	169	0x9af18	0xab	0x1e8	0x151	0x94f0	0x99	0xfcec	ab00e8015101f0949900ecfc8b0cd809e4e80111f8d746656b7dce813884ab00	prefix_32_of_578	0x3acddfde	0xef1b287	0x585c5c02	0x69145f5a	+0x10b80358	0x3a	0x3a
2141	0x787fe407836d	169	0x9af18	0x311a6b	0x311cad	+0x242	dispatch	0xcdac7	310	0xb8556	0xa5	0x1e8	0x72	0x64cb	0xac8c	0x620	a500e8017200cb648cac200648efdaf5e0bf18e8015f2dab001a531a84d8ab00	prefix_32_of_578	0xef1b287	0x524c03c5	0x69145f5a	0x7df7dfda	+0x14e38080	0x3a	0x3a
2142	0x787fe407836d	310	0xb8556	0x311cad	0x311f69	+0x2bc	dispatch	0xcdac7	310	0xb8556	0x1e8	0xa5	0x10c	0x1c4a	0x6c86	0x7438	e801a5000c014a1c866c38749900ba703aa3e6e801859db8ec9f9147b7bebdaa	prefix_32_of_700	0x524c03c5	0x8e78f1da	0x7df7dfda	0xeb377ffe	+0x6d3fa024	0x3a	0x3a
2143	0x787fe407836d	310	0xb8556	0x311f69	0x31223a	+0x2d1	dispatch	0xcdac7	310	0xb8556	0x1e8	0xa5	0x14d	0xe523	0x99	0xe367	e801a5004d0123e5990067e332d17995c6459ee801880a70a4781ff2ff90977e	prefix_32_of_721	0x8e78f1da	0x8e4e0de5	0xeb377ffe	0x7bd7fefb	-0x6f5f8103	0x3a	0x3a
2144	0x787fe407836d	310	0xb8556	0x31223a	0x312464	+0x22a	dispatch	0xcdac7	169	0x9af18	0x1e8	0xab	0x151	0x9568	0x99	0xae47	e801ab0051016895990047ae9900f3a03a2e3ae801d80a443786cf06c648acd7	prefix_32_of_554	0x8e4e0de5	0x347541db	0x7bd7fefb	0x69945ffa	-0x12439f01	0x3a	0x3a
2145	0x787fe407836d	169	0x9af18	0x312464	0x31268e	+0x22a	dispatch	0xcdac7	310	0xb8556	0xab	0x1e8	0x42	0x97f9	0x8b3a	0x99da	ab00e8014200f9973a8bda99009a299900e801e4734b803a09b993007451ab00	prefix_32_of_554	0x347541db	0x5675bb90	0x69945ffa	0xffc76ef9	+0x96330eff	0x3a	0x3a
2146	0x787fe407836d	310	0xb8556	0x31268e	0x312868	+0x1da	dispatch	0xcdac7	169	0x9af18	0x1e8	0x162	0x10c	0x1c4a	0x6576	0x4392	e80162010c014a1c76659243358b8809c82954e8014c0cab0058019c10f7f483	prefix_32_of_474	0x5675bb90	0x221c12	0xffc76ef9	0x3f06a742	-0xc0c0c7b7	0x3a	0x3a
2147	0x787fe407836d	169	0x9af18	0x312868	0x312aee	+0x286	dispatch	0xcdac7	169	0x9af18	0xab	0x1e8	0x12	0x5e8	0xae3a	0xb4a5	ab00e8011200e8053aaea5b4a2606756d86000e801d80a90778a7301aa4f8cd8	prefix_32_of_646	0x221c12	0x8e3c0ca2	0x3f06a742	0x6f95fefa	+0x308f57b8	0x3a	0x3a
2148	0x787fe407836d	169	0x9af18	0x312aee	0x312cd0	+0x1e2	dispatch	0xcdac7	169	0x9af18	0x162	0x1e8	0x9d	0xd4ff	0x99	0x3810	6201e8019d00ffd499001038377504acaadc9ee80188acfa117cde3f9f9f57fa	prefix_32_of_482	0x8e3c0ca2	0xfbf79ddb	0x6f95fefa	0xf9f3eb74	+0x8a5dec7a	0x3a	0x3a
2149	0x787fe407836d	169	0x9af18	0x312cd0	0x312f26	+0x256	dispatch	0xcdac7	310	0xb8556	0x162	0x1e8	0xbd	0x99	0xe964	0x860	6201e801bd00990064e96008f0890e712b581de8014b1ac6d48406bceffeed89	prefix_32_of_598	0xfbf79ddb	0x4b8eb2de	0xf9f3eb74	0x7b1c5e5e	-0x7ed78d16	0x3a	0x3a
2150	0x787fe407836d	310	0xb8556	0x312f26	0x313169	+0x243	dispatch	0xcdac7	310	0xb8556	0x1e8	0x162	0xb9	0xa483	0x543a	0xcd68	e8016201b90083a43a5468cdd0817305599acde80104b48b0ce80544a5607c99	prefix_32_of_579	0x4b8eb2de	0x7afe7fef	0x7b1c5e5e	0x727e02a8	-0x89e5bb6	0x3a	0x3a
2151	0x787fe407836d	310	0xb8556	0x313169	0x31334b	+0x1e2	dispatch	0xcdac7	169	0x9af18	0x1e8	0xa5	0x151	0x99e0	0x99	0x2580	e801a5005101e09999008025faf2b3bb03cc5ae801979b477a218516bad00004	prefix_32_of_482	0x7afe7fef	0xce4d8465	0x727e02a8	0x7f3e7f7b	+0xcc07cd3	0x3a	0x3a
2152	0x787fe407836d	169	0x9af18	0x31334b	0x3135b9	+0x26e	dispatch	0xcdac7	169	0x9af18	0xa5	0x1e8	0x40	0xa81d	0x99	0x620	a500e80140001da899002006e89ff41597541ce801ab9e2ac633af3ada4c1da9	prefix_32_of_622	0xce4d8465	0xc917a90d	0x7f3e7f7b	0xc917a90d	+0x49d92992	0x3a	0x3a
2153	0x787fe407836d	169	0x9af18	0x3135b9	0x3137fc	+0x243	dispatch	0xcdac7	310	0xb8556	0x162	0x1e8	0x40	0xa2bd	0x99	0x1b17	6201e8014000bda29900171bab6f0801d4e8014ab2d76ef4e32006be862314d7	prefix_32_of_579	0xc917a90d	0x8df97560	0xc917a90d	0x694cb90f	-0x5fcaeffe	0x3a	0x3a
2154	0x787fe407836d	310	0xb8556	0x3137fc	0x3139de	+0x1e2	dispatch	0xcdac7	310	0xb8556	0x1e8	0x162	0xa8	0x99	0xd0ce	0x339a	e8016201a8009900ced09a331c968809df4913e8013e1db47be2ab00a9a94eef	prefix_32_of_482	0x8df97560	0x4a612e32	0x694cb90f	0x5f8f8af3	-0x9bd2e1c	0x3a	0x3a
2155	0x787fe407836d	310	0xb8556	0x3139de	0x313c4c	+0x26e	dispatch	0xcdac7	169	0x9af18	0x1e8	0xa5	0x154	0x12ac	0x99	0x6160	e801a5005401ac12990060615dd8ca85aa86fae801e80522b455bce3a77dd306	prefix_32_of_622	0x4a612e32	0x8f70318b	0x5f8f8af3	0xfbfb8b3c	+0x9c6c0049	0x3a	0x3a
2156	0x787fe407836d	169	0x9af18	0x313c4c	0x313e8f	+0x243	dispatch	0xcdac7	169	0x9af18	0xab	0x1e8	0x14d	0xe973	0x99	0xe987	ab00e8014d0173e9990087e926178cfb71d638e8010b62f5e882fa050f99789a	prefix_32_of_579	0x8f70318b	0xfed1df96	0xfbfb8b3c	0x58a4dcd6	-0xa356ae66	0x3a	0x3a
2157	0x787fe407836d	169	0x9af18	0x313e8f	0x314071	+0x1e2	dispatch	0xcdac7	169	0x9af18	0x162	0x1e8	0x9d	0xd4ff	0x99	0x3390	6201e8019d00ffd49900903337b623a8e5df73e8019798477690393ef22f9bcb	prefix_32_of_482	0xfed1df96	0x4ac60206	0x58a4dcd6	0x5ee7d2fb	+0x642f625	0x3a	0x3a
2158	0x787fe407836d	169	0x9af18	0x314071	0x3142df	+0x26e	dispatch	0xcdac7	310	0xb8556	0x162	0x1e8	0xa8	0x99	0xd4b6	0x9fd6	6201e801a8009900b6d4d69fbcef4e5f09e8011cb697d66ed299928e413a85b4	prefix_32_of_622	0x4ac60206	0x861eb185	0x5ee7d2fb	0xdf95e7f4	+0x80ae14f9	0x3a	0x3a
2159	0x787fe407836d	310	0xb8556	0x3142df	0x314522	+0x243	dispatch	0xcdac7	310	0xb8556	0x1e8	0xab	0xd7	0xa88	0xd888	0x227d	e801ab00d700880a88d87d220b07a29900b00ee801c9569798eedb0f85a424a2	prefix_32_of_579	0x861eb185	0x34a042ea	0xdf95e7f4	0x3ce04eeb	-0xa2b59909	0x3a	0x3a
2160	0x787fe407836d	310	0xb8556	0x314522	0x314704	+0x1e2	dispatch	0xcdac7	310	0xb8556	0x1e8	0x162	0xcb	0x9a07	0x7635	0x1ca1	e8016201cb00079a3576a11c1587d000e463e6e801744fab006005408141e30a	prefix_32_of_482	0x34a042ea	0xfcdeff37	0x3ce04eeb	0xfcd60600	+0xbff5b715	0x3a	0x3a
2161	0x787fe407836d	310	0xb8556	0x314704	0x314972	+0x26e	dispatch	0xcdac7	169	0x9af18	0x1e8	0x162	0x133	0x553a	0xc4b4	0x9913	e801620133013a55b4c41399000f9926d6e801b4c893293a145770293fba3bd7	prefix_32_of_622	0xfcdeff37	0xf8eeff37	0xfcd60600	0xf8e60910	-0x3effcf0	0x3a	0x3a
2162	0x787fe407836d	169	0x9af18	0x314972	0x314bb5	+0x243	dispatch	0xcdac7	310	0xb8556	0xab	0x1e8	0x133	0xd3a	0x17b0	0x3590	ab00e80133013a0db017903576da52830d9d9ee801174b3aac16ab007e67bbcf	prefix_32_of_579	0xf8eeff37	0x62662dfb	0xf8e60910	0xbffcca14	-0x38e93efc	0x3a	0x3a
2163	0x787fe407836d	310	0xb8556	0x314bb5	0x314d97	+0x1e2	dispatch	0xcdac7	169	0x9af18	0x1e8	0xa5	0x154	0xec4	0x99	0xdaa	e801a5005401c40e9900aa0d3e77f80828c29ae801209b1de1b283cc41d0003c	prefix_32_of_482	0x62662dfb	0xfadf7f2d	0xbffcca14	0xf21b0800	+0x321e3dec	0x3a	0x3a
2164	0x787fe407836d	169	0x9af18	0x314d97	0x315005	+0x26e	dispatch	0xcdac7	310	0xb8556	0x162	0x1e8	0x154	0x1334	0x99	0x1060	6201e80154013413990060103a1468c6d70e38e801880ac47c15400b7ef3eb03	prefix_32_of_622	0xfadf7f2d	0xe34473c6	0xf21b0800	0xe74477c6	-0xad6903a	0x3a	0x3a
2165	0x787fe407836d	310	0xb8556	0x315005	0x31522f	+0x22a	dispatch	0xcdac7	310	0xb8556	0x1e8	0xab	0x2b	0x7ded	0x99	0x9d3a	e801ab002b00ed7d99003a9daf99001ceee5a3e801abfa76d8093db434706b58	prefix_32_of_554	0xe34473c6	0x69b0303a	0xe74477c6	0x69145e5a	-0x7e30196c	0x3a	0x3a
2166	0x787fe407836d	310	0xb8556	0x31522f	0x315486	+0x257	dispatch	0xcdac7	169	0x9af18	0x1e8	0xab	0xc7	0x4f47	0x2c3a	0xae89	e801ab00c700474f3a2c89ae01349650eb981ae801bbffdce71f77f3025db1c8	prefix_32_of_599	0x69b0303a	0x841ab3c5	0x69145e5a	0x841ab3c5	+0x1b06556b	0x3a	0x3a
2167	0x787fe407836d	169	0x9af18	0x315486	0x3156ca	+0x244	dispatch	0xcdac7	169	0x9af18	0xa5	0x1e8	0x12	0x620	0xdc3a	0xfca3	a500e801120020063adca3fce00d85dd41f69ae801e0a76a83e8bb0003922025	prefix_32_of_580	0x841ab3c5	0xf613f930	0x841ab3c5	0x3ffce85e	-0x441dcb67	0x3a	0x3a
2168	0x787fe407836d	169	0x9af18	0x3156ca	0x315969	+0x29f	dispatch	0xcdac7	169	0x9af18	0xab	0x1e8	0x9d	0xcf07	0x99	0xf9a4	ab00e8019d0007cf9900a4f90133438c86ac48e801f3e7ab00737721d5bfd52a	prefix_32_of_671	0xf613f930	0x2ab32381	0x3ffce85e	0x2af72783	-0x1505c0db	0x3a	0x3a
2169	0x787fe407836d	169	0x9af18	0x315969	0x315bbf	+0x256	dispatch	0xcdac7	169	0x9af18	0xab	0x1e8	0x129	0x1e31	0x8ee1	0x6ea2	ab00e8012901311ee18ea26eeb88cf9ecf06bee8010aaba3094961d69865e9dc	prefix_32_of_598	0x2ab32381	0x6e5d9892	0x2af72783	0x4000d60c	+0x1509ae89	0x3a	0x3a
2170	0x787fe407836d	169	0x9af18	0x315bbf	0x310ca5	-0x4f1a	dispatch	0xcdac7	310	0xb8556	0xab	0x1e8	0x10c	0x1c4a	0x63e6	0x5af	ab00e8010c014a1ce663af053cd2e4092be80199f5de2fb4dd1429a30a54917a	backedge_sample	0x6e5d9892	0x148226cc	0x4000d60c	0xffaffb65	+0xbfaf2559	0x3a	0x3a
2171	0x787fe407836d	310	0xb8556	0x310ca5	0x310ef0	+0x24b	dispatch	0xcdac7	310	0xb8556	0x1e8	0xa5	0xcb	0x9ebf	0x7635	0x390	e801a500cb00bf9e35769003042ba8fcee6d9ce801f7d8ab009003dc5941168f	prefix_32_of_587	0x148226cc	0x14100010	0xffaffb65	0x3f0612b2	-0xc0a9e8b3	0x3a	0x3a
2172	0x787fe407836d	310	0xb8556	0x310ef0	0x311163	+0x273	dispatch	0xcdac7	169	0x9af18	0x1e8	0x162	0x154	0xf7c	0x99	0x92e7	e801620154017c0f9900e792dc1375ac08b602e801bf8c2f019289f5a0fa7e69	prefix_32_of_627	0x14100010	0xc83095f0	0x3f0612b2	0x400110fe	+0xfafe4c	0x3a	0x3a
2173	0x787fe407836d	169	0x9af18	0x311163	0x3113a5	+0x242	dispatch	0xcdac7	169	0x9af18	0xa5	0x1e8	0x10c	0x1c4a	0x67ae	0x6b6	a500e8010c014a1cae67b6063aa56428d9e80129f1186774139007d64940f679	prefix_32_of_578	0xc83095f0	0x7adeff2e	0x400110fe	0x78de0800	+0x38dcf702	0x3a	0x3a
2174	0x787fe407836d	169	0x9af18	0x3113a5	0x3115e7	+0x242	dispatch	0xcdac7	310	0xb8556	0x162	0x1e8	0xbd	0x99	0xe914	0x26e8	6201e801bd00990014e9e826ba56639900de34e8017709ab00041dab006485b4	prefix_32_of_578	0x7adeff2e	0x2948	0x78de0800	0x2948	-0x78dddeb8	0x3a	0x3a
2175	0x787fe407836d	310	0xb8556	0x3115e7	0x311829	+0x242	dispatch	0xcdac7	169	0x9af18	0x1e8	0xa5	0x9d	0xd56f	0x99	0xad8	e801a5009d006fd59900d80a53f58761012fcee8011603b240666e6e27e60d3a	prefix_32_of_578	0x2948	0x3acddfde	0x2948	0x585c5c02	+0x585c32ba	0x3a	0x3a
2176	0x787fe407836d	169	0x9af18	0x311829	0x311a6b	+0x242	dispatch	0xcdac7	169	0x9af18	0xab	0x1e8	0x151	0x94f0	0x99	0xfcec	ab00e8015101f0949900ecfc8b0cd809e4e80111f8d746656b7dce813884ab00	prefix_32_of_578	0x3acddfde	0xef1b287	0x585c5c02	0x69145f5a	+0x10b80358	0x3a	0x3a
2177	0x787fe407836d	169	0x9af18	0x311a6b	0x311cad	+0x242	dispatch	0xcdac7	310	0xb8556	0xa5	0x1e8	0x72	0x64cb	0xac8c	0x620	a500e8017200cb648cac200648efdaf5e0bf18e8015f2dab001a531a84d8ab00	prefix_32_of_578	0xef1b287	0x524c03c5	0x69145f5a	0x7df7dfda	+0x14e38080	0x3a	0x3a
2178	0x787fe407836d	310	0xb8556	0x311cad	0x311f69	+0x2bc	dispatch	0xcdac7	310	0xb8556	0x1e8	0xa5	0x10c	0x1c4a	0x6c86	0x7438	e801a5000c014a1c866c38749900ba703aa3e6e801859db8ec9f9147b7bebdaa	prefix_32_of_700	0x524c03c5	0x8e78f1da	0x7df7dfda	0xeb377ffe	+0x6d3fa024	0x3a	0x3a
2179	0x787fe407836d	310	0xb8556	0x311f69	0x31223a	+0x2d1	dispatch	0xcdac7	310	0xb8556	0x1e8	0xa5	0x14d	0xe523	0x99	0xe367	e801a5004d0123e5990067e332d17995c6459ee801880a70a4781ff2ff90977e	prefix_32_of_721	0x8e78f1da	0x8e4e0de5	0xeb377ffe	0x7bd7fefb	-0x6f5f8103	0x3a	0x3a
2180	0x787fe407836d	310	0xb8556	0x31223a	0x312464	+0x22a	dispatch	0xcdac7	169	0x9af18	0x1e8	0xab	0x151	0x9568	0x99	0xae47	e801ab0051016895990047ae9900f3a03a2e3ae801d80a443786cf06c648acd7	prefix_32_of_554	0x8e4e0de5	0x347541db	0x7bd7fefb	0x69945ffa	-0x12439f01	0x3a	0x3a
2181	0x787fe407836d	169	0x9af18	0x312464	0x31268e	+0x22a	dispatch	0xcdac7	310	0xb8556	0xab	0x1e8	0x42	0x97f9	0x8b3a	0x99da	ab00e8014200f9973a8bda99009a299900e801e4734b803a09b993007451ab00	prefix_32_of_554	0x347541db	0x5675bb90	0x69945ffa	0xffc76ef9	+0x96330eff	0x3a	0x3a
2182	0x787fe407836d	310	0xb8556	0x31268e	0x312868	+0x1da	dispatch	0xcdac7	169	0x9af18	0x1e8	0x162	0x10c	0x1c4a	0x6576	0x4392	e80162010c014a1c76659243358b8809c82954e8014c0cab0058019c10f7f483	prefix_32_of_474	0x5675bb90	0x221c12	0xffc76ef9	0x3f06a742	-0xc0c0c7b7	0x3a	0x3a
2183	0x787fe407836d	169	0x9af18	0x312868	0x312aee	+0x286	dispatch	0xcdac7	169	0x9af18	0xab	0x1e8	0x12	0x5e8	0xae3a	0xb4a5	ab00e8011200e8053aaea5b4a2606756d86000e801d80a90778a7301aa4f8cd8	prefix_32_of_646	0x221c12	0x8e3c0ca2	0x3f06a742	0x6f95fefa	+0x308f57b8	0x3a	0x3a
2184	0x787fe407836d	169	0x9af18	0x312aee	0x312cd0	+0x1e2	dispatch	0xcdac7	169	0x9af18	0x162	0x1e8	0x9d	0xd4ff	0x99	0x3810	6201e8019d00ffd499001038377504acaadc9ee80188acfa117cde3f9f9f57fa	prefix_32_of_482	0x8e3c0ca2	0xfbf79ddb	0x6f95fefa	0xf9f3eb74	+0x8a5dec7a	0x3a	0x3a
2185	0x787fe407836d	169	0x9af18	0x312cd0	0x312f26	+0x256	dispatch	0xcdac7	310	0xb8556	0x162	0x1e8	0xbd	0x99	0xe964	0x860	6201e801bd00990064e96008f0890e712b581de8014b1ac6d48406bceffeed89	prefix_32_of_598	0xfbf79ddb	0x4b8eb2de	0xf9f3eb74	0x7b1c5e5e	-0x7ed78d16	0x3a	0x3a
2186	0x787fe407836d	310	0xb8556	0x312f26	0x313169	+0x243	dispatch	0xcdac7	310	0xb8556	0x1e8	0x162	0xb9	0xa483	0x543a	0xcd68	e8016201b90083a43a5468cdd0817305599acde80104b48b0ce80544a5607c99	prefix_32_of_579	0x4b8eb2de	0x7afe7fef	0x7b1c5e5e	0x727e02a8	-0x89e5bb6	0x3a	0x3a
2187	0x787fe407836d	310	0xb8556	0x313169	0x31334b	+0x1e2	dispatch	0xcdac7	169	0x9af18	0x1e8	0xa5	0x151	0x99e0	0x99	0x2580	e801a5005101e09999008025faf2b3bb03cc5ae801979b477a218516bad00004	prefix_32_of_482	0x7afe7fef	0xce4d8465	0x727e02a8	0x7f3e7f7b	+0xcc07cd3	0x3a	0x3a
2188	0x787fe407836d	169	0x9af18	0x31334b	0x3135b9	+0x26e	dispatch	0xcdac7	169	0x9af18	0xa5	0x1e8	0x40	0xa81d	0x99	0x620	a500e80140001da899002006e89ff41597541ce801ab9e2ac633af3ada4c1da9	prefix_32_of_622	0xce4d8465	0xc917a90d	0x7f3e7f7b	0xc917a90d	+0x49d92992	0x3a	0x3a
2189	0x787fe407836d	169	0x9af18	0x3135b9	0x3137fc	+0x243	dispatch	0xcdac7	310	0xb8556	0x162	0x1e8	0x40	0xa2bd	0x99	0x1b17	6201e8014000bda29900171bab6f0801d4e8014ab2d76ef4e32006be862314d7	prefix_32_of_579	0xc917a90d	0x8df97560	0xc917a90d	0x694cb90f	-0x5fcaeffe	0x3a	0x3a
2190	0x787fe407836d	310	0xb8556	0x3137fc	0x3139de	+0x1e2	dispatch	0xcdac7	310	0xb8556	0x1e8	0x162	0xa8	0x99	0xd0ce	0x339a	e8016201a8009900ced09a331c968809df4913e8013e1db47be2ab00a9a94eef	prefix_32_of_482	0x8df97560	0x4a612e32	0x694cb90f	0x5f8f8af3	-0x9bd2e1c	0x3a	0x3a
2191	0x787fe407836d	310	0xb8556	0x3139de	0x313c4c	+0x26e	dispatch	0xcdac7	169	0x9af18	0x1e8	0xa5	0x154	0x12ac	0x99	0x6160	e801a5005401ac12990060615dd8ca85aa86fae801e80522b455bce3a77dd306	prefix_32_of_622	0x4a612e32	0x8f70318b	0x5f8f8af3	0xfbfb8b3c	+0x9c6c0049	0x3a	0x3a
2192	0x787fe407836d	169	0x9af18	0x313c4c	0x313e8f	+0x243	dispatch	0xcdac7	169	0x9af18	0xab	0x1e8	0x14d	0xe973	0x99	0xe987	ab00e8014d0173e9990087e926178cfb71d638e8010b62f5e882fa050f99789a	prefix_32_of_579	0x8f70318b	0xfed1df96	0xfbfb8b3c	0x58a4dcd6	-0xa356ae66	0x3a	0x3a
2193	0x787fe407836d	169	0x9af18	0x313e8f	0x314071	+0x1e2	dispatch	0xcdac7	169	0x9af18	0x162	0x1e8	0x9d	0xd4ff	0x99	0x3390	6201e8019d00ffd49900903337b623a8e5df73e8019798477690393ef22f9bcb	prefix_32_of_482	0xfed1df96	0x4ac60206	0x58a4dcd6	0x5ee7d2fb	+0x642f625	0x3a	0x3a
2194	0x787fe407836d	169	0x9af18	0x314071	0x3142df	+0x26e	dispatch	0xcdac7	310	0xb8556	0x162	0x1e8	0xa8	0x99	0xd4b6	0x9fd6	6201e801a8009900b6d4d69fbcef4e5f09e8011cb697d66ed299928e413a85b4	prefix_32_of_622	0x4ac60206	0x861eb185	0x5ee7d2fb	0xdf95e7f4	+0x80ae14f9	0x3a	0x3a
2195	0x787fe407836d	310	0xb8556	0x3142df	0x314522	+0x243	dispatch	0xcdac7	310	0xb8556	0x1e8	0xab	0xd7	0xa88	0xd888	0x227d	e801ab00d700880a88d87d220b07a29900b00ee801c9569798eedb0f85a424a2	prefix_32_of_579	0x861eb185	0x34a042ea	0xdf95e7f4	0x3ce04eeb	-0xa2b59909	0x3a	0x3a
2196	0x787fe407836d	310	0xb8556	0x314522	0x314704	+0x1e2	dispatch	0xcdac7	310	0xb8556	0x1e8	0x162	0xcb	0x9a07	0x7635	0x1ca1	e8016201cb00079a3576a11c1587d000e463e6e801744fab006005408141e30a	prefix_32_of_482	0x34a042ea	0xfcdeff37	0x3ce04eeb	0xfcd60600	+0xbff5b715	0x3a	0x3a
2197	0x787fe407836d	310	0xb8556	0x314704	0x314972	+0x26e	dispatch	0xcdac7	169	0x9af18	0x1e8	0x162	0x133	0x553a	0xc4b4	0x9913	e801620133013a55b4c41399000f9926d6e801b4c893293a145770293fba3bd7	prefix_32_of_622	0xfcdeff37	0xf8eeff37	0xfcd60600	0xf8e60910	-0x3effcf0	0x3a	0x3a
2198	0x787fe407836d	169	0x9af18	0x314972	0x314bb5	+0x243	dispatch	0xcdac7	310	0xb8556	0xab	0x1e8	0x133	0xd3a	0x17b0	0x3590	ab00e80133013a0db017903576da52830d9d9ee801174b3aac16ab007e67bbcf	prefix_32_of_579	0xf8eeff37	0x62662dfb	0xf8e60910	0xbffcca14	-0x38e93efc	0x3a	0x3a
2199	0x787fe407836d	310	0xb8556	0x314bb5	0x314d97	+0x1e2	dispatch	0xcdac7	169	0x9af18	0x1e8	0xa5	0x154	0xec4	0x99	0xdaa	e801a5005401c40e9900aa0d3e77f80828c29ae801209b1de1b283cc41d0003c	prefix_32_of_482	0x62662dfb	0xfadf7f2d	0xbffcca14	0xf21b0800	+0x321e3dec	0x3a	0x3a
2200	0x787fe407836d	169	0x9af18	0x314d97	0x315005	+0x26e	dispatch	0xcdac7	310	0xb8556	0x162	0x1e8	0x154	0x1334	0x99	0x1060	6201e80154013413990060103a1468c6d70e38e801880ac47c15400b7ef3eb03	prefix_32_of_622	0xfadf7f2d	0xe34473c6	0xf21b0800	0xe74477c6	-0xad6903a	0x3a	0x3a
2201	0x787fe407836d	310	0xb8556	0x315005	0x31522f	+0x22a	dispatch	0xcdac7	310	0xb8556	0x1e8	0xab	0x2b	0x7ded	0x99	0x9d3a	e801ab002b00ed7d99003a9daf99001ceee5a3e801abfa76d8093db434706b58	prefix_32_of_554	0xe34473c6	0x69b0303a	0xe74477c6	0x69145e5a	-0x7e30196c	0x3a	0x3a
2202	0x787fe407836d	310	0xb8556	0x31522f	0x315486	+0x257	dispatch	0xcdac7	169	0x9af18	0x1e8	0xab	0xc7	0x4f47	0x2c3a	0xae89	e801ab00c700474f3a2c89ae01349650eb981ae801bbffdce71f77f3025db1c8	prefix_32_of_599	0x69b0303a	0x841ab3c5	0x69145e5a	0x841ab3c5	+0x1b06556b	0x3a	0x3a
2203	0x787fe407836d	169	0x9af18	0x315486	0x3156ca	+0x244	dispatch	0xcdac7	169	0x9af18	0xa5	0x1e8	0x12	0x620	0xdc3a	0xfca3	a500e801120020063adca3fce00d85dd41f69ae801e0a76a83e8bb0003922025	prefix_32_of_580	0x841ab3c5	0xf613f930	0x841ab3c5	0x3ffce85e	-0x441dcb67	0x3a	0x3a
2204	0x787fe407836d	169	0x9af18	0x3156ca	0x315969	+0x29f	dispatch	0xcdac7	169	0x9af18	0xab	0x1e8	0x9d	0xcf07	0x99	0xf9a4	ab00e8019d0007cf9900a4f90133438c86ac48e801f3e7ab00737721d5bfd52a	prefix_32_of_671	0xf613f930	0x2ab32381	0x3ffce85e	0x2af72783	-0x1505c0db	0x3a	0x3a
2205	0x787fe407836d	169	0x9af18	0x315969	0x315bbf	+0x256	dispatch	0xcdac7	169	0x9af18	0xab	0x1e8	0x129	0x1e31	0x8ee1	0x6ea2	ab00e8012901311ee18ea26eeb88cf9ecf06bee8010aaba3094961d69865e9dc	prefix_32_of_598	0x2ab32381	0x6e5d9892	0x2af72783	0x4000d60c	+0x1509ae89	0x3a	0x3a
2206	0x787fe407836d	169	0x9af18	0x315bbf	0x310ca5	-0x4f1a	dispatch	0xcdac7	310	0xb8556	0xab	0x1e8	0x10c	0x1c4a	0x63e6	0x5af	ab00e8010c014a1ce663af053cd2e4092be80199f5de2fb4dd1429a30a54917a	backedge_sample	0x6e5d9892	0x148226cc	0x4000d60c	0xffaffb65	+0xbfaf2559	0x3a	0x3a
2207	0x787fe407836d	310	0xb8556	0x310ca5	0x310ef0	+0x24b	dispatch	0xcdac7	310	0xb8556	0x1e8	0xa5	0xcb	0x9ebf	0x7635	0x390	e801a500cb00bf9e35769003042ba8fcee6d9ce801f7d8ab009003dc5941168f	prefix_32_of_587	0x148226cc	0x14100010	0xffaffb65	0x3f0612b2	-0xc0a9e8b3	0x3a	0x3a
2208	0x787fe407836d	310	0xb8556	0x310ef0	0x311163	+0x273	dispatch	0xcdac7	169	0x9af18	0x1e8	0x162	0x154	0xf7c	0x99	0x92e7	e801620154017c0f9900e792dc1375ac08b602e801bf8c2f019289f5a0fa7e69	prefix_32_of_627	0x14100010	0xc83095f0	0x3f0612b2	0x400110fe	+0xfafe4c	0x3a	0x3a
2209	0x787fe407836d	169	0x9af18	0x311163	0x3113a5	+0x242	dispatch	0xcdac7	169	0x9af18	0xa5	0x1e8	0x10c	0x1c4a	0x67ae	0x6b6	a500e8010c014a1cae67b6063aa56428d9e80129f1186774139007d64940f679	prefix_32_of_578	0xc83095f0	0x7adeff2e	0x400110fe	0x78de0800	+0x38dcf702	0x3a	0x3a
2210	0x787fe407836d	169	0x9af18	0x3113a5	0x3115e7	+0x242	dispatch	0xcdac7	310	0xb8556	0x162	0x1e8	0xbd	0x99	0xe914	0x26e8	6201e801bd00990014e9e826ba56639900de34e8017709ab00041dab006485b4	prefix_32_of_578	0x7adeff2e	0x2948	0x78de0800	0x2948	-0x78dddeb8	0x3a	0x3a
2211	0x787fe407836d	310	0xb8556	0x3115e7	0x311829	+0x242	dispatch	0xcdac7	169	0x9af18	0x1e8	0xa5	0x9d	0xd56f	0x99	0xad8	e801a5009d006fd59900d80a53f58761012fcee8011603b240666e6e27e60d3a	prefix_32_of_578	0x2948	0x3acddfde	0x2948	0x585c5c02	+0x585c32ba	0x3a	0x3a
2212	0x787fe407836d	169	0x9af18	0x311829	0x311a6b	+0x242	dispatch	0xcdac7	169	0x9af18	0xab	0x1e8	0x151	0x94f0	0x99	0xfcec	ab00e8015101f0949900ecfc8b0cd809e4e80111f8d746656b7dce813884ab00	prefix_32_of_578	0x3acddfde	0xef1b287	0x585c5c02	0x69145f5a	+0x10b80358	0x3a	0x3a
2213	0x787fe407836d	169	0x9af18	0x311a6b	0x311cad	+0x242	dispatch	0xcdac7	310	0xb8556	0xa5	0x1e8	0x72	0x64cb	0xac8c	0x620	a500e8017200cb648cac200648efdaf5e0bf18e8015f2dab001a531a84d8ab00	prefix_32_of_578	0xef1b287	0x524c03c5	0x69145f5a	0x7df7dfda	+0x14e38080	0x3a	0x3a
2214	0x787fe407836d	310	0xb8556	0x311cad	0x311f69	+0x2bc	dispatch	0xcdac7	310	0xb8556	0x1e8	0xa5	0x10c	0x1c4a	0x6c86	0x7438	e801a5000c014a1c866c38749900ba703aa3e6e801859db8ec9f9147b7bebdaa	prefix_32_of_700	0x524c03c5	0x8e78f1da	0x7df7dfda	0xeb377ffe	+0x6d3fa024	0x3a	0x3a
2215	0x787fe407836d	310	0xb8556	0x311f69	0x31223a	+0x2d1	dispatch	0xcdac7	310	0xb8556	0x1e8	0xa5	0x14d	0xe523	0x99	0xe367	e801a5004d0123e5990067e332d17995c6459ee801880a70a4781ff2ff90977e	prefix_32_of_721	0x8e78f1da	0x8e4e0de5	0xeb377ffe	0x7bd7fefb	-0x6f5f8103	0x3a	0x3a
2216	0x787fe407836d	310	0xb8556	0x31223a	0x312464	+0x22a	dispatch	0xcdac7	169	0x9af18	0x1e8	0xab	0x151	0x9568	0x99	0xae47	e801ab0051016895990047ae9900f3a03a2e3ae801d80a443786cf06c648acd7	prefix_32_of_554	0x8e4e0de5	0x347541db	0x7bd7fefb	0x69945ffa	-0x12439f01	0x3a	0x3a
2217	0x787fe407836d	169	0x9af18	0x312464	0x31268e	+0x22a	dispatch	0xcdac7	310	0xb8556	0xab	0x1e8	0x42	0x97f9	0x8b3a	0x99da	ab00e8014200f9973a8bda99009a299900e801e4734b803a09b993007451ab00	prefix_32_of_554	0x347541db	0x5675bb90	0x69945ffa	0xffc76ef9	+0x96330eff	0x3a	0x3a
2218	0x787fe407836d	310	0xb8556	0x31268e	0x312868	+0x1da	dispatch	0xcdac7	169	0x9af18	0x1e8	0x162	0x10c	0x1c4a	0x6576	0x4392	e80162010c014a1c76659243358b8809c82954e8014c0cab0058019c10f7f483	prefix_32_of_474	0x5675bb90	0x221c12	0xffc76ef9	0x3f06a742	-0xc0c0c7b7	0x3a	0x3a
2219	0x787fe407836d	169	0x9af18	0x312868	0x312aee	+0x286	dispatch	0xcdac7	169	0x9af18	0xab	0x1e8	0x12	0x5e8	0xae3a	0xb4a5	ab00e8011200e8053aaea5b4a2606756d86000e801d80a90778a7301aa4f8cd8	prefix_32_of_646	0x221c12	0x8e3c0ca2	0x3f06a742	0x6f95fefa	+0x308f57b8	0x3a	0x3a
2220	0x787fe407836d	169	0x9af18	0x312aee	0x312cd0	+0x1e2	dispatch	0xcdac7	169	0x9af18	0x162	0x1e8	0x9d	0xd4ff	0x99	0x3810	6201e8019d00ffd499001038377504acaadc9ee80188acfa117cde3f9f9f57fa	prefix_32_of_482	0x8e3c0ca2	0xfbf79ddb	0x6f95fefa	0xf9f3eb74	+0x8a5dec7a	0x3a	0x3a
2221	0x787fe407836d	169	0x9af18	0x312cd0	0x312f26	+0x256	dispatch	0xcdac7	310	0xb8556	0x162	0x1e8	0xbd	0x99	0xe964	0x860	6201e801bd00990064e96008f0890e712b581de8014b1ac6d48406bceffeed89	prefix_32_of_598	0xfbf79ddb	0x4b8eb2de	0xf9f3eb74	0x7b1c5e5e	-0x7ed78d16	0x3a	0x3a
2222	0x787fe407836d	310	0xb8556	0x312f26	0x313169	+0x243	dispatch	0xcdac7	310	0xb8556	0x1e8	0x162	0xb9	0xa483	0x543a	0xcd68	e8016201b90083a43a5468cdd0817305599acde80104b48b0ce80544a5607c99	prefix_32_of_579	0x4b8eb2de	0x7afe7fef	0x7b1c5e5e	0x727e02a8	-0x89e5bb6	0x3a	0x3a
2223	0x787fe407836d	310	0xb8556	0x313169	0x31334b	+0x1e2	dispatch	0xcdac7	169	0x9af18	0x1e8	0xa5	0x151	0x99e0	0x99	0x2580	e801a5005101e09999008025faf2b3bb03cc5ae801979b477a218516bad00004	prefix_32_of_482	0x7afe7fef	0xce4d8465	0x727e02a8	0x7f3e7f7b	+0xcc07cd3	0x3a	0x3a
2224	0x787fe407836d	169	0x9af18	0x31334b	0x3135b9	+0x26e	dispatch	0xcdac7	169	0x9af18	0xa5	0x1e8	0x40	0xa81d	0x99	0x620	a500e80140001da899002006e89ff41597541ce801ab9e2ac633af3ada4c1da9	prefix_32_of_622	0xce4d8465	0xc917a90d	0x7f3e7f7b	0xc917a90d	+0x49d92992	0x3a	0x3a
2225	0x787fe407836d	169	0x9af18	0x3135b9	0x3137fc	+0x243	dispatch	0xcdac7	310	0xb8556	0x162	0x1e8	0x40	0xa2bd	0x99	0x1b17	6201e8014000bda29900171bab6f0801d4e8014ab2d76ef4e32006be862314d7	prefix_32_of_579	0xc917a90d	0x8df97560	0xc917a90d	0x694cb90f	-0x5fcaeffe	0x3a	0x3a
2226	0x787fe407836d	310	0xb8556	0x3137fc	0x3139de	+0x1e2	dispatch	0xcdac7	310	0xb8556	0x1e8	0x162	0xa8	0x99	0xd0ce	0x339a	e8016201a8009900ced09a331c968809df4913e8013e1db47be2ab00a9a94eef	prefix_32_of_482	0x8df97560	0x4a612e32	0x694cb90f	0x5f8f8af3	-0x9bd2e1c	0x3a	0x3a
2227	0x787fe407836d	310	0xb8556	0x3139de	0x313c4c	+0x26e	dispatch	0xcdac7	169	0x9af18	0x1e8	0xa5	0x154	0x12ac	0x99	0x6160	e801a5005401ac12990060615dd8ca85aa86fae801e80522b455bce3a77dd306	prefix_32_of_622	0x4a612e32	0x8f70318b	0x5f8f8af3	0xfbfb8b3c	+0x9c6c0049	0x3a	0x3a
2228	0x787fe407836d	169	0x9af18	0x313c4c	0x313e8f	+0x243	dispatch	0xcdac7	169	0x9af18	0xab	0x1e8	0x14d	0xe973	0x99	0xe987	ab00e8014d0173e9990087e926178cfb71d638e8010b62f5e882fa050f99789a	prefix_32_of_579	0x8f70318b	0xfed1df96	0xfbfb8b3c	0x58a4dcd6	-0xa356ae66	0x3a	0x3a
2229	0x787fe407836d	169	0x9af18	0x313e8f	0x314071	+0x1e2	dispatch	0xcdac7	169	0x9af18	0x162	0x1e8	0x9d	0xd4ff	0x99	0x3390	6201e8019d00ffd49900903337b623a8e5df73e8019798477690393ef22f9bcb	prefix_32_of_482	0xfed1df96	0x4ac60206	0x58a4dcd6	0x5ee7d2fb	+0x642f625	0x3a	0x3a
2230	0x787fe407836d	169	0x9af18	0x314071	0x3142df	+0x26e	dispatch	0xcdac7	310	0xb8556	0x162	0x1e8	0xa8	0x99	0xd4b6	0x9fd6	6201e801a8009900b6d4d69fbcef4e5f09e8011cb697d66ed299928e413a85b4	prefix_32_of_622	0x4ac60206	0x861eb185	0x5ee7d2fb	0xdf95e7f4	+0x80ae14f9	0x3a	0x3a
2231	0x787fe407836d	310	0xb8556	0x3142df	0x314522	+0x243	dispatch	0xcdac7	310	0xb8556	0x1e8	0xab	0xd7	0xa88	0xd888	0x227d	e801ab00d700880a88d87d220b07a29900b00ee801c9569798eedb0f85a424a2	prefix_32_of_579	0x861eb185	0x34a042ea	0xdf95e7f4	0x3ce04eeb	-0xa2b59909	0x3a	0x3a
2232	0x787fe407836d	310	0xb8556	0x314522	0x314704	+0x1e2	dispatch	0xcdac7	310	0xb8556	0x1e8	0x162	0xcb	0x9a07	0x7635	0x1ca1	e8016201cb00079a3576a11c1587d000e463e6e801744fab006005408141e30a	prefix_32_of_482	0x34a042ea	0xfcdeff37	0x3ce04eeb	0xfcd60600	+0xbff5b715	0x3a	0x3a
2233	0x787fe407836d	310	0xb8556	0x314704	0x314972	+0x26e	dispatch	0xcdac7	169	0x9af18	0x1e8	0x162	0x133	0x553a	0xc4b4	0x9913	e801620133013a55b4c41399000f9926d6e801b4c893293a145770293fba3bd7	prefix_32_of_622	0xfcdeff37	0xf8eeff37	0xfcd60600	0xf8e60910	-0x3effcf0	0x3a	0x3a
2234	0x787fe407836d	169	0x9af18	0x314972	0x314bb5	+0x243	dispatch	0xcdac7	310	0xb8556	0xab	0x1e8	0x133	0xd3a	0x17b0	0x3590	ab00e80133013a0db017903576da52830d9d9ee801174b3aac16ab007e67bbcf	prefix_32_of_579	0xf8eeff37	0x62662dfb	0xf8e60910	0xbffcca14	-0x38e93efc	0x3a	0x3a
2235	0x787fe407836d	310	0xb8556	0x314bb5	0x314d97	+0x1e2	dispatch	0xcdac7	169	0x9af18	0x1e8	0xa5	0x154	0xec4	0x99	0xdaa	e801a5005401c40e9900aa0d3e77f80828c29ae801209b1de1b283cc41d0003c	prefix_32_of_482	0x62662dfb	0xfadf7f2d	0xbffcca14	0xf21b0800	+0x321e3dec	0x3a	0x3a
2236	0x787fe407836d	169	0x9af18	0x314d97	0x315005	+0x26e	dispatch	0xcdac7	310	0xb8556	0x162	0x1e8	0x154	0x1334	0x99	0x1060	6201e80154013413990060103a1468c6d70e38e801880ac47c15400b7ef3eb03	prefix_32_of_622	0xfadf7f2d	0xe34473c6	0xf21b0800	0xe74477c6	-0xad6903a	0x3a	0x3a
2237	0x787fe407836d	310	0xb8556	0x315005	0x31522f	+0x22a	dispatch	0xcdac7	310	0xb8556	0x1e8	0xab	0x2b	0x7ded	0x99	0x9d3a	e801ab002b00ed7d99003a9daf99001ceee5a3e801abfa76d8093db434706b58	prefix_32_of_554	0xe34473c6	0x69b0303a	0xe74477c6	0x69145e5a	-0x7e30196c	0x3a	0x3a
2238	0x787fe407836d	310	0xb8556	0x31522f	0x315486	+0x257	dispatch	0xcdac7	169	0x9af18	0x1e8	0xab	0xc7	0x4f47	0x2c3a	0xae89	e801ab00c700474f3a2c89ae01349650eb981ae801bbffdce71f77f3025db1c8	prefix_32_of_599	0x69b0303a	0x841ab3c5	0x69145e5a	0x841ab3c5	+0x1b06556b	0x3a	0x3a
2239	0x787fe407836d	169	0x9af18	0x315486	0x3156ca	+0x244	dispatch	0xcdac7	169	0x9af18	0xa5	0x1e8	0x12	0x620	0xdc3a	0xfca3	a500e801120020063adca3fce00d85dd41f69ae801e0a76a83e8bb0003922025	prefix_32_of_580	0x841ab3c5	0xf613f930	0x841ab3c5	0x3ffce85e	-0x441dcb67	0x3a	0x3a
2240	0x787fe407836d	169	0x9af18	0x3156ca	0x315969	+0x29f	dispatch	0xcdac7	169	0x9af18	0xab	0x1e8	0x9d	0xcf07	0x99	0xf9a4	ab00e8019d0007cf9900a4f90133438c86ac48e801f3e7ab00737721d5bfd52a	prefix_32_of_671	0xf613f930	0x2ab32381	0x3ffce85e	0x2af72783	-0x1505c0db	0x3a	0x3a
2241	0x787fe407836d	169	0x9af18	0x315969	0x315bbf	+0x256	dispatch	0xcdac7	169	0x9af18	0xab	0x1e8	0x129	0x1e31	0x8ee1	0x6ea2	ab00e8012901311ee18ea26eeb88cf9ecf06bee8010aaba3094961d69865e9dc	prefix_32_of_598	0x2ab32381	0x6e5d9892	0x2af72783	0x4000d60c	+0x1509ae89	0x3a	0x3a
2242	0x787fe407836d	169	0x9af18	0x315bbf	0x310ca5	-0x4f1a	dispatch	0xcdac7	310	0xb8556	0xab	0x1e8	0x10c	0x1c4a	0x63e6	0x5af	ab00e8010c014a1ce663af053cd2e4092be80199f5de2fb4dd1429a30a54917a	backedge_sample	0x6e5d9892	0x148226cc	0x4000d60c	0xffaffb65	+0xbfaf2559	0x3a	0x3a
2243	0x787fe407836d	310	0xb8556	0x310ca5	0x310ef0	+0x24b	dispatch	0xcdac7	310	0xb8556	0x1e8	0xa5	0xcb	0x9ebf	0x7635	0x390	e801a500cb00bf9e35769003042ba8fcee6d9ce801f7d8ab009003dc5941168f	prefix_32_of_587	0x148226cc	0x14100010	0xffaffb65	0x3f0612b2	-0xc0a9e8b3	0x3a	0x3a
2244	0x787fe407836d	310	0xb8556	0x310ef0	0x311163	+0x273	dispatch	0xcdac7	169	0x9af18	0x1e8	0x162	0x154	0xf7c	0x99	0x92e7	e801620154017c0f9900e792dc1375ac08b602e801bf8c2f019289f5a0fa7e69	prefix_32_of_627	0x14100010	0xc83095f0	0x3f0612b2	0x400110fe	+0xfafe4c	0x3a	0x3a
2245	0x787fe407836d	169	0x9af18	0x311163	0x3113a5	+0x242	dispatch	0xcdac7	169	0x9af18	0xa5	0x1e8	0x10c	0x1c4a	0x67ae	0x6b6	a500e8010c014a1cae67b6063aa56428d9e80129f1186774139007d64940f679	prefix_32_of_578	0xc83095f0	0x7adeff2e	0x400110fe	0x78de0800	+0x38dcf702	0x3a	0x3a
2246	0x787fe407836d	169	0x9af18	0x3113a5	0x3115e7	+0x242	dispatch	0xcdac7	310	0xb8556	0x162	0x1e8	0xbd	0x99	0xe914	0x26e8	6201e801bd00990014e9e826ba56639900de34e8017709ab00041dab006485b4	prefix_32_of_578	0x7adeff2e	0x2948	0x78de0800	0x2948	-0x78dddeb8	0x3a	0x3a
2247	0x787fe407836d	310	0xb8556	0x3115e7	0x311829	+0x242	dispatch	0xcdac7	169	0x9af18	0x1e8	0xa5	0x9d	0xd56f	0x99	0xad8	e801a5009d006fd59900d80a53f58761012fcee8011603b240666e6e27e60d3a	prefix_32_of_578	0x2948	0x3acddfde	0x2948	0x585c5c02	+0x585c32ba	0x3a	0x3a
2248	0x787fe407836d	169	0x9af18	0x311829	0x311a6b	+0x242	dispatch	0xcdac7	169	0x9af18	0xab	0x1e8	0x151	0x94f0	0x99	0xfcec	ab00e8015101f0949900ecfc8b0cd809e4e80111f8d746656b7dce813884ab00	prefix_32_of_578	0x3acddfde	0xef1b287	0x585c5c02	0x69145f5a	+0x10b80358	0x3a	0x3a
2249	0x787fe407836d	169	0x9af18	0x311a6b	0x311cad	+0x242	dispatch	0xcdac7	310	0xb8556	0xa5	0x1e8	0x72	0x64cb	0xac8c	0x620	a500e8017200cb648cac200648efdaf5e0bf18e8015f2dab001a531a84d8ab00	prefix_32_of_578	0xef1b287	0x524c03c5	0x69145f5a	0x7df7dfda	+0x14e38080	0x3a	0x3a
2250	0x787fe407836d	310	0xb8556	0x311cad	0x311f69	+0x2bc	dispatch	0xcdac7	310	0xb8556	0x1e8	0xa5	0x10c	0x1c4a	0x6c86	0x7438	e801a5000c014a1c866c38749900ba703aa3e6e801859db8ec9f9147b7bebdaa	prefix_32_of_700	0x524c03c5	0x8e78f1da	0x7df7dfda	0xeb377ffe	+0x6d3fa024	0x3a	0x3a
2251	0x787fe407836d	310	0xb8556	0x311f69	0x31223a	+0x2d1	dispatch	0xcdac7	310	0xb8556	0x1e8	0xa5	0x14d	0xe523	0x99	0xe367	e801a5004d0123e5990067e332d17995c6459ee801880a70a4781ff2ff90977e	prefix_32_of_721	0x8e78f1da	0x8e4e0de5	0xeb377ffe	0x7bd7fefb	-0x6f5f8103	0x3a	0x3a
2252	0x787fe407836d	310	0xb8556	0x31223a	0x312464	+0x22a	dispatch	0xcdac7	169	0x9af18	0x1e8	0xab	0x151	0x9568	0x99	0xae47	e801ab0051016895990047ae9900f3a03a2e3ae801d80a443786cf06c648acd7	prefix_32_of_554	0x8e4e0de5	0x347541db	0x7bd7fefb	0x69945ffa	-0x12439f01	0x3a	0x3a
2253	0x787fe407836d	169	0x9af18	0x312464	0x31268e	+0x22a	dispatch	0xcdac7	310	0xb8556	0xab	0x1e8	0x42	0x97f9	0x8b3a	0x99da	ab00e8014200f9973a8bda99009a299900e801e4734b803a09b993007451ab00	prefix_32_of_554	0x347541db	0x5675bb90	0x69945ffa	0xffc76ef9	+0x96330eff	0x3a	0x3a
2254	0x787fe407836d	310	0xb8556	0x31268e	0x312868	+0x1da	dispatch	0xcdac7	169	0x9af18	0x1e8	0x162	0x10c	0x1c4a	0x6576	0x4392	e80162010c014a1c76659243358b8809c82954e8014c0cab0058019c10f7f483	prefix_32_of_474	0x5675bb90	0x221c12	0xffc76ef9	0x3f06a742	-0xc0c0c7b7	0x3a	0x3a
2255	0x787fe407836d	169	0x9af18	0x312868	0x312aee	+0x286	dispatch	0xcdac7	169	0x9af18	0xab	0x1e8	0x12	0x5e8	0xae3a	0xb4a5	ab00e8011200e8053aaea5b4a2606756d86000e801d80a90778a7301aa4f8cd8	prefix_32_of_646	0x221c12	0x8e3c0ca2	0x3f06a742	0x6f95fefa	+0x308f57b8	0x3a	0x3a
2256	0x787fe407836d	169	0x9af18	0x312aee	0x312cd0	+0x1e2	dispatch	0xcdac7	169	0x9af18	0x162	0x1e8	0x9d	0xd4ff	0x99	0x3810	6201e8019d00ffd499001038377504acaadc9ee80188acfa117cde3f9f9f57fa	prefix_32_of_482	0x8e3c0ca2	0xfbf79ddb	0x6f95fefa	0xf9f3eb74	+0x8a5dec7a	0x3a	0x3a
2257	0x787fe407836d	169	0x9af18	0x312cd0	0x312f26	+0x256	dispatch	0xcdac7	310	0xb8556	0x162	0x1e8	0xbd	0x99	0xe964	0x860	6201e801bd00990064e96008f0890e712b581de8014b1ac6d48406bceffeed89	prefix_32_of_598	0xfbf79ddb	0x4b8eb2de	0xf9f3eb74	0x7b1c5e5e	-0x7ed78d16	0x3a	0x3a
2258	0x787fe407836d	310	0xb8556	0x312f26	0x313169	+0x243	dispatch	0xcdac7	310	0xb8556	0x1e8	0x162	0xb9	0xa483	0x543a	0xcd68	e8016201b90083a43a5468cdd0817305599acde80104b48b0ce80544a5607c99	prefix_32_of_579	0x4b8eb2de	0x7afe7fef	0x7b1c5e5e	0x727e02a8	-0x89e5bb6	0x3a	0x3a
2259	0x787fe407836d	310	0xb8556	0x313169	0x31334b	+0x1e2	dispatch	0xcdac7	169	0x9af18	0x1e8	0xa5	0x151	0x99e0	0x99	0x2580	e801a5005101e09999008025faf2b3bb03cc5ae801979b477a218516bad00004	prefix_32_of_482	0x7afe7fef	0xce4d8465	0x727e02a8	0x7f3e7f7b	+0xcc07cd3	0x3a	0x3a
2260	0x787fe407836d	169	0x9af18	0x31334b	0x3135b9	+0x26e	dispatch	0xcdac7	169	0x9af18	0xa5	0x1e8	0x40	0xa81d	0x99	0x620	a500e80140001da899002006e89ff41597541ce801ab9e2ac633af3ada4c1da9	prefix_32_of_622	0xce4d8465	0xc917a90d	0x7f3e7f7b	0xc917a90d	+0x49d92992	0x3a	0x3a
2261	0x787fe407836d	169	0x9af18	0x3135b9	0x3137fc	+0x243	dispatch	0xcdac7	310	0xb8556	0x162	0x1e8	0x40	0xa2bd	0x99	0x1b17	6201e8014000bda29900171bab6f0801d4e8014ab2d76ef4e32006be862314d7	prefix_32_of_579	0xc917a90d	0x8df97560	0xc917a90d	0x694cb90f	-0x5fcaeffe	0x3a	0x3a
2262	0x787fe407836d	310	0xb8556	0x3137fc	0x3139de	+0x1e2	dispatch	0xcdac7	310	0xb8556	0x1e8	0x162	0xa8	0x99	0xd0ce	0x339a	e8016201a8009900ced09a331c968809df4913e8013e1db47be2ab00a9a94eef	prefix_32_of_482	0x8df97560	0x4a612e32	0x694cb90f	0x5f8f8af3	-0x9bd2e1c	0x3a	0x3a
2263	0x787fe407836d	310	0xb8556	0x3139de	0x313c4c	+0x26e	dispatch	0xcdac7	169	0x9af18	0x1e8	0xa5	0x154	0x12ac	0x99	0x6160	e801a5005401ac12990060615dd8ca85aa86fae801e80522b455bce3a77dd306	prefix_32_of_622	0x4a612e32	0x8f70318b	0x5f8f8af3	0xfbfb8b3c	+0x9c6c0049	0x3a	0x3a
2264	0x787fe407836d	169	0x9af18	0x313c4c	0x313e8f	+0x243	dispatch	0xcdac7	169	0x9af18	0xab	0x1e8	0x14d	0xe973	0x99	0xe987	ab00e8014d0173e9990087e926178cfb71d638e8010b62f5e882fa050f99789a	prefix_32_of_579	0x8f70318b	0xfed1df96	0xfbfb8b3c	0x58a4dcd6	-0xa356ae66	0x3a	0x3a
2265	0x787fe407836d	169	0x9af18	0x313e8f	0x314071	+0x1e2	dispatch	0xcdac7	169	0x9af18	0x162	0x1e8	0x9d	0xd4ff	0x99	0x3390	6201e8019d00ffd49900903337b623a8e5df73e8019798477690393ef22f9bcb	prefix_32_of_482	0xfed1df96	0x4ac60206	0x58a4dcd6	0x5ee7d2fb	+0x642f625	0x3a	0x3a
2266	0x787fe407836d	169	0x9af18	0x314071	0x3142df	+0x26e	dispatch	0xcdac7	310	0xb8556	0x162	0x1e8	0xa8	0x99	0xd4b6	0x9fd6	6201e801a8009900b6d4d69fbcef4e5f09e8011cb697d66ed299928e413a85b4	prefix_32_of_622	0x4ac60206	0x861eb185	0x5ee7d2fb	0xdf95e7f4	+0x80ae14f9	0x3a	0x3a
2267	0x787fe407836d	310	0xb8556	0x3142df	0x314522	+0x243	dispatch	0xcdac7	310	0xb8556	0x1e8	0xab	0xd7	0xa88	0xd888	0x227d	e801ab00d700880a88d87d220b07a29900b00ee801c9569798eedb0f85a424a2	prefix_32_of_579	0x861eb185	0x34a042ea	0xdf95e7f4	0x3ce04eeb	-0xa2b59909	0x3a	0x3a
2268	0x787fe407836d	310	0xb8556	0x314522	0x314704	+0x1e2	dispatch	0xcdac7	310	0xb8556	0x1e8	0x162	0xcb	0x9a07	0x7635	0x1ca1	e8016201cb00079a3576a11c1587d000e463e6e801744fab006005408141e30a	prefix_32_of_482	0x34a042ea	0xfcdeff37	0x3ce04eeb	0xfcd60600	+0xbff5b715	0x3a	0x3a
2269	0x787fe407836d	310	0xb8556	0x314704	0x314972	+0x26e	dispatch	0xcdac7	169	0x9af18	0x1e8	0x162	0x133	0x553a	0xc4b4	0x9913	e801620133013a55b4c41399000f9926d6e801b4c893293a145770293fba3bd7	prefix_32_of_622	0xfcdeff37	0xf8eeff37	0xfcd60600	0xf8e60910	-0x3effcf0	0x3a	0x3a
2270	0x787fe407836d	169	0x9af18	0x314972	0x314bb5	+0x243	dispatch	0xcdac7	310	0xb8556	0xab	0x1e8	0x133	0xd3a	0x17b0	0x3590	ab00e80133013a0db017903576da52830d9d9ee801174b3aac16ab007e67bbcf	prefix_32_of_579	0xf8eeff37	0x62662dfb	0xf8e60910	0xbffcca14	-0x38e93efc	0x3a	0x3a
2271	0x787fe407836d	310	0xb8556	0x314bb5	0x314d97	+0x1e2	dispatch	0xcdac7	169	0x9af18	0x1e8	0xa5	0x154	0xec4	0x99	0xdaa	e801a5005401c40e9900aa0d3e77f80828c29ae801209b1de1b283cc41d0003c	prefix_32_of_482	0x62662dfb	0xfadf7f2d	0xbffcca14	0xf21b0800	+0x321e3dec	0x3a	0x3a
2272	0x787fe407836d	169	0x9af18	0x314d97	0x315005	+0x26e	dispatch	0xcdac7	310	0xb8556	0x162	0x1e8	0x154	0x1334	0x99	0x1060	6201e80154013413990060103a1468c6d70e38e801880ac47c15400b7ef3eb03	prefix_32_of_622	0xfadf7f2d	0xe34473c6	0xf21b0800	0xe74477c6	-0xad6903a	0x3a	0x3a
2273	0x787fe407836d	310	0xb8556	0x315005	0x31522f	+0x22a	dispatch	0xcdac7	310	0xb8556	0x1e8	0xab	0x2b	0x7ded	0x99	0x9d3a	e801ab002b00ed7d99003a9daf99001ceee5a3e801abfa76d8093db434706b58	prefix_32_of_554	0xe34473c6	0x69b0303a	0xe74477c6	0x69145e5a	-0x7e30196c	0x3a	0x3a
2274	0x787fe407836d	310	0xb8556	0x31522f	0x315486	+0x257	dispatch	0xcdac7	169	0x9af18	0x1e8	0xab	0xc7	0x4f47	0x2c3a	0xae89	e801ab00c700474f3a2c89ae01349650eb981ae801bbffdce71f77f3025db1c8	prefix_32_of_599	0x69b0303a	0x841ab3c5	0x69145e5a	0x841ab3c5	+0x1b06556b	0x3a	0x3a
2275	0x787fe407836d	169	0x9af18	0x315486	0x3156ca	+0x244	dispatch	0xcdac7	169	0x9af18	0xa5	0x1e8	0x12	0x620	0xdc3a	0xfca3	a500e801120020063adca3fce00d85dd41f69ae801e0a76a83e8bb0003922025	prefix_32_of_580	0x841ab3c5	0xf613f930	0x841ab3c5	0x3ffce85e	-0x441dcb67	0x3a	0x3a
2276	0x787fe407836d	169	0x9af18	0x3156ca	0x315969	+0x29f	dispatch	0xcdac7	169	0x9af18	0xab	0x1e8	0x9d	0xcf07	0x99	0xf9a4	ab00e8019d0007cf9900a4f90133438c86ac48e801f3e7ab00737721d5bfd52a	prefix_32_of_671	0xf613f930	0x2ab32381	0x3ffce85e	0x2af72783	-0x1505c0db	0x3a	0x3a
2277	0x787fe407836d	169	0x9af18	0x315969	0x315bbf	+0x256	dispatch	0xcdac7	169	0x9af18	0xab	0x1e8	0x129	0x1e31	0x8ee1	0x6ea2	ab00e8012901311ee18ea26eeb88cf9ecf06bee8010aaba3094961d69865e9dc	prefix_32_of_598	0x2ab32381	0x6e5d9892	0x2af72783	0x4000d60c	+0x1509ae89	0x3a	0x3a
2278	0x787fe407836d	169	0x9af18	0x315bbf	0x310ca5	-0x4f1a	dispatch	0xcdac7	310	0xb8556	0xab	0x1e8	0x10c	0x1c4a	0x63e6	0x5af	ab00e8010c014a1ce663af053cd2e4092be80199f5de2fb4dd1429a30a54917a	backedge_sample	0x6e5d9892	0x148226cc	0x4000d60c	0xffaffb65	+0xbfaf2559	0x3a	0x3a
2279	0x787fe407836d	310	0xb8556	0x310ca5	0x310ef0	+0x24b	dispatch	0xcdac7	310	0xb8556	0x1e8	0xa5	0xcb	0x9ebf	0x7635	0x390	e801a500cb00bf9e35769003042ba8fcee6d9ce801f7d8ab009003dc5941168f	prefix_32_of_587	0x148226cc	0x14100010	0xffaffb65	0x3f0612b2	-0xc0a9e8b3	0x3a	0x3a
2280	0x787fe407836d	310	0xb8556	0x310ef0	0x311163	+0x273	dispatch	0xcdac7	169	0x9af18	0x1e8	0x162	0x154	0xf7c	0x99	0x92e7	e801620154017c0f9900e792dc1375ac08b602e801bf8c2f019289f5a0fa7e69	prefix_32_of_627	0x14100010	0xc83095f0	0x3f0612b2	0x400110fe	+0xfafe4c	0x3a	0x3a
2281	0x787fe407836d	169	0x9af18	0x311163	0x3113a5	+0x242	dispatch	0xcdac7	169	0x9af18	0xa5	0x1e8	0x10c	0x1c4a	0x67ae	0x6b6	a500e8010c014a1cae67b6063aa56428d9e80129f1186774139007d64940f679	prefix_32_of_578	0xc83095f0	0x7adeff2e	0x400110fe	0x78de0800	+0x38dcf702	0x3a	0x3a
2282	0x787fe407836d	169	0x9af18	0x3113a5	0x3115e7	+0x242	dispatch	0xcdac7	310	0xb8556	0x162	0x1e8	0xbd	0x99	0xe914	0x26e8	6201e801bd00990014e9e826ba56639900de34e8017709ab00041dab006485b4	prefix_32_of_578	0x7adeff2e	0x2948	0x78de0800	0x2948	-0x78dddeb8	0x3a	0x3a
2283	0x787fe407836d	310	0xb8556	0x3115e7	0x311829	+0x242	dispatch	0xcdac7	169	0x9af18	0x1e8	0xa5	0x9d	0xd56f	0x99	0xad8	e801a5009d006fd59900d80a53f58761012fcee8011603b240666e6e27e60d3a	prefix_32_of_578	0x2948	0x3acddfde	0x2948	0x585c5c02	+0x585c32ba	0x3a	0x3a
2284	0x787fe407836d	169	0x9af18	0x311829	0x311a6b	+0x242	dispatch	0xcdac7	169	0x9af18	0xab	0x1e8	0x151	0x94f0	0x99	0xfcec	ab00e8015101f0949900ecfc8b0cd809e4e80111f8d746656b7dce813884ab00	prefix_32_of_578	0x3acddfde	0xef1b287	0x585c5c02	0x69145f5a	+0x10b80358	0x3a	0x3a
2285	0x787fe407836d	169	0x9af18	0x311a6b	0x311cad	+0x242	dispatch	0xcdac7	310	0xb8556	0xa5	0x1e8	0x72	0x64cb	0xac8c	0x620	a500e8017200cb648cac200648efdaf5e0bf18e8015f2dab001a531a84d8ab00	prefix_32_of_578	0xef1b287	0x524c03c5	0x69145f5a	0x7df7dfda	+0x14e38080	0x3a	0x3a
2286	0x787fe407836d	310	0xb8556	0x311cad	0x311f69	+0x2bc	dispatch	0xcdac7	310	0xb8556	0x1e8	0xa5	0x10c	0x1c4a	0x6c86	0x7438	e801a5000c014a1c866c38749900ba703aa3e6e801859db8ec9f9147b7bebdaa	prefix_32_of_700	0x524c03c5	0x8e78f1da	0x7df7dfda	0xeb377ffe	+0x6d3fa024	0x3a	0x3a
2287	0x787fe407836d	310	0xb8556	0x311f69	0x31223a	+0x2d1	dispatch	0xcdac7	310	0xb8556	0x1e8	0xa5	0x14d	0xe523	0x99	0xe367	e801a5004d0123e5990067e332d17995c6459ee801880a70a4781ff2ff90977e	prefix_32_of_721	0x8e78f1da	0x8e4e0de5	0xeb377ffe	0x7bd7fefb	-0x6f5f8103	0x3a	0x3a
2288	0x787fe407836d	310	0xb8556	0x31223a	0x312464	+0x22a	dispatch	0xcdac7	169	0x9af18	0x1e8	0xab	0x151	0x9568	0x99	0xae47	e801ab0051016895990047ae9900f3a03a2e3ae801d80a443786cf06c648acd7	prefix_32_of_554	0x8e4e0de5	0x347541db	0x7bd7fefb	0x69945ffa	-0x12439f01	0x3a	0x3a
2289	0x787fe407836d	169	0x9af18	0x312464	0x31268e	+0x22a	dispatch	0xcdac7	310	0xb8556	0xab	0x1e8	0x42	0x97f9	0x8b3a	0x99da	ab00e8014200f9973a8bda99009a299900e801e4734b803a09b993007451ab00	prefix_32_of_554	0x347541db	0x5675bb90	0x69945ffa	0xffc76ef9	+0x96330eff	0x3a	0x3a
2290	0x787fe407836d	310	0xb8556	0x31268e	0x312868	+0x1da	dispatch	0xcdac7	169	0x9af18	0x1e8	0x162	0x10c	0x1c4a	0x6576	0x4392	e80162010c014a1c76659243358b8809c82954e8014c0cab0058019c10f7f483	prefix_32_of_474	0x5675bb90	0x221c12	0xffc76ef9	0x3f06a742	-0xc0c0c7b7	0x3a	0x3a
2291	0x787fe407836d	169	0x9af18	0x312868	0x312aee	+0x286	dispatch	0xcdac7	169	0x9af18	0xab	0x1e8	0x12	0x5e8	0xae3a	0xb4a5	ab00e8011200e8053aaea5b4a2606756d86000e801d80a90778a7301aa4f8cd8	prefix_32_of_646	0x221c12	0x8e3c0ca2	0x3f06a742	0x6f95fefa	+0x308f57b8	0x3a	0x3a
2292	0x787fe407836d	169	0x9af18	0x312aee	0x312cd0	+0x1e2	dispatch	0xcdac7	169	0x9af18	0x162	0x1e8	0x9d	0xd4ff	0x99	0x3810	6201e8019d00ffd499001038377504acaadc9ee80188acfa117cde3f9f9f57fa	prefix_32_of_482	0x8e3c0ca2	0xfbf79ddb	0x6f95fefa	0xf9f3eb74	+0x8a5dec7a	0x3a	0x3a
2293	0x787fe407836d	169	0x9af18	0x312cd0	0x312f26	+0x256	dispatch	0xcdac7	310	0xb8556	0x162	0x1e8	0xbd	0x99	0xe964	0x860	6201e801bd00990064e96008f0890e712b581de8014b1ac6d48406bceffeed89	prefix_32_of_598	0xfbf79ddb	0x4b8eb2de	0xf9f3eb74	0x7b1c5e5e	-0x7ed78d16	0x3a	0x3a
2294	0x787fe407836d	310	0xb8556	0x312f26	0x313169	+0x243	dispatch	0xcdac7	310	0xb8556	0x1e8	0x162	0xb9	0xa483	0x543a	0xcd68	e8016201b90083a43a5468cdd0817305599acde80104b48b0ce80544a5607c99	prefix_32_of_579	0x4b8eb2de	0x7afe7fef	0x7b1c5e5e	0x727e02a8	-0x89e5bb6	0x3a	0x3a
2295	0x787fe407836d	310	0xb8556	0x313169	0x31334b	+0x1e2	dispatch	0xcdac7	169	0x9af18	0x1e8	0xa5	0x151	0x99e0	0x99	0x2580	e801a5005101e09999008025faf2b3bb03cc5ae801979b477a218516bad00004	prefix_32_of_482	0x7afe7fef	0xce4d8465	0x727e02a8	0x7f3e7f7b	+0xcc07cd3	0x3a	0x3a
2296	0x787fe407836d	169	0x9af18	0x31334b	0x3135b9	+0x26e	dispatch	0xcdac7	169	0x9af18	0xa5	0x1e8	0x40	0xa81d	0x99	0x620	a500e80140001da899002006e89ff41597541ce801ab9e2ac633af3ada4c1da9	prefix_32_of_622	0xce4d8465	0xc917a90d	0x7f3e7f7b	0xc917a90d	+0x49d92992	0x3a	0x3a
2297	0x787fe407836d	169	0x9af18	0x3135b9	0x3137fc	+0x243	dispatch	0xcdac7	310	0xb8556	0x162	0x1e8	0x40	0xa2bd	0x99	0x1b17	6201e8014000bda29900171bab6f0801d4e8014ab2d76ef4e32006be862314d7	prefix_32_of_579	0xc917a90d	0x8df97560	0xc917a90d	0x694cb90f	-0x5fcaeffe	0x3a	0x3a
2298	0x787fe407836d	310	0xb8556	0x3137fc	0x3139de	+0x1e2	dispatch	0xcdac7	310	0xb8556	0x1e8	0x162	0xa8	0x99	0xd0ce	0x339a	e8016201a8009900ced09a331c968809df4913e8013e1db47be2ab00a9a94eef	prefix_32_of_482	0x8df97560	0x4a612e32	0x694cb90f	0x5f8f8af3	-0x9bd2e1c	0x3a	0x3a
2299	0x787fe407836d	310	0xb8556	0x3139de	0x313c4c	+0x26e	dispatch	0xcdac7	169	0x9af18	0x1e8	0xa5	0x154	0x12ac	0x99	0x6160	e801a5005401ac12990060615dd8ca85aa86fae801e80522b455bce3a77dd306	prefix_32_of_622	0x4a612e32	0x8f70318b	0x5f8f8af3	0xfbfb8b3c	+0x9c6c0049	0x3a	0x3a
2300	0x787fe407836d	169	0x9af18	0x313c4c	0x313e8f	+0x243	dispatch	0xcdac7	169	0x9af18	0xab	0x1e8	0x14d	0xe973	0x99	0xe987	ab00e8014d0173e9990087e926178cfb71d638e8010b62f5e882fa050f99789a	prefix_32_of_579	0x8f70318b	0xfed1df96	0xfbfb8b3c	0x58a4dcd6	-0xa356ae66	0x3a	0x3a
2301	0x787fe407836d	169	0x9af18	0x313e8f	0x314071	+0x1e2	dispatch	0xcdac7	169	0x9af18	0x162	0x1e8	0x9d	0xd4ff	0x99	0x3390	6201e8019d00ffd49900903337b623a8e5df73e8019798477690393ef22f9bcb	prefix_32_of_482	0xfed1df96	0x4ac60206	0x58a4dcd6	0x5ee7d2fb	+0x642f625	0x3a	0x3a
2302	0x787fe407836d	169	0x9af18	0x314071	0x3142df	+0x26e	dispatch	0xcdac7	310	0xb8556	0x162	0x1e8	0xa8	0x99	0xd4b6	0x9fd6	6201e801a8009900b6d4d69fbcef4e5f09e8011cb697d66ed299928e413a85b4	prefix_32_of_622	0x4ac60206	0x861eb185	0x5ee7d2fb	0xdf95e7f4	+0x80ae14f9	0x3a	0x3a
2303	0x787fe407836d	310	0xb8556	0x3142df	0x314522	+0x243	dispatch	0xcdac7	310	0xb8556	0x1e8	0xab	0xd7	0xa88	0xd888	0x227d	e801ab00d700880a88d87d220b07a29900b00ee801c9569798eedb0f85a424a2	prefix_32_of_579	0x861eb185	0x34a042ea	0xdf95e7f4	0x3ce04eeb	-0xa2b59909	0x3a	0x3a
2304	0x787fe407836d	310	0xb8556	0x314522	0x314704	+0x1e2	dispatch	0xcdac7	310	0xb8556	0x1e8	0x162	0xcb	0x9a07	0x7635	0x1ca1	e8016201cb00079a3576a11c1587d000e463e6e801744fab006005408141e30a	prefix_32_of_482	0x34a042ea	0xfcdeff37	0x3ce04eeb	0xfcd60600	+0xbff5b715	0x3a	0x3a
2305	0x787fe407836d	310	0xb8556	0x314704	0x314972	+0x26e	dispatch	0xcdac7	169	0x9af18	0x1e8	0x162	0x133	0x553a	0xc4b4	0x9913	e801620133013a55b4c41399000f9926d6e801b4c893293a145770293fba3bd7	prefix_32_of_622	0xfcdeff37	0xf8eeff37	0xfcd60600	0xf8e60910	-0x3effcf0	0x3a	0x3a
2306	0x787fe407836d	169	0x9af18	0x314972	0x314bb5	+0x243	dispatch	0xcdac7	310	0xb8556	0xab	0x1e8	0x133	0xd3a	0x17b0	0x3590	ab00e80133013a0db017903576da52830d9d9ee801174b3aac16ab007e67bbcf	prefix_32_of_579	0xf8eeff37	0x62662dfb	0xf8e60910	0xbffcca14	-0x38e93efc	0x3a	0x3a
2307	0x787fe407836d	310	0xb8556	0x314bb5	0x314d97	+0x1e2	dispatch	0xcdac7	169	0x9af18	0x1e8	0xa5	0x154	0xec4	0x99	0xdaa	e801a5005401c40e9900aa0d3e77f80828c29ae801209b1de1b283cc41d0003c	prefix_32_of_482	0x62662dfb	0xfadf7f2d	0xbffcca14	0xf21b0800	+0x321e3dec	0x3a	0x3a
2308	0x787fe407836d	169	0x9af18	0x314d97	0x315005	+0x26e	dispatch	0xcdac7	310	0xb8556	0x162	0x1e8	0x154	0x1334	0x99	0x1060	6201e80154013413990060103a1468c6d70e38e801880ac47c15400b7ef3eb03	prefix_32_of_622	0xfadf7f2d	0xe34473c6	0xf21b0800	0xe74477c6	-0xad6903a	0x3a	0x3a
2309	0x787fe407836d	310	0xb8556	0x315005	0x31522f	+0x22a	dispatch	0xcdac7	310	0xb8556	0x1e8	0xab	0x2b	0x7ded	0x99	0x9d3a	e801ab002b00ed7d99003a9daf99001ceee5a3e801abfa76d8093db434706b58	prefix_32_of_554	0xe34473c6	0x69b0303a	0xe74477c6	0x69145e5a	-0x7e30196c	0x3a	0x3a
2310	0x787fe407836d	310	0xb8556	0x31522f	0x315486	+0x257	dispatch	0xcdac7	169	0x9af18	0x1e8	0xab	0xc7	0x4f47	0x2c3a	0xae89	e801ab00c700474f3a2c89ae01349650eb981ae801bbffdce71f77f3025db1c8	prefix_32_of_599	0x69b0303a	0x841ab3c5	0x69145e5a	0x841ab3c5	+0x1b06556b	0x3a	0x3a
2311	0x787fe407836d	169	0x9af18	0x315486	0x3156ca	+0x244	dispatch	0xcdac7	169	0x9af18	0xa5	0x1e8	0x12	0x620	0xdc3a	0xfca3	a500e801120020063adca3fce00d85dd41f69ae801e0a76a83e8bb0003922025	prefix_32_of_580	0x841ab3c5	0xf613f930	0x841ab3c5	0x3ffce85e	-0x441dcb67	0x3a	0x3a
2312	0x787fe407836d	169	0x9af18	0x3156ca	0x315969	+0x29f	dispatch	0xcdac7	169	0x9af18	0xab	0x1e8	0x9d	0xcf07	0x99	0xf9a4	ab00e8019d0007cf9900a4f90133438c86ac48e801f3e7ab00737721d5bfd52a	prefix_32_of_671	0xf613f930	0x2ab32381	0x3ffce85e	0x2af72783	-0x1505c0db	0x3a	0x3a
2313	0x787fe407836d	169	0x9af18	0x315969	0x315bbf	+0x256	dispatch	0xcdac7	169	0x9af18	0xab	0x1e8	0x129	0x1e31	0x8ee1	0x6ea2	ab00e8012901311ee18ea26eeb88cf9ecf06bee8010aaba3094961d69865e9dc	prefix_32_of_598	0x2ab32381	0x6e5d9892	0x2af72783	0x4000d60c	+0x1509ae89	0x3a	0x3a
2314	0x787fe407836d	169	0x9af18	0x315bbf	0x310ca5	-0x4f1a	dispatch	0xcdac7	310	0xb8556	0xab	0x1e8	0x10c	0x1c4a	0x63e6	0x5af	ab00e8010c014a1ce663af053cd2e4092be80199f5de2fb4dd1429a30a54917a	backedge_sample	0x6e5d9892	0x148226cc	0x4000d60c	0xffaffb65	+0xbfaf2559	0x3a	0x3a
2315	0x787fe407836d	310	0xb8556	0x310ca5	0x310ef0	+0x24b	dispatch	0xcdac7	310	0xb8556	0x1e8	0xa5	0xcb	0x9ebf	0x7635	0x390	e801a500cb00bf9e35769003042ba8fcee6d9ce801f7d8ab009003dc5941168f	prefix_32_of_587	0x148226cc	0x14100010	0xffaffb65	0x3f0612b2	-0xc0a9e8b3	0x3a	0x3a
2316	0x787fe407836d	310	0xb8556	0x310ef0	0x311163	+0x273	dispatch	0xcdac7	169	0x9af18	0x1e8	0x162	0x154	0xf7c	0x99	0x92e7	e801620154017c0f9900e792dc1375ac08b602e801bf8c2f019289f5a0fa7e69	prefix_32_of_627	0x14100010	0xc83095f0	0x3f0612b2	0x400110fe	+0xfafe4c	0x3a	0x3a
2317	0x787fe407836d	169	0x9af18	0x311163	0x3113a5	+0x242	dispatch	0xcdac7	169	0x9af18	0xa5	0x1e8	0x10c	0x1c4a	0x67ae	0x6b6	a500e8010c014a1cae67b6063aa56428d9e80129f1186774139007d64940f679	prefix_32_of_578	0xc83095f0	0x7adeff2e	0x400110fe	0x78de0800	+0x38dcf702	0x3a	0x3a
2318	0x787fe407836d	169	0x9af18	0x3113a5	0x3115e7	+0x242	dispatch	0xcdac7	310	0xb8556	0x162	0x1e8	0xbd	0x99	0xe914	0x26e8	6201e801bd00990014e9e826ba56639900de34e8017709ab00041dab006485b4	prefix_32_of_578	0x7adeff2e	0x2948	0x78de0800	0x2948	-0x78dddeb8	0x3a	0x3a
2319	0x787fe407836d	310	0xb8556	0x3115e7	0x311829	+0x242	dispatch	0xcdac7	169	0x9af18	0x1e8	0xa5	0x9d	0xd56f	0x99	0xad8	e801a5009d006fd59900d80a53f58761012fcee8011603b240666e6e27e60d3a	prefix_32_of_578	0x2948	0x3acddfde	0x2948	0x585c5c02	+0x585c32ba	0x3a	0x3a
2320	0x787fe407836d	169	0x9af18	0x311829	0x311a6b	+0x242	dispatch	0xcdac7	169	0x9af18	0xab	0x1e8	0x151	0x94f0	0x99	0xfcec	ab00e8015101f0949900ecfc8b0cd809e4e80111f8d746656b7dce813884ab00	prefix_32_of_578	0x3acddfde	0xef1b287	0x585c5c02	0x69145f5a	+0x10b80358	0x3a	0x3a
2321	0x787fe407836d	169	0x9af18	0x311a6b	0x311cad	+0x242	dispatch	0xcdac7	310	0xb8556	0xa5	0x1e8	0x72	0x64cb	0xac8c	0x620	a500e8017200cb648cac200648efdaf5e0bf18e8015f2dab001a531a84d8ab00	prefix_32_of_578	0xef1b287	0x524c03c5	0x69145f5a	0x7df7dfda	+0x14e38080	0x3a	0x3a
2322	0x787fe407836d	310	0xb8556	0x311cad	0x311f69	+0x2bc	dispatch	0xcdac7	310	0xb8556	0x1e8	0xa5	0x10c	0x1c4a	0x6c86	0x7438	e801a5000c014a1c866c38749900ba703aa3e6e801859db8ec9f9147b7bebdaa	prefix_32_of_700	0x524c03c5	0x8e78f1da	0x7df7dfda	0xeb377ffe	+0x6d3fa024	0x3a	0x3a
2323	0x787fe407836d	310	0xb8556	0x311f69	0x31223a	+0x2d1	dispatch	0xcdac7	310	0xb8556	0x1e8	0xa5	0x14d	0xe523	0x99	0xe367	e801a5004d0123e5990067e332d17995c6459ee801880a70a4781ff2ff90977e	prefix_32_of_721	0x8e78f1da	0x8e4e0de5	0xeb377ffe	0x7bd7fefb	-0x6f5f8103	0x3a	0x3a
2324	0x787fe407836d	310	0xb8556	0x31223a	0x312464	+0x22a	dispatch	0xcdac7	169	0x9af18	0x1e8	0xab	0x151	0x9568	0x99	0xae47	e801ab0051016895990047ae9900f3a03a2e3ae801d80a443786cf06c648acd7	prefix_32_of_554	0x8e4e0de5	0x347541db	0x7bd7fefb	0x69945ffa	-0x12439f01	0x3a	0x3a
2325	0x787fe407836d	169	0x9af18	0x312464	0x31268e	+0x22a	dispatch	0xcdac7	310	0xb8556	0xab	0x1e8	0x42	0x97f9	0x8b3a	0x99da	ab00e8014200f9973a8bda99009a299900e801e4734b803a09b993007451ab00	prefix_32_of_554	0x347541db	0x5675bb90	0x69945ffa	0xffc76ef9	+0x96330eff	0x3a	0x3a
2326	0x787fe407836d	310	0xb8556	0x31268e	0x312868	+0x1da	dispatch	0xcdac7	169	0x9af18	0x1e8	0x162	0x10c	0x1c4a	0x6576	0x4392	e80162010c014a1c76659243358b8809c82954e8014c0cab0058019c10f7f483	prefix_32_of_474	0x5675bb90	0x221c12	0xffc76ef9	0x3f06a742	-0xc0c0c7b7	0x3a	0x3a
2327	0x787fe407836d	169	0x9af18	0x312868	0x312aee	+0x286	dispatch	0xcdac7	169	0x9af18	0xab	0x1e8	0x12	0x5e8	0xae3a	0xb4a5	ab00e8011200e8053aaea5b4a2606756d86000e801d80a90778a7301aa4f8cd8	prefix_32_of_646	0x221c12	0x8e3c0ca2	0x3f06a742	0x6f95fefa	+0x308f57b8	0x3a	0x3a
2328	0x787fe407836d	169	0x9af18	0x312aee	0x312cd0	+0x1e2	dispatch	0xcdac7	169	0x9af18	0x162	0x1e8	0x9d	0xd4ff	0x99	0x3810	6201e8019d00ffd499001038377504acaadc9ee80188acfa117cde3f9f9f57fa	prefix_32_of_482	0x8e3c0ca2	0xfbf79ddb	0x6f95fefa	0xf9f3eb74	+0x8a5dec7a	0x3a	0x3a
2329	0x787fe407836d	169	0x9af18	0x312cd0	0x312f26	+0x256	dispatch	0xcdac7	310	0xb8556	0x162	0x1e8	0xbd	0x99	0xe964	0x860	6201e801bd00990064e96008f0890e712b581de8014b1ac6d48406bceffeed89	prefix_32_of_598	0xfbf79ddb	0x4b8eb2de	0xf9f3eb74	0x7b1c5e5e	-0x7ed78d16	0x3a	0x3a
2330	0x787fe407836d	310	0xb8556	0x312f26	0x313169	+0x243	dispatch	0xcdac7	310	0xb8556	0x1e8	0x162	0xb9	0xa483	0x543a	0xcd68	e8016201b90083a43a5468cdd0817305599acde80104b48b0ce80544a5607c99	prefix_32_of_579	0x4b8eb2de	0x7afe7fef	0x7b1c5e5e	0x727e02a8	-0x89e5bb6	0x3a	0x3a
2331	0x787fe407836d	310	0xb8556	0x313169	0x31334b	+0x1e2	dispatch	0xcdac7	169	0x9af18	0x1e8	0xa5	0x151	0x99e0	0x99	0x2580	e801a5005101e09999008025faf2b3bb03cc5ae801979b477a218516bad00004	prefix_32_of_482	0x7afe7fef	0xce4d8465	0x727e02a8	0x7f3e7f7b	+0xcc07cd3	0x3a	0x3a
2332	0x787fe407836d	169	0x9af18	0x31334b	0x3135b9	+0x26e	dispatch	0xcdac7	169	0x9af18	0xa5	0x1e8	0x40	0xa81d	0x99	0x620	a500e80140001da899002006e89ff41597541ce801ab9e2ac633af3ada4c1da9	prefix_32_of_622	0xce4d8465	0xc917a90d	0x7f3e7f7b	0xc917a90d	+0x49d92992	0x3a	0x3a
2333	0x787fe407836d	169	0x9af18	0x3135b9	0x3137fc	+0x243	dispatch	0xcdac7	310	0xb8556	0x162	0x1e8	0x40	0xa2bd	0x99	0x1b17	6201e8014000bda29900171bab6f0801d4e8014ab2d76ef4e32006be862314d7	prefix_32_of_579	0xc917a90d	0x8df97560	0xc917a90d	0x694cb90f	-0x5fcaeffe	0x3a	0x3a
2334	0x787fe407836d	310	0xb8556	0x3137fc	0x3139de	+0x1e2	dispatch	0xcdac7	310	0xb8556	0x1e8	0x162	0xa8	0x99	0xd0ce	0x339a	e8016201a8009900ced09a331c968809df4913e8013e1db47be2ab00a9a94eef	prefix_32_of_482	0x8df97560	0x4a612e32	0x694cb90f	0x5f8f8af3	-0x9bd2e1c	0x3a	0x3a
2335	0x787fe407836d	310	0xb8556	0x3139de	0x313c4c	+0x26e	dispatch	0xcdac7	169	0x9af18	0x1e8	0xa5	0x154	0x12ac	0x99	0x6160	e801a5005401ac12990060615dd8ca85aa86fae801e80522b455bce3a77dd306	prefix_32_of_622	0x4a612e32	0x8f70318b	0x5f8f8af3	0xfbfb8b3c	+0x9c6c0049	0x3a	0x3a
2336	0x787fe407836d	169	0x9af18	0x313c4c	0x313e8f	+0x243	dispatch	0xcdac7	169	0x9af18	0xab	0x1e8	0x14d	0xe973	0x99	0xe987	ab00e8014d0173e9990087e926178cfb71d638e8010b62f5e882fa050f99789a	prefix_32_of_579	0x8f70318b	0xfed1df96	0xfbfb8b3c	0x58a4dcd6	-0xa356ae66	0x3a	0x3a
2337	0x787fe407836d	169	0x9af18	0x313e8f	0x314071	+0x1e2	dispatch	0xcdac7	169	0x9af18	0x162	0x1e8	0x9d	0xd4ff	0x99	0x3390	6201e8019d00ffd49900903337b623a8e5df73e8019798477690393ef22f9bcb	prefix_32_of_482	0xfed1df96	0x4ac60206	0x58a4dcd6	0x5ee7d2fb	+0x642f625	0x3a	0x3a
2338	0x787fe407836d	169	0x9af18	0x314071	0x3142df	+0x26e	dispatch	0xcdac7	310	0xb8556	0x162	0x1e8	0xa8	0x99	0xd4b6	0x9fd6	6201e801a8009900b6d4d69fbcef4e5f09e8011cb697d66ed299928e413a85b4	prefix_32_of_622	0x4ac60206	0x861eb185	0x5ee7d2fb	0xdf95e7f4	+0x80ae14f9	0x3a	0x3a
2339	0x787fe407836d	310	0xb8556	0x3142df	0x314522	+0x243	dispatch	0xcdac7	310	0xb8556	0x1e8	0xab	0xd7	0xa88	0xd888	0x227d	e801ab00d700880a88d87d220b07a29900b00ee801c9569798eedb0f85a424a2	prefix_32_of_579	0x861eb185	0x34a042ea	0xdf95e7f4	0x3ce04eeb	-0xa2b59909	0x3a	0x3a
2340	0x787fe407836d	310	0xb8556	0x314522	0x314704	+0x1e2	dispatch	0xcdac7	310	0xb8556	0x1e8	0x162	0xcb	0x9a07	0x7635	0x1ca1	e8016201cb00079a3576a11c1587d000e463e6e801744fab006005408141e30a	prefix_32_of_482	0x34a042ea	0xfcdeff37	0x3ce04eeb	0xfcd60600	+0xbff5b715	0x3a	0x3a
2341	0x787fe407836d	310	0xb8556	0x314704	0x314972	+0x26e	dispatch	0xcdac7	169	0x9af18	0x1e8	0x162	0x133	0x553a	0xc4b4	0x9913	e801620133013a55b4c41399000f9926d6e801b4c893293a145770293fba3bd7	prefix_32_of_622	0xfcdeff37	0xf8eeff37	0xfcd60600	0xf8e60910	-0x3effcf0	0x3a	0x3a
2342	0x787fe407836d	169	0x9af18	0x314972	0x314bb5	+0x243	dispatch	0xcdac7	310	0xb8556	0xab	0x1e8	0x133	0xd3a	0x17b0	0x3590	ab00e80133013a0db017903576da52830d9d9ee801174b3aac16ab007e67bbcf	prefix_32_of_579	0xf8eeff37	0x62662dfb	0xf8e60910	0xbffcca14	-0x38e93efc	0x3a	0x3a
2343	0x787fe407836d	310	0xb8556	0x314bb5	0x314d97	+0x1e2	dispatch	0xcdac7	169	0x9af18	0x1e8	0xa5	0x154	0xec4	0x99	0xdaa	e801a5005401c40e9900aa0d3e77f80828c29ae801209b1de1b283cc41d0003c	prefix_32_of_482	0x62662dfb	0xfadf7f2d	0xbffcca14	0xf21b0800	+0x321e3dec	0x3a	0x3a
2344	0x787fe407836d	169	0x9af18	0x314d97	0x315005	+0x26e	dispatch	0xcdac7	310	0xb8556	0x162	0x1e8	0x154	0x1334	0x99	0x1060	6201e80154013413990060103a1468c6d70e38e801880ac47c15400b7ef3eb03	prefix_32_of_622	0xfadf7f2d	0xe34473c6	0xf21b0800	0xe74477c6	-0xad6903a	0x3a	0x3a
2345	0x787fe407836d	310	0xb8556	0x315005	0x31522f	+0x22a	dispatch	0xcdac7	310	0xb8556	0x1e8	0xab	0x2b	0x7ded	0x99	0x9d3a	e801ab002b00ed7d99003a9daf99001ceee5a3e801abfa76d8093db434706b58	prefix_32_of_554	0xe34473c6	0x69b0303a	0xe74477c6	0x69145e5a	-0x7e30196c	0x3a	0x3a
2346	0x787fe407836d	310	0xb8556	0x31522f	0x315486	+0x257	dispatch	0xcdac7	169	0x9af18	0x1e8	0xab	0xc7	0x4f47	0x2c3a	0xae89	e801ab00c700474f3a2c89ae01349650eb981ae801bbffdce71f77f3025db1c8	prefix_32_of_599	0x69b0303a	0x841ab3c5	0x69145e5a	0x841ab3c5	+0x1b06556b	0x3a	0x3a
2347	0x787fe407836d	169	0x9af18	0x315486	0x3156ca	+0x244	dispatch	0xcdac7	169	0x9af18	0xa5	0x1e8	0x12	0x620	0xdc3a	0xfca3	a500e801120020063adca3fce00d85dd41f69ae801e0a76a83e8bb0003922025	prefix_32_of_580	0x841ab3c5	0xf613f930	0x841ab3c5	0x3ffce85e	-0x441dcb67	0x3a	0x3a
2348	0x787fe407836d	169	0x9af18	0x3156ca	0x315969	+0x29f	dispatch	0xcdac7	169	0x9af18	0xab	0x1e8	0x9d	0xcf07	0x99	0xf9a4	ab00e8019d0007cf9900a4f90133438c86ac48e801f3e7ab00737721d5bfd52a	prefix_32_of_671	0xf613f930	0x2ab32381	0x3ffce85e	0x2af72783	-0x1505c0db	0x3a	0x3a
2349	0x787fe407836d	169	0x9af18	0x315969	0x315bbf	+0x256	dispatch	0xcdac7	169	0x9af18	0xab	0x1e8	0x129	0x1e31	0x8ee1	0x6ea2	ab00e8012901311ee18ea26eeb88cf9ecf06bee8010aaba3094961d69865e9dc	prefix_32_of_598	0x2ab32381	0x6e5d9892	0x2af72783	0x4000d60c	+0x1509ae89	0x3a	0x3a
2350	0x787fe407836d	169	0x9af18	0x315bbf	0x310ca5	-0x4f1a	dispatch	0xcdac7	310	0xb8556	0xab	0x1e8	0x10c	0x1c4a	0x63e6	0x5af	ab00e8010c014a1ce663af053cd2e4092be80199f5de2fb4dd1429a30a54917a	backedge_sample	0x6e5d9892	0x148226cc	0x4000d60c	0xffaffb65	+0xbfaf2559	0x3a	0x3a
2351	0x787fe407836d	310	0xb8556	0x310ca5	0x310ef0	+0x24b	dispatch	0xcdac7	310	0xb8556	0x1e8	0xa5	0xcb	0x9ebf	0x7635	0x390	e801a500cb00bf9e35769003042ba8fcee6d9ce801f7d8ab009003dc5941168f	prefix_32_of_587	0x148226cc	0x14100010	0xffaffb65	0x3f0612b2	-0xc0a9e8b3	0x3a	0x3a
2352	0x787fe407836d	310	0xb8556	0x310ef0	0x311163	+0x273	dispatch	0xcdac7	169	0x9af18	0x1e8	0x162	0x154	0xf7c	0x99	0x92e7	e801620154017c0f9900e792dc1375ac08b602e801bf8c2f019289f5a0fa7e69	prefix_32_of_627	0x14100010	0xc83095f0	0x3f0612b2	0x400110fe	+0xfafe4c	0x3a	0x3a
2353	0x787fe407836d	169	0x9af18	0x311163	0x3113a5	+0x242	dispatch	0xcdac7	169	0x9af18	0xa5	0x1e8	0x10c	0x1c4a	0x67ae	0x6b6	a500e8010c014a1cae67b6063aa56428d9e80129f1186774139007d64940f679	prefix_32_of_578	0xc83095f0	0x7adeff2e	0x400110fe	0x78de0800	+0x38dcf702	0x3a	0x3a
2354	0x787fe407836d	169	0x9af18	0x3113a5	0x3115e7	+0x242	dispatch	0xcdac7	310	0xb8556	0x162	0x1e8	0xbd	0x99	0xe914	0x26e8	6201e801bd00990014e9e826ba56639900de34e8017709ab00041dab006485b4	prefix_32_of_578	0x7adeff2e	0x2948	0x78de0800	0x2948	-0x78dddeb8	0x3a	0x3a
2355	0x787fe407836d	310	0xb8556	0x3115e7	0x311829	+0x242	dispatch	0xcdac7	169	0x9af18	0x1e8	0xa5	0x9d	0xd56f	0x99	0xad8	e801a5009d006fd59900d80a53f58761012fcee8011603b240666e6e27e60d3a	prefix_32_of_578	0x2948	0x3acddfde	0x2948	0x585c5c02	+0x585c32ba	0x3a	0x3a
2356	0x787fe407836d	169	0x9af18	0x311829	0x311a6b	+0x242	dispatch	0xcdac7	169	0x9af18	0xab	0x1e8	0x151	0x94f0	0x99	0xfcec	ab00e8015101f0949900ecfc8b0cd809e4e80111f8d746656b7dce813884ab00	prefix_32_of_578	0x3acddfde	0xef1b287	0x585c5c02	0x69145f5a	+0x10b80358	0x3a	0x3a
2357	0x787fe407836d	169	0x9af18	0x311a6b	0x311cad	+0x242	dispatch	0xcdac7	310	0xb8556	0xa5	0x1e8	0x72	0x64cb	0xac8c	0x620	a500e8017200cb648cac200648efdaf5e0bf18e8015f2dab001a531a84d8ab00	prefix_32_of_578	0xef1b287	0x524c03c5	0x69145f5a	0x7df7dfda	+0x14e38080	0x3a	0x3a
2358	0x787fe407836d	310	0xb8556	0x311cad	0x311f69	+0x2bc	dispatch	0xcdac7	310	0xb8556	0x1e8	0xa5	0x10c	0x1c4a	0x6c86	0x7438	e801a5000c014a1c866c38749900ba703aa3e6e801859db8ec9f9147b7bebdaa	prefix_32_of_700	0x524c03c5	0x8e78f1da	0x7df7dfda	0xeb377ffe	+0x6d3fa024	0x3a	0x3a
2359	0x787fe407836d	310	0xb8556	0x311f69	0x31223a	+0x2d1	dispatch	0xcdac7	310	0xb8556	0x1e8	0xa5	0x14d	0xe523	0x99	0xe367	e801a5004d0123e5990067e332d17995c6459ee801880a70a4781ff2ff90977e	prefix_32_of_721	0x8e78f1da	0x8e4e0de5	0xeb377ffe	0x7bd7fefb	-0x6f5f8103	0x3a	0x3a
2360	0x787fe407836d	310	0xb8556	0x31223a	0x312464	+0x22a	dispatch	0xcdac7	169	0x9af18	0x1e8	0xab	0x151	0x9568	0x99	0xae47	e801ab0051016895990047ae9900f3a03a2e3ae801d80a443786cf06c648acd7	prefix_32_of_554	0x8e4e0de5	0x347541db	0x7bd7fefb	0x69945ffa	-0x12439f01	0x3a	0x3a
2361	0x787fe407836d	169	0x9af18	0x312464	0x31268e	+0x22a	dispatch	0xcdac7	310	0xb8556	0xab	0x1e8	0x42	0x97f9	0x8b3a	0x99da	ab00e8014200f9973a8bda99009a299900e801e4734b803a09b993007451ab00	prefix_32_of_554	0x347541db	0x5675bb90	0x69945ffa	0xffc76ef9	+0x96330eff	0x3a	0x3a
2362	0x787fe407836d	310	0xb8556	0x31268e	0x312868	+0x1da	dispatch	0xcdac7	169	0x9af18	0x1e8	0x162	0x10c	0x1c4a	0x6576	0x4392	e80162010c014a1c76659243358b8809c82954e8014c0cab0058019c10f7f483	prefix_32_of_474	0x5675bb90	0x221c12	0xffc76ef9	0x3f06a742	-0xc0c0c7b7	0x3a	0x3a
2363	0x787fe407836d	169	0x9af18	0x312868	0x312aee	+0x286	dispatch	0xcdac7	169	0x9af18	0xab	0x1e8	0x12	0x5e8	0xae3a	0xb4a5	ab00e8011200e8053aaea5b4a2606756d86000e801d80a90778a7301aa4f8cd8	prefix_32_of_646	0x221c12	0x8e3c0ca2	0x3f06a742	0x6f95fefa	+0x308f57b8	0x3a	0x3a
2364	0x787fe407836d	169	0x9af18	0x312aee	0x312cd0	+0x1e2	dispatch	0xcdac7	169	0x9af18	0x162	0x1e8	0x9d	0xd4ff	0x99	0x3810	6201e8019d00ffd499001038377504acaadc9ee80188acfa117cde3f9f9f57fa	prefix_32_of_482	0x8e3c0ca2	0xfbf79ddb	0x6f95fefa	0xf9f3eb74	+0x8a5dec7a	0x3a	0x3a
2365	0x787fe407836d	169	0x9af18	0x312cd0	0x312f26	+0x256	dispatch	0xcdac7	310	0xb8556	0x162	0x1e8	0xbd	0x99	0xe964	0x860	6201e801bd00990064e96008f0890e712b581de8014b1ac6d48406bceffeed89	prefix_32_of_598	0xfbf79ddb	0x4b8eb2de	0xf9f3eb74	0x7b1c5e5e	-0x7ed78d16	0x3a	0x3a
2366	0x787fe407836d	310	0xb8556	0x312f26	0x313169	+0x243	dispatch	0xcdac7	310	0xb8556	0x1e8	0x162	0xb9	0xa483	0x543a	0xcd68	e8016201b90083a43a5468cdd0817305599acde80104b48b0ce80544a5607c99	prefix_32_of_579	0x4b8eb2de	0x7afe7fef	0x7b1c5e5e	0x727e02a8	-0x89e5bb6	0x3a	0x3a
2367	0x787fe407836d	310	0xb8556	0x313169	0x31334b	+0x1e2	dispatch	0xcdac7	169	0x9af18	0x1e8	0xa5	0x151	0x99e0	0x99	0x2580	e801a5005101e09999008025faf2b3bb03cc5ae801979b477a218516bad00004	prefix_32_of_482	0x7afe7fef	0xce4d8465	0x727e02a8	0x7f3e7f7b	+0xcc07cd3	0x3a	0x3a
2368	0x787fe407836d	169	0x9af18	0x31334b	0x3135b9	+0x26e	dispatch	0xcdac7	169	0x9af18	0xa5	0x1e8	0x40	0xa81d	0x99	0x620	a500e80140001da899002006e89ff41597541ce801ab9e2ac633af3ada4c1da9	prefix_32_of_622	0xce4d8465	0xc917a90d	0x7f3e7f7b	0xc917a90d	+0x49d92992	0x3a	0x3a
2369	0x787fe407836d	169	0x9af18	0x3135b9	0x3137fc	+0x243	dispatch	0xcdac7	310	0xb8556	0x162	0x1e8	0x40	0xa2bd	0x99	0x1b17	6201e8014000bda29900171bab6f0801d4e8014ab2d76ef4e32006be862314d7	prefix_32_of_579	0xc917a90d	0x8df97560	0xc917a90d	0x694cb90f	-0x5fcaeffe	0x3a	0x3a
2370	0x787fe407836d	310	0xb8556	0x3137fc	0x3139de	+0x1e2	dispatch	0xcdac7	310	0xb8556	0x1e8	0x162	0xa8	0x99	0xd0ce	0x339a	e8016201a8009900ced09a331c968809df4913e8013e1db47be2ab00a9a94eef	prefix_32_of_482	0x8df97560	0x4a612e32	0x694cb90f	0x5f8f8af3	-0x9bd2e1c	0x3a	0x3a
2371	0x787fe407836d	310	0xb8556	0x3139de	0x313c4c	+0x26e	dispatch	0xcdac7	169	0x9af18	0x1e8	0xa5	0x154	0x12ac	0x99	0x6160	e801a5005401ac12990060615dd8ca85aa86fae801e80522b455bce3a77dd306	prefix_32_of_622	0x4a612e32	0x8f70318b	0x5f8f8af3	0xfbfb8b3c	+0x9c6c0049	0x3a	0x3a
2372	0x787fe407836d	169	0x9af18	0x313c4c	0x313e8f	+0x243	dispatch	0xcdac7	169	0x9af18	0xab	0x1e8	0x14d	0xe973	0x99	0xe987	ab00e8014d0173e9990087e926178cfb71d638e8010b62f5e882fa050f99789a	prefix_32_of_579	0x8f70318b	0xfed1df96	0xfbfb8b3c	0x58a4dcd6	-0xa356ae66	0x3a	0x3a
2373	0x787fe407836d	169	0x9af18	0x313e8f	0x314071	+0x1e2	dispatch	0xcdac7	169	0x9af18	0x162	0x1e8	0x9d	0xd4ff	0x99	0x3390	6201e8019d00ffd49900903337b623a8e5df73e8019798477690393ef22f9bcb	prefix_32_of_482	0xfed1df96	0x4ac60206	0x58a4dcd6	0x5ee7d2fb	+0x642f625	0x3a	0x3a
2374	0x787fe407836d	169	0x9af18	0x314071	0x3142df	+0x26e	dispatch	0xcdac7	310	0xb8556	0x162	0x1e8	0xa8	0x99	0xd4b6	0x9fd6	6201e801a8009900b6d4d69fbcef4e5f09e8011cb697d66ed299928e413a85b4	prefix_32_of_622	0x4ac60206	0x861eb185	0x5ee7d2fb	0xdf95e7f4	+0x80ae14f9	0x3a	0x3a
2375	0x787fe407836d	310	0xb8556	0x3142df	0x314522	+0x243	dispatch	0xcdac7	310	0xb8556	0x1e8	0xab	0xd7	0xa88	0xd888	0x227d	e801ab00d700880a88d87d220b07a29900b00ee801c9569798eedb0f85a424a2	prefix_32_of_579	0x861eb185	0x34a042ea	0xdf95e7f4	0x3ce04eeb	-0xa2b59909	0x3a	0x3a
2376	0x787fe407836d	310	0xb8556	0x314522	0x314704	+0x1e2	dispatch	0xcdac7	310	0xb8556	0x1e8	0x162	0xcb	0x9a07	0x7635	0x1ca1	e8016201cb00079a3576a11c1587d000e463e6e801744fab006005408141e30a	prefix_32_of_482	0x34a042ea	0xfcdeff37	0x3ce04eeb	0xfcd60600	+0xbff5b715	0x3a	0x3a
2377	0x787fe407836d	310	0xb8556	0x314704	0x314972	+0x26e	dispatch	0xcdac7	169	0x9af18	0x1e8	0x162	0x133	0x553a	0xc4b4	0x9913	e801620133013a55b4c41399000f9926d6e801b4c893293a145770293fba3bd7	prefix_32_of_622	0xfcdeff37	0xf8eeff37	0xfcd60600	0xf8e60910	-0x3effcf0	0x3a	0x3a
2378	0x787fe407836d	169	0x9af18	0x314972	0x314bb5	+0x243	dispatch	0xcdac7	310	0xb8556	0xab	0x1e8	0x133	0xd3a	0x17b0	0x3590	ab00e80133013a0db017903576da52830d9d9ee801174b3aac16ab007e67bbcf	prefix_32_of_579	0xf8eeff37	0x62662dfb	0xf8e60910	0xbffcca14	-0x38e93efc	0x3a	0x3a
2379	0x787fe407836d	310	0xb8556	0x314bb5	0x314d97	+0x1e2	dispatch	0xcdac7	169	0x9af18	0x1e8	0xa5	0x154	0xec4	0x99	0xdaa	e801a5005401c40e9900aa0d3e77f80828c29ae801209b1de1b283cc41d0003c	prefix_32_of_482	0x62662dfb	0xfadf7f2d	0xbffcca14	0xf21b0800	+0x321e3dec	0x3a	0x3a
2380	0x787fe407836d	169	0x9af18	0x314d97	0x315005	+0x26e	dispatch	0xcdac7	310	0xb8556	0x162	0x1e8	0x154	0x1334	0x99	0x1060	6201e80154013413990060103a1468c6d70e38e801880ac47c15400b7ef3eb03	prefix_32_of_622	0xfadf7f2d	0xe34473c6	0xf21b0800	0xe74477c6	-0xad6903a	0x3a	0x3a
2381	0x787fe407836d	310	0xb8556	0x315005	0x31522f	+0x22a	dispatch	0xcdac7	310	0xb8556	0x1e8	0xab	0x2b	0x7ded	0x99	0x9d3a	e801ab002b00ed7d99003a9daf99001ceee5a3e801abfa76d8093db434706b58	prefix_32_of_554	0xe34473c6	0x69b0303a	0xe74477c6	0x69145e5a	-0x7e30196c	0x3a	0x3a
2382	0x787fe407836d	310	0xb8556	0x31522f	0x315486	+0x257	dispatch	0xcdac7	169	0x9af18	0x1e8	0xab	0xc7	0x4f47	0x2c3a	0xae89	e801ab00c700474f3a2c89ae01349650eb981ae801bbffdce71f77f3025db1c8	prefix_32_of_599	0x69b0303a	0x841ab3c5	0x69145e5a	0x841ab3c5	+0x1b06556b	0x3a	0x3a
2383	0x787fe407836d	169	0x9af18	0x315486	0x3156ca	+0x244	dispatch	0xcdac7	169	0x9af18	0xa5	0x1e8	0x12	0x620	0xdc3a	0xfca3	a500e801120020063adca3fce00d85dd41f69ae801e0a76a83e8bb0003922025	prefix_32_of_580	0x841ab3c5	0xf613f930	0x841ab3c5	0x3ffce85e	-0x441dcb67	0x3a	0x3a
2384	0x787fe407836d	169	0x9af18	0x3156ca	0x315969	+0x29f	dispatch	0xcdac7	169	0x9af18	0xab	0x1e8	0x9d	0xcf07	0x99	0xf9a4	ab00e8019d0007cf9900a4f90133438c86ac48e801f3e7ab00737721d5bfd52a	prefix_32_of_671	0xf613f930	0x2ab32381	0x3ffce85e	0x2af72783	-0x1505c0db	0x3a	0x3a
2385	0x787fe407836d	169	0x9af18	0x315969	0x315bbf	+0x256	dispatch	0xcdac7	169	0x9af18	0xab	0x1e8	0x129	0x1e31	0x8ee1	0x6ea2	ab00e8012901311ee18ea26eeb88cf9ecf06bee8010aaba3094961d69865e9dc	prefix_32_of_598	0x2ab32381	0x6e5d9892	0x2af72783	0x4000d60c	+0x1509ae89	0x3a	0x3a
2386	0x787fe407836d	169	0x9af18	0x315bbf	0x310ca5	-0x4f1a	dispatch	0xcdac7	310	0xb8556	0xab	0x1e8	0x10c	0x1c4a	0x63e6	0x5af	ab00e8010c014a1ce663af053cd2e4092be80199f5de2fb4dd1429a30a54917a	backedge_sample	0x6e5d9892	0x148226cc	0x4000d60c	0xffaffb65	+0xbfaf2559	0x3a	0x3a
2387	0x787fe407836d	310	0xb8556	0x310ca5	0x310ef0	+0x24b	dispatch	0xcdac7	310	0xb8556	0x1e8	0xa5	0xcb	0x9ebf	0x7635	0x390	e801a500cb00bf9e35769003042ba8fcee6d9ce801f7d8ab009003dc5941168f	prefix_32_of_587	0x148226cc	0x14100010	0xffaffb65	0x3f0612b2	-0xc0a9e8b3	0x3a	0x3a
2388	0x787fe407836d	310	0xb8556	0x310ef0	0x311163	+0x273	dispatch	0xcdac7	169	0x9af18	0x1e8	0x162	0x154	0xf7c	0x99	0x92e7	e801620154017c0f9900e792dc1375ac08b602e801bf8c2f019289f5a0fa7e69	prefix_32_of_627	0x14100010	0xc83095f0	0x3f0612b2	0x400110fe	+0xfafe4c	0x3a	0x3a
2389	0x787fe407836d	169	0x9af18	0x311163	0x3113a5	+0x242	dispatch	0xcdac7	169	0x9af18	0xa5	0x1e8	0x10c	0x1c4a	0x67ae	0x6b6	a500e8010c014a1cae67b6063aa56428d9e80129f1186774139007d64940f679	prefix_32_of_578	0xc83095f0	0x7adeff2e	0x400110fe	0x78de0800	+0x38dcf702	0x3a	0x3a
2390	0x787fe407836d	169	0x9af18	0x3113a5	0x3115e7	+0x242	dispatch	0xcdac7	310	0xb8556	0x162	0x1e8	0xbd	0x99	0xe914	0x26e8	6201e801bd00990014e9e826ba56639900de34e8017709ab00041dab006485b4	prefix_32_of_578	0x7adeff2e	0x2948	0x78de0800	0x2948	-0x78dddeb8	0x3a	0x3a
2391	0x787fe407836d	310	0xb8556	0x3115e7	0x311829	+0x242	dispatch	0xcdac7	169	0x9af18	0x1e8	0xa5	0x9d	0xd56f	0x99	0xad8	e801a5009d006fd59900d80a53f58761012fcee8011603b240666e6e27e60d3a	prefix_32_of_578	0x2948	0x3acddfde	0x2948	0x585c5c02	+0x585c32ba	0x3a	0x3a
2392	0x787fe407836d	169	0x9af18	0x311829	0x311a6b	+0x242	dispatch	0xcdac7	169	0x9af18	0xab	0x1e8	0x151	0x94f0	0x99	0xfcec	ab00e8015101f0949900ecfc8b0cd809e4e80111f8d746656b7dce813884ab00	prefix_32_of_578	0x3acddfde	0xef1b287	0x585c5c02	0x69145f5a	+0x10b80358	0x3a	0x3a
2393	0x787fe407836d	169	0x9af18	0x311a6b	0x311cad	+0x242	dispatch	0xcdac7	310	0xb8556	0xa5	0x1e8	0x72	0x64cb	0xac8c	0x620	a500e8017200cb648cac200648efdaf5e0bf18e8015f2dab001a531a84d8ab00	prefix_32_of_578	0xef1b287	0x524c03c5	0x69145f5a	0x7df7dfda	+0x14e38080	0x3a	0x3a
2394	0x787fe407836d	310	0xb8556	0x311cad	0x311f69	+0x2bc	dispatch	0xcdac7	310	0xb8556	0x1e8	0xa5	0x10c	0x1c4a	0x6c86	0x7438	e801a5000c014a1c866c38749900ba703aa3e6e801859db8ec9f9147b7bebdaa	prefix_32_of_700	0x524c03c5	0x8e78f1da	0x7df7dfda	0xeb377ffe	+0x6d3fa024	0x3a	0x3a
2395	0x787fe407836d	310	0xb8556	0x311f69	0x31223a	+0x2d1	dispatch	0xcdac7	310	0xb8556	0x1e8	0xa5	0x14d	0xe523	0x99	0xe367	e801a5004d0123e5990067e332d17995c6459ee801880a70a4781ff2ff90977e	prefix_32_of_721	0x8e78f1da	0x8e4e0de5	0xeb377ffe	0x7bd7fefb	-0x6f5f8103	0x3a	0x3a
2396	0x787fe407836d	310	0xb8556	0x31223a	0x312464	+0x22a	dispatch	0xcdac7	169	0x9af18	0x1e8	0xab	0x151	0x9568	0x99	0xae47	e801ab0051016895990047ae9900f3a03a2e3ae801d80a443786cf06c648acd7	prefix_32_of_554	0x8e4e0de5	0x347541db	0x7bd7fefb	0x69945ffa	-0x12439f01	0x3a	0x3a
2397	0x787fe407836d	169	0x9af18	0x312464	0x31268e	+0x22a	dispatch	0xcdac7	310	0xb8556	0xab	0x1e8	0x42	0x97f9	0x8b3a	0x99da	ab00e8014200f9973a8bda99009a299900e801e4734b803a09b993007451ab00	prefix_32_of_554	0x347541db	0x5675bb90	0x69945ffa	0xffc76ef9	+0x96330eff	0x3a	0x3a
2398	0x787fe407836d	310	0xb8556	0x31268e	0x312868	+0x1da	dispatch	0xcdac7	169	0x9af18	0x1e8	0x162	0x10c	0x1c4a	0x6576	0x4392	e80162010c014a1c76659243358b8809c82954e8014c0cab0058019c10f7f483	prefix_32_of_474	0x5675bb90	0x221c12	0xffc76ef9	0x3f06a742	-0xc0c0c7b7	0x3a	0x3a
2399	0x787fe407836d	169	0x9af18	0x312868	0x312aee	+0x286	dispatch	0xcdac7	169	0x9af18	0xab	0x1e8	0x12	0x5e8	0xae3a	0xb4a5	ab00e8011200e8053aaea5b4a2606756d86000e801d80a90778a7301aa4f8cd8	prefix_32_of_646	0x221c12	0x8e3c0ca2	0x3f06a742	0x6f95fefa	+0x308f57b8	0x3a	0x3a
2400	0x787fe407836d	169	0x9af18	0x312aee	0x312cd0	+0x1e2	dispatch	0xcdac7	169	0x9af18	0x162	0x1e8	0x9d	0xd4ff	0x99	0x3810	6201e8019d00ffd499001038377504acaadc9ee80188acfa117cde3f9f9f57fa	prefix_32_of_482	0x8e3c0ca2	0xfbf79ddb	0x6f95fefa	0xf9f3eb74	+0x8a5dec7a	0x3a	0x3a
2401	0x787fe407836d	169	0x9af18	0x312cd0	0x312f26	+0x256	dispatch	0xcdac7	310	0xb8556	0x162	0x1e8	0xbd	0x99	0xe964	0x860	6201e801bd00990064e96008f0890e712b581de8014b1ac6d48406bceffeed89	prefix_32_of_598	0xfbf79ddb	0x4b8eb2de	0xf9f3eb74	0x7b1c5e5e	-0x7ed78d16	0x3a	0x3a
2402	0x787fe407836d	310	0xb8556	0x312f26	0x313169	+0x243	dispatch	0xcdac7	310	0xb8556	0x1e8	0x162	0xb9	0xa483	0x543a	0xcd68	e8016201b90083a43a5468cdd0817305599acde80104b48b0ce80544a5607c99	prefix_32_of_579	0x4b8eb2de	0x7afe7fef	0x7b1c5e5e	0x727e02a8	-0x89e5bb6	0x3a	0x3a
2403	0x787fe407836d	310	0xb8556	0x313169	0x31334b	+0x1e2	dispatch	0xcdac7	169	0x9af18	0x1e8	0xa5	0x151	0x99e0	0x99	0x2580	e801a5005101e09999008025faf2b3bb03cc5ae801979b477a218516bad00004	prefix_32_of_482	0x7afe7fef	0xce4d8465	0x727e02a8	0x7f3e7f7b	+0xcc07cd3	0x3a	0x3a
2404	0x787fe407836d	169	0x9af18	0x31334b	0x3135b9	+0x26e	dispatch	0xcdac7	169	0x9af18	0xa5	0x1e8	0x40	0xa81d	0x99	0x620	a500e80140001da899002006e89ff41597541ce801ab9e2ac633af3ada4c1da9	prefix_32_of_622	0xce4d8465	0xc917a90d	0x7f3e7f7b	0xc917a90d	+0x49d92992	0x3a	0x3a
2405	0x787fe407836d	169	0x9af18	0x3135b9	0x3137fc	+0x243	dispatch	0xcdac7	310	0xb8556	0x162	0x1e8	0x40	0xa2bd	0x99	0x1b17	6201e8014000bda29900171bab6f0801d4e8014ab2d76ef4e32006be862314d7	prefix_32_of_579	0xc917a90d	0x8df97560	0xc917a90d	0x694cb90f	-0x5fcaeffe	0x3a	0x3a
2406	0x787fe407836d	310	0xb8556	0x3137fc	0x3139de	+0x1e2	dispatch	0xcdac7	310	0xb8556	0x1e8	0x162	0xa8	0x99	0xd0ce	0x339a	e8016201a8009900ced09a331c968809df4913e8013e1db47be2ab00a9a94eef	prefix_32_of_482	0x8df97560	0x4a612e32	0x694cb90f	0x5f8f8af3	-0x9bd2e1c	0x3a	0x3a
2407	0x787fe407836d	310	0xb8556	0x3139de	0x313c4c	+0x26e	dispatch	0xcdac7	169	0x9af18	0x1e8	0xa5	0x154	0x12ac	0x99	0x6160	e801a5005401ac12990060615dd8ca85aa86fae801e80522b455bce3a77dd306	prefix_32_of_622	0x4a612e32	0x8f70318b	0x5f8f8af3	0xfbfb8b3c	+0x9c6c0049	0x3a	0x3a
2408	0x787fe407836d	169	0x9af18	0x313c4c	0x313e8f	+0x243	dispatch	0xcdac7	169	0x9af18	0xab	0x1e8	0x14d	0xe973	0x99	0xe987	ab00e8014d0173e9990087e926178cfb71d638e8010b62f5e882fa050f99789a	prefix_32_of_579	0x8f70318b	0xfed1df96	0xfbfb8b3c	0x58a4dcd6	-0xa356ae66	0x3a	0x3a
2409	0x787fe407836d	169	0x9af18	0x313e8f	0x314071	+0x1e2	dispatch	0xcdac7	169	0x9af18	0x162	0x1e8	0x9d	0xd4ff	0x99	0x3390	6201e8019d00ffd49900903337b623a8e5df73e8019798477690393ef22f9bcb	prefix_32_of_482	0xfed1df96	0x4ac60206	0x58a4dcd6	0x5ee7d2fb	+0x642f625	0x3a	0x3a
2410	0x787fe407836d	169	0x9af18	0x314071	0x3142df	+0x26e	dispatch	0xcdac7	310	0xb8556	0x162	0x1e8	0xa8	0x99	0xd4b6	0x9fd6	6201e801a8009900b6d4d69fbcef4e5f09e8011cb697d66ed299928e413a85b4	prefix_32_of_622	0x4ac60206	0x861eb185	0x5ee7d2fb	0xdf95e7f4	+0x80ae14f9	0x3a	0x3a
2411	0x787fe407836d	310	0xb8556	0x3142df	0x314522	+0x243	dispatch	0xcdac7	310	0xb8556	0x1e8	0xab	0xd7	0xa88	0xd888	0x227d	e801ab00d700880a88d87d220b07a29900b00ee801c9569798eedb0f85a424a2	prefix_32_of_579	0x861eb185	0x34a042ea	0xdf95e7f4	0x3ce04eeb	-0xa2b59909	0x3a	0x3a
2412	0x787fe407836d	310	0xb8556	0x314522	0x314704	+0x1e2	dispatch	0xcdac7	310	0xb8556	0x1e8	0x162	0xcb	0x9a07	0x7635	0x1ca1	e8016201cb00079a3576a11c1587d000e463e6e801744fab006005408141e30a	prefix_32_of_482	0x34a042ea	0xfcdeff37	0x3ce04eeb	0xfcd60600	+0xbff5b715	0x3a	0x3a
2413	0x787fe407836d	310	0xb8556	0x314704	0x314972	+0x26e	dispatch	0xcdac7	169	0x9af18	0x1e8	0x162	0x133	0x553a	0xc4b4	0x9913	e801620133013a55b4c41399000f9926d6e801b4c893293a145770293fba3bd7	prefix_32_of_622	0xfcdeff37	0xf8eeff37	0xfcd60600	0xf8e60910	-0x3effcf0	0x3a	0x3a
2414	0x787fe407836d	169	0x9af18	0x314972	0x314bb5	+0x243	dispatch	0xcdac7	310	0xb8556	0xab	0x1e8	0x133	0xd3a	0x17b0	0x3590	ab00e80133013a0db017903576da52830d9d9ee801174b3aac16ab007e67bbcf	prefix_32_of_579	0xf8eeff37	0x62662dfb	0xf8e60910	0xbffcca14	-0x38e93efc	0x3a	0x3a
2415	0x787fe407836d	310	0xb8556	0x314bb5	0x314d97	+0x1e2	dispatch	0xcdac7	169	0x9af18	0x1e8	0xa5	0x154	0xec4	0x99	0xdaa	e801a5005401c40e9900aa0d3e77f80828c29ae801209b1de1b283cc41d0003c	prefix_32_of_482	0x62662dfb	0xfadf7f2d	0xbffcca14	0xf21b0800	+0x321e3dec	0x3a	0x3a
2416	0x787fe407836d	169	0x9af18	0x314d97	0x315005	+0x26e	dispatch	0xcdac7	310	0xb8556	0x162	0x1e8	0x154	0x1334	0x99	0x1060	6201e80154013413990060103a1468c6d70e38e801880ac47c15400b7ef3eb03	prefix_32_of_622	0xfadf7f2d	0xe34473c6	0xf21b0800	0xe74477c6	-0xad6903a	0x3a	0x3a
2417	0x787fe407836d	310	0xb8556	0x315005	0x31522f	+0x22a	dispatch	0xcdac7	310	0xb8556	0x1e8	0xab	0x2b	0x7ded	0x99	0x9d3a	e801ab002b00ed7d99003a9daf99001ceee5a3e801abfa76d8093db434706b58	prefix_32_of_554	0xe34473c6	0x69b0303a	0xe74477c6	0x69145e5a	-0x7e30196c	0x3a	0x3a
2418	0x787fe407836d	310	0xb8556	0x31522f	0x315486	+0x257	dispatch	0xcdac7	169	0x9af18	0x1e8	0xab	0xc7	0x4f47	0x2c3a	0xae89	e801ab00c700474f3a2c89ae01349650eb981ae801bbffdce71f77f3025db1c8	prefix_32_of_599	0x69b0303a	0x841ab3c5	0x69145e5a	0x841ab3c5	+0x1b06556b	0x3a	0x3a
2419	0x787fe407836d	169	0x9af18	0x315486	0x3156ca	+0x244	dispatch	0xcdac7	169	0x9af18	0xa5	0x1e8	0x12	0x620	0xdc3a	0xfca3	a500e801120020063adca3fce00d85dd41f69ae801e0a76a83e8bb0003922025	prefix_32_of_580	0x841ab3c5	0xf613f930	0x841ab3c5	0x3ffce85e	-0x441dcb67	0x3a	0x3a
2420	0x787fe407836d	169	0x9af18	0x3156ca	0x315969	+0x29f	dispatch	0xcdac7	169	0x9af18	0xab	0x1e8	0x9d	0xcf07	0x99	0xf9a4	ab00e8019d0007cf9900a4f90133438c86ac48e801f3e7ab00737721d5bfd52a	prefix_32_of_671	0xf613f930	0x2ab32381	0x3ffce85e	0x2af72783	-0x1505c0db	0x3a	0x3a
2421	0x787fe407836d	169	0x9af18	0x315969	0x315bbf	+0x256	dispatch	0xcdac7	169	0x9af18	0xab	0x1e8	0x129	0x1e31	0x8ee1	0x6ea2	ab00e8012901311ee18ea26eeb88cf9ecf06bee8010aaba3094961d69865e9dc	prefix_32_of_598	0x2ab32381	0x6e5d9892	0x2af72783	0x4000d60c	+0x1509ae89	0x3a	0x3a
2422	0x787fe407836d	169	0x9af18	0x315bbf	0x310ca5	-0x4f1a	dispatch	0xcdac7	310	0xb8556	0xab	0x1e8	0x10c	0x1c4a	0x63e6	0x5af	ab00e8010c014a1ce663af053cd2e4092be80199f5de2fb4dd1429a30a54917a	backedge_sample	0x6e5d9892	0x148226cc	0x4000d60c	0xffaffb65	+0xbfaf2559	0x3a	0x3a
2423	0x787fe407836d	310	0xb8556	0x310ca5	0x310ef0	+0x24b	dispatch	0xcdac7	310	0xb8556	0x1e8	0xa5	0xcb	0x9ebf	0x7635	0x390	e801a500cb00bf9e35769003042ba8fcee6d9ce801f7d8ab009003dc5941168f	prefix_32_of_587	0x148226cc	0x14100010	0xffaffb65	0x3f0612b2	-0xc0a9e8b3	0x3a	0x3a
2424	0x787fe407836d	310	0xb8556	0x310ef0	0x311163	+0x273	dispatch	0xcdac7	169	0x9af18	0x1e8	0x162	0x154	0xf7c	0x99	0x92e7	e801620154017c0f9900e792dc1375ac08b602e801bf8c2f019289f5a0fa7e69	prefix_32_of_627	0x14100010	0xc83095f0	0x3f0612b2	0x400110fe	+0xfafe4c	0x3a	0x3a
2425	0x787fe407836d	169	0x9af18	0x311163	0x3113a5	+0x242	dispatch	0xcdac7	169	0x9af18	0xa5	0x1e8	0x10c	0x1c4a	0x67ae	0x6b6	a500e8010c014a1cae67b6063aa56428d9e80129f1186774139007d64940f679	prefix_32_of_578	0xc83095f0	0x7adeff2e	0x400110fe	0x78de0800	+0x38dcf702	0x3a	0x3a
2426	0x787fe407836d	169	0x9af18	0x3113a5	0x3115e7	+0x242	dispatch	0xcdac7	310	0xb8556	0x162	0x1e8	0xbd	0x99	0xe914	0x26e8	6201e801bd00990014e9e826ba56639900de34e8017709ab00041dab006485b4	prefix_32_of_578	0x7adeff2e	0x2948	0x78de0800	0x2948	-0x78dddeb8	0x3a	0x3a
2427	0x787fe407836d	310	0xb8556	0x3115e7	0x311829	+0x242	dispatch	0xcdac7	169	0x9af18	0x1e8	0xa5	0x9d	0xd56f	0x99	0xad8	e801a5009d006fd59900d80a53f58761012fcee8011603b240666e6e27e60d3a	prefix_32_of_578	0x2948	0x3acddfde	0x2948	0x585c5c02	+0x585c32ba	0x3a	0x3a
2428	0x787fe407836d	169	0x9af18	0x311829	0x311a6b	+0x242	dispatch	0xcdac7	169	0x9af18	0xab	0x1e8	0x151	0x94f0	0x99	0xfcec	ab00e8015101f0949900ecfc8b0cd809e4e80111f8d746656b7dce813884ab00	prefix_32_of_578	0x3acddfde	0xef1b287	0x585c5c02	0x69145f5a	+0x10b80358	0x3a	0x3a
2429	0x787fe407836d	169	0x9af18	0x311a6b	0x311cad	+0x242	dispatch	0xcdac7	310	0xb8556	0xa5	0x1e8	0x72	0x64cb	0xac8c	0x620	a500e8017200cb648cac200648efdaf5e0bf18e8015f2dab001a531a84d8ab00	prefix_32_of_578	0xef1b287	0x524c03c5	0x69145f5a	0x7df7dfda	+0x14e38080	0x3a	0x3a
2430	0x787fe407836d	310	0xb8556	0x311cad	0x311f69	+0x2bc	dispatch	0xcdac7	310	0xb8556	0x1e8	0xa5	0x10c	0x1c4a	0x6c86	0x7438	e801a5000c014a1c866c38749900ba703aa3e6e801859db8ec9f9147b7bebdaa	prefix_32_of_700	0x524c03c5	0x8e78f1da	0x7df7dfda	0xeb377ffe	+0x6d3fa024	0x3a	0x3a
2431	0x787fe407836d	310	0xb8556	0x311f69	0x31223a	+0x2d1	dispatch	0xcdac7	310	0xb8556	0x1e8	0xa5	0x14d	0xe523	0x99	0xe367	e801a5004d0123e5990067e332d17995c6459ee801880a70a4781ff2ff90977e	prefix_32_of_721	0x8e78f1da	0x8e4e0de5	0xeb377ffe	0x7bd7fefb	-0x6f5f8103	0x3a	0x3a
2432	0x787fe407836d	310	0xb8556	0x31223a	0x312464	+0x22a	dispatch	0xcdac7	169	0x9af18	0x1e8	0xab	0x151	0x9568	0x99	0xae47	e801ab0051016895990047ae9900f3a03a2e3ae801d80a443786cf06c648acd7	prefix_32_of_554	0x8e4e0de5	0x347541db	0x7bd7fefb	0x69945ffa	-0x12439f01	0x3a	0x3a
2433	0x787fe407836d	169	0x9af18	0x312464	0x31268e	+0x22a	dispatch	0xcdac7	310	0xb8556	0xab	0x1e8	0x42	0x97f9	0x8b3a	0x99da	ab00e8014200f9973a8bda99009a299900e801e4734b803a09b993007451ab00	prefix_32_of_554	0x347541db	0x5675bb90	0x69945ffa	0xffc76ef9	+0x96330eff	0x3a	0x3a
2434	0x787fe407836d	310	0xb8556	0x31268e	0x312868	+0x1da	dispatch	0xcdac7	169	0x9af18	0x1e8	0x162	0x10c	0x1c4a	0x6576	0x4392	e80162010c014a1c76659243358b8809c82954e8014c0cab0058019c10f7f483	prefix_32_of_474	0x5675bb90	0x221c12	0xffc76ef9	0x3f06a742	-0xc0c0c7b7	0x3a	0x3a
2435	0x787fe407836d	169	0x9af18	0x312868	0x312aee	+0x286	dispatch	0xcdac7	169	0x9af18	0xab	0x1e8	0x12	0x5e8	0xae3a	0xb4a5	ab00e8011200e8053aaea5b4a2606756d86000e801d80a90778a7301aa4f8cd8	prefix_32_of_646	0x221c12	0x8e3c0ca2	0x3f06a742	0x6f95fefa	+0x308f57b8	0x3a	0x3a
2436	0x787fe407836d	169	0x9af18	0x312aee	0x312cd0	+0x1e2	dispatch	0xcdac7	169	0x9af18	0x162	0x1e8	0x9d	0xd4ff	0x99	0x3810	6201e8019d00ffd499001038377504acaadc9ee80188acfa117cde3f9f9f57fa	prefix_32_of_482	0x8e3c0ca2	0xfbf79ddb	0x6f95fefa	0xf9f3eb74	+0x8a5dec7a	0x3a	0x3a
2437	0x787fe407836d	169	0x9af18	0x312cd0	0x312f26	+0x256	dispatch	0xcdac7	310	0xb8556	0x162	0x1e8	0xbd	0x99	0xe964	0x860	6201e801bd00990064e96008f0890e712b581de8014b1ac6d48406bceffeed89	prefix_32_of_598	0xfbf79ddb	0x4b8eb2de	0xf9f3eb74	0x7b1c5e5e	-0x7ed78d16	0x3a	0x3a
2438	0x787fe407836d	310	0xb8556	0x312f26	0x313169	+0x243	dispatch	0xcdac7	310	0xb8556	0x1e8	0x162	0xb9	0xa483	0x543a	0xcd68	e8016201b90083a43a5468cdd0817305599acde80104b48b0ce80544a5607c99	prefix_32_of_579	0x4b8eb2de	0x7afe7fef	0x7b1c5e5e	0x727e02a8	-0x89e5bb6	0x3a	0x3a
2439	0x787fe407836d	310	0xb8556	0x313169	0x31334b	+0x1e2	dispatch	0xcdac7	169	0x9af18	0x1e8	0xa5	0x151	0x99e0	0x99	0x2580	e801a5005101e09999008025faf2b3bb03cc5ae801979b477a218516bad00004	prefix_32_of_482	0x7afe7fef	0xce4d8465	0x727e02a8	0x7f3e7f7b	+0xcc07cd3	0x3a	0x3a
2440	0x787fe407836d	169	0x9af18	0x31334b	0x3135b9	+0x26e	dispatch	0xcdac7	169	0x9af18	0xa5	0x1e8	0x40	0xa81d	0x99	0x620	a500e80140001da899002006e89ff41597541ce801ab9e2ac633af3ada4c1da9	prefix_32_of_622	0xce4d8465	0xc917a90d	0x7f3e7f7b	0xc917a90d	+0x49d92992	0x3a	0x3a
2441	0x787fe407836d	169	0x9af18	0x3135b9	0x3137fc	+0x243	dispatch	0xcdac7	310	0xb8556	0x162	0x1e8	0x40	0xa2bd	0x99	0x1b17	6201e8014000bda29900171bab6f0801d4e8014ab2d76ef4e32006be862314d7	prefix_32_of_579	0xc917a90d	0x8df97560	0xc917a90d	0x694cb90f	-0x5fcaeffe	0x3a	0x3a
2442	0x787fe407836d	310	0xb8556	0x3137fc	0x3139de	+0x1e2	dispatch	0xcdac7	310	0xb8556	0x1e8	0x162	0xa8	0x99	0xd0ce	0x339a	e8016201a8009900ced09a331c968809df4913e8013e1db47be2ab00a9a94eef	prefix_32_of_482	0x8df97560	0x4a612e32	0x694cb90f	0x5f8f8af3	-0x9bd2e1c	0x3a	0x3a
2443	0x787fe407836d	310	0xb8556	0x3139de	0x313c4c	+0x26e	dispatch	0xcdac7	169	0x9af18	0x1e8	0xa5	0x154	0x12ac	0x99	0x6160	e801a5005401ac12990060615dd8ca85aa86fae801e80522b455bce3a77dd306	prefix_32_of_622	0x4a612e32	0x8f70318b	0x5f8f8af3	0xfbfb8b3c	+0x9c6c0049	0x3a	0x3a
2444	0x787fe407836d	169	0x9af18	0x313c4c	0x313e8f	+0x243	dispatch	0xcdac7	169	0x9af18	0xab	0x1e8	0x14d	0xe973	0x99	0xe987	ab00e8014d0173e9990087e926178cfb71d638e8010b62f5e882fa050f99789a	prefix_32_of_579	0x8f70318b	0xfed1df96	0xfbfb8b3c	0x58a4dcd6	-0xa356ae66	0x3a	0x3a
2445	0x787fe407836d	169	0x9af18	0x313e8f	0x314071	+0x1e2	dispatch	0xcdac7	169	0x9af18	0x162	0x1e8	0x9d	0xd4ff	0x99	0x3390	6201e8019d00ffd49900903337b623a8e5df73e8019798477690393ef22f9bcb	prefix_32_of_482	0xfed1df96	0x4ac60206	0x58a4dcd6	0x5ee7d2fb	+0x642f625	0x3a	0x3a
2446	0x787fe407836d	169	0x9af18	0x314071	0x3142df	+0x26e	dispatch	0xcdac7	310	0xb8556	0x162	0x1e8	0xa8	0x99	0xd4b6	0x9fd6	6201e801a8009900b6d4d69fbcef4e5f09e8011cb697d66ed299928e413a85b4	prefix_32_of_622	0x4ac60206	0x861eb185	0x5ee7d2fb	0xdf95e7f4	+0x80ae14f9	0x3a	0x3a
2447	0x787fe407836d	310	0xb8556	0x3142df	0x314522	+0x243	dispatch	0xcdac7	310	0xb8556	0x1e8	0xab	0xd7	0xa88	0xd888	0x227d	e801ab00d700880a88d87d220b07a29900b00ee801c9569798eedb0f85a424a2	prefix_32_of_579	0x861eb185	0x34a042ea	0xdf95e7f4	0x3ce04eeb	-0xa2b59909	0x3a	0x3a
2448	0x787fe407836d	310	0xb8556	0x314522	0x314704	+0x1e2	dispatch	0xcdac7	310	0xb8556	0x1e8	0x162	0xcb	0x9a07	0x7635	0x1ca1	e8016201cb00079a3576a11c1587d000e463e6e801744fab006005408141e30a	prefix_32_of_482	0x34a042ea	0xfcdeff37	0x3ce04eeb	0xfcd60600	+0xbff5b715	0x3a	0x3a
2449	0x787fe407836d	310	0xb8556	0x314704	0x314972	+0x26e	dispatch	0xcdac7	169	0x9af18	0x1e8	0x162	0x133	0x553a	0xc4b4	0x9913	e801620133013a55b4c41399000f9926d6e801b4c893293a145770293fba3bd7	prefix_32_of_622	0xfcdeff37	0xf8eeff37	0xfcd60600	0xf8e60910	-0x3effcf0	0x3a	0x3a
2450	0x787fe407836d	169	0x9af18	0x314972	0x314bb5	+0x243	dispatch	0xcdac7	310	0xb8556	0xab	0x1e8	0x133	0xd3a	0x17b0	0x3590	ab00e80133013a0db017903576da52830d9d9ee801174b3aac16ab007e67bbcf	prefix_32_of_579	0xf8eeff37	0x62662dfb	0xf8e60910	0xbffcca14	-0x38e93efc	0x3a	0x3a
2451	0x787fe407836d	310	0xb8556	0x314bb5	0x314d97	+0x1e2	dispatch	0xcdac7	169	0x9af18	0x1e8	0xa5	0x154	0xec4	0x99	0xdaa	e801a5005401c40e9900aa0d3e77f80828c29ae801209b1de1b283cc41d0003c	prefix_32_of_482	0x62662dfb	0xfadf7f2d	0xbffcca14	0xf21b0800	+0x321e3dec	0x3a	0x3a
2452	0x787fe407836d	169	0x9af18	0x314d97	0x315005	+0x26e	dispatch	0xcdac7	310	0xb8556	0x162	0x1e8	0x154	0x1334	0x99	0x1060	6201e80154013413990060103a1468c6d70e38e801880ac47c15400b7ef3eb03	prefix_32_of_622	0xfadf7f2d	0xe34473c6	0xf21b0800	0xe74477c6	-0xad6903a	0x3a	0x3a
2453	0x787fe407836d	310	0xb8556	0x315005	0x31522f	+0x22a	dispatch	0xcdac7	310	0xb8556	0x1e8	0xab	0x2b	0x7ded	0x99	0x9d3a	e801ab002b00ed7d99003a9daf99001ceee5a3e801abfa76d8093db434706b58	prefix_32_of_554	0xe34473c6	0x69b0303a	0xe74477c6	0x69145e5a	-0x7e30196c	0x3a	0x3a
2454	0x787fe407836d	310	0xb8556	0x31522f	0x315486	+0x257	dispatch	0xcdac7	169	0x9af18	0x1e8	0xab	0xc7	0x4f47	0x2c3a	0xae89	e801ab00c700474f3a2c89ae01349650eb981ae801bbffdce71f77f3025db1c8	prefix_32_of_599	0x69b0303a	0x841ab3c5	0x69145e5a	0x841ab3c5	+0x1b06556b	0x3a	0x3a
2455	0x787fe407836d	169	0x9af18	0x315486	0x3156ca	+0x244	dispatch	0xcdac7	169	0x9af18	0xa5	0x1e8	0x12	0x620	0xdc3a	0xfca3	a500e801120020063adca3fce00d85dd41f69ae801e0a76a83e8bb0003922025	prefix_32_of_580	0x841ab3c5	0xf613f930	0x841ab3c5	0x3ffce85e	-0x441dcb67	0x3a	0x3a
2456	0x787fe407836d	169	0x9af18	0x3156ca	0x315969	+0x29f	dispatch	0xcdac7	169	0x9af18	0xab	0x1e8	0x9d	0xcf07	0x99	0xf9a4	ab00e8019d0007cf9900a4f90133438c86ac48e801f3e7ab00737721d5bfd52a	prefix_32_of_671	0xf613f930	0x2ab32381	0x3ffce85e	0x2af72783	-0x1505c0db	0x3a	0x3a
2457	0x787fe407836d	169	0x9af18	0x315969	0x315bbf	+0x256	dispatch	0xcdac7	169	0x9af18	0xab	0x1e8	0x129	0x1e31	0x8ee1	0x6ea2	ab00e8012901311ee18ea26eeb88cf9ecf06bee8010aaba3094961d69865e9dc	prefix_32_of_598	0x2ab32381	0x6e5d9892	0x2af72783	0x4000d60c	+0x1509ae89	0x3a	0x3a
2458	0x787fe407836d	169	0x9af18	0x315bbf	0x310ca5	-0x4f1a	dispatch	0xcdac7	310	0xb8556	0xab	0x1e8	0x10c	0x1c4a	0x63e6	0x5af	ab00e8010c014a1ce663af053cd2e4092be80199f5de2fb4dd1429a30a54917a	backedge_sample	0x6e5d9892	0x148226cc	0x4000d60c	0xffaffb65	+0xbfaf2559	0x3a	0x3a
2459	0x787fe407836d	310	0xb8556	0x310ca5	0x310ef0	+0x24b	dispatch	0xcdac7	310	0xb8556	0x1e8	0xa5	0xcb	0x9ebf	0x7635	0x390	e801a500cb00bf9e35769003042ba8fcee6d9ce801f7d8ab009003dc5941168f	prefix_32_of_587	0x148226cc	0x14100010	0xffaffb65	0x3f0612b2	-0xc0a9e8b3	0x3a	0x3a
2460	0x787fe407836d	310	0xb8556	0x310ef0	0x311163	+0x273	dispatch	0xcdac7	169	0x9af18	0x1e8	0x162	0x154	0xf7c	0x99	0x92e7	e801620154017c0f9900e792dc1375ac08b602e801bf8c2f019289f5a0fa7e69	prefix_32_of_627	0x14100010	0xc83095f0	0x3f0612b2	0x400110fe	+0xfafe4c	0x3a	0x3a
2461	0x787fe407836d	169	0x9af18	0x311163	0x3113a5	+0x242	dispatch	0xcdac7	169	0x9af18	0xa5	0x1e8	0x10c	0x1c4a	0x67ae	0x6b6	a500e8010c014a1cae67b6063aa56428d9e80129f1186774139007d64940f679	prefix_32_of_578	0xc83095f0	0x7adeff2e	0x400110fe	0x78de0800	+0x38dcf702	0x3a	0x3a
2462	0x787fe407836d	169	0x9af18	0x3113a5	0x3115e7	+0x242	dispatch	0xcdac7	310	0xb8556	0x162	0x1e8	0xbd	0x99	0xe914	0x26e8	6201e801bd00990014e9e826ba56639900de34e8017709ab00041dab006485b4	prefix_32_of_578	0x7adeff2e	0x2948	0x78de0800	0x2948	-0x78dddeb8	0x3a	0x3a
2463	0x787fe407836d	310	0xb8556	0x3115e7	0x311829	+0x242	dispatch	0xcdac7	169	0x9af18	0x1e8	0xa5	0x9d	0xd56f	0x99	0xad8	e801a5009d006fd59900d80a53f58761012fcee8011603b240666e6e27e60d3a	prefix_32_of_578	0x2948	0x3acddfde	0x2948	0x585c5c02	+0x585c32ba	0x3a	0x3a
2464	0x787fe407836d	169	0x9af18	0x311829	0x311a6b	+0x242	dispatch	0xcdac7	169	0x9af18	0xab	0x1e8	0x151	0x94f0	0x99	0xfcec	ab00e8015101f0949900ecfc8b0cd809e4e80111f8d746656b7dce813884ab00	prefix_32_of_578	0x3acddfde	0xef1b287	0x585c5c02	0x69145f5a	+0x10b80358	0x3a	0x3a
2465	0x787fe407836d	169	0x9af18	0x311a6b	0x311cad	+0x242	dispatch	0xcdac7	310	0xb8556	0xa5	0x1e8	0x72	0x64cb	0xac8c	0x620	a500e8017200cb648cac200648efdaf5e0bf18e8015f2dab001a531a84d8ab00	prefix_32_of_578	0xef1b287	0x524c03c5	0x69145f5a	0x7df7dfda	+0x14e38080	0x3a	0x3a
2466	0x787fe407836d	310	0xb8556	0x311cad	0x311f69	+0x2bc	dispatch	0xcdac7	310	0xb8556	0x1e8	0xa5	0x10c	0x1c4a	0x6c86	0x7438	e801a5000c014a1c866c38749900ba703aa3e6e801859db8ec9f9147b7bebdaa	prefix_32_of_700	0x524c03c5	0x8e78f1da	0x7df7dfda	0xeb377ffe	+0x6d3fa024	0x3a	0x3a
2467	0x787fe407836d	310	0xb8556	0x311f69	0x31223a	+0x2d1	dispatch	0xcdac7	310	0xb8556	0x1e8	0xa5	0x14d	0xe523	0x99	0xe367	e801a5004d0123e5990067e332d17995c6459ee801880a70a4781ff2ff90977e	prefix_32_of_721	0x8e78f1da	0x8e4e0de5	0xeb377ffe	0x7bd7fefb	-0x6f5f8103	0x3a	0x3a
2468	0x787fe407836d	310	0xb8556	0x31223a	0x312464	+0x22a	dispatch	0xcdac7	169	0x9af18	0x1e8	0xab	0x151	0x9568	0x99	0xae47	e801ab0051016895990047ae9900f3a03a2e3ae801d80a443786cf06c648acd7	prefix_32_of_554	0x8e4e0de5	0x347541db	0x7bd7fefb	0x69945ffa	-0x12439f01	0x3a	0x3a
2469	0x787fe407836d	169	0x9af18	0x312464	0x31268e	+0x22a	dispatch	0xcdac7	310	0xb8556	0xab	0x1e8	0x42	0x97f9	0x8b3a	0x99da	ab00e8014200f9973a8bda99009a299900e801e4734b803a09b993007451ab00	prefix_32_of_554	0x347541db	0x5675bb90	0x69945ffa	0xffc76ef9	+0x96330eff	0x3a	0x3a
2470	0x787fe407836d	310	0xb8556	0x31268e	0x312868	+0x1da	dispatch	0xcdac7	169	0x9af18	0x1e8	0x162	0x10c	0x1c4a	0x6576	0x4392	e80162010c014a1c76659243358b8809c82954e8014c0cab0058019c10f7f483	prefix_32_of_474	0x5675bb90	0x221c12	0xffc76ef9	0x3f06a742	-0xc0c0c7b7	0x3a	0x3a
2471	0x787fe407836d	169	0x9af18	0x312868	0x312aee	+0x286	dispatch	0xcdac7	169	0x9af18	0xab	0x1e8	0x12	0x5e8	0xae3a	0xb4a5	ab00e8011200e8053aaea5b4a2606756d86000e801d80a90778a7301aa4f8cd8	prefix_32_of_646	0x221c12	0x8e3c0ca2	0x3f06a742	0x6f95fefa	+0x308f57b8	0x3a	0x3a
2472	0x787fe407836d	169	0x9af18	0x312aee	0x312cd0	+0x1e2	dispatch	0xcdac7	169	0x9af18	0x162	0x1e8	0x9d	0xd4ff	0x99	0x3810	6201e8019d00ffd499001038377504acaadc9ee80188acfa117cde3f9f9f57fa	prefix_32_of_482	0x8e3c0ca2	0xfbf79ddb	0x6f95fefa	0xf9f3eb74	+0x8a5dec7a	0x3a	0x3a
2473	0x787fe407836d	169	0x9af18	0x312cd0	0x312f26	+0x256	dispatch	0xcdac7	310	0xb8556	0x162	0x1e8	0xbd	0x99	0xe964	0x860	6201e801bd00990064e96008f0890e712b581de8014b1ac6d48406bceffeed89	prefix_32_of_598	0xfbf79ddb	0x4b8eb2de	0xf9f3eb74	0x7b1c5e5e	-0x7ed78d16	0x3a	0x3a
2474	0x787fe407836d	310	0xb8556	0x312f26	0x313169	+0x243	dispatch	0xcdac7	310	0xb8556	0x1e8	0x162	0xb9	0xa483	0x543a	0xcd68	e8016201b90083a43a5468cdd0817305599acde80104b48b0ce80544a5607c99	prefix_32_of_579	0x4b8eb2de	0x7afe7fef	0x7b1c5e5e	0x727e02a8	-0x89e5bb6	0x3a	0x3a
2475	0x787fe407836d	310	0xb8556	0x313169	0x31334b	+0x1e2	dispatch	0xcdac7	169	0x9af18	0x1e8	0xa5	0x151	0x99e0	0x99	0x2580	e801a5005101e09999008025faf2b3bb03cc5ae801979b477a218516bad00004	prefix_32_of_482	0x7afe7fef	0xce4d8465	0x727e02a8	0x7f3e7f7b	+0xcc07cd3	0x3a	0x3a
2476	0x787fe407836d	169	0x9af18	0x31334b	0x3135b9	+0x26e	dispatch	0xcdac7	169	0x9af18	0xa5	0x1e8	0x40	0xa81d	0x99	0x620	a500e80140001da899002006e89ff41597541ce801ab9e2ac633af3ada4c1da9	prefix_32_of_622	0xce4d8465	0xc917a90d	0x7f3e7f7b	0xc917a90d	+0x49d92992	0x3a	0x3a
2477	0x787fe407836d	169	0x9af18	0x3135b9	0x3137fc	+0x243	dispatch	0xcdac7	310	0xb8556	0x162	0x1e8	0x40	0xa2bd	0x99	0x1b17	6201e8014000bda29900171bab6f0801d4e8014ab2d76ef4e32006be862314d7	prefix_32_of_579	0xc917a90d	0x8df97560	0xc917a90d	0x694cb90f	-0x5fcaeffe	0x3a	0x3a
2478	0x787fe407836d	310	0xb8556	0x3137fc	0x3139de	+0x1e2	dispatch	0xcdac7	310	0xb8556	0x1e8	0x162	0xa8	0x99	0xd0ce	0x339a	e8016201a8009900ced09a331c968809df4913e8013e1db47be2ab00a9a94eef	prefix_32_of_482	0x8df97560	0x4a612e32	0x694cb90f	0x5f8f8af3	-0x9bd2e1c	0x3a	0x3a
2479	0x787fe407836d	310	0xb8556	0x3139de	0x313c4c	+0x26e	dispatch	0xcdac7	169	0x9af18	0x1e8	0xa5	0x154	0x12ac	0x99	0x6160	e801a5005401ac12990060615dd8ca85aa86fae801e80522b455bce3a77dd306	prefix_32_of_622	0x4a612e32	0x8f70318b	0x5f8f8af3	0xfbfb8b3c	+0x9c6c0049	0x3a	0x3a
2480	0x787fe407836d	169	0x9af18	0x313c4c	0x313e8f	+0x243	dispatch	0xcdac7	169	0x9af18	0xab	0x1e8	0x14d	0xe973	0x99	0xe987	ab00e8014d0173e9990087e926178cfb71d638e8010b62f5e882fa050f99789a	prefix_32_of_579	0x8f70318b	0xfed1df96	0xfbfb8b3c	0x58a4dcd6	-0xa356ae66	0x3a	0x3a
2481	0x787fe407836d	169	0x9af18	0x313e8f	0x314071	+0x1e2	dispatch	0xcdac7	169	0x9af18	0x162	0x1e8	0x9d	0xd4ff	0x99	0x3390	6201e8019d00ffd49900903337b623a8e5df73e8019798477690393ef22f9bcb	prefix_32_of_482	0xfed1df96	0x4ac60206	0x58a4dcd6	0x5ee7d2fb	+0x642f625	0x3a	0x3a
2482	0x787fe407836d	169	0x9af18	0x314071	0x3142df	+0x26e	dispatch	0xcdac7	310	0xb8556	0x162	0x1e8	0xa8	0x99	0xd4b6	0x9fd6	6201e801a8009900b6d4d69fbcef4e5f09e8011cb697d66ed299928e413a85b4	prefix_32_of_622	0x4ac60206	0x861eb185	0x5ee7d2fb	0xdf95e7f4	+0x80ae14f9	0x3a	0x3a
2483	0x787fe407836d	310	0xb8556	0x3142df	0x314522	+0x243	dispatch	0xcdac7	310	0xb8556	0x1e8	0xab	0xd7	0xa88	0xd888	0x227d	e801ab00d700880a88d87d220b07a29900b00ee801c9569798eedb0f85a424a2	prefix_32_of_579	0x861eb185	0x34a042ea	0xdf95e7f4	0x3ce04eeb	-0xa2b59909	0x3a	0x3a
2484	0x787fe407836d	310	0xb8556	0x314522	0x314704	+0x1e2	dispatch	0xcdac7	310	0xb8556	0x1e8	0x162	0xcb	0x9a07	0x7635	0x1ca1	e8016201cb00079a3576a11c1587d000e463e6e801744fab006005408141e30a	prefix_32_of_482	0x34a042ea	0xfcdeff37	0x3ce04eeb	0xfcd60600	+0xbff5b715	0x3a	0x3a
2485	0x787fe407836d	310	0xb8556	0x314704	0x314972	+0x26e	dispatch	0xcdac7	169	0x9af18	0x1e8	0x162	0x133	0x553a	0xc4b4	0x9913	e801620133013a55b4c41399000f9926d6e801b4c893293a145770293fba3bd7	prefix_32_of_622	0xfcdeff37	0xf8eeff37	0xfcd60600	0xf8e60910	-0x3effcf0	0x3a	0x3a
2486	0x787fe407836d	169	0x9af18	0x314972	0x314bb5	+0x243	dispatch	0xcdac7	310	0xb8556	0xab	0x1e8	0x133	0xd3a	0x17b0	0x3590	ab00e80133013a0db017903576da52830d9d9ee801174b3aac16ab007e67bbcf	prefix_32_of_579	0xf8eeff37	0x62662dfb	0xf8e60910	0xbffcca14	-0x38e93efc	0x3a	0x3a
2487	0x787fe407836d	310	0xb8556	0x314bb5	0x314d97	+0x1e2	dispatch	0xcdac7	169	0x9af18	0x1e8	0xa5	0x154	0xec4	0x99	0xdaa	e801a5005401c40e9900aa0d3e77f80828c29ae801209b1de1b283cc41d0003c	prefix_32_of_482	0x62662dfb	0xfadf7f2d	0xbffcca14	0xf21b0800	+0x321e3dec	0x3a	0x3a
2488	0x787fe407836d	169	0x9af18	0x314d97	0x315005	+0x26e	dispatch	0xcdac7	310	0xb8556	0x162	0x1e8	0x154	0x1334	0x99	0x1060	6201e80154013413990060103a1468c6d70e38e801880ac47c15400b7ef3eb03	prefix_32_of_622	0xfadf7f2d	0xe34473c6	0xf21b0800	0xe74477c6	-0xad6903a	0x3a	0x3a
2489	0x787fe407836d	310	0xb8556	0x315005	0x31522f	+0x22a	dispatch	0xcdac7	310	0xb8556	0x1e8	0xab	0x2b	0x7ded	0x99	0x9d3a	e801ab002b00ed7d99003a9daf99001ceee5a3e801abfa76d8093db434706b58	prefix_32_of_554	0xe34473c6	0x69b0303a	0xe74477c6	0x69145e5a	-0x7e30196c	0x3a	0x3a
2490	0x787fe407836d	310	0xb8556	0x31522f	0x315486	+0x257	dispatch	0xcdac7	169	0x9af18	0x1e8	0xab	0xc7	0x4f47	0x2c3a	0xae89	e801ab00c700474f3a2c89ae01349650eb981ae801bbffdce71f77f3025db1c8	prefix_32_of_599	0x69b0303a	0x841ab3c5	0x69145e5a	0x841ab3c5	+0x1b06556b	0x3a	0x3a
2491	0x787fe407836d	169	0x9af18	0x315486	0x3156ca	+0x244	dispatch	0xcdac7	169	0x9af18	0xa5	0x1e8	0x12	0x620	0xdc3a	0xfca3	a500e801120020063adca3fce00d85dd41f69ae801e0a76a83e8bb0003922025	prefix_32_of_580	0x841ab3c5	0xf613f930	0x841ab3c5	0x3ffce85e	-0x441dcb67	0x3a	0x3a
2492	0x787fe407836d	169	0x9af18	0x3156ca	0x315969	+0x29f	dispatch	0xcdac7	169	0x9af18	0xab	0x1e8	0x9d	0xcf07	0x99	0xf9a4	ab00e8019d0007cf9900a4f90133438c86ac48e801f3e7ab00737721d5bfd52a	prefix_32_of_671	0xf613f930	0x2ab32381	0x3ffce85e	0x2af72783	-0x1505c0db	0x3a	0x3a
2493	0x787fe407836d	169	0x9af18	0x315969	0x315bbf	+0x256	dispatch	0xcdac7	169	0x9af18	0xab	0x1e8	0x129	0x1e31	0x8ee1	0x6ea2	ab00e8012901311ee18ea26eeb88cf9ecf06bee8010aaba3094961d69865e9dc	prefix_32_of_598	0x2ab32381	0x6e5d9892	0x2af72783	0x4000d60c	+0x1509ae89	0x3a	0x3a
2494	0x787fe407836d	169	0x9af18	0x315bbf	0x310ca5	-0x4f1a	dispatch	0xcdac7	310	0xb8556	0xab	0x1e8	0x10c	0x1c4a	0x63e6	0x5af	ab00e8010c014a1ce663af053cd2e4092be80199f5de2fb4dd1429a30a54917a	backedge_sample	0x6e5d9892	0x148226cc	0x4000d60c	0xffaffb65	+0xbfaf2559	0x3a	0x3a
2495	0x787fe407836d	310	0xb8556	0x310ca5	0x310ef0	+0x24b	dispatch	0xcdac7	310	0xb8556	0x1e8	0xa5	0xcb	0x9ebf	0x7635	0x390	e801a500cb00bf9e35769003042ba8fcee6d9ce801f7d8ab009003dc5941168f	prefix_32_of_587	0x148226cc	0x14100010	0xffaffb65	0x3f0612b2	-0xc0a9e8b3	0x3a	0x3a
2496	0x787fe407836d	310	0xb8556	0x310ef0	0x311163	+0x273	dispatch	0xcdac7	169	0x9af18	0x1e8	0x162	0x154	0xf7c	0x99	0x92e7	e801620154017c0f9900e792dc1375ac08b602e801bf8c2f019289f5a0fa7e69	prefix_32_of_627	0x14100010	0xc83095f0	0x3f0612b2	0x400110fe	+0xfafe4c	0x3a	0x3a
2497	0x787fe407836d	169	0x9af18	0x311163	0x3113a5	+0x242	dispatch	0xcdac7	169	0x9af18	0xa5	0x1e8	0x10c	0x1c4a	0x67ae	0x6b6	a500e8010c014a1cae67b6063aa56428d9e80129f1186774139007d64940f679	prefix_32_of_578	0xc83095f0	0x7adeff2e	0x400110fe	0x78de0800	+0x38dcf702	0x3a	0x3a
2498	0x787fe407836d	169	0x9af18	0x3113a5	0x3115e7	+0x242	dispatch	0xcdac7	310	0xb8556	0x162	0x1e8	0xbd	0x99	0xe914	0x26e8	6201e801bd00990014e9e826ba56639900de34e8017709ab00041dab006485b4	prefix_32_of_578	0x7adeff2e	0x2948	0x78de0800	0x2948	-0x78dddeb8	0x3a	0x3a
2499	0x787fe407836d	310	0xb8556	0x3115e7	0x311829	+0x242	dispatch	0xcdac7	169	0x9af18	0x1e8	0xa5	0x9d	0xd56f	0x99	0xad8	e801a5009d006fd59900d80a53f58761012fcee8011603b240666e6e27e60d3a	prefix_32_of_578	0x2948	0x3acddfde	0x2948	0x585c5c02	+0x585c32ba	0x3a	0x3a
2500	0x787fe407836d	169	0x9af18	0x311829	0x311a6b	+0x242	dispatch	0xcdac7	169	0x9af18	0xab	0x1e8	0x151	0x94f0	0x99	0xfcec	ab00e8015101f0949900ecfc8b0cd809e4e80111f8d746656b7dce813884ab00	prefix_32_of_578	0x3acddfde	0xef1b287	0x585c5c02	0x69145f5a	+0x10b80358	0x3a	0x3a
2501	0x787fe407836d	169	0x9af18	0x311a6b	0x311cad	+0x242	dispatch	0xcdac7	310	0xb8556	0xa5	0x1e8	0x72	0x64cb	0xac8c	0x620	a500e8017200cb648cac200648efdaf5e0bf18e8015f2dab001a531a84d8ab00	prefix_32_of_578	0xef1b287	0x524c03c5	0x69145f5a	0x7df7dfda	+0x14e38080	0x3a	0x3a
2502	0x787fe407836d	310	0xb8556	0x311cad	0x311f69	+0x2bc	dispatch	0xcdac7	310	0xb8556	0x1e8	0xa5	0x10c	0x1c4a	0x6c86	0x7438	e801a5000c014a1c866c38749900ba703aa3e6e801859db8ec9f9147b7bebdaa	prefix_32_of_700	0x524c03c5	0x8e78f1da	0x7df7dfda	0xeb377ffe	+0x6d3fa024	0x3a	0x3a
2503	0x787fe407836d	310	0xb8556	0x311f69	0x31223a	+0x2d1	dispatch	0xcdac7	310	0xb8556	0x1e8	0xa5	0x14d	0xe523	0x99	0xe367	e801a5004d0123e5990067e332d17995c6459ee801880a70a4781ff2ff90977e	prefix_32_of_721	0x8e78f1da	0x8e4e0de5	0xeb377ffe	0x7bd7fefb	-0x6f5f8103	0x3a	0x3a
2504	0x787fe407836d	310	0xb8556	0x31223a	0x312464	+0x22a	dispatch	0xcdac7	169	0x9af18	0x1e8	0xab	0x151	0x9568	0x99	0xae47	e801ab0051016895990047ae9900f3a03a2e3ae801d80a443786cf06c648acd7	prefix_32_of_554	0x8e4e0de5	0x347541db	0x7bd7fefb	0x69945ffa	-0x12439f01	0x3a	0x3a
2505	0x787fe407836d	169	0x9af18	0x312464	0x31268e	+0x22a	dispatch	0xcdac7	310	0xb8556	0xab	0x1e8	0x42	0x97f9	0x8b3a	0x99da	ab00e8014200f9973a8bda99009a299900e801e4734b803a09b993007451ab00	prefix_32_of_554	0x347541db	0x5675bb90	0x69945ffa	0xffc76ef9	+0x96330eff	0x3a	0x3a
2506	0x787fe407836d	310	0xb8556	0x31268e	0x312868	+0x1da	dispatch	0xcdac7	169	0x9af18	0x1e8	0x162	0x10c	0x1c4a	0x6576	0x4392	e80162010c014a1c76659243358b8809c82954e8014c0cab0058019c10f7f483	prefix_32_of_474	0x5675bb90	0x221c12	0xffc76ef9	0x3f06a742	-0xc0c0c7b7	0x3a	0x3a
2507	0x787fe407836d	169	0x9af18	0x312868	0x312aee	+0x286	dispatch	0xcdac7	169	0x9af18	0xab	0x1e8	0x12	0x5e8	0xae3a	0xb4a5	ab00e8011200e8053aaea5b4a2606756d86000e801d80a90778a7301aa4f8cd8	prefix_32_of_646	0x221c12	0x8e3c0ca2	0x3f06a742	0x6f95fefa	+0x308f57b8	0x3a	0x3a
2508	0x787fe407836d	169	0x9af18	0x312aee	0x312cd0	+0x1e2	dispatch	0xcdac7	169	0x9af18	0x162	0x1e8	0x9d	0xd4ff	0x99	0x3810	6201e8019d00ffd499001038377504acaadc9ee80188acfa117cde3f9f9f57fa	prefix_32_of_482	0x8e3c0ca2	0xfbf79ddb	0x6f95fefa	0xf9f3eb74	+0x8a5dec7a	0x3a	0x3a
2509	0x787fe407836d	169	0x9af18	0x312cd0	0x312f26	+0x256	dispatch	0xcdac7	310	0xb8556	0x162	0x1e8	0xbd	0x99	0xe964	0x860	6201e801bd00990064e96008f0890e712b581de8014b1ac6d48406bceffeed89	prefix_32_of_598	0xfbf79ddb	0x4b8eb2de	0xf9f3eb74	0x7b1c5e5e	-0x7ed78d16	0x3a	0x3a
2510	0x787fe407836d	310	0xb8556	0x312f26	0x313169	+0x243	dispatch	0xcdac7	310	0xb8556	0x1e8	0x162	0xb9	0xa483	0x543a	0xcd68	e8016201b90083a43a5468cdd0817305599acde80104b48b0ce80544a5607c99	prefix_32_of_579	0x4b8eb2de	0x7afe7fef	0x7b1c5e5e	0x727e02a8	-0x89e5bb6	0x3a	0x3a
2511	0x787fe407836d	310	0xb8556	0x313169	0x31334b	+0x1e2	dispatch	0xcdac7	169	0x9af18	0x1e8	0xa5	0x151	0x99e0	0x99	0x2580	e801a5005101e09999008025faf2b3bb03cc5ae801979b477a218516bad00004	prefix_32_of_482	0x7afe7fef	0xce4d8465	0x727e02a8	0x7f3e7f7b	+0xcc07cd3	0x3a	0x3a
2512	0x787fe407836d	169	0x9af18	0x31334b	0x3135b9	+0x26e	dispatch	0xcdac7	169	0x9af18	0xa5	0x1e8	0x40	0xa81d	0x99	0x620	a500e80140001da899002006e89ff41597541ce801ab9e2ac633af3ada4c1da9	prefix_32_of_622	0xce4d8465	0xc917a90d	0x7f3e7f7b	0xc917a90d	+0x49d92992	0x3a	0x3a
2513	0x787fe407836d	169	0x9af18	0x3135b9	0x3137fc	+0x243	dispatch	0xcdac7	310	0xb8556	0x162	0x1e8	0x40	0xa2bd	0x99	0x1b17	6201e8014000bda29900171bab6f0801d4e8014ab2d76ef4e32006be862314d7	prefix_32_of_579	0xc917a90d	0x8df97560	0xc917a90d	0x694cb90f	-0x5fcaeffe	0x3a	0x3a
2514	0x787fe407836d	310	0xb8556	0x3137fc	0x3139de	+0x1e2	dispatch	0xcdac7	310	0xb8556	0x1e8	0x162	0xa8	0x99	0xd0ce	0x339a	e8016201a8009900ced09a331c968809df4913e8013e1db47be2ab00a9a94eef	prefix_32_of_482	0x8df97560	0x4a612e32	0x694cb90f	0x5f8f8af3	-0x9bd2e1c	0x3a	0x3a
2515	0x787fe407836d	310	0xb8556	0x3139de	0x313c4c	+0x26e	dispatch	0xcdac7	169	0x9af18	0x1e8	0xa5	0x154	0x12ac	0x99	0x6160	e801a5005401ac12990060615dd8ca85aa86fae801e80522b455bce3a77dd306	prefix_32_of_622	0x4a612e32	0x8f70318b	0x5f8f8af3	0xfbfb8b3c	+0x9c6c0049	0x3a	0x3a
2516	0x787fe407836d	169	0x9af18	0x313c4c	0x313e8f	+0x243	dispatch	0xcdac7	169	0x9af18	0xab	0x1e8	0x14d	0xe973	0x99	0xe987	ab00e8014d0173e9990087e926178cfb71d638e8010b62f5e882fa050f99789a	prefix_32_of_579	0x8f70318b	0xfed1df96	0xfbfb8b3c	0x58a4dcd6	-0xa356ae66	0x3a	0x3a
2517	0x787fe407836d	169	0x9af18	0x313e8f	0x314071	+0x1e2	dispatch	0xcdac7	169	0x9af18	0x162	0x1e8	0x9d	0xd4ff	0x99	0x3390	6201e8019d00ffd49900903337b623a8e5df73e8019798477690393ef22f9bcb	prefix_32_of_482	0xfed1df96	0x4ac60206	0x58a4dcd6	0x5ee7d2fb	+0x642f625	0x3a	0x3a
2518	0x787fe407836d	169	0x9af18	0x314071	0x3142df	+0x26e	dispatch	0xcdac7	310	0xb8556	0x162	0x1e8	0xa8	0x99	0xd4b6	0x9fd6	6201e801a8009900b6d4d69fbcef4e5f09e8011cb697d66ed299928e413a85b4	prefix_32_of_622	0x4ac60206	0x861eb185	0x5ee7d2fb	0xdf95e7f4	+0x80ae14f9	0x3a	0x3a
2519	0x787fe407836d	310	0xb8556	0x3142df	0x314522	+0x243	dispatch	0xcdac7	310	0xb8556	0x1e8	0xab	0xd7	0xa88	0xd888	0x227d	e801ab00d700880a88d87d220b07a29900b00ee801c9569798eedb0f85a424a2	prefix_32_of_579	0x861eb185	0x34a042ea	0xdf95e7f4	0x3ce04eeb	-0xa2b59909	0x3a	0x3a
2520	0x787fe407836d	310	0xb8556	0x314522	0x314704	+0x1e2	dispatch	0xcdac7	310	0xb8556	0x1e8	0x162	0xcb	0x9a07	0x7635	0x1ca1	e8016201cb00079a3576a11c1587d000e463e6e801744fab006005408141e30a	prefix_32_of_482	0x34a042ea	0xfcdeff37	0x3ce04eeb	0xfcd60600	+0xbff5b715	0x3a	0x3a
2521	0x787fe407836d	310	0xb8556	0x314704	0x314972	+0x26e	dispatch	0xcdac7	169	0x9af18	0x1e8	0x162	0x133	0x553a	0xc4b4	0x9913	e801620133013a55b4c41399000f9926d6e801b4c893293a145770293fba3bd7	prefix_32_of_622	0xfcdeff37	0xf8eeff37	0xfcd60600	0xf8e60910	-0x3effcf0	0x3a	0x3a
2522	0x787fe407836d	169	0x9af18	0x314972	0x314bb5	+0x243	dispatch	0xcdac7	310	0xb8556	0xab	0x1e8	0x133	0xd3a	0x17b0	0x3590	ab00e80133013a0db017903576da52830d9d9ee801174b3aac16ab007e67bbcf	prefix_32_of_579	0xf8eeff37	0x62662dfb	0xf8e60910	0xbffcca14	-0x38e93efc	0x3a	0x3a
2523	0x787fe407836d	310	0xb8556	0x314bb5	0x314d97	+0x1e2	dispatch	0xcdac7	169	0x9af18	0x1e8	0xa5	0x154	0xec4	0x99	0xdaa	e801a5005401c40e9900aa0d3e77f80828c29ae801209b1de1b283cc41d0003c	prefix_32_of_482	0x62662dfb	0xfadf7f2d	0xbffcca14	0xf21b0800	+0x321e3dec	0x3a	0x3a
2524	0x787fe407836d	169	0x9af18	0x314d97	0x315005	+0x26e	dispatch	0xcdac7	310	0xb8556	0x162	0x1e8	0x154	0x1334	0x99	0x1060	6201e80154013413990060103a1468c6d70e38e801880ac47c15400b7ef3eb03	prefix_32_of_622	0xfadf7f2d	0xe34473c6	0xf21b0800	0xe74477c6	-0xad6903a	0x3a	0x3a
2525	0x787fe407836d	310	0xb8556	0x315005	0x31522f	+0x22a	dispatch	0xcdac7	310	0xb8556	0x1e8	0xab	0x2b	0x7ded	0x99	0x9d3a	e801ab002b00ed7d99003a9daf99001ceee5a3e801abfa76d8093db434706b58	prefix_32_of_554	0xe34473c6	0x69b0303a	0xe74477c6	0x69145e5a	-0x7e30196c	0x3a	0x3a
2526	0x787fe407836d	310	0xb8556	0x31522f	0x315486	+0x257	dispatch	0xcdac7	169	0x9af18	0x1e8	0xab	0xc7	0x4f47	0x2c3a	0xae89	e801ab00c700474f3a2c89ae01349650eb981ae801bbffdce71f77f3025db1c8	prefix_32_of_599	0x69b0303a	0x841ab3c5	0x69145e5a	0x841ab3c5	+0x1b06556b	0x3a	0x3a
2527	0x787fe407836d	169	0x9af18	0x315486	0x3156ca	+0x244	dispatch	0xcdac7	169	0x9af18	0xa5	0x1e8	0x12	0x620	0xdc3a	0xfca3	a500e801120020063adca3fce00d85dd41f69ae801e0a76a83e8bb0003922025	prefix_32_of_580	0x841ab3c5	0xf613f930	0x841ab3c5	0x3ffce85e	-0x441dcb67	0x3a	0x3a
2528	0x787fe407836d	169	0x9af18	0x3156ca	0x315969	+0x29f	dispatch	0xcdac7	169	0x9af18	0xab	0x1e8	0x9d	0xcf07	0x99	0xf9a4	ab00e8019d0007cf9900a4f90133438c86ac48e801f3e7ab00737721d5bfd52a	prefix_32_of_671	0xf613f930	0x2ab32381	0x3ffce85e	0x2af72783	-0x1505c0db	0x3a	0x3a
2529	0x787fe407836d	169	0x9af18	0x315969	0x315bbf	+0x256	dispatch	0xcdac7	169	0x9af18	0xab	0x1e8	0x129	0x1e31	0x8ee1	0x6ea2	ab00e8012901311ee18ea26eeb88cf9ecf06bee8010aaba3094961d69865e9dc	prefix_32_of_598	0x2ab32381	0x6e5d9892	0x2af72783	0x4000d60c	+0x1509ae89	0x3a	0x3a
2530	0x787fe407836d	169	0x9af18	0x315bbf	0x310ca5	-0x4f1a	dispatch	0xcdac7	310	0xb8556	0xab	0x1e8	0x10c	0x1c4a	0x63e6	0x5af	ab00e8010c014a1ce663af053cd2e4092be80199f5de2fb4dd1429a30a54917a	backedge_sample	0x6e5d9892	0x148226cc	0x4000d60c	0xffaffb65	+0xbfaf2559	0x3a	0x3a
2531	0x787fe407836d	310	0xb8556	0x310ca5	0x310ef0	+0x24b	dispatch	0xcdac7	310	0xb8556	0x1e8	0xa5	0xcb	0x9ebf	0x7635	0x390	e801a500cb00bf9e35769003042ba8fcee6d9ce801f7d8ab009003dc5941168f	prefix_32_of_587	0x148226cc	0x14100010	0xffaffb65	0x3f0612b2	-0xc0a9e8b3	0x3a	0x3a
2532	0x787fe407836d	310	0xb8556	0x310ef0	0x311163	+0x273	dispatch	0xcdac7	169	0x9af18	0x1e8	0x162	0x154	0xf7c	0x99	0x92e7	e801620154017c0f9900e792dc1375ac08b602e801bf8c2f019289f5a0fa7e69	prefix_32_of_627	0x14100010	0xc83095f0	0x3f0612b2	0x400110fe	+0xfafe4c	0x3a	0x3a
2533	0x787fe407836d	169	0x9af18	0x311163	0x3113a5	+0x242	dispatch	0xcdac7	169	0x9af18	0xa5	0x1e8	0x10c	0x1c4a	0x67ae	0x6b6	a500e8010c014a1cae67b6063aa56428d9e80129f1186774139007d64940f679	prefix_32_of_578	0xc83095f0	0x7adeff2e	0x400110fe	0x78de0800	+0x38dcf702	0x3a	0x3a
2534	0x787fe407836d	169	0x9af18	0x3113a5	0x3115e7	+0x242	dispatch	0xcdac7	310	0xb8556	0x162	0x1e8	0xbd	0x99	0xe914	0x26e8	6201e801bd00990014e9e826ba56639900de34e8017709ab00041dab006485b4	prefix_32_of_578	0x7adeff2e	0x2948	0x78de0800	0x2948	-0x78dddeb8	0x3a	0x3a
2535	0x787fe407836d	310	0xb8556	0x3115e7	0x311829	+0x242	dispatch	0xcdac7	169	0x9af18	0x1e8	0xa5	0x9d	0xd56f	0x99	0xad8	e801a5009d006fd59900d80a53f58761012fcee8011603b240666e6e27e60d3a	prefix_32_of_578	0x2948	0x3acddfde	0x2948	0x585c5c02	+0x585c32ba	0x3a	0x3a
2536	0x787fe407836d	169	0x9af18	0x311829	0x311a6b	+0x242	dispatch	0xcdac7	169	0x9af18	0xab	0x1e8	0x151	0x94f0	0x99	0xfcec	ab00e8015101f0949900ecfc8b0cd809e4e80111f8d746656b7dce813884ab00	prefix_32_of_578	0x3acddfde	0xef1b287	0x585c5c02	0x69145f5a	+0x10b80358	0x3a	0x3a
2537	0x787fe407836d	169	0x9af18	0x311a6b	0x311cad	+0x242	dispatch	0xcdac7	310	0xb8556	0xa5	0x1e8	0x72	0x64cb	0xac8c	0x620	a500e8017200cb648cac200648efdaf5e0bf18e8015f2dab001a531a84d8ab00	prefix_32_of_578	0xef1b287	0x524c03c5	0x69145f5a	0x7df7dfda	+0x14e38080	0x3a	0x3a
2538	0x787fe407836d	310	0xb8556	0x311cad	0x311f69	+0x2bc	dispatch	0xcdac7	310	0xb8556	0x1e8	0xa5	0x10c	0x1c4a	0x6c86	0x7438	e801a5000c014a1c866c38749900ba703aa3e6e801859db8ec9f9147b7bebdaa	prefix_32_of_700	0x524c03c5	0x8e78f1da	0x7df7dfda	0xeb377ffe	+0x6d3fa024	0x3a	0x3a
2539	0x787fe407836d	310	0xb8556	0x311f69	0x31223a	+0x2d1	dispatch	0xcdac7	310	0xb8556	0x1e8	0xa5	0x14d	0xe523	0x99	0xe367	e801a5004d0123e5990067e332d17995c6459ee801880a70a4781ff2ff90977e	prefix_32_of_721	0x8e78f1da	0x8e4e0de5	0xeb377ffe	0x7bd7fefb	-0x6f5f8103	0x3a	0x3a
2540	0x787fe407836d	310	0xb8556	0x31223a	0x312464	+0x22a	dispatch	0xcdac7	169	0x9af18	0x1e8	0xab	0x151	0x9568	0x99	0xae47	e801ab0051016895990047ae9900f3a03a2e3ae801d80a443786cf06c648acd7	prefix_32_of_554	0x8e4e0de5	0x347541db	0x7bd7fefb	0x69945ffa	-0x12439f01	0x3a	0x3a
2541	0x787fe407836d	169	0x9af18	0x312464	0x31268e	+0x22a	dispatch	0xcdac7	310	0xb8556	0xab	0x1e8	0x42	0x97f9	0x8b3a	0x99da	ab00e8014200f9973a8bda99009a299900e801e4734b803a09b993007451ab00	prefix_32_of_554	0x347541db	0x5675bb90	0x69945ffa	0xffc76ef9	+0x96330eff	0x3a	0x3a
2542	0x787fe407836d	310	0xb8556	0x31268e	0x312868	+0x1da	dispatch	0xcdac7	169	0x9af18	0x1e8	0x162	0x10c	0x1c4a	0x6576	0x4392	e80162010c014a1c76659243358b8809c82954e8014c0cab0058019c10f7f483	prefix_32_of_474	0x5675bb90	0x221c12	0xffc76ef9	0x3f06a742	-0xc0c0c7b7	0x3a	0x3a
2543	0x787fe407836d	169	0x9af18	0x312868	0x312aee	+0x286	dispatch	0xcdac7	169	0x9af18	0xab	0x1e8	0x12	0x5e8	0xae3a	0xb4a5	ab00e8011200e8053aaea5b4a2606756d86000e801d80a90778a7301aa4f8cd8	prefix_32_of_646	0x221c12	0x8e3c0ca2	0x3f06a742	0x6f95fefa	+0x308f57b8	0x3a	0x3a
2544	0x787fe407836d	169	0x9af18	0x312aee	0x312cd0	+0x1e2	dispatch	0xcdac7	169	0x9af18	0x162	0x1e8	0x9d	0xd4ff	0x99	0x3810	6201e8019d00ffd499001038377504acaadc9ee80188acfa117cde3f9f9f57fa	prefix_32_of_482	0x8e3c0ca2	0xfbf79ddb	0x6f95fefa	0xf9f3eb74	+0x8a5dec7a	0x3a	0x3a
2545	0x787fe407836d	169	0x9af18	0x312cd0	0x312f26	+0x256	dispatch	0xcdac7	310	0xb8556	0x162	0x1e8	0xbd	0x99	0xe964	0x860	6201e801bd00990064e96008f0890e712b581de8014b1ac6d48406bceffeed89	prefix_32_of_598	0xfbf79ddb	0x4b8eb2de	0xf9f3eb74	0x7b1c5e5e	-0x7ed78d16	0x3a	0x3a
2546	0x787fe407836d	310	0xb8556	0x312f26	0x313169	+0x243	dispatch	0xcdac7	310	0xb8556	0x1e8	0x162	0xb9	0xa483	0x543a	0xcd68	e8016201b90083a43a5468cdd0817305599acde80104b48b0ce80544a5607c99	prefix_32_of_579	0x4b8eb2de	0x7afe7fef	0x7b1c5e5e	0x727e02a8	-0x89e5bb6	0x3a	0x3a
2547	0x787fe407836d	310	0xb8556	0x313169	0x31334b	+0x1e2	dispatch	0xcdac7	169	0x9af18	0x1e8	0xa5	0x151	0x99e0	0x99	0x2580	e801a5005101e09999008025faf2b3bb03cc5ae801979b477a218516bad00004	prefix_32_of_482	0x7afe7fef	0xce4d8465	0x727e02a8	0x7f3e7f7b	+0xcc07cd3	0x3a	0x3a
2548	0x787fe407836d	169	0x9af18	0x31334b	0x3135b9	+0x26e	dispatch	0xcdac7	169	0x9af18	0xa5	0x1e8	0x40	0xa81d	0x99	0x620	a500e80140001da899002006e89ff41597541ce801ab9e2ac633af3ada4c1da9	prefix_32_of_622	0xce4d8465	0xc917a90d	0x7f3e7f7b	0xc917a90d	+0x49d92992	0x3a	0x3a
2549	0x787fe407836d	169	0x9af18	0x3135b9	0x3137fc	+0x243	dispatch	0xcdac7	310	0xb8556	0x162	0x1e8	0x40	0xa2bd	0x99	0x1b17	6201e8014000bda29900171bab6f0801d4e8014ab2d76ef4e32006be862314d7	prefix_32_of_579	0xc917a90d	0x8df97560	0xc917a90d	0x694cb90f	-0x5fcaeffe	0x3a	0x3a
2550	0x787fe407836d	310	0xb8556	0x3137fc	0x3139de	+0x1e2	dispatch	0xcdac7	310	0xb8556	0x1e8	0x162	0xa8	0x99	0xd0ce	0x339a	e8016201a8009900ced09a331c968809df4913e8013e1db47be2ab00a9a94eef	prefix_32_of_482	0x8df97560	0x4a612e32	0x694cb90f	0x5f8f8af3	-0x9bd2e1c	0x3a	0x3a
2551	0x787fe407836d	310	0xb8556	0x3139de	0x313c4c	+0x26e	dispatch	0xcdac7	169	0x9af18	0x1e8	0xa5	0x154	0x12ac	0x99	0x6160	e801a5005401ac12990060615dd8ca85aa86fae801e80522b455bce3a77dd306	prefix_32_of_622	0x4a612e32	0x8f70318b	0x5f8f8af3	0xfbfb8b3c	+0x9c6c0049	0x3a	0x3a
2552	0x787fe407836d	169	0x9af18	0x313c4c	0x313e8f	+0x243	dispatch	0xcdac7	169	0x9af18	0xab	0x1e8	0x14d	0xe973	0x99	0xe987	ab00e8014d0173e9990087e926178cfb71d638e8010b62f5e882fa050f99789a	prefix_32_of_579	0x8f70318b	0xfed1df96	0xfbfb8b3c	0x58a4dcd6	-0xa356ae66	0x3a	0x3a
2553	0x787fe407836d	169	0x9af18	0x313e8f	0x314071	+0x1e2	dispatch	0xcdac7	169	0x9af18	0x162	0x1e8	0x9d	0xd4ff	0x99	0x3390	6201e8019d00ffd49900903337b623a8e5df73e8019798477690393ef22f9bcb	prefix_32_of_482	0xfed1df96	0x4ac60206	0x58a4dcd6	0x5ee7d2fb	+0x642f625	0x3a	0x3a
2554	0x787fe407836d	169	0x9af18	0x314071	0x3142df	+0x26e	dispatch	0xcdac7	310	0xb8556	0x162	0x1e8	0xa8	0x99	0xd4b6	0x9fd6	6201e801a8009900b6d4d69fbcef4e5f09e8011cb697d66ed299928e413a85b4	prefix_32_of_622	0x4ac60206	0x861eb185	0x5ee7d2fb	0xdf95e7f4	+0x80ae14f9	0x3a	0x3a
2555	0x787fe407836d	310	0xb8556	0x3142df	0x314522	+0x243	dispatch	0xcdac7	310	0xb8556	0x1e8	0xab	0xd7	0xa88	0xd888	0x227d	e801ab00d700880a88d87d220b07a29900b00ee801c9569798eedb0f85a424a2	prefix_32_of_579	0x861eb185	0x34a042ea	0xdf95e7f4	0x3ce04eeb	-0xa2b59909	0x3a	0x3a
2556	0x787fe407836d	310	0xb8556	0x314522	0x314704	+0x1e2	dispatch	0xcdac7	310	0xb8556	0x1e8	0x162	0xcb	0x9a07	0x7635	0x1ca1	e8016201cb00079a3576a11c1587d000e463e6e801744fab006005408141e30a	prefix_32_of_482	0x34a042ea	0xfcdeff37	0x3ce04eeb	0xfcd60600	+0xbff5b715	0x3a	0x3a
2557	0x787fe407836d	310	0xb8556	0x314704	0x314972	+0x26e	dispatch	0xcdac7	169	0x9af18	0x1e8	0x162	0x133	0x553a	0xc4b4	0x9913	e801620133013a55b4c41399000f9926d6e801b4c893293a145770293fba3bd7	prefix_32_of_622	0xfcdeff37	0xf8eeff37	0xfcd60600	0xf8e60910	-0x3effcf0	0x3a	0x3a
2558	0x787fe407836d	169	0x9af18	0x314972	0x314bb5	+0x243	dispatch	0xcdac7	310	0xb8556	0xab	0x1e8	0x133	0xd3a	0x17b0	0x3590	ab00e80133013a0db017903576da52830d9d9ee801174b3aac16ab007e67bbcf	prefix_32_of_579	0xf8eeff37	0x62662dfb	0xf8e60910	0xbffcca14	-0x38e93efc	0x3a	0x3a
2559	0x787fe407836d	310	0xb8556	0x314bb5	0x314d97	+0x1e2	dispatch	0xcdac7	169	0x9af18	0x1e8	0xa5	0x154	0xec4	0x99	0xdaa	e801a5005401c40e9900aa0d3e77f80828c29ae801209b1de1b283cc41d0003c	prefix_32_of_482	0x62662dfb	0xfadf7f2d	0xbffcca14	0xf21b0800	+0x321e3dec	0x3a	0x3a
2560	0x787fe407836d	169	0x9af18	0x314d97	0x315005	+0x26e	dispatch	0xcdac7	310	0xb8556	0x162	0x1e8	0x154	0x1334	0x99	0x1060	6201e80154013413990060103a1468c6d70e38e801880ac47c15400b7ef3eb03	prefix_32_of_622	0xfadf7f2d	0xe34473c6	0xf21b0800	0xe74477c6	-0xad6903a	0x3a	0x3a
2561	0x787fe407836d	310	0xb8556	0x315005	0x31522f	+0x22a	dispatch	0xcdac7	310	0xb8556	0x1e8	0xab	0x2b	0x7ded	0x99	0x9d3a	e801ab002b00ed7d99003a9daf99001ceee5a3e801abfa76d8093db434706b58	prefix_32_of_554	0xe34473c6	0x69b0303a	0xe74477c6	0x69145e5a	-0x7e30196c	0x3a	0x3a
2562	0x787fe407836d	310	0xb8556	0x31522f	0x315486	+0x257	dispatch	0xcdac7	169	0x9af18	0x1e8	0xab	0xc7	0x4f47	0x2c3a	0xae89	e801ab00c700474f3a2c89ae01349650eb981ae801bbffdce71f77f3025db1c8	prefix_32_of_599	0x69b0303a	0x841ab3c5	0x69145e5a	0x841ab3c5	+0x1b06556b	0x3a	0x3a
2563	0x787fe407836d	169	0x9af18	0x315486	0x3156ca	+0x244	dispatch	0xcdac7	169	0x9af18	0xa5	0x1e8	0x12	0x620	0xdc3a	0xfca3	a500e801120020063adca3fce00d85dd41f69ae801e0a76a83e8bb0003922025	prefix_32_of_580	0x841ab3c5	0xf613f930	0x841ab3c5	0x3ffce85e	-0x441dcb67	0x3a	0x3a
2564	0x787fe407836d	169	0x9af18	0x3156ca	0x315969	+0x29f	dispatch	0xcdac7	169	0x9af18	0xab	0x1e8	0x9d	0xcf07	0x99	0xf9a4	ab00e8019d0007cf9900a4f90133438c86ac48e801f3e7ab00737721d5bfd52a	prefix_32_of_671	0xf613f930	0x2ab32381	0x3ffce85e	0x2af72783	-0x1505c0db	0x3a	0x3a
2565	0x787fe407836d	169	0x9af18	0x315969	0x315bbf	+0x256	dispatch	0xcdac7	169	0x9af18	0xab	0x1e8	0x129	0x1e31	0x8ee1	0x6ea2	ab00e8012901311ee18ea26eeb88cf9ecf06bee8010aaba3094961d69865e9dc	prefix_32_of_598	0x2ab32381	0x6e5d9892	0x2af72783	0x4000d60c	+0x1509ae89	0x3a	0x3a
2566	0x787fe407836d	169	0x9af18	0x315bbf	0x310ca5	-0x4f1a	dispatch	0xcdac7	310	0xb8556	0xab	0x1e8	0x10c	0x1c4a	0x63e6	0x5af	ab00e8010c014a1ce663af053cd2e4092be80199f5de2fb4dd1429a30a54917a	backedge_sample	0x6e5d9892	0x148226cc	0x4000d60c	0xffaffb65	+0xbfaf2559	0x3a	0x3a
2567	0x787fe407836d	310	0xb8556	0x310ca5	0x310ef0	+0x24b	dispatch	0xcdac7	310	0xb8556	0x1e8	0xa5	0xcb	0x9ebf	0x7635	0x390	e801a500cb00bf9e35769003042ba8fcee6d9ce801f7d8ab009003dc5941168f	prefix_32_of_587	0x148226cc	0x14100010	0xffaffb65	0x3f0612b2	-0xc0a9e8b3	0x3a	0x3a
2568	0x787fe407836d	310	0xb8556	0x310ef0	0x311163	+0x273	dispatch	0xcdac7	169	0x9af18	0x1e8	0x162	0x154	0xf7c	0x99	0x92e7	e801620154017c0f9900e792dc1375ac08b602e801bf8c2f019289f5a0fa7e69	prefix_32_of_627	0x14100010	0xc83095f0	0x3f0612b2	0x400110fe	+0xfafe4c	0x3a	0x3a
2569	0x787fe407836d	169	0x9af18	0x311163	0x3113a5	+0x242	dispatch	0xcdac7	169	0x9af18	0xa5	0x1e8	0x10c	0x1c4a	0x67ae	0x6b6	a500e8010c014a1cae67b6063aa56428d9e80129f1186774139007d64940f679	prefix_32_of_578	0xc83095f0	0x7adeff2e	0x400110fe	0x78de0800	+0x38dcf702	0x3a	0x3a
2570	0x787fe407836d	169	0x9af18	0x3113a5	0x3115e7	+0x242	dispatch	0xcdac7	310	0xb8556	0x162	0x1e8	0xbd	0x99	0xe914	0x26e8	6201e801bd00990014e9e826ba56639900de34e8017709ab00041dab006485b4	prefix_32_of_578	0x7adeff2e	0x2948	0x78de0800	0x2948	-0x78dddeb8	0x3a	0x3a
2571	0x787fe407836d	310	0xb8556	0x3115e7	0x311829	+0x242	dispatch	0xcdac7	169	0x9af18	0x1e8	0xa5	0x9d	0xd56f	0x99	0xad8	e801a5009d006fd59900d80a53f58761012fcee8011603b240666e6e27e60d3a	prefix_32_of_578	0x2948	0x3acddfde	0x2948	0x585c5c02	+0x585c32ba	0x3a	0x3a
2572	0x787fe407836d	169	0x9af18	0x311829	0x311a6b	+0x242	dispatch	0xcdac7	169	0x9af18	0xab	0x1e8	0x151	0x94f0	0x99	0xfcec	ab00e8015101f0949900ecfc8b0cd809e4e80111f8d746656b7dce813884ab00	prefix_32_of_578	0x3acddfde	0xef1b287	0x585c5c02	0x69145f5a	+0x10b80358	0x3a	0x3a
2573	0x787fe407836d	169	0x9af18	0x311a6b	0x311cad	+0x242	dispatch	0xcdac7	310	0xb8556	0xa5	0x1e8	0x72	0x64cb	0xac8c	0x620	a500e8017200cb648cac200648efdaf5e0bf18e8015f2dab001a531a84d8ab00	prefix_32_of_578	0xef1b287	0x524c03c5	0x69145f5a	0x7df7dfda	+0x14e38080	0x3a	0x3a
2574	0x787fe407836d	310	0xb8556	0x311cad	0x311f69	+0x2bc	dispatch	0xcdac7	310	0xb8556	0x1e8	0xa5	0x10c	0x1c4a	0x6c86	0x7438	e801a5000c014a1c866c38749900ba703aa3e6e801859db8ec9f9147b7bebdaa	prefix_32_of_700	0x524c03c5	0x8e78f1da	0x7df7dfda	0xeb377ffe	+0x6d3fa024	0x3a	0x3a
2575	0x787fe407836d	310	0xb8556	0x311f69	0x31223a	+0x2d1	dispatch	0xcdac7	310	0xb8556	0x1e8	0xa5	0x14d	0xe523	0x99	0xe367	e801a5004d0123e5990067e332d17995c6459ee801880a70a4781ff2ff90977e	prefix_32_of_721	0x8e78f1da	0x8e4e0de5	0xeb377ffe	0x7bd7fefb	-0x6f5f8103	0x3a	0x3a
2576	0x787fe407836d	310	0xb8556	0x31223a	0x312464	+0x22a	dispatch	0xcdac7	169	0x9af18	0x1e8	0xab	0x151	0x9568	0x99	0xae47	e801ab0051016895990047ae9900f3a03a2e3ae801d80a443786cf06c648acd7	prefix_32_of_554	0x8e4e0de5	0x347541db	0x7bd7fefb	0x69945ffa	-0x12439f01	0x3a	0x3a
2577	0x787fe407836d	169	0x9af18	0x312464	0x31268e	+0x22a	dispatch	0xcdac7	310	0xb8556	0xab	0x1e8	0x42	0x97f9	0x8b3a	0x99da	ab00e8014200f9973a8bda99009a299900e801e4734b803a09b993007451ab00	prefix_32_of_554	0x347541db	0x5675bb90	0x69945ffa	0xffc76ef9	+0x96330eff	0x3a	0x3a
2578	0x787fe407836d	310	0xb8556	0x31268e	0x312868	+0x1da	dispatch	0xcdac7	169	0x9af18	0x1e8	0x162	0x10c	0x1c4a	0x6576	0x4392	e80162010c014a1c76659243358b8809c82954e8014c0cab0058019c10f7f483	prefix_32_of_474	0x5675bb90	0x221c12	0xffc76ef9	0x3f06a742	-0xc0c0c7b7	0x3a	0x3a
2579	0x787fe407836d	169	0x9af18	0x312868	0x312aee	+0x286	dispatch	0xcdac7	169	0x9af18	0xab	0x1e8	0x12	0x5e8	0xae3a	0xb4a5	ab00e8011200e8053aaea5b4a2606756d86000e801d80a90778a7301aa4f8cd8	prefix_32_of_646	0x221c12	0x8e3c0ca2	0x3f06a742	0x6f95fefa	+0x308f57b8	0x3a	0x3a
2580	0x787fe407836d	169	0x9af18	0x312aee	0x312cd0	+0x1e2	dispatch	0xcdac7	169	0x9af18	0x162	0x1e8	0x9d	0xd4ff	0x99	0x3810	6201e8019d00ffd499001038377504acaadc9ee80188acfa117cde3f9f9f57fa	prefix_32_of_482	0x8e3c0ca2	0xfbf79ddb	0x6f95fefa	0xf9f3eb74	+0x8a5dec7a	0x3a	0x3a
2581	0x787fe407836d	169	0x9af18	0x312cd0	0x312f26	+0x256	dispatch	0xcdac7	310	0xb8556	0x162	0x1e8	0xbd	0x99	0xe964	0x860	6201e801bd00990064e96008f0890e712b581de8014b1ac6d48406bceffeed89	prefix_32_of_598	0xfbf79ddb	0x4b8eb2de	0xf9f3eb74	0x7b1c5e5e	-0x7ed78d16	0x3a	0x3a
2582	0x787fe407836d	310	0xb8556	0x312f26	0x313169	+0x243	dispatch	0xcdac7	310	0xb8556	0x1e8	0x162	0xb9	0xa483	0x543a	0xcd68	e8016201b90083a43a5468cdd0817305599acde80104b48b0ce80544a5607c99	prefix_32_of_579	0x4b8eb2de	0x7afe7fef	0x7b1c5e5e	0x727e02a8	-0x89e5bb6	0x3a	0x3a
2583	0x787fe407836d	310	0xb8556	0x313169	0x31334b	+0x1e2	dispatch	0xcdac7	169	0x9af18	0x1e8	0xa5	0x151	0x99e0	0x99	0x2580	e801a5005101e09999008025faf2b3bb03cc5ae801979b477a218516bad00004	prefix_32_of_482	0x7afe7fef	0xce4d8465	0x727e02a8	0x7f3e7f7b	+0xcc07cd3	0x3a	0x3a
2584	0x787fe407836d	169	0x9af18	0x31334b	0x3135b9	+0x26e	dispatch	0xcdac7	169	0x9af18	0xa5	0x1e8	0x40	0xa81d	0x99	0x620	a500e80140001da899002006e89ff41597541ce801ab9e2ac633af3ada4c1da9	prefix_32_of_622	0xce4d8465	0xc917a90d	0x7f3e7f7b	0xc917a90d	+0x49d92992	0x3a	0x3a
2585	0x787fe407836d	169	0x9af18	0x3135b9	0x3137fc	+0x243	dispatch	0xcdac7	310	0xb8556	0x162	0x1e8	0x40	0xa2bd	0x99	0x1b17	6201e8014000bda29900171bab6f0801d4e8014ab2d76ef4e32006be862314d7	prefix_32_of_579	0xc917a90d	0x8df97560	0xc917a90d	0x694cb90f	-0x5fcaeffe	0x3a	0x3a
2586	0x787fe407836d	310	0xb8556	0x3137fc	0x3139de	+0x1e2	dispatch	0xcdac7	310	0xb8556	0x1e8	0x162	0xa8	0x99	0xd0ce	0x339a	e8016201a8009900ced09a331c968809df4913e8013e1db47be2ab00a9a94eef	prefix_32_of_482	0x8df97560	0x4a612e32	0x694cb90f	0x5f8f8af3	-0x9bd2e1c	0x3a	0x3a
2587	0x787fe407836d	310	0xb8556	0x3139de	0x313c4c	+0x26e	dispatch	0xcdac7	169	0x9af18	0x1e8	0xa5	0x154	0x12ac	0x99	0x6160	e801a5005401ac12990060615dd8ca85aa86fae801e80522b455bce3a77dd306	prefix_32_of_622	0x4a612e32	0x8f70318b	0x5f8f8af3	0xfbfb8b3c	+0x9c6c0049	0x3a	0x3a
2588	0x787fe407836d	169	0x9af18	0x313c4c	0x313e8f	+0x243	dispatch	0xcdac7	169	0x9af18	0xab	0x1e8	0x14d	0xe973	0x99	0xe987	ab00e8014d0173e9990087e926178cfb71d638e8010b62f5e882fa050f99789a	prefix_32_of_579	0x8f70318b	0xfed1df96	0xfbfb8b3c	0x58a4dcd6	-0xa356ae66	0x3a	0x3a
2589	0x787fe407836d	169	0x9af18	0x313e8f	0x314071	+0x1e2	dispatch	0xcdac7	169	0x9af18	0x162	0x1e8	0x9d	0xd4ff	0x99	0x3390	6201e8019d00ffd49900903337b623a8e5df73e8019798477690393ef22f9bcb	prefix_32_of_482	0xfed1df96	0x4ac60206	0x58a4dcd6	0x5ee7d2fb	+0x642f625	0x3a	0x3a
2590	0x787fe407836d	169	0x9af18	0x314071	0x3142df	+0x26e	dispatch	0xcdac7	310	0xb8556	0x162	0x1e8	0xa8	0x99	0xd4b6	0x9fd6	6201e801a8009900b6d4d69fbcef4e5f09e8011cb697d66ed299928e413a85b4	prefix_32_of_622	0x4ac60206	0x861eb185	0x5ee7d2fb	0xdf95e7f4	+0x80ae14f9	0x3a	0x3a
2591	0x787fe407836d	310	0xb8556	0x3142df	0x314522	+0x243	dispatch	0xcdac7	310	0xb8556	0x1e8	0xab	0xd7	0xa88	0xd888	0x227d	e801ab00d700880a88d87d220b07a29900b00ee801c9569798eedb0f85a424a2	prefix_32_of_579	0x861eb185	0x34a042ea	0xdf95e7f4	0x3ce04eeb	-0xa2b59909	0x3a	0x3a
2592	0x787fe407836d	310	0xb8556	0x314522	0x314704	+0x1e2	dispatch	0xcdac7	310	0xb8556	0x1e8	0x162	0xcb	0x9a07	0x7635	0x1ca1	e8016201cb00079a3576a11c1587d000e463e6e801744fab006005408141e30a	prefix_32_of_482	0x34a042ea	0xfcdeff37	0x3ce04eeb	0xfcd60600	+0xbff5b715	0x3a	0x3a
2593	0x787fe407836d	310	0xb8556	0x314704	0x314972	+0x26e	dispatch	0xcdac7	169	0x9af18	0x1e8	0x162	0x133	0x553a	0xc4b4	0x9913	e801620133013a55b4c41399000f9926d6e801b4c893293a145770293fba3bd7	prefix_32_of_622	0xfcdeff37	0xf8eeff37	0xfcd60600	0xf8e60910	-0x3effcf0	0x3a	0x3a
2594	0x787fe407836d	169	0x9af18	0x314972	0x314bb5	+0x243	dispatch	0xcdac7	310	0xb8556	0xab	0x1e8	0x133	0xd3a	0x17b0	0x3590	ab00e80133013a0db017903576da52830d9d9ee801174b3aac16ab007e67bbcf	prefix_32_of_579	0xf8eeff37	0x62662dfb	0xf8e60910	0xbffcca14	-0x38e93efc	0x3a	0x3a
2595	0x787fe407836d	310	0xb8556	0x314bb5	0x314d97	+0x1e2	dispatch	0xcdac7	169	0x9af18	0x1e8	0xa5	0x154	0xec4	0x99	0xdaa	e801a5005401c40e9900aa0d3e77f80828c29ae801209b1de1b283cc41d0003c	prefix_32_of_482	0x62662dfb	0xfadf7f2d	0xbffcca14	0xf21b0800	+0x321e3dec	0x3a	0x3a
2596	0x787fe407836d	169	0x9af18	0x314d97	0x315005	+0x26e	dispatch	0xcdac7	310	0xb8556	0x162	0x1e8	0x154	0x1334	0x99	0x1060	6201e80154013413990060103a1468c6d70e38e801880ac47c15400b7ef3eb03	prefix_32_of_622	0xfadf7f2d	0xe34473c6	0xf21b0800	0xe74477c6	-0xad6903a	0x3a	0x3a
2597	0x787fe407836d	310	0xb8556	0x315005	0x31522f	+0x22a	dispatch	0xcdac7	310	0xb8556	0x1e8	0xab	0x2b	0x7ded	0x99	0x9d3a	e801ab002b00ed7d99003a9daf99001ceee5a3e801abfa76d8093db434706b58	prefix_32_of_554	0xe34473c6	0x69b0303a	0xe74477c6	0x69145e5a	-0x7e30196c	0x3a	0x3a
2598	0x787fe407836d	310	0xb8556	0x31522f	0x315486	+0x257	dispatch	0xcdac7	169	0x9af18	0x1e8	0xab	0xc7	0x4f47	0x2c3a	0xae89	e801ab00c700474f3a2c89ae01349650eb981ae801bbffdce71f77f3025db1c8	prefix_32_of_599	0x69b0303a	0x841ab3c5	0x69145e5a	0x841ab3c5	+0x1b06556b	0x3a	0x3a
2599	0x787fe407836d	169	0x9af18	0x315486	0x3156ca	+0x244	dispatch	0xcdac7	169	0x9af18	0xa5	0x1e8	0x12	0x620	0xdc3a	0xfca3	a500e801120020063adca3fce00d85dd41f69ae801e0a76a83e8bb0003922025	prefix_32_of_580	0x841ab3c5	0xf613f930	0x841ab3c5	0x3ffce85e	-0x441dcb67	0x3a	0x3a
2600	0x787fe407836d	169	0x9af18	0x3156ca	0x315969	+0x29f	dispatch	0xcdac7	169	0x9af18	0xab	0x1e8	0x9d	0xcf07	0x99	0xf9a4	ab00e8019d0007cf9900a4f90133438c86ac48e801f3e7ab00737721d5bfd52a	prefix_32_of_671	0xf613f930	0x2ab32381	0x3ffce85e	0x2af72783	-0x1505c0db	0x3a	0x3a
2601	0x787fe407836d	169	0x9af18	0x315969	0x315bbf	+0x256	dispatch	0xcdac7	169	0x9af18	0xab	0x1e8	0x129	0x1e31	0x8ee1	0x6ea2	ab00e8012901311ee18ea26eeb88cf9ecf06bee8010aaba3094961d69865e9dc	prefix_32_of_598	0x2ab32381	0x6e5d9892	0x2af72783	0x4000d60c	+0x1509ae89	0x3a	0x3a
2602	0x787fe407836d	169	0x9af18	0x315bbf	0x310ca5	-0x4f1a	dispatch	0xcdac7	310	0xb8556	0xab	0x1e8	0x10c	0x1c4a	0x63e6	0x5af	ab00e8010c014a1ce663af053cd2e4092be80199f5de2fb4dd1429a30a54917a	backedge_sample	0x6e5d9892	0x148226cc	0x4000d60c	0xffaffb65	+0xbfaf2559	0x3a	0x3a
2603	0x787fe407836d	310	0xb8556	0x310ca5	0x310ef0	+0x24b	dispatch	0xcdac7	310	0xb8556	0x1e8	0xa5	0xcb	0x9ebf	0x7635	0x390	e801a500cb00bf9e35769003042ba8fcee6d9ce801f7d8ab009003dc5941168f	prefix_32_of_587	0x148226cc	0x14100010	0xffaffb65	0x3f0612b2	-0xc0a9e8b3	0x3a	0x3a
2604	0x787fe407836d	310	0xb8556	0x310ef0	0x311163	+0x273	dispatch	0xcdac7	169	0x9af18	0x1e8	0x162	0x154	0xf7c	0x99	0x92e7	e801620154017c0f9900e792dc1375ac08b602e801bf8c2f019289f5a0fa7e69	prefix_32_of_627	0x14100010	0xc83095f0	0x3f0612b2	0x400110fe	+0xfafe4c	0x3a	0x3a
2605	0x787fe407836d	169	0x9af18	0x311163	0x3113a5	+0x242	dispatch	0xcdac7	169	0x9af18	0xa5	0x1e8	0x10c	0x1c4a	0x67ae	0x6b6	a500e8010c014a1cae67b6063aa56428d9e80129f1186774139007d64940f679	prefix_32_of_578	0xc83095f0	0x7adeff2e	0x400110fe	0x78de0800	+0x38dcf702	0x3a	0x3a
2606	0x787fe407836d	169	0x9af18	0x3113a5	0x3115e7	+0x242	dispatch	0xcdac7	310	0xb8556	0x162	0x1e8	0xbd	0x99	0xe914	0x26e8	6201e801bd00990014e9e826ba56639900de34e8017709ab00041dab006485b4	prefix_32_of_578	0x7adeff2e	0x2948	0x78de0800	0x2948	-0x78dddeb8	0x3a	0x3a
2607	0x787fe407836d	310	0xb8556	0x3115e7	0x311829	+0x242	dispatch	0xcdac7	169	0x9af18	0x1e8	0xa5	0x9d	0xd56f	0x99	0xad8	e801a5009d006fd59900d80a53f58761012fcee8011603b240666e6e27e60d3a	prefix_32_of_578	0x2948	0x3acddfde	0x2948	0x585c5c02	+0x585c32ba	0x3a	0x3a
2608	0x787fe407836d	169	0x9af18	0x311829	0x311a6b	+0x242	dispatch	0xcdac7	169	0x9af18	0xab	0x1e8	0x151	0x94f0	0x99	0xfcec	ab00e8015101f0949900ecfc8b0cd809e4e80111f8d746656b7dce813884ab00	prefix_32_of_578	0x3acddfde	0xef1b287	0x585c5c02	0x69145f5a	+0x10b80358	0x3a	0x3a
2609	0x787fe407836d	169	0x9af18	0x311a6b	0x311cad	+0x242	dispatch	0xcdac7	310	0xb8556	0xa5	0x1e8	0x72	0x64cb	0xac8c	0x620	a500e8017200cb648cac200648efdaf5e0bf18e8015f2dab001a531a84d8ab00	prefix_32_of_578	0xef1b287	0x524c03c5	0x69145f5a	0x7df7dfda	+0x14e38080	0x3a	0x3a
2610	0x787fe407836d	310	0xb8556	0x311cad	0x311f69	+0x2bc	dispatch	0xcdac7	310	0xb8556	0x1e8	0xa5	0x10c	0x1c4a	0x6c86	0x7438	e801a5000c014a1c866c38749900ba703aa3e6e801859db8ec9f9147b7bebdaa	prefix_32_of_700	0x524c03c5	0x8e78f1da	0x7df7dfda	0xeb377ffe	+0x6d3fa024	0x3a	0x3a
2611	0x787fe407836d	310	0xb8556	0x311f69	0x31223a	+0x2d1	dispatch	0xcdac7	310	0xb8556	0x1e8	0xa5	0x14d	0xe523	0x99	0xe367	e801a5004d0123e5990067e332d17995c6459ee801880a70a4781ff2ff90977e	prefix_32_of_721	0x8e78f1da	0x8e4e0de5	0xeb377ffe	0x7bd7fefb	-0x6f5f8103	0x3a	0x3a
2612	0x787fe407836d	310	0xb8556	0x31223a	0x312464	+0x22a	dispatch	0xcdac7	169	0x9af18	0x1e8	0xab	0x151	0x9568	0x99	0xae47	e801ab0051016895990047ae9900f3a03a2e3ae801d80a443786cf06c648acd7	prefix_32_of_554	0x8e4e0de5	0x347541db	0x7bd7fefb	0x69945ffa	-0x12439f01	0x3a	0x3a
2613	0x787fe407836d	169	0x9af18	0x312464	0x31268e	+0x22a	dispatch	0xcdac7	310	0xb8556	0xab	0x1e8	0x42	0x97f9	0x8b3a	0x99da	ab00e8014200f9973a8bda99009a299900e801e4734b803a09b993007451ab00	prefix_32_of_554	0x347541db	0x5675bb90	0x69945ffa	0xffc76ef9	+0x96330eff	0x3a	0x3a
2614	0x787fe407836d	310	0xb8556	0x31268e	0x312868	+0x1da	dispatch	0xcdac7	169	0x9af18	0x1e8	0x162	0x10c	0x1c4a	0x6576	0x4392	e80162010c014a1c76659243358b8809c82954e8014c0cab0058019c10f7f483	prefix_32_of_474	0x5675bb90	0x221c12	0xffc76ef9	0x3f06a742	-0xc0c0c7b7	0x3a	0x3a
2615	0x787fe407836d	169	0x9af18	0x312868	0x312aee	+0x286	dispatch	0xcdac7	169	0x9af18	0xab	0x1e8	0x12	0x5e8	0xae3a	0xb4a5	ab00e8011200e8053aaea5b4a2606756d86000e801d80a90778a7301aa4f8cd8	prefix_32_of_646	0x221c12	0x8e3c0ca2	0x3f06a742	0x6f95fefa	+0x308f57b8	0x3a	0x3a
2616	0x787fe407836d	169	0x9af18	0x312aee	0x312cd0	+0x1e2	dispatch	0xcdac7	169	0x9af18	0x162	0x1e8	0x9d	0xd4ff	0x99	0x3810	6201e8019d00ffd499001038377504acaadc9ee80188acfa117cde3f9f9f57fa	prefix_32_of_482	0x8e3c0ca2	0xfbf79ddb	0x6f95fefa	0xf9f3eb74	+0x8a5dec7a	0x3a	0x3a
2617	0x787fe407836d	169	0x9af18	0x312cd0	0x312f26	+0x256	dispatch	0xcdac7	310	0xb8556	0x162	0x1e8	0xbd	0x99	0xe964	0x860	6201e801bd00990064e96008f0890e712b581de8014b1ac6d48406bceffeed89	prefix_32_of_598	0xfbf79ddb	0x4b8eb2de	0xf9f3eb74	0x7b1c5e5e	-0x7ed78d16	0x3a	0x3a
2618	0x787fe407836d	310	0xb8556	0x312f26	0x313169	+0x243	dispatch	0xcdac7	310	0xb8556	0x1e8	0x162	0xb9	0xa483	0x543a	0xcd68	e8016201b90083a43a5468cdd0817305599acde80104b48b0ce80544a5607c99	prefix_32_of_579	0x4b8eb2de	0x7afe7fef	0x7b1c5e5e	0x727e02a8	-0x89e5bb6	0x3a	0x3a
2619	0x787fe407836d	310	0xb8556	0x313169	0x31334b	+0x1e2	dispatch	0xcdac7	169	0x9af18	0x1e8	0xa5	0x151	0x99e0	0x99	0x2580	e801a5005101e09999008025faf2b3bb03cc5ae801979b477a218516bad00004	prefix_32_of_482	0x7afe7fef	0xce4d8465	0x727e02a8	0x7f3e7f7b	+0xcc07cd3	0x3a	0x3a
2620	0x787fe407836d	169	0x9af18	0x31334b	0x3135b9	+0x26e	dispatch	0xcdac7	169	0x9af18	0xa5	0x1e8	0x40	0xa81d	0x99	0x620	a500e80140001da899002006e89ff41597541ce801ab9e2ac633af3ada4c1da9	prefix_32_of_622	0xce4d8465	0xc917a90d	0x7f3e7f7b	0xc917a90d	+0x49d92992	0x3a	0x3a
2621	0x787fe407836d	169	0x9af18	0x3135b9	0x3137fc	+0x243	dispatch	0xcdac7	310	0xb8556	0x162	0x1e8	0x40	0xa2bd	0x99	0x1b17	6201e8014000bda29900171bab6f0801d4e8014ab2d76ef4e32006be862314d7	prefix_32_of_579	0xc917a90d	0x8df97560	0xc917a90d	0x694cb90f	-0x5fcaeffe	0x3a	0x3a
2622	0x787fe407836d	310	0xb8556	0x3137fc	0x3139de	+0x1e2	dispatch	0xcdac7	310	0xb8556	0x1e8	0x162	0xa8	0x99	0xd0ce	0x339a	e8016201a8009900ced09a331c968809df4913e8013e1db47be2ab00a9a94eef	prefix_32_of_482	0x8df97560	0x4a612e32	0x694cb90f	0x5f8f8af3	-0x9bd2e1c	0x3a	0x3a
2623	0x787fe407836d	310	0xb8556	0x3139de	0x313c4c	+0x26e	dispatch	0xcdac7	169	0x9af18	0x1e8	0xa5	0x154	0x12ac	0x99	0x6160	e801a5005401ac12990060615dd8ca85aa86fae801e80522b455bce3a77dd306	prefix_32_of_622	0x4a612e32	0x8f70318b	0x5f8f8af3	0xfbfb8b3c	+0x9c6c0049	0x3a	0x3a
2624	0x787fe407836d	169	0x9af18	0x313c4c	0x313e8f	+0x243	dispatch	0xcdac7	169	0x9af18	0xab	0x1e8	0x14d	0xe973	0x99	0xe987	ab00e8014d0173e9990087e926178cfb71d638e8010b62f5e882fa050f99789a	prefix_32_of_579	0x8f70318b	0xfed1df96	0xfbfb8b3c	0x58a4dcd6	-0xa356ae66	0x3a	0x3a
2625	0x787fe407836d	169	0x9af18	0x313e8f	0x314071	+0x1e2	dispatch	0xcdac7	169	0x9af18	0x162	0x1e8	0x9d	0xd4ff	0x99	0x3390	6201e8019d00ffd49900903337b623a8e5df73e8019798477690393ef22f9bcb	prefix_32_of_482	0xfed1df96	0x4ac60206	0x58a4dcd6	0x5ee7d2fb	+0x642f625	0x3a	0x3a
2626	0x787fe407836d	169	0x9af18	0x314071	0x3142df	+0x26e	dispatch	0xcdac7	310	0xb8556	0x162	0x1e8	0xa8	0x99	0xd4b6	0x9fd6	6201e801a8009900b6d4d69fbcef4e5f09e8011cb697d66ed299928e413a85b4	prefix_32_of_622	0x4ac60206	0x861eb185	0x5ee7d2fb	0xdf95e7f4	+0x80ae14f9	0x3a	0x3a
2627	0x787fe407836d	310	0xb8556	0x3142df	0x314522	+0x243	dispatch	0xcdac7	310	0xb8556	0x1e8	0xab	0xd7	0xa88	0xd888	0x227d	e801ab00d700880a88d87d220b07a29900b00ee801c9569798eedb0f85a424a2	prefix_32_of_579	0x861eb185	0x34a042ea	0xdf95e7f4	0x3ce04eeb	-0xa2b59909	0x3a	0x3a
2628	0x787fe407836d	310	0xb8556	0x314522	0x314704	+0x1e2	dispatch	0xcdac7	310	0xb8556	0x1e8	0x162	0xcb	0x9a07	0x7635	0x1ca1	e8016201cb00079a3576a11c1587d000e463e6e801744fab006005408141e30a	prefix_32_of_482	0x34a042ea	0xfcdeff37	0x3ce04eeb	0xfcd60600	+0xbff5b715	0x3a	0x3a
2629	0x787fe407836d	310	0xb8556	0x314704	0x314972	+0x26e	dispatch	0xcdac7	169	0x9af18	0x1e8	0x162	0x133	0x553a	0xc4b4	0x9913	e801620133013a55b4c41399000f9926d6e801b4c893293a145770293fba3bd7	prefix_32_of_622	0xfcdeff37	0xf8eeff37	0xfcd60600	0xf8e60910	-0x3effcf0	0x3a	0x3a
2630	0x787fe407836d	169	0x9af18	0x314972	0x314bb5	+0x243	dispatch	0xcdac7	310	0xb8556	0xab	0x1e8	0x133	0xd3a	0x17b0	0x3590	ab00e80133013a0db017903576da52830d9d9ee801174b3aac16ab007e67bbcf	prefix_32_of_579	0xf8eeff37	0x62662dfb	0xf8e60910	0xbffcca14	-0x38e93efc	0x3a	0x3a
2631	0x787fe407836d	310	0xb8556	0x314bb5	0x314d97	+0x1e2	dispatch	0xcdac7	169	0x9af18	0x1e8	0xa5	0x154	0xec4	0x99	0xdaa	e801a5005401c40e9900aa0d3e77f80828c29ae801209b1de1b283cc41d0003c	prefix_32_of_482	0x62662dfb	0xfadf7f2d	0xbffcca14	0xf21b0800	+0x321e3dec	0x3a	0x3a
2632	0x787fe407836d	169	0x9af18	0x314d97	0x315005	+0x26e	dispatch	0xcdac7	310	0xb8556	0x162	0x1e8	0x154	0x1334	0x99	0x1060	6201e80154013413990060103a1468c6d70e38e801880ac47c15400b7ef3eb03	prefix_32_of_622	0xfadf7f2d	0xe34473c6	0xf21b0800	0xe74477c6	-0xad6903a	0x3a	0x3a
2633	0x787fe407836d	310	0xb8556	0x315005	0x31522f	+0x22a	dispatch	0xcdac7	310	0xb8556	0x1e8	0xab	0x2b	0x7ded	0x99	0x9d3a	e801ab002b00ed7d99003a9daf99001ceee5a3e801abfa76d8093db434706b58	prefix_32_of_554	0xe34473c6	0x69b0303a	0xe74477c6	0x69145e5a	-0x7e30196c	0x3a	0x3a
2634	0x787fe407836d	310	0xb8556	0x31522f	0x315486	+0x257	dispatch	0xcdac7	169	0x9af18	0x1e8	0xab	0xc7	0x4f47	0x2c3a	0xae89	e801ab00c700474f3a2c89ae01349650eb981ae801bbffdce71f77f3025db1c8	prefix_32_of_599	0x69b0303a	0x841ab3c5	0x69145e5a	0x841ab3c5	+0x1b06556b	0x3a	0x3a
2635	0x787fe407836d	169	0x9af18	0x315486	0x3156ca	+0x244	dispatch	0xcdac7	169	0x9af18	0xa5	0x1e8	0x12	0x620	0xdc3a	0xfca3	a500e801120020063adca3fce00d85dd41f69ae801e0a76a83e8bb0003922025	prefix_32_of_580	0x841ab3c5	0xf613f930	0x841ab3c5	0x3ffce85e	-0x441dcb67	0x3a	0x3a
2636	0x787fe407836d	169	0x9af18	0x3156ca	0x315969	+0x29f	dispatch	0xcdac7	169	0x9af18	0xab	0x1e8	0x9d	0xcf07	0x99	0xf9a4	ab00e8019d0007cf9900a4f90133438c86ac48e801f3e7ab00737721d5bfd52a	prefix_32_of_671	0xf613f930	0x2ab32381	0x3ffce85e	0x2af72783	-0x1505c0db	0x3a	0x3a
2637	0x787fe407836d	169	0x9af18	0x315969	0x315bbf	+0x256	dispatch	0xcdac7	169	0x9af18	0xab	0x1e8	0x129	0x1e31	0x8ee1	0x6ea2	ab00e8012901311ee18ea26eeb88cf9ecf06bee8010aaba3094961d69865e9dc	prefix_32_of_598	0x2ab32381	0x6e5d9892	0x2af72783	0x4000d60c	+0x1509ae89	0x3a	0x3a
2638	0x787fe407836d	169	0x9af18	0x315bbf	0x310ca5	-0x4f1a	dispatch	0xcdac7	310	0xb8556	0xab	0x1e8	0x10c	0x1c4a	0x63e6	0x5af	ab00e8010c014a1ce663af053cd2e4092be80199f5de2fb4dd1429a30a54917a	backedge_sample	0x6e5d9892	0x148226cc	0x4000d60c	0xffaffb65	+0xbfaf2559	0x3a	0x3a
2639	0x787fe407836d	310	0xb8556	0x310ca5	0x310ef0	+0x24b	dispatch	0xcdac7	310	0xb8556	0x1e8	0xa5	0xcb	0x9ebf	0x7635	0x390	e801a500cb00bf9e35769003042ba8fcee6d9ce801f7d8ab009003dc5941168f	prefix_32_of_587	0x148226cc	0x14100010	0xffaffb65	0x3f0612b2	-0xc0a9e8b3	0x3a	0x3a
2640	0x787fe407836d	310	0xb8556	0x310ef0	0x311163	+0x273	dispatch	0xcdac7	169	0x9af18	0x1e8	0x162	0x154	0xf7c	0x99	0x92e7	e801620154017c0f9900e792dc1375ac08b602e801bf8c2f019289f5a0fa7e69	prefix_32_of_627	0x14100010	0xc83095f0	0x3f0612b2	0x400110fe	+0xfafe4c	0x3a	0x3a
2641	0x787fe407836d	169	0x9af18	0x311163	0x3113a5	+0x242	dispatch	0xcdac7	169	0x9af18	0xa5	0x1e8	0x10c	0x1c4a	0x67ae	0x6b6	a500e8010c014a1cae67b6063aa56428d9e80129f1186774139007d64940f679	prefix_32_of_578	0xc83095f0	0x7adeff2e	0x400110fe	0x78de0800	+0x38dcf702	0x3a	0x3a
2642	0x787fe407836d	169	0x9af18	0x3113a5	0x3115e7	+0x242	dispatch	0xcdac7	310	0xb8556	0x162	0x1e8	0xbd	0x99	0xe914	0x26e8	6201e801bd00990014e9e826ba56639900de34e8017709ab00041dab006485b4	prefix_32_of_578	0x7adeff2e	0x2948	0x78de0800	0x2948	-0x78dddeb8	0x3a	0x3a
2643	0x787fe407836d	310	0xb8556	0x3115e7	0x311829	+0x242	dispatch	0xcdac7	169	0x9af18	0x1e8	0xa5	0x9d	0xd56f	0x99	0xad8	e801a5009d006fd59900d80a53f58761012fcee8011603b240666e6e27e60d3a	prefix_32_of_578	0x2948	0x3acddfde	0x2948	0x585c5c02	+0x585c32ba	0x3a	0x3a
2644	0x787fe407836d	169	0x9af18	0x311829	0x311a6b	+0x242	dispatch	0xcdac7	169	0x9af18	0xab	0x1e8	0x151	0x94f0	0x99	0xfcec	ab00e8015101f0949900ecfc8b0cd809e4e80111f8d746656b7dce813884ab00	prefix_32_of_578	0x3acddfde	0xef1b287	0x585c5c02	0x69145f5a	+0x10b80358	0x3a	0x3a
2645	0x787fe407836d	169	0x9af18	0x311a6b	0x311cad	+0x242	dispatch	0xcdac7	310	0xb8556	0xa5	0x1e8	0x72	0x64cb	0xac8c	0x620	a500e8017200cb648cac200648efdaf5e0bf18e8015f2dab001a531a84d8ab00	prefix_32_of_578	0xef1b287	0x524c03c5	0x69145f5a	0x7df7dfda	+0x14e38080	0x3a	0x3a
2646	0x787fe407836d	310	0xb8556	0x311cad	0x311f69	+0x2bc	dispatch	0xcdac7	310	0xb8556	0x1e8	0xa5	0x10c	0x1c4a	0x6c86	0x7438	e801a5000c014a1c866c38749900ba703aa3e6e801859db8ec9f9147b7bebdaa	prefix_32_of_700	0x524c03c5	0x8e78f1da	0x7df7dfda	0xeb377ffe	+0x6d3fa024	0x3a	0x3a
2647	0x787fe407836d	310	0xb8556	0x311f69	0x31223a	+0x2d1	dispatch	0xcdac7	310	0xb8556	0x1e8	0xa5	0x14d	0xe523	0x99	0xe367	e801a5004d0123e5990067e332d17995c6459ee801880a70a4781ff2ff90977e	prefix_32_of_721	0x8e78f1da	0x8e4e0de5	0xeb377ffe	0x7bd7fefb	-0x6f5f8103	0x3a	0x3a
2648	0x787fe407836d	310	0xb8556	0x31223a	0x312464	+0x22a	dispatch	0xcdac7	169	0x9af18	0x1e8	0xab	0x151	0x9568	0x99	0xae47	e801ab0051016895990047ae9900f3a03a2e3ae801d80a443786cf06c648acd7	prefix_32_of_554	0x8e4e0de5	0x347541db	0x7bd7fefb	0x69945ffa	-0x12439f01	0x3a	0x3a
2649	0x787fe407836d	169	0x9af18	0x312464	0x31268e	+0x22a	dispatch	0xcdac7	310	0xb8556	0xab	0x1e8	0x42	0x97f9	0x8b3a	0x99da	ab00e8014200f9973a8bda99009a299900e801e4734b803a09b993007451ab00	prefix_32_of_554	0x347541db	0x5675bb90	0x69945ffa	0xffc76ef9	+0x96330eff	0x3a	0x3a
2650	0x787fe407836d	310	0xb8556	0x31268e	0x312868	+0x1da	dispatch	0xcdac7	169	0x9af18	0x1e8	0x162	0x10c	0x1c4a	0x6576	0x4392	e80162010c014a1c76659243358b8809c82954e8014c0cab0058019c10f7f483	prefix_32_of_474	0x5675bb90	0x221c12	0xffc76ef9	0x3f06a742	-0xc0c0c7b7	0x3a	0x3a
2651	0x787fe407836d	169	0x9af18	0x312868	0x312aee	+0x286	dispatch	0xcdac7	169	0x9af18	0xab	0x1e8	0x12	0x5e8	0xae3a	0xb4a5	ab00e8011200e8053aaea5b4a2606756d86000e801d80a90778a7301aa4f8cd8	prefix_32_of_646	0x221c12	0x8e3c0ca2	0x3f06a742	0x6f95fefa	+0x308f57b8	0x3a	0x3a
2652	0x787fe407836d	169	0x9af18	0x312aee	0x312cd0	+0x1e2	dispatch	0xcdac7	169	0x9af18	0x162	0x1e8	0x9d	0xd4ff	0x99	0x3810	6201e8019d00ffd499001038377504acaadc9ee80188acfa117cde3f9f9f57fa	prefix_32_of_482	0x8e3c0ca2	0xfbf79ddb	0x6f95fefa	0xf9f3eb74	+0x8a5dec7a	0x3a	0x3a
2653	0x787fe407836d	169	0x9af18	0x312cd0	0x312f26	+0x256	dispatch	0xcdac7	310	0xb8556	0x162	0x1e8	0xbd	0x99	0xe964	0x860	6201e801bd00990064e96008f0890e712b581de8014b1ac6d48406bceffeed89	prefix_32_of_598	0xfbf79ddb	0x4b8eb2de	0xf9f3eb74	0x7b1c5e5e	-0x7ed78d16	0x3a	0x3a
2654	0x787fe407836d	310	0xb8556	0x312f26	0x313169	+0x243	dispatch	0xcdac7	310	0xb8556	0x1e8	0x162	0xb9	0xa483	0x543a	0xcd68	e8016201b90083a43a5468cdd0817305599acde80104b48b0ce80544a5607c99	prefix_32_of_579	0x4b8eb2de	0x7afe7fef	0x7b1c5e5e	0x727e02a8	-0x89e5bb6	0x3a	0x3a
2655	0x787fe407836d	310	0xb8556	0x313169	0x31334b	+0x1e2	dispatch	0xcdac7	169	0x9af18	0x1e8	0xa5	0x151	0x99e0	0x99	0x2580	e801a5005101e09999008025faf2b3bb03cc5ae801979b477a218516bad00004	prefix_32_of_482	0x7afe7fef	0xce4d8465	0x727e02a8	0x7f3e7f7b	+0xcc07cd3	0x3a	0x3a
2656	0x787fe407836d	169	0x9af18	0x31334b	0x3135b9	+0x26e	dispatch	0xcdac7	169	0x9af18	0xa5	0x1e8	0x40	0xa81d	0x99	0x620	a500e80140001da899002006e89ff41597541ce801ab9e2ac633af3ada4c1da9	prefix_32_of_622	0xce4d8465	0xc917a90d	0x7f3e7f7b	0xc917a90d	+0x49d92992	0x3a	0x3a
2657	0x787fe407836d	169	0x9af18	0x3135b9	0x3137fc	+0x243	dispatch	0xcdac7	310	0xb8556	0x162	0x1e8	0x40	0xa2bd	0x99	0x1b17	6201e8014000bda29900171bab6f0801d4e8014ab2d76ef4e32006be862314d7	prefix_32_of_579	0xc917a90d	0x8df97560	0xc917a90d	0x694cb90f	-0x5fcaeffe	0x3a	0x3a
2658	0x787fe407836d	310	0xb8556	0x3137fc	0x3139de	+0x1e2	dispatch	0xcdac7	310	0xb8556	0x1e8	0x162	0xa8	0x99	0xd0ce	0x339a	e8016201a8009900ced09a331c968809df4913e8013e1db47be2ab00a9a94eef	prefix_32_of_482	0x8df97560	0x4a612e32	0x694cb90f	0x5f8f8af3	-0x9bd2e1c	0x3a	0x3a
2659	0x787fe407836d	310	0xb8556	0x3139de	0x313c4c	+0x26e	dispatch	0xcdac7	169	0x9af18	0x1e8	0xa5	0x154	0x12ac	0x99	0x6160	e801a5005401ac12990060615dd8ca85aa86fae801e80522b455bce3a77dd306	prefix_32_of_622	0x4a612e32	0x8f70318b	0x5f8f8af3	0xfbfb8b3c	+0x9c6c0049	0x3a	0x3a
2660	0x787fe407836d	169	0x9af18	0x313c4c	0x313e8f	+0x243	dispatch	0xcdac7	169	0x9af18	0xab	0x1e8	0x14d	0xe973	0x99	0xe987	ab00e8014d0173e9990087e926178cfb71d638e8010b62f5e882fa050f99789a	prefix_32_of_579	0x8f70318b	0xfed1df96	0xfbfb8b3c	0x58a4dcd6	-0xa356ae66	0x3a	0x3a
2661	0x787fe407836d	169	0x9af18	0x313e8f	0x314071	+0x1e2	dispatch	0xcdac7	169	0x9af18	0x162	0x1e8	0x9d	0xd4ff	0x99	0x3390	6201e8019d00ffd49900903337b623a8e5df73e8019798477690393ef22f9bcb	prefix_32_of_482	0xfed1df96	0x4ac60206	0x58a4dcd6	0x5ee7d2fb	+0x642f625	0x3a	0x3a
2662	0x787fe407836d	169	0x9af18	0x314071	0x3142df	+0x26e	dispatch	0xcdac7	310	0xb8556	0x162	0x1e8	0xa8	0x99	0xd4b6	0x9fd6	6201e801a8009900b6d4d69fbcef4e5f09e8011cb697d66ed299928e413a85b4	prefix_32_of_622	0x4ac60206	0x861eb185	0x5ee7d2fb	0xdf95e7f4	+0x80ae14f9	0x3a	0x3a
2663	0x787fe407836d	310	0xb8556	0x3142df	0x314522	+0x243	dispatch	0xcdac7	310	0xb8556	0x1e8	0xab	0xd7	0xa88	0xd888	0x227d	e801ab00d700880a88d87d220b07a29900b00ee801c9569798eedb0f85a424a2	prefix_32_of_579	0x861eb185	0x34a042ea	0xdf95e7f4	0x3ce04eeb	-0xa2b59909	0x3a	0x3a
2664	0x787fe407836d	310	0xb8556	0x314522	0x314704	+0x1e2	dispatch	0xcdac7	310	0xb8556	0x1e8	0x162	0xcb	0x9a07	0x7635	0x1ca1	e8016201cb00079a3576a11c1587d000e463e6e801744fab006005408141e30a	prefix_32_of_482	0x34a042ea	0xfcdeff37	0x3ce04eeb	0xfcd60600	+0xbff5b715	0x3a	0x3a
2665	0x787fe407836d	310	0xb8556	0x314704	0x314972	+0x26e	dispatch	0xcdac7	169	0x9af18	0x1e8	0x162	0x133	0x553a	0xc4b4	0x9913	e801620133013a55b4c41399000f9926d6e801b4c893293a145770293fba3bd7	prefix_32_of_622	0xfcdeff37	0xf8eeff37	0xfcd60600	0xf8e60910	-0x3effcf0	0x3a	0x3a
2666	0x787fe407836d	169	0x9af18	0x314972	0x314bb5	+0x243	dispatch	0xcdac7	310	0xb8556	0xab	0x1e8	0x133	0xd3a	0x17b0	0x3590	ab00e80133013a0db017903576da52830d9d9ee801174b3aac16ab007e67bbcf	prefix_32_of_579	0xf8eeff37	0x62662dfb	0xf8e60910	0xbffcca14	-0x38e93efc	0x3a	0x3a
2667	0x787fe407836d	310	0xb8556	0x314bb5	0x314d97	+0x1e2	dispatch	0xcdac7	169	0x9af18	0x1e8	0xa5	0x154	0xec4	0x99	0xdaa	e801a5005401c40e9900aa0d3e77f80828c29ae801209b1de1b283cc41d0003c	prefix_32_of_482	0x62662dfb	0xfadf7f2d	0xbffcca14	0xf21b0800	+0x321e3dec	0x3a	0x3a
2668	0x787fe407836d	169	0x9af18	0x314d97	0x315005	+0x26e	dispatch	0xcdac7	310	0xb8556	0x162	0x1e8	0x154	0x1334	0x99	0x1060	6201e80154013413990060103a1468c6d70e38e801880ac47c15400b7ef3eb03	prefix_32_of_622	0xfadf7f2d	0xe34473c6	0xf21b0800	0xe74477c6	-0xad6903a	0x3a	0x3a
2669	0x787fe407836d	310	0xb8556	0x315005	0x31522f	+0x22a	dispatch	0xcdac7	310	0xb8556	0x1e8	0xab	0x2b	0x7ded	0x99	0x9d3a	e801ab002b00ed7d99003a9daf99001ceee5a3e801abfa76d8093db434706b58	prefix_32_of_554	0xe34473c6	0x69b0303a	0xe74477c6	0x69145e5a	-0x7e30196c	0x3a	0x3a
2670	0x787fe407836d	310	0xb8556	0x31522f	0x315486	+0x257	dispatch	0xcdac7	169	0x9af18	0x1e8	0xab	0xc7	0x4f47	0x2c3a	0xae89	e801ab00c700474f3a2c89ae01349650eb981ae801bbffdce71f77f3025db1c8	prefix_32_of_599	0x69b0303a	0x841ab3c5	0x69145e5a	0x841ab3c5	+0x1b06556b	0x3a	0x3a
2671	0x787fe407836d	169	0x9af18	0x315486	0x3156ca	+0x244	dispatch	0xcdac7	169	0x9af18	0xa5	0x1e8	0x12	0x620	0xdc3a	0xfca3	a500e801120020063adca3fce00d85dd41f69ae801e0a76a83e8bb0003922025	prefix_32_of_580	0x841ab3c5	0xf613f930	0x841ab3c5	0x3ffce85e	-0x441dcb67	0x3a	0x3a
2672	0x787fe407836d	169	0x9af18	0x3156ca	0x315969	+0x29f	dispatch	0xcdac7	169	0x9af18	0xab	0x1e8	0x9d	0xcf07	0x99	0xf9a4	ab00e8019d0007cf9900a4f90133438c86ac48e801f3e7ab00737721d5bfd52a	prefix_32_of_671	0xf613f930	0x2ab32381	0x3ffce85e	0x2af72783	-0x1505c0db	0x3a	0x3a
2673	0x787fe407836d	169	0x9af18	0x315969	0x315bbf	+0x256	dispatch	0xcdac7	169	0x9af18	0xab	0x1e8	0x129	0x1e31	0x8ee1	0x6ea2	ab00e8012901311ee18ea26eeb88cf9ecf06bee8010aaba3094961d69865e9dc	prefix_32_of_598	0x2ab32381	0x6e5d9892	0x2af72783	0x4000d60c	+0x1509ae89	0x3a	0x3a
2674	0x787fe407836d	169	0x9af18	0x315bbf	0x310ca5	-0x4f1a	dispatch	0xcdac7	310	0xb8556	0xab	0x1e8	0x10c	0x1c4a	0x63e6	0x5af	ab00e8010c014a1ce663af053cd2e4092be80199f5de2fb4dd1429a30a54917a	backedge_sample	0x6e5d9892	0x148226cc	0x4000d60c	0xffaffb65	+0xbfaf2559	0x3a	0x3a
2675	0x787fe407836d	310	0xb8556	0x310ca5	0x310ef0	+0x24b	dispatch	0xcdac7	310	0xb8556	0x1e8	0xa5	0xcb	0x9ebf	0x7635	0x390	e801a500cb00bf9e35769003042ba8fcee6d9ce801f7d8ab009003dc5941168f	prefix_32_of_587	0x148226cc	0x14100010	0xffaffb65	0x3f0612b2	-0xc0a9e8b3	0x3a	0x3a
2676	0x787fe407836d	310	0xb8556	0x310ef0	0x311163	+0x273	dispatch	0xcdac7	169	0x9af18	0x1e8	0x162	0x154	0xf7c	0x99	0x92e7	e801620154017c0f9900e792dc1375ac08b602e801bf8c2f019289f5a0fa7e69	prefix_32_of_627	0x14100010	0xc83095f0	0x3f0612b2	0x400110fe	+0xfafe4c	0x3a	0x3a
2677	0x787fe407836d	169	0x9af18	0x311163	0x3113a5	+0x242	dispatch	0xcdac7	169	0x9af18	0xa5	0x1e8	0x10c	0x1c4a	0x67ae	0x6b6	a500e8010c014a1cae67b6063aa56428d9e80129f1186774139007d64940f679	prefix_32_of_578	0xc83095f0	0x7adeff2e	0x400110fe	0x78de0800	+0x38dcf702	0x3a	0x3a
2678	0x787fe407836d	169	0x9af18	0x3113a5	0x3115e7	+0x242	dispatch	0xcdac7	310	0xb8556	0x162	0x1e8	0xbd	0x99	0xe914	0x26e8	6201e801bd00990014e9e826ba56639900de34e8017709ab00041dab006485b4	prefix_32_of_578	0x7adeff2e	0x2948	0x78de0800	0x2948	-0x78dddeb8	0x3a	0x3a
2679	0x787fe407836d	310	0xb8556	0x3115e7	0x311829	+0x242	dispatch	0xcdac7	169	0x9af18	0x1e8	0xa5	0x9d	0xd56f	0x99	0xad8	e801a5009d006fd59900d80a53f58761012fcee8011603b240666e6e27e60d3a	prefix_32_of_578	0x2948	0x3acddfde	0x2948	0x585c5c02	+0x585c32ba	0x3a	0x3a
2680	0x787fe407836d	169	0x9af18	0x311829	0x311a6b	+0x242	dispatch	0xcdac7	169	0x9af18	0xab	0x1e8	0x151	0x94f0	0x99	0xfcec	ab00e8015101f0949900ecfc8b0cd809e4e80111f8d746656b7dce813884ab00	prefix_32_of_578	0x3acddfde	0xef1b287	0x585c5c02	0x69145f5a	+0x10b80358	0x3a	0x3a
2681	0x787fe407836d	169	0x9af18	0x311a6b	0x311cad	+0x242	dispatch	0xcdac7	310	0xb8556	0xa5	0x1e8	0x72	0x64cb	0xac8c	0x620	a500e8017200cb648cac200648efdaf5e0bf18e8015f2dab001a531a84d8ab00	prefix_32_of_578	0xef1b287	0x524c03c5	0x69145f5a	0x7df7dfda	+0x14e38080	0x3a	0x3a
2682	0x787fe407836d	310	0xb8556	0x311cad	0x311f69	+0x2bc	dispatch	0xcdac7	310	0xb8556	0x1e8	0xa5	0x10c	0x1c4a	0x6c86	0x7438	e801a5000c014a1c866c38749900ba703aa3e6e801859db8ec9f9147b7bebdaa	prefix_32_of_700	0x524c03c5	0x8e78f1da	0x7df7dfda	0xeb377ffe	+0x6d3fa024	0x3a	0x3a
2683	0x787fe407836d	310	0xb8556	0x311f69	0x31223a	+0x2d1	dispatch	0xcdac7	310	0xb8556	0x1e8	0xa5	0x14d	0xe523	0x99	0xe367	e801a5004d0123e5990067e332d17995c6459ee801880a70a4781ff2ff90977e	prefix_32_of_721	0x8e78f1da	0x8e4e0de5	0xeb377ffe	0x7bd7fefb	-0x6f5f8103	0x3a	0x3a
2684	0x787fe407836d	310	0xb8556	0x31223a	0x312464	+0x22a	dispatch	0xcdac7	169	0x9af18	0x1e8	0xab	0x151	0x9568	0x99	0xae47	e801ab0051016895990047ae9900f3a03a2e3ae801d80a443786cf06c648acd7	prefix_32_of_554	0x8e4e0de5	0x347541db	0x7bd7fefb	0x69945ffa	-0x12439f01	0x3a	0x3a
2685	0x787fe407836d	169	0x9af18	0x312464	0x31268e	+0x22a	dispatch	0xcdac7	310	0xb8556	0xab	0x1e8	0x42	0x97f9	0x8b3a	0x99da	ab00e8014200f9973a8bda99009a299900e801e4734b803a09b993007451ab00	prefix_32_of_554	0x347541db	0x5675bb90	0x69945ffa	0xffc76ef9	+0x96330eff	0x3a	0x3a
2686	0x787fe407836d	310	0xb8556	0x31268e	0x312868	+0x1da	dispatch	0xcdac7	169	0x9af18	0x1e8	0x162	0x10c	0x1c4a	0x6576	0x4392	e80162010c014a1c76659243358b8809c82954e8014c0cab0058019c10f7f483	prefix_32_of_474	0x5675bb90	0x221c12	0xffc76ef9	0x3f06a742	-0xc0c0c7b7	0x3a	0x3a
2687	0x787fe407836d	169	0x9af18	0x312868	0x312aee	+0x286	dispatch	0xcdac7	169	0x9af18	0xab	0x1e8	0x12	0x5e8	0xae3a	0xb4a5	ab00e8011200e8053aaea5b4a2606756d86000e801d80a90778a7301aa4f8cd8	prefix_32_of_646	0x221c12	0x8e3c0ca2	0x3f06a742	0x6f95fefa	+0x308f57b8	0x3a	0x3a
2688	0x787fe407836d	169	0x9af18	0x312aee	0x312cd0	+0x1e2	dispatch	0xcdac7	169	0x9af18	0x162	0x1e8	0x9d	0xd4ff	0x99	0x3810	6201e8019d00ffd499001038377504acaadc9ee80188acfa117cde3f9f9f57fa	prefix_32_of_482	0x8e3c0ca2	0xfbf79ddb	0x6f95fefa	0xf9f3eb74	+0x8a5dec7a	0x3a	0x3a
2689	0x787fe407836d	169	0x9af18	0x312cd0	0x312f26	+0x256	dispatch	0xcdac7	310	0xb8556	0x162	0x1e8	0xbd	0x99	0xe964	0x860	6201e801bd00990064e96008f0890e712b581de8014b1ac6d48406bceffeed89	prefix_32_of_598	0xfbf79ddb	0x4b8eb2de	0xf9f3eb74	0x7b1c5e5e	-0x7ed78d16	0x3a	0x3a
2690	0x787fe407836d	310	0xb8556	0x312f26	0x313169	+0x243	dispatch	0xcdac7	310	0xb8556	0x1e8	0x162	0xb9	0xa483	0x543a	0xcd68	e8016201b90083a43a5468cdd0817305599acde80104b48b0ce80544a5607c99	prefix_32_of_579	0x4b8eb2de	0x7afe7fef	0x7b1c5e5e	0x727e02a8	-0x89e5bb6	0x3a	0x3a
2691	0x787fe407836d	310	0xb8556	0x313169	0x31334b	+0x1e2	dispatch	0xcdac7	169	0x9af18	0x1e8	0xa5	0x151	0x99e0	0x99	0x2580	e801a5005101e09999008025faf2b3bb03cc5ae801979b477a218516bad00004	prefix_32_of_482	0x7afe7fef	0xce4d8465	0x727e02a8	0x7f3e7f7b	+0xcc07cd3	0x3a	0x3a
2692	0x787fe407836d	169	0x9af18	0x31334b	0x3135b9	+0x26e	dispatch	0xcdac7	169	0x9af18	0xa5	0x1e8	0x40	0xa81d	0x99	0x620	a500e80140001da899002006e89ff41597541ce801ab9e2ac633af3ada4c1da9	prefix_32_of_622	0xce4d8465	0xc917a90d	0x7f3e7f7b	0xc917a90d	+0x49d92992	0x3a	0x3a
2693	0x787fe407836d	169	0x9af18	0x3135b9	0x3137fc	+0x243	dispatch	0xcdac7	310	0xb8556	0x162	0x1e8	0x40	0xa2bd	0x99	0x1b17	6201e8014000bda29900171bab6f0801d4e8014ab2d76ef4e32006be862314d7	prefix_32_of_579	0xc917a90d	0x8df97560	0xc917a90d	0x694cb90f	-0x5fcaeffe	0x3a	0x3a
2694	0x787fe407836d	310	0xb8556	0x3137fc	0x3139de	+0x1e2	dispatch	0xcdac7	310	0xb8556	0x1e8	0x162	0xa8	0x99	0xd0ce	0x339a	e8016201a8009900ced09a331c968809df4913e8013e1db47be2ab00a9a94eef	prefix_32_of_482	0x8df97560	0x4a612e32	0x694cb90f	0x5f8f8af3	-0x9bd2e1c	0x3a	0x3a
2695	0x787fe407836d	310	0xb8556	0x3139de	0x313c4c	+0x26e	dispatch	0xcdac7	169	0x9af18	0x1e8	0xa5	0x154	0x12ac	0x99	0x6160	e801a5005401ac12990060615dd8ca85aa86fae801e80522b455bce3a77dd306	prefix_32_of_622	0x4a612e32	0x8f70318b	0x5f8f8af3	0xfbfb8b3c	+0x9c6c0049	0x3a	0x3a
2696	0x787fe407836d	169	0x9af18	0x313c4c	0x313e8f	+0x243	dispatch	0xcdac7	169	0x9af18	0xab	0x1e8	0x14d	0xe973	0x99	0xe987	ab00e8014d0173e9990087e926178cfb71d638e8010b62f5e882fa050f99789a	prefix_32_of_579	0x8f70318b	0xfed1df96	0xfbfb8b3c	0x58a4dcd6	-0xa356ae66	0x3a	0x3a
2697	0x787fe407836d	169	0x9af18	0x313e8f	0x314071	+0x1e2	dispatch	0xcdac7	169	0x9af18	0x162	0x1e8	0x9d	0xd4ff	0x99	0x3390	6201e8019d00ffd49900903337b623a8e5df73e8019798477690393ef22f9bcb	prefix_32_of_482	0xfed1df96	0x4ac60206	0x58a4dcd6	0x5ee7d2fb	+0x642f625	0x3a	0x3a
2698	0x787fe407836d	169	0x9af18	0x314071	0x3142df	+0x26e	dispatch	0xcdac7	310	0xb8556	0x162	0x1e8	0xa8	0x99	0xd4b6	0x9fd6	6201e801a8009900b6d4d69fbcef4e5f09e8011cb697d66ed299928e413a85b4	prefix_32_of_622	0x4ac60206	0x861eb185	0x5ee7d2fb	0xdf95e7f4	+0x80ae14f9	0x3a	0x3a
2699	0x787fe407836d	310	0xb8556	0x3142df	0x314522	+0x243	dispatch	0xcdac7	310	0xb8556	0x1e8	0xab	0xd7	0xa88	0xd888	0x227d	e801ab00d700880a88d87d220b07a29900b00ee801c9569798eedb0f85a424a2	prefix_32_of_579	0x861eb185	0x34a042ea	0xdf95e7f4	0x3ce04eeb	-0xa2b59909	0x3a	0x3a
2700	0x787fe407836d	310	0xb8556	0x314522	0x314704	+0x1e2	dispatch	0xcdac7	310	0xb8556	0x1e8	0x162	0xcb	0x9a07	0x7635	0x1ca1	e8016201cb00079a3576a11c1587d000e463e6e801744fab006005408141e30a	prefix_32_of_482	0x34a042ea	0xfcdeff37	0x3ce04eeb	0xfcd60600	+0xbff5b715	0x3a	0x3a
2701	0x787fe407836d	310	0xb8556	0x314704	0x314972	+0x26e	dispatch	0xcdac7	169	0x9af18	0x1e8	0x162	0x133	0x553a	0xc4b4	0x9913	e801620133013a55b4c41399000f9926d6e801b4c893293a145770293fba3bd7	prefix_32_of_622	0xfcdeff37	0xf8eeff37	0xfcd60600	0xf8e60910	-0x3effcf0	0x3a	0x3a
2702	0x787fe407836d	169	0x9af18	0x314972	0x314bb5	+0x243	dispatch	0xcdac7	310	0xb8556	0xab	0x1e8	0x133	0xd3a	0x17b0	0x3590	ab00e80133013a0db017903576da52830d9d9ee801174b3aac16ab007e67bbcf	prefix_32_of_579	0xf8eeff37	0x62662dfb	0xf8e60910	0xbffcca14	-0x38e93efc	0x3a	0x3a
2703	0x787fe407836d	310	0xb8556	0x314bb5	0x314d97	+0x1e2	dispatch	0xcdac7	169	0x9af18	0x1e8	0xa5	0x154	0xec4	0x99	0xdaa	e801a5005401c40e9900aa0d3e77f80828c29ae801209b1de1b283cc41d0003c	prefix_32_of_482	0x62662dfb	0xfadf7f2d	0xbffcca14	0xf21b0800	+0x321e3dec	0x3a	0x3a
2704	0x787fe407836d	169	0x9af18	0x314d97	0x315005	+0x26e	dispatch	0xcdac7	310	0xb8556	0x162	0x1e8	0x154	0x1334	0x99	0x1060	6201e80154013413990060103a1468c6d70e38e801880ac47c15400b7ef3eb03	prefix_32_of_622	0xfadf7f2d	0xe34473c6	0xf21b0800	0xe74477c6	-0xad6903a	0x3a	0x3a
2705	0x787fe407836d	310	0xb8556	0x315005	0x31522f	+0x22a	dispatch	0xcdac7	310	0xb8556	0x1e8	0xab	0x2b	0x7ded	0x99	0x9d3a	e801ab002b00ed7d99003a9daf99001ceee5a3e801abfa76d8093db434706b58	prefix_32_of_554	0xe34473c6	0x69b0303a	0xe74477c6	0x69145e5a	-0x7e30196c	0x3a	0x3a
2706	0x787fe407836d	310	0xb8556	0x31522f	0x315486	+0x257	dispatch	0xcdac7	169	0x9af18	0x1e8	0xab	0xc7	0x4f47	0x2c3a	0xae89	e801ab00c700474f3a2c89ae01349650eb981ae801bbffdce71f77f3025db1c8	prefix_32_of_599	0x69b0303a	0x841ab3c5	0x69145e5a	0x841ab3c5	+0x1b06556b	0x3a	0x3a
2707	0x787fe407836d	169	0x9af18	0x315486	0x3156ca	+0x244	dispatch	0xcdac7	169	0x9af18	0xa5	0x1e8	0x12	0x620	0xdc3a	0xfca3	a500e801120020063adca3fce00d85dd41f69ae801e0a76a83e8bb0003922025	prefix_32_of_580	0x841ab3c5	0xf613f930	0x841ab3c5	0x3ffce85e	-0x441dcb67	0x3a	0x3a
2708	0x787fe407836d	169	0x9af18	0x3156ca	0x315969	+0x29f	dispatch	0xcdac7	169	0x9af18	0xab	0x1e8	0x9d	0xcf07	0x99	0xf9a4	ab00e8019d0007cf9900a4f90133438c86ac48e801f3e7ab00737721d5bfd52a	prefix_32_of_671	0xf613f930	0x2ab32381	0x3ffce85e	0x2af72783	-0x1505c0db	0x3a	0x3a
2709	0x787fe407836d	169	0x9af18	0x315969	0x315bbf	+0x256	dispatch	0xcdac7	169	0x9af18	0xab	0x1e8	0x129	0x1e31	0x8ee1	0x6ea2	ab00e8012901311ee18ea26eeb88cf9ecf06bee8010aaba3094961d69865e9dc	prefix_32_of_598	0x2ab32381	0x6e5d9892	0x2af72783	0x4000d60c	+0x1509ae89	0x3a	0x3a
2710	0x787fe407836d	169	0x9af18	0x315bbf	0x310ca5	-0x4f1a	dispatch	0xcdac7	310	0xb8556	0xab	0x1e8	0x10c	0x1c4a	0x63e6	0x5af	ab00e8010c014a1ce663af053cd2e4092be80199f5de2fb4dd1429a30a54917a	backedge_sample	0x6e5d9892	0x148226cc	0x4000d60c	0xffaffb65	+0xbfaf2559	0x3a	0x3a
2711	0x787fe407836d	310	0xb8556	0x310ca5	0x310ef0	+0x24b	dispatch	0xcdac7	310	0xb8556	0x1e8	0xa5	0xcb	0x9ebf	0x7635	0x390	e801a500cb00bf9e35769003042ba8fcee6d9ce801f7d8ab009003dc5941168f	prefix_32_of_587	0x148226cc	0x14100010	0xffaffb65	0x3f0612b2	-0xc0a9e8b3	0x3a	0x3a
2712	0x787fe407836d	310	0xb8556	0x310ef0	0x311163	+0x273	dispatch	0xcdac7	169	0x9af18	0x1e8	0x162	0x154	0xf7c	0x99	0x92e7	e801620154017c0f9900e792dc1375ac08b602e801bf8c2f019289f5a0fa7e69	prefix_32_of_627	0x14100010	0xc83095f0	0x3f0612b2	0x400110fe	+0xfafe4c	0x3a	0x3a
2713	0x787fe407836d	169	0x9af18	0x311163	0x3113a5	+0x242	dispatch	0xcdac7	169	0x9af18	0xa5	0x1e8	0x10c	0x1c4a	0x67ae	0x6b6	a500e8010c014a1cae67b6063aa56428d9e80129f1186774139007d64940f679	prefix_32_of_578	0xc83095f0	0x7adeff2e	0x400110fe	0x78de0800	+0x38dcf702	0x3a	0x3a
2714	0x787fe407836d	169	0x9af18	0x3113a5	0x3115e7	+0x242	dispatch	0xcdac7	310	0xb8556	0x162	0x1e8	0xbd	0x99	0xe914	0x26e8	6201e801bd00990014e9e826ba56639900de34e8017709ab00041dab006485b4	prefix_32_of_578	0x7adeff2e	0x2948	0x78de0800	0x2948	-0x78dddeb8	0x3a	0x3a
2715	0x787fe407836d	310	0xb8556	0x3115e7	0x311829	+0x242	dispatch	0xcdac7	169	0x9af18	0x1e8	0xa5	0x9d	0xd56f	0x99	0xad8	e801a5009d006fd59900d80a53f58761012fcee8011603b240666e6e27e60d3a	prefix_32_of_578	0x2948	0x3acddfde	0x2948	0x585c5c02	+0x585c32ba	0x3a	0x3a
2716	0x787fe407836d	169	0x9af18	0x311829	0x311a6b	+0x242	dispatch	0xcdac7	169	0x9af18	0xab	0x1e8	0x151	0x94f0	0x99	0xfcec	ab00e8015101f0949900ecfc8b0cd809e4e80111f8d746656b7dce813884ab00	prefix_32_of_578	0x3acddfde	0xef1b287	0x585c5c02	0x69145f5a	+0x10b80358	0x3a	0x3a
2717	0x787fe407836d	169	0x9af18	0x311a6b	0x311cad	+0x242	dispatch	0xcdac7	310	0xb8556	0xa5	0x1e8	0x72	0x64cb	0xac8c	0x620	a500e8017200cb648cac200648efdaf5e0bf18e8015f2dab001a531a84d8ab00	prefix_32_of_578	0xef1b287	0x524c03c5	0x69145f5a	0x7df7dfda	+0x14e38080	0x3a	0x3a
2718	0x787fe407836d	310	0xb8556	0x311cad	0x311f69	+0x2bc	dispatch	0xcdac7	310	0xb8556	0x1e8	0xa5	0x10c	0x1c4a	0x6c86	0x7438	e801a5000c014a1c866c38749900ba703aa3e6e801859db8ec9f9147b7bebdaa	prefix_32_of_700	0x524c03c5	0x8e78f1da	0x7df7dfda	0xeb377ffe	+0x6d3fa024	0x3a	0x3a
2719	0x787fe407836d	310	0xb8556	0x311f69	0x31223a	+0x2d1	dispatch	0xcdac7	310	0xb8556	0x1e8	0xa5	0x14d	0xe523	0x99	0xe367	e801a5004d0123e5990067e332d17995c6459ee801880a70a4781ff2ff90977e	prefix_32_of_721	0x8e78f1da	0x8e4e0de5	0xeb377ffe	0x7bd7fefb	-0x6f5f8103	0x3a	0x3a
2720	0x787fe407836d	310	0xb8556	0x31223a	0x312464	+0x22a	dispatch	0xcdac7	169	0x9af18	0x1e8	0xab	0x151	0x9568	0x99	0xae47	e801ab0051016895990047ae9900f3a03a2e3ae801d80a443786cf06c648acd7	prefix_32_of_554	0x8e4e0de5	0x347541db	0x7bd7fefb	0x69945ffa	-0x12439f01	0x3a	0x3a
2721	0x787fe407836d	169	0x9af18	0x312464	0x31268e	+0x22a	dispatch	0xcdac7	310	0xb8556	0xab	0x1e8	0x42	0x97f9	0x8b3a	0x99da	ab00e8014200f9973a8bda99009a299900e801e4734b803a09b993007451ab00	prefix_32_of_554	0x347541db	0x5675bb90	0x69945ffa	0xffc76ef9	+0x96330eff	0x3a	0x3a
2722	0x787fe407836d	310	0xb8556	0x31268e	0x312868	+0x1da	dispatch	0xcdac7	169	0x9af18	0x1e8	0x162	0x10c	0x1c4a	0x6576	0x4392	e80162010c014a1c76659243358b8809c82954e8014c0cab0058019c10f7f483	prefix_32_of_474	0x5675bb90	0x221c12	0xffc76ef9	0x3f06a742	-0xc0c0c7b7	0x3a	0x3a
2723	0x787fe407836d	169	0x9af18	0x312868	0x312aee	+0x286	dispatch	0xcdac7	169	0x9af18	0xab	0x1e8	0x12	0x5e8	0xae3a	0xb4a5	ab00e8011200e8053aaea5b4a2606756d86000e801d80a90778a7301aa4f8cd8	prefix_32_of_646	0x221c12	0x8e3c0ca2	0x3f06a742	0x6f95fefa	+0x308f57b8	0x3a	0x3a
2724	0x787fe407836d	169	0x9af18	0x312aee	0x312cd0	+0x1e2	dispatch	0xcdac7	169	0x9af18	0x162	0x1e8	0x9d	0xd4ff	0x99	0x3810	6201e8019d00ffd499001038377504acaadc9ee80188acfa117cde3f9f9f57fa	prefix_32_of_482	0x8e3c0ca2	0xfbf79ddb	0x6f95fefa	0xf9f3eb74	+0x8a5dec7a	0x3a	0x3a
2725	0x787fe407836d	169	0x9af18	0x312cd0	0x312f26	+0x256	dispatch	0xcdac7	310	0xb8556	0x162	0x1e8	0xbd	0x99	0xe964	0x860	6201e801bd00990064e96008f0890e712b581de8014b1ac6d48406bceffeed89	prefix_32_of_598	0xfbf79ddb	0x4b8eb2de	0xf9f3eb74	0x7b1c5e5e	-0x7ed78d16	0x3a	0x3a
2726	0x787fe407836d	310	0xb8556	0x312f26	0x313169	+0x243	dispatch	0xcdac7	310	0xb8556	0x1e8	0x162	0xb9	0xa483	0x543a	0xcd68	e8016201b90083a43a5468cdd0817305599acde80104b48b0ce80544a5607c99	prefix_32_of_579	0x4b8eb2de	0x7afe7fef	0x7b1c5e5e	0x727e02a8	-0x89e5bb6	0x3a	0x3a
2727	0x787fe407836d	310	0xb8556	0x313169	0x31334b	+0x1e2	dispatch	0xcdac7	169	0x9af18	0x1e8	0xa5	0x151	0x99e0	0x99	0x2580	e801a5005101e09999008025faf2b3bb03cc5ae801979b477a218516bad00004	prefix_32_of_482	0x7afe7fef	0xce4d8465	0x727e02a8	0x7f3e7f7b	+0xcc07cd3	0x3a	0x3a
2728	0x787fe407836d	169	0x9af18	0x31334b	0x3135b9	+0x26e	dispatch	0xcdac7	169	0x9af18	0xa5	0x1e8	0x40	0xa81d	0x99	0x620	a500e80140001da899002006e89ff41597541ce801ab9e2ac633af3ada4c1da9	prefix_32_of_622	0xce4d8465	0xc917a90d	0x7f3e7f7b	0xc917a90d	+0x49d92992	0x3a	0x3a
2729	0x787fe407836d	169	0x9af18	0x3135b9	0x3137fc	+0x243	dispatch	0xcdac7	310	0xb8556	0x162	0x1e8	0x40	0xa2bd	0x99	0x1b17	6201e8014000bda29900171bab6f0801d4e8014ab2d76ef4e32006be862314d7	prefix_32_of_579	0xc917a90d	0x8df97560	0xc917a90d	0x694cb90f	-0x5fcaeffe	0x3a	0x3a
2730	0x787fe407836d	310	0xb8556	0x3137fc	0x3139de	+0x1e2	dispatch	0xcdac7	310	0xb8556	0x1e8	0x162	0xa8	0x99	0xd0ce	0x339a	e8016201a8009900ced09a331c968809df4913e8013e1db47be2ab00a9a94eef	prefix_32_of_482	0x8df97560	0x4a612e32	0x694cb90f	0x5f8f8af3	-0x9bd2e1c	0x3a	0x3a
2731	0x787fe407836d	310	0xb8556	0x3139de	0x313c4c	+0x26e	dispatch	0xcdac7	169	0x9af18	0x1e8	0xa5	0x154	0x12ac	0x99	0x6160	e801a5005401ac12990060615dd8ca85aa86fae801e80522b455bce3a77dd306	prefix_32_of_622	0x4a612e32	0x8f70318b	0x5f8f8af3	0xfbfb8b3c	+0x9c6c0049	0x3a	0x3a
2732	0x787fe407836d	169	0x9af18	0x313c4c	0x313e8f	+0x243	dispatch	0xcdac7	169	0x9af18	0xab	0x1e8	0x14d	0xe973	0x99	0xe987	ab00e8014d0173e9990087e926178cfb71d638e8010b62f5e882fa050f99789a	prefix_32_of_579	0x8f70318b	0xfed1df96	0xfbfb8b3c	0x58a4dcd6	-0xa356ae66	0x3a	0x3a
2733	0x787fe407836d	169	0x9af18	0x313e8f	0x314071	+0x1e2	dispatch	0xcdac7	169	0x9af18	0x162	0x1e8	0x9d	0xd4ff	0x99	0x3390	6201e8019d00ffd49900903337b623a8e5df73e8019798477690393ef22f9bcb	prefix_32_of_482	0xfed1df96	0x4ac60206	0x58a4dcd6	0x5ee7d2fb	+0x642f625	0x3a	0x3a
2734	0x787fe407836d	169	0x9af18	0x314071	0x3142df	+0x26e	dispatch	0xcdac7	310	0xb8556	0x162	0x1e8	0xa8	0x99	0xd4b6	0x9fd6	6201e801a8009900b6d4d69fbcef4e5f09e8011cb697d66ed299928e413a85b4	prefix_32_of_622	0x4ac60206	0x861eb185	0x5ee7d2fb	0xdf95e7f4	+0x80ae14f9	0x3a	0x3a
2735	0x787fe407836d	310	0xb8556	0x3142df	0x314522	+0x243	dispatch	0xcdac7	310	0xb8556	0x1e8	0xab	0xd7	0xa88	0xd888	0x227d	e801ab00d700880a88d87d220b07a29900b00ee801c9569798eedb0f85a424a2	prefix_32_of_579	0x861eb185	0x34a042ea	0xdf95e7f4	0x3ce04eeb	-0xa2b59909	0x3a	0x3a
2736	0x787fe407836d	310	0xb8556	0x314522	0x314704	+0x1e2	dispatch	0xcdac7	310	0xb8556	0x1e8	0x162	0xcb	0x9a07	0x7635	0x1ca1	e8016201cb00079a3576a11c1587d000e463e6e801744fab006005408141e30a	prefix_32_of_482	0x34a042ea	0xfcdeff37	0x3ce04eeb	0xfcd60600	+0xbff5b715	0x3a	0x3a
2737	0x787fe407836d	310	0xb8556	0x314704	0x314972	+0x26e	dispatch	0xcdac7	169	0x9af18	0x1e8	0x162	0x133	0x553a	0xc4b4	0x9913	e801620133013a55b4c41399000f9926d6e801b4c893293a145770293fba3bd7	prefix_32_of_622	0xfcdeff37	0xf8eeff37	0xfcd60600	0xf8e60910	-0x3effcf0	0x3a	0x3a
2738	0x787fe407836d	169	0x9af18	0x314972	0x314bb5	+0x243	dispatch	0xcdac7	310	0xb8556	0xab	0x1e8	0x133	0xd3a	0x17b0	0x3590	ab00e80133013a0db017903576da52830d9d9ee801174b3aac16ab007e67bbcf	prefix_32_of_579	0xf8eeff37	0x62662dfb	0xf8e60910	0xbffcca14	-0x38e93efc	0x3a	0x3a
2739	0x787fe407836d	310	0xb8556	0x314bb5	0x314d97	+0x1e2	dispatch	0xcdac7	169	0x9af18	0x1e8	0xa5	0x154	0xec4	0x99	0xdaa	e801a5005401c40e9900aa0d3e77f80828c29ae801209b1de1b283cc41d0003c	prefix_32_of_482	0x62662dfb	0xfadf7f2d	0xbffcca14	0xf21b0800	+0x321e3dec	0x3a	0x3a
2740	0x787fe407836d	169	0x9af18	0x314d97	0x315005	+0x26e	dispatch	0xcdac7	310	0xb8556	0x162	0x1e8	0x154	0x1334	0x99	0x1060	6201e80154013413990060103a1468c6d70e38e801880ac47c15400b7ef3eb03	prefix_32_of_622	0xfadf7f2d	0xe34473c6	0xf21b0800	0xe74477c6	-0xad6903a	0x3a	0x3a
2741	0x787fe407836d	310	0xb8556	0x315005	0x31522f	+0x22a	dispatch	0xcdac7	310	0xb8556	0x1e8	0xab	0x2b	0x7ded	0x99	0x9d3a	e801ab002b00ed7d99003a9daf99001ceee5a3e801abfa76d8093db434706b58	prefix_32_of_554	0xe34473c6	0x69b0303a	0xe74477c6	0x69145e5a	-0x7e30196c	0x3a	0x3a
2742	0x787fe407836d	310	0xb8556	0x31522f	0x315486	+0x257	dispatch	0xcdac7	169	0x9af18	0x1e8	0xab	0xc7	0x4f47	0x2c3a	0xae89	e801ab00c700474f3a2c89ae01349650eb981ae801bbffdce71f77f3025db1c8	prefix_32_of_599	0x69b0303a	0x841ab3c5	0x69145e5a	0x841ab3c5	+0x1b06556b	0x3a	0x3a
2743	0x787fe407836d	169	0x9af18	0x315486	0x3156ca	+0x244	dispatch	0xcdac7	169	0x9af18	0xa5	0x1e8	0x12	0x620	0xdc3a	0xfca3	a500e801120020063adca3fce00d85dd41f69ae801e0a76a83e8bb0003922025	prefix_32_of_580	0x841ab3c5	0xf613f930	0x841ab3c5	0x3ffce85e	-0x441dcb67	0x3a	0x3a
2744	0x787fe407836d	169	0x9af18	0x3156ca	0x315969	+0x29f	dispatch	0xcdac7	169	0x9af18	0xab	0x1e8	0x9d	0xcf07	0x99	0xf9a4	ab00e8019d0007cf9900a4f90133438c86ac48e801f3e7ab00737721d5bfd52a	prefix_32_of_671	0xf613f930	0x2ab32381	0x3ffce85e	0x2af72783	-0x1505c0db	0x3a	0x3a
2745	0x787fe407836d	169	0x9af18	0x315969	0x315bbf	+0x256	dispatch	0xcdac7	169	0x9af18	0xab	0x1e8	0x129	0x1e31	0x8ee1	0x6ea2	ab00e8012901311ee18ea26eeb88cf9ecf06bee8010aaba3094961d69865e9dc	prefix_32_of_598	0x2ab32381	0x6e5d9892	0x2af72783	0x4000d60c	+0x1509ae89	0x3a	0x3a
2746	0x787fe407836d	169	0x9af18	0x315bbf	0x310ca5	-0x4f1a	dispatch	0xcdac7	310	0xb8556	0xab	0x1e8	0x10c	0x1c4a	0x63e6	0x5af	ab00e8010c014a1ce663af053cd2e4092be80199f5de2fb4dd1429a30a54917a	backedge_sample	0x6e5d9892	0x148226cc	0x4000d60c	0xffaffb65	+0xbfaf2559	0x3a	0x3a
2747	0x787fe407836d	310	0xb8556	0x310ca5	0x310ef0	+0x24b	dispatch	0xcdac7	310	0xb8556	0x1e8	0xa5	0xcb	0x9ebf	0x7635	0x390	e801a500cb00bf9e35769003042ba8fcee6d9ce801f7d8ab009003dc5941168f	prefix_32_of_587	0x148226cc	0x14100010	0xffaffb65	0x3f0612b2	-0xc0a9e8b3	0x3a	0x3a
2748	0x787fe407836d	310	0xb8556	0x310ef0	0x311163	+0x273	dispatch	0xcdac7	169	0x9af18	0x1e8	0x162	0x154	0xf7c	0x99	0x92e7	e801620154017c0f9900e792dc1375ac08b602e801bf8c2f019289f5a0fa7e69	prefix_32_of_627	0x14100010	0xc83095f0	0x3f0612b2	0x400110fe	+0xfafe4c	0x3a	0x3a
2749	0x787fe407836d	169	0x9af18	0x311163	0x3113a5	+0x242	dispatch	0xcdac7	169	0x9af18	0xa5	0x1e8	0x10c	0x1c4a	0x67ae	0x6b6	a500e8010c014a1cae67b6063aa56428d9e80129f1186774139007d64940f679	prefix_32_of_578	0xc83095f0	0x7adeff2e	0x400110fe	0x78de0800	+0x38dcf702	0x3a	0x3a
2750	0x787fe407836d	169	0x9af18	0x3113a5	0x3115e7	+0x242	dispatch	0xcdac7	310	0xb8556	0x162	0x1e8	0xbd	0x99	0xe914	0x26e8	6201e801bd00990014e9e826ba56639900de34e8017709ab00041dab006485b4	prefix_32_of_578	0x7adeff2e	0x2948	0x78de0800	0x2948	-0x78dddeb8	0x3a	0x3a
2751	0x787fe407836d	310	0xb8556	0x3115e7	0x311829	+0x242	dispatch	0xcdac7	169	0x9af18	0x1e8	0xa5	0x9d	0xd56f	0x99	0xad8	e801a5009d006fd59900d80a53f58761012fcee8011603b240666e6e27e60d3a	prefix_32_of_578	0x2948	0x3acddfde	0x2948	0x585c5c02	+0x585c32ba	0x3a	0x3a
2752	0x787fe407836d	169	0x9af18	0x311829	0x311a6b	+0x242	dispatch	0xcdac7	169	0x9af18	0xab	0x1e8	0x151	0x94f0	0x99	0xfcec	ab00e8015101f0949900ecfc8b0cd809e4e80111f8d746656b7dce813884ab00	prefix_32_of_578	0x3acddfde	0xef1b287	0x585c5c02	0x69145f5a	+0x10b80358	0x3a	0x3a
2753	0x787fe407836d	169	0x9af18	0x311a6b	0x311cad	+0x242	dispatch	0xcdac7	310	0xb8556	0xa5	0x1e8	0x72	0x64cb	0xac8c	0x620	a500e8017200cb648cac200648efdaf5e0bf18e8015f2dab001a531a84d8ab00	prefix_32_of_578	0xef1b287	0x524c03c5	0x69145f5a	0x7df7dfda	+0x14e38080	0x3a	0x3a
2754	0x787fe407836d	310	0xb8556	0x311cad	0x311f69	+0x2bc	dispatch	0xcdac7	310	0xb8556	0x1e8	0xa5	0x10c	0x1c4a	0x6c86	0x7438	e801a5000c014a1c866c38749900ba703aa3e6e801859db8ec9f9147b7bebdaa	prefix_32_of_700	0x524c03c5	0x8e78f1da	0x7df7dfda	0xeb377ffe	+0x6d3fa024	0x3a	0x3a
2755	0x787fe407836d	310	0xb8556	0x311f69	0x31223a	+0x2d1	dispatch	0xcdac7	310	0xb8556	0x1e8	0xa5	0x14d	0xe523	0x99	0xe367	e801a5004d0123e5990067e332d17995c6459ee801880a70a4781ff2ff90977e	prefix_32_of_721	0x8e78f1da	0x8e4e0de5	0xeb377ffe	0x7bd7fefb	-0x6f5f8103	0x3a	0x3a
2756	0x787fe407836d	310	0xb8556	0x31223a	0x312464	+0x22a	dispatch	0xcdac7	169	0x9af18	0x1e8	0xab	0x151	0x9568	0x99	0xae47	e801ab0051016895990047ae9900f3a03a2e3ae801d80a443786cf06c648acd7	prefix_32_of_554	0x8e4e0de5	0x347541db	0x7bd7fefb	0x69945ffa	-0x12439f01	0x3a	0x3a
2757	0x787fe407836d	169	0x9af18	0x312464	0x31268e	+0x22a	dispatch	0xcdac7	310	0xb8556	0xab	0x1e8	0x42	0x97f9	0x8b3a	0x99da	ab00e8014200f9973a8bda99009a299900e801e4734b803a09b993007451ab00	prefix_32_of_554	0x347541db	0x5675bb90	0x69945ffa	0xffc76ef9	+0x96330eff	0x3a	0x3a
2758	0x787fe407836d	310	0xb8556	0x31268e	0x312868	+0x1da	dispatch	0xcdac7	169	0x9af18	0x1e8	0x162	0x10c	0x1c4a	0x6576	0x4392	e80162010c014a1c76659243358b8809c82954e8014c0cab0058019c10f7f483	prefix_32_of_474	0x5675bb90	0x221c12	0xffc76ef9	0x3f06a742	-0xc0c0c7b7	0x3a	0x3a
2759	0x787fe407836d	169	0x9af18	0x312868	0x312aee	+0x286	dispatch	0xcdac7	169	0x9af18	0xab	0x1e8	0x12	0x5e8	0xae3a	0xb4a5	ab00e8011200e8053aaea5b4a2606756d86000e801d80a90778a7301aa4f8cd8	prefix_32_of_646	0x221c12	0x8e3c0ca2	0x3f06a742	0x6f95fefa	+0x308f57b8	0x3a	0x3a
2760	0x787fe407836d	169	0x9af18	0x312aee	0x312cd0	+0x1e2	dispatch	0xcdac7	169	0x9af18	0x162	0x1e8	0x9d	0xd4ff	0x99	0x3810	6201e8019d00ffd499001038377504acaadc9ee80188acfa117cde3f9f9f57fa	prefix_32_of_482	0x8e3c0ca2	0xfbf79ddb	0x6f95fefa	0xf9f3eb74	+0x8a5dec7a	0x3a	0x3a
2761	0x787fe407836d	169	0x9af18	0x312cd0	0x312f26	+0x256	dispatch	0xcdac7	310	0xb8556	0x162	0x1e8	0xbd	0x99	0xe964	0x860	6201e801bd00990064e96008f0890e712b581de8014b1ac6d48406bceffeed89	prefix_32_of_598	0xfbf79ddb	0x4b8eb2de	0xf9f3eb74	0x7b1c5e5e	-0x7ed78d16	0x3a	0x3a
2762	0x787fe407836d	310	0xb8556	0x312f26	0x313169	+0x243	dispatch	0xcdac7	310	0xb8556	0x1e8	0x162	0xb9	0xa483	0x543a	0xcd68	e8016201b90083a43a5468cdd0817305599acde80104b48b0ce80544a5607c99	prefix_32_of_579	0x4b8eb2de	0x7afe7fef	0x7b1c5e5e	0x727e02a8	-0x89e5bb6	0x3a	0x3a
2763	0x787fe407836d	310	0xb8556	0x313169	0x31334b	+0x1e2	dispatch	0xcdac7	169	0x9af18	0x1e8	0xa5	0x151	0x99e0	0x99	0x2580	e801a5005101e09999008025faf2b3bb03cc5ae801979b477a218516bad00004	prefix_32_of_482	0x7afe7fef	0xce4d8465	0x727e02a8	0x7f3e7f7b	+0xcc07cd3	0x3a	0x3a
2764	0x787fe407836d	169	0x9af18	0x31334b	0x3135b9	+0x26e	dispatch	0xcdac7	169	0x9af18	0xa5	0x1e8	0x40	0xa81d	0x99	0x620	a500e80140001da899002006e89ff41597541ce801ab9e2ac633af3ada4c1da9	prefix_32_of_622	0xce4d8465	0xc917a90d	0x7f3e7f7b	0xc917a90d	+0x49d92992	0x3a	0x3a
2765	0x787fe407836d	169	0x9af18	0x3135b9	0x3137fc	+0x243	dispatch	0xcdac7	310	0xb8556	0x162	0x1e8	0x40	0xa2bd	0x99	0x1b17	6201e8014000bda29900171bab6f0801d4e8014ab2d76ef4e32006be862314d7	prefix_32_of_579	0xc917a90d	0x8df97560	0xc917a90d	0x694cb90f	-0x5fcaeffe	0x3a	0x3a
2766	0x787fe407836d	310	0xb8556	0x3137fc	0x3139de	+0x1e2	dispatch	0xcdac7	310	0xb8556	0x1e8	0x162	0xa8	0x99	0xd0ce	0x339a	e8016201a8009900ced09a331c968809df4913e8013e1db47be2ab00a9a94eef	prefix_32_of_482	0x8df97560	0x4a612e32	0x694cb90f	0x5f8f8af3	-0x9bd2e1c	0x3a	0x3a
2767	0x787fe407836d	310	0xb8556	0x3139de	0x313c4c	+0x26e	dispatch	0xcdac7	169	0x9af18	0x1e8	0xa5	0x154	0x12ac	0x99	0x6160	e801a5005401ac12990060615dd8ca85aa86fae801e80522b455bce3a77dd306	prefix_32_of_622	0x4a612e32	0x8f70318b	0x5f8f8af3	0xfbfb8b3c	+0x9c6c0049	0x3a	0x3a
2768	0x787fe407836d	169	0x9af18	0x313c4c	0x313e8f	+0x243	dispatch	0xcdac7	169	0x9af18	0xab	0x1e8	0x14d	0xe973	0x99	0xe987	ab00e8014d0173e9990087e926178cfb71d638e8010b62f5e882fa050f99789a	prefix_32_of_579	0x8f70318b	0xfed1df96	0xfbfb8b3c	0x58a4dcd6	-0xa356ae66	0x3a	0x3a
2769	0x787fe407836d	169	0x9af18	0x313e8f	0x314071	+0x1e2	dispatch	0xcdac7	169	0x9af18	0x162	0x1e8	0x9d	0xd4ff	0x99	0x3390	6201e8019d00ffd49900903337b623a8e5df73e8019798477690393ef22f9bcb	prefix_32_of_482	0xfed1df96	0x4ac60206	0x58a4dcd6	0x5ee7d2fb	+0x642f625	0x3a	0x3a
2770	0x787fe407836d	169	0x9af18	0x314071	0x3142df	+0x26e	dispatch	0xcdac7	310	0xb8556	0x162	0x1e8	0xa8	0x99	0xd4b6	0x9fd6	6201e801a8009900b6d4d69fbcef4e5f09e8011cb697d66ed299928e413a85b4	prefix_32_of_622	0x4ac60206	0x861eb185	0x5ee7d2fb	0xdf95e7f4	+0x80ae14f9	0x3a	0x3a
2771	0x787fe407836d	310	0xb8556	0x3142df	0x314522	+0x243	dispatch	0xcdac7	310	0xb8556	0x1e8	0xab	0xd7	0xa88	0xd888	0x227d	e801ab00d700880a88d87d220b07a29900b00ee801c9569798eedb0f85a424a2	prefix_32_of_579	0x861eb185	0x34a042ea	0xdf95e7f4	0x3ce04eeb	-0xa2b59909	0x3a	0x3a
2772	0x787fe407836d	310	0xb8556	0x314522	0x314704	+0x1e2	dispatch	0xcdac7	310	0xb8556	0x1e8	0x162	0xcb	0x9a07	0x7635	0x1ca1	e8016201cb00079a3576a11c1587d000e463e6e801744fab006005408141e30a	prefix_32_of_482	0x34a042ea	0xfcdeff37	0x3ce04eeb	0xfcd60600	+0xbff5b715	0x3a	0x3a
2773	0x787fe407836d	310	0xb8556	0x314704	0x314972	+0x26e	dispatch	0xcdac7	169	0x9af18	0x1e8	0x162	0x133	0x553a	0xc4b4	0x9913	e801620133013a55b4c41399000f9926d6e801b4c893293a145770293fba3bd7	prefix_32_of_622	0xfcdeff37	0xf8eeff37	0xfcd60600	0xf8e60910	-0x3effcf0	0x3a	0x3a
2774	0x787fe407836d	169	0x9af18	0x314972	0x314bb5	+0x243	dispatch	0xcdac7	310	0xb8556	0xab	0x1e8	0x133	0xd3a	0x17b0	0x3590	ab00e80133013a0db017903576da52830d9d9ee801174b3aac16ab007e67bbcf	prefix_32_of_579	0xf8eeff37	0x62662dfb	0xf8e60910	0xbffcca14	-0x38e93efc	0x3a	0x3a
2775	0x787fe407836d	310	0xb8556	0x314bb5	0x314d97	+0x1e2	dispatch	0xcdac7	169	0x9af18	0x1e8	0xa5	0x154	0xec4	0x99	0xdaa	e801a5005401c40e9900aa0d3e77f80828c29ae801209b1de1b283cc41d0003c	prefix_32_of_482	0x62662dfb	0xfadf7f2d	0xbffcca14	0xf21b0800	+0x321e3dec	0x3a	0x3a
2776	0x787fe407836d	169	0x9af18	0x314d97	0x315005	+0x26e	dispatch	0xcdac7	310	0xb8556	0x162	0x1e8	0x154	0x1334	0x99	0x1060	6201e80154013413990060103a1468c6d70e38e801880ac47c15400b7ef3eb03	prefix_32_of_622	0xfadf7f2d	0xe34473c6	0xf21b0800	0xe74477c6	-0xad6903a	0x3a	0x3a
2777	0x787fe407836d	310	0xb8556	0x315005	0x31522f	+0x22a	dispatch	0xcdac7	310	0xb8556	0x1e8	0xab	0x2b	0x7ded	0x99	0x9d3a	e801ab002b00ed7d99003a9daf99001ceee5a3e801abfa76d8093db434706b58	prefix_32_of_554	0xe34473c6	0x69b0303a	0xe74477c6	0x69145e5a	-0x7e30196c	0x3a	0x3a
2778	0x787fe407836d	310	0xb8556	0x31522f	0x315486	+0x257	dispatch	0xcdac7	169	0x9af18	0x1e8	0xab	0xc7	0x4f47	0x2c3a	0xae89	e801ab00c700474f3a2c89ae01349650eb981ae801bbffdce71f77f3025db1c8	prefix_32_of_599	0x69b0303a	0x841ab3c5	0x69145e5a	0x841ab3c5	+0x1b06556b	0x3a	0x3a
2779	0x787fe407836d	169	0x9af18	0x315486	0x3156ca	+0x244	dispatch	0xcdac7	169	0x9af18	0xa5	0x1e8	0x12	0x620	0xdc3a	0xfca3	a500e801120020063adca3fce00d85dd41f69ae801e0a76a83e8bb0003922025	prefix_32_of_580	0x841ab3c5	0xf613f930	0x841ab3c5	0x3ffce85e	-0x441dcb67	0x3a	0x3a
2780	0x787fe407836d	169	0x9af18	0x3156ca	0x315969	+0x29f	dispatch	0xcdac7	169	0x9af18	0xab	0x1e8	0x9d	0xcf07	0x99	0xf9a4	ab00e8019d0007cf9900a4f90133438c86ac48e801f3e7ab00737721d5bfd52a	prefix_32_of_671	0xf613f930	0x2ab32381	0x3ffce85e	0x2af72783	-0x1505c0db	0x3a	0x3a
2781	0x787fe407836d	169	0x9af18	0x315969	0x315bbf	+0x256	dispatch	0xcdac7	169	0x9af18	0xab	0x1e8	0x129	0x1e31	0x8ee1	0x6ea2	ab00e8012901311ee18ea26eeb88cf9ecf06bee8010aaba3094961d69865e9dc	prefix_32_of_598	0x2ab32381	0x6e5d9892	0x2af72783	0x4000d60c	+0x1509ae89	0x3a	0x3a
2782	0x787fe407836d	169	0x9af18	0x315bbf	0x310ca5	-0x4f1a	dispatch	0xcdac7	310	0xb8556	0xab	0x1e8	0x10c	0x1c4a	0x63e6	0x5af	ab00e8010c014a1ce663af053cd2e4092be80199f5de2fb4dd1429a30a54917a	backedge_sample	0x6e5d9892	0x148226cc	0x4000d60c	0xffaffb65	+0xbfaf2559	0x3a	0x3a
2783	0x787fe407836d	310	0xb8556	0x310ca5	0x310ef0	+0x24b	dispatch	0xcdac7	310	0xb8556	0x1e8	0xa5	0xcb	0x9ebf	0x7635	0x390	e801a500cb00bf9e35769003042ba8fcee6d9ce801f7d8ab009003dc5941168f	prefix_32_of_587	0x148226cc	0x14100010	0xffaffb65	0x3f0612b2	-0xc0a9e8b3	0x3a	0x3a
2784	0x787fe407836d	310	0xb8556	0x310ef0	0x311163	+0x273	dispatch	0xcdac7	169	0x9af18	0x1e8	0x162	0x154	0xf7c	0x99	0x92e7	e801620154017c0f9900e792dc1375ac08b602e801bf8c2f019289f5a0fa7e69	prefix_32_of_627	0x14100010	0xc83095f0	0x3f0612b2	0x400110fe	+0xfafe4c	0x3a	0x3a
2785	0x787fe407836d	169	0x9af18	0x311163	0x3113a5	+0x242	dispatch	0xcdac7	169	0x9af18	0xa5	0x1e8	0x10c	0x1c4a	0x67ae	0x6b6	a500e8010c014a1cae67b6063aa56428d9e80129f1186774139007d64940f679	prefix_32_of_578	0xc83095f0	0x7adeff2e	0x400110fe	0x78de0800	+0x38dcf702	0x3a	0x3a
2786	0x787fe407836d	169	0x9af18	0x3113a5	0x3115e7	+0x242	dispatch	0xcdac7	310	0xb8556	0x162	0x1e8	0xbd	0x99	0xe914	0x26e8	6201e801bd00990014e9e826ba56639900de34e8017709ab00041dab006485b4	prefix_32_of_578	0x7adeff2e	0x2948	0x78de0800	0x2948	-0x78dddeb8	0x3a	0x3a
2787	0x787fe407836d	310	0xb8556	0x3115e7	0x311829	+0x242	dispatch	0xcdac7	169	0x9af18	0x1e8	0xa5	0x9d	0xd56f	0x99	0xad8	e801a5009d006fd59900d80a53f58761012fcee8011603b240666e6e27e60d3a	prefix_32_of_578	0x2948	0x3acddfde	0x2948	0x585c5c02	+0x585c32ba	0x3a	0x3a
2788	0x787fe407836d	169	0x9af18	0x311829	0x311a6b	+0x242	dispatch	0xcdac7	169	0x9af18	0xab	0x1e8	0x151	0x94f0	0x99	0xfcec	ab00e8015101f0949900ecfc8b0cd809e4e80111f8d746656b7dce813884ab00	prefix_32_of_578	0x3acddfde	0xef1b287	0x585c5c02	0x69145f5a	+0x10b80358	0x3a	0x3a
2789	0x787fe407836d	169	0x9af18	0x311a6b	0x311cad	+0x242	dispatch	0xcdac7	310	0xb8556	0xa5	0x1e8	0x72	0x64cb	0xac8c	0x620	a500e8017200cb648cac200648efdaf5e0bf18e8015f2dab001a531a84d8ab00	prefix_32_of_578	0xef1b287	0x524c03c5	0x69145f5a	0x7df7dfda	+0x14e38080	0x3a	0x3a
2790	0x787fe407836d	310	0xb8556	0x311cad	0x311f69	+0x2bc	dispatch	0xcdac7	310	0xb8556	0x1e8	0xa5	0x10c	0x1c4a	0x6c86	0x7438	e801a5000c014a1c866c38749900ba703aa3e6e801859db8ec9f9147b7bebdaa	prefix_32_of_700	0x524c03c5	0x8e78f1da	0x7df7dfda	0xeb377ffe	+0x6d3fa024	0x3a	0x3a
2791	0x787fe407836d	310	0xb8556	0x311f69	0x31223a	+0x2d1	dispatch	0xcdac7	310	0xb8556	0x1e8	0xa5	0x14d	0xe523	0x99	0xe367	e801a5004d0123e5990067e332d17995c6459ee801880a70a4781ff2ff90977e	prefix_32_of_721	0x8e78f1da	0x8e4e0de5	0xeb377ffe	0x7bd7fefb	-0x6f5f8103	0x3a	0x3a
2792	0x787fe407836d	310	0xb8556	0x31223a	0x312464	+0x22a	dispatch	0xcdac7	169	0x9af18	0x1e8	0xab	0x151	0x9568	0x99	0xae47	e801ab0051016895990047ae9900f3a03a2e3ae801d80a443786cf06c648acd7	prefix_32_of_554	0x8e4e0de5	0x347541db	0x7bd7fefb	0x69945ffa	-0x12439f01	0x3a	0x3a
2793	0x787fe407836d	169	0x9af18	0x312464	0x31268e	+0x22a	dispatch	0xcdac7	310	0xb8556	0xab	0x1e8	0x42	0x97f9	0x8b3a	0x99da	ab00e8014200f9973a8bda99009a299900e801e4734b803a09b993007451ab00	prefix_32_of_554	0x347541db	0x5675bb90	0x69945ffa	0xffc76ef9	+0x96330eff	0x3a	0x3a
2794	0x787fe407836d	310	0xb8556	0x31268e	0x312868	+0x1da	dispatch	0xcdac7	169	0x9af18	0x1e8	0x162	0x10c	0x1c4a	0x6576	0x4392	e80162010c014a1c76659243358b8809c82954e8014c0cab0058019c10f7f483	prefix_32_of_474	0x5675bb90	0x221c12	0xffc76ef9	0x3f06a742	-0xc0c0c7b7	0x3a	0x3a
2795	0x787fe407836d	169	0x9af18	0x312868	0x312aee	+0x286	dispatch	0xcdac7	169	0x9af18	0xab	0x1e8	0x12	0x5e8	0xae3a	0xb4a5	ab00e8011200e8053aaea5b4a2606756d86000e801d80a90778a7301aa4f8cd8	prefix_32_of_646	0x221c12	0x8e3c0ca2	0x3f06a742	0x6f95fefa	+0x308f57b8	0x3a	0x3a
2796	0x787fe407836d	169	0x9af18	0x312aee	0x312cd0	+0x1e2	dispatch	0xcdac7	169	0x9af18	0x162	0x1e8	0x9d	0xd4ff	0x99	0x3810	6201e8019d00ffd499001038377504acaadc9ee80188acfa117cde3f9f9f57fa	prefix_32_of_482	0x8e3c0ca2	0xfbf79ddb	0x6f95fefa	0xf9f3eb74	+0x8a5dec7a	0x3a	0x3a
2797	0x787fe407836d	169	0x9af18	0x312cd0	0x312f26	+0x256	dispatch	0xcdac7	310	0xb8556	0x162	0x1e8	0xbd	0x99	0xe964	0x860	6201e801bd00990064e96008f0890e712b581de8014b1ac6d48406bceffeed89	prefix_32_of_598	0xfbf79ddb	0x4b8eb2de	0xf9f3eb74	0x7b1c5e5e	-0x7ed78d16	0x3a	0x3a
2798	0x787fe407836d	310	0xb8556	0x312f26	0x313169	+0x243	dispatch	0xcdac7	310	0xb8556	0x1e8	0x162	0xb9	0xa483	0x543a	0xcd68	e8016201b90083a43a5468cdd0817305599acde80104b48b0ce80544a5607c99	prefix_32_of_579	0x4b8eb2de	0x7afe7fef	0x7b1c5e5e	0x727e02a8	-0x89e5bb6	0x3a	0x3a
2799	0x787fe407836d	310	0xb8556	0x313169	0x31334b	+0x1e2	dispatch	0xcdac7	169	0x9af18	0x1e8	0xa5	0x151	0x99e0	0x99	0x2580	e801a5005101e09999008025faf2b3bb03cc5ae801979b477a218516bad00004	prefix_32_of_482	0x7afe7fef	0xce4d8465	0x727e02a8	0x7f3e7f7b	+0xcc07cd3	0x3a	0x3a
2800	0x787fe407836d	169	0x9af18	0x31334b	0x3135b9	+0x26e	dispatch	0xcdac7	169	0x9af18	0xa5	0x1e8	0x40	0xa81d	0x99	0x620	a500e80140001da899002006e89ff41597541ce801ab9e2ac633af3ada4c1da9	prefix_32_of_622	0xce4d8465	0xc917a90d	0x7f3e7f7b	0xc917a90d	+0x49d92992	0x3a	0x3a
2801	0x787fe407836d	169	0x9af18	0x3135b9	0x3137fc	+0x243	dispatch	0xcdac7	310	0xb8556	0x162	0x1e8	0x40	0xa2bd	0x99	0x1b17	6201e8014000bda29900171bab6f0801d4e8014ab2d76ef4e32006be862314d7	prefix_32_of_579	0xc917a90d	0x8df97560	0xc917a90d	0x694cb90f	-0x5fcaeffe	0x3a	0x3a
2802	0x787fe407836d	310	0xb8556	0x3137fc	0x3139de	+0x1e2	dispatch	0xcdac7	310	0xb8556	0x1e8	0x162	0xa8	0x99	0xd0ce	0x339a	e8016201a8009900ced09a331c968809df4913e8013e1db47be2ab00a9a94eef	prefix_32_of_482	0x8df97560	0x4a612e32	0x694cb90f	0x5f8f8af3	-0x9bd2e1c	0x3a	0x3a
2803	0x787fe407836d	310	0xb8556	0x3139de	0x313c4c	+0x26e	dispatch	0xcdac7	169	0x9af18	0x1e8	0xa5	0x154	0x12ac	0x99	0x6160	e801a5005401ac12990060615dd8ca85aa86fae801e80522b455bce3a77dd306	prefix_32_of_622	0x4a612e32	0x8f70318b	0x5f8f8af3	0xfbfb8b3c	+0x9c6c0049	0x3a	0x3a
2804	0x787fe407836d	169	0x9af18	0x313c4c	0x313e8f	+0x243	dispatch	0xcdac7	169	0x9af18	0xab	0x1e8	0x14d	0xe973	0x99	0xe987	ab00e8014d0173e9990087e926178cfb71d638e8010b62f5e882fa050f99789a	prefix_32_of_579	0x8f70318b	0xfed1df96	0xfbfb8b3c	0x58a4dcd6	-0xa356ae66	0x3a	0x3a
2805	0x787fe407836d	169	0x9af18	0x313e8f	0x314071	+0x1e2	dispatch	0xcdac7	169	0x9af18	0x162	0x1e8	0x9d	0xd4ff	0x99	0x3390	6201e8019d00ffd49900903337b623a8e5df73e8019798477690393ef22f9bcb	prefix_32_of_482	0xfed1df96	0x4ac60206	0x58a4dcd6	0x5ee7d2fb	+0x642f625	0x3a	0x3a
2806	0x787fe407836d	169	0x9af18	0x314071	0x3142df	+0x26e	dispatch	0xcdac7	310	0xb8556	0x162	0x1e8	0xa8	0x99	0xd4b6	0x9fd6	6201e801a8009900b6d4d69fbcef4e5f09e8011cb697d66ed299928e413a85b4	prefix_32_of_622	0x4ac60206	0x861eb185	0x5ee7d2fb	0xdf95e7f4	+0x80ae14f9	0x3a	0x3a
2807	0x787fe407836d	310	0xb8556	0x3142df	0x314522	+0x243	dispatch	0xcdac7	310	0xb8556	0x1e8	0xab	0xd7	0xa88	0xd888	0x227d	e801ab00d700880a88d87d220b07a29900b00ee801c9569798eedb0f85a424a2	prefix_32_of_579	0x861eb185	0x34a042ea	0xdf95e7f4	0x3ce04eeb	-0xa2b59909	0x3a	0x3a
2808	0x787fe407836d	310	0xb8556	0x314522	0x314704	+0x1e2	dispatch	0xcdac7	310	0xb8556	0x1e8	0x162	0xcb	0x9a07	0x7635	0x1ca1	e8016201cb00079a3576a11c1587d000e463e6e801744fab006005408141e30a	prefix_32_of_482	0x34a042ea	0xfcdeff37	0x3ce04eeb	0xfcd60600	+0xbff5b715	0x3a	0x3a
2809	0x787fe407836d	310	0xb8556	0x314704	0x314972	+0x26e	dispatch	0xcdac7	169	0x9af18	0x1e8	0x162	0x133	0x553a	0xc4b4	0x9913	e801620133013a55b4c41399000f9926d6e801b4c893293a145770293fba3bd7	prefix_32_of_622	0xfcdeff37	0xf8eeff37	0xfcd60600	0xf8e60910	-0x3effcf0	0x3a	0x3a
2810	0x787fe407836d	169	0x9af18	0x314972	0x314bb5	+0x243	dispatch	0xcdac7	310	0xb8556	0xab	0x1e8	0x133	0xd3a	0x17b0	0x3590	ab00e80133013a0db017903576da52830d9d9ee801174b3aac16ab007e67bbcf	prefix_32_of_579	0xf8eeff37	0x62662dfb	0xf8e60910	0xbffcca14	-0x38e93efc	0x3a	0x3a
2811	0x787fe407836d	310	0xb8556	0x314bb5	0x314d97	+0x1e2	dispatch	0xcdac7	169	0x9af18	0x1e8	0xa5	0x154	0xec4	0x99	0xdaa	e801a5005401c40e9900aa0d3e77f80828c29ae801209b1de1b283cc41d0003c	prefix_32_of_482	0x62662dfb	0xfadf7f2d	0xbffcca14	0xf21b0800	+0x321e3dec	0x3a	0x3a
2812	0x787fe407836d	169	0x9af18	0x314d97	0x315005	+0x26e	dispatch	0xcdac7	310	0xb8556	0x162	0x1e8	0x154	0x1334	0x99	0x1060	6201e80154013413990060103a1468c6d70e38e801880ac47c15400b7ef3eb03	prefix_32_of_622	0xfadf7f2d	0xe34473c6	0xf21b0800	0xe74477c6	-0xad6903a	0x3a	0x3a
2813	0x787fe407836d	310	0xb8556	0x315005	0x31522f	+0x22a	dispatch	0xcdac7	310	0xb8556	0x1e8	0xab	0x2b	0x7ded	0x99	0x9d3a	e801ab002b00ed7d99003a9daf99001ceee5a3e801abfa76d8093db434706b58	prefix_32_of_554	0xe34473c6	0x69b0303a	0xe74477c6	0x69145e5a	-0x7e30196c	0x3a	0x3a
2814	0x787fe407836d	310	0xb8556	0x31522f	0x315486	+0x257	dispatch	0xcdac7	169	0x9af18	0x1e8	0xab	0xc7	0x4f47	0x2c3a	0xae89	e801ab00c700474f3a2c89ae01349650eb981ae801bbffdce71f77f3025db1c8	prefix_32_of_599	0x69b0303a	0x841ab3c5	0x69145e5a	0x841ab3c5	+0x1b06556b	0x3a	0x3a
2815	0x787fe407836d	169	0x9af18	0x315486	0x3156ca	+0x244	dispatch	0xcdac7	169	0x9af18	0xa5	0x1e8	0x12	0x620	0xdc3a	0xfca3	a500e801120020063adca3fce00d85dd41f69ae801e0a76a83e8bb0003922025	prefix_32_of_580	0x841ab3c5	0xf613f930	0x841ab3c5	0x3ffce85e	-0x441dcb67	0x3a	0x3a
2816	0x787fe407836d	169	0x9af18	0x3156ca	0x315969	+0x29f	dispatch	0xcdac7	169	0x9af18	0xab	0x1e8	0x9d	0xcf07	0x99	0xf9a4	ab00e8019d0007cf9900a4f90133438c86ac48e801f3e7ab00737721d5bfd52a	prefix_32_of_671	0xf613f930	0x2ab32381	0x3ffce85e	0x2af72783	-0x1505c0db	0x3a	0x3a
2817	0x787fe407836d	169	0x9af18	0x315969	0x315bbf	+0x256	dispatch	0xcdac7	169	0x9af18	0xab	0x1e8	0x129	0x1e31	0x8ee1	0x6ea2	ab00e8012901311ee18ea26eeb88cf9ecf06bee8010aaba3094961d69865e9dc	prefix_32_of_598	0x2ab32381	0x6e5d9892	0x2af72783	0x4000d60c	+0x1509ae89	0x3a	0x3a
2818	0x787fe407836d	169	0x9af18	0x315bbf	0x310ca5	-0x4f1a	dispatch	0xcdac7	310	0xb8556	0xab	0x1e8	0x10c	0x1c4a	0x63e6	0x5af	ab00e8010c014a1ce663af053cd2e4092be80199f5de2fb4dd1429a30a54917a	backedge_sample	0x6e5d9892	0x148226cc	0x4000d60c	0xffaffb65	+0xbfaf2559	0x3a	0x3a
2819	0x787fe407836d	310	0xb8556	0x310ca5	0x310ef0	+0x24b	dispatch	0xcdac7	310	0xb8556	0x1e8	0xa5	0xcb	0x9ebf	0x7635	0x390	e801a500cb00bf9e35769003042ba8fcee6d9ce801f7d8ab009003dc5941168f	prefix_32_of_587	0x148226cc	0x14100010	0xffaffb65	0x3f0612b2	-0xc0a9e8b3	0x3a	0x3a
2820	0x787fe407836d	310	0xb8556	0x310ef0	0x311163	+0x273	dispatch	0xcdac7	169	0x9af18	0x1e8	0x162	0x154	0xf7c	0x99	0x92e7	e801620154017c0f9900e792dc1375ac08b602e801bf8c2f019289f5a0fa7e69	prefix_32_of_627	0x14100010	0xc83095f0	0x3f0612b2	0x400110fe	+0xfafe4c	0x3a	0x3a
2821	0x787fe407836d	169	0x9af18	0x311163	0x3113a5	+0x242	dispatch	0xcdac7	169	0x9af18	0xa5	0x1e8	0x10c	0x1c4a	0x67ae	0x6b6	a500e8010c014a1cae67b6063aa56428d9e80129f1186774139007d64940f679	prefix_32_of_578	0xc83095f0	0x7adeff2e	0x400110fe	0x78de0800	+0x38dcf702	0x3a	0x3a
2822	0x787fe407836d	169	0x9af18	0x3113a5	0x3115e7	+0x242	dispatch	0xcdac7	310	0xb8556	0x162	0x1e8	0xbd	0x99	0xe914	0x26e8	6201e801bd00990014e9e826ba56639900de34e8017709ab00041dab006485b4	prefix_32_of_578	0x7adeff2e	0x2948	0x78de0800	0x2948	-0x78dddeb8	0x3a	0x3a
2823	0x787fe407836d	310	0xb8556	0x3115e7	0x311829	+0x242	dispatch	0xcdac7	169	0x9af18	0x1e8	0xa5	0x9d	0xd56f	0x99	0xad8	e801a5009d006fd59900d80a53f58761012fcee8011603b240666e6e27e60d3a	prefix_32_of_578	0x2948	0x3acddfde	0x2948	0x585c5c02	+0x585c32ba	0x3a	0x3a
2824	0x787fe407836d	169	0x9af18	0x311829	0x311a6b	+0x242	dispatch	0xcdac7	169	0x9af18	0xab	0x1e8	0x151	0x94f0	0x99	0xfcec	ab00e8015101f0949900ecfc8b0cd809e4e80111f8d746656b7dce813884ab00	prefix_32_of_578	0x3acddfde	0xef1b287	0x585c5c02	0x69145f5a	+0x10b80358	0x3a	0x3a
2825	0x787fe407836d	169	0x9af18	0x311a6b	0x311cad	+0x242	dispatch	0xcdac7	310	0xb8556	0xa5	0x1e8	0x72	0x64cb	0xac8c	0x620	a500e8017200cb648cac200648efdaf5e0bf18e8015f2dab001a531a84d8ab00	prefix_32_of_578	0xef1b287	0x524c03c5	0x69145f5a	0x7df7dfda	+0x14e38080	0x3a	0x3a
2826	0x787fe407836d	310	0xb8556	0x311cad	0x311f69	+0x2bc	dispatch	0xcdac7	310	0xb8556	0x1e8	0xa5	0x10c	0x1c4a	0x6c86	0x7438	e801a5000c014a1c866c38749900ba703aa3e6e801859db8ec9f9147b7bebdaa	prefix_32_of_700	0x524c03c5	0x8e78f1da	0x7df7dfda	0xeb377ffe	+0x6d3fa024	0x3a	0x3a
2827	0x787fe407836d	310	0xb8556	0x311f69	0x31223a	+0x2d1	dispatch	0xcdac7	310	0xb8556	0x1e8	0xa5	0x14d	0xe523	0x99	0xe367	e801a5004d0123e5990067e332d17995c6459ee801880a70a4781ff2ff90977e	prefix_32_of_721	0x8e78f1da	0x8e4e0de5	0xeb377ffe	0x7bd7fefb	-0x6f5f8103	0x3a	0x3a
2828	0x787fe407836d	310	0xb8556	0x31223a	0x312464	+0x22a	dispatch	0xcdac7	169	0x9af18	0x1e8	0xab	0x151	0x9568	0x99	0xae47	e801ab0051016895990047ae9900f3a03a2e3ae801d80a443786cf06c648acd7	prefix_32_of_554	0x8e4e0de5	0x347541db	0x7bd7fefb	0x69945ffa	-0x12439f01	0x3a	0x3a
2829	0x787fe407836d	169	0x9af18	0x312464	0x31268e	+0x22a	dispatch	0xcdac7	310	0xb8556	0xab	0x1e8	0x42	0x97f9	0x8b3a	0x99da	ab00e8014200f9973a8bda99009a299900e801e4734b803a09b993007451ab00	prefix_32_of_554	0x347541db	0x5675bb90	0x69945ffa	0xffc76ef9	+0x96330eff	0x3a	0x3a
2830	0x787fe407836d	310	0xb8556	0x31268e	0x312868	+0x1da	dispatch	0xcdac7	169	0x9af18	0x1e8	0x162	0x10c	0x1c4a	0x6576	0x4392	e80162010c014a1c76659243358b8809c82954e8014c0cab0058019c10f7f483	prefix_32_of_474	0x5675bb90	0x221c12	0xffc76ef9	0x3f06a742	-0xc0c0c7b7	0x3a	0x3a
2831	0x787fe407836d	169	0x9af18	0x312868	0x312aee	+0x286	dispatch	0xcdac7	169	0x9af18	0xab	0x1e8	0x12	0x5e8	0xae3a	0xb4a5	ab00e8011200e8053aaea5b4a2606756d86000e801d80a90778a7301aa4f8cd8	prefix_32_of_646	0x221c12	0x8e3c0ca2	0x3f06a742	0x6f95fefa	+0x308f57b8	0x3a	0x3a
2832	0x787fe407836d	169	0x9af18	0x312aee	0x312cd0	+0x1e2	dispatch	0xcdac7	169	0x9af18	0x162	0x1e8	0x9d	0xd4ff	0x99	0x3810	6201e8019d00ffd499001038377504acaadc9ee80188acfa117cde3f9f9f57fa	prefix_32_of_482	0x8e3c0ca2	0xfbf79ddb	0x6f95fefa	0xf9f3eb74	+0x8a5dec7a	0x3a	0x3a
2833	0x787fe407836d	169	0x9af18	0x312cd0	0x312f26	+0x256	dispatch	0xcdac7	310	0xb8556	0x162	0x1e8	0xbd	0x99	0xe964	0x860	6201e801bd00990064e96008f0890e712b581de8014b1ac6d48406bceffeed89	prefix_32_of_598	0xfbf79ddb	0x4b8eb2de	0xf9f3eb74	0x7b1c5e5e	-0x7ed78d16	0x3a	0x3a
2834	0x787fe407836d	310	0xb8556	0x312f26	0x313169	+0x243	dispatch	0xcdac7	310	0xb8556	0x1e8	0x162	0xb9	0xa483	0x543a	0xcd68	e8016201b90083a43a5468cdd0817305599acde80104b48b0ce80544a5607c99	prefix_32_of_579	0x4b8eb2de	0x7afe7fef	0x7b1c5e5e	0x727e02a8	-0x89e5bb6	0x3a	0x3a
2835	0x787fe407836d	310	0xb8556	0x313169	0x31334b	+0x1e2	dispatch	0xcdac7	169	0x9af18	0x1e8	0xa5	0x151	0x99e0	0x99	0x2580	e801a5005101e09999008025faf2b3bb03cc5ae801979b477a218516bad00004	prefix_32_of_482	0x7afe7fef	0xce4d8465	0x727e02a8	0x7f3e7f7b	+0xcc07cd3	0x3a	0x3a
2836	0x787fe407836d	169	0x9af18	0x31334b	0x3135b9	+0x26e	dispatch	0xcdac7	169	0x9af18	0xa5	0x1e8	0x40	0xa81d	0x99	0x620	a500e80140001da899002006e89ff41597541ce801ab9e2ac633af3ada4c1da9	prefix_32_of_622	0xce4d8465	0xc917a90d	0x7f3e7f7b	0xc917a90d	+0x49d92992	0x3a	0x3a
2837	0x787fe407836d	169	0x9af18	0x3135b9	0x3137fc	+0x243	dispatch	0xcdac7	310	0xb8556	0x162	0x1e8	0x40	0xa2bd	0x99	0x1b17	6201e8014000bda29900171bab6f0801d4e8014ab2d76ef4e32006be862314d7	prefix_32_of_579	0xc917a90d	0x8df97560	0xc917a90d	0x694cb90f	-0x5fcaeffe	0x3a	0x3a
2838	0x787fe407836d	310	0xb8556	0x3137fc	0x3139de	+0x1e2	dispatch	0xcdac7	310	0xb8556	0x1e8	0x162	0xa8	0x99	0xd0ce	0x339a	e8016201a8009900ced09a331c968809df4913e8013e1db47be2ab00a9a94eef	prefix_32_of_482	0x8df97560	0x4a612e32	0x694cb90f	0x5f8f8af3	-0x9bd2e1c	0x3a	0x3a
2839	0x787fe407836d	310	0xb8556	0x3139de	0x313c4c	+0x26e	dispatch	0xcdac7	169	0x9af18	0x1e8	0xa5	0x154	0x12ac	0x99	0x6160	e801a5005401ac12990060615dd8ca85aa86fae801e80522b455bce3a77dd306	prefix_32_of_622	0x4a612e32	0x8f70318b	0x5f8f8af3	0xfbfb8b3c	+0x9c6c0049	0x3a	0x3a
2840	0x787fe407836d	169	0x9af18	0x313c4c	0x313e8f	+0x243	dispatch	0xcdac7	169	0x9af18	0xab	0x1e8	0x14d	0xe973	0x99	0xe987	ab00e8014d0173e9990087e926178cfb71d638e8010b62f5e882fa050f99789a	prefix_32_of_579	0x8f70318b	0xfed1df96	0xfbfb8b3c	0x58a4dcd6	-0xa356ae66	0x3a	0x3a
2841	0x787fe407836d	169	0x9af18	0x313e8f	0x314071	+0x1e2	dispatch	0xcdac7	169	0x9af18	0x162	0x1e8	0x9d	0xd4ff	0x99	0x3390	6201e8019d00ffd49900903337b623a8e5df73e8019798477690393ef22f9bcb	prefix_32_of_482	0xfed1df96	0x4ac60206	0x58a4dcd6	0x5ee7d2fb	+0x642f625	0x3a	0x3a
2842	0x787fe407836d	169	0x9af18	0x314071	0x3142df	+0x26e	dispatch	0xcdac7	310	0xb8556	0x162	0x1e8	0xa8	0x99	0xd4b6	0x9fd6	6201e801a8009900b6d4d69fbcef4e5f09e8011cb697d66ed299928e413a85b4	prefix_32_of_622	0x4ac60206	0x861eb185	0x5ee7d2fb	0xdf95e7f4	+0x80ae14f9	0x3a	0x3a
2843	0x787fe407836d	310	0xb8556	0x3142df	0x314522	+0x243	dispatch	0xcdac7	310	0xb8556	0x1e8	0xab	0xd7	0xa88	0xd888	0x227d	e801ab00d700880a88d87d220b07a29900b00ee801c9569798eedb0f85a424a2	prefix_32_of_579	0x861eb185	0x34a042ea	0xdf95e7f4	0x3ce04eeb	-0xa2b59909	0x3a	0x3a
2844	0x787fe407836d	310	0xb8556	0x314522	0x314704	+0x1e2	dispatch	0xcdac7	310	0xb8556	0x1e8	0x162	0xcb	0x9a07	0x7635	0x1ca1	e8016201cb00079a3576a11c1587d000e463e6e801744fab006005408141e30a	prefix_32_of_482	0x34a042ea	0xfcdeff37	0x3ce04eeb	0xfcd60600	+0xbff5b715	0x3a	0x3a
2845	0x787fe407836d	310	0xb8556	0x314704	0x314972	+0x26e	dispatch	0xcdac7	169	0x9af18	0x1e8	0x162	0x133	0x553a	0xc4b4	0x9913	e801620133013a55b4c41399000f9926d6e801b4c893293a145770293fba3bd7	prefix_32_of_622	0xfcdeff37	0xf8eeff37	0xfcd60600	0xf8e60910	-0x3effcf0	0x3a	0x3a
2846	0x787fe407836d	169	0x9af18	0x314972	0x314bb5	+0x243	dispatch	0xcdac7	310	0xb8556	0xab	0x1e8	0x133	0xd3a	0x17b0	0x3590	ab00e80133013a0db017903576da52830d9d9ee801174b3aac16ab007e67bbcf	prefix_32_of_579	0xf8eeff37	0x62662dfb	0xf8e60910	0xbffcca14	-0x38e93efc	0x3a	0x3a
2847	0x787fe407836d	310	0xb8556	0x314bb5	0x314d97	+0x1e2	dispatch	0xcdac7	169	0x9af18	0x1e8	0xa5	0x154	0xec4	0x99	0xdaa	e801a5005401c40e9900aa0d3e77f80828c29ae801209b1de1b283cc41d0003c	prefix_32_of_482	0x62662dfb	0xfadf7f2d	0xbffcca14	0xf21b0800	+0x321e3dec	0x3a	0x3a
2848	0x787fe407836d	169	0x9af18	0x314d97	0x315005	+0x26e	dispatch	0xcdac7	310	0xb8556	0x162	0x1e8	0x154	0x1334	0x99	0x1060	6201e80154013413990060103a1468c6d70e38e801880ac47c15400b7ef3eb03	prefix_32_of_622	0xfadf7f2d	0xe34473c6	0xf21b0800	0xe74477c6	-0xad6903a	0x3a	0x3a
2849	0x787fe407836d	310	0xb8556	0x315005	0x31522f	+0x22a	dispatch	0xcdac7	310	0xb8556	0x1e8	0xab	0x2b	0x7ded	0x99	0x9d3a	e801ab002b00ed7d99003a9daf99001ceee5a3e801abfa76d8093db434706b58	prefix_32_of_554	0xe34473c6	0x69b0303a	0xe74477c6	0x69145e5a	-0x7e30196c	0x3a	0x3a
2850	0x787fe407836d	310	0xb8556	0x31522f	0x315486	+0x257	dispatch	0xcdac7	169	0x9af18	0x1e8	0xab	0xc7	0x4f47	0x2c3a	0xae89	e801ab00c700474f3a2c89ae01349650eb981ae801bbffdce71f77f3025db1c8	prefix_32_of_599	0x69b0303a	0x841ab3c5	0x69145e5a	0x841ab3c5	+0x1b06556b	0x3a	0x3a
2851	0x787fe407836d	169	0x9af18	0x315486	0x3156ca	+0x244	dispatch	0xcdac7	169	0x9af18	0xa5	0x1e8	0x12	0x620	0xdc3a	0xfca3	a500e801120020063adca3fce00d85dd41f69ae801e0a76a83e8bb0003922025	prefix_32_of_580	0x841ab3c5	0xf613f930	0x841ab3c5	0x3ffce85e	-0x441dcb67	0x3a	0x3a
2852	0x787fe407836d	169	0x9af18	0x3156ca	0x315969	+0x29f	dispatch	0xcdac7	169	0x9af18	0xab	0x1e8	0x9d	0xcf07	0x99	0xf9a4	ab00e8019d0007cf9900a4f90133438c86ac48e801f3e7ab00737721d5bfd52a	prefix_32_of_671	0xf613f930	0x2ab32381	0x3ffce85e	0x2af72783	-0x1505c0db	0x3a	0x3a
2853	0x787fe407836d	169	0x9af18	0x315969	0x315bbf	+0x256	dispatch	0xcdac7	169	0x9af18	0xab	0x1e8	0x129	0x1e31	0x8ee1	0x6ea2	ab00e8012901311ee18ea26eeb88cf9ecf06bee8010aaba3094961d69865e9dc	prefix_32_of_598	0x2ab32381	0x6e5d9892	0x2af72783	0x4000d60c	+0x1509ae89	0x3a	0x3a
2854	0x787fe407836d	169	0x9af18	0x315bbf	0x310ca5	-0x4f1a	dispatch	0xcdac7	310	0xb8556	0xab	0x1e8	0x10c	0x1c4a	0x63e6	0x5af	ab00e8010c014a1ce663af053cd2e4092be80199f5de2fb4dd1429a30a54917a	backedge_sample	0x6e5d9892	0x148226cc	0x4000d60c	0xffaffb65	+0xbfaf2559	0x3a	0x3a
2855	0x787fe407836d	310	0xb8556	0x310ca5	0x310ef0	+0x24b	dispatch	0xcdac7	310	0xb8556	0x1e8	0xa5	0xcb	0x9ebf	0x7635	0x390	e801a500cb00bf9e35769003042ba8fcee6d9ce801f7d8ab009003dc5941168f	prefix_32_of_587	0x148226cc	0x14100010	0xffaffb65	0x3f0612b2	-0xc0a9e8b3	0x3a	0x3a
2856	0x787fe407836d	310	0xb8556	0x310ef0	0x311163	+0x273	dispatch	0xcdac7	169	0x9af18	0x1e8	0x162	0x154	0xf7c	0x99	0x92e7	e801620154017c0f9900e792dc1375ac08b602e801bf8c2f019289f5a0fa7e69	prefix_32_of_627	0x14100010	0xc83095f0	0x3f0612b2	0x400110fe	+0xfafe4c	0x3a	0x3a
2857	0x787fe407836d	169	0x9af18	0x311163	0x3113a5	+0x242	dispatch	0xcdac7	169	0x9af18	0xa5	0x1e8	0x10c	0x1c4a	0x67ae	0x6b6	a500e8010c014a1cae67b6063aa56428d9e80129f1186774139007d64940f679	prefix_32_of_578	0xc83095f0	0x7adeff2e	0x400110fe	0x78de0800	+0x38dcf702	0x3a	0x3a
2858	0x787fe407836d	169	0x9af18	0x3113a5	0x3115e7	+0x242	dispatch	0xcdac7	310	0xb8556	0x162	0x1e8	0xbd	0x99	0xe914	0x26e8	6201e801bd00990014e9e826ba56639900de34e8017709ab00041dab006485b4	prefix_32_of_578	0x7adeff2e	0x2948	0x78de0800	0x2948	-0x78dddeb8	0x3a	0x3a
2859	0x787fe407836d	310	0xb8556	0x3115e7	0x311829	+0x242	dispatch	0xcdac7	169	0x9af18	0x1e8	0xa5	0x9d	0xd56f	0x99	0xad8	e801a5009d006fd59900d80a53f58761012fcee8011603b240666e6e27e60d3a	prefix_32_of_578	0x2948	0x3acddfde	0x2948	0x585c5c02	+0x585c32ba	0x3a	0x3a
2860	0x787fe407836d	169	0x9af18	0x311829	0x311a6b	+0x242	dispatch	0xcdac7	169	0x9af18	0xab	0x1e8	0x151	0x94f0	0x99	0xfcec	ab00e8015101f0949900ecfc8b0cd809e4e80111f8d746656b7dce813884ab00	prefix_32_of_578	0x3acddfde	0xef1b287	0x585c5c02	0x69145f5a	+0x10b80358	0x3a	0x3a
2861	0x787fe407836d	169	0x9af18	0x311a6b	0x311cad	+0x242	dispatch	0xcdac7	310	0xb8556	0xa5	0x1e8	0x72	0x64cb	0xac8c	0x620	a500e8017200cb648cac200648efdaf5e0bf18e8015f2dab001a531a84d8ab00	prefix_32_of_578	0xef1b287	0x524c03c5	0x69145f5a	0x7df7dfda	+0x14e38080	0x3a	0x3a
2862	0x787fe407836d	310	0xb8556	0x311cad	0x311f69	+0x2bc	dispatch	0xcdac7	310	0xb8556	0x1e8	0xa5	0x10c	0x1c4a	0x6c86	0x7438	e801a5000c014a1c866c38749900ba703aa3e6e801859db8ec9f9147b7bebdaa	prefix_32_of_700	0x524c03c5	0x8e78f1da	0x7df7dfda	0xeb377ffe	+0x6d3fa024	0x3a	0x3a
2863	0x787fe407836d	310	0xb8556	0x311f69	0x31223a	+0x2d1	dispatch	0xcdac7	310	0xb8556	0x1e8	0xa5	0x14d	0xe523	0x99	0xe367	e801a5004d0123e5990067e332d17995c6459ee801880a70a4781ff2ff90977e	prefix_32_of_721	0x8e78f1da	0x8e4e0de5	0xeb377ffe	0x7bd7fefb	-0x6f5f8103	0x3a	0x3a
2864	0x787fe407836d	310	0xb8556	0x31223a	0x312464	+0x22a	dispatch	0xcdac7	169	0x9af18	0x1e8	0xab	0x151	0x9568	0x99	0xae47	e801ab0051016895990047ae9900f3a03a2e3ae801d80a443786cf06c648acd7	prefix_32_of_554	0x8e4e0de5	0x347541db	0x7bd7fefb	0x69945ffa	-0x12439f01	0x3a	0x3a
2865	0x787fe407836d	169	0x9af18	0x312464	0x31268e	+0x22a	dispatch	0xcdac7	310	0xb8556	0xab	0x1e8	0x42	0x97f9	0x8b3a	0x99da	ab00e8014200f9973a8bda99009a299900e801e4734b803a09b993007451ab00	prefix_32_of_554	0x347541db	0x5675bb90	0x69945ffa	0xffc76ef9	+0x96330eff	0x3a	0x3a
2866	0x787fe407836d	310	0xb8556	0x31268e	0x312868	+0x1da	dispatch	0xcdac7	169	0x9af18	0x1e8	0x162	0x10c	0x1c4a	0x6576	0x4392	e80162010c014a1c76659243358b8809c82954e8014c0cab0058019c10f7f483	prefix_32_of_474	0x5675bb90	0x221c12	0xffc76ef9	0x3f06a742	-0xc0c0c7b7	0x3a	0x3a
2867	0x787fe407836d	169	0x9af18	0x312868	0x312aee	+0x286	dispatch	0xcdac7	169	0x9af18	0xab	0x1e8	0x12	0x5e8	0xae3a	0xb4a5	ab00e8011200e8053aaea5b4a2606756d86000e801d80a90778a7301aa4f8cd8	prefix_32_of_646	0x221c12	0x8e3c0ca2	0x3f06a742	0x6f95fefa	+0x308f57b8	0x3a	0x3a
2868	0x787fe407836d	169	0x9af18	0x312aee	0x312cd0	+0x1e2	dispatch	0xcdac7	169	0x9af18	0x162	0x1e8	0x9d	0xd4ff	0x99	0x3810	6201e8019d00ffd499001038377504acaadc9ee80188acfa117cde3f9f9f57fa	prefix_32_of_482	0x8e3c0ca2	0xfbf79ddb	0x6f95fefa	0xf9f3eb74	+0x8a5dec7a	0x3a	0x3a
2869	0x787fe407836d	169	0x9af18	0x312cd0	0x312f26	+0x256	dispatch	0xcdac7	310	0xb8556	0x162	0x1e8	0xbd	0x99	0xe964	0x860	6201e801bd00990064e96008f0890e712b581de8014b1ac6d48406bceffeed89	prefix_32_of_598	0xfbf79ddb	0x4b8eb2de	0xf9f3eb74	0x7b1c5e5e	-0x7ed78d16	0x3a	0x3a
2870	0x787fe407836d	310	0xb8556	0x312f26	0x313169	+0x243	dispatch	0xcdac7	310	0xb8556	0x1e8	0x162	0xb9	0xa483	0x543a	0xcd68	e8016201b90083a43a5468cdd0817305599acde80104b48b0ce80544a5607c99	prefix_32_of_579	0x4b8eb2de	0x7afe7fef	0x7b1c5e5e	0x727e02a8	-0x89e5bb6	0x3a	0x3a
2871	0x787fe407836d	310	0xb8556	0x313169	0x31334b	+0x1e2	dispatch	0xcdac7	169	0x9af18	0x1e8	0xa5	0x151	0x99e0	0x99	0x2580	e801a5005101e09999008025faf2b3bb03cc5ae801979b477a218516bad00004	prefix_32_of_482	0x7afe7fef	0xce4d8465	0x727e02a8	0x7f3e7f7b	+0xcc07cd3	0x3a	0x3a
2872	0x787fe407836d	169	0x9af18	0x31334b	0x3135b9	+0x26e	dispatch	0xcdac7	169	0x9af18	0xa5	0x1e8	0x40	0xa81d	0x99	0x620	a500e80140001da899002006e89ff41597541ce801ab9e2ac633af3ada4c1da9	prefix_32_of_622	0xce4d8465	0xc917a90d	0x7f3e7f7b	0xc917a90d	+0x49d92992	0x3a	0x3a
2873	0x787fe407836d	169	0x9af18	0x3135b9	0x3137fc	+0x243	dispatch	0xcdac7	310	0xb8556	0x162	0x1e8	0x40	0xa2bd	0x99	0x1b17	6201e8014000bda29900171bab6f0801d4e8014ab2d76ef4e32006be862314d7	prefix_32_of_579	0xc917a90d	0x8df97560	0xc917a90d	0x694cb90f	-0x5fcaeffe	0x3a	0x3a
2874	0x787fe407836d	310	0xb8556	0x3137fc	0x3139de	+0x1e2	dispatch	0xcdac7	310	0xb8556	0x1e8	0x162	0xa8	0x99	0xd0ce	0x339a	e8016201a8009900ced09a331c968809df4913e8013e1db47be2ab00a9a94eef	prefix_32_of_482	0x8df97560	0x4a612e32	0x694cb90f	0x5f8f8af3	-0x9bd2e1c	0x3a	0x3a
2875	0x787fe407836d	310	0xb8556	0x3139de	0x313c4c	+0x26e	dispatch	0xcdac7	169	0x9af18	0x1e8	0xa5	0x154	0x12ac	0x99	0x6160	e801a5005401ac12990060615dd8ca85aa86fae801e80522b455bce3a77dd306	prefix_32_of_622	0x4a612e32	0x8f70318b	0x5f8f8af3	0xfbfb8b3c	+0x9c6c0049	0x3a	0x3a
2876	0x787fe407836d	169	0x9af18	0x313c4c	0x313e8f	+0x243	dispatch	0xcdac7	169	0x9af18	0xab	0x1e8	0x14d	0xe973	0x99	0xe987	ab00e8014d0173e9990087e926178cfb71d638e8010b62f5e882fa050f99789a	prefix_32_of_579	0x8f70318b	0xfed1df96	0xfbfb8b3c	0x58a4dcd6	-0xa356ae66	0x3a	0x3a
2877	0x787fe407836d	169	0x9af18	0x313e8f	0x314071	+0x1e2	dispatch	0xcdac7	169	0x9af18	0x162	0x1e8	0x9d	0xd4ff	0x99	0x3390	6201e8019d00ffd49900903337b623a8e5df73e8019798477690393ef22f9bcb	prefix_32_of_482	0xfed1df96	0x4ac60206	0x58a4dcd6	0x5ee7d2fb	+0x642f625	0x3a	0x3a
2878	0x787fe407836d	169	0x9af18	0x314071	0x3142df	+0x26e	dispatch	0xcdac7	310	0xb8556	0x162	0x1e8	0xa8	0x99	0xd4b6	0x9fd6	6201e801a8009900b6d4d69fbcef4e5f09e8011cb697d66ed299928e413a85b4	prefix_32_of_622	0x4ac60206	0x861eb185	0x5ee7d2fb	0xdf95e7f4	+0x80ae14f9	0x3a	0x3a
2879	0x787fe407836d	310	0xb8556	0x3142df	0x314522	+0x243	dispatch	0xcdac7	310	0xb8556	0x1e8	0xab	0xd7	0xa88	0xd888	0x227d	e801ab00d700880a88d87d220b07a29900b00ee801c9569798eedb0f85a424a2	prefix_32_of_579	0x861eb185	0x34a042ea	0xdf95e7f4	0x3ce04eeb	-0xa2b59909	0x3a	0x3a
2880	0x787fe407836d	310	0xb8556	0x314522	0x314704	+0x1e2	dispatch	0xcdac7	310	0xb8556	0x1e8	0x162	0xcb	0x9a07	0x7635	0x1ca1	e8016201cb00079a3576a11c1587d000e463e6e801744fab006005408141e30a	prefix_32_of_482	0x34a042ea	0xfcdeff37	0x3ce04eeb	0xfcd60600	+0xbff5b715	0x3a	0x3a
2881	0x787fe407836d	310	0xb8556	0x314704	0x314972	+0x26e	dispatch	0xcdac7	169	0x9af18	0x1e8	0x162	0x133	0x553a	0xc4b4	0x9913	e801620133013a55b4c41399000f9926d6e801b4c893293a145770293fba3bd7	prefix_32_of_622	0xfcdeff37	0xf8eeff37	0xfcd60600	0xf8e60910	-0x3effcf0	0x3a	0x3a
2882	0x787fe407836d	169	0x9af18	0x314972	0x314bb5	+0x243	dispatch	0xcdac7	310	0xb8556	0xab	0x1e8	0x133	0xd3a	0x17b0	0x3590	ab00e80133013a0db017903576da52830d9d9ee801174b3aac16ab007e67bbcf	prefix_32_of_579	0xf8eeff37	0x62662dfb	0xf8e60910	0xbffcca14	-0x38e93efc	0x3a	0x3a
2883	0x787fe407836d	310	0xb8556	0x314bb5	0x314d97	+0x1e2	dispatch	0xcdac7	169	0x9af18	0x1e8	0xa5	0x154	0xec4	0x99	0xdaa	e801a5005401c40e9900aa0d3e77f80828c29ae801209b1de1b283cc41d0003c	prefix_32_of_482	0x62662dfb	0xfadf7f2d	0xbffcca14	0xf21b0800	+0x321e3dec	0x3a	0x3a
2884	0x787fe407836d	169	0x9af18	0x314d97	0x315005	+0x26e	dispatch	0xcdac7	310	0xb8556	0x162	0x1e8	0x154	0x1334	0x99	0x1060	6201e80154013413990060103a1468c6d70e38e801880ac47c15400b7ef3eb03	prefix_32_of_622	0xfadf7f2d	0xe34473c6	0xf21b0800	0xe74477c6	-0xad6903a	0x3a	0x3a
2885	0x787fe407836d	310	0xb8556	0x315005	0x31522f	+0x22a	dispatch	0xcdac7	310	0xb8556	0x1e8	0xab	0x2b	0x7ded	0x99	0x9d3a	e801ab002b00ed7d99003a9daf99001ceee5a3e801abfa76d8093db434706b58	prefix_32_of_554	0xe34473c6	0x69b0303a	0xe74477c6	0x69145e5a	-0x7e30196c	0x3a	0x3a
2886	0x787fe407836d	310	0xb8556	0x31522f	0x315486	+0x257	dispatch	0xcdac7	169	0x9af18	0x1e8	0xab	0xc7	0x4f47	0x2c3a	0xae89	e801ab00c700474f3a2c89ae01349650eb981ae801bbffdce71f77f3025db1c8	prefix_32_of_599	0x69b0303a	0x841ab3c5	0x69145e5a	0x841ab3c5	+0x1b06556b	0x3a	0x3a
2887	0x787fe407836d	169	0x9af18	0x315486	0x3156ca	+0x244	dispatch	0xcdac7	169	0x9af18	0xa5	0x1e8	0x12	0x620	0xdc3a	0xfca3	a500e801120020063adca3fce00d85dd41f69ae801e0a76a83e8bb0003922025	prefix_32_of_580	0x841ab3c5	0xf613f930	0x841ab3c5	0x3ffce85e	-0x441dcb67	0x3a	0x3a
2888	0x787fe407836d	169	0x9af18	0x3156ca	0x315969	+0x29f	dispatch	0xcdac7	169	0x9af18	0xab	0x1e8	0x9d	0xcf07	0x99	0xf9a4	ab00e8019d0007cf9900a4f90133438c86ac48e801f3e7ab00737721d5bfd52a	prefix_32_of_671	0xf613f930	0x2ab32381	0x3ffce85e	0x2af72783	-0x1505c0db	0x3a	0x3a
2889	0x787fe407836d	169	0x9af18	0x315969	0x315bbf	+0x256	dispatch	0xcdac7	169	0x9af18	0xab	0x1e8	0x129	0x1e31	0x8ee1	0x6ea2	ab00e8012901311ee18ea26eeb88cf9ecf06bee8010aaba3094961d69865e9dc	prefix_32_of_598	0x2ab32381	0x6e5d9892	0x2af72783	0x4000d60c	+0x1509ae89	0x3a	0x3a
2890	0x787fe407836d	169	0x9af18	0x315bbf	0x310ca5	-0x4f1a	dispatch	0xcdac7	310	0xb8556	0xab	0x1e8	0x10c	0x1c4a	0x63e6	0x5af	ab00e8010c014a1ce663af053cd2e4092be80199f5de2fb4dd1429a30a54917a	backedge_sample	0x6e5d9892	0x148226cc	0x4000d60c	0xffaffb65	+0xbfaf2559	0x3a	0x3a
2891	0x787fe407836d	310	0xb8556	0x310ca5	0x310ef0	+0x24b	dispatch	0xcdac7	310	0xb8556	0x1e8	0xa5	0xcb	0x9ebf	0x7635	0x390	e801a500cb00bf9e35769003042ba8fcee6d9ce801f7d8ab009003dc5941168f	prefix_32_of_587	0x148226cc	0x14100010	0xffaffb65	0x3f0612b2	-0xc0a9e8b3	0x3a	0x3a
2892	0x787fe407836d	310	0xb8556	0x310ef0	0x311163	+0x273	dispatch	0xcdac7	169	0x9af18	0x1e8	0x162	0x154	0xf7c	0x99	0x92e7	e801620154017c0f9900e792dc1375ac08b602e801bf8c2f019289f5a0fa7e69	prefix_32_of_627	0x14100010	0xc83095f0	0x3f0612b2	0x400110fe	+0xfafe4c	0x3a	0x3a
2893	0x787fe407836d	169	0x9af18	0x311163	0x3113a5	+0x242	dispatch	0xcdac7	169	0x9af18	0xa5	0x1e8	0x10c	0x1c4a	0x67ae	0x6b6	a500e8010c014a1cae67b6063aa56428d9e80129f1186774139007d64940f679	prefix_32_of_578	0xc83095f0	0x7adeff2e	0x400110fe	0x78de0800	+0x38dcf702	0x3a	0x3a
2894	0x787fe407836d	169	0x9af18	0x3113a5	0x3115e7	+0x242	dispatch	0xcdac7	310	0xb8556	0x162	0x1e8	0xbd	0x99	0xe914	0x26e8	6201e801bd00990014e9e826ba56639900de34e8017709ab00041dab006485b4	prefix_32_of_578	0x7adeff2e	0x2948	0x78de0800	0x2948	-0x78dddeb8	0x3a	0x3a
2895	0x787fe407836d	310	0xb8556	0x3115e7	0x311829	+0x242	dispatch	0xcdac7	169	0x9af18	0x1e8	0xa5	0x9d	0xd56f	0x99	0xad8	e801a5009d006fd59900d80a53f58761012fcee8011603b240666e6e27e60d3a	prefix_32_of_578	0x2948	0x3acddfde	0x2948	0x585c5c02	+0x585c32ba	0x3a	0x3a
2896	0x787fe407836d	169	0x9af18	0x311829	0x311a6b	+0x242	dispatch	0xcdac7	169	0x9af18	0xab	0x1e8	0x151	0x94f0	0x99	0xfcec	ab00e8015101f0949900ecfc8b0cd809e4e80111f8d746656b7dce813884ab00	prefix_32_of_578	0x3acddfde	0xef1b287	0x585c5c02	0x69145f5a	+0x10b80358	0x3a	0x3a
2897	0x787fe407836d	169	0x9af18	0x311a6b	0x311cad	+0x242	dispatch	0xcdac7	310	0xb8556	0xa5	0x1e8	0x72	0x64cb	0xac8c	0x620	a500e8017200cb648cac200648efdaf5e0bf18e8015f2dab001a531a84d8ab00	prefix_32_of_578	0xef1b287	0x524c03c5	0x69145f5a	0x7df7dfda	+0x14e38080	0x3a	0x3a
2898	0x787fe407836d	310	0xb8556	0x311cad	0x311f69	+0x2bc	dispatch	0xcdac7	310	0xb8556	0x1e8	0xa5	0x10c	0x1c4a	0x6c86	0x7438	e801a5000c014a1c866c38749900ba703aa3e6e801859db8ec9f9147b7bebdaa	prefix_32_of_700	0x524c03c5	0x8e78f1da	0x7df7dfda	0xeb377ffe	+0x6d3fa024	0x3a	0x3a
2899	0x787fe407836d	310	0xb8556	0x311f69	0x31223a	+0x2d1	dispatch	0xcdac7	310	0xb8556	0x1e8	0xa5	0x14d	0xe523	0x99	0xe367	e801a5004d0123e5990067e332d17995c6459ee801880a70a4781ff2ff90977e	prefix_32_of_721	0x8e78f1da	0x8e4e0de5	0xeb377ffe	0x7bd7fefb	-0x6f5f8103	0x3a	0x3a
2900	0x787fe407836d	310	0xb8556	0x31223a	0x312464	+0x22a	dispatch	0xcdac7	169	0x9af18	0x1e8	0xab	0x151	0x9568	0x99	0xae47	e801ab0051016895990047ae9900f3a03a2e3ae801d80a443786cf06c648acd7	prefix_32_of_554	0x8e4e0de5	0x347541db	0x7bd7fefb	0x69945ffa	-0x12439f01	0x3a	0x3a
2901	0x787fe407836d	169	0x9af18	0x312464	0x31268e	+0x22a	dispatch	0xcdac7	310	0xb8556	0xab	0x1e8	0x42	0x97f9	0x8b3a	0x99da	ab00e8014200f9973a8bda99009a299900e801e4734b803a09b993007451ab00	prefix_32_of_554	0x347541db	0x5675bb90	0x69945ffa	0xffc76ef9	+0x96330eff	0x3a	0x3a
2902	0x787fe407836d	310	0xb8556	0x31268e	0x312868	+0x1da	dispatch	0xcdac7	169	0x9af18	0x1e8	0x162	0x10c	0x1c4a	0x6576	0x4392	e80162010c014a1c76659243358b8809c82954e8014c0cab0058019c10f7f483	prefix_32_of_474	0x5675bb90	0x221c12	0xffc76ef9	0x3f06a742	-0xc0c0c7b7	0x3a	0x3a
2903	0x787fe407836d	169	0x9af18	0x312868	0x312aee	+0x286	dispatch	0xcdac7	169	0x9af18	0xab	0x1e8	0x12	0x5e8	0xae3a	0xb4a5	ab00e8011200e8053aaea5b4a2606756d86000e801d80a90778a7301aa4f8cd8	prefix_32_of_646	0x221c12	0x8e3c0ca2	0x3f06a742	0x6f95fefa	+0x308f57b8	0x3a	0x3a
2904	0x787fe407836d	169	0x9af18	0x312aee	0x312cd0	+0x1e2	dispatch	0xcdac7	169	0x9af18	0x162	0x1e8	0x9d	0xd4ff	0x99	0x3810	6201e8019d00ffd499001038377504acaadc9ee80188acfa117cde3f9f9f57fa	prefix_32_of_482	0x8e3c0ca2	0xfbf79ddb	0x6f95fefa	0xf9f3eb74	+0x8a5dec7a	0x3a	0x3a
2905	0x787fe407836d	169	0x9af18	0x312cd0	0x312f26	+0x256	dispatch	0xcdac7	310	0xb8556	0x162	0x1e8	0xbd	0x99	0xe964	0x860	6201e801bd00990064e96008f0890e712b581de8014b1ac6d48406bceffeed89	prefix_32_of_598	0xfbf79ddb	0x4b8eb2de	0xf9f3eb74	0x7b1c5e5e	-0x7ed78d16	0x3a	0x3a
2906	0x787fe407836d	310	0xb8556	0x312f26	0x313169	+0x243	dispatch	0xcdac7	310	0xb8556	0x1e8	0x162	0xb9	0xa483	0x543a	0xcd68	e8016201b90083a43a5468cdd0817305599acde80104b48b0ce80544a5607c99	prefix_32_of_579	0x4b8eb2de	0x7afe7fef	0x7b1c5e5e	0x727e02a8	-0x89e5bb6	0x3a	0x3a
2907	0x787fe407836d	310	0xb8556	0x313169	0x31334b	+0x1e2	dispatch	0xcdac7	169	0x9af18	0x1e8	0xa5	0x151	0x99e0	0x99	0x2580	e801a5005101e09999008025faf2b3bb03cc5ae801979b477a218516bad00004	prefix_32_of_482	0x7afe7fef	0xce4d8465	0x727e02a8	0x7f3e7f7b	+0xcc07cd3	0x3a	0x3a
2908	0x787fe407836d	169	0x9af18	0x31334b	0x3135b9	+0x26e	dispatch	0xcdac7	169	0x9af18	0xa5	0x1e8	0x40	0xa81d	0x99	0x620	a500e80140001da899002006e89ff41597541ce801ab9e2ac633af3ada4c1da9	prefix_32_of_622	0xce4d8465	0xc917a90d	0x7f3e7f7b	0xc917a90d	+0x49d92992	0x3a	0x3a
2909	0x787fe407836d	169	0x9af18	0x3135b9	0x3137fc	+0x243	dispatch	0xcdac7	310	0xb8556	0x162	0x1e8	0x40	0xa2bd	0x99	0x1b17	6201e8014000bda29900171bab6f0801d4e8014ab2d76ef4e32006be862314d7	prefix_32_of_579	0xc917a90d	0x8df97560	0xc917a90d	0x694cb90f	-0x5fcaeffe	0x3a	0x3a
2910	0x787fe407836d	310	0xb8556	0x3137fc	0x3139de	+0x1e2	dispatch	0xcdac7	310	0xb8556	0x1e8	0x162	0xa8	0x99	0xd0ce	0x339a	e8016201a8009900ced09a331c968809df4913e8013e1db47be2ab00a9a94eef	prefix_32_of_482	0x8df97560	0x4a612e32	0x694cb90f	0x5f8f8af3	-0x9bd2e1c	0x3a	0x3a
2911	0x787fe407836d	310	0xb8556	0x3139de	0x313c4c	+0x26e	dispatch	0xcdac7	169	0x9af18	0x1e8	0xa5	0x154	0x12ac	0x99	0x6160	e801a5005401ac12990060615dd8ca85aa86fae801e80522b455bce3a77dd306	prefix_32_of_622	0x4a612e32	0x8f70318b	0x5f8f8af3	0xfbfb8b3c	+0x9c6c0049	0x3a	0x3a
2912	0x787fe407836d	169	0x9af18	0x313c4c	0x313e8f	+0x243	dispatch	0xcdac7	169	0x9af18	0xab	0x1e8	0x14d	0xe973	0x99	0xe987	ab00e8014d0173e9990087e926178cfb71d638e8010b62f5e882fa050f99789a	prefix_32_of_579	0x8f70318b	0xfed1df96	0xfbfb8b3c	0x58a4dcd6	-0xa356ae66	0x3a	0x3a
2913	0x787fe407836d	169	0x9af18	0x313e8f	0x314071	+0x1e2	dispatch	0xcdac7	169	0x9af18	0x162	0x1e8	0x9d	0xd4ff	0x99	0x3390	6201e8019d00ffd49900903337b623a8e5df73e8019798477690393ef22f9bcb	prefix_32_of_482	0xfed1df96	0x4ac60206	0x58a4dcd6	0x5ee7d2fb	+0x642f625	0x3a	0x3a
2914	0x787fe407836d	169	0x9af18	0x314071	0x3142df	+0x26e	dispatch	0xcdac7	310	0xb8556	0x162	0x1e8	0xa8	0x99	0xd4b6	0x9fd6	6201e801a8009900b6d4d69fbcef4e5f09e8011cb697d66ed299928e413a85b4	prefix_32_of_622	0x4ac60206	0x861eb185	0x5ee7d2fb	0xdf95e7f4	+0x80ae14f9	0x3a	0x3a
2915	0x787fe407836d	310	0xb8556	0x3142df	0x314522	+0x243	dispatch	0xcdac7	310	0xb8556	0x1e8	0xab	0xd7	0xa88	0xd888	0x227d	e801ab00d700880a88d87d220b07a29900b00ee801c9569798eedb0f85a424a2	prefix_32_of_579	0x861eb185	0x34a042ea	0xdf95e7f4	0x3ce04eeb	-0xa2b59909	0x3a	0x3a
2916	0x787fe407836d	310	0xb8556	0x314522	0x314704	+0x1e2	dispatch	0xcdac7	310	0xb8556	0x1e8	0x162	0xcb	0x9a07	0x7635	0x1ca1	e8016201cb00079a3576a11c1587d000e463e6e801744fab006005408141e30a	prefix_32_of_482	0x34a042ea	0xfcdeff37	0x3ce04eeb	0xfcd60600	+0xbff5b715	0x3a	0x3a
2917	0x787fe407836d	310	0xb8556	0x314704	0x314972	+0x26e	dispatch	0xcdac7	169	0x9af18	0x1e8	0x162	0x133	0x553a	0xc4b4	0x9913	e801620133013a55b4c41399000f9926d6e801b4c893293a145770293fba3bd7	prefix_32_of_622	0xfcdeff37	0xf8eeff37	0xfcd60600	0xf8e60910	-0x3effcf0	0x3a	0x3a
2918	0x787fe407836d	169	0x9af18	0x314972	0x314bb5	+0x243	dispatch	0xcdac7	310	0xb8556	0xab	0x1e8	0x133	0xd3a	0x17b0	0x3590	ab00e80133013a0db017903576da52830d9d9ee801174b3aac16ab007e67bbcf	prefix_32_of_579	0xf8eeff37	0x62662dfb	0xf8e60910	0xbffcca14	-0x38e93efc	0x3a	0x3a
2919	0x787fe407836d	310	0xb8556	0x314bb5	0x314d97	+0x1e2	dispatch	0xcdac7	169	0x9af18	0x1e8	0xa5	0x154	0xec4	0x99	0xdaa	e801a5005401c40e9900aa0d3e77f80828c29ae801209b1de1b283cc41d0003c	prefix_32_of_482	0x62662dfb	0xfadf7f2d	0xbffcca14	0xf21b0800	+0x321e3dec	0x3a	0x3a
2920	0x787fe407836d	169	0x9af18	0x314d97	0x315005	+0x26e	dispatch	0xcdac7	310	0xb8556	0x162	0x1e8	0x154	0x1334	0x99	0x1060	6201e80154013413990060103a1468c6d70e38e801880ac47c15400b7ef3eb03	prefix_32_of_622	0xfadf7f2d	0xe34473c6	0xf21b0800	0xe74477c6	-0xad6903a	0x3a	0x3a
2921	0x787fe407836d	310	0xb8556	0x315005	0x31522f	+0x22a	dispatch	0xcdac7	310	0xb8556	0x1e8	0xab	0x2b	0x7ded	0x99	0x9d3a	e801ab002b00ed7d99003a9daf99001ceee5a3e801abfa76d8093db434706b58	prefix_32_of_554	0xe34473c6	0x69b0303a	0xe74477c6	0x69145e5a	-0x7e30196c	0x3a	0x3a
2922	0x787fe407836d	310	0xb8556	0x31522f	0x315486	+0x257	dispatch	0xcdac7	169	0x9af18	0x1e8	0xab	0xc7	0x4f47	0x2c3a	0xae89	e801ab00c700474f3a2c89ae01349650eb981ae801bbffdce71f77f3025db1c8	prefix_32_of_599	0x69b0303a	0x841ab3c5	0x69145e5a	0x841ab3c5	+0x1b06556b	0x3a	0x3a
2923	0x787fe407836d	169	0x9af18	0x315486	0x3156ca	+0x244	dispatch	0xcdac7	169	0x9af18	0xa5	0x1e8	0x12	0x620	0xdc3a	0xfca3	a500e801120020063adca3fce00d85dd41f69ae801e0a76a83e8bb0003922025	prefix_32_of_580	0x841ab3c5	0xf613f930	0x841ab3c5	0x3ffce85e	-0x441dcb67	0x3a	0x3a
2924	0x787fe407836d	169	0x9af18	0x3156ca	0x315969	+0x29f	dispatch	0xcdac7	169	0x9af18	0xab	0x1e8	0x9d	0xcf07	0x99	0xf9a4	ab00e8019d0007cf9900a4f90133438c86ac48e801f3e7ab00737721d5bfd52a	prefix_32_of_671	0xf613f930	0x2ab32381	0x3ffce85e	0x2af72783	-0x1505c0db	0x3a	0x3a
2925	0x787fe407836d	169	0x9af18	0x315969	0x315bbf	+0x256	dispatch	0xcdac7	169	0x9af18	0xab	0x1e8	0x129	0x1e31	0x8ee1	0x6ea2	ab00e8012901311ee18ea26eeb88cf9ecf06bee8010aaba3094961d69865e9dc	prefix_32_of_598	0x2ab32381	0x6e5d9892	0x2af72783	0x4000d60c	+0x1509ae89	0x3a	0x3a
2926	0x787fe407836d	169	0x9af18	0x315bbf	0x310ca5	-0x4f1a	dispatch	0xcdac7	310	0xb8556	0xab	0x1e8	0x10c	0x1c4a	0x63e6	0x5af	ab00e8010c014a1ce663af053cd2e4092be80199f5de2fb4dd1429a30a54917a	backedge_sample	0x6e5d9892	0x148226cc	0x4000d60c	0xffaffb65	+0xbfaf2559	0x3a	0x3a
2927	0x787fe407836d	310	0xb8556	0x310ca5	0x310ef0	+0x24b	dispatch	0xcdac7	310	0xb8556	0x1e8	0xa5	0xcb	0x9ebf	0x7635	0x390	e801a500cb00bf9e35769003042ba8fcee6d9ce801f7d8ab009003dc5941168f	prefix_32_of_587	0x148226cc	0x14100010	0xffaffb65	0x3f0612b2	-0xc0a9e8b3	0x3a	0x3a
2928	0x787fe407836d	310	0xb8556	0x310ef0	0x311163	+0x273	dispatch	0xcdac7	169	0x9af18	0x1e8	0x162	0x154	0xf7c	0x99	0x92e7	e801620154017c0f9900e792dc1375ac08b602e801bf8c2f019289f5a0fa7e69	prefix_32_of_627	0x14100010	0xc83095f0	0x3f0612b2	0x400110fe	+0xfafe4c	0x3a	0x3a
2929	0x787fe407836d	169	0x9af18	0x311163	0x3113a5	+0x242	dispatch	0xcdac7	169	0x9af18	0xa5	0x1e8	0x10c	0x1c4a	0x67ae	0x6b6	a500e8010c014a1cae67b6063aa56428d9e80129f1186774139007d64940f679	prefix_32_of_578	0xc83095f0	0x7adeff2e	0x400110fe	0x78de0800	+0x38dcf702	0x3a	0x3a
2930	0x787fe407836d	169	0x9af18	0x3113a5	0x3115e7	+0x242	dispatch	0xcdac7	310	0xb8556	0x162	0x1e8	0xbd	0x99	0xe914	0x26e8	6201e801bd00990014e9e826ba56639900de34e8017709ab00041dab006485b4	prefix_32_of_578	0x7adeff2e	0x2948	0x78de0800	0x2948	-0x78dddeb8	0x3a	0x3a
2931	0x787fe407836d	310	0xb8556	0x3115e7	0x311829	+0x242	dispatch	0xcdac7	169	0x9af18	0x1e8	0xa5	0x9d	0xd56f	0x99	0xad8	e801a5009d006fd59900d80a53f58761012fcee8011603b240666e6e27e60d3a	prefix_32_of_578	0x2948	0x3acddfde	0x2948	0x585c5c02	+0x585c32ba	0x3a	0x3a
2932	0x787fe407836d	169	0x9af18	0x311829	0x311a6b	+0x242	dispatch	0xcdac7	169	0x9af18	0xab	0x1e8	0x151	0x94f0	0x99	0xfcec	ab00e8015101f0949900ecfc8b0cd809e4e80111f8d746656b7dce813884ab00	prefix_32_of_578	0x3acddfde	0xef1b287	0x585c5c02	0x69145f5a	+0x10b80358	0x3a	0x3a
2933	0x787fe407836d	169	0x9af18	0x311a6b	0x311cad	+0x242	dispatch	0xcdac7	310	0xb8556	0xa5	0x1e8	0x72	0x64cb	0xac8c	0x620	a500e8017200cb648cac200648efdaf5e0bf18e8015f2dab001a531a84d8ab00	prefix_32_of_578	0xef1b287	0x524c03c5	0x69145f5a	0x7df7dfda	+0x14e38080	0x3a	0x3a
2934	0x787fe407836d	310	0xb8556	0x311cad	0x311f69	+0x2bc	dispatch	0xcdac7	310	0xb8556	0x1e8	0xa5	0x10c	0x1c4a	0x6c86	0x7438	e801a5000c014a1c866c38749900ba703aa3e6e801859db8ec9f9147b7bebdaa	prefix_32_of_700	0x524c03c5	0x8e78f1da	0x7df7dfda	0xeb377ffe	+0x6d3fa024	0x3a	0x3a
2935	0x787fe407836d	310	0xb8556	0x311f69	0x31223a	+0x2d1	dispatch	0xcdac7	310	0xb8556	0x1e8	0xa5	0x14d	0xe523	0x99	0xe367	e801a5004d0123e5990067e332d17995c6459ee801880a70a4781ff2ff90977e	prefix_32_of_721	0x8e78f1da	0x8e4e0de5	0xeb377ffe	0x7bd7fefb	-0x6f5f8103	0x3a	0x3a
2936	0x787fe407836d	310	0xb8556	0x31223a	0x312464	+0x22a	dispatch	0xcdac7	169	0x9af18	0x1e8	0xab	0x151	0x9568	0x99	0xae47	e801ab0051016895990047ae9900f3a03a2e3ae801d80a443786cf06c648acd7	prefix_32_of_554	0x8e4e0de5	0x347541db	0x7bd7fefb	0x69945ffa	-0x12439f01	0x3a	0x3a
2937	0x787fe407836d	169	0x9af18	0x312464	0x31268e	+0x22a	dispatch	0xcdac7	310	0xb8556	0xab	0x1e8	0x42	0x97f9	0x8b3a	0x99da	ab00e8014200f9973a8bda99009a299900e801e4734b803a09b993007451ab00	prefix_32_of_554	0x347541db	0x5675bb90	0x69945ffa	0xffc76ef9	+0x96330eff	0x3a	0x3a
2938	0x787fe407836d	310	0xb8556	0x31268e	0x312868	+0x1da	dispatch	0xcdac7	169	0x9af18	0x1e8	0x162	0x10c	0x1c4a	0x6576	0x4392	e80162010c014a1c76659243358b8809c82954e8014c0cab0058019c10f7f483	prefix_32_of_474	0x5675bb90	0x221c12	0xffc76ef9	0x3f06a742	-0xc0c0c7b7	0x3a	0x3a
2939	0x787fe407836d	169	0x9af18	0x312868	0x312aee	+0x286	dispatch	0xcdac7	169	0x9af18	0xab	0x1e8	0x12	0x5e8	0xae3a	0xb4a5	ab00e8011200e8053aaea5b4a2606756d86000e801d80a90778a7301aa4f8cd8	prefix_32_of_646	0x221c12	0x8e3c0ca2	0x3f06a742	0x6f95fefa	+0x308f57b8	0x3a	0x3a
2940	0x787fe407836d	169	0x9af18	0x312aee	0x312cd0	+0x1e2	dispatch	0xcdac7	169	0x9af18	0x162	0x1e8	0x9d	0xd4ff	0x99	0x3810	6201e8019d00ffd499001038377504acaadc9ee80188acfa117cde3f9f9f57fa	prefix_32_of_482	0x8e3c0ca2	0xfbf79ddb	0x6f95fefa	0xf9f3eb74	+0x8a5dec7a	0x3a	0x3a
2941	0x787fe407836d	169	0x9af18	0x312cd0	0x312f26	+0x256	dispatch	0xcdac7	310	0xb8556	0x162	0x1e8	0xbd	0x99	0xe964	0x860	6201e801bd00990064e96008f0890e712b581de8014b1ac6d48406bceffeed89	prefix_32_of_598	0xfbf79ddb	0x4b8eb2de	0xf9f3eb74	0x7b1c5e5e	-0x7ed78d16	0x3a	0x3a
2942	0x787fe407836d	310	0xb8556	0x312f26	0x313169	+0x243	dispatch	0xcdac7	310	0xb8556	0x1e8	0x162	0xb9	0xa483	0x543a	0xcd68	e8016201b90083a43a5468cdd0817305599acde80104b48b0ce80544a5607c99	prefix_32_of_579	0x4b8eb2de	0x7afe7fef	0x7b1c5e5e	0x727e02a8	-0x89e5bb6	0x3a	0x3a
2943	0x787fe407836d	310	0xb8556	0x313169	0x31334b	+0x1e2	dispatch	0xcdac7	169	0x9af18	0x1e8	0xa5	0x151	0x99e0	0x99	0x2580	e801a5005101e09999008025faf2b3bb03cc5ae801979b477a218516bad00004	prefix_32_of_482	0x7afe7fef	0xce4d8465	0x727e02a8	0x7f3e7f7b	+0xcc07cd3	0x3a	0x3a
2944	0x787fe407836d	169	0x9af18	0x31334b	0x3135b9	+0x26e	dispatch	0xcdac7	169	0x9af18	0xa5	0x1e8	0x40	0xa81d	0x99	0x620	a500e80140001da899002006e89ff41597541ce801ab9e2ac633af3ada4c1da9	prefix_32_of_622	0xce4d8465	0xc917a90d	0x7f3e7f7b	0xc917a90d	+0x49d92992	0x3a	0x3a
2945	0x787fe407836d	169	0x9af18	0x3135b9	0x3137fc	+0x243	dispatch	0xcdac7	310	0xb8556	0x162	0x1e8	0x40	0xa2bd	0x99	0x1b17	6201e8014000bda29900171bab6f0801d4e8014ab2d76ef4e32006be862314d7	prefix_32_of_579	0xc917a90d	0x8df97560	0xc917a90d	0x694cb90f	-0x5fcaeffe	0x3a	0x3a
2946	0x787fe407836d	310	0xb8556	0x3137fc	0x3139de	+0x1e2	dispatch	0xcdac7	310	0xb8556	0x1e8	0x162	0xa8	0x99	0xd0ce	0x339a	e8016201a8009900ced09a331c968809df4913e8013e1db47be2ab00a9a94eef	prefix_32_of_482	0x8df97560	0x4a612e32	0x694cb90f	0x5f8f8af3	-0x9bd2e1c	0x3a	0x3a
2947	0x787fe407836d	310	0xb8556	0x3139de	0x313c4c	+0x26e	dispatch	0xcdac7	169	0x9af18	0x1e8	0xa5	0x154	0x12ac	0x99	0x6160	e801a5005401ac12990060615dd8ca85aa86fae801e80522b455bce3a77dd306	prefix_32_of_622	0x4a612e32	0x8f70318b	0x5f8f8af3	0xfbfb8b3c	+0x9c6c0049	0x3a	0x3a
2948	0x787fe407836d	169	0x9af18	0x313c4c	0x313e8f	+0x243	dispatch	0xcdac7	169	0x9af18	0xab	0x1e8	0x14d	0xe973	0x99	0xe987	ab00e8014d0173e9990087e926178cfb71d638e8010b62f5e882fa050f99789a	prefix_32_of_579	0x8f70318b	0xfed1df96	0xfbfb8b3c	0x58a4dcd6	-0xa356ae66	0x3a	0x3a
2949	0x787fe407836d	169	0x9af18	0x313e8f	0x314071	+0x1e2	dispatch	0xcdac7	169	0x9af18	0x162	0x1e8	0x9d	0xd4ff	0x99	0x3390	6201e8019d00ffd49900903337b623a8e5df73e8019798477690393ef22f9bcb	prefix_32_of_482	0xfed1df96	0x4ac60206	0x58a4dcd6	0x5ee7d2fb	+0x642f625	0x3a	0x3a
2950	0x787fe407836d	169	0x9af18	0x314071	0x3142df	+0x26e	dispatch	0xcdac7	310	0xb8556	0x162	0x1e8	0xa8	0x99	0xd4b6	0x9fd6	6201e801a8009900b6d4d69fbcef4e5f09e8011cb697d66ed299928e413a85b4	prefix_32_of_622	0x4ac60206	0x861eb185	0x5ee7d2fb	0xdf95e7f4	+0x80ae14f9	0x3a	0x3a
2951	0x787fe407836d	310	0xb8556	0x3142df	0x314522	+0x243	dispatch	0xcdac7	310	0xb8556	0x1e8	0xab	0xd7	0xa88	0xd888	0x227d	e801ab00d700880a88d87d220b07a29900b00ee801c9569798eedb0f85a424a2	prefix_32_of_579	0x861eb185	0x34a042ea	0xdf95e7f4	0x3ce04eeb	-0xa2b59909	0x3a	0x3a
2952	0x787fe407836d	310	0xb8556	0x314522	0x314704	+0x1e2	dispatch	0xcdac7	310	0xb8556	0x1e8	0x162	0xcb	0x9a07	0x7635	0x1ca1	e8016201cb00079a3576a11c1587d000e463e6e801744fab006005408141e30a	prefix_32_of_482	0x34a042ea	0xfcdeff37	0x3ce04eeb	0xfcd60600	+0xbff5b715	0x3a	0x3a
2953	0x787fe407836d	310	0xb8556	0x314704	0x314972	+0x26e	dispatch	0xcdac7	169	0x9af18	0x1e8	0x162	0x133	0x553a	0xc4b4	0x9913	e801620133013a55b4c41399000f9926d6e801b4c893293a145770293fba3bd7	prefix_32_of_622	0xfcdeff37	0xf8eeff37	0xfcd60600	0xf8e60910	-0x3effcf0	0x3a	0x3a
2954	0x787fe407836d	169	0x9af18	0x314972	0x314bb5	+0x243	dispatch	0xcdac7	310	0xb8556	0xab	0x1e8	0x133	0xd3a	0x17b0	0x3590	ab00e80133013a0db017903576da52830d9d9ee801174b3aac16ab007e67bbcf	prefix_32_of_579	0xf8eeff37	0x62662dfb	0xf8e60910	0xbffcca14	-0x38e93efc	0x3a	0x3a
2955	0x787fe407836d	310	0xb8556	0x314bb5	0x314d97	+0x1e2	dispatch	0xcdac7	169	0x9af18	0x1e8	0xa5	0x154	0xec4	0x99	0xdaa	e801a5005401c40e9900aa0d3e77f80828c29ae801209b1de1b283cc41d0003c	prefix_32_of_482	0x62662dfb	0xfadf7f2d	0xbffcca14	0xf21b0800	+0x321e3dec	0x3a	0x3a
2956	0x787fe407836d	169	0x9af18	0x314d97	0x315005	+0x26e	dispatch	0xcdac7	310	0xb8556	0x162	0x1e8	0x154	0x1334	0x99	0x1060	6201e80154013413990060103a1468c6d70e38e801880ac47c15400b7ef3eb03	prefix_32_of_622	0xfadf7f2d	0xe34473c6	0xf21b0800	0xe74477c6	-0xad6903a	0x3a	0x3a
2957	0x787fe407836d	310	0xb8556	0x315005	0x31522f	+0x22a	dispatch	0xcdac7	310	0xb8556	0x1e8	0xab	0x2b	0x7ded	0x99	0x9d3a	e801ab002b00ed7d99003a9daf99001ceee5a3e801abfa76d8093db434706b58	prefix_32_of_554	0xe34473c6	0x69b0303a	0xe74477c6	0x69145e5a	-0x7e30196c	0x3a	0x3a
2958	0x787fe407836d	310	0xb8556	0x31522f	0x315486	+0x257	dispatch	0xcdac7	169	0x9af18	0x1e8	0xab	0xc7	0x4f47	0x2c3a	0xae89	e801ab00c700474f3a2c89ae01349650eb981ae801bbffdce71f77f3025db1c8	prefix_32_of_599	0x69b0303a	0x841ab3c5	0x69145e5a	0x841ab3c5	+0x1b06556b	0x3a	0x3a
2959	0x787fe407836d	169	0x9af18	0x315486	0x3156ca	+0x244	dispatch	0xcdac7	169	0x9af18	0xa5	0x1e8	0x12	0x620	0xdc3a	0xfca3	a500e801120020063adca3fce00d85dd41f69ae801e0a76a83e8bb0003922025	prefix_32_of_580	0x841ab3c5	0xf613f930	0x841ab3c5	0x3ffce85e	-0x441dcb67	0x3a	0x3a
2960	0x787fe407836d	169	0x9af18	0x3156ca	0x315969	+0x29f	dispatch	0xcdac7	169	0x9af18	0xab	0x1e8	0x9d	0xcf07	0x99	0xf9a4	ab00e8019d0007cf9900a4f90133438c86ac48e801f3e7ab00737721d5bfd52a	prefix_32_of_671	0xf613f930	0x2ab32381	0x3ffce85e	0x2af72783	-0x1505c0db	0x3a	0x3a
2961	0x787fe407836d	169	0x9af18	0x315969	0x315bbf	+0x256	dispatch	0xcdac7	169	0x9af18	0xab	0x1e8	0x129	0x1e31	0x8ee1	0x6ea2	ab00e8012901311ee18ea26eeb88cf9ecf06bee8010aaba3094961d69865e9dc	prefix_32_of_598	0x2ab32381	0x6e5d9892	0x2af72783	0x4000d60c	+0x1509ae89	0x3a	0x3a
2962	0x787fe407836d	169	0x9af18	0x315bbf	0x310ca5	-0x4f1a	dispatch	0xcdac7	310	0xb8556	0xab	0x1e8	0x10c	0x1c4a	0x63e6	0x5af	ab00e8010c014a1ce663af053cd2e4092be80199f5de2fb4dd1429a30a54917a	backedge_sample	0x6e5d9892	0x148226cc	0x4000d60c	0xffaffb65	+0xbfaf2559	0x3a	0x3a
2963	0x787fe407836d	310	0xb8556	0x310ca5	0x310ef0	+0x24b	dispatch	0xcdac7	310	0xb8556	0x1e8	0xa5	0xcb	0x9ebf	0x7635	0x390	e801a500cb00bf9e35769003042ba8fcee6d9ce801f7d8ab009003dc5941168f	prefix_32_of_587	0x148226cc	0x14100010	0xffaffb65	0x3f0612b2	-0xc0a9e8b3	0x3a	0x3a
2964	0x787fe407836d	310	0xb8556	0x310ef0	0x311163	+0x273	dispatch	0xcdac7	169	0x9af18	0x1e8	0x162	0x154	0xf7c	0x99	0x92e7	e801620154017c0f9900e792dc1375ac08b602e801bf8c2f019289f5a0fa7e69	prefix_32_of_627	0x14100010	0xc83095f0	0x3f0612b2	0x400110fe	+0xfafe4c	0x3a	0x3a
2965	0x787fe407836d	169	0x9af18	0x311163	0x3113a5	+0x242	dispatch	0xcdac7	169	0x9af18	0xa5	0x1e8	0x10c	0x1c4a	0x67ae	0x6b6	a500e8010c014a1cae67b6063aa56428d9e80129f1186774139007d64940f679	prefix_32_of_578	0xc83095f0	0x7adeff2e	0x400110fe	0x78de0800	+0x38dcf702	0x3a	0x3a
2966	0x787fe407836d	169	0x9af18	0x3113a5	0x3115e7	+0x242	dispatch	0xcdac7	310	0xb8556	0x162	0x1e8	0xbd	0x99	0xe914	0x26e8	6201e801bd00990014e9e826ba56639900de34e8017709ab00041dab006485b4	prefix_32_of_578	0x7adeff2e	0x2948	0x78de0800	0x2948	-0x78dddeb8	0x3a	0x3a
2967	0x787fe407836d	310	0xb8556	0x3115e7	0x311829	+0x242	dispatch	0xcdac7	169	0x9af18	0x1e8	0xa5	0x9d	0xd56f	0x99	0xad8	e801a5009d006fd59900d80a53f58761012fcee8011603b240666e6e27e60d3a	prefix_32_of_578	0x2948	0x3acddfde	0x2948	0x585c5c02	+0x585c32ba	0x3a	0x3a
2968	0x787fe407836d	169	0x9af18	0x311829	0x311a6b	+0x242	dispatch	0xcdac7	169	0x9af18	0xab	0x1e8	0x151	0x94f0	0x99	0xfcec	ab00e8015101f0949900ecfc8b0cd809e4e80111f8d746656b7dce813884ab00	prefix_32_of_578	0x3acddfde	0xef1b287	0x585c5c02	0x69145f5a	+0x10b80358	0x3a	0x3a
2969	0x787fe407836d	169	0x9af18	0x311a6b	0x311cad	+0x242	dispatch	0xcdac7	310	0xb8556	0xa5	0x1e8	0x72	0x64cb	0xac8c	0x620	a500e8017200cb648cac200648efdaf5e0bf18e8015f2dab001a531a84d8ab00	prefix_32_of_578	0xef1b287	0x524c03c5	0x69145f5a	0x7df7dfda	+0x14e38080	0x3a	0x3a
2970	0x787fe407836d	310	0xb8556	0x311cad	0x311f69	+0x2bc	dispatch	0xcdac7	310	0xb8556	0x1e8	0xa5	0x10c	0x1c4a	0x6c86	0x7438	e801a5000c014a1c866c38749900ba703aa3e6e801859db8ec9f9147b7bebdaa	prefix_32_of_700	0x524c03c5	0x8e78f1da	0x7df7dfda	0xeb377ffe	+0x6d3fa024	0x3a	0x3a
2971	0x787fe407836d	310	0xb8556	0x311f69	0x31223a	+0x2d1	dispatch	0xcdac7	310	0xb8556	0x1e8	0xa5	0x14d	0xe523	0x99	0xe367	e801a5004d0123e5990067e332d17995c6459ee801880a70a4781ff2ff90977e	prefix_32_of_721	0x8e78f1da	0x8e4e0de5	0xeb377ffe	0x7bd7fefb	-0x6f5f8103	0x3a	0x3a
2972	0x787fe407836d	310	0xb8556	0x31223a	0x312464	+0x22a	dispatch	0xcdac7	169	0x9af18	0x1e8	0xab	0x151	0x9568	0x99	0xae47	e801ab0051016895990047ae9900f3a03a2e3ae801d80a443786cf06c648acd7	prefix_32_of_554	0x8e4e0de5	0x347541db	0x7bd7fefb	0x69945ffa	-0x12439f01	0x3a	0x3a
2973	0x787fe407836d	169	0x9af18	0x312464	0x31268e	+0x22a	dispatch	0xcdac7	310	0xb8556	0xab	0x1e8	0x42	0x97f9	0x8b3a	0x99da	ab00e8014200f9973a8bda99009a299900e801e4734b803a09b993007451ab00	prefix_32_of_554	0x347541db	0x5675bb90	0x69945ffa	0xffc76ef9	+0x96330eff	0x3a	0x3a
2974	0x787fe407836d	310	0xb8556	0x31268e	0x312868	+0x1da	dispatch	0xcdac7	169	0x9af18	0x1e8	0x162	0x10c	0x1c4a	0x6576	0x4392	e80162010c014a1c76659243358b8809c82954e8014c0cab0058019c10f7f483	prefix_32_of_474	0x5675bb90	0x221c12	0xffc76ef9	0x3f06a742	-0xc0c0c7b7	0x3a	0x3a
2975	0x787fe407836d	169	0x9af18	0x312868	0x312aee	+0x286	dispatch	0xcdac7	169	0x9af18	0xab	0x1e8	0x12	0x5e8	0xae3a	0xb4a5	ab00e8011200e8053aaea5b4a2606756d86000e801d80a90778a7301aa4f8cd8	prefix_32_of_646	0x221c12	0x8e3c0ca2	0x3f06a742	0x6f95fefa	+0x308f57b8	0x3a	0x3a
2976	0x787fe407836d	169	0x9af18	0x312aee	0x312cd0	+0x1e2	dispatch	0xcdac7	169	0x9af18	0x162	0x1e8	0x9d	0xd4ff	0x99	0x3810	6201e8019d00ffd499001038377504acaadc9ee80188acfa117cde3f9f9f57fa	prefix_32_of_482	0x8e3c0ca2	0xfbf79ddb	0x6f95fefa	0xf9f3eb74	+0x8a5dec7a	0x3a	0x3a
2977	0x787fe407836d	169	0x9af18	0x312cd0	0x312f26	+0x256	dispatch	0xcdac7	310	0xb8556	0x162	0x1e8	0xbd	0x99	0xe964	0x860	6201e801bd00990064e96008f0890e712b581de8014b1ac6d48406bceffeed89	prefix_32_of_598	0xfbf79ddb	0x4b8eb2de	0xf9f3eb74	0x7b1c5e5e	-0x7ed78d16	0x3a	0x3a
2978	0x787fe407836d	310	0xb8556	0x312f26	0x313169	+0x243	dispatch	0xcdac7	310	0xb8556	0x1e8	0x162	0xb9	0xa483	0x543a	0xcd68	e8016201b90083a43a5468cdd0817305599acde80104b48b0ce80544a5607c99	prefix_32_of_579	0x4b8eb2de	0x7afe7fef	0x7b1c5e5e	0x727e02a8	-0x89e5bb6	0x3a	0x3a
2979	0x787fe407836d	310	0xb8556	0x313169	0x31334b	+0x1e2	dispatch	0xcdac7	169	0x9af18	0x1e8	0xa5	0x151	0x99e0	0x99	0x2580	e801a5005101e09999008025faf2b3bb03cc5ae801979b477a218516bad00004	prefix_32_of_482	0x7afe7fef	0xce4d8465	0x727e02a8	0x7f3e7f7b	+0xcc07cd3	0x3a	0x3a
2980	0x787fe407836d	169	0x9af18	0x31334b	0x3135b9	+0x26e	dispatch	0xcdac7	169	0x9af18	0xa5	0x1e8	0x40	0xa81d	0x99	0x620	a500e80140001da899002006e89ff41597541ce801ab9e2ac633af3ada4c1da9	prefix_32_of_622	0xce4d8465	0xc917a90d	0x7f3e7f7b	0xc917a90d	+0x49d92992	0x3a	0x3a
2981	0x787fe407836d	169	0x9af18	0x3135b9	0x3137fc	+0x243	dispatch	0xcdac7	310	0xb8556	0x162	0x1e8	0x40	0xa2bd	0x99	0x1b17	6201e8014000bda29900171bab6f0801d4e8014ab2d76ef4e32006be862314d7	prefix_32_of_579	0xc917a90d	0x8df97560	0xc917a90d	0x694cb90f	-0x5fcaeffe	0x3a	0x3a
2982	0x787fe407836d	310	0xb8556	0x3137fc	0x3139de	+0x1e2	dispatch	0xcdac7	310	0xb8556	0x1e8	0x162	0xa8	0x99	0xd0ce	0x339a	e8016201a8009900ced09a331c968809df4913e8013e1db47be2ab00a9a94eef	prefix_32_of_482	0x8df97560	0x4a612e32	0x694cb90f	0x5f8f8af3	-0x9bd2e1c	0x3a	0x3a
2983	0x787fe407836d	310	0xb8556	0x3139de	0x313c4c	+0x26e	dispatch	0xcdac7	169	0x9af18	0x1e8	0xa5	0x154	0x12ac	0x99	0x6160	e801a5005401ac12990060615dd8ca85aa86fae801e80522b455bce3a77dd306	prefix_32_of_622	0x4a612e32	0x8f70318b	0x5f8f8af3	0xfbfb8b3c	+0x9c6c0049	0x3a	0x3a
2984	0x787fe407836d	169	0x9af18	0x313c4c	0x313e8f	+0x243	dispatch	0xcdac7	169	0x9af18	0xab	0x1e8	0x14d	0xe973	0x99	0xe987	ab00e8014d0173e9990087e926178cfb71d638e8010b62f5e882fa050f99789a	prefix_32_of_579	0x8f70318b	0xfed1df96	0xfbfb8b3c	0x58a4dcd6	-0xa356ae66	0x3a	0x3a
2985	0x787fe407836d	169	0x9af18	0x313e8f	0x314071	+0x1e2	dispatch	0xcdac7	169	0x9af18	0x162	0x1e8	0x9d	0xd4ff	0x99	0x3390	6201e8019d00ffd49900903337b623a8e5df73e8019798477690393ef22f9bcb	prefix_32_of_482	0xfed1df96	0x4ac60206	0x58a4dcd6	0x5ee7d2fb	+0x642f625	0x3a	0x3a
2986	0x787fe407836d	169	0x9af18	0x314071	0x3142df	+0x26e	dispatch	0xcdac7	310	0xb8556	0x162	0x1e8	0xa8	0x99	0xd4b6	0x9fd6	6201e801a8009900b6d4d69fbcef4e5f09e8011cb697d66ed299928e413a85b4	prefix_32_of_622	0x4ac60206	0x861eb185	0x5ee7d2fb	0xdf95e7f4	+0x80ae14f9	0x3a	0x3a
2987	0x787fe407836d	310	0xb8556	0x3142df	0x314522	+0x243	dispatch	0xcdac7	310	0xb8556	0x1e8	0xab	0xd7	0xa88	0xd888	0x227d	e801ab00d700880a88d87d220b07a29900b00ee801c9569798eedb0f85a424a2	prefix_32_of_579	0x861eb185	0x34a042ea	0xdf95e7f4	0x3ce04eeb	-0xa2b59909	0x3a	0x3a
2988	0x787fe407836d	310	0xb8556	0x314522	0x314704	+0x1e2	dispatch	0xcdac7	310	0xb8556	0x1e8	0x162	0xcb	0x9a07	0x7635	0x1ca1	e8016201cb00079a3576a11c1587d000e463e6e801744fab006005408141e30a	prefix_32_of_482	0x34a042ea	0xfcdeff37	0x3ce04eeb	0xfcd60600	+0xbff5b715	0x3a	0x3a
2989	0x787fe407836d	310	0xb8556	0x314704	0x314972	+0x26e	dispatch	0xcdac7	169	0x9af18	0x1e8	0x162	0x133	0x553a	0xc4b4	0x9913	e801620133013a55b4c41399000f9926d6e801b4c893293a145770293fba3bd7	prefix_32_of_622	0xfcdeff37	0xf8eeff37	0xfcd60600	0xf8e60910	-0x3effcf0	0x3a	0x3a
2990	0x787fe407836d	169	0x9af18	0x314972	0x314bb5	+0x243	dispatch	0xcdac7	310	0xb8556	0xab	0x1e8	0x133	0xd3a	0x17b0	0x3590	ab00e80133013a0db017903576da52830d9d9ee801174b3aac16ab007e67bbcf	prefix_32_of_579	0xf8eeff37	0x62662dfb	0xf8e60910	0xbffcca14	-0x38e93efc	0x3a	0x3a
2991	0x787fe407836d	310	0xb8556	0x314bb5	0x314d97	+0x1e2	dispatch	0xcdac7	169	0x9af18	0x1e8	0xa5	0x154	0xec4	0x99	0xdaa	e801a5005401c40e9900aa0d3e77f80828c29ae801209b1de1b283cc41d0003c	prefix_32_of_482	0x62662dfb	0xfadf7f2d	0xbffcca14	0xf21b0800	+0x321e3dec	0x3a	0x3a
2992	0x787fe407836d	169	0x9af18	0x314d97	0x315005	+0x26e	dispatch	0xcdac7	310	0xb8556	0x162	0x1e8	0x154	0x1334	0x99	0x1060	6201e80154013413990060103a1468c6d70e38e801880ac47c15400b7ef3eb03	prefix_32_of_622	0xfadf7f2d	0xe34473c6	0xf21b0800	0xe74477c6	-0xad6903a	0x3a	0x3a
2993	0x787fe407836d	310	0xb8556	0x315005	0x31522f	+0x22a	dispatch	0xcdac7	310	0xb8556	0x1e8	0xab	0x2b	0x7ded	0x99	0x9d3a	e801ab002b00ed7d99003a9daf99001ceee5a3e801abfa76d8093db434706b58	prefix_32_of_554	0xe34473c6	0x69b0303a	0xe74477c6	0x69145e5a	-0x7e30196c	0x3a	0x3a
2994	0x787fe407836d	310	0xb8556	0x31522f	0x315486	+0x257	dispatch	0xcdac7	169	0x9af18	0x1e8	0xab	0xc7	0x4f47	0x2c3a	0xae89	e801ab00c700474f3a2c89ae01349650eb981ae801bbffdce71f77f3025db1c8	prefix_32_of_599	0x69b0303a	0x841ab3c5	0x69145e5a	0x841ab3c5	+0x1b06556b	0x3a	0x3a
2995	0x787fe407836d	169	0x9af18	0x315486	0x3156ca	+0x244	dispatch	0xcdac7	169	0x9af18	0xa5	0x1e8	0x12	0x620	0xdc3a	0xfca3	a500e801120020063adca3fce00d85dd41f69ae801e0a76a83e8bb0003922025	prefix_32_of_580	0x841ab3c5	0xf613f930	0x841ab3c5	0x3ffce85e	-0x441dcb67	0x3a	0x3a
2996	0x787fe407836d	169	0x9af18	0x3156ca	0x315969	+0x29f	dispatch	0xcdac7	169	0x9af18	0xab	0x1e8	0x9d	0xcf07	0x99	0xf9a4	ab00e8019d0007cf9900a4f90133438c86ac48e801f3e7ab00737721d5bfd52a	prefix_32_of_671	0xf613f930	0x2ab32381	0x3ffce85e	0x2af72783	-0x1505c0db	0x3a	0x3a
2997	0x787fe407836d	169	0x9af18	0x315969	0x315bbf	+0x256	dispatch	0xcdac7	169	0x9af18	0xab	0x1e8	0x129	0x1e31	0x8ee1	0x6ea2	ab00e8012901311ee18ea26eeb88cf9ecf06bee8010aaba3094961d69865e9dc	prefix_32_of_598	0x2ab32381	0x6e5d9892	0x2af72783	0x4000d60c	+0x1509ae89	0x3a	0x3a
2998	0x787fe407836d	169	0x9af18	0x315bbf	0x310ca5	-0x4f1a	dispatch	0xcdac7	310	0xb8556	0xab	0x1e8	0x10c	0x1c4a	0x63e6	0x5af	ab00e8010c014a1ce663af053cd2e4092be80199f5de2fb4dd1429a30a54917a	backedge_sample	0x6e5d9892	0x148226cc	0x4000d60c	0xffaffb65	+0xbfaf2559	0x3a	0x3a
2999	0x787fe407836d	310	0xb8556	0x310ca5	0x310ef0	+0x24b	dispatch	0xcdac7	310	0xb8556	0x1e8	0xa5	0xcb	0x9ebf	0x7635	0x390	e801a500cb00bf9e35769003042ba8fcee6d9ce801f7d8ab009003dc5941168f	prefix_32_of_587	0x148226cc	0x14100010	0xffaffb65	0x3f0612b2	-0xc0a9e8b3	0x3a	0x3a
3000	0x787fe407836d	310	0xb8556	0x310ef0	0x311163	+0x273	dispatch	0xcdac7	169	0x9af18	0x1e8	0x162	0x154	0xf7c	0x99	0x92e7	e801620154017c0f9900e792dc1375ac08b602e801bf8c2f019289f5a0fa7e69	prefix_32_of_627	0x14100010	0xc83095f0	0x3f0612b2	0x400110fe	+0xfafe4c	0x3a	0x3a
3001	0x787fe407836d	169	0x9af18	0x311163	0x3113a5	+0x242	dispatch	0xcdac7	169	0x9af18	0xa5	0x1e8	0x10c	0x1c4a	0x67ae	0x6b6	a500e8010c014a1cae67b6063aa56428d9e80129f1186774139007d64940f679	prefix_32_of_578	0xc83095f0	0x7adeff2e	0x400110fe	0x78de0800	+0x38dcf702	0x3a	0x3a
3002	0x787fe407836d	169	0x9af18	0x3113a5	0x3115e7	+0x242	dispatch	0xcdac7	310	0xb8556	0x162	0x1e8	0xbd	0x99	0xe914	0x26e8	6201e801bd00990014e9e826ba56639900de34e8017709ab00041dab006485b4	prefix_32_of_578	0x7adeff2e	0x2948	0x78de0800	0x2948	-0x78dddeb8	0x3a	0x3a
3003	0x787fe407836d	310	0xb8556	0x3115e7	0x311829	+0x242	dispatch	0xcdac7	169	0x9af18	0x1e8	0xa5	0x9d	0xd56f	0x99	0xad8	e801a5009d006fd59900d80a53f58761012fcee8011603b240666e6e27e60d3a	prefix_32_of_578	0x2948	0x3acddfde	0x2948	0x585c5c02	+0x585c32ba	0x3a	0x3a
3004	0x787fe407836d	169	0x9af18	0x311829	0x311a6b	+0x242	dispatch	0xcdac7	169	0x9af18	0xab	0x1e8	0x151	0x94f0	0x99	0xfcec	ab00e8015101f0949900ecfc8b0cd809e4e80111f8d746656b7dce813884ab00	prefix_32_of_578	0x3acddfde	0xef1b287	0x585c5c02	0x69145f5a	+0x10b80358	0x3a	0x3a
3005	0x787fe407836d	169	0x9af18	0x311a6b	0x311cad	+0x242	dispatch	0xcdac7	310	0xb8556	0xa5	0x1e8	0x72	0x64cb	0xac8c	0x620	a500e8017200cb648cac200648efdaf5e0bf18e8015f2dab001a531a84d8ab00	prefix_32_of_578	0xef1b287	0x524c03c5	0x69145f5a	0x7df7dfda	+0x14e38080	0x3a	0x3a
3006	0x787fe407836d	310	0xb8556	0x311cad	0x311f69	+0x2bc	dispatch	0xcdac7	310	0xb8556	0x1e8	0xa5	0x10c	0x1c4a	0x6c86	0x7438	e801a5000c014a1c866c38749900ba703aa3e6e801859db8ec9f9147b7bebdaa	prefix_32_of_700	0x524c03c5	0x8e78f1da	0x7df7dfda	0xeb377ffe	+0x6d3fa024	0x3a	0x3a
3007	0x787fe407836d	310	0xb8556	0x311f69	0x31223a	+0x2d1	dispatch	0xcdac7	310	0xb8556	0x1e8	0xa5	0x14d	0xe523	0x99	0xe367	e801a5004d0123e5990067e332d17995c6459ee801880a70a4781ff2ff90977e	prefix_32_of_721	0x8e78f1da	0x8e4e0de5	0xeb377ffe	0x7bd7fefb	-0x6f5f8103	0x3a	0x3a
3008	0x787fe407836d	310	0xb8556	0x31223a	0x312464	+0x22a	dispatch	0xcdac7	169	0x9af18	0x1e8	0xab	0x151	0x9568	0x99	0xae47	e801ab0051016895990047ae9900f3a03a2e3ae801d80a443786cf06c648acd7	prefix_32_of_554	0x8e4e0de5	0x347541db	0x7bd7fefb	0x69945ffa	-0x12439f01	0x3a	0x3a
3009	0x787fe407836d	169	0x9af18	0x312464	0x31268e	+0x22a	dispatch	0xcdac7	310	0xb8556	0xab	0x1e8	0x42	0x97f9	0x8b3a	0x99da	ab00e8014200f9973a8bda99009a299900e801e4734b803a09b993007451ab00	prefix_32_of_554	0x347541db	0x5675bb90	0x69945ffa	0xffc76ef9	+0x96330eff	0x3a	0x3a
3010	0x787fe407836d	310	0xb8556	0x31268e	0x312868	+0x1da	dispatch	0xcdac7	169	0x9af18	0x1e8	0x162	0x10c	0x1c4a	0x6576	0x4392	e80162010c014a1c76659243358b8809c82954e8014c0cab0058019c10f7f483	prefix_32_of_474	0x5675bb90	0x221c12	0xffc76ef9	0x3f06a742	-0xc0c0c7b7	0x3a	0x3a
3011	0x787fe407836d	169	0x9af18	0x312868	0x312aee	+0x286	dispatch	0xcdac7	169	0x9af18	0xab	0x1e8	0x12	0x5e8	0xae3a	0xb4a5	ab00e8011200e8053aaea5b4a2606756d86000e801d80a90778a7301aa4f8cd8	prefix_32_of_646	0x221c12	0x8e3c0ca2	0x3f06a742	0x6f95fefa	+0x308f57b8	0x3a	0x3a
3012	0x787fe407836d	169	0x9af18	0x312aee	0x312cd0	+0x1e2	dispatch	0xcdac7	169	0x9af18	0x162	0x1e8	0x9d	0xd4ff	0x99	0x3810	6201e8019d00ffd499001038377504acaadc9ee80188acfa117cde3f9f9f57fa	prefix_32_of_482	0x8e3c0ca2	0xfbf79ddb	0x6f95fefa	0xf9f3eb74	+0x8a5dec7a	0x3a	0x3a
3013	0x787fe407836d	169	0x9af18	0x312cd0	0x312f26	+0x256	dispatch	0xcdac7	310	0xb8556	0x162	0x1e8	0xbd	0x99	0xe964	0x860	6201e801bd00990064e96008f0890e712b581de8014b1ac6d48406bceffeed89	prefix_32_of_598	0xfbf79ddb	0x4b8eb2de	0xf9f3eb74	0x7b1c5e5e	-0x7ed78d16	0x3a	0x3a
3014	0x787fe407836d	310	0xb8556	0x312f26	0x313169	+0x243	dispatch	0xcdac7	310	0xb8556	0x1e8	0x162	0xb9	0xa483	0x543a	0xcd68	e8016201b90083a43a5468cdd0817305599acde80104b48b0ce80544a5607c99	prefix_32_of_579	0x4b8eb2de	0x7afe7fef	0x7b1c5e5e	0x727e02a8	-0x89e5bb6	0x3a	0x3a
3015	0x787fe407836d	310	0xb8556	0x313169	0x31334b	+0x1e2	dispatch	0xcdac7	169	0x9af18	0x1e8	0xa5	0x151	0x99e0	0x99	0x2580	e801a5005101e09999008025faf2b3bb03cc5ae801979b477a218516bad00004	prefix_32_of_482	0x7afe7fef	0xce4d8465	0x727e02a8	0x7f3e7f7b	+0xcc07cd3	0x3a	0x3a
3016	0x787fe407836d	169	0x9af18	0x31334b	0x3135b9	+0x26e	dispatch	0xcdac7	169	0x9af18	0xa5	0x1e8	0x40	0xa81d	0x99	0x620	a500e80140001da899002006e89ff41597541ce801ab9e2ac633af3ada4c1da9	prefix_32_of_622	0xce4d8465	0xc917a90d	0x7f3e7f7b	0xc917a90d	+0x49d92992	0x3a	0x3a
3017	0x787fe407836d	169	0x9af18	0x3135b9	0x3137fc	+0x243	dispatch	0xcdac7	310	0xb8556	0x162	0x1e8	0x40	0xa2bd	0x99	0x1b17	6201e8014000bda29900171bab6f0801d4e8014ab2d76ef4e32006be862314d7	prefix_32_of_579	0xc917a90d	0x8df97560	0xc917a90d	0x694cb90f	-0x5fcaeffe	0x3a	0x3a
3018	0x787fe407836d	310	0xb8556	0x3137fc	0x3139de	+0x1e2	dispatch	0xcdac7	310	0xb8556	0x1e8	0x162	0xa8	0x99	0xd0ce	0x339a	e8016201a8009900ced09a331c968809df4913e8013e1db47be2ab00a9a94eef	prefix_32_of_482	0x8df97560	0x4a612e32	0x694cb90f	0x5f8f8af3	-0x9bd2e1c	0x3a	0x3a
3019	0x787fe407836d	310	0xb8556	0x3139de	0x313c4c	+0x26e	dispatch	0xcdac7	169	0x9af18	0x1e8	0xa5	0x154	0x12ac	0x99	0x6160	e801a5005401ac12990060615dd8ca85aa86fae801e80522b455bce3a77dd306	prefix_32_of_622	0x4a612e32	0x8f70318b	0x5f8f8af3	0xfbfb8b3c	+0x9c6c0049	0x3a	0x3a
3020	0x787fe407836d	169	0x9af18	0x313c4c	0x313e8f	+0x243	dispatch	0xcdac7	169	0x9af18	0xab	0x1e8	0x14d	0xe973	0x99	0xe987	ab00e8014d0173e9990087e926178cfb71d638e8010b62f5e882fa050f99789a	prefix_32_of_579	0x8f70318b	0xfed1df96	0xfbfb8b3c	0x58a4dcd6	-0xa356ae66	0x3a	0x3a
3021	0x787fe407836d	169	0x9af18	0x313e8f	0x314071	+0x1e2	dispatch	0xcdac7	169	0x9af18	0x162	0x1e8	0x9d	0xd4ff	0x99	0x3390	6201e8019d00ffd49900903337b623a8e5df73e8019798477690393ef22f9bcb	prefix_32_of_482	0xfed1df96	0x4ac60206	0x58a4dcd6	0x5ee7d2fb	+0x642f625	0x3a	0x3a
3022	0x787fe407836d	169	0x9af18	0x314071	0x3142df	+0x26e	dispatch	0xcdac7	310	0xb8556	0x162	0x1e8	0xa8	0x99	0xd4b6	0x9fd6	6201e801a8009900b6d4d69fbcef4e5f09e8011cb697d66ed299928e413a85b4	prefix_32_of_622	0x4ac60206	0x861eb185	0x5ee7d2fb	0xdf95e7f4	+0x80ae14f9	0x3a	0x3a
3023	0x787fe407836d	310	0xb8556	0x3142df	0x314522	+0x243	dispatch	0xcdac7	310	0xb8556	0x1e8	0xab	0xd7	0xa88	0xd888	0x227d	e801ab00d700880a88d87d220b07a29900b00ee801c9569798eedb0f85a424a2	prefix_32_of_579	0x861eb185	0x34a042ea	0xdf95e7f4	0x3ce04eeb	-0xa2b59909	0x3a	0x3a
3024	0x787fe407836d	310	0xb8556	0x314522	0x314704	+0x1e2	dispatch	0xcdac7	310	0xb8556	0x1e8	0x162	0xcb	0x9a07	0x7635	0x1ca1	e8016201cb00079a3576a11c1587d000e463e6e801744fab006005408141e30a	prefix_32_of_482	0x34a042ea	0xfcdeff37	0x3ce04eeb	0xfcd60600	+0xbff5b715	0x3a	0x3a
3025	0x787fe407836d	310	0xb8556	0x314704	0x314972	+0x26e	dispatch	0xcdac7	169	0x9af18	0x1e8	0x162	0x133	0x553a	0xc4b4	0x9913	e801620133013a55b4c41399000f9926d6e801b4c893293a145770293fba3bd7	prefix_32_of_622	0xfcdeff37	0xf8eeff37	0xfcd60600	0xf8e60910	-0x3effcf0	0x3a	0x3a
3026	0x787fe407836d	169	0x9af18	0x314972	0x314bb5	+0x243	dispatch	0xcdac7	310	0xb8556	0xab	0x1e8	0x133	0xd3a	0x17b0	0x3590	ab00e80133013a0db017903576da52830d9d9ee801174b3aac16ab007e67bbcf	prefix_32_of_579	0xf8eeff37	0x62662dfb	0xf8e60910	0xbffcca14	-0x38e93efc	0x3a	0x3a
3027	0x787fe407836d	310	0xb8556	0x314bb5	0x314d97	+0x1e2	dispatch	0xcdac7	169	0x9af18	0x1e8	0xa5	0x154	0xec4	0x99	0xdaa	e801a5005401c40e9900aa0d3e77f80828c29ae801209b1de1b283cc41d0003c	prefix_32_of_482	0x62662dfb	0xfadf7f2d	0xbffcca14	0xf21b0800	+0x321e3dec	0x3a	0x3a
3028	0x787fe407836d	169	0x9af18	0x314d97	0x315005	+0x26e	dispatch	0xcdac7	310	0xb8556	0x162	0x1e8	0x154	0x1334	0x99	0x1060	6201e80154013413990060103a1468c6d70e38e801880ac47c15400b7ef3eb03	prefix_32_of_622	0xfadf7f2d	0xe34473c6	0xf21b0800	0xe74477c6	-0xad6903a	0x3a	0x3a
3029	0x787fe407836d	310	0xb8556	0x315005	0x31522f	+0x22a	dispatch	0xcdac7	310	0xb8556	0x1e8	0xab	0x2b	0x7ded	0x99	0x9d3a	e801ab002b00ed7d99003a9daf99001ceee5a3e801abfa76d8093db434706b58	prefix_32_of_554	0xe34473c6	0x69b0303a	0xe74477c6	0x69145e5a	-0x7e30196c	0x3a	0x3a
3030	0x787fe407836d	310	0xb8556	0x31522f	0x315486	+0x257	dispatch	0xcdac7	169	0x9af18	0x1e8	0xab	0xc7	0x4f47	0x2c3a	0xae89	e801ab00c700474f3a2c89ae01349650eb981ae801bbffdce71f77f3025db1c8	prefix_32_of_599	0x69b0303a	0x841ab3c5	0x69145e5a	0x841ab3c5	+0x1b06556b	0x3a	0x3a
3031	0x787fe407836d	169	0x9af18	0x315486	0x3156ca	+0x244	dispatch	0xcdac7	169	0x9af18	0xa5	0x1e8	0x12	0x620	0xdc3a	0xfca3	a500e801120020063adca3fce00d85dd41f69ae801e0a76a83e8bb0003922025	prefix_32_of_580	0x841ab3c5	0xf613f930	0x841ab3c5	0x3ffce85e	-0x441dcb67	0x3a	0x3a
3032	0x787fe407836d	169	0x9af18	0x3156ca	0x315969	+0x29f	dispatch	0xcdac7	169	0x9af18	0xab	0x1e8	0x9d	0xcf07	0x99	0xf9a4	ab00e8019d0007cf9900a4f90133438c86ac48e801f3e7ab00737721d5bfd52a	prefix_32_of_671	0xf613f930	0x2ab32381	0x3ffce85e	0x2af72783	-0x1505c0db	0x3a	0x3a
3033	0x787fe407836d	169	0x9af18	0x315969	0x315bbf	+0x256	dispatch	0xcdac7	169	0x9af18	0xab	0x1e8	0x129	0x1e31	0x8ee1	0x6ea2	ab00e8012901311ee18ea26eeb88cf9ecf06bee8010aaba3094961d69865e9dc	prefix_32_of_598	0x2ab32381	0x6e5d9892	0x2af72783	0x4000d60c	+0x1509ae89	0x3a	0x3a
3034	0x787fe407836d	169	0x9af18	0x315bbf	0x310ca5	-0x4f1a	dispatch	0xcdac7	310	0xb8556	0xab	0x1e8	0x10c	0x1c4a	0x63e6	0x5af	ab00e8010c014a1ce663af053cd2e4092be80199f5de2fb4dd1429a30a54917a	backedge_sample	0x6e5d9892	0x148226cc	0x4000d60c	0xffaffb65	+0xbfaf2559	0x3a	0x3a
3035	0x787fe407836d	310	0xb8556	0x310ca5	0x310ef0	+0x24b	dispatch	0xcdac7	310	0xb8556	0x1e8	0xa5	0xcb	0x9ebf	0x7635	0x390	e801a500cb00bf9e35769003042ba8fcee6d9ce801f7d8ab009003dc5941168f	prefix_32_of_587	0x148226cc	0x14100010	0xffaffb65	0x3f0612b2	-0xc0a9e8b3	0x3a	0x3a
3036	0x787fe407836d	310	0xb8556	0x310ef0	0x311163	+0x273	dispatch	0xcdac7	169	0x9af18	0x1e8	0x162	0x154	0xf7c	0x99	0x92e7	e801620154017c0f9900e792dc1375ac08b602e801bf8c2f019289f5a0fa7e69	prefix_32_of_627	0x14100010	0xc83095f0	0x3f0612b2	0x400110fe	+0xfafe4c	0x3a	0x3a
3037	0x787fe407836d	169	0x9af18	0x311163	0x3113a5	+0x242	dispatch	0xcdac7	169	0x9af18	0xa5	0x1e8	0x10c	0x1c4a	0x67ae	0x6b6	a500e8010c014a1cae67b6063aa56428d9e80129f1186774139007d64940f679	prefix_32_of_578	0xc83095f0	0x7adeff2e	0x400110fe	0x78de0800	+0x38dcf702	0x3a	0x3a
3038	0x787fe407836d	169	0x9af18	0x3113a5	0x3115e7	+0x242	dispatch	0xcdac7	310	0xb8556	0x162	0x1e8	0xbd	0x99	0xe914	0x26e8	6201e801bd00990014e9e826ba56639900de34e8017709ab00041dab006485b4	prefix_32_of_578	0x7adeff2e	0x2948	0x78de0800	0x2948	-0x78dddeb8	0x3a	0x3a
3039	0x787fe407836d	310	0xb8556	0x3115e7	0x311829	+0x242	dispatch	0xcdac7	169	0x9af18	0x1e8	0xa5	0x9d	0xd56f	0x99	0xad8	e801a5009d006fd59900d80a53f58761012fcee8011603b240666e6e27e60d3a	prefix_32_of_578	0x2948	0x3acddfde	0x2948	0x585c5c02	+0x585c32ba	0x3a	0x3a
3040	0x787fe407836d	169	0x9af18	0x311829	0x311a6b	+0x242	dispatch	0xcdac7	169	0x9af18	0xab	0x1e8	0x151	0x94f0	0x99	0xfcec	ab00e8015101f0949900ecfc8b0cd809e4e80111f8d746656b7dce813884ab00	prefix_32_of_578	0x3acddfde	0xef1b287	0x585c5c02	0x69145f5a	+0x10b80358	0x3a	0x3a
3041	0x787fe407836d	169	0x9af18	0x311a6b	0x311cad	+0x242	dispatch	0xcdac7	310	0xb8556	0xa5	0x1e8	0x72	0x64cb	0xac8c	0x620	a500e8017200cb648cac200648efdaf5e0bf18e8015f2dab001a531a84d8ab00	prefix_32_of_578	0xef1b287	0x524c03c5	0x69145f5a	0x7df7dfda	+0x14e38080	0x3a	0x3a
3042	0x787fe407836d	310	0xb8556	0x311cad	0x311f69	+0x2bc	dispatch	0xcdac7	310	0xb8556	0x1e8	0xa5	0x10c	0x1c4a	0x6c86	0x7438	e801a5000c014a1c866c38749900ba703aa3e6e801859db8ec9f9147b7bebdaa	prefix_32_of_700	0x524c03c5	0x8e78f1da	0x7df7dfda	0xeb377ffe	+0x6d3fa024	0x3a	0x3a
3043	0x787fe407836d	310	0xb8556	0x311f69	0x31223a	+0x2d1	dispatch	0xcdac7	310	0xb8556	0x1e8	0xa5	0x14d	0xe523	0x99	0xe367	e801a5004d0123e5990067e332d17995c6459ee801880a70a4781ff2ff90977e	prefix_32_of_721	0x8e78f1da	0x8e4e0de5	0xeb377ffe	0x7bd7fefb	-0x6f5f8103	0x3a	0x3a
3044	0x787fe407836d	310	0xb8556	0x31223a	0x312464	+0x22a	dispatch	0xcdac7	169	0x9af18	0x1e8	0xab	0x151	0x9568	0x99	0xae47	e801ab0051016895990047ae9900f3a03a2e3ae801d80a443786cf06c648acd7	prefix_32_of_554	0x8e4e0de5	0x347541db	0x7bd7fefb	0x69945ffa	-0x12439f01	0x3a	0x3a
3045	0x787fe407836d	169	0x9af18	0x312464	0x31268e	+0x22a	dispatch	0xcdac7	310	0xb8556	0xab	0x1e8	0x42	0x97f9	0x8b3a	0x99da	ab00e8014200f9973a8bda99009a299900e801e4734b803a09b993007451ab00	prefix_32_of_554	0x347541db	0x5675bb90	0x69945ffa	0xffc76ef9	+0x96330eff	0x3a	0x3a
3046	0x787fe407836d	310	0xb8556	0x31268e	0x312868	+0x1da	dispatch	0xcdac7	169	0x9af18	0x1e8	0x162	0x10c	0x1c4a	0x6576	0x4392	e80162010c014a1c76659243358b8809c82954e8014c0cab0058019c10f7f483	prefix_32_of_474	0x5675bb90	0x221c12	0xffc76ef9	0x3f06a742	-0xc0c0c7b7	0x3a	0x3a
3047	0x787fe407836d	169	0x9af18	0x312868	0x312aee	+0x286	dispatch	0xcdac7	169	0x9af18	0xab	0x1e8	0x12	0x5e8	0xae3a	0xb4a5	ab00e8011200e8053aaea5b4a2606756d86000e801d80a90778a7301aa4f8cd8	prefix_32_of_646	0x221c12	0x8e3c0ca2	0x3f06a742	0x6f95fefa	+0x308f57b8	0x3a	0x3a
3048	0x787fe407836d	169	0x9af18	0x312aee	0x312cd0	+0x1e2	dispatch	0xcdac7	169	0x9af18	0x162	0x1e8	0x9d	0xd4ff	0x99	0x3810	6201e8019d00ffd499001038377504acaadc9ee80188acfa117cde3f9f9f57fa	prefix_32_of_482	0x8e3c0ca2	0xfbf79ddb	0x6f95fefa	0xf9f3eb74	+0x8a5dec7a	0x3a	0x3a
3049	0x787fe407836d	169	0x9af18	0x312cd0	0x312f26	+0x256	dispatch	0xcdac7	310	0xb8556	0x162	0x1e8	0xbd	0x99	0xe964	0x860	6201e801bd00990064e96008f0890e712b581de8014b1ac6d48406bceffeed89	prefix_32_of_598	0xfbf79ddb	0x4b8eb2de	0xf9f3eb74	0x7b1c5e5e	-0x7ed78d16	0x3a	0x3a
3050	0x787fe407836d	310	0xb8556	0x312f26	0x313169	+0x243	dispatch	0xcdac7	310	0xb8556	0x1e8	0x162	0xb9	0xa483	0x543a	0xcd68	e8016201b90083a43a5468cdd0817305599acde80104b48b0ce80544a5607c99	prefix_32_of_579	0x4b8eb2de	0x7afe7fef	0x7b1c5e5e	0x727e02a8	-0x89e5bb6	0x3a	0x3a
3051	0x787fe407836d	310	0xb8556	0x313169	0x31334b	+0x1e2	dispatch	0xcdac7	169	0x9af18	0x1e8	0xa5	0x151	0x99e0	0x99	0x2580	e801a5005101e09999008025faf2b3bb03cc5ae801979b477a218516bad00004	prefix_32_of_482	0x7afe7fef	0xce4d8465	0x727e02a8	0x7f3e7f7b	+0xcc07cd3	0x3a	0x3a
3052	0x787fe407836d	169	0x9af18	0x31334b	0x3135b9	+0x26e	dispatch	0xcdac7	169	0x9af18	0xa5	0x1e8	0x40	0xa81d	0x99	0x620	a500e80140001da899002006e89ff41597541ce801ab9e2ac633af3ada4c1da9	prefix_32_of_622	0xce4d8465	0xc917a90d	0x7f3e7f7b	0xc917a90d	+0x49d92992	0x3a	0x3a
3053	0x787fe407836d	169	0x9af18	0x3135b9	0x3137fc	+0x243	dispatch	0xcdac7	310	0xb8556	0x162	0x1e8	0x40	0xa2bd	0x99	0x1b17	6201e8014000bda29900171bab6f0801d4e8014ab2d76ef4e32006be862314d7	prefix_32_of_579	0xc917a90d	0x8df97560	0xc917a90d	0x694cb90f	-0x5fcaeffe	0x3a	0x3a
3054	0x787fe407836d	310	0xb8556	0x3137fc	0x3139de	+0x1e2	dispatch	0xcdac7	310	0xb8556	0x1e8	0x162	0xa8	0x99	0xd0ce	0x339a	e8016201a8009900ced09a331c968809df4913e8013e1db47be2ab00a9a94eef	prefix_32_of_482	0x8df97560	0x4a612e32	0x694cb90f	0x5f8f8af3	-0x9bd2e1c	0x3a	0x3a
3055	0x787fe407836d	310	0xb8556	0x3139de	0x313c4c	+0x26e	dispatch	0xcdac7	169	0x9af18	0x1e8	0xa5	0x154	0x12ac	0x99	0x6160	e801a5005401ac12990060615dd8ca85aa86fae801e80522b455bce3a77dd306	prefix_32_of_622	0x4a612e32	0x8f70318b	0x5f8f8af3	0xfbfb8b3c	+0x9c6c0049	0x3a	0x3a
3056	0x787fe407836d	169	0x9af18	0x313c4c	0x313e8f	+0x243	dispatch	0xcdac7	169	0x9af18	0xab	0x1e8	0x14d	0xe973	0x99	0xe987	ab00e8014d0173e9990087e926178cfb71d638e8010b62f5e882fa050f99789a	prefix_32_of_579	0x8f70318b	0xfed1df96	0xfbfb8b3c	0x58a4dcd6	-0xa356ae66	0x3a	0x3a
3057	0x787fe407836d	169	0x9af18	0x313e8f	0x314071	+0x1e2	dispatch	0xcdac7	169	0x9af18	0x162	0x1e8	0x9d	0xd4ff	0x99	0x3390	6201e8019d00ffd49900903337b623a8e5df73e8019798477690393ef22f9bcb	prefix_32_of_482	0xfed1df96	0x4ac60206	0x58a4dcd6	0x5ee7d2fb	+0x642f625	0x3a	0x3a
3058	0x787fe407836d	169	0x9af18	0x314071	0x3142df	+0x26e	dispatch	0xcdac7	310	0xb8556	0x162	0x1e8	0xa8	0x99	0xd4b6	0x9fd6	6201e801a8009900b6d4d69fbcef4e5f09e8011cb697d66ed299928e413a85b4	prefix_32_of_622	0x4ac60206	0x861eb185	0x5ee7d2fb	0xdf95e7f4	+0x80ae14f9	0x3a	0x3a
3059	0x787fe407836d	310	0xb8556	0x3142df	0x314522	+0x243	dispatch	0xcdac7	310	0xb8556	0x1e8	0xab	0xd7	0xa88	0xd888	0x227d	e801ab00d700880a88d87d220b07a29900b00ee801c9569798eedb0f85a424a2	prefix_32_of_579	0x861eb185	0x34a042ea	0xdf95e7f4	0x3ce04eeb	-0xa2b59909	0x3a	0x3a
3060	0x787fe407836d	310	0xb8556	0x314522	0x314704	+0x1e2	dispatch	0xcdac7	310	0xb8556	0x1e8	0x162	0xcb	0x9a07	0x7635	0x1ca1	e8016201cb00079a3576a11c1587d000e463e6e801744fab006005408141e30a	prefix_32_of_482	0x34a042ea	0xfcdeff37	0x3ce04eeb	0xfcd60600	+0xbff5b715	0x3a	0x3a
3061	0x787fe407836d	310	0xb8556	0x314704	0x314972	+0x26e	dispatch	0xcdac7	169	0x9af18	0x1e8	0x162	0x133	0x553a	0xc4b4	0x9913	e801620133013a55b4c41399000f9926d6e801b4c893293a145770293fba3bd7	prefix_32_of_622	0xfcdeff37	0xf8eeff37	0xfcd60600	0xf8e60910	-0x3effcf0	0x3a	0x3a
3062	0x787fe407836d	169	0x9af18	0x314972	0x314bb5	+0x243	dispatch	0xcdac7	310	0xb8556	0xab	0x1e8	0x133	0xd3a	0x17b0	0x3590	ab00e80133013a0db017903576da52830d9d9ee801174b3aac16ab007e67bbcf	prefix_32_of_579	0xf8eeff37	0x62662dfb	0xf8e60910	0xbffcca14	-0x38e93efc	0x3a	0x3a
3063	0x787fe407836d	310	0xb8556	0x314bb5	0x314d97	+0x1e2	dispatch	0xcdac7	169	0x9af18	0x1e8	0xa5	0x154	0xec4	0x99	0xdaa	e801a5005401c40e9900aa0d3e77f80828c29ae801209b1de1b283cc41d0003c	prefix_32_of_482	0x62662dfb	0xfadf7f2d	0xbffcca14	0xf21b0800	+0x321e3dec	0x3a	0x3a
3064	0x787fe407836d	169	0x9af18	0x314d97	0x315005	+0x26e	dispatch	0xcdac7	310	0xb8556	0x162	0x1e8	0x154	0x1334	0x99	0x1060	6201e80154013413990060103a1468c6d70e38e801880ac47c15400b7ef3eb03	prefix_32_of_622	0xfadf7f2d	0xe34473c6	0xf21b0800	0xe74477c6	-0xad6903a	0x3a	0x3a
3065	0x787fe407836d	310	0xb8556	0x315005	0x31522f	+0x22a	dispatch	0xcdac7	310	0xb8556	0x1e8	0xab	0x2b	0x7ded	0x99	0x9d3a	e801ab002b00ed7d99003a9daf99001ceee5a3e801abfa76d8093db434706b58	prefix_32_of_554	0xe34473c6	0x69b0303a	0xe74477c6	0x69145e5a	-0x7e30196c	0x3a	0x3a
3066	0x787fe407836d	310	0xb8556	0x31522f	0x315486	+0x257	dispatch	0xcdac7	169	0x9af18	0x1e8	0xab	0xc7	0x4f47	0x2c3a	0xae89	e801ab00c700474f3a2c89ae01349650eb981ae801bbffdce71f77f3025db1c8	prefix_32_of_599	0x69b0303a	0x841ab3c5	0x69145e5a	0x841ab3c5	+0x1b06556b	0x3a	0x3a
3067	0x787fe407836d	169	0x9af18	0x315486	0x3156ca	+0x244	dispatch	0xcdac7	169	0x9af18	0xa5	0x1e8	0x12	0x620	0xdc3a	0xfca3	a500e801120020063adca3fce00d85dd41f69ae801e0a76a83e8bb0003922025	prefix_32_of_580	0x841ab3c5	0xf613f930	0x841ab3c5	0x3ffce85e	-0x441dcb67	0x3a	0x3a
3068	0x787fe407836d	169	0x9af18	0x3156ca	0x315969	+0x29f	dispatch	0xcdac7	169	0x9af18	0xab	0x1e8	0x9d	0xcf07	0x99	0xf9a4	ab00e8019d0007cf9900a4f90133438c86ac48e801f3e7ab00737721d5bfd52a	prefix_32_of_671	0xf613f930	0x2ab32381	0x3ffce85e	0x2af72783	-0x1505c0db	0x3a	0x3a
3069	0x787fe407836d	169	0x9af18	0x315969	0x315bbf	+0x256	dispatch	0xcdac7	169	0x9af18	0xab	0x1e8	0x129	0x1e31	0x8ee1	0x6ea2	ab00e8012901311ee18ea26eeb88cf9ecf06bee8010aaba3094961d69865e9dc	prefix_32_of_598	0x2ab32381	0x6e5d9892	0x2af72783	0x4000d60c	+0x1509ae89	0x3a	0x3a
3070	0x787fe407836d	169	0x9af18	0x315bbf	0x310ca5	-0x4f1a	dispatch	0xcdac7	310	0xb8556	0xab	0x1e8	0x10c	0x1c4a	0x63e6	0x5af	ab00e8010c014a1ce663af053cd2e4092be80199f5de2fb4dd1429a30a54917a	backedge_sample	0x6e5d9892	0x148226cc	0x4000d60c	0xffaffb65	+0xbfaf2559	0x3a	0x3a
3071	0x787fe407836d	310	0xb8556	0x310ca5	0x310ef0	+0x24b	dispatch	0xcdac7	310	0xb8556	0x1e8	0xa5	0xcb	0x9ebf	0x7635	0x390	e801a500cb00bf9e35769003042ba8fcee6d9ce801f7d8ab009003dc5941168f	prefix_32_of_587	0x148226cc	0x14100010	0xffaffb65	0x3f0612b2	-0xc0a9e8b3	0x3a	0x3a
3072	0x787fe407836d	310	0xb8556	0x310ef0	0x311163	+0x273	dispatch	0xcdac7	169	0x9af18	0x1e8	0x162	0x154	0xf7c	0x99	0x92e7	e801620154017c0f9900e792dc1375ac08b602e801bf8c2f019289f5a0fa7e69	prefix_32_of_627	0x14100010	0xc83095f0	0x3f0612b2	0x400110fe	+0xfafe4c	0x3a	0x3a
3073	0x787fe407836d	169	0x9af18	0x311163	0x3113a5	+0x242	dispatch	0xcdac7	169	0x9af18	0xa5	0x1e8	0x10c	0x1c4a	0x67ae	0x6b6	a500e8010c014a1cae67b6063aa56428d9e80129f1186774139007d64940f679	prefix_32_of_578	0xc83095f0	0x7adeff2e	0x400110fe	0x78de0800	+0x38dcf702	0x3a	0x3a
3074	0x787fe407836d	169	0x9af18	0x3113a5	0x3115e7	+0x242	dispatch	0xcdac7	310	0xb8556	0x162	0x1e8	0xbd	0x99	0xe914	0x26e8	6201e801bd00990014e9e826ba56639900de34e8017709ab00041dab006485b4	prefix_32_of_578	0x7adeff2e	0x2948	0x78de0800	0x2948	-0x78dddeb8	0x3a	0x3a
3075	0x787fe407836d	310	0xb8556	0x3115e7	0x311829	+0x242	dispatch	0xcdac7	169	0x9af18	0x1e8	0xa5	0x9d	0xd56f	0x99	0xad8	e801a5009d006fd59900d80a53f58761012fcee8011603b240666e6e27e60d3a	prefix_32_of_578	0x2948	0x3acddfde	0x2948	0x585c5c02	+0x585c32ba	0x3a	0x3a
3076	0x787fe407836d	169	0x9af18	0x311829	0x311a6b	+0x242	dispatch	0xcdac7	169	0x9af18	0xab	0x1e8	0x151	0x94f0	0x99	0xfcec	ab00e8015101f0949900ecfc8b0cd809e4e80111f8d746656b7dce813884ab00	prefix_32_of_578	0x3acddfde	0xef1b287	0x585c5c02	0x69145f5a	+0x10b80358	0x3a	0x3a
3077	0x787fe407836d	169	0x9af18	0x311a6b	0x311cad	+0x242	dispatch	0xcdac7	310	0xb8556	0xa5	0x1e8	0x72	0x64cb	0xac8c	0x620	a500e8017200cb648cac200648efdaf5e0bf18e8015f2dab001a531a84d8ab00	prefix_32_of_578	0xef1b287	0x524c03c5	0x69145f5a	0x7df7dfda	+0x14e38080	0x3a	0x3a
3078	0x787fe407836d	310	0xb8556	0x311cad	0x311f69	+0x2bc	dispatch	0xcdac7	310	0xb8556	0x1e8	0xa5	0x10c	0x1c4a	0x6c86	0x7438	e801a5000c014a1c866c38749900ba703aa3e6e801859db8ec9f9147b7bebdaa	prefix_32_of_700	0x524c03c5	0x8e78f1da	0x7df7dfda	0xeb377ffe	+0x6d3fa024	0x3a	0x3a
3079	0x787fe407836d	310	0xb8556	0x311f69	0x31223a	+0x2d1	dispatch	0xcdac7	310	0xb8556	0x1e8	0xa5	0x14d	0xe523	0x99	0xe367	e801a5004d0123e5990067e332d17995c6459ee801880a70a4781ff2ff90977e	prefix_32_of_721	0x8e78f1da	0x8e4e0de5	0xeb377ffe	0x7bd7fefb	-0x6f5f8103	0x3a	0x3a
3080	0x787fe407836d	310	0xb8556	0x31223a	0x312464	+0x22a	dispatch	0xcdac7	169	0x9af18	0x1e8	0xab	0x151	0x9568	0x99	0xae47	e801ab0051016895990047ae9900f3a03a2e3ae801d80a443786cf06c648acd7	prefix_32_of_554	0x8e4e0de5	0x347541db	0x7bd7fefb	0x69945ffa	-0x12439f01	0x3a	0x3a
3081	0x787fe407836d	169	0x9af18	0x312464	0x31268e	+0x22a	dispatch	0xcdac7	310	0xb8556	0xab	0x1e8	0x42	0x97f9	0x8b3a	0x99da	ab00e8014200f9973a8bda99009a299900e801e4734b803a09b993007451ab00	prefix_32_of_554	0x347541db	0x5675bb90	0x69945ffa	0xffc76ef9	+0x96330eff	0x3a	0x3a
3082	0x787fe407836d	310	0xb8556	0x31268e	0x312868	+0x1da	dispatch	0xcdac7	169	0x9af18	0x1e8	0x162	0x10c	0x1c4a	0x6576	0x4392	e80162010c014a1c76659243358b8809c82954e8014c0cab0058019c10f7f483	prefix_32_of_474	0x5675bb90	0x221c12	0xffc76ef9	0x3f06a742	-0xc0c0c7b7	0x3a	0x3a
3083	0x787fe407836d	169	0x9af18	0x312868	0x312aee	+0x286	dispatch	0xcdac7	169	0x9af18	0xab	0x1e8	0x12	0x5e8	0xae3a	0xb4a5	ab00e8011200e8053aaea5b4a2606756d86000e801d80a90778a7301aa4f8cd8	prefix_32_of_646	0x221c12	0x8e3c0ca2	0x3f06a742	0x6f95fefa	+0x308f57b8	0x3a	0x3a
3084	0x787fe407836d	169	0x9af18	0x312aee	0x312cd0	+0x1e2	dispatch	0xcdac7	169	0x9af18	0x162	0x1e8	0x9d	0xd4ff	0x99	0x3810	6201e8019d00ffd499001038377504acaadc9ee80188acfa117cde3f9f9f57fa	prefix_32_of_482	0x8e3c0ca2	0xfbf79ddb	0x6f95fefa	0xf9f3eb74	+0x8a5dec7a	0x3a	0x3a
3085	0x787fe407836d	169	0x9af18	0x312cd0	0x312f26	+0x256	dispatch	0xcdac7	310	0xb8556	0x162	0x1e8	0xbd	0x99	0xe964	0x860	6201e801bd00990064e96008f0890e712b581de8014b1ac6d48406bceffeed89	prefix_32_of_598	0xfbf79ddb	0x4b8eb2de	0xf9f3eb74	0x7b1c5e5e	-0x7ed78d16	0x3a	0x3a
3086	0x787fe407836d	310	0xb8556	0x312f26	0x313169	+0x243	dispatch	0xcdac7	310	0xb8556	0x1e8	0x162	0xb9	0xa483	0x543a	0xcd68	e8016201b90083a43a5468cdd0817305599acde80104b48b0ce80544a5607c99	prefix_32_of_579	0x4b8eb2de	0x7afe7fef	0x7b1c5e5e	0x727e02a8	-0x89e5bb6	0x3a	0x3a
3087	0x787fe407836d	310	0xb8556	0x313169	0x31334b	+0x1e2	dispatch	0xcdac7	169	0x9af18	0x1e8	0xa5	0x151	0x99e0	0x99	0x2580	e801a5005101e09999008025faf2b3bb03cc5ae801979b477a218516bad00004	prefix_32_of_482	0x7afe7fef	0xce4d8465	0x727e02a8	0x7f3e7f7b	+0xcc07cd3	0x3a	0x3a
3088	0x787fe407836d	169	0x9af18	0x31334b	0x3135b9	+0x26e	dispatch	0xcdac7	169	0x9af18	0xa5	0x1e8	0x40	0xa81d	0x99	0x620	a500e80140001da899002006e89ff41597541ce801ab9e2ac633af3ada4c1da9	prefix_32_of_622	0xce4d8465	0xc917a90d	0x7f3e7f7b	0xc917a90d	+0x49d92992	0x3a	0x3a
3089	0x787fe407836d	169	0x9af18	0x3135b9	0x3137fc	+0x243	dispatch	0xcdac7	310	0xb8556	0x162	0x1e8	0x40	0xa2bd	0x99	0x1b17	6201e8014000bda29900171bab6f0801d4e8014ab2d76ef4e32006be862314d7	prefix_32_of_579	0xc917a90d	0x8df97560	0xc917a90d	0x694cb90f	-0x5fcaeffe	0x3a	0x3a
3090	0x787fe407836d	310	0xb8556	0x3137fc	0x3139de	+0x1e2	dispatch	0xcdac7	310	0xb8556	0x1e8	0x162	0xa8	0x99	0xd0ce	0x339a	e8016201a8009900ced09a331c968809df4913e8013e1db47be2ab00a9a94eef	prefix_32_of_482	0x8df97560	0x4a612e32	0x694cb90f	0x5f8f8af3	-0x9bd2e1c	0x3a	0x3a
3091	0x787fe407836d	310	0xb8556	0x3139de	0x313c4c	+0x26e	dispatch	0xcdac7	169	0x9af18	0x1e8	0xa5	0x154	0x12ac	0x99	0x6160	e801a5005401ac12990060615dd8ca85aa86fae801e80522b455bce3a77dd306	prefix_32_of_622	0x4a612e32	0x8f70318b	0x5f8f8af3	0xfbfb8b3c	+0x9c6c0049	0x3a	0x3a
3092	0x787fe407836d	169	0x9af18	0x313c4c	0x313e8f	+0x243	dispatch	0xcdac7	169	0x9af18	0xab	0x1e8	0x14d	0xe973	0x99	0xe987	ab00e8014d0173e9990087e926178cfb71d638e8010b62f5e882fa050f99789a	prefix_32_of_579	0x8f70318b	0xfed1df96	0xfbfb8b3c	0x58a4dcd6	-0xa356ae66	0x3a	0x3a
3093	0x787fe407836d	169	0x9af18	0x313e8f	0x314071	+0x1e2	dispatch	0xcdac7	169	0x9af18	0x162	0x1e8	0x9d	0xd4ff	0x99	0x3390	6201e8019d00ffd49900903337b623a8e5df73e8019798477690393ef22f9bcb	prefix_32_of_482	0xfed1df96	0x4ac60206	0x58a4dcd6	0x5ee7d2fb	+0x642f625	0x3a	0x3a
3094	0x787fe407836d	169	0x9af18	0x314071	0x3142df	+0x26e	dispatch	0xcdac7	310	0xb8556	0x162	0x1e8	0xa8	0x99	0xd4b6	0x9fd6	6201e801a8009900b6d4d69fbcef4e5f09e8011cb697d66ed299928e413a85b4	prefix_32_of_622	0x4ac60206	0x861eb185	0x5ee7d2fb	0xdf95e7f4	+0x80ae14f9	0x3a	0x3a
3095	0x787fe407836d	310	0xb8556	0x3142df	0x314522	+0x243	dispatch	0xcdac7	310	0xb8556	0x1e8	0xab	0xd7	0xa88	0xd888	0x227d	e801ab00d700880a88d87d220b07a29900b00ee801c9569798eedb0f85a424a2	prefix_32_of_579	0x861eb185	0x34a042ea	0xdf95e7f4	0x3ce04eeb	-0xa2b59909	0x3a	0x3a
3096	0x787fe407836d	310	0xb8556	0x314522	0x314704	+0x1e2	dispatch	0xcdac7	310	0xb8556	0x1e8	0x162	0xcb	0x9a07	0x7635	0x1ca1	e8016201cb00079a3576a11c1587d000e463e6e801744fab006005408141e30a	prefix_32_of_482	0x34a042ea	0xfcdeff37	0x3ce04eeb	0xfcd60600	+0xbff5b715	0x3a	0x3a
3097	0x787fe407836d	310	0xb8556	0x314704	0x314972	+0x26e	dispatch	0xcdac7	169	0x9af18	0x1e8	0x162	0x133	0x553a	0xc4b4	0x9913	e801620133013a55b4c41399000f9926d6e801b4c893293a145770293fba3bd7	prefix_32_of_622	0xfcdeff37	0xf8eeff37	0xfcd60600	0xf8e60910	-0x3effcf0	0x3a	0x3a
3098	0x787fe407836d	169	0x9af18	0x314972	0x314bb5	+0x243	dispatch	0xcdac7	310	0xb8556	0xab	0x1e8	0x133	0xd3a	0x17b0	0x3590	ab00e80133013a0db017903576da52830d9d9ee801174b3aac16ab007e67bbcf	prefix_32_of_579	0xf8eeff37	0x62662dfb	0xf8e60910	0xbffcca14	-0x38e93efc	0x3a	0x3a
3099	0x787fe407836d	310	0xb8556	0x314bb5	0x314d97	+0x1e2	dispatch	0xcdac7	169	0x9af18	0x1e8	0xa5	0x154	0xec4	0x99	0xdaa	e801a5005401c40e9900aa0d3e77f80828c29ae801209b1de1b283cc41d0003c	prefix_32_of_482	0x62662dfb	0xfadf7f2d	0xbffcca14	0xf21b0800	+0x321e3dec	0x3a	0x3a
3100	0x787fe407836d	169	0x9af18	0x314d97	0x315005	+0x26e	dispatch	0xcdac7	310	0xb8556	0x162	0x1e8	0x154	0x1334	0x99	0x1060	6201e80154013413990060103a1468c6d70e38e801880ac47c15400b7ef3eb03	prefix_32_of_622	0xfadf7f2d	0xe34473c6	0xf21b0800	0xe74477c6	-0xad6903a	0x3a	0x3a
3101	0x787fe407836d	310	0xb8556	0x315005	0x31522f	+0x22a	dispatch	0xcdac7	310	0xb8556	0x1e8	0xab	0x2b	0x7ded	0x99	0x9d3a	e801ab002b00ed7d99003a9daf99001ceee5a3e801abfa76d8093db434706b58	prefix_32_of_554	0xe34473c6	0x69b0303a	0xe74477c6	0x69145e5a	-0x7e30196c	0x3a	0x3a
3102	0x787fe407836d	310	0xb8556	0x31522f	0x315486	+0x257	dispatch	0xcdac7	169	0x9af18	0x1e8	0xab	0xc7	0x4f47	0x2c3a	0xae89	e801ab00c700474f3a2c89ae01349650eb981ae801bbffdce71f77f3025db1c8	prefix_32_of_599	0x69b0303a	0x841ab3c5	0x69145e5a	0x841ab3c5	+0x1b06556b	0x3a	0x3a
3103	0x787fe407836d	169	0x9af18	0x315486	0x3156ca	+0x244	dispatch	0xcdac7	169	0x9af18	0xa5	0x1e8	0x12	0x620	0xdc3a	0xfca3	a500e801120020063adca3fce00d85dd41f69ae801e0a76a83e8bb0003922025	prefix_32_of_580	0x841ab3c5	0xf613f930	0x841ab3c5	0x3ffce85e	-0x441dcb67	0x3a	0x3a
3104	0x787fe407836d	169	0x9af18	0x3156ca	0x315969	+0x29f	dispatch	0xcdac7	169	0x9af18	0xab	0x1e8	0x9d	0xcf07	0x99	0xf9a4	ab00e8019d0007cf9900a4f90133438c86ac48e801f3e7ab00737721d5bfd52a	prefix_32_of_671	0xf613f930	0x2ab32381	0x3ffce85e	0x2af72783	-0x1505c0db	0x3a	0x3a
3105	0x787fe407836d	169	0x9af18	0x315969	0x315bbf	+0x256	dispatch	0xcdac7	169	0x9af18	0xab	0x1e8	0x129	0x1e31	0x8ee1	0x6ea2	ab00e8012901311ee18ea26eeb88cf9ecf06bee8010aaba3094961d69865e9dc	prefix_32_of_598	0x2ab32381	0x6e5d9892	0x2af72783	0x4000d60c	+0x1509ae89	0x3a	0x3a
3106	0x787fe407836d	169	0x9af18	0x315bbf	0x310ca5	-0x4f1a	dispatch	0xcdac7	310	0xb8556	0xab	0x1e8	0x10c	0x1c4a	0x63e6	0x5af	ab00e8010c014a1ce663af053cd2e4092be80199f5de2fb4dd1429a30a54917a	backedge_sample	0x6e5d9892	0x148226cc	0x4000d60c	0xffaffb65	+0xbfaf2559	0x3a	0x3a
3107	0x787fe407836d	310	0xb8556	0x310ca5	0x310ef0	+0x24b	dispatch	0xcdac7	310	0xb8556	0x1e8	0xa5	0xcb	0x9ebf	0x7635	0x390	e801a500cb00bf9e35769003042ba8fcee6d9ce801f7d8ab009003dc5941168f	prefix_32_of_587	0x148226cc	0x14100010	0xffaffb65	0x3f0612b2	-0xc0a9e8b3	0x3a	0x3a
3108	0x787fe407836d	310	0xb8556	0x310ef0	0x311163	+0x273	dispatch	0xcdac7	169	0x9af18	0x1e8	0x162	0x154	0xf7c	0x99	0x92e7	e801620154017c0f9900e792dc1375ac08b602e801bf8c2f019289f5a0fa7e69	prefix_32_of_627	0x14100010	0xc83095f0	0x3f0612b2	0x400110fe	+0xfafe4c	0x3a	0x3a
3109	0x787fe407836d	169	0x9af18	0x311163	0x3113a5	+0x242	dispatch	0xcdac7	169	0x9af18	0xa5	0x1e8	0x10c	0x1c4a	0x67ae	0x6b6	a500e8010c014a1cae67b6063aa56428d9e80129f1186774139007d64940f679	prefix_32_of_578	0xc83095f0	0x7adeff2e	0x400110fe	0x78de0800	+0x38dcf702	0x3a	0x3a
3110	0x787fe407836d	169	0x9af18	0x3113a5	0x3115e7	+0x242	dispatch	0xcdac7	310	0xb8556	0x162	0x1e8	0xbd	0x99	0xe914	0x26e8	6201e801bd00990014e9e826ba56639900de34e8017709ab00041dab006485b4	prefix_32_of_578	0x7adeff2e	0x2948	0x78de0800	0x2948	-0x78dddeb8	0x3a	0x3a
3111	0x787fe407836d	310	0xb8556	0x3115e7	0x311829	+0x242	dispatch	0xcdac7	169	0x9af18	0x1e8	0xa5	0x9d	0xd56f	0x99	0xad8	e801a5009d006fd59900d80a53f58761012fcee8011603b240666e6e27e60d3a	prefix_32_of_578	0x2948	0x3acddfde	0x2948	0x585c5c02	+0x585c32ba	0x3a	0x3a
3112	0x787fe407836d	169	0x9af18	0x311829	0x311a6b	+0x242	dispatch	0xcdac7	169	0x9af18	0xab	0x1e8	0x151	0x94f0	0x99	0xfcec	ab00e8015101f0949900ecfc8b0cd809e4e80111f8d746656b7dce813884ab00	prefix_32_of_578	0x3acddfde	0xef1b287	0x585c5c02	0x69145f5a	+0x10b80358	0x3a	0x3a
3113	0x787fe407836d	169	0x9af18	0x311a6b	0x311cad	+0x242	dispatch	0xcdac7	310	0xb8556	0xa5	0x1e8	0x72	0x64cb	0xac8c	0x620	a500e8017200cb648cac200648efdaf5e0bf18e8015f2dab001a531a84d8ab00	prefix_32_of_578	0xef1b287	0x524c03c5	0x69145f5a	0x7df7dfda	+0x14e38080	0x3a	0x3a
3114	0x787fe407836d	310	0xb8556	0x311cad	0x311f69	+0x2bc	dispatch	0xcdac7	310	0xb8556	0x1e8	0xa5	0x10c	0x1c4a	0x6c86	0x7438	e801a5000c014a1c866c38749900ba703aa3e6e801859db8ec9f9147b7bebdaa	prefix_32_of_700	0x524c03c5	0x8e78f1da	0x7df7dfda	0xeb377ffe	+0x6d3fa024	0x3a	0x3a
3115	0x787fe407836d	310	0xb8556	0x311f69	0x31223a	+0x2d1	dispatch	0xcdac7	310	0xb8556	0x1e8	0xa5	0x14d	0xe523	0x99	0xe367	e801a5004d0123e5990067e332d17995c6459ee801880a70a4781ff2ff90977e	prefix_32_of_721	0x8e78f1da	0x8e4e0de5	0xeb377ffe	0x7bd7fefb	-0x6f5f8103	0x3a	0x3a
3116	0x787fe407836d	310	0xb8556	0x31223a	0x312464	+0x22a	dispatch	0xcdac7	169	0x9af18	0x1e8	0xab	0x151	0x9568	0x99	0xae47	e801ab0051016895990047ae9900f3a03a2e3ae801d80a443786cf06c648acd7	prefix_32_of_554	0x8e4e0de5	0x347541db	0x7bd7fefb	0x69945ffa	-0x12439f01	0x3a	0x3a
3117	0x787fe407836d	169	0x9af18	0x312464	0x31268e	+0x22a	dispatch	0xcdac7	310	0xb8556	0xab	0x1e8	0x42	0x97f9	0x8b3a	0x99da	ab00e8014200f9973a8bda99009a299900e801e4734b803a09b993007451ab00	prefix_32_of_554	0x347541db	0x5675bb90	0x69945ffa	0xffc76ef9	+0x96330eff	0x3a	0x3a
3118	0x787fe407836d	310	0xb8556	0x31268e	0x312868	+0x1da	dispatch	0xcdac7	169	0x9af18	0x1e8	0x162	0x10c	0x1c4a	0x6576	0x4392	e80162010c014a1c76659243358b8809c82954e8014c0cab0058019c10f7f483	prefix_32_of_474	0x5675bb90	0x221c12	0xffc76ef9	0x3f06a742	-0xc0c0c7b7	0x3a	0x3a
3119	0x787fe407836d	169	0x9af18	0x312868	0x312aee	+0x286	dispatch	0xcdac7	169	0x9af18	0xab	0x1e8	0x12	0x5e8	0xae3a	0xb4a5	ab00e8011200e8053aaea5b4a2606756d86000e801d80a90778a7301aa4f8cd8	prefix_32_of_646	0x221c12	0x8e3c0ca2	0x3f06a742	0x6f95fefa	+0x308f57b8	0x3a	0x3a
3120	0x787fe407836d	169	0x9af18	0x312aee	0x312cd0	+0x1e2	dispatch	0xcdac7	169	0x9af18	0x162	0x1e8	0x9d	0xd4ff	0x99	0x3810	6201e8019d00ffd499001038377504acaadc9ee80188acfa117cde3f9f9f57fa	prefix_32_of_482	0x8e3c0ca2	0xfbf79ddb	0x6f95fefa	0xf9f3eb74	+0x8a5dec7a	0x3a	0x3a
3121	0x787fe407836d	169	0x9af18	0x312cd0	0x312f26	+0x256	dispatch	0xcdac7	310	0xb8556	0x162	0x1e8	0xbd	0x99	0xe964	0x860	6201e801bd00990064e96008f0890e712b581de8014b1ac6d48406bceffeed89	prefix_32_of_598	0xfbf79ddb	0x4b8eb2de	0xf9f3eb74	0x7b1c5e5e	-0x7ed78d16	0x3a	0x3a
3122	0x787fe407836d	310	0xb8556	0x312f26	0x313169	+0x243	dispatch	0xcdac7	310	0xb8556	0x1e8	0x162	0xb9	0xa483	0x543a	0xcd68	e8016201b90083a43a5468cdd0817305599acde80104b48b0ce80544a5607c99	prefix_32_of_579	0x4b8eb2de	0x7afe7fef	0x7b1c5e5e	0x727e02a8	-0x89e5bb6	0x3a	0x3a
3123	0x787fe407836d	310	0xb8556	0x313169	0x31334b	+0x1e2	dispatch	0xcdac7	169	0x9af18	0x1e8	0xa5	0x151	0x99e0	0x99	0x2580	e801a5005101e09999008025faf2b3bb03cc5ae801979b477a218516bad00004	prefix_32_of_482	0x7afe7fef	0xce4d8465	0x727e02a8	0x7f3e7f7b	+0xcc07cd3	0x3a	0x3a
3124	0x787fe407836d	169	0x9af18	0x31334b	0x3135b9	+0x26e	dispatch	0xcdac7	169	0x9af18	0xa5	0x1e8	0x40	0xa81d	0x99	0x620	a500e80140001da899002006e89ff41597541ce801ab9e2ac633af3ada4c1da9	prefix_32_of_622	0xce4d8465	0xc917a90d	0x7f3e7f7b	0xc917a90d	+0x49d92992	0x3a	0x3a
3125	0x787fe407836d	169	0x9af18	0x3135b9	0x3137fc	+0x243	dispatch	0xcdac7	310	0xb8556	0x162	0x1e8	0x40	0xa2bd	0x99	0x1b17	6201e8014000bda29900171bab6f0801d4e8014ab2d76ef4e32006be862314d7	prefix_32_of_579	0xc917a90d	0x8df97560	0xc917a90d	0x694cb90f	-0x5fcaeffe	0x3a	0x3a
3126	0x787fe407836d	310	0xb8556	0x3137fc	0x3139de	+0x1e2	dispatch	0xcdac7	310	0xb8556	0x1e8	0x162	0xa8	0x99	0xd0ce	0x339a	e8016201a8009900ced09a331c968809df4913e8013e1db47be2ab00a9a94eef	prefix_32_of_482	0x8df97560	0x4a612e32	0x694cb90f	0x5f8f8af3	-0x9bd2e1c	0x3a	0x3a
3127	0x787fe407836d	310	0xb8556	0x3139de	0x313c4c	+0x26e	dispatch	0xcdac7	169	0x9af18	0x1e8	0xa5	0x154	0x12ac	0x99	0x6160	e801a5005401ac12990060615dd8ca85aa86fae801e80522b455bce3a77dd306	prefix_32_of_622	0x4a612e32	0x8f70318b	0x5f8f8af3	0xfbfb8b3c	+0x9c6c0049	0x3a	0x3a
3128	0x787fe407836d	169	0x9af18	0x313c4c	0x313e8f	+0x243	dispatch	0xcdac7	169	0x9af18	0xab	0x1e8	0x14d	0xe973	0x99	0xe987	ab00e8014d0173e9990087e926178cfb71d638e8010b62f5e882fa050f99789a	prefix_32_of_579	0x8f70318b	0xfed1df96	0xfbfb8b3c	0x58a4dcd6	-0xa356ae66	0x3a	0x3a
3129	0x787fe407836d	169	0x9af18	0x313e8f	0x314071	+0x1e2	dispatch	0xcdac7	169	0x9af18	0x162	0x1e8	0x9d	0xd4ff	0x99	0x3390	6201e8019d00ffd49900903337b623a8e5df73e8019798477690393ef22f9bcb	prefix_32_of_482	0xfed1df96	0x4ac60206	0x58a4dcd6	0x5ee7d2fb	+0x642f625	0x3a	0x3a
3130	0x787fe407836d	169	0x9af18	0x314071	0x3142df	+0x26e	dispatch	0xcdac7	310	0xb8556	0x162	0x1e8	0xa8	0x99	0xd4b6	0x9fd6	6201e801a8009900b6d4d69fbcef4e5f09e8011cb697d66ed299928e413a85b4	prefix_32_of_622	0x4ac60206	0x861eb185	0x5ee7d2fb	0xdf95e7f4	+0x80ae14f9	0x3a	0x3a
3131	0x787fe407836d	310	0xb8556	0x3142df	0x314522	+0x243	dispatch	0xcdac7	310	0xb8556	0x1e8	0xab	0xd7	0xa88	0xd888	0x227d	e801ab00d700880a88d87d220b07a29900b00ee801c9569798eedb0f85a424a2	prefix_32_of_579	0x861eb185	0x34a042ea	0xdf95e7f4	0x3ce04eeb	-0xa2b59909	0x3a	0x3a
3132	0x787fe407836d	310	0xb8556	0x314522	0x314704	+0x1e2	dispatch	0xcdac7	310	0xb8556	0x1e8	0x162	0xcb	0x9a07	0x7635	0x1ca1	e8016201cb00079a3576a11c1587d000e463e6e801744fab006005408141e30a	prefix_32_of_482	0x34a042ea	0xfcdeff37	0x3ce04eeb	0xfcd60600	+0xbff5b715	0x3a	0x3a
3133	0x787fe407836d	310	0xb8556	0x314704	0x314972	+0x26e	dispatch	0xcdac7	169	0x9af18	0x1e8	0x162	0x133	0x553a	0xc4b4	0x9913	e801620133013a55b4c41399000f9926d6e801b4c893293a145770293fba3bd7	prefix_32_of_622	0xfcdeff37	0xf8eeff37	0xfcd60600	0xf8e60910	-0x3effcf0	0x3a	0x3a
3134	0x787fe407836d	169	0x9af18	0x314972	0x314bb5	+0x243	dispatch	0xcdac7	310	0xb8556	0xab	0x1e8	0x133	0xd3a	0x17b0	0x3590	ab00e80133013a0db017903576da52830d9d9ee801174b3aac16ab007e67bbcf	prefix_32_of_579	0xf8eeff37	0x62662dfb	0xf8e60910	0xbffcca14	-0x38e93efc	0x3a	0x3a
3135	0x787fe407836d	310	0xb8556	0x314bb5	0x314d97	+0x1e2	dispatch	0xcdac7	169	0x9af18	0x1e8	0xa5	0x154	0xec4	0x99	0xdaa	e801a5005401c40e9900aa0d3e77f80828c29ae801209b1de1b283cc41d0003c	prefix_32_of_482	0x62662dfb	0xfadf7f2d	0xbffcca14	0xf21b0800	+0x321e3dec	0x3a	0x3a
3136	0x787fe407836d	169	0x9af18	0x314d97	0x315005	+0x26e	dispatch	0xcdac7	310	0xb8556	0x162	0x1e8	0x154	0x1334	0x99	0x1060	6201e80154013413990060103a1468c6d70e38e801880ac47c15400b7ef3eb03	prefix_32_of_622	0xfadf7f2d	0xe34473c6	0xf21b0800	0xe74477c6	-0xad6903a	0x3a	0x3a
3137	0x787fe407836d	310	0xb8556	0x315005	0x31522f	+0x22a	dispatch	0xcdac7	310	0xb8556	0x1e8	0xab	0x2b	0x7ded	0x99	0x9d3a	e801ab002b00ed7d99003a9daf99001ceee5a3e801abfa76d8093db434706b58	prefix_32_of_554	0xe34473c6	0x69b0303a	0xe74477c6	0x69145e5a	-0x7e30196c	0x3a	0x3a
3138	0x787fe407836d	310	0xb8556	0x31522f	0x315486	+0x257	dispatch	0xcdac7	169	0x9af18	0x1e8	0xab	0xc7	0x4f47	0x2c3a	0xae89	e801ab00c700474f3a2c89ae01349650eb981ae801bbffdce71f77f3025db1c8	prefix_32_of_599	0x69b0303a	0x841ab3c5	0x69145e5a	0x841ab3c5	+0x1b06556b	0x3a	0x3a
3139	0x787fe407836d	169	0x9af18	0x315486	0x3156ca	+0x244	dispatch	0xcdac7	169	0x9af18	0xa5	0x1e8	0x12	0x620	0xdc3a	0xfca3	a500e801120020063adca3fce00d85dd41f69ae801e0a76a83e8bb0003922025	prefix_32_of_580	0x841ab3c5	0xf613f930	0x841ab3c5	0x3ffce85e	-0x441dcb67	0x3a	0x3a
3140	0x787fe407836d	169	0x9af18	0x3156ca	0x315969	+0x29f	dispatch	0xcdac7	169	0x9af18	0xab	0x1e8	0x9d	0xcf07	0x99	0xf9a4	ab00e8019d0007cf9900a4f90133438c86ac48e801f3e7ab00737721d5bfd52a	prefix_32_of_671	0xf613f930	0x2ab32381	0x3ffce85e	0x2af72783	-0x1505c0db	0x3a	0x3a
3141	0x787fe407836d	169	0x9af18	0x315969	0x315bbf	+0x256	dispatch	0xcdac7	169	0x9af18	0xab	0x1e8	0x129	0x1e31	0x8ee1	0x6ea2	ab00e8012901311ee18ea26eeb88cf9ecf06bee8010aaba3094961d69865e9dc	prefix_32_of_598	0x2ab32381	0x6e5d9892	0x2af72783	0x4000d60c	+0x1509ae89	0x3a	0x3a
3142	0x787fe407836d	169	0x9af18	0x315bbf	0x310ca5	-0x4f1a	dispatch	0xcdac7	310	0xb8556	0xab	0x1e8	0x10c	0x1c4a	0x63e6	0x5af	ab00e8010c014a1ce663af053cd2e4092be80199f5de2fb4dd1429a30a54917a	backedge_sample	0x6e5d9892	0x148226cc	0x4000d60c	0xffaffb65	+0xbfaf2559	0x3a	0x3a
3143	0x787fe407836d	310	0xb8556	0x310ca5	0x310ef0	+0x24b	dispatch	0xcdac7	310	0xb8556	0x1e8	0xa5	0xcb	0x9ebf	0x7635	0x390	e801a500cb00bf9e35769003042ba8fcee6d9ce801f7d8ab009003dc5941168f	prefix_32_of_587	0x148226cc	0x14100010	0xffaffb65	0x3f0612b2	-0xc0a9e8b3	0x3a	0x3a
3144	0x787fe407836d	310	0xb8556	0x310ef0	0x311163	+0x273	dispatch	0xcdac7	169	0x9af18	0x1e8	0x162	0x154	0xf7c	0x99	0x92e7	e801620154017c0f9900e792dc1375ac08b602e801bf8c2f019289f5a0fa7e69	prefix_32_of_627	0x14100010	0xc83095f0	0x3f0612b2	0x400110fe	+0xfafe4c	0x3a	0x3a
3145	0x787fe407836d	169	0x9af18	0x311163	0x3113a5	+0x242	dispatch	0xcdac7	169	0x9af18	0xa5	0x1e8	0x10c	0x1c4a	0x67ae	0x6b6	a500e8010c014a1cae67b6063aa56428d9e80129f1186774139007d64940f679	prefix_32_of_578	0xc83095f0	0x7adeff2e	0x400110fe	0x78de0800	+0x38dcf702	0x3a	0x3a
3146	0x787fe407836d	169	0x9af18	0x3113a5	0x3115e7	+0x242	dispatch	0xcdac7	310	0xb8556	0x162	0x1e8	0xbd	0x99	0xe914	0x26e8	6201e801bd00990014e9e826ba56639900de34e8017709ab00041dab006485b4	prefix_32_of_578	0x7adeff2e	0x2948	0x78de0800	0x2948	-0x78dddeb8	0x3a	0x3a
3147	0x787fe407836d	310	0xb8556	0x3115e7	0x311829	+0x242	dispatch	0xcdac7	169	0x9af18	0x1e8	0xa5	0x9d	0xd56f	0x99	0xad8	e801a5009d006fd59900d80a53f58761012fcee8011603b240666e6e27e60d3a	prefix_32_of_578	0x2948	0x3acddfde	0x2948	0x585c5c02	+0x585c32ba	0x3a	0x3a
3148	0x787fe407836d	169	0x9af18	0x311829	0x311a6b	+0x242	dispatch	0xcdac7	169	0x9af18	0xab	0x1e8	0x151	0x94f0	0x99	0xfcec	ab00e8015101f0949900ecfc8b0cd809e4e80111f8d746656b7dce813884ab00	prefix_32_of_578	0x3acddfde	0xef1b287	0x585c5c02	0x69145f5a	+0x10b80358	0x3a	0x3a
3149	0x787fe407836d	169	0x9af18	0x311a6b	0x311cad	+0x242	dispatch	0xcdac7	310	0xb8556	0xa5	0x1e8	0x72	0x64cb	0xac8c	0x620	a500e8017200cb648cac200648efdaf5e0bf18e8015f2dab001a531a84d8ab00	prefix_32_of_578	0xef1b287	0x524c03c5	0x69145f5a	0x7df7dfda	+0x14e38080	0x3a	0x3a
3150	0x787fe407836d	310	0xb8556	0x311cad	0x311f69	+0x2bc	dispatch	0xcdac7	310	0xb8556	0x1e8	0xa5	0x10c	0x1c4a	0x6c86	0x7438	e801a5000c014a1c866c38749900ba703aa3e6e801859db8ec9f9147b7bebdaa	prefix_32_of_700	0x524c03c5	0x8e78f1da	0x7df7dfda	0xeb377ffe	+0x6d3fa024	0x3a	0x3a
3151	0x787fe407836d	310	0xb8556	0x311f69	0x31223a	+0x2d1	dispatch	0xcdac7	310	0xb8556	0x1e8	0xa5	0x14d	0xe523	0x99	0xe367	e801a5004d0123e5990067e332d17995c6459ee801880a70a4781ff2ff90977e	prefix_32_of_721	0x8e78f1da	0x8e4e0de5	0xeb377ffe	0x7bd7fefb	-0x6f5f8103	0x3a	0x3a
3152	0x787fe407836d	310	0xb8556	0x31223a	0x312464	+0x22a	dispatch	0xcdac7	169	0x9af18	0x1e8	0xab	0x151	0x9568	0x99	0xae47	e801ab0051016895990047ae9900f3a03a2e3ae801d80a443786cf06c648acd7	prefix_32_of_554	0x8e4e0de5	0x347541db	0x7bd7fefb	0x69945ffa	-0x12439f01	0x3a	0x3a
3153	0x787fe407836d	169	0x9af18	0x312464	0x31268e	+0x22a	dispatch	0xcdac7	310	0xb8556	0xab	0x1e8	0x42	0x97f9	0x8b3a	0x99da	ab00e8014200f9973a8bda99009a299900e801e4734b803a09b993007451ab00	prefix_32_of_554	0x347541db	0x5675bb90	0x69945ffa	0xffc76ef9	+0x96330eff	0x3a	0x3a
3154	0x787fe407836d	310	0xb8556	0x31268e	0x312868	+0x1da	dispatch	0xcdac7	169	0x9af18	0x1e8	0x162	0x10c	0x1c4a	0x6576	0x4392	e80162010c014a1c76659243358b8809c82954e8014c0cab0058019c10f7f483	prefix_32_of_474	0x5675bb90	0x221c12	0xffc76ef9	0x3f06a742	-0xc0c0c7b7	0x3a	0x3a
3155	0x787fe407836d	169	0x9af18	0x312868	0x312aee	+0x286	dispatch	0xcdac7	169	0x9af18	0xab	0x1e8	0x12	0x5e8	0xae3a	0xb4a5	ab00e8011200e8053aaea5b4a2606756d86000e801d80a90778a7301aa4f8cd8	prefix_32_of_646	0x221c12	0x8e3c0ca2	0x3f06a742	0x6f95fefa	+0x308f57b8	0x3a	0x3a
3156	0x787fe407836d	169	0x9af18	0x312aee	0x312cd0	+0x1e2	dispatch	0xcdac7	169	0x9af18	0x162	0x1e8	0x9d	0xd4ff	0x99	0x3810	6201e8019d00ffd499001038377504acaadc9ee80188acfa117cde3f9f9f57fa	prefix_32_of_482	0x8e3c0ca2	0xfbf79ddb	0x6f95fefa	0xf9f3eb74	+0x8a5dec7a	0x3a	0x3a
3157	0x787fe407836d	169	0x9af18	0x312cd0	0x312f26	+0x256	dispatch	0xcdac7	310	0xb8556	0x162	0x1e8	0xbd	0x99	0xe964	0x860	6201e801bd00990064e96008f0890e712b581de8014b1ac6d48406bceffeed89	prefix_32_of_598	0xfbf79ddb	0x4b8eb2de	0xf9f3eb74	0x7b1c5e5e	-0x7ed78d16	0x3a	0x3a
3158	0x787fe407836d	310	0xb8556	0x312f26	0x313169	+0x243	dispatch	0xcdac7	310	0xb8556	0x1e8	0x162	0xb9	0xa483	0x543a	0xcd68	e8016201b90083a43a5468cdd0817305599acde80104b48b0ce80544a5607c99	prefix_32_of_579	0x4b8eb2de	0x7afe7fef	0x7b1c5e5e	0x727e02a8	-0x89e5bb6	0x3a	0x3a
3159	0x787fe407836d	310	0xb8556	0x313169	0x31334b	+0x1e2	dispatch	0xcdac7	169	0x9af18	0x1e8	0xa5	0x151	0x99e0	0x99	0x2580	e801a5005101e09999008025faf2b3bb03cc5ae801979b477a218516bad00004	prefix_32_of_482	0x7afe7fef	0xce4d8465	0x727e02a8	0x7f3e7f7b	+0xcc07cd3	0x3a	0x3a
3160	0x787fe407836d	169	0x9af18	0x31334b	0x3135b9	+0x26e	dispatch	0xcdac7	169	0x9af18	0xa5	0x1e8	0x40	0xa81d	0x99	0x620	a500e80140001da899002006e89ff41597541ce801ab9e2ac633af3ada4c1da9	prefix_32_of_622	0xce4d8465	0xc917a90d	0x7f3e7f7b	0xc917a90d	+0x49d92992	0x3a	0x3a
3161	0x787fe407836d	169	0x9af18	0x3135b9	0x3137fc	+0x243	dispatch	0xcdac7	310	0xb8556	0x162	0x1e8	0x40	0xa2bd	0x99	0x1b17	6201e8014000bda29900171bab6f0801d4e8014ab2d76ef4e32006be862314d7	prefix_32_of_579	0xc917a90d	0x8df97560	0xc917a90d	0x694cb90f	-0x5fcaeffe	0x3a	0x3a
3162	0x787fe407836d	310	0xb8556	0x3137fc	0x3139de	+0x1e2	dispatch	0xcdac7	310	0xb8556	0x1e8	0x162	0xa8	0x99	0xd0ce	0x339a	e8016201a8009900ced09a331c968809df4913e8013e1db47be2ab00a9a94eef	prefix_32_of_482	0x8df97560	0x4a612e32	0x694cb90f	0x5f8f8af3	-0x9bd2e1c	0x3a	0x3a
3163	0x787fe407836d	310	0xb8556	0x3139de	0x313c4c	+0x26e	dispatch	0xcdac7	169	0x9af18	0x1e8	0xa5	0x154	0x12ac	0x99	0x6160	e801a5005401ac12990060615dd8ca85aa86fae801e80522b455bce3a77dd306	prefix_32_of_622	0x4a612e32	0x8f70318b	0x5f8f8af3	0xfbfb8b3c	+0x9c6c0049	0x3a	0x3a
3164	0x787fe407836d	169	0x9af18	0x313c4c	0x313e8f	+0x243	dispatch	0xcdac7	169	0x9af18	0xab	0x1e8	0x14d	0xe973	0x99	0xe987	ab00e8014d0173e9990087e926178cfb71d638e8010b62f5e882fa050f99789a	prefix_32_of_579	0x8f70318b	0xfed1df96	0xfbfb8b3c	0x58a4dcd6	-0xa356ae66	0x3a	0x3a
3165	0x787fe407836d	169	0x9af18	0x313e8f	0x314071	+0x1e2	dispatch	0xcdac7	169	0x9af18	0x162	0x1e8	0x9d	0xd4ff	0x99	0x3390	6201e8019d00ffd49900903337b623a8e5df73e8019798477690393ef22f9bcb	prefix_32_of_482	0xfed1df96	0x4ac60206	0x58a4dcd6	0x5ee7d2fb	+0x642f625	0x3a	0x3a
3166	0x787fe407836d	169	0x9af18	0x314071	0x3142df	+0x26e	dispatch	0xcdac7	310	0xb8556	0x162	0x1e8	0xa8	0x99	0xd4b6	0x9fd6	6201e801a8009900b6d4d69fbcef4e5f09e8011cb697d66ed299928e413a85b4	prefix_32_of_622	0x4ac60206	0x861eb185	0x5ee7d2fb	0xdf95e7f4	+0x80ae14f9	0x3a	0x3a
3167	0x787fe407836d	310	0xb8556	0x3142df	0x314522	+0x243	dispatch	0xcdac7	310	0xb8556	0x1e8	0xab	0xd7	0xa88	0xd888	0x227d	e801ab00d700880a88d87d220b07a29900b00ee801c9569798eedb0f85a424a2	prefix_32_of_579	0x861eb185	0x34a042ea	0xdf95e7f4	0x3ce04eeb	-0xa2b59909	0x3a	0x3a
3168	0x787fe407836d	310	0xb8556	0x314522	0x314704	+0x1e2	dispatch	0xcdac7	310	0xb8556	0x1e8	0x162	0xcb	0x9a07	0x7635	0x1ca1	e8016201cb00079a3576a11c1587d000e463e6e801744fab006005408141e30a	prefix_32_of_482	0x34a042ea	0xfcdeff37	0x3ce04eeb	0xfcd60600	+0xbff5b715	0x3a	0x3a
3169	0x787fe407836d	310	0xb8556	0x314704	0x314972	+0x26e	dispatch	0xcdac7	169	0x9af18	0x1e8	0x162	0x133	0x553a	0xc4b4	0x9913	e801620133013a55b4c41399000f9926d6e801b4c893293a145770293fba3bd7	prefix_32_of_622	0xfcdeff37	0xf8eeff37	0xfcd60600	0xf8e60910	-0x3effcf0	0x3a	0x3a
3170	0x787fe407836d	169	0x9af18	0x314972	0x314bb5	+0x243	dispatch	0xcdac7	310	0xb8556	0xab	0x1e8	0x133	0xd3a	0x17b0	0x3590	ab00e80133013a0db017903576da52830d9d9ee801174b3aac16ab007e67bbcf	prefix_32_of_579	0xf8eeff37	0x62662dfb	0xf8e60910	0xbffcca14	-0x38e93efc	0x3a	0x3a
3171	0x787fe407836d	310	0xb8556	0x314bb5	0x314d97	+0x1e2	dispatch	0xcdac7	169	0x9af18	0x1e8	0xa5	0x154	0xec4	0x99	0xdaa	e801a5005401c40e9900aa0d3e77f80828c29ae801209b1de1b283cc41d0003c	prefix_32_of_482	0x62662dfb	0xfadf7f2d	0xbffcca14	0xf21b0800	+0x321e3dec	0x3a	0x3a
3172	0x787fe407836d	169	0x9af18	0x314d97	0x315005	+0x26e	dispatch	0xcdac7	310	0xb8556	0x162	0x1e8	0x154	0x1334	0x99	0x1060	6201e80154013413990060103a1468c6d70e38e801880ac47c15400b7ef3eb03	prefix_32_of_622	0xfadf7f2d	0xe34473c6	0xf21b0800	0xe74477c6	-0xad6903a	0x3a	0x3a
3173	0x787fe407836d	310	0xb8556	0x315005	0x31522f	+0x22a	dispatch	0xcdac7	310	0xb8556	0x1e8	0xab	0x2b	0x7ded	0x99	0x9d3a	e801ab002b00ed7d99003a9daf99001ceee5a3e801abfa76d8093db434706b58	prefix_32_of_554	0xe34473c6	0x69b0303a	0xe74477c6	0x69145e5a	-0x7e30196c	0x3a	0x3a
3174	0x787fe407836d	310	0xb8556	0x31522f	0x315486	+0x257	dispatch	0xcdac7	169	0x9af18	0x1e8	0xab	0xc7	0x4f47	0x2c3a	0xae89	e801ab00c700474f3a2c89ae01349650eb981ae801bbffdce71f77f3025db1c8	prefix_32_of_599	0x69b0303a	0x841ab3c5	0x69145e5a	0x841ab3c5	+0x1b06556b	0x3a	0x3a
3175	0x787fe407836d	169	0x9af18	0x315486	0x3156ca	+0x244	dispatch	0xcdac7	169	0x9af18	0xa5	0x1e8	0x12	0x620	0xdc3a	0xfca3	a500e801120020063adca3fce00d85dd41f69ae801e0a76a83e8bb0003922025	prefix_32_of_580	0x841ab3c5	0xf613f930	0x841ab3c5	0x3ffce85e	-0x441dcb67	0x3a	0x3a
3176	0x787fe407836d	169	0x9af18	0x3156ca	0x315969	+0x29f	dispatch	0xcdac7	169	0x9af18	0xab	0x1e8	0x9d	0xcf07	0x99	0xf9a4	ab00e8019d0007cf9900a4f90133438c86ac48e801f3e7ab00737721d5bfd52a	prefix_32_of_671	0xf613f930	0x2ab32381	0x3ffce85e	0x2af72783	-0x1505c0db	0x3a	0x3a
3177	0x787fe407836d	169	0x9af18	0x315969	0x315bbf	+0x256	dispatch	0xcdac7	169	0x9af18	0xab	0x1e8	0x129	0x1e31	0x8ee1	0x6ea2	ab00e8012901311ee18ea26eeb88cf9ecf06bee8010aaba3094961d69865e9dc	prefix_32_of_598	0x2ab32381	0x6e5d9892	0x2af72783	0x4000d60c	+0x1509ae89	0x3a	0x3a
3178	0x787fe407836d	169	0x9af18	0x315bbf	0x310ca5	-0x4f1a	dispatch	0xcdac7	310	0xb8556	0xab	0x1e8	0x10c	0x1c4a	0x63e6	0x5af	ab00e8010c014a1ce663af053cd2e4092be80199f5de2fb4dd1429a30a54917a	backedge_sample	0x6e5d9892	0x148226cc	0x4000d60c	0xffaffb65	+0xbfaf2559	0x3a	0x3a
3179	0x787fe407836d	310	0xb8556	0x310ca5	0x310ef0	+0x24b	dispatch	0xcdac7	310	0xb8556	0x1e8	0xa5	0xcb	0x9ebf	0x7635	0x390	e801a500cb00bf9e35769003042ba8fcee6d9ce801f7d8ab009003dc5941168f	prefix_32_of_587	0x148226cc	0x14100010	0xffaffb65	0x3f0612b2	-0xc0a9e8b3	0x3a	0x3a
3180	0x787fe407836d	310	0xb8556	0x310ef0	0x311163	+0x273	dispatch	0xcdac7	169	0x9af18	0x1e8	0x162	0x154	0xf7c	0x99	0x92e7	e801620154017c0f9900e792dc1375ac08b602e801bf8c2f019289f5a0fa7e69	prefix_32_of_627	0x14100010	0xc83095f0	0x3f0612b2	0x400110fe	+0xfafe4c	0x3a	0x3a
3181	0x787fe407836d	169	0x9af18	0x311163	0x3113a5	+0x242	dispatch	0xcdac7	169	0x9af18	0xa5	0x1e8	0x10c	0x1c4a	0x67ae	0x6b6	a500e8010c014a1cae67b6063aa56428d9e80129f1186774139007d64940f679	prefix_32_of_578	0xc83095f0	0x7adeff2e	0x400110fe	0x78de0800	+0x38dcf702	0x3a	0x3a
3182	0x787fe407836d	169	0x9af18	0x3113a5	0x3115e7	+0x242	dispatch	0xcdac7	310	0xb8556	0x162	0x1e8	0xbd	0x99	0xe914	0x26e8	6201e801bd00990014e9e826ba56639900de34e8017709ab00041dab006485b4	prefix_32_of_578	0x7adeff2e	0x2948	0x78de0800	0x2948	-0x78dddeb8	0x3a	0x3a
3183	0x787fe407836d	310	0xb8556	0x3115e7	0x311829	+0x242	dispatch	0xcdac7	169	0x9af18	0x1e8	0xa5	0x9d	0xd56f	0x99	0xad8	e801a5009d006fd59900d80a53f58761012fcee8011603b240666e6e27e60d3a	prefix_32_of_578	0x2948	0x3acddfde	0x2948	0x585c5c02	+0x585c32ba	0x3a	0x3a
3184	0x787fe407836d	169	0x9af18	0x311829	0x311a6b	+0x242	dispatch	0xcdac7	169	0x9af18	0xab	0x1e8	0x151	0x94f0	0x99	0xfcec	ab00e8015101f0949900ecfc8b0cd809e4e80111f8d746656b7dce813884ab00	prefix_32_of_578	0x3acddfde	0xef1b287	0x585c5c02	0x69145f5a	+0x10b80358	0x3a	0x3a
3185	0x787fe407836d	169	0x9af18	0x311a6b	0x311cad	+0x242	dispatch	0xcdac7	310	0xb8556	0xa5	0x1e8	0x72	0x64cb	0xac8c	0x620	a500e8017200cb648cac200648efdaf5e0bf18e8015f2dab001a531a84d8ab00	prefix_32_of_578	0xef1b287	0x524c03c5	0x69145f5a	0x7df7dfda	+0x14e38080	0x3a	0x3a
3186	0x787fe407836d	310	0xb8556	0x311cad	0x311f69	+0x2bc	dispatch	0xcdac7	310	0xb8556	0x1e8	0xa5	0x10c	0x1c4a	0x6c86	0x7438	e801a5000c014a1c866c38749900ba703aa3e6e801859db8ec9f9147b7bebdaa	prefix_32_of_700	0x524c03c5	0x8e78f1da	0x7df7dfda	0xeb377ffe	+0x6d3fa024	0x3a	0x3a
3187	0x787fe407836d	310	0xb8556	0x311f69	0x31223a	+0x2d1	dispatch	0xcdac7	310	0xb8556	0x1e8	0xa5	0x14d	0xe523	0x99	0xe367	e801a5004d0123e5990067e332d17995c6459ee801880a70a4781ff2ff90977e	prefix_32_of_721	0x8e78f1da	0x8e4e0de5	0xeb377ffe	0x7bd7fefb	-0x6f5f8103	0x3a	0x3a
3188	0x787fe407836d	310	0xb8556	0x31223a	0x312464	+0x22a	dispatch	0xcdac7	169	0x9af18	0x1e8	0xab	0x151	0x9568	0x99	0xae47	e801ab0051016895990047ae9900f3a03a2e3ae801d80a443786cf06c648acd7	prefix_32_of_554	0x8e4e0de5	0x347541db	0x7bd7fefb	0x69945ffa	-0x12439f01	0x3a	0x3a
3189	0x787fe407836d	169	0x9af18	0x312464	0x31268e	+0x22a	dispatch	0xcdac7	310	0xb8556	0xab	0x1e8	0x42	0x97f9	0x8b3a	0x99da	ab00e8014200f9973a8bda99009a299900e801e4734b803a09b993007451ab00	prefix_32_of_554	0x347541db	0x5675bb90	0x69945ffa	0xffc76ef9	+0x96330eff	0x3a	0x3a
3190	0x787fe407836d	310	0xb8556	0x31268e	0x312868	+0x1da	dispatch	0xcdac7	169	0x9af18	0x1e8	0x162	0x10c	0x1c4a	0x6576	0x4392	e80162010c014a1c76659243358b8809c82954e8014c0cab0058019c10f7f483	prefix_32_of_474	0x5675bb90	0x221c12	0xffc76ef9	0x3f06a742	-0xc0c0c7b7	0x3a	0x3a
3191	0x787fe407836d	169	0x9af18	0x312868	0x312aee	+0x286	dispatch	0xcdac7	169	0x9af18	0xab	0x1e8	0x12	0x5e8	0xae3a	0xb4a5	ab00e8011200e8053aaea5b4a2606756d86000e801d80a90778a7301aa4f8cd8	prefix_32_of_646	0x221c12	0x8e3c0ca2	0x3f06a742	0x6f95fefa	+0x308f57b8	0x3a	0x3a
3192	0x787fe407836d	169	0x9af18	0x312aee	0x312cd0	+0x1e2	dispatch	0xcdac7	169	0x9af18	0x162	0x1e8	0x9d	0xd4ff	0x99	0x3810	6201e8019d00ffd499001038377504acaadc9ee80188acfa117cde3f9f9f57fa	prefix_32_of_482	0x8e3c0ca2	0xfbf79ddb	0x6f95fefa	0xf9f3eb74	+0x8a5dec7a	0x3a	0x3a
3193	0x787fe407836d	169	0x9af18	0x312cd0	0x312f26	+0x256	dispatch	0xcdac7	310	0xb8556	0x162	0x1e8	0xbd	0x99	0xe964	0x860	6201e801bd00990064e96008f0890e712b581de8014b1ac6d48406bceffeed89	prefix_32_of_598	0xfbf79ddb	0x4b8eb2de	0xf9f3eb74	0x7b1c5e5e	-0x7ed78d16	0x3a	0x3a
3194	0x787fe407836d	310	0xb8556	0x312f26	0x313169	+0x243	dispatch	0xcdac7	310	0xb8556	0x1e8	0x162	0xb9	0xa483	0x543a	0xcd68	e8016201b90083a43a5468cdd0817305599acde80104b48b0ce80544a5607c99	prefix_32_of_579	0x4b8eb2de	0x7afe7fef	0x7b1c5e5e	0x727e02a8	-0x89e5bb6	0x3a	0x3a
3195	0x787fe407836d	310	0xb8556	0x313169	0x31334b	+0x1e2	dispatch	0xcdac7	169	0x9af18	0x1e8	0xa5	0x151	0x99e0	0x99	0x2580	e801a5005101e09999008025faf2b3bb03cc5ae801979b477a218516bad00004	prefix_32_of_482	0x7afe7fef	0xce4d8465	0x727e02a8	0x7f3e7f7b	+0xcc07cd3	0x3a	0x3a
3196	0x787fe407836d	169	0x9af18	0x31334b	0x3135b9	+0x26e	dispatch	0xcdac7	169	0x9af18	0xa5	0x1e8	0x40	0xa81d	0x99	0x620	a500e80140001da899002006e89ff41597541ce801ab9e2ac633af3ada4c1da9	prefix_32_of_622	0xce4d8465	0xc917a90d	0x7f3e7f7b	0xc917a90d	+0x49d92992	0x3a	0x3a
3197	0x787fe407836d	169	0x9af18	0x3135b9	0x3137fc	+0x243	dispatch	0xcdac7	310	0xb8556	0x162	0x1e8	0x40	0xa2bd	0x99	0x1b17	6201e8014000bda29900171bab6f0801d4e8014ab2d76ef4e32006be862314d7	prefix_32_of_579	0xc917a90d	0x8df97560	0xc917a90d	0x694cb90f	-0x5fcaeffe	0x3a	0x3a
3198	0x787fe407836d	310	0xb8556	0x3137fc	0x3139de	+0x1e2	dispatch	0xcdac7	310	0xb8556	0x1e8	0x162	0xa8	0x99	0xd0ce	0x339a	e8016201a8009900ced09a331c968809df4913e8013e1db47be2ab00a9a94eef	prefix_32_of_482	0x8df97560	0x4a612e32	0x694cb90f	0x5f8f8af3	-0x9bd2e1c	0x3a	0x3a
3199	0x787fe407836d	310	0xb8556	0x3139de	0x313c4c	+0x26e	dispatch	0xcdac7	169	0x9af18	0x1e8	0xa5	0x154	0x12ac	0x99	0x6160	e801a5005401ac12990060615dd8ca85aa86fae801e80522b455bce3a77dd306	prefix_32_of_622	0x4a612e32	0x8f70318b	0x5f8f8af3	0xfbfb8b3c	+0x9c6c0049	0x3a	0x3a
3200	0x787fe407836d	169	0x9af18	0x313c4c	0x313e8f	+0x243	dispatch	0xcdac7	169	0x9af18	0xab	0x1e8	0x14d	0xe973	0x99	0xe987	ab00e8014d0173e9990087e926178cfb71d638e8010b62f5e882fa050f99789a	prefix_32_of_579	0x8f70318b	0xfed1df96	0xfbfb8b3c	0x58a4dcd6	-0xa356ae66	0x3a	0x3a
3201	0x787fe407836d	169	0x9af18	0x313e8f	0x314071	+0x1e2	dispatch	0xcdac7	169	0x9af18	0x162	0x1e8	0x9d	0xd4ff	0x99	0x3390	6201e8019d00ffd49900903337b623a8e5df73e8019798477690393ef22f9bcb	prefix_32_of_482	0xfed1df96	0x4ac60206	0x58a4dcd6	0x5ee7d2fb	+0x642f625	0x3a	0x3a
3202	0x787fe407836d	169	0x9af18	0x314071	0x3142df	+0x26e	dispatch	0xcdac7	310	0xb8556	0x162	0x1e8	0xa8	0x99	0xd4b6	0x9fd6	6201e801a8009900b6d4d69fbcef4e5f09e8011cb697d66ed299928e413a85b4	prefix_32_of_622	0x4ac60206	0x861eb185	0x5ee7d2fb	0xdf95e7f4	+0x80ae14f9	0x3a	0x3a
3203	0x787fe407836d	310	0xb8556	0x3142df	0x314522	+0x243	dispatch	0xcdac7	310	0xb8556	0x1e8	0xab	0xd7	0xa88	0xd888	0x227d	e801ab00d700880a88d87d220b07a29900b00ee801c9569798eedb0f85a424a2	prefix_32_of_579	0x861eb185	0x34a042ea	0xdf95e7f4	0x3ce04eeb	-0xa2b59909	0x3a	0x3a
3204	0x787fe407836d	310	0xb8556	0x314522	0x314704	+0x1e2	dispatch	0xcdac7	310	0xb8556	0x1e8	0x162	0xcb	0x9a07	0x7635	0x1ca1	e8016201cb00079a3576a11c1587d000e463e6e801744fab006005408141e30a	prefix_32_of_482	0x34a042ea	0xfcdeff37	0x3ce04eeb	0xfcd60600	+0xbff5b715	0x3a	0x3a
3205	0x787fe407836d	310	0xb8556	0x314704	0x314972	+0x26e	dispatch	0xcdac7	169	0x9af18	0x1e8	0x162	0x133	0x553a	0xc4b4	0x9913	e801620133013a55b4c41399000f9926d6e801b4c893293a145770293fba3bd7	prefix_32_of_622	0xfcdeff37	0xf8eeff37	0xfcd60600	0xf8e60910	-0x3effcf0	0x3a	0x3a
3206	0x787fe407836d	169	0x9af18	0x314972	0x314bb5	+0x243	dispatch	0xcdac7	310	0xb8556	0xab	0x1e8	0x133	0xd3a	0x17b0	0x3590	ab00e80133013a0db017903576da52830d9d9ee801174b3aac16ab007e67bbcf	prefix_32_of_579	0xf8eeff37	0x62662dfb	0xf8e60910	0xbffcca14	-0x38e93efc	0x3a	0x3a
3207	0x787fe407836d	310	0xb8556	0x314bb5	0x314d97	+0x1e2	dispatch	0xcdac7	169	0x9af18	0x1e8	0xa5	0x154	0xec4	0x99	0xdaa	e801a5005401c40e9900aa0d3e77f80828c29ae801209b1de1b283cc41d0003c	prefix_32_of_482	0x62662dfb	0xfadf7f2d	0xbffcca14	0xf21b0800	+0x321e3dec	0x3a	0x3a
3208	0x787fe407836d	169	0x9af18	0x314d97	0x315005	+0x26e	dispatch	0xcdac7	310	0xb8556	0x162	0x1e8	0x154	0x1334	0x99	0x1060	6201e80154013413990060103a1468c6d70e38e801880ac47c15400b7ef3eb03	prefix_32_of_622	0xfadf7f2d	0xe34473c6	0xf21b0800	0xe74477c6	-0xad6903a	0x3a	0x3a
3209	0x787fe407836d	310	0xb8556	0x315005	0x31522f	+0x22a	dispatch	0xcdac7	310	0xb8556	0x1e8	0xab	0x2b	0x7ded	0x99	0x9d3a	e801ab002b00ed7d99003a9daf99001ceee5a3e801abfa76d8093db434706b58	prefix_32_of_554	0xe34473c6	0x69b0303a	0xe74477c6	0x69145e5a	-0x7e30196c	0x3a	0x3a
3210	0x787fe407836d	310	0xb8556	0x31522f	0x315486	+0x257	dispatch	0xcdac7	169	0x9af18	0x1e8	0xab	0xc7	0x4f47	0x2c3a	0xae89	e801ab00c700474f3a2c89ae01349650eb981ae801bbffdce71f77f3025db1c8	prefix_32_of_599	0x69b0303a	0x841ab3c5	0x69145e5a	0x841ab3c5	+0x1b06556b	0x3a	0x3a
3211	0x787fe407836d	169	0x9af18	0x315486	0x3156ca	+0x244	dispatch	0xcdac7	169	0x9af18	0xa5	0x1e8	0x12	0x620	0xdc3a	0xfca3	a500e801120020063adca3fce00d85dd41f69ae801e0a76a83e8bb0003922025	prefix_32_of_580	0x841ab3c5	0xf613f930	0x841ab3c5	0x3ffce85e	-0x441dcb67	0x3a	0x3a
3212	0x787fe407836d	169	0x9af18	0x3156ca	0x315969	+0x29f	dispatch	0xcdac7	169	0x9af18	0xab	0x1e8	0x9d	0xcf07	0x99	0xf9a4	ab00e8019d0007cf9900a4f90133438c86ac48e801f3e7ab00737721d5bfd52a	prefix_32_of_671	0xf613f930	0x2ab32381	0x3ffce85e	0x2af72783	-0x1505c0db	0x3a	0x3a
3213	0x787fe407836d	169	0x9af18	0x315969	0x315bbf	+0x256	dispatch	0xcdac7	169	0x9af18	0xab	0x1e8	0x129	0x1e31	0x8ee1	0x6ea2	ab00e8012901311ee18ea26eeb88cf9ecf06bee8010aaba3094961d69865e9dc	prefix_32_of_598	0x2ab32381	0x6e5d9892	0x2af72783	0x4000d60c	+0x1509ae89	0x3a	0x3a
3214	0x787fe407836d	169	0x9af18	0x315bbf	0x310ca5	-0x4f1a	dispatch	0xcdac7	310	0xb8556	0xab	0x1e8	0x10c	0x1c4a	0x63e6	0x5af	ab00e8010c014a1ce663af053cd2e4092be80199f5de2fb4dd1429a30a54917a	backedge_sample	0x6e5d9892	0x148226cc	0x4000d60c	0xffaffb65	+0xbfaf2559	0x3a	0x3a
3215	0x787fe407836d	310	0xb8556	0x310ca5	0x310ef0	+0x24b	dispatch	0xcdac7	310	0xb8556	0x1e8	0xa5	0xcb	0x9ebf	0x7635	0x390	e801a500cb00bf9e35769003042ba8fcee6d9ce801f7d8ab009003dc5941168f	prefix_32_of_587	0x148226cc	0x14100010	0xffaffb65	0x3f0612b2	-0xc0a9e8b3	0x3a	0x3a
3216	0x787fe407836d	310	0xb8556	0x310ef0	0x311163	+0x273	dispatch	0xcdac7	169	0x9af18	0x1e8	0x162	0x154	0xf7c	0x99	0x92e7	e801620154017c0f9900e792dc1375ac08b602e801bf8c2f019289f5a0fa7e69	prefix_32_of_627	0x14100010	0xc83095f0	0x3f0612b2	0x400110fe	+0xfafe4c	0x3a	0x3a
3217	0x787fe407836d	169	0x9af18	0x311163	0x3113a5	+0x242	dispatch	0xcdac7	169	0x9af18	0xa5	0x1e8	0x10c	0x1c4a	0x67ae	0x6b6	a500e8010c014a1cae67b6063aa56428d9e80129f1186774139007d64940f679	prefix_32_of_578	0xc83095f0	0x7adeff2e	0x400110fe	0x78de0800	+0x38dcf702	0x3a	0x3a
3218	0x787fe407836d	169	0x9af18	0x3113a5	0x3115e7	+0x242	dispatch	0xcdac7	310	0xb8556	0x162	0x1e8	0xbd	0x99	0xe914	0x26e8	6201e801bd00990014e9e826ba56639900de34e8017709ab00041dab006485b4	prefix_32_of_578	0x7adeff2e	0x2948	0x78de0800	0x2948	-0x78dddeb8	0x3a	0x3a
3219	0x787fe407836d	310	0xb8556	0x3115e7	0x311829	+0x242	dispatch	0xcdac7	169	0x9af18	0x1e8	0xa5	0x9d	0xd56f	0x99	0xad8	e801a5009d006fd59900d80a53f58761012fcee8011603b240666e6e27e60d3a	prefix_32_of_578	0x2948	0x3acddfde	0x2948	0x585c5c02	+0x585c32ba	0x3a	0x3a
3220	0x787fe407836d	169	0x9af18	0x311829	0x311a6b	+0x242	dispatch	0xcdac7	169	0x9af18	0xab	0x1e8	0x151	0x94f0	0x99	0xfcec	ab00e8015101f0949900ecfc8b0cd809e4e80111f8d746656b7dce813884ab00	prefix_32_of_578	0x3acddfde	0xef1b287	0x585c5c02	0x69145f5a	+0x10b80358	0x3a	0x3a
3221	0x787fe407836d	169	0x9af18	0x311a6b	0x311cad	+0x242	dispatch	0xcdac7	310	0xb8556	0xa5	0x1e8	0x72	0x64cb	0xac8c	0x620	a500e8017200cb648cac200648efdaf5e0bf18e8015f2dab001a531a84d8ab00	prefix_32_of_578	0xef1b287	0x524c03c5	0x69145f5a	0x7df7dfda	+0x14e38080	0x3a	0x3a
3222	0x787fe407836d	310	0xb8556	0x311cad	0x311f69	+0x2bc	dispatch	0xcdac7	310	0xb8556	0x1e8	0xa5	0x10c	0x1c4a	0x6c86	0x7438	e801a5000c014a1c866c38749900ba703aa3e6e801859db8ec9f9147b7bebdaa	prefix_32_of_700	0x524c03c5	0x8e78f1da	0x7df7dfda	0xeb377ffe	+0x6d3fa024	0x3a	0x3a
3223	0x787fe407836d	310	0xb8556	0x311f69	0x31223a	+0x2d1	dispatch	0xcdac7	310	0xb8556	0x1e8	0xa5	0x14d	0xe523	0x99	0xe367	e801a5004d0123e5990067e332d17995c6459ee801880a70a4781ff2ff90977e	prefix_32_of_721	0x8e78f1da	0x8e4e0de5	0xeb377ffe	0x7bd7fefb	-0x6f5f8103	0x3a	0x3a
3224	0x787fe407836d	310	0xb8556	0x31223a	0x312464	+0x22a	dispatch	0xcdac7	169	0x9af18	0x1e8	0xab	0x151	0x9568	0x99	0xae47	e801ab0051016895990047ae9900f3a03a2e3ae801d80a443786cf06c648acd7	prefix_32_of_554	0x8e4e0de5	0x347541db	0x7bd7fefb	0x69945ffa	-0x12439f01	0x3a	0x3a
3225	0x787fe407836d	169	0x9af18	0x312464	0x31268e	+0x22a	dispatch	0xcdac7	310	0xb8556	0xab	0x1e8	0x42	0x97f9	0x8b3a	0x99da	ab00e8014200f9973a8bda99009a299900e801e4734b803a09b993007451ab00	prefix_32_of_554	0x347541db	0x5675bb90	0x69945ffa	0xffc76ef9	+0x96330eff	0x3a	0x3a
3226	0x787fe407836d	310	0xb8556	0x31268e	0x312868	+0x1da	dispatch	0xcdac7	169	0x9af18	0x1e8	0x162	0x10c	0x1c4a	0x6576	0x4392	e80162010c014a1c76659243358b8809c82954e8014c0cab0058019c10f7f483	prefix_32_of_474	0x5675bb90	0x221c12	0xffc76ef9	0x3f06a742	-0xc0c0c7b7	0x3a	0x3a
3227	0x787fe407836d	169	0x9af18	0x312868	0x312aee	+0x286	dispatch	0xcdac7	169	0x9af18	0xab	0x1e8	0x12	0x5e8	0xae3a	0xb4a5	ab00e8011200e8053aaea5b4a2606756d86000e801d80a90778a7301aa4f8cd8	prefix_32_of_646	0x221c12	0x8e3c0ca2	0x3f06a742	0x6f95fefa	+0x308f57b8	0x3a	0x3a
3228	0x787fe407836d	169	0x9af18	0x312aee	0x312cd0	+0x1e2	dispatch	0xcdac7	169	0x9af18	0x162	0x1e8	0x9d	0xd4ff	0x99	0x3810	6201e8019d00ffd499001038377504acaadc9ee80188acfa117cde3f9f9f57fa	prefix_32_of_482	0x8e3c0ca2	0xfbf79ddb	0x6f95fefa	0xf9f3eb74	+0x8a5dec7a	0x3a	0x3a
3229	0x787fe407836d	169	0x9af18	0x312cd0	0x312f26	+0x256	dispatch	0xcdac7	310	0xb8556	0x162	0x1e8	0xbd	0x99	0xe964	0x860	6201e801bd00990064e96008f0890e712b581de8014b1ac6d48406bceffeed89	prefix_32_of_598	0xfbf79ddb	0x4b8eb2de	0xf9f3eb74	0x7b1c5e5e	-0x7ed78d16	0x3a	0x3a
3230	0x787fe407836d	310	0xb8556	0x312f26	0x313169	+0x243	dispatch	0xcdac7	310	0xb8556	0x1e8	0x162	0xb9	0xa483	0x543a	0xcd68	e8016201b90083a43a5468cdd0817305599acde80104b48b0ce80544a5607c99	prefix_32_of_579	0x4b8eb2de	0x7afe7fef	0x7b1c5e5e	0x727e02a8	-0x89e5bb6	0x3a	0x3a
3231	0x787fe407836d	310	0xb8556	0x313169	0x31334b	+0x1e2	dispatch	0xcdac7	169	0x9af18	0x1e8	0xa5	0x151	0x99e0	0x99	0x2580	e801a5005101e09999008025faf2b3bb03cc5ae801979b477a218516bad00004	prefix_32_of_482	0x7afe7fef	0xce4d8465	0x727e02a8	0x7f3e7f7b	+0xcc07cd3	0x3a	0x3a
3232	0x787fe407836d	169	0x9af18	0x31334b	0x3135b9	+0x26e	dispatch	0xcdac7	169	0x9af18	0xa5	0x1e8	0x40	0xa81d	0x99	0x620	a500e80140001da899002006e89ff41597541ce801ab9e2ac633af3ada4c1da9	prefix_32_of_622	0xce4d8465	0xc917a90d	0x7f3e7f7b	0xc917a90d	+0x49d92992	0x3a	0x3a
3233	0x787fe407836d	169	0x9af18	0x3135b9	0x3137fc	+0x243	dispatch	0xcdac7	310	0xb8556	0x162	0x1e8	0x40	0xa2bd	0x99	0x1b17	6201e8014000bda29900171bab6f0801d4e8014ab2d76ef4e32006be862314d7	prefix_32_of_579	0xc917a90d	0x8df97560	0xc917a90d	0x694cb90f	-0x5fcaeffe	0x3a	0x3a
3234	0x787fe407836d	310	0xb8556	0x3137fc	0x3139de	+0x1e2	dispatch	0xcdac7	310	0xb8556	0x1e8	0x162	0xa8	0x99	0xd0ce	0x339a	e8016201a8009900ced09a331c968809df4913e8013e1db47be2ab00a9a94eef	prefix_32_of_482	0x8df97560	0x4a612e32	0x694cb90f	0x5f8f8af3	-0x9bd2e1c	0x3a	0x3a
3235	0x787fe407836d	310	0xb8556	0x3139de	0x313c4c	+0x26e	dispatch	0xcdac7	169	0x9af18	0x1e8	0xa5	0x154	0x12ac	0x99	0x6160	e801a5005401ac12990060615dd8ca85aa86fae801e80522b455bce3a77dd306	prefix_32_of_622	0x4a612e32	0x8f70318b	0x5f8f8af3	0xfbfb8b3c	+0x9c6c0049	0x3a	0x3a
3236	0x787fe407836d	169	0x9af18	0x313c4c	0x313e8f	+0x243	dispatch	0xcdac7	169	0x9af18	0xab	0x1e8	0x14d	0xe973	0x99	0xe987	ab00e8014d0173e9990087e926178cfb71d638e8010b62f5e882fa050f99789a	prefix_32_of_579	0x8f70318b	0xfed1df96	0xfbfb8b3c	0x58a4dcd6	-0xa356ae66	0x3a	0x3a
3237	0x787fe407836d	169	0x9af18	0x313e8f	0x314071	+0x1e2	dispatch	0xcdac7	169	0x9af18	0x162	0x1e8	0x9d	0xd4ff	0x99	0x3390	6201e8019d00ffd49900903337b623a8e5df73e8019798477690393ef22f9bcb	prefix_32_of_482	0xfed1df96	0x4ac60206	0x58a4dcd6	0x5ee7d2fb	+0x642f625	0x3a	0x3a
3238	0x787fe407836d	169	0x9af18	0x314071	0x3142df	+0x26e	dispatch	0xcdac7	310	0xb8556	0x162	0x1e8	0xa8	0x99	0xd4b6	0x9fd6	6201e801a8009900b6d4d69fbcef4e5f09e8011cb697d66ed299928e413a85b4	prefix_32_of_622	0x4ac60206	0x861eb185	0x5ee7d2fb	0xdf95e7f4	+0x80ae14f9	0x3a	0x3a
3239	0x787fe407836d	310	0xb8556	0x3142df	0x314522	+0x243	dispatch	0xcdac7	310	0xb8556	0x1e8	0xab	0xd7	0xa88	0xd888	0x227d	e801ab00d700880a88d87d220b07a29900b00ee801c9569798eedb0f85a424a2	prefix_32_of_579	0x861eb185	0x34a042ea	0xdf95e7f4	0x3ce04eeb	-0xa2b59909	0x3a	0x3a
3240	0x787fe407836d	310	0xb8556	0x314522	0x314704	+0x1e2	dispatch	0xcdac7	310	0xb8556	0x1e8	0x162	0xcb	0x9a07	0x7635	0x1ca1	e8016201cb00079a3576a11c1587d000e463e6e801744fab006005408141e30a	prefix_32_of_482	0x34a042ea	0xfcdeff37	0x3ce04eeb	0xfcd60600	+0xbff5b715	0x3a	0x3a
3241	0x787fe407836d	310	0xb8556	0x314704	0x314972	+0x26e	dispatch	0xcdac7	169	0x9af18	0x1e8	0x162	0x133	0x553a	0xc4b4	0x9913	e801620133013a55b4c41399000f9926d6e801b4c893293a145770293fba3bd7	prefix_32_of_622	0xfcdeff37	0xf8eeff37	0xfcd60600	0xf8e60910	-0x3effcf0	0x3a	0x3a
3242	0x787fe407836d	169	0x9af18	0x314972	0x314bb5	+0x243	dispatch	0xcdac7	310	0xb8556	0xab	0x1e8	0x133	0xd3a	0x17b0	0x3590	ab00e80133013a0db017903576da52830d9d9ee801174b3aac16ab007e67bbcf	prefix_32_of_579	0xf8eeff37	0x62662dfb	0xf8e60910	0xbffcca14	-0x38e93efc	0x3a	0x3a
3243	0x787fe407836d	310	0xb8556	0x314bb5	0x314d97	+0x1e2	dispatch	0xcdac7	169	0x9af18	0x1e8	0xa5	0x154	0xec4	0x99	0xdaa	e801a5005401c40e9900aa0d3e77f80828c29ae801209b1de1b283cc41d0003c	prefix_32_of_482	0x62662dfb	0xfadf7f2d	0xbffcca14	0xf21b0800	+0x321e3dec	0x3a	0x3a
3244	0x787fe407836d	169	0x9af18	0x314d97	0x315005	+0x26e	dispatch	0xcdac7	310	0xb8556	0x162	0x1e8	0x154	0x1334	0x99	0x1060	6201e80154013413990060103a1468c6d70e38e801880ac47c15400b7ef3eb03	prefix_32_of_622	0xfadf7f2d	0xe34473c6	0xf21b0800	0xe74477c6	-0xad6903a	0x3a	0x3a
3245	0x787fe407836d	310	0xb8556	0x315005	0x31522f	+0x22a	dispatch	0xcdac7	310	0xb8556	0x1e8	0xab	0x2b	0x7ded	0x99	0x9d3a	e801ab002b00ed7d99003a9daf99001ceee5a3e801abfa76d8093db434706b58	prefix_32_of_554	0xe34473c6	0x69b0303a	0xe74477c6	0x69145e5a	-0x7e30196c	0x3a	0x3a
3246	0x787fe407836d	310	0xb8556	0x31522f	0x315486	+0x257	dispatch	0xcdac7	169	0x9af18	0x1e8	0xab	0xc7	0x4f47	0x2c3a	0xae89	e801ab00c700474f3a2c89ae01349650eb981ae801bbffdce71f77f3025db1c8	prefix_32_of_599	0x69b0303a	0x841ab3c5	0x69145e5a	0x841ab3c5	+0x1b06556b	0x3a	0x3a
3247	0x787fe407836d	169	0x9af18	0x315486	0x3156ca	+0x244	dispatch	0xcdac7	169	0x9af18	0xa5	0x1e8	0x12	0x620	0xdc3a	0xfca3	a500e801120020063adca3fce00d85dd41f69ae801e0a76a83e8bb0003922025	prefix_32_of_580	0x841ab3c5	0xf613f930	0x841ab3c5	0x3ffce85e	-0x441dcb67	0x3a	0x3a
3248	0x787fe407836d	169	0x9af18	0x3156ca	0x315969	+0x29f	dispatch	0xcdac7	169	0x9af18	0xab	0x1e8	0x9d	0xcf07	0x99	0xf9a4	ab00e8019d0007cf9900a4f90133438c86ac48e801f3e7ab00737721d5bfd52a	prefix_32_of_671	0xf613f930	0x2ab32381	0x3ffce85e	0x2af72783	-0x1505c0db	0x3a	0x3a
3249	0x787fe407836d	169	0x9af18	0x315969	0x315bbf	+0x256	dispatch	0xcdac7	169	0x9af18	0xab	0x1e8	0x129	0x1e31	0x8ee1	0x6ea2	ab00e8012901311ee18ea26eeb88cf9ecf06bee8010aaba3094961d69865e9dc	prefix_32_of_598	0x2ab32381	0x6e5d9892	0x2af72783	0x4000d60c	+0x1509ae89	0x3a	0x3a
3250	0x787fe407836d	169	0x9af18	0x315bbf	0x310ca5	-0x4f1a	dispatch	0xcdac7	310	0xb8556	0xab	0x1e8	0x10c	0x1c4a	0x63e6	0x5af	ab00e8010c014a1ce663af053cd2e4092be80199f5de2fb4dd1429a30a54917a	backedge_sample	0x6e5d9892	0x148226cc	0x4000d60c	0xffaffb65	+0xbfaf2559	0x3a	0x3a
3251	0x787fe407836d	310	0xb8556	0x310ca5	0x310ef0	+0x24b	dispatch	0xcdac7	310	0xb8556	0x1e8	0xa5	0xcb	0x9ebf	0x7635	0x390	e801a500cb00bf9e35769003042ba8fcee6d9ce801f7d8ab009003dc5941168f	prefix_32_of_587	0x148226cc	0x14100010	0xffaffb65	0x3f0612b2	-0xc0a9e8b3	0x3a	0x3a
3252	0x787fe407836d	310	0xb8556	0x310ef0	0x311163	+0x273	dispatch	0xcdac7	169	0x9af18	0x1e8	0x162	0x154	0xf7c	0x99	0x92e7	e801620154017c0f9900e792dc1375ac08b602e801bf8c2f019289f5a0fa7e69	prefix_32_of_627	0x14100010	0xc83095f0	0x3f0612b2	0x400110fe	+0xfafe4c	0x3a	0x3a
3253	0x787fe407836d	169	0x9af18	0x311163	0x3113a5	+0x242	dispatch	0xcdac7	169	0x9af18	0xa5	0x1e8	0x10c	0x1c4a	0x67ae	0x6b6	a500e8010c014a1cae67b6063aa56428d9e80129f1186774139007d64940f679	prefix_32_of_578	0xc83095f0	0x7adeff2e	0x400110fe	0x78de0800	+0x38dcf702	0x3a	0x3a
3254	0x787fe407836d	169	0x9af18	0x3113a5	0x3115e7	+0x242	dispatch	0xcdac7	310	0xb8556	0x162	0x1e8	0xbd	0x99	0xe914	0x26e8	6201e801bd00990014e9e826ba56639900de34e8017709ab00041dab006485b4	prefix_32_of_578	0x7adeff2e	0x2948	0x78de0800	0x2948	-0x78dddeb8	0x3a	0x3a
3255	0x787fe407836d	310	0xb8556	0x3115e7	0x311829	+0x242	dispatch	0xcdac7	169	0x9af18	0x1e8	0xa5	0x9d	0xd56f	0x99	0xad8	e801a5009d006fd59900d80a53f58761012fcee8011603b240666e6e27e60d3a	prefix_32_of_578	0x2948	0x3acddfde	0x2948	0x585c5c02	+0x585c32ba	0x3a	0x3a
3256	0x787fe407836d	169	0x9af18	0x311829	0x311a6b	+0x242	dispatch	0xcdac7	169	0x9af18	0xab	0x1e8	0x151	0x94f0	0x99	0xfcec	ab00e8015101f0949900ecfc8b0cd809e4e80111f8d746656b7dce813884ab00	prefix_32_of_578	0x3acddfde	0xef1b287	0x585c5c02	0x69145f5a	+0x10b80358	0x3a	0x3a
3257	0x787fe407836d	169	0x9af18	0x311a6b	0x311cad	+0x242	dispatch	0xcdac7	310	0xb8556	0xa5	0x1e8	0x72	0x64cb	0xac8c	0x620	a500e8017200cb648cac200648efdaf5e0bf18e8015f2dab001a531a84d8ab00	prefix_32_of_578	0xef1b287	0x524c03c5	0x69145f5a	0x7df7dfda	+0x14e38080	0x3a	0x3a
3258	0x787fe407836d	310	0xb8556	0x311cad	0x311f69	+0x2bc	dispatch	0xcdac7	310	0xb8556	0x1e8	0xa5	0x10c	0x1c4a	0x6c86	0x7438	e801a5000c014a1c866c38749900ba703aa3e6e801859db8ec9f9147b7bebdaa	prefix_32_of_700	0x524c03c5	0x8e78f1da	0x7df7dfda	0xeb377ffe	+0x6d3fa024	0x3a	0x3a
3259	0x787fe407836d	310	0xb8556	0x311f69	0x31223a	+0x2d1	dispatch	0xcdac7	310	0xb8556	0x1e8	0xa5	0x14d	0xe523	0x99	0xe367	e801a5004d0123e5990067e332d17995c6459ee801880a70a4781ff2ff90977e	prefix_32_of_721	0x8e78f1da	0x8e4e0de5	0xeb377ffe	0x7bd7fefb	-0x6f5f8103	0x3a	0x3a
3260	0x787fe407836d	310	0xb8556	0x31223a	0x312464	+0x22a	dispatch	0xcdac7	169	0x9af18	0x1e8	0xab	0x151	0x9568	0x99	0xae47	e801ab0051016895990047ae9900f3a03a2e3ae801d80a443786cf06c648acd7	prefix_32_of_554	0x8e4e0de5	0x347541db	0x7bd7fefb	0x69945ffa	-0x12439f01	0x3a	0x3a
3261	0x787fe407836d	169	0x9af18	0x312464	0x31268e	+0x22a	dispatch	0xcdac7	310	0xb8556	0xab	0x1e8	0x42	0x97f9	0x8b3a	0x99da	ab00e8014200f9973a8bda99009a299900e801e4734b803a09b993007451ab00	prefix_32_of_554	0x347541db	0x5675bb90	0x69945ffa	0xffc76ef9	+0x96330eff	0x3a	0x3a
3262	0x787fe407836d	310	0xb8556	0x31268e	0x312868	+0x1da	dispatch	0xcdac7	169	0x9af18	0x1e8	0x162	0x10c	0x1c4a	0x6576	0x4392	e80162010c014a1c76659243358b8809c82954e8014c0cab0058019c10f7f483	prefix_32_of_474	0x5675bb90	0x221c12	0xffc76ef9	0x3f06a742	-0xc0c0c7b7	0x3a	0x3a
3263	0x787fe407836d	169	0x9af18	0x312868	0x312aee	+0x286	dispatch	0xcdac7	169	0x9af18	0xab	0x1e8	0x12	0x5e8	0xae3a	0xb4a5	ab00e8011200e8053aaea5b4a2606756d86000e801d80a90778a7301aa4f8cd8	prefix_32_of_646	0x221c12	0x8e3c0ca2	0x3f06a742	0x6f95fefa	+0x308f57b8	0x3a	0x3a
3264	0x787fe407836d	169	0x9af18	0x312aee	0x312cd0	+0x1e2	dispatch	0xcdac7	169	0x9af18	0x162	0x1e8	0x9d	0xd4ff	0x99	0x3810	6201e8019d00ffd499001038377504acaadc9ee80188acfa117cde3f9f9f57fa	prefix_32_of_482	0x8e3c0ca2	0xfbf79ddb	0x6f95fefa	0xf9f3eb74	+0x8a5dec7a	0x3a	0x3a
3265	0x787fe407836d	169	0x9af18	0x312cd0	0x312f26	+0x256	dispatch	0xcdac7	310	0xb8556	0x162	0x1e8	0xbd	0x99	0xe964	0x860	6201e801bd00990064e96008f0890e712b581de8014b1ac6d48406bceffeed89	prefix_32_of_598	0xfbf79ddb	0x4b8eb2de	0xf9f3eb74	0x7b1c5e5e	-0x7ed78d16	0x3a	0x3a
3266	0x787fe407836d	310	0xb8556	0x312f26	0x313169	+0x243	dispatch	0xcdac7	310	0xb8556	0x1e8	0x162	0xb9	0xa483	0x543a	0xcd68	e8016201b90083a43a5468cdd0817305599acde80104b48b0ce80544a5607c99	prefix_32_of_579	0x4b8eb2de	0x7afe7fef	0x7b1c5e5e	0x727e02a8	-0x89e5bb6	0x3a	0x3a
3267	0x787fe407836d	310	0xb8556	0x313169	0x31334b	+0x1e2	dispatch	0xcdac7	169	0x9af18	0x1e8	0xa5	0x151	0x99e0	0x99	0x2580	e801a5005101e09999008025faf2b3bb03cc5ae801979b477a218516bad00004	prefix_32_of_482	0x7afe7fef	0xce4d8465	0x727e02a8	0x7f3e7f7b	+0xcc07cd3	0x3a	0x3a
3268	0x787fe407836d	169	0x9af18	0x31334b	0x3135b9	+0x26e	dispatch	0xcdac7	169	0x9af18	0xa5	0x1e8	0x40	0xa81d	0x99	0x620	a500e80140001da899002006e89ff41597541ce801ab9e2ac633af3ada4c1da9	prefix_32_of_622	0xce4d8465	0xc917a90d	0x7f3e7f7b	0xc917a90d	+0x49d92992	0x3a	0x3a
3269	0x787fe407836d	169	0x9af18	0x3135b9	0x3137fc	+0x243	dispatch	0xcdac7	310	0xb8556	0x162	0x1e8	0x40	0xa2bd	0x99	0x1b17	6201e8014000bda29900171bab6f0801d4e8014ab2d76ef4e32006be862314d7	prefix_32_of_579	0xc917a90d	0x8df97560	0xc917a90d	0x694cb90f	-0x5fcaeffe	0x3a	0x3a
3270	0x787fe407836d	310	0xb8556	0x3137fc	0x3139de	+0x1e2	dispatch	0xcdac7	310	0xb8556	0x1e8	0x162	0xa8	0x99	0xd0ce	0x339a	e8016201a8009900ced09a331c968809df4913e8013e1db47be2ab00a9a94eef	prefix_32_of_482	0x8df97560	0x4a612e32	0x694cb90f	0x5f8f8af3	-0x9bd2e1c	0x3a	0x3a
3271	0x787fe407836d	310	0xb8556	0x3139de	0x313c4c	+0x26e	dispatch	0xcdac7	169	0x9af18	0x1e8	0xa5	0x154	0x12ac	0x99	0x6160	e801a5005401ac12990060615dd8ca85aa86fae801e80522b455bce3a77dd306	prefix_32_of_622	0x4a612e32	0x8f70318b	0x5f8f8af3	0xfbfb8b3c	+0x9c6c0049	0x3a	0x3a
3272	0x787fe407836d	169	0x9af18	0x313c4c	0x313e8f	+0x243	dispatch	0xcdac7	169	0x9af18	0xab	0x1e8	0x14d	0xe973	0x99	0xe987	ab00e8014d0173e9990087e926178cfb71d638e8010b62f5e882fa050f99789a	prefix_32_of_579	0x8f70318b	0xfed1df96	0xfbfb8b3c	0x58a4dcd6	-0xa356ae66	0x3a	0x3a
3273	0x787fe407836d	169	0x9af18	0x313e8f	0x314071	+0x1e2	dispatch	0xcdac7	169	0x9af18	0x162	0x1e8	0x9d	0xd4ff	0x99	0x3390	6201e8019d00ffd49900903337b623a8e5df73e8019798477690393ef22f9bcb	prefix_32_of_482	0xfed1df96	0x4ac60206	0x58a4dcd6	0x5ee7d2fb	+0x642f625	0x3a	0x3a
3274	0x787fe407836d	169	0x9af18	0x314071	0x3142df	+0x26e	dispatch	0xcdac7	310	0xb8556	0x162	0x1e8	0xa8	0x99	0xd4b6	0x9fd6	6201e801a8009900b6d4d69fbcef4e5f09e8011cb697d66ed299928e413a85b4	prefix_32_of_622	0x4ac60206	0x861eb185	0x5ee7d2fb	0xdf95e7f4	+0x80ae14f9	0x3a	0x3a
3275	0x787fe407836d	310	0xb8556	0x3142df	0x314522	+0x243	dispatch	0xcdac7	310	0xb8556	0x1e8	0xab	0xd7	0xa88	0xd888	0x227d	e801ab00d700880a88d87d220b07a29900b00ee801c9569798eedb0f85a424a2	prefix_32_of_579	0x861eb185	0x34a042ea	0xdf95e7f4	0x3ce04eeb	-0xa2b59909	0x3a	0x3a
3276	0x787fe407836d	310	0xb8556	0x314522	0x314704	+0x1e2	dispatch	0xcdac7	310	0xb8556	0x1e8	0x162	0xcb	0x9a07	0x7635	0x1ca1	e8016201cb00079a3576a11c1587d000e463e6e801744fab006005408141e30a	prefix_32_of_482	0x34a042ea	0xfcdeff37	0x3ce04eeb	0xfcd60600	+0xbff5b715	0x3a	0x3a
3277	0x787fe407836d	310	0xb8556	0x314704	0x314972	+0x26e	dispatch	0xcdac7	169	0x9af18	0x1e8	0x162	0x133	0x553a	0xc4b4	0x9913	e801620133013a55b4c41399000f9926d6e801b4c893293a145770293fba3bd7	prefix_32_of_622	0xfcdeff37	0xf8eeff37	0xfcd60600	0xf8e60910	-0x3effcf0	0x3a	0x3a
3278	0x787fe407836d	169	0x9af18	0x314972	0x314bb5	+0x243	dispatch	0xcdac7	310	0xb8556	0xab	0x1e8	0x133	0xd3a	0x17b0	0x3590	ab00e80133013a0db017903576da52830d9d9ee801174b3aac16ab007e67bbcf	prefix_32_of_579	0xf8eeff37	0x62662dfb	0xf8e60910	0xbffcca14	-0x38e93efc	0x3a	0x3a
3279	0x787fe407836d	310	0xb8556	0x314bb5	0x314d97	+0x1e2	dispatch	0xcdac7	169	0x9af18	0x1e8	0xa5	0x154	0xec4	0x99	0xdaa	e801a5005401c40e9900aa0d3e77f80828c29ae801209b1de1b283cc41d0003c	prefix_32_of_482	0x62662dfb	0xfadf7f2d	0xbffcca14	0xf21b0800	+0x321e3dec	0x3a	0x3a
3280	0x787fe407836d	169	0x9af18	0x314d97	0x315005	+0x26e	dispatch	0xcdac7	310	0xb8556	0x162	0x1e8	0x154	0x1334	0x99	0x1060	6201e80154013413990060103a1468c6d70e38e801880ac47c15400b7ef3eb03	prefix_32_of_622	0xfadf7f2d	0xe34473c6	0xf21b0800	0xe74477c6	-0xad6903a	0x3a	0x3a
3281	0x787fe407836d	310	0xb8556	0x315005	0x31522f	+0x22a	dispatch	0xcdac7	310	0xb8556	0x1e8	0xab	0x2b	0x7ded	0x99	0x9d3a	e801ab002b00ed7d99003a9daf99001ceee5a3e801abfa76d8093db434706b58	prefix_32_of_554	0xe34473c6	0x69b0303a	0xe74477c6	0x69145e5a	-0x7e30196c	0x3a	0x3a
3282	0x787fe407836d	310	0xb8556	0x31522f	0x315486	+0x257	dispatch	0xcdac7	169	0x9af18	0x1e8	0xab	0xc7	0x4f47	0x2c3a	0xae89	e801ab00c700474f3a2c89ae01349650eb981ae801bbffdce71f77f3025db1c8	prefix_32_of_599	0x69b0303a	0x841ab3c5	0x69145e5a	0x841ab3c5	+0x1b06556b	0x3a	0x3a
3283	0x787fe407836d	169	0x9af18	0x315486	0x3156ca	+0x244	dispatch	0xcdac7	169	0x9af18	0xa5	0x1e8	0x12	0x620	0xdc3a	0xfca3	a500e801120020063adca3fce00d85dd41f69ae801e0a76a83e8bb0003922025	prefix_32_of_580	0x841ab3c5	0xf613f930	0x841ab3c5	0x3ffce85e	-0x441dcb67	0x3a	0x3a
3284	0x787fe407836d	169	0x9af18	0x3156ca	0x315969	+0x29f	dispatch	0xcdac7	169	0x9af18	0xab	0x1e8	0x9d	0xcf07	0x99	0xf9a4	ab00e8019d0007cf9900a4f90133438c86ac48e801f3e7ab00737721d5bfd52a	prefix_32_of_671	0xf613f930	0x2ab32381	0x3ffce85e	0x2af72783	-0x1505c0db	0x3a	0x3a
3285	0x787fe407836d	169	0x9af18	0x315969	0x315bbf	+0x256	dispatch	0xcdac7	169	0x9af18	0xab	0x1e8	0x129	0x1e31	0x8ee1	0x6ea2	ab00e8012901311ee18ea26eeb88cf9ecf06bee8010aaba3094961d69865e9dc	prefix_32_of_598	0x2ab32381	0x6e5d9892	0x2af72783	0x4000d60c	+0x1509ae89	0x3a	0x3a
3286	0x787fe407836d	169	0x9af18	0x315bbf	0x310ca5	-0x4f1a	dispatch	0xcdac7	310	0xb8556	0xab	0x1e8	0x10c	0x1c4a	0x63e6	0x5af	ab00e8010c014a1ce663af053cd2e4092be80199f5de2fb4dd1429a30a54917a	backedge_sample	0x6e5d9892	0x148226cc	0x4000d60c	0xffaffb65	+0xbfaf2559	0x3a	0x3a
3287	0x787fe407836d	310	0xb8556	0x310ca5	0x310ef0	+0x24b	dispatch	0xcdac7	310	0xb8556	0x1e8	0xa5	0xcb	0x9ebf	0x7635	0x390	e801a500cb00bf9e35769003042ba8fcee6d9ce801f7d8ab009003dc5941168f	prefix_32_of_587	0x148226cc	0x14100010	0xffaffb65	0x3f0612b2	-0xc0a9e8b3	0x3a	0x3a
3288	0x787fe407836d	310	0xb8556	0x310ef0	0x311163	+0x273	dispatch	0xcdac7	169	0x9af18	0x1e8	0x162	0x154	0xf7c	0x99	0x92e7	e801620154017c0f9900e792dc1375ac08b602e801bf8c2f019289f5a0fa7e69	prefix_32_of_627	0x14100010	0xc83095f0	0x3f0612b2	0x400110fe	+0xfafe4c	0x3a	0x3a
3289	0x787fe407836d	169	0x9af18	0x311163	0x3113a5	+0x242	dispatch	0xcdac7	169	0x9af18	0xa5	0x1e8	0x10c	0x1c4a	0x67ae	0x6b6	a500e8010c014a1cae67b6063aa56428d9e80129f1186774139007d64940f679	prefix_32_of_578	0xc83095f0	0x7adeff2e	0x400110fe	0x78de0800	+0x38dcf702	0x3a	0x3a
3290	0x787fe407836d	169	0x9af18	0x3113a5	0x3115e7	+0x242	dispatch	0xcdac7	310	0xb8556	0x162	0x1e8	0xbd	0x99	0xe914	0x26e8	6201e801bd00990014e9e826ba56639900de34e8017709ab00041dab006485b4	prefix_32_of_578	0x7adeff2e	0x2948	0x78de0800	0x2948	-0x78dddeb8	0x3a	0x3a
3291	0x787fe407836d	310	0xb8556	0x3115e7	0x311829	+0x242	dispatch	0xcdac7	169	0x9af18	0x1e8	0xa5	0x9d	0xd56f	0x99	0xad8	e801a5009d006fd59900d80a53f58761012fcee8011603b240666e6e27e60d3a	prefix_32_of_578	0x2948	0x3acddfde	0x2948	0x585c5c02	+0x585c32ba	0x3a	0x3a
3292	0x787fe407836d	169	0x9af18	0x311829	0x311a6b	+0x242	dispatch	0xcdac7	169	0x9af18	0xab	0x1e8	0x151	0x94f0	0x99	0xfcec	ab00e8015101f0949900ecfc8b0cd809e4e80111f8d746656b7dce813884ab00	prefix_32_of_578	0x3acddfde	0xef1b287	0x585c5c02	0x69145f5a	+0x10b80358	0x3a	0x3a
3293	0x787fe407836d	169	0x9af18	0x311a6b	0x311cad	+0x242	dispatch	0xcdac7	310	0xb8556	0xa5	0x1e8	0x72	0x64cb	0xac8c	0x620	a500e8017200cb648cac200648efdaf5e0bf18e8015f2dab001a531a84d8ab00	prefix_32_of_578	0xef1b287	0x524c03c5	0x69145f5a	0x7df7dfda	+0x14e38080	0x3a	0x3a
3294	0x787fe407836d	310	0xb8556	0x311cad	0x311f69	+0x2bc	dispatch	0xcdac7	310	0xb8556	0x1e8	0xa5	0x10c	0x1c4a	0x6c86	0x7438	e801a5000c014a1c866c38749900ba703aa3e6e801859db8ec9f9147b7bebdaa	prefix_32_of_700	0x524c03c5	0x8e78f1da	0x7df7dfda	0xeb377ffe	+0x6d3fa024	0x3a	0x3a
3295	0x787fe407836d	310	0xb8556	0x311f69	0x31223a	+0x2d1	dispatch	0xcdac7	310	0xb8556	0x1e8	0xa5	0x14d	0xe523	0x99	0xe367	e801a5004d0123e5990067e332d17995c6459ee801880a70a4781ff2ff90977e	prefix_32_of_721	0x8e78f1da	0x8e4e0de5	0xeb377ffe	0x7bd7fefb	-0x6f5f8103	0x3a	0x3a
3296	0x787fe407836d	310	0xb8556	0x31223a	0x312464	+0x22a	dispatch	0xcdac7	169	0x9af18	0x1e8	0xab	0x151	0x9568	0x99	0xae47	e801ab0051016895990047ae9900f3a03a2e3ae801d80a443786cf06c648acd7	prefix_32_of_554	0x8e4e0de5	0x347541db	0x7bd7fefb	0x69945ffa	-0x12439f01	0x3a	0x3a
3297	0x787fe407836d	169	0x9af18	0x312464	0x31268e	+0x22a	dispatch	0xcdac7	310	0xb8556	0xab	0x1e8	0x42	0x97f9	0x8b3a	0x99da	ab00e8014200f9973a8bda99009a299900e801e4734b803a09b993007451ab00	prefix_32_of_554	0x347541db	0x5675bb90	0x69945ffa	0xffc76ef9	+0x96330eff	0x3a	0x3a
3298	0x787fe407836d	310	0xb8556	0x31268e	0x312868	+0x1da	dispatch	0xcdac7	169	0x9af18	0x1e8	0x162	0x10c	0x1c4a	0x6576	0x4392	e80162010c014a1c76659243358b8809c82954e8014c0cab0058019c10f7f483	prefix_32_of_474	0x5675bb90	0x221c12	0xffc76ef9	0x3f06a742	-0xc0c0c7b7	0x3a	0x3a
3299	0x787fe407836d	169	0x9af18	0x312868	0x312aee	+0x286	dispatch	0xcdac7	169	0x9af18	0xab	0x1e8	0x12	0x5e8	0xae3a	0xb4a5	ab00e8011200e8053aaea5b4a2606756d86000e801d80a90778a7301aa4f8cd8	prefix_32_of_646	0x221c12	0x8e3c0ca2	0x3f06a742	0x6f95fefa	+0x308f57b8	0x3a	0x3a
3300	0x787fe407836d	169	0x9af18	0x312aee	0x312cd0	+0x1e2	dispatch	0xcdac7	169	0x9af18	0x162	0x1e8	0x9d	0xd4ff	0x99	0x3810	6201e8019d00ffd499001038377504acaadc9ee80188acfa117cde3f9f9f57fa	prefix_32_of_482	0x8e3c0ca2	0xfbf79ddb	0x6f95fefa	0xf9f3eb74	+0x8a5dec7a	0x3a	0x3a
3301	0x787fe407836d	169	0x9af18	0x312cd0	0x312f26	+0x256	dispatch	0xcdac7	310	0xb8556	0x162	0x1e8	0xbd	0x99	0xe964	0x860	6201e801bd00990064e96008f0890e712b581de8014b1ac6d48406bceffeed89	prefix_32_of_598	0xfbf79ddb	0x4b8eb2de	0xf9f3eb74	0x7b1c5e5e	-0x7ed78d16	0x3a	0x3a
3302	0x787fe407836d	310	0xb8556	0x312f26	0x313169	+0x243	dispatch	0xcdac7	310	0xb8556	0x1e8	0x162	0xb9	0xa483	0x543a	0xcd68	e8016201b90083a43a5468cdd0817305599acde80104b48b0ce80544a5607c99	prefix_32_of_579	0x4b8eb2de	0x7afe7fef	0x7b1c5e5e	0x727e02a8	-0x89e5bb6	0x3a	0x3a
3303	0x787fe407836d	310	0xb8556	0x313169	0x31334b	+0x1e2	dispatch	0xcdac7	169	0x9af18	0x1e8	0xa5	0x151	0x99e0	0x99	0x2580	e801a5005101e09999008025faf2b3bb03cc5ae801979b477a218516bad00004	prefix_32_of_482	0x7afe7fef	0xce4d8465	0x727e02a8	0x7f3e7f7b	+0xcc07cd3	0x3a	0x3a
3304	0x787fe407836d	169	0x9af18	0x31334b	0x3135b9	+0x26e	dispatch	0xcdac7	169	0x9af18	0xa5	0x1e8	0x40	0xa81d	0x99	0x620	a500e80140001da899002006e89ff41597541ce801ab9e2ac633af3ada4c1da9	prefix_32_of_622	0xce4d8465	0xc917a90d	0x7f3e7f7b	0xc917a90d	+0x49d92992	0x3a	0x3a
3305	0x787fe407836d	169	0x9af18	0x3135b9	0x3137fc	+0x243	dispatch	0xcdac7	310	0xb8556	0x162	0x1e8	0x40	0xa2bd	0x99	0x1b17	6201e8014000bda29900171bab6f0801d4e8014ab2d76ef4e32006be862314d7	prefix_32_of_579	0xc917a90d	0x8df97560	0xc917a90d	0x694cb90f	-0x5fcaeffe	0x3a	0x3a
3306	0x787fe407836d	310	0xb8556	0x3137fc	0x3139de	+0x1e2	dispatch	0xcdac7	310	0xb8556	0x1e8	0x162	0xa8	0x99	0xd0ce	0x339a	e8016201a8009900ced09a331c968809df4913e8013e1db47be2ab00a9a94eef	prefix_32_of_482	0x8df97560	0x4a612e32	0x694cb90f	0x5f8f8af3	-0x9bd2e1c	0x3a	0x3a
3307	0x787fe407836d	310	0xb8556	0x3139de	0x313c4c	+0x26e	dispatch	0xcdac7	169	0x9af18	0x1e8	0xa5	0x154	0x12ac	0x99	0x6160	e801a5005401ac12990060615dd8ca85aa86fae801e80522b455bce3a77dd306	prefix_32_of_622	0x4a612e32	0x8f70318b	0x5f8f8af3	0xfbfb8b3c	+0x9c6c0049	0x3a	0x3a
3308	0x787fe407836d	169	0x9af18	0x313c4c	0x313e8f	+0x243	dispatch	0xcdac7	169	0x9af18	0xab	0x1e8	0x14d	0xe973	0x99	0xe987	ab00e8014d0173e9990087e926178cfb71d638e8010b62f5e882fa050f99789a	prefix_32_of_579	0x8f70318b	0xfed1df96	0xfbfb8b3c	0x58a4dcd6	-0xa356ae66	0x3a	0x3a
3309	0x787fe407836d	169	0x9af18	0x313e8f	0x314071	+0x1e2	dispatch	0xcdac7	169	0x9af18	0x162	0x1e8	0x9d	0xd4ff	0x99	0x3390	6201e8019d00ffd49900903337b623a8e5df73e8019798477690393ef22f9bcb	prefix_32_of_482	0xfed1df96	0x4ac60206	0x58a4dcd6	0x5ee7d2fb	+0x642f625	0x3a	0x3a
3310	0x787fe407836d	169	0x9af18	0x314071	0x3142df	+0x26e	dispatch	0xcdac7	310	0xb8556	0x162	0x1e8	0xa8	0x99	0xd4b6	0x9fd6	6201e801a8009900b6d4d69fbcef4e5f09e8011cb697d66ed299928e413a85b4	prefix_32_of_622	0x4ac60206	0x861eb185	0x5ee7d2fb	0xdf95e7f4	+0x80ae14f9	0x3a	0x3a
3311	0x787fe407836d	310	0xb8556	0x3142df	0x314522	+0x243	dispatch	0xcdac7	310	0xb8556	0x1e8	0xab	0xd7	0xa88	0xd888	0x227d	e801ab00d700880a88d87d220b07a29900b00ee801c9569798eedb0f85a424a2	prefix_32_of_579	0x861eb185	0x34a042ea	0xdf95e7f4	0x3ce04eeb	-0xa2b59909	0x3a	0x3a
3312	0x787fe407836d	310	0xb8556	0x314522	0x314704	+0x1e2	dispatch	0xcdac7	310	0xb8556	0x1e8	0x162	0xcb	0x9a07	0x7635	0x1ca1	e8016201cb00079a3576a11c1587d000e463e6e801744fab006005408141e30a	prefix_32_of_482	0x34a042ea	0xfcdeff37	0x3ce04eeb	0xfcd60600	+0xbff5b715	0x3a	0x3a
3313	0x787fe407836d	310	0xb8556	0x314704	0x314972	+0x26e	dispatch	0xcdac7	169	0x9af18	0x1e8	0x162	0x133	0x553a	0xc4b4	0x9913	e801620133013a55b4c41399000f9926d6e801b4c893293a145770293fba3bd7	prefix_32_of_622	0xfcdeff37	0xf8eeff37	0xfcd60600	0xf8e60910	-0x3effcf0	0x3a	0x3a
3314	0x787fe407836d	169	0x9af18	0x314972	0x314bb5	+0x243	dispatch	0xcdac7	310	0xb8556	0xab	0x1e8	0x133	0xd3a	0x17b0	0x3590	ab00e80133013a0db017903576da52830d9d9ee801174b3aac16ab007e67bbcf	prefix_32_of_579	0xf8eeff37	0x62662dfb	0xf8e60910	0xbffcca14	-0x38e93efc	0x3a	0x3a
3315	0x787fe407836d	310	0xb8556	0x314bb5	0x314d97	+0x1e2	dispatch	0xcdac7	169	0x9af18	0x1e8	0xa5	0x154	0xec4	0x99	0xdaa	e801a5005401c40e9900aa0d3e77f80828c29ae801209b1de1b283cc41d0003c	prefix_32_of_482	0x62662dfb	0xfadf7f2d	0xbffcca14	0xf21b0800	+0x321e3dec	0x3a	0x3a
3316	0x787fe407836d	169	0x9af18	0x314d97	0x315005	+0x26e	dispatch	0xcdac7	310	0xb8556	0x162	0x1e8	0x154	0x1334	0x99	0x1060	6201e80154013413990060103a1468c6d70e38e801880ac47c15400b7ef3eb03	prefix_32_of_622	0xfadf7f2d	0xe34473c6	0xf21b0800	0xe74477c6	-0xad6903a	0x3a	0x3a
3317	0x787fe407836d	310	0xb8556	0x315005	0x31522f	+0x22a	dispatch	0xcdac7	310	0xb8556	0x1e8	0xab	0x2b	0x7ded	0x99	0x9d3a	e801ab002b00ed7d99003a9daf99001ceee5a3e801abfa76d8093db434706b58	prefix_32_of_554	0xe34473c6	0x69b0303a	0xe74477c6	0x69145e5a	-0x7e30196c	0x3a	0x3a
3318	0x787fe407836d	310	0xb8556	0x31522f	0x315486	+0x257	dispatch	0xcdac7	169	0x9af18	0x1e8	0xab	0xc7	0x4f47	0x2c3a	0xae89	e801ab00c700474f3a2c89ae01349650eb981ae801bbffdce71f77f3025db1c8	prefix_32_of_599	0x69b0303a	0x841ab3c5	0x69145e5a	0x841ab3c5	+0x1b06556b	0x3a	0x3a
3319	0x787fe407836d	169	0x9af18	0x315486	0x3156ca	+0x244	dispatch	0xcdac7	169	0x9af18	0xa5	0x1e8	0x12	0x620	0xdc3a	0xfca3	a500e801120020063adca3fce00d85dd41f69ae801e0a76a83e8bb0003922025	prefix_32_of_580	0x841ab3c5	0xf613f930	0x841ab3c5	0x3ffce85e	-0x441dcb67	0x3a	0x3a
3320	0x787fe407836d	169	0x9af18	0x3156ca	0x315969	+0x29f	dispatch	0xcdac7	169	0x9af18	0xab	0x1e8	0x9d	0xcf07	0x99	0xf9a4	ab00e8019d0007cf9900a4f90133438c86ac48e801f3e7ab00737721d5bfd52a	prefix_32_of_671	0xf613f930	0x2ab32381	0x3ffce85e	0x2af72783	-0x1505c0db	0x3a	0x3a
3321	0x787fe407836d	169	0x9af18	0x315969	0x315bbf	+0x256	dispatch	0xcdac7	169	0x9af18	0xab	0x1e8	0x129	0x1e31	0x8ee1	0x6ea2	ab00e8012901311ee18ea26eeb88cf9ecf06bee8010aaba3094961d69865e9dc	prefix_32_of_598	0x2ab32381	0x6e5d9892	0x2af72783	0x4000d60c	+0x1509ae89	0x3a	0x3a
3322	0x787fe407836d	169	0x9af18	0x315bbf	0x310ca5	-0x4f1a	dispatch	0xcdac7	310	0xb8556	0xab	0x1e8	0x10c	0x1c4a	0x63e6	0x5af	ab00e8010c014a1ce663af053cd2e4092be80199f5de2fb4dd1429a30a54917a	backedge_sample	0x6e5d9892	0x148226cc	0x4000d60c	0xffaffb65	+0xbfaf2559	0x3a	0x3a
3323	0x787fe407836d	310	0xb8556	0x310ca5	0x310ef0	+0x24b	dispatch	0xcdac7	310	0xb8556	0x1e8	0xa5	0xcb	0x9ebf	0x7635	0x390	e801a500cb00bf9e35769003042ba8fcee6d9ce801f7d8ab009003dc5941168f	prefix_32_of_587	0x148226cc	0x14100010	0xffaffb65	0x3f0612b2	-0xc0a9e8b3	0x3a	0x3a
3324	0x787fe407836d	310	0xb8556	0x310ef0	0x311163	+0x273	dispatch	0xcdac7	169	0x9af18	0x1e8	0x162	0x154	0xf7c	0x99	0x92e7	e801620154017c0f9900e792dc1375ac08b602e801bf8c2f019289f5a0fa7e69	prefix_32_of_627	0x14100010	0xc83095f0	0x3f0612b2	0x400110fe	+0xfafe4c	0x3a	0x3a
3325	0x787fe407836d	169	0x9af18	0x311163	0x3113a5	+0x242	dispatch	0xcdac7	169	0x9af18	0xa5	0x1e8	0x10c	0x1c4a	0x67ae	0x6b6	a500e8010c014a1cae67b6063aa56428d9e80129f1186774139007d64940f679	prefix_32_of_578	0xc83095f0	0x7adeff2e	0x400110fe	0x78de0800	+0x38dcf702	0x3a	0x3a
3326	0x787fe407836d	169	0x9af18	0x3113a5	0x3115e7	+0x242	dispatch	0xcdac7	310	0xb8556	0x162	0x1e8	0xbd	0x99	0xe914	0x26e8	6201e801bd00990014e9e826ba56639900de34e8017709ab00041dab006485b4	prefix_32_of_578	0x7adeff2e	0x2948	0x78de0800	0x2948	-0x78dddeb8	0x3a	0x3a
3327	0x787fe407836d	310	0xb8556	0x3115e7	0x311829	+0x242	dispatch	0xcdac7	169	0x9af18	0x1e8	0xa5	0x9d	0xd56f	0x99	0xad8	e801a5009d006fd59900d80a53f58761012fcee8011603b240666e6e27e60d3a	prefix_32_of_578	0x2948	0x3acddfde	0x2948	0x585c5c02	+0x585c32ba	0x3a	0x3a
3328	0x787fe407836d	169	0x9af18	0x311829	0x311a6b	+0x242	dispatch	0xcdac7	169	0x9af18	0xab	0x1e8	0x151	0x94f0	0x99	0xfcec	ab00e8015101f0949900ecfc8b0cd809e4e80111f8d746656b7dce813884ab00	prefix_32_of_578	0x3acddfde	0xef1b287	0x585c5c02	0x69145f5a	+0x10b80358	0x3a	0x3a
3329	0x787fe407836d	169	0x9af18	0x311a6b	0x311cad	+0x242	dispatch	0xcdac7	310	0xb8556	0xa5	0x1e8	0x72	0x64cb	0xac8c	0x620	a500e8017200cb648cac200648efdaf5e0bf18e8015f2dab001a531a84d8ab00	prefix_32_of_578	0xef1b287	0x524c03c5	0x69145f5a	0x7df7dfda	+0x14e38080	0x3a	0x3a
3330	0x787fe407836d	310	0xb8556	0x311cad	0x311f69	+0x2bc	dispatch	0xcdac7	310	0xb8556	0x1e8	0xa5	0x10c	0x1c4a	0x6c86	0x7438	e801a5000c014a1c866c38749900ba703aa3e6e801859db8ec9f9147b7bebdaa	prefix_32_of_700	0x524c03c5	0x8e78f1da	0x7df7dfda	0xeb377ffe	+0x6d3fa024	0x3a	0x3a
3331	0x787fe407836d	310	0xb8556	0x311f69	0x31223a	+0x2d1	dispatch	0xcdac7	310	0xb8556	0x1e8	0xa5	0x14d	0xe523	0x99	0xe367	e801a5004d0123e5990067e332d17995c6459ee801880a70a4781ff2ff90977e	prefix_32_of_721	0x8e78f1da	0x8e4e0de5	0xeb377ffe	0x7bd7fefb	-0x6f5f8103	0x3a	0x3a
3332	0x787fe407836d	310	0xb8556	0x31223a	0x312464	+0x22a	dispatch	0xcdac7	169	0x9af18	0x1e8	0xab	0x151	0x9568	0x99	0xae47	e801ab0051016895990047ae9900f3a03a2e3ae801d80a443786cf06c648acd7	prefix_32_of_554	0x8e4e0de5	0x347541db	0x7bd7fefb	0x69945ffa	-0x12439f01	0x3a	0x3a
3333	0x787fe407836d	169	0x9af18	0x312464	0x31268e	+0x22a	dispatch	0xcdac7	310	0xb8556	0xab	0x1e8	0x42	0x97f9	0x8b3a	0x99da	ab00e8014200f9973a8bda99009a299900e801e4734b803a09b993007451ab00	prefix_32_of_554	0x347541db	0x5675bb90	0x69945ffa	0xffc76ef9	+0x96330eff	0x3a	0x3a
3334	0x787fe407836d	310	0xb8556	0x31268e	0x312868	+0x1da	dispatch	0xcdac7	169	0x9af18	0x1e8	0x162	0x10c	0x1c4a	0x6576	0x4392	e80162010c014a1c76659243358b8809c82954e8014c0cab0058019c10f7f483	prefix_32_of_474	0x5675bb90	0x221c12	0xffc76ef9	0x3f06a742	-0xc0c0c7b7	0x3a	0x3a
3335	0x787fe407836d	169	0x9af18	0x312868	0x312aee	+0x286	dispatch	0xcdac7	169	0x9af18	0xab	0x1e8	0x12	0x5e8	0xae3a	0xb4a5	ab00e8011200e8053aaea5b4a2606756d86000e801d80a90778a7301aa4f8cd8	prefix_32_of_646	0x221c12	0x8e3c0ca2	0x3f06a742	0x6f95fefa	+0x308f57b8	0x3a	0x3a
3336	0x787fe407836d	169	0x9af18	0x312aee	0x312cd0	+0x1e2	dispatch	0xcdac7	169	0x9af18	0x162	0x1e8	0x9d	0xd4ff	0x99	0x3810	6201e8019d00ffd499001038377504acaadc9ee80188acfa117cde3f9f9f57fa	prefix_32_of_482	0x8e3c0ca2	0xfbf79ddb	0x6f95fefa	0xf9f3eb74	+0x8a5dec7a	0x3a	0x3a
3337	0x787fe407836d	169	0x9af18	0x312cd0	0x312f26	+0x256	dispatch	0xcdac7	310	0xb8556	0x162	0x1e8	0xbd	0x99	0xe964	0x860	6201e801bd00990064e96008f0890e712b581de8014b1ac6d48406bceffeed89	prefix_32_of_598	0xfbf79ddb	0x4b8eb2de	0xf9f3eb74	0x7b1c5e5e	-0x7ed78d16	0x3a	0x3a
3338	0x787fe407836d	310	0xb8556	0x312f26	0x313169	+0x243	dispatch	0xcdac7	310	0xb8556	0x1e8	0x162	0xb9	0xa483	0x543a	0xcd68	e8016201b90083a43a5468cdd0817305599acde80104b48b0ce80544a5607c99	prefix_32_of_579	0x4b8eb2de	0x7afe7fef	0x7b1c5e5e	0x727e02a8	-0x89e5bb6	0x3a	0x3a
3339	0x787fe407836d	310	0xb8556	0x313169	0x31334b	+0x1e2	dispatch	0xcdac7	169	0x9af18	0x1e8	0xa5	0x151	0x99e0	0x99	0x2580	e801a5005101e09999008025faf2b3bb03cc5ae801979b477a218516bad00004	prefix_32_of_482	0x7afe7fef	0xce4d8465	0x727e02a8	0x7f3e7f7b	+0xcc07cd3	0x3a	0x3a
3340	0x787fe407836d	169	0x9af18	0x31334b	0x3135b9	+0x26e	dispatch	0xcdac7	169	0x9af18	0xa5	0x1e8	0x40	0xa81d	0x99	0x620	a500e80140001da899002006e89ff41597541ce801ab9e2ac633af3ada4c1da9	prefix_32_of_622	0xce4d8465	0xc917a90d	0x7f3e7f7b	0xc917a90d	+0x49d92992	0x3a	0x3a
3341	0x787fe407836d	169	0x9af18	0x3135b9	0x3137fc	+0x243	dispatch	0xcdac7	310	0xb8556	0x162	0x1e8	0x40	0xa2bd	0x99	0x1b17	6201e8014000bda29900171bab6f0801d4e8014ab2d76ef4e32006be862314d7	prefix_32_of_579	0xc917a90d	0x8df97560	0xc917a90d	0x694cb90f	-0x5fcaeffe	0x3a	0x3a
3342	0x787fe407836d	310	0xb8556	0x3137fc	0x3139de	+0x1e2	dispatch	0xcdac7	310	0xb8556	0x1e8	0x162	0xa8	0x99	0xd0ce	0x339a	e8016201a8009900ced09a331c968809df4913e8013e1db47be2ab00a9a94eef	prefix_32_of_482	0x8df97560	0x4a612e32	0x694cb90f	0x5f8f8af3	-0x9bd2e1c	0x3a	0x3a
3343	0x787fe407836d	310	0xb8556	0x3139de	0x313c4c	+0x26e	dispatch	0xcdac7	169	0x9af18	0x1e8	0xa5	0x154	0x12ac	0x99	0x6160	e801a5005401ac12990060615dd8ca85aa86fae801e80522b455bce3a77dd306	prefix_32_of_622	0x4a612e32	0x8f70318b	0x5f8f8af3	0xfbfb8b3c	+0x9c6c0049	0x3a	0x3a
3344	0x787fe407836d	169	0x9af18	0x313c4c	0x313e8f	+0x243	dispatch	0xcdac7	169	0x9af18	0xab	0x1e8	0x14d	0xe973	0x99	0xe987	ab00e8014d0173e9990087e926178cfb71d638e8010b62f5e882fa050f99789a	prefix_32_of_579	0x8f70318b	0xfed1df96	0xfbfb8b3c	0x58a4dcd6	-0xa356ae66	0x3a	0x3a
3345	0x787fe407836d	169	0x9af18	0x313e8f	0x314071	+0x1e2	dispatch	0xcdac7	169	0x9af18	0x162	0x1e8	0x9d	0xd4ff	0x99	0x3390	6201e8019d00ffd49900903337b623a8e5df73e8019798477690393ef22f9bcb	prefix_32_of_482	0xfed1df96	0x4ac60206	0x58a4dcd6	0x5ee7d2fb	+0x642f625	0x3a	0x3a
3346	0x787fe407836d	169	0x9af18	0x314071	0x3142df	+0x26e	dispatch	0xcdac7	310	0xb8556	0x162	0x1e8	0xa8	0x99	0xd4b6	0x9fd6	6201e801a8009900b6d4d69fbcef4e5f09e8011cb697d66ed299928e413a85b4	prefix_32_of_622	0x4ac60206	0x861eb185	0x5ee7d2fb	0xdf95e7f4	+0x80ae14f9	0x3a	0x3a
3347	0x787fe407836d	310	0xb8556	0x3142df	0x314522	+0x243	dispatch	0xcdac7	310	0xb8556	0x1e8	0xab	0xd7	0xa88	0xd888	0x227d	e801ab00d700880a88d87d220b07a29900b00ee801c9569798eedb0f85a424a2	prefix_32_of_579	0x861eb185	0x34a042ea	0xdf95e7f4	0x3ce04eeb	-0xa2b59909	0x3a	0x3a
3348	0x787fe407836d	310	0xb8556	0x314522	0x314704	+0x1e2	dispatch	0xcdac7	310	0xb8556	0x1e8	0x162	0xcb	0x9a07	0x7635	0x1ca1	e8016201cb00079a3576a11c1587d000e463e6e801744fab006005408141e30a	prefix_32_of_482	0x34a042ea	0xfcdeff37	0x3ce04eeb	0xfcd60600	+0xbff5b715	0x3a	0x3a
3349	0x787fe407836d	310	0xb8556	0x314704	0x314972	+0x26e	dispatch	0xcdac7	169	0x9af18	0x1e8	0x162	0x133	0x553a	0xc4b4	0x9913	e801620133013a55b4c41399000f9926d6e801b4c893293a145770293fba3bd7	prefix_32_of_622	0xfcdeff37	0xf8eeff37	0xfcd60600	0xf8e60910	-0x3effcf0	0x3a	0x3a
3350	0x787fe407836d	169	0x9af18	0x314972	0x314bb5	+0x243	dispatch	0xcdac7	310	0xb8556	0xab	0x1e8	0x133	0xd3a	0x17b0	0x3590	ab00e80133013a0db017903576da52830d9d9ee801174b3aac16ab007e67bbcf	prefix_32_of_579	0xf8eeff37	0x62662dfb	0xf8e60910	0xbffcca14	-0x38e93efc	0x3a	0x3a
3351	0x787fe407836d	310	0xb8556	0x314bb5	0x314d97	+0x1e2	dispatch	0xcdac7	169	0x9af18	0x1e8	0xa5	0x154	0xec4	0x99	0xdaa	e801a5005401c40e9900aa0d3e77f80828c29ae801209b1de1b283cc41d0003c	prefix_32_of_482	0x62662dfb	0xfadf7f2d	0xbffcca14	0xf21b0800	+0x321e3dec	0x3a	0x3a
3352	0x787fe407836d	169	0x9af18	0x314d97	0x315005	+0x26e	dispatch	0xcdac7	310	0xb8556	0x162	0x1e8	0x154	0x1334	0x99	0x1060	6201e80154013413990060103a1468c6d70e38e801880ac47c15400b7ef3eb03	prefix_32_of_622	0xfadf7f2d	0xe34473c6	0xf21b0800	0xe74477c6	-0xad6903a	0x3a	0x3a
3353	0x787fe407836d	310	0xb8556	0x315005	0x31522f	+0x22a	dispatch	0xcdac7	310	0xb8556	0x1e8	0xab	0x2b	0x7ded	0x99	0x9d3a	e801ab002b00ed7d99003a9daf99001ceee5a3e801abfa76d8093db434706b58	prefix_32_of_554	0xe34473c6	0x69b0303a	0xe74477c6	0x69145e5a	-0x7e30196c	0x3a	0x3a
3354	0x787fe407836d	310	0xb8556	0x31522f	0x315486	+0x257	dispatch	0xcdac7	169	0x9af18	0x1e8	0xab	0xc7	0x4f47	0x2c3a	0xae89	e801ab00c700474f3a2c89ae01349650eb981ae801bbffdce71f77f3025db1c8	prefix_32_of_599	0x69b0303a	0x841ab3c5	0x69145e5a	0x841ab3c5	+0x1b06556b	0x3a	0x3a
3355	0x787fe407836d	169	0x9af18	0x315486	0x3156ca	+0x244	dispatch	0xcdac7	169	0x9af18	0xa5	0x1e8	0x12	0x620	0xdc3a	0xfca3	a500e801120020063adca3fce00d85dd41f69ae801e0a76a83e8bb0003922025	prefix_32_of_580	0x841ab3c5	0xf613f930	0x841ab3c5	0x3ffce85e	-0x441dcb67	0x3a	0x3a
3356	0x787fe407836d	169	0x9af18	0x3156ca	0x315969	+0x29f	dispatch	0xcdac7	169	0x9af18	0xab	0x1e8	0x9d	0xcf07	0x99	0xf9a4	ab00e8019d0007cf9900a4f90133438c86ac48e801f3e7ab00737721d5bfd52a	prefix_32_of_671	0xf613f930	0x2ab32381	0x3ffce85e	0x2af72783	-0x1505c0db	0x3a	0x3a
3357	0x787fe407836d	169	0x9af18	0x315969	0x315bbf	+0x256	dispatch	0xcdac7	169	0x9af18	0xab	0x1e8	0x129	0x1e31	0x8ee1	0x6ea2	ab00e8012901311ee18ea26eeb88cf9ecf06bee8010aaba3094961d69865e9dc	prefix_32_of_598	0x2ab32381	0x6e5d9892	0x2af72783	0x4000d60c	+0x1509ae89	0x3a	0x3a
3358	0x787fe407836d	169	0x9af18	0x315bbf	0x310ca5	-0x4f1a	dispatch	0xcdac7	310	0xb8556	0xab	0x1e8	0x10c	0x1c4a	0x63e6	0x5af	ab00e8010c014a1ce663af053cd2e4092be80199f5de2fb4dd1429a30a54917a	backedge_sample	0x6e5d9892	0x148226cc	0x4000d60c	0xffaffb65	+0xbfaf2559	0x3a	0x3a
3359	0x787fe407836d	310	0xb8556	0x310ca5	0x315df3	+0x514e	dispatch	0xcdac7	310	0xb8556	0x1e8	0xa5	0xcb	0x9ebf	0x7635	0x390	e801a500cb00bf9e35769003042ba8fcee6d9ce801f7d8ab009003dc5941168f	prefix_32_of_20814	0x148226cc	0x201280	0xffaffb65	0x3f05e5a8	-0xc0aa15bd	0x3a	0x3a
3360	0x787fe407836d	310	0xb8556	0x315df3	0x316020	+0x22d	dispatch	0xcdac7	169	0x9af18	0x1e8	0xa5	0xb9	0xa253	0x533a	0x8c92	e801a500b90053a23a53928cdb8de05ed6e69de801aa0095d5e80548757b6899	prefix_32_of_557	0x201280	0x7fffdf79	0x3f05e5a8	0x3ffcfaa6	+0xf714fe	0x3a	0x3a
3361	0x787fe407836d	169	0x9af18	0x316020	0x316291	+0x271	dispatch	0xcdac7	169	0x9af18	0xa5	0x1e8	0x2b	0x74f5	0x99	0x810	a500e8012b00f574990010083aa4db8d4be80134cc01e664c3f9ab00268e2e08	prefix_32_of_625	0x7fffdf79	0x4f4dfe65	0x3ffcfaa6	0xfdfefedf	+0xbe020439	0x3a	0x3a
3362	0x787fe407836d	169	0x9af18	0x316291	0x3164bb	+0x22a	dispatch	0xcdac7	310	0xb8556	0x162	0x1e8	0x129	0xe31	0xbaeb	0x6122	6201e8012901310eebba22613a6293b6ef0ad2e8019c32284caa0bac02fa1354	prefix_32_of_554	0x4f4dfe65	0x2a400688	0xfdfefedf	0xe9ac9f85	-0x14525f5a	0x3a	0x3a
3363	0x787fe407836d	310	0xb8556	0x3164bb	0x343569	+0x2d0ae	dispatch	0xcdac7	310	0xb8556	0x1e8	0xab	0x14d	0xdf7b	0x99	0xaa90	e801ab004d017bdf990090aa2a2012196b369be8018c1db453eaab002fec5816	prefix_32_of_184494	0x2a400688	0x42000800	0xe9ac9f85	0x664d0ead	-0x835f90d8	0x3a	0x3a
3364	0x787fe407836d	310	0xb8556	0x343569	0x343a8a	+0x521	dispatch	0xcdac7	310	0xb8556	0x1e8	0xab	0x154	0x15cc	0x99	0x4c8a	e801ab005401cc1599008a4c4ed1e2d2adac57e801729f7d9bc67dd9f413ab00	prefix_32_of_1313	0x42000800	0x4201082	0x664d0ead	0x3f05e0e2	-0x27472dcb	0x3a	0x3a
3365	0x787fe407836d	310	0xb8556	0x343a8a	0x343ccb	+0x241	dispatch	0xcdac7	169	0x9af18	0x1e8	0xab	0x151	0x9510	0x99	0xd879	e801ab0051011095990079d87ed5f8087c16cae801348f9dbfe9fcc91387af00	prefix_32_of_577	0x4201082	0x7760049a	0x3f05e0e2	0x69ebde55	+0x2ae5fd73	0x3a	0x3a
3366	0x787fe407836d	169	0x9af18	0x343ccb	0x344035	+0x36a	dispatch	0xcdac7	310	0xb8556	0xab	0x1e8	0x154	0x1334	0x99	0x11c8	ab00e801540134139900c8113a063c990087b5e801616edcf400023cec424f3d	prefix_32_of_874	0x7760049a	0x1253c1be	0x69ebde55	0x1253c1be	-0x57981c97	0x3a	0x3a
3367	0x787fe407836d	310	0xb8556	0x344035	0x3442d4	+0x29f	dispatch	0xcdac7	169	0x9af18	0x1e8	0xa5	0xc7	0x4f47	0x243a	0xae8d	e801a500c700474f3a248dae0170ace30046b4e80173c3ab009a55b4a413ab00	prefix_32_of_671	0x1253c1be	0x4120092	0x1253c1be	0x3f066872	+0x2cb2a6b4	0x3a	0x3a
3368	0x787fe407836d	169	0x9af18	0x3442d4	0x3445a5	+0x2d1	dispatch	0xcdac7	310	0xb8556	0xa5	0x1e8	0xb9	0xa253	0x533a	0x8c92	a500e801b90053a23a53928cdb8de096cfaabee8017f0d3aa98d852c782fab00	prefix_32_of_721	0x4120092	0xdeade756	0x3f066872	0xa69cc74a	+0x67965ed8	0x3a	0x3a
3369	0x787fe407836d	310	0xb8556	0x3445a5	0x34487f	+0x2da	dispatch	0xcdac7	169	0x9af18	0x1e8	0x162	0x9d	0xcf2f	0x99	0xde64	e80162019d002fcf990064de990098073cd59de80160b10b0cdbdc66ed2dbafa	prefix_32_of_730	0xdeade756	0x6000a00	0xa69cc74a	0xe9c53142	+0x432869f8	0x3a	0x3a
3370	0x787fe407836d	169	0x9af18	0x34487f	0x344ac2	+0x243	dispatch	0xcdac7	169	0x9af18	0xa5	0x1e8	0x14d	0xe4d3	0x99	0xbcbe	a500e8014d01d3e49900bebc54a5d00ad0640be80188463f7e93d7ab00433b46	prefix_32_of_579	0x6000a00	0x4ae7ef5b	0xe9c53142	0x3ffcf904	-0xa9c8383e	0x3a	0x3a
3371	0x787fe407836d	169	0x9af18	0x344ac2	0x344d05	+0x243	dispatch	0xcdac7	310	0xb8556	0xa5	0x1e8	0x42	0x9279	0x8b3a	0x995d	a500e801420079923a8b5d990076ab8442b86fe801845c0b0cc2ab75d54399f5	prefix_32_of_579	0x4ae7ef5b	0x7befff37	0x3ffcf904	0x7bef0b00	+0x3bf211fc	0x3a	0x3a
3372	0x787fe407836d	310	0xb8556	0x344d05	0x344f48	+0x243	dispatch	0xcdac7	169	0x9af18	0x1e8	0xab	0x102	0xbfa6	0x7607	0x540	e801ab000201a6bf077640053a705ed6cfe8017cc3d8323a5f4583305087ab2e	prefix_32_of_579	0x7befff37	0x68c0ff3	0x7bef0b00	0xdfbfcbf4	+0x63d0c0f4	0x3a	0x3a
3373	0x787fe407836d	169	0x9af18	0x344f48	0x34518b	+0x243	dispatch	0xcdac7	169	0x9af18	0xa5	0x1e8	0xbd	0x99	0xecc4	0x5519	a500e801bd009900c4ec1955aecfd80955e80129f19d64f113682f6768780a32	prefix_32_of_579	0x68c0ff3	0x79eeff37	0xdfbfcbf4	0x69e60000	-0x75d9cbf4	0x3a	0x3a
3374	0x787fe407836d	169	0x9af18	0x34518b	0x3453b5	+0x22a	dispatch	0xcdac7	310	0xb8556	0x162	0x1e8	0x102	0xc4ee	0x7607	0x6456	6201e8010201eec4077656643153c399006c94e8018e0c3a8197986897881bbe	prefix_32_of_554	0x79eeff37	0x305ebd3	0x69e60000	0xdea21cd4	+0x74bc1cd4	0x3a	0x3a
3375	0x787fe407836d	176	0x9c10b	0x345568	0x34556c	+0x4	tail	0x9c3f4	175	0x9c08f	0x1e8	0x302a	0x5b51	0x7	0x80	0xd269	e8012a30	exact	0xe049820	0xe049820	0x7ffb779a	0xe049820	-0x71f6df7a	0x3a	0x3a
3376	0x787fe407836d	175	0x9c08f	0x34556c	0x3603af	+0x1ae43	dispatch	0xc80b9	86	0x8a37f	0x5b51	0x7	0x80	0xd269	0x4e6d	0x41c6	515b0700800069d26d4ec6419c68f7e630534c892c2468e2aaf11e4c892c2448	prefix_32_of_110147	0xe049820	0xb40402	0xe049820	0x3f05edf2	+0x310155d2	0x3a	0x3a
3377	0x787fe407836d	86	0x8a37f	0x3603af	0x360614	+0x265	dispatch	0xc80b9	310	0xb8556	0xa9	0x0	0xa5	0x1e8	0xc4	0x6e4f	a9000000a500e801c4004f6e5cf41b22a6326217508e46e801dabc2e1970ce0d	prefix_32_of_613	0xb40402	0xce3f1085	0x3f05edf2	0xfffefed3	+0xc0f910e1	0x3a	0x3a
3378	0x787fe407836d	310	0xb8556	0x360614	0x36083e	+0x22a	dispatch	0xc80b9	310	0xb8556	0x1e8	0xab	0x72	0x6023	0xac8c	0x97fd	e801ab00720023608cacfd973ee3e79900629de801a8094ca4e3783a496e2de0	prefix_32_of_554	0xce3f1085	0x10000	0xfffefed3	0x3f068e72	-0xc0f87061	0x3a	0x3a
3379	0x787fe407836d	310	0xb8556	0x36083e	0x360afc	+0x2be	dispatch	0xc80b9	310	0xb8556	0x1e8	0x162	0xbd	0x99	0xefdc	0x9dcf	e8016201bd009900dcefcf9d75a36b2c3ae3d3e801d7023a6f6dab00508ab632	prefix_32_of_702	0x10000	0x14120012	0x3f068e72	0x3f0629c2	-0x64b0	0x3a	0x3a
3380	0x787fe407836d	310	0xb8556	0x360afc	0x36192d	+0xe31	dispatch	0xc80b9	310	0xb8556	0x1e8	0x162	0x151	0x9568	0x99	0xb37f	e80162015101689599007fb399004a833adc7ee801270db08f9247761411abf6	prefix_32_of_3633	0x14120012	0x10330000	0x3f0629c2	0x3f066102	+0x3740	0x3a	0x3a
3381	0x787fe407836d	310	0xb8556	0x36192d	0x361bea	+0x2bd	dispatch	0xc80b9	169	0x9af18	0x1e8	0xa5	0xb9	0xab4b	0x943a	0xce95	e801a500b9004bab3a9495ce542333c747e8018681a4b42302cac355f1b3f53a	prefix_32_of_701	0x10330000	0x55923040	0x3f066102	0x55923040	+0x168bcf3e	0x3a	0x3a
3382	0x787fe407836d	169	0x9af18	0x361bea	0x361e2c	+0x242	dispatch	0xc80b9	169	0x9af18	0xab	0x1e8	0xcb	0x98e7	0x7635	0x390	ab00e801cb00e79835769003ec5f61f817b26de801079a47376f652746d000e4	prefix_32_of_578	0x55923040	0x7568341b	0x55923040	0xfffbbebf	+0xaa698e7f	0x3a	0x3a
3383	0x787fe407836d	169	0x9af18	0x361e2c	0x362056	+0x22a	dispatch	0xc80b9	310	0xb8556	0xab	0x1e8	0xc7	0x4ac7	0xef3a	0x859d	ab00e801c700c74a3aef9d8596ad94ecdbf8fce801a418ab000673b9e45ef596	prefix_32_of_554	0x7568341b	0xba0c3ee7	0xfffbbebf	0x4001aa99	-0xbffa1426	0x3a	0x3a
3384	0x787fe407836d	310	0xb8556	0x362056	0x362314	+0x2be	dispatch	0xc80b9	310	0xb8556	0x1e8	0xa5	0x133	0x9d3a	0x99af	0xdc00	e801a50033013a9daf9900dcefd79275a3b20ee8012340ab00e74388a3df91ba	prefix_32_of_702	0xba0c3ee7	0xd33c0f35	0x4001aa99	0x797d5e57	+0x397bb3be	0x3a	0x3a
3385	0x787fe407836d	310	0xb8556	0x362314	0x362723	+0x40f	dispatch	0xc80b9	310	0xb8556	0x1e8	0x162	0x129	0x6631	0xb8e5	0xd465	e801620129013166e5b865d4dba04bf22ea2aae801fffa5ddc0fb9525471bb08	prefix_32_of_1039	0xd33c0f35	0x9c3300c2	0x797d5e57	0xbffd3685	+0x467fd82e	0x3a	0x3a
3386	0x787fe407836d	310	0xb8556	0x362723	0x362723	+0x0	dispatch	0xc80b9	310	0xb8556	0x1e8	0xa5	0x1c	0x200	0x7a10	0x184b		exact	0x9c3300c2	0x9c3300c2	0xbffd3685	0xbffd3685	+0x0	0x3a	0x3a
3387	0x787fe407836d	310	0xb8556	0x362723	0x36309c	+0x979	dispatch	0xc80b9	169	0x9af18	0x1e8	0xa5	0x1c	0x200	0x7a10	0x184b	e801a5001c000002107a4b183ba26b761752d0e801e8042a06c2ab0048911222	prefix_32_of_2425	0x9c3300c2	0xb8fd7f37	0xbffd3685	0x20b50a20	-0x9f482c65	0x3a	0x3a
3388	0x787fe407836d	169	0x9af18	0x36309c	0x363359	+0x2bd	dispatch	0xc80b9	169	0x9af18	0xa5	0x1e8	0x9d	0xd247	0x99	0x83db	a500e8019d0047d29900db833a56384e7b0a56e80157c5ab0094931a019b2a3b	prefix_32_of_701	0xb8fd7f37	0x8520f7c0	0x20b50a20	0x8520f7c0	+0x646beda0	0x3a	0x3a
3389	0x787fe407836d	169	0x9af18	0x363359	0x36359b	+0x242	dispatch	0xc80b9	310	0xb8556	0xab	0x1e8	0x10c	0x1c4a	0x6c86	0x7438	ab00e8010c014a1c866c3874990092723aa6c8e80140a80dbce27ffc9e3a4db1	prefix_32_of_578	0x8520f7c0	0x4040000	0x8520f7c0	0x69453164	-0x1bdbc65c	0x3a	0x3a
3390	0x787fe407836d	310	0xb8556	0x36359b	0x3637c5	+0x22a	dispatch	0xc80b9	310	0xb8556	0x1e8	0x162	0xac	0xafb2	0x833	0x3775	e8016201ac00b2af33087537d57b41f908aaa1e8014555b4dc92ab004c44cb02	prefix_32_of_554	0x4040000	0x12833a04	0x69453164	0x3ffd2eba	-0x294802aa	0x3a	0x3a
3391	0x787fe407836d	310	0xb8556	0x3637c5	0x363a83	+0x2be	dispatch	0xc80b9	169	0x9af18	0x1e8	0xab	0x151	0x9918	0x99	0x36af	e801ab00510118999900af3643434db37842a4e80198b4ab006bc3ab0088098d	prefix_32_of_702	0x12833a04	0x800	0x3ffd2eba	0x590c57bf	+0x190f2905	0x3a	0x3a
3392	0x787fe407836d	169	0x9af18	0x363a83	0x3645a7	+0xb24	dispatch	0xc80b9	310	0xb8556	0xab	0x1e8	0x1c	0xad8	0xc510	0xe185	ab00e8011c00d80a10c585e100d3b135ad1277e8018f399cd4c3833ac04d679b	prefix_32_of_2852	0x800	0x20010	0x590c57bf	0x3f064dca	-0x1a0609f5	0x3a	0x3a
3393	0x787fe407836d	310	0xb8556	0x3645a7	0x364864	+0x2bd	dispatch	0xc80b9	310	0xb8556	0x1e8	0xa5	0x72	0x6353	0xac8c	0x99	e801a500720053638cac99008ed42b8b3a221be801f6c51dd68c320170b615d8	prefix_32_of_701	0x20010	0x14020000	0x3f064dca	0x3f05f2a2	-0x5b28	0x3a	0x3a
3394	0x787fe407836d	310	0xb8556	0x364864	0x364aa6	+0x242	dispatch	0xc80b9	169	0x9af18	0x1e8	0x162	0x2b	0x7425	0x99	0x200	e80162012b00257499000002e6aa7b743299cae801acd623f65bedab001ce31e	prefix_32_of_578	0x14020000	0x524d5da5	0x3f05f2a2	0x6b345e7a	+0x2c2e6bd8	0x3a	0x3a
3395	0x787fe407836d	169	0x9af18	0x364aa6	0x364c72	+0x1cc	dispatch	0xc80b9	310	0xb8556	0xa5	0x1e8	0x9d	0xd78f	0x99	0x9a0a	a500e8019d008fd799000a9a8cc8e6a23ae8013e46732adcf4880a88b395340b	prefix_32_of_460	0x524d5da5	0x9bd57398	0x6b345e7a	0x674d2a10	-0x3e7346a	0x3a	0x3a
3396	0x787fe407836d	310	0xb8556	0x364c72	0x364e5f	+0x1ed	dispatch	0xc80b9	310	0xb8556	0x1e8	0xab	0xc7	0x4ef7	0xfc3a	0x9194	e801ab00c700f74e3afc949100ec74bb03fe0ce801228e2c03a80e3adf919787	prefix_32_of_493	0x9bd57398	0x6d6bdcfb	0x674d2a10	0xbffd291d	+0x58afff0d	0x3a	0x3a
3397	0x787fe407836d	310	0xb8556	0x364e5f	0x36504c	+0x1ed	dispatch	0xc80b9	310	0xb8556	0x1e8	0xa5	0x14d	0xe973	0x99	0xe957	e801a5004d0173e9990057e926175abdaae80154cddbe7ab001b7811d5c7d42a	prefix_32_of_493	0x6d6bdcfb	0x42a6d7c6	0xbffd291d	0x5f858df9	-0x60779b24	0x3a	0x3a
3398	0x787fe407836d	158	0x99029	0x3655e0	0x3655e4	+0x4	tail	0x992ca	195	0x9fb50	0x1e8	0xd282	0x79bd	0x7	0x80	0xc969	e80182d2	exact	0xa597810c	0xa597810c	0x50000480	0xbffce60a	+0x6ffce18a	0x3a	0x3a
3399	0x787fe407836d	161	0x9975a	0x17a41c	0x17a420	+0x4	tail	0x99b3a	175	0x9c08f	0x746a	0x1e8	0x1703	0x3	0x80	0xc148	6a74e801	exact	0xf5c8088e	0x9b018cc6	0x40000408	0x69145e5a	+0x29145a52	0x3a	0x3a
3400	0x787fe407836d	174	0x9bd8f	0x231b70	0x231b74	+0x4	tail	0x9c08c	195	0x9fb50	0x7523	0x1e8	0xf1c6	0x5	0x80	0x419c	2375e801	exact	0x5676b3d0	0x5676b3d0	0xfefefa8f	0xffc5b7b9	+0xc6bd2a	0x3a	0x3a
3401	0x787fe407836d	161	0x9975a	0x1ed47f	0x1ed483	+0x4	tail	0x99b3a	195	0x9fb50	0x73e5	0x1e8	0x7af9	0x3	0x80	0x689c	e573e801	exact	0x810a24	0x124c7dc5	0x9981097d	0xf9955f7f	+0x60145602	0x3a	0x3a
3402	0x787fe407836d	174	0x9bd8f	0x1a603d	0x1a6041	+0x4	tail	0x9c08c	175	0x9c08f	0xd993	0x1e8	0x39bd	0x3	0x80	0x950f	93d9e801	exact	0xc008010	0xc008010	0x7dff677f	0xc7ab57f9	+0x49abf07a	0x3a	0x3a
3403	0x787fe407836d	174	0x9bd8f	0x12906b	0x12906f	+0x4	tail	0x9c08c	278	0xb2342	0xfff8	0x1e8	0xb5b2	0x15	0x80	0xc010	f8ffe801	exact	0x7adefd7b	0x7adefd7b	0x13fc9c	0xeb832ff4	+0xeb6f3358	0x3a	0x3a
3404	0x787fe407836d	123	0x91a59	0x17452a	0x17452e	+0x4	tail	0x91e7f	299	0xb6bba	0x7fc	0x1e8	0x13eb	0x3	0x80	0x419c	fc07e801	exact	0xf29431ca	0x3cb1dfde	0xa2a8d9e6	0xd6a444b3	+0x33fb6acd	0x3a	0x3a
