[DRIVER] dlopen path=./eac.elf
[TRACE] caller=driver+0x1608 dlopen file=./eac.elf flags=0x2
[DRIVER] dlsym x=0x7ed627c380dc
[TRACE] caller=driver+0x2355 getenv name=EAC_DISPATCH_TRACE -> set
[TRACE] caller=driver+0x1a7a getenv name=EAC_DISPATCH_LIMIT -> set
[TRACE] caller=driver+0x2355 getenv name=EAC_DISPATCH_DETAIL -> null
[TRACE] caller=driver+0x2355 getenv name=EAC_VMTAIL_TRACE -> set
[TRACE] caller=driver+0x2355 getenv name=EAC_VMTAIL_REGS -> set
[TRACE] caller=driver+0x2355 getenv name=EAC_VMTAIL_SCRATCH -> null
[TRACE] caller=driver+0x2355 getenv name=EAC_VMTAIL_MEM -> set
[TRACE] caller=driver+0x1b09 getenv name=EAC_VMTAIL_MEM_REGS -> set
[TRACE] caller=driver+0x1b23 getenv name=EAC_VMTAIL_LIMIT -> set
[TRACE] caller=driver+0x1b79 getenv name=EAC_VMTAIL_FOCUS_IPS -> null
[TRACE] caller=driver+0x1b8d getenv name=EAC_VMTAIL_FOCUS_SITES -> set
[TRACE] caller=driver+0x1ba1 getenv name=EAC_VMTAIL_STOP_AFTER_MATCHES -> set
[TRACE] caller=driver+0x1be4 getenv name=EAC_VMTAIL_SITES -> null
[TRACE] caller=driver+0x2d99 fopen path=/proc/self/maps mode=r
[TRACE] caller=driver+0x3272 mprotect addr=0x7ed627cc8000 len=0x1000 prot=0x7
[TRACE] caller=driver+0x3272 mprotect addr=0x7ed627ccd000 len=0x1000 prot=0x7
[TRACE] caller=driver+0x3272 mprotect addr=0x7ed627c81000 len=0x1000 prot=0x7
[TRACE] caller=driver+0x3272 mprotect addr=0x7ed627c8a000 len=0x1000 prot=0x7
[TRACE] caller=driver+0x3272 mprotect addr=0x7ed627c9a000 len=0x1000 prot=0x7
[TRACE] caller=driver+0x3272 mprotect addr=0x7ed627c9b000 len=0x1000 prot=0x7
[TRACE] caller=driver+0x3272 mprotect addr=0x7ed627c9b000 len=0x1000 prot=0x7
[TRACE] caller=driver+0x3272 mprotect addr=0x7ed627cb8000 len=0x1000 prot=0x7
[TRACE] caller=driver+0x3272 mprotect addr=0x7ed627cbb000 len=0x1000 prot=0x7
[TRACE] caller=driver+0x3272 mprotect addr=0x7ed627cbb000 len=0x1000 prot=0x7
[TRACE] caller=driver+0x3272 mprotect addr=0x7ed627cc2000 len=0x1000 prot=0x7
[TRACE] caller=driver+0x3272 mprotect addr=0x7ed627c9c000 len=0x1000 prot=0x7
[TRACE] caller=driver+0x3272 mprotect addr=0x7ed627ca0000 len=0x1000 prot=0x7
[TRACE] caller=driver+0x3272 mprotect addr=0x7ed627cb2000 len=0x1000 prot=0x7
[TRACE] caller=driver+0x3272 mprotect addr=0x7ed627cb7000 len=0x1000 prot=0x7
[TRACE] caller=driver+0x3272 mprotect addr=0x7ed627cc2000 len=0x1000 prot=0x7
[DRIVER] dispatch trace enabled base=0x7ed627c00000 sites=+0xc80b9,+0xcdac7 limit=1 detail=0 tail=1 tail_regs=1 tail_scratch=0 tail_mem=1 tail_limit=100 tail_sites=14 scratch_offsets=0 read_ranges=54 focus_ips=0 focus_sites=1 stop_after_matches=20
[DRIVER] tail site +0x8173b -> rax
[DRIVER] tail site +0x8a49b -> r8
[DRIVER] tail site +0x9a46b -> r9
[DRIVER] tail site +0x9b0c5 -> r10
[DRIVER] tail site +0x9b687 -> r14
[DRIVER] tail site +0xb86f5 -> r13
[DRIVER] tail site +0xbb8a8 -> rax
[DRIVER] tail site +0xbba0c -> r12
[DRIVER] tail site +0xc240d -> rdx
[DRIVER] tail site +0x9c3f4 -> r13
[DRIVER] tail site +0xa0068 -> r10
[DRIVER] tail site +0xb265e -> r10
[DRIVER] tail site +0xb708a -> r12
[DRIVER] tail site +0xc2d35 -> rbx
[DRIVER] call x(buf=0x576bf7963010,len=0x800,mode=1,out=0x576bf7963820)
[DISPATCH] site=0xc80b9 count=1 slot=0x7ed627cc39c8 slot_off=0xc39c8 idx=0x2b0 frame=0x7ed627c7836d frame_off=0x7836d vm_ip=0x7ed627e6cd71 vm_ip_off=0x26cd71 vm_flags=0x0 vm_state=0x0 vm_byte=0x0 target=0x7ed627c8a37f target_off=0x8a37f
[TRACE] caller=eac.elf+0x4c000b fopen path=/dev/urandom mode=rb
[TRACE] caller=eac.elf+0x4c000b fopen path=/dev/urandom mode=rb
[TRACE] caller=eac.elf+0x3376ac open path=/proc/3992018/comm flags=0x0
[TRACE] caller=eac.elf+0x334271 open path=/proc/3992018/cmdline flags=0x0
[TRACE] caller=eac.elf+0x33ae27 open path=/proc/3992018/status flags=0x0
[TRACE] caller=eac.elf+0x33d5f1 open path=/proc/self/maps flags=0x0
[DISPATCH] site=0xcdac7 count=1 slot=0x7ed627cc4130 slot_off=0xc4130 idx=0xa18 frame=0x7ed627c7836d frame_off=0x7836d vm_ip=0x7ed627f3f278 vm_ip_off=0x33f278 vm_flags=0xd56bbddf vm_state=0xbffcd2b0 vm_byte=0x3a target=0x7ed627cbb6e6 target_off=0xbb6e6
[TRACE] caller=eac.elf+0x58b24 open path=/proc/mounts flags=0x0
[TRACE] caller=eac.elf+0x36a519 open path=/sys/devices/virtual/dmi/id/board_name flags=0x0
[TRACE] caller=eac.elf+0x36e0cf open path=/sys/devices/virtual/dmi/id/product_name flags=0x0
[TRACE] caller=eac.elf+0x3722d8 fopen path=/proc/bus/pci/devices mode=r
[TRACE] caller=eac.elf+0x2d6ae getenv name=EAC_LAUNCHERDIR -> set
[TRACE] caller=eac.elf+0x72b70 pthread_create caller=eac.elf+0x729fe arg=0x576bf797ea20
[TRACE] caller=eac.elf+0x72b70 pthread_create caller=eac.elf+0x729fe arg=0x576bf797ebc0
[TRACE] caller=eac.elf+0x6b74f getaddrinfo node=api.epicgames.dev service=443 DENY
[TRACE] caller=eac.elf+0x72b70 pthread_create caller=eac.elf+0x729fe arg=0x576bf797e868
[TRACE] caller=eac.elf+0x6b7f7 popen command=host -4 api.epicgames.dev type=r DENY
[TRACE] caller=eac.elf+0x6b74f getaddrinfo node=datarouter.ol.epicgames.com service=443 DENY
[TRACE] caller=eac.elf+0x6b7f7 popen command=host -4 datarouter.ol.epicgames.com type=r DENY
[TRACE] caller=eac.elf+0x1a689b mprotect addr=0x7ed627c00000 len=0x1000 prot=0x3
[TRACE] caller=eac.elf+0x1a6a09 mprotect addr=0x7ed627c00000 len=0x1000 prot=0x1
[DRIVER] x returned 0x0
[DRIVER] out[0..31]=0100000000000000000000000000000000000000000000000000000000000000
[TRACE] caller=driver+0x53f4 getenv name=EAC_DUMP_DIR -> set
[TRACE] caller=driver+0x5454 fopen path=dumps/vmtail-mem-focus-final-site-b265e/postcall_out.bin mode=wb
[DRIVER] dump postcall base=0x7ed627c00000 ctx_slot=+0x84cd20 ctx=0x576bf797cdf0
[TRACE] caller=driver+0x5454 fopen path=dumps/vmtail-mem-focus-final-site-b265e/postcall_ctx_0x576bf797cdf0.bin mode=wb
[TRACE] caller=driver+0x212b fopen path=/proc/self/maps mode=r
[TRACE] caller=driver+0x21ab fopen path=dumps/vmtail-mem-focus-final-site-b265e/postcall_maps.txt mode=w
[TRACE] caller=driver+0x5454 fopen path=dumps/vmtail-mem-focus-final-site-b265e/postcall_map_7ed627c00000_7ed627c01000_r--p_off_0.bin mode=wb
[TRACE] caller=driver+0x5454 fopen path=dumps/vmtail-mem-focus-final-site-b265e/postcall_map_7ed627c01000_7ed62823d000_rwxp_off_1000.bin mode=wb
[VMTAIL] site=0xb265e count=1 frame=0x7ed627c7836d frame_off=0x7836d vm_ip=0x7ed627e93dbd vm_ip_off=0x293dbd vm_flags=0x11520ddf vm_state=0x577b1fff vm_byte=0x50 table=0x7ed627cc3718 table_off=0xc3718 rax=0x7ed67d69a2c3 rbx=0x7ed627cc4218 rcx=0xffffffffffff030a rdx=0x7ed627c783de rsi=0x7ed60d829f31 rdi=0x7ed627c784dd r8=0xfd8b7faf r9=0x7ed627c78377 r10=0x7ed627cc1ec4 r11=0xfef2 r12=0xb00 r13=0x7ed627c784dd r14=0x400 r15=0x7ed627c8840f rbp=0x7ed627c7836d rsp=0x7ed627bfdfc0 mem_rbx=0x7ed627cc1ec4 mem_rdi=0x577b1fff mem_r9=0x7ed627e93dbd mem_r10=0x170c18148e98948 mem_r12=? mem_r13=0x577b1fff mem_r14=? ip_w0=0xf184 ip_w1=0x6c56 ip_w2=0x12c8 ip_w3=0x6262 ip_w4=0x1e8 ip_w5=0xb048 ip_w6=0x2fb1 ip_w7=0x810 ip_w8=0x5b0 ip_w9=0xf86a ip_w10=0xbeca ip_w11=0x3da5 ip_w12=0x1 ip_w13=0x9707 ip_w14=0x8359 ip_w15=0xef2a target=0x7ed627cc1ec4 target_off=0xc1ec4
[VMTAIL] site=0xb265e count=2 frame=0x7ed627c7836d frame_off=0x7836d vm_ip=0x7ed627e93dbd vm_ip_off=0x293dbd vm_flags=0x11520ddf vm_state=0x577b1fff vm_byte=0x50 table=0x7ed627cc3718 table_off=0xc3718 rax=0x7ed67d69a643 rbx=0x7ed627cc4218 rcx=0xffffffffffff030a rdx=0x7ed627c783de rsi=0x7ed60d829f31 rdi=0x7ed627c784dd r8=0x225bfb70 r9=0x7ed627c78377 r10=0x7ed627cc1ec4 r11=0xfef2 r12=0xb00 r13=0x7ed627c784dd r14=0x400 r15=0x7ed627c8840f rbp=0x7ed627c7836d rsp=0x7ed627bfdfc0 mem_rbx=0x7ed627cc1ec4 mem_rdi=0x577b1fff mem_r9=0x7ed627e93dbd mem_r10=0x170c18148e98948 mem_r12=? mem_r13=0x577b1fff mem_r14=? ip_w0=0xf184 ip_w1=0x6c56 ip_w2=0x12c8 ip_w3=0x6262 ip_w4=0x1e8 ip_w5=0xb048 ip_w6=0x2fb1 ip_w7=0x810 ip_w8=0x5b0 ip_w9=0xf86a ip_w10=0xbeca ip_w11=0x3da5 ip_w12=0x1 ip_w13=0x9707 ip_w14=0x8359 ip_w15=0xef2a target=0x7ed627cc1ec4 target_off=0xc1ec4
[VMTAIL] site=0xb265e count=3 frame=0x7ed627c7836d frame_off=0x7836d vm_ip=0x7ed627e93dbd vm_ip_off=0x293dbd vm_flags=0x11520ddf vm_state=0x577b1fff vm_byte=0x50 table=0x7ed627cc3718 table_off=0xc3718 rax=0x7ed67d818a33 rbx=0x7ed627cc4218 rcx=0xffffffffffff030a rdx=0x7ed627c783de rsi=0x7ed60d829f31 rdi=0x7ed627c784dd r8=0x4709756 r9=0x7ed627c78377 r10=0x7ed627cc1ec4 r11=0xfef2 r12=0xb00 r13=0x7ed627c784dd r14=0x400 r15=0x7ed627c8840f rbp=0x7ed627c7836d rsp=0x7ed627bfdfc0 mem_rbx=0x7ed627cc1ec4 mem_rdi=0x577b1fff mem_r9=0x7ed627e93dbd mem_r10=0x170c18148e98948 mem_r12=? mem_r13=0x577b1fff mem_r14=? ip_w0=0xf184 ip_w1=0x6c56 ip_w2=0x12c8 ip_w3=0x6262 ip_w4=0x1e8 ip_w5=0xb048 ip_w6=0x2fb1 ip_w7=0x810 ip_w8=0x5b0 ip_w9=0xf86a ip_w10=0xbeca ip_w11=0x3da5 ip_w12=0x1 ip_w13=0x9707 ip_w14=0x8359 ip_w15=0xef2a target=0x7ed627cc1ec4 target_off=0xc1ec4
[VMTAIL] site=0xb265e count=4 frame=0x7ed627c7836d frame_off=0x7836d vm_ip=0x7ed627e93dbd vm_ip_off=0x293dbd vm_flags=0x11520ddf vm_state=0x577b1fff vm_byte=0x50 table=0x7ed627cc3718 table_off=0xc3718 rax=0x7ed67d89bec3 rbx=0x7ed627cc4218 rcx=0xffffffffffff030a rdx=0x7ed627c783de rsi=0x7ed60d829f31 rdi=0x7ed627c784dd r8=0x3a2e2085 r9=0x7ed627c78377 r10=0x7ed627cc1ec4 r11=0xfef2 r12=0xb00 r13=0x7ed627c784dd r14=0x400 r15=0x7ed627c8840f rbp=0x7ed627c7836d rsp=0x7ed627bfdfc0 mem_rbx=0x7ed627cc1ec4 mem_rdi=0x577b1fff mem_r9=0x7ed627e93dbd mem_r10=0x170c18148e98948 mem_r12=? mem_r13=0x577b1fff mem_r14=? ip_w0=0xf184 ip_w1=0x6c56 ip_w2=0x12c8 ip_w3=0x6262 ip_w4=0x1e8 ip_w5=0xb048 ip_w6=0x2fb1 ip_w7=0x810 ip_w8=0x5b0 ip_w9=0xf86a ip_w10=0xbeca ip_w11=0x3da5 ip_w12=0x1 ip_w13=0x9707 ip_w14=0x8359 ip_w15=0xef2a target=0x7ed627cc1ec4 target_off=0xc1ec4
[VMTAIL] site=0xb265e count=5 frame=0x7ed627c7836d frame_off=0x7836d vm_ip=0x7ed627e93dbd vm_ip_off=0x293dbd vm_flags=0x11520ddf vm_state=0x577b1fff vm_byte=0x50 table=0x7ed627cc3718 table_off=0xc3718 rax=0x7ed67d69ae23 rbx=0x7ed627cc4218 rcx=0xffffffffffff030a rdx=0x7ed627c783de rsi=0x7ed60d829f31 rdi=0x7ed627c784dd r8=0xc61ef326 r9=0x7ed627c78377 r10=0x7ed627cc1ec4 r11=0xfef2 r12=0xb00 r13=0x7ed627c784dd r14=0x400 r15=0x7ed627c8840f rbp=0x7ed627c7836d rsp=0x7ed627bfdfc0 mem_rbx=0x7ed627cc1ec4 mem_rdi=0x577b1fff mem_r9=0x7ed627e93dbd mem_r10=0x170c18148e98948 mem_r12=? mem_r13=0x577b1fff mem_r14=? ip_w0=0xf184 ip_w1=0x6c56 ip_w2=0x12c8 ip_w3=0x6262 ip_w4=0x1e8 ip_w5=0xb048 ip_w6=0x2fb1 ip_w7=0x810 ip_w8=0x5b0 ip_w9=0xf86a ip_w10=0xbeca ip_w11=0x3da5 ip_w12=0x1 ip_w13=0x9707 ip_w14=0x8359 ip_w15=0xef2a target=0x7ed627cc1ec4 target_off=0xc1ec4
[VMTAIL] site=0xb265e count=6 frame=0x7ed627c7836d frame_off=0x7836d vm_ip=0x7ed627e93dbd vm_ip_off=0x293dbd vm_flags=0x11520ddf vm_state=0x577b1fff vm_byte=0x50 table=0x7ed627cc3718 table_off=0xc3718 rax=0x7ed67d61bec3 rbx=0x7ed627cc4218 rcx=0xffffffffffff030a rdx=0x7ed627c783de rsi=0x7ed60d829f31 rdi=0x7ed627c784dd r8=0xe8c22385 r9=0x7ed627c78377 r10=0x7ed627cc1ec4 r11=0xfef2 r12=0xb00 r13=0x7ed627c784dd r14=0x400 r15=0x7ed627c8840f rbp=0x7ed627c7836d rsp=0x7ed627bfdfc0 mem_rbx=0x7ed627cc1ec4 mem_rdi=0x577b1fff mem_r9=0x7ed627e93dbd mem_r10=0x170c18148e98948 mem_r12=? mem_r13=0x577b1fff mem_r14=? ip_w0=0xf184 ip_w1=0x6c56 ip_w2=0x12c8 ip_w3=0x6262 ip_w4=0x1e8 ip_w5=0xb048 ip_w6=0x2fb1 ip_w7=0x810 ip_w8=0x5b0 ip_w9=0xf86a ip_w10=0xbeca ip_w11=0x3da5 ip_w12=0x1 ip_w13=0x9707 ip_w14=0x8359 ip_w15=0xef2a target=0x7ed627cc1ec4 target_off=0xc1ec4
[VMTAIL] site=0xb265e count=7 frame=0x7ed627c7836d frame_off=0x7836d vm_ip=0x7ed627e93dbd vm_ip_off=0x293dbd vm_flags=0x11520ddf vm_state=0x577b1fff vm_byte=0x50 table=0x7ed627cc3718 table_off=0xc3718 rax=0x7ed67d618ea3 rbx=0x7ed627cc4218 rcx=0xffffffffffff030a rdx=0x7ed627c783de rsi=0x7ed60d829f31 rdi=0x7ed627c784dd r8=0xc51791a4 r9=0x7ed627c78377 r10=0x7ed627cc1ec4 r11=0xfef2 r12=0xb00 r13=0x7ed627c784dd r14=0x400 r15=0x7ed627c8840f rbp=0x7ed627c7836d rsp=0x7ed627bfdfc0 mem_rbx=0x7ed627cc1ec4 mem_rdi=0x577b1fff mem_r9=0x7ed627e93dbd mem_r10=0x170c18148e98948 mem_r12=? mem_r13=0x577b1fff mem_r14=? ip_w0=0xf184 ip_w1=0x6c56 ip_w2=0x12c8 ip_w3=0x6262 ip_w4=0x1e8 ip_w5=0xb048 ip_w6=0x2fb1 ip_w7=0x810 ip_w8=0x5b0 ip_w9=0xf86a ip_w10=0xbeca ip_w11=0x3da5 ip_w12=0x1 ip_w13=0x9707 ip_w14=0x8359 ip_w15=0xef2a target=0x7ed627cc1ec4 target_off=0xc1ec4
[VMTAIL] site=0xb265e count=8 frame=0x7ed627c7836d frame_off=0x7836d vm_ip=0x7ed627e93dbd vm_ip_off=0x293dbd vm_flags=0x11520ddf vm_state=0x577b1fff vm_byte=0x50 table=0x7ed627cc3718 table_off=0xc3718 rax=0x7ed67d89ae23 rbx=0x7ed627cc4218 rcx=0xffffffffffff030a rdx=0x7ed627c783de rsi=0x7ed60d829f31 rdi=0x7ed627c784dd r8=0x2cbdb36b r9=0x7ed627c78377 r10=0x7ed627cc1ec4 r11=0xfef2 r12=0xb00 r13=0x7ed627c784dd r14=0x400 r15=0x7ed627c8840f rbp=0x7ed627c7836d rsp=0x7ed627bfdfc0 mem_rbx=0x7ed627cc1ec4 mem_rdi=0x577b1fff mem_r9=0x7ed627e93dbd mem_r10=0x170c18148e98948 mem_r12=? mem_r13=0x577b1fff mem_r14=? ip_w0=0xf184 ip_w1=0x6c56 ip_w2=0x12c8 ip_w3=0x6262 ip_w4=0x1e8 ip_w5=0xb048 ip_w6=0x2fb1 ip_w7=0x810 ip_w8=0x5b0 ip_w9=0xf86a ip_w10=0xbeca ip_w11=0x3da5 ip_w12=0x1 ip_w13=0x9707 ip_w14=0x8359 ip_w15=0xef2a target=0x7ed627cc1ec4 target_off=0xc1ec4
[TRACE] caller=eac.elf+0x30d25c open path=/sys/class/dmi/id/bios_vendor flags=0x0
[TRACE] caller=eac.elf+0x30d25c open path=/sys/class/dmi/id/bios_date flags=0x0
[TRACE] caller=driver+0x5454 fopen path=dumps/vmtail-mem-focus-final-site-b265e/postcall_map_7ed62843c000_7ed628449000_r--p_off_63c000.bin mode=wb
[TRACE] caller=driver+0x5454 fopen path=dumps/vmtail-mem-focus-final-site-b265e/postcall_map_7ed628449000_7ed62844b000_rw-p_off_649000.bin mode=wb
[DRIVER] sleeping 5 second(s) for worker threads
[TRACE] caller=eac.elf+0x30d25c open path=/sys/class/dmi/id/sys_vendor flags=0x0
[TRACE] caller=eac.elf+0x30d25c open path=/sys/class/dmi/id/product_name flags=0x0
[TRACE] caller=eac.elf+0x2dc86c open path=/etc/mtab flags=0x0
[TRACE] caller=eac.elf+0x30d25c open path=/sys/class/block/nvme1n1p/device/model flags=0x0
[TRACE] caller=eac.elf+0x2dc86c open path=/etc/mtab flags=0x0
[TRACE] caller=eac.elf+0x2ef009 opendir path=/dev/disk/by-id/
[TRACE] caller=eac.elf+0x2efed1 readlink path=/dev/disk/by-id/wwn-0x5000c500e5ee7ff3-part1 size=4096
[TRACE] caller=eac.elf+0x2f0707 realpath path=/dev/disk/by-id/../../sda1
[TRACE] caller=eac.elf+0x2efed1 readlink path=/dev/disk/by-id/ata-ST2000DM008-2UB102_ZFL6L34T-part1 size=10
[TRACE] caller=eac.elf+0x2f0707 realpath path=/dev/disk/by-id/../../sda1
[TRACE] caller=eac.elf+0x2efed1 readlink path=/dev/disk/by-id/ata-ST2000DM008-2UB102_ZFL6L34T size=10
[TRACE] caller=eac.elf+0x2f0707 realpath path=/dev/disk/by-id/../../sda
[TRACE] caller=eac.elf+0x2efed1 readlink path=/dev/disk/by-id/wwn-0x5000c500e5ee7ff3 size=9
[TRACE] caller=eac.elf+0x2f0707 realpath path=/dev/disk/by-id/../../sda
[TRACE] caller=eac.elf+0x2efed1 readlink path=/dev/disk/by-id/nvme-Micron_3400_MTFDKBA1T0TFH_22403BB5D67C_1-part1 size=9
[TRACE] caller=eac.elf+0x2f0707 realpath path=/dev/disk/by-id/../../nvm
[TRACE] caller=eac.elf+0x2efed1 readlink path=/dev/disk/by-id/nvme-Micron_3400_MTFDKBA1T0TFH_22403BB5D67C-part1 size=9
[TRACE] caller=eac.elf+0x2f0707 realpath path=/dev/disk/by-id/../../nvm
[TRACE] caller=eac.elf+0x2efed1 readlink path=/dev/disk/by-id/nvme-Micron_3400_MTFDKBA1T0TFH_22403BB5D7B2-part3 size=9
[TRACE] caller=eac.elf+0x2f0707 realpath path=/dev/disk/by-id/../../nvm
[TRACE] caller=eac.elf+0x2efed1 readlink path=/dev/disk/by-id/nvme-Micron_3400_MTFDKBA1T0TFH_22403BB5D7B2-part1 size=9
[TRACE] caller=eac.elf+0x2f0707 realpath path=/dev/disk/by-id/../../nvm
[TRACE] caller=eac.elf+0x2efed1 readlink path=/dev/disk/by-id/nvme-eui.000000000000000100a075223bb5d7b2-part2 size=9
[TRACE] caller=eac.elf+0x2f0707 realpath path=/dev/disk/by-id/../../nvm
[TRACE] caller=eac.elf+0x2efed1 readlink path=/dev/disk/by-id/nvme-eui.000000000000000100a075223bb5d7b2-part3 size=9
[TRACE] caller=eac.elf+0x2f0707 realpath path=/dev/disk/by-id/../../nvm
[TRACE] caller=eac.elf+0x2efed1 readlink path=/dev/disk/by-id/nvme-eui.000000000000000100a075223bb5d67c-part1 size=9
[TRACE] caller=eac.elf+0x2f0707 realpath path=/dev/disk/by-id/../../nvm
[TRACE] caller=eac.elf+0x2efed1 readlink path=/dev/disk/by-id/nvme-Micron_3400_MTFDKBA1T0TFH_22403BB5D7B2_1-part1 size=9
[TRACE] caller=eac.elf+0x2f0707 realpath path=/dev/disk/by-id/../../nvm
[TRACE] caller=eac.elf+0x2efed1 readlink path=/dev/disk/by-id/nvme-Micron_3400_MTFDKBA1T0TFH_22403BB5D7B2-part2 size=9
[TRACE] caller=eac.elf+0x2f0707 realpath path=/dev/disk/by-id/../../nvm
[TRACE] caller=eac.elf+0x2efed1 readlink path=/dev/disk/by-id/nvme-eui.000000000000000100a075223bb5d7b2-part1 size=9
[TRACE] caller=eac.elf+0x2f0707 realpath path=/dev/disk/by-id/../../nvm
[TRACE] caller=eac.elf+0x2efed1 readlink path=/dev/disk/by-id/nvme-Micron_3400_MTFDKBA1T0TFH_22403BB5D7B2_1-part3 size=9
[TRACE] caller=eac.elf+0x2f0707 realpath path=/dev/disk/by-id/../../nvm
[TRACE] caller=eac.elf+0x2efed1 readlink path=/dev/disk/by-id/nvme-Micron_3400_MTFDKBA1T0TFH_22403BB5D7B2_1-part2 size=9
[TRACE] caller=eac.elf+0x2f0707 realpath path=/dev/disk/by-id/../../nvm
[TRACE] caller=eac.elf+0x2efed1 readlink path=/dev/disk/by-id/nvme-Micron_3400_MTFDKBA1T0TFH_22403BB5D7B2 size=9
[TRACE] caller=eac.elf+0x2f0707 realpath path=/dev/disk/by-id/../../nvm
[TRACE] caller=eac.elf+0x2efed1 readlink path=/dev/disk/by-id/nvme-Micron_3400_MTFDKBA1T0TFH_22403BB5D7B2_1 size=9
[TRACE] caller=eac.elf+0x2f0707 realpath path=/dev/disk/by-id/../../nvm
[TRACE] caller=eac.elf+0x2efed1 readlink path=/dev/disk/by-id/nvme-eui.000000000000000100a075223bb5d7b2 size=9
[TRACE] caller=eac.elf+0x2f0707 realpath path=/dev/disk/by-id/../../nvm
[TRACE] caller=eac.elf+0x2efed1 readlink path=/dev/disk/by-id/nvme-Micron_3400_MTFDKBA1T0TFH_22403BB5D67C_1 size=9
[TRACE] caller=eac.elf+0x2f0707 realpath path=/dev/disk/by-id/../../nvm
[TRACE] caller=eac.elf+0x2efed1 readlink path=/dev/disk/by-id/nvme-eui.000000000000000100a075223bb5d67c size=9
[TRACE] caller=eac.elf+0x2f0707 realpath path=/dev/disk/by-id/../../nvm
[TRACE] caller=eac.elf+0x2efed1 readlink path=/dev/disk/by-id/nvme-Micron_3400_MTFDKBA1T0TFH_22403BB5D67C size=9
[TRACE] caller=eac.elf+0x2f0707 realpath path=/dev/disk/by-id/../../nvm
[TRACE] caller=eac.elf+0x2efed1 readlink path=/dev/disk/by-id/usb-ASMT_2235_00000000000000000000-0:0 size=9
[TRACE] caller=eac.elf+0x2f0707 realpath path=/dev/disk/by-id/../../sdb
[TRACE] caller=eac.elf+0x30d25c open path=/proc/cpuinfo flags=0x0
[TRACE] caller=eac.elf+0x2cb09b popen command=lshw -C display 2>/dev/null type=r DENY
[VMTAIL] site=0xb265e count=9 frame=0x7ed627c7836d frame_off=0x7836d vm_ip=0x7ed627eb24ec vm_ip_off=0x2b24ec vm_flags=0x169a4 vm_state=0xdfbb7bfe vm_byte=0x50 table=0x7ed627cc3718 table_off=0xc3718 rax=0x7ed67d61830e rbx=0x7ed627cc4218 rcx=0xffffffffffff028a rdx=0x7ed627c783de rsi=0x7ed60d829f31 rdi=0x7ed627c784dd r8=0x42e49e73 r9=0x7ed627c78377 r10=0x7ed627cc1ec4 r11=0xff72 r12=0xb00 r13=0x7ed627c784dd r14=0x400 r15=0x7ed627c8840f rbp=0x7ed627c7836d rsp=0x7ed627bfdfc0 mem_rbx=0x7ed627cc1ec4 mem_rdi=0xdfbb7bfe mem_r9=0x7ed627eb24ec mem_r10=0x170c18148e98948 mem_r12=? mem_r13=0xdfbb7bfe mem_r14=? ip_w0=0xd564 ip_w1=0xac8e ip_w2=0x361e ip_w3=0xb5b ip_w4=0x1e8 ip_w5=0x294b ip_w6=0xaa3 ip_w7=0x9108 ip_w8=0x7857 ip_w9=0x70bf ip_w10=0x3e84 ip_w11=0x3dab ip_w12=0x1 ip_w13=0xebac ip_w14=0x56d ip_w15=0x82ef target=0x7ed627cc1ec4 target_off=0xc1ec4
[VMTAIL] site=0xb265e count=10 frame=0x7ed627c7836d frame_off=0x7836d vm_ip=0x7ed627eb24ec vm_ip_off=0x2b24ec vm_flags=0x169a4 vm_state=0xdfbb7bfe vm_byte=0x50 table=0x7ed627cc3718 table_off=0xc3718 rax=0x7ed67d81a66c rbx=0x7ed627cc4218 rcx=0xffffffffffff028a rdx=0x7ed627c783de rsi=0x7ed60d829f31 rdi=0x7ed627c784dd r8=0x3317b096 r9=0x7ed627c78377 r10=0x7ed627cc1ec4 r11=0xff72 r12=0xb00 r13=0x7ed627c784dd r14=0x400 r15=0x7ed627c8840f rbp=0x7ed627c7836d rsp=0x7ed627bfdfc0 mem_rbx=0x7ed627cc1ec4 mem_rdi=0xdfbb7bfe mem_r9=0x7ed627eb24ec mem_r10=0x170c18148e98948 mem_r12=? mem_r13=0xdfbb7bfe mem_r14=? ip_w0=0xd564 ip_w1=0xac8e ip_w2=0x361e ip_w3=0xb5b ip_w4=0x1e8 ip_w5=0x294b ip_w6=0xaa3 ip_w7=0x9108 ip_w8=0x7857 ip_w9=0x70bf ip_w10=0x3e84 ip_w11=0x3dab ip_w12=0x1 ip_w13=0xebac ip_w14=0x56d ip_w15=0x82ef target=0x7ed627cc1ec4 target_off=0xc1ec4
[VMTAIL] site=0xb265e count=11 frame=0x7ed627c7836d frame_off=0x7836d vm_ip=0x7ed627eb24ec vm_ip_off=0x2b24ec vm_flags=0x169a4 vm_state=0xdfbb7bfe vm_byte=0x50 table=0x7ed627cc3718 table_off=0xc3718 rax=0x7ed67d61868e rbx=0x7ed627cc4218 rcx=0xffffffffffff028a rdx=0x7ed627c783de rsi=0x7ed60d829f31 rdi=0x7ed627c784dd r8=0x3c769aff r9=0x7ed627c78377 r10=0x7ed627cc1ec4 r11=0xff72 r12=0xb00 r13=0x7ed627c784dd r14=0x400 r15=0x7ed627c8840f rbp=0x7ed627c7836d rsp=0x7ed627bfdfc0 mem_rbx=0x7ed627cc1ec4 mem_rdi=0xdfbb7bfe mem_r9=0x7ed627eb24ec mem_r10=0x170c18148e98948 mem_r12=? mem_r13=0xdfbb7bfe mem_r14=? ip_w0=0xd564 ip_w1=0xac8e ip_w2=0x361e ip_w3=0xb5b ip_w4=0x1e8 ip_w5=0x294b ip_w6=0xaa3 ip_w7=0x9108 ip_w8=0x7857 ip_w9=0x70bf ip_w10=0x3e84 ip_w11=0x3dab ip_w12=0x1 ip_w13=0xebac ip_w14=0x56d ip_w15=0x82ef target=0x7ed627cc1ec4 target_off=0xc1ec4
[TRACE] caller=eac.elf+0x30d25c open path=/etc/machine-id flags=0x0
[TRACE] caller=eac.elf+0x30d25c open path=/etc/hostname flags=0x0
[TRACE] caller=eac.elf+0x30ac70 open path=/etc/os-release flags=0x0
[TRACE] caller=eac.elf+0x2f9551 open path=/proc/net/route flags=0x0
[TRACE] caller=eac.elf+0x305069 opendir path=/sys/class/net
[TRACE] caller=eac.elf+0x305d88 readlink path=/sys/class/net/enxce0c6f149a89 size=4096
[TRACE] caller=eac.elf+0x306735 realpath path=/sys/class/net/../../devices/pci0000:00/0000:00:14.0/usb1/1-7/1-7:1.0/net/enxce0c6f149a89
[TRACE] caller=eac.elf+0x30d25c open path=/sys/devices/pci0000:00/0000:00:14.0/usb1/1-7/1-7:1.0/net/enxce0c6f149a89/address flags=0x0
[VMTAIL] site=0xb265e count=12 frame=0x7ed627c7836d frame_off=0x7836d vm_ip=0x7ed627f4936f vm_ip_off=0x34936f vm_flags=0x84b420ee vm_state=0xdcb72bee vm_byte=0x50 table=0x7ed627cc3718 table_off=0xc3718 rax=0x7ed67d862d3d rbx=0x7ed627cc3a78 rcx=0xffffffffffff036e rdx=0x7ed627c783de rsi=0x7ed60d829f51 rdi=0x7ed627c784dd r8=0x105a0ce r9=0x7ed627c78377 r10=0x7ed627c8f24b r11=0xfe8e r12=0x360 r13=0x7ed627c784dd r14=0x400 r15=0x7ed627c8840f rbp=0x7ed627c7836d rsp=0x7ed627bfe540 mem_rbx=0x7ed627c8f24b mem_rdi=0xdcb72bee mem_r9=0x7ed627f4936f mem_r10=0x4c00000001e98148 mem_r12=? mem_r13=0xdcb72bee mem_r14=? ip_w0=0x6891 ip_w1=0x3a4 ip_w2=0xb668 ip_w3=0x1e8 ip_w4=0x8376 ip_w5=0x81e2 ip_w6=0x68 ip_w7=0x33d7 ip_w8=0xf7a ip_w9=0x6e0 ip_w10=0x5f ip_w11=0x13d ip_w12=0x97a0 ip_w13=0x5e06 ip_w14=0xbde6 ip_w15=0x3b8f target=0x7ed627c8f24b target_off=0x8f24b
[VMTAIL] site=0xb265e count=13 frame=0x7ed627c7836d frame_off=0x7836d vm_ip=0x7ed627f4936f vm_ip_off=0x34936f vm_flags=0x84b420ee vm_state=0xdcb72bee vm_byte=0x50 table=0x7ed627cc3718 table_off=0xc3718 rax=0x7ed67d862d3f rbx=0x7ed627cc3a78 rcx=0xffffffffffff036e rdx=0x7ed627c783de rsi=0x7ed60d829f51 rdi=0x7ed627c784dd r8=0xae008ba7 r9=0x7ed627c78377 r10=0x7ed627c8f24b r11=0xfe8e r12=0x360 r13=0x7ed627c784dd r14=0x400 r15=0x7ed627c8840f rbp=0x7ed627c7836d rsp=0x7ed627bfe540 mem_rbx=0x7ed627c8f24b mem_rdi=0xdcb72bee mem_r9=0x7ed627f4936f mem_r10=0x4c00000001e98148 mem_r12=? mem_r13=0xdcb72bee mem_r14=? ip_w0=0x6891 ip_w1=0x3a4 ip_w2=0xb668 ip_w3=0x1e8 ip_w4=0x8376 ip_w5=0x81e2 ip_w6=0x68 ip_w7=0x33d7 ip_w8=0xf7a ip_w9=0x6e0 ip_w10=0x5f ip_w11=0x13d ip_w12=0x97a0 ip_w13=0x5e06 ip_w14=0xbde6 ip_w15=0x3b8f target=0x7ed627c8f24b target_off=0x8f24b
[VMTAIL] site=0xb265e count=14 frame=0x7ed627c7836d frame_off=0x7836d vm_ip=0x7ed627f4936f vm_ip_off=0x34936f vm_flags=0x84b420ee vm_state=0xdcb72bee vm_byte=0x50 table=0x7ed627cc3718 table_off=0xc3718 rax=0x7ed67d762d5d rbx=0x7ed627cc3a78 rcx=0xffffffffffff036e rdx=0x7ed627c783de rsi=0x7ed60d829f51 rdi=0x7ed627c784dd r8=0x2b1aa832 r9=0x7ed627c78377 r10=0x7ed627c8f24b r11=0xfe8e r12=0x360 r13=0x7ed627c784dd r14=0x400 r15=0x7ed627c8840f rbp=0x7ed627c7836d rsp=0x7ed627bfe540 mem_rbx=0x7ed627c8f24b mem_rdi=0xdcb72bee mem_r9=0x7ed627f4936f mem_r10=0x4c00000001e98148 mem_r12=? mem_r13=0xdcb72bee mem_r14=? ip_w0=0x6891 ip_w1=0x3a4 ip_w2=0xb668 ip_w3=0x1e8 ip_w4=0x8376 ip_w5=0x81e2 ip_w6=0x68 ip_w7=0x33d7 ip_w8=0xf7a ip_w9=0x6e0 ip_w10=0x5f ip_w11=0x13d ip_w12=0x97a0 ip_w13=0x5e06 ip_w14=0xbde6 ip_w15=0x3b8f target=0x7ed627c8f24b target_off=0x8f24b
[TRACE] caller=eac.elf+0x350c8d getenv name=LD_PRELOAD -> set
[TRACE] caller=eac.elf+0x35284b getenv name=LD_AUDIT -> null
[TRACE] caller=eac.elf+0x3909b readlink path=/proc/self/exe size=4096
[TRACE] caller=eac.elf+0x3909b readlink path=/proc/self/exe size=4096
[TRACE] caller=eac.elf+0x2042b6 fopen path=/models/dev/sc-rev/eac/eacsym/driver mode=rb
[TRACE] caller=eac.elf+0x58b24 open path=/proc/modules flags=0x0
[TRACE] caller=eac.elf+0x58b24 open path=/proc/self/maps flags=0x0
[TRACE] caller=eac.elf+0x161468 getenv name=LD_AUDIT -> null
[TRACE] caller=eac.elf+0x161ea8 getenv name=LD_PRELOAD -> set
[TRACE] caller=eac.elf+0x162bce getenv name=_EAC_DEV -> null
[TRACE] caller=eac.elf+0x208abf opendir path=/proc/
[TRACE] caller=eac.elf+0x220c4d readlink path=/proc/1/exe size=4096
[TRACE] caller=eac.elf+0x221670 open path=/proc/1/comm flags=0x0
[TRACE] caller=eac.elf+0x22d2ca open path=/proc/1/cmdline flags=0x0
[TRACE] caller=eac.elf+0x220c4d readlink path=/proc/2/exe size=4096
[TRACE] caller=eac.elf+0x221670 open path=/proc/2/comm flags=0x0
[TRACE] caller=eac.elf+0x22d2ca open path=/proc/2/cmdline flags=0x0
[TRACE] caller=eac.elf+0x220c4d readlink path=/proc/3/exe size=4096
[TRACE] caller=eac.elf+0x221670 open path=/proc/3/comm flags=0x0
[TRACE] caller=eac.elf+0x22d2ca open path=/proc/3/cmdline flags=0x0
[TRACE] caller=eac.elf+0x220c4d readlink path=/proc/4/exe size=4096
[TRACE] caller=eac.elf+0x221670 open path=/proc/4/comm flags=0x0
[TRACE] caller=eac.elf+0x22d2ca open path=/proc/4/cmdline flags=0x0
[TRACE] caller=eac.elf+0x220c4d readlink path=/proc/5/exe size=4096
[TRACE] caller=eac.elf+0x221670 open path=/proc/5/comm flags=0x0
[TRACE] caller=eac.elf+0x22d2ca open path=/proc/5/cmdline flags=0x0
[TRACE] caller=eac.elf+0x220c4d readlink path=/proc/6/exe size=4096
[TRACE] caller=eac.elf+0x221670 open path=/proc/6/comm flags=0x0
[TRACE] caller=eac.elf+0x22d2ca open path=/proc/6/cmdline flags=0x0
[TRACE] caller=eac.elf+0x220c4d readlink path=/proc/7/exe size=4096
[TRACE] caller=eac.elf+0x221670 open path=/proc/7/comm flags=0x0
[TRACE] caller=eac.elf+0x22d2ca open path=/proc/7/cmdline flags=0x0
[TRACE] caller=eac.elf+0x220c4d readlink path=/proc/8/exe size=4096
[TRACE] caller=eac.elf+0x221670 open path=/proc/8/comm flags=0x0
[TRACE] caller=eac.elf+0x22d2ca open path=/proc/8/cmdline flags=0x0
[TRACE] caller=eac.elf+0x220c4d readlink path=/proc/10/exe size=4096
[TRACE] caller=eac.elf+0x221670 open path=/proc/10/comm flags=0x0
[TRACE] caller=eac.elf+0x22d2ca open path=/proc/10/cmdline flags=0x0
[TRACE] caller=eac.elf+0x220c4d readlink path=/proc/13/exe size=4096
[TRACE] caller=eac.elf+0x221670 open path=/proc/13/comm flags=0x0
[TRACE] caller=eac.elf+0x22d2ca open path=/proc/13/cmdline flags=0x0
[TRACE] caller=eac.elf+0x220c4d readlink path=/proc/14/exe size=4096
[TRACE] caller=eac.elf+0x221670 open path=/proc/14/comm flags=0x0
[TRACE] caller=eac.elf+0x22d2ca open path=/proc/14/cmdline flags=0x0
[TRACE] caller=eac.elf+0x220c4d readlink path=/proc/15/exe size=4096
[TRACE] caller=eac.elf+0x221670 open path=/proc/15/comm flags=0x0
[TRACE] caller=eac.elf+0x22d2ca open path=/proc/15/cmdline flags=0x0
[TRACE] caller=eac.elf+0x220c4d readlink path=/proc/16/exe size=4096
[TRACE] caller=eac.elf+0x221670 open path=/proc/16/comm flags=0x0
[TRACE] caller=eac.elf+0x22d2ca open path=/proc/16/cmdline flags=0x0
[TRACE] caller=eac.elf+0x220c4d readlink path=/proc/17/exe size=4096
[TRACE] caller=eac.elf+0x221670 open path=/proc/17/comm flags=0x0
[TRACE] caller=eac.elf+0x22d2ca open path=/proc/17/cmdline flags=0x0
[TRACE] caller=eac.elf+0x220c4d readlink path=/proc/18/exe size=4096
[TRACE] caller=eac.elf+0x221670 open path=/proc/18/comm flags=0x0
[TRACE] caller=eac.elf+0x22d2ca open path=/proc/18/cmdline flags=0x0
[TRACE] caller=eac.elf+0x220c4d readlink path=/proc/19/exe size=4096
[TRACE] caller=eac.elf+0x221670 open path=/proc/19/comm flags=0x0
[TRACE] caller=eac.elf+0x22d2ca open path=/proc/19/cmdline flags=0x0
[TRACE] caller=eac.elf+0x220c4d readlink path=/proc/20/exe size=4096
[TRACE] caller=eac.elf+0x221670 open path=/proc/20/comm flags=0x0
[TRACE] caller=eac.elf+0x22d2ca open path=/proc/20/cmdline flags=0x0
[TRACE] caller=eac.elf+0x220c4d readlink path=/proc/21/exe size=4096
[TRACE] caller=eac.elf+0x221670 open path=/proc/21/comm flags=0x0
[TRACE] caller=eac.elf+0x22d2ca open path=/proc/21/cmdline flags=0x0
[TRACE] caller=eac.elf+0x220c4d readlink path=/proc/22/exe size=4096
[TRACE] caller=eac.elf+0x221670 open path=/proc/22/comm flags=0x0
[TRACE] caller=eac.elf+0x22d2ca open path=/proc/22/cmdline flags=0x0
[TRACE] caller=eac.elf+0x220c4d readlink path=/proc/23/exe size=4096
[TRACE] caller=eac.elf+0x221670 open path=/proc/23/comm flags=0x0
[TRACE] caller=eac.elf+0x22d2ca open path=/proc/23/cmdline flags=0x0
[TRACE] caller=eac.elf+0x220c4d readlink path=/proc/24/exe size=4096
[TRACE] caller=eac.elf+0x221670 open path=/proc/24/comm flags=0x0
[TRACE] caller=eac.elf+0x22d2ca open path=/proc/24/cmdline flags=0x0
[TRACE] caller=eac.elf+0x220c4d readlink path=/proc/26/exe size=4096
[TRACE] caller=eac.elf+0x221670 open path=/proc/26/comm flags=0x0
[TRACE] caller=eac.elf+0x22d2ca open path=/proc/26/cmdline flags=0x0
[TRACE] caller=eac.elf+0x220c4d readlink path=/proc/27/exe size=4096
[TRACE] caller=eac.elf+0x221670 open path=/proc/27/comm flags=0x0
[TRACE] caller=eac.elf+0x22d2ca open path=/proc/27/cmdline flags=0x0
[TRACE] caller=eac.elf+0x220c4d readlink path=/proc/28/exe size=4096
[TRACE] caller=eac.elf+0x221670 open path=/proc/28/comm flags=0x0
[TRACE] caller=eac.elf+0x22d2ca open path=/proc/28/cmdline flags=0x0
[TRACE] caller=eac.elf+0x220c4d readlink path=/proc/29/exe size=4096
[TRACE] caller=eac.elf+0x221670 open path=/proc/29/comm flags=0x0
[TRACE] caller=eac.elf+0x22d2ca open path=/proc/29/cmdline flags=0x0
[TRACE] caller=eac.elf+0x220c4d readlink path=/proc/30/exe size=4096
[TRACE] caller=eac.elf+0x221670 open path=/proc/30/comm flags=0x0
[TRACE] caller=eac.elf+0x22d2ca open path=/proc/30/cmdline flags=0x0
[TRACE] caller=eac.elf+0x220c4d readlink path=/proc/32/exe size=4096
[TRACE] caller=eac.elf+0x221670 open path=/proc/32/comm flags=0x0
[TRACE] caller=eac.elf+0x22d2ca open path=/proc/32/cmdline flags=0x0
[TRACE] caller=eac.elf+0x220c4d readlink path=/proc/33/exe size=4096
[TRACE] caller=eac.elf+0x221670 open path=/proc/33/comm flags=0x0
[TRACE] caller=eac.elf+0x22d2ca open path=/proc/33/cmdline flags=0x0
[TRACE] caller=eac.elf+0x220c4d readlink path=/proc/34/exe size=4096
[TRACE] caller=eac.elf+0x221670 open path=/proc/34/comm flags=0x0
[TRACE] caller=eac.elf+0x22d2ca open path=/proc/34/cmdline flags=0x0
[TRACE] caller=eac.elf+0x220c4d readlink path=/proc/35/exe size=4096
[TRACE] caller=eac.elf+0x221670 open path=/proc/35/comm flags=0x0
[TRACE] caller=eac.elf+0x22d2ca open path=/proc/35/cmdline flags=0x0
[TRACE] caller=eac.elf+0x220c4d readlink path=/proc/36/exe size=4096
[TRACE] caller=eac.elf+0x221670 open path=/proc/36/comm flags=0x0
[TRACE] caller=eac.elf+0x22d2ca open path=/proc/36/cmdline flags=0x0
[TRACE] caller=eac.elf+0x220c4d readlink path=/proc/38/exe size=4096
[TRACE] caller=eac.elf+0x221670 open path=/proc/38/comm flags=0x0
[TRACE] caller=eac.elf+0x22d2ca open path=/proc/38/cmdline flags=0x0
[TRACE] caller=eac.elf+0x220c4d readlink path=/proc/39/exe size=4096
[TRACE] caller=eac.elf+0x221670 open path=/proc/39/comm flags=0x0
[TRACE] caller=eac.elf+0x22d2ca open path=/proc/39/cmdline flags=0x0
[TRACE] caller=eac.elf+0x220c4d readlink path=/proc/40/exe size=4096
[TRACE] caller=eac.elf+0x221670 open path=/proc/40/comm flags=0x0
[TRACE] caller=eac.elf+0x22d2ca open path=/proc/40/cmdline flags=0x0
[TRACE] caller=eac.elf+0x220c4d readlink path=/proc/41/exe size=4096
[TRACE] caller=eac.elf+0x221670 open path=/proc/41/comm flags=0x0
[TRACE] caller=eac.elf+0x22d2ca open path=/proc/41/cmdline flags=0x0
[TRACE] caller=eac.elf+0x220c4d readlink path=/proc/42/exe size=4096
[TRACE] caller=eac.elf+0x221670 open path=/proc/42/comm flags=0x0
[TRACE] caller=eac.elf+0x22d2ca open path=/proc/42/cmdline flags=0x0
[TRACE] caller=eac.elf+0x220c4d readlink path=/proc/44/exe size=4096
[TRACE] caller=eac.elf+0x221670 open path=/proc/44/comm flags=0x0
[TRACE] caller=eac.elf+0x22d2ca open path=/proc/44/cmdline flags=0x0
[TRACE] caller=eac.elf+0x220c4d readlink path=/proc/45/exe size=4096
[TRACE] caller=eac.elf+0x221670 open path=/proc/45/comm flags=0x0
[TRACE] caller=eac.elf+0x22d2ca open path=/proc/45/cmdline flags=0x0
[TRACE] caller=eac.elf+0x220c4d readlink path=/proc/46/exe size=4096
[TRACE] caller=eac.elf+0x221670 open path=/proc/46/comm flags=0x0
[TRACE] caller=eac.elf+0x22d2ca open path=/proc/46/cmdline flags=0x0
[TRACE] caller=eac.elf+0x220c4d readlink path=/proc/47/exe size=4096
[TRACE] caller=eac.elf+0x221670 open path=/proc/47/comm flags=0x0
[TRACE] caller=eac.elf+0x22d2ca open path=/proc/47/cmdline flags=0x0
[TRACE] caller=eac.elf+0x220c4d readlink path=/proc/48/exe size=4096
[TRACE] caller=eac.elf+0x221670 open path=/proc/48/comm flags=0x0
[TRACE] caller=eac.elf+0x22d2ca open path=/proc/48/cmdline flags=0x0
[TRACE] caller=eac.elf+0x220c4d readlink path=/proc/50/exe size=4096
[TRACE] caller=eac.elf+0x221670 open path=/proc/50/comm flags=0x0
[TRACE] caller=eac.elf+0x22d2ca open path=/proc/50/cmdline flags=0x0
[TRACE] caller=eac.elf+0x220c4d readlink path=/proc/51/exe size=4096
[TRACE] caller=eac.elf+0x221670 open path=/proc/51/comm flags=0x0
[TRACE] caller=eac.elf+0x22d2ca open path=/proc/51/cmdline flags=0x0
[TRACE] caller=eac.elf+0x220c4d readlink path=/proc/52/exe size=4096
[TRACE] caller=eac.elf+0x221670 open path=/proc/52/comm flags=0x0
[TRACE] caller=eac.elf+0x22d2ca open path=/proc/52/cmdline flags=0x0
[TRACE] caller=eac.elf+0x220c4d readlink path=/proc/53/exe size=4096
[TRACE] caller=eac.elf+0x221670 open path=/proc/53/comm flags=0x0
[TRACE] caller=eac.elf+0x22d2ca open path=/proc/53/cmdline flags=0x0
[TRACE] caller=eac.elf+0x220c4d readlink path=/proc/54/exe size=4096
[TRACE] caller=eac.elf+0x221670 open path=/proc/54/comm flags=0x0
[TRACE] caller=eac.elf+0x22d2ca open path=/proc/54/cmdline flags=0x0
[TRACE] caller=eac.elf+0x220c4d readlink path=/proc/56/exe size=4096
[TRACE] caller=eac.elf+0x221670 open path=/proc/56/comm flags=0x0
[TRACE] caller=eac.elf+0x22d2ca open path=/proc/56/cmdline flags=0x0
[TRACE] caller=eac.elf+0x220c4d readlink path=/proc/57/exe size=4096
[TRACE] caller=eac.elf+0x221670 open path=/proc/57/comm flags=0x0
[TRACE] caller=eac.elf+0x22d2ca open path=/proc/57/cmdline flags=0x0
[TRACE] caller=eac.elf+0x220c4d readlink path=/proc/58/exe size=4096
[TRACE] caller=eac.elf+0x221670 open path=/proc/58/comm flags=0x0
[TRACE] caller=eac.elf+0x22d2ca open path=/proc/58/cmdline flags=0x0
[TRACE] caller=eac.elf+0x220c4d readlink path=/proc/59/exe size=4096
[TRACE] caller=eac.elf+0x221670 open path=/proc/59/comm flags=0x0
[TRACE] caller=eac.elf+0x22d2ca open path=/proc/59/cmdline flags=0x0
[TRACE] caller=eac.elf+0x220c4d readlink path=/proc/60/exe size=4096
[TRACE] caller=eac.elf+0x221670 open path=/proc/60/comm flags=0x0
[TRACE] caller=eac.elf+0x22d2ca open path=/proc/60/cmdline flags=0x0
[TRACE] caller=eac.elf+0x220c4d readlink path=/proc/62/exe size=4096
[TRACE] caller=eac.elf+0x221670 open path=/proc/62/comm flags=0x0
[TRACE] caller=eac.elf+0x22d2ca open path=/proc/62/cmdline flags=0x0
[TRACE] caller=eac.elf+0x220c4d readlink path=/proc/63/exe size=4096
[TRACE] caller=eac.elf+0x221670 open path=/proc/63/comm flags=0x0
[TRACE] caller=eac.elf+0x22d2ca open path=/proc/63/cmdline flags=0x0
[TRACE] caller=eac.elf+0x220c4d readlink path=/proc/64/exe size=4096
[TRACE] caller=eac.elf+0x221670 open path=/proc/64/comm flags=0x0
[TRACE] caller=eac.elf+0x22d2ca open path=/proc/64/cmdline flags=0x0
[TRACE] caller=eac.elf+0x220c4d readlink path=/proc/65/exe size=4096
[TRACE] caller=eac.elf+0x221670 open path=/proc/65/comm flags=0x0
[TRACE] caller=eac.elf+0x22d2ca open path=/proc/65/cmdline flags=0x0
[TRACE] caller=eac.elf+0x220c4d readlink path=/proc/66/exe size=4096
[TRACE] caller=eac.elf+0x221670 open path=/proc/66/comm flags=0x0
[TRACE] caller=eac.elf+0x22d2ca open path=/proc/66/cmdline flags=0x0
[TRACE] caller=eac.elf+0x220c4d readlink path=/proc/68/exe size=4096
[TRACE] caller=eac.elf+0x221670 open path=/proc/68/comm flags=0x0
[TRACE] caller=eac.elf+0x22d2ca open path=/proc/68/cmdline flags=0x0
[TRACE] caller=eac.elf+0x220c4d readlink path=/proc/69/exe size=4096
[TRACE] caller=eac.elf+0x221670 open path=/proc/69/comm flags=0x0
[TRACE] caller=eac.elf+0x22d2ca open path=/proc/69/cmdline flags=0x0
[TRACE] caller=eac.elf+0x220c4d readlink path=/proc/70/exe size=4096
[TRACE] caller=eac.elf+0x221670 open path=/proc/70/comm flags=0x0
[TRACE] caller=eac.elf+0x22d2ca open path=/proc/70/cmdline flags=0x0
[TRACE] caller=eac.elf+0x220c4d readlink path=/proc/71/exe size=4096
[TRACE] caller=eac.elf+0x221670 open path=/proc/71/comm flags=0x0
[TRACE] caller=eac.elf+0x22d2ca open path=/proc/71/cmdline flags=0x0
[TRACE] caller=eac.elf+0x220c4d readlink path=/proc/72/exe size=4096
[TRACE] caller=eac.elf+0x221670 open path=/proc/72/comm flags=0x0
[TRACE] caller=eac.elf+0x22d2ca open path=/proc/72/cmdline flags=0x0
[TRACE] caller=eac.elf+0x220c4d readlink path=/proc/73/exe size=4096
[TRACE] caller=eac.elf+0x221670 open path=/proc/73/comm flags=0x0
[TRACE] caller=eac.elf+0x22d2ca open path=/proc/73/cmdline flags=0x0
[TRACE] caller=eac.elf+0x220c4d readlink path=/proc/75/exe size=4096
[TRACE] caller=eac.elf+0x221670 open path=/proc/75/comm flags=0x0
[TRACE] caller=eac.elf+0x22d2ca open path=/proc/75/cmdline flags=0x0
[TRACE] caller=eac.elf+0x220c4d readlink path=/proc/76/exe size=4096
[TRACE] caller=eac.elf+0x221670 open path=/proc/76/comm flags=0x0
[TRACE] caller=eac.elf+0x22d2ca open path=/proc/76/cmdline flags=0x0
[TRACE] caller=eac.elf+0x220c4d readlink path=/proc/77/exe size=4096
[TRACE] caller=eac.elf+0x221670 open path=/proc/77/comm flags=0x0
[TRACE] caller=eac.elf+0x22d2ca open path=/proc/77/cmdline flags=0x0
[TRACE] caller=eac.elf+0x220c4d readlink path=/proc/78/exe size=4096
[TRACE] caller=eac.elf+0x221670 open path=/proc/78/comm flags=0x0
[TRACE] caller=eac.elf+0x22d2ca open path=/proc/78/cmdline flags=0x0
[TRACE] caller=eac.elf+0x220c4d readlink path=/proc/79/exe size=4096
[TRACE] caller=eac.elf+0x221670 open path=/proc/79/comm flags=0x0
[TRACE] caller=eac.elf+0x22d2ca open path=/proc/79/cmdline flags=0x0
[TRACE] caller=eac.elf+0x220c4d readlink path=/proc/81/exe size=4096
[TRACE] caller=eac.elf+0x221670 open path=/proc/81/comm flags=0x0
[TRACE] caller=eac.elf+0x22d2ca open path=/proc/81/cmdline flags=0x0
[TRACE] caller=eac.elf+0x220c4d readlink path=/proc/82/exe size=4096
[TRACE] caller=eac.elf+0x221670 open path=/proc/82/comm flags=0x0
[TRACE] caller=eac.elf+0x22d2ca open path=/proc/82/cmdline flags=0x0
[TRACE] caller=eac.elf+0x220c4d readlink path=/proc/83/exe size=4096
[TRACE] caller=eac.elf+0x221670 open path=/proc/83/comm flags=0x0
[TRACE] caller=eac.elf+0x22d2ca open path=/proc/83/cmdline flags=0x0
[TRACE] caller=eac.elf+0x220c4d readlink path=/proc/84/exe size=4096
[TRACE] caller=eac.elf+0x221670 open path=/proc/84/comm flags=0x0
[TRACE] caller=eac.elf+0x22d2ca open path=/proc/84/cmdline flags=0x0
[TRACE] caller=eac.elf+0x220c4d readlink path=/proc/85/exe size=4096
[TRACE] caller=eac.elf+0x221670 open path=/proc/85/comm flags=0x0
[TRACE] caller=eac.elf+0x22d2ca open path=/proc/85/cmdline flags=0x0
[TRACE] caller=eac.elf+0x220c4d readlink path=/proc/87/exe size=4096
[TRACE] caller=eac.elf+0x221670 open path=/proc/87/comm flags=0x0
[TRACE] caller=eac.elf+0x22d2ca open path=/proc/87/cmdline flags=0x0
[TRACE] caller=eac.elf+0x220c4d readlink path=/proc/88/exe size=4096
[TRACE] caller=eac.elf+0x221670 open path=/proc/88/comm flags=0x0
[TRACE] caller=eac.elf+0x22d2ca open path=/proc/88/cmdline flags=0x0
[TRACE] caller=eac.elf+0x220c4d readlink path=/proc/89/exe size=4096
[TRACE] caller=eac.elf+0x221670 open path=/proc/89/comm flags=0x0
[TRACE] caller=eac.elf+0x22d2ca open path=/proc/89/cmdline flags=0x0
[TRACE] caller=eac.elf+0x220c4d readlink path=/proc/90/exe size=4096
[TRACE] caller=eac.elf+0x221670 open path=/proc/90/comm flags=0x0
[TRACE] caller=eac.elf+0x22d2ca open path=/proc/90/cmdline flags=0x0
[TRACE] caller=eac.elf+0x220c4d readlink path=/proc/91/exe size=4096
[TRACE] caller=eac.elf+0x221670 open path=/proc/91/comm flags=0x0
[TRACE] caller=eac.elf+0x22d2ca open path=/proc/91/cmdline flags=0x0
[TRACE] caller=eac.elf+0x220c4d readlink path=/proc/93/exe size=4096
[TRACE] caller=eac.elf+0x221670 open path=/proc/93/comm flags=0x0
[TRACE] caller=eac.elf+0x22d2ca open path=/proc/93/cmdline flags=0x0
[TRACE] caller=eac.elf+0x220c4d readlink path=/proc/94/exe size=4096
[TRACE] caller=eac.elf+0x221670 open path=/proc/94/comm flags=0x0
[TRACE] caller=eac.elf+0x22d2ca open path=/proc/94/cmdline flags=0x0
[TRACE] caller=eac.elf+0x220c4d readlink path=/proc/95/exe size=4096
[TRACE] caller=eac.elf+0x221670 open path=/proc/95/comm flags=0x0
[TRACE] caller=eac.elf+0x22d2ca open path=/proc/95/cmdline flags=0x0
[TRACE] caller=eac.elf+0x220c4d readlink path=/proc/96/exe size=4096
[TRACE] caller=eac.elf+0x221670 open path=/proc/96/comm flags=0x0
[TRACE] caller=eac.elf+0x22d2ca open path=/proc/96/cmdline flags=0x0
[TRACE] caller=eac.elf+0x220c4d readlink path=/proc/97/exe size=4096
[TRACE] caller=eac.elf+0x221670 open path=/proc/97/comm flags=0x0
[TRACE] caller=eac.elf+0x22d2ca open path=/proc/97/cmdline flags=0x0
[TRACE] caller=eac.elf+0x220c4d readlink path=/proc/99/exe size=4096
[TRACE] caller=eac.elf+0x221670 open path=/proc/99/comm flags=0x0
[TRACE] caller=eac.elf+0x22d2ca open path=/proc/99/cmdline flags=0x0
[TRACE] caller=eac.elf+0x220c4d readlink path=/proc/100/exe size=4096
[TRACE] caller=eac.elf+0x221670 open path=/proc/100/comm flags=0x0
[TRACE] caller=eac.elf+0x22d2ca open path=/proc/100/cmdline flags=0x0
[TRACE] caller=eac.elf+0x220c4d readlink path=/proc/101/exe size=4096
[TRACE] caller=eac.elf+0x221670 open path=/proc/101/comm flags=0x0
[TRACE] caller=eac.elf+0x22d2ca open path=/proc/101/cmdline flags=0x0
[TRACE] caller=eac.elf+0x220c4d readlink path=/proc/102/exe size=4096
[TRACE] caller=eac.elf+0x221670 open path=/proc/102/comm flags=0x0
[TRACE] caller=eac.elf+0x22d2ca open path=/proc/102/cmdline flags=0x0
[TRACE] caller=eac.elf+0x220c4d readlink path=/proc/103/exe size=4096
[TRACE] caller=eac.elf+0x221670 open path=/proc/103/comm flags=0x0
[TRACE] caller=eac.elf+0x22d2ca open path=/proc/103/cmdline flags=0x0
[TRACE] caller=eac.elf+0x220c4d readlink path=/proc/105/exe size=4096
[TRACE] caller=eac.elf+0x221670 open path=/proc/105/comm flags=0x0
[TRACE] caller=eac.elf+0x22d2ca open path=/proc/105/cmdline flags=0x0
[TRACE] caller=eac.elf+0x220c4d readlink path=/proc/106/exe size=4096
[TRACE] caller=eac.elf+0x221670 open path=/proc/106/comm flags=0x0
[TRACE] caller=eac.elf+0x22d2ca open path=/proc/106/cmdline flags=0x0
[TRACE] caller=eac.elf+0x220c4d readlink path=/proc/107/exe size=4096
[TRACE] caller=eac.elf+0x221670 open path=/proc/107/comm flags=0x0
[TRACE] caller=eac.elf+0x22d2ca open path=/proc/107/cmdline flags=0x0
[TRACE] caller=eac.elf+0x220c4d readlink path=/proc/108/exe size=4096
[TRACE] caller=eac.elf+0x221670 open path=/proc/108/comm flags=0x0
[TRACE] caller=eac.elf+0x22d2ca open path=/proc/108/cmdline flags=0x0
[TRACE] caller=eac.elf+0x220c4d readlink path=/proc/109/exe size=4096
[TRACE] caller=eac.elf+0x221670 open path=/proc/109/comm flags=0x0
[TRACE] caller=eac.elf+0x22d2ca open path=/proc/109/cmdline flags=0x0
[TRACE] caller=eac.elf+0x220c4d readlink path=/proc/111/exe size=4096
[TRACE] caller=eac.elf+0x221670 open path=/proc/111/comm flags=0x0
[TRACE] caller=eac.elf+0x22d2ca open path=/proc/111/cmdline flags=0x0
[TRACE] caller=eac.elf+0x220c4d readlink path=/proc/112/exe size=4096
[TRACE] caller=eac.elf+0x221670 open path=/proc/112/comm flags=0x0
[TRACE] caller=eac.elf+0x22d2ca open path=/proc/112/cmdline flags=0x0
[TRACE] caller=eac.elf+0x220c4d readlink path=/proc/113/exe size=4096
[TRACE] caller=eac.elf+0x221670 open path=/proc/113/comm flags=0x0
[TRACE] caller=eac.elf+0x22d2ca open path=/proc/113/cmdline flags=0x0
[TRACE] caller=eac.elf+0x220c4d readlink path=/proc/114/exe size=4096
[TRACE] caller=eac.elf+0x221670 open path=/proc/114/comm flags=0x0
[TRACE] caller=eac.elf+0x22d2ca open path=/proc/114/cmdline flags=0x0
[TRACE] caller=eac.elf+0x220c4d readlink path=/proc/115/exe size=4096
[TRACE] caller=eac.elf+0x221670 open path=/proc/115/comm flags=0x0
[TRACE] caller=eac.elf+0x22d2ca open path=/proc/115/cmdline flags=0x0
[TRACE] caller=eac.elf+0x220c4d readlink path=/proc/117/exe size=4096
[TRACE] caller=eac.elf+0x221670 open path=/proc/117/comm flags=0x0
[TRACE] caller=eac.elf+0x22d2ca open path=/proc/117/cmdline flags=0x0
[TRACE] caller=eac.elf+0x220c4d readlink path=/proc/118/exe size=4096
[TRACE] caller=eac.elf+0x221670 open path=/proc/118/comm flags=0x0
[TRACE] caller=eac.elf+0x22d2ca open path=/proc/118/cmdline flags=0x0
[TRACE] caller=eac.elf+0x220c4d readlink path=/proc/119/exe size=4096
[TRACE] caller=eac.elf+0x221670 open path=/proc/119/comm flags=0x0
[TRACE] caller=eac.elf+0x22d2ca open path=/proc/119/cmdline flags=0x0
[TRACE] caller=eac.elf+0x220c4d readlink path=/proc/120/exe size=4096
[TRACE] caller=eac.elf+0x221670 open path=/proc/120/comm flags=0x0
[TRACE] caller=eac.elf+0x22d2ca open path=/proc/120/cmdline flags=0x0
[TRACE] caller=eac.elf+0x220c4d readlink path=/proc/121/exe size=4096
[TRACE] caller=eac.elf+0x221670 open path=/proc/121/comm flags=0x0
[TRACE] caller=eac.elf+0x22d2ca open path=/proc/121/cmdline flags=0x0
[TRACE] caller=eac.elf+0x220c4d readlink path=/proc/123/exe size=4096
[TRACE] caller=eac.elf+0x221670 open path=/proc/123/comm flags=0x0
[TRACE] caller=eac.elf+0x22d2ca open path=/proc/123/cmdline flags=0x0
[TRACE] caller=eac.elf+0x220c4d readlink path=/proc/124/exe size=4096
[TRACE] caller=eac.elf+0x221670 open path=/proc/124/comm flags=0x0
[TRACE] caller=eac.elf+0x22d2ca open path=/proc/124/cmdline flags=0x0
[TRACE] caller=eac.elf+0x220c4d readlink path=/proc/125/exe size=4096
[TRACE] caller=eac.elf+0x221670 open path=/proc/125/comm flags=0x0
[TRACE] caller=eac.elf+0x22d2ca open path=/proc/125/cmdline flags=0x0
[TRACE] caller=eac.elf+0x220c4d readlink path=/proc/126/exe size=4096
[TRACE] caller=eac.elf+0x221670 open path=/proc/126/comm flags=0x0
[TRACE] caller=eac.elf+0x22d2ca open path=/proc/126/cmdline flags=0x0
[TRACE] caller=eac.elf+0x220c4d readlink path=/proc/127/exe size=4096
[TRACE] caller=eac.elf+0x221670 open path=/proc/127/comm flags=0x0
[TRACE] caller=eac.elf+0x22d2ca open path=/proc/127/cmdline flags=0x0
[TRACE] caller=eac.elf+0x220c4d readlink path=/proc/129/exe size=4096
[TRACE] caller=eac.elf+0x221670 open path=/proc/129/comm flags=0x0
[TRACE] caller=eac.elf+0x22d2ca open path=/proc/129/cmdline flags=0x0
[TRACE] caller=eac.elf+0x220c4d readlink path=/proc/130/exe size=4096
[TRACE] caller=eac.elf+0x221670 open path=/proc/130/comm flags=0x0
[TRACE] caller=eac.elf+0x22d2ca open path=/proc/130/cmdline flags=0x0
[TRACE] caller=eac.elf+0x220c4d readlink path=/proc/131/exe size=4096
[TRACE] caller=eac.elf+0x221670 open path=/proc/131/comm flags=0x0
[TRACE] caller=eac.elf+0x22d2ca open path=/proc/131/cmdline flags=0x0
[TRACE] caller=eac.elf+0x220c4d readlink path=/proc/132/exe size=4096
[TRACE] caller=eac.elf+0x221670 open path=/proc/132/comm flags=0x0
[TRACE] caller=eac.elf+0x22d2ca open path=/proc/132/cmdline flags=0x0
[TRACE] caller=eac.elf+0x220c4d readlink path=/proc/133/exe size=4096
[TRACE] caller=eac.elf+0x221670 open path=/proc/133/comm flags=0x0
[TRACE] caller=eac.elf+0x22d2ca open path=/proc/133/cmdline flags=0x0
[TRACE] caller=eac.elf+0x220c4d readlink path=/proc/135/exe size=4096
[TRACE] caller=eac.elf+0x221670 open path=/proc/135/comm flags=0x0
[TRACE] caller=eac.elf+0x22d2ca open path=/proc/135/cmdline flags=0x0
[TRACE] caller=eac.elf+0x220c4d readlink path=/proc/136/exe size=4096
[TRACE] caller=eac.elf+0x221670 open path=/proc/136/comm flags=0x0
[TRACE] caller=eac.elf+0x22d2ca open path=/proc/136/cmdline flags=0x0
[TRACE] caller=eac.elf+0x220c4d readlink path=/proc/137/exe size=4096
[TRACE] caller=eac.elf+0x221670 open path=/proc/137/comm flags=0x0
[TRACE] caller=eac.elf+0x22d2ca open path=/proc/137/cmdline flags=0x0
[TRACE] caller=eac.elf+0x220c4d readlink path=/proc/138/exe size=4096
[TRACE] caller=eac.elf+0x221670 open path=/proc/138/comm flags=0x0
[TRACE] caller=eac.elf+0x22d2ca open path=/proc/138/cmdline flags=0x0
[TRACE] caller=eac.elf+0x220c4d readlink path=/proc/139/exe size=4096
[TRACE] caller=eac.elf+0x221670 open path=/proc/139/comm flags=0x0
[TRACE] caller=eac.elf+0x22d2ca open path=/proc/139/cmdline flags=0x0
[TRACE] caller=eac.elf+0x220c4d readlink path=/proc/141/exe size=4096
[TRACE] caller=eac.elf+0x221670 open path=/proc/141/comm flags=0x0
[TRACE] caller=eac.elf+0x22d2ca open path=/proc/141/cmdline flags=0x0
[TRACE] caller=eac.elf+0x220c4d readlink path=/proc/142/exe size=4096
[TRACE] caller=eac.elf+0x221670 open path=/proc/142/comm flags=0x0
[TRACE] caller=eac.elf+0x22d2ca open path=/proc/142/cmdline flags=0x0
[TRACE] caller=eac.elf+0x220c4d readlink path=/proc/143/exe size=4096
[TRACE] caller=eac.elf+0x221670 open path=/proc/143/comm flags=0x0
[TRACE] caller=eac.elf+0x22d2ca open path=/proc/143/cmdline flags=0x0
[TRACE] caller=eac.elf+0x220c4d readlink path=/proc/144/exe size=4096
[TRACE] caller=eac.elf+0x221670 open path=/proc/144/comm flags=0x0
[TRACE] caller=eac.elf+0x22d2ca open path=/proc/144/cmdline flags=0x0
[TRACE] caller=eac.elf+0x220c4d readlink path=/proc/145/exe size=4096
[TRACE] caller=eac.elf+0x221670 open path=/proc/145/comm flags=0x0
[TRACE] caller=eac.elf+0x22d2ca open path=/proc/145/cmdline flags=0x0
[TRACE] caller=eac.elf+0x220c4d readlink path=/proc/147/exe size=4096
[TRACE] caller=eac.elf+0x221670 open path=/proc/147/comm flags=0x0
[TRACE] caller=eac.elf+0x22d2ca open path=/proc/147/cmdline flags=0x0
[TRACE] caller=eac.elf+0x220c4d readlink path=/proc/148/exe size=4096
[TRACE] caller=eac.elf+0x221670 open path=/proc/148/comm flags=0x0
[TRACE] caller=eac.elf+0x22d2ca open path=/proc/148/cmdline flags=0x0
[TRACE] caller=eac.elf+0x220c4d readlink path=/proc/149/exe size=4096
[TRACE] caller=eac.elf+0x221670 open path=/proc/149/comm flags=0x0
[TRACE] caller=eac.elf+0x22d2ca open path=/proc/149/cmdline flags=0x0
[TRACE] caller=eac.elf+0x220c4d readlink path=/proc/150/exe size=4096
[TRACE] caller=eac.elf+0x221670 open path=/proc/150/comm flags=0x0
[TRACE] caller=eac.elf+0x22d2ca open path=/proc/150/cmdline flags=0x0
[TRACE] caller=eac.elf+0x220c4d readlink path=/proc/151/exe size=4096
[TRACE] caller=eac.elf+0x221670 open path=/proc/151/comm flags=0x0
[TRACE] caller=eac.elf+0x22d2ca open path=/proc/151/cmdline flags=0x0
[TRACE] caller=eac.elf+0x220c4d readlink path=/proc/153/exe size=4096
[TRACE] caller=eac.elf+0x221670 open path=/proc/153/comm flags=0x0
[TRACE] caller=eac.elf+0x22d2ca open path=/proc/153/cmdline flags=0x0
[TRACE] caller=eac.elf+0x220c4d readlink path=/proc/154/exe size=4096
[TRACE] caller=eac.elf+0x221670 open path=/proc/154/comm flags=0x0
[TRACE] caller=eac.elf+0x22d2ca open path=/proc/154/cmdline flags=0x0
[TRACE] caller=eac.elf+0x220c4d readlink path=/proc/155/exe size=4096
[TRACE] caller=eac.elf+0x221670 open path=/proc/155/comm flags=0x0
[TRACE] caller=eac.elf+0x22d2ca open path=/proc/155/cmdline flags=0x0
[TRACE] caller=eac.elf+0x220c4d readlink path=/proc/156/exe size=4096
[TRACE] caller=eac.elf+0x221670 open path=/proc/156/comm flags=0x0
[TRACE] caller=eac.elf+0x22d2ca open path=/proc/156/cmdline flags=0x0
[TRACE] caller=eac.elf+0x220c4d readlink path=/proc/157/exe size=4096
[TRACE] caller=eac.elf+0x221670 open path=/proc/157/comm flags=0x0
[TRACE] caller=eac.elf+0x22d2ca open path=/proc/157/cmdline flags=0x0
[TRACE] caller=eac.elf+0x220c4d readlink path=/proc/159/exe size=4096
[TRACE] caller=eac.elf+0x221670 open path=/proc/159/comm flags=0x0
[TRACE] caller=eac.elf+0x22d2ca open path=/proc/159/cmdline flags=0x0
[TRACE] caller=eac.elf+0x220c4d readlink path=/proc/160/exe size=4096
[TRACE] caller=eac.elf+0x221670 open path=/proc/160/comm flags=0x0
[TRACE] caller=eac.elf+0x22d2ca open path=/proc/160/cmdline flags=0x0
[TRACE] caller=eac.elf+0x220c4d readlink path=/proc/161/exe size=4096
[TRACE] caller=eac.elf+0x221670 open path=/proc/161/comm flags=0x0
[TRACE] caller=eac.elf+0x22d2ca open path=/proc/161/cmdline flags=0x0
[TRACE] caller=eac.elf+0x220c4d readlink path=/proc/162/exe size=4096
[TRACE] caller=eac.elf+0x221670 open path=/proc/162/comm flags=0x0
[TRACE] caller=eac.elf+0x22d2ca open path=/proc/162/cmdline flags=0x0
[TRACE] caller=eac.elf+0x220c4d readlink path=/proc/163/exe size=4096
[TRACE] caller=eac.elf+0x221670 open path=/proc/163/comm flags=0x0
[TRACE] caller=eac.elf+0x22d2ca open path=/proc/163/cmdline flags=0x0
[TRACE] caller=eac.elf+0x220c4d readlink path=/proc/165/exe size=4096
[TRACE] caller=eac.elf+0x221670 open path=/proc/165/comm flags=0x0
[TRACE] caller=eac.elf+0x22d2ca open path=/proc/165/cmdline flags=0x0
[TRACE] caller=eac.elf+0x220c4d readlink path=/proc/166/exe size=4096
[TRACE] caller=eac.elf+0x221670 open path=/proc/166/comm flags=0x0
[TRACE] caller=eac.elf+0x22d2ca open path=/proc/166/cmdline flags=0x0
[TRACE] caller=eac.elf+0x220c4d readlink path=/proc/167/exe size=4096
[TRACE] caller=eac.elf+0x221670 open path=/proc/167/comm flags=0x0
[TRACE] caller=eac.elf+0x22d2ca open path=/proc/167/cmdline flags=0x0
[TRACE] caller=eac.elf+0x220c4d readlink path=/proc/168/exe size=4096
[TRACE] caller=eac.elf+0x221670 open path=/proc/168/comm flags=0x0
[TRACE] caller=eac.elf+0x22d2ca open path=/proc/168/cmdline flags=0x0
[TRACE] caller=eac.elf+0x220c4d readlink path=/proc/169/exe size=4096
[TRACE] caller=eac.elf+0x221670 open path=/proc/169/comm flags=0x0
[TRACE] caller=eac.elf+0x22d2ca open path=/proc/169/cmdline flags=0x0
[TRACE] caller=eac.elf+0x220c4d readlink path=/proc/171/exe size=4096
[TRACE] caller=eac.elf+0x221670 open path=/proc/171/comm flags=0x0
[TRACE] caller=eac.elf+0x22d2ca open path=/proc/171/cmdline flags=0x0
[TRACE] caller=eac.elf+0x220c4d readlink path=/proc/172/exe size=4096
[TRACE] caller=eac.elf+0x221670 open path=/proc/172/comm flags=0x0
[TRACE] caller=eac.elf+0x22d2ca open path=/proc/172/cmdline flags=0x0
[TRACE] caller=eac.elf+0x220c4d readlink path=/proc/173/exe size=4096
[TRACE] caller=eac.elf+0x221670 open path=/proc/173/comm flags=0x0
[TRACE] caller=eac.elf+0x22d2ca open path=/proc/173/cmdline flags=0x0
[TRACE] caller=eac.elf+0x220c4d readlink path=/proc/174/exe size=4096
[TRACE] caller=eac.elf+0x221670 open path=/proc/174/comm flags=0x0
[TRACE] caller=eac.elf+0x22d2ca open path=/proc/174/cmdline flags=0x0
[TRACE] caller=eac.elf+0x220c4d readlink path=/proc/175/exe size=4096
[TRACE] caller=eac.elf+0x221670 open path=/proc/175/comm flags=0x0
[TRACE] caller=eac.elf+0x22d2ca open path=/proc/175/cmdline flags=0x0
[TRACE] caller=eac.elf+0x220c4d readlink path=/proc/177/exe size=4096
[TRACE] caller=eac.elf+0x221670 open path=/proc/177/comm flags=0x0
[TRACE] caller=eac.elf+0x22d2ca open path=/proc/177/cmdline flags=0x0
[TRACE] caller=eac.elf+0x220c4d readlink path=/proc/178/exe size=4096
[TRACE] caller=eac.elf+0x221670 open path=/proc/178/comm flags=0x0
[TRACE] caller=eac.elf+0x22d2ca open path=/proc/178/cmdline flags=0x0
[TRACE] caller=eac.elf+0x220c4d readlink path=/proc/179/exe size=4096
[TRACE] caller=eac.elf+0x221670 open path=/proc/179/comm flags=0x0
[TRACE] caller=eac.elf+0x22d2ca open path=/proc/179/cmdline flags=0x0
[TRACE] caller=eac.elf+0x220c4d readlink path=/proc/180/exe size=4096
[TRACE] caller=eac.elf+0x221670 open path=/proc/180/comm flags=0x0
[TRACE] caller=eac.elf+0x22d2ca open path=/proc/180/cmdline flags=0x0
[TRACE] caller=eac.elf+0x220c4d readlink path=/proc/181/exe size=4096
[TRACE] caller=eac.elf+0x221670 open path=/proc/181/comm flags=0x0
[TRACE] caller=eac.elf+0x22d2ca open path=/proc/181/cmdline flags=0x0
[TRACE] caller=eac.elf+0x220c4d readlink path=/proc/183/exe size=4096
[TRACE] caller=eac.elf+0x221670 open path=/proc/183/comm flags=0x0
[TRACE] caller=eac.elf+0x22d2ca open path=/proc/183/cmdline flags=0x0
[TRACE] caller=eac.elf+0x220c4d readlink path=/proc/184/exe size=4096
[TRACE] caller=eac.elf+0x221670 open path=/proc/184/comm flags=0x0
[TRACE] caller=eac.elf+0x22d2ca open path=/proc/184/cmdline flags=0x0
[TRACE] caller=eac.elf+0x220c4d readlink path=/proc/185/exe size=4096
[TRACE] caller=eac.elf+0x221670 open path=/proc/185/comm flags=0x0
[TRACE] caller=eac.elf+0x22d2ca open path=/proc/185/cmdline flags=0x0
[TRACE] caller=eac.elf+0x220c4d readlink path=/proc/186/exe size=4096
[TRACE] caller=eac.elf+0x221670 open path=/proc/186/comm flags=0x0
[TRACE] caller=eac.elf+0x22d2ca open path=/proc/186/cmdline flags=0x0
[TRACE] caller=eac.elf+0x220c4d readlink path=/proc/187/exe size=4096
[TRACE] caller=eac.elf+0x221670 open path=/proc/187/comm flags=0x0
[TRACE] caller=eac.elf+0x22d2ca open path=/proc/187/cmdline flags=0x0
[TRACE] caller=eac.elf+0x220c4d readlink path=/proc/189/exe size=4096
[TRACE] caller=eac.elf+0x221670 open path=/proc/189/comm flags=0x0
[TRACE] caller=eac.elf+0x22d2ca open path=/proc/189/cmdline flags=0x0
[TRACE] caller=eac.elf+0x220c4d readlink path=/proc/190/exe size=4096
[TRACE] caller=eac.elf+0x221670 open path=/proc/190/comm flags=0x0
[TRACE] caller=eac.elf+0x22d2ca open path=/proc/190/cmdline flags=0x0
[TRACE] caller=eac.elf+0x220c4d readlink path=/proc/191/exe size=4096
[TRACE] caller=eac.elf+0x221670 open path=/proc/191/comm flags=0x0
[TRACE] caller=eac.elf+0x22d2ca open path=/proc/191/cmdline flags=0x0
[TRACE] caller=eac.elf+0x220c4d readlink path=/proc/192/exe size=4096
[TRACE] caller=eac.elf+0x221670 open path=/proc/192/comm flags=0x0
[TRACE] caller=eac.elf+0x22d2ca open path=/proc/192/cmdline flags=0x0
[TRACE] caller=eac.elf+0x220c4d readlink path=/proc/193/exe size=4096
[TRACE] caller=eac.elf+0x221670 open path=/proc/193/comm flags=0x0
[TRACE] caller=eac.elf+0x22d2ca open path=/proc/193/cmdline flags=0x0
[TRACE] caller=eac.elf+0x220c4d readlink path=/proc/195/exe size=4096
[TRACE] caller=eac.elf+0x221670 open path=/proc/195/comm flags=0x0
[TRACE] caller=eac.elf+0x22d2ca open path=/proc/195/cmdline flags=0x0
[TRACE] caller=eac.elf+0x220c4d readlink path=/proc/196/exe size=4096
[TRACE] caller=eac.elf+0x221670 open path=/proc/196/comm flags=0x0
[TRACE] caller=eac.elf+0x22d2ca open path=/proc/196/cmdline flags=0x0
[TRACE] caller=eac.elf+0x220c4d readlink path=/proc/197/exe size=4096
[TRACE] caller=eac.elf+0x221670 open path=/proc/197/comm flags=0x0
[TRACE] caller=eac.elf+0x22d2ca open path=/proc/197/cmdline flags=0x0
[TRACE] caller=eac.elf+0x220c4d readlink path=/proc/198/exe size=4096
[TRACE] caller=eac.elf+0x221670 open path=/proc/198/comm flags=0x0
[TRACE] caller=eac.elf+0x22d2ca open path=/proc/198/cmdline flags=0x0
[TRACE] caller=eac.elf+0x220c4d readlink path=/proc/199/exe size=4096
[TRACE] caller=eac.elf+0x221670 open path=/proc/199/comm flags=0x0
[TRACE] caller=eac.elf+0x22d2ca open path=/proc/199/cmdline flags=0x0
[TRACE] caller=eac.elf+0x220c4d readlink path=/proc/201/exe size=4096
[TRACE] caller=eac.elf+0x221670 open path=/proc/201/comm flags=0x0
[TRACE] caller=eac.elf+0x22d2ca open path=/proc/201/cmdline flags=0x0
[TRACE] caller=eac.elf+0x220c4d readlink path=/proc/202/exe size=4096
[TRACE] caller=eac.elf+0x221670 open path=/proc/202/comm flags=0x0
[TRACE] caller=eac.elf+0x22d2ca open path=/proc/202/cmdline flags=0x0
[TRACE] caller=eac.elf+0x220c4d readlink path=/proc/203/exe size=4096
[TRACE] caller=eac.elf+0x221670 open path=/proc/203/comm flags=0x0
[TRACE] caller=eac.elf+0x22d2ca open path=/proc/203/cmdline flags=0x0
[TRACE] caller=eac.elf+0x220c4d readlink path=/proc/204/exe size=4096
[TRACE] caller=eac.elf+0x221670 open path=/proc/204/comm flags=0x0
[TRACE] caller=eac.elf+0x22d2ca open path=/proc/204/cmdline flags=0x0
[TRACE] caller=eac.elf+0x220c4d readlink path=/proc/205/exe size=4096
[TRACE] caller=eac.elf+0x221670 open path=/proc/205/comm flags=0x0
[TRACE] caller=eac.elf+0x22d2ca open path=/proc/205/cmdline flags=0x0
[TRACE] caller=eac.elf+0x220c4d readlink path=/proc/207/exe size=4096
[TRACE] caller=eac.elf+0x221670 open path=/proc/207/comm flags=0x0
[TRACE] caller=eac.elf+0x22d2ca open path=/proc/207/cmdline flags=0x0
[TRACE] caller=eac.elf+0x220c4d readlink path=/proc/208/exe size=4096
[TRACE] caller=eac.elf+0x221670 open path=/proc/208/comm flags=0x0
[TRACE] caller=eac.elf+0x22d2ca open path=/proc/208/cmdline flags=0x0
[TRACE] caller=eac.elf+0x220c4d readlink path=/proc/209/exe size=4096
[TRACE] caller=eac.elf+0x221670 open path=/proc/209/comm flags=0x0
[TRACE] caller=eac.elf+0x22d2ca open path=/proc/209/cmdline flags=0x0
[TRACE] caller=eac.elf+0x220c4d readlink path=/proc/210/exe size=4096
[TRACE] caller=eac.elf+0x221670 open path=/proc/210/comm flags=0x0
[TRACE] caller=eac.elf+0x22d2ca open path=/proc/210/cmdline flags=0x0
[TRACE] caller=eac.elf+0x220c4d readlink path=/proc/211/exe size=4096
[TRACE] caller=eac.elf+0x221670 open path=/proc/211/comm flags=0x0
[TRACE] caller=eac.elf+0x22d2ca open path=/proc/211/cmdline flags=0x0
[TRACE] caller=eac.elf+0x220c4d readlink path=/proc/212/exe size=4096
[TRACE] caller=eac.elf+0x221670 open path=/proc/212/comm flags=0x0
[TRACE] caller=eac.elf+0x22d2ca open path=/proc/212/cmdline flags=0x0
[TRACE] caller=eac.elf+0x220c4d readlink path=/proc/213/exe size=4096
[TRACE] caller=eac.elf+0x221670 open path=/proc/213/comm flags=0x0
[TRACE] caller=eac.elf+0x22d2ca open path=/proc/213/cmdline flags=0x0
[TRACE] caller=eac.elf+0x220c4d readlink path=/proc/214/exe size=4096
[TRACE] caller=eac.elf+0x221670 open path=/proc/214/comm flags=0x0
[TRACE] caller=eac.elf+0x22d2ca open path=/proc/214/cmdline flags=0x0
[TRACE] caller=eac.elf+0x220c4d readlink path=/proc/215/exe size=4096
[TRACE] caller=eac.elf+0x221670 open path=/proc/215/comm flags=0x0
[TRACE] caller=eac.elf+0x22d2ca open path=/proc/215/cmdline flags=0x0
[TRACE] caller=eac.elf+0x220c4d readlink path=/proc/217/exe size=4096
[TRACE] caller=eac.elf+0x221670 open path=/proc/217/comm flags=0x0
[TRACE] caller=eac.elf+0x22d2ca open path=/proc/217/cmdline flags=0x0
[TRACE] caller=eac.elf+0x220c4d readlink path=/proc/219/exe size=4096
[TRACE] caller=eac.elf+0x221670 open path=/proc/219/comm flags=0x0
[TRACE] caller=eac.elf+0x22d2ca open path=/proc/219/cmdline flags=0x0
[TRACE] caller=eac.elf+0x220c4d readlink path=/proc/220/exe size=4096
[TRACE] caller=eac.elf+0x221670 open path=/proc/220/comm flags=0x0
[TRACE] caller=eac.elf+0x22d2ca open path=/proc/220/cmdline flags=0x0
[TRACE] caller=eac.elf+0x220c4d readlink path=/proc/221/exe size=4096
[TRACE] caller=eac.elf+0x221670 open path=/proc/221/comm flags=0x0
[TRACE] caller=eac.elf+0x22d2ca open path=/proc/221/cmdline flags=0x0
[TRACE] caller=eac.elf+0x220c4d readlink path=/proc/222/exe size=4096
[TRACE] caller=eac.elf+0x221670 open path=/proc/222/comm flags=0x0
[TRACE] caller=eac.elf+0x22d2ca open path=/proc/222/cmdline flags=0x0
[TRACE] caller=eac.elf+0x220c4d readlink path=/proc/223/exe size=4096
[TRACE] caller=eac.elf+0x221670 open path=/proc/223/comm flags=0x0
[TRACE] caller=eac.elf+0x22d2ca open path=/proc/223/cmdline flags=0x0
[TRACE] caller=eac.elf+0x220c4d readlink path=/proc/224/exe size=4096
[TRACE] caller=eac.elf+0x221670 open path=/proc/224/comm flags=0x0
[TRACE] caller=eac.elf+0x22d2ca open path=/proc/224/cmdline flags=0x0
[TRACE] caller=eac.elf+0x220c4d readlink path=/proc/225/exe size=4096
[TRACE] caller=eac.elf+0x221670 open path=/proc/225/comm flags=0x0
[TRACE] caller=eac.elf+0x22d2ca open path=/proc/225/cmdline flags=0x0
[TRACE] caller=eac.elf+0x220c4d readlink path=/proc/226/exe size=4096
[TRACE] caller=eac.elf+0x221670 open path=/proc/226/comm flags=0x0
[TRACE] caller=eac.elf+0x22d2ca open path=/proc/226/cmdline flags=0x0
[TRACE] caller=eac.elf+0x220c4d readlink path=/proc/228/exe size=4096
[TRACE] caller=eac.elf+0x221670 open path=/proc/228/comm flags=0x0
[TRACE] caller=eac.elf+0x22d2ca open path=/proc/228/cmdline flags=0x0
[TRACE] caller=eac.elf+0x220c4d readlink path=/proc/229/exe size=4096
[TRACE] caller=eac.elf+0x221670 open path=/proc/229/comm flags=0x0
[TRACE] caller=eac.elf+0x22d2ca open path=/proc/229/cmdline flags=0x0
[TRACE] caller=eac.elf+0x220c4d readlink path=/proc/230/exe size=4096
[TRACE] caller=eac.elf+0x221670 open path=/proc/230/comm flags=0x0
[TRACE] caller=eac.elf+0x22d2ca open path=/proc/230/cmdline flags=0x0
[TRACE] caller=eac.elf+0x220c4d readlink path=/proc/231/exe size=4096
[TRACE] caller=eac.elf+0x221670 open path=/proc/231/comm flags=0x0
[TRACE] caller=eac.elf+0x22d2ca open path=/proc/231/cmdline flags=0x0
[TRACE] caller=eac.elf+0x220c4d readlink path=/proc/232/exe size=4096
[TRACE] caller=eac.elf+0x221670 open path=/proc/232/comm flags=0x0
[TRACE] caller=eac.elf+0x22d2ca open path=/proc/232/cmdline flags=0x0
[TRACE] caller=eac.elf+0x220c4d readlink path=/proc/233/exe size=4096
[TRACE] caller=eac.elf+0x221670 open path=/proc/233/comm flags=0x0
[TRACE] caller=eac.elf+0x22d2ca open path=/proc/233/cmdline flags=0x0
[TRACE] caller=eac.elf+0x220c4d readlink path=/proc/234/exe size=4096
[TRACE] caller=eac.elf+0x221670 open path=/proc/234/comm flags=0x0
[TRACE] caller=eac.elf+0x22d2ca open path=/proc/234/cmdline flags=0x0
[TRACE] caller=eac.elf+0x220c4d readlink path=/proc/235/exe size=4096
[TRACE] caller=eac.elf+0x221670 open path=/proc/235/comm flags=0x0
[TRACE] caller=eac.elf+0x22d2ca open path=/proc/235/cmdline flags=0x0
[TRACE] caller=eac.elf+0x220c4d readlink path=/proc/236/exe size=4096
[TRACE] caller=eac.elf+0x221670 open path=/proc/236/comm flags=0x0
[TRACE] caller=eac.elf+0x22d2ca open path=/proc/236/cmdline flags=0x0
[TRACE] caller=eac.elf+0x220c4d readlink path=/proc/237/exe size=4096
[TRACE] caller=eac.elf+0x221670 open path=/proc/237/comm flags=0x0
[TRACE] caller=eac.elf+0x22d2ca open path=/proc/237/cmdline flags=0x0
[TRACE] caller=eac.elf+0x220c4d readlink path=/proc/238/exe size=4096
[TRACE] caller=eac.elf+0x221670 open path=/proc/238/comm flags=0x0
[TRACE] caller=eac.elf+0x22d2ca open path=/proc/238/cmdline flags=0x0
[TRACE] caller=eac.elf+0x220c4d readlink path=/proc/239/exe size=4096
[TRACE] caller=eac.elf+0x221670 open path=/proc/239/comm flags=0x0
[TRACE] caller=eac.elf+0x22d2ca open path=/proc/239/cmdline flags=0x0
[TRACE] caller=eac.elf+0x220c4d readlink path=/proc/240/exe size=4096
[TRACE] caller=eac.elf+0x221670 open path=/proc/240/comm flags=0x0
[TRACE] caller=eac.elf+0x22d2ca open path=/proc/240/cmdline flags=0x0
[TRACE] caller=eac.elf+0x220c4d readlink path=/proc/241/exe size=4096
[TRACE] caller=eac.elf+0x221670 open path=/proc/241/comm flags=0x0
[TRACE] caller=eac.elf+0x22d2ca open path=/proc/241/cmdline flags=0x0
[TRACE] caller=eac.elf+0x220c4d readlink path=/proc/242/exe size=4096
[TRACE] caller=eac.elf+0x221670 open path=/proc/242/comm flags=0x0
[TRACE] caller=eac.elf+0x22d2ca open path=/proc/242/cmdline flags=0x0
[TRACE] caller=eac.elf+0x220c4d readlink path=/proc/243/exe size=4096
[TRACE] caller=eac.elf+0x221670 open path=/proc/243/comm flags=0x0
[TRACE] caller=eac.elf+0x22d2ca open path=/proc/243/cmdline flags=0x0
[TRACE] caller=eac.elf+0x220c4d readlink path=/proc/244/exe size=4096
[TRACE] caller=eac.elf+0x221670 open path=/proc/244/comm flags=0x0
[TRACE] caller=eac.elf+0x22d2ca open path=/proc/244/cmdline flags=0x0
[TRACE] caller=eac.elf+0x220c4d readlink path=/proc/245/exe size=4096
[TRACE] caller=eac.elf+0x221670 open path=/proc/245/comm flags=0x0
[TRACE] caller=eac.elf+0x22d2ca open path=/proc/245/cmdline flags=0x0
[TRACE] caller=eac.elf+0x220c4d readlink path=/proc/246/exe size=4096
[TRACE] caller=eac.elf+0x221670 open path=/proc/246/comm flags=0x0
[TRACE] caller=eac.elf+0x22d2ca open path=/proc/246/cmdline flags=0x0
[TRACE] caller=eac.elf+0x220c4d readlink path=/proc/248/exe size=4096
[TRACE] caller=eac.elf+0x221670 open path=/proc/248/comm flags=0x0
[TRACE] caller=eac.elf+0x22d2ca open path=/proc/248/cmdline flags=0x0
[TRACE] caller=eac.elf+0x220c4d readlink path=/proc/249/exe size=4096
[TRACE] caller=eac.elf+0x221670 open path=/proc/249/comm flags=0x0
[TRACE] caller=eac.elf+0x22d2ca open path=/proc/249/cmdline flags=0x0
[TRACE] caller=eac.elf+0x220c4d readlink path=/proc/250/exe size=4096
[TRACE] caller=eac.elf+0x221670 open path=/proc/250/comm flags=0x0
[TRACE] caller=eac.elf+0x22d2ca open path=/proc/250/cmdline flags=0x0
[TRACE] caller=eac.elf+0x220c4d readlink path=/proc/256/exe size=4096
[TRACE] caller=eac.elf+0x221670 open path=/proc/256/comm flags=0x0
[TRACE] caller=eac.elf+0x22d2ca open path=/proc/256/cmdline flags=0x0
[TRACE] caller=eac.elf+0x220c4d readlink path=/proc/263/exe size=4096
[TRACE] caller=eac.elf+0x221670 open path=/proc/263/comm flags=0x0
[TRACE] caller=eac.elf+0x22d2ca open path=/proc/263/cmdline flags=0x0
[TRACE] caller=eac.elf+0x220c4d readlink path=/proc/274/exe size=4096
[TRACE] caller=eac.elf+0x221670 open path=/proc/274/comm flags=0x0
[TRACE] caller=eac.elf+0x22d2ca open path=/proc/274/cmdline flags=0x0
[TRACE] caller=eac.elf+0x220c4d readlink path=/proc/275/exe size=4096
[TRACE] caller=eac.elf+0x221670 open path=/proc/275/comm flags=0x0
[TRACE] caller=eac.elf+0x22d2ca open path=/proc/275/cmdline flags=0x0
[TRACE] caller=eac.elf+0x220c4d readlink path=/proc/277/exe size=4096
[TRACE] caller=eac.elf+0x221670 open path=/proc/277/comm flags=0x0
[TRACE] caller=eac.elf+0x22d2ca open path=/proc/277/cmdline flags=0x0
[TRACE] caller=eac.elf+0x220c4d readlink path=/proc/282/exe size=4096
[TRACE] caller=eac.elf+0x221670 open path=/proc/282/comm flags=0x0
[TRACE] caller=eac.elf+0x22d2ca open path=/proc/282/cmdline flags=0x0
[TRACE] caller=eac.elf+0x220c4d readlink path=/proc/320/exe size=4096
[TRACE] caller=eac.elf+0x221670 open path=/proc/320/comm flags=0x0
[TRACE] caller=eac.elf+0x22d2ca open path=/proc/320/cmdline flags=0x0
[TRACE] caller=eac.elf+0x220c4d readlink path=/proc/322/exe size=4096
[TRACE] caller=eac.elf+0x221670 open path=/proc/322/comm flags=0x0
[TRACE] caller=eac.elf+0x22d2ca open path=/proc/322/cmdline flags=0x0
[TRACE] caller=eac.elf+0x220c4d readlink path=/proc/329/exe size=4096
[TRACE] caller=eac.elf+0x221670 open path=/proc/329/comm flags=0x0
[TRACE] caller=eac.elf+0x22d2ca open path=/proc/329/cmdline flags=0x0
[TRACE] caller=eac.elf+0x220c4d readlink path=/proc/331/exe size=4096
[TRACE] caller=eac.elf+0x221670 open path=/proc/331/comm flags=0x0
[TRACE] caller=eac.elf+0x22d2ca open path=/proc/331/cmdline flags=0x0
[TRACE] caller=eac.elf+0x220c4d readlink path=/proc/334/exe size=4096
[TRACE] caller=eac.elf+0x221670 open path=/proc/334/comm flags=0x0
[TRACE] caller=eac.elf+0x22d2ca open path=/proc/334/cmdline flags=0x0
[TRACE] caller=eac.elf+0x220c4d readlink path=/proc/374/exe size=4096
[TRACE] caller=eac.elf+0x221670 open path=/proc/374/comm flags=0x0
[TRACE] caller=eac.elf+0x22d2ca open path=/proc/374/cmdline flags=0x0
[TRACE] caller=eac.elf+0x220c4d readlink path=/proc/376/exe size=4096
[TRACE] caller=eac.elf+0x221670 open path=/proc/376/comm flags=0x0
[TRACE] caller=eac.elf+0x22d2ca open path=/proc/376/cmdline flags=0x0
[TRACE] caller=eac.elf+0x220c4d readlink path=/proc/384/exe size=4096
[TRACE] caller=eac.elf+0x221670 open path=/proc/384/comm flags=0x0
[TRACE] caller=eac.elf+0x22d2ca open path=/proc/384/cmdline flags=0x0
[TRACE] caller=eac.elf+0x220c4d readlink path=/proc/387/exe size=4096
[TRACE] caller=eac.elf+0x221670 open path=/proc/387/comm flags=0x0
[TRACE] caller=eac.elf+0x22d2ca open path=/proc/387/cmdline flags=0x0
[TRACE] caller=eac.elf+0x220c4d readlink path=/proc/390/exe size=4096
[TRACE] caller=eac.elf+0x221670 open path=/proc/390/comm flags=0x0
[TRACE] caller=eac.elf+0x22d2ca open path=/proc/390/cmdline flags=0x0
[TRACE] caller=eac.elf+0x220c4d readlink path=/proc/396/exe size=4096
[TRACE] caller=eac.elf+0x221670 open path=/proc/396/comm flags=0x0
[TRACE] caller=eac.elf+0x22d2ca open path=/proc/396/cmdline flags=0x0
[TRACE] caller=eac.elf+0x220c4d readlink path=/proc/405/exe size=4096
[TRACE] caller=eac.elf+0x221670 open path=/proc/405/comm flags=0x0
[TRACE] caller=eac.elf+0x22d2ca open path=/proc/405/cmdline flags=0x0
[TRACE] caller=eac.elf+0x220c4d readlink path=/proc/407/exe size=4096
[TRACE] caller=eac.elf+0x221670 open path=/proc/407/comm flags=0x0
[TRACE] caller=eac.elf+0x22d2ca open path=/proc/407/cmdline flags=0x0
[TRACE] caller=eac.elf+0x220c4d readlink path=/proc/410/exe size=4096
[TRACE] caller=eac.elf+0x221670 open path=/proc/410/comm flags=0x0
[TRACE] caller=eac.elf+0x22d2ca open path=/proc/410/cmdline flags=0x0
[TRACE] caller=eac.elf+0x220c4d readlink path=/proc/422/exe size=4096
[TRACE] caller=eac.elf+0x221670 open path=/proc/422/comm flags=0x0
[TRACE] caller=eac.elf+0x22d2ca open path=/proc/422/cmdline flags=0x0
[TRACE] caller=eac.elf+0x220c4d readlink path=/proc/431/exe size=4096
[TRACE] caller=eac.elf+0x221670 open path=/proc/431/comm flags=0x0
[TRACE] caller=eac.elf+0x22d2ca open path=/proc/431/cmdline flags=0x0
[TRACE] caller=eac.elf+0x220c4d readlink path=/proc/440/exe size=4096
[TRACE] caller=eac.elf+0x221670 open path=/proc/440/comm flags=0x0
[TRACE] caller=eac.elf+0x22d2ca open path=/proc/440/cmdline flags=0x0
[TRACE] caller=eac.elf+0x220c4d readlink path=/proc/488/exe size=4096
[TRACE] caller=eac.elf+0x221670 open path=/proc/488/comm flags=0x0
[TRACE] caller=eac.elf+0x22d2ca open path=/proc/488/cmdline flags=0x0
[TRACE] caller=eac.elf+0x220c4d readlink path=/proc/536/exe size=4096
[TRACE] caller=eac.elf+0x221670 open path=/proc/536/comm flags=0x0
[TRACE] caller=eac.elf+0x22d2ca open path=/proc/536/cmdline flags=0x0
[TRACE] caller=eac.elf+0x220c4d readlink path=/proc/567/exe size=4096
[TRACE] caller=eac.elf+0x221670 open path=/proc/567/comm flags=0x0
[TRACE] caller=eac.elf+0x22d2ca open path=/proc/567/cmdline flags=0x0
[TRACE] caller=eac.elf+0x220c4d readlink path=/proc/568/exe size=4096
[TRACE] caller=eac.elf+0x221670 open path=/proc/568/comm flags=0x0
[TRACE] caller=eac.elf+0x22d2ca open path=/proc/568/cmdline flags=0x0
[TRACE] caller=eac.elf+0x220c4d readlink path=/proc/569/exe size=4096
[TRACE] caller=eac.elf+0x221670 open path=/proc/569/comm flags=0x0
[TRACE] caller=eac.elf+0x22d2ca open path=/proc/569/cmdline flags=0x0
[TRACE] caller=eac.elf+0x220c4d readlink path=/proc/570/exe size=4096
[TRACE] caller=eac.elf+0x221670 open path=/proc/570/comm flags=0x0
[TRACE] caller=eac.elf+0x22d2ca open path=/proc/570/cmdline flags=0x0
[TRACE] caller=eac.elf+0x220c4d readlink path=/proc/571/exe size=4096
[TRACE] caller=eac.elf+0x221670 open path=/proc/571/comm flags=0x0
[TRACE] caller=eac.elf+0x22d2ca open path=/proc/571/cmdline flags=0x0
[TRACE] caller=eac.elf+0x220c4d readlink path=/proc/572/exe size=4096
[TRACE] caller=eac.elf+0x221670 open path=/proc/572/comm flags=0x0
[TRACE] caller=eac.elf+0x22d2ca open path=/proc/572/cmdline flags=0x0
[TRACE] caller=eac.elf+0x220c4d readlink path=/proc/573/exe size=4096
[TRACE] caller=eac.elf+0x221670 open path=/proc/573/comm flags=0x0
[TRACE] caller=eac.elf+0x22d2ca open path=/proc/573/cmdline flags=0x0
[TRACE] caller=eac.elf+0x220c4d readlink path=/proc/574/exe size=4096
[TRACE] caller=eac.elf+0x221670 open path=/proc/574/comm flags=0x0
[TRACE] caller=eac.elf+0x22d2ca open path=/proc/574/cmdline flags=0x0
[TRACE] caller=eac.elf+0x220c4d readlink path=/proc/575/exe size=4096
[TRACE] caller=eac.elf+0x221670 open path=/proc/575/comm flags=0x0
[TRACE] caller=eac.elf+0x22d2ca open path=/proc/575/cmdline flags=0x0
[TRACE] caller=eac.elf+0x220c4d readlink path=/proc/661/exe size=4096
[TRACE] caller=eac.elf+0x221670 open path=/proc/661/comm flags=0x0
[TRACE] caller=eac.elf+0x22d2ca open path=/proc/661/cmdline flags=0x0
[TRACE] caller=eac.elf+0x220c4d readlink path=/proc/662/exe size=4096
[TRACE] caller=eac.elf+0x221670 open path=/proc/662/comm flags=0x0
[TRACE] caller=eac.elf+0x22d2ca open path=/proc/662/cmdline flags=0x0
[TRACE] caller=eac.elf+0x220c4d readlink path=/proc/665/exe size=4096
[TRACE] caller=eac.elf+0x221670 open path=/proc/665/comm flags=0x0
[TRACE] caller=eac.elf+0x22d2ca open path=/proc/665/cmdline flags=0x0
[TRACE] caller=eac.elf+0x220c4d readlink path=/proc/666/exe size=4096
[TRACE] caller=eac.elf+0x221670 open path=/proc/666/comm flags=0x0
[TRACE] caller=eac.elf+0x22d2ca open path=/proc/666/cmdline flags=0x0
[TRACE] caller=eac.elf+0x220c4d readlink path=/proc/667/exe size=4096
[TRACE] caller=eac.elf+0x221670 open path=/proc/667/comm flags=0x0
[TRACE] caller=eac.elf+0x22d2ca open path=/proc/667/cmdline flags=0x0
[TRACE] caller=eac.elf+0x220c4d readlink path=/proc/668/exe size=4096
[TRACE] caller=eac.elf+0x221670 open path=/proc/668/comm flags=0x0
[TRACE] caller=eac.elf+0x22d2ca open path=/proc/668/cmdline flags=0x0
[TRACE] caller=eac.elf+0x220c4d readlink path=/proc/669/exe size=4096
[TRACE] caller=eac.elf+0x221670 open path=/proc/669/comm flags=0x0
[TRACE] caller=eac.elf+0x22d2ca open path=/proc/669/cmdline flags=0x0
[TRACE] caller=eac.elf+0x220c4d readlink path=/proc/670/exe size=4096
[TRACE] caller=eac.elf+0x221670 open path=/proc/670/comm flags=0x0
[TRACE] caller=eac.elf+0x22d2ca open path=/proc/670/cmdline flags=0x0
[TRACE] caller=eac.elf+0x220c4d readlink path=/proc/671/exe size=4096
[TRACE] caller=eac.elf+0x221670 open path=/proc/671/comm flags=0x0
[TRACE] caller=eac.elf+0x22d2ca open path=/proc/671/cmdline flags=0x0
[TRACE] caller=eac.elf+0x220c4d readlink path=/proc/672/exe size=4096
[TRACE] caller=eac.elf+0x221670 open path=/proc/672/comm flags=0x0
[TRACE] caller=eac.elf+0x22d2ca open path=/proc/672/cmdline flags=0x0
[TRACE] caller=eac.elf+0x220c4d readlink path=/proc/673/exe size=4096
[TRACE] caller=eac.elf+0x221670 open path=/proc/673/comm flags=0x0
[TRACE] caller=eac.elf+0x22d2ca open path=/proc/673/cmdline flags=0x0
[TRACE] caller=eac.elf+0x220c4d readlink path=/proc/674/exe size=4096
[TRACE] caller=eac.elf+0x221670 open path=/proc/674/comm flags=0x0
[TRACE] caller=eac.elf+0x22d2ca open path=/proc/674/cmdline flags=0x0
[TRACE] caller=eac.elf+0x220c4d readlink path=/proc/675/exe size=4096
[TRACE] caller=eac.elf+0x221670 open path=/proc/675/comm flags=0x0
[TRACE] caller=eac.elf+0x22d2ca open path=/proc/675/cmdline flags=0x0
[TRACE] caller=eac.elf+0x220c4d readlink path=/proc/676/exe size=4096
[TRACE] caller=eac.elf+0x221670 open path=/proc/676/comm flags=0x0
[TRACE] caller=eac.elf+0x22d2ca open path=/proc/676/cmdline flags=0x0
[TRACE] caller=eac.elf+0x220c4d readlink path=/proc/677/exe size=4096
[TRACE] caller=eac.elf+0x221670 open path=/proc/677/comm flags=0x0
[TRACE] caller=eac.elf+0x22d2ca open path=/proc/677/cmdline flags=0x0
[TRACE] caller=eac.elf+0x220c4d readlink path=/proc/678/exe size=4096
[TRACE] caller=eac.elf+0x221670 open path=/proc/678/comm flags=0x0
[TRACE] caller=eac.elf+0x22d2ca open path=/proc/678/cmdline flags=0x0
[TRACE] caller=eac.elf+0x220c4d readlink path=/proc/679/exe size=4096
[TRACE] caller=eac.elf+0x221670 open path=/proc/679/comm flags=0x0
[TRACE] caller=eac.elf+0x22d2ca open path=/proc/679/cmdline flags=0x0
[TRACE] caller=eac.elf+0x220c4d readlink path=/proc/680/exe size=4096
[TRACE] caller=eac.elf+0x221670 open path=/proc/680/comm flags=0x0
[TRACE] caller=eac.elf+0x22d2ca open path=/proc/680/cmdline flags=0x0
[TRACE] caller=eac.elf+0x220c4d readlink path=/proc/681/exe size=4096
[TRACE] caller=eac.elf+0x221670 open path=/proc/681/comm flags=0x0
[TRACE] caller=eac.elf+0x22d2ca open path=/proc/681/cmdline flags=0x0
[TRACE] caller=eac.elf+0x220c4d readlink path=/proc/682/exe size=4096
[TRACE] caller=eac.elf+0x221670 open path=/proc/682/comm flags=0x0
[TRACE] caller=eac.elf+0x22d2ca open path=/proc/682/cmdline flags=0x0
[TRACE] caller=eac.elf+0x220c4d readlink path=/proc/683/exe size=4096
[TRACE] caller=eac.elf+0x221670 open path=/proc/683/comm flags=0x0
[TRACE] caller=eac.elf+0x22d2ca open path=/proc/683/cmdline flags=0x0
[TRACE] caller=eac.elf+0x220c4d readlink path=/proc/684/exe size=4096
[TRACE] caller=eac.elf+0x221670 open path=/proc/684/comm flags=0x0
[TRACE] caller=eac.elf+0x22d2ca open path=/proc/684/cmdline flags=0x0
[TRACE] caller=eac.elf+0x220c4d readlink path=/proc/701/exe size=4096
[TRACE] caller=eac.elf+0x221670 open path=/proc/701/comm flags=0x0
[TRACE] caller=eac.elf+0x22d2ca open path=/proc/701/cmdline flags=0x0
[TRACE] caller=eac.elf+0x220c4d readlink path=/proc/702/exe size=4096
[TRACE] caller=eac.elf+0x221670 open path=/proc/702/comm flags=0x0
[TRACE] caller=eac.elf+0x22d2ca open path=/proc/702/cmdline flags=0x0
[TRACE] caller=eac.elf+0x220c4d readlink path=/proc/703/exe size=4096
[TRACE] caller=eac.elf+0x221670 open path=/proc/703/comm flags=0x0
[TRACE] caller=eac.elf+0x22d2ca open path=/proc/703/cmdline flags=0x0
[TRACE] caller=eac.elf+0x220c4d readlink path=/proc/704/exe size=4096
[TRACE] caller=eac.elf+0x221670 open path=/proc/704/comm flags=0x0
[TRACE] caller=eac.elf+0x22d2ca open path=/proc/704/cmdline flags=0x0
[TRACE] caller=eac.elf+0x220c4d readlink path=/proc/762/exe size=4096
[TRACE] caller=eac.elf+0x221670 open path=/proc/762/comm flags=0x0
[TRACE] caller=eac.elf+0x22d2ca open path=/proc/762/cmdline flags=0x0
[TRACE] caller=eac.elf+0x220c4d readlink path=/proc/763/exe size=4096
[TRACE] caller=eac.elf+0x221670 open path=/proc/763/comm flags=0x0
[TRACE] caller=eac.elf+0x22d2ca open path=/proc/763/cmdline flags=0x0
[TRACE] caller=eac.elf+0x220c4d readlink path=/proc/810/exe size=4096
[TRACE] caller=eac.elf+0x221670 open path=/proc/810/comm flags=0x0
[TRACE] caller=eac.elf+0x22d2ca open path=/proc/810/cmdline flags=0x0
[TRACE] caller=eac.elf+0x220c4d readlink path=/proc/983/exe size=4096
[TRACE] caller=eac.elf+0x221670 open path=/proc/983/comm flags=0x0
[TRACE] caller=eac.elf+0x22d2ca open path=/proc/983/cmdline flags=0x0
[TRACE] caller=eac.elf+0x220c4d readlink path=/proc/1022/exe size=4096
[TRACE] caller=eac.elf+0x221670 open path=/proc/1022/comm flags=0x0
[TRACE] caller=eac.elf+0x22d2ca open path=/proc/1022/cmdline flags=0x0
[TRACE] caller=eac.elf+0x220c4d readlink path=/proc/1023/exe size=4096
[TRACE] caller=eac.elf+0x221670 open path=/proc/1023/comm flags=0x0
[TRACE] caller=eac.elf+0x22d2ca open path=/proc/1023/cmdline flags=0x0
[TRACE] caller=eac.elf+0x220c4d readlink path=/proc/1026/exe size=4096
[TRACE] caller=eac.elf+0x221670 open path=/proc/1026/comm flags=0x0
[TRACE] caller=eac.elf+0x22d2ca open path=/proc/1026/cmdline flags=0x0
[TRACE] caller=eac.elf+0x220c4d readlink path=/proc/1031/exe size=4096
[TRACE] caller=eac.elf+0x221670 open path=/proc/1031/comm flags=0x0
[TRACE] caller=eac.elf+0x22d2ca open path=/proc/1031/cmdline flags=0x0
[TRACE] caller=eac.elf+0x220c4d readlink path=/proc/1036/exe size=4096
[TRACE] caller=eac.elf+0x221670 open path=/proc/1036/comm flags=0x0
[TRACE] caller=eac.elf+0x22d2ca open path=/proc/1036/cmdline flags=0x0
[TRACE] caller=eac.elf+0x220c4d readlink path=/proc/1135/exe size=4096
[TRACE] caller=eac.elf+0x221670 open path=/proc/1135/comm flags=0x0
[TRACE] caller=eac.elf+0x22d2ca open path=/proc/1135/cmdline flags=0x0
[TRACE] caller=eac.elf+0x220c4d readlink path=/proc/1318/exe size=4096
[TRACE] caller=eac.elf+0x221670 open path=/proc/1318/comm flags=0x0
[TRACE] caller=eac.elf+0x22d2ca open path=/proc/1318/cmdline flags=0x0
[TRACE] caller=eac.elf+0x220c4d readlink path=/proc/1415/exe size=4096
[TRACE] caller=eac.elf+0x221670 open path=/proc/1415/comm flags=0x0
[TRACE] caller=eac.elf+0x22d2ca open path=/proc/1415/cmdline flags=0x0
[TRACE] caller=eac.elf+0x220c4d readlink path=/proc/1453/exe size=4096
[TRACE] caller=eac.elf+0x221670 open path=/proc/1453/comm flags=0x0
[TRACE] caller=eac.elf+0x22d2ca open path=/proc/1453/cmdline flags=0x0
[TRACE] caller=eac.elf+0x220c4d readlink path=/proc/1454/exe size=4096
[TRACE] caller=eac.elf+0x221670 open path=/proc/1454/comm flags=0x0
[TRACE] caller=eac.elf+0x22d2ca open path=/proc/1454/cmdline flags=0x0
[TRACE] caller=eac.elf+0x220c4d readlink path=/proc/1455/exe size=4096
[TRACE] caller=eac.elf+0x221670 open path=/proc/1455/comm flags=0x0
[TRACE] caller=eac.elf+0x22d2ca open path=/proc/1455/cmdline flags=0x0
[TRACE] caller=eac.elf+0x220c4d readlink path=/proc/1458/exe size=4096
[TRACE] caller=eac.elf+0x221670 open path=/proc/1458/comm flags=0x0
[TRACE] caller=eac.elf+0x22d2ca open path=/proc/1458/cmdline flags=0x0
[TRACE] caller=eac.elf+0x220c4d readlink path=/proc/1460/exe size=4096
[TRACE] caller=eac.elf+0x221670 open path=/proc/1460/comm flags=0x0
[TRACE] caller=eac.elf+0x22d2ca open path=/proc/1460/cmdline flags=0x0
[TRACE] caller=eac.elf+0x220c4d readlink path=/proc/1461/exe size=4096
[TRACE] caller=eac.elf+0x221670 open path=/proc/1461/comm flags=0x0
[TRACE] caller=eac.elf+0x22d2ca open path=/proc/1461/cmdline flags=0x0
[TRACE] caller=eac.elf+0x220c4d readlink path=/proc/1462/exe size=4096
[TRACE] caller=eac.elf+0x221670 open path=/proc/1462/comm flags=0x0
[TRACE] caller=eac.elf+0x22d2ca open path=/proc/1462/cmdline flags=0x0
[TRACE] caller=eac.elf+0x220c4d readlink path=/proc/1463/exe size=4096
[TRACE] caller=eac.elf+0x221670 open path=/proc/1463/comm flags=0x0
[TRACE] caller=eac.elf+0x22d2ca open path=/proc/1463/cmdline flags=0x0
[TRACE] caller=eac.elf+0x220c4d readlink path=/proc/1464/exe size=4096
[TRACE] caller=eac.elf+0x221670 open path=/proc/1464/comm flags=0x0
[TRACE] caller=eac.elf+0x22d2ca open path=/proc/1464/cmdline flags=0x0
[TRACE] caller=eac.elf+0x220c4d readlink path=/proc/1465/exe size=4096
[TRACE] caller=eac.elf+0x221670 open path=/proc/1465/comm flags=0x0
[TRACE] caller=eac.elf+0x22d2ca open path=/proc/1465/cmdline flags=0x0
[TRACE] caller=eac.elf+0x220c4d readlink path=/proc/1466/exe size=4096
[TRACE] caller=eac.elf+0x221670 open path=/proc/1466/comm flags=0x0
[TRACE] caller=eac.elf+0x22d2ca open path=/proc/1466/cmdline flags=0x0
[TRACE] caller=eac.elf+0x220c4d readlink path=/proc/1467/exe size=4096
[TRACE] caller=eac.elf+0x221670 open path=/proc/1467/comm flags=0x0
[TRACE] caller=eac.elf+0x22d2ca open path=/proc/1467/cmdline flags=0x0
[TRACE] caller=eac.elf+0x220c4d readlink path=/proc/1468/exe size=4096
[TRACE] caller=eac.elf+0x221670 open path=/proc/1468/comm flags=0x0
[TRACE] caller=eac.elf+0x22d2ca open path=/proc/1468/cmdline flags=0x0
[TRACE] caller=eac.elf+0x220c4d readlink path=/proc/1470/exe size=4096
[TRACE] caller=eac.elf+0x221670 open path=/proc/1470/comm flags=0x0
[TRACE] caller=eac.elf+0x22d2ca open path=/proc/1470/cmdline flags=0x0
[TRACE] caller=eac.elf+0x220c4d readlink path=/proc/1471/exe size=4096
[TRACE] caller=eac.elf+0x221670 open path=/proc/1471/comm flags=0x0
[TRACE] caller=eac.elf+0x22d2ca open path=/proc/1471/cmdline flags=0x0
[TRACE] caller=eac.elf+0x220c4d readlink path=/proc/1473/exe size=4096
[TRACE] caller=eac.elf+0x221670 open path=/proc/1473/comm flags=0x0
[TRACE] caller=eac.elf+0x22d2ca open path=/proc/1473/cmdline flags=0x0
[TRACE] caller=eac.elf+0x220c4d readlink path=/proc/1856/exe size=4096
[TRACE] caller=eac.elf+0x221670 open path=/proc/1856/comm flags=0x0
[TRACE] caller=eac.elf+0x22d2ca open path=/proc/1856/cmdline flags=0x0
[TRACE] caller=eac.elf+0x220c4d readlink path=/proc/1857/exe size=4096
[TRACE] caller=eac.elf+0x221670 open path=/proc/1857/comm flags=0x0
[TRACE] caller=eac.elf+0x22d2ca open path=/proc/1857/cmdline flags=0x0
[TRACE] caller=eac.elf+0x220c4d readlink path=/proc/1858/exe size=4096
[TRACE] caller=eac.elf+0x221670 open path=/proc/1858/comm flags=0x0
[TRACE] caller=eac.elf+0x22d2ca open path=/proc/1858/cmdline flags=0x0
[TRACE] caller=eac.elf+0x220c4d readlink path=/proc/1892/exe size=4096
[TRACE] caller=eac.elf+0x221670 open path=/proc/1892/comm flags=0x0
[TRACE] caller=eac.elf+0x22d2ca open path=/proc/1892/cmdline flags=0x0
[TRACE] caller=eac.elf+0x220c4d readlink path=/proc/1893/exe size=4096
[TRACE] caller=eac.elf+0x221670 open path=/proc/1893/comm flags=0x0
[TRACE] caller=eac.elf+0x22d2ca open path=/proc/1893/cmdline flags=0x0
[TRACE] caller=eac.elf+0x220c4d readlink path=/proc/1895/exe size=4096
[TRACE] caller=eac.elf+0x221670 open path=/proc/1895/comm flags=0x0
[TRACE] caller=eac.elf+0x22d2ca open path=/proc/1895/cmdline flags=0x0
[TRACE] caller=eac.elf+0x220c4d readlink path=/proc/1896/exe size=4096
[TRACE] caller=eac.elf+0x221670 open path=/proc/1896/comm flags=0x0
[TRACE] caller=eac.elf+0x22d2ca open path=/proc/1896/cmdline flags=0x0
[TRACE] caller=eac.elf+0x220c4d readlink path=/proc/1897/exe size=4096
[TRACE] caller=eac.elf+0x221670 open path=/proc/1897/comm flags=0x0
[TRACE] caller=eac.elf+0x22d2ca open path=/proc/1897/cmdline flags=0x0
[TRACE] caller=eac.elf+0x220c4d readlink path=/proc/1907/exe size=4096
[TRACE] caller=eac.elf+0x221670 open path=/proc/1907/comm flags=0x0
[TRACE] caller=eac.elf+0x22d2ca open path=/proc/1907/cmdline flags=0x0
[TRACE] caller=eac.elf+0x220c4d readlink path=/proc/1908/exe size=4096
[TRACE] caller=eac.elf+0x221670 open path=/proc/1908/comm flags=0x0
[TRACE] caller=eac.elf+0x22d2ca open path=/proc/1908/cmdline flags=0x0
[TRACE] caller=eac.elf+0x220c4d readlink path=/proc/2058/exe size=4096
[TRACE] caller=eac.elf+0x221670 open path=/proc/2058/comm flags=0x0
[TRACE] caller=eac.elf+0x22d2ca open path=/proc/2058/cmdline flags=0x0
[TRACE] caller=eac.elf+0x220c4d readlink path=/proc/2059/exe size=4096
[TRACE] caller=eac.elf+0x221670 open path=/proc/2059/comm flags=0x0
[TRACE] caller=eac.elf+0x22d2ca open path=/proc/2059/cmdline flags=0x0
[TRACE] caller=eac.elf+0x220c4d readlink path=/proc/2060/exe size=4096
[TRACE] caller=eac.elf+0x221670 open path=/proc/2060/comm flags=0x0
[TRACE] caller=eac.elf+0x22d2ca open path=/proc/2060/cmdline flags=0x0
[TRACE] caller=eac.elf+0x220c4d readlink path=/proc/2434/exe size=4096
[TRACE] caller=eac.elf+0x221670 open path=/proc/2434/comm flags=0x0
[TRACE] caller=eac.elf+0x22d2ca open path=/proc/2434/cmdline flags=0x0
[TRACE] caller=eac.elf+0x220c4d readlink path=/proc/2435/exe size=4096
[TRACE] caller=eac.elf+0x221670 open path=/proc/2435/comm flags=0x0
[TRACE] caller=eac.elf+0x22d2ca open path=/proc/2435/cmdline flags=0x0
[TRACE] caller=eac.elf+0x220c4d readlink path=/proc/2815/exe size=4096
[TRACE] caller=eac.elf+0x221670 open path=/proc/2815/comm flags=0x0
[TRACE] caller=eac.elf+0x22d2ca open path=/proc/2815/cmdline flags=0x0
[TRACE] caller=eac.elf+0x220c4d readlink path=/proc/2818/exe size=4096
[TRACE] caller=eac.elf+0x221670 open path=/proc/2818/comm flags=0x0
[TRACE] caller=eac.elf+0x22d2ca open path=/proc/2818/cmdline flags=0x0
[TRACE] caller=eac.elf+0x220c4d readlink path=/proc/2820/exe size=4096
[TRACE] caller=eac.elf+0x221670 open path=/proc/2820/comm flags=0x0
[TRACE] caller=eac.elf+0x22d2ca open path=/proc/2820/cmdline flags=0x0
[TRACE] caller=eac.elf+0x220c4d readlink path=/proc/2821/exe size=4096
[TRACE] caller=eac.elf+0x221670 open path=/proc/2821/comm flags=0x0
[TRACE] caller=eac.elf+0x22d2ca open path=/proc/2821/cmdline flags=0x0
[TRACE] caller=eac.elf+0x220c4d readlink path=/proc/2826/exe size=4096
[TRACE] caller=eac.elf+0x221670 open path=/proc/2826/comm flags=0x0
[TRACE] caller=eac.elf+0x22d2ca open path=/proc/2826/cmdline flags=0x0
[TRACE] caller=eac.elf+0x220c4d readlink path=/proc/2832/exe size=4096
[TRACE] caller=eac.elf+0x221670 open path=/proc/2832/comm flags=0x0
[TRACE] caller=eac.elf+0x22d2ca open path=/proc/2832/cmdline flags=0x0
[TRACE] caller=eac.elf+0x220c4d readlink path=/proc/2837/exe size=4096
[TRACE] caller=eac.elf+0x221670 open path=/proc/2837/comm flags=0x0
[TRACE] caller=eac.elf+0x22d2ca open path=/proc/2837/cmdline flags=0x0
[TRACE] caller=eac.elf+0x220c4d readlink path=/proc/2841/exe size=4096
[TRACE] caller=eac.elf+0x221670 open path=/proc/2841/comm flags=0x0
[TRACE] caller=eac.elf+0x22d2ca open path=/proc/2841/cmdline flags=0x0
[TRACE] caller=eac.elf+0x220c4d readlink path=/proc/2846/exe size=4096
[TRACE] caller=eac.elf+0x221670 open path=/proc/2846/comm flags=0x0
[TRACE] caller=eac.elf+0x22d2ca open path=/proc/2846/cmdline flags=0x0
[TRACE] caller=eac.elf+0x220c4d readlink path=/proc/2849/exe size=4096
[TRACE] caller=eac.elf+0x221670 open path=/proc/2849/comm flags=0x0
[TRACE] caller=eac.elf+0x22d2ca open path=/proc/2849/cmdline flags=0x0
[TRACE] caller=eac.elf+0x220c4d readlink path=/proc/2852/exe size=4096
[TRACE] caller=eac.elf+0x221670 open path=/proc/2852/comm flags=0x0
[TRACE] caller=eac.elf+0x22d2ca open path=/proc/2852/cmdline flags=0x0
[TRACE] caller=eac.elf+0x220c4d readlink path=/proc/2855/exe size=4096
[TRACE] caller=eac.elf+0x221670 open path=/proc/2855/comm flags=0x0
[TRACE] caller=eac.elf+0x22d2ca open path=/proc/2855/cmdline flags=0x0
[TRACE] caller=eac.elf+0x220c4d readlink path=/proc/2860/exe size=4096
[TRACE] caller=eac.elf+0x221670 open path=/proc/2860/comm flags=0x0
[TRACE] caller=eac.elf+0x22d2ca open path=/proc/2860/cmdline flags=0x0
[TRACE] caller=eac.elf+0x220c4d readlink path=/proc/2863/exe size=4096
[TRACE] caller=eac.elf+0x221670 open path=/proc/2863/comm flags=0x0
[TRACE] caller=eac.elf+0x22d2ca open path=/proc/2863/cmdline flags=0x0
[TRACE] caller=eac.elf+0x220c4d readlink path=/proc/2870/exe size=4096
[TRACE] caller=eac.elf+0x221670 open path=/proc/2870/comm flags=0x0
[TRACE] caller=eac.elf+0x22d2ca open path=/proc/2870/cmdline flags=0x0
[TRACE] caller=eac.elf+0x220c4d readlink path=/proc/2875/exe size=4096
[TRACE] caller=eac.elf+0x221670 open path=/proc/2875/comm flags=0x0
[TRACE] caller=eac.elf+0x22d2ca open path=/proc/2875/cmdline flags=0x0
[TRACE] caller=eac.elf+0x220c4d readlink path=/proc/2884/exe size=4096
[TRACE] caller=eac.elf+0x221670 open path=/proc/2884/comm flags=0x0
[TRACE] caller=eac.elf+0x22d2ca open path=/proc/2884/cmdline flags=0x0
[TRACE] caller=eac.elf+0x220c4d readlink path=/proc/2891/exe size=4096
[TRACE] caller=eac.elf+0x221670 open path=/proc/2891/comm flags=0x0
[TRACE] caller=eac.elf+0x22d2ca open path=/proc/2891/cmdline flags=0x0
[TRACE] caller=eac.elf+0x220c4d readlink path=/proc/2939/exe size=4096
[TRACE] caller=eac.elf+0x221670 open path=/proc/2939/comm flags=0x0
[TRACE] caller=eac.elf+0x22d2ca open path=/proc/2939/cmdline flags=0x0
[TRACE] caller=eac.elf+0x220c4d readlink path=/proc/2989/exe size=4096
[TRACE] caller=eac.elf+0x221670 open path=/proc/2989/comm flags=0x0
[TRACE] caller=eac.elf+0x22d2ca open path=/proc/2989/cmdline flags=0x0
[TRACE] caller=eac.elf+0x220c4d readlink path=/proc/3078/exe size=4096
[TRACE] caller=eac.elf+0x221670 open path=/proc/3078/comm flags=0x0
[TRACE] caller=eac.elf+0x22d2ca open path=/proc/3078/cmdline flags=0x0
[TRACE] caller=eac.elf+0x220c4d readlink path=/proc/3080/exe size=4096
[TRACE] caller=eac.elf+0x221670 open path=/proc/3080/comm flags=0x0
[TRACE] caller=eac.elf+0x22d2ca open path=/proc/3080/cmdline flags=0x0
[TRACE] caller=eac.elf+0x220c4d readlink path=/proc/3095/exe size=4096
[TRACE] caller=eac.elf+0x221670 open path=/proc/3095/comm flags=0x0
[TRACE] caller=eac.elf+0x22d2ca open path=/proc/3095/cmdline flags=0x0
[TRACE] caller=eac.elf+0x220c4d readlink path=/proc/3117/exe size=4096
[TRACE] caller=eac.elf+0x221670 open path=/proc/3117/comm flags=0x0
[TRACE] caller=eac.elf+0x22d2ca open path=/proc/3117/cmdline flags=0x0
[TRACE] caller=eac.elf+0x220c4d readlink path=/proc/3173/exe size=4096
[TRACE] caller=eac.elf+0x221670 open path=/proc/3173/comm flags=0x0
[TRACE] caller=eac.elf+0x22d2ca open path=/proc/3173/cmdline flags=0x0
[TRACE] caller=eac.elf+0x220c4d readlink path=/proc/3200/exe size=4096
[TRACE] caller=eac.elf+0x221670 open path=/proc/3200/comm flags=0x0
[TRACE] caller=eac.elf+0x22d2ca open path=/proc/3200/cmdline flags=0x0
[TRACE] caller=eac.elf+0x220c4d readlink path=/proc/3201/exe size=4096
[TRACE] caller=eac.elf+0x221670 open path=/proc/3201/comm flags=0x0
[TRACE] caller=eac.elf+0x22d2ca open path=/proc/3201/cmdline flags=0x0
[TRACE] caller=eac.elf+0x220c4d readlink path=/proc/3205/exe size=4096
[TRACE] caller=eac.elf+0x221670 open path=/proc/3205/comm flags=0x0
[TRACE] caller=eac.elf+0x22d2ca open path=/proc/3205/cmdline flags=0x0
[TRACE] caller=eac.elf+0x220c4d readlink path=/proc/3207/exe size=4096
[TRACE] caller=eac.elf+0x221670 open path=/proc/3207/comm flags=0x0
[TRACE] caller=eac.elf+0x22d2ca open path=/proc/3207/cmdline flags=0x0
[TRACE] caller=eac.elf+0x220c4d readlink path=/proc/3211/exe size=4096
[TRACE] caller=eac.elf+0x221670 open path=/proc/3211/comm flags=0x0
[TRACE] caller=eac.elf+0x22d2ca open path=/proc/3211/cmdline flags=0x0
[TRACE] caller=eac.elf+0x220c4d readlink path=/proc/3216/exe size=4096
[TRACE] caller=eac.elf+0x221670 open path=/proc/3216/comm flags=0x0
[TRACE] caller=eac.elf+0x22d2ca open path=/proc/3216/cmdline flags=0x0
[TRACE] caller=eac.elf+0x220c4d readlink path=/proc/3301/exe size=4096
[TRACE] caller=eac.elf+0x221670 open path=/proc/3301/comm flags=0x0
[TRACE] caller=eac.elf+0x22d2ca open path=/proc/3301/cmdline flags=0x0
[TRACE] caller=eac.elf+0x220c4d readlink path=/proc/3678/exe size=4096
[TRACE] caller=eac.elf+0x221670 open path=/proc/3678/comm flags=0x0
[TRACE] caller=eac.elf+0x22d2ca open path=/proc/3678/cmdline flags=0x0
[TRACE] caller=eac.elf+0x220c4d readlink path=/proc/3793/exe size=4096
[TRACE] caller=eac.elf+0x221670 open path=/proc/3793/comm flags=0x0
[TRACE] caller=eac.elf+0x22d2ca open path=/proc/3793/cmdline flags=0x0
[TRACE] caller=eac.elf+0x220c4d readlink path=/proc/3794/exe size=4096
[TRACE] caller=eac.elf+0x221670 open path=/proc/3794/comm flags=0x0
[TRACE] caller=eac.elf+0x22d2ca open path=/proc/3794/cmdline flags=0x0
[TRACE] caller=eac.elf+0x220c4d readlink path=/proc/4024/exe size=4096
[TRACE] caller=eac.elf+0x221670 open path=/proc/4024/comm flags=0x0
[TRACE] caller=eac.elf+0x22d2ca open path=/proc/4024/cmdline flags=0x0
[TRACE] caller=eac.elf+0x220c4d readlink path=/proc/4027/exe size=4096
[TRACE] caller=eac.elf+0x221670 open path=/proc/4027/comm flags=0x0
[TRACE] caller=eac.elf+0x22d2ca open path=/proc/4027/cmdline flags=0x0
[TRACE] caller=eac.elf+0x220c4d readlink path=/proc/4030/exe size=4096
[TRACE] caller=eac.elf+0x221670 open path=/proc/4030/comm flags=0x0
[TRACE] caller=eac.elf+0x22d2ca open path=/proc/4030/cmdline flags=0x0
[TRACE] caller=eac.elf+0x220c4d readlink path=/proc/4032/exe size=4096
[TRACE] caller=eac.elf+0x221670 open path=/proc/4032/comm flags=0x0
[TRACE] caller=eac.elf+0x22d2ca open path=/proc/4032/cmdline flags=0x0
[TRACE] caller=eac.elf+0x220c4d readlink path=/proc/4052/exe size=4096
[TRACE] caller=eac.elf+0x221670 open path=/proc/4052/comm flags=0x0
[TRACE] caller=eac.elf+0x22d2ca open path=/proc/4052/cmdline flags=0x0
[TRACE] caller=eac.elf+0x220c4d readlink path=/proc/4115/exe size=4096
[TRACE] caller=eac.elf+0x221670 open path=/proc/4115/comm flags=0x0
[TRACE] caller=eac.elf+0x22d2ca open path=/proc/4115/cmdline flags=0x0
[TRACE] caller=eac.elf+0x220c4d readlink path=/proc/4134/exe size=4096
[TRACE] caller=eac.elf+0x221670 open path=/proc/4134/comm flags=0x0
[TRACE] caller=eac.elf+0x22d2ca open path=/proc/4134/cmdline flags=0x0
[TRACE] caller=eac.elf+0x220c4d readlink path=/proc/4596/exe size=4096
[TRACE] caller=eac.elf+0x221670 open path=/proc/4596/comm flags=0x0
[TRACE] caller=eac.elf+0x22d2ca open path=/proc/4596/cmdline flags=0x0
[TRACE] caller=eac.elf+0x220c4d readlink path=/proc/4597/exe size=4096
[TRACE] caller=eac.elf+0x221670 open path=/proc/4597/comm flags=0x0
[TRACE] caller=eac.elf+0x22d2ca open path=/proc/4597/cmdline flags=0x0
[TRACE] caller=eac.elf+0x220c4d readlink path=/proc/4817/exe size=4096
[TRACE] caller=eac.elf+0x221670 open path=/proc/4817/comm flags=0x0
[TRACE] caller=eac.elf+0x22d2ca open path=/proc/4817/cmdline flags=0x0
[TRACE] caller=eac.elf+0x220c4d readlink path=/proc/5291/exe size=4096
[TRACE] caller=eac.elf+0x221670 open path=/proc/5291/comm flags=0x0
[TRACE] caller=eac.elf+0x22d2ca open path=/proc/5291/cmdline flags=0x0
[TRACE] caller=eac.elf+0x220c4d readlink path=/proc/5451/exe size=4096
[TRACE] caller=eac.elf+0x221670 open path=/proc/5451/comm flags=0x0
[TRACE] caller=eac.elf+0x22d2ca open path=/proc/5451/cmdline flags=0x0
[TRACE] caller=eac.elf+0x220c4d readlink path=/proc/5500/exe size=4096
[TRACE] caller=eac.elf+0x221670 open path=/proc/5500/comm flags=0x0
[TRACE] caller=eac.elf+0x22d2ca open path=/proc/5500/cmdline flags=0x0
[TRACE] caller=eac.elf+0x220c4d readlink path=/proc/8461/exe size=4096
[TRACE] caller=eac.elf+0x221670 open path=/proc/8461/comm flags=0x0
[TRACE] caller=eac.elf+0x22d2ca open path=/proc/8461/cmdline flags=0x0
[TRACE] caller=eac.elf+0x220c4d readlink path=/proc/46109/exe size=4096
[TRACE] caller=eac.elf+0x221670 open path=/proc/46109/comm flags=0x0
[TRACE] caller=eac.elf+0x22d2ca open path=/proc/46109/cmdline flags=0x0
[TRACE] caller=eac.elf+0x220c4d readlink path=/proc/174820/exe size=4096
[TRACE] caller=eac.elf+0x221670 open path=/proc/174820/comm flags=0x0
[TRACE] caller=eac.elf+0x22d2ca open path=/proc/174820/cmdline flags=0x0
[TRACE] caller=eac.elf+0x220c4d readlink path=/proc/175281/exe size=4096
[TRACE] caller=eac.elf+0x221670 open path=/proc/175281/comm flags=0x0
[TRACE] caller=eac.elf+0x22d2ca open path=/proc/175281/cmdline flags=0x0
[TRACE] caller=eac.elf+0x220c4d readlink path=/proc/175283/exe size=4096
[TRACE] caller=eac.elf+0x221670 open path=/proc/175283/comm flags=0x0
[TRACE] caller=eac.elf+0x22d2ca open path=/proc/175283/cmdline flags=0x0
[TRACE] caller=eac.elf+0x220c4d readlink path=/proc/175324/exe size=4096
[TRACE] caller=eac.elf+0x22d2ca open path=/proc/175324/cmdline flags=0x0
[TRACE] caller=eac.elf+0x220c4d readlink path=/proc/175331/exe size=4096
[TRACE] caller=eac.elf+0x22d2ca open path=/proc/175331/cmdline flags=0x0
[TRACE] caller=eac.elf+0x220c4d readlink path=/proc/175344/exe size=4096
[TRACE] caller=eac.elf+0x22d2ca open path=/proc/175344/cmdline flags=0x0
[TRACE] caller=eac.elf+0x220c4d readlink path=/proc/175368/exe size=4096
[TRACE] caller=eac.elf+0x22d2ca open path=/proc/175368/cmdline flags=0x0
[TRACE] caller=eac.elf+0x220c4d readlink path=/proc/175371/exe size=4096
[TRACE] caller=eac.elf+0x22d2ca open path=/proc/175371/cmdline flags=0x0
[TRACE] caller=eac.elf+0x220c4d readlink path=/proc/175373/exe size=4096
[TRACE] caller=eac.elf+0x22d2ca open path=/proc/175373/cmdline flags=0x0
[TRACE] caller=eac.elf+0x220c4d readlink path=/proc/175376/exe size=4096
[TRACE] caller=eac.elf+0x22d2ca open path=/proc/175376/cmdline flags=0x0
[TRACE] caller=eac.elf+0x220c4d readlink path=/proc/175380/exe size=4096
[TRACE] caller=eac.elf+0x22d2ca open path=/proc/175380/cmdline flags=0x0
[TRACE] caller=eac.elf+0x220c4d readlink path=/proc/175516/exe size=4096
[TRACE] caller=eac.elf+0x22d2ca open path=/proc/175516/cmdline flags=0x0
[TRACE] caller=eac.elf+0x220c4d readlink path=/proc/175531/exe size=4096
[TRACE] caller=eac.elf+0x22d2ca open path=/proc/175531/cmdline flags=0x0
[TRACE] caller=eac.elf+0x220c4d readlink path=/proc/175538/exe size=4096
[TRACE] caller=eac.elf+0x221670 open path=/proc/175538/comm flags=0x0
[TRACE] caller=eac.elf+0x22d2ca open path=/proc/175538/cmdline flags=0x0
[TRACE] caller=eac.elf+0x220c4d readlink path=/proc/175702/exe size=4096
[TRACE] caller=eac.elf+0x22d2ca open path=/proc/175702/cmdline flags=0x0
[TRACE] caller=eac.elf+0x220c4d readlink path=/proc/175708/exe size=4096
[TRACE] caller=eac.elf+0x22d2ca open path=/proc/175708/cmdline flags=0x0
[TRACE] caller=eac.elf+0x220c4d readlink path=/proc/175724/exe size=4096
[TRACE] caller=eac.elf+0x22d2ca open path=/proc/175724/cmdline flags=0x0
[TRACE] caller=eac.elf+0x220c4d readlink path=/proc/175744/exe size=4096
[TRACE] caller=eac.elf+0x22d2ca open path=/proc/175744/cmdline flags=0x0
[TRACE] caller=eac.elf+0x220c4d readlink path=/proc/175756/exe size=4096
[TRACE] caller=eac.elf+0x22d2ca open path=/proc/175756/cmdline flags=0x0
[TRACE] caller=eac.elf+0x220c4d readlink path=/proc/175780/exe size=4096
[TRACE] caller=eac.elf+0x22d2ca open path=/proc/175780/cmdline flags=0x0
[TRACE] caller=eac.elf+0x220c4d readlink path=/proc/176125/exe size=4096
[TRACE] caller=eac.elf+0x22d2ca open path=/proc/176125/cmdline flags=0x0
[TRACE] caller=eac.elf+0x220c4d readlink path=/proc/176131/exe size=4096
[TRACE] caller=eac.elf+0x22d2ca open path=/proc/176131/cmdline flags=0x0
[TRACE] caller=eac.elf+0x220c4d readlink path=/proc/176137/exe size=4096
[TRACE] caller=eac.elf+0x221670 open path=/proc/176137/comm flags=0x0
[TRACE] caller=eac.elf+0x22d2ca open path=/proc/176137/cmdline flags=0x0
[TRACE] caller=eac.elf+0x220c4d readlink path=/proc/176158/exe size=4096
[TRACE] caller=eac.elf+0x22d2ca open path=/proc/176158/cmdline flags=0x0
[TRACE] caller=eac.elf+0x220c4d readlink path=/proc/176171/exe size=4096
[TRACE] caller=eac.elf+0x22d2ca open path=/proc/176171/cmdline flags=0x0
[TRACE] caller=eac.elf+0x220c4d readlink path=/proc/176178/exe size=4096
[TRACE] caller=eac.elf+0x22d2ca open path=/proc/176178/cmdline flags=0x0
[TRACE] caller=eac.elf+0x220c4d readlink path=/proc/176234/exe size=4096
[TRACE] caller=eac.elf+0x22d2ca open path=/proc/176234/cmdline flags=0x0
[TRACE] caller=eac.elf+0x220c4d readlink path=/proc/176479/exe size=4096
[TRACE] caller=eac.elf+0x221670 open path=/proc/176479/comm flags=0x0
[TRACE] caller=eac.elf+0x22d2ca open path=/proc/176479/cmdline flags=0x0
[TRACE] caller=eac.elf+0x220c4d readlink path=/proc/176539/exe size=4096
[TRACE] caller=eac.elf+0x22d2ca open path=/proc/176539/cmdline flags=0x0
[TRACE] caller=eac.elf+0x220c4d readlink path=/proc/176573/exe size=4096
[TRACE] caller=eac.elf+0x221670 open path=/proc/176573/comm flags=0x0
[TRACE] caller=eac.elf+0x22d2ca open path=/proc/176573/cmdline flags=0x0
[TRACE] caller=eac.elf+0x220c4d readlink path=/proc/176594/exe size=4096
[TRACE] caller=eac.elf+0x22d2ca open path=/proc/176594/cmdline flags=0x0
[TRACE] caller=eac.elf+0x220c4d readlink path=/proc/176597/exe size=4096
[TRACE] caller=eac.elf+0x22d2ca open path=/proc/176597/cmdline flags=0x0
[TRACE] caller=eac.elf+0x220c4d readlink path=/proc/176604/exe size=4096
[TRACE] caller=eac.elf+0x22d2ca open path=/proc/176604/cmdline flags=0x0
[TRACE] caller=eac.elf+0x220c4d readlink path=/proc/176618/exe size=4096
[TRACE] caller=eac.elf+0x22d2ca open path=/proc/176618/cmdline flags=0x0
[TRACE] caller=eac.elf+0x220c4d readlink path=/proc/176641/exe size=4096
[TRACE] caller=eac.elf+0x22d2ca open path=/proc/176641/cmdline flags=0x0
[TRACE] caller=eac.elf+0x220c4d readlink path=/proc/176643/exe size=4096
[TRACE] caller=eac.elf+0x22d2ca open path=/proc/176643/cmdline flags=0x0
[TRACE] caller=eac.elf+0x220c4d readlink path=/proc/176644/exe size=4096
[TRACE] caller=eac.elf+0x22d2ca open path=/proc/176644/cmdline flags=0x0
[TRACE] caller=eac.elf+0x220c4d readlink path=/proc/176645/exe size=4096
[TRACE] caller=eac.elf+0x22d2ca open path=/proc/176645/cmdline flags=0x0
[TRACE] caller=eac.elf+0x220c4d readlink path=/proc/176646/exe size=4096
[TRACE] caller=eac.elf+0x22d2ca open path=/proc/176646/cmdline flags=0x0
[TRACE] caller=eac.elf+0x220c4d readlink path=/proc/176655/exe size=4096
[TRACE] caller=eac.elf+0x22d2ca open path=/proc/176655/cmdline flags=0x0
[TRACE] caller=eac.elf+0x220c4d readlink path=/proc/176658/exe size=4096
[TRACE] caller=eac.elf+0x22d2ca open path=/proc/176658/cmdline flags=0x0
[TRACE] caller=eac.elf+0x220c4d readlink path=/proc/176659/exe size=4096
[TRACE] caller=eac.elf+0x22d2ca open path=/proc/176659/cmdline flags=0x0
[TRACE] caller=eac.elf+0x220c4d readlink path=/proc/176660/exe size=4096
[TRACE] caller=eac.elf+0x22d2ca open path=/proc/176660/cmdline flags=0x0
[TRACE] caller=eac.elf+0x220c4d readlink path=/proc/176663/exe size=4096
[TRACE] caller=eac.elf+0x22d2ca open path=/proc/176663/cmdline flags=0x0
[TRACE] caller=eac.elf+0x220c4d readlink path=/proc/176665/exe size=4096
[TRACE] caller=eac.elf+0x22d2ca open path=/proc/176665/cmdline flags=0x0
[TRACE] caller=eac.elf+0x220c4d readlink path=/proc/176668/exe size=4096
[TRACE] caller=eac.elf+0x22d2ca open path=/proc/176668/cmdline flags=0x0
[TRACE] caller=eac.elf+0x220c4d readlink path=/proc/176678/exe size=4096
[TRACE] caller=eac.elf+0x22d2ca open path=/proc/176678/cmdline flags=0x0
[TRACE] caller=eac.elf+0x220c4d readlink path=/proc/176681/exe size=4096
[TRACE] caller=eac.elf+0x22d2ca open path=/proc/176681/cmdline flags=0x0
[TRACE] caller=eac.elf+0x220c4d readlink path=/proc/176682/exe size=4096
[TRACE] caller=eac.elf+0x22d2ca open path=/proc/176682/cmdline flags=0x0
[TRACE] caller=eac.elf+0x220c4d readlink path=/proc/176688/exe size=4096
[TRACE] caller=eac.elf+0x22d2ca open path=/proc/176688/cmdline flags=0x0
[TRACE] caller=eac.elf+0x220c4d readlink path=/proc/176689/exe size=4096
[TRACE] caller=eac.elf+0x22d2ca open path=/proc/176689/cmdline flags=0x0
[TRACE] caller=eac.elf+0x220c4d readlink path=/proc/176694/exe size=4096
[TRACE] caller=eac.elf+0x22d2ca open path=/proc/176694/cmdline flags=0x0
[TRACE] caller=eac.elf+0x220c4d readlink path=/proc/176724/exe size=4096
[TRACE] caller=eac.elf+0x22d2ca open path=/proc/176724/cmdline flags=0x0
[TRACE] caller=eac.elf+0x220c4d readlink path=/proc/176741/exe size=4096
[TRACE] caller=eac.elf+0x22d2ca open path=/proc/176741/cmdline flags=0x0
[TRACE] caller=eac.elf+0x220c4d readlink path=/proc/176805/exe size=4096
[TRACE] caller=eac.elf+0x22d2ca open path=/proc/176805/cmdline flags=0x0
[TRACE] caller=eac.elf+0x220c4d readlink path=/proc/176809/exe size=4096
[TRACE] caller=eac.elf+0x22d2ca open path=/proc/176809/cmdline flags=0x0
[TRACE] caller=eac.elf+0x220c4d readlink path=/proc/176812/exe size=4096
[TRACE] caller=eac.elf+0x22d2ca open path=/proc/176812/cmdline flags=0x0
[TRACE] caller=eac.elf+0x220c4d readlink path=/proc/176813/exe size=4096
[TRACE] caller=eac.elf+0x22d2ca open path=/proc/176813/cmdline flags=0x0
[TRACE] caller=eac.elf+0x220c4d readlink path=/proc/176819/exe size=4096
[TRACE] caller=eac.elf+0x22d2ca open path=/proc/176819/cmdline flags=0x0
[TRACE] caller=eac.elf+0x220c4d readlink path=/proc/176841/exe size=4096
[TRACE] caller=eac.elf+0x22d2ca open path=/proc/176841/cmdline flags=0x0
[TRACE] caller=eac.elf+0x220c4d readlink path=/proc/176889/exe size=4096
[TRACE] caller=eac.elf+0x22d2ca open path=/proc/176889/cmdline flags=0x0
[TRACE] caller=eac.elf+0x220c4d readlink path=/proc/176905/exe size=4096
[TRACE] caller=eac.elf+0x22d2ca open path=/proc/176905/cmdline flags=0x0
[TRACE] caller=eac.elf+0x220c4d readlink path=/proc/176917/exe size=4096
[TRACE] caller=eac.elf+0x22d2ca open path=/proc/176917/cmdline flags=0x0
[TRACE] caller=eac.elf+0x220c4d readlink path=/proc/176940/exe size=4096
[TRACE] caller=eac.elf+0x22d2ca open path=/proc/176940/cmdline flags=0x0
[TRACE] caller=eac.elf+0x220c4d readlink path=/proc/176941/exe size=4096
[TRACE] caller=eac.elf+0x22d2ca open path=/proc/176941/cmdline flags=0x0
[TRACE] caller=eac.elf+0x220c4d readlink path=/proc/176962/exe size=4096
[TRACE] caller=eac.elf+0x22d2ca open path=/proc/176962/cmdline flags=0x0
[TRACE] caller=eac.elf+0x220c4d readlink path=/proc/176967/exe size=4096
[TRACE] caller=eac.elf+0x22d2ca open path=/proc/176967/cmdline flags=0x0
[TRACE] caller=eac.elf+0x220c4d readlink path=/proc/176973/exe size=4096
[TRACE] caller=eac.elf+0x22d2ca open path=/proc/176973/cmdline flags=0x0
[TRACE] caller=eac.elf+0x220c4d readlink path=/proc/176978/exe size=4096
[TRACE] caller=eac.elf+0x22d2ca open path=/proc/176978/cmdline flags=0x0
[TRACE] caller=eac.elf+0x220c4d readlink path=/proc/176983/exe size=4096
[TRACE] caller=eac.elf+0x22d2ca open path=/proc/176983/cmdline flags=0x0
[TRACE] caller=eac.elf+0x220c4d readlink path=/proc/177121/exe size=4096
[TRACE] caller=eac.elf+0x22d2ca open path=/proc/177121/cmdline flags=0x0
[TRACE] caller=eac.elf+0x220c4d readlink path=/proc/177200/exe size=4096
[TRACE] caller=eac.elf+0x221670 open path=/proc/177200/comm flags=0x0
[TRACE] caller=eac.elf+0x22d2ca open path=/proc/177200/cmdline flags=0x0
[TRACE] caller=eac.elf+0x220c4d readlink path=/proc/177742/exe size=4096
[TRACE] caller=eac.elf+0x22d2ca open path=/proc/177742/cmdline flags=0x0
[TRACE] caller=eac.elf+0x220c4d readlink path=/proc/177745/exe size=4096
[TRACE] caller=eac.elf+0x22d2ca open path=/proc/177745/cmdline flags=0x0
[TRACE] caller=eac.elf+0x220c4d readlink path=/proc/177774/exe size=4096
[TRACE] caller=eac.elf+0x22d2ca open path=/proc/177774/cmdline flags=0x0
[TRACE] caller=eac.elf+0x220c4d readlink path=/proc/177788/exe size=4096
[TRACE] caller=eac.elf+0x22d2ca open path=/proc/177788/cmdline flags=0x0
[TRACE] caller=eac.elf+0x220c4d readlink path=/proc/177803/exe size=4096
[TRACE] caller=eac.elf+0x22d2ca open path=/proc/177803/cmdline flags=0x0
[TRACE] caller=eac.elf+0x220c4d readlink path=/proc/177814/exe size=4096
[TRACE] caller=eac.elf+0x22d2ca open path=/proc/177814/cmdline flags=0x0
[TRACE] caller=eac.elf+0x220c4d readlink path=/proc/177849/exe size=4096
[TRACE] caller=eac.elf+0x22d2ca open path=/proc/177849/cmdline flags=0x0
[TRACE] caller=eac.elf+0x220c4d readlink path=/proc/177857/exe size=4096
[TRACE] caller=eac.elf+0x22d2ca open path=/proc/177857/cmdline flags=0x0
[TRACE] caller=eac.elf+0x220c4d readlink path=/proc/178089/exe size=4096
[TRACE] caller=eac.elf+0x22d2ca open path=/proc/178089/cmdline flags=0x0
[TRACE] caller=eac.elf+0x220c4d readlink path=/proc/178094/exe size=4096
[TRACE] caller=eac.elf+0x22d2ca open path=/proc/178094/cmdline flags=0x0
[TRACE] caller=eac.elf+0x220c4d readlink path=/proc/178326/exe size=4096
[TRACE] caller=eac.elf+0x22d2ca open path=/proc/178326/cmdline flags=0x0
[TRACE] caller=eac.elf+0x220c4d readlink path=/proc/178671/exe size=4096
[TRACE] caller=eac.elf+0x22d2ca open path=/proc/178671/cmdline flags=0x0
[TRACE] caller=eac.elf+0x220c4d readlink path=/proc/178683/exe size=4096
[TRACE] caller=eac.elf+0x22d2ca open path=/proc/178683/cmdline flags=0x0
[TRACE] caller=eac.elf+0x220c4d readlink path=/proc/178684/exe size=4096
[TRACE] caller=eac.elf+0x22d2ca open path=/proc/178684/cmdline flags=0x0
[TRACE] caller=eac.elf+0x220c4d readlink path=/proc/178687/exe size=4096
[TRACE] caller=eac.elf+0x22d2ca open path=/proc/178687/cmdline flags=0x0
[TRACE] caller=eac.elf+0x220c4d readlink path=/proc/178688/exe size=4096
[TRACE] caller=eac.elf+0x22d2ca open path=/proc/178688/cmdline flags=0x0
[TRACE] caller=eac.elf+0x220c4d readlink path=/proc/178795/exe size=4096
[TRACE] caller=eac.elf+0x22d2ca open path=/proc/178795/cmdline flags=0x0
[TRACE] caller=eac.elf+0x220c4d readlink path=/proc/178800/exe size=4096
[TRACE] caller=eac.elf+0x22d2ca open path=/proc/178800/cmdline flags=0x0
[TRACE] caller=eac.elf+0x220c4d readlink path=/proc/178801/exe size=4096
[TRACE] caller=eac.elf+0x22d2ca open path=/proc/178801/cmdline flags=0x0
[TRACE] caller=eac.elf+0x220c4d readlink path=/proc/178802/exe size=4096
[TRACE] caller=eac.elf+0x22d2ca open path=/proc/178802/cmdline flags=0x0
[TRACE] caller=eac.elf+0x220c4d readlink path=/proc/178807/exe size=4096
[TRACE] caller=eac.elf+0x22d2ca open path=/proc/178807/cmdline flags=0x0
[TRACE] caller=eac.elf+0x220c4d readlink path=/proc/178809/exe size=4096
[TRACE] caller=eac.elf+0x22d2ca open path=/proc/178809/cmdline flags=0x0
[TRACE] caller=eac.elf+0x220c4d readlink path=/proc/178815/exe size=4096
[TRACE] caller=eac.elf+0x22d2ca open path=/proc/178815/cmdline flags=0x0
[TRACE] caller=eac.elf+0x220c4d readlink path=/proc/178816/exe size=4096
[TRACE] caller=eac.elf+0x22d2ca open path=/proc/178816/cmdline flags=0x0
[TRACE] caller=eac.elf+0x220c4d readlink path=/proc/178819/exe size=4096
[TRACE] caller=eac.elf+0x22d2ca open path=/proc/178819/cmdline flags=0x0
[TRACE] caller=eac.elf+0x220c4d readlink path=/proc/179312/exe size=4096
[TRACE] caller=eac.elf+0x221670 open path=/proc/179312/comm flags=0x0
[TRACE] caller=eac.elf+0x22d2ca open path=/proc/179312/cmdline flags=0x0
[TRACE] caller=eac.elf+0x220c4d readlink path=/proc/179313/exe size=4096
[TRACE] caller=eac.elf+0x22d2ca open path=/proc/179313/cmdline flags=0x0
[TRACE] caller=eac.elf+0x220c4d readlink path=/proc/179326/exe size=4096
[TRACE] caller=eac.elf+0x22d2ca open path=/proc/179326/cmdline flags=0x0
[TRACE] caller=eac.elf+0x220c4d readlink path=/proc/180108/exe size=4096
[TRACE] caller=eac.elf+0x221670 open path=/proc/180108/comm flags=0x0
[TRACE] caller=eac.elf+0x22d2ca open path=/proc/180108/cmdline flags=0x0
[TRACE] caller=eac.elf+0x220c4d readlink path=/proc/180476/exe size=4096
[TRACE] caller=eac.elf+0x22d2ca open path=/proc/180476/cmdline flags=0x0
[TRACE] caller=eac.elf+0x220c4d readlink path=/proc/180486/exe size=4096
[TRACE] caller=eac.elf+0x22d2ca open path=/proc/180486/cmdline flags=0x0
[TRACE] caller=eac.elf+0x220c4d readlink path=/proc/180711/exe size=4096
[TRACE] caller=eac.elf+0x22d2ca open path=/proc/180711/cmdline flags=0x0
[TRACE] caller=eac.elf+0x220c4d readlink path=/proc/180723/exe size=4096
[TRACE] caller=eac.elf+0x22d2ca open path=/proc/180723/cmdline flags=0x0
[TRACE] caller=eac.elf+0x220c4d readlink path=/proc/180763/exe size=4096
[TRACE] caller=eac.elf+0x22d2ca open path=/proc/180763/cmdline flags=0x0
[TRACE] caller=eac.elf+0x220c4d readlink path=/proc/180769/exe size=4096
[TRACE] caller=eac.elf+0x22d2ca open path=/proc/180769/cmdline flags=0x0
[TRACE] caller=eac.elf+0x220c4d readlink path=/proc/180775/exe size=4096
[TRACE] caller=eac.elf+0x22d2ca open path=/proc/180775/cmdline flags=0x0
[TRACE] caller=eac.elf+0x220c4d readlink path=/proc/180789/exe size=4096
[TRACE] caller=eac.elf+0x22d2ca open path=/proc/180789/cmdline flags=0x0
[TRACE] caller=eac.elf+0x220c4d readlink path=/proc/180813/exe size=4096
[TRACE] caller=eac.elf+0x22d2ca open path=/proc/180813/cmdline flags=0x0
[TRACE] caller=eac.elf+0x220c4d readlink path=/proc/180884/exe size=4096
[TRACE] caller=eac.elf+0x22d2ca open path=/proc/180884/cmdline flags=0x0
[TRACE] caller=eac.elf+0x220c4d readlink path=/proc/181036/exe size=4096
[TRACE] caller=eac.elf+0x22d2ca open path=/proc/181036/cmdline flags=0x0
[TRACE] caller=eac.elf+0x220c4d readlink path=/proc/181354/exe size=4096
[TRACE] caller=eac.elf+0x22d2ca open path=/proc/181354/cmdline flags=0x0
[TRACE] caller=eac.elf+0x220c4d readlink path=/proc/181400/exe size=4096
[TRACE] caller=eac.elf+0x22d2ca open path=/proc/181400/cmdline flags=0x0
[TRACE] caller=eac.elf+0x220c4d readlink path=/proc/181439/exe size=4096
[TRACE] caller=eac.elf+0x221670 open path=/proc/181439/comm flags=0x0
[TRACE] caller=eac.elf+0x22d2ca open path=/proc/181439/cmdline flags=0x0
[TRACE] caller=eac.elf+0x220c4d readlink path=/proc/185424/exe size=4096
[TRACE] caller=eac.elf+0x22d2ca open path=/proc/185424/cmdline flags=0x0
[TRACE] caller=eac.elf+0x220c4d readlink path=/proc/209522/exe size=4096
[TRACE] caller=eac.elf+0x221670 open path=/proc/209522/comm flags=0x0
[TRACE] caller=eac.elf+0x22d2ca open path=/proc/209522/cmdline flags=0x0
[TRACE] caller=eac.elf+0x220c4d readlink path=/proc/234766/exe size=4096
[TRACE] caller=eac.elf+0x22d2ca open path=/proc/234766/cmdline flags=0x0
[TRACE] caller=eac.elf+0x220c4d readlink path=/proc/234774/exe size=4096
[TRACE] caller=eac.elf+0x22d2ca open path=/proc/234774/cmdline flags=0x0
[TRACE] caller=eac.elf+0x220c4d readlink path=/proc/235072/exe size=4096
[TRACE] caller=eac.elf+0x221670 open path=/proc/235072/comm flags=0x0
[TRACE] caller=eac.elf+0x22d2ca open path=/proc/235072/cmdline flags=0x0
[TRACE] caller=eac.elf+0x220c4d readlink path=/proc/235074/exe size=4096
[TRACE] caller=eac.elf+0x221670 open path=/proc/235074/comm flags=0x0
[TRACE] caller=eac.elf+0x22d2ca open path=/proc/235074/cmdline flags=0x0
[TRACE] caller=eac.elf+0x220c4d readlink path=/proc/235081/exe size=4096
[TRACE] caller=eac.elf+0x221670 open path=/proc/235081/comm flags=0x0
[TRACE] caller=eac.elf+0x22d2ca open path=/proc/235081/cmdline flags=0x0
[TRACE] caller=eac.elf+0x220c4d readlink path=/proc/235084/exe size=4096
[TRACE] caller=eac.elf+0x221670 open path=/proc/235084/comm flags=0x0
[TRACE] caller=eac.elf+0x22d2ca open path=/proc/235084/cmdline flags=0x0
[TRACE] caller=eac.elf+0x220c4d readlink path=/proc/235087/exe size=4096
[TRACE] caller=eac.elf+0x221670 open path=/proc/235087/comm flags=0x0
[TRACE] caller=eac.elf+0x22d2ca open path=/proc/235087/cmdline flags=0x0
[TRACE] caller=eac.elf+0x220c4d readlink path=/proc/235089/exe size=4096
[TRACE] caller=eac.elf+0x221670 open path=/proc/235089/comm flags=0x0
[TRACE] caller=eac.elf+0x22d2ca open path=/proc/235089/cmdline flags=0x0
[TRACE] caller=eac.elf+0x220c4d readlink path=/proc/235090/exe size=4096
[TRACE] caller=eac.elf+0x22d2ca open path=/proc/235090/cmdline flags=0x0
[TRACE] caller=eac.elf+0x220c4d readlink path=/proc/235093/exe size=4096
[TRACE] caller=eac.elf+0x22d2ca open path=/proc/235093/cmdline flags=0x0
[TRACE] caller=eac.elf+0x220c4d readlink path=/proc/235095/exe size=4096
[TRACE] caller=eac.elf+0x22d2ca open path=/proc/235095/cmdline flags=0x0
[TRACE] caller=eac.elf+0x220c4d readlink path=/proc/235099/exe size=4096
[TRACE] caller=eac.elf+0x22d2ca open path=/proc/235099/cmdline flags=0x0
[TRACE] caller=eac.elf+0x220c4d readlink path=/proc/235102/exe size=4096
[TRACE] caller=eac.elf+0x22d2ca open path=/proc/235102/cmdline flags=0x0
[TRACE] caller=eac.elf+0x220c4d readlink path=/proc/235106/exe size=4096
[TRACE] caller=eac.elf+0x22d2ca open path=/proc/235106/cmdline flags=0x0
[TRACE] caller=eac.elf+0x220c4d readlink path=/proc/235111/exe size=4096
[TRACE] caller=eac.elf+0x22d2ca open path=/proc/235111/cmdline flags=0x0
[TRACE] caller=eac.elf+0x220c4d readlink path=/proc/235116/exe size=4096
[TRACE] caller=eac.elf+0x22d2ca open path=/proc/235116/cmdline flags=0x0
[TRACE] caller=eac.elf+0x220c4d readlink path=/proc/235121/exe size=4096
[TRACE] caller=eac.elf+0x22d2ca open path=/proc/235121/cmdline flags=0x0
[TRACE] caller=eac.elf+0x220c4d readlink path=/proc/235207/exe size=4096
[TRACE] caller=eac.elf+0x22d2ca open path=/proc/235207/cmdline flags=0x0
[TRACE] caller=eac.elf+0x220c4d readlink path=/proc/235209/exe size=4096
[TRACE] caller=eac.elf+0x22d2ca open path=/proc/235209/cmdline flags=0x0
[TRACE] caller=eac.elf+0x220c4d readlink path=/proc/235212/exe size=4096
[TRACE] caller=eac.elf+0x22d2ca open path=/proc/235212/cmdline flags=0x0
[TRACE] caller=eac.elf+0x220c4d readlink path=/proc/235216/exe size=4096
[TRACE] caller=eac.elf+0x22d2ca open path=/proc/235216/cmdline flags=0x0
[TRACE] caller=eac.elf+0x220c4d readlink path=/proc/235223/exe size=4096
[TRACE] caller=eac.elf+0x22d2ca open path=/proc/235223/cmdline flags=0x0
[TRACE] caller=eac.elf+0x220c4d readlink path=/proc/235226/exe size=4096
[TRACE] caller=eac.elf+0x22d2ca open path=/proc/235226/cmdline flags=0x0
[TRACE] caller=eac.elf+0x220c4d readlink path=/proc/235253/exe size=4096
[TRACE] caller=eac.elf+0x22d2ca open path=/proc/235253/cmdline flags=0x0
[TRACE] caller=eac.elf+0x220c4d readlink path=/proc/260782/exe size=4096
[TRACE] caller=eac.elf+0x22d2ca open path=/proc/260782/cmdline flags=0x0
[TRACE] caller=eac.elf+0x220c4d readlink path=/proc/260839/exe size=4096
[TRACE] caller=eac.elf+0x22d2ca open path=/proc/260839/cmdline flags=0x0
[TRACE] caller=eac.elf+0x220c4d readlink path=/proc/261062/exe size=4096
[TRACE] caller=eac.elf+0x221670 open path=/proc/261062/comm flags=0x0
[TRACE] caller=eac.elf+0x22d2ca open path=/proc/261062/cmdline flags=0x0
[TRACE] caller=eac.elf+0x220c4d readlink path=/proc/261087/exe size=4096
[TRACE] caller=eac.elf+0x221670 open path=/proc/261087/comm flags=0x0
[TRACE] caller=eac.elf+0x22d2ca open path=/proc/261087/cmdline flags=0x0
[TRACE] caller=eac.elf+0x220c4d readlink path=/proc/261127/exe size=4096
[TRACE] caller=eac.elf+0x221670 open path=/proc/261127/comm flags=0x0
[TRACE] caller=eac.elf+0x22d2ca open path=/proc/261127/cmdline flags=0x0
[TRACE] caller=eac.elf+0x220c4d readlink path=/proc/261137/exe size=4096
[TRACE] caller=eac.elf+0x221670 open path=/proc/261137/comm flags=0x0
[TRACE] caller=eac.elf+0x22d2ca open path=/proc/261137/cmdline flags=0x0
[TRACE] caller=eac.elf+0x220c4d readlink path=/proc/268588/exe size=4096
[TRACE] caller=eac.elf+0x22d2ca open path=/proc/268588/cmdline flags=0x0
[TRACE] caller=eac.elf+0x220c4d readlink path=/proc/268590/exe size=4096
[TRACE] caller=eac.elf+0x22d2ca open path=/proc/268590/cmdline flags=0x0
[TRACE] caller=eac.elf+0x220c4d readlink path=/proc/268591/exe size=4096
[TRACE] caller=eac.elf+0x22d2ca open path=/proc/268591/cmdline flags=0x0
[TRACE] caller=eac.elf+0x220c4d readlink path=/proc/268907/exe size=4096
[TRACE] caller=eac.elf+0x22d2ca open path=/proc/268907/cmdline flags=0x0
[TRACE] caller=eac.elf+0x220c4d readlink path=/proc/270268/exe size=4096
[TRACE] caller=eac.elf+0x22d2ca open path=/proc/270268/cmdline flags=0x0
[TRACE] caller=eac.elf+0x220c4d readlink path=/proc/271064/exe size=4096
[TRACE] caller=eac.elf+0x221670 open path=/proc/271064/comm flags=0x0
[TRACE] caller=eac.elf+0x22d2ca open path=/proc/271064/cmdline flags=0x0
[TRACE] caller=eac.elf+0x220c4d readlink path=/proc/271534/exe size=4096
[TRACE] caller=eac.elf+0x22d2ca open path=/proc/271534/cmdline flags=0x0
[TRACE] caller=eac.elf+0x220c4d readlink path=/proc/271535/exe size=4096
[TRACE] caller=eac.elf+0x22d2ca open path=/proc/271535/cmdline flags=0x0
[TRACE] caller=eac.elf+0x220c4d readlink path=/proc/271536/exe size=4096
[TRACE] caller=eac.elf+0x22d2ca open path=/proc/271536/cmdline flags=0x0
[TRACE] caller=eac.elf+0x220c4d readlink path=/proc/281945/exe size=4096
[TRACE] caller=eac.elf+0x22d2ca open path=/proc/281945/cmdline flags=0x0
[TRACE] caller=eac.elf+0x220c4d readlink path=/proc/296517/exe size=4096
[TRACE] caller=eac.elf+0x22d2ca open path=/proc/296517/cmdline flags=0x0
[TRACE] caller=eac.elf+0x220c4d readlink path=/proc/296625/exe size=4096
[TRACE] caller=eac.elf+0x22d2ca open path=/proc/296625/cmdline flags=0x0
[TRACE] caller=eac.elf+0x220c4d readlink path=/proc/296704/exe size=4096
[TRACE] caller=eac.elf+0x22d2ca open path=/proc/296704/cmdline flags=0x0
[TRACE] caller=eac.elf+0x220c4d readlink path=/proc/297539/exe size=4096
[TRACE] caller=eac.elf+0x221670 open path=/proc/297539/comm flags=0x0
[TRACE] caller=eac.elf+0x22d2ca open path=/proc/297539/cmdline flags=0x0
[TRACE] caller=eac.elf+0x220c4d readlink path=/proc/297816/exe size=4096
[TRACE] caller=eac.elf+0x22d2ca open path=/proc/297816/cmdline flags=0x0
[TRACE] caller=eac.elf+0x220c4d readlink path=/proc/297866/exe size=4096
[TRACE] caller=eac.elf+0x221670 open path=/proc/297866/comm flags=0x0
[TRACE] caller=eac.elf+0x22d2ca open path=/proc/297866/cmdline flags=0x0
[TRACE] caller=eac.elf+0x220c4d readlink path=/proc/297869/exe size=4096
[TRACE] caller=eac.elf+0x221670 open path=/proc/297869/comm flags=0x0
[TRACE] caller=eac.elf+0x22d2ca open path=/proc/297869/cmdline flags=0x0
[TRACE] caller=eac.elf+0x220c4d readlink path=/proc/297872/exe size=4096
[TRACE] caller=eac.elf+0x221670 open path=/proc/297872/comm flags=0x0
[TRACE] caller=eac.elf+0x22d2ca open path=/proc/297872/cmdline flags=0x0
[TRACE] caller=eac.elf+0x220c4d readlink path=/proc/297875/exe size=4096
[TRACE] caller=eac.elf+0x22d2ca open path=/proc/297875/cmdline flags=0x0
[TRACE] caller=eac.elf+0x220c4d readlink path=/proc/298808/exe size=4096
[TRACE] caller=eac.elf+0x22d2ca open path=/proc/298808/cmdline flags=0x0
[TRACE] caller=eac.elf+0x220c4d readlink path=/proc/298818/exe size=4096
[TRACE] caller=eac.elf+0x22d2ca open path=/proc/298818/cmdline flags=0x0
[TRACE] caller=eac.elf+0x220c4d readlink path=/proc/299456/exe size=4096
[TRACE] caller=eac.elf+0x22d2ca open path=/proc/299456/cmdline flags=0x0
[TRACE] caller=eac.elf+0x220c4d readlink path=/proc/299459/exe size=4096
[TRACE] caller=eac.elf+0x22d2ca open path=/proc/299459/cmdline flags=0x0
[TRACE] caller=eac.elf+0x220c4d readlink path=/proc/511410/exe size=4096
[TRACE] caller=eac.elf+0x22d2ca open path=/proc/511410/cmdline flags=0x0
[TRACE] caller=eac.elf+0x220c4d readlink path=/proc/511413/exe size=4096
[TRACE] caller=eac.elf+0x22d2ca open path=/proc/511413/cmdline flags=0x0
[TRACE] caller=eac.elf+0x220c4d readlink path=/proc/511414/exe size=4096
[TRACE] caller=eac.elf+0x22d2ca open path=/proc/511414/cmdline flags=0x0
[TRACE] caller=eac.elf+0x220c4d readlink path=/proc/730791/exe size=4096
[TRACE] caller=eac.elf+0x22d2ca open path=/proc/730791/cmdline flags=0x0
[TRACE] caller=eac.elf+0x220c4d readlink path=/proc/730811/exe size=4096
[TRACE] caller=eac.elf+0x22d2ca open path=/proc/730811/cmdline flags=0x0
[TRACE] caller=eac.elf+0x220c4d readlink path=/proc/731192/exe size=4096
[TRACE] caller=eac.elf+0x22d2ca open path=/proc/731192/cmdline flags=0x0
[TRACE] caller=eac.elf+0x220c4d readlink path=/proc/731349/exe size=4096
[TRACE] caller=eac.elf+0x221670 open path=/proc/731349/comm flags=0x0
[TRACE] caller=eac.elf+0x22d2ca open path=/proc/731349/cmdline flags=0x0
[TRACE] caller=eac.elf+0x220c4d readlink path=/proc/731356/exe size=4096
[TRACE] caller=eac.elf+0x22d2ca open path=/proc/731356/cmdline flags=0x0
[TRACE] caller=eac.elf+0x220c4d readlink path=/proc/731366/exe size=4096
[TRACE] caller=eac.elf+0x22d2ca open path=/proc/731366/cmdline flags=0x0
[TRACE] caller=eac.elf+0x220c4d readlink path=/proc/731522/exe size=4096
[TRACE] caller=eac.elf+0x22d2ca open path=/proc/731522/cmdline flags=0x0
[TRACE] caller=eac.elf+0x220c4d readlink path=/proc/731568/exe size=4096
[TRACE] caller=eac.elf+0x22d2ca open path=/proc/731568/cmdline flags=0x0
[TRACE] caller=eac.elf+0x220c4d readlink path=/proc/731606/exe size=4096
[TRACE] caller=eac.elf+0x22d2ca open path=/proc/731606/cmdline flags=0x0
[TRACE] caller=eac.elf+0x220c4d readlink path=/proc/731609/exe size=4096
[TRACE] caller=eac.elf+0x22d2ca open path=/proc/731609/cmdline flags=0x0
[TRACE] caller=eac.elf+0x220c4d readlink path=/proc/731626/exe size=4096
[TRACE] caller=eac.elf+0x22d2ca open path=/proc/731626/cmdline flags=0x0
[TRACE] caller=eac.elf+0x220c4d readlink path=/proc/731627/exe size=4096
[TRACE] caller=eac.elf+0x22d2ca open path=/proc/731627/cmdline flags=0x0
[TRACE] caller=eac.elf+0x220c4d readlink path=/proc/731651/exe size=4096
[TRACE] caller=eac.elf+0x22d2ca open path=/proc/731651/cmdline flags=0x0
[TRACE] caller=eac.elf+0x220c4d readlink path=/proc/731676/exe size=4096
[TRACE] caller=eac.elf+0x22d2ca open path=/proc/731676/cmdline flags=0x0
[TRACE] caller=eac.elf+0x220c4d readlink path=/proc/731678/exe size=4096
[TRACE] caller=eac.elf+0x221670 open path=/proc/731678/comm flags=0x0
[TRACE] caller=eac.elf+0x22d2ca open path=/proc/731678/cmdline flags=0x0
[TRACE] caller=eac.elf+0x220c4d readlink path=/proc/731681/exe size=4096
[TRACE] caller=eac.elf+0x221670 open path=/proc/731681/comm flags=0x0
[TRACE] caller=eac.elf+0x22d2ca open path=/proc/731681/cmdline flags=0x0
[TRACE] caller=eac.elf+0x220c4d readlink path=/proc/731684/exe size=4096
[TRACE] caller=eac.elf+0x221670 open path=/proc/731684/comm flags=0x0
[TRACE] caller=eac.elf+0x22d2ca open path=/proc/731684/cmdline flags=0x0
[TRACE] caller=eac.elf+0x220c4d readlink path=/proc/731685/exe size=4096
[TRACE] caller=eac.elf+0x221670 open path=/proc/731685/comm flags=0x0
[TRACE] caller=eac.elf+0x22d2ca open path=/proc/731685/cmdline flags=0x0
[TRACE] caller=eac.elf+0x220c4d readlink path=/proc/731686/exe size=4096
[TRACE] caller=eac.elf+0x221670 open path=/proc/731686/comm flags=0x0
[TRACE] caller=eac.elf+0x22d2ca open path=/proc/731686/cmdline flags=0x0
[TRACE] caller=eac.elf+0x220c4d readlink path=/proc/731697/exe size=4096
[TRACE] caller=eac.elf+0x22d2ca open path=/proc/731697/cmdline flags=0x0
[TRACE] caller=eac.elf+0x220c4d readlink path=/proc/731704/exe size=4096
[TRACE] caller=eac.elf+0x22d2ca open path=/proc/731704/cmdline flags=0x0
[TRACE] caller=eac.elf+0x220c4d readlink path=/proc/731735/exe size=4096
[TRACE] caller=eac.elf+0x22d2ca open path=/proc/731735/cmdline flags=0x0
[TRACE] caller=eac.elf+0x220c4d readlink path=/proc/731853/exe size=4096
[TRACE] caller=eac.elf+0x221670 open path=/proc/731853/comm flags=0x0
[TRACE] caller=eac.elf+0x22d2ca open path=/proc/731853/cmdline flags=0x0
[TRACE] caller=eac.elf+0x220c4d readlink path=/proc/732104/exe size=4096
[TRACE] caller=eac.elf+0x221670 open path=/proc/732104/comm flags=0x0
[TRACE] caller=eac.elf+0x22d2ca open path=/proc/732104/cmdline flags=0x0
[TRACE] caller=eac.elf+0x220c4d readlink path=/proc/735413/exe size=4096
[TRACE] caller=eac.elf+0x22d2ca open path=/proc/735413/cmdline flags=0x0
[TRACE] caller=eac.elf+0x220c4d readlink path=/proc/735721/exe size=4096
[TRACE] caller=eac.elf+0x22d2ca open path=/proc/735721/cmdline flags=0x0
[TRACE] caller=eac.elf+0x220c4d readlink path=/proc/750414/exe size=4096
[TRACE] caller=eac.elf+0x22d2ca open path=/proc/750414/cmdline flags=0x0
[TRACE] caller=eac.elf+0x220c4d readlink path=/proc/755851/exe size=4096
[TRACE] caller=eac.elf+0x22d2ca open path=/proc/755851/cmdline flags=0x0
[TRACE] caller=eac.elf+0x220c4d readlink path=/proc/769027/exe size=4096
[TRACE] caller=eac.elf+0x22d2ca open path=/proc/769027/cmdline flags=0x0
[TRACE] caller=eac.elf+0x220c4d readlink path=/proc/769028/exe size=4096
[TRACE] caller=eac.elf+0x22d2ca open path=/proc/769028/cmdline flags=0x0
[TRACE] caller=eac.elf+0x220c4d readlink path=/proc/769029/exe size=4096
[TRACE] caller=eac.elf+0x22d2ca open path=/proc/769029/cmdline flags=0x0
[TRACE] caller=eac.elf+0x220c4d readlink path=/proc/813672/exe size=4096
[TRACE] caller=eac.elf+0x22d2ca open path=/proc/813672/cmdline flags=0x0
[TRACE] caller=eac.elf+0x220c4d readlink path=/proc/925970/exe size=4096
[TRACE] caller=eac.elf+0x22d2ca open path=/proc/925970/cmdline flags=0x0
[TRACE] caller=eac.elf+0x220c4d readlink path=/proc/925973/exe size=4096
[TRACE] caller=eac.elf+0x22d2ca open path=/proc/925973/cmdline flags=0x0
[TRACE] caller=eac.elf+0x220c4d readlink path=/proc/925982/exe size=4096
[TRACE] caller=eac.elf+0x22d2ca open path=/proc/925982/cmdline flags=0x0
[TRACE] caller=eac.elf+0x220c4d readlink path=/proc/925990/exe size=4096
[TRACE] caller=eac.elf+0x22d2ca open path=/proc/925990/cmdline flags=0x0
[TRACE] caller=eac.elf+0x220c4d readlink path=/proc/925996/exe size=4096
[TRACE] caller=eac.elf+0x22d2ca open path=/proc/925996/cmdline flags=0x0
[TRACE] caller=eac.elf+0x220c4d readlink path=/proc/926019/exe size=4096
[TRACE] caller=eac.elf+0x22d2ca open path=/proc/926019/cmdline flags=0x0
[TRACE] caller=eac.elf+0x220c4d readlink path=/proc/939317/exe size=4096
[TRACE] caller=eac.elf+0x221670 open path=/proc/939317/comm flags=0x0
[TRACE] caller=eac.elf+0x22d2ca open path=/proc/939317/cmdline flags=0x0
[TRACE] caller=eac.elf+0x220c4d readlink path=/proc/960348/exe size=4096
[TRACE] caller=eac.elf+0x22d2ca open path=/proc/960348/cmdline flags=0x0
[TRACE] caller=eac.elf+0x220c4d readlink path=/proc/989333/exe size=4096
[TRACE] caller=eac.elf+0x22d2ca open path=/proc/989333/cmdline flags=0x0
[TRACE] caller=eac.elf+0x220c4d readlink path=/proc/1054633/exe size=4096
[TRACE] caller=eac.elf+0x22d2ca open path=/proc/1054633/cmdline flags=0x0
[TRACE] caller=eac.elf+0x220c4d readlink path=/proc/1061557/exe size=4096
[TRACE] caller=eac.elf+0x22d2ca open path=/proc/1061557/cmdline flags=0x0
[TRACE] caller=eac.elf+0x220c4d readlink path=/proc/1113531/exe size=4096
[TRACE] caller=eac.elf+0x22d2ca open path=/proc/1113531/cmdline flags=0x0
[TRACE] caller=eac.elf+0x220c4d readlink path=/proc/1113534/exe size=4096
[TRACE] caller=eac.elf+0x22d2ca open path=/proc/1113534/cmdline flags=0x0
[TRACE] caller=eac.elf+0x220c4d readlink path=/proc/1113543/exe size=4096
[TRACE] caller=eac.elf+0x22d2ca open path=/proc/1113543/cmdline flags=0x0
[TRACE] caller=eac.elf+0x220c4d readlink path=/proc/1113551/exe size=4096
[TRACE] caller=eac.elf+0x22d2ca open path=/proc/1113551/cmdline flags=0x0
[TRACE] caller=eac.elf+0x220c4d readlink path=/proc/1113557/exe size=4096
[TRACE] caller=eac.elf+0x22d2ca open path=/proc/1113557/cmdline flags=0x0
[TRACE] caller=eac.elf+0x220c4d readlink path=/proc/1113584/exe size=4096
[TRACE] caller=eac.elf+0x22d2ca open path=/proc/1113584/cmdline flags=0x0
[TRACE] caller=eac.elf+0x220c4d readlink path=/proc/1226999/exe size=4096
[TRACE] caller=eac.elf+0x22d2ca open path=/proc/1226999/cmdline flags=0x0
[TRACE] caller=eac.elf+0x220c4d readlink path=/proc/1245889/exe size=4096
[TRACE] caller=eac.elf+0x22d2ca open path=/proc/1245889/cmdline flags=0x0
[TRACE] caller=eac.elf+0x220c4d readlink path=/proc/1248555/exe size=4096
[TRACE] caller=eac.elf+0x22d2ca open path=/proc/1248555/cmdline flags=0x0
[TRACE] caller=eac.elf+0x220c4d readlink path=/proc/1248569/exe size=4096
[TRACE] caller=eac.elf+0x22d2ca open path=/proc/1248569/cmdline flags=0x0
[TRACE] caller=eac.elf+0x220c4d readlink path=/proc/1259206/exe size=4096
[TRACE] caller=eac.elf+0x221670 open path=/proc/1259206/comm flags=0x0
[TRACE] caller=eac.elf+0x22d2ca open path=/proc/1259206/cmdline flags=0x0
[TRACE] caller=eac.elf+0x220c4d readlink path=/proc/1259219/exe size=4096
[TRACE] caller=eac.elf+0x221670 open path=/proc/1259219/comm flags=0x0
[TRACE] caller=eac.elf+0x22d2ca open path=/proc/1259219/cmdline flags=0x0
[TRACE] caller=eac.elf+0x220c4d readlink path=/proc/1259311/exe size=4096
[TRACE] caller=eac.elf+0x221670 open path=/proc/1259311/comm flags=0x0
[TRACE] caller=eac.elf+0x22d2ca open path=/proc/1259311/cmdline flags=0x0
[TRACE] caller=eac.elf+0x220c4d readlink path=/proc/1259332/exe size=4096
[TRACE] caller=eac.elf+0x221670 open path=/proc/1259332/comm flags=0x0
[TRACE] caller=eac.elf+0x22d2ca open path=/proc/1259332/cmdline flags=0x0
[TRACE] caller=eac.elf+0x220c4d readlink path=/proc/1259433/exe size=4096
[TRACE] caller=eac.elf+0x221670 open path=/proc/1259433/comm flags=0x0
[TRACE] caller=eac.elf+0x22d2ca open path=/proc/1259433/cmdline flags=0x0
[TRACE] caller=eac.elf+0x220c4d readlink path=/proc/1259434/exe size=4096
[TRACE] caller=eac.elf+0x221670 open path=/proc/1259434/comm flags=0x0
[TRACE] caller=eac.elf+0x22d2ca open path=/proc/1259434/cmdline flags=0x0
[TRACE] caller=eac.elf+0x220c4d readlink path=/proc/1259436/exe size=4096
[TRACE] caller=eac.elf+0x221670 open path=/proc/1259436/comm flags=0x0
[TRACE] caller=eac.elf+0x22d2ca open path=/proc/1259436/cmdline flags=0x0
[TRACE] caller=eac.elf+0x220c4d readlink path=/proc/1259437/exe size=4096
[TRACE] caller=eac.elf+0x221670 open path=/proc/1259437/comm flags=0x0
[TRACE] caller=eac.elf+0x22d2ca open path=/proc/1259437/cmdline flags=0x0
[TRACE] caller=eac.elf+0x220c4d readlink path=/proc/1259438/exe size=4096
[TRACE] caller=eac.elf+0x221670 open path=/proc/1259438/comm flags=0x0
[TRACE] caller=eac.elf+0x22d2ca open path=/proc/1259438/cmdline flags=0x0
[TRACE] caller=eac.elf+0x220c4d readlink path=/proc/1259439/exe size=4096
[TRACE] caller=eac.elf+0x221670 open path=/proc/1259439/comm flags=0x0
[TRACE] caller=eac.elf+0x22d2ca open path=/proc/1259439/cmdline flags=0x0
[TRACE] caller=eac.elf+0x220c4d readlink path=/proc/1350554/exe size=4096
[TRACE] caller=eac.elf+0x221670 open path=/proc/1350554/comm flags=0x0
[TRACE] caller=eac.elf+0x22d2ca open path=/proc/1350554/cmdline flags=0x0
[TRACE] caller=eac.elf+0x220c4d readlink path=/proc/1350560/exe size=4096
[TRACE] caller=eac.elf+0x221670 open path=/proc/1350560/comm flags=0x0
[TRACE] caller=eac.elf+0x22d2ca open path=/proc/1350560/cmdline flags=0x0
[TRACE] caller=eac.elf+0x220c4d readlink path=/proc/1350632/exe size=4096
[TRACE] caller=eac.elf+0x221670 open path=/proc/1350632/comm flags=0x0
[TRACE] caller=eac.elf+0x22d2ca open path=/proc/1350632/cmdline flags=0x0
[TRACE] caller=eac.elf+0x220c4d readlink path=/proc/1350669/exe size=4096
[TRACE] caller=eac.elf+0x221670 open path=/proc/1350669/comm flags=0x0
[TRACE] caller=eac.elf+0x22d2ca open path=/proc/1350669/cmdline flags=0x0
[TRACE] caller=eac.elf+0x220c4d readlink path=/proc/1350777/exe size=4096
[TRACE] caller=eac.elf+0x221670 open path=/proc/1350777/comm flags=0x0
[TRACE] caller=eac.elf+0x22d2ca open path=/proc/1350777/cmdline flags=0x0
[TRACE] caller=eac.elf+0x220c4d readlink path=/proc/1350778/exe size=4096
[TRACE] caller=eac.elf+0x221670 open path=/proc/1350778/comm flags=0x0
[TRACE] caller=eac.elf+0x22d2ca open path=/proc/1350778/cmdline flags=0x0
[TRACE] caller=eac.elf+0x220c4d readlink path=/proc/1350780/exe size=4096
[TRACE] caller=eac.elf+0x221670 open path=/proc/1350780/comm flags=0x0
[TRACE] caller=eac.elf+0x22d2ca open path=/proc/1350780/cmdline flags=0x0
[TRACE] caller=eac.elf+0x220c4d readlink path=/proc/1350781/exe size=4096
[TRACE] caller=eac.elf+0x221670 open path=/proc/1350781/comm flags=0x0
[TRACE] caller=eac.elf+0x22d2ca open path=/proc/1350781/cmdline flags=0x0
[TRACE] caller=eac.elf+0x220c4d readlink path=/proc/1350782/exe size=4096
[TRACE] caller=eac.elf+0x221670 open path=/proc/1350782/comm flags=0x0
[TRACE] caller=eac.elf+0x22d2ca open path=/proc/1350782/cmdline flags=0x0
[TRACE] caller=eac.elf+0x220c4d readlink path=/proc/1350783/exe size=4096
[TRACE] caller=eac.elf+0x221670 open path=/proc/1350783/comm flags=0x0
[TRACE] caller=eac.elf+0x22d2ca open path=/proc/1350783/cmdline flags=0x0
[TRACE] caller=eac.elf+0x220c4d readlink path=/proc/1350901/exe size=4096
[TRACE] caller=eac.elf+0x221670 open path=/proc/1350901/comm flags=0x0
[TRACE] caller=eac.elf+0x22d2ca open path=/proc/1350901/cmdline flags=0x0
[TRACE] caller=eac.elf+0x220c4d readlink path=/proc/1350907/exe size=4096
[TRACE] caller=eac.elf+0x221670 open path=/proc/1350907/comm flags=0x0
[TRACE] caller=eac.elf+0x22d2ca open path=/proc/1350907/cmdline flags=0x0
[TRACE] caller=eac.elf+0x220c4d readlink path=/proc/1350959/exe size=4096
[TRACE] caller=eac.elf+0x221670 open path=/proc/1350959/comm flags=0x0
[TRACE] caller=eac.elf+0x22d2ca open path=/proc/1350959/cmdline flags=0x0
[TRACE] caller=eac.elf+0x220c4d readlink path=/proc/1351019/exe size=4096
[TRACE] caller=eac.elf+0x221670 open path=/proc/1351019/comm flags=0x0
[TRACE] caller=eac.elf+0x22d2ca open path=/proc/1351019/cmdline flags=0x0
[TRACE] caller=eac.elf+0x220c4d readlink path=/proc/1351048/exe size=4096
[TRACE] caller=eac.elf+0x221670 open path=/proc/1351048/comm flags=0x0
[TRACE] caller=eac.elf+0x22d2ca open path=/proc/1351048/cmdline flags=0x0
[TRACE] caller=eac.elf+0x220c4d readlink path=/proc/1351137/exe size=4096
[TRACE] caller=eac.elf+0x221670 open path=/proc/1351137/comm flags=0x0
[TRACE] caller=eac.elf+0x22d2ca open path=/proc/1351137/cmdline flags=0x0
[TRACE] caller=eac.elf+0x220c4d readlink path=/proc/1351143/exe size=4096
[TRACE] caller=eac.elf+0x221670 open path=/proc/1351143/comm flags=0x0
[TRACE] caller=eac.elf+0x22d2ca open path=/proc/1351143/cmdline flags=0x0
[TRACE] caller=eac.elf+0x220c4d readlink path=/proc/1351155/exe size=4096
[TRACE] caller=eac.elf+0x221670 open path=/proc/1351155/comm flags=0x0
[TRACE] caller=eac.elf+0x22d2ca open path=/proc/1351155/cmdline flags=0x0
[TRACE] caller=eac.elf+0x220c4d readlink path=/proc/1351171/exe size=4096
[TRACE] caller=eac.elf+0x221670 open path=/proc/1351171/comm flags=0x0
[TRACE] caller=eac.elf+0x22d2ca open path=/proc/1351171/cmdline flags=0x0
[TRACE] caller=eac.elf+0x220c4d readlink path=/proc/1351191/exe size=4096
[TRACE] caller=eac.elf+0x221670 open path=/proc/1351191/comm flags=0x0
[TRACE] caller=eac.elf+0x22d2ca open path=/proc/1351191/cmdline flags=0x0
[TRACE] caller=eac.elf+0x220c4d readlink path=/proc/1351743/exe size=4096
[TRACE] caller=eac.elf+0x221670 open path=/proc/1351743/comm flags=0x0
[TRACE] caller=eac.elf+0x22d2ca open path=/proc/1351743/cmdline flags=0x0
[TRACE] caller=eac.elf+0x220c4d readlink path=/proc/1351749/exe size=4096
[TRACE] caller=eac.elf+0x221670 open path=/proc/1351749/comm flags=0x0
[TRACE] caller=eac.elf+0x22d2ca open path=/proc/1351749/cmdline flags=0x0
[TRACE] caller=eac.elf+0x220c4d readlink path=/proc/1351829/exe size=4096
[TRACE] caller=eac.elf+0x221670 open path=/proc/1351829/comm flags=0x0
[TRACE] caller=eac.elf+0x22d2ca open path=/proc/1351829/cmdline flags=0x0
[TRACE] caller=eac.elf+0x220c4d readlink path=/proc/1351859/exe size=4096
[TRACE] caller=eac.elf+0x221670 open path=/proc/1351859/comm flags=0x0
[TRACE] caller=eac.elf+0x22d2ca open path=/proc/1351859/cmdline flags=0x0
[TRACE] caller=eac.elf+0x220c4d readlink path=/proc/1351884/exe size=4096
[TRACE] caller=eac.elf+0x221670 open path=/proc/1351884/comm flags=0x0
[TRACE] caller=eac.elf+0x22d2ca open path=/proc/1351884/cmdline flags=0x0
[TRACE] caller=eac.elf+0x220c4d readlink path=/proc/1386433/exe size=4096
[TRACE] caller=eac.elf+0x221670 open path=/proc/1386433/comm flags=0x0
[TRACE] caller=eac.elf+0x22d2ca open path=/proc/1386433/cmdline flags=0x0
[TRACE] caller=eac.elf+0x220c4d readlink path=/proc/1386434/exe size=4096
[TRACE] caller=eac.elf+0x221670 open path=/proc/1386434/comm flags=0x0
[TRACE] caller=eac.elf+0x22d2ca open path=/proc/1386434/cmdline flags=0x0
[TRACE] caller=eac.elf+0x220c4d readlink path=/proc/1386435/exe size=4096
[TRACE] caller=eac.elf+0x221670 open path=/proc/1386435/comm flags=0x0
[TRACE] caller=eac.elf+0x22d2ca open path=/proc/1386435/cmdline flags=0x0
[TRACE] caller=eac.elf+0x220c4d readlink path=/proc/1499096/exe size=4096
[TRACE] caller=eac.elf+0x22d2ca open path=/proc/1499096/cmdline flags=0x0
[TRACE] caller=eac.elf+0x220c4d readlink path=/proc/1645177/exe size=4096
[TRACE] caller=eac.elf+0x221670 open path=/proc/1645177/comm flags=0x0
[TRACE] caller=eac.elf+0x22d2ca open path=/proc/1645177/cmdline flags=0x0
[TRACE] caller=eac.elf+0x220c4d readlink path=/proc/1645211/exe size=4096
[TRACE] caller=eac.elf+0x22d2ca open path=/proc/1645211/cmdline flags=0x0
[TRACE] caller=eac.elf+0x220c4d readlink path=/proc/1747029/exe size=4096
[TRACE] caller=eac.elf+0x22d2ca open path=/proc/1747029/cmdline flags=0x0
[TRACE] caller=eac.elf+0x220c4d readlink path=/proc/1830138/exe size=4096
[TRACE] caller=eac.elf+0x22d2ca open path=/proc/1830138/cmdline flags=0x0
[TRACE] caller=eac.elf+0x220c4d readlink path=/proc/1837496/exe size=4096
[TRACE] caller=eac.elf+0x22d2ca open path=/proc/1837496/cmdline flags=0x0
[TRACE] caller=eac.elf+0x220c4d readlink path=/proc/1843836/exe size=4096
[TRACE] caller=eac.elf+0x22d2ca open path=/proc/1843836/cmdline flags=0x0
[TRACE] caller=eac.elf+0x220c4d readlink path=/proc/1851023/exe size=4096
[TRACE] caller=eac.elf+0x22d2ca open path=/proc/1851023/cmdline flags=0x0
[TRACE] caller=eac.elf+0x220c4d readlink path=/proc/1858355/exe size=4096
[TRACE] caller=eac.elf+0x22d2ca open path=/proc/1858355/cmdline flags=0x0
[TRACE] caller=eac.elf+0x220c4d readlink path=/proc/1970130/exe size=4096
[TRACE] caller=eac.elf+0x22d2ca open path=/proc/1970130/cmdline flags=0x0
[TRACE] caller=eac.elf+0x220c4d readlink path=/proc/1970142/exe size=4096
[TRACE] caller=eac.elf+0x22d2ca open path=/proc/1970142/cmdline flags=0x0
[TRACE] caller=eac.elf+0x220c4d readlink path=/proc/1982407/exe size=4096
[TRACE] caller=eac.elf+0x22d2ca open path=/proc/1982407/cmdline flags=0x0
[TRACE] caller=eac.elf+0x220c4d readlink path=/proc/2114780/exe size=4096
[TRACE] caller=eac.elf+0x221670 open path=/proc/2114780/comm flags=0x0
[TRACE] caller=eac.elf+0x22d2ca open path=/proc/2114780/cmdline flags=0x0
[TRACE] caller=eac.elf+0x220c4d readlink path=/proc/2130582/exe size=4096
[TRACE] caller=eac.elf+0x221670 open path=/proc/2130582/comm flags=0x0
[TRACE] caller=eac.elf+0x22d2ca open path=/proc/2130582/cmdline flags=0x0
[TRACE] caller=eac.elf+0x220c4d readlink path=/proc/2130585/exe size=4096
[TRACE] caller=eac.elf+0x221670 open path=/proc/2130585/comm flags=0x0
[TRACE] caller=eac.elf+0x22d2ca open path=/proc/2130585/cmdline flags=0x0
[TRACE] caller=eac.elf+0x220c4d readlink path=/proc/2130588/exe size=4096
[TRACE] caller=eac.elf+0x221670 open path=/proc/2130588/comm flags=0x0
[TRACE] caller=eac.elf+0x22d2ca open path=/proc/2130588/cmdline flags=0x0
[TRACE] caller=eac.elf+0x220c4d readlink path=/proc/2137957/exe size=4096
[TRACE] caller=eac.elf+0x22d2ca open path=/proc/2137957/cmdline flags=0x0
[TRACE] caller=eac.elf+0x220c4d readlink path=/proc/2138982/exe size=4096
[TRACE] caller=eac.elf+0x22d2ca open path=/proc/2138982/cmdline flags=0x0
[TRACE] caller=eac.elf+0x220c4d readlink path=/proc/2138984/exe size=4096
[TRACE] caller=eac.elf+0x22d2ca open path=/proc/2138984/cmdline flags=0x0
[TRACE] caller=eac.elf+0x220c4d readlink path=/proc/2139025/exe size=4096
[TRACE] caller=eac.elf+0x22d2ca open path=/proc/2139025/cmdline flags=0x0
[TRACE] caller=eac.elf+0x220c4d readlink path=/proc/2139026/exe size=4096
[TRACE] caller=eac.elf+0x22d2ca open path=/proc/2139026/cmdline flags=0x0
[TRACE] caller=eac.elf+0x220c4d readlink path=/proc/2139065/exe size=4096
[TRACE] caller=eac.elf+0x22d2ca open path=/proc/2139065/cmdline flags=0x0
[TRACE] caller=eac.elf+0x220c4d readlink path=/proc/2139068/exe size=4096
[TRACE] caller=eac.elf+0x221670 open path=/proc/2139068/comm flags=0x0
[TRACE] caller=eac.elf+0x22d2ca open path=/proc/2139068/cmdline flags=0x0
[TRACE] caller=eac.elf+0x220c4d readlink path=/proc/2139102/exe size=4096
[TRACE] caller=eac.elf+0x221670 open path=/proc/2139102/comm flags=0x0
[TRACE] caller=eac.elf+0x22d2ca open path=/proc/2139102/cmdline flags=0x0
[TRACE] caller=eac.elf+0x220c4d readlink path=/proc/2139129/exe size=4096
[TRACE] caller=eac.elf+0x22d2ca open path=/proc/2139129/cmdline flags=0x0
[TRACE] caller=eac.elf+0x220c4d readlink path=/proc/2139134/exe size=4096
[TRACE] caller=eac.elf+0x22d2ca open path=/proc/2139134/cmdline flags=0x0
[TRACE] caller=eac.elf+0x220c4d readlink path=/proc/2139174/exe size=4096
[TRACE] caller=eac.elf+0x22d2ca open path=/proc/2139174/cmdline flags=0x0
[TRACE] caller=eac.elf+0x220c4d readlink path=/proc/2139175/exe size=4096
[TRACE] caller=eac.elf+0x22d2ca open path=/proc/2139175/cmdline flags=0x0
[TRACE] caller=eac.elf+0x220c4d readlink path=/proc/2139176/exe size=4096
[TRACE] caller=eac.elf+0x221670 open path=/proc/2139176/comm flags=0x0
[TRACE] caller=eac.elf+0x22d2ca open path=/proc/2139176/cmdline flags=0x0
[TRACE] caller=eac.elf+0x220c4d readlink path=/proc/2139177/exe size=4096
[TRACE] caller=eac.elf+0x221670 open path=/proc/2139177/comm flags=0x0
[TRACE] caller=eac.elf+0x22d2ca open path=/proc/2139177/cmdline flags=0x0
[TRACE] caller=eac.elf+0x220c4d readlink path=/proc/2139250/exe size=4096
[TRACE] caller=eac.elf+0x22d2ca open path=/proc/2139250/cmdline flags=0x0
[TRACE] caller=eac.elf+0x220c4d readlink path=/proc/2139254/exe size=4096
[TRACE] caller=eac.elf+0x22d2ca open path=/proc/2139254/cmdline flags=0x0
[TRACE] caller=eac.elf+0x220c4d readlink path=/proc/2139345/exe size=4096
[TRACE] caller=eac.elf+0x22d2ca open path=/proc/2139345/cmdline flags=0x0
[TRACE] caller=eac.elf+0x220c4d readlink path=/proc/2139354/exe size=4096
[TRACE] caller=eac.elf+0x22d2ca open path=/proc/2139354/cmdline flags=0x0
[TRACE] caller=eac.elf+0x220c4d readlink path=/proc/2139420/exe size=4096
[TRACE] caller=eac.elf+0x22d2ca open path=/proc/2139420/cmdline flags=0x0
[TRACE] caller=eac.elf+0x220c4d readlink path=/proc/2139421/exe size=4096
[TRACE] caller=eac.elf+0x22d2ca open path=/proc/2139421/cmdline flags=0x0
[TRACE] caller=eac.elf+0x220c4d readlink path=/proc/2139422/exe size=4096
[TRACE] caller=eac.elf+0x221670 open path=/proc/2139422/comm flags=0x0
[TRACE] caller=eac.elf+0x22d2ca open path=/proc/2139422/cmdline flags=0x0
[TRACE] caller=eac.elf+0x220c4d readlink path=/proc/2139423/exe size=4096
[TRACE] caller=eac.elf+0x221670 open path=/proc/2139423/comm flags=0x0
[TRACE] caller=eac.elf+0x22d2ca open path=/proc/2139423/cmdline flags=0x0
[TRACE] caller=eac.elf+0x220c4d readlink path=/proc/2139560/exe size=4096
[TRACE] caller=eac.elf+0x221670 open path=/proc/2139560/comm flags=0x0
[TRACE] caller=eac.elf+0x22d2ca open path=/proc/2139560/cmdline flags=0x0
[TRACE] caller=eac.elf+0x220c4d readlink path=/proc/2139563/exe size=4096
[TRACE] caller=eac.elf+0x221670 open path=/proc/2139563/comm flags=0x0
[TRACE] caller=eac.elf+0x22d2ca open path=/proc/2139563/cmdline flags=0x0
[TRACE] caller=eac.elf+0x220c4d readlink path=/proc/2139564/exe size=4096
[TRACE] caller=eac.elf+0x221670 open path=/proc/2139564/comm flags=0x0
[TRACE] caller=eac.elf+0x22d2ca open path=/proc/2139564/cmdline flags=0x0
[TRACE] caller=eac.elf+0x220c4d readlink path=/proc/2139565/exe size=4096
[TRACE] caller=eac.elf+0x221670 open path=/proc/2139565/comm flags=0x0
[TRACE] caller=eac.elf+0x22d2ca open path=/proc/2139565/cmdline flags=0x0
[TRACE] caller=eac.elf+0x220c4d readlink path=/proc/2140443/exe size=4096
[TRACE] caller=eac.elf+0x221670 open path=/proc/2140443/comm flags=0x0
[TRACE] caller=eac.elf+0x22d2ca open path=/proc/2140443/cmdline flags=0x0
[TRACE] caller=eac.elf+0x220c4d readlink path=/proc/2140504/exe size=4096
[TRACE] caller=eac.elf+0x221670 open path=/proc/2140504/comm flags=0x0
[TRACE] caller=eac.elf+0x22d2ca open path=/proc/2140504/cmdline flags=0x0
[TRACE] caller=eac.elf+0x220c4d readlink path=/proc/2140505/exe size=4096
[TRACE] caller=eac.elf+0x221670 open path=/proc/2140505/comm flags=0x0
[TRACE] caller=eac.elf+0x22d2ca open path=/proc/2140505/cmdline flags=0x0
[TRACE] caller=eac.elf+0x220c4d readlink path=/proc/2140506/exe size=4096
[TRACE] caller=eac.elf+0x221670 open path=/proc/2140506/comm flags=0x0
[TRACE] caller=eac.elf+0x22d2ca open path=/proc/2140506/cmdline flags=0x0
[TRACE] caller=eac.elf+0x220c4d readlink path=/proc/2140507/exe size=4096
[TRACE] caller=eac.elf+0x221670 open path=/proc/2140507/comm flags=0x0
[TRACE] caller=eac.elf+0x22d2ca open path=/proc/2140507/cmdline flags=0x0
[TRACE] caller=eac.elf+0x220c4d readlink path=/proc/2140510/exe size=4096
[TRACE] caller=eac.elf+0x221670 open path=/proc/2140510/comm flags=0x0
[TRACE] caller=eac.elf+0x22d2ca open path=/proc/2140510/cmdline flags=0x0
[TRACE] caller=eac.elf+0x220c4d readlink path=/proc/2140512/exe size=4096
[TRACE] caller=eac.elf+0x221670 open path=/proc/2140512/comm flags=0x0
[TRACE] caller=eac.elf+0x22d2ca open path=/proc/2140512/cmdline flags=0x0
[TRACE] caller=eac.elf+0x220c4d readlink path=/proc/2140514/exe size=4096
[TRACE] caller=eac.elf+0x221670 open path=/proc/2140514/comm flags=0x0
[TRACE] caller=eac.elf+0x22d2ca open path=/proc/2140514/cmdline flags=0x0
[TRACE] caller=eac.elf+0x220c4d readlink path=/proc/2140515/exe size=4096
[TRACE] caller=eac.elf+0x221670 open path=/proc/2140515/comm flags=0x0
[TRACE] caller=eac.elf+0x22d2ca open path=/proc/2140515/cmdline flags=0x0
[TRACE] caller=eac.elf+0x220c4d readlink path=/proc/2140518/exe size=4096
[TRACE] caller=eac.elf+0x221670 open path=/proc/2140518/comm flags=0x0
[TRACE] caller=eac.elf+0x22d2ca open path=/proc/2140518/cmdline flags=0x0
[TRACE] caller=eac.elf+0x220c4d readlink path=/proc/2140519/exe size=4096
[TRACE] caller=eac.elf+0x221670 open path=/proc/2140519/comm flags=0x0
[TRACE] caller=eac.elf+0x22d2ca open path=/proc/2140519/cmdline flags=0x0
[TRACE] caller=eac.elf+0x220c4d readlink path=/proc/2155568/exe size=4096
[TRACE] caller=eac.elf+0x221670 open path=/proc/2155568/comm flags=0x0
[TRACE] caller=eac.elf+0x22d2ca open path=/proc/2155568/cmdline flags=0x0
[TRACE] caller=eac.elf+0x220c4d readlink path=/proc/2155758/exe size=4096
[TRACE] caller=eac.elf+0x221670 open path=/proc/2155758/comm flags=0x0
[TRACE] caller=eac.elf+0x22d2ca open path=/proc/2155758/cmdline flags=0x0
[TRACE] caller=eac.elf+0x220c4d readlink path=/proc/2160234/exe size=4096
[TRACE] caller=eac.elf+0x22d2ca open path=/proc/2160234/cmdline flags=0x0
[TRACE] caller=eac.elf+0x220c4d readlink path=/proc/2160235/exe size=4096
[TRACE] caller=eac.elf+0x221670 open path=/proc/2160235/comm flags=0x0
[TRACE] caller=eac.elf+0x22d2ca open path=/proc/2160235/cmdline flags=0x0
[TRACE] caller=eac.elf+0x220c4d readlink path=/proc/2194227/exe size=4096
[TRACE] caller=eac.elf+0x221670 open path=/proc/2194227/comm flags=0x0
[TRACE] caller=eac.elf+0x22d2ca open path=/proc/2194227/cmdline flags=0x0
[TRACE] caller=eac.elf+0x220c4d readlink path=/proc/2253612/exe size=4096
[TRACE] caller=eac.elf+0x221670 open path=/proc/2253612/comm flags=0x0
[TRACE] caller=eac.elf+0x22d2ca open path=/proc/2253612/cmdline flags=0x0
[TRACE] caller=eac.elf+0x220c4d readlink path=/proc/2256423/exe size=4096
[TRACE] caller=eac.elf+0x221670 open path=/proc/2256423/comm flags=0x0
[TRACE] caller=eac.elf+0x22d2ca open path=/proc/2256423/cmdline flags=0x0
[TRACE] caller=eac.elf+0x220c4d readlink path=/proc/2256425/exe size=4096
[TRACE] caller=eac.elf+0x221670 open path=/proc/2256425/comm flags=0x0
[TRACE] caller=eac.elf+0x22d2ca open path=/proc/2256425/cmdline flags=0x0
[TRACE] caller=eac.elf+0x220c4d readlink path=/proc/2256546/exe size=4096
[TRACE] caller=eac.elf+0x221670 open path=/proc/2256546/comm flags=0x0
[TRACE] caller=eac.elf+0x22d2ca open path=/proc/2256546/cmdline flags=0x0
[TRACE] caller=eac.elf+0x220c4d readlink path=/proc/2256562/exe size=4096
[TRACE] caller=eac.elf+0x221670 open path=/proc/2256562/comm flags=0x0
[TRACE] caller=eac.elf+0x22d2ca open path=/proc/2256562/cmdline flags=0x0
[TRACE] caller=eac.elf+0x220c4d readlink path=/proc/2256563/exe size=4096
[TRACE] caller=eac.elf+0x22d2ca open path=/proc/2256563/cmdline flags=0x0
[TRACE] caller=eac.elf+0x220c4d readlink path=/proc/2276972/exe size=4096
[TRACE] caller=eac.elf+0x22d2ca open path=/proc/2276972/cmdline flags=0x0
[TRACE] caller=eac.elf+0x220c4d readlink path=/proc/2333729/exe size=4096
[TRACE] caller=eac.elf+0x22d2ca open path=/proc/2333729/cmdline flags=0x0
[TRACE] caller=eac.elf+0x220c4d readlink path=/proc/2333735/exe size=4096
[TRACE] caller=eac.elf+0x22d2ca open path=/proc/2333735/cmdline flags=0x0
[TRACE] caller=eac.elf+0x220c4d readlink path=/proc/2333736/exe size=4096
[TRACE] caller=eac.elf+0x22d2ca open path=/proc/2333736/cmdline flags=0x0
[TRACE] caller=eac.elf+0x220c4d readlink path=/proc/2333738/exe size=4096
[TRACE] caller=eac.elf+0x22d2ca open path=/proc/2333738/cmdline flags=0x0
[TRACE] caller=eac.elf+0x220c4d readlink path=/proc/2333752/exe size=4096
[TRACE] caller=eac.elf+0x22d2ca open path=/proc/2333752/cmdline flags=0x0
[TRACE] caller=eac.elf+0x220c4d readlink path=/proc/2333791/exe size=4096
[TRACE] caller=eac.elf+0x22d2ca open path=/proc/2333791/cmdline flags=0x0
[TRACE] caller=eac.elf+0x220c4d readlink path=/proc/2333796/exe size=4096
[TRACE] caller=eac.elf+0x22d2ca open path=/proc/2333796/cmdline flags=0x0
[TRACE] caller=eac.elf+0x220c4d readlink path=/proc/2333806/exe size=4096
[TRACE] caller=eac.elf+0x221670 open path=/proc/2333806/comm flags=0x0
[TRACE] caller=eac.elf+0x22d2ca open path=/proc/2333806/cmdline flags=0x0
[TRACE] caller=eac.elf+0x220c4d readlink path=/proc/2333814/exe size=4096
[TRACE] caller=eac.elf+0x22d2ca open path=/proc/2333814/cmdline flags=0x0
[TRACE] caller=eac.elf+0x220c4d readlink path=/proc/2333876/exe size=4096
[TRACE] caller=eac.elf+0x22d2ca open path=/proc/2333876/cmdline flags=0x0
[TRACE] caller=eac.elf+0x220c4d readlink path=/proc/2333987/exe size=4096
[TRACE] caller=eac.elf+0x22d2ca open path=/proc/2333987/cmdline flags=0x0
[TRACE] caller=eac.elf+0x220c4d readlink path=/proc/2352833/exe size=4096
[TRACE] caller=eac.elf+0x22d2ca open path=/proc/2352833/cmdline flags=0x0
[TRACE] caller=eac.elf+0x220c4d readlink path=/proc/2382221/exe size=4096
[TRACE] caller=eac.elf+0x221670 open path=/proc/2382221/comm flags=0x0
[TRACE] caller=eac.elf+0x22d2ca open path=/proc/2382221/cmdline flags=0x0
[TRACE] caller=eac.elf+0x220c4d readlink path=/proc/2434998/exe size=4096
[TRACE] caller=eac.elf+0x221670 open path=/proc/2434998/comm flags=0x0
[TRACE] caller=eac.elf+0x22d2ca open path=/proc/2434998/cmdline flags=0x0
[TRACE] caller=eac.elf+0x220c4d readlink path=/proc/2544510/exe size=4096
[TRACE] caller=eac.elf+0x22d2ca open path=/proc/2544510/cmdline flags=0x0
[TRACE] caller=eac.elf+0x220c4d readlink path=/proc/2669197/exe size=4096
[TRACE] caller=eac.elf+0x22d2ca open path=/proc/2669197/cmdline flags=0x0
[TRACE] caller=eac.elf+0x220c4d readlink path=/proc/2669364/exe size=4096
[TRACE] caller=eac.elf+0x22d2ca open path=/proc/2669364/cmdline flags=0x0
[TRACE] caller=eac.elf+0x220c4d readlink path=/proc/2870907/exe size=4096
[TRACE] caller=eac.elf+0x221670 open path=/proc/2870907/comm flags=0x0
[TRACE] caller=eac.elf+0x22d2ca open path=/proc/2870907/cmdline flags=0x0
[TRACE] caller=eac.elf+0x220c4d readlink path=/proc/2874459/exe size=4096
[TRACE] caller=eac.elf+0x221670 open path=/proc/2874459/comm flags=0x0
[TRACE] caller=eac.elf+0x22d2ca open path=/proc/2874459/cmdline flags=0x0
[TRACE] caller=eac.elf+0x220c4d readlink path=/proc/3022510/exe size=4096
[TRACE] caller=eac.elf+0x22d2ca open path=/proc/3022510/cmdline flags=0x0
[TRACE] caller=eac.elf+0x220c4d readlink path=/proc/3053912/exe size=4096
[TRACE] caller=eac.elf+0x22d2ca open path=/proc/3053912/cmdline flags=0x0
[TRACE] caller=eac.elf+0x220c4d readlink path=/proc/3126436/exe size=4096
[TRACE] caller=eac.elf+0x221670 open path=/proc/3126436/comm flags=0x0
[TRACE] caller=eac.elf+0x22d2ca open path=/proc/3126436/cmdline flags=0x0
[TRACE] caller=eac.elf+0x220c4d readlink path=/proc/3145082/exe size=4096
[TRACE] caller=eac.elf+0x22d2ca open path=/proc/3145082/cmdline flags=0x0
[TRACE] caller=eac.elf+0x220c4d readlink path=/proc/3145136/exe size=4096
[TRACE] caller=eac.elf+0x221670 open path=/proc/3145136/comm flags=0x0
[TRACE] caller=eac.elf+0x22d2ca open path=/proc/3145136/cmdline flags=0x0
[TRACE] caller=eac.elf+0x220c4d readlink path=/proc/3145139/exe size=4096
[TRACE] caller=eac.elf+0x221670 open path=/proc/3145139/comm flags=0x0
[TRACE] caller=eac.elf+0x22d2ca open path=/proc/3145139/cmdline flags=0x0
[TRACE] caller=eac.elf+0x220c4d readlink path=/proc/3145142/exe size=4096
[TRACE] caller=eac.elf+0x221670 open path=/proc/3145142/comm flags=0x0
[TRACE] caller=eac.elf+0x22d2ca open path=/proc/3145142/cmdline flags=0x0
[TRACE] caller=eac.elf+0x220c4d readlink path=/proc/3176142/exe size=4096
[TRACE] caller=eac.elf+0x221670 open path=/proc/3176142/comm flags=0x0
[TRACE] caller=eac.elf+0x22d2ca open path=/proc/3176142/cmdline flags=0x0
[TRACE] caller=eac.elf+0x220c4d readlink path=/proc/3188569/exe size=4096
[TRACE] caller=eac.elf+0x22d2ca open path=/proc/3188569/cmdline flags=0x0
[TRACE] caller=eac.elf+0x220c4d readlink path=/proc/3199441/exe size=4096
[TRACE] caller=eac.elf+0x221670 open path=/proc/3199441/comm flags=0x0
[TRACE] caller=eac.elf+0x22d2ca open path=/proc/3199441/cmdline flags=0x0
[TRACE] caller=eac.elf+0x220c4d readlink path=/proc/3294080/exe size=4096
[TRACE] caller=eac.elf+0x221670 open path=/proc/3294080/comm flags=0x0
[TRACE] caller=eac.elf+0x22d2ca open path=/proc/3294080/cmdline flags=0x0
[TRACE] caller=eac.elf+0x220c4d readlink path=/proc/3302939/exe size=4096
[TRACE] caller=eac.elf+0x221670 open path=/proc/3302939/comm flags=0x0
[TRACE] caller=eac.elf+0x22d2ca open path=/proc/3302939/cmdline flags=0x0
[TRACE] caller=eac.elf+0x220c4d readlink path=/proc/3308543/exe size=4096
[TRACE] caller=eac.elf+0x22d2ca open path=/proc/3308543/cmdline flags=0x0
[TRACE] caller=eac.elf+0x220c4d readlink path=/proc/3308649/exe size=4096
[TRACE] caller=eac.elf+0x22d2ca open path=/proc/3308649/cmdline flags=0x0
[TRACE] caller=eac.elf+0x220c4d readlink path=/proc/3308706/exe size=4096
[TRACE] caller=eac.elf+0x22d2ca open path=/proc/3308706/cmdline flags=0x0
[TRACE] caller=eac.elf+0x220c4d readlink path=/proc/3308708/exe size=4096
[TRACE] caller=eac.elf+0x22d2ca open path=/proc/3308708/cmdline flags=0x0
[TRACE] caller=eac.elf+0x220c4d readlink path=/proc/3308754/exe size=4096
[TRACE] caller=eac.elf+0x22d2ca open path=/proc/3308754/cmdline flags=0x0
[TRACE] caller=eac.elf+0x220c4d readlink path=/proc/3308759/exe size=4096
[TRACE] caller=eac.elf+0x22d2ca open path=/proc/3308759/cmdline flags=0x0
[TRACE] caller=eac.elf+0x220c4d readlink path=/proc/3308770/exe size=4096
[TRACE] caller=eac.elf+0x22d2ca open path=/proc/3308770/cmdline flags=0x0
[TRACE] caller=eac.elf+0x220c4d readlink path=/proc/3308790/exe size=4096
[TRACE] caller=eac.elf+0x221670 open path=/proc/3308790/comm flags=0x0
[TRACE] caller=eac.elf+0x22d2ca open path=/proc/3308790/cmdline flags=0x0
[TRACE] caller=eac.elf+0x220c4d readlink path=/proc/3308829/exe size=4096
[TRACE] caller=eac.elf+0x22d2ca open path=/proc/3308829/cmdline flags=0x0
[TRACE] caller=eac.elf+0x220c4d readlink path=/proc/3308977/exe size=4096
[TRACE] caller=eac.elf+0x22d2ca open path=/proc/3308977/cmdline flags=0x0
[TRACE] caller=eac.elf+0x220c4d readlink path=/proc/3308993/exe size=4096
[TRACE] caller=eac.elf+0x22d2ca open path=/proc/3308993/cmdline flags=0x0
[TRACE] caller=eac.elf+0x220c4d readlink path=/proc/3309004/exe size=4096
[TRACE] caller=eac.elf+0x221670 open path=/proc/3309004/comm flags=0x0
[TRACE] caller=eac.elf+0x22d2ca open path=/proc/3309004/cmdline flags=0x0
[TRACE] caller=eac.elf+0x220c4d readlink path=/proc/3309005/exe size=4096
[TRACE] caller=eac.elf+0x22d2ca open path=/proc/3309005/cmdline flags=0x0
[TRACE] caller=eac.elf+0x220c4d readlink path=/proc/3309012/exe size=4096
[TRACE] caller=eac.elf+0x221670 open path=/proc/3309012/comm flags=0x0
[TRACE] caller=eac.elf+0x22d2ca open path=/proc/3309012/cmdline flags=0x0
[TRACE] caller=eac.elf+0x220c4d readlink path=/proc/3309015/exe size=4096
[TRACE] caller=eac.elf+0x221670 open path=/proc/3309015/comm flags=0x0
[TRACE] caller=eac.elf+0x22d2ca open path=/proc/3309015/cmdline flags=0x0
[TRACE] caller=eac.elf+0x220c4d readlink path=/proc/3309018/exe size=4096
[TRACE] caller=eac.elf+0x221670 open path=/proc/3309018/comm flags=0x0
[TRACE] caller=eac.elf+0x22d2ca open path=/proc/3309018/cmdline flags=0x0
[TRACE] caller=eac.elf+0x220c4d readlink path=/proc/3309020/exe size=4096
[TRACE] caller=eac.elf+0x221670 open path=/proc/3309020/comm flags=0x0
[TRACE] caller=eac.elf+0x22d2ca open path=/proc/3309020/cmdline flags=0x0
[TRACE] caller=eac.elf+0x220c4d readlink path=/proc/3315081/exe size=4096
[TRACE] caller=eac.elf+0x221670 open path=/proc/3315081/comm flags=0x0
[TRACE] caller=eac.elf+0x22d2ca open path=/proc/3315081/cmdline flags=0x0
[TRACE] caller=eac.elf+0x220c4d readlink path=/proc/3329821/exe size=4096
[TRACE] caller=eac.elf+0x221670 open path=/proc/3329821/comm flags=0x0
[TRACE] caller=eac.elf+0x22d2ca open path=/proc/3329821/cmdline flags=0x0
[TRACE] caller=eac.elf+0x220c4d readlink path=/proc/3329826/exe size=4096
[TRACE] caller=eac.elf+0x221670 open path=/proc/3329826/comm flags=0x0
[TRACE] caller=eac.elf+0x22d2ca open path=/proc/3329826/cmdline flags=0x0
[TRACE] caller=eac.elf+0x220c4d readlink path=/proc/3329828/exe size=4096
[TRACE] caller=eac.elf+0x221670 open path=/proc/3329828/comm flags=0x0
[TRACE] caller=eac.elf+0x22d2ca open path=/proc/3329828/cmdline flags=0x0
[TRACE] caller=eac.elf+0x220c4d readlink path=/proc/3372660/exe size=4096
[TRACE] caller=eac.elf+0x221670 open path=/proc/3372660/comm flags=0x0
[TRACE] caller=eac.elf+0x22d2ca open path=/proc/3372660/cmdline flags=0x0
[TRACE] caller=eac.elf+0x220c4d readlink path=/proc/3380643/exe size=4096
[TRACE] caller=eac.elf+0x221670 open path=/proc/3380643/comm flags=0x0
[TRACE] caller=eac.elf+0x22d2ca open path=/proc/3380643/cmdline flags=0x0
[TRACE] caller=eac.elf+0x220c4d readlink path=/proc/3380644/exe size=4096
[TRACE] caller=eac.elf+0x22d2ca open path=/proc/3380644/cmdline flags=0x0
[TRACE] caller=eac.elf+0x220c4d readlink path=/proc/3384346/exe size=4096
[TRACE] caller=eac.elf+0x22d2ca open path=/proc/3384346/cmdline flags=0x0
[TRACE] caller=eac.elf+0x220c4d readlink path=/proc/3406272/exe size=4096
[TRACE] caller=eac.elf+0x221670 open path=/proc/3406272/comm flags=0x0
[TRACE] caller=eac.elf+0x22d2ca open path=/proc/3406272/cmdline flags=0x0
[TRACE] caller=eac.elf+0x220c4d readlink path=/proc/3434041/exe size=4096
[TRACE] caller=eac.elf+0x221670 open path=/proc/3434041/comm flags=0x0
[TRACE] caller=eac.elf+0x22d2ca open path=/proc/3434041/cmdline flags=0x0
[TRACE] caller=eac.elf+0x220c4d readlink path=/proc/3438157/exe size=4096
[TRACE] caller=eac.elf+0x22d2ca open path=/proc/3438157/cmdline flags=0x0
[TRACE] caller=eac.elf+0x220c4d readlink path=/proc/3446569/exe size=4096
[TRACE] caller=eac.elf+0x221670 open path=/proc/3446569/comm flags=0x0
[TRACE] caller=eac.elf+0x22d2ca open path=/proc/3446569/cmdline flags=0x0
[TRACE] caller=eac.elf+0x220c4d readlink path=/proc/3468722/exe size=4096
[TRACE] caller=eac.elf+0x221670 open path=/proc/3468722/comm flags=0x0
[TRACE] caller=eac.elf+0x22d2ca open path=/proc/3468722/cmdline flags=0x0
[TRACE] caller=eac.elf+0x220c4d readlink path=/proc/3485997/exe size=4096
[TRACE] caller=eac.elf+0x221670 open path=/proc/3485997/comm flags=0x0
[TRACE] caller=eac.elf+0x22d2ca open path=/proc/3485997/cmdline flags=0x0
[TRACE] caller=eac.elf+0x220c4d readlink path=/proc/3489906/exe size=4096
[TRACE] caller=eac.elf+0x22d2ca open path=/proc/3489906/cmdline flags=0x0
[TRACE] caller=eac.elf+0x220c4d readlink path=/proc/3492196/exe size=4096
[TRACE] caller=eac.elf+0x22d2ca open path=/proc/3492196/cmdline flags=0x0
[TRACE] caller=eac.elf+0x220c4d readlink path=/proc/3519707/exe size=4096
[TRACE] caller=eac.elf+0x22d2ca open path=/proc/3519707/cmdline flags=0x0
[TRACE] caller=eac.elf+0x220c4d readlink path=/proc/3525822/exe size=4096
[TRACE] caller=eac.elf+0x221670 open path=/proc/3525822/comm flags=0x0
[TRACE] caller=eac.elf+0x22d2ca open path=/proc/3525822/cmdline flags=0x0
[TRACE] caller=eac.elf+0x220c4d readlink path=/proc/3528375/exe size=4096
[TRACE] caller=eac.elf+0x221670 open path=/proc/3528375/comm flags=0x0
[TRACE] caller=eac.elf+0x22d2ca open path=/proc/3528375/cmdline flags=0x0
[TRACE] caller=eac.elf+0x220c4d readlink path=/proc/3535951/exe size=4096
[TRACE] caller=eac.elf+0x221670 open path=/proc/3535951/comm flags=0x0
[TRACE] caller=eac.elf+0x22d2ca open path=/proc/3535951/cmdline flags=0x0
[TRACE] caller=eac.elf+0x220c4d readlink path=/proc/3542357/exe size=4096
[TRACE] caller=eac.elf+0x221670 open path=/proc/3542357/comm flags=0x0
[TRACE] caller=eac.elf+0x22d2ca open path=/proc/3542357/cmdline flags=0x0
[TRACE] caller=eac.elf+0x220c4d readlink path=/proc/3543431/exe size=4096
[TRACE] caller=eac.elf+0x221670 open path=/proc/3543431/comm flags=0x0
[TRACE] caller=eac.elf+0x22d2ca open path=/proc/3543431/cmdline flags=0x0
[TRACE] caller=eac.elf+0x220c4d readlink path=/proc/3554885/exe size=4096
[TRACE] caller=eac.elf+0x22d2ca open path=/proc/3554885/cmdline flags=0x0
[TRACE] caller=eac.elf+0x220c4d readlink path=/proc/3554886/exe size=4096
[TRACE] caller=eac.elf+0x22d2ca open path=/proc/3554886/cmdline flags=0x0
[TRACE] caller=eac.elf+0x220c4d readlink path=/proc/3554901/exe size=4096
[TRACE] caller=eac.elf+0x22d2ca open path=/proc/3554901/cmdline flags=0x0
[TRACE] caller=eac.elf+0x220c4d readlink path=/proc/3554925/exe size=4096
[TRACE] caller=eac.elf+0x22d2ca open path=/proc/3554925/cmdline flags=0x0
[TRACE] caller=eac.elf+0x220c4d readlink path=/proc/3562471/exe size=4096
[TRACE] caller=eac.elf+0x221670 open path=/proc/3562471/comm flags=0x0
[TRACE] caller=eac.elf+0x22d2ca open path=/proc/3562471/cmdline flags=0x0
[TRACE] caller=eac.elf+0x220c4d readlink path=/proc/3568022/exe size=4096
[TRACE] caller=eac.elf+0x221670 open path=/proc/3568022/comm flags=0x0
[TRACE] caller=eac.elf+0x22d2ca open path=/proc/3568022/cmdline flags=0x0
[TRACE] caller=eac.elf+0x220c4d readlink path=/proc/3623056/exe size=4096
[TRACE] caller=eac.elf+0x22d2ca open path=/proc/3623056/cmdline flags=0x0
[TRACE] caller=eac.elf+0x220c4d readlink path=/proc/3665557/exe size=4096
[TRACE] caller=eac.elf+0x22d2ca open path=/proc/3665557/cmdline flags=0x0
[TRACE] caller=eac.elf+0x220c4d readlink path=/proc/3665569/exe size=4096
[TRACE] caller=eac.elf+0x22d2ca open path=/proc/3665569/cmdline flags=0x0
[TRACE] caller=eac.elf+0x220c4d readlink path=/proc/3692614/exe size=4096
[TRACE] caller=eac.elf+0x221670 open path=/proc/3692614/comm flags=0x0
[TRACE] caller=eac.elf+0x22d2ca open path=/proc/3692614/cmdline flags=0x0
[TRACE] caller=eac.elf+0x220c4d readlink path=/proc/3698846/exe size=4096
[TRACE] caller=eac.elf+0x221670 open path=/proc/3698846/comm flags=0x0
[TRACE] caller=eac.elf+0x22d2ca open path=/proc/3698846/cmdline flags=0x0
[TRACE] caller=eac.elf+0x220c4d readlink path=/proc/3749488/exe size=4096
[TRACE] caller=eac.elf+0x221670 open path=/proc/3749488/comm flags=0x0
[TRACE] caller=eac.elf+0x22d2ca open path=/proc/3749488/cmdline flags=0x0
[TRACE] caller=eac.elf+0x220c4d readlink path=/proc/3757852/exe size=4096
[TRACE] caller=eac.elf+0x221670 open path=/proc/3757852/comm flags=0x0
[TRACE] caller=eac.elf+0x22d2ca open path=/proc/3757852/cmdline flags=0x0
[TRACE] caller=eac.elf+0x220c4d readlink path=/proc/3830362/exe size=4096
[TRACE] caller=eac.elf+0x221670 open path=/proc/3830362/comm flags=0x0
[TRACE] caller=eac.elf+0x22d2ca open path=/proc/3830362/cmdline flags=0x0
[TRACE] caller=eac.elf+0x220c4d readlink path=/proc/3879298/exe size=4096
[TRACE] caller=eac.elf+0x221670 open path=/proc/3879298/comm flags=0x0
[TRACE] caller=eac.elf+0x22d2ca open path=/proc/3879298/cmdline flags=0x0
[TRACE] caller=eac.elf+0x220c4d readlink path=/proc/3880595/exe size=4096
[TRACE] caller=eac.elf+0x221670 open path=/proc/3880595/comm flags=0x0
[TRACE] caller=eac.elf+0x22d2ca open path=/proc/3880595/cmdline flags=0x0
[TRACE] caller=eac.elf+0x220c4d readlink path=/proc/3885687/exe size=4096
[TRACE] caller=eac.elf+0x221670 open path=/proc/3885687/comm flags=0x0
[TRACE] caller=eac.elf+0x22d2ca open path=/proc/3885687/cmdline flags=0x0
[TRACE] caller=eac.elf+0x220c4d readlink path=/proc/3889449/exe size=4096
[TRACE] caller=eac.elf+0x221670 open path=/proc/3889449/comm flags=0x0
[TRACE] caller=eac.elf+0x22d2ca open path=/proc/3889449/cmdline flags=0x0
[TRACE] caller=eac.elf+0x220c4d readlink path=/proc/3899550/exe size=4096
[TRACE] caller=eac.elf+0x221670 open path=/proc/3899550/comm flags=0x0
[TRACE] caller=eac.elf+0x22d2ca open path=/proc/3899550/cmdline flags=0x0
[TRACE] caller=eac.elf+0x220c4d readlink path=/proc/3900255/exe size=4096
[TRACE] caller=eac.elf+0x221670 open path=/proc/3900255/comm flags=0x0
[TRACE] caller=eac.elf+0x22d2ca open path=/proc/3900255/cmdline flags=0x0
[TRACE] caller=eac.elf+0x220c4d readlink path=/proc/3901292/exe size=4096
[TRACE] caller=eac.elf+0x221670 open path=/proc/3901292/comm flags=0x0
[TRACE] caller=eac.elf+0x22d2ca open path=/proc/3901292/cmdline flags=0x0
[TRACE] caller=eac.elf+0x220c4d readlink path=/proc/3901296/exe size=4096
[TRACE] caller=eac.elf+0x221670 open path=/proc/3901296/comm flags=0x0
[TRACE] caller=eac.elf+0x22d2ca open path=/proc/3901296/cmdline flags=0x0
[TRACE] caller=eac.elf+0x220c4d readlink path=/proc/3925914/exe size=4096
[TRACE] caller=eac.elf+0x221670 open path=/proc/3925914/comm flags=0x0
[TRACE] caller=eac.elf+0x22d2ca open path=/proc/3925914/cmdline flags=0x0
[TRACE] caller=eac.elf+0x220c4d readlink path=/proc/3932364/exe size=4096
[TRACE] caller=eac.elf+0x221670 open path=/proc/3932364/comm flags=0x0
[TRACE] caller=eac.elf+0x22d2ca open path=/proc/3932364/cmdline flags=0x0
[TRACE] caller=eac.elf+0x220c4d readlink path=/proc/3944918/exe size=4096
[TRACE] caller=eac.elf+0x221670 open path=/proc/3944918/comm flags=0x0
[TRACE] caller=eac.elf+0x22d2ca open path=/proc/3944918/cmdline flags=0x0
[TRACE] caller=eac.elf+0x220c4d readlink path=/proc/3951621/exe size=4096
[TRACE] caller=eac.elf+0x221670 open path=/proc/3951621/comm flags=0x0
[TRACE] caller=eac.elf+0x22d2ca open path=/proc/3951621/cmdline flags=0x0
[TRACE] caller=eac.elf+0x220c4d readlink path=/proc/3954925/exe size=4096
[TRACE] caller=eac.elf+0x221670 open path=/proc/3954925/comm flags=0x0
[TRACE] caller=eac.elf+0x22d2ca open path=/proc/3954925/cmdline flags=0x0
[TRACE] caller=eac.elf+0x220c4d readlink path=/proc/3956182/exe size=4096
[TRACE] caller=eac.elf+0x221670 open path=/proc/3956182/comm flags=0x0
[TRACE] caller=eac.elf+0x22d2ca open path=/proc/3956182/cmdline flags=0x0
[TRACE] caller=eac.elf+0x220c4d readlink path=/proc/3958172/exe size=4096
[TRACE] caller=eac.elf+0x221670 open path=/proc/3958172/comm flags=0x0
[TRACE] caller=eac.elf+0x22d2ca open path=/proc/3958172/cmdline flags=0x0
[TRACE] caller=eac.elf+0x220c4d readlink path=/proc/3960256/exe size=4096
[TRACE] caller=eac.elf+0x221670 open path=/proc/3960256/comm flags=0x0
[TRACE] caller=eac.elf+0x22d2ca open path=/proc/3960256/cmdline flags=0x0
[TRACE] caller=eac.elf+0x220c4d readlink path=/proc/3963968/exe size=4096
[TRACE] caller=eac.elf+0x221670 open path=/proc/3963968/comm flags=0x0
[TRACE] caller=eac.elf+0x22d2ca open path=/proc/3963968/cmdline flags=0x0
[TRACE] caller=eac.elf+0x220c4d readlink path=/proc/3964421/exe size=4096
[TRACE] caller=eac.elf+0x221670 open path=/proc/3964421/comm flags=0x0
[TRACE] caller=eac.elf+0x22d2ca open path=/proc/3964421/cmdline flags=0x0
[TRACE] caller=eac.elf+0x220c4d readlink path=/proc/3964531/exe size=4096
[TRACE] caller=eac.elf+0x221670 open path=/proc/3964531/comm flags=0x0
[TRACE] caller=eac.elf+0x22d2ca open path=/proc/3964531/cmdline flags=0x0
[TRACE] caller=eac.elf+0x220c4d readlink path=/proc/3965680/exe size=4096
[TRACE] caller=eac.elf+0x221670 open path=/proc/3965680/comm flags=0x0
[TRACE] caller=eac.elf+0x22d2ca open path=/proc/3965680/cmdline flags=0x0
[TRACE] caller=eac.elf+0x220c4d readlink path=/proc/3966754/exe size=4096
[TRACE] caller=eac.elf+0x221670 open path=/proc/3966754/comm flags=0x0
[TRACE] caller=eac.elf+0x22d2ca open path=/proc/3966754/cmdline flags=0x0
[TRACE] caller=eac.elf+0x220c4d readlink path=/proc/3967037/exe size=4096
[TRACE] caller=eac.elf+0x221670 open path=/proc/3967037/comm flags=0x0
[TRACE] caller=eac.elf+0x22d2ca open path=/proc/3967037/cmdline flags=0x0
[TRACE] caller=eac.elf+0x220c4d readlink path=/proc/3967129/exe size=4096
[TRACE] caller=eac.elf+0x221670 open path=/proc/3967129/comm flags=0x0
[TRACE] caller=eac.elf+0x22d2ca open path=/proc/3967129/cmdline flags=0x0
[TRACE] caller=eac.elf+0x220c4d readlink path=/proc/3967970/exe size=4096
[TRACE] caller=eac.elf+0x221670 open path=/proc/3967970/comm flags=0x0
[TRACE] caller=eac.elf+0x22d2ca open path=/proc/3967970/cmdline flags=0x0
[TRACE] caller=eac.elf+0x220c4d readlink path=/proc/3968135/exe size=4096
[TRACE] caller=eac.elf+0x221670 open path=/proc/3968135/comm flags=0x0
[TRACE] caller=eac.elf+0x22d2ca open path=/proc/3968135/cmdline flags=0x0
[TRACE] caller=eac.elf+0x220c4d readlink path=/proc/3969221/exe size=4096
[TRACE] caller=eac.elf+0x221670 open path=/proc/3969221/comm flags=0x0
[TRACE] caller=eac.elf+0x22d2ca open path=/proc/3969221/cmdline flags=0x0
[TRACE] caller=eac.elf+0x220c4d readlink path=/proc/3969430/exe size=4096
[TRACE] caller=eac.elf+0x221670 open path=/proc/3969430/comm flags=0x0
[TRACE] caller=eac.elf+0x22d2ca open path=/proc/3969430/cmdline flags=0x0
[TRACE] caller=eac.elf+0x220c4d readlink path=/proc/3970026/exe size=4096
[TRACE] caller=eac.elf+0x221670 open path=/proc/3970026/comm flags=0x0
[TRACE] caller=eac.elf+0x22d2ca open path=/proc/3970026/cmdline flags=0x0
[TRACE] caller=eac.elf+0x220c4d readlink path=/proc/3970099/exe size=4096
[TRACE] caller=eac.elf+0x221670 open path=/proc/3970099/comm flags=0x0
[TRACE] caller=eac.elf+0x22d2ca open path=/proc/3970099/cmdline flags=0x0
[TRACE] caller=eac.elf+0x220c4d readlink path=/proc/3972175/exe size=4096
[TRACE] caller=eac.elf+0x221670 open path=/proc/3972175/comm flags=0x0
[TRACE] caller=eac.elf+0x22d2ca open path=/proc/3972175/cmdline flags=0x0
[TRACE] caller=eac.elf+0x220c4d readlink path=/proc/3973841/exe size=4096
[TRACE] caller=eac.elf+0x221670 open path=/proc/3973841/comm flags=0x0
[TRACE] caller=eac.elf+0x22d2ca open path=/proc/3973841/cmdline flags=0x0
[TRACE] caller=eac.elf+0x220c4d readlink path=/proc/3974122/exe size=4096
[TRACE] caller=eac.elf+0x221670 open path=/proc/3974122/comm flags=0x0
[TRACE] caller=eac.elf+0x22d2ca open path=/proc/3974122/cmdline flags=0x0
[TRACE] caller=eac.elf+0x220c4d readlink path=/proc/3974572/exe size=4096
[TRACE] caller=eac.elf+0x221670 open path=/proc/3974572/comm flags=0x0
[TRACE] caller=eac.elf+0x22d2ca open path=/proc/3974572/cmdline flags=0x0
[TRACE] caller=eac.elf+0x220c4d readlink path=/proc/3974611/exe size=4096
[TRACE] caller=eac.elf+0x221670 open path=/proc/3974611/comm flags=0x0
[TRACE] caller=eac.elf+0x22d2ca open path=/proc/3974611/cmdline flags=0x0
[TRACE] caller=eac.elf+0x220c4d readlink path=/proc/3974689/exe size=4096
[TRACE] caller=eac.elf+0x221670 open path=/proc/3974689/comm flags=0x0
[TRACE] caller=eac.elf+0x22d2ca open path=/proc/3974689/cmdline flags=0x0
[TRACE] caller=eac.elf+0x220c4d readlink path=/proc/3975915/exe size=4096
[TRACE] caller=eac.elf+0x221670 open path=/proc/3975915/comm flags=0x0
[TRACE] caller=eac.elf+0x22d2ca open path=/proc/3975915/cmdline flags=0x0
[TRACE] caller=eac.elf+0x220c4d readlink path=/proc/3977107/exe size=4096
[TRACE] caller=eac.elf+0x221670 open path=/proc/3977107/comm flags=0x0
[TRACE] caller=eac.elf+0x22d2ca open path=/proc/3977107/cmdline flags=0x0
[TRACE] caller=eac.elf+0x220c4d readlink path=/proc/3978901/exe size=4096
[TRACE] caller=eac.elf+0x221670 open path=/proc/3978901/comm flags=0x0
[TRACE] caller=eac.elf+0x22d2ca open path=/proc/3978901/cmdline flags=0x0
[TRACE] caller=eac.elf+0x220c4d readlink path=/proc/3979397/exe size=4096
[TRACE] caller=eac.elf+0x221670 open path=/proc/3979397/comm flags=0x0
[TRACE] caller=eac.elf+0x22d2ca open path=/proc/3979397/cmdline flags=0x0
[TRACE] caller=eac.elf+0x220c4d readlink path=/proc/3979749/exe size=4096
[TRACE] caller=eac.elf+0x221670 open path=/proc/3979749/comm flags=0x0
[TRACE] caller=eac.elf+0x22d2ca open path=/proc/3979749/cmdline flags=0x0
[TRACE] caller=eac.elf+0x220c4d readlink path=/proc/3980240/exe size=4096
[TRACE] caller=eac.elf+0x221670 open path=/proc/3980240/comm flags=0x0
[TRACE] caller=eac.elf+0x22d2ca open path=/proc/3980240/cmdline flags=0x0
[TRACE] caller=eac.elf+0x220c4d readlink path=/proc/3980568/exe size=4096
[TRACE] caller=eac.elf+0x221670 open path=/proc/3980568/comm flags=0x0
[TRACE] caller=eac.elf+0x22d2ca open path=/proc/3980568/cmdline flags=0x0
[TRACE] caller=eac.elf+0x220c4d readlink path=/proc/3985252/exe size=4096
[TRACE] caller=eac.elf+0x221670 open path=/proc/3985252/comm flags=0x0
[TRACE] caller=eac.elf+0x22d2ca open path=/proc/3985252/cmdline flags=0x0
[TRACE] caller=eac.elf+0x220c4d readlink path=/proc/3985407/exe size=4096
[TRACE] caller=eac.elf+0x221670 open path=/proc/3985407/comm flags=0x0
[TRACE] caller=eac.elf+0x22d2ca open path=/proc/3985407/cmdline flags=0x0
[TRACE] caller=eac.elf+0x220c4d readlink path=/proc/3985634/exe size=4096
[TRACE] caller=eac.elf+0x221670 open path=/proc/3985634/comm flags=0x0
[TRACE] caller=eac.elf+0x22d2ca open path=/proc/3985634/cmdline flags=0x0
[TRACE] caller=eac.elf+0x220c4d readlink path=/proc/3986542/exe size=4096
[TRACE] caller=eac.elf+0x221670 open path=/proc/3986542/comm flags=0x0
[TRACE] caller=eac.elf+0x22d2ca open path=/proc/3986542/cmdline flags=0x0
[TRACE] caller=eac.elf+0x220c4d readlink path=/proc/3987758/exe size=4096
[TRACE] caller=eac.elf+0x221670 open path=/proc/3987758/comm flags=0x0
[TRACE] caller=eac.elf+0x22d2ca open path=/proc/3987758/cmdline flags=0x0
[TRACE] caller=eac.elf+0x220c4d readlink path=/proc/3987851/exe size=4096
[TRACE] caller=eac.elf+0x221670 open path=/proc/3987851/comm flags=0x0
[TRACE] caller=eac.elf+0x22d2ca open path=/proc/3987851/cmdline flags=0x0
[TRACE] caller=eac.elf+0x220c4d readlink path=/proc/3988231/exe size=4096
[TRACE] caller=eac.elf+0x221670 open path=/proc/3988231/comm flags=0x0
[TRACE] caller=eac.elf+0x22d2ca open path=/proc/3988231/cmdline flags=0x0
[TRACE] caller=eac.elf+0x220c4d readlink path=/proc/3989551/exe size=4096
[TRACE] caller=eac.elf+0x221670 open path=/proc/3989551/comm flags=0x0
[TRACE] caller=eac.elf+0x22d2ca open path=/proc/3989551/cmdline flags=0x0
[TRACE] caller=eac.elf+0x220c4d readlink path=/proc/3989742/exe size=4096
[TRACE] caller=eac.elf+0x221670 open path=/proc/3989742/comm flags=0x0
[TRACE] caller=eac.elf+0x22d2ca open path=/proc/3989742/cmdline flags=0x0
[TRACE] caller=eac.elf+0x220c4d readlink path=/proc/3990336/exe size=4096
[TRACE] caller=eac.elf+0x221670 open path=/proc/3990336/comm flags=0x0
[TRACE] caller=eac.elf+0x22d2ca open path=/proc/3990336/cmdline flags=0x0
[TRACE] caller=eac.elf+0x220c4d readlink path=/proc/3991801/exe size=4096
[TRACE] caller=eac.elf+0x221670 open path=/proc/3991801/comm flags=0x0
[TRACE] caller=eac.elf+0x22d2ca open path=/proc/3991801/cmdline flags=0x0
[TRACE] caller=eac.elf+0x220c4d readlink path=/proc/3992017/exe size=4096
[TRACE] caller=eac.elf+0x22d2ca open path=/proc/3992017/cmdline flags=0x0
[TRACE] caller=eac.elf+0x220c4d readlink path=/proc/3992018/exe size=4096
[TRACE] caller=eac.elf+0x22d2ca open path=/proc/3992018/cmdline flags=0x0
[TRACE] caller=eac.elf+0x220c4d readlink path=/proc/3992019/exe size=4096
[TRACE] caller=eac.elf+0x22d2ca open path=/proc/3992019/cmdline flags=0x0
[TRACE] caller=eac.elf+0x220c4d readlink path=/proc/3992095/exe size=4096
[TRACE] caller=eac.elf+0x221670 open path=/proc/3992095/comm flags=0x0
[TRACE] caller=eac.elf+0x22d2ca open path=/proc/3992095/cmdline flags=0x0
[TRACE] caller=eac.elf+0x220c4d readlink path=/proc/3992097/exe size=4096
[TRACE] caller=eac.elf+0x221670 open path=/proc/3992097/comm flags=0x0
[TRACE] caller=eac.elf+0x22d2ca open path=/proc/3992097/cmdline flags=0x0
[TRACE] caller=eac.elf+0x220c4d readlink path=/proc/3992122/exe size=4096
[TRACE] caller=eac.elf+0x221670 open path=/proc/3992122/comm flags=0x0
[TRACE] caller=eac.elf+0x22d2ca open path=/proc/3992122/cmdline flags=0x0
[TRACE] caller=eac.elf+0x220c4d readlink path=/proc/3992123/exe size=4096
[TRACE] caller=eac.elf+0x221670 open path=/proc/3992123/comm flags=0x0
[TRACE] caller=eac.elf+0x22d2ca open path=/proc/3992123/cmdline flags=0x0
[TRACE] caller=driver+0x53f4 getenv name=EAC_DUMP_DIR -> set
[TRACE] caller=driver+0x5454 fopen path=dumps/vmtail-mem-focus-final-site-b265e/postsleep_out.bin mode=wb
[DRIVER] dump postsleep base=0x7ed627c00000 ctx_slot=+0x84cd20 ctx=0x576bf797cdf0
[TRACE] caller=driver+0x5454 fopen path=dumps/vmtail-mem-focus-final-site-b265e/postsleep_ctx_0x576bf797cdf0.bin mode=wb
[TRACE] caller=driver+0x212b fopen path=/proc/self/maps mode=r
[TRACE] caller=driver+0x21ab fopen path=dumps/vmtail-mem-focus-final-site-b265e/postsleep_maps.txt mode=w
[TRACE] caller=driver+0x5454 fopen path=dumps/vmtail-mem-focus-final-site-b265e/postsleep_map_7ed627c00000_7ed627c01000_r--p_off_0.bin mode=wb
[TRACE] caller=driver+0x5454 fopen path=dumps/vmtail-mem-focus-final-site-b265e/postsleep_map_7ed627c01000_7ed62823d000_rwxp_off_1000.bin mode=wb
[TRACE] caller=driver+0x5454 fopen path=dumps/vmtail-mem-focus-final-site-b265e/postsleep_map_7ed62843c000_7ed628449000_r--p_off_63c000.bin mode=wb
[TRACE] caller=driver+0x5454 fopen path=dumps/vmtail-mem-focus-final-site-b265e/postsleep_map_7ed628449000_7ed62844b000_rw-p_off_649000.bin mode=wb
[TRACE] caller=driver+0x2355 getenv name=EAC_FAST_EXIT -> null
[DRIVER] done
