[TRACE] caller=libselinux.so.1+0xee1d fopen64 path=/proc/filesystems mode=re
[TRACE] caller=timeout+0x324f7b mprotect addr=0x7f435a0ef000 len=0x1000 prot=0x0
[TRACE] caller=timeout+0x319b3f getenv name=LANG -> set
[TRACE] caller=timeout+0x33547e open64 path=/usr/share/coreutils/locales/uucore/en-US.ftl flags=0x80000
[TRACE] caller=timeout+0x33547e open64 path=/usr/share/coreutils/locales/timeout/en-US.ftl flags=0x80000
[TRACE] caller=timeout+0x319b3f getenv name=NO_COLOR -> set
[TRACE] caller=timeout+0x3124be recv fd=3 len=8 flags=0x0 ret=0 data=
[DRIVER] dlopen path=./eac.elf
[TRACE] caller=driver+0x1608 dlopen file=./eac.elf flags=0x2
[DRIVER] dlsym x=0x722e604380dc
[TRACE] caller=driver+0x26c5 getenv name=EAC_DISPATCH_TRACE -> set
[TRACE] caller=driver+0x26c5 getenv name=EAC_PROBE_TRACE -> null
[TRACE] caller=driver+0x1a99 getenv name=EAC_DISPATCH_LIMIT -> set
[TRACE] caller=driver+0x26c5 getenv name=EAC_DISPATCH_DETAIL -> null
[TRACE] caller=driver+0x1b01 getenv name=EAC_DISPATCH_STOP_AFTER_MATCHES -> null
[TRACE] caller=driver+0x1b2b getenv name=EAC_DISPATCH_EXTRA_SITES -> null
[TRACE] caller=driver+0x1b41 getenv name=EAC_DISPATCH_FOCUS_SITES -> null
[TRACE] caller=driver+0x1b7a getenv name=EAC_PROBE_LIMIT -> null
[TRACE] caller=driver+0x1baf getenv name=EAC_PROBE_STOP_AFTER_MATCHES -> null
[TRACE] caller=driver+0x1bce getenv name=EAC_PROBE_SITES -> null
[TRACE] caller=driver+0x26c5 getenv name=EAC_VMTAIL_TRACE -> set
[TRACE] caller=driver+0x26c5 getenv name=EAC_VMTAIL_REGS -> set
[TRACE] caller=driver+0x26c5 getenv name=EAC_VMTAIL_SCRATCH -> set
[TRACE] caller=driver+0x26c5 getenv name=EAC_VMTAIL_MEM -> null
[TRACE] caller=driver+0x1c2a getenv name=EAC_VMTAIL_MEM_REGS -> null
[TRACE] caller=driver+0x1c44 getenv name=EAC_VMTAIL_LIMIT -> set
[TRACE] caller=driver+0x1c9a getenv name=EAC_VMTAIL_FOCUS_IPS -> set
[TRACE] caller=driver+0x1cae getenv name=EAC_VMTAIL_FOCUS_SITES -> null
[TRACE] caller=driver+0x1cc2 getenv name=EAC_VMTAIL_STOP_AFTER_MATCHES -> set
[TRACE] caller=driver+0x1d05 getenv name=EAC_VMTAIL_SITES -> set
[TRACE] caller=driver+0x1d27 getenv name=EAC_VMTAIL_SCRATCH_OFFSETS -> null
[TRACE] caller=driver+0x34a9 fopen path=/proc/self/maps mode=r
[TRACE] caller=driver+0x47ec mprotect addr=0x722e604c8000 len=0x1000 prot=0x7
[TRACE] caller=driver+0x47ec mprotect addr=0x722e604cd000 len=0x1000 prot=0x7
[TRACE] caller=driver+0x47ec mprotect addr=0x722e60481000 len=0x1000 prot=0x7
[TRACE] caller=driver+0x47ec mprotect addr=0x722e6048a000 len=0x1000 prot=0x7
[TRACE] caller=driver+0x47ec mprotect addr=0x722e6049a000 len=0x1000 prot=0x7
[TRACE] caller=driver+0x47ec mprotect addr=0x722e6049b000 len=0x1000 prot=0x7
[TRACE] caller=driver+0x47ec mprotect addr=0x722e6049b000 len=0x1000 prot=0x7
[TRACE] caller=driver+0x47ec mprotect addr=0x722e604b8000 len=0x1000 prot=0x7
[TRACE] caller=driver+0x47ec mprotect addr=0x722e604bb000 len=0x1000 prot=0x7
[TRACE] caller=driver+0x47ec mprotect addr=0x722e604bb000 len=0x1000 prot=0x7
[TRACE] caller=driver+0x47ec mprotect addr=0x722e604c2000 len=0x1000 prot=0x7
[TRACE] caller=driver+0x47ec mprotect addr=0x722e6049c000 len=0x1000 prot=0x7
[TRACE] caller=driver+0x47ec mprotect addr=0x722e604a0000 len=0x1000 prot=0x7
[TRACE] caller=driver+0x47ec mprotect addr=0x722e604b2000 len=0x1000 prot=0x7
[TRACE] caller=driver+0x47ec mprotect addr=0x722e604b7000 len=0x1000 prot=0x7
[TRACE] caller=driver+0x47ec mprotect addr=0x722e604c2000 len=0x1000 prot=0x7
[TRACE] caller=driver+0x47ec mprotect addr=0x722e60478000 len=0x1000 prot=0x7
[TRACE] caller=driver+0x47ec mprotect addr=0x722e60478000 len=0x1000 prot=0x7
[TRACE] caller=driver+0x47ec mprotect addr=0x722e60479000 len=0x1000 prot=0x7
[TRACE] caller=driver+0x47ec mprotect addr=0x722e60479000 len=0x1000 prot=0x7
[TRACE] caller=driver+0x47ec mprotect addr=0x722e60479000 len=0x1000 prot=0x7
[TRACE] caller=driver+0x47ec mprotect addr=0x722e60479000 len=0x1000 prot=0x7
[TRACE] caller=driver+0x47ec mprotect addr=0x722e6047a000 len=0x1000 prot=0x7
[TRACE] caller=driver+0x47ec mprotect addr=0x722e6047a000 len=0x1000 prot=0x7
[TRACE] caller=driver+0x47ec mprotect addr=0x722e6047a000 len=0x1000 prot=0x7
[TRACE] caller=driver+0x47ec mprotect addr=0x722e6047a000 len=0x1000 prot=0x7
[TRACE] caller=driver+0x47ec mprotect addr=0x722e6047b000 len=0x1000 prot=0x7
[TRACE] caller=driver+0x47ec mprotect addr=0x722e6047b000 len=0x1000 prot=0x7
[TRACE] caller=driver+0x47ec mprotect addr=0x722e6047b000 len=0x1000 prot=0x7
[TRACE] caller=driver+0x47ec mprotect addr=0x722e6047b000 len=0x1000 prot=0x7
[TRACE] caller=driver+0x47ec mprotect addr=0x722e6047c000 len=0x1000 prot=0x7
[TRACE] caller=driver+0x47ec mprotect addr=0x722e6047c000 len=0x1000 prot=0x7
[TRACE] caller=driver+0x47ec mprotect addr=0x722e6047c000 len=0x1000 prot=0x7
[TRACE] caller=driver+0x47ec mprotect addr=0x722e6047d000 len=0x1000 prot=0x7
[TRACE] caller=driver+0x47ec mprotect addr=0x722e6047d000 len=0x1000 prot=0x7
[TRACE] caller=driver+0x47ec mprotect addr=0x722e6047d000 len=0x1000 prot=0x7
[TRACE] caller=driver+0x47ec mprotect addr=0x722e6047d000 len=0x1000 prot=0x7
[TRACE] caller=driver+0x47ec mprotect addr=0x722e6047d000 len=0x1000 prot=0x7
[TRACE] caller=driver+0x47ec mprotect addr=0x722e6047e000 len=0x1000 prot=0x7
[TRACE] caller=driver+0x47ec mprotect addr=0x722e6047e000 len=0x1000 prot=0x7
[TRACE] caller=driver+0x47ec mprotect addr=0x722e6047e000 len=0x1000 prot=0x7
[TRACE] caller=driver+0x47ec mprotect addr=0x722e6047e000 len=0x1000 prot=0x7
[TRACE] caller=driver+0x47ec mprotect addr=0x722e6047f000 len=0x1000 prot=0x7
[TRACE] caller=driver+0x47ec mprotect addr=0x722e6047f000 len=0x1000 prot=0x7
[TRACE] caller=driver+0x47ec mprotect addr=0x722e6047f000 len=0x1000 prot=0x7
[TRACE] caller=driver+0x47ec mprotect addr=0x722e60480000 len=0x1000 prot=0x7
[TRACE] caller=driver+0x47ec mprotect addr=0x722e60480000 len=0x1000 prot=0x7
[TRACE] caller=driver+0x47ec mprotect addr=0x722e60480000 len=0x1000 prot=0x7
[TRACE] caller=driver+0x47ec mprotect addr=0x722e60480000 len=0x1000 prot=0x7
[TRACE] caller=driver+0x47ec mprotect addr=0x722e60481000 len=0x1000 prot=0x7
[TRACE] caller=driver+0x47ec mprotect addr=0x722e60481000 len=0x1000 prot=0x7
[TRACE] caller=driver+0x47ec mprotect addr=0x722e60481000 len=0x1000 prot=0x7
[TRACE] caller=driver+0x47ec mprotect addr=0x722e60481000 len=0x1000 prot=0x7
[TRACE] caller=driver+0x47ec mprotect addr=0x722e60481000 len=0x1000 prot=0x7
[TRACE] caller=driver+0x47ec mprotect addr=0x722e60482000 len=0x1000 prot=0x7
[TRACE] caller=driver+0x47ec mprotect addr=0x722e60482000 len=0x1000 prot=0x7
[TRACE] caller=driver+0x47ec mprotect addr=0x722e60482000 len=0x1000 prot=0x7
[TRACE] caller=driver+0x47ec mprotect addr=0x722e60482000 len=0x1000 prot=0x7
[TRACE] caller=driver+0x47ec mprotect addr=0x722e60482000 len=0x1000 prot=0x7
[TRACE] caller=driver+0x47ec mprotect addr=0x722e60483000 len=0x1000 prot=0x7
[TRACE] caller=driver+0x47ec mprotect addr=0x722e60483000 len=0x1000 prot=0x7
[TRACE] caller=driver+0x47ec mprotect addr=0x722e60483000 len=0x1000 prot=0x7
[TRACE] caller=driver+0x47ec mprotect addr=0x722e60483000 len=0x1000 prot=0x7
[TRACE] caller=driver+0x47ec mprotect addr=0x722e60484000 len=0x1000 prot=0x7
[TRACE] caller=driver+0x47ec mprotect addr=0x722e60484000 len=0x1000 prot=0x7
[TRACE] caller=driver+0x47ec mprotect addr=0x722e60484000 len=0x1000 prot=0x7
[TRACE] caller=driver+0x47ec mprotect addr=0x722e60484000 len=0x1000 prot=0x7
[TRACE] caller=driver+0x47ec mprotect addr=0x722e60484000 len=0x1000 prot=0x7
[TRACE] caller=driver+0x47ec mprotect addr=0x722e60484000 len=0x1000 prot=0x7
[TRACE] caller=driver+0x47ec mprotect addr=0x722e60485000 len=0x1000 prot=0x7
[TRACE] caller=driver+0x47ec mprotect addr=0x722e60485000 len=0x1000 prot=0x7
[TRACE] caller=driver+0x47ec mprotect addr=0x722e60485000 len=0x1000 prot=0x7
[TRACE] caller=driver+0x47ec mprotect addr=0x722e60485000 len=0x1000 prot=0x7
[TRACE] caller=driver+0x47ec mprotect addr=0x722e60485000 len=0x1000 prot=0x7
[TRACE] caller=driver+0x47ec mprotect addr=0x722e60485000 len=0x1000 prot=0x7
[TRACE] caller=driver+0x47ec mprotect addr=0x722e60486000 len=0x1000 prot=0x7
[TRACE] caller=driver+0x47ec mprotect addr=0x722e60486000 len=0x1000 prot=0x7
[TRACE] caller=driver+0x47ec mprotect addr=0x722e60486000 len=0x1000 prot=0x7
[TRACE] caller=driver+0x47ec mprotect addr=0x722e60486000 len=0x1000 prot=0x7
[TRACE] caller=driver+0x47ec mprotect addr=0x722e60487000 len=0x1000 prot=0x7
[TRACE] caller=driver+0x47ec mprotect addr=0x722e60487000 len=0x1000 prot=0x7
[TRACE] caller=driver+0x47ec mprotect addr=0x722e60488000 len=0x1000 prot=0x7
[TRACE] caller=driver+0x47ec mprotect addr=0x722e60488000 len=0x1000 prot=0x7
[TRACE] caller=driver+0x47ec mprotect addr=0x722e60488000 len=0x1000 prot=0x7
[TRACE] caller=driver+0x47ec mprotect addr=0x722e60489000 len=0x1000 prot=0x7
[TRACE] caller=driver+0x47ec mprotect addr=0x722e60489000 len=0x1000 prot=0x7
[TRACE] caller=driver+0x47ec mprotect addr=0x722e60489000 len=0x1000 prot=0x7
[TRACE] caller=driver+0x47ec mprotect addr=0x722e60489000 len=0x1000 prot=0x7
[TRACE] caller=driver+0x47ec mprotect addr=0x722e6048a000 len=0x1000 prot=0x7
[TRACE] caller=driver+0x47ec mprotect addr=0x722e6048a000 len=0x1000 prot=0x7
[TRACE] caller=driver+0x47ec mprotect addr=0x722e6048b000 len=0x1000 prot=0x7
[TRACE] caller=driver+0x47ec mprotect addr=0x722e6048b000 len=0x1000 prot=0x7
[TRACE] caller=driver+0x47ec mprotect addr=0x722e6048b000 len=0x1000 prot=0x7
[TRACE] caller=driver+0x47ec mprotect addr=0x722e6048b000 len=0x1000 prot=0x7
[TRACE] caller=driver+0x47ec mprotect addr=0x722e6048b000 len=0x1000 prot=0x7
[TRACE] caller=driver+0x47ec mprotect addr=0x722e6048c000 len=0x1000 prot=0x7
[TRACE] caller=driver+0x47ec mprotect addr=0x722e6048c000 len=0x1000 prot=0x7
[TRACE] caller=driver+0x47ec mprotect addr=0x722e6048c000 len=0x1000 prot=0x7
[TRACE] caller=driver+0x47ec mprotect addr=0x722e6048c000 len=0x1000 prot=0x7
[TRACE] caller=driver+0x47ec mprotect addr=0x722e6048c000 len=0x1000 prot=0x7
[TRACE] caller=driver+0x47ec mprotect addr=0x722e6048d000 len=0x1000 prot=0x7
[TRACE] caller=driver+0x47ec mprotect addr=0x722e6048d000 len=0x1000 prot=0x7
[TRACE] caller=driver+0x47ec mprotect addr=0x722e6048e000 len=0x1000 prot=0x7
[TRACE] caller=driver+0x47ec mprotect addr=0x722e6048e000 len=0x1000 prot=0x7
[TRACE] caller=driver+0x47ec mprotect addr=0x722e6048e000 len=0x1000 prot=0x7
[TRACE] caller=driver+0x47ec mprotect addr=0x722e6048e000 len=0x1000 prot=0x7
[TRACE] caller=driver+0x47ec mprotect addr=0x722e6048f000 len=0x1000 prot=0x7
[TRACE] caller=driver+0x47ec mprotect addr=0x722e6048f000 len=0x1000 prot=0x7
[TRACE] caller=driver+0x47ec mprotect addr=0x722e6048f000 len=0x1000 prot=0x7
[TRACE] caller=driver+0x47ec mprotect addr=0x722e6048f000 len=0x1000 prot=0x7
[TRACE] caller=driver+0x47ec mprotect addr=0x722e60490000 len=0x1000 prot=0x7
[TRACE] caller=driver+0x47ec mprotect addr=0x722e60490000 len=0x1000 prot=0x7
[TRACE] caller=driver+0x47ec mprotect addr=0x722e60490000 len=0x1000 prot=0x7
[TRACE] caller=driver+0x47ec mprotect addr=0x722e60490000 len=0x1000 prot=0x7
[TRACE] caller=driver+0x47ec mprotect addr=0x722e60490000 len=0x1000 prot=0x7
[TRACE] caller=driver+0x47ec mprotect addr=0x722e60491000 len=0x1000 prot=0x7
[TRACE] caller=driver+0x47ec mprotect addr=0x722e60491000 len=0x1000 prot=0x7
[TRACE] caller=driver+0x47ec mprotect addr=0x722e60491000 len=0x1000 prot=0x7
[TRACE] caller=driver+0x47ec mprotect addr=0x722e60491000 len=0x1000 prot=0x7
[TRACE] caller=driver+0x47ec mprotect addr=0x722e60491000 len=0x1000 prot=0x7
[TRACE] caller=driver+0x47ec mprotect addr=0x722e60492000 len=0x1000 prot=0x7
[TRACE] caller=driver+0x47ec mprotect addr=0x722e60492000 len=0x1000 prot=0x7
[TRACE] caller=driver+0x47ec mprotect addr=0x722e60492000 len=0x1000 prot=0x7
[TRACE] caller=driver+0x47ec mprotect addr=0x722e60492000 len=0x1000 prot=0x7
[TRACE] caller=driver+0x47ec mprotect addr=0x722e60493000 len=0x1000 prot=0x7
[TRACE] caller=driver+0x47ec mprotect addr=0x722e60493000 len=0x1000 prot=0x7
[TRACE] caller=driver+0x47ec mprotect addr=0x722e60493000 len=0x1000 prot=0x7
[TRACE] caller=driver+0x47ec mprotect addr=0x722e60494000 len=0x1000 prot=0x7
[TRACE] caller=driver+0x47ec mprotect addr=0x722e60494000 len=0x1000 prot=0x7
[TRACE] caller=driver+0x47ec mprotect addr=0x722e60494000 len=0x1000 prot=0x7
[TRACE] caller=driver+0x47ec mprotect addr=0x722e60494000 len=0x1000 prot=0x7
[TRACE] caller=driver+0x47ec mprotect addr=0x722e60494000 len=0x1000 prot=0x7
[TRACE] caller=driver+0x47ec mprotect addr=0x722e60495000 len=0x1000 prot=0x7
[TRACE] caller=driver+0x47ec mprotect addr=0x722e60495000 len=0x1000 prot=0x7
[TRACE] caller=driver+0x47ec mprotect addr=0x722e60495000 len=0x1000 prot=0x7
[TRACE] caller=driver+0x47ec mprotect addr=0x722e60495000 len=0x1000 prot=0x7
[TRACE] caller=driver+0x47ec mprotect addr=0x722e60496000 len=0x1000 prot=0x7
[TRACE] caller=driver+0x47ec mprotect addr=0x722e60496000 len=0x1000 prot=0x7
[TRACE] caller=driver+0x47ec mprotect addr=0x722e60496000 len=0x1000 prot=0x7
[TRACE] caller=driver+0x47ec mprotect addr=0x722e60496000 len=0x1000 prot=0x7
[TRACE] caller=driver+0x47ec mprotect addr=0x722e60497000 len=0x1000 prot=0x7
[TRACE] caller=driver+0x47ec mprotect addr=0x722e60497000 len=0x1000 prot=0x7
[TRACE] caller=driver+0x47ec mprotect addr=0x722e60497000 len=0x1000 prot=0x7
[TRACE] caller=driver+0x47ec mprotect addr=0x722e60497000 len=0x1000 prot=0x7
[TRACE] caller=driver+0x47ec mprotect addr=0x722e60498000 len=0x1000 prot=0x7
[TRACE] caller=driver+0x47ec mprotect addr=0x722e60498000 len=0x1000 prot=0x7
[TRACE] caller=driver+0x47ec mprotect addr=0x722e60498000 len=0x1000 prot=0x7
[TRACE] caller=driver+0x47ec mprotect addr=0x722e60499000 len=0x1000 prot=0x7
[TRACE] caller=driver+0x47ec mprotect addr=0x722e60499000 len=0x1000 prot=0x7
[TRACE] caller=driver+0x47ec mprotect addr=0x722e60499000 len=0x1000 prot=0x7
[TRACE] caller=driver+0x47ec mprotect addr=0x722e60499000 len=0x1000 prot=0x7
[TRACE] caller=driver+0x47ec mprotect addr=0x722e60499000 len=0x1000 prot=0x7
[TRACE] caller=driver+0x47ec mprotect addr=0x722e60499000 len=0x1000 prot=0x7
[TRACE] caller=driver+0x47ec mprotect addr=0x722e6049a000 len=0x1000 prot=0x7
[TRACE] caller=driver+0x47ec mprotect addr=0x722e6049a000 len=0x1000 prot=0x7
[TRACE] caller=driver+0x47ec mprotect addr=0x722e6049a000 len=0x1000 prot=0x7
[TRACE] caller=driver+0x47ec mprotect addr=0x722e6049a000 len=0x1000 prot=0x7
[TRACE] caller=driver+0x47ec mprotect addr=0x722e6049b000 len=0x1000 prot=0x7
[TRACE] caller=driver+0x47ec mprotect addr=0x722e6049b000 len=0x1000 prot=0x7
[TRACE] caller=driver+0x47ec mprotect addr=0x722e6049b000 len=0x1000 prot=0x7
[TRACE] caller=driver+0x47ec mprotect addr=0x722e6049c000 len=0x1000 prot=0x7
[TRACE] caller=driver+0x47ec mprotect addr=0x722e6049c000 len=0x1000 prot=0x7
[TRACE] caller=driver+0x47ec mprotect addr=0x722e6049c000 len=0x1000 prot=0x7
[TRACE] caller=driver+0x47ec mprotect addr=0x722e6049c000 len=0x1000 prot=0x7
[TRACE] caller=driver+0x47ec mprotect addr=0x722e6049d000 len=0x1000 prot=0x7
[TRACE] caller=driver+0x47ec mprotect addr=0x722e6049d000 len=0x1000 prot=0x7
[TRACE] caller=driver+0x47ec mprotect addr=0x722e6049d000 len=0x1000 prot=0x7
[TRACE] caller=driver+0x47ec mprotect addr=0x722e6049d000 len=0x1000 prot=0x7
[TRACE] caller=driver+0x47ec mprotect addr=0x722e6049d000 len=0x1000 prot=0x7
[TRACE] caller=driver+0x47ec mprotect addr=0x722e6049d000 len=0x1000 prot=0x7
[TRACE] caller=driver+0x47ec mprotect addr=0x722e6049e000 len=0x1000 prot=0x7
[TRACE] caller=driver+0x47ec mprotect addr=0x722e6049e000 len=0x1000 prot=0x7
[TRACE] caller=driver+0x47ec mprotect addr=0x722e6049e000 len=0x1000 prot=0x7
[TRACE] caller=driver+0x47ec mprotect addr=0x722e6049e000 len=0x1000 prot=0x7
[TRACE] caller=driver+0x47ec mprotect addr=0x722e6049e000 len=0x1000 prot=0x7
[TRACE] caller=driver+0x47ec mprotect addr=0x722e6049f000 len=0x1000 prot=0x7
[TRACE] caller=driver+0x47ec mprotect addr=0x722e6049f000 len=0x1000 prot=0x7
[TRACE] caller=driver+0x47ec mprotect addr=0x722e6049f000 len=0x1000 prot=0x7
[TRACE] caller=driver+0x47ec mprotect addr=0x722e604a0000 len=0x1000 prot=0x7
[TRACE] caller=driver+0x47ec mprotect addr=0x722e604a0000 len=0x1000 prot=0x7
[TRACE] caller=driver+0x47ec mprotect addr=0x722e604a0000 len=0x1000 prot=0x7
[TRACE] caller=driver+0x47ec mprotect addr=0x722e604a0000 len=0x1000 prot=0x7
[TRACE] caller=driver+0x47ec mprotect addr=0x722e604a1000 len=0x1000 prot=0x7
[TRACE] caller=driver+0x47ec mprotect addr=0x722e604a1000 len=0x1000 prot=0x7
[TRACE] caller=driver+0x47ec mprotect addr=0x722e604a1000 len=0x1000 prot=0x7
[TRACE] caller=driver+0x47ec mprotect addr=0x722e604a1000 len=0x1000 prot=0x7
[TRACE] caller=driver+0x47ec mprotect addr=0x722e604a2000 len=0x1000 prot=0x7
[TRACE] caller=driver+0x47ec mprotect addr=0x722e604a2000 len=0x1000 prot=0x7
[TRACE] caller=driver+0x47ec mprotect addr=0x722e604a2000 len=0x1000 prot=0x7
[TRACE] caller=driver+0x47ec mprotect addr=0x722e604a3000 len=0x1000 prot=0x7
[TRACE] caller=driver+0x47ec mprotect addr=0x722e604a3000 len=0x1000 prot=0x7
[TRACE] caller=driver+0x47ec mprotect addr=0x722e604a3000 len=0x1000 prot=0x7
[TRACE] caller=driver+0x47ec mprotect addr=0x722e604a3000 len=0x1000 prot=0x7
[TRACE] caller=driver+0x47ec mprotect addr=0x722e604a4000 len=0x1000 prot=0x7
[TRACE] caller=driver+0x47ec mprotect addr=0x722e604a4000 len=0x1000 prot=0x7
[TRACE] caller=driver+0x47ec mprotect addr=0x722e604a4000 len=0x1000 prot=0x7
[TRACE] caller=driver+0x47ec mprotect addr=0x722e604a5000 len=0x1000 prot=0x7
[TRACE] caller=driver+0x47ec mprotect addr=0x722e604a5000 len=0x1000 prot=0x7
[TRACE] caller=driver+0x47ec mprotect addr=0x722e604a5000 len=0x1000 prot=0x7
[TRACE] caller=driver+0x47ec mprotect addr=0x722e604a6000 len=0x1000 prot=0x7
[TRACE] caller=driver+0x47ec mprotect addr=0x722e604a6000 len=0x1000 prot=0x7
[TRACE] caller=driver+0x47ec mprotect addr=0x722e604a6000 len=0x1000 prot=0x7
[TRACE] caller=driver+0x47ec mprotect addr=0x722e604a6000 len=0x1000 prot=0x7
[TRACE] caller=driver+0x47ec mprotect addr=0x722e604a7000 len=0x1000 prot=0x7
[TRACE] caller=driver+0x47ec mprotect addr=0x722e604a7000 len=0x1000 prot=0x7
[TRACE] caller=driver+0x47ec mprotect addr=0x722e604a7000 len=0x1000 prot=0x7
[TRACE] caller=driver+0x47ec mprotect addr=0x722e604a7000 len=0x1000 prot=0x7
[TRACE] caller=driver+0x47ec mprotect addr=0x722e604a8000 len=0x1000 prot=0x7
[TRACE] caller=driver+0x47ec mprotect addr=0x722e604a8000 len=0x1000 prot=0x7
[TRACE] caller=driver+0x47ec mprotect addr=0x722e604a8000 len=0x1000 prot=0x7
[TRACE] caller=driver+0x47ec mprotect addr=0x722e604a8000 len=0x1000 prot=0x7
[TRACE] caller=driver+0x47ec mprotect addr=0x722e604a9000 len=0x1000 prot=0x7
[TRACE] caller=driver+0x47ec mprotect addr=0x722e604a9000 len=0x1000 prot=0x7
[TRACE] caller=driver+0x47ec mprotect addr=0x722e604a9000 len=0x1000 prot=0x7
[TRACE] caller=driver+0x47ec mprotect addr=0x722e604a9000 len=0x1000 prot=0x7
[TRACE] caller=driver+0x47ec mprotect addr=0x722e604aa000 len=0x1000 prot=0x7
[TRACE] caller=driver+0x47ec mprotect addr=0x722e604aa000 len=0x1000 prot=0x7
[TRACE] caller=driver+0x47ec mprotect addr=0x722e604aa000 len=0x1000 prot=0x7
[TRACE] caller=driver+0x47ec mprotect addr=0x722e604ab000 len=0x1000 prot=0x7
[TRACE] caller=driver+0x47ec mprotect addr=0x722e604ab000 len=0x1000 prot=0x7
[TRACE] caller=driver+0x47ec mprotect addr=0x722e604ab000 len=0x1000 prot=0x7
[TRACE] caller=driver+0x47ec mprotect addr=0x722e604ac000 len=0x1000 prot=0x7
[TRACE] caller=driver+0x47ec mprotect addr=0x722e604ac000 len=0x1000 prot=0x7
[TRACE] caller=driver+0x47ec mprotect addr=0x722e604ac000 len=0x1000 prot=0x7
[TRACE] caller=driver+0x47ec mprotect addr=0x722e604ac000 len=0x1000 prot=0x7
[TRACE] caller=driver+0x47ec mprotect addr=0x722e604ac000 len=0x1000 prot=0x7
[TRACE] caller=driver+0x47ec mprotect addr=0x722e604ad000 len=0x1000 prot=0x7
[TRACE] caller=driver+0x47ec mprotect addr=0x722e604ad000 len=0x1000 prot=0x7
[TRACE] caller=driver+0x47ec mprotect addr=0x722e604ad000 len=0x1000 prot=0x7
[TRACE] caller=driver+0x47ec mprotect addr=0x722e604ad000 len=0x1000 prot=0x7
[TRACE] caller=driver+0x47ec mprotect addr=0x722e604ad000 len=0x1000 prot=0x7
[TRACE] caller=driver+0x47ec mprotect addr=0x722e604ae000 len=0x1000 prot=0x7
[TRACE] caller=driver+0x47ec mprotect addr=0x722e604ae000 len=0x1000 prot=0x7
[TRACE] caller=driver+0x47ec mprotect addr=0x722e604ae000 len=0x1000 prot=0x7
[TRACE] caller=driver+0x47ec mprotect addr=0x722e604ae000 len=0x1000 prot=0x7
[TRACE] caller=driver+0x47ec mprotect addr=0x722e604af000 len=0x1000 prot=0x7
[TRACE] caller=driver+0x47ec mprotect addr=0x722e604af000 len=0x1000 prot=0x7
[TRACE] caller=driver+0x47ec mprotect addr=0x722e604af000 len=0x1000 prot=0x7
[TRACE] caller=driver+0x47ec mprotect addr=0x722e604af000 len=0x1000 prot=0x7
[TRACE] caller=driver+0x47ec mprotect addr=0x722e604b0000 len=0x1000 prot=0x7
[TRACE] caller=driver+0x47ec mprotect addr=0x722e604b0000 len=0x1000 prot=0x7
[TRACE] caller=driver+0x47ec mprotect addr=0x722e604b0000 len=0x1000 prot=0x7
[TRACE] caller=driver+0x47ec mprotect addr=0x722e604b0000 len=0x1000 prot=0x7
[TRACE] caller=driver+0x47ec mprotect addr=0x722e604b1000 len=0x1000 prot=0x7
[TRACE] caller=driver+0x47ec mprotect addr=0x722e604b1000 len=0x1000 prot=0x7
[TRACE] caller=driver+0x47ec mprotect addr=0x722e604b1000 len=0x1000 prot=0x7
[TRACE] caller=driver+0x47ec mprotect addr=0x722e604b1000 len=0x1000 prot=0x7
[TRACE] caller=driver+0x47ec mprotect addr=0x722e604b1000 len=0x1000 prot=0x7
[TRACE] caller=driver+0x47ec mprotect addr=0x722e604b2000 len=0x1000 prot=0x7
[TRACE] caller=driver+0x47ec mprotect addr=0x722e604b2000 len=0x1000 prot=0x7
[TRACE] caller=driver+0x47ec mprotect addr=0x722e604b3000 len=0x1000 prot=0x7
[TRACE] caller=driver+0x47ec mprotect addr=0x722e604b3000 len=0x1000 prot=0x7
[TRACE] caller=driver+0x47ec mprotect addr=0x722e604b3000 len=0x1000 prot=0x7
[TRACE] caller=driver+0x47ec mprotect addr=0x722e604b3000 len=0x1000 prot=0x7
[TRACE] caller=driver+0x47ec mprotect addr=0x722e604b4000 len=0x1000 prot=0x7
[TRACE] caller=driver+0x47ec mprotect addr=0x722e604b4000 len=0x1000 prot=0x7
[TRACE] caller=driver+0x47ec mprotect addr=0x722e604b4000 len=0x1000 prot=0x7
[TRACE] caller=driver+0x47ec mprotect addr=0x722e604b4000 len=0x1000 prot=0x7
[TRACE] caller=driver+0x47ec mprotect addr=0x722e604b4000 len=0x1000 prot=0x7
[TRACE] caller=driver+0x47ec mprotect addr=0x722e604b5000 len=0x1000 prot=0x7
[TRACE] caller=driver+0x47ec mprotect addr=0x722e604b5000 len=0x1000 prot=0x7
[TRACE] caller=driver+0x47ec mprotect addr=0x722e604b5000 len=0x1000 prot=0x7
[TRACE] caller=driver+0x47ec mprotect addr=0x722e604b6000 len=0x1000 prot=0x7
[TRACE] caller=driver+0x47ec mprotect addr=0x722e604b6000 len=0x1000 prot=0x7
[TRACE] caller=driver+0x47ec mprotect addr=0x722e604b6000 len=0x1000 prot=0x7
[TRACE] caller=driver+0x47ec mprotect addr=0x722e604b6000 len=0x1000 prot=0x7
[TRACE] caller=driver+0x47ec mprotect addr=0x722e604b6000 len=0x1000 prot=0x7
[TRACE] caller=driver+0x47ec mprotect addr=0x722e604b7000 len=0x1000 prot=0x7
[TRACE] caller=driver+0x47ec mprotect addr=0x722e604b7000 len=0x1000 prot=0x7
[TRACE] caller=driver+0x47ec mprotect addr=0x722e604b7000 len=0x1000 prot=0x7
[TRACE] caller=driver+0x47ec mprotect addr=0x722e604b7000 len=0x1000 prot=0x7
[TRACE] caller=driver+0x47ec mprotect addr=0x722e604b8000 len=0x1000 prot=0x7
[TRACE] caller=driver+0x47ec mprotect addr=0x722e604b8000 len=0x1000 prot=0x7
[TRACE] caller=driver+0x47ec mprotect addr=0x722e604b8000 len=0x1000 prot=0x7
[TRACE] caller=driver+0x47ec mprotect addr=0x722e604b8000 len=0x1000 prot=0x7
[TRACE] caller=driver+0x47ec mprotect addr=0x722e604b8000 len=0x1000 prot=0x7
[TRACE] caller=driver+0x47ec mprotect addr=0x722e604b9000 len=0x1000 prot=0x7
[TRACE] caller=driver+0x47ec mprotect addr=0x722e604b9000 len=0x1000 prot=0x7
[TRACE] caller=driver+0x47ec mprotect addr=0x722e604ba000 len=0x1000 prot=0x7
[TRACE] caller=driver+0x47ec mprotect addr=0x722e604ba000 len=0x1000 prot=0x7
[TRACE] caller=driver+0x47ec mprotect addr=0x722e604ba000 len=0x1000 prot=0x7
[TRACE] caller=driver+0x47ec mprotect addr=0x722e604bb000 len=0x1000 prot=0x7
[TRACE] caller=driver+0x47ec mprotect addr=0x722e604bb000 len=0x1000 prot=0x7
[TRACE] caller=driver+0x47ec mprotect addr=0x722e604bc000 len=0x1000 prot=0x7
[TRACE] caller=driver+0x47ec mprotect addr=0x722e604bc000 len=0x1000 prot=0x7
[TRACE] caller=driver+0x47ec mprotect addr=0x722e604bc000 len=0x1000 prot=0x7
[TRACE] caller=driver+0x47ec mprotect addr=0x722e604bc000 len=0x1000 prot=0x7
[TRACE] caller=driver+0x47ec mprotect addr=0x722e604bc000 len=0x1000 prot=0x7
[TRACE] caller=driver+0x47ec mprotect addr=0x722e604bc000 len=0x1000 prot=0x7
[TRACE] caller=driver+0x47ec mprotect addr=0x722e604bd000 len=0x1000 prot=0x7
[TRACE] caller=driver+0x47ec mprotect addr=0x722e604bd000 len=0x1000 prot=0x7
[TRACE] caller=driver+0x47ec mprotect addr=0x722e604bd000 len=0x1000 prot=0x7
[TRACE] caller=driver+0x47ec mprotect addr=0x722e604be000 len=0x1000 prot=0x7
[TRACE] caller=driver+0x47ec mprotect addr=0x722e604be000 len=0x1000 prot=0x7
[TRACE] caller=driver+0x47ec mprotect addr=0x722e604be000 len=0x1000 prot=0x7
[TRACE] caller=driver+0x47ec mprotect addr=0x722e604bf000 len=0x1000 prot=0x7
[TRACE] caller=driver+0x47ec mprotect addr=0x722e604bf000 len=0x1000 prot=0x7
[TRACE] caller=driver+0x47ec mprotect addr=0x722e604bf000 len=0x1000 prot=0x7
[TRACE] caller=driver+0x47ec mprotect addr=0x722e604bf000 len=0x1000 prot=0x7
[TRACE] caller=driver+0x47ec mprotect addr=0x722e604bf000 len=0x1000 prot=0x7
[TRACE] caller=driver+0x47ec mprotect addr=0x722e604bf000 len=0x1000 prot=0x7
[TRACE] caller=driver+0x47ec mprotect addr=0x722e604c0000 len=0x1000 prot=0x7
[TRACE] caller=driver+0x47ec mprotect addr=0x722e604c0000 len=0x1000 prot=0x7
[TRACE] caller=driver+0x47ec mprotect addr=0x722e604c0000 len=0x1000 prot=0x7
[TRACE] caller=driver+0x47ec mprotect addr=0x722e604c0000 len=0x1000 prot=0x7
[TRACE] caller=driver+0x47ec mprotect addr=0x722e604c1000 len=0x1000 prot=0x7
[TRACE] caller=driver+0x47ec mprotect addr=0x722e604c1000 len=0x1000 prot=0x7
[TRACE] caller=driver+0x47ec mprotect addr=0x722e604c1000 len=0x1000 prot=0x7
[TRACE] caller=driver+0x47ec mprotect addr=0x722e604c1000 len=0x1000 prot=0x7
[TRACE] caller=driver+0x47ec mprotect addr=0x722e604c2000 len=0x1000 prot=0x7
[TRACE] caller=driver+0x47ec mprotect addr=0x722e604c2000 len=0x1000 prot=0x7
[TRACE] caller=driver+0x47ec mprotect addr=0x722e604c3000 len=0x1000 prot=0x7
[TRACE] caller=driver+0x47ec mprotect addr=0x722e604c3000 len=0x1000 prot=0x7
[DRIVER] dispatch trace enabled base=0x722e60400000 dispatch_sites=2 limit=1 detail=0 tail=1 tail_regs=1 tail_scratch=1 tail_mem=0 tail_limit=320 tail_sites=311 scratch_offsets=26 read_ranges=54 focus_ips=80 focus_sites=0 stop_after_matches=0 dispatch_focus_sites=0 dispatch_stop_after_matches=0 probe=0 probe_sites=0 probe_limit=4096 probe_stop_after_matches=0
[DRIVER] dispatch site +0xc80b9
[DRIVER] dispatch site +0xcdac7
[DRIVER] tail site +0x8173b -> rax
[DRIVER] tail site +0x8a49b -> r8
[DRIVER] tail site +0x9a46b -> r9
[DRIVER] tail site +0x9b0c5 -> r10
[DRIVER] tail site +0x9b687 -> r14
[DRIVER] tail site +0xb86f5 -> r13
[DRIVER] tail site +0xbb8a8 -> rax
[DRIVER] tail site +0xbba0c -> r12
[DRIVER] tail site +0xc240d -> rdx
[DRIVER] tail site +0x9c3f4 -> r13
[DRIVER] tail site +0xa0068 -> r10
[DRIVER] tail site +0xb265e -> r10
[DRIVER] tail site +0xb708a -> r12
[DRIVER] tail site +0xc2d35 -> rbx
[DRIVER] tail site +0x78833 -> rdx
[DRIVER] tail site +0x78c74 -> r12
[DRIVER] tail site +0x792f5 -> r15
[DRIVER] tail site +0x79672 -> r10
[DRIVER] tail site +0x799c4 -> r14
[DRIVER] tail site +0x79da1 -> rax
[DRIVER] tail site +0x7a04c -> r8
[DRIVER] tail site +0x7a4d6 -> rdx
[DRIVER] tail site +0x7acd6 -> rsi
[DRIVER] tail site +0x7aee6 -> rax
[DRIVER] tail site +0x7b3bb -> r12
[DRIVER] tail site +0x7b6c9 -> rbx
[DRIVER] tail site +0x7bae7 -> rdx
[DRIVER] tail site +0x7be98 -> r14
[DRIVER] tail site +0x7c308 -> rsi
[DRIVER] tail site +0x7c628 -> r12
[DRIVER] tail site +0x7ca96 -> rcx
[DRIVER] tail site +0x7d004 -> r14
[DRIVER] tail site +0x7d5e9 -> r9
[DRIVER] tail site +0x7d93f -> rcx
[DRIVER] tail site +0x7dbb8 -> r12
[DRIVER] tail site +0x7dfbd -> rdi
[DRIVER] tail site +0x7e38d -> r10
[DRIVER] tail site +0x7e7ca -> r11
[DRIVER] tail site +0x7ecd0 -> rdi
[DRIVER] tail site +0x7efa6 -> rax
[DRIVER] tail site +0x7f7c1 -> r8
[DRIVER] tail site +0x7fba1 -> rdi
[DRIVER] tail site +0x7fd4a -> r13
[DRIVER] tail site +0x8009e -> r8
[DRIVER] tail site +0x80682 -> r15
[DRIVER] tail site +0x80d77 -> rdx
[DRIVER] tail site +0x80ef3 -> r8
[DRIVER] tail site +0x8115a -> r9
[DRIVER] tail site +0x8129b -> rcx
[DRIVER] tail site +0x815e7 -> r15
[DRIVER] tail site +0x81b7c -> r8
[DRIVER] tail site +0x81f2c -> rbx
[DRIVER] tail site +0x820df -> rcx
[DRIVER] tail site +0x822b9 -> r9
[DRIVER] tail site +0x82474 -> r11
[DRIVER] tail site +0x8281e -> rdx
[DRIVER] tail site +0x82e73 -> r8
[DRIVER] tail site +0x833c5 -> rdx
[DRIVER] tail site +0x8371b -> rcx
[DRIVER] tail site +0x83b3d -> r12
[DRIVER] tail site +0x83e73 -> r9
[DRIVER] tail site +0x841f6 -> r14
[DRIVER] tail site +0x84289 -> r9
[DRIVER] tail site +0x84593 -> r11
[DRIVER] tail site +0x84760 -> rdx
[DRIVER] tail site +0x84aa0 -> r8
[DRIVER] tail site +0x84e1b -> rax
[DRIVER] tail site +0x85056 -> r9
[DRIVER] tail site +0x8536e -> r13
[DRIVER] tail site +0x855fc -> r13
[DRIVER] tail site +0x859f9 -> r8
[DRIVER] tail site +0x85b87 -> rax
[DRIVER] tail site +0x85f22 -> rsi
[DRIVER] tail site +0x86763 -> r8
[DRIVER] tail site +0x868bb -> rsi
[DRIVER] tail site +0x86be2 -> rdx
[DRIVER] tail site +0x86d40 -> r13
[DRIVER] tail site +0x873fa -> rsi
[DRIVER] tail site +0x87c25 -> r14
[DRIVER] tail site +0x8812f -> rdi
[DRIVER] tail site +0x883be -> rbx
[DRIVER] tail site +0x88a55 -> r10
[DRIVER] tail site +0x8920b -> r15
[DRIVER] tail site +0x89478 -> r8
[DRIVER] tail site +0x89839 -> rdi
[DRIVER] tail site +0x89b35 -> rsi
[DRIVER] tail site +0x8a37d -> rdi
[DRIVER] tail site +0x8aa11 -> r14
[DRIVER] tail site +0x8b026 -> rsi
[DRIVER] tail site +0x8b332 -> rcx
[DRIVER] tail site +0x8b6db -> r12
[DRIVER] tail site +0x8b8c9 -> rdx
[DRIVER] tail site +0x8bcec -> r13
[DRIVER] tail site +0x8c41a -> rbx
[DRIVER] tail site +0x8c5b7 -> rdi
[DRIVER] tail site +0x8c8e9 -> r11
[DRIVER] tail site +0x8cc7f -> rax
[DRIVER] tail site +0x8ceb2 -> rdi
[DRIVER] tail site +0x8d71b -> rcx
[DRIVER] tail site +0x8df99 -> r11
[DRIVER] tail site +0x8e2ed -> rcx
[DRIVER] tail site +0x8e6b2 -> rsi
[DRIVER] tail site +0x8eb77 -> rdx
[DRIVER] tail site +0x8eef1 -> r9
[DRIVER] tail site +0x8f248 -> r9
[DRIVER] tail site +0x8f6cf -> rcx
[DRIVER] tail site +0x8f831 -> r8
[DRIVER] tail site +0x8faea -> rdi
[DRIVER] tail site +0x9026c -> r9
[DRIVER] tail site +0x90893 -> rdi
[DRIVER] tail site +0x90a18 -> r12
[DRIVER] tail site +0x90c21 -> rax
[DRIVER] tail site +0x90eb9 -> r11
[DRIVER] tail site +0x91067 -> r11
[DRIVER] tail site +0x91377 -> rbx
[DRIVER] tail site +0x9170b -> rdx
[DRIVER] tail site +0x91a57 -> rdx
[DRIVER] tail site +0x91e7f -> rdx
[DRIVER] tail site +0x922c1 -> r12
[DRIVER] tail site +0x92612 -> r14
[DRIVER] tail site +0x92998 -> r14
[DRIVER] tail site +0x92f1f -> rdx
[DRIVER] tail site +0x931d0 -> r11
[DRIVER] tail site +0x937cd -> r13
[DRIVER] tail site +0x93f76 -> r14
[DRIVER] tail site +0x94475 -> r11
[DRIVER] tail site +0x94619 -> rdx
[DRIVER] tail site +0x94970 -> r13
[DRIVER] tail site +0x94c38 -> rax
[DRIVER] tail site +0x94ddc -> r15
[DRIVER] tail site +0x951c0 -> rsi
[DRIVER] tail site +0x953af -> rsi
[DRIVER] tail site +0x957d6 -> r11
[DRIVER] tail site +0x95b59 -> r8
[DRIVER] tail site +0x9634f -> r12
[DRIVER] tail site +0x96915 -> r12
[DRIVER] tail site +0x96b6b -> r12
[DRIVER] tail site +0x96eb1 -> r14
[DRIVER] tail site +0x9730e -> r10
[DRIVER] tail site +0x97689 -> r11
[DRIVER] tail site +0x979a8 -> r13
[DRIVER] tail site +0x97ce3 -> r9
[DRIVER] tail site +0x980a9 -> rax
[DRIVER] tail site +0x98351 -> r13
[DRIVER] tail site +0x98a98 -> rdi
[DRIVER] tail site +0x99026 -> r9
[DRIVER] tail site +0x992ca -> r13
[DRIVER] tail site +0x994cc -> r11
[DRIVER] tail site +0x99757 -> r8
[DRIVER] tail site +0x99b3a -> rax
[DRIVER] tail site +0x99e1e -> r15
[DRIVER] tail site +0x9a249 -> r14
[DRIVER] tail site +0x9a8cf -> r12
[DRIVER] tail site +0x9aa81 -> rdx
[DRIVER] tail site +0x9af16 -> rdi
[DRIVER] tail site +0x9b4b0 -> r10
[DRIVER] tail site +0x9ba72 -> rsi
[DRIVER] tail site +0x9bd8c -> r11
[DRIVER] tail site +0x9c08c -> r15
[DRIVER] tail site +0x9c748 -> rcx
[DRIVER] tail site +0x9ca8a -> r9
[DRIVER] tail site +0x9cf2f -> r12
[DRIVER] tail site +0x9d13d -> rdx
[DRIVER] tail site +0x9d24a -> rax
[DRIVER] tail site +0x9d492 -> r15
[DRIVER] tail site +0x9d692 -> rcx
[DRIVER] tail site +0x9d961 -> r13
[DRIVER] tail site +0x9dcab -> r10
[DRIVER] tail site +0x9e07a -> r8
[DRIVER] tail site +0x9e333 -> r10
[DRIVER] tail site +0x9e7ac -> r9
[DRIVER] tail site +0x9eac9 -> rdx
[DRIVER] tail site +0x9ede7 -> rax
[DRIVER] tail site +0x9f007 -> r15
[DRIVER] tail site +0x9f779 -> r14
[DRIVER] tail site +0x9faa2 -> rbx
[DRIVER] tail site +0xa037b -> r8
[DRIVER] tail site +0xa062e -> r14
[DRIVER] tail site +0xa0a9c -> rax
[DRIVER] tail site +0xa0dc7 -> r10
[DRIVER] tail site +0xa13d3 -> r10
[DRIVER] tail site +0xa1936 -> r12
[DRIVER] tail site +0xa1a92 -> r12
[DRIVER] tail site +0xa1ecd -> rbx
[DRIVER] tail site +0xa235e -> r14
[DRIVER] tail site +0xa2933 -> rbx
[DRIVER] tail site +0xa2da1 -> rdi
[DRIVER] tail site +0xa35dd -> r13
[DRIVER] tail site +0xa3a49 -> rdx
[DRIVER] tail site +0xa3dc4 -> r14
[DRIVER] tail site +0xa3fe7 -> rdx
[DRIVER] tail site +0xa4606 -> r13
[DRIVER] tail site +0xa4a5e -> r14
[DRIVER] tail site +0xa4df4 -> r14
[DRIVER] tail site +0xa5178 -> r12
[DRIVER] tail site +0xa5886 -> r10
[DRIVER] tail site +0xa5f3a -> rdi
[DRIVER] tail site +0xa646d -> r13
[DRIVER] tail site +0xa68bf -> r10
[DRIVER] tail site +0xa6af6 -> r14
[DRIVER] tail site +0xa6e53 -> rdx
[DRIVER] tail site +0xa71fb -> r8
[DRIVER] tail site +0xa757c -> r11
[DRIVER] tail site +0xa7999 -> rdi
[DRIVER] tail site +0xa7ef6 -> rsi
[DRIVER] tail site +0xa81c1 -> r12
[DRIVER] tail site +0xa844e -> rdi
[DRIVER] tail site +0xa87b4 -> rbx
[DRIVER] tail site +0xa8e1d -> rsi
[DRIVER] tail site +0xa94a3 -> rdx
[DRIVER] tail site +0xa991c -> rdx
[DRIVER] tail site +0xa9cf4 -> r8
[DRIVER] tail site +0xa9ff7 -> r8
[DRIVER] tail site +0xaa87a -> r13
[DRIVER] tail site +0xaab67 -> r8
[DRIVER] tail site +0xaaf3c -> rsi
[DRIVER] tail site +0xab13e -> r14
[DRIVER] tail site +0xab424 -> r12
[DRIVER] tail site +0xabc56 -> r9
[DRIVER] tail site +0xac10e -> rdx
[DRIVER] tail site +0xac43d -> r11
[DRIVER] tail site +0xac7ff -> r11
[DRIVER] tail site +0xacbc3 -> rbx
[DRIVER] tail site +0xacefb -> rsi
[DRIVER] tail site +0xad329 -> r8
[DRIVER] tail site +0xad766 -> rsi
[DRIVER] tail site +0xad847 -> rdi
[DRIVER] tail site +0xadbfa -> r9
[DRIVER] tail site +0xadf29 -> r14
[DRIVER] tail site +0xae32f -> r11
[DRIVER] tail site +0xae909 -> rbx
[DRIVER] tail site +0xaeda0 -> rcx
[DRIVER] tail site +0xaeeff -> r12
[DRIVER] tail site +0xaf26a -> r13
[DRIVER] tail site +0xaf4cc -> r13
[DRIVER] tail site +0xaf8ac -> r8
[DRIVER] tail site +0xafa1d -> rdx
[DRIVER] tail site +0xb0005 -> rax
[DRIVER] tail site +0xb0458 -> r15
[DRIVER] tail site +0xb092e -> rax
[DRIVER] tail site +0xb0e2d -> r12
[DRIVER] tail site +0xb11c7 -> r15
[DRIVER] tail site +0xb1545 -> r9
[DRIVER] tail site +0xb180b -> r11
[DRIVER] tail site +0xb1b2a -> r15
[DRIVER] tail site +0xb1fd3 -> rax
[DRIVER] tail site +0xb2340 -> rdi
[DRIVER] tail site +0xb2db4 -> rdx
[DRIVER] tail site +0xb3125 -> r12
[DRIVER] tail site +0xb360f -> r8
[DRIVER] tail site +0xb3799 -> rdi
[DRIVER] tail site +0xb3ff1 -> r9
[DRIVER] tail site +0xb42df -> r12
[DRIVER] tail site +0xb45cf -> r10
[DRIVER] tail site +0xb497e -> rdi
[DRIVER] tail site +0xb4bfe -> rdx
[DRIVER] tail site +0xb4eda -> r11
[DRIVER] tail site +0xb540d -> rdx
[DRIVER] tail site +0xb593d -> rbx
[DRIVER] tail site +0xb5d7a -> rcx
[DRIVER] tail site +0xb60dd -> r14
[DRIVER] tail site +0xb625a -> r15
[DRIVER] tail site +0xb64d5 -> rsi
[DRIVER] tail site +0xb68ff -> r13
[DRIVER] tail site +0xb6bb7 -> r10
[DRIVER] tail site +0xb7583 -> r8
[DRIVER] tail site +0xb7699 -> r12
[DRIVER] tail site +0xb78ad -> r9
[DRIVER] tail site +0xb7bb8 -> rax
[DRIVER] tail site +0xb8062 -> rbx
[DRIVER] tail site +0xb837a -> rcx
[DRIVER] tail site +0xb84a4 -> r10
[DRIVER] tail site +0xb8b3f -> r8
[DRIVER] tail site +0xb8fcc -> r14
[DRIVER] tail site +0xb944f -> rcx
[DRIVER] tail site +0xb9878 -> r12
[DRIVER] tail site +0xba0cc -> rax
[DRIVER] tail site +0xba680 -> r15
[DRIVER] tail site +0xbada2 -> r8
[DRIVER] tail site +0xbb1db -> rsi
[DRIVER] tail site +0xbb6e3 -> r8
[DRIVER] tail site +0xbc06b -> rdi
[DRIVER] tail site +0xbc31d -> r13
[DRIVER] tail site +0xbc464 -> rcx
[DRIVER] tail site +0xbc673 -> r11
[DRIVER] tail site +0xbc9b6 -> rdx
[DRIVER] tail site +0xbcfc5 -> r15
[DRIVER] tail site +0xbd36a -> r13
[DRIVER] tail site +0xbd8ad -> rsi
[DRIVER] tail site +0xbdd16 -> rcx
[DRIVER] tail site +0xbe55b -> rdx
[DRIVER] tail site +0xbe8ca -> r11
[DRIVER] tail site +0xbec0b -> r10
[DRIVER] tail site +0xbf126 -> rbx
[DRIVER] tail site +0xbf2d3 -> rsi
[DRIVER] tail site +0xbf433 -> rdx
[DRIVER] tail site +0xbf886 -> r15
[DRIVER] tail site +0xbfb96 -> r13
[DRIVER] tail site +0xbff68 -> rsi
[DRIVER] tail site +0xc02e2 -> rdi
[DRIVER] tail site +0xc0532 -> r14
[DRIVER] tail site +0xc088b -> rsi
[DRIVER] tail site +0xc0d7b -> rdi
[DRIVER] tail site +0xc1409 -> rsi
[DRIVER] tail site +0xc1923 -> r13
[DRIVER] tail site +0xc1d46 -> rdi
[DRIVER] tail site +0xc1ec2 -> rsi
[DRIVER] tail site +0xc21c0 -> r10
[DRIVER] tail site +0xc2917 -> r9
[DRIVER] tail site +0xc3403 -> r13
[DRIVER] tail site +0xc3716 -> rbx
[DRIVER] call x(buf=0x624de4e03010,len=0x800,mode=1,out=0x624de4e03820)
[DISPATCH] site=0xc80b9 count=1 slot=0x722e604c39c8 slot_off=0xc39c8 idx=0x2b0 frame=0x722e6047836d frame_off=0x7836d vm_ip=0x722e6066cd71 vm_ip_off=0x26cd71 vm_flags=0x0 vm_state=0x0 vm_byte=0x0 target=0x722e6048a37f target_off=0x8a37f
[TRACE] caller=eac.elf+0x4c000b fopen path=/dev/urandom mode=rb
[TRACE] caller=eac.elf+0x4c000b fopen path=/dev/urandom mode=rb
[TRACE] caller=eac.elf+0x3376ac open path=/proc/1515731/comm flags=0x0
[TRACE] caller=eac.elf+0x334271 open path=/proc/1515731/cmdline flags=0x0
[TRACE] caller=eac.elf+0x33ae27 open path=/proc/1515731/status flags=0x0
[TRACE] caller=eac.elf+0x33d5f1 open path=/proc/self/maps flags=0x0
[DISPATCH] site=0xcdac7 count=1 slot=0x722e604c4130 slot_off=0xc4130 idx=0xa18 frame=0x722e6047836d frame_off=0x7836d vm_ip=0x722e6073f278 vm_ip_off=0x33f278 vm_flags=0xd56bbddf vm_state=0xbffcd2b0 vm_byte=0x3a target=0x722e604bb6e6 target_off=0xbb6e6
[TRACE] caller=eac.elf+0x58b24 open path=/proc/mounts flags=0x0
[TRACE] caller=eac.elf+0x36a519 open path=/sys/devices/virtual/dmi/id/board_name flags=0x0
[TRACE] caller=eac.elf+0x36e0cf open path=/sys/devices/virtual/dmi/id/product_name flags=0x0
[TRACE] caller=eac.elf+0x3722d8 fopen path=/proc/bus/pci/devices mode=r
[VMTAIL] site=0xafa1d count=1 frame=0x722e6047836d frame_off=0x7836d vm_ip=0x722e6051de9f vm_ip_off=0x11de9f vm_flags=0x5decfc86 vm_state=0x82000010 vm_byte=0x50 table=0x722e604c3718 table_off=0xc3718 rax=0x0 rbx=0x0 rcx=0x722de06565bd rdx=0x722e6049b4b3 rsi=0x56 rdi=0xb2549efb r8=0xbb82c r9=0x722e604af8af r10=0x722e60478377 r11=0x722e6047847c r12=0x722e60478377 r13=0x0 r14=0x66 r15=0x1 rbp=0x722e6047836d rsp=0x7ffdaa1b66c0 fs0x0=0x11946a67 fs0x12=0x7ffdaa1b618000 fs0x60=0x11946a68 fs0x68=0x7ffdaa1b65c7 fs0x71=0x1a44e4f0 fs0x81=0x722e46029f31 fs0xe1=0x3820000000000062 fs0x13d=0x246 fs0x16f=0x8200001001 fs0x1e8=0x7ffdaa1b66c0 fs0x13=0x7ffdaa1b6180 fs0x91=0x624de4e03010 fs0xab=0xc818a7724000ef92 fs0xb3=0x1 fs0xcb=0x722e61135000 fs0x19d=0x0 fs0x28=0x297 fs0x38=0x624da8754dc8 fs0x79=0x624de4e1c fs0x89=0x1e1 fs0x99=0x1e0 fs0xd3=0x0 fs0x107=0x624de4e03820 fs0x123=0x7ffdaa1b69d8 fs0x128=0x7f fs0x147=0x6 ip_w0=0x129 ip_w1=0xd631 ip_w2=0x17e6 ip_w3=0x592 ip_w4=0x6cfe ip_w5=0xac7e ip_w6=0x9896 ip_w7=0xe802 ip_w8=0x6d01 ip_w9=0xffd1 ip_w10=0xa0b5 ip_w11=0x3dc3 ip_w12=0x1 ip_w13=0x53a ip_w14=0x917f ip_w15=0xf7a8 target=0x722e6049b4b3 target_off=0x9b4b3
[VMTAIL] site=0xb86f5 count=2 frame=0x722e6047836d frame_off=0x7836d vm_ip=0x722e6051e03e vm_ip_off=0x11e03e vm_flags=0x124e8db5 vm_state=0xff3d5e52 vm_byte=0x3a table=0x722e604c3718 table_off=0xc3718 rax=0x722e604c40c8 rbx=0x722e6051e03c rcx=0x722e6051df9a rdx=0xffffffffffffffe0 rsi=0x722e60478377 rdi=0x722e6047847c r8=0x0 r9=0x558 r10=0x0 r11=0x722e60468d56 r12=0x722e604c3c70 r13=0x722e6049b4b3 r14=0x722e6047847c r15=0x722e60478390 rbp=0x722e6047836d rsp=0x7ffdaa1b6628 fs0x0=0xda3b639 fs0x12=0x7ffdaa1b618000 fs0x60=0xffffffff991fb4c1 fs0x68=0x7ffdaa1b66c8 fs0x71=0x1a44e4f0 fs0x81=0x722e46029f31 fs0xe1=0x3820000000000062 fs0x13d=0x246 fs0x16f=0xff3d5e5201 fs0x1e8=0x7ffdaa1b6628 fs0x13=0x7ffdaa1b6180 fs0x91=0x624de4e03010 fs0xab=0xc818a7724000ef92 fs0xb3=0x1 fs0xcb=0x722e61135000 fs0x19d=0x0 fs0x28=0x297 fs0x38=0x624da8754dc8 fs0x79=0x624de4e1c fs0x89=0x1e1 fs0x99=0x1e0 fs0xd3=0x624de4e03820 fs0x107=0x624de4e03820 fs0x123=0x7ffdaa1b69d8 fs0x128=0x7f fs0x147=0x6 ip_w0=0x154 ip_w1=0x12ac ip_w2=0x99 ip_w3=0x6160 ip_w4=0xd48d ip_w5=0x285b ip_w6=0x53a ip_w7=0xe8d7 ip_w8=0x5801 ip_w9=0x8106 ip_w10=0x928f ip_w11=0xdbb7 ip_w12=0x740c ip_w13=0xf6ab ip_w14=0xf85c ip_w15=0x1e8 target=0x722e6049b4b3 target_off=0x9b4b3
[VMTAIL] site=0x7c308 count=3 frame=0x722e6047836d frame_off=0x7836d vm_ip=0x722e6051e15f vm_ip_off=0x11e15f vm_flags=0x7ad7bf7f vm_state=0x1d60 vm_byte=0x3a table=0x722e604c3718 table_off=0xc3718 rax=0x722e60478377 rbx=0x722e1fb8716d rcx=0x722e604bf435 rdx=0x852 rsi=0x722e604bf435 rdi=0x808 r8=0x200003a r9=0x2000018 r10=0x722e60478390 r11=0x722e604784dd r12=0x1 r13=0x722e604c41b8 r14=0x722e604784dd r15=0xffffffff80000020 rbp=0x722e6047836d rsp=0x7ffdaa1b66c0 fs0x0=0x6abb3e52 fs0x12=0x7ffdaa1b618000 fs0x60=0x6abb3e52 fs0x68=0x7ffdaa1b66c8 fs0x71=0x1a44e4ef fs0x81=0x722e46029f31 fs0xe1=0x3820000000000062 fs0x13d=0x246 fs0x16f=0x1d6001 fs0x1e8=0x7ffdaa1b66c0 fs0x13=0x7ffdaa1b6180 fs0x91=0x624de4e03010 fs0xab=0xc818a7724000ef92 fs0xb3=0x0 fs0xcb=0x722e61135000 fs0x19d=0x0 fs0x28=0x297 fs0x38=0x624da8754dc8 fs0x79=0x624de4e1c fs0x89=0x1e1 fs0x99=0x1e0 fs0xd3=0x624de4e03820 fs0x107=0x624de4e03820 fs0x123=0x7ffdaa1b69d8 fs0x128=0x7f fs0x147=0x6 ip_w0=0x6fdc ip_w1=0x68 ip_w2=0x887 ip_w3=0x447a ip_w4=0x1798 ip_w5=0x1e8 ip_w6=0x6637 ip_w7=0xd5f6 ip_w8=0x3d00 ip_w9=0x4b01 ip_w10=0x1712 ip_w11=0xd889 ip_w12=0x68b7 ip_w13=0xecfe ip_w14=0x94c ip_w15=0x4866 target=0x722e604bf435 target_off=0xbf435
[VMTAIL] site=0xb86f5 count=4 frame=0x722e6047836d frame_off=0x7836d vm_ip=0x722e6051e28a vm_ip_off=0x11e28a vm_flags=0x41103848 vm_state=0x41103848 vm_byte=0x3a table=0x722e604c3718 table_off=0xc3718 rax=0x722e604c40c8 rbx=0x722e6051e288 rcx=0x722e6051e1e6 rdx=0xffffffffffffffe0 rsi=0x722e60478377 rdi=0x722e6047847c r8=0x0 r9=0x558 r10=0x0 r11=0xffffffffffadf96b r12=0x722e604c3c70 r13=0x722e6049b4b3 r14=0x722e6047847c r15=0x722e60478390 rbp=0x722e6047836d rsp=0x7ffdaa1b6628 fs0x0=0xda3b639 fs0x12=0x624de4e030ec00 fs0x60=0x624df6749b53 fs0x68=0x7ffdaa1b66e0 fs0x71=0x624dff2515db fs0x81=0x722e46029e91 fs0xe1=0x3820000000000062 fs0x13d=0x246 fs0x16f=0x4110384801 fs0x1e8=0x7ffdaa1b6628 fs0x13=0x624de4e030ec fs0x91=0x624de4e03010 fs0xab=0xc818a7724000ef92 fs0xb3=0x624de4e030ec fs0xcb=0x722e61135000 fs0x19d=0x0 fs0x28=0x297 fs0x38=0x624da8754dc8 fs0x79=0x624de4e1c fs0x89=0x1e1 fs0x99=0x1e0 fs0xd3=0x624de4e03820 fs0x107=0x624de4e03820 fs0x123=0x7ffdaa1b69d8 fs0x128=0x7f fs0x147=0x6 ip_w0=0xbd ip_w1=0x99 ip_w2=0xefa4 ip_w3=0x14af ip_w4=0xffdc ip_w5=0xbd61 ip_w6=0xe8aa ip_w7=0xa401 ip_w8=0xc9 ip_w9=0x8802 ip_w10=0x7397 ip_w11=0x54a6 ip_w12=0xc615 ip_w13=0x8d91 ip_w14=0xcc02 ip_w15=0x1e8 target=0x722e6049b4b3 target_off=0x9b4b3
[VMTAIL] site=0x87c25 count=5 frame=0x722e6047836d frame_off=0x7836d vm_ip=0x722e6051e574 vm_ip_off=0x11e574 vm_flags=0xa53a794 vm_state=0x2060000 vm_byte=0x62 table=0x722e604c3718 table_off=0xc3718 rax=0x722e6051e39f rbx=0x722e6047847c rcx=0x0 rdx=0x722e604760dc rsi=0x1 rdi=0xe45cc095ffff r8=0x722f6047836c r9=0x722e604c3c01 r10=0x722e60478377 r11=0x1 r12=0x722e604876e7 r13=0x1d9 r14=0x722e6049a24c r15=0x528 rbp=0x722e6047836d rsp=0x7ffdaa1b66c0 fs0x0=0x6abb3e52 fs0x12=0x2e01 fs0x60=0x6abb3e52 fs0x68=0x7ffdaa1b66e0 fs0x71=0x1a44e4ef fs0x81=0x722e46029f31 fs0xe1=0x3820000000000062 fs0x13d=0x246 fs0x16f=0x206000001 fs0x1e8=0x7ffdaa1b66c0 fs0x13=0x2e fs0x91=0x624de4e03010 fs0xab=0xc818a7724000ef92 fs0xb3=0x0 fs0xcb=0x722e61135000 fs0x19d=0x722e609893eb fs0x28=0x297 fs0x38=0x624da8754dc8 fs0x79=0x624de4e1c fs0x89=0x1e1 fs0x99=0x1e0 fs0xd3=0x624de4e030ec fs0x107=0x624de4e03820 fs0x123=0x7ffdaa1b69d8 fs0x128=0x7f fs0x147=0x6 ip_w0=0x104 ip_w1=0xf15 ip_w2=0xbfc3 ip_w3=0x1e8 ip_w4=0x8f0e ip_w5=0xb791 ip_w6=0x80a2 ip_w7=0x6e78 ip_w8=0xb84f ip_w9=0xec8 ip_w10=0x61d2 ip_w11=0x57 ip_w12=0x13d ip_w13=0x2ac5 ip_w14=0x2bee ip_w15=0xdad8 target=0x722e6049a24c target_off=0x9a24c
[TRACE] caller=eac.elf+0x2d6ae getenv name=EAC_LAUNCHERDIR -> set
[VMTAIL] site=0xb86f5 count=6 frame=0x722e6047836d frame_off=0x7836d vm_ip=0x722e6051e6a3 vm_ip_off=0x11e6a3 vm_flags=0xffad2d50 vm_state=0xa6d60230 vm_byte=0x3a table=0x722e604c3718 table_off=0xc3718 rax=0x722e604c40c8 rbx=0x722e6051e6a1 rcx=0x722e6051e5ff rdx=0xffffffffffffffe0 rsi=0x722e60478377 rdi=0x722e6047847c r8=0x0 r9=0x528 r10=0x0 r11=0x722e60468d56 r12=0x722e604c3c40 r13=0x722e6049a24c r14=0x722e6047847c r15=0x722e60478390 rbp=0x722e6047836d rsp=0x7ffdaa1b6628 fs0x0=0xda3b639 fs0x12=0x7ffdaa1b672001 fs0x60=0x7ffd8ca2f2a1 fs0x68=0x7ffdaa1b6720 fs0x71=0x7ffdc4604c0f fs0x81=0x722e46029e91 fs0xe1=0x3820000000000062 fs0x13d=0x246 fs0x16f=0xa6d6023001 fs0x1e8=0x7ffdaa1b6628 fs0x13=0x7ffdaa1b6720 fs0x91=0x624de4e03010 fs0xab=0xc818a7724000ef92 fs0xb3=0x7ffdaa1b6720 fs0xcb=0x722e61135000 fs0x19d=0x722e609893eb fs0x28=0x297 fs0x38=0x624da8754dc8 fs0x79=0x624de4e1c fs0x89=0x1e1 fs0x99=0x1e0 fs0xd3=0x624de4e030ec fs0x107=0x624de4e03820 fs0x123=0x7ffdaa1b69d8 fs0x128=0x7f fs0x147=0x6 ip_w0=0x15b ip_w1=0x3c38 ip_w2=0x962 ip_w3=0xddb8 ip_w4=0xb6b5 ip_w5=0x8ad8 ip_w6=0xe892 ip_w7=0xd101 ip_w8=0xa0fa ip_w9=0xabcf ip_w10=0x8800 ip_w11=0xbdbb ip_w12=0x22a0 ip_w13=0xb38d ip_w14=0x1e8 ip_w15=0xf499 target=0x722e6049a24c target_off=0x9a24c
[VMTAIL] site=0x9b0c5 count=7 frame=0x722e6047836d frame_off=0x7836d vm_ip=0x722e6051e970 vm_ip_off=0x11e970 vm_flags=0x3f405cb8 vm_state=0x1054d8e2 vm_byte=0x3a table=0x722e604c3718 table_off=0xc3718 rax=0x0 rbx=0x0 rcx=0x722e6047847c rdx=0x722e60478555 rsi=0x722e604c3c70 rdi=0x210 r8=0x558 r9=0xc818a7724000ef92 r10=0x722e6049b4b3 r11=0x722e6051e96c r12=0x722e60478391 r13=0x722e60478377 r14=0x620c20410480 r15=0x624da8754dc8 rbp=0x722e6047836d rsp=0x7ffdaa1b6628 fs0x0=0xda3b7a9 fs0x12=0x624de4e1e7a001 fs0x60=0x624d8903140a fs0x68=0x7ffdaa1b6720 fs0x71=0x624dff26cc8f fs0x81=0x722e46029e91 fs0xe1=0x3820000000000062 fs0x13d=0x202 fs0x16f=0x1054d8e201 fs0x1e8=0x7ffdaa1b6628 fs0x13=0x624de4e1e7a0 fs0x91=0x624de4e03010 fs0xab=0xc818a7724000ef92 fs0xb3=0x7ffdaa1b6720 fs0xcb=0x722e61135000 fs0x19d=0x7ffdaa1b6720 fs0x28=0x1 fs0x38=0x624da8754dc8 fs0x79=0x624bc03c7af3 fs0x89=0x71 fs0x99=0x70 fs0xd3=0x624de4e1e7a0 fs0x107=0x624de4e03820 fs0x123=0x7ffdaa1b69d8 fs0x128=0x7f fs0x147=0x6 ip_w0=0xc7 ip_w1=0x49bf ip_w2=0x853a ip_w3=0x4ec6 ip_w4=0x9cd9 ip_w5=0x1193 ip_w6=0x9400 ip_w7=0xe8e0 ip_w8=0x4401 ip_w9=0xfd79 ip_w10=0xd6a1 ip_w11=0xb08c ip_w12=0x800 ip_w13=0x601 ip_w14=0x1e8 ip_w15=0x87b2 target=0x722e6049b4b3 target_off=0x9b4b3
[VMTAIL] site=0x9b0c5 count=8 frame=0x722e6047836d frame_off=0x7836d vm_ip=0x722e6051eb9a vm_ip_off=0x11eb9a vm_flags=0xcde93cb0 vm_state=0xb83ba1ee vm_byte=0x3a table=0x722e604c3718 table_off=0xc3718 rax=0x0 rbx=0x0 rcx=0x722e6047847c rdx=0x722e60478555 rsi=0x722e604c3c40 rdi=0x210 r8=0x528 r9=0xc818a7724000ef92 r10=0x722e6049a24c r11=0x722e6051eb96 r12=0x722e60478391 r13=0x722e60478377 r14=0x620c20410048 r15=0x624da8754dc8 rbp=0x722e6047836d rsp=0x7ffdaa1b6628 fs0x0=0xda3b7a9 fs0x12=0x7ffdaa1b672001 fs0x60=0x7ffdaa1b6720 fs0x68=0x7ffdaa1b6720 fs0x71=0x7ffdc4604c0f fs0x81=0x722e46029e91 fs0xe1=0x3820000000000062 fs0x13d=0x246 fs0x16f=0xb83ba1ee01 fs0x1e8=0x7ffdaa1b6628 fs0x13=0x7ffdaa1b6720 fs0x91=0x624de4e03010 fs0xab=0xc818a7724000ef92 fs0xb3=0x7ffdaa1b6720 fs0xcb=0x722e61135000 fs0x19d=0x7ffdaa1b6720 fs0x28=0x1 fs0x38=0x624da8754dc8 fs0x79=0x0 fs0x89=0x71 fs0x99=0x70 fs0xd3=0x624de4e21448 fs0x107=0x624de4e03820 fs0x123=0x7ffdaa1b69d8 fs0x128=0x7f fs0x147=0x6 ip_w0=0xbd ip_w1=0x99 ip_w2=0xed6c ip_w3=0x336f ip_w4=0x99 ip_w5=0x108 ip_w6=0xe84b ip_w7=0x8001 ip_w8=0x6bc6 ip_w9=0xbc2a ip_w10=0xa5f7 ip_w11=0xb48d ip_w12=0xcea ip_w13=0x51ec ip_w14=0x4df ip_w15=0x1e8 target=0x722e6049a24c target_off=0x9a24c
[VMTAIL] site=0x9b0c5 count=9 frame=0x722e6047836d frame_off=0x7836d vm_ip=0x722e6051eddd vm_ip_off=0x11eddd vm_flags=0x73c3092a vm_state=0xd14500cf vm_byte=0x3a table=0x722e604c3718 table_off=0xc3718 rax=0x0 rbx=0x400 rcx=0x722e6047847c rdx=0x722e60478555 rsi=0x722e604c3c70 rdi=0x210 r8=0x558 r9=0xc818a7724000ef92 r10=0x722e6049b4b3 r11=0x722e6051edd9 r12=0x722e60478391 r13=0x722e60478377 r14=0x620c20410480 r15=0x624da8754dc8 rbp=0x722e6047836d rsp=0x7ffdaa1b6628 fs0x0=0xda3b7a9 fs0x12=0x624de4e1e7a001 fs0x60=0x624d8903140a fs0x68=0x7ffdaa1b6708 fs0x71=0x624dff26cc8f fs0x81=0x722e46029e91 fs0xe1=0x3820000000000062 fs0x13d=0x206 fs0x16f=0xd14500cf01 fs0x1e8=0x7ffdaa1b6628 fs0x13=0x624de4e1e7a0 fs0x91=0x624de4e03010 fs0xab=0xc818a7724000ef92 fs0xb3=0x624de4e1e7a0 fs0xcb=0x722e61135000 fs0x19d=0x7ffdaa1b6720 fs0x28=0x1 fs0x38=0x624da8754dc8 fs0x79=0x0 fs0x89=0x71 fs0x99=0x70 fs0xd3=0x624de4e21448 fs0x107=0x624de4e03820 fs0x123=0x7ffdaa1b69d8 fs0x128=0x7f fs0x147=0x6 ip_w0=0x14d ip_w1=0xe4d3 ip_w2=0x99 ip_w3=0xbcbe ip_w4=0xabac ip_w5=0x9def ip_w6=0xe8ba ip_w7=0xb401 ip_w8=0x7f3 ip_w9=0xbb75 ip_w10=0xe801 ip_w11=0xc405 ip_w12=0x29ec ip_w13=0x92dc ip_w14=0xb158 ip_w15=0x1e8 target=0x722e6049b4b3 target_off=0x9b4b3
[VMTAIL] site=0xa35dd count=10 frame=0x722e6047836d frame_off=0x7836d vm_ip=0x722e6051ef65 vm_ip_off=0x11ef65 vm_flags=0x5580930 vm_state=0x3a8307b8 vm_byte=0x62 table=0x722e604c3718 table_off=0xc3718 rax=0x0 rbx=0x722e604c3c01 rcx=0x722e604c0403 rdx=0x8ec rsi=0x622 rdi=0x0 r8=0x722e60478377 r9=0x558 r10=0x722f604c4427 r11=0x722e6047847c r12=0x130 r13=0x722e6049b4b3 r14=0x77 r15=0x14 rbp=0x722e6047836d rsp=0x7ffdaa1b66c0 fs0x0=0x624dfc6026b1 fs0x12=0x624de4e1e7a001 fs0x60=0x624de4e21400 fs0x68=0x7ffdaa1b6708 fs0x71=0x624dff26f8ef fs0x81=0x722e46029f31 fs0xe1=0x3820000000000062 fs0x13d=0x246 fs0x16f=0x3a8307b801 fs0x1e8=0x7ffdaa1b66c0 fs0x13=0x624de4e1e7a0 fs0x91=0x624de4e03010 fs0xab=0xc818a7724000ef92 fs0xb3=0x624de4e21400 fs0xcb=0x722e61135000 fs0x19d=0x7ffdaa1b6720 fs0x28=0x1 fs0x38=0x624da8754dc8 fs0x79=0x0 fs0x89=0x71 fs0x99=0x70 fs0xd3=0x624de4e21448 fs0x107=0x624de4e03820 fs0x123=0x7ffdaa1b69d8 fs0x128=0x7f fs0x147=0x6 ip_w0=0x102 ip_w1=0xc20f ip_w2=0x75d6 ip_w3=0x8d63 ip_w4=0x5a3a ip_w5=0x50d ip_w6=0xf52a ip_w7=0xe70d ip_w8=0x63f1 ip_w9=0xe80f ip_w10=0x1 ip_w11=0x13d ip_w12=0x5edf ip_w13=0xe63a ip_w14=0x65e7 ip_w15=0xcffe target=0x722e6049b4b3 target_off=0x9b4b3
[VMTAIL] site=0x9b0c5 count=11 frame=0x722e6047836d frame_off=0x7836d vm_ip=0x722e6051f1c5 vm_ip_off=0x11f1c5 vm_flags=0x39d046a8 vm_state=0x77ababe9 vm_byte=0x3a table=0x722e604c3718 table_off=0xc3718 rax=0x0 rbx=0x0 rcx=0x722e6047847c rdx=0x722e60478555 rsi=0x722e604c4228 rdi=0x210 r8=0xb10 r9=0xc818a7724000ef92 r10=0x722e604c2241 r11=0x722e6051f1c1 r12=0x722e60478391 r13=0x722e60478377 r14=0x620c20440040 r15=0x624da8754dc8 rbp=0x722e6047836d rsp=0x7ffdaa1b6628 fs0x0=0xda3b7a9 fs0x12=0x624de4e1cdf001 fs0x60=0x624e5785d416 fs0x68=0x7ffdaa1b6708 fs0x71=0x624dff26b2df fs0x81=0x722e46029e91 fs0xe1=0x3820000000000062 fs0x13d=0x202 fs0x16f=0x77ababe901 fs0x1e8=0x7ffdaa1b6628 fs0x13=0x624de4e1cdf0 fs0x91=0x624de4e03010 fs0xab=0xc818a7724000ef92 fs0xb3=0x722e60433332 fs0xcb=0x722e61135000 fs0x19d=0x624de4e1e7a0 fs0x28=0x1 fs0x38=0x624da8754dc8 fs0x79=0x624de4e1e7a0 fs0x89=0x71 fs0x99=0x70 fs0xd3=0x624de4e1cdf0 fs0x107=0x624de4e03820 fs0x123=0x7ffdaa1b69d8 fs0x128=0x7f fs0x147=0x6 ip_w0=0xd7 ip_w1=0x540 ip_w2=0x1c88 ip_w3=0x655f ip_w4=0x3cd9 ip_w5=0x990b ip_w6=0xff00 ip_w7=0xe87e ip_w8=0x7b01 ip_w9=0xaba3 ip_w10=0x2a00 ip_w11=0x9fbb ip_w12=0xf02b ip_w13=0xea31 ip_w14=0xef86 ip_w15=0x1e8 target=0x722e604c2241 target_off=0xc2241
[VMTAIL] site=0xb86f5 count=12 frame=0x722e6047836d frame_off=0x7836d vm_ip=0x722e6051f3a9 vm_ip_off=0x11f3a9 vm_flags=0x4e76c57c vm_state=0x4e76c57c vm_byte=0x3a table=0x722e604c3718 table_off=0xc3718 rax=0x722e604c40c8 rbx=0x722e6051f3a7 rcx=0x722e6051f305 rdx=0xffffffffffffffe0 rsi=0x722e60478377 rdi=0x722e6047847c r8=0x0 r9=0xb10 r10=0x0 r11=0xfe07b65d5d6 r12=0x722e604c4228 r13=0x722e604c2241 r14=0x722e6047847c r15=0x722e60478390 rbp=0x722e6047836d rsp=0x7ffdaa1b6628 fs0x0=0xda3b799 fs0x12=0x1 fs0x60=0x0 fs0x68=0x7ffdaa1b6708 fs0x71=0x1a44e4ef fs0x81=0x722e46029e91 fs0xe1=0x3820000000000062 fs0x13d=0x206 fs0x16f=0x4e76c57c01 fs0x1e8=0x7ffdaa1b6628 fs0x13=0x0 fs0x91=0x624de4e03010 fs0xab=0xc818a7724000ef92 fs0xb3=0x0 fs0xcb=0x722e61135000 fs0x19d=0x624de4e0a780 fs0x28=0x1 fs0x38=0x624da8754dc8 fs0x79=0x624bc03c2107 fs0x89=0x40 fs0x99=0x40 fs0xd3=0x3 fs0x107=0x624de4e03820 fs0x123=0x7ffdaa1b69d8 fs0x128=0x7f fs0x147=0x6 ip_w0=0xc4 ip_w1=0x6e4f ip_w2=0xf45c ip_w3=0x21d3 ip_w4=0xb8a6 ip_w5=0x9a09 ip_w6=0x881 ip_w7=0xe8d0 ip_w8=0x3c01 ip_w9=0x3e02 ip_w10=0x4ead ip_w11=0xa9ce ip_w12=0x66ed ip_w13=0x1b89 ip_w14=0xeedf ip_w15=0x1e8 target=0x722e604c2241 target_off=0xc2241
[VMTAIL] site=0xbe55b count=13 frame=0x722e6047836d frame_off=0x7836d vm_ip=0x722e605209d2 vm_ip_off=0x1209d2 vm_flags=0x6988e264 vm_state=0x3a82b247 vm_byte=0x62 table=0x722e604c3718 table_off=0xc3718 rax=0x722e60478377 rbx=0x722e6051f4be rcx=0x722e6047a580 rdx=0x722e604c2241 rsi=0xb10 rdi=0x722de04bdda2 r8=0x722e6055c916 r9=0x0 r10=0x5229a0400001 r11=0x246 r12=0x722e604c4201 r13=0x722e6047837f r14=0x1518 r15=0x722e6047847c rbp=0x722e6047836d rsp=0x7ffdaa1b66c0 fs0x0=0x188232b1 fs0x12=0x1 fs0x60=0x0 fs0x68=0x7ffdaa1b6708 fs0x71=0x1a44e4ef fs0x81=0x722e46029f31 fs0xe1=0x3820000000000062 fs0x13d=0x246 fs0x16f=0x3a82b24701 fs0x1e8=0x7ffdaa1b66c0 fs0x13=0x0 fs0x91=0x624de4e03010 fs0xab=0xc818a7724000ef92 fs0xb3=0x0 fs0xcb=0x722e61135000 fs0x19d=0x624de4e0a780 fs0x28=0x1 fs0x38=0x624da8754dc8 fs0x79=0x624bc03c2107 fs0x89=0x40 fs0x99=0x40 fs0xd3=0x3 fs0x107=0x624de4e03820 fs0x123=0x7ffdaa1b69d8 fs0x128=0x7f fs0x147=0x6 ip_w0=0x14c ip_w1=0xd71c ip_w2=0xcc5f ip_w3=0x1e8 ip_w4=0xfe32 ip_w5=0xea77 ip_w6=0x68 ip_w7=0x4237 ip_w8=0x68 ip_w9=0x2eb5 ip_w10=0x6a42 ip_w11=0x3d43 ip_w12=0x1 ip_w13=0x608 ip_w14=0x9f7f ip_w15=0x7a64 target=0x722e604c2241 target_off=0xc2241
[VMTAIL] site=0xbb8a8 count=14 frame=0x722e6047836d frame_off=0x7836d vm_ip=0x722e60576883 vm_ip_off=0x176883 vm_flags=0x108a6bc4 vm_state=0xdeab6bf9 vm_byte=0x3a table=0x722e604c3718 table_off=0xc3718 rax=0x722e6049af18 rbx=0x156cca906d8ea rcx=0x0 rdx=0x0 rsi=0x722e60478377 rdi=0x722e6047847c r8=0x722e604c3c60 r9=0xc818a7724000ef92 r10=0x200 r11=0x722e6047836d r12=0x722e62472817 r13=0x722e60478390 r14=0x722e6057687f r15=0x800 rbp=0x722e6047836d rsp=0x7ffdaa1b6358 fs0x0=0xda3b799 fs0x12=0x624de4e1cdf001 fs0x60=0x624de4e1cdf0 fs0x68=0x7ffdaa1b6708 fs0x71=0x624dff26b2df fs0x81=0x722e46029e91 fs0xe1=0x1000000000062 fs0x13d=0x246 fs0x16f=0xdeab6bf901 fs0x1e8=0x7ffdaa1b6630 fs0x13=0x624de4e1cdf0 fs0x91=0x624de4e03010 fs0xab=0xc818a7724000ef92 fs0xb3=0x624de4e1cdf0 fs0xcb=0x722e61135000 fs0x19d=0x624de4e0a780 fs0x28=0x1 fs0x38=0x624da8754dc8 fs0x79=0x624bc03c2107 fs0x89=0x40 fs0x99=0x40 fs0xd3=0x3 fs0x107=0x624de4e03820 fs0x123=0x7ffdaa1b69d8 fs0x128=0x7f fs0x147=0x6 ip_w0=0xab ip_w1=0x1e8 ip_w2=0x15b ip_w3=0x33d0 ip_w4=0x962 ip_w5=0x540 ip_w6=0xdd9c ip_w7=0xcda4 ip_w8=0xe8cf ip_w9=0x1c01 ip_w10=0x2c9 ip_w11=0x7d6c ip_w12=0x5e0a ip_w13=0x2966 ip_w14=0x68d5 ip_w15=0xac82 target=0x722e6049af18 target_off=0x9af18
[VMTAIL] site=0x9b0c5 count=15 frame=0x722e6047836d frame_off=0x7836d vm_ip=0x722e60576ab3 vm_ip_off=0x176ab3 vm_flags=0x37d4ec9c vm_state=0xa0fdfbb1 vm_byte=0x3a table=0x722e604c3718 table_off=0xc3718 rax=0x0 rbx=0x0 rcx=0x722e6047847c rdx=0x722e60478555 rsi=0x722e604c3c70 rdi=0x210 r8=0x558 r9=0xc818a7724000ef92 r10=0x722e6049b4b3 r11=0x722e60576aaf r12=0x722e60478391 r13=0x722e60478377 r14=0x620c20410480 r15=0x624da8754dc8 rbp=0x722e6047836d rsp=0x7ffdaa1b6358 fs0x0=0xda3b5d9 fs0x12=0x624de4e1cdf001 fs0x60=0xffffffffe2878d81 fs0x68=0x7ffdaa1b6428 fs0x71=0x1a44e6ef fs0x81=0x722e46029f17 fs0xe1=0x1000000000062 fs0x13d=0x246 fs0x16f=0xa0fdfbb101 fs0x1e8=0x7ffdaa1b6358 fs0x13=0x624de4e1cdf0 fs0x91=0x722e60c523d8 fs0xab=0xc818a7724000ef92 fs0xb3=0x0 fs0xcb=0x722e6043142c fs0x19d=0x1 fs0x28=0x246 fs0x38=0x624da8754dc8 fs0x79=0x7ffdaa1b6428 fs0x89=0x71 fs0x99=0x200 fs0xd3=0x722e60c523d8 fs0x107=0x1 fs0x123=0x7ffdaa1b6678 fs0x128=0x7f fs0x147=0x624de4e1cdf0 ip_w0=0xc7 ip_w1=0x4957 ip_w2=0xfb3a ip_w3=0x99a1 ip_w4=0xa00 ip_w5=0xa4bd ip_w6=0x5fff ip_w7=0xe867 ip_w8=0x6801 ip_w9=0x9e0a ip_w10=0xe27b ip_w11=0xab ip_w12=0x8181 ip_w13=0xcf4e ip_w14=0x999e ip_w15=0x1e8 target=0x722e6049b4b3 target_off=0x9b4b3
[VMTAIL] site=0xb86f5 count=16 frame=0x722e6047836d frame_off=0x7836d vm_ip=0x722e60576c95 vm_ip_off=0x176c95 vm_flags=0xd25f080 vm_state=0xc000c077 vm_byte=0x3a table=0x722e604c3718 table_off=0xc3718 rax=0x722e604c40c8 rbx=0x722e60576c93 rcx=0x722e60576bf1 rdx=0xffffffffffffffe0 rsi=0x722e60478377 rdi=0x722e6047847c r8=0x0 r9=0x528 r10=0x0 r11=0xfe07b65d5d6 r12=0x722e604c3c40 r13=0x722e6049a24c r14=0x722e6047847c r15=0x722e60478390 rbp=0x722e6047836d rsp=0x7ffdaa1b6358 fs0x0=0xda3b789 fs0x12=0x624de4e1cdf001 fs0x60=0x624e5785d416 fs0x68=0x7ffdaa1b6428 fs0x71=0x624dff26b2df fs0x81=0x722e46029e91 fs0xe1=0x1000000000062 fs0x13d=0x206 fs0x16f=0xc000c07701 fs0x1e8=0x7ffdaa1b6358 fs0x13=0x624de4e1cdf0 fs0x91=0x722e60c523d8 fs0xab=0xc818a7724000ef92 fs0xb3=0x0 fs0xcb=0x722e6043142c fs0x19d=0x624de4e0a780 fs0x28=0x722e61012ac0 fs0x38=0x624da8754dc8 fs0x79=0x624bc03cf238 fs0x89=0x51 fs0x99=0x50 fs0xd3=0x0 fs0x107=0x1 fs0x123=0x7ffdaa1b6678 fs0x128=0x7f fs0x147=0x624de4e1cdf0 ip_w0=0x151 ip_w1=0x97b8 ip_w2=0x99 ip_w3=0x4e8 ip_w4=0x57e8 ip_w5=0x99c3 ip_w6=0x5e00 ip_w7=0xe8ce ip_w8=0xd801 ip_w9=0xe80a ip_w10=0x81ce ip_w11=0xc2f2 ip_w12=0xf85f ip_w13=0xab ip_w14=0x881 ip_w15=0x1e8 target=0x722e6049a24c target_off=0x9a24c
[VMTAIL] site=0xb86f5 count=17 frame=0x722e6047836d frame_off=0x7836d vm_ip=0x722e60576ea5 vm_ip_off=0x176ea5 vm_flags=0xc400080 vm_state=0x573ce88c vm_byte=0x3a table=0x722e604c3718 table_off=0xc3718 rax=0x722e604c40c8 rbx=0x722e60576ea3 rcx=0x722e60576e01 rdx=0xffffffffffffffe0 rsi=0x722e60478377 rdi=0x722e6047847c r8=0x0 r9=0x558 r10=0x0 r11=0xfe07b65d5d6 r12=0x722e604c3c70 r13=0x722e6049b4b3 r14=0x722e6047847c r15=0x722e60478390 rbp=0x722e6047836d rsp=0x7ffdaa1b6358 fs0x0=0xda3b789 fs0x12=0x624de4e1cdf801 fs0x60=0x624de4e1cdf8 fs0x68=0x624de4e1cdf8 fs0x71=0x624dff26b2e7 fs0x81=0x722e46029e91 fs0xe1=0x1000000000062 fs0x13d=0x206 fs0x16f=0x573ce88c01 fs0x1e8=0x7ffdaa1b6358 fs0x13=0x624de4e1cdf8 fs0x91=0x722e60c523d8 fs0xab=0xc818a7724000ef92 fs0xb3=0x0 fs0xcb=0x722e6043142c fs0x19d=0x624de4e0a780 fs0x28=0x722e61012ac0 fs0x38=0x624da8754dc8 fs0x79=0x624bc03cf238 fs0x89=0x51 fs0x99=0x50 fs0xd3=0x0 fs0x107=0x1 fs0x123=0x7ffdaa1b6678 fs0x128=0x7f fs0x147=0x624de4e1cdf0 ip_w0=0x151 ip_w1=0x9c60 ip_w2=0x99 ip_w3=0xcecd ip_w4=0xf7a8 ip_w5=0x99b7 ip_w6=0xf600 ip_w7=0xe890 ip_w8=0xdc01 ip_w9=0xdab9 ip_w10=0x275 ip_w11=0xab14 ip_w12=0xb100 ip_w13=0xb2ad ip_w14=0xce62 ip_w15=0x1e8 target=0x722e6049b4b3 target_off=0x9b4b3
[VMTAIL] site=0x9b0c5 count=18 frame=0x722e6047836d frame_off=0x7836d vm_ip=0x722e605770f7 vm_ip_off=0x1770f7 vm_flags=0xb09c5ded vm_state=0xcca3e037 vm_byte=0x3a table=0x722e604c3718 table_off=0xc3718 rax=0x0 rbx=0x0 rcx=0x722e6047847c rdx=0x722e60478555 rsi=0x722e604c4228 rdi=0x210 r8=0xb10 r9=0xc818a7724000ef92 r10=0x722e604c2241 r11=0x722e605770f3 r12=0x722e60478391 r13=0x722e60478377 r14=0x620c20440040 r15=0x624da8754dc8 rbp=0x722e6047836d rsp=0x7ffdaa1b6358 fs0x0=0xda3b789 fs0x12=0x624de4e1cdf001 fs0x60=0x624df6763857 fs0x68=0x624de4e1ea20 fs0x71=0x624dff26b2df fs0x81=0x722e46029e91 fs0xe1=0x1000000000062 fs0x13d=0x246 fs0x16f=0xcca3e03701 fs0x1e8=0x7ffdaa1b6358 fs0x13=0x624de4e1cdf0 fs0x91=0x722e60c523d8 fs0xab=0xc818a7724000ef92 fs0xb3=0x0 fs0xcb=0x722e6043142c fs0x19d=0x1 fs0x28=0x722e61012ac0 fs0x38=0x624da8754dc8 fs0x79=0x624de4e1ea20 fs0x89=0x51 fs0x99=0x50 fs0xd3=0x722e60c523d8 fs0x107=0x1 fs0x123=0x7ffdaa1b6678 fs0x128=0x7f fs0x147=0x624de4e1cdf0 ip_w0=0xc7 ip_w1=0x4ef7 ip_w2=0xfc3a ip_w3=0x9194 ip_w4=0xec00 ip_w5=0xe374 ip_w6=0xe20a ip_w7=0xe829 ip_w8=0xe801 ip_w9=0xdc05 ip_w10=0xb9e4 ip_w11=0xa394 ip_w12=0x36a7 ip_w13=0xd98e ip_w14=0x1be0 ip_w15=0x1e8 target=0x722e604c2241 target_off=0xc2241
[VMTAIL] site=0xabc56 count=19 frame=0x722e6047836d frame_off=0x7836d vm_ip=0x722e60577353 vm_ip_off=0x177353 vm_flags=0x40120140 vm_state=0x40000100 vm_byte=0x3a table=0x722e604c3718 table_off=0xc3718 rax=0x722e60478377 rbx=0x0 rcx=0x57 rdx=0x1 rsi=0x722e60478377 rdi=0x1 r8=0x0 r9=0x722e604c2241 r10=0x0 r11=0x520a20482650 r12=0x722e604c4201 r13=0xb10 r14=0x38430 r15=0xe6f rbp=0x722e6047836d rsp=0x7ffdaa1b63f0 fs0x0=0x624de4e21fb0 fs0x12=0x624de4e278f001 fs0x60=0x722deb81745f fs0x68=0x7ffdaa1b6420 fs0x71=0x722e7b0a08c7 fs0x81=0x7ffd8fd67f31 fs0xe1=0x1000000000062 fs0x13d=0x206 fs0x16f=0x4000010000 fs0x1e8=0x7ffdaa1b63f0 fs0x13=0x624de4e278f0 fs0x91=0x722e60c523d8 fs0xab=0xc818a7724000ef92 fs0xb3=0x722e60c523d8 fs0xcb=0x722e6043142c fs0x19d=0x624de4e0a780 fs0x28=0x0 fs0x38=0x624da8754dc8 fs0x79=0x624bc03c2107 fs0x89=0x41 fs0x99=0x40 fs0xd3=0x4 fs0x107=0x1 fs0x123=0x7ffdaa1b6678 fs0x128=0x7f fs0x147=0x624de4e1cdf0 ip_w0=0x15e ip_w1=0x5ee1 ip_w2=0x3806 ip_w3=0x1e8 ip_w4=0x8bd6 ip_w5=0x94b0 ip_w6=0xd1de ip_w7=0x9ebf ip_w8=0x2234 ip_w9=0x298 ip_w10=0xd504 ip_w11=0x17 ip_w12=0x13d ip_w13=0x2aa0 ip_w14=0xae88 ip_w15=0x20aa target=0x722e604c2241 target_off=0xc2241
[VMTAIL] site=0x9b0c5 count=20 frame=0x722e6047836d frame_off=0x7836d vm_ip=0x722e605774c6 vm_ip_off=0x1774c6 vm_flags=0x880eb39f vm_state=0x792c86d8 vm_byte=0x3a table=0x722e604c3718 table_off=0xc3718 rax=0x0 rbx=0x400 rcx=0x722e6047847c rdx=0x722e60478555 rsi=0x722e604c4228 rdi=0x210 r8=0xb10 r9=0xc818a7724000ef92 r10=0x722e604c2241 r11=0x722e605774c2 r12=0x722e60478391 r13=0x722e60478377 r14=0x620c20440040 r15=0x624da8754dc8 rbp=0x722e6047836d rsp=0x7ffdaa1b6358 fs0x0=0xda3b799 fs0x12=0x7ffdaa1b642001 fs0x60=0x7ffe1cbf6a46 fs0x68=0x7ffdaa1b6420 fs0x71=0x7ffdc460490f fs0x81=0x722e46029e91 fs0xe1=0x6418000000000062 fs0x13d=0x206 fs0x16f=0x792c86d801 fs0x1e8=0x7ffdaa1b6358 fs0x13=0x7ffdaa1b6420 fs0x91=0x722e60c523d8 fs0xab=0xc818a7724000ef92 fs0xb3=0x722e60c523d8 fs0xcb=0x722e6043142c fs0x19d=0x722e60c523d8 fs0x28=0x0 fs0x38=0x624da8754dc8 fs0x79=0x624bc03c2107 fs0x89=0x41 fs0x99=0x40 fs0xd3=0x4 fs0x107=0x7ffdaa1b6418 fs0x123=0x7ffdaa1b6678 fs0x128=0x7f fs0x147=0x624de4e1cdf0 ip_w0=0xcb ip_w1=0x919f ip_w2=0x7635 ip_w3=0xb5be ip_w4=0xedab ip_w5=0x992f ip_w6=0x26c7 ip_w7=0xe812 ip_w8=0x701 ip_w9=0x979a ip_w10=0x77a ip_w11=0x1723 ip_w12=0x883 ip_w13=0x8c01 ip_w14=0x1e8 ip_w15=0xc780 target=0x722e604c2241 target_off=0xc2241
[VMTAIL] site=0xb86f5 count=21 frame=0x722e6047836d frame_off=0x7836d vm_ip=0x722e6057777d vm_ip_off=0x17777d vm_flags=0x4030040 vm_state=0x4030040 vm_byte=0x3a table=0x722e604c3718 table_off=0xc3718 rax=0x722e604c40c8 rbx=0x722e6057777b rcx=0x722e605776d9 rdx=0xffffffffffffffe0 rsi=0x722e60478377 rdi=0x722e6047847c r8=0x0 r9=0x528 r10=0x0 r11=0x722e60468d56 r12=0x722e604c3c40 r13=0x722e6049a24c r14=0x722e6047847c r15=0x722e60478390 rbp=0x722e6047836d rsp=0x7ffdaa1b6358 fs0x0=0xda3b799 fs0x12=0x7ffdaa1b641001 fs0x60=0x7ffe1cbf6a36 fs0x68=0x7ffdaa1b63f8 fs0x71=0x7ffdc46048ff fs0x81=0x7ffd8fd67f09 fs0xe1=0x6418000000000062 fs0x13d=0x246 fs0x16f=0x403004001 fs0x1e8=0x7ffdaa1b6358 fs0x13=0x7ffdaa1b6410 fs0x91=0x722e60c523d8 fs0xab=0xc818a7724000ef92 fs0xb3=0x7ffdaa1b6410 fs0xcb=0x722e6043142c fs0x19d=0x624de4e1e6a8 fs0x28=0x0 fs0x38=0x624da8754dc8 fs0x79=0x0 fs0x89=0x41 fs0x99=0x40 fs0xd3=0x0 fs0x107=0x7ffdaa1b6418 fs0x123=0x7ffdaa1b6678 fs0x128=0x7f fs0x147=0x624de4e1cdf0 ip_w0=0x1c ip_w1=0x860 ip_w2=0x6910 ip_w3=0xd918 ip_w4=0x2669 ip_w5=0xc7be ip_w6=0x25b ip_w7=0xe87b ip_w8=0x1f01 ip_w9=0x1220 ip_w10=0x344a ip_w11=0xab60 ip_w12=0x59f0 ip_w13=0xf714 ip_w14=0x6366 ip_w15=0x1e8 target=0x722e6049a24c target_off=0x9a24c
[VMTAIL] site=0x7e7ca count=22 frame=0x722e6047836d frame_off=0x7836d vm_ip=0x722e60577940 vm_ip_off=0x177940 vm_flags=0x14df945b vm_state=0xe10003fc vm_byte=0x3a table=0x722e604c3718 table_off=0xc3718 rax=0x14df945b rbx=0x722e604c3870 rcx=0x722e60478377 rdx=0x722e60478390 rsi=0x722e60534bc4 rdi=0xffffffffffef0693 r8=0x722e604784dd r9=0x722e604784dd r10=0x0 r11=0x722e6048173d r12=0x722c60401718 r13=0x12 r14=0x158 r15=0x0 rbp=0x722e6047836d rsp=0x7ffdaa1b63f0 fs0x0=0x624d7e01b8a0 fs0x12=0x624de4e1e6a800 fs0x60=0x624d7e01ba90 fs0x68=0x624de4e1e700 fs0x71=0x624dff26e8cf fs0x81=0x722e46029f0f fs0xe1=0x6418000000000062 fs0x13d=0x283 fs0x16f=0xe10003fc01 fs0x1e8=0x7ffdaa1b63f0 fs0x13=0x624de4e1e6a8 fs0x91=0x624de4e203e0 fs0xab=0xc818a7724000ef92 fs0xb3=0x624de4e205d0 fs0xcb=0x722e6043142c fs0x19d=0x0 fs0x28=0x0 fs0x38=0x624da8754dc8 fs0x79=0x1720d4 fs0x89=0x41 fs0x99=0x0 fs0xd3=0x0 fs0x107=0x7ffdaa1b6418 fs0x123=0x7ffdaa1b6678 fs0x128=0x7f fs0x147=0x624de4e1cdf0 ip_w0=0x7430 ip_w1=0x394 ip_w2=0x5fec ip_w3=0xf87a ip_w4=0x1e8 ip_w5=0x2528 ip_w6=0x9cca ip_w7=0x9de8 ip_w8=0xbaa6 ip_w9=0x3d00 ip_w10=0xb401 ip_w11=0xe7e3 ip_w12=0x532c ip_w13=0xebbc ip_w14=0x68cd ip_w15=0x7100 target=0x722e6048173d target_off=0x8173d
[VMTAIL] site=0xb86f5 count=23 frame=0x722e6047836d frame_off=0x7836d vm_ip=0x722e60577af9 vm_ip_off=0x177af9 vm_flags=0x55aaf870 vm_state=0xeb1cdffa vm_byte=0x3a table=0x722e604c3718 table_off=0xc3718 rax=0x722e604c40c8 rbx=0x722e60577af7 rcx=0x722e60577a55 rdx=0xffffffffffffffe0 rsi=0x722e60478377 rdi=0x722e6047847c r8=0x0 r9=0xb10 r10=0x0 r11=0x722e60468d56 r12=0x722e604c4228 r13=0x722e604c2241 r14=0x722e6047847c r15=0x722e60478390 rbp=0x722e6047836d rsp=0x7ffdaa1b6358 fs0x0=0xda3b7d9 fs0x12=0x722e60c523c000 fs0x60=0x722e0d27d06a fs0x68=0x722e60c523c0 fs0x71=0x722e7b0a08af fs0x81=0x722e46029e91 fs0xe1=0x6418000000000062 fs0x13d=0x283 fs0x16f=0xeb1cdffa01 fs0x1e8=0x7ffdaa1b6358 fs0x13=0x722e60c523c0 fs0x91=0x624de4e203e0 fs0xab=0xc818a7724000ef92 fs0xb3=0x722e60c523d8 fs0xcb=0x722e6043142c fs0x19d=0x0 fs0x28=0x0 fs0x38=0x624da8754dc8 fs0x79=0x1720d4 fs0x89=0x41 fs0x99=0x0 fs0xd3=0x0 fs0x107=0x7ffdaa1b6418 fs0x123=0x7ffdaa1b6678 fs0x128=0x7f fs0x147=0x624de4e1cdf0 ip_w0=0x12 ip_w1=0x860 ip_w2=0xa93a ip_w3=0xcd9f ip_w4=0xdc6c ip_w5=0x656b ip_w6=0xecdc ip_w7=0xe8e5 ip_w8=0xbc01 ip_w9=0x6a7f ip_w10=0x7887 ip_w11=0x21c ip_w12=0x3193 ip_w13=0x68af ip_w14=0x1e8 ip_w15=0xf629 target=0x722e604c2241 target_off=0xc2241
[VMTAIL] site=0xb84a4 count=24 frame=0x722e6047836d frame_off=0x7836d vm_ip=0x722e60579f43 vm_ip_off=0x179f43 vm_flags=0x633b5978 vm_state=0x224501a0 vm_byte=0x3a table=0x722e604c3718 table_off=0xc3718 rax=0xffffffff9fb87b33 rbx=0x0 rcx=0x722e604784dd rdx=0x624de4e203f0 rsi=0x0 rdi=0x722e604c4228 r8=0xffff9ff3dfbbff58 r9=0x22c1 r10=0x722e604c2241 r11=0x0 r12=0xffffdbbb7fef7cfc r13=0x722e6047847c r14=0x0 r15=0x722e60478377 rbp=0x722e6047836d rsp=0x7ffdaa1b63f0 fs0x0=0x624dcbcd2e1e fs0x12=0x722e60c523c000 fs0x60=0xffffffffd0d0d212 fs0x68=0x624de4e1e700 fs0x71=0x624dff26e8df fs0x81=0x624dca9d0211 fs0xe1=0x6418000000000062 fs0x13d=0x206 fs0x16f=0x224501a000 fs0x1e8=0x7ffdaa1b63f0 fs0x13=0x722e60c523c0 fs0x91=0x624de4e203e0 fs0xab=0xc818a7724000ef92 fs0xb3=0x722e60c523d8 fs0xcb=0x722e6043142c fs0x19d=0x0 fs0x28=0x0 fs0x38=0x624da8754dc8 fs0x79=0x1720d4 fs0x89=0x41 fs0x99=0x0 fs0xd3=0x0 fs0x107=0x7ffdaa1b6418 fs0x123=0x7ffdaa1b6678 fs0x128=0x7f fs0x147=0x624de4e1cdf0 ip_w0=0x14c ip_w1=0xd71c ip_w2=0xcf7f ip_w3=0x4bdc ip_w4=0x1e8 ip_w5=0xf6aa ip_w6=0x9a50 ip_w7=0x8541 ip_w8=0xa7bd ip_w9=0x1da2 ip_w10=0xb2 ip_w11=0x13d ip_w12=0x30b7 ip_w13=0x23ce ip_w14=0x81d9 ip_w15=0x5d12 target=0x722e604c2241 target_off=0xc2241
[VMTAIL] site=0x9b0c5 count=25 frame=0x722e6047836d frame_off=0x7836d vm_ip=0x722e6057a05d vm_ip_off=0x17a05d vm_flags=0x3fd05caa vm_state=0x1054de2a vm_byte=0x3a table=0x722e604c3718 table_off=0xc3718 rax=0x0 rbx=0x0 rcx=0x722e6047847c rdx=0x722e60478555 rsi=0x722e604c3c40 rdi=0x210 r8=0x528 r9=0xc818a7724000ef92 r10=0x722e6049a24c r11=0x722e6057a059 r12=0x722e60478391 r13=0x722e60478377 r14=0x620c20410048 r15=0x624da8754dc8 rbp=0x722e6047836d rsp=0x7ffdaa1b6358 fs0x0=0xda3b7d9 fs0x12=0x7ffdaa1b641000 fs0x60=0x7ffd8ca2ef91 fs0x68=0x7ffdaa1b63f8 fs0x71=0x7ffdc46048ff fs0x81=0x722e46029e91 fs0xe1=0x6418000000000062 fs0x13d=0x206 fs0x16f=0x1054de2a01 fs0x1e8=0x7ffdaa1b6358 fs0x13=0x7ffdaa1b6410 fs0x91=0x624de4e203e0 fs0xab=0xc818a7724000ef92 fs0xb3=0x722e60c523d8 fs0xcb=0x722e6043142c fs0x19d=0x0 fs0x28=0x0 fs0x38=0x624da8754dc8 fs0x79=0x1720d4 fs0x89=0x41 fs0x99=0x0 fs0xd3=0x0 fs0x107=0x7ffdaa1b6418 fs0x123=0x7ffdaa1b6678 fs0x128=0x7f fs0x147=0x624de4e1cdf0 ip_w0=0x133 ip_w1=0x9d3a ip_w2=0xffae ip_w3=0x99d7 ip_w4=0x6e00 ip_w5=0xf809 ip_w6=0x6bbb ip_w7=0xe853 ip_w8=0xfb01 ip_w9=0xaee2 ip_w10=0x794f ip_w11=0xc6ab ip_w12=0xf994 ip_w13=0x3bb ip_w14=0x16fe ip_w15=0x1e8 target=0x722e6049a24c target_off=0x9a24c
[VMTAIL] site=0x9b0c5 count=26 frame=0x722e6047836d frame_off=0x7836d vm_ip=0x722e6057a26d vm_ip_off=0x17a26d vm_flags=0x2f10fe30 vm_state=0xe20f3370 vm_byte=0x3a table=0x722e604c3718 table_off=0xc3718 rax=0x0 rbx=0x0 rcx=0x722e6047847c rdx=0x722e60478555 rsi=0x722e604c4228 rdi=0x210 r8=0xb10 r9=0xc818a7724000ef92 r10=0x722e604c2241 r11=0x722e6057a269 r12=0x722e60478391 r13=0x722e60478377 r14=0x620c20440040 r15=0x624da8754dc8 rbp=0x722e6047836d rsp=0x7ffdaa1b6358 fs0x0=0xda3b7d9 fs0x12=0x7ffdaa1b642000 fs0x60=0x7ffd8ca2efa1 fs0x68=0x7ffdaa1b6420 fs0x71=0x7ffdc460490f fs0x81=0x722e46029e91 fs0xe1=0x6418000000000062 fs0x13d=0x246 fs0x16f=0xe20f337001 fs0x1e8=0x7ffdaa1b6358 fs0x13=0x7ffdaa1b6420 fs0x91=0x624de4e203e0 fs0xab=0xc818a7724000ef92 fs0xb3=0x0 fs0xcb=0x722e6043142c fs0x19d=0x0 fs0x28=0x0 fs0x38=0x624da8754dc8 fs0x79=0x1720d4 fs0x89=0x41 fs0x99=0x0 fs0xd3=0x1720d4 fs0x107=0x7ffdaa1b6418 fs0x123=0x7ffdaa1b6678 fs0x128=0x7f fs0x147=0x624de4e1cdf0 ip_w0=0x12 ip_w1=0x810 ip_w2=0xec3a ip_w3=0x8ddf ip_w4=0x694b ip_w5=0x9e6f ip_w6=0x6cd9 ip_w7=0xe850 ip_w8=0x201 ip_w9=0x3a9a ip_w10=0xc133 ip_w11=0xab ip_w12=0x886e ip_w13=0x20b2 ip_w14=0x1e8 ip_w15=0x822 target=0x722e604c2241 target_off=0xc2241
[VMTAIL] site=0x9b0c5 count=27 frame=0x722e6047836d frame_off=0x7836d vm_ip=0x722e60520b02 vm_ip_off=0x120b02 vm_flags=0xa4d1c06e vm_state=0x3a62df32 vm_byte=0x3a table=0x722e604c3718 table_off=0xc3718 rax=0x0 rbx=0x0 rcx=0x722e6047847c rdx=0x722e60478555 rsi=0x722e604c4228 rdi=0x210 r8=0xb10 r9=0xc818a7724000ef92 r10=0x722e604c2241 r11=0x722e60520afe r12=0x722e60478391 r13=0x722e60478377 r14=0x620c20440040 r15=0x624da8754dc8 rbp=0x722e6047836d rsp=0x7ffdaa1b6628 fs0x0=0xda3b7d9 fs0x12=0x722e60c523c000 fs0x60=0x7ffd8ca2efa1 fs0x68=0x7ffdaa1b6420 fs0x71=0x7ffdc460490f fs0x81=0x722e46029f31 fs0xe1=0x3820000000000062 fs0x13d=0x246 fs0x16f=0x3a62df3201 fs0x1e8=0x7ffdaa1b6628 fs0x13=0x722e60c523c0 fs0x91=0x624de4e203e0 fs0xab=0xc818a7724000ef92 fs0xb3=0x0 fs0xcb=0x722e6043142c fs0x19d=0x0 fs0x28=0x0 fs0x38=0x624da8754dc8 fs0x79=0x1720d4 fs0x89=0x41 fs0x99=0x0 fs0xd3=0x1720d4 fs0x107=0x7ffdaa1b6418 fs0x123=0x7ffdaa1b6678 fs0x128=0x7f fs0x147=0x624de4e1cdf0 ip_w0=0x102 ip_w1=0xc246 ip_w2=0x7607 ip_w3=0x5668 ip_w4=0xd586 ip_w5=0xd0 ip_w6=0xcf88 ip_w7=0xe869 ip_w8=0x7301 ip_w9=0xaba2 ip_w10=0x5d00 ip_w11=0xa599 ip_w12=0x85bf ip_w13=0x143 ip_w14=0x9ec6 ip_w15=0x1e8 target=0x722e604c2241 target_off=0xc2241
[VMTAIL] site=0x9b0c5 count=28 frame=0x722e6047836d frame_off=0x7836d vm_ip=0x722e60520d75 vm_ip_off=0x120d75 vm_flags=0xc7e93f08 vm_state=0x3adaf805 vm_byte=0x3a table=0x722e604c3718 table_off=0xc3718 rax=0x0 rbx=0x400 rcx=0x722e6047847c rdx=0x722e60478555 rsi=0x722e604c3c40 rdi=0x210 r8=0x528 r9=0xc818a7724000ef92 r10=0x722e6049a24c r11=0x722e60520d71 r12=0x722e60478391 r13=0x722e60478377 r14=0x620c20410048 r15=0x624da8754dc8 rbp=0x722e6047836d rsp=0x7ffdaa1b6628 fs0x0=0xda3b7d9 fs0x12=0x100 fs0x60=0x1 fs0x68=0x624de4e1e7a8 fs0x71=0x1a44e4f0 fs0x81=0x722e46029e91 fs0xe1=0x3820000000000062 fs0x13d=0x206 fs0x16f=0x3adaf80501 fs0x1e8=0x7ffdaa1b6628 fs0x13=0x1 fs0x91=0x624de4e03010 fs0xab=0xc818a7724000ef92 fs0xb3=0x1 fs0xcb=0x722e61135000 fs0x19d=0x0 fs0x28=0x0 fs0x38=0x624da8754dc8 fs0x79=0x1720d4 fs0x89=0x41 fs0x99=0x0 fs0xd3=0x1720d4 fs0x107=0x624de4e03820 fs0x123=0x7ffdaa1b69d8 fs0x128=0x7f fs0x147=0x6 ip_w0=0x10c ip_w1=0x1c4a ip_w2=0x63e6 ip_w3=0xe67 ip_w4=0xd23c ip_w5=0x6d15 ip_w6=0x863c ip_w7=0xe81c ip_w8=0xe01 ip_w9=0xb201 ip_w10=0x9fa0 ip_w11=0xabf5 ip_w12=0x1000 ip_w13=0x3a86 ip_w14=0x7484 ip_w15=0x1e8 target=0x722e6049a24c target_off=0x9a24c
[VMTAIL] site=0xbe55b count=29 frame=0x722e6047836d frame_off=0x7836d vm_ip=0x722e605210d6 vm_ip_off=0x1210d6 vm_flags=0x421fabd3 vm_state=0xb7e51ffc vm_byte=0x62 table=0x722e604c3718 table_off=0xc3718 rax=0x722e60478377 rbx=0x722e60520ea2 rcx=0x722e6045146b rdx=0x722e6049a24c rsi=0x528 rdi=0x722de04784a2 r8=0x722e60681aee r9=0x0 r10=0xffffffff8041fffd r11=0x246 r12=0x722e604c3c01 r13=0x722e6047837f r14=0x238 r15=0x722e6047847c rbp=0x722e6047836d rsp=0x7ffdaa1b66c0 fs0x0=0xffffffffc612a452 fs0x12=0x101 fs0x60=0x39ed5bae fs0x68=0x624de4e1e7a8 fs0x71=0x1a44e4ef fs0x81=0x722e46029f31 fs0xe1=0x3820000000000062 fs0x13d=0x246 fs0x16f=0xb7e51ffc01 fs0x1e8=0x7ffdaa1b66c0 fs0x13=0x1 fs0x91=0x624de4e03010 fs0xab=0xc818a7724000ef92 fs0xb3=0x0 fs0xcb=0x722e61135000 fs0x19d=0x0 fs0x28=0x0 fs0x38=0x624da8754dc8 fs0x79=0x1720d4 fs0x89=0x41 fs0x99=0x0 fs0xd3=0x1720d4 fs0x107=0x624de4e03820 fs0x123=0x7ffdaa1b69d8 fs0x128=0x7f fs0x147=0x6 ip_w0=0x133 ip_w1=0xc53a ip_w2=0x7cb1 ip_w3=0x21bf ip_w4=0xe876 ip_w5=0x401 ip_w6=0x6b7d ip_w7=0x2a88 ip_w8=0x9327 ip_w9=0xf9c7 ip_w10=0x89c2 ip_w11=0x1e8 ip_w12=0x1e8 ip_w13=0x690f ip_w14=0x13d ip_w15=0x165f target=0x722e6049a24c target_off=0x9a24c
[VMTAIL] site=0x9b0c5 count=30 frame=0x722e6047836d frame_off=0x7836d vm_ip=0x722e605211a7 vm_ip_off=0x1211a7 vm_flags=0x3e1ab442 vm_state=0x4f4ce02a vm_byte=0x3a table=0x722e604c3718 table_off=0xc3718 rax=0x0 rbx=0x0 rcx=0x722e6047847c rdx=0x722e60478555 rsi=0x722e604c4228 rdi=0x210 r8=0xb10 r9=0x722e61013fa0 r10=0x722e604c2241 r11=0x722e605211a3 r12=0x722e60478391 r13=0x722e60478377 r14=0x620c20440040 r15=0x624da8754dc8 rbp=0x722e6047836d rsp=0x7ffdaa1b6628 fs0x0=0xda3b7d9 fs0x12=0x101 fs0x60=0x39ed5bae fs0x68=0x624de4e1e7a8 fs0x71=0x1a44e4ef fs0x81=0x722e46029f31 fs0xe1=0x3820000000000062 fs0x13d=0x246 fs0x16f=0x4f4ce02a01 fs0x1e8=0x7ffdaa1b6628 fs0x13=0x1 fs0x91=0x624de4e03010 fs0xab=0xc818a7724000ef92 fs0xb3=0x0 fs0xcb=0x722e61135000 fs0x19d=0x0 fs0x28=0x0 fs0x38=0x624da8754dc8 fs0x79=0x1720d4 fs0x89=0x41 fs0x99=0x0 fs0xd3=0x1720d4 fs0x107=0x624de4e03820 fs0x123=0x7ffdaa1b69d8 fs0x128=0x7f fs0x147=0x6 ip_w0=0x72 ip_w1=0x5ef3 ip_w2=0xac8c ip_w3=0x658 ip_w4=0xdfc0 ip_w5=0x9591 ip_w6=0xe877 ip_w7=0x9901 ip_w8=0x42f5 ip_w9=0x48ca ip_w10=0xfbde ip_w11=0xab40 ip_w12=0xf800 ip_w13=0xb675 ip_w14=0x1e8 ip_w15=0xf499 target=0x722e604c2241 target_off=0xc2241
[VMTAIL] site=0xb86f5 count=31 frame=0x722e6047836d frame_off=0x7836d vm_ip=0x722e60521443 vm_ip_off=0x121443 vm_flags=0xfbf56760 vm_state=0x660d3a49 vm_byte=0x3a table=0x722e604c3718 table_off=0xc3718 rax=0x722e604c40c8 rbx=0x722e60521441 rcx=0x722e6052139f rdx=0xffffffffffffffe0 rsi=0x722e60478377 rdi=0x722e6047847c r8=0x0 r9=0x528 r10=0x0 r11=0x722e60468d56 r12=0x722e604c3c40 r13=0x722e6049a24c r14=0x722e6047847c r15=0x722e60478390 rbp=0x722e6047836d rsp=0x7ffdaa1b6628 fs0x0=0x722e6ca29159 fs0x12=0x722e60c4a22001 fs0x60=0x722e72590c87 fs0x68=0x624de4e1ed60 fs0x71=0x722e7b09870f fs0x81=0x722e46029e91 fs0xe1=0x3820000000000062 fs0x13d=0x206 fs0x16f=0x660d3a4901 fs0x1e8=0x7ffdaa1b6628 fs0x13=0x722e60c4a220 fs0x91=0x624de4e03010 fs0xab=0x722e61013fa0 fs0xb3=0x0 fs0xcb=0x722e61135000 fs0x19d=0x0 fs0x28=0x0 fs0x38=0x624da8754dc8 fs0x79=0x380 fs0x89=0x41 fs0x99=0x722e61012680 fs0xd3=0x722e60c4a220 fs0x107=0x624de4e03820 fs0x123=0x7ffdaa1b69d8 fs0x128=0x7f fs0x147=0x6 ip_w0=0x151 ip_w1=0x9488 ip_w2=0x99 ip_w3=0xc73 ip_w4=0xc73a ip_w5=0xe330 ip_w6=0xed00 ip_w7=0xe8aa ip_w8=0xe901 ip_w9=0x4ea6 ip_w10=0xc3ef ip_w11=0x2e4a ip_w12=0xe9af ip_w13=0xab ip_w14=0x1e8 ip_w15=0xf499 target=0x722e6049a24c target_off=0x9a24c
[TRACE] caller=eac.elf+0x72b70 pthread_create caller=eac.elf+0x729fe arg=0x624de4e1ea20
[VMTAIL] site=0x9b0c5 count=32 frame=0x722e6047836d frame_off=0x7836d vm_ip=0x722e6052169e vm_ip_off=0x12169e vm_flags=0xb0ac1f6a vm_state=0x80ccfc9b vm_byte=0x3a table=0x722e604c3718 table_off=0xc3718 rax=0x0 rbx=0x400 rcx=0x722e6047847c rdx=0x722e60478555 rsi=0x722e604c3c70 rdi=0x210 r8=0x558 r9=0x7ffdaa1b6467 r10=0x722e6049b4b3 r11=0x722e6052169a r12=0x722e60478391 r13=0x722e60478377 r14=0x620c20410480 r15=0x624da8754dc8 rbp=0x722e6047836d rsp=0x7ffdaa1b6628 fs0x0=0x722e6ca29159 fs0x12=0x624de4e1ea2001 fs0x60=0x624d8903198a fs0x68=0x7ffdaa1b6708 fs0x71=0x624dff26cf0f fs0x81=0x722e46029e91 fs0xe1=0x3820000000000062 fs0x13d=0x202 fs0x16f=0x80ccfc9b01 fs0x1e8=0x7ffdaa1b6628 fs0x13=0x624de4e1ea20 fs0x91=0x624de4e03010 fs0xab=0x722e61013fa0 fs0xb3=0x624de4e1ea20 fs0xcb=0x722e61135000 fs0x19d=0x0 fs0x28=0x0 fs0x38=0x624da8754dc8 fs0x79=0x380 fs0x89=0x41 fs0x99=0x722e61012680 fs0xd3=0x722e60c4a220 fs0x107=0x624de4e03820 fs0x123=0x7ffdaa1b69d8 fs0x128=0x7f fs0x147=0x6 ip_w0=0x102 ip_w1=0xb91e ip_w2=0x7607 ip_w3=0xdfaf ip_w4=0x99 ip_w5=0x108 ip_w6=0xe8e4 ip_w7=0x2e01 ip_w8=0x80fd ip_w9=0xee3c ip_w10=0x7e0c ip_w11=0xab ip_w12=0xcd2a ip_w13=0x6bee ip_w14=0xdc3b ip_w15=0x1e8 target=0x722e6049b4b3 target_off=0x9b4b3
[VMTAIL] site=0x81b7c count=33 frame=0x722e6047836d frame_off=0x7836d vm_ip=0x722e605217d8 vm_ip_off=0x1217d8 vm_flags=0x40480852 vm_state=0x188 vm_byte=0x62 table=0x722e604c3718 table_off=0xc3718 rax=0x722e604c4128 rbx=0x9b2d0a10 rcx=0xffbf rdx=0x722ee05b1428 rsi=0xffffffff80000060 rdi=0x722e604784dd r8=0x722e604bb3c9 r9=0xffffffff800001dd r10=0x722ee04bfc51 r11=0x722e60478377 r12=0xffffffff7ff803f6 r13=0x722e604784dd r14=0x0 r15=0x477 rbp=0x722e6047836d rsp=0x7ffdaa1b66c0 fs0x0=0x6abb3e52 fs0x12=0x624de4e1ea9800 fs0x60=0x6abb3e52 fs0x68=0x7ffdaa1b6708 fs0x71=0x1a44e4ef fs0x81=0x722e46029ee6 fs0xe1=0x3820000000000062 fs0x13d=0x246 fs0x16f=0x18801 fs0x1e8=0x7ffdaa1b66c0 fs0x13=0x624de4e1ea98 fs0x91=0x624de4e03010 fs0xab=0x7ffdaa1b6467 fs0xb3=0x0 fs0xcb=0x722e61135000 fs0x19d=0x0 fs0x28=0x246 fs0x38=0x624da8754dc8 fs0x79=0x722e60ea4928 fs0x89=0x8 fs0x99=0x722e603ff6c0 fs0xd3=0x0 fs0x107=0x624de4e03820 fs0x123=0x7ffdaa1b69d8 fs0x128=0x7f fs0x147=0x6 ip_w0=0x9ba ip_w1=0x9984 ip_w2=0x1e8 ip_w3=0x8c76 ip_w4=0x824a ip_w5=0x68 ip_w6=0x8312 ip_w7=0x3a ip_w8=0x13d ip_w9=0xe4cf ip_w10=0xdc3b ip_w11=0x37b4 ip_w12=0xe324 ip_w13=0x574 ip_w14=0xd696 ip_w15=0x2260 target=0x722e604bb3c9 target_off=0xbb3c9
[TRACE] caller=eac.elf+0x72b70 pthread_create caller=eac.elf+0x729fe arg=0x624de4e1ebc0
[VMTAIL] site=0x9b0c5 count=34 frame=0x722e6047836d frame_off=0x7836d vm_ip=0x722e60521932 vm_ip_off=0x121932 vm_flags=0xea7c7ded vm_state=0x50e26c8c vm_byte=0x3a table=0x722e604c3718 table_off=0xc3718 rax=0x0 rbx=0x0 rcx=0x722e6047847c rdx=0x722e60478555 rsi=0x722e604c4228 rdi=0x210 r8=0xb10 r9=0x7ffdaa1b6467 r10=0x722e604c2241 r11=0x722e6052192e r12=0x722e60478391 r13=0x722e60478377 r14=0x620c20440040 r15=0x624da8754dc8 rbp=0x722e6047836d rsp=0x7ffdaa1b6628 fs0x0=0xda3b7d9 fs0x12=0x200 fs0x60=0x624df676a09f fs0x68=0x624de4e23638 fs0x71=0x624dff271b27 fs0x81=0x722e4602a01b fs0xe1=0x3820000000000062 fs0x13d=0x206 fs0x16f=0x50e26c8c01 fs0x1e8=0x7ffdaa1b6628 fs0x13=0x2 fs0x91=0x624de4e1ea20 fs0xab=0x0 fs0xb3=0x624de4e23630 fs0xcb=0x722e603ffce4 fs0x19d=0x624de4e23638 fs0x28=0x0 fs0x38=0x7ffdaa1b6467 fs0x79=0x0 fs0x89=0x0 fs0x99=0x0 fs0xd3=0x0 fs0x107=0x722e603fee00 fs0x123=0x722e603fedd0 fs0x128=0x72 fs0x147=0x7ffdaa1b6360 ip_w0=0x40 ip_w1=0xa72d ip_w2=0x99 ip_w3=0x1bcb ip_w4=0x333a ip_w5=0x994a ip_w6=0x7600 ip_w7=0xe8c4 ip_w8=0x901 ip_w9=0xe57 ip_w10=0x829c ip_w11=0xaf15 ip_w12=0xae08 ip_w13=0xe3 ip_w14=0xbfec ip_w15=0x1e8 target=0x722e604c2241 target_off=0xc2241
[TRACE] caller=eac.elf+0x6b74f getaddrinfo node=api.epicgames.dev service=443 FAKE
[TRACE] caller=eac.elf+0x6b9e9 socket domain=2 type=1 protocol=6 FAKE
[TRACE] caller=eac.elf+0x6b609 connect fd=3 addr=127.0.0.1:443 FAKE
[TRACE] caller=eac.elf+0x4c000b fopen path=/dev/urandom mode=rb
[VMTAIL] site=0xbe55b count=35 frame=0x722e6047836d frame_off=0x7836d vm_ip=0x722e60521a8a vm_ip_off=0x121a8a vm_flags=0x69c8cf7d vm_state=0xa3c50f70 vm_byte=0x62 table=0x722e604c3718 table_off=0xc3718 rax=0x722e60478377 rbx=0x722e60521a5f rcx=0x722e60450702 rdx=0x722e6049b4b3 rsi=0x558 rdi=0x722de04784a2 r8=0x722e606822c7 r9=0x0 r10=0xffffffff80420041 r11=0x246 r12=0x722e604c3c01 r13=0x722e6047837f r14=0x2f r15=0x722e6047847c rbp=0x722e6047836d rsp=0x7ffdaa1b66c0 fs0x0=0xffffffffc612a452 fs0x12=0x624de4e1ec3801 fs0x60=0x39ed5bae fs0x68=0x624de4e23638 fs0x71=0x1a44e4ef fs0x81=0x722e46029f31 fs0xe1=0x3820000000000062 fs0x13d=0x246 fs0x16f=0xa3c50f7001 fs0x1e8=0x7ffdaa1b66c0 fs0x13=0x624de4e1ec38 fs0x91=0x624de4e03010 fs0xab=0x7ffdaa1b6467 fs0xb3=0x0 fs0xcb=0x722e61135000 fs0x19d=0x0 fs0x28=0x246 fs0x38=0x624da8754dc8 fs0x79=0x722e60ea4928 fs0x89=0x8 fs0x99=0x722e5fbfe6c0 fs0xd3=0x0 fs0x107=0x624de4e03820 fs0x123=0x7ffdaa1b69d8 fs0x128=0x7f fs0x147=0x6 ip_w0=0x14d ip_w1=0xe98b ip_w2=0xb3 ip_w3=0x3408 ip_w4=0xb3 ip_w5=0x6b7a ip_w6=0x3a52 ip_w7=0x23 ip_w8=0xc629 ip_w9=0x19a0 ip_w10=0xc6 ip_w11=0x13d ip_w12=0x9b87 ip_w13=0x12 ip_w14=0x888 ip_w15=0xf562 target=0x722e6049b4b3 target_off=0x9b4b3
[VMTAIL] site=0x9634f count=36 frame=0x722e6047836d frame_off=0x7836d vm_ip=0x722e60521b31 vm_ip_off=0x121b31 vm_flags=0xaafb2e95 vm_state=0x3a832db5 vm_byte=0x62 table=0x722e604c3718 table_off=0xc3718 rax=0xffff2dc55fb5fafe rbx=0x722e60521aba rcx=0x722e60521ac2 rdx=0x7fe915d0 rsi=0xffff8dd1ffffffff rdi=0x77 r8=0x0 r9=0x90 r10=0x722e60478377 r11=0x722e60521abe r12=0x722e6049b4b3 r13=0xab r14=0x57d5 r15=0x722e604c3c01 rbp=0x722e6047836d rsp=0x7ffdaa1b66c0 fs0x0=0x188232b1 fs0x12=0x624de4e1ec3801 fs0x60=0x0 fs0x68=0x624de4e23638 fs0x71=0x1a44e4ef fs0x81=0x722e46029f31 fs0xe1=0x3820000000000062 fs0x13d=0x246 fs0x16f=0x3a832db501 fs0x1e8=0x7ffdaa1b66c0 fs0x13=0x624de4e1ec38 fs0x91=0x624de4e03010 fs0xab=0x7ffdaa1b6467 fs0xb3=0x0 fs0xcb=0x722e61135000 fs0x19d=0x0 fs0x28=0x246 fs0x38=0x624da8754dc8 fs0x79=0x722e60ea4928 fs0x89=0x8 fs0x99=0x722e5fbfe6c0 fs0xd3=0x0 fs0x107=0x624de4e03820 fs0x123=0x7ffdaa1b69d8 fs0x128=0x7f fs0x147=0x6 ip_w0=0x104 ip_w1=0xf0d ip_w2=0xbfc3 ip_w3=0xbe3 ip_w4=0x1e8 ip_w5=0x247f ip_w6=0x91ac ip_w7=0xfe75 ip_w8=0x7f73 ip_w9=0x5b4f ip_w10=0x2 ip_w11=0x13d ip_w12=0x2a3b ip_w13=0xc43f ip_w14=0x20d9 ip_w15=0xba14 target=0x722e6049b4b3 target_off=0x9b4b3
[TRACE] caller=eac.elf+0x6b449 send fd=3 len=410 flags=0x4000 data=160303019501000191030369fb8f72808182a59085d2707edccfe1ddd0fff519819869340451613d59f3ef000106c02c... FAKE
[TRACE] caller=eac.elf+0x6b21f recv fd=3 len=5 flags=0x0 ret=5 data=485454502f FAKE
[TRACE] caller=eac.elf+0x6b449 send fd=3 len=7 flags=0x4000 data=1503030002020a FAKE
[TRACE] caller=eac.elf+0x6bcc7 close fd=3 FAKE
[TRACE] caller=eac.elf+0x6b74f getaddrinfo node=datarouter.ol.epicgames.com service=443 FAKE
[TRACE] caller=eac.elf+0x6b9e9 socket domain=2 type=1 protocol=6 FAKE
[TRACE] caller=eac.elf+0x6b609 connect fd=3 addr=127.0.0.1:443 FAKE
[TRACE] caller=eac.elf+0x4c000b fopen path=/dev/urandom mode=rb
[VMTAIL] site=0x9b0c5 count=37 frame=0x722e6047836d frame_off=0x7836d vm_ip=0x722e60521c91 vm_ip_off=0x121c91 vm_flags=0x3bd24ca8 vm_state=0x105528fa vm_byte=0x3a table=0x722e604c3718 table_off=0xc3718 rax=0x0 rbx=0x400 rcx=0x722e6047847c rdx=0x722e60478555 rsi=0x722e604c3c40 rdi=0x210 r8=0x528 r9=0x7ffdaa1b6467 r10=0x722e6049a24c r11=0x722e60521c8d r12=0x722e60478391 r13=0x722e60478377 r14=0x620c20410048 r15=0x624da8754dc8 rbp=0x722e6047836d rsp=0x7ffdaa1b6628 fs0x0=0x722e521c5119 fs0x12=0x624de4e1ea2001 fs0x60=0x624de4e1ea20 fs0x68=0x7ffdaa1b6708 fs0x71=0x624dff26cf0f fs0x81=0x722e46029e91 fs0xe1=0x3820000000000062 fs0x13d=0x202 fs0x16f=0x105528fa01 fs0x1e8=0x7ffdaa1b6628 fs0x13=0x624de4e1ea20 fs0x91=0x624de4e03010 fs0xab=0x7ffdaa1b6467 fs0xb3=0x624de4e1ea20 fs0xcb=0x722e61135000 fs0x19d=0x0 fs0x28=0x246 fs0x38=0x624da8754dc8 fs0x79=0x722e60ea4928 fs0x89=0x8 fs0x99=0x722e5fbfe6c0 fs0xd3=0x0 fs0x107=0x624de4e03820 fs0x123=0x7ffdaa1b69d8 fs0x128=0x7f fs0x147=0x6 ip_w0=0x133 ip_w1=0xd3a ip_w2=0xefb0 ip_w3=0x359d ip_w4=0xbd76 ip_w5=0xec74 ip_w6=0xf0db ip_w7=0xe8fb ip_w8=0x3a01 ip_w9=0xad45 ip_w10=0x62e9 ip_w11=0x9c9e ip_w12=0xc3b7 ip_w13=0xab ip_w14=0x5d8e ip_w15=0x1e8 target=0x722e6049a24c target_off=0x9a24c
[TRACE] caller=eac.elf+0x6b449 send fd=3 len=420 flags=0x4000 data=160303019f0100019b030369fb8f72fddbc00787950afa5b9192ba52693eb1768a9b02b29e262b8d820071000106c02c... FAKE
[TRACE] caller=eac.elf+0x6b21f recv fd=3 len=5 flags=0x0 ret=5 data=485454502f FAKE
[TRACE] caller=eac.elf+0x6b449 send fd=3 len=7 flags=0x4000 data=1503030002020a FAKE
[TRACE] caller=eac.elf+0x6bcc7 close fd=3 FAKE
[TRACE] caller=eac.elf+0x72b70 pthread_create caller=eac.elf+0x729fe arg=0x624de4e1e868
[VMTAIL] site=0xb86f5 count=38 frame=0x722e6047836d frame_off=0x7836d vm_ip=0x722e60521ed4 vm_ip_off=0x121ed4 vm_flags=0x124c7dc5 vm_state=0xf9955f7f vm_byte=0x3a table=0x722e604c3718 table_off=0xc3718 rax=0x722e604c40c8 rbx=0x722e60521ed2 rcx=0x722e60521e30 rdx=0xffffffffffffffe0 rsi=0x722e60478377 rdi=0x722e6047847c r8=0x0 r9=0xb10 r10=0x0 r11=0xfffff230b62b1736 r12=0x722e604c4228 r13=0x722e604c2241 r14=0x722e6047847c r15=0x722e60478390 rbp=0x722e6047836d rsp=0x7ffdaa1b6628 fs0x0=0x624de9425eb9 fs0x12=0x7ffdaa1b662000 fs0x60=0x7ffdbfbfb3a1 fs0x68=0x7ffdaa1b661b fs0x71=0x1a44e4f0 fs0x81=0x722e46029f31 fs0xe1=0x3820000000000062 fs0x13d=0x246 fs0x16f=0xf9955f7f01 fs0x1e8=0x7ffdaa1b6628 fs0x13=0x7ffdaa1b6620 fs0x91=0x624de4e1e868 fs0xab=0x624de4e1e978 fs0xb3=0x1 fs0xcb=0x722e61135000 fs0x19d=0x7ffdaa1b6620 fs0x28=0x246 fs0x38=0x624da8754dc8 fs0x79=0x722e60ea2b5c fs0x89=0x0 fs0x99=0x624de4e1e960 fs0xd3=0x2 fs0x107=0x624de4e03820 fs0x123=0x7ffdaa1b69d8 fs0x128=0x7f fs0x147=0x6 ip_w0=0x42 ip_w1=0x9819 ip_w2=0x5b3a ip_w3=0xe3ad ip_w4=0xcff9 ip_w5=0x99f0 ip_w6=0xe000 ip_w7=0xe859 ip_w8=0x6801 ip_w9=0x4607 ip_w10=0xc4aa ip_w11=0xab ip_w12=0x3398 ip_w13=0xab ip_w14=0x1e8 ip_w15=0xf939 target=0x722e604c2241 target_off=0xc2241
[VMTAIL] site=0xbe55b count=39 frame=0x722e6047836d frame_off=0x7836d vm_ip=0x722e60522074 vm_ip_off=0x122074 vm_flags=0xf7ff9ddb vm_state=0x8040830 vm_byte=0x62 table=0x722e604c3718 table_off=0xc3718 rax=0x722e60478377 rbx=0x722e60522001 rcx=0x722e6047a580 rdx=0x722e604c2241 rsi=0xb10 rdi=0x722de04783a2 r8=0x722e6055a459 r9=0x0 r10=0x722de0420001 r11=0x246 r12=0x722e604c4201 r13=0x722e6047837f r14=0x77 r15=0x722e6047847c rbp=0x722e6047836d rsp=0x7ffdaa1b66c0 fs0x0=0x6abb3e52 fs0x12=0x7ffdaa1b662001 fs0x60=0x6abb3e52 fs0x68=0x7ffdaa1b661b fs0x71=0x1a44e4ef fs0x81=0x722e46029f31 fs0xe1=0x3820000000000062 fs0x13d=0x246 fs0x16f=0x804083001 fs0x1e8=0x7ffdaa1b66c0 fs0x13=0x7ffdaa1b6620 fs0x91=0x624de4e03010 fs0xab=0x624de4e1e978 fs0xb3=0x0 fs0xcb=0x722e61135000 fs0x19d=0x7ffdaa1b6620 fs0x28=0x246 fs0x38=0x624da8754dc8 fs0x79=0x0 fs0x89=0x0 fs0x99=0x624de4e1e960 fs0xd3=0x0 fs0x107=0x624de4e03820 fs0x123=0x7ffdaa1b69d8 fs0x128=0x7f fs0x147=0x6 ip_w0=0x14c ip_w1=0xd71c ip_w2=0xcc47 ip_w3=0x6db ip_w4=0x1e8 ip_w5=0x390 ip_w6=0x9efe ip_w7=0x4749 ip_w8=0xd8fc ip_w9=0xab79 ip_w10=0x2408 ip_w11=0x98 ip_w12=0x13d ip_w13=0xffb0 ip_w14=0x4086 ip_w15=0x1011 target=0x722e604c2241 target_off=0xc2241
[VMTAIL] site=0xbb8a8 count=40 frame=0x722e6047836d frame_off=0x7836d vm_ip=0x722e605a480d vm_ip_off=0x1a480d vm_flags=0xbe6646dd vm_state=0xab32d299 vm_byte=0x3a table=0x722e604c3718 table_off=0xc3718 rax=0x722e6049af18 rbx=0x156cca906d8ea rcx=0x0 rdx=0x0 rsi=0x722e60478377 rdi=0x722e6047847c r8=0x722e604c3c60 r9=0x624de4e1e978 r10=0x200 r11=0x722e6047836d r12=0x722e62472817 r13=0x722e60478390 r14=0x722e605a4809 r15=0x800 rbp=0x722e6047836d rsp=0x7ffdaa1b65b8 fs0x0=0x624de9425eb9 fs0x12=0x624de4e1cdf001 fs0x60=0x624e5785d416 fs0x68=0x7ffdaa1b6708 fs0x71=0x624dff26b2df fs0x81=0x722e46029e91 fs0xe1=0x3820000000000062 fs0x13d=0x246 fs0x16f=0xab32d29901 fs0x1e8=0x7ffdaa1b6630 fs0x13=0x624de4e1cdf0 fs0x91=0x624de4e03010 fs0xab=0x624de4e1e978 fs0xb3=0x624de4e1cdf0 fs0xcb=0x722e61135000 fs0x19d=0x7ffdaa1b6620 fs0x28=0x246 fs0x38=0x624da8754dc8 fs0x79=0x0 fs0x89=0x0 fs0x99=0x624de4e1e960 fs0xd3=0x0 fs0x107=0x624de4e03820 fs0x123=0x7ffdaa1b69d8 fs0x128=0x7f fs0x147=0x6 ip_w0=0xab ip_w1=0x1e8 ip_w2=0x151 ip_w3=0x9568 ip_w4=0x99 ip_w5=0xaf17 ip_w6=0x99 ip_w7=0xad0 ip_w8=0x29dc ip_w9=0xe8a9 ip_w10=0xcd01 ip_w11=0xbc6f ip_w12=0x733f ip_w13=0x1731 ip_w14=0x973c ip_w15=0xb3b target=0x722e6049af18 target_off=0x9af18
[VMTAIL] site=0xb86f5 count=41 frame=0x722e6047836d frame_off=0x7836d vm_ip=0x722e605a4a9f vm_ip_off=0x1a4a9f vm_flags=0x2c440248 vm_state=0x573c8030 vm_byte=0x3a table=0x722e604c3718 table_off=0xc3718 rax=0x722e604c40c8 rbx=0x722e605a4a9d rcx=0x722e605a49fb rdx=0xffffffffffffffe0 rsi=0x722e60478377 rdi=0x722e6047847c r8=0x0 r9=0xb10 r10=0x0 r11=0xfffff230b62b1736 r12=0x722e604c4228 r13=0x722e604c2241 r14=0x722e6047847c r15=0x722e60478390 rbp=0x722e6047836d rsp=0x7ffdaa1b65b8 fs0x0=0x624de9425eb9 fs0x12=0x624de4e1f0c801 fs0x60=0x624d89030362 fs0x68=0x7ffdaa1b6658 fs0x71=0x624dff26d5b7 fs0x81=0x722e46029e91 fs0xe1=0x3820000000000062 fs0x13d=0x202 fs0x16f=0x573c803001 fs0x1e8=0x7ffdaa1b65b8 fs0x13=0x624de4e1f0c8 fs0x91=0x624de4e03010 fs0xab=0x624de4e1e978 fs0xb3=0x624de4e1f0c8 fs0xcb=0x722e61135000 fs0x19d=0x7ffdaa1b6620 fs0x28=0x246 fs0x38=0x624da8754dc8 fs0x79=0x0 fs0x89=0x0 fs0x99=0x624de4e1e960 fs0xd3=0x0 fs0x107=0x624de4e03820 fs0x123=0x7ffdaa1b69d8 fs0x128=0x7f fs0x147=0x6 ip_w0=0x2b ip_w1=0x7ded ip_w2=0x99 ip_w3=0xb53a ip_w4=0xedab ip_w5=0x99aa ip_w6=0x5600 ip_w7=0xe89b ip_w8=0x2401 ip_w9=0xab99 ip_w10=0x1f6 ip_w11=0x753e ip_w12=0x4a43 ip_w13=0xaa85 ip_w14=0xfc5e ip_w15=0x1e8 target=0x722e604c2241 target_off=0xc2241
[VMTAIL] site=0xb86f5 count=42 frame=0x722e6047836d frame_off=0x7836d vm_ip=0x722e605a4c81 vm_ip_off=0x1a4c81 vm_flags=0xf45788d1 vm_state=0xc7b5dbf0 vm_byte=0x3a table=0x722e604c3718 table_off=0xc3718 rax=0x722e604c40c8 rbx=0x722e605a4c7f rcx=0x722e605a4bdd rdx=0xffffffffffffffe0 rsi=0x722e60478377 rdi=0x722e6047847c r8=0x0 r9=0x558 r10=0x0 r11=0xffffffffffadf96b r12=0x722e604c3c70 r13=0x722e6049b4b3 r14=0x722e6047847c r15=0x722e60478390 rbp=0x722e6047836d rsp=0x7ffdaa1b65b8 fs0x0=0x624de9425eb9 fs0x12=0x624de4e2070801 fs0x60=0x624e57860d2e fs0x68=0x7ffdaa1b6658 fs0x71=0x624dff26ebf7 fs0x81=0x722e46029e91 fs0xe1=0x3820000000000062 fs0x13d=0x202 fs0x16f=0xc7b5dbf001 fs0x1e8=0x7ffdaa1b65b8 fs0x13=0x624de4e20708 fs0x91=0x624de4e03010 fs0xab=0x624de4e1e978 fs0xb3=0x624de4e20708 fs0xcb=0x722e61135000 fs0x19d=0x7ffdaa1b6620 fs0x28=0x246 fs0x38=0x624da8754dc8 fs0x79=0x0 fs0x89=0x0 fs0x99=0x624de4e1e960 fs0xd3=0x0 fs0x107=0x624de4e03820 fs0x123=0x7ffdaa1b69d8 fs0x128=0x7f fs0x147=0x6 ip_w0=0x10c ip_w1=0x1c4a ip_w2=0x67ae ip_w3=0x9fe ip_w4=0x3e3a ip_w5=0x991a ip_w6=0x3400 ip_w7=0xe869 ip_w8=0x6401 ip_w9=0x8253 ip_w10=0xb285 ip_w11=0xe2e6 ip_w12=0xf822 ip_w13=0xdf08 ip_w14=0xa444 ip_w15=0x1e8 target=0x722e6049b4b3 target_off=0x9b4b3
[VMTAIL] site=0xbf886 count=43 frame=0x722e6047836d frame_off=0x7836d vm_ip=0x722e605a4dbb vm_ip_off=0x1a4dbb vm_flags=0x315a75f6 vm_state=0xf6f63987 vm_byte=0x62 table=0x722e604c3718 table_off=0xc3718 rax=0x202440400479 rbx=0x722e604a991e rcx=0x722e60478377 rdx=0xffff8dd19fb87c68 rsi=0xffff8dd100000003 rdi=0x722e604784dd r8=0x722e604c3e90 r9=0xffff1ba33f708670 r10=0x722e604784dd r11=0x722e6047836d r12=0xffff8dd19fb87c93 r13=0xffff8dd100000003 r14=0x778 r15=0x722e604a991e rbp=0x722e6047836d rsp=0x7ffdaa1b6650 fs0x0=0x7ffda7b8d181 fs0x12=0x2e00 fs0x60=0x6abb3e53 fs0x68=0x7ffdaa1b6658 fs0x71=0x1a44e4f0 fs0x81=0x722e46029f31 fs0xe1=0x3820000000000062 fs0x13d=0x202 fs0x16f=0xf6f6398701 fs0x1e8=0x7ffdaa1b6650 fs0x13=0x2e fs0x91=0x624de4e03010 fs0xab=0x624de4e1e978 fs0xb3=0x1 fs0xcb=0x722e61135000 fs0x19d=0x722e609893eb fs0x28=0x246 fs0x38=0x624da8754dc8 fs0x79=0x0 fs0x89=0x0 fs0x99=0x624de4e1e960 fs0xd3=0x624de4e20708 fs0x107=0x624de4e03820 fs0x123=0x7ffdaa1b69d8 fs0x128=0x7f fs0x147=0x6 ip_w0=0x8217 ip_w1=0x28d3 ip_w2=0x988e ip_w3=0x158 ip_w4=0x70b4 ip_w5=0x147c ip_w6=0x9 ip_w7=0x82c6 ip_w8=0x13d ip_w9=0x971f ip_w10=0x55ad ip_w11=0xccfd ip_w12=0x9868 ip_w13=0xfe68 ip_w14=0x9109 ip_w15=0x30c1 target=0x722e604a991e target_off=0xa991e
[VMTAIL] site=0x9b0c5 count=44 frame=0x722e6047836d frame_off=0x7836d vm_ip=0x722e605a4fd7 vm_ip_off=0x1a4fd7 vm_flags=0x6d9d3fcd vm_state=0xcae3e0b7 vm_byte=0x3a table=0x722e604c3718 table_off=0xc3718 rax=0x0 rbx=0x400 rcx=0x722e6047847c rdx=0x722e60478555 rsi=0x722e604c3c70 rdi=0x210 r8=0x558 r9=0x722e60400dbc r10=0x722e6049b4b3 r11=0x722e605a4fd3 r12=0x722e60478391 r13=0x722e60478377 r14=0x620c20410480 r15=0x624da8754dc8 rbp=0x722e6047836d rsp=0x7ffdaa1b65b8 fs0x0=0x624de9425eb9 fs0x12=0x722e6042aa0000 fs0x60=0x722e71d71467 fs0x68=0x722e6042aa00 fs0x71=0x722e7a878eef fs0x81=0x722e46029e91 fs0xe1=0x3820000000000062 fs0x13d=0x202 fs0x16f=0xcae3e0b701 fs0x1e8=0x7ffdaa1b65b8 fs0x13=0x722e6042aa00 fs0x91=0x624de4e03010 fs0xab=0x624de4e1e978 fs0xb3=0x722e6042aa00 fs0xcb=0x722e61135000 fs0x19d=0x7ffdaa1b6680 fs0x28=0x246 fs0x38=0x624da8754dc8 fs0x79=0x0 fs0x89=0x0 fs0x99=0x624de4e1e960 fs0xd3=0x624de4e20708 fs0x107=0x624de4e03820 fs0x123=0x7ffdaa1b69d8 fs0x128=0x7f fs0x147=0x6 ip_w0=0x9d ip_w1=0xcf2f ip_w2=0x99 ip_w3=0xd9bc ip_w4=0x99 ip_w5=0x968a ip_w6=0x399c ip_w7=0xe803 ip_w8=0x8501 ip_w9=0x23af ip_w10=0x1102 ip_w11=0x36cb ip_w12=0xf8f2 ip_w13=0x4d08 ip_w14=0xb4f8 ip_w15=0x1e8 target=0x722e6049b4b3 target_off=0x9b4b3
[VMTAIL] site=0xb86f5 count=45 frame=0x722e6047836d frame_off=0x7836d vm_ip=0x722e605a51af vm_ip_off=0x1a51af vm_flags=0x10c0b4fd vm_state=0x10c0b4fd vm_byte=0x3a table=0x722e604c3718 table_off=0xc3718 rax=0x722e604c40c8 rbx=0x722e605a51ad rcx=0x722e605a510b rdx=0xffffffffffffffe0 rsi=0x722e60478377 rdi=0x722e6047847c r8=0x0 r9=0x558 r10=0x0 r11=0x722e60468d56 r12=0x722e604c3c70 r13=0x722e6049b4b3 r14=0x722e6047847c r15=0x722e60478390 rbp=0x722e6047836d rsp=0x7ffdaa1b65b8 fs0x0=0x722e6d2d2099 fs0x12=0x722e6113570800 fs0x60=0x6abb3e53 fs0x68=0x722e6042aa00 fs0x71=0x1a44e4f0 fs0x81=0x722e46029f31 fs0xe1=0x3820000000000062 fs0x13d=0x202 fs0x16f=0x10c0b4fd01 fs0x1e8=0x7ffdaa1b65b8 fs0x13=0x722e61135708 fs0x91=0x624de4e03010 fs0xab=0x722e60400dbc fs0xb3=0x1 fs0xcb=0x722e61135000 fs0x19d=0x0 fs0x28=0x722e60400a58 fs0x38=0x624da8754dc8 fs0x79=0x722e60400dbc fs0x89=0x0 fs0x99=0x722e608e9740 fs0xd3=0x1720d4 fs0x107=0x624de4e03820 fs0x123=0x7ffdaa1b69d8 fs0x128=0x7f fs0x147=0x6 ip_w0=0x9d ip_w1=0xcf2f ip_w2=0x99 ip_w3=0xe144 ip_w4=0x99 ip_w5=0x4d79 ip_w6=0xfdb1 ip_w7=0xe89e ip_w8=0xef01 ip_w9=0x879d ip_w10=0xcf76 ip_w11=0xac74 ip_w12=0xa5dc ip_w13=0x370e ip_w14=0x1d1d ip_w15=0x1e8 target=0x722e6049b4b3 target_off=0x9b4b3
[TRACE] caller=eac.elf+0x1a689b mprotect addr=0x722e60400000 len=0x1000 prot=0x3
[TRACE] caller=eac.elf+0x1a6a09 mprotect addr=0x722e60400000 len=0x1000 prot=0x1
[VMTAIL] site=0x9b0c5 count=46 frame=0x722e6047836d frame_off=0x7836d vm_ip=0x722e605221a4 vm_ip_off=0x1221a4 vm_flags=0x33d0ccb8 vm_state=0x98f9d8d1 vm_byte=0x3a table=0x722e604c3718 table_off=0xc3718 rax=0x0 rbx=0x0 rcx=0x722e6047847c rdx=0x722e60478555 rsi=0x722e604c3c70 rdi=0x210 r8=0x558 r9=0x0 r10=0x722e6049b4b3 r11=0x722e605221a0 r12=0x722e60478391 r13=0x722e60478377 r14=0x620c20410480 r15=0x624da8754dc8 rbp=0x722e6047836d rsp=0x7ffdaa1b6628 fs0x0=0xda3b7d9 fs0x12=0x722e6040000000 fs0x60=0x7ffde38a994c fs0x68=0x7ffdaa1b6663 fs0x71=0x1a44e4f0 fs0x81=0x722e46029f31 fs0xe1=0x3820000000000062 fs0x13d=0x246 fs0x16f=0x98f9d8d101 fs0x1e8=0x7ffdaa1b6628 fs0x13=0x722e60400000 fs0x91=0x624de4e03010 fs0xab=0x0 fs0xb3=0x1 fs0xcb=0x722e61135000 fs0x19d=0x1000 fs0x28=0x202 fs0x38=0x624da8754dc8 fs0x79=0x722e60f33aeb fs0x89=0x0 fs0x99=0x0 fs0xd3=0x1 fs0x107=0x624de4e03820 fs0x123=0x7ffdaa1b69d8 fs0x128=0x7f fs0x147=0x6 ip_w0=0x9d ip_w1=0xcf37 ip_w2=0x99 ip_w3=0x803c ip_w4=0xa0 ip_w5=0xdd2a ip_w6=0x5d8f ip_w7=0xe893 ip_w8=0x5a01 ip_w9=0xafd5 ip_w10=0x6e61 ip_w11=0xf8fc ip_w12=0x5a3 ip_w13=0x41af ip_w14=0x995a ip_w15=0x1e8 target=0x722e6049b4b3 target_off=0x9b4b3
[VMTAIL] site=0x9634f count=47 frame=0x722e6047836d frame_off=0x7836d vm_ip=0x722e60522344 vm_ip_off=0x122344 vm_flags=0x9a73565d vm_state=0x3a8321ab vm_byte=0x62 table=0x722e604c3718 table_off=0xc3718 rax=0xffff8dd19fb87681 rbx=0x722e605222cd rcx=0x722e605222d5 rdx=0x7fe915bd rsi=0xffff8dd1ffffffff rdi=0x77 r8=0x0 r9=0x10 r10=0x722e60478377 r11=0x722e605222d1 r12=0x722e6049b4b3 r13=0xab r14=0x57bd r15=0x722e604c3c01 rbp=0x722e6047836d rsp=0x7ffdaa1b66c0 fs0x0=0x188232b1 fs0x12=0x722e6040000001 fs0x60=0x0 fs0x68=0x7ffdaa1b6663 fs0x71=0x1a44e4ef fs0x81=0x722e46029f31 fs0xe1=0x3820000000000062 fs0x13d=0x246 fs0x16f=0x3a8321ab01 fs0x1e8=0x7ffdaa1b66c0 fs0x13=0x722e60400000 fs0x91=0x624de4e03010 fs0xab=0x0 fs0xb3=0x0 fs0xcb=0x722e61135000 fs0x19d=0x0 fs0x28=0x202 fs0x38=0x624da8754dc8 fs0x79=0x722e60f33aeb fs0x89=0x0 fs0x99=0x0 fs0xd3=0x0 fs0x107=0x624de4e03820 fs0x123=0x7ffdaa1b69d8 fs0x128=0x7f fs0x147=0x6 ip_w0=0x15b ip_w1=0x3c31 ip_w2=0x931 ip_w3=0x7aff ip_w4=0x23a ip_w5=0xe1e9 ip_w6=0xf02b ip_w7=0xd8af ip_w8=0x73f0 ip_w9=0xe808 ip_w10=0x1 ip_w11=0x3d2c ip_w12=0x1 ip_w13=0x973f ip_w14=0x4615 ip_w15=0x1f2f target=0x722e6049b4b3 target_off=0x9b4b3
[VMTAIL] site=0x8173b count=48 frame=0x722e6047836d frame_off=0x7836d vm_ip=0x722e605705a9 vm_ip_off=0x1705a9 vm_flags=0xed741ff8 vm_state=0x7a61e008 vm_byte=0x3a table=0x722e604c3718 table_off=0xc3718 rax=0x722e6049af18 rbx=0x800 rcx=0x722e604c3c60 rdx=0x722e60478390 rsi=0x722e61134ab8 rdi=0x722e60478390 r8=0x722e6047847c r9=0x0 r10=0x804 r11=0x202 r12=0x7fffffff r13=0x722e60478377 r14=0x722e61134ab8 r15=0x8 rbp=0x722e6047836d rsp=0x7ffdaa1b6568 fs0x0=0xda3b7d9 fs0x12=0x624de4e1cdf001 fs0x60=0x624d6f9e1e77 fs0x68=0x7ffdaa1b6708 fs0x71=0x624dff26b2df fs0x81=0x722e46029e91 fs0xe1=0x3820000000000062 fs0x13d=0x246 fs0x16f=0x7a61e00801 fs0x1e8=0x7ffdaa1b6630 fs0x13=0x624de4e1cdf0 fs0x91=0x624de4e03010 fs0xab=0x0 fs0xb3=0x624de4e1cdf0 fs0xcb=0x722e61135000 fs0x19d=0x0 fs0x28=0x202 fs0x38=0x624da8754dc8 fs0x79=0x722e60f33aeb fs0x89=0x0 fs0x99=0x0 fs0xd3=0x0 fs0x107=0x624de4e03820 fs0x123=0x7ffdaa1b69d8 fs0x128=0x7f fs0x147=0x6 ip_w0=0xab ip_w1=0x1e8 ip_w2=0x151 ip_w3=0x9838 ip_w4=0x99 ip_w5=0x25f7 ip_w6=0x861a ip_w7=0xeb21 ip_w8=0xe803 ip_w9=0x1101 ip_w10=0x78f8 ip_w11=0xda1b ip_w12=0x1023 ip_w13=0x6a94 ip_w14=0x753d ip_w15=0xa601 target=0x722e6049af18 target_off=0x9af18
[VMTAIL] site=0xb86f5 count=49 frame=0x722e6047836d frame_off=0x7836d vm_ip=0x722e60570864 vm_ip_off=0x170864 vm_flags=0x8a5e7085 vm_state=0x8a5e7085 vm_byte=0x3a table=0x722e604c3718 table_off=0xc3718 rax=0x722e604c40c8 rbx=0x722e60570862 rcx=0x722e605707c0 rdx=0xffffffffffffffe0 rsi=0x722e60478377 rdi=0x722e6047847c r8=0x0 r9=0x528 r10=0x0 r11=0x722e60468d56 r12=0x722e604c3c40 r13=0x722e6049a24c r14=0x722e6047847c r15=0x722e60478390 rbp=0x722e6047836d rsp=0x7ffdaa1b6568 fs0x0=0xda3b7d9 fs0x12=0x7ffdaa1b662001 fs0x60=0x7ffdaa1b6620 fs0x68=0x7ffdaa1b6620 fs0x71=0x7ffdc4604b0f fs0x81=0x722e46029e91 fs0xe1=0x3820000000000062 fs0x13d=0x246 fs0x16f=0x8a5e708501 fs0x1e8=0x7ffdaa1b6568 fs0x13=0x7ffdaa1b6620 fs0x91=0x624de4e1ea20 fs0xab=0x0 fs0xb3=0x7ffdaa1b6620 fs0xcb=0x722e61135000 fs0x19d=0x0 fs0x28=0x202 fs0x38=0x624da8754dc8 fs0x79=0x722e60f33aeb fs0x89=0x0 fs0x99=0x0 fs0xd3=0x0 fs0x107=0x624de4e03820 fs0x123=0x7ffdaa1b69d8 fs0x128=0x7f fs0x147=0x6 ip_w0=0x72 ip_w1=0x5ef3 ip_w2=0xac8c ip_w3=0x860 ip_w4=0x59c0 ip_w5=0x998b ip_w6=0xe82b ip_w7=0x9901 ip_w8=0x9af5 ip_w9=0x8c1e ip_w10=0x4fa0 ip_w11=0xba93 ip_w12=0xd7eb ip_w13=0xab ip_w14=0xbaaa ip_w15=0x1e8 target=0x722e6049a24c target_off=0x9a24c
[VMTAIL] site=0xb86f5 count=50 frame=0x722e6047836d frame_off=0x7836d vm_ip=0x722e60570b4f vm_ip_off=0x170b4f vm_flags=0x12831a14 vm_state=0xceabcefd vm_byte=0x3a table=0x722e604c3718 table_off=0xc3718 rax=0x722e604c40c8 rbx=0x722e60570b4d rcx=0x722e60570aab rdx=0xffffffffffffffe0 rsi=0x722e60478377 rdi=0x722e6047847c r8=0x0 r9=0x558 r10=0x0 r11=0xfffff230b62b1736 r12=0x722e604c3c70 r13=0x722e6049b4b3 r14=0x722e6047847c r15=0x722e60478390 rbp=0x722e6047836d rsp=0x7ffdaa1b6568 fs0x0=0xda3b7d8 fs0x12=0x7ffdaa1b664001 fs0x60=0x7ffdaa1b6640 fs0x68=0x7ffdaa1b6640 fs0x71=0x7ffdc4604b2f fs0x81=0x722e46029e91 fs0xe1=0x3820000000000062 fs0x13d=0x246 fs0x16f=0xceabcefd01 fs0x1e8=0x7ffdaa1b6568 fs0x13=0x7ffdaa1b6640 fs0x91=0x624de4e1ea20 fs0xab=0x0 fs0xb3=0x7ffdaa1b6640 fs0xcb=0x722e61135000 fs0x19d=0x7ffdaa1b6620 fs0x28=0x202 fs0x38=0x624da8754dc8 fs0x79=0x0 fs0x89=0x0 fs0x99=0x1 fs0xd3=0x624de4e1cdf0 fs0x107=0x624de4e03820 fs0x123=0x7ffdaa1b69d8 fs0x128=0x7f fs0x147=0x6 ip_w0=0xcb ip_w1=0x919f ip_w2=0x7635 ip_w3=0xc5be ip_w4=0xceb1 ip_w5=0x79d ip_w6=0xe84d ip_w7=0x1901 ip_w8=0xd3fa ip_w9=0xab00 ip_w10=0xd000 ip_w11=0x9320 ip_w12=0xd57f ip_w13=0xbe01 ip_w14=0x1e8 ip_w15=0x6e9a target=0x722e6049b4b3 target_off=0x9b4b3
[VMTAIL] site=0xb86f5 count=51 frame=0x722e6047836d frame_off=0x7836d vm_ip=0x722e60570dbf vm_ip_off=0x170dbf vm_flags=0x9b3d28e5 vm_state=0x69bffffa vm_byte=0x3a table=0x722e604c3718 table_off=0xc3718 rax=0x722e604c40c8 rbx=0x722e60570dbd rcx=0x722e60570d1b rdx=0xffffffffffffffe0 rsi=0x722e60478377 rdi=0x722e6047847c r8=0x0 r9=0xb10 r10=0x0 r11=0xfffff230b62b2806 r12=0x722e604c4228 r13=0x722e604c2241 r14=0x722e6047847c r15=0x722e60478390 rbp=0x722e6047836d rsp=0x7ffdaa1b6568 fs0x0=0xda3b7d8 fs0x12=0x624de4e1ea2001 fs0x60=0x624de4e1ea20 fs0x68=0x7ffdaa1b6640 fs0x71=0x624dff26cf0f fs0x81=0x722e46029e91 fs0xe1=0x3820000000000062 fs0x13d=0x206 fs0x16f=0x69bffffa01 fs0x1e8=0x7ffdaa1b6568 fs0x13=0x624de4e1ea20 fs0x91=0x624de4e1ea20 fs0xab=0x0 fs0xb3=0x7ffdaa1b6640 fs0xcb=0x722e61135000 fs0x19d=0x7ffdaa1b6640 fs0x28=0x202 fs0x38=0x624da8754dc8 fs0x79=0x9c4 fs0x89=0x0 fs0x99=0x1 fs0xd3=0x9c4 fs0x107=0x624de4e03820 fs0x123=0x7ffdaa1b69d8 fs0x128=0x7f fs0x147=0x6 ip_w0=0x2b ip_w1=0x7dbd ip_w2=0x99 ip_w3=0x855a ip_w4=0x7ae6 ip_w5=0x99a0 ip_w6=0xe800 ip_w7=0x401 ip_w8=0x5b04 ip_w9=0x4caf ip_w10=0x7fe8 ip_w11=0xab55 ip_w12=0xb200 ip_w13=0x3a81 ip_w14=0xca26 ip_w15=0x1e8 target=0x722e604c2241 target_off=0xc2241
[VMTAIL] site=0x9b0c5 count=52 frame=0x722e6047836d frame_off=0x7836d vm_ip=0x722e60570fe9 vm_ip_off=0x170fe9 vm_flags=0xc62d3346 vm_state=0xc22b88d8 vm_byte=0x3a table=0x722e604c3718 table_off=0xc3718 rax=0x0 rbx=0x400 rcx=0x722e6047847c rdx=0x722e60478555 rsi=0x722e604c3c70 rdi=0x210 r8=0x558 r9=0x624de4e1eb30 r10=0x722e6049b4b3 r11=0x722e60570fe5 r12=0x722e60478391 r13=0x722e60478377 r14=0x620c20410480 r15=0x624da8754dc8 rbp=0x722e6047836d rsp=0x7ffdaa1b6568 fs0x0=0x624de9425cc1 fs0x12=0x7ffdaa1b664001 fs0x60=0x7ffe1cbf6c66 fs0x68=0x7ffdaa1b6640 fs0x71=0x7ffdc4604b2f fs0x81=0x722e46029e91 fs0xe1=0x3820000000000062 fs0x13d=0x202 fs0x16f=0xc22b88d801 fs0x1e8=0x7ffdaa1b6568 fs0x13=0x7ffdaa1b6640 fs0x91=0x624de4e1ea20 fs0xab=0x624de4e1eb30 fs0xb3=0x7ffdaa1b6640 fs0xcb=0x722e61135000 fs0x19d=0x7ffdaa1b6550 fs0x28=0x246 fs0x38=0x624da8754dc8 fs0x79=0x722e60ea2b5c fs0x89=0x0 fs0x99=0x624de4e1eb18 fs0xd3=0x2 fs0x107=0x624de4e03820 fs0x123=0x7ffdaa1b69d8 fs0x128=0x7f fs0x147=0x6 ip_w0=0x15b ip_w1=0x3d78 ip_w2=0x962 ip_w3=0xf570 ip_w4=0xffb ip_w5=0x9572 ip_w6=0x63a ip_w7=0xe864 ip_w8=0x4c01 ip_w9=0xeac6 ip_w10=0x9f9e ip_w11=0x5791 ip_w12=0xcea7 ip_w13=0xb485 ip_w14=0xbf5e ip_w15=0x1e8 target=0x722e6049b4b3 target_off=0x9b4b3
[VMTAIL] site=0xb86f5 count=53 frame=0x722e6047836d frame_off=0x7836d vm_ip=0x722e60571213 vm_ip_off=0x171213 vm_flags=0x14022b48 vm_state=0x4000fd56 vm_byte=0x3a table=0x722e604c3718 table_off=0xc3718 rax=0x722e604c40c8 rbx=0x722e60571211 rcx=0x722e6057116f rdx=0xffffffffffffffe0 rsi=0x722e60478377 rdi=0x722e6047847c r8=0x0 r9=0x558 r10=0x0 r11=0xfffff230b62b1736 r12=0x722e604c3c70 r13=0x722e6049b4b3 r14=0x722e6047847c r15=0x722e60478390 rbp=0x722e6047836d rsp=0x7ffdaa1b6568 fs0x0=0x624de9425cc1 fs0x12=0x7ffdaa1b662001 fs0x60=0x7ffdbbafd087 fs0x68=0x7ffdaa1b6620 fs0x71=0x7ffdc4604b0f fs0x81=0x722e46029e91 fs0xe1=0x3820000000000062 fs0x13d=0x246 fs0x16f=0x4000fd5601 fs0x1e8=0x7ffdaa1b6568 fs0x13=0x7ffdaa1b6620 fs0x91=0x624de4e1ea20 fs0xab=0x624de4e1eb30 fs0xb3=0x7ffdaa1b6620 fs0xcb=0x722e61135000 fs0x19d=0x7ffdaa1b6640 fs0x28=0x246 fs0x38=0x624da8754dc8 fs0x79=0x722e60ea2b5c fs0x89=0x0 fs0x99=0x624de4e1eb18 fs0xd3=0x2 fs0x107=0x624de4e03820 fs0x123=0x7ffdaa1b69d8 fs0x128=0x7f fs0x147=0x6 ip_w0=0x42 ip_w1=0x9819 ip_w2=0x633a ip_w3=0xe3ab ip_w4=0xdf9 ip_w5=0x3186 ip_w6=0xa64f ip_w7=0xe890 ip_w8=0xb01 ip_w9=0xabcc ip_w10=0xed00 ip_w11=0xaa0e ip_w12=0xd0cb ip_w13=0x2a00 ip_w14=0xf76e ip_w15=0x1e8 target=0x722e6049b4b3 target_off=0x9b4b3
[VMTAIL] site=0x9b0c5 count=54 frame=0x722e6047836d frame_off=0x7836d vm_ip=0x722e605714ca vm_ip_off=0x1714ca vm_flags=0xc60f3346 vm_state=0xba2d80d8 vm_byte=0x3a table=0x722e604c3718 table_off=0xc3718 rax=0x0 rbx=0x400 rcx=0x722e6047847c rdx=0x722e60478555 rsi=0x722e604c4228 rdi=0x210 r8=0xb10 r9=0x624de4e1eb30 r10=0x722e604c2241 r11=0x722e605714c6 r12=0x722e60478391 r13=0x722e60478377 r14=0x620c20440040 r15=0x624da8754dc8 rbp=0x722e6047836d rsp=0x7ffdaa1b6568 fs0x0=0x624de9425cc1 fs0x12=0x7ffdaa1b662001 fs0x60=0x7ffdaa1b6620 fs0x68=0x7ffdaa1b6620 fs0x71=0x7ffdc4604b0f fs0x81=0x722e46029e91 fs0xe1=0x3820000000000062 fs0x13d=0x246 fs0x16f=0xba2d80d801 fs0x1e8=0x7ffdaa1b6568 fs0x13=0x7ffdaa1b6620 fs0x91=0x624de4e1ebc0 fs0xab=0x624de4e1eb30 fs0xb3=0x7ffdaa1b6620 fs0xcb=0x722e61135000 fs0x19d=0x7ffdaa1b6620 fs0x28=0x246 fs0x38=0x624da8754dc8 fs0x79=0x722e60ea2b5c fs0x89=0x0 fs0x99=0x624de4e1eb18 fs0xd3=0x2 fs0x107=0x624de4e03820 fs0x123=0x7ffdaa1b69d8 fs0x128=0x7f fs0x147=0x6 ip_w0=0x72 ip_w1=0x6373 ip_w2=0xac8c ip_w3=0xe116 ip_w4=0x3ab ip_w5=0x4dfe ip_w6=0x7db1 ip_w7=0xe852 ip_w8=0x7a01 ip_w9=0x6c8d ip_w10=0x7e01 ip_w11=0xcb60 ip_w12=0xe5d0 ip_w13=0x3a4d ip_w14=0xe296 ip_w15=0x1e8 target=0x722e604c2241 target_off=0xc2241
[VMTAIL] site=0x9b0c5 count=55 frame=0x722e6047836d frame_off=0x7836d vm_ip=0x722e605717b5 vm_ip_off=0x1717b5 vm_flags=0x75b464ae vm_state=0x30d27bd3 vm_byte=0x3a table=0x722e604c3718 table_off=0xc3718 rax=0x0 rbx=0x400 rcx=0x722e6047847c rdx=0x722e60478555 rsi=0x722e604c4228 rdi=0x210 r8=0xb10 r9=0x624de4e1eb30 r10=0x722e604c2241 r11=0x722e605717b1 r12=0x722e60478391 r13=0x722e60478377 r14=0x620c20440040 r15=0x624da8754dc8 rbp=0x722e6047836d rsp=0x7ffdaa1b6568 fs0x0=0xda3b7d8 fs0x12=0x7ffdaa1b664001 fs0x60=0x7ffdc7f995ea fs0x68=0x7ffdaa1b6640 fs0x71=0x7ffdc4604b2f fs0x81=0x722e46029e91 fs0xe1=0x3820000000000062 fs0x13d=0x246 fs0x16f=0x30d27bd301 fs0x1e8=0x7ffdaa1b6568 fs0x13=0x7ffdaa1b6640 fs0x91=0x624de4e1ebc0 fs0xab=0x624de4e1eb30 fs0xb3=0x7ffdaa1b6640 fs0xcb=0x722e61135000 fs0x19d=0x7ffdaa1b6620 fs0x28=0x246 fs0x38=0x624da8754dc8 fs0x79=0x0 fs0x89=0x0 fs0x99=0x1 fs0xd3=0x624de4e1cdf0 fs0x107=0x624de4e03820 fs0x123=0x7ffdaa1b69d8 fs0x128=0x7f fs0x147=0x6 ip_w0=0x40 ip_w1=0xaaad ip_w2=0x99 ip_w3=0x6c43 ip_w4=0x38b3 ip_w5=0xdde8 ip_w6=0xfdd5 ip_w7=0xe819 ip_w8=0x1f01 ip_w9=0xf3f4 ip_w10=0x5581 ip_w11=0xc8a5 ip_w12=0xa870 ip_w13=0xe016 ip_w14=0x1e8 ip_w15=0xc46e target=0x722e604c2241 target_off=0xc2241
[VMTAIL] site=0xb86f5 count=56 frame=0x722e6047836d frame_off=0x7836d vm_ip=0x722e60571a25 vm_ip_off=0x171a25 vm_flags=0x4280a900 vm_state=0xdfab67f1 vm_byte=0x3a table=0x722e604c3718 table_off=0xc3718 rax=0x722e604c40c8 rbx=0x722e60571a23 rcx=0x722e60571981 rdx=0xffffffffffffffe0 rsi=0x722e60478377 rdi=0x722e6047847c r8=0x0 r9=0x558 r10=0x0 r11=0xfffff230b62b2806 r12=0x722e604c3c70 r13=0x722e6049b4b3 r14=0x722e6047847c r15=0x722e60478390 rbp=0x722e6047836d rsp=0x7ffdaa1b6568 fs0x0=0xda3b7d8 fs0x12=0x624de4e1ebc001 fs0x60=0x624de4e1ebc0 fs0x68=0x7ffdaa1b6640 fs0x71=0x624dff26d0af fs0x81=0x722e46029e91 fs0xe1=0x3820000000000062 fs0x13d=0x206 fs0x16f=0xdfab67f101 fs0x1e8=0x7ffdaa1b6568 fs0x13=0x624de4e1ebc0 fs0x91=0x624de4e1ebc0 fs0xab=0x624de4e1eb30 fs0xb3=0x7ffdaa1b6640 fs0xcb=0x722e61135000 fs0x19d=0x7ffdaa1b6640 fs0x28=0x246 fs0x38=0x624da8754dc8 fs0x79=0xea60 fs0x89=0x0 fs0x99=0x1 fs0xd3=0xafc8 fs0x107=0x624de4e03820 fs0x123=0x7ffdaa1b69d8 fs0x128=0x7f fs0x147=0x6 ip_w0=0x10c ip_w1=0x1c4a ip_w2=0x6b2e ip_w3=0xb575 ip_w4=0xc183 ip_w5=0xfd83 ip_w6=0xe600 ip_w7=0xe894 ip_w8=0x7d01 ip_w9=0xbd24 ip_w10=0x9005 ip_w11=0x5c03 ip_w12=0x89a1 ip_w13=0xcf46 ip_w14=0xaeb2 ip_w15=0x1e8 target=0x722e6049b4b3 target_off=0x9b4b3
[VMTAIL] site=0x9b0c5 count=57 frame=0x722e6047836d frame_off=0x7836d vm_ip=0x722e60571c4f vm_ip_off=0x171c4f vm_flags=0x403eb39e vm_state=0x513c8908 vm_byte=0x3a table=0x722e604c3718 table_off=0xc3718 rax=0x0 rbx=0x400 rcx=0x722e6047847c rdx=0x722e60478555 rsi=0x722e604c4228 rdi=0x210 r8=0xb10 r9=0x624de4e1ecd0 r10=0x722e604c2241 r11=0x722e60571c4b r12=0x722e60478391 r13=0x722e60478377 r14=0x620c20440040 r15=0x624da8754dc8 rbp=0x722e6047836d rsp=0x7ffdaa1b6568 fs0x0=0x624de9425b61 fs0x12=0x7ffdaa1b664001 fs0x60=0x7ffdaa1b6640 fs0x68=0x7ffdaa1b6640 fs0x71=0x7ffdc4604b2f fs0x81=0x722e46029e91 fs0xe1=0x3820000000000062 fs0x13d=0x202 fs0x16f=0x513c890801 fs0x1e8=0x7ffdaa1b6568 fs0x13=0x7ffdaa1b6640 fs0x91=0x624de4e1ebc0 fs0xab=0x624de4e1ecd0 fs0xb3=0x7ffdaa1b6640 fs0xcb=0x722e61135000 fs0x19d=0x7ffdaa1b6550 fs0x28=0x246 fs0x38=0x624da8754dc8 fs0x79=0x722e60ea2b5c fs0x89=0x0 fs0x99=0x624de4e1ecb8 fs0xd3=0x2 fs0x107=0x624de4e03820 fs0x123=0x7ffdaa1b69d8 fs0x128=0x7f fs0x147=0x6 ip_w0=0x9d ip_w1=0xd317 ip_w2=0x99 ip_w3=0x390 ip_w4=0x2fff ip_w5=0x69 ip_w6=0x8dae ip_w7=0xe89c ip_w8=0xff01 ip_w9=0xabdd ip_w10=0xc900 ip_w11=0x9e09 ip_w12=0xd8be ip_w13=0x9c09 ip_w14=0x1e8 ip_w15=0xfaf9 target=0x722e604c2241 target_off=0xc2241
[VMTAIL] site=0x9b0c5 count=58 frame=0x722e6047836d frame_off=0x7836d vm_ip=0x722e60571e79 vm_ip_off=0x171e79 vm_flags=0xec87f335 vm_state=0xd0d627d3 vm_byte=0x3a table=0x722e604c3718 table_off=0xc3718 rax=0x0 rbx=0x400 rcx=0x722e6047847c rdx=0x722e60478555 rsi=0x722e604c3c40 rdi=0x210 r8=0x528 r9=0x624de4e1ecd0 r10=0x722e6049a24c r11=0x722e60571e75 r12=0x722e60478391 r13=0x722e60478377 r14=0x620c20410048 r15=0x624da8754dc8 rbp=0x722e6047836d rsp=0x7ffdaa1b6568 fs0x0=0x624de9425b61 fs0x12=0x7ffdaa1b662001 fs0x60=0x7ffdaa1b6620 fs0x68=0x7ffdaa1b6620 fs0x71=0x7ffdc4604b0f fs0x81=0x722e46029e91 fs0xe1=0x3820000000000062 fs0x13d=0x246 fs0x16f=0xd0d627d301 fs0x1e8=0x7ffdaa1b6568 fs0x13=0x7ffdaa1b6620 fs0x91=0x624de4e1ebc0 fs0xab=0x624de4e1ecd0 fs0xb3=0x7ffdaa1b6620 fs0xcb=0x722e61135000 fs0x19d=0x7ffdaa1b6640 fs0x28=0x246 fs0x38=0x624da8754dc8 fs0x79=0x722e60ea2b5c fs0x89=0x0 fs0x99=0x624de4e1ecb8 fs0xd3=0x2 fs0x107=0x624de4e03820 fs0x123=0x7ffdaa1b69d8 fs0x128=0x7f fs0x147=0x6 ip_w0=0xac ip_w1=0xafb2 ip_w2=0xaa3 ip_w3=0x8c94 ip_w4=0xbc7a ip_w5=0x49cf ip_w6=0xe8cb ip_w7=0xf901 ip_w8=0xf3fa ip_w9=0xbe93 ip_w10=0x1f31 ip_w11=0xabe5 ip_w12=0xdf00 ip_w13=0x2288 ip_w14=0x45b8 ip_w15=0x1e8 target=0x722e6049a24c target_off=0x9a24c
[VMTAIL] site=0x9b0c5 count=59 frame=0x722e6047836d frame_off=0x7836d vm_ip=0x722e60572130 vm_ip_off=0x172130 vm_flags=0xfcf9e66c vm_state=0x2fe99a8d vm_byte=0x3a table=0x722e604c3718 table_off=0xc3718 rax=0x0 rbx=0x0 rcx=0x722e6047847c rdx=0x722e60478555 rsi=0x722e604c4228 rdi=0x210 r8=0xb10 r9=0x624de4e1ecd0 r10=0x722e604c2241 r11=0x722e6057212c r12=0x722e60478391 r13=0x722e60478377 r14=0x620c20440040 r15=0x624da8754dc8 rbp=0x722e6047836d rsp=0x7ffdaa1b6568 fs0x0=0x624de9425b61 fs0x12=0x7ffdaa1b662001 fs0x60=0x7ffe1cbf6c46 fs0x68=0x7ffdaa1b6620 fs0x71=0x7ffdc4604b0f fs0x81=0x722e46029e91 fs0xe1=0x3820000000000062 fs0x13d=0x246 fs0x16f=0x2fe99a8d01 fs0x1e8=0x7ffdaa1b6568 fs0x13=0x7ffdaa1b6620 fs0x91=0x624de4e1ea20 fs0xab=0x624de4e1ecd0 fs0xb3=0x7ffdaa1b6620 fs0xcb=0x722e61135000 fs0x19d=0x7ffdaa1b6620 fs0x28=0x246 fs0x38=0x624da8754dc8 fs0x79=0x722e60ea2b5c fs0x89=0x0 fs0x99=0x624de4e1ecb8 fs0xd3=0x2 fs0x107=0x624de4e03820 fs0x123=0x7ffdaa1b69d8 fs0x128=0x7f fs0x147=0x6 ip_w0=0xbd ip_w1=0x99 ip_w2=0xec4c ip_w3=0x8183 ip_w4=0x543a ip_w5=0x6569 ip_w6=0x55d6 ip_w7=0xe898 ip_w8=0x4001 ip_w9=0x1a05 ip_w10=0x5626 ip_w11=0xd6ee ip_w12=0xfa48 ip_w13=0xb365 ip_w14=0x1e8 ip_w15=0xcafc target=0x722e604c2241 target_off=0xc2241
[VMTAIL] site=0x9b0c5 count=60 frame=0x722e6047836d frame_off=0x7836d vm_ip=0x722e6057241b vm_ip_off=0x17241b vm_flags=0x92fb386 vm_state=0xf63586d8 vm_byte=0x3a table=0x722e604c3718 table_off=0xc3718 rax=0x0 rbx=0x400 rcx=0x722e6047847c rdx=0x722e60478555 rsi=0x722e604c3c70 rdi=0x210 r8=0x558 r9=0x624de4e1ecd0 r10=0x722e6049b4b3 r11=0x722e60572417 r12=0x722e60478391 r13=0x722e60478377 r14=0x620c20410480 r15=0x624da8754dc8 rbp=0x722e6047836d rsp=0x7ffdaa1b6568 fs0x0=0xda3b7d8 fs0x12=0x7ffdaa1b664001 fs0x60=0x7ffdc7f995ea fs0x68=0x7ffdaa1b6640 fs0x71=0x7ffdc4604b2f fs0x81=0x722e46029e91 fs0xe1=0x3820000000000062 fs0x13d=0x246 fs0x16f=0xf63586d801 fs0x1e8=0x7ffdaa1b6568 fs0x13=0x7ffdaa1b6640 fs0x91=0x624de4e1ea20 fs0xab=0x624de4e1ecd0 fs0xb3=0x7ffdaa1b6640 fs0xcb=0x722e61135000 fs0x19d=0x7ffdaa1b6620 fs0x28=0x246 fs0x38=0x624da8754dc8 fs0x79=0x0 fs0x89=0x0 fs0x99=0x1 fs0xd3=0x624de4e1cdf0 fs0x107=0x624de4e03820 fs0x123=0x7ffdaa1b69d8 fs0x128=0x7f fs0x147=0x6 ip_w0=0x2b ip_w1=0x77f5 ip_w2=0x99 ip_w3=0x67db ip_w4=0xabfb ip_w5=0x7a85 ip_w6=0xe840 ip_w7=0x1101 ip_w8=0xbaf8 ip_w9=0x4a48 ip_w10=0x798c ip_w11=0x2d4d ip_w12=0xb962 ip_w13=0xeafa ip_w14=0x1e8 ip_w15=0xf531 target=0x722e6049b4b3 target_off=0x9b4b3
[VMTAIL] site=0x9b0c5 count=61 frame=0x722e6047836d frame_off=0x7836d vm_ip=0x722e6057265b vm_ip_off=0x17265b vm_flags=0x3bd04ca8 vm_state=0x1054eecc vm_byte=0x3a table=0x722e604c3718 table_off=0xc3718 rax=0x0 rbx=0x400 rcx=0x722e6047847c rdx=0x722e60478555 rsi=0x722e604c3c70 rdi=0x210 r8=0x558 r9=0x624de4e1eb30 r10=0x722e6049b4b3 r11=0x722e60572657 r12=0x722e60478391 r13=0x722e60478377 r14=0x620c20410480 r15=0x624da8754dc8 rbp=0x722e6047836d rsp=0x7ffdaa1b6568 fs0x0=0xda3b7d8 fs0x12=0x624de4e1ea2001 fs0x60=0x624de4e1ea20 fs0x68=0x7ffdaa1b6640 fs0x71=0x624dff26cf0f fs0x81=0x722e46029e91 fs0xe1=0x3820000000000062 fs0x13d=0x206 fs0x16f=0x1054eecc01 fs0x1e8=0x7ffdaa1b6568 fs0x13=0x624de4e1ea20 fs0x91=0x624de4e1ea20 fs0xab=0x624de4e1ecd0 fs0xb3=0x7ffdaa1b6640 fs0xcb=0x722e61135000 fs0x19d=0x7ffdaa1b6640 fs0x28=0x246 fs0x38=0x624da8754dc8 fs0x79=0x0 fs0x89=0x0 fs0x99=0x1 fs0xd3=0x1 fs0x107=0x624de4e03820 fs0x123=0x7ffdaa1b69d8 fs0x128=0x7f fs0x147=0x6 ip_w0=0x40 ip_w1=0xa6c5 ip_w2=0x99 ip_w3=0xc134 ip_w4=0x823 ip_w5=0x88b5 ip_w6=0x1e8c ip_w7=0xe83e ip_w8=0xf01 ip_w9=0x6bc6 ip_w10=0x2dd8 ip_w11=0xaf9d ip_w12=0xbb ip_w13=0xe07c ip_w14=0x3a7a ip_w15=0x1e8 target=0x722e6049b4b3 target_off=0x9b4b3
[VMTAIL] site=0x8173b count=62 frame=0x722e6047836d frame_off=0x7836d vm_ip=0x722e60528952 vm_ip_off=0x128952 vm_flags=0x7e10ea13 vm_state=0x5d9b11a6 vm_byte=0x3a table=0x722e604c3718 table_off=0xc3718 rax=0x722e6049af18 rbx=0x890 rcx=0x722e604c3c60 rdx=0x722e60478390 rsi=0x722e603ff72c rdi=0x722e60478390 r8=0x722e6047847c r9=0x0 r10=0x804 r11=0x0 r12=0x7fffffff r13=0x722e60478377 r14=0x722e603ff72c r15=0x4 rbp=0x722e6047836d rsp=0x722e603fe5e8 fs0x0=0x624de9425cc1 fs0x12=0x7ffdaa1b664001 fs0x60=0x7ffdaa1b6640 fs0x68=0x7ffdaa1b6640 fs0x71=0x7ffdc4604b2f fs0x81=0x722e46029e91 fs0xe1=0xee00000000000062 fs0x13d=0x202 fs0x16f=0x5d9b11a601 fs0x1e8=0x7ffdaa1b6570 fs0x13=0x7ffdaa1b6640 fs0x91=0x624de4e1ea20 fs0xab=0x624de4e1eb30 fs0xb3=0x7ffdaa1b6640 fs0xcb=0x722e61135000 fs0x19d=0x7ffdaa1b6550 fs0x28=0x246 fs0x38=0x624da8754dc8 fs0x79=0x722e60ea2b5c fs0x89=0x0 fs0x99=0x624de4e1eb18 fs0xd3=0x2 fs0x107=0x624de4e03820 fs0x123=0x7ffdaa1b69d8 fs0x128=0x7f fs0x147=0x6 ip_w0=0x162 ip_w1=0x1e8 ip_w2=0x2b ip_w3=0x7425 ip_w4=0x99 ip_w5=0x810 ip_w6=0xdce6 ip_w7=0x6d72 ip_w8=0xe8d3 ip_w9=0x8401 ip_w10=0xcccd ip_w11=0xab1a ip_w12=0x4c00 ip_w13=0xd355 ip_w14=0xf80a ip_w15=0x1308 target=0x722e6049af18 target_off=0x9af18
[VMTAIL] site=0xb86f5 count=63 frame=0x722e6047836d frame_off=0x7836d vm_ip=0x722e60572885 vm_ip_off=0x172885 vm_flags=0x22400089 vm_state=0xe76c77f4 vm_byte=0x3a table=0x722e604c3718 table_off=0xc3718 rax=0x722e604c40c8 rbx=0x722e60572883 rcx=0x722e605727e1 rdx=0xffffffffffffffe0 rsi=0x722e60478377 rdi=0x722e6047847c r8=0x0 r9=0xb10 r10=0x0 r11=0xfffff230b62b1716 r12=0x722e604c4228 r13=0x722e604c2241 r14=0x722e6047847c r15=0x722e60478390 rbp=0x722e6047836d rsp=0x7ffdaa1b6568 fs0x0=0xda3b7d9 fs0x12=0x722e603feb5001 fs0x60=0x722e603feb50 fs0x68=0x722e603feb50 fs0x71=0x722e7a84d03f fs0x81=0x722e46029e91 fs0xe1=0x3820000000000062 fs0x13d=0x246 fs0x16f=0xe76c77f401 fs0x1e8=0x7ffdaa1b6568 fs0x13=0x722e603feb50 fs0x91=0x624de4e1ea20 fs0xab=0x0 fs0xb3=0x722e603feb50 fs0xcb=0x722e603ffce4 fs0x19d=0x624de4e1cdf0 fs0x28=0x0 fs0x38=0x7ffdaa1b6467 fs0x79=0x0 fs0x89=0x0 fs0x99=0x0 fs0xd3=0x0 fs0x107=0x722e603fee00 fs0x123=0x722e603fedd0 fs0x128=0x72 fs0x147=0x7ffdaa1b6360 ip_w0=0x102 ip_w1=0xbfa6 ip_w2=0x7607 ip_w3=0x158 ip_w4=0xf13a ip_w5=0x4574 ip_w6=0xe809 ip_w7=0xe901 ip_w8=0x48f9 ip_w9=0xab0d ip_w10=0x6a4f ip_w11=0x11a3 ip_w12=0xab73 ip_w13=0x7619 ip_w14=0x1e8 ip_w15=0xc4e4 target=0x722e604c2241 target_off=0xc2241
[VMTAIL] site=0x9b0c5 count=64 frame=0x722e6047836d frame_off=0x7836d vm_ip=0x722e60528b80 vm_ip_off=0x128b80 vm_flags=0x2d5356a8 vm_state=0xcffc6c89 vm_byte=0x3a table=0x722e604c3718 table_off=0xc3718 rax=0x0 rbx=0x0 rcx=0x722e6047847c rdx=0x722e60478555 rsi=0x722e604c3c70 rdi=0x210 r8=0x558 r9=0x0 r10=0x722e6049b4b3 r11=0x722e60528b7c r12=0x722e60478391 r13=0x722e60478377 r14=0x722c20092423 r15=0x7ffdaa1b6467 rbp=0x722e6047836d rsp=0x722e603fe5e8 fs0x0=0x624de9425cc1 fs0x12=0x7ffdaa1b662001 fs0x60=0x7ffd8ca2f1a1 fs0x68=0x7ffdaa1b6620 fs0x71=0x7ffdc4604b0f fs0x81=0x722e46029e91 fs0xe1=0xee00000000000062 fs0x13d=0x246 fs0x16f=0xcffc6c8901 fs0x1e8=0x722e603fe5e8 fs0x13=0x7ffdaa1b6620 fs0x91=0x624de4e1ea20 fs0xab=0x624de4e1eb30 fs0xb3=0x7ffdaa1b6620 fs0xcb=0x722e61135000 fs0x19d=0x7ffdaa1b6640 fs0x28=0x246 fs0x38=0x624da8754dc8 fs0x79=0x722e60ea2b5c fs0x89=0x0 fs0x99=0x624de4e1eb18 fs0xd3=0x2 fs0x107=0x624de4e03820 fs0x123=0x7ffdaa1b69d8 fs0x128=0x7f fs0x147=0x6 ip_w0=0x15b ip_w1=0x3970 ip_w2=0x962 ip_w3=0x2fb0 ip_w4=0x5b0c ip_w5=0x988 ip_w6=0xdc02 ip_w7=0xe8f0 ip_w8=0xfb01 ip_w9=0xabe0 ip_w10=0xa500 ip_w11=0xc848 ip_w12=0x99f3 ip_w13=0xaa1c ip_w14=0x124d ip_w15=0x1e8 target=0x722e6049b4b3 target_off=0x9b4b3
[VMTAIL] site=0x9b0c5 count=65 frame=0x722e6047836d frame_off=0x7836d vm_ip=0x722e60572aaf vm_ip_off=0x172aaf vm_flags=0x62de7882 vm_state=0x4f4adf4e vm_byte=0x3a table=0x722e604c3718 table_off=0xc3718 rax=0x0 rbx=0x0 rcx=0x722e6047847c rdx=0x722e60478555 rsi=0x722e604c3c70 rdi=0x210 r8=0x558 r9=0x624de4e1eb30 r10=0x722e6049b4b3 r11=0x722e60572aab r12=0x722e60478391 r13=0x722e60478377 r14=0x620c20410480 r15=0x624da8754dc8 rbp=0x722e6047836d rsp=0x7ffdaa1b6568 fs0x0=0xda3b7d9 fs0x12=0x722e603fe8d001 fs0x60=0x722e42c77451 fs0x68=0x722e603fe8d0 fs0x71=0x722e7a84cdbf fs0x81=0x722e46029e91 fs0xe1=0x3820000000000062 fs0x13d=0x246 fs0x16f=0x4f4adf4e01 fs0x1e8=0x7ffdaa1b6568 fs0x13=0x722e603fe8d0 fs0x91=0x624de4e1ea20 fs0xab=0x0 fs0xb3=0x722e603fe8d0 fs0xcb=0x722e603ffce4 fs0x19d=0x624de4e1cdf0 fs0x28=0x0 fs0x38=0x7ffdaa1b6467 fs0x79=0x0 fs0x89=0x0 fs0x99=0x0 fs0xd3=0x0 fs0x107=0x722e603fee00 fs0x123=0x722e603fedd0 fs0x128=0x72 fs0x147=0x7ffdaa1b6360 ip_w0=0x151 ip_w1=0x93e8 ip_w2=0x99 ip_w3=0xd0e3 ip_w4=0x99 ip_w5=0x5a75 ip_w6=0xd5d8 ip_w7=0xe89a ip_w8=0x9301 ip_w9=0x7ba3 ip_w10=0x3c00 ip_w11=0x5e5a ip_w12=0x772b ip_w13=0xb14d ip_w14=0x9e85 ip_w15=0x1e8 target=0x722e6049b4b3 target_off=0x9b4b3
[VMTAIL] site=0x9b0c5 count=66 frame=0x722e6047836d frame_off=0x7836d vm_ip=0x722e60528df5 vm_ip_off=0x128df5 vm_flags=0xd1a7bc73 vm_state=0x3b0580b3 vm_byte=0x3a table=0x722e604c3718 table_off=0xc3718 rax=0x0 rbx=0x400 rcx=0x722e6047847c rdx=0x722e60478555 rsi=0x722e604c4228 rdi=0x210 r8=0xb10 r9=0x0 r10=0x722e604c2241 r11=0x722e60528df1 r12=0x722e60478391 r13=0x722e60478377 r14=0x722c20082041 r15=0x7ffdaa1b6467 rbp=0x722e6047836d rsp=0x722e603fe5e8 fs0x0=0x624de9425cc1 fs0x12=0x7ffdaa1b662001 fs0x60=0x7ffdaa1b6620 fs0x68=0x7ffdaa1b6620 fs0x71=0x7ffdc4604b0f fs0x81=0x722e46029e91 fs0xe1=0xee00000000000062 fs0x13d=0x246 fs0x16f=0x3b0580b301 fs0x1e8=0x722e603fe5e8 fs0x13=0x7ffdaa1b6620 fs0x91=0x624de4e1ea20 fs0xab=0x624de4e1eb30 fs0xb3=0x7ffdaa1b6620 fs0xcb=0x722e61135000 fs0x19d=0x7ffdaa1b6620 fs0x28=0x246 fs0x38=0x624da8754dc8 fs0x79=0x722e60ea2b5c fs0x89=0x0 fs0x99=0x624de4e1eb18 fs0xd3=0x2 fs0x107=0x624de4e03820 fs0x123=0x7ffdaa1b69d8 fs0x128=0x7f fs0x147=0x6 ip_w0=0x40 ip_w1=0xa79d ip_w2=0x99 ip_w3=0x6897 ip_w4=0xc38a ip_w5=0x99b7 ip_w6=0x8c00 ip_w7=0xe835 ip_w8=0xcb01 ip_w9=0xabe9 ip_w10=0xbe00 ip_w11=0x7e85 ip_w12=0x4e02 ip_w13=0xb485 ip_w14=0x2a2e ip_w15=0x1e8 target=0x722e604c2241 target_off=0xc2241
[VMTAIL] site=0xb86f5 count=67 frame=0x722e6047836d frame_off=0x7836d vm_ip=0x722e60572d66 vm_ip_off=0x172d66 vm_flags=0x33ad2b1c vm_state=0xeb832ff4 vm_byte=0x3a table=0x722e604c3718 table_off=0xc3718 rax=0x722e604c40c8 rbx=0x722e60572d64 rcx=0x722e60572cc2 rdx=0xffffffffffffffe0 rsi=0x722e60478377 rdi=0x722e6047847c r8=0x0 r9=0x558 r10=0x0 r11=0xfffff230b62b1736 r12=0x722e604c3c70 r13=0x722e6049b4b3 r14=0x722e6047847c r15=0x722e60478390 rbp=0x722e6047836d rsp=0x7ffdaa1b6568 fs0x0=0xda3b7d9 fs0x12=0x722e603fe8d001 fs0x60=0x722e0ddd1b7a fs0x68=0x722e603fe8d0 fs0x71=0x722e7a84cdbf fs0x81=0x722e46029e91 fs0xe1=0x3820000000000062 fs0x13d=0x202 fs0x16f=0xeb832ff401 fs0x1e8=0x7ffdaa1b6568 fs0x13=0x722e603fe8d0 fs0x91=0x624de4e1ea20 fs0xab=0x0 fs0xb3=0x722e603fe8d0 fs0xcb=0x722e603ffce4 fs0x19d=0x722e603feb50 fs0x28=0x0 fs0x38=0x7ffdaa1b6467 fs0x79=0x0 fs0x89=0x0 fs0x99=0x0 fs0xd3=0x722e603feb50 fs0x107=0x722e603fee00 fs0x123=0x722e603fedd0 fs0x128=0x72 fs0x147=0x7ffdaa1b6360 ip_w0=0x10c ip_w1=0x1c4a ip_w2=0x6c86 ip_w3=0x6f00 ip_w4=0x99 ip_w5=0x2912 ip_w6=0xe8c4 ip_w7=0xea01 ip_w8=0xafbe ip_w9=0x7f0b ip_w10=0x797a ip_w11=0x5e07 ip_w12=0xf859 ip_w13=0x853d ip_w14=0x8003 ip_w15=0x1e8 target=0x722e6049b4b3 target_off=0x9b4b3
[VMTAIL] site=0x9b0c5 count=68 frame=0x722e6047836d frame_off=0x7836d vm_ip=0x722e60573051 vm_ip_off=0x173051 vm_flags=0xa1dbd91e vm_state=0xc10c77d3 vm_byte=0x3a table=0x722e604c3718 table_off=0xc3718 rax=0x0 rbx=0x0 rcx=0x722e6047847c rdx=0x722e60478555 rsi=0x722e604c3c70 rdi=0x210 r8=0x558 r9=0x624de4e1eb30 r10=0x722e6049b4b3 r11=0x722e6057304d r12=0x722e60478391 r13=0x722e60478377 r14=0x620c20410480 r15=0x624da8754dc8 rbp=0x722e6047836d rsp=0x7ffdaa1b6568 fs0x0=0xda3b7d9 fs0x12=0x722e603fe8d001 fs0x60=0x7ffe1cbf6c66 fs0x68=0x7ffdaa1b6640 fs0x71=0x7ffdc4604b2f fs0x81=0x722e46029f31 fs0xe1=0x3820000000000062 fs0x13d=0x246 fs0x16f=0xc10c77d301 fs0x1e8=0x7ffdaa1b6568 fs0x13=0x722e603fe8d0 fs0x91=0x624de4e1ea20 fs0xab=0x0 fs0xb3=0x0 fs0xcb=0x722e603ffce4 fs0x19d=0x722e603feb50 fs0x28=0x0 fs0x38=0x7ffdaa1b6467 fs0x79=0x0 fs0x89=0x0 fs0x99=0x0 fs0xd3=0x722e603feb50 fs0x107=0x722e603fee00 fs0x123=0x722e603fedd0 fs0x128=0x72 fs0x147=0x7ffdaa1b6360 ip_w0=0xc4 ip_w1=0x6e4f ip_w2=0xf8fc ip_w3=0xcb9 ip_w4=0x419d ip_w5=0x9b14 ip_w6=0xa7bb ip_w7=0xe88e ip_w8=0xac01 ip_w9=0xabe3 ip_w10=0x7600 ip_w11=0xeb66 ip_w12=0xd3d4 ip_w13=0xb6e2 ip_w14=0x6d9e ip_w15=0x1e8 target=0x722e6049b4b3 target_off=0x9b4b3
[VMTAIL] site=0x9b0c5 count=69 frame=0x722e6047836d frame_off=0x7836d vm_ip=0x722e605732c1 vm_ip_off=0x1732c1 vm_flags=0x473d3205 vm_state=0x99b8178 vm_byte=0x3a table=0x722e604c3718 table_off=0xc3718 rax=0x0 rbx=0x0 rcx=0x722e6047847c rdx=0x722e60478555 rsi=0x722e604c3c40 rdi=0x210 r8=0x528 r9=0x624de4e228a0 r10=0x722e6049a24c r11=0x722e605732bd r12=0x722e60478391 r13=0x722e60478377 r14=0x620c20410048 r15=0x624da8754dc8 rbp=0x722e6047836d rsp=0x7ffdaa1b6568 fs0x0=0xda3b7d9 fs0x12=0x722e603feb5001 fs0x60=0x722e603feb50 fs0x68=0x722e603fe4f0 fs0x71=0x722e7a84d03f fs0x81=0x722e46029e91 fs0xe1=0x3820000000000062 fs0x13d=0x246 fs0x16f=0x99b817801 fs0x1e8=0x7ffdaa1b6568 fs0x13=0x722e603feb50 fs0x91=0x624de4e1ea20 fs0xab=0x0 fs0xb3=0x722e603feb50 fs0xcb=0x722e603ffce4 fs0x19d=0x722e603fe4f0 fs0x28=0x0 fs0x38=0x7ffdaa1b6467 fs0x79=0x0 fs0x89=0x0 fs0x99=0x0 fs0xd3=0x722e603fe4f0 fs0x107=0x722e603fee00 fs0x123=0x722e603fedd0 fs0x128=0x72 fs0x147=0x7ffdaa1b6360 ip_w0=0xc4 ip_w1=0x6e4f ip_w2=0xf634 ip_w3=0xe16 ip_w4=0xdb4d ip_w5=0x8db ip_w6=0x5d3a ip_w7=0xe8fc ip_w8=0x6f01 ip_w9=0x9a0b ip_w10=0x9a07 ip_w11=0x7a57 ip_w12=0x27bf ip_w13=0x8517 ip_w14=0xa0cd ip_w15=0x1e8 target=0x722e6049a24c target_off=0x9a24c
[VMTAIL] site=0xb86f5 count=70 frame=0x722e6047836d frame_off=0x7836d vm_ip=0x722e605734eb vm_ip_off=0x1734eb vm_flags=0x2ee55b1c vm_state=0x3ffd2b04 vm_byte=0x3a table=0x722e604c3718 table_off=0xc3718 rax=0x722e604c40c8 rbx=0x722e605734e9 rcx=0x722e60573447 rdx=0xffffffffffffffe0 rsi=0x722e60478377 rdi=0x722e6047847c r8=0x0 r9=0xb10 r10=0x0 r11=0xfffff230b62b1716 r12=0x722e604c4228 r13=0x722e604c2241 r14=0x722e6047847c r15=0x722e60478390 rbp=0x722e6047836d rsp=0x7ffdaa1b6568 fs0x0=0x2da3b7d9 fs0x12=0x1 fs0x60=0xffffffff8abc5087 fs0x68=0x722e603fdfe0 fs0x71=0x1a44e4ef fs0x81=0x722e45fafaf1 fs0xe1=0x3820000000000062 fs0x13d=0x206 fs0x16f=0x3ffd2b0401 fs0x1e8=0x7ffdaa1b6568 fs0x13=0x0 fs0x91=0x624de4e1ea20 fs0xab=0x722e58000038 fs0xb3=0x722e603fee00 fs0xcb=0x722e603ffce4 fs0x19d=0x0 fs0x28=0x722e58000030 fs0x38=0x7ffdaa1b6467 fs0x79=0x722e5800e621 fs0x89=0x20 fs0x99=0x20000000 fs0xd3=0x722e5800e621 fs0x107=0x722e603fee00 fs0x123=0x722e603fedd0 fs0x128=0x72 fs0x147=0x7ffdaa1b6360 ip_w0=0x72 ip_w1=0x67ab ip_w2=0xac8c ip_w3=0xf53a ip_w4=0x99ae ip_w5=0xd600 ip_w6=0xe8cf ip_w7=0xcc01 ip_w8=0xc3 ip_w9=0xc602 ip_w10=0x9328 ip_w11=0x4b3a ip_w12=0x6d8a ip_w13=0xd655 ip_w14=0x9dad ip_w15=0x1e8 target=0x722e604c2241 target_off=0xc2241
[VMTAIL] site=0xb86f5 count=71 frame=0x722e6047836d frame_off=0x7836d vm_ip=0x722e60573715 vm_ip_off=0x173715 vm_flags=0xdbf56b98 vm_state=0xa8dcb58d vm_byte=0x3a table=0x722e604c3718 table_off=0xc3718 rax=0x722e604c40c8 rbx=0x722e60573713 rcx=0x722e60573671 rdx=0xffffffffffffffe0 rsi=0x722e60478377 rdi=0x722e6047847c r8=0x0 r9=0xb10 r10=0x0 r11=0xfffff230b62b1736 r12=0x722e604c4228 r13=0x722e604c2241 r14=0x722e6047847c r15=0x722e60478390 rbp=0x722e6047836d rsp=0x7ffdaa1b6568 fs0x0=0x2da3b7d9 fs0x12=0x1 fs0x60=0xfffffffffb78fc48 fs0x68=0x722e603fdfe0 fs0x71=0x1a44e4ef fs0x81=0x722e45fafaf1 fs0xe1=0x3820000000000062 fs0x13d=0x297 fs0x16f=0xa8dcb58d01 fs0x1e8=0x7ffdaa1b6568 fs0x13=0x0 fs0x91=0x624de4e1ea20 fs0xab=0x722e58000038 fs0xb3=0x13 fs0xcb=0x722e603ffce4 fs0x19d=0x0 fs0x28=0x722e58000030 fs0x38=0x7ffdaa1b6467 fs0x79=0x722e5800e621 fs0x89=0x20 fs0x99=0x20000000 fs0xd3=0x722e5800e621 fs0x107=0x722e603fee00 fs0x123=0x722e603fedd0 fs0x128=0x72 fs0x147=0x7ffdaa1b6360 ip_w0=0x151 ip_w1=0x9970 ip_w2=0x99 ip_w3=0x158 ip_w4=0x9566 ip_w5=0x415b ip_w6=0xe627 ip_w7=0xe8c1 ip_w8=0x6801 ip_w9=0xc22 ip_w10=0x705c ip_w11=0x9f9c ip_w12=0xc5a4 ip_w13=0xa8ca ip_w14=0x97aa ip_w15=0x1e8 target=0x722e604c2241 target_off=0xc2241
[VMTAIL] site=0x9b0c5 count=72 frame=0x722e6047836d frame_off=0x7836d vm_ip=0x722e605739cc vm_ip_off=0x1739cc vm_flags=0xd1e923b0 vm_state=0x3a9aea64 vm_byte=0x3a table=0x722e604c3718 table_off=0xc3718 rax=0x0 rbx=0x0 rcx=0x722e6047847c rdx=0x722e60478555 rsi=0x722e604c3c70 rdi=0x210 r8=0x558 r9=0x624de4e228a0 r10=0x722e6049b4b3 r11=0x722e605739c8 r12=0x722e60478391 r13=0x722e60478377 r14=0x620c20410480 r15=0x624da8754dc8 rbp=0x722e6047836d rsp=0x7ffdaa1b6568 fs0x0=0x2da3b7d9 fs0x12=0x722e603fe4d000 fs0x60=0x722e71d44f37 fs0x68=0x722e603fe4d0 fs0x71=0x722e7a84c9bf fs0x81=0x722e46029e91 fs0xe1=0x3820000000000062 fs0x13d=0x202 fs0x16f=0x3a9aea6401 fs0x1e8=0x7ffdaa1b6568 fs0x13=0x722e603fe4d0 fs0x91=0x624de4e1ea20 fs0xab=0x722e58000038 fs0xb3=0x722e603fe4d0 fs0xcb=0x722e603ffce4 fs0x19d=0x0 fs0x28=0x722e58000030 fs0x38=0x7ffdaa1b6467 fs0x79=0x722e5800e621 fs0x89=0x20 fs0x99=0x20000000 fs0xd3=0x722e5800e621 fs0x107=0x722e603fee00 fs0x123=0x722e603fedd0 fs0x128=0x72 fs0x147=0x7ffdaa1b6360 ip_w0=0xb9 ip_w1=0xa4a3 ip_w2=0x373a ip_w3=0xebdb ip_w4=0x4000 ip_w5=0xdc01 ip_w6=0xe802 ip_w7=0x9901 ip_w8=0x2bf4 ip_w9=0xab46 ip_w10=0x800 ip_w11=0xabb2 ip_w12=0x2300 ip_w13=0x8817 ip_w14=0xde9e ip_w15=0x1e8 target=0x722e6049b4b3 target_off=0x9b4b3
[VMTAIL] site=0x9b0c5 count=73 frame=0x722e6047836d frame_off=0x7836d vm_ip=0x722e60573cb7 vm_ip_off=0x173cb7 vm_flags=0x7fd05cb8 vm_state=0x10546030 vm_byte=0x3a table=0x722e604c3718 table_off=0xc3718 rax=0x0 rbx=0x400 rcx=0x722e6047847c rdx=0x722e60478555 rsi=0x722e604c3c70 rdi=0x210 r8=0x558 r9=0x624de4e228a0 r10=0x722e6049b4b3 r11=0x722e60573cb3 r12=0x722e60478391 r13=0x722e60478377 r14=0x620c20410480 r15=0x624da8754dc8 rbp=0x722e6047836d rsp=0x7ffdaa1b6568 fs0x0=0x2da3b7d9 fs0x12=0x722e603fe4d000 fs0x60=0x722ed2e3eaf6 fs0x68=0x722e603fe4d0 fs0x71=0x722e7a84c9bf fs0x81=0x722e46029e91 fs0xe1=0x3820000000000062 fs0x13d=0x293 fs0x16f=0x1054603001 fs0x1e8=0x7ffdaa1b6568 fs0x13=0x722e603fe4d0 fs0x91=0x624de4e1ea20 fs0xab=0x722e58000038 fs0xb3=0x722e603fe4d0 fs0xcb=0x722e603ffce4 fs0x19d=0x0 fs0x28=0x722e58000030 fs0x38=0x7ffdaa1b6467 fs0x79=0x722e5800e621 fs0x89=0x20 fs0x99=0x20000000 fs0xd3=0x722e5800e621 fs0x107=0x722e603fee00 fs0x123=0x722e603fedd0 fs0x128=0x72 fs0x147=0x7ffdaa1b6360 ip_w0=0x14d ip_w1=0xe6fb ip_w2=0x99 ip_w3=0x6dc1 ip_w4=0xd4ff ip_w5=0x85dc ip_w6=0x26aa ip_w7=0xe877 ip_w8=0xfa01 ip_w9=0xfb6d ip_w10=0x4b0f ip_w11=0x3a2b ip_w12=0x6841 ip_w13=0xaa0e ip_w14=0xd820 ip_w15=0x1e8 target=0x722e6049b4b3 target_off=0x9b4b3
[VMTAIL] site=0x9b0c5 count=74 frame=0x722e6047836d frame_off=0x7836d vm_ip=0x722e60573f27 vm_ip_off=0x173f27 vm_flags=0x8111fded vm_state=0x9012321f vm_byte=0x3a table=0x722e604c3718 table_off=0xc3718 rax=0x0 rbx=0x400 rcx=0x722e6047847c rdx=0x722e60478555 rsi=0x722e604c3c70 rdi=0x210 r8=0x558 r9=0x624de4e22540 r10=0x722e6049b4b3 r11=0x722e60573f23 r12=0x722e60478391 r13=0x722e60478377 r14=0x620c20410480 r15=0x624da8754dc8 rbp=0x722e6047836d rsp=0x7ffdaa1b6568 fs0x0=0x2da3b7d9 fs0x12=0x722e603fe4d000 fs0x60=0xfffffffffb78fd34 fs0x68=0x7ffdaa1b6640 fs0x71=0x1a44e4ef fs0x81=0x722e46029f31 fs0xe1=0x3820000000000062 fs0x13d=0x293 fs0x16f=0x9012321f01 fs0x1e8=0x7ffdaa1b6568 fs0x13=0x722e603fe4d0 fs0x91=0x624de4e1ea20 fs0xab=0x722e58000038 fs0xb3=0x0 fs0xcb=0x722e603ffce4 fs0x19d=0x0 fs0x28=0x722e58000030 fs0x38=0x7ffdaa1b6467 fs0x79=0x722e5800e621 fs0x89=0x20 fs0x99=0x20000000 fs0xd3=0x722e5800e621 fs0x107=0x722e603fee00 fs0x123=0x722e603fedd0 fs0x128=0x72 fs0x147=0x7ffdaa1b6360 ip_w0=0x42 ip_w1=0x92f1 ip_w2=0xe13a ip_w3=0xdbae ip_w4=0x6a0f ip_w5=0x5ce7 ip_w6=0x36da ip_w7=0xe850 ip_w8=0x9401 ip_w9=0x3a8b ip_w10=0x51dd ip_w11=0x1f2 ip_w12=0xf093 ip_w13=0xab ip_w14=0x5d68 ip_w15=0x1e8 target=0x722e6049b4b3 target_off=0x9b4b3
[VMTAIL] site=0xb86f5 count=75 frame=0x722e6047836d frame_off=0x7836d vm_ip=0x722e60574151 vm_ip_off=0x174151 vm_flags=0x6c2000c0 vm_state=0x573ca08c vm_byte=0x3a table=0x722e604c3718 table_off=0xc3718 rax=0x722e604c40c8 rbx=0x722e6057414f rcx=0x722e605740ad rdx=0xffffffffffffffe0 rsi=0x722e60478377 rdi=0x722e6047847c r8=0x0 r9=0x558 r10=0x0 r11=0xfffff230b62b1716 r12=0x722e604c3c70 r13=0x722e6049b4b3 r14=0x722e6047847c r15=0x722e60478390 rbp=0x722e6047836d rsp=0x7ffdaa1b6568 fs0x0=0x2da3b7d9 fs0x12=0x722e603fe4d001 fs0x60=0x722e603fe4d0 fs0x68=0x722e603fe4d0 fs0x71=0x722e7a84c9bf fs0x81=0x722e46029e91 fs0xe1=0x3820000000000062 fs0x13d=0x246 fs0x16f=0x573ca08c01 fs0x1e8=0x7ffdaa1b6568 fs0x13=0x722e603fe4d0 fs0x91=0x624de4e1ea20 fs0xab=0x722e58000038 fs0xb3=0x722e603fe4d0 fs0xcb=0x722e603ffce4 fs0x19d=0x0 fs0x28=0x722e58000030 fs0x38=0x7ffdaa1b6467 fs0x79=0x722e5800e621 fs0x89=0x20 fs0x99=0x20000000 fs0xd3=0x722e5800e621 fs0x107=0x722e603fee00 fs0x123=0x722e603fedd0 fs0x128=0x72 fs0x147=0x7ffdaa1b6360 ip_w0=0xbd ip_w1=0x99 ip_w2=0xe01c ip_w3=0xd5ba ip_w4=0x4faf ip_w5=0xfcf6 ip_w6=0xe898 ip_w7=0x2901 ip_w8=0x4ff6 ip_w9=0x4791 ip_w10=0x6d9a ip_w11=0x72c6 ip_w12=0x5cb4 ip_w13=0xdeb0 ip_w14=0x1e8 ip_w15=0x483e target=0x722e6049b4b3 target_off=0x9b4b3
[VMTAIL] site=0x9b0c5 count=76 frame=0x722e6047836d frame_off=0x7836d vm_ip=0x722e6057437b vm_ip_off=0x17437b vm_flags=0xfe566e29 vm_state=0x92d4a35b vm_byte=0x3a table=0x722e604c3718 table_off=0xc3718 rax=0x0 rbx=0x0 rcx=0x722e6047847c rdx=0x722e60478555 rsi=0x722e604c3c40 rdi=0x210 r8=0x528 r9=0x624de4e22540 r10=0x722e6049a24c r11=0x722e60574377 r12=0x722e60478391 r13=0x722e60478377 r14=0x620c20410048 r15=0x624da8754dc8 rbp=0x722e6047836d rsp=0x7ffdaa1b6568 fs0x0=0x2da3b7d9 fs0x12=0x722e603fe4d001 fs0x60=0x722e603fe4d0 fs0x68=0x722e603fe4d0 fs0x71=0x722e7a84c9bf fs0x81=0x722e46029e91 fs0xe1=0x3820000000000062 fs0x13d=0x246 fs0x16f=0x92d4a35b01 fs0x1e8=0x7ffdaa1b6568 fs0x13=0x722e603fe4d0 fs0x91=0x624de4e1ea20 fs0xab=0x722e58000038 fs0xb3=0x722e603fe4d0 fs0xcb=0x722e603ffce4 fs0x19d=0x0 fs0x28=0x722e58000030 fs0x38=0x7ffdaa1b6467 fs0x79=0x722e5800e621 fs0x89=0x20 fs0x99=0x20000000 fs0xd3=0x722e5800e621 fs0x107=0x722e603fee00 fs0x123=0x722e603fedd0 fs0x128=0x72 fs0x147=0x7ffdaa1b6360 ip_w0=0x42 ip_w1=0x9379 ip_w2=0x793a ip_w3=0xb0f5 ip_w4=0x70e3 ip_w5=0x6666 ip_w6=0x65d6 ip_w7=0xe898 ip_w8=0xd801 ip_w9=0x300a ip_w10=0x86df ip_w11=0x6f3 ip_w12=0x91df ip_w13=0x9b67 ip_w14=0x1e8 ip_w15=0xf511 target=0x722e6049a24c target_off=0x9a24c
[VMTAIL] site=0xb86f5 count=77 frame=0x722e6047836d frame_off=0x7836d vm_ip=0x722e60522474 vm_ip_off=0x122474 vm_flags=0xb5d10628 vm_state=0x3ffcc9f6 vm_byte=0x3a table=0x722e604c3718 table_off=0xc3718 rax=0x722e604c40c8 rbx=0x722e60522472 rcx=0x722e605223d0 rdx=0xffffffffffffffe0 rsi=0x722e60478377 rdi=0x722e6047847c r8=0x0 r9=0x558 r10=0x0 r11=0xfffff230b62b1736 r12=0x722e604c3c70 r13=0x722e6049b4b3 r14=0x722e6047847c r15=0x722e60478390 rbp=0x722e6047836d rsp=0x7ffdaa1b6628 fs0x0=0x2da3b7d9 fs0x12=0x722e603feb5001 fs0x60=0x722e42c776d1 fs0x68=0x722e603fe4f0 fs0x71=0x722e7a84d03f fs0x81=0x722e46029e91 fs0xe1=0x3820000000000062 fs0x13d=0x246 fs0x16f=0x3ffcc9f601 fs0x1e8=0x7ffdaa1b6628 fs0x13=0x722e603feb50 fs0x91=0x624de4e1ea20 fs0xab=0x722e58000038 fs0xb3=0x722e603feb50 fs0xcb=0x722e603ffce4 fs0x19d=0x722e603fe4f0 fs0x28=0x722e58000030 fs0x38=0x7ffdaa1b6467 fs0x79=0x722e5800e621 fs0x89=0x20 fs0x99=0x20000000 fs0xd3=0x722e603fe4f0 fs0x107=0x722e603fee00 fs0x123=0x722e603fedd0 fs0x128=0x72 fs0x147=0x7ffdaa1b6360 ip_w0=0x40 ip_w1=0xa2bd ip_w2=0x99 ip_w3=0x1bc7 ip_w4=0x6fab ip_w5=0x908 ip_w6=0xe82a ip_w7=0x7401 ip_w8=0x69c1 ip_w9=0x23a9 ip_w10=0x8c08 ip_w11=0x4c49 ip_w12=0xef54 ip_w13=0x4972 ip_w14=0xa36d ip_w15=0x1e8 target=0x722e6049b4b3 target_off=0x9b4b3
[VMTAIL] site=0x90893 count=78 frame=0x722e6047836d frame_off=0x7836d vm_ip=0x722e60522626 vm_ip_off=0x122626 vm_flags=0xc01014c vm_state=0x99810e2d vm_byte=0x50 table=0x722e604c3718 table_off=0xc3718 rax=0x1 rbx=0xc49bd284b572 rcx=0xffff8dd1604c391a rdx=0xa10 rsi=0x722e60478377 rdi=0x722e604bb3c9 r8=0x670502c4 r9=0x722e604784dd r10=0x208 r11=0x722e604c4128 r12=0x722e9fb3c8e6 r13=0x722e7fffffff r14=0x722e604784dd r15=0x722e604bb3d9 rbp=0x722e6047836d rsp=0x7ffdaa1b66c0 fs0x0=0x624de9425ab9 fs0x12=0x7ffdaa1b662000 fs0x60=0xfffffffffb78fc41 fs0x68=0x624de4e1ed60 fs0x71=0x1a44e4ef fs0x81=0x722e46029f31 fs0xe1=0x3820000000000062 fs0x13d=0x293 fs0x16f=0x99810e2d01 fs0x1e8=0x7ffdaa1b66c0 fs0x13=0x7ffdaa1b6620 fs0x91=0x624de4e03010 fs0xab=0x624de4e22540 fs0xb3=0x0 fs0xcb=0x722e61135000 fs0x19d=0x7ffdaa1b6620 fs0x28=0x0 fs0x38=0x624da8754dc8 fs0x79=0x1720d4 fs0x89=0x0 fs0x99=0x624de4e228a0 fs0xd3=0x2 fs0x107=0x624de4e03820 fs0x123=0x7ffdaa1b69d8 fs0x128=0x7f fs0x147=0x6 ip_w0=0xa4 ip_w1=0xa729 ip_w2=0x1e8 ip_w3=0x8396 ip_w4=0x5445 ip_w5=0x823 ip_w6=0x30b9 ip_w7=0x198e ip_w8=0xc1 ip_w9=0x13d ip_w10=0x957f ip_w11=0x25ca ip_w12=0x7b10 ip_w13=0xcbcf ip_w14=0xefd3 ip_w15=0x68 target=0x722e604bb3c9 target_off=0xbb3c9
[VMTAIL] site=0xbe55b count=79 frame=0x722e6047836d frame_off=0x7836d vm_ip=0x722e60522a46 vm_ip_off=0x122a46 vm_flags=0x4ee9d062 vm_state=0xe5057f1d vm_byte=0x50 table=0x722e604c3718 table_off=0xc3718 rax=0x722e60478377 rbx=0x722e605226ca rcx=0x722e60450702 rdx=0x722e6049b4b3 rsi=0x558 rdi=0x722e605226ce r8=0x722e7ff86832 r9=0x0 r10=0xffffffff80058078 r11=0x0 r12=0x722e604c3c01 r13=0x722e6047837f r14=0x380 r15=0x722e6047847c rbp=0x722e6047836d rsp=0x7ffdaa1b66c0 fs0x0=0xffffffff991fb4c0 fs0x12=0x7ffdaa1b662001 fs0x60=0xffffffff991fb4d1 fs0x68=0x624de4e1ed60 fs0x71=0x1a44e4ef fs0x81=0x722e46029f31 fs0xe1=0x3820000000000062 fs0x13d=0x293 fs0x16f=0xe5057f1d01 fs0x1e8=0x7ffdaa1b66c0 fs0x13=0x7ffdaa1b6620 fs0x91=0x624de4e03010 fs0xab=0x624de4e22540 fs0xb3=0x0 fs0xcb=0x722e61135000 fs0x19d=0x7ffdaa1b6620 fs0x28=0x0 fs0x38=0x624da8754dc8 fs0x79=0x1720d4 fs0x89=0x0 fs0x99=0x624de4e228a0 fs0xd3=0x2 fs0x107=0x624de4e03820 fs0x123=0x7ffdaa1b69d8 fs0x128=0x7f fs0x147=0x6 ip_w0=0x2b ip_w1=0x7ba4 ip_w2=0x68 ip_w3=0x180 ip_w4=0x475a ip_w5=0x1e8 ip_w6=0x7d4e ip_w7=0x390 ip_w8=0x823a ip_w9=0x2368 ip_w10=0x21 ip_w11=0x6fa0 ip_w12=0x13d ip_w13=0xb25c ip_w14=0x1035 ip_w15=0x6e49 target=0x722e6049b4b3 target_off=0x9b4b3
[VMTAIL] site=0xb86f5 count=80 frame=0x722e6047836d frame_off=0x7836d vm_ip=0x722e60522c89 vm_ip_off=0x122c89 vm_flags=0x2a040889 vm_state=0x978d01e4 vm_byte=0x3a table=0x722e604c3718 table_off=0xc3718 rax=0x722e604c40c8 rbx=0x722e60522c87 rcx=0x722e60522be5 rdx=0xffffffffffffffe0 rsi=0x722e60478377 rdi=0x722e6047847c r8=0x0 r9=0xb10 r10=0x0 r11=0xfffff230b62b1736 r12=0x722e604c4228 r13=0x722e604c2241 r14=0x722e6047847c r15=0x722e60478390 rbp=0x722e6047836d rsp=0x7ffdaa1b6628 fs0x0=0xda3b7f9 fs0x12=0x722e603fe4d001 fs0x60=0x722e603fe4d0 fs0x68=0x722e603fe4d0 fs0x71=0x722e7a84c9bf fs0x81=0x722e46029e91 fs0xe1=0x3820000000000062 fs0x13d=0x206 fs0x16f=0x978d01e401 fs0x1e8=0x7ffdaa1b6628 fs0x13=0x722e603fe4d0 fs0x91=0x624de4e1ea20 fs0xab=0xc818a7724000ef92 fs0xb3=0x722e603fe4d0 fs0xcb=0x722e603ffce4 fs0x19d=0x722e58000880 fs0x28=0x722e58000030 fs0x38=0x7ffdaa1b6467 fs0x79=0x722e5800e fs0x89=0x25 fs0x99=0x20 fs0xd3=0xf fs0x107=0x722e603fee00 fs0x123=0x722e603fedd0 fs0x128=0x72 fs0x147=0x7ffdaa1b6360 ip_w0=0xc7 ip_w1=0x4a57 ip_w2=0x853a ip_w3=0xec3a ip_w4=0xcbe3 ip_w5=0x99fa ip_w6=0x500 ip_w7=0xe8df ip_w8=0xf001 ip_w9=0x8971 ip_w10=0x907b ip_w11=0xda20 ip_w12=0x603b ip_w13=0x2a1d ip_w14=0x9c55 ip_w15=0x1e8 target=0x722e604c2241 target_off=0xc2241
[DRIVER] x returned 0x0
[DRIVER] out[0..31]=0100000000000000000000000000000000000000000000000000000000000000
[TRACE] caller=driver+0x66f4 getenv name=EAC_DUMP_DIR -> null
[DRIVER] sleeping 3 second(s) for worker threads
[TRACE] caller=eac.elf+0x30d25c open path=/sys/class/dmi/id/bios_vendor flags=0x0
[TRACE] caller=eac.elf+0x30d25c open path=/sys/class/dmi/id/bios_date flags=0x0
[TRACE] caller=eac.elf+0x30d25c open path=/sys/class/dmi/id/sys_vendor flags=0x0
[TRACE] caller=eac.elf+0x30d25c open path=/sys/class/dmi/id/product_name flags=0x0
[TRACE] caller=eac.elf+0x2dc86c open path=/etc/mtab flags=0x0
[TRACE] caller=eac.elf+0x30d25c open path=/sys/class/block/nvme1n1p/device/model flags=0x0
[TRACE] caller=eac.elf+0x2dc86c open path=/etc/mtab flags=0x0
[TRACE] caller=eac.elf+0x2ef009 opendir path=/dev/disk/by-id/
[TRACE] caller=eac.elf+0x2efed1 readlink path=/dev/disk/by-id/wwn-0x5000c500e5ee7ff3-part1 size=4096
[TRACE] caller=eac.elf+0x2f0707 realpath path=/dev/disk/by-id/../../sda1
[TRACE] caller=eac.elf+0x2efed1 readlink path=/dev/disk/by-id/ata-ST2000DM008-2UB102_ZFL6L34T-part1 size=10
[TRACE] caller=eac.elf+0x2f0707 realpath path=/dev/disk/by-id/../../sda1
[TRACE] caller=eac.elf+0x2efed1 readlink path=/dev/disk/by-id/ata-ST2000DM008-2UB102_ZFL6L34T size=10
[TRACE] caller=eac.elf+0x2f0707 realpath path=/dev/disk/by-id/../../sda
[TRACE] caller=eac.elf+0x2efed1 readlink path=/dev/disk/by-id/wwn-0x5000c500e5ee7ff3 size=9
[TRACE] caller=eac.elf+0x2f0707 realpath path=/dev/disk/by-id/../../sda
[TRACE] caller=eac.elf+0x2efed1 readlink path=/dev/disk/by-id/nvme-Micron_3400_MTFDKBA1T0TFH_22403BB5D67C_1-part1 size=9
[TRACE] caller=eac.elf+0x2f0707 realpath path=/dev/disk/by-id/../../nvm
[TRACE] caller=eac.elf+0x2efed1 readlink path=/dev/disk/by-id/nvme-Micron_3400_MTFDKBA1T0TFH_22403BB5D67C-part1 size=9
[TRACE] caller=eac.elf+0x2f0707 realpath path=/dev/disk/by-id/../../nvm
[TRACE] caller=eac.elf+0x2efed1 readlink path=/dev/disk/by-id/nvme-Micron_3400_MTFDKBA1T0TFH_22403BB5D7B2-part3 size=9
[TRACE] caller=eac.elf+0x2f0707 realpath path=/dev/disk/by-id/../../nvm
[TRACE] caller=eac.elf+0x2efed1 readlink path=/dev/disk/by-id/nvme-Micron_3400_MTFDKBA1T0TFH_22403BB5D7B2-part1 size=9
[TRACE] caller=eac.elf+0x2f0707 realpath path=/dev/disk/by-id/../../nvm
[TRACE] caller=eac.elf+0x2efed1 readlink path=/dev/disk/by-id/nvme-eui.000000000000000100a075223bb5d7b2-part2 size=9
[TRACE] caller=eac.elf+0x2f0707 realpath path=/dev/disk/by-id/../../nvm
[TRACE] caller=eac.elf+0x2efed1 readlink path=/dev/disk/by-id/nvme-eui.000000000000000100a075223bb5d7b2-part3 size=9
[TRACE] caller=eac.elf+0x2f0707 realpath path=/dev/disk/by-id/../../nvm
[TRACE] caller=eac.elf+0x2efed1 readlink path=/dev/disk/by-id/nvme-eui.000000000000000100a075223bb5d67c-part1 size=9
[TRACE] caller=eac.elf+0x2f0707 realpath path=/dev/disk/by-id/../../nvm
[TRACE] caller=eac.elf+0x2efed1 readlink path=/dev/disk/by-id/nvme-Micron_3400_MTFDKBA1T0TFH_22403BB5D7B2_1-part1 size=9
[TRACE] caller=eac.elf+0x2f0707 realpath path=/dev/disk/by-id/../../nvm
[TRACE] caller=eac.elf+0x2efed1 readlink path=/dev/disk/by-id/nvme-Micron_3400_MTFDKBA1T0TFH_22403BB5D7B2-part2 size=9
[TRACE] caller=eac.elf+0x2f0707 realpath path=/dev/disk/by-id/../../nvm
[TRACE] caller=eac.elf+0x2efed1 readlink path=/dev/disk/by-id/nvme-eui.000000000000000100a075223bb5d7b2-part1 size=9
[TRACE] caller=eac.elf+0x2f0707 realpath path=/dev/disk/by-id/../../nvm
[TRACE] caller=eac.elf+0x2efed1 readlink path=/dev/disk/by-id/nvme-Micron_3400_MTFDKBA1T0TFH_22403BB5D7B2_1-part3 size=9
[TRACE] caller=eac.elf+0x2f0707 realpath path=/dev/disk/by-id/../../nvm
[TRACE] caller=eac.elf+0x2efed1 readlink path=/dev/disk/by-id/nvme-Micron_3400_MTFDKBA1T0TFH_22403BB5D7B2_1-part2 size=9
[TRACE] caller=eac.elf+0x2f0707 realpath path=/dev/disk/by-id/../../nvm
[TRACE] caller=eac.elf+0x2efed1 readlink path=/dev/disk/by-id/nvme-Micron_3400_MTFDKBA1T0TFH_22403BB5D7B2 size=9
[TRACE] caller=eac.elf+0x2f0707 realpath path=/dev/disk/by-id/../../nvm
[TRACE] caller=eac.elf+0x2efed1 readlink path=/dev/disk/by-id/nvme-Micron_3400_MTFDKBA1T0TFH_22403BB5D7B2_1 size=9
[TRACE] caller=eac.elf+0x2f0707 realpath path=/dev/disk/by-id/../../nvm
[TRACE] caller=eac.elf+0x2efed1 readlink path=/dev/disk/by-id/nvme-eui.000000000000000100a075223bb5d7b2 size=9
[TRACE] caller=eac.elf+0x2f0707 realpath path=/dev/disk/by-id/../../nvm
[TRACE] caller=eac.elf+0x2efed1 readlink path=/dev/disk/by-id/nvme-Micron_3400_MTFDKBA1T0TFH_22403BB5D67C_1 size=9
[TRACE] caller=eac.elf+0x2f0707 realpath path=/dev/disk/by-id/../../nvm
[TRACE] caller=eac.elf+0x2efed1 readlink path=/dev/disk/by-id/nvme-eui.000000000000000100a075223bb5d67c size=9
[TRACE] caller=eac.elf+0x2f0707 realpath path=/dev/disk/by-id/../../nvm
[TRACE] caller=eac.elf+0x2efed1 readlink path=/dev/disk/by-id/nvme-Micron_3400_MTFDKBA1T0TFH_22403BB5D67C size=9
[TRACE] caller=eac.elf+0x2f0707 realpath path=/dev/disk/by-id/../../nvm
[TRACE] caller=eac.elf+0x2efed1 readlink path=/dev/disk/by-id/usb-ASMT_2235_00000000000000000000-0:0 size=9
[TRACE] caller=eac.elf+0x2f0707 realpath path=/dev/disk/by-id/../../sdb
[TRACE] caller=eac.elf+0x30d25c open path=/proc/cpuinfo flags=0x0
[TRACE] caller=eac.elf+0x2cb09b popen command=lshw -C display 2>/dev/null type=r DENY
[TRACE] caller=eac.elf+0x30d25c open path=/etc/machine-id flags=0x0
[TRACE] caller=eac.elf+0x30d25c open path=/etc/hostname flags=0x0
[TRACE] caller=eac.elf+0x30ac70 open path=/etc/os-release flags=0x0
[TRACE] caller=eac.elf+0x2f9551 open path=/proc/net/route flags=0x0
[TRACE] caller=eac.elf+0x305069 opendir path=/sys/class/net
[TRACE] caller=eac.elf+0x305d88 readlink path=/sys/class/net/enxce0c6f149a89 size=4096
[TRACE] caller=eac.elf+0x306735 realpath path=/sys/class/net/../../devices/pci0000:00/0000:00:14.0/usb1/1-7/1-7:1.0/net/enxce0c6f149a89
[TRACE] caller=eac.elf+0x30d25c open path=/sys/devices/pci0000:00/0000:00:14.0/usb1/1-7/1-7:1.0/net/enxce0c6f149a89/address flags=0x0
[TRACE] caller=eac.elf+0x58b24 open path=/proc/self/maps flags=0x0
[TRACE] caller=eac.elf+0x350c8d getenv name=LD_PRELOAD -> set
[TRACE] caller=eac.elf+0x35284b getenv name=LD_AUDIT -> null
[TRACE] caller=eac.elf+0x3909b readlink path=/proc/self/exe size=4096
[TRACE] caller=eac.elf+0x3909b readlink path=/proc/self/exe size=4096
[TRACE] caller=eac.elf+0x2042b6 fopen path=/models/dev/sc-rev/eac/eacsym/driver mode=rb
[TRACE] caller=eac.elf+0x58b24 open path=/proc/modules flags=0x0
[TRACE] caller=driver+0x66f4 getenv name=EAC_DUMP_DIR -> null
[TRACE] caller=driver+0x26c5 getenv name=EAC_FAST_EXIT -> set
[DRIVER] fast exit
[TRACE] caller=timeout+0x32543c munmap addr=0x7f435a0ef000 len=0x3000
