kind	site	source_entries	target_entry	target	count	unique_vm_ips
tail	0x7e7ca	28	347	0xc088d	2148	116
tail	0x8536e	64	18	0x7be9b	2091	131
tail	0x90893	113,114	66	0x855ff	2041	131
tail	0xc0d7b	347	18	0x7be9b	1937	142
tail	0x9eac9	189	18	0x7be9b	1894	119
tail	0xbf126	337	297	0xb64d7	1787	120
tail	0xb837a	307	114	0x90319	1754	108
tail	0xbf886	340	307	0xb8064	1748	114
dispatch	0xcdac7		169	0x9af18	1747	35
tail	0x7c308	18	114	0x90319	1729	141
tail	0xbf886	340	28	0x7e390	1702	130
tail	0xae32f	258	307	0xb8064	1689	107
tail	0x7e7ca	28	258	0xadf2c	1654	117
tail	0x859f9	66	337	0xbec0e	1650	112
tail	0x7e7ca	28	340	0xbf435	1637	122
tail	0x8536e	64	28	0x7e390	1633	123
tail	0x7e7ca	28	337	0xbec0e	1601	117
tail	0xbf126	337	66	0x855ff	1591	121
tail	0x7c308	18	189	0x9e7af	1581	133
tail	0xc0d7b	347	307	0xb8064	1577	108
dispatch	0xcdac7		310	0xb8556	1562	29
tail	0x859f9	66	64	0x85059	1561	110
tail	0xae32f	258	199	0xa0631	1548	107
tail	0x90893	113,114	185	0x9d964	1520	104
tail	0xae32f	258	297	0xb64d7	1508	91
tail	0x9eac9	189	297	0xb64d7	1503	103
tail	0x90893	113,114	215	0xa4609	1500	97
tail	0xa0a9c	199	258	0xadf2c	1482	93
tail	0xc0d7b	347	297	0xb64d7	1479	84
tail	0x7c308	18	347	0xc088d	1461	125
tail	0x7e7ca	28	114	0x90319	1453	120
tail	0x7e7ca	28	189	0x9e7af	1398	104
tail	0x7c308	18	258	0xadf2c	1384	112
tail	0xbf126	337	307	0xb8064	1382	110
tail	0xae32f	258	215	0xa4609	1365	88
tail	0xbf886	340	66	0x855ff	1362	115
tail	0xa4a5e	215	114	0x90319	1359	101
tail	0x9eac9	189	215	0xa4609	1354	101
tail	0xbf886	340	185	0x9d964	1352	95
tail	0x8536e	64	199	0xa0631	1345	100
tail	0x9dcab	185	337	0xbec0e	1337	105
tail	0x859f9	66	340	0xbf435	1336	115
tail	0xae32f	258	18	0x7be9b	1334	154
tail	0xb837a	307	176	0x9c10b	1332	63
tail	0xb68ff	297	347	0xc088d	1330	95
tail	0xae32f	258	43	0x8173d	1325	59
tail	0x9dcab	185	64	0x85059	1324	82
tail	0x859f9	66	184	0x9d694	1324	65
tail	0x859f9	66	189	0x9e7af	1320	124
tail	0xbf126	337	28	0x7e390	1313	120
tail	0x90893	113,114	18	0x7be9b	1311	132
tail	0xc0d7b	347	28	0x7e390	1302	126
tail	0xb7bb8	305	307	0xb8064	1290	40
tail	0xb68ff	297	258	0xadf2c	1286	109
tail	0xae32f	258	185	0x9d964	1283	96
tail	0x7ca96	20	114	0x90319	1277	61
tail	0xbf886	340	215	0xa4609	1274	86
tail	0x9eac9	189	174	0x9bd8f	1273	66
tail	0x9dcab	185	347	0xc088d	1270	102
tail	0x9aa81	167	351	0xc1d48	1262	55
tail	0xc0d7b	347	168	0x9aa83	1257	58
tail	0x8536e	64	184	0x9d694	1255	63
tail	0xbf126	337	18	0x7be9b	1254	134
tail	0x7c308	18	337	0xbec0e	1249	118
tail	0xa0a9c	199	64	0x85059	1221	95
tail	0x7c308	18	174	0x9bd8f	1212	77
tail	0x9d961	184	340	0xbf435	1208	63
tail	0x9eac9	189	307	0xb8064	1197	100
tail	0xb68ff	297	340	0xbf435	1194	100
tail	0xa4a5e	215	337	0xbec0e	1186	85
tail	0x90893	113,114	20	0x7c62b	1184	70
tail	0x9dcab	185	174	0x9bd8f	1182	53
tail	0xbf126	337	215	0xa4609	1178	112
tail	0x7c308	18	340	0xbf435	1175	122
tail	0xb837a	307	189	0x9e7af	1166	107
tail	0x9d961	184	28	0x7e390	1166	61
tail	0xb837a	307	337	0xbec0e	1159	113
tail	0x7e7ca	28	64	0x85059	1136	124
tail	0x90893	113,114	158	0x99029	1132	64
tail	0xa4a5e	215	347	0xc088d	1123	87
tail	0x9eac9	189	43	0x8173d	1121	66
tail	0xa4a5e	215	189	0x9e7af	1120	100
tail	0x90893	113,114	28	0x7e390	1118	130
tail	0x7c308	18	20	0x7c62b	1114	76
tail	0xa0068	194,195,196	18	0x7be9b	1113	62
tail	0x9dcab	185	258	0xadf2c	1100	91
tail	0x9eac9	189	176	0x9c10b	1084	61
tail	0x9c08c	174	28	0x7e390	1083	68
tail	0x9c08c	174	258	0xadf2c	1081	49
tail	0x859f9	66	258	0xadf2c	1075	114
tail	0xa4a5e	215	258	0xadf2c	1073	73
tail	0xc0d7b	347	184	0x9d694	1071	63
tail	0x8536e	64	215	0xa4609	1065	108
tail	0xbf886	340	18	0x7be9b	1063	120
tail	0x90893	113,114	307	0xb8064	1060	100
tail	0x81b7c	43	347	0xc088d	1058	53
tail	0xb837a	307	258	0xadf2c	1055	99
tail	0xb837a	307	340	0xbf435	1046	86
tail	0xa4a5e	215	340	0xbf435	1042	83
tail	0xb837a	307	64	0x85059	1029	109
tail	0xbf886	340	297	0xb64d7	1024	105
tail	0x8536e	64	66	0x855ff	1024	121
tail	0x7e7ca	28	174	0x9bd8f	1021	76
tail	0x82e73	49	144	0x95887	1018	67
tail	0x91e7f	123	337	0xbec0e	1011	75
tail	0xb9878	315	28	0x7e390	1006	28
tail	0xa0a9c	199	340	0xbf435	993	98
tail	0x9d961	184	337	0xbec0e	993	63
tail	0x99026	157	18	0x7be9b	993	65
tail	0x9eac9	189	28	0x7e390	991	129
tail	0x992ca	158	340	0xbf435	989	56
tail	0xa0068	194,195,196	189	0x9e7af	988	52
tail	0xbf886	340	161	0x9975a	980	61
tail	0x7c308	18	196	0x9fbcd	979	61
tail	0x91e7f	123	114	0x90319	972	54
tail	0xa0a9c	199	189	0x9e7af	968	95
tail	0x8536e	64	185	0x9d964	967	93
tail	0x859f9	66	123	0x91a59	966	71
tail	0x9af16	168	340	0xbf435	964	57
tail	0x9dcab	185	168	0x9aa83	964	60
tail	0xb837a	307	174	0x9bd8f	961	55
tail	0x7dfbd	26	157	0x98a9a	959	48
tail	0x9c3f4	175,176	307	0xb8064	959	59
tail	0x90893	113,114	199	0xa0631	958	75
tail	0xb837a	307	184	0x9d694	958	61
tail	0xa0a9c	199	184	0x9d694	957	47
tail	0xb7583	301	160	0x994cf	954	53
tail	0xa4a5e	215	64	0x85059	953	83
tail	0x90893	113,114	184	0x9d694	950	62
tail	0xa0a9c	199	346	0xc0535	947	35
tail	0x91e7f	123	66	0x855ff	944	43
tail	0x9c08c	174	114	0x90319	941	54
tail	0xb837a	307	168	0x9aa83	940	64
tail	0x9c3f4	175,176	28	0x7e390	933	55
tail	0x9d961	184	66	0x855ff	931	47
tail	0x8536e	64	43	0x8173d	930	74
tail	0x9eac9	189	185	0x9d964	925	102
tail	0x99026	157	199	0xa0631	922	61
tail	0x859f9	66	347	0xc088d	920	106
tail	0x9b0c5	169	171	0x9b4b3	920	74
tail	0x99026	157	66	0x855ff	910	67
tail	0xb68ff	297	114	0x90319	909	76
tail	0xb68ff	297	123	0x91a59	902	52
tail	0x91e7f	123	347	0xc088d	901	60
tail	0xb837a	307	26	0x7dbbb	901	38
tail	0xb68ff	297	43	0x8173d	897	37
tail	0x8536e	64	307	0xb8064	896	116
tail	0x9eac9	189	184	0x9d694	894	50
tail	0xae32f	258	20	0x7c62b	890	63
tail	0xae32f	258	176	0x9c10b	887	51
tail	0x9d961	184	18	0x7be9b	885	51
tail	0x91e7f	123	64	0x85059	880	63
tail	0xa0068	194,195,196	340	0xbf435	880	49
tail	0xae32f	258	28	0x7e390	879	120
tail	0x9eac9	189	199	0xa0631	879	91
tail	0x7e7ca	28	158	0x99029	878	50
tail	0x8536e	64	243	0xaab6a	876	35
tail	0x9eac9	189	161	0x9975a	874	64
tail	0x7c308	18	161	0x9975a	873	69
tail	0x7fba1	33	258	0xadf2c	873	44
tail	0xc0d7b	347	199	0xa0631	871	93
tail	0xb837a	307	268	0xb0007	870	41
tail	0x88a55	78,79	257	0xadbfd	865	59
tail	0x7e7ca	28	43	0x8173d	865	76
tail	0xc088b	346	28	0x7e390	862	37
tail	0x9dcab	185	114	0x90319	862	98
tail	0x9af16	168	258	0xadf2c	861	72
tail	0xbf126	337	123	0x91a59	860	61
tail	0xb837a	307	347	0xc088d	858	97
tail	0xbf126	337	185	0x9d964	858	100
tail	0xbf126	337	199	0xa0631	857	94
tail	0xae32f	258	196	0x9fbcd	857	52
tail	0xb68ff	297	189	0x9e7af	856	106
tail	0x9ba72	172	28	0x7e390	851	44
tail	0x859f9	66	158	0x99029	849	58
tail	0xb68ff	297	184	0x9d694	847	56
tail	0xae32f	258	174	0x9bd8f	846	51
tail	0x90893	113,114	297	0xb64d7	844	104
tail	0xae32f	258	66	0x855ff	842	103
tail	0x9af16	168	337	0xbec0e	839	56
tail	0x9dcab	185	123	0x91a59	838	62
tail	0x99026	157	340	0xbf435	831	63
tail	0xc0d7b	347	174	0x9bd8f	830	61
tail	0xc0d7b	347	43	0x8173d	829	62
tail	0x99026	157	64	0x85059	828	63
tail	0xc0d7b	347	185	0x9d964	827	80
tail	0xc0d7b	347	66	0x855ff	823	105
tail	0xbf126	337	158	0x99029	822	70
tail	0x9eac9	189	305	0xb78b0	822	41
tail	0x9c3f4	175,176	189	0x9e7af	821	67
tail	0x7e7ca	28	176	0x9c10b	818	82
tail	0xb0458	268	243	0xaab6a	816	36
tail	0x99026	157	185	0x9d964	813	57
tail	0xa5886	219,220	144	0x95887	813	58
tail	0x9d961	184	114	0x90319	813	70
tail	0x9c08c	174	347	0xc088d	812	59
tail	0x7e7ca	28	168	0x9aa83	811	72
tail	0x8536e	64	123	0x91a59	810	52
tail	0xbf126	337	174	0x9bd8f	810	63
tail	0x9d961	184	64	0x85059	809	51
tail	0xa0068	194,195,196	66	0x855ff	807	36
tail	0xb837a	307	161	0x9975a	807	48
tail	0x7ca96	20	258	0xadf2c	806	66
tail	0x81b7c	43	287	0xb45d2	806	48
tail	0xa4a5e	215	20	0x7c62b	806	51
tail	0xb837a	307	158	0x99029	801	62
tail	0xb68ff	297	196	0x9fbcd	798	40
tail	0x9dcab	185	172	0x9b68a	797	36
tail	0x9c3f4	175,176	340	0xbf435	797	55
tail	0xb0458	268	28	0x7e390	796	57
tail	0x9af16	168	305	0xb78b0	795	41
tail	0x90893	113,114	243	0xaab6a	793	41
tail	0x9aa81	167	283	0xb3612	790	65
tail	0x9eac9	189	333	0xbd8af	787	54
tail	0xb68ff	297	333	0xbd8af	786	39
tail	0xc0d7b	347	158	0x99029	782	48
tail	0x9dcab	185	203	0xa1484	781	45
tail	0x9eac9	189	66	0x855ff	780	98
tail	0xc0d7b	347	123	0x91a59	780	54
tail	0xbf886	340	176	0x9c10b	779	60
tail	0xbf126	337	176	0x9c10b	778	64
tail	0xbf886	340	184	0x9d694	778	53
tail	0xb837a	307	157	0x98a9a	777	51
tail	0xadf29	257	172	0x9b68a	777	9
tail	0x9dcab	185	340	0xbf435	776	95
tail	0x99b3a	161	28	0x7e390	776	49
tail	0x9af16	168	189	0x9e7af	776	54
tail	0xa4a5e	215	123	0x91a59	775	45
tail	0xb7bb8	305	189	0x9e7af	771	38
tail	0xa0068	194,195,196	258	0xadf2c	771	49
tail	0x81b7c	43	337	0xbec0e	770	60
tail	0xb497e	287	28	0x7e390	769	36
tail	0xbdd16	333	305	0xb78b0	766	29
tail	0x81b7c	43	26	0x7dbbb	765	39
tail	0x81b7c	43	189	0x9e7af	762	62
tail	0x9ba72	172	258	0xadf2c	760	48
tail	0xae32f	258	172	0x9b68a	760	47
tail	0xa0a9c	199	347	0xc088d	759	87
tail	0x90893	113,114	268	0xb0007	759	38
tail	0x9c08c	174	337	0xbec0e	757	57
tail	0xbf126	337	43	0x8173d	757	70
tail	0x9ba72	172	199	0xa0631	756	42
tail	0x9d961	184	347	0xc088d	754	62
tail	0xbf886	340	123	0x91a59	753	63
tail	0x9c3f4	175,176	18	0x7be9b	752	53
tail	0xbdd16	333	114	0x90319	750	41
tail	0x9af16	168	26	0x7dbbb	749	49
tail	0x7e7ca	28	33	0x7f7c4	749	27
tail	0xb86f5	309,310	171	0x9b4b3	748	56
tail	0x9c08c	174	185	0x9d964	748	43
tail	0x88a55	78,79	198	0xa037e	745	45
tail	0x81b7c	43	297	0xb64d7	745	45
tail	0xc0d7b	347	161	0x9975a	741	54
tail	0x81b7c	43	199	0xa0631	741	48
tail	0x9af16	168	315	0xb9451	740	35
tail	0xbf126	337	203	0xa1484	739	40
tail	0x9dcab	185	43	0x8173d	738	54
tail	0xc0d7b	347	287	0xb45d2	737	51
tail	0xb86f5	309,310	165	0x9a24c	736	51
tail	0x7fba1	33	307	0xb8064	735	39
tail	0xae32f	258	157	0x98a9a	735	71
tail	0x99026	157	28	0x7e390	733	60
tail	0xaaf3c	243	307	0xb8064	733	25
tail	0x7c308	18	172	0x9b68a	732	63
tail	0xb9878	315	337	0xbec0e	731	43
tail	0xb7583	301	198	0xa037e	729	35
tail	0x992ca	158	189	0x9e7af	726	52
tail	0xa4a5e	215	174	0x9bd8f	722	61
tail	0x7ca96	20	337	0xbec0e	720	62
tail	0xb68ff	297	268	0xb0007	720	38
tail	0x9c08c	174	189	0x9e7af	719	55
tail	0x859f9	66	176	0x9c10b	718	58
tail	0x9af16	168	64	0x85059	717	40
tail	0xa4a5e	215	157	0x98a9a	715	50
tail	0x9c3f4	175,176	337	0xbec0e	714	53
tail	0xbf886	340	287	0xb45d2	714	44
tail	0x7c308	18	176	0x9c10b	713	62
tail	0xbf126	337	172	0x9b68a	712	52
tail	0x7ca96	20	185	0x9d964	712	42
tail	0x992ca	158	337	0xbec0e	710	56
tail	0xb0458	268	64	0x85059	710	56
tail	0x7e7ca	28	268	0xb0007	708	44
tail	0x81b7c	43	258	0xadf2c	707	55
tail	0x99b3a	161	337	0xbec0e	707	59
tail	0x9b0c5	169	354	0xc2241	704	60
tail	0x7c308	18	123	0x91a59	704	68
tail	0xbdd16	333	199	0xa0631	703	41
tail	0x7c308	18	43	0x8173d	703	73
tail	0xbf126	337	287	0xb45d2	703	45
tail	0x9af16	168	347	0xc088d	701	49
tail	0x7fba1	33	157	0x98a9a	700	37
tail	0x81b7c	43	346	0xc0535	700	40
tail	0xc0d7b	347	20	0x7c62b	699	56
tail	0xa1936	202,203	258	0xadf2c	699	43
tail	0xb837a	307	196	0x9fbcd	698	43
tail	0xaaf3c	243	189	0x9e7af	698	35
tail	0x992ca	158	18	0x7be9b	695	53
tail	0xa4a5e	215	196	0x9fbcd	694	36
tail	0xb68ff	297	337	0xbec0e	694	76
tail	0xb0458	268	185	0x9d964	693	49
tail	0xae32f	258	123	0x91a59	692	47
tail	0x7ca96	20	347	0xc088d	691	51
tail	0xae32f	258	26	0x7dbbb	690	38
tail	0xa4a5e	215	176	0x9c10b	689	45
tail	0x9c08c	174	307	0xb8064	687	58
tail	0x7dfbd	26	66	0x855ff	687	43
tail	0xb497e	287	297	0xb64d7	686	34
tail	0xb7bb8	305	297	0xb64d7	684	29
tail	0x859f9	66	346	0xc0535	678	38
tail	0xc088b	346	168	0x9aa83	678	38
tail	0x9c08c	174	64	0x85059	677	65
tail	0xbf126	337	157	0x98a9a	677	63
tail	0xbf886	340	158	0x99029	675	56
tail	0x9ba72	172	305	0xb78b0	674	26
tail	0x7c308	18	158	0x99029	672	64
tail	0x99026	157	337	0xbec0e	669	66
tail	0xb7583	301	173	0x9ba74	669	45
tail	0xbdd16	333	243	0xaab6a	667	38
tail	0x9eac9	189	157	0x98a9a	667	61
tail	0x7c308	18	64	0x85059	666	109
tail	0xa0068	194,195,196	33	0x7f7c4	666	41
tail	0xb68ff	297	174	0x9bd8f	665	54
tail	0x859f9	66	114	0x90319	664	114
tail	0x9c3f4	175,176	347	0xc088d	661	55
tail	0x90893	113,114	287	0xb45d2	661	39
tail	0xbf886	340	157	0x98a9a	658	67
tail	0xa0a9c	199	114	0x90319	656	77
tail	0x7e7ca	28	26	0x7dbbb	655	55
tail	0xc0d7b	347	268	0xb0007	655	49
tail	0x7dfbd	26	114	0x90319	655	31
tail	0x9dcab	185	176	0x9c10b	652	59
tail	0x7dfbd	26	28	0x7e390	652	40
tail	0x7c308	18	333	0xbd8af	652	46
tail	0x90893	113,114	43	0x8173d	652	63
tail	0xb497e	287	199	0xa0631	651	31
tail	0x99b3a	161	340	0xbf435	650	54
tail	0x9ba72	172	340	0xbf435	650	47
tail	0xbf2d3	338	283	0xb3612	648	61
tail	0x9af16	168	215	0xa4609	648	53
tail	0x992ca	158	64	0x85059	648	50
tail	0x992ca	158	258	0xadf2c	648	43
tail	0xa0068	194,195,196	347	0xc088d	647	48
tail	0xa0a9c	199	123	0x91a59	646	58
tail	0x7e7ca	28	123	0x91a59	646	68
tail	0x91e7f	123	18	0x7be9b	646	47
tail	0x9ba72	172	189	0x9e7af	644	58
tail	0x81b7c	43	18	0x7be9b	644	71
tail	0x91e7f	123	185	0x9d964	644	35
tail	0xaaf3c	243	18	0x7be9b	642	41
tail	0x9ba72	172	66	0x855ff	641	58
tail	0x9c08c	174	215	0xa4609	640	39
tail	0x9dcab	185	189	0x9e7af	637	99
tail	0x81b7c	43	66	0x855ff	637	63
tail	0xbf886	340	20	0x7c62b	637	65
tail	0x99b3a	161	18	0x7be9b	637	48
tail	0xbf126	337	184	0x9d694	637	60
tail	0x8536e	64	333	0xbd8af	636	49
tail	0xa0a9c	199	161	0x9975a	635	46
tail	0x792f5	3	160	0x994cf	635	53
tail	0x81b7c	43	28	0x7e390	634	58
tail	0x992ca	158	347	0xc088d	631	51
tail	0x7e7ca	28	333	0xbd8af	631	45
tail	0x81b7c	43	307	0xb8064	631	53
tail	0xbf126	337	333	0xbd8af	627	60
tail	0x9c08c	174	66	0x855ff	627	49
tail	0xb7583	301	352	0xc1ec4	627	53
tail	0x9d961	184	215	0xa4609	626	43
tail	0xbdd16	333	64	0x85059	626	46
tail	0xae32f	258	161	0x9975a	624	57
tail	0x7e7ca	28	161	0x9975a	621	61
tail	0xc0d7b	347	215	0xa4609	621	63
tail	0xb497e	287	189	0x9e7af	621	50
tail	0xae32f	258	305	0xb78b0	621	42
tail	0xbf886	340	305	0xb78b0	620	31
tail	0x81b7c	43	340	0xbf435	619	55
tail	0xae32f	258	184	0x9d694	619	65
tail	0xbf886	340	196	0x9fbcd	619	45
tail	0xb9878	315	307	0xb8064	617	36
tail	0xb86f5	309,310	354	0xc2241	616	58
tail	0xc088b	346	258	0xadf2c	614	33
tail	0xbdd16	333	18	0x7be9b	613	61
tail	0x91e7f	123	189	0x9e7af	612	55
tail	0xbdd16	333	189	0x9e7af	612	48
tail	0xb68ff	297	64	0x85059	609	90
tail	0x99026	157	258	0xadf2c	609	50
tail	0xa0068	194,195,196	307	0xb8064	608	38
tail	0x99b3a	161	64	0x85059	606	54
tail	0xa0a9c	199	174	0x9bd8f	604	45
tail	0x81b7c	43	305	0xb78b0	602	53
tail	0x8536e	64	161	0x9975a	600	52
tail	0x82e73	49	352	0xc1ec4	600	60
tail	0xa4a5e	215	26	0x7dbbb	600	33
tail	0xbf886	340	33	0x7f7c4	599	40
tail	0xbdd16	333	315	0xb9451	598	36
tail	0x8536e	64	305	0xb78b0	598	33
tail	0xbf886	340	333	0xbd8af	596	61
tail	0xbdd16	333	215	0xa4609	593	43
tail	0xbf126	337	268	0xb0007	592	53
tail	0x7c308	18	168	0x9aa83	591	58
tail	0xae32f	258	243	0xaab6a	591	34
tail	0x82e73	49	257	0xadbfd	590	47
tail	0x9d961	184	199	0xa0631	589	35
tail	0x9eac9	189	287	0xb45d2	586	50
tail	0xb68ff	297	203	0xa1484	586	42
tail	0xb0458	268	215	0xa4609	585	32
tail	0x9ba72	172	114	0x90319	584	53
tail	0xa1936	202,203	297	0xb64d7	584	40
tail	0xae32f	258	315	0xb9451	583	39
tail	0xbf2d3	338	351	0xc1d48	582	59
tail	0xb497e	287	196	0x9fbcd	582	36
tail	0xb7bb8	305	28	0x7e390	581	33
tail	0x992ca	158	215	0xa4609	580	31
tail	0x859f9	66	196	0x9fbcd	580	44
tail	0x8536e	64	20	0x7c62b	579	67
tail	0x7c308	18	315	0xb9451	578	45
tail	0xaaf3c	243	185	0x9d964	578	32
tail	0x90893	113,114	33	0x7f7c4	578	47
tail	0x86763	69,70	108	0x8f24b	577	44
tail	0x95b59	143,144	258	0xadf2c	577	14
tail	0x992ca	158	114	0x90319	576	63
tail	0xb7bb8	305	338	0xbf128	576	32
tail	0x9eac9	189	315	0xb9451	575	60
tail	0xc088b	346	185	0x9d964	572	31
tail	0xb092e	269	108	0x8f24b	571	71
tail	0x7c308	18	184	0x9d694	570	64
tail	0x7c308	18	157	0x98a9a	569	58
tail	0xbdd16	333	28	0x7e390	568	47
tail	0x7dfbd	26	258	0xadf2c	567	40
tail	0x9af16	168	307	0xb8064	565	55
tail	0x9c3f4	175,176	64	0x85059	562	55
tail	0x90893	113,114	315	0xb9451	562	38
tail	0x99b3a	161	258	0xadf2c	559	64
tail	0xa0068	194,195,196	64	0x85059	559	39
tail	0xbada2	318,319	173	0x9ba74	559	31
tail	0xaaf3c	243	28	0x7e390	559	35
tail	0xa5886	219,220	108	0x8f24b	555	66
tail	0x9af16	168	287	0xb45d2	554	45
tail	0x9af16	168	243	0xaab6a	550	41
tail	0xbf126	337	168	0x9aa83	549	55
tail	0xbdd16	333	337	0xbec0e	549	54
tail	0x8536e	64	315	0xb9451	549	38
tail	0x89839	83	173	0x9ba74	548	55
tail	0x9c3f4	175,176	66	0x855ff	547	59
tail	0x859f9	66	243	0xaab6a	546	28
tail	0xb7bb8	305	199	0xa0631	546	19
tail	0xa0a9c	199	337	0xbec0e	545	97
tail	0xb9878	315	215	0xa4609	544	17
tail	0x91e7f	123	199	0xa0631	543	53
tail	0xb9878	315	64	0x85059	543	45
tail	0x90893	113,114	346	0xc0535	542	40
tail	0xb497e	287	258	0xadf2c	541	44
tail	0x9af16	168	346	0xc0535	541	43
tail	0x99b3a	161	307	0xb8064	540	39
tail	0x7ca96	20	18	0x7be9b	539	50
tail	0xbf126	337	196	0x9fbcd	539	57
tail	0xb7bb8	305	203	0xa1484	538	22
tail	0x859f9	66	333	0xbd8af	538	62
tail	0x9b0c5	169	165	0x9a24c	537	52
tail	0x9dcab	185	161	0x9975a	537	54
tail	0xc088b	346	64	0x85059	531	38
tail	0x9af16	168	114	0x90319	531	52
tail	0xbf886	340	43	0x8173d	530	69
tail	0x7e7ca	28	315	0xb9451	530	38
tail	0x9eac9	189	20	0x7c62b	529	56
tail	0xa4a5e	215	161	0x9975a	527	49
tail	0x91e7f	123	258	0xadf2c	526	65
tail	0x9dcab	185	20	0x7c62b	525	43
tail	0x7ca96	20	66	0x855ff	525	54
tail	0xbf2d3	338	295	0xb60e0	523	58
tail	0x81b7c	43	315	0xb9451	522	38
tail	0xb7bb8	305	157	0x98a9a	522	30
tail	0x82e73	49	198	0xa037e	521	42
tail	0xa5886	219,220	173	0x9ba74	520	60
tail	0x859f9	66	20	0x7c62b	520	63
tail	0xb7bb8	305	258	0xadf2c	518	46
tail	0x7dfbd	26	185	0x9d964	518	35
tail	0xbf126	337	161	0x9975a	518	51
tail	0xb708a	299,300	258	0xadf2c	517	4
tail	0x7c308	18	305	0xb78b0	517	35
tail	0xa0068	194,195,196	26	0x7dbbb	517	36
tail	0xb7bb8	305	337	0xbec0e	515	33
tail	0x7fba1	33	114	0x90319	514	36
tail	0x82e73	49	160	0x994cf	514	52
tail	0x9d961	184	185	0x9d964	514	39
tail	0xa0a9c	199	203	0xa1484	513	36
tail	0xb9878	315	157	0x98a9a	512	42
tail	0xaaf3c	243	337	0xbec0e	510	39
tail	0xbf126	337	26	0x7dbbb	510	42
tail	0x9dcab	185	333	0xbd8af	510	34
tail	0x792f5	3	256	0xad849	510	49
tail	0x99b3a	161	185	0x9d964	510	32
tail	0x99b3a	161	199	0xa0631	509	40
tail	0x7dfbd	26	172	0x9b68a	509	30
tail	0x90893	113,114	26	0x7dbbb	509	46
tail	0x9f779	192	198	0xa037e	509	38
tail	0x7e7ca	28	20	0x7c62b	508	54
tail	0x99026	157	189	0x9e7af	507	45
tail	0x9d961	184	189	0x9e7af	507	45
tail	0x99026	157	347	0xc088d	506	60
tail	0x99b3a	161	297	0xb64d7	506	44
tail	0xb837a	307	123	0x91a59	505	68
tail	0xa0068	194,195,196	199	0xa0631	505	40
tail	0xbdd16	333	258	0xadf2c	504	34
tail	0x792f5	3	257	0xadbfd	503	50
tail	0x9dcab	185	33	0x7f7c4	502	37
tail	0x81b7c	43	114	0x90319	502	67
tail	0xb837a	307	33	0x7f7c4	502	39
tail	0xa0068	194,195,196	185	0x9d964	502	48
tail	0xb9878	315	189	0x9e7af	501	32
tail	0x9ba72	172	307	0xb8064	501	31
tail	0xbf886	340	243	0xaab6a	500	35
tail	0x90893	113,114	196	0x9fbcd	500	46
tail	0x99b3a	161	66	0x855ff	499	45
tail	0xb7bb8	305	340	0xbf435	499	36
tail	0xbf886	340	174	0x9bd8f	497	70
tail	0x99026	157	26	0x7dbbb	497	31
tail	0xbf886	340	199	0xa0631	496	90
tail	0xb497e	287	347	0xc088d	496	39
tail	0x992ca	158	307	0xb8064	496	36
tail	0xbf886	340	315	0xb9451	494	39
tail	0xbf126	337	315	0xb9451	493	29
tail	0x9ba72	172	315	0xb9451	492	27
tail	0x7e7ca	28	157	0x98a9a	491	56
tail	0xc088b	346	347	0xc088d	490	29
tail	0x7fba1	33	167	0x9a8d2	489	20
tail	0x9d961	184	297	0xb64d7	489	37
tail	0xa0a9c	199	196	0x9fbcd	488	33
tail	0x91e7f	123	340	0xbf435	488	67
tail	0xb9878	315	114	0x90319	487	30
tail	0xaaf3c	243	340	0xbf435	487	31
tail	0x9c08c	174	18	0x7be9b	486	59
tail	0xa5886	219,220	198	0xa037e	485	49
tail	0x792f5	3	144	0x95887	485	60
tail	0xbf886	340	345	0xc02e4	485	10
tail	0xb7bb8	305	196	0x9fbcd	485	29
tail	0xa0068	194,195,196	346	0xc0535	485	26
tail	0xa0068	194,195,196	28	0x7e390	485	46
tail	0x81b7c	43	215	0xa4609	484	40
tail	0x9bd8c	173	64	0x85059	483	19
tail	0xa4a5e	215	168	0x9aa83	483	48
tail	0xb68ff	297	157	0x98a9a	482	44
tail	0xb837a	307	20	0x7c62b	479	55
tail	0xb0458	268	305	0xb78b0	479	24
tail	0xa1936	202,203	64	0x85059	479	48
tail	0xaaf3c	243	297	0xb64d7	478	25
tail	0x9c08c	174	297	0xb64d7	477	47
tail	0xc088b	346	337	0xbec0e	475	39
tail	0xae32f	258	168	0x9aa83	474	75
tail	0x7e7ca	28	287	0xb45d2	474	40
tail	0x9af16	168	28	0x7e390	474	50
tail	0x7dfbd	26	43	0x8173d	473	35
tail	0xa1936	202,203	315	0xb9451	473	35
tail	0xae32f	258	333	0xbd8af	472	55
tail	0x7dfbd	26	168	0x9aa83	472	30
tail	0xa94a3	237	352	0xc1ec4	472	31
tail	0x859f9	66	315	0xb9451	471	41
tail	0x8536e	64	268	0xb0007	471	53
tail	0xa4a5e	215	184	0x9d694	471	42
tail	0xb0458	268	347	0xc088d	470	48
tail	0xaaf3c	243	66	0x855ff	469	33
tail	0x9ba72	172	337	0xbec0e	468	41
tail	0x8536e	64	297	0xb64d7	468	84
tail	0xaaf3c	243	167	0x9a8d2	465	29
tail	0x9dcab	185	157	0x98a9a	464	37
tail	0x9c3f4	175,176	114	0x90319	463	54
tail	0xa0a9c	199	79	0x885b0	463	16
tail	0x81b7c	43	185	0x9d964	462	57
tail	0xb68ff	297	168	0x9aa83	462	56
tail	0xa1936	202,203	189	0x9e7af	461	55
tail	0x90893	113,114	161	0x9975a	460	51
tail	0x99b3a	161	189	0x9e7af	460	46
tail	0xb837a	307	172	0x9b68a	459	33
tail	0xa4a5e	215	268	0xb0007	459	42
tail	0x90893	113,114	168	0x9aa83	459	51
tail	0xb7583	301	256	0xad849	458	49
tail	0xb497e	287	43	0x8173d	457	37
tail	0xa0068	194,195,196	114	0x90319	457	49
tail	0x9aa81	167	295	0xb60e0	457	54
tail	0x9dcab	185	287	0xb45d2	456	30
tail	0x8536e	64	287	0xb45d2	456	41
tail	0x9eac9	189	158	0x99029	454	60
tail	0xb837a	307	43	0x8173d	454	43
tail	0x8536e	64	196	0x9fbcd	454	47
tail	0xc0d7b	347	176	0x9c10b	451	55
tail	0x88a55	78,79	160	0x994cf	451	51
tail	0x7dfbd	26	340	0xbf435	451	52
tail	0xae32f	258	268	0xb0007	451	47
tail	0xa4a5e	215	43	0x8173d	450	42
tail	0x91e7f	123	215	0xa4609	449	39
tail	0x7ca96	20	181	0x9d13f	448	13
tail	0xbdd16	333	287	0xb45d2	447	41
tail	0xa0a9c	199	168	0x9aa83	447	33
tail	0x9eac9	189	203	0xa1484	446	46
tail	0xa1936	202,203	66	0x855ff	445	42
tail	0x7ca96	20	340	0xbf435	445	67
tail	0xaaf3c	243	347	0xc088d	444	39
tail	0x859f9	66	172	0x9b68a	444	53
tail	0xc088b	346	43	0x8173d	443	28
tail	0xb0458	268	340	0xbf435	443	51
tail	0x859f9	66	305	0xb78b0	442	36
tail	0xb0458	268	189	0x9e7af	442	45
tail	0x89839	83	108	0x8f24b	441	70
tail	0xb68ff	297	172	0x9b68a	440	35
tail	0x859f9	66	157	0x98a9a	438	55
tail	0x7c308	18	346	0xc0535	438	37
tail	0xa4a5e	215	158	0x99029	438	43
tail	0x9af16	168	33	0x7f7c4	438	42
tail	0x7fba1	33	64	0x85059	438	32
tail	0x80d77	37	160	0x994cf	437	34
tail	0xbf126	337	346	0xc0535	435	34
tail	0x81b7c	43	33	0x7f7c4	435	39
tail	0x9c3f4	175,176	215	0xa4609	434	36
tail	0xc0d7b	347	333	0xbd8af	433	47
tail	0xbdd16	333	185	0x9d964	430	44
tail	0xb497e	287	64	0x85059	430	41
tail	0x9dcab	185	158	0x99029	430	39
tail	0x9dcab	185	184	0x9d694	429	49
tail	0xb837a	307	243	0xaab6a	429	37
tail	0x91e7f	123	307	0xb8064	428	46
tail	0x99b3a	161	114	0x90319	428	51
tail	0x8536e	64	33	0x7f7c4	428	39
tail	0x8536e	64	346	0xc0535	428	36
tail	0xa4a5e	215	49	0x82820	428	15
tail	0x99026	157	33	0x7f7c4	427	40
tail	0x80d77	37	257	0xadbfd	427	25
tail	0xae32f	258	203	0xa1484	427	47
tail	0xa4a5e	215	172	0x9b68a	426	32
tail	0xb9878	315	167	0x9a8d2	426	37
tail	0x7fba1	33	297	0xb64d7	425	33
tail	0xbf886	340	172	0x9b68a	424	46
tail	0xb9878	315	340	0xbf435	423	40
tail	0x9c3f4	175,176	185	0x9d964	423	41
tail	0xc0d7b	347	37	0x80685	423	11
tail	0xc088b	346	340	0xbf435	422	38
tail	0x99026	157	114	0x90319	421	65
tail	0xa1936	202,203	347	0xc088d	421	45
tail	0xa4a5e	215	305	0xb78b0	420	31
tail	0x9f779	192	257	0xadbfd	419	21
tail	0x792f5	3	352	0xc1ec4	418	40
tail	0x9ba72	172	18	0x7be9b	417	46
tail	0x9eac9	189	33	0x7f7c4	417	47
tail	0xb68ff	297	158	0x99029	416	38
tail	0x9eac9	189	243	0xaab6a	416	44
tail	0xae32f	258	287	0xb45d2	416	40
tail	0xa1936	202,203	199	0xa0631	416	34
tail	0xa0a9c	199	305	0xb78b0	415	27
tail	0x9d961	184	307	0xb8064	414	36
tail	0x7fba1	33	185	0x9d964	414	31
tail	0xc088b	346	203	0xa1484	414	27
tail	0xae32f	258	158	0x99029	413	62
tail	0x82e73	49	173	0x9ba74	413	45
tail	0x9c3f4	175,176	258	0xadf2c	413	55
tail	0xa0a9c	199	301	0xb708d	413	17
tail	0x7dfbd	26	64	0x85059	412	41
tail	0x7fba1	33	340	0xbf435	412	37
tail	0x9ba72	172	215	0xa4609	411	26
tail	0x99026	157	305	0xb78b0	410	33
tail	0xb0458	268	114	0x90319	410	42
tail	0xb0458	268	66	0x855ff	409	42
tail	0x7fba1	33	168	0x9aa83	408	31
tail	0xc21c0	352	258	0xadf2c	408	29
tail	0xb9878	315	43	0x8173d	407	40
tail	0xa5886	219,220	352	0xc1ec4	405	44
tail	0xb9878	315	338	0xbf128	404	32
tail	0xc088b	346	66	0x855ff	403	36
tail	0x9d961	184	258	0xadf2c	403	49
tail	0xb497e	287	333	0xbd8af	403	35
tail	0x7fba1	33	215	0xa4609	402	33
tail	0x7ca96	20	215	0xa4609	401	48
tail	0xc0d7b	347	157	0x98a9a	401	59
tail	0x8f6cf	108	337	0xbec0e	401	31
tail	0xb0458	268	346	0xc0535	397	32
tail	0xb497e	287	307	0xb8064	397	32
tail	0xbf126	337	305	0xb78b0	397	33
tail	0x88a55	78,79	108	0x8f24b	397	61
tail	0x7ecd0	29,30	183	0x9d495	397	36
tail	0xb9878	315	347	0xc088d	395	27
tail	0x90893	113,114	174	0x9bd8f	394	49
tail	0xb837a	307	305	0xb78b0	394	34
tail	0xaaf3c	243	215	0xa4609	393	18
tail	0x980a9	154	91	0x8b6de	393	30
tail	0x7fba1	33	268	0xb0007	393	28
tail	0x7fba1	33	196	0x9fbcd	393	29
tail	0xae32f	258	220	0xa522e	392	14
tail	0xb68ff	297	243	0xaab6a	392	25
tail	0xadbfa	256	340	0xbf435	390	16
tail	0xbf886	340	203	0xa1484	390	47
tail	0xb9878	315	172	0x9b68a	390	21
tail	0xa0068	194,195,196	215	0xa4609	390	33
tail	0xc088b	346	114	0x90319	388	36
tail	0x9ba72	172	254	0xad32c	388	7
tail	0xa0a9c	199	33	0x7f7c4	387	23
tail	0x992ca	158	181	0x9d13f	387	19
tail	0x8cc7f	98,99	198	0xa037e	387	5
tail	0xb092e	269	352	0xc1ec4	384	55
tail	0xbdd16	333	340	0xbf435	383	48
tail	0x9f779	192	108	0x8f24b	383	29
tail	0x9dcab	185	332	0xbd36d	381	8
tail	0xbb1db	320	173	0x9ba74	379	35
tail	0xb68ff	297	176	0x9c10b	379	51
tail	0x9c3f4	175,176	199	0xa0631	379	41
tail	0x8f6cf	108	215	0xa4609	378	20
tail	0x792f5	3	173	0x9ba74	377	37
tail	0x9dcab	185	220	0xa522e	377	16
tail	0xb497e	287	172	0x9b68a	376	36
tail	0xa0068	194,195,196	337	0xbec0e	373	56
tail	0xae32f	258	33	0x7f7c4	373	42
tail	0x88a55	78,79	144	0x95887	373	55
tail	0x80d77	37	256	0xad849	373	18
tail	0xa4a5e	215	333	0xbd8af	372	28
tail	0x9c08c	174	199	0xa0631	372	40
tail	0xbdd16	333	26	0x7dbbb	372	36
tail	0x8536e	64	174	0x9bd8f	371	59
tail	0x8f6cf	108	333	0xbd8af	371	17
tail	0xbb1db	320	198	0xa037e	371	23
tail	0xbf126	337	79	0x885b0	371	14
tail	0x90893	113,114	123	0x91a59	369	56
tail	0x9bd8c	173	196	0x9fbcd	369	8
tail	0x8536e	64	172	0x9b68a	368	46
tail	0x99026	157	297	0xb64d7	368	40
tail	0x9dcab	185	196	0x9fbcd	368	28
tail	0xb092e	269	256	0xad849	368	52
tail	0x9eac9	189	172	0x9b68a	368	41
tail	0x8536e	64	176	0x9c10b	367	58
tail	0x81b7c	43	220	0xa522e	367	15
tail	0xb68ff	297	20	0x7c62b	366	47
tail	0x9eac9	189	168	0x9aa83	366	53
tail	0x8536e	64	203	0xa1484	366	51
tail	0x8536e	64	158	0x99029	365	44
tail	0x8536e	64	168	0x9aa83	365	57
tail	0x90893	113,114	305	0xb78b0	365	39
tail	0x95b59	143,144	268	0xb0007	365	17
tail	0xb092e	269	173	0x9ba74	364	36
tail	0x9bd8c	173	337	0xbec0e	364	20
tail	0xb9878	315	168	0x9aa83	364	47
tail	0xb092e	269	160	0x994cf	364	56
tail	0x7ca96	20	189	0x9e7af	360	49
tail	0x7c308	18	268	0xb0007	360	58
tail	0xa0a9c	199	157	0x98a9a	360	48
tail	0xae32f	258	237	0xa8e1f	360	9
tail	0xa0a9c	199	172	0x9b68a	358	35
tail	0x81b7c	43	64	0x85059	358	55
tail	0x8536e	64	121	0x91379	358	9
tail	0xaeda0	260	180	0x9cf32	356	42
tail	0x9a46b	165	114	0x90319	356	8
tail	0xc0d7b	347	203	0xa1484	355	45
tail	0xa062e	198	199	0xa0631	355	14
tail	0xb708a	299,300	220	0xa522e	355	7
tail	0x9eac9	189	30	0x7e849	355	8
tail	0x9d13d	180	168	0x9aa83	355	16
tail	0xbf886	340	168	0x9aa83	354	54
tail	0x859f9	66	174	0x9bd8f	354	49
tail	0xc0d7b	347	172	0x9b68a	353	45
tail	0x992ca	158	66	0x855ff	353	49
tail	0x859f9	66	43	0x8173d	353	59
tail	0x9eac9	189	123	0x91a59	353	64
tail	0xc088b	346	189	0x9e7af	353	37
tail	0xc0d7b	347	33	0x7f7c4	353	32
tail	0x9b687	171	196	0x9fbcd	352	8
tail	0x9ba72	172	346	0xc0535	351	34
tail	0xa5886	219,220	256	0xad849	351	47
tail	0x99757	160	185	0x9d964	351	21
tail	0x99b3a	161	215	0xa4609	351	40
tail	0xb68ff	297	161	0x9975a	350	49
tail	0x88a55	78,79	256	0xad849	350	48
tail	0xb7583	301	144	0x95887	350	63
tail	0x7ca96	20	307	0xb8064	350	46
tail	0xa94a3	237	108	0x8f24b	350	43
tail	0x9170b	121	307	0xb8064	350	4
tail	0x7ecd0	29,30	203	0xa1484	350	5
tail	0xb0458	268	26	0x7dbbb	349	36
tail	0xb7bb8	305	43	0x8173d	349	37
tail	0xc0d7b	347	346	0xc0535	348	38
tail	0xa1936	202,203	340	0xbf435	348	46
tail	0xb0458	268	307	0xb8064	348	41
tail	0x7e7ca	28	172	0x9b68a	348	46
tail	0x9af16	168	66	0x855ff	347	53
tail	0xb497e	287	215	0xa4609	347	33
tail	0x9dcab	185	305	0xb78b0	347	32
tail	0xa0068	194,195,196	315	0xb9451	347	31
tail	0xb7bb8	305	215	0xa4609	347	36
tail	0x99026	157	287	0xb45d2	346	47
tail	0xbdd16	333	66	0x855ff	346	49
tail	0x7e7ca	28	243	0xaab6a	346	32
tail	0xbf886	340	268	0xb0007	346	44
tail	0x99757	160	215	0xa4609	346	16
tail	0xc0532	345	52	0x833c7	345	5
tail	0x7dfbd	26	268	0xb0007	344	34
tail	0x7ca96	20	28	0x7e390	343	43
tail	0x7e7ca	28	203	0xa1484	342	39
tail	0xbdd16	333	297	0xb64d7	342	42
tail	0xbf126	337	243	0xaab6a	341	37
tail	0xaaf3c	243	168	0x9aa83	339	30
tail	0x9af16	168	185	0x9d964	338	46
tail	0x9c3f4	175,176	297	0xb64d7	338	41
tail	0xb68ff	297	301	0xb708d	338	14
tail	0x859f9	66	83	0x8947b	337	13
tail	0x89839	83	160	0x994cf	336	51
tail	0x7fba1	33	172	0x9b68a	336	33
tail	0xaaf3c	243	172	0x9b68a	336	31
tail	0x859f9	66	161	0x9975a	335	52
tail	0xb837a	307	203	0xa1484	335	33
tail	0x8371b	52	316	0xb987b	335	7
tail	0x82e73	49	108	0x8f24b	334	72
tail	0xa0a9c	199	20	0x7c62b	334	49
tail	0xa4a5e	215	287	0xb45d2	334	28
tail	0x7e7ca	28	184	0x9d694	334	56
tail	0xb497e	287	340	0xbf435	333	34
tail	0xc0532	345	196	0x9fbcd	333	15
tail	0x7c308	18	300	0xb6c36	332	12
tail	0xb497e	287	157	0x98a9a	330	47
tail	0xb0458	268	199	0xa0631	330	41
tail	0xb68ff	297	33	0x7f7c4	330	35
tail	0x9ba72	172	33	0x7f7c4	329	36
tail	0x7ca96	20	64	0x85059	329	53
tail	0xbf886	340	192	0x9f00a	329	8
tail	0x8f6cf	108	196	0x9fbcd	328	16
tail	0x9b687	171	337	0xbec0e	328	20
tail	0xbf886	340	26	0x7dbbb	328	35
tail	0xb0458	268	287	0xb45d2	328	29
tail	0xa062e	198	300	0xb6c36	328	7
tail	0x9c08c	174	340	0xbf435	327	41
tail	0xb9878	315	258	0xadf2c	326	43
tail	0xb9878	315	268	0xb0007	326	26
tail	0x9f779	192	256	0xad849	324	32
tail	0x81b7c	43	243	0xaab6a	324	25
tail	0xbada2	318,319	257	0xadbfd	324	25
tail	0xae32f	258	346	0xc0535	323	33
tail	0xb7bb8	305	167	0x9a8d2	323	22
tail	0xc1d46	350	183	0x9d495	323	38
tail	0x9d692	183	114	0x90319	323	15
tail	0x992ca	158	28	0x7e390	322	47
tail	0xbf126	337	33	0x7f7c4	321	38
tail	0x7e7ca	28	3	0x78c77	321	21
tail	0xc088b	346	268	0xb0007	320	31
tail	0xb9878	315	199	0xa0631	320	31
tail	0xb0458	268	337	0xbec0e	320	45
tail	0xb497e	287	185	0x9d964	320	33
tail	0xb68ff	297	305	0xb78b0	320	25
tail	0x91e7f	123	50	0x82e76	320	2
tail	0x99757	160	43	0x8173d	319	24
tail	0x992ca	158	185	0x9d964	319	35
tail	0x9f779	192	144	0x95887	319	30
tail	0xc21c0	352	307	0xb8064	319	18
tail	0x7fba1	33	333	0xbd8af	319	35
tail	0xb837a	307	333	0xbd8af	318	30
tail	0xb0458	268	297	0xb64d7	318	36
tail	0xb7bb8	305	333	0xbd8af	317	35
tail	0xb68ff	297	346	0xc0535	317	35
tail	0xbdd16	333	307	0xb8064	317	37
tail	0x99026	157	346	0xc0535	316	39
tail	0xa062e	198	18	0x7be9b	316	25
tail	0x7c308	18	33	0x7f7c4	316	39
tail	0x90893	113,114	172	0x9b68a	315	50
tail	0x9ba72	172	243	0xaab6a	315	28
tail	0x7dfbd	26	196	0x9fbcd	315	37
tail	0xb9878	315	196	0x9fbcd	315	31
tail	0xbf126	337	20	0x7c62b	315	42
tail	0x7fba1	33	189	0x9e7af	315	29
tail	0x95b59	143,144	18	0x7be9b	315	24
tail	0xa1936	202,203	337	0xbec0e	314	30
tail	0x90893	113,114	157	0x98a9a	314	70
tail	0xa1936	202,203	114	0x90319	314	35
tail	0xbb1db	320	256	0xad849	314	22
tail	0xa062e	198	258	0xadf2c	314	22
tail	0x859f9	66	33	0x7f7c4	312	25
tail	0x7fba1	33	347	0xc088d	312	27
tail	0xa0a9c	199	243	0xaab6a	311	27
tail	0x95b59	143,144	168	0x9aa83	310	17
tail	0x99757	160	18	0x7be9b	310	24
tail	0xaaf3c	243	43	0x8173d	309	32
tail	0x7dfbd	26	337	0xbec0e	308	32
tail	0xa1936	202,203	33	0x7f7c4	308	24
tail	0xa0a9c	199	43	0x8173d	307	34
tail	0xa1936	202,203	26	0x7dbbb	306	33
tail	0xa0a9c	199	158	0x99029	305	46
tail	0xbf886	340	346	0xc0535	305	30
tail	0xc21c0	352	196	0x9fbcd	305	18
tail	0x7fba1	33	66	0x855ff	304	42
tail	0xaaf3c	243	157	0x98a9a	304	25
tail	0xb7bb8	305	168	0x9aa83	304	32
tail	0x7dfbd	26	347	0xc088d	302	25
tail	0x859f9	66	26	0x7dbbb	302	30
tail	0xb497e	287	168	0x9aa83	301	26
tail	0xb0458	268	315	0xb9451	300	24
tail	0x859f9	66	168	0x9aa83	300	49
tail	0xb7583	301	257	0xadbfd	300	34
tail	0xb497e	287	167	0x9a8d2	299	20
tail	0x9dcab	185	315	0xb9451	299	36
tail	0xb837a	307	346	0xc0535	298	18
tail	0x90893	113,114	332	0xbd36d	298	11
tail	0xc088b	346	172	0x9b68a	297	26
tail	0x8371b	52	75	0x873fc	297	11
tail	0x7dfbd	26	333	0xbd8af	296	20
tail	0x7dfbd	26	167	0x9a8d2	296	21
tail	0x859f9	66	49	0x82820	296	15
tail	0xa062e	198	337	0xbec0e	296	15
tail	0xadbfa	256	189	0x9e7af	295	24
tail	0xb68ff	297	287	0xb45d2	295	23
tail	0xb7583	301	108	0x8f24b	293	57
tail	0x9c08c	174	40	0x8115d	291	16
tail	0x9c08c	174	356	0xc291a	291	14
tail	0x7ca96	20	297	0xb64d7	291	41
tail	0x9eac9	189	196	0x9fbcd	290	55
tail	0x91e7f	123	297	0xb64d7	290	39
tail	0xa0068	194,195,196	305	0xb78b0	289	37
tail	0xa0068	194,195,196	273	0xb11ca	289	7
tail	0xad766	254	180	0x9cf32	288	40
tail	0xc21c0	352	340	0xbf435	288	14
tail	0x9eac9	189	26	0x7dbbb	287	27
tail	0x9bd8c	173	340	0xbf435	287	22
tail	0xa4a5e	215	121	0x91379	287	14
tail	0x99026	157	307	0xb8064	286	52
tail	0x88a55	78,79	173	0x9ba74	286	51
tail	0x9ba72	172	185	0x9d964	286	52
tail	0x89839	83	257	0xadbfd	286	49
tail	0xb497e	287	66	0x855ff	285	33
tail	0xb0458	268	18	0x7be9b	284	54
tail	0xb7bb8	305	18	0x7be9b	284	35
tail	0x89839	83	352	0xc1ec4	284	56
tail	0x859f9	66	300	0xb6c36	284	7
tail	0x8536e	64	239	0xa991e	283	8
tail	0x9bd8c	173	114	0x90319	283	23
tail	0x92f1f	128	268	0xb0007	282	3
tail	0xa1936	202,203	52	0x833c7	281	2
tail	0xadf29	257	43	0x8173d	281	19
tail	0xc0d7b	347	128	0x9299b	281	7
tail	0xbb6e3	321,322	91	0x8b6de	280	34
tail	0x99b3a	161	347	0xc088d	280	46
tail	0x99b3a	161	356	0xc291a	279	9
tail	0x99026	157	215	0xa4609	277	40
tail	0xa1936	202,203	28	0x7e390	277	47
tail	0x7fba1	33	337	0xbec0e	277	41
tail	0xb68ff	297	260	0xae90b	277	10
tail	0xa1936	202,203	30	0x7e849	277	7
tail	0x80d77	37	144	0x95887	276	30
tail	0xa4a5e	215	301	0xb708d	276	10
tail	0xbb6e3	321,322	347	0xc088d	276	6
tail	0x7e7ca	28	300	0xb6c36	275	8
tail	0x992ca	158	278	0xb2342	275	5
tail	0x980a9	154	180	0x9cf32	275	43
tail	0xb092e	269	257	0xadbfd	274	47
tail	0xa0a9c	199	287	0xb45d2	274	36
tail	0xc0d7b	347	26	0x7dbbb	274	34
tail	0xaaf3c	243	258	0xadf2c	274	34
tail	0xadf29	257	157	0x98a9a	273	14
tail	0x99026	157	243	0xaab6a	272	36
tail	0x9af16	168	18	0x7be9b	272	61
tail	0xa062e	198	66	0x855ff	272	15
tail	0xa062e	198	215	0xa4609	272	8
tail	0xbf126	337	253	0xacfb1	272	9
tail	0xb9878	315	18	0x7be9b	271	36
tail	0x89839	83	144	0x95887	271	54
tail	0xb708a	299,300	183	0x9d495	271	46
tail	0xaeda0	260	189	0x9e7af	271	8
tail	0xad766	254	66	0x855ff	270	8
tail	0xa0a9c	199	70	0x8610e	270	6
tail	0xad329	252,253	297	0xb64d7	269	8
tail	0xb1545	273	183	0x9d495	269	39
tail	0x99757	160	172	0x9b68a	268	10
tail	0xbd8ad	332	347	0xc088d	268	5
tail	0x92f1f	128	215	0xa4609	268	4
tail	0x7c308	18	105	0x8e6b4	268	7
tail	0x99757	160	157	0x98a9a	268	18
tail	0xa062e	198	185	0x9d964	267	10
tail	0x9eac9	189	319	0xba72f	267	9
tail	0xb7bb8	305	268	0xb0007	266	20
tail	0x7ecd0	29,30	91	0x8b6de	266	39
tail	0x9ba72	172	128	0x9299b	266	4
tail	0x992ca	158	261	0xaeda2	265	16
tail	0xb0458	268	301	0xb708d	264	5
tail	0xa1936	202,203	18	0x7be9b	264	46
tail	0x90893	113,114	30	0x7e849	264	7
tail	0x9bd8c	173	349	0xc140b	264	5
tail	0xc1923	349	17	0x7bae9	264	4
tail	0x99757	160	350	0xc1926	264	4
tail	0x90893	113,114	124	0x91e81	263	14
tail	0xc21c0	352	292	0xb540f	263	3
tail	0xc0d7b	347	196	0x9fbcd	262	52
tail	0x7dfbd	26	199	0xa0631	262	32
tail	0xb837a	307	301	0xb708d	262	13
tail	0x90893	113,114	37	0x80685	262	4
tail	0x792f5	3	198	0xa037e	262	50
tail	0xb708a	299,300	337	0xbec0e	262	7
tail	0xb708a	299,300	333	0xbd8af	262	4
tail	0x92f1f	128	64	0x85059	262	4
tail	0x859f9	66	203	0xa1484	261	37
tail	0x90893	113,114	176	0x9c10b	261	54
tail	0x99026	157	201	0xa0dca	261	2
tail	0xb0458	268	49	0x82820	260	14
tail	0x9ba72	172	297	0xb64d7	260	39
tail	0x9ba72	172	332	0xbd36d	260	5
tail	0xb708a	299,300	185	0x9d964	260	5
tail	0x9ba72	172	260	0xae90b	260	5
tail	0x951c0	139,140	64	0x85059	260	13
tail	0xb708a	299,300	91	0x8b6de	259	34
tail	0xb593d	292	185	0x9d964	259	3
tail	0x7c308	18	26	0x7dbbb	258	52
tail	0x7c308	18	287	0xb45d2	258	40
tail	0xb1545	273	199	0xa0631	258	3
tail	0xba0cc	316	165	0x9a24c	258	4
tail	0x9ba72	172	64	0x85059	257	40
tail	0x9eac9	189	268	0xb0007	257	48
tail	0x7e7ca	28	128	0x9299b	257	2
tail	0xbb6e3	321,322	157	0x98a9a	257	2
tail	0x8b6db	90	49	0x82820	257	2
tail	0xa13d3	201	173	0x9ba74	257	2
tail	0xb837a	307	332	0xbd36d	257	2
tail	0xbd8ad	332	114	0x90319	257	2
tail	0xc1d46	350	258	0xadf2c	257	2
tail	0xaeda0	260	340	0xbf435	257	2
tail	0xc1d46	350	281	0xb2db6	257	2
tail	0xb3125	281	269	0xb045b	257	2
tail	0xbf886	340	154	0x97ce6	256	11
tail	0x9b687	171	322	0xbb3c9	256	1
tail	0xbd8ad	332	90	0x8b334	256	1
tail	0xa0a9c	199	127	0x926c3	256	1
tail	0x92998	126,127	108	0x8f24b	256	1
tail	0x87c25	75	171	0x9b4b3	256	2
tail	0x9d24a	181	215	0xa4609	256	1
tail	0xc1ec2	351	297	0xb64d7	256	1
tail	0x7ecd0	29,30	192	0x9f00a	256	1
tail	0xc0d7b	347	118	0x90c23	256	1
tail	0x90eb9	118	332	0xbd36d	256	1
tail	0xbd8ad	332	99	0x8c99a	256	1
tail	0xa4a5e	215	300	0xb6c36	256	1
tail	0xbd8ad	332	319	0xba72f	256	1
tail	0x7be98	17	300	0xb6c36	256	1
tail	0x859f9	66	107	0x8eef4	256	1
tail	0x8f248	107	160	0x994cf	256	1
tail	0x8eb77	105	350	0xc1926	256	1
tail	0xbf886	340	301	0xb708d	256	14
tail	0x7dfbd	26	203	0xa1484	255	34
tail	0xa9cf4	239	297	0xb64d7	255	8
tail	0x8536e	64	157	0x98a9a	253	56
tail	0x9d961	184	181	0x9d13f	253	13
tail	0x7dfbd	26	338	0xbf128	253	20
tail	0xa0068	194,195,196	140	0x94e5a	253	8
tail	0xaaf3c	243	196	0x9fbcd	252	29
tail	0xc088b	346	157	0x98a9a	251	28
tail	0xc240d	353,354	185	0x9d964	251	9
tail	0x9170b	121	180	0x9cf32	250	37
tail	0xa1936	202,203	215	0xa4609	250	34
tail	0x9bd8c	173	199	0xa0631	250	15
tail	0xbada2	318,319	144	0x95887	250	29
tail	0x8536e	64	26	0x7dbbb	249	30
tail	0x7c308	18	203	0xa1484	249	39
tail	0xbd8ad	332	258	0xadf2c	249	6
tail	0x9dcab	185	260	0xae90b	249	7
tail	0xa1936	202,203	307	0xb8064	248	45
tail	0x8f6cf	108	297	0xb64d7	248	27
tail	0xaeda0	260	183	0x9d495	247	36
tail	0xadf29	257	185	0x9d964	247	22
tail	0x99757	160	64	0x85059	246	22
tail	0xc0d7b	347	239	0xa991e	246	16
tail	0xa4a5e	215	346	0xc0535	245	27
tail	0xb497e	287	337	0xbec0e	245	34
tail	0xbf126	337	192	0x9f00a	245	5
tail	0x792f5	3	108	0x8f24b	244	62
tail	0xbb1db	320	160	0x994cf	243	30
tail	0x7fba1	33	18	0x7be9b	242	40
tail	0xa0068	194,195,196	297	0xb64d7	242	42
tail	0x9eac9	189	346	0xc0535	241	35
tail	0xa0068	194,195,196	287	0xb45d2	241	30
tail	0xa0a9c	199	315	0xb9451	241	34
tail	0xc21c0	352	172	0x9b68a	240	17
tail	0xbf126	337	3	0x78c77	239	15
tail	0x7dfbd	26	189	0x9e7af	238	39
tail	0xb68ff	297	315	0xb9451	237	35
tail	0xb7bb8	305	114	0x90319	237	34
tail	0x90893	113,114	203	0xa1484	236	37
tail	0x86763	69,70	198	0xa037e	236	31
tail	0x95b59	143,144	114	0x90319	236	27
tail	0x922c1	124	320	0xbada5	235	14
tail	0xc0d7b	347	315	0xb9451	234	33
tail	0xbb1db	320	257	0xadbfd	234	30
tail	0x9dcab	185	268	0xb0007	233	35
tail	0x9dcab	185	243	0xaab6a	233	35
tail	0x7c308	18	301	0xb708d	233	17
tail	0xadbfa	256	199	0xa0631	233	23
tail	0x7c308	18	3	0x78c77	233	13
tail	0x9d13d	180	79	0x885b0	232	13
tail	0x99757	160	258	0xadf2c	232	32
tail	0x9d692	183	297	0xb64d7	232	9
tail	0xa5886	219,220	160	0x994cf	231	49
tail	0x7e7ca	28	305	0xb78b0	230	33
tail	0xa0a9c	199	176	0x9c10b	230	55
tail	0xb837a	307	315	0xb9451	230	29
tail	0x7fba1	33	28	0x7e390	230	37
tail	0xaaf3c	243	114	0x90319	230	37
tail	0xb497e	287	18	0x7be9b	230	42
tail	0xa9cf4	239	28	0x7e390	228	16
tail	0xc088b	346	18	0x7be9b	228	22
tail	0xa0dc7	200	297	0xb64d7	228	14
tail	0xb84a4	308	171	0x9b4b3	227	13
tail	0x8f6cf	108	345	0xc02e4	227	14
tail	0x9dcab	185	26	0x7dbbb	226	33
tail	0xbf886	340	320	0xbada5	226	9
tail	0xbb1db	320	352	0xc1ec4	226	27
tail	0xa0a9c	199	49	0x82820	226	13
tail	0xc240d	353,354	268	0xb0007	225	8
tail	0xadbfa	256	168	0x9aa83	225	17
tail	0xa2933	208	307	0xb8064	225	5
tail	0xa1936	202,203	301	0xb708d	225	12
tail	0xc088b	346	333	0xbd8af	224	33
tail	0x9bd8c	173	28	0x7e390	224	29
tail	0xbd8ad	332	91	0x8b6de	224	42
tail	0x951c0	139,140	189	0x9e7af	224	7
tail	0xb7bb8	305	172	0x9b68a	223	27
tail	0xb7bb8	305	347	0xc088d	223	28
tail	0xa0a9c	199	26	0x7dbbb	222	33
tail	0xaaf3c	243	338	0xbf128	222	28
tail	0xc088b	346	215	0xa4609	222	29
tail	0xb0458	268	33	0x7f7c4	222	27
tail	0xc088b	346	307	0xb8064	221	29
tail	0x9dcab	185	70	0x8610e	221	12
tail	0x9dcab	185	346	0xc0535	220	31
tail	0x9d961	184	261	0xaeda2	220	12
tail	0xa4a5e	215	315	0xb9451	220	23
tail	0x99757	160	340	0xbf435	219	27
tail	0x99b3a	161	264	0xaf4cf	219	7
tail	0x7dfbd	26	307	0xb8064	218	25
tail	0xb625a	295	258	0xadf2c	218	8
tail	0xa4a5e	215	203	0xa1484	218	29
tail	0xa94a3	237	144	0x95887	218	36
tail	0x7e7ca	28	196	0x9fbcd	217	38
tail	0x90893	113,114	49	0x82820	216	11
tail	0xa5886	219,220	257	0xadbfd	216	50
tail	0x86763	69,70	144	0x95887	215	23
tail	0xadf29	257	203	0xa1484	215	17
tail	0xc088b	346	199	0xa0631	215	26
tail	0xaeeff	261	114	0x90319	215	8
tail	0x9a46b	165	333	0xbd8af	215	10
tail	0x99757	160	189	0x9e7af	214	26
tail	0xb0458	268	253	0xacfb1	214	8
tail	0xadf29	257	168	0x9aa83	213	15
tail	0x8f6cf	108	28	0x7e390	212	28
tail	0xa1936	202,203	287	0xb45d2	212	26
tail	0x99b3a	161	119	0x90ebc	212	20
tail	0x95b59	143,144	347	0xc088d	211	25
tail	0xae32f	258	301	0xb708d	211	19
tail	0xaaf3c	243	268	0xb0007	211	24
tail	0xa1936	202,203	305	0xb78b0	211	24
tail	0xc088b	346	167	0x9a8d2	211	25
tail	0x7ca96	20	199	0xa0631	211	28
tail	0x992ca	158	297	0xb64d7	211	43
tail	0xa062e	198	333	0xbd8af	211	17
tail	0xa062e	198	268	0xb0007	210	13
tail	0xadbfa	256	215	0xa4609	209	13
tail	0x81b7c	43	140	0x94e5a	209	11
tail	0xa1936	202,203	253	0xacfb1	209	5
tail	0xb68ff	297	79	0x885b0	209	14
tail	0xa9cf4	239	320	0xbada5	208	10
tail	0xad329	252,253	199	0xa0631	208	16
tail	0x951c0	139,140	185	0x9d964	208	12
tail	0x8f6cf	108	43	0x8173d	207	27
tail	0xaaf3c	243	199	0xa0631	207	22
tail	0x81b7c	43	49	0x82820	207	14
tail	0xad766	254	183	0x9d495	207	38
tail	0xadbfa	256	114	0x90319	207	20
tail	0x99757	160	347	0xc088d	207	12
tail	0xbada2	318,319	108	0x8f24b	207	33
tail	0x7e7ca	28	269	0xb045b	206	15
tail	0x95b59	143,144	333	0xbd8af	206	14
tail	0x8b8c9	91	340	0xbf435	205	14
tail	0xc21c0	352	347	0xc088d	204	16
tail	0xaeda0	260	91	0x8b6de	204	33
tail	0xc1d46	350	91	0x8b6de	203	42
tail	0x99026	157	179	0x9ca8d	203	6
tail	0x7ca96	20	119	0x90ebc	203	18
tail	0xae32f	258	79	0x885b0	203	13
tail	0x8536e	64	49	0x82820	203	14
tail	0xadf29	257	189	0x9e7af	203	12
tail	0x9c3f4	175,176	181	0x9d13f	202	16
tail	0x99026	157	83	0x8947b	202	17
tail	0x95b59	143,144	146	0x96407	202	8
tail	0x9ba72	172	287	0xb45d2	201	33
tail	0xbf886	340	79	0x885b0	201	12
tail	0x8b8c9	91	258	0xadf2c	201	13
tail	0xadbfa	256	185	0x9d964	201	14
tail	0x99026	157	239	0xa991e	200	16
tail	0x8f6cf	108	199	0xa0631	199	18
tail	0x922c1	124	192	0x9f00a	199	11
tail	0xb497e	287	338	0xbf128	199	17
tail	0xa4a5e	215	320	0xbada5	199	10
tail	0x9a46b	165	340	0xbf435	198	6
tail	0x91e7f	123	261	0xaeda2	198	12
tail	0x90893	113,114	79	0x885b0	198	12
tail	0x99026	157	49	0x82820	198	17
tail	0xa0a9c	199	83	0x8947b	198	17
tail	0xae32f	258	273	0xb11ca	198	8
tail	0xb68ff	297	3	0x78c77	198	13
tail	0x992ca	158	40	0x8115d	197	13
tail	0xc240d	353,354	168	0x9aa83	197	6
tail	0xad766	254	28	0x7e390	197	7
tail	0x9bd8c	173	157	0x98a9a	197	9
tail	0x7e7ca	28	346	0xc0535	196	33
tail	0x7ca96	20	261	0xaeda2	196	12
tail	0x7e7ca	28	319	0xba72f	196	12
tail	0x9bd8c	173	268	0xb0007	196	7
tail	0xc240d	353,354	340	0xbf435	195	10
tail	0xa4a5e	215	30	0x7e849	195	11
tail	0xa0068	194,195,196	301	0xb708d	195	9
tail	0x8536e	64	332	0xbd36d	194	9
tail	0xa0a9c	199	333	0xbd8af	194	38
tail	0xad329	252,253	337	0xbec0e	194	11
tail	0x859f9	66	121	0x91379	194	9
tail	0x9af16	168	199	0xa0631	193	45
tail	0x9c08c	174	95	0x8c41c	193	11
tail	0x980a9	154	183	0x9d495	193	34
tail	0xbf126	337	239	0xa991e	193	9
tail	0x9eac9	189	200	0xa0a9e	193	11
tail	0xb9878	315	66	0x855ff	192	36
tail	0xa0a9c	199	154	0x97ce6	192	8
tail	0x922c1	124	43	0x8173d	191	13
tail	0xb837a	307	287	0xb45d2	191	32
tail	0x9b687	171	333	0xbd8af	191	10
tail	0x9c3f4	175,176	311	0xb86f8	190	6
tail	0xc240d	353,354	157	0x98a9a	190	10
tail	0x91067	119	28	0x7e390	190	8
tail	0x9170b	121	114	0x90319	190	5
tail	0xc0d7b	347	243	0xaab6a	189	27
tail	0x8f6cf	108	307	0xb8064	189	18
tail	0xa0a9c	199	322	0xbb3c9	189	7
tail	0xaeeff	261	297	0xb64d7	189	9
tail	0x7ca96	20	278	0xb2342	189	9
tail	0x99b3a	161	216	0xa4a61	189	7
tail	0x9d24a	181	189	0x9e7af	189	8
tail	0x99026	157	300	0xb6c36	189	7
tail	0x951c0	139,140	347	0xc088d	189	7
tail	0x9c3f4	175,176	216	0xa4a61	189	9
tail	0xc240d	353,354	189	0x9e7af	188	7
tail	0x9a46b	165	268	0xb0007	188	7
tail	0x91e7f	123	95	0x8c41c	188	7
tail	0xc1ec2	351	258	0xadf2c	188	5
tail	0x7ecd0	29,30	337	0xbec0e	187	6
tail	0xad766	254	91	0x8b6de	187	40
tail	0x91067	119	64	0x85059	187	7
tail	0xbf886	340	254	0xad32c	187	7
tail	0xb9878	315	297	0xb64d7	186	24
tail	0xbada2	318,319	198	0xa037e	186	22
tail	0x9b687	171	43	0x8173d	186	6
tail	0x9a46b	165	203	0xa1484	186	5
tail	0xaeda0	260	64	0x85059	186	6
tail	0xb3799	283	333	0xbd8af	186	4
tail	0x96915	146	258	0xadf2c	186	3
tail	0xb0458	268	258	0xadf2c	185	40
tail	0xb0458	268	260	0xae90b	185	5
tail	0xc1ec2	351	189	0x9e7af	185	5
tail	0x7ecd0	29,30	185	0x9d964	185	5
tail	0xb3799	283	215	0xa4609	185	3
tail	0xaeeff	261	347	0xc088d	184	7
tail	0xb625a	295	28	0x7e390	184	4
tail	0xb3799	283	168	0x9aa83	184	4
tail	0x859f9	66	260	0xae90b	184	4
tail	0xb68ff	297	30	0x7e849	184	4
tail	0xa1936	202,203	346	0xc0535	183	20
tail	0xb625a	295	66	0x855ff	183	3
tail	0xc1ec2	351	172	0x9b68a	182	2
tail	0xbf886	340	239	0xa991e	181	14
tail	0x9f779	192	173	0x9ba74	181	34
tail	0x86763	69,70	256	0xad849	181	22
tail	0x8b8c9	91	337	0xbec0e	180	19
tail	0x81b7c	43	300	0xb6c36	179	18
tail	0x7dfbd	26	18	0x7be9b	179	46
tail	0x89839	83	198	0xa037e	179	50
tail	0xb092e	269	144	0x95887	178	48
tail	0xb7bb8	305	185	0x9d964	177	26
tail	0x9ba72	172	347	0xc088d	177	41
tail	0xa9cf4	239	37	0x80685	177	12
tail	0x9ba72	172	140	0x94e5a	176	7
tail	0xb837a	307	49	0x82820	174	18
tail	0xadf29	257	347	0xc088d	174	25
tail	0xa94a3	237	160	0x994cf	173	31
tail	0xad329	252,253	28	0x7e390	173	17
tail	0xbb6e3	321,322	183	0x9d495	173	40
tail	0x9170b	121	91	0x8b6de	171	36
tail	0xb1545	273	180	0x9cf32	171	41
tail	0xc0d7b	347	3	0x78c77	171	16
tail	0xb0458	268	332	0xbd36d	171	8
tail	0x8b8c9	91	220	0xa522e	171	15
tail	0x99757	160	196	0x9fbcd	170	8
tail	0xbdd16	333	347	0xc088d	169	44
tail	0xb68ff	297	26	0x7dbbb	169	39
tail	0xb3799	283	258	0xadf2c	168	12
tail	0x7c308	18	269	0xb045b	168	13
tail	0xadf29	257	124	0x91e81	168	12
tail	0xa1936	202,203	220	0xa522e	168	10
tail	0x99757	160	307	0xb8064	168	23
tail	0x9eac9	189	332	0xbd36d	168	8
tail	0xbf126	337	83	0x8947b	166	6
tail	0x859f9	66	268	0xb0007	166	40
tail	0x81b7c	43	239	0xa991e	166	14
tail	0x88a55	78,79	352	0xc1ec4	166	47
tail	0xae32f	258	154	0x97ce6	166	4
tail	0x8536e	64	319	0xba72f	166	9
tail	0x992ca	158	199	0xa0631	165	42
tail	0x86763	69,70	160	0x994cf	165	38
tail	0xbb1db	320	144	0x95887	165	29
tail	0xbdd16	333	273	0xb11ca	165	11
tail	0xb837a	307	322	0xbb3c9	165	9
tail	0x9c08c	174	119	0x90ebc	165	8
tail	0x90893	113,114	260	0xae90b	165	8
tail	0xadf29	257	66	0x855ff	165	18
tail	0x8f6cf	108	185	0x9d964	164	26
tail	0x95b59	143,144	189	0x9e7af	164	27
tail	0xadbfa	256	273	0xb11ca	164	8
tail	0x80d77	37	352	0xc1ec4	163	27
tail	0x89839	83	256	0xad849	163	47
tail	0xa0a9c	199	268	0xb0007	162	31
tail	0x9af16	168	297	0xb64d7	162	45
tail	0x9ba72	172	3	0x78c77	162	14
tail	0xb7bb8	305	64	0x85059	162	29
tail	0xc21c0	352	121	0x91379	162	5
tail	0xbada2	318,319	160	0x994cf	161	23
tail	0xaaf3c	243	64	0x85059	160	36
tail	0xad766	254	297	0xb64d7	160	4
tail	0xb497e	287	114	0x90319	160	32
tail	0xbd8ad	332	183	0x9d495	159	34
tail	0x80d77	37	108	0x8f24b	159	37
tail	0x9a46b	165	18	0x7be9b	159	14
tail	0xb1545	273	196	0x9fbcd	159	4
tail	0x859f9	66	281	0xb2db6	159	5
tail	0xc1d46	350	114	0x90319	158	3
tail	0x91e7f	123	28	0x7e390	158	45
tail	0x90893	113,114	333	0xbd8af	158	52
tail	0x80d77	37	173	0x9ba74	157	26
tail	0xa4a5e	215	273	0xb11ca	157	3
tail	0x7ecd0	29,30	307	0xb8064	157	4
tail	0x980a9	154	196	0x9fbcd	157	4
tail	0x8371b	52	145	0x95b5c	156	8
tail	0xaeda0	260	301	0xb708d	156	3
tail	0x980a9	154	185	0x9d964	156	3
tail	0x8f6cf	108	266	0xaf8af	156	6
tail	0x859f9	66	192	0x9f00a	156	9
tail	0x91a57	122	334	0xbdd18	155	6
tail	0x95b59	143,144	199	0xa0631	155	16
tail	0xb708a	299,300	64	0x85059	155	2
tail	0xb1545	273	347	0xc088d	155	2
tail	0x95b59	143,144	66	0x855ff	154	24
tail	0xa9cf4	239	157	0x98a9a	154	12
tail	0xa062e	198	157	0x98a9a	154	16
tail	0x99026	157	315	0xb9451	153	30
tail	0x99b3a	161	311	0xb86f8	153	6
tail	0xbf886	340	3	0x78c77	153	13
tail	0x8cc7f	98,99	108	0x8f24b	153	3
tail	0xb3125	281	253	0xacfb1	153	2
tail	0x9b687	171	66	0x855ff	152	10
tail	0xadbfa	256	64	0x85059	152	16
tail	0x9ba72	172	26	0x7dbbb	151	24
tail	0x95b59	143,144	43	0x8173d	151	19
tail	0x9bd8c	173	203	0xa1484	151	16
tail	0xc0d7b	347	154	0x97ce6	151	12
tail	0xad329	252,253	17	0x7bae9	151	2
tail	0x9bd8c	173	347	0xc088d	150	21
tail	0xa94a3	237	256	0xad849	150	27
tail	0x7be98	17	122	0x9170d	150	1
tail	0x7c308	18	243	0xaab6a	149	40
tail	0x95b59	143,144	28	0x7e390	149	18
tail	0xbb1db	320	108	0x8f24b	148	36
tail	0x9d13d	180	337	0xbec0e	148	19
tail	0xc088b	346	297	0xb64d7	147	23
tail	0xc1d46	350	180	0x9cf32	147	35
tail	0x99757	160	114	0x90319	147	16
tail	0x922c1	124	37	0x80685	147	13
tail	0x95b59	143,144	340	0xbf435	146	17
tail	0x9af16	168	3	0x78c77	146	16
tail	0xadf29	257	297	0xb64d7	146	12
tail	0x7e7ca	28	52	0x833c7	146	4
tail	0xa062e	198	347	0xc088d	145	18
tail	0xa0068	194,195,196	243	0xaab6a	144	26
tail	0x7c308	18	140	0x94e5a	144	10
tail	0x9dcab	185	192	0x9f00a	144	15
tail	0xadf29	257	317	0xba1e2	144	6
tail	0x8b8c9	91	199	0xa0631	144	9
tail	0xadbfa	256	268	0xb0007	143	11
tail	0xadf29	257	268	0xb0007	143	13
tail	0xadbfa	256	28	0x7e390	143	18
tail	0xae32f	258	83	0x8947b	142	11
tail	0xb708a	299,300	297	0xb64d7	142	10
tail	0x82e73	49	256	0xad849	142	30
tail	0xa062e	198	340	0xbf435	141	21
tail	0x859f9	66	301	0xb708d	141	14
tail	0xadbfa	256	66	0x855ff	141	21
tail	0xc0d7b	347	305	0xb78b0	140	32
tail	0x8536e	64	301	0xb708d	140	12
tail	0xadf29	257	333	0xbd8af	140	13
tail	0x9d692	183	215	0xa4609	140	11
tail	0xadbfa	256	307	0xb8064	140	23
tail	0x9f779	192	160	0x994cf	140	24
tail	0xa062e	198	189	0x9e7af	140	18
tail	0xbdd16	333	346	0xc0535	139	30
tail	0xba680	317	154	0x97ce6	139	4
tail	0x922c1	124	333	0xbd8af	139	8
tail	0xa0dc7	200	18	0x7be9b	138	14
tail	0x8b8c9	91	347	0xc088d	138	13
tail	0xa9cf4	239	340	0xbf435	138	9
tail	0x8f6cf	108	140	0x94e5a	138	11
tail	0x86763	69,70	352	0xc1ec4	138	27
tail	0xa0068	194,195,196	350	0xc1926	138	8
tail	0x9d692	183	333	0xbd8af	137	17
tail	0xb7bb8	305	66	0x855ff	137	23
tail	0x81b7c	43	322	0xbb3c9	137	12
tail	0xa1936	202,203	300	0xb6c36	137	11
tail	0x7e7ca	28	124	0x91e81	136	12
tail	0xc21c0	352	114	0x90319	136	17
tail	0xadf29	257	340	0xbf435	136	15
tail	0x9d692	183	337	0xbec0e	136	17
tail	0xafa1d	266	354	0xc2241	135	5
tail	0x7dfbd	26	215	0xa4609	134	34
tail	0x99757	160	200	0xa0a9e	134	10
tail	0xb497e	287	203	0xa1484	134	40
tail	0x90893	113,114	192	0x9f00a	134	8
tail	0xbb6e3	321,322	337	0xbec0e	134	7
tail	0xc0d7b	347	220	0xa522e	134	14
tail	0x9eac9	189	301	0xb708d	134	15
tail	0x9d13d	180	269	0xb045b	134	17
tail	0x9ede7	190	352	0xc1ec4	134	4
tail	0x980a9	154	105	0x8e6b4	134	5
tail	0xa1936	202,203	243	0xaab6a	133	26
tail	0x8f6cf	108	258	0xadf2c	133	25
tail	0xa4a5e	215	243	0xaab6a	133	28
tail	0x7c308	18	200	0xa0a9e	133	17
tail	0x99b3a	161	40	0x8115d	133	16
tail	0x9eac9	189	237	0xa8e1f	133	9
tail	0x859f9	66	79	0x885b0	132	16
tail	0x8f6cf	108	340	0xbf435	132	22
tail	0x7dfbd	26	297	0xb64d7	132	26
tail	0x9eac9	189	49	0x82820	132	7
tail	0xbdd16	333	239	0xa991e	132	11
tail	0x951c0	139,140	37	0x80685	132	12
tail	0xa062e	198	64	0x85059	132	24
tail	0xadf29	257	337	0xbec0e	132	17
tail	0xa1936	202,203	83	0x8947b	132	11
tail	0x8cc7f	98,99	173	0x9ba74	132	4
tail	0x9634f	145	354	0xc2241	132	6
tail	0x7be98	17	28	0x7e390	132	4
tail	0x9af16	168	220	0xa522e	131	13
tail	0xb497e	287	268	0xb0007	131	24
tail	0xa4a5e	215	33	0x7f7c4	131	20
tail	0xbf886	340	319	0xba72f	131	10
tail	0xb708a	299,300	301	0xb708d	131	5
tail	0x9cf2f	179	99	0x8c99a	131	3
tail	0xb837a	307	239	0xa991e	130	13
tail	0xc21c0	352	168	0x9aa83	130	21
tail	0x95b59	143,144	239	0xa991e	130	14
tail	0x8f6cf	108	168	0x9aa83	130	16
tail	0x8b8c9	91	203	0xa1484	130	11
tail	0x9eac9	189	273	0xb11ca	130	9
tail	0xc21c0	352	30	0x7e849	130	3
tail	0xbf886	340	350	0xc1926	129	8
tail	0xb68ff	297	239	0xa991e	129	4
tail	0x8f6cf	108	208	0xa2361	129	3
tail	0x81b7c	43	129	0x92f21	129	3
tail	0xadbfa	256	345	0xc02e4	129	9
tail	0x9d13d	180	157	0x98a9a	129	20
tail	0x8eb77	105	28	0x7e390	129	5
tail	0xa9cf4	239	66	0x855ff	128	8
tail	0xb9878	315	185	0x9d964	128	25
tail	0xbf886	340	49	0x82820	128	11
tail	0x99026	157	118	0x90c23	128	2
tail	0xb837a	307	192	0x9f00a	128	11
tail	0xae32f	258	260	0xae90b	128	7
tail	0xa1936	202,203	208	0xa2361	128	3
tail	0xa9cf4	239	185	0x9d964	127	9
tail	0xae32f	258	269	0xb045b	127	16
tail	0xbdd16	333	332	0xbd36d	127	10
tail	0x7e7ca	28	317	0xba1e2	127	2
tail	0x8f6cf	108	64	0x85059	126	19
tail	0xc21c0	352	337	0xbec0e	126	23
tail	0x7e7ca	28	121	0x91379	126	10
tail	0x8b8c9	91	79	0x885b0	126	21
tail	0x859f9	66	269	0xb045b	125	20
tail	0xbf886	340	253	0xacfb1	125	14
tail	0xad329	252,253	340	0xbf435	125	6
tail	0x9a46b	165	64	0x85059	125	10
tail	0xb68ff	297	200	0xa0a9e	125	8
tail	0x9b687	171	199	0xa0631	125	11
tail	0x9eac9	189	190	0x9eacb	125	1
tail	0xa0a9c	199	331	0xbcfc8	125	1
tail	0xbd36a	331	340	0xbf435	125	1
tail	0x951c0	139,140	17	0x7bae9	125	1
tail	0xba680	317	70	0x8610e	125	1
tail	0xae32f	258	322	0xbb3c9	124	12
tail	0x7e7ca	28	83	0x8947b	124	23
tail	0xbdd16	333	33	0x7f7c4	124	27
tail	0xa0068	194,195,196	254	0xad32c	124	9
tail	0xa062e	198	297	0xb64d7	124	9
tail	0xa062e	198	114	0x90319	124	9
tail	0x922c1	124	268	0xb0007	123	16
tail	0x7fba1	33	43	0x8173d	123	25
tail	0x9d692	183	18	0x7be9b	123	22
tail	0xc21c0	352	18	0x7be9b	123	15
tail	0xb1545	273	258	0xadf2c	123	7
tail	0xa1936	202,203	237	0xa8e1f	123	8
tail	0x922c1	124	307	0xb8064	123	15
tail	0xb0458	268	124	0x91e81	123	6
tail	0x7fba1	33	203	0xa1484	122	17
tail	0xad329	252,253	114	0x90319	121	14
tail	0xadf29	257	114	0x90319	121	16
tail	0x7e7ca	28	49	0x82820	121	16
tail	0x9a46b	165	337	0xbec0e	121	7
tail	0x81b7c	43	332	0xbd36d	121	7
tail	0xa4a5e	215	3	0x78c77	121	7
tail	0x99757	160	168	0x9aa83	120	17
tail	0xaaf3c	243	203	0xa1484	120	28
tail	0xaeda0	260	18	0x7be9b	120	5
tail	0x9a46b	165	157	0x98a9a	120	6
tail	0x9d24a	181	297	0xb64d7	120	6
tail	0x9d692	183	172	0x9b68a	120	15
tail	0xbdd16	333	79	0x885b0	119	17
tail	0xbf126	337	220	0xa522e	119	15
tail	0x9c08c	174	261	0xaeda2	119	9
tail	0xa062e	198	168	0x9aa83	119	14
tail	0x8b8c9	91	83	0x8947b	119	15
tail	0x9c3f4	175,176	264	0xaf4cf	119	5
tail	0x8f6cf	108	171	0x9b4b3	119	5
tail	0x9af16	168	79	0x885b0	118	19
tail	0x9bd8c	173	172	0x9b68a	117	12
tail	0xadbfa	256	337	0xbec0e	117	18
tail	0xa9cf4	239	199	0xa0631	117	8
tail	0x9d13d	180	297	0xb64d7	117	17
tail	0x9cf2f	179	337	0xbec0e	117	10
tail	0x9170b	121	196	0x9fbcd	117	2
tail	0x9170b	121	66	0x855ff	117	3
tail	0x9170b	121	83	0x8947b	117	3
tail	0x81b7c	43	253	0xacfb1	116	15
tail	0xadf29	257	28	0x7e390	116	16
tail	0xb837a	307	269	0xb045b	116	19
tail	0x95b59	143,144	203	0xa1484	116	13
tail	0x99026	157	220	0xa522e	116	20
tail	0x8536e	64	83	0x8947b	116	17
tail	0x9ba72	172	83	0x8947b	115	11
tail	0x9bd8c	173	124	0x91e81	115	11
tail	0xa0a9c	199	37	0x80685	115	12
tail	0xbf886	340	30	0x7e849	114	13
tail	0xc21c0	352	199	0xa0631	114	15
tail	0xb837a	307	3	0x78c77	114	13
tail	0xa1936	202,203	200	0xa0a9e	114	11
tail	0xa0a9c	199	300	0xb6c36	114	7
tail	0xae32f	258	49	0x82820	114	18
tail	0x9dcab	185	301	0xb708d	114	13
tail	0x95b59	143,144	297	0xb64d7	113	14
tail	0x9d692	183	66	0x855ff	113	11
tail	0x9d692	183	269	0xb045b	113	13
tail	0xa9cf4	239	196	0x9fbcd	113	8
tail	0x9eac9	189	239	0xa991e	113	11
tail	0xa062e	198	43	0x8173d	113	13
tail	0x8f6cf	108	268	0xb0007	112	16
tail	0x9eac9	189	70	0x8610e	112	12
tail	0x81b7c	43	254	0xad32c	112	16
tail	0xb68ff	297	37	0x80685	112	9
tail	0x99757	160	28	0x7e390	112	13
tail	0x9bd8c	173	18	0x7be9b	112	18
tail	0x7c308	18	253	0xacfb1	112	15
tail	0xbd8ad	332	307	0xb8064	112	9
tail	0x9af16	168	140	0x94e5a	112	6
tail	0xc21c0	352	268	0xb0007	112	19
tail	0x91a57	122	316	0xb987b	112	6
tail	0x859f9	66	350	0xc1926	111	12
tail	0x91e7f	123	119	0x90ebc	111	17
tail	0x9d961	184	119	0x90ebc	111	15
tail	0x9d692	183	28	0x7e390	111	10
tail	0xc21c0	352	185	0x9d964	111	14
tail	0x9d692	183	220	0xa522e	111	11
tail	0xbf126	337	237	0xa8e1f	111	9
tail	0xa0dc7	200	199	0xa0631	111	8
tail	0xa4a5e	215	345	0xc02e4	110	10
tail	0xaeeff	261	18	0x7be9b	110	12
tail	0xc21c0	352	28	0x7e390	110	10
tail	0x7e7ca	28	30	0x7e849	110	12
tail	0xb68ff	297	269	0xb045b	110	13
tail	0xbdd16	333	154	0x97ce6	110	10
tail	0x99757	160	297	0xb64d7	110	15
tail	0x7c308	18	320	0xbada5	110	10
tail	0x99757	160	140	0x94e5a	109	10
tail	0xb092e	269	198	0xa037e	109	50
tail	0xc0532	345	172	0x9b68a	109	7
tail	0xa1936	202,203	124	0x91e81	109	10
tail	0xbdd16	333	320	0xbada5	109	8
tail	0x951c0	139,140	340	0xbf435	108	8
tail	0x9d24a	181	337	0xbec0e	108	9
tail	0x8b8c9	91	3	0x78c77	108	8
tail	0xae32f	258	124	0x91e81	108	8
tail	0x95b59	143,144	337	0xbec0e	108	15
tail	0x951c0	139,140	199	0xa0631	108	8
tail	0xa9cf4	239	258	0xadf2c	108	11
tail	0xa0dc7	200	185	0x9d964	108	11
tail	0xa0068	194,195,196	121	0x91379	108	8
tail	0x8f6cf	108	332	0xbd36d	108	8
tail	0xadf29	257	332	0xbd36d	108	6
tail	0xbf126	337	350	0xc1926	108	10
tail	0x9eac9	189	37	0x80685	108	5
tail	0x7e7ca	28	301	0xb708d	107	13
tail	0x91067	119	340	0xbf435	107	6
tail	0xbf126	337	319	0xba72f	107	13
tail	0xc0d7b	347	83	0x8947b	107	11
tail	0x9d692	183	196	0x9fbcd	107	13
tail	0xb0458	268	350	0xc1926	107	10
tail	0xbdd16	333	220	0xa522e	107	10
tail	0xb0458	268	70	0x8610e	107	8
tail	0x99026	157	260	0xae90b	107	9
tail	0x922c1	124	185	0x9d964	107	7
tail	0xb0458	268	83	0x8947b	107	12
tail	0x859f9	66	320	0xbada5	107	10
tail	0xc240d	353,354	43	0x8173d	107	12
tail	0xbd8ad	332	18	0x7be9b	107	7
tail	0xa0068	194,195,196	300	0xb6c36	107	6
tail	0x9dcab	185	179	0x9ca8d	107	8
tail	0x7ca96	20	40	0x8115d	106	12
tail	0xa062e	198	30	0x7e849	106	10
tail	0xa4a5e	215	269	0xb045b	106	15
tail	0x95b59	143,144	124	0x91e81	106	12
tail	0x951c0	139,140	196	0x9fbcd	106	6
tail	0xa0a9c	199	3	0x78c77	106	12
tail	0x9cf2f	179	268	0xb0007	106	4
tail	0x90893	113,114	3	0x78c77	106	7
tail	0xb0458	268	300	0xb6c36	106	5
tail	0x7ecd0	29,30	180	0x9cf32	105	42
tail	0xae32f	258	3	0x78c77	105	11
tail	0x7c308	18	350	0xc1926	105	8
tail	0xbf126	337	273	0xb11ca	105	9
tail	0xbf126	337	320	0xbada5	105	6
tail	0x9d13d	180	203	0xa1484	105	8
tail	0xa0a9c	199	122	0x9170d	105	3
tail	0xb837a	307	350	0xc1926	105	5
tail	0x8536e	64	253	0xacfb1	105	10
tail	0xa0068	194,195,196	220	0xa522e	104	9
tail	0xbf886	340	269	0xb045b	104	10
tail	0x9ba72	172	301	0xb708d	104	8
tail	0x8f6cf	108	154	0x97ce6	104	8
tail	0x7c308	18	192	0x9f00a	104	10
tail	0x9dcab	185	121	0x91379	104	11
tail	0xa062e	198	172	0x9b68a	104	10
tail	0xa9cf4	239	70	0x8610e	104	13
tail	0x7e7ca	28	332	0xbd36d	104	14
tail	0xc0532	345	189	0x9e7af	104	12
tail	0x980a9	154	215	0xa4609	104	5
tail	0xae32f	258	192	0x9f00a	104	5
tail	0xae32f	258	320	0xbada5	104	3
tail	0xa0dc7	200	333	0xbd8af	104	7
tail	0x95b59	143,144	196	0x9fbcd	104	10
tail	0x980a9	154	189	0x9e7af	104	7
tail	0x7c308	18	291	0xb4edd	104	5
tail	0x7c308	18	237	0xa8e1f	103	7
tail	0x9ba72	172	124	0x91e81	103	10
tail	0x99757	160	199	0xa0631	103	9
tail	0xa0068	194,195,196	30	0x7e849	103	6
tail	0xa0dc7	200	43	0x8173d	103	9
tail	0xb68ff	297	350	0xc1926	103	10
tail	0x9c08c	174	216	0xa4a61	103	7
tail	0xb837a	307	220	0xa522e	103	13
tail	0xb837a	307	319	0xba72f	103	9
tail	0xa4a5e	215	237	0xa8e1f	103	8
tail	0xae32f	258	140	0x94e5a	103	8
tail	0x951c0	139,140	172	0x9b68a	103	9
tail	0x8b8c9	91	114	0x90319	103	7
tail	0xbf126	337	70	0x8610e	103	6
tail	0x9cf2f	179	43	0x8173d	103	5
tail	0x8129b	40	66	0x855ff	102	9
tail	0x9dcab	185	3	0x78c77	102	9
tail	0xae32f	258	300	0xb6c36	102	6
tail	0x9b687	171	268	0xb0007	102	8
tail	0xc1ec2	351	28	0x7e390	102	8
tail	0x7c308	18	332	0xbd36d	102	10
tail	0x9bd8c	173	140	0x94e5a	102	7
tail	0x8536e	64	200	0xa0a9e	102	7
tail	0x7c308	18	260	0xae90b	102	10
tail	0xa9cf4	239	189	0x9e7af	102	6
tail	0x91e7f	123	40	0x8115d	102	9
tail	0x8129b	40	64	0x85059	102	9
tail	0xc21c0	352	140	0x94e5a	102	9
tail	0x9af16	168	239	0xa991e	102	11
tail	0x9b687	171	157	0x98a9a	102	8
tail	0xae32f	258	254	0xad32c	102	7
tail	0xb68ff	297	122	0x9170d	102	2
tail	0x9bd8c	173	350	0xc1926	101	6
tail	0xadf29	257	322	0xbb3c9	101	8
tail	0xa9cf4	239	268	0xb0007	101	6
tail	0xaeeff	261	337	0xbec0e	101	7
tail	0x8b8c9	91	307	0xb8064	101	11
tail	0xbd8ad	332	180	0x9cf32	101	38
tail	0x9c08c	174	278	0xb2342	101	9
tail	0x95b59	143,144	254	0xad32c	101	6
tail	0xc0d7b	347	301	0xb708d	101	11
tail	0xb0458	268	140	0x94e5a	101	5
tail	0xae32f	258	319	0xba72f	101	5
tail	0xbd8ad	332	66	0x855ff	101	7
tail	0x9af16	168	192	0x9f00a	101	6
tail	0x9b687	171	18	0x7be9b	101	6
tail	0xb837a	307	179	0x9ca8d	101	5
tail	0x8f6cf	108	157	0x98a9a	100	18
tail	0x8129b	40	340	0xbf435	100	6
tail	0x9dcab	185	269	0xb045b	100	6
tail	0xa1936	202,203	185	0x9d964	100	36
tail	0x99b3a	161	95	0x8c41c	100	9
tail	0xb625a	295	64	0x85059	100	9
tail	0x91e7f	123	216	0xa4a61	100	9
tail	0x9d24a	181	347	0xc088d	100	7
tail	0xa1936	202,203	260	0xae90b	100	6
tail	0xa062e	198	196	0x9fbcd	100	10
tail	0xc0d7b	347	269	0xb045b	100	8
tail	0x9dcab	185	300	0xb6c36	100	7
tail	0x8536e	64	220	0xa522e	100	7
tail	0x90893	113,114	200	0xa0a9e	100	10
tail	0xadbfa	256	121	0x91379	100	6
tail	0xbf126	337	121	0x91379	100	6
tail	0x9bd8c	173	273	0xb11ca	100	6
tail	0x8129b	40	215	0xa4609	99	6
tail	0x9b687	171	297	0xb64d7	99	5
tail	0xbf126	337	37	0x80685	99	6
tail	0x91067	119	337	0xbec0e	99	5
tail	0xa0068	194,195,196	49	0x82820	99	6
tail	0x7ecd0	29,30	196	0x9fbcd	99	6
tail	0xa0a9c	199	320	0xbada5	99	6
tail	0xc1d46	350	43	0x8173d	98	5
tail	0x9bd8c	173	185	0x9d964	98	20
tail	0xb3799	283	185	0x9d964	98	5
tail	0xb68ff	297	237	0xa8e1f	98	13
tail	0xbdd16	333	200	0xa0a9e	98	7
tail	0xaeda0	260	215	0xa4609	98	4
tail	0x8536e	64	350	0xc1926	98	8
tail	0x96915	146	172	0x9b68a	98	5
tail	0x7ecd0	29,30	114	0x90319	98	8
tail	0x8536e	64	322	0xbb3c9	98	7
tail	0xbd8ad	332	196	0x9fbcd	98	5
tail	0x992ca	158	119	0x90ebc	98	8
tail	0x90893	113,114	121	0x91379	98	5
tail	0xc240d	353,354	203	0xa1484	98	6
tail	0xc240d	353,354	64	0x85059	98	8
tail	0xadbfa	256	332	0xbd36d	98	8
tail	0xc1ec2	351	254	0xad32c	98	6
tail	0xa0a9c	199	140	0x94e5a	98	6
tail	0x9ba72	172	273	0xb11ca	98	8
tail	0xbb6e3	321,322	64	0x85059	98	6
tail	0x9d24a	181	340	0xbf435	98	8
tail	0x9af16	168	273	0xb11ca	98	4
tail	0xc0532	345	37	0x80685	98	3
tail	0x99026	157	254	0xad32c	98	5
tail	0xa0068	194,195,196	79	0x885b0	98	4
tail	0x95b59	143,144	350	0xc1926	98	4
tail	0xbf126	337	332	0xbd36d	98	8
tail	0xbdd16	333	121	0x91379	98	5
tail	0xb708a	299,300	66	0x855ff	98	3
tail	0x7e7ca	28	260	0xae90b	97	5
tail	0x8129b	40	297	0xb64d7	97	6
tail	0x99b3a	161	181	0x9d13f	97	6
tail	0x9d24a	181	66	0x855ff	97	7
tail	0x9c3f4	175,176	356	0xc291a	97	7
tail	0x8129b	40	199	0xa0631	97	7
tail	0xb625a	295	43	0x8173d	97	6
tail	0x95b59	143,144	208	0xa2361	97	4
tail	0x9bd8c	173	322	0xbb3c9	97	5
tail	0x9d24a	181	258	0xadf2c	97	6
tail	0xb3799	283	307	0xb8064	97	5
tail	0xb0458	268	30	0x7e849	97	6
tail	0x9d961	184	356	0xc291a	97	5
tail	0xbf886	340	300	0xb6c36	97	4
tail	0xc1d46	350	297	0xb64d7	97	4
tail	0xc1d46	350	189	0x9e7af	97	5
tail	0xc1ec2	351	199	0xa0631	97	4
tail	0xc1ec2	351	18	0x7be9b	97	5
tail	0xaeda0	260	203	0xa1484	96	3
tail	0xc1ec2	351	121	0x91379	96	3
tail	0xadbfa	256	258	0xadf2c	96	14
tail	0x7ca96	20	95	0x8c41c	96	5
tail	0x9d24a	181	114	0x90319	96	5
tail	0x9d24a	181	64	0x85059	96	5
tail	0xa0a9c	199	30	0x7e849	96	4
tail	0x9170b	121	258	0xadf2c	96	5
tail	0x9af16	168	322	0xbb3c9	96	4
tail	0x91067	119	18	0x7be9b	96	6
tail	0xb0458	268	254	0xad32c	96	8
tail	0x92612	125	316	0xb987b	96	6
tail	0x9dcab	185	154	0x97ce6	96	6
tail	0xc21c0	352	260	0xae90b	96	5
tail	0x91067	119	297	0xb64d7	96	6
tail	0x992ca	158	216	0xa4a61	96	6
tail	0xbd8ad	332	28	0x7e390	96	6
tail	0xc240d	353,354	307	0xb8064	96	5
tail	0xb3799	283	254	0xad32c	96	3
tail	0xa0dc7	200	49	0x82820	96	4
tail	0xad766	254	196	0x9fbcd	96	3
tail	0xa4a5e	215	154	0x97ce6	96	4
tail	0xc1d46	350	66	0x855ff	96	4
tail	0xb540d	291	79	0x885b0	95	2
tail	0xad329	252,253	49	0x82820	95	4
tail	0xb3799	283	189	0x9e7af	95	4
tail	0x8129b	40	18	0x7be9b	95	4
tail	0x7ca96	20	311	0xb86f8	95	5
tail	0xa4a5e	215	350	0xc1926	95	4
tail	0x7ecd0	29,30	333	0xbd8af	95	5
tail	0xae32f	258	350	0xc1926	95	5
tail	0xbd8ad	332	79	0x885b0	95	5
tail	0x9b687	171	307	0xb8064	95	5
tail	0x9170b	121	157	0x98a9a	95	5
tail	0xadf29	257	345	0xc02e4	95	5
tail	0xaeeff	261	215	0xa4609	95	5
tail	0x7ca96	20	216	0xa4a61	95	5
tail	0xba0cc	316	354	0xc2241	95	5
tail	0x980a9	154	3	0x78c77	95	3
tail	0x95b59	143,144	30	0x7e849	95	5
tail	0xc1ec2	351	333	0xbd8af	94	3
tail	0x9170b	121	301	0xb708d	94	3
tail	0x9170b	121	28	0x7e390	94	3
tail	0x90893	113,114	301	0xb708d	94	4
tail	0xbf126	337	300	0xb6c36	94	4
tail	0xbb6e3	321,322	49	0x82820	94	3
tail	0x81b7c	43	350	0xc1926	94	4
tail	0x980a9	154	79	0x885b0	94	4
tail	0xa0068	194,195,196	237	0xa8e1f	94	5
tail	0x951c0	139,140	307	0xb8064	94	6
tail	0xc1d46	350	185	0x9d964	94	6
tail	0xa0068	194,195,196	208	0xa2361	94	3
tail	0xad766	254	64	0x85059	94	4
tail	0x9d24a	181	199	0xa0631	94	4
tail	0x9b687	171	215	0xa4609	94	4
tail	0xb708a	299,300	168	0x9aa83	94	4
tail	0xbb6e3	321,322	28	0x7e390	94	4
tail	0x9d961	184	321	0xbb1dd	94	2
tail	0x99026	157	70	0x8610e	94	4
tail	0x9ba72	172	322	0xbb3c9	94	3
tail	0xadbfa	256	172	0x9b68a	94	4
tail	0xba0cc	316	171	0x9b4b3	94	4
tail	0xb837a	307	273	0xb11ca	93	2
tail	0x84e1b	62	157	0x98a9a	93	2
tail	0xc21c0	352	157	0x98a9a	93	15
tail	0xc1ec2	351	43	0x8173d	93	3
tail	0xc1d46	350	79	0x885b0	93	3
tail	0x9170b	121	337	0xbec0e	93	3
tail	0xbd8ad	332	157	0x98a9a	93	3
tail	0x9bd8c	173	154	0x97ce6	93	3
tail	0xbb6e3	321,322	220	0xa522e	93	3
tail	0xb1545	273	43	0x8173d	93	3
tail	0xa0dc7	200	3	0x78c77	93	3
tail	0x99757	160	330	0xbc9b8	93	3
tail	0xaeda0	260	79	0x885b0	93	3
tail	0xaeeff	261	189	0x9e7af	93	3
tail	0xc21c0	352	62	0x84aa3	93	3
tail	0xadbfa	256	146	0x96407	93	2
tail	0xad766	254	337	0xbec0e	93	3
tail	0xbd8ad	332	3	0x78c77	93	3
tail	0xad766	254	168	0x9aa83	93	3
tail	0xc1ec2	351	157	0x98a9a	93	3
tail	0xb68ff	297	52	0x833c7	93	2
tail	0x7ecd0	29,30	49	0x82820	92	2
tail	0x91a57	122	258	0xadf2c	92	2
tail	0xb3799	283	196	0x9fbcd	92	2
tail	0xc1d46	350	157	0x98a9a	92	2
tail	0xadf29	257	165	0x9a24c	92	2
tail	0x8129b	40	307	0xb8064	92	2
tail	0x7ecd0	29,30	172	0x9b68a	92	2
tail	0xb1545	273	168	0x9aa83	92	1
tail	0xa0068	194,195,196	242	0xaa87d	92	1
tail	0xaab67	242	75	0x873fc	92	1
tail	0xb625a	295	157	0x98a9a	92	2
tail	0xbd8ad	332	269	0xb045b	92	2
tail	0xb708a	299,300	269	0xb045b	92	2
tail	0x9170b	121	79	0x885b0	92	2
tail	0x99026	157	269	0xb045b	92	2
tail	0xb1545	273	3	0x78c77	91	1
tail	0xbcfc5	330	260	0xae90b	91	1
tail	0xb708a	299,300	203	0xa1484	91	1
tail	0xb1545	273	18	0x7be9b	91	1
tail	0xc1d46	350	268	0xb0007	91	1
tail	0xaeda0	260	125	0x922c4	91	1
tail	0xadf29	257	179	0x9ca8d	91	1
tail	0xb1545	273	215	0xa4609	91	1
tail	0xa2933	208	114	0x90319	91	1
tail	0x8371b	52	196	0x9fbcd	91	1
tail	0xc1ec2	351	308	0xb837c	91	1
tail	0xadf29	257	215	0xa4609	90	10
tail	0xbada2	318,319	352	0xc1ec4	90	22
tail	0x9bd8c	173	215	0xa4609	88	19
tail	0xc0d7b	347	124	0x91e81	87	13
tail	0xadbfa	256	157	0x98a9a	86	14
tail	0xc0532	345	192	0x9f00a	86	7
tail	0x9ede7	190	257	0xadbfd	86	5
tail	0xc21c0	352	189	0x9e7af	85	10
tail	0x9d961	184	40	0x8115d	85	16
tail	0x9af16	168	320	0xbada5	84	11
tail	0x9170b	121	183	0x9d495	84	35
tail	0x99026	157	319	0xba72f	84	10
tail	0xbb6e3	321,322	180	0x9cf32	83	30
tail	0x9cf2f	179	18	0x7be9b	83	5
tail	0xbf126	337	301	0xb708d	82	12
tail	0x7c308	18	239	0xa991e	82	14
tail	0x9af16	168	345	0xc02e4	81	12
tail	0x86763	69,70	257	0xadbfd	81	28
tail	0x859f9	66	154	0x97ce6	81	9
tail	0xae32f	258	222	0xa5f3c	81	6
tail	0xadf29	257	308	0xb837c	81	3
tail	0x9bd8c	173	297	0xb64d7	80	12
tail	0x99757	160	333	0xbd8af	80	9
tail	0x922c1	124	157	0x98a9a	79	10
tail	0x8f6cf	108	260	0xae90b	79	14
tail	0xa0a9c	199	345	0xc02e4	79	8
tail	0x9bd8c	173	333	0xbd8af	79	10
tail	0xc0d7b	347	254	0xad32c	77	10
tail	0x980a9	154	297	0xb64d7	77	10
tail	0x8129b	40	114	0x90319	77	10
tail	0x9af16	168	350	0xc1926	77	10
tail	0x9af16	168	254	0xad32c	77	9
tail	0xae32f	258	30	0x7e849	77	10
tail	0xb540d	291	292	0xb540f	77	3
tail	0x9dcab	185	322	0xbb3c9	77	10
tail	0xa94a3	237	257	0xadbfd	77	15
tail	0xa0a9c	199	273	0xb11ca	76	6
tail	0xc0532	345	114	0x90319	76	10
tail	0xb68ff	297	319	0xba72f	76	4
tail	0x95b59	143,144	157	0x98a9a	75	8
tail	0x9eac9	189	260	0xae90b	75	8
tail	0x8f6cf	108	172	0x9b68a	75	9
tail	0x859f9	66	273	0xb11ca	75	8
tail	0xa2933	208	79	0x885b0	75	4
tail	0x7c308	18	322	0xbb3c9	75	6
tail	0xa1936	202,203	320	0xbada5	74	6
tail	0x90893	113,114	253	0xacfb1	74	16
tail	0xa2933	208	49	0x82820	74	3
tail	0x96eb1	148	160	0x994cf	74	4
tail	0x8c41a	93,94	173	0x9ba74	74	4
tail	0xbd8ad	332	340	0xbf435	74	3
tail	0x9bd8c	173	254	0xad32c	74	7
tail	0xbada2	318,319	256	0xad849	73	40
tail	0xb0458	268	154	0x97ce6	73	8
tail	0xbdd16	333	301	0xb708d	73	7
tail	0x99026	157	154	0x97ce6	73	7
tail	0x99026	157	148	0x96b6e	73	2
tail	0xc21c0	352	154	0x97ce6	73	7
tail	0xa062e	198	350	0xc1926	72	7
tail	0x91067	119	347	0xc088d	72	9
tail	0x8eb77	105	291	0xb4edd	72	6
tail	0x980a9	154	49	0x82820	72	9
tail	0xad766	254	347	0xc088d	72	7
tail	0xa13d3	201	256	0xad849	72	4
tail	0x95b59	143,144	154	0x97ce6	72	7
tail	0xacbc3	250	43	0x8173d	71	4
tail	0xae32f	258	208	0xa2361	71	5
tail	0x92f1f	128	3	0x78c77	71	5
tail	0x90c21	116,117	354	0xc2241	71	9
tail	0xb3799	283	260	0xae90b	70	5
tail	0xc0d7b	347	30	0x7e849	70	6
tail	0x90893	113,114	154	0x97ce6	70	6
tail	0xb9878	315	333	0xbd8af	70	20
tail	0xbf886	340	273	0xb11ca	70	4
tail	0x9b687	171	185	0x9d964	70	6
tail	0xa062e	198	332	0xbd36d	70	7
tail	0xa4df4	216,217	198	0xa037e	70	5
tail	0xa062e	198	90	0x8b334	70	5
tail	0xadf29	257	273	0xb11ca	70	4
tail	0xb7699	302	171	0x9b4b3	70	5
tail	0xc0532	345	66	0x855ff	70	9
tail	0x8f6cf	108	302	0xb7586	70	3
tail	0xbd8ad	332	43	0x8173d	69	3
tail	0xb68ff	297	192	0x9f00a	69	5
tail	0xbb6e3	321,322	3	0x78c77	69	5
tail	0x980a9	154	258	0xadf2c	69	3
tail	0xb1545	273	307	0xb8064	69	6
tail	0xaeda0	260	172	0x9b68a	69	6
tail	0x7ecd0	29,30	157	0x98a9a	69	5
tail	0xb540d	291	330	0xbc9b8	69	6
tail	0x8536e	64	140	0x94e5a	69	6
tail	0x980a9	154	320	0xbada5	69	2
tail	0xb68ff	297	92	0x8b8cb	69	2
tail	0xae32f	258	253	0xacfb1	68	10
tail	0xb708a	299,300	180	0x9cf32	68	30
tail	0xb1545	273	64	0x85059	68	5
tail	0xb540d	291	18	0x7be9b	68	2
tail	0xbcfc5	330	18	0x7be9b	68	4
tail	0x859f9	66	319	0xba72f	68	5
tail	0xb837a	307	146	0x96407	68	5
tail	0xc1d46	350	220	0xa522e	68	5
tail	0xa4a5e	215	94	0x8bd69	68	2
tail	0xc1d46	350	215	0xa4609	67	3
tail	0x9bd8c	173	189	0x9e7af	67	20
tail	0x9170b	121	168	0x9aa83	67	4
tail	0x980a9	154	66	0x855ff	67	4
tail	0x99b3a	161	261	0xaeda2	67	15
tail	0x8371b	52	64	0x85059	67	2
tail	0x89478	82	99	0x8c99a	67	2
tail	0xa646d	222	220	0xa522e	67	3
tail	0x99757	160	291	0xb4edd	67	4
tail	0x8bcec	92	282	0xb3128	67	4
tail	0xc21c0	352	208	0xa2361	66	2
tail	0xa4df4	216,217	352	0xc1ec4	66	3
tail	0x99026	157	52	0x833c7	66	2
tail	0xad766	254	49	0x82820	66	3
tail	0xa2933	208	340	0xbf435	66	2
tail	0xa2933	208	297	0xb64d7	66	2
tail	0xaeda0	260	297	0xb64d7	66	2
tail	0xa0068	194,195,196	128	0x9299b	66	3
tail	0x859f9	66	208	0xa2361	66	3
tail	0xa4df4	216,217	144	0x95887	66	2
tail	0xaeda0	260	28	0x7e390	66	3
tail	0xb2db4	280	257	0xadbfd	66	2
tail	0x7e7ca	28	345	0xc02e4	66	13
tail	0x99757	160	239	0xa991e	66	13
tail	0x8b026	88	352	0xc1ec4	65	2
tail	0x9d961	184	102	0x8d71d	65	1
tail	0xc0d7b	347	201	0xa0dca	65	2
tail	0x89478	82	333	0xbd8af	65	2
tail	0xaeda0	260	258	0xadf2c	65	2
tail	0x90eb9	118	217	0xa4b11	65	2
tail	0xa2933	208	172	0x9b68a	65	2
tail	0xbf126	337	88	0x8aa14	65	2
tail	0x9f779	192	352	0xc1ec4	64	23
tail	0x8df99	102	268	0xb0007	64	1
tail	0xb0458	268	127	0x926c3	64	1
tail	0x92998	126,127	144	0x95887	64	1
tail	0xb1545	273	82	0x8920e	64	1
tail	0xb1545	273	105	0x8e6b4	64	1
tail	0x931d0	129	215	0xa4609	64	1
tail	0xa4a5e	215	217	0xa4b11	64	1
tail	0x9bd8c	173	291	0xb4edd	64	1
tail	0xb593d	292	350	0xc1926	64	1
tail	0xc1d46	350	320	0xbada5	64	1
tail	0x8b6db	90	260	0xae90b	64	1
tail	0xaeda0	260	292	0xb540f	64	1
tail	0xb593d	292	307	0xb8064	64	1
tail	0x951c0	139,140	190	0x9eacb	64	1
tail	0x9c3f4	175,176	321	0xbb1dd	64	1
tail	0x9ba72	172	88	0x8aa14	64	1
tail	0x90eb9	118	322	0xbb3c9	64	1
tail	0xbb6e3	321,322	99	0x8c99a	64	1
tail	0xbf126	337	82	0x8920e	64	1
tail	0xbdd16	333	99	0x8c99a	64	1
tail	0x90893	113,114	250	0xac802	64	1
tail	0xb837a	307	217	0xa4b11	64	1
tail	0x96915	146	70	0x8610e	64	1
tail	0x980a9	154	37	0x80685	64	1
tail	0x931d0	129	99	0x8c99a	64	1
tail	0xb1545	273	70	0x8610e	64	1
tail	0x8b026	88	257	0xadbfd	64	1
tail	0xb360f	282	280	0xb2661	64	1
tail	0x7e7ca	28	127	0x926c3	64	1
tail	0x92998	126,127	257	0xadbfd	64	1
tail	0x8371b	52	334	0xbdd18	63	8
tail	0x99026	157	30	0x7e849	62	6
tail	0x95b59	143,144	121	0x91379	61	7
tail	0xb1545	273	91	0x8b6de	59	28
tail	0x91a57	122	210	0xa2da3	59	8
tail	0x8f6cf	108	18	0x7be9b	58	23
tail	0x8b8c9	91	18	0x7be9b	58	14
tail	0xc0532	345	340	0xbf435	58	18
tail	0xadbfa	256	43	0x8173d	58	17
tail	0xa94a3	237	198	0xa037e	57	30
tail	0x9d692	183	49	0x82820	57	14
tail	0xb0458	268	3	0x78c77	57	17
tail	0xafa1d	266	171	0x9b4b3	57	7
tail	0x9d692	183	3	0x78c77	57	12
tail	0xbc31d	326	108	0x8f24b	57	2
tail	0xc088b	346	338	0xbf128	56	22
tail	0x9dcab	185	49	0x82820	56	23
tail	0x99757	160	203	0xa1484	56	19
tail	0x7c308	18	79	0x885b0	56	18
tail	0xc0532	345	64	0x85059	55	15
tail	0x7c308	18	345	0xc02e4	54	14
tail	0x9b687	171	340	0xbf435	54	10
tail	0xc21c0	352	117	0x90acd	54	2
tail	0x9d13d	180	199	0xa0631	53	14
tail	0x90893	113,114	220	0xa522e	52	17
tail	0x9d13d	180	18	0x7be9b	52	23
tail	0xa0068	194,195,196	239	0xa991e	52	5
tail	0x922c1	124	340	0xbf435	52	5
tail	0xaeeff	261	185	0x9d964	52	4
tail	0xc0d7b	347	200	0xa0a9e	51	12
tail	0x9d692	183	79	0x885b0	51	17
tail	0xad329	252,253	196	0x9fbcd	51	7
tail	0x859f9	66	237	0xa8e1f	51	11
tail	0x859f9	66	292	0xb540f	51	3
tail	0xa0a9c	199	269	0xb045b	50	13
tail	0x8f6cf	108	114	0x90319	50	28
tail	0xc240d	353,354	347	0xc088d	49	4
tail	0x8b8c9	91	268	0xb0007	49	15
tail	0x81b7c	43	124	0x91e81	49	15
tail	0xa1936	202,203	269	0xb045b	48	15
tail	0x8b8c9	91	43	0x8173d	48	15
tail	0xc21c0	352	66	0x855ff	48	19
tail	0xa0dc7	200	189	0x9e7af	48	11
tail	0xbf886	340	83	0x8947b	48	14
tail	0x90c21	116,117	165	0x9a24c	48	8
tail	0x8b8c9	91	168	0x9aa83	47	11
tail	0xc0d7b	347	253	0xacfb1	47	15
tail	0x7e7ca	28	237	0xa8e1f	47	10
tail	0xbf126	337	269	0xb045b	47	17
tail	0x7e7ca	28	292	0xb540f	47	6
tail	0xaaf3c	243	333	0xbd8af	46	23
tail	0xc0532	345	70	0x8610e	46	8
tail	0x8f6cf	108	66	0x855ff	45	24
tail	0x99757	160	337	0xbec0e	45	15
tail	0x95b59	143,144	140	0x94e5a	45	12
tail	0x9eac9	189	269	0xb045b	45	17
tail	0xbdd16	333	3	0x78c77	45	16
tail	0x92f1f	128	196	0x9fbcd	45	7
tail	0x8b8c9	91	297	0xb64d7	45	11
tail	0x95b59	143,144	308	0xb837c	45	4
tail	0x9bd8c	173	121	0x91379	45	7
tail	0xc0532	345	157	0x98a9a	44	9
tail	0x90893	113,114	269	0xb045b	44	14
tail	0x9d13d	180	307	0xb8064	44	15
tail	0x9b687	171	168	0x9aa83	44	7
tail	0xa9cf4	239	172	0x9b68a	44	13
tail	0x8f6cf	108	200	0xa0a9e	44	12
tail	0xa9cf4	239	203	0xa1484	44	9
tail	0x95b59	143,144	260	0xae90b	44	7
tail	0x8f6cf	108	48	0x82477	44	8
tail	0xbdd16	333	49	0x82820	44	8
tail	0x7fba1	33	338	0xbf128	43	27
tail	0x80d77	37	198	0xa037e	43	24
tail	0x9d692	183	168	0x9aa83	43	16
tail	0x81b7c	43	79	0x885b0	43	17
tail	0x9d692	183	203	0xa1484	43	11
tail	0x922c1	124	18	0x7be9b	43	14
tail	0x859f9	66	253	0xacfb1	43	15
tail	0xbf886	340	332	0xbd36d	43	8
tail	0x7e7ca	28	253	0xacfb1	43	13
tail	0x8371b	52	246	0xab427	43	6
tail	0xbf886	340	260	0xae90b	42	8
tail	0xadf29	257	307	0xb8064	42	13
tail	0xb837a	307	320	0xbada5	42	8
tail	0x8f6cf	108	189	0x9e7af	42	21
tail	0xb0458	268	121	0x91379	42	7
tail	0xa9cf4	239	307	0xb8064	42	11
tail	0x8371b	52	210	0xa2da3	42	6
tail	0xa0a9c	199	52	0x833c7	42	2
tail	0xad329	252,253	333	0xbd8af	41	11
tail	0xadbfa	256	18	0x7be9b	41	18
tail	0x859f9	66	140	0x94e5a	41	9
tail	0xad329	252,253	307	0xb8064	41	7
tail	0xbfb96	341	196	0x9fbcd	41	1
tail	0x9dcab	185	0	0x78561	41	1
tail	0x78833	0	352	0xc1ec4	41	1
tail	0x99757	160	345	0xc02e4	40	8
tail	0x9d13d	180	28	0x7e390	40	9
tail	0xa94a3	237	173	0x9ba74	40	23
tail	0xc0532	345	168	0x9aa83	40	13
tail	0xc0532	345	28	0x7e390	40	9
tail	0x91a57	122	145	0x95b5c	40	5
tail	0xb68ff	297	345	0xc02e4	40	10
tail	0xa0dc7	200	337	0xbec0e	40	11
tail	0x9b687	171	124	0x91e81	40	1
tail	0x95b59	143,144	172	0x9b68a	39	15
tail	0x7c308	18	121	0x91379	39	9
tail	0x7c308	18	128	0x9299b	39	8
tail	0xc0532	345	18	0x7be9b	39	19
tail	0x9d13d	180	172	0x9b68a	39	11
tail	0x8536e	64	269	0xb045b	39	11
tail	0x951c0	139,140	28	0x7e390	39	10
tail	0xa3dc4	212	114	0x90319	39	1
tail	0x9af16	168	326	0xbc06d	39	1
tail	0x7e7ca	28	192	0x9f00a	38	9
tail	0xad329	252,253	43	0x8173d	38	10
tail	0x9b687	171	114	0x90319	38	6
tail	0x9d692	183	301	0xb708d	38	15
tail	0xad329	252,253	237	0xa8e1f	38	18
tail	0x951c0	139,140	203	0xa1484	38	7
tail	0xa0dc7	200	28	0x7e390	38	11
tail	0xaab67	242	246	0xab427	38	3
tail	0x95b59	143,144	64	0x85059	37	17
tail	0x9d13d	180	3	0x78c77	37	8
tail	0xb9878	315	203	0xa1484	37	24
tail	0x9d13d	180	268	0xb0007	37	9
tail	0xbf126	337	140	0x94e5a	37	8
tail	0xb0458	268	319	0xba72f	37	7
tail	0xa0dc7	200	307	0xb8064	37	7
dispatch	0xc80b9		310	0xb8556	36	23
tail	0x9d692	183	157	0x98a9a	36	15
tail	0x8b8c9	91	28	0x7e390	36	12
tail	0xbf126	337	345	0xc02e4	36	8
tail	0xc088b	346	196	0x9fbcd	36	23
tail	0x86763	69,70	173	0x9ba74	36	16
tail	0x9eac9	189	154	0x97ce6	36	7
tail	0xadbfa	256	196	0x9fbcd	36	10
tail	0x95b59	143,144	307	0xb8064	36	16
tail	0x7e7ca	28	70	0x8610e	36	8
tail	0xc0532	345	258	0xadf2c	36	7
tail	0xb68ff	297	49	0x82820	36	13
tail	0x9dcab	185	349	0xc140b	36	4
tail	0xad329	252,253	185	0x9d964	36	7
tail	0x90893	113,114	300	0xb6c36	36	10
tail	0xa9cf4	239	319	0xba72f	35	8
tail	0x99026	157	192	0x9f00a	35	8
tail	0xb7699	302	165	0x9a24c	35	4
tail	0x95b59	143,144	253	0xacfb1	34	15
tail	0x7e7ca	28	220	0xa522e	34	14
tail	0xa0068	194,195,196	83	0x8947b	34	12
tail	0x8536e	64	273	0xb11ca	34	7
tail	0xa062e	198	253	0xacfb1	34	6
tail	0xc21c0	352	297	0xb64d7	34	12
tail	0x8129b	40	28	0x7e390	34	6
tail	0xa0a9c	199	254	0xad32c	34	7
tail	0xba680	317	28	0x7e390	34	6
tail	0xb593d	292	317	0xba1e2	34	8
tail	0x9d13d	180	43	0x8173d	34	14
tail	0x99757	160	332	0xbd36d	34	7
tail	0xa4a5e	215	17	0x7bae9	34	4
tail	0xa4a5e	215	140	0x94e5a	34	4
tail	0x95b59	143,144	92	0x8b8cb	34	5
tail	0xad329	252,253	347	0xc088d	34	7
tail	0xb593d	292	90	0x8b334	34	5
tail	0x8b6db	90	140	0x94e5a	34	5
tail	0xa0dc7	200	196	0x9fbcd	34	5
tail	0xaab67	242	145	0x95b5c	33	3
tail	0xa1936	202,203	239	0xa991e	33	6
tail	0x859f9	66	287	0xb45d2	33	28
tail	0x9eac9	189	345	0xc02e4	33	11
tail	0x9d692	183	340	0xbf435	33	16
tail	0xc21c0	352	64	0x85059	33	22
tail	0x9af16	168	49	0x82820	33	7
tail	0x9d13d	180	83	0x8947b	33	14
tail	0x9bd8c	173	66	0x855ff	33	16
tail	0x7e7ca	28	79	0x885b0	33	20
tail	0xbe55b	334	354	0xc2241	33	9
tail	0x9dcab	185	254	0xad32c	33	8
tail	0xc21c0	352	254	0xad32c	33	7
tail	0xc0d7b	347	322	0xbb3c9	33	8
tail	0x99026	157	37	0x80685	33	12
tail	0x9d13d	180	220	0xa522e	33	7
tail	0x9bd8c	173	253	0xacfb1	33	6
tail	0xa0068	194,195,196	260	0xae90b	33	4
tail	0x9bd8c	173	300	0xb6c36	33	5
tail	0x8eb77	105	140	0x94e5a	33	4
tail	0x9d961	184	95	0x8c41c	32	7
tail	0x9bd8c	173	258	0xadf2c	32	17
tail	0x92f1f	128	347	0xc088d	32	4
tail	0x9ba72	172	154	0x97ce6	32	7
tail	0xad329	252,253	18	0x7be9b	32	13
tail	0x8eb77	105	92	0x8b8cb	32	6
tail	0xba680	317	282	0xb3128	32	5
tail	0x99026	157	332	0xbd36d	32	5
tail	0x9d692	183	199	0xa0631	32	9
tail	0x99757	160	253	0xacfb1	32	5
tail	0xad329	252,253	215	0xa4609	32	8
tail	0xbf886	340	37	0x80685	32	6
tail	0x8b6db	90	220	0xa522e	32	6
dispatch	0xc80b9		169	0x9af18	31	19
tail	0xc1ec2	351	337	0xbec0e	31	4
tail	0xadbfa	256	154	0x97ce6	31	6
tail	0xad329	252,253	320	0xbada5	31	14
tail	0x99757	160	66	0x855ff	31	17
tail	0xc1ec2	351	114	0x90319	31	7
tail	0x8281e	48	239	0xa991e	31	3
tail	0x93f76	131	144	0x95887	31	5
tail	0x9d692	183	43	0x8173d	31	16
tail	0xbdd16	333	260	0xae90b	31	7
tail	0x78833	0	144	0x95887	31	2
tail	0xb837a	307	154	0x97ce6	31	5
tail	0x7be98	17	18	0x7be9b	31	4
tail	0xabc56	246	165	0x9a24c	31	5
tail	0xa0a9c	199	317	0xba1e2	31	4
tail	0xa0068	194,195,196	146	0x96407	31	3
tail	0xc1923	349	105	0x8e6b4	31	3
tail	0x8bcec	92	49	0x82820	31	4
tail	0xc0532	345	90	0x8b334	31	3
tail	0x980a9	154	114	0x90319	31	5
tail	0xc21c0	352	200	0xa0a9e	31	6
tail	0x7be98	17	92	0x8b8cb	31	3
tail	0x96915	146	28	0x7e390	30	9
tail	0xbf126	337	124	0x91e81	30	12
tail	0xbd8ad	332	203	0xa1484	30	3
tail	0xc1ec2	351	66	0x855ff	30	3
tail	0x7ecd0	29,30	66	0x855ff	30	5
tail	0x99026	157	320	0xbada5	30	11
tail	0x8281e	48	317	0xba1e2	30	5
tail	0x8f6cf	108	317	0xba1e2	30	4
tail	0xad329	252,253	220	0xa522e	30	6
tail	0xbd8ad	332	64	0x85059	30	6
tail	0x9bd8c	173	345	0xc02e4	30	14
tail	0x7e7ca	28	105	0x8e6b4	30	4
tail	0xbf126	337	30	0x7e849	30	5
tail	0x9af16	168	260	0xae90b	30	5
tail	0x95b59	143,144	117	0x90acd	30	4
tail	0xaeda0	260	168	0x9aa83	30	5
tail	0x7be98	17	200	0xa0a9e	30	4
tail	0xa1936	202,203	332	0xbd36d	30	6
tail	0x8536e	64	154	0x97ce6	30	6
tail	0xbdd16	333	30	0x7e849	30	2
tail	0xa9cf4	239	18	0x7be9b	29	15
tail	0x8536e	64	37	0x80685	29	8
tail	0x7c308	18	124	0x91e81	29	11
tail	0x9170b	121	64	0x85059	29	2
tail	0xbf126	337	49	0x82820	29	20
tail	0x9eac9	189	220	0xa522e	29	13
tail	0x9d24a	181	185	0x9d964	29	5
tail	0xbd8ad	332	83	0x8947b	29	5
tail	0xa4a5e	215	79	0x885b0	29	12
tail	0x8bcec	92	17	0x7bae9	29	5
tail	0xadf29	257	239	0xa991e	29	11
tail	0x8b8c9	91	64	0x85059	29	17
tail	0x7ca96	20	356	0xc291a	29	5
tail	0xaeda0	260	83	0x8947b	29	5
tail	0xb837a	307	48	0x82477	29	3
tail	0x7e7ca	28	90	0x8b334	29	4
tail	0xb837a	307	128	0x9299b	29	4
tail	0xba680	317	330	0xbc9b8	29	3
tail	0x90893	113,114	350	0xc1926	28	10
tail	0x8f6cf	108	124	0x91e81	28	15
tail	0xadf29	257	18	0x7be9b	28	15
tail	0x7fba1	33	199	0xa0631	28	23
tail	0xa0a9c	199	220	0xa522e	28	13
tail	0x95b59	143,144	185	0x9d964	28	20
tail	0x9dcab	185	128	0x9299b	28	3
tail	0x951c0	139,140	269	0xb045b	28	3
tail	0x9dcab	185	345	0xc02e4	28	8
tail	0x9af16	168	200	0xa0a9e	28	11
tail	0xa062e	198	28	0x7e390	28	16
tail	0x95b59	143,144	215	0xa4609	28	10
tail	0x922c1	124	189	0x9e7af	28	10
tail	0x9170b	121	268	0xb0007	28	4
tail	0xb3799	283	340	0xbf435	28	3
tail	0x8b8c9	91	215	0xa4609	28	8
tail	0x9d692	183	268	0xb0007	28	11
tail	0x99026	157	237	0xa8e1f	28	2
tail	0x859f9	66	291	0xb4edd	28	3
tail	0xb593d	292	199	0xa0631	28	5
tail	0x980a9	154	337	0xbec0e	28	4
tail	0x7e7ca	28	154	0x97ce6	28	12
tail	0xab424	245	145	0x95b5c	28	4
tail	0xb837a	307	124	0x91e81	28	8
tail	0xc0532	345	333	0xbd8af	28	5
tail	0xa062e	198	254	0xad32c	28	3
tail	0xba680	317	52	0x833c7	28	2
tail	0xab424	245	316	0xb987b	28	3
tail	0x91e7f	123	264	0xaf4cf	27	10
tail	0xc0d7b	347	179	0x9ca8d	27	6
tail	0x8b8c9	91	189	0x9e7af	27	12
tail	0x8f6cf	108	347	0xc088d	27	18
tail	0xa062e	198	307	0xb8064	27	15
tail	0xbf886	340	220	0xa522e	27	12
tail	0x951c0	139,140	319	0xba72f	27	9
tail	0x7c308	18	83	0x8947b	27	22
tail	0xa0a9c	199	17	0x7bae9	27	2
tail	0xb593d	292	140	0x94e5a	27	3
tail	0x951c0	139,140	92	0x8b8cb	27	3
tail	0xc0d7b	347	79	0x885b0	27	7
tail	0xa0068	194,195,196	192	0x9f00a	27	6
tail	0xadf29	257	349	0xc140b	27	3
tail	0xbf126	337	322	0xbb3c9	27	3
tail	0xb3799	283	337	0xbec0e	27	3
tail	0xb1545	273	28	0x7e390	27	3
tail	0xb360f	282	220	0xa522e	27	3
tail	0xad766	254	189	0x9e7af	27	3
tail	0x951c0	139,140	215	0xa4609	26	10
tail	0x81b7c	43	269	0xb045b	26	15
tail	0x9bd8c	173	43	0x8173d	26	14
tail	0x81b7c	43	301	0xb708d	26	13
tail	0x99026	157	3	0x78c77	26	14
tail	0xc21c0	352	203	0xa1484	26	15
tail	0xc0532	345	347	0xc088d	26	11
tail	0x922c1	124	64	0x85059	26	13
tail	0x9eac9	189	3	0x78c77	26	8
tail	0x859f9	66	239	0xa991e	26	11
tail	0xa9cf4	239	83	0x8947b	26	2
tail	0xad329	252,253	66	0x855ff	26	11
tail	0x9eac9	189	124	0x91e81	26	9
tail	0xadf29	257	48	0x82477	26	2
tail	0x8bcec	92	3	0x78c77	26	2
tail	0x7be98	17	345	0xc02e4	26	2
tail	0x8281e	48	269	0xb045b	26	2
tail	0xa0dc7	200	157	0x98a9a	26	8
tail	0x8bcec	92	332	0xbd36d	26	2
tail	0xc1923	349	332	0xbd36d	26	2
tail	0xbd8ad	332	17	0x7bae9	26	2
tail	0x922c1	124	317	0xba1e2	26	2
tail	0x9170b	121	215	0xa4609	26	2
tail	0x7c308	18	317	0xba1e2	26	2
tail	0xad766	254	114	0x90319	26	1
tail	0xb0458	268	242	0xaa87d	26	1
tail	0xbd8ad	332	245	0xab141	26	1
tail	0x9d13d	180	189	0x9e7af	25	13
tail	0x90893	113,114	273	0xb11ca	25	9
tail	0xa0068	194,195,196	269	0xb045b	25	18
tail	0x9eac9	189	79	0x885b0	25	13
tail	0x922c1	124	337	0xbec0e	25	11
tail	0x8536e	64	345	0xc02e4	25	11
tail	0x9dcab	185	79	0x885b0	25	11
tail	0xc1923	349	282	0xb3128	25	11
tail	0x8b8c9	91	172	0x9b68a	25	10
tail	0x9d13d	180	347	0xc088d	25	13
tail	0x9e07a	186	257	0xadbfd	25	4
tail	0x96eb1	148	144	0x95887	25	4
tail	0x96915	146	199	0xa0631	25	1
tail	0x8536e	64	245	0xab141	25	1
tail	0xa062e	198	302	0xb7586	25	1
tail	0xb540d	291	48	0x82477	25	1
tail	0xc0d7b	347	331	0xbcfc8	25	1
tail	0xbd36a	331	196	0x9fbcd	25	1
tail	0xa0068	194,195,196	99	0x8c99a	25	1
tail	0xba680	317	79	0x885b0	25	1
tail	0x8b6db	90	3	0x78c77	25	1
tail	0x951c0	139,140	79	0x885b0	25	1
tail	0x8281e	48	66	0x855ff	25	1
tail	0xbcfc5	330	140	0x94e5a	25	1
tail	0x951c0	139,140	83	0x8947b	25	1
tail	0x951c0	139,140	3	0x78c77	25	1
tail	0x9bd8c	173	354	0xc2241	25	1
tail	0xc240d	353,354	253	0xacfb1	25	1
tail	0xc21c0	352	165	0x9a24c	25	1
tail	0x980a9	154	242	0xaa87d	25	1
tail	0xadbfa	256	200	0xa0a9e	24	13
tail	0xa9cf4	239	64	0x85059	24	10
tail	0x859f9	66	70	0x8610e	24	12
tail	0xa0068	194,195,196	3	0x78c77	24	12
tail	0xa0dc7	200	64	0x85059	24	10
tail	0x859f9	66	254	0xad32c	24	10
tail	0xa9cf4	239	237	0xa8e1f	24	15
tail	0xa9cf4	239	114	0x90319	24	10
tail	0xb0458	268	79	0x885b0	24	12
tail	0xadf29	257	140	0x94e5a	23	10
tail	0xb68ff	297	220	0xa522e	23	12
tail	0x859f9	66	220	0xa522e	23	13
tail	0xa0dc7	200	66	0x855ff	23	12
tail	0x9eac9	189	254	0xad32c	23	9
tail	0xb68ff	297	83	0x8947b	23	15
tail	0xa0a9c	199	253	0xacfb1	23	12
tail	0x81b7c	43	30	0x7e849	23	10
tail	0x8f6cf	108	203	0xa1484	23	14
tail	0x9b687	171	64	0x85059	23	10
tail	0xa1936	202,203	70	0x8610e	23	10
tail	0x99757	160	273	0xb11ca	23	12
tail	0x9d13d	180	49	0x82820	23	16
tail	0x99026	157	345	0xc02e4	23	10
tail	0x9eac9	189	122	0x9170d	23	3
tail	0x8536e	64	3	0x78c77	23	11
tail	0xa0dc7	200	319	0xba72f	23	10
tail	0x96eb1	148	352	0xc1ec4	23	4
tail	0xc0d7b	347	122	0x9170d	23	1
tail	0xb837a	307	345	0xc02e4	22	14
tail	0x9cf2f	179	203	0xa1484	22	6
tail	0x9d692	183	189	0x9e7af	22	10
tail	0xadf29	257	258	0xadf2c	22	14
tail	0x9af16	168	253	0xacfb1	22	10
tail	0xb68ff	297	322	0xbb3c9	22	6
tail	0x9d13d	180	333	0xbd8af	22	9
tail	0x9c3f4	175,176	119	0x90ebc	22	8
tail	0x7c308	18	154	0x97ce6	22	9
tail	0x8b8c9	91	66	0x855ff	22	10
tail	0x9cf2f	179	157	0x98a9a	22	7
tail	0x859f9	66	3	0x78c77	22	11
tail	0xa3dc4	212	203	0xa1484	22	1
tail	0x9eac9	189	251	0xacbc5	22	1
tail	0xacefb	251	108	0x8f24b	22	1
tail	0xa062e	198	345	0xc02e4	21	11
tail	0xa062e	198	239	0xa991e	21	11
tail	0xc21c0	352	128	0x9299b	21	6
tail	0x951c0	139,140	297	0xb64d7	21	6
tail	0xa0a9c	199	192	0x9f00a	21	9
tail	0x8f6cf	108	253	0xacfb1	21	12
tail	0x9af16	168	332	0xbd36d	21	11
tail	0xc21c0	352	333	0xbd8af	21	11
tail	0xbb6e3	321,322	215	0xa4609	21	7
tail	0xb837a	307	200	0xa0a9e	21	10
tail	0x81b7c	43	200	0xa0a9e	21	11
tail	0x9bd8c	173	168	0x9aa83	21	11
tail	0xadf29	257	266	0xaf8af	21	5
tail	0x9d13d	180	114	0x90319	21	11
tail	0x7c308	18	49	0x82820	21	9
tail	0xc0d7b	347	121	0x91379	21	8
tail	0xb360f	282	90	0x8b334	21	6
tail	0x9ba72	172	192	0x9f00a	21	7
tail	0xa062e	198	121	0x91379	21	7
tail	0x95b59	143,144	345	0xc02e4	21	10
tail	0x96915	146	79	0x885b0	21	7
tail	0x99026	157	200	0xa0a9e	20	10
tail	0x922c1	124	297	0xb64d7	20	9
tail	0xbf126	337	154	0x97ce6	20	11
tail	0x9eac9	189	140	0x94e5a	20	10
tail	0x9b687	171	28	0x7e390	20	8
tail	0xc21c0	352	124	0x91e81	20	11
tail	0xadf29	257	200	0xa0a9e	20	13
tail	0xa4a5e	215	83	0x8947b	20	13
tail	0xbdd16	333	124	0x91e81	20	7
tail	0x7c308	18	220	0xa522e	20	15
tail	0x9af16	168	237	0xa8e1f	20	10
tail	0xadf29	257	350	0xc1926	20	8
tail	0x9bd8c	173	332	0xbd36d	20	6
tail	0xa0a9c	199	200	0xa0a9e	20	9
tail	0xa0dc7	200	320	0xbada5	20	7
tail	0x8b8c9	91	49	0x82820	20	10
tail	0x81b7c	43	83	0x8947b	20	16
tail	0xad329	252,253	192	0x9f00a	20	13
tail	0x9a46b	165	185	0x9d964	20	7
tail	0xb837a	307	83	0x8947b	20	14
tail	0xb84a4	308	354	0xc2241	20	7
tail	0xa9cf4	239	43	0x8173d	20	12
tail	0xa646d	222	301	0xb708d	20	5
tail	0xadf29	257	196	0x9fbcd	20	7
tail	0x81b7c	43	320	0xbada5	20	9
tail	0xadf29	257	253	0xacfb1	20	9
tail	0x8536e	64	79	0x885b0	19	10
tail	0x92f1f	128	185	0x9d964	19	5
tail	0x99757	160	268	0xb0007	19	7
tail	0x8b8c9	91	333	0xbd8af	19	12
tail	0xadbfa	256	333	0xbd8af	19	15
tail	0x9af16	168	146	0x96407	19	6
tail	0x91067	119	215	0xa4609	19	7
tail	0x95b59	143,144	322	0xbb3c9	19	10
tail	0xb837a	307	30	0x7e849	19	8
tail	0xad329	252,253	258	0xadf2c	19	14
tail	0x90893	113,114	239	0xa991e	19	9
tail	0x90893	113,114	70	0x8610e	19	8
tail	0xae32f	258	345	0xc02e4	19	7
tail	0x7c308	18	30	0x7e849	19	11
tail	0xbf126	337	260	0xae90b	19	8
tail	0x9a46b	165	66	0x855ff	18	7
tail	0xae32f	258	37	0x80685	18	9
tail	0x922c1	124	28	0x7e390	18	10
tail	0xa062e	198	203	0xa1484	18	10
tail	0x9bd8c	173	307	0xb8064	18	10
tail	0x8536e	64	124	0x91e81	18	7
tail	0xa0a9c	199	179	0x9ca8d	18	6
tail	0xa4a5e	215	128	0x9299b	18	5
tail	0x9dcab	185	83	0x8947b	18	8
tail	0x9dcab	185	237	0xa8e1f	18	9
tail	0x8b6db	90	330	0xbc9b8	18	6
tail	0x92f1f	128	307	0xb8064	18	8
tail	0xc21c0	352	322	0xbb3c9	18	10
tail	0xc0d7b	347	208	0xa2361	18	7
tail	0x9d13d	180	185	0x9d964	18	12
tail	0x9d692	183	307	0xb8064	18	9
tail	0x8b8c9	91	269	0xb045b	18	11
tail	0x8b8c9	91	301	0xb708d	18	12
tail	0x7e7ca	28	239	0xa991e	18	8
tail	0xadf29	257	199	0xa0631	18	13
tail	0xb837a	307	237	0xa8e1f	18	9
tail	0x9bd8c	173	200	0xa0a9e	18	8
tail	0xa0068	194,195,196	70	0x8610e	18	6
tail	0xc0532	345	320	0xbada5	18	10
tail	0xbf126	337	208	0xa2361	18	4
tail	0x9af16	168	269	0xb045b	18	8
tail	0xbf886	340	124	0x91e81	18	7
tail	0x9af16	168	70	0x8610e	18	8
tail	0xb3799	283	18	0x7be9b	18	8
tail	0xae32f	258	122	0x9170d	18	1
tail	0x922c1	124	319	0xba72f	18	10
tail	0xbdd16	333	146	0x96407	18	6
tail	0xbfb96	341	157	0x98a9a	18	1
tail	0xa4a5e	215	326	0xbc06d	18	1
tail	0x8281e	48	281	0xb2db6	18	4
tail	0xbf886	340	146	0x96407	17	7
tail	0x9a46b	165	199	0xa0631	17	10
tail	0x922c1	124	258	0xadf2c	17	9
tail	0x99757	160	124	0x91e81	17	5
tail	0xbdd16	333	345	0xc02e4	17	5
tail	0x99026	157	124	0x91e81	17	10
tail	0x7e7ca	28	179	0x9ca8d	17	7
tail	0xc21c0	352	345	0xc02e4	17	7
tail	0xa0a9c	199	121	0x91379	17	6
tail	0xa9cf4	239	215	0xa4609	17	8
tail	0x9d692	183	64	0x85059	17	10
tail	0xc0532	345	43	0x8173d	17	11
tail	0xadf29	257	64	0x85059	17	14
tail	0x8536e	64	320	0xbada5	17	9
tail	0xc1ec2	351	30	0x7e849	17	6
tail	0xa0068	194,195,196	253	0xacfb1	17	8
tail	0xad329	252,253	189	0x9e7af	17	11
tail	0xbdd16	333	83	0x8947b	17	8
tail	0x9d13d	180	340	0xbf435	17	11
tail	0xb0458	268	269	0xb045b	17	7
tail	0x9ba72	172	350	0xc1926	17	6
tail	0xc0d7b	347	345	0xc02e4	17	7
tail	0xc0d7b	347	260	0xae90b	17	11
tail	0xb4eda	290	257	0xadbfd	17	2
tail	0x8b8c9	91	196	0x9fbcd	17	12
tail	0x9af16	168	124	0x91e81	17	9
tail	0x859f9	66	282	0xb3128	17	5
tail	0x8f6cf	108	254	0xad32c	17	12
tail	0x9eac9	189	253	0xacfb1	17	11
tail	0xc1923	349	28	0x7e390	17	7
tail	0x90893	113,114	237	0xa8e1f	17	9
tail	0xa4a5e	215	332	0xbd36d	17	7
tail	0xa81c1	232	340	0xbf435	17	1
tail	0x7c308	18	0	0x78561	17	1
tail	0x99026	157	301	0xb708d	17	9
tail	0xa0dc7	200	258	0xadf2c	17	7
tail	0xa4a5e	215	254	0xad32c	17	4
tail	0xad329	252,253	37	0x80685	17	8
tail	0x98351	155	168	0x9aa83	17	1
tail	0xbf126	337	251	0xacbc5	17	1
tail	0xacefb	251	198	0xa037e	17	1
tail	0xa062e	198	266	0xaf8af	17	1
tail	0x9eac9	189	146	0x96407	17	5
tail	0xa0068	194,195,196	222	0xa5f3c	17	3
tail	0x9ba72	172	222	0xa5f3c	17	3
tail	0xa0dc7	200	268	0xb0007	16	7
tail	0xbf886	340	200	0xa0a9e	16	7
tail	0xa0dc7	200	168	0x9aa83	16	9
tail	0x9ba72	172	269	0xb045b	16	11
tail	0xc1ec2	351	154	0x97ce6	16	4
tail	0x7e7ca	28	37	0x80685	16	9
tail	0xa0dc7	200	347	0xc088d	16	12
tail	0x7c308	18	70	0x8610e	16	10
tail	0x8536e	64	254	0xad32c	16	10
tail	0x91067	119	114	0x90319	16	10
tail	0xbb6e3	321,322	333	0xbd8af	16	7
tail	0x951c0	139,140	337	0xbec0e	16	8
tail	0x90893	113,114	140	0x94e5a	16	5
tail	0xa0068	194,195,196	37	0x80685	16	6
tail	0x922c1	124	114	0x90319	16	10
tail	0x95b59	143,144	332	0xbd36d	16	8
tail	0x8536e	64	300	0xb6c36	16	7
tail	0x9eac9	189	192	0x9f00a	16	8
tail	0xb0458	268	239	0xa991e	16	8
tail	0xb540d	291	66	0x855ff	16	4
tail	0xc0532	345	297	0xb64d7	16	12
tail	0x87c25	75	165	0x9a24c	16	8
tail	0x7e7ca	28	273	0xb11ca	16	7
tail	0x9ba72	172	237	0xa8e1f	16	8
tail	0xa0dc7	200	105	0x8e6b4	16	6
tail	0xa4a5e	215	37	0x80685	16	8
tail	0xb593d	292	332	0xbd36d	16	5
tail	0xb837a	307	282	0xb3128	16	4
tail	0xb837a	307	90	0x8b334	16	4
tail	0xb68ff	297	179	0x9ca8d	16	6
tail	0x92f1f	128	258	0xadf2c	16	5
tail	0x8bcec	92	18	0x7be9b	16	6
tail	0x97689	151	198	0xa037e	16	4
tail	0x9d13d	180	66	0x855ff	16	11
tail	0xb593d	292	3	0x78c77	16	5
tail	0xa0dc7	200	340	0xbf435	15	9
tail	0x9d692	183	83	0x8947b	15	10
tail	0xad329	252,253	70	0x8610e	15	10
tail	0x951c0	139,140	168	0x9aa83	15	8
tail	0x81b7c	43	192	0x9f00a	15	10
tail	0x90893	113,114	254	0xad32c	15	5
tail	0xbdd16	333	319	0xba72f	15	7
tail	0xadbfa	256	297	0xb64d7	15	6
tail	0xc21c0	352	215	0xa4609	15	11
tail	0xc21c0	352	48	0x82477	15	9
tail	0x922c1	124	215	0xa4609	15	9
tail	0x9d13d	180	258	0xadf2c	15	15
tail	0x7c308	18	52	0x833c7	15	5
tail	0x99757	160	308	0xb837c	15	4
tail	0x980a9	154	28	0x7e390	15	6
tail	0xae32f	258	200	0xa0a9e	15	11
tail	0x980a9	154	199	0xa0631	15	4
tail	0xad329	252,253	64	0x85059	15	6
tail	0x9a46b	165	189	0x9e7af	15	7
tail	0xc0d7b	347	350	0xc1926	15	7
tail	0x93f76	131	173	0x9ba74	15	4
tail	0x9d692	183	347	0xc088d	15	8
tail	0xb540d	291	345	0xc02e4	15	3
tail	0x7ca96	20	80	0x88a58	15	2
tail	0x9bd8c	173	30	0x7e849	15	8
tail	0xb68ff	297	124	0x91e81	15	9
tail	0x90893	113,114	128	0x9299b	15	2
tail	0xc1923	349	200	0xa0a9e	15	5
tail	0x9bd8c	173	292	0xb540f	15	4
tail	0x922c1	124	148	0x96b6e	15	2
tail	0x7c308	18	254	0xad32c	15	6
tail	0xa4a5e	215	179	0x9ca8d	15	3
tail	0xb1545	273	49	0x82820	15	2
tail	0x9af16	168	319	0xba72f	14	8
tail	0x7e7ca	28	140	0x94e5a	14	8
tail	0x9cf2f	179	172	0x9b68a	14	5
tail	0x9eac9	189	320	0xbada5	14	6
tail	0x91067	119	189	0x9e7af	14	9
tail	0x7e7ca	28	320	0xbada5	14	8
tail	0xadbfa	256	128	0x9299b	14	4
tail	0xbf886	340	140	0x94e5a	14	9
tail	0xb68ff	297	320	0xbada5	14	8
tail	0xbf886	340	128	0x9299b	14	6
tail	0xa062e	198	200	0xa0a9e	14	9
tail	0xa2933	208	43	0x8173d	14	6
tail	0x7c308	18	37	0x80685	14	13
tail	0x91a57	122	246	0xab427	14	6
tail	0x9c3f4	175,176	40	0x8115d	14	11
tail	0x90893	113,114	222	0xa5f3c	14	6
tail	0x81b7c	43	154	0x97ce6	14	9
tail	0xadbfa	256	347	0xc088d	14	11
tail	0x8f6cf	108	282	0xb3128	14	9
tail	0x90893	113,114	83	0x8947b	14	11
tail	0xad329	252,253	268	0xb0007	14	7
tail	0x9170b	121	330	0xbc9b8	14	5
tail	0xa2933	208	269	0xb045b	14	5
tail	0x951c0	139,140	18	0x7be9b	14	9
tail	0xadbfa	256	349	0xc140b	14	6
tail	0xa81c1	232	215	0xa4609	14	1
tail	0x8536e	64	0	0x78561	14	1
tail	0xa646d	222	268	0xb0007	14	6
tail	0x9ba72	172	345	0xc02e4	14	5
tail	0x8f6cf	108	248	0xac110	14	3
tail	0xa0a9c	199	332	0xbd36d	14	6
tail	0xa1936	202,203	3	0x78c77	14	8
tail	0xadf29	257	128	0x9299b	14	3
tail	0x7c308	18	319	0xba72f	14	8
tail	0x8536e	64	70	0x8610e	14	5
tail	0x90893	113,114	146	0x96407	14	2
tail	0x92f1f	128	79	0x885b0	14	3
tail	0xa0a9c	199	292	0xb540f	14	4
tail	0x8bcec	92	154	0x97ce6	14	2
tail	0x99757	160	292	0xb540f	14	2
tail	0x9d24a	181	18	0x7be9b	14	4
tail	0xb837a	307	70	0x8610e	13	9
tail	0x922c1	124	237	0xa8e1f	13	7
tail	0x951c0	139,140	258	0xadf2c	13	8
tail	0x9c3f4	175,176	95	0x8c41c	13	9
tail	0xae32f	258	332	0xbd36d	13	7
tail	0x7c308	18	146	0x96407	13	6
tail	0xc240d	353,354	114	0x90319	13	10
tail	0x81b7c	43	345	0xc02e4	13	10
tail	0xc0532	345	237	0xa8e1f	13	9
tail	0xa9cf4	239	192	0x9f00a	13	9
tail	0xb708a	299,300	48	0x82477	13	5
tail	0x7c308	18	273	0xb11ca	13	7
tail	0x99026	157	253	0xacfb1	13	11
tail	0xa4a5e	215	124	0x91e81	13	10
tail	0xa4a5e	215	70	0x8610e	13	6
tail	0x9b687	171	172	0x9b68a	13	3
tail	0xadf29	257	30	0x7e849	13	11
tail	0xa0dc7	200	192	0x9f00a	13	10
tail	0xb0458	268	320	0xbada5	13	6
tail	0x922c1	124	70	0x8610e	13	11
tail	0x9eac9	189	83	0x8947b	13	11
tail	0xc21c0	352	253	0xacfb1	13	13
tail	0x8f6cf	108	146	0x96407	13	10
tail	0xb360f	282	199	0xa0631	13	7
tail	0x9d13d	180	301	0xb708d	13	11
tail	0xa1936	202,203	319	0xba72f	13	8
tail	0xa646d	222	49	0x82820	13	4
tail	0x9ba72	172	37	0x80685	13	7
tail	0x99026	157	273	0xb11ca	13	6
tail	0x81b7c	43	179	0x9ca8d	13	7
tail	0xb0458	268	237	0xa8e1f	13	4
tail	0xa062e	198	179	0x9ca8d	13	2
tail	0xa2933	208	168	0x9aa83	13	4
tail	0x9bd8c	173	62	0x84aa3	13	2
tail	0x922c1	124	347	0xc088d	13	8
tail	0x8b6db	90	200	0xa0a9e	13	2
tail	0x9cf2f	179	258	0xadf2c	13	4
tail	0x859f9	66	317	0xba1e2	13	2
tail	0x84e1b	62	307	0xb8064	13	2
tail	0xbd8ad	332	297	0xb64d7	13	2
tail	0xb625a	295	196	0x9fbcd	13	2
tail	0x980a9	154	203	0xa1484	13	2
tail	0xa4a5e	215	208	0xa2361	13	2
tail	0x99757	160	322	0xbb3c9	13	5
tail	0xc21c0	352	282	0xb3128	13	3
tail	0x96915	146	189	0x9e7af	13	4
tail	0xa2933	208	18	0x7be9b	13	6
tail	0xb0458	268	200	0xa0a9e	13	7
tail	0xbcfc5	330	66	0x855ff	13	4
tail	0x841f6	56	160	0x994cf	13	2
tail	0x95b59	143,144	291	0xb4edd	13	4
tail	0x8eb77	105	349	0xc140b	13	5
tail	0xb708a	299,300	18	0x7be9b	13	4
tail	0xbfb96	341	199	0xa0631	13	1
tail	0x99026	157	326	0xbc06d	13	1
tail	0xbc31d	326	352	0xc1ec4	13	1
tail	0x8c41a	93,94	144	0x95887	13	2
tail	0xa9cf4	239	186	0x9dcae	13	2
tail	0x91e7f	123	78	0x883c0	13	2
tail	0xb68ff	297	70	0x8610e	12	7
tail	0x9dcab	185	37	0x80685	12	6
tail	0xc0d7b	347	332	0xbd36d	12	9
tail	0x9a46b	165	28	0x7e390	12	8
tail	0xbf886	340	237	0xa8e1f	12	6
tail	0x9c08c	174	311	0xb86f8	12	9
tail	0x9bd8c	173	179	0x9ca8d	12	4
tail	0xa062e	198	260	0xae90b	12	6
tail	0x91067	119	307	0xb8064	12	7
tail	0x95b59	143,144	200	0xa0a9e	12	7
tail	0xa1936	202,203	350	0xc1926	12	7
tail	0x859f9	66	124	0x91e81	12	10
tail	0xbd8ad	332	199	0xa0631	12	4
tail	0xa0dc7	200	237	0xa8e1f	12	7
tail	0x91e7f	123	181	0x9d13f	12	10
tail	0xa1936	202,203	79	0x885b0	12	6
tail	0x992ca	158	264	0xaf4cf	12	11
tail	0x9d692	183	258	0xadf2c	12	8
tail	0x96915	146	43	0x8173d	12	3
tail	0xab424	245	75	0x873fc	12	4
tail	0xa9cf4	239	337	0xbec0e	12	11
tail	0x9bd8c	173	239	0xa991e	12	6
tail	0xb837a	307	300	0xb6c36	12	8
tail	0xb708a	299,300	17	0x7bae9	12	5
tail	0xba680	317	3	0x78c77	12	3
tail	0x8b6db	90	28	0x7e390	12	6
tail	0x7e7ca	28	350	0xc1926	12	7
tail	0x7c308	18	179	0x9ca8d	12	5
tail	0x97689	151	173	0x9ba74	12	3
tail	0xc1409	348	352	0xc1ec4	12	3
tail	0xc0d7b	347	192	0x9f00a	12	7
tail	0xa646d	222	28	0x7e390	12	6
tail	0xad766	254	92	0x8b8cb	12	2
tail	0x7ecd0	29,30	349	0xc140b	12	4
tail	0x81b7c	43	3	0x78c77	12	9
tail	0x95b59	143,144	292	0xb540f	12	5
tail	0x9bd8c	173	117	0x90acd	12	3
tail	0xb837a	307	140	0x94e5a	12	7
tail	0x9af16	168	37	0x80685	12	9
tail	0xbf886	340	121	0x91379	12	6
tail	0x9a46b	165	124	0x91e81	12	1
tail	0xbcfc5	330	122	0x9170d	12	1
tail	0x91a57	122	114	0x90319	12	1
tail	0xae32f	258	242	0xaa87d	12	1
tail	0xb3799	283	43	0x8173d	12	4
tail	0x7ecd0	29,30	215	0xa4609	12	4
tail	0x951c0	139,140	320	0xbada5	12	3
tail	0xa0068	194,195,196	345	0xc02e4	12	6
tail	0xa062e	198	349	0xc140b	12	5
tail	0x90893	113,114	345	0xc02e4	12	7
tail	0xbec0b	336	256	0xad849	12	3
tail	0x92f1f	128	297	0xb64d7	12	5
tail	0xadf29	257	281	0xb2db6	12	5
tail	0xc1923	349	122	0x9170d	12	2
tail	0xc0532	345	268	0xb0007	12	8
tail	0x99757	160	92	0x8b8cb	12	3
tail	0xad329	252,253	291	0xb4edd	12	3
tail	0x96eb1	148	173	0x9ba74	12	3
tail	0xb360f	282	66	0x855ff	12	3
tail	0xb2db4	280	160	0x994cf	12	3
tail	0x9dcab	185	140	0x94e5a	12	3
tail	0xb68ff	297	17	0x7bae9	12	3
tail	0xb360f	282	140	0x94e5a	12	2
tail	0x96915	146	66	0x855ff	11	5
tail	0xc240d	353,354	28	0x7e390	11	3
tail	0x859f9	66	332	0xbd36d	11	8
tail	0xa2933	208	258	0xadf2c	11	5
tail	0x8281e	48	18	0x7be9b	11	6
tail	0xbdd16	333	37	0x80685	11	5
tail	0xbdd16	333	70	0x8610e	11	6
tail	0x951c0	139,140	192	0x9f00a	11	7
tail	0xc0d7b	347	319	0xba72f	11	7
tail	0x9ba72	172	239	0xa991e	11	7
tail	0xbdd16	333	269	0xb045b	11	6
tail	0xa0dc7	200	37	0x80685	11	7
tail	0x81b7c	43	70	0x8610e	11	7
tail	0xa9cf4	239	168	0x9aa83	11	6
tail	0x9c08c	174	264	0xaf4cf	11	8
tail	0xad329	252,253	319	0xba72f	11	8
tail	0xbdd16	333	192	0x9f00a	11	7
tail	0x8536e	64	260	0xae90b	11	8
tail	0x8f6cf	108	239	0xa991e	11	10
tail	0xc0532	345	185	0x9d964	11	9
tail	0xbdd16	333	300	0xb6c36	11	6
tail	0x9dcab	185	253	0xacfb1	11	9
tail	0x9d13d	180	196	0x9fbcd	11	9
tail	0xb708a	299,300	105	0x8e6b4	11	3
tail	0xa062e	198	154	0x97ce6	11	8
tail	0xa4a5e	215	260	0xae90b	11	7
tail	0xa4a5e	215	282	0xb3128	11	4
tail	0x951c0	139,140	66	0x855ff	11	6
tail	0xa1936	202,203	49	0x82820	11	7
tail	0x9ba72	172	319	0xba72f	11	7
tail	0xadbfa	256	203	0xa1484	11	7
tail	0x8281e	48	92	0x8b8cb	11	5
tail	0xbf126	337	200	0xa0a9e	11	7
tail	0xa4a5e	215	220	0xa522e	11	8
tail	0x99026	157	322	0xbb3c9	11	8
tail	0x951c0	139,140	43	0x8173d	11	4
tail	0xb360f	282	281	0xb2db6	11	4
tail	0xb540d	291	307	0xb8064	11	5
tail	0xc0532	345	307	0xb8064	11	6
tail	0x9af16	168	83	0x8947b	11	5
tail	0x8281e	48	297	0xb64d7	11	3
tail	0xb68ff	297	291	0xb4edd	11	3
tail	0x7e7ca	28	322	0xbb3c9	11	6
tail	0xa0a9c	199	208	0xa2361	11	4
tail	0x8b026	88	173	0x9ba74	11	3
tail	0x9cf2f	179	215	0xa4609	11	2
tail	0x95b59	143,144	48	0x82477	11	2
tail	0x8f6cf	108	90	0x8b334	11	4
tail	0xb3125	281	322	0xbb3c9	11	2
tail	0xc0532	345	48	0x82477	11	2
tail	0xa646d	222	43	0x8173d	11	2
tail	0xc240d	353,354	200	0xa0a9e	11	1
tail	0x859f9	66	37	0x80685	11	5
tail	0xbf126	337	254	0xad32c	11	5
tail	0xad766	254	301	0xb708d	11	6
tail	0x9b687	171	253	0xacfb1	11	1
tail	0xa0a9c	199	124	0x91e81	11	2
tail	0xc21c0	352	350	0xc1926	11	6
tail	0xc240d	353,354	345	0xc02e4	11	1
tail	0x8eb77	105	220	0xa522e	11	3
tail	0x7be98	17	254	0xad32c	11	2
tail	0xba680	317	56	0x83e76	11	1
tail	0xb360f	282	345	0xc02e4	11	1
tail	0xc0532	345	349	0xc140b	11	1
tail	0xadf29	257	154	0x97ce6	11	2
tail	0x7c308	18	222	0xa5f3c	10	4
tail	0xaeeff	261	258	0xadf2c	10	7
tail	0xc0532	345	215	0xa4609	10	4
tail	0xa0dc7	200	291	0xb4edd	10	5
tail	0xb837a	307	121	0x91379	10	6
tail	0xa0dc7	200	203	0xa1484	10	7
tail	0x9c3f4	175,176	278	0xb2342	10	8
tail	0x92f1f	128	301	0xb708d	10	5
tail	0xa0dc7	200	114	0x90319	10	8
tail	0xc21c0	352	239	0xa991e	10	4
tail	0x9af16	168	30	0x7e849	10	9
tail	0x90893	113,114	322	0xbb3c9	10	9
tail	0x9d961	184	278	0xb2342	10	9
tail	0x951c0	139,140	70	0x8610e	10	6
tail	0x9bd8c	173	260	0xae90b	10	5
tail	0x9ba72	172	79	0x885b0	10	8
tail	0xba680	317	18	0x7be9b	10	3
tail	0x90893	113,114	319	0xba72f	10	7
tail	0xad329	252,253	172	0x9b68a	10	8
tail	0x9af16	168	301	0xb708d	10	8
tail	0x81b7c	43	222	0xa5f3c	10	3
tail	0xc0d7b	347	320	0xbada5	10	8
tail	0xb3799	283	64	0x85059	10	6
tail	0xa062e	198	140	0x94e5a	10	6
tail	0xc240d	353,354	199	0xa0631	10	8
tail	0xb593d	292	18	0x7be9b	10	5
tail	0xc240d	353,354	258	0xadf2c	10	10
tail	0xa9cf4	239	333	0xbd8af	10	6
tail	0xc240d	353,354	337	0xbec0e	10	8
tail	0xa0068	194,195,196	154	0x97ce6	10	9
tail	0xb68ff	297	332	0xbd36d	10	6
tail	0xa4a5e	215	319	0xba72f	10	5
tail	0x8f6cf	108	30	0x7e849	10	7
tail	0xa646d	222	297	0xb64d7	10	6
tail	0xa4a5e	215	239	0xa991e	10	8
tail	0x81b7c	43	37	0x80685	10	3
tail	0xb708a	299,300	349	0xc140b	10	4
tail	0xbdd16	333	128	0x9299b	10	5
tail	0x8b6db	90	66	0x855ff	10	4
tail	0xb68ff	297	121	0x91379	10	8
tail	0xadbfa	256	253	0xacfb1	10	8
tail	0x859f9	66	345	0xc02e4	10	5
tail	0x99757	160	260	0xae90b	10	6
tail	0xbdd16	333	253	0xacfb1	10	8
tail	0x7e7ca	28	254	0xad32c	10	4
tail	0x9d692	183	185	0x9d964	10	6
tail	0x95b59	143,144	273	0xb11ca	10	6
tail	0x9ba72	172	200	0xa0a9e	10	5
tail	0xbcfc5	330	291	0xb4edd	10	6
tail	0x81b7c	43	319	0xba72f	10	8
tail	0x95b59	143,144	179	0x9ca8d	10	2
tail	0xae32f	258	245	0xab141	10	2
tail	0x9d13d	180	215	0xa4609	10	8
tail	0xb708a	299,300	291	0xb4edd	10	3
tail	0x8281e	48	52	0x833c7	10	2
tail	0xae32f	258	128	0x9299b	10	6
tail	0x99757	160	30	0x7e849	10	6
tail	0xa646d	222	269	0xb045b	10	3
tail	0xa0a9c	199	350	0xc1926	10	7
tail	0xc0532	345	203	0xa1484	10	3
tail	0xb593d	292	28	0x7e390	10	4
tail	0xbf886	340	179	0x9ca8d	10	3
tail	0xbdd16	333	179	0x9ca8d	10	6
tail	0x96915	146	220	0xa522e	10	4
tail	0x93f76	131	108	0x8f24b	10	4
tail	0xa1936	202,203	192	0x9f00a	10	6
tail	0xbfb96	341	185	0x9d964	10	1
tail	0x81b7c	43	0	0x78561	10	1
tail	0x78833	0	257	0xadbfd	10	1
tail	0xb593d	292	92	0x8b8cb	10	5
tail	0xa81c1	232	189	0x9e7af	10	1
tail	0xa1936	202,203	290	0xb4c00	10	1
tail	0x859f9	66	52	0x833c7	10	3
tail	0xa6af6	224	199	0xa0631	10	1
tail	0x90893	113,114	290	0xb4c00	10	1
tail	0xb4eda	290	108	0x8f24b	10	1
tail	0x8f6cf	108	117	0x90acd	10	1
tail	0xc1d46	350	64	0x85059	10	5
tail	0x951c0	139,140	105	0x8e6b4	10	3
tail	0xbf886	340	70	0x8610e	10	6
tail	0xba680	317	220	0xa522e	10	2
tail	0xa646d	222	131	0x937d0	10	1
tail	0xb593d	292	49	0x82820	10	1
tail	0xa4a5e	215	280	0xb2661	10	1
tail	0xb2db4	280	108	0x8f24b	10	1
tail	0x9eac9	189	148	0x96b6e	10	1
tail	0x8bcec	92	131	0x937d0	10	1
tail	0xa0dc7	200	56	0x83e76	10	1
tail	0x841f6	56	173	0x9ba74	10	1
tail	0xc0d7b	347	222	0xa5f3c	10	2
tail	0xa4a5e	215	190	0x9eacb	10	1
tail	0x92f1f	128	94	0x8bd69	10	1
tail	0x8281e	48	320	0xbada5	10	1
tail	0x96915	146	49	0x82820	10	1
tail	0xba680	317	273	0xb11ca	10	1
tail	0x8a49b	86	310	0xb8556	9	4
tail	0x8b8c9	91	185	0x9d964	9	6
tail	0x7ecd0	29,30	269	0xb045b	9	5
tail	0x9cf2f	179	79	0x885b0	9	3
tail	0xa9cf4	239	291	0xb4edd	9	5
tail	0x92f1f	128	199	0xa0631	9	3
tail	0x9bd8c	173	48	0x82477	9	3
tail	0xadbfa	256	300	0xb6c36	9	7
tail	0x96915	146	337	0xbec0e	9	5
tail	0x8129b	40	337	0xbec0e	9	7
tail	0xadbfa	256	179	0x9ca8d	9	5
tail	0xa0a9c	199	239	0xa991e	9	8
tail	0xb837a	307	254	0xad32c	9	8
tail	0xa4a5e	215	90	0x8b334	9	4
tail	0xbb6e3	321,322	43	0x8173d	9	8
tail	0x9af16	168	121	0x91379	9	5
tail	0xc240d	353,354	18	0x7be9b	9	7
tail	0xb0458	268	273	0xb11ca	9	6
tail	0x922c1	124	66	0x855ff	9	5
tail	0x9c3f4	175,176	261	0xaeda2	9	9
tail	0x9b687	171	347	0xc088d	9	7
tail	0x9cf2f	179	3	0x78c77	9	3
tail	0x7e7ca	28	92	0x8b8cb	9	3
tail	0x8f6cf	108	273	0xb11ca	9	8
tail	0xc21c0	352	43	0x8173d	9	8
tail	0xb3125	281	292	0xb540f	9	2
tail	0x9af16	168	128	0x9299b	9	6
tail	0xbdd16	333	350	0xc1926	9	5
tail	0xb0458	268	220	0xa522e	9	8
tail	0x9a46b	165	347	0xc088d	9	7
tail	0x9ba72	172	121	0x91379	9	5
tail	0xc0d7b	347	70	0x8610e	9	7
tail	0x9d24a	181	307	0xb8064	9	5
tail	0xc21c0	352	300	0xb6c36	9	6
tail	0x96915	146	268	0xb0007	9	3
tail	0x873fa	74	160	0x994cf	9	3
tail	0x8eb77	105	317	0xba1e2	9	5
tail	0x99026	157	140	0x94e5a	9	7
tail	0x8281e	48	300	0xb6c36	9	4
tail	0xadbfa	256	208	0xa2361	9	3
tail	0xa0a9c	199	237	0xa8e1f	9	5
tail	0x9d13d	180	64	0x85059	9	8
tail	0xb360f	282	92	0x8b8cb	9	6
tail	0xa2933	208	3	0x78c77	9	5
tail	0x99757	160	349	0xc140b	9	5
tail	0x9e07a	186	144	0x95887	9	2
tail	0xa2933	208	196	0x9fbcd	9	4
tail	0xbb6e3	321,322	66	0x855ff	9	5
tail	0xa0dc7	200	79	0x885b0	9	1
tail	0xac43d	248	258	0xadf2c	9	1
tail	0xb3799	283	222	0xa5f3c	9	1
tail	0xa646d	222	189	0x9e7af	9	1
tail	0x7c308	18	242	0xaa87d	9	1
tail	0xaab67	242	199	0xa0631	9	1
tail	0x91e7f	123	69	0x85f24	9	1
tail	0xb540d	291	140	0x94e5a	9	1
tail	0x9a46b	165	196	0x9fbcd	9	9
tail	0x922c1	124	199	0xa0631	9	5
tail	0xb540d	291	269	0xb045b	9	5
tail	0x8b6db	90	300	0xb6c36	9	3
tail	0xad766	254	199	0xa0631	9	6
tail	0xb540d	291	301	0xb708d	9	5
tail	0xbf126	337	128	0x9299b	9	6
tail	0x8281e	48	349	0xc140b	9	7
tail	0xc1923	349	3	0x78c77	9	3
tail	0xa646d	222	185	0x9d964	9	4
tail	0x9170b	121	340	0xbf435	9	4
tail	0x873fa	74	108	0x8f24b	9	3
tail	0xae32f	258	148	0x96b6e	9	2
tail	0x99757	160	146	0x96407	9	2
tail	0xbcfc5	330	281	0xb2db6	9	5
tail	0x81b7c	43	237	0xa8e1f	9	4
tail	0xa0a9c	199	281	0xb2db6	9	3
tail	0x9eac9	189	322	0xbb3c9	9	5
tail	0xb593d	292	52	0x833c7	9	2
tail	0x92f1f	128	333	0xbd8af	9	3
tail	0xc240d	353,354	196	0x9fbcd	9	5
tail	0xa0dc7	200	190	0x9eacb	9	2
tail	0xbd8ad	332	215	0xa4609	9	6
tail	0x92f1f	128	66	0x855ff	9	1
tail	0xc1d46	350	37	0x80685	9	1
tail	0xa4a5e	215	131	0x937d0	9	1
tail	0xbb6e3	321,322	237	0xa8e1f	9	1
tail	0x8eb77	105	70	0x8610e	9	1
tail	0x96915	146	297	0xb64d7	9	1
tail	0x92612	125	334	0xbdd18	9	5
tail	0x9a46b	165	258	0xadf2c	9	4
tail	0x8cc7f	98,99	160	0x994cf	8	3
tail	0x81b7c	43	146	0x96407	8	3
tail	0x9cf2f	179	220	0xa522e	8	5
tail	0x992ca	158	95	0x8c41c	8	5
tail	0xadbfa	256	140	0x94e5a	8	4
tail	0xb540d	291	28	0x7e390	8	4
tail	0xadbfa	256	260	0xae90b	8	5
tail	0x8129b	40	189	0x9e7af	8	5
tail	0xb625a	295	268	0xb0007	8	5
tail	0x9d961	184	264	0xaf4cf	8	7
tail	0x9cf2f	179	66	0x855ff	8	4
tail	0xad766	254	79	0x885b0	8	6
tail	0xae32f	258	239	0xa991e	8	5
tail	0x96915	146	83	0x8947b	8	5
tail	0x9c08c	174	181	0x9d13f	8	7
tail	0x8281e	48	28	0x7e390	8	4
tail	0x92f1f	128	83	0x8947b	8	4
tail	0x922c1	124	52	0x833c7	8	4
tail	0xad766	254	258	0xadf2c	8	5
tail	0x7e7ca	28	200	0xa0a9e	8	5
tail	0xadbfa	256	117	0x90acd	8	3
tail	0x7e7ca	28	146	0x96407	8	5
tail	0xadbfa	256	124	0x91e81	8	5
tail	0xb68ff	297	254	0xad32c	8	8
tail	0x951c0	139,140	114	0x90319	8	8
tail	0x8536e	64	237	0xa8e1f	8	5
tail	0xc1d46	350	347	0xc088d	8	6
tail	0xb1545	273	66	0x855ff	8	4
tail	0x922c1	124	172	0x9b68a	8	4
tail	0x95b59	143,144	281	0xb2db6	8	5
tail	0x980a9	154	301	0xb708d	8	5
tail	0x922c1	124	349	0xc140b	8	3
tail	0x90893	113,114	208	0xa2361	8	4
tail	0x992ca	158	69	0x85f24	8	4
tail	0xa4a5e	215	253	0xacfb1	8	8
tail	0xa0dc7	200	215	0xa4609	8	5
tail	0xa1936	202,203	128	0x9299b	8	4
tail	0xa4a5e	215	322	0xbb3c9	8	5
tail	0x859f9	66	179	0x9ca8d	8	3
tail	0x8b8c9	91	157	0x98a9a	8	7
tail	0x9eac9	189	222	0xa5f3c	8	5
tail	0xa1936	202,203	140	0x94e5a	8	6
tail	0x9af16	168	52	0x833c7	8	1
tail	0x7be98	17	185	0x9d964	8	5
tail	0xa4a5e	215	105	0x8e6b4	8	3
tail	0x9cf2f	179	347	0xc088d	8	5
tail	0xb2db4	280	198	0xa037e	8	3
tail	0x7e7ca	28	48	0x82477	8	5
tail	0xa0068	194,195,196	322	0xbb3c9	8	7
tail	0x99757	160	154	0x97ce6	8	5
tail	0x8bcec	92	215	0xa4609	8	4
tail	0x99026	157	121	0x91379	8	5
tail	0xc0532	345	92	0x8b8cb	8	3
tail	0xba680	317	83	0x8947b	8	6
tail	0x8f6cf	108	222	0xa5f3c	8	3
tail	0x8536e	64	128	0x9299b	8	5
tail	0xb0458	268	345	0xc02e4	8	5
tail	0x8bcec	92	28	0x7e390	8	5
tail	0xafa1d	266	165	0x9a24c	8	4
tail	0xa9cf4	239	48	0x82477	8	2
tail	0xb0458	268	192	0x9f00a	8	4
tail	0xbcfc5	330	349	0xc140b	8	5
tail	0x951c0	139,140	151	0x97311	8	2
tail	0xb837a	307	253	0xacfb1	8	5
tail	0xa646d	222	203	0xa1484	8	4
tail	0x980a9	154	307	0xb8064	8	5
tail	0xb360f	282	18	0x7be9b	8	6
tail	0x9af16	168	222	0xa5f3c	8	3
tail	0xa0a9c	199	319	0xba72f	8	4
tail	0xbec0b	336	173	0x9ba74	8	3
tail	0xb68ff	297	253	0xacfb1	8	7
tail	0xb540d	291	297	0xb64d7	8	5
tail	0x8bcec	92	48	0x82477	8	4
tail	0x9ba72	172	49	0x82820	8	8
tail	0xa062e	198	317	0xba1e2	8	5
tail	0xbec0b	336	108	0x8f24b	8	3
tail	0x859f9	66	330	0xbc9b8	8	5
tail	0x9cf2f	179	196	0x9fbcd	8	3
tail	0x8f6cf	108	17	0x7bae9	8	3
tail	0xadbfa	256	292	0xb540f	8	3
tail	0x980a9	154	18	0x7be9b	8	5
tail	0x99026	157	222	0xa5f3c	8	5
tail	0x9cf2f	179	64	0x85059	8	2
tail	0xad329	252,253	203	0xa1484	8	3
tail	0xb3125	281	3	0x78c77	8	4
tail	0xa1936	202,203	254	0xad32c	8	4
tail	0x9cf2f	179	49	0x82820	7	3
tail	0xb625a	295	114	0x90319	7	4
tail	0x81b7c	43	208	0xa2361	7	3
tail	0xbd8ad	332	185	0x9d964	7	4
tail	0xb3799	283	114	0x90319	7	4
tail	0xad329	252,253	83	0x8947b	7	4
tail	0x99757	160	254	0xad32c	7	4
tail	0xaeda0	260	337	0xbec0e	7	4
tail	0xbb8a8	323	169	0x9af18	7	6
tail	0xb625a	295	189	0x9e7af	7	3
tail	0xbdd16	333	140	0x94e5a	7	6
tail	0x92f1f	128	220	0xa522e	7	5
tail	0x9d961	184	216	0xa4a61	7	6
tail	0xa2933	208	203	0xa1484	7	5
tail	0xa2933	208	333	0xbd8af	7	4
tail	0x922c1	124	196	0x9fbcd	7	6
tail	0xc1d46	350	199	0xa0631	7	6
tail	0x9dcab	185	124	0x91e81	7	5
tail	0x7c308	18	349	0xc140b	7	3
tail	0x9dcab	185	30	0x7e849	7	7
tail	0xa062e	198	124	0x91e81	7	4
tail	0xa0068	194,195,196	124	0x91e81	7	6
tail	0xc0d7b	347	49	0x82820	7	7
tail	0x9dcab	185	239	0xa991e	7	7
tail	0xba680	317	48	0x82477	7	5
tail	0x8173b	42	169	0x9af18	7	7
tail	0xc240d	353,354	297	0xb64d7	7	6
tail	0xb1545	273	337	0xbec0e	7	4
tail	0xb3799	283	28	0x7e390	7	5
tail	0x9eac9	189	300	0xb6c36	7	7
tail	0xaeeff	261	64	0x85059	7	5
tail	0xc0d7b	347	52	0x833c7	7	2
tail	0xc0d7b	347	300	0xb6c36	7	5
tail	0x92f1f	128	157	0x98a9a	7	4
tail	0x7e7ca	28	330	0xbc9b8	7	4
tail	0xad329	252,253	317	0xba1e2	7	5
tail	0xad329	252,253	168	0x9aa83	7	7
tail	0xbdd16	333	237	0xa8e1f	7	5
tail	0x9eac9	189	121	0x91379	7	4
tail	0xa3dc4	212	258	0xadf2c	7	1
tail	0x99026	157	290	0xb4c00	7	1
tail	0x99757	160	300	0xb6c36	7	6
tail	0xa1936	202,203	179	0x9ca8d	7	3
tail	0x9cf2f	179	114	0x90319	7	5
tail	0x9ba72	172	220	0xa522e	7	5
tail	0x95b59	143,144	300	0xb6c36	7	6
tail	0x9cf2f	179	333	0xbd8af	7	3
tail	0x91a57	122	75	0x873fc	7	3
tail	0xbdd16	333	208	0xa2361	7	4
tail	0x95b59	143,144	282	0xb3128	7	5
tail	0xa81c1	232	114	0x90319	7	1
tail	0xb0458	268	0	0x78561	7	1
tail	0x78833	0	108	0x8f24b	7	1
tail	0xb3125	281	105	0x8e6b4	7	4
tail	0x8eb77	105	18	0x7be9b	7	5
tail	0x8f6cf	108	300	0xb6c36	7	7
tail	0x7ecd0	29,30	48	0x82477	7	3
tail	0xa35dd	210	354	0xc2241	7	5
tail	0x922c1	124	90	0x8b334	7	3
tail	0x8cc7f	98,99	256	0xad849	7	4
tail	0xb540d	291	17	0x7bae9	7	4
tail	0x9af16	168	154	0x97ce6	7	5
tail	0xb1545	273	340	0xbf435	7	5
tail	0xadbfa	256	291	0xb4edd	7	3
tail	0xc1923	349	18	0x7be9b	7	4
tail	0x96915	146	3	0x78c77	7	4
tail	0xa9cf4	239	282	0xb3128	7	4
tail	0xb68ff	297	273	0xb11ca	7	5
tail	0xc1923	349	292	0xb540f	7	5
tail	0x9bd8c	173	330	0xbc9b8	7	3
tail	0x8f6cf	108	292	0xb540f	7	3
tail	0xa062e	198	105	0x8e6b4	7	5
tail	0xa1936	202,203	154	0x97ce6	7	5
tail	0xadbfa	256	350	0xc1926	7	3
tail	0xb68ff	297	292	0xb540f	7	3
tail	0x980a9	154	269	0xb045b	7	4
tail	0xb68ff	297	48	0x82477	7	3
tail	0x922c1	124	168	0x9aa83	7	6
tail	0xb3125	281	307	0xb8064	7	4
tail	0x8eb77	105	273	0xb11ca	7	2
tail	0xa0068	194,195,196	320	0xbada5	7	5
tail	0xa1936	202,203	273	0xb11ca	7	5
tail	0x9cf2f	179	307	0xb8064	7	4
tail	0xad329	252,253	90	0x8b334	7	3
tail	0xc240d	353,354	30	0x7e849	7	3
tail	0xb68ff	297	88	0x8aa14	7	2
tail	0xbec0b	336	352	0xc1ec4	7	2
tail	0x7c308	18	151	0x97311	7	2
tail	0xa0a9c	199	146	0x96407	7	3
tail	0x9dcab	185	52	0x833c7	7	3
tail	0xae32f	258	70	0x8610e	7	2
tail	0x92f1f	128	168	0x9aa83	7	5
tail	0x922c1	124	292	0xb540f	7	2
tail	0x7e7ca	28	151	0x97311	7	2
tail	0x9bd8c	173	90	0x8b334	7	4
tail	0x99026	157	146	0x96407	7	2
tail	0xc1409	348	257	0xadbfd	7	2
tail	0x7be98	17	90	0x8b334	7	3
tail	0xb2db4	280	173	0x9ba74	7	2
tail	0xc240d	353,354	322	0xbb3c9	7	2
tail	0xa4df4	216,217	108	0x8f24b	7	5
tail	0xb360f	282	317	0xba1e2	7	4
tail	0xb3799	283	157	0x98a9a	7	7
tail	0x97689	151	352	0xc1ec4	7	2
tail	0xa646d	222	347	0xc088d	7	3
tail	0xa062e	198	17	0x7bae9	7	3
tail	0x91067	119	258	0xadf2c	7	7
tail	0xc1d46	350	337	0xbec0e	7	3
tail	0x7e7ca	28	281	0xb2db6	7	2
tail	0xb3125	281	30	0x7e849	7	2
tail	0x9634f	145	165	0x9a24c	6	3
tail	0xb3799	283	121	0x91379	6	3
tail	0xa646d	222	114	0x90319	6	3
tail	0xc0532	345	79	0x885b0	6	2
tail	0xa1936	202,203	121	0x91379	6	3
tail	0x7be98	17	220	0xa522e	6	3
tail	0xbf126	337	179	0x9ca8d	6	2
tail	0xc0532	345	3	0x78c77	6	3
tail	0xad766	254	172	0x9b68a	6	2
tail	0xaeda0	260	268	0xb0007	6	3
tail	0xc240d	353,354	215	0xa4609	6	5
tail	0xa646d	222	258	0xadf2c	6	4
tail	0x9ba72	172	30	0x7e849	6	5
tail	0x99757	160	65	0x85371	6	4
tail	0x859f9	66	128	0x9299b	6	2
tail	0x9170b	121	189	0x9e7af	6	5
tail	0xbdd16	333	254	0xad32c	6	5
tail	0xb0458	268	37	0x80685	6	4
tail	0xc1d46	350	18	0x7be9b	6	5
tail	0xc1ec2	351	203	0xa1484	6	5
tail	0xbf886	340	322	0xbb3c9	6	4
tail	0x9b687	171	203	0xa1484	6	6
tail	0xb68ff	297	300	0xb6c36	6	6
tail	0x9170b	121	269	0xb045b	6	6
tail	0x91e7f	123	278	0xb2342	6	6
tail	0x8281e	48	291	0xb4edd	6	3
tail	0xa4a5e	215	200	0xa0a9e	6	4
tail	0xa062e	198	48	0x82477	6	5
tail	0x8f6cf	108	350	0xc1926	6	6
tail	0xc21c0	352	222	0xa5f3c	6	3
tail	0xbd8ad	332	333	0xbd8af	6	6
tail	0x96915	146	203	0xa1484	6	6
tail	0x96915	146	185	0x9d964	6	5
tail	0x9ba72	172	70	0x8610e	6	4
tail	0x7ca96	20	264	0xaf4cf	6	6
tail	0x951c0	139,140	268	0xb0007	6	6
tail	0x9ba72	172	253	0xacfb1	6	4
tail	0x7ecd0	29,30	220	0xa522e	6	6
tail	0x9a46b	165	297	0xb64d7	6	3
tail	0x859f9	66	122	0x9170d	6	2
tail	0xc1d46	350	168	0x9aa83	6	3
tail	0xabc56	246	354	0xc2241	6	6
tail	0xb593d	292	124	0x91e81	6	3
tail	0x8173b	42	310	0xb8556	6	6
tail	0xbf126	337	125	0x922c4	6	4
tail	0xb708a	299,300	28	0x7e390	6	3
tail	0x8129b	40	185	0x9d964	6	6
tail	0x8281e	48	90	0x8b334	6	4
tail	0x8b6db	90	239	0xa991e	6	2
tail	0xa0a9c	199	291	0xb4edd	6	4
tail	0xb540d	291	3	0x78c77	6	3
tail	0x8b6db	90	48	0x82477	6	3
tail	0xbcfc5	330	239	0xa991e	6	4
tail	0xadf29	257	260	0xae90b	6	5
tail	0xbb6e3	321,322	90	0x8b334	6	3
tail	0xadbfa	256	239	0xa991e	6	5
tail	0x8536e	64	192	0x9f00a	6	4
tail	0xad329	252,253	281	0xb2db6	6	4
tail	0xc21c0	352	291	0xb4edd	6	3
tail	0x8b6db	90	301	0xb708d	6	3
tail	0x99757	160	17	0x7bae9	6	3
tail	0xb360f	282	185	0x9d964	6	3
tail	0x859f9	66	30	0x7e849	6	6
tail	0x9dcab	185	319	0xba72f	6	6
tail	0xa062e	198	165	0x9a24c	6	6
tail	0x7c308	18	90	0x8b334	6	5
tail	0xb837a	307	79	0x885b0	6	5
tail	0x92f1f	128	172	0x9b68a	6	5
tail	0x7be98	17	83	0x8947b	6	4
tail	0xad766	254	215	0xa4609	6	4
tail	0x8b026	88	256	0xad849	6	3
tail	0x9e07a	186	173	0x9ba74	6	2
tail	0x8bcec	92	319	0xba72f	6	2
tail	0xb360f	282	200	0xa0a9e	6	4
tail	0x8f6cf	108	92	0x8b8cb	6	4
tail	0x951c0	139,140	237	0xa8e1f	6	4
tail	0xadf29	257	300	0xb6c36	6	6
tail	0xc0d7b	347	140	0x94e5a	6	2
tail	0xc21c0	352	17	0x7bae9	6	3
tail	0xc21c0	352	105	0x8e6b4	6	3
tail	0xae32f	258	121	0x91379	6	3
tail	0x7c308	18	292	0xb540f	6	3
tail	0xba680	317	239	0xa991e	6	3
tail	0x96eb1	148	257	0xadbfd	6	2
tail	0xa1936	202,203	345	0xc02e4	6	6
tail	0xb593d	292	345	0xc02e4	6	2
tail	0xc0532	345	282	0xb3128	6	2
tail	0xa062e	198	322	0xbb3c9	6	3
tail	0x99026	157	348	0xc0d7d	6	2
tail	0xa0a9c	199	128	0x9299b	6	4
tail	0xa35dd	210	171	0x9b4b3	6	6
tail	0x81b7c	43	273	0xb11ca	6	6
tail	0x99757	160	317	0xba1e2	6	4
tail	0xb837a	307	349	0xc140b	6	2
tail	0x9bd8c	173	17	0x7bae9	6	3
tail	0x9bd8c	173	222	0xa5f3c	6	3
tail	0xa646d	222	307	0xb8064	6	3
tail	0xa0dc7	200	151	0x97311	6	2
tail	0x8bcec	92	83	0x8947b	6	3
tail	0x7be98	17	140	0x94e5a	6	3
tail	0x7ecd0	29,30	268	0xb0007	6	4
tail	0x7e7ca	28	282	0xb3128	6	5
tail	0xb625a	295	350	0xc1926	6	6
tail	0x7e7ca	28	125	0x922c4	6	3
tail	0xa062e	198	292	0xb540f	6	3
tail	0xb593d	292	349	0xc140b	6	3
tail	0x951c0	139,140	330	0xbc9b8	6	4
tail	0xb837a	307	260	0xae90b	6	5
tail	0xc240d	353,354	154	0x97ce6	6	2
tail	0xbd8ad	332	349	0xc140b	6	3
tail	0xc1923	349	199	0xa0631	6	3
tail	0x7c308	18	330	0xbc9b8	6	4
tail	0xa9cf4	239	105	0x8e6b4	6	2
tail	0x97689	151	160	0x994cf	6	2
tail	0xc0532	345	186	0x9dcae	6	2
tail	0x99757	160	105	0x8e6b4	6	2
tail	0x92612	125	246	0xab427	6	3
tail	0x9d961	184	311	0xb86f8	6	6
tail	0xbf886	340	222	0xa5f3c	6	4
tail	0x9dcab	185	208	0xa2361	6	4
tail	0x9ba72	172	208	0xa2361	6	4
tail	0x81b7c	43	260	0xae90b	6	4
tail	0xa1936	202,203	322	0xbb3c9	6	5
tail	0x8281e	48	254	0xad32c	6	2
tail	0x9ba72	172	320	0xbada5	6	5
tail	0xb3125	281	330	0xbc9b8	6	3
tail	0xbb6e3	321,322	83	0x8947b	6	2
tail	0x8bcec	92	297	0xb64d7	6	6
tail	0xa2933	208	347	0xc088d	6	3
tail	0xc1923	349	49	0x82820	6	2
tail	0x859f9	66	17	0x7bae9	6	2
tail	0xbcfc5	330	28	0x7e390	6	3
tail	0x91e7f	123	311	0xb86f8	6	6
tail	0x7e7ca	28	122	0x9170d	6	2
tail	0x90893	113,114	179	0x9ca8d	6	2
tail	0xa2933	208	157	0x98a9a	6	3
tail	0xbb6e3	321,322	269	0xb045b	6	6
tail	0x8536e	64	179	0x9ca8d	6	4
tail	0x859f9	66	105	0x8e6b4	6	2
tail	0x9af16	168	348	0xc0d7d	6	1
tail	0x8eb77	105	300	0xb6c36	6	1
tail	0xae32f	258	186	0x9dcae	6	1
tail	0xb3125	281	350	0xc1926	6	1
tail	0xc1d46	350	280	0xb2661	6	1
tail	0x81b7c	43	151	0x97311	6	1
tail	0xa4a5e	215	281	0xb2db6	6	1
tail	0x7ecd0	29,30	105	0x8e6b4	6	1
tail	0x8eb77	105	131	0x937d0	6	1
tail	0xc1923	349	225	0xa6af9	6	1
tail	0xa6e53	225	144	0x95887	6	1
dispatch	0xc80b9		86	0x8a37f	5	2
tail	0x859f9	66	99	0x8c99a	5	2
tail	0x9bd8c	173	128	0x9299b	5	2
tail	0x7e7ca	28	17	0x7bae9	5	2
tail	0x99b3a	161	195	0x9fb50	5	2
tail	0x980a9	154	43	0x8173d	5	4
tail	0x9170b	121	18	0x7be9b	5	4
tail	0xc240d	353,354	66	0x855ff	5	4
tail	0xa0068	194,195,196	200	0xa0a9e	5	2
tail	0xc240d	353,354	172	0x9b68a	5	3
tail	0xbdd16	333	322	0xbb3c9	5	4
tail	0xc0d7b	347	146	0x96407	5	3
tail	0xc1d46	350	83	0x8947b	5	4
tail	0x7ecd0	29,30	79	0x885b0	5	4
tail	0xc0532	345	83	0x8947b	5	4
tail	0xc0532	345	319	0xba72f	5	4
tail	0xa646d	222	3	0x78c77	5	2
tail	0xb1545	273	114	0x90319	5	4
tail	0xc0532	345	337	0xbec0e	5	4
tail	0xaeda0	260	269	0xb045b	5	4
tail	0xb625a	295	273	0xb11ca	5	4
tail	0xc1d46	350	49	0x82820	5	4
tail	0x7ca96	20	299	0xb6bba	5	2
tail	0xa062e	198	273	0xb11ca	5	5
tail	0xb360f	282	124	0x91e81	5	2
tail	0x8281e	48	154	0x97ce6	5	5
tail	0xad766	254	333	0xbd8af	5	2
tail	0x99b3a	161	278	0xb2342	5	5
tail	0xaeeff	261	28	0x7e390	5	5
tail	0x9c08c	174	321	0xbb1dd	5	2
tail	0xc1ec2	351	347	0xc088d	5	5
tail	0x95b59	143,144	354	0xc2241	5	5
tail	0xc1409	348	160	0x994cf	5	3
tail	0x99757	160	171	0x9b4b3	5	5
tail	0xc1409	348	173	0x9ba74	5	2
tail	0x9bd8c	173	146	0x96407	5	2
tail	0xaeda0	260	185	0x9d964	5	3
tail	0x91e7f	123	356	0xc291a	5	5
tail	0xb708a	299,300	157	0x98a9a	5	3
tail	0x81b7c	43	121	0x91379	5	5
tail	0x95b59	143,144	128	0x9299b	5	5
tail	0xc1d46	350	269	0xb045b	5	5
tail	0x9b687	171	189	0x9e7af	5	5
tail	0x922c1	124	203	0xa1484	5	5
tail	0x7ecd0	29,30	90	0x8b334	5	4
tail	0x8eb77	105	254	0xad32c	5	2
tail	0xad766	254	291	0xb4edd	5	3
tail	0x8eb77	105	281	0xb2db6	5	4
tail	0xc1923	349	215	0xa4609	5	4
tail	0x9ba72	172	300	0xb6c36	5	4
tail	0x7be98	17	317	0xba1e2	5	2
tail	0xa9cf4	239	122	0x9170d	5	2
tail	0x9eac9	189	217	0xa4b11	5	2
tail	0x9170b	121	199	0xa0631	5	3
tail	0x96915	146	347	0xc088d	5	2
tail	0xb3125	281	79	0x885b0	5	3
tail	0xbec0b	336	144	0x95887	5	2
tail	0xa4a5e	215	292	0xb540f	5	3
tail	0xb593d	292	281	0xb2db6	5	3
tail	0x99757	160	302	0xb7586	5	2
tail	0xadbfa	256	282	0xb3128	5	4
tail	0x9c3f4	175,176	69	0x85f24	5	2
tail	0x8b6db	90	52	0x833c7	5	2
tail	0x95b59	143,144	349	0xc140b	5	4
tail	0x9b687	171	154	0x97ce6	5	2
tail	0x8f6cf	108	65	0x85371	5	3
tail	0xb1545	273	269	0xb045b	5	3
tail	0x951c0	139,140	220	0xa522e	5	5
tail	0xb540d	291	154	0x97ce6	5	4
tail	0xb1545	273	189	0x9e7af	5	5
tail	0xbe55b	334	171	0x9b4b3	5	5
tail	0xbcfc5	330	90	0x8b334	5	5
tail	0xb0458	268	222	0xa5f3c	5	2
tail	0xaeda0	260	92	0x8b8cb	5	2
tail	0x8bcec	92	322	0xbb3c9	5	2
tail	0xb0458	268	179	0x9ca8d	5	2
tail	0x96915	146	301	0xb708d	5	3
tail	0xb1545	273	237	0xa8e1f	5	2
tail	0xba680	317	292	0xb540f	5	3
tail	0x9af16	168	208	0xa2361	5	2
tail	0x980a9	154	347	0xc088d	5	5
tail	0x9a46b	165	43	0x8173d	5	5
tail	0x9af16	168	300	0xb6c36	5	5
tail	0xbb6e3	321,322	172	0x9b68a	5	3
tail	0xbd8ad	332	291	0xb4edd	5	2
tail	0xa9cf4	239	52	0x833c7	5	2
tail	0xc21c0	352	332	0xbd36d	5	5
tail	0x8281e	48	3	0x78c77	5	2
tail	0xc1923	349	345	0xc02e4	5	3
tail	0x9cf2f	179	28	0x7e390	5	3
tail	0xbb6e3	321,322	301	0xb708d	5	3
tail	0x8f6cf	108	62	0x84aa3	5	3
tail	0x992ca	158	78	0x883c0	5	1
tail	0xb360f	282	240	0xa9cf7	5	1
tail	0xa9ff7	240	173	0x9ba74	5	1
tail	0xb1545	273	83	0x8947b	5	5
tail	0xb708a	299,300	199	0xa0631	5	4
tail	0xb360f	282	307	0xb8064	5	3
tail	0xb540d	291	220	0xa522e	5	4
tail	0xc1923	349	185	0x9d964	5	3
tail	0xbcfc5	330	83	0x8947b	5	5
tail	0xa4a5e	215	192	0x9f00a	5	5
tail	0x8eb77	105	297	0xb64d7	5	1
tail	0xc1ec2	351	239	0xa991e	5	2
tail	0xadbfa	256	105	0x8e6b4	5	2
tail	0x9dcab	185	105	0x8e6b4	5	2
tail	0xba680	317	345	0xc02e4	5	2
tail	0xb1545	273	79	0x885b0	5	2
tail	0xa0068	194,195,196	319	0xba72f	5	3
tail	0xbcfc5	330	79	0x885b0	5	5
tail	0x8129b	40	347	0xc088d	5	5
tail	0x8cc7f	98,99	144	0x95887	5	5
tail	0x8129b	40	258	0xadf2c	5	5
tail	0x9dcab	185	200	0xa0a9e	5	5
tail	0x7be98	17	350	0xc1926	5	4
tail	0x8eb77	105	122	0x9170d	5	1
tail	0xc1923	349	350	0xc1926	5	2
tail	0x980a9	154	282	0xb3128	5	2
tail	0xb68ff	297	208	0xa2361	5	2
tail	0xb3125	281	48	0x82477	5	2
tail	0xb1545	273	301	0xb708d	5	5
tail	0xc1923	349	140	0x94e5a	5	3
tail	0xa062e	198	208	0xa2361	5	3
tail	0x98351	155	258	0xadf2c	5	1
tail	0xa0068	194,195,196	187	0x9e07d	5	1
tail	0x9e333	187	173	0x9ba74	5	1
tail	0x7c308	18	201	0xa0dca	5	2
tail	0xb837a	307	330	0xbc9b8	5	3
tail	0x9bd8c	173	308	0xb837c	5	2
tail	0x8f6cf	108	354	0xc2241	5	5
tail	0xa062e	198	128	0x9299b	5	4
tail	0x8281e	48	124	0x91e81	5	2
tail	0x9a46b	165	121	0x91379	5	1
tail	0xa1936	202,203	148	0x96b6e	5	1
tail	0x7e7ca	28	348	0xc0d7d	5	1
tail	0xb593d	292	322	0xbb3c9	5	1
tail	0x859f9	66	186	0x9dcae	5	1
tail	0x859f9	66	74	0x86d43	5	1
tail	0x873fa	74	352	0xc1ec4	5	1
tail	0x8b6db	90	74	0x86d43	5	1
tail	0x9dcab	185	153	0x979ab	5	1
tail	0x97ce3	153	144	0x95887	5	1
tail	0xad766	254	330	0xbc9b8	5	4
tail	0xa0dc7	200	172	0x9b68a	5	3
tail	0xb837a	307	37	0x80685	5	4
tail	0xb3125	281	336	0xbe8cd	5	2
tail	0x859f9	66	90	0x8b334	5	3
tail	0xc1d46	350	105	0x8e6b4	5	3
tail	0xb3125	281	297	0xb64d7	5	3
tail	0xc0532	345	151	0x97311	5	1
tail	0x7be98	17	30	0x7e849	5	1
tail	0xbf886	340	186	0x9dcae	5	1
tail	0x7c308	18	280	0xb2661	5	1
tail	0xc1923	349	322	0xbb3c9	5	1
tail	0x7be98	17	280	0xb2661	5	1
tail	0xb2db4	280	256	0xad849	5	1
tail	0x8b6db	90	153	0x979ab	5	1
tail	0x97ce3	153	173	0x9ba74	5	1
tail	0xb837a	307	281	0xb2db6	5	1
tail	0x96915	146	64	0x85059	5	2
tail	0x9b687	171	30	0x7e849	5	3
tail	0x92f1f	128	18	0x7be9b	5	3
tail	0x9b687	171	258	0xadf2c	5	5
tail	0xc1923	349	297	0xb64d7	5	2
tail	0x96915	146	333	0xbd8af	5	3
tail	0xadf29	257	121	0x91379	5	2
tail	0x9a46b	165	307	0xb8064	5	5
tail	0xb593d	292	291	0xb4edd	5	2
tail	0xb3125	281	200	0xa0a9e	5	2
tail	0x95b59	143,144	65	0x85371	5	2
tail	0x92f1f	128	131	0x937d0	5	1
tail	0xb593d	292	300	0xb6c36	5	1
tail	0x95b59	143,144	317	0xba1e2	5	1
tail	0xa0068	194,195,196	179	0x9ca8d	4	1
tail	0x9bd8c	173	250	0xac802	4	1
tail	0xb68ff	297	242	0xaa87d	4	1
tail	0xc1d46	350	196	0x9fbcd	4	1
tail	0x992ca	158	311	0xb86f8	4	1
tail	0xaeda0	260	49	0x82820	4	3
tail	0xb625a	295	254	0xad32c	4	3
tail	0xb68ff	297	128	0x9299b	4	2
tail	0xbcfc5	330	269	0xb045b	4	3
tail	0xb3799	283	273	0xb11ca	4	3
tail	0xad766	254	220	0xa522e	4	3
tail	0x9170b	121	347	0xc088d	4	3
tail	0x8a49b	86	169	0x9af18	4	4
tail	0xa4a5e	215	92	0x8b8cb	4	4
tail	0x9170b	121	43	0x8173d	4	4
tail	0x91067	119	66	0x855ff	4	4
tail	0xb1545	273	172	0x9b68a	4	4
tail	0xb625a	295	347	0xc088d	4	4
tail	0xb3799	283	172	0x9b68a	4	4
tail	0xa0dc7	200	48	0x82477	4	2
tail	0x92f1f	128	340	0xbf435	4	3
tail	0x96915	146	340	0xbf435	4	4
tail	0xaeda0	260	157	0x98a9a	4	4
tail	0x99026	157	208	0xa2361	4	2
tail	0xb68ff	297	222	0xa5f3c	4	3
tail	0xaeeff	261	340	0xbf435	4	4
tail	0xad766	254	268	0xb0007	4	4
tail	0x7ecd0	29,30	297	0xb64d7	4	3
tail	0x8536e	64	222	0xa5f3c	4	4
tail	0xb708a	299,300	43	0x8173d	4	4
tail	0xad766	254	157	0x98a9a	4	4
tail	0x9ba72	172	130	0x931d3	4	1
tail	0x937cd	130	144	0x95887	4	1
tail	0xadbfa	256	302	0xb7586	4	1
tail	0xb7699	302	354	0xc2241	4	1
tail	0xb1545	273	268	0xb0007	4	4
tail	0x9d961	184	195	0x9fb50	4	4
tail	0xb68ff	297	146	0x96407	4	4
tail	0xb3799	283	66	0x855ff	4	4
tail	0x980a9	154	64	0x85059	4	4
tail	0x87c25	75	354	0xc2241	4	4
tail	0xb708a	299,300	307	0xb8064	4	4
tail	0xa0dc7	200	70	0x8610e	4	4
tail	0xb625a	295	337	0xbec0e	4	4
tail	0xbd8ad	332	168	0x9aa83	4	4
tail	0xb3799	283	165	0x9a24c	4	4
tail	0xbcfc5	330	3	0x78c77	4	4
tail	0xbb6e3	321,322	196	0x9fbcd	4	4
tail	0x9dcab	185	48	0x82477	4	4
tail	0x8281e	48	301	0xb708d	4	2
tail	0x9e07a	186	160	0x994cf	4	2
tail	0x92f1f	128	337	0xbec0e	4	2
tail	0x859f9	66	48	0x82477	4	2
tail	0xbcfc5	330	185	0x9d964	4	2
tail	0xc1d46	350	28	0x7e390	4	2
tail	0xbd8ad	332	281	0xb2db6	4	2
tail	0xc0d7b	347	237	0xa8e1f	4	3
tail	0x95b59	143,144	105	0x8e6b4	4	2
tail	0x8eb77	105	66	0x855ff	4	4
tail	0xb540d	291	273	0xb11ca	4	3
tail	0x9bd8c	173	171	0x9b4b3	4	4
tail	0x8b6db	90	122	0x9170d	4	1
tail	0x859f9	66	222	0xa5f3c	4	2
tail	0xaeda0	260	349	0xc140b	4	2
tail	0x8b6db	90	18	0x7be9b	4	2
tail	0xa4a5e	215	48	0x82477	4	2
tail	0x90893	113,114	320	0xbada5	4	4
tail	0xaeeff	261	307	0xb8064	4	4
tail	0xad329	252,253	157	0x98a9a	4	4
tail	0x7be98	17	215	0xa4609	4	3
tail	0x9dcab	185	320	0xbada5	4	3
tail	0x8b6db	90	215	0xa4609	4	4
tail	0x97689	151	144	0x95887	4	1
tail	0x7be98	17	260	0xae90b	4	1
tail	0x8bcec	92	199	0xa0631	4	1
tail	0xb837a	307	186	0x9dcae	4	1
tail	0x8bcec	92	74	0x86d43	4	1
tail	0xbdd16	333	148	0x96b6e	4	1
tail	0xbb6e3	321,322	18	0x7be9b	4	1
tail	0xb593d	292	74	0x86d43	4	1
tail	0x873fa	74	198	0xa037e	4	1
tail	0xb3125	281	56	0x83e76	4	1
tail	0x841f6	56	108	0x8f24b	4	1
tail	0xb68ff	297	105	0x8e6b4	4	3
tail	0x7c308	18	122	0x9170d	4	2
tail	0x8f6cf	108	322	0xbb3c9	4	3
tail	0xc1923	349	307	0xb8064	4	3
tail	0xb837a	307	292	0xb540f	4	3
tail	0xb593d	292	220	0xa522e	4	2
tail	0xb68ff	297	330	0xbc9b8	4	2
tail	0xa9cf4	239	79	0x885b0	4	4
tail	0xa4a5e	215	122	0x9170d	4	2
tail	0xa0068	194,195,196	332	0xbd36d	4	4
tail	0x9cf2f	179	168	0x9aa83	4	2
tail	0xbb6e3	321,322	307	0xb8064	4	2
tail	0xadf29	257	17	0x7bae9	4	2
tail	0x7be98	17	307	0xb8064	4	2
tail	0xc0532	345	269	0xb045b	4	2
tail	0x99757	160	165	0x9a24c	4	2
tail	0xc1ec2	351	215	0xa4609	4	4
tail	0x9d24a	181	28	0x7e390	4	4
tail	0xb837a	307	88	0x8aa14	4	1
tail	0xa4a5e	215	291	0xb4edd	4	1
tail	0x92f1f	128	43	0x8173d	4	4
tail	0x9eac9	189	350	0xc1926	4	4
tail	0x9a46b	165	172	0x9b68a	4	4
tail	0xb360f	282	297	0xb64d7	4	4
tail	0xbd8ad	332	268	0xb0007	4	3
tail	0x7ecd0	29,30	28	0x7e390	4	4
tail	0x8b6db	90	253	0xacfb1	4	3
tail	0x8b6db	90	282	0xb3128	4	3
tail	0xb625a	295	322	0xbb3c9	4	2
tail	0xad329	252,253	105	0x8e6b4	4	2
tail	0xba680	317	105	0x8e6b4	4	4
tail	0xaeda0	260	330	0xbc9b8	4	2
tail	0xb360f	282	49	0x82820	4	1
tail	0x8536e	64	336	0xbe8cd	4	1
tail	0xae32f	258	336	0xbe8cd	4	1
tail	0xa1936	202,203	87	0x8a49e	4	1
tail	0x8aa11	87	257	0xadbfd	4	1
tail	0xaeda0	260	267	0xafa1f	4	1
tail	0xb0005	267	144	0x95887	4	1
tail	0xad329	252,253	190	0x9eacb	4	1
tail	0xb837a	307	87	0x8a49e	4	1
tail	0x8aa11	87	108	0x8f24b	4	1
tail	0xbb6e3	321,322	268	0xb0007	4	1
tail	0xbf886	340	214	0xa3fe9	4	1
tail	0xa4606	214	257	0xadbfd	4	1
tail	0xc0d7b	347	148	0x96b6e	4	1
tail	0x99026	157	231	0xa799b	4	1
tail	0xa7ef6	231	198	0xa037e	4	1
tail	0x8eb77	105	332	0xbd36d	4	1
tail	0x9bd8c	173	208	0xa2361	4	1
tail	0x859f9	66	190	0x9eacb	4	1
tail	0x9ba72	172	74	0x86d43	4	1
tail	0xb68ff	297	281	0xb2db6	4	1
tail	0xbb6e3	321,322	199	0xa0631	4	4
tail	0xc0532	345	199	0xa0631	4	4
tail	0xa0a9c	199	349	0xc140b	4	4
tail	0xc1d46	350	282	0xb3128	4	2
tail	0xba680	317	185	0x9d964	4	2
tail	0x9cf2f	179	201	0xa0dca	4	1
tail	0xa13d3	201	160	0x994cf	4	1
tail	0x9170b	121	282	0xb3128	4	1
tail	0x99026	157	336	0xbe8cd	4	1
tail	0x8536e	64	190	0x9eacb	4	1
tail	0x9ede7	190	144	0x95887	4	1
tail	0x8bcec	92	348	0xc0d7d	4	1
tail	0x7c308	18	336	0xbe8cd	4	1
tail	0xa0068	194,195,196	87	0x8a49e	4	1
tail	0x8aa11	87	256	0xad849	4	1
tail	0x9170b	121	36	0x800a1	4	1
tail	0x80682	36	108	0x8f24b	4	1
tail	0xa9cf4	239	313	0xb8b42	4	1
tail	0xb8fcc	313	352	0xc1ec4	4	1
tail	0x7c308	18	13	0x7aee8	4	1
tail	0x7b3bb	13	256	0xad849	4	1
tail	0xbf886	340	148	0x96b6e	4	1
tail	0x96eb1	148	108	0x8f24b	4	1
tail	0xb708a	299,300	221	0xa5889	4	1
tail	0xa5f3a	221	256	0xad849	4	1
tail	0x8eb77	105	121	0x91379	4	1
tail	0x9170b	121	349	0xc140b	4	1
tail	0x8536e	64	148	0x96b6e	4	1
tail	0xb837a	307	131	0x937d0	4	1
tail	0xb708a	299,300	92	0x8b8cb	4	1
tail	0x8281e	48	200	0xa0a9e	4	1
tail	0x89478	82	217	0xa4b11	4	3
tail	0xad766	254	43	0x8173d	4	4
tail	0xb68ff	297	154	0x97ce6	4	4
tail	0xb1545	273	292	0xb540f	4	2
tail	0x8eb77	105	345	0xc02e4	4	2
tail	0xc0532	345	281	0xb2db6	4	2
tail	0xb540d	291	350	0xc1926	4	2
tail	0x99026	157	350	0xc1926	4	4
tail	0x93f76	131	160	0x994cf	4	2
tail	0xbd8ad	332	37	0x80685	4	1
tail	0xc0d7b	347	280	0xb2661	4	1
tail	0xb3125	281	254	0xad32c	4	1
tail	0x7be98	17	349	0xc140b	4	1
tail	0xbe55b	334	165	0x9a24c	4	4
tail	0x980a9	154	172	0x9b68a	4	4
tail	0xa0a9c	199	260	0xae90b	4	4
tail	0xbcfc5	330	154	0x97ce6	4	4
tail	0xbcfc5	330	253	0xacfb1	4	2
tail	0xb837a	307	105	0x8e6b4	4	3
tail	0x8eb77	105	49	0x82820	4	3
tail	0xb540d	291	124	0x91e81	4	3
tail	0xb708a	299,300	49	0x82820	4	4
tail	0xc1923	349	300	0xb6c36	4	2
tail	0xa646d	222	215	0xa4609	4	1
tail	0x9ba72	172	148	0x96b6e	4	1
tail	0xbcfc5	330	237	0xa8e1f	4	1
tail	0x951c0	139,140	281	0xb2db6	4	2
tail	0x951c0	139,140	336	0xbe8cd	4	1
tail	0xa2933	208	280	0xb2661	4	1
tail	0xa646d	222	64	0x85059	4	1
tail	0xa0a9c	199	151	0x97311	4	1
tail	0x8eb77	105	199	0xa0631	4	1
tail	0xb3125	281	131	0x937d0	4	1
tail	0xa0dc7	200	336	0xbe8cd	4	1
tail	0xbec0b	336	198	0xa037e	4	1
tail	0xa13d3	201	144	0x95887	4	1
tail	0xb3125	281	359	0xc3406	4	1
tail	0xc3716	359	108	0x8f24b	4	1
tail	0xa9cf4	239	317	0xba1e2	4	1
tail	0xadf29	257	208	0xa2361	4	2
tail	0x873fa	74	173	0x9ba74	4	3
tail	0xad766	254	340	0xbf435	4	4
tail	0xa0a9c	199	282	0xb3128	4	2
tail	0xba680	317	332	0xbd36d	4	2
tail	0xb625a	295	340	0xbf435	4	4
tail	0x99026	157	79	0x885b0	4	4
tail	0xb625a	295	18	0x7be9b	4	4
tail	0x8281e	48	322	0xbb3c9	4	2
tail	0x9bd8c	173	317	0xba1e2	4	2
tail	0xaeda0	260	17	0x7bae9	4	3
tail	0x8b6db	90	292	0xb540f	4	3
tail	0x8f6cf	108	291	0xb4edd	4	2
tail	0x951c0	139,140	157	0x98a9a	4	3
tail	0xc240d	353,354	332	0xbd36d	4	4
tail	0x8eb77	105	52	0x833c7	4	1
tail	0x99757	160	179	0x9ca8d	4	2
tail	0x9a46b	165	200	0xa0a9e	4	1
tail	0xac43d	248	168	0x9aa83	4	1
tail	0xbb6e3	321,322	52	0x833c7	4	1
tail	0x8371b	52	189	0x9e7af	4	1
tail	0xc0d7b	347	125	0x922c4	4	1
tail	0x855fc	65	18	0x7be9b	4	2
tail	0x7ecd0	29,30	347	0xc088d	4	2
tail	0x855fc	65	253	0xacfb1	4	1
tail	0x980a9	154	122	0x9170d	4	1
tail	0x91a57	122	340	0xbf435	4	1
tail	0x9c08c	174	50	0x82e76	4	1
tail	0x9dcab	185	350	0xc1926	4	2
tail	0x92612	125	18	0x7be9b	4	2
tail	0xaab67	242	334	0xbdd18	4	4
tail	0x9634f	145	171	0x9b4b3	4	4
tail	0xc1ec2	351	300	0xb6c36	3	2
tail	0x99757	160	222	0xa5f3c	3	2
tail	0xa646d	222	18	0x7be9b	3	2
tail	0x7c308	18	208	0xa2361	3	2
tail	0xa2933	208	83	0x8947b	3	2
tail	0x980a9	154	157	0x98a9a	3	2
tail	0xc1ec2	351	307	0xb8064	3	2
tail	0xa062e	198	222	0xa5f3c	3	2
tail	0x95b59	143,144	248	0xac110	3	2
tail	0xc0532	345	49	0x82820	3	2
tail	0xa0dc7	200	269	0xb045b	3	2
tail	0xc21c0	352	281	0xb2db6	3	2
tail	0xa9cf4	239	301	0xb708d	3	2
tail	0xadf29	257	248	0xac110	3	2
tail	0xba680	317	121	0x91379	3	2
tail	0xb3799	283	297	0xb64d7	3	3
tail	0xbf126	337	146	0x96407	3	3
tail	0xbcfc5	330	49	0x82820	3	3
tail	0xbd8ad	332	49	0x82820	3	3
tail	0xaeda0	260	66	0x855ff	3	3
tail	0xb625a	295	300	0xb6c36	3	3
tail	0xbb6e3	321,322	258	0xadf2c	3	3
tail	0x99757	160	121	0x91379	3	3
tail	0xc1d46	350	307	0xb8064	3	3
tail	0xbb6e3	321,322	297	0xb64d7	3	3
tail	0xa2933	208	215	0xa4609	3	3
tail	0x980a9	154	340	0xbf435	3	2
tail	0x9c3f4	175,176	80	0x88a58	3	3
tail	0xc1923	349	66	0x855ff	3	3
tail	0xaeda0	260	199	0xa0631	3	3
tail	0xc1ec2	351	332	0xbd36d	3	3
tail	0xb625a	295	165	0x9a24c	3	3
tail	0xb625a	295	215	0xa4609	3	3
tail	0xad766	254	83	0x8947b	3	3
tail	0xaeeff	261	66	0x855ff	3	3
tail	0x92612	125	75	0x873fc	3	3
tail	0x7ecd0	29,30	168	0x9aa83	3	3
tail	0xc1409	348	108	0x8f24b	3	3
tail	0x7ecd0	29,30	3	0x78c77	3	3
tail	0x99757	160	282	0xb3128	3	3
tail	0x8b6db	90	199	0xa0631	3	3
tail	0xad329	252,253	269	0xb045b	3	3
tail	0xadbfa	256	30	0x7e849	3	3
tail	0xa0a9c	199	105	0x8e6b4	3	2
tail	0xba680	317	301	0xb708d	3	3
tail	0x9dcab	185	281	0xb2db6	3	2
tail	0x99757	160	354	0xc2241	3	3
tail	0x9af16	168	179	0x9ca8d	3	2
tail	0xb708a	299,300	90	0x8b334	3	2
tail	0x7be98	17	253	0xacfb1	3	2
tail	0xa1936	202,203	37	0x80685	3	2
tail	0x980a9	154	330	0xbc9b8	3	3
tail	0xbcfc5	330	220	0xa522e	3	3
tail	0xb708a	299,300	79	0x885b0	3	3
tail	0x8b6db	90	297	0xb64d7	3	3
tail	0x9170b	121	281	0xb2db6	3	3
tail	0xadbfa	256	322	0xbb3c9	3	3
tail	0xbcfc5	330	92	0x8b8cb	3	3
tail	0xadbfa	256	165	0x9a24c	3	3
tail	0x9170b	121	237	0xa8e1f	3	1
tail	0xa2933	208	118	0x90c23	3	1
tail	0x90eb9	118	172	0x9b68a	3	1
tail	0xa4df4	216,217	173	0x9ba74	3	1
tail	0xa1936	202,203	94	0x8bd69	3	1
tail	0x8c41a	93,94	160	0x994cf	3	1
tail	0x7be98	17	336	0xbe8cd	3	1
tail	0xb3125	281	237	0xa8e1f	3	1
tail	0xc21c0	352	273	0xb11ca	3	3
tail	0x980a9	154	317	0xba1e2	3	3
tail	0x8bcec	92	66	0x855ff	3	3
tail	0xa0dc7	200	220	0xa522e	3	3
tail	0x8bcec	92	105	0x8e6b4	3	2
tail	0x8f6cf	108	349	0xc140b	3	2
tail	0xc0532	345	105	0x8e6b4	3	2
tail	0xb1545	273	185	0x9d964	3	3
tail	0xb360f	282	28	0x7e390	3	3
tail	0xa646d	222	196	0x9fbcd	3	1
tail	0x8f6cf	108	250	0xac802	3	1
tail	0xacbc3	250	196	0x9fbcd	3	1
tail	0xb837a	307	208	0xa2361	3	1
tail	0xa4a5e	215	88	0x8aa14	3	1
tail	0x8281e	48	186	0x9dcae	3	1
tail	0x90c21	116,117	171	0x9b4b3	3	1
tail	0xc240d	353,354	254	0xad32c	3	3
tail	0x980a9	154	83	0x8947b	3	3
tail	0x992ca	158	356	0xc291a	3	3
tail	0xb360f	282	300	0xb6c36	3	3
tail	0x9dcab	185	148	0x96b6e	3	1
tail	0x8536e	64	208	0xa2361	3	1
tail	0xa062e	198	146	0x96407	3	1
tail	0x8536e	64	348	0xc0d7d	3	1
tail	0xc1409	348	198	0xa037e	3	1
tail	0xb708a	299,300	237	0xa8e1f	3	1
tail	0xb3125	281	154	0x97ce6	3	1
tail	0xa0a9c	199	90	0x8b334	3	1
tail	0x8eb77	105	319	0xba72f	3	1
tail	0xb3125	281	17	0x7bae9	3	2
tail	0xba680	317	297	0xb64d7	3	3
tail	0xa4a5e	215	349	0xc140b	3	3
tail	0xc240d	353,354	333	0xbd8af	3	3
tail	0x8eb77	105	215	0xa4609	3	3
tail	0x8eb77	105	200	0xa0a9e	3	1
tail	0x8bcec	92	253	0xacfb1	3	1
tail	0xb360f	282	52	0x833c7	3	1
tail	0xa4a5e	215	331	0xbcfc8	3	1
tail	0xbd36a	331	99	0x8c99a	3	1
tail	0xc21c0	352	354	0xc2241	3	3
tail	0xc1ec2	351	185	0x9d964	3	3
tail	0x8bcec	92	79	0x885b0	3	3
tail	0xb360f	282	349	0xc140b	3	3
tail	0xc1923	349	83	0x8947b	3	3
tail	0xc21c0	352	330	0xbc9b8	3	3
tail	0xa062e	198	171	0x9b4b3	3	3
tail	0xb3799	283	268	0xb0007	3	3
tail	0x7ecd0	29,30	258	0xadf2c	3	3
tail	0x95b59	143,144	17	0x7bae9	3	3
tail	0x7be98	17	66	0x855ff	3	3
tail	0xb540d	291	83	0x8947b	3	3
tail	0xad329	252,253	330	0xbc9b8	3	3
tail	0xbcfc5	330	301	0xb708d	3	3
tail	0xb593d	292	79	0x885b0	3	3
tail	0x8b6db	90	269	0xb045b	3	3
tail	0xb1545	273	297	0xb64d7	3	2
tail	0xaeda0	260	307	0xb8064	3	3
tail	0xa2933	208	220	0xa522e	3	2
tail	0x8b6db	90	83	0x8947b	3	3
tail	0x8281e	48	199	0xa0631	3	3
tail	0xb625a	295	307	0xb8064	3	3
tail	0x95b59	143,144	165	0x9a24c	3	3
tail	0xb708a	299,300	347	0xc088d	3	3
tail	0xb625a	295	30	0x7e849	3	3
tail	0x7be98	17	3	0x78c77	3	3
tail	0x92f1f	128	269	0xb045b	3	2
tail	0xc1d46	350	201	0xa0dca	3	2
tail	0x980a9	154	292	0xb540f	3	3
tail	0xb360f	282	291	0xb4edd	3	3
tail	0xb3125	281	357	0xc29cf	3	1
tail	0xc2d35	356,357	352	0xc1ec4	3	1
tail	0xadbfa	256	330	0xbc9b8	3	2
tail	0x99757	160	117	0x90acd	3	2
tail	0xb1545	273	17	0x7bae9	3	3
tail	0x99757	160	281	0xb2db6	3	1
tail	0x8eb77	105	185	0x9d964	3	1
tail	0x92f1f	128	99	0x8c99a	3	2
tail	0x96915	146	18	0x7be9b	3	2
tail	0x9ba72	172	131	0x937d0	3	2
tail	0x8eb77	105	307	0xb8064	3	2
tail	0xbd8ad	332	189	0x9e7af	3	3
tail	0x91e7f	123	321	0xbb1dd	3	1
tail	0x922c1	124	48	0x82477	3	1
tail	0xb540d	291	357	0xc29cf	3	1
tail	0xc2d35	356,357	144	0x95887	3	1
tail	0x8b026	88	108	0x8f24b	3	2
tail	0x90eb9	118	208	0xa2361	3	2
tail	0xb360f	282	273	0xb11ca	3	2
tail	0x8b6db	90	350	0xc1926	3	3
tail	0x9170b	121	3	0x78c77	3	3
tail	0xc1923	349	239	0xa991e	3	2
tail	0xaeda0	260	220	0xa522e	3	3
tail	0x9af16	168	94	0x8bd69	3	1
tail	0x9cf2f	179	269	0xb045b	3	1
tail	0x9170b	121	291	0xb4edd	3	1
tail	0x8281e	48	49	0x82820	3	1
tail	0x8f6cf	108	105	0x8e6b4	3	1
tail	0x8eb77	105	253	0xacfb1	3	1
tail	0x95b59	143,144	266	0xaf8af	3	1
tail	0xbd8ad	332	172	0x9b68a	3	3
tail	0xad766	254	269	0xb045b	3	3
tail	0x95b59	143,144	171	0x9b4b3	3	3
tail	0xb708a	299,300	340	0xbf435	3	3
tail	0x980a9	154	220	0xa522e	3	3
tail	0xb68ff	297	140	0x94e5a	3	3
tail	0xc1ec2	351	196	0x9fbcd	3	3
tail	0xab424	245	210	0xa2da3	3	3
tail	0xb360f	282	301	0xb708d	3	3
tail	0xb540d	291	300	0xb6c36	3	2
tail	0xa2933	208	94	0x8bd69	3	1
tail	0xb1545	273	349	0xc140b	3	1
tail	0xb0458	268	336	0xbe8cd	3	1
tail	0x99757	160	48	0x82477	3	1
tail	0xc1923	349	131	0x937d0	3	1
tail	0xa4a5e	215	148	0x96b6e	3	1
tail	0xa4a5e	215	9	0x79da3	3	1
tail	0x7a04c	9	256	0xad849	3	1
tail	0xbcfc5	330	322	0xbb3c9	3	1
tail	0x99757	160	128	0x9299b	3	2
tail	0xc21c0	352	308	0xb837c	3	2
tail	0xa2933	208	82	0x8920e	3	1
tail	0xaeda0	260	280	0xb2661	3	1
tail	0xb625a	295	185	0x9d964	3	2
tail	0xbf886	340	129	0x92f21	3	1
tail	0x931d0	129	66	0x855ff	3	1
tail	0xc1d46	350	74	0x86d43	3	1
tail	0x951c0	139,140	282	0xb3128	3	1
tail	0xb837a	307	336	0xbe8cd	3	1
tail	0x95b59	143,144	302	0xb7586	3	1
tail	0x96915	146	157	0x98a9a	3	2
tail	0x8b6db	90	307	0xb8064	3	2
tail	0x90893	113,114	118	0x90c23	3	3
tail	0xb0458	268	118	0x90c23	3	1
tail	0x90eb9	118	114	0x90319	3	1
tail	0x9cf2f	179	217	0xa4b11	3	1
tail	0x7c308	18	94	0x8bd69	3	1
tail	0xa0a9c	199	48	0x82477	3	1
tail	0x8f6cf	108	308	0xb837c	3	1
tail	0x922c1	124	220	0xa522e	3	1
tail	0xad766	254	125	0x922c4	3	1
tail	0x92612	125	114	0x90319	3	1
tail	0xbf126	337	242	0xaa87d	3	1
tail	0xc240d	353,354	121	0x91379	3	1
tail	0xadf29	257	117	0x90acd	3	1
tail	0xbd8ad	332	301	0xb708d	3	3
tail	0x96915	146	99	0x8c99a	3	2
tail	0x84e1b	62	347	0xc088d	3	1
tail	0x8f6cf	108	128	0x9299b	3	1
tail	0x7ecd0	29,30	43	0x8173d	3	1
tail	0x90893	113,114	125	0x922c4	3	1
tail	0x92612	125	210	0xa2da3	3	1
tail	0xa0dc7	200	90	0x8b334	3	1
tail	0x8b6db	90	319	0xba72f	3	1
tail	0xab424	245	334	0xbdd18	3	3
tail	0x7ecd0	29,30	340	0xbf435	3	3
tail	0xad766	254	185	0x9d964	2	1
tail	0x951c0	139,140	333	0xbd8af	2	1
tail	0x855fc	65	199	0xa0631	2	1
tail	0xac43d	248	189	0x9e7af	2	1
tail	0x7ecd0	29,30	18	0x7be9b	2	1
tail	0x855fc	65	43	0x8173d	2	1
tail	0x9ba72	172	146	0x96407	2	1
tail	0x96915	146	269	0xb045b	2	1
tail	0xb3125	281	300	0xb6c36	2	1
tail	0xbf126	337	222	0xa5f3c	2	1
tail	0x99757	160	62	0x84aa3	2	1
tail	0xac43d	248	157	0x98a9a	2	1
tail	0x8bcec	92	330	0xbc9b8	2	2
tail	0xc1ec2	351	260	0xae90b	2	2
tail	0xb708a	299,300	114	0x90319	2	2
tail	0xc1ec2	351	273	0xb11ca	2	2
tail	0x951c0	139,140	48	0x82477	2	2
tail	0xadf29	257	146	0x96407	2	2
tail	0xb540d	291	122	0x9170d	2	2
tail	0xc1d46	350	340	0xbf435	2	2
tail	0x8bcec	92	301	0xb708d	2	2
tail	0x859f9	66	146	0x96407	2	2
tail	0x7ecd0	29,30	64	0x85059	2	2
tail	0xb3799	283	347	0xc088d	2	2
tail	0x8281e	48	350	0xc1926	2	2
tail	0xb625a	295	121	0x91379	2	2
tail	0x8536e	64	30	0x7e849	2	2
tail	0x9af16	168	242	0xaa87d	2	2
tail	0xb1545	273	157	0x98a9a	2	2
tail	0xba680	317	199	0xa0631	2	2
tail	0x8eb77	105	83	0x8947b	2	2
tail	0xc1d46	350	301	0xb708d	2	2
tail	0x859f9	66	348	0xc0d7d	2	2
tail	0x873fa	74	144	0x95887	2	2
tail	0xbb6e3	321,322	189	0x9e7af	2	2
tail	0x9bd8c	173	165	0x9a24c	2	2
tail	0xadf29	257	292	0xb540f	2	2
tail	0x9ba72	172	209	0xa2935	2	2
tail	0xc21c0	352	171	0x9b4b3	2	2
tail	0xb0458	268	322	0xbb3c9	2	2
tail	0x92f1f	128	189	0x9e7af	2	2
tail	0x90893	113,114	52	0x833c7	2	2
tail	0x8371b	52	28	0x7e390	2	2
tail	0x992ca	158	321	0xbb1dd	2	2
tail	0x99b3a	161	241	0xa9ffa	2	2
tail	0xad766	254	3	0x78c77	2	2
tail	0xa646d	222	168	0x9aa83	2	2
tail	0x91e7f	123	195	0x9fb50	2	2
tail	0xad329	252,253	52	0x833c7	2	2
tail	0xaab67	242	210	0xa2da3	2	2
tail	0xa35dd	210	165	0x9a24c	2	2
tail	0xadbfa	256	92	0x8b8cb	2	2
tail	0x931d0	129	217	0xa4b11	2	2
tail	0xb360f	282	253	0xacfb1	2	2
tail	0xc21c0	352	90	0x8b334	2	2
tail	0x8281e	48	185	0x9d964	2	2
tail	0x922c1	124	3	0x78c77	2	2
tail	0xb540d	291	49	0x82820	2	2
tail	0x951c0	139,140	292	0xb540f	2	2
tail	0xb68ff	297	74	0x86d43	2	2
tail	0x92f1f	128	114	0x90319	2	2
tail	0xa9cf4	239	347	0xc088d	2	2
tail	0xbb6e3	321,322	291	0xb4edd	2	2
tail	0xb3125	281	220	0xa522e	2	2
tail	0xa9cf4	239	90	0x8b334	2	2
tail	0x90893	113,114	186	0x9dcae	2	1
tail	0x9e07a	186	198	0xa037e	2	1
tail	0x9ba72	172	280	0xb2661	2	1
tail	0x8281e	48	83	0x8947b	2	1
tail	0xa1936	202,203	151	0x97311	2	1
tail	0xb593d	292	348	0xc0d7d	2	1
tail	0x7c308	18	186	0x9dcae	2	1
tail	0xb360f	282	348	0xc0d7d	2	1
tail	0x859f9	66	136	0x9461b	2	1
tail	0x94970	136	198	0xa037e	2	1
tail	0xb3125	281	122	0x9170d	2	1
tail	0x7e7ca	28	208	0xa2361	2	2
tail	0xa062e	198	92	0x8b8cb	2	2
tail	0xa646d	222	172	0x9b68a	2	2
tail	0xadbfa	256	90	0x8b334	2	2
tail	0xb3125	281	83	0x8947b	2	2
tail	0xbcfc5	330	307	0xb8064	2	2
tail	0xa0dc7	200	330	0xbc9b8	2	2
tail	0x9dcab	185	90	0x8b334	2	2
tail	0xaeda0	260	105	0x8e6b4	2	2
tail	0xadbfa	256	171	0x9b4b3	2	2
tail	0xbd8ad	332	337	0xbec0e	2	2
tail	0xb360f	282	83	0x8947b	2	2
tail	0xb593d	292	200	0xa0a9e	2	2
tail	0x9af16	168	31	0x7ecd2	2	1
tail	0x7efa6	31	352	0xc1ec4	2	1
tail	0xc1923	349	220	0xa522e	2	2
tail	0xadbfa	256	266	0xaf8af	2	2
tail	0x9dcab	185	17	0x7bae9	2	2
tail	0x7be98	17	269	0xb045b	2	2
tail	0xb625a	295	168	0x9aa83	2	2
tail	0xc1923	349	121	0x91379	2	2
tail	0xaeda0	260	114	0x90319	2	2
tail	0xadf29	257	62	0x84aa3	2	2
tail	0x84e1b	62	200	0xa0a9e	2	2
tail	0xb3125	281	49	0x82820	2	2
tail	0xadf29	257	65	0x85371	2	2
dispatch	0xc80b9		42	0x815ea	2	2
tail	0xb708a	299,300	268	0xb0007	2	2
tail	0xa062e	198	62	0x84aa3	2	2
tail	0xb708a	299,300	317	0xba1e2	2	2
tail	0xb3125	281	28	0x7e390	2	2
tail	0x8281e	48	220	0xa522e	2	2
tail	0xadf29	257	171	0x9b4b3	2	2
tail	0xadf29	257	222	0xa5f3c	2	2
tail	0xadbfa	256	354	0xc2241	2	2
tail	0x9170b	121	333	0xbd8af	2	1
tail	0xae32f	258	82	0x8920e	2	1
tail	0x89478	82	307	0xb8064	2	1
tail	0xa2933	208	99	0x8c99a	2	1
tail	0xbb6e3	321,322	349	0xc140b	2	1
tail	0xc1923	349	336	0xbe8cd	2	1
tail	0xadbfa	256	308	0xb837c	2	1
tail	0xb708a	299,300	3	0x78c77	2	2
tail	0xb360f	282	215	0xa4609	2	2
tail	0xc21c0	352	146	0x96407	2	2
tail	0x9c3f4	175,176	299	0xb6bba	2	2
tail	0x92612	125	145	0x95b5c	2	2
tail	0xa0dc7	200	281	0xb2db6	2	2
tail	0xb3125	281	215	0xa4609	2	2
tail	0xba680	317	300	0xb6c36	2	2
tail	0x99757	160	90	0x8b334	2	2
tail	0x922c1	124	49	0x82820	2	2
tail	0x9c08c	174	195	0x9fb50	2	2
tail	0x8281e	48	79	0x885b0	2	2
tail	0xba680	317	215	0xa4609	2	2
tail	0x8281e	48	345	0xc02e4	2	2
tail	0xc21c0	352	317	0xba1e2	2	2
tail	0xa0dc7	200	282	0xb3128	2	2
tail	0x859f9	66	200	0xa0a9e	2	2
tail	0xc21c0	352	349	0xc140b	2	2
tail	0x8eb77	105	301	0xb708d	2	2
tail	0xbd8ad	332	317	0xba1e2	2	2
tail	0xb708a	299,300	330	0xbc9b8	2	2
tail	0x9dcab	185	330	0xbc9b8	2	2
tail	0xa0dc7	200	349	0xc140b	2	2
tail	0x9eac9	189	179	0x9ca8d	2	2
tail	0xadbfa	256	317	0xba1e2	2	2
tail	0xb837a	307	122	0x9170d	2	2
tail	0xbd8ad	332	220	0xa522e	2	2
tail	0xb625a	295	260	0xae90b	2	2
tail	0x980a9	154	168	0x9aa83	2	2
tail	0xae32f	258	99	0x8c99a	2	2
tail	0x8bcec	92	220	0xa522e	2	2
tail	0x8b6db	90	17	0x7bae9	2	2
tail	0xa0a9c	199	92	0x8b8cb	2	2
tail	0xabc56	246	171	0x9b4b3	2	2
tail	0x922c1	124	301	0xb708d	2	2
tail	0x7be98	17	199	0xa0631	2	2
tail	0xa062e	198	117	0x90acd	2	2
tail	0xba680	317	322	0xbb3c9	2	2
tail	0xb68ff	297	125	0x922c4	2	2
tail	0xad766	254	307	0xb8064	2	2
tail	0xaab67	242	316	0xb987b	2	2
tail	0xc240d	353,354	273	0xb11ca	2	2
tail	0x99757	160	208	0xa2361	2	2
tail	0xa9cf4	239	49	0x82820	2	2
tail	0x81b7c	43	245	0xab141	2	2
tail	0x91067	119	199	0xa0631	2	2
tail	0xb3125	281	66	0x855ff	2	2
tail	0xc0532	345	148	0x96b6e	2	1
tail	0x96915	146	88	0x8aa14	2	1
tail	0xadf29	257	254	0xad32c	2	1
tail	0x7e7ca	28	186	0x9dcae	2	1
tail	0x9e07a	186	256	0xad849	2	1
tail	0xba680	317	307	0xb8064	2	1
tail	0xb837a	307	17	0x7bae9	2	1
tail	0xa0a9c	199	148	0x96b6e	2	1
tail	0xb3125	281	201	0xa0dca	2	1
tail	0xa13d3	201	198	0xa037e	2	1
tail	0xb540d	291	56	0x83e76	2	1
tail	0xb3125	281	140	0x94e5a	2	1
tail	0xa13d3	201	257	0xadbfd	2	2
tail	0x7c308	18	282	0xb3128	2	2
tail	0xb593d	292	215	0xa4609	2	2
tail	0xc1d46	350	90	0x8b334	2	2
tail	0x8b6db	90	79	0x885b0	2	2
tail	0xb3125	281	199	0xa0631	2	2
tail	0xc1d46	350	3	0x78c77	2	2
tail	0x980a9	154	237	0xa8e1f	2	1
tail	0xb68ff	297	280	0xb2661	2	1
tail	0xa646d	222	199	0xa0631	2	1
tail	0xbcfc5	330	297	0xb64d7	2	1
tail	0xc1d46	350	349	0xc140b	2	1
tail	0x8b6db	90	332	0xbd36d	2	2
tail	0xb3125	281	273	0xb11ca	2	2
tail	0xa9cf4	239	92	0x8b8cb	2	2
tail	0x7c308	18	82	0x8920e	2	1
tail	0x89478	82	168	0x9aa83	2	1
tail	0x8cc7f	98,99	257	0xadbfd	2	1
tail	0xc1d46	350	70	0x8610e	2	1
tail	0xc1d46	350	330	0xbc9b8	2	1
tail	0xc1923	349	301	0xb708d	2	1
tail	0xbcfc5	330	345	0xc02e4	2	1
tail	0x8b6db	90	70	0x8610e	2	1
tail	0x84e1b	62	253	0xacfb1	2	2
tail	0xaeda0	260	282	0xb3128	2	2
tail	0x922c1	124	83	0x8947b	2	2
tail	0xb540d	291	105	0x8e6b4	2	2
tail	0xadf29	257	330	0xbc9b8	2	2
tail	0x9eac9	189	128	0x9299b	2	1
tail	0xbf126	337	190	0x9eacb	2	1
tail	0xb0458	268	88	0x8aa14	2	1
tail	0x8281e	48	273	0xb11ca	2	2
tail	0x980a9	154	70	0x8610e	2	1
tail	0x7c308	18	118	0x90c23	2	1
tail	0xbf886	340	217	0xa4b11	2	1
tail	0xbf126	337	131	0x937d0	2	1
tail	0xb1545	273	90	0x8b334	2	1
tail	0x8eb77	105	192	0x9f00a	2	1
tail	0x8f6cf	108	121	0x91379	2	2
tail	0x9170b	121	172	0x9b68a	2	1
tail	0x95b59	143,144	129	0x92f21	2	1
tail	0x931d0	129	199	0xa0631	2	1
tail	0xa2933	208	189	0x9e7af	2	1
tail	0x9eac9	189	348	0xc0d7d	2	1
tail	0xa4a5e	215	336	0xbe8cd	2	1
tail	0x9170b	121	49	0x82820	2	2
tail	0x9170b	121	220	0xa522e	2	2
tail	0x7ecd0	29,30	330	0xbc9b8	2	2
tail	0xc21c0	352	92	0x8b8cb	2	2
tail	0xad766	254	292	0xb540f	2	2
tail	0x92f1f	128	28	0x7e390	2	2
tail	0x9ba72	172	125	0x922c4	2	2
tail	0xaeda0	260	3	0x78c77	2	2
tail	0xae32f	258	91	0x8b6de	2	2
tail	0x9170b	121	203	0xa1484	2	2
tail	0xb625a	295	333	0xbd8af	2	2
tail	0x859f9	66	180	0x9cf32	2	2
tail	0xadbfa	256	48	0x82477	2	2
tail	0x81b7c	43	128	0x9299b	2	2
tail	0xadbfa	256	62	0x84aa3	2	2
tail	0x8b6db	90	254	0xad32c	2	2
tail	0xad766	254	48	0x82477	2	2
tail	0x9cf2f	179	301	0xb708d	2	2
tail	0x9eac9	189	208	0xa2361	2	1
tail	0x81b7c	43	280	0xb2661	2	1
tail	0xb0458	268	208	0xa2361	2	1
tail	0xba680	317	49	0x82820	2	1
tail	0xadbfa	256	65	0x85371	2	2
tail	0x95b59	143,144	330	0xbc9b8	2	1
tail	0xb3125	281	239	0xa991e	2	1
tail	0x7c308	18	240	0xa9cf7	2	1
tail	0xa9ff7	240	108	0x8f24b	2	1
tail	0xc1923	349	48	0x82477	2	2
tail	0x922c1	124	79	0x885b0	2	2
tail	0x7be98	17	291	0xb4edd	2	2
tail	0xa9cf4	239	190	0x9eacb	2	1
tail	0x99026	157	131	0x937d0	2	1
tail	0x93f76	131	352	0xc1ec4	2	1
tail	0xa0068	194,195,196	186	0x9dcae	2	1
tail	0x9e07a	186	108	0x8f24b	2	1
tail	0x8281e	48	131	0x937d0	2	1
tail	0x93f76	131	198	0xa037e	2	1
tail	0x9dcab	185	222	0xa5f3c	2	1
tail	0xa646d	222	157	0x98a9a	2	1
tail	0x859f9	66	148	0x96b6e	2	1
tail	0xbb6e3	321,322	74	0x86d43	2	1
tail	0xb360f	282	359	0xc3406	2	1
tail	0xc3716	359	160	0x994cf	2	1
tail	0x95b59	143,144	90	0x8b334	2	2
tail	0xb708a	299,300	189	0x9e7af	2	2
tail	0x8eb77	105	239	0xa991e	2	2
tail	0xbdd16	333	217	0xa4b11	2	2
tail	0xaeda0	260	333	0xbd8af	2	2
tail	0xc0532	345	292	0xb540f	2	2
tail	0x992ca	158	195	0x9fb50	2	2
tail	0xb1545	273	333	0xbd8af	2	2
tail	0x7e7ca	28	250	0xac802	2	1
tail	0x9cf2f	179	199	0xa0631	2	1
tail	0x7e7ca	28	131	0x937d0	2	1
tail	0x93f76	131	257	0xadbfd	2	1
tail	0x9cf2f	179	189	0x9e7af	2	1
tail	0x9170b	121	105	0x8e6b4	2	1
tail	0xbcfc5	330	336	0xbe8cd	2	1
tail	0x951c0	139,140	291	0xb4edd	2	1
tail	0xb540d	291	70	0x8610e	2	1
tail	0x91a57	122	189	0x9e7af	2	2
tail	0x9c08c	174	299	0xb6bba	2	2
tail	0xb625a	295	154	0x97ce6	2	2
tail	0x7ecd0	29,30	83	0x8947b	2	2
tail	0x9170b	121	297	0xb64d7	2	2
tail	0x9dcab	185	291	0xb4edd	2	2
tail	0xa4a5e	215	146	0x96407	2	2
tail	0xaeeff	261	199	0xa0631	2	2
tail	0x855fc	65	337	0xbec0e	2	2
tail	0x7e7ca	28	349	0xc140b	2	2
tail	0xc1923	349	79	0x885b0	2	2
tail	0xb625a	295	297	0xb64d7	2	2
tail	0xbf886	340	82	0x8920e	2	1
tail	0x9dcab	185	125	0x922c4	2	1
tail	0x859f9	66	322	0xbb3c9	1	1
tail	0x9ba72	172	179	0x9ca8d	1	1
tail	0xb3799	283	332	0xbd36d	1	1
tail	0xc1ec2	351	268	0xb0007	1	1
tail	0x7e7ca	28	129	0x92f21	1	1
tail	0x931d0	129	172	0x9b68a	1	1
tail	0xa646d	222	35	0x7fd4d	1	1
tail	0x8009e	35	256	0xad849	1	1
tail	0x9dcab	185	285	0xb3ff4	1	1
tail	0xb42df	285	160	0x994cf	1	1
tail	0xaab67	242	114	0x90319	1	1
tail	0xad766	254	105	0x8e6b4	1	1
tail	0x8536e	64	129	0x92f21	1	1
tail	0x931d0	129	300	0xb6c36	1	1
tail	0x7c308	18	217	0xa4b11	1	1
tail	0xc21c0	352	334	0xbdd18	1	1
tail	0x9eac9	189	74	0x86d43	1	1
tail	0xa0a9c	199	348	0xc0d7d	1	1
tail	0xa2da1	209	257	0xadbfd	1	1
tail	0xa0068	194,195,196	88	0x8aa14	1	1
tail	0x992ca	158	175	0x9c08f	1	1
tail	0x8371b	52	18	0x7be9b	1	1
tail	0x91e7f	123	101	0x8ceb4	1	1
tail	0x8d71b	101	199	0xa0631	1	1
tail	0x9d961	184	85	0x89b37	1	1
tail	0x8a37d	85	64	0x85059	1	1
tail	0xc0532	345	122	0x9170d	1	1
tail	0x91a57	122	199	0xa0631	1	1
tail	0xad766	254	13	0x7aee8	1	1
tail	0x7b3bb	13	257	0xadbfd	1	1
tail	0x7ca96	20	284	0xb379b	1	1
tail	0xb3ff1	284	239	0xa991e	1	1
tail	0xaa87a	241	333	0xbd8af	1	1
tail	0x7e7ca	28	245	0xab141	1	1
tail	0x8371b	52	347	0xc088d	1	1
tail	0x81b7c	43	125	0x922c4	1	1
tail	0xc0532	345	348	0xc0d7d	1	1
tail	0x859f9	66	242	0xaa87d	1	1
tail	0x8bcec	92	124	0x91e81	1	1
tail	0xb837a	307	129	0x92f21	1	1
tail	0xa4df4	216,217	160	0x994cf	1	1
tail	0xad329	252,253	282	0xb3128	1	1
tail	0xadf29	257	90	0x8b334	1	1
tail	0x8eb77	105	79	0x885b0	1	1
tail	0xadf29	257	105	0x8e6b4	1	1
tail	0x8eb77	105	322	0xbb3c9	1	1
tail	0x8b6db	90	185	0x9d964	1	1
tail	0xb625a	295	345	0xc02e4	1	1
tail	0xba680	317	66	0x855ff	1	1
tail	0x859f9	66	54	0x837cb	1	1
tail	0x83b3d	53,54	256	0xad849	1	1
tail	0xbd8ad	332	48	0x82477	1	1
tail	0x855fc	65	215	0xa4609	1	1
tail	0x951c0	139,140	49	0x82820	1	1
tail	0xadf29	257	92	0x8b8cb	1	1
tail	0xc0532	345	301	0xb708d	1	1
tail	0xb540d	291	185	0x9d964	1	1
tail	0x8eb77	105	3	0x78c77	1	1
tail	0x9cf2f	179	131	0x937d0	1	1
tail	0x8bcec	92	185	0x9d964	1	1
tail	0x9bd8c	173	282	0xb3128	1	1
tail	0xb360f	282	121	0x91379	1	1
tail	0xb540d	291	121	0x91379	1	1
tail	0xa062e	198	65	0x85371	1	1
tail	0x855fc	65	28	0x7e390	1	1
tail	0x9a46b	165	273	0xb11ca	1	1
tail	0xa9cf4	239	281	0xb2db6	1	1
tail	0xb837a	307	92	0x8b8cb	1	1
tail	0xa646d	222	66	0x855ff	1	1
tail	0x9bd8c	173	92	0x8b8cb	1	1
tail	0xbf886	340	208	0xa2361	1	1
tail	0xa0a9c	199	131	0x937d0	1	1
tail	0xa0a9c	199	222	0xa5f3c	1	1
tail	0xc1923	349	30	0x7e849	1	1
tail	0x7be98	17	322	0xbb3c9	1	1
tail	0xc1d46	350	92	0x8b8cb	1	1
tail	0x855fc	65	64	0x85059	1	1
tail	0xbcfc5	330	215	0xa4609	1	1
tail	0x84e1b	62	66	0x855ff	1	1
tail	0xb708a	299,300	196	0x9fbcd	1	1
tail	0x7ecd0	29,30	301	0xb708d	1	1
tail	0x855fc	65	333	0xbd8af	1	1
tail	0x8bcec	92	122	0x9170d	1	1
tail	0xb3799	283	322	0xbb3c9	1	1
tail	0xb540d	291	199	0xa0631	1	1
tail	0x84e1b	62	297	0xb64d7	1	1
tail	0xbd8ad	332	330	0xbc9b8	1	1
tail	0x980a9	154	291	0xb4edd	1	1
tail	0xb540d	291	215	0xa4609	1	1
tail	0xaeda0	260	317	0xba1e2	1	1
tail	0x8eb77	105	269	0xb045b	1	1
tail	0xc0532	345	220	0xa522e	1	1
tail	0xba680	317	17	0x7bae9	1	1
tail	0xadf29	257	282	0xb3128	1	1
tail	0xa4a5e	215	317	0xba1e2	1	1
tail	0xba680	317	260	0xae90b	1	1
tail	0x7ecd0	29,30	189	0x9e7af	1	1
tail	0x8281e	48	30	0x7e849	1	1
tail	0x7ecd0	29,30	291	0xb4edd	1	1
tail	0xb3799	283	302	0xb7586	1	1
tail	0xae32f	258	250	0xac802	1	1
tail	0xacbc3	250	157	0x98a9a	1	1
tail	0x96915	146	217	0xa4b11	1	1
tail	0xa4df4	216,217	256	0xad849	1	1
tail	0xbb6e3	321,322	340	0xbf435	1	1
tail	0x9eac9	189	125	0x922c4	1	1
tail	0xb837a	307	317	0xba1e2	1	1
tail	0x8eb77	105	260	0xae90b	1	1
tail	0x92f1f	128	82	0x8920e	1	1
tail	0xb708a	299,300	281	0xb2db6	1	1
tail	0xb360f	282	154	0x97ce6	1	1
tail	0xb540d	291	239	0xa991e	1	1
tail	0x9dcab	185	122	0x9170d	1	1
tail	0xb837a	307	222	0xa5f3c	1	1
tail	0xbcfc5	330	273	0xb11ca	1	1
tail	0xb1545	273	291	0xb4edd	1	1
tail	0xb625a	295	302	0xb7586	1	1
tail	0x9b687	171	273	0xb11ca	1	1
tail	0xb68ff	297	129	0x92f21	1	1
tail	0x8b6db	90	124	0x91e81	1	1
tail	0xb540d	291	282	0xb3128	1	1
tail	0xba680	317	200	0xa0a9e	1	1
tail	0x922c1	124	282	0xb3128	1	1
tail	0xc0532	345	291	0xb4edd	1	1
tail	0xad329	252,253	292	0xb540f	1	1
tail	0xc0d7b	347	273	0xb11ca	1	1
tail	0xb360f	282	239	0xa991e	1	1
tail	0xadf29	257	354	0xc2241	1	1
tail	0xa0a9c	199	330	0xbc9b8	1	1
tail	0xad329	252,253	79	0x885b0	1	1
tail	0xb360f	282	260	0xae90b	1	1
tail	0xbd8ad	332	320	0xbada5	1	1
tail	0xb625a	295	308	0xb837c	1	1
tail	0x931d0	129	146	0x96407	1	1
tail	0x9dcab	185	245	0xab141	1	1
tail	0x8bcec	92	140	0x94e5a	1	1
tail	0xa9cf4	239	269	0xb045b	1	1
tail	0x8eb77	105	90	0x8b334	1	1
tail	0xa9cf4	239	330	0xbc9b8	1	1
tail	0xa9cf4	239	349	0xc140b	1	1
tail	0x9170b	121	48	0x82477	1	1
tail	0xc1923	349	269	0xb045b	1	1
tail	0xa062e	198	354	0xc2241	1	1
tail	0xb3799	283	253	0xacfb1	1	1
tail	0x9c3f4	175,176	78	0x883c0	1	1
tail	0x8b6db	90	121	0x91379	1	1
tail	0x9dcab	185	314	0xb8fcf	1	1
tail	0xb944f	314	189	0x9e7af	1	1
tail	0xb3799	283	171	0x9b4b3	1	1
tail	0x7e7ca	28	82	0x8920e	1	1
tail	0x9c3f4	175,176	195	0x9fb50	1	1
tail	0x9170b	121	125	0x922c4	1	1
tail	0xbb6e3	321,322	48	0x82477	1	1
tail	0x9ba72	172	331	0xbcfc8	1	1
tail	0xbd36a	331	222	0xa5f3c	1	1
tail	0x9dcab	185	348	0xc0d7d	1	1
tail	0xc1409	348	144	0x95887	1	1
tail	0xb837a	307	242	0xaa87d	1	1
tail	0xbf886	340	118	0x90c23	1	1
tail	0x90eb9	118	99	0x8c99a	1	1
tail	0x8cc7f	98,99	352	0xc1ec4	1	1
tail	0xa646d	222	83	0x8947b	1	1
dispatch	0xcdac7		323	0xbb6e6	1	1
tail	0xbb8a8	323	310	0xb8556	1	1
tail	0xb837a	307	291	0xb4edd	1	1
tail	0xad329	252,253	3	0x78c77	1	1
tail	0xac43d	248	124	0x91e81	1	1
tail	0xad766	254	17	0x7bae9	1	1
tail	0xa0dc7	200	317	0xba1e2	1	1
tail	0xa062e	198	291	0xb4edd	1	1
tail	0xa2933	208	129	0x92f21	1	1
tail	0x931d0	129	347	0xc088d	1	1
tail	0xc0d7b	347	217	0xa4b11	1	1
tail	0xb837a	307	201	0xa0dca	1	1
tail	0xa0dc7	200	301	0xb708d	1	1
tail	0x84e1b	62	28	0x7e390	1	1
tail	0x8bcec	92	273	0xb11ca	1	1
tail	0x9dcab	185	282	0xb3128	1	1
tail	0xbdd16	333	222	0xa5f3c	1	1
tail	0xbcfc5	330	332	0xbd36d	1	1
tail	0x8b6db	90	30	0x7e849	1	1
tail	0x7ecd0	29,30	282	0xb3128	1	1
tail	0x9bd8c	173	281	0xb2db6	1	1
tail	0x7be98	17	239	0xa991e	1	1
tail	0xba680	317	269	0xb045b	1	1
tail	0xb360f	282	269	0xb045b	1	1
tail	0xb593d	292	254	0xad32c	1	1
tail	0xb3125	281	124	0x91e81	1	1
tail	0x8f6cf	108	165	0x9a24c	1	1
tail	0x96915	146	331	0xbcfc8	1	1
tail	0xbd36a	331	168	0x9aa83	1	1
tail	0x9af16	168	99	0x8c99a	1	1
tail	0x9dcab	185	273	0xb11ca	1	1
tail	0xc1d46	350	333	0xbd8af	1	1
tail	0xa9cf4	239	220	0xa522e	1	1
tail	0xac43d	248	345	0xc02e4	1	1
tail	0xbcfc5	330	30	0x7e849	1	1
tail	0x7ecd0	29,30	281	0xb2db6	1	1
tail	0xb3125	281	185	0x9d964	1	1
tail	0x8bcec	92	239	0xa991e	1	1
tail	0xaeda0	260	281	0xb2db6	1	1
tail	0xa0dc7	200	292	0xb540f	1	1
tail	0x855fc	65	239	0xa991e	1	1
tail	0x922c1	124	92	0x8b8cb	1	1
tail	0xb360f	282	254	0xad32c	1	1
tail	0xad766	254	317	0xba1e2	1	1
tail	0xa4a5e	215	330	0xbc9b8	1	1
tail	0x980a9	154	90	0x8b334	1	1
tail	0x8b6db	90	322	0xbb3c9	1	1
tail	0x951c0	139,140	301	0xb708d	1	1
dispatch	0xcdac7		42	0x815ea	1	1
tail	0x92f1f	128	203	0xa1484	1	1
tail	0x84e1b	62	337	0xbec0e	1	1
tail	0xb708a	299,300	83	0x8947b	1	1
tail	0x8281e	48	260	0xae90b	1	1
tail	0xad329	252,253	92	0x8b8cb	1	1
tail	0x8bcec	92	260	0xae90b	1	1
tail	0x96915	146	82	0x8920e	1	1
tail	0xa4df4	216,217	257	0xadbfd	1	1
tail	0x96915	146	215	0xa4609	1	1
tail	0xb1545	273	74	0x86d43	1	1
tail	0xba680	317	350	0xc1926	1	1
tail	0xb593d	292	66	0x855ff	1	1
tail	0x99026	157	242	0xaa87d	1	1
tail	0x84e1b	62	124	0x91e81	1	1
tail	0xb3125	281	332	0xbd36d	1	1
tail	0x96915	146	168	0x9aa83	1	1
tail	0xb360f	282	322	0xbb3c9	1	1
tail	0xa0068	194,195,196	94	0x8bd69	1	1
tail	0x8c41a	93,94	198	0xa037e	1	1
tail	0x91e7f	123	175	0x9c08f	1	1
tail	0xbcfc5	330	317	0xba1e2	1	1
tail	0x7be98	17	79	0x885b0	1	1
tail	0xb3125	281	18	0x7be9b	1	1
tail	0x9af16	168	183	0x9d495	1	1
tail	0x9d692	183	345	0xc02e4	1	1
tail	0xb837a	307	183	0x9d495	1	1
tail	0x9d692	183	130	0x931d3	1	1
tail	0x937cd	130	198	0xa037e	1	1
tail	0x7c308	18	180	0x9cf32	1	1
tail	0x8b8c9	91	345	0xc02e4	1	1
tail	0x7c308	18	91	0x8b6de	1	1
tail	0x81b7c	43	91	0x8b6de	1	1
tail	0x8b8c9	91	112	0x8faec	1	1
tail	0x9026c	112	108	0x8f24b	1	1
tail	0x7e7ca	28	183	0x9d495	1	1
tail	0xbdd16	333	91	0x8b6de	1	1
tail	0xbf886	340	180	0x9cf32	1	1
tail	0x9d13d	180	239	0xa991e	1	1
tail	0xb1545	273	282	0xb3128	1	1
tail	0xc1ec2	351	350	0xc1926	1	1
tail	0xb3799	283	30	0x7e849	1	1
tail	0x7c308	18	250	0xac802	1	1
tail	0x9cf2f	179	83	0x8947b	1	1
tail	0xb3799	283	203	0xa1484	1	1
tail	0x9c3f4	175,176	175	0x9c08f	1	1
tail	0x7c308	18	245	0xab141	1	1
tail	0x84e1b	62	196	0x9fbcd	1	1
tail	0xb3799	283	199	0xa0631	1	1
tail	0xadbfa	256	17	0x7bae9	1	1
tail	0xadf29	257	291	0xb4edd	1	1
tail	0x9a46b	165	254	0xad32c	1	1
tail	0xad766	254	90	0x8b334	1	1
tail	0x855fc	65	124	0x91e81	1	1
tail	0xb3799	283	300	0xb6c36	1	1
tail	0xa4a5e	215	222	0xa5f3c	1	1
tail	0x7c308	18	92	0x8b8cb	1	1
tail	0x96915	146	307	0xb8064	1	1
tail	0xb0458	268	348	0xc0d7d	1	1
tail	0x7ecd0	29,30	292	0xb540f	1	1
tail	0xc1923	349	260	0xae90b	1	1
tail	0xae32f	258	146	0x96407	1	1
tail	0x855fc	65	185	0x9d964	1	1
tail	0x8bcec	92	345	0xc02e4	1	1
tail	0xba680	317	254	0xad32c	1	1
tail	0xae32f	258	131	0x937d0	1	1
tail	0xb1545	273	317	0xba1e2	1	1
tail	0x8281e	48	121	0x91379	1	1
tail	0xa2933	208	28	0x7e390	1	1
tail	0x81b7c	43	99	0x8c99a	1	1
tail	0xa646d	222	340	0xbf435	1	1
tail	0xc1d46	350	172	0x9b68a	1	1
tail	0xb593d	292	269	0xb045b	1	1
tail	0x95b59	143,144	62	0x84aa3	1	1
tail	0x855fc	65	345	0xc02e4	1	1
tail	0xa0dc7	200	17	0x7bae9	1	1
tail	0xc1923	349	254	0xad32c	1	1
tail	0xb708a	299,300	282	0xb3128	1	1
tail	0xb708a	299,300	215	0xa4609	1	1
tail	0xaeda0	260	48	0x82477	1	1
tail	0xc1ec2	351	340	0xbf435	1	1
tail	0x922c1	124	122	0x9170d	1	1
tail	0xbf126	337	276	0xb1b2d	1	1
tail	0xb1fd3	276	157	0x98a9a	1	1
tail	0x9dcab	185	317	0xba1e2	1	1
tail	0x859f9	66	92	0x8b8cb	1	1
tail	0x8bcec	92	292	0xb540f	1	1
tail	0xb593d	292	83	0x8947b	1	1
tail	0xae32f	258	331	0xbcfc8	1	1
tail	0xbd36a	331	333	0xbd8af	1	1
tail	0x859f9	66	125	0x922c4	1	1
tail	0xad329	252,253	349	0xc140b	1	1
tail	0xac43d	248	114	0x90319	1	1
tail	0x8eb77	105	30	0x7e849	1	1
tail	0x7ecd0	29,30	92	0x8b8cb	1	1
tail	0x7be98	17	281	0xb2db6	1	1
tail	0x95b59	143,144	118	0x90c23	1	1
tail	0x90eb9	118	189	0x9e7af	1	1
tail	0xa2933	208	185	0x9d964	1	1
tail	0x980a9	154	92	0x8b8cb	1	1
tail	0x9170b	121	317	0xba1e2	1	1
tail	0x951c0	139,140	52	0x833c7	1	1
tail	0xb837a	307	142	0x953b1	1	1
tail	0x957d6	142	83	0x8947b	1	1
tail	0xbcfc5	330	52	0x833c7	1	1
tail	0xa646d	222	337	0xbec0e	1	1
tail	0x9a46b	165	30	0x7e849	1	1
tail	0x90eb9	118	333	0xbd8af	1	1
tail	0x81b7c	43	242	0xaa87d	1	1
tail	0x8281e	48	307	0xb8064	1	1
tail	0x84e1b	62	215	0xa4609	1	1
tail	0x9b687	171	254	0xad32c	1	1
tail	0xa646d	222	79	0x885b0	1	1
tail	0xb593d	292	297	0xb64d7	1	1
tail	0xb68ff	297	317	0xba1e2	1	1
tail	0xa2933	208	337	0xbec0e	1	1
tail	0x9bd8c	173	65	0x85371	1	1
tail	0xb3799	283	154	0x97ce6	1	1
tail	0xb360f	282	122	0x9170d	1	1
tail	0x7ca96	20	69	0x85f24	1	1
tail	0xbdd16	333	242	0xaa87d	1	1
tail	0x9a46b	165	332	0xbd36d	1	1
tail	0xc1ec2	351	165	0x9a24c	1	1
tail	0xb837a	307	331	0xbcfc8	1	1
tail	0xbd36a	331	146	0x96407	1	1
tail	0xa1936	202,203	99	0x8c99a	1	1
tail	0xadbfa	256	281	0xb2db6	1	1
tail	0x9cf2f	179	118	0x90c23	1	1
tail	0x90eb9	118	268	0xb0007	1	1
tail	0xb0458	268	217	0xa4b11	1	1
tail	0xa0a9c	199	245	0xab141	1	1
tail	0xa2933	208	199	0xa0631	1	1
tail	0x7c308	18	48	0x82477	1	1
tail	0xa0068	194,195,196	122	0x9170d	1	1
tail	0x99b3a	161	78	0x883c0	1	1
tail	0x9af16	168	125	0x922c4	1	1
tail	0x9a46b	165	260	0xae90b	1	1
tail	0xa1936	202,203	222	0xa5f3c	1	1
tail	0x91e7f	123	5	0x79675	1	1
tail	0xb625a	295	199	0xa0631	1	1
tail	0xa4a5e	215	245	0xab141	1	1
tail	0x8bcec	92	254	0xad32c	1	1
tail	0xbf886	340	245	0xab141	1	1
tail	0xab424	245	43	0x8173d	1	1
tail	0xbb6e3	321,322	92	0x8b8cb	1	1
tail	0x9bd8c	173	246	0xab427	1	1
tail	0xc240d	353,354	350	0xc1926	1	1
tail	0xa2da1	209	352	0xc1ec4	1	1
tail	0x81b7c	43	358	0xc2d37	1	1
tail	0xc3403	358	144	0x95887	1	1
tail	0x99b3a	161	175	0x9c08f	1	1
tail	0xb68ff	297	82	0x8920e	1	1
tail	0x89478	82	157	0x98a9a	1	1
tail	0xa646d	222	99	0x8c99a	1	1
tail	0xb625a	295	200	0xa0a9e	1	1
tail	0x9dcab	185	74	0x86d43	1	1
tail	0x7e7ca	28	242	0xaa87d	1	1
tail	0xc0532	345	88	0x8aa14	1	1
tail	0xae32f	258	125	0x922c4	1	1
tail	0xaa87a	241	66	0x855ff	1	1
tail	0x96915	146	114	0x90319	1	1
tail	0xa0068	194,195,196	280	0xb2661	1	1
tail	0xbb6e3	321,322	242	0xaa87d	1	1
tail	0xa9cf4	239	3	0x78c77	1	1
tail	0xb0458	268	245	0xab141	1	1
tail	0x9b687	171	260	0xae90b	1	1
tail	0x9a46b	165	168	0x9aa83	1	1
tail	0xa646d	222	333	0xbd8af	1	1
tail	0x9af16	168	245	0xab141	1	1
tail	0x91067	119	185	0x9d964	1	1
tail	0x8536e	64	146	0x96407	1	1
tail	0xb625a	295	140	0x94e5a	1	1
tail	0xc1409	348	256	0xad849	1	1
tail	0x7c308	18	125	0x922c4	1	1
tail	0xc21c0	352	179	0x9ca8d	1	1
tail	0xc1ec2	351	124	0x91e81	1	1
tail	0x9ba72	172	229	0xa71fe	1	1
tail	0xa757c	229	352	0xc1ec4	1	1
tail	0x855fc	65	347	0xc088d	1	1
tail	0xa0a9c	199	112	0x8faec	1	1
tail	0x9026c	112	160	0x994cf	1	1
tail	0xb837a	307	125	0x922c4	1	1
tail	0x92612	125	347	0xc088d	1	1
tail	0xadbfa	256	259	0xae332	1	1
tail	0xae909	259	28	0x7e390	1	1
tail	0xbdd16	333	125	0x922c4	1	1
tail	0x92612	125	28	0x7e390	1	1
tail	0x99b3a	161	321	0xbb1dd	1	1
tail	0xc1ec2	351	168	0x9aa83	1	1
tail	0xad766	254	245	0xab141	1	1
tail	0xc21c0	352	65	0x85371	1	1
tail	0xa0a9c	199	188	0x9e336	1	1
tail	0x9e7ac	188	173	0x9ba74	1	1
tail	0xadbfa	256	222	0xa5f3c	1	1
tail	0x8bcec	92	307	0xb8064	1	1
tail	0xa062e	198	281	0xb2db6	1	1
tail	0xb3125	281	282	0xb3128	1	1
tail	0xb1545	273	203	0xa1484	1	1
tail	0x980a9	154	125	0x922c4	1	1
tail	0x92612	125	30	0x7e849	1	1
tail	0xa646d	222	82	0x8920e	1	1
tail	0x89478	82	18	0x7be9b	1	1
tail	0x7c308	18	99	0x8c99a	1	1
tail	0x9c08c	174	175	0x9c08f	1	1
tail	0xb3799	283	124	0x91e81	1	1
tail	0x90893	113,114	131	0x937d0	1	1
tail	0x7ecd0	29,30	245	0xab141	1	1
tail	0xb0458	268	128	0x9299b	1	1
tail	0xa062e	198	330	0xbc9b8	1	1
tail	0xc1ec2	351	64	0x85059	1	1
tail	0xbdd16	333	122	0x9170d	1	1
tail	0x8536e	64	52	0x833c7	1	1
tail	0x8536e	64	122	0x9170d	1	1
tail	0x7ecd0	29,30	199	0xa0631	1	1
tail	0x8371b	52	199	0xa0631	1	1
tail	0xad766	254	203	0xa1484	1	1
tail	0xc1ec2	351	253	0xacfb1	1	1
tail	0xae32f	258	348	0xc0d7d	1	1
tail	0x9ba72	172	245	0xab141	1	1
tail	0x9a46b	165	322	0xbb3c9	1	1
tail	0xa0a9c	199	242	0xaa87d	1	1
tail	0x91e7f	123	299	0xb6bba	1	1
tail	0xb3799	283	350	0xc1926	1	1
tail	0x92f1f	128	49	0x82820	1	1
tail	0xbf886	340	122	0x9170d	1	1
tail	0xc1923	349	330	0xbc9b8	1	1
tail	0x9cf2f	179	340	0xbf435	1	1
tail	0x90893	113,114	74	0x86d43	1	1
tail	0xaeda0	260	245	0xab141	1	1
tail	0xba680	317	124	0x91e81	1	1
tail	0x922c1	124	330	0xbc9b8	1	1
tail	0x99757	160	266	0xaf8af	1	1
