seq	frame	source_entry	source_target	start_vm_ip	end_vm_ip	delta	kind	site	target_entry	target	w0	w1	w2	w3	w4	w5	bytes	byte_status	pre_flags	post_flags	pre_state	post_state	state_delta	pre_byte	post_byte
1	0x77b59d07836d	86	0x8a37f	0x26cd71	0x26cd75	+0x4	tail	0x8a49b	310	0xb8556	0x136	0x0	0x1e8	0xa5	0x42	0x9831	36010000	exact	0x0		0x0			0x0	
2	0x77b59d07836d	310	0xb8556	0x26cd75	0x26cd79	+0x4	tail	0xb86f5	165	0x9a24c	0x1e8	0xa5	0x42	0x9831	0x763a	0x9919	e801a500	exact							
3	0x77b59d07836d	165	0x9a24c	0x26cd79	0x26cd7b	+0x2	tail	0x9a46b	66	0x855ff	0x42	0x9831	0x763a	0x9919	0x4b00	0x9943	4200	exact							
4	0x77b59d07836d	66	0x855ff	0x26cd7b	0x26cd7e	+0x3	tail	0x859f9	340	0xbf435	0x9831	0x763a	0x9919	0x4b00	0x9943	0x4400	31983a	exact							
5	0x77b59d07836d	340	0xbf435	0x26cd7e	0x26cd82	+0x4	tail	0xbf886	157	0x98a9a	0x1976	0x99	0x434b	0x99	0x1444	0x1e8	76199900	exact							
6	0x77b59d07836d	157	0x98a9a	0x26cd82	0x26cd86	+0x4	tail	0x99026	287	0xb45d2	0x434b	0x99	0x1444	0x1e8	0x4a14	0xab	4b439900	exact							
7	0x77b59d07836d	287	0xb45d2	0x26cd86	0x26cd8a	+0x4	tail	0xb497e	340	0xbf435	0x1444	0x1e8	0x4a14	0xab	0xdf7f	0xab	4414e801	exact							
8	0x77b59d07836d	340	0xbf435	0x26cd8a	0x26cd8e	+0x4	tail	0xbf886	333	0xbd8af	0x4a14	0xab	0xdf7f	0xab	0x89e0	0xe82a	144aab00	exact							
9	0x77b59d07836d	333	0xbd8af	0x26cd8e	0x26cd92	+0x4	tail	0xbdd16	18	0x7be9b	0xdf7f	0xab	0x89e0	0xe82a	0x9901	0xf0f5	7fdfab00	exact							
10	0x77b59d07836d	18	0x7be9b	0x26cd92	0x26cd95	+0x3	tail	0x7c308	315	0xb9451	0x89e0	0xe82a	0x9901	0xf0f5	0xfc8a	0x4090	e0892a	exact							
11	0x77b59d07836d	315	0xb9451	0x26cd95	0x26cd99	+0x4	tail	0xb9878	189	0x9e7af	0x1e8	0xf599	0x8af0	0x90fc	0x1540	0xa2af	e80199f5	exact							
12	0x77b59d07836d	189	0x9e7af	0x26cd99	0x26cd9d	+0x4	tail	0x9eac9	307	0xb8064	0x8af0	0x90fc	0x1540	0xa2af	0xe3af	0x6e00	f08afc90	exact							
13	0x77b59d07836d	307	0xb8064	0x26cd9d	0x26cda0	+0x3	tail	0xb837a	172	0x9b68a	0x1540	0xa2af	0xe3af	0x6e00	0xe834	0x7d01	4015af	exact							
14	0x77b59d07836d	172	0x9b68a	0x26cda0	0x26cda4	+0x4	tail	0x9ba72	346	0xc0535	0xafa2	0xe3	0x346e	0x1e8	0x2b7d	0x73fa	a2afe300	exact							
15	0x77b59d07836d	346	0xc0535	0x26cda4	0x26cda8	+0x4	tail	0xc088b	66	0x855ff	0x346e	0x1e8	0x2b7d	0x73fa	0x28d8	0x9300	6e34e801	exact							
16	0x77b59d07836d	66	0x855ff	0x26cda8	0x26cdab	+0x3	tail	0x859f9	157	0x98a9a	0x2b7d	0x73fa	0x28d8	0x9300	0x300f	0xd2a5	7d2bfa	exact							
17	0x77b59d07836d	157	0x98a9a	0x26cdab	0x26cdaf	+0x4	tail	0x99026	189	0x9e7af	0xd873	0x28	0xf93	0xa530	0xd2	0x1e8	73d82800	exact							
18	0x77b59d07836d	189	0x9e7af	0x26cdaf	0x26cdb3	+0x4	tail	0x9eac9	26	0x7dbbb	0xf93	0xa530	0xd2	0x1e8	0xdfb	0x123	930f30a5	exact							
19	0x77b59d07836d	26	0x7dbbb	0x26cdb3	0x26cdb7	+0x4	tail	0x7dfbd	157	0x98a9a	0xd2	0x1e8	0xdfb	0x123	0x2de7	0xee3a	d200e801	exact							
20	0x77b59d07836d	157	0x98a9a	0x26cdb7	0x26cdbb	+0x4	tail	0x99026	185	0x9d964	0xdfb	0x123	0x2de7	0xee3a	0x58de	0x6d4	fb0d2301	exact							
21	0x77b59d07836d	185	0x9d964	0x26cdbb	0x26cdbe	+0x3	tail	0x9dcab	189	0x9e7af	0x2de7	0xee3a	0x58de	0x6d4	0xe8d0	0x5401	e72d3a	exact							
22	0x77b59d07836d	189	0x9e7af	0x26cdbe	0x26cdc2	+0x4	tail	0x9eac9	287	0xb45d2	0xdeee	0xd458	0xd006	0x1e8	0x3554	0x4fc0	eede58d4	exact							
23	0x77b59d07836d	287	0xb45d2	0x26cdc2	0x26cdc6	+0x4	tail	0xb497e	43	0x8173d	0xd006	0x1e8	0x3554	0x4fc0	0xad8	0xfc8	06d0e801	exact							
24	0x77b59d07836d	43	0x8173d	0x26cdc6	0x26cdca	+0x4	tail	0x81b7c	215	0xa4609	0x3554	0x4fc0	0xad8	0xfc8	0x8b80	0xd101	5435c04f	exact							
25	0x77b59d07836d	215	0xa4609	0x26cdca	0x26cdcd	+0x3	tail	0xa4a5e	347	0xc088d	0xad8	0xfc8	0x8b80	0xd101	0xe8c3	0x101	d80ac8	exact							
26	0x77b59d07836d	347	0xc088d	0x26cdcd	0x26cdd1	+0x4	tail	0xc0d7b	346	0xc0535	0x800f	0x18b	0xc3d1	0x1e8	0xe601	0x93ed	0f808b01	exact							
27	0x77b59d07836d	346	0xc0535	0x26cdd1	0x26cdd5	+0x4	tail	0xc088b	43	0x8173d	0xc3d1	0x1e8	0xe601	0x93ed	0xac5d	0x33de	d1c3e801	exact							
28	0x77b59d07836d	43	0x8173d	0x26cdd5	0x26cdd9	+0x4	tail	0x81b7c	66	0x855ff	0xe601	0x93ed	0xac5d	0x33de	0xc1ad	0xa4d6	01e6ed93	exact							
29	0x77b59d07836d	66	0x855ff	0x26cdd9	0x26cddc	+0x3	tail	0x859f9	337	0xbec0e	0xac5d	0x33de	0xc1ad	0xa4d6	0xe8fa	0xb001	5dacde	exact							
30	0x77b59d07836d	337	0xbec0e	0x26cddc	0x26cde0	+0x4	tail	0xbf126	346	0xc0535	0xad33	0xd6c1	0xfaa4	0x1e8	0x9b0	0x44f1	33adc1d6	exact							
31	0x77b59d07836d	346	0xc0535	0x26cde0	0x26cde4	+0x4	tail	0xc088b	268	0xb0007	0xfaa4	0x1e8	0x9b0	0x44f1	0xa90	0x28da	a4fae801	exact							
32	0x77b59d07836d	268	0xb0007	0x26cde4	0x26cde8	+0x4	tail	0xb0458	18	0x7be9b	0x9b0	0x44f1	0xa90	0x28da	0xb891	0xe80a	b009f144	exact							
33	0x77b59d07836d	18	0x7be9b	0x26cde8	0x26cdeb	+0x3	tail	0x7c308	337	0xbec0e	0xa90	0x28da	0xb891	0xe80a	0xe201	0x7080	900ada	exact							
34	0x77b59d07836d	337	0xbec0e	0x26cdeb	0x26cdef	+0x4	tail	0xbf126	33	0x7f7c4	0x9128	0xab8	0x1e8	0x80e2	0x2570	0xce52	2891b80a	exact							
35	0x77b59d07836d	33	0x7f7c4	0x26cdef	0x26cdf3	+0x4	tail	0x7fba1	18	0x7be9b	0x1e8	0x80e2	0x2570	0xce52	0xd657	0xd4d9	e801e280	exact							
36	0x77b59d07836d	18	0x7be9b	0x26cdf3	0x26cdf6	+0x3	tail	0x7c308	168	0x9aa83	0x2570	0xce52	0xd657	0xd4d9	0x1399	0xe800	702552	exact							
37	0x77b59d07836d	168	0x9aa83	0x26cdf6	0x26cdfa	+0x4	tail	0x9af16	337	0xbec0e	0x57ce	0xd9d6	0x99d4	0x13	0x1e8	0x861e	ce57d6d9	exact							
38	0x77b59d07836d	337	0xbec0e	0x26cdfa	0x26cdfe	+0x4	tail	0xbf126	33	0x7f7c4	0x99d4	0x13	0x1e8	0x861e	0xd065	0xd762	d4991300	exact							
39	0x77b59d07836d	33	0x7f7c4	0x26cdfe	0x26ce02	+0x4	tail	0x7fba1	168	0x9aa83	0x1e8	0x861e	0xd065	0xd762	0x9dc9	0x95af	e8011e86	exact							
40	0x77b59d07836d	168	0x9aa83	0x26ce02	0x26ce06	+0x4	tail	0x9af16	307	0xb8064	0xd065	0xd762	0x9dc9	0x95af	0x5c01	0xe8e0	65d062d7	exact							
41	0x77b59d07836d	307	0xb8064	0x26ce06	0x26ce09	+0x3	tail	0xb837a	189	0x9e7af	0x9dc9	0x95af	0x5c01	0xe8e0	0xe101	0x4df3	c99daf	exact							
42	0x77b59d07836d	189	0x9e7af	0x26ce09	0x26ce0d	+0x4	tail	0x9eac9	315	0xb9451	0x195	0xe05c	0x1e8	0xf3e1	0x924d	0xd439	95015ce0	exact							
43	0x77b59d07836d	315	0xb9451	0x26ce0d	0x26ce11	+0x4	tail	0xb9878	114	0x90319	0x1e8	0xf3e1	0x924d	0xd439	0xfa2a	0xaa3	e801e1f3	exact							
44	0x77b59d07836d	114	0x90319	0x26ce11	0x26ce15	+0x4	tail	0x90893	172	0x9b68a	0x924d	0xd439	0xfa2a	0xaa3	0xab3c	0x2e3a	4d9239d4	exact							
45	0x77b59d07836d	172	0x9b68a	0x26ce15	0x26ce19	+0x4	tail	0x9ba72	18	0x7be9b	0xfa2a	0xaa3	0xab3c	0x2e3a	0xe812	0x5001	2afaa30a	exact							
46	0x77b59d07836d	18	0x7be9b	0x26ce19	0x26ce1c	+0x3	tail	0x7c308	243	0xaab6a	0xab3c	0x2e3a	0xe812	0x5001	0x8b5	0x9376	3cab3a	exact							
47	0x77b59d07836d	243	0xaab6a	0x26ce1c	0x26ce20	+0x4	tail	0xaaf3c	337	0xbec0e	0x122e	0x1e8	0xb550	0x7608	0xf493	0x91	2e12e801	exact							
48	0x77b59d07836d	337	0xbec0e	0x26ce20	0x26ce24	+0x4	tail	0xbf126	333	0xbd8af	0xb550	0x7608	0xf493	0x91	0xe53c	0xdc3a	50b50876	exact							
49	0x77b59d07836d	333	0xbd8af	0x26ce24	0x26ce28	+0x4	tail	0xbdd16	185	0x9d964	0xf493	0x91	0xe53c	0xdc3a	0xe896	0x5e01	93f49100	exact							
50	0x77b59d07836d	185	0x9d964	0x26ce28	0x26ce2b	+0x3	tail	0x9dcab	287	0xb45d2	0xe53c	0xdc3a	0xe896	0x5e01	0x8fb	0xd3f1	3ce53a	exact							
51	0x77b59d07836d	287	0xb45d2	0x26ce2b	0x26ce2f	+0x4	tail	0xb497e	258	0xadf2c	0x96dc	0x1e8	0xfb5e	0xf108	0xd1d3	0x91	dc96e801	exact							
52	0x77b59d07836d	258	0xadf2c	0x26ce2f	0x26ce33	+0x4	tail	0xae32f	333	0xbd8af	0xfb5e	0xf108	0xd1d3	0x91	0x2c55	0xa6e8	5efb08f1	exact							
53	0x77b59d07836d	333	0xbd8af	0x26ce33	0x26ce37	+0x4	tail	0xbdd16	66	0x855ff	0xd1d3	0x91	0x2c55	0xa6e8	0xe860	0x4501	d3d19100	exact							
54	0x77b59d07836d	66	0x855ff	0x26ce37	0x26ce3a	+0x3	tail	0x859f9	305	0xb78b0	0x2c55	0xa6e8	0xe860	0x4501	0xb48d	0xbd72	552ce8	exact							
55	0x77b59d07836d	305	0xb78b0	0x26ce3a	0x26ce3e	+0x4	tail	0xb7bb8	307	0xb8064	0x60a6	0x1e8	0x8d45	0x72b4	0x54bd	0x78c9	a660e801	exact							
56	0x77b59d07836d	307	0xb8064	0x26ce3e	0x26ce41	+0x3	tail	0xb837a	347	0xc088d	0x8d45	0x72b4	0x54bd	0x78c9	0xebb5	0xe803	458db4	exact							
57	0x77b59d07836d	347	0xc088d	0x26ce41	0x26ce45	+0x4	tail	0xc0d7b	172	0x9b68a	0xbd72	0xc954	0xb578	0x3eb	0x1e8	0xf129	72bd54c9	exact							
58	0x77b59d07836d	172	0x9b68a	0x26ce45	0x26ce49	+0x4	tail	0x9ba72	315	0xb9451	0xb578	0x3eb	0x1e8	0xf129	0x3cee	0x4902	78b5eb03	exact							
59	0x77b59d07836d	315	0xb9451	0x26ce49	0x26ce4d	+0x4	tail	0xb9878	43	0x8173d	0x1e8	0xf129	0x3cee	0x4902	0xa06d	0xcf38	e80129f1	exact							
60	0x77b59d07836d	43	0x8173d	0x26ce4d	0x26ce51	+0x4	tail	0x81b7c	66	0x855ff	0x3cee	0x4902	0xa06d	0xcf38	0x5fba	0xe8e2	ee3c0249	exact							
61	0x77b59d07836d	66	0x855ff	0x26ce51	0x26ce54	+0x3	tail	0x859f9	337	0xbec0e	0xa06d	0xcf38	0x5fba	0xe8e2	0x6a01	0x6fca	6da038	exact							
62	0x77b59d07836d	337	0xbec0e	0x26ce54	0x26ce58	+0x4	tail	0xbf126	33	0x7f7c4	0xbacf	0xe25f	0x1e8	0xca6a	0xd56f	0x49af	cfba5fe2	exact							
63	0x77b59d07836d	33	0x7f7c4	0x26ce58	0x26ce5c	+0x4	tail	0x7fba1	307	0xb8064	0x1e8	0xca6a	0xd56f	0x49af	0xc6e	0x72f4	e8016aca	exact							
64	0x77b59d07836d	307	0xb8064	0x26ce5c	0x26ce5f	+0x3	tail	0xb837a	196	0x9fbcd	0xd56f	0x49af	0xc6e	0x72f4	0x5cf8	0x86d8	6fd5af	exact							
65	0x77b59d07836d	196	0x9fbcd	0x26ce5f	0x26ce63	+0x4	tail	0xa0068	189	0x9e7af	0x6e49	0xf40c	0xf872	0xd85c	0xcb86	0x1e8	496e0cf4	exact							
66	0x77b59d07836d	189	0x9e7af	0x26ce63	0x26ce67	+0x4	tail	0x9eac9	287	0xb45d2	0xf872	0xd85c	0xcb86	0x1e8	0x1e8	0x13d	72f85cd8	exact							
67	0x77b59d07836d	287	0xb45d2	0x26ce67	0x26ce6b	+0x4	tail	0xb497e	167	0x9a8d2	0xcb86	0x1e8	0x1e8	0x13d	0x640a	0xe810	86cbe801	exact							
68	0x77b59d07836d	167	0x9a8d2	0x26ce6b	0x26ce71	+0x6	tail	0x9aa81	283	0xb3612	0x1e8	0x13d	0x640a	0xe810	0xc401	0x9e62	e8013d010a64	exact							
69	0x77b59d07836d	283	0xb3612	0x26ce71	0x26ce76	+0x5	tail	0xb3799	258	0xadf2c	0xe810	0xc401	0x9e62	0x38fc	0xe4fb	0xac40	10e801c462	exact							
70	0x77b59d07836d	258	0xadf2c	0x26ce76	0x26ce7a	+0x4	tail	0xae32f	322	0xbb3c9	0xfc9e	0xfb38	0x40e4	0x94ac	0x750	0x1e8	9efc38fb	exact							
71	0x77b59d07836d	322	0xbb3c9	0x26ce7a	0x26ce7e	+0x4	tail	0xbb6e3	91	0x8b6de	0x40e4	0x94ac	0x750	0x1e8	0x16b3	0xf93a	e440ac94	exact							
72	0x77b59d07836d	91	0x8b6de	0x26ce7e	0x26ce82	+0x4	tail	0x8b8c9	185	0x9d964	0x750	0x1e8	0x16b3	0xf93a	0xea2c	0x10	5007e801	exact							
73	0x77b59d07836d	185	0x9d964	0x26ce82	0x26ce85	+0x3	tail	0x9dcab	268	0xb0007	0x16b3	0xf93a	0xea2c	0x10	0x13d	0xc670	b3163a	exact							
74	0x77b59d07836d	268	0xb0007	0x26ce85	0x26ce89	+0x4	tail	0xb0458	301	0xb708d	0x2cf9	0x10ea	0x3d00	0x7001	0xfec6	0xcc31	f92cea10	exact							
75	0x77b59d07836d	301	0xb708d	0x26ce89	0x26ce8e	+0x5	tail	0xb7583	256	0xad849	0x3d00	0x7001	0xfec6	0xcc31	0x7bf5	0xa00f	003d0170c6	exact							
76	0x77b59d07836d	256	0xad849	0x26ce8e	0x26ce90	+0x2	tail	0xadbfa	200	0xa0a9e	0x31fe	0xf5cc	0xf7b	0xaa0	0x5ebf	0x68	fe31	exact							
77	0x77b59d07836d	200	0xa0a9e	0x26ce90	0x26ce96	+0x6	tail	0xa0dc7	340	0xbf435	0xf5cc	0xf7b	0xaa0	0x5ebf	0x68	0x4fd0	ccf57b0fa00a	exact							
78	0x77b59d07836d	340	0xbf435	0x26ce96	0x26ce9a	+0x4	tail	0xbf886	168	0x9aa83	0x5ebf	0x68	0x4fd0	0xd88e	0xe529	0xbaab	bf5e6800	exact							
79	0x77b59d07836d	168	0x9aa83	0x26ce9a	0x26ce9e	+0x4	tail	0x9af16	307	0xb8064	0x4fd0	0xd88e	0xe529	0xbaab	0x56	0x13d	d04f8ed8	exact							
80	0x77b59d07836d	307	0xb8064	0x26ce9e	0x26cea1	+0x3	tail	0xb837a	70	0x8610e	0xe529	0xbaab	0x56	0x13d	0xd045	0xad8	29e5ab	exact							
81	0x77b59d07836d	70	0x8610e	0x26cea1	0x26cea6	+0x5	tail	0x86763	108	0x8f24b	0x56ba	0x3d00	0x4501	0xd8d0	0x8f0a	0x8bef	ba56003d01	exact							
82	0x77b59d07836d	108	0x8f24b	0x26cea6	0x26cea8	+0x2	tail	0x8f6cf	28	0x7e390	0xd045	0xad8	0xef8f	0xfb8b	0xe820	0xbc92	45d0	exact							
83	0x77b59d07836d	28	0x7e390	0x26cea8	0x26ceab	+0x3	tail	0x7e7ca	347	0xc088d	0xad8	0xef8f	0xfb8b	0xe820	0xbc92	0x3ae3	d80a8f	exact							
84	0x77b59d07836d	347	0xc088d	0x26ceab	0x26ceaf	+0x4	tail	0xc0d7b	196	0x9fbcd	0x8bef	0x20fb	0x92e8	0xe3bc	0x5e3a	0x84f3	ef8bfb20	exact							
85	0x77b59d07836d	196	0x9fbcd	0x26ceaf	0x26ceb3	+0x4	tail	0xa0068	179	0x9ca8d	0x92e8	0xe3bc	0x5e3a	0x84f3	0xee	0x6e60	e892bce3	exact							
86	0x77b59d07836d	179	0x9ca8d	0x26ceb3	0x26ceb8	+0x5	tail	0x9cf2f	49	0x82820	0x5e3a	0x84f3	0xee	0x6e60	0x13d	0x8bd8	3a5ef384ee	exact							
87	0x77b59d07836d	49	0x82820	0x26ceb8	0x26cebd	+0x5	tail	0x82e73	108	0x8f24b	0x6000	0x3d6e	0xd801	0x2b8b	0x6845	0x5500	00606e3d01	exact							
88	0x77b59d07836d	108	0x8f24b	0x26cebd	0x26cebf	+0x2	tail	0x8f6cf	157	0x98a9a	0x8bd8	0x452b	0x68	0x55	0x82f7	0x9cc3	d88b	exact							
89	0x77b59d07836d	157	0x98a9a	0x26cebf	0x26cec3	+0x4	tail	0x99026	347	0xc088d	0x452b	0x68	0x55	0x82f7	0x9cc3	0x43b2	2b456800	exact							
90	0x77b59d07836d	347	0xc088d	0x26cec3	0x26cec7	+0x4	tail	0xc0d7b	254	0xad32c	0x55	0x82f7	0x9cc3	0x43b2	0xd7f1	0x826a	5500f782	exact							
91	0x77b59d07836d	254	0xad32c	0x26cec7	0x26cecb	+0x4	tail	0xad766	66	0x855ff	0x9cc3	0x43b2	0xd7f1	0x826a	0x3da8	0x1	c39cb243	exact							
92	0x77b59d07836d	66	0x855ff	0x26cecb	0x26cece	+0x3	tail	0x859f9	79	0x885b0	0xd7f1	0x826a	0x3da8	0x1	0xb3f7	0x4952	f1d76a	exact							
93	0x77b59d07836d	79	0x885b0	0x26cece	0x26ced3	+0x5	tail	0x88a55	257	0xadbfd	0xa882	0x13d	0xf700	0x52b3	0x2149	0xcfba	82a83d0100	exact							
94	0x77b59d07836d	257	0xadbfd	0x26ced3	0x26ced5	+0x2	tail	0xadf29	140	0x94e5a	0xb3f7	0x4952	0xba21	0xeecf	0x3aa5	0x68	f7b3	exact							
95	0x77b59d07836d	140	0x94e5a	0x26ced5	0x26cedb	+0x6	tail	0x951c0	340	0xbf435	0x4952	0xba21	0xeecf	0x3aa5	0x68	0x2e56	524921bacfee	exact							
96	0x77b59d07836d	340	0xbf435	0x26cedb	0x26cedf	+0x4	tail	0xbf886	199	0xa0631	0x3aa5	0x68	0x2e56	0x7b1	0x592	0xa2	a53a6800	exact							
97	0x77b59d07836d	199	0xa0631	0x26cedf	0x26cee2	+0x3	tail	0xa0a9c	203	0xa1484	0x2e56	0x7b1	0x592	0xa2	0x13d	0x3b60	562eb1	exact							
98	0x77b59d07836d	203	0xa1484	0x26cee2	0x26cee6	+0x4	tail	0xa1936	320	0xbada5	0x9207	0xa205	0x3d00	0x6001	0x7a3b	0x620f	079205a2	exact							
99	0x77b59d07836d	320	0xbada5	0x26cee6	0x26ceeb	+0x5	tail	0xbb1db	173	0x9ba74	0x3d00	0x6001	0x7a3b	0x620f	0x99e	0x793	003d01603b	exact							
100	0x77b59d07836d	173	0x9ba74	0x26ceeb	0x26ceed	+0x2	tail	0x9bd8c	250	0xac802	0xf7a	0x9e62	0x9309	0xef07	0xfc79	0xb3c7	7a0f	exact							
101	0x77b59d07836d	250	0xac802	0x26ceed	0x26cef0	+0x3	tail	0xacbc3	43	0x8173d	0x9e62	0x9309	0xef07	0xfc79	0xb3c7	0x6200	629e09	exact							
102	0x77b59d07836d	43	0x8173d	0x26cef0	0x26cef4	+0x4	tail	0x81b7c	340	0xbf435	0x793	0x79ef	0xc7fc	0xb3	0x8962	0xf7f8	9307ef79	exact							
103	0x77b59d07836d	340	0xbf435	0x26cef4	0x26cef8	+0x4	tail	0xbf886	146	0x96407	0xc7fc	0xb3	0x8962	0xf7f8	0x8291	0xb61e	fcc7b300	exact							
104	0x77b59d07836d	146	0x96407	0x26cef8	0x26cefd	+0x5	tail	0x96915	66	0x855ff	0x8962	0xf7f8	0x8291	0xb61e	0xa00	0x3daf	6289f8f791	exact							
105	0x77b59d07836d	66	0x855ff	0x26cefd	0x26cf00	+0x3	tail	0x859f9	99	0x8c99a	0x1e82	0xb6	0xaf0a	0x13d	0x2be9	0xf657	821eb6	exact							
106	0x77b59d07836d	99	0x8c99a	0x26cf00	0x26cf05	+0x5	tail	0x8cc7f	160	0x994cf	0xa00	0x3daf	0xe901	0x572b	0x6bf6	0xb08b	000aaf3d01	exact							
107	0x77b59d07836d	160	0x994cf	0x26cf05	0x26cf07	+0x2	tail	0x99757	43	0x8173d	0x2be9	0xf657	0x8b6b	0xfdb0	0xa60	0xac14	e92b	exact							
108	0x77b59d07836d	43	0x8173d	0x26cf07	0x26cf0b	+0x4	tail	0x81b7c	300	0xb6c36	0xf657	0x8b6b	0xfdb0	0xa60	0xac14	0x7621	57f66b8b	exact							
109	0x77b59d07836d	300	0xb6c36	0x26cf0b	0x26cf0f	+0x4	tail	0xb708a	258	0xadf2c	0xfdb0	0xa60	0xac14	0x7621	0x655	0x3dae	b0fd600a	exact							
110	0x77b59d07836d	258	0xadf2c	0x26cf0f	0x26cf13	+0x4	tail	0xae32f	297	0xb64d7	0xac14	0x7621	0x655	0x3dae	0x6901	0x4858	14ac2176	exact							
111	0x77b59d07836d	297	0xb64d7	0x26cf13	0x26cf16	+0x3	tail	0xb68ff	242	0xaa87d	0x655	0x3dae	0x6901	0x4858	0xa5	0x0	5506ae	exact							
112	0x77b59d07836d	242	0xaa87d	0x26cf16	0x26cf1b	+0x5	tail	0xaab67	145	0x95b5c	0x13d	0x5869	0xa548	0x0	0xec00	0xb	3d01695848	exact							
113	0x77b59d07836d	145	0x95b5c	0x26cf1b	0x26db07	+0xbec	tail	0x9634f	165	0x9a24c	0xa5	0x0	0xbec	0x0	0x13d	0x6022	a5000000ec0b00003d01226005cfb8eb00c5036f80909d5a47e8015ead78020e	prefix_32_of_3052							
114	0x77b59d07836d	165	0x9a24c	0x26db07	0x26db09	+0x2	tail	0x9a46b	199	0xa0631	0xc7	0x480f	0x2a3a	0x3389	0xeebc	0x6e8d	c700	exact							
115	0x77b59d07836d	199	0xa0631	0x26db09	0x26db0c	+0x3	tail	0xa0a9c	114	0x90319	0x480f	0x2a3a	0x3389	0xeebc	0x6e8d	0x403e	0f483a	exact							
116	0x77b59d07836d	114	0x90319	0x26db0c	0x26db10	+0x4	tail	0x90893	350	0xc1926	0x892a	0xbc33	0x8dee	0x3e6e	0x540	0x1e8	2a8933bc	exact							
117	0x77b59d07836d	350	0xc1926	0x26db10	0x26db14	+0x4	tail	0xc1d46	91	0x8b6de	0x8dee	0x3e6e	0x540	0x1e8	0xd4b4	0xd5fe	ee8d6e3e	exact							
118	0x77b59d07836d	91	0x8b6de	0x26db14	0x26db18	+0x4	tail	0x8b8c9	168	0x9aa83	0x540	0x1e8	0xd4b4	0xd5fe	0x3d00	0xdc01	4005e801	exact							
119	0x77b59d07836d	168	0x9aa83	0x26db18	0x26db1c	+0x4	tail	0x9af16	220	0xa522e	0xd4b4	0xd5fe	0x3d00	0xdc01	0x913f	0xbd2a	b4d4fed5	exact							
120	0x77b59d07836d	220	0xa522e	0x26db1c	0x26db21	+0x5	tail	0xa5886	160	0x994cf	0x3d00	0xdc01	0x913f	0xbd2a	0x3749	0x10b0	003d01dc3f	exact							
121	0x77b59d07836d	160	0x994cf	0x26db21	0x26db23	+0x2	tail	0x99757	64	0x85059	0x2a91	0x49bd	0xb037	0x6810	0x2891	0xa136	912a	exact							
122	0x77b59d07836d	64	0x85059	0x26db23	0x26db27	+0x4	tail	0x8536e	239	0xa991e	0x49bd	0xb037	0x6810	0x2891	0xa136	0x1240	bd4937b0	exact							
123	0x77b59d07836d	239	0xa991e	0x26db27	0x26db2d	+0x6	tail	0xa9cf4	18	0x7be9b	0x6810	0x2891	0xa136	0x1240	0xe39a	0x1655	1068912836a1	exact							
124	0x77b59d07836d	18	0x7be9b	0x26db2d	0x26db30	+0x3	tail	0x7c308	168	0x9aa83	0x1240	0xe39a	0x1655	0x3dd9	0xbe01	0x2e	40129a	exact							
125	0x77b59d07836d	168	0x9aa83	0x26db30	0x26db34	+0x4	tail	0x9af16	319	0xba72f	0x55e3	0xd916	0x13d	0x2ebe	0xf600	0xc425	e35516d9	exact							
126	0x77b59d07836d	319	0xba72f	0x26db34	0x26db39	+0x5	tail	0xbada2	256	0xad849	0x13d	0x2ebe	0xf600	0xc425	0xb30c	0x7800	3d01be2e00	exact							
127	0x77b59d07836d	256	0xad849	0x26db39	0x26db3b	+0x2	tail	0xadbfa	340	0xbf435	0x25f6	0xcc4	0xb3	0x178	0x7914	0xad3a	f625	exact							
128	0x77b59d07836d	340	0xbf435	0x26db3b	0x26db3f	+0x4	tail	0xbf886	43	0x8173d	0xcc4	0xb3	0x178	0x7914	0xad3a	0x5894	c40cb300	exact							
129	0x77b59d07836d	43	0x8173d	0x26db3f	0x26db43	+0x4	tail	0x81b7c	146	0x96407	0x178	0x7914	0xad3a	0x5894	0x68f8	0x5b09	78011479	exact							
130	0x77b59d07836d	146	0x96407	0x26db43	0x26db48	+0x5	tail	0x96915	28	0x7e390	0xad3a	0x5894	0x68f8	0x5b09	0x3d00	0x5f01	3aad9458f8	exact							
131	0x77b59d07836d	28	0x7e390	0x26db48	0x26db4b	+0x3	tail	0x7e7ca	301	0xb708d	0x968	0x5b	0x13d	0xf05f	0x63fc	0xcb8e	68095b	exact							
132	0x77b59d07836d	301	0xb708d	0x26db4b	0x26db50	+0x5	tail	0xb7583	108	0x8f24b	0x3d00	0x5f01	0xfcf0	0x8e63	0x32cb	0xe0bf	003d015ff0	exact							
133	0x77b59d07836d	108	0x8f24b	0x26db50	0x26db52	+0x2	tail	0x8f6cf	43	0x8173d	0x63fc	0xcb8e	0xbf32	0x3e0	0x518e	0x58	fc63	exact							
134	0x77b59d07836d	43	0x8173d	0x26db52	0x26db56	+0x4	tail	0x81b7c	28	0x7e390	0xcb8e	0xbf32	0x3e0	0x518e	0x58	0x5fe0	8ecb32bf	exact							
135	0x77b59d07836d	28	0x7e390	0x26db56	0x26db59	+0x3	tail	0x7e7ca	124	0x91e81	0x3e0	0x518e	0x58	0x5fe0	0xdfc9	0x7eb7	e0038e	exact							
136	0x77b59d07836d	124	0x91e81	0x26db59	0x26db5f	+0x6	tail	0x922c1	258	0xadf2c	0x5851	0xe000	0xc95f	0xb7df	0x287e	0x907d	515800e05fc9	exact							
137	0x77b59d07836d	258	0xadf2c	0x26db5f	0x26db63	+0x4	tail	0xae32f	37	0x80685	0xb7df	0x287e	0x907d	0x3d91	0xf01	0x69e	dfb77e28	exact							
138	0x77b59d07836d	37	0x80685	0x26db63	0x26db68	+0x5	tail	0x80d77	144	0x95887	0x907d	0x3d91	0xf01	0x69e	0x5a0b	0x7f01	7d90913d01	exact							
139	0x77b59d07836d	144	0x95887	0x26db68	0x26db6a	+0x2	tail	0x95b59	347	0xc088d	0x9e0f	0xb06	0x15a	0x9f7f	0x1790	0x4cba	0f9e	exact							
140	0x77b59d07836d	347	0xc088d	0x26db6a	0x26db6e	+0x4	tail	0xc0d7b	203	0xa1484	0xb06	0x15a	0x9f7f	0x1790	0x4cba	0x3190	060b5a01	exact							
141	0x77b59d07836d	203	0xa1484	0x26db6e	0x26db72	+0x4	tail	0xa1936	239	0xa991e	0x9f7f	0x1790	0x4cba	0x3190	0xa1be	0x3a39	7f9f9017	exact							
142	0x77b59d07836d	239	0xa991e	0x26db72	0x26db78	+0x6	tail	0xa9cf4	66	0x855ff	0x4cba	0x3190	0xa1be	0x3a39	0xa0	0x13d	ba4c9031bea1	exact							
143	0x77b59d07836d	66	0x855ff	0x26db78	0x26db7b	+0x3	tail	0x859f9	269	0xb045b	0x3a39	0xa0	0x13d	0xd549	0x3df6	0x9c6c	393aa0	exact							
144	0x77b59d07836d	269	0xb045b	0x26db7b	0x26db80	+0x5	tail	0xb092e	108	0x8f24b	0x3d00	0x4901	0xf6d5	0x6c3d	0x9c	0x47e4	003d0149d5	exact							
145	0x77b59d07836d	108	0x8f24b	0x26db80	0x26db82	+0x2	tail	0x8f6cf	124	0x91e81	0x3df6	0x9c6c	0xe400	0xc147	0x658	0x8fa2	f63d	exact							
146	0x77b59d07836d	124	0x91e81	0x26db82	0x26db88	+0x6	tail	0x922c1	28	0x7e390	0x9c6c	0xe400	0xc147	0x658	0x8fa2	0x2992	6c9c00e447c1	exact							
147	0x77b59d07836d	28	0x7e390	0x26db88	0x26db8b	+0x3	tail	0x7e7ca	203	0xa1484	0x658	0x8fa2	0x2992	0x64a3	0x9dfc	0xf4f7	5806a2	exact							
148	0x77b59d07836d	203	0xa1484	0x26db8b	0x26db8f	+0x4	tail	0xa1936	337	0xbec0e	0x928f	0xa329	0xfc64	0xf79d	0xaef4	0x3d00	8f9229a3	exact							
149	0x77b59d07836d	337	0xbec0e	0x26db8f	0x26db93	+0x4	tail	0xbf126	83	0x8947b	0xfc64	0xf79d	0xaef4	0x3d00	0x101	0x23d9	64fc9df7	exact							
150	0x77b59d07836d	83	0x8947b	0x26db93	0x26db98	+0x5	tail	0x89839	108	0x8f24b	0xaef4	0x3d00	0x101	0x23d9	0x6df	0xa350	f4ae003d01	exact							
151	0x77b59d07836d	108	0x8f24b	0x26db98	0x26db9a	+0x2	tail	0x8f6cf	199	0xa0631	0xd901	0xdf23	0x5006	0x13a3	0x8800	0x150e	01d9	exact							
152	0x77b59d07836d	199	0xa0631	0x26db9a	0x26db9d	+0x3	tail	0xa0a9c	340	0xbf435	0xdf23	0x5006	0x13a3	0x8800	0x150e	0x6fb3	23df06	exact							
153	0x77b59d07836d	340	0xbf435	0x26db9d	0x26dba1	+0x4	tail	0xbf886	260	0xae90b	0xa350	0x13	0xe88	0xb315	0x906f	0xe2b0	50a31300	exact							
154	0x77b59d07836d	260	0xae90b	0x26dba1	0x26dba5	+0x4	tail	0xaeda0	203	0xa1484	0xe88	0xb315	0x906f	0xe2b0	0x3d00	0x5f01	880e15b3	exact							
155	0x77b59d07836d	203	0xa1484	0x26dba5	0x26dba9	+0x4	tail	0xa1936	269	0xb045b	0x906f	0xe2b0	0x3d00	0x5f01	0x6bb7	0xb482	6f90b0e2	exact							
156	0x77b59d07836d	269	0xb045b	0x26dba9	0x26dbae	+0x5	tail	0xb092e	173	0x9ba74	0x3d00	0x5f01	0x6bb7	0xb482	0xb31e	0x2800	003d015fb7	exact							
157	0x77b59d07836d	173	0x9ba74	0x26dbae	0x26dbb0	+0x2	tail	0x9bd8c	340	0xbf435	0x826b	0x1eb4	0xb3	0xb728	0xa9e6	0xe80e	6b82	exact							
158	0x77b59d07836d	340	0xbf435	0x26dbb0	0x26dbb4	+0x4	tail	0xbf886	297	0xb64d7	0x1eb4	0xb3	0xb728	0xa9e6	0xe80e	0xd201	b41eb300	exact							
159	0x77b59d07836d	297	0xb64d7	0x26dbb4	0x26dbb7	+0x3	tail	0xb68ff	174	0x9bd8f	0xb728	0xa9e6	0xe80e	0xd201	0x8c13	0x11e0	28b7e6	exact							
160	0x77b59d07836d	174	0x9bd8f	0x26dbb7	0x26dbbb	+0x4	tail	0x9c08c	18	0x7be9b	0xea9	0x1e8	0x13d2	0xe08c	0xb311	0x3b00	a90ee801	exact							
161	0x77b59d07836d	18	0x7be9b	0x26dbbb	0x26dbbe	+0x3	tail	0x7c308	340	0xbf435	0x13d2	0xe08c	0xb311	0x3b00	0xe874	0xe801	d2138c	exact							
162	0x77b59d07836d	340	0xbf435	0x26dbbe	0x26dbc2	+0x4	tail	0xbf886	174	0x9bd8f	0x11e0	0xb3	0x743b	0x1e8	0x1e8	0x13d	e011b300	exact							
163	0x77b59d07836d	174	0x9bd8f	0x26dbc2	0x26dbc6	+0x4	tail	0x9c08c	40	0x8115d	0x743b	0x1e8	0x1e8	0x13d	0xb549	0x810	3b74e801	exact							
164	0x77b59d07836d	40	0x8115d	0x26dbc6	0x26dbcc	+0x6	tail	0x8129b	215	0xa4609	0x1e8	0x13d	0xb549	0x810	0x6f1c	0x5b5	e8013d0149b5	exact							
165	0x77b59d07836d	215	0xa4609	0x26dbcc	0x26dbcf	+0x3	tail	0xa4a5e	258	0xadf2c	0x810	0x6f1c	0x5b5	0xe8e1	0xdb01	0xc69b	10081c	exact							
166	0x77b59d07836d	258	0xadf2c	0x26dbcf	0x26dbd3	+0x4	tail	0xae32f	176	0x9c10b	0xb56f	0xe105	0x1e8	0x9bdb	0x78c6	0xc009	6fb505e1	exact							
167	0x77b59d07836d	176	0x9c10b	0x26dbd3	0x26dbd7	+0x4	tail	0x9c3f4	114	0x90319	0x1e8	0x9bdb	0x78c6	0xc009	0x5c57	0xe632	e801db9b	exact							
168	0x77b59d07836d	114	0x90319	0x26dbd7	0x26dbdb	+0x4	tail	0x90893	199	0xa0631	0x78c6	0xc009	0x5c57	0xe632	0xe83a	0x601	c67809c0	exact							
169	0x77b59d07836d	199	0xa0631	0x26dbdb	0x26dbde	+0x3	tail	0xa0a9c	123	0x91a59	0x5c57	0xe632	0xe83a	0x601	0xd31b	0xeaf6	575c32	exact							
170	0x77b59d07836d	123	0x91a59	0x26dbde	0x26dbe2	+0x4	tail	0x91e7f	64	0x85059	0x3ae6	0x1e8	0x1b06	0xf6d3	0xa5ea	0xe8ae	e63ae801	exact							
171	0x77b59d07836d	64	0x85059	0x26dbe2	0x26dbe6	+0x4	tail	0x8536e	307	0xb8064	0x1b06	0xf6d3	0xa5ea	0xe8ae	0xf601	0xecbf	061bd3f6	exact							
172	0x77b59d07836d	307	0xb8064	0x26dbe6	0x26dbe9	+0x3	tail	0xb837a	158	0x99029	0xa5ea	0xe8ae	0xf601	0xecbf	0x1bf4	0x69f7	eaa5ae	exact							
173	0x77b59d07836d	158	0x99029	0x26dbe9	0x26dbed	+0x4	tail	0x992ca	337	0xbec0e	0x1e8	0xbff6	0xf4ec	0xf71b	0x1a69	0xe82c	e801f6bf	exact							
174	0x77b59d07836d	337	0xbec0e	0x26dbed	0x26dbf1	+0x4	tail	0xbf126	66	0x855ff	0xf4ec	0xf71b	0x1a69	0xe82c	0x9c01	0x9067	ecf41bf7	exact							
175	0x77b59d07836d	66	0x855ff	0x26dbf1	0x26dbf4	+0x3	tail	0x859f9	158	0x99029	0x1a69	0xe82c	0x9c01	0x9067	0x1c03	0xb5f5	691a2c	exact							
176	0x77b59d07836d	158	0x99029	0x26dbf4	0x26dbf8	+0x4	tail	0x992ca	215	0xa4609	0x1e8	0x679c	0x390	0xf51c	0x72b5	0xa0ff	e8019c67	exact							
177	0x77b59d07836d	215	0xa4609	0x26dbf8	0x26dbfb	+0x3	tail	0xa4a5e	114	0x90319	0x390	0xf51c	0x72b5	0xa0ff	0xe829	0x5e01	90031c	exact							
178	0x77b59d07836d	114	0x90319	0x26dbfb	0x26dbff	+0x4	tail	0x90893	123	0x91a59	0xb5f5	0xff72	0x29a0	0x1e8	0x925e	0x9d60	f5b572ff	exact							
179	0x77b59d07836d	123	0x91a59	0x26dbff	0x26dc03	+0x4	tail	0x91e7f	189	0x9e7af	0x29a0	0x1e8	0x925e	0x9d60	0x4fc5	0xe87e	a029e801	exact							
180	0x77b59d07836d	189	0x9e7af	0x26dc03	0x26dc07	+0x4	tail	0x9eac9	66	0x855ff	0x925e	0x9d60	0x4fc5	0xe87e	0x2c01	0xb6ac	5e92609d	exact							
181	0x77b59d07836d	66	0x855ff	0x26dc07	0x26dc0a	+0x3	tail	0x859f9	158	0x99029	0x4fc5	0xe87e	0x2c01	0xb6ac	0x1a0f	0x24a2	c54f7e	exact							
182	0x77b59d07836d	158	0x99029	0x26dc0a	0x26dc0e	+0x4	tail	0x992ca	347	0xc088d	0x1e8	0xac2c	0xfb6	0xa21a	0xac24	0xda3a	e8012cac	exact							
183	0x77b59d07836d	347	0xc088d	0x26dc0e	0x26dc12	+0x4	tail	0xc0d7b	185	0x9d964	0xfb6	0xa21a	0xac24	0xda3a	0xe87f	0xa301	b60f1aa2	exact							
184	0x77b59d07836d	185	0x9d964	0x26dc12	0x26dc15	+0x3	tail	0x9dcab	184	0x9d694	0xac24	0xda3a	0xe87f	0xa301	0xf8a7	0x1b0c	24ac3a	exact							
185	0x77b59d07836d	184	0x9d694	0x26dc15	0x26dc19	+0x4	tail	0x9d961	66	0x855ff	0x7fda	0x1e8	0xa7a3	0xcf8	0x381b	0xe800	da7fe801	exact							
186	0x77b59d07836d	66	0x855ff	0x26dc19	0x26dc1c	+0x3	tail	0x859f9	340	0xbf435	0xa7a3	0xcf8	0x381b	0xe800	0xdd01	0xdc72	a3a7f8	exact							
187	0x77b59d07836d	340	0xbf435	0x26dc1c	0x26dc20	+0x4	tail	0xbf886	20	0x7c62b	0x1b0c	0x38	0x1e8	0x72dd	0xfadc	0xe72c	0c1b3800	exact							
188	0x77b59d07836d	20	0x7c62b	0x26dc20	0x26dc24	+0x4	tail	0x7ca96	189	0x9e7af	0x1e8	0x72dd	0xfadc	0xe72c	0x1a3	0xe83a	e801dd72	exact							
189	0x77b59d07836d	189	0x9e7af	0x26dc24	0x26dc28	+0x4	tail	0x9eac9	185	0x9d964	0xfadc	0xe72c	0x1a3	0xe83a	0x7d01	0x10e5	dcfa2ce7	exact							
190	0x77b59d07836d	185	0x9d964	0x26dc28	0x26dc2b	+0x3	tail	0x9dcab	176	0x9c10b	0x1a3	0xe83a	0x7d01	0x10e5	0x4e08	0x1d6b	a3013a	exact							
191	0x77b59d07836d	176	0x9c10b	0x26dc2b	0x26dc2f	+0x4	tail	0x9c3f4	28	0x7e390	0x1e8	0xe57d	0x810	0x6b4e	0x311d	0xe8fd	e8017de5	exact							
192	0x77b59d07836d	28	0x7e390	0x26dc2f	0x26dc32	+0x3	tail	0x7e7ca	258	0xadf2c	0x810	0x6b4e	0x311d	0xe8fd	0x9801	0xa077	10084e	exact							
193	0x77b59d07836d	258	0xadf2c	0x26dc32	0x26dc36	+0x4	tail	0xae32f	20	0x7c62b	0x1d6b	0xfd31	0x1e8	0x7798	0x22a0	0x142e	6b1d31fd	exact							
194	0x77b59d07836d	20	0x7c62b	0x26dc36	0x26dc3a	+0x4	tail	0x7ca96	18	0x7be9b	0x1e8	0x7798	0x22a0	0x142e	0x1acd	0xf89a	e8019877	exact							
195	0x77b59d07836d	18	0x7be9b	0x26dc3a	0x26dc3d	+0x3	tail	0x7c308	64	0x85059	0x22a0	0x142e	0x1acd	0xf89a	0xe864	0xb701	a0222e	exact							
196	0x77b59d07836d	64	0x85059	0x26dc3d	0x26dc41	+0x4	tail	0x8536e	184	0x9d694	0xcd14	0x9a1a	0x64f8	0x1e8	0x5fb7	0x5caa	14cd1a9a	exact							
197	0x77b59d07836d	184	0x9d694	0x26dc41	0x26dc45	+0x4	tail	0x9d961	199	0xa0631	0x64f8	0x1e8	0x5fb7	0x5caa	0x2820	0xcf00	f864e801	exact							
198	0x77b59d07836d	199	0xa0631	0x26dc45	0x26dc48	+0x3	tail	0xa0a9c	340	0xbf435	0x5fb7	0x5caa	0x2820	0xcf00	0xe875	0xec01	b75faa	exact							
199	0x77b59d07836d	340	0xbf435	0x26dc48	0x26dc4c	+0x4	tail	0xbf886	174	0x9bd8f	0x205c	0x28	0x75cf	0x1e8	0xcaec	0xfb1a	5c202800	exact							
200	0x77b59d07836d	174	0x9bd8f	0x26dc4c	0x26dc50	+0x4	tail	0x9c08c	258	0xadf2c	0x75cf	0x1e8	0xcaec	0xfb1a	0x680	0x5837	cf75e801	exact							
201	0x77b59d07836d	258	0xadf2c	0x26dc50	0x26dc54	+0x4	tail	0xae32f	18	0x7be9b	0xcaec	0xfb1a	0x680	0x5837	0xe832	0x101	ecca1afb	exact							
202	0x77b59d07836d	18	0x7be9b	0x26dc54	0x26dc57	+0x3	tail	0x7c308	184	0x9d694	0x680	0x5837	0xe832	0x101	0x7aaf	0x78c4	800637	exact							
203	0x77b59d07836d	184	0x9d694	0x26dc57	0x26dc5b	+0x4	tail	0x9d961	66	0x855ff	0x3258	0x1e8	0xaf01	0xc47a	0xab78	0x8d00	5832e801	exact							
204	0x77b59d07836d	66	0x855ff	0x26dc5b	0x26dc5e	+0x3	tail	0x859f9	340	0xbf435	0xaf01	0xc47a	0xab78	0x8d00	0xe873	0x2201	01af7a	exact							
205	0x77b59d07836d	340	0xbf435	0x26dc5e	0x26dc62	+0x4	tail	0xbf886	161	0x9975a	0x78c4	0xab	0x738d	0x1e8	0xb22	0xc715	c478ab00	exact							
206	0x77b59d07836d	161	0x9975a	0x26dc62	0x26dc66	+0x4	tail	0x99b3a	199	0xa0631	0x738d	0x1e8	0xb22	0xc715	0x67fd	0x7636	8d73e801	exact							
207	0x77b59d07836d	199	0xa0631	0x26dc66	0x26dc69	+0x3	tail	0xa0a9c	114	0x90319	0xb22	0xc715	0x67fd	0x7636	0xe8e5	0x8401	220b15	exact							
208	0x77b59d07836d	114	0x90319	0x26dc69	0x26dc6d	+0x4	tail	0x90893	123	0x91a59	0xfdc7	0x3667	0xe576	0x1e8	0xf784	0x26	c7fd6736	exact							
209	0x77b59d07836d	123	0x91a59	0x26dc6d	0x26dc71	+0x4	tail	0x91e7f	264	0xaf4cf	0xe576	0x1e8	0xf784	0x26	0x80	0xfd00	76e5e801	exact							
210	0x77b59d07836d	264	0xaf4cf	0x26dc71	0x26dc7b	+0xa	dispatch	0xc80b9	310	0xb8556	0xf784	0x26	0x80	0xfd00	0x1	0x1e8	84f72600800000fd0100	exact		0x4000500		0x984d244d			0x3a
211	0x77b59d07836d	310	0xb8556	0x26dc7b	0x26dc7f	+0x4	tail	0xb86f5	165	0x9a24c	0x1e8	0xa5	0x154	0x17d4	0x99	0xef7f	e801a500	exact	0x4000500		0x984d244d			0x3a	
212	0x77b59d07836d	165	0x9a24c	0x26dc7f	0x26dc81	+0x2	tail	0x9a46b	340	0xbf435	0x154	0x17d4	0x99	0xef7f	0x99	0x8ad8	5401	exact							
213	0x77b59d07836d	340	0xbf435	0x26dc81	0x26dc85	+0x4	tail	0xbf886	333	0xbd8af	0x17d4	0x99	0xef7f	0x99	0x8ad8	0xa42a	d4179900	exact							
214	0x77b59d07836d	333	0xbd8af	0x26dc85	0x26dc89	+0x4	tail	0xbdd16	18	0x7be9b	0xef7f	0x99	0x8ad8	0xa42a	0xe895	0x1001	7fef9900	exact							
215	0x77b59d07836d	18	0x7be9b	0x26dc89	0x26dc8c	+0x3	tail	0x7c308	346	0xc0535	0x8ad8	0xa42a	0xe895	0x1001	0x2873	0xe731	d88a2a	exact							
216	0x77b59d07836d	346	0xc0535	0x26dc8c	0x26dc90	+0x4	tail	0xc088b	337	0xbec0e	0x95a4	0x1e8	0x7310	0x3128	0xf9e7	0xd0e4	a495e801	exact							
217	0x77b59d07836d	337	0xbec0e	0x26dc90	0x26dc94	+0x4	tail	0xbf126	168	0x9aa83	0x7310	0x3128	0xf9e7	0xd0e4	0x4046	0x853a	10732831	exact							
218	0x77b59d07836d	168	0x9aa83	0x26dc94	0x26dc98	+0x4	tail	0x9af16	66	0x855ff	0xf9e7	0xd0e4	0x4046	0x853a	0xe84d	0x8b01	e7f9e4d0	exact							
219	0x77b59d07836d	66	0x855ff	0x26dc98	0x26dc9b	+0x3	tail	0x859f9	305	0xb78b0	0x4046	0x853a	0xe84d	0x8b01	0x89f9	0x5a00	46403a	exact							
220	0x77b59d07836d	305	0xb78b0	0x26dc9b	0x26dc9f	+0x4	tail	0xb7bb8	333	0xbd8af	0x4d85	0x1e8	0xf98b	0x89	0x4a5a	0x89	854de801	exact							
221	0x77b59d07836d	333	0xbd8af	0x26dc9f	0x26dca3	+0x4	tail	0xbdd16	340	0xbf435	0xf98b	0x89	0x4a5a	0x89	0xad0	0xf148	8bf98900	exact							
222	0x77b59d07836d	340	0xbf435	0x26dca3	0x26dca7	+0x4	tail	0xbf886	215	0xa4609	0x4a5a	0x89	0xad0	0xf148	0xe8e9	0xb701	5a4a8900	exact							
223	0x77b59d07836d	215	0xa4609	0x26dca7	0x26dcaa	+0x3	tail	0xa4a5e	346	0xc0535	0xad0	0xf148	0xe8e9	0xb701	0xae83	0x4027	d00a48	exact							
224	0x77b59d07836d	346	0xc0535	0x26dcaa	0x26dcae	+0x4	tail	0xc088b	268	0xb0007	0xe9f1	0x1e8	0x83b7	0x27ae	0x240	0x9e50	f1e9e801	exact							
225	0x77b59d07836d	268	0xb0007	0x26dcae	0x26dcb2	+0x4	tail	0xb0458	189	0x9e7af	0x83b7	0x27ae	0x240	0x9e50	0x988	0xeccc	b783ae27	exact							
226	0x77b59d07836d	189	0x9e7af	0x26dcb2	0x26dcb6	+0x4	tail	0x9eac9	28	0x7e390	0x240	0x9e50	0x988	0xeccc	0xe8ff	0x3a01	4002509e	exact							
227	0x77b59d07836d	28	0x7e390	0x26dcb6	0x26dcb9	+0x3	tail	0x7e7ca	305	0xb78b0	0x988	0xeccc	0xe8ff	0x3a01	0xabb5	0x95a3	8809cc	exact							
228	0x77b59d07836d	305	0xb78b0	0x26dcb9	0x26dcbd	+0x4	tail	0xb7bb8	307	0xb8064	0xffec	0x1e8	0xb53a	0xa3ab	0x2395	0x1ff9	ecffe801	exact							
229	0x77b59d07836d	307	0xb8064	0x26dcbd	0x26dcc0	+0x3	tail	0xb837a	64	0x85059	0xb53a	0xa3ab	0x2395	0x1ff9	0x2325	0xa401	3ab5ab	exact							
230	0x77b59d07836d	64	0x85059	0x26dcc0	0x26dcc4	+0x4	tail	0x8536e	157	0x98a9a	0x95a3	0xf923	0x251f	0x123	0x42a4	0x1e8	a39523f9	exact							
231	0x77b59d07836d	157	0x98a9a	0x26dcc4	0x26dcc8	+0x4	tail	0x99026	346	0xc0535	0x251f	0x123	0x42a4	0x1e8	0xdf83	0x67c1	1f252301	exact							
232	0x77b59d07836d	346	0xc0535	0x26dcc8	0x26dccc	+0x4	tail	0xc088b	297	0xb64d7	0x42a4	0x1e8	0xdf83	0x67c1	0x4b82	0x9f03	a442e801	exact							
233	0x77b59d07836d	297	0xb64d7	0x26dccc	0x26dccf	+0x3	tail	0xb68ff	347	0xc088d	0xdf83	0x67c1	0x4b82	0x9f03	0x47f9	0xe801	83dfc1	exact							
234	0x77b59d07836d	347	0xc088d	0x26dccf	0x26dcd3	+0x4	tail	0xc0d7b	333	0xbd8af	0x8267	0x34b	0xf99f	0x147	0x1e8	0xf5b9	67824b03	exact							
235	0x77b59d07836d	333	0xbd8af	0x26dcd3	0x26dcd7	+0x4	tail	0xbdd16	315	0xb9451	0xf99f	0x147	0x1e8	0xf5b9	0x9617	0x6c3a	9ff94701	exact							
236	0x77b59d07836d	315	0xb9451	0x26dcd7	0x26dcdb	+0x4	tail	0xb9878	185	0x9d964	0x1e8	0xf5b9	0x9617	0x6c3a	0x2c84	0x4d62	e801b9f5	exact							
237	0x77b59d07836d	185	0x9d964	0x26dcdb	0x26dcde	+0x3	tail	0x9dcab	337	0xbec0e	0x9617	0x6c3a	0x2c84	0x4d62	0xcc59	0x5ec0	17963a	exact							
238	0x77b59d07836d	337	0xbec0e	0x26dcde	0x26dce2	+0x4	tail	0xbf126	196	0x9fbcd	0x846c	0x622c	0x594d	0xc0cc	0xb55e	0x1e8	6c842c62	exact							
239	0x77b59d07836d	196	0x9fbcd	0x26dce2	0x26dce6	+0x4	tail	0xa0068	305	0xb78b0	0x594d	0xc0cc	0xb55e	0x1e8	0xb747	0xfdb	4d59ccc0	exact							
240	0x77b59d07836d	305	0xb78b0	0x26dce6	0x26dcea	+0x4	tail	0xb7bb8	172	0x9b68a	0xb55e	0x1e8	0xb747	0xfdb	0xed01	0xdd2c	5eb5e801	exact							
241	0x77b59d07836d	172	0x9b68a	0x26dcea	0x26dcee	+0x4	tail	0x9ba72	189	0x9e7af	0xb747	0xfdb	0xed01	0xdd2c	0x154b	0xcb3a	47b7db0f	exact							
242	0x77b59d07836d	189	0x9e7af	0x26dcee	0x26dcf2	+0x4	tail	0x9eac9	185	0x9d964	0xed01	0xdd2c	0x154b	0xcb3a	0xe840	0x8001	01ed2cdd	exact							
243	0x77b59d07836d	185	0x9d964	0x26dcf2	0x26dcf5	+0x3	tail	0x9dcab	26	0x7dbbb	0x154b	0xcb3a	0xe840	0x8001	0xabb5	0x878b	4b153a	exact							
244	0x77b59d07836d	26	0x7dbbb	0x26dcf5	0x26dcf9	+0x4	tail	0x7dfbd	307	0xb8064	0x40cb	0x1e8	0xb580	0x8bab	0xd387	0xb0df	cb40e801	exact							
245	0x77b59d07836d	307	0xb8064	0x26dcf9	0x26dcfc	+0x3	tail	0xb837a	64	0x85059	0xb580	0x8bab	0xd387	0xb0df	0x3b21	0xe80b	80b5ab	exact							
246	0x77b59d07836d	64	0x85059	0x26dcfc	0x26dd00	+0x4	tail	0x8536e	172	0x9b68a	0x878b	0xdfd3	0x21b0	0xb3b	0x1e8	0xf386	8b87d3df	exact							
247	0x77b59d07836d	172	0x9b68a	0x26dd00	0x26dd04	+0x4	tail	0x9ba72	33	0x7f7c4	0x21b0	0xb3b	0x1e8	0xf386	0x9373	0x19d	b0213b0b	exact							
248	0x77b59d07836d	33	0x7f7c4	0x26dd04	0x26dd08	+0x4	tail	0x7fba1	157	0x98a9a	0x1e8	0xf386	0x9373	0x19d	0x7736	0x3578	e80186f3	exact							
249	0x77b59d07836d	157	0x98a9a	0x26dd08	0x26dd0c	+0x4	tail	0x99026	114	0x90319	0x9373	0x19d	0x7736	0x3578	0xd2b5	0xeca	73939d01	exact							
250	0x77b59d07836d	114	0x90319	0x26dd0c	0x26dd10	+0x4	tail	0x90893	66	0x855ff	0x7736	0x3578	0xd2b5	0xeca	0xe84a	0x2001	36777835	exact							
251	0x77b59d07836d	66	0x855ff	0x26dd10	0x26dd13	+0x3	tail	0x859f9	287	0xb45d2	0xd2b5	0xeca	0xe84a	0x2001	0x4406	0xcbd1	b5d2ca	exact							
252	0x77b59d07836d	287	0xb45d2	0x26dd13	0x26dd17	+0x4	tail	0xb497e	215	0xa4609	0x4a0e	0x1e8	0x620	0xd144	0xfdcb	0x86e0	0e4ae801	exact							
253	0x77b59d07836d	215	0xa4609	0x26dd17	0x26dd1a	+0x3	tail	0xa4a5e	196	0x9fbcd	0x620	0xd144	0xfdcb	0x86e0	0x887	0x4542	200644	exact							
254	0x77b59d07836d	196	0x9fbcd	0x26dd1a	0x26dd1e	+0x4	tail	0xa0068	347	0xc088d	0xcbd1	0xe0fd	0x8786	0x4208	0x1e45	0x1e8	d1cbfde0	exact							
255	0x77b59d07836d	347	0xc088d	0x26dd1e	0x26dd22	+0x4	tail	0xc0d7b	305	0xb78b0	0x8786	0x4208	0x1e45	0x1e8	0xdad	0x2115	86870842	exact							
256	0x77b59d07836d	305	0xb78b0	0x26dd22	0x26dd26	+0x4	tail	0xb7bb8	347	0xc088d	0x1e45	0x1e8	0xdad	0x2115	0x6f4c	0xd506	451ee801	exact							
257	0x77b59d07836d	347	0xc088d	0x26dd26	0x26dd2a	+0x4	tail	0xc0d7b	168	0x9aa83	0xdad	0x2115	0x6f4c	0xd506	0xeca3	0xe5a6	ad0d1521	exact							
258	0x77b59d07836d	168	0x9aa83	0x26dd2a	0x26dd2e	+0x4	tail	0x9af16	199	0xa0631	0x6f4c	0xd506	0xeca3	0xe5a6	0xe81c	0x7d01	4c6f06d5	exact							
259	0x77b59d07836d	199	0xa0631	0x26dd2e	0x26dd31	+0x3	tail	0xa0a9c	243	0xaab6a	0xeca3	0xe5a6	0xe81c	0x7d01	0x519d	0x8d7e	a3eca6	exact							
260	0x77b59d07836d	243	0xaab6a	0x26dd31	0x26dd35	+0x4	tail	0xaaf3c	64	0x85059	0x1ce5	0x1e8	0x9d7d	0x7e51	0xf38d	0xd708	e51ce801	exact							
261	0x77b59d07836d	64	0x85059	0x26dd35	0x26dd39	+0x4	tail	0x8536e	66	0x855ff	0x9d7d	0x7e51	0xf38d	0xd708	0x2d92	0x1aba	7d9d517e	exact							
262	0x77b59d07836d	66	0x855ff	0x26dd39	0x26dd3c	+0x3	tail	0x859f9	203	0xa1484	0xf38d	0xd708	0x2d92	0x1aba	0xe82c	0x2d01	8df308	exact							
263	0x77b59d07836d	203	0xa1484	0x26dd3c	0x26dd40	+0x4	tail	0xa1936	346	0xc0535	0x92d7	0xba2d	0x2c1a	0x1e8	0x4d2d	0x8201	d7922dba	exact							
264	0x77b59d07836d	346	0xc0535	0x26dd40	0x26dd44	+0x4	tail	0xc088b	114	0x90319	0x2c1a	0x1e8	0x4d2d	0x8201	0xd07b	0xd3	1a2ce801	exact							
265	0x77b59d07836d	114	0x90319	0x26dd44	0x26dd48	+0x4	tail	0x90893	157	0x98a9a	0x4d2d	0x8201	0xd07b	0xd3	0xb1d5	0xe82a	2d4d0182	exact							
266	0x77b59d07836d	157	0x98a9a	0x26dd48	0x26dd4c	+0x4	tail	0x99026	297	0xb64d7	0xd07b	0xd3	0xb1d5	0xe82a	0xf901	0x48fa	7bd0d300	exact							
267	0x77b59d07836d	297	0xb64d7	0x26dd4c	0x26dd4f	+0x3	tail	0xb68ff	315	0xb9451	0xb1d5	0xe82a	0xf901	0x48fa	0x7f94	0xba0	d5b12a	exact							
268	0x77b59d07836d	315	0xb9451	0x26dd4f	0x26dd53	+0x4	tail	0xb9878	337	0xbec0e	0x1e8	0xfaf9	0x9448	0xa07f	0xf60b	0x79	e801f9fa	exact							
269	0x77b59d07836d	337	0xbec0e	0x26dd53	0x26dd57	+0x4	tail	0xbf126	333	0xbd8af	0x9448	0xa07f	0xf60b	0x79	0xf06f	0x9222	48947fa0	exact							
270	0x77b59d07836d	333	0xbd8af	0x26dd57	0x26dd5b	+0x4	tail	0xbdd16	199	0xa0631	0xf60b	0x79	0xf06f	0x9222	0xe866	0x3d01	0bf67900	exact							
271	0x77b59d07836d	199	0xa0631	0x26dd5b	0x26dd5e	+0x3	tail	0xa0a9c	26	0x7dbbb	0xf06f	0x9222	0xe866	0x3d01	0x735a	0xcd84	6ff022	exact							
272	0x77b59d07836d	26	0x7dbbb	0x26dd5e	0x26dd62	+0x4	tail	0x7dfbd	64	0x85059	0x6692	0x1e8	0x5a3d	0x8473	0x1cd	0x9fc8	9266e801	exact							
273	0x77b59d07836d	64	0x85059	0x26dd62	0x26dd66	+0x4	tail	0x8536e	66	0x855ff	0x5a3d	0x8473	0x1cd	0x9fc8	0x4f9f	0x35b6	3d5a7384	exact							
274	0x77b59d07836d	66	0x855ff	0x26dd66	0x26dd69	+0x3	tail	0x859f9	203	0xa1484	0x1cd	0x9fc8	0x4f9f	0x35b6	0xe896	0x7401	cd01c8	exact							
275	0x77b59d07836d	203	0xa1484	0x26dd69	0x26dd6d	+0x4	tail	0xa1936	243	0xaab6a	0x9f9f	0xb64f	0x9635	0x1e8	0xd574	0x13d	9f9f4fb6	exact							
276	0x77b59d07836d	243	0xaab6a	0x26dd6d	0x26dd71	+0x4	tail	0xaaf3c	338	0xbf128	0x9635	0x1e8	0xd574	0x13d	0x1e8	0xe810	3596e801	exact							
277	0x77b59d07836d	338	0xbf128	0x26dd71	0x26dd77	+0x6	tail	0xbf2d3	283	0xb3612	0xd574	0x13d	0x1e8	0xe810	0x7c01	0xb05e	74d53d01e801	exact							
278	0x77b59d07836d	283	0xb3612	0x26dd77	0x26dd7c	+0x5	tail	0xb3799	121	0x91379	0xe810	0x7c01	0xb05e	0x145c	0xe3f7	0xe80b	10e8017c5e	exact							
279	0x77b59d07836d	121	0x91379	0x26dd7c	0x26dd80	+0x4	tail	0x9170b	180	0x9cf32	0x5cb0	0xf714	0xbe3	0x1e8	0xf585	0xd9f4	b05c14f7	exact							
280	0x77b59d07836d	180	0x9cf32	0x26dd80	0x26dd84	+0x4	tail	0x9d13d	189	0x9e7af	0xbe3	0x1e8	0xf585	0xd9f4	0xe20	0xc9be	e30be801	exact							
281	0x77b59d07836d	189	0x9e7af	0x26dd84	0x26dd88	+0x4	tail	0x9eac9	18	0x7be9b	0xf585	0xd9f4	0xe20	0xc9be	0x248b	0xf5	85f5f4d9	exact							
282	0x77b59d07836d	18	0x7be9b	0x26dd88	0x26dd8b	+0x3	tail	0x7c308	196	0x9fbcd	0xe20	0xc9be	0x248b	0xf5	0x13d	0xa520	200ebe	exact							
283	0x77b59d07836d	196	0x9fbcd	0x26dd8b	0x26dd8f	+0x4	tail	0xa0068	220	0xa522e	0x8bc9	0xf524	0x3d00	0x2001	0x37a5	0x597	c98b24f5	exact							
284	0x77b59d07836d	220	0xa522e	0x26dd8f	0x26dd94	+0x5	tail	0xa5886	144	0x95887	0x3d00	0x2001	0x37a5	0x597	0xfba	0xd6ac	003d0120a5	exact							
285	0x77b59d07836d	144	0x95887	0x26dd94	0x26dd96	+0x2	tail	0x95b59	64	0x85059	0x9737	0xba05	0xac0f	0xfdd6	0x8612	0xc146	3797	exact							
286	0x77b59d07836d	64	0x85059	0x26dd96	0x26dd9a	+0x4	tail	0x8536e	43	0x8173d	0xba05	0xac0f	0xfdd6	0x8612	0xc146	0x8	05ba0fac	exact							
287	0x77b59d07836d	43	0x8173d	0x26dd9a	0x26dd9e	+0x4	tail	0x81b7c	253	0xacfb1	0xfdd6	0x8612	0xc146	0x8	0x848	0x8ffb	d6fd1286	exact							
288	0x77b59d07836d	253	0xacfb1	0x26dd9e	0x26dda4	+0x6	tail	0xad329	297	0xb64d7	0xc146	0x8	0x848	0x8ffb	0x69ea	0x25	46c108004808	exact							
289	0x77b59d07836d	297	0xb64d7	0x26dda4	0x26dda7	+0x3	tail	0xb68ff	70	0x8610e	0x8ffb	0x69ea	0x25	0x13d	0x5a96	0x33c7	fb8fea	exact							
290	0x77b59d07836d	70	0x8610e	0x26dda7	0x26ddac	+0x5	tail	0x86763	108	0x8f24b	0x2569	0x3d00	0x9601	0xc75a	0xb533	0xf096	6925003d01	exact							
291	0x77b59d07836d	108	0x8f24b	0x26ddac	0x26ddae	+0x2	tail	0x8f6cf	196	0x9fbcd	0x5a96	0x33c7	0x96b5	0xa9f0	0x7392	0x7a48	965a	exact							
292	0x77b59d07836d	196	0x9fbcd	0x26ddae	0x26ddb2	+0x4	tail	0xa0068	18	0x7be9b	0x33c7	0x96b5	0xa9f0	0x7392	0x7a48	0x3abc	c733b596	exact							
293	0x77b59d07836d	18	0x7be9b	0x26ddb2	0x26ddb5	+0x3	tail	0x7c308	222	0xa5f3c	0xa9f0	0x7392	0x7a48	0x3abc	0xb360	0xfb0f	f0a992	exact							
294	0x77b59d07836d	222	0xa5f3c	0x26ddb5	0x26ddba	+0x5	tail	0xa646d	114	0x90319	0x4873	0xbc7a	0x603a	0xfb3	0xfb	0x13d	73487abc3a	exact							
295	0x77b59d07836d	114	0x90319	0x26ddba	0x26ddbe	+0x4	tail	0x90893	220	0xa522e	0xb360	0xfb0f	0x3d00	0x8b01	0x6676	0x7390	60b30ffb	exact							
296	0x77b59d07836d	220	0xa522e	0x26ddbe	0x26ddc3	+0x5	tail	0xa5886	108	0x8f24b	0x3d00	0x8b01	0x6676	0x7390	0x4909	0x93ef	003d018b76	exact							
297	0x77b59d07836d	108	0x8f24b	0x26ddc3	0x26ddc5	+0x2	tail	0x8f6cf	258	0xadf2c	0x9066	0x973	0xef49	0x9693	0xb3	0x4029	6690	exact							
298	0x77b59d07836d	258	0xadf2c	0x26ddc5	0x26ddc9	+0x4	tail	0xae32f	157	0x98a9a	0x973	0xef49	0x9693	0xb3	0x4029	0x5d12	730949ef	exact							
299	0x77b59d07836d	157	0x98a9a	0x26ddc9	0x26ddcd	+0x4	tail	0x99026	200	0xa0a9e	0x9693	0xb3	0x4029	0x5d12	0x90	0x4a7a	9396b300	exact							
300	0x77b59d07836d	200	0xa0a9e	0x26ddcd	0x26ddd3	+0x6	tail	0xa0dc7	18	0x7be9b	0x4029	0x5d12	0x90	0x4a7a	0xef34	0xd870	2940125d9000	exact							
301	0x77b59d07836d	18	0x7be9b	0x26ddd3	0x26ddd6	+0x3	tail	0x7c308	237	0xa8e1f	0x4a7a	0xef34	0xd870	0x13d	0x362a	0x92a7	7a4a34	exact							
302	0x77b59d07836d	237	0xa8e1f	0x26ddd6	0x26dddb	+0x5	tail	0xa94a3	198	0xa037e	0x70ef	0x3dd8	0x2a01	0xa736	0x5f92	0xe47f	ef70d83d01	exact							
303	0x77b59d07836d	198	0xa037e	0x26dddb	0x26dddd	+0x2	tail	0xa062e	203	0xa1484	0x362a	0x92a7	0x7f5f	0x1ce4	0xd3	0x6402	2a36	exact							
304	0x77b59d07836d	203	0xa1484	0x26dddd	0x26dde1	+0x4	tail	0xa1936	340	0xbf435	0x92a7	0x7f5f	0x1ce4	0xd3	0x6402	0x1901	a7925f7f	exact							
305	0x77b59d07836d	340	0xbf435	0x26dde1	0x26dde5	+0x4	tail	0xbf886	239	0xa991e	0x1ce4	0xd3	0x6402	0x1901	0xa18e	0x298	e41cd300	exact							
306	0x77b59d07836d	239	0xa991e	0x26dde5	0x26ddeb	+0x6	tail	0xa9cf4	28	0x7e390	0x6402	0x1901	0xa18e	0x298	0x1dfa	0x19	026401198ea1	exact							
307	0x77b59d07836d	28	0x7e390	0x26ddeb	0x26ddee	+0x3	tail	0x7e7ca	83	0x8947b	0x298	0x1dfa	0x19	0x13d	0xc0b	0x24f3	9802fa	exact							
308	0x77b59d07836d	83	0x8947b	0x26ddee	0x26ddf3	+0x5	tail	0x89839	173	0x9ba74	0x191d	0x3d00	0xb01	0xf30c	0xd324	0x1a09	1d19003d01	exact							
309	0x77b59d07836d	173	0x9ba74	0x26ddf3	0x26ddf5	+0x2	tail	0x9bd8c	172	0x9b68a	0xc0b	0x24f3	0x9d3	0x2e1a	0xd6f0	0xc8ef	0b0c	exact							
310	0x77b59d07836d	172	0x9b68a	0x26ddf5	0x26ddf9	+0x4	tail	0x9ba72	124	0x91e81	0x24f3	0x9d3	0x2e1a	0xd6f0	0xc8ef	0x733f	f324d309	exact							
311	0x77b59d07836d	124	0x91e81	0x26ddf9	0x26ddff	+0x6	tail	0x922c1	297	0xb64d7	0x2e1a	0xd6f0	0xc8ef	0x733f	0x9ce8	0x8d76	1a2ef0d6efc8	exact							
312	0x77b59d07836d	297	0xb64d7	0x26ddff	0x26de02	+0x3	tail	0xb68ff	258	0xadf2c	0x733f	0x9ce8	0x8d76	0xc4	0x13d	0x80c7	3f73e8	exact							
313	0x77b59d07836d	258	0xadf2c	0x26de02	0x26de06	+0x4	tail	0xae32f	220	0xa522e	0x769c	0xc48d	0x3d00	0xc701	0xdf80	0xbb0a	9c768dc4	exact							
314	0x77b59d07836d	220	0xa522e	0x26de06	0x26de0b	+0x5	tail	0xa5886	173	0x9ba74	0x3d00	0xc701	0xdf80	0xbb0a	0xeedf	0x773d	003d01c780	exact							
315	0x77b59d07836d	173	0x9ba74	0x26de0b	0x26de0d	+0x2	tail	0x9bd8c	350	0xc1926	0xadf	0xdfbb	0x3dee	0x7e77	0x13	0x97d7	df0a	exact							
316	0x77b59d07836d	350	0xc1926	0x26de0d	0x26de11	+0x4	tail	0xc1d46	43	0x8173d	0xdfbb	0x3dee	0x7e77	0x13	0x97d7	0x0	bbdfee3d	exact							
317	0x77b59d07836d	43	0x8173d	0x26de11	0x26de15	+0x4	tail	0x81b7c	337	0xbec0e	0x7e77	0x13	0x97d7	0x0	0x968	0xa8	777e1300	exact							
318	0x77b59d07836d	337	0xbec0e	0x26de15	0x26de19	+0x4	tail	0xbf126	215	0xa4609	0x97d7	0x0	0x968	0xa8	0x13d	0xa1b6	d7970000	exact							
319	0x77b59d07836d	215	0xa4609	0x26de19	0x26de1c	+0x3	tail	0xa4a5e	301	0xb708d	0x968	0xa8	0x13d	0xa1b6	0x80cf	0xb18	6809a8	exact							
320	0x77b59d07836d	301	0xb708d	0x26de1c	0x26de21	+0x5	tail	0xb7583	108	0x8f24b	0x3d00	0xb601	0xcfa1	0x1880	0x1f0b	0x3e6e	003d01b6a1	exact							
321	0x77b59d07836d	108	0x8f24b	0x26de21	0x26de23	+0x2	tail	0x8f6cf	18	0x7be9b	0x80cf	0xb18	0x6e1f	0x4a3e	0xe88b	0xe201	cf80	exact							
322	0x77b59d07836d	18	0x7be9b	0x26de23	0x26de26	+0x3	tail	0x7c308	347	0xc088d	0xb18	0x6e1f	0x4a3e	0xe88b	0xe201	0xa0d8	180b1f	exact							
323	0x77b59d07836d	347	0xc088d	0x26de26	0x26de2a	+0x4	tail	0xc0d7b	176	0x9c10b	0x3e6e	0x8b4a	0x1e8	0xd8e2	0xaa0	0x90c0	6e3e4a8b	exact							
324	0x77b59d07836d	176	0x9c10b	0x26de2a	0x26de2e	+0x4	tail	0x9c3f4	28	0x7e390	0x1e8	0xd8e2	0xaa0	0x90c0	0xb33d	0x8100	e801e2d8	exact							
325	0x77b59d07836d	28	0x7e390	0x26de2e	0x26de31	+0x3	tail	0x7e7ca	340	0xbf435	0xaa0	0x90c0	0xb33d	0x8100	0xe875	0xe801	a00ac0	exact							
326	0x77b59d07836d	340	0xbf435	0x26de31	0x26de35	+0x4	tail	0xbf886	123	0x91a59	0x3d90	0xb3	0x7581	0x1e8	0x1e8	0x6ae7	903db300	exact							
327	0x77b59d07836d	123	0x91a59	0x26de35	0x26de39	+0x4	tail	0x91e7f	261	0xaeda2	0x7581	0x1e8	0x1e8	0x6ae7	0x13d	0x47e4	8175e801	exact							
328	0x77b59d07836d	261	0xaeda2	0x26de39	0x26de3f	+0x6	tail	0xaeeff	258	0xadf2c	0x1e8	0x6ae7	0x13d	0x47e4	0x7659	0x508	e801e76a3d01	exact							
329	0x77b59d07836d	258	0xadf2c	0x26de3f	0x26de43	+0x4	tail	0xae32f	215	0xa4609	0x47e4	0x7659	0x508	0x8d08	0xe8d4	0xea01	e4475976	exact							
330	0x77b59d07836d	215	0xa4609	0x26de43	0x26de46	+0x3	tail	0xa4a5e	161	0x9975a	0x508	0x8d08	0xe8d4	0xea01	0x8588	0x57b4	080508	exact							
331	0x77b59d07836d	161	0x9975a	0x26de46	0x26de4a	+0x4	tail	0x99b3a	199	0xa0631	0xd48d	0x1e8	0x88ea	0xb485	0xc057	0xfbaa	8dd4e801	exact							
332	0x77b59d07836d	199	0xa0631	0x26de4a	0x26de4d	+0x3	tail	0xa0a9c	189	0x9e7af	0x88ea	0xb485	0xc057	0xfbaa	0xe80e	0x4201	ea8885	exact							
333	0x77b59d07836d	189	0x9e7af	0x26de4d	0x26de51	+0x4	tail	0x9eac9	174	0x9bd8f	0x57b4	0xaac0	0xefb	0x1e8	0x7d42	0x5753	b457c0aa	exact							
334	0x77b59d07836d	174	0x9bd8f	0x26de51	0x26de55	+0x4	tail	0x9c08c	64	0x85059	0xefb	0x1e8	0x7d42	0x5753	0x580	0xe8ec	fb0ee801	exact							
335	0x77b59d07836d	64	0x85059	0x26de55	0x26de59	+0x4	tail	0x8536e	28	0x7e390	0x7d42	0x5753	0x580	0xe8ec	0xca01	0x50dd	427d5357	exact							
336	0x77b59d07836d	28	0x7e390	0x26de59	0x26de5c	+0x3	tail	0x7e7ca	176	0x9c10b	0x580	0xe8ec	0xca01	0x50dd	0xc196	0xd0ba	8005ec	exact							
337	0x77b59d07836d	176	0x9c10b	0x26de5c	0x26de60	+0x4	tail	0x9c3f4	337	0xbec0e	0x1e8	0xddca	0x9650	0xbac1	0x25d0	0xbafa	e801cadd	exact							
338	0x77b59d07836d	337	0xbec0e	0x26de60	0x26de64	+0x4	tail	0xbf126	18	0x7be9b	0x9650	0xbac1	0x25d0	0xbafa	0xe875	0xec01	5096c1ba	exact							
339	0x77b59d07836d	18	0x7be9b	0x26de64	0x26de67	+0x3	tail	0x7c308	184	0x9d694	0x25d0	0xbafa	0xe875	0xec01	0xf25e	0x49b	d025fa	exact							
340	0x77b59d07836d	184	0x9d694	0x26de67	0x26de6b	+0x4	tail	0x9d961	114	0x90319	0x75ba	0x1e8	0x5eec	0x9bf2	0x7304	0x625c	ba75e801	exact							
341	0x77b59d07836d	114	0x90319	0x26de6b	0x26de6f	+0x4	tail	0x90893	297	0xb64d7	0x5eec	0x9bf2	0x7304	0x625c	0xe86f	0x4b01	ec5ef29b	exact							
342	0x77b59d07836d	297	0xb64d7	0x26de6f	0x26de72	+0x3	tail	0xb68ff	161	0x9975a	0x7304	0x625c	0xe86f	0x4b01	0xc8ac	0x44	04735c	exact							
343	0x77b59d07836d	161	0x9975a	0x26de72	0x26de76	+0x4	tail	0x99b3a	66	0x855ff	0x6f62	0x1e8	0xac4b	0x44c8	0x1e00	0xe808	626fe801	exact							
344	0x77b59d07836d	66	0x855ff	0x26de76	0x26de79	+0x3	tail	0x859f9	347	0xc088d	0xac4b	0x44c8	0x1e00	0xe808	0xb901	0x2c7d	4bacc8	exact							
345	0x77b59d07836d	347	0xc088d	0x26de79	0x26de7d	+0x4	tail	0xc0d7b	20	0x7c62b	0x44	0x81e	0x1e8	0x7db9	0x922c	0xfe13	44001e08	exact							
346	0x77b59d07836d	20	0x7c62b	0x26de7d	0x26de81	+0x4	tail	0x7ca96	337	0xbec0e	0x1e8	0x7db9	0x922c	0xfe13	0x2d00	0xe81a	e801b97d	exact							
347	0x77b59d07836d	337	0xbec0e	0x26de81	0x26de85	+0x4	tail	0xbf126	18	0x7be9b	0x922c	0xfe13	0x2d00	0xe81a	0xe401	0x6bb8	2c9213fe	exact							
348	0x77b59d07836d	18	0x7be9b	0x26de85	0x26de88	+0x3	tail	0x7c308	158	0x99029	0x2d00	0xe81a	0xe401	0x6bb8	0x3a0c	0xa4f9	002d1a	exact							
349	0x77b59d07836d	158	0x99029	0x26de88	0x26de8c	+0x4	tail	0x992ca	185	0x9d964	0x1e8	0xb8e4	0xc6b	0xf93a	0x50a4	0xe82b	e801e4b8	exact							
350	0x77b59d07836d	185	0x9d964	0x26de8c	0x26de8f	+0x3	tail	0x9dcab	64	0x85059	0xc6b	0xf93a	0x50a4	0xe82b	0x2e01	0xe84a	6b0c3a	exact							
351	0x77b59d07836d	64	0x85059	0x26de8f	0x26de93	+0x4	tail	0x8536e	20	0x7c62b	0xa4f9	0x2b50	0x1e8	0x4a2e	0x5e8	0x41c	f9a4502b	exact							
352	0x77b59d07836d	20	0x7c62b	0x26de93	0x26de97	+0x4	tail	0x7ca96	215	0xa4609	0x1e8	0x4a2e	0x5e8	0x41c	0x1466	0x3aa3	e8012e4a	exact							
353	0x77b59d07836d	215	0xa4609	0x26de97	0x26de9a	+0x3	tail	0xa4a5e	189	0x9e7af	0x5e8	0x41c	0x1466	0x3aa3	0xe879	0x1001	e8051c	exact							
354	0x77b59d07836d	189	0x9e7af	0x26de9a	0x26de9e	+0x4	tail	0x9eac9	184	0x9d694	0x6604	0xa314	0x793a	0x1e8	0xc10	0xbd3a	046614a3	exact							
355	0x77b59d07836d	184	0x9d694	0x26de9e	0x26dea2	+0x4	tail	0x9d961	18	0x7be9b	0x793a	0x1e8	0xc10	0xbd3a	0x247	0xe803	3a79e801	exact							
356	0x77b59d07836d	18	0x7be9b	0x26dea2	0x26dea5	+0x3	tail	0x7c308	114	0x90319	0xc10	0xbd3a	0x247	0xe803	0xba01	0xa11d	100c3a	exact							
357	0x77b59d07836d	114	0x90319	0x26dea5	0x26dea9	+0x4	tail	0x90893	20	0x7c62b	0x47bd	0x302	0x1e8	0x1dba	0xb5a1	0x6c14	bd470203	exact							
358	0x77b59d07836d	20	0x7c62b	0x26dea9	0x26dead	+0x4	tail	0x7ca96	258	0xadf2c	0x1e8	0x1dba	0xb5a1	0x6c14	0x36e0	0xd8f7	e801ba1d	exact							
359	0x77b59d07836d	258	0xadf2c	0x26dead	0x26deb1	+0x4	tail	0xae32f	18	0x7be9b	0xb5a1	0x6c14	0x36e0	0xd8f7	0xe8b8	0x1701	a1b5146c	exact							
360	0x77b59d07836d	18	0x7be9b	0x26deb1	0x26deb4	+0x3	tail	0x7c308	184	0x9d694	0x36e0	0xd8f7	0xe8b8	0x1701	0x2699	0xd378	e036f7	exact							
361	0x77b59d07836d	184	0x9d694	0x26deb4	0x26deb8	+0x4	tail	0x9d961	258	0xadf2c	0xb8d8	0x1e8	0x9917	0x7826	0x83d3	0xaa3a	d8b8e801	exact							
362	0x77b59d07836d	258	0xadf2c	0x26deb8	0x26debc	+0x4	tail	0xae32f	185	0x9d964	0x9917	0x7826	0x83d3	0xaa3a	0xe87e	0xd801	17992678	exact							
363	0x77b59d07836d	185	0x9d964	0x26debc	0x26debf	+0x3	tail	0x9dcab	184	0x9d694	0x83d3	0xaa3a	0xe87e	0xd801	0x780a	0xb79	d3833a	exact							
364	0x77b59d07836d	184	0x9d694	0x26debf	0x26dec3	+0x4	tail	0x9d961	28	0x7e390	0x7eaa	0x1e8	0xad8	0x7978	0x6d0b	0xe883	aa7ee801	exact							
365	0x77b59d07836d	28	0x7e390	0x26dec3	0x26dec6	+0x3	tail	0x7e7ca	347	0xc088d	0xad8	0x7978	0x6d0b	0xe883	0x8101	0x9446	d80a78	exact							
366	0x77b59d07836d	347	0xc088d	0x26dec6	0x26deca	+0x4	tail	0xc0d7b	20	0x7c62b	0xb79	0x836d	0x1e8	0x4681	0x2994	0xf8a3	790b6d83	exact							
367	0x77b59d07836d	20	0x7c62b	0x26deca	0x26dece	+0x4	tail	0x7ca96	337	0xbec0e	0x1e8	0x4681	0x2994	0xf8a3	0x10fb	0xe8bb	e8018146	exact							
368	0x77b59d07836d	337	0xbec0e	0x26dece	0x26ded2	+0x4	tail	0xbf126	297	0xb64d7	0x2994	0xf8a3	0x10fb	0xe8bb	0x2101	0x7c7f	9429a3f8	exact							
369	0x77b59d07836d	297	0xb64d7	0x26ded2	0x26ded5	+0x3	tail	0xb68ff	20	0x7c62b	0x10fb	0xe8bb	0x2101	0x7c7f	0x2d34	0xc0eb	fb10bb	exact							
370	0x77b59d07836d	20	0x7c62b	0x26ded5	0x26ded9	+0x4	tail	0x7ca96	258	0xadf2c	0x1e8	0x7f21	0x347c	0xeb2d	0x35c0	0xe8aa	e801217f	exact							
371	0x77b59d07836d	258	0xadf2c	0x26ded9	0x26dedd	+0x4	tail	0xae32f	18	0x7be9b	0x347c	0xeb2d	0x35c0	0xe8aa	0xf401	0xdf51	7c342deb	exact							
372	0x77b59d07836d	18	0x7be9b	0x26dedd	0x26dee0	+0x3	tail	0x7c308	176	0x9c10b	0x35c0	0xe8aa	0xf401	0xdf51	0x26f8	0x8000	c035aa	exact							
373	0x77b59d07836d	176	0x9c10b	0x26dee0	0x26dee4	+0x4	tail	0x9c3f4	311	0xb86f8	0x1e8	0x51f4	0xf8df	0x26	0x80	0xfd00	e801f451	exact							
374	0x77b59d07836d	311	0xb86f8	0x26dee4	0x26deee	+0xa	dispatch	0xc80b9	169	0x9af18	0xf8df	0x26	0x80	0xfd00	0x1	0x162	dff82600800000fd0100	exact		0xe9cdb52a		0xe9cdbd2a			0x3a
375	0x77b59d07836d	169	0x9af18	0x26deee	0x26def2	+0x4	tail	0x9b0c5	354	0xc2241	0x162	0x1e8	0x1c	0xaa0	0x810	0x991a	6201e801	exact	0xe9cdb52a		0xe9cdbd2a			0x3a	
376	0x77b59d07836d	354	0xc2241	0x26def2	0x26def4	+0x2	tail	0xc240d	28	0x7e390	0x1c	0xaa0	0x810	0x991a	0x5600	0xfa18	1c00	exact							
377	0x77b59d07836d	28	0x7e390	0x26def4	0x26def7	+0x3	tail	0x7e7ca	340	0xbf435	0xaa0	0x810	0x991a	0x5600	0xfa18	0x566c	a00a10	exact							
378	0x77b59d07836d	340	0xbf435	0x26def7	0x26defb	+0x4	tail	0xbf886	43	0x8173d	0x1a08	0x99	0x1856	0x6cfa	0x2b56	0x1e8	081a9900	exact							
379	0x77b59d07836d	43	0x8173d	0x26defb	0x26deff	+0x4	tail	0x81b7c	26	0x7dbbb	0x1856	0x6cfa	0x2b56	0x1e8	0xe243	0xab	5618fa6c	exact							
380	0x77b59d07836d	26	0x7dbbb	0x26deff	0x26df03	+0x4	tail	0x7dfbd	157	0x98a9a	0x2b56	0x1e8	0xe243	0xab	0x978	0xab	562be801	exact							
381	0x77b59d07836d	157	0x98a9a	0x26df03	0x26df07	+0x4	tail	0x99026	340	0xbf435	0xe243	0xab	0x978	0xab	0x7aa	0xf63a	43e2ab00	exact							
382	0x77b59d07836d	340	0xbf435	0x26df07	0x26df0b	+0x4	tail	0xbf886	185	0x9d964	0x978	0xab	0x7aa	0xf63a	0xe8fa	0xd401	7809ab00	exact							
383	0x77b59d07836d	185	0x9d964	0x26df0b	0x26df0e	+0x3	tail	0x9dcab	305	0xb78b0	0x7aa	0xf63a	0xe8fa	0xd401	0x8921	0xf800	aa073a	exact							
384	0x77b59d07836d	305	0xb78b0	0x26df0e	0x26df12	+0x4	tail	0xb7bb8	340	0xbf435	0xfaf6	0x1e8	0x21d4	0x89	0x47f8	0x3bc1	f6fae801	exact							
385	0x77b59d07836d	340	0xbf435	0x26df12	0x26df16	+0x4	tail	0xbf886	297	0xb64d7	0x21d4	0x89	0x47f8	0x3bc1	0x89c1	0x3200	d4218900	exact							
386	0x77b59d07836d	297	0xb64d7	0x26df16	0x26df19	+0x3	tail	0xb68ff	157	0x98a9a	0x47f8	0x3bc1	0x89c1	0x3200	0xe80c	0x601	f847c1	exact							
387	0x77b59d07836d	157	0x98a9a	0x26df19	0x26df1d	+0x4	tail	0x99026	26	0x7dbbb	0xc13b	0x89	0xc32	0x1e8	0x8f06	0xd4f8	3bc18900	exact							
388	0x77b59d07836d	26	0x7dbbb	0x26df1d	0x26df21	+0x4	tail	0x7dfbd	189	0x9e7af	0xc32	0x1e8	0x8f06	0xd4f8	0xd5be	0xdeaf	320ce801	exact							
389	0x77b59d07836d	189	0x9e7af	0x26df21	0x26df25	+0x4	tail	0x9eac9	307	0xb8064	0x8f06	0xd4f8	0xd5be	0xdeaf	0xfced	0xe8ff	068ff8d4	exact							
390	0x77b59d07836d	307	0xb8064	0x26df25	0x26df28	+0x3	tail	0xb837a	196	0x9fbcd	0xd5be	0xdeaf	0xfced	0xe8ff	0xd101	0x8fa	bed5af	exact							
391	0x77b59d07836d	196	0x9fbcd	0x26df28	0x26df2c	+0x4	tail	0xa0068	315	0xb9451	0xedde	0xfffc	0x1e8	0xfad1	0x9e08	0x123	deedfcff	exact							
392	0x77b59d07836d	315	0xb9451	0x26df2c	0x26df30	+0x4	tail	0xb9878	340	0xbf435	0x1e8	0xfad1	0x9e08	0x123	0xf883	0xd403	e801d1fa	exact							
393	0x77b59d07836d	340	0xbf435	0x26df30	0x26df34	+0x4	tail	0xbf886	168	0x9aa83	0x9e08	0x123	0xf883	0xd403	0x76b3	0x553a	089e2301	exact							
394	0x77b59d07836d	168	0x9aa83	0x26df34	0x26df38	+0x4	tail	0x9af16	185	0x9d964	0xf883	0xd403	0x76b3	0x553a	0xe888	0xfe01	83f803d4	exact							
395	0x77b59d07836d	185	0x9d964	0x26df38	0x26df3b	+0x3	tail	0x9dcab	305	0xb78b0	0x76b3	0x553a	0xe888	0xfe01	0xf764	0x4023	b3763a	exact							
396	0x77b59d07836d	305	0xb78b0	0x26df3b	0x26df3f	+0x4	tail	0xb7bb8	258	0xadf2c	0x8855	0x1e8	0x64fe	0x23f7	0x540	0xde54	5588e801	exact							
397	0x77b59d07836d	258	0xadf2c	0x26df3f	0x26df43	+0x4	tail	0xae32f	28	0x7e390	0x64fe	0x23f7	0x540	0xde54	0xea5e	0x9ece	fe64f723	exact							
398	0x77b59d07836d	28	0x7e390	0x26df43	0x26df46	+0x3	tail	0x7e7ca	168	0x9aa83	0x540	0xde54	0xea5e	0x9ece	0xe8bb	0xc501	400554	exact							
399	0x77b59d07836d	168	0x9aa83	0x26df46	0x26df4a	+0x4	tail	0x9af16	26	0x7dbbb	0x5ede	0xceea	0xbb9e	0x1e8	0x6fc5	0x11b9	de5eeace	exact							
400	0x77b59d07836d	26	0x7dbbb	0x26df4a	0x26df4e	+0x4	tail	0x7dfbd	43	0x8173d	0xbb9e	0x1e8	0x6fc5	0x11b9	0x2134	0xcb	9ebbe801	exact							
401	0x77b59d07836d	43	0x8173d	0x26df4e	0x26df52	+0x4	tail	0x81b7c	340	0xbf435	0x6fc5	0x11b9	0x2134	0xcb	0x17a0	0x143a	c56fb911	exact							
402	0x77b59d07836d	340	0xbf435	0x26df52	0x26df56	+0x4	tail	0xbf886	185	0x9d964	0x2134	0xcb	0x17a0	0x143a	0xe8ec	0x1b01	3421cb00	exact							
403	0x77b59d07836d	185	0x9d964	0x26df56	0x26df59	+0x3	tail	0x9dcab	346	0xc0535	0x17a0	0x143a	0xe8ec	0x1b01	0x380a	0xf00	a0173a	exact							
404	0x77b59d07836d	346	0xc0535	0x26df59	0x26df5d	+0x4	tail	0xc088b	340	0xbf435	0xec14	0x1e8	0xa1b	0x38	0xc70f	0x38	14ece801	exact							
405	0x77b59d07836d	340	0xbf435	0x26df5d	0x26df61	+0x4	tail	0xbf886	157	0x98a9a	0xa1b	0x38	0xc70f	0x38	0x798	0xbd04	1b0a3800	exact							
406	0x77b59d07836d	157	0x98a9a	0x26df61	0x26df65	+0x4	tail	0x99026	215	0xa4609	0xc70f	0x38	0x798	0xbd04	0xe89e	0x3701	0fc73800	exact							
407	0x77b59d07836d	215	0xa4609	0x26df65	0x26df68	+0x3	tail	0xa4a5e	243	0xaab6a	0x798	0xbd04	0xe89e	0x3701	0x1a4b	0x1674	980704	exact							
408	0x77b59d07836d	243	0xaab6a	0x26df68	0x26df6c	+0x4	tail	0xaaf3c	199	0xa0631	0x9ebd	0x1e8	0x4b37	0x741a	0x1316	0x700	bd9ee801	exact							
409	0x77b59d07836d	199	0xa0631	0x26df6c	0x26df6f	+0x3	tail	0xa0a9c	340	0xbf435	0x4b37	0x741a	0x1316	0x700	0x13cc	0xe800	374b1a	exact							
410	0x77b59d07836d	340	0xbf435	0x26df6f	0x26df73	+0x4	tail	0xbf886	157	0x98a9a	0x1674	0x13	0xcc07	0x13	0x1e8	0xf464	74161300	exact							
411	0x77b59d07836d	157	0x98a9a	0x26df73	0x26df77	+0x4	tail	0x99026	33	0x7f7c4	0xcc07	0x13	0x1e8	0xf464	0x5293	0x812a	07cc1300	exact							
412	0x77b59d07836d	33	0x7f7c4	0x26df77	0x26df7b	+0x4	tail	0x7fba1	66	0x855ff	0x1e8	0xf464	0x5293	0x812a	0x7472	0x3fa1	e80164f4	exact							
413	0x77b59d07836d	66	0x855ff	0x26df7b	0x26df7e	+0x3	tail	0x859f9	189	0x9e7af	0x5293	0x812a	0x7472	0x3fa1	0x2c14	0xe8b7	93522a	exact							
414	0x77b59d07836d	189	0x9e7af	0x26df7e	0x26df82	+0x4	tail	0x9eac9	196	0x9fbcd	0x7281	0xa174	0x143f	0xb72c	0x1e8	0x77d2	817274a1	exact							
415	0x77b59d07836d	196	0x9fbcd	0x26df82	0x26df86	+0x4	tail	0xa0068	33	0x7f7c4	0x143f	0xb72c	0x1e8	0x77d2	0x54b	0x107	3f142cb7	exact							
416	0x77b59d07836d	33	0x7f7c4	0x26df86	0x26df8a	+0x4	tail	0x7fba1	157	0x98a9a	0x1e8	0x77d2	0x54b	0x107	0x8d81	0x1eb4	e801d277	exact							
417	0x77b59d07836d	157	0x98a9a	0x26df8a	0x26df8e	+0x4	tail	0x99026	307	0xb8064	0x54b	0x107	0x8d81	0x1eb4	0x108e	0x1618	4b050701	exact							
418	0x77b59d07836d	307	0xb8064	0x26df8e	0x26df91	+0x3	tail	0xb837a	347	0xc088d	0x8d81	0x1eb4	0x108e	0x1618	0xe8b1	0xa001	818db4	exact							
419	0x77b59d07836d	347	0xc088d	0x26df91	0x26df95	+0x4	tail	0xc0d7b	346	0xc0535	0x8e1e	0x1810	0xb116	0x1e8	0xaa0	0x340c	1e8e1018	exact							
420	0x77b59d07836d	346	0xc0535	0x26df95	0x26df99	+0x4	tail	0xc088b	28	0x7e390	0xb116	0x1e8	0xaa0	0x340c	0x91d7	0xb300	16b1e801	exact							
421	0x77b59d07836d	28	0x7e390	0x26df99	0x26df9c	+0x3	tail	0x7e7ca	340	0xbf435	0xaa0	0x340c	0x91d7	0xb300	0x91fa	0xa500	a00a0c	exact							
422	0x77b59d07836d	340	0xbf435	0x26df9c	0x26dfa0	+0x4	tail	0xbf886	333	0xbd8af	0xd734	0x91	0xfab3	0x91	0xe2a5	0x1e8	34d79100	exact							
423	0x77b59d07836d	333	0xbd8af	0x26dfa0	0x26dfa4	+0x4	tail	0xbdd16	346	0xc0535	0xfab3	0x91	0xe2a5	0x1e8	0x41a4	0x6a0e	b3fa9100	exact							
424	0x77b59d07836d	346	0xc0535	0x26dfa4	0x26dfa8	+0x4	tail	0xc088b	268	0xb0007	0xe2a5	0x1e8	0x41a4	0x6a0e	0xbe26	0x5bac	a5e2e801	exact							
425	0x77b59d07836d	268	0xb0007	0x26dfa8	0x26dfac	+0x4	tail	0xb0458	258	0xadf2c	0x41a4	0x6a0e	0xbe26	0x5bac	0xd0	0xa2bd	a4410e6a	exact							
426	0x77b59d07836d	258	0xadf2c	0x26dfac	0x26dfb0	+0x4	tail	0xae32f	28	0x7e390	0xbe26	0x5bac	0xd0	0xa2bd	0xe8f9	0x6901	26beac5b	exact							
427	0x77b59d07836d	28	0x7e390	0x26dfb0	0x26dfb3	+0x3	tail	0x7e7ca	26	0x7dbbb	0xd0	0xa2bd	0xe8f9	0x6901	0xc86a	0xe7a1	d000bd	exact							
428	0x77b59d07836d	26	0x7dbbb	0x26dfb3	0x26dfb7	+0x4	tail	0x7dfbd	189	0x9e7af	0xf9a2	0x1e8	0x6a69	0xa1c8	0x98e7	0x3fcf	a2f9e801	exact							
429	0x77b59d07836d	189	0x9e7af	0x26dfb7	0x26dfbb	+0x4	tail	0x9eac9	203	0xa1484	0x6a69	0xa1c8	0x98e7	0x3fcf	0x988	0x2c8c	696ac8a1	exact							
430	0x77b59d07836d	203	0xa1484	0x26dfbb	0x26dfbf	+0x4	tail	0xa1936	28	0x7e390	0x98e7	0x3fcf	0x988	0x2c8c	0xe801	0xa001	e798cf3f	exact							
431	0x77b59d07836d	28	0x7e390	0x26dfbf	0x26dfc2	+0x3	tail	0x7e7ca	305	0xb78b0	0x988	0x2c8c	0xe801	0xa001	0x3a09	0x4008	88098c	exact							
432	0x77b59d07836d	305	0xb78b0	0x26dfc2	0x26dfc6	+0x4	tail	0xb7bb8	347	0xc088d	0x12c	0x1e8	0x9a0	0x83a	0x1540	0x2ab2	2c01e801	exact							
433	0x77b59d07836d	347	0xc088d	0x26dfc6	0x26dfca	+0x4	tail	0xc0d7b	307	0xb8064	0x9a0	0x83a	0x1540	0x2ab2	0xbe4c	0xe86b	a0093a08	exact							
434	0x77b59d07836d	307	0xb8064	0x26dfca	0x26dfcd	+0x3	tail	0xb837a	268	0xb0007	0x1540	0x2ab2	0xbe4c	0xe86b	0x4901	0x8af6	4015b2	exact							
435	0x77b59d07836d	268	0xb0007	0x26dfcd	0x26dfd1	+0x4	tail	0xb0458	315	0xb9451	0x4c2a	0x6bbe	0x1e8	0xf649	0xce8a	0xc0dd	2a4cbe6b	exact							
436	0x77b59d07836d	315	0xb9451	0x26dfd1	0x26dfd5	+0x4	tail	0xb9878	199	0xa0631	0x1e8	0xf649	0xce8a	0xc0dd	0x8ed6	0x382c	e80149f6	exact							
437	0x77b59d07836d	199	0xa0631	0x26dfd5	0x26dfd8	+0x3	tail	0xa0a9c	268	0xb0007	0xce8a	0xc0dd	0x8ed6	0x382c	0xbe8f	0x751b	8acedd	exact							
438	0x77b59d07836d	268	0xb0007	0x26dfd8	0x26dfdc	+0x4	tail	0xb0458	337	0xbec0e	0xd6c0	0x2c8e	0x8f38	0x1bbe	0xd875	0x1e8	c0d68e2c	exact							
439	0x77b59d07836d	337	0xbec0e	0x26dfdc	0x26dfe0	+0x4	tail	0xbf126	243	0xaab6a	0x8f38	0x1bbe	0xd875	0x1e8	0x1814	0x13d	388fbe1b	exact							
440	0x77b59d07836d	243	0xaab6a	0x26dfe0	0x26dfe4	+0x4	tail	0xaaf3c	338	0xbf128	0xd875	0x1e8	0x1814	0x13d	0x1e8	0x1e8	75d8e801	exact							
441	0x77b59d07836d	338	0xbf128	0x26dfe4	0x26dfea	+0x6	tail	0xbf2d3	295	0xb60e0	0x1814	0x13d	0x1e8	0x1e8	0xd402	0x5710	14183d01e801	exact							
442	0x77b59d07836d	295	0xb60e0	0x26dfea	0x26dfef	+0x5	tail	0xb625a	258	0xadf2c	0x1e8	0xd402	0x5710	0x9626	0xff33	0x68e1	e80102d410	exact							
443	0x77b59d07836d	258	0xadf2c	0x26dfef	0x26dff3	+0x4	tail	0xae32f	333	0xbd8af	0x2657	0x3396	0xe1ff	0x68	0x2d21	0xe0cc	57269633	exact							
444	0x77b59d07836d	333	0xbd8af	0x26dff3	0x26dff7	+0x4	tail	0xbdd16	66	0x855ff	0xe1ff	0x68	0x2d21	0xe0cc	0xd3c6	0xe8c3	ffe16800	exact							
445	0x77b59d07836d	66	0x855ff	0x26dff7	0x26dffa	+0x3	tail	0x859f9	332	0xbd36d	0x2d21	0xe0cc	0xd3c6	0xe8c3	0xce01	0x12c4	212dcc	exact							
446	0x77b59d07836d	332	0xbd36d	0x26dffa	0x26dffe	+0x4	tail	0xbd8ad	183	0x9d495	0xc6e0	0xc3d3	0x1e8	0xc4ce	0x2912	0x3d00	e0c6d3c3	exact							
447	0x77b59d07836d	183	0x9d495	0x26dffe	0x26e002	+0x4	tail	0x9d692	83	0x8947b	0x1e8	0xc4ce	0x2912	0x3d00	0xd101	0xef2f	e801cec4	exact							
448	0x77b59d07836d	83	0x8947b	0x26e002	0x26e007	+0x5	tail	0x89839	160	0x994cf	0x2912	0x3d00	0xd101	0xef2f	0xd670	0xc8d5	1229003d01	exact							
449	0x77b59d07836d	160	0x994cf	0x26e007	0x26e009	+0x2	tail	0x99757	168	0x9aa83	0x2fd1	0x70ef	0xd5d6	0xac8	0xc1c8	0xd64c	d12f	exact							
450	0x77b59d07836d	168	0x9aa83	0x26e009	0x26e00d	+0x4	tail	0x9af16	215	0xa4609	0x70ef	0xd5d6	0xac8	0xc1c8	0xd64c	0xbd39	ef70d6d5	exact							
451	0x77b59d07836d	215	0xa4609	0x26e00d	0x26e010	+0x3	tail	0xa4a5e	345	0xc02e4	0xac8	0xc1c8	0xd64c	0xbd39	0xe13f	0x6477	c80ac8	exact							
452	0x77b59d07836d	345	0xc02e4	0x26e010	0x26e016	+0x6	tail	0xc0532	64	0x85059	0x4cc1	0x39d6	0x3fbd	0x77e1	0xb064	0x13aa	c14cd639bd3f	exact							
453	0x77b59d07836d	64	0x85059	0x26e016	0x26e01a	+0x4	tail	0x8536e	37	0x80685	0x77e1	0xb064	0x13aa	0x3d00	0x5c01	0xa967	e17764b0	exact							
454	0x77b59d07836d	37	0x80685	0x26e01a	0x26e01f	+0x5	tail	0x80d77	108	0x8f24b	0x13aa	0x3d00	0x5c01	0xa967	0xb2c0	0xe8fc	aa13003d01	exact							
455	0x77b59d07836d	108	0x8f24b	0x26e01f	0x26e021	+0x2	tail	0x8f6cf	64	0x85059	0x675c	0xc0a9	0xfcb2	0x4e8	0xee95	0xb357	5c67	exact							
456	0x77b59d07836d	64	0x85059	0x26e021	0x26e025	+0x4	tail	0x8536e	28	0x7e390	0xc0a9	0xfcb2	0x4e8	0xee95	0xb357	0x3a00	a9c0b2fc	exact							
457	0x77b59d07836d	28	0x7e390	0x26e025	0x26e028	+0x3	tail	0x7e7ca	157	0x98a9a	0x4e8	0xee95	0xb357	0x3a00	0x33f6	0x2e44	e80495	exact							
458	0x77b59d07836d	157	0x98a9a	0x26e028	0x26e02c	+0x4	tail	0x99026	179	0x9ca8d	0x57ee	0xb3	0xf63a	0x4433	0x2e	0x13d	ee57b300	exact							
459	0x77b59d07836d	179	0x9ca8d	0x26e02c	0x26e031	+0x5	tail	0x9cf2f	220	0xa522e	0xf63a	0x4433	0x2e	0x13d	0x3407	0xe6e2	3af633442e	exact							
460	0x77b59d07836d	220	0xa522e	0x26e031	0x26e036	+0x5	tail	0xa5886	352	0xc1ec4	0x3d00	0x701	0xe234	0xe0e6	0x2c13	0x8dc	003d010734	exact							
461	0x77b59d07836d	352	0xc1ec4	0x26e036	0x26e038	+0x2	tail	0xc21c0	189	0x9e7af	0xe6e2	0x13e0	0xdc2c	0xed08	0xca3a	0xf73f	e2e6	exact							
462	0x77b59d07836d	189	0x9e7af	0x26e038	0x26e03c	+0x4	tail	0x9eac9	345	0xc02e4	0x13e0	0xdc2c	0xed08	0xca3a	0xf73f	0xc803	e0132cdc	exact							
463	0x77b59d07836d	345	0xc02e4	0x26e03c	0x26e042	+0x6	tail	0xc0532	157	0x98a9a	0xed08	0xca3a	0xf73f	0xc803	0xb3	0xed67	08ed3aca3ff7	exact							
464	0x77b59d07836d	157	0x98a9a	0x26e042	0x26e046	+0x4	tail	0x99026	185	0x9d964	0xc803	0xb3	0xed67	0x293a	0x5b6f	0x13d	03c8b300	exact							
465	0x77b59d07836d	185	0x9d964	0x26e046	0x26e049	+0x3	tail	0x9dcab	37	0x80685	0xed67	0x293a	0x5b6f	0x13d	0x2970	0x211a	67ed3a	exact							
466	0x77b59d07836d	37	0x80685	0x26e049	0x26e04e	+0x5	tail	0x80d77	160	0x994cf	0x6f29	0x3d5b	0x7001	0x1a29	0x21	0xbf7c	296f5b3d01	exact							
467	0x77b59d07836d	160	0x994cf	0x26e04e	0x26e050	+0x2	tail	0x99757	124	0x91e81	0x2970	0x211a	0x7c00	0xbfbf	0x8b57	0xff3b	7029	exact							
468	0x77b59d07836d	124	0x91e81	0x26e050	0x26e056	+0x6	tail	0x922c1	43	0x8173d	0x211a	0x7c00	0xbfbf	0x8b57	0xff3b	0x812	1a21007cbfbf	exact							
469	0x77b59d07836d	43	0x8173d	0x26e056	0x26e05a	+0x4	tail	0x81b7c	18	0x7be9b	0x8b57	0xff3b	0x812	0x8ba	0xc3f4	0x6b	578b3bff	exact							
470	0x77b59d07836d	18	0x7be9b	0x26e05a	0x26e05d	+0x3	tail	0x7c308	258	0xadf2c	0x812	0x8ba	0xc3f4	0x6b	0x13d	0xf03f	1208ba	exact							
471	0x77b59d07836d	258	0xadf2c	0x26e05d	0x26e061	+0x4	tail	0xae32f	301	0xb708d	0xf408	0x6bc3	0x3d00	0x3f01	0x66f0	0x8d3f	08f4c36b	exact							
472	0x77b59d07836d	301	0xb708d	0x26e061	0x26e066	+0x5	tail	0xb7583	108	0x8f24b	0x3d00	0x3f01	0x66f0	0x8d3f	0xc1c1	0x60db	003d013ff0	exact							
473	0x77b59d07836d	108	0x8f24b	0x26e066	0x26e068	+0x2	tail	0x8f6cf	268	0xb0007	0x3f66	0xc18d	0xdbc1	0x460	0x4b6	0x89ac	663f	exact							
474	0x77b59d07836d	268	0xb0007	0x26e068	0x26e06c	+0x4	tail	0xb0458	28	0x7e390	0xc18d	0xdbc1	0x460	0x4b6	0x89ac	0xb154	8dc1c1db	exact							
475	0x77b59d07836d	28	0x7e390	0x26e06c	0x26e06f	+0x3	tail	0x7e7ca	140	0x94e5a	0x460	0x4b6	0x89ac	0xb154	0xf690	0x9d51	6004b6	exact							
476	0x77b59d07836d	140	0x94e5a	0x26e06f	0x26e075	+0x6	tail	0x951c0	340	0xbf435	0xac04	0x5489	0x90b1	0x51f6	0x19d	0x1400	04ac8954b190	exact							
477	0x77b59d07836d	340	0xbf435	0x26e075	0x26e079	+0x4	tail	0xbf886	49	0x82820	0x51f6	0x19d	0x1400	0x3d4f	0xe901	0x8a63	f6519d01	exact							
478	0x77b59d07836d	49	0x82820	0x26e079	0x26e07e	+0x5	tail	0x82e73	108	0x8f24b	0x1400	0x3d4f	0xe901	0x8a63	0xd4b	0x92a7	00144f3d01	exact							
479	0x77b59d07836d	108	0x8f24b	0x26e07e	0x26e080	+0x2	tail	0x8f6cf	199	0xa0631	0x63e9	0x4b8a	0xa70d	0xf092	0x7c99	0x1314	e963	exact							
480	0x77b59d07836d	199	0xa0631	0x26e080	0x26e083	+0x3	tail	0xa0a9c	203	0xa1484	0x4b8a	0xa70d	0xf092	0x7c99	0x1314	0xef00	8a4b0d	exact							
481	0x77b59d07836d	203	0xa1484	0x26e083	0x26e087	+0x4	tail	0xa1936	340	0xbf435	0x92a7	0x99f0	0x147c	0x13	0x99ef	0x319c	a792f099	exact							
482	0x77b59d07836d	340	0xbf435	0x26e087	0x26e08b	+0x4	tail	0xbf886	30	0x7e849	0x147c	0x13	0x99ef	0x319c	0x3d00	0x5701	7c141300	exact							
483	0x77b59d07836d	30	0x7e849	0x26e08b	0x26e08f	+0x4	tail	0x7ecd0	269	0xb045b	0x99ef	0x319c	0x3d00	0x5701	0x7331	0xbb07	ef999c31	exact							
484	0x77b59d07836d	269	0xb045b	0x26e08f	0x26e094	+0x5	tail	0xb092e	173	0x9ba74	0x3d00	0x5701	0x7331	0xbb07	0x3a23	0x994f	003d015731	exact							
485	0x77b59d07836d	173	0x9ba74	0x26e094	0x26e096	+0x2	tail	0x9bd8c	185	0x9d964	0x773	0x23bb	0x4f3a	0x6a99	0xe829	0xdb01	7307	exact							
486	0x77b59d07836d	185	0x9d964	0x26e096	0x26e099	+0x3	tail	0x9dcab	64	0x85059	0x23bb	0x4f3a	0x6a99	0xe829	0xdb01	0xb152	bb233a	exact							
487	0x77b59d07836d	64	0x85059	0x26e099	0x26e09d	+0x4	tail	0x8536e	176	0x9c10b	0x994f	0x296a	0x1e8	0x52db	0xafb1	0x2eea	4f996a29	exact							
488	0x77b59d07836d	176	0x9c10b	0x26e09d	0x26e0a1	+0x4	tail	0x9c3f4	18	0x7be9b	0x1e8	0x52db	0xafb1	0x2eea	0x4a8c	0x7401	e801db52	exact							
489	0x77b59d07836d	18	0x7be9b	0x26e0a1	0x26e0a4	+0x3	tail	0x7c308	347	0xc088d	0xafb1	0x2eea	0x4a8c	0x7401	0xe826	0xe801	b1afea	exact							
490	0x77b59d07836d	347	0xc088d	0x26e0a4	0x26e0a8	+0x4	tail	0xc0d7b	184	0x9d694	0x8c2e	0x14a	0x2674	0x1e8	0x1e8	0x13d	2e8c4a01	exact							
491	0x77b59d07836d	184	0x9d694	0x26e0a8	0x26e0ac	+0x4	tail	0x9d961	40	0x8115d	0x2674	0x1e8	0x1e8	0x13d	0xdb74	0x67fc	7426e801	exact							
492	0x77b59d07836d	40	0x8115d	0x26e0ac	0x26e0b2	+0x6	tail	0x8129b	66	0x855ff	0x1e8	0x13d	0xdb74	0x67fc	0x173a	0xb787	e8013d0174db	exact							
493	0x77b59d07836d	66	0x855ff	0x26e0b2	0x26e0b5	+0x3	tail	0x859f9	347	0xc088d	0x67fc	0x173a	0xb787	0x1a06	0xe8d8	0xa01	fc673a	exact							
494	0x77b59d07836d	347	0xc088d	0x26e0b5	0x26e0b9	+0x4	tail	0xc0d7b	161	0x9975a	0x8717	0x6b7	0xd81a	0x1e8	0x170a	0x79	1787b706	exact							
495	0x77b59d07836d	161	0x9975a	0x26e0b9	0x26e0bd	+0x4	tail	0x99b3a	340	0xbf435	0xd81a	0x1e8	0x170a	0x79	0x8d32	0x56ad	1ad8e801	exact							
496	0x77b59d07836d	340	0xbf435	0x26e0bd	0x26e0c1	+0x4	tail	0xbf886	307	0xb8064	0x170a	0x79	0x8d32	0x56ad	0xe82d	0x8201	0a177900	exact							
497	0x77b59d07836d	307	0xb8064	0x26e0c1	0x26e0c4	+0x3	tail	0xb837a	123	0x91a59	0x8d32	0x56ad	0xe82d	0x8201	0xb1c5	0xc034	328dad	exact							
498	0x77b59d07836d	123	0x91a59	0x26e0c4	0x26e0c8	+0x4	tail	0x91e7f	307	0xb8064	0x2d56	0x1e8	0xc582	0x34b1	0xf9c0	0x8a7d	562de801	exact							
499	0x77b59d07836d	307	0xb8064	0x26e0c8	0x26e0cb	+0x3	tail	0xb837a	258	0xadf2c	0xc582	0x34b1	0xf9c0	0x8a7d	0xe872	0x3201	82c5b1	exact							
500	0x77b59d07836d	258	0xadf2c	0x26e0cb	0x26e0cf	+0x4	tail	0xae32f	161	0x9975a	0xc034	0x7df9	0x728a	0x1e8	0x3b32	0x6dc	34c0f97d	exact							
501	0x77b59d07836d	161	0x9975a	0x26e0cf	0x26e0d3	+0x4	tail	0x99b3a	114	0x90319	0x728a	0x1e8	0x3b32	0x6dc	0x578	0xa86a	8a72e801	exact							
502	0x77b59d07836d	114	0x90319	0x26e0d3	0x26e0d7	+0x4	tail	0x90893	18	0x7be9b	0x3b32	0x6dc	0x578	0xa86a	0xe898	0xae01	323bdc06	exact							
503	0x77b59d07836d	18	0x7be9b	0x26e0d7	0x26e0da	+0x3	tail	0x7c308	174	0x9bd8f	0x578	0xa86a	0xe898	0xae01	0xbbd8	0x212b	78056a	exact							
504	0x77b59d07836d	174	0x9bd8f	0x26e0da	0x26e0de	+0x4	tail	0x9c08c	258	0xadf2c	0x98a8	0x1e8	0xd8ae	0x2bbb	0x321	0xe82a	a898e801	exact							
505	0x77b59d07836d	258	0xadf2c	0x26e0de	0x26e0e2	+0x4	tail	0xae32f	66	0x855ff	0xd8ae	0x2bbb	0x321	0xe82a	0x2401	0x2a14	aed8bb2b	exact							
506	0x77b59d07836d	66	0x855ff	0x26e0e2	0x26e0e5	+0x3	tail	0x859f9	158	0x99029	0x321	0xe82a	0x2401	0x2a14	0x4596	0x86dd	21032a	exact							
507	0x77b59d07836d	158	0x99029	0x26e0e5	0x26e0e9	+0x4	tail	0x992ca	114	0x90319	0x1e8	0x1424	0x962a	0xdd45	0x7186	0x9e87	e8012414	exact							
508	0x77b59d07836d	114	0x90319	0x26e0e9	0x26e0ed	+0x4	tail	0x90893	297	0xb64d7	0x962a	0xdd45	0x7186	0x9e87	0xe857	0x9301	2a9645dd	exact							
509	0x77b59d07836d	297	0xb64d7	0x26e0ed	0x26e0f0	+0x3	tail	0xb68ff	161	0x9975a	0x7186	0x9e87	0xe857	0x9301	0x8408	0x16ea	867187	exact							
510	0x77b59d07836d	161	0x9975a	0x26e0f0	0x26e0f4	+0x4	tail	0x99b3a	297	0xb64d7	0x579e	0x1e8	0x893	0xea84	0x3716	0xe8a3	9e57e801	exact							
511	0x77b59d07836d	297	0xb64d7	0x26e0f4	0x26e0f7	+0x3	tail	0xb68ff	64	0x85059	0x893	0xea84	0x3716	0xe8a3	0x4901	0xe1b2	930884	exact							
512	0x77b59d07836d	64	0x85059	0x26e0f7	0x26e0fb	+0x4	tail	0x8536e	158	0x99029	0x16ea	0xa337	0x1e8	0xb249	0xe4e1	0x7478	ea1637a3	exact							
513	0x77b59d07836d	158	0x99029	0x26e0fb	0x26e0ff	+0x4	tail	0x992ca	66	0x855ff	0x1e8	0xb249	0xe4e1	0x7478	0x2d0c	0x4013	e80149b2	exact							
514	0x77b59d07836d	66	0x855ff	0x26e0ff	0x26e102	+0x3	tail	0x859f9	258	0xadf2c	0xe4e1	0x7478	0x2d0c	0x4013	0xe897	0xe901	e1e478	exact							
515	0x77b59d07836d	258	0xadf2c	0x26e102	0x26e106	+0x4	tail	0xae32f	184	0x9d694	0xc74	0x132d	0x9740	0x1e8	0x5de9	0xa27e	740c2d13	exact							
516	0x77b59d07836d	184	0x9d694	0x26e106	0x26e10a	+0x4	tail	0x9d961	114	0x90319	0x9740	0x1e8	0x5de9	0xa27e	0x34f	0xea1a	4097e801	exact							
517	0x77b59d07836d	114	0x90319	0x26e10a	0x26e10e	+0x4	tail	0x90893	199	0xa0631	0x5de9	0xa27e	0x34f	0xea1a	0xe876	0x7901	e95d7ea2	exact							
518	0x77b59d07836d	199	0xa0631	0x26e10e	0x26e111	+0x3	tail	0xa0a9c	161	0x9975a	0x34f	0xea1a	0xe876	0x7901	0x22dc	0x51fa	4f031a	exact							
519	0x77b59d07836d	161	0x9975a	0x26e111	0x26e115	+0x4	tail	0x99b3a	258	0xadf2c	0x76ea	0x1e8	0xdc79	0xfa22	0x8d51	0x5ead	ea76e801	exact							
520	0x77b59d07836d	258	0xadf2c	0x26e115	0x26e119	+0x4	tail	0xae32f	307	0xb8064	0xdc79	0xfa22	0x8d51	0x5ead	0xe858	0xc501	79dc22fa	exact							
521	0x77b59d07836d	307	0xb8064	0x26e119	0x26e11c	+0x3	tail	0xb837a	123	0x91a59	0x8d51	0x5ead	0xe858	0xc501	0x7145	0xd80d	518dad	exact							
522	0x77b59d07836d	123	0x91a59	0x26e11c	0x26e120	+0x4	tail	0x91e7f	114	0x90319	0x585e	0x1e8	0x45c5	0xd71	0x3d8	0x7ee2	5e58e801	exact							
523	0x77b59d07836d	114	0x90319	0x26e120	0x26e124	+0x4	tail	0x90893	28	0x7e390	0x45c5	0xd71	0x3d8	0x7ee2	0xe85d	0x1001	c545710d	exact							
524	0x77b59d07836d	28	0x7e390	0x26e124	0x26e127	+0x3	tail	0x7e7ca	123	0x91a59	0x3d8	0x7ee2	0xe85d	0x1001	0x3a84	0x3c6d	d803e2	exact							
525	0x77b59d07836d	123	0x91a59	0x26e127	0x26e12b	+0x4	tail	0x91e7f	185	0x9d964	0x5d7e	0x1e8	0x8410	0x6d3a	0x1c3c	0xe87b	7e5de801	exact							
526	0x77b59d07836d	185	0x9d964	0x26e12b	0x26e12e	+0x3	tail	0x9dcab	258	0xadf2c	0x8410	0x6d3a	0x1c3c	0xe87b	0xe01	0x9fd8	10843a	exact							
527	0x77b59d07836d	258	0xadf2c	0x26e12e	0x26e132	+0x4	tail	0xae32f	158	0x99029	0x3c6d	0x7b1c	0x1e8	0xd80e	0x889f	0xcf30	6d3c1c7b	exact							
528	0x77b59d07836d	158	0x99029	0x26e132	0x26e136	+0x4	tail	0x992ca	114	0x90319	0x1e8	0xd80e	0x889f	0xcf30	0x5ab	0xe83a	e8010ed8	exact							
529	0x77b59d07836d	114	0x90319	0x26e136	0x26e13a	+0x4	tail	0x90893	185	0x9d964	0x889f	0xcf30	0x5ab	0xe83a	0xbd01	0x1475	9f8830cf	exact							
530	0x77b59d07836d	185	0x9d964	0x26e13a	0x26e13d	+0x3	tail	0x9dcab	20	0x7c62b	0x5ab	0xe83a	0xbd01	0x1475	0xab11	0xfff6	ab053a	exact							
531	0x77b59d07836d	20	0x7c62b	0x26e13d	0x26e141	+0x4	tail	0x7ca96	337	0xbec0e	0x1e8	0x75bd	0x1114	0xf6ab	0xa0ff	0xe895	e801bd75	exact							
532	0x77b59d07836d	337	0xbec0e	0x26e141	0x26e145	+0x4	tail	0xbf126	297	0xb64d7	0x1114	0xf6ab	0xa0ff	0xe895	0x9f01	0xc81e	1411abf6	exact							
533	0x77b59d07836d	297	0xb64d7	0x26e145	0x26e148	+0x3	tail	0xb68ff	158	0x99029	0xa0ff	0xe895	0x9f01	0xc81e	0x3a10	0xcd9	ffa095	exact							
534	0x77b59d07836d	158	0x99029	0x26e148	0x26e14c	+0x4	tail	0x992ca	185	0x9d964	0x1e8	0x1e9f	0x10c8	0xd93a	0xdd0c	0x9842	e8019f1e	exact							
535	0x77b59d07836d	185	0x9d964	0x26e14c	0x26e14f	+0x3	tail	0x9dcab	347	0xc088d	0x10c8	0xd93a	0xdd0c	0x9842	0xe88b	0x3901	c8103a	exact							
536	0x77b59d07836d	347	0xc088d	0x26e14f	0x26e153	+0x4	tail	0xc0d7b	174	0x9bd8f	0xcd9	0x42dd	0x8b98	0x1e8	0xfa39	0x26	d90cdd42	exact							
537	0x77b59d07836d	174	0x9bd8f	0x26e153	0x26e157	+0x4	tail	0x9c08c	356	0xc291a	0x8b98	0x1e8	0xfa39	0x26	0x80	0xfd00	988be801	exact							
538	0x77b59d07836d	356	0xc291a	0x26e157	0x26e161	+0xa	dispatch	0xc80b9	310	0xb8556	0xfa39	0x26	0x80	0xfd00	0x1	0x1e8	39fa2600800000fd0100	exact		0x94baf385		0xffc5af34			0x3a
539	0x77b59d07836d	310	0xb8556	0x26e161	0x26e165	+0x4	tail	0xb86f5	354	0xc2241	0x1e8	0x162	0x10c	0x1c4a	0x67ae	0x15e	e8016201	exact	0x94baf385		0xffc5af34			0x3a	
540	0x77b59d07836d	354	0xc2241	0x26e165	0x26e167	+0x2	tail	0xc240d	268	0xb0007	0x10c	0x1c4a	0x67ae	0x15e	0x7b3a	0xb1d9	0c01	exact							
541	0x77b59d07836d	268	0xb0007	0x26e167	0x26e16b	+0x4	tail	0xb0458	185	0x9d964	0x1c4a	0x67ae	0x15e	0x7b3a	0xb1d9	0xf6ca	4a1cae67	exact							
542	0x77b59d07836d	185	0x9d964	0x26e16b	0x26e16e	+0x3	tail	0x9dcab	64	0x85059	0x15e	0x7b3a	0xb1d9	0xf6ca	0xe829	0x8801	5e013a	exact							
543	0x77b59d07836d	64	0x85059	0x26e16e	0x26e172	+0x4	tail	0x8536e	26	0x7dbbb	0xd97b	0xcab1	0x29f6	0x1e8	0xa88	0x7c84	7bd9b1ca	exact							
544	0x77b59d07836d	26	0x7dbbb	0x26e172	0x26e176	+0x4	tail	0x7dfbd	215	0xa4609	0x29f6	0x1e8	0xa88	0x7c84	0x4075	0x7e0b	f629e801	exact							
545	0x77b59d07836d	215	0xa4609	0x26e176	0x26e179	+0x3	tail	0xa4a5e	337	0xbec0e	0xa88	0x7c84	0x4075	0x7e0b	0xab13	0xad0d	880a84	exact							
546	0x77b59d07836d	337	0xbec0e	0x26e179	0x26e17d	+0x4	tail	0xbf126	172	0x9b68a	0x757c	0xb40	0x137e	0xdab	0xa3ad	0x1e8	7c75400b	exact							
547	0x77b59d07836d	172	0x9b68a	0x26e17d	0x26e181	+0x4	tail	0x9ba72	243	0xaab6a	0x137e	0xdab	0xa3ad	0x1e8	0xaca3	0xf23a	7e13ab0d	exact							
548	0x77b59d07836d	243	0xaab6a	0x26e181	0x26e185	+0x4	tail	0xaaf3c	185	0x9d964	0xa3ad	0x1e8	0xaca3	0xf23a	0x8901	0xdd00	ada3e801	exact							
549	0x77b59d07836d	185	0x9d964	0x26e185	0x26e188	+0x3	tail	0x9dcab	340	0xbf435	0xaca3	0xf23a	0x8901	0xdd00	0xe322	0x800a	a3ac3a	exact							
550	0x77b59d07836d	340	0xbf435	0x26e188	0x26e18c	+0x4	tail	0xbf886	172	0x9b68a	0x1f2	0x89	0x22dd	0xae3	0xf880	0x1e8	f2018900	exact							
551	0x77b59d07836d	172	0x9b68a	0x26e18c	0x26e190	+0x4	tail	0x9ba72	26	0x7dbbb	0x22dd	0xae3	0xf880	0x1e8	0xa450	0xb0ac	dd22e30a	exact							
552	0x77b59d07836d	26	0x7dbbb	0x26e190	0x26e194	+0x4	tail	0x7dfbd	337	0xbec0e	0xf880	0x1e8	0xa450	0xb0ac	0x860	0xce80	80f8e801	exact							
553	0x77b59d07836d	337	0xbec0e	0x26e194	0x26e198	+0x4	tail	0xbf126	215	0xa4609	0xa450	0xb0ac	0x860	0xce80	0xb566	0xbe6c	50a4acb0	exact							
554	0x77b59d07836d	215	0xa4609	0x26e198	0x26e19b	+0x3	tail	0xa4a5e	268	0xb0007	0x860	0xce80	0xb566	0xbe6c	0xe895	0x8601	600880	exact							
555	0x77b59d07836d	268	0xb0007	0x26e19b	0x26e19f	+0x4	tail	0xb0458	346	0xc0535	0x66ce	0x6cb5	0x95be	0x1e8	0xb286	0xd2c7	ce66b56c	exact							
556	0x77b59d07836d	346	0xc0535	0x26e19f	0x26e1a3	+0x4	tail	0xc088b	64	0x85059	0x95be	0x1e8	0xb286	0xd2c7	0xf517	0xd7a3	be95e801	exact							
557	0x77b59d07836d	64	0x85059	0x26e1a3	0x26e1a7	+0x4	tail	0x8536e	168	0x9aa83	0xb286	0xd2c7	0xf517	0xd7a3	0x5525	0xe891	86b2c7d2	exact							
558	0x77b59d07836d	168	0x9aa83	0x26e1a7	0x26e1ab	+0x4	tail	0x9af16	297	0xb64d7	0xf517	0xd7a3	0x5525	0xe891	0x9901	0xeaf4	17f5a3d7	exact							
559	0x77b59d07836d	297	0xb64d7	0x26e1ab	0x26e1ae	+0x3	tail	0xb68ff	315	0xb9451	0x5525	0xe891	0x9901	0xeaf4	0x47ba	0x8c01	255591	exact							
560	0x77b59d07836d	315	0xb9451	0x26e1ae	0x26e1b2	+0x4	tail	0xb9878	157	0x98a9a	0x1e8	0xf499	0xbaea	0x147	0xdc8c	0x147	e80199f4	exact							
561	0x77b59d07836d	157	0x98a9a	0x26e1b2	0x26e1b6	+0x4	tail	0x99026	340	0xbf435	0xbaea	0x147	0xdc8c	0x147	0x970f	0xe8ec	eaba4701	exact							
562	0x77b59d07836d	340	0xbf435	0x26e1b6	0x26e1ba	+0x4	tail	0xbf886	66	0x855ff	0xdc8c	0x147	0x970f	0xe8ec	0xe101	0x50f0	8cdc4701	exact							
563	0x77b59d07836d	66	0x855ff	0x26e1ba	0x26e1bd	+0x3	tail	0x859f9	315	0xb9451	0x970f	0xe8ec	0xe101	0x50f0	0x1218	0x7076	0f97ec	exact							
564	0x77b59d07836d	315	0xb9451	0x26e1bd	0x26e1c1	+0x4	tail	0xb9878	18	0x7be9b	0x1e8	0xf0e1	0x1850	0x7612	0x5f70	0x72b	e801e1f0	exact							
565	0x77b59d07836d	18	0x7be9b	0x26e1c1	0x26e1c4	+0x3	tail	0x7c308	258	0xadf2c	0x1850	0x7612	0x5f70	0x72b	0xcbe8	0xe800	501812	exact							
566	0x77b59d07836d	258	0xadf2c	0x26e1c4	0x26e1c8	+0x4	tail	0xae32f	157	0x98a9a	0x7076	0x2b5f	0xe807	0xcb	0x1e8	0x350c	76705f2b	exact							
567	0x77b59d07836d	157	0x98a9a	0x26e1c8	0x26e1cc	+0x4	tail	0x99026	33	0x7f7c4	0xe807	0xcb	0x1e8	0x350c	0x860	0xffc	07e8cb00	exact							
568	0x77b59d07836d	33	0x7f7c4	0x26e1cc	0x26e1d0	+0x4	tail	0x7fba1	215	0xa4609	0x1e8	0x350c	0x860	0xffc	0xa25c	0x452c	e8010c35	exact							
569	0x77b59d07836d	215	0xa4609	0x26e1d0	0x26e1d3	+0x3	tail	0xa4a5e	268	0xb0007	0x860	0xffc	0xa25c	0x452c	0x3836	0x3e00	6008fc	exact							
570	0x77b59d07836d	268	0xb0007	0x26e1d3	0x26e1d7	+0x4	tail	0xb0458	340	0xbf435	0x5c0f	0x2ca2	0x3645	0x38	0xe23e	0x1e8	0f5ca22c	exact							
571	0x77b59d07836d	340	0xbf435	0x26e1d7	0x26e1db	+0x4	tail	0xbf886	243	0xaab6a	0x3645	0x38	0xe23e	0x1e8	0xad8	0xf6bb	45363800	exact							
572	0x77b59d07836d	243	0xaab6a	0x26e1db	0x26e1df	+0x4	tail	0xaaf3c	215	0xa4609	0xe23e	0x1e8	0xad8	0xf6bb	0x6680	0x5f00	3ee2e801	exact							
573	0x77b59d07836d	215	0xa4609	0x26e1df	0x26e1e2	+0x3	tail	0xa4a5e	347	0xc088d	0xad8	0xf6bb	0x6680	0x5f00	0x13f9	0x7900	d80abb	exact							
574	0x77b59d07836d	347	0xc088d	0x26e1e2	0x26e1e6	+0x4	tail	0xc0d7b	333	0xbd8af	0x80f6	0x66	0xf95f	0x13	0x1179	0x1e8	f6806600	exact							
575	0x77b59d07836d	333	0xbd8af	0x26e1e6	0x26e1ea	+0x4	tail	0xbdd16	305	0xb78b0	0xf95f	0x13	0x1179	0x1e8	0x848c	0x1de	5ff91300	exact							
576	0x77b59d07836d	305	0xb78b0	0x26e1ea	0x26e1ee	+0x4	tail	0xb7bb8	347	0xc088d	0x1179	0x1e8	0x848c	0x1de	0x15c0	0x4eb2	7911e801	exact							
577	0x77b59d07836d	347	0xc088d	0x26e1ee	0x26e1f2	+0x4	tail	0xc0d7b	307	0xb8064	0x848c	0x1de	0x15c0	0x4eb2	0x7ece	0x5d69	8c84de01	exact							
578	0x77b59d07836d	307	0xb8064	0x26e1f2	0x26e1f5	+0x3	tail	0xb837a	268	0xb0007	0x15c0	0x4eb2	0x7ece	0x5d69	0xe81c	0x4301	c015b2	exact							
579	0x77b59d07836d	268	0xb0007	0x26e1f5	0x26e1f9	+0x4	tail	0xb0458	243	0xaab6a	0xce4e	0x697e	0x1c5d	0x1e8	0xd643	0x107	4ece7e69	exact							
580	0x77b59d07836d	243	0xaab6a	0x26e1f9	0x26e1fd	+0x4	tail	0xaaf3c	157	0x98a9a	0x1c5d	0x1e8	0xd643	0x107	0x5e7	0xee3a	5d1ce801	exact							
581	0x77b59d07836d	157	0x98a9a	0x26e1fd	0x26e201	+0x4	tail	0x99026	185	0x9d964	0xd643	0x107	0x5e7	0xee3a	0x3866	0xe8db	43d60701	exact							
582	0x77b59d07836d	185	0x9d964	0x26e201	0x26e204	+0x3	tail	0x9dcab	189	0x9e7af	0x5e7	0xee3a	0x3866	0xe8db	0x6101	0xc2f8	e7053a	exact							
583	0x77b59d07836d	189	0x9e7af	0x26e204	0x26e208	+0x4	tail	0x9eac9	315	0xb9451	0x66ee	0xdb38	0x1e8	0xf861	0x49c2	0xeb66	ee6638db	exact							
584	0x77b59d07836d	315	0xb9451	0x26e208	0x26e20c	+0x4	tail	0xb9878	258	0xadf2c	0x1e8	0xf861	0x49c2	0xeb66	0xc700	0x153a	e80161f8	exact							
585	0x77b59d07836d	258	0xadf2c	0x26e20c	0x26e210	+0x4	tail	0xae32f	66	0x855ff	0x49c2	0xeb66	0xc700	0x153a	0x950f	0xe82b	c24966eb	exact							
586	0x77b59d07836d	66	0x855ff	0x26e210	0x26e213	+0x3	tail	0x859f9	268	0xb0007	0xc700	0x153a	0x950f	0xe82b	0x6101	0x43f8	00c73a	exact							
587	0x77b59d07836d	268	0xb0007	0x26e213	0x26e217	+0x4	tail	0xb0458	315	0xb9451	0xf15	0x2b95	0x1e8	0xf861	0x1943	0x9beb	150f952b	exact							
588	0x77b59d07836d	315	0xb9451	0x26e217	0x26e21b	+0x4	tail	0xb9878	258	0xadf2c	0x1e8	0xf861	0x1943	0x9beb	0x7054	0xd496	e80161f8	exact							
589	0x77b59d07836d	258	0xadf2c	0x26e21b	0x26e21f	+0x4	tail	0xae32f	168	0x9aa83	0x1943	0x9beb	0x7054	0xd496	0x2043	0x453a	4319eb9b	exact							
590	0x77b59d07836d	168	0x9aa83	0x26e21f	0x26e223	+0x4	tail	0x9af16	185	0x9d964	0x7054	0xd496	0x2043	0x453a	0xe8de	0xba01	547096d4	exact							
591	0x77b59d07836d	185	0x9d964	0x26e223	0x26e226	+0x3	tail	0x9dcab	305	0xb78b0	0x2043	0x453a	0xe8de	0xba01	0x837a	0x543	43203a	exact							
592	0x77b59d07836d	305	0xb78b0	0x26e226	0x26e22a	+0x4	tail	0xb7bb8	258	0xadf2c	0xde45	0x1e8	0x7aba	0x4383	0x6e05	0x3a60	45dee801	exact							
593	0x77b59d07836d	258	0xadf2c	0x26e22a	0x26e22e	+0x4	tail	0xae32f	297	0xb64d7	0x7aba	0x4383	0x6e05	0x3a60	0xfde6	0xe808	ba7a8343	exact							
594	0x77b59d07836d	297	0xb64d7	0x26e22e	0x26e231	+0x3	tail	0xb68ff	196	0x9fbcd	0x6e05	0x3a60	0xfde6	0xe808	0x4901	0x3bf6	056e60	exact							
595	0x77b59d07836d	196	0x9fbcd	0x26e231	0x26e235	+0x4	tail	0xa0068	315	0xb9451	0xe63a	0x8fd	0x1e8	0xf649	0x2e3b	0x98ce	3ae6fd08	exact							
596	0x77b59d07836d	315	0xb9451	0x26e235	0x26e239	+0x4	tail	0xb9878	199	0xa0631	0x1e8	0xf649	0x2e3b	0x98ce	0x420d	0xd081	e80149f6	exact							
597	0x77b59d07836d	199	0xa0631	0x26e239	0x26e23c	+0x3	tail	0xa0a9c	347	0xc088d	0x2e3b	0x98ce	0x420d	0xd081	0xe3a2	0xc00a	3b2ece	exact							
598	0x77b59d07836d	347	0xc088d	0x26e23c	0x26e240	+0x4	tail	0xc0d7b	172	0x9b68a	0xd98	0x8142	0xa2d0	0xae3	0x5dc0	0x1e8	980d4281	exact							
599	0x77b59d07836d	172	0x9b68a	0x26e240	0x26e244	+0x4	tail	0x9ba72	26	0x7dbbb	0xa2d0	0xae3	0x5dc0	0x1e8	0x9b2	0xc64d	d0a2e30a	exact							
600	0x77b59d07836d	26	0x7dbbb	0x26e244	0x26e248	+0x4	tail	0x7dfbd	199	0xa0631	0x5dc0	0x1e8	0x9b2	0xc64d	0xc8d6	0xffa0	c05de801	exact							
601	0x77b59d07836d	199	0xa0631	0x26e248	0x26e24b	+0x3	tail	0xa0a9c	189	0x9e7af	0x9b2	0xc64d	0xc8d6	0xffa0	0xb3ff	0xe800	b2094d	exact							
602	0x77b59d07836d	189	0x9e7af	0x26e24b	0x26e24f	+0x4	tail	0x9eac9	333	0xbd8af	0xd6c6	0xa0c8	0xffff	0xb3	0x1e8	0xf69e	c6d6c8a0	exact							
603	0x77b59d07836d	333	0xbd8af	0x26e24f	0x26e253	+0x4	tail	0xbdd16	33	0x7f7c4	0xffff	0xb3	0x1e8	0xf69e	0xd1d4	0x13d	ffffb300	exact							
604	0x77b59d07836d	33	0x7f7c4	0x26e253	0x26e257	+0x4	tail	0x7fba1	338	0xbf128	0x1e8	0xf69e	0xd1d4	0x13d	0x1e8	0x1e8	e8019ef6	exact							
605	0x77b59d07836d	338	0xbf128	0x26e257	0x26e25d	+0x6	tail	0xbf2d3	295	0xb60e0	0xd1d4	0x13d	0x1e8	0x1e8	0xcf82	0x9210	d4d13d01e801	exact							
606	0x77b59d07836d	295	0xb60e0	0x26e25d	0x26e262	+0x5	tail	0xb625a	114	0x90319	0x1e8	0xcf82	0x9210	0x836e	0xc422	0xd089	e80182cf10	exact							
607	0x77b59d07836d	114	0x90319	0x26e262	0x26e266	+0x4	tail	0x90893	273	0xb11ca	0x6e92	0x2283	0x89c4	0x69d0	0x1e8	0xdf72	926e8322	exact							
608	0x77b59d07836d	273	0xb11ca	0x26e266	0x26e26a	+0x4	tail	0xb1545	183	0x9d495	0x89c4	0x69d0	0x1e8	0xdf72	0xc23	0x68	c489d069	exact							
609	0x77b59d07836d	183	0x9d495	0x26e26a	0x26e26e	+0x4	tail	0x9d692	157	0x98a9a	0x1e8	0xdf72	0xc23	0x68	0xb18d	0x10	e80172df	exact							
610	0x77b59d07836d	157	0x98a9a	0x26e26e	0x26e272	+0x4	tail	0x99026	297	0xb64d7	0xc23	0x68	0xb18d	0x10	0x13d	0x96d4	230c6800	exact							
611	0x77b59d07836d	297	0xb64d7	0x26e272	0x26e275	+0x3	tail	0xb68ff	220	0xa522e	0xb18d	0x10	0x13d	0x96d4	0xdd02	0x6a80	8db110	exact							
612	0x77b59d07836d	220	0xa522e	0x26e275	0x26e27a	+0x5	tail	0xa5886	198	0xa037e	0x3d00	0xd401	0x296	0x80dd	0x966a	0x190c	003d01d496	exact							
613	0x77b59d07836d	198	0xa037e	0x26e27a	0x26e27c	+0x2	tail	0xa062e	18	0x7be9b	0xdd02	0x6a80	0xc96	0xb819	0xcd67	0x6f03	02dd	exact							
614	0x77b59d07836d	18	0x7be9b	0x26e27c	0x26e27f	+0x3	tail	0x7c308	43	0x8173d	0x6a80	0xc96	0xb819	0xcd67	0x6f03	0x2e00	806a96	exact							
615	0x77b59d07836d	43	0x8173d	0x26e27f	0x26e283	+0x4	tail	0x81b7c	347	0xc088d	0x190c	0x67b8	0x3cd	0x6f	0xba2e	0xb1c8	0c19b867	exact							
616	0x77b59d07836d	347	0xc088d	0x26e283	0x26e287	+0x4	tail	0xc0d7b	253	0xacfb1	0x3cd	0x6f	0xba2e	0xb1c8	0x8cca	0x50f9	cd036f00	exact							
617	0x77b59d07836d	253	0xacfb1	0x26e287	0x26e28d	+0x6	tail	0xad329	70	0x8610e	0xba2e	0xb1c8	0x8cca	0x50f9	0x3d00	0x6701	2ebac8b1ca8c	exact							
618	0x77b59d07836d	70	0x8610e	0x26e28d	0x26e292	+0x5	tail	0x86763	144	0x95887	0x50f9	0x3d00	0x6701	0x2d97	0x2a86	0x7835	f950003d01	exact							
619	0x77b59d07836d	144	0x95887	0x26e292	0x26e294	+0x2	tail	0x95b59	66	0x855ff	0x9767	0x862d	0x352a	0x6978	0x3a02	0x6357	6797	exact							
620	0x77b59d07836d	66	0x855ff	0x26e294	0x26e297	+0x3	tail	0x859f9	43	0x8173d	0x862d	0x352a	0x6978	0x3a02	0x6357	0x577d	2d862a	exact							
621	0x77b59d07836d	43	0x8173d	0x26e297	0x26e29b	+0x4	tail	0x81b7c	208	0xa2361	0x7835	0x269	0x573a	0x7d63	0x7457	0x9ecf	35786902	exact							
622	0x77b59d07836d	208	0xa2361	0x26e29b	0x26e2a0	+0x5	tail	0xa2933	258	0xadf2c	0x573a	0x7d63	0x7457	0x9ecf	0x29cb	0x85	3a57637d57	exact							
623	0x77b59d07836d	258	0xadf2c	0x26e2a0	0x26e2a4	+0x4	tail	0xae32f	83	0x8947b	0xcf74	0xcb9e	0x8529	0x3d00	0x6701	0x6597	74cf9ecb	exact							
624	0x77b59d07836d	83	0x8947b	0x26e2a4	0x26e2a9	+0x5	tail	0x89839	144	0x95887	0x8529	0x3d00	0x6701	0x6597	0x2a3b	0xc205	2985003d01	exact							
625	0x77b59d07836d	144	0x95887	0x26e2a9	0x26e2ab	+0x2	tail	0x95b59	66	0x855ff	0x9767	0x3b65	0x52a	0x51c2	0x78b9	0x806a	6797	exact							
626	0x77b59d07836d	66	0x855ff	0x26e2ab	0x26e2ae	+0x3	tail	0x859f9	43	0x8173d	0x3b65	0x52a	0x51c2	0x78b9	0x806a	0xae01	653b2a	exact							
627	0x77b59d07836d	43	0x8173d	0x26e2ae	0x26e2b2	+0x4	tail	0x81b7c	239	0xa991e	0xc205	0xb951	0x6a78	0x180	0x9fae	0xa1b3	05c251b9	exact							
628	0x77b59d07836d	239	0xa991e	0x26e2b2	0x26e2b8	+0x6	tail	0xa9cf4	64	0x85059	0x6a78	0x180	0x9fae	0xa1b3	0x73	0x9f54	786a8001ae9f	exact							
629	0x77b59d07836d	64	0x85059	0x26e2b8	0x26e2bc	+0x4	tail	0x8536e	37	0x80685	0xa1b3	0x73	0x9f54	0x3d77	0x5001	0x91b0	b3a17300	exact							
630	0x77b59d07836d	37	0x80685	0x26e2bc	0x26e2c1	+0x5	tail	0x80d77	198	0xa037e	0x9f54	0x3d77	0x5001	0x91b0	0x67f9	0x7a92	549f773d01	exact							
631	0x77b59d07836d	198	0xa037e	0x26e2c1	0x26e2c3	+0x2	tail	0xa062e	345	0xc02e4	0xb050	0xf991	0x9267	0xfb7a	0x560	0xa55e	50b0	exact							
632	0x77b59d07836d	345	0xc02e4	0x26e2c3	0x26e2c9	+0x6	tail	0xc0532	215	0xa4609	0xf991	0x9267	0xfb7a	0x560	0xa55e	0x33d4	91f967927afb	exact							
633	0x77b59d07836d	215	0xa4609	0x26e2c9	0x26e2cc	+0x3	tail	0xa4a5e	172	0x9b68a	0x560	0xa55e	0x33d4	0x2e08	0xe7c2	0x9669	60055e	exact							
634	0x77b59d07836d	172	0x9b68a	0x26e2cc	0x26e2d0	+0x4	tail	0x9ba72	64	0x85059	0xd4a5	0x833	0xc22e	0x69e7	0x2996	0x13d	a5d43308	exact							
635	0x77b59d07836d	64	0x85059	0x26e2d0	0x26e2d4	+0x4	tail	0x8536e	79	0x885b0	0xc22e	0x69e7	0x2996	0x13d	0x8700	0x88b0	2ec2e769	exact							
636	0x77b59d07836d	79	0x885b0	0x26e2d4	0x26e2d9	+0x5	tail	0x88a55	257	0xadbfd	0x2996	0x13d	0x8700	0x88b0	0x4d0a	0x7a5f	96293d0100	exact							
637	0x77b59d07836d	257	0xadbfd	0x26e2d9	0x26e2db	+0x2	tail	0xadf29	28	0x7e390	0xb087	0xa88	0x5f4d	0xae7a	0xcce2	0x39	87b0	exact							
638	0x77b59d07836d	28	0x7e390	0x26e2db	0x26e2de	+0x3	tail	0x7e7ca	337	0xbec0e	0xa88	0x5f4d	0xae7a	0xcce2	0x39	0xc724	880a4d	exact							
639	0x77b59d07836d	337	0xbec0e	0x26e2de	0x26e2e2	+0x4	tail	0xbf126	124	0x91e81	0x7a5f	0xe2ae	0x39cc	0x2400	0xc9c7	0x980a	5f7aaee2	exact							
640	0x77b59d07836d	124	0x91e81	0x26e2e2	0x26e2e8	+0x6	tail	0x922c1	268	0xb0007	0x39cc	0x2400	0xc9c7	0x980a	0x632a	0xde00	cc390024c7c9	exact							
641	0x77b59d07836d	268	0xb0007	0x26e2e8	0x26e2ec	+0x4	tail	0xb0458	49	0x82820	0x980a	0x632a	0xde00	0x3d26	0x3f01	0xdf97	0a982a63	exact							
642	0x77b59d07836d	49	0x82820	0x26e2ec	0x26e2f1	+0x5	tail	0x82e73	144	0x95887	0xde00	0x3d26	0x3f01	0xdf97	0x7f39	0x5194	00de263d01	exact							
643	0x77b59d07836d	144	0x95887	0x26e2f1	0x26e2f3	+0x2	tail	0x95b59	64	0x85059	0x973f	0x39df	0x947f	0x9751	0x14ef	0xf6a7	3f97	exact							
644	0x77b59d07836d	64	0x85059	0x26e2f3	0x26e2f7	+0x4	tail	0x8536e	332	0xbd36d	0x39df	0x947f	0x9751	0x14ef	0xf6a7	0x883a	df397f94	exact							
645	0x77b59d07836d	332	0xbd36d	0x26e2f7	0x26e2fb	+0x4	tail	0xbd8ad	185	0x9d964	0x9751	0x14ef	0xf6a7	0x883a	0xec82	0xf7	5197ef14	exact							
646	0x77b59d07836d	185	0x9d964	0x26e2fb	0x26e2fe	+0x3	tail	0x9dcab	43	0x8173d	0xf6a7	0x883a	0xec82	0xf7	0x7b5e	0x13d	a7f63a	exact							
647	0x77b59d07836d	43	0x8173d	0x26e2fe	0x26e302	+0x4	tail	0x81b7c	49	0x82820	0x8288	0xf7ec	0x5e00	0x3d7b	0x4701	0x3a09	8882ecf7	exact							
648	0x77b59d07836d	49	0x82820	0x26e302	0x26e307	+0x5	tail	0x82e73	173	0x9ba74	0x5e00	0x3d7b	0x4701	0x3a09	0xad45	0x61c1	005e7b3d01	exact							
649	0x77b59d07836d	173	0x9ba74	0x26e307	0x26e309	+0x2	tail	0x9bd8c	307	0xb8064	0x947	0x453a	0xc1ad	0xa661	0xb42c	0xe882	4709	exact							
650	0x77b59d07836d	307	0xb8064	0x26e309	0x26e30c	+0x3	tail	0xb837a	114	0x90319	0x453a	0xc1ad	0xa661	0xb42c	0xe882	0x5f01	3a45ad	exact							
651	0x77b59d07836d	114	0x90319	0x26e30c	0x26e310	+0x4	tail	0x90893	123	0x91a59	0x61c1	0x2ca6	0x82b4	0x1e8	0x9c5f	0x42a8	c161a62c	exact							
652	0x77b59d07836d	123	0x91a59	0x26e310	0x26e314	+0x4	tail	0x91e7f	337	0xbec0e	0x82b4	0x1e8	0x9c5f	0x42a8	0xcdbd	0xf0a8	b482e801	exact							
653	0x77b59d07836d	337	0xbec0e	0x26e314	0x26e318	+0x4	tail	0xbf126	66	0x855ff	0x9c5f	0x42a8	0xcdbd	0xf0a8	0xe877	0xe801	5f9ca842	exact							
654	0x77b59d07836d	66	0x855ff	0x26e318	0x26e31b	+0x3	tail	0x859f9	123	0x91a59	0xcdbd	0xf0a8	0xe877	0xe801	0x6701	0x3d63	bdcda8	exact							
655	0x77b59d07836d	123	0x91a59	0x26e31b	0x26e31f	+0x4	tail	0x91e7f	261	0xaeda2	0x77f0	0x1e8	0x1e8	0x6367	0x13d	0x4e1a	f077e801	exact							
656	0x77b59d07836d	261	0xaeda2	0x26e31f	0x26e325	+0x6	tail	0xaeeff	18	0x7be9b	0x1e8	0x6367	0x13d	0x4e1a	0x1e14	0x8c5b	e80167633d01	exact							
657	0x77b59d07836d	18	0x7be9b	0x26e325	0x26e328	+0x3	tail	0x7c308	189	0x9e7af	0x4e1a	0x1e14	0x8c5b	0xd2aa	0xe86e	0x1	1a4e14	exact							
658	0x77b59d07836d	189	0x9e7af	0x26e328	0x26e32c	+0x4	tail	0x9eac9	161	0x9975a	0x5b1e	0xaa8c	0x6ed2	0x1e8	0x200	0x122c	1e5b8caa	exact							
659	0x77b59d07836d	161	0x9975a	0x26e32c	0x26e330	+0x4	tail	0x99b3a	28	0x7e390	0x6ed2	0x1e8	0x200	0x122c	0xdc79	0x5a50	d26ee801	exact							
660	0x77b59d07836d	28	0x7e390	0x26e330	0x26e333	+0x3	tail	0x7e7ca	64	0x85059	0x200	0x122c	0xdc79	0x5a50	0xe866	0xf201	00022c	exact							
661	0x77b59d07836d	64	0x85059	0x26e333	0x26e337	+0x4	tail	0x8536e	184	0x9d694	0x7912	0x50dc	0x665a	0x1e8	0xabf2	0x7641	1279dc50	exact							
662	0x77b59d07836d	184	0x9d694	0x26e337	0x26e33b	+0x4	tail	0x9d961	258	0xadf2c	0x665a	0x1e8	0xabf2	0x7641	0x646e	0xe831	5a66e801	exact							
663	0x77b59d07836d	258	0xadf2c	0x26e33b	0x26e33f	+0x4	tail	0xae32f	199	0xa0631	0xabf2	0x7641	0x646e	0xe831	0x8101	0x29bf	f2ab4176	exact							
664	0x77b59d07836d	199	0xa0631	0x26e33f	0x26e342	+0x3	tail	0xa0a9c	158	0x99029	0x646e	0xe831	0x8101	0x29bf	0x38ab	0xad6e	6e6431	exact							
665	0x77b59d07836d	158	0x99029	0x26e342	0x26e346	+0x4	tail	0x992ca	66	0x855ff	0x1e8	0xbf81	0xab29	0x6e38	0x38ad	0x67f0	e80181bf	exact							
666	0x77b59d07836d	66	0x855ff	0x26e346	0x26e349	+0x3	tail	0x859f9	114	0x90319	0xab29	0x6e38	0x38ad	0x67f0	0xe851	0x5c01	29ab38	exact							
667	0x77b59d07836d	114	0x90319	0x26e349	0x26e34d	+0x4	tail	0x90893	174	0x9bd8f	0xad6e	0xf038	0x5167	0x1e8	0x2d5c	0x107	6ead38f0	exact							
668	0x77b59d07836d	174	0x9bd8f	0x26e34d	0x26e351	+0x4	tail	0x9c08c	340	0xbf435	0x5167	0x1e8	0x2d5c	0x107	0x4e1a	0xa294	6751e801	exact							
669	0x77b59d07836d	340	0xbf435	0x26e351	0x26e355	+0x4	tail	0xbf886	18	0x7be9b	0x2d5c	0x107	0x4e1a	0xa294	0xe8bf	0x1	5c2d0701	exact							
670	0x77b59d07836d	18	0x7be9b	0x26e355	0x26e358	+0x3	tail	0x7c308	174	0x9bd8f	0x4e1a	0xa294	0xe8bf	0x1	0x9f02	0xd46e	1a4e94	exact							
671	0x77b59d07836d	174	0x9bd8f	0x26e358	0x26e35c	+0x4	tail	0x9c08c	28	0x7e390	0xbfa2	0x1e8	0x200	0x6e9f	0x90d4	0xe8ca	a2bfe801	exact							
672	0x77b59d07836d	28	0x7e390	0x26e35c	0x26e35f	+0x3	tail	0x7e7ca	64	0x85059	0x200	0x6e9f	0x90d4	0xe8ca	0xe101	0x90ea	00029f	exact							
673	0x77b59d07836d	64	0x85059	0x26e35f	0x26e363	+0x4	tail	0x8536e	20	0x7c62b	0xd46e	0xca90	0x1e8	0xeae1	0x3b90	0x54d7	6ed490ca	exact							
674	0x77b59d07836d	20	0x7c62b	0x26e363	0x26e367	+0x4	tail	0x7ca96	18	0x7be9b	0x1e8	0xeae1	0x3b90	0x54d7	0x137a	0x8500	e801e1ea	exact							
675	0x77b59d07836d	18	0x7be9b	0x26e367	0x26e36a	+0x3	tail	0x7c308	340	0xbf435	0x3b90	0x54d7	0x137a	0x8500	0xe872	0x9e01	903bd7	exact							
676	0x77b59d07836d	340	0xbf435	0x26e36a	0x26e36e	+0x4	tail	0xbf886	161	0x9975a	0x7a54	0x13	0x7285	0x1e8	0x3f9e	0x8b07	547a1300	exact							
677	0x77b59d07836d	161	0x9975a	0x26e36e	0x26e372	+0x4	tail	0x99b3a	114	0x90319	0x7285	0x1e8	0x3f9e	0x8b07	0xc7b9	0xd8aa	8572e801	exact							
678	0x77b59d07836d	114	0x90319	0x26e372	0x26e376	+0x4	tail	0x90893	66	0x855ff	0x3f9e	0x8b07	0xc7b9	0xd8aa	0xe819	0xc01	9e3f078b	exact							
679	0x77b59d07836d	66	0x855ff	0x26e376	0x26e379	+0x3	tail	0x859f9	184	0x9d694	0xc7b9	0xd8aa	0xe819	0xc01	0xc9f1	0x7772	b9c7aa	exact							
680	0x77b59d07836d	184	0x9d694	0x26e379	0x26e37d	+0x4	tail	0x9d961	258	0xadf2c	0x19d8	0x1e8	0xf10c	0x72c9	0x4d77	0xd62a	d819e801	exact							
681	0x77b59d07836d	258	0xadf2c	0x26e37d	0x26e381	+0x4	tail	0xae32f	66	0x855ff	0xf10c	0x72c9	0x4d77	0xd62a	0xe8ef	0xa001	0cf1c972	exact							
682	0x77b59d07836d	66	0x855ff	0x26e381	0x26e384	+0x3	tail	0x859f9	161	0x9975a	0x4d77	0xd62a	0xe8ef	0xa001	0x590a	0xedfc	774d2a	exact							
683	0x77b59d07836d	161	0x9975a	0x26e384	0x26e388	+0x4	tail	0x99b3a	28	0x7e390	0xefd6	0x1e8	0xaa0	0xfc59	0x47ed	0xe801	d6efe801	exact							
684	0x77b59d07836d	28	0x7e390	0x26e388	0x26e38b	+0x3	tail	0x7e7ca	340	0xbf435	0xaa0	0xfc59	0x47ed	0xe801	0x7a01	0xe3c9	a00a59	exact							
685	0x77b59d07836d	340	0xbf435	0x26e38b	0x26e38f	+0x4	tail	0xbf886	176	0x9c10b	0xedfc	0x147	0x1e8	0xc97a	0xe3	0xe0ac	fced4701	exact							
686	0x77b59d07836d	176	0x9c10b	0x26e38f	0x26e393	+0x4	tail	0x9c3f4	189	0x9e7af	0x1e8	0xc97a	0xe3	0xe0ac	0x96a9	0xe832	e8017ac9	exact							
687	0x77b59d07836d	189	0x9e7af	0x26e393	0x26e397	+0x4	tail	0x9eac9	297	0xb64d7	0xe3	0xe0ac	0x96a9	0xe832	0x5901	0xc7a	e300ace0	exact							
688	0x77b59d07836d	297	0xb64d7	0x26e397	0x26e39a	+0x3	tail	0xb68ff	176	0x9c10b	0x96a9	0xe832	0x5901	0xc7a	0xcc00	0x68f2	a99632	exact							
689	0x77b59d07836d	176	0x9c10b	0x26e39a	0x26e39e	+0x4	tail	0x9c3f4	66	0x855ff	0x1e8	0x7a59	0xc	0xf2cc	0x1a68	0x5b9c	e801597a	exact							
690	0x77b59d07836d	66	0x855ff	0x26e39e	0x26e3a1	+0x3	tail	0x859f9	114	0x90319	0xc	0xf2cc	0x1a68	0x5b9c	0xe855	0x8001	0c00cc	exact							
691	0x77b59d07836d	114	0x90319	0x26e3a1	0x26e3a5	+0x4	tail	0x90893	174	0x9bd8f	0x68f2	0x9c1a	0x555b	0x1e8	0x480	0x2272	f2681a9c	exact							
692	0x77b59d07836d	174	0x9bd8f	0x26e3a5	0x26e3a9	+0x4	tail	0x9c08c	18	0x7be9b	0x555b	0x1e8	0x480	0x2272	0xbc2e	0xe899	5b55e801	exact							
693	0x77b59d07836d	18	0x7be9b	0x26e3a9	0x26e3ac	+0x3	tail	0x7c308	64	0x85059	0x480	0x2272	0xbc2e	0xe899	0x5f01	0xe5e2	800472	exact							
694	0x77b59d07836d	64	0x85059	0x26e3ac	0x26e3b0	+0x4	tail	0x8536e	176	0x9c10b	0x2e22	0x99bc	0x1e8	0xe25f	0x4ee5	0xea	222ebc99	exact							
695	0x77b59d07836d	176	0x9c10b	0x26e3b0	0x26e3b4	+0x4	tail	0x9c3f4	18	0x7be9b	0x1e8	0xe25f	0x4ee5	0xea	0xd68f	0xe8c6	e8015fe2	exact							
696	0x77b59d07836d	18	0x7be9b	0x26e3b4	0x26e3b7	+0x3	tail	0x7c308	337	0xbec0e	0x4ee5	0xea	0xd68f	0xe8c6	0xe201	0x1b22	e54eea	exact							
697	0x77b59d07836d	337	0xbec0e	0x26e3b7	0x26e3bb	+0x4	tail	0xbf126	158	0x99029	0x8f00	0xc6d6	0x1e8	0x22e2	0x681b	0xb02c	008fd6c6	exact							
698	0x77b59d07836d	158	0x99029	0x26e3bb	0x26e3bf	+0x4	tail	0x992ca	114	0x90319	0x1e8	0x22e2	0x681b	0xb02c	0xd3b	0xe8f6	e801e222	exact							
699	0x77b59d07836d	114	0x90319	0x26e3bf	0x26e3c3	+0x4	tail	0x90893	199	0xa0631	0x681b	0xb02c	0xd3b	0xe8f6	0xd601	0xa816	1b682cb0	exact							
700	0x77b59d07836d	199	0xa0631	0x26e3c3	0x26e3c6	+0x3	tail	0xa0a9c	158	0x99029	0xd3b	0xe8f6	0xd601	0xa816	0x26fb	0x8000	3b0df6	exact							
701	0x77b59d07836d	158	0x99029	0x26e3c6	0x26e3ca	+0x4	tail	0x992ca	95	0x8c41c	0x1e8	0x16d6	0xfba8	0x26	0x80	0xfd00	e801d616	exact							
702	0x77b59d07836d	95	0x8c41c	0x26e3ca	0x26e3d4	+0xa	dispatch	0xc80b9	169	0x9af18	0xfba8	0x26	0x80	0xfd00	0x1	0xab	a8fb2600800000fd0100	exact		0x12833a00		0x3ffda2b6			0x3a
703	0x77b59d07836d	169	0x9af18	0x26e3d4	0x26e3d8	+0x4	tail	0x9b0c5	171	0x9b4b3	0xab	0x1e8	0x129	0xe31	0xc2eb	0x6129	ab00e801	exact	0x12833a00		0x3ffda2b6			0x3a	
704	0x77b59d07836d	171	0x9b4b3	0x26e3d8	0x26e3da	+0x2	tail	0x9b687	297	0xb64d7	0x129	0xe31	0xc2eb	0x6129	0x403a	0xaea4	2901	exact							
705	0x77b59d07836d	297	0xb64d7	0x26e3da	0x26e3dd	+0x3	tail	0xb68ff	64	0x85059	0xe31	0xc2eb	0x6129	0x403a	0xaea4	0xde6c	310eeb	exact							
706	0x77b59d07836d	64	0x85059	0x26e3dd	0x26e3e1	+0x4	tail	0x8536e	268	0xb0007	0x29c2	0x3a61	0xa440	0x6cae	0x93de	0x1e8	c229613a	exact							
707	0x77b59d07836d	268	0xb0007	0x26e3e1	0x26e3e5	+0x4	tail	0xb0458	346	0xc0535	0xa440	0x6cae	0x93de	0x1e8	0xeb1	0x2f01	40a4ae6c	exact							
708	0x77b59d07836d	346	0xc0535	0x26e3e5	0x26e3e9	+0x4	tail	0xc088b	268	0xb0007	0x93de	0x1e8	0xeb1	0x2f01	0xf8ab	0x583a	de93e801	exact							
709	0x77b59d07836d	268	0xb0007	0x26e3e9	0x26e3ed	+0x4	tail	0xb0458	185	0x9d964	0xeb1	0x2f01	0xf8ab	0x583a	0xe1	0xe206	b10e012f	exact							
710	0x77b59d07836d	185	0x9d964	0x26e3ed	0x26e3f0	+0x3	tail	0x9dcab	337	0xbec0e	0xf8ab	0x583a	0xe1	0xe206	0xe848	0x6401	abf83a	exact							
711	0x77b59d07836d	337	0xbec0e	0x26e3f0	0x26e3f4	+0x4	tail	0xbf126	287	0xb45d2	0xe158	0x600	0x48e2	0x1e8	0x7064	0x6296	58e10006	exact							
712	0x77b59d07836d	287	0xb45d2	0x26e3f4	0x26e3f8	+0x4	tail	0xb497e	268	0xb0007	0x48e2	0x1e8	0x7064	0x6296	0x23dd	0xe2fa	e248e801	exact							
713	0x77b59d07836d	268	0xb0007	0x26e3f8	0x26e3fc	+0x4	tail	0xb0458	18	0x7be9b	0x7064	0x6296	0x23dd	0xe2fa	0x45af	0xe8fb	64709662	exact							
714	0x77b59d07836d	18	0x7be9b	0x26e3fc	0x26e3ff	+0x3	tail	0x7c308	114	0x90319	0x23dd	0xe2fa	0x45af	0xe8fb	0x1	0xafc2	dd23fa	exact							
715	0x77b59d07836d	114	0x90319	0x26e3ff	0x26e403	+0x4	tail	0x90893	33	0x7f7c4	0xafe2	0xfb45	0x1e8	0xc200	0xb4af	0xfdb	e2af45fb	exact							
716	0x77b59d07836d	33	0x7f7c4	0x26e403	0x26e407	+0x4	tail	0x7fba1	172	0x9b68a	0x1e8	0xc200	0xb4af	0xfdb	0xcfe9	0xea0c	e80100c2	exact							
717	0x77b59d07836d	172	0x9b68a	0x26e407	0x26e40b	+0x4	tail	0x9ba72	189	0x9e7af	0xb4af	0xfdb	0xcfe9	0xea0c	0x108	0xe8c4	afb4db0f	exact							
718	0x77b59d07836d	189	0x9e7af	0x26e40b	0x26e40f	+0x4	tail	0x9eac9	215	0xa4609	0xcfe9	0xea0c	0x108	0xe8c4	0x3201	0x13ee	e9cf0cea	exact							
719	0x77b59d07836d	215	0xa4609	0x26e40f	0x26e412	+0x3	tail	0xa4a5e	33	0x7f7c4	0x108	0xe8c4	0x3201	0x13ee	0x3a4e	0xb0ff	0801c4	exact							
720	0x77b59d07836d	33	0x7f7c4	0x26e412	0x26e416	+0x4	tail	0x7fba1	66	0x855ff	0x1e8	0xee32	0x4e13	0xff3a	0x13b0	0x13cb	e80132ee	exact							
721	0x77b59d07836d	66	0x855ff	0x26e416	0x26e419	+0x3	tail	0x859f9	43	0x8173d	0x4e13	0xff3a	0x13b0	0x13cb	0x91ef	0x5976	134e3a	exact							
722	0x77b59d07836d	43	0x8173d	0x26e419	0x26e41d	+0x4	tail	0x81b7c	258	0xadf2c	0xb0ff	0xcb13	0xef13	0x7691	0x4e59	0x1e8	ffb013cb	exact							
723	0x77b59d07836d	258	0xadf2c	0x26e41d	0x26e421	+0x4	tail	0xae32f	346	0xc0535	0xef13	0x7691	0x4e59	0x1e8	0xf5af	0x147	13ef9176	exact							
724	0x77b59d07836d	346	0xc0535	0x26e421	0x26e425	+0x4	tail	0xc088b	333	0xbd8af	0x4e59	0x1e8	0xf5af	0x147	0x810	0x3500	594ee801	exact							
725	0x77b59d07836d	333	0xbd8af	0x26e425	0x26e429	+0x4	tail	0xbdd16	215	0xa4609	0xf5af	0x147	0x810	0x3500	0x1b1b	0xe854	aff54701	exact							
726	0x77b59d07836d	215	0xa4609	0x26e429	0x26e42c	+0x3	tail	0xa4a5e	258	0xadf2c	0x810	0x3500	0x1b1b	0xe854	0xd101	0xd4fa	100800	exact							
727	0x77b59d07836d	258	0xadf2c	0x26e42c	0x26e430	+0x4	tail	0xae32f	315	0xb9451	0x1b35	0x541b	0x1e8	0xfad1	0x63d4	0xcb	351b1b54	exact							
728	0x77b59d07836d	315	0xb9451	0x26e430	0x26e434	+0x4	tail	0xb9878	340	0xbf435	0x1e8	0xfad1	0x63d4	0xcb	0x9897	0xdb68	e801d1fa	exact							
729	0x77b59d07836d	340	0xbf435	0x26e434	0x26e438	+0x4	tail	0xbf886	203	0xa1484	0x63d4	0xcb	0x9897	0xdb68	0x1188	0xe83e	d463cb00	exact							
730	0x77b59d07836d	203	0xa1484	0x26e438	0x26e43c	+0x4	tail	0xa1936	18	0x7be9b	0x9897	0xdb68	0x1188	0xe83e	0x4c01	0xe8c3	979868db	exact							
731	0x77b59d07836d	18	0x7be9b	0x26e43c	0x26e43f	+0x3	tail	0x7c308	33	0x7f7c4	0x1188	0xe83e	0x4c01	0xe8c3	0x7c05	0x6211	88113e	exact							
732	0x77b59d07836d	33	0x7f7c4	0x26e43f	0x26e443	+0x4	tail	0x7fba1	215	0xa4609	0x1e8	0xc34c	0x5e8	0x117c	0xb462	0xb4a2	e8014cc3	exact							
733	0x77b59d07836d	215	0xa4609	0x26e443	0x26e446	+0x3	tail	0xa4a5e	189	0x9e7af	0x5e8	0x117c	0xb462	0xb4a2	0x1e74	0x8ad0	e8057c	exact							
734	0x77b59d07836d	189	0x9e7af	0x26e446	0x26e44a	+0x4	tail	0x9eac9	168	0x9aa83	0x6211	0xa2b4	0x74b4	0xd01e	0x968a	0x1e8	1162b4a2	exact							
735	0x77b59d07836d	168	0x9aa83	0x26e44a	0x26e44e	+0x4	tail	0x9af16	26	0x7dbbb	0x74b4	0xd01e	0x968a	0x1e8	0x4197	0x13	b4741ed0	exact							
736	0x77b59d07836d	26	0x7dbbb	0x26e44e	0x26e452	+0x4	tail	0x7dfbd	157	0x98a9a	0x968a	0x1e8	0x4197	0x13	0x9aea	0x5735	8a96e801	exact							
737	0x77b59d07836d	157	0x98a9a	0x26e452	0x26e456	+0x4	tail	0x99026	199	0xa0631	0x4197	0x13	0x9aea	0x5735	0xfe11	0x5a2b	97411300	exact							
738	0x77b59d07836d	199	0xa0631	0x26e456	0x26e459	+0x3	tail	0xa0a9c	337	0xbec0e	0x9aea	0x5735	0xfe11	0x5a2b	0xe8ac	0xf01	ea9a35	exact							
739	0x77b59d07836d	337	0xbec0e	0x26e459	0x26e45d	+0x4	tail	0xbf126	287	0xb45d2	0x1157	0x2bfe	0xac5a	0x1e8	0x4f0f	0x19d	5711fe2b	exact							
740	0x77b59d07836d	287	0xb45d2	0x26e45d	0x26e461	+0x4	tail	0xb497e	157	0x98a9a	0xac5a	0x1e8	0x4f0f	0x19d	0x589c	0x19d	5aace801	exact							
741	0x77b59d07836d	157	0x98a9a	0x26e461	0x26e465	+0x4	tail	0x99026	340	0xbf435	0x4f0f	0x19d	0x589c	0x19d	0xe793	0xc2fc	0f4f9d01	exact							
742	0x77b59d07836d	340	0xbf435	0x26e465	0x26e469	+0x4	tail	0xbf886	66	0x855ff	0x589c	0x19d	0xe793	0xc2fc	0xe80b	0xe801	9c589d01	exact							
743	0x77b59d07836d	66	0x855ff	0x26e469	0x26e46c	+0x3	tail	0x859f9	346	0xc0535	0xe793	0xc2fc	0xe80b	0xe801	0x2a04	0xe4f2	93e7fc	exact							
744	0x77b59d07836d	346	0xc0535	0x26e46c	0x26e470	+0x4	tail	0xc088b	28	0x7e390	0xbc2	0x1e8	0x4e8	0xf22a	0x7e4	0x7001	c20be801	exact							
745	0x77b59d07836d	28	0x7e390	0x26e470	0x26e473	+0x3	tail	0x7e7ca	157	0x98a9a	0x4e8	0xf22a	0x7e4	0x7001	0x5a8d	0x3e45	e8042a	exact							
746	0x77b59d07836d	157	0x98a9a	0x26e473	0x26e477	+0x4	tail	0x99026	337	0xbec0e	0xe4f2	0x107	0x8d70	0x455a	0xe93e	0x1e8	f2e40701	exact							
747	0x77b59d07836d	337	0xbec0e	0x26e477	0x26e47b	+0x4	tail	0xbf126	26	0x7dbbb	0x8d70	0x455a	0xe93e	0x1e8	0x75d9	0xb154	708d5a45	exact							
748	0x77b59d07836d	26	0x7dbbb	0x26e47b	0x26e47f	+0x4	tail	0x7dfbd	196	0x9fbcd	0xe93e	0x1e8	0x75d9	0xb154	0x7f26	0xb938	3ee9e801	exact							
749	0x77b59d07836d	196	0x9fbcd	0x26e47f	0x26e483	+0x4	tail	0xa0068	66	0x855ff	0x75d9	0xb154	0x7f26	0xb938	0x1c22	0x7dac	d97554b1	exact							
750	0x77b59d07836d	66	0x855ff	0x26e483	0x26e486	+0x3	tail	0x859f9	189	0x9e7af	0x7f26	0xb938	0x1c22	0x7dac	0xe8d6	0xe801	267f38	exact							
751	0x77b59d07836d	189	0x9e7af	0x26e486	0x26e48a	+0x4	tail	0x9eac9	243	0xaab6a	0x22b9	0xac1c	0xd67d	0x1e8	0xde8	0x8152	b9221cac	exact							
752	0x77b59d07836d	243	0xaab6a	0x26e48a	0x26e48e	+0x4	tail	0xaaf3c	347	0xc088d	0xd67d	0x1e8	0xde8	0x8152	0x494b	0x91	7dd6e801	exact							
753	0x77b59d07836d	347	0xc088d	0x26e48e	0x26e492	+0x4	tail	0xc0d7b	157	0x98a9a	0xde8	0x8152	0x494b	0x91	0xd0	0x9aad	e80d5281	exact							
754	0x77b59d07836d	157	0x98a9a	0x26e492	0x26e496	+0x4	tail	0x99026	28	0x7e390	0x494b	0x91	0xd0	0x9aad	0xe8de	0x6401	4b499100	exact							
755	0x77b59d07836d	28	0x7e390	0x26e496	0x26e499	+0x3	tail	0x7e7ca	26	0x7dbbb	0xd0	0x9aad	0xe8de	0x6401	0x7a48	0xdac6	d000ad	exact							
756	0x77b59d07836d	26	0x7dbbb	0x26e499	0x26e49d	+0x4	tail	0x7dfbd	18	0x7be9b	0xde9a	0x1e8	0x4864	0xc67a	0xc3da	0x578b	9adee801	exact							
757	0x77b59d07836d	18	0x7be9b	0x26e49d	0x26e4a0	+0x3	tail	0x7c308	258	0xadf2c	0x4864	0xc67a	0xc3da	0x578b	0x837c	0xb200	64487a	exact							
758	0x77b59d07836d	258	0xadf2c	0x26e4a0	0x26e4a4	+0x4	tail	0xae32f	43	0x8173d	0xdac6	0x8bc3	0x7c57	0x83	0x96b2	0x1e8	c6dac38b	exact							
759	0x77b59d07836d	43	0x8173d	0x26e4a4	0x26e4a8	+0x4	tail	0x81b7c	287	0xb45d2	0x7c57	0x83	0x96b2	0x1e8	0x7e89	0x75e7	577c8300	exact							
760	0x77b59d07836d	287	0xb45d2	0x26e4a8	0x26e4ac	+0x4	tail	0xb497e	258	0xadf2c	0x96b2	0x1e8	0x7e89	0x75e7	0xf5e4	0x71ae	b296e801	exact							
761	0x77b59d07836d	258	0xadf2c	0x26e4ac	0x26e4b0	+0x4	tail	0xae32f	307	0xb8064	0x7e89	0x75e7	0xf5e4	0x71ae	0xde47	0x6cf	897ee775	exact							
762	0x77b59d07836d	307	0xb8064	0x26e4b0	0x26e4b3	+0x3	tail	0xb837a	168	0x9aa83	0xf5e4	0x71ae	0xde47	0x6cf	0xe8b2	0x6001	e4f5ae	exact							
763	0x77b59d07836d	168	0x9aa83	0x26e4b3	0x26e4b7	+0x4	tail	0x9af16	26	0x7dbbb	0x4771	0xcfde	0xb206	0x1e8	0x860	0x63e2	7147decf	exact							
764	0x77b59d07836d	26	0x7dbbb	0x26e4b7	0x26e4bb	+0x4	tail	0x7dfbd	28	0x7e390	0xb206	0x1e8	0x860	0x63e2	0xadc9	0xf469	06b2e801	exact							
765	0x77b59d07836d	28	0x7e390	0x26e4bb	0x26e4be	+0x3	tail	0x7e7ca	268	0xb0007	0x860	0x63e2	0xadc9	0xf469	0x2db9	0xad5c	6008e2	exact							
766	0x77b59d07836d	268	0xb0007	0x26e4be	0x26e4c2	+0x4	tail	0xb0458	258	0xadf2c	0xc963	0x69ad	0xb9f4	0x5c2d	0x5ead	0x1e8	63c9ad69	exact							
767	0x77b59d07836d	258	0xadf2c	0x26e4c2	0x26e4c6	+0x4	tail	0xae32f	346	0xc0535	0xb9f4	0x5c2d	0x5ead	0x1e8	0xcb66	0x13d	f4b92d5c	exact							
768	0x77b59d07836d	346	0xc0535	0x26e4c6	0x26e4ca	+0x4	tail	0xc088b	338	0xbf128	0x5ead	0x1e8	0xcb66	0x13d	0x1e8	0xe810	ad5ee801	exact							
769	0x77b59d07836d	338	0xbf128	0x26e4ca	0x26e4d0	+0x6	tail	0xbf2d3	283	0xb3612	0xcb66	0x13d	0x1e8	0xe810	0x4401	0x835e	66cb3d01e801	exact							
770	0x77b59d07836d	283	0xb3612	0x26e4d0	0x26e4d5	+0x5	tail	0xb3799	114	0x90319	0xe810	0x4401	0x835e	0xa3b5	0xfbf7	0x68d9	10e801445e	exact							
771	0x77b59d07836d	114	0x90319	0x26e4d5	0x26e4d9	+0x4	tail	0x90893	157	0x98a9a	0xb583	0xf7a3	0xd9fb	0x68	0xe605	0x7be	83b5a3f7	exact							
772	0x77b59d07836d	157	0x98a9a	0x26e4d9	0x26e4dd	+0x4	tail	0x99026	66	0x855ff	0xd9fb	0x68	0xe605	0x7be	0xfeb1	0x7339	fbd96800	exact							
773	0x77b59d07836d	66	0x855ff	0x26e4dd	0x26e4e0	+0x3	tail	0x859f9	350	0xc1926	0xe605	0x7be	0xfeb1	0x7339	0xe808	0x4001	05e6be	exact							
774	0x77b59d07836d	350	0xc1926	0x26e4e0	0x26e4e4	+0x4	tail	0xc1d46	180	0x9cf32	0xb107	0x39fe	0x873	0x1e8	0x8540	0x13d	07b1fe39	exact							
775	0x77b59d07836d	180	0x9cf32	0x26e4e4	0x26e4e8	+0x4	tail	0x9d13d	79	0x885b0	0x873	0x1e8	0x8540	0x13d	0xd100	0xc42e	7308e801	exact							
776	0x77b59d07836d	79	0x885b0	0x26e4e8	0x26e4ed	+0x5	tail	0x88a55	160	0x994cf	0x8540	0x13d	0xd100	0xc42e	0xeb31	0x6006	40853d0100	exact							
777	0x77b59d07836d	160	0x994cf	0x26e4ed	0x26e4ef	+0x2	tail	0x99757	200	0xa0a9e	0x2ed1	0x31c4	0x6eb	0x860	0x1a45	0x425a	d12e	exact							
778	0x77b59d07836d	200	0xa0a9e	0x26e4ef	0x26e4f5	+0x6	tail	0xa0dc7	268	0xb0007	0x31c4	0x6eb	0x860	0x1a45	0x425a	0x3d73	c431eb066008	exact							
779	0x77b59d07836d	268	0xb0007	0x26e4f5	0x26e4f9	+0x4	tail	0xb0458	307	0xb8064	0x1a45	0x425a	0x3d73	0x97b4	0x6899	0xfb00	451a5a42	exact							
780	0x77b59d07836d	307	0xb8064	0x26e4f9	0x26e4fc	+0x3	tail	0xb837a	337	0xbec0e	0x3d73	0x97b4	0x6899	0xfb00	0x4	0x13d	733db4	exact							
781	0x77b59d07836d	337	0xbec0e	0x26e4fc	0x26e500	+0x4	tail	0xbf126	37	0x80685	0x9997	0x68	0x4fb	0x3d00	0xdf01	0xbf05	97996800	exact							
782	0x77b59d07836d	37	0x80685	0x26e500	0x26e505	+0x5	tail	0x80d77	257	0xadbfd	0x4fb	0x3d00	0xdf01	0xbf05	0x4f9e	0xd89a	fb04003d01	exact							
783	0x77b59d07836d	257	0xadbfd	0x26e505	0x26e507	+0x2	tail	0xadf29	203	0xa1484	0x5df	0x9ebf	0x9a4f	0xad8	0xa704	0x3739	df05	exact							
784	0x77b59d07836d	203	0xa1484	0x26e507	0x26e50b	+0x4	tail	0xa1936	215	0xa4609	0x9ebf	0x9a4f	0xad8	0xa704	0x3739	0x3a8a	bf9e4f9a	exact							
785	0x77b59d07836d	215	0xa4609	0x26e50b	0x26e50e	+0x3	tail	0xa4a5e	347	0xc088d	0xad8	0xa704	0x3739	0x3a8a	0xb9ae	0x7662	d80a04	exact							
786	0x77b59d07836d	347	0xc088d	0x26e50e	0x26e512	+0x4	tail	0xc0d7b	179	0x9ca8d	0x39a7	0x8a37	0xae3a	0x62b9	0x5676	0x3da5	a739378a	exact							
787	0x77b59d07836d	179	0x9ca8d	0x26e512	0x26e517	+0x5	tail	0x9cf2f	79	0x885b0	0xae3a	0x62b9	0x5676	0x3da5	0x1	0x8987	3aaeb96276	exact							
788	0x77b59d07836d	79	0x885b0	0x26e517	0x26e51c	+0x5	tail	0x88a55	173	0x9ba74	0xa556	0x13d	0x8700	0x4a89	0xbc0b	0x9700	56a53d0100	exact							
789	0x77b59d07836d	173	0x9ba74	0x26e51c	0x26e51e	+0x2	tail	0x9bd8c	347	0xc088d	0x8987	0xb4a	0xbc	0x9897	0xba40	0x3570	8789	exact							
790	0x77b59d07836d	347	0xc088d	0x26e51e	0x26e522	+0x4	tail	0xc0d7b	203	0xa1484	0xb4a	0xbc	0x9897	0xba40	0x3570	0xe11e	4a0bbc00	exact							
791	0x77b59d07836d	203	0xa1484	0x26e522	0x26e526	+0x4	tail	0xa1936	18	0x7be9b	0x9897	0xba40	0x3570	0xe11e	0x31fc	0xcf24	979840ba	exact							
792	0x77b59d07836d	18	0x7be9b	0x26e526	0x26e529	+0x3	tail	0x7c308	124	0x91e81	0x3570	0xe11e	0x31fc	0xcf24	0x97c6	0x2dd1	70351e	exact							
793	0x77b59d07836d	124	0x91e81	0x26e529	0x26e52f	+0x6	tail	0x922c1	237	0xa8e1f	0xfce1	0x2431	0xc6cf	0xd197	0x3d2d	0xf001	e1fc3124cfc6	exact							
794	0x77b59d07836d	237	0xa8e1f	0x26e52f	0x26e534	+0x5	tail	0xa94a3	160	0x994cf	0xd197	0x3d2d	0xf001	0xfe28	0xd90a	0x8845	97d12d3d01	exact							
795	0x77b59d07836d	160	0x994cf	0x26e534	0x26e536	+0x2	tail	0x99757	140	0x94e5a	0x28f0	0xafe	0x45d9	0x7488	0x147	0xd69d	f028	exact							
796	0x77b59d07836d	140	0x94e5a	0x26e536	0x26e53c	+0x6	tail	0x951c0	168	0x9aa83	0xafe	0x45d9	0x7488	0x147	0xd69d	0x8b1a	fe0ad9458874	exact							
797	0x77b59d07836d	168	0x9aa83	0x26e53c	0x26e540	+0x4	tail	0x9af16	258	0xadf2c	0x147	0xd69d	0x8b1a	0x4bc3	0x3d7c	0xab	47019dd6	exact							
798	0x77b59d07836d	258	0xadf2c	0x26e540	0x26e544	+0x4	tail	0xae32f	307	0xb8064	0x8b1a	0x4bc3	0x3d7c	0xab	0x61f8	0x13d	1a8bc34b	exact							
799	0x77b59d07836d	307	0xb8064	0x26e544	0x26e547	+0x3	tail	0xb837a	49	0x82820	0x3d7c	0xab	0x61f8	0x13d	0x9f9f	0x33c3	7c3dab	exact							
800	0x77b59d07836d	49	0x82820	0x26e547	0x26e54c	+0x5	tail	0x82e73	144	0x95887	0xf800	0x3d61	0x9f01	0xc39f	0xb733	0x3510	00f8613d01	exact							
801	0x77b59d07836d	144	0x95887	0x26e54c	0x26e54e	+0x2	tail	0x95b59	297	0xb64d7	0x9f9f	0x33c3	0x10b7	0x5135	0x8b1c	0x9dea	9f9f	exact							
802	0x77b59d07836d	297	0xb64d7	0x26e54e	0x26e551	+0x3	tail	0xb68ff	258	0xadf2c	0x33c3	0x10b7	0x5135	0x8b1c	0x9dea	0xed01	c333b7	exact							
803	0x77b59d07836d	258	0xadf2c	0x26e551	0x26e555	+0x4	tail	0xae32f	333	0xbd8af	0x3510	0x1c51	0xea8b	0x19d	0x17ed	0x9463	1035511c	exact							
804	0x77b59d07836d	333	0xbd8af	0x26e555	0x26e559	+0x4	tail	0xbdd16	345	0xc02e4	0xea8b	0x19d	0x17ed	0x9463	0xbd7f	0x25f6	8bea9d01	exact							
805	0x77b59d07836d	345	0xc02e4	0x26e559	0x26e55f	+0x6	tail	0xc0532	79	0x885b0	0x17ed	0x9463	0xbd7f	0x25f6	0x13d	0x8f00	ed1763947fbd	exact							
806	0x77b59d07836d	79	0x885b0	0x26e55f	0x26e564	+0x5	tail	0x88a55	173	0x9ba74	0x25f6	0x13d	0x8f00	0x5b01	0xb320	0x817f	f6253d0100	exact							
807	0x77b59d07836d	173	0x9ba74	0x26e564	0x26e566	+0x2	tail	0x9bd8c	64	0x85059	0x18f	0x205b	0x7fb3	0xf681	0x242a	0x5be	8f01	exact							
808	0x77b59d07836d	64	0x85059	0x26e566	0x26e56a	+0x4	tail	0x8536e	66	0x855ff	0x205b	0x7fb3	0xf681	0x242a	0x5be	0xe23a	5b20b37f	exact							
809	0x77b59d07836d	66	0x855ff	0x26e56a	0x26e56d	+0x3	tail	0x859f9	350	0xc1926	0xf681	0x242a	0x5be	0xe23a	0xac52	0xf6	81f62a	exact							
810	0x77b59d07836d	350	0xc1926	0x26e56d	0x26e571	+0x4	tail	0xc1d46	196	0x9fbcd	0xbe24	0x3a05	0x52e2	0xf6ac	0x3d00	0x5901	24be053a	exact							
811	0x77b59d07836d	196	0x9fbcd	0x26e571	0x26e575	+0x4	tail	0xa0068	269	0xb045b	0x52e2	0xf6ac	0x3d00	0x5901	0xc6ac	0x7dd7	e252acf6	exact							
812	0x77b59d07836d	269	0xb045b	0x26e575	0x26e57a	+0x5	tail	0xb092e	108	0x8f24b	0x3d00	0x5901	0xc6ac	0x7dd7	0xc8e2	0x64c8	003d0159ac	exact							
813	0x77b59d07836d	108	0x8f24b	0x26e57a	0x26e57c	+0x2	tail	0x8f6cf	66	0x855ff	0xd7c6	0xe27d	0xc8c8	0xc664	0xa498	0xe8eb	c6d7	exact							
814	0x77b59d07836d	66	0x855ff	0x26e57c	0x26e57f	+0x3	tail	0x859f9	114	0x90319	0xe27d	0xc8c8	0xc664	0xa498	0xe8eb	0x1	7de2c8	exact							
815	0x77b59d07836d	114	0x90319	0x26e57f	0x26e583	+0x4	tail	0x90893	184	0x9d694	0x64c8	0x98c6	0xeba4	0x1e8	0xed00	0xb3	c864c698	exact							
816	0x77b59d07836d	184	0x9d694	0x26e583	0x26e587	+0x4	tail	0x9d961	340	0xbf435	0xeba4	0x1e8	0xed00	0xb3	0xba2	0xe844	a4ebe801	exact							
817	0x77b59d07836d	340	0xbf435	0x26e587	0x26e58b	+0x4	tail	0xbf886	18	0x7be9b	0xed00	0xb3	0xba2	0xe844	0x8d01	0xe87c	00edb300	exact							
818	0x77b59d07836d	18	0x7be9b	0x26e58b	0x26e58e	+0x3	tail	0x7c308	20	0x7c62b	0xba2	0xe844	0x8d01	0xe87c	0x3d01	0xcb01	a20b44	exact							
819	0x77b59d07836d	20	0x7c62b	0x26e58e	0x26e592	+0x4	tail	0x7ca96	119	0x90ebc	0x1e8	0x7c8d	0x1e8	0x13d	0x96cb	0x2344	e8018d7c	exact							
820	0x77b59d07836d	119	0x90ebc	0x26e592	0x26e598	+0x6	tail	0x91067	340	0xbf435	0x1e8	0x13d	0x96cb	0x2344	0xb3	0xa51c	e8013d01cb96	exact							
821	0x77b59d07836d	340	0xbf435	0x26e598	0x26e59c	+0x4	tail	0xbf886	307	0xb8064	0x2344	0xb3	0xa51c	0xe8ae	0x3e01	0x55	4423b300	exact							
822	0x77b59d07836d	307	0xb8064	0x26e59c	0x26e59f	+0x3	tail	0xb837a	158	0x99029	0xa51c	0xe8ae	0x3e01	0x55	0x7a02	0xae92	1ca5ae	exact							
823	0x77b59d07836d	158	0x99029	0x26e59f	0x26e5a3	+0x4	tail	0x992ca	18	0x7be9b	0x1e8	0x553e	0x200	0x927a	0x2cae	0x217	e8013e55	exact							
824	0x77b59d07836d	18	0x7be9b	0x26e5a3	0x26e5a6	+0x3	tail	0x7c308	64	0x85059	0x200	0x927a	0x2cae	0x217	0xe8c6	0xe701	00027a	exact							
825	0x77b59d07836d	64	0x85059	0x26e5a6	0x26e5aa	+0x4	tail	0x8536e	184	0x9d694	0xae92	0x172c	0xc602	0x1e8	0x19e7	0x5eaa	92ae2c17	exact							
826	0x77b59d07836d	184	0x9d694	0x26e5aa	0x26e5ae	+0x4	tail	0x9d961	199	0xa0631	0xc602	0x1e8	0x19e7	0x5eaa	0x580f	0x9f83	02c6e801	exact							
827	0x77b59d07836d	199	0xa0631	0x26e5ae	0x26e5b1	+0x3	tail	0xa0a9c	347	0xc088d	0x19e7	0x5eaa	0x580f	0x9f83	0xe845	0xd601	e719aa	exact							
828	0x77b59d07836d	347	0xc088d	0x26e5b1	0x26e5b5	+0x4	tail	0xc0d7b	174	0x9bd8f	0xf5e	0x8358	0x459f	0x1e8	0x4bd6	0xa888	5e0f5883	exact							
829	0x77b59d07836d	174	0x9bd8f	0x26e5b5	0x26e5b9	+0x4	tail	0x9c08c	189	0x9e7af	0x459f	0x1e8	0x4bd6	0xa888	0x8de2	0xe835	9f45e801	exact							
830	0x77b59d07836d	189	0x9e7af	0x26e5b9	0x26e5bd	+0x4	tail	0x9eac9	199	0xa0631	0x4bd6	0xa888	0x8de2	0xe835	0x9a01	0x7d2	d64b88a8	exact							
831	0x77b59d07836d	199	0xa0631	0x26e5bd	0x26e5c0	+0x3	tail	0xa0a9c	176	0x9c10b	0x8de2	0xe835	0x9a01	0x7d2	0x1c01	0xbad6	e28d35	exact							
832	0x77b59d07836d	176	0x9c10b	0x26e5c0	0x26e5c4	+0x4	tail	0x9c3f4	189	0x9e7af	0x1e8	0xd29a	0x107	0xd61c	0x75ba	0xcaaf	e8019ad2	exact							
833	0x77b59d07836d	189	0x9e7af	0x26e5c4	0x26e5c8	+0x4	tail	0x9eac9	307	0xb8064	0x107	0xd61c	0x75ba	0xcaaf	0xe8bc	0xe301	07011cd6	exact							
834	0x77b59d07836d	307	0xb8064	0x26e5c8	0x26e5cb	+0x3	tail	0xb837a	184	0x9d694	0x75ba	0xcaaf	0xe8bc	0xe301	0xc99	0x8a0	ba75af	exact							
835	0x77b59d07836d	184	0x9d694	0x26e5cb	0x26e5cf	+0x4	tail	0x9d961	189	0x9e7af	0xbcca	0x1e8	0x99e3	0xa00c	0x508	0x9d48	cabce801	exact							
836	0x77b59d07836d	189	0x9e7af	0x26e5cf	0x26e5d3	+0x4	tail	0x9eac9	215	0xa4609	0x99e3	0xa00c	0x508	0x9d48	0xe8d7	0x2701	e3990ca0	exact							
837	0x77b59d07836d	215	0xa4609	0x26e5d3	0x26e5d6	+0x3	tail	0xa4a5e	161	0x9975a	0x508	0x9d48	0xe8d7	0x2701	0xd55f	0xa76e	080548	exact							
838	0x77b59d07836d	161	0x9975a	0x26e5d6	0x26e5da	+0x4	tail	0x99b3a	297	0xb64d7	0xd79d	0x1e8	0x5f27	0x6ed5	0x3a7	0xe2e3	9dd7e801	exact							
839	0x77b59d07836d	297	0xb64d7	0x26e5da	0x26e5dd	+0x3	tail	0xb68ff	258	0xadf2c	0x5f27	0x6ed5	0x3a7	0xe2e3	0xe849	0x6601	275fd5	exact							
840	0x77b59d07836d	258	0xadf2c	0x26e5dd	0x26e5e1	+0x4	tail	0xae32f	184	0x9d694	0xa76e	0xe303	0x49e2	0x1e8	0x366	0x9d54	6ea703e3	exact							
841	0x77b59d07836d	184	0x9d694	0x26e5e1	0x26e5e5	+0x4	tail	0x9d961	189	0x9e7af	0x49e2	0x1e8	0x366	0x9d54	0x508	0x2ed0	e249e801	exact							
842	0x77b59d07836d	189	0x9e7af	0x26e5e5	0x26e5e9	+0x4	tail	0x9eac9	28	0x7e390	0x366	0x9d54	0x508	0x2ed0	0xe84e	0x1001	6603549d	exact							
843	0x77b59d07836d	28	0x7e390	0x26e5e9	0x26e5ec	+0x3	tail	0x7e7ca	161	0x9975a	0x508	0x2ed0	0xe84e	0x1001	0x5f08	0x2a5e	0805d0	exact							
844	0x77b59d07836d	161	0x9975a	0x26e5ec	0x26e5f0	+0x4	tail	0x99b3a	28	0x7e390	0x4e2e	0x1e8	0x810	0x5e5f	0x5f2a	0x4e2b	2e4ee801	exact							
845	0x77b59d07836d	28	0x7e390	0x26e5f0	0x26e5f3	+0x3	tail	0x7e7ca	258	0xadf2c	0x810	0x5e5f	0x5f2a	0x4e2b	0xe831	0x2601	10085f	exact							
846	0x77b59d07836d	258	0xadf2c	0x26e5f3	0x26e5f7	+0x4	tail	0xae32f	123	0x91a59	0x2a5e	0x2b5f	0x314e	0x1e8	0xb126	0x6702	5e2a5f2b	exact							
847	0x77b59d07836d	123	0x91a59	0x26e5f7	0x26e5fb	+0x4	tail	0x91e7f	297	0xb64d7	0x314e	0x1e8	0xb126	0x6702	0x5048	0xe8ea	4e31e801	exact							
848	0x77b59d07836d	297	0xb64d7	0x26e5fb	0x26e5fe	+0x3	tail	0xb68ff	189	0x9e7af	0xb126	0x6702	0x5048	0xe8ea	0x5401	0x4e7	26b102	exact							
849	0x77b59d07836d	189	0x9e7af	0x26e5fe	0x26e602	+0x4	tail	0x9eac9	158	0x99029	0x4867	0xea50	0x1e8	0xe754	0x2b04	0x123	674850ea	exact							
850	0x77b59d07836d	158	0x99029	0x26e602	0x26e606	+0x4	tail	0x992ca	340	0xbf435	0x1e8	0xe754	0x2b04	0x123	0x80a0	0xe862	e80154e7	exact							
851	0x77b59d07836d	340	0xbf435	0x26e606	0x26e60a	+0x4	tail	0xbf886	18	0x7be9b	0x2b04	0x123	0x80a0	0xe862	0xd901	0xb7a	042b2301	exact							
852	0x77b59d07836d	18	0x7be9b	0x26e60a	0x26e60d	+0x3	tail	0x7c308	20	0x7c62b	0x80a0	0xe862	0xd901	0xb7a	0x3a87	0x6549	a08062	exact							
853	0x77b59d07836d	20	0x7c62b	0x26e60d	0x26e611	+0x4	tail	0x7ca96	185	0x9d964	0x1e8	0x7ad9	0x870b	0x493a	0x8065	0x34c9	e801d97a	exact							
854	0x77b59d07836d	185	0x9d964	0x26e611	0x26e614	+0x3	tail	0x9dcab	64	0x85059	0x870b	0x493a	0x8065	0x34c9	0xe8a5	0xa001	0b873a	exact							
855	0x77b59d07836d	64	0x85059	0x26e614	0x26e618	+0x4	tail	0x8536e	184	0x9d694	0x6549	0xc980	0xa534	0x1e8	0xaa0	0x4c2a	496580c9	exact							
856	0x77b59d07836d	184	0x9d694	0x26e618	0x26e61c	+0x4	tail	0x9d961	18	0x7be9b	0xa534	0x1e8	0xaa0	0x4c2a	0x8945	0xe800	34a5e801	exact							
857	0x77b59d07836d	18	0x7be9b	0x26e61c	0x26e61f	+0x3	tail	0x7c308	340	0xbf435	0xaa0	0x4c2a	0x8945	0xe800	0xc201	0x3991	a00a2a	exact							
858	0x77b59d07836d	340	0xbf435	0x26e61f	0x26e623	+0x4	tail	0xbf886	176	0x9c10b	0x454c	0x89	0x1e8	0x91c2	0x5539	0x1a9e	4c458900	exact							
859	0x77b59d07836d	176	0x9c10b	0x26e623	0x26e627	+0x4	tail	0x9c3f4	114	0x90319	0x1e8	0x91c2	0x5539	0x1a9e	0xecd7	0xe87a	e801c291	exact							
860	0x77b59d07836d	114	0x90319	0x26e627	0x26e62b	+0x4	tail	0x90893	199	0xa0631	0x5539	0x1a9e	0xecd7	0xe87a	0xfa01	0xc5	39559e1a	exact							
861	0x77b59d07836d	199	0xa0631	0x26e62b	0x26e62e	+0x3	tail	0xa0a9c	20	0x7c62b	0xecd7	0xe87a	0xfa01	0xc5	0x602	0xd2ea	d7ec7a	exact							
862	0x77b59d07836d	20	0x7c62b	0x26e62e	0x26e632	+0x4	tail	0x7ca96	28	0x7e390	0x1e8	0xc5fa	0x200	0xea06	0x48d2	0xe88b	e801fac5	exact							
863	0x77b59d07836d	28	0x7e390	0x26e632	0x26e635	+0x3	tail	0x7e7ca	64	0x85059	0x200	0xea06	0x48d2	0xe88b	0x1501	0xe379	000206	exact							
864	0x77b59d07836d	64	0x85059	0x26e635	0x26e639	+0x4	tail	0x8536e	158	0x99029	0xd2ea	0x8b48	0x1e8	0x7915	0xfce3	0x26	ead2488b	exact							
865	0x77b59d07836d	158	0x99029	0x26e639	0x26e63d	+0x4	tail	0x992ca	311	0xb86f8	0x1e8	0x7915	0xfce3	0x26	0x80	0xfd00	e8011579	exact							
866	0x77b59d07836d	311	0xb86f8	0x26e63d	0x26e647	+0xa	dispatch	0xc80b9	310	0xb8556	0xfce3	0x26	0x80	0xfd00	0x1	0x1e8	e3fc2600800000fd0100	exact		0xe19e5301		0xbffd4e77			0x3a
867	0x77b59d07836d	310	0xb8556	0x26e647	0x26e64b	+0x4	tail	0xb86f5	165	0x9a24c	0x1e8	0xa5	0x12	0x158	0x4d3a	0x3180	e801a500	exact	0xe19e5301		0xbffd4e77			0x3a	
868	0x77b59d07836d	165	0x9a24c	0x26e64b	0x26e64d	+0x2	tail	0x9a46b	18	0x7be9b	0x12	0x158	0x4d3a	0x3180	0xb4fe	0x990d	1200	exact							
869	0x77b59d07836d	18	0x7be9b	0x26e64d	0x26e650	+0x3	tail	0x7c308	43	0x8173d	0x158	0x4d3a	0x3180	0xb4fe	0x990d	0xe800	58013a	exact							
870	0x77b59d07836d	43	0x8173d	0x26e650	0x26e654	+0x4	tail	0x81b7c	340	0xbf435	0x804d	0xfe31	0xdb4	0x99	0x1e8	0x72e6	4d8031fe	exact							
871	0x77b59d07836d	340	0xbf435	0x26e654	0x26e658	+0x4	tail	0xbf886	33	0x7f7c4	0xdb4	0x99	0x1e8	0x72e6	0x2658	0x1736	b40d9900	exact							
872	0x77b59d07836d	33	0x7f7c4	0x26e658	0x26e65c	+0x4	tail	0x7fba1	18	0x7be9b	0x1e8	0x72e6	0x2658	0x1736	0x9790	0x897	e801e672	exact							
873	0x77b59d07836d	18	0x7be9b	0x26e65c	0x26e65f	+0x3	tail	0x7c308	203	0xa1484	0x2658	0x1736	0x9790	0x897	0xa528	0xe8f0	582636	exact							
874	0x77b59d07836d	203	0xa1484	0x26e65f	0x26e663	+0x4	tail	0xa1936	258	0xadf2c	0x9017	0x9797	0x2808	0xf0a5	0x1e8	0xfaf9	17909797	exact							
875	0x77b59d07836d	258	0xadf2c	0x26e663	0x26e667	+0x4	tail	0xae32f	315	0xb9451	0x2808	0xf0a5	0x1e8	0xfaf9	0xf110	0x61be	0828a5f0	exact							
876	0x77b59d07836d	315	0xb9451	0x26e667	0x26e66b	+0x4	tail	0xb9878	337	0xbec0e	0x1e8	0xfaf9	0xf110	0x61be	0x1fbd	0x3ab	e801f9fa	exact							
877	0x77b59d07836d	337	0xbec0e	0x26e66b	0x26e66f	+0x4	tail	0xbf126	172	0x9b68a	0xf110	0x61be	0x1fbd	0x3ab	0x8d1f	0xe8b3	10f1be61	exact							
878	0x77b59d07836d	172	0x9b68a	0x26e66f	0x26e673	+0x4	tail	0x9ba72	307	0xb8064	0x1fbd	0x3ab	0x8d1f	0xe8b3	0x9901	0x6ff4	bd1fab03	exact							
879	0x77b59d07836d	307	0xb8064	0x26e673	0x26e676	+0x3	tail	0xb837a	315	0xb9451	0x8d1f	0xe8b3	0x9901	0x6ff4	0x2843	0x9000	1f8db3	exact							
880	0x77b59d07836d	315	0xb9451	0x26e676	0x26e67a	+0x4	tail	0xb9878	157	0x98a9a	0x1e8	0xf499	0x436f	0x28	0x390	0x86cb	e80199f4	exact							
881	0x77b59d07836d	157	0x98a9a	0x26e67a	0x26e67e	+0x4	tail	0x99026	28	0x7e390	0x436f	0x28	0x390	0x86cb	0x77d	0xe8b5	6f432800	exact							
882	0x77b59d07836d	28	0x7e390	0x26e67e	0x26e681	+0x3	tail	0x7e7ca	114	0x90319	0x390	0x86cb	0x77d	0xe8b5	0x7401	0x35b4	9003cb	exact							
883	0x77b59d07836d	114	0x90319	0x26e681	0x26e685	+0x4	tail	0x90893	33	0x7f7c4	0x7d86	0xb507	0x1e8	0xb474	0xd035	0xa83a	867d07b5	exact							
884	0x77b59d07836d	33	0x7f7c4	0x26e685	0x26e689	+0x4	tail	0x7fba1	66	0x855ff	0x1e8	0xb474	0xd035	0xa83a	0x4e26	0x76cb	e80174b4	exact							
885	0x77b59d07836d	66	0x855ff	0x26e689	0x26e68c	+0x3	tail	0x859f9	268	0xb0007	0xd035	0xa83a	0x4e26	0x76cb	0xaa01	0x8a81	35d03a	exact							
886	0x77b59d07836d	268	0xb0007	0x26e68c	0x26e690	+0x4	tail	0xb0458	347	0xc088d	0x26a8	0xcb4e	0x176	0x81aa	0xb68a	0x1e8	a8264ecb	exact							
887	0x77b59d07836d	347	0xc088d	0x26e690	0x26e694	+0x4	tail	0xc0d7b	287	0xb45d2	0x176	0x81aa	0xb68a	0x1e8	0x8312	0x44a	7601aa81	exact							
888	0x77b59d07836d	287	0xb45d2	0x26e694	0x26e698	+0x4	tail	0xb497e	347	0xc088d	0xb68a	0x1e8	0x8312	0x44a	0x658	0xff84	8ab6e801	exact							
889	0x77b59d07836d	347	0xc088d	0x26e698	0x26e69c	+0x4	tail	0xc0d7b	215	0xa4609	0x8312	0x44a	0x658	0xff84	0x1390	0x4e9e	12834a04	exact							
890	0x77b59d07836d	215	0xa4609	0x26e69c	0x26e69f	+0x3	tail	0xa4a5e	203	0xa1484	0x658	0xff84	0x1390	0x4e9e	0xe827	0xce01	580684	exact							
891	0x77b59d07836d	203	0xa1484	0x26e69f	0x26e6a3	+0x4	tail	0xa1936	287	0xb45d2	0x90ff	0x9e13	0x274e	0x1e8	0x1dce	0x73b4	ff90139e	exact							
892	0x77b59d07836d	287	0xb45d2	0x26e6a3	0x26e6a7	+0x4	tail	0xb497e	307	0xb8064	0x274e	0x1e8	0x1dce	0x73b4	0xcbe9	0xc700	4e27e801	exact							
893	0x77b59d07836d	307	0xb8064	0x26e6a7	0x26e6aa	+0x3	tail	0xb837a	333	0xbd8af	0x1dce	0x73b4	0xcbe9	0xc700	0x58f1	0xe817	ce1db4	exact							
894	0x77b59d07836d	333	0xbd8af	0x26e6aa	0x26e6ae	+0x4	tail	0xbdd16	337	0xbec0e	0xe973	0xcb	0xf1c7	0x1758	0x1e8	0xa6a	73e9cb00	exact							
895	0x77b59d07836d	337	0xbec0e	0x26e6ae	0x26e6b2	+0x4	tail	0xbf126	33	0x7f7c4	0xf1c7	0x1758	0x1e8	0xa6a	0x8d72	0x69b4	c7f15817	exact							
896	0x77b59d07836d	33	0x7f7c4	0x26e6b2	0x26e6b6	+0x4	tail	0x7fba1	307	0xb8064	0x1e8	0xa6a	0x8d72	0x69b4	0x398c	0x600	e8016a0a	exact							
897	0x77b59d07836d	307	0xb8064	0x26e6b6	0x26e6b9	+0x3	tail	0xb837a	347	0xc088d	0x8d72	0x69b4	0x398c	0x600	0xe3ad	0x7b0a	728db4	exact							
898	0x77b59d07836d	347	0xc088d	0x26e6b9	0x26e6bd	+0x4	tail	0xc0d7b	172	0x9b68a	0x8c69	0x39	0xad06	0xae3	0x8e7b	0x1e8	698c3900	exact							
899	0x77b59d07836d	172	0x9b68a	0x26e6bd	0x26e6c1	+0x4	tail	0x9ba72	26	0x7dbbb	0xad06	0xae3	0x8e7b	0x1e8	0x7694	0x13	06ade30a	exact							
900	0x77b59d07836d	26	0x7dbbb	0x26e6c1	0x26e6c5	+0x4	tail	0x7dfbd	340	0xbf435	0x8e7b	0x1e8	0x7694	0x13	0x34f1	0xad3	7b8ee801	exact							
901	0x77b59d07836d	340	0xbf435	0x26e6c5	0x26e6c9	+0x4	tail	0xbf886	172	0x9b68a	0x7694	0x13	0x34f1	0xad3	0x798	0x61a	94761300	exact							
902	0x77b59d07836d	172	0x9b68a	0x26e6c9	0x26e6cd	+0x4	tail	0x9ba72	28	0x7e390	0x34f1	0xad3	0x798	0x61a	0xe81e	0x7c01	f134d30a	exact							
903	0x77b59d07836d	28	0x7e390	0x26e6cd	0x26e6d0	+0x3	tail	0x7e7ca	243	0xaab6a	0x798	0x61a	0xe81e	0x7c01	0x5181	0x44d8	98071a	exact							
904	0x77b59d07836d	243	0xaab6a	0x26e6d0	0x26e6d4	+0x4	tail	0xaaf3c	168	0x9aa83	0x1e06	0x1e8	0x817c	0xd851	0xf844	0x11d	061ee801	exact							
905	0x77b59d07836d	168	0x9aa83	0x26e6d4	0x26e6d8	+0x4	tail	0x9af16	337	0xbec0e	0x817c	0xd851	0xf844	0x11d	0x8017	0xc52a	7c8151d8	exact							
906	0x77b59d07836d	337	0xbec0e	0x26e6d8	0x26e6dc	+0x4	tail	0xbf126	199	0xa0631	0xf844	0x11d	0x8017	0xc52a	0xe850	0xf801	44f81d01	exact							
907	0x77b59d07836d	199	0xa0631	0x26e6dc	0x26e6df	+0x3	tail	0xa0a9c	243	0xaab6a	0x8017	0xc52a	0xe850	0xf801	0xae9c	0x5e27	17802a	exact							
908	0x77b59d07836d	243	0xaab6a	0x26e6df	0x26e6e3	+0x4	tail	0xaaf3c	268	0xb0007	0x50c5	0x1e8	0x9cf8	0x27ae	0x15e	0x113a	c550e801	exact							
909	0x77b59d07836d	268	0xb0007	0x26e6e3	0x26e6e7	+0x4	tail	0xb0458	185	0x9d964	0x9cf8	0x27ae	0x15e	0x113a	0x1fe3	0xe2cb	f89cae27	exact							
910	0x77b59d07836d	185	0x9d964	0x26e6e7	0x26e6ea	+0x3	tail	0x9dcab	64	0x85059	0x15e	0x113a	0x1fe3	0xe2cb	0xe826	0xf01	5e013a	exact							
911	0x77b59d07836d	64	0x85059	0x26e6ea	0x26e6ee	+0x4	tail	0x8536e	287	0xb45d2	0xe311	0xcb1f	0x26e2	0x1e8	0xe10f	0x91	11e31fcb	exact							
912	0x77b59d07836d	287	0xb45d2	0x26e6ee	0x26e6f2	+0x4	tail	0xb497e	333	0xbd8af	0x26e2	0x1e8	0xe10f	0x91	0x1929	0x533c	e226e801	exact							
913	0x77b59d07836d	333	0xbd8af	0x26e6f2	0x26e6f6	+0x4	tail	0xbdd16	66	0x855ff	0xe10f	0x91	0x1929	0x533c	0xcba9	0x4978	0fe19100	exact							
914	0x77b59d07836d	66	0x855ff	0x26e6f6	0x26e6f9	+0x3	tail	0x859f9	337	0xbec0e	0x1929	0x533c	0xcba9	0x4978	0xe8df	0xc01	29193c	exact							
915	0x77b59d07836d	337	0xbec0e	0x26e6f9	0x26e6fd	+0x4	tail	0xbf126	305	0xb78b0	0xa953	0x78cb	0xdf49	0x1e8	0x10c	0x298	53a9cb78	exact							
916	0x77b59d07836d	305	0xb78b0	0x26e6fd	0x26e701	+0x4	tail	0xb7bb8	347	0xc088d	0xdf49	0x1e8	0x10c	0x298	0x3042	0x676e	49dfe801	exact							
917	0x77b59d07836d	347	0xc088d	0x26e701	0x26e705	+0x4	tail	0xc0d7b	268	0xb0007	0x10c	0x298	0x3042	0x676e	0xde6	0xfe3a	0c019802	exact							
918	0x77b59d07836d	268	0xb0007	0x26e705	0x26e709	+0x4	tail	0xb0458	185	0x9d964	0x3042	0x676e	0xde6	0xfe3a	0xe819	0xfc01	42306e67	exact							
919	0x77b59d07836d	185	0x9d964	0x26e709	0x26e70c	+0x3	tail	0x9dcab	287	0xb45d2	0xde6	0xfe3a	0xe819	0xfc01	0x7d6f	0x7cb0	e60d3a	exact							
920	0x77b59d07836d	287	0xb45d2	0x26e70c	0x26e710	+0x4	tail	0xb497e	297	0xb64d7	0x19fe	0x1e8	0x6ffc	0xb07d	0xd37c	0x3800	fe19e801	exact							
921	0x77b59d07836d	297	0xb64d7	0x26e710	0x26e713	+0x3	tail	0xb68ff	340	0xbf435	0x6ffc	0xb07d	0xd37c	0x3800	0x1d2e	0xe800	fc6f7d	exact							
922	0x77b59d07836d	340	0xbf435	0x26e713	0x26e717	+0x4	tail	0xbf886	196	0x9fbcd	0x7cb0	0xd3	0x2e38	0x1d	0x1e8	0xf511	b07cd300	exact							
923	0x77b59d07836d	196	0x9fbcd	0x26e717	0x26e71b	+0x4	tail	0xa0068	315	0xb9451	0x2e38	0x1d	0x1e8	0xf511	0x9854	0x93	382e1d00	exact							
924	0x77b59d07836d	315	0xb9451	0x26e71b	0x26e71f	+0x4	tail	0xb9878	172	0x9b68a	0x1e8	0xf511	0x9854	0x93	0xa2a6	0x79	e80111f5	exact							
925	0x77b59d07836d	172	0x9b68a	0x26e71f	0x26e723	+0x4	tail	0x9ba72	340	0xbf435	0x9854	0x93	0xa2a6	0x79	0x8022	0x74dd	54989300	exact							
926	0x77b59d07836d	340	0xbf435	0x26e723	0x26e727	+0x4	tail	0xbf886	199	0xa0631	0xa2a6	0x79	0x8022	0x74dd	0xe8d8	0x5d01	a6a27900	exact							
927	0x77b59d07836d	199	0xa0631	0x26e727	0x26e72a	+0x3	tail	0xa0a9c	26	0x7dbbb	0x8022	0x74dd	0xe8d8	0x5d01	0xbb08	0x3800	2280dd	exact							
928	0x77b59d07836d	26	0x7dbbb	0x26e72a	0x26e72e	+0x4	tail	0x7dfbd	172	0x9b68a	0xd874	0x1e8	0x85d	0xbb	0x2638	0xe0e5	74d8e801	exact							
929	0x77b59d07836d	172	0x9b68a	0x26e72e	0x26e732	+0x4	tail	0x9ba72	337	0xbec0e	0x85d	0xbb	0x2638	0xe0e5	0xad0	0x3364	5d08bb00	exact							
930	0x77b59d07836d	337	0xbec0e	0x26e732	0x26e736	+0x4	tail	0xbf126	215	0xa4609	0x2638	0xe0e5	0xad0	0x3364	0xe8bc	0x1	3826e5e0	exact							
931	0x77b59d07836d	215	0xa4609	0x26e736	0x26e739	+0x3	tail	0xa4a5e	346	0xc0535	0xad0	0x3364	0xe8bc	0x1	0x3dad	0xe801	d00a64	exact							
932	0x77b59d07836d	346	0xc0535	0x26e739	0x26e73d	+0x4	tail	0xc088b	338	0xbf128	0xbc33	0x1e8	0xad00	0x13d	0x1e8	0xe810	33bce801	exact							
933	0x77b59d07836d	338	0xbf128	0x26e73d	0x26e743	+0x6	tail	0xbf2d3	283	0xb3612	0xad00	0x13d	0x1e8	0xe810	0x7c01	0xa760	00ad3d01e801	exact							
934	0x77b59d07836d	283	0xb3612	0x26e743	0x26e748	+0x5	tail	0xb3799	185	0x9d964	0xe810	0x7c01	0xa760	0x3a70	0x9bcf	0x7645	10e8017c60	exact							
935	0x77b59d07836d	185	0x9d964	0x26e748	0x26e74b	+0x3	tail	0x9dcab	203	0xa1484	0x70a7	0xcf3a	0x459b	0x9876	0xd062	0x5443	a7703a	exact							
936	0x77b59d07836d	203	0xa1484	0x26e74b	0x26e74f	+0x4	tail	0xa1936	121	0x91379	0x9bcf	0x7645	0x6298	0x43d0	0x1f54	0x1e8	cf9b4576	exact							
937	0x77b59d07836d	121	0x91379	0x26e74f	0x26e753	+0x4	tail	0x9170b	91	0x8b6de	0x6298	0x43d0	0x1f54	0x1e8	0x25df	0xdce8	9862d043	exact							
938	0x77b59d07836d	91	0x8b6de	0x26e753	0x26e757	+0x4	tail	0x8b8c9	189	0x9e7af	0x1f54	0x1e8	0x25df	0xdce8	0xc83a	0x13d	541fe801	exact							
939	0x77b59d07836d	189	0x9e7af	0x26e757	0x26e75b	+0x4	tail	0x9eac9	79	0x885b0	0x25df	0xdce8	0xc83a	0x13d	0xad00	0x8f3f	df25e8dc	exact							
940	0x77b59d07836d	79	0x885b0	0x26e75b	0x26e760	+0x5	tail	0x88a55	256	0xad849	0xc83a	0x13d	0xad00	0x8f3f	0xccb3	0x8dd3	3ac83d0100	exact							
941	0x77b59d07836d	256	0xad849	0x26e760	0x26e762	+0x2	tail	0xadbfa	140	0x94e5a	0x3fad	0xb38f	0xd3cc	0x858d	0xf7f	0xaeea	ad3f	exact							
942	0x77b59d07836d	140	0x94e5a	0x26e762	0x26e768	+0x6	tail	0x951c0	258	0xadf2c	0xb38f	0xd3cc	0x858d	0xf7f	0xaeea	0x586f	8fb3ccd38d85	exact							
943	0x77b59d07836d	258	0xadf2c	0x26e768	0x26e76c	+0x4	tail	0xae32f	157	0x98a9a	0xf7f	0xaeea	0x586f	0x68	0x600	0xb5cc	7f0feaae	exact							
944	0x77b59d07836d	157	0x98a9a	0x26e76c	0x26e770	+0x4	tail	0x99026	28	0x7e390	0x586f	0x68	0x600	0xb5cc	0x3d34	0x1	6f586800	exact							
945	0x77b59d07836d	28	0x7e390	0x26e770	0x26e773	+0x3	tail	0x7e7ca	192	0x9f00a	0x600	0xb5cc	0x3d34	0x1	0xbaf	0x793a	0006cc	exact							
946	0x77b59d07836d	192	0x9f00a	0x26e773	0x26e778	+0x5	tail	0x9f779	173	0x9ba74	0x34b5	0x13d	0xaf00	0x3a0b	0x8579	0x9bdd	b5343d0100	exact							
947	0x77b59d07836d	173	0x9ba74	0x26e778	0x26e77a	+0x2	tail	0x9bd8c	128	0x9299b	0xbaf	0x793a	0xdd85	0xe39b	0x3a75	0x8fce	af0b	exact							
948	0x77b59d07836d	128	0x9299b	0x26e77a	0x26e77f	+0x5	tail	0x92f1f	185	0x9d964	0x793a	0xdd85	0xe39b	0x3a75	0x8fce	0x2ba	3a7985dd9b	exact							
949	0x77b59d07836d	185	0x9d964	0x26e77f	0x26e782	+0x3	tail	0x9dcab	347	0xc088d	0x75e3	0xce3a	0xba8f	0xf302	0x434c	0x70d1	e3753a	exact							
950	0x77b59d07836d	347	0xc088d	0x26e782	0x26e786	+0x4	tail	0xc0d7b	168	0x9aa83	0x8fce	0x2ba	0x4cf3	0xd143	0x770	0x13d	ce8fba02	exact							
951	0x77b59d07836d	168	0x9aa83	0x26e786	0x26e78a	+0x4	tail	0x9af16	79	0x885b0	0x4cf3	0xd143	0x770	0x13d	0x8000	0xb489	f34c43d1	exact							
952	0x77b59d07836d	79	0x885b0	0x26e78a	0x26e78f	+0x5	tail	0x88a55	198	0xa037e	0x770	0x13d	0x8000	0xb489	0xb334	0xd900	70073d0100	exact							
953	0x77b59d07836d	198	0xa037e	0x26e78f	0x26e791	+0x2	tail	0xa062e	340	0xbf435	0x8980	0x34b4	0xb3	0x21d9	0x5f10	0x540	8089	exact							
954	0x77b59d07836d	340	0xbf435	0x26e791	0x26e795	+0x4	tail	0xbf886	200	0xa0a9e	0x34b4	0xb3	0x21d9	0x5f10	0x540	0x683a	b434b300	exact							
955	0x77b59d07836d	200	0xa0a9e	0x26e795	0x26e79b	+0x6	tail	0xa0dc7	168	0x9aa83	0x21d9	0x5f10	0x540	0x683a	0xd0be	0x3781	d921105f4005	exact							
956	0x77b59d07836d	168	0x9aa83	0x26e79b	0x26e79f	+0x4	tail	0x9af16	66	0x855ff	0x683a	0xd0be	0x3781	0xac2a	0xd3f3	0x13d	3a68bed0	exact							
957	0x77b59d07836d	66	0x855ff	0x26e79f	0x26e7a2	+0x3	tail	0x859f9	70	0x8610e	0x3781	0xac2a	0xd3f3	0x13d	0x265a	0x540	81372a	exact							
958	0x77b59d07836d	70	0x8610e	0x26e7a2	0x26e7a7	+0x5	tail	0x86763	256	0xad849	0xf3ac	0x3dd3	0x5a01	0x4026	0x5e05	0xa303	acf3d33d01	exact							
959	0x77b59d07836d	256	0xad849	0x26e7a7	0x26e7a9	+0x2	tail	0xadbfa	215	0xa4609	0x265a	0x540	0x35e	0x2ba3	0x54d9	0xd312	5a26	exact							
960	0x77b59d07836d	215	0xa4609	0x26e7a9	0x26e7ac	+0x3	tail	0xa4a5e	168	0x9aa83	0x540	0x35e	0x2ba3	0x54d9	0xd312	0x9600	40055e	exact							
961	0x77b59d07836d	168	0x9aa83	0x26e7ac	0x26e7b0	+0x4	tail	0x9af16	340	0xbf435	0xa303	0xd92b	0x1254	0xd3	0xba96	0x4850	03a32bd9	exact							
962	0x77b59d07836d	340	0xbf435	0x26e7b0	0x26e7b4	+0x4	tail	0xbf886	253	0xacfb1	0x1254	0xd3	0xba96	0x4850	0x5d2e	0xa633	5412d300	exact							
963	0x77b59d07836d	253	0xacfb1	0x26e7b4	0x26e7ba	+0x6	tail	0xad329	83	0x8947b	0xba96	0x4850	0x5d2e	0xa633	0x3d00	0xfe01	96ba50482e5d	exact							
964	0x77b59d07836d	83	0x8947b	0x26e7ba	0x26e7bf	+0x5	tail	0x89839	108	0x8f24b	0xa633	0x3d00	0xfe01	0xe8db	0x3604	0xe263	33a6003d01	exact							
965	0x77b59d07836d	108	0x8f24b	0x26e7bf	0x26e7c1	+0x2	tail	0x8f6cf	28	0x7e390	0xdbfe	0x4e8	0x6336	0x9de2	0xc101	0xcc	fedb	exact							
966	0x77b59d07836d	28	0x7e390	0x26e7c1	0x26e7c4	+0x3	tail	0x7e7ca	157	0x98a9a	0x4e8	0x6336	0x9de2	0xc101	0xcc	0x2f3a	e80436	exact							
967	0x77b59d07836d	157	0x98a9a	0x26e7c4	0x26e7c8	+0x4	tail	0x99026	124	0x91e81	0xe263	0x19d	0xccc1	0x3a00	0xcb2f	0x7c70	63e29d01	exact							
968	0x77b59d07836d	124	0x91e81	0x26e7c8	0x26e7ce	+0x6	tail	0x922c1	337	0xbec0e	0xccc1	0x3a00	0xcb2f	0x7c70	0xc25	0x3d00	c1cc003a2fcb	exact							
969	0x77b59d07836d	337	0xbec0e	0x26e7ce	0x26e7d2	+0x4	tail	0xbf126	301	0xb708d	0x7c70	0xc25	0x3d00	0x8701	0x4f09	0x8e9e	707c250c	exact							
970	0x77b59d07836d	301	0xb708d	0x26e7d2	0x26e7d7	+0x5	tail	0xb7583	144	0x95887	0x3d00	0x8701	0x4f09	0x8e9e	0x1880	0x2d11	003d018709	exact							
971	0x77b59d07836d	144	0x95887	0x26e7d7	0x26e7d9	+0x2	tail	0x95b59	347	0xc088d	0x9e4f	0x808e	0x1118	0xd72d	0x4c33	0x919f	4f9e	exact							
972	0x77b59d07836d	347	0xc088d	0x26e7d9	0x26e7dd	+0x4	tail	0xc0d7b	332	0xbd36d	0x808e	0x1118	0xd72d	0x4c33	0x919f	0x42bf	8e801811	exact							
973	0x77b59d07836d	332	0xbd36d	0x26e7dd	0x26e7e1	+0x4	tail	0xbd8ad	203	0xa1484	0xd72d	0x4c33	0x919f	0x42bf	0x1dce	0xb3	2dd7334c	exact							
974	0x77b59d07836d	203	0xa1484	0x26e7e1	0x26e7e5	+0x4	tail	0xa1936	307	0xb8064	0x919f	0x42bf	0x1dce	0xb3	0x13d	0x9f4f	9f91bf42	exact							
975	0x77b59d07836d	307	0xb8064	0x26e7e5	0x26e7e8	+0x3	tail	0xb837a	301	0xb708d	0x1dce	0xb3	0x13d	0x9f4f	0x97fe	0x582	ce1db3	exact							
976	0x77b59d07836d	301	0xb708d	0x26e7e8	0x26e7ed	+0x5	tail	0xb7583	108	0x8f24b	0x3d00	0x4f01	0xfe9f	0x8297	0x3a05	0xc4e	003d014f9f	exact							
977	0x77b59d07836d	108	0x8f24b	0x26e7ed	0x26e7ef	+0x2	tail	0x8f6cf	185	0x9d964	0x97fe	0x582	0x4e3a	0xba0c	0x6400	0xe828	fe97	exact							
978	0x77b59d07836d	185	0x9d964	0x26e7ef	0x26e7f2	+0x3	tail	0x9dcab	347	0xc088d	0x582	0x4e3a	0xba0c	0x6400	0xe828	0x2f01	82053a	exact							
979	0x77b59d07836d	347	0xc088d	0x26e7f2	0x26e7f6	+0x4	tail	0xc0d7b	184	0x9d694	0xc4e	0xba	0x2864	0x1e8	0x932f	0xf0b3	4e0cba00	exact							
980	0x77b59d07836d	184	0x9d694	0x26e7f6	0x26e7fa	+0x4	tail	0x9d961	64	0x85059	0x2864	0x1e8	0x932f	0xf0b3	0x85c0	0xd28a	6428e801	exact							
981	0x77b59d07836d	64	0x85059	0x26e7fa	0x26e7fe	+0x4	tail	0x8536e	18	0x7be9b	0x932f	0xf0b3	0x85c0	0xd28a	0xe838	0xe801	2f93b3f0	exact							
982	0x77b59d07836d	18	0x7be9b	0x26e7fe	0x26e801	+0x3	tail	0x7c308	184	0x9d694	0x85c0	0xd28a	0xe838	0xe801	0x6701	0x3d63	c0858a	exact							
983	0x77b59d07836d	184	0x9d694	0x26e801	0x26e805	+0x4	tail	0x9d961	261	0xaeda2	0x38d2	0x1e8	0x1e8	0x6367	0x13d	0x529a	d238e801	exact							
984	0x77b59d07836d	261	0xaeda2	0x26e805	0x26e80b	+0x6	tail	0xaeeff	18	0x7be9b	0x1e8	0x6367	0x13d	0x529a	0x1e14	0xf437	e80167633d01	exact							
985	0x77b59d07836d	18	0x7be9b	0x26e80b	0x26e80e	+0x3	tail	0x7c308	189	0x9e7af	0x529a	0x1e14	0xf437	0xa9a6	0xe8ca	0xd801	9a5214	exact							
986	0x77b59d07836d	189	0x9e7af	0x26e80e	0x26e812	+0x4	tail	0x9eac9	174	0x9bd8f	0x371e	0xa6f4	0xcaa9	0x1e8	0xad8	0xc89c	1e37f4a6	exact							
987	0x77b59d07836d	174	0x9bd8f	0x26e812	0x26e816	+0x4	tail	0x9c08c	215	0xa4609	0xcaa9	0x1e8	0xad8	0xc89c	0x8c09	0xe881	a9cae801	exact							
988	0x77b59d07836d	215	0xa4609	0x26e816	0x26e819	+0x3	tail	0xa4a5e	347	0xc088d	0xad8	0xc89c	0x8c09	0xe881	0x8301	0x1946	d80a9c	exact							
989	0x77b59d07836d	347	0xc088d	0x26e819	0x26e81d	+0x4	tail	0xc0d7b	20	0x7c62b	0x9c8	0x818c	0x1e8	0x4683	0x4519	0xe1ad	c8098c81	exact							
990	0x77b59d07836d	20	0x7c62b	0x26e81d	0x26e821	+0x4	tail	0x7ca96	307	0xb8064	0x1e8	0x4683	0x4519	0xe1ad	0xe0e	0xe85a	e8018346	exact							
991	0x77b59d07836d	307	0xb8064	0x26e821	0x26e824	+0x3	tail	0xb837a	114	0x90319	0x4519	0xe1ad	0xe0e	0xe85a	0x8601	0xeb9f	1945ad	exact							
992	0x77b59d07836d	114	0x90319	0x26e824	0x26e828	+0x4	tail	0x90893	20	0x7c62b	0xee1	0x5a0e	0x1e8	0x9f86	0x8eeb	0xf12a	e10e0e5a	exact							
993	0x77b59d07836d	20	0x7c62b	0x26e828	0x26e82c	+0x4	tail	0x7ca96	66	0x855ff	0x1e8	0x9f86	0x8eeb	0xf12a	0x259c	0xe800	e801869f	exact							
994	0x77b59d07836d	66	0x855ff	0x26e82c	0x26e82f	+0x3	tail	0x859f9	64	0x85059	0x8eeb	0xf12a	0x259c	0xe800	0xe601	0xa079	eb8e2a	exact							
995	0x77b59d07836d	64	0x85059	0x26e82f	0x26e833	+0x4	tail	0x8536e	176	0x9c10b	0x9cf1	0x25	0x1e8	0x79e6	0xaa0	0xc47c	f19c2500	exact							
996	0x77b59d07836d	176	0x9c10b	0x26e833	0x26e837	+0x4	tail	0x9c3f4	215	0xa4609	0x1e8	0x79e6	0xaa0	0xc47c	0x744	0x9301	e801e679	exact							
997	0x77b59d07836d	215	0xa4609	0x26e837	0x26e83a	+0x3	tail	0xa4a5e	340	0xbf435	0xaa0	0xc47c	0x744	0x9301	0xe88b	0x9001	a00a7c	exact							
998	0x77b59d07836d	340	0xbf435	0x26e83a	0x26e83e	+0x4	tail	0xbf886	174	0x9bd8f	0x44c4	0x107	0x8b93	0x1e8	0x390	0xf3e	c4440701	exact							
999	0x77b59d07836d	174	0x9bd8f	0x26e83e	0x26e842	+0x4	tail	0x9c08c	28	0x7e390	0x8b93	0x1e8	0x390	0xf3e	0x883f	0xeaf7	938be801	exact							
1000	0x77b59d07836d	28	0x7e390	0x26e842	0x26e845	+0x3	tail	0x7e7ca	114	0x90319	0x390	0xf3e	0x883f	0xeaf7	0xe84f	0xf801	90033e	exact							
1001	0x77b59d07836d	114	0x90319	0x26e845	0x26e849	+0x4	tail	0x90893	161	0x9975a	0x3f0f	0xf788	0x4fea	0x1e8	0x89f8	0xcf48	0f3f88f7	exact							
1002	0x77b59d07836d	161	0x9975a	0x26e849	0x26e84d	+0x4	tail	0x99b3a	66	0x855ff	0x4fea	0x1e8	0x89f8	0xcf48	0xa30f	0xe8ca	ea4fe801	exact							
1003	0x77b59d07836d	66	0x855ff	0x26e84d	0x26e850	+0x3	tail	0x859f9	258	0xadf2c	0x89f8	0xcf48	0xa30f	0xe8ca	0x5a01	0x2cd7	f88948	exact							
1004	0x77b59d07836d	258	0xadf2c	0x26e850	0x26e854	+0x4	tail	0xae32f	158	0x99029	0xfcf	0xcaa3	0x1e8	0xd75a	0xb02c	0xef6c	cf0fa3ca	exact							
1005	0x77b59d07836d	158	0x99029	0x26e854	0x26e858	+0x4	tail	0x992ca	64	0x85059	0x1e8	0xd75a	0xb02c	0xef6c	0x9338	0xe8fe	e8015ad7	exact							
1006	0x77b59d07836d	64	0x85059	0x26e858	0x26e85c	+0x4	tail	0x8536e	18	0x7be9b	0xb02c	0xef6c	0x9338	0xe8fe	0x3001	0xbf60	2cb06cef	exact							
1007	0x77b59d07836d	18	0x7be9b	0x26e85c	0x26e85f	+0x3	tail	0x7c308	158	0x99029	0x9338	0xe8fe	0x3001	0xbf60	0x2e7	0x3198	3893fe	exact							
1008	0x77b59d07836d	158	0x99029	0x26e85f	0x26e863	+0x4	tail	0x992ca	199	0xa0631	0x1e8	0x6030	0xe7bf	0x9802	0x4531	0x5850	e8013060	exact							
1009	0x77b59d07836d	199	0xa0631	0x26e863	0x26e866	+0x3	tail	0xa0a9c	258	0xadf2c	0xe7bf	0x9802	0x4531	0x5850	0xe8ff	0x6801	bfe702	exact							
1010	0x77b59d07836d	258	0xadf2c	0x26e866	0x26e86a	+0x4	tail	0xae32f	184	0x9d694	0x3198	0x5045	0xff58	0x1e8	0x668	0x202a	98314550	exact							
1011	0x77b59d07836d	184	0x9d694	0x26e86a	0x26e86e	+0x4	tail	0x9d961	18	0x7be9b	0xff58	0x1e8	0x668	0x202a	0x64c4	0xe8a3	58ffe801	exact							
1012	0x77b59d07836d	18	0x7be9b	0x26e86e	0x26e871	+0x3	tail	0x7c308	189	0x9e7af	0x668	0x202a	0x64c4	0xe8a3	0x6001	0xc02e	68062a	exact							
1013	0x77b59d07836d	189	0x9e7af	0x26e871	0x26e875	+0x4	tail	0x9eac9	158	0x99029	0xc420	0xa364	0x1e8	0x2e60	0xeec0	0x123	20c464a3	exact							
1014	0x77b59d07836d	158	0x99029	0x26e875	0x26e879	+0x4	tail	0x992ca	340	0xbf435	0x1e8	0x2e60	0xeec0	0x123	0x3bb7	0x282	e801602e	exact							
1015	0x77b59d07836d	340	0xbf435	0x26e879	0x26e87d	+0x4	tail	0xbf886	199	0xa0631	0xeec0	0x123	0x3bb7	0x282	0xe84f	0x3001	c0ee2301	exact							
1016	0x77b59d07836d	199	0xa0631	0x26e87d	0x26e880	+0x3	tail	0xa0a9c	161	0x9975a	0x3bb7	0x282	0xe84f	0x3001	0x5f0e	0x7981	b73b82	exact							
1017	0x77b59d07836d	161	0x9975a	0x26e880	0x26e884	+0x4	tail	0x99b3a	18	0x7be9b	0x4f02	0x1e8	0xe30	0x815f	0xb79	0xe8e3	024fe801	exact							
1018	0x77b59d07836d	18	0x7be9b	0x26e884	0x26e887	+0x3	tail	0x7c308	64	0x85059	0xe30	0x815f	0xb79	0xe8e3	0xb101	0x3e06	300e5f	exact							
1019	0x77b59d07836d	64	0x85059	0x26e887	0x26e88b	+0x4	tail	0x8536e	20	0x7c62b	0x7981	0xe30b	0x1e8	0x6b1	0x823e	0x3988	81790be3	exact							
1020	0x77b59d07836d	20	0x7c62b	0x26e88b	0x26e88f	+0x4	tail	0x7ca96	114	0x90319	0x1e8	0x6b1	0x823e	0x3988	0xcd25	0x5aca	e801b106	exact							
1021	0x77b59d07836d	114	0x90319	0x26e88f	0x26e893	+0x4	tail	0x90893	66	0x855ff	0x823e	0x3988	0xcd25	0x5aca	0xe86e	0xa001	3e828839	exact							
1022	0x77b59d07836d	66	0x855ff	0x26e893	0x26e896	+0x3	tail	0x859f9	161	0x9975a	0xcd25	0x5aca	0xe86e	0xa001	0xa80a	0x71fc	25cdca	exact							
1023	0x77b59d07836d	161	0x9975a	0x26e896	0x26e89a	+0x4	tail	0x99b3a	28	0x7e390	0x6e5a	0x1e8	0xaa0	0xfca8	0xab71	0xe800	5a6ee801	exact							
1024	0x77b59d07836d	28	0x7e390	0x26e89a	0x26e89d	+0x3	tail	0x7e7ca	340	0xbf435	0xaa0	0xfca8	0xab71	0xe800	0x2a01	0x65d2	a00aa8	exact							
1025	0x77b59d07836d	340	0xbf435	0x26e89d	0x26e8a1	+0x4	tail	0xbf886	176	0x9c10b	0x71fc	0xab	0x1e8	0xd22a	0x2865	0xcde1	fc71ab00	exact							
1026	0x77b59d07836d	176	0x9c10b	0x26e8a1	0x26e8a5	+0x4	tail	0x9c3f4	64	0x85059	0x1e8	0xd22a	0x2865	0xcde1	0xa185	0x9018	e8012ad2	exact							
1027	0x77b59d07836d	64	0x85059	0x26e8a5	0x26e8a9	+0x4	tail	0x8536e	66	0x855ff	0x2865	0xcde1	0xa185	0x9018	0xe84c	0x4601	6528e1cd	exact							
1028	0x77b59d07836d	66	0x855ff	0x26e8a9	0x26e8ac	+0x3	tail	0x859f9	123	0x91a59	0xa185	0x9018	0xe84c	0x4601	0x26fe	0x8000	85a118	exact							
1029	0x77b59d07836d	123	0x91a59	0x26e8ac	0x26e8b0	+0x4	tail	0x91e7f	264	0xaf4cf	0x4c90	0x1e8	0xfe46	0x26	0x80	0xfd00	904ce801	exact							
1030	0x77b59d07836d	264	0xaf4cf	0x26e8b0	0x26e8ba	+0xa	dispatch	0xc80b9	169	0x9af18	0xfe46	0x26	0x80	0xfd00	0x1	0xa5	46fe2600800000fd0100	exact		0x2711ed9e		0xe76c8b67			0x3a
1031	0x77b59d07836d	169	0x9af18	0x26e8ba	0x26e8be	+0x4	tail	0x9b0c5	165	0x9a24c	0xa5	0x1e8	0x1c	0xa68	0x7310	0x99e9	a500e801	exact	0x2711ed9e		0xe76c8b67			0x3a	
1032	0x77b59d07836d	165	0x9a24c	0x26e8be	0x26e8c0	+0x2	tail	0x9a46b	28	0x7e390	0x1c	0xa68	0x7310	0x99e9	0xe700	0x2609	1c00	exact							
1033	0x77b59d07836d	28	0x7e390	0x26e8c0	0x26e8c3	+0x3	tail	0x7e7ca	333	0xbd8af	0xa68	0x7310	0x99e9	0xe700	0x2609	0x5a17	680a10	exact							
1034	0x77b59d07836d	333	0xbd8af	0x26e8c3	0x26e8c7	+0x4	tail	0xbdd16	337	0xbec0e	0xe973	0x99	0x9e7	0x1726	0xbd5a	0x1e8	73e99900	exact							
1035	0x77b59d07836d	337	0xbec0e	0x26e8c7	0x26e8cb	+0x4	tail	0xbf126	287	0xb45d2	0x9e7	0x1726	0xbd5a	0x1e8	0x5088	0xa0cc	e7092617	exact							
1036	0x77b59d07836d	287	0xb45d2	0x26e8cb	0x26e8cf	+0x4	tail	0xb497e	189	0x9e7af	0xbd5a	0x1e8	0x5088	0xa0cc	0x3357	0x49c3	5abde801	exact							
1037	0x77b59d07836d	189	0x9e7af	0x26e8cf	0x26e8d3	+0x4	tail	0x9eac9	43	0x8173d	0x5088	0xa0cc	0x3357	0x49c3	0x8f8	0x2c8	8850cca0	exact							
1038	0x77b59d07836d	43	0x8173d	0x26e8d3	0x26e8d7	+0x4	tail	0x81b7c	215	0xa4609	0x3357	0x49c3	0x8f8	0x2c8	0xe83c	0x8e01	5733c349	exact							
1039	0x77b59d07836d	215	0xa4609	0x26e8d7	0x26e8da	+0x3	tail	0xa4a5e	287	0xb45d2	0x8f8	0x2c8	0xe83c	0x8e01	0xa3ba	0xa50a	f808c8	exact							
1040	0x77b59d07836d	287	0xb45d2	0x26e8da	0x26e8de	+0x4	tail	0xb497e	172	0x9b68a	0x3c02	0x1e8	0xba8e	0xaa3	0x5aa5	0xde5a	023ce801	exact							
1041	0x77b59d07836d	172	0x9b68a	0x26e8de	0x26e8e2	+0x4	tail	0x9ba72	18	0x7be9b	0xba8e	0xaa3	0x5aa5	0xde5a	0xdc0b	0x7e08	8ebaa30a	exact							
1042	0x77b59d07836d	18	0x7be9b	0x26e8e2	0x26e8e5	+0x3	tail	0x7c308	258	0xadf2c	0x5aa5	0xde5a	0xdc0b	0x7e08	0xe892	0x5d01	a55a5a	exact							
1043	0x77b59d07836d	258	0xadf2c	0x26e8e5	0x26e8e9	+0x4	tail	0xae32f	243	0xaab6a	0xbde	0x8dc	0x927e	0x1e8	0x35d	0x22f	de0bdc08	exact							
1044	0x77b59d07836d	243	0xaab6a	0x26e8e9	0x26e8ed	+0x4	tail	0xaaf3c	347	0xc088d	0x927e	0x1e8	0x35d	0x22f	0xf5fa	0xe8ae	7e92e801	exact							
1045	0x77b59d07836d	347	0xc088d	0x26e8ed	0x26e8f1	+0x4	tail	0xc0d7b	307	0xb8064	0x35d	0x22f	0xf5fa	0xe8ae	0x564e	0x14d8	5d032f02	exact							
1046	0x77b59d07836d	307	0xb8064	0x26e8f1	0x26e8f4	+0x3	tail	0xb837a	168	0x9aa83	0xf5fa	0xe8ae	0x564e	0x14d8	0xe8aa	0x6801	faf5ae	exact							
1047	0x77b59d07836d	168	0x9aa83	0x26e8f4	0x26e8f8	+0x4	tail	0x9af16	287	0xb45d2	0x4ee8	0xd856	0xaa14	0x1e8	0xa68	0x6783	e84e56d8	exact							
1048	0x77b59d07836d	287	0xb45d2	0x26e8f8	0x26e8fc	+0x4	tail	0xb497e	215	0xa4609	0xaa14	0x1e8	0xa68	0x6783	0x23f3	0x4501	14aae801	exact							
1049	0x77b59d07836d	215	0xa4609	0x26e8fc	0x26e8ff	+0x3	tail	0xa4a5e	333	0xbd8af	0xa68	0x6783	0x23f3	0x4501	0x1273	0xf2c0	680a83	exact							
1050	0x77b59d07836d	333	0xbd8af	0x26e8ff	0x26e903	+0x4	tail	0xbdd16	114	0x90319	0xf367	0x123	0x7345	0xc012	0xfbf2	0x1e8	67f32301	exact							
1051	0x77b59d07836d	114	0x90319	0x26e903	0x26e907	+0x4	tail	0x90893	26	0x7dbbb	0x7345	0xc012	0xfbf2	0x1e8	0xd373	0x147	457312c0	exact							
1052	0x77b59d07836d	26	0x7dbbb	0x26e907	0x26e90b	+0x4	tail	0x7dfbd	333	0xbd8af	0xfbf2	0x1e8	0xd373	0x147	0xb855	0xffda	f2fbe801	exact							
1053	0x77b59d07836d	333	0xbd8af	0x26e90b	0x26e90f	+0x4	tail	0xbdd16	114	0x90319	0xd373	0x147	0xb855	0xffda	0x15db	0xe83a	73d34701	exact							
1054	0x77b59d07836d	114	0x90319	0x26e90f	0x26e913	+0x4	tail	0x90893	185	0x9d964	0xb855	0xffda	0x15db	0xe83a	0x5a01	0x89b7	55b8daff	exact							
1055	0x77b59d07836d	185	0x9d964	0x26e913	0x26e916	+0x3	tail	0x9dcab	33	0x7f7c4	0x15db	0xe83a	0x5a01	0x89b7	0xf226	0x1c96	db153a	exact							
1056	0x77b59d07836d	33	0x7f7c4	0x26e916	0x26e91a	+0x4	tail	0x7fba1	297	0xb64d7	0x1e8	0xb75a	0x2689	0x96f2	0xd1c	0xc295	e8015ab7	exact							
1057	0x77b59d07836d	297	0xb64d7	0x26e91a	0x26e91d	+0x3	tail	0xb68ff	196	0x9fbcd	0x2689	0x96f2	0xd1c	0xc295	0x347b	0xd69b	8926f2	exact							
1058	0x77b59d07836d	196	0x9fbcd	0x26e91d	0x26e921	+0x4	tail	0xa0068	189	0x9e7af	0x1c96	0x950d	0x7bc2	0x9b34	0x40d6	0x1e8	961c0d95	exact							
1059	0x77b59d07836d	189	0x9e7af	0x26e921	0x26e925	+0x4	tail	0x9eac9	346	0xc0535	0x7bc2	0x9b34	0x40d6	0x1e8	0x390	0xd688	c27b349b	exact							
1060	0x77b59d07836d	346	0xc0535	0x26e925	0x26e929	+0x4	tail	0xc088b	215	0xa4609	0x40d6	0x1e8	0x390	0xd688	0x2764	0xfaa	d640e801	exact							
1061	0x77b59d07836d	215	0xa4609	0x26e929	0x26e92c	+0x3	tail	0xa4a5e	114	0x90319	0x390	0xd688	0x2764	0xfaa	0x1599	0xe877	900388	exact							
1062	0x77b59d07836d	114	0x90319	0x26e92c	0x26e930	+0x4	tail	0x90893	203	0xa1484	0x64d6	0xaa27	0x990f	0x7715	0x1e8	0xcc84	d66427aa	exact							
1063	0x77b59d07836d	203	0xa1484	0x26e930	0x26e934	+0x4	tail	0xa1936	33	0x7f7c4	0x990f	0x7715	0x1e8	0xcc84	0x9dbe	0x37ae	0f991577	exact							
1064	0x77b59d07836d	33	0x7f7c4	0x26e934	0x26e938	+0x4	tail	0x7fba1	307	0xb8064	0x1e8	0xcc84	0x9dbe	0x37ae	0x13b9	0x9b00	e80184cc	exact							
1065	0x77b59d07836d	307	0xb8064	0x26e938	0x26e93b	+0x3	tail	0xb837a	157	0x98a9a	0x9dbe	0x37ae	0x13b9	0x9b00	0xd783	0xf002	be9dae	exact							
1066	0x77b59d07836d	157	0x98a9a	0x26e93b	0x26e93f	+0x4	tail	0x99026	347	0xc088d	0xb937	0x13	0x839b	0x2d7	0xc1f0	0x1e8	37b91300	exact							
1067	0x77b59d07836d	347	0xc088d	0x26e93f	0x26e943	+0x4	tail	0xc0d7b	287	0xb45d2	0x839b	0x2d7	0xc1f0	0x1e8	0x24a4	0x5d00	9b83d702	exact							
1068	0x77b59d07836d	287	0xb45d2	0x26e943	0x26e947	+0x4	tail	0xb497e	43	0x8173d	0xc1f0	0x1e8	0x24a4	0x5d00	0x932b	0x173a	f0c1e801	exact							
1069	0x77b59d07836d	43	0x8173d	0x26e947	0x26e94b	+0x4	tail	0x81b7c	185	0x9d964	0x24a4	0x5d00	0x932b	0x173a	0x3474	0x2e2	a424005d	exact							
1070	0x77b59d07836d	185	0x9d964	0x26e94b	0x26e94e	+0x3	tail	0x9dcab	189	0x9e7af	0x932b	0x173a	0x3474	0x2e2	0xe874	0xc101	2b933a	exact							
1071	0x77b59d07836d	189	0x9e7af	0x26e94e	0x26e952	+0x4	tail	0x9eac9	26	0x7dbbb	0x7417	0xe234	0x7402	0x1e8	0x5fc1	0xbc0c	177434e2	exact							
1072	0x77b59d07836d	26	0x7dbbb	0x26e952	0x26e956	+0x4	tail	0x7dfbd	196	0x9fbcd	0x7402	0x1e8	0x5fc1	0xbc0c	0x80fe	0xab2c	0274e801	exact							
1073	0x77b59d07836d	196	0x9fbcd	0x26e956	0x26e95a	+0x4	tail	0xa0068	189	0x9e7af	0x5fc1	0xbc0c	0x80fe	0xab2c	0x767b	0xe83a	c15f0cbc	exact							
1074	0x77b59d07836d	189	0x9e7af	0x26e95a	0x26e95e	+0x4	tail	0x9eac9	185	0x9d964	0x80fe	0xab2c	0x767b	0xe83a	0x9101	0xd8f0	fe802cab	exact							
1075	0x77b59d07836d	185	0x9d964	0x26e95e	0x26e961	+0x3	tail	0x9dcab	315	0xb9451	0x767b	0xe83a	0x9101	0xd8f0	0xe10a	0x85b1	7b763a	exact							
1076	0x77b59d07836d	315	0xb9451	0x26e961	0x26e965	+0x4	tail	0xb9878	28	0x7e390	0x1e8	0xf091	0xad8	0xb1e1	0x1585	0xd302	e80191f0	exact							
1077	0x77b59d07836d	28	0x7e390	0x26e965	0x26e968	+0x3	tail	0x7e7ca	347	0xc088d	0xad8	0xb1e1	0x1585	0xd302	0xc1b0	0x5b2	d80ae1	exact							
1078	0x77b59d07836d	347	0xc088d	0x26e968	0x26e96c	+0x4	tail	0xc0d7b	268	0xb0007	0x85b1	0x215	0xb0d3	0xb2c1	0xe405	0x1e8	b1851502	exact							
1079	0x77b59d07836d	268	0xb0007	0x26e96c	0x26e970	+0x4	tail	0xb0458	243	0xaab6a	0xb0d3	0xb2c1	0xe405	0x1e8	0xbe5a	0x3ab	d3b0c1b2	exact							
1080	0x77b59d07836d	243	0xaab6a	0x26e970	0x26e974	+0x4	tail	0xaaf3c	172	0x9b68a	0xe405	0x1e8	0xbe5a	0x3ab	0x45fe	0xd3ad	05e4e801	exact							
1081	0x77b59d07836d	172	0x9b68a	0x26e974	0x26e978	+0x4	tail	0x9ba72	307	0xb8064	0xbe5a	0x3ab	0x45fe	0xd3ad	0xc466	0xb42a	5abeab03	exact							
1082	0x77b59d07836d	307	0xb8064	0x26e978	0x26e97b	+0x3	tail	0xb837a	114	0x90319	0x45fe	0xd3ad	0xc466	0xb42a	0xe8b8	0x1c01	fe45ad	exact							
1083	0x77b59d07836d	114	0x90319	0x26e97b	0x26e97f	+0x4	tail	0x90893	305	0xb78b0	0x66d3	0x2ac4	0xb8b4	0x1e8	0xb91c	0x7641	d366c42a	exact							
1084	0x77b59d07836d	305	0xb78b0	0x26e97f	0x26e983	+0x4	tail	0xb7bb8	258	0xadf2c	0xb8b4	0x1e8	0xb91c	0x7641	0x535f	0x383a	b4b8e801	exact							
1085	0x77b59d07836d	258	0xadf2c	0x26e983	0x26e987	+0x4	tail	0xae32f	66	0x855ff	0xb91c	0x7641	0x535f	0x383a	0x2e1f	0xc023	1cb94176	exact							
1086	0x77b59d07836d	66	0x855ff	0x26e987	0x26e98a	+0x3	tail	0x859f9	268	0xb0007	0x535f	0x383a	0x2e1f	0xc023	0xe86f	0x5301	5f533a	exact							
1087	0x77b59d07836d	268	0xb0007	0x26e98a	0x26e98e	+0x4	tail	0xb0458	26	0x7dbbb	0x1f38	0x232e	0x6fc0	0x1e8	0xb553	0xdab	381f2e23	exact							
1088	0x77b59d07836d	26	0x7dbbb	0x26e98e	0x26e992	+0x4	tail	0x7dfbd	307	0xb8064	0x6fc0	0x1e8	0xb553	0xdab	0x61a0	0x4fff	c06fe801	exact							
1089	0x77b59d07836d	307	0xb8064	0x26e992	0x26e995	+0x3	tail	0xb837a	64	0x85059	0xb553	0xdab	0x61a0	0x4fff	0xfb11	0xe86c	53b5ab	exact							
1090	0x77b59d07836d	64	0x85059	0x26e995	0x26e999	+0x4	tail	0x8536e	43	0x8173d	0xa00d	0xff61	0x114f	0x6cfb	0x1e8	0xf651	0da061ff	exact							
1091	0x77b59d07836d	43	0x8173d	0x26e999	0x26e99d	+0x4	tail	0x81b7c	315	0xb9451	0x114f	0x6cfb	0x1e8	0xf651	0x7279	0xfcfc	4f11fb6c	exact							
1092	0x77b59d07836d	315	0xb9451	0x26e99d	0x26e9a1	+0x4	tail	0xb9878	196	0x9fbcd	0x1e8	0xf651	0x7279	0xfcfc	0x200	0xa47c	e80151f6	exact							
1093	0x77b59d07836d	196	0x9fbcd	0x26e9a1	0x26e9a5	+0x4	tail	0xa0068	215	0xa4609	0x7279	0xfcfc	0x200	0xa47c	0x9744	0xe83c	7972fcfc	exact							
1094	0x77b59d07836d	215	0xa4609	0x26e9a5	0x26e9a8	+0x3	tail	0xa4a5e	64	0x85059	0x200	0xa47c	0x9744	0xe83c	0xdc01	0xe8b7	00027c	exact							
1095	0x77b59d07836d	64	0x85059	0x26e9a8	0x26e9ac	+0x4	tail	0x8536e	33	0x7f7c4	0x44a4	0x3c97	0x1e8	0xb7dc	0x1e8	0x13d	a444973c	exact							
1096	0x77b59d07836d	33	0x7f7c4	0x26e9ac	0x26e9b0	+0x4	tail	0x7fba1	167	0x9a8d2	0x1e8	0xb7dc	0x1e8	0x13d	0x2dc5	0x1e8	e801dcb7	exact							
1097	0x77b59d07836d	167	0x9a8d2	0x26e9b0	0x26e9b6	+0x6	tail	0x9aa81	351	0xc1d48	0x1e8	0x13d	0x2dc5	0x1e8	0x3ab0	0x1010	e8013d01c52d	exact							
1098	0x77b59d07836d	351	0xc1d48	0x26e9b6	0x26e9bb	+0x5	tail	0xc1ec2	121	0x91379	0x1e8	0x3ab0	0x1010	0xbfd1	0x43d0	0xe889	e801b03a10	exact							
1099	0x77b59d07836d	121	0x91379	0x26e9bb	0x26e9bf	+0x4	tail	0x9170b	91	0x8b6de	0xd110	0xd0bf	0x8943	0x1e8	0x34aa	0x2c34	10d1bfd0	exact							
1100	0x77b59d07836d	91	0x8b6de	0x26e9bf	0x26e9c3	+0x4	tail	0x8b8c9	18	0x7be9b	0x8943	0x1e8	0x34aa	0x2c34	0xcef4	0x6ee0	4389e801	exact							
1101	0x77b59d07836d	18	0x7be9b	0x26e9c3	0x26e9c6	+0x3	tail	0x7c308	337	0xbec0e	0x34aa	0x2c34	0xcef4	0x6ee0	0x5c88	0x1d6	aa3434	exact							
1102	0x77b59d07836d	337	0xbec0e	0x26e9c6	0x26e9ca	+0x4	tail	0xbf126	196	0x9fbcd	0xf42c	0xe0ce	0x886e	0xd65c	0xc301	0x3d00	2cf4cee0	exact							
1103	0x77b59d07836d	196	0x9fbcd	0x26e9ca	0x26e9ce	+0x4	tail	0xa0068	3	0x78c77	0x886e	0xd65c	0xc301	0x3d00	0x8f01	0x9001	6e885cd6	exact							
1104	0x77b59d07836d	3	0x78c77	0x26e9ce	0x26e9d3	+0x5	tail	0x792f5	173	0x9ba74	0xc301	0x3d00	0x8f01	0x9001	0xcf03	0x55a6	01c3003d01	exact							
1105	0x77b59d07836d	173	0x9ba74	0x26e9d3	0x26e9d5	+0x2	tail	0x9bd8c	28	0x7e390	0x18f	0x390	0xa6cf	0x4755	0x5614	0xc4b9	8f01	exact							
1106	0x77b59d07836d	28	0x7e390	0x26e9d5	0x26e9d8	+0x3	tail	0x7e7ca	114	0x90319	0x390	0xa6cf	0x4755	0x5614	0xc4b9	0x26b	9003cf	exact							
1107	0x77b59d07836d	114	0x90319	0x26e9d8	0x26e9dc	+0x4	tail	0x90893	253	0xacfb1	0x55a6	0x1447	0xb956	0x6bc4	0x402	0xba8d	a6554714	exact							
1108	0x77b59d07836d	253	0xacfb1	0x26e9dc	0x26e9e2	+0x6	tail	0xad329	43	0x8173d	0xb956	0x6bc4	0x402	0xba8d	0xc351	0x7b11	56b9c46b0204	exact							
1109	0x77b59d07836d	43	0x8173d	0x26e9e2	0x26e9e6	+0x4	tail	0x81b7c	192	0x9f00a	0xba8d	0xc351	0x7b11	0x13d	0x1f00	0x9890	8dba51c3	exact							
1110	0x77b59d07836d	192	0x9f00a	0x26e9e6	0x26e9eb	+0x5	tail	0x9f779	144	0x95887	0x7b11	0x13d	0x1f00	0x9890	0x6405	0x7e3a	117b3d0100	exact							
1111	0x77b59d07836d	144	0x95887	0x26e9eb	0x26e9ed	+0x2	tail	0x95b59	28	0x7e390	0x901f	0x598	0x3a64	0xf37e	0xf300	0x2da1	1f90	exact							
1112	0x77b59d07836d	28	0x7e390	0x26e9ed	0x26e9f0	+0x3	tail	0x7e7ca	179	0x9ca8d	0x598	0x3a64	0xf37e	0xf300	0x2da1	0xbb	980564	exact							
1113	0x77b59d07836d	179	0x9ca8d	0x26e9f0	0x26e9f5	+0x5	tail	0x9cf2f	172	0x9b68a	0x7e3a	0xf3	0xa1f3	0xbb2d	0x4300	0x267c	3a7ef300f3	exact							
1114	0x77b59d07836d	172	0x9b68a	0x26e9f5	0x26e9f9	+0x4	tail	0x9ba72	337	0xbec0e	0x2da1	0xbb	0x7c43	0xb626	0xb493	0x3d00	a12dbb00	exact							
1115	0x77b59d07836d	337	0xbec0e	0x26e9f9	0x26e9fd	+0x4	tail	0xbf126	83	0x8947b	0x7c43	0xb626	0xb493	0x3d00	0x8001	0x962c	437c26b6	exact							
1116	0x77b59d07836d	83	0x8947b	0x26e9fd	0x26ea02	+0x5	tail	0x89839	160	0x994cf	0xb493	0x3d00	0x8001	0x962c	0xea10	0x854a	93b4003d01	exact							
1117	0x77b59d07836d	160	0x994cf	0x26ea02	0x26ea04	+0x2	tail	0x99757	254	0xad32c	0x2c80	0x1096	0x4aea	0x8685	0x3540	0xfcbd	802c	exact							
1118	0x77b59d07836d	254	0xad32c	0x26ea04	0x26ea08	+0x4	tail	0xad766	297	0xb64d7	0x1096	0x4aea	0x8685	0x3540	0xfcbd	0xf9b9	9610ea4a	exact							
1119	0x77b59d07836d	297	0xb64d7	0x26ea08	0x26ea0b	+0x3	tail	0xb68ff	64	0x85059	0x8685	0x3540	0xfcbd	0xf9b9	0x2b36	0x990a	858640	exact							
1120	0x77b59d07836d	64	0x85059	0x26ea0b	0x26ea0f	+0x4	tail	0x8536e	172	0x9b68a	0xbd35	0xb9fc	0x36f9	0xa2b	0x499	0x3d00	35bdfcb9	exact							
1121	0x77b59d07836d	172	0x9b68a	0x26ea0f	0x26ea13	+0x4	tail	0x9ba72	3	0x78c77	0x36f9	0xa2b	0x499	0x3d00	0xff01	0x5a9b	f9362b0a	exact							
1122	0x77b59d07836d	3	0x78c77	0x26ea13	0x26ea18	+0x5	tail	0x792f5	144	0x95887	0x499	0x3d00	0xff01	0x5a9b	0xabaf	0x3703	9904003d01	exact							
1123	0x77b59d07836d	144	0x95887	0x26ea18	0x26ea1a	+0x2	tail	0x95b59	172	0x9b68a	0x9bff	0xaf5a	0x3ab	0x7d37	0x70b4	0xd80a	ff9b	exact							
1124	0x77b59d07836d	172	0x9b68a	0x26ea1a	0x26ea1e	+0x4	tail	0x9ba72	307	0xb8064	0xaf5a	0x3ab	0x7d37	0x70b4	0xd80a	0x6d7e	5aafab03	exact							
1125	0x77b59d07836d	307	0xb8064	0x26ea1e	0x26ea21	+0x3	tail	0xb837a	345	0xc02e4	0x7d37	0x70b4	0xd80a	0x6d7e	0xe4ac	0x681f	377db4	exact							
1126	0x77b59d07836d	345	0xc02e4	0x26ea21	0x26ea27	+0x6	tail	0xc0532	340	0xbf435	0xa70	0x7ed8	0xac6d	0x1fe4	0x68	0x3100	700ad87e6dac	exact							
1127	0x77b59d07836d	340	0xbf435	0x26ea27	0x26ea2b	+0x4	tail	0xbf886	237	0xa8e1f	0x1fe4	0x68	0x3100	0x3d6b	0x8501	0x1c6b	e41f6800	exact							
1128	0x77b59d07836d	237	0xa8e1f	0x26ea2b	0x26ea30	+0x5	tail	0xa94a3	198	0xa037e	0x3100	0x3d6b	0x8501	0x1c6b	0x141	0xc611	00316b3d01	exact							
1129	0x77b59d07836d	198	0xa037e	0x26ea30	0x26ea32	+0x2	tail	0xa062e	239	0xa991e	0x6b85	0x411c	0x1101	0xa9c6	0xad4e	0xd283	856b	exact							
1130	0x77b59d07836d	239	0xa991e	0x26ea32	0x26ea38	+0x6	tail	0xa9cf4	291	0xb4edd	0x411c	0x1101	0xa9c6	0xad4e	0xd283	0x88	1c410111c6a9	exact							
1131	0x77b59d07836d	291	0xb4edd	0x26ea38	0x26ea3c	+0x4	tail	0xb540d	28	0x7e390	0xad4e	0xd283	0x88	0xae15	0x50f0	0x9dd0	4ead83d2	exact							
1132	0x77b59d07836d	28	0x7e390	0x26ea3c	0x26ea3f	+0x3	tail	0x7e7ca	17	0x7bae9	0x88	0xae15	0x50f0	0x9dd0	0x3d00	0x6301	880015	exact							
1133	0x77b59d07836d	17	0x7bae9	0x26ea3f	0x26ea44	+0x5	tail	0x7be98	220	0xa522e	0xf0ae	0xd050	0x9d	0x13d	0x3163	0xe7ee	aef050d09d	exact							
1134	0x77b59d07836d	220	0xa522e	0x26ea44	0x26ea49	+0x5	tail	0xa5886	352	0xc1ec4	0x3d00	0x6301	0xee31	0xbe7	0x4627	0xe9ec	003d016331	exact							
1135	0x77b59d07836d	352	0xc1ec4	0x26ea49	0x26ea4b	+0x2	tail	0xc21c0	199	0xa0631	0xe7ee	0x270b	0xec46	0x3ce9	0xe83c	0xa01	eee7	exact							
1136	0x77b59d07836d	199	0xa0631	0x26ea4b	0x26ea4e	+0x3	tail	0xa0a9c	273	0xb11ca	0x270b	0xec46	0x3ce9	0xe83c	0xa01	0xeb80	0b2746	exact							
1137	0x77b59d07836d	273	0xb11ca	0x26ea4e	0x26ea52	+0x4	tail	0xb1545	183	0x9d495	0xe9ec	0x3c3c	0x1e8	0x800a	0x5eeb	0xd996	ece93c3c	exact							
1138	0x77b59d07836d	183	0x9d495	0x26ea52	0x26ea56	+0x4	tail	0x9d692	168	0x9aa83	0x1e8	0x800a	0x5eeb	0xd996	0x15d4	0x68	e8010a80	exact							
1139	0x77b59d07836d	168	0x9aa83	0x26ea56	0x26ea5a	+0x4	tail	0x9af16	340	0xbf435	0x5eeb	0xd996	0x15d4	0x68	0x3d00	0x7d01	eb5e96d9	exact							
1140	0x77b59d07836d	340	0xbf435	0x26ea5a	0x26ea5e	+0x4	tail	0xbf886	269	0xb045b	0x15d4	0x68	0x3d00	0x7d01	0x92b5	0x91dc	d4156800	exact							
1141	0x77b59d07836d	269	0xb045b	0x26ea5e	0x26ea63	+0x5	tail	0xb092e	352	0xc1ec4	0x3d00	0x7d01	0x92b5	0x91dc	0xb12d	0x483e	003d017db5	exact							
1142	0x77b59d07836d	352	0xc1ec4	0x26ea63	0x26ea65	+0x2	tail	0xc21c0	307	0xb8064	0xdc92	0x2d91	0x3eb1	0x8148	0x9610	0xffa5	92dc	exact							
1143	0x77b59d07836d	307	0xb8064	0x26ea65	0x26ea68	+0x3	tail	0xb837a	239	0xa991e	0x2d91	0x3eb1	0x8148	0x9610	0xffa5	0x68c7	912db1	exact							
1144	0x77b59d07836d	239	0xa991e	0x26ea68	0x26ea6e	+0x6	tail	0xa9cf4	157	0x98a9a	0x483e	0x1081	0xa596	0xc7ff	0x68	0x6fd2	3e48811096a5	exact							
1145	0x77b59d07836d	157	0x98a9a	0x26ea6e	0x26ea72	+0x4	tail	0x99026	114	0x90319	0xc7ff	0x68	0x6fd2	0x2bd3	0xe0d5	0x3d00	ffc76800	exact							
1146	0x77b59d07836d	114	0x90319	0x26ea72	0x26ea76	+0x4	tail	0x90893	37	0x80685	0x6fd2	0x2bd3	0xe0d5	0x3d00	0xb801	0x3ad4	d26fd32b	exact							
1147	0x77b59d07836d	37	0x80685	0x26ea76	0x26ea7b	+0x5	tail	0x80d77	352	0xc1ec4	0xe0d5	0x3d00	0xb801	0x3ad4	0xc17b	0x1e79	d5e0003d01	exact							
1148	0x77b59d07836d	352	0xc1ec4	0x26ea7b	0x26ea7d	+0x2	tail	0xc21c0	128	0x9299b	0xd4b8	0x7b3a	0x79c1	0x2b1e	0xa68f	0xf3b8	b8d4	exact							
1149	0x77b59d07836d	128	0x9299b	0x26ea7d	0x26ea82	+0x5	tail	0x92f1f	199	0xa0631	0x7b3a	0x79c1	0x2b1e	0xa68f	0xf3b8	0x7031	3a7bc1791e	exact							
1150	0x77b59d07836d	199	0xa0631	0x26ea82	0x26ea85	+0x3	tail	0xa0a9c	258	0xadf2c	0x8f2b	0xb8a6	0x31f3	0xa770	0xf377	0xca01	2b8fa6	exact							
1151	0x77b59d07836d	258	0xadf2c	0x26ea85	0x26ea89	+0x4	tail	0xae32f	43	0x8173d	0xf3b8	0x7031	0x77a7	0x1f3	0x84ca	0x13d	b8f33170	exact							
1152	0x77b59d07836d	43	0x8173d	0x26ea89	0x26ea8d	+0x4	tail	0x81b7c	79	0x885b0	0x77a7	0x1f3	0x84ca	0x13d	0xd300	0x8d88	a777f301	exact							
1153	0x77b59d07836d	79	0x885b0	0x26ea8d	0x26ea92	+0x5	tail	0x88a55	173	0x9ba74	0x84ca	0x13d	0xd300	0x8d88	0xe86e	0x64f2	ca843d0100	exact							
1154	0x77b59d07836d	173	0x9ba74	0x26ea92	0x26ea94	+0x2	tail	0x9bd8c	297	0xb64d7	0x88d3	0x6e8d	0xf2e8	0x2564	0xa6f9	0x4763	d388	exact							
1155	0x77b59d07836d	297	0xb64d7	0x26ea94	0x26ea97	+0x3	tail	0xb68ff	196	0x9fbcd	0x6e8d	0xf2e8	0x2564	0xa6f9	0x4763	0xd0ef	8d6ee8	exact							
1156	0x77b59d07836d	196	0x9fbcd	0x26ea97	0x26ea9b	+0x4	tail	0xa0068	64	0x85059	0x64f2	0xf925	0x63a6	0xef47	0xb0d0	0xf517	f26425f9	exact							
1157	0x77b59d07836d	64	0x85059	0x26ea9b	0x26ea9f	+0x4	tail	0x8536e	124	0x91e81	0x63a6	0xef47	0xb0d0	0xf517	0xc793	0x795a	a66347ef	exact							
1158	0x77b59d07836d	124	0x91e81	0x26ea9f	0x26eaa5	+0x6	tail	0x922c1	192	0x9f00a	0xb0d0	0xf517	0xc793	0x795a	0x13d	0x802f	d0b017f593c7	exact							
1159	0x77b59d07836d	192	0x9f00a	0x26eaa5	0x26eaaa	+0x5	tail	0x9f779	352	0xc1ec4	0x795a	0x13d	0x802f	0x36eb	0x1cda	0xd067	5a793d012f	exact							
1160	0x77b59d07836d	352	0xc1ec4	0x26eaaa	0x26eaac	+0x2	tail	0xc21c0	345	0xc02e4	0xeb80	0xda36	0x671c	0x17d0	0xde49	0x9024	80eb	exact							
1161	0x77b59d07836d	345	0xc02e4	0x26eaac	0x26eab2	+0x6	tail	0xc0532	196	0x9fbcd	0xda36	0x671c	0x17d0	0xde49	0x9024	0xeef6	36da1c67d017	exact							
1162	0x77b59d07836d	196	0x9fbcd	0x26eab2	0x26eab6	+0x4	tail	0xa0068	64	0x85059	0xde49	0x9024	0xeef6	0x45be	0xcd15	0x91a9	49de2490	exact							
1163	0x77b59d07836d	64	0x85059	0x26eab6	0x26eaba	+0x4	tail	0x8536e	307	0xb8064	0xeef6	0x45be	0xcd15	0x91a9	0xc2	0x13d	f6eebe45	exact							
1164	0x77b59d07836d	307	0xb8064	0x26eaba	0x26eabd	+0x3	tail	0xb837a	3	0x78c77	0xcd15	0x91a9	0xc2	0x13d	0x9077	0x540	15cda9	exact							
1165	0x77b59d07836d	3	0x78c77	0x26eabd	0x26eac2	+0x5	tail	0x792f5	144	0x95887	0xc291	0x3d00	0x7701	0x4090	0x7905	0x6174	91c2003d01	exact							
1166	0x77b59d07836d	144	0x95887	0x26eac2	0x26eac4	+0x2	tail	0x95b59	28	0x7e390	0x9077	0x540	0x7479	0x9261	0x80d8	0x1	7790	exact							
1167	0x77b59d07836d	28	0x7e390	0x26eac4	0x26eac7	+0x3	tail	0x7e7ca	168	0x9aa83	0x540	0x7479	0x9261	0x80d8	0x1	0xac40	400579	exact							
1168	0x77b59d07836d	168	0x9aa83	0x26eac7	0x26eacb	+0x4	tail	0x9af16	345	0xc02e4	0x6174	0xd892	0x180	0x4000	0x55ac	0x3e1	746192d8	exact							
1169	0x77b59d07836d	345	0xc02e4	0x26eacb	0x26ead1	+0x6	tail	0xc0532	64	0x85059	0x180	0x4000	0x55ac	0x3e1	0x651d	0x209e	80010040ac55	exact							
1170	0x77b59d07836d	64	0x85059	0x26ead1	0x26ead5	+0x4	tail	0x8536e	79	0x885b0	0x3e1	0x651d	0x209e	0x13d	0x4900	0x369f	e1031d65	exact							
1171	0x77b59d07836d	79	0x885b0	0x26ead5	0x26eada	+0x5	tail	0x88a55	256	0xad849	0x209e	0x13d	0x4900	0x369f	0x8e03	0x30b0	9e203d0100	exact							
1172	0x77b59d07836d	256	0xad849	0x26eada	0x26eadc	+0x2	tail	0xadbfa	260	0xae90b	0x9f49	0x336	0xb08e	0x8a30	0x9ea	0x842e	499f	exact							
1173	0x77b59d07836d	260	0xae90b	0x26eadc	0x26eae0	+0x4	tail	0xaeda0	337	0xbec0e	0x336	0xb08e	0x8a30	0x9ea	0x842e	0x683e	36038eb0	exact							
1174	0x77b59d07836d	337	0xbec0e	0x26eae0	0x26eae4	+0x4	tail	0xbf126	268	0xb0007	0x8a30	0x9ea	0x842e	0x683e	0xce5a	0xbd	308aea09	exact							
1175	0x77b59d07836d	268	0xb0007	0x26eae4	0x26eae8	+0x4	tail	0xb0458	199	0xa0631	0x842e	0x683e	0xce5a	0xbd	0x13d	0xc3ff	2e843e68	exact							
1176	0x77b59d07836d	199	0xa0631	0x26eae8	0x26eaeb	+0x3	tail	0xa0a9c	269	0xb045b	0xce5a	0xbd	0x13d	0xc3ff	0xb07f	0xaa0	5acebd	exact							
1177	0x77b59d07836d	269	0xb045b	0x26eaeb	0x26eaf0	+0x5	tail	0xb092e	257	0xadbfd	0x3d00	0xff01	0x7fc3	0xa0b0	0xfc0a	0x6d74	003d01ffc3	exact							
1178	0x77b59d07836d	257	0xadbfd	0x26eaf0	0x26eaf2	+0x2	tail	0xadf29	28	0x7e390	0xb07f	0xaa0	0x74fc	0xb36d	0x9d00	0xe877	7fb0	exact							
1179	0x77b59d07836d	28	0x7e390	0x26eaf2	0x26eaf5	+0x3	tail	0x7e7ca	340	0xbf435	0xaa0	0x74fc	0xb36d	0x9d00	0xe877	0x8401	a00afc	exact							
1180	0x77b59d07836d	340	0xbf435	0x26eaf5	0x26eaf9	+0x4	tail	0xbf886	161	0x9975a	0x6d74	0xb3	0x779d	0x1e8	0x5784	0x1e97	746db300	exact							
1181	0x77b59d07836d	161	0x9975a	0x26eaf9	0x26eafd	+0x4	tail	0x99b3a	297	0xb64d7	0x779d	0x1e8	0x5784	0x1e97	0xca2c	0xe88a	9d77e801	exact							
1182	0x77b59d07836d	297	0xb64d7	0x26eafd	0x26eb00	+0x3	tail	0xb68ff	347	0xc088d	0x5784	0x1e97	0xca2c	0xe88a	0x1d01	0xe820	845797	exact							
1183	0x77b59d07836d	347	0xc088d	0x26eb00	0x26eb04	+0x4	tail	0xc0d7b	158	0x99029	0x2c1e	0x8aca	0x1e8	0x201d	0x1e8	0x13d	1e2cca8a	exact							
1184	0x77b59d07836d	158	0x99029	0x26eb04	0x26eb08	+0x4	tail	0x992ca	40	0x8115d	0x1e8	0x201d	0x1e8	0x13d	0x93a7	0x57f3	e8011d20	exact							
1185	0x77b59d07836d	40	0x8115d	0x26eb08	0x26eb0e	+0x6	tail	0x8129b	189	0x9e7af	0x1e8	0x13d	0x93a7	0x57f3	0xe564	0x508	e8013d01a793	exact							
1186	0x77b59d07836d	189	0x9e7af	0x26eb0e	0x26eb12	+0x4	tail	0x9eac9	28	0x7e390	0x57f3	0xe564	0x508	0x7e70	0xe871	0x5f01	f35764e5	exact							
1187	0x77b59d07836d	28	0x7e390	0x26eb12	0x26eb15	+0x3	tail	0x7e7ca	161	0x9975a	0x508	0x7e70	0xe871	0x5f01	0xe055	0x139a	080570	exact							
1188	0x77b59d07836d	161	0x9975a	0x26eb15	0x26eb19	+0x4	tail	0x99b3a	114	0x90319	0x717e	0x1e8	0x555f	0x9ae0	0x6913	0xc2f6	7e71e801	exact							
1189	0x77b59d07836d	114	0x90319	0x26eb19	0x26eb1d	+0x4	tail	0x90893	199	0xa0631	0x555f	0x9ae0	0x6913	0xc2f6	0xe84a	0x3a01	5f55e09a	exact							
1190	0x77b59d07836d	199	0xa0631	0x26eb1d	0x26eb20	+0x3	tail	0xa0a9c	123	0x91a59	0x6913	0xc2f6	0xe84a	0x3a01	0xc7b	0xbad1	1369f6	exact							
1191	0x77b59d07836d	123	0x91a59	0x26eb20	0x26eb24	+0x4	tail	0x91e7f	189	0x9e7af	0x4ac2	0x1e8	0x7b3a	0xd10c	0x35ba	0xe8af	c24ae801	exact							
1192	0x77b59d07836d	189	0x9e7af	0x26eb24	0x26eb28	+0x4	tail	0x9eac9	307	0xb8064	0x7b3a	0xd10c	0x35ba	0xe8af	0xfa01	0x9840	3a7b0cd1	exact							
1193	0x77b59d07836d	307	0xb8064	0x26eb28	0x26eb2b	+0x3	tail	0xb837a	176	0x9c10b	0x35ba	0xe8af	0xfa01	0x9840	0x9178	0x1757	ba35af	exact							
1194	0x77b59d07836d	176	0x9c10b	0x26eb2b	0x26eb2f	+0x4	tail	0x9c3f4	337	0xbec0e	0x1e8	0x40fa	0x7898	0x5791	0xae17	0xe21a	e801fa40	exact							
1195	0x77b59d07836d	337	0xbec0e	0x26eb2f	0x26eb33	+0x4	tail	0xbf126	199	0xa0631	0x7898	0x5791	0xae17	0xe21a	0xe83b	0x4a01	98789157	exact							
1196	0x77b59d07836d	199	0xa0631	0x26eb33	0x26eb36	+0x3	tail	0xa0a9c	184	0x9d694	0xae17	0xe21a	0xe83b	0x4a01	0xabb5	0xa68f	17ae1a	exact							
1197	0x77b59d07836d	184	0x9d694	0x26eb36	0x26eb3a	+0x4	tail	0x9d961	307	0xb8064	0x3be2	0x1e8	0xb54a	0x8fab	0xf7a6	0xb300	e23be801	exact							
1198	0x77b59d07836d	307	0xb8064	0x26eb3a	0x26eb3d	+0x3	tail	0xb837a	64	0x85059	0xb54a	0x8fab	0xf7a6	0xb300	0xe834	0x8f01	4ab5ab	exact							
1199	0x77b59d07836d	64	0x85059	0x26eb3d	0x26eb41	+0x4	tail	0x8536e	174	0x9bd8f	0xa68f	0xf7	0x34b3	0x1e8	0x7e8f	0x607a	8fa6f700	exact							
1200	0x77b59d07836d	174	0x9bd8f	0x26eb41	0x26eb45	+0x4	tail	0x9c08c	199	0xa0631	0x34b3	0x1e8	0x7e8f	0x607a	0x828b	0xe802	b334e801	exact							
1201	0x77b59d07836d	199	0xa0631	0x26eb45	0x26eb48	+0x3	tail	0xa0a9c	347	0xc088d	0x7e8f	0x607a	0x828b	0xe802	0xf01	0x9d45	8f7e7a	exact							
1202	0x77b59d07836d	347	0xc088d	0x26eb48	0x26eb4c	+0x4	tail	0xc0d7b	176	0x9c10b	0x8b60	0x282	0x1e8	0x450f	0x839d	0x982a	608b8202	exact							
1203	0x77b59d07836d	176	0x9c10b	0x26eb4c	0x26eb50	+0x4	tail	0x9c3f4	18	0x7be9b	0x1e8	0x450f	0x839d	0x982a	0xf56	0xfd9f	e8010f45	exact							
1204	0x77b59d07836d	18	0x7be9b	0x26eb50	0x26eb53	+0x3	tail	0x7c308	114	0x90319	0x839d	0x982a	0xf56	0xfd9f	0xe877	0xa401	9d832a	exact							
1205	0x77b59d07836d	114	0x90319	0x26eb53	0x26eb57	+0x4	tail	0x90893	161	0x9975a	0x5698	0x9f0f	0x77fd	0x1e8	0xa9a4	0xa061	98560f9f	exact							
1206	0x77b59d07836d	161	0x9975a	0x26eb57	0x26eb5b	+0x4	tail	0x99b3a	337	0xbec0e	0x77fd	0x1e8	0xa9a4	0xa061	0x835d	0x306c	fd77e801	exact							
1207	0x77b59d07836d	337	0xbec0e	0x26eb5b	0x26eb5f	+0x4	tail	0xbf126	66	0x855ff	0xa9a4	0xa061	0x835d	0x306c	0xe82c	0xb001	a4a961a0	exact							
1208	0x77b59d07836d	66	0x855ff	0x26eb5f	0x26eb62	+0x3	tail	0x859f9	123	0x91a59	0x835d	0x306c	0xe82c	0xb001	0x4493	0x899	5d836c	exact							
1209	0x77b59d07836d	123	0x91a59	0x26eb62	0x26eb66	+0x4	tail	0x91e7f	337	0xbec0e	0x2c30	0x1e8	0x93b0	0x9944	0x508	0x281	302ce801	exact							
1210	0x77b59d07836d	337	0xbec0e	0x26eb66	0x26eb6a	+0x4	tail	0xbf126	28	0x7e390	0x93b0	0x9944	0x508	0x281	0xe84e	0x201	b0934499	exact							
1211	0x77b59d07836d	28	0x7e390	0x26eb6a	0x26eb6d	+0x3	tail	0x7e7ca	161	0x9975a	0x508	0x281	0xe84e	0x201	0xa40b	0x3deb	080581	exact							
1212	0x77b59d07836d	161	0x9975a	0x26eb6d	0x26eb71	+0x4	tail	0x99b3a	18	0x7be9b	0x4e02	0x1e8	0xb02	0xeba4	0x4b3d	0xe889	024ee801	exact							
1213	0x77b59d07836d	18	0x7be9b	0x26eb71	0x26eb74	+0x3	tail	0x7c308	347	0xc088d	0xb02	0xeba4	0x4b3d	0xe889	0x7a01	0xff39	020ba4	exact							
1214	0x77b59d07836d	347	0xc088d	0x26eb74	0x26eb78	+0x4	tail	0xc0d7b	158	0x99029	0x3deb	0x894b	0x1e8	0x397a	0x45ff	0x29ad	eb3d4b89	exact							
1215	0x77b59d07836d	158	0x99029	0x26eb78	0x26eb7c	+0x4	tail	0x992ca	307	0xb8064	0x1e8	0x397a	0x45ff	0x29ad	0x5615	0x135a	e8017a39	exact							
1216	0x77b59d07836d	307	0xb8064	0x26eb7c	0x26eb7f	+0x3	tail	0xb837a	114	0x90319	0x45ff	0x29ad	0x5615	0x135a	0xe8bd	0xba01	ff45ad	exact							
1217	0x77b59d07836d	114	0x90319	0x26eb7f	0x26eb83	+0x4	tail	0x90893	174	0x9bd8f	0x1529	0x5a56	0xbd13	0x1e8	0x3dba	0xffb4	2915565a	exact							
1218	0x77b59d07836d	174	0x9bd8f	0x26eb83	0x26eb87	+0x4	tail	0x9c08c	307	0xb8064	0xbd13	0x1e8	0x3dba	0xffb4	0x2875	0xe8ff	13bde801	exact							
1219	0x77b59d07836d	307	0xb8064	0x26eb87	0x26eb8a	+0x3	tail	0xb837a	337	0xbec0e	0x3dba	0xffb4	0x2875	0xe8ff	0xdd01	0x89f9	ba3db4	exact							
1220	0x77b59d07836d	337	0xbec0e	0x26eb8a	0x26eb8e	+0x4	tail	0xbf126	158	0x99029	0x75ff	0xff28	0x1e8	0xf9dd	0xad89	0x869c	ff7528ff	exact							
1221	0x77b59d07836d	158	0x99029	0x26eb8e	0x26eb92	+0x4	tail	0x992ca	66	0x855ff	0x1e8	0xf9dd	0xad89	0x869c	0xb899	0xf1dd	e801ddf9	exact							
1222	0x77b59d07836d	66	0x855ff	0x26eb92	0x26eb95	+0x3	tail	0x859f9	114	0x90319	0xad89	0x869c	0xb899	0xf1dd	0xe878	0x2801	89ad9c	exact							
1223	0x77b59d07836d	114	0x90319	0x26eb95	0x26eb99	+0x4	tail	0x90893	161	0x9975a	0x9986	0xddb8	0x78f1	0x1e8	0xb328	0xab	8699b8dd	exact							
1224	0x77b59d07836d	161	0x9975a	0x26eb99	0x26eb9d	+0x4	tail	0x99b3a	340	0xbf435	0x78f1	0x1e8	0xb328	0xab	0x570	0xfdc	f178e801	exact							
1225	0x77b59d07836d	340	0xbf435	0x26eb9d	0x26eba1	+0x4	tail	0xbf886	215	0xa4609	0xb328	0xab	0x570	0xfdc	0xe809	0xd801	28b3ab00	exact							
1226	0x77b59d07836d	215	0xa4609	0x26eba1	0x26eba4	+0x3	tail	0xa4a5e	174	0x9bd8f	0x570	0xfdc	0xe809	0xd801	0xfa0a	0xc95	7005dc	exact							
1227	0x77b59d07836d	174	0x9bd8f	0x26eba4	0x26eba8	+0x4	tail	0x9c08c	28	0x7e390	0x90f	0x1e8	0xad8	0x95fa	0x210c	0x34a4	0f09e801	exact							
1228	0x77b59d07836d	28	0x7e390	0x26eba8	0x26ebab	+0x3	tail	0x7e7ca	347	0xc088d	0xad8	0x95fa	0x210c	0x34a4	0xe86a	0xd601	d80afa	exact							
1229	0x77b59d07836d	347	0xc088d	0x26ebab	0x26ebaf	+0x4	tail	0xc0d7b	174	0x9bd8f	0xc95	0xa421	0x6a34	0x1e8	0xffd6	0x26	950c21a4	exact							
1230	0x77b59d07836d	174	0x9bd8f	0x26ebaf	0x26ebb3	+0x4	tail	0x9c08c	311	0xb86f8	0x6a34	0x1e8	0xffd6	0x26	0x80	0xfd00	346ae801	exact							
1231	0x77b59d07836d	311	0xb86f8	0x26ebb3	0x26ebbd	+0xa	dispatch	0xc80b9	169	0x9af18	0xffd6	0x26	0x80	0xfd00	0x1	0xab	d6ff2600800000fd0100	exact		0x88bf1241		0xceebcfb8			0x3a
1232	0x77b59d07836d	169	0x9af18	0x26ebbd	0x26ebc1	+0x4	tail	0x9b0c5	171	0x9b4b3	0xab	0x1e8	0x151	0x93e8	0x99	0xcf63	ab00e801	exact	0x88bf1241		0xceebcfb8			0x3a	
1233	0x77b59d07836d	171	0x9b4b3	0x26ebc1	0x26ebc3	+0x2	tail	0x9b687	337	0xbec0e	0x151	0x93e8	0x99	0xcf63	0x99	0xb0d0	5101	exact							
1234	0x77b59d07836d	337	0xbec0e	0x26ebc3	0x26ebc7	+0x4	tail	0xbf126	333	0xbd8af	0x93e8	0x99	0xcf63	0x99	0xb0d0	0x3622	e8939900	exact							
1235	0x77b59d07836d	333	0xbd8af	0x26ebc7	0x26ebcb	+0x4	tail	0xbdd16	18	0x7be9b	0xcf63	0x99	0xb0d0	0x3622	0xe800	0xc801	63cf9900	exact							
1236	0x77b59d07836d	18	0x7be9b	0x26ebcb	0x26ebce	+0x3	tail	0x7c308	26	0x7dbbb	0xb0d0	0x3622	0xe800	0xc801	0x3e22	0x9494	d0b022	exact							
1237	0x77b59d07836d	26	0x7dbbb	0x26ebce	0x26ebd2	+0x4	tail	0x7dfbd	18	0x7be9b	0x36	0x1e8	0x22c8	0x943e	0xf394	0xfff2	3600e801	exact							
1238	0x77b59d07836d	18	0x7be9b	0x26ebd2	0x26ebd5	+0x3	tail	0x7c308	337	0xbec0e	0x22c8	0x943e	0xf394	0xfff2	0x8790	0x7e96	c8223e	exact							
1239	0x77b59d07836d	337	0xbec0e	0x26ebd5	0x26ebd9	+0x4	tail	0xbf126	203	0xa1484	0x9494	0xf2f3	0x90ff	0x9687	0x2d7e	0x1e8	9494f3f2	exact							
1240	0x77b59d07836d	203	0xa1484	0x26ebd9	0x26ebdd	+0x4	tail	0xa1936	287	0xb45d2	0x90ff	0x9687	0x2d7e	0x1e8	0xb11e	0xa240	ff908796	exact							
1241	0x77b59d07836d	287	0xb45d2	0x26ebdd	0x26ebe1	+0x4	tail	0xb497e	189	0x9e7af	0x2d7e	0x1e8	0xb11e	0xa240	0x560	0x9a0c	7e2de801	exact							
1242	0x77b59d07836d	189	0x9e7af	0x26ebe1	0x26ebe5	+0x4	tail	0x9eac9	28	0x7e390	0xb11e	0xa240	0x560	0x9a0c	0xab2e	0x6d0d	1eb140a2	exact							
1243	0x77b59d07836d	28	0x7e390	0x26ebe5	0x26ebe8	+0x3	tail	0x7e7ca	172	0x9b68a	0x560	0x9a0c	0xab2e	0x6d0d	0xe818	0xaf01	60050c	exact							
1244	0x77b59d07836d	172	0x9b68a	0x26ebe8	0x26ebec	+0x4	tail	0x9ba72	243	0xaab6a	0x2e9a	0xdab	0x186d	0x1e8	0x91af	0x6f60	9a2eab0d	exact							
1245	0x77b59d07836d	243	0xaab6a	0x26ebec	0x26ebf0	+0x4	tail	0xaaf3c	337	0xbec0e	0x186d	0x1e8	0x91af	0x6f60	0x443	0x68be	6d18e801	exact							
1246	0x77b59d07836d	337	0xbec0e	0x26ebf0	0x26ebf4	+0x4	tail	0xbf126	268	0xb0007	0x91af	0x6f60	0x443	0x68be	0x9d8	0xe85f	af91606f	exact							
1247	0x77b59d07836d	268	0xb0007	0x26ebf4	0x26ebf8	+0x4	tail	0xb0458	215	0xa4609	0x443	0x68be	0x9d8	0xe85f	0x1101	0xf2f8	4304be68	exact							
1248	0x77b59d07836d	215	0xa4609	0x26ebf8	0x26ebfb	+0x3	tail	0xa4a5e	315	0xb9451	0x9d8	0xe85f	0x1101	0xf2f8	0x1281	0x896b	d8095f	exact							
1249	0x77b59d07836d	315	0xb9451	0x26ebfb	0x26ebff	+0x4	tail	0xb9878	268	0xb0007	0x1e8	0xf811	0x81f2	0x6b12	0xbd89	0xef83	e80111f8	exact							
1250	0x77b59d07836d	268	0xb0007	0x26ebff	0x26ec03	+0x4	tail	0xb0458	297	0xb64d7	0x81f2	0x6b12	0xbd89	0xef83	0x6787	0x6901	f281126b	exact							
1251	0x77b59d07836d	297	0xb64d7	0x26ec03	0x26ec06	+0x3	tail	0xb68ff	347	0xc088d	0xbd89	0xef83	0x6787	0x6901	0xe8c3	0x2501	89bd83	exact							
1252	0x77b59d07836d	347	0xc088d	0x26ec06	0x26ec0a	+0x4	tail	0xc0d7b	346	0xc0535	0x87ef	0x167	0xc369	0x1e8	0x7b25	0xc632	ef876701	exact							
1253	0x77b59d07836d	346	0xc0535	0x26ec0a	0x26ec0e	+0x4	tail	0xc088b	258	0xadf2c	0xc369	0x1e8	0x7b25	0xc632	0x671a	0xd452	69c3e801	exact							
1254	0x77b59d07836d	258	0xadf2c	0x26ec0e	0x26ec12	+0x4	tail	0xae32f	168	0x9aa83	0x7b25	0xc632	0x671a	0xd452	0xeae3	0xeab6	257b32c6	exact							
1255	0x77b59d07836d	168	0x9aa83	0x26ec12	0x26ec16	+0x4	tail	0x9af16	199	0xa0631	0x671a	0xd452	0xeae3	0xeab6	0xe84f	0x401	1a6752d4	exact							
1256	0x77b59d07836d	199	0xa0631	0x26ec16	0x26ec19	+0x3	tail	0xa0a9c	287	0xb45d2	0xeae3	0xeab6	0xe84f	0x401	0x68b9	0x91ce	e3eab6	exact							
1257	0x77b59d07836d	287	0xb45d2	0x26ec19	0x26ec1d	+0x4	tail	0xb497e	43	0x8173d	0x4fea	0x1e8	0xb904	0xce68	0x7091	0x2a0e	ea4fe801	exact							
1258	0x77b59d07836d	43	0x8173d	0x26ec1d	0x26ec21	+0x4	tail	0x81b7c	114	0x90319	0xb904	0xce68	0x7091	0x2a0e	0xd0	0x76c6	04b968ce	exact							
1259	0x77b59d07836d	114	0x90319	0x26ec21	0x26ec25	+0x4	tail	0x90893	28	0x7e390	0x7091	0x2a0e	0xd0	0x76c6	0xe823	0xf801	91700e2a	exact							
1260	0x77b59d07836d	28	0x7e390	0x26ec25	0x26ec28	+0x3	tail	0x7e7ca	26	0x7dbbb	0xd0	0x76c6	0xe823	0xf801	0xbe13	0x8012	d000c6	exact							
1261	0x77b59d07836d	26	0x7dbbb	0x26ec28	0x26ec2c	+0x4	tail	0x7dfbd	18	0x7be9b	0x2376	0x1e8	0x13f8	0x12be	0x4c80	0xbf00	7623e801	exact							
1262	0x77b59d07836d	18	0x7be9b	0x26ec2c	0x26ec2f	+0x3	tail	0x7c308	347	0xc088d	0x13f8	0x12be	0x4c80	0xbf00	0x38fa	0x5100	f813be	exact							
1263	0x77b59d07836d	347	0xc088d	0x26ec2f	0x26ec33	+0x4	tail	0xc0d7b	333	0xbd8af	0x8012	0x4c	0xfabf	0x38	0xef51	0x1e8	12804c00	exact							
1264	0x77b59d07836d	333	0xbd8af	0x26ec33	0x26ec37	+0x4	tail	0xbdd16	346	0xc0535	0xfabf	0x38	0xef51	0x1e8	0xe0cf	0x13	bffa3800	exact							
1265	0x77b59d07836d	346	0xc0535	0x26ec37	0x26ec3b	+0x4	tail	0xc088b	333	0xbd8af	0xef51	0x1e8	0xe0cf	0x13	0x5e8	0x5c84	51efe801	exact							
1266	0x77b59d07836d	333	0xbd8af	0x26ec3b	0x26ec3f	+0x4	tail	0xbdd16	28	0x7e390	0xe0cf	0x13	0x5e8	0x5c84	0xe86f	0xf49a	cfe01300	exact							
1267	0x77b59d07836d	28	0x7e390	0x26ec3f	0x26ec42	+0x3	tail	0x7e7ca	189	0x9e7af	0x5e8	0x5c84	0xe86f	0xf49a	0xe8bb	0x6c01	e80584	exact							
1268	0x77b59d07836d	189	0x9e7af	0x26ec42	0x26ec46	+0x4	tail	0x9eac9	305	0xb78b0	0x6f5c	0x9ae8	0xbbf4	0x1e8	0x196c	0x19d	5c6fe89a	exact							
1269	0x77b59d07836d	305	0xb78b0	0x26ec46	0x26ec4a	+0x4	tail	0xb7bb8	340	0xbf435	0xbbf4	0x1e8	0x196c	0x19d	0x560	0x8f6e	f4bbe801	exact							
1270	0x77b59d07836d	340	0xbf435	0x26ec4a	0x26ec4e	+0x4	tail	0xbf886	28	0x7e390	0x196c	0x19d	0x560	0x8f6e	0xab7a	0x7d0d	6c199d01	exact							
1271	0x77b59d07836d	28	0x7e390	0x26ec4e	0x26ec51	+0x3	tail	0x7e7ca	172	0x9b68a	0x560	0x8f6e	0xab7a	0x7d0d	0xe891	0x7a01	60056e	exact							
1272	0x77b59d07836d	172	0x9b68a	0x26ec51	0x26ec55	+0x4	tail	0x9ba72	243	0xaab6a	0x7a8f	0xdab	0x917d	0x1e8	0x9d7a	0x47af	8f7aab0d	exact							
1273	0x77b59d07836d	243	0xaab6a	0x26ec55	0x26ec59	+0x4	tail	0xaaf3c	307	0xb8064	0x917d	0x1e8	0x9d7a	0x47af	0xe401	0x78e1	7d91e801	exact							
1274	0x77b59d07836d	307	0xb8064	0x26ec59	0x26ec5c	+0x3	tail	0xb837a	189	0x9e7af	0x9d7a	0x47af	0xe401	0x78e1	0x36c8	0x7063	7a9daf	exact							
1275	0x77b59d07836d	189	0x9e7af	0x26ec5c	0x26ec60	+0x4	tail	0x9eac9	268	0xb0007	0x147	0xe1e4	0xc878	0x6336	0xe470	0x1e8	4701e4e1	exact							
1276	0x77b59d07836d	268	0xb0007	0x26ec60	0x26ec64	+0x4	tail	0xb0458	26	0x7dbbb	0xc878	0x6336	0xe470	0x1e8	0x2f2c	0x356e	78c83663	exact							
1277	0x77b59d07836d	26	0x7dbbb	0x26ec64	0x26ec68	+0x4	tail	0x7dfbd	66	0x855ff	0xe470	0x1e8	0x2f2c	0x356e	0x654a	0xd76b	70e4e801	exact							
1278	0x77b59d07836d	66	0x855ff	0x26ec68	0x26ec6b	+0x3	tail	0x859f9	258	0xadf2c	0x2f2c	0x356e	0x654a	0xd76b	0x9121	0x2000	2c2f6e	exact							
1279	0x77b59d07836d	258	0xadf2c	0x26ec6b	0x26ec6f	+0x4	tail	0xae32f	157	0x98a9a	0x4a35	0x6b65	0x21d7	0x91	0x8b20	0x1e8	354a656b	exact							
1280	0x77b59d07836d	157	0x98a9a	0x26ec6f	0x26ec73	+0x4	tail	0x99026	305	0xb78b0	0x21d7	0x91	0x8b20	0x1e8	0x7c9	0xe914	d7219100	exact							
1281	0x77b59d07836d	305	0xb78b0	0x26ec73	0x26ec77	+0x4	tail	0xb7bb8	189	0x9e7af	0x8b20	0x1e8	0x7c9	0xe914	0x2358	0x5dba	208be801	exact							
1282	0x77b59d07836d	189	0x9e7af	0x26ec77	0x26ec7b	+0x4	tail	0x9eac9	18	0x7be9b	0x7c9	0xe914	0x2358	0x5dba	0x395d	0xf20	c90714e9	exact							
1283	0x77b59d07836d	18	0x7be9b	0x26ec7b	0x26ec7e	+0x3	tail	0x7c308	43	0x8173d	0x2358	0x5dba	0x395d	0xf20	0xe8e9	0xc901	5823ba	exact							
1284	0x77b59d07836d	43	0x8173d	0x26ec7e	0x26ec82	+0x4	tail	0x81b7c	305	0xb78b0	0x5d5d	0x2039	0xe90f	0x1e8	0x2ec9	0x24eb	5d5d3920	exact							
1285	0x77b59d07836d	305	0xb78b0	0x26ec82	0x26ec86	+0x4	tail	0xb7bb8	297	0xb64d7	0xe90f	0x1e8	0x2ec9	0x24eb	0x90e2	0xce9c	0fe9e801	exact							
1286	0x77b59d07836d	297	0xb64d7	0x26ec86	0x26ec89	+0x3	tail	0xb68ff	43	0x8173d	0x2ec9	0x24eb	0x90e2	0xce9c	0x6289	0x2001	c92eeb	exact							
1287	0x77b59d07836d	43	0x8173d	0x26ec89	0x26ec8d	+0x4	tail	0x81b7c	347	0xc088d	0xe224	0x9c90	0x89ce	0x162	0x5420	0x1e8	24e2909c	exact							
1288	0x77b59d07836d	347	0xc088d	0x26ec8d	0x26ec91	+0x4	tail	0xc0d7b	26	0x7dbbb	0x89ce	0x162	0x5420	0x1e8	0x64b8	0x63b6	ce896201	exact							
1289	0x77b59d07836d	26	0x7dbbb	0x26ec91	0x26ec95	+0x4	tail	0x7dfbd	268	0xb0007	0x5420	0x1e8	0x64b8	0x63b6	0x289d	0x161a	2054e801	exact							
1290	0x77b59d07836d	268	0xb0007	0x26ec95	0x26ec99	+0x4	tail	0xb0458	18	0x7be9b	0x64b8	0x63b6	0x289d	0x161a	0xcd2	0x4a9	b864b663	exact							
1291	0x77b59d07836d	18	0x7be9b	0x26ec99	0x26ec9c	+0x3	tail	0x7c308	258	0xadf2c	0x289d	0x161a	0xcd2	0x4a9	0xe898	0x1901	9d281a	exact							
1292	0x77b59d07836d	258	0xadf2c	0x26ec9c	0x26eca0	+0x4	tail	0xae32f	287	0xb45d2	0xd216	0xa90c	0x9804	0x1e8	0xa519	0xe504	16d20ca9	exact							
1293	0x77b59d07836d	287	0xb45d2	0x26eca0	0x26eca4	+0x4	tail	0xb497e	297	0xb64d7	0x9804	0x1e8	0xa519	0xe504	0x9ce	0x16b5	0498e801	exact							
1294	0x77b59d07836d	297	0xb64d7	0x26eca4	0x26eca7	+0x3	tail	0xb68ff	43	0x8173d	0xa519	0xe504	0x9ce	0x16b5	0xa8c4	0x36eb	19a504	exact							
1295	0x77b59d07836d	43	0x8173d	0x26eca7	0x26ecab	+0x4	tail	0x81b7c	258	0xadf2c	0xcee5	0xb509	0xc416	0xeba8	0x9236	0x1e8	e5ce09b5	exact							
1296	0x77b59d07836d	258	0xadf2c	0x26ecab	0x26ecaf	+0x4	tail	0xae32f	243	0xaab6a	0xc416	0xeba8	0x9236	0x1e8	0xd395	0x13d	16c4a8eb	exact							
1297	0x77b59d07836d	243	0xaab6a	0x26ecaf	0x26ecb3	+0x4	tail	0xaaf3c	338	0xbf128	0x9236	0x1e8	0xd395	0x13d	0x1e8	0x1e8	3692e801	exact							
1298	0x77b59d07836d	338	0xbf128	0x26ecb3	0x26ecb9	+0x6	tail	0xbf2d3	351	0xc1d48	0xd395	0x13d	0x1e8	0x1e8	0x3807	0x810	95d33d01e801	exact							
1299	0x77b59d07836d	351	0xc1d48	0x26ecb9	0x26ecbe	+0x5	tail	0xc1ec2	337	0xbec0e	0x1e8	0x3807	0x810	0xcfb7	0xca00	0x1adc	e801073810	exact							
1300	0x77b59d07836d	337	0xbec0e	0x26ecbe	0x26ecc2	+0x4	tail	0xbf126	154	0x97ce6	0xb708	0xcf	0xdcca	0x271a	0xfe8b	0x1e8	08b7cf00	exact							
1301	0x77b59d07836d	154	0x97ce6	0x26ecc2	0x26ecc6	+0x4	tail	0x980a9	91	0x8b6de	0xdcca	0x271a	0xfe8b	0x1e8	0x8b0f	0xfee3	cadc1a27	exact							
1302	0x77b59d07836d	91	0x8b6de	0x26ecc6	0x26ecca	+0x4	tail	0x8b8c9	43	0x8173d	0xfe8b	0x1e8	0x8b0f	0xfee3	0xa8f5	0xd8	8bfee801	exact							
1303	0x77b59d07836d	43	0x8173d	0x26ecca	0x26ecce	+0x4	tail	0x81b7c	66	0x855ff	0x8b0f	0xfee3	0xa8f5	0xd8	0x13d	0x39bf	0f8be3fe	exact							
1304	0x77b59d07836d	66	0x855ff	0x26ecce	0x26ecd1	+0x3	tail	0x859f9	220	0xa522e	0xa8f5	0xd8	0x13d	0x39bf	0x28f0	0x5556	f5a8d8	exact							
1305	0x77b59d07836d	220	0xa522e	0x26ecd1	0x26ecd6	+0x5	tail	0xa5886	160	0x994cf	0x3d00	0xbf01	0xf039	0x5628	0xc955	0x3adb	003d01bf39	exact							
1306	0x77b59d07836d	160	0x994cf	0x26ecd6	0x26ecd8	+0x2	tail	0x99757	140	0x94e5a	0x28f0	0x5556	0xdbc9	0x163a	0x1506	0x8600	f028	exact							
1307	0x77b59d07836d	140	0x94e5a	0x26ecd8	0x26ecde	+0x6	tail	0x951c0	297	0xb64d7	0x5556	0xdbc9	0x163a	0x1506	0x8600	0x42c8	5655c9db3a16	exact							
1308	0x77b59d07836d	297	0xb64d7	0x26ecde	0x26ece1	+0x3	tail	0xb68ff	43	0x8173d	0x1506	0x8600	0x42c8	0xf8b1	0x8456	0xe2	061500	exact							
1309	0x77b59d07836d	43	0x8173d	0x26ece1	0x26ece5	+0x4	tail	0x81b7c	189	0x9e7af	0xc886	0xb142	0x56f8	0xe284	0x3d00	0xde01	86c842b1	exact							
1310	0x77b59d07836d	189	0x9e7af	0x26ece5	0x26ece9	+0x4	tail	0x9eac9	320	0xbada5	0x56f8	0xe284	0x3d00	0xde01	0x76a8	0x9b8d	f85684e2	exact							
1311	0x77b59d07836d	320	0xbada5	0x26ece9	0x26ecee	+0x5	tail	0xbb1db	173	0x9ba74	0x3d00	0xde01	0x76a8	0x9b8d	0x3aaf	0x4d2e	003d01dea8	exact							
1312	0x77b59d07836d	173	0x9ba74	0x26ecee	0x26ecf0	+0x2	tail	0x9bd8c	185	0x9d964	0x8d76	0xaf9b	0x2e3a	0xcd4d	0x53a8	0xb26d	768d	exact							
1313	0x77b59d07836d	185	0x9d964	0x26ecf0	0x26ecf3	+0x3	tail	0x9dcab	196	0x9fbcd	0xaf9b	0x2e3a	0xcd4d	0x53a8	0xb26d	0x3a97	9baf3a	exact							
1314	0x77b59d07836d	196	0x9fbcd	0x26ecf3	0x26ecf7	+0x4	tail	0xa0068	337	0xbec0e	0x4d2e	0xa8cd	0x6d53	0x97b2	0xf63a	0xadba	2e4dcda8	exact							
1315	0x77b59d07836d	337	0xbec0e	0x26ecf7	0x26ecfb	+0x4	tail	0xbf126	179	0x9ca8d	0x6d53	0x97b2	0xf63a	0xadba	0x3e55	0x3da4	536db297	exact							
1316	0x77b59d07836d	179	0x9ca8d	0x26ecfb	0x26ed00	+0x5	tail	0x9cf2f	79	0x885b0	0xf63a	0xadba	0x3e55	0x3da4	0x1	0x2be9	3af6baad55	exact							
1317	0x77b59d07836d	79	0x885b0	0x26ed00	0x26ed05	+0x5	tail	0x88a55	160	0x994cf	0xa43e	0x13d	0xe900	0x872b	0x6bf0	0x538b	3ea43d0100	exact							
1318	0x77b59d07836d	160	0x994cf	0x26ed05	0x26ed07	+0x2	tail	0x99757	43	0x8173d	0x2be9	0xf087	0x8b6b	0x3953	0x7631	0xb8de	e92b	exact							
1319	0x77b59d07836d	43	0x8173d	0x26ed07	0x26ed0b	+0x4	tail	0x81b7c	258	0xadf2c	0xf087	0x8b6b	0x3953	0x7631	0xb8de	0xbb86	87f06b8b	exact							
1320	0x77b59d07836d	258	0xadf2c	0x26ed0b	0x26ed0f	+0x4	tail	0xae32f	253	0xacfb1	0x3953	0x7631	0xb8de	0xbb86	0xb34a	0x768	53393176	exact							
1321	0x77b59d07836d	253	0xacfb1	0x26ed0f	0x26ed15	+0x6	tail	0xad329	28	0x7e390	0xb8de	0xbb86	0xb34a	0x768	0x330b	0xceda	deb886bb4ab3	exact							
1322	0x77b59d07836d	28	0x7e390	0x26ed15	0x26ed18	+0x3	tail	0x7e7ca	237	0xa8e1f	0x768	0x330b	0xceda	0x13d	0xab51	0x64f0	68070b	exact							
1323	0x77b59d07836d	237	0xa8e1f	0x26ed18	0x26ed1d	+0x5	tail	0xa94a3	108	0x8f24b	0xda33	0x3dce	0x5101	0xf0ab	0xd364	0xb400	33dace3d01	exact							
1324	0x77b59d07836d	108	0x8f24b	0x26ed1d	0x26ed1f	+0x2	tail	0x8f6cf	340	0xbf435	0xab51	0x64f0	0xd3	0x3cb4	0x462	0x7d91	51ab	exact							
1325	0x77b59d07836d	340	0xbf435	0x26ed1f	0x26ed23	+0x4	tail	0xbf886	268	0xb0007	0x64f0	0xd3	0x3cb4	0x462	0x7d91	0xc8b4	f064d300	exact							
1326	0x77b59d07836d	268	0xb0007	0x26ed23	0x26ed27	+0x4	tail	0xb0458	307	0xb8064	0x3cb4	0x462	0x7d91	0xc8b4	0x90ff	0x7d7e	b43c6204	exact							
1327	0x77b59d07836d	307	0xb8064	0x26ed27	0x26ed2a	+0x3	tail	0xb837a	345	0xc02e4	0x7d91	0xc8b4	0x90ff	0x7d7e	0x19af	0x22	917db4	exact							
1328	0x77b59d07836d	345	0xc02e4	0x26ed2a	0x26ed30	+0x6	tail	0xc0532	3	0x78c77	0xffc8	0x7e90	0xaf7d	0x2219	0x3d00	0x7701	c8ff907e7daf	exact							
1329	0x77b59d07836d	3	0x78c77	0x26ed30	0x26ed35	+0x5	tail	0x792f5	144	0x95887	0x2219	0x3d00	0x7701	0x589b	0xc41a	0xf2ec	1922003d01	exact							
1330	0x77b59d07836d	144	0x95887	0x26ed35	0x26ed37	+0x2	tail	0x95b59	189	0x9e7af	0x9b77	0x1a58	0xecc4	0xa3f2	0xc5d3	0x45c1	779b	exact							
1331	0x77b59d07836d	189	0x9e7af	0x26ed37	0x26ed3b	+0x4	tail	0x9eac9	140	0x94e5a	0x1a58	0xecc4	0xa3f2	0xc5d3	0x45c1	0x560	581ac4ec	exact							
1332	0x77b59d07836d	140	0x94e5a	0x26ed3b	0x26ed41	+0x6	tail	0x951c0	215	0xa4609	0xa3f2	0xc5d3	0x45c1	0x560	0x5352	0x2b59	f2a3d3c5c145	exact							
1333	0x77b59d07836d	215	0xa4609	0x26ed41	0x26ed44	+0x3	tail	0xa4a5e	172	0x9b68a	0x560	0x5352	0x2b59	0x990a	0x24	0x13d	600552	exact							
1334	0x77b59d07836d	172	0x9b68a	0x26ed44	0x26ed48	+0x4	tail	0x9ba72	3	0x78c77	0x5953	0xa2b	0x2499	0x3d00	0xf001	0x402c	53592b0a	exact							
1335	0x77b59d07836d	3	0x78c77	0x26ed48	0x26ed4d	+0x5	tail	0x792f5	160	0x994cf	0x2499	0x3d00	0xf001	0x402c	0x5a28	0x9e68	9924003d01	exact							
1336	0x77b59d07836d	160	0x994cf	0x26ed4d	0x26ed4f	+0x2	tail	0x99757	268	0xb0007	0x2cf0	0x2840	0x685a	0xca9e	0x82a1	0x6ce0	f02c	exact							
1337	0x77b59d07836d	268	0xb0007	0x26ed4f	0x26ed53	+0x4	tail	0xb0458	199	0xa0631	0x2840	0x685a	0xca9e	0x82a1	0x6ce0	0xf02	40285a68	exact							
1338	0x77b59d07836d	199	0xa0631	0x26ed53	0x26ed56	+0x3	tail	0xa0a9c	121	0x91379	0xca9e	0x82a1	0x6ce0	0xf02	0x4ff8	0x2c	9ecaa1	exact							
1339	0x77b59d07836d	121	0x91379	0x26ed56	0x26ed5a	+0x4	tail	0x9170b	64	0x85059	0xe082	0x26c	0xf80f	0x2c4f	0x3d00	0x5301	82e06c02	exact							
1340	0x77b59d07836d	64	0x85059	0x26ed5a	0x26ed5e	+0x4	tail	0x8536e	301	0xb708d	0xf80f	0x2c4f	0x3d00	0x5301	0x9fa4	0x6d1f	0ff84f2c	exact							
1341	0x77b59d07836d	301	0xb708d	0x26ed5e	0x26ed63	+0x5	tail	0xb7583	256	0xad849	0x3d00	0x5301	0x9fa4	0x6d1f	0xa86a	0xc92b	003d0153a4	exact							
1342	0x77b59d07836d	256	0xad849	0x26ed63	0x26ed65	+0x2	tail	0xadbfa	258	0xadf2c	0x1f9f	0x6a6d	0x2ba8	0x8dc9	0x804f	0xe829	9f1f	exact							
1343	0x77b59d07836d	258	0xadf2c	0x26ed65	0x26ed69	+0x4	tail	0xae32f	297	0xb64d7	0x6a6d	0x2ba8	0x8dc9	0x804f	0xe829	0xd701	6d6aa82b	exact							
1344	0x77b59d07836d	297	0xb64d7	0x26ed69	0x26ed6c	+0x3	tail	0xb68ff	123	0x91a59	0x8dc9	0x804f	0xe829	0xd701	0x412c	0xa007	c98d4f	exact							
1345	0x77b59d07836d	123	0x91a59	0x26ed6c	0x26ed70	+0x4	tail	0x91e7f	258	0xadf2c	0x2980	0x1e8	0x2cd7	0x741	0xa0	0xe8e8	8029e801	exact							
1346	0x77b59d07836d	258	0xadf2c	0x26ed70	0x26ed74	+0x4	tail	0xae32f	215	0xa4609	0x2cd7	0x741	0xa0	0xe8e8	0x4701	0xe832	d72c4107	exact							
1347	0x77b59d07836d	215	0xa4609	0x26ed74	0x26ed77	+0x3	tail	0xa4a5e	20	0x7c62b	0xa0	0xe8e8	0x4701	0xe832	0x3d01	0xa001	a000e8	exact							
1348	0x77b59d07836d	20	0x7c62b	0x26ed77	0x26ed7b	+0x4	tail	0x7ca96	40	0x8115d	0x1e8	0x3247	0x1e8	0x13d	0xba0	0x1334	e8014732	exact							
1349	0x77b59d07836d	40	0x8115d	0x26ed7b	0x26ed81	+0x6	tail	0x8129b	340	0xbf435	0x1e8	0x13d	0xba0	0x1334	0xb3	0x9eb0	e8013d01a00b	exact							
1350	0x77b59d07836d	340	0xbf435	0x26ed81	0x26ed85	+0x4	tail	0xbf886	185	0x9d964	0x1334	0xb3	0x9eb0	0x6a3a	0xe8b4	0x3a01	3413b300	exact							
1351	0x77b59d07836d	185	0x9d964	0x26ed85	0x26ed88	+0x3	tail	0x9dcab	184	0x9d694	0x9eb0	0x6a3a	0xe8b4	0x3a01	0x79bf	0x9a00	b09e3a	exact							
1352	0x77b59d07836d	184	0x9d694	0x26ed88	0x26ed8c	+0x4	tail	0x9d961	340	0xbf435	0xb46a	0x1e8	0xbf3a	0x79	0x8d9a	0x1044	6ab4e801	exact							
1353	0x77b59d07836d	340	0xbf435	0x26ed8c	0x26ed90	+0x4	tail	0xbf886	297	0xb64d7	0xbf3a	0x79	0x8d9a	0x1044	0xe8f1	0xd901	3abf7900	exact							
1354	0x77b59d07836d	297	0xb64d7	0x26ed90	0x26ed93	+0x3	tail	0xb68ff	184	0x9d694	0x8d9a	0x1044	0xe8f1	0xd901	0xc63f	0xc90c	9a8d44	exact							
1355	0x77b59d07836d	184	0x9d694	0x26ed93	0x26ed97	+0x4	tail	0x9d961	114	0x90319	0xf110	0x1e8	0x3fd9	0xcc6	0xcbc9	0xe86c	10f1e801	exact							
1356	0x77b59d07836d	114	0x90319	0x26ed97	0x26ed9b	+0x4	tail	0x90893	66	0x855ff	0x3fd9	0xcc6	0xcbc9	0xe86c	0xa501	0x1a50	d93fc60c	exact							
1357	0x77b59d07836d	66	0x855ff	0x26ed9b	0x26ed9e	+0x3	tail	0x859f9	176	0x9c10b	0xcbc9	0xe86c	0xa501	0x1a50	0xbd1b	0x85b	c9cb6c	exact							
1358	0x77b59d07836d	176	0x9c10b	0x26ed9e	0x26eda2	+0x4	tail	0x9c3f4	114	0x90319	0x1e8	0x50a5	0x1b1a	0x5bbd	0x508	0x6104	e801a550	exact							
1359	0x77b59d07836d	114	0x90319	0x26eda2	0x26eda6	+0x4	tail	0x90893	215	0xa4609	0x1b1a	0x5bbd	0x508	0x6104	0xe8d6	0xed01	1a1bbd5b	exact							
1360	0x77b59d07836d	215	0xa4609	0x26eda6	0x26eda9	+0x3	tail	0xa4a5e	161	0x9975a	0x508	0x6104	0xe8d6	0xed01	0xb7d9	0x934b	080504	exact							
1361	0x77b59d07836d	161	0x9975a	0x26eda9	0x26edad	+0x4	tail	0x99b3a	258	0xadf2c	0xd661	0x1e8	0xd9ed	0x4bb7	0xe993	0xd64e	61d6e801	exact							
1362	0x77b59d07836d	258	0xadf2c	0x26edad	0x26edb1	+0x4	tail	0xae32f	199	0xa0631	0xd9ed	0x4bb7	0xe993	0xd64e	0xe8d8	0x1001	edd9b74b	exact							
1363	0x77b59d07836d	199	0xa0631	0x26edb1	0x26edb4	+0x3	tail	0xa0a9c	161	0x9975a	0xe993	0xd64e	0xe8d8	0x1001	0x9f08	0x302	93e94e	exact							
1364	0x77b59d07836d	161	0x9975a	0x26edb4	0x26edb8	+0x4	tail	0x99b3a	337	0xbec0e	0xd8d6	0x1e8	0x810	0x29f	0xe803	0xd93a	d6d8e801	exact							
1365	0x77b59d07836d	337	0xbec0e	0x26edb8	0x26edbc	+0x4	tail	0xbf126	185	0x9d964	0x810	0x29f	0xe803	0xd93a	0xe8d3	0x2d01	10089f02	exact							
1366	0x77b59d07836d	185	0x9d964	0x26edbc	0x26edbf	+0x3	tail	0x9dcab	161	0x9975a	0xe803	0xd93a	0xe8d3	0x2d01	0x84f1	0xfb9c	03e83a	exact							
1367	0x77b59d07836d	161	0x9975a	0x26edbf	0x26edc3	+0x4	tail	0x99b3a	189	0x9e7af	0xd3d9	0x1e8	0xf12d	0x9c84	0xbcfb	0x321a	d9d3e801	exact							
1368	0x77b59d07836d	189	0x9e7af	0x26edc3	0x26edc7	+0x4	tail	0x9eac9	66	0x855ff	0xf12d	0x9c84	0xbcfb	0x321a	0xe8e9	0xa001	2df1849c	exact							
1369	0x77b59d07836d	66	0x855ff	0x26edc7	0x26edca	+0x3	tail	0x859f9	184	0x9d694	0xbcfb	0x321a	0xe8e9	0xa001	0x880a	0x537	fbbc1a	exact							
1370	0x77b59d07836d	184	0x9d694	0x26edca	0x26edce	+0x4	tail	0x9d961	215	0xa4609	0xe932	0x1e8	0xaa0	0x3788	0x3805	0x5e00	32e9e801	exact							
1371	0x77b59d07836d	215	0xa4609	0x26edce	0x26edd1	+0x3	tail	0xa4a5e	340	0xbf435	0xaa0	0x3788	0x3805	0x5e00	0xe8f8	0xa001	a00a88	exact							
1372	0x77b59d07836d	340	0xbf435	0x26edd1	0x26edd5	+0x4	tail	0xbf886	161	0x9975a	0x537	0x38	0xf85e	0x1e8	0xaea0	0x2155	37053800	exact							
1373	0x77b59d07836d	161	0x9975a	0x26edd5	0x26edd9	+0x4	tail	0x99b3a	337	0xbec0e	0xf85e	0x1e8	0xaea0	0x2155	0x3506	0xe8af	5ef8e801	exact							
1374	0x77b59d07836d	337	0xbec0e	0x26edd9	0x26eddd	+0x4	tail	0xbf126	307	0xb8064	0xaea0	0x2155	0x3506	0xe8af	0x201	0xa399	a0ae5521	exact							
1375	0x77b59d07836d	307	0xb8064	0x26eddd	0x26ede0	+0x3	tail	0xb837a	176	0x9c10b	0x3506	0xe8af	0x201	0xa399	0x3aa8	0xfdfc	0635af	exact							
1376	0x77b59d07836d	176	0x9c10b	0x26ede0	0x26ede4	+0x4	tail	0x9c3f4	185	0x9d964	0x1e8	0x9902	0xa8a3	0xfc3a	0x47fd	0xe801	e8010299	exact							
1377	0x77b59d07836d	185	0x9d964	0x26ede4	0x26ede7	+0x3	tail	0x9dcab	340	0xbf435	0xa8a3	0xfc3a	0x47fd	0xe801	0x6501	0x9c5a	a3a83a	exact							
1378	0x77b59d07836d	340	0xbf435	0x26ede7	0x26edeb	+0x4	tail	0xbf886	158	0x99029	0xfdfc	0x147	0x1e8	0x5a65	0x149c	0xa238	fcfd4701	exact							
1379	0x77b59d07836d	158	0x99029	0x26edeb	0x26edef	+0x4	tail	0x992ca	189	0x9e7af	0x1e8	0x5a65	0x149c	0xa238	0x580	0xe808	e801655a	exact							
1380	0x77b59d07836d	189	0x9e7af	0x26edef	0x26edf3	+0x4	tail	0x9eac9	215	0xa4609	0x149c	0xa238	0x580	0xe808	0xd501	0xe8d8	9c1438a2	exact							
1381	0x77b59d07836d	215	0xa4609	0x26edf3	0x26edf6	+0x3	tail	0xa4a5e	176	0x9c10b	0x580	0xe808	0xd501	0xe8d8	0xce05	0x521	800508	exact							
1382	0x77b59d07836d	176	0x9c10b	0x26edf6	0x26edfa	+0x4	tail	0x9c3f4	28	0x7e390	0x1e8	0xd8d5	0x5e8	0x21ce	0xd405	0x8f9f	e801d5d8	exact							
1383	0x77b59d07836d	28	0x7e390	0x26edfa	0x26edfd	+0x3	tail	0x7e7ca	189	0x9e7af	0x5e8	0x21ce	0xd405	0x8f9f	0xe8b0	0xbe01	e805ce	exact							
1384	0x77b59d07836d	189	0x9e7af	0x26edfd	0x26ee01	+0x4	tail	0x9eac9	174	0x9bd8f	0x521	0x9fd4	0xb08f	0x1e8	0x55be	0xcb4	2105d49f	exact							
1385	0x77b59d07836d	174	0x9bd8f	0x26ee01	0x26ee05	+0x4	tail	0x9c08c	307	0xb8064	0xb08f	0x1e8	0x55be	0xcb4	0x898e	0xe800	8fb0e801	exact							
1386	0x77b59d07836d	307	0xb8064	0x26ee05	0x26ee08	+0x3	tail	0xb837a	340	0xbf435	0x55be	0xcb4	0x898e	0xe800	0xad01	0xd8f9	be55b4	exact							
1387	0x77b59d07836d	340	0xbf435	0x26ee08	0x26ee0c	+0x4	tail	0xbf886	20	0x7c62b	0x8e0c	0x89	0x1e8	0xf9ad	0xad8	0xea3c	0c8e8900	exact							
1388	0x77b59d07836d	20	0x7c62b	0x26ee0c	0x26ee10	+0x4	tail	0x7ca96	215	0xa4609	0x1e8	0xf9ad	0xad8	0xea3c	0xfe3c	0xe88b	e801adf9	exact							
1389	0x77b59d07836d	215	0xa4609	0x26ee10	0x26ee13	+0x3	tail	0xa4a5e	347	0xc088d	0xad8	0xea3c	0xfe3c	0xe88b	0x8901	0xce38	d80a3c	exact							
1390	0x77b59d07836d	347	0xc088d	0x26ee13	0x26ee17	+0x4	tail	0xc0d7b	158	0x99029	0x3cea	0x8bfe	0x1e8	0x3889	0x3dce	0xe0b4	ea3cfe8b	exact							
1391	0x77b59d07836d	158	0x99029	0x26ee17	0x26ee1b	+0x4	tail	0x992ca	307	0xb8064	0x1e8	0x3889	0x3dce	0xe0b4	0x9994	0xe8d0	e8018938	exact							
1392	0x77b59d07836d	307	0xb8064	0x26ee1b	0x26ee1e	+0x3	tail	0xb837a	337	0xbec0e	0x3dce	0xe0b4	0x9994	0xe8d0	0xba01	0x283f	ce3db4	exact							
1393	0x77b59d07836d	337	0xbec0e	0x26ee1e	0x26ee22	+0x4	tail	0xbf126	176	0x9c10b	0x94e0	0xd099	0x1e8	0x3fba	0x128	0x27	e09499d0	exact							
1394	0x77b59d07836d	176	0x9c10b	0x26ee22	0x26ee26	+0x4	tail	0x9c3f4	95	0x8c41c	0x1e8	0x3fba	0x128	0x27	0x80	0xfd00	e801ba3f	exact							
1395	0x77b59d07836d	95	0x8c41c	0x26ee26	0x26ee30	+0xa	dispatch	0xc80b9	310	0xb8556	0x128	0x27	0x80	0xfd00	0x1	0x1e8	28012700800000fd0100	exact		0xc04a030		0xc04a030			0x3a
1396	0x77b59d07836d	310	0xb8556	0x26ee30	0x26ee34	+0x4	tail	0xb86f5	171	0x9b4b3	0x1e8	0xab	0x42	0x93b1	0xf13a	0x3464	e801ab00	exact	0xc04a030		0xc04a030			0x3a	
1397	0x77b59d07836d	171	0x9b4b3	0x26ee34	0x26ee36	+0x2	tail	0x9b687	66	0x855ff	0x42	0x93b1	0xf13a	0x3464	0x96fe	0x8df9	4200	exact							
1398	0x77b59d07836d	66	0x855ff	0x26ee36	0x26ee39	+0x3	tail	0x859f9	196	0x9fbcd	0x93b1	0xf13a	0x3464	0x96fe	0x8df9	0xe8c3	b1933a	exact							
1399	0x77b59d07836d	196	0x9fbcd	0x26ee39	0x26ee3d	+0x4	tail	0xa0068	258	0xadf2c	0x64f1	0xfe34	0xf996	0xc38d	0x1e8	0xc4fc	f16434fe	exact							
1400	0x77b59d07836d	258	0xadf2c	0x26ee3d	0x26ee41	+0x4	tail	0xae32f	33	0x7f7c4	0xf996	0xc38d	0x1e8	0xc4fc	0x9d91	0x3b3a	96f98dc3	exact							
1401	0x77b59d07836d	33	0x7f7c4	0x26ee41	0x26ee45	+0x4	tail	0x7fba1	66	0x855ff	0x1e8	0xc4fc	0x9d91	0x3b3a	0x9c14	0x7ae3	e801fcc4	exact							
1402	0x77b59d07836d	66	0x855ff	0x26ee45	0x26ee48	+0x3	tail	0x859f9	258	0xadf2c	0x9d91	0x3b3a	0x9c14	0x7ae3	0xabb2	0xe800	919d3a	exact							
1403	0x77b59d07836d	258	0xadf2c	0x26ee48	0x26ee4c	+0x4	tail	0xae32f	157	0x98a9a	0x143b	0xe39c	0xb27a	0xab	0x1e8	0x938	3b149ce3	exact							
1404	0x77b59d07836d	157	0x98a9a	0x26ee4c	0x26ee50	+0x4	tail	0x99026	33	0x7f7c4	0xb27a	0xab	0x1e8	0x938	0xd8b0	0xc0f2	7ab2ab00	exact							
1405	0x77b59d07836d	33	0x7f7c4	0x26ee50	0x26ee54	+0x4	tail	0x7fba1	268	0xb0007	0x1e8	0x938	0xd8b0	0xc0f2	0xb50b	0x95ab	e8013809	exact							
1406	0x77b59d07836d	268	0xb0007	0x26ee54	0x26ee58	+0x4	tail	0xb0458	307	0xb8064	0xd8b0	0xc0f2	0xb50b	0x95ab	0x391f	0xc67f	b0d8f2c0	exact							
1407	0x77b59d07836d	307	0xb8064	0x26ee58	0x26ee5b	+0x3	tail	0xb837a	64	0x85059	0xb50b	0x95ab	0x391f	0xc67f	0xe819	0xf301	0bb5ab	exact							
1408	0x77b59d07836d	64	0x85059	0x26ee5b	0x26ee5f	+0x4	tail	0x8536e	26	0x7dbbb	0x1f95	0x7f39	0x19c6	0x1e8	0x77f3	0xa63a	951f397f	exact							
1409	0x77b59d07836d	26	0x7dbbb	0x26ee5f	0x26ee63	+0x4	tail	0x7dfbd	185	0x9d964	0x19c6	0x1e8	0x77f3	0xa63a	0x1c8a	0x8f7b	c619e801	exact							
1410	0x77b59d07836d	185	0x9d964	0x26ee63	0x26ee66	+0x3	tail	0x9dcab	258	0xadf2c	0x77f3	0xa63a	0x1c8a	0x8f7b	0x1491	0x10b7	f3773a	exact							
1411	0x77b59d07836d	258	0xadf2c	0x26ee66	0x26ee6a	+0x4	tail	0xae32f	203	0xa1484	0x8aa6	0x7b1c	0x918f	0xb714	0xff10	0x1e8	a68a1c7b	exact							
1412	0x77b59d07836d	203	0xa1484	0x26ee6a	0x26ee6e	+0x4	tail	0xa1936	305	0xb78b0	0x918f	0xb714	0xff10	0x1e8	0xc3d4	0x7e91	8f9114b7	exact							
1413	0x77b59d07836d	305	0xb78b0	0x26ee6e	0x26ee72	+0x4	tail	0xb7bb8	258	0xadf2c	0xff10	0x1e8	0xc3d4	0x7e91	0x98e7	0xd9bf	10ffe801	exact							
1414	0x77b59d07836d	258	0xadf2c	0x26ee72	0x26ee76	+0x4	tail	0xae32f	203	0xa1484	0xc3d4	0x7e91	0x98e7	0xd9bf	0x8f8	0xec	d4c3917e	exact							
1415	0x77b59d07836d	203	0xa1484	0x26ee76	0x26ee7a	+0x4	tail	0xa1936	28	0x7e390	0x98e7	0xd9bf	0x8f8	0xec	0xe84c	0x5a01	e798bfd9	exact							
1416	0x77b59d07836d	28	0x7e390	0x26ee7a	0x26ee7d	+0x3	tail	0x7e7ca	287	0xb45d2	0x8f8	0xec	0xe84c	0x5a01	0x293d	0xf4d6	f808ec	exact							
1417	0x77b59d07836d	287	0xb45d2	0x26ee7d	0x26ee81	+0x4	tail	0xb497e	168	0x9aa83	0x4c00	0x1e8	0x3d5a	0xd629	0xddf4	0x96f1	004ce801	exact							
1418	0x77b59d07836d	168	0x9aa83	0x26ee81	0x26ee85	+0x4	tail	0x9af16	258	0xadf2c	0x3d5a	0xd629	0xddf4	0x96f1	0xaf8	0xe836	5a3d29d6	exact							
1419	0x77b59d07836d	258	0xadf2c	0x26ee85	0x26ee89	+0x4	tail	0xae32f	18	0x7be9b	0xddf4	0x96f1	0xaf8	0xe836	0xa901	0x73fa	f4ddf196	exact							
1420	0x77b59d07836d	18	0x7be9b	0x26ee89	0x26ee8c	+0x3	tail	0x7c308	315	0xb9451	0xaf8	0xe836	0xa901	0x73fa	0x4f03	0x3107	f80a36	exact							
1421	0x77b59d07836d	315	0xb9451	0x26ee8c	0x26ee90	+0x4	tail	0xb9878	347	0xc088d	0x1e8	0xfaa9	0x373	0x74f	0x1531	0x615d	e801a9fa	exact							
1422	0x77b59d07836d	347	0xc088d	0x26ee90	0x26ee94	+0x4	tail	0xc0d7b	43	0x8173d	0x373	0x74f	0x1531	0x615d	0xd0	0x367a	73034f07	exact							
1423	0x77b59d07836d	43	0x8173d	0x26ee94	0x26ee98	+0x4	tail	0x81b7c	18	0x7be9b	0x1531	0x615d	0xd0	0x367a	0xe8f0	0x2801	31155d61	exact							
1424	0x77b59d07836d	18	0x7be9b	0x26ee98	0x26ee9b	+0x3	tail	0x7c308	26	0x7dbbb	0xd0	0x367a	0xe8f0	0x2801	0x3e0d	0x6933	d0007a	exact							
1425	0x77b59d07836d	26	0x7dbbb	0x26ee9b	0x26ee9f	+0x4	tail	0x7dfbd	18	0x7be9b	0xf036	0x1e8	0xd28	0x333e	0x3869	0x1900	36f0e801	exact							
1426	0x77b59d07836d	18	0x7be9b	0x26ee9f	0x26eea2	+0x3	tail	0x7c308	157	0x98a9a	0xd28	0x333e	0x3869	0x1900	0xf989	0x8610	280d3e	exact							
1427	0x77b59d07836d	157	0x98a9a	0x26eea2	0x26eea6	+0x4	tail	0x99026	347	0xc088d	0x6933	0x38	0x8919	0x10f9	0x6986	0x1e8	33693800	exact							
1428	0x77b59d07836d	347	0xc088d	0x26eea6	0x26eeaa	+0x4	tail	0xc0d7b	26	0x7dbbb	0x8919	0x10f9	0x6986	0x1e8	0xc21d	0xbf69	1989f910	exact							
1429	0x77b59d07836d	26	0x7dbbb	0x26eeaa	0x26eeae	+0x4	tail	0x7dfbd	43	0x8173d	0x6986	0x1e8	0xc21d	0xbf69	0x458a	0x91ad	8669e801	exact							
1430	0x77b59d07836d	43	0x8173d	0x26eeae	0x26eeb2	+0x4	tail	0x81b7c	307	0xb8064	0xc21d	0xbf69	0x458a	0x91ad	0xf65f	0xe89b	1dc269bf	exact							
1431	0x77b59d07836d	307	0xb8064	0x26eeb2	0x26eeb5	+0x3	tail	0xb837a	114	0x90319	0x458a	0x91ad	0xf65f	0xe89b	0xee01	0x5476	8a45ad	exact							
1432	0x77b59d07836d	114	0x90319	0x26eeb5	0x26eeb9	+0x4	tail	0x90893	33	0x7f7c4	0x5f91	0x9bf6	0x1e8	0x76ee	0x1e54	0x19d	915ff69b	exact							
1433	0x77b59d07836d	33	0x7f7c4	0x26eeb9	0x26eebd	+0x4	tail	0x7fba1	340	0xbf435	0x1e8	0x76ee	0x1e54	0x19d	0x2c48	0x8f3a	e801ee76	exact							
1434	0x77b59d07836d	340	0xbf435	0x26eebd	0x26eec1	+0x4	tail	0xbf886	185	0x9d964	0x1e54	0x19d	0x2c48	0x8f3a	0x2991	0xe897	541e9d01	exact							
1435	0x77b59d07836d	185	0x9d964	0x26eec1	0x26eec4	+0x3	tail	0x9dcab	203	0xa1484	0x2c48	0x8f3a	0x2991	0xe897	0xe8fd	0x701	482c3a	exact							
1436	0x77b59d07836d	203	0xa1484	0x26eec4	0x26eec8	+0x4	tail	0xa1936	305	0xb78b0	0x918f	0x9729	0xfde8	0x1e8	0x907	0xe8dc	8f912997	exact							
1437	0x77b59d07836d	305	0xb78b0	0x26eec8	0x26eecc	+0x4	tail	0xb7bb8	189	0x9e7af	0xfde8	0x1e8	0x907	0xe8dc	0x7433	0x5f	e8fde801	exact							
1438	0x77b59d07836d	189	0x9e7af	0x26eecc	0x26eed0	+0x4	tail	0x9eac9	43	0x8173d	0x907	0xe8dc	0x7433	0x5f	0xd0	0x363a	0709dce8	exact							
1439	0x77b59d07836d	43	0x8173d	0x26eed0	0x26eed4	+0x4	tail	0x81b7c	18	0x7be9b	0x7433	0x5f	0xd0	0x363a	0xe8f0	0xd001	33745f00	exact							
1440	0x77b59d07836d	18	0x7be9b	0x26eed4	0x26eed7	+0x3	tail	0x7c308	26	0x7dbbb	0xd0	0x363a	0xe8f0	0xd001	0x3e0b	0x6d23	d0003a	exact							
1441	0x77b59d07836d	26	0x7dbbb	0x26eed7	0x26eedb	+0x4	tail	0x7dfbd	18	0x7be9b	0xf036	0x1e8	0xbd0	0x233e	0x1c6d	0x49a2	36f0e801	exact							
1442	0x77b59d07836d	18	0x7be9b	0x26eedb	0x26eede	+0x3	tail	0x7c308	114	0x90319	0xbd0	0x233e	0x1c6d	0x49a2	0x9ef6	0xccd9	d00b3e	exact							
1443	0x77b59d07836d	114	0x90319	0x26eede	0x26eee2	+0x4	tail	0x90893	168	0x9aa83	0x6d23	0xa21c	0xf649	0xd99e	0x58cc	0x1e8	236d1ca2	exact							
1444	0x77b59d07836d	168	0x9aa83	0x26eee2	0x26eee6	+0x4	tail	0x9af16	346	0xc0535	0xf649	0xd99e	0x58cc	0x1e8	0xa7b8	0xfda6	49f69ed9	exact							
1445	0x77b59d07836d	346	0xc0535	0x26eee6	0x26eeea	+0x4	tail	0xc088b	337	0xbec0e	0x58cc	0x1e8	0xa7b8	0xfda6	0x3ad3	0xb636	cc58e801	exact							
1446	0x77b59d07836d	337	0xbec0e	0x26eeea	0x26eeee	+0x4	tail	0xbf126	199	0xa0631	0xa7b8	0xfda6	0x3ad3	0xb636	0xab1a	0x4d0d	b8a7a6fd	exact							
1447	0x77b59d07836d	199	0xa0631	0x26eeee	0x26eef1	+0x3	tail	0xa0a9c	172	0x9b68a	0x3ad3	0xb636	0xab1a	0x4d0d	0xe8a3	0xeb01	d33a36	exact							
1448	0x77b59d07836d	172	0x9b68a	0x26eef1	0x26eef5	+0x4	tail	0x9ba72	243	0xaab6a	0x1ab6	0xdab	0xa34d	0x1e8	0xfaeb	0xde44	b61aab0d	exact							
1449	0x77b59d07836d	243	0xaab6a	0x26eef5	0x26eef9	+0x4	tail	0xaaf3c	189	0x9e7af	0xa34d	0x1e8	0xfaeb	0xde44	0x540	0x5a90	4da3e801	exact							
1450	0x77b59d07836d	189	0x9e7af	0x26eef9	0x26eefd	+0x4	tail	0x9eac9	28	0x7e390	0xfaeb	0xde44	0x540	0x5a90	0x8666	0xb2d7	ebfa44de	exact							
1451	0x77b59d07836d	28	0x7e390	0x26eefd	0x26ef00	+0x3	tail	0x7e7ca	168	0x9aa83	0x540	0x5a90	0x8666	0xb2d7	0xe83c	0xfd01	400590	exact							
1452	0x77b59d07836d	168	0x9aa83	0x26ef00	0x26ef04	+0x4	tail	0x9af16	287	0xb45d2	0x665a	0xd786	0x3cb2	0x1e8	0x4ffd	0x97d8	5a6686d7	exact							
1453	0x77b59d07836d	287	0xb45d2	0x26ef04	0x26ef08	+0x4	tail	0xb497e	66	0x855ff	0x3cb2	0x1e8	0x4ffd	0x97d8	0x159b	0x935a	b23ce801	exact							
1454	0x77b59d07836d	66	0x855ff	0x26ef08	0x26ef0b	+0x3	tail	0x859f9	203	0xa1484	0x4ffd	0x97d8	0x159b	0x935a	0xe468	0xe819	fd4fd8	exact							
1455	0x77b59d07836d	203	0xa1484	0x26ef0b	0x26ef0f	+0x4	tail	0xa1936	114	0x90319	0x9b97	0x5a15	0x6893	0x19e4	0x1e8	0xfad1	979b155a	exact							
1456	0x77b59d07836d	114	0x90319	0x26ef0f	0x26ef13	+0x4	tail	0x90893	315	0xb9451	0x6893	0x19e4	0x1e8	0xfad1	0xf2d4	0xb3	9368e419	exact							
1457	0x77b59d07836d	315	0xb9451	0x26ef13	0x26ef17	+0x4	tail	0xb9878	340	0xbf435	0x1e8	0xfad1	0xf2d4	0xb3	0x31c0	0x823	e801d1fa	exact							
1458	0x77b59d07836d	340	0xbf435	0x26ef17	0x26ef1b	+0x4	tail	0xbf886	172	0x9b68a	0xf2d4	0xb3	0x31c0	0x823	0x4188	0x134e	d4f2b300	exact							
1459	0x77b59d07836d	172	0x9b68a	0x26ef1b	0x26ef1f	+0x4	tail	0x9ba72	66	0x855ff	0x31c0	0x823	0x4188	0x134e	0xe846	0xe801	c0312308	exact							
1460	0x77b59d07836d	66	0x855ff	0x26ef1f	0x26ef22	+0x3	tail	0x859f9	305	0xb78b0	0x4188	0x134e	0xe846	0xe801	0x3d01	0xcd01	88414e	exact							
1461	0x77b59d07836d	305	0xb78b0	0x26ef22	0x26ef26	+0x4	tail	0xb7bb8	167	0x9a8d2	0x4613	0x1e8	0x1e8	0x13d	0x29cd	0x1e8	1346e801	exact							
1462	0x77b59d07836d	167	0x9a8d2	0x26ef26	0x26ef2c	+0x6	tail	0x9aa81	351	0xc1d48	0x1e8	0x13d	0x29cd	0x1e8	0x3500	0xb110	e8013d01cd29	exact							
1463	0x77b59d07836d	351	0xc1d48	0x26ef2c	0x26ef31	+0x5	tail	0xc1ec2	66	0x855ff	0x1e8	0x3500	0xb110	0xa68	0xea5e	0x68	e801003510	exact							
1464	0x77b59d07836d	66	0x855ff	0x26ef31	0x26ef34	+0x3	tail	0x859f9	340	0xbf435	0x68b1	0x5e0a	0x68ea	0x6e00	0xee8a	0xe83f	b1680a	exact							
1465	0x77b59d07836d	340	0xbf435	0x26ef34	0x26ef38	+0x4	tail	0xbf886	350	0xc1926	0xea5e	0x68	0x8a6e	0x3fee	0xae8	0x1e8	5eea6800	exact							
1466	0x77b59d07836d	350	0xc1926	0x26ef38	0x26ef3c	+0x4	tail	0xc1d46	91	0x8b6de	0x8a6e	0x3fee	0xae8	0x1e8	0x23b	0x68	6e8aee3f	exact							
1467	0x77b59d07836d	91	0x8b6de	0x26ef3c	0x26ef40	+0x4	tail	0x8b8c9	333	0xbd8af	0xae8	0x1e8	0x23b	0x68	0x59e	0x13d	e80ae801	exact							
1468	0x77b59d07836d	333	0xbd8af	0x26ef40	0x26ef44	+0x4	tail	0xbdd16	79	0x885b0	0x23b	0x68	0x59e	0x13d	0x5900	0x5022	3b026800	exact							
1469	0x77b59d07836d	79	0x885b0	0x26ef44	0x26ef49	+0x5	tail	0x88a55	160	0x994cf	0x59e	0x13d	0x5900	0x5022	0xe47a	0xa5d3	9e053d0100	exact							
1470	0x77b59d07836d	160	0x994cf	0x26ef49	0x26ef4b	+0x2	tail	0x99757	345	0xc02e4	0x2259	0x7a50	0xd3e4	0x51a5	0xf0c2	0xf1d4	5922	exact							
1471	0x77b59d07836d	345	0xc02e4	0x26ef4b	0x26ef51	+0x6	tail	0xc0532	196	0x9fbcd	0x7a50	0xd3e4	0x51a5	0xf0c2	0xf1d4	0x893a	507ae4d3a551	exact							
1472	0x77b59d07836d	196	0x9fbcd	0x26ef51	0x26ef55	+0x4	tail	0xa0068	114	0x90319	0xf0c2	0xf1d4	0x893a	0xcf1b	0x2f2f	0x2fa	c2f0d4f1	exact							
1473	0x77b59d07836d	114	0x90319	0x26ef55	0x26ef59	+0x4	tail	0x90893	199	0xa0631	0x893a	0xcf1b	0x2f2f	0x2fa	0x3d56	0x1	3a891bcf	exact							
1474	0x77b59d07836d	199	0xa0631	0x26ef59	0x26ef5c	+0x3	tail	0xa0a9c	192	0x9f00a	0x2f2f	0x2fa	0x3d56	0x1	0xf47	0x473a	2f2ffa	exact							
1475	0x77b59d07836d	192	0x9f00a	0x26ef5c	0x26ef61	+0x5	tail	0x9f779	173	0x9ba74	0x5602	0x13d	0x4700	0x3a0f	0xc947	0xc7ad	02563d0100	exact							
1476	0x77b59d07836d	173	0x9ba74	0x26ef61	0x26ef63	+0x2	tail	0x9bd8c	179	0x9ca8d	0xf47	0x473a	0xadc9	0xe7c7	0x6f98	0x76	470f	exact							
1477	0x77b59d07836d	179	0x9ca8d	0x26ef63	0x26ef68	+0x5	tail	0x9cf2f	203	0xa1484	0x473a	0xadc9	0xe7c7	0x6f98	0x76	0x8c02	3a47c9adc7	exact							
1478	0x77b59d07836d	203	0xa1484	0x26ef68	0x26ef6c	+0x4	tail	0xa1936	28	0x7e390	0x98e7	0x766f	0x200	0x608c	0xb2c2	0xa3	e7986f76	exact							
1479	0x77b59d07836d	28	0x7e390	0x26ef6c	0x26ef6f	+0x3	tail	0x7e7ca	64	0x85059	0x200	0x608c	0xb2c2	0xa3	0x13d	0xf1c0	00028c	exact							
1480	0x77b59d07836d	64	0x85059	0x26ef6f	0x26ef73	+0x4	tail	0x8536e	301	0xb708d	0xc260	0xa3b2	0x3d00	0xc001	0xc7f1	0x9e4a	60c2b2a3	exact							
1481	0x77b59d07836d	301	0xb708d	0x26ef73	0x26ef78	+0x5	tail	0xb7583	108	0x8f24b	0x3d00	0xc001	0xc7f1	0x9e4a	0x7b85	0x2dac	003d01c0f1	exact							
1482	0x77b59d07836d	108	0x8f24b	0x26ef78	0x26ef7a	+0x2	tail	0x8f6cf	258	0xadf2c	0x4ac7	0x859e	0xac7b	0xc72d	0xc573	0x3f1c	c74a	exact							
1483	0x77b59d07836d	258	0xadf2c	0x26ef7a	0x26ef7e	+0x4	tail	0xae32f	332	0xbd36d	0x859e	0xac7b	0xc72d	0xc573	0x3f1c	0x46b8	9e857bac	exact							
1484	0x77b59d07836d	332	0xbd36d	0x26ef7e	0x26ef82	+0x4	tail	0xbd8ad	43	0x8173d	0xc72d	0xc573	0x3f1c	0x46b8	0xafcb	0x3a	2dc773c5	exact							
1485	0x77b59d07836d	43	0x8173d	0x26ef82	0x26ef86	+0x4	tail	0x81b7c	185	0x9d964	0x3f1c	0x46b8	0xafcb	0x3a	0x13d	0xb872	1c3fb846	exact							
1486	0x77b59d07836d	185	0x9d964	0x26ef86	0x26ef89	+0x3	tail	0x9dcab	269	0xb045b	0xafcb	0x3a	0x13d	0xb872	0xd2d6	0x3e0	cbaf3a	exact							
1487	0x77b59d07836d	269	0xb045b	0x26ef89	0x26ef8e	+0x5	tail	0xb092e	352	0xc1ec4	0x3d00	0x7201	0xd6b8	0xe0d2	0xa403	0x944d	003d0172b8	exact							
1488	0x77b59d07836d	352	0xc1ec4	0x26ef8e	0x26ef90	+0x2	tail	0xc21c0	28	0x7e390	0xd2d6	0x3e0	0x4da4	0x94	0xff83	0xa4c0	d6d2	exact							
1489	0x77b59d07836d	28	0x7e390	0x26ef90	0x26ef93	+0x3	tail	0x7e7ca	124	0x91e81	0x3e0	0x4da4	0x94	0xff83	0xa4c0	0xc080	e003a4	exact							
1490	0x77b59d07836d	124	0x91e81	0x26ef93	0x26ef99	+0x6	tail	0x922c1	43	0x8173d	0x944d	0x8300	0xc0ff	0x80a4	0xfec0	0x9067	4d940083ffc0	exact							
1491	0x77b59d07836d	43	0x8173d	0x26ef99	0x26ef9d	+0x4	tail	0x81b7c	337	0xbec0e	0x80a4	0xfec0	0x9067	0x1a8	0x13d	0x2c06	a480c0fe	exact							
1492	0x77b59d07836d	337	0xbec0e	0x26ef9d	0x26efa1	+0x4	tail	0xbf126	319	0xba72f	0x9067	0x1a8	0x13d	0x2c06	0x2e00	0x5080	6790a801	exact							
1493	0x77b59d07836d	319	0xba72f	0x26efa1	0x26efa6	+0x5	tail	0xbada2	173	0x9ba74	0x13d	0x2c06	0x2e00	0x5080	0x50dc	0x69	3d01062c00	exact							
1494	0x77b59d07836d	173	0x9ba74	0x26efa6	0x26efa8	+0x2	tail	0x9bd8c	48	0x82477	0x802e	0xdc50	0x6950	0x4000	0x5006	0xe1d1	2e80	exact							
1495	0x77b59d07836d	48	0x82477	0x26efa8	0x26efad	+0x5	tail	0x8281e	18	0x7be9b	0xdc50	0x6950	0x4000	0x5006	0xe1d1	0x5f12	50dc506900	exact							
1496	0x77b59d07836d	18	0x7be9b	0x26efad	0x26efb0	+0x3	tail	0x7c308	200	0xa0a9e	0x640	0xd150	0x12e1	0x185f	0xff09	0x1cb3	400650	exact							
1497	0x77b59d07836d	200	0xa0a9e	0x26efb0	0x26efb6	+0x6	tail	0xa0dc7	291	0xb4edd	0xe1d1	0x5f12	0x918	0xb3ff	0x3a1c	0x4b20	d1e1125f1809	exact							
1498	0x77b59d07836d	291	0xb4edd	0x26efb6	0x26efba	+0x4	tail	0xb540d	79	0x885b0	0xb3ff	0x3a1c	0x4b20	0x13d	0xea00	0x1002	ffb31c3a	exact							
1499	0x77b59d07836d	79	0x885b0	0x26efba	0x26efbf	+0x5	tail	0x88a55	352	0xc1ec4	0x4b20	0x13d	0xea00	0x1002	0xaff	0x225f	204b3d0100	exact							
1500	0x77b59d07836d	352	0xc1ec4	0x26efbf	0x26efc1	+0x2	tail	0xc21c0	66	0x855ff	0x2ea	0xff10	0x5f0a	0x2822	0x42a8	0xe86d	ea02	exact							
1501	0x77b59d07836d	66	0x855ff	0x26efc1	0x26efc4	+0x3	tail	0x859f9	189	0x9e7af	0xff10	0x5f0a	0x2822	0x42a8	0xe86d	0xe801	10ff0a	exact							
1502	0x77b59d07836d	189	0x9e7af	0x26efc4	0x26efc8	+0x4	tail	0x9eac9	123	0x91a59	0x225f	0xa828	0x6d42	0x1e8	0x1e8	0x13d	5f2228a8	exact							
1503	0x77b59d07836d	123	0x91a59	0x26efc8	0x26efcc	+0x4	tail	0x91e7f	119	0x90ebc	0x6d42	0x1e8	0x1e8	0x13d	0x239a	0x9194	426de801	exact							
1504	0x77b59d07836d	119	0x90ebc	0x26efcc	0x26efd2	+0x6	tail	0x91067	337	0xbec0e	0x1e8	0x13d	0x239a	0x9194	0x41ba	0x307b	e8013d019a23	exact							
1505	0x77b59d07836d	337	0xbec0e	0x26efd2	0x26efd6	+0x4	tail	0xbf126	297	0xb64d7	0x9194	0x41ba	0x307b	0xe81f	0xeb01	0x1891	9491ba41	exact							
1506	0x77b59d07836d	297	0xb64d7	0x26efd6	0x26efd9	+0x3	tail	0xb68ff	176	0x9c10b	0x307b	0xe81f	0xeb01	0x1891	0xba98	0x225f	7b301f	exact							
1507	0x77b59d07836d	176	0x9c10b	0x26efd9	0x26efdd	+0x4	tail	0x9c3f4	66	0x855ff	0x1e8	0x91eb	0x9818	0x5fba	0x7722	0xe865	e801eb91	exact							
1508	0x77b59d07836d	66	0x855ff	0x26efdd	0x26efe0	+0x3	tail	0x859f9	114	0x90319	0x9818	0x5fba	0x7722	0xe865	0xa201	0x34e2	1898ba	exact							
1509	0x77b59d07836d	114	0x90319	0x26efe0	0x26efe4	+0x4	tail	0x90893	176	0x9c10b	0x225f	0x6577	0x1e8	0xe2a2	0x9434	0xb62b	5f227765	exact							
1510	0x77b59d07836d	176	0x9c10b	0x26efe4	0x26efe8	+0x4	tail	0x9c3f4	337	0xbec0e	0x1e8	0xe2a2	0x9434	0xb62b	0xa0	0xe808	e801a2e2	exact							
1511	0x77b59d07836d	337	0xbec0e	0x26efe8	0x26efec	+0x4	tail	0xbf126	215	0xa4609	0x9434	0xb62b	0xa0	0xe808	0x7901	0x817e	34942bb6	exact							
1512	0x77b59d07836d	215	0xa4609	0x26efec	0x26efef	+0x3	tail	0xa4a5e	20	0x7c62b	0xa0	0xe808	0x7901	0x817e	0xf595	0xc65	a00008	exact							
1513	0x77b59d07836d	20	0x7c62b	0x26efef	0x26eff3	+0x4	tail	0x7ca96	297	0xb64d7	0x1e8	0x7e79	0x9581	0x65f5	0xe50c	0x9682	e801797e	exact							
1514	0x77b59d07836d	297	0xb64d7	0x26eff3	0x26eff6	+0x3	tail	0xb68ff	347	0xc088d	0x9581	0x65f5	0xe50c	0x9682	0xe897	0x8201	8195f5	exact							
1515	0x77b59d07836d	347	0xc088d	0x26eff6	0x26effa	+0x4	tail	0xc0d7b	123	0x91a59	0xc65	0x82e5	0x9796	0x1e8	0x8d82	0x38e	650ce582	exact							
1516	0x77b59d07836d	123	0x91a59	0x26effa	0x26effe	+0x4	tail	0x91e7f	347	0xc088d	0x9796	0x1e8	0x8d82	0x38e	0xfc8	0x1e3a	9697e801	exact							
1517	0x77b59d07836d	347	0xc088d	0x26effe	0x26f002	+0x4	tail	0xc0d7b	185	0x9d964	0x8d82	0x38e	0xfc8	0x1e3a	0xe83e	0xc701	828d8e03	exact							
1518	0x77b59d07836d	185	0x9d964	0x26f002	0x26f005	+0x3	tail	0x9dcab	123	0x91a59	0xfc8	0x1e3a	0xe83e	0xc701	0x285c	0xc88	c80f3a	exact							
1519	0x77b59d07836d	123	0x91a59	0x26f005	0x26f009	+0x4	tail	0x91e7f	337	0xbec0e	0x3e1e	0x1e8	0x5cc7	0x8828	0x130c	0xaa3a	1e3ee801	exact							
1520	0x77b59d07836d	337	0xbec0e	0x26f009	0x26f00d	+0x4	tail	0xbf126	185	0x9d964	0x5cc7	0x8828	0x130c	0xaa3a	0xe83a	0xb201	c75c2888	exact							
1521	0x77b59d07836d	185	0x9d964	0x26f00d	0x26f010	+0x3	tail	0x9dcab	123	0x91a59	0x130c	0xaa3a	0xe83a	0xb201	0x339c	0xc08c	0c133a	exact							
1522	0x77b59d07836d	123	0x91a59	0x26f010	0x26f014	+0x4	tail	0x91e7f	64	0x85059	0x3aaa	0x1e8	0x9cb2	0x8c33	0x5c0	0xdc6c	aa3ae801	exact							
1523	0x77b59d07836d	64	0x85059	0x26f014	0x26f018	+0x4	tail	0x8536e	28	0x7e390	0x9cb2	0x8c33	0x5c0	0xdc6c	0xe83e	0xdb01	b29c338c	exact							
1524	0x77b59d07836d	28	0x7e390	0x26f018	0x26f01b	+0x3	tail	0x7e7ca	184	0x9d694	0x5c0	0xdc6c	0xe83e	0xdb01	0x6c98	0x410e	c0056c	exact							
1525	0x77b59d07836d	184	0x9d694	0x26f01b	0x26f01f	+0x4	tail	0x9d961	337	0xbec0e	0x3edc	0x1e8	0x98db	0xe6c	0xb941	0xd42c	dc3ee801	exact							
1526	0x77b59d07836d	337	0xbec0e	0x26f01f	0x26f023	+0x4	tail	0xbf126	66	0x855ff	0x98db	0xe6c	0xb941	0xd42c	0xe865	0x5c01	db986c0e	exact							
1527	0x77b59d07836d	66	0x855ff	0x26f023	0x26f026	+0x3	tail	0x859f9	123	0x91a59	0xb941	0xd42c	0xe865	0x5c01	0xcbd3	0xe833	41b92c	exact							
1528	0x77b59d07836d	123	0x91a59	0x26f026	0x26f02a	+0x4	tail	0x91e7f	297	0xb64d7	0x65d4	0x1e8	0xd35c	0x33cb	0x83e8	0xe841	d465e801	exact							
1529	0x77b59d07836d	297	0xb64d7	0x26f02a	0x26f02d	+0x3	tail	0xb68ff	64	0x85059	0xd35c	0x33cb	0x83e8	0xe841	0x6601	0x3454	5cd3cb	exact							
1530	0x77b59d07836d	64	0x85059	0x26f02d	0x26f031	+0x4	tail	0x8536e	158	0x99029	0xe833	0x4183	0x1e8	0x5466	0xbf34	0x147	33e88341	exact							
1531	0x77b59d07836d	158	0x99029	0x26f031	0x26f035	+0x4	tail	0x992ca	340	0xbf435	0x1e8	0x5466	0xbf34	0x147	0x4e82	0xe84c	e8016654	exact							
1532	0x77b59d07836d	340	0xbf435	0x26f035	0x26f039	+0x4	tail	0xbf886	18	0x7be9b	0xbf34	0x147	0x4e82	0xe84c	0x5801	0xd8f1	34bf4701	exact							
1533	0x77b59d07836d	18	0x7be9b	0x26f039	0x26f03c	+0x3	tail	0x7c308	176	0x9c10b	0x4e82	0xe84c	0x5801	0xd8f1	0x4c0a	0x8ec3	824e4c	exact							
1534	0x77b59d07836d	176	0x9c10b	0x26f03c	0x26f040	+0x4	tail	0x9c3f4	28	0x7e390	0x1e8	0xf158	0xad8	0xc34c	0x78e	0xe802	e80158f1	exact							
1535	0x77b59d07836d	28	0x7e390	0x26f040	0x26f043	+0x3	tail	0x7e7ca	347	0xc088d	0xad8	0xc34c	0x78e	0xe802	0x8101	0xef4d	d80a4c	exact							
1536	0x77b59d07836d	347	0xc088d	0x26f043	0x26f047	+0x4	tail	0xc0d7b	20	0x7c62b	0x8ec3	0x207	0x1e8	0x4d81	0x90ef	0x45df	c38e0702	exact							
1537	0x77b59d07836d	20	0x7c62b	0x26f047	0x26f04b	+0x4	tail	0x7ca96	114	0x90319	0x1e8	0x4d81	0x90ef	0x45df	0x508	0xd904	e801814d	exact							
1538	0x77b59d07836d	114	0x90319	0x26f04b	0x26f04f	+0x4	tail	0x90893	215	0xa4609	0x90ef	0x45df	0x508	0xd904	0xe8d8	0x3401	ef90df45	exact							
1539	0x77b59d07836d	215	0xa4609	0x26f04f	0x26f052	+0x3	tail	0xa4a5e	161	0x9975a	0x508	0xd904	0xe8d8	0x3401	0x8ef8	0xa001	080504	exact							
1540	0x77b59d07836d	161	0x9975a	0x26f052	0x26f056	+0x4	tail	0x99b3a	337	0xbec0e	0xd8d9	0x1e8	0xf834	0x18e	0xa0	0xe804	d9d8e801	exact							
1541	0x77b59d07836d	337	0xbec0e	0x26f056	0x26f05a	+0x4	tail	0xbf126	215	0xa4609	0xf834	0x18e	0xa0	0xe804	0xad01	0x71f6	34f88e01	exact							
1542	0x77b59d07836d	215	0xa4609	0x26f05a	0x26f05d	+0x3	tail	0xa4a5e	20	0x7c62b	0xa0	0xe804	0xad01	0x71f6	0xaf9d	0x8ab	a00004	exact							
1543	0x77b59d07836d	20	0x7c62b	0x26f05d	0x26f061	+0x4	tail	0x7ca96	307	0xb8064	0x1e8	0xf6ad	0x9d71	0xabaf	0x3408	0xeaeb	e801adf6	exact							
1544	0x77b59d07836d	307	0xb8064	0x26f061	0x26f064	+0x3	tail	0xb837a	189	0x9e7af	0x9d71	0xabaf	0x3408	0xeaeb	0xe8bf	0x3a01	719daf	exact							
1545	0x77b59d07836d	189	0x9e7af	0x26f064	0x26f068	+0x4	tail	0x9eac9	184	0x9d694	0x8ab	0xeb34	0xbfea	0x1e8	0xb53a	0x6dab	ab0834eb	exact							
1546	0x77b59d07836d	184	0x9d694	0x26f068	0x26f06c	+0x4	tail	0x9d961	307	0xb8064	0xbfea	0x1e8	0xb53a	0x6dab	0x998e	0xf2f8	eabfe801	exact							
1547	0x77b59d07836d	307	0xb8064	0x26f06c	0x26f06f	+0x3	tail	0xb837a	64	0x85059	0xb53a	0x6dab	0x998e	0xf2f8	0xe873	0x7e01	3ab5ab	exact							
1548	0x77b59d07836d	64	0x85059	0x26f06f	0x26f073	+0x4	tail	0x8536e	161	0x9975a	0x8e6d	0xf899	0x73f2	0x1e8	0x567e	0x6	6d8e99f8	exact							
1549	0x77b59d07836d	161	0x9975a	0x26f073	0x26f077	+0x4	tail	0x99b3a	195	0x9fb50	0x73f2	0x1e8	0x567e	0x6	0x80	0x509c	f273e801	exact							
1550	0x77b59d07836d	195	0x9fb50	0x26f077	0x26cd71	-0x2306	dispatch	0xc80b9	86	0x8a37f	0x567e	0x6	0x80	0x509c	0xff50	0x2434	7e56060080009c5050ff3424488b04244883c4084883c40848c70424a9000000	backedge_sample		0x523d6055		0xfd165f72			0x3a
1551	0x77b59d07836d	86	0x8a37f	0x26cd71	0x26cd75	+0x4	tail	0x8a49b	310	0xb8556	0x136	0x0	0x1e8	0xa5	0x42	0x9831	36010000	exact	0x523d6055		0xfd165f72			0x3a	
1552	0x77b59d07836d	310	0xb8556	0x26cd75	0x26cd79	+0x4	tail	0xb86f5	165	0x9a24c	0x1e8	0xa5	0x42	0x9831	0x763a	0x9919	e801a500	exact							
1553	0x77b59d07836d	165	0x9a24c	0x26cd79	0x26cd7b	+0x2	tail	0x9a46b	66	0x855ff	0x42	0x9831	0x763a	0x9919	0x4b00	0x9943	4200	exact							
1554	0x77b59d07836d	66	0x855ff	0x26cd7b	0x26cd7e	+0x3	tail	0x859f9	340	0xbf435	0x9831	0x763a	0x9919	0x4b00	0x9943	0x4400	31983a	exact							
1555	0x77b59d07836d	340	0xbf435	0x26cd7e	0x26cd82	+0x4	tail	0xbf886	157	0x98a9a	0x1976	0x99	0x434b	0x99	0x1444	0x1e8	76199900	exact							
1556	0x77b59d07836d	157	0x98a9a	0x26cd82	0x26cd86	+0x4	tail	0x99026	287	0xb45d2	0x434b	0x99	0x1444	0x1e8	0x4a14	0xab	4b439900	exact							
1557	0x77b59d07836d	287	0xb45d2	0x26cd86	0x26cd8a	+0x4	tail	0xb497e	340	0xbf435	0x1444	0x1e8	0x4a14	0xab	0xdf7f	0xab	4414e801	exact							
1558	0x77b59d07836d	340	0xbf435	0x26cd8a	0x26cd8e	+0x4	tail	0xbf886	333	0xbd8af	0x4a14	0xab	0xdf7f	0xab	0x89e0	0xe82a	144aab00	exact							
1559	0x77b59d07836d	333	0xbd8af	0x26cd8e	0x26cd92	+0x4	tail	0xbdd16	18	0x7be9b	0xdf7f	0xab	0x89e0	0xe82a	0x9901	0xf0f5	7fdfab00	exact							
1560	0x77b59d07836d	18	0x7be9b	0x26cd92	0x26cd95	+0x3	tail	0x7c308	315	0xb9451	0x89e0	0xe82a	0x9901	0xf0f5	0xfc8a	0x4090	e0892a	exact							
1561	0x77b59d07836d	315	0xb9451	0x26cd95	0x26cd99	+0x4	tail	0xb9878	189	0x9e7af	0x1e8	0xf599	0x8af0	0x90fc	0x1540	0xa2af	e80199f5	exact							
1562	0x77b59d07836d	189	0x9e7af	0x26cd99	0x26cd9d	+0x4	tail	0x9eac9	307	0xb8064	0x8af0	0x90fc	0x1540	0xa2af	0xe3af	0x6e00	f08afc90	exact							
1563	0x77b59d07836d	307	0xb8064	0x26cd9d	0x26cda0	+0x3	tail	0xb837a	172	0x9b68a	0x1540	0xa2af	0xe3af	0x6e00	0xe834	0x7d01	4015af	exact							
1564	0x77b59d07836d	172	0x9b68a	0x26cda0	0x26cda4	+0x4	tail	0x9ba72	346	0xc0535	0xafa2	0xe3	0x346e	0x1e8	0x2b7d	0x73fa	a2afe300	exact							
1565	0x77b59d07836d	346	0xc0535	0x26cda4	0x26cda8	+0x4	tail	0xc088b	66	0x855ff	0x346e	0x1e8	0x2b7d	0x73fa	0x28d8	0x9300	6e34e801	exact							
1566	0x77b59d07836d	66	0x855ff	0x26cda8	0x26cdab	+0x3	tail	0x859f9	157	0x98a9a	0x2b7d	0x73fa	0x28d8	0x9300	0x300f	0xd2a5	7d2bfa	exact							
1567	0x77b59d07836d	157	0x98a9a	0x26cdab	0x26cdaf	+0x4	tail	0x99026	189	0x9e7af	0xd873	0x28	0xf93	0xa530	0xd2	0x1e8	73d82800	exact							
1568	0x77b59d07836d	189	0x9e7af	0x26cdaf	0x26cdb3	+0x4	tail	0x9eac9	26	0x7dbbb	0xf93	0xa530	0xd2	0x1e8	0xdfb	0x123	930f30a5	exact							
1569	0x77b59d07836d	26	0x7dbbb	0x26cdb3	0x26cdb7	+0x4	tail	0x7dfbd	157	0x98a9a	0xd2	0x1e8	0xdfb	0x123	0x2de7	0xee3a	d200e801	exact							
1570	0x77b59d07836d	157	0x98a9a	0x26cdb7	0x26cdbb	+0x4	tail	0x99026	185	0x9d964	0xdfb	0x123	0x2de7	0xee3a	0x58de	0x6d4	fb0d2301	exact							
1571	0x77b59d07836d	185	0x9d964	0x26cdbb	0x26cdbe	+0x3	tail	0x9dcab	189	0x9e7af	0x2de7	0xee3a	0x58de	0x6d4	0xe8d0	0x5401	e72d3a	exact							
1572	0x77b59d07836d	189	0x9e7af	0x26cdbe	0x26cdc2	+0x4	tail	0x9eac9	287	0xb45d2	0xdeee	0xd458	0xd006	0x1e8	0x3554	0x4fc0	eede58d4	exact							
1573	0x77b59d07836d	287	0xb45d2	0x26cdc2	0x26cdc6	+0x4	tail	0xb497e	43	0x8173d	0xd006	0x1e8	0x3554	0x4fc0	0xad8	0xfc8	06d0e801	exact							
1574	0x77b59d07836d	43	0x8173d	0x26cdc6	0x26cdca	+0x4	tail	0x81b7c	215	0xa4609	0x3554	0x4fc0	0xad8	0xfc8	0x8b80	0xd101	5435c04f	exact							
1575	0x77b59d07836d	215	0xa4609	0x26cdca	0x26cdcd	+0x3	tail	0xa4a5e	347	0xc088d	0xad8	0xfc8	0x8b80	0xd101	0xe8c3	0x101	d80ac8	exact							
1576	0x77b59d07836d	347	0xc088d	0x26cdcd	0x26cdd1	+0x4	tail	0xc0d7b	346	0xc0535	0x800f	0x18b	0xc3d1	0x1e8	0xe601	0x93ed	0f808b01	exact							
1577	0x77b59d07836d	346	0xc0535	0x26cdd1	0x26cdd5	+0x4	tail	0xc088b	43	0x8173d	0xc3d1	0x1e8	0xe601	0x93ed	0xac5d	0x33de	d1c3e801	exact							
1578	0x77b59d07836d	43	0x8173d	0x26cdd5	0x26cdd9	+0x4	tail	0x81b7c	66	0x855ff	0xe601	0x93ed	0xac5d	0x33de	0xc1ad	0xa4d6	01e6ed93	exact							
1579	0x77b59d07836d	66	0x855ff	0x26cdd9	0x26cddc	+0x3	tail	0x859f9	337	0xbec0e	0xac5d	0x33de	0xc1ad	0xa4d6	0xe8fa	0xb001	5dacde	exact							
1580	0x77b59d07836d	337	0xbec0e	0x26cddc	0x26cde0	+0x4	tail	0xbf126	346	0xc0535	0xad33	0xd6c1	0xfaa4	0x1e8	0x9b0	0x44f1	33adc1d6	exact							
1581	0x77b59d07836d	346	0xc0535	0x26cde0	0x26cde4	+0x4	tail	0xc088b	268	0xb0007	0xfaa4	0x1e8	0x9b0	0x44f1	0xa90	0x28da	a4fae801	exact							
1582	0x77b59d07836d	268	0xb0007	0x26cde4	0x26cde8	+0x4	tail	0xb0458	18	0x7be9b	0x9b0	0x44f1	0xa90	0x28da	0xb891	0xe80a	b009f144	exact							
1583	0x77b59d07836d	18	0x7be9b	0x26cde8	0x26cdeb	+0x3	tail	0x7c308	337	0xbec0e	0xa90	0x28da	0xb891	0xe80a	0xe201	0x7080	900ada	exact							
1584	0x77b59d07836d	337	0xbec0e	0x26cdeb	0x26cdef	+0x4	tail	0xbf126	33	0x7f7c4	0x9128	0xab8	0x1e8	0x80e2	0x2570	0xce52	2891b80a	exact							
1585	0x77b59d07836d	33	0x7f7c4	0x26cdef	0x26cdf3	+0x4	tail	0x7fba1	18	0x7be9b	0x1e8	0x80e2	0x2570	0xce52	0xd657	0xd4d9	e801e280	exact							
1586	0x77b59d07836d	18	0x7be9b	0x26cdf3	0x26cdf6	+0x3	tail	0x7c308	168	0x9aa83	0x2570	0xce52	0xd657	0xd4d9	0x1399	0xe800	702552	exact							
1587	0x77b59d07836d	168	0x9aa83	0x26cdf6	0x26cdfa	+0x4	tail	0x9af16	337	0xbec0e	0x57ce	0xd9d6	0x99d4	0x13	0x1e8	0x861e	ce57d6d9	exact							
1588	0x77b59d07836d	337	0xbec0e	0x26cdfa	0x26cdfe	+0x4	tail	0xbf126	33	0x7f7c4	0x99d4	0x13	0x1e8	0x861e	0xd065	0xd762	d4991300	exact							
1589	0x77b59d07836d	33	0x7f7c4	0x26cdfe	0x26ce02	+0x4	tail	0x7fba1	168	0x9aa83	0x1e8	0x861e	0xd065	0xd762	0x9dc9	0x95af	e8011e86	exact							
1590	0x77b59d07836d	168	0x9aa83	0x26ce02	0x26ce06	+0x4	tail	0x9af16	307	0xb8064	0xd065	0xd762	0x9dc9	0x95af	0x5c01	0xe8e0	65d062d7	exact							
1591	0x77b59d07836d	307	0xb8064	0x26ce06	0x26ce09	+0x3	tail	0xb837a	189	0x9e7af	0x9dc9	0x95af	0x5c01	0xe8e0	0xe101	0x4df3	c99daf	exact							
1592	0x77b59d07836d	189	0x9e7af	0x26ce09	0x26ce0d	+0x4	tail	0x9eac9	315	0xb9451	0x195	0xe05c	0x1e8	0xf3e1	0x924d	0xd439	95015ce0	exact							
1593	0x77b59d07836d	315	0xb9451	0x26ce0d	0x26ce11	+0x4	tail	0xb9878	114	0x90319	0x1e8	0xf3e1	0x924d	0xd439	0xfa2a	0xaa3	e801e1f3	exact							
1594	0x77b59d07836d	114	0x90319	0x26ce11	0x26ce15	+0x4	tail	0x90893	172	0x9b68a	0x924d	0xd439	0xfa2a	0xaa3	0xab3c	0x2e3a	4d9239d4	exact							
1595	0x77b59d07836d	172	0x9b68a	0x26ce15	0x26ce19	+0x4	tail	0x9ba72	18	0x7be9b	0xfa2a	0xaa3	0xab3c	0x2e3a	0xe812	0x5001	2afaa30a	exact							
1596	0x77b59d07836d	18	0x7be9b	0x26ce19	0x26ce1c	+0x3	tail	0x7c308	243	0xaab6a	0xab3c	0x2e3a	0xe812	0x5001	0x8b5	0x9376	3cab3a	exact							
1597	0x77b59d07836d	243	0xaab6a	0x26ce1c	0x26ce20	+0x4	tail	0xaaf3c	337	0xbec0e	0x122e	0x1e8	0xb550	0x7608	0xf493	0x91	2e12e801	exact							
1598	0x77b59d07836d	337	0xbec0e	0x26ce20	0x26ce24	+0x4	tail	0xbf126	333	0xbd8af	0xb550	0x7608	0xf493	0x91	0xe53c	0xdc3a	50b50876	exact							
1599	0x77b59d07836d	333	0xbd8af	0x26ce24	0x26ce28	+0x4	tail	0xbdd16	185	0x9d964	0xf493	0x91	0xe53c	0xdc3a	0xe896	0x5e01	93f49100	exact							
1600	0x77b59d07836d	185	0x9d964	0x26ce28	0x26ce2b	+0x3	tail	0x9dcab	287	0xb45d2	0xe53c	0xdc3a	0xe896	0x5e01	0x8fb	0xd3f1	3ce53a	exact							
1601	0x77b59d07836d	287	0xb45d2	0x26ce2b	0x26ce2f	+0x4	tail	0xb497e	258	0xadf2c	0x96dc	0x1e8	0xfb5e	0xf108	0xd1d3	0x91	dc96e801	exact							
1602	0x77b59d07836d	258	0xadf2c	0x26ce2f	0x26ce33	+0x4	tail	0xae32f	333	0xbd8af	0xfb5e	0xf108	0xd1d3	0x91	0x2c55	0xa6e8	5efb08f1	exact							
1603	0x77b59d07836d	333	0xbd8af	0x26ce33	0x26ce37	+0x4	tail	0xbdd16	66	0x855ff	0xd1d3	0x91	0x2c55	0xa6e8	0xe860	0x4501	d3d19100	exact							
1604	0x77b59d07836d	66	0x855ff	0x26ce37	0x26ce3a	+0x3	tail	0x859f9	305	0xb78b0	0x2c55	0xa6e8	0xe860	0x4501	0xb48d	0xbd72	552ce8	exact							
1605	0x77b59d07836d	305	0xb78b0	0x26ce3a	0x26ce3e	+0x4	tail	0xb7bb8	307	0xb8064	0x60a6	0x1e8	0x8d45	0x72b4	0x54bd	0x78c9	a660e801	exact							
1606	0x77b59d07836d	307	0xb8064	0x26ce3e	0x26ce41	+0x3	tail	0xb837a	347	0xc088d	0x8d45	0x72b4	0x54bd	0x78c9	0xebb5	0xe803	458db4	exact							
1607	0x77b59d07836d	347	0xc088d	0x26ce41	0x26ce45	+0x4	tail	0xc0d7b	172	0x9b68a	0xbd72	0xc954	0xb578	0x3eb	0x1e8	0xf129	72bd54c9	exact							
1608	0x77b59d07836d	172	0x9b68a	0x26ce45	0x26ce49	+0x4	tail	0x9ba72	315	0xb9451	0xb578	0x3eb	0x1e8	0xf129	0x3cee	0x4902	78b5eb03	exact							
1609	0x77b59d07836d	315	0xb9451	0x26ce49	0x26ce4d	+0x4	tail	0xb9878	43	0x8173d	0x1e8	0xf129	0x3cee	0x4902	0xa06d	0xcf38	e80129f1	exact							
1610	0x77b59d07836d	43	0x8173d	0x26ce4d	0x26ce51	+0x4	tail	0x81b7c	66	0x855ff	0x3cee	0x4902	0xa06d	0xcf38	0x5fba	0xe8e2	ee3c0249	exact							
1611	0x77b59d07836d	66	0x855ff	0x26ce51	0x26ce54	+0x3	tail	0x859f9	337	0xbec0e	0xa06d	0xcf38	0x5fba	0xe8e2	0x6a01	0x6fca	6da038	exact							
1612	0x77b59d07836d	337	0xbec0e	0x26ce54	0x26ce58	+0x4	tail	0xbf126	33	0x7f7c4	0xbacf	0xe25f	0x1e8	0xca6a	0xd56f	0x49af	cfba5fe2	exact							
1613	0x77b59d07836d	33	0x7f7c4	0x26ce58	0x26ce5c	+0x4	tail	0x7fba1	307	0xb8064	0x1e8	0xca6a	0xd56f	0x49af	0xc6e	0x72f4	e8016aca	exact							
1614	0x77b59d07836d	307	0xb8064	0x26ce5c	0x26ce5f	+0x3	tail	0xb837a	196	0x9fbcd	0xd56f	0x49af	0xc6e	0x72f4	0x5cf8	0x86d8	6fd5af	exact							
1615	0x77b59d07836d	196	0x9fbcd	0x26ce5f	0x26ce63	+0x4	tail	0xa0068	189	0x9e7af	0x6e49	0xf40c	0xf872	0xd85c	0xcb86	0x1e8	496e0cf4	exact							
1616	0x77b59d07836d	189	0x9e7af	0x26ce63	0x26ce67	+0x4	tail	0x9eac9	287	0xb45d2	0xf872	0xd85c	0xcb86	0x1e8	0x1e8	0x13d	72f85cd8	exact							
1617	0x77b59d07836d	287	0xb45d2	0x26ce67	0x26ce6b	+0x4	tail	0xb497e	167	0x9a8d2	0xcb86	0x1e8	0x1e8	0x13d	0x640a	0xe810	86cbe801	exact							
1618	0x77b59d07836d	167	0x9a8d2	0x26ce6b	0x26ce71	+0x6	tail	0x9aa81	283	0xb3612	0x1e8	0x13d	0x640a	0xe810	0xc401	0x9e62	e8013d010a64	exact							
1619	0x77b59d07836d	283	0xb3612	0x26ce71	0x26ce76	+0x5	tail	0xb3799	258	0xadf2c	0xe810	0xc401	0x9e62	0x38fc	0xe4fb	0xac40	10e801c462	exact							
1620	0x77b59d07836d	258	0xadf2c	0x26ce76	0x26ce7a	+0x4	tail	0xae32f	322	0xbb3c9	0xfc9e	0xfb38	0x40e4	0x94ac	0x750	0x1e8	9efc38fb	exact							
1621	0x77b59d07836d	322	0xbb3c9	0x26ce7a	0x26ce7e	+0x4	tail	0xbb6e3	91	0x8b6de	0x40e4	0x94ac	0x750	0x1e8	0x16b3	0xf93a	e440ac94	exact							
1622	0x77b59d07836d	91	0x8b6de	0x26ce7e	0x26ce82	+0x4	tail	0x8b8c9	185	0x9d964	0x750	0x1e8	0x16b3	0xf93a	0xea2c	0x10	5007e801	exact							
1623	0x77b59d07836d	185	0x9d964	0x26ce82	0x26ce85	+0x3	tail	0x9dcab	268	0xb0007	0x16b3	0xf93a	0xea2c	0x10	0x13d	0xc670	b3163a	exact							
1624	0x77b59d07836d	268	0xb0007	0x26ce85	0x26ce89	+0x4	tail	0xb0458	301	0xb708d	0x2cf9	0x10ea	0x3d00	0x7001	0xfec6	0xcc31	f92cea10	exact							
1625	0x77b59d07836d	301	0xb708d	0x26ce89	0x26ce8e	+0x5	tail	0xb7583	256	0xad849	0x3d00	0x7001	0xfec6	0xcc31	0x7bf5	0xa00f	003d0170c6	exact							
1626	0x77b59d07836d	256	0xad849	0x26ce8e	0x26ce90	+0x2	tail	0xadbfa	200	0xa0a9e	0x31fe	0xf5cc	0xf7b	0xaa0	0x5ebf	0x68	fe31	exact							
1627	0x77b59d07836d	200	0xa0a9e	0x26ce90	0x26ce96	+0x6	tail	0xa0dc7	340	0xbf435	0xf5cc	0xf7b	0xaa0	0x5ebf	0x68	0x4fd0	ccf57b0fa00a	exact							
1628	0x77b59d07836d	340	0xbf435	0x26ce96	0x26ce9a	+0x4	tail	0xbf886	168	0x9aa83	0x5ebf	0x68	0x4fd0	0xd88e	0xe529	0xbaab	bf5e6800	exact							
1629	0x77b59d07836d	168	0x9aa83	0x26ce9a	0x26ce9e	+0x4	tail	0x9af16	307	0xb8064	0x4fd0	0xd88e	0xe529	0xbaab	0x56	0x13d	d04f8ed8	exact							
1630	0x77b59d07836d	307	0xb8064	0x26ce9e	0x26cea1	+0x3	tail	0xb837a	70	0x8610e	0xe529	0xbaab	0x56	0x13d	0xd045	0xad8	29e5ab	exact							
1631	0x77b59d07836d	70	0x8610e	0x26cea1	0x26cea6	+0x5	tail	0x86763	108	0x8f24b	0x56ba	0x3d00	0x4501	0xd8d0	0x8f0a	0x8bef	ba56003d01	exact							
1632	0x77b59d07836d	108	0x8f24b	0x26cea6	0x26cea8	+0x2	tail	0x8f6cf	28	0x7e390	0xd045	0xad8	0xef8f	0xfb8b	0xe820	0xbc92	45d0	exact							
1633	0x77b59d07836d	28	0x7e390	0x26cea8	0x26ceab	+0x3	tail	0x7e7ca	347	0xc088d	0xad8	0xef8f	0xfb8b	0xe820	0xbc92	0x3ae3	d80a8f	exact							
1634	0x77b59d07836d	347	0xc088d	0x26ceab	0x26ceaf	+0x4	tail	0xc0d7b	196	0x9fbcd	0x8bef	0x20fb	0x92e8	0xe3bc	0x5e3a	0x84f3	ef8bfb20	exact							
1635	0x77b59d07836d	196	0x9fbcd	0x26ceaf	0x26ceb3	+0x4	tail	0xa0068	179	0x9ca8d	0x92e8	0xe3bc	0x5e3a	0x84f3	0xee	0x6e60	e892bce3	exact							
1636	0x77b59d07836d	179	0x9ca8d	0x26ceb3	0x26ceb8	+0x5	tail	0x9cf2f	49	0x82820	0x5e3a	0x84f3	0xee	0x6e60	0x13d	0x8bd8	3a5ef384ee	exact							
1637	0x77b59d07836d	49	0x82820	0x26ceb8	0x26cebd	+0x5	tail	0x82e73	108	0x8f24b	0x6000	0x3d6e	0xd801	0x2b8b	0x6845	0x5500	00606e3d01	exact							
1638	0x77b59d07836d	108	0x8f24b	0x26cebd	0x26cebf	+0x2	tail	0x8f6cf	157	0x98a9a	0x8bd8	0x452b	0x68	0x55	0x82f7	0x9cc3	d88b	exact							
1639	0x77b59d07836d	157	0x98a9a	0x26cebf	0x26cec3	+0x4	tail	0x99026	347	0xc088d	0x452b	0x68	0x55	0x82f7	0x9cc3	0x43b2	2b456800	exact							
1640	0x77b59d07836d	347	0xc088d	0x26cec3	0x26cec7	+0x4	tail	0xc0d7b	254	0xad32c	0x55	0x82f7	0x9cc3	0x43b2	0xd7f1	0x826a	5500f782	exact							
1641	0x77b59d07836d	254	0xad32c	0x26cec7	0x26cecb	+0x4	tail	0xad766	66	0x855ff	0x9cc3	0x43b2	0xd7f1	0x826a	0x3da8	0x1	c39cb243	exact							
1642	0x77b59d07836d	66	0x855ff	0x26cecb	0x26cece	+0x3	tail	0x859f9	79	0x885b0	0xd7f1	0x826a	0x3da8	0x1	0xb3f7	0x4952	f1d76a	exact							
1643	0x77b59d07836d	79	0x885b0	0x26cece	0x26ced3	+0x5	tail	0x88a55	257	0xadbfd	0xa882	0x13d	0xf700	0x52b3	0x2149	0xcfba	82a83d0100	exact							
1644	0x77b59d07836d	257	0xadbfd	0x26ced3	0x26ced5	+0x2	tail	0xadf29	140	0x94e5a	0xb3f7	0x4952	0xba21	0xeecf	0x3aa5	0x68	f7b3	exact							
1645	0x77b59d07836d	140	0x94e5a	0x26ced5	0x26cedb	+0x6	tail	0x951c0	340	0xbf435	0x4952	0xba21	0xeecf	0x3aa5	0x68	0x2e56	524921bacfee	exact							
1646	0x77b59d07836d	340	0xbf435	0x26cedb	0x26cedf	+0x4	tail	0xbf886	199	0xa0631	0x3aa5	0x68	0x2e56	0x7b1	0x592	0xa2	a53a6800	exact							
1647	0x77b59d07836d	199	0xa0631	0x26cedf	0x26cee2	+0x3	tail	0xa0a9c	203	0xa1484	0x2e56	0x7b1	0x592	0xa2	0x13d	0x3b60	562eb1	exact							
1648	0x77b59d07836d	203	0xa1484	0x26cee2	0x26cee6	+0x4	tail	0xa1936	320	0xbada5	0x9207	0xa205	0x3d00	0x6001	0x7a3b	0x620f	079205a2	exact							
1649	0x77b59d07836d	320	0xbada5	0x26cee6	0x26ceeb	+0x5	tail	0xbb1db	173	0x9ba74	0x3d00	0x6001	0x7a3b	0x620f	0x99e	0x793	003d01603b	exact							
1650	0x77b59d07836d	173	0x9ba74	0x26ceeb	0x26ceed	+0x2	tail	0x9bd8c	250	0xac802	0xf7a	0x9e62	0x9309	0xef07	0xfc79	0xb3c7	7a0f	exact							
1651	0x77b59d07836d	250	0xac802	0x26ceed	0x26cef0	+0x3	tail	0xacbc3	43	0x8173d	0x9e62	0x9309	0xef07	0xfc79	0xb3c7	0x6200	629e09	exact							
1652	0x77b59d07836d	43	0x8173d	0x26cef0	0x26cef4	+0x4	tail	0x81b7c	340	0xbf435	0x793	0x79ef	0xc7fc	0xb3	0x8962	0xf7f8	9307ef79	exact							
1653	0x77b59d07836d	340	0xbf435	0x26cef4	0x26cef8	+0x4	tail	0xbf886	146	0x96407	0xc7fc	0xb3	0x8962	0xf7f8	0x8291	0xb61e	fcc7b300	exact							
1654	0x77b59d07836d	146	0x96407	0x26cef8	0x26cefd	+0x5	tail	0x96915	66	0x855ff	0x8962	0xf7f8	0x8291	0xb61e	0xa00	0x3daf	6289f8f791	exact							
1655	0x77b59d07836d	66	0x855ff	0x26cefd	0x26cf00	+0x3	tail	0x859f9	99	0x8c99a	0x1e82	0xb6	0xaf0a	0x13d	0x2be9	0xf657	821eb6	exact							
1656	0x77b59d07836d	99	0x8c99a	0x26cf00	0x26cf05	+0x5	tail	0x8cc7f	160	0x994cf	0xa00	0x3daf	0xe901	0x572b	0x6bf6	0xb08b	000aaf3d01	exact							
1657	0x77b59d07836d	160	0x994cf	0x26cf05	0x26cf07	+0x2	tail	0x99757	43	0x8173d	0x2be9	0xf657	0x8b6b	0xfdb0	0xa60	0xac14	e92b	exact							
1658	0x77b59d07836d	43	0x8173d	0x26cf07	0x26cf0b	+0x4	tail	0x81b7c	300	0xb6c36	0xf657	0x8b6b	0xfdb0	0xa60	0xac14	0x7621	57f66b8b	exact							
1659	0x77b59d07836d	300	0xb6c36	0x26cf0b	0x26cf0f	+0x4	tail	0xb708a	258	0xadf2c	0xfdb0	0xa60	0xac14	0x7621	0x655	0x3dae	b0fd600a	exact							
1660	0x77b59d07836d	258	0xadf2c	0x26cf0f	0x26cf13	+0x4	tail	0xae32f	297	0xb64d7	0xac14	0x7621	0x655	0x3dae	0x6901	0x4858	14ac2176	exact							
1661	0x77b59d07836d	297	0xb64d7	0x26cf13	0x26cf16	+0x3	tail	0xb68ff	242	0xaa87d	0x655	0x3dae	0x6901	0x4858	0xa5	0x0	5506ae	exact							
1662	0x77b59d07836d	242	0xaa87d	0x26cf16	0x26cf1b	+0x5	tail	0xaab67	145	0x95b5c	0x13d	0x5869	0xa548	0x0	0xec00	0xb	3d01695848	exact							
1663	0x77b59d07836d	145	0x95b5c	0x26cf1b	0x26db07	+0xbec	tail	0x9634f	165	0x9a24c	0xa5	0x0	0xbec	0x0	0x13d	0x6022	a5000000ec0b00003d01226005cfb8eb00c5036f80909d5a47e8015ead78020e	prefix_32_of_3052							
1664	0x77b59d07836d	165	0x9a24c	0x26db07	0x26db09	+0x2	tail	0x9a46b	199	0xa0631	0xc7	0x480f	0x2a3a	0x3389	0xeebc	0x6e8d	c700	exact							
1665	0x77b59d07836d	199	0xa0631	0x26db09	0x26db0c	+0x3	tail	0xa0a9c	114	0x90319	0x480f	0x2a3a	0x3389	0xeebc	0x6e8d	0x403e	0f483a	exact							
1666	0x77b59d07836d	114	0x90319	0x26db0c	0x26db10	+0x4	tail	0x90893	350	0xc1926	0x892a	0xbc33	0x8dee	0x3e6e	0x540	0x1e8	2a8933bc	exact							
1667	0x77b59d07836d	350	0xc1926	0x26db10	0x26db14	+0x4	tail	0xc1d46	91	0x8b6de	0x8dee	0x3e6e	0x540	0x1e8	0xd4b4	0xd5fe	ee8d6e3e	exact							
1668	0x77b59d07836d	91	0x8b6de	0x26db14	0x26db18	+0x4	tail	0x8b8c9	168	0x9aa83	0x540	0x1e8	0xd4b4	0xd5fe	0x3d00	0xdc01	4005e801	exact							
1669	0x77b59d07836d	168	0x9aa83	0x26db18	0x26db1c	+0x4	tail	0x9af16	220	0xa522e	0xd4b4	0xd5fe	0x3d00	0xdc01	0x913f	0xbd2a	b4d4fed5	exact							
1670	0x77b59d07836d	220	0xa522e	0x26db1c	0x26db21	+0x5	tail	0xa5886	160	0x994cf	0x3d00	0xdc01	0x913f	0xbd2a	0x3749	0x10b0	003d01dc3f	exact							
1671	0x77b59d07836d	160	0x994cf	0x26db21	0x26db23	+0x2	tail	0x99757	64	0x85059	0x2a91	0x49bd	0xb037	0x6810	0x2891	0xa136	912a	exact							
1672	0x77b59d07836d	64	0x85059	0x26db23	0x26db27	+0x4	tail	0x8536e	239	0xa991e	0x49bd	0xb037	0x6810	0x2891	0xa136	0x1240	bd4937b0	exact							
1673	0x77b59d07836d	239	0xa991e	0x26db27	0x26db2d	+0x6	tail	0xa9cf4	18	0x7be9b	0x6810	0x2891	0xa136	0x1240	0xe39a	0x1655	1068912836a1	exact							
1674	0x77b59d07836d	18	0x7be9b	0x26db2d	0x26db30	+0x3	tail	0x7c308	168	0x9aa83	0x1240	0xe39a	0x1655	0x3dd9	0xbe01	0x2e	40129a	exact							
1675	0x77b59d07836d	168	0x9aa83	0x26db30	0x26db34	+0x4	tail	0x9af16	319	0xba72f	0x55e3	0xd916	0x13d	0x2ebe	0xf600	0xc425	e35516d9	exact							
1676	0x77b59d07836d	319	0xba72f	0x26db34	0x26db39	+0x5	tail	0xbada2	256	0xad849	0x13d	0x2ebe	0xf600	0xc425	0xb30c	0x7800	3d01be2e00	exact							
1677	0x77b59d07836d	256	0xad849	0x26db39	0x26db3b	+0x2	tail	0xadbfa	340	0xbf435	0x25f6	0xcc4	0xb3	0x178	0x7914	0xad3a	f625	exact							
1678	0x77b59d07836d	340	0xbf435	0x26db3b	0x26db3f	+0x4	tail	0xbf886	43	0x8173d	0xcc4	0xb3	0x178	0x7914	0xad3a	0x5894	c40cb300	exact							
1679	0x77b59d07836d	43	0x8173d	0x26db3f	0x26db43	+0x4	tail	0x81b7c	146	0x96407	0x178	0x7914	0xad3a	0x5894	0x68f8	0x5b09	78011479	exact							
1680	0x77b59d07836d	146	0x96407	0x26db43	0x26db48	+0x5	tail	0x96915	28	0x7e390	0xad3a	0x5894	0x68f8	0x5b09	0x3d00	0x5f01	3aad9458f8	exact							
1681	0x77b59d07836d	28	0x7e390	0x26db48	0x26db4b	+0x3	tail	0x7e7ca	301	0xb708d	0x968	0x5b	0x13d	0xf05f	0x63fc	0xcb8e	68095b	exact							
1682	0x77b59d07836d	301	0xb708d	0x26db4b	0x26db50	+0x5	tail	0xb7583	108	0x8f24b	0x3d00	0x5f01	0xfcf0	0x8e63	0x32cb	0xe0bf	003d015ff0	exact							
1683	0x77b59d07836d	108	0x8f24b	0x26db50	0x26db52	+0x2	tail	0x8f6cf	43	0x8173d	0x63fc	0xcb8e	0xbf32	0x3e0	0x518e	0x58	fc63	exact							
1684	0x77b59d07836d	43	0x8173d	0x26db52	0x26db56	+0x4	tail	0x81b7c	28	0x7e390	0xcb8e	0xbf32	0x3e0	0x518e	0x58	0x5fe0	8ecb32bf	exact							
1685	0x77b59d07836d	28	0x7e390	0x26db56	0x26db59	+0x3	tail	0x7e7ca	124	0x91e81	0x3e0	0x518e	0x58	0x5fe0	0xdfc9	0x7eb7	e0038e	exact							
1686	0x77b59d07836d	124	0x91e81	0x26db59	0x26db5f	+0x6	tail	0x922c1	258	0xadf2c	0x5851	0xe000	0xc95f	0xb7df	0x287e	0x907d	515800e05fc9	exact							
1687	0x77b59d07836d	258	0xadf2c	0x26db5f	0x26db63	+0x4	tail	0xae32f	37	0x80685	0xb7df	0x287e	0x907d	0x3d91	0xf01	0x69e	dfb77e28	exact							
1688	0x77b59d07836d	37	0x80685	0x26db63	0x26db68	+0x5	tail	0x80d77	144	0x95887	0x907d	0x3d91	0xf01	0x69e	0x5a0b	0x7f01	7d90913d01	exact							
1689	0x77b59d07836d	144	0x95887	0x26db68	0x26db6a	+0x2	tail	0x95b59	347	0xc088d	0x9e0f	0xb06	0x15a	0x9f7f	0x1790	0x4cba	0f9e	exact							
1690	0x77b59d07836d	347	0xc088d	0x26db6a	0x26db6e	+0x4	tail	0xc0d7b	203	0xa1484	0xb06	0x15a	0x9f7f	0x1790	0x4cba	0x3190	060b5a01	exact							
1691	0x77b59d07836d	203	0xa1484	0x26db6e	0x26db72	+0x4	tail	0xa1936	239	0xa991e	0x9f7f	0x1790	0x4cba	0x3190	0xa1be	0x3a39	7f9f9017	exact							
1692	0x77b59d07836d	239	0xa991e	0x26db72	0x26db78	+0x6	tail	0xa9cf4	66	0x855ff	0x4cba	0x3190	0xa1be	0x3a39	0xa0	0x13d	ba4c9031bea1	exact							
1693	0x77b59d07836d	66	0x855ff	0x26db78	0x26db7b	+0x3	tail	0x859f9	269	0xb045b	0x3a39	0xa0	0x13d	0xd549	0x3df6	0x9c6c	393aa0	exact							
1694	0x77b59d07836d	269	0xb045b	0x26db7b	0x26db80	+0x5	tail	0xb092e	108	0x8f24b	0x3d00	0x4901	0xf6d5	0x6c3d	0x9c	0x47e4	003d0149d5	exact							
1695	0x77b59d07836d	108	0x8f24b	0x26db80	0x26db82	+0x2	tail	0x8f6cf	124	0x91e81	0x3df6	0x9c6c	0xe400	0xc147	0x658	0x8fa2	f63d	exact							
1696	0x77b59d07836d	124	0x91e81	0x26db82	0x26db88	+0x6	tail	0x922c1	28	0x7e390	0x9c6c	0xe400	0xc147	0x658	0x8fa2	0x2992	6c9c00e447c1	exact							
1697	0x77b59d07836d	28	0x7e390	0x26db88	0x26db8b	+0x3	tail	0x7e7ca	203	0xa1484	0x658	0x8fa2	0x2992	0x64a3	0x9dfc	0xf4f7	5806a2	exact							
1698	0x77b59d07836d	203	0xa1484	0x26db8b	0x26db8f	+0x4	tail	0xa1936	337	0xbec0e	0x928f	0xa329	0xfc64	0xf79d	0xaef4	0x3d00	8f9229a3	exact							
1699	0x77b59d07836d	337	0xbec0e	0x26db8f	0x26db93	+0x4	tail	0xbf126	83	0x8947b	0xfc64	0xf79d	0xaef4	0x3d00	0x101	0x23d9	64fc9df7	exact							
1700	0x77b59d07836d	83	0x8947b	0x26db93	0x26db98	+0x5	tail	0x89839	108	0x8f24b	0xaef4	0x3d00	0x101	0x23d9	0x6df	0xa350	f4ae003d01	exact							
1701	0x77b59d07836d	108	0x8f24b	0x26db98	0x26db9a	+0x2	tail	0x8f6cf	199	0xa0631	0xd901	0xdf23	0x5006	0x13a3	0x8800	0x150e	01d9	exact							
1702	0x77b59d07836d	199	0xa0631	0x26db9a	0x26db9d	+0x3	tail	0xa0a9c	340	0xbf435	0xdf23	0x5006	0x13a3	0x8800	0x150e	0x6fb3	23df06	exact							
1703	0x77b59d07836d	340	0xbf435	0x26db9d	0x26dba1	+0x4	tail	0xbf886	260	0xae90b	0xa350	0x13	0xe88	0xb315	0x906f	0xe2b0	50a31300	exact							
1704	0x77b59d07836d	260	0xae90b	0x26dba1	0x26dba5	+0x4	tail	0xaeda0	203	0xa1484	0xe88	0xb315	0x906f	0xe2b0	0x3d00	0x5f01	880e15b3	exact							
1705	0x77b59d07836d	203	0xa1484	0x26dba5	0x26dba9	+0x4	tail	0xa1936	269	0xb045b	0x906f	0xe2b0	0x3d00	0x5f01	0x6bb7	0xb482	6f90b0e2	exact							
1706	0x77b59d07836d	269	0xb045b	0x26dba9	0x26dbae	+0x5	tail	0xb092e	173	0x9ba74	0x3d00	0x5f01	0x6bb7	0xb482	0xb31e	0x2800	003d015fb7	exact							
1707	0x77b59d07836d	173	0x9ba74	0x26dbae	0x26dbb0	+0x2	tail	0x9bd8c	340	0xbf435	0x826b	0x1eb4	0xb3	0xb728	0xa9e6	0xe80e	6b82	exact							
1708	0x77b59d07836d	340	0xbf435	0x26dbb0	0x26dbb4	+0x4	tail	0xbf886	297	0xb64d7	0x1eb4	0xb3	0xb728	0xa9e6	0xe80e	0xd201	b41eb300	exact							
1709	0x77b59d07836d	297	0xb64d7	0x26dbb4	0x26dbb7	+0x3	tail	0xb68ff	174	0x9bd8f	0xb728	0xa9e6	0xe80e	0xd201	0x8c13	0x11e0	28b7e6	exact							
1710	0x77b59d07836d	174	0x9bd8f	0x26dbb7	0x26dbbb	+0x4	tail	0x9c08c	18	0x7be9b	0xea9	0x1e8	0x13d2	0xe08c	0xb311	0x3b00	a90ee801	exact							
1711	0x77b59d07836d	18	0x7be9b	0x26dbbb	0x26dbbe	+0x3	tail	0x7c308	340	0xbf435	0x13d2	0xe08c	0xb311	0x3b00	0xe874	0xe801	d2138c	exact							
1712	0x77b59d07836d	340	0xbf435	0x26dbbe	0x26dbc2	+0x4	tail	0xbf886	174	0x9bd8f	0x11e0	0xb3	0x743b	0x1e8	0x1e8	0x13d	e011b300	exact							
1713	0x77b59d07836d	174	0x9bd8f	0x26dbc2	0x26dbc6	+0x4	tail	0x9c08c	40	0x8115d	0x743b	0x1e8	0x1e8	0x13d	0xb549	0x810	3b74e801	exact							
1714	0x77b59d07836d	40	0x8115d	0x26dbc6	0x26dbcc	+0x6	tail	0x8129b	215	0xa4609	0x1e8	0x13d	0xb549	0x810	0x6f1c	0x5b5	e8013d0149b5	exact							
1715	0x77b59d07836d	215	0xa4609	0x26dbcc	0x26dbcf	+0x3	tail	0xa4a5e	258	0xadf2c	0x810	0x6f1c	0x5b5	0xe8e1	0xdb01	0xc69b	10081c	exact							
1716	0x77b59d07836d	258	0xadf2c	0x26dbcf	0x26dbd3	+0x4	tail	0xae32f	176	0x9c10b	0xb56f	0xe105	0x1e8	0x9bdb	0x78c6	0xc009	6fb505e1	exact							
1717	0x77b59d07836d	176	0x9c10b	0x26dbd3	0x26dbd7	+0x4	tail	0x9c3f4	114	0x90319	0x1e8	0x9bdb	0x78c6	0xc009	0x5c57	0xe632	e801db9b	exact							
1718	0x77b59d07836d	114	0x90319	0x26dbd7	0x26dbdb	+0x4	tail	0x90893	199	0xa0631	0x78c6	0xc009	0x5c57	0xe632	0xe83a	0x601	c67809c0	exact							
1719	0x77b59d07836d	199	0xa0631	0x26dbdb	0x26dbde	+0x3	tail	0xa0a9c	123	0x91a59	0x5c57	0xe632	0xe83a	0x601	0xd31b	0xeaf6	575c32	exact							
1720	0x77b59d07836d	123	0x91a59	0x26dbde	0x26dbe2	+0x4	tail	0x91e7f	64	0x85059	0x3ae6	0x1e8	0x1b06	0xf6d3	0xa5ea	0xe8ae	e63ae801	exact							
1721	0x77b59d07836d	64	0x85059	0x26dbe2	0x26dbe6	+0x4	tail	0x8536e	307	0xb8064	0x1b06	0xf6d3	0xa5ea	0xe8ae	0xf601	0xecbf	061bd3f6	exact							
1722	0x77b59d07836d	307	0xb8064	0x26dbe6	0x26dbe9	+0x3	tail	0xb837a	158	0x99029	0xa5ea	0xe8ae	0xf601	0xecbf	0x1bf4	0x69f7	eaa5ae	exact							
1723	0x77b59d07836d	158	0x99029	0x26dbe9	0x26dbed	+0x4	tail	0x992ca	337	0xbec0e	0x1e8	0xbff6	0xf4ec	0xf71b	0x1a69	0xe82c	e801f6bf	exact							
1724	0x77b59d07836d	337	0xbec0e	0x26dbed	0x26dbf1	+0x4	tail	0xbf126	66	0x855ff	0xf4ec	0xf71b	0x1a69	0xe82c	0x9c01	0x9067	ecf41bf7	exact							
1725	0x77b59d07836d	66	0x855ff	0x26dbf1	0x26dbf4	+0x3	tail	0x859f9	158	0x99029	0x1a69	0xe82c	0x9c01	0x9067	0x1c03	0xb5f5	691a2c	exact							
1726	0x77b59d07836d	158	0x99029	0x26dbf4	0x26dbf8	+0x4	tail	0x992ca	215	0xa4609	0x1e8	0x679c	0x390	0xf51c	0x72b5	0xa0ff	e8019c67	exact							
1727	0x77b59d07836d	215	0xa4609	0x26dbf8	0x26dbfb	+0x3	tail	0xa4a5e	114	0x90319	0x390	0xf51c	0x72b5	0xa0ff	0xe829	0x5e01	90031c	exact							
1728	0x77b59d07836d	114	0x90319	0x26dbfb	0x26dbff	+0x4	tail	0x90893	123	0x91a59	0xb5f5	0xff72	0x29a0	0x1e8	0x925e	0x9d60	f5b572ff	exact							
1729	0x77b59d07836d	123	0x91a59	0x26dbff	0x26dc03	+0x4	tail	0x91e7f	189	0x9e7af	0x29a0	0x1e8	0x925e	0x9d60	0x4fc5	0xe87e	a029e801	exact							
1730	0x77b59d07836d	189	0x9e7af	0x26dc03	0x26dc07	+0x4	tail	0x9eac9	66	0x855ff	0x925e	0x9d60	0x4fc5	0xe87e	0x2c01	0xb6ac	5e92609d	exact							
1731	0x77b59d07836d	66	0x855ff	0x26dc07	0x26dc0a	+0x3	tail	0x859f9	158	0x99029	0x4fc5	0xe87e	0x2c01	0xb6ac	0x1a0f	0x24a2	c54f7e	exact							
1732	0x77b59d07836d	158	0x99029	0x26dc0a	0x26dc0e	+0x4	tail	0x992ca	347	0xc088d	0x1e8	0xac2c	0xfb6	0xa21a	0xac24	0xda3a	e8012cac	exact							
1733	0x77b59d07836d	347	0xc088d	0x26dc0e	0x26dc12	+0x4	tail	0xc0d7b	185	0x9d964	0xfb6	0xa21a	0xac24	0xda3a	0xe87f	0xa301	b60f1aa2	exact							
1734	0x77b59d07836d	185	0x9d964	0x26dc12	0x26dc15	+0x3	tail	0x9dcab	184	0x9d694	0xac24	0xda3a	0xe87f	0xa301	0xf8a7	0x1b0c	24ac3a	exact							
1735	0x77b59d07836d	184	0x9d694	0x26dc15	0x26dc19	+0x4	tail	0x9d961	66	0x855ff	0x7fda	0x1e8	0xa7a3	0xcf8	0x381b	0xe800	da7fe801	exact							
1736	0x77b59d07836d	66	0x855ff	0x26dc19	0x26dc1c	+0x3	tail	0x859f9	340	0xbf435	0xa7a3	0xcf8	0x381b	0xe800	0xdd01	0xdc72	a3a7f8	exact							
1737	0x77b59d07836d	340	0xbf435	0x26dc1c	0x26dc20	+0x4	tail	0xbf886	20	0x7c62b	0x1b0c	0x38	0x1e8	0x72dd	0xfadc	0xe72c	0c1b3800	exact							
1738	0x77b59d07836d	20	0x7c62b	0x26dc20	0x26dc24	+0x4	tail	0x7ca96	189	0x9e7af	0x1e8	0x72dd	0xfadc	0xe72c	0x1a3	0xe83a	e801dd72	exact							
1739	0x77b59d07836d	189	0x9e7af	0x26dc24	0x26dc28	+0x4	tail	0x9eac9	185	0x9d964	0xfadc	0xe72c	0x1a3	0xe83a	0x7d01	0x10e5	dcfa2ce7	exact							
1740	0x77b59d07836d	185	0x9d964	0x26dc28	0x26dc2b	+0x3	tail	0x9dcab	176	0x9c10b	0x1a3	0xe83a	0x7d01	0x10e5	0x4e08	0x1d6b	a3013a	exact							
1741	0x77b59d07836d	176	0x9c10b	0x26dc2b	0x26dc2f	+0x4	tail	0x9c3f4	28	0x7e390	0x1e8	0xe57d	0x810	0x6b4e	0x311d	0xe8fd	e8017de5	exact							
1742	0x77b59d07836d	28	0x7e390	0x26dc2f	0x26dc32	+0x3	tail	0x7e7ca	258	0xadf2c	0x810	0x6b4e	0x311d	0xe8fd	0x9801	0xa077	10084e	exact							
1743	0x77b59d07836d	258	0xadf2c	0x26dc32	0x26dc36	+0x4	tail	0xae32f	20	0x7c62b	0x1d6b	0xfd31	0x1e8	0x7798	0x22a0	0x142e	6b1d31fd	exact							
1744	0x77b59d07836d	20	0x7c62b	0x26dc36	0x26dc3a	+0x4	tail	0x7ca96	18	0x7be9b	0x1e8	0x7798	0x22a0	0x142e	0x1acd	0xf89a	e8019877	exact							
1745	0x77b59d07836d	18	0x7be9b	0x26dc3a	0x26dc3d	+0x3	tail	0x7c308	64	0x85059	0x22a0	0x142e	0x1acd	0xf89a	0xe864	0xb701	a0222e	exact							
1746	0x77b59d07836d	64	0x85059	0x26dc3d	0x26dc41	+0x4	tail	0x8536e	184	0x9d694	0xcd14	0x9a1a	0x64f8	0x1e8	0x5fb7	0x5caa	14cd1a9a	exact							
1747	0x77b59d07836d	184	0x9d694	0x26dc41	0x26dc45	+0x4	tail	0x9d961	199	0xa0631	0x64f8	0x1e8	0x5fb7	0x5caa	0x2820	0xcf00	f864e801	exact							
1748	0x77b59d07836d	199	0xa0631	0x26dc45	0x26dc48	+0x3	tail	0xa0a9c	340	0xbf435	0x5fb7	0x5caa	0x2820	0xcf00	0xe875	0xec01	b75faa	exact							
1749	0x77b59d07836d	340	0xbf435	0x26dc48	0x26dc4c	+0x4	tail	0xbf886	174	0x9bd8f	0x205c	0x28	0x75cf	0x1e8	0xcaec	0xfb1a	5c202800	exact							
1750	0x77b59d07836d	174	0x9bd8f	0x26dc4c	0x26dc50	+0x4	tail	0x9c08c	258	0xadf2c	0x75cf	0x1e8	0xcaec	0xfb1a	0x680	0x5837	cf75e801	exact							
1751	0x77b59d07836d	258	0xadf2c	0x26dc50	0x26dc54	+0x4	tail	0xae32f	18	0x7be9b	0xcaec	0xfb1a	0x680	0x5837	0xe832	0x101	ecca1afb	exact							
1752	0x77b59d07836d	18	0x7be9b	0x26dc54	0x26dc57	+0x3	tail	0x7c308	184	0x9d694	0x680	0x5837	0xe832	0x101	0x7aaf	0x78c4	800637	exact							
1753	0x77b59d07836d	184	0x9d694	0x26dc57	0x26dc5b	+0x4	tail	0x9d961	66	0x855ff	0x3258	0x1e8	0xaf01	0xc47a	0xab78	0x8d00	5832e801	exact							
1754	0x77b59d07836d	66	0x855ff	0x26dc5b	0x26dc5e	+0x3	tail	0x859f9	340	0xbf435	0xaf01	0xc47a	0xab78	0x8d00	0xe873	0x2201	01af7a	exact							
1755	0x77b59d07836d	340	0xbf435	0x26dc5e	0x26dc62	+0x4	tail	0xbf886	161	0x9975a	0x78c4	0xab	0x738d	0x1e8	0xb22	0xc715	c478ab00	exact							
1756	0x77b59d07836d	161	0x9975a	0x26dc62	0x26dc66	+0x4	tail	0x99b3a	199	0xa0631	0x738d	0x1e8	0xb22	0xc715	0x67fd	0x7636	8d73e801	exact							
1757	0x77b59d07836d	199	0xa0631	0x26dc66	0x26dc69	+0x3	tail	0xa0a9c	114	0x90319	0xb22	0xc715	0x67fd	0x7636	0xe8e5	0x8401	220b15	exact							
1758	0x77b59d07836d	114	0x90319	0x26dc69	0x26dc6d	+0x4	tail	0x90893	123	0x91a59	0xfdc7	0x3667	0xe576	0x1e8	0xf784	0x26	c7fd6736	exact							
1759	0x77b59d07836d	123	0x91a59	0x26dc6d	0x26dc71	+0x4	tail	0x91e7f	264	0xaf4cf	0xe576	0x1e8	0xf784	0x26	0x80	0xfd00	76e5e801	exact							
1760	0x77b59d07836d	264	0xaf4cf	0x26dc71	0x26dc7b	+0xa	dispatch	0xc80b9	310	0xb8556	0xf784	0x26	0x80	0xfd00	0x1	0x1e8	84f72600800000fd0100	exact		0x4000500		0x984d244d			0x3a
1761	0x77b59d07836d	310	0xb8556	0x26dc7b	0x26dc7f	+0x4	tail	0xb86f5	165	0x9a24c	0x1e8	0xa5	0x154	0x17d4	0x99	0xef7f	e801a500	exact	0x4000500		0x984d244d			0x3a	
1762	0x77b59d07836d	165	0x9a24c	0x26dc7f	0x26dc81	+0x2	tail	0x9a46b	340	0xbf435	0x154	0x17d4	0x99	0xef7f	0x99	0x8ad8	5401	exact							
1763	0x77b59d07836d	340	0xbf435	0x26dc81	0x26dc85	+0x4	tail	0xbf886	333	0xbd8af	0x17d4	0x99	0xef7f	0x99	0x8ad8	0xa42a	d4179900	exact							
1764	0x77b59d07836d	333	0xbd8af	0x26dc85	0x26dc89	+0x4	tail	0xbdd16	18	0x7be9b	0xef7f	0x99	0x8ad8	0xa42a	0xe895	0x1001	7fef9900	exact							
1765	0x77b59d07836d	18	0x7be9b	0x26dc89	0x26dc8c	+0x3	tail	0x7c308	346	0xc0535	0x8ad8	0xa42a	0xe895	0x1001	0x2873	0xe731	d88a2a	exact							
1766	0x77b59d07836d	346	0xc0535	0x26dc8c	0x26dc90	+0x4	tail	0xc088b	337	0xbec0e	0x95a4	0x1e8	0x7310	0x3128	0xf9e7	0xd0e4	a495e801	exact							
1767	0x77b59d07836d	337	0xbec0e	0x26dc90	0x26dc94	+0x4	tail	0xbf126	168	0x9aa83	0x7310	0x3128	0xf9e7	0xd0e4	0x4046	0x853a	10732831	exact							
1768	0x77b59d07836d	168	0x9aa83	0x26dc94	0x26dc98	+0x4	tail	0x9af16	66	0x855ff	0xf9e7	0xd0e4	0x4046	0x853a	0xe84d	0x8b01	e7f9e4d0	exact							
1769	0x77b59d07836d	66	0x855ff	0x26dc98	0x26dc9b	+0x3	tail	0x859f9	305	0xb78b0	0x4046	0x853a	0xe84d	0x8b01	0x89f9	0x5a00	46403a	exact							
1770	0x77b59d07836d	305	0xb78b0	0x26dc9b	0x26dc9f	+0x4	tail	0xb7bb8	333	0xbd8af	0x4d85	0x1e8	0xf98b	0x89	0x4a5a	0x89	854de801	exact							
1771	0x77b59d07836d	333	0xbd8af	0x26dc9f	0x26dca3	+0x4	tail	0xbdd16	340	0xbf435	0xf98b	0x89	0x4a5a	0x89	0xad0	0xf148	8bf98900	exact							
1772	0x77b59d07836d	340	0xbf435	0x26dca3	0x26dca7	+0x4	tail	0xbf886	215	0xa4609	0x4a5a	0x89	0xad0	0xf148	0xe8e9	0xb701	5a4a8900	exact							
1773	0x77b59d07836d	215	0xa4609	0x26dca7	0x26dcaa	+0x3	tail	0xa4a5e	346	0xc0535	0xad0	0xf148	0xe8e9	0xb701	0xae83	0x4027	d00a48	exact							
1774	0x77b59d07836d	346	0xc0535	0x26dcaa	0x26dcae	+0x4	tail	0xc088b	268	0xb0007	0xe9f1	0x1e8	0x83b7	0x27ae	0x240	0x9e50	f1e9e801	exact							
1775	0x77b59d07836d	268	0xb0007	0x26dcae	0x26dcb2	+0x4	tail	0xb0458	189	0x9e7af	0x83b7	0x27ae	0x240	0x9e50	0x988	0xeccc	b783ae27	exact							
1776	0x77b59d07836d	189	0x9e7af	0x26dcb2	0x26dcb6	+0x4	tail	0x9eac9	28	0x7e390	0x240	0x9e50	0x988	0xeccc	0xe8ff	0x3a01	4002509e	exact							
1777	0x77b59d07836d	28	0x7e390	0x26dcb6	0x26dcb9	+0x3	tail	0x7e7ca	305	0xb78b0	0x988	0xeccc	0xe8ff	0x3a01	0xabb5	0x95a3	8809cc	exact							
1778	0x77b59d07836d	305	0xb78b0	0x26dcb9	0x26dcbd	+0x4	tail	0xb7bb8	307	0xb8064	0xffec	0x1e8	0xb53a	0xa3ab	0x2395	0x1ff9	ecffe801	exact							
1779	0x77b59d07836d	307	0xb8064	0x26dcbd	0x26dcc0	+0x3	tail	0xb837a	64	0x85059	0xb53a	0xa3ab	0x2395	0x1ff9	0x2325	0xa401	3ab5ab	exact							
1780	0x77b59d07836d	64	0x85059	0x26dcc0	0x26dcc4	+0x4	tail	0x8536e	157	0x98a9a	0x95a3	0xf923	0x251f	0x123	0x42a4	0x1e8	a39523f9	exact							
1781	0x77b59d07836d	157	0x98a9a	0x26dcc4	0x26dcc8	+0x4	tail	0x99026	346	0xc0535	0x251f	0x123	0x42a4	0x1e8	0xdf83	0x67c1	1f252301	exact							
1782	0x77b59d07836d	346	0xc0535	0x26dcc8	0x26dccc	+0x4	tail	0xc088b	297	0xb64d7	0x42a4	0x1e8	0xdf83	0x67c1	0x4b82	0x9f03	a442e801	exact							
1783	0x77b59d07836d	297	0xb64d7	0x26dccc	0x26dccf	+0x3	tail	0xb68ff	347	0xc088d	0xdf83	0x67c1	0x4b82	0x9f03	0x47f9	0xe801	83dfc1	exact							
1784	0x77b59d07836d	347	0xc088d	0x26dccf	0x26dcd3	+0x4	tail	0xc0d7b	333	0xbd8af	0x8267	0x34b	0xf99f	0x147	0x1e8	0xf5b9	67824b03	exact							
1785	0x77b59d07836d	333	0xbd8af	0x26dcd3	0x26dcd7	+0x4	tail	0xbdd16	315	0xb9451	0xf99f	0x147	0x1e8	0xf5b9	0x9617	0x6c3a	9ff94701	exact							
1786	0x77b59d07836d	315	0xb9451	0x26dcd7	0x26dcdb	+0x4	tail	0xb9878	185	0x9d964	0x1e8	0xf5b9	0x9617	0x6c3a	0x2c84	0x4d62	e801b9f5	exact							
1787	0x77b59d07836d	185	0x9d964	0x26dcdb	0x26dcde	+0x3	tail	0x9dcab	337	0xbec0e	0x9617	0x6c3a	0x2c84	0x4d62	0xcc59	0x5ec0	17963a	exact							
1788	0x77b59d07836d	337	0xbec0e	0x26dcde	0x26dce2	+0x4	tail	0xbf126	196	0x9fbcd	0x846c	0x622c	0x594d	0xc0cc	0xb55e	0x1e8	6c842c62	exact							
1789	0x77b59d07836d	196	0x9fbcd	0x26dce2	0x26dce6	+0x4	tail	0xa0068	305	0xb78b0	0x594d	0xc0cc	0xb55e	0x1e8	0xb747	0xfdb	4d59ccc0	exact							
1790	0x77b59d07836d	305	0xb78b0	0x26dce6	0x26dcea	+0x4	tail	0xb7bb8	172	0x9b68a	0xb55e	0x1e8	0xb747	0xfdb	0xed01	0xdd2c	5eb5e801	exact							
1791	0x77b59d07836d	172	0x9b68a	0x26dcea	0x26dcee	+0x4	tail	0x9ba72	189	0x9e7af	0xb747	0xfdb	0xed01	0xdd2c	0x154b	0xcb3a	47b7db0f	exact							
1792	0x77b59d07836d	189	0x9e7af	0x26dcee	0x26dcf2	+0x4	tail	0x9eac9	185	0x9d964	0xed01	0xdd2c	0x154b	0xcb3a	0xe840	0x8001	01ed2cdd	exact							
1793	0x77b59d07836d	185	0x9d964	0x26dcf2	0x26dcf5	+0x3	tail	0x9dcab	26	0x7dbbb	0x154b	0xcb3a	0xe840	0x8001	0xabb5	0x878b	4b153a	exact							
1794	0x77b59d07836d	26	0x7dbbb	0x26dcf5	0x26dcf9	+0x4	tail	0x7dfbd	307	0xb8064	0x40cb	0x1e8	0xb580	0x8bab	0xd387	0xb0df	cb40e801	exact							
1795	0x77b59d07836d	307	0xb8064	0x26dcf9	0x26dcfc	+0x3	tail	0xb837a	64	0x85059	0xb580	0x8bab	0xd387	0xb0df	0x3b21	0xe80b	80b5ab	exact							
1796	0x77b59d07836d	64	0x85059	0x26dcfc	0x26dd00	+0x4	tail	0x8536e	172	0x9b68a	0x878b	0xdfd3	0x21b0	0xb3b	0x1e8	0xf386	8b87d3df	exact							
1797	0x77b59d07836d	172	0x9b68a	0x26dd00	0x26dd04	+0x4	tail	0x9ba72	33	0x7f7c4	0x21b0	0xb3b	0x1e8	0xf386	0x9373	0x19d	b0213b0b	exact							
1798	0x77b59d07836d	33	0x7f7c4	0x26dd04	0x26dd08	+0x4	tail	0x7fba1	157	0x98a9a	0x1e8	0xf386	0x9373	0x19d	0x7736	0x3578	e80186f3	exact							
1799	0x77b59d07836d	157	0x98a9a	0x26dd08	0x26dd0c	+0x4	tail	0x99026	114	0x90319	0x9373	0x19d	0x7736	0x3578	0xd2b5	0xeca	73939d01	exact							
1800	0x77b59d07836d	114	0x90319	0x26dd0c	0x26dd10	+0x4	tail	0x90893	66	0x855ff	0x7736	0x3578	0xd2b5	0xeca	0xe84a	0x2001	36777835	exact							
1801	0x77b59d07836d	66	0x855ff	0x26dd10	0x26dd13	+0x3	tail	0x859f9	287	0xb45d2	0xd2b5	0xeca	0xe84a	0x2001	0x4406	0xcbd1	b5d2ca	exact							
1802	0x77b59d07836d	287	0xb45d2	0x26dd13	0x26dd17	+0x4	tail	0xb497e	215	0xa4609	0x4a0e	0x1e8	0x620	0xd144	0xfdcb	0x86e0	0e4ae801	exact							
1803	0x77b59d07836d	215	0xa4609	0x26dd17	0x26dd1a	+0x3	tail	0xa4a5e	196	0x9fbcd	0x620	0xd144	0xfdcb	0x86e0	0x887	0x4542	200644	exact							
1804	0x77b59d07836d	196	0x9fbcd	0x26dd1a	0x26dd1e	+0x4	tail	0xa0068	347	0xc088d	0xcbd1	0xe0fd	0x8786	0x4208	0x1e45	0x1e8	d1cbfde0	exact							
1805	0x77b59d07836d	347	0xc088d	0x26dd1e	0x26dd22	+0x4	tail	0xc0d7b	305	0xb78b0	0x8786	0x4208	0x1e45	0x1e8	0xdad	0x2115	86870842	exact							
1806	0x77b59d07836d	305	0xb78b0	0x26dd22	0x26dd26	+0x4	tail	0xb7bb8	347	0xc088d	0x1e45	0x1e8	0xdad	0x2115	0x6f4c	0xd506	451ee801	exact							
1807	0x77b59d07836d	347	0xc088d	0x26dd26	0x26dd2a	+0x4	tail	0xc0d7b	168	0x9aa83	0xdad	0x2115	0x6f4c	0xd506	0xeca3	0xe5a6	ad0d1521	exact							
1808	0x77b59d07836d	168	0x9aa83	0x26dd2a	0x26dd2e	+0x4	tail	0x9af16	199	0xa0631	0x6f4c	0xd506	0xeca3	0xe5a6	0xe81c	0x7d01	4c6f06d5	exact							
1809	0x77b59d07836d	199	0xa0631	0x26dd2e	0x26dd31	+0x3	tail	0xa0a9c	243	0xaab6a	0xeca3	0xe5a6	0xe81c	0x7d01	0x519d	0x8d7e	a3eca6	exact							
1810	0x77b59d07836d	243	0xaab6a	0x26dd31	0x26dd35	+0x4	tail	0xaaf3c	64	0x85059	0x1ce5	0x1e8	0x9d7d	0x7e51	0xf38d	0xd708	e51ce801	exact							
1811	0x77b59d07836d	64	0x85059	0x26dd35	0x26dd39	+0x4	tail	0x8536e	66	0x855ff	0x9d7d	0x7e51	0xf38d	0xd708	0x2d92	0x1aba	7d9d517e	exact							
1812	0x77b59d07836d	66	0x855ff	0x26dd39	0x26dd3c	+0x3	tail	0x859f9	203	0xa1484	0xf38d	0xd708	0x2d92	0x1aba	0xe82c	0x2d01	8df308	exact							
1813	0x77b59d07836d	203	0xa1484	0x26dd3c	0x26dd40	+0x4	tail	0xa1936	346	0xc0535	0x92d7	0xba2d	0x2c1a	0x1e8	0x4d2d	0x8201	d7922dba	exact							
1814	0x77b59d07836d	346	0xc0535	0x26dd40	0x26dd44	+0x4	tail	0xc088b	114	0x90319	0x2c1a	0x1e8	0x4d2d	0x8201	0xd07b	0xd3	1a2ce801	exact							
1815	0x77b59d07836d	114	0x90319	0x26dd44	0x26dd48	+0x4	tail	0x90893	157	0x98a9a	0x4d2d	0x8201	0xd07b	0xd3	0xb1d5	0xe82a	2d4d0182	exact							
1816	0x77b59d07836d	157	0x98a9a	0x26dd48	0x26dd4c	+0x4	tail	0x99026	297	0xb64d7	0xd07b	0xd3	0xb1d5	0xe82a	0xf901	0x48fa	7bd0d300	exact							
1817	0x77b59d07836d	297	0xb64d7	0x26dd4c	0x26dd4f	+0x3	tail	0xb68ff	315	0xb9451	0xb1d5	0xe82a	0xf901	0x48fa	0x7f94	0xba0	d5b12a	exact							
1818	0x77b59d07836d	315	0xb9451	0x26dd4f	0x26dd53	+0x4	tail	0xb9878	337	0xbec0e	0x1e8	0xfaf9	0x9448	0xa07f	0xf60b	0x79	e801f9fa	exact							
1819	0x77b59d07836d	337	0xbec0e	0x26dd53	0x26dd57	+0x4	tail	0xbf126	333	0xbd8af	0x9448	0xa07f	0xf60b	0x79	0xf06f	0x9222	48947fa0	exact							
1820	0x77b59d07836d	333	0xbd8af	0x26dd57	0x26dd5b	+0x4	tail	0xbdd16	199	0xa0631	0xf60b	0x79	0xf06f	0x9222	0xe866	0x3d01	0bf67900	exact							
1821	0x77b59d07836d	199	0xa0631	0x26dd5b	0x26dd5e	+0x3	tail	0xa0a9c	26	0x7dbbb	0xf06f	0x9222	0xe866	0x3d01	0x735a	0xcd84	6ff022	exact							
1822	0x77b59d07836d	26	0x7dbbb	0x26dd5e	0x26dd62	+0x4	tail	0x7dfbd	64	0x85059	0x6692	0x1e8	0x5a3d	0x8473	0x1cd	0x9fc8	9266e801	exact							
1823	0x77b59d07836d	64	0x85059	0x26dd62	0x26dd66	+0x4	tail	0x8536e	66	0x855ff	0x5a3d	0x8473	0x1cd	0x9fc8	0x4f9f	0x35b6	3d5a7384	exact							
1824	0x77b59d07836d	66	0x855ff	0x26dd66	0x26dd69	+0x3	tail	0x859f9	203	0xa1484	0x1cd	0x9fc8	0x4f9f	0x35b6	0xe896	0x7401	cd01c8	exact							
1825	0x77b59d07836d	203	0xa1484	0x26dd69	0x26dd6d	+0x4	tail	0xa1936	243	0xaab6a	0x9f9f	0xb64f	0x9635	0x1e8	0xd574	0x13d	9f9f4fb6	exact							
1826	0x77b59d07836d	243	0xaab6a	0x26dd6d	0x26dd71	+0x4	tail	0xaaf3c	338	0xbf128	0x9635	0x1e8	0xd574	0x13d	0x1e8	0xe810	3596e801	exact							
1827	0x77b59d07836d	338	0xbf128	0x26dd71	0x26dd77	+0x6	tail	0xbf2d3	283	0xb3612	0xd574	0x13d	0x1e8	0xe810	0x7c01	0xb05e	74d53d01e801	exact							
1828	0x77b59d07836d	283	0xb3612	0x26dd77	0x26dd7c	+0x5	tail	0xb3799	121	0x91379	0xe810	0x7c01	0xb05e	0x145c	0xe3f7	0xe80b	10e8017c5e	exact							
1829	0x77b59d07836d	121	0x91379	0x26dd7c	0x26dd80	+0x4	tail	0x9170b	180	0x9cf32	0x5cb0	0xf714	0xbe3	0x1e8	0xf585	0xd9f4	b05c14f7	exact							
1830	0x77b59d07836d	180	0x9cf32	0x26dd80	0x26dd84	+0x4	tail	0x9d13d	189	0x9e7af	0xbe3	0x1e8	0xf585	0xd9f4	0xe20	0xc9be	e30be801	exact							
1831	0x77b59d07836d	189	0x9e7af	0x26dd84	0x26dd88	+0x4	tail	0x9eac9	18	0x7be9b	0xf585	0xd9f4	0xe20	0xc9be	0x248b	0xf5	85f5f4d9	exact							
1832	0x77b59d07836d	18	0x7be9b	0x26dd88	0x26dd8b	+0x3	tail	0x7c308	196	0x9fbcd	0xe20	0xc9be	0x248b	0xf5	0x13d	0xa520	200ebe	exact							
1833	0x77b59d07836d	196	0x9fbcd	0x26dd8b	0x26dd8f	+0x4	tail	0xa0068	220	0xa522e	0x8bc9	0xf524	0x3d00	0x2001	0x37a5	0x597	c98b24f5	exact							
1834	0x77b59d07836d	220	0xa522e	0x26dd8f	0x26dd94	+0x5	tail	0xa5886	144	0x95887	0x3d00	0x2001	0x37a5	0x597	0xfba	0xd6ac	003d0120a5	exact							
1835	0x77b59d07836d	144	0x95887	0x26dd94	0x26dd96	+0x2	tail	0x95b59	64	0x85059	0x9737	0xba05	0xac0f	0xfdd6	0x8612	0xc146	3797	exact							
1836	0x77b59d07836d	64	0x85059	0x26dd96	0x26dd9a	+0x4	tail	0x8536e	43	0x8173d	0xba05	0xac0f	0xfdd6	0x8612	0xc146	0x8	05ba0fac	exact							
1837	0x77b59d07836d	43	0x8173d	0x26dd9a	0x26dd9e	+0x4	tail	0x81b7c	253	0xacfb1	0xfdd6	0x8612	0xc146	0x8	0x848	0x8ffb	d6fd1286	exact							
1838	0x77b59d07836d	253	0xacfb1	0x26dd9e	0x26dda4	+0x6	tail	0xad329	297	0xb64d7	0xc146	0x8	0x848	0x8ffb	0x69ea	0x25	46c108004808	exact							
1839	0x77b59d07836d	297	0xb64d7	0x26dda4	0x26dda7	+0x3	tail	0xb68ff	70	0x8610e	0x8ffb	0x69ea	0x25	0x13d	0x5a96	0x33c7	fb8fea	exact							
1840	0x77b59d07836d	70	0x8610e	0x26dda7	0x26ddac	+0x5	tail	0x86763	108	0x8f24b	0x2569	0x3d00	0x9601	0xc75a	0xb533	0xf096	6925003d01	exact							
1841	0x77b59d07836d	108	0x8f24b	0x26ddac	0x26ddae	+0x2	tail	0x8f6cf	196	0x9fbcd	0x5a96	0x33c7	0x96b5	0xa9f0	0x7392	0x7a48	965a	exact							
1842	0x77b59d07836d	196	0x9fbcd	0x26ddae	0x26ddb2	+0x4	tail	0xa0068	18	0x7be9b	0x33c7	0x96b5	0xa9f0	0x7392	0x7a48	0x3abc	c733b596	exact							
1843	0x77b59d07836d	18	0x7be9b	0x26ddb2	0x26ddb5	+0x3	tail	0x7c308	222	0xa5f3c	0xa9f0	0x7392	0x7a48	0x3abc	0xb360	0xfb0f	f0a992	exact							
1844	0x77b59d07836d	222	0xa5f3c	0x26ddb5	0x26ddba	+0x5	tail	0xa646d	114	0x90319	0x4873	0xbc7a	0x603a	0xfb3	0xfb	0x13d	73487abc3a	exact							
1845	0x77b59d07836d	114	0x90319	0x26ddba	0x26ddbe	+0x4	tail	0x90893	220	0xa522e	0xb360	0xfb0f	0x3d00	0x8b01	0x6676	0x7390	60b30ffb	exact							
1846	0x77b59d07836d	220	0xa522e	0x26ddbe	0x26ddc3	+0x5	tail	0xa5886	108	0x8f24b	0x3d00	0x8b01	0x6676	0x7390	0x4909	0x93ef	003d018b76	exact							
1847	0x77b59d07836d	108	0x8f24b	0x26ddc3	0x26ddc5	+0x2	tail	0x8f6cf	258	0xadf2c	0x9066	0x973	0xef49	0x9693	0xb3	0x4029	6690	exact							
1848	0x77b59d07836d	258	0xadf2c	0x26ddc5	0x26ddc9	+0x4	tail	0xae32f	157	0x98a9a	0x973	0xef49	0x9693	0xb3	0x4029	0x5d12	730949ef	exact							
1849	0x77b59d07836d	157	0x98a9a	0x26ddc9	0x26ddcd	+0x4	tail	0x99026	200	0xa0a9e	0x9693	0xb3	0x4029	0x5d12	0x90	0x4a7a	9396b300	exact							
1850	0x77b59d07836d	200	0xa0a9e	0x26ddcd	0x26ddd3	+0x6	tail	0xa0dc7	18	0x7be9b	0x4029	0x5d12	0x90	0x4a7a	0xef34	0xd870	2940125d9000	exact							
1851	0x77b59d07836d	18	0x7be9b	0x26ddd3	0x26ddd6	+0x3	tail	0x7c308	237	0xa8e1f	0x4a7a	0xef34	0xd870	0x13d	0x362a	0x92a7	7a4a34	exact							
1852	0x77b59d07836d	237	0xa8e1f	0x26ddd6	0x26dddb	+0x5	tail	0xa94a3	198	0xa037e	0x70ef	0x3dd8	0x2a01	0xa736	0x5f92	0xe47f	ef70d83d01	exact							
1853	0x77b59d07836d	198	0xa037e	0x26dddb	0x26dddd	+0x2	tail	0xa062e	203	0xa1484	0x362a	0x92a7	0x7f5f	0x1ce4	0xd3	0x6402	2a36	exact							
1854	0x77b59d07836d	203	0xa1484	0x26dddd	0x26dde1	+0x4	tail	0xa1936	340	0xbf435	0x92a7	0x7f5f	0x1ce4	0xd3	0x6402	0x1901	a7925f7f	exact							
1855	0x77b59d07836d	340	0xbf435	0x26dde1	0x26dde5	+0x4	tail	0xbf886	239	0xa991e	0x1ce4	0xd3	0x6402	0x1901	0xa18e	0x298	e41cd300	exact							
1856	0x77b59d07836d	239	0xa991e	0x26dde5	0x26ddeb	+0x6	tail	0xa9cf4	28	0x7e390	0x6402	0x1901	0xa18e	0x298	0x1dfa	0x19	026401198ea1	exact							
1857	0x77b59d07836d	28	0x7e390	0x26ddeb	0x26ddee	+0x3	tail	0x7e7ca	83	0x8947b	0x298	0x1dfa	0x19	0x13d	0xc0b	0x24f3	9802fa	exact							
1858	0x77b59d07836d	83	0x8947b	0x26ddee	0x26ddf3	+0x5	tail	0x89839	173	0x9ba74	0x191d	0x3d00	0xb01	0xf30c	0xd324	0x1a09	1d19003d01	exact							
1859	0x77b59d07836d	173	0x9ba74	0x26ddf3	0x26ddf5	+0x2	tail	0x9bd8c	172	0x9b68a	0xc0b	0x24f3	0x9d3	0x2e1a	0xd6f0	0xc8ef	0b0c	exact							
1860	0x77b59d07836d	172	0x9b68a	0x26ddf5	0x26ddf9	+0x4	tail	0x9ba72	124	0x91e81	0x24f3	0x9d3	0x2e1a	0xd6f0	0xc8ef	0x733f	f324d309	exact							
1861	0x77b59d07836d	124	0x91e81	0x26ddf9	0x26ddff	+0x6	tail	0x922c1	297	0xb64d7	0x2e1a	0xd6f0	0xc8ef	0x733f	0x9ce8	0x8d76	1a2ef0d6efc8	exact							
1862	0x77b59d07836d	297	0xb64d7	0x26ddff	0x26de02	+0x3	tail	0xb68ff	258	0xadf2c	0x733f	0x9ce8	0x8d76	0xc4	0x13d	0x80c7	3f73e8	exact							
1863	0x77b59d07836d	258	0xadf2c	0x26de02	0x26de06	+0x4	tail	0xae32f	220	0xa522e	0x769c	0xc48d	0x3d00	0xc701	0xdf80	0xbb0a	9c768dc4	exact							
1864	0x77b59d07836d	220	0xa522e	0x26de06	0x26de0b	+0x5	tail	0xa5886	173	0x9ba74	0x3d00	0xc701	0xdf80	0xbb0a	0xeedf	0x773d	003d01c780	exact							
1865	0x77b59d07836d	173	0x9ba74	0x26de0b	0x26de0d	+0x2	tail	0x9bd8c	350	0xc1926	0xadf	0xdfbb	0x3dee	0x7e77	0x13	0x97d7	df0a	exact							
1866	0x77b59d07836d	350	0xc1926	0x26de0d	0x26de11	+0x4	tail	0xc1d46	43	0x8173d	0xdfbb	0x3dee	0x7e77	0x13	0x97d7	0x0	bbdfee3d	exact							
1867	0x77b59d07836d	43	0x8173d	0x26de11	0x26de15	+0x4	tail	0x81b7c	337	0xbec0e	0x7e77	0x13	0x97d7	0x0	0x968	0xa8	777e1300	exact							
1868	0x77b59d07836d	337	0xbec0e	0x26de15	0x26de19	+0x4	tail	0xbf126	215	0xa4609	0x97d7	0x0	0x968	0xa8	0x13d	0xa1b6	d7970000	exact							
1869	0x77b59d07836d	215	0xa4609	0x26de19	0x26de1c	+0x3	tail	0xa4a5e	301	0xb708d	0x968	0xa8	0x13d	0xa1b6	0x80cf	0xb18	6809a8	exact							
1870	0x77b59d07836d	301	0xb708d	0x26de1c	0x26de21	+0x5	tail	0xb7583	108	0x8f24b	0x3d00	0xb601	0xcfa1	0x1880	0x1f0b	0x3e6e	003d01b6a1	exact							
1871	0x77b59d07836d	108	0x8f24b	0x26de21	0x26de23	+0x2	tail	0x8f6cf	18	0x7be9b	0x80cf	0xb18	0x6e1f	0x4a3e	0xe88b	0xe201	cf80	exact							
1872	0x77b59d07836d	18	0x7be9b	0x26de23	0x26de26	+0x3	tail	0x7c308	347	0xc088d	0xb18	0x6e1f	0x4a3e	0xe88b	0xe201	0xa0d8	180b1f	exact							
1873	0x77b59d07836d	347	0xc088d	0x26de26	0x26de2a	+0x4	tail	0xc0d7b	176	0x9c10b	0x3e6e	0x8b4a	0x1e8	0xd8e2	0xaa0	0x90c0	6e3e4a8b	exact							
1874	0x77b59d07836d	176	0x9c10b	0x26de2a	0x26de2e	+0x4	tail	0x9c3f4	28	0x7e390	0x1e8	0xd8e2	0xaa0	0x90c0	0xb33d	0x8100	e801e2d8	exact							
1875	0x77b59d07836d	28	0x7e390	0x26de2e	0x26de31	+0x3	tail	0x7e7ca	340	0xbf435	0xaa0	0x90c0	0xb33d	0x8100	0xe875	0xe801	a00ac0	exact							
1876	0x77b59d07836d	340	0xbf435	0x26de31	0x26de35	+0x4	tail	0xbf886	123	0x91a59	0x3d90	0xb3	0x7581	0x1e8	0x1e8	0x6ae7	903db300	exact							
1877	0x77b59d07836d	123	0x91a59	0x26de35	0x26de39	+0x4	tail	0x91e7f	261	0xaeda2	0x7581	0x1e8	0x1e8	0x6ae7	0x13d	0x47e4	8175e801	exact							
1878	0x77b59d07836d	261	0xaeda2	0x26de39	0x26de3f	+0x6	tail	0xaeeff	258	0xadf2c	0x1e8	0x6ae7	0x13d	0x47e4	0x7659	0x508	e801e76a3d01	exact							
1879	0x77b59d07836d	258	0xadf2c	0x26de3f	0x26de43	+0x4	tail	0xae32f	215	0xa4609	0x47e4	0x7659	0x508	0x8d08	0xe8d4	0xea01	e4475976	exact							
1880	0x77b59d07836d	215	0xa4609	0x26de43	0x26de46	+0x3	tail	0xa4a5e	161	0x9975a	0x508	0x8d08	0xe8d4	0xea01	0x8588	0x57b4	080508	exact							
1881	0x77b59d07836d	161	0x9975a	0x26de46	0x26de4a	+0x4	tail	0x99b3a	199	0xa0631	0xd48d	0x1e8	0x88ea	0xb485	0xc057	0xfbaa	8dd4e801	exact							
1882	0x77b59d07836d	199	0xa0631	0x26de4a	0x26de4d	+0x3	tail	0xa0a9c	189	0x9e7af	0x88ea	0xb485	0xc057	0xfbaa	0xe80e	0x4201	ea8885	exact							
1883	0x77b59d07836d	189	0x9e7af	0x26de4d	0x26de51	+0x4	tail	0x9eac9	174	0x9bd8f	0x57b4	0xaac0	0xefb	0x1e8	0x7d42	0x5753	b457c0aa	exact							
1884	0x77b59d07836d	174	0x9bd8f	0x26de51	0x26de55	+0x4	tail	0x9c08c	64	0x85059	0xefb	0x1e8	0x7d42	0x5753	0x580	0xe8ec	fb0ee801	exact							
1885	0x77b59d07836d	64	0x85059	0x26de55	0x26de59	+0x4	tail	0x8536e	28	0x7e390	0x7d42	0x5753	0x580	0xe8ec	0xca01	0x50dd	427d5357	exact							
1886	0x77b59d07836d	28	0x7e390	0x26de59	0x26de5c	+0x3	tail	0x7e7ca	176	0x9c10b	0x580	0xe8ec	0xca01	0x50dd	0xc196	0xd0ba	8005ec	exact							
1887	0x77b59d07836d	176	0x9c10b	0x26de5c	0x26de60	+0x4	tail	0x9c3f4	337	0xbec0e	0x1e8	0xddca	0x9650	0xbac1	0x25d0	0xbafa	e801cadd	exact							
1888	0x77b59d07836d	337	0xbec0e	0x26de60	0x26de64	+0x4	tail	0xbf126	18	0x7be9b	0x9650	0xbac1	0x25d0	0xbafa	0xe875	0xec01	5096c1ba	exact							
1889	0x77b59d07836d	18	0x7be9b	0x26de64	0x26de67	+0x3	tail	0x7c308	184	0x9d694	0x25d0	0xbafa	0xe875	0xec01	0xf25e	0x49b	d025fa	exact							
1890	0x77b59d07836d	184	0x9d694	0x26de67	0x26de6b	+0x4	tail	0x9d961	114	0x90319	0x75ba	0x1e8	0x5eec	0x9bf2	0x7304	0x625c	ba75e801	exact							
1891	0x77b59d07836d	114	0x90319	0x26de6b	0x26de6f	+0x4	tail	0x90893	297	0xb64d7	0x5eec	0x9bf2	0x7304	0x625c	0xe86f	0x4b01	ec5ef29b	exact							
1892	0x77b59d07836d	297	0xb64d7	0x26de6f	0x26de72	+0x3	tail	0xb68ff	161	0x9975a	0x7304	0x625c	0xe86f	0x4b01	0xc8ac	0x44	04735c	exact							
1893	0x77b59d07836d	161	0x9975a	0x26de72	0x26de76	+0x4	tail	0x99b3a	66	0x855ff	0x6f62	0x1e8	0xac4b	0x44c8	0x1e00	0xe808	626fe801	exact							
1894	0x77b59d07836d	66	0x855ff	0x26de76	0x26de79	+0x3	tail	0x859f9	347	0xc088d	0xac4b	0x44c8	0x1e00	0xe808	0xb901	0x2c7d	4bacc8	exact							
1895	0x77b59d07836d	347	0xc088d	0x26de79	0x26de7d	+0x4	tail	0xc0d7b	20	0x7c62b	0x44	0x81e	0x1e8	0x7db9	0x922c	0xfe13	44001e08	exact							
1896	0x77b59d07836d	20	0x7c62b	0x26de7d	0x26de81	+0x4	tail	0x7ca96	337	0xbec0e	0x1e8	0x7db9	0x922c	0xfe13	0x2d00	0xe81a	e801b97d	exact							
1897	0x77b59d07836d	337	0xbec0e	0x26de81	0x26de85	+0x4	tail	0xbf126	18	0x7be9b	0x922c	0xfe13	0x2d00	0xe81a	0xe401	0x6bb8	2c9213fe	exact							
1898	0x77b59d07836d	18	0x7be9b	0x26de85	0x26de88	+0x3	tail	0x7c308	158	0x99029	0x2d00	0xe81a	0xe401	0x6bb8	0x3a0c	0xa4f9	002d1a	exact							
1899	0x77b59d07836d	158	0x99029	0x26de88	0x26de8c	+0x4	tail	0x992ca	185	0x9d964	0x1e8	0xb8e4	0xc6b	0xf93a	0x50a4	0xe82b	e801e4b8	exact							
1900	0x77b59d07836d	185	0x9d964	0x26de8c	0x26de8f	+0x3	tail	0x9dcab	64	0x85059	0xc6b	0xf93a	0x50a4	0xe82b	0x2e01	0xe84a	6b0c3a	exact							
1901	0x77b59d07836d	64	0x85059	0x26de8f	0x26de93	+0x4	tail	0x8536e	20	0x7c62b	0xa4f9	0x2b50	0x1e8	0x4a2e	0x5e8	0x41c	f9a4502b	exact							
1902	0x77b59d07836d	20	0x7c62b	0x26de93	0x26de97	+0x4	tail	0x7ca96	215	0xa4609	0x1e8	0x4a2e	0x5e8	0x41c	0x1466	0x3aa3	e8012e4a	exact							
1903	0x77b59d07836d	215	0xa4609	0x26de97	0x26de9a	+0x3	tail	0xa4a5e	189	0x9e7af	0x5e8	0x41c	0x1466	0x3aa3	0xe879	0x1001	e8051c	exact							
1904	0x77b59d07836d	189	0x9e7af	0x26de9a	0x26de9e	+0x4	tail	0x9eac9	184	0x9d694	0x6604	0xa314	0x793a	0x1e8	0xc10	0xbd3a	046614a3	exact							
1905	0x77b59d07836d	184	0x9d694	0x26de9e	0x26dea2	+0x4	tail	0x9d961	18	0x7be9b	0x793a	0x1e8	0xc10	0xbd3a	0x247	0xe803	3a79e801	exact							
1906	0x77b59d07836d	18	0x7be9b	0x26dea2	0x26dea5	+0x3	tail	0x7c308	114	0x90319	0xc10	0xbd3a	0x247	0xe803	0xba01	0xa11d	100c3a	exact							
1907	0x77b59d07836d	114	0x90319	0x26dea5	0x26dea9	+0x4	tail	0x90893	20	0x7c62b	0x47bd	0x302	0x1e8	0x1dba	0xb5a1	0x6c14	bd470203	exact							
1908	0x77b59d07836d	20	0x7c62b	0x26dea9	0x26dead	+0x4	tail	0x7ca96	258	0xadf2c	0x1e8	0x1dba	0xb5a1	0x6c14	0x36e0	0xd8f7	e801ba1d	exact							
1909	0x77b59d07836d	258	0xadf2c	0x26dead	0x26deb1	+0x4	tail	0xae32f	18	0x7be9b	0xb5a1	0x6c14	0x36e0	0xd8f7	0xe8b8	0x1701	a1b5146c	exact							
1910	0x77b59d07836d	18	0x7be9b	0x26deb1	0x26deb4	+0x3	tail	0x7c308	184	0x9d694	0x36e0	0xd8f7	0xe8b8	0x1701	0x2699	0xd378	e036f7	exact							
1911	0x77b59d07836d	184	0x9d694	0x26deb4	0x26deb8	+0x4	tail	0x9d961	258	0xadf2c	0xb8d8	0x1e8	0x9917	0x7826	0x83d3	0xaa3a	d8b8e801	exact							
1912	0x77b59d07836d	258	0xadf2c	0x26deb8	0x26debc	+0x4	tail	0xae32f	185	0x9d964	0x9917	0x7826	0x83d3	0xaa3a	0xe87e	0xd801	17992678	exact							
1913	0x77b59d07836d	185	0x9d964	0x26debc	0x26debf	+0x3	tail	0x9dcab	184	0x9d694	0x83d3	0xaa3a	0xe87e	0xd801	0x780a	0xb79	d3833a	exact							
1914	0x77b59d07836d	184	0x9d694	0x26debf	0x26dec3	+0x4	tail	0x9d961	28	0x7e390	0x7eaa	0x1e8	0xad8	0x7978	0x6d0b	0xe883	aa7ee801	exact							
1915	0x77b59d07836d	28	0x7e390	0x26dec3	0x26dec6	+0x3	tail	0x7e7ca	347	0xc088d	0xad8	0x7978	0x6d0b	0xe883	0x8101	0x9446	d80a78	exact							
1916	0x77b59d07836d	347	0xc088d	0x26dec6	0x26deca	+0x4	tail	0xc0d7b	20	0x7c62b	0xb79	0x836d	0x1e8	0x4681	0x2994	0xf8a3	790b6d83	exact							
1917	0x77b59d07836d	20	0x7c62b	0x26deca	0x26dece	+0x4	tail	0x7ca96	337	0xbec0e	0x1e8	0x4681	0x2994	0xf8a3	0x10fb	0xe8bb	e8018146	exact							
1918	0x77b59d07836d	337	0xbec0e	0x26dece	0x26ded2	+0x4	tail	0xbf126	297	0xb64d7	0x2994	0xf8a3	0x10fb	0xe8bb	0x2101	0x7c7f	9429a3f8	exact							
1919	0x77b59d07836d	297	0xb64d7	0x26ded2	0x26ded5	+0x3	tail	0xb68ff	20	0x7c62b	0x10fb	0xe8bb	0x2101	0x7c7f	0x2d34	0xc0eb	fb10bb	exact							
1920	0x77b59d07836d	20	0x7c62b	0x26ded5	0x26ded9	+0x4	tail	0x7ca96	258	0xadf2c	0x1e8	0x7f21	0x347c	0xeb2d	0x35c0	0xe8aa	e801217f	exact							
1921	0x77b59d07836d	258	0xadf2c	0x26ded9	0x26dedd	+0x4	tail	0xae32f	18	0x7be9b	0x347c	0xeb2d	0x35c0	0xe8aa	0xf401	0xdf51	7c342deb	exact							
1922	0x77b59d07836d	18	0x7be9b	0x26dedd	0x26dee0	+0x3	tail	0x7c308	176	0x9c10b	0x35c0	0xe8aa	0xf401	0xdf51	0x26f8	0x8000	c035aa	exact							
1923	0x77b59d07836d	176	0x9c10b	0x26dee0	0x26dee4	+0x4	tail	0x9c3f4	311	0xb86f8	0x1e8	0x51f4	0xf8df	0x26	0x80	0xfd00	e801f451	exact							
1924	0x77b59d07836d	311	0xb86f8	0x26dee4	0x26deee	+0xa	dispatch	0xc80b9	169	0x9af18	0xf8df	0x26	0x80	0xfd00	0x1	0x162	dff82600800000fd0100	exact		0xe9cdb52a		0xe9cdbd2a			0x3a
1925	0x77b59d07836d	169	0x9af18	0x26deee	0x26def2	+0x4	tail	0x9b0c5	354	0xc2241	0x162	0x1e8	0x1c	0xaa0	0x810	0x991a	6201e801	exact	0xe9cdb52a		0xe9cdbd2a			0x3a	
1926	0x77b59d07836d	354	0xc2241	0x26def2	0x26def4	+0x2	tail	0xc240d	28	0x7e390	0x1c	0xaa0	0x810	0x991a	0x5600	0xfa18	1c00	exact							
1927	0x77b59d07836d	28	0x7e390	0x26def4	0x26def7	+0x3	tail	0x7e7ca	340	0xbf435	0xaa0	0x810	0x991a	0x5600	0xfa18	0x566c	a00a10	exact							
1928	0x77b59d07836d	340	0xbf435	0x26def7	0x26defb	+0x4	tail	0xbf886	43	0x8173d	0x1a08	0x99	0x1856	0x6cfa	0x2b56	0x1e8	081a9900	exact							
1929	0x77b59d07836d	43	0x8173d	0x26defb	0x26deff	+0x4	tail	0x81b7c	26	0x7dbbb	0x1856	0x6cfa	0x2b56	0x1e8	0xe243	0xab	5618fa6c	exact							
1930	0x77b59d07836d	26	0x7dbbb	0x26deff	0x26df03	+0x4	tail	0x7dfbd	157	0x98a9a	0x2b56	0x1e8	0xe243	0xab	0x978	0xab	562be801	exact							
1931	0x77b59d07836d	157	0x98a9a	0x26df03	0x26df07	+0x4	tail	0x99026	340	0xbf435	0xe243	0xab	0x978	0xab	0x7aa	0xf63a	43e2ab00	exact							
1932	0x77b59d07836d	340	0xbf435	0x26df07	0x26df0b	+0x4	tail	0xbf886	185	0x9d964	0x978	0xab	0x7aa	0xf63a	0xe8fa	0xd401	7809ab00	exact							
1933	0x77b59d07836d	185	0x9d964	0x26df0b	0x26df0e	+0x3	tail	0x9dcab	305	0xb78b0	0x7aa	0xf63a	0xe8fa	0xd401	0x8921	0xf800	aa073a	exact							
1934	0x77b59d07836d	305	0xb78b0	0x26df0e	0x26df12	+0x4	tail	0xb7bb8	340	0xbf435	0xfaf6	0x1e8	0x21d4	0x89	0x47f8	0x3bc1	f6fae801	exact							
1935	0x77b59d07836d	340	0xbf435	0x26df12	0x26df16	+0x4	tail	0xbf886	297	0xb64d7	0x21d4	0x89	0x47f8	0x3bc1	0x89c1	0x3200	d4218900	exact							
1936	0x77b59d07836d	297	0xb64d7	0x26df16	0x26df19	+0x3	tail	0xb68ff	157	0x98a9a	0x47f8	0x3bc1	0x89c1	0x3200	0xe80c	0x601	f847c1	exact							
1937	0x77b59d07836d	157	0x98a9a	0x26df19	0x26df1d	+0x4	tail	0x99026	26	0x7dbbb	0xc13b	0x89	0xc32	0x1e8	0x8f06	0xd4f8	3bc18900	exact							
1938	0x77b59d07836d	26	0x7dbbb	0x26df1d	0x26df21	+0x4	tail	0x7dfbd	189	0x9e7af	0xc32	0x1e8	0x8f06	0xd4f8	0xd5be	0xdeaf	320ce801	exact							
1939	0x77b59d07836d	189	0x9e7af	0x26df21	0x26df25	+0x4	tail	0x9eac9	307	0xb8064	0x8f06	0xd4f8	0xd5be	0xdeaf	0xfced	0xe8ff	068ff8d4	exact							
1940	0x77b59d07836d	307	0xb8064	0x26df25	0x26df28	+0x3	tail	0xb837a	196	0x9fbcd	0xd5be	0xdeaf	0xfced	0xe8ff	0xd101	0x8fa	bed5af	exact							
1941	0x77b59d07836d	196	0x9fbcd	0x26df28	0x26df2c	+0x4	tail	0xa0068	315	0xb9451	0xedde	0xfffc	0x1e8	0xfad1	0x9e08	0x123	deedfcff	exact							
1942	0x77b59d07836d	315	0xb9451	0x26df2c	0x26df30	+0x4	tail	0xb9878	340	0xbf435	0x1e8	0xfad1	0x9e08	0x123	0xf883	0xd403	e801d1fa	exact							
1943	0x77b59d07836d	340	0xbf435	0x26df30	0x26df34	+0x4	tail	0xbf886	168	0x9aa83	0x9e08	0x123	0xf883	0xd403	0x76b3	0x553a	089e2301	exact							
1944	0x77b59d07836d	168	0x9aa83	0x26df34	0x26df38	+0x4	tail	0x9af16	185	0x9d964	0xf883	0xd403	0x76b3	0x553a	0xe888	0xfe01	83f803d4	exact							
1945	0x77b59d07836d	185	0x9d964	0x26df38	0x26df3b	+0x3	tail	0x9dcab	305	0xb78b0	0x76b3	0x553a	0xe888	0xfe01	0xf764	0x4023	b3763a	exact							
1946	0x77b59d07836d	305	0xb78b0	0x26df3b	0x26df3f	+0x4	tail	0xb7bb8	258	0xadf2c	0x8855	0x1e8	0x64fe	0x23f7	0x540	0xde54	5588e801	exact							
1947	0x77b59d07836d	258	0xadf2c	0x26df3f	0x26df43	+0x4	tail	0xae32f	28	0x7e390	0x64fe	0x23f7	0x540	0xde54	0xea5e	0x9ece	fe64f723	exact							
1948	0x77b59d07836d	28	0x7e390	0x26df43	0x26df46	+0x3	tail	0x7e7ca	168	0x9aa83	0x540	0xde54	0xea5e	0x9ece	0xe8bb	0xc501	400554	exact							
1949	0x77b59d07836d	168	0x9aa83	0x26df46	0x26df4a	+0x4	tail	0x9af16	26	0x7dbbb	0x5ede	0xceea	0xbb9e	0x1e8	0x6fc5	0x11b9	de5eeace	exact							
1950	0x77b59d07836d	26	0x7dbbb	0x26df4a	0x26df4e	+0x4	tail	0x7dfbd	43	0x8173d	0xbb9e	0x1e8	0x6fc5	0x11b9	0x2134	0xcb	9ebbe801	exact							
1951	0x77b59d07836d	43	0x8173d	0x26df4e	0x26df52	+0x4	tail	0x81b7c	340	0xbf435	0x6fc5	0x11b9	0x2134	0xcb	0x17a0	0x143a	c56fb911	exact							
1952	0x77b59d07836d	340	0xbf435	0x26df52	0x26df56	+0x4	tail	0xbf886	185	0x9d964	0x2134	0xcb	0x17a0	0x143a	0xe8ec	0x1b01	3421cb00	exact							
1953	0x77b59d07836d	185	0x9d964	0x26df56	0x26df59	+0x3	tail	0x9dcab	346	0xc0535	0x17a0	0x143a	0xe8ec	0x1b01	0x380a	0xf00	a0173a	exact							
1954	0x77b59d07836d	346	0xc0535	0x26df59	0x26df5d	+0x4	tail	0xc088b	340	0xbf435	0xec14	0x1e8	0xa1b	0x38	0xc70f	0x38	14ece801	exact							
1955	0x77b59d07836d	340	0xbf435	0x26df5d	0x26df61	+0x4	tail	0xbf886	157	0x98a9a	0xa1b	0x38	0xc70f	0x38	0x798	0xbd04	1b0a3800	exact							
1956	0x77b59d07836d	157	0x98a9a	0x26df61	0x26df65	+0x4	tail	0x99026	215	0xa4609	0xc70f	0x38	0x798	0xbd04	0xe89e	0x3701	0fc73800	exact							
1957	0x77b59d07836d	215	0xa4609	0x26df65	0x26df68	+0x3	tail	0xa4a5e	243	0xaab6a	0x798	0xbd04	0xe89e	0x3701	0x1a4b	0x1674	980704	exact							
1958	0x77b59d07836d	243	0xaab6a	0x26df68	0x26df6c	+0x4	tail	0xaaf3c	199	0xa0631	0x9ebd	0x1e8	0x4b37	0x741a	0x1316	0x700	bd9ee801	exact							
1959	0x77b59d07836d	199	0xa0631	0x26df6c	0x26df6f	+0x3	tail	0xa0a9c	340	0xbf435	0x4b37	0x741a	0x1316	0x700	0x13cc	0xe800	374b1a	exact							
1960	0x77b59d07836d	340	0xbf435	0x26df6f	0x26df73	+0x4	tail	0xbf886	157	0x98a9a	0x1674	0x13	0xcc07	0x13	0x1e8	0xf464	74161300	exact							
1961	0x77b59d07836d	157	0x98a9a	0x26df73	0x26df77	+0x4	tail	0x99026	33	0x7f7c4	0xcc07	0x13	0x1e8	0xf464	0x5293	0x812a	07cc1300	exact							
1962	0x77b59d07836d	33	0x7f7c4	0x26df77	0x26df7b	+0x4	tail	0x7fba1	66	0x855ff	0x1e8	0xf464	0x5293	0x812a	0x7472	0x3fa1	e80164f4	exact							
1963	0x77b59d07836d	66	0x855ff	0x26df7b	0x26df7e	+0x3	tail	0x859f9	189	0x9e7af	0x5293	0x812a	0x7472	0x3fa1	0x2c14	0xe8b7	93522a	exact							
1964	0x77b59d07836d	189	0x9e7af	0x26df7e	0x26df82	+0x4	tail	0x9eac9	196	0x9fbcd	0x7281	0xa174	0x143f	0xb72c	0x1e8	0x77d2	817274a1	exact							
1965	0x77b59d07836d	196	0x9fbcd	0x26df82	0x26df86	+0x4	tail	0xa0068	33	0x7f7c4	0x143f	0xb72c	0x1e8	0x77d2	0x54b	0x107	3f142cb7	exact							
1966	0x77b59d07836d	33	0x7f7c4	0x26df86	0x26df8a	+0x4	tail	0x7fba1	157	0x98a9a	0x1e8	0x77d2	0x54b	0x107	0x8d81	0x1eb4	e801d277	exact							
1967	0x77b59d07836d	157	0x98a9a	0x26df8a	0x26df8e	+0x4	tail	0x99026	307	0xb8064	0x54b	0x107	0x8d81	0x1eb4	0x108e	0x1618	4b050701	exact							
1968	0x77b59d07836d	307	0xb8064	0x26df8e	0x26df91	+0x3	tail	0xb837a	347	0xc088d	0x8d81	0x1eb4	0x108e	0x1618	0xe8b1	0xa001	818db4	exact							
1969	0x77b59d07836d	347	0xc088d	0x26df91	0x26df95	+0x4	tail	0xc0d7b	346	0xc0535	0x8e1e	0x1810	0xb116	0x1e8	0xaa0	0x340c	1e8e1018	exact							
1970	0x77b59d07836d	346	0xc0535	0x26df95	0x26df99	+0x4	tail	0xc088b	28	0x7e390	0xb116	0x1e8	0xaa0	0x340c	0x91d7	0xb300	16b1e801	exact							
1971	0x77b59d07836d	28	0x7e390	0x26df99	0x26df9c	+0x3	tail	0x7e7ca	340	0xbf435	0xaa0	0x340c	0x91d7	0xb300	0x91fa	0xa500	a00a0c	exact							
1972	0x77b59d07836d	340	0xbf435	0x26df9c	0x26dfa0	+0x4	tail	0xbf886	333	0xbd8af	0xd734	0x91	0xfab3	0x91	0xe2a5	0x1e8	34d79100	exact							
1973	0x77b59d07836d	333	0xbd8af	0x26dfa0	0x26dfa4	+0x4	tail	0xbdd16	346	0xc0535	0xfab3	0x91	0xe2a5	0x1e8	0x41a4	0x6a0e	b3fa9100	exact							
1974	0x77b59d07836d	346	0xc0535	0x26dfa4	0x26dfa8	+0x4	tail	0xc088b	268	0xb0007	0xe2a5	0x1e8	0x41a4	0x6a0e	0xbe26	0x5bac	a5e2e801	exact							
1975	0x77b59d07836d	268	0xb0007	0x26dfa8	0x26dfac	+0x4	tail	0xb0458	258	0xadf2c	0x41a4	0x6a0e	0xbe26	0x5bac	0xd0	0xa2bd	a4410e6a	exact							
1976	0x77b59d07836d	258	0xadf2c	0x26dfac	0x26dfb0	+0x4	tail	0xae32f	28	0x7e390	0xbe26	0x5bac	0xd0	0xa2bd	0xe8f9	0x6901	26beac5b	exact							
1977	0x77b59d07836d	28	0x7e390	0x26dfb0	0x26dfb3	+0x3	tail	0x7e7ca	26	0x7dbbb	0xd0	0xa2bd	0xe8f9	0x6901	0xc86a	0xe7a1	d000bd	exact							
1978	0x77b59d07836d	26	0x7dbbb	0x26dfb3	0x26dfb7	+0x4	tail	0x7dfbd	189	0x9e7af	0xf9a2	0x1e8	0x6a69	0xa1c8	0x98e7	0x3fcf	a2f9e801	exact							
1979	0x77b59d07836d	189	0x9e7af	0x26dfb7	0x26dfbb	+0x4	tail	0x9eac9	203	0xa1484	0x6a69	0xa1c8	0x98e7	0x3fcf	0x988	0x2c8c	696ac8a1	exact							
1980	0x77b59d07836d	203	0xa1484	0x26dfbb	0x26dfbf	+0x4	tail	0xa1936	28	0x7e390	0x98e7	0x3fcf	0x988	0x2c8c	0xe801	0xa001	e798cf3f	exact							
1981	0x77b59d07836d	28	0x7e390	0x26dfbf	0x26dfc2	+0x3	tail	0x7e7ca	305	0xb78b0	0x988	0x2c8c	0xe801	0xa001	0x3a09	0x4008	88098c	exact							
1982	0x77b59d07836d	305	0xb78b0	0x26dfc2	0x26dfc6	+0x4	tail	0xb7bb8	347	0xc088d	0x12c	0x1e8	0x9a0	0x83a	0x1540	0x2ab2	2c01e801	exact							
1983	0x77b59d07836d	347	0xc088d	0x26dfc6	0x26dfca	+0x4	tail	0xc0d7b	307	0xb8064	0x9a0	0x83a	0x1540	0x2ab2	0xbe4c	0xe86b	a0093a08	exact							
1984	0x77b59d07836d	307	0xb8064	0x26dfca	0x26dfcd	+0x3	tail	0xb837a	268	0xb0007	0x1540	0x2ab2	0xbe4c	0xe86b	0x4901	0x8af6	4015b2	exact							
1985	0x77b59d07836d	268	0xb0007	0x26dfcd	0x26dfd1	+0x4	tail	0xb0458	315	0xb9451	0x4c2a	0x6bbe	0x1e8	0xf649	0xce8a	0xc0dd	2a4cbe6b	exact							
1986	0x77b59d07836d	315	0xb9451	0x26dfd1	0x26dfd5	+0x4	tail	0xb9878	199	0xa0631	0x1e8	0xf649	0xce8a	0xc0dd	0x8ed6	0x382c	e80149f6	exact							
1987	0x77b59d07836d	199	0xa0631	0x26dfd5	0x26dfd8	+0x3	tail	0xa0a9c	268	0xb0007	0xce8a	0xc0dd	0x8ed6	0x382c	0xbe8f	0x751b	8acedd	exact							
1988	0x77b59d07836d	268	0xb0007	0x26dfd8	0x26dfdc	+0x4	tail	0xb0458	337	0xbec0e	0xd6c0	0x2c8e	0x8f38	0x1bbe	0xd875	0x1e8	c0d68e2c	exact							
1989	0x77b59d07836d	337	0xbec0e	0x26dfdc	0x26dfe0	+0x4	tail	0xbf126	243	0xaab6a	0x8f38	0x1bbe	0xd875	0x1e8	0x1814	0x13d	388fbe1b	exact							
1990	0x77b59d07836d	243	0xaab6a	0x26dfe0	0x26dfe4	+0x4	tail	0xaaf3c	338	0xbf128	0xd875	0x1e8	0x1814	0x13d	0x1e8	0x1e8	75d8e801	exact							
1991	0x77b59d07836d	338	0xbf128	0x26dfe4	0x26dfea	+0x6	tail	0xbf2d3	295	0xb60e0	0x1814	0x13d	0x1e8	0x1e8	0xd402	0x5710	14183d01e801	exact							
1992	0x77b59d07836d	295	0xb60e0	0x26dfea	0x26dfef	+0x5	tail	0xb625a	258	0xadf2c	0x1e8	0xd402	0x5710	0x9626	0xff33	0x68e1	e80102d410	exact							
1993	0x77b59d07836d	258	0xadf2c	0x26dfef	0x26dff3	+0x4	tail	0xae32f	333	0xbd8af	0x2657	0x3396	0xe1ff	0x68	0x2d21	0xe0cc	57269633	exact							
1994	0x77b59d07836d	333	0xbd8af	0x26dff3	0x26dff7	+0x4	tail	0xbdd16	66	0x855ff	0xe1ff	0x68	0x2d21	0xe0cc	0xd3c6	0xe8c3	ffe16800	exact							
1995	0x77b59d07836d	66	0x855ff	0x26dff7	0x26dffa	+0x3	tail	0x859f9	332	0xbd36d	0x2d21	0xe0cc	0xd3c6	0xe8c3	0xce01	0x12c4	212dcc	exact							
1996	0x77b59d07836d	332	0xbd36d	0x26dffa	0x26dffe	+0x4	tail	0xbd8ad	183	0x9d495	0xc6e0	0xc3d3	0x1e8	0xc4ce	0x2912	0x3d00	e0c6d3c3	exact							
1997	0x77b59d07836d	183	0x9d495	0x26dffe	0x26e002	+0x4	tail	0x9d692	83	0x8947b	0x1e8	0xc4ce	0x2912	0x3d00	0xd101	0xef2f	e801cec4	exact							
1998	0x77b59d07836d	83	0x8947b	0x26e002	0x26e007	+0x5	tail	0x89839	160	0x994cf	0x2912	0x3d00	0xd101	0xef2f	0xd670	0xc8d5	1229003d01	exact							
1999	0x77b59d07836d	160	0x994cf	0x26e007	0x26e009	+0x2	tail	0x99757	168	0x9aa83	0x2fd1	0x70ef	0xd5d6	0xac8	0xc1c8	0xd64c	d12f	exact							
2000	0x77b59d07836d	168	0x9aa83	0x26e009	0x26e00d	+0x4	tail	0x9af16	215	0xa4609	0x70ef	0xd5d6	0xac8	0xc1c8	0xd64c	0xbd39	ef70d6d5	exact							
2001	0x77b59d07836d	215	0xa4609	0x26e00d	0x26e010	+0x3	tail	0xa4a5e	345	0xc02e4	0xac8	0xc1c8	0xd64c	0xbd39	0xe13f	0x6477	c80ac8	exact							
2002	0x77b59d07836d	345	0xc02e4	0x26e010	0x26e016	+0x6	tail	0xc0532	64	0x85059	0x4cc1	0x39d6	0x3fbd	0x77e1	0xb064	0x13aa	c14cd639bd3f	exact							
2003	0x77b59d07836d	64	0x85059	0x26e016	0x26e01a	+0x4	tail	0x8536e	37	0x80685	0x77e1	0xb064	0x13aa	0x3d00	0x5c01	0xa967	e17764b0	exact							
2004	0x77b59d07836d	37	0x80685	0x26e01a	0x26e01f	+0x5	tail	0x80d77	108	0x8f24b	0x13aa	0x3d00	0x5c01	0xa967	0xb2c0	0xe8fc	aa13003d01	exact							
2005	0x77b59d07836d	108	0x8f24b	0x26e01f	0x26e021	+0x2	tail	0x8f6cf	64	0x85059	0x675c	0xc0a9	0xfcb2	0x4e8	0xee95	0xb357	5c67	exact							
2006	0x77b59d07836d	64	0x85059	0x26e021	0x26e025	+0x4	tail	0x8536e	28	0x7e390	0xc0a9	0xfcb2	0x4e8	0xee95	0xb357	0x3a00	a9c0b2fc	exact							
2007	0x77b59d07836d	28	0x7e390	0x26e025	0x26e028	+0x3	tail	0x7e7ca	157	0x98a9a	0x4e8	0xee95	0xb357	0x3a00	0x33f6	0x2e44	e80495	exact							
2008	0x77b59d07836d	157	0x98a9a	0x26e028	0x26e02c	+0x4	tail	0x99026	179	0x9ca8d	0x57ee	0xb3	0xf63a	0x4433	0x2e	0x13d	ee57b300	exact							
2009	0x77b59d07836d	179	0x9ca8d	0x26e02c	0x26e031	+0x5	tail	0x9cf2f	220	0xa522e	0xf63a	0x4433	0x2e	0x13d	0x3407	0xe6e2	3af633442e	exact							
2010	0x77b59d07836d	220	0xa522e	0x26e031	0x26e036	+0x5	tail	0xa5886	352	0xc1ec4	0x3d00	0x701	0xe234	0xe0e6	0x2c13	0x8dc	003d010734	exact							
2011	0x77b59d07836d	352	0xc1ec4	0x26e036	0x26e038	+0x2	tail	0xc21c0	189	0x9e7af	0xe6e2	0x13e0	0xdc2c	0xed08	0xca3a	0xf73f	e2e6	exact							
2012	0x77b59d07836d	189	0x9e7af	0x26e038	0x26e03c	+0x4	tail	0x9eac9	345	0xc02e4	0x13e0	0xdc2c	0xed08	0xca3a	0xf73f	0xc803	e0132cdc	exact							
2013	0x77b59d07836d	345	0xc02e4	0x26e03c	0x26e042	+0x6	tail	0xc0532	157	0x98a9a	0xed08	0xca3a	0xf73f	0xc803	0xb3	0xed67	08ed3aca3ff7	exact							
2014	0x77b59d07836d	157	0x98a9a	0x26e042	0x26e046	+0x4	tail	0x99026	185	0x9d964	0xc803	0xb3	0xed67	0x293a	0x5b6f	0x13d	03c8b300	exact							
2015	0x77b59d07836d	185	0x9d964	0x26e046	0x26e049	+0x3	tail	0x9dcab	37	0x80685	0xed67	0x293a	0x5b6f	0x13d	0x2970	0x211a	67ed3a	exact							
2016	0x77b59d07836d	37	0x80685	0x26e049	0x26e04e	+0x5	tail	0x80d77	160	0x994cf	0x6f29	0x3d5b	0x7001	0x1a29	0x21	0xbf7c	296f5b3d01	exact							
2017	0x77b59d07836d	160	0x994cf	0x26e04e	0x26e050	+0x2	tail	0x99757	124	0x91e81	0x2970	0x211a	0x7c00	0xbfbf	0x8b57	0xff3b	7029	exact							
2018	0x77b59d07836d	124	0x91e81	0x26e050	0x26e056	+0x6	tail	0x922c1	43	0x8173d	0x211a	0x7c00	0xbfbf	0x8b57	0xff3b	0x812	1a21007cbfbf	exact							
2019	0x77b59d07836d	43	0x8173d	0x26e056	0x26e05a	+0x4	tail	0x81b7c	18	0x7be9b	0x8b57	0xff3b	0x812	0x8ba	0xc3f4	0x6b	578b3bff	exact							
2020	0x77b59d07836d	18	0x7be9b	0x26e05a	0x26e05d	+0x3	tail	0x7c308	258	0xadf2c	0x812	0x8ba	0xc3f4	0x6b	0x13d	0xf03f	1208ba	exact							
2021	0x77b59d07836d	258	0xadf2c	0x26e05d	0x26e061	+0x4	tail	0xae32f	301	0xb708d	0xf408	0x6bc3	0x3d00	0x3f01	0x66f0	0x8d3f	08f4c36b	exact							
2022	0x77b59d07836d	301	0xb708d	0x26e061	0x26e066	+0x5	tail	0xb7583	108	0x8f24b	0x3d00	0x3f01	0x66f0	0x8d3f	0xc1c1	0x60db	003d013ff0	exact							
2023	0x77b59d07836d	108	0x8f24b	0x26e066	0x26e068	+0x2	tail	0x8f6cf	268	0xb0007	0x3f66	0xc18d	0xdbc1	0x460	0x4b6	0x89ac	663f	exact							
2024	0x77b59d07836d	268	0xb0007	0x26e068	0x26e06c	+0x4	tail	0xb0458	28	0x7e390	0xc18d	0xdbc1	0x460	0x4b6	0x89ac	0xb154	8dc1c1db	exact							
2025	0x77b59d07836d	28	0x7e390	0x26e06c	0x26e06f	+0x3	tail	0x7e7ca	140	0x94e5a	0x460	0x4b6	0x89ac	0xb154	0xf690	0x9d51	6004b6	exact							
2026	0x77b59d07836d	140	0x94e5a	0x26e06f	0x26e075	+0x6	tail	0x951c0	340	0xbf435	0xac04	0x5489	0x90b1	0x51f6	0x19d	0x1400	04ac8954b190	exact							
2027	0x77b59d07836d	340	0xbf435	0x26e075	0x26e079	+0x4	tail	0xbf886	49	0x82820	0x51f6	0x19d	0x1400	0x3d4f	0xe901	0x8a63	f6519d01	exact							
2028	0x77b59d07836d	49	0x82820	0x26e079	0x26e07e	+0x5	tail	0x82e73	108	0x8f24b	0x1400	0x3d4f	0xe901	0x8a63	0xd4b	0x92a7	00144f3d01	exact							
2029	0x77b59d07836d	108	0x8f24b	0x26e07e	0x26e080	+0x2	tail	0x8f6cf	199	0xa0631	0x63e9	0x4b8a	0xa70d	0xf092	0x7c99	0x1314	e963	exact							
2030	0x77b59d07836d	199	0xa0631	0x26e080	0x26e083	+0x3	tail	0xa0a9c	203	0xa1484	0x4b8a	0xa70d	0xf092	0x7c99	0x1314	0xef00	8a4b0d	exact							
2031	0x77b59d07836d	203	0xa1484	0x26e083	0x26e087	+0x4	tail	0xa1936	340	0xbf435	0x92a7	0x99f0	0x147c	0x13	0x99ef	0x319c	a792f099	exact							
2032	0x77b59d07836d	340	0xbf435	0x26e087	0x26e08b	+0x4	tail	0xbf886	30	0x7e849	0x147c	0x13	0x99ef	0x319c	0x3d00	0x5701	7c141300	exact							
2033	0x77b59d07836d	30	0x7e849	0x26e08b	0x26e08f	+0x4	tail	0x7ecd0	269	0xb045b	0x99ef	0x319c	0x3d00	0x5701	0x7331	0xbb07	ef999c31	exact							
2034	0x77b59d07836d	269	0xb045b	0x26e08f	0x26e094	+0x5	tail	0xb092e	173	0x9ba74	0x3d00	0x5701	0x7331	0xbb07	0x3a23	0x994f	003d015731	exact							
2035	0x77b59d07836d	173	0x9ba74	0x26e094	0x26e096	+0x2	tail	0x9bd8c	185	0x9d964	0x773	0x23bb	0x4f3a	0x6a99	0xe829	0xdb01	7307	exact							
2036	0x77b59d07836d	185	0x9d964	0x26e096	0x26e099	+0x3	tail	0x9dcab	64	0x85059	0x23bb	0x4f3a	0x6a99	0xe829	0xdb01	0xb152	bb233a	exact							
2037	0x77b59d07836d	64	0x85059	0x26e099	0x26e09d	+0x4	tail	0x8536e	176	0x9c10b	0x994f	0x296a	0x1e8	0x52db	0xafb1	0x2eea	4f996a29	exact							
2038	0x77b59d07836d	176	0x9c10b	0x26e09d	0x26e0a1	+0x4	tail	0x9c3f4	18	0x7be9b	0x1e8	0x52db	0xafb1	0x2eea	0x4a8c	0x7401	e801db52	exact							
2039	0x77b59d07836d	18	0x7be9b	0x26e0a1	0x26e0a4	+0x3	tail	0x7c308	347	0xc088d	0xafb1	0x2eea	0x4a8c	0x7401	0xe826	0xe801	b1afea	exact							
2040	0x77b59d07836d	347	0xc088d	0x26e0a4	0x26e0a8	+0x4	tail	0xc0d7b	184	0x9d694	0x8c2e	0x14a	0x2674	0x1e8	0x1e8	0x13d	2e8c4a01	exact							
2041	0x77b59d07836d	184	0x9d694	0x26e0a8	0x26e0ac	+0x4	tail	0x9d961	40	0x8115d	0x2674	0x1e8	0x1e8	0x13d	0xdb74	0x67fc	7426e801	exact							
2042	0x77b59d07836d	40	0x8115d	0x26e0ac	0x26e0b2	+0x6	tail	0x8129b	66	0x855ff	0x1e8	0x13d	0xdb74	0x67fc	0x173a	0xb787	e8013d0174db	exact							
2043	0x77b59d07836d	66	0x855ff	0x26e0b2	0x26e0b5	+0x3	tail	0x859f9	347	0xc088d	0x67fc	0x173a	0xb787	0x1a06	0xe8d8	0xa01	fc673a	exact							
2044	0x77b59d07836d	347	0xc088d	0x26e0b5	0x26e0b9	+0x4	tail	0xc0d7b	161	0x9975a	0x8717	0x6b7	0xd81a	0x1e8	0x170a	0x79	1787b706	exact							
2045	0x77b59d07836d	161	0x9975a	0x26e0b9	0x26e0bd	+0x4	tail	0x99b3a	340	0xbf435	0xd81a	0x1e8	0x170a	0x79	0x8d32	0x56ad	1ad8e801	exact							
2046	0x77b59d07836d	340	0xbf435	0x26e0bd	0x26e0c1	+0x4	tail	0xbf886	307	0xb8064	0x170a	0x79	0x8d32	0x56ad	0xe82d	0x8201	0a177900	exact							
2047	0x77b59d07836d	307	0xb8064	0x26e0c1	0x26e0c4	+0x3	tail	0xb837a	123	0x91a59	0x8d32	0x56ad	0xe82d	0x8201	0xb1c5	0xc034	328dad	exact							
2048	0x77b59d07836d	123	0x91a59	0x26e0c4	0x26e0c8	+0x4	tail	0x91e7f	307	0xb8064	0x2d56	0x1e8	0xc582	0x34b1	0xf9c0	0x8a7d	562de801	exact							
2049	0x77b59d07836d	307	0xb8064	0x26e0c8	0x26e0cb	+0x3	tail	0xb837a	258	0xadf2c	0xc582	0x34b1	0xf9c0	0x8a7d	0xe872	0x3201	82c5b1	exact							
2050	0x77b59d07836d	258	0xadf2c	0x26e0cb	0x26e0cf	+0x4	tail	0xae32f	161	0x9975a	0xc034	0x7df9	0x728a	0x1e8	0x3b32	0x6dc	34c0f97d	exact							
2051	0x77b59d07836d	161	0x9975a	0x26e0cf	0x26e0d3	+0x4	tail	0x99b3a	114	0x90319	0x728a	0x1e8	0x3b32	0x6dc	0x578	0xa86a	8a72e801	exact							
2052	0x77b59d07836d	114	0x90319	0x26e0d3	0x26e0d7	+0x4	tail	0x90893	18	0x7be9b	0x3b32	0x6dc	0x578	0xa86a	0xe898	0xae01	323bdc06	exact							
2053	0x77b59d07836d	18	0x7be9b	0x26e0d7	0x26e0da	+0x3	tail	0x7c308	174	0x9bd8f	0x578	0xa86a	0xe898	0xae01	0xbbd8	0x212b	78056a	exact							
2054	0x77b59d07836d	174	0x9bd8f	0x26e0da	0x26e0de	+0x4	tail	0x9c08c	258	0xadf2c	0x98a8	0x1e8	0xd8ae	0x2bbb	0x321	0xe82a	a898e801	exact							
2055	0x77b59d07836d	258	0xadf2c	0x26e0de	0x26e0e2	+0x4	tail	0xae32f	66	0x855ff	0xd8ae	0x2bbb	0x321	0xe82a	0x2401	0x2a14	aed8bb2b	exact							
2056	0x77b59d07836d	66	0x855ff	0x26e0e2	0x26e0e5	+0x3	tail	0x859f9	158	0x99029	0x321	0xe82a	0x2401	0x2a14	0x4596	0x86dd	21032a	exact							
2057	0x77b59d07836d	158	0x99029	0x26e0e5	0x26e0e9	+0x4	tail	0x992ca	114	0x90319	0x1e8	0x1424	0x962a	0xdd45	0x7186	0x9e87	e8012414	exact							
2058	0x77b59d07836d	114	0x90319	0x26e0e9	0x26e0ed	+0x4	tail	0x90893	297	0xb64d7	0x962a	0xdd45	0x7186	0x9e87	0xe857	0x9301	2a9645dd	exact							
2059	0x77b59d07836d	297	0xb64d7	0x26e0ed	0x26e0f0	+0x3	tail	0xb68ff	161	0x9975a	0x7186	0x9e87	0xe857	0x9301	0x8408	0x16ea	867187	exact							
2060	0x77b59d07836d	161	0x9975a	0x26e0f0	0x26e0f4	+0x4	tail	0x99b3a	297	0xb64d7	0x579e	0x1e8	0x893	0xea84	0x3716	0xe8a3	9e57e801	exact							
2061	0x77b59d07836d	297	0xb64d7	0x26e0f4	0x26e0f7	+0x3	tail	0xb68ff	64	0x85059	0x893	0xea84	0x3716	0xe8a3	0x4901	0xe1b2	930884	exact							
2062	0x77b59d07836d	64	0x85059	0x26e0f7	0x26e0fb	+0x4	tail	0x8536e	158	0x99029	0x16ea	0xa337	0x1e8	0xb249	0xe4e1	0x7478	ea1637a3	exact							
2063	0x77b59d07836d	158	0x99029	0x26e0fb	0x26e0ff	+0x4	tail	0x992ca	66	0x855ff	0x1e8	0xb249	0xe4e1	0x7478	0x2d0c	0x4013	e80149b2	exact							
2064	0x77b59d07836d	66	0x855ff	0x26e0ff	0x26e102	+0x3	tail	0x859f9	258	0xadf2c	0xe4e1	0x7478	0x2d0c	0x4013	0xe897	0xe901	e1e478	exact							
2065	0x77b59d07836d	258	0xadf2c	0x26e102	0x26e106	+0x4	tail	0xae32f	184	0x9d694	0xc74	0x132d	0x9740	0x1e8	0x5de9	0xa27e	740c2d13	exact							
2066	0x77b59d07836d	184	0x9d694	0x26e106	0x26e10a	+0x4	tail	0x9d961	114	0x90319	0x9740	0x1e8	0x5de9	0xa27e	0x34f	0xea1a	4097e801	exact							
2067	0x77b59d07836d	114	0x90319	0x26e10a	0x26e10e	+0x4	tail	0x90893	199	0xa0631	0x5de9	0xa27e	0x34f	0xea1a	0xe876	0x7901	e95d7ea2	exact							
2068	0x77b59d07836d	199	0xa0631	0x26e10e	0x26e111	+0x3	tail	0xa0a9c	161	0x9975a	0x34f	0xea1a	0xe876	0x7901	0x22dc	0x51fa	4f031a	exact							
2069	0x77b59d07836d	161	0x9975a	0x26e111	0x26e115	+0x4	tail	0x99b3a	258	0xadf2c	0x76ea	0x1e8	0xdc79	0xfa22	0x8d51	0x5ead	ea76e801	exact							
2070	0x77b59d07836d	258	0xadf2c	0x26e115	0x26e119	+0x4	tail	0xae32f	307	0xb8064	0xdc79	0xfa22	0x8d51	0x5ead	0xe858	0xc501	79dc22fa	exact							
2071	0x77b59d07836d	307	0xb8064	0x26e119	0x26e11c	+0x3	tail	0xb837a	123	0x91a59	0x8d51	0x5ead	0xe858	0xc501	0x7145	0xd80d	518dad	exact							
2072	0x77b59d07836d	123	0x91a59	0x26e11c	0x26e120	+0x4	tail	0x91e7f	114	0x90319	0x585e	0x1e8	0x45c5	0xd71	0x3d8	0x7ee2	5e58e801	exact							
2073	0x77b59d07836d	114	0x90319	0x26e120	0x26e124	+0x4	tail	0x90893	28	0x7e390	0x45c5	0xd71	0x3d8	0x7ee2	0xe85d	0x1001	c545710d	exact							
2074	0x77b59d07836d	28	0x7e390	0x26e124	0x26e127	+0x3	tail	0x7e7ca	123	0x91a59	0x3d8	0x7ee2	0xe85d	0x1001	0x3a84	0x3c6d	d803e2	exact							
2075	0x77b59d07836d	123	0x91a59	0x26e127	0x26e12b	+0x4	tail	0x91e7f	185	0x9d964	0x5d7e	0x1e8	0x8410	0x6d3a	0x1c3c	0xe87b	7e5de801	exact							
2076	0x77b59d07836d	185	0x9d964	0x26e12b	0x26e12e	+0x3	tail	0x9dcab	258	0xadf2c	0x8410	0x6d3a	0x1c3c	0xe87b	0xe01	0x9fd8	10843a	exact							
2077	0x77b59d07836d	258	0xadf2c	0x26e12e	0x26e132	+0x4	tail	0xae32f	158	0x99029	0x3c6d	0x7b1c	0x1e8	0xd80e	0x889f	0xcf30	6d3c1c7b	exact							
2078	0x77b59d07836d	158	0x99029	0x26e132	0x26e136	+0x4	tail	0x992ca	114	0x90319	0x1e8	0xd80e	0x889f	0xcf30	0x5ab	0xe83a	e8010ed8	exact							
2079	0x77b59d07836d	114	0x90319	0x26e136	0x26e13a	+0x4	tail	0x90893	185	0x9d964	0x889f	0xcf30	0x5ab	0xe83a	0xbd01	0x1475	9f8830cf	exact							
2080	0x77b59d07836d	185	0x9d964	0x26e13a	0x26e13d	+0x3	tail	0x9dcab	20	0x7c62b	0x5ab	0xe83a	0xbd01	0x1475	0xab11	0xfff6	ab053a	exact							
2081	0x77b59d07836d	20	0x7c62b	0x26e13d	0x26e141	+0x4	tail	0x7ca96	337	0xbec0e	0x1e8	0x75bd	0x1114	0xf6ab	0xa0ff	0xe895	e801bd75	exact							
2082	0x77b59d07836d	337	0xbec0e	0x26e141	0x26e145	+0x4	tail	0xbf126	297	0xb64d7	0x1114	0xf6ab	0xa0ff	0xe895	0x9f01	0xc81e	1411abf6	exact							
2083	0x77b59d07836d	297	0xb64d7	0x26e145	0x26e148	+0x3	tail	0xb68ff	158	0x99029	0xa0ff	0xe895	0x9f01	0xc81e	0x3a10	0xcd9	ffa095	exact							
2084	0x77b59d07836d	158	0x99029	0x26e148	0x26e14c	+0x4	tail	0x992ca	185	0x9d964	0x1e8	0x1e9f	0x10c8	0xd93a	0xdd0c	0x9842	e8019f1e	exact							
2085	0x77b59d07836d	185	0x9d964	0x26e14c	0x26e14f	+0x3	tail	0x9dcab	347	0xc088d	0x10c8	0xd93a	0xdd0c	0x9842	0xe88b	0x3901	c8103a	exact							
2086	0x77b59d07836d	347	0xc088d	0x26e14f	0x26e153	+0x4	tail	0xc0d7b	174	0x9bd8f	0xcd9	0x42dd	0x8b98	0x1e8	0xfa39	0x26	d90cdd42	exact							
2087	0x77b59d07836d	174	0x9bd8f	0x26e153	0x26e157	+0x4	tail	0x9c08c	356	0xc291a	0x8b98	0x1e8	0xfa39	0x26	0x80	0xfd00	988be801	exact							
2088	0x77b59d07836d	356	0xc291a	0x26e157	0x26e161	+0xa	dispatch	0xc80b9	310	0xb8556	0xfa39	0x26	0x80	0xfd00	0x1	0x1e8	39fa2600800000fd0100	exact		0x94baf385		0xffc5af34			0x3a
2089	0x77b59d07836d	310	0xb8556	0x26e161	0x26e165	+0x4	tail	0xb86f5	354	0xc2241	0x1e8	0x162	0x10c	0x1c4a	0x67ae	0x15e	e8016201	exact	0x94baf385		0xffc5af34			0x3a	
2090	0x77b59d07836d	354	0xc2241	0x26e165	0x26e167	+0x2	tail	0xc240d	268	0xb0007	0x10c	0x1c4a	0x67ae	0x15e	0x7b3a	0xb1d9	0c01	exact							
2091	0x77b59d07836d	268	0xb0007	0x26e167	0x26e16b	+0x4	tail	0xb0458	185	0x9d964	0x1c4a	0x67ae	0x15e	0x7b3a	0xb1d9	0xf6ca	4a1cae67	exact							
2092	0x77b59d07836d	185	0x9d964	0x26e16b	0x26e16e	+0x3	tail	0x9dcab	64	0x85059	0x15e	0x7b3a	0xb1d9	0xf6ca	0xe829	0x8801	5e013a	exact							
2093	0x77b59d07836d	64	0x85059	0x26e16e	0x26e172	+0x4	tail	0x8536e	26	0x7dbbb	0xd97b	0xcab1	0x29f6	0x1e8	0xa88	0x7c84	7bd9b1ca	exact							
2094	0x77b59d07836d	26	0x7dbbb	0x26e172	0x26e176	+0x4	tail	0x7dfbd	215	0xa4609	0x29f6	0x1e8	0xa88	0x7c84	0x4075	0x7e0b	f629e801	exact							
2095	0x77b59d07836d	215	0xa4609	0x26e176	0x26e179	+0x3	tail	0xa4a5e	337	0xbec0e	0xa88	0x7c84	0x4075	0x7e0b	0xab13	0xad0d	880a84	exact							
2096	0x77b59d07836d	337	0xbec0e	0x26e179	0x26e17d	+0x4	tail	0xbf126	172	0x9b68a	0x757c	0xb40	0x137e	0xdab	0xa3ad	0x1e8	7c75400b	exact							
2097	0x77b59d07836d	172	0x9b68a	0x26e17d	0x26e181	+0x4	tail	0x9ba72	243	0xaab6a	0x137e	0xdab	0xa3ad	0x1e8	0xaca3	0xf23a	7e13ab0d	exact							
2098	0x77b59d07836d	243	0xaab6a	0x26e181	0x26e185	+0x4	tail	0xaaf3c	185	0x9d964	0xa3ad	0x1e8	0xaca3	0xf23a	0x8901	0xdd00	ada3e801	exact							
2099	0x77b59d07836d	185	0x9d964	0x26e185	0x26e188	+0x3	tail	0x9dcab	340	0xbf435	0xaca3	0xf23a	0x8901	0xdd00	0xe322	0x800a	a3ac3a	exact							
2100	0x77b59d07836d	340	0xbf435	0x26e188	0x26e18c	+0x4	tail	0xbf886	172	0x9b68a	0x1f2	0x89	0x22dd	0xae3	0xf880	0x1e8	f2018900	exact							
2101	0x77b59d07836d	172	0x9b68a	0x26e18c	0x26e190	+0x4	tail	0x9ba72	26	0x7dbbb	0x22dd	0xae3	0xf880	0x1e8	0xa450	0xb0ac	dd22e30a	exact							
2102	0x77b59d07836d	26	0x7dbbb	0x26e190	0x26e194	+0x4	tail	0x7dfbd	337	0xbec0e	0xf880	0x1e8	0xa450	0xb0ac	0x860	0xce80	80f8e801	exact							
2103	0x77b59d07836d	337	0xbec0e	0x26e194	0x26e198	+0x4	tail	0xbf126	215	0xa4609	0xa450	0xb0ac	0x860	0xce80	0xb566	0xbe6c	50a4acb0	exact							
2104	0x77b59d07836d	215	0xa4609	0x26e198	0x26e19b	+0x3	tail	0xa4a5e	268	0xb0007	0x860	0xce80	0xb566	0xbe6c	0xe895	0x8601	600880	exact							
2105	0x77b59d07836d	268	0xb0007	0x26e19b	0x26e19f	+0x4	tail	0xb0458	346	0xc0535	0x66ce	0x6cb5	0x95be	0x1e8	0xb286	0xd2c7	ce66b56c	exact							
2106	0x77b59d07836d	346	0xc0535	0x26e19f	0x26e1a3	+0x4	tail	0xc088b	64	0x85059	0x95be	0x1e8	0xb286	0xd2c7	0xf517	0xd7a3	be95e801	exact							
2107	0x77b59d07836d	64	0x85059	0x26e1a3	0x26e1a7	+0x4	tail	0x8536e	168	0x9aa83	0xb286	0xd2c7	0xf517	0xd7a3	0x5525	0xe891	86b2c7d2	exact							
2108	0x77b59d07836d	168	0x9aa83	0x26e1a7	0x26e1ab	+0x4	tail	0x9af16	297	0xb64d7	0xf517	0xd7a3	0x5525	0xe891	0x9901	0xeaf4	17f5a3d7	exact							
2109	0x77b59d07836d	297	0xb64d7	0x26e1ab	0x26e1ae	+0x3	tail	0xb68ff	315	0xb9451	0x5525	0xe891	0x9901	0xeaf4	0x47ba	0x8c01	255591	exact							
2110	0x77b59d07836d	315	0xb9451	0x26e1ae	0x26e1b2	+0x4	tail	0xb9878	157	0x98a9a	0x1e8	0xf499	0xbaea	0x147	0xdc8c	0x147	e80199f4	exact							
2111	0x77b59d07836d	157	0x98a9a	0x26e1b2	0x26e1b6	+0x4	tail	0x99026	340	0xbf435	0xbaea	0x147	0xdc8c	0x147	0x970f	0xe8ec	eaba4701	exact							
2112	0x77b59d07836d	340	0xbf435	0x26e1b6	0x26e1ba	+0x4	tail	0xbf886	66	0x855ff	0xdc8c	0x147	0x970f	0xe8ec	0xe101	0x50f0	8cdc4701	exact							
2113	0x77b59d07836d	66	0x855ff	0x26e1ba	0x26e1bd	+0x3	tail	0x859f9	315	0xb9451	0x970f	0xe8ec	0xe101	0x50f0	0x1218	0x7076	0f97ec	exact							
2114	0x77b59d07836d	315	0xb9451	0x26e1bd	0x26e1c1	+0x4	tail	0xb9878	18	0x7be9b	0x1e8	0xf0e1	0x1850	0x7612	0x5f70	0x72b	e801e1f0	exact							
2115	0x77b59d07836d	18	0x7be9b	0x26e1c1	0x26e1c4	+0x3	tail	0x7c308	258	0xadf2c	0x1850	0x7612	0x5f70	0x72b	0xcbe8	0xe800	501812	exact							
2116	0x77b59d07836d	258	0xadf2c	0x26e1c4	0x26e1c8	+0x4	tail	0xae32f	157	0x98a9a	0x7076	0x2b5f	0xe807	0xcb	0x1e8	0x350c	76705f2b	exact							
2117	0x77b59d07836d	157	0x98a9a	0x26e1c8	0x26e1cc	+0x4	tail	0x99026	33	0x7f7c4	0xe807	0xcb	0x1e8	0x350c	0x860	0xffc	07e8cb00	exact							
2118	0x77b59d07836d	33	0x7f7c4	0x26e1cc	0x26e1d0	+0x4	tail	0x7fba1	215	0xa4609	0x1e8	0x350c	0x860	0xffc	0xa25c	0x452c	e8010c35	exact							
2119	0x77b59d07836d	215	0xa4609	0x26e1d0	0x26e1d3	+0x3	tail	0xa4a5e	268	0xb0007	0x860	0xffc	0xa25c	0x452c	0x3836	0x3e00	6008fc	exact							
2120	0x77b59d07836d	268	0xb0007	0x26e1d3	0x26e1d7	+0x4	tail	0xb0458	340	0xbf435	0x5c0f	0x2ca2	0x3645	0x38	0xe23e	0x1e8	0f5ca22c	exact							
2121	0x77b59d07836d	340	0xbf435	0x26e1d7	0x26e1db	+0x4	tail	0xbf886	243	0xaab6a	0x3645	0x38	0xe23e	0x1e8	0xad8	0xf6bb	45363800	exact							
2122	0x77b59d07836d	243	0xaab6a	0x26e1db	0x26e1df	+0x4	tail	0xaaf3c	215	0xa4609	0xe23e	0x1e8	0xad8	0xf6bb	0x6680	0x5f00	3ee2e801	exact							
2123	0x77b59d07836d	215	0xa4609	0x26e1df	0x26e1e2	+0x3	tail	0xa4a5e	347	0xc088d	0xad8	0xf6bb	0x6680	0x5f00	0x13f9	0x7900	d80abb	exact							
2124	0x77b59d07836d	347	0xc088d	0x26e1e2	0x26e1e6	+0x4	tail	0xc0d7b	333	0xbd8af	0x80f6	0x66	0xf95f	0x13	0x1179	0x1e8	f6806600	exact							
2125	0x77b59d07836d	333	0xbd8af	0x26e1e6	0x26e1ea	+0x4	tail	0xbdd16	305	0xb78b0	0xf95f	0x13	0x1179	0x1e8	0x848c	0x1de	5ff91300	exact							
2126	0x77b59d07836d	305	0xb78b0	0x26e1ea	0x26e1ee	+0x4	tail	0xb7bb8	347	0xc088d	0x1179	0x1e8	0x848c	0x1de	0x15c0	0x4eb2	7911e801	exact							
2127	0x77b59d07836d	347	0xc088d	0x26e1ee	0x26e1f2	+0x4	tail	0xc0d7b	307	0xb8064	0x848c	0x1de	0x15c0	0x4eb2	0x7ece	0x5d69	8c84de01	exact							
2128	0x77b59d07836d	307	0xb8064	0x26e1f2	0x26e1f5	+0x3	tail	0xb837a	268	0xb0007	0x15c0	0x4eb2	0x7ece	0x5d69	0xe81c	0x4301	c015b2	exact							
2129	0x77b59d07836d	268	0xb0007	0x26e1f5	0x26e1f9	+0x4	tail	0xb0458	243	0xaab6a	0xce4e	0x697e	0x1c5d	0x1e8	0xd643	0x107	4ece7e69	exact							
2130	0x77b59d07836d	243	0xaab6a	0x26e1f9	0x26e1fd	+0x4	tail	0xaaf3c	157	0x98a9a	0x1c5d	0x1e8	0xd643	0x107	0x5e7	0xee3a	5d1ce801	exact							
2131	0x77b59d07836d	157	0x98a9a	0x26e1fd	0x26e201	+0x4	tail	0x99026	185	0x9d964	0xd643	0x107	0x5e7	0xee3a	0x3866	0xe8db	43d60701	exact							
2132	0x77b59d07836d	185	0x9d964	0x26e201	0x26e204	+0x3	tail	0x9dcab	189	0x9e7af	0x5e7	0xee3a	0x3866	0xe8db	0x6101	0xc2f8	e7053a	exact							
2133	0x77b59d07836d	189	0x9e7af	0x26e204	0x26e208	+0x4	tail	0x9eac9	315	0xb9451	0x66ee	0xdb38	0x1e8	0xf861	0x49c2	0xeb66	ee6638db	exact							
2134	0x77b59d07836d	315	0xb9451	0x26e208	0x26e20c	+0x4	tail	0xb9878	258	0xadf2c	0x1e8	0xf861	0x49c2	0xeb66	0xc700	0x153a	e80161f8	exact							
2135	0x77b59d07836d	258	0xadf2c	0x26e20c	0x26e210	+0x4	tail	0xae32f	66	0x855ff	0x49c2	0xeb66	0xc700	0x153a	0x950f	0xe82b	c24966eb	exact							
2136	0x77b59d07836d	66	0x855ff	0x26e210	0x26e213	+0x3	tail	0x859f9	268	0xb0007	0xc700	0x153a	0x950f	0xe82b	0x6101	0x43f8	00c73a	exact							
2137	0x77b59d07836d	268	0xb0007	0x26e213	0x26e217	+0x4	tail	0xb0458	315	0xb9451	0xf15	0x2b95	0x1e8	0xf861	0x1943	0x9beb	150f952b	exact							
2138	0x77b59d07836d	315	0xb9451	0x26e217	0x26e21b	+0x4	tail	0xb9878	258	0xadf2c	0x1e8	0xf861	0x1943	0x9beb	0x7054	0xd496	e80161f8	exact							
2139	0x77b59d07836d	258	0xadf2c	0x26e21b	0x26e21f	+0x4	tail	0xae32f	168	0x9aa83	0x1943	0x9beb	0x7054	0xd496	0x2043	0x453a	4319eb9b	exact							
2140	0x77b59d07836d	168	0x9aa83	0x26e21f	0x26e223	+0x4	tail	0x9af16	185	0x9d964	0x7054	0xd496	0x2043	0x453a	0xe8de	0xba01	547096d4	exact							
2141	0x77b59d07836d	185	0x9d964	0x26e223	0x26e226	+0x3	tail	0x9dcab	305	0xb78b0	0x2043	0x453a	0xe8de	0xba01	0x837a	0x543	43203a	exact							
2142	0x77b59d07836d	305	0xb78b0	0x26e226	0x26e22a	+0x4	tail	0xb7bb8	258	0xadf2c	0xde45	0x1e8	0x7aba	0x4383	0x6e05	0x3a60	45dee801	exact							
2143	0x77b59d07836d	258	0xadf2c	0x26e22a	0x26e22e	+0x4	tail	0xae32f	297	0xb64d7	0x7aba	0x4383	0x6e05	0x3a60	0xfde6	0xe808	ba7a8343	exact							
2144	0x77b59d07836d	297	0xb64d7	0x26e22e	0x26e231	+0x3	tail	0xb68ff	196	0x9fbcd	0x6e05	0x3a60	0xfde6	0xe808	0x4901	0x3bf6	056e60	exact							
2145	0x77b59d07836d	196	0x9fbcd	0x26e231	0x26e235	+0x4	tail	0xa0068	315	0xb9451	0xe63a	0x8fd	0x1e8	0xf649	0x2e3b	0x98ce	3ae6fd08	exact							
2146	0x77b59d07836d	315	0xb9451	0x26e235	0x26e239	+0x4	tail	0xb9878	199	0xa0631	0x1e8	0xf649	0x2e3b	0x98ce	0x420d	0xd081	e80149f6	exact							
2147	0x77b59d07836d	199	0xa0631	0x26e239	0x26e23c	+0x3	tail	0xa0a9c	347	0xc088d	0x2e3b	0x98ce	0x420d	0xd081	0xe3a2	0xc00a	3b2ece	exact							
2148	0x77b59d07836d	347	0xc088d	0x26e23c	0x26e240	+0x4	tail	0xc0d7b	172	0x9b68a	0xd98	0x8142	0xa2d0	0xae3	0x5dc0	0x1e8	980d4281	exact							
2149	0x77b59d07836d	172	0x9b68a	0x26e240	0x26e244	+0x4	tail	0x9ba72	26	0x7dbbb	0xa2d0	0xae3	0x5dc0	0x1e8	0x9b2	0xc64d	d0a2e30a	exact							
2150	0x77b59d07836d	26	0x7dbbb	0x26e244	0x26e248	+0x4	tail	0x7dfbd	199	0xa0631	0x5dc0	0x1e8	0x9b2	0xc64d	0xc8d6	0xffa0	c05de801	exact							
2151	0x77b59d07836d	199	0xa0631	0x26e248	0x26e24b	+0x3	tail	0xa0a9c	189	0x9e7af	0x9b2	0xc64d	0xc8d6	0xffa0	0xb3ff	0xe800	b2094d	exact							
2152	0x77b59d07836d	189	0x9e7af	0x26e24b	0x26e24f	+0x4	tail	0x9eac9	333	0xbd8af	0xd6c6	0xa0c8	0xffff	0xb3	0x1e8	0xf69e	c6d6c8a0	exact							
2153	0x77b59d07836d	333	0xbd8af	0x26e24f	0x26e253	+0x4	tail	0xbdd16	33	0x7f7c4	0xffff	0xb3	0x1e8	0xf69e	0xd1d4	0x13d	ffffb300	exact							
2154	0x77b59d07836d	33	0x7f7c4	0x26e253	0x26e257	+0x4	tail	0x7fba1	338	0xbf128	0x1e8	0xf69e	0xd1d4	0x13d	0x1e8	0x1e8	e8019ef6	exact							
2155	0x77b59d07836d	338	0xbf128	0x26e257	0x26e25d	+0x6	tail	0xbf2d3	295	0xb60e0	0xd1d4	0x13d	0x1e8	0x1e8	0xcf82	0x9210	d4d13d01e801	exact							
2156	0x77b59d07836d	295	0xb60e0	0x26e25d	0x26e262	+0x5	tail	0xb625a	114	0x90319	0x1e8	0xcf82	0x9210	0x836e	0xc422	0xd089	e80182cf10	exact							
2157	0x77b59d07836d	114	0x90319	0x26e262	0x26e266	+0x4	tail	0x90893	273	0xb11ca	0x6e92	0x2283	0x89c4	0x69d0	0x1e8	0xdf72	926e8322	exact							
2158	0x77b59d07836d	273	0xb11ca	0x26e266	0x26e26a	+0x4	tail	0xb1545	183	0x9d495	0x89c4	0x69d0	0x1e8	0xdf72	0xc23	0x68	c489d069	exact							
2159	0x77b59d07836d	183	0x9d495	0x26e26a	0x26e26e	+0x4	tail	0x9d692	157	0x98a9a	0x1e8	0xdf72	0xc23	0x68	0xb18d	0x10	e80172df	exact							
2160	0x77b59d07836d	157	0x98a9a	0x26e26e	0x26e272	+0x4	tail	0x99026	297	0xb64d7	0xc23	0x68	0xb18d	0x10	0x13d	0x96d4	230c6800	exact							
2161	0x77b59d07836d	297	0xb64d7	0x26e272	0x26e275	+0x3	tail	0xb68ff	220	0xa522e	0xb18d	0x10	0x13d	0x96d4	0xdd02	0x6a80	8db110	exact							
2162	0x77b59d07836d	220	0xa522e	0x26e275	0x26e27a	+0x5	tail	0xa5886	198	0xa037e	0x3d00	0xd401	0x296	0x80dd	0x966a	0x190c	003d01d496	exact							
2163	0x77b59d07836d	198	0xa037e	0x26e27a	0x26e27c	+0x2	tail	0xa062e	18	0x7be9b	0xdd02	0x6a80	0xc96	0xb819	0xcd67	0x6f03	02dd	exact							
2164	0x77b59d07836d	18	0x7be9b	0x26e27c	0x26e27f	+0x3	tail	0x7c308	43	0x8173d	0x6a80	0xc96	0xb819	0xcd67	0x6f03	0x2e00	806a96	exact							
2165	0x77b59d07836d	43	0x8173d	0x26e27f	0x26e283	+0x4	tail	0x81b7c	347	0xc088d	0x190c	0x67b8	0x3cd	0x6f	0xba2e	0xb1c8	0c19b867	exact							
2166	0x77b59d07836d	347	0xc088d	0x26e283	0x26e287	+0x4	tail	0xc0d7b	253	0xacfb1	0x3cd	0x6f	0xba2e	0xb1c8	0x8cca	0x50f9	cd036f00	exact							
2167	0x77b59d07836d	253	0xacfb1	0x26e287	0x26e28d	+0x6	tail	0xad329	70	0x8610e	0xba2e	0xb1c8	0x8cca	0x50f9	0x3d00	0x6701	2ebac8b1ca8c	exact							
2168	0x77b59d07836d	70	0x8610e	0x26e28d	0x26e292	+0x5	tail	0x86763	144	0x95887	0x50f9	0x3d00	0x6701	0x2d97	0x2a86	0x7835	f950003d01	exact							
2169	0x77b59d07836d	144	0x95887	0x26e292	0x26e294	+0x2	tail	0x95b59	66	0x855ff	0x9767	0x862d	0x352a	0x6978	0x3a02	0x6357	6797	exact							
2170	0x77b59d07836d	66	0x855ff	0x26e294	0x26e297	+0x3	tail	0x859f9	43	0x8173d	0x862d	0x352a	0x6978	0x3a02	0x6357	0x577d	2d862a	exact							
2171	0x77b59d07836d	43	0x8173d	0x26e297	0x26e29b	+0x4	tail	0x81b7c	208	0xa2361	0x7835	0x269	0x573a	0x7d63	0x7457	0x9ecf	35786902	exact							
2172	0x77b59d07836d	208	0xa2361	0x26e29b	0x26e2a0	+0x5	tail	0xa2933	258	0xadf2c	0x573a	0x7d63	0x7457	0x9ecf	0x29cb	0x85	3a57637d57	exact							
2173	0x77b59d07836d	258	0xadf2c	0x26e2a0	0x26e2a4	+0x4	tail	0xae32f	83	0x8947b	0xcf74	0xcb9e	0x8529	0x3d00	0x6701	0x6597	74cf9ecb	exact							
2174	0x77b59d07836d	83	0x8947b	0x26e2a4	0x26e2a9	+0x5	tail	0x89839	144	0x95887	0x8529	0x3d00	0x6701	0x6597	0x2a3b	0xc205	2985003d01	exact							
2175	0x77b59d07836d	144	0x95887	0x26e2a9	0x26e2ab	+0x2	tail	0x95b59	66	0x855ff	0x9767	0x3b65	0x52a	0x51c2	0x78b9	0x806a	6797	exact							
2176	0x77b59d07836d	66	0x855ff	0x26e2ab	0x26e2ae	+0x3	tail	0x859f9	43	0x8173d	0x3b65	0x52a	0x51c2	0x78b9	0x806a	0xae01	653b2a	exact							
2177	0x77b59d07836d	43	0x8173d	0x26e2ae	0x26e2b2	+0x4	tail	0x81b7c	239	0xa991e	0xc205	0xb951	0x6a78	0x180	0x9fae	0xa1b3	05c251b9	exact							
2178	0x77b59d07836d	239	0xa991e	0x26e2b2	0x26e2b8	+0x6	tail	0xa9cf4	64	0x85059	0x6a78	0x180	0x9fae	0xa1b3	0x73	0x9f54	786a8001ae9f	exact							
2179	0x77b59d07836d	64	0x85059	0x26e2b8	0x26e2bc	+0x4	tail	0x8536e	37	0x80685	0xa1b3	0x73	0x9f54	0x3d77	0x5001	0x91b0	b3a17300	exact							
2180	0x77b59d07836d	37	0x80685	0x26e2bc	0x26e2c1	+0x5	tail	0x80d77	198	0xa037e	0x9f54	0x3d77	0x5001	0x91b0	0x67f9	0x7a92	549f773d01	exact							
2181	0x77b59d07836d	198	0xa037e	0x26e2c1	0x26e2c3	+0x2	tail	0xa062e	345	0xc02e4	0xb050	0xf991	0x9267	0xfb7a	0x560	0xa55e	50b0	exact							
2182	0x77b59d07836d	345	0xc02e4	0x26e2c3	0x26e2c9	+0x6	tail	0xc0532	215	0xa4609	0xf991	0x9267	0xfb7a	0x560	0xa55e	0x33d4	91f967927afb	exact							
2183	0x77b59d07836d	215	0xa4609	0x26e2c9	0x26e2cc	+0x3	tail	0xa4a5e	172	0x9b68a	0x560	0xa55e	0x33d4	0x2e08	0xe7c2	0x9669	60055e	exact							
2184	0x77b59d07836d	172	0x9b68a	0x26e2cc	0x26e2d0	+0x4	tail	0x9ba72	64	0x85059	0xd4a5	0x833	0xc22e	0x69e7	0x2996	0x13d	a5d43308	exact							
2185	0x77b59d07836d	64	0x85059	0x26e2d0	0x26e2d4	+0x4	tail	0x8536e	79	0x885b0	0xc22e	0x69e7	0x2996	0x13d	0x8700	0x88b0	2ec2e769	exact							
2186	0x77b59d07836d	79	0x885b0	0x26e2d4	0x26e2d9	+0x5	tail	0x88a55	257	0xadbfd	0x2996	0x13d	0x8700	0x88b0	0x4d0a	0x7a5f	96293d0100	exact							
2187	0x77b59d07836d	257	0xadbfd	0x26e2d9	0x26e2db	+0x2	tail	0xadf29	28	0x7e390	0xb087	0xa88	0x5f4d	0xae7a	0xcce2	0x39	87b0	exact							
2188	0x77b59d07836d	28	0x7e390	0x26e2db	0x26e2de	+0x3	tail	0x7e7ca	337	0xbec0e	0xa88	0x5f4d	0xae7a	0xcce2	0x39	0xc724	880a4d	exact							
2189	0x77b59d07836d	337	0xbec0e	0x26e2de	0x26e2e2	+0x4	tail	0xbf126	124	0x91e81	0x7a5f	0xe2ae	0x39cc	0x2400	0xc9c7	0x980a	5f7aaee2	exact							
2190	0x77b59d07836d	124	0x91e81	0x26e2e2	0x26e2e8	+0x6	tail	0x922c1	268	0xb0007	0x39cc	0x2400	0xc9c7	0x980a	0x632a	0xde00	cc390024c7c9	exact							
2191	0x77b59d07836d	268	0xb0007	0x26e2e8	0x26e2ec	+0x4	tail	0xb0458	49	0x82820	0x980a	0x632a	0xde00	0x3d26	0x3f01	0xdf97	0a982a63	exact							
2192	0x77b59d07836d	49	0x82820	0x26e2ec	0x26e2f1	+0x5	tail	0x82e73	144	0x95887	0xde00	0x3d26	0x3f01	0xdf97	0x7f39	0x5194	00de263d01	exact							
2193	0x77b59d07836d	144	0x95887	0x26e2f1	0x26e2f3	+0x2	tail	0x95b59	64	0x85059	0x973f	0x39df	0x947f	0x9751	0x14ef	0xf6a7	3f97	exact							
2194	0x77b59d07836d	64	0x85059	0x26e2f3	0x26e2f7	+0x4	tail	0x8536e	332	0xbd36d	0x39df	0x947f	0x9751	0x14ef	0xf6a7	0x883a	df397f94	exact							
2195	0x77b59d07836d	332	0xbd36d	0x26e2f7	0x26e2fb	+0x4	tail	0xbd8ad	185	0x9d964	0x9751	0x14ef	0xf6a7	0x883a	0xec82	0xf7	5197ef14	exact							
2196	0x77b59d07836d	185	0x9d964	0x26e2fb	0x26e2fe	+0x3	tail	0x9dcab	43	0x8173d	0xf6a7	0x883a	0xec82	0xf7	0x7b5e	0x13d	a7f63a	exact							
2197	0x77b59d07836d	43	0x8173d	0x26e2fe	0x26e302	+0x4	tail	0x81b7c	49	0x82820	0x8288	0xf7ec	0x5e00	0x3d7b	0x4701	0x3a09	8882ecf7	exact							
2198	0x77b59d07836d	49	0x82820	0x26e302	0x26e307	+0x5	tail	0x82e73	173	0x9ba74	0x5e00	0x3d7b	0x4701	0x3a09	0xad45	0x61c1	005e7b3d01	exact							
2199	0x77b59d07836d	173	0x9ba74	0x26e307	0x26e309	+0x2	tail	0x9bd8c	307	0xb8064	0x947	0x453a	0xc1ad	0xa661	0xb42c	0xe882	4709	exact							
2200	0x77b59d07836d	307	0xb8064	0x26e309	0x26e30c	+0x3	tail	0xb837a	114	0x90319	0x453a	0xc1ad	0xa661	0xb42c	0xe882	0x5f01	3a45ad	exact							
2201	0x77b59d07836d	114	0x90319	0x26e30c	0x26e310	+0x4	tail	0x90893	123	0x91a59	0x61c1	0x2ca6	0x82b4	0x1e8	0x9c5f	0x42a8	c161a62c	exact							
2202	0x77b59d07836d	123	0x91a59	0x26e310	0x26e314	+0x4	tail	0x91e7f	337	0xbec0e	0x82b4	0x1e8	0x9c5f	0x42a8	0xcdbd	0xf0a8	b482e801	exact							
2203	0x77b59d07836d	337	0xbec0e	0x26e314	0x26e318	+0x4	tail	0xbf126	66	0x855ff	0x9c5f	0x42a8	0xcdbd	0xf0a8	0xe877	0xe801	5f9ca842	exact							
2204	0x77b59d07836d	66	0x855ff	0x26e318	0x26e31b	+0x3	tail	0x859f9	123	0x91a59	0xcdbd	0xf0a8	0xe877	0xe801	0x6701	0x3d63	bdcda8	exact							
2205	0x77b59d07836d	123	0x91a59	0x26e31b	0x26e31f	+0x4	tail	0x91e7f	261	0xaeda2	0x77f0	0x1e8	0x1e8	0x6367	0x13d	0x4e1a	f077e801	exact							
2206	0x77b59d07836d	261	0xaeda2	0x26e31f	0x26e325	+0x6	tail	0xaeeff	18	0x7be9b	0x1e8	0x6367	0x13d	0x4e1a	0x1e14	0x8c5b	e80167633d01	exact							
2207	0x77b59d07836d	18	0x7be9b	0x26e325	0x26e328	+0x3	tail	0x7c308	189	0x9e7af	0x4e1a	0x1e14	0x8c5b	0xd2aa	0xe86e	0x1	1a4e14	exact							
2208	0x77b59d07836d	189	0x9e7af	0x26e328	0x26e32c	+0x4	tail	0x9eac9	161	0x9975a	0x5b1e	0xaa8c	0x6ed2	0x1e8	0x200	0x122c	1e5b8caa	exact							
2209	0x77b59d07836d	161	0x9975a	0x26e32c	0x26e330	+0x4	tail	0x99b3a	28	0x7e390	0x6ed2	0x1e8	0x200	0x122c	0xdc79	0x5a50	d26ee801	exact							
2210	0x77b59d07836d	28	0x7e390	0x26e330	0x26e333	+0x3	tail	0x7e7ca	64	0x85059	0x200	0x122c	0xdc79	0x5a50	0xe866	0xf201	00022c	exact							
2211	0x77b59d07836d	64	0x85059	0x26e333	0x26e337	+0x4	tail	0x8536e	184	0x9d694	0x7912	0x50dc	0x665a	0x1e8	0xabf2	0x7641	1279dc50	exact							
2212	0x77b59d07836d	184	0x9d694	0x26e337	0x26e33b	+0x4	tail	0x9d961	258	0xadf2c	0x665a	0x1e8	0xabf2	0x7641	0x646e	0xe831	5a66e801	exact							
2213	0x77b59d07836d	258	0xadf2c	0x26e33b	0x26e33f	+0x4	tail	0xae32f	199	0xa0631	0xabf2	0x7641	0x646e	0xe831	0x8101	0x29bf	f2ab4176	exact							
2214	0x77b59d07836d	199	0xa0631	0x26e33f	0x26e342	+0x3	tail	0xa0a9c	158	0x99029	0x646e	0xe831	0x8101	0x29bf	0x38ab	0xad6e	6e6431	exact							
2215	0x77b59d07836d	158	0x99029	0x26e342	0x26e346	+0x4	tail	0x992ca	66	0x855ff	0x1e8	0xbf81	0xab29	0x6e38	0x38ad	0x67f0	e80181bf	exact							
2216	0x77b59d07836d	66	0x855ff	0x26e346	0x26e349	+0x3	tail	0x859f9	114	0x90319	0xab29	0x6e38	0x38ad	0x67f0	0xe851	0x5c01	29ab38	exact							
2217	0x77b59d07836d	114	0x90319	0x26e349	0x26e34d	+0x4	tail	0x90893	174	0x9bd8f	0xad6e	0xf038	0x5167	0x1e8	0x2d5c	0x107	6ead38f0	exact							
2218	0x77b59d07836d	174	0x9bd8f	0x26e34d	0x26e351	+0x4	tail	0x9c08c	340	0xbf435	0x5167	0x1e8	0x2d5c	0x107	0x4e1a	0xa294	6751e801	exact							
2219	0x77b59d07836d	340	0xbf435	0x26e351	0x26e355	+0x4	tail	0xbf886	18	0x7be9b	0x2d5c	0x107	0x4e1a	0xa294	0xe8bf	0x1	5c2d0701	exact							
2220	0x77b59d07836d	18	0x7be9b	0x26e355	0x26e358	+0x3	tail	0x7c308	174	0x9bd8f	0x4e1a	0xa294	0xe8bf	0x1	0x9f02	0xd46e	1a4e94	exact							
2221	0x77b59d07836d	174	0x9bd8f	0x26e358	0x26e35c	+0x4	tail	0x9c08c	28	0x7e390	0xbfa2	0x1e8	0x200	0x6e9f	0x90d4	0xe8ca	a2bfe801	exact							
2222	0x77b59d07836d	28	0x7e390	0x26e35c	0x26e35f	+0x3	tail	0x7e7ca	64	0x85059	0x200	0x6e9f	0x90d4	0xe8ca	0xe101	0x90ea	00029f	exact							
2223	0x77b59d07836d	64	0x85059	0x26e35f	0x26e363	+0x4	tail	0x8536e	20	0x7c62b	0xd46e	0xca90	0x1e8	0xeae1	0x3b90	0x54d7	6ed490ca	exact							
2224	0x77b59d07836d	20	0x7c62b	0x26e363	0x26e367	+0x4	tail	0x7ca96	18	0x7be9b	0x1e8	0xeae1	0x3b90	0x54d7	0x137a	0x8500	e801e1ea	exact							
2225	0x77b59d07836d	18	0x7be9b	0x26e367	0x26e36a	+0x3	tail	0x7c308	340	0xbf435	0x3b90	0x54d7	0x137a	0x8500	0xe872	0x9e01	903bd7	exact							
2226	0x77b59d07836d	340	0xbf435	0x26e36a	0x26e36e	+0x4	tail	0xbf886	161	0x9975a	0x7a54	0x13	0x7285	0x1e8	0x3f9e	0x8b07	547a1300	exact							
2227	0x77b59d07836d	161	0x9975a	0x26e36e	0x26e372	+0x4	tail	0x99b3a	114	0x90319	0x7285	0x1e8	0x3f9e	0x8b07	0xc7b9	0xd8aa	8572e801	exact							
2228	0x77b59d07836d	114	0x90319	0x26e372	0x26e376	+0x4	tail	0x90893	66	0x855ff	0x3f9e	0x8b07	0xc7b9	0xd8aa	0xe819	0xc01	9e3f078b	exact							
2229	0x77b59d07836d	66	0x855ff	0x26e376	0x26e379	+0x3	tail	0x859f9	184	0x9d694	0xc7b9	0xd8aa	0xe819	0xc01	0xc9f1	0x7772	b9c7aa	exact							
2230	0x77b59d07836d	184	0x9d694	0x26e379	0x26e37d	+0x4	tail	0x9d961	258	0xadf2c	0x19d8	0x1e8	0xf10c	0x72c9	0x4d77	0xd62a	d819e801	exact							
2231	0x77b59d07836d	258	0xadf2c	0x26e37d	0x26e381	+0x4	tail	0xae32f	66	0x855ff	0xf10c	0x72c9	0x4d77	0xd62a	0xe8ef	0xa001	0cf1c972	exact							
2232	0x77b59d07836d	66	0x855ff	0x26e381	0x26e384	+0x3	tail	0x859f9	161	0x9975a	0x4d77	0xd62a	0xe8ef	0xa001	0x590a	0xedfc	774d2a	exact							
2233	0x77b59d07836d	161	0x9975a	0x26e384	0x26e388	+0x4	tail	0x99b3a	28	0x7e390	0xefd6	0x1e8	0xaa0	0xfc59	0x47ed	0xe801	d6efe801	exact							
2234	0x77b59d07836d	28	0x7e390	0x26e388	0x26e38b	+0x3	tail	0x7e7ca	340	0xbf435	0xaa0	0xfc59	0x47ed	0xe801	0x7a01	0xe3c9	a00a59	exact							
2235	0x77b59d07836d	340	0xbf435	0x26e38b	0x26e38f	+0x4	tail	0xbf886	176	0x9c10b	0xedfc	0x147	0x1e8	0xc97a	0xe3	0xe0ac	fced4701	exact							
2236	0x77b59d07836d	176	0x9c10b	0x26e38f	0x26e393	+0x4	tail	0x9c3f4	189	0x9e7af	0x1e8	0xc97a	0xe3	0xe0ac	0x96a9	0xe832	e8017ac9	exact							
2237	0x77b59d07836d	189	0x9e7af	0x26e393	0x26e397	+0x4	tail	0x9eac9	297	0xb64d7	0xe3	0xe0ac	0x96a9	0xe832	0x5901	0xc7a	e300ace0	exact							
2238	0x77b59d07836d	297	0xb64d7	0x26e397	0x26e39a	+0x3	tail	0xb68ff	176	0x9c10b	0x96a9	0xe832	0x5901	0xc7a	0xcc00	0x68f2	a99632	exact							
2239	0x77b59d07836d	176	0x9c10b	0x26e39a	0x26e39e	+0x4	tail	0x9c3f4	66	0x855ff	0x1e8	0x7a59	0xc	0xf2cc	0x1a68	0x5b9c	e801597a	exact							
2240	0x77b59d07836d	66	0x855ff	0x26e39e	0x26e3a1	+0x3	tail	0x859f9	114	0x90319	0xc	0xf2cc	0x1a68	0x5b9c	0xe855	0x8001	0c00cc	exact							
2241	0x77b59d07836d	114	0x90319	0x26e3a1	0x26e3a5	+0x4	tail	0x90893	174	0x9bd8f	0x68f2	0x9c1a	0x555b	0x1e8	0x480	0x2272	f2681a9c	exact							
2242	0x77b59d07836d	174	0x9bd8f	0x26e3a5	0x26e3a9	+0x4	tail	0x9c08c	18	0x7be9b	0x555b	0x1e8	0x480	0x2272	0xbc2e	0xe899	5b55e801	exact							
2243	0x77b59d07836d	18	0x7be9b	0x26e3a9	0x26e3ac	+0x3	tail	0x7c308	64	0x85059	0x480	0x2272	0xbc2e	0xe899	0x5f01	0xe5e2	800472	exact							
2244	0x77b59d07836d	64	0x85059	0x26e3ac	0x26e3b0	+0x4	tail	0x8536e	176	0x9c10b	0x2e22	0x99bc	0x1e8	0xe25f	0x4ee5	0xea	222ebc99	exact							
2245	0x77b59d07836d	176	0x9c10b	0x26e3b0	0x26e3b4	+0x4	tail	0x9c3f4	18	0x7be9b	0x1e8	0xe25f	0x4ee5	0xea	0xd68f	0xe8c6	e8015fe2	exact							
2246	0x77b59d07836d	18	0x7be9b	0x26e3b4	0x26e3b7	+0x3	tail	0x7c308	337	0xbec0e	0x4ee5	0xea	0xd68f	0xe8c6	0xe201	0x1b22	e54eea	exact							
2247	0x77b59d07836d	337	0xbec0e	0x26e3b7	0x26e3bb	+0x4	tail	0xbf126	158	0x99029	0x8f00	0xc6d6	0x1e8	0x22e2	0x681b	0xb02c	008fd6c6	exact							
2248	0x77b59d07836d	158	0x99029	0x26e3bb	0x26e3bf	+0x4	tail	0x992ca	114	0x90319	0x1e8	0x22e2	0x681b	0xb02c	0xd3b	0xe8f6	e801e222	exact							
2249	0x77b59d07836d	114	0x90319	0x26e3bf	0x26e3c3	+0x4	tail	0x90893	199	0xa0631	0x681b	0xb02c	0xd3b	0xe8f6	0xd601	0xa816	1b682cb0	exact							
2250	0x77b59d07836d	199	0xa0631	0x26e3c3	0x26e3c6	+0x3	tail	0xa0a9c	158	0x99029	0xd3b	0xe8f6	0xd601	0xa816	0x26fb	0x8000	3b0df6	exact							
2251	0x77b59d07836d	158	0x99029	0x26e3c6	0x26e3ca	+0x4	tail	0x992ca	95	0x8c41c	0x1e8	0x16d6	0xfba8	0x26	0x80	0xfd00	e801d616	exact							
2252	0x77b59d07836d	95	0x8c41c	0x26e3ca	0x26e3d4	+0xa	dispatch	0xc80b9	169	0x9af18	0xfba8	0x26	0x80	0xfd00	0x1	0xab	a8fb2600800000fd0100	exact		0x12833a00		0x3ffda2b6			0x3a
2253	0x77b59d07836d	169	0x9af18	0x26e3d4	0x26e3d8	+0x4	tail	0x9b0c5	171	0x9b4b3	0xab	0x1e8	0x129	0xe31	0xc2eb	0x6129	ab00e801	exact	0x12833a00		0x3ffda2b6			0x3a	
2254	0x77b59d07836d	171	0x9b4b3	0x26e3d8	0x26e3da	+0x2	tail	0x9b687	297	0xb64d7	0x129	0xe31	0xc2eb	0x6129	0x403a	0xaea4	2901	exact							
2255	0x77b59d07836d	297	0xb64d7	0x26e3da	0x26e3dd	+0x3	tail	0xb68ff	64	0x85059	0xe31	0xc2eb	0x6129	0x403a	0xaea4	0xde6c	310eeb	exact							
2256	0x77b59d07836d	64	0x85059	0x26e3dd	0x26e3e1	+0x4	tail	0x8536e	268	0xb0007	0x29c2	0x3a61	0xa440	0x6cae	0x93de	0x1e8	c229613a	exact							
2257	0x77b59d07836d	268	0xb0007	0x26e3e1	0x26e3e5	+0x4	tail	0xb0458	346	0xc0535	0xa440	0x6cae	0x93de	0x1e8	0xeb1	0x2f01	40a4ae6c	exact							
2258	0x77b59d07836d	346	0xc0535	0x26e3e5	0x26e3e9	+0x4	tail	0xc088b	268	0xb0007	0x93de	0x1e8	0xeb1	0x2f01	0xf8ab	0x583a	de93e801	exact							
2259	0x77b59d07836d	268	0xb0007	0x26e3e9	0x26e3ed	+0x4	tail	0xb0458	185	0x9d964	0xeb1	0x2f01	0xf8ab	0x583a	0xe1	0xe206	b10e012f	exact							
2260	0x77b59d07836d	185	0x9d964	0x26e3ed	0x26e3f0	+0x3	tail	0x9dcab	337	0xbec0e	0xf8ab	0x583a	0xe1	0xe206	0xe848	0x6401	abf83a	exact							
2261	0x77b59d07836d	337	0xbec0e	0x26e3f0	0x26e3f4	+0x4	tail	0xbf126	287	0xb45d2	0xe158	0x600	0x48e2	0x1e8	0x7064	0x6296	58e10006	exact							
2262	0x77b59d07836d	287	0xb45d2	0x26e3f4	0x26e3f8	+0x4	tail	0xb497e	268	0xb0007	0x48e2	0x1e8	0x7064	0x6296	0x23dd	0xe2fa	e248e801	exact							
2263	0x77b59d07836d	268	0xb0007	0x26e3f8	0x26e3fc	+0x4	tail	0xb0458	18	0x7be9b	0x7064	0x6296	0x23dd	0xe2fa	0x45af	0xe8fb	64709662	exact							
2264	0x77b59d07836d	18	0x7be9b	0x26e3fc	0x26e3ff	+0x3	tail	0x7c308	114	0x90319	0x23dd	0xe2fa	0x45af	0xe8fb	0x1	0xafc2	dd23fa	exact							
2265	0x77b59d07836d	114	0x90319	0x26e3ff	0x26e403	+0x4	tail	0x90893	33	0x7f7c4	0xafe2	0xfb45	0x1e8	0xc200	0xb4af	0xfdb	e2af45fb	exact							
2266	0x77b59d07836d	33	0x7f7c4	0x26e403	0x26e407	+0x4	tail	0x7fba1	172	0x9b68a	0x1e8	0xc200	0xb4af	0xfdb	0xcfe9	0xea0c	e80100c2	exact							
2267	0x77b59d07836d	172	0x9b68a	0x26e407	0x26e40b	+0x4	tail	0x9ba72	189	0x9e7af	0xb4af	0xfdb	0xcfe9	0xea0c	0x108	0xe8c4	afb4db0f	exact							
2268	0x77b59d07836d	189	0x9e7af	0x26e40b	0x26e40f	+0x4	tail	0x9eac9	215	0xa4609	0xcfe9	0xea0c	0x108	0xe8c4	0x3201	0x13ee	e9cf0cea	exact							
2269	0x77b59d07836d	215	0xa4609	0x26e40f	0x26e412	+0x3	tail	0xa4a5e	33	0x7f7c4	0x108	0xe8c4	0x3201	0x13ee	0x3a4e	0xb0ff	0801c4	exact							
2270	0x77b59d07836d	33	0x7f7c4	0x26e412	0x26e416	+0x4	tail	0x7fba1	66	0x855ff	0x1e8	0xee32	0x4e13	0xff3a	0x13b0	0x13cb	e80132ee	exact							
2271	0x77b59d07836d	66	0x855ff	0x26e416	0x26e419	+0x3	tail	0x859f9	43	0x8173d	0x4e13	0xff3a	0x13b0	0x13cb	0x91ef	0x5976	134e3a	exact							
2272	0x77b59d07836d	43	0x8173d	0x26e419	0x26e41d	+0x4	tail	0x81b7c	258	0xadf2c	0xb0ff	0xcb13	0xef13	0x7691	0x4e59	0x1e8	ffb013cb	exact							
2273	0x77b59d07836d	258	0xadf2c	0x26e41d	0x26e421	+0x4	tail	0xae32f	346	0xc0535	0xef13	0x7691	0x4e59	0x1e8	0xf5af	0x147	13ef9176	exact							
2274	0x77b59d07836d	346	0xc0535	0x26e421	0x26e425	+0x4	tail	0xc088b	333	0xbd8af	0x4e59	0x1e8	0xf5af	0x147	0x810	0x3500	594ee801	exact							
2275	0x77b59d07836d	333	0xbd8af	0x26e425	0x26e429	+0x4	tail	0xbdd16	215	0xa4609	0xf5af	0x147	0x810	0x3500	0x1b1b	0xe854	aff54701	exact							
2276	0x77b59d07836d	215	0xa4609	0x26e429	0x26e42c	+0x3	tail	0xa4a5e	258	0xadf2c	0x810	0x3500	0x1b1b	0xe854	0xd101	0xd4fa	100800	exact							
2277	0x77b59d07836d	258	0xadf2c	0x26e42c	0x26e430	+0x4	tail	0xae32f	315	0xb9451	0x1b35	0x541b	0x1e8	0xfad1	0x63d4	0xcb	351b1b54	exact							
2278	0x77b59d07836d	315	0xb9451	0x26e430	0x26e434	+0x4	tail	0xb9878	340	0xbf435	0x1e8	0xfad1	0x63d4	0xcb	0x9897	0xdb68	e801d1fa	exact							
2279	0x77b59d07836d	340	0xbf435	0x26e434	0x26e438	+0x4	tail	0xbf886	203	0xa1484	0x63d4	0xcb	0x9897	0xdb68	0x1188	0xe83e	d463cb00	exact							
2280	0x77b59d07836d	203	0xa1484	0x26e438	0x26e43c	+0x4	tail	0xa1936	18	0x7be9b	0x9897	0xdb68	0x1188	0xe83e	0x4c01	0xe8c3	979868db	exact							
2281	0x77b59d07836d	18	0x7be9b	0x26e43c	0x26e43f	+0x3	tail	0x7c308	33	0x7f7c4	0x1188	0xe83e	0x4c01	0xe8c3	0x7c05	0x6211	88113e	exact							
2282	0x77b59d07836d	33	0x7f7c4	0x26e43f	0x26e443	+0x4	tail	0x7fba1	215	0xa4609	0x1e8	0xc34c	0x5e8	0x117c	0xb462	0xb4a2	e8014cc3	exact							
2283	0x77b59d07836d	215	0xa4609	0x26e443	0x26e446	+0x3	tail	0xa4a5e	189	0x9e7af	0x5e8	0x117c	0xb462	0xb4a2	0x1e74	0x8ad0	e8057c	exact							
2284	0x77b59d07836d	189	0x9e7af	0x26e446	0x26e44a	+0x4	tail	0x9eac9	168	0x9aa83	0x6211	0xa2b4	0x74b4	0xd01e	0x968a	0x1e8	1162b4a2	exact							
2285	0x77b59d07836d	168	0x9aa83	0x26e44a	0x26e44e	+0x4	tail	0x9af16	26	0x7dbbb	0x74b4	0xd01e	0x968a	0x1e8	0x4197	0x13	b4741ed0	exact							
2286	0x77b59d07836d	26	0x7dbbb	0x26e44e	0x26e452	+0x4	tail	0x7dfbd	157	0x98a9a	0x968a	0x1e8	0x4197	0x13	0x9aea	0x5735	8a96e801	exact							
2287	0x77b59d07836d	157	0x98a9a	0x26e452	0x26e456	+0x4	tail	0x99026	199	0xa0631	0x4197	0x13	0x9aea	0x5735	0xfe11	0x5a2b	97411300	exact							
2288	0x77b59d07836d	199	0xa0631	0x26e456	0x26e459	+0x3	tail	0xa0a9c	337	0xbec0e	0x9aea	0x5735	0xfe11	0x5a2b	0xe8ac	0xf01	ea9a35	exact							
2289	0x77b59d07836d	337	0xbec0e	0x26e459	0x26e45d	+0x4	tail	0xbf126	287	0xb45d2	0x1157	0x2bfe	0xac5a	0x1e8	0x4f0f	0x19d	5711fe2b	exact							
2290	0x77b59d07836d	287	0xb45d2	0x26e45d	0x26e461	+0x4	tail	0xb497e	157	0x98a9a	0xac5a	0x1e8	0x4f0f	0x19d	0x589c	0x19d	5aace801	exact							
2291	0x77b59d07836d	157	0x98a9a	0x26e461	0x26e465	+0x4	tail	0x99026	340	0xbf435	0x4f0f	0x19d	0x589c	0x19d	0xe793	0xc2fc	0f4f9d01	exact							
2292	0x77b59d07836d	340	0xbf435	0x26e465	0x26e469	+0x4	tail	0xbf886	66	0x855ff	0x589c	0x19d	0xe793	0xc2fc	0xe80b	0xe801	9c589d01	exact							
2293	0x77b59d07836d	66	0x855ff	0x26e469	0x26e46c	+0x3	tail	0x859f9	346	0xc0535	0xe793	0xc2fc	0xe80b	0xe801	0x2a04	0xe4f2	93e7fc	exact							
2294	0x77b59d07836d	346	0xc0535	0x26e46c	0x26e470	+0x4	tail	0xc088b	28	0x7e390	0xbc2	0x1e8	0x4e8	0xf22a	0x7e4	0x7001	c20be801	exact							
2295	0x77b59d07836d	28	0x7e390	0x26e470	0x26e473	+0x3	tail	0x7e7ca	157	0x98a9a	0x4e8	0xf22a	0x7e4	0x7001	0x5a8d	0x3e45	e8042a	exact							
2296	0x77b59d07836d	157	0x98a9a	0x26e473	0x26e477	+0x4	tail	0x99026	337	0xbec0e	0xe4f2	0x107	0x8d70	0x455a	0xe93e	0x1e8	f2e40701	exact							
2297	0x77b59d07836d	337	0xbec0e	0x26e477	0x26e47b	+0x4	tail	0xbf126	26	0x7dbbb	0x8d70	0x455a	0xe93e	0x1e8	0x75d9	0xb154	708d5a45	exact							
2298	0x77b59d07836d	26	0x7dbbb	0x26e47b	0x26e47f	+0x4	tail	0x7dfbd	196	0x9fbcd	0xe93e	0x1e8	0x75d9	0xb154	0x7f26	0xb938	3ee9e801	exact							
2299	0x77b59d07836d	196	0x9fbcd	0x26e47f	0x26e483	+0x4	tail	0xa0068	66	0x855ff	0x75d9	0xb154	0x7f26	0xb938	0x1c22	0x7dac	d97554b1	exact							
2300	0x77b59d07836d	66	0x855ff	0x26e483	0x26e486	+0x3	tail	0x859f9	189	0x9e7af	0x7f26	0xb938	0x1c22	0x7dac	0xe8d6	0xe801	267f38	exact							
2301	0x77b59d07836d	189	0x9e7af	0x26e486	0x26e48a	+0x4	tail	0x9eac9	243	0xaab6a	0x22b9	0xac1c	0xd67d	0x1e8	0xde8	0x8152	b9221cac	exact							
2302	0x77b59d07836d	243	0xaab6a	0x26e48a	0x26e48e	+0x4	tail	0xaaf3c	347	0xc088d	0xd67d	0x1e8	0xde8	0x8152	0x494b	0x91	7dd6e801	exact							
2303	0x77b59d07836d	347	0xc088d	0x26e48e	0x26e492	+0x4	tail	0xc0d7b	157	0x98a9a	0xde8	0x8152	0x494b	0x91	0xd0	0x9aad	e80d5281	exact							
2304	0x77b59d07836d	157	0x98a9a	0x26e492	0x26e496	+0x4	tail	0x99026	28	0x7e390	0x494b	0x91	0xd0	0x9aad	0xe8de	0x6401	4b499100	exact							
2305	0x77b59d07836d	28	0x7e390	0x26e496	0x26e499	+0x3	tail	0x7e7ca	26	0x7dbbb	0xd0	0x9aad	0xe8de	0x6401	0x7a48	0xdac6	d000ad	exact							
2306	0x77b59d07836d	26	0x7dbbb	0x26e499	0x26e49d	+0x4	tail	0x7dfbd	18	0x7be9b	0xde9a	0x1e8	0x4864	0xc67a	0xc3da	0x578b	9adee801	exact							
2307	0x77b59d07836d	18	0x7be9b	0x26e49d	0x26e4a0	+0x3	tail	0x7c308	258	0xadf2c	0x4864	0xc67a	0xc3da	0x578b	0x837c	0xb200	64487a	exact							
2308	0x77b59d07836d	258	0xadf2c	0x26e4a0	0x26e4a4	+0x4	tail	0xae32f	43	0x8173d	0xdac6	0x8bc3	0x7c57	0x83	0x96b2	0x1e8	c6dac38b	exact							
2309	0x77b59d07836d	43	0x8173d	0x26e4a4	0x26e4a8	+0x4	tail	0x81b7c	287	0xb45d2	0x7c57	0x83	0x96b2	0x1e8	0x7e89	0x75e7	577c8300	exact							
2310	0x77b59d07836d	287	0xb45d2	0x26e4a8	0x26e4ac	+0x4	tail	0xb497e	258	0xadf2c	0x96b2	0x1e8	0x7e89	0x75e7	0xf5e4	0x71ae	b296e801	exact							
2311	0x77b59d07836d	258	0xadf2c	0x26e4ac	0x26e4b0	+0x4	tail	0xae32f	307	0xb8064	0x7e89	0x75e7	0xf5e4	0x71ae	0xde47	0x6cf	897ee775	exact							
2312	0x77b59d07836d	307	0xb8064	0x26e4b0	0x26e4b3	+0x3	tail	0xb837a	168	0x9aa83	0xf5e4	0x71ae	0xde47	0x6cf	0xe8b2	0x6001	e4f5ae	exact							
2313	0x77b59d07836d	168	0x9aa83	0x26e4b3	0x26e4b7	+0x4	tail	0x9af16	26	0x7dbbb	0x4771	0xcfde	0xb206	0x1e8	0x860	0x63e2	7147decf	exact							
2314	0x77b59d07836d	26	0x7dbbb	0x26e4b7	0x26e4bb	+0x4	tail	0x7dfbd	28	0x7e390	0xb206	0x1e8	0x860	0x63e2	0xadc9	0xf469	06b2e801	exact							
2315	0x77b59d07836d	28	0x7e390	0x26e4bb	0x26e4be	+0x3	tail	0x7e7ca	268	0xb0007	0x860	0x63e2	0xadc9	0xf469	0x2db9	0xad5c	6008e2	exact							
2316	0x77b59d07836d	268	0xb0007	0x26e4be	0x26e4c2	+0x4	tail	0xb0458	258	0xadf2c	0xc963	0x69ad	0xb9f4	0x5c2d	0x5ead	0x1e8	63c9ad69	exact							
2317	0x77b59d07836d	258	0xadf2c	0x26e4c2	0x26e4c6	+0x4	tail	0xae32f	346	0xc0535	0xb9f4	0x5c2d	0x5ead	0x1e8	0xcb66	0x13d	f4b92d5c	exact							
2318	0x77b59d07836d	346	0xc0535	0x26e4c6	0x26e4ca	+0x4	tail	0xc088b	338	0xbf128	0x5ead	0x1e8	0xcb66	0x13d	0x1e8	0xe810	ad5ee801	exact							
2319	0x77b59d07836d	338	0xbf128	0x26e4ca	0x26e4d0	+0x6	tail	0xbf2d3	283	0xb3612	0xcb66	0x13d	0x1e8	0xe810	0x4401	0x835e	66cb3d01e801	exact							
2320	0x77b59d07836d	283	0xb3612	0x26e4d0	0x26e4d5	+0x5	tail	0xb3799	114	0x90319	0xe810	0x4401	0x835e	0xa3b5	0xfbf7	0x68d9	10e801445e	exact							
2321	0x77b59d07836d	114	0x90319	0x26e4d5	0x26e4d9	+0x4	tail	0x90893	157	0x98a9a	0xb583	0xf7a3	0xd9fb	0x68	0xe605	0x7be	83b5a3f7	exact							
2322	0x77b59d07836d	157	0x98a9a	0x26e4d9	0x26e4dd	+0x4	tail	0x99026	66	0x855ff	0xd9fb	0x68	0xe605	0x7be	0xfeb1	0x7339	fbd96800	exact							
2323	0x77b59d07836d	66	0x855ff	0x26e4dd	0x26e4e0	+0x3	tail	0x859f9	350	0xc1926	0xe605	0x7be	0xfeb1	0x7339	0xe808	0x4001	05e6be	exact							
2324	0x77b59d07836d	350	0xc1926	0x26e4e0	0x26e4e4	+0x4	tail	0xc1d46	180	0x9cf32	0xb107	0x39fe	0x873	0x1e8	0x8540	0x13d	07b1fe39	exact							
2325	0x77b59d07836d	180	0x9cf32	0x26e4e4	0x26e4e8	+0x4	tail	0x9d13d	79	0x885b0	0x873	0x1e8	0x8540	0x13d	0xd100	0xc42e	7308e801	exact							
2326	0x77b59d07836d	79	0x885b0	0x26e4e8	0x26e4ed	+0x5	tail	0x88a55	160	0x994cf	0x8540	0x13d	0xd100	0xc42e	0xeb31	0x6006	40853d0100	exact							
2327	0x77b59d07836d	160	0x994cf	0x26e4ed	0x26e4ef	+0x2	tail	0x99757	200	0xa0a9e	0x2ed1	0x31c4	0x6eb	0x860	0x1a45	0x425a	d12e	exact							
2328	0x77b59d07836d	200	0xa0a9e	0x26e4ef	0x26e4f5	+0x6	tail	0xa0dc7	268	0xb0007	0x31c4	0x6eb	0x860	0x1a45	0x425a	0x3d73	c431eb066008	exact							
2329	0x77b59d07836d	268	0xb0007	0x26e4f5	0x26e4f9	+0x4	tail	0xb0458	307	0xb8064	0x1a45	0x425a	0x3d73	0x97b4	0x6899	0xfb00	451a5a42	exact							
2330	0x77b59d07836d	307	0xb8064	0x26e4f9	0x26e4fc	+0x3	tail	0xb837a	337	0xbec0e	0x3d73	0x97b4	0x6899	0xfb00	0x4	0x13d	733db4	exact							
2331	0x77b59d07836d	337	0xbec0e	0x26e4fc	0x26e500	+0x4	tail	0xbf126	37	0x80685	0x9997	0x68	0x4fb	0x3d00	0xdf01	0xbf05	97996800	exact							
2332	0x77b59d07836d	37	0x80685	0x26e500	0x26e505	+0x5	tail	0x80d77	257	0xadbfd	0x4fb	0x3d00	0xdf01	0xbf05	0x4f9e	0xd89a	fb04003d01	exact							
2333	0x77b59d07836d	257	0xadbfd	0x26e505	0x26e507	+0x2	tail	0xadf29	203	0xa1484	0x5df	0x9ebf	0x9a4f	0xad8	0xa704	0x3739	df05	exact							
2334	0x77b59d07836d	203	0xa1484	0x26e507	0x26e50b	+0x4	tail	0xa1936	215	0xa4609	0x9ebf	0x9a4f	0xad8	0xa704	0x3739	0x3a8a	bf9e4f9a	exact							
2335	0x77b59d07836d	215	0xa4609	0x26e50b	0x26e50e	+0x3	tail	0xa4a5e	347	0xc088d	0xad8	0xa704	0x3739	0x3a8a	0xb9ae	0x7662	d80a04	exact							
2336	0x77b59d07836d	347	0xc088d	0x26e50e	0x26e512	+0x4	tail	0xc0d7b	179	0x9ca8d	0x39a7	0x8a37	0xae3a	0x62b9	0x5676	0x3da5	a739378a	exact							
2337	0x77b59d07836d	179	0x9ca8d	0x26e512	0x26e517	+0x5	tail	0x9cf2f	79	0x885b0	0xae3a	0x62b9	0x5676	0x3da5	0x1	0x8987	3aaeb96276	exact							
2338	0x77b59d07836d	79	0x885b0	0x26e517	0x26e51c	+0x5	tail	0x88a55	173	0x9ba74	0xa556	0x13d	0x8700	0x4a89	0xbc0b	0x9700	56a53d0100	exact							
2339	0x77b59d07836d	173	0x9ba74	0x26e51c	0x26e51e	+0x2	tail	0x9bd8c	347	0xc088d	0x8987	0xb4a	0xbc	0x9897	0xba40	0x3570	8789	exact							
2340	0x77b59d07836d	347	0xc088d	0x26e51e	0x26e522	+0x4	tail	0xc0d7b	203	0xa1484	0xb4a	0xbc	0x9897	0xba40	0x3570	0xe11e	4a0bbc00	exact							
2341	0x77b59d07836d	203	0xa1484	0x26e522	0x26e526	+0x4	tail	0xa1936	18	0x7be9b	0x9897	0xba40	0x3570	0xe11e	0x31fc	0xcf24	979840ba	exact							
2342	0x77b59d07836d	18	0x7be9b	0x26e526	0x26e529	+0x3	tail	0x7c308	124	0x91e81	0x3570	0xe11e	0x31fc	0xcf24	0x97c6	0x2dd1	70351e	exact							
2343	0x77b59d07836d	124	0x91e81	0x26e529	0x26e52f	+0x6	tail	0x922c1	237	0xa8e1f	0xfce1	0x2431	0xc6cf	0xd197	0x3d2d	0xf001	e1fc3124cfc6	exact							
2344	0x77b59d07836d	237	0xa8e1f	0x26e52f	0x26e534	+0x5	tail	0xa94a3	160	0x994cf	0xd197	0x3d2d	0xf001	0xfe28	0xd90a	0x8845	97d12d3d01	exact							
2345	0x77b59d07836d	160	0x994cf	0x26e534	0x26e536	+0x2	tail	0x99757	140	0x94e5a	0x28f0	0xafe	0x45d9	0x7488	0x147	0xd69d	f028	exact							
2346	0x77b59d07836d	140	0x94e5a	0x26e536	0x26e53c	+0x6	tail	0x951c0	168	0x9aa83	0xafe	0x45d9	0x7488	0x147	0xd69d	0x8b1a	fe0ad9458874	exact							
2347	0x77b59d07836d	168	0x9aa83	0x26e53c	0x26e540	+0x4	tail	0x9af16	258	0xadf2c	0x147	0xd69d	0x8b1a	0x4bc3	0x3d7c	0xab	47019dd6	exact							
2348	0x77b59d07836d	258	0xadf2c	0x26e540	0x26e544	+0x4	tail	0xae32f	307	0xb8064	0x8b1a	0x4bc3	0x3d7c	0xab	0x61f8	0x13d	1a8bc34b	exact							
2349	0x77b59d07836d	307	0xb8064	0x26e544	0x26e547	+0x3	tail	0xb837a	49	0x82820	0x3d7c	0xab	0x61f8	0x13d	0x9f9f	0x33c3	7c3dab	exact							
2350	0x77b59d07836d	49	0x82820	0x26e547	0x26e54c	+0x5	tail	0x82e73	144	0x95887	0xf800	0x3d61	0x9f01	0xc39f	0xb733	0x3510	00f8613d01	exact							
2351	0x77b59d07836d	144	0x95887	0x26e54c	0x26e54e	+0x2	tail	0x95b59	297	0xb64d7	0x9f9f	0x33c3	0x10b7	0x5135	0x8b1c	0x9dea	9f9f	exact							
2352	0x77b59d07836d	297	0xb64d7	0x26e54e	0x26e551	+0x3	tail	0xb68ff	258	0xadf2c	0x33c3	0x10b7	0x5135	0x8b1c	0x9dea	0xed01	c333b7	exact							
2353	0x77b59d07836d	258	0xadf2c	0x26e551	0x26e555	+0x4	tail	0xae32f	333	0xbd8af	0x3510	0x1c51	0xea8b	0x19d	0x17ed	0x9463	1035511c	exact							
2354	0x77b59d07836d	333	0xbd8af	0x26e555	0x26e559	+0x4	tail	0xbdd16	345	0xc02e4	0xea8b	0x19d	0x17ed	0x9463	0xbd7f	0x25f6	8bea9d01	exact							
2355	0x77b59d07836d	345	0xc02e4	0x26e559	0x26e55f	+0x6	tail	0xc0532	79	0x885b0	0x17ed	0x9463	0xbd7f	0x25f6	0x13d	0x8f00	ed1763947fbd	exact							
2356	0x77b59d07836d	79	0x885b0	0x26e55f	0x26e564	+0x5	tail	0x88a55	173	0x9ba74	0x25f6	0x13d	0x8f00	0x5b01	0xb320	0x817f	f6253d0100	exact							
2357	0x77b59d07836d	173	0x9ba74	0x26e564	0x26e566	+0x2	tail	0x9bd8c	64	0x85059	0x18f	0x205b	0x7fb3	0xf681	0x242a	0x5be	8f01	exact							
2358	0x77b59d07836d	64	0x85059	0x26e566	0x26e56a	+0x4	tail	0x8536e	66	0x855ff	0x205b	0x7fb3	0xf681	0x242a	0x5be	0xe23a	5b20b37f	exact							
2359	0x77b59d07836d	66	0x855ff	0x26e56a	0x26e56d	+0x3	tail	0x859f9	350	0xc1926	0xf681	0x242a	0x5be	0xe23a	0xac52	0xf6	81f62a	exact							
2360	0x77b59d07836d	350	0xc1926	0x26e56d	0x26e571	+0x4	tail	0xc1d46	196	0x9fbcd	0xbe24	0x3a05	0x52e2	0xf6ac	0x3d00	0x5901	24be053a	exact							
2361	0x77b59d07836d	196	0x9fbcd	0x26e571	0x26e575	+0x4	tail	0xa0068	269	0xb045b	0x52e2	0xf6ac	0x3d00	0x5901	0xc6ac	0x7dd7	e252acf6	exact							
2362	0x77b59d07836d	269	0xb045b	0x26e575	0x26e57a	+0x5	tail	0xb092e	108	0x8f24b	0x3d00	0x5901	0xc6ac	0x7dd7	0xc8e2	0x64c8	003d0159ac	exact							
2363	0x77b59d07836d	108	0x8f24b	0x26e57a	0x26e57c	+0x2	tail	0x8f6cf	66	0x855ff	0xd7c6	0xe27d	0xc8c8	0xc664	0xa498	0xe8eb	c6d7	exact							
2364	0x77b59d07836d	66	0x855ff	0x26e57c	0x26e57f	+0x3	tail	0x859f9	114	0x90319	0xe27d	0xc8c8	0xc664	0xa498	0xe8eb	0x1	7de2c8	exact							
2365	0x77b59d07836d	114	0x90319	0x26e57f	0x26e583	+0x4	tail	0x90893	184	0x9d694	0x64c8	0x98c6	0xeba4	0x1e8	0xed00	0xb3	c864c698	exact							
2366	0x77b59d07836d	184	0x9d694	0x26e583	0x26e587	+0x4	tail	0x9d961	340	0xbf435	0xeba4	0x1e8	0xed00	0xb3	0xba2	0xe844	a4ebe801	exact							
2367	0x77b59d07836d	340	0xbf435	0x26e587	0x26e58b	+0x4	tail	0xbf886	18	0x7be9b	0xed00	0xb3	0xba2	0xe844	0x8d01	0xe87c	00edb300	exact							
2368	0x77b59d07836d	18	0x7be9b	0x26e58b	0x26e58e	+0x3	tail	0x7c308	20	0x7c62b	0xba2	0xe844	0x8d01	0xe87c	0x3d01	0xcb01	a20b44	exact							
2369	0x77b59d07836d	20	0x7c62b	0x26e58e	0x26e592	+0x4	tail	0x7ca96	119	0x90ebc	0x1e8	0x7c8d	0x1e8	0x13d	0x96cb	0x2344	e8018d7c	exact							
2370	0x77b59d07836d	119	0x90ebc	0x26e592	0x26e598	+0x6	tail	0x91067	340	0xbf435	0x1e8	0x13d	0x96cb	0x2344	0xb3	0xa51c	e8013d01cb96	exact							
2371	0x77b59d07836d	340	0xbf435	0x26e598	0x26e59c	+0x4	tail	0xbf886	307	0xb8064	0x2344	0xb3	0xa51c	0xe8ae	0x3e01	0x55	4423b300	exact							
2372	0x77b59d07836d	307	0xb8064	0x26e59c	0x26e59f	+0x3	tail	0xb837a	158	0x99029	0xa51c	0xe8ae	0x3e01	0x55	0x7a02	0xae92	1ca5ae	exact							
2373	0x77b59d07836d	158	0x99029	0x26e59f	0x26e5a3	+0x4	tail	0x992ca	18	0x7be9b	0x1e8	0x553e	0x200	0x927a	0x2cae	0x217	e8013e55	exact							
2374	0x77b59d07836d	18	0x7be9b	0x26e5a3	0x26e5a6	+0x3	tail	0x7c308	64	0x85059	0x200	0x927a	0x2cae	0x217	0xe8c6	0xe701	00027a	exact							
2375	0x77b59d07836d	64	0x85059	0x26e5a6	0x26e5aa	+0x4	tail	0x8536e	184	0x9d694	0xae92	0x172c	0xc602	0x1e8	0x19e7	0x5eaa	92ae2c17	exact							
2376	0x77b59d07836d	184	0x9d694	0x26e5aa	0x26e5ae	+0x4	tail	0x9d961	199	0xa0631	0xc602	0x1e8	0x19e7	0x5eaa	0x580f	0x9f83	02c6e801	exact							
2377	0x77b59d07836d	199	0xa0631	0x26e5ae	0x26e5b1	+0x3	tail	0xa0a9c	347	0xc088d	0x19e7	0x5eaa	0x580f	0x9f83	0xe845	0xd601	e719aa	exact							
2378	0x77b59d07836d	347	0xc088d	0x26e5b1	0x26e5b5	+0x4	tail	0xc0d7b	174	0x9bd8f	0xf5e	0x8358	0x459f	0x1e8	0x4bd6	0xa888	5e0f5883	exact							
2379	0x77b59d07836d	174	0x9bd8f	0x26e5b5	0x26e5b9	+0x4	tail	0x9c08c	189	0x9e7af	0x459f	0x1e8	0x4bd6	0xa888	0x8de2	0xe835	9f45e801	exact							
2380	0x77b59d07836d	189	0x9e7af	0x26e5b9	0x26e5bd	+0x4	tail	0x9eac9	199	0xa0631	0x4bd6	0xa888	0x8de2	0xe835	0x9a01	0x7d2	d64b88a8	exact							
2381	0x77b59d07836d	199	0xa0631	0x26e5bd	0x26e5c0	+0x3	tail	0xa0a9c	176	0x9c10b	0x8de2	0xe835	0x9a01	0x7d2	0x1c01	0xbad6	e28d35	exact							
2382	0x77b59d07836d	176	0x9c10b	0x26e5c0	0x26e5c4	+0x4	tail	0x9c3f4	189	0x9e7af	0x1e8	0xd29a	0x107	0xd61c	0x75ba	0xcaaf	e8019ad2	exact							
2383	0x77b59d07836d	189	0x9e7af	0x26e5c4	0x26e5c8	+0x4	tail	0x9eac9	307	0xb8064	0x107	0xd61c	0x75ba	0xcaaf	0xe8bc	0xe301	07011cd6	exact							
2384	0x77b59d07836d	307	0xb8064	0x26e5c8	0x26e5cb	+0x3	tail	0xb837a	184	0x9d694	0x75ba	0xcaaf	0xe8bc	0xe301	0xc99	0x8a0	ba75af	exact							
2385	0x77b59d07836d	184	0x9d694	0x26e5cb	0x26e5cf	+0x4	tail	0x9d961	189	0x9e7af	0xbcca	0x1e8	0x99e3	0xa00c	0x508	0x9d48	cabce801	exact							
2386	0x77b59d07836d	189	0x9e7af	0x26e5cf	0x26e5d3	+0x4	tail	0x9eac9	215	0xa4609	0x99e3	0xa00c	0x508	0x9d48	0xe8d7	0x2701	e3990ca0	exact							
2387	0x77b59d07836d	215	0xa4609	0x26e5d3	0x26e5d6	+0x3	tail	0xa4a5e	161	0x9975a	0x508	0x9d48	0xe8d7	0x2701	0xd55f	0xa76e	080548	exact							
2388	0x77b59d07836d	161	0x9975a	0x26e5d6	0x26e5da	+0x4	tail	0x99b3a	297	0xb64d7	0xd79d	0x1e8	0x5f27	0x6ed5	0x3a7	0xe2e3	9dd7e801	exact							
2389	0x77b59d07836d	297	0xb64d7	0x26e5da	0x26e5dd	+0x3	tail	0xb68ff	258	0xadf2c	0x5f27	0x6ed5	0x3a7	0xe2e3	0xe849	0x6601	275fd5	exact							
2390	0x77b59d07836d	258	0xadf2c	0x26e5dd	0x26e5e1	+0x4	tail	0xae32f	184	0x9d694	0xa76e	0xe303	0x49e2	0x1e8	0x366	0x9d54	6ea703e3	exact							
2391	0x77b59d07836d	184	0x9d694	0x26e5e1	0x26e5e5	+0x4	tail	0x9d961	189	0x9e7af	0x49e2	0x1e8	0x366	0x9d54	0x508	0x2ed0	e249e801	exact							
2392	0x77b59d07836d	189	0x9e7af	0x26e5e5	0x26e5e9	+0x4	tail	0x9eac9	28	0x7e390	0x366	0x9d54	0x508	0x2ed0	0xe84e	0x1001	6603549d	exact							
2393	0x77b59d07836d	28	0x7e390	0x26e5e9	0x26e5ec	+0x3	tail	0x7e7ca	161	0x9975a	0x508	0x2ed0	0xe84e	0x1001	0x5f08	0x2a5e	0805d0	exact							
2394	0x77b59d07836d	161	0x9975a	0x26e5ec	0x26e5f0	+0x4	tail	0x99b3a	28	0x7e390	0x4e2e	0x1e8	0x810	0x5e5f	0x5f2a	0x4e2b	2e4ee801	exact							
2395	0x77b59d07836d	28	0x7e390	0x26e5f0	0x26e5f3	+0x3	tail	0x7e7ca	258	0xadf2c	0x810	0x5e5f	0x5f2a	0x4e2b	0xe831	0x2601	10085f	exact							
2396	0x77b59d07836d	258	0xadf2c	0x26e5f3	0x26e5f7	+0x4	tail	0xae32f	123	0x91a59	0x2a5e	0x2b5f	0x314e	0x1e8	0xb126	0x6702	5e2a5f2b	exact							
2397	0x77b59d07836d	123	0x91a59	0x26e5f7	0x26e5fb	+0x4	tail	0x91e7f	297	0xb64d7	0x314e	0x1e8	0xb126	0x6702	0x5048	0xe8ea	4e31e801	exact							
2398	0x77b59d07836d	297	0xb64d7	0x26e5fb	0x26e5fe	+0x3	tail	0xb68ff	189	0x9e7af	0xb126	0x6702	0x5048	0xe8ea	0x5401	0x4e7	26b102	exact							
2399	0x77b59d07836d	189	0x9e7af	0x26e5fe	0x26e602	+0x4	tail	0x9eac9	158	0x99029	0x4867	0xea50	0x1e8	0xe754	0x2b04	0x123	674850ea	exact							
2400	0x77b59d07836d	158	0x99029	0x26e602	0x26e606	+0x4	tail	0x992ca	340	0xbf435	0x1e8	0xe754	0x2b04	0x123	0x80a0	0xe862	e80154e7	exact							
2401	0x77b59d07836d	340	0xbf435	0x26e606	0x26e60a	+0x4	tail	0xbf886	18	0x7be9b	0x2b04	0x123	0x80a0	0xe862	0xd901	0xb7a	042b2301	exact							
2402	0x77b59d07836d	18	0x7be9b	0x26e60a	0x26e60d	+0x3	tail	0x7c308	20	0x7c62b	0x80a0	0xe862	0xd901	0xb7a	0x3a87	0x6549	a08062	exact							
2403	0x77b59d07836d	20	0x7c62b	0x26e60d	0x26e611	+0x4	tail	0x7ca96	185	0x9d964	0x1e8	0x7ad9	0x870b	0x493a	0x8065	0x34c9	e801d97a	exact							
2404	0x77b59d07836d	185	0x9d964	0x26e611	0x26e614	+0x3	tail	0x9dcab	64	0x85059	0x870b	0x493a	0x8065	0x34c9	0xe8a5	0xa001	0b873a	exact							
2405	0x77b59d07836d	64	0x85059	0x26e614	0x26e618	+0x4	tail	0x8536e	184	0x9d694	0x6549	0xc980	0xa534	0x1e8	0xaa0	0x4c2a	496580c9	exact							
2406	0x77b59d07836d	184	0x9d694	0x26e618	0x26e61c	+0x4	tail	0x9d961	18	0x7be9b	0xa534	0x1e8	0xaa0	0x4c2a	0x8945	0xe800	34a5e801	exact							
2407	0x77b59d07836d	18	0x7be9b	0x26e61c	0x26e61f	+0x3	tail	0x7c308	340	0xbf435	0xaa0	0x4c2a	0x8945	0xe800	0xc201	0x3991	a00a2a	exact							
2408	0x77b59d07836d	340	0xbf435	0x26e61f	0x26e623	+0x4	tail	0xbf886	176	0x9c10b	0x454c	0x89	0x1e8	0x91c2	0x5539	0x1a9e	4c458900	exact							
2409	0x77b59d07836d	176	0x9c10b	0x26e623	0x26e627	+0x4	tail	0x9c3f4	114	0x90319	0x1e8	0x91c2	0x5539	0x1a9e	0xecd7	0xe87a	e801c291	exact							
2410	0x77b59d07836d	114	0x90319	0x26e627	0x26e62b	+0x4	tail	0x90893	199	0xa0631	0x5539	0x1a9e	0xecd7	0xe87a	0xfa01	0xc5	39559e1a	exact							
2411	0x77b59d07836d	199	0xa0631	0x26e62b	0x26e62e	+0x3	tail	0xa0a9c	20	0x7c62b	0xecd7	0xe87a	0xfa01	0xc5	0x602	0xd2ea	d7ec7a	exact							
2412	0x77b59d07836d	20	0x7c62b	0x26e62e	0x26e632	+0x4	tail	0x7ca96	28	0x7e390	0x1e8	0xc5fa	0x200	0xea06	0x48d2	0xe88b	e801fac5	exact							
2413	0x77b59d07836d	28	0x7e390	0x26e632	0x26e635	+0x3	tail	0x7e7ca	64	0x85059	0x200	0xea06	0x48d2	0xe88b	0x1501	0xe379	000206	exact							
2414	0x77b59d07836d	64	0x85059	0x26e635	0x26e639	+0x4	tail	0x8536e	158	0x99029	0xd2ea	0x8b48	0x1e8	0x7915	0xfce3	0x26	ead2488b	exact							
2415	0x77b59d07836d	158	0x99029	0x26e639	0x26e63d	+0x4	tail	0x992ca	311	0xb86f8	0x1e8	0x7915	0xfce3	0x26	0x80	0xfd00	e8011579	exact							
2416	0x77b59d07836d	311	0xb86f8	0x26e63d	0x26e647	+0xa	dispatch	0xc80b9	310	0xb8556	0xfce3	0x26	0x80	0xfd00	0x1	0x1e8	e3fc2600800000fd0100	exact		0xe19e5301		0xbffd4e77			0x3a
2417	0x77b59d07836d	310	0xb8556	0x26e647	0x26e64b	+0x4	tail	0xb86f5	165	0x9a24c	0x1e8	0xa5	0x12	0x158	0x4d3a	0x3180	e801a500	exact	0xe19e5301		0xbffd4e77			0x3a	
2418	0x77b59d07836d	165	0x9a24c	0x26e64b	0x26e64d	+0x2	tail	0x9a46b	18	0x7be9b	0x12	0x158	0x4d3a	0x3180	0xb4fe	0x990d	1200	exact							
2419	0x77b59d07836d	18	0x7be9b	0x26e64d	0x26e650	+0x3	tail	0x7c308	43	0x8173d	0x158	0x4d3a	0x3180	0xb4fe	0x990d	0xe800	58013a	exact							
2420	0x77b59d07836d	43	0x8173d	0x26e650	0x26e654	+0x4	tail	0x81b7c	340	0xbf435	0x804d	0xfe31	0xdb4	0x99	0x1e8	0x72e6	4d8031fe	exact							
2421	0x77b59d07836d	340	0xbf435	0x26e654	0x26e658	+0x4	tail	0xbf886	33	0x7f7c4	0xdb4	0x99	0x1e8	0x72e6	0x2658	0x1736	b40d9900	exact							
2422	0x77b59d07836d	33	0x7f7c4	0x26e658	0x26e65c	+0x4	tail	0x7fba1	18	0x7be9b	0x1e8	0x72e6	0x2658	0x1736	0x9790	0x897	e801e672	exact							
2423	0x77b59d07836d	18	0x7be9b	0x26e65c	0x26e65f	+0x3	tail	0x7c308	203	0xa1484	0x2658	0x1736	0x9790	0x897	0xa528	0xe8f0	582636	exact							
2424	0x77b59d07836d	203	0xa1484	0x26e65f	0x26e663	+0x4	tail	0xa1936	258	0xadf2c	0x9017	0x9797	0x2808	0xf0a5	0x1e8	0xfaf9	17909797	exact							
2425	0x77b59d07836d	258	0xadf2c	0x26e663	0x26e667	+0x4	tail	0xae32f	315	0xb9451	0x2808	0xf0a5	0x1e8	0xfaf9	0xf110	0x61be	0828a5f0	exact							
2426	0x77b59d07836d	315	0xb9451	0x26e667	0x26e66b	+0x4	tail	0xb9878	337	0xbec0e	0x1e8	0xfaf9	0xf110	0x61be	0x1fbd	0x3ab	e801f9fa	exact							
2427	0x77b59d07836d	337	0xbec0e	0x26e66b	0x26e66f	+0x4	tail	0xbf126	172	0x9b68a	0xf110	0x61be	0x1fbd	0x3ab	0x8d1f	0xe8b3	10f1be61	exact							
2428	0x77b59d07836d	172	0x9b68a	0x26e66f	0x26e673	+0x4	tail	0x9ba72	307	0xb8064	0x1fbd	0x3ab	0x8d1f	0xe8b3	0x9901	0x6ff4	bd1fab03	exact							
2429	0x77b59d07836d	307	0xb8064	0x26e673	0x26e676	+0x3	tail	0xb837a	315	0xb9451	0x8d1f	0xe8b3	0x9901	0x6ff4	0x2843	0x9000	1f8db3	exact							
2430	0x77b59d07836d	315	0xb9451	0x26e676	0x26e67a	+0x4	tail	0xb9878	157	0x98a9a	0x1e8	0xf499	0x436f	0x28	0x390	0x86cb	e80199f4	exact							
2431	0x77b59d07836d	157	0x98a9a	0x26e67a	0x26e67e	+0x4	tail	0x99026	28	0x7e390	0x436f	0x28	0x390	0x86cb	0x77d	0xe8b5	6f432800	exact							
2432	0x77b59d07836d	28	0x7e390	0x26e67e	0x26e681	+0x3	tail	0x7e7ca	114	0x90319	0x390	0x86cb	0x77d	0xe8b5	0x7401	0x35b4	9003cb	exact							
2433	0x77b59d07836d	114	0x90319	0x26e681	0x26e685	+0x4	tail	0x90893	33	0x7f7c4	0x7d86	0xb507	0x1e8	0xb474	0xd035	0xa83a	867d07b5	exact							
2434	0x77b59d07836d	33	0x7f7c4	0x26e685	0x26e689	+0x4	tail	0x7fba1	66	0x855ff	0x1e8	0xb474	0xd035	0xa83a	0x4e26	0x76cb	e80174b4	exact							
2435	0x77b59d07836d	66	0x855ff	0x26e689	0x26e68c	+0x3	tail	0x859f9	268	0xb0007	0xd035	0xa83a	0x4e26	0x76cb	0xaa01	0x8a81	35d03a	exact							
2436	0x77b59d07836d	268	0xb0007	0x26e68c	0x26e690	+0x4	tail	0xb0458	347	0xc088d	0x26a8	0xcb4e	0x176	0x81aa	0xb68a	0x1e8	a8264ecb	exact							
2437	0x77b59d07836d	347	0xc088d	0x26e690	0x26e694	+0x4	tail	0xc0d7b	287	0xb45d2	0x176	0x81aa	0xb68a	0x1e8	0x8312	0x44a	7601aa81	exact							
2438	0x77b59d07836d	287	0xb45d2	0x26e694	0x26e698	+0x4	tail	0xb497e	347	0xc088d	0xb68a	0x1e8	0x8312	0x44a	0x658	0xff84	8ab6e801	exact							
2439	0x77b59d07836d	347	0xc088d	0x26e698	0x26e69c	+0x4	tail	0xc0d7b	215	0xa4609	0x8312	0x44a	0x658	0xff84	0x1390	0x4e9e	12834a04	exact							
2440	0x77b59d07836d	215	0xa4609	0x26e69c	0x26e69f	+0x3	tail	0xa4a5e	203	0xa1484	0x658	0xff84	0x1390	0x4e9e	0xe827	0xce01	580684	exact							
2441	0x77b59d07836d	203	0xa1484	0x26e69f	0x26e6a3	+0x4	tail	0xa1936	287	0xb45d2	0x90ff	0x9e13	0x274e	0x1e8	0x1dce	0x73b4	ff90139e	exact							
2442	0x77b59d07836d	287	0xb45d2	0x26e6a3	0x26e6a7	+0x4	tail	0xb497e	307	0xb8064	0x274e	0x1e8	0x1dce	0x73b4	0xcbe9	0xc700	4e27e801	exact							
2443	0x77b59d07836d	307	0xb8064	0x26e6a7	0x26e6aa	+0x3	tail	0xb837a	333	0xbd8af	0x1dce	0x73b4	0xcbe9	0xc700	0x58f1	0xe817	ce1db4	exact							
2444	0x77b59d07836d	333	0xbd8af	0x26e6aa	0x26e6ae	+0x4	tail	0xbdd16	337	0xbec0e	0xe973	0xcb	0xf1c7	0x1758	0x1e8	0xa6a	73e9cb00	exact							
2445	0x77b59d07836d	337	0xbec0e	0x26e6ae	0x26e6b2	+0x4	tail	0xbf126	33	0x7f7c4	0xf1c7	0x1758	0x1e8	0xa6a	0x8d72	0x69b4	c7f15817	exact							
2446	0x77b59d07836d	33	0x7f7c4	0x26e6b2	0x26e6b6	+0x4	tail	0x7fba1	307	0xb8064	0x1e8	0xa6a	0x8d72	0x69b4	0x398c	0x600	e8016a0a	exact							
2447	0x77b59d07836d	307	0xb8064	0x26e6b6	0x26e6b9	+0x3	tail	0xb837a	347	0xc088d	0x8d72	0x69b4	0x398c	0x600	0xe3ad	0x7b0a	728db4	exact							
2448	0x77b59d07836d	347	0xc088d	0x26e6b9	0x26e6bd	+0x4	tail	0xc0d7b	172	0x9b68a	0x8c69	0x39	0xad06	0xae3	0x8e7b	0x1e8	698c3900	exact							
2449	0x77b59d07836d	172	0x9b68a	0x26e6bd	0x26e6c1	+0x4	tail	0x9ba72	26	0x7dbbb	0xad06	0xae3	0x8e7b	0x1e8	0x7694	0x13	06ade30a	exact							
2450	0x77b59d07836d	26	0x7dbbb	0x26e6c1	0x26e6c5	+0x4	tail	0x7dfbd	340	0xbf435	0x8e7b	0x1e8	0x7694	0x13	0x34f1	0xad3	7b8ee801	exact							
2451	0x77b59d07836d	340	0xbf435	0x26e6c5	0x26e6c9	+0x4	tail	0xbf886	172	0x9b68a	0x7694	0x13	0x34f1	0xad3	0x798	0x61a	94761300	exact							
2452	0x77b59d07836d	172	0x9b68a	0x26e6c9	0x26e6cd	+0x4	tail	0x9ba72	28	0x7e390	0x34f1	0xad3	0x798	0x61a	0xe81e	0x7c01	f134d30a	exact							
2453	0x77b59d07836d	28	0x7e390	0x26e6cd	0x26e6d0	+0x3	tail	0x7e7ca	243	0xaab6a	0x798	0x61a	0xe81e	0x7c01	0x5181	0x44d8	98071a	exact							
2454	0x77b59d07836d	243	0xaab6a	0x26e6d0	0x26e6d4	+0x4	tail	0xaaf3c	168	0x9aa83	0x1e06	0x1e8	0x817c	0xd851	0xf844	0x11d	061ee801	exact							
2455	0x77b59d07836d	168	0x9aa83	0x26e6d4	0x26e6d8	+0x4	tail	0x9af16	337	0xbec0e	0x817c	0xd851	0xf844	0x11d	0x8017	0xc52a	7c8151d8	exact							
2456	0x77b59d07836d	337	0xbec0e	0x26e6d8	0x26e6dc	+0x4	tail	0xbf126	199	0xa0631	0xf844	0x11d	0x8017	0xc52a	0xe850	0xf801	44f81d01	exact							
2457	0x77b59d07836d	199	0xa0631	0x26e6dc	0x26e6df	+0x3	tail	0xa0a9c	243	0xaab6a	0x8017	0xc52a	0xe850	0xf801	0xae9c	0x5e27	17802a	exact							
2458	0x77b59d07836d	243	0xaab6a	0x26e6df	0x26e6e3	+0x4	tail	0xaaf3c	268	0xb0007	0x50c5	0x1e8	0x9cf8	0x27ae	0x15e	0x113a	c550e801	exact							
2459	0x77b59d07836d	268	0xb0007	0x26e6e3	0x26e6e7	+0x4	tail	0xb0458	185	0x9d964	0x9cf8	0x27ae	0x15e	0x113a	0x1fe3	0xe2cb	f89cae27	exact							
2460	0x77b59d07836d	185	0x9d964	0x26e6e7	0x26e6ea	+0x3	tail	0x9dcab	64	0x85059	0x15e	0x113a	0x1fe3	0xe2cb	0xe826	0xf01	5e013a	exact							
2461	0x77b59d07836d	64	0x85059	0x26e6ea	0x26e6ee	+0x4	tail	0x8536e	287	0xb45d2	0xe311	0xcb1f	0x26e2	0x1e8	0xe10f	0x91	11e31fcb	exact							
2462	0x77b59d07836d	287	0xb45d2	0x26e6ee	0x26e6f2	+0x4	tail	0xb497e	333	0xbd8af	0x26e2	0x1e8	0xe10f	0x91	0x1929	0x533c	e226e801	exact							
2463	0x77b59d07836d	333	0xbd8af	0x26e6f2	0x26e6f6	+0x4	tail	0xbdd16	66	0x855ff	0xe10f	0x91	0x1929	0x533c	0xcba9	0x4978	0fe19100	exact							
2464	0x77b59d07836d	66	0x855ff	0x26e6f6	0x26e6f9	+0x3	tail	0x859f9	337	0xbec0e	0x1929	0x533c	0xcba9	0x4978	0xe8df	0xc01	29193c	exact							
2465	0x77b59d07836d	337	0xbec0e	0x26e6f9	0x26e6fd	+0x4	tail	0xbf126	305	0xb78b0	0xa953	0x78cb	0xdf49	0x1e8	0x10c	0x298	53a9cb78	exact							
2466	0x77b59d07836d	305	0xb78b0	0x26e6fd	0x26e701	+0x4	tail	0xb7bb8	347	0xc088d	0xdf49	0x1e8	0x10c	0x298	0x3042	0x676e	49dfe801	exact							
2467	0x77b59d07836d	347	0xc088d	0x26e701	0x26e705	+0x4	tail	0xc0d7b	268	0xb0007	0x10c	0x298	0x3042	0x676e	0xde6	0xfe3a	0c019802	exact							
2468	0x77b59d07836d	268	0xb0007	0x26e705	0x26e709	+0x4	tail	0xb0458	185	0x9d964	0x3042	0x676e	0xde6	0xfe3a	0xe819	0xfc01	42306e67	exact							
2469	0x77b59d07836d	185	0x9d964	0x26e709	0x26e70c	+0x3	tail	0x9dcab	287	0xb45d2	0xde6	0xfe3a	0xe819	0xfc01	0x7d6f	0x7cb0	e60d3a	exact							
2470	0x77b59d07836d	287	0xb45d2	0x26e70c	0x26e710	+0x4	tail	0xb497e	297	0xb64d7	0x19fe	0x1e8	0x6ffc	0xb07d	0xd37c	0x3800	fe19e801	exact							
2471	0x77b59d07836d	297	0xb64d7	0x26e710	0x26e713	+0x3	tail	0xb68ff	340	0xbf435	0x6ffc	0xb07d	0xd37c	0x3800	0x1d2e	0xe800	fc6f7d	exact							
2472	0x77b59d07836d	340	0xbf435	0x26e713	0x26e717	+0x4	tail	0xbf886	196	0x9fbcd	0x7cb0	0xd3	0x2e38	0x1d	0x1e8	0xf511	b07cd300	exact							
2473	0x77b59d07836d	196	0x9fbcd	0x26e717	0x26e71b	+0x4	tail	0xa0068	315	0xb9451	0x2e38	0x1d	0x1e8	0xf511	0x9854	0x93	382e1d00	exact							
2474	0x77b59d07836d	315	0xb9451	0x26e71b	0x26e71f	+0x4	tail	0xb9878	172	0x9b68a	0x1e8	0xf511	0x9854	0x93	0xa2a6	0x79	e80111f5	exact							
2475	0x77b59d07836d	172	0x9b68a	0x26e71f	0x26e723	+0x4	tail	0x9ba72	340	0xbf435	0x9854	0x93	0xa2a6	0x79	0x8022	0x74dd	54989300	exact							
2476	0x77b59d07836d	340	0xbf435	0x26e723	0x26e727	+0x4	tail	0xbf886	199	0xa0631	0xa2a6	0x79	0x8022	0x74dd	0xe8d8	0x5d01	a6a27900	exact							
2477	0x77b59d07836d	199	0xa0631	0x26e727	0x26e72a	+0x3	tail	0xa0a9c	26	0x7dbbb	0x8022	0x74dd	0xe8d8	0x5d01	0xbb08	0x3800	2280dd	exact							
2478	0x77b59d07836d	26	0x7dbbb	0x26e72a	0x26e72e	+0x4	tail	0x7dfbd	172	0x9b68a	0xd874	0x1e8	0x85d	0xbb	0x2638	0xe0e5	74d8e801	exact							
2479	0x77b59d07836d	172	0x9b68a	0x26e72e	0x26e732	+0x4	tail	0x9ba72	337	0xbec0e	0x85d	0xbb	0x2638	0xe0e5	0xad0	0x3364	5d08bb00	exact							
2480	0x77b59d07836d	337	0xbec0e	0x26e732	0x26e736	+0x4	tail	0xbf126	215	0xa4609	0x2638	0xe0e5	0xad0	0x3364	0xe8bc	0x1	3826e5e0	exact							
2481	0x77b59d07836d	215	0xa4609	0x26e736	0x26e739	+0x3	tail	0xa4a5e	346	0xc0535	0xad0	0x3364	0xe8bc	0x1	0x3dad	0xe801	d00a64	exact							
2482	0x77b59d07836d	346	0xc0535	0x26e739	0x26e73d	+0x4	tail	0xc088b	338	0xbf128	0xbc33	0x1e8	0xad00	0x13d	0x1e8	0xe810	33bce801	exact							
2483	0x77b59d07836d	338	0xbf128	0x26e73d	0x26e743	+0x6	tail	0xbf2d3	283	0xb3612	0xad00	0x13d	0x1e8	0xe810	0x7c01	0xa760	00ad3d01e801	exact							
2484	0x77b59d07836d	283	0xb3612	0x26e743	0x26e748	+0x5	tail	0xb3799	185	0x9d964	0xe810	0x7c01	0xa760	0x3a70	0x9bcf	0x7645	10e8017c60	exact							
2485	0x77b59d07836d	185	0x9d964	0x26e748	0x26e74b	+0x3	tail	0x9dcab	203	0xa1484	0x70a7	0xcf3a	0x459b	0x9876	0xd062	0x5443	a7703a	exact							
2486	0x77b59d07836d	203	0xa1484	0x26e74b	0x26e74f	+0x4	tail	0xa1936	121	0x91379	0x9bcf	0x7645	0x6298	0x43d0	0x1f54	0x1e8	cf9b4576	exact							
2487	0x77b59d07836d	121	0x91379	0x26e74f	0x26e753	+0x4	tail	0x9170b	91	0x8b6de	0x6298	0x43d0	0x1f54	0x1e8	0x25df	0xdce8	9862d043	exact							
2488	0x77b59d07836d	91	0x8b6de	0x26e753	0x26e757	+0x4	tail	0x8b8c9	189	0x9e7af	0x1f54	0x1e8	0x25df	0xdce8	0xc83a	0x13d	541fe801	exact							
2489	0x77b59d07836d	189	0x9e7af	0x26e757	0x26e75b	+0x4	tail	0x9eac9	79	0x885b0	0x25df	0xdce8	0xc83a	0x13d	0xad00	0x8f3f	df25e8dc	exact							
2490	0x77b59d07836d	79	0x885b0	0x26e75b	0x26e760	+0x5	tail	0x88a55	256	0xad849	0xc83a	0x13d	0xad00	0x8f3f	0xccb3	0x8dd3	3ac83d0100	exact							
2491	0x77b59d07836d	256	0xad849	0x26e760	0x26e762	+0x2	tail	0xadbfa	140	0x94e5a	0x3fad	0xb38f	0xd3cc	0x858d	0xf7f	0xaeea	ad3f	exact							
2492	0x77b59d07836d	140	0x94e5a	0x26e762	0x26e768	+0x6	tail	0x951c0	258	0xadf2c	0xb38f	0xd3cc	0x858d	0xf7f	0xaeea	0x586f	8fb3ccd38d85	exact							
2493	0x77b59d07836d	258	0xadf2c	0x26e768	0x26e76c	+0x4	tail	0xae32f	157	0x98a9a	0xf7f	0xaeea	0x586f	0x68	0x600	0xb5cc	7f0feaae	exact							
2494	0x77b59d07836d	157	0x98a9a	0x26e76c	0x26e770	+0x4	tail	0x99026	28	0x7e390	0x586f	0x68	0x600	0xb5cc	0x3d34	0x1	6f586800	exact							
2495	0x77b59d07836d	28	0x7e390	0x26e770	0x26e773	+0x3	tail	0x7e7ca	192	0x9f00a	0x600	0xb5cc	0x3d34	0x1	0xbaf	0x793a	0006cc	exact							
2496	0x77b59d07836d	192	0x9f00a	0x26e773	0x26e778	+0x5	tail	0x9f779	173	0x9ba74	0x34b5	0x13d	0xaf00	0x3a0b	0x8579	0x9bdd	b5343d0100	exact							
2497	0x77b59d07836d	173	0x9ba74	0x26e778	0x26e77a	+0x2	tail	0x9bd8c	128	0x9299b	0xbaf	0x793a	0xdd85	0xe39b	0x3a75	0x8fce	af0b	exact							
2498	0x77b59d07836d	128	0x9299b	0x26e77a	0x26e77f	+0x5	tail	0x92f1f	185	0x9d964	0x793a	0xdd85	0xe39b	0x3a75	0x8fce	0x2ba	3a7985dd9b	exact							
2499	0x77b59d07836d	185	0x9d964	0x26e77f	0x26e782	+0x3	tail	0x9dcab	347	0xc088d	0x75e3	0xce3a	0xba8f	0xf302	0x434c	0x70d1	e3753a	exact							
2500	0x77b59d07836d	347	0xc088d	0x26e782	0x26e786	+0x4	tail	0xc0d7b	168	0x9aa83	0x8fce	0x2ba	0x4cf3	0xd143	0x770	0x13d	ce8fba02	exact							
2501	0x77b59d07836d	168	0x9aa83	0x26e786	0x26e78a	+0x4	tail	0x9af16	79	0x885b0	0x4cf3	0xd143	0x770	0x13d	0x8000	0xb489	f34c43d1	exact							
2502	0x77b59d07836d	79	0x885b0	0x26e78a	0x26e78f	+0x5	tail	0x88a55	198	0xa037e	0x770	0x13d	0x8000	0xb489	0xb334	0xd900	70073d0100	exact							
2503	0x77b59d07836d	198	0xa037e	0x26e78f	0x26e791	+0x2	tail	0xa062e	340	0xbf435	0x8980	0x34b4	0xb3	0x21d9	0x5f10	0x540	8089	exact							
2504	0x77b59d07836d	340	0xbf435	0x26e791	0x26e795	+0x4	tail	0xbf886	200	0xa0a9e	0x34b4	0xb3	0x21d9	0x5f10	0x540	0x683a	b434b300	exact							
2505	0x77b59d07836d	200	0xa0a9e	0x26e795	0x26e79b	+0x6	tail	0xa0dc7	168	0x9aa83	0x21d9	0x5f10	0x540	0x683a	0xd0be	0x3781	d921105f4005	exact							
2506	0x77b59d07836d	168	0x9aa83	0x26e79b	0x26e79f	+0x4	tail	0x9af16	66	0x855ff	0x683a	0xd0be	0x3781	0xac2a	0xd3f3	0x13d	3a68bed0	exact							
2507	0x77b59d07836d	66	0x855ff	0x26e79f	0x26e7a2	+0x3	tail	0x859f9	70	0x8610e	0x3781	0xac2a	0xd3f3	0x13d	0x265a	0x540	81372a	exact							
2508	0x77b59d07836d	70	0x8610e	0x26e7a2	0x26e7a7	+0x5	tail	0x86763	256	0xad849	0xf3ac	0x3dd3	0x5a01	0x4026	0x5e05	0xa303	acf3d33d01	exact							
2509	0x77b59d07836d	256	0xad849	0x26e7a7	0x26e7a9	+0x2	tail	0xadbfa	215	0xa4609	0x265a	0x540	0x35e	0x2ba3	0x54d9	0xd312	5a26	exact							
2510	0x77b59d07836d	215	0xa4609	0x26e7a9	0x26e7ac	+0x3	tail	0xa4a5e	168	0x9aa83	0x540	0x35e	0x2ba3	0x54d9	0xd312	0x9600	40055e	exact							
2511	0x77b59d07836d	168	0x9aa83	0x26e7ac	0x26e7b0	+0x4	tail	0x9af16	340	0xbf435	0xa303	0xd92b	0x1254	0xd3	0xba96	0x4850	03a32bd9	exact							
2512	0x77b59d07836d	340	0xbf435	0x26e7b0	0x26e7b4	+0x4	tail	0xbf886	253	0xacfb1	0x1254	0xd3	0xba96	0x4850	0x5d2e	0xa633	5412d300	exact							
2513	0x77b59d07836d	253	0xacfb1	0x26e7b4	0x26e7ba	+0x6	tail	0xad329	83	0x8947b	0xba96	0x4850	0x5d2e	0xa633	0x3d00	0xfe01	96ba50482e5d	exact							
2514	0x77b59d07836d	83	0x8947b	0x26e7ba	0x26e7bf	+0x5	tail	0x89839	108	0x8f24b	0xa633	0x3d00	0xfe01	0xe8db	0x3604	0xe263	33a6003d01	exact							
2515	0x77b59d07836d	108	0x8f24b	0x26e7bf	0x26e7c1	+0x2	tail	0x8f6cf	28	0x7e390	0xdbfe	0x4e8	0x6336	0x9de2	0xc101	0xcc	fedb	exact							
2516	0x77b59d07836d	28	0x7e390	0x26e7c1	0x26e7c4	+0x3	tail	0x7e7ca	157	0x98a9a	0x4e8	0x6336	0x9de2	0xc101	0xcc	0x2f3a	e80436	exact							
2517	0x77b59d07836d	157	0x98a9a	0x26e7c4	0x26e7c8	+0x4	tail	0x99026	124	0x91e81	0xe263	0x19d	0xccc1	0x3a00	0xcb2f	0x7c70	63e29d01	exact							
2518	0x77b59d07836d	124	0x91e81	0x26e7c8	0x26e7ce	+0x6	tail	0x922c1	337	0xbec0e	0xccc1	0x3a00	0xcb2f	0x7c70	0xc25	0x3d00	c1cc003a2fcb	exact							
2519	0x77b59d07836d	337	0xbec0e	0x26e7ce	0x26e7d2	+0x4	tail	0xbf126	301	0xb708d	0x7c70	0xc25	0x3d00	0x8701	0x4f09	0x8e9e	707c250c	exact							
2520	0x77b59d07836d	301	0xb708d	0x26e7d2	0x26e7d7	+0x5	tail	0xb7583	144	0x95887	0x3d00	0x8701	0x4f09	0x8e9e	0x1880	0x2d11	003d018709	exact							
2521	0x77b59d07836d	144	0x95887	0x26e7d7	0x26e7d9	+0x2	tail	0x95b59	347	0xc088d	0x9e4f	0x808e	0x1118	0xd72d	0x4c33	0x919f	4f9e	exact							
2522	0x77b59d07836d	347	0xc088d	0x26e7d9	0x26e7dd	+0x4	tail	0xc0d7b	332	0xbd36d	0x808e	0x1118	0xd72d	0x4c33	0x919f	0x42bf	8e801811	exact							
2523	0x77b59d07836d	332	0xbd36d	0x26e7dd	0x26e7e1	+0x4	tail	0xbd8ad	203	0xa1484	0xd72d	0x4c33	0x919f	0x42bf	0x1dce	0xb3	2dd7334c	exact							
2524	0x77b59d07836d	203	0xa1484	0x26e7e1	0x26e7e5	+0x4	tail	0xa1936	307	0xb8064	0x919f	0x42bf	0x1dce	0xb3	0x13d	0x9f4f	9f91bf42	exact							
2525	0x77b59d07836d	307	0xb8064	0x26e7e5	0x26e7e8	+0x3	tail	0xb837a	301	0xb708d	0x1dce	0xb3	0x13d	0x9f4f	0x97fe	0x582	ce1db3	exact							
2526	0x77b59d07836d	301	0xb708d	0x26e7e8	0x26e7ed	+0x5	tail	0xb7583	108	0x8f24b	0x3d00	0x4f01	0xfe9f	0x8297	0x3a05	0xc4e	003d014f9f	exact							
2527	0x77b59d07836d	108	0x8f24b	0x26e7ed	0x26e7ef	+0x2	tail	0x8f6cf	185	0x9d964	0x97fe	0x582	0x4e3a	0xba0c	0x6400	0xe828	fe97	exact							
2528	0x77b59d07836d	185	0x9d964	0x26e7ef	0x26e7f2	+0x3	tail	0x9dcab	347	0xc088d	0x582	0x4e3a	0xba0c	0x6400	0xe828	0x2f01	82053a	exact							
2529	0x77b59d07836d	347	0xc088d	0x26e7f2	0x26e7f6	+0x4	tail	0xc0d7b	184	0x9d694	0xc4e	0xba	0x2864	0x1e8	0x932f	0xf0b3	4e0cba00	exact							
2530	0x77b59d07836d	184	0x9d694	0x26e7f6	0x26e7fa	+0x4	tail	0x9d961	64	0x85059	0x2864	0x1e8	0x932f	0xf0b3	0x85c0	0xd28a	6428e801	exact							
2531	0x77b59d07836d	64	0x85059	0x26e7fa	0x26e7fe	+0x4	tail	0x8536e	18	0x7be9b	0x932f	0xf0b3	0x85c0	0xd28a	0xe838	0xe801	2f93b3f0	exact							
2532	0x77b59d07836d	18	0x7be9b	0x26e7fe	0x26e801	+0x3	tail	0x7c308	184	0x9d694	0x85c0	0xd28a	0xe838	0xe801	0x6701	0x3d63	c0858a	exact							
2533	0x77b59d07836d	184	0x9d694	0x26e801	0x26e805	+0x4	tail	0x9d961	261	0xaeda2	0x38d2	0x1e8	0x1e8	0x6367	0x13d	0x529a	d238e801	exact							
2534	0x77b59d07836d	261	0xaeda2	0x26e805	0x26e80b	+0x6	tail	0xaeeff	18	0x7be9b	0x1e8	0x6367	0x13d	0x529a	0x1e14	0xf437	e80167633d01	exact							
2535	0x77b59d07836d	18	0x7be9b	0x26e80b	0x26e80e	+0x3	tail	0x7c308	189	0x9e7af	0x529a	0x1e14	0xf437	0xa9a6	0xe8ca	0xd801	9a5214	exact							
2536	0x77b59d07836d	189	0x9e7af	0x26e80e	0x26e812	+0x4	tail	0x9eac9	174	0x9bd8f	0x371e	0xa6f4	0xcaa9	0x1e8	0xad8	0xc89c	1e37f4a6	exact							
2537	0x77b59d07836d	174	0x9bd8f	0x26e812	0x26e816	+0x4	tail	0x9c08c	215	0xa4609	0xcaa9	0x1e8	0xad8	0xc89c	0x8c09	0xe881	a9cae801	exact							
2538	0x77b59d07836d	215	0xa4609	0x26e816	0x26e819	+0x3	tail	0xa4a5e	347	0xc088d	0xad8	0xc89c	0x8c09	0xe881	0x8301	0x1946	d80a9c	exact							
2539	0x77b59d07836d	347	0xc088d	0x26e819	0x26e81d	+0x4	tail	0xc0d7b	20	0x7c62b	0x9c8	0x818c	0x1e8	0x4683	0x4519	0xe1ad	c8098c81	exact							
2540	0x77b59d07836d	20	0x7c62b	0x26e81d	0x26e821	+0x4	tail	0x7ca96	307	0xb8064	0x1e8	0x4683	0x4519	0xe1ad	0xe0e	0xe85a	e8018346	exact							
2541	0x77b59d07836d	307	0xb8064	0x26e821	0x26e824	+0x3	tail	0xb837a	114	0x90319	0x4519	0xe1ad	0xe0e	0xe85a	0x8601	0xeb9f	1945ad	exact							
2542	0x77b59d07836d	114	0x90319	0x26e824	0x26e828	+0x4	tail	0x90893	20	0x7c62b	0xee1	0x5a0e	0x1e8	0x9f86	0x8eeb	0xf12a	e10e0e5a	exact							
2543	0x77b59d07836d	20	0x7c62b	0x26e828	0x26e82c	+0x4	tail	0x7ca96	66	0x855ff	0x1e8	0x9f86	0x8eeb	0xf12a	0x259c	0xe800	e801869f	exact							
2544	0x77b59d07836d	66	0x855ff	0x26e82c	0x26e82f	+0x3	tail	0x859f9	64	0x85059	0x8eeb	0xf12a	0x259c	0xe800	0xe601	0xa079	eb8e2a	exact							
2545	0x77b59d07836d	64	0x85059	0x26e82f	0x26e833	+0x4	tail	0x8536e	176	0x9c10b	0x9cf1	0x25	0x1e8	0x79e6	0xaa0	0xc47c	f19c2500	exact							
2546	0x77b59d07836d	176	0x9c10b	0x26e833	0x26e837	+0x4	tail	0x9c3f4	215	0xa4609	0x1e8	0x79e6	0xaa0	0xc47c	0x744	0x9301	e801e679	exact							
2547	0x77b59d07836d	215	0xa4609	0x26e837	0x26e83a	+0x3	tail	0xa4a5e	340	0xbf435	0xaa0	0xc47c	0x744	0x9301	0xe88b	0x9001	a00a7c	exact							
2548	0x77b59d07836d	340	0xbf435	0x26e83a	0x26e83e	+0x4	tail	0xbf886	174	0x9bd8f	0x44c4	0x107	0x8b93	0x1e8	0x390	0xf3e	c4440701	exact							
2549	0x77b59d07836d	174	0x9bd8f	0x26e83e	0x26e842	+0x4	tail	0x9c08c	28	0x7e390	0x8b93	0x1e8	0x390	0xf3e	0x883f	0xeaf7	938be801	exact							
2550	0x77b59d07836d	28	0x7e390	0x26e842	0x26e845	+0x3	tail	0x7e7ca	114	0x90319	0x390	0xf3e	0x883f	0xeaf7	0xe84f	0xf801	90033e	exact							
2551	0x77b59d07836d	114	0x90319	0x26e845	0x26e849	+0x4	tail	0x90893	161	0x9975a	0x3f0f	0xf788	0x4fea	0x1e8	0x89f8	0xcf48	0f3f88f7	exact							
2552	0x77b59d07836d	161	0x9975a	0x26e849	0x26e84d	+0x4	tail	0x99b3a	66	0x855ff	0x4fea	0x1e8	0x89f8	0xcf48	0xa30f	0xe8ca	ea4fe801	exact							
2553	0x77b59d07836d	66	0x855ff	0x26e84d	0x26e850	+0x3	tail	0x859f9	258	0xadf2c	0x89f8	0xcf48	0xa30f	0xe8ca	0x5a01	0x2cd7	f88948	exact							
2554	0x77b59d07836d	258	0xadf2c	0x26e850	0x26e854	+0x4	tail	0xae32f	158	0x99029	0xfcf	0xcaa3	0x1e8	0xd75a	0xb02c	0xef6c	cf0fa3ca	exact							
2555	0x77b59d07836d	158	0x99029	0x26e854	0x26e858	+0x4	tail	0x992ca	64	0x85059	0x1e8	0xd75a	0xb02c	0xef6c	0x9338	0xe8fe	e8015ad7	exact							
2556	0x77b59d07836d	64	0x85059	0x26e858	0x26e85c	+0x4	tail	0x8536e	18	0x7be9b	0xb02c	0xef6c	0x9338	0xe8fe	0x3001	0xbf60	2cb06cef	exact							
2557	0x77b59d07836d	18	0x7be9b	0x26e85c	0x26e85f	+0x3	tail	0x7c308	158	0x99029	0x9338	0xe8fe	0x3001	0xbf60	0x2e7	0x3198	3893fe	exact							
2558	0x77b59d07836d	158	0x99029	0x26e85f	0x26e863	+0x4	tail	0x992ca	199	0xa0631	0x1e8	0x6030	0xe7bf	0x9802	0x4531	0x5850	e8013060	exact							
2559	0x77b59d07836d	199	0xa0631	0x26e863	0x26e866	+0x3	tail	0xa0a9c	258	0xadf2c	0xe7bf	0x9802	0x4531	0x5850	0xe8ff	0x6801	bfe702	exact							
2560	0x77b59d07836d	258	0xadf2c	0x26e866	0x26e86a	+0x4	tail	0xae32f	184	0x9d694	0x3198	0x5045	0xff58	0x1e8	0x668	0x202a	98314550	exact							
2561	0x77b59d07836d	184	0x9d694	0x26e86a	0x26e86e	+0x4	tail	0x9d961	18	0x7be9b	0xff58	0x1e8	0x668	0x202a	0x64c4	0xe8a3	58ffe801	exact							
2562	0x77b59d07836d	18	0x7be9b	0x26e86e	0x26e871	+0x3	tail	0x7c308	189	0x9e7af	0x668	0x202a	0x64c4	0xe8a3	0x6001	0xc02e	68062a	exact							
2563	0x77b59d07836d	189	0x9e7af	0x26e871	0x26e875	+0x4	tail	0x9eac9	158	0x99029	0xc420	0xa364	0x1e8	0x2e60	0xeec0	0x123	20c464a3	exact							
2564	0x77b59d07836d	158	0x99029	0x26e875	0x26e879	+0x4	tail	0x992ca	340	0xbf435	0x1e8	0x2e60	0xeec0	0x123	0x3bb7	0x282	e801602e	exact							
2565	0x77b59d07836d	340	0xbf435	0x26e879	0x26e87d	+0x4	tail	0xbf886	199	0xa0631	0xeec0	0x123	0x3bb7	0x282	0xe84f	0x3001	c0ee2301	exact							
2566	0x77b59d07836d	199	0xa0631	0x26e87d	0x26e880	+0x3	tail	0xa0a9c	161	0x9975a	0x3bb7	0x282	0xe84f	0x3001	0x5f0e	0x7981	b73b82	exact							
2567	0x77b59d07836d	161	0x9975a	0x26e880	0x26e884	+0x4	tail	0x99b3a	18	0x7be9b	0x4f02	0x1e8	0xe30	0x815f	0xb79	0xe8e3	024fe801	exact							
2568	0x77b59d07836d	18	0x7be9b	0x26e884	0x26e887	+0x3	tail	0x7c308	64	0x85059	0xe30	0x815f	0xb79	0xe8e3	0xb101	0x3e06	300e5f	exact							
2569	0x77b59d07836d	64	0x85059	0x26e887	0x26e88b	+0x4	tail	0x8536e	20	0x7c62b	0x7981	0xe30b	0x1e8	0x6b1	0x823e	0x3988	81790be3	exact							
2570	0x77b59d07836d	20	0x7c62b	0x26e88b	0x26e88f	+0x4	tail	0x7ca96	114	0x90319	0x1e8	0x6b1	0x823e	0x3988	0xcd25	0x5aca	e801b106	exact							
2571	0x77b59d07836d	114	0x90319	0x26e88f	0x26e893	+0x4	tail	0x90893	66	0x855ff	0x823e	0x3988	0xcd25	0x5aca	0xe86e	0xa001	3e828839	exact							
2572	0x77b59d07836d	66	0x855ff	0x26e893	0x26e896	+0x3	tail	0x859f9	161	0x9975a	0xcd25	0x5aca	0xe86e	0xa001	0xa80a	0x71fc	25cdca	exact							
2573	0x77b59d07836d	161	0x9975a	0x26e896	0x26e89a	+0x4	tail	0x99b3a	28	0x7e390	0x6e5a	0x1e8	0xaa0	0xfca8	0xab71	0xe800	5a6ee801	exact							
2574	0x77b59d07836d	28	0x7e390	0x26e89a	0x26e89d	+0x3	tail	0x7e7ca	340	0xbf435	0xaa0	0xfca8	0xab71	0xe800	0x2a01	0x65d2	a00aa8	exact							
2575	0x77b59d07836d	340	0xbf435	0x26e89d	0x26e8a1	+0x4	tail	0xbf886	176	0x9c10b	0x71fc	0xab	0x1e8	0xd22a	0x2865	0xcde1	fc71ab00	exact							
2576	0x77b59d07836d	176	0x9c10b	0x26e8a1	0x26e8a5	+0x4	tail	0x9c3f4	64	0x85059	0x1e8	0xd22a	0x2865	0xcde1	0xa185	0x9018	e8012ad2	exact							
2577	0x77b59d07836d	64	0x85059	0x26e8a5	0x26e8a9	+0x4	tail	0x8536e	66	0x855ff	0x2865	0xcde1	0xa185	0x9018	0xe84c	0x4601	6528e1cd	exact							
2578	0x77b59d07836d	66	0x855ff	0x26e8a9	0x26e8ac	+0x3	tail	0x859f9	123	0x91a59	0xa185	0x9018	0xe84c	0x4601	0x26fe	0x8000	85a118	exact							
2579	0x77b59d07836d	123	0x91a59	0x26e8ac	0x26e8b0	+0x4	tail	0x91e7f	264	0xaf4cf	0x4c90	0x1e8	0xfe46	0x26	0x80	0xfd00	904ce801	exact							
2580	0x77b59d07836d	264	0xaf4cf	0x26e8b0	0x26e8ba	+0xa	dispatch	0xc80b9	169	0x9af18	0xfe46	0x26	0x80	0xfd00	0x1	0xa5	46fe2600800000fd0100	exact		0x2711ed9e		0xe76c8b67			0x3a
2581	0x77b59d07836d	169	0x9af18	0x26e8ba	0x26e8be	+0x4	tail	0x9b0c5	165	0x9a24c	0xa5	0x1e8	0x1c	0xa68	0x7310	0x99e9	a500e801	exact	0x2711ed9e		0xe76c8b67			0x3a	
2582	0x77b59d07836d	165	0x9a24c	0x26e8be	0x26e8c0	+0x2	tail	0x9a46b	28	0x7e390	0x1c	0xa68	0x7310	0x99e9	0xe700	0x2609	1c00	exact							
2583	0x77b59d07836d	28	0x7e390	0x26e8c0	0x26e8c3	+0x3	tail	0x7e7ca	333	0xbd8af	0xa68	0x7310	0x99e9	0xe700	0x2609	0x5a17	680a10	exact							
2584	0x77b59d07836d	333	0xbd8af	0x26e8c3	0x26e8c7	+0x4	tail	0xbdd16	337	0xbec0e	0xe973	0x99	0x9e7	0x1726	0xbd5a	0x1e8	73e99900	exact							
2585	0x77b59d07836d	337	0xbec0e	0x26e8c7	0x26e8cb	+0x4	tail	0xbf126	287	0xb45d2	0x9e7	0x1726	0xbd5a	0x1e8	0x5088	0xa0cc	e7092617	exact							
2586	0x77b59d07836d	287	0xb45d2	0x26e8cb	0x26e8cf	+0x4	tail	0xb497e	189	0x9e7af	0xbd5a	0x1e8	0x5088	0xa0cc	0x3357	0x49c3	5abde801	exact							
2587	0x77b59d07836d	189	0x9e7af	0x26e8cf	0x26e8d3	+0x4	tail	0x9eac9	43	0x8173d	0x5088	0xa0cc	0x3357	0x49c3	0x8f8	0x2c8	8850cca0	exact							
2588	0x77b59d07836d	43	0x8173d	0x26e8d3	0x26e8d7	+0x4	tail	0x81b7c	215	0xa4609	0x3357	0x49c3	0x8f8	0x2c8	0xe83c	0x8e01	5733c349	exact							
2589	0x77b59d07836d	215	0xa4609	0x26e8d7	0x26e8da	+0x3	tail	0xa4a5e	287	0xb45d2	0x8f8	0x2c8	0xe83c	0x8e01	0xa3ba	0xa50a	f808c8	exact							
2590	0x77b59d07836d	287	0xb45d2	0x26e8da	0x26e8de	+0x4	tail	0xb497e	172	0x9b68a	0x3c02	0x1e8	0xba8e	0xaa3	0x5aa5	0xde5a	023ce801	exact							
2591	0x77b59d07836d	172	0x9b68a	0x26e8de	0x26e8e2	+0x4	tail	0x9ba72	18	0x7be9b	0xba8e	0xaa3	0x5aa5	0xde5a	0xdc0b	0x7e08	8ebaa30a	exact							
2592	0x77b59d07836d	18	0x7be9b	0x26e8e2	0x26e8e5	+0x3	tail	0x7c308	258	0xadf2c	0x5aa5	0xde5a	0xdc0b	0x7e08	0xe892	0x5d01	a55a5a	exact							
2593	0x77b59d07836d	258	0xadf2c	0x26e8e5	0x26e8e9	+0x4	tail	0xae32f	243	0xaab6a	0xbde	0x8dc	0x927e	0x1e8	0x35d	0x22f	de0bdc08	exact							
2594	0x77b59d07836d	243	0xaab6a	0x26e8e9	0x26e8ed	+0x4	tail	0xaaf3c	347	0xc088d	0x927e	0x1e8	0x35d	0x22f	0xf5fa	0xe8ae	7e92e801	exact							
2595	0x77b59d07836d	347	0xc088d	0x26e8ed	0x26e8f1	+0x4	tail	0xc0d7b	307	0xb8064	0x35d	0x22f	0xf5fa	0xe8ae	0x564e	0x14d8	5d032f02	exact							
2596	0x77b59d07836d	307	0xb8064	0x26e8f1	0x26e8f4	+0x3	tail	0xb837a	168	0x9aa83	0xf5fa	0xe8ae	0x564e	0x14d8	0xe8aa	0x6801	faf5ae	exact							
2597	0x77b59d07836d	168	0x9aa83	0x26e8f4	0x26e8f8	+0x4	tail	0x9af16	287	0xb45d2	0x4ee8	0xd856	0xaa14	0x1e8	0xa68	0x6783	e84e56d8	exact							
2598	0x77b59d07836d	287	0xb45d2	0x26e8f8	0x26e8fc	+0x4	tail	0xb497e	215	0xa4609	0xaa14	0x1e8	0xa68	0x6783	0x23f3	0x4501	14aae801	exact							
2599	0x77b59d07836d	215	0xa4609	0x26e8fc	0x26e8ff	+0x3	tail	0xa4a5e	333	0xbd8af	0xa68	0x6783	0x23f3	0x4501	0x1273	0xf2c0	680a83	exact							
2600	0x77b59d07836d	333	0xbd8af	0x26e8ff	0x26e903	+0x4	tail	0xbdd16	114	0x90319	0xf367	0x123	0x7345	0xc012	0xfbf2	0x1e8	67f32301	exact							
2601	0x77b59d07836d	114	0x90319	0x26e903	0x26e907	+0x4	tail	0x90893	26	0x7dbbb	0x7345	0xc012	0xfbf2	0x1e8	0xd373	0x147	457312c0	exact							
2602	0x77b59d07836d	26	0x7dbbb	0x26e907	0x26e90b	+0x4	tail	0x7dfbd	333	0xbd8af	0xfbf2	0x1e8	0xd373	0x147	0xb855	0xffda	f2fbe801	exact							
2603	0x77b59d07836d	333	0xbd8af	0x26e90b	0x26e90f	+0x4	tail	0xbdd16	114	0x90319	0xd373	0x147	0xb855	0xffda	0x15db	0xe83a	73d34701	exact							
2604	0x77b59d07836d	114	0x90319	0x26e90f	0x26e913	+0x4	tail	0x90893	185	0x9d964	0xb855	0xffda	0x15db	0xe83a	0x5a01	0x89b7	55b8daff	exact							
2605	0x77b59d07836d	185	0x9d964	0x26e913	0x26e916	+0x3	tail	0x9dcab	33	0x7f7c4	0x15db	0xe83a	0x5a01	0x89b7	0xf226	0x1c96	db153a	exact							
2606	0x77b59d07836d	33	0x7f7c4	0x26e916	0x26e91a	+0x4	tail	0x7fba1	297	0xb64d7	0x1e8	0xb75a	0x2689	0x96f2	0xd1c	0xc295	e8015ab7	exact							
2607	0x77b59d07836d	297	0xb64d7	0x26e91a	0x26e91d	+0x3	tail	0xb68ff	196	0x9fbcd	0x2689	0x96f2	0xd1c	0xc295	0x347b	0xd69b	8926f2	exact							
2608	0x77b59d07836d	196	0x9fbcd	0x26e91d	0x26e921	+0x4	tail	0xa0068	189	0x9e7af	0x1c96	0x950d	0x7bc2	0x9b34	0x40d6	0x1e8	961c0d95	exact							
2609	0x77b59d07836d	189	0x9e7af	0x26e921	0x26e925	+0x4	tail	0x9eac9	346	0xc0535	0x7bc2	0x9b34	0x40d6	0x1e8	0x390	0xd688	c27b349b	exact							
2610	0x77b59d07836d	346	0xc0535	0x26e925	0x26e929	+0x4	tail	0xc088b	215	0xa4609	0x40d6	0x1e8	0x390	0xd688	0x2764	0xfaa	d640e801	exact							
2611	0x77b59d07836d	215	0xa4609	0x26e929	0x26e92c	+0x3	tail	0xa4a5e	114	0x90319	0x390	0xd688	0x2764	0xfaa	0x1599	0xe877	900388	exact							
2612	0x77b59d07836d	114	0x90319	0x26e92c	0x26e930	+0x4	tail	0x90893	203	0xa1484	0x64d6	0xaa27	0x990f	0x7715	0x1e8	0xcc84	d66427aa	exact							
2613	0x77b59d07836d	203	0xa1484	0x26e930	0x26e934	+0x4	tail	0xa1936	33	0x7f7c4	0x990f	0x7715	0x1e8	0xcc84	0x9dbe	0x37ae	0f991577	exact							
2614	0x77b59d07836d	33	0x7f7c4	0x26e934	0x26e938	+0x4	tail	0x7fba1	307	0xb8064	0x1e8	0xcc84	0x9dbe	0x37ae	0x13b9	0x9b00	e80184cc	exact							
2615	0x77b59d07836d	307	0xb8064	0x26e938	0x26e93b	+0x3	tail	0xb837a	157	0x98a9a	0x9dbe	0x37ae	0x13b9	0x9b00	0xd783	0xf002	be9dae	exact							
2616	0x77b59d07836d	157	0x98a9a	0x26e93b	0x26e93f	+0x4	tail	0x99026	347	0xc088d	0xb937	0x13	0x839b	0x2d7	0xc1f0	0x1e8	37b91300	exact							
2617	0x77b59d07836d	347	0xc088d	0x26e93f	0x26e943	+0x4	tail	0xc0d7b	287	0xb45d2	0x839b	0x2d7	0xc1f0	0x1e8	0x24a4	0x5d00	9b83d702	exact							
2618	0x77b59d07836d	287	0xb45d2	0x26e943	0x26e947	+0x4	tail	0xb497e	43	0x8173d	0xc1f0	0x1e8	0x24a4	0x5d00	0x932b	0x173a	f0c1e801	exact							
2619	0x77b59d07836d	43	0x8173d	0x26e947	0x26e94b	+0x4	tail	0x81b7c	185	0x9d964	0x24a4	0x5d00	0x932b	0x173a	0x3474	0x2e2	a424005d	exact							
2620	0x77b59d07836d	185	0x9d964	0x26e94b	0x26e94e	+0x3	tail	0x9dcab	189	0x9e7af	0x932b	0x173a	0x3474	0x2e2	0xe874	0xc101	2b933a	exact							
2621	0x77b59d07836d	189	0x9e7af	0x26e94e	0x26e952	+0x4	tail	0x9eac9	26	0x7dbbb	0x7417	0xe234	0x7402	0x1e8	0x5fc1	0xbc0c	177434e2	exact							
2622	0x77b59d07836d	26	0x7dbbb	0x26e952	0x26e956	+0x4	tail	0x7dfbd	196	0x9fbcd	0x7402	0x1e8	0x5fc1	0xbc0c	0x80fe	0xab2c	0274e801	exact							
2623	0x77b59d07836d	196	0x9fbcd	0x26e956	0x26e95a	+0x4	tail	0xa0068	189	0x9e7af	0x5fc1	0xbc0c	0x80fe	0xab2c	0x767b	0xe83a	c15f0cbc	exact							
2624	0x77b59d07836d	189	0x9e7af	0x26e95a	0x26e95e	+0x4	tail	0x9eac9	185	0x9d964	0x80fe	0xab2c	0x767b	0xe83a	0x9101	0xd8f0	fe802cab	exact							
2625	0x77b59d07836d	185	0x9d964	0x26e95e	0x26e961	+0x3	tail	0x9dcab	315	0xb9451	0x767b	0xe83a	0x9101	0xd8f0	0xe10a	0x85b1	7b763a	exact							
2626	0x77b59d07836d	315	0xb9451	0x26e961	0x26e965	+0x4	tail	0xb9878	28	0x7e390	0x1e8	0xf091	0xad8	0xb1e1	0x1585	0xd302	e80191f0	exact							
2627	0x77b59d07836d	28	0x7e390	0x26e965	0x26e968	+0x3	tail	0x7e7ca	347	0xc088d	0xad8	0xb1e1	0x1585	0xd302	0xc1b0	0x5b2	d80ae1	exact							
2628	0x77b59d07836d	347	0xc088d	0x26e968	0x26e96c	+0x4	tail	0xc0d7b	268	0xb0007	0x85b1	0x215	0xb0d3	0xb2c1	0xe405	0x1e8	b1851502	exact							
2629	0x77b59d07836d	268	0xb0007	0x26e96c	0x26e970	+0x4	tail	0xb0458	243	0xaab6a	0xb0d3	0xb2c1	0xe405	0x1e8	0xbe5a	0x3ab	d3b0c1b2	exact							
2630	0x77b59d07836d	243	0xaab6a	0x26e970	0x26e974	+0x4	tail	0xaaf3c	172	0x9b68a	0xe405	0x1e8	0xbe5a	0x3ab	0x45fe	0xd3ad	05e4e801	exact							
2631	0x77b59d07836d	172	0x9b68a	0x26e974	0x26e978	+0x4	tail	0x9ba72	307	0xb8064	0xbe5a	0x3ab	0x45fe	0xd3ad	0xc466	0xb42a	5abeab03	exact							
2632	0x77b59d07836d	307	0xb8064	0x26e978	0x26e97b	+0x3	tail	0xb837a	114	0x90319	0x45fe	0xd3ad	0xc466	0xb42a	0xe8b8	0x1c01	fe45ad	exact							
2633	0x77b59d07836d	114	0x90319	0x26e97b	0x26e97f	+0x4	tail	0x90893	305	0xb78b0	0x66d3	0x2ac4	0xb8b4	0x1e8	0xb91c	0x7641	d366c42a	exact							
2634	0x77b59d07836d	305	0xb78b0	0x26e97f	0x26e983	+0x4	tail	0xb7bb8	258	0xadf2c	0xb8b4	0x1e8	0xb91c	0x7641	0x535f	0x383a	b4b8e801	exact							
2635	0x77b59d07836d	258	0xadf2c	0x26e983	0x26e987	+0x4	tail	0xae32f	66	0x855ff	0xb91c	0x7641	0x535f	0x383a	0x2e1f	0xc023	1cb94176	exact							
2636	0x77b59d07836d	66	0x855ff	0x26e987	0x26e98a	+0x3	tail	0x859f9	268	0xb0007	0x535f	0x383a	0x2e1f	0xc023	0xe86f	0x5301	5f533a	exact							
2637	0x77b59d07836d	268	0xb0007	0x26e98a	0x26e98e	+0x4	tail	0xb0458	26	0x7dbbb	0x1f38	0x232e	0x6fc0	0x1e8	0xb553	0xdab	381f2e23	exact							
2638	0x77b59d07836d	26	0x7dbbb	0x26e98e	0x26e992	+0x4	tail	0x7dfbd	307	0xb8064	0x6fc0	0x1e8	0xb553	0xdab	0x61a0	0x4fff	c06fe801	exact							
2639	0x77b59d07836d	307	0xb8064	0x26e992	0x26e995	+0x3	tail	0xb837a	64	0x85059	0xb553	0xdab	0x61a0	0x4fff	0xfb11	0xe86c	53b5ab	exact							
2640	0x77b59d07836d	64	0x85059	0x26e995	0x26e999	+0x4	tail	0x8536e	43	0x8173d	0xa00d	0xff61	0x114f	0x6cfb	0x1e8	0xf651	0da061ff	exact							
2641	0x77b59d07836d	43	0x8173d	0x26e999	0x26e99d	+0x4	tail	0x81b7c	315	0xb9451	0x114f	0x6cfb	0x1e8	0xf651	0x7279	0xfcfc	4f11fb6c	exact							
2642	0x77b59d07836d	315	0xb9451	0x26e99d	0x26e9a1	+0x4	tail	0xb9878	196	0x9fbcd	0x1e8	0xf651	0x7279	0xfcfc	0x200	0xa47c	e80151f6	exact							
2643	0x77b59d07836d	196	0x9fbcd	0x26e9a1	0x26e9a5	+0x4	tail	0xa0068	215	0xa4609	0x7279	0xfcfc	0x200	0xa47c	0x9744	0xe83c	7972fcfc	exact							
2644	0x77b59d07836d	215	0xa4609	0x26e9a5	0x26e9a8	+0x3	tail	0xa4a5e	64	0x85059	0x200	0xa47c	0x9744	0xe83c	0xdc01	0xe8b7	00027c	exact							
2645	0x77b59d07836d	64	0x85059	0x26e9a8	0x26e9ac	+0x4	tail	0x8536e	33	0x7f7c4	0x44a4	0x3c97	0x1e8	0xb7dc	0x1e8	0x13d	a444973c	exact							
2646	0x77b59d07836d	33	0x7f7c4	0x26e9ac	0x26e9b0	+0x4	tail	0x7fba1	167	0x9a8d2	0x1e8	0xb7dc	0x1e8	0x13d	0x2dc5	0x1e8	e801dcb7	exact							
2647	0x77b59d07836d	167	0x9a8d2	0x26e9b0	0x26e9b6	+0x6	tail	0x9aa81	351	0xc1d48	0x1e8	0x13d	0x2dc5	0x1e8	0x3ab0	0x1010	e8013d01c52d	exact							
2648	0x77b59d07836d	351	0xc1d48	0x26e9b6	0x26e9bb	+0x5	tail	0xc1ec2	121	0x91379	0x1e8	0x3ab0	0x1010	0xbfd1	0x43d0	0xe889	e801b03a10	exact							
2649	0x77b59d07836d	121	0x91379	0x26e9bb	0x26e9bf	+0x4	tail	0x9170b	91	0x8b6de	0xd110	0xd0bf	0x8943	0x1e8	0x34aa	0x2c34	10d1bfd0	exact							
2650	0x77b59d07836d	91	0x8b6de	0x26e9bf	0x26e9c3	+0x4	tail	0x8b8c9	18	0x7be9b	0x8943	0x1e8	0x34aa	0x2c34	0xcef4	0x6ee0	4389e801	exact							
2651	0x77b59d07836d	18	0x7be9b	0x26e9c3	0x26e9c6	+0x3	tail	0x7c308	337	0xbec0e	0x34aa	0x2c34	0xcef4	0x6ee0	0x5c88	0x1d6	aa3434	exact							
2652	0x77b59d07836d	337	0xbec0e	0x26e9c6	0x26e9ca	+0x4	tail	0xbf126	196	0x9fbcd	0xf42c	0xe0ce	0x886e	0xd65c	0xc301	0x3d00	2cf4cee0	exact							
2653	0x77b59d07836d	196	0x9fbcd	0x26e9ca	0x26e9ce	+0x4	tail	0xa0068	3	0x78c77	0x886e	0xd65c	0xc301	0x3d00	0x8f01	0x9001	6e885cd6	exact							
2654	0x77b59d07836d	3	0x78c77	0x26e9ce	0x26e9d3	+0x5	tail	0x792f5	173	0x9ba74	0xc301	0x3d00	0x8f01	0x9001	0xcf03	0x55a6	01c3003d01	exact							
2655	0x77b59d07836d	173	0x9ba74	0x26e9d3	0x26e9d5	+0x2	tail	0x9bd8c	28	0x7e390	0x18f	0x390	0xa6cf	0x4755	0x5614	0xc4b9	8f01	exact							
2656	0x77b59d07836d	28	0x7e390	0x26e9d5	0x26e9d8	+0x3	tail	0x7e7ca	114	0x90319	0x390	0xa6cf	0x4755	0x5614	0xc4b9	0x26b	9003cf	exact							
2657	0x77b59d07836d	114	0x90319	0x26e9d8	0x26e9dc	+0x4	tail	0x90893	253	0xacfb1	0x55a6	0x1447	0xb956	0x6bc4	0x402	0xba8d	a6554714	exact							
2658	0x77b59d07836d	253	0xacfb1	0x26e9dc	0x26e9e2	+0x6	tail	0xad329	43	0x8173d	0xb956	0x6bc4	0x402	0xba8d	0xc351	0x7b11	56b9c46b0204	exact							
2659	0x77b59d07836d	43	0x8173d	0x26e9e2	0x26e9e6	+0x4	tail	0x81b7c	192	0x9f00a	0xba8d	0xc351	0x7b11	0x13d	0x1f00	0x9890	8dba51c3	exact							
2660	0x77b59d07836d	192	0x9f00a	0x26e9e6	0x26e9eb	+0x5	tail	0x9f779	144	0x95887	0x7b11	0x13d	0x1f00	0x9890	0x6405	0x7e3a	117b3d0100	exact							
2661	0x77b59d07836d	144	0x95887	0x26e9eb	0x26e9ed	+0x2	tail	0x95b59	28	0x7e390	0x901f	0x598	0x3a64	0xf37e	0xf300	0x2da1	1f90	exact							
2662	0x77b59d07836d	28	0x7e390	0x26e9ed	0x26e9f0	+0x3	tail	0x7e7ca	179	0x9ca8d	0x598	0x3a64	0xf37e	0xf300	0x2da1	0xbb	980564	exact							
2663	0x77b59d07836d	179	0x9ca8d	0x26e9f0	0x26e9f5	+0x5	tail	0x9cf2f	172	0x9b68a	0x7e3a	0xf3	0xa1f3	0xbb2d	0x4300	0x267c	3a7ef300f3	exact							
2664	0x77b59d07836d	172	0x9b68a	0x26e9f5	0x26e9f9	+0x4	tail	0x9ba72	337	0xbec0e	0x2da1	0xbb	0x7c43	0xb626	0xb493	0x3d00	a12dbb00	exact							
2665	0x77b59d07836d	337	0xbec0e	0x26e9f9	0x26e9fd	+0x4	tail	0xbf126	83	0x8947b	0x7c43	0xb626	0xb493	0x3d00	0x8001	0x962c	437c26b6	exact							
2666	0x77b59d07836d	83	0x8947b	0x26e9fd	0x26ea02	+0x5	tail	0x89839	160	0x994cf	0xb493	0x3d00	0x8001	0x962c	0xea10	0x854a	93b4003d01	exact							
2667	0x77b59d07836d	160	0x994cf	0x26ea02	0x26ea04	+0x2	tail	0x99757	254	0xad32c	0x2c80	0x1096	0x4aea	0x8685	0x3540	0xfcbd	802c	exact							
2668	0x77b59d07836d	254	0xad32c	0x26ea04	0x26ea08	+0x4	tail	0xad766	297	0xb64d7	0x1096	0x4aea	0x8685	0x3540	0xfcbd	0xf9b9	9610ea4a	exact							
2669	0x77b59d07836d	297	0xb64d7	0x26ea08	0x26ea0b	+0x3	tail	0xb68ff	64	0x85059	0x8685	0x3540	0xfcbd	0xf9b9	0x2b36	0x990a	858640	exact							
2670	0x77b59d07836d	64	0x85059	0x26ea0b	0x26ea0f	+0x4	tail	0x8536e	172	0x9b68a	0xbd35	0xb9fc	0x36f9	0xa2b	0x499	0x3d00	35bdfcb9	exact							
2671	0x77b59d07836d	172	0x9b68a	0x26ea0f	0x26ea13	+0x4	tail	0x9ba72	3	0x78c77	0x36f9	0xa2b	0x499	0x3d00	0xff01	0x5a9b	f9362b0a	exact							
2672	0x77b59d07836d	3	0x78c77	0x26ea13	0x26ea18	+0x5	tail	0x792f5	144	0x95887	0x499	0x3d00	0xff01	0x5a9b	0xabaf	0x3703	9904003d01	exact							
2673	0x77b59d07836d	144	0x95887	0x26ea18	0x26ea1a	+0x2	tail	0x95b59	172	0x9b68a	0x9bff	0xaf5a	0x3ab	0x7d37	0x70b4	0xd80a	ff9b	exact							
2674	0x77b59d07836d	172	0x9b68a	0x26ea1a	0x26ea1e	+0x4	tail	0x9ba72	307	0xb8064	0xaf5a	0x3ab	0x7d37	0x70b4	0xd80a	0x6d7e	5aafab03	exact							
2675	0x77b59d07836d	307	0xb8064	0x26ea1e	0x26ea21	+0x3	tail	0xb837a	345	0xc02e4	0x7d37	0x70b4	0xd80a	0x6d7e	0xe4ac	0x681f	377db4	exact							
2676	0x77b59d07836d	345	0xc02e4	0x26ea21	0x26ea27	+0x6	tail	0xc0532	340	0xbf435	0xa70	0x7ed8	0xac6d	0x1fe4	0x68	0x3100	700ad87e6dac	exact							
2677	0x77b59d07836d	340	0xbf435	0x26ea27	0x26ea2b	+0x4	tail	0xbf886	237	0xa8e1f	0x1fe4	0x68	0x3100	0x3d6b	0x8501	0x1c6b	e41f6800	exact							
2678	0x77b59d07836d	237	0xa8e1f	0x26ea2b	0x26ea30	+0x5	tail	0xa94a3	198	0xa037e	0x3100	0x3d6b	0x8501	0x1c6b	0x141	0xc611	00316b3d01	exact							
2679	0x77b59d07836d	198	0xa037e	0x26ea30	0x26ea32	+0x2	tail	0xa062e	239	0xa991e	0x6b85	0x411c	0x1101	0xa9c6	0xad4e	0xd283	856b	exact							
2680	0x77b59d07836d	239	0xa991e	0x26ea32	0x26ea38	+0x6	tail	0xa9cf4	291	0xb4edd	0x411c	0x1101	0xa9c6	0xad4e	0xd283	0x88	1c410111c6a9	exact							
2681	0x77b59d07836d	291	0xb4edd	0x26ea38	0x26ea3c	+0x4	tail	0xb540d	28	0x7e390	0xad4e	0xd283	0x88	0xae15	0x50f0	0x9dd0	4ead83d2	exact							
2682	0x77b59d07836d	28	0x7e390	0x26ea3c	0x26ea3f	+0x3	tail	0x7e7ca	17	0x7bae9	0x88	0xae15	0x50f0	0x9dd0	0x3d00	0x6301	880015	exact							
2683	0x77b59d07836d	17	0x7bae9	0x26ea3f	0x26ea44	+0x5	tail	0x7be98	220	0xa522e	0xf0ae	0xd050	0x9d	0x13d	0x3163	0xe7ee	aef050d09d	exact							
2684	0x77b59d07836d	220	0xa522e	0x26ea44	0x26ea49	+0x5	tail	0xa5886	352	0xc1ec4	0x3d00	0x6301	0xee31	0xbe7	0x4627	0xe9ec	003d016331	exact							
2685	0x77b59d07836d	352	0xc1ec4	0x26ea49	0x26ea4b	+0x2	tail	0xc21c0	199	0xa0631	0xe7ee	0x270b	0xec46	0x3ce9	0xe83c	0xa01	eee7	exact							
2686	0x77b59d07836d	199	0xa0631	0x26ea4b	0x26ea4e	+0x3	tail	0xa0a9c	273	0xb11ca	0x270b	0xec46	0x3ce9	0xe83c	0xa01	0xeb80	0b2746	exact							
2687	0x77b59d07836d	273	0xb11ca	0x26ea4e	0x26ea52	+0x4	tail	0xb1545	183	0x9d495	0xe9ec	0x3c3c	0x1e8	0x800a	0x5eeb	0xd996	ece93c3c	exact							
2688	0x77b59d07836d	183	0x9d495	0x26ea52	0x26ea56	+0x4	tail	0x9d692	168	0x9aa83	0x1e8	0x800a	0x5eeb	0xd996	0x15d4	0x68	e8010a80	exact							
2689	0x77b59d07836d	168	0x9aa83	0x26ea56	0x26ea5a	+0x4	tail	0x9af16	340	0xbf435	0x5eeb	0xd996	0x15d4	0x68	0x3d00	0x7d01	eb5e96d9	exact							
2690	0x77b59d07836d	340	0xbf435	0x26ea5a	0x26ea5e	+0x4	tail	0xbf886	269	0xb045b	0x15d4	0x68	0x3d00	0x7d01	0x92b5	0x91dc	d4156800	exact							
2691	0x77b59d07836d	269	0xb045b	0x26ea5e	0x26ea63	+0x5	tail	0xb092e	352	0xc1ec4	0x3d00	0x7d01	0x92b5	0x91dc	0xb12d	0x483e	003d017db5	exact							
2692	0x77b59d07836d	352	0xc1ec4	0x26ea63	0x26ea65	+0x2	tail	0xc21c0	307	0xb8064	0xdc92	0x2d91	0x3eb1	0x8148	0x9610	0xffa5	92dc	exact							
2693	0x77b59d07836d	307	0xb8064	0x26ea65	0x26ea68	+0x3	tail	0xb837a	239	0xa991e	0x2d91	0x3eb1	0x8148	0x9610	0xffa5	0x68c7	912db1	exact							
2694	0x77b59d07836d	239	0xa991e	0x26ea68	0x26ea6e	+0x6	tail	0xa9cf4	157	0x98a9a	0x483e	0x1081	0xa596	0xc7ff	0x68	0x6fd2	3e48811096a5	exact							
2695	0x77b59d07836d	157	0x98a9a	0x26ea6e	0x26ea72	+0x4	tail	0x99026	114	0x90319	0xc7ff	0x68	0x6fd2	0x2bd3	0xe0d5	0x3d00	ffc76800	exact							
2696	0x77b59d07836d	114	0x90319	0x26ea72	0x26ea76	+0x4	tail	0x90893	37	0x80685	0x6fd2	0x2bd3	0xe0d5	0x3d00	0xb801	0x3ad4	d26fd32b	exact							
2697	0x77b59d07836d	37	0x80685	0x26ea76	0x26ea7b	+0x5	tail	0x80d77	352	0xc1ec4	0xe0d5	0x3d00	0xb801	0x3ad4	0xc17b	0x1e79	d5e0003d01	exact							
2698	0x77b59d07836d	352	0xc1ec4	0x26ea7b	0x26ea7d	+0x2	tail	0xc21c0	128	0x9299b	0xd4b8	0x7b3a	0x79c1	0x2b1e	0xa68f	0xf3b8	b8d4	exact							
2699	0x77b59d07836d	128	0x9299b	0x26ea7d	0x26ea82	+0x5	tail	0x92f1f	199	0xa0631	0x7b3a	0x79c1	0x2b1e	0xa68f	0xf3b8	0x7031	3a7bc1791e	exact							
2700	0x77b59d07836d	199	0xa0631	0x26ea82	0x26ea85	+0x3	tail	0xa0a9c	258	0xadf2c	0x8f2b	0xb8a6	0x31f3	0xa770	0xf377	0xca01	2b8fa6	exact							
2701	0x77b59d07836d	258	0xadf2c	0x26ea85	0x26ea89	+0x4	tail	0xae32f	43	0x8173d	0xf3b8	0x7031	0x77a7	0x1f3	0x84ca	0x13d	b8f33170	exact							
2702	0x77b59d07836d	43	0x8173d	0x26ea89	0x26ea8d	+0x4	tail	0x81b7c	79	0x885b0	0x77a7	0x1f3	0x84ca	0x13d	0xd300	0x8d88	a777f301	exact							
2703	0x77b59d07836d	79	0x885b0	0x26ea8d	0x26ea92	+0x5	tail	0x88a55	173	0x9ba74	0x84ca	0x13d	0xd300	0x8d88	0xe86e	0x64f2	ca843d0100	exact							
2704	0x77b59d07836d	173	0x9ba74	0x26ea92	0x26ea94	+0x2	tail	0x9bd8c	297	0xb64d7	0x88d3	0x6e8d	0xf2e8	0x2564	0xa6f9	0x4763	d388	exact							
2705	0x77b59d07836d	297	0xb64d7	0x26ea94	0x26ea97	+0x3	tail	0xb68ff	196	0x9fbcd	0x6e8d	0xf2e8	0x2564	0xa6f9	0x4763	0xd0ef	8d6ee8	exact							
2706	0x77b59d07836d	196	0x9fbcd	0x26ea97	0x26ea9b	+0x4	tail	0xa0068	64	0x85059	0x64f2	0xf925	0x63a6	0xef47	0xb0d0	0xf517	f26425f9	exact							
2707	0x77b59d07836d	64	0x85059	0x26ea9b	0x26ea9f	+0x4	tail	0x8536e	124	0x91e81	0x63a6	0xef47	0xb0d0	0xf517	0xc793	0x795a	a66347ef	exact							
2708	0x77b59d07836d	124	0x91e81	0x26ea9f	0x26eaa5	+0x6	tail	0x922c1	192	0x9f00a	0xb0d0	0xf517	0xc793	0x795a	0x13d	0x802f	d0b017f593c7	exact							
2709	0x77b59d07836d	192	0x9f00a	0x26eaa5	0x26eaaa	+0x5	tail	0x9f779	352	0xc1ec4	0x795a	0x13d	0x802f	0x36eb	0x1cda	0xd067	5a793d012f	exact							
2710	0x77b59d07836d	352	0xc1ec4	0x26eaaa	0x26eaac	+0x2	tail	0xc21c0	345	0xc02e4	0xeb80	0xda36	0x671c	0x17d0	0xde49	0x9024	80eb	exact							
2711	0x77b59d07836d	345	0xc02e4	0x26eaac	0x26eab2	+0x6	tail	0xc0532	196	0x9fbcd	0xda36	0x671c	0x17d0	0xde49	0x9024	0xeef6	36da1c67d017	exact							
2712	0x77b59d07836d	196	0x9fbcd	0x26eab2	0x26eab6	+0x4	tail	0xa0068	64	0x85059	0xde49	0x9024	0xeef6	0x45be	0xcd15	0x91a9	49de2490	exact							
2713	0x77b59d07836d	64	0x85059	0x26eab6	0x26eaba	+0x4	tail	0x8536e	307	0xb8064	0xeef6	0x45be	0xcd15	0x91a9	0xc2	0x13d	f6eebe45	exact							
2714	0x77b59d07836d	307	0xb8064	0x26eaba	0x26eabd	+0x3	tail	0xb837a	3	0x78c77	0xcd15	0x91a9	0xc2	0x13d	0x9077	0x540	15cda9	exact							
2715	0x77b59d07836d	3	0x78c77	0x26eabd	0x26eac2	+0x5	tail	0x792f5	144	0x95887	0xc291	0x3d00	0x7701	0x4090	0x7905	0x6174	91c2003d01	exact							
2716	0x77b59d07836d	144	0x95887	0x26eac2	0x26eac4	+0x2	tail	0x95b59	28	0x7e390	0x9077	0x540	0x7479	0x9261	0x80d8	0x1	7790	exact							
2717	0x77b59d07836d	28	0x7e390	0x26eac4	0x26eac7	+0x3	tail	0x7e7ca	168	0x9aa83	0x540	0x7479	0x9261	0x80d8	0x1	0xac40	400579	exact							
2718	0x77b59d07836d	168	0x9aa83	0x26eac7	0x26eacb	+0x4	tail	0x9af16	345	0xc02e4	0x6174	0xd892	0x180	0x4000	0x55ac	0x3e1	746192d8	exact							
2719	0x77b59d07836d	345	0xc02e4	0x26eacb	0x26ead1	+0x6	tail	0xc0532	64	0x85059	0x180	0x4000	0x55ac	0x3e1	0x651d	0x209e	80010040ac55	exact							
2720	0x77b59d07836d	64	0x85059	0x26ead1	0x26ead5	+0x4	tail	0x8536e	79	0x885b0	0x3e1	0x651d	0x209e	0x13d	0x4900	0x369f	e1031d65	exact							
2721	0x77b59d07836d	79	0x885b0	0x26ead5	0x26eada	+0x5	tail	0x88a55	256	0xad849	0x209e	0x13d	0x4900	0x369f	0x8e03	0x30b0	9e203d0100	exact							
2722	0x77b59d07836d	256	0xad849	0x26eada	0x26eadc	+0x2	tail	0xadbfa	260	0xae90b	0x9f49	0x336	0xb08e	0x8a30	0x9ea	0x842e	499f	exact							
2723	0x77b59d07836d	260	0xae90b	0x26eadc	0x26eae0	+0x4	tail	0xaeda0	337	0xbec0e	0x336	0xb08e	0x8a30	0x9ea	0x842e	0x683e	36038eb0	exact							
2724	0x77b59d07836d	337	0xbec0e	0x26eae0	0x26eae4	+0x4	tail	0xbf126	268	0xb0007	0x8a30	0x9ea	0x842e	0x683e	0xce5a	0xbd	308aea09	exact							
2725	0x77b59d07836d	268	0xb0007	0x26eae4	0x26eae8	+0x4	tail	0xb0458	199	0xa0631	0x842e	0x683e	0xce5a	0xbd	0x13d	0xc3ff	2e843e68	exact							
2726	0x77b59d07836d	199	0xa0631	0x26eae8	0x26eaeb	+0x3	tail	0xa0a9c	269	0xb045b	0xce5a	0xbd	0x13d	0xc3ff	0xb07f	0xaa0	5acebd	exact							
2727	0x77b59d07836d	269	0xb045b	0x26eaeb	0x26eaf0	+0x5	tail	0xb092e	257	0xadbfd	0x3d00	0xff01	0x7fc3	0xa0b0	0xfc0a	0x6d74	003d01ffc3	exact							
2728	0x77b59d07836d	257	0xadbfd	0x26eaf0	0x26eaf2	+0x2	tail	0xadf29	28	0x7e390	0xb07f	0xaa0	0x74fc	0xb36d	0x9d00	0xe877	7fb0	exact							
2729	0x77b59d07836d	28	0x7e390	0x26eaf2	0x26eaf5	+0x3	tail	0x7e7ca	340	0xbf435	0xaa0	0x74fc	0xb36d	0x9d00	0xe877	0x8401	a00afc	exact							
2730	0x77b59d07836d	340	0xbf435	0x26eaf5	0x26eaf9	+0x4	tail	0xbf886	161	0x9975a	0x6d74	0xb3	0x779d	0x1e8	0x5784	0x1e97	746db300	exact							
2731	0x77b59d07836d	161	0x9975a	0x26eaf9	0x26eafd	+0x4	tail	0x99b3a	297	0xb64d7	0x779d	0x1e8	0x5784	0x1e97	0xca2c	0xe88a	9d77e801	exact							
2732	0x77b59d07836d	297	0xb64d7	0x26eafd	0x26eb00	+0x3	tail	0xb68ff	347	0xc088d	0x5784	0x1e97	0xca2c	0xe88a	0x1d01	0xe820	845797	exact							
2733	0x77b59d07836d	347	0xc088d	0x26eb00	0x26eb04	+0x4	tail	0xc0d7b	158	0x99029	0x2c1e	0x8aca	0x1e8	0x201d	0x1e8	0x13d	1e2cca8a	exact							
2734	0x77b59d07836d	158	0x99029	0x26eb04	0x26eb08	+0x4	tail	0x992ca	40	0x8115d	0x1e8	0x201d	0x1e8	0x13d	0x93a7	0x57f3	e8011d20	exact							
2735	0x77b59d07836d	40	0x8115d	0x26eb08	0x26eb0e	+0x6	tail	0x8129b	189	0x9e7af	0x1e8	0x13d	0x93a7	0x57f3	0xe564	0x508	e8013d01a793	exact							
2736	0x77b59d07836d	189	0x9e7af	0x26eb0e	0x26eb12	+0x4	tail	0x9eac9	28	0x7e390	0x57f3	0xe564	0x508	0x7e70	0xe871	0x5f01	f35764e5	exact							
2737	0x77b59d07836d	28	0x7e390	0x26eb12	0x26eb15	+0x3	tail	0x7e7ca	161	0x9975a	0x508	0x7e70	0xe871	0x5f01	0xe055	0x139a	080570	exact							
2738	0x77b59d07836d	161	0x9975a	0x26eb15	0x26eb19	+0x4	tail	0x99b3a	114	0x90319	0x717e	0x1e8	0x555f	0x9ae0	0x6913	0xc2f6	7e71e801	exact							
2739	0x77b59d07836d	114	0x90319	0x26eb19	0x26eb1d	+0x4	tail	0x90893	199	0xa0631	0x555f	0x9ae0	0x6913	0xc2f6	0xe84a	0x3a01	5f55e09a	exact							
2740	0x77b59d07836d	199	0xa0631	0x26eb1d	0x26eb20	+0x3	tail	0xa0a9c	123	0x91a59	0x6913	0xc2f6	0xe84a	0x3a01	0xc7b	0xbad1	1369f6	exact							
2741	0x77b59d07836d	123	0x91a59	0x26eb20	0x26eb24	+0x4	tail	0x91e7f	189	0x9e7af	0x4ac2	0x1e8	0x7b3a	0xd10c	0x35ba	0xe8af	c24ae801	exact							
2742	0x77b59d07836d	189	0x9e7af	0x26eb24	0x26eb28	+0x4	tail	0x9eac9	307	0xb8064	0x7b3a	0xd10c	0x35ba	0xe8af	0xfa01	0x9840	3a7b0cd1	exact							
2743	0x77b59d07836d	307	0xb8064	0x26eb28	0x26eb2b	+0x3	tail	0xb837a	176	0x9c10b	0x35ba	0xe8af	0xfa01	0x9840	0x9178	0x1757	ba35af	exact							
2744	0x77b59d07836d	176	0x9c10b	0x26eb2b	0x26eb2f	+0x4	tail	0x9c3f4	337	0xbec0e	0x1e8	0x40fa	0x7898	0x5791	0xae17	0xe21a	e801fa40	exact							
2745	0x77b59d07836d	337	0xbec0e	0x26eb2f	0x26eb33	+0x4	tail	0xbf126	199	0xa0631	0x7898	0x5791	0xae17	0xe21a	0xe83b	0x4a01	98789157	exact							
2746	0x77b59d07836d	199	0xa0631	0x26eb33	0x26eb36	+0x3	tail	0xa0a9c	184	0x9d694	0xae17	0xe21a	0xe83b	0x4a01	0xabb5	0xa68f	17ae1a	exact							
2747	0x77b59d07836d	184	0x9d694	0x26eb36	0x26eb3a	+0x4	tail	0x9d961	307	0xb8064	0x3be2	0x1e8	0xb54a	0x8fab	0xf7a6	0xb300	e23be801	exact							
2748	0x77b59d07836d	307	0xb8064	0x26eb3a	0x26eb3d	+0x3	tail	0xb837a	64	0x85059	0xb54a	0x8fab	0xf7a6	0xb300	0xe834	0x8f01	4ab5ab	exact							
2749	0x77b59d07836d	64	0x85059	0x26eb3d	0x26eb41	+0x4	tail	0x8536e	174	0x9bd8f	0xa68f	0xf7	0x34b3	0x1e8	0x7e8f	0x607a	8fa6f700	exact							
2750	0x77b59d07836d	174	0x9bd8f	0x26eb41	0x26eb45	+0x4	tail	0x9c08c	199	0xa0631	0x34b3	0x1e8	0x7e8f	0x607a	0x828b	0xe802	b334e801	exact							
2751	0x77b59d07836d	199	0xa0631	0x26eb45	0x26eb48	+0x3	tail	0xa0a9c	347	0xc088d	0x7e8f	0x607a	0x828b	0xe802	0xf01	0x9d45	8f7e7a	exact							
2752	0x77b59d07836d	347	0xc088d	0x26eb48	0x26eb4c	+0x4	tail	0xc0d7b	176	0x9c10b	0x8b60	0x282	0x1e8	0x450f	0x839d	0x982a	608b8202	exact							
2753	0x77b59d07836d	176	0x9c10b	0x26eb4c	0x26eb50	+0x4	tail	0x9c3f4	18	0x7be9b	0x1e8	0x450f	0x839d	0x982a	0xf56	0xfd9f	e8010f45	exact							
2754	0x77b59d07836d	18	0x7be9b	0x26eb50	0x26eb53	+0x3	tail	0x7c308	114	0x90319	0x839d	0x982a	0xf56	0xfd9f	0xe877	0xa401	9d832a	exact							
2755	0x77b59d07836d	114	0x90319	0x26eb53	0x26eb57	+0x4	tail	0x90893	161	0x9975a	0x5698	0x9f0f	0x77fd	0x1e8	0xa9a4	0xa061	98560f9f	exact							
2756	0x77b59d07836d	161	0x9975a	0x26eb57	0x26eb5b	+0x4	tail	0x99b3a	337	0xbec0e	0x77fd	0x1e8	0xa9a4	0xa061	0x835d	0x306c	fd77e801	exact							
2757	0x77b59d07836d	337	0xbec0e	0x26eb5b	0x26eb5f	+0x4	tail	0xbf126	66	0x855ff	0xa9a4	0xa061	0x835d	0x306c	0xe82c	0xb001	a4a961a0	exact							
2758	0x77b59d07836d	66	0x855ff	0x26eb5f	0x26eb62	+0x3	tail	0x859f9	123	0x91a59	0x835d	0x306c	0xe82c	0xb001	0x4493	0x899	5d836c	exact							
2759	0x77b59d07836d	123	0x91a59	0x26eb62	0x26eb66	+0x4	tail	0x91e7f	337	0xbec0e	0x2c30	0x1e8	0x93b0	0x9944	0x508	0x281	302ce801	exact							
2760	0x77b59d07836d	337	0xbec0e	0x26eb66	0x26eb6a	+0x4	tail	0xbf126	28	0x7e390	0x93b0	0x9944	0x508	0x281	0xe84e	0x201	b0934499	exact							
2761	0x77b59d07836d	28	0x7e390	0x26eb6a	0x26eb6d	+0x3	tail	0x7e7ca	161	0x9975a	0x508	0x281	0xe84e	0x201	0xa40b	0x3deb	080581	exact							
2762	0x77b59d07836d	161	0x9975a	0x26eb6d	0x26eb71	+0x4	tail	0x99b3a	18	0x7be9b	0x4e02	0x1e8	0xb02	0xeba4	0x4b3d	0xe889	024ee801	exact							
2763	0x77b59d07836d	18	0x7be9b	0x26eb71	0x26eb74	+0x3	tail	0x7c308	347	0xc088d	0xb02	0xeba4	0x4b3d	0xe889	0x7a01	0xff39	020ba4	exact							
2764	0x77b59d07836d	347	0xc088d	0x26eb74	0x26eb78	+0x4	tail	0xc0d7b	158	0x99029	0x3deb	0x894b	0x1e8	0x397a	0x45ff	0x29ad	eb3d4b89	exact							
2765	0x77b59d07836d	158	0x99029	0x26eb78	0x26eb7c	+0x4	tail	0x992ca	307	0xb8064	0x1e8	0x397a	0x45ff	0x29ad	0x5615	0x135a	e8017a39	exact							
2766	0x77b59d07836d	307	0xb8064	0x26eb7c	0x26eb7f	+0x3	tail	0xb837a	114	0x90319	0x45ff	0x29ad	0x5615	0x135a	0xe8bd	0xba01	ff45ad	exact							
2767	0x77b59d07836d	114	0x90319	0x26eb7f	0x26eb83	+0x4	tail	0x90893	174	0x9bd8f	0x1529	0x5a56	0xbd13	0x1e8	0x3dba	0xffb4	2915565a	exact							
2768	0x77b59d07836d	174	0x9bd8f	0x26eb83	0x26eb87	+0x4	tail	0x9c08c	307	0xb8064	0xbd13	0x1e8	0x3dba	0xffb4	0x2875	0xe8ff	13bde801	exact							
2769	0x77b59d07836d	307	0xb8064	0x26eb87	0x26eb8a	+0x3	tail	0xb837a	337	0xbec0e	0x3dba	0xffb4	0x2875	0xe8ff	0xdd01	0x89f9	ba3db4	exact							
2770	0x77b59d07836d	337	0xbec0e	0x26eb8a	0x26eb8e	+0x4	tail	0xbf126	158	0x99029	0x75ff	0xff28	0x1e8	0xf9dd	0xad89	0x869c	ff7528ff	exact							
2771	0x77b59d07836d	158	0x99029	0x26eb8e	0x26eb92	+0x4	tail	0x992ca	66	0x855ff	0x1e8	0xf9dd	0xad89	0x869c	0xb899	0xf1dd	e801ddf9	exact							
2772	0x77b59d07836d	66	0x855ff	0x26eb92	0x26eb95	+0x3	tail	0x859f9	114	0x90319	0xad89	0x869c	0xb899	0xf1dd	0xe878	0x2801	89ad9c	exact							
2773	0x77b59d07836d	114	0x90319	0x26eb95	0x26eb99	+0x4	tail	0x90893	161	0x9975a	0x9986	0xddb8	0x78f1	0x1e8	0xb328	0xab	8699b8dd	exact							
2774	0x77b59d07836d	161	0x9975a	0x26eb99	0x26eb9d	+0x4	tail	0x99b3a	340	0xbf435	0x78f1	0x1e8	0xb328	0xab	0x570	0xfdc	f178e801	exact							
2775	0x77b59d07836d	340	0xbf435	0x26eb9d	0x26eba1	+0x4	tail	0xbf886	215	0xa4609	0xb328	0xab	0x570	0xfdc	0xe809	0xd801	28b3ab00	exact							
2776	0x77b59d07836d	215	0xa4609	0x26eba1	0x26eba4	+0x3	tail	0xa4a5e	174	0x9bd8f	0x570	0xfdc	0xe809	0xd801	0xfa0a	0xc95	7005dc	exact							
2777	0x77b59d07836d	174	0x9bd8f	0x26eba4	0x26eba8	+0x4	tail	0x9c08c	28	0x7e390	0x90f	0x1e8	0xad8	0x95fa	0x210c	0x34a4	0f09e801	exact							
2778	0x77b59d07836d	28	0x7e390	0x26eba8	0x26ebab	+0x3	tail	0x7e7ca	347	0xc088d	0xad8	0x95fa	0x210c	0x34a4	0xe86a	0xd601	d80afa	exact							
2779	0x77b59d07836d	347	0xc088d	0x26ebab	0x26ebaf	+0x4	tail	0xc0d7b	174	0x9bd8f	0xc95	0xa421	0x6a34	0x1e8	0xffd6	0x26	950c21a4	exact							
2780	0x77b59d07836d	174	0x9bd8f	0x26ebaf	0x26ebb3	+0x4	tail	0x9c08c	311	0xb86f8	0x6a34	0x1e8	0xffd6	0x26	0x80	0xfd00	346ae801	exact							
2781	0x77b59d07836d	311	0xb86f8	0x26ebb3	0x26ebbd	+0xa	dispatch	0xc80b9	169	0x9af18	0xffd6	0x26	0x80	0xfd00	0x1	0xab	d6ff2600800000fd0100	exact		0x88bf1241		0xceebcfb8			0x3a
2782	0x77b59d07836d	169	0x9af18	0x26ebbd	0x26ebc1	+0x4	tail	0x9b0c5	171	0x9b4b3	0xab	0x1e8	0x151	0x93e8	0x99	0xcf63	ab00e801	exact	0x88bf1241		0xceebcfb8			0x3a	
2783	0x77b59d07836d	171	0x9b4b3	0x26ebc1	0x26ebc3	+0x2	tail	0x9b687	337	0xbec0e	0x151	0x93e8	0x99	0xcf63	0x99	0xb0d0	5101	exact							
2784	0x77b59d07836d	337	0xbec0e	0x26ebc3	0x26ebc7	+0x4	tail	0xbf126	333	0xbd8af	0x93e8	0x99	0xcf63	0x99	0xb0d0	0x3622	e8939900	exact							
2785	0x77b59d07836d	333	0xbd8af	0x26ebc7	0x26ebcb	+0x4	tail	0xbdd16	18	0x7be9b	0xcf63	0x99	0xb0d0	0x3622	0xe800	0xc801	63cf9900	exact							
2786	0x77b59d07836d	18	0x7be9b	0x26ebcb	0x26ebce	+0x3	tail	0x7c308	26	0x7dbbb	0xb0d0	0x3622	0xe800	0xc801	0x3e22	0x9494	d0b022	exact							
2787	0x77b59d07836d	26	0x7dbbb	0x26ebce	0x26ebd2	+0x4	tail	0x7dfbd	18	0x7be9b	0x36	0x1e8	0x22c8	0x943e	0xf394	0xfff2	3600e801	exact							
2788	0x77b59d07836d	18	0x7be9b	0x26ebd2	0x26ebd5	+0x3	tail	0x7c308	337	0xbec0e	0x22c8	0x943e	0xf394	0xfff2	0x8790	0x7e96	c8223e	exact							
2789	0x77b59d07836d	337	0xbec0e	0x26ebd5	0x26ebd9	+0x4	tail	0xbf126	203	0xa1484	0x9494	0xf2f3	0x90ff	0x9687	0x2d7e	0x1e8	9494f3f2	exact							
2790	0x77b59d07836d	203	0xa1484	0x26ebd9	0x26ebdd	+0x4	tail	0xa1936	287	0xb45d2	0x90ff	0x9687	0x2d7e	0x1e8	0xb11e	0xa240	ff908796	exact							
2791	0x77b59d07836d	287	0xb45d2	0x26ebdd	0x26ebe1	+0x4	tail	0xb497e	189	0x9e7af	0x2d7e	0x1e8	0xb11e	0xa240	0x560	0x9a0c	7e2de801	exact							
2792	0x77b59d07836d	189	0x9e7af	0x26ebe1	0x26ebe5	+0x4	tail	0x9eac9	28	0x7e390	0xb11e	0xa240	0x560	0x9a0c	0xab2e	0x6d0d	1eb140a2	exact							
2793	0x77b59d07836d	28	0x7e390	0x26ebe5	0x26ebe8	+0x3	tail	0x7e7ca	172	0x9b68a	0x560	0x9a0c	0xab2e	0x6d0d	0xe818	0xaf01	60050c	exact							
2794	0x77b59d07836d	172	0x9b68a	0x26ebe8	0x26ebec	+0x4	tail	0x9ba72	243	0xaab6a	0x2e9a	0xdab	0x186d	0x1e8	0x91af	0x6f60	9a2eab0d	exact							
2795	0x77b59d07836d	243	0xaab6a	0x26ebec	0x26ebf0	+0x4	tail	0xaaf3c	337	0xbec0e	0x186d	0x1e8	0x91af	0x6f60	0x443	0x68be	6d18e801	exact							
2796	0x77b59d07836d	337	0xbec0e	0x26ebf0	0x26ebf4	+0x4	tail	0xbf126	268	0xb0007	0x91af	0x6f60	0x443	0x68be	0x9d8	0xe85f	af91606f	exact							
2797	0x77b59d07836d	268	0xb0007	0x26ebf4	0x26ebf8	+0x4	tail	0xb0458	215	0xa4609	0x443	0x68be	0x9d8	0xe85f	0x1101	0xf2f8	4304be68	exact							
2798	0x77b59d07836d	215	0xa4609	0x26ebf8	0x26ebfb	+0x3	tail	0xa4a5e	315	0xb9451	0x9d8	0xe85f	0x1101	0xf2f8	0x1281	0x896b	d8095f	exact							
2799	0x77b59d07836d	315	0xb9451	0x26ebfb	0x26ebff	+0x4	tail	0xb9878	268	0xb0007	0x1e8	0xf811	0x81f2	0x6b12	0xbd89	0xef83	e80111f8	exact							
2800	0x77b59d07836d	268	0xb0007	0x26ebff	0x26ec03	+0x4	tail	0xb0458	297	0xb64d7	0x81f2	0x6b12	0xbd89	0xef83	0x6787	0x6901	f281126b	exact							
2801	0x77b59d07836d	297	0xb64d7	0x26ec03	0x26ec06	+0x3	tail	0xb68ff	347	0xc088d	0xbd89	0xef83	0x6787	0x6901	0xe8c3	0x2501	89bd83	exact							
2802	0x77b59d07836d	347	0xc088d	0x26ec06	0x26ec0a	+0x4	tail	0xc0d7b	346	0xc0535	0x87ef	0x167	0xc369	0x1e8	0x7b25	0xc632	ef876701	exact							
2803	0x77b59d07836d	346	0xc0535	0x26ec0a	0x26ec0e	+0x4	tail	0xc088b	258	0xadf2c	0xc369	0x1e8	0x7b25	0xc632	0x671a	0xd452	69c3e801	exact							
2804	0x77b59d07836d	258	0xadf2c	0x26ec0e	0x26ec12	+0x4	tail	0xae32f	168	0x9aa83	0x7b25	0xc632	0x671a	0xd452	0xeae3	0xeab6	257b32c6	exact							
2805	0x77b59d07836d	168	0x9aa83	0x26ec12	0x26ec16	+0x4	tail	0x9af16	199	0xa0631	0x671a	0xd452	0xeae3	0xeab6	0xe84f	0x401	1a6752d4	exact							
2806	0x77b59d07836d	199	0xa0631	0x26ec16	0x26ec19	+0x3	tail	0xa0a9c	287	0xb45d2	0xeae3	0xeab6	0xe84f	0x401	0x68b9	0x91ce	e3eab6	exact							
2807	0x77b59d07836d	287	0xb45d2	0x26ec19	0x26ec1d	+0x4	tail	0xb497e	43	0x8173d	0x4fea	0x1e8	0xb904	0xce68	0x7091	0x2a0e	ea4fe801	exact							
2808	0x77b59d07836d	43	0x8173d	0x26ec1d	0x26ec21	+0x4	tail	0x81b7c	114	0x90319	0xb904	0xce68	0x7091	0x2a0e	0xd0	0x76c6	04b968ce	exact							
2809	0x77b59d07836d	114	0x90319	0x26ec21	0x26ec25	+0x4	tail	0x90893	28	0x7e390	0x7091	0x2a0e	0xd0	0x76c6	0xe823	0xf801	91700e2a	exact							
2810	0x77b59d07836d	28	0x7e390	0x26ec25	0x26ec28	+0x3	tail	0x7e7ca	26	0x7dbbb	0xd0	0x76c6	0xe823	0xf801	0xbe13	0x8012	d000c6	exact							
2811	0x77b59d07836d	26	0x7dbbb	0x26ec28	0x26ec2c	+0x4	tail	0x7dfbd	18	0x7be9b	0x2376	0x1e8	0x13f8	0x12be	0x4c80	0xbf00	7623e801	exact							
2812	0x77b59d07836d	18	0x7be9b	0x26ec2c	0x26ec2f	+0x3	tail	0x7c308	347	0xc088d	0x13f8	0x12be	0x4c80	0xbf00	0x38fa	0x5100	f813be	exact							
2813	0x77b59d07836d	347	0xc088d	0x26ec2f	0x26ec33	+0x4	tail	0xc0d7b	333	0xbd8af	0x8012	0x4c	0xfabf	0x38	0xef51	0x1e8	12804c00	exact							
2814	0x77b59d07836d	333	0xbd8af	0x26ec33	0x26ec37	+0x4	tail	0xbdd16	346	0xc0535	0xfabf	0x38	0xef51	0x1e8	0xe0cf	0x13	bffa3800	exact							
2815	0x77b59d07836d	346	0xc0535	0x26ec37	0x26ec3b	+0x4	tail	0xc088b	333	0xbd8af	0xef51	0x1e8	0xe0cf	0x13	0x5e8	0x5c84	51efe801	exact							
2816	0x77b59d07836d	333	0xbd8af	0x26ec3b	0x26ec3f	+0x4	tail	0xbdd16	28	0x7e390	0xe0cf	0x13	0x5e8	0x5c84	0xe86f	0xf49a	cfe01300	exact							
2817	0x77b59d07836d	28	0x7e390	0x26ec3f	0x26ec42	+0x3	tail	0x7e7ca	189	0x9e7af	0x5e8	0x5c84	0xe86f	0xf49a	0xe8bb	0x6c01	e80584	exact							
2818	0x77b59d07836d	189	0x9e7af	0x26ec42	0x26ec46	+0x4	tail	0x9eac9	305	0xb78b0	0x6f5c	0x9ae8	0xbbf4	0x1e8	0x196c	0x19d	5c6fe89a	exact							
2819	0x77b59d07836d	305	0xb78b0	0x26ec46	0x26ec4a	+0x4	tail	0xb7bb8	340	0xbf435	0xbbf4	0x1e8	0x196c	0x19d	0x560	0x8f6e	f4bbe801	exact							
2820	0x77b59d07836d	340	0xbf435	0x26ec4a	0x26ec4e	+0x4	tail	0xbf886	28	0x7e390	0x196c	0x19d	0x560	0x8f6e	0xab7a	0x7d0d	6c199d01	exact							
2821	0x77b59d07836d	28	0x7e390	0x26ec4e	0x26ec51	+0x3	tail	0x7e7ca	172	0x9b68a	0x560	0x8f6e	0xab7a	0x7d0d	0xe891	0x7a01	60056e	exact							
2822	0x77b59d07836d	172	0x9b68a	0x26ec51	0x26ec55	+0x4	tail	0x9ba72	243	0xaab6a	0x7a8f	0xdab	0x917d	0x1e8	0x9d7a	0x47af	8f7aab0d	exact							
2823	0x77b59d07836d	243	0xaab6a	0x26ec55	0x26ec59	+0x4	tail	0xaaf3c	307	0xb8064	0x917d	0x1e8	0x9d7a	0x47af	0xe401	0x78e1	7d91e801	exact							
2824	0x77b59d07836d	307	0xb8064	0x26ec59	0x26ec5c	+0x3	tail	0xb837a	189	0x9e7af	0x9d7a	0x47af	0xe401	0x78e1	0x36c8	0x7063	7a9daf	exact							
2825	0x77b59d07836d	189	0x9e7af	0x26ec5c	0x26ec60	+0x4	tail	0x9eac9	268	0xb0007	0x147	0xe1e4	0xc878	0x6336	0xe470	0x1e8	4701e4e1	exact							
2826	0x77b59d07836d	268	0xb0007	0x26ec60	0x26ec64	+0x4	tail	0xb0458	26	0x7dbbb	0xc878	0x6336	0xe470	0x1e8	0x2f2c	0x356e	78c83663	exact							
2827	0x77b59d07836d	26	0x7dbbb	0x26ec64	0x26ec68	+0x4	tail	0x7dfbd	66	0x855ff	0xe470	0x1e8	0x2f2c	0x356e	0x654a	0xd76b	70e4e801	exact							
2828	0x77b59d07836d	66	0x855ff	0x26ec68	0x26ec6b	+0x3	tail	0x859f9	258	0xadf2c	0x2f2c	0x356e	0x654a	0xd76b	0x9121	0x2000	2c2f6e	exact							
2829	0x77b59d07836d	258	0xadf2c	0x26ec6b	0x26ec6f	+0x4	tail	0xae32f	157	0x98a9a	0x4a35	0x6b65	0x21d7	0x91	0x8b20	0x1e8	354a656b	exact							
2830	0x77b59d07836d	157	0x98a9a	0x26ec6f	0x26ec73	+0x4	tail	0x99026	305	0xb78b0	0x21d7	0x91	0x8b20	0x1e8	0x7c9	0xe914	d7219100	exact							
2831	0x77b59d07836d	305	0xb78b0	0x26ec73	0x26ec77	+0x4	tail	0xb7bb8	189	0x9e7af	0x8b20	0x1e8	0x7c9	0xe914	0x2358	0x5dba	208be801	exact							
2832	0x77b59d07836d	189	0x9e7af	0x26ec77	0x26ec7b	+0x4	tail	0x9eac9	18	0x7be9b	0x7c9	0xe914	0x2358	0x5dba	0x395d	0xf20	c90714e9	exact							
2833	0x77b59d07836d	18	0x7be9b	0x26ec7b	0x26ec7e	+0x3	tail	0x7c308	43	0x8173d	0x2358	0x5dba	0x395d	0xf20	0xe8e9	0xc901	5823ba	exact							
2834	0x77b59d07836d	43	0x8173d	0x26ec7e	0x26ec82	+0x4	tail	0x81b7c	305	0xb78b0	0x5d5d	0x2039	0xe90f	0x1e8	0x2ec9	0x24eb	5d5d3920	exact							
2835	0x77b59d07836d	305	0xb78b0	0x26ec82	0x26ec86	+0x4	tail	0xb7bb8	297	0xb64d7	0xe90f	0x1e8	0x2ec9	0x24eb	0x90e2	0xce9c	0fe9e801	exact							
2836	0x77b59d07836d	297	0xb64d7	0x26ec86	0x26ec89	+0x3	tail	0xb68ff	43	0x8173d	0x2ec9	0x24eb	0x90e2	0xce9c	0x6289	0x2001	c92eeb	exact							
2837	0x77b59d07836d	43	0x8173d	0x26ec89	0x26ec8d	+0x4	tail	0x81b7c	347	0xc088d	0xe224	0x9c90	0x89ce	0x162	0x5420	0x1e8	24e2909c	exact							
2838	0x77b59d07836d	347	0xc088d	0x26ec8d	0x26ec91	+0x4	tail	0xc0d7b	26	0x7dbbb	0x89ce	0x162	0x5420	0x1e8	0x64b8	0x63b6	ce896201	exact							
2839	0x77b59d07836d	26	0x7dbbb	0x26ec91	0x26ec95	+0x4	tail	0x7dfbd	268	0xb0007	0x5420	0x1e8	0x64b8	0x63b6	0x289d	0x161a	2054e801	exact							
2840	0x77b59d07836d	268	0xb0007	0x26ec95	0x26ec99	+0x4	tail	0xb0458	18	0x7be9b	0x64b8	0x63b6	0x289d	0x161a	0xcd2	0x4a9	b864b663	exact							
2841	0x77b59d07836d	18	0x7be9b	0x26ec99	0x26ec9c	+0x3	tail	0x7c308	258	0xadf2c	0x289d	0x161a	0xcd2	0x4a9	0xe898	0x1901	9d281a	exact							
2842	0x77b59d07836d	258	0xadf2c	0x26ec9c	0x26eca0	+0x4	tail	0xae32f	287	0xb45d2	0xd216	0xa90c	0x9804	0x1e8	0xa519	0xe504	16d20ca9	exact							
2843	0x77b59d07836d	287	0xb45d2	0x26eca0	0x26eca4	+0x4	tail	0xb497e	297	0xb64d7	0x9804	0x1e8	0xa519	0xe504	0x9ce	0x16b5	0498e801	exact							
2844	0x77b59d07836d	297	0xb64d7	0x26eca4	0x26eca7	+0x3	tail	0xb68ff	43	0x8173d	0xa519	0xe504	0x9ce	0x16b5	0xa8c4	0x36eb	19a504	exact							
2845	0x77b59d07836d	43	0x8173d	0x26eca7	0x26ecab	+0x4	tail	0x81b7c	258	0xadf2c	0xcee5	0xb509	0xc416	0xeba8	0x9236	0x1e8	e5ce09b5	exact							
2846	0x77b59d07836d	258	0xadf2c	0x26ecab	0x26ecaf	+0x4	tail	0xae32f	243	0xaab6a	0xc416	0xeba8	0x9236	0x1e8	0xd395	0x13d	16c4a8eb	exact							
2847	0x77b59d07836d	243	0xaab6a	0x26ecaf	0x26ecb3	+0x4	tail	0xaaf3c	338	0xbf128	0x9236	0x1e8	0xd395	0x13d	0x1e8	0x1e8	3692e801	exact							
2848	0x77b59d07836d	338	0xbf128	0x26ecb3	0x26ecb9	+0x6	tail	0xbf2d3	351	0xc1d48	0xd395	0x13d	0x1e8	0x1e8	0x3807	0x810	95d33d01e801	exact							
2849	0x77b59d07836d	351	0xc1d48	0x26ecb9	0x26ecbe	+0x5	tail	0xc1ec2	337	0xbec0e	0x1e8	0x3807	0x810	0xcfb7	0xca00	0x1adc	e801073810	exact							
2850	0x77b59d07836d	337	0xbec0e	0x26ecbe	0x26ecc2	+0x4	tail	0xbf126	154	0x97ce6	0xb708	0xcf	0xdcca	0x271a	0xfe8b	0x1e8	08b7cf00	exact							
2851	0x77b59d07836d	154	0x97ce6	0x26ecc2	0x26ecc6	+0x4	tail	0x980a9	91	0x8b6de	0xdcca	0x271a	0xfe8b	0x1e8	0x8b0f	0xfee3	cadc1a27	exact							
2852	0x77b59d07836d	91	0x8b6de	0x26ecc6	0x26ecca	+0x4	tail	0x8b8c9	43	0x8173d	0xfe8b	0x1e8	0x8b0f	0xfee3	0xa8f5	0xd8	8bfee801	exact							
2853	0x77b59d07836d	43	0x8173d	0x26ecca	0x26ecce	+0x4	tail	0x81b7c	66	0x855ff	0x8b0f	0xfee3	0xa8f5	0xd8	0x13d	0x39bf	0f8be3fe	exact							
2854	0x77b59d07836d	66	0x855ff	0x26ecce	0x26ecd1	+0x3	tail	0x859f9	220	0xa522e	0xa8f5	0xd8	0x13d	0x39bf	0x28f0	0x5556	f5a8d8	exact							
2855	0x77b59d07836d	220	0xa522e	0x26ecd1	0x26ecd6	+0x5	tail	0xa5886	160	0x994cf	0x3d00	0xbf01	0xf039	0x5628	0xc955	0x3adb	003d01bf39	exact							
2856	0x77b59d07836d	160	0x994cf	0x26ecd6	0x26ecd8	+0x2	tail	0x99757	140	0x94e5a	0x28f0	0x5556	0xdbc9	0x163a	0x1506	0x8600	f028	exact							
2857	0x77b59d07836d	140	0x94e5a	0x26ecd8	0x26ecde	+0x6	tail	0x951c0	297	0xb64d7	0x5556	0xdbc9	0x163a	0x1506	0x8600	0x42c8	5655c9db3a16	exact							
2858	0x77b59d07836d	297	0xb64d7	0x26ecde	0x26ece1	+0x3	tail	0xb68ff	43	0x8173d	0x1506	0x8600	0x42c8	0xf8b1	0x8456	0xe2	061500	exact							
2859	0x77b59d07836d	43	0x8173d	0x26ece1	0x26ece5	+0x4	tail	0x81b7c	189	0x9e7af	0xc886	0xb142	0x56f8	0xe284	0x3d00	0xde01	86c842b1	exact							
2860	0x77b59d07836d	189	0x9e7af	0x26ece5	0x26ece9	+0x4	tail	0x9eac9	320	0xbada5	0x56f8	0xe284	0x3d00	0xde01	0x76a8	0x9b8d	f85684e2	exact							
2861	0x77b59d07836d	320	0xbada5	0x26ece9	0x26ecee	+0x5	tail	0xbb1db	173	0x9ba74	0x3d00	0xde01	0x76a8	0x9b8d	0x3aaf	0x4d2e	003d01dea8	exact							
2862	0x77b59d07836d	173	0x9ba74	0x26ecee	0x26ecf0	+0x2	tail	0x9bd8c	185	0x9d964	0x8d76	0xaf9b	0x2e3a	0xcd4d	0x53a8	0xb26d	768d	exact							
2863	0x77b59d07836d	185	0x9d964	0x26ecf0	0x26ecf3	+0x3	tail	0x9dcab	196	0x9fbcd	0xaf9b	0x2e3a	0xcd4d	0x53a8	0xb26d	0x3a97	9baf3a	exact							
2864	0x77b59d07836d	196	0x9fbcd	0x26ecf3	0x26ecf7	+0x4	tail	0xa0068	337	0xbec0e	0x4d2e	0xa8cd	0x6d53	0x97b2	0xf63a	0xadba	2e4dcda8	exact							
2865	0x77b59d07836d	337	0xbec0e	0x26ecf7	0x26ecfb	+0x4	tail	0xbf126	179	0x9ca8d	0x6d53	0x97b2	0xf63a	0xadba	0x3e55	0x3da4	536db297	exact							
2866	0x77b59d07836d	179	0x9ca8d	0x26ecfb	0x26ed00	+0x5	tail	0x9cf2f	79	0x885b0	0xf63a	0xadba	0x3e55	0x3da4	0x1	0x2be9	3af6baad55	exact							
2867	0x77b59d07836d	79	0x885b0	0x26ed00	0x26ed05	+0x5	tail	0x88a55	160	0x994cf	0xa43e	0x13d	0xe900	0x872b	0x6bf0	0x538b	3ea43d0100	exact							
2868	0x77b59d07836d	160	0x994cf	0x26ed05	0x26ed07	+0x2	tail	0x99757	43	0x8173d	0x2be9	0xf087	0x8b6b	0x3953	0x7631	0xb8de	e92b	exact							
2869	0x77b59d07836d	43	0x8173d	0x26ed07	0x26ed0b	+0x4	tail	0x81b7c	258	0xadf2c	0xf087	0x8b6b	0x3953	0x7631	0xb8de	0xbb86	87f06b8b	exact							
2870	0x77b59d07836d	258	0xadf2c	0x26ed0b	0x26ed0f	+0x4	tail	0xae32f	253	0xacfb1	0x3953	0x7631	0xb8de	0xbb86	0xb34a	0x768	53393176	exact							
2871	0x77b59d07836d	253	0xacfb1	0x26ed0f	0x26ed15	+0x6	tail	0xad329	28	0x7e390	0xb8de	0xbb86	0xb34a	0x768	0x330b	0xceda	deb886bb4ab3	exact							
2872	0x77b59d07836d	28	0x7e390	0x26ed15	0x26ed18	+0x3	tail	0x7e7ca	237	0xa8e1f	0x768	0x330b	0xceda	0x13d	0xab51	0x64f0	68070b	exact							
2873	0x77b59d07836d	237	0xa8e1f	0x26ed18	0x26ed1d	+0x5	tail	0xa94a3	108	0x8f24b	0xda33	0x3dce	0x5101	0xf0ab	0xd364	0xb400	33dace3d01	exact							
2874	0x77b59d07836d	108	0x8f24b	0x26ed1d	0x26ed1f	+0x2	tail	0x8f6cf	340	0xbf435	0xab51	0x64f0	0xd3	0x3cb4	0x462	0x7d91	51ab	exact							
2875	0x77b59d07836d	340	0xbf435	0x26ed1f	0x26ed23	+0x4	tail	0xbf886	268	0xb0007	0x64f0	0xd3	0x3cb4	0x462	0x7d91	0xc8b4	f064d300	exact							
2876	0x77b59d07836d	268	0xb0007	0x26ed23	0x26ed27	+0x4	tail	0xb0458	307	0xb8064	0x3cb4	0x462	0x7d91	0xc8b4	0x90ff	0x7d7e	b43c6204	exact							
2877	0x77b59d07836d	307	0xb8064	0x26ed27	0x26ed2a	+0x3	tail	0xb837a	345	0xc02e4	0x7d91	0xc8b4	0x90ff	0x7d7e	0x19af	0x22	917db4	exact							
2878	0x77b59d07836d	345	0xc02e4	0x26ed2a	0x26ed30	+0x6	tail	0xc0532	3	0x78c77	0xffc8	0x7e90	0xaf7d	0x2219	0x3d00	0x7701	c8ff907e7daf	exact							
2879	0x77b59d07836d	3	0x78c77	0x26ed30	0x26ed35	+0x5	tail	0x792f5	144	0x95887	0x2219	0x3d00	0x7701	0x589b	0xc41a	0xf2ec	1922003d01	exact							
2880	0x77b59d07836d	144	0x95887	0x26ed35	0x26ed37	+0x2	tail	0x95b59	189	0x9e7af	0x9b77	0x1a58	0xecc4	0xa3f2	0xc5d3	0x45c1	779b	exact							
2881	0x77b59d07836d	189	0x9e7af	0x26ed37	0x26ed3b	+0x4	tail	0x9eac9	140	0x94e5a	0x1a58	0xecc4	0xa3f2	0xc5d3	0x45c1	0x560	581ac4ec	exact							
2882	0x77b59d07836d	140	0x94e5a	0x26ed3b	0x26ed41	+0x6	tail	0x951c0	215	0xa4609	0xa3f2	0xc5d3	0x45c1	0x560	0x5352	0x2b59	f2a3d3c5c145	exact							
2883	0x77b59d07836d	215	0xa4609	0x26ed41	0x26ed44	+0x3	tail	0xa4a5e	172	0x9b68a	0x560	0x5352	0x2b59	0x990a	0x24	0x13d	600552	exact							
2884	0x77b59d07836d	172	0x9b68a	0x26ed44	0x26ed48	+0x4	tail	0x9ba72	3	0x78c77	0x5953	0xa2b	0x2499	0x3d00	0xf001	0x402c	53592b0a	exact							
2885	0x77b59d07836d	3	0x78c77	0x26ed48	0x26ed4d	+0x5	tail	0x792f5	160	0x994cf	0x2499	0x3d00	0xf001	0x402c	0x5a28	0x9e68	9924003d01	exact							
2886	0x77b59d07836d	160	0x994cf	0x26ed4d	0x26ed4f	+0x2	tail	0x99757	268	0xb0007	0x2cf0	0x2840	0x685a	0xca9e	0x82a1	0x6ce0	f02c	exact							
2887	0x77b59d07836d	268	0xb0007	0x26ed4f	0x26ed53	+0x4	tail	0xb0458	199	0xa0631	0x2840	0x685a	0xca9e	0x82a1	0x6ce0	0xf02	40285a68	exact							
2888	0x77b59d07836d	199	0xa0631	0x26ed53	0x26ed56	+0x3	tail	0xa0a9c	121	0x91379	0xca9e	0x82a1	0x6ce0	0xf02	0x4ff8	0x2c	9ecaa1	exact							
2889	0x77b59d07836d	121	0x91379	0x26ed56	0x26ed5a	+0x4	tail	0x9170b	64	0x85059	0xe082	0x26c	0xf80f	0x2c4f	0x3d00	0x5301	82e06c02	exact							
2890	0x77b59d07836d	64	0x85059	0x26ed5a	0x26ed5e	+0x4	tail	0x8536e	301	0xb708d	0xf80f	0x2c4f	0x3d00	0x5301	0x9fa4	0x6d1f	0ff84f2c	exact							
2891	0x77b59d07836d	301	0xb708d	0x26ed5e	0x26ed63	+0x5	tail	0xb7583	256	0xad849	0x3d00	0x5301	0x9fa4	0x6d1f	0xa86a	0xc92b	003d0153a4	exact							
2892	0x77b59d07836d	256	0xad849	0x26ed63	0x26ed65	+0x2	tail	0xadbfa	258	0xadf2c	0x1f9f	0x6a6d	0x2ba8	0x8dc9	0x804f	0xe829	9f1f	exact							
2893	0x77b59d07836d	258	0xadf2c	0x26ed65	0x26ed69	+0x4	tail	0xae32f	297	0xb64d7	0x6a6d	0x2ba8	0x8dc9	0x804f	0xe829	0xd701	6d6aa82b	exact							
2894	0x77b59d07836d	297	0xb64d7	0x26ed69	0x26ed6c	+0x3	tail	0xb68ff	123	0x91a59	0x8dc9	0x804f	0xe829	0xd701	0x412c	0xa007	c98d4f	exact							
2895	0x77b59d07836d	123	0x91a59	0x26ed6c	0x26ed70	+0x4	tail	0x91e7f	258	0xadf2c	0x2980	0x1e8	0x2cd7	0x741	0xa0	0xe8e8	8029e801	exact							
2896	0x77b59d07836d	258	0xadf2c	0x26ed70	0x26ed74	+0x4	tail	0xae32f	215	0xa4609	0x2cd7	0x741	0xa0	0xe8e8	0x4701	0xe832	d72c4107	exact							
2897	0x77b59d07836d	215	0xa4609	0x26ed74	0x26ed77	+0x3	tail	0xa4a5e	20	0x7c62b	0xa0	0xe8e8	0x4701	0xe832	0x3d01	0xa001	a000e8	exact							
2898	0x77b59d07836d	20	0x7c62b	0x26ed77	0x26ed7b	+0x4	tail	0x7ca96	40	0x8115d	0x1e8	0x3247	0x1e8	0x13d	0xba0	0x1334	e8014732	exact							
2899	0x77b59d07836d	40	0x8115d	0x26ed7b	0x26ed81	+0x6	tail	0x8129b	340	0xbf435	0x1e8	0x13d	0xba0	0x1334	0xb3	0x9eb0	e8013d01a00b	exact							
2900	0x77b59d07836d	340	0xbf435	0x26ed81	0x26ed85	+0x4	tail	0xbf886	185	0x9d964	0x1334	0xb3	0x9eb0	0x6a3a	0xe8b4	0x3a01	3413b300	exact							
2901	0x77b59d07836d	185	0x9d964	0x26ed85	0x26ed88	+0x3	tail	0x9dcab	184	0x9d694	0x9eb0	0x6a3a	0xe8b4	0x3a01	0x79bf	0x9a00	b09e3a	exact							
2902	0x77b59d07836d	184	0x9d694	0x26ed88	0x26ed8c	+0x4	tail	0x9d961	340	0xbf435	0xb46a	0x1e8	0xbf3a	0x79	0x8d9a	0x1044	6ab4e801	exact							
2903	0x77b59d07836d	340	0xbf435	0x26ed8c	0x26ed90	+0x4	tail	0xbf886	297	0xb64d7	0xbf3a	0x79	0x8d9a	0x1044	0xe8f1	0xd901	3abf7900	exact							
2904	0x77b59d07836d	297	0xb64d7	0x26ed90	0x26ed93	+0x3	tail	0xb68ff	184	0x9d694	0x8d9a	0x1044	0xe8f1	0xd901	0xc63f	0xc90c	9a8d44	exact							
2905	0x77b59d07836d	184	0x9d694	0x26ed93	0x26ed97	+0x4	tail	0x9d961	114	0x90319	0xf110	0x1e8	0x3fd9	0xcc6	0xcbc9	0xe86c	10f1e801	exact							
2906	0x77b59d07836d	114	0x90319	0x26ed97	0x26ed9b	+0x4	tail	0x90893	66	0x855ff	0x3fd9	0xcc6	0xcbc9	0xe86c	0xa501	0x1a50	d93fc60c	exact							
2907	0x77b59d07836d	66	0x855ff	0x26ed9b	0x26ed9e	+0x3	tail	0x859f9	176	0x9c10b	0xcbc9	0xe86c	0xa501	0x1a50	0xbd1b	0x85b	c9cb6c	exact							
2908	0x77b59d07836d	176	0x9c10b	0x26ed9e	0x26eda2	+0x4	tail	0x9c3f4	114	0x90319	0x1e8	0x50a5	0x1b1a	0x5bbd	0x508	0x6104	e801a550	exact							
2909	0x77b59d07836d	114	0x90319	0x26eda2	0x26eda6	+0x4	tail	0x90893	215	0xa4609	0x1b1a	0x5bbd	0x508	0x6104	0xe8d6	0xed01	1a1bbd5b	exact							
2910	0x77b59d07836d	215	0xa4609	0x26eda6	0x26eda9	+0x3	tail	0xa4a5e	161	0x9975a	0x508	0x6104	0xe8d6	0xed01	0xb7d9	0x934b	080504	exact							
2911	0x77b59d07836d	161	0x9975a	0x26eda9	0x26edad	+0x4	tail	0x99b3a	258	0xadf2c	0xd661	0x1e8	0xd9ed	0x4bb7	0xe993	0xd64e	61d6e801	exact							
2912	0x77b59d07836d	258	0xadf2c	0x26edad	0x26edb1	+0x4	tail	0xae32f	199	0xa0631	0xd9ed	0x4bb7	0xe993	0xd64e	0xe8d8	0x1001	edd9b74b	exact							
2913	0x77b59d07836d	199	0xa0631	0x26edb1	0x26edb4	+0x3	tail	0xa0a9c	161	0x9975a	0xe993	0xd64e	0xe8d8	0x1001	0x9f08	0x302	93e94e	exact							
2914	0x77b59d07836d	161	0x9975a	0x26edb4	0x26edb8	+0x4	tail	0x99b3a	337	0xbec0e	0xd8d6	0x1e8	0x810	0x29f	0xe803	0xd93a	d6d8e801	exact							
2915	0x77b59d07836d	337	0xbec0e	0x26edb8	0x26edbc	+0x4	tail	0xbf126	185	0x9d964	0x810	0x29f	0xe803	0xd93a	0xe8d3	0x2d01	10089f02	exact							
2916	0x77b59d07836d	185	0x9d964	0x26edbc	0x26edbf	+0x3	tail	0x9dcab	161	0x9975a	0xe803	0xd93a	0xe8d3	0x2d01	0x84f1	0xfb9c	03e83a	exact							
2917	0x77b59d07836d	161	0x9975a	0x26edbf	0x26edc3	+0x4	tail	0x99b3a	189	0x9e7af	0xd3d9	0x1e8	0xf12d	0x9c84	0xbcfb	0x321a	d9d3e801	exact							
2918	0x77b59d07836d	189	0x9e7af	0x26edc3	0x26edc7	+0x4	tail	0x9eac9	66	0x855ff	0xf12d	0x9c84	0xbcfb	0x321a	0xe8e9	0xa001	2df1849c	exact							
2919	0x77b59d07836d	66	0x855ff	0x26edc7	0x26edca	+0x3	tail	0x859f9	184	0x9d694	0xbcfb	0x321a	0xe8e9	0xa001	0x880a	0x537	fbbc1a	exact							
2920	0x77b59d07836d	184	0x9d694	0x26edca	0x26edce	+0x4	tail	0x9d961	215	0xa4609	0xe932	0x1e8	0xaa0	0x3788	0x3805	0x5e00	32e9e801	exact							
2921	0x77b59d07836d	215	0xa4609	0x26edce	0x26edd1	+0x3	tail	0xa4a5e	340	0xbf435	0xaa0	0x3788	0x3805	0x5e00	0xe8f8	0xa001	a00a88	exact							
2922	0x77b59d07836d	340	0xbf435	0x26edd1	0x26edd5	+0x4	tail	0xbf886	161	0x9975a	0x537	0x38	0xf85e	0x1e8	0xaea0	0x2155	37053800	exact							
2923	0x77b59d07836d	161	0x9975a	0x26edd5	0x26edd9	+0x4	tail	0x99b3a	337	0xbec0e	0xf85e	0x1e8	0xaea0	0x2155	0x3506	0xe8af	5ef8e801	exact							
2924	0x77b59d07836d	337	0xbec0e	0x26edd9	0x26eddd	+0x4	tail	0xbf126	307	0xb8064	0xaea0	0x2155	0x3506	0xe8af	0x201	0xa399	a0ae5521	exact							
2925	0x77b59d07836d	307	0xb8064	0x26eddd	0x26ede0	+0x3	tail	0xb837a	176	0x9c10b	0x3506	0xe8af	0x201	0xa399	0x3aa8	0xfdfc	0635af	exact							
2926	0x77b59d07836d	176	0x9c10b	0x26ede0	0x26ede4	+0x4	tail	0x9c3f4	185	0x9d964	0x1e8	0x9902	0xa8a3	0xfc3a	0x47fd	0xe801	e8010299	exact							
2927	0x77b59d07836d	185	0x9d964	0x26ede4	0x26ede7	+0x3	tail	0x9dcab	340	0xbf435	0xa8a3	0xfc3a	0x47fd	0xe801	0x6501	0x9c5a	a3a83a	exact							
2928	0x77b59d07836d	340	0xbf435	0x26ede7	0x26edeb	+0x4	tail	0xbf886	158	0x99029	0xfdfc	0x147	0x1e8	0x5a65	0x149c	0xa238	fcfd4701	exact							
2929	0x77b59d07836d	158	0x99029	0x26edeb	0x26edef	+0x4	tail	0x992ca	189	0x9e7af	0x1e8	0x5a65	0x149c	0xa238	0x580	0xe808	e801655a	exact							
2930	0x77b59d07836d	189	0x9e7af	0x26edef	0x26edf3	+0x4	tail	0x9eac9	215	0xa4609	0x149c	0xa238	0x580	0xe808	0xd501	0xe8d8	9c1438a2	exact							
2931	0x77b59d07836d	215	0xa4609	0x26edf3	0x26edf6	+0x3	tail	0xa4a5e	176	0x9c10b	0x580	0xe808	0xd501	0xe8d8	0xce05	0x521	800508	exact							
2932	0x77b59d07836d	176	0x9c10b	0x26edf6	0x26edfa	+0x4	tail	0x9c3f4	28	0x7e390	0x1e8	0xd8d5	0x5e8	0x21ce	0xd405	0x8f9f	e801d5d8	exact							
2933	0x77b59d07836d	28	0x7e390	0x26edfa	0x26edfd	+0x3	tail	0x7e7ca	189	0x9e7af	0x5e8	0x21ce	0xd405	0x8f9f	0xe8b0	0xbe01	e805ce	exact							
2934	0x77b59d07836d	189	0x9e7af	0x26edfd	0x26ee01	+0x4	tail	0x9eac9	174	0x9bd8f	0x521	0x9fd4	0xb08f	0x1e8	0x55be	0xcb4	2105d49f	exact							
2935	0x77b59d07836d	174	0x9bd8f	0x26ee01	0x26ee05	+0x4	tail	0x9c08c	307	0xb8064	0xb08f	0x1e8	0x55be	0xcb4	0x898e	0xe800	8fb0e801	exact							
2936	0x77b59d07836d	307	0xb8064	0x26ee05	0x26ee08	+0x3	tail	0xb837a	340	0xbf435	0x55be	0xcb4	0x898e	0xe800	0xad01	0xd8f9	be55b4	exact							
2937	0x77b59d07836d	340	0xbf435	0x26ee08	0x26ee0c	+0x4	tail	0xbf886	20	0x7c62b	0x8e0c	0x89	0x1e8	0xf9ad	0xad8	0xea3c	0c8e8900	exact							
2938	0x77b59d07836d	20	0x7c62b	0x26ee0c	0x26ee10	+0x4	tail	0x7ca96	215	0xa4609	0x1e8	0xf9ad	0xad8	0xea3c	0xfe3c	0xe88b	e801adf9	exact							
2939	0x77b59d07836d	215	0xa4609	0x26ee10	0x26ee13	+0x3	tail	0xa4a5e	347	0xc088d	0xad8	0xea3c	0xfe3c	0xe88b	0x8901	0xce38	d80a3c	exact							
2940	0x77b59d07836d	347	0xc088d	0x26ee13	0x26ee17	+0x4	tail	0xc0d7b	158	0x99029	0x3cea	0x8bfe	0x1e8	0x3889	0x3dce	0xe0b4	ea3cfe8b	exact							
2941	0x77b59d07836d	158	0x99029	0x26ee17	0x26ee1b	+0x4	tail	0x992ca	307	0xb8064	0x1e8	0x3889	0x3dce	0xe0b4	0x9994	0xe8d0	e8018938	exact							
2942	0x77b59d07836d	307	0xb8064	0x26ee1b	0x26ee1e	+0x3	tail	0xb837a	337	0xbec0e	0x3dce	0xe0b4	0x9994	0xe8d0	0xba01	0x283f	ce3db4	exact							
2943	0x77b59d07836d	337	0xbec0e	0x26ee1e	0x26ee22	+0x4	tail	0xbf126	176	0x9c10b	0x94e0	0xd099	0x1e8	0x3fba	0x128	0x27	e09499d0	exact							
2944	0x77b59d07836d	176	0x9c10b	0x26ee22	0x26ee26	+0x4	tail	0x9c3f4	95	0x8c41c	0x1e8	0x3fba	0x128	0x27	0x80	0xfd00	e801ba3f	exact							
2945	0x77b59d07836d	95	0x8c41c	0x26ee26	0x26ee30	+0xa	dispatch	0xc80b9	310	0xb8556	0x128	0x27	0x80	0xfd00	0x1	0x1e8	28012700800000fd0100	exact		0xc04a030		0xc04a030			0x3a
2946	0x77b59d07836d	310	0xb8556	0x26ee30	0x26ee34	+0x4	tail	0xb86f5	171	0x9b4b3	0x1e8	0xab	0x42	0x93b1	0xf13a	0x3464	e801ab00	exact	0xc04a030		0xc04a030			0x3a	
2947	0x77b59d07836d	171	0x9b4b3	0x26ee34	0x26ee36	+0x2	tail	0x9b687	66	0x855ff	0x42	0x93b1	0xf13a	0x3464	0x96fe	0x8df9	4200	exact							
2948	0x77b59d07836d	66	0x855ff	0x26ee36	0x26ee39	+0x3	tail	0x859f9	196	0x9fbcd	0x93b1	0xf13a	0x3464	0x96fe	0x8df9	0xe8c3	b1933a	exact							
2949	0x77b59d07836d	196	0x9fbcd	0x26ee39	0x26ee3d	+0x4	tail	0xa0068	258	0xadf2c	0x64f1	0xfe34	0xf996	0xc38d	0x1e8	0xc4fc	f16434fe	exact							
2950	0x77b59d07836d	258	0xadf2c	0x26ee3d	0x26ee41	+0x4	tail	0xae32f	33	0x7f7c4	0xf996	0xc38d	0x1e8	0xc4fc	0x9d91	0x3b3a	96f98dc3	exact							
2951	0x77b59d07836d	33	0x7f7c4	0x26ee41	0x26ee45	+0x4	tail	0x7fba1	66	0x855ff	0x1e8	0xc4fc	0x9d91	0x3b3a	0x9c14	0x7ae3	e801fcc4	exact							
2952	0x77b59d07836d	66	0x855ff	0x26ee45	0x26ee48	+0x3	tail	0x859f9	258	0xadf2c	0x9d91	0x3b3a	0x9c14	0x7ae3	0xabb2	0xe800	919d3a	exact							
2953	0x77b59d07836d	258	0xadf2c	0x26ee48	0x26ee4c	+0x4	tail	0xae32f	157	0x98a9a	0x143b	0xe39c	0xb27a	0xab	0x1e8	0x938	3b149ce3	exact							
2954	0x77b59d07836d	157	0x98a9a	0x26ee4c	0x26ee50	+0x4	tail	0x99026	33	0x7f7c4	0xb27a	0xab	0x1e8	0x938	0xd8b0	0xc0f2	7ab2ab00	exact							
2955	0x77b59d07836d	33	0x7f7c4	0x26ee50	0x26ee54	+0x4	tail	0x7fba1	268	0xb0007	0x1e8	0x938	0xd8b0	0xc0f2	0xb50b	0x95ab	e8013809	exact							
2956	0x77b59d07836d	268	0xb0007	0x26ee54	0x26ee58	+0x4	tail	0xb0458	307	0xb8064	0xd8b0	0xc0f2	0xb50b	0x95ab	0x391f	0xc67f	b0d8f2c0	exact							
2957	0x77b59d07836d	307	0xb8064	0x26ee58	0x26ee5b	+0x3	tail	0xb837a	64	0x85059	0xb50b	0x95ab	0x391f	0xc67f	0xe819	0xf301	0bb5ab	exact							
2958	0x77b59d07836d	64	0x85059	0x26ee5b	0x26ee5f	+0x4	tail	0x8536e	26	0x7dbbb	0x1f95	0x7f39	0x19c6	0x1e8	0x77f3	0xa63a	951f397f	exact							
2959	0x77b59d07836d	26	0x7dbbb	0x26ee5f	0x26ee63	+0x4	tail	0x7dfbd	185	0x9d964	0x19c6	0x1e8	0x77f3	0xa63a	0x1c8a	0x8f7b	c619e801	exact							
2960	0x77b59d07836d	185	0x9d964	0x26ee63	0x26ee66	+0x3	tail	0x9dcab	258	0xadf2c	0x77f3	0xa63a	0x1c8a	0x8f7b	0x1491	0x10b7	f3773a	exact							
2961	0x77b59d07836d	258	0xadf2c	0x26ee66	0x26ee6a	+0x4	tail	0xae32f	203	0xa1484	0x8aa6	0x7b1c	0x918f	0xb714	0xff10	0x1e8	a68a1c7b	exact							
2962	0x77b59d07836d	203	0xa1484	0x26ee6a	0x26ee6e	+0x4	tail	0xa1936	305	0xb78b0	0x918f	0xb714	0xff10	0x1e8	0xc3d4	0x7e91	8f9114b7	exact							
2963	0x77b59d07836d	305	0xb78b0	0x26ee6e	0x26ee72	+0x4	tail	0xb7bb8	258	0xadf2c	0xff10	0x1e8	0xc3d4	0x7e91	0x98e7	0xd9bf	10ffe801	exact							
2964	0x77b59d07836d	258	0xadf2c	0x26ee72	0x26ee76	+0x4	tail	0xae32f	203	0xa1484	0xc3d4	0x7e91	0x98e7	0xd9bf	0x8f8	0xec	d4c3917e	exact							
2965	0x77b59d07836d	203	0xa1484	0x26ee76	0x26ee7a	+0x4	tail	0xa1936	28	0x7e390	0x98e7	0xd9bf	0x8f8	0xec	0xe84c	0x5a01	e798bfd9	exact							
2966	0x77b59d07836d	28	0x7e390	0x26ee7a	0x26ee7d	+0x3	tail	0x7e7ca	287	0xb45d2	0x8f8	0xec	0xe84c	0x5a01	0x293d	0xf4d6	f808ec	exact							
2967	0x77b59d07836d	287	0xb45d2	0x26ee7d	0x26ee81	+0x4	tail	0xb497e	168	0x9aa83	0x4c00	0x1e8	0x3d5a	0xd629	0xddf4	0x96f1	004ce801	exact							
2968	0x77b59d07836d	168	0x9aa83	0x26ee81	0x26ee85	+0x4	tail	0x9af16	258	0xadf2c	0x3d5a	0xd629	0xddf4	0x96f1	0xaf8	0xe836	5a3d29d6	exact							
2969	0x77b59d07836d	258	0xadf2c	0x26ee85	0x26ee89	+0x4	tail	0xae32f	18	0x7be9b	0xddf4	0x96f1	0xaf8	0xe836	0xa901	0x73fa	f4ddf196	exact							
2970	0x77b59d07836d	18	0x7be9b	0x26ee89	0x26ee8c	+0x3	tail	0x7c308	315	0xb9451	0xaf8	0xe836	0xa901	0x73fa	0x4f03	0x3107	f80a36	exact							
2971	0x77b59d07836d	315	0xb9451	0x26ee8c	0x26ee90	+0x4	tail	0xb9878	347	0xc088d	0x1e8	0xfaa9	0x373	0x74f	0x1531	0x615d	e801a9fa	exact							
2972	0x77b59d07836d	347	0xc088d	0x26ee90	0x26ee94	+0x4	tail	0xc0d7b	43	0x8173d	0x373	0x74f	0x1531	0x615d	0xd0	0x367a	73034f07	exact							
2973	0x77b59d07836d	43	0x8173d	0x26ee94	0x26ee98	+0x4	tail	0x81b7c	18	0x7be9b	0x1531	0x615d	0xd0	0x367a	0xe8f0	0x2801	31155d61	exact							
2974	0x77b59d07836d	18	0x7be9b	0x26ee98	0x26ee9b	+0x3	tail	0x7c308	26	0x7dbbb	0xd0	0x367a	0xe8f0	0x2801	0x3e0d	0x6933	d0007a	exact							
2975	0x77b59d07836d	26	0x7dbbb	0x26ee9b	0x26ee9f	+0x4	tail	0x7dfbd	18	0x7be9b	0xf036	0x1e8	0xd28	0x333e	0x3869	0x1900	36f0e801	exact							
2976	0x77b59d07836d	18	0x7be9b	0x26ee9f	0x26eea2	+0x3	tail	0x7c308	157	0x98a9a	0xd28	0x333e	0x3869	0x1900	0xf989	0x8610	280d3e	exact							
2977	0x77b59d07836d	157	0x98a9a	0x26eea2	0x26eea6	+0x4	tail	0x99026	347	0xc088d	0x6933	0x38	0x8919	0x10f9	0x6986	0x1e8	33693800	exact							
2978	0x77b59d07836d	347	0xc088d	0x26eea6	0x26eeaa	+0x4	tail	0xc0d7b	26	0x7dbbb	0x8919	0x10f9	0x6986	0x1e8	0xc21d	0xbf69	1989f910	exact							
2979	0x77b59d07836d	26	0x7dbbb	0x26eeaa	0x26eeae	+0x4	tail	0x7dfbd	43	0x8173d	0x6986	0x1e8	0xc21d	0xbf69	0x458a	0x91ad	8669e801	exact							
2980	0x77b59d07836d	43	0x8173d	0x26eeae	0x26eeb2	+0x4	tail	0x81b7c	307	0xb8064	0xc21d	0xbf69	0x458a	0x91ad	0xf65f	0xe89b	1dc269bf	exact							
2981	0x77b59d07836d	307	0xb8064	0x26eeb2	0x26eeb5	+0x3	tail	0xb837a	114	0x90319	0x458a	0x91ad	0xf65f	0xe89b	0xee01	0x5476	8a45ad	exact							
2982	0x77b59d07836d	114	0x90319	0x26eeb5	0x26eeb9	+0x4	tail	0x90893	33	0x7f7c4	0x5f91	0x9bf6	0x1e8	0x76ee	0x1e54	0x19d	915ff69b	exact							
2983	0x77b59d07836d	33	0x7f7c4	0x26eeb9	0x26eebd	+0x4	tail	0x7fba1	340	0xbf435	0x1e8	0x76ee	0x1e54	0x19d	0x2c48	0x8f3a	e801ee76	exact							
2984	0x77b59d07836d	340	0xbf435	0x26eebd	0x26eec1	+0x4	tail	0xbf886	185	0x9d964	0x1e54	0x19d	0x2c48	0x8f3a	0x2991	0xe897	541e9d01	exact							
2985	0x77b59d07836d	185	0x9d964	0x26eec1	0x26eec4	+0x3	tail	0x9dcab	203	0xa1484	0x2c48	0x8f3a	0x2991	0xe897	0xe8fd	0x701	482c3a	exact							
2986	0x77b59d07836d	203	0xa1484	0x26eec4	0x26eec8	+0x4	tail	0xa1936	305	0xb78b0	0x918f	0x9729	0xfde8	0x1e8	0x907	0xe8dc	8f912997	exact							
2987	0x77b59d07836d	305	0xb78b0	0x26eec8	0x26eecc	+0x4	tail	0xb7bb8	189	0x9e7af	0xfde8	0x1e8	0x907	0xe8dc	0x7433	0x5f	e8fde801	exact							
2988	0x77b59d07836d	189	0x9e7af	0x26eecc	0x26eed0	+0x4	tail	0x9eac9	43	0x8173d	0x907	0xe8dc	0x7433	0x5f	0xd0	0x363a	0709dce8	exact							
2989	0x77b59d07836d	43	0x8173d	0x26eed0	0x26eed4	+0x4	tail	0x81b7c	18	0x7be9b	0x7433	0x5f	0xd0	0x363a	0xe8f0	0xd001	33745f00	exact							
2990	0x77b59d07836d	18	0x7be9b	0x26eed4	0x26eed7	+0x3	tail	0x7c308	26	0x7dbbb	0xd0	0x363a	0xe8f0	0xd001	0x3e0b	0x6d23	d0003a	exact							
2991	0x77b59d07836d	26	0x7dbbb	0x26eed7	0x26eedb	+0x4	tail	0x7dfbd	18	0x7be9b	0xf036	0x1e8	0xbd0	0x233e	0x1c6d	0x49a2	36f0e801	exact							
2992	0x77b59d07836d	18	0x7be9b	0x26eedb	0x26eede	+0x3	tail	0x7c308	114	0x90319	0xbd0	0x233e	0x1c6d	0x49a2	0x9ef6	0xccd9	d00b3e	exact							
2993	0x77b59d07836d	114	0x90319	0x26eede	0x26eee2	+0x4	tail	0x90893	168	0x9aa83	0x6d23	0xa21c	0xf649	0xd99e	0x58cc	0x1e8	236d1ca2	exact							
2994	0x77b59d07836d	168	0x9aa83	0x26eee2	0x26eee6	+0x4	tail	0x9af16	346	0xc0535	0xf649	0xd99e	0x58cc	0x1e8	0xa7b8	0xfda6	49f69ed9	exact							
2995	0x77b59d07836d	346	0xc0535	0x26eee6	0x26eeea	+0x4	tail	0xc088b	337	0xbec0e	0x58cc	0x1e8	0xa7b8	0xfda6	0x3ad3	0xb636	cc58e801	exact							
2996	0x77b59d07836d	337	0xbec0e	0x26eeea	0x26eeee	+0x4	tail	0xbf126	199	0xa0631	0xa7b8	0xfda6	0x3ad3	0xb636	0xab1a	0x4d0d	b8a7a6fd	exact							
2997	0x77b59d07836d	199	0xa0631	0x26eeee	0x26eef1	+0x3	tail	0xa0a9c	172	0x9b68a	0x3ad3	0xb636	0xab1a	0x4d0d	0xe8a3	0xeb01	d33a36	exact							
2998	0x77b59d07836d	172	0x9b68a	0x26eef1	0x26eef5	+0x4	tail	0x9ba72	243	0xaab6a	0x1ab6	0xdab	0xa34d	0x1e8	0xfaeb	0xde44	b61aab0d	exact							
2999	0x77b59d07836d	243	0xaab6a	0x26eef5	0x26eef9	+0x4	tail	0xaaf3c	189	0x9e7af	0xa34d	0x1e8	0xfaeb	0xde44	0x540	0x5a90	4da3e801	exact							
3000	0x77b59d07836d	189	0x9e7af	0x26eef9	0x26eefd	+0x4	tail	0x9eac9	28	0x7e390	0xfaeb	0xde44	0x540	0x5a90	0x8666	0xb2d7	ebfa44de	exact							
3001	0x77b59d07836d	28	0x7e390	0x26eefd	0x26ef00	+0x3	tail	0x7e7ca	168	0x9aa83	0x540	0x5a90	0x8666	0xb2d7	0xe83c	0xfd01	400590	exact							
3002	0x77b59d07836d	168	0x9aa83	0x26ef00	0x26ef04	+0x4	tail	0x9af16	287	0xb45d2	0x665a	0xd786	0x3cb2	0x1e8	0x4ffd	0x97d8	5a6686d7	exact							
3003	0x77b59d07836d	287	0xb45d2	0x26ef04	0x26ef08	+0x4	tail	0xb497e	66	0x855ff	0x3cb2	0x1e8	0x4ffd	0x97d8	0x159b	0x935a	b23ce801	exact							
3004	0x77b59d07836d	66	0x855ff	0x26ef08	0x26ef0b	+0x3	tail	0x859f9	203	0xa1484	0x4ffd	0x97d8	0x159b	0x935a	0xe468	0xe819	fd4fd8	exact							
3005	0x77b59d07836d	203	0xa1484	0x26ef0b	0x26ef0f	+0x4	tail	0xa1936	114	0x90319	0x9b97	0x5a15	0x6893	0x19e4	0x1e8	0xfad1	979b155a	exact							
3006	0x77b59d07836d	114	0x90319	0x26ef0f	0x26ef13	+0x4	tail	0x90893	315	0xb9451	0x6893	0x19e4	0x1e8	0xfad1	0xf2d4	0xb3	9368e419	exact							
3007	0x77b59d07836d	315	0xb9451	0x26ef13	0x26ef17	+0x4	tail	0xb9878	340	0xbf435	0x1e8	0xfad1	0xf2d4	0xb3	0x31c0	0x823	e801d1fa	exact							
3008	0x77b59d07836d	340	0xbf435	0x26ef17	0x26ef1b	+0x4	tail	0xbf886	172	0x9b68a	0xf2d4	0xb3	0x31c0	0x823	0x4188	0x134e	d4f2b300	exact							
3009	0x77b59d07836d	172	0x9b68a	0x26ef1b	0x26ef1f	+0x4	tail	0x9ba72	66	0x855ff	0x31c0	0x823	0x4188	0x134e	0xe846	0xe801	c0312308	exact							
3010	0x77b59d07836d	66	0x855ff	0x26ef1f	0x26ef22	+0x3	tail	0x859f9	305	0xb78b0	0x4188	0x134e	0xe846	0xe801	0x3d01	0xcd01	88414e	exact							
3011	0x77b59d07836d	305	0xb78b0	0x26ef22	0x26ef26	+0x4	tail	0xb7bb8	167	0x9a8d2	0x4613	0x1e8	0x1e8	0x13d	0x29cd	0x1e8	1346e801	exact							
3012	0x77b59d07836d	167	0x9a8d2	0x26ef26	0x26ef2c	+0x6	tail	0x9aa81	351	0xc1d48	0x1e8	0x13d	0x29cd	0x1e8	0x3500	0xb110	e8013d01cd29	exact							
3013	0x77b59d07836d	351	0xc1d48	0x26ef2c	0x26ef31	+0x5	tail	0xc1ec2	66	0x855ff	0x1e8	0x3500	0xb110	0xa68	0xea5e	0x68	e801003510	exact							
3014	0x77b59d07836d	66	0x855ff	0x26ef31	0x26ef34	+0x3	tail	0x859f9	340	0xbf435	0x68b1	0x5e0a	0x68ea	0x6e00	0xee8a	0xe83f	b1680a	exact							
3015	0x77b59d07836d	340	0xbf435	0x26ef34	0x26ef38	+0x4	tail	0xbf886	350	0xc1926	0xea5e	0x68	0x8a6e	0x3fee	0xae8	0x1e8	5eea6800	exact							
3016	0x77b59d07836d	350	0xc1926	0x26ef38	0x26ef3c	+0x4	tail	0xc1d46	91	0x8b6de	0x8a6e	0x3fee	0xae8	0x1e8	0x23b	0x68	6e8aee3f	exact							
3017	0x77b59d07836d	91	0x8b6de	0x26ef3c	0x26ef40	+0x4	tail	0x8b8c9	333	0xbd8af	0xae8	0x1e8	0x23b	0x68	0x59e	0x13d	e80ae801	exact							
3018	0x77b59d07836d	333	0xbd8af	0x26ef40	0x26ef44	+0x4	tail	0xbdd16	79	0x885b0	0x23b	0x68	0x59e	0x13d	0x5900	0x5022	3b026800	exact							
3019	0x77b59d07836d	79	0x885b0	0x26ef44	0x26ef49	+0x5	tail	0x88a55	160	0x994cf	0x59e	0x13d	0x5900	0x5022	0xe47a	0xa5d3	9e053d0100	exact							
3020	0x77b59d07836d	160	0x994cf	0x26ef49	0x26ef4b	+0x2	tail	0x99757	345	0xc02e4	0x2259	0x7a50	0xd3e4	0x51a5	0xf0c2	0xf1d4	5922	exact							
3021	0x77b59d07836d	345	0xc02e4	0x26ef4b	0x26ef51	+0x6	tail	0xc0532	196	0x9fbcd	0x7a50	0xd3e4	0x51a5	0xf0c2	0xf1d4	0x893a	507ae4d3a551	exact							
3022	0x77b59d07836d	196	0x9fbcd	0x26ef51	0x26ef55	+0x4	tail	0xa0068	114	0x90319	0xf0c2	0xf1d4	0x893a	0xcf1b	0x2f2f	0x2fa	c2f0d4f1	exact							
3023	0x77b59d07836d	114	0x90319	0x26ef55	0x26ef59	+0x4	tail	0x90893	199	0xa0631	0x893a	0xcf1b	0x2f2f	0x2fa	0x3d56	0x1	3a891bcf	exact							
3024	0x77b59d07836d	199	0xa0631	0x26ef59	0x26ef5c	+0x3	tail	0xa0a9c	192	0x9f00a	0x2f2f	0x2fa	0x3d56	0x1	0xf47	0x473a	2f2ffa	exact							
3025	0x77b59d07836d	192	0x9f00a	0x26ef5c	0x26ef61	+0x5	tail	0x9f779	173	0x9ba74	0x5602	0x13d	0x4700	0x3a0f	0xc947	0xc7ad	02563d0100	exact							
3026	0x77b59d07836d	173	0x9ba74	0x26ef61	0x26ef63	+0x2	tail	0x9bd8c	179	0x9ca8d	0xf47	0x473a	0xadc9	0xe7c7	0x6f98	0x76	470f	exact							
3027	0x77b59d07836d	179	0x9ca8d	0x26ef63	0x26ef68	+0x5	tail	0x9cf2f	203	0xa1484	0x473a	0xadc9	0xe7c7	0x6f98	0x76	0x8c02	3a47c9adc7	exact							
3028	0x77b59d07836d	203	0xa1484	0x26ef68	0x26ef6c	+0x4	tail	0xa1936	28	0x7e390	0x98e7	0x766f	0x200	0x608c	0xb2c2	0xa3	e7986f76	exact							
3029	0x77b59d07836d	28	0x7e390	0x26ef6c	0x26ef6f	+0x3	tail	0x7e7ca	64	0x85059	0x200	0x608c	0xb2c2	0xa3	0x13d	0xf1c0	00028c	exact							
3030	0x77b59d07836d	64	0x85059	0x26ef6f	0x26ef73	+0x4	tail	0x8536e	301	0xb708d	0xc260	0xa3b2	0x3d00	0xc001	0xc7f1	0x9e4a	60c2b2a3	exact							
3031	0x77b59d07836d	301	0xb708d	0x26ef73	0x26ef78	+0x5	tail	0xb7583	108	0x8f24b	0x3d00	0xc001	0xc7f1	0x9e4a	0x7b85	0x2dac	003d01c0f1	exact							
3032	0x77b59d07836d	108	0x8f24b	0x26ef78	0x26ef7a	+0x2	tail	0x8f6cf	258	0xadf2c	0x4ac7	0x859e	0xac7b	0xc72d	0xc573	0x3f1c	c74a	exact							
3033	0x77b59d07836d	258	0xadf2c	0x26ef7a	0x26ef7e	+0x4	tail	0xae32f	332	0xbd36d	0x859e	0xac7b	0xc72d	0xc573	0x3f1c	0x46b8	9e857bac	exact							
3034	0x77b59d07836d	332	0xbd36d	0x26ef7e	0x26ef82	+0x4	tail	0xbd8ad	43	0x8173d	0xc72d	0xc573	0x3f1c	0x46b8	0xafcb	0x3a	2dc773c5	exact							
3035	0x77b59d07836d	43	0x8173d	0x26ef82	0x26ef86	+0x4	tail	0x81b7c	185	0x9d964	0x3f1c	0x46b8	0xafcb	0x3a	0x13d	0xb872	1c3fb846	exact							
3036	0x77b59d07836d	185	0x9d964	0x26ef86	0x26ef89	+0x3	tail	0x9dcab	269	0xb045b	0xafcb	0x3a	0x13d	0xb872	0xd2d6	0x3e0	cbaf3a	exact							
3037	0x77b59d07836d	269	0xb045b	0x26ef89	0x26ef8e	+0x5	tail	0xb092e	352	0xc1ec4	0x3d00	0x7201	0xd6b8	0xe0d2	0xa403	0x944d	003d0172b8	exact							
3038	0x77b59d07836d	352	0xc1ec4	0x26ef8e	0x26ef90	+0x2	tail	0xc21c0	28	0x7e390	0xd2d6	0x3e0	0x4da4	0x94	0xff83	0xa4c0	d6d2	exact							
3039	0x77b59d07836d	28	0x7e390	0x26ef90	0x26ef93	+0x3	tail	0x7e7ca	124	0x91e81	0x3e0	0x4da4	0x94	0xff83	0xa4c0	0xc080	e003a4	exact							
3040	0x77b59d07836d	124	0x91e81	0x26ef93	0x26ef99	+0x6	tail	0x922c1	43	0x8173d	0x944d	0x8300	0xc0ff	0x80a4	0xfec0	0x9067	4d940083ffc0	exact							
3041	0x77b59d07836d	43	0x8173d	0x26ef99	0x26ef9d	+0x4	tail	0x81b7c	337	0xbec0e	0x80a4	0xfec0	0x9067	0x1a8	0x13d	0x2c06	a480c0fe	exact							
3042	0x77b59d07836d	337	0xbec0e	0x26ef9d	0x26efa1	+0x4	tail	0xbf126	319	0xba72f	0x9067	0x1a8	0x13d	0x2c06	0x2e00	0x5080	6790a801	exact							
3043	0x77b59d07836d	319	0xba72f	0x26efa1	0x26efa6	+0x5	tail	0xbada2	173	0x9ba74	0x13d	0x2c06	0x2e00	0x5080	0x50dc	0x69	3d01062c00	exact							
3044	0x77b59d07836d	173	0x9ba74	0x26efa6	0x26efa8	+0x2	tail	0x9bd8c	48	0x82477	0x802e	0xdc50	0x6950	0x4000	0x5006	0xe1d1	2e80	exact							
3045	0x77b59d07836d	48	0x82477	0x26efa8	0x26efad	+0x5	tail	0x8281e	18	0x7be9b	0xdc50	0x6950	0x4000	0x5006	0xe1d1	0x5f12	50dc506900	exact							
3046	0x77b59d07836d	18	0x7be9b	0x26efad	0x26efb0	+0x3	tail	0x7c308	200	0xa0a9e	0x640	0xd150	0x12e1	0x185f	0xff09	0x1cb3	400650	exact							
3047	0x77b59d07836d	200	0xa0a9e	0x26efb0	0x26efb6	+0x6	tail	0xa0dc7	291	0xb4edd	0xe1d1	0x5f12	0x918	0xb3ff	0x3a1c	0x4b20	d1e1125f1809	exact							
3048	0x77b59d07836d	291	0xb4edd	0x26efb6	0x26efba	+0x4	tail	0xb540d	79	0x885b0	0xb3ff	0x3a1c	0x4b20	0x13d	0xea00	0x1002	ffb31c3a	exact							
3049	0x77b59d07836d	79	0x885b0	0x26efba	0x26efbf	+0x5	tail	0x88a55	352	0xc1ec4	0x4b20	0x13d	0xea00	0x1002	0xaff	0x225f	204b3d0100	exact							
3050	0x77b59d07836d	352	0xc1ec4	0x26efbf	0x26efc1	+0x2	tail	0xc21c0	66	0x855ff	0x2ea	0xff10	0x5f0a	0x2822	0x42a8	0xe86d	ea02	exact							
3051	0x77b59d07836d	66	0x855ff	0x26efc1	0x26efc4	+0x3	tail	0x859f9	189	0x9e7af	0xff10	0x5f0a	0x2822	0x42a8	0xe86d	0xe801	10ff0a	exact							
3052	0x77b59d07836d	189	0x9e7af	0x26efc4	0x26efc8	+0x4	tail	0x9eac9	123	0x91a59	0x225f	0xa828	0x6d42	0x1e8	0x1e8	0x13d	5f2228a8	exact							
3053	0x77b59d07836d	123	0x91a59	0x26efc8	0x26efcc	+0x4	tail	0x91e7f	119	0x90ebc	0x6d42	0x1e8	0x1e8	0x13d	0x239a	0x9194	426de801	exact							
3054	0x77b59d07836d	119	0x90ebc	0x26efcc	0x26efd2	+0x6	tail	0x91067	337	0xbec0e	0x1e8	0x13d	0x239a	0x9194	0x41ba	0x307b	e8013d019a23	exact							
3055	0x77b59d07836d	337	0xbec0e	0x26efd2	0x26efd6	+0x4	tail	0xbf126	297	0xb64d7	0x9194	0x41ba	0x307b	0xe81f	0xeb01	0x1891	9491ba41	exact							
3056	0x77b59d07836d	297	0xb64d7	0x26efd6	0x26efd9	+0x3	tail	0xb68ff	176	0x9c10b	0x307b	0xe81f	0xeb01	0x1891	0xba98	0x225f	7b301f	exact							
3057	0x77b59d07836d	176	0x9c10b	0x26efd9	0x26efdd	+0x4	tail	0x9c3f4	66	0x855ff	0x1e8	0x91eb	0x9818	0x5fba	0x7722	0xe865	e801eb91	exact							
3058	0x77b59d07836d	66	0x855ff	0x26efdd	0x26efe0	+0x3	tail	0x859f9	114	0x90319	0x9818	0x5fba	0x7722	0xe865	0xa201	0x34e2	1898ba	exact							
3059	0x77b59d07836d	114	0x90319	0x26efe0	0x26efe4	+0x4	tail	0x90893	176	0x9c10b	0x225f	0x6577	0x1e8	0xe2a2	0x9434	0xb62b	5f227765	exact							
3060	0x77b59d07836d	176	0x9c10b	0x26efe4	0x26efe8	+0x4	tail	0x9c3f4	337	0xbec0e	0x1e8	0xe2a2	0x9434	0xb62b	0xa0	0xe808	e801a2e2	exact							
3061	0x77b59d07836d	337	0xbec0e	0x26efe8	0x26efec	+0x4	tail	0xbf126	215	0xa4609	0x9434	0xb62b	0xa0	0xe808	0x7901	0x817e	34942bb6	exact							
3062	0x77b59d07836d	215	0xa4609	0x26efec	0x26efef	+0x3	tail	0xa4a5e	20	0x7c62b	0xa0	0xe808	0x7901	0x817e	0xf595	0xc65	a00008	exact							
3063	0x77b59d07836d	20	0x7c62b	0x26efef	0x26eff3	+0x4	tail	0x7ca96	297	0xb64d7	0x1e8	0x7e79	0x9581	0x65f5	0xe50c	0x9682	e801797e	exact							
3064	0x77b59d07836d	297	0xb64d7	0x26eff3	0x26eff6	+0x3	tail	0xb68ff	347	0xc088d	0x9581	0x65f5	0xe50c	0x9682	0xe897	0x8201	8195f5	exact							
3065	0x77b59d07836d	347	0xc088d	0x26eff6	0x26effa	+0x4	tail	0xc0d7b	123	0x91a59	0xc65	0x82e5	0x9796	0x1e8	0x8d82	0x38e	650ce582	exact							
3066	0x77b59d07836d	123	0x91a59	0x26effa	0x26effe	+0x4	tail	0x91e7f	347	0xc088d	0x9796	0x1e8	0x8d82	0x38e	0xfc8	0x1e3a	9697e801	exact							
3067	0x77b59d07836d	347	0xc088d	0x26effe	0x26f002	+0x4	tail	0xc0d7b	185	0x9d964	0x8d82	0x38e	0xfc8	0x1e3a	0xe83e	0xc701	828d8e03	exact							
3068	0x77b59d07836d	185	0x9d964	0x26f002	0x26f005	+0x3	tail	0x9dcab	123	0x91a59	0xfc8	0x1e3a	0xe83e	0xc701	0x285c	0xc88	c80f3a	exact							
3069	0x77b59d07836d	123	0x91a59	0x26f005	0x26f009	+0x4	tail	0x91e7f	337	0xbec0e	0x3e1e	0x1e8	0x5cc7	0x8828	0x130c	0xaa3a	1e3ee801	exact							
3070	0x77b59d07836d	337	0xbec0e	0x26f009	0x26f00d	+0x4	tail	0xbf126	185	0x9d964	0x5cc7	0x8828	0x130c	0xaa3a	0xe83a	0xb201	c75c2888	exact							
3071	0x77b59d07836d	185	0x9d964	0x26f00d	0x26f010	+0x3	tail	0x9dcab	123	0x91a59	0x130c	0xaa3a	0xe83a	0xb201	0x339c	0xc08c	0c133a	exact							
3072	0x77b59d07836d	123	0x91a59	0x26f010	0x26f014	+0x4	tail	0x91e7f	64	0x85059	0x3aaa	0x1e8	0x9cb2	0x8c33	0x5c0	0xdc6c	aa3ae801	exact							
3073	0x77b59d07836d	64	0x85059	0x26f014	0x26f018	+0x4	tail	0x8536e	28	0x7e390	0x9cb2	0x8c33	0x5c0	0xdc6c	0xe83e	0xdb01	b29c338c	exact							
3074	0x77b59d07836d	28	0x7e390	0x26f018	0x26f01b	+0x3	tail	0x7e7ca	184	0x9d694	0x5c0	0xdc6c	0xe83e	0xdb01	0x6c98	0x410e	c0056c	exact							
3075	0x77b59d07836d	184	0x9d694	0x26f01b	0x26f01f	+0x4	tail	0x9d961	337	0xbec0e	0x3edc	0x1e8	0x98db	0xe6c	0xb941	0xd42c	dc3ee801	exact							
3076	0x77b59d07836d	337	0xbec0e	0x26f01f	0x26f023	+0x4	tail	0xbf126	66	0x855ff	0x98db	0xe6c	0xb941	0xd42c	0xe865	0x5c01	db986c0e	exact							
3077	0x77b59d07836d	66	0x855ff	0x26f023	0x26f026	+0x3	tail	0x859f9	123	0x91a59	0xb941	0xd42c	0xe865	0x5c01	0xcbd3	0xe833	41b92c	exact							
3078	0x77b59d07836d	123	0x91a59	0x26f026	0x26f02a	+0x4	tail	0x91e7f	297	0xb64d7	0x65d4	0x1e8	0xd35c	0x33cb	0x83e8	0xe841	d465e801	exact							
3079	0x77b59d07836d	297	0xb64d7	0x26f02a	0x26f02d	+0x3	tail	0xb68ff	64	0x85059	0xd35c	0x33cb	0x83e8	0xe841	0x6601	0x3454	5cd3cb	exact							
3080	0x77b59d07836d	64	0x85059	0x26f02d	0x26f031	+0x4	tail	0x8536e	158	0x99029	0xe833	0x4183	0x1e8	0x5466	0xbf34	0x147	33e88341	exact							
3081	0x77b59d07836d	158	0x99029	0x26f031	0x26f035	+0x4	tail	0x992ca	340	0xbf435	0x1e8	0x5466	0xbf34	0x147	0x4e82	0xe84c	e8016654	exact							
3082	0x77b59d07836d	340	0xbf435	0x26f035	0x26f039	+0x4	tail	0xbf886	18	0x7be9b	0xbf34	0x147	0x4e82	0xe84c	0x5801	0xd8f1	34bf4701	exact							
3083	0x77b59d07836d	18	0x7be9b	0x26f039	0x26f03c	+0x3	tail	0x7c308	176	0x9c10b	0x4e82	0xe84c	0x5801	0xd8f1	0x4c0a	0x8ec3	824e4c	exact							
3084	0x77b59d07836d	176	0x9c10b	0x26f03c	0x26f040	+0x4	tail	0x9c3f4	28	0x7e390	0x1e8	0xf158	0xad8	0xc34c	0x78e	0xe802	e80158f1	exact							
3085	0x77b59d07836d	28	0x7e390	0x26f040	0x26f043	+0x3	tail	0x7e7ca	347	0xc088d	0xad8	0xc34c	0x78e	0xe802	0x8101	0xef4d	d80a4c	exact							
3086	0x77b59d07836d	347	0xc088d	0x26f043	0x26f047	+0x4	tail	0xc0d7b	20	0x7c62b	0x8ec3	0x207	0x1e8	0x4d81	0x90ef	0x45df	c38e0702	exact							
3087	0x77b59d07836d	20	0x7c62b	0x26f047	0x26f04b	+0x4	tail	0x7ca96	114	0x90319	0x1e8	0x4d81	0x90ef	0x45df	0x508	0xd904	e801814d	exact							
3088	0x77b59d07836d	114	0x90319	0x26f04b	0x26f04f	+0x4	tail	0x90893	215	0xa4609	0x90ef	0x45df	0x508	0xd904	0xe8d8	0x3401	ef90df45	exact							
3089	0x77b59d07836d	215	0xa4609	0x26f04f	0x26f052	+0x3	tail	0xa4a5e	161	0x9975a	0x508	0xd904	0xe8d8	0x3401	0x8ef8	0xa001	080504	exact							
3090	0x77b59d07836d	161	0x9975a	0x26f052	0x26f056	+0x4	tail	0x99b3a	337	0xbec0e	0xd8d9	0x1e8	0xf834	0x18e	0xa0	0xe804	d9d8e801	exact							
3091	0x77b59d07836d	337	0xbec0e	0x26f056	0x26f05a	+0x4	tail	0xbf126	215	0xa4609	0xf834	0x18e	0xa0	0xe804	0xad01	0x71f6	34f88e01	exact							
3092	0x77b59d07836d	215	0xa4609	0x26f05a	0x26f05d	+0x3	tail	0xa4a5e	20	0x7c62b	0xa0	0xe804	0xad01	0x71f6	0xaf9d	0x8ab	a00004	exact							
3093	0x77b59d07836d	20	0x7c62b	0x26f05d	0x26f061	+0x4	tail	0x7ca96	307	0xb8064	0x1e8	0xf6ad	0x9d71	0xabaf	0x3408	0xeaeb	e801adf6	exact							
3094	0x77b59d07836d	307	0xb8064	0x26f061	0x26f064	+0x3	tail	0xb837a	189	0x9e7af	0x9d71	0xabaf	0x3408	0xeaeb	0xe8bf	0x3a01	719daf	exact							
3095	0x77b59d07836d	189	0x9e7af	0x26f064	0x26f068	+0x4	tail	0x9eac9	184	0x9d694	0x8ab	0xeb34	0xbfea	0x1e8	0xb53a	0x6dab	ab0834eb	exact							
3096	0x77b59d07836d	184	0x9d694	0x26f068	0x26f06c	+0x4	tail	0x9d961	307	0xb8064	0xbfea	0x1e8	0xb53a	0x6dab	0x998e	0xf2f8	eabfe801	exact							
3097	0x77b59d07836d	307	0xb8064	0x26f06c	0x26f06f	+0x3	tail	0xb837a	64	0x85059	0xb53a	0x6dab	0x998e	0xf2f8	0xe873	0x7e01	3ab5ab	exact							
3098	0x77b59d07836d	64	0x85059	0x26f06f	0x26f073	+0x4	tail	0x8536e	161	0x9975a	0x8e6d	0xf899	0x73f2	0x1e8	0x567e	0x6	6d8e99f8	exact							
3099	0x77b59d07836d	161	0x9975a	0x26f073	0x26f077	+0x4	tail	0x99b3a	195	0x9fb50	0x73f2	0x1e8	0x567e	0x6	0x80	0x509c	f273e801	exact							
3100	0x77b59d07836d	169	0x9af18	0x249468	0x24946c	+0x4	tail	0x9b0c5	354	0xc2241	0x162	0x1e8	0xbd	0x99	0xefbc	0xfe4f	6201e801	exact							
3101	0x77b59d07836d	354	0xc2241	0x24946c	0x24946e	+0x2	tail	0xc240d	189	0x9e7af	0xbd	0x99	0xefbc	0xfe4f	0xb5ba	0x19cf	bd00	exact							
3102	0x77b59d07836d	189	0x9e7af	0x24946e	0x249472	+0x4	tail	0x9eac9	199	0xa0631	0x99	0xefbc	0xfe4f	0xb5ba	0x19cf	0xc4bb	9900bcef	exact							
3103	0x77b59d07836d	199	0xa0631	0x249472	0x249475	+0x3	tail	0xa0a9c	43	0x8173d	0xfe4f	0xb5ba	0x19cf	0xc4bb	0xe839	0xc901	4ffeba	exact							
3104	0x77b59d07836d	43	0x8173d	0x249475	0x249479	+0x4	tail	0x81b7c	26	0x7dbbb	0xcfb5	0xbb19	0x39c4	0x1e8	0xbdc9	0xc487	b5cf19bb	exact							
3105	0x77b59d07836d	26	0x7dbbb	0x249479	0x24947d	+0x4	tail	0x7dfbd	297	0xb64d7	0x39c4	0x1e8	0xbdc9	0xc487	0xb98d	0x63c9	c439e801	exact							
3106	0x77b59d07836d	297	0xb64d7	0x24947d	0x249480	+0x3	tail	0xb68ff	337	0xbec0e	0xbdc9	0xc487	0xb98d	0x63c9	0xab3a	0xe800	c9bd87	exact							
3107	0x77b59d07836d	337	0xbec0e	0x249480	0x249484	+0x4	tail	0xbf126	157	0x98a9a	0x8dc4	0xc9b9	0x3a63	0xab	0x1e8	0x8b58	c48db9c9	exact							
3108	0x77b59d07836d	157	0x98a9a	0x249484	0x249488	+0x4	tail	0x99026	33	0x7f7c4	0x3a63	0xab	0x1e8	0x8b58	0x31ac	0xf681	633aab00	exact							
3109	0x77b59d07836d	33	0x7f7c4	0x249488	0x24948c	+0x4	tail	0x7fba1	337	0xbec0e	0x1e8	0x8b58	0x31ac	0xf681	0x1acf	0x9ed4	e801588b	exact							
3110	0x77b59d07836d	337	0xbec0e	0x24948c	0x249490	+0x4	tail	0xbf126	196	0x9fbcd	0x31ac	0xf681	0x1acf	0x9ed4	0x1372	0x6a34	ac3181f6	exact							
3111	0x77b59d07836d	196	0x9fbcd	0x249490	0x249494	+0x4	tail	0xa0068	18	0x7be9b	0x1acf	0x9ed4	0x1372	0x6a34	0xe89f	0xdb01	cf1ad49e	exact							
3112	0x77b59d07836d	18	0x7be9b	0x249494	0x249497	+0x3	tail	0x7c308	346	0xc0535	0x1372	0x6a34	0xe89f	0xdb01	0x28cf	0xd800	721334	exact							
3113	0x77b59d07836d	346	0xc0535	0x249497	0x24949b	+0x4	tail	0xc088b	333	0xbd8af	0x9f6a	0x1e8	0xcfdb	0x28	0xad8	0x917c	6a9fe801	exact							
3114	0x77b59d07836d	333	0xbd8af	0x24949b	0x24949f	+0x4	tail	0xbdd16	28	0x7e390	0xcfdb	0x28	0xad8	0x917c	0xb82	0xe8c3	dbcf2800	exact							
3115	0x77b59d07836d	28	0x7e390	0x24949f	0x2494a2	+0x3	tail	0x7e7ca	347	0xc088d	0xad8	0x917c	0xb82	0xe8c3	0x6101	0xe1f8	d80a7c	exact							
3116	0x77b59d07836d	347	0xc088d	0x2494a2	0x2494a6	+0x4	tail	0xc0d7b	315	0xb9451	0x8291	0xc30b	0x1e8	0xf861	0x22e1	0x76d	91820bc3	exact							
3117	0x77b59d07836d	315	0xb9451	0x2494a6	0x2494aa	+0x4	tail	0xb9878	258	0xadf2c	0x1e8	0xf861	0x22e1	0x76d	0x658	0x9f8e	e80161f8	exact							
3118	0x77b59d07836d	258	0xadf2c	0x2494aa	0x2494ae	+0x4	tail	0xae32f	28	0x7e390	0x22e1	0x76d	0x658	0x9f8e	0x2f9f	0x6dc3	e1226d07	exact							
3119	0x77b59d07836d	28	0x7e390	0x2494ae	0x2494b1	+0x3	tail	0x7e7ca	203	0xa1484	0x658	0x9f8e	0x2f9f	0x6dc3	0xe89d	0x5f01	58068e	exact							
3120	0x77b59d07836d	203	0xa1484	0x2494b1	0x2494b5	+0x4	tail	0xa1936	243	0xaab6a	0x9f9f	0xc32f	0x9d6d	0x1e8	0xfb5f	0xe9dc	9f9f2fc3	exact							
3121	0x77b59d07836d	243	0xaab6a	0x2494b5	0x2494b9	+0x4	tail	0xaaf3c	189	0x9e7af	0x9d6d	0x1e8	0xfb5f	0xe9dc	0x919f	0x9623	6d9de801	exact							
3122	0x77b59d07836d	189	0x9e7af	0x2494b9	0x2494bd	+0x4	tail	0x9eac9	203	0xa1484	0xfb5f	0xe9dc	0x919f	0x9623	0x3dbe	0xa0b3	5ffbdce9	exact							
3123	0x77b59d07836d	203	0xa1484	0x2494bd	0x2494c1	+0x4	tail	0xa1936	307	0xb8064	0x919f	0x9623	0x3dbe	0xa0b3	0xe87a	0x8c01	9f912396	exact							
3124	0x77b59d07836d	307	0xb8064	0x2494c1	0x2494c4	+0x3	tail	0xb837a	305	0xb78b0	0x3dbe	0xa0b3	0xe87a	0x8c01	0xcb13	0x1a00	be3db3	exact							
3125	0x77b59d07836d	305	0xb78b0	0x2494c4	0x2494c8	+0x4	tail	0xb7bb8	340	0xbf435	0x7aa0	0x1e8	0x138c	0xcb	0x4e1a	0xd5dd	a07ae801	exact							
3126	0x77b59d07836d	340	0xbf435	0x2494c8	0x2494cc	+0x4	tail	0xbf886	196	0x9fbcd	0x138c	0xcb	0x4e1a	0xd5dd	0xad0	0xb3e0	8c13cb00	exact							
3127	0x77b59d07836d	196	0x9fbcd	0x2494cc	0x2494d0	+0x4	tail	0xa0068	215	0xa4609	0x4e1a	0xd5dd	0xad0	0xb3e0	0xe8c2	0x3001	1a4eddd5	exact							
3128	0x77b59d07836d	215	0xa4609	0x2494d0	0x2494d3	+0x3	tail	0xa4a5e	346	0xc0535	0xad0	0xb3e0	0xe8c2	0x3001	0x2ec4	0x66c7	d00ae0	exact							
3129	0x77b59d07836d	346	0xc0535	0x2494d3	0x2494d7	+0x4	tail	0xc088b	66	0x855ff	0xc2b3	0x1e8	0xc430	0xc72e	0x1e66	0xd1da	b3c2e801	exact							
3130	0x77b59d07836d	66	0x855ff	0x2494d7	0x2494da	+0x3	tail	0x859f9	168	0x9aa83	0xc430	0xc72e	0x1e66	0xd1da	0x390b	0x2426	30c42e	exact							
3131	0x77b59d07836d	168	0x9aa83	0x2494da	0x2494de	+0x4	tail	0x9af16	347	0xc088d	0x66c7	0xda1e	0xbd1	0x2639	0xa524	0x1e8	c7661eda	exact							
3132	0x77b59d07836d	347	0xc088d	0x2494de	0x2494e2	+0x4	tail	0xc0d7b	305	0xb78b0	0xbd1	0x2639	0xa524	0x1e8	0x17	0xec4c	d10b3926	exact							
3133	0x77b59d07836d	305	0xb78b0	0x2494e2	0x2494e6	+0x4	tail	0xb7bb8	189	0x9e7af	0xa524	0x1e8	0x17	0xec4c	0x81db	0xa13a	24a5e801	exact							
3134	0x77b59d07836d	189	0x9e7af	0x2494e6	0x2494ea	+0x4	tail	0x9eac9	185	0x9d964	0x17	0xec4c	0x81db	0xa13a	0xe3ba	0xa00a	17004cec	exact							
3135	0x77b59d07836d	185	0x9d964	0x2494ea	0x2494ed	+0x3	tail	0x9dcab	172	0x9b68a	0x81db	0xa13a	0xe3ba	0xa00a	0xe8cc	0xfa01	db813a	exact							
3136	0x77b59d07836d	172	0x9b68a	0x2494ed	0x2494f1	+0x4	tail	0x9ba72	26	0x7dbbb	0xbaa1	0xae3	0xcca0	0x1e8	0x44fa	0x19d	a1bae30a	exact							
3137	0x77b59d07836d	26	0x7dbbb	0x2494f1	0x2494f5	+0x4	tail	0x7dfbd	157	0x98a9a	0xcca0	0x1e8	0x44fa	0x19d	0xa9ac	0x19d	a0cce801	exact							
3138	0x77b59d07836d	157	0x98a9a	0x2494f5	0x2494f9	+0x4	tail	0x99026	340	0xbf435	0x44fa	0x19d	0xa9ac	0x19d	0x798	0xc5be	fa449d01	exact							
3139	0x77b59d07836d	340	0xbf435	0x2494f9	0x2494fd	+0x4	tail	0xbf886	28	0x7e390	0xa9ac	0x19d	0x798	0xc5be	0xe89d	0xcc01	aca99d01	exact							
3140	0x77b59d07836d	28	0x7e390	0x2494fd	0x249500	+0x3	tail	0x7e7ca	243	0xaab6a	0x798	0xc5be	0xe89d	0xcc01	0xd3b0	0x900a	9807be	exact							
3141	0x77b59d07836d	243	0xaab6a	0x249500	0x249504	+0x4	tail	0xaaf3c	172	0x9b68a	0x9dc5	0x1e8	0xb0cc	0xad3	0x390	0xcd0a	c59de801	exact							
3142	0x77b59d07836d	172	0x9b68a	0x249504	0x249508	+0x4	tail	0x9ba72	28	0x7e390	0xb0cc	0xad3	0x390	0xcd0a	0x1a06	0xe8bc	ccb0d30a	exact							
3143	0x77b59d07836d	28	0x7e390	0x249508	0x24950b	+0x3	tail	0x7e7ca	114	0x90319	0x390	0xcd0a	0x1a06	0xe8bc	0x7201	0xe342	90030a	exact							
3144	0x77b59d07836d	114	0x90319	0x24950b	0x24950f	+0x4	tail	0x90893	33	0x7f7c4	0x6cd	0xbc1a	0x1e8	0x4272	0xfe3	0x953a	cd061abc	exact							
3145	0x77b59d07836d	33	0x7f7c4	0x24950f	0x249513	+0x4	tail	0x7fba1	185	0x9d964	0x1e8	0x4272	0xfe3	0x953a	0x1502	0x9fa3	e8017242	exact							
3146	0x77b59d07836d	185	0x9d964	0x249513	0x249516	+0x3	tail	0x9dcab	347	0xc088d	0xfe3	0x953a	0x1502	0x9fa3	0x91fa	0x8100	e30f3a	exact							
3147	0x77b59d07836d	347	0xc088d	0x249516	0x24951a	+0x4	tail	0xc0d7b	333	0xbd8af	0x295	0xa315	0xfa9f	0x91	0xed81	0x1e8	950215a3	exact							
3148	0x77b59d07836d	333	0xbd8af	0x24951a	0x24951e	+0x4	tail	0xbdd16	346	0xc0535	0xfa9f	0x91	0xed81	0x1e8	0x4097	0x98f3	9ffa9100	exact							
3149	0x77b59d07836d	346	0xc0535	0x24951e	0x249522	+0x4	tail	0xc088b	297	0xb64d7	0xed81	0x1e8	0x4097	0x98f3	0x91f5	0x2b00	81ede801	exact							
3150	0x77b59d07836d	297	0xb64d7	0x249522	0x249525	+0x3	tail	0xb68ff	340	0xbf435	0x4097	0x98f3	0x91f5	0x2b00	0x91a0	0xe800	9740f3	exact							
3151	0x77b59d07836d	340	0xbf435	0x249525	0x249529	+0x4	tail	0xbf886	157	0x98a9a	0xf598	0x91	0xa02b	0x91	0x1e8	0xf129	98f59100	exact							
3152	0x77b59d07836d	157	0x98a9a	0x249529	0x24952d	+0x4	tail	0x99026	315	0xb9451	0xa02b	0x91	0x1e8	0xf129	0x51f2	0x2f8e	2ba09100	exact							
3153	0x77b59d07836d	315	0xb9451	0x24952d	0x249531	+0x4	tail	0xb9878	43	0x8173d	0x1e8	0xf129	0x51f2	0x2f8e	0x7e6c	0xd3	e80129f1	exact							
3154	0x77b59d07836d	43	0x8173d	0x249531	0x249535	+0x4	tail	0x81b7c	340	0xbf435	0x51f2	0x2f8e	0x7e6c	0xd3	0xad0	0xd9ae	f2518e2f	exact							
3155	0x77b59d07836d	340	0xbf435	0x249535	0x249539	+0x4	tail	0xbf886	28	0x7e390	0x7e6c	0xd3	0xad0	0xd9ae	0xe82f	0x4001	6c7ed300	exact							
3156	0x77b59d07836d	28	0x7e390	0x249539	0x24953c	+0x3	tail	0x7e7ca	346	0xc0535	0xad0	0xd9ae	0xe82f	0x4001	0x8805	0x66fc	d00aae	exact							
3157	0x77b59d07836d	346	0xc0535	0x24953c	0x249540	+0x4	tail	0xc088b	215	0xa4609	0x2fd9	0x1e8	0x540	0xfc88	0x8566	0x44d9	d92fe801	exact							
3158	0x77b59d07836d	215	0xa4609	0x249540	0x249543	+0x3	tail	0xa4a5e	168	0x9aa83	0x540	0xfc88	0x8566	0x44d9	0x7917	0xe800	400588	exact							
3159	0x77b59d07836d	168	0x9aa83	0x249543	0x249547	+0x4	tail	0x9af16	340	0xbf435	0x66fc	0xd985	0x1744	0x79	0x1e8	0xf129	fc6685d9	exact							
3160	0x77b59d07836d	340	0xbf435	0x249547	0x24954b	+0x4	tail	0xbf886	315	0xb9451	0x1744	0x79	0x1e8	0xf129	0xe173	0x95cf	44177900	exact							
3161	0x77b59d07836d	315	0xb9451	0x24954b	0x24954f	+0x4	tail	0xb9878	43	0x8173d	0x1e8	0xf129	0xe173	0x95cf	0x390	0x7dbe	e80129f1	exact							
3162	0x77b59d07836d	43	0x8173d	0x24954f	0x249553	+0x4	tail	0x81b7c	28	0x7e390	0xe173	0x95cf	0x390	0x7dbe	0x5a62	0x52ae	73e1cf95	exact							
3163	0x77b59d07836d	28	0x7e390	0x249553	0x249556	+0x3	tail	0x7e7ca	114	0x90319	0x390	0x7dbe	0x5a62	0x52ae	0xe8df	0xe801	9003be	exact							
3164	0x77b59d07836d	114	0x90319	0x249556	0x24955a	+0x4	tail	0x90893	26	0x7dbbb	0x627d	0xae5a	0xdf52	0x1e8	0x1e8	0x13d	7d625aae	exact							
3165	0x77b59d07836d	26	0x7dbbb	0x24955a	0x24955e	+0x4	tail	0x7dfbd	167	0x9a8d2	0xdf52	0x1e8	0x1e8	0x13d	0x4203	0x1e8	52dfe801	exact							
3166	0x77b59d07836d	167	0x9a8d2	0x24955e	0x249564	+0x6	tail	0x9aa81	295	0xb60e0	0x1e8	0x13d	0x4203	0x1e8	0xd452	0x4410	e8013d010342	exact							
3167	0x77b59d07836d	295	0xb60e0	0x249564	0x249569	+0x5	tail	0xb625a	268	0xb0007	0x1e8	0xd452	0x4410	0xa1e3	0x516c	0xe9b0	e80152d410	exact							
3168	0x77b59d07836d	268	0xb0007	0x249569	0x24956d	+0x4	tail	0xb0458	347	0xc088d	0xe344	0x6ca1	0xb051	0x18e9	0x7d80	0x58ad	44e3a16c	exact							
3169	0x77b59d07836d	347	0xc088d	0x24956d	0x249571	+0x4	tail	0xc0d7b	307	0xb8064	0xb051	0x18e9	0x7d80	0x58ad	0x8c3f	0x1331	51b0e918	exact							
3170	0x77b59d07836d	307	0xb8064	0x249571	0x249574	+0x3	tail	0xb837a	121	0x91379	0x7d80	0x58ad	0x8c3f	0x1331	0xe806	0xb101	807dad	exact							
3171	0x77b59d07836d	121	0x91379	0x249574	0x249578	+0x4	tail	0x9170b	180	0x9cf32	0x3f58	0x318c	0x613	0x1e8	0x25b1	0x3d00	583f8c31	exact							
3172	0x77b59d07836d	180	0x9cf32	0x249578	0x24957c	+0x4	tail	0x9d13d	3	0x78c77	0x613	0x1e8	0x25b1	0x3d00	0x3701	0x56ed	1306e801	exact							
3173	0x77b59d07836d	3	0x78c77	0x24957c	0x249581	+0x5	tail	0x792f5	108	0x8f24b	0x25b1	0x3d00	0x3701	0x56ed	0xd5b9	0x12a0	b125003d01	exact							
3174	0x77b59d07836d	108	0x8f24b	0x249581	0x249583	+0x2	tail	0x8f6cf	253	0xacfb1	0xed37	0xb956	0xa0d5	0xf712	0xf73e	0x8352	37ed	exact							
3175	0x77b59d07836d	253	0xacfb1	0x249583	0x249589	+0x6	tail	0xad329	43	0x8173d	0xb956	0xa0d5	0xf712	0xf73e	0x8352	0xa88	56b9d5a012f7	exact							
3176	0x77b59d07836d	43	0x8173d	0x249589	0x24958d	+0x4	tail	0x81b7c	18	0x7be9b	0xf73e	0x8352	0xa88	0xf87a	0xf0e8	0x3d0a	3ef75283	exact							
3177	0x77b59d07836d	18	0x7be9b	0x24958d	0x249590	+0x3	tail	0x7c308	337	0xbec0e	0xa88	0xf87a	0xf0e8	0x3d0a	0x7e01	0x76	880a7a	exact							
3178	0x77b59d07836d	337	0xbec0e	0x249590	0x249594	+0x4	tail	0xbf126	319	0xba72f	0xe8f8	0xaf0	0x13d	0x767e	0x3600	0xa450	f8e8f00a	exact							
3179	0x77b59d07836d	319	0xba72f	0x249594	0x249599	+0x5	tail	0xbada2	256	0xad849	0x13d	0x767e	0x3600	0xa450	0xb31b	0xa700	3d017e7600	exact							
3180	0x77b59d07836d	256	0xad849	0x249599	0x24959b	+0x2	tail	0xadbfa	340	0xbf435	0x5036	0x1ba4	0xb3	0xea7	0x3aa2	0x9cbb	3650	exact							
3181	0x77b59d07836d	340	0xbf435	0x24959b	0x24959f	+0x4	tail	0xbf886	199	0xa0631	0x1ba4	0xb3	0xea7	0x3aa2	0x9cbb	0x57b1	a41bb300	exact							
3182	0x77b59d07836d	199	0xa0631	0x24959f	0x2495a2	+0x3	tail	0xa0a9c	179	0x9ca8d	0xea7	0x3aa2	0x9cbb	0x57b1	0xfaec	0x25b	a70ea2	exact							
3183	0x77b59d07836d	179	0x9ca8d	0x2495a2	0x2495a7	+0x5	tail	0x9cf2f	172	0x9b68a	0xbb3a	0xb19c	0xec57	0x5bfa	0x2	0x13d	3abb9cb157	exact							
3184	0x77b59d07836d	172	0x9b68a	0x2495a7	0x2495ab	+0x4	tail	0x9ba72	269	0xb045b	0xfaec	0x25b	0x3d00	0xdf01	0xcf3f	0xf3b	ecfa5b02	exact							
3185	0x77b59d07836d	269	0xb045b	0x2495ab	0x2495b0	+0x5	tail	0xb092e	198	0xa037e	0x3d00	0xdf01	0xcf3f	0xf3b	0xc518	0x18a0	003d01df3f	exact							
3186	0x77b59d07836d	198	0xa037e	0x2495b0	0x2495b2	+0x2	tail	0xa062e	30	0x7e849	0x3bcf	0x180f	0xa0c5	0x8a18	0xea5d	0xf07b	cf3b	exact							
3187	0x77b59d07836d	30	0x7e849	0x2495b2	0x2495b6	+0x4	tail	0x7ecd0	337	0xbec0e	0x180f	0xa0c5	0x8a18	0xea5d	0xf07b	0x2319	0f18c5a0	exact							
3188	0x77b59d07836d	337	0xbec0e	0x2495b6	0x2495ba	+0x4	tail	0xbf126	297	0xb64d7	0x8a18	0xea5d	0xf07b	0x2319	0xde6f	0xd5	188a5dea	exact							
3189	0x77b59d07836d	297	0xb64d7	0x2495ba	0x2495bd	+0x3	tail	0xb68ff	168	0x9aa83	0xf07b	0x2319	0xde6f	0xd5	0x13d	0x1aff	7bf019	exact							
3190	0x77b59d07836d	168	0x9aa83	0x2495bd	0x2495c1	+0x4	tail	0x9af16	220	0xa522e	0x6f23	0xd5de	0x3d00	0xff01	0x6e1a	0x48fb	236fded5	exact							
3191	0x77b59d07836d	220	0xa522e	0x2495c1	0x2495c6	+0x5	tail	0xa5886	256	0xad849	0x3d00	0xff01	0x6e1a	0x48fb	0xe075	0x101c	003d01ff1a	exact							
3192	0x77b59d07836d	256	0xad849	0x2495c6	0x2495c8	+0x2	tail	0xadbfa	200	0xa0a9e	0xfb6e	0x7548	0x1ce0	0x210	0x2c4f	0x637c	6efb	exact							
3193	0x77b59d07836d	200	0xa0a9e	0x2495c8	0x2495ce	+0x6	tail	0xa0dc7	66	0x855ff	0x7548	0x1ce0	0x210	0x2c4f	0x637c	0x6c14	4875e01c1002	exact							
3194	0x77b59d07836d	66	0x855ff	0x2495ce	0x2495d1	+0x3	tail	0x859f9	337	0xbec0e	0x2c4f	0x637c	0x6c14	0x355	0x68d1	0xeb00	4f2c7c	exact							
3195	0x77b59d07836d	337	0xbec0e	0x2495d1	0x2495d5	+0x4	tail	0xbf126	333	0xbd8af	0x1463	0x556c	0xd103	0x68	0x1eb	0x3d00	63146c55	exact							
3196	0x77b59d07836d	333	0xbd8af	0x2495d5	0x2495d9	+0x4	tail	0xbdd16	37	0x80685	0xd103	0x68	0x1eb	0x3d00	0x8f01	0x3909	03d16800	exact							
3197	0x77b59d07836d	37	0x80685	0x2495d9	0x2495de	+0x5	tail	0x80d77	257	0xadbfd	0x1eb	0x3d00	0x8f01	0x3909	0xaf9d	0xb083	eb01003d01	exact							
3198	0x77b59d07836d	257	0xadbfd	0x2495de	0x2495e0	+0x2	tail	0xadf29	307	0xb8064	0x98f	0x9d39	0x83af	0x74b0	0x98e5	0x298	8f09	exact							
3199	0x77b59d07836d	307	0xb8064	0x2495e0	0x2495e3	+0x3	tail	0xb837a	189	0x9e7af	0x9d39	0x83af	0x74b0	0x98e5	0x298	0x1847	399daf	exact							
3200	0x77b59d07836d	189	0x9e7af	0x2495e3	0x2495e7	+0x4	tail	0x9eac9	254	0xad32c	0xb083	0xe574	0x9898	0x4702	0x3918	0x35b	83b074e5	exact							
3201	0x77b59d07836d	254	0xad32c	0x2495e7	0x2495eb	+0x4	tail	0xad766	172	0x9b68a	0x9898	0x4702	0x3918	0x35b	0x3d00	0xa301	98980247	exact							
3202	0x77b59d07836d	172	0x9b68a	0x2495eb	0x2495ef	+0x4	tail	0x9ba72	301	0xb708d	0x3918	0x35b	0x3d00	0xa301	0xef7c	0xb5dc	18395b03	exact							
3203	0x77b59d07836d	301	0xb708d	0x2495ef	0x2495f4	+0x5	tail	0xb7583	256	0xad849	0x3d00	0xa301	0xef7c	0xb5dc	0x1373	0x8b01	003d01a37c	exact							
3204	0x77b59d07836d	256	0xad849	0x2495f4	0x2495f6	+0x2	tail	0xadbfa	300	0xb6c36	0xdcef	0x73b5	0x113	0xf68b	0x1e8	0xf7e3	efdc	exact							
3205	0x77b59d07836d	300	0xb6c36	0x2495f6	0x2495fa	+0x4	tail	0xb708a	91	0x8b6de	0x73b5	0x113	0xf68b	0x1e8	0xf7e3	0x68	b5731301	exact							
3206	0x77b59d07836d	91	0x8b6de	0x2495fa	0x2495fe	+0x4	tail	0x8b8c9	333	0xbd8af	0xf68b	0x1e8	0xf7e3	0x68	0x5c58	0xc4de	8bf6e801	exact							
3207	0x77b59d07836d	333	0xbd8af	0x2495fe	0x249602	+0x4	tail	0xbdd16	258	0xadf2c	0xf7e3	0x68	0x5c58	0xc4de	0x868	0x48	e3f76800	exact							
3208	0x77b59d07836d	258	0xadf2c	0x249602	0x249606	+0x4	tail	0xae32f	215	0xa4609	0x5c58	0xc4de	0x868	0x48	0x13d	0x3967	585cdec4	exact							
3209	0x77b59d07836d	215	0xa4609	0x249606	0x249609	+0x3	tail	0xa4a5e	269	0xb045b	0x868	0x48	0x13d	0x3967	0x9917	0xc29e	680848	exact							
3210	0x77b59d07836d	269	0xb045b	0x249609	0x24960e	+0x5	tail	0xb092e	144	0x95887	0x3d00	0x6701	0x1739	0x9e99	0x2dc2	0x3410	003d016739	exact							
3211	0x77b59d07836d	144	0x95887	0x24960e	0x249610	+0x2	tail	0x95b59	253	0xacfb1	0x9917	0xc29e	0x102d	0xc334	0xb8b4	0x68	1799	exact							
3212	0x77b59d07836d	253	0xacfb1	0x249610	0x249616	+0x6	tail	0xad329	340	0xbf435	0xc29e	0x102d	0xc334	0xb8b4	0x68	0x14d8	9ec22d1034c3	exact							
3213	0x77b59d07836d	340	0xbf435	0x249616	0x24961a	+0x4	tail	0xbf886	185	0x9d964	0xb8b4	0x68	0x14d8	0xff3a	0x68f1	0xab00	b4b86800	exact							
3214	0x77b59d07836d	185	0x9d964	0x24961a	0x24961d	+0x3	tail	0x9dcab	333	0xbd8af	0x14d8	0xff3a	0x68f1	0xab00	0x8e	0x13d	d8143a	exact							
3215	0x77b59d07836d	333	0xbd8af	0x24961d	0x249621	+0x4	tail	0xbdd16	70	0x8610e	0xf1ff	0x68	0x8eab	0x3d00	0x1201	0xbfcc	fff16800	exact							
3216	0x77b59d07836d	70	0x8610e	0x249621	0x249626	+0x5	tail	0x86763	108	0x8f24b	0x8eab	0x3d00	0x1201	0xbfcc	0x8f41	0xa713	ab8e003d01	exact							
3217	0x77b59d07836d	108	0x8f24b	0x249626	0x249628	+0x2	tail	0x8f6cf	154	0x97ce6	0xcc12	0x41bf	0x138f	0x12a7	0x677b	0xf7a8	12cc	exact							
3218	0x77b59d07836d	154	0x97ce6	0x249628	0x24962c	+0x4	tail	0x980a9	43	0x8173d	0x41bf	0x138f	0x12a7	0x677b	0xf7a8	0xb3	bf418f13	exact							
3219	0x77b59d07836d	43	0x8173d	0x24962c	0x249630	+0x4	tail	0x81b7c	64	0x85059	0x12a7	0x677b	0xf7a8	0xb3	0x6e0	0x96	a7127b67	exact							
3220	0x77b59d07836d	64	0x85059	0x249630	0x249634	+0x4	tail	0x8536e	28	0x7e390	0xf7a8	0xb3	0x6e0	0x96	0x13d	0x8754	a8f7b300	exact							
3221	0x77b59d07836d	28	0x7e390	0x249634	0x249637	+0x3	tail	0x7e7ca	220	0xa522e	0x6e0	0x96	0x13d	0x8754	0x45f6	0xf287	e00696	exact							
3222	0x77b59d07836d	220	0xa522e	0x249637	0x24963c	+0x5	tail	0xa5886	256	0xad849	0x3d00	0x5401	0xf687	0x8745	0x9df2	0xc301	003d015487	exact							
3223	0x77b59d07836d	256	0xad849	0x24963c	0x24963e	+0x2	tail	0xadbfa	333	0xbd8af	0x45f6	0xf287	0x19d	0x98c3	0xe14c	0x3d63	f645	exact							
3224	0x77b59d07836d	333	0xbd8af	0x24963e	0x249642	+0x4	tail	0xbdd16	114	0x90319	0xf287	0x19d	0x98c3	0xe14c	0x3d63	0x476a	87f29d01	exact							
3225	0x77b59d07836d	114	0x90319	0x249642	0x249646	+0x4	tail	0x90893	254	0xad32c	0x98c3	0xe14c	0x3d63	0x476a	0xfee3	0x993a	c3984ce1	exact							
3226	0x77b59d07836d	254	0xad32c	0x249646	0x24964a	+0x4	tail	0xad766	185	0x9d964	0x3d63	0x476a	0xfee3	0x993a	0x6	0x13d	633d6a47	exact							
3227	0x77b59d07836d	185	0x9d964	0x24964a	0x24964d	+0x3	tail	0x9dcab	3	0x78c77	0xfee3	0x993a	0x6	0x13d	0x975f	0x89db	e3fe3a	exact							
3228	0x77b59d07836d	3	0x78c77	0x24964d	0x249652	+0x5	tail	0x792f5	144	0x95887	0x699	0x3d00	0x5f01	0xdb97	0xdb89	0x83f5	9906003d01	exact							
3229	0x77b59d07836d	144	0x95887	0x249652	0x249654	+0x2	tail	0x95b59	64	0x85059	0x975f	0x89db	0xf5db	0x8d83	0xcef	0xb80	5f97	exact							
3230	0x77b59d07836d	64	0x85059	0x249654	0x249658	+0x4	tail	0x8536e	121	0x91379	0x89db	0xf5db	0x8d83	0xcef	0xb80	0x87da	db89dbf5	exact							
3231	0x77b59d07836d	121	0x91379	0x249658	0x24965c	+0x4	tail	0x9170b	18	0x7be9b	0x8d83	0xcef	0xb80	0x87da	0xc374	0x8	838def0c	exact							
3232	0x77b59d07836d	18	0x7be9b	0x24965c	0x24965f	+0x3	tail	0x7c308	43	0x8173d	0xb80	0x87da	0xc374	0x8	0x13d	0xbcf9	800bda	exact							
3233	0x77b59d07836d	43	0x8173d	0x24965f	0x249663	+0x4	tail	0x81b7c	269	0xb045b	0x7487	0x8c3	0x3d00	0xf901	0x86bc	0x3dd6	8774c308	exact							
3234	0x77b59d07836d	269	0xb045b	0x249663	0x249668	+0x5	tail	0xb092e	352	0xc1ec4	0x3d00	0xf901	0x86bc	0x3dd6	0x2241	0x6200	003d01f9bc	exact							
3235	0x77b59d07836d	352	0xc1ec4	0x249668	0x24966a	+0x2	tail	0xc21c0	114	0x90319	0xd686	0x413d	0x22	0xbd62	0x8aae	0xe872	86d6	exact							
3236	0x77b59d07836d	114	0x90319	0x24966a	0x24966e	+0x4	tail	0x90893	307	0xb8064	0x413d	0x22	0xbd62	0x8aae	0xe872	0xd401	3d412200	exact							
3237	0x77b59d07836d	307	0xb8064	0x24966e	0x249671	+0x3	tail	0xb837a	161	0x9975a	0xbd62	0x8aae	0xe872	0xd401	0xa372	0x80be	62bdae	exact							
3238	0x77b59d07836d	161	0x9975a	0x249671	0x249675	+0x4	tail	0x99b3a	114	0x90319	0x728a	0x1e8	0x72d4	0xbea3	0x580	0xe868	8a72e801	exact							
3239	0x77b59d07836d	114	0x90319	0x249675	0x249679	+0x4	tail	0x90893	28	0x7e390	0x72d4	0xbea3	0x580	0xe868	0xbe01	0x3d72	d472a3be	exact							
3240	0x77b59d07836d	28	0x7e390	0x249679	0x24967c	+0x3	tail	0x7e7ca	176	0x9c10b	0x580	0xe868	0xbe01	0x3d72	0xe801	0x6c01	800568	exact							
3241	0x77b59d07836d	176	0x9c10b	0x24967c	0x249680	+0x4	tail	0x9c3f4	181	0x9d13f	0x1e8	0x72be	0x13d	0x1e8	0xe46c	0x79ec	e801be72	exact							
3242	0x77b59d07836d	181	0x9d13f	0x249680	0x249686	+0x6	tail	0x9d24a	337	0xbec0e	0x13d	0x1e8	0xe46c	0x79ec	0x3157	0x570	3d01e8016ce4	exact							
3243	0x77b59d07836d	337	0xbec0e	0x249686	0x24968a	+0x4	tail	0xbf126	28	0x7e390	0x79ec	0x3157	0x570	0x1842	0xe897	0x7d01	ec795731	exact							
3244	0x77b59d07836d	28	0x7e390	0x24968a	0x24968d	+0x3	tail	0x7e7ca	174	0x9bd8f	0x570	0x1842	0xe897	0x7d01	0x9a51	0x50a4	700542	exact							
3245	0x77b59d07836d	174	0x9bd8f	0x24968d	0x249691	+0x4	tail	0x9c08c	297	0xb64d7	0x9718	0x1e8	0x517d	0xa49a	0xd050	0xe8fb	1897e801	exact							
3246	0x77b59d07836d	297	0xb64d7	0x249691	0x249694	+0x3	tail	0xb68ff	64	0x85059	0x517d	0xa49a	0xd050	0xe8fb	0x9501	0x3ef5	7d519a	exact							
3247	0x77b59d07836d	64	0x85059	0x249694	0x249698	+0x4	tail	0x8536e	158	0x99029	0x50a4	0xfbd0	0x1e8	0xf595	0x93e	0x980a	a450d0fb	exact							
3248	0x77b59d07836d	158	0x99029	0x249698	0x24969c	+0x4	tail	0x992ca	258	0xadf2c	0x1e8	0xf595	0x93e	0x980a	0x25ad	0xa3af	e80195f5	exact							
3249	0x77b59d07836d	258	0xadf2c	0x24969c	0x2496a0	+0x4	tail	0xae32f	307	0xb8064	0x93e	0x980a	0x25ad	0xa3af	0xe8c0	0x8001	3e090a98	exact							
3250	0x77b59d07836d	307	0xb8064	0x2496a0	0x2496a3	+0x3	tail	0xb837a	174	0x9bd8f	0x25ad	0xa3af	0xe8c0	0x8001	0x5288	0xc003	ad25af	exact							
3251	0x77b59d07836d	174	0x9bd8f	0x2496a3	0x2496a7	+0x4	tail	0x9c08c	347	0xc088d	0xc0a3	0x1e8	0x8880	0x352	0xcc0	0xe8b6	a3c0e801	exact							
3252	0x77b59d07836d	347	0xc088d	0x2496a7	0x2496ab	+0x4	tail	0xc0d7b	18	0x7be9b	0x8880	0x352	0xcc0	0xe8b6	0xdd01	0x107a	80885203	exact							
3253	0x77b59d07836d	18	0x7be9b	0x2496ab	0x2496ae	+0x3	tail	0x7c308	20	0x7c62b	0xcc0	0xe8b6	0xdd01	0x107a	0x74f9	0xc7e6	c00cb6	exact							
3254	0x77b59d07836d	20	0x7c62b	0x2496ae	0x2496b2	+0x4	tail	0x7ca96	189	0x9e7af	0x1e8	0x7add	0xf910	0xe674	0xbac7	0xa20a	e801dd7a	exact							
3255	0x77b59d07836d	189	0x9e7af	0x2496b2	0x2496b6	+0x4	tail	0x9eac9	66	0x855ff	0xf910	0xe674	0xbac7	0xa20a	0xe85a	0xe001	10f974e6	exact							
3256	0x77b59d07836d	66	0x855ff	0x2496b6	0x2496b9	+0x3	tail	0x859f9	123	0x91a59	0xbac7	0xa20a	0xe85a	0xe001	0x6a0c	0xb905	c7ba0a	exact							
3257	0x77b59d07836d	123	0x91a59	0x2496b9	0x2496bd	+0x4	tail	0x91e7f	18	0x7be9b	0x5aa2	0x1e8	0xce0	0x56a	0xa1b9	0xe80c	a25ae801	exact							
3258	0x77b59d07836d	18	0x7be9b	0x2496bd	0x2496c0	+0x3	tail	0x7c308	347	0xc088d	0xce0	0x56a	0xa1b9	0xe80c	0x8901	0xa043	e00c6a	exact							
3259	0x77b59d07836d	347	0xc088d	0x2496c0	0x2496c4	+0x4	tail	0xc0d7b	20	0x7c62b	0xb905	0xca1	0x1e8	0x4389	0xaa0	0xaca7	05b9a10c	exact							
3260	0x77b59d07836d	20	0x7c62b	0x2496c4	0x2496c8	+0x4	tail	0x7ca96	215	0xa4609	0x1e8	0x4389	0xaa0	0xaca7	0x1305	0xe800	e8018943	exact							
3261	0x77b59d07836d	215	0xa4609	0x2496c8	0x2496cb	+0x3	tail	0xa4a5e	340	0xbf435	0xaa0	0xaca7	0x1305	0xe800	0x1501	0xdd70	a00aa7	exact							
3262	0x77b59d07836d	340	0xbf435	0x2496cb	0x2496cf	+0x4	tail	0xbf886	176	0x9c10b	0x5ac	0x13	0x1e8	0x7015	0x9dd	0x843b	ac051300	exact							
3263	0x77b59d07836d	176	0x9c10b	0x2496cf	0x2496d3	+0x4	tail	0x9c3f4	347	0xc088d	0x1e8	0x7015	0x9dd	0x843b	0xf605	0xe809	e8011570	exact							
3264	0x77b59d07836d	347	0xc088d	0x2496d3	0x2496d7	+0x4	tail	0xc0d7b	297	0xb64d7	0x9dd	0x843b	0xf605	0xe809	0xcd01	0x10c5	dd093b84	exact							
3265	0x77b59d07836d	297	0xb64d7	0x2496d7	0x2496da	+0x3	tail	0xb68ff	176	0x9c10b	0xf605	0xe809	0xcd01	0x10c5	0xfd08	0x477	05f609	exact							
3266	0x77b59d07836d	176	0x9c10b	0x2496da	0x2496de	+0x4	tail	0x9c3f4	28	0x7e390	0x1e8	0xc5cd	0x810	0x77fd	0x7504	0xac1	e801cdc5	exact							
3267	0x77b59d07836d	28	0x7e390	0x2496de	0x2496e1	+0x3	tail	0x7e7ca	258	0xadf2c	0x810	0x77fd	0x7504	0xac1	0xe877	0x3b01	1008fd	exact							
3268	0x77b59d07836d	258	0xadf2c	0x2496e1	0x2496e5	+0x4	tail	0xae32f	161	0x9975a	0x477	0xc175	0x770a	0x1e8	0x473b	0x5bf8	770475c1	exact							
3269	0x77b59d07836d	161	0x9975a	0x2496e5	0x2496e9	+0x4	tail	0x99b3a	258	0xadf2c	0x770a	0x1e8	0x473b	0x5bf8	0x26a0	0x28f7	0a77e801	exact							
3270	0x77b59d07836d	258	0xadf2c	0x2496e9	0x2496ed	+0x4	tail	0xae32f	18	0x7be9b	0x473b	0x5bf8	0x26a0	0x28f7	0xe872	0x1001	3b47f85b	exact							
3271	0x77b59d07836d	18	0x7be9b	0x2496ed	0x2496f0	+0x3	tail	0x7c308	184	0x9d694	0x26a0	0x28f7	0xe872	0x1001	0xf808	0xe1ce	a026f7	exact							
3272	0x77b59d07836d	184	0x9d694	0x2496f0	0x2496f4	+0x4	tail	0x9d961	28	0x7e390	0x7228	0x1e8	0x810	0xcef8	0xb3e1	0x7a3	2872e801	exact							
3273	0x77b59d07836d	28	0x7e390	0x2496f4	0x2496f7	+0x3	tail	0x7e7ca	258	0xadf2c	0x810	0xcef8	0xb3e1	0x7a3	0xe80d	0x8f01	1008f8	exact							
3274	0x77b59d07836d	258	0xadf2c	0x2496f7	0x2496fb	+0x4	tail	0xae32f	174	0x9bd8f	0xe1ce	0xa3b3	0xd07	0x1e8	0x438f	0x175c	cee1b3a3	exact							
3275	0x77b59d07836d	174	0x9bd8f	0x2496fb	0x2496ff	+0x4	tail	0x9c08c	64	0x85059	0xd07	0x1e8	0x438f	0x175c	0x2e6f	0x353a	070de801	exact							
3276	0x77b59d07836d	64	0x85059	0x2496ff	0x249703	+0x4	tail	0x8536e	185	0x9d964	0x438f	0x175c	0x2e6f	0x353a	0xe85e	0x7e01	8f435c17	exact							
3277	0x77b59d07836d	185	0x9d964	0x249703	0x249706	+0x3	tail	0x9dcab	174	0x9bd8f	0x2e6f	0x353a	0xe85e	0x7e01	0xacdb	0x6f90	6f2e3a	exact							
3278	0x77b59d07836d	174	0x9bd8f	0x249706	0x24970a	+0x4	tail	0x9c08c	66	0x855ff	0x5e35	0x1e8	0xdb7e	0x90ac	0x5e6f	0xe8bb	355ee801	exact							
3279	0x77b59d07836d	66	0x855ff	0x24970a	0x24970d	+0x3	tail	0x859f9	337	0xbec0e	0xdb7e	0x90ac	0x5e6f	0xe8bb	0xa601	0xa608	7edbac	exact							
3280	0x77b59d07836d	337	0xbec0e	0x24970d	0x249711	+0x4	tail	0xbf126	158	0x99029	0x6f90	0xbb5e	0x1e8	0x8a6	0x88a6	0xf2	906f5ebb	exact							
3281	0x77b59d07836d	158	0x99029	0x249711	0x249715	+0x4	tail	0x992ca	347	0xc088d	0x1e8	0x8a6	0x88a6	0xf2	0x42dd	0xc008	e801a608	exact							
3282	0x77b59d07836d	347	0xc088d	0x249715	0x249719	+0x4	tail	0xc0d7b	66	0x855ff	0x88a6	0xf2	0x42dd	0xc008	0xe8eb	0x9001	a688f200	exact							
3283	0x77b59d07836d	66	0x855ff	0x249719	0x24971c	+0x3	tail	0x859f9	123	0x91a59	0x42dd	0xc008	0xe8eb	0x9001	0xaf9d	0x28b9	dd4208	exact							
3284	0x77b59d07836d	123	0x91a59	0x24971c	0x249720	+0x4	tail	0x91e7f	307	0xb8064	0xebc0	0x1e8	0x9d90	0xb9af	0x3428	0x92ec	c0ebe801	exact							
3285	0x77b59d07836d	307	0xb8064	0x249720	0x249723	+0x3	tail	0xb837a	189	0x9e7af	0x9d90	0xb9af	0x3428	0x92ec	0xe8c0	0x3001	909daf	exact							
3286	0x77b59d07836d	189	0x9e7af	0x249723	0x249727	+0x4	tail	0x9eac9	184	0x9d694	0x28b9	0xec34	0xc092	0x1e8	0xbd30	0x24	b92834ec	exact							
3287	0x77b59d07836d	184	0x9d694	0x249727	0x24972b	+0x4	tail	0x9d961	264	0xaf4cf	0xc092	0x1e8	0xbd30	0x24	0x80	0x29b6	92c0e801	exact							
3287.h	0x77b59d07836d	264	0xaf4cf	0x24972b	0x249739	+0xe	hidden	adjacent_unhooked_span	165	0x9a24c	0xbd30	0x24	0x80	0x29b6	0x7	0xa5	30bd24008000b6290700a500e801	hidden_span_of_14							
3288	0x77b59d07836d	165	0x9a24c	0x249739	0x24973b	+0x2	tail	0x9a46b	64	0x85059	0x40	0xa1f5	0x99	0x6270	0x627a	0xeb3d	4000	exact							
3289	0x77b59d07836d	64	0x85059	0x24973b	0x24973f	+0x4	tail	0x8536e	18	0x7be9b	0xa1f5	0x99	0x6270	0x627a	0xeb3d	0xe803	f5a19900	exact							
3290	0x77b59d07836d	18	0x7be9b	0x24973f	0x249742	+0x3	tail	0x7c308	172	0x9b68a	0x6270	0x627a	0xeb3d	0xe803	0x2901	0xbef1	70627a	exact							
3291	0x77b59d07836d	172	0x9b68a	0x249742	0x249746	+0x4	tail	0x9ba72	315	0xb9451	0x3d62	0x3eb	0x1e8	0xf129	0xb0be	0xc552	623deb03	exact							
3292	0x77b59d07836d	315	0xb9451	0x249746	0x24974a	+0x4	tail	0xb9878	43	0x8173d	0x1e8	0xf129	0xb0be	0xc552	0xb295	0xff68	e80129f1	exact							
3293	0x77b59d07836d	43	0x8173d	0x24974a	0x24974e	+0x4	tail	0x81b7c	66	0x855ff	0xb0be	0xc552	0xb295	0xff68	0x5c4a	0xd6e3	beb052c5	exact							
3294	0x77b59d07836d	66	0x855ff	0x24974e	0x249751	+0x3	tail	0x859f9	258	0xadf2c	0xb295	0xff68	0x5c4a	0xd6e3	0xe879	0xb301	95b268	exact							
3295	0x77b59d07836d	258	0xadf2c	0x249751	0x249755	+0x4	tail	0xae32f	26	0x7dbbb	0x4aff	0xe35c	0x79d6	0x1e8	0xaeb3	0xfaec	ff4a5ce3	exact							
3296	0x77b59d07836d	26	0x7dbbb	0x249755	0x249759	+0x4	tail	0x7dfbd	114	0x90319	0x79d6	0x1e8	0xaeb3	0xfaec	0xa771	0x9b4e	d679e801	exact							
3297	0x77b59d07836d	114	0x90319	0x249759	0x24975d	+0x4	tail	0x90893	66	0x855ff	0xaeb3	0xfaec	0xa771	0x9b4e	0x894c	0x1800	b3aeecfa	exact							
3298	0x77b59d07836d	66	0x855ff	0x24975d	0x249760	+0x3	tail	0x859f9	157	0x98a9a	0xa771	0x9b4e	0x894c	0x1800	0xe862	0x301	71a74e	exact							
3299	0x77b59d07836d	157	0x98a9a	0x249760	0x249764	+0x4	tail	0x99026	346	0xc0535	0x4c9b	0x89	0x6218	0x1e8	0xfc03	0xd16e	9b4c8900	exact							
3300	0x77b59d07836d	346	0xc0535	0x249764	0x249768	+0x4	tail	0xc088b	168	0x9aa83	0x6218	0x1e8	0xfc03	0xd16e	0x38e5	0x1a3a	1862e801	exact							
3301	0x77b59d07836d	168	0x9aa83	0x249768	0x24976c	+0x4	tail	0x9af16	66	0x855ff	0xfc03	0xd16e	0x38e5	0x1a3a	0x28ff	0xe800	03fc6ed1	exact							
3302	0x77b59d07836d	66	0x855ff	0x24976c	0x24976f	+0x3	tail	0x859f9	340	0xbf435	0x38e5	0x1a3a	0x28ff	0xe800	0x6101	0xdaf8	e5383a	exact							
3303	0x77b59d07836d	340	0xbf435	0x24976f	0x249773	+0x4	tail	0xbf886	315	0xb9451	0xff1a	0x28	0x1e8	0xf861	0x39da	0x48f9	1aff2800	exact							
3304	0x77b59d07836d	315	0xb9451	0x249773	0x249777	+0x4	tail	0xb9878	258	0xadf2c	0x1e8	0xf861	0x39da	0x48f9	0x4a66	0x2699	e80161f8	exact							
3305	0x77b59d07836d	258	0xadf2c	0x249777	0x24977b	+0x4	tail	0xae32f	199	0xa0631	0x39da	0x48f9	0x4a66	0x2699	0x8a7a	0xae0e	da39f948	exact							
3306	0x77b59d07836d	199	0xa0631	0x24977b	0x24977e	+0x3	tail	0xa0a9c	43	0x8173d	0x4a66	0x2699	0x8a7a	0xae0e	0xe84c	0x9b01	664a99	exact							
3307	0x77b59d07836d	43	0x8173d	0x24977e	0x249782	+0x4	tail	0x81b7c	26	0x7dbbb	0x7a26	0xe8a	0x4cae	0x1e8	0x8a9b	0xc42c	267a8a0e	exact							
3308	0x77b59d07836d	26	0x7dbbb	0x249782	0x249786	+0x4	tail	0x7dfbd	196	0x9fbcd	0x4cae	0x1e8	0x8a9b	0xc42c	0x871e	0xa064	ae4ce801	exact							
3309	0x77b59d07836d	196	0x9fbcd	0x249786	0x24978a	+0x4	tail	0xa0068	189	0x9e7af	0x8a9b	0xc42c	0x871e	0xa064	0x988	0x472	9b8a2cc4	exact							
3310	0x77b59d07836d	189	0x9e7af	0x24978a	0x24978e	+0x4	tail	0x9eac9	28	0x7e390	0x871e	0xa064	0x988	0x472	0xe8f3	0xd801	1e8764a0	exact							
3311	0x77b59d07836d	28	0x7e390	0x24978e	0x249791	+0x3	tail	0x7e7ca	305	0xb78b0	0x988	0x472	0xe8f3	0xd801	0xba0a	0xba43	880972	exact							
3312	0x77b59d07836d	305	0xb78b0	0x249791	0x249795	+0x4	tail	0xb7bb8	18	0x7be9b	0xf304	0x1e8	0xad8	0x43ba	0x1fba	0xa0a	04f3e801	exact							
3313	0x77b59d07836d	18	0x7be9b	0x249795	0x249798	+0x3	tail	0x7c308	347	0xc088d	0xad8	0x43ba	0x1fba	0xa0a	0xcba3	0xdb00	d80aba	exact							
3314	0x77b59d07836d	347	0xc088d	0x249798	0x24979c	+0x4	tail	0xc0d7b	157	0x98a9a	0xba43	0xa1f	0xa30a	0xcb	0x63db	0x1e8	43ba1f0a	exact							
3315	0x77b59d07836d	157	0x98a9a	0x24979c	0x2497a0	+0x4	tail	0x99026	346	0xc0535	0xa30a	0xcb	0x63db	0x1e8	0xc653	0x38	0aa3cb00	exact							
3316	0x77b59d07836d	346	0xc0535	0x2497a0	0x2497a4	+0x4	tail	0xc088b	157	0x98a9a	0x63db	0x1e8	0xc653	0x38	0x1fdf	0x823a	db63e801	exact							
3317	0x77b59d07836d	157	0x98a9a	0x2497a4	0x2497a8	+0x4	tail	0x99026	185	0x9d964	0xc653	0x38	0x1fdf	0x823a	0xec04	0x66da	53c63800	exact							
3318	0x77b59d07836d	185	0x9d964	0x2497a8	0x2497ab	+0x3	tail	0x9dcab	258	0xadf2c	0x1fdf	0x823a	0xec04	0x66da	0xe81d	0x1d01	df1f3a	exact							
3319	0x77b59d07836d	258	0xadf2c	0x2497ab	0x2497af	+0x4	tail	0xae32f	26	0x7dbbb	0x482	0xdaec	0x1d66	0x1e8	0x581d	0xa9ac	8204ecda	exact							
3320	0x77b59d07836d	26	0x7dbbb	0x2497af	0x2497b3	+0x4	tail	0x7dfbd	196	0x9fbcd	0x1d66	0x1e8	0x581d	0xa9ac	0x722c	0x97f1	661de801	exact							
3321	0x77b59d07836d	196	0x9fbcd	0x2497b3	0x2497b7	+0x4	tail	0xa0068	337	0xbec0e	0x581d	0xa9ac	0x722c	0x97f1	0x22e4	0xfc1a	1d58aca9	exact							
3322	0x77b59d07836d	337	0xbec0e	0x2497b7	0x2497bb	+0x4	tail	0xbf126	18	0x7be9b	0x722c	0x97f1	0x22e4	0xfc1a	0xe84d	0x3001	2c72f197	exact							
3323	0x77b59d07836d	18	0x7be9b	0x2497bb	0x2497be	+0x3	tail	0x7c308	346	0xc0535	0x22e4	0xfc1a	0xe84d	0x3001	0xc2d3	0x3e9	e4221a	exact							
3324	0x77b59d07836d	346	0xc0535	0x2497be	0x2497c2	+0x4	tail	0xc088b	337	0xbec0e	0x4dfc	0x1e8	0xd330	0xe9c2	0x1403	0x246d	fc4de801	exact							
3325	0x77b59d07836d	337	0xbec0e	0x2497c2	0x2497c6	+0x4	tail	0xbf126	297	0xb64d7	0xd330	0xe9c2	0x1403	0x246d	0x916f	0x66d8	30d3c2e9	exact							
3326	0x77b59d07836d	297	0xb64d7	0x2497c6	0x2497c9	+0x3	tail	0xb68ff	168	0x9aa83	0x1403	0x246d	0x916f	0x66d8	0xe804	0x9f01	03146d	exact							
3327	0x77b59d07836d	168	0x9aa83	0x2497c9	0x2497cd	+0x4	tail	0x9af16	346	0xc0535	0x6f24	0xd891	0x466	0x1e8	0xa99f	0x4b6a	246f91d8	exact							
3328	0x77b59d07836d	346	0xc0535	0x2497cd	0x2497d1	+0x4	tail	0xc088b	199	0xa0631	0x466	0x1e8	0xa99f	0x4b6a	0x391	0xebe7	6604e801	exact							
3329	0x77b59d07836d	199	0xa0631	0x2497d1	0x2497d4	+0x3	tail	0xa0a9c	64	0x85059	0xa99f	0x4b6a	0x391	0xebe7	0x7d7	0x8201	9fa96a	exact							
3330	0x77b59d07836d	64	0x85059	0x2497d4	0x2497d8	+0x4	tail	0x8536e	333	0xbd8af	0x914b	0xe703	0xd7eb	0x107	0xbd82	0x1e8	4b9103e7	exact							
3331	0x77b59d07836d	333	0xbd8af	0x2497d8	0x2497dc	+0x4	tail	0xbdd16	287	0xb45d2	0xd7eb	0x107	0xbd82	0x1e8	0x733c	0xac3a	ebd70701	exact							
3332	0x77b59d07836d	287	0xb45d2	0x2497dc	0x2497e0	+0x4	tail	0xb497e	185	0x9d964	0xbd82	0x1e8	0x733c	0xac3a	0xd564	0x1384	82bde801	exact							
3333	0x77b59d07836d	185	0x9d964	0x2497e0	0x2497e3	+0x3	tail	0x9dcab	337	0xbec0e	0x733c	0xac3a	0xd564	0x1384	0xdc99	0xcede	3c733a	exact							
3334	0x77b59d07836d	337	0xbec0e	0x2497e3	0x2497e7	+0x4	tail	0xbf126	196	0x9fbcd	0x64ac	0x84d5	0x9913	0xdedc	0x93ce	0x1e8	ac64d584	exact							
3335	0x77b59d07836d	196	0x9fbcd	0x2497e7	0x2497eb	+0x4	tail	0xa0068	243	0xaab6a	0x9913	0xdedc	0x93ce	0x1e8	0xf993	0x91	1399dcde	exact							
3336	0x77b59d07836d	243	0xaab6a	0x2497eb	0x2497ef	+0x4	tail	0xaaf3c	333	0xbd8af	0x93ce	0x1e8	0xf993	0x91	0x49ca	0x91	ce93e801	exact							
3337	0x77b59d07836d	333	0xbd8af	0x2497ef	0x2497f3	+0x4	tail	0xbdd16	340	0xbf435	0xf993	0x91	0x49ca	0x91	0xa3fe	0xe6b1	93f99100	exact							
3338	0x77b59d07836d	340	0xbf435	0x2497f3	0x2497f7	+0x4	tail	0xbf886	199	0xa0631	0x49ca	0x91	0xa3fe	0xe6b1	0xe82b	0x6d01	ca499100	exact							
3339	0x77b59d07836d	199	0xa0631	0x2497f7	0x2497fa	+0x3	tail	0xa0a9c	287	0xb45d2	0xa3fe	0xe6b1	0xe82b	0x6d01	0x2383	0x502	fea3b1	exact							
3340	0x77b59d07836d	287	0xb45d2	0x2497fa	0x2497fe	+0x4	tail	0xb497e	172	0x9b68a	0x2be6	0x1e8	0x836d	0x223	0x9d05	0xec7d	e62be801	exact							
3341	0x77b59d07836d	172	0x9b68a	0x2497fe	0x249802	+0x4	tail	0x9ba72	258	0xadf2c	0x836d	0x223	0x9d05	0xec7d	0x133	0xe83a	6d832302	exact							
3342	0x77b59d07836d	258	0xadf2c	0x249802	0x249806	+0x4	tail	0xae32f	185	0x9d964	0x9d05	0xec7d	0x133	0xe83a	0x1a01	0x49cc	059d7dec	exact							
3343	0x77b59d07836d	185	0x9d964	0x249806	0x249809	+0x3	tail	0x9dcab	33	0x7f7c4	0x133	0xe83a	0x1a01	0x49cc	0xb0d6	0x8322	33013a	exact							
3344	0x77b59d07836d	33	0x7f7c4	0x249809	0x24980d	+0x4	tail	0x7fba1	297	0xb64d7	0x1e8	0xcc1a	0xd649	0x22b0	0x6583	0x3cc	e8011acc	exact							
3345	0x77b59d07836d	297	0xb64d7	0x24980d	0x249810	+0x3	tail	0xb68ff	114	0x90319	0xd649	0x22b0	0x6583	0x3cc	0x79be	0x1c00	49d6b0	exact							
3346	0x77b59d07836d	114	0x90319	0x249810	0x249814	+0x4	tail	0x90893	157	0x98a9a	0x8322	0xcc65	0xbe03	0x79	0x281c	0x1e8	228365cc	exact							
3347	0x77b59d07836d	157	0x98a9a	0x249814	0x249818	+0x4	tail	0x99026	305	0xb78b0	0xbe03	0x79	0x281c	0x1e8	0xad8	0xcf04	03be7900	exact							
3348	0x77b59d07836d	305	0xb78b0	0x249818	0x24981c	+0x4	tail	0xb7bb8	215	0xa4609	0x281c	0x1e8	0xad8	0xcf04	0xb70a	0xee81	1c28e801	exact							
3349	0x77b59d07836d	215	0xa4609	0x24981c	0x24981f	+0x3	tail	0xa4a5e	347	0xc088d	0xad8	0xcf04	0xb70a	0xee81	0x9ccf	0xdad9	d80a04	exact							
3350	0x77b59d07836d	347	0xc088d	0x24981f	0x249823	+0x4	tail	0xc0d7b	168	0x9aa83	0xacf	0x81b7	0xcfee	0xd99c	0x2bda	0x1e8	cf0ab781	exact							
3351	0x77b59d07836d	168	0x9aa83	0x249823	0x249827	+0x4	tail	0x9af16	346	0xc0535	0xcfee	0xd99c	0x2bda	0x1e8	0x3939	0x13d	eecf9cd9	exact							
3352	0x77b59d07836d	346	0xc0535	0x249827	0x24982b	+0x4	tail	0xc088b	338	0xbf128	0x2bda	0x1e8	0x3939	0x13d	0x1e8	0x1e8	da2be801	exact							
3353	0x77b59d07836d	338	0xbf128	0x24982b	0x249831	+0x6	tail	0xbf2d3	295	0xb60e0	0x3939	0x13d	0x1e8	0x1e8	0xd452	0xf910	39393d01e801	exact							
3354	0x77b59d07836d	295	0xb60e0	0x249831	0x249836	+0x5	tail	0xb625a	268	0xb0007	0x1e8	0xd452	0xf910	0x2a3b	0x852d	0x6839	e80152d410	exact							
3355	0x77b59d07836d	268	0xb0007	0x249836	0x24983a	+0x4	tail	0xb0458	340	0xbf435	0x3bf9	0x2d2a	0x3985	0x68	0x3d6d	0x10b2	f93b2a2d	exact							
3356	0x77b59d07836d	340	0xbf435	0x24983a	0x24983e	+0x4	tail	0xbf886	307	0xb8064	0x3985	0x68	0x3d6d	0x10b2	0x38a7	0xe079	85396800	exact							
3357	0x77b59d07836d	307	0xb8064	0x24983e	0x249841	+0x3	tail	0xb837a	273	0xb11ca	0x3d6d	0x10b2	0x38a7	0xe079	0xe842	0x9901	6d3db2	exact							
3358	0x77b59d07836d	273	0xb11ca	0x249841	0x249845	+0x4	tail	0xb1545	91	0x8b6de	0xa710	0x7938	0x42e0	0x1e8	0x6699	0x3d00	10a73879	exact							
3359	0x77b59d07836d	91	0x8b6de	0x249845	0x249849	+0x4	tail	0x8b8c9	3	0x78c77	0x42e0	0x1e8	0x6699	0x3d00	0x7e01	0x7ba0	e042e801	exact							
3360	0x77b59d07836d	3	0x78c77	0x249849	0x24984e	+0x5	tail	0x792f5	256	0xad849	0x6699	0x3d00	0x7e01	0x7ba0	0x6855	0x1b00	9966003d01	exact							
3361	0x77b59d07836d	256	0xad849	0x24984e	0x249850	+0x2	tail	0xadbfa	157	0x98a9a	0xa07e	0x557b	0x68	0x81b	0xb5ce	0x2580	7ea0	exact							
3362	0x77b59d07836d	157	0x98a9a	0x249850	0x249854	+0x4	tail	0x99026	258	0xadf2c	0x557b	0x68	0x81b	0xb5ce	0x2580	0x2836	7b556800	exact							
3363	0x77b59d07836d	258	0xadf2c	0x249854	0x249858	+0x4	tail	0xae32f	18	0x7be9b	0x81b	0xb5ce	0x2580	0x2836	0x39a4	0x9a3b	1b08ceb5	exact							
3364	0x77b59d07836d	18	0x7be9b	0x249858	0x24985b	+0x3	tail	0x7c308	140	0x94e5a	0x2580	0x2836	0x39a4	0x9a3b	0xd801	0x3d5a	802536	exact							
3365	0x77b59d07836d	140	0x94e5a	0x24985b	0x249861	+0x6	tail	0x951c0	192	0x9f00a	0xa428	0x3b39	0x19a	0x5ad8	0x13d	0xb800	28a4393b9a01	exact							
3366	0x77b59d07836d	192	0x9f00a	0x249861	0x249866	+0x5	tail	0x9f779	198	0xa037e	0x5ad8	0x13d	0xb800	0x97a4	0x3f98	0x20e2	d85a3d0100	exact							
3367	0x77b59d07836d	198	0xa037e	0x249866	0x249868	+0x2	tail	0xa062e	203	0xa1484	0xa4b8	0x9897	0xe23f	0x1620	0x3a1e	0xf2d1	b8a4	exact							
3368	0x77b59d07836d	203	0xa1484	0x249868	0x24986c	+0x4	tail	0xa1936	18	0x7be9b	0x9897	0xe23f	0x1620	0x3a1e	0xf2d1	0x9438	97983fe2	exact							
3369	0x77b59d07836d	18	0x7be9b	0x24986c	0x24986f	+0x3	tail	0x7c308	146	0x96407	0x1620	0x3a1e	0xf2d1	0x9438	0x17bc	0xf66d	20161e	exact							
3370	0x77b59d07836d	146	0x96407	0x24986f	0x249874	+0x5	tail	0x96915	337	0xbec0e	0xd13a	0x38f2	0xbc94	0x6d17	0xf6	0x13d	3ad1f23894	exact							
3371	0x77b59d07836d	337	0xbec0e	0x249874	0x249878	+0x4	tail	0xbf126	220	0xa522e	0x17bc	0xf66d	0x3d00	0xed01	0x77a0	0x8f94	bc176df6	exact							
3372	0x77b59d07836d	220	0xa522e	0x249878	0x24987d	+0x5	tail	0xa5886	144	0x95887	0x3d00	0xed01	0x77a0	0x8f94	0x138b	0x5600	003d01eda0	exact							
3373	0x77b59d07836d	144	0x95887	0x24987d	0x24987f	+0x2	tail	0x95b59	157	0x98a9a	0x9477	0x8b8f	0x13	0xeb56	0xa2e7	0x820	7794	exact							
3374	0x77b59d07836d	157	0x98a9a	0x24987f	0x249883	+0x4	tail	0x99026	258	0xadf2c	0x8b8f	0x13	0xeb56	0xa2e7	0x820	0x3800	8f8b1300	exact							
3375	0x77b59d07836d	258	0xadf2c	0x249883	0x249887	+0x4	tail	0xae32f	28	0x7e390	0xeb56	0xa2e7	0x820	0x3800	0x940a	0x2e	56ebe7a2	exact							
3376	0x77b59d07836d	28	0x7e390	0x249887	0x24988a	+0x3	tail	0x7e7ca	260	0xae90b	0x820	0x3800	0x940a	0x2e	0x51e	0x13d	200800	exact							
3377	0x77b59d07836d	260	0xae90b	0x24988a	0x24988e	+0x4	tail	0xaeda0	49	0x82820	0xa38	0x2e94	0x1e00	0x3d05	0xe701	0x4660	380a942e	exact							
3378	0x77b59d07836d	49	0x82820	0x24988e	0x249893	+0x5	tail	0x82e73	108	0x8f24b	0x1e00	0x3d05	0xe701	0x4660	0x363c	0x381	001e053d01	exact							
3379	0x77b59d07836d	108	0x8f24b	0x249893	0x249895	+0x2	tail	0x8f6cf	347	0xc088d	0x60e7	0x3c46	0x8136	0x7d03	0x2af6	0xe85c	e760	exact							
3380	0x77b59d07836d	347	0xc088d	0x249895	0x249899	+0x4	tail	0xc0d7b	199	0xa0631	0x3c46	0x8136	0x7d03	0x2af6	0xe85c	0xf101	463c3681	exact							
3381	0x77b59d07836d	199	0xa0631	0x249899	0x24989c	+0x3	tail	0xa0a9c	123	0x91a59	0x7d03	0x2af6	0xe85c	0xf101	0x5ab6	0x6fb4	037df6	exact							
3382	0x77b59d07836d	123	0x91a59	0x24989c	0x2498a0	+0x4	tail	0x91e7f	66	0x855ff	0x5c2a	0x1e8	0xb6f1	0xb45a	0xb36f	0x9500	2a5ce801	exact							
3383	0x77b59d07836d	66	0x855ff	0x2498a0	0x2498a3	+0x3	tail	0x859f9	340	0xbf435	0xb6f1	0xb45a	0xb36f	0x9500	0xe86f	0xe801	f1b65a	exact							
3384	0x77b59d07836d	340	0xbf435	0x2498a3	0x2498a7	+0x4	tail	0xbf886	161	0x9975a	0x6fb4	0xb3	0x6f95	0x1e8	0x1e8	0x13d	b46fb300	exact							
3385	0x77b59d07836d	161	0x9975a	0x2498a7	0x2498ab	+0x4	tail	0x99b3a	40	0x8115d	0x6f95	0x1e8	0x1e8	0x13d	0x547f	0x7a5c	956fe801	exact							
3386	0x77b59d07836d	40	0x8115d	0x2498ab	0x2498b1	+0x6	tail	0x8129b	337	0xbec0e	0x1e8	0x13d	0x547f	0x7a5c	0xf633	0xa0	e8013d017f54	exact							
3387	0x77b59d07836d	337	0xbec0e	0x2498b1	0x2498b5	+0x4	tail	0xbf126	18	0x7be9b	0x7a5c	0xf633	0xa0	0xe83a	0xa901	0x71f6	5c7a33f6	exact							
3388	0x77b59d07836d	18	0x7be9b	0x2498b5	0x2498b8	+0x3	tail	0x7c308	20	0x7c62b	0xa0	0xe83a	0xa901	0x71f6	0xaf9d	0x859	a0003a	exact							
3389	0x77b59d07836d	20	0x7c62b	0x2498b8	0x2498bc	+0x4	tail	0x7ca96	307	0xb8064	0x1e8	0xf6a9	0x9d71	0x59af	0xe408	0x93eb	e801a9f6	exact							
3390	0x77b59d07836d	307	0xb8064	0x2498bc	0x2498bf	+0x3	tail	0xb837a	189	0x9e7af	0x9d71	0x59af	0xe408	0x93eb	0xe854	0xba01	719daf	exact							
3391	0x77b59d07836d	189	0x9e7af	0x2498bf	0x2498c3	+0x4	tail	0x9eac9	174	0x9bd8f	0x859	0xebe4	0x5493	0x1e8	0xb5ba	0x1bab	5908e4eb	exact							
3392	0x77b59d07836d	174	0x9bd8f	0x2498c3	0x2498c7	+0x4	tail	0x9c08c	307	0xb8064	0x5493	0x1e8	0xb5ba	0x1bab	0xd317	0xe378	9354e801	exact							
3393	0x77b59d07836d	307	0xb8064	0x2498c7	0x2498ca	+0x3	tail	0xb837a	64	0x85059	0xb5ba	0x1bab	0xd317	0xe378	0xe875	0x1701	bab5ab	exact							
3394	0x77b59d07836d	64	0x85059	0x2498ca	0x2498ce	+0x4	tail	0x8536e	174	0x9bd8f	0x171b	0x78d3	0x75e3	0x1e8	0xe917	0x44b8	1b17d378	exact							
3395	0x77b59d07836d	174	0x9bd8f	0x2498ce	0x2498d2	+0x4	tail	0x9c08c	337	0xbec0e	0x75e3	0x1e8	0xe917	0x44b8	0xa074	0xe83a	e375e801	exact							
3396	0x77b59d07836d	337	0xbec0e	0x2498d2	0x2498d6	+0x4	tail	0xbf126	185	0x9d964	0xe917	0x44b8	0xa074	0xe83a	0x2101	0x9af7	17e9b844	exact							
3397	0x77b59d07836d	185	0x9d964	0x2498d6	0x2498d9	+0x3	tail	0x9dcab	20	0x7c62b	0xa074	0xe83a	0x2101	0x9af7	0x9b2e	0x29eb	74a03a	exact							
3398	0x77b59d07836d	20	0x7c62b	0x2498d9	0x2498dd	+0x4	tail	0x7ca96	258	0xadf2c	0x1e8	0xf721	0x2e9a	0xeb9b	0xc229	0x5c2a	e80121f7	exact							
3399	0x77b59d07836d	258	0xadf2c	0x2498dd	0x2498e1	+0x4	tail	0xae32f	66	0x855ff	0x2e9a	0xeb9b	0xc229	0x5c2a	0xe869	0x1	9a2e9beb	exact							
3400	0x77b59d07836d	66	0x855ff	0x2498e1	0x2498e4	+0x3	tail	0x859f9	123	0x91a59	0xc229	0x5c2a	0xe869	0x1	0x9c02	0x5e42	29c22a	exact							
3401	0x77b59d07836d	123	0x91a59	0x2498e4	0x2498e8	+0x4	tail	0x91e7f	215	0xa4609	0x695c	0x1e8	0x200	0x429c	0xe15e	0x595	5c69e801	exact							
3402	0x77b59d07836d	215	0xa4609	0x2498e8	0x2498eb	+0x3	tail	0xa4a5e	64	0x85059	0x200	0x429c	0xe15e	0x595	0xe856	0xa201	00029c	exact							
3403	0x77b59d07836d	64	0x85059	0x2498eb	0x2498ef	+0x4	tail	0x8536e	161	0x9975a	0x5e42	0x95e1	0x5605	0x1e8	0xc0a2	0xb12e	425ee195	exact							
3404	0x77b59d07836d	161	0x9975a	0x2498ef	0x2498f3	+0x4	tail	0x99b3a	258	0xadf2c	0x5605	0x1e8	0xc0a2	0xb12e	0x6de3	0xe856	0556e801	exact							
3405	0x77b59d07836d	258	0xadf2c	0x2498f3	0x2498f7	+0x4	tail	0xae32f	199	0xa0631	0xc0a2	0xb12e	0x6de3	0xe856	0xe601	0x5b60	a2c02eb1	exact							
3406	0x77b59d07836d	199	0xa0631	0x2498f7	0x2498fa	+0x3	tail	0xa0a9c	20	0x7c62b	0x6de3	0xe856	0xe601	0x5b60	0x3a0e	0x1d13	e36d56	exact							
3407	0x77b59d07836d	20	0x7c62b	0x2498fa	0x2498fe	+0x4	tail	0x7ca96	185	0x9d964	0x1e8	0x60e6	0xe5b	0x133a	0x381d	0xe800	e801e660	exact							
3408	0x77b59d07836d	185	0x9d964	0x2498fe	0x249901	+0x3	tail	0x9dcab	340	0xbf435	0xe5b	0x133a	0x381d	0xe800	0x601	0xb34d	5b0e3a	exact							
3409	0x77b59d07836d	340	0xbf435	0x249901	0x249905	+0x4	tail	0xbf886	20	0x7c62b	0x1d13	0x38	0x1e8	0x4d06	0x11b3	0x9c2a	131d3800	exact							
3410	0x77b59d07836d	20	0x7c62b	0x249905	0x249909	+0x4	tail	0x7ca96	66	0x855ff	0x1e8	0x4d06	0x11b3	0x9c2a	0x7b88	0xe871	e801064d	exact							
3411	0x77b59d07836d	66	0x855ff	0x249909	0x24990c	+0x3	tail	0x859f9	337	0xbec0e	0x11b3	0x9c2a	0x7b88	0xe871	0xf601	0x1445	b3112a	exact							
3412	0x77b59d07836d	337	0xbec0e	0x24990c	0x249910	+0x4	tail	0xbf126	176	0x9c10b	0x889c	0x717b	0x1e8	0x45f6	0x8a14	0x541a	9c887b71	exact							
3413	0x77b59d07836d	176	0x9c10b	0x249910	0x249914	+0x4	tail	0x9c3f4	18	0x7be9b	0x1e8	0x45f6	0x8a14	0x541a	0x1e17	0x51f8	e801f645	exact							
3414	0x77b59d07836d	18	0x7be9b	0x249914	0x249917	+0x3	tail	0x7c308	64	0x85059	0x8a14	0x541a	0x1e17	0x51f8	0xe8f0	0x1201	148a1a	exact							
3415	0x77b59d07836d	64	0x85059	0x249917	0x24991b	+0x4	tail	0x8536e	174	0x9bd8f	0x1754	0xf81e	0xf051	0x1e8	0xde12	0x94da	54171ef8	exact							
3416	0x77b59d07836d	174	0x9bd8f	0x24991b	0x24991f	+0x4	tail	0x9c08c	258	0xadf2c	0xf051	0x1e8	0xde12	0x94da	0x570	0x3061	51f0e801	exact							
3417	0x77b59d07836d	258	0xadf2c	0x24991f	0x249923	+0x4	tail	0xae32f	28	0x7e390	0xde12	0x94da	0x570	0x3061	0xe86a	0x8d01	12deda94	exact							
3418	0x77b59d07836d	28	0x7e390	0x249923	0x249926	+0x3	tail	0x7e7ca	174	0x9bd8f	0x570	0x3061	0xe86a	0x8d01	0xb43d	0x1597	700561	exact							
3419	0x77b59d07836d	174	0x9bd8f	0x249926	0x24992a	+0x4	tail	0x9c08c	307	0xb8064	0x6a30	0x1e8	0x3d8d	0x97b4	0xd815	0xc9ee	306ae801	exact							
3420	0x77b59d07836d	307	0xb8064	0x24992a	0x24992d	+0x3	tail	0xb837a	337	0xbec0e	0x3d8d	0x97b4	0xd815	0xc9ee	0xe8f8	0xb401	8d3db4	exact							
3421	0x77b59d07836d	337	0xbec0e	0x24992d	0x249931	+0x4	tail	0xbf126	161	0x9975a	0x1597	0xeed8	0xf8c9	0x1e8	0xab4	0x8290	9715d8ee	exact							
3422	0x77b59d07836d	161	0x9975a	0x249931	0x249935	+0x4	tail	0x99b3a	347	0xc088d	0xf8c9	0x1e8	0xab4	0x8290	0x580	0xe826	c9f8e801	exact							
3423	0x77b59d07836d	347	0xc088d	0x249935	0x249939	+0x4	tail	0xc0d7b	28	0x7e390	0xab4	0x8290	0x580	0xe826	0x4401	0xf8a6	b40a9082	exact							
3424	0x77b59d07836d	28	0x7e390	0x249939	0x24993c	+0x3	tail	0x7e7ca	176	0x9c10b	0x580	0xe826	0x4401	0xf8a6	0x6622	0x3969	800526	exact							
3425	0x77b59d07836d	176	0x9c10b	0x24993c	0x249940	+0x4	tail	0x9c3f4	114	0x90319	0x1e8	0xa644	0x22f8	0x6966	0xd439	0xb40c	e80144a6	exact							
3426	0x77b59d07836d	114	0x90319	0x249940	0x249944	+0x4	tail	0x90893	66	0x855ff	0x22f8	0x6966	0xd439	0xb40c	0xe879	0x8201	f8226669	exact							
3427	0x77b59d07836d	66	0x855ff	0x249944	0x249947	+0x3	tail	0x859f9	123	0x91a59	0xd439	0xb40c	0xe879	0x8201	0x8acc	0xa0fb	39d40c	exact							
3428	0x77b59d07836d	123	0x91a59	0x249947	0x24994b	+0x4	tail	0x91e7f	258	0xadf2c	0x79b4	0x1e8	0xcc82	0xfb8a	0xa0	0xe813	b479e801	exact							
3429	0x77b59d07836d	258	0xadf2c	0x24994b	0x24994f	+0x4	tail	0xae32f	28	0x7e390	0xcc82	0xfb8a	0xa0	0xe813	0xd501	0x7a7d	82cc8afb	exact							
3430	0x77b59d07836d	28	0x7e390	0x24994f	0x249952	+0x3	tail	0x7e7ca	20	0x7c62b	0xa0	0xe813	0xd501	0x7a7d	0x24be	0x8000	a00013	exact							
3431	0x77b59d07836d	20	0x7c62b	0x249952	0x249956	+0x4	tail	0x7ca96	95	0x8c41c	0x1e8	0x7dd5	0xbe7a	0x24	0x80	0x54e0	e801d57d	exact							
3432	0x77b59d07836d	95	0x8c41c	0x249956	0x26cd71	+0x2341b	dispatch	0xc80b9	86	0x8a37f	0xbe7a	0x24	0x80	0x54e0	0x6	0x162	7abe24008000e05406006201e8017200fb628cacbbc49900082133e801a4ac88	prefix_32_of_144411		0xb5deff2f		0xa5d60228			0x3a
3433	0x77b59d07836d	86	0x8a37f	0x26cd71	0x26cd75	+0x4	tail	0x8a49b	310	0xb8556	0x136	0x0	0x1e8	0xa5	0x42	0x9831	36010000	exact	0xb5deff2f		0xa5d60228			0x3a	
3434	0x77b59d07836d	310	0xb8556	0x26cd75	0x26cd79	+0x4	tail	0xb86f5	165	0x9a24c	0x1e8	0xa5	0x42	0x9831	0x763a	0x9919	e801a500	exact							
3435	0x77b59d07836d	165	0x9a24c	0x26cd79	0x26cd7b	+0x2	tail	0x9a46b	66	0x855ff	0x42	0x9831	0x763a	0x9919	0x4b00	0x9943	4200	exact							
3436	0x77b59d07836d	66	0x855ff	0x26cd7b	0x26cd7e	+0x3	tail	0x859f9	340	0xbf435	0x9831	0x763a	0x9919	0x4b00	0x9943	0x4400	31983a	exact							
3437	0x77b59d07836d	340	0xbf435	0x26cd7e	0x26cd82	+0x4	tail	0xbf886	157	0x98a9a	0x1976	0x99	0x434b	0x99	0x1444	0x1e8	76199900	exact							
3438	0x77b59d07836d	157	0x98a9a	0x26cd82	0x26cd86	+0x4	tail	0x99026	287	0xb45d2	0x434b	0x99	0x1444	0x1e8	0x4a14	0xab	4b439900	exact							
3439	0x77b59d07836d	287	0xb45d2	0x26cd86	0x26cd8a	+0x4	tail	0xb497e	340	0xbf435	0x1444	0x1e8	0x4a14	0xab	0xdf7f	0xab	4414e801	exact							
3440	0x77b59d07836d	340	0xbf435	0x26cd8a	0x26cd8e	+0x4	tail	0xbf886	333	0xbd8af	0x4a14	0xab	0xdf7f	0xab	0x89e0	0xe82a	144aab00	exact							
3441	0x77b59d07836d	333	0xbd8af	0x26cd8e	0x26cd92	+0x4	tail	0xbdd16	18	0x7be9b	0xdf7f	0xab	0x89e0	0xe82a	0x9901	0xf0f5	7fdfab00	exact							
3442	0x77b59d07836d	18	0x7be9b	0x26cd92	0x26cd95	+0x3	tail	0x7c308	315	0xb9451	0x89e0	0xe82a	0x9901	0xf0f5	0xfc8a	0x4090	e0892a	exact							
3443	0x77b59d07836d	315	0xb9451	0x26cd95	0x26cd99	+0x4	tail	0xb9878	189	0x9e7af	0x1e8	0xf599	0x8af0	0x90fc	0x1540	0xa2af	e80199f5	exact							
3444	0x77b59d07836d	189	0x9e7af	0x26cd99	0x26cd9d	+0x4	tail	0x9eac9	307	0xb8064	0x8af0	0x90fc	0x1540	0xa2af	0xe3af	0x6e00	f08afc90	exact							
3445	0x77b59d07836d	307	0xb8064	0x26cd9d	0x26cda0	+0x3	tail	0xb837a	172	0x9b68a	0x1540	0xa2af	0xe3af	0x6e00	0xe834	0x7d01	4015af	exact							
3446	0x77b59d07836d	172	0x9b68a	0x26cda0	0x26cda4	+0x4	tail	0x9ba72	346	0xc0535	0xafa2	0xe3	0x346e	0x1e8	0x2b7d	0x73fa	a2afe300	exact							
3447	0x77b59d07836d	346	0xc0535	0x26cda4	0x26cda8	+0x4	tail	0xc088b	66	0x855ff	0x346e	0x1e8	0x2b7d	0x73fa	0x28d8	0x9300	6e34e801	exact							
3448	0x77b59d07836d	66	0x855ff	0x26cda8	0x26cdab	+0x3	tail	0x859f9	157	0x98a9a	0x2b7d	0x73fa	0x28d8	0x9300	0x300f	0xd2a5	7d2bfa	exact							
3449	0x77b59d07836d	157	0x98a9a	0x26cdab	0x26cdaf	+0x4	tail	0x99026	189	0x9e7af	0xd873	0x28	0xf93	0xa530	0xd2	0x1e8	73d82800	exact							
3450	0x77b59d07836d	189	0x9e7af	0x26cdaf	0x26cdb3	+0x4	tail	0x9eac9	26	0x7dbbb	0xf93	0xa530	0xd2	0x1e8	0xdfb	0x123	930f30a5	exact							
3451	0x77b59d07836d	26	0x7dbbb	0x26cdb3	0x26cdb7	+0x4	tail	0x7dfbd	157	0x98a9a	0xd2	0x1e8	0xdfb	0x123	0x2de7	0xee3a	d200e801	exact							
3452	0x77b59d07836d	157	0x98a9a	0x26cdb7	0x26cdbb	+0x4	tail	0x99026	185	0x9d964	0xdfb	0x123	0x2de7	0xee3a	0x58de	0x6d4	fb0d2301	exact							
3453	0x77b59d07836d	185	0x9d964	0x26cdbb	0x26cdbe	+0x3	tail	0x9dcab	189	0x9e7af	0x2de7	0xee3a	0x58de	0x6d4	0xe8d0	0x5401	e72d3a	exact							
3454	0x77b59d07836d	189	0x9e7af	0x26cdbe	0x26cdc2	+0x4	tail	0x9eac9	287	0xb45d2	0xdeee	0xd458	0xd006	0x1e8	0x3554	0x4fc0	eede58d4	exact							
3455	0x77b59d07836d	287	0xb45d2	0x26cdc2	0x26cdc6	+0x4	tail	0xb497e	43	0x8173d	0xd006	0x1e8	0x3554	0x4fc0	0xad8	0xfc8	06d0e801	exact							
3456	0x77b59d07836d	43	0x8173d	0x26cdc6	0x26cdca	+0x4	tail	0x81b7c	215	0xa4609	0x3554	0x4fc0	0xad8	0xfc8	0x8b80	0xd101	5435c04f	exact							
3457	0x77b59d07836d	215	0xa4609	0x26cdca	0x26cdcd	+0x3	tail	0xa4a5e	347	0xc088d	0xad8	0xfc8	0x8b80	0xd101	0xe8c3	0x101	d80ac8	exact							
3458	0x77b59d07836d	347	0xc088d	0x26cdcd	0x26cdd1	+0x4	tail	0xc0d7b	346	0xc0535	0x800f	0x18b	0xc3d1	0x1e8	0xe601	0x93ed	0f808b01	exact							
3459	0x77b59d07836d	346	0xc0535	0x26cdd1	0x26cdd5	+0x4	tail	0xc088b	43	0x8173d	0xc3d1	0x1e8	0xe601	0x93ed	0xac5d	0x33de	d1c3e801	exact							
3460	0x77b59d07836d	43	0x8173d	0x26cdd5	0x26cdd9	+0x4	tail	0x81b7c	66	0x855ff	0xe601	0x93ed	0xac5d	0x33de	0xc1ad	0xa4d6	01e6ed93	exact							
3461	0x77b59d07836d	66	0x855ff	0x26cdd9	0x26cddc	+0x3	tail	0x859f9	337	0xbec0e	0xac5d	0x33de	0xc1ad	0xa4d6	0xe8fa	0xb001	5dacde	exact							
3462	0x77b59d07836d	337	0xbec0e	0x26cddc	0x26cde0	+0x4	tail	0xbf126	346	0xc0535	0xad33	0xd6c1	0xfaa4	0x1e8	0x9b0	0x44f1	33adc1d6	exact							
3463	0x77b59d07836d	346	0xc0535	0x26cde0	0x26cde4	+0x4	tail	0xc088b	268	0xb0007	0xfaa4	0x1e8	0x9b0	0x44f1	0xa90	0x28da	a4fae801	exact							
3464	0x77b59d07836d	268	0xb0007	0x26cde4	0x26cde8	+0x4	tail	0xb0458	18	0x7be9b	0x9b0	0x44f1	0xa90	0x28da	0xb891	0xe80a	b009f144	exact							
3465	0x77b59d07836d	18	0x7be9b	0x26cde8	0x26cdeb	+0x3	tail	0x7c308	337	0xbec0e	0xa90	0x28da	0xb891	0xe80a	0xe201	0x7080	900ada	exact							
3466	0x77b59d07836d	337	0xbec0e	0x26cdeb	0x26cdef	+0x4	tail	0xbf126	33	0x7f7c4	0x9128	0xab8	0x1e8	0x80e2	0x2570	0xce52	2891b80a	exact							
3467	0x77b59d07836d	33	0x7f7c4	0x26cdef	0x26cdf3	+0x4	tail	0x7fba1	18	0x7be9b	0x1e8	0x80e2	0x2570	0xce52	0xd657	0xd4d9	e801e280	exact							
3468	0x77b59d07836d	18	0x7be9b	0x26cdf3	0x26cdf6	+0x3	tail	0x7c308	168	0x9aa83	0x2570	0xce52	0xd657	0xd4d9	0x1399	0xe800	702552	exact							
3469	0x77b59d07836d	168	0x9aa83	0x26cdf6	0x26cdfa	+0x4	tail	0x9af16	337	0xbec0e	0x57ce	0xd9d6	0x99d4	0x13	0x1e8	0x861e	ce57d6d9	exact							
3470	0x77b59d07836d	337	0xbec0e	0x26cdfa	0x26cdfe	+0x4	tail	0xbf126	33	0x7f7c4	0x99d4	0x13	0x1e8	0x861e	0xd065	0xd762	d4991300	exact							
3471	0x77b59d07836d	33	0x7f7c4	0x26cdfe	0x26ce02	+0x4	tail	0x7fba1	168	0x9aa83	0x1e8	0x861e	0xd065	0xd762	0x9dc9	0x95af	e8011e86	exact							
3472	0x77b59d07836d	168	0x9aa83	0x26ce02	0x26ce06	+0x4	tail	0x9af16	307	0xb8064	0xd065	0xd762	0x9dc9	0x95af	0x5c01	0xe8e0	65d062d7	exact							
3473	0x77b59d07836d	307	0xb8064	0x26ce06	0x26ce09	+0x3	tail	0xb837a	189	0x9e7af	0x9dc9	0x95af	0x5c01	0xe8e0	0xe101	0x4df3	c99daf	exact							
3474	0x77b59d07836d	189	0x9e7af	0x26ce09	0x26ce0d	+0x4	tail	0x9eac9	315	0xb9451	0x195	0xe05c	0x1e8	0xf3e1	0x924d	0xd439	95015ce0	exact							
3475	0x77b59d07836d	315	0xb9451	0x26ce0d	0x26ce11	+0x4	tail	0xb9878	114	0x90319	0x1e8	0xf3e1	0x924d	0xd439	0xfa2a	0xaa3	e801e1f3	exact							
3476	0x77b59d07836d	114	0x90319	0x26ce11	0x26ce15	+0x4	tail	0x90893	172	0x9b68a	0x924d	0xd439	0xfa2a	0xaa3	0xab3c	0x2e3a	4d9239d4	exact							
3477	0x77b59d07836d	172	0x9b68a	0x26ce15	0x26ce19	+0x4	tail	0x9ba72	18	0x7be9b	0xfa2a	0xaa3	0xab3c	0x2e3a	0xe812	0x5001	2afaa30a	exact							
3478	0x77b59d07836d	18	0x7be9b	0x26ce19	0x26ce1c	+0x3	tail	0x7c308	243	0xaab6a	0xab3c	0x2e3a	0xe812	0x5001	0x8b5	0x9376	3cab3a	exact							
3479	0x77b59d07836d	243	0xaab6a	0x26ce1c	0x26ce20	+0x4	tail	0xaaf3c	337	0xbec0e	0x122e	0x1e8	0xb550	0x7608	0xf493	0x91	2e12e801	exact							
3480	0x77b59d07836d	337	0xbec0e	0x26ce20	0x26ce24	+0x4	tail	0xbf126	333	0xbd8af	0xb550	0x7608	0xf493	0x91	0xe53c	0xdc3a	50b50876	exact							
3481	0x77b59d07836d	333	0xbd8af	0x26ce24	0x26ce28	+0x4	tail	0xbdd16	185	0x9d964	0xf493	0x91	0xe53c	0xdc3a	0xe896	0x5e01	93f49100	exact							
3482	0x77b59d07836d	185	0x9d964	0x26ce28	0x26ce2b	+0x3	tail	0x9dcab	287	0xb45d2	0xe53c	0xdc3a	0xe896	0x5e01	0x8fb	0xd3f1	3ce53a	exact							
3483	0x77b59d07836d	287	0xb45d2	0x26ce2b	0x26ce2f	+0x4	tail	0xb497e	258	0xadf2c	0x96dc	0x1e8	0xfb5e	0xf108	0xd1d3	0x91	dc96e801	exact							
3484	0x77b59d07836d	258	0xadf2c	0x26ce2f	0x26ce33	+0x4	tail	0xae32f	333	0xbd8af	0xfb5e	0xf108	0xd1d3	0x91	0x2c55	0xa6e8	5efb08f1	exact							
3485	0x77b59d07836d	333	0xbd8af	0x26ce33	0x26ce37	+0x4	tail	0xbdd16	66	0x855ff	0xd1d3	0x91	0x2c55	0xa6e8	0xe860	0x4501	d3d19100	exact							
3486	0x77b59d07836d	66	0x855ff	0x26ce37	0x26ce3a	+0x3	tail	0x859f9	305	0xb78b0	0x2c55	0xa6e8	0xe860	0x4501	0xb48d	0xbd72	552ce8	exact							
3487	0x77b59d07836d	305	0xb78b0	0x26ce3a	0x26ce3e	+0x4	tail	0xb7bb8	307	0xb8064	0x60a6	0x1e8	0x8d45	0x72b4	0x54bd	0x78c9	a660e801	exact							
3488	0x77b59d07836d	307	0xb8064	0x26ce3e	0x26ce41	+0x3	tail	0xb837a	347	0xc088d	0x8d45	0x72b4	0x54bd	0x78c9	0xebb5	0xe803	458db4	exact							
3489	0x77b59d07836d	347	0xc088d	0x26ce41	0x26ce45	+0x4	tail	0xc0d7b	172	0x9b68a	0xbd72	0xc954	0xb578	0x3eb	0x1e8	0xf129	72bd54c9	exact							
3490	0x77b59d07836d	172	0x9b68a	0x26ce45	0x26ce49	+0x4	tail	0x9ba72	315	0xb9451	0xb578	0x3eb	0x1e8	0xf129	0x3cee	0x4902	78b5eb03	exact							
3491	0x77b59d07836d	315	0xb9451	0x26ce49	0x26ce4d	+0x4	tail	0xb9878	43	0x8173d	0x1e8	0xf129	0x3cee	0x4902	0xa06d	0xcf38	e80129f1	exact							
3492	0x77b59d07836d	43	0x8173d	0x26ce4d	0x26ce51	+0x4	tail	0x81b7c	66	0x855ff	0x3cee	0x4902	0xa06d	0xcf38	0x5fba	0xe8e2	ee3c0249	exact							
3493	0x77b59d07836d	66	0x855ff	0x26ce51	0x26ce54	+0x3	tail	0x859f9	337	0xbec0e	0xa06d	0xcf38	0x5fba	0xe8e2	0x6a01	0x6fca	6da038	exact							
3494	0x77b59d07836d	337	0xbec0e	0x26ce54	0x26ce58	+0x4	tail	0xbf126	33	0x7f7c4	0xbacf	0xe25f	0x1e8	0xca6a	0xd56f	0x49af	cfba5fe2	exact							
3495	0x77b59d07836d	33	0x7f7c4	0x26ce58	0x26ce5c	+0x4	tail	0x7fba1	307	0xb8064	0x1e8	0xca6a	0xd56f	0x49af	0xc6e	0x72f4	e8016aca	exact							
3496	0x77b59d07836d	307	0xb8064	0x26ce5c	0x26ce5f	+0x3	tail	0xb837a	196	0x9fbcd	0xd56f	0x49af	0xc6e	0x72f4	0x5cf8	0x86d8	6fd5af	exact							
3497	0x77b59d07836d	196	0x9fbcd	0x26ce5f	0x26ce63	+0x4	tail	0xa0068	189	0x9e7af	0x6e49	0xf40c	0xf872	0xd85c	0xcb86	0x1e8	496e0cf4	exact							
3498	0x77b59d07836d	189	0x9e7af	0x26ce63	0x26ce67	+0x4	tail	0x9eac9	287	0xb45d2	0xf872	0xd85c	0xcb86	0x1e8	0x1e8	0x13d	72f85cd8	exact							
3499	0x77b59d07836d	287	0xb45d2	0x26ce67	0x26ce6b	+0x4	tail	0xb497e	167	0x9a8d2	0xcb86	0x1e8	0x1e8	0x13d	0x640a	0xe810	86cbe801	exact							
3500	0x77b59d07836d	167	0x9a8d2	0x26ce6b	0x26ce71	+0x6	tail	0x9aa81	283	0xb3612	0x1e8	0x13d	0x640a	0xe810	0xc401	0x9e62	e8013d010a64	exact							
3501	0x77b59d07836d	283	0xb3612	0x26ce71	0x26ce76	+0x5	tail	0xb3799	258	0xadf2c	0xe810	0xc401	0x9e62	0x38fc	0xe4fb	0xac40	10e801c462	exact							
3502	0x77b59d07836d	258	0xadf2c	0x26ce76	0x26ce7a	+0x4	tail	0xae32f	322	0xbb3c9	0xfc9e	0xfb38	0x40e4	0x94ac	0x750	0x1e8	9efc38fb	exact							
3503	0x77b59d07836d	322	0xbb3c9	0x26ce7a	0x26ce7e	+0x4	tail	0xbb6e3	91	0x8b6de	0x40e4	0x94ac	0x750	0x1e8	0x16b3	0xf93a	e440ac94	exact							
3504	0x77b59d07836d	91	0x8b6de	0x26ce7e	0x26ce82	+0x4	tail	0x8b8c9	185	0x9d964	0x750	0x1e8	0x16b3	0xf93a	0xea2c	0x10	5007e801	exact							
3505	0x77b59d07836d	185	0x9d964	0x26ce82	0x26ce85	+0x3	tail	0x9dcab	268	0xb0007	0x16b3	0xf93a	0xea2c	0x10	0x13d	0xc670	b3163a	exact							
3506	0x77b59d07836d	268	0xb0007	0x26ce85	0x26ce89	+0x4	tail	0xb0458	301	0xb708d	0x2cf9	0x10ea	0x3d00	0x7001	0xfec6	0xcc31	f92cea10	exact							
3507	0x77b59d07836d	301	0xb708d	0x26ce89	0x26ce8e	+0x5	tail	0xb7583	256	0xad849	0x3d00	0x7001	0xfec6	0xcc31	0x7bf5	0xa00f	003d0170c6	exact							
3508	0x77b59d07836d	256	0xad849	0x26ce8e	0x26ce90	+0x2	tail	0xadbfa	200	0xa0a9e	0x31fe	0xf5cc	0xf7b	0xaa0	0x5ebf	0x68	fe31	exact							
3509	0x77b59d07836d	200	0xa0a9e	0x26ce90	0x26ce96	+0x6	tail	0xa0dc7	340	0xbf435	0xf5cc	0xf7b	0xaa0	0x5ebf	0x68	0x4fd0	ccf57b0fa00a	exact							
3510	0x77b59d07836d	340	0xbf435	0x26ce96	0x26ce9a	+0x4	tail	0xbf886	168	0x9aa83	0x5ebf	0x68	0x4fd0	0xd88e	0xe529	0xbaab	bf5e6800	exact							
3511	0x77b59d07836d	168	0x9aa83	0x26ce9a	0x26ce9e	+0x4	tail	0x9af16	307	0xb8064	0x4fd0	0xd88e	0xe529	0xbaab	0x56	0x13d	d04f8ed8	exact							
3512	0x77b59d07836d	307	0xb8064	0x26ce9e	0x26cea1	+0x3	tail	0xb837a	70	0x8610e	0xe529	0xbaab	0x56	0x13d	0xd045	0xad8	29e5ab	exact							
3513	0x77b59d07836d	70	0x8610e	0x26cea1	0x26cea6	+0x5	tail	0x86763	108	0x8f24b	0x56ba	0x3d00	0x4501	0xd8d0	0x8f0a	0x8bef	ba56003d01	exact							
3514	0x77b59d07836d	108	0x8f24b	0x26cea6	0x26cea8	+0x2	tail	0x8f6cf	28	0x7e390	0xd045	0xad8	0xef8f	0xfb8b	0xe820	0xbc92	45d0	exact							
3515	0x77b59d07836d	28	0x7e390	0x26cea8	0x26ceab	+0x3	tail	0x7e7ca	347	0xc088d	0xad8	0xef8f	0xfb8b	0xe820	0xbc92	0x3ae3	d80a8f	exact							
3516	0x77b59d07836d	347	0xc088d	0x26ceab	0x26ceaf	+0x4	tail	0xc0d7b	196	0x9fbcd	0x8bef	0x20fb	0x92e8	0xe3bc	0x5e3a	0x84f3	ef8bfb20	exact							
3517	0x77b59d07836d	196	0x9fbcd	0x26ceaf	0x26ceb3	+0x4	tail	0xa0068	179	0x9ca8d	0x92e8	0xe3bc	0x5e3a	0x84f3	0xee	0x6e60	e892bce3	exact							
3518	0x77b59d07836d	179	0x9ca8d	0x26ceb3	0x26ceb8	+0x5	tail	0x9cf2f	49	0x82820	0x5e3a	0x84f3	0xee	0x6e60	0x13d	0x8bd8	3a5ef384ee	exact							
3519	0x77b59d07836d	49	0x82820	0x26ceb8	0x26cebd	+0x5	tail	0x82e73	108	0x8f24b	0x6000	0x3d6e	0xd801	0x2b8b	0x6845	0x5500	00606e3d01	exact							
3520	0x77b59d07836d	108	0x8f24b	0x26cebd	0x26cebf	+0x2	tail	0x8f6cf	157	0x98a9a	0x8bd8	0x452b	0x68	0x55	0x82f7	0x9cc3	d88b	exact							
3521	0x77b59d07836d	157	0x98a9a	0x26cebf	0x26cec3	+0x4	tail	0x99026	347	0xc088d	0x452b	0x68	0x55	0x82f7	0x9cc3	0x43b2	2b456800	exact							
3522	0x77b59d07836d	347	0xc088d	0x26cec3	0x26cec7	+0x4	tail	0xc0d7b	254	0xad32c	0x55	0x82f7	0x9cc3	0x43b2	0xd7f1	0x826a	5500f782	exact							
3523	0x77b59d07836d	254	0xad32c	0x26cec7	0x26cecb	+0x4	tail	0xad766	66	0x855ff	0x9cc3	0x43b2	0xd7f1	0x826a	0x3da8	0x1	c39cb243	exact							
3524	0x77b59d07836d	66	0x855ff	0x26cecb	0x26cece	+0x3	tail	0x859f9	79	0x885b0	0xd7f1	0x826a	0x3da8	0x1	0xb3f7	0x4952	f1d76a	exact							
3525	0x77b59d07836d	79	0x885b0	0x26cece	0x26ced3	+0x5	tail	0x88a55	257	0xadbfd	0xa882	0x13d	0xf700	0x52b3	0x2149	0xcfba	82a83d0100	exact							
3526	0x77b59d07836d	257	0xadbfd	0x26ced3	0x26ced5	+0x2	tail	0xadf29	140	0x94e5a	0xb3f7	0x4952	0xba21	0xeecf	0x3aa5	0x68	f7b3	exact							
3527	0x77b59d07836d	140	0x94e5a	0x26ced5	0x26cedb	+0x6	tail	0x951c0	340	0xbf435	0x4952	0xba21	0xeecf	0x3aa5	0x68	0x2e56	524921bacfee	exact							
3528	0x77b59d07836d	340	0xbf435	0x26cedb	0x26cedf	+0x4	tail	0xbf886	199	0xa0631	0x3aa5	0x68	0x2e56	0x7b1	0x592	0xa2	a53a6800	exact							
3529	0x77b59d07836d	199	0xa0631	0x26cedf	0x26cee2	+0x3	tail	0xa0a9c	203	0xa1484	0x2e56	0x7b1	0x592	0xa2	0x13d	0x3b60	562eb1	exact							
3530	0x77b59d07836d	203	0xa1484	0x26cee2	0x26cee6	+0x4	tail	0xa1936	320	0xbada5	0x9207	0xa205	0x3d00	0x6001	0x7a3b	0x620f	079205a2	exact							
3531	0x77b59d07836d	320	0xbada5	0x26cee6	0x26ceeb	+0x5	tail	0xbb1db	173	0x9ba74	0x3d00	0x6001	0x7a3b	0x620f	0x99e	0x793	003d01603b	exact							
3532	0x77b59d07836d	173	0x9ba74	0x26ceeb	0x26ceed	+0x2	tail	0x9bd8c	250	0xac802	0xf7a	0x9e62	0x9309	0xef07	0xfc79	0xb3c7	7a0f	exact							
3533	0x77b59d07836d	250	0xac802	0x26ceed	0x26cef0	+0x3	tail	0xacbc3	43	0x8173d	0x9e62	0x9309	0xef07	0xfc79	0xb3c7	0x6200	629e09	exact							
3534	0x77b59d07836d	43	0x8173d	0x26cef0	0x26cef4	+0x4	tail	0x81b7c	340	0xbf435	0x793	0x79ef	0xc7fc	0xb3	0x8962	0xf7f8	9307ef79	exact							
3535	0x77b59d07836d	340	0xbf435	0x26cef4	0x26cef8	+0x4	tail	0xbf886	146	0x96407	0xc7fc	0xb3	0x8962	0xf7f8	0x8291	0xb61e	fcc7b300	exact							
3536	0x77b59d07836d	146	0x96407	0x26cef8	0x26cefd	+0x5	tail	0x96915	66	0x855ff	0x8962	0xf7f8	0x8291	0xb61e	0xa00	0x3daf	6289f8f791	exact							
3537	0x77b59d07836d	66	0x855ff	0x26cefd	0x26cf00	+0x3	tail	0x859f9	99	0x8c99a	0x1e82	0xb6	0xaf0a	0x13d	0x2be9	0xf657	821eb6	exact							
3538	0x77b59d07836d	99	0x8c99a	0x26cf00	0x26cf05	+0x5	tail	0x8cc7f	160	0x994cf	0xa00	0x3daf	0xe901	0x572b	0x6bf6	0xb08b	000aaf3d01	exact							
3539	0x77b59d07836d	160	0x994cf	0x26cf05	0x26cf07	+0x2	tail	0x99757	43	0x8173d	0x2be9	0xf657	0x8b6b	0xfdb0	0xa60	0xac14	e92b	exact							
3540	0x77b59d07836d	43	0x8173d	0x26cf07	0x26cf0b	+0x4	tail	0x81b7c	300	0xb6c36	0xf657	0x8b6b	0xfdb0	0xa60	0xac14	0x7621	57f66b8b	exact							
3541	0x77b59d07836d	300	0xb6c36	0x26cf0b	0x26cf0f	+0x4	tail	0xb708a	258	0xadf2c	0xfdb0	0xa60	0xac14	0x7621	0x655	0x3dae	b0fd600a	exact							
3542	0x77b59d07836d	258	0xadf2c	0x26cf0f	0x26cf13	+0x4	tail	0xae32f	297	0xb64d7	0xac14	0x7621	0x655	0x3dae	0x6901	0x4858	14ac2176	exact							
3543	0x77b59d07836d	297	0xb64d7	0x26cf13	0x26cf16	+0x3	tail	0xb68ff	242	0xaa87d	0x655	0x3dae	0x6901	0x4858	0xa5	0x0	5506ae	exact							
3544	0x77b59d07836d	242	0xaa87d	0x26cf16	0x26cf1b	+0x5	tail	0xaab67	145	0x95b5c	0x13d	0x5869	0xa548	0x0	0xec00	0xb	3d01695848	exact							
3545	0x77b59d07836d	145	0x95b5c	0x26cf1b	0x26db07	+0xbec	tail	0x9634f	165	0x9a24c	0xa5	0x0	0xbec	0x0	0x13d	0x6022	a5000000ec0b00003d01226005cfb8eb00c5036f80909d5a47e8015ead78020e	prefix_32_of_3052							
3546	0x77b59d07836d	165	0x9a24c	0x26db07	0x26db09	+0x2	tail	0x9a46b	199	0xa0631	0xc7	0x480f	0x2a3a	0x3389	0xeebc	0x6e8d	c700	exact							
3547	0x77b59d07836d	199	0xa0631	0x26db09	0x26db0c	+0x3	tail	0xa0a9c	114	0x90319	0x480f	0x2a3a	0x3389	0xeebc	0x6e8d	0x403e	0f483a	exact							
3548	0x77b59d07836d	114	0x90319	0x26db0c	0x26db10	+0x4	tail	0x90893	350	0xc1926	0x892a	0xbc33	0x8dee	0x3e6e	0x540	0x1e8	2a8933bc	exact							
3549	0x77b59d07836d	350	0xc1926	0x26db10	0x26db14	+0x4	tail	0xc1d46	91	0x8b6de	0x8dee	0x3e6e	0x540	0x1e8	0xd4b4	0xd5fe	ee8d6e3e	exact							
3550	0x77b59d07836d	91	0x8b6de	0x26db14	0x26db18	+0x4	tail	0x8b8c9	168	0x9aa83	0x540	0x1e8	0xd4b4	0xd5fe	0x3d00	0xdc01	4005e801	exact							
3551	0x77b59d07836d	168	0x9aa83	0x26db18	0x26db1c	+0x4	tail	0x9af16	220	0xa522e	0xd4b4	0xd5fe	0x3d00	0xdc01	0x913f	0xbd2a	b4d4fed5	exact							
3552	0x77b59d07836d	220	0xa522e	0x26db1c	0x26db21	+0x5	tail	0xa5886	160	0x994cf	0x3d00	0xdc01	0x913f	0xbd2a	0x3749	0x10b0	003d01dc3f	exact							
3553	0x77b59d07836d	160	0x994cf	0x26db21	0x26db23	+0x2	tail	0x99757	64	0x85059	0x2a91	0x49bd	0xb037	0x6810	0x2891	0xa136	912a	exact							
3554	0x77b59d07836d	64	0x85059	0x26db23	0x26db27	+0x4	tail	0x8536e	239	0xa991e	0x49bd	0xb037	0x6810	0x2891	0xa136	0x1240	bd4937b0	exact							
3555	0x77b59d07836d	239	0xa991e	0x26db27	0x26db2d	+0x6	tail	0xa9cf4	18	0x7be9b	0x6810	0x2891	0xa136	0x1240	0xe39a	0x1655	1068912836a1	exact							
3556	0x77b59d07836d	18	0x7be9b	0x26db2d	0x26db30	+0x3	tail	0x7c308	168	0x9aa83	0x1240	0xe39a	0x1655	0x3dd9	0xbe01	0x2e	40129a	exact							
3557	0x77b59d07836d	168	0x9aa83	0x26db30	0x26db34	+0x4	tail	0x9af16	319	0xba72f	0x55e3	0xd916	0x13d	0x2ebe	0xf600	0xc425	e35516d9	exact							
3558	0x77b59d07836d	319	0xba72f	0x26db34	0x26db39	+0x5	tail	0xbada2	256	0xad849	0x13d	0x2ebe	0xf600	0xc425	0xb30c	0x7800	3d01be2e00	exact							
3559	0x77b59d07836d	256	0xad849	0x26db39	0x26db3b	+0x2	tail	0xadbfa	340	0xbf435	0x25f6	0xcc4	0xb3	0x178	0x7914	0xad3a	f625	exact							
3560	0x77b59d07836d	340	0xbf435	0x26db3b	0x26db3f	+0x4	tail	0xbf886	43	0x8173d	0xcc4	0xb3	0x178	0x7914	0xad3a	0x5894	c40cb300	exact							
3561	0x77b59d07836d	43	0x8173d	0x26db3f	0x26db43	+0x4	tail	0x81b7c	146	0x96407	0x178	0x7914	0xad3a	0x5894	0x68f8	0x5b09	78011479	exact							
3562	0x77b59d07836d	146	0x96407	0x26db43	0x26db48	+0x5	tail	0x96915	28	0x7e390	0xad3a	0x5894	0x68f8	0x5b09	0x3d00	0x5f01	3aad9458f8	exact							
3563	0x77b59d07836d	28	0x7e390	0x26db48	0x26db4b	+0x3	tail	0x7e7ca	301	0xb708d	0x968	0x5b	0x13d	0xf05f	0x63fc	0xcb8e	68095b	exact							
3564	0x77b59d07836d	301	0xb708d	0x26db4b	0x26db50	+0x5	tail	0xb7583	108	0x8f24b	0x3d00	0x5f01	0xfcf0	0x8e63	0x32cb	0xe0bf	003d015ff0	exact							
3565	0x77b59d07836d	108	0x8f24b	0x26db50	0x26db52	+0x2	tail	0x8f6cf	43	0x8173d	0x63fc	0xcb8e	0xbf32	0x3e0	0x518e	0x58	fc63	exact							
3566	0x77b59d07836d	43	0x8173d	0x26db52	0x26db56	+0x4	tail	0x81b7c	28	0x7e390	0xcb8e	0xbf32	0x3e0	0x518e	0x58	0x5fe0	8ecb32bf	exact							
3567	0x77b59d07836d	28	0x7e390	0x26db56	0x26db59	+0x3	tail	0x7e7ca	124	0x91e81	0x3e0	0x518e	0x58	0x5fe0	0xdfc9	0x7eb7	e0038e	exact							
3568	0x77b59d07836d	124	0x91e81	0x26db59	0x26db5f	+0x6	tail	0x922c1	258	0xadf2c	0x5851	0xe000	0xc95f	0xb7df	0x287e	0x907d	515800e05fc9	exact							
3569	0x77b59d07836d	258	0xadf2c	0x26db5f	0x26db63	+0x4	tail	0xae32f	37	0x80685	0xb7df	0x287e	0x907d	0x3d91	0xf01	0x69e	dfb77e28	exact							
3570	0x77b59d07836d	37	0x80685	0x26db63	0x26db68	+0x5	tail	0x80d77	144	0x95887	0x907d	0x3d91	0xf01	0x69e	0x5a0b	0x7f01	7d90913d01	exact							
3571	0x77b59d07836d	144	0x95887	0x26db68	0x26db6a	+0x2	tail	0x95b59	347	0xc088d	0x9e0f	0xb06	0x15a	0x9f7f	0x1790	0x4cba	0f9e	exact							
3572	0x77b59d07836d	347	0xc088d	0x26db6a	0x26db6e	+0x4	tail	0xc0d7b	203	0xa1484	0xb06	0x15a	0x9f7f	0x1790	0x4cba	0x3190	060b5a01	exact							
3573	0x77b59d07836d	203	0xa1484	0x26db6e	0x26db72	+0x4	tail	0xa1936	239	0xa991e	0x9f7f	0x1790	0x4cba	0x3190	0xa1be	0x3a39	7f9f9017	exact							
3574	0x77b59d07836d	239	0xa991e	0x26db72	0x26db78	+0x6	tail	0xa9cf4	66	0x855ff	0x4cba	0x3190	0xa1be	0x3a39	0xa0	0x13d	ba4c9031bea1	exact							
3575	0x77b59d07836d	66	0x855ff	0x26db78	0x26db7b	+0x3	tail	0x859f9	269	0xb045b	0x3a39	0xa0	0x13d	0xd549	0x3df6	0x9c6c	393aa0	exact							
3576	0x77b59d07836d	269	0xb045b	0x26db7b	0x26db80	+0x5	tail	0xb092e	108	0x8f24b	0x3d00	0x4901	0xf6d5	0x6c3d	0x9c	0x47e4	003d0149d5	exact							
3577	0x77b59d07836d	108	0x8f24b	0x26db80	0x26db82	+0x2	tail	0x8f6cf	124	0x91e81	0x3df6	0x9c6c	0xe400	0xc147	0x658	0x8fa2	f63d	exact							
3578	0x77b59d07836d	124	0x91e81	0x26db82	0x26db88	+0x6	tail	0x922c1	28	0x7e390	0x9c6c	0xe400	0xc147	0x658	0x8fa2	0x2992	6c9c00e447c1	exact							
3579	0x77b59d07836d	28	0x7e390	0x26db88	0x26db8b	+0x3	tail	0x7e7ca	203	0xa1484	0x658	0x8fa2	0x2992	0x64a3	0x9dfc	0xf4f7	5806a2	exact							
3580	0x77b59d07836d	203	0xa1484	0x26db8b	0x26db8f	+0x4	tail	0xa1936	337	0xbec0e	0x928f	0xa329	0xfc64	0xf79d	0xaef4	0x3d00	8f9229a3	exact							
3581	0x77b59d07836d	337	0xbec0e	0x26db8f	0x26db93	+0x4	tail	0xbf126	83	0x8947b	0xfc64	0xf79d	0xaef4	0x3d00	0x101	0x23d9	64fc9df7	exact							
3582	0x77b59d07836d	83	0x8947b	0x26db93	0x26db98	+0x5	tail	0x89839	108	0x8f24b	0xaef4	0x3d00	0x101	0x23d9	0x6df	0xa350	f4ae003d01	exact							
3583	0x77b59d07836d	108	0x8f24b	0x26db98	0x26db9a	+0x2	tail	0x8f6cf	199	0xa0631	0xd901	0xdf23	0x5006	0x13a3	0x8800	0x150e	01d9	exact							
3584	0x77b59d07836d	199	0xa0631	0x26db9a	0x26db9d	+0x3	tail	0xa0a9c	340	0xbf435	0xdf23	0x5006	0x13a3	0x8800	0x150e	0x6fb3	23df06	exact							
3585	0x77b59d07836d	340	0xbf435	0x26db9d	0x26dba1	+0x4	tail	0xbf886	260	0xae90b	0xa350	0x13	0xe88	0xb315	0x906f	0xe2b0	50a31300	exact							
3586	0x77b59d07836d	260	0xae90b	0x26dba1	0x26dba5	+0x4	tail	0xaeda0	203	0xa1484	0xe88	0xb315	0x906f	0xe2b0	0x3d00	0x5f01	880e15b3	exact							
3587	0x77b59d07836d	203	0xa1484	0x26dba5	0x26dba9	+0x4	tail	0xa1936	269	0xb045b	0x906f	0xe2b0	0x3d00	0x5f01	0x6bb7	0xb482	6f90b0e2	exact							
3588	0x77b59d07836d	269	0xb045b	0x26dba9	0x26dbae	+0x5	tail	0xb092e	173	0x9ba74	0x3d00	0x5f01	0x6bb7	0xb482	0xb31e	0x2800	003d015fb7	exact							
3589	0x77b59d07836d	173	0x9ba74	0x26dbae	0x26dbb0	+0x2	tail	0x9bd8c	340	0xbf435	0x826b	0x1eb4	0xb3	0xb728	0xa9e6	0xe80e	6b82	exact							
3590	0x77b59d07836d	340	0xbf435	0x26dbb0	0x26dbb4	+0x4	tail	0xbf886	297	0xb64d7	0x1eb4	0xb3	0xb728	0xa9e6	0xe80e	0xd201	b41eb300	exact							
3591	0x77b59d07836d	297	0xb64d7	0x26dbb4	0x26dbb7	+0x3	tail	0xb68ff	174	0x9bd8f	0xb728	0xa9e6	0xe80e	0xd201	0x8c13	0x11e0	28b7e6	exact							
3592	0x77b59d07836d	174	0x9bd8f	0x26dbb7	0x26dbbb	+0x4	tail	0x9c08c	18	0x7be9b	0xea9	0x1e8	0x13d2	0xe08c	0xb311	0x3b00	a90ee801	exact							
3593	0x77b59d07836d	18	0x7be9b	0x26dbbb	0x26dbbe	+0x3	tail	0x7c308	340	0xbf435	0x13d2	0xe08c	0xb311	0x3b00	0xe874	0xe801	d2138c	exact							
3594	0x77b59d07836d	340	0xbf435	0x26dbbe	0x26dbc2	+0x4	tail	0xbf886	174	0x9bd8f	0x11e0	0xb3	0x743b	0x1e8	0x1e8	0x13d	e011b300	exact							
3595	0x77b59d07836d	174	0x9bd8f	0x26dbc2	0x26dbc6	+0x4	tail	0x9c08c	40	0x8115d	0x743b	0x1e8	0x1e8	0x13d	0xb549	0x810	3b74e801	exact							
3596	0x77b59d07836d	40	0x8115d	0x26dbc6	0x26dbcc	+0x6	tail	0x8129b	215	0xa4609	0x1e8	0x13d	0xb549	0x810	0x6f1c	0x5b5	e8013d0149b5	exact							
3597	0x77b59d07836d	215	0xa4609	0x26dbcc	0x26dbcf	+0x3	tail	0xa4a5e	258	0xadf2c	0x810	0x6f1c	0x5b5	0xe8e1	0xdb01	0xc69b	10081c	exact							
3598	0x77b59d07836d	258	0xadf2c	0x26dbcf	0x26dbd3	+0x4	tail	0xae32f	176	0x9c10b	0xb56f	0xe105	0x1e8	0x9bdb	0x78c6	0xc009	6fb505e1	exact							
3599	0x77b59d07836d	176	0x9c10b	0x26dbd3	0x26dbd7	+0x4	tail	0x9c3f4	114	0x90319	0x1e8	0x9bdb	0x78c6	0xc009	0x5c57	0xe632	e801db9b	exact							
3600	0x77b59d07836d	114	0x90319	0x26dbd7	0x26dbdb	+0x4	tail	0x90893	199	0xa0631	0x78c6	0xc009	0x5c57	0xe632	0xe83a	0x601	c67809c0	exact							
3601	0x77b59d07836d	199	0xa0631	0x26dbdb	0x26dbde	+0x3	tail	0xa0a9c	123	0x91a59	0x5c57	0xe632	0xe83a	0x601	0xd31b	0xeaf6	575c32	exact							
3602	0x77b59d07836d	123	0x91a59	0x26dbde	0x26dbe2	+0x4	tail	0x91e7f	64	0x85059	0x3ae6	0x1e8	0x1b06	0xf6d3	0xa5ea	0xe8ae	e63ae801	exact							
3603	0x77b59d07836d	64	0x85059	0x26dbe2	0x26dbe6	+0x4	tail	0x8536e	307	0xb8064	0x1b06	0xf6d3	0xa5ea	0xe8ae	0xf601	0xecbf	061bd3f6	exact							
3604	0x77b59d07836d	307	0xb8064	0x26dbe6	0x26dbe9	+0x3	tail	0xb837a	158	0x99029	0xa5ea	0xe8ae	0xf601	0xecbf	0x1bf4	0x69f7	eaa5ae	exact							
3605	0x77b59d07836d	158	0x99029	0x26dbe9	0x26dbed	+0x4	tail	0x992ca	337	0xbec0e	0x1e8	0xbff6	0xf4ec	0xf71b	0x1a69	0xe82c	e801f6bf	exact							
3606	0x77b59d07836d	337	0xbec0e	0x26dbed	0x26dbf1	+0x4	tail	0xbf126	66	0x855ff	0xf4ec	0xf71b	0x1a69	0xe82c	0x9c01	0x9067	ecf41bf7	exact							
3607	0x77b59d07836d	66	0x855ff	0x26dbf1	0x26dbf4	+0x3	tail	0x859f9	158	0x99029	0x1a69	0xe82c	0x9c01	0x9067	0x1c03	0xb5f5	691a2c	exact							
3608	0x77b59d07836d	158	0x99029	0x26dbf4	0x26dbf8	+0x4	tail	0x992ca	215	0xa4609	0x1e8	0x679c	0x390	0xf51c	0x72b5	0xa0ff	e8019c67	exact							
3609	0x77b59d07836d	215	0xa4609	0x26dbf8	0x26dbfb	+0x3	tail	0xa4a5e	114	0x90319	0x390	0xf51c	0x72b5	0xa0ff	0xe829	0x5e01	90031c	exact							
3610	0x77b59d07836d	114	0x90319	0x26dbfb	0x26dbff	+0x4	tail	0x90893	123	0x91a59	0xb5f5	0xff72	0x29a0	0x1e8	0x925e	0x9d60	f5b572ff	exact							
3611	0x77b59d07836d	123	0x91a59	0x26dbff	0x26dc03	+0x4	tail	0x91e7f	189	0x9e7af	0x29a0	0x1e8	0x925e	0x9d60	0x4fc5	0xe87e	a029e801	exact							
3612	0x77b59d07836d	189	0x9e7af	0x26dc03	0x26dc07	+0x4	tail	0x9eac9	66	0x855ff	0x925e	0x9d60	0x4fc5	0xe87e	0x2c01	0xb6ac	5e92609d	exact							
3613	0x77b59d07836d	66	0x855ff	0x26dc07	0x26dc0a	+0x3	tail	0x859f9	158	0x99029	0x4fc5	0xe87e	0x2c01	0xb6ac	0x1a0f	0x24a2	c54f7e	exact							
3614	0x77b59d07836d	158	0x99029	0x26dc0a	0x26dc0e	+0x4	tail	0x992ca	347	0xc088d	0x1e8	0xac2c	0xfb6	0xa21a	0xac24	0xda3a	e8012cac	exact							
3615	0x77b59d07836d	347	0xc088d	0x26dc0e	0x26dc12	+0x4	tail	0xc0d7b	185	0x9d964	0xfb6	0xa21a	0xac24	0xda3a	0xe87f	0xa301	b60f1aa2	exact							
3616	0x77b59d07836d	185	0x9d964	0x26dc12	0x26dc15	+0x3	tail	0x9dcab	184	0x9d694	0xac24	0xda3a	0xe87f	0xa301	0xf8a7	0x1b0c	24ac3a	exact							
3617	0x77b59d07836d	184	0x9d694	0x26dc15	0x26dc19	+0x4	tail	0x9d961	66	0x855ff	0x7fda	0x1e8	0xa7a3	0xcf8	0x381b	0xe800	da7fe801	exact							
3618	0x77b59d07836d	66	0x855ff	0x26dc19	0x26dc1c	+0x3	tail	0x859f9	340	0xbf435	0xa7a3	0xcf8	0x381b	0xe800	0xdd01	0xdc72	a3a7f8	exact							
3619	0x77b59d07836d	340	0xbf435	0x26dc1c	0x26dc20	+0x4	tail	0xbf886	20	0x7c62b	0x1b0c	0x38	0x1e8	0x72dd	0xfadc	0xe72c	0c1b3800	exact							
3620	0x77b59d07836d	20	0x7c62b	0x26dc20	0x26dc24	+0x4	tail	0x7ca96	189	0x9e7af	0x1e8	0x72dd	0xfadc	0xe72c	0x1a3	0xe83a	e801dd72	exact							
3621	0x77b59d07836d	189	0x9e7af	0x26dc24	0x26dc28	+0x4	tail	0x9eac9	185	0x9d964	0xfadc	0xe72c	0x1a3	0xe83a	0x7d01	0x10e5	dcfa2ce7	exact							
3622	0x77b59d07836d	185	0x9d964	0x26dc28	0x26dc2b	+0x3	tail	0x9dcab	176	0x9c10b	0x1a3	0xe83a	0x7d01	0x10e5	0x4e08	0x1d6b	a3013a	exact							
3623	0x77b59d07836d	176	0x9c10b	0x26dc2b	0x26dc2f	+0x4	tail	0x9c3f4	28	0x7e390	0x1e8	0xe57d	0x810	0x6b4e	0x311d	0xe8fd	e8017de5	exact							
3624	0x77b59d07836d	28	0x7e390	0x26dc2f	0x26dc32	+0x3	tail	0x7e7ca	258	0xadf2c	0x810	0x6b4e	0x311d	0xe8fd	0x9801	0xa077	10084e	exact							
3625	0x77b59d07836d	258	0xadf2c	0x26dc32	0x26dc36	+0x4	tail	0xae32f	20	0x7c62b	0x1d6b	0xfd31	0x1e8	0x7798	0x22a0	0x142e	6b1d31fd	exact							
3626	0x77b59d07836d	20	0x7c62b	0x26dc36	0x26dc3a	+0x4	tail	0x7ca96	18	0x7be9b	0x1e8	0x7798	0x22a0	0x142e	0x1acd	0xf89a	e8019877	exact							
3627	0x77b59d07836d	18	0x7be9b	0x26dc3a	0x26dc3d	+0x3	tail	0x7c308	64	0x85059	0x22a0	0x142e	0x1acd	0xf89a	0xe864	0xb701	a0222e	exact							
3628	0x77b59d07836d	64	0x85059	0x26dc3d	0x26dc41	+0x4	tail	0x8536e	184	0x9d694	0xcd14	0x9a1a	0x64f8	0x1e8	0x5fb7	0x5caa	14cd1a9a	exact							
3629	0x77b59d07836d	184	0x9d694	0x26dc41	0x26dc45	+0x4	tail	0x9d961	199	0xa0631	0x64f8	0x1e8	0x5fb7	0x5caa	0x2820	0xcf00	f864e801	exact							
3630	0x77b59d07836d	199	0xa0631	0x26dc45	0x26dc48	+0x3	tail	0xa0a9c	340	0xbf435	0x5fb7	0x5caa	0x2820	0xcf00	0xe875	0xec01	b75faa	exact							
3631	0x77b59d07836d	340	0xbf435	0x26dc48	0x26dc4c	+0x4	tail	0xbf886	174	0x9bd8f	0x205c	0x28	0x75cf	0x1e8	0xcaec	0xfb1a	5c202800	exact							
3632	0x77b59d07836d	174	0x9bd8f	0x26dc4c	0x26dc50	+0x4	tail	0x9c08c	258	0xadf2c	0x75cf	0x1e8	0xcaec	0xfb1a	0x680	0x5837	cf75e801	exact							
3633	0x77b59d07836d	258	0xadf2c	0x26dc50	0x26dc54	+0x4	tail	0xae32f	18	0x7be9b	0xcaec	0xfb1a	0x680	0x5837	0xe832	0x101	ecca1afb	exact							
3634	0x77b59d07836d	18	0x7be9b	0x26dc54	0x26dc57	+0x3	tail	0x7c308	184	0x9d694	0x680	0x5837	0xe832	0x101	0x7aaf	0x78c4	800637	exact							
3635	0x77b59d07836d	184	0x9d694	0x26dc57	0x26dc5b	+0x4	tail	0x9d961	66	0x855ff	0x3258	0x1e8	0xaf01	0xc47a	0xab78	0x8d00	5832e801	exact							
3636	0x77b59d07836d	66	0x855ff	0x26dc5b	0x26dc5e	+0x3	tail	0x859f9	340	0xbf435	0xaf01	0xc47a	0xab78	0x8d00	0xe873	0x2201	01af7a	exact							
3637	0x77b59d07836d	340	0xbf435	0x26dc5e	0x26dc62	+0x4	tail	0xbf886	161	0x9975a	0x78c4	0xab	0x738d	0x1e8	0xb22	0xc715	c478ab00	exact							
3638	0x77b59d07836d	161	0x9975a	0x26dc62	0x26dc66	+0x4	tail	0x99b3a	199	0xa0631	0x738d	0x1e8	0xb22	0xc715	0x67fd	0x7636	8d73e801	exact							
3639	0x77b59d07836d	199	0xa0631	0x26dc66	0x26dc69	+0x3	tail	0xa0a9c	114	0x90319	0xb22	0xc715	0x67fd	0x7636	0xe8e5	0x8401	220b15	exact							
3640	0x77b59d07836d	114	0x90319	0x26dc69	0x26dc6d	+0x4	tail	0x90893	123	0x91a59	0xfdc7	0x3667	0xe576	0x1e8	0xf784	0x26	c7fd6736	exact							
3641	0x77b59d07836d	123	0x91a59	0x26dc6d	0x26dc71	+0x4	tail	0x91e7f	264	0xaf4cf	0xe576	0x1e8	0xf784	0x26	0x80	0xfd00	76e5e801	exact							
3642	0x77b59d07836d	264	0xaf4cf	0x26dc71	0x26dc7b	+0xa	dispatch	0xc80b9	310	0xb8556	0xf784	0x26	0x80	0xfd00	0x1	0x1e8	84f72600800000fd0100	exact		0x4000500		0x984d244d			0x3a
3643	0x77b59d07836d	310	0xb8556	0x26dc7b	0x26dc7f	+0x4	tail	0xb86f5	165	0x9a24c	0x1e8	0xa5	0x154	0x17d4	0x99	0xef7f	e801a500	exact	0x4000500		0x984d244d			0x3a	
3644	0x77b59d07836d	165	0x9a24c	0x26dc7f	0x26dc81	+0x2	tail	0x9a46b	340	0xbf435	0x154	0x17d4	0x99	0xef7f	0x99	0x8ad8	5401	exact							
3645	0x77b59d07836d	340	0xbf435	0x26dc81	0x26dc85	+0x4	tail	0xbf886	333	0xbd8af	0x17d4	0x99	0xef7f	0x99	0x8ad8	0xa42a	d4179900	exact							
3646	0x77b59d07836d	333	0xbd8af	0x26dc85	0x26dc89	+0x4	tail	0xbdd16	18	0x7be9b	0xef7f	0x99	0x8ad8	0xa42a	0xe895	0x1001	7fef9900	exact							
3647	0x77b59d07836d	18	0x7be9b	0x26dc89	0x26dc8c	+0x3	tail	0x7c308	346	0xc0535	0x8ad8	0xa42a	0xe895	0x1001	0x2873	0xe731	d88a2a	exact							
3648	0x77b59d07836d	346	0xc0535	0x26dc8c	0x26dc90	+0x4	tail	0xc088b	337	0xbec0e	0x95a4	0x1e8	0x7310	0x3128	0xf9e7	0xd0e4	a495e801	exact							
3649	0x77b59d07836d	337	0xbec0e	0x26dc90	0x26dc94	+0x4	tail	0xbf126	168	0x9aa83	0x7310	0x3128	0xf9e7	0xd0e4	0x4046	0x853a	10732831	exact							
3650	0x77b59d07836d	168	0x9aa83	0x26dc94	0x26dc98	+0x4	tail	0x9af16	66	0x855ff	0xf9e7	0xd0e4	0x4046	0x853a	0xe84d	0x8b01	e7f9e4d0	exact							
3651	0x77b59d07836d	66	0x855ff	0x26dc98	0x26dc9b	+0x3	tail	0x859f9	305	0xb78b0	0x4046	0x853a	0xe84d	0x8b01	0x89f9	0x5a00	46403a	exact							
3652	0x77b59d07836d	305	0xb78b0	0x26dc9b	0x26dc9f	+0x4	tail	0xb7bb8	333	0xbd8af	0x4d85	0x1e8	0xf98b	0x89	0x4a5a	0x89	854de801	exact							
3653	0x77b59d07836d	333	0xbd8af	0x26dc9f	0x26dca3	+0x4	tail	0xbdd16	340	0xbf435	0xf98b	0x89	0x4a5a	0x89	0xad0	0xf148	8bf98900	exact							
3654	0x77b59d07836d	340	0xbf435	0x26dca3	0x26dca7	+0x4	tail	0xbf886	215	0xa4609	0x4a5a	0x89	0xad0	0xf148	0xe8e9	0xb701	5a4a8900	exact							
3655	0x77b59d07836d	215	0xa4609	0x26dca7	0x26dcaa	+0x3	tail	0xa4a5e	346	0xc0535	0xad0	0xf148	0xe8e9	0xb701	0xae83	0x4027	d00a48	exact							
3656	0x77b59d07836d	346	0xc0535	0x26dcaa	0x26dcae	+0x4	tail	0xc088b	268	0xb0007	0xe9f1	0x1e8	0x83b7	0x27ae	0x240	0x9e50	f1e9e801	exact							
3657	0x77b59d07836d	268	0xb0007	0x26dcae	0x26dcb2	+0x4	tail	0xb0458	189	0x9e7af	0x83b7	0x27ae	0x240	0x9e50	0x988	0xeccc	b783ae27	exact							
3658	0x77b59d07836d	189	0x9e7af	0x26dcb2	0x26dcb6	+0x4	tail	0x9eac9	28	0x7e390	0x240	0x9e50	0x988	0xeccc	0xe8ff	0x3a01	4002509e	exact							
3659	0x77b59d07836d	28	0x7e390	0x26dcb6	0x26dcb9	+0x3	tail	0x7e7ca	305	0xb78b0	0x988	0xeccc	0xe8ff	0x3a01	0xabb5	0x95a3	8809cc	exact							
3660	0x77b59d07836d	305	0xb78b0	0x26dcb9	0x26dcbd	+0x4	tail	0xb7bb8	307	0xb8064	0xffec	0x1e8	0xb53a	0xa3ab	0x2395	0x1ff9	ecffe801	exact							
3661	0x77b59d07836d	307	0xb8064	0x26dcbd	0x26dcc0	+0x3	tail	0xb837a	64	0x85059	0xb53a	0xa3ab	0x2395	0x1ff9	0x2325	0xa401	3ab5ab	exact							
3662	0x77b59d07836d	64	0x85059	0x26dcc0	0x26dcc4	+0x4	tail	0x8536e	157	0x98a9a	0x95a3	0xf923	0x251f	0x123	0x42a4	0x1e8	a39523f9	exact							
3663	0x77b59d07836d	157	0x98a9a	0x26dcc4	0x26dcc8	+0x4	tail	0x99026	346	0xc0535	0x251f	0x123	0x42a4	0x1e8	0xdf83	0x67c1	1f252301	exact							
3664	0x77b59d07836d	346	0xc0535	0x26dcc8	0x26dccc	+0x4	tail	0xc088b	297	0xb64d7	0x42a4	0x1e8	0xdf83	0x67c1	0x4b82	0x9f03	a442e801	exact							
3665	0x77b59d07836d	297	0xb64d7	0x26dccc	0x26dccf	+0x3	tail	0xb68ff	347	0xc088d	0xdf83	0x67c1	0x4b82	0x9f03	0x47f9	0xe801	83dfc1	exact							
3666	0x77b59d07836d	347	0xc088d	0x26dccf	0x26dcd3	+0x4	tail	0xc0d7b	333	0xbd8af	0x8267	0x34b	0xf99f	0x147	0x1e8	0xf5b9	67824b03	exact							
3667	0x77b59d07836d	333	0xbd8af	0x26dcd3	0x26dcd7	+0x4	tail	0xbdd16	315	0xb9451	0xf99f	0x147	0x1e8	0xf5b9	0x9617	0x6c3a	9ff94701	exact							
3668	0x77b59d07836d	315	0xb9451	0x26dcd7	0x26dcdb	+0x4	tail	0xb9878	185	0x9d964	0x1e8	0xf5b9	0x9617	0x6c3a	0x2c84	0x4d62	e801b9f5	exact							
3669	0x77b59d07836d	185	0x9d964	0x26dcdb	0x26dcde	+0x3	tail	0x9dcab	337	0xbec0e	0x9617	0x6c3a	0x2c84	0x4d62	0xcc59	0x5ec0	17963a	exact							
3670	0x77b59d07836d	337	0xbec0e	0x26dcde	0x26dce2	+0x4	tail	0xbf126	196	0x9fbcd	0x846c	0x622c	0x594d	0xc0cc	0xb55e	0x1e8	6c842c62	exact							
3671	0x77b59d07836d	196	0x9fbcd	0x26dce2	0x26dce6	+0x4	tail	0xa0068	305	0xb78b0	0x594d	0xc0cc	0xb55e	0x1e8	0xb747	0xfdb	4d59ccc0	exact							
3672	0x77b59d07836d	305	0xb78b0	0x26dce6	0x26dcea	+0x4	tail	0xb7bb8	172	0x9b68a	0xb55e	0x1e8	0xb747	0xfdb	0xed01	0xdd2c	5eb5e801	exact							
3673	0x77b59d07836d	172	0x9b68a	0x26dcea	0x26dcee	+0x4	tail	0x9ba72	189	0x9e7af	0xb747	0xfdb	0xed01	0xdd2c	0x154b	0xcb3a	47b7db0f	exact							
3674	0x77b59d07836d	189	0x9e7af	0x26dcee	0x26dcf2	+0x4	tail	0x9eac9	185	0x9d964	0xed01	0xdd2c	0x154b	0xcb3a	0xe840	0x8001	01ed2cdd	exact							
3675	0x77b59d07836d	185	0x9d964	0x26dcf2	0x26dcf5	+0x3	tail	0x9dcab	26	0x7dbbb	0x154b	0xcb3a	0xe840	0x8001	0xabb5	0x878b	4b153a	exact							
3676	0x77b59d07836d	26	0x7dbbb	0x26dcf5	0x26dcf9	+0x4	tail	0x7dfbd	307	0xb8064	0x40cb	0x1e8	0xb580	0x8bab	0xd387	0xb0df	cb40e801	exact							
3677	0x77b59d07836d	307	0xb8064	0x26dcf9	0x26dcfc	+0x3	tail	0xb837a	64	0x85059	0xb580	0x8bab	0xd387	0xb0df	0x3b21	0xe80b	80b5ab	exact							
3678	0x77b59d07836d	64	0x85059	0x26dcfc	0x26dd00	+0x4	tail	0x8536e	172	0x9b68a	0x878b	0xdfd3	0x21b0	0xb3b	0x1e8	0xf386	8b87d3df	exact							
3679	0x77b59d07836d	172	0x9b68a	0x26dd00	0x26dd04	+0x4	tail	0x9ba72	33	0x7f7c4	0x21b0	0xb3b	0x1e8	0xf386	0x9373	0x19d	b0213b0b	exact							
3680	0x77b59d07836d	33	0x7f7c4	0x26dd04	0x26dd08	+0x4	tail	0x7fba1	157	0x98a9a	0x1e8	0xf386	0x9373	0x19d	0x7736	0x3578	e80186f3	exact							
3681	0x77b59d07836d	157	0x98a9a	0x26dd08	0x26dd0c	+0x4	tail	0x99026	114	0x90319	0x9373	0x19d	0x7736	0x3578	0xd2b5	0xeca	73939d01	exact							
3682	0x77b59d07836d	114	0x90319	0x26dd0c	0x26dd10	+0x4	tail	0x90893	66	0x855ff	0x7736	0x3578	0xd2b5	0xeca	0xe84a	0x2001	36777835	exact							
3683	0x77b59d07836d	66	0x855ff	0x26dd10	0x26dd13	+0x3	tail	0x859f9	287	0xb45d2	0xd2b5	0xeca	0xe84a	0x2001	0x4406	0xcbd1	b5d2ca	exact							
3684	0x77b59d07836d	287	0xb45d2	0x26dd13	0x26dd17	+0x4	tail	0xb497e	215	0xa4609	0x4a0e	0x1e8	0x620	0xd144	0xfdcb	0x86e0	0e4ae801	exact							
3685	0x77b59d07836d	215	0xa4609	0x26dd17	0x26dd1a	+0x3	tail	0xa4a5e	196	0x9fbcd	0x620	0xd144	0xfdcb	0x86e0	0x887	0x4542	200644	exact							
3686	0x77b59d07836d	196	0x9fbcd	0x26dd1a	0x26dd1e	+0x4	tail	0xa0068	347	0xc088d	0xcbd1	0xe0fd	0x8786	0x4208	0x1e45	0x1e8	d1cbfde0	exact							
3687	0x77b59d07836d	347	0xc088d	0x26dd1e	0x26dd22	+0x4	tail	0xc0d7b	305	0xb78b0	0x8786	0x4208	0x1e45	0x1e8	0xdad	0x2115	86870842	exact							
3688	0x77b59d07836d	305	0xb78b0	0x26dd22	0x26dd26	+0x4	tail	0xb7bb8	347	0xc088d	0x1e45	0x1e8	0xdad	0x2115	0x6f4c	0xd506	451ee801	exact							
3689	0x77b59d07836d	347	0xc088d	0x26dd26	0x26dd2a	+0x4	tail	0xc0d7b	168	0x9aa83	0xdad	0x2115	0x6f4c	0xd506	0xeca3	0xe5a6	ad0d1521	exact							
3690	0x77b59d07836d	168	0x9aa83	0x26dd2a	0x26dd2e	+0x4	tail	0x9af16	199	0xa0631	0x6f4c	0xd506	0xeca3	0xe5a6	0xe81c	0x7d01	4c6f06d5	exact							
3691	0x77b59d07836d	199	0xa0631	0x26dd2e	0x26dd31	+0x3	tail	0xa0a9c	243	0xaab6a	0xeca3	0xe5a6	0xe81c	0x7d01	0x519d	0x8d7e	a3eca6	exact							
3692	0x77b59d07836d	243	0xaab6a	0x26dd31	0x26dd35	+0x4	tail	0xaaf3c	64	0x85059	0x1ce5	0x1e8	0x9d7d	0x7e51	0xf38d	0xd708	e51ce801	exact							
3693	0x77b59d07836d	64	0x85059	0x26dd35	0x26dd39	+0x4	tail	0x8536e	66	0x855ff	0x9d7d	0x7e51	0xf38d	0xd708	0x2d92	0x1aba	7d9d517e	exact							
3694	0x77b59d07836d	66	0x855ff	0x26dd39	0x26dd3c	+0x3	tail	0x859f9	203	0xa1484	0xf38d	0xd708	0x2d92	0x1aba	0xe82c	0x2d01	8df308	exact							
3695	0x77b59d07836d	203	0xa1484	0x26dd3c	0x26dd40	+0x4	tail	0xa1936	346	0xc0535	0x92d7	0xba2d	0x2c1a	0x1e8	0x4d2d	0x8201	d7922dba	exact							
3696	0x77b59d07836d	346	0xc0535	0x26dd40	0x26dd44	+0x4	tail	0xc088b	114	0x90319	0x2c1a	0x1e8	0x4d2d	0x8201	0xd07b	0xd3	1a2ce801	exact							
3697	0x77b59d07836d	114	0x90319	0x26dd44	0x26dd48	+0x4	tail	0x90893	157	0x98a9a	0x4d2d	0x8201	0xd07b	0xd3	0xb1d5	0xe82a	2d4d0182	exact							
3698	0x77b59d07836d	157	0x98a9a	0x26dd48	0x26dd4c	+0x4	tail	0x99026	297	0xb64d7	0xd07b	0xd3	0xb1d5	0xe82a	0xf901	0x48fa	7bd0d300	exact							
3699	0x77b59d07836d	297	0xb64d7	0x26dd4c	0x26dd4f	+0x3	tail	0xb68ff	315	0xb9451	0xb1d5	0xe82a	0xf901	0x48fa	0x7f94	0xba0	d5b12a	exact							
3700	0x77b59d07836d	315	0xb9451	0x26dd4f	0x26dd53	+0x4	tail	0xb9878	337	0xbec0e	0x1e8	0xfaf9	0x9448	0xa07f	0xf60b	0x79	e801f9fa	exact							
3701	0x77b59d07836d	337	0xbec0e	0x26dd53	0x26dd57	+0x4	tail	0xbf126	333	0xbd8af	0x9448	0xa07f	0xf60b	0x79	0xf06f	0x9222	48947fa0	exact							
3702	0x77b59d07836d	333	0xbd8af	0x26dd57	0x26dd5b	+0x4	tail	0xbdd16	199	0xa0631	0xf60b	0x79	0xf06f	0x9222	0xe866	0x3d01	0bf67900	exact							
3703	0x77b59d07836d	199	0xa0631	0x26dd5b	0x26dd5e	+0x3	tail	0xa0a9c	26	0x7dbbb	0xf06f	0x9222	0xe866	0x3d01	0x735a	0xcd84	6ff022	exact							
3704	0x77b59d07836d	26	0x7dbbb	0x26dd5e	0x26dd62	+0x4	tail	0x7dfbd	64	0x85059	0x6692	0x1e8	0x5a3d	0x8473	0x1cd	0x9fc8	9266e801	exact							
3705	0x77b59d07836d	64	0x85059	0x26dd62	0x26dd66	+0x4	tail	0x8536e	66	0x855ff	0x5a3d	0x8473	0x1cd	0x9fc8	0x4f9f	0x35b6	3d5a7384	exact							
3706	0x77b59d07836d	66	0x855ff	0x26dd66	0x26dd69	+0x3	tail	0x859f9	203	0xa1484	0x1cd	0x9fc8	0x4f9f	0x35b6	0xe896	0x7401	cd01c8	exact							
3707	0x77b59d07836d	203	0xa1484	0x26dd69	0x26dd6d	+0x4	tail	0xa1936	243	0xaab6a	0x9f9f	0xb64f	0x9635	0x1e8	0xd574	0x13d	9f9f4fb6	exact							
3708	0x77b59d07836d	243	0xaab6a	0x26dd6d	0x26dd71	+0x4	tail	0xaaf3c	338	0xbf128	0x9635	0x1e8	0xd574	0x13d	0x1e8	0xe810	3596e801	exact							
3709	0x77b59d07836d	338	0xbf128	0x26dd71	0x26dd77	+0x6	tail	0xbf2d3	283	0xb3612	0xd574	0x13d	0x1e8	0xe810	0x7c01	0xb05e	74d53d01e801	exact							
3710	0x77b59d07836d	283	0xb3612	0x26dd77	0x26dd7c	+0x5	tail	0xb3799	121	0x91379	0xe810	0x7c01	0xb05e	0x145c	0xe3f7	0xe80b	10e8017c5e	exact							
3711	0x77b59d07836d	121	0x91379	0x26dd7c	0x26dd80	+0x4	tail	0x9170b	180	0x9cf32	0x5cb0	0xf714	0xbe3	0x1e8	0xf585	0xd9f4	b05c14f7	exact							
3712	0x77b59d07836d	180	0x9cf32	0x26dd80	0x26dd84	+0x4	tail	0x9d13d	189	0x9e7af	0xbe3	0x1e8	0xf585	0xd9f4	0xe20	0xc9be	e30be801	exact							
3713	0x77b59d07836d	189	0x9e7af	0x26dd84	0x26dd88	+0x4	tail	0x9eac9	18	0x7be9b	0xf585	0xd9f4	0xe20	0xc9be	0x248b	0xf5	85f5f4d9	exact							
3714	0x77b59d07836d	18	0x7be9b	0x26dd88	0x26dd8b	+0x3	tail	0x7c308	196	0x9fbcd	0xe20	0xc9be	0x248b	0xf5	0x13d	0xa520	200ebe	exact							
3715	0x77b59d07836d	196	0x9fbcd	0x26dd8b	0x26dd8f	+0x4	tail	0xa0068	220	0xa522e	0x8bc9	0xf524	0x3d00	0x2001	0x37a5	0x597	c98b24f5	exact							
3716	0x77b59d07836d	220	0xa522e	0x26dd8f	0x26dd94	+0x5	tail	0xa5886	144	0x95887	0x3d00	0x2001	0x37a5	0x597	0xfba	0xd6ac	003d0120a5	exact							
3717	0x77b59d07836d	144	0x95887	0x26dd94	0x26dd96	+0x2	tail	0x95b59	64	0x85059	0x9737	0xba05	0xac0f	0xfdd6	0x8612	0xc146	3797	exact							
3718	0x77b59d07836d	64	0x85059	0x26dd96	0x26dd9a	+0x4	tail	0x8536e	43	0x8173d	0xba05	0xac0f	0xfdd6	0x8612	0xc146	0x8	05ba0fac	exact							
3719	0x77b59d07836d	43	0x8173d	0x26dd9a	0x26dd9e	+0x4	tail	0x81b7c	253	0xacfb1	0xfdd6	0x8612	0xc146	0x8	0x848	0x8ffb	d6fd1286	exact							
3720	0x77b59d07836d	253	0xacfb1	0x26dd9e	0x26dda4	+0x6	tail	0xad329	297	0xb64d7	0xc146	0x8	0x848	0x8ffb	0x69ea	0x25	46c108004808	exact							
3721	0x77b59d07836d	297	0xb64d7	0x26dda4	0x26dda7	+0x3	tail	0xb68ff	70	0x8610e	0x8ffb	0x69ea	0x25	0x13d	0x5a96	0x33c7	fb8fea	exact							
3722	0x77b59d07836d	70	0x8610e	0x26dda7	0x26ddac	+0x5	tail	0x86763	108	0x8f24b	0x2569	0x3d00	0x9601	0xc75a	0xb533	0xf096	6925003d01	exact							
3723	0x77b59d07836d	108	0x8f24b	0x26ddac	0x26ddae	+0x2	tail	0x8f6cf	196	0x9fbcd	0x5a96	0x33c7	0x96b5	0xa9f0	0x7392	0x7a48	965a	exact							
3724	0x77b59d07836d	196	0x9fbcd	0x26ddae	0x26ddb2	+0x4	tail	0xa0068	18	0x7be9b	0x33c7	0x96b5	0xa9f0	0x7392	0x7a48	0x3abc	c733b596	exact							
3725	0x77b59d07836d	18	0x7be9b	0x26ddb2	0x26ddb5	+0x3	tail	0x7c308	222	0xa5f3c	0xa9f0	0x7392	0x7a48	0x3abc	0xb360	0xfb0f	f0a992	exact							
3726	0x77b59d07836d	222	0xa5f3c	0x26ddb5	0x26ddba	+0x5	tail	0xa646d	114	0x90319	0x4873	0xbc7a	0x603a	0xfb3	0xfb	0x13d	73487abc3a	exact							
3727	0x77b59d07836d	114	0x90319	0x26ddba	0x26ddbe	+0x4	tail	0x90893	220	0xa522e	0xb360	0xfb0f	0x3d00	0x8b01	0x6676	0x7390	60b30ffb	exact							
3728	0x77b59d07836d	220	0xa522e	0x26ddbe	0x26ddc3	+0x5	tail	0xa5886	108	0x8f24b	0x3d00	0x8b01	0x6676	0x7390	0x4909	0x93ef	003d018b76	exact							
3729	0x77b59d07836d	108	0x8f24b	0x26ddc3	0x26ddc5	+0x2	tail	0x8f6cf	258	0xadf2c	0x9066	0x973	0xef49	0x9693	0xb3	0x4029	6690	exact							
3730	0x77b59d07836d	258	0xadf2c	0x26ddc5	0x26ddc9	+0x4	tail	0xae32f	157	0x98a9a	0x973	0xef49	0x9693	0xb3	0x4029	0x5d12	730949ef	exact							
3731	0x77b59d07836d	157	0x98a9a	0x26ddc9	0x26ddcd	+0x4	tail	0x99026	200	0xa0a9e	0x9693	0xb3	0x4029	0x5d12	0x90	0x4a7a	9396b300	exact							
3732	0x77b59d07836d	200	0xa0a9e	0x26ddcd	0x26ddd3	+0x6	tail	0xa0dc7	18	0x7be9b	0x4029	0x5d12	0x90	0x4a7a	0xef34	0xd870	2940125d9000	exact							
3733	0x77b59d07836d	18	0x7be9b	0x26ddd3	0x26ddd6	+0x3	tail	0x7c308	237	0xa8e1f	0x4a7a	0xef34	0xd870	0x13d	0x362a	0x92a7	7a4a34	exact							
3734	0x77b59d07836d	237	0xa8e1f	0x26ddd6	0x26dddb	+0x5	tail	0xa94a3	198	0xa037e	0x70ef	0x3dd8	0x2a01	0xa736	0x5f92	0xe47f	ef70d83d01	exact							
3735	0x77b59d07836d	198	0xa037e	0x26dddb	0x26dddd	+0x2	tail	0xa062e	203	0xa1484	0x362a	0x92a7	0x7f5f	0x1ce4	0xd3	0x6402	2a36	exact							
3736	0x77b59d07836d	203	0xa1484	0x26dddd	0x26dde1	+0x4	tail	0xa1936	340	0xbf435	0x92a7	0x7f5f	0x1ce4	0xd3	0x6402	0x1901	a7925f7f	exact							
3737	0x77b59d07836d	340	0xbf435	0x26dde1	0x26dde5	+0x4	tail	0xbf886	239	0xa991e	0x1ce4	0xd3	0x6402	0x1901	0xa18e	0x298	e41cd300	exact							
3738	0x77b59d07836d	239	0xa991e	0x26dde5	0x26ddeb	+0x6	tail	0xa9cf4	28	0x7e390	0x6402	0x1901	0xa18e	0x298	0x1dfa	0x19	026401198ea1	exact							
3739	0x77b59d07836d	28	0x7e390	0x26ddeb	0x26ddee	+0x3	tail	0x7e7ca	83	0x8947b	0x298	0x1dfa	0x19	0x13d	0xc0b	0x24f3	9802fa	exact							
3740	0x77b59d07836d	83	0x8947b	0x26ddee	0x26ddf3	+0x5	tail	0x89839	173	0x9ba74	0x191d	0x3d00	0xb01	0xf30c	0xd324	0x1a09	1d19003d01	exact							
3741	0x77b59d07836d	173	0x9ba74	0x26ddf3	0x26ddf5	+0x2	tail	0x9bd8c	172	0x9b68a	0xc0b	0x24f3	0x9d3	0x2e1a	0xd6f0	0xc8ef	0b0c	exact							
3742	0x77b59d07836d	172	0x9b68a	0x26ddf5	0x26ddf9	+0x4	tail	0x9ba72	124	0x91e81	0x24f3	0x9d3	0x2e1a	0xd6f0	0xc8ef	0x733f	f324d309	exact							
3743	0x77b59d07836d	124	0x91e81	0x26ddf9	0x26ddff	+0x6	tail	0x922c1	297	0xb64d7	0x2e1a	0xd6f0	0xc8ef	0x733f	0x9ce8	0x8d76	1a2ef0d6efc8	exact							
3744	0x77b59d07836d	297	0xb64d7	0x26ddff	0x26de02	+0x3	tail	0xb68ff	258	0xadf2c	0x733f	0x9ce8	0x8d76	0xc4	0x13d	0x80c7	3f73e8	exact							
3745	0x77b59d07836d	258	0xadf2c	0x26de02	0x26de06	+0x4	tail	0xae32f	220	0xa522e	0x769c	0xc48d	0x3d00	0xc701	0xdf80	0xbb0a	9c768dc4	exact							
3746	0x77b59d07836d	220	0xa522e	0x26de06	0x26de0b	+0x5	tail	0xa5886	173	0x9ba74	0x3d00	0xc701	0xdf80	0xbb0a	0xeedf	0x773d	003d01c780	exact							
3747	0x77b59d07836d	173	0x9ba74	0x26de0b	0x26de0d	+0x2	tail	0x9bd8c	350	0xc1926	0xadf	0xdfbb	0x3dee	0x7e77	0x13	0x97d7	df0a	exact							
3748	0x77b59d07836d	350	0xc1926	0x26de0d	0x26de11	+0x4	tail	0xc1d46	43	0x8173d	0xdfbb	0x3dee	0x7e77	0x13	0x97d7	0x0	bbdfee3d	exact							
3749	0x77b59d07836d	43	0x8173d	0x26de11	0x26de15	+0x4	tail	0x81b7c	337	0xbec0e	0x7e77	0x13	0x97d7	0x0	0x968	0xa8	777e1300	exact							
3750	0x77b59d07836d	337	0xbec0e	0x26de15	0x26de19	+0x4	tail	0xbf126	215	0xa4609	0x97d7	0x0	0x968	0xa8	0x13d	0xa1b6	d7970000	exact							
3751	0x77b59d07836d	215	0xa4609	0x26de19	0x26de1c	+0x3	tail	0xa4a5e	301	0xb708d	0x968	0xa8	0x13d	0xa1b6	0x80cf	0xb18	6809a8	exact							
3752	0x77b59d07836d	301	0xb708d	0x26de1c	0x26de21	+0x5	tail	0xb7583	108	0x8f24b	0x3d00	0xb601	0xcfa1	0x1880	0x1f0b	0x3e6e	003d01b6a1	exact							
3753	0x77b59d07836d	108	0x8f24b	0x26de21	0x26de23	+0x2	tail	0x8f6cf	18	0x7be9b	0x80cf	0xb18	0x6e1f	0x4a3e	0xe88b	0xe201	cf80	exact							
3754	0x77b59d07836d	18	0x7be9b	0x26de23	0x26de26	+0x3	tail	0x7c308	347	0xc088d	0xb18	0x6e1f	0x4a3e	0xe88b	0xe201	0xa0d8	180b1f	exact							
3755	0x77b59d07836d	347	0xc088d	0x26de26	0x26de2a	+0x4	tail	0xc0d7b	176	0x9c10b	0x3e6e	0x8b4a	0x1e8	0xd8e2	0xaa0	0x90c0	6e3e4a8b	exact							
3756	0x77b59d07836d	176	0x9c10b	0x26de2a	0x26de2e	+0x4	tail	0x9c3f4	28	0x7e390	0x1e8	0xd8e2	0xaa0	0x90c0	0xb33d	0x8100	e801e2d8	exact							
3757	0x77b59d07836d	28	0x7e390	0x26de2e	0x26de31	+0x3	tail	0x7e7ca	340	0xbf435	0xaa0	0x90c0	0xb33d	0x8100	0xe875	0xe801	a00ac0	exact							
3758	0x77b59d07836d	340	0xbf435	0x26de31	0x26de35	+0x4	tail	0xbf886	123	0x91a59	0x3d90	0xb3	0x7581	0x1e8	0x1e8	0x6ae7	903db300	exact							
3759	0x77b59d07836d	123	0x91a59	0x26de35	0x26de39	+0x4	tail	0x91e7f	261	0xaeda2	0x7581	0x1e8	0x1e8	0x6ae7	0x13d	0x47e4	8175e801	exact							
3760	0x77b59d07836d	261	0xaeda2	0x26de39	0x26de3f	+0x6	tail	0xaeeff	258	0xadf2c	0x1e8	0x6ae7	0x13d	0x47e4	0x7659	0x508	e801e76a3d01	exact							
3761	0x77b59d07836d	258	0xadf2c	0x26de3f	0x26de43	+0x4	tail	0xae32f	215	0xa4609	0x47e4	0x7659	0x508	0x8d08	0xe8d4	0xea01	e4475976	exact							
3762	0x77b59d07836d	215	0xa4609	0x26de43	0x26de46	+0x3	tail	0xa4a5e	161	0x9975a	0x508	0x8d08	0xe8d4	0xea01	0x8588	0x57b4	080508	exact							
3763	0x77b59d07836d	161	0x9975a	0x26de46	0x26de4a	+0x4	tail	0x99b3a	199	0xa0631	0xd48d	0x1e8	0x88ea	0xb485	0xc057	0xfbaa	8dd4e801	exact							
3764	0x77b59d07836d	199	0xa0631	0x26de4a	0x26de4d	+0x3	tail	0xa0a9c	189	0x9e7af	0x88ea	0xb485	0xc057	0xfbaa	0xe80e	0x4201	ea8885	exact							
3765	0x77b59d07836d	189	0x9e7af	0x26de4d	0x26de51	+0x4	tail	0x9eac9	174	0x9bd8f	0x57b4	0xaac0	0xefb	0x1e8	0x7d42	0x5753	b457c0aa	exact							
3766	0x77b59d07836d	174	0x9bd8f	0x26de51	0x26de55	+0x4	tail	0x9c08c	64	0x85059	0xefb	0x1e8	0x7d42	0x5753	0x580	0xe8ec	fb0ee801	exact							
3767	0x77b59d07836d	64	0x85059	0x26de55	0x26de59	+0x4	tail	0x8536e	28	0x7e390	0x7d42	0x5753	0x580	0xe8ec	0xca01	0x50dd	427d5357	exact							
3768	0x77b59d07836d	28	0x7e390	0x26de59	0x26de5c	+0x3	tail	0x7e7ca	176	0x9c10b	0x580	0xe8ec	0xca01	0x50dd	0xc196	0xd0ba	8005ec	exact							
3769	0x77b59d07836d	176	0x9c10b	0x26de5c	0x26de60	+0x4	tail	0x9c3f4	337	0xbec0e	0x1e8	0xddca	0x9650	0xbac1	0x25d0	0xbafa	e801cadd	exact							
3770	0x77b59d07836d	337	0xbec0e	0x26de60	0x26de64	+0x4	tail	0xbf126	18	0x7be9b	0x9650	0xbac1	0x25d0	0xbafa	0xe875	0xec01	5096c1ba	exact							
3771	0x77b59d07836d	18	0x7be9b	0x26de64	0x26de67	+0x3	tail	0x7c308	184	0x9d694	0x25d0	0xbafa	0xe875	0xec01	0xf25e	0x49b	d025fa	exact							
3772	0x77b59d07836d	184	0x9d694	0x26de67	0x26de6b	+0x4	tail	0x9d961	114	0x90319	0x75ba	0x1e8	0x5eec	0x9bf2	0x7304	0x625c	ba75e801	exact							
3773	0x77b59d07836d	114	0x90319	0x26de6b	0x26de6f	+0x4	tail	0x90893	297	0xb64d7	0x5eec	0x9bf2	0x7304	0x625c	0xe86f	0x4b01	ec5ef29b	exact							
3774	0x77b59d07836d	297	0xb64d7	0x26de6f	0x26de72	+0x3	tail	0xb68ff	161	0x9975a	0x7304	0x625c	0xe86f	0x4b01	0xc8ac	0x44	04735c	exact							
3775	0x77b59d07836d	161	0x9975a	0x26de72	0x26de76	+0x4	tail	0x99b3a	66	0x855ff	0x6f62	0x1e8	0xac4b	0x44c8	0x1e00	0xe808	626fe801	exact							
3776	0x77b59d07836d	66	0x855ff	0x26de76	0x26de79	+0x3	tail	0x859f9	347	0xc088d	0xac4b	0x44c8	0x1e00	0xe808	0xb901	0x2c7d	4bacc8	exact							
3777	0x77b59d07836d	347	0xc088d	0x26de79	0x26de7d	+0x4	tail	0xc0d7b	20	0x7c62b	0x44	0x81e	0x1e8	0x7db9	0x922c	0xfe13	44001e08	exact							
3778	0x77b59d07836d	20	0x7c62b	0x26de7d	0x26de81	+0x4	tail	0x7ca96	337	0xbec0e	0x1e8	0x7db9	0x922c	0xfe13	0x2d00	0xe81a	e801b97d	exact							
3779	0x77b59d07836d	337	0xbec0e	0x26de81	0x26de85	+0x4	tail	0xbf126	18	0x7be9b	0x922c	0xfe13	0x2d00	0xe81a	0xe401	0x6bb8	2c9213fe	exact							
3780	0x77b59d07836d	18	0x7be9b	0x26de85	0x26de88	+0x3	tail	0x7c308	158	0x99029	0x2d00	0xe81a	0xe401	0x6bb8	0x3a0c	0xa4f9	002d1a	exact							
3781	0x77b59d07836d	158	0x99029	0x26de88	0x26de8c	+0x4	tail	0x992ca	185	0x9d964	0x1e8	0xb8e4	0xc6b	0xf93a	0x50a4	0xe82b	e801e4b8	exact							
3782	0x77b59d07836d	185	0x9d964	0x26de8c	0x26de8f	+0x3	tail	0x9dcab	64	0x85059	0xc6b	0xf93a	0x50a4	0xe82b	0x2e01	0xe84a	6b0c3a	exact							
3783	0x77b59d07836d	64	0x85059	0x26de8f	0x26de93	+0x4	tail	0x8536e	20	0x7c62b	0xa4f9	0x2b50	0x1e8	0x4a2e	0x5e8	0x41c	f9a4502b	exact							
3784	0x77b59d07836d	20	0x7c62b	0x26de93	0x26de97	+0x4	tail	0x7ca96	215	0xa4609	0x1e8	0x4a2e	0x5e8	0x41c	0x1466	0x3aa3	e8012e4a	exact							
3785	0x77b59d07836d	215	0xa4609	0x26de97	0x26de9a	+0x3	tail	0xa4a5e	189	0x9e7af	0x5e8	0x41c	0x1466	0x3aa3	0xe879	0x1001	e8051c	exact							
3786	0x77b59d07836d	189	0x9e7af	0x26de9a	0x26de9e	+0x4	tail	0x9eac9	184	0x9d694	0x6604	0xa314	0x793a	0x1e8	0xc10	0xbd3a	046614a3	exact							
3787	0x77b59d07836d	184	0x9d694	0x26de9e	0x26dea2	+0x4	tail	0x9d961	18	0x7be9b	0x793a	0x1e8	0xc10	0xbd3a	0x247	0xe803	3a79e801	exact							
3788	0x77b59d07836d	18	0x7be9b	0x26dea2	0x26dea5	+0x3	tail	0x7c308	114	0x90319	0xc10	0xbd3a	0x247	0xe803	0xba01	0xa11d	100c3a	exact							
3789	0x77b59d07836d	114	0x90319	0x26dea5	0x26dea9	+0x4	tail	0x90893	20	0x7c62b	0x47bd	0x302	0x1e8	0x1dba	0xb5a1	0x6c14	bd470203	exact							
3790	0x77b59d07836d	20	0x7c62b	0x26dea9	0x26dead	+0x4	tail	0x7ca96	258	0xadf2c	0x1e8	0x1dba	0xb5a1	0x6c14	0x36e0	0xd8f7	e801ba1d	exact							
3791	0x77b59d07836d	258	0xadf2c	0x26dead	0x26deb1	+0x4	tail	0xae32f	18	0x7be9b	0xb5a1	0x6c14	0x36e0	0xd8f7	0xe8b8	0x1701	a1b5146c	exact							
3792	0x77b59d07836d	18	0x7be9b	0x26deb1	0x26deb4	+0x3	tail	0x7c308	184	0x9d694	0x36e0	0xd8f7	0xe8b8	0x1701	0x2699	0xd378	e036f7	exact							
3793	0x77b59d07836d	184	0x9d694	0x26deb4	0x26deb8	+0x4	tail	0x9d961	258	0xadf2c	0xb8d8	0x1e8	0x9917	0x7826	0x83d3	0xaa3a	d8b8e801	exact							
3794	0x77b59d07836d	258	0xadf2c	0x26deb8	0x26debc	+0x4	tail	0xae32f	185	0x9d964	0x9917	0x7826	0x83d3	0xaa3a	0xe87e	0xd801	17992678	exact							
3795	0x77b59d07836d	185	0x9d964	0x26debc	0x26debf	+0x3	tail	0x9dcab	184	0x9d694	0x83d3	0xaa3a	0xe87e	0xd801	0x780a	0xb79	d3833a	exact							
3796	0x77b59d07836d	184	0x9d694	0x26debf	0x26dec3	+0x4	tail	0x9d961	28	0x7e390	0x7eaa	0x1e8	0xad8	0x7978	0x6d0b	0xe883	aa7ee801	exact							
3797	0x77b59d07836d	28	0x7e390	0x26dec3	0x26dec6	+0x3	tail	0x7e7ca	347	0xc088d	0xad8	0x7978	0x6d0b	0xe883	0x8101	0x9446	d80a78	exact							
3798	0x77b59d07836d	347	0xc088d	0x26dec6	0x26deca	+0x4	tail	0xc0d7b	20	0x7c62b	0xb79	0x836d	0x1e8	0x4681	0x2994	0xf8a3	790b6d83	exact							
3799	0x77b59d07836d	20	0x7c62b	0x26deca	0x26dece	+0x4	tail	0x7ca96	337	0xbec0e	0x1e8	0x4681	0x2994	0xf8a3	0x10fb	0xe8bb	e8018146	exact							
3800	0x77b59d07836d	337	0xbec0e	0x26dece	0x26ded2	+0x4	tail	0xbf126	297	0xb64d7	0x2994	0xf8a3	0x10fb	0xe8bb	0x2101	0x7c7f	9429a3f8	exact							
3801	0x77b59d07836d	297	0xb64d7	0x26ded2	0x26ded5	+0x3	tail	0xb68ff	20	0x7c62b	0x10fb	0xe8bb	0x2101	0x7c7f	0x2d34	0xc0eb	fb10bb	exact							
3802	0x77b59d07836d	20	0x7c62b	0x26ded5	0x26ded9	+0x4	tail	0x7ca96	258	0xadf2c	0x1e8	0x7f21	0x347c	0xeb2d	0x35c0	0xe8aa	e801217f	exact							
3803	0x77b59d07836d	258	0xadf2c	0x26ded9	0x26dedd	+0x4	tail	0xae32f	18	0x7be9b	0x347c	0xeb2d	0x35c0	0xe8aa	0xf401	0xdf51	7c342deb	exact							
3804	0x77b59d07836d	18	0x7be9b	0x26dedd	0x26dee0	+0x3	tail	0x7c308	176	0x9c10b	0x35c0	0xe8aa	0xf401	0xdf51	0x26f8	0x8000	c035aa	exact							
3805	0x77b59d07836d	176	0x9c10b	0x26dee0	0x26dee4	+0x4	tail	0x9c3f4	311	0xb86f8	0x1e8	0x51f4	0xf8df	0x26	0x80	0xfd00	e801f451	exact							
3806	0x77b59d07836d	311	0xb86f8	0x26dee4	0x26deee	+0xa	dispatch	0xc80b9	169	0x9af18	0xf8df	0x26	0x80	0xfd00	0x1	0x162	dff82600800000fd0100	exact		0xe9cdb52a		0xe9cdbd2a			0x3a
3807	0x77b59d07836d	169	0x9af18	0x26deee	0x26def2	+0x4	tail	0x9b0c5	354	0xc2241	0x162	0x1e8	0x1c	0xaa0	0x810	0x991a	6201e801	exact	0xe9cdb52a		0xe9cdbd2a			0x3a	
3808	0x77b59d07836d	354	0xc2241	0x26def2	0x26def4	+0x2	tail	0xc240d	28	0x7e390	0x1c	0xaa0	0x810	0x991a	0x5600	0xfa18	1c00	exact							
3809	0x77b59d07836d	28	0x7e390	0x26def4	0x26def7	+0x3	tail	0x7e7ca	340	0xbf435	0xaa0	0x810	0x991a	0x5600	0xfa18	0x566c	a00a10	exact							
3810	0x77b59d07836d	340	0xbf435	0x26def7	0x26defb	+0x4	tail	0xbf886	43	0x8173d	0x1a08	0x99	0x1856	0x6cfa	0x2b56	0x1e8	081a9900	exact							
3811	0x77b59d07836d	43	0x8173d	0x26defb	0x26deff	+0x4	tail	0x81b7c	26	0x7dbbb	0x1856	0x6cfa	0x2b56	0x1e8	0xe243	0xab	5618fa6c	exact							
3812	0x77b59d07836d	26	0x7dbbb	0x26deff	0x26df03	+0x4	tail	0x7dfbd	157	0x98a9a	0x2b56	0x1e8	0xe243	0xab	0x978	0xab	562be801	exact							
3813	0x77b59d07836d	157	0x98a9a	0x26df03	0x26df07	+0x4	tail	0x99026	340	0xbf435	0xe243	0xab	0x978	0xab	0x7aa	0xf63a	43e2ab00	exact							
3814	0x77b59d07836d	340	0xbf435	0x26df07	0x26df0b	+0x4	tail	0xbf886	185	0x9d964	0x978	0xab	0x7aa	0xf63a	0xe8fa	0xd401	7809ab00	exact							
3815	0x77b59d07836d	185	0x9d964	0x26df0b	0x26df0e	+0x3	tail	0x9dcab	305	0xb78b0	0x7aa	0xf63a	0xe8fa	0xd401	0x8921	0xf800	aa073a	exact							
3816	0x77b59d07836d	305	0xb78b0	0x26df0e	0x26df12	+0x4	tail	0xb7bb8	340	0xbf435	0xfaf6	0x1e8	0x21d4	0x89	0x47f8	0x3bc1	f6fae801	exact							
3817	0x77b59d07836d	340	0xbf435	0x26df12	0x26df16	+0x4	tail	0xbf886	297	0xb64d7	0x21d4	0x89	0x47f8	0x3bc1	0x89c1	0x3200	d4218900	exact							
3818	0x77b59d07836d	297	0xb64d7	0x26df16	0x26df19	+0x3	tail	0xb68ff	157	0x98a9a	0x47f8	0x3bc1	0x89c1	0x3200	0xe80c	0x601	f847c1	exact							
3819	0x77b59d07836d	157	0x98a9a	0x26df19	0x26df1d	+0x4	tail	0x99026	26	0x7dbbb	0xc13b	0x89	0xc32	0x1e8	0x8f06	0xd4f8	3bc18900	exact							
3820	0x77b59d07836d	26	0x7dbbb	0x26df1d	0x26df21	+0x4	tail	0x7dfbd	189	0x9e7af	0xc32	0x1e8	0x8f06	0xd4f8	0xd5be	0xdeaf	320ce801	exact							
3821	0x77b59d07836d	189	0x9e7af	0x26df21	0x26df25	+0x4	tail	0x9eac9	307	0xb8064	0x8f06	0xd4f8	0xd5be	0xdeaf	0xfced	0xe8ff	068ff8d4	exact							
3822	0x77b59d07836d	307	0xb8064	0x26df25	0x26df28	+0x3	tail	0xb837a	196	0x9fbcd	0xd5be	0xdeaf	0xfced	0xe8ff	0xd101	0x8fa	bed5af	exact							
3823	0x77b59d07836d	196	0x9fbcd	0x26df28	0x26df2c	+0x4	tail	0xa0068	315	0xb9451	0xedde	0xfffc	0x1e8	0xfad1	0x9e08	0x123	deedfcff	exact							
3824	0x77b59d07836d	315	0xb9451	0x26df2c	0x26df30	+0x4	tail	0xb9878	340	0xbf435	0x1e8	0xfad1	0x9e08	0x123	0xf883	0xd403	e801d1fa	exact							
3825	0x77b59d07836d	340	0xbf435	0x26df30	0x26df34	+0x4	tail	0xbf886	168	0x9aa83	0x9e08	0x123	0xf883	0xd403	0x76b3	0x553a	089e2301	exact							
3826	0x77b59d07836d	168	0x9aa83	0x26df34	0x26df38	+0x4	tail	0x9af16	185	0x9d964	0xf883	0xd403	0x76b3	0x553a	0xe888	0xfe01	83f803d4	exact							
3827	0x77b59d07836d	185	0x9d964	0x26df38	0x26df3b	+0x3	tail	0x9dcab	305	0xb78b0	0x76b3	0x553a	0xe888	0xfe01	0xf764	0x4023	b3763a	exact							
3828	0x77b59d07836d	305	0xb78b0	0x26df3b	0x26df3f	+0x4	tail	0xb7bb8	258	0xadf2c	0x8855	0x1e8	0x64fe	0x23f7	0x540	0xde54	5588e801	exact							
3829	0x77b59d07836d	258	0xadf2c	0x26df3f	0x26df43	+0x4	tail	0xae32f	28	0x7e390	0x64fe	0x23f7	0x540	0xde54	0xea5e	0x9ece	fe64f723	exact							
3830	0x77b59d07836d	28	0x7e390	0x26df43	0x26df46	+0x3	tail	0x7e7ca	168	0x9aa83	0x540	0xde54	0xea5e	0x9ece	0xe8bb	0xc501	400554	exact							
3831	0x77b59d07836d	168	0x9aa83	0x26df46	0x26df4a	+0x4	tail	0x9af16	26	0x7dbbb	0x5ede	0xceea	0xbb9e	0x1e8	0x6fc5	0x11b9	de5eeace	exact							
3832	0x77b59d07836d	26	0x7dbbb	0x26df4a	0x26df4e	+0x4	tail	0x7dfbd	43	0x8173d	0xbb9e	0x1e8	0x6fc5	0x11b9	0x2134	0xcb	9ebbe801	exact							
3833	0x77b59d07836d	43	0x8173d	0x26df4e	0x26df52	+0x4	tail	0x81b7c	340	0xbf435	0x6fc5	0x11b9	0x2134	0xcb	0x17a0	0x143a	c56fb911	exact							
3834	0x77b59d07836d	340	0xbf435	0x26df52	0x26df56	+0x4	tail	0xbf886	185	0x9d964	0x2134	0xcb	0x17a0	0x143a	0xe8ec	0x1b01	3421cb00	exact							
3835	0x77b59d07836d	185	0x9d964	0x26df56	0x26df59	+0x3	tail	0x9dcab	346	0xc0535	0x17a0	0x143a	0xe8ec	0x1b01	0x380a	0xf00	a0173a	exact							
3836	0x77b59d07836d	346	0xc0535	0x26df59	0x26df5d	+0x4	tail	0xc088b	340	0xbf435	0xec14	0x1e8	0xa1b	0x38	0xc70f	0x38	14ece801	exact							
3837	0x77b59d07836d	340	0xbf435	0x26df5d	0x26df61	+0x4	tail	0xbf886	157	0x98a9a	0xa1b	0x38	0xc70f	0x38	0x798	0xbd04	1b0a3800	exact							
3838	0x77b59d07836d	157	0x98a9a	0x26df61	0x26df65	+0x4	tail	0x99026	215	0xa4609	0xc70f	0x38	0x798	0xbd04	0xe89e	0x3701	0fc73800	exact							
3839	0x77b59d07836d	215	0xa4609	0x26df65	0x26df68	+0x3	tail	0xa4a5e	243	0xaab6a	0x798	0xbd04	0xe89e	0x3701	0x1a4b	0x1674	980704	exact							
3840	0x77b59d07836d	243	0xaab6a	0x26df68	0x26df6c	+0x4	tail	0xaaf3c	199	0xa0631	0x9ebd	0x1e8	0x4b37	0x741a	0x1316	0x700	bd9ee801	exact							
3841	0x77b59d07836d	199	0xa0631	0x26df6c	0x26df6f	+0x3	tail	0xa0a9c	340	0xbf435	0x4b37	0x741a	0x1316	0x700	0x13cc	0xe800	374b1a	exact							
3842	0x77b59d07836d	340	0xbf435	0x26df6f	0x26df73	+0x4	tail	0xbf886	157	0x98a9a	0x1674	0x13	0xcc07	0x13	0x1e8	0xf464	74161300	exact							
3843	0x77b59d07836d	157	0x98a9a	0x26df73	0x26df77	+0x4	tail	0x99026	33	0x7f7c4	0xcc07	0x13	0x1e8	0xf464	0x5293	0x812a	07cc1300	exact							
3844	0x77b59d07836d	33	0x7f7c4	0x26df77	0x26df7b	+0x4	tail	0x7fba1	66	0x855ff	0x1e8	0xf464	0x5293	0x812a	0x7472	0x3fa1	e80164f4	exact							
3845	0x77b59d07836d	66	0x855ff	0x26df7b	0x26df7e	+0x3	tail	0x859f9	189	0x9e7af	0x5293	0x812a	0x7472	0x3fa1	0x2c14	0xe8b7	93522a	exact							
3846	0x77b59d07836d	189	0x9e7af	0x26df7e	0x26df82	+0x4	tail	0x9eac9	196	0x9fbcd	0x7281	0xa174	0x143f	0xb72c	0x1e8	0x77d2	817274a1	exact							
3847	0x77b59d07836d	196	0x9fbcd	0x26df82	0x26df86	+0x4	tail	0xa0068	33	0x7f7c4	0x143f	0xb72c	0x1e8	0x77d2	0x54b	0x107	3f142cb7	exact							
3848	0x77b59d07836d	33	0x7f7c4	0x26df86	0x26df8a	+0x4	tail	0x7fba1	157	0x98a9a	0x1e8	0x77d2	0x54b	0x107	0x8d81	0x1eb4	e801d277	exact							
3849	0x77b59d07836d	157	0x98a9a	0x26df8a	0x26df8e	+0x4	tail	0x99026	307	0xb8064	0x54b	0x107	0x8d81	0x1eb4	0x108e	0x1618	4b050701	exact							
3850	0x77b59d07836d	307	0xb8064	0x26df8e	0x26df91	+0x3	tail	0xb837a	347	0xc088d	0x8d81	0x1eb4	0x108e	0x1618	0xe8b1	0xa001	818db4	exact							
3851	0x77b59d07836d	347	0xc088d	0x26df91	0x26df95	+0x4	tail	0xc0d7b	346	0xc0535	0x8e1e	0x1810	0xb116	0x1e8	0xaa0	0x340c	1e8e1018	exact							
3852	0x77b59d07836d	346	0xc0535	0x26df95	0x26df99	+0x4	tail	0xc088b	28	0x7e390	0xb116	0x1e8	0xaa0	0x340c	0x91d7	0xb300	16b1e801	exact							
3853	0x77b59d07836d	28	0x7e390	0x26df99	0x26df9c	+0x3	tail	0x7e7ca	340	0xbf435	0xaa0	0x340c	0x91d7	0xb300	0x91fa	0xa500	a00a0c	exact							
3854	0x77b59d07836d	340	0xbf435	0x26df9c	0x26dfa0	+0x4	tail	0xbf886	333	0xbd8af	0xd734	0x91	0xfab3	0x91	0xe2a5	0x1e8	34d79100	exact							
3855	0x77b59d07836d	333	0xbd8af	0x26dfa0	0x26dfa4	+0x4	tail	0xbdd16	346	0xc0535	0xfab3	0x91	0xe2a5	0x1e8	0x41a4	0x6a0e	b3fa9100	exact							
3856	0x77b59d07836d	346	0xc0535	0x26dfa4	0x26dfa8	+0x4	tail	0xc088b	268	0xb0007	0xe2a5	0x1e8	0x41a4	0x6a0e	0xbe26	0x5bac	a5e2e801	exact							
3857	0x77b59d07836d	268	0xb0007	0x26dfa8	0x26dfac	+0x4	tail	0xb0458	258	0xadf2c	0x41a4	0x6a0e	0xbe26	0x5bac	0xd0	0xa2bd	a4410e6a	exact							
3858	0x77b59d07836d	258	0xadf2c	0x26dfac	0x26dfb0	+0x4	tail	0xae32f	28	0x7e390	0xbe26	0x5bac	0xd0	0xa2bd	0xe8f9	0x6901	26beac5b	exact							
3859	0x77b59d07836d	28	0x7e390	0x26dfb0	0x26dfb3	+0x3	tail	0x7e7ca	26	0x7dbbb	0xd0	0xa2bd	0xe8f9	0x6901	0xc86a	0xe7a1	d000bd	exact							
3860	0x77b59d07836d	26	0x7dbbb	0x26dfb3	0x26dfb7	+0x4	tail	0x7dfbd	189	0x9e7af	0xf9a2	0x1e8	0x6a69	0xa1c8	0x98e7	0x3fcf	a2f9e801	exact							
3861	0x77b59d07836d	189	0x9e7af	0x26dfb7	0x26dfbb	+0x4	tail	0x9eac9	203	0xa1484	0x6a69	0xa1c8	0x98e7	0x3fcf	0x988	0x2c8c	696ac8a1	exact							
3862	0x77b59d07836d	203	0xa1484	0x26dfbb	0x26dfbf	+0x4	tail	0xa1936	28	0x7e390	0x98e7	0x3fcf	0x988	0x2c8c	0xe801	0xa001	e798cf3f	exact							
3863	0x77b59d07836d	28	0x7e390	0x26dfbf	0x26dfc2	+0x3	tail	0x7e7ca	305	0xb78b0	0x988	0x2c8c	0xe801	0xa001	0x3a09	0x4008	88098c	exact							
3864	0x77b59d07836d	305	0xb78b0	0x26dfc2	0x26dfc6	+0x4	tail	0xb7bb8	347	0xc088d	0x12c	0x1e8	0x9a0	0x83a	0x1540	0x2ab2	2c01e801	exact							
3865	0x77b59d07836d	347	0xc088d	0x26dfc6	0x26dfca	+0x4	tail	0xc0d7b	307	0xb8064	0x9a0	0x83a	0x1540	0x2ab2	0xbe4c	0xe86b	a0093a08	exact							
3866	0x77b59d07836d	307	0xb8064	0x26dfca	0x26dfcd	+0x3	tail	0xb837a	268	0xb0007	0x1540	0x2ab2	0xbe4c	0xe86b	0x4901	0x8af6	4015b2	exact							
3867	0x77b59d07836d	268	0xb0007	0x26dfcd	0x26dfd1	+0x4	tail	0xb0458	315	0xb9451	0x4c2a	0x6bbe	0x1e8	0xf649	0xce8a	0xc0dd	2a4cbe6b	exact							
3868	0x77b59d07836d	315	0xb9451	0x26dfd1	0x26dfd5	+0x4	tail	0xb9878	199	0xa0631	0x1e8	0xf649	0xce8a	0xc0dd	0x8ed6	0x382c	e80149f6	exact							
3869	0x77b59d07836d	199	0xa0631	0x26dfd5	0x26dfd8	+0x3	tail	0xa0a9c	268	0xb0007	0xce8a	0xc0dd	0x8ed6	0x382c	0xbe8f	0x751b	8acedd	exact							
3870	0x77b59d07836d	268	0xb0007	0x26dfd8	0x26dfdc	+0x4	tail	0xb0458	337	0xbec0e	0xd6c0	0x2c8e	0x8f38	0x1bbe	0xd875	0x1e8	c0d68e2c	exact							
3871	0x77b59d07836d	337	0xbec0e	0x26dfdc	0x26dfe0	+0x4	tail	0xbf126	243	0xaab6a	0x8f38	0x1bbe	0xd875	0x1e8	0x1814	0x13d	388fbe1b	exact							
3872	0x77b59d07836d	243	0xaab6a	0x26dfe0	0x26dfe4	+0x4	tail	0xaaf3c	338	0xbf128	0xd875	0x1e8	0x1814	0x13d	0x1e8	0x1e8	75d8e801	exact							
3873	0x77b59d07836d	338	0xbf128	0x26dfe4	0x26dfea	+0x6	tail	0xbf2d3	295	0xb60e0	0x1814	0x13d	0x1e8	0x1e8	0xd402	0x5710	14183d01e801	exact							
3874	0x77b59d07836d	295	0xb60e0	0x26dfea	0x26dfef	+0x5	tail	0xb625a	258	0xadf2c	0x1e8	0xd402	0x5710	0x9626	0xff33	0x68e1	e80102d410	exact							
3875	0x77b59d07836d	258	0xadf2c	0x26dfef	0x26dff3	+0x4	tail	0xae32f	333	0xbd8af	0x2657	0x3396	0xe1ff	0x68	0x2d21	0xe0cc	57269633	exact							
3876	0x77b59d07836d	333	0xbd8af	0x26dff3	0x26dff7	+0x4	tail	0xbdd16	66	0x855ff	0xe1ff	0x68	0x2d21	0xe0cc	0xd3c6	0xe8c3	ffe16800	exact							
3877	0x77b59d07836d	66	0x855ff	0x26dff7	0x26dffa	+0x3	tail	0x859f9	332	0xbd36d	0x2d21	0xe0cc	0xd3c6	0xe8c3	0xce01	0x12c4	212dcc	exact							
3878	0x77b59d07836d	332	0xbd36d	0x26dffa	0x26dffe	+0x4	tail	0xbd8ad	183	0x9d495	0xc6e0	0xc3d3	0x1e8	0xc4ce	0x2912	0x3d00	e0c6d3c3	exact							
3879	0x77b59d07836d	183	0x9d495	0x26dffe	0x26e002	+0x4	tail	0x9d692	83	0x8947b	0x1e8	0xc4ce	0x2912	0x3d00	0xd101	0xef2f	e801cec4	exact							
3880	0x77b59d07836d	83	0x8947b	0x26e002	0x26e007	+0x5	tail	0x89839	160	0x994cf	0x2912	0x3d00	0xd101	0xef2f	0xd670	0xc8d5	1229003d01	exact							
3881	0x77b59d07836d	160	0x994cf	0x26e007	0x26e009	+0x2	tail	0x99757	168	0x9aa83	0x2fd1	0x70ef	0xd5d6	0xac8	0xc1c8	0xd64c	d12f	exact							
3882	0x77b59d07836d	168	0x9aa83	0x26e009	0x26e00d	+0x4	tail	0x9af16	215	0xa4609	0x70ef	0xd5d6	0xac8	0xc1c8	0xd64c	0xbd39	ef70d6d5	exact							
3883	0x77b59d07836d	215	0xa4609	0x26e00d	0x26e010	+0x3	tail	0xa4a5e	345	0xc02e4	0xac8	0xc1c8	0xd64c	0xbd39	0xe13f	0x6477	c80ac8	exact							
3884	0x77b59d07836d	345	0xc02e4	0x26e010	0x26e016	+0x6	tail	0xc0532	64	0x85059	0x4cc1	0x39d6	0x3fbd	0x77e1	0xb064	0x13aa	c14cd639bd3f	exact							
3885	0x77b59d07836d	64	0x85059	0x26e016	0x26e01a	+0x4	tail	0x8536e	37	0x80685	0x77e1	0xb064	0x13aa	0x3d00	0x5c01	0xa967	e17764b0	exact							
3886	0x77b59d07836d	37	0x80685	0x26e01a	0x26e01f	+0x5	tail	0x80d77	108	0x8f24b	0x13aa	0x3d00	0x5c01	0xa967	0xb2c0	0xe8fc	aa13003d01	exact							
3887	0x77b59d07836d	108	0x8f24b	0x26e01f	0x26e021	+0x2	tail	0x8f6cf	64	0x85059	0x675c	0xc0a9	0xfcb2	0x4e8	0xee95	0xb357	5c67	exact							
3888	0x77b59d07836d	64	0x85059	0x26e021	0x26e025	+0x4	tail	0x8536e	28	0x7e390	0xc0a9	0xfcb2	0x4e8	0xee95	0xb357	0x3a00	a9c0b2fc	exact							
3889	0x77b59d07836d	28	0x7e390	0x26e025	0x26e028	+0x3	tail	0x7e7ca	157	0x98a9a	0x4e8	0xee95	0xb357	0x3a00	0x33f6	0x2e44	e80495	exact							
3890	0x77b59d07836d	157	0x98a9a	0x26e028	0x26e02c	+0x4	tail	0x99026	179	0x9ca8d	0x57ee	0xb3	0xf63a	0x4433	0x2e	0x13d	ee57b300	exact							
3891	0x77b59d07836d	179	0x9ca8d	0x26e02c	0x26e031	+0x5	tail	0x9cf2f	220	0xa522e	0xf63a	0x4433	0x2e	0x13d	0x3407	0xe6e2	3af633442e	exact							
3892	0x77b59d07836d	220	0xa522e	0x26e031	0x26e036	+0x5	tail	0xa5886	352	0xc1ec4	0x3d00	0x701	0xe234	0xe0e6	0x2c13	0x8dc	003d010734	exact							
3893	0x77b59d07836d	352	0xc1ec4	0x26e036	0x26e038	+0x2	tail	0xc21c0	189	0x9e7af	0xe6e2	0x13e0	0xdc2c	0xed08	0xca3a	0xf73f	e2e6	exact							
3894	0x77b59d07836d	189	0x9e7af	0x26e038	0x26e03c	+0x4	tail	0x9eac9	345	0xc02e4	0x13e0	0xdc2c	0xed08	0xca3a	0xf73f	0xc803	e0132cdc	exact							
3895	0x77b59d07836d	345	0xc02e4	0x26e03c	0x26e042	+0x6	tail	0xc0532	157	0x98a9a	0xed08	0xca3a	0xf73f	0xc803	0xb3	0xed67	08ed3aca3ff7	exact							
3896	0x77b59d07836d	157	0x98a9a	0x26e042	0x26e046	+0x4	tail	0x99026	185	0x9d964	0xc803	0xb3	0xed67	0x293a	0x5b6f	0x13d	03c8b300	exact							
3897	0x77b59d07836d	185	0x9d964	0x26e046	0x26e049	+0x3	tail	0x9dcab	37	0x80685	0xed67	0x293a	0x5b6f	0x13d	0x2970	0x211a	67ed3a	exact							
3898	0x77b59d07836d	37	0x80685	0x26e049	0x26e04e	+0x5	tail	0x80d77	160	0x994cf	0x6f29	0x3d5b	0x7001	0x1a29	0x21	0xbf7c	296f5b3d01	exact							
3899	0x77b59d07836d	160	0x994cf	0x26e04e	0x26e050	+0x2	tail	0x99757	124	0x91e81	0x2970	0x211a	0x7c00	0xbfbf	0x8b57	0xff3b	7029	exact							
3900	0x77b59d07836d	124	0x91e81	0x26e050	0x26e056	+0x6	tail	0x922c1	43	0x8173d	0x211a	0x7c00	0xbfbf	0x8b57	0xff3b	0x812	1a21007cbfbf	exact							
3901	0x77b59d07836d	43	0x8173d	0x26e056	0x26e05a	+0x4	tail	0x81b7c	18	0x7be9b	0x8b57	0xff3b	0x812	0x8ba	0xc3f4	0x6b	578b3bff	exact							
3902	0x77b59d07836d	18	0x7be9b	0x26e05a	0x26e05d	+0x3	tail	0x7c308	258	0xadf2c	0x812	0x8ba	0xc3f4	0x6b	0x13d	0xf03f	1208ba	exact							
3903	0x77b59d07836d	258	0xadf2c	0x26e05d	0x26e061	+0x4	tail	0xae32f	301	0xb708d	0xf408	0x6bc3	0x3d00	0x3f01	0x66f0	0x8d3f	08f4c36b	exact							
3904	0x77b59d07836d	301	0xb708d	0x26e061	0x26e066	+0x5	tail	0xb7583	108	0x8f24b	0x3d00	0x3f01	0x66f0	0x8d3f	0xc1c1	0x60db	003d013ff0	exact							
3905	0x77b59d07836d	108	0x8f24b	0x26e066	0x26e068	+0x2	tail	0x8f6cf	268	0xb0007	0x3f66	0xc18d	0xdbc1	0x460	0x4b6	0x89ac	663f	exact							
3906	0x77b59d07836d	268	0xb0007	0x26e068	0x26e06c	+0x4	tail	0xb0458	28	0x7e390	0xc18d	0xdbc1	0x460	0x4b6	0x89ac	0xb154	8dc1c1db	exact							
3907	0x77b59d07836d	28	0x7e390	0x26e06c	0x26e06f	+0x3	tail	0x7e7ca	140	0x94e5a	0x460	0x4b6	0x89ac	0xb154	0xf690	0x9d51	6004b6	exact							
3908	0x77b59d07836d	140	0x94e5a	0x26e06f	0x26e075	+0x6	tail	0x951c0	340	0xbf435	0xac04	0x5489	0x90b1	0x51f6	0x19d	0x1400	04ac8954b190	exact							
3909	0x77b59d07836d	340	0xbf435	0x26e075	0x26e079	+0x4	tail	0xbf886	49	0x82820	0x51f6	0x19d	0x1400	0x3d4f	0xe901	0x8a63	f6519d01	exact							
3910	0x77b59d07836d	49	0x82820	0x26e079	0x26e07e	+0x5	tail	0x82e73	108	0x8f24b	0x1400	0x3d4f	0xe901	0x8a63	0xd4b	0x92a7	00144f3d01	exact							
3911	0x77b59d07836d	108	0x8f24b	0x26e07e	0x26e080	+0x2	tail	0x8f6cf	199	0xa0631	0x63e9	0x4b8a	0xa70d	0xf092	0x7c99	0x1314	e963	exact							
3912	0x77b59d07836d	199	0xa0631	0x26e080	0x26e083	+0x3	tail	0xa0a9c	203	0xa1484	0x4b8a	0xa70d	0xf092	0x7c99	0x1314	0xef00	8a4b0d	exact							
3913	0x77b59d07836d	203	0xa1484	0x26e083	0x26e087	+0x4	tail	0xa1936	340	0xbf435	0x92a7	0x99f0	0x147c	0x13	0x99ef	0x319c	a792f099	exact							
3914	0x77b59d07836d	340	0xbf435	0x26e087	0x26e08b	+0x4	tail	0xbf886	30	0x7e849	0x147c	0x13	0x99ef	0x319c	0x3d00	0x5701	7c141300	exact							
3915	0x77b59d07836d	30	0x7e849	0x26e08b	0x26e08f	+0x4	tail	0x7ecd0	269	0xb045b	0x99ef	0x319c	0x3d00	0x5701	0x7331	0xbb07	ef999c31	exact							
3916	0x77b59d07836d	269	0xb045b	0x26e08f	0x26e094	+0x5	tail	0xb092e	173	0x9ba74	0x3d00	0x5701	0x7331	0xbb07	0x3a23	0x994f	003d015731	exact							
3917	0x77b59d07836d	173	0x9ba74	0x26e094	0x26e096	+0x2	tail	0x9bd8c	185	0x9d964	0x773	0x23bb	0x4f3a	0x6a99	0xe829	0xdb01	7307	exact							
3918	0x77b59d07836d	185	0x9d964	0x26e096	0x26e099	+0x3	tail	0x9dcab	64	0x85059	0x23bb	0x4f3a	0x6a99	0xe829	0xdb01	0xb152	bb233a	exact							
3919	0x77b59d07836d	64	0x85059	0x26e099	0x26e09d	+0x4	tail	0x8536e	176	0x9c10b	0x994f	0x296a	0x1e8	0x52db	0xafb1	0x2eea	4f996a29	exact							
3920	0x77b59d07836d	176	0x9c10b	0x26e09d	0x26e0a1	+0x4	tail	0x9c3f4	18	0x7be9b	0x1e8	0x52db	0xafb1	0x2eea	0x4a8c	0x7401	e801db52	exact							
3921	0x77b59d07836d	18	0x7be9b	0x26e0a1	0x26e0a4	+0x3	tail	0x7c308	347	0xc088d	0xafb1	0x2eea	0x4a8c	0x7401	0xe826	0xe801	b1afea	exact							
3922	0x77b59d07836d	347	0xc088d	0x26e0a4	0x26e0a8	+0x4	tail	0xc0d7b	184	0x9d694	0x8c2e	0x14a	0x2674	0x1e8	0x1e8	0x13d	2e8c4a01	exact							
3923	0x77b59d07836d	184	0x9d694	0x26e0a8	0x26e0ac	+0x4	tail	0x9d961	40	0x8115d	0x2674	0x1e8	0x1e8	0x13d	0xdb74	0x67fc	7426e801	exact							
3924	0x77b59d07836d	40	0x8115d	0x26e0ac	0x26e0b2	+0x6	tail	0x8129b	66	0x855ff	0x1e8	0x13d	0xdb74	0x67fc	0x173a	0xb787	e8013d0174db	exact							
3925	0x77b59d07836d	66	0x855ff	0x26e0b2	0x26e0b5	+0x3	tail	0x859f9	347	0xc088d	0x67fc	0x173a	0xb787	0x1a06	0xe8d8	0xa01	fc673a	exact							
3926	0x77b59d07836d	347	0xc088d	0x26e0b5	0x26e0b9	+0x4	tail	0xc0d7b	161	0x9975a	0x8717	0x6b7	0xd81a	0x1e8	0x170a	0x79	1787b706	exact							
3927	0x77b59d07836d	161	0x9975a	0x26e0b9	0x26e0bd	+0x4	tail	0x99b3a	340	0xbf435	0xd81a	0x1e8	0x170a	0x79	0x8d32	0x56ad	1ad8e801	exact							
3928	0x77b59d07836d	340	0xbf435	0x26e0bd	0x26e0c1	+0x4	tail	0xbf886	307	0xb8064	0x170a	0x79	0x8d32	0x56ad	0xe82d	0x8201	0a177900	exact							
3929	0x77b59d07836d	307	0xb8064	0x26e0c1	0x26e0c4	+0x3	tail	0xb837a	123	0x91a59	0x8d32	0x56ad	0xe82d	0x8201	0xb1c5	0xc034	328dad	exact							
3930	0x77b59d07836d	123	0x91a59	0x26e0c4	0x26e0c8	+0x4	tail	0x91e7f	307	0xb8064	0x2d56	0x1e8	0xc582	0x34b1	0xf9c0	0x8a7d	562de801	exact							
3931	0x77b59d07836d	307	0xb8064	0x26e0c8	0x26e0cb	+0x3	tail	0xb837a	258	0xadf2c	0xc582	0x34b1	0xf9c0	0x8a7d	0xe872	0x3201	82c5b1	exact							
3932	0x77b59d07836d	258	0xadf2c	0x26e0cb	0x26e0cf	+0x4	tail	0xae32f	161	0x9975a	0xc034	0x7df9	0x728a	0x1e8	0x3b32	0x6dc	34c0f97d	exact							
3933	0x77b59d07836d	161	0x9975a	0x26e0cf	0x26e0d3	+0x4	tail	0x99b3a	114	0x90319	0x728a	0x1e8	0x3b32	0x6dc	0x578	0xa86a	8a72e801	exact							
3934	0x77b59d07836d	114	0x90319	0x26e0d3	0x26e0d7	+0x4	tail	0x90893	18	0x7be9b	0x3b32	0x6dc	0x578	0xa86a	0xe898	0xae01	323bdc06	exact							
3935	0x77b59d07836d	18	0x7be9b	0x26e0d7	0x26e0da	+0x3	tail	0x7c308	174	0x9bd8f	0x578	0xa86a	0xe898	0xae01	0xbbd8	0x212b	78056a	exact							
3936	0x77b59d07836d	174	0x9bd8f	0x26e0da	0x26e0de	+0x4	tail	0x9c08c	258	0xadf2c	0x98a8	0x1e8	0xd8ae	0x2bbb	0x321	0xe82a	a898e801	exact							
3937	0x77b59d07836d	258	0xadf2c	0x26e0de	0x26e0e2	+0x4	tail	0xae32f	66	0x855ff	0xd8ae	0x2bbb	0x321	0xe82a	0x2401	0x2a14	aed8bb2b	exact							
3938	0x77b59d07836d	66	0x855ff	0x26e0e2	0x26e0e5	+0x3	tail	0x859f9	158	0x99029	0x321	0xe82a	0x2401	0x2a14	0x4596	0x86dd	21032a	exact							
3939	0x77b59d07836d	158	0x99029	0x26e0e5	0x26e0e9	+0x4	tail	0x992ca	114	0x90319	0x1e8	0x1424	0x962a	0xdd45	0x7186	0x9e87	e8012414	exact							
3940	0x77b59d07836d	114	0x90319	0x26e0e9	0x26e0ed	+0x4	tail	0x90893	297	0xb64d7	0x962a	0xdd45	0x7186	0x9e87	0xe857	0x9301	2a9645dd	exact							
3941	0x77b59d07836d	297	0xb64d7	0x26e0ed	0x26e0f0	+0x3	tail	0xb68ff	161	0x9975a	0x7186	0x9e87	0xe857	0x9301	0x8408	0x16ea	867187	exact							
3942	0x77b59d07836d	161	0x9975a	0x26e0f0	0x26e0f4	+0x4	tail	0x99b3a	297	0xb64d7	0x579e	0x1e8	0x893	0xea84	0x3716	0xe8a3	9e57e801	exact							
3943	0x77b59d07836d	297	0xb64d7	0x26e0f4	0x26e0f7	+0x3	tail	0xb68ff	64	0x85059	0x893	0xea84	0x3716	0xe8a3	0x4901	0xe1b2	930884	exact							
3944	0x77b59d07836d	64	0x85059	0x26e0f7	0x26e0fb	+0x4	tail	0x8536e	158	0x99029	0x16ea	0xa337	0x1e8	0xb249	0xe4e1	0x7478	ea1637a3	exact							
3945	0x77b59d07836d	158	0x99029	0x26e0fb	0x26e0ff	+0x4	tail	0x992ca	66	0x855ff	0x1e8	0xb249	0xe4e1	0x7478	0x2d0c	0x4013	e80149b2	exact							
3946	0x77b59d07836d	66	0x855ff	0x26e0ff	0x26e102	+0x3	tail	0x859f9	258	0xadf2c	0xe4e1	0x7478	0x2d0c	0x4013	0xe897	0xe901	e1e478	exact							
3947	0x77b59d07836d	258	0xadf2c	0x26e102	0x26e106	+0x4	tail	0xae32f	184	0x9d694	0xc74	0x132d	0x9740	0x1e8	0x5de9	0xa27e	740c2d13	exact							
3948	0x77b59d07836d	184	0x9d694	0x26e106	0x26e10a	+0x4	tail	0x9d961	114	0x90319	0x9740	0x1e8	0x5de9	0xa27e	0x34f	0xea1a	4097e801	exact							
3949	0x77b59d07836d	114	0x90319	0x26e10a	0x26e10e	+0x4	tail	0x90893	199	0xa0631	0x5de9	0xa27e	0x34f	0xea1a	0xe876	0x7901	e95d7ea2	exact							
3950	0x77b59d07836d	199	0xa0631	0x26e10e	0x26e111	+0x3	tail	0xa0a9c	161	0x9975a	0x34f	0xea1a	0xe876	0x7901	0x22dc	0x51fa	4f031a	exact							
3951	0x77b59d07836d	161	0x9975a	0x26e111	0x26e115	+0x4	tail	0x99b3a	258	0xadf2c	0x76ea	0x1e8	0xdc79	0xfa22	0x8d51	0x5ead	ea76e801	exact							
3952	0x77b59d07836d	258	0xadf2c	0x26e115	0x26e119	+0x4	tail	0xae32f	307	0xb8064	0xdc79	0xfa22	0x8d51	0x5ead	0xe858	0xc501	79dc22fa	exact							
3953	0x77b59d07836d	307	0xb8064	0x26e119	0x26e11c	+0x3	tail	0xb837a	123	0x91a59	0x8d51	0x5ead	0xe858	0xc501	0x7145	0xd80d	518dad	exact							
3954	0x77b59d07836d	123	0x91a59	0x26e11c	0x26e120	+0x4	tail	0x91e7f	114	0x90319	0x585e	0x1e8	0x45c5	0xd71	0x3d8	0x7ee2	5e58e801	exact							
3955	0x77b59d07836d	114	0x90319	0x26e120	0x26e124	+0x4	tail	0x90893	28	0x7e390	0x45c5	0xd71	0x3d8	0x7ee2	0xe85d	0x1001	c545710d	exact							
3956	0x77b59d07836d	28	0x7e390	0x26e124	0x26e127	+0x3	tail	0x7e7ca	123	0x91a59	0x3d8	0x7ee2	0xe85d	0x1001	0x3a84	0x3c6d	d803e2	exact							
3957	0x77b59d07836d	123	0x91a59	0x26e127	0x26e12b	+0x4	tail	0x91e7f	185	0x9d964	0x5d7e	0x1e8	0x8410	0x6d3a	0x1c3c	0xe87b	7e5de801	exact							
3958	0x77b59d07836d	185	0x9d964	0x26e12b	0x26e12e	+0x3	tail	0x9dcab	258	0xadf2c	0x8410	0x6d3a	0x1c3c	0xe87b	0xe01	0x9fd8	10843a	exact							
3959	0x77b59d07836d	258	0xadf2c	0x26e12e	0x26e132	+0x4	tail	0xae32f	158	0x99029	0x3c6d	0x7b1c	0x1e8	0xd80e	0x889f	0xcf30	6d3c1c7b	exact							
3960	0x77b59d07836d	158	0x99029	0x26e132	0x26e136	+0x4	tail	0x992ca	114	0x90319	0x1e8	0xd80e	0x889f	0xcf30	0x5ab	0xe83a	e8010ed8	exact							
3961	0x77b59d07836d	114	0x90319	0x26e136	0x26e13a	+0x4	tail	0x90893	185	0x9d964	0x889f	0xcf30	0x5ab	0xe83a	0xbd01	0x1475	9f8830cf	exact							
3962	0x77b59d07836d	185	0x9d964	0x26e13a	0x26e13d	+0x3	tail	0x9dcab	20	0x7c62b	0x5ab	0xe83a	0xbd01	0x1475	0xab11	0xfff6	ab053a	exact							
3963	0x77b59d07836d	20	0x7c62b	0x26e13d	0x26e141	+0x4	tail	0x7ca96	337	0xbec0e	0x1e8	0x75bd	0x1114	0xf6ab	0xa0ff	0xe895	e801bd75	exact							
3964	0x77b59d07836d	337	0xbec0e	0x26e141	0x26e145	+0x4	tail	0xbf126	297	0xb64d7	0x1114	0xf6ab	0xa0ff	0xe895	0x9f01	0xc81e	1411abf6	exact							
3965	0x77b59d07836d	297	0xb64d7	0x26e145	0x26e148	+0x3	tail	0xb68ff	158	0x99029	0xa0ff	0xe895	0x9f01	0xc81e	0x3a10	0xcd9	ffa095	exact							
3966	0x77b59d07836d	158	0x99029	0x26e148	0x26e14c	+0x4	tail	0x992ca	185	0x9d964	0x1e8	0x1e9f	0x10c8	0xd93a	0xdd0c	0x9842	e8019f1e	exact							
3967	0x77b59d07836d	185	0x9d964	0x26e14c	0x26e14f	+0x3	tail	0x9dcab	347	0xc088d	0x10c8	0xd93a	0xdd0c	0x9842	0xe88b	0x3901	c8103a	exact							
3968	0x77b59d07836d	347	0xc088d	0x26e14f	0x26e153	+0x4	tail	0xc0d7b	174	0x9bd8f	0xcd9	0x42dd	0x8b98	0x1e8	0xfa39	0x26	d90cdd42	exact							
3969	0x77b59d07836d	174	0x9bd8f	0x26e153	0x26e157	+0x4	tail	0x9c08c	356	0xc291a	0x8b98	0x1e8	0xfa39	0x26	0x80	0xfd00	988be801	exact							
3970	0x77b59d07836d	356	0xc291a	0x26e157	0x26e161	+0xa	dispatch	0xc80b9	310	0xb8556	0xfa39	0x26	0x80	0xfd00	0x1	0x1e8	39fa2600800000fd0100	exact		0x94baf385		0xffc5af34			0x3a
3971	0x77b59d07836d	310	0xb8556	0x26e161	0x26e165	+0x4	tail	0xb86f5	354	0xc2241	0x1e8	0x162	0x10c	0x1c4a	0x67ae	0x15e	e8016201	exact	0x94baf385		0xffc5af34			0x3a	
3972	0x77b59d07836d	354	0xc2241	0x26e165	0x26e167	+0x2	tail	0xc240d	268	0xb0007	0x10c	0x1c4a	0x67ae	0x15e	0x7b3a	0xb1d9	0c01	exact							
3973	0x77b59d07836d	268	0xb0007	0x26e167	0x26e16b	+0x4	tail	0xb0458	185	0x9d964	0x1c4a	0x67ae	0x15e	0x7b3a	0xb1d9	0xf6ca	4a1cae67	exact							
3974	0x77b59d07836d	185	0x9d964	0x26e16b	0x26e16e	+0x3	tail	0x9dcab	64	0x85059	0x15e	0x7b3a	0xb1d9	0xf6ca	0xe829	0x8801	5e013a	exact							
3975	0x77b59d07836d	64	0x85059	0x26e16e	0x26e172	+0x4	tail	0x8536e	26	0x7dbbb	0xd97b	0xcab1	0x29f6	0x1e8	0xa88	0x7c84	7bd9b1ca	exact							
3976	0x77b59d07836d	26	0x7dbbb	0x26e172	0x26e176	+0x4	tail	0x7dfbd	215	0xa4609	0x29f6	0x1e8	0xa88	0x7c84	0x4075	0x7e0b	f629e801	exact							
3977	0x77b59d07836d	215	0xa4609	0x26e176	0x26e179	+0x3	tail	0xa4a5e	337	0xbec0e	0xa88	0x7c84	0x4075	0x7e0b	0xab13	0xad0d	880a84	exact							
3978	0x77b59d07836d	337	0xbec0e	0x26e179	0x26e17d	+0x4	tail	0xbf126	172	0x9b68a	0x757c	0xb40	0x137e	0xdab	0xa3ad	0x1e8	7c75400b	exact							
3979	0x77b59d07836d	172	0x9b68a	0x26e17d	0x26e181	+0x4	tail	0x9ba72	243	0xaab6a	0x137e	0xdab	0xa3ad	0x1e8	0xaca3	0xf23a	7e13ab0d	exact							
3980	0x77b59d07836d	243	0xaab6a	0x26e181	0x26e185	+0x4	tail	0xaaf3c	185	0x9d964	0xa3ad	0x1e8	0xaca3	0xf23a	0x8901	0xdd00	ada3e801	exact							
3981	0x77b59d07836d	185	0x9d964	0x26e185	0x26e188	+0x3	tail	0x9dcab	340	0xbf435	0xaca3	0xf23a	0x8901	0xdd00	0xe322	0x800a	a3ac3a	exact							
3982	0x77b59d07836d	340	0xbf435	0x26e188	0x26e18c	+0x4	tail	0xbf886	172	0x9b68a	0x1f2	0x89	0x22dd	0xae3	0xf880	0x1e8	f2018900	exact							
3983	0x77b59d07836d	172	0x9b68a	0x26e18c	0x26e190	+0x4	tail	0x9ba72	26	0x7dbbb	0x22dd	0xae3	0xf880	0x1e8	0xa450	0xb0ac	dd22e30a	exact							
3984	0x77b59d07836d	26	0x7dbbb	0x26e190	0x26e194	+0x4	tail	0x7dfbd	337	0xbec0e	0xf880	0x1e8	0xa450	0xb0ac	0x860	0xce80	80f8e801	exact							
3985	0x77b59d07836d	337	0xbec0e	0x26e194	0x26e198	+0x4	tail	0xbf126	215	0xa4609	0xa450	0xb0ac	0x860	0xce80	0xb566	0xbe6c	50a4acb0	exact							
3986	0x77b59d07836d	215	0xa4609	0x26e198	0x26e19b	+0x3	tail	0xa4a5e	268	0xb0007	0x860	0xce80	0xb566	0xbe6c	0xe895	0x8601	600880	exact							
3987	0x77b59d07836d	268	0xb0007	0x26e19b	0x26e19f	+0x4	tail	0xb0458	346	0xc0535	0x66ce	0x6cb5	0x95be	0x1e8	0xb286	0xd2c7	ce66b56c	exact							
3988	0x77b59d07836d	346	0xc0535	0x26e19f	0x26e1a3	+0x4	tail	0xc088b	64	0x85059	0x95be	0x1e8	0xb286	0xd2c7	0xf517	0xd7a3	be95e801	exact							
3989	0x77b59d07836d	64	0x85059	0x26e1a3	0x26e1a7	+0x4	tail	0x8536e	168	0x9aa83	0xb286	0xd2c7	0xf517	0xd7a3	0x5525	0xe891	86b2c7d2	exact							
3990	0x77b59d07836d	168	0x9aa83	0x26e1a7	0x26e1ab	+0x4	tail	0x9af16	297	0xb64d7	0xf517	0xd7a3	0x5525	0xe891	0x9901	0xeaf4	17f5a3d7	exact							
3991	0x77b59d07836d	297	0xb64d7	0x26e1ab	0x26e1ae	+0x3	tail	0xb68ff	315	0xb9451	0x5525	0xe891	0x9901	0xeaf4	0x47ba	0x8c01	255591	exact							
3992	0x77b59d07836d	315	0xb9451	0x26e1ae	0x26e1b2	+0x4	tail	0xb9878	157	0x98a9a	0x1e8	0xf499	0xbaea	0x147	0xdc8c	0x147	e80199f4	exact							
3993	0x77b59d07836d	157	0x98a9a	0x26e1b2	0x26e1b6	+0x4	tail	0x99026	340	0xbf435	0xbaea	0x147	0xdc8c	0x147	0x970f	0xe8ec	eaba4701	exact							
3994	0x77b59d07836d	340	0xbf435	0x26e1b6	0x26e1ba	+0x4	tail	0xbf886	66	0x855ff	0xdc8c	0x147	0x970f	0xe8ec	0xe101	0x50f0	8cdc4701	exact							
3995	0x77b59d07836d	66	0x855ff	0x26e1ba	0x26e1bd	+0x3	tail	0x859f9	315	0xb9451	0x970f	0xe8ec	0xe101	0x50f0	0x1218	0x7076	0f97ec	exact							
3996	0x77b59d07836d	315	0xb9451	0x26e1bd	0x26e1c1	+0x4	tail	0xb9878	18	0x7be9b	0x1e8	0xf0e1	0x1850	0x7612	0x5f70	0x72b	e801e1f0	exact							
3997	0x77b59d07836d	18	0x7be9b	0x26e1c1	0x26e1c4	+0x3	tail	0x7c308	258	0xadf2c	0x1850	0x7612	0x5f70	0x72b	0xcbe8	0xe800	501812	exact							
3998	0x77b59d07836d	258	0xadf2c	0x26e1c4	0x26e1c8	+0x4	tail	0xae32f	157	0x98a9a	0x7076	0x2b5f	0xe807	0xcb	0x1e8	0x350c	76705f2b	exact							
3999	0x77b59d07836d	157	0x98a9a	0x26e1c8	0x26e1cc	+0x4	tail	0x99026	33	0x7f7c4	0xe807	0xcb	0x1e8	0x350c	0x860	0xffc	07e8cb00	exact							
4000	0x77b59d07836d	33	0x7f7c4	0x26e1cc	0x26e1d0	+0x4	tail	0x7fba1	215	0xa4609	0x1e8	0x350c	0x860	0xffc	0xa25c	0x452c	e8010c35	exact							
4001	0x77b59d07836d	215	0xa4609	0x26e1d0	0x26e1d3	+0x3	tail	0xa4a5e	268	0xb0007	0x860	0xffc	0xa25c	0x452c	0x3836	0x3e00	6008fc	exact							
4002	0x77b59d07836d	268	0xb0007	0x26e1d3	0x26e1d7	+0x4	tail	0xb0458	340	0xbf435	0x5c0f	0x2ca2	0x3645	0x38	0xe23e	0x1e8	0f5ca22c	exact							
4003	0x77b59d07836d	340	0xbf435	0x26e1d7	0x26e1db	+0x4	tail	0xbf886	243	0xaab6a	0x3645	0x38	0xe23e	0x1e8	0xad8	0xf6bb	45363800	exact							
4004	0x77b59d07836d	243	0xaab6a	0x26e1db	0x26e1df	+0x4	tail	0xaaf3c	215	0xa4609	0xe23e	0x1e8	0xad8	0xf6bb	0x6680	0x5f00	3ee2e801	exact							
4005	0x77b59d07836d	215	0xa4609	0x26e1df	0x26e1e2	+0x3	tail	0xa4a5e	347	0xc088d	0xad8	0xf6bb	0x6680	0x5f00	0x13f9	0x7900	d80abb	exact							
4006	0x77b59d07836d	347	0xc088d	0x26e1e2	0x26e1e6	+0x4	tail	0xc0d7b	333	0xbd8af	0x80f6	0x66	0xf95f	0x13	0x1179	0x1e8	f6806600	exact							
4007	0x77b59d07836d	333	0xbd8af	0x26e1e6	0x26e1ea	+0x4	tail	0xbdd16	305	0xb78b0	0xf95f	0x13	0x1179	0x1e8	0x848c	0x1de	5ff91300	exact							
4008	0x77b59d07836d	305	0xb78b0	0x26e1ea	0x26e1ee	+0x4	tail	0xb7bb8	347	0xc088d	0x1179	0x1e8	0x848c	0x1de	0x15c0	0x4eb2	7911e801	exact							
4009	0x77b59d07836d	347	0xc088d	0x26e1ee	0x26e1f2	+0x4	tail	0xc0d7b	307	0xb8064	0x848c	0x1de	0x15c0	0x4eb2	0x7ece	0x5d69	8c84de01	exact							
4010	0x77b59d07836d	307	0xb8064	0x26e1f2	0x26e1f5	+0x3	tail	0xb837a	268	0xb0007	0x15c0	0x4eb2	0x7ece	0x5d69	0xe81c	0x4301	c015b2	exact							
4011	0x77b59d07836d	268	0xb0007	0x26e1f5	0x26e1f9	+0x4	tail	0xb0458	243	0xaab6a	0xce4e	0x697e	0x1c5d	0x1e8	0xd643	0x107	4ece7e69	exact							
4012	0x77b59d07836d	243	0xaab6a	0x26e1f9	0x26e1fd	+0x4	tail	0xaaf3c	157	0x98a9a	0x1c5d	0x1e8	0xd643	0x107	0x5e7	0xee3a	5d1ce801	exact							
4013	0x77b59d07836d	157	0x98a9a	0x26e1fd	0x26e201	+0x4	tail	0x99026	185	0x9d964	0xd643	0x107	0x5e7	0xee3a	0x3866	0xe8db	43d60701	exact							
4014	0x77b59d07836d	185	0x9d964	0x26e201	0x26e204	+0x3	tail	0x9dcab	189	0x9e7af	0x5e7	0xee3a	0x3866	0xe8db	0x6101	0xc2f8	e7053a	exact							
4015	0x77b59d07836d	189	0x9e7af	0x26e204	0x26e208	+0x4	tail	0x9eac9	315	0xb9451	0x66ee	0xdb38	0x1e8	0xf861	0x49c2	0xeb66	ee6638db	exact							
4016	0x77b59d07836d	315	0xb9451	0x26e208	0x26e20c	+0x4	tail	0xb9878	258	0xadf2c	0x1e8	0xf861	0x49c2	0xeb66	0xc700	0x153a	e80161f8	exact							
4017	0x77b59d07836d	258	0xadf2c	0x26e20c	0x26e210	+0x4	tail	0xae32f	66	0x855ff	0x49c2	0xeb66	0xc700	0x153a	0x950f	0xe82b	c24966eb	exact							
4018	0x77b59d07836d	66	0x855ff	0x26e210	0x26e213	+0x3	tail	0x859f9	268	0xb0007	0xc700	0x153a	0x950f	0xe82b	0x6101	0x43f8	00c73a	exact							
4019	0x77b59d07836d	268	0xb0007	0x26e213	0x26e217	+0x4	tail	0xb0458	315	0xb9451	0xf15	0x2b95	0x1e8	0xf861	0x1943	0x9beb	150f952b	exact							
4020	0x77b59d07836d	315	0xb9451	0x26e217	0x26e21b	+0x4	tail	0xb9878	258	0xadf2c	0x1e8	0xf861	0x1943	0x9beb	0x7054	0xd496	e80161f8	exact							
4021	0x77b59d07836d	258	0xadf2c	0x26e21b	0x26e21f	+0x4	tail	0xae32f	168	0x9aa83	0x1943	0x9beb	0x7054	0xd496	0x2043	0x453a	4319eb9b	exact							
4022	0x77b59d07836d	168	0x9aa83	0x26e21f	0x26e223	+0x4	tail	0x9af16	185	0x9d964	0x7054	0xd496	0x2043	0x453a	0xe8de	0xba01	547096d4	exact							
4023	0x77b59d07836d	185	0x9d964	0x26e223	0x26e226	+0x3	tail	0x9dcab	305	0xb78b0	0x2043	0x453a	0xe8de	0xba01	0x837a	0x543	43203a	exact							
4024	0x77b59d07836d	305	0xb78b0	0x26e226	0x26e22a	+0x4	tail	0xb7bb8	258	0xadf2c	0xde45	0x1e8	0x7aba	0x4383	0x6e05	0x3a60	45dee801	exact							
4025	0x77b59d07836d	258	0xadf2c	0x26e22a	0x26e22e	+0x4	tail	0xae32f	297	0xb64d7	0x7aba	0x4383	0x6e05	0x3a60	0xfde6	0xe808	ba7a8343	exact							
4026	0x77b59d07836d	297	0xb64d7	0x26e22e	0x26e231	+0x3	tail	0xb68ff	196	0x9fbcd	0x6e05	0x3a60	0xfde6	0xe808	0x4901	0x3bf6	056e60	exact							
4027	0x77b59d07836d	196	0x9fbcd	0x26e231	0x26e235	+0x4	tail	0xa0068	315	0xb9451	0xe63a	0x8fd	0x1e8	0xf649	0x2e3b	0x98ce	3ae6fd08	exact							
4028	0x77b59d07836d	315	0xb9451	0x26e235	0x26e239	+0x4	tail	0xb9878	199	0xa0631	0x1e8	0xf649	0x2e3b	0x98ce	0x420d	0xd081	e80149f6	exact							
4029	0x77b59d07836d	199	0xa0631	0x26e239	0x26e23c	+0x3	tail	0xa0a9c	347	0xc088d	0x2e3b	0x98ce	0x420d	0xd081	0xe3a2	0xc00a	3b2ece	exact							
4030	0x77b59d07836d	347	0xc088d	0x26e23c	0x26e240	+0x4	tail	0xc0d7b	172	0x9b68a	0xd98	0x8142	0xa2d0	0xae3	0x5dc0	0x1e8	980d4281	exact							
4031	0x77b59d07836d	172	0x9b68a	0x26e240	0x26e244	+0x4	tail	0x9ba72	26	0x7dbbb	0xa2d0	0xae3	0x5dc0	0x1e8	0x9b2	0xc64d	d0a2e30a	exact							
4032	0x77b59d07836d	26	0x7dbbb	0x26e244	0x26e248	+0x4	tail	0x7dfbd	199	0xa0631	0x5dc0	0x1e8	0x9b2	0xc64d	0xc8d6	0xffa0	c05de801	exact							
4033	0x77b59d07836d	199	0xa0631	0x26e248	0x26e24b	+0x3	tail	0xa0a9c	189	0x9e7af	0x9b2	0xc64d	0xc8d6	0xffa0	0xb3ff	0xe800	b2094d	exact							
4034	0x77b59d07836d	189	0x9e7af	0x26e24b	0x26e24f	+0x4	tail	0x9eac9	333	0xbd8af	0xd6c6	0xa0c8	0xffff	0xb3	0x1e8	0xf69e	c6d6c8a0	exact							
4035	0x77b59d07836d	333	0xbd8af	0x26e24f	0x26e253	+0x4	tail	0xbdd16	33	0x7f7c4	0xffff	0xb3	0x1e8	0xf69e	0xd1d4	0x13d	ffffb300	exact							
4036	0x77b59d07836d	33	0x7f7c4	0x26e253	0x26e257	+0x4	tail	0x7fba1	338	0xbf128	0x1e8	0xf69e	0xd1d4	0x13d	0x1e8	0x1e8	e8019ef6	exact							
4037	0x77b59d07836d	338	0xbf128	0x26e257	0x26e25d	+0x6	tail	0xbf2d3	295	0xb60e0	0xd1d4	0x13d	0x1e8	0x1e8	0xcf82	0x9210	d4d13d01e801	exact							
4038	0x77b59d07836d	295	0xb60e0	0x26e25d	0x26e262	+0x5	tail	0xb625a	114	0x90319	0x1e8	0xcf82	0x9210	0x836e	0xc422	0xd089	e80182cf10	exact							
4039	0x77b59d07836d	114	0x90319	0x26e262	0x26e266	+0x4	tail	0x90893	273	0xb11ca	0x6e92	0x2283	0x89c4	0x69d0	0x1e8	0xdf72	926e8322	exact							
4040	0x77b59d07836d	273	0xb11ca	0x26e266	0x26e26a	+0x4	tail	0xb1545	183	0x9d495	0x89c4	0x69d0	0x1e8	0xdf72	0xc23	0x68	c489d069	exact							
4041	0x77b59d07836d	183	0x9d495	0x26e26a	0x26e26e	+0x4	tail	0x9d692	157	0x98a9a	0x1e8	0xdf72	0xc23	0x68	0xb18d	0x10	e80172df	exact							
4042	0x77b59d07836d	157	0x98a9a	0x26e26e	0x26e272	+0x4	tail	0x99026	297	0xb64d7	0xc23	0x68	0xb18d	0x10	0x13d	0x96d4	230c6800	exact							
4043	0x77b59d07836d	297	0xb64d7	0x26e272	0x26e275	+0x3	tail	0xb68ff	220	0xa522e	0xb18d	0x10	0x13d	0x96d4	0xdd02	0x6a80	8db110	exact							
4044	0x77b59d07836d	220	0xa522e	0x26e275	0x26e27a	+0x5	tail	0xa5886	198	0xa037e	0x3d00	0xd401	0x296	0x80dd	0x966a	0x190c	003d01d496	exact							
4045	0x77b59d07836d	198	0xa037e	0x26e27a	0x26e27c	+0x2	tail	0xa062e	18	0x7be9b	0xdd02	0x6a80	0xc96	0xb819	0xcd67	0x6f03	02dd	exact							
4046	0x77b59d07836d	18	0x7be9b	0x26e27c	0x26e27f	+0x3	tail	0x7c308	43	0x8173d	0x6a80	0xc96	0xb819	0xcd67	0x6f03	0x2e00	806a96	exact							
4047	0x77b59d07836d	43	0x8173d	0x26e27f	0x26e283	+0x4	tail	0x81b7c	347	0xc088d	0x190c	0x67b8	0x3cd	0x6f	0xba2e	0xb1c8	0c19b867	exact							
4048	0x77b59d07836d	347	0xc088d	0x26e283	0x26e287	+0x4	tail	0xc0d7b	253	0xacfb1	0x3cd	0x6f	0xba2e	0xb1c8	0x8cca	0x50f9	cd036f00	exact							
4049	0x77b59d07836d	253	0xacfb1	0x26e287	0x26e28d	+0x6	tail	0xad329	70	0x8610e	0xba2e	0xb1c8	0x8cca	0x50f9	0x3d00	0x6701	2ebac8b1ca8c	exact							
4050	0x77b59d07836d	70	0x8610e	0x26e28d	0x26e292	+0x5	tail	0x86763	144	0x95887	0x50f9	0x3d00	0x6701	0x2d97	0x2a86	0x7835	f950003d01	exact							
4051	0x77b59d07836d	144	0x95887	0x26e292	0x26e294	+0x2	tail	0x95b59	66	0x855ff	0x9767	0x862d	0x352a	0x6978	0x3a02	0x6357	6797	exact							
4052	0x77b59d07836d	66	0x855ff	0x26e294	0x26e297	+0x3	tail	0x859f9	43	0x8173d	0x862d	0x352a	0x6978	0x3a02	0x6357	0x577d	2d862a	exact							
4053	0x77b59d07836d	43	0x8173d	0x26e297	0x26e29b	+0x4	tail	0x81b7c	208	0xa2361	0x7835	0x269	0x573a	0x7d63	0x7457	0x9ecf	35786902	exact							
4054	0x77b59d07836d	208	0xa2361	0x26e29b	0x26e2a0	+0x5	tail	0xa2933	258	0xadf2c	0x573a	0x7d63	0x7457	0x9ecf	0x29cb	0x85	3a57637d57	exact							
4055	0x77b59d07836d	258	0xadf2c	0x26e2a0	0x26e2a4	+0x4	tail	0xae32f	83	0x8947b	0xcf74	0xcb9e	0x8529	0x3d00	0x6701	0x6597	74cf9ecb	exact							
4056	0x77b59d07836d	83	0x8947b	0x26e2a4	0x26e2a9	+0x5	tail	0x89839	144	0x95887	0x8529	0x3d00	0x6701	0x6597	0x2a3b	0xc205	2985003d01	exact							
4057	0x77b59d07836d	144	0x95887	0x26e2a9	0x26e2ab	+0x2	tail	0x95b59	66	0x855ff	0x9767	0x3b65	0x52a	0x51c2	0x78b9	0x806a	6797	exact							
4058	0x77b59d07836d	66	0x855ff	0x26e2ab	0x26e2ae	+0x3	tail	0x859f9	43	0x8173d	0x3b65	0x52a	0x51c2	0x78b9	0x806a	0xae01	653b2a	exact							
4059	0x77b59d07836d	43	0x8173d	0x26e2ae	0x26e2b2	+0x4	tail	0x81b7c	239	0xa991e	0xc205	0xb951	0x6a78	0x180	0x9fae	0xa1b3	05c251b9	exact							
4060	0x77b59d07836d	239	0xa991e	0x26e2b2	0x26e2b8	+0x6	tail	0xa9cf4	64	0x85059	0x6a78	0x180	0x9fae	0xa1b3	0x73	0x9f54	786a8001ae9f	exact							
4061	0x77b59d07836d	64	0x85059	0x26e2b8	0x26e2bc	+0x4	tail	0x8536e	37	0x80685	0xa1b3	0x73	0x9f54	0x3d77	0x5001	0x91b0	b3a17300	exact							
4062	0x77b59d07836d	37	0x80685	0x26e2bc	0x26e2c1	+0x5	tail	0x80d77	198	0xa037e	0x9f54	0x3d77	0x5001	0x91b0	0x67f9	0x7a92	549f773d01	exact							
4063	0x77b59d07836d	198	0xa037e	0x26e2c1	0x26e2c3	+0x2	tail	0xa062e	345	0xc02e4	0xb050	0xf991	0x9267	0xfb7a	0x560	0xa55e	50b0	exact							
4064	0x77b59d07836d	345	0xc02e4	0x26e2c3	0x26e2c9	+0x6	tail	0xc0532	215	0xa4609	0xf991	0x9267	0xfb7a	0x560	0xa55e	0x33d4	91f967927afb	exact							
4065	0x77b59d07836d	215	0xa4609	0x26e2c9	0x26e2cc	+0x3	tail	0xa4a5e	172	0x9b68a	0x560	0xa55e	0x33d4	0x2e08	0xe7c2	0x9669	60055e	exact							
4066	0x77b59d07836d	172	0x9b68a	0x26e2cc	0x26e2d0	+0x4	tail	0x9ba72	64	0x85059	0xd4a5	0x833	0xc22e	0x69e7	0x2996	0x13d	a5d43308	exact							
4067	0x77b59d07836d	64	0x85059	0x26e2d0	0x26e2d4	+0x4	tail	0x8536e	79	0x885b0	0xc22e	0x69e7	0x2996	0x13d	0x8700	0x88b0	2ec2e769	exact							
4068	0x77b59d07836d	79	0x885b0	0x26e2d4	0x26e2d9	+0x5	tail	0x88a55	257	0xadbfd	0x2996	0x13d	0x8700	0x88b0	0x4d0a	0x7a5f	96293d0100	exact							
4069	0x77b59d07836d	257	0xadbfd	0x26e2d9	0x26e2db	+0x2	tail	0xadf29	28	0x7e390	0xb087	0xa88	0x5f4d	0xae7a	0xcce2	0x39	87b0	exact							
4070	0x77b59d07836d	28	0x7e390	0x26e2db	0x26e2de	+0x3	tail	0x7e7ca	337	0xbec0e	0xa88	0x5f4d	0xae7a	0xcce2	0x39	0xc724	880a4d	exact							
4071	0x77b59d07836d	337	0xbec0e	0x26e2de	0x26e2e2	+0x4	tail	0xbf126	124	0x91e81	0x7a5f	0xe2ae	0x39cc	0x2400	0xc9c7	0x980a	5f7aaee2	exact							
4072	0x77b59d07836d	124	0x91e81	0x26e2e2	0x26e2e8	+0x6	tail	0x922c1	268	0xb0007	0x39cc	0x2400	0xc9c7	0x980a	0x632a	0xde00	cc390024c7c9	exact							
4073	0x77b59d07836d	268	0xb0007	0x26e2e8	0x26e2ec	+0x4	tail	0xb0458	49	0x82820	0x980a	0x632a	0xde00	0x3d26	0x3f01	0xdf97	0a982a63	exact							
4074	0x77b59d07836d	49	0x82820	0x26e2ec	0x26e2f1	+0x5	tail	0x82e73	144	0x95887	0xde00	0x3d26	0x3f01	0xdf97	0x7f39	0x5194	00de263d01	exact							
4075	0x77b59d07836d	144	0x95887	0x26e2f1	0x26e2f3	+0x2	tail	0x95b59	64	0x85059	0x973f	0x39df	0x947f	0x9751	0x14ef	0xf6a7	3f97	exact							
4076	0x77b59d07836d	64	0x85059	0x26e2f3	0x26e2f7	+0x4	tail	0x8536e	332	0xbd36d	0x39df	0x947f	0x9751	0x14ef	0xf6a7	0x883a	df397f94	exact							
4077	0x77b59d07836d	332	0xbd36d	0x26e2f7	0x26e2fb	+0x4	tail	0xbd8ad	185	0x9d964	0x9751	0x14ef	0xf6a7	0x883a	0xec82	0xf7	5197ef14	exact							
4078	0x77b59d07836d	185	0x9d964	0x26e2fb	0x26e2fe	+0x3	tail	0x9dcab	43	0x8173d	0xf6a7	0x883a	0xec82	0xf7	0x7b5e	0x13d	a7f63a	exact							
4079	0x77b59d07836d	43	0x8173d	0x26e2fe	0x26e302	+0x4	tail	0x81b7c	49	0x82820	0x8288	0xf7ec	0x5e00	0x3d7b	0x4701	0x3a09	8882ecf7	exact							
4080	0x77b59d07836d	49	0x82820	0x26e302	0x26e307	+0x5	tail	0x82e73	173	0x9ba74	0x5e00	0x3d7b	0x4701	0x3a09	0xad45	0x61c1	005e7b3d01	exact							
4081	0x77b59d07836d	173	0x9ba74	0x26e307	0x26e309	+0x2	tail	0x9bd8c	307	0xb8064	0x947	0x453a	0xc1ad	0xa661	0xb42c	0xe882	4709	exact							
4082	0x77b59d07836d	307	0xb8064	0x26e309	0x26e30c	+0x3	tail	0xb837a	114	0x90319	0x453a	0xc1ad	0xa661	0xb42c	0xe882	0x5f01	3a45ad	exact							
4083	0x77b59d07836d	114	0x90319	0x26e30c	0x26e310	+0x4	tail	0x90893	123	0x91a59	0x61c1	0x2ca6	0x82b4	0x1e8	0x9c5f	0x42a8	c161a62c	exact							
4084	0x77b59d07836d	123	0x91a59	0x26e310	0x26e314	+0x4	tail	0x91e7f	337	0xbec0e	0x82b4	0x1e8	0x9c5f	0x42a8	0xcdbd	0xf0a8	b482e801	exact							
4085	0x77b59d07836d	337	0xbec0e	0x26e314	0x26e318	+0x4	tail	0xbf126	66	0x855ff	0x9c5f	0x42a8	0xcdbd	0xf0a8	0xe877	0xe801	5f9ca842	exact							
4086	0x77b59d07836d	66	0x855ff	0x26e318	0x26e31b	+0x3	tail	0x859f9	123	0x91a59	0xcdbd	0xf0a8	0xe877	0xe801	0x6701	0x3d63	bdcda8	exact							
4087	0x77b59d07836d	123	0x91a59	0x26e31b	0x26e31f	+0x4	tail	0x91e7f	261	0xaeda2	0x77f0	0x1e8	0x1e8	0x6367	0x13d	0x4e1a	f077e801	exact							
4088	0x77b59d07836d	261	0xaeda2	0x26e31f	0x26e325	+0x6	tail	0xaeeff	18	0x7be9b	0x1e8	0x6367	0x13d	0x4e1a	0x1e14	0x8c5b	e80167633d01	exact							
4089	0x77b59d07836d	18	0x7be9b	0x26e325	0x26e328	+0x3	tail	0x7c308	189	0x9e7af	0x4e1a	0x1e14	0x8c5b	0xd2aa	0xe86e	0x1	1a4e14	exact							
4090	0x77b59d07836d	189	0x9e7af	0x26e328	0x26e32c	+0x4	tail	0x9eac9	161	0x9975a	0x5b1e	0xaa8c	0x6ed2	0x1e8	0x200	0x122c	1e5b8caa	exact							
4091	0x77b59d07836d	161	0x9975a	0x26e32c	0x26e330	+0x4	tail	0x99b3a	28	0x7e390	0x6ed2	0x1e8	0x200	0x122c	0xdc79	0x5a50	d26ee801	exact							
4092	0x77b59d07836d	28	0x7e390	0x26e330	0x26e333	+0x3	tail	0x7e7ca	64	0x85059	0x200	0x122c	0xdc79	0x5a50	0xe866	0xf201	00022c	exact							
4093	0x77b59d07836d	64	0x85059	0x26e333	0x26e337	+0x4	tail	0x8536e	184	0x9d694	0x7912	0x50dc	0x665a	0x1e8	0xabf2	0x7641	1279dc50	exact							
4094	0x77b59d07836d	184	0x9d694	0x26e337	0x26e33b	+0x4	tail	0x9d961	258	0xadf2c	0x665a	0x1e8	0xabf2	0x7641	0x646e	0xe831	5a66e801	exact							
4095	0x77b59d07836d	258	0xadf2c	0x26e33b	0x26e33f	+0x4	tail	0xae32f	199	0xa0631	0xabf2	0x7641	0x646e	0xe831	0x8101	0x29bf	f2ab4176	exact							
4096	0x77b59d07836d	199	0xa0631	0x26e33f	0x26e342	+0x3	tail	0xa0a9c	158	0x99029	0x646e	0xe831	0x8101	0x29bf	0x38ab	0xad6e	6e6431	exact							
4097	0x77b59d07836d	158	0x99029	0x26e342	0x26e346	+0x4	tail	0x992ca	66	0x855ff	0x1e8	0xbf81	0xab29	0x6e38	0x38ad	0x67f0	e80181bf	exact							
4098	0x77b59d07836d	66	0x855ff	0x26e346	0x26e349	+0x3	tail	0x859f9	114	0x90319	0xab29	0x6e38	0x38ad	0x67f0	0xe851	0x5c01	29ab38	exact							
4099	0x77b59d07836d	114	0x90319	0x26e349	0x26e34d	+0x4	tail	0x90893	174	0x9bd8f	0xad6e	0xf038	0x5167	0x1e8	0x2d5c	0x107	6ead38f0	exact							
4100	0x77b59d07836d	174	0x9bd8f	0x26e34d	0x26e351	+0x4	tail	0x9c08c	340	0xbf435	0x5167	0x1e8	0x2d5c	0x107	0x4e1a	0xa294	6751e801	exact							
4101	0x77b59d07836d	340	0xbf435	0x26e351	0x26e355	+0x4	tail	0xbf886	18	0x7be9b	0x2d5c	0x107	0x4e1a	0xa294	0xe8bf	0x1	5c2d0701	exact							
4102	0x77b59d07836d	18	0x7be9b	0x26e355	0x26e358	+0x3	tail	0x7c308	174	0x9bd8f	0x4e1a	0xa294	0xe8bf	0x1	0x9f02	0xd46e	1a4e94	exact							
4103	0x77b59d07836d	174	0x9bd8f	0x26e358	0x26e35c	+0x4	tail	0x9c08c	28	0x7e390	0xbfa2	0x1e8	0x200	0x6e9f	0x90d4	0xe8ca	a2bfe801	exact							
4104	0x77b59d07836d	28	0x7e390	0x26e35c	0x26e35f	+0x3	tail	0x7e7ca	64	0x85059	0x200	0x6e9f	0x90d4	0xe8ca	0xe101	0x90ea	00029f	exact							
4105	0x77b59d07836d	64	0x85059	0x26e35f	0x26e363	+0x4	tail	0x8536e	20	0x7c62b	0xd46e	0xca90	0x1e8	0xeae1	0x3b90	0x54d7	6ed490ca	exact							
4106	0x77b59d07836d	20	0x7c62b	0x26e363	0x26e367	+0x4	tail	0x7ca96	18	0x7be9b	0x1e8	0xeae1	0x3b90	0x54d7	0x137a	0x8500	e801e1ea	exact							
4107	0x77b59d07836d	18	0x7be9b	0x26e367	0x26e36a	+0x3	tail	0x7c308	340	0xbf435	0x3b90	0x54d7	0x137a	0x8500	0xe872	0x9e01	903bd7	exact							
4108	0x77b59d07836d	340	0xbf435	0x26e36a	0x26e36e	+0x4	tail	0xbf886	161	0x9975a	0x7a54	0x13	0x7285	0x1e8	0x3f9e	0x8b07	547a1300	exact							
4109	0x77b59d07836d	161	0x9975a	0x26e36e	0x26e372	+0x4	tail	0x99b3a	114	0x90319	0x7285	0x1e8	0x3f9e	0x8b07	0xc7b9	0xd8aa	8572e801	exact							
4110	0x77b59d07836d	114	0x90319	0x26e372	0x26e376	+0x4	tail	0x90893	66	0x855ff	0x3f9e	0x8b07	0xc7b9	0xd8aa	0xe819	0xc01	9e3f078b	exact							
4111	0x77b59d07836d	66	0x855ff	0x26e376	0x26e379	+0x3	tail	0x859f9	184	0x9d694	0xc7b9	0xd8aa	0xe819	0xc01	0xc9f1	0x7772	b9c7aa	exact							
4112	0x77b59d07836d	184	0x9d694	0x26e379	0x26e37d	+0x4	tail	0x9d961	258	0xadf2c	0x19d8	0x1e8	0xf10c	0x72c9	0x4d77	0xd62a	d819e801	exact							
4113	0x77b59d07836d	258	0xadf2c	0x26e37d	0x26e381	+0x4	tail	0xae32f	66	0x855ff	0xf10c	0x72c9	0x4d77	0xd62a	0xe8ef	0xa001	0cf1c972	exact							
4114	0x77b59d07836d	66	0x855ff	0x26e381	0x26e384	+0x3	tail	0x859f9	161	0x9975a	0x4d77	0xd62a	0xe8ef	0xa001	0x590a	0xedfc	774d2a	exact							
4115	0x77b59d07836d	161	0x9975a	0x26e384	0x26e388	+0x4	tail	0x99b3a	28	0x7e390	0xefd6	0x1e8	0xaa0	0xfc59	0x47ed	0xe801	d6efe801	exact							
4116	0x77b59d07836d	28	0x7e390	0x26e388	0x26e38b	+0x3	tail	0x7e7ca	340	0xbf435	0xaa0	0xfc59	0x47ed	0xe801	0x7a01	0xe3c9	a00a59	exact							
4117	0x77b59d07836d	340	0xbf435	0x26e38b	0x26e38f	+0x4	tail	0xbf886	176	0x9c10b	0xedfc	0x147	0x1e8	0xc97a	0xe3	0xe0ac	fced4701	exact							
4118	0x77b59d07836d	176	0x9c10b	0x26e38f	0x26e393	+0x4	tail	0x9c3f4	189	0x9e7af	0x1e8	0xc97a	0xe3	0xe0ac	0x96a9	0xe832	e8017ac9	exact							
4119	0x77b59d07836d	189	0x9e7af	0x26e393	0x26e397	+0x4	tail	0x9eac9	297	0xb64d7	0xe3	0xe0ac	0x96a9	0xe832	0x5901	0xc7a	e300ace0	exact							
4120	0x77b59d07836d	297	0xb64d7	0x26e397	0x26e39a	+0x3	tail	0xb68ff	176	0x9c10b	0x96a9	0xe832	0x5901	0xc7a	0xcc00	0x68f2	a99632	exact							
4121	0x77b59d07836d	176	0x9c10b	0x26e39a	0x26e39e	+0x4	tail	0x9c3f4	66	0x855ff	0x1e8	0x7a59	0xc	0xf2cc	0x1a68	0x5b9c	e801597a	exact							
4122	0x77b59d07836d	66	0x855ff	0x26e39e	0x26e3a1	+0x3	tail	0x859f9	114	0x90319	0xc	0xf2cc	0x1a68	0x5b9c	0xe855	0x8001	0c00cc	exact							
4123	0x77b59d07836d	114	0x90319	0x26e3a1	0x26e3a5	+0x4	tail	0x90893	174	0x9bd8f	0x68f2	0x9c1a	0x555b	0x1e8	0x480	0x2272	f2681a9c	exact							
4124	0x77b59d07836d	174	0x9bd8f	0x26e3a5	0x26e3a9	+0x4	tail	0x9c08c	18	0x7be9b	0x555b	0x1e8	0x480	0x2272	0xbc2e	0xe899	5b55e801	exact							
4125	0x77b59d07836d	18	0x7be9b	0x26e3a9	0x26e3ac	+0x3	tail	0x7c308	64	0x85059	0x480	0x2272	0xbc2e	0xe899	0x5f01	0xe5e2	800472	exact							
4126	0x77b59d07836d	64	0x85059	0x26e3ac	0x26e3b0	+0x4	tail	0x8536e	176	0x9c10b	0x2e22	0x99bc	0x1e8	0xe25f	0x4ee5	0xea	222ebc99	exact							
4127	0x77b59d07836d	176	0x9c10b	0x26e3b0	0x26e3b4	+0x4	tail	0x9c3f4	18	0x7be9b	0x1e8	0xe25f	0x4ee5	0xea	0xd68f	0xe8c6	e8015fe2	exact							
4128	0x77b59d07836d	18	0x7be9b	0x26e3b4	0x26e3b7	+0x3	tail	0x7c308	337	0xbec0e	0x4ee5	0xea	0xd68f	0xe8c6	0xe201	0x1b22	e54eea	exact							
4129	0x77b59d07836d	337	0xbec0e	0x26e3b7	0x26e3bb	+0x4	tail	0xbf126	158	0x99029	0x8f00	0xc6d6	0x1e8	0x22e2	0x681b	0xb02c	008fd6c6	exact							
4130	0x77b59d07836d	158	0x99029	0x26e3bb	0x26e3bf	+0x4	tail	0x992ca	114	0x90319	0x1e8	0x22e2	0x681b	0xb02c	0xd3b	0xe8f6	e801e222	exact							
4131	0x77b59d07836d	114	0x90319	0x26e3bf	0x26e3c3	+0x4	tail	0x90893	199	0xa0631	0x681b	0xb02c	0xd3b	0xe8f6	0xd601	0xa816	1b682cb0	exact							
4132	0x77b59d07836d	199	0xa0631	0x26e3c3	0x26e3c6	+0x3	tail	0xa0a9c	158	0x99029	0xd3b	0xe8f6	0xd601	0xa816	0x26fb	0x8000	3b0df6	exact							
4133	0x77b59d07836d	158	0x99029	0x26e3c6	0x26e3ca	+0x4	tail	0x992ca	95	0x8c41c	0x1e8	0x16d6	0xfba8	0x26	0x80	0xfd00	e801d616	exact							
4134	0x77b59d07836d	95	0x8c41c	0x26e3ca	0x26e3d4	+0xa	dispatch	0xc80b9	169	0x9af18	0xfba8	0x26	0x80	0xfd00	0x1	0xab	a8fb2600800000fd0100	exact		0x12833a00		0x3ffda2b6			0x3a
4135	0x77b59d07836d	169	0x9af18	0x26e3d4	0x26e3d8	+0x4	tail	0x9b0c5	171	0x9b4b3	0xab	0x1e8	0x129	0xe31	0xc2eb	0x6129	ab00e801	exact	0x12833a00		0x3ffda2b6			0x3a	
4136	0x77b59d07836d	171	0x9b4b3	0x26e3d8	0x26e3da	+0x2	tail	0x9b687	297	0xb64d7	0x129	0xe31	0xc2eb	0x6129	0x403a	0xaea4	2901	exact							
4137	0x77b59d07836d	297	0xb64d7	0x26e3da	0x26e3dd	+0x3	tail	0xb68ff	64	0x85059	0xe31	0xc2eb	0x6129	0x403a	0xaea4	0xde6c	310eeb	exact							
4138	0x77b59d07836d	64	0x85059	0x26e3dd	0x26e3e1	+0x4	tail	0x8536e	268	0xb0007	0x29c2	0x3a61	0xa440	0x6cae	0x93de	0x1e8	c229613a	exact							
4139	0x77b59d07836d	268	0xb0007	0x26e3e1	0x26e3e5	+0x4	tail	0xb0458	346	0xc0535	0xa440	0x6cae	0x93de	0x1e8	0xeb1	0x2f01	40a4ae6c	exact							
4140	0x77b59d07836d	346	0xc0535	0x26e3e5	0x26e3e9	+0x4	tail	0xc088b	268	0xb0007	0x93de	0x1e8	0xeb1	0x2f01	0xf8ab	0x583a	de93e801	exact							
4141	0x77b59d07836d	268	0xb0007	0x26e3e9	0x26e3ed	+0x4	tail	0xb0458	185	0x9d964	0xeb1	0x2f01	0xf8ab	0x583a	0xe1	0xe206	b10e012f	exact							
4142	0x77b59d07836d	185	0x9d964	0x26e3ed	0x26e3f0	+0x3	tail	0x9dcab	337	0xbec0e	0xf8ab	0x583a	0xe1	0xe206	0xe848	0x6401	abf83a	exact							
4143	0x77b59d07836d	337	0xbec0e	0x26e3f0	0x26e3f4	+0x4	tail	0xbf126	287	0xb45d2	0xe158	0x600	0x48e2	0x1e8	0x7064	0x6296	58e10006	exact							
4144	0x77b59d07836d	287	0xb45d2	0x26e3f4	0x26e3f8	+0x4	tail	0xb497e	268	0xb0007	0x48e2	0x1e8	0x7064	0x6296	0x23dd	0xe2fa	e248e801	exact							
4145	0x77b59d07836d	268	0xb0007	0x26e3f8	0x26e3fc	+0x4	tail	0xb0458	18	0x7be9b	0x7064	0x6296	0x23dd	0xe2fa	0x45af	0xe8fb	64709662	exact							
4146	0x77b59d07836d	18	0x7be9b	0x26e3fc	0x26e3ff	+0x3	tail	0x7c308	114	0x90319	0x23dd	0xe2fa	0x45af	0xe8fb	0x1	0xafc2	dd23fa	exact							
4147	0x77b59d07836d	114	0x90319	0x26e3ff	0x26e403	+0x4	tail	0x90893	33	0x7f7c4	0xafe2	0xfb45	0x1e8	0xc200	0xb4af	0xfdb	e2af45fb	exact							
4148	0x77b59d07836d	33	0x7f7c4	0x26e403	0x26e407	+0x4	tail	0x7fba1	172	0x9b68a	0x1e8	0xc200	0xb4af	0xfdb	0xcfe9	0xea0c	e80100c2	exact							
4149	0x77b59d07836d	172	0x9b68a	0x26e407	0x26e40b	+0x4	tail	0x9ba72	189	0x9e7af	0xb4af	0xfdb	0xcfe9	0xea0c	0x108	0xe8c4	afb4db0f	exact							
4150	0x77b59d07836d	189	0x9e7af	0x26e40b	0x26e40f	+0x4	tail	0x9eac9	215	0xa4609	0xcfe9	0xea0c	0x108	0xe8c4	0x3201	0x13ee	e9cf0cea	exact							
4151	0x77b59d07836d	215	0xa4609	0x26e40f	0x26e412	+0x3	tail	0xa4a5e	33	0x7f7c4	0x108	0xe8c4	0x3201	0x13ee	0x3a4e	0xb0ff	0801c4	exact							
4152	0x77b59d07836d	33	0x7f7c4	0x26e412	0x26e416	+0x4	tail	0x7fba1	66	0x855ff	0x1e8	0xee32	0x4e13	0xff3a	0x13b0	0x13cb	e80132ee	exact							
4153	0x77b59d07836d	66	0x855ff	0x26e416	0x26e419	+0x3	tail	0x859f9	43	0x8173d	0x4e13	0xff3a	0x13b0	0x13cb	0x91ef	0x5976	134e3a	exact							
4154	0x77b59d07836d	43	0x8173d	0x26e419	0x26e41d	+0x4	tail	0x81b7c	258	0xadf2c	0xb0ff	0xcb13	0xef13	0x7691	0x4e59	0x1e8	ffb013cb	exact							
4155	0x77b59d07836d	258	0xadf2c	0x26e41d	0x26e421	+0x4	tail	0xae32f	346	0xc0535	0xef13	0x7691	0x4e59	0x1e8	0xf5af	0x147	13ef9176	exact							
4156	0x77b59d07836d	346	0xc0535	0x26e421	0x26e425	+0x4	tail	0xc088b	333	0xbd8af	0x4e59	0x1e8	0xf5af	0x147	0x810	0x3500	594ee801	exact							
4157	0x77b59d07836d	333	0xbd8af	0x26e425	0x26e429	+0x4	tail	0xbdd16	215	0xa4609	0xf5af	0x147	0x810	0x3500	0x1b1b	0xe854	aff54701	exact							
4158	0x77b59d07836d	215	0xa4609	0x26e429	0x26e42c	+0x3	tail	0xa4a5e	258	0xadf2c	0x810	0x3500	0x1b1b	0xe854	0xd101	0xd4fa	100800	exact							
4159	0x77b59d07836d	258	0xadf2c	0x26e42c	0x26e430	+0x4	tail	0xae32f	315	0xb9451	0x1b35	0x541b	0x1e8	0xfad1	0x63d4	0xcb	351b1b54	exact							
4160	0x77b59d07836d	315	0xb9451	0x26e430	0x26e434	+0x4	tail	0xb9878	340	0xbf435	0x1e8	0xfad1	0x63d4	0xcb	0x9897	0xdb68	e801d1fa	exact							
4161	0x77b59d07836d	340	0xbf435	0x26e434	0x26e438	+0x4	tail	0xbf886	203	0xa1484	0x63d4	0xcb	0x9897	0xdb68	0x1188	0xe83e	d463cb00	exact							
4162	0x77b59d07836d	203	0xa1484	0x26e438	0x26e43c	+0x4	tail	0xa1936	18	0x7be9b	0x9897	0xdb68	0x1188	0xe83e	0x4c01	0xe8c3	979868db	exact							
4163	0x77b59d07836d	18	0x7be9b	0x26e43c	0x26e43f	+0x3	tail	0x7c308	33	0x7f7c4	0x1188	0xe83e	0x4c01	0xe8c3	0x7c05	0x6211	88113e	exact							
4164	0x77b59d07836d	33	0x7f7c4	0x26e43f	0x26e443	+0x4	tail	0x7fba1	215	0xa4609	0x1e8	0xc34c	0x5e8	0x117c	0xb462	0xb4a2	e8014cc3	exact							
4165	0x77b59d07836d	215	0xa4609	0x26e443	0x26e446	+0x3	tail	0xa4a5e	189	0x9e7af	0x5e8	0x117c	0xb462	0xb4a2	0x1e74	0x8ad0	e8057c	exact							
4166	0x77b59d07836d	189	0x9e7af	0x26e446	0x26e44a	+0x4	tail	0x9eac9	168	0x9aa83	0x6211	0xa2b4	0x74b4	0xd01e	0x968a	0x1e8	1162b4a2	exact							
4167	0x77b59d07836d	168	0x9aa83	0x26e44a	0x26e44e	+0x4	tail	0x9af16	26	0x7dbbb	0x74b4	0xd01e	0x968a	0x1e8	0x4197	0x13	b4741ed0	exact							
4168	0x77b59d07836d	26	0x7dbbb	0x26e44e	0x26e452	+0x4	tail	0x7dfbd	157	0x98a9a	0x968a	0x1e8	0x4197	0x13	0x9aea	0x5735	8a96e801	exact							
4169	0x77b59d07836d	157	0x98a9a	0x26e452	0x26e456	+0x4	tail	0x99026	199	0xa0631	0x4197	0x13	0x9aea	0x5735	0xfe11	0x5a2b	97411300	exact							
4170	0x77b59d07836d	199	0xa0631	0x26e456	0x26e459	+0x3	tail	0xa0a9c	337	0xbec0e	0x9aea	0x5735	0xfe11	0x5a2b	0xe8ac	0xf01	ea9a35	exact							
4171	0x77b59d07836d	337	0xbec0e	0x26e459	0x26e45d	+0x4	tail	0xbf126	287	0xb45d2	0x1157	0x2bfe	0xac5a	0x1e8	0x4f0f	0x19d	5711fe2b	exact							
4172	0x77b59d07836d	287	0xb45d2	0x26e45d	0x26e461	+0x4	tail	0xb497e	157	0x98a9a	0xac5a	0x1e8	0x4f0f	0x19d	0x589c	0x19d	5aace801	exact							
4173	0x77b59d07836d	157	0x98a9a	0x26e461	0x26e465	+0x4	tail	0x99026	340	0xbf435	0x4f0f	0x19d	0x589c	0x19d	0xe793	0xc2fc	0f4f9d01	exact							
4174	0x77b59d07836d	340	0xbf435	0x26e465	0x26e469	+0x4	tail	0xbf886	66	0x855ff	0x589c	0x19d	0xe793	0xc2fc	0xe80b	0xe801	9c589d01	exact							
4175	0x77b59d07836d	66	0x855ff	0x26e469	0x26e46c	+0x3	tail	0x859f9	346	0xc0535	0xe793	0xc2fc	0xe80b	0xe801	0x2a04	0xe4f2	93e7fc	exact							
4176	0x77b59d07836d	346	0xc0535	0x26e46c	0x26e470	+0x4	tail	0xc088b	28	0x7e390	0xbc2	0x1e8	0x4e8	0xf22a	0x7e4	0x7001	c20be801	exact							
4177	0x77b59d07836d	28	0x7e390	0x26e470	0x26e473	+0x3	tail	0x7e7ca	157	0x98a9a	0x4e8	0xf22a	0x7e4	0x7001	0x5a8d	0x3e45	e8042a	exact							
4178	0x77b59d07836d	157	0x98a9a	0x26e473	0x26e477	+0x4	tail	0x99026	337	0xbec0e	0xe4f2	0x107	0x8d70	0x455a	0xe93e	0x1e8	f2e40701	exact							
4179	0x77b59d07836d	337	0xbec0e	0x26e477	0x26e47b	+0x4	tail	0xbf126	26	0x7dbbb	0x8d70	0x455a	0xe93e	0x1e8	0x75d9	0xb154	708d5a45	exact							
4180	0x77b59d07836d	26	0x7dbbb	0x26e47b	0x26e47f	+0x4	tail	0x7dfbd	196	0x9fbcd	0xe93e	0x1e8	0x75d9	0xb154	0x7f26	0xb938	3ee9e801	exact							
4181	0x77b59d07836d	196	0x9fbcd	0x26e47f	0x26e483	+0x4	tail	0xa0068	66	0x855ff	0x75d9	0xb154	0x7f26	0xb938	0x1c22	0x7dac	d97554b1	exact							
4182	0x77b59d07836d	66	0x855ff	0x26e483	0x26e486	+0x3	tail	0x859f9	189	0x9e7af	0x7f26	0xb938	0x1c22	0x7dac	0xe8d6	0xe801	267f38	exact							
4183	0x77b59d07836d	189	0x9e7af	0x26e486	0x26e48a	+0x4	tail	0x9eac9	243	0xaab6a	0x22b9	0xac1c	0xd67d	0x1e8	0xde8	0x8152	b9221cac	exact							
4184	0x77b59d07836d	243	0xaab6a	0x26e48a	0x26e48e	+0x4	tail	0xaaf3c	347	0xc088d	0xd67d	0x1e8	0xde8	0x8152	0x494b	0x91	7dd6e801	exact							
4185	0x77b59d07836d	347	0xc088d	0x26e48e	0x26e492	+0x4	tail	0xc0d7b	157	0x98a9a	0xde8	0x8152	0x494b	0x91	0xd0	0x9aad	e80d5281	exact							
4186	0x77b59d07836d	157	0x98a9a	0x26e492	0x26e496	+0x4	tail	0x99026	28	0x7e390	0x494b	0x91	0xd0	0x9aad	0xe8de	0x6401	4b499100	exact							
4187	0x77b59d07836d	28	0x7e390	0x26e496	0x26e499	+0x3	tail	0x7e7ca	26	0x7dbbb	0xd0	0x9aad	0xe8de	0x6401	0x7a48	0xdac6	d000ad	exact							
4188	0x77b59d07836d	26	0x7dbbb	0x26e499	0x26e49d	+0x4	tail	0x7dfbd	18	0x7be9b	0xde9a	0x1e8	0x4864	0xc67a	0xc3da	0x578b	9adee801	exact							
4189	0x77b59d07836d	18	0x7be9b	0x26e49d	0x26e4a0	+0x3	tail	0x7c308	258	0xadf2c	0x4864	0xc67a	0xc3da	0x578b	0x837c	0xb200	64487a	exact							
4190	0x77b59d07836d	258	0xadf2c	0x26e4a0	0x26e4a4	+0x4	tail	0xae32f	43	0x8173d	0xdac6	0x8bc3	0x7c57	0x83	0x96b2	0x1e8	c6dac38b	exact							
4191	0x77b59d07836d	43	0x8173d	0x26e4a4	0x26e4a8	+0x4	tail	0x81b7c	287	0xb45d2	0x7c57	0x83	0x96b2	0x1e8	0x7e89	0x75e7	577c8300	exact							
4192	0x77b59d07836d	287	0xb45d2	0x26e4a8	0x26e4ac	+0x4	tail	0xb497e	258	0xadf2c	0x96b2	0x1e8	0x7e89	0x75e7	0xf5e4	0x71ae	b296e801	exact							
4193	0x77b59d07836d	258	0xadf2c	0x26e4ac	0x26e4b0	+0x4	tail	0xae32f	307	0xb8064	0x7e89	0x75e7	0xf5e4	0x71ae	0xde47	0x6cf	897ee775	exact							
4194	0x77b59d07836d	307	0xb8064	0x26e4b0	0x26e4b3	+0x3	tail	0xb837a	168	0x9aa83	0xf5e4	0x71ae	0xde47	0x6cf	0xe8b2	0x6001	e4f5ae	exact							
4195	0x77b59d07836d	168	0x9aa83	0x26e4b3	0x26e4b7	+0x4	tail	0x9af16	26	0x7dbbb	0x4771	0xcfde	0xb206	0x1e8	0x860	0x63e2	7147decf	exact							
4196	0x77b59d07836d	26	0x7dbbb	0x26e4b7	0x26e4bb	+0x4	tail	0x7dfbd	28	0x7e390	0xb206	0x1e8	0x860	0x63e2	0xadc9	0xf469	06b2e801	exact							
4197	0x77b59d07836d	28	0x7e390	0x26e4bb	0x26e4be	+0x3	tail	0x7e7ca	268	0xb0007	0x860	0x63e2	0xadc9	0xf469	0x2db9	0xad5c	6008e2	exact							
4198	0x77b59d07836d	268	0xb0007	0x26e4be	0x26e4c2	+0x4	tail	0xb0458	258	0xadf2c	0xc963	0x69ad	0xb9f4	0x5c2d	0x5ead	0x1e8	63c9ad69	exact							
4199	0x77b59d07836d	258	0xadf2c	0x26e4c2	0x26e4c6	+0x4	tail	0xae32f	346	0xc0535	0xb9f4	0x5c2d	0x5ead	0x1e8	0xcb66	0x13d	f4b92d5c	exact							
4200	0x77b59d07836d	346	0xc0535	0x26e4c6	0x26e4ca	+0x4	tail	0xc088b	338	0xbf128	0x5ead	0x1e8	0xcb66	0x13d	0x1e8	0xe810	ad5ee801	exact							
4201	0x77b59d07836d	338	0xbf128	0x26e4ca	0x26e4d0	+0x6	tail	0xbf2d3	283	0xb3612	0xcb66	0x13d	0x1e8	0xe810	0x4401	0x835e	66cb3d01e801	exact							
4202	0x77b59d07836d	283	0xb3612	0x26e4d0	0x26e4d5	+0x5	tail	0xb3799	114	0x90319	0xe810	0x4401	0x835e	0xa3b5	0xfbf7	0x68d9	10e801445e	exact							
4203	0x77b59d07836d	114	0x90319	0x26e4d5	0x26e4d9	+0x4	tail	0x90893	157	0x98a9a	0xb583	0xf7a3	0xd9fb	0x68	0xe605	0x7be	83b5a3f7	exact							
4204	0x77b59d07836d	157	0x98a9a	0x26e4d9	0x26e4dd	+0x4	tail	0x99026	66	0x855ff	0xd9fb	0x68	0xe605	0x7be	0xfeb1	0x7339	fbd96800	exact							
4205	0x77b59d07836d	66	0x855ff	0x26e4dd	0x26e4e0	+0x3	tail	0x859f9	350	0xc1926	0xe605	0x7be	0xfeb1	0x7339	0xe808	0x4001	05e6be	exact							
4206	0x77b59d07836d	350	0xc1926	0x26e4e0	0x26e4e4	+0x4	tail	0xc1d46	180	0x9cf32	0xb107	0x39fe	0x873	0x1e8	0x8540	0x13d	07b1fe39	exact							
4207	0x77b59d07836d	180	0x9cf32	0x26e4e4	0x26e4e8	+0x4	tail	0x9d13d	79	0x885b0	0x873	0x1e8	0x8540	0x13d	0xd100	0xc42e	7308e801	exact							
4208	0x77b59d07836d	79	0x885b0	0x26e4e8	0x26e4ed	+0x5	tail	0x88a55	160	0x994cf	0x8540	0x13d	0xd100	0xc42e	0xeb31	0x6006	40853d0100	exact							
4209	0x77b59d07836d	160	0x994cf	0x26e4ed	0x26e4ef	+0x2	tail	0x99757	200	0xa0a9e	0x2ed1	0x31c4	0x6eb	0x860	0x1a45	0x425a	d12e	exact							
4210	0x77b59d07836d	200	0xa0a9e	0x26e4ef	0x26e4f5	+0x6	tail	0xa0dc7	268	0xb0007	0x31c4	0x6eb	0x860	0x1a45	0x425a	0x3d73	c431eb066008	exact							
4211	0x77b59d07836d	268	0xb0007	0x26e4f5	0x26e4f9	+0x4	tail	0xb0458	307	0xb8064	0x1a45	0x425a	0x3d73	0x97b4	0x6899	0xfb00	451a5a42	exact							
4212	0x77b59d07836d	307	0xb8064	0x26e4f9	0x26e4fc	+0x3	tail	0xb837a	337	0xbec0e	0x3d73	0x97b4	0x6899	0xfb00	0x4	0x13d	733db4	exact							
4213	0x77b59d07836d	337	0xbec0e	0x26e4fc	0x26e500	+0x4	tail	0xbf126	37	0x80685	0x9997	0x68	0x4fb	0x3d00	0xdf01	0xbf05	97996800	exact							
4214	0x77b59d07836d	37	0x80685	0x26e500	0x26e505	+0x5	tail	0x80d77	257	0xadbfd	0x4fb	0x3d00	0xdf01	0xbf05	0x4f9e	0xd89a	fb04003d01	exact							
4215	0x77b59d07836d	257	0xadbfd	0x26e505	0x26e507	+0x2	tail	0xadf29	203	0xa1484	0x5df	0x9ebf	0x9a4f	0xad8	0xa704	0x3739	df05	exact							
4216	0x77b59d07836d	203	0xa1484	0x26e507	0x26e50b	+0x4	tail	0xa1936	215	0xa4609	0x9ebf	0x9a4f	0xad8	0xa704	0x3739	0x3a8a	bf9e4f9a	exact							
4217	0x77b59d07836d	215	0xa4609	0x26e50b	0x26e50e	+0x3	tail	0xa4a5e	347	0xc088d	0xad8	0xa704	0x3739	0x3a8a	0xb9ae	0x7662	d80a04	exact							
4218	0x77b59d07836d	347	0xc088d	0x26e50e	0x26e512	+0x4	tail	0xc0d7b	179	0x9ca8d	0x39a7	0x8a37	0xae3a	0x62b9	0x5676	0x3da5	a739378a	exact							
4219	0x77b59d07836d	179	0x9ca8d	0x26e512	0x26e517	+0x5	tail	0x9cf2f	79	0x885b0	0xae3a	0x62b9	0x5676	0x3da5	0x1	0x8987	3aaeb96276	exact							
4220	0x77b59d07836d	79	0x885b0	0x26e517	0x26e51c	+0x5	tail	0x88a55	173	0x9ba74	0xa556	0x13d	0x8700	0x4a89	0xbc0b	0x9700	56a53d0100	exact							
4221	0x77b59d07836d	173	0x9ba74	0x26e51c	0x26e51e	+0x2	tail	0x9bd8c	347	0xc088d	0x8987	0xb4a	0xbc	0x9897	0xba40	0x3570	8789	exact							
4222	0x77b59d07836d	347	0xc088d	0x26e51e	0x26e522	+0x4	tail	0xc0d7b	203	0xa1484	0xb4a	0xbc	0x9897	0xba40	0x3570	0xe11e	4a0bbc00	exact							
4223	0x77b59d07836d	203	0xa1484	0x26e522	0x26e526	+0x4	tail	0xa1936	18	0x7be9b	0x9897	0xba40	0x3570	0xe11e	0x31fc	0xcf24	979840ba	exact							
4224	0x77b59d07836d	18	0x7be9b	0x26e526	0x26e529	+0x3	tail	0x7c308	124	0x91e81	0x3570	0xe11e	0x31fc	0xcf24	0x97c6	0x2dd1	70351e	exact							
4225	0x77b59d07836d	124	0x91e81	0x26e529	0x26e52f	+0x6	tail	0x922c1	237	0xa8e1f	0xfce1	0x2431	0xc6cf	0xd197	0x3d2d	0xf001	e1fc3124cfc6	exact							
4226	0x77b59d07836d	237	0xa8e1f	0x26e52f	0x26e534	+0x5	tail	0xa94a3	160	0x994cf	0xd197	0x3d2d	0xf001	0xfe28	0xd90a	0x8845	97d12d3d01	exact							
4227	0x77b59d07836d	160	0x994cf	0x26e534	0x26e536	+0x2	tail	0x99757	140	0x94e5a	0x28f0	0xafe	0x45d9	0x7488	0x147	0xd69d	f028	exact							
4228	0x77b59d07836d	140	0x94e5a	0x26e536	0x26e53c	+0x6	tail	0x951c0	168	0x9aa83	0xafe	0x45d9	0x7488	0x147	0xd69d	0x8b1a	fe0ad9458874	exact							
4229	0x77b59d07836d	168	0x9aa83	0x26e53c	0x26e540	+0x4	tail	0x9af16	258	0xadf2c	0x147	0xd69d	0x8b1a	0x4bc3	0x3d7c	0xab	47019dd6	exact							
4230	0x77b59d07836d	258	0xadf2c	0x26e540	0x26e544	+0x4	tail	0xae32f	307	0xb8064	0x8b1a	0x4bc3	0x3d7c	0xab	0x61f8	0x13d	1a8bc34b	exact							
4231	0x77b59d07836d	307	0xb8064	0x26e544	0x26e547	+0x3	tail	0xb837a	49	0x82820	0x3d7c	0xab	0x61f8	0x13d	0x9f9f	0x33c3	7c3dab	exact							
4232	0x77b59d07836d	49	0x82820	0x26e547	0x26e54c	+0x5	tail	0x82e73	144	0x95887	0xf800	0x3d61	0x9f01	0xc39f	0xb733	0x3510	00f8613d01	exact							
4233	0x77b59d07836d	144	0x95887	0x26e54c	0x26e54e	+0x2	tail	0x95b59	297	0xb64d7	0x9f9f	0x33c3	0x10b7	0x5135	0x8b1c	0x9dea	9f9f	exact							
4234	0x77b59d07836d	297	0xb64d7	0x26e54e	0x26e551	+0x3	tail	0xb68ff	258	0xadf2c	0x33c3	0x10b7	0x5135	0x8b1c	0x9dea	0xed01	c333b7	exact							
4235	0x77b59d07836d	258	0xadf2c	0x26e551	0x26e555	+0x4	tail	0xae32f	333	0xbd8af	0x3510	0x1c51	0xea8b	0x19d	0x17ed	0x9463	1035511c	exact							
4236	0x77b59d07836d	333	0xbd8af	0x26e555	0x26e559	+0x4	tail	0xbdd16	345	0xc02e4	0xea8b	0x19d	0x17ed	0x9463	0xbd7f	0x25f6	8bea9d01	exact							
4237	0x77b59d07836d	345	0xc02e4	0x26e559	0x26e55f	+0x6	tail	0xc0532	79	0x885b0	0x17ed	0x9463	0xbd7f	0x25f6	0x13d	0x8f00	ed1763947fbd	exact							
4238	0x77b59d07836d	79	0x885b0	0x26e55f	0x26e564	+0x5	tail	0x88a55	173	0x9ba74	0x25f6	0x13d	0x8f00	0x5b01	0xb320	0x817f	f6253d0100	exact							
4239	0x77b59d07836d	173	0x9ba74	0x26e564	0x26e566	+0x2	tail	0x9bd8c	64	0x85059	0x18f	0x205b	0x7fb3	0xf681	0x242a	0x5be	8f01	exact							
4240	0x77b59d07836d	64	0x85059	0x26e566	0x26e56a	+0x4	tail	0x8536e	66	0x855ff	0x205b	0x7fb3	0xf681	0x242a	0x5be	0xe23a	5b20b37f	exact							
4241	0x77b59d07836d	66	0x855ff	0x26e56a	0x26e56d	+0x3	tail	0x859f9	350	0xc1926	0xf681	0x242a	0x5be	0xe23a	0xac52	0xf6	81f62a	exact							
4242	0x77b59d07836d	350	0xc1926	0x26e56d	0x26e571	+0x4	tail	0xc1d46	196	0x9fbcd	0xbe24	0x3a05	0x52e2	0xf6ac	0x3d00	0x5901	24be053a	exact							
4243	0x77b59d07836d	196	0x9fbcd	0x26e571	0x26e575	+0x4	tail	0xa0068	269	0xb045b	0x52e2	0xf6ac	0x3d00	0x5901	0xc6ac	0x7dd7	e252acf6	exact							
4244	0x77b59d07836d	269	0xb045b	0x26e575	0x26e57a	+0x5	tail	0xb092e	108	0x8f24b	0x3d00	0x5901	0xc6ac	0x7dd7	0xc8e2	0x64c8	003d0159ac	exact							
4245	0x77b59d07836d	108	0x8f24b	0x26e57a	0x26e57c	+0x2	tail	0x8f6cf	66	0x855ff	0xd7c6	0xe27d	0xc8c8	0xc664	0xa498	0xe8eb	c6d7	exact							
4246	0x77b59d07836d	66	0x855ff	0x26e57c	0x26e57f	+0x3	tail	0x859f9	114	0x90319	0xe27d	0xc8c8	0xc664	0xa498	0xe8eb	0x1	7de2c8	exact							
4247	0x77b59d07836d	114	0x90319	0x26e57f	0x26e583	+0x4	tail	0x90893	184	0x9d694	0x64c8	0x98c6	0xeba4	0x1e8	0xed00	0xb3	c864c698	exact							
4248	0x77b59d07836d	184	0x9d694	0x26e583	0x26e587	+0x4	tail	0x9d961	340	0xbf435	0xeba4	0x1e8	0xed00	0xb3	0xba2	0xe844	a4ebe801	exact							
4249	0x77b59d07836d	340	0xbf435	0x26e587	0x26e58b	+0x4	tail	0xbf886	18	0x7be9b	0xed00	0xb3	0xba2	0xe844	0x8d01	0xe87c	00edb300	exact							
4250	0x77b59d07836d	18	0x7be9b	0x26e58b	0x26e58e	+0x3	tail	0x7c308	20	0x7c62b	0xba2	0xe844	0x8d01	0xe87c	0x3d01	0xcb01	a20b44	exact							
4251	0x77b59d07836d	20	0x7c62b	0x26e58e	0x26e592	+0x4	tail	0x7ca96	119	0x90ebc	0x1e8	0x7c8d	0x1e8	0x13d	0x96cb	0x2344	e8018d7c	exact							
4252	0x77b59d07836d	119	0x90ebc	0x26e592	0x26e598	+0x6	tail	0x91067	340	0xbf435	0x1e8	0x13d	0x96cb	0x2344	0xb3	0xa51c	e8013d01cb96	exact							
4253	0x77b59d07836d	340	0xbf435	0x26e598	0x26e59c	+0x4	tail	0xbf886	307	0xb8064	0x2344	0xb3	0xa51c	0xe8ae	0x3e01	0x55	4423b300	exact							
4254	0x77b59d07836d	307	0xb8064	0x26e59c	0x26e59f	+0x3	tail	0xb837a	158	0x99029	0xa51c	0xe8ae	0x3e01	0x55	0x7a02	0xae92	1ca5ae	exact							
4255	0x77b59d07836d	158	0x99029	0x26e59f	0x26e5a3	+0x4	tail	0x992ca	18	0x7be9b	0x1e8	0x553e	0x200	0x927a	0x2cae	0x217	e8013e55	exact							
4256	0x77b59d07836d	18	0x7be9b	0x26e5a3	0x26e5a6	+0x3	tail	0x7c308	64	0x85059	0x200	0x927a	0x2cae	0x217	0xe8c6	0xe701	00027a	exact							
4257	0x77b59d07836d	64	0x85059	0x26e5a6	0x26e5aa	+0x4	tail	0x8536e	184	0x9d694	0xae92	0x172c	0xc602	0x1e8	0x19e7	0x5eaa	92ae2c17	exact							
4258	0x77b59d07836d	184	0x9d694	0x26e5aa	0x26e5ae	+0x4	tail	0x9d961	199	0xa0631	0xc602	0x1e8	0x19e7	0x5eaa	0x580f	0x9f83	02c6e801	exact							
4259	0x77b59d07836d	199	0xa0631	0x26e5ae	0x26e5b1	+0x3	tail	0xa0a9c	347	0xc088d	0x19e7	0x5eaa	0x580f	0x9f83	0xe845	0xd601	e719aa	exact							
4260	0x77b59d07836d	347	0xc088d	0x26e5b1	0x26e5b5	+0x4	tail	0xc0d7b	174	0x9bd8f	0xf5e	0x8358	0x459f	0x1e8	0x4bd6	0xa888	5e0f5883	exact							
4261	0x77b59d07836d	174	0x9bd8f	0x26e5b5	0x26e5b9	+0x4	tail	0x9c08c	189	0x9e7af	0x459f	0x1e8	0x4bd6	0xa888	0x8de2	0xe835	9f45e801	exact							
4262	0x77b59d07836d	189	0x9e7af	0x26e5b9	0x26e5bd	+0x4	tail	0x9eac9	199	0xa0631	0x4bd6	0xa888	0x8de2	0xe835	0x9a01	0x7d2	d64b88a8	exact							
4263	0x77b59d07836d	199	0xa0631	0x26e5bd	0x26e5c0	+0x3	tail	0xa0a9c	176	0x9c10b	0x8de2	0xe835	0x9a01	0x7d2	0x1c01	0xbad6	e28d35	exact							
4264	0x77b59d07836d	176	0x9c10b	0x26e5c0	0x26e5c4	+0x4	tail	0x9c3f4	189	0x9e7af	0x1e8	0xd29a	0x107	0xd61c	0x75ba	0xcaaf	e8019ad2	exact							
4265	0x77b59d07836d	189	0x9e7af	0x26e5c4	0x26e5c8	+0x4	tail	0x9eac9	307	0xb8064	0x107	0xd61c	0x75ba	0xcaaf	0xe8bc	0xe301	07011cd6	exact							
4266	0x77b59d07836d	307	0xb8064	0x26e5c8	0x26e5cb	+0x3	tail	0xb837a	184	0x9d694	0x75ba	0xcaaf	0xe8bc	0xe301	0xc99	0x8a0	ba75af	exact							
4267	0x77b59d07836d	184	0x9d694	0x26e5cb	0x26e5cf	+0x4	tail	0x9d961	189	0x9e7af	0xbcca	0x1e8	0x99e3	0xa00c	0x508	0x9d48	cabce801	exact							
4268	0x77b59d07836d	189	0x9e7af	0x26e5cf	0x26e5d3	+0x4	tail	0x9eac9	215	0xa4609	0x99e3	0xa00c	0x508	0x9d48	0xe8d7	0x2701	e3990ca0	exact							
4269	0x77b59d07836d	215	0xa4609	0x26e5d3	0x26e5d6	+0x3	tail	0xa4a5e	161	0x9975a	0x508	0x9d48	0xe8d7	0x2701	0xd55f	0xa76e	080548	exact							
4270	0x77b59d07836d	161	0x9975a	0x26e5d6	0x26e5da	+0x4	tail	0x99b3a	297	0xb64d7	0xd79d	0x1e8	0x5f27	0x6ed5	0x3a7	0xe2e3	9dd7e801	exact							
4271	0x77b59d07836d	297	0xb64d7	0x26e5da	0x26e5dd	+0x3	tail	0xb68ff	258	0xadf2c	0x5f27	0x6ed5	0x3a7	0xe2e3	0xe849	0x6601	275fd5	exact							
4272	0x77b59d07836d	258	0xadf2c	0x26e5dd	0x26e5e1	+0x4	tail	0xae32f	184	0x9d694	0xa76e	0xe303	0x49e2	0x1e8	0x366	0x9d54	6ea703e3	exact							
4273	0x77b59d07836d	184	0x9d694	0x26e5e1	0x26e5e5	+0x4	tail	0x9d961	189	0x9e7af	0x49e2	0x1e8	0x366	0x9d54	0x508	0x2ed0	e249e801	exact							
4274	0x77b59d07836d	189	0x9e7af	0x26e5e5	0x26e5e9	+0x4	tail	0x9eac9	28	0x7e390	0x366	0x9d54	0x508	0x2ed0	0xe84e	0x1001	6603549d	exact							
4275	0x77b59d07836d	28	0x7e390	0x26e5e9	0x26e5ec	+0x3	tail	0x7e7ca	161	0x9975a	0x508	0x2ed0	0xe84e	0x1001	0x5f08	0x2a5e	0805d0	exact							
4276	0x77b59d07836d	161	0x9975a	0x26e5ec	0x26e5f0	+0x4	tail	0x99b3a	28	0x7e390	0x4e2e	0x1e8	0x810	0x5e5f	0x5f2a	0x4e2b	2e4ee801	exact							
4277	0x77b59d07836d	28	0x7e390	0x26e5f0	0x26e5f3	+0x3	tail	0x7e7ca	258	0xadf2c	0x810	0x5e5f	0x5f2a	0x4e2b	0xe831	0x2601	10085f	exact							
4278	0x77b59d07836d	258	0xadf2c	0x26e5f3	0x26e5f7	+0x4	tail	0xae32f	123	0x91a59	0x2a5e	0x2b5f	0x314e	0x1e8	0xb126	0x6702	5e2a5f2b	exact							
4279	0x77b59d07836d	123	0x91a59	0x26e5f7	0x26e5fb	+0x4	tail	0x91e7f	297	0xb64d7	0x314e	0x1e8	0xb126	0x6702	0x5048	0xe8ea	4e31e801	exact							
4280	0x77b59d07836d	297	0xb64d7	0x26e5fb	0x26e5fe	+0x3	tail	0xb68ff	189	0x9e7af	0xb126	0x6702	0x5048	0xe8ea	0x5401	0x4e7	26b102	exact							
4281	0x77b59d07836d	189	0x9e7af	0x26e5fe	0x26e602	+0x4	tail	0x9eac9	158	0x99029	0x4867	0xea50	0x1e8	0xe754	0x2b04	0x123	674850ea	exact							
4282	0x77b59d07836d	158	0x99029	0x26e602	0x26e606	+0x4	tail	0x992ca	340	0xbf435	0x1e8	0xe754	0x2b04	0x123	0x80a0	0xe862	e80154e7	exact							
4283	0x77b59d07836d	340	0xbf435	0x26e606	0x26e60a	+0x4	tail	0xbf886	18	0x7be9b	0x2b04	0x123	0x80a0	0xe862	0xd901	0xb7a	042b2301	exact							
4284	0x77b59d07836d	18	0x7be9b	0x26e60a	0x26e60d	+0x3	tail	0x7c308	20	0x7c62b	0x80a0	0xe862	0xd901	0xb7a	0x3a87	0x6549	a08062	exact							
4285	0x77b59d07836d	20	0x7c62b	0x26e60d	0x26e611	+0x4	tail	0x7ca96	185	0x9d964	0x1e8	0x7ad9	0x870b	0x493a	0x8065	0x34c9	e801d97a	exact							
4286	0x77b59d07836d	185	0x9d964	0x26e611	0x26e614	+0x3	tail	0x9dcab	64	0x85059	0x870b	0x493a	0x8065	0x34c9	0xe8a5	0xa001	0b873a	exact							
4287	0x77b59d07836d	64	0x85059	0x26e614	0x26e618	+0x4	tail	0x8536e	184	0x9d694	0x6549	0xc980	0xa534	0x1e8	0xaa0	0x4c2a	496580c9	exact							
4288	0x77b59d07836d	184	0x9d694	0x26e618	0x26e61c	+0x4	tail	0x9d961	18	0x7be9b	0xa534	0x1e8	0xaa0	0x4c2a	0x8945	0xe800	34a5e801	exact							
4289	0x77b59d07836d	18	0x7be9b	0x26e61c	0x26e61f	+0x3	tail	0x7c308	340	0xbf435	0xaa0	0x4c2a	0x8945	0xe800	0xc201	0x3991	a00a2a	exact							
4290	0x77b59d07836d	340	0xbf435	0x26e61f	0x26e623	+0x4	tail	0xbf886	176	0x9c10b	0x454c	0x89	0x1e8	0x91c2	0x5539	0x1a9e	4c458900	exact							
4291	0x77b59d07836d	176	0x9c10b	0x26e623	0x26e627	+0x4	tail	0x9c3f4	114	0x90319	0x1e8	0x91c2	0x5539	0x1a9e	0xecd7	0xe87a	e801c291	exact							
4292	0x77b59d07836d	114	0x90319	0x26e627	0x26e62b	+0x4	tail	0x90893	199	0xa0631	0x5539	0x1a9e	0xecd7	0xe87a	0xfa01	0xc5	39559e1a	exact							
4293	0x77b59d07836d	199	0xa0631	0x26e62b	0x26e62e	+0x3	tail	0xa0a9c	20	0x7c62b	0xecd7	0xe87a	0xfa01	0xc5	0x602	0xd2ea	d7ec7a	exact							
4294	0x77b59d07836d	20	0x7c62b	0x26e62e	0x26e632	+0x4	tail	0x7ca96	28	0x7e390	0x1e8	0xc5fa	0x200	0xea06	0x48d2	0xe88b	e801fac5	exact							
4295	0x77b59d07836d	28	0x7e390	0x26e632	0x26e635	+0x3	tail	0x7e7ca	64	0x85059	0x200	0xea06	0x48d2	0xe88b	0x1501	0xe379	000206	exact							
4296	0x77b59d07836d	64	0x85059	0x26e635	0x26e639	+0x4	tail	0x8536e	158	0x99029	0xd2ea	0x8b48	0x1e8	0x7915	0xfce3	0x26	ead2488b	exact							
4297	0x77b59d07836d	158	0x99029	0x26e639	0x26e63d	+0x4	tail	0x992ca	311	0xb86f8	0x1e8	0x7915	0xfce3	0x26	0x80	0xfd00	e8011579	exact							
4298	0x77b59d07836d	311	0xb86f8	0x26e63d	0x26e647	+0xa	dispatch	0xc80b9	310	0xb8556	0xfce3	0x26	0x80	0xfd00	0x1	0x1e8	e3fc2600800000fd0100	exact		0xe19e5301		0xbffd4e77			0x3a
4299	0x77b59d07836d	310	0xb8556	0x26e647	0x26e64b	+0x4	tail	0xb86f5	165	0x9a24c	0x1e8	0xa5	0x12	0x158	0x4d3a	0x3180	e801a500	exact	0xe19e5301		0xbffd4e77			0x3a	
4300	0x77b59d07836d	165	0x9a24c	0x26e64b	0x26e64d	+0x2	tail	0x9a46b	18	0x7be9b	0x12	0x158	0x4d3a	0x3180	0xb4fe	0x990d	1200	exact							
4301	0x77b59d07836d	18	0x7be9b	0x26e64d	0x26e650	+0x3	tail	0x7c308	43	0x8173d	0x158	0x4d3a	0x3180	0xb4fe	0x990d	0xe800	58013a	exact							
4302	0x77b59d07836d	43	0x8173d	0x26e650	0x26e654	+0x4	tail	0x81b7c	340	0xbf435	0x804d	0xfe31	0xdb4	0x99	0x1e8	0x72e6	4d8031fe	exact							
4303	0x77b59d07836d	340	0xbf435	0x26e654	0x26e658	+0x4	tail	0xbf886	33	0x7f7c4	0xdb4	0x99	0x1e8	0x72e6	0x2658	0x1736	b40d9900	exact							
4304	0x77b59d07836d	33	0x7f7c4	0x26e658	0x26e65c	+0x4	tail	0x7fba1	18	0x7be9b	0x1e8	0x72e6	0x2658	0x1736	0x9790	0x897	e801e672	exact							
4305	0x77b59d07836d	18	0x7be9b	0x26e65c	0x26e65f	+0x3	tail	0x7c308	203	0xa1484	0x2658	0x1736	0x9790	0x897	0xa528	0xe8f0	582636	exact							
4306	0x77b59d07836d	203	0xa1484	0x26e65f	0x26e663	+0x4	tail	0xa1936	258	0xadf2c	0x9017	0x9797	0x2808	0xf0a5	0x1e8	0xfaf9	17909797	exact							
4307	0x77b59d07836d	258	0xadf2c	0x26e663	0x26e667	+0x4	tail	0xae32f	315	0xb9451	0x2808	0xf0a5	0x1e8	0xfaf9	0xf110	0x61be	0828a5f0	exact							
4308	0x77b59d07836d	315	0xb9451	0x26e667	0x26e66b	+0x4	tail	0xb9878	337	0xbec0e	0x1e8	0xfaf9	0xf110	0x61be	0x1fbd	0x3ab	e801f9fa	exact							
4309	0x77b59d07836d	337	0xbec0e	0x26e66b	0x26e66f	+0x4	tail	0xbf126	172	0x9b68a	0xf110	0x61be	0x1fbd	0x3ab	0x8d1f	0xe8b3	10f1be61	exact							
4310	0x77b59d07836d	172	0x9b68a	0x26e66f	0x26e673	+0x4	tail	0x9ba72	307	0xb8064	0x1fbd	0x3ab	0x8d1f	0xe8b3	0x9901	0x6ff4	bd1fab03	exact							
4311	0x77b59d07836d	307	0xb8064	0x26e673	0x26e676	+0x3	tail	0xb837a	315	0xb9451	0x8d1f	0xe8b3	0x9901	0x6ff4	0x2843	0x9000	1f8db3	exact							
4312	0x77b59d07836d	315	0xb9451	0x26e676	0x26e67a	+0x4	tail	0xb9878	157	0x98a9a	0x1e8	0xf499	0x436f	0x28	0x390	0x86cb	e80199f4	exact							
4313	0x77b59d07836d	157	0x98a9a	0x26e67a	0x26e67e	+0x4	tail	0x99026	28	0x7e390	0x436f	0x28	0x390	0x86cb	0x77d	0xe8b5	6f432800	exact							
4314	0x77b59d07836d	28	0x7e390	0x26e67e	0x26e681	+0x3	tail	0x7e7ca	114	0x90319	0x390	0x86cb	0x77d	0xe8b5	0x7401	0x35b4	9003cb	exact							
4315	0x77b59d07836d	114	0x90319	0x26e681	0x26e685	+0x4	tail	0x90893	33	0x7f7c4	0x7d86	0xb507	0x1e8	0xb474	0xd035	0xa83a	867d07b5	exact							
4316	0x77b59d07836d	33	0x7f7c4	0x26e685	0x26e689	+0x4	tail	0x7fba1	66	0x855ff	0x1e8	0xb474	0xd035	0xa83a	0x4e26	0x76cb	e80174b4	exact							
4317	0x77b59d07836d	66	0x855ff	0x26e689	0x26e68c	+0x3	tail	0x859f9	268	0xb0007	0xd035	0xa83a	0x4e26	0x76cb	0xaa01	0x8a81	35d03a	exact							
4318	0x77b59d07836d	268	0xb0007	0x26e68c	0x26e690	+0x4	tail	0xb0458	347	0xc088d	0x26a8	0xcb4e	0x176	0x81aa	0xb68a	0x1e8	a8264ecb	exact							
4319	0x77b59d07836d	347	0xc088d	0x26e690	0x26e694	+0x4	tail	0xc0d7b	287	0xb45d2	0x176	0x81aa	0xb68a	0x1e8	0x8312	0x44a	7601aa81	exact							
4320	0x77b59d07836d	287	0xb45d2	0x26e694	0x26e698	+0x4	tail	0xb497e	347	0xc088d	0xb68a	0x1e8	0x8312	0x44a	0x658	0xff84	8ab6e801	exact							
4321	0x77b59d07836d	347	0xc088d	0x26e698	0x26e69c	+0x4	tail	0xc0d7b	215	0xa4609	0x8312	0x44a	0x658	0xff84	0x1390	0x4e9e	12834a04	exact							
4322	0x77b59d07836d	215	0xa4609	0x26e69c	0x26e69f	+0x3	tail	0xa4a5e	203	0xa1484	0x658	0xff84	0x1390	0x4e9e	0xe827	0xce01	580684	exact							
4323	0x77b59d07836d	203	0xa1484	0x26e69f	0x26e6a3	+0x4	tail	0xa1936	287	0xb45d2	0x90ff	0x9e13	0x274e	0x1e8	0x1dce	0x73b4	ff90139e	exact							
4324	0x77b59d07836d	287	0xb45d2	0x26e6a3	0x26e6a7	+0x4	tail	0xb497e	307	0xb8064	0x274e	0x1e8	0x1dce	0x73b4	0xcbe9	0xc700	4e27e801	exact							
4325	0x77b59d07836d	307	0xb8064	0x26e6a7	0x26e6aa	+0x3	tail	0xb837a	333	0xbd8af	0x1dce	0x73b4	0xcbe9	0xc700	0x58f1	0xe817	ce1db4	exact							
4326	0x77b59d07836d	333	0xbd8af	0x26e6aa	0x26e6ae	+0x4	tail	0xbdd16	337	0xbec0e	0xe973	0xcb	0xf1c7	0x1758	0x1e8	0xa6a	73e9cb00	exact							
4327	0x77b59d07836d	337	0xbec0e	0x26e6ae	0x26e6b2	+0x4	tail	0xbf126	33	0x7f7c4	0xf1c7	0x1758	0x1e8	0xa6a	0x8d72	0x69b4	c7f15817	exact							
4328	0x77b59d07836d	33	0x7f7c4	0x26e6b2	0x26e6b6	+0x4	tail	0x7fba1	307	0xb8064	0x1e8	0xa6a	0x8d72	0x69b4	0x398c	0x600	e8016a0a	exact							
4329	0x77b59d07836d	307	0xb8064	0x26e6b6	0x26e6b9	+0x3	tail	0xb837a	347	0xc088d	0x8d72	0x69b4	0x398c	0x600	0xe3ad	0x7b0a	728db4	exact							
4330	0x77b59d07836d	347	0xc088d	0x26e6b9	0x26e6bd	+0x4	tail	0xc0d7b	172	0x9b68a	0x8c69	0x39	0xad06	0xae3	0x8e7b	0x1e8	698c3900	exact							
4331	0x77b59d07836d	172	0x9b68a	0x26e6bd	0x26e6c1	+0x4	tail	0x9ba72	26	0x7dbbb	0xad06	0xae3	0x8e7b	0x1e8	0x7694	0x13	06ade30a	exact							
4332	0x77b59d07836d	26	0x7dbbb	0x26e6c1	0x26e6c5	+0x4	tail	0x7dfbd	340	0xbf435	0x8e7b	0x1e8	0x7694	0x13	0x34f1	0xad3	7b8ee801	exact							
4333	0x77b59d07836d	340	0xbf435	0x26e6c5	0x26e6c9	+0x4	tail	0xbf886	172	0x9b68a	0x7694	0x13	0x34f1	0xad3	0x798	0x61a	94761300	exact							
4334	0x77b59d07836d	172	0x9b68a	0x26e6c9	0x26e6cd	+0x4	tail	0x9ba72	28	0x7e390	0x34f1	0xad3	0x798	0x61a	0xe81e	0x7c01	f134d30a	exact							
4335	0x77b59d07836d	28	0x7e390	0x26e6cd	0x26e6d0	+0x3	tail	0x7e7ca	243	0xaab6a	0x798	0x61a	0xe81e	0x7c01	0x5181	0x44d8	98071a	exact							
4336	0x77b59d07836d	243	0xaab6a	0x26e6d0	0x26e6d4	+0x4	tail	0xaaf3c	168	0x9aa83	0x1e06	0x1e8	0x817c	0xd851	0xf844	0x11d	061ee801	exact							
4337	0x77b59d07836d	168	0x9aa83	0x26e6d4	0x26e6d8	+0x4	tail	0x9af16	337	0xbec0e	0x817c	0xd851	0xf844	0x11d	0x8017	0xc52a	7c8151d8	exact							
4338	0x77b59d07836d	337	0xbec0e	0x26e6d8	0x26e6dc	+0x4	tail	0xbf126	199	0xa0631	0xf844	0x11d	0x8017	0xc52a	0xe850	0xf801	44f81d01	exact							
4339	0x77b59d07836d	199	0xa0631	0x26e6dc	0x26e6df	+0x3	tail	0xa0a9c	243	0xaab6a	0x8017	0xc52a	0xe850	0xf801	0xae9c	0x5e27	17802a	exact							
4340	0x77b59d07836d	243	0xaab6a	0x26e6df	0x26e6e3	+0x4	tail	0xaaf3c	268	0xb0007	0x50c5	0x1e8	0x9cf8	0x27ae	0x15e	0x113a	c550e801	exact							
4341	0x77b59d07836d	268	0xb0007	0x26e6e3	0x26e6e7	+0x4	tail	0xb0458	185	0x9d964	0x9cf8	0x27ae	0x15e	0x113a	0x1fe3	0xe2cb	f89cae27	exact							
4342	0x77b59d07836d	185	0x9d964	0x26e6e7	0x26e6ea	+0x3	tail	0x9dcab	64	0x85059	0x15e	0x113a	0x1fe3	0xe2cb	0xe826	0xf01	5e013a	exact							
4343	0x77b59d07836d	64	0x85059	0x26e6ea	0x26e6ee	+0x4	tail	0x8536e	287	0xb45d2	0xe311	0xcb1f	0x26e2	0x1e8	0xe10f	0x91	11e31fcb	exact							
4344	0x77b59d07836d	287	0xb45d2	0x26e6ee	0x26e6f2	+0x4	tail	0xb497e	333	0xbd8af	0x26e2	0x1e8	0xe10f	0x91	0x1929	0x533c	e226e801	exact							
4345	0x77b59d07836d	333	0xbd8af	0x26e6f2	0x26e6f6	+0x4	tail	0xbdd16	66	0x855ff	0xe10f	0x91	0x1929	0x533c	0xcba9	0x4978	0fe19100	exact							
4346	0x77b59d07836d	66	0x855ff	0x26e6f6	0x26e6f9	+0x3	tail	0x859f9	337	0xbec0e	0x1929	0x533c	0xcba9	0x4978	0xe8df	0xc01	29193c	exact							
4347	0x77b59d07836d	337	0xbec0e	0x26e6f9	0x26e6fd	+0x4	tail	0xbf126	305	0xb78b0	0xa953	0x78cb	0xdf49	0x1e8	0x10c	0x298	53a9cb78	exact							
4348	0x77b59d07836d	305	0xb78b0	0x26e6fd	0x26e701	+0x4	tail	0xb7bb8	347	0xc088d	0xdf49	0x1e8	0x10c	0x298	0x3042	0x676e	49dfe801	exact							
4349	0x77b59d07836d	347	0xc088d	0x26e701	0x26e705	+0x4	tail	0xc0d7b	268	0xb0007	0x10c	0x298	0x3042	0x676e	0xde6	0xfe3a	0c019802	exact							
4350	0x77b59d07836d	268	0xb0007	0x26e705	0x26e709	+0x4	tail	0xb0458	185	0x9d964	0x3042	0x676e	0xde6	0xfe3a	0xe819	0xfc01	42306e67	exact							
4351	0x77b59d07836d	185	0x9d964	0x26e709	0x26e70c	+0x3	tail	0x9dcab	287	0xb45d2	0xde6	0xfe3a	0xe819	0xfc01	0x7d6f	0x7cb0	e60d3a	exact							
4352	0x77b59d07836d	287	0xb45d2	0x26e70c	0x26e710	+0x4	tail	0xb497e	297	0xb64d7	0x19fe	0x1e8	0x6ffc	0xb07d	0xd37c	0x3800	fe19e801	exact							
4353	0x77b59d07836d	297	0xb64d7	0x26e710	0x26e713	+0x3	tail	0xb68ff	340	0xbf435	0x6ffc	0xb07d	0xd37c	0x3800	0x1d2e	0xe800	fc6f7d	exact							
4354	0x77b59d07836d	340	0xbf435	0x26e713	0x26e717	+0x4	tail	0xbf886	196	0x9fbcd	0x7cb0	0xd3	0x2e38	0x1d	0x1e8	0xf511	b07cd300	exact							
4355	0x77b59d07836d	196	0x9fbcd	0x26e717	0x26e71b	+0x4	tail	0xa0068	315	0xb9451	0x2e38	0x1d	0x1e8	0xf511	0x9854	0x93	382e1d00	exact							
4356	0x77b59d07836d	315	0xb9451	0x26e71b	0x26e71f	+0x4	tail	0xb9878	172	0x9b68a	0x1e8	0xf511	0x9854	0x93	0xa2a6	0x79	e80111f5	exact							
4357	0x77b59d07836d	172	0x9b68a	0x26e71f	0x26e723	+0x4	tail	0x9ba72	340	0xbf435	0x9854	0x93	0xa2a6	0x79	0x8022	0x74dd	54989300	exact							
4358	0x77b59d07836d	340	0xbf435	0x26e723	0x26e727	+0x4	tail	0xbf886	199	0xa0631	0xa2a6	0x79	0x8022	0x74dd	0xe8d8	0x5d01	a6a27900	exact							
4359	0x77b59d07836d	199	0xa0631	0x26e727	0x26e72a	+0x3	tail	0xa0a9c	26	0x7dbbb	0x8022	0x74dd	0xe8d8	0x5d01	0xbb08	0x3800	2280dd	exact							
4360	0x77b59d07836d	26	0x7dbbb	0x26e72a	0x26e72e	+0x4	tail	0x7dfbd	172	0x9b68a	0xd874	0x1e8	0x85d	0xbb	0x2638	0xe0e5	74d8e801	exact							
4361	0x77b59d07836d	172	0x9b68a	0x26e72e	0x26e732	+0x4	tail	0x9ba72	337	0xbec0e	0x85d	0xbb	0x2638	0xe0e5	0xad0	0x3364	5d08bb00	exact							
4362	0x77b59d07836d	337	0xbec0e	0x26e732	0x26e736	+0x4	tail	0xbf126	215	0xa4609	0x2638	0xe0e5	0xad0	0x3364	0xe8bc	0x1	3826e5e0	exact							
4363	0x77b59d07836d	215	0xa4609	0x26e736	0x26e739	+0x3	tail	0xa4a5e	346	0xc0535	0xad0	0x3364	0xe8bc	0x1	0x3dad	0xe801	d00a64	exact							
4364	0x77b59d07836d	346	0xc0535	0x26e739	0x26e73d	+0x4	tail	0xc088b	338	0xbf128	0xbc33	0x1e8	0xad00	0x13d	0x1e8	0xe810	33bce801	exact							
4365	0x77b59d07836d	338	0xbf128	0x26e73d	0x26e743	+0x6	tail	0xbf2d3	283	0xb3612	0xad00	0x13d	0x1e8	0xe810	0x7c01	0xa760	00ad3d01e801	exact							
4366	0x77b59d07836d	283	0xb3612	0x26e743	0x26e748	+0x5	tail	0xb3799	185	0x9d964	0xe810	0x7c01	0xa760	0x3a70	0x9bcf	0x7645	10e8017c60	exact							
4367	0x77b59d07836d	185	0x9d964	0x26e748	0x26e74b	+0x3	tail	0x9dcab	203	0xa1484	0x70a7	0xcf3a	0x459b	0x9876	0xd062	0x5443	a7703a	exact							
4368	0x77b59d07836d	203	0xa1484	0x26e74b	0x26e74f	+0x4	tail	0xa1936	121	0x91379	0x9bcf	0x7645	0x6298	0x43d0	0x1f54	0x1e8	cf9b4576	exact							
4369	0x77b59d07836d	121	0x91379	0x26e74f	0x26e753	+0x4	tail	0x9170b	91	0x8b6de	0x6298	0x43d0	0x1f54	0x1e8	0x25df	0xdce8	9862d043	exact							
4370	0x77b59d07836d	91	0x8b6de	0x26e753	0x26e757	+0x4	tail	0x8b8c9	189	0x9e7af	0x1f54	0x1e8	0x25df	0xdce8	0xc83a	0x13d	541fe801	exact							
4371	0x77b59d07836d	189	0x9e7af	0x26e757	0x26e75b	+0x4	tail	0x9eac9	79	0x885b0	0x25df	0xdce8	0xc83a	0x13d	0xad00	0x8f3f	df25e8dc	exact							
