source_entry	opcode_name	dispatch_slot_kind	variant_index	observed_expr_count	entry_events	unique_slot_exprs	target_coverage_pct	target_mismatched_events	target_binding_status	reduction_status	proof_status	original_chars	candidate_chars	candidate_c	original_expr	variables	smt2	solver_output_excerpt
0	vmop_000_plus0x5_state_add_const_slot_mba_stateful	slot_mba_stateful	0	48	48	1	100.0	0	target_binding_validated	compiler_expression_recovered	candidate_refuted	79	46	(0xdae5febfu + (state0 ^ 0x1966e0e7u)) + u16_0	(mask32((mask32(u16_0 + (mask32(state0 ^ 0x1966e0e7)))) - 0x251a0141)) & 0xffff	state0;u16_0	dumps/vmtail-wide-1m-w16/vm_mba_dispatch_formula_compiler_proofs/dispatch_000_00.smt2	sat\n(\n  (define-fun u16_0 () (_ BitVec 32)\n    #x00008030)\n  (define-fun state0 () (_ BitVec 32)\n    #x05c1fc4b)\n)
3	vmop_003_plus0x5_state_add_const_slot_multi_path	slot_multi_path	0	128	128	1	100.0	0	target_binding_validated	compiler_expression_recovered	candidate_refuted	186	100	((((((state0 - 0x1c03cc82u) - flags0) - flags0) | 0x38c49877u) - 0x2652a796u) ^ u16_0) + 0x4bc0d288u	(mask32((mask32(u16_0 ^ (mask32((mask32((mask32((mask32((mask32((mask32(state0 - flags0)) - 0x1c03cc82)) - flags0)) | 0x38c49877)) - 0x742d9511)) + 0x4ddaed7b)))) + 0x4bc0d288)) & 0xffff	flags0;state0;u16_0	dumps/vmtail-wide-1m-w16/vm_mba_dispatch_formula_compiler_proofs/dispatch_003_00.smt2	sat\n(\n  (define-fun u16_0 () (_ BitVec 32)\n    #x00000000)\n  (define-fun state0 () (_ BitVec 32)\n    #x1c03cc82)\n  (define-fun flags0 () (_ BitVec 32)\n    #x00000000)\n)
13	vmop_013_plus0x5_state_add_const_slot_multi_path	slot_multi_path	0	5	5	1	100.0	0	target_binding_validated	compiler_expression_recovered	candidate_refuted	188	104	(u16_0 - 0x5ad3c2e8u) - (((((0xfe3c9aabu + flags0) | 0x779fee71u) - 0x2de02e8u) ^ state0) ^ 0x67934603u)	(mask32((mask32(u16_0 - (mask32((mask32(state0 ^ 0x67934603)) ^ (mask32((mask32((mask32((mask32(flags0 - 0x1c36555)) | 0x771fee31)) | 0x1490ac71)) - 0x2de02e8)))))) - 0x5ad3c2e8)) & 0xffff	flags0;state0;u16_0	dumps/vmtail-wide-1m-w16/vm_mba_dispatch_formula_compiler_proofs/dispatch_013_00.smt2	sat\n(\n  (define-fun u16_0 () (_ BitVec 32)\n    #x00004220)\n  (define-fun flags0 () (_ BitVec 32)\n    #x020365dd)\n  (define-fun state0 () (_ BitVec 32)\n    #x1292aa12)\n)
17	vmop_017_plus0x5_state_add_const_slot_multi_path	slot_multi_path	0	128	128	1	100.0	0	target_binding_validated	compiler_expression_recovered	candidate_refuted	218	131	u16_3 - ((((u16_0 ^ (state0 | (flags0 ^ 0x4365071cu))) + (flags0 ^ 0x4365071cu)) & (state0 | (flags0 ^ 0x4365071cu))) ^ 0x95f9698u)	(mask32(u16_3 - (mask32((mask32((mask32(state0 | (mask32(flags0 ^ 0x4365071c)))) & (mask32((mask32(u16_0 ^ (mask32(state0 | (mask32(flags0 ^ 0x4365071c)))))) + (mask32(flags0 ^ 0x4365071c)))))) ^ 0x95f9698)))) & 0xffff	flags0;state0;u16_0;u16_3	dumps/vmtail-wide-1m-w16/vm_mba_dispatch_formula_compiler_proofs/dispatch_017_00.smt2	sat\n(\n  (define-fun u16_0 () (_ BitVec 32)\n    #x0000e0c4)\n  (define-fun flags0 () (_ BitVec 32)\n    #x43641086)\n  (define-fun u16_3 () (_ BitVec 32)\n    #x00008000)\n  (define-fun state0 () (_ BitVec 32)\n    #xfffc0800)\n)
18	vmop_018_plus0x3_state_add_const_slot_multi_path	slot_multi_path	0	99	128	2	100.0	0	target_binding_validated	compiler_expression_recovered	candidate_refuted	94	52	u16_0 - (((state0 & flags0) - 0x6382ce20u) & flags0)	(mask32(u16_0 - (mask32((mask32((mask32(state0 & flags0)) - 0x6382ce20)) & flags0)))) & 0xffff	flags0;state0;u16_0	dumps/vmtail-wide-1m-w16/vm_mba_dispatch_formula_compiler_proofs/dispatch_018_00.smt2	sat\n(\n  (define-fun u16_0 () (_ BitVec 32)\n    #x0000d092)\n  (define-fun flags0 () (_ BitVec 32)\n    #xd9f8578d)\n  (define-fun state0 () (_ BitVec 32)\n    #x41e8478d)\n)
18	vmop_018_plus0x3_state_add_const_slot_multi_path	slot_multi_path	1	29	128	2	100.0	0	target_binding_validated	compiler_expression_recovered	candidate_refuted	184	114	u16_0 - (((state0 & ((flags0 | 0x954df65u) + 0x5b466f3bu)) - 0x6382ce20u) & ((flags0 | 0x954df65u) + 0x5b466f3bu))	(mask32(u16_0 - (mask32((mask32((mask32(state0 & (mask32((mask32(flags0 | 0x954df65)) + 0x5b466f3b)))) - 0x6382ce20)) & (mask32((mask32(flags0 | 0x954df65)) + 0x5b466f3b)))))) & 0xffff	flags0;state0;u16_0	dumps/vmtail-wide-1m-w16/vm_mba_dispatch_formula_compiler_proofs/dispatch_018_01.smt2	sat\n(\n  (define-fun u16_0 () (_ BitVec 32)\n    #x00003680)\n  (define-fun flags0 () (_ BitVec 32)\n    #x96832000)\n  (define-fun state0 () (_ BitVec 32)\n    #x5b0a2080)\n)
20	vmop_020_plus0x4_state_add_const_slot_multi_path	slot_multi_path	0	67	128	2	100.0	0	target_binding_validated	compiler_expression_recovered	candidate_refuted	182	111	((((((state0 | flags0) | 0x180e72f2u) - (flags0 & 0x1fa2014fu)) - 0x36332ac8u) | 0x38e67f26u) - flags0) ^ u16_2	(mask32(u16_2 ^ (mask32((mask32((mask32((mask32((mask32(state0 | (mask32(flags0 | 0x180e72f2)))) - 0x36332ac8)) - (mask32(flags0 & 0x1fa2014f)))) | 0x38e67f26)) - flags0)))) & 0xffff	flags0;state0;u16_2	dumps/vmtail-wide-1m-w16/vm_mba_dispatch_formula_compiler_proofs/dispatch_020_00.smt2	sat\n(\n  (define-fun flags0 () (_ BitVec 32)\n    #xab014a50)\n  (define-fun u16_2 () (_ BitVec 32)\n    #x00000000)\n  (define-fun state0 () (_ BitVec 32)\n    #x00108000)\n)
20	vmop_020_plus0x4_state_add_const_slot_multi_path	slot_multi_path	1	61	128	2	100.0	0	target_binding_validated	compiler_expression_recovered	candidate_refuted	274	159	((((((flags0 | state0) | 0x180e72f2u) - 0x36332ac8u) - ((flags0 ^ 0x58f71b08u) & 0x17000006u)) | 0x38e67f26u) - ((flags0 ^ 0x58f71b08u) & 0x17188826u)) ^ u16_2	(mask32(u16_2 ^ (mask32((mask32((mask32((mask32((mask32(state0 | (mask32(flags0 | 0x180e72f2)))) - 0x36332ac8)) - (mask32((mask32((mask32(flags0 ^ 0x58f71b08)) & 0x17188826)) & 0x1fa2014f)))) | 0x38e67f26)) - (mask32((mask32(flags0 ^ 0x58f71b08)) & 0x17188826)))))) & 0xffff	flags0;state0;u16_2	dumps/vmtail-wide-1m-w16/vm_mba_dispatch_formula_compiler_proofs/dispatch_020_01.smt2	sat\n(\n  (define-fun flags0 () (_ BitVec 32)\n    #x23188800)\n  (define-fun u16_2 () (_ BitVec 32)\n    #x00000000)\n  (define-fun state0 () (_ BitVec 32)\n    #x40410000)\n)
26	vmop_026_plus0x4_state_add_const_slot_multi_path	slot_multi_path	0	48	128	4	100.0	0	target_binding_validated	compiler_expression_recovered	candidate_refuted	361	184	(((0x8dd67cc5u + (((((flags0 - (state0 ^ 0x5fcdb203u)) ^ ((0xb8ed9b36u + state0) | 0x2a01f150u)) | 0x7bdf07f3u) + 0x104dd6dfu) ^ 0x5e2c5b5fu)) + (state0 * 0x2u)) ^ u16_0) ^ 0x6f23a80cu	(mask32((mask32(u16_0 ^ (mask32((mask32(state0 - 0x471264ca)) + (mask32((mask32((mask32((mask32((mask32((mask32((mask32(flags0 - (mask32(state0 ^ 0x5fcdb203)))) ^ (mask32((mask32(state0 - 0x471264ca)) | 0x2a01f150)))) | 0x7bdf07f3)) + 0x104dd6df)) ^ 0x505df542)) ^ 0xe71ae1d)) + (mask32((mask32(state0 - 0x471264ca)) + 0x1bfb4659)))))))) ^ 0x6f23a80c)) & 0xffff	flags0;state0;u16_0	dumps/vmtail-wide-1m-w16/vm_mba_dispatch_formula_compiler_proofs/dispatch_026_00.smt2	sat\n(\n  (define-fun u16_0 () (_ BitVec 32)\n    #x00001890)\n  (define-fun flags0 () (_ BitVec 32)\n    #x80365808)\n  (define-fun state0 () (_ BitVec 32)\n    #x86cff203)\n)
26	vmop_026_plus0x4_state_add_const_slot_multi_path	slot_multi_path	1	43	128	4	100.0	0	target_binding_validated	compiler_expression_recovered	candidate_refuted	407	216	(((0x8dd67cc5u + (((((((flags0 - (state0 ^ 0x5fcdb203u)) & 0x637d285cu) + 0x44b4a975u) ^ ((0xb8ed9b36u + state0) | 0x2a01f150u)) | 0x7bdf07f3u) + 0x104dd6dfu) ^ 0x5e2c5b5fu)) + (state0 * 0x2u)) ^ u16_0) ^ 0x6f23a80cu	(mask32((mask32(u16_0 ^ (mask32((mask32(state0 - 0x471264ca)) + (mask32((mask32((mask32((mask32((mask32((mask32((mask32((mask32((mask32(flags0 - (mask32(state0 ^ 0x5fcdb203)))) & 0x637d285c)) + 0x44b4a975)) ^ (mask32((mask32(state0 - 0x471264ca)) | 0x2a01f150)))) | 0x7bdf07f3)) + 0x104dd6df)) ^ 0x505df542)) ^ 0xe71ae1d)) + (mask32((mask32(state0 - 0x471264ca)) + 0x1bfb4659)))))))) ^ 0x6f23a80c)) & 0xffff	flags0;state0;u16_0	dumps/vmtail-wide-1m-w16/vm_mba_dispatch_formula_compiler_proofs/dispatch_026_01.smt2	sat\n(\n  (define-fun u16_0 () (_ BitVec 32)\n    #x0000dfcc)\n  (define-fun flags0 () (_ BitVec 32)\n    #x9441e0ce)\n  (define-fun state0 () (_ BitVec 32)\n    #xcf1c0ac1)\n)
26	vmop_026_plus0x4_state_add_const_slot_multi_path	slot_multi_path	2	26	128	4	100.0	0	target_binding_validated	compiler_expression_recovered	candidate_refuted	316	168	(((0x8dd67cc5u + ((((flags0 - (state0 ^ 0x5fcdb203u)) & 0x637d285cu) + 0x44b4a975u) ^ ((0xb8ed9b36u + state0) | 0x2a01f150u))) + (state0 * 0x2u)) ^ u16_0) ^ 0x6f23a80cu	(mask32((mask32(u16_0 ^ (mask32((mask32(state0 - 0x471264ca)) + (mask32((mask32((mask32((mask32((mask32(flags0 - (mask32(state0 ^ 0x5fcdb203)))) & 0x637d285c)) + 0x44b4a975)) ^ (mask32((mask32(state0 - 0x471264ca)) | 0x2a01f150)))) + (mask32((mask32(state0 - 0x471264ca)) + 0x1bfb4659)))))))) ^ 0x6f23a80c)) & 0xffff	flags0;state0;u16_0	dumps/vmtail-wide-1m-w16/vm_mba_dispatch_formula_compiler_proofs/dispatch_026_02.smt2	sat\n(\n  (define-fun u16_0 () (_ BitVec 32)\n    #x0000c794)\n  (define-fun flags0 () (_ BitVec 32)\n    #xc261f10a)\n  (define-fun state0 () (_ BitVec 32)\n    #x01286309)\n)
26	vmop_026_plus0x4_state_add_const_slot_multi_path	slot_multi_path	3	11	128	4	100.0	0	target_binding_validated	compiler_expression_recovered	candidate_refuted	270	136	(((0x8dd67cc5u + ((flags0 - (state0 ^ 0x5fcdb203u)) ^ ((0xb8ed9b36u + state0) | 0x2a01f150u))) + (state0 * 0x2u)) ^ u16_0) ^ 0x6f23a80cu	(mask32((mask32(u16_0 ^ (mask32((mask32(state0 - 0x471264ca)) + (mask32((mask32((mask32(flags0 - (mask32(state0 ^ 0x5fcdb203)))) ^ (mask32((mask32(state0 - 0x471264ca)) | 0x2a01f150)))) + (mask32((mask32(state0 - 0x471264ca)) + 0x1bfb4659)))))))) ^ 0x6f23a80c)) & 0xffff	flags0;state0;u16_0	dumps/vmtail-wide-1m-w16/vm_mba_dispatch_formula_compiler_proofs/dispatch_026_03.smt2	sat\n(\n  (define-fun u16_0 () (_ BitVec 32)\n    #x0000ca88)\n  (define-fun flags0 () (_ BitVec 32)\n    #x0243905a)\n  (define-fun state0 () (_ BitVec 32)\n    #xf811348f)\n)
30	vmop_030_plus0x4_state_add_const_slot_multi_path	slot_multi_path	0	113	128	2	100.0	0	target_binding_validated	compiler_expression_recovered	candidate_refuted	98	57	(((state0 | flags0) + 0x64fd160cu) ^ u16_0) + 0x5903fc84u	(mask32((mask32(u16_0 ^ (mask32((mask32(state0 | flags0)) + 0x64fd160c)))) + 0x5903fc84)) & 0xffff	flags0;state0;u16_0	dumps/vmtail-wide-1m-w16/vm_mba_dispatch_formula_compiler_proofs/dispatch_030_00.smt2	sat\n(\n  (define-fun u16_0 () (_ BitVec 32)\n    #x0000fde8)\n  (define-fun flags0 () (_ BitVec 32)\n    #x00000000)\n  (define-fun state0 () (_ BitVec 32)\n    #x9c022408)\n)
30	vmop_030_plus0x4_state_add_const_slot_multi_path	slot_multi_path	1	15	128	2	100.0	0	target_binding_validated	compiler_expression_recovered	candidate_refuted	121	73	((((flags0 & 0x614d4b17u) | state0) + 0x64fd160cu) ^ u16_0) + 0x5903fc84u	(mask32((mask32(u16_0 ^ (mask32((mask32(state0 | (mask32(flags0 & 0x614d4b17)))) + 0x64fd160c)))) + 0x5903fc84)) & 0xffff	flags0;state0;u16_0	dumps/vmtail-wide-1m-w16/vm_mba_dispatch_formula_compiler_proofs/dispatch_030_01.smt2	sat\n(\n  (define-fun u16_0 () (_ BitVec 32)\n    #x0000d5e0)\n  (define-fun flags0 () (_ BitVec 32)\n    #x00004200)\n  (define-fun state0 () (_ BitVec 32)\n    #x8201ba08)\n)
31	vmop_031_plus0x5_state_preserve_slot_mba_stateful	slot_mba_stateful	0	2	2	1	100.0	0	target_binding_validated	compiler_expression_recovered	candidate_refuted	56	30	(state0 + u16_2) - 0x72a124afu	(mask32((mask32(u16_2 + state0)) - 0x72a124af)) & 0xffff	state0;u16_2	dumps/vmtail-wide-1m-w16/vm_mba_dispatch_formula_compiler_proofs/dispatch_031_00.smt2	sat\n(\n  (define-fun u16_2 () (_ BitVec 32)\n    #x00005c7d)\n  (define-fun state0 () (_ BitVec 32)\n    #x32847746)\n)
33	vmop_033_plus0x4_state_add_const_slot_multi_path	slot_multi_path	0	128	128	1	100.0	0	target_binding_validated	compiler_expression_recovered	candidate_refuted	79	46	(0x2d0713f3u + (state0 | 0x15422921u)) + u16_2	(mask32((mask32(u16_2 + (mask32(state0 | 0x15422921)))) + 0x2d0713f3)) & 0xffff	state0;u16_2	dumps/vmtail-wide-1m-w16/vm_mba_dispatch_formula_compiler_proofs/dispatch_033_00.smt2	sat\n(\n  (define-fun u16_2 () (_ BitVec 32)\n    #x00000000)\n  (define-fun state0 () (_ BitVec 32)\n    #x00000000)\n)
35	vmop_035_plus0x5_state_preserve_slot_mba_stateful	slot_mba_stateful	0	1	1	1	100.0	0	target_binding_validated	compiler_expression_recovered	candidate_refuted	56	30	(u16_0 - state0) ^ 0x2c39edf6u	(mask32((mask32(u16_0 - state0)) ^ 0x2c39edf6)) & 0xffff	state0;u16_0	dumps/vmtail-wide-1m-w16/vm_mba_dispatch_formula_compiler_proofs/dispatch_035_00.smt2	sat\n(\n  (define-fun u16_0 () (_ BitVec 32)\n    #x00000000)\n  (define-fun state0 () (_ BitVec 32)\n    #x00000000)\n)
36	vmop_036_plus0x5_state_add_const_slot_multi_path	slot_multi_path	0	4	4	1	100.0	0	target_binding_validated	compiler_expression_recovered	candidate_refuted	163	84	u16_0 - ((((state0 + flags0) ^ (flags0 & 0x30820186u)) ^ 0x72d0ef43u) | 0x7af5a860u)	(mask32(u16_0 - (mask32((mask32((mask32((mask32(state0 + flags0)) ^ (mask32((mask32(flags0 & 0x73966fc6)) & 0x348b11be)))) ^ 0x72d0ef43)) | 0x7af5a860)))) & 0xffff	flags0;state0;u16_0	dumps/vmtail-wide-1m-w16/vm_mba_dispatch_formula_compiler_proofs/dispatch_036_00.smt2	sat\n(\n  (define-fun u16_0 () (_ BitVec 32)\n    #x0000fffe)\n  (define-fun flags0 () (_ BitVec 32)\n    #x30f78d66)\n  (define-fun state0 () (_ BitVec 32)\n    #xfffdb8fd)\n)
37	vmop_037_plus0x5_state_add_const_slot_mba_stateful	slot_mba_stateful	0	128	128	1	100.0	0	target_binding_validated	compiler_expression_recovered	candidate_refuted	120	57	(((state0 - 0x53cf0a86u) - flags0) ^ u16_0) ^ 0x384e1c86u	(mask32((mask32(u16_0 ^ (mask32((mask32(state0 - (mask32(flags0 + 0x504fc3d)))) - 0x4eca0e49)))) ^ 0x384e1c86)) & 0xffff	flags0;state0;u16_0	dumps/vmtail-wide-1m-w16/vm_mba_dispatch_formula_compiler_proofs/dispatch_037_00.smt2	sat\n(\n  (define-fun u16_0 () (_ BitVec 32)\n    #x00000000)\n  (define-fun flags0 () (_ BitVec 32)\n    #x78000001)\n  (define-fun state0 () (_ BitVec 32)\n    #x577e07f5)\n)
40	vmop_040_plus0x6_state_add_const_slot_mba_stateful	slot_mba_stateful	0	128	128	1	100.0	0	target_binding_validated	compiler_expression_recovered	candidate_refuted	33	14	state0 ^ u16_4	(mask32(u16_4 ^ state0)) & 0xffff	state0;u16_4	dumps/vmtail-wide-1m-w16/vm_mba_dispatch_formula_compiler_proofs/dispatch_040_00.smt2	sat\n(\n  (define-fun u16_4 () (_ BitVec 32)\n    #x00000000)\n  (define-fun state0 () (_ BitVec 32)\n    #x40000000)\n)
43	vmop_043_plus0x4_state_add_const_slot_mba_stateful	slot_mba_stateful	0	128	128	1	100.0	0	target_binding_validated	compiler_expression_recovered	candidate_refuted	93	29	(u16_0 ^ u16_2) - 0x64d373dcu	(mask32((mask32(u16_0 ^ (mask32(state0 ^ (mask32(u16_2 ^ state0)))))) - 0x64d373dc)) & 0xffff	state0;u16_0;u16_2	dumps/vmtail-wide-1m-w16/vm_mba_dispatch_formula_compiler_proofs/dispatch_043_00.smt2	sat\n(\n  (define-fun u16_0 () (_ BitVec 32)\n    #x00000000)\n  (define-fun u16_2 () (_ BitVec 32)\n    #x00000000)\n  (define-fun state0 () (_ BitVec 32)\n    #x00000000)\n)
48	vmop_048_plus0x5_state_add_const_slot_multi_path	slot_multi_path	0	78	119	3	100.0	0	target_binding_validated	compiler_expression_recovered	candidate_refuted	349	218	(((((((((u16_3 + state0) ^ flags0) & state0) - (flags0 & 0x6134e706u)) + 0x4f1a7667u) & (flags0 & 0x6134e706u)) ^ 0x79fc8ff4u) | (0xbcf3fd74u + (flags0 & 0x6134e706u))) & ((flags0 & 0x6134e706u) + 0x157b2443u)) + u16_0	(mask32(u16_0 + (mask32((mask32((mask32((mask32((mask32((mask32((mask32(state0 & (mask32((mask32(u16_3 + state0)) ^ flags0)))) + 0x4f1a7667)) - (mask32(flags0 & 0x6134e706)))) & (mask32(flags0 & 0x6134e706)))) ^ 0x79fc8ff4)) | (mask32((mask32(flags0 & 0x6134e706)) - 0x430c028c)))) & (mask32((mask32(flags0 & 0x6134e706)) + 0x157b2443)))))) & 0xffff	flags0;state0;u16_0;u16_3	dumps/vmtail-wide-1m-w16/vm_mba_dispatch_formula_compiler_proofs/dispatch_048_00.smt2	sat\n(\n  (define-fun u16_0 () (_ BitVec 32)\n    #x00000000)\n  (define-fun flags0 () (_ BitVec 32)\n    #x00000000)\n  (define-fun u16_3 () (_ BitVec 32)\n    #x00000000)\n  (define-fun state0 () (_ BitVec 32)\n    #x00000000)\n)
48	vmop_048_plus0x5_state_add_const_slot_multi_path	slot_multi_path	1	28	119	3	100.0	0	target_binding_validated	compiler_expression_recovered	candidate_refuted	574	373	(((((((((u16_3 + state0) ^ ((flags0 ^ 0x8881ae0u) - 0x1accc893u)) & state0) - (((flags0 ^ 0x8881ae0u) - 0x1accc893u) & 0x6134e706u)) + 0x4f1a7667u) & (((flags0 ^ 0x8881ae0u) - 0x1accc893u) & 0x6134e706u)) ^ 0x79fc8ff4u) | (0xbcf3fd74u + (((flags0 ^ 0x8881ae0u) - 0x1accc893u) & 0x6134e706u))) & ((((flags0 ^ 0x8881ae0u) - 0x1accc893u) & 0x6134e706u) + 0x157b2443u)) + u16_0	(mask32(u16_0 + (mask32((mask32((mask32((mask32((mask32((mask32((mask32(state0 & (mask32((mask32(u16_3 + state0)) ^ (mask32((mask32(flags0 ^ 0x8881ae0)) - 0x1accc893)))))) + 0x4f1a7667)) - (mask32((mask32((mask32(flags0 ^ 0x8881ae0)) - 0x1accc893)) & 0x6134e706)))) & (mask32((mask32((mask32(flags0 ^ 0x8881ae0)) - 0x1accc893)) & 0x6134e706)))) ^ 0x79fc8ff4)) | (mask32((mask32((mask32((mask32(flags0 ^ 0x8881ae0)) - 0x1accc893)) & 0x6134e706)) - 0x430c028c)))) & (mask32((mask32((mask32((mask32(flags0 ^ 0x8881ae0)) - 0x1accc893)) & 0x6134e706)) + 0x157b2443)))))) & 0xffff	flags0;state0;u16_0;u16_3	dumps/vmtail-wide-1m-w16/vm_mba_dispatch_formula_compiler_proofs/dispatch_048_01.smt2	sat\n(\n  (define-fun u16_0 () (_ BitVec 32)\n    #x00000000)\n  (define-fun flags0 () (_ BitVec 32)\n    #x00000000)\n  (define-fun u16_3 () (_ BitVec 32)\n    #x00000000)\n  (define-fun state0 () (_ BitVec 32)\n    #x00000000)\n)
48	vmop_048_plus0x5_state_add_const_slot_multi_path	slot_multi_path	2	13	119	3	100.0	0	target_binding_validated	compiler_expression_recovered	candidate_refuted	758	437	(((((((((u16_3 + state0) ^ ((flags0 ^ 0x8881ae0u) - 0x1accc893u)) & state0) + 0x4f1a7667u) - ((((flags0 ^ 0x8881ae0u) - 0x1accc893u) & 0x6004e302u) ^ 0x41ba58a6u)) & ((((flags0 ^ 0x8881ae0u) - 0x1accc893u) & 0x6004e302u) ^ 0x41ba58a6u)) ^ 0x79fc8ff4u) | (0xbcf3fd74u + ((((flags0 ^ 0x8881ae0u) - 0x1accc893u) & 0x6004e302u) ^ 0x41ba58a6u))) & (((((flags0 ^ 0x8881ae0u) - 0x1accc893u) & 0x6004e302u) ^ 0x41ba58a6u) + 0x157b2443u)) + u16_0	(mask32(u16_0 + (mask32((mask32((mask32((mask32((mask32((mask32((mask32(state0 & (mask32((mask32(u16_3 + state0)) ^ (mask32((mask32(flags0 ^ 0x8881ae0)) - 0x1accc893)))))) + 0x4f1a7667)) - (mask32((mask32((mask32((mask32((mask32(flags0 ^ 0x8881ae0)) - 0x1accc893)) & 0x6134e706)) & 0x7e86fbd3)) ^ 0x41ba58a6)))) & (mask32((mask32((mask32((mask32((mask32(flags0 ^ 0x8881ae0)) - 0x1accc893)) & 0x6134e706)) & 0x7e86fbd3)) ^ 0x41ba58a6)))) ^ 0x79fc8ff4)) | (mask32((mask32((mask32((mask32((mask32((mask32(flags0 ^ 0x8881ae0)) - 0x1accc893)) & 0x6134e706)) & 0x7e86fbd3)) ^ 0x41ba58a6)) - 0x430c028c)))) & (mask32((mask32((mask32((mask32((mask32((mask32(flags0 ^ 0x8881ae0)) - 0x1accc893)) & 0x6134e706)) & 0x7e86fbd3)) ^ 0x41ba58a6)) + 0x157b2443)))))) & 0xffff	flags0;state0;u16_0;u16_3	dumps/vmtail-wide-1m-w16/vm_mba_dispatch_formula_compiler_proofs/dispatch_048_02.smt2	sat\n(\n  (define-fun u16_0 () (_ BitVec 32)\n    #x00000000)\n  (define-fun flags0 () (_ BitVec 32)\n    #x00000000)\n  (define-fun u16_3 () (_ BitVec 32)\n    #x00000000)\n  (define-fun state0 () (_ BitVec 32)\n    #x00000000)\n)
49	vmop_049_plus0x5_state_add_const_slot_mba_stateful	slot_mba_stateful	0	128	128	1	100.0	0	target_binding_validated	compiler_expression_recovered	candidate_refuted	140	52	(0x76278178u + (u16_1 + flags0)) + (flags0 & state0)	(mask32((mask32(u16_1 + (mask32((mask32((mask32((mask32(state0 & flags0)) + flags0)) - 0x353700ed)) + 0x55a592d8)))) + 0x55b8ef8d)) & 0xffff	flags0;state0;u16_1	dumps/vmtail-wide-1m-w16/vm_mba_dispatch_formula_compiler_proofs/dispatch_049_00.smt2	sat\n(\n  (define-fun flags0 () (_ BitVec 32)\n    #xebd4f747)\n  (define-fun u16_1 () (_ BitVec 32)\n    #x00006337)\n  (define-fun state0 () (_ BitVec 32)\n    #x03d4384a)\n)
52	vmop_052_plus0x5_state_add_const_slot_mba_stateful	slot_mba_stateful	0	128	128	1	100.0	0	target_binding_validated	compiler_expression_recovered	candidate_refuted	56	30	(state0 + u16_0) ^ 0x7823b2dau	(mask32((mask32(u16_0 + state0)) ^ 0x7823b2da)) & 0xffff	state0;u16_0	dumps/vmtail-wide-1m-w16/vm_mba_dispatch_formula_compiler_proofs/dispatch_052_00.smt2	sat\n(\n  (define-fun u16_0 () (_ BitVec 32)\n    #x0000c0aa)\n  (define-fun state0 () (_ BitVec 32)\n    #x0000c4ac)\n)
54	vmop_054_plus0x5_state_add_const_slot_mba_stateful	slot_mba_stateful	0	1	1	1	100.0	0	target_binding_validated	compiler_expression_recovered	candidate_refuted	98	57	(((state0 & flags0) - 0x68b4ad2fu) ^ u16_0) ^ 0x437360e7u	(mask32((mask32(u16_0 ^ (mask32((mask32(state0 & flags0)) - 0x68b4ad2f)))) ^ 0x437360e7)) & 0xffff	flags0;state0;u16_0	dumps/vmtail-wide-1m-w16/vm_mba_dispatch_formula_compiler_proofs/dispatch_054_00.smt2	sat\n(\n  (define-fun u16_0 () (_ BitVec 32)\n    #x00000000)\n  (define-fun flags0 () (_ BitVec 32)\n    #xbebf0010)\n  (define-fun state0 () (_ BitVec 32)\n    #xbebf0010)\n)
56	vmop_056_plus0x5_state_add_const_slot_mba_stateful	slot_mba_stateful	0	6	6	1	100.0	0	target_binding_validated	compiler_expression_recovered	candidate_refuted	56	30	(u16_0 - state0) ^ 0x5380ff71u	(mask32((mask32(u16_0 - state0)) ^ 0x5380ff71)) & 0xffff	state0;u16_0	dumps/vmtail-wide-1m-w16/vm_mba_dispatch_formula_compiler_proofs/dispatch_056_00.smt2	sat\n(\n  (define-fun u16_0 () (_ BitVec 32)\n    #x00000000)\n  (define-fun state0 () (_ BitVec 32)\n    #x00000000)\n)
62	vmop_062_plus0x4_state_add_const_slot_multi_path	slot_multi_path	0	36	36	1	100.0	0	target_binding_validated	compiler_expression_recovered	candidate_refuted	138	82	(((((flags0 + 0xd90ded5u) ^ u16_2) | state0) ^ u16_0) ^ 0x5dbb6647u) + 0x7ebb48a2u	(mask32((mask32(u16_0 ^ (mask32((mask32(state0 | (mask32(u16_2 ^ (mask32(flags0 + 0xd90ded5)))))) ^ 0x5dbb6647)))) + 0x7ebb48a2)) & 0xffff	flags0;state0;u16_0;u16_2	dumps/vmtail-wide-1m-w16/vm_mba_dispatch_formula_compiler_proofs/dispatch_062_00.smt2	sat\n(\n  (define-fun u16_0 () (_ BitVec 32)\n    #x0000f75e)\n  (define-fun flags0 () (_ BitVec 32)\n    #xf26f64a2)\n  (define-fun u16_2 () (_ BitVec 32)\n    #x00004376)\n  (define-fun state0 () (_ BitVec 32)\n    #x02070000)\n)
64	vmop_064_plus0x4_state_add_const_slot_multi_path	slot_multi_path	0	77	128	2	100.0	0	target_binding_validated	compiler_expression_recovered	candidate_refuted	158	94	(u16_0 + 0x2701cdcdu) - (((0x869eb21bu + state0) ^ (u16_2 + flags0)) ^ (flags0 + 0x729dddb0u))	(mask32((mask32(u16_0 - (mask32((mask32((mask32(state0 - 0x79614de5)) ^ (mask32(u16_2 + flags0)))) ^ (mask32(flags0 + 0x729dddb0)))))) + 0x2701cdcd)) & 0xffff	flags0;state0;u16_0;u16_2	dumps/vmtail-wide-1m-w16/vm_mba_dispatch_formula_compiler_proofs/dispatch_064_00.smt2	sat\n(\n  (define-fun u16_0 () (_ BitVec 32)\n    #x00008889)\n  (define-fun flags0 () (_ BitVec 32)\n    #x827f88b1)\n  (define-fun u16_2 () (_ BitVec 32)\n    #x0000b9cf)\n  (define-fun state0 () (_ BitVec 32)\n    #x92f921c6)\n)
64	vmop_064_plus0x4_state_add_const_slot_multi_path	slot_multi_path	1	51	128	2	100.0	0	target_binding_validated	compiler_expression_recovered	candidate_refuted	204	110	(u16_0 + 0x2701cdcdu) - (((0x869eb21bu + state0) ^ (0xbf6ea75eu + flags0)) ^ ((flags0 + u16_2) + 0x4cd0c9aeu))	(mask32((mask32(u16_0 - (mask32((mask32((mask32(state0 - 0x79614de5)) ^ (mask32(u16_2 + (mask32(flags0 + 0x4cd0c9ae)))))) ^ (mask32((mask32(flags0 + 0x4cd0c9ae)) + 0x729dddb0)))))) + 0x2701cdcd)) & 0xffff	flags0;state0;u16_0;u16_2	dumps/vmtail-wide-1m-w16/vm_mba_dispatch_formula_compiler_proofs/dispatch_064_01.smt2	sat\n(\n  (define-fun u16_0 () (_ BitVec 32)\n    #x00008192)\n  (define-fun flags0 () (_ BitVec 32)\n    #x40694f53)\n  (define-fun u16_2 () (_ BitVec 32)\n    #x0000331e)\n  (define-fun state0 () (_ BitVec 32)\n    #xcd392093)\n)
65	vmop_065_plus0x4_state_simple_slot_mba_stateful	slot_mba_stateful	0	9	9	1	100.0	0	target_binding_validated	compiler_expression_recovered	candidate_refuted	56	30	(state0 ^ u16_0) - 0x5db84d25u	(mask32((mask32(u16_0 ^ state0)) - 0x5db84d25)) & 0xffff	state0;u16_0	dumps/vmtail-wide-1m-w16/vm_mba_dispatch_formula_compiler_proofs/dispatch_065_00.smt2	sat\n(\n  (define-fun u16_0 () (_ BitVec 32)\n    #x00000000)\n  (define-fun state0 () (_ BitVec 32)\n    #x4480ffff)\n)
66	vmop_066_plus0x3_state_add_const_slot_multi_path	slot_multi_path	0	99	128	2	100.0	0	target_binding_validated	compiler_expression_recovered	candidate_refuted	224	139	((0xc32e7eadu + (flags0 ^ 0x42a6ffd6u)) + u16_0) - ((((state0 & 0x2f6cb1f6u) - (b2 ^ (state0 & 0x2f6cb1f6u))) ^ 0x745ff1d2u) & 0x13de2cddu)	(mask32((mask32(u16_0 - (mask32((mask32((mask32((mask32((mask32(state0 & 0x2f6cb1f6)) - (mask32(b2 ^ (mask32(state0 & 0x2f6cb1f6)))))) ^ 0x745ff1d2)) & 0x13de2cdd)) - (mask32(flags0 ^ 0x42a6ffd6)))))) - 0x3cd18153)) & 0xffff	b2;flags0;state0;u16_0	dumps/vmtail-wide-1m-w16/vm_mba_dispatch_formula_compiler_proofs/dispatch_066_00.smt2	sat\n(\n  (define-fun b2 () (_ BitVec 32)\n    #x00000094)\n  (define-fun u16_0 () (_ BitVec 32)\n    #x0000413f)\n  (define-fun flags0 () (_ BitVec 32)\n    #x2e5abf84)\n  (define-fun state0 () (_ BitVec 32)\n    #x00000094)\n)
66	vmop_066_plus0x3_state_add_const_slot_multi_path	slot_multi_path	1	29	128	2	100.0	0	target_binding_validated	compiler_expression_recovered	candidate_refuted	270	171	((0xc32e7eadu + (((flags0 - 0x50170614u) | 0x7167293au) ^ 0x42a6ffd6u)) + u16_0) - ((((state0 & 0x2f6cb1f6u) - (b2 ^ (state0 & 0x2f6cb1f6u))) ^ 0x745ff1d2u) & 0x13de2cddu)	(mask32((mask32(u16_0 - (mask32((mask32((mask32((mask32((mask32(state0 & 0x2f6cb1f6)) - (mask32(b2 ^ (mask32(state0 & 0x2f6cb1f6)))))) ^ 0x745ff1d2)) & 0x13de2cdd)) - (mask32((mask32((mask32(flags0 - 0x50170614)) | 0x7167293a)) ^ 0x42a6ffd6)))))) - 0x3cd18153)) & 0xffff	b2;flags0;state0;u16_0	dumps/vmtail-wide-1m-w16/vm_mba_dispatch_formula_compiler_proofs/dispatch_066_01.smt2	sat\n(\n  (define-fun b2 () (_ BitVec 32)\n    #x0000002b)\n  (define-fun u16_0 () (_ BitVec 32)\n    #x00000167)\n  (define-fun flags0 () (_ BitVec 32)\n    #xde079498)\n  (define-fun state0 () (_ BitVec 32)\n    #x0c0cb1f6)\n)
70	vmop_070_plus0x5_state_add_const_slot_mba_stateful	slot_mba_stateful	0	128	128	1	100.0	0	target_binding_validated	compiler_expression_recovered	candidate_refuted	826	284	(0x37bbf653u + u16_0) - (((((((0xfb3ee75du + flags0) + state0) ^ state0) | 0x58fb4a0cu) ^ ((state0 - ((((0xfb3ee75du + flags0) + state0) ^ state0) | 0x58fb4a0cu)) ^ 0x62ac6845u)) | 0x528cef01u) ^ ((state0 - ((((0xfb3ee75du + flags0) + state0) ^ state0) | 0x58fb4a0cu)) ^ 0x62ac6845u))	(mask32((mask32(u16_0 - (mask32((mask32((mask32((mask32((mask32(state0 ^ flags0)) ^ flags0)) - (mask32((mask32((mask32((mask32(flags0 + (mask32((mask32((mask32(state0 ^ flags0)) ^ flags0)) + 0x55fafa0c)))) - 0x5abc12af)) ^ (mask32((mask32(state0 ^ flags0)) ^ flags0)))) | 0x58fb4a0c)))) ^ 0x62ac6845)) ^ (mask32((mask32((mask32((mask32((mask32((mask32(flags0 + (mask32((mask32((mask32(state0 ^ flags0)) ^ flags0)) + 0x55fafa0c)))) - 0x5abc12af)) ^ (mask32((mask32(state0 ^ flags0)) ^ flags0)))) | 0x58fb4a0c)) ^ (mask32((mask32((mask32((mask32(state0 ^ flags0)) ^ flags0)) - (mask32((mask32((mask32((mask32(flags0 + (mask32((mask32((mask32(state0 ^ flags0)) ^ flags0)) + 0x55fafa0c)))) - 0x5abc12af)) ^ (mask32((mask32(state0 ^ flags0)) ^ flags0)))) | 0x58fb4a0c)))) ^ 0x62ac6845)))) | 0x528cef01)))))) + 0x37bbf653)) & 0xffff	flags0;state0;u16_0	dumps/vmtail-wide-1m-w16/vm_mba_dispatch_formula_compiler_proofs/dispatch_070_00.smt2	sat\n(\n  (define-fun u16_0 () (_ BitVec 32)\n    #x00000000)\n  (define-fun flags0 () (_ BitVec 32)\n    #x00000000)\n  (define-fun state0 () (_ BitVec 32)\n    #x00000000)\n)
74	vmop_074_plus0x5_state_add_const_slot_mba_stateful	slot_mba_stateful	0	25	25	1	100.0	0	target_binding_validated	compiler_expression_recovered	candidate_refuted	163	100	(u16_0 - 0x33d7fc12u) - (((0x619b65dcu + state0) - ((state0 - 0x7af5a4e2u) & flags0)) ^ 0x65dcaffcu)	(mask32(u16_0 - (mask32((mask32((mask32(state0 - (mask32((mask32(flags0 & (mask32(state0 - 0x7af5a4e2)))) - 0x619b65dc)))) ^ 0x65dcaffc)) + 0x33d7fc12)))) & 0xffff	flags0;state0;u16_0	dumps/vmtail-wide-1m-w16/vm_mba_dispatch_formula_compiler_proofs/dispatch_074_00.smt2	sat\n(\n  (define-fun u16_0 () (_ BitVec 32)\n    #x0000fc32)\n  (define-fun flags0 () (_ BitVec 32)\n    #xda245a01)\n  (define-fun state0 () (_ BitVec 32)\n    #x52e55c21)\n)
78	vmop_078_plus0xd_state_preserve_slot_multi_path	slot_multi_path	0	1	1	1	0.0	1	target_binding_not_validated	compiler_expression_recovered	candidate_refuted	293	142	(((((((state0 - (flags0 ^ 0x6e42b8abu)) & 0xd4da920u) | (flags0 ^ 0x2e238e7eu)) - 0x6110d031u) ^ flags0) ^ 0x33b51ad5u) + 0x60a9dba6u) ^ u16_0	(mask32(u16_0 ^ (mask32((mask32((mask32((mask32((mask32((mask32((mask32(state0 - (mask32((mask32(flags0 ^ 0xc7e744f)) ^ 0x623ccce4)))) & 0xd4da920)) | (mask32((mask32(flags0 ^ 0xc7e744f)) ^ 0x225dfa31)))) - 0x6110d031)) ^ 0x3fcb6e9a)) ^ (mask32(flags0 ^ 0xc7e744f)))) + 0x60a9dba6)))) & 0xffff	flags0;state0;u16_0	dumps/vmtail-wide-1m-w16/vm_mba_dispatch_formula_compiler_proofs/dispatch_078_00.smt2	sat\n(\n  (define-fun u16_0 () (_ BitVec 32)\n    #x00000000)\n  (define-fun flags0 () (_ BitVec 32)\n    #xda8b88fe)\n  (define-fun state0 () (_ BitVec 32)\n    #x04c1a787)\n)
79	vmop_079_plus0x5_state_add_const_slot_multi_path	slot_multi_path	0	128	128	1	100.0	0	target_binding_validated	compiler_expression_recovered	candidate_refuted	293	142	(((((((state0 - (flags0 ^ 0x6e42b8abu)) & 0xd4da920u) | (flags0 ^ 0x2e238e7eu)) - 0x6110d031u) ^ flags0) ^ 0x33b51ad5u) + 0x60a9dba6u) ^ u16_0	(mask32(u16_0 ^ (mask32((mask32((mask32((mask32((mask32((mask32((mask32(state0 - (mask32((mask32(flags0 ^ 0xc7e744f)) ^ 0x623ccce4)))) & 0xd4da920)) | (mask32((mask32(flags0 ^ 0xc7e744f)) ^ 0x225dfa31)))) - 0x6110d031)) ^ 0x3fcb6e9a)) ^ (mask32(flags0 ^ 0xc7e744f)))) + 0x60a9dba6)))) & 0xffff	flags0;state0;u16_0	dumps/vmtail-wide-1m-w16/vm_mba_dispatch_formula_compiler_proofs/dispatch_079_00.smt2	sat\n(\n  (define-fun u16_0 () (_ BitVec 32)\n    #x00000000)\n  (define-fun flags0 () (_ BitVec 32)\n    #xda8b88fe)\n  (define-fun state0 () (_ BitVec 32)\n    #x04c1a787)\n)
82	vmop_082_plus0x3_state_add_const_slot_mba_stateful	slot_mba_stateful	0	128	128	1	100.0	0	target_binding_validated	compiler_expression_recovered	candidate_refuted	75	41	(0x5cc5e4d8u + (flags0 + state0)) + u16_0	(mask32((mask32(u16_0 + (mask32(state0 + flags0)))) + 0x5cc5e4d8)) & 0xffff	flags0;state0;u16_0	dumps/vmtail-wide-1m-w16/vm_mba_dispatch_formula_compiler_proofs/dispatch_082_00.smt2	sat\n(\n  (define-fun u16_0 () (_ BitVec 32)\n    #x00001dff)\n  (define-fun flags0 () (_ BitVec 32)\n    #x361ab913)\n  (define-fun state0 () (_ BitVec 32)\n    #x12fb1604)\n)
83	vmop_083_plus0x5_state_add_const_slot_multi_path	slot_multi_path	0	128	128	1	100.0	0	target_binding_validated	compiler_expression_recovered	candidate_refuted	144	73	((0x2c3e26b4u + ((state0 & 0x122d7f19u) | flags0)) + u16_0) ^ 0x4b7ebb84u	(mask32((mask32(u16_0 + (mask32((mask32((mask32((mask32(state0 & 0x122d7f19)) | flags0)) + 0x60e2eab8)) - 0x34a4c404)))) ^ 0x4b7ebb84)) & 0xffff	flags0;state0;u16_0	dumps/vmtail-wide-1m-w16/vm_mba_dispatch_formula_compiler_proofs/dispatch_083_00.smt2	sat\n(\n  (define-fun u16_0 () (_ BitVec 32)\n    #x0000da64)\n  (define-fun flags0 () (_ BitVec 32)\n    #x808290a4)\n  (define-fun state0 () (_ BitVec 32)\n    #x12004810)\n)
88	vmop_088_plus0x5_state_add_const_slot_multi_path	slot_multi_path	0	128	128	1	100.0	0	target_binding_validated	compiler_expression_recovered	candidate_refuted	98	57	((0xe3630316u + (state0 | flags0)) + u16_1) ^ 0x415462f5u	(mask32((mask32(u16_1 + (mask32((mask32(state0 | flags0)) - 0x1c9cfcea)))) ^ 0x415462f5)) & 0xffff	flags0;state0;u16_1	dumps/vmtail-wide-1m-w16/vm_mba_dispatch_formula_compiler_proofs/dispatch_088_00.smt2	sat\n(\n  (define-fun flags0 () (_ BitVec 32)\n    #x426dabe9)\n  (define-fun u16_1 () (_ BitVec 32)\n    #x00006484)\n  (define-fun state0 () (_ BitVec 32)\n    #x00000000)\n)
90	vmop_090_plus0x4_state_add_const_slot_mba_stateful	slot_mba_stateful	0	128	128	1	100.0	0	target_binding_validated	compiler_expression_recovered	candidate_refuted	37	19	u16_0 + 0x224914c1u	(mask32(u16_0 + 0x224914c1)) & 0xffff	u16_0	dumps/vmtail-wide-1m-w16/vm_mba_dispatch_formula_compiler_proofs/dispatch_090_00.smt2	sat\n(\n  (define-fun u16_0 () (_ BitVec 32)\n    #x00000000)\n)
91	vmop_091_plus0x4_state_add_const_slot_mba_stateful	slot_mba_stateful	0	128	128	1	100.0	0	target_binding_validated	compiler_expression_recovered	candidate_refuted	33	14	state0 ^ u16_0	(mask32(u16_0 ^ state0)) & 0xffff	state0;u16_0	dumps/vmtail-wide-1m-w16/vm_mba_dispatch_formula_compiler_proofs/dispatch_091_00.smt2	sat\n(\n  (define-fun u16_0 () (_ BitVec 32)\n    #x00000000)\n  (define-fun state0 () (_ BitVec 32)\n    #x40000000)\n)
92	vmop_092_plus0x4_state_add_const_slot_multi_path	slot_multi_path	0	84	128	2	100.0	0	target_binding_validated	compiler_expression_recovered	candidate_refuted	223	70	(0x8f44d42du + ((((~u16_2) & state0) | flags0) | 0x395bfef7u)) + u16_0	(mask32((mask32(u16_0 + (mask32((mask32((mask32((mask32(state0 & (mask32((mask32(u16_2 ^ state0)) ^ (mask32(flags0 | 0x39591837)))))) | (mask32(flags0 | 0x39591837)))) | 0x1002fee7)) + 0x2efa2a96)))) + 0x604aa997)) & 0xffff	flags0;state0;u16_0;u16_2	dumps/vmtail-wide-1m-w16/vm_mba_dispatch_formula_compiler_proofs/dispatch_092_00.smt2	sat\n(\n  (define-fun u16_0 () (_ BitVec 32)\n    #x00000000)\n  (define-fun flags0 () (_ BitVec 32)\n    #x00000000)\n  (define-fun u16_2 () (_ BitVec 32)\n    #x00000000)\n  (define-fun state0 () (_ BitVec 32)\n    #x00000000)\n)
92	vmop_092_plus0x4_state_add_const_slot_multi_path	slot_multi_path	1	44	128	2	100.0	0	target_binding_validated	compiler_expression_recovered	candidate_refuted	177	70	(0x8f44d42du + ((((~u16_2) & state0) | flags0) | 0x1002fee7u)) + u16_0	(mask32((mask32(u16_0 + (mask32((mask32((mask32((mask32(state0 & (mask32((mask32(u16_2 ^ state0)) ^ flags0)))) | flags0)) | 0x1002fee7)) + 0x2efa2a96)))) + 0x604aa997)) & 0xffff	flags0;state0;u16_0;u16_2	dumps/vmtail-wide-1m-w16/vm_mba_dispatch_formula_compiler_proofs/dispatch_092_01.smt2	sat\n(\n  (define-fun u16_0 () (_ BitVec 32)\n    #x00009ffe)\n  (define-fun flags0 () (_ BitVec 32)\n    #x00000010)\n  (define-fun u16_2 () (_ BitVec 32)\n    #x00000018)\n  (define-fun state0 () (_ BitVec 32)\n    #x02800110)\n)
94	vmop_094_plus0x5_state_add_const_slot_multi_path	slot_multi_path	0	74	74	1	100.0	0	target_binding_validated	compiler_expression_recovered	candidate_refuted	201	122	((((state0 & ((0x551fa912u + state0) ^ flags0)) & 0x7af574e5u) + ((0x551fa912u + state0) ^ flags0)) | 0x23f8268cu) ^ u16_1	(mask32(u16_1 ^ (mask32((mask32((mask32(state0 & (mask32((mask32(flags0 ^ (mask32(state0 + 0x551fa912)))) & 0x7af574e5)))) + (mask32(flags0 ^ (mask32(state0 + 0x551fa912)))))) | 0x23f8268c)))) & 0xffff	flags0;state0;u16_1	dumps/vmtail-wide-1m-w16/vm_mba_dispatch_formula_compiler_proofs/dispatch_094_00.smt2	sat\n(\n  (define-fun flags0 () (_ BitVec 32)\n    #x00000000)\n  (define-fun u16_1 () (_ BitVec 32)\n    #x00000000)\n  (define-fun state0 () (_ BitVec 32)\n    #x00000000)\n)
95	vmop_095_plus0xa_state_preserve_slot_mba_stateful	slot_mba_stateful	0	92	92	1	0.0	92	target_binding_not_validated	compiler_expression_recovered	candidate_refuted	37	19	u16_4 + 0x1f18e1aau	(mask32(u16_4 + 0x1f18e1aa)) & 0xffff	u16_4	dumps/vmtail-wide-1m-w16/vm_mba_dispatch_formula_compiler_proofs/dispatch_095_00.smt2	sat\n(\n  (define-fun u16_4 () (_ BitVec 32)\n    #x00000000)\n)
99	vmop_099_plus0x5_state_add_const_slot_mba_stateful	slot_mba_stateful	0	128	128	1	100.0	0	target_binding_validated	compiler_expression_recovered	candidate_refuted	56	30	(state0 ^ u16_1) - 0x48503105u	(mask32((mask32(u16_1 ^ state0)) - 0x48503105)) & 0xffff	state0;u16_1	dumps/vmtail-wide-1m-w16/vm_mba_dispatch_formula_compiler_proofs/dispatch_099_00.smt2	sat\n(\n  (define-fun u16_1 () (_ BitVec 32)\n    #x00002020)\n  (define-fun state0 () (_ BitVec 32)\n    #x2140df9f)\n)
101	vmop_101_plus0xd_state_add_const_slot_mba_stateful	slot_mba_stateful	0	1	1	1	100.0	0	target_binding_validated	compiler_expression_recovered	candidate_refuted	57	31	(state0 ^ u16_11) ^ 0x44422ebbu	(mask32((mask32(u16_11 ^ state0)) ^ 0x44422ebb)) & 0xffff	state0;u16_11	dumps/vmtail-wide-1m-w16/vm_mba_dispatch_formula_compiler_proofs/dispatch_101_00.smt2	sat\n(\n  (define-fun state0 () (_ BitVec 32)\n    #x00000000)\n  (define-fun u16_11 () (_ BitVec 32)\n    #x00000000)\n)
102	vmop_102_plus0xd_state_preserve_slot_mba_stateful	slot_mba_stateful	0	64	64	1	100.0	0	target_binding_validated	compiler_expression_recovered	candidate_refuted	57	31	(state0 + u16_11) + 0x7b88d4e3u	(mask32((mask32(u16_11 + state0)) + 0x7b88d4e3)) & 0xffff	state0;u16_11	dumps/vmtail-wide-1m-w16/vm_mba_dispatch_formula_compiler_proofs/dispatch_102_00.smt2	sat\n(\n  (define-fun state0 () (_ BitVec 32)\n    #x0bfebffe)\n  (define-fun u16_11 () (_ BitVec 32)\n    #x000097bf)\n)
107	vmop_107_plus0x5_state_add_const_slot_mba_stateful	slot_mba_stateful	0	128	128	1	100.0	0	target_binding_validated	compiler_expression_recovered	candidate_refuted	33	14	state0 ^ u16_0	(mask32(u16_0 ^ state0)) & 0xffff	state0;u16_0	dumps/vmtail-wide-1m-w16/vm_mba_dispatch_formula_compiler_proofs/dispatch_107_00.smt2	sat\n(\n  (define-fun u16_0 () (_ BitVec 32)\n    #x00000000)\n  (define-fun state0 () (_ BitVec 32)\n    #x40000000)\n)
108	vmop_108_plus0x2_state_add_const_slot_mba_stateful	slot_mba_stateful	0	128	128	1	100.0	0	target_binding_validated	compiler_expression_recovered	candidate_refuted	121	73	((((state0 + 0x11961dc7u) ^ 0x5fa19cc7u) - flags0) ^ u16_0) + 0x36f124dbu	(mask32((mask32(u16_0 ^ (mask32((mask32((mask32(state0 + 0x11961dc7)) ^ 0x5fa19cc7)) - flags0)))) + 0x36f124db)) & 0xffff	flags0;state0;u16_0	dumps/vmtail-wide-1m-w16/vm_mba_dispatch_formula_compiler_proofs/dispatch_108_00.smt2	sat\n(\n  (define-fun u16_0 () (_ BitVec 32)\n    #x00000cdc)\n  (define-fun flags0 () (_ BitVec 32)\n    #xfdc10707)\n  (define-fun state0 () (_ BitVec 32)\n    #x8b9844f7)\n)
114	vmop_114_plus0x4_state_add_const_slot_multi_path	slot_multi_path	0	51	128	4	100.0	0	target_binding_validated	compiler_expression_recovered	candidate_refuted	757	473	((0x667e49d1u + (((((state0 | 0x6729b5bfu) & flags0) + state0) & 0x1c8b6feeu) ^ 0x6b040388u)) + u16_0) + ((((((state0 | 0x6729b5bfu) & flags0) + state0) + u16_2) + ((((((((state0 | 0x6729b5bfu) & flags0) + state0) & 0x48367f78u) ^ state0) ^ 0x63bb548fu) + (((state0 | 0x6729b5bfu) & flags0) + state0)) & 0x292b555du)) ^ ((((((((state0 | 0x6729b5bfu) & flags0) + state0) & 0x48367f78u) ^ state0) ^ 0x63bb548fu) + (((state0 | 0x6729b5bfu) & flags0) + state0)) & 0x292b555du))	(mask32((mask32(u16_0 + (mask32((mask32((mask32((mask32((mask32((mask32(state0 ^ (mask32((mask32((mask32(flags0 & (mask32(state0 | 0x6729b5bf)))) + state0)) & 0x48367f78)))) ^ 0x63bb548f)) + (mask32((mask32(flags0 & (mask32(state0 | 0x6729b5bf)))) + state0)))) & 0x292b555d)) ^ (mask32((mask32(u16_2 + (mask32((mask32((mask32((mask32(state0 ^ (mask32((mask32((mask32(flags0 & (mask32(state0 | 0x6729b5bf)))) + state0)) & 0x48367f78)))) ^ 0x63bb548f)) + (mask32((mask32(flags0 & (mask32(state0 | 0x6729b5bf)))) + state0)))) & 0x292b555d)))) + (mask32((mask32(flags0 & (mask32(state0 | 0x6729b5bf)))) + state0)))))) + (mask32((mask32((mask32((mask32(flags0 & (mask32(state0 | 0x6729b5bf)))) + state0)) & 0x1c8b6fee)) ^ 0x6b040388)))))) + 0x667e49d1)) & 0xffff	flags0;state0;u16_0;u16_2	dumps/vmtail-wide-1m-w16/vm_mba_dispatch_formula_compiler_proofs/dispatch_114_00.smt2	sat\n(\n  (define-fun u16_0 () (_ BitVec 32)\n    #x00002eac)\n  (define-fun flags0 () (_ BitVec 32)\n    #x02d93bff)\n  (define-fun u16_2 () (_ BitVec 32)\n    #x0000afff)\n  (define-fun state0 () (_ BitVec 32)\n    #xd8ff6ffe)\n)
114	vmop_114_plus0x4_state_add_const_slot_multi_path	slot_multi_path	1	36	128	4	100.0	0	target_binding_validated	compiler_expression_recovered	candidate_refuted	1033	665	((0x667e49d1u + (((((((state0 | 0x6729b5bfu) & flags0) - 0x3dca653fu) ^ 0x671da5f4u) + state0) & 0x1c8b6feeu) ^ 0x6b040388u)) + u16_0) + ((((((((state0 | 0x6729b5bfu) & flags0) - 0x3dca653fu) ^ 0x671da5f4u) + state0) + u16_2) + ((((((((((state0 | 0x6729b5bfu) & flags0) - 0x3dca653fu) ^ 0x671da5f4u) + state0) & 0x48367f78u) ^ state0) ^ 0x63bb548fu) + (((((state0 | 0x6729b5bfu) & flags0) - 0x3dca653fu) ^ 0x671da5f4u) + state0)) & 0x292b555du)) ^ ((((((((((state0 | 0x6729b5bfu) & flags0) - 0x3dca653fu) ^ 0x671da5f4u) + state0) & 0x48367f78u) ^ state0) ^ 0x63bb548fu) + (((((state0 | 0x6729b5bfu) & flags0) - 0x3dca653fu) ^ 0x671da5f4u) + state0)) & 0x292b555du))	(mask32((mask32(u16_0 + (mask32((mask32((mask32((mask32((mask32((mask32(state0 ^ (mask32((mask32((mask32((mask32((mask32(flags0 & (mask32(state0 | 0x6729b5bf)))) - 0x3dca653f)) ^ 0x671da5f4)) + state0)) & 0x48367f78)))) ^ 0x63bb548f)) + (mask32((mask32((mask32((mask32(flags0 & (mask32(state0 | 0x6729b5bf)))) - 0x3dca653f)) ^ 0x671da5f4)) + state0)))) & 0x292b555d)) ^ (mask32((mask32(u16_2 + (mask32((mask32((mask32((mask32(state0 ^ (mask32((mask32((mask32((mask32((mask32(flags0 & (mask32(state0 | 0x6729b5bf)))) - 0x3dca653f)) ^ 0x671da5f4)) + state0)) & 0x48367f78)))) ^ 0x63bb548f)) + (mask32((mask32((mask32((mask32(flags0 & (mask32(state0 | 0x6729b5bf)))) - 0x3dca653f)) ^ 0x671da5f4)) + state0)))) & 0x292b555d)))) + (mask32((mask32((mask32((mask32(flags0 & (mask32(state0 | 0x6729b5bf)))) - 0x3dca653f)) ^ 0x671da5f4)) + state0)))))) + (mask32((mask32((mask32((mask32((mask32((mask32(flags0 & (mask32(state0 | 0x6729b5bf)))) - 0x3dca653f)) ^ 0x671da5f4)) + state0)) & 0x1c8b6fee)) ^ 0x6b040388)))))) + 0x667e49d1)) & 0xffff	flags0;state0;u16_0;u16_2	dumps/vmtail-wide-1m-w16/vm_mba_dispatch_formula_compiler_proofs/dispatch_114_01.smt2	sat\n(\n  (define-fun u16_0 () (_ BitVec 32)\n    #x0000a590)\n  (define-fun flags0 () (_ BitVec 32)\n    #x61904981)\n  (define-fun u16_2 () (_ BitVec 32)\n    #x0000bcb0)\n  (define-fun state0 () (_ BitVec 32)\n    #x80ddcbfe)\n)
114	vmop_114_plus0x4_state_add_const_slot_multi_path	slot_multi_path	2	28	128	4	100.0	0	target_binding_validated	compiler_expression_recovered	candidate_refuted	847	519	((((((((state0 | 0x6729b5bfu) & flags0) + state0) - 0x3b2cb159u) & 0xfc7215cu) + u16_2) + ((((((((state0 | 0x6729b5bfu) & flags0) + state0) & 0x48367f78u) ^ state0) ^ 0x63bb548fu) + (((state0 | 0x6729b5bfu) & flags0) + state0)) & 0x292b555du)) ^ ((((((((state0 | 0x6729b5bfu) & flags0) + state0) & 0x48367f78u) ^ state0) ^ 0x63bb548fu) + (((state0 | 0x6729b5bfu) & flags0) + state0)) & 0x292b555du)) + ((0x667e49d1u + ((((((state0 | 0x6729b5bfu) & flags0) + state0) - 0x3b2cb159u) & 0xc83214cu) ^ 0x6b040388u)) + u16_0)	(mask32((mask32(u16_0 + (mask32((mask32((mask32((mask32((mask32((mask32(state0 ^ (mask32((mask32((mask32(flags0 & (mask32(state0 | 0x6729b5bf)))) + state0)) & 0x48367f78)))) ^ 0x63bb548f)) + (mask32((mask32(flags0 & (mask32(state0 | 0x6729b5bf)))) + state0)))) & 0x292b555d)) ^ (mask32((mask32(u16_2 + (mask32((mask32((mask32((mask32(state0 ^ (mask32((mask32((mask32(flags0 & (mask32(state0 | 0x6729b5bf)))) + state0)) & 0x48367f78)))) ^ 0x63bb548f)) + (mask32((mask32(flags0 & (mask32(state0 | 0x6729b5bf)))) + state0)))) & 0x292b555d)))) + (mask32((mask32((mask32((mask32(flags0 & (mask32(state0 | 0x6729b5bf)))) + state0)) - 0x3b2cb159)) & 0xfc7215c)))))) + (mask32((mask32((mask32((mask32((mask32((mask32(flags0 & (mask32(state0 | 0x6729b5bf)))) + state0)) - 0x3b2cb159)) & 0xfc7215c)) & 0x1c8b6fee)) ^ 0x6b040388)))))) + 0x667e49d1)) & 0xffff	flags0;state0;u16_0;u16_2	dumps/vmtail-wide-1m-w16/vm_mba_dispatch_formula_compiler_proofs/dispatch_114_02.smt2	sat\n(\n  (define-fun u16_0 () (_ BitVec 32)\n    #x00001e00)\n  (define-fun flags0 () (_ BitVec 32)\n    #x076591f9)\n  (define-fun u16_2 () (_ BitVec 32)\n    #x0000e4fe)\n  (define-fun state0 () (_ BitVec 32)\n    #x06f71b5e)\n)
114	vmop_114_plus0x4_state_add_const_slot_multi_path	slot_multi_path	3	13	128	4	100.0	0	target_binding_validated	compiler_expression_recovered	candidate_refuted	1123	711	((((((((((state0 | 0x6729b5bfu) & flags0) - 0x3dca653fu) ^ 0x671da5f4u) + state0) - 0x3b2cb159u) & 0xfc7215cu) + u16_2) + ((((((((((state0 | 0x6729b5bfu) & flags0) - 0x3dca653fu) ^ 0x671da5f4u) + state0) & 0x48367f78u) ^ state0) ^ 0x63bb548fu) + (((((state0 | 0x6729b5bfu) & flags0) - 0x3dca653fu) ^ 0x671da5f4u) + state0)) & 0x292b555du)) ^ ((((((((((state0 | 0x6729b5bfu) & flags0) - 0x3dca653fu) ^ 0x671da5f4u) + state0) & 0x48367f78u) ^ state0) ^ 0x63bb548fu) + (((((state0 | 0x6729b5bfu) & flags0) - 0x3dca653fu) ^ 0x671da5f4u) + state0)) & 0x292b555du)) + ((0x667e49d1u + ((((((((state0 | 0x6729b5bfu) & flags0) - 0x3dca653fu) ^ 0x671da5f4u) + state0) - 0x3b2cb159u) & 0xc83214cu) ^ 0x6b040388u)) + u16_0)	(mask32((mask32(u16_0 + (mask32((mask32((mask32((mask32((mask32((mask32(state0 ^ (mask32((mask32((mask32((mask32((mask32(flags0 & (mask32(state0 | 0x6729b5bf)))) - 0x3dca653f)) ^ 0x671da5f4)) + state0)) & 0x48367f78)))) ^ 0x63bb548f)) + (mask32((mask32((mask32((mask32(flags0 & (mask32(state0 | 0x6729b5bf)))) - 0x3dca653f)) ^ 0x671da5f4)) + state0)))) & 0x292b555d)) ^ (mask32((mask32(u16_2 + (mask32((mask32((mask32((mask32(state0 ^ (mask32((mask32((mask32((mask32((mask32(flags0 & (mask32(state0 | 0x6729b5bf)))) - 0x3dca653f)) ^ 0x671da5f4)) + state0)) & 0x48367f78)))) ^ 0x63bb548f)) + (mask32((mask32((mask32((mask32(flags0 & (mask32(state0 | 0x6729b5bf)))) - 0x3dca653f)) ^ 0x671da5f4)) + state0)))) & 0x292b555d)))) + (mask32((mask32((mask32((mask32((mask32((mask32(flags0 & (mask32(state0 | 0x6729b5bf)))) - 0x3dca653f)) ^ 0x671da5f4)) + state0)) - 0x3b2cb159)) & 0xfc7215c)))))) + (mask32((mask32((mask32((mask32((mask32((mask32((mask32((mask32(flags0 & (mask32(state0 | 0x6729b5bf)))) - 0x3dca653f)) ^ 0x671da5f4)) + state0)) - 0x3b2cb159)) & 0xfc7215c)) & 0x1c8b6fee)) ^ 0x6b040388)))))) + 0x667e49d1)) & 0xffff	flags0;state0;u16_0;u16_2	dumps/vmtail-wide-1m-w16/vm_mba_dispatch_formula_compiler_proofs/dispatch_114_03.smt2	sat\n(\n  (define-fun u16_0 () (_ BitVec 32)\n    #x00002edb)\n  (define-fun flags0 () (_ BitVec 32)\n    #x0b48c3a0)\n  (define-fun u16_2 () (_ BitVec 32)\n    #x00004d5f)\n  (define-fun state0 () (_ BitVec 32)\n    #x08817cf2)\n)
118	vmop_118_plus0x3_state_formula_slot_mba_stateful	slot_mba_stateful	0	128	128	1	100.0	0	target_binding_validated	compiler_expression_recovered	candidate_refuted	55	29	(state0 ^ u16_1) - 0x52d3aa4u	(mask32((mask32(u16_1 ^ state0)) - 0x52d3aa4)) & 0xffff	state0;u16_1	dumps/vmtail-wide-1m-w16/vm_mba_dispatch_formula_compiler_proofs/dispatch_118_00.smt2	sat\n(\n  (define-fun u16_1 () (_ BitVec 32)\n    #x00000050)\n  (define-fun state0 () (_ BitVec 32)\n    #x2d23ffac)\n)
119	vmop_119_plus0x6_state_add_const_slot_mba_stateful	slot_mba_stateful	0	128	128	1	100.0	0	target_binding_validated	compiler_expression_recovered	candidate_refuted	56	30	(state0 ^ u16_4) + 0x7e7974a5u	(mask32((mask32(u16_4 ^ state0)) + 0x7e7974a5)) & 0xffff	state0;u16_4	dumps/vmtail-wide-1m-w16/vm_mba_dispatch_formula_compiler_proofs/dispatch_119_00.smt2	sat\n(\n  (define-fun u16_4 () (_ BitVec 32)\n    #x00001400)\n  (define-fun state0 () (_ BitVec 32)\n    #x8b11cbfb)\n)
121	vmop_121_plus0x4_state_add_const_slot_mba_stateful	slot_mba_stateful	0	128	128	1	100.0	0	target_binding_validated	compiler_expression_recovered	candidate_refuted	242	103	(((0xaee5788cu + (u16_0 - flags0)) + (((0x3154e54au + flags0) ^ state0) * 0x2u)) ^ u16_2) + 0x7609a96cu	(mask32((mask32(u16_2 ^ (mask32((mask32((mask32(state0 ^ (mask32(flags0 + 0x3154e54a)))) - 0x288d43ba)) + (mask32((mask32(u16_0 + (mask32((mask32(state0 ^ (mask32(flags0 + 0x3154e54a)))) - 0x288d43ba)))) - flags0)))))) + 0x7609a96c)) & 0xffff	flags0;state0;u16_0;u16_2	dumps/vmtail-wide-1m-w16/vm_mba_dispatch_formula_compiler_proofs/dispatch_121_00.smt2	sat\n(\n  (define-fun u16_0 () (_ BitVec 32)\n    #x00001bd0)\n  (define-fun flags0 () (_ BitVec 32)\n    #x46000000)\n  (define-fun u16_2 () (_ BitVec 32)\n    #x0000a1a4)\n  (define-fun state0 () (_ BitVec 32)\n    #x375c1247)\n)
122	vmop_122_plus0x5_state_add_const_slot_mba_stateful	slot_mba_stateful	0	121	121	1	100.0	0	target_binding_validated	compiler_expression_recovered	candidate_refuted	75	41	(0x1af9be18u + (flags0 + state0)) + u16_0	(mask32((mask32(u16_0 + (mask32(state0 + flags0)))) + 0x1af9be18)) & 0xffff	flags0;state0;u16_0	dumps/vmtail-wide-1m-w16/vm_mba_dispatch_formula_compiler_proofs/dispatch_122_00.smt2	sat\n(\n  (define-fun u16_0 () (_ BitVec 32)\n    #x0000f13d)\n  (define-fun flags0 () (_ BitVec 32)\n    #x79d3e109)\n  (define-fun state0 () (_ BitVec 32)\n    #x964dff9c)\n)
123	vmop_123_plus0x4_state_add_const_slot_mba_stateful	slot_mba_stateful	0	128	128	1	100.0	0	target_binding_validated	compiler_expression_recovered	candidate_refuted	79	46	((u16_0 - 0x3da77425u) - state0) ^ 0x1603b0a9u	(mask32((mask32(u16_0 - (mask32(state0 + 0x3da77425)))) ^ 0x1603b0a9)) & 0xffff	state0;u16_0	dumps/vmtail-wide-1m-w16/vm_mba_dispatch_formula_compiler_proofs/dispatch_123_00.smt2	sat\n(\n  (define-fun u16_0 () (_ BitVec 32)\n    #x00000000)\n  (define-fun state0 () (_ BitVec 32)\n    #xc2588bdb)\n)
124	vmop_124_plus0x6_state_add_const_slot_multi_path	slot_multi_path	0	71	128	2	100.0	0	target_binding_validated	compiler_expression_recovered	candidate_refuted	767	211	(((u32_0 - ((flags0 - ((((state0 - 0x7c31e804u) ^ flags0) ^ 0x2bb25e3u) | 0x50ef8024u)) ^ flags0)) & ((flags0 - ((((state0 - 0x7c31e804u) ^ flags0) ^ 0x2bb25e3u) | 0x50ef8024u)) ^ flags0)) + u16_4) ^ 0x3654c1a7u	(mask32((mask32(u16_4 + (mask32((mask32((mask32((mask32((mask32((mask32((mask32(state0 - 0x7c31e804)) ^ flags0)) ^ 0x2bb25e3)) | 0x50ef8024)) + (mask32(flags0 - (mask32((mask32((mask32((mask32(state0 - 0x7c31e804)) ^ flags0)) ^ 0x2bb25e3)) | 0x50ef8024)))))) ^ (mask32(flags0 - (mask32((mask32((mask32((mask32(state0 - 0x7c31e804)) ^ flags0)) ^ 0x2bb25e3)) | 0x50ef8024)))))) & (mask32(u32_0 - (mask32((mask32((mask32((mask32((mask32((mask32(state0 - 0x7c31e804)) ^ flags0)) ^ 0x2bb25e3)) | 0x50ef8024)) + (mask32(flags0 - (mask32((mask32((mask32((mask32(state0 - 0x7c31e804)) ^ flags0)) ^ 0x2bb25e3)) | 0x50ef8024)))))) ^ (mask32(flags0 - (mask32((mask32((mask32((mask32(state0 - 0x7c31e804)) ^ flags0)) ^ 0x2bb25e3)) | 0x50ef8024)))))))))))) ^ 0x3654c1a7)) & 0xffff	flags0;state0;u16_4;u32_0	dumps/vmtail-wide-1m-w16/vm_mba_dispatch_formula_compiler_proofs/dispatch_124_00.smt2	sat\n(\n  (define-fun flags0 () (_ BitVec 32)\n    #x5807fd48)\n  (define-fun u16_4 () (_ BitVec 32)\n    #x0000cfc7)\n  (define-fun state0 () (_ BitVec 32)\n    #xc721eb00)\n  (define-fun u32_0 () (_ BitVec 32)\n    #x1f1d2f36)\n)
124	vmop_124_plus0x6_state_add_const_slot_multi_path	slot_multi_path	1	57	128	2	100.0	0	target_binding_validated	compiler_expression_recovered	candidate_refuted	1227	307	(((u32_0 - ((0x2b837475u + flags0) ^ ((0x2b837475u + flags0) - ((((state0 - 0x7c31e804u) ^ (0x2b837475u + flags0)) ^ 0x2bb25e3u) | 0x50ef8024u)))) & ((0x2b837475u + flags0) ^ ((0x2b837475u + flags0) - ((((state0 - 0x7c31e804u) ^ (0x2b837475u + flags0)) ^ 0x2bb25e3u) | 0x50ef8024u)))) + u16_4) ^ 0x3654c1a7u	(mask32((mask32(u16_4 + (mask32((mask32((mask32((mask32((mask32((mask32((mask32(state0 - 0x7c31e804)) ^ (mask32((mask32(flags0 + 0x57b29524)) - 0x2c2f20af)))) ^ 0x2bb25e3)) | 0x50ef8024)) + (mask32((mask32((mask32(flags0 + 0x57b29524)) - 0x2c2f20af)) - (mask32((mask32((mask32((mask32(state0 - 0x7c31e804)) ^ (mask32((mask32(flags0 + 0x57b29524)) - 0x2c2f20af)))) ^ 0x2bb25e3)) | 0x50ef8024)))))) ^ (mask32((mask32((mask32(flags0 + 0x57b29524)) - 0x2c2f20af)) - (mask32((mask32((mask32((mask32(state0 - 0x7c31e804)) ^ (mask32((mask32(flags0 + 0x57b29524)) - 0x2c2f20af)))) ^ 0x2bb25e3)) | 0x50ef8024)))))) & (mask32(u32_0 - (mask32((mask32((mask32((mask32((mask32((mask32(state0 - 0x7c31e804)) ^ (mask32((mask32(flags0 + 0x57b29524)) - 0x2c2f20af)))) ^ 0x2bb25e3)) | 0x50ef8024)) + (mask32((mask32((mask32(flags0 + 0x57b29524)) - 0x2c2f20af)) - (mask32((mask32((mask32((mask32(state0 - 0x7c31e804)) ^ (mask32((mask32(flags0 + 0x57b29524)) - 0x2c2f20af)))) ^ 0x2bb25e3)) | 0x50ef8024)))))) ^ (mask32((mask32((mask32(flags0 + 0x57b29524)) - 0x2c2f20af)) - (mask32((mask32((mask32((mask32(state0 - 0x7c31e804)) ^ (mask32((mask32(flags0 + 0x57b29524)) - 0x2c2f20af)))) ^ 0x2bb25e3)) | 0x50ef8024)))))))))))) ^ 0x3654c1a7)) & 0xffff	flags0;state0;u16_4;u32_0	dumps/vmtail-wide-1m-w16/vm_mba_dispatch_formula_compiler_proofs/dispatch_124_01.smt2	sat\n(\n  (define-fun flags0 () (_ BitVec 32)\n    #x60148915)\n  (define-fun u16_4 () (_ BitVec 32)\n    #x000027cb)\n  (define-fun state0 () (_ BitVec 32)\n    #xfe385a82)\n  (define-fun u32_0 () (_ BitVec 32)\n    #x7bdbd016)\n)
125	vmop_125_plus0x5_state_formula_slot_mba_stateful	slot_mba_stateful	0	19	19	1	100.0	0	target_binding_validated	compiler_expression_recovered	candidate_refuted	56	30	(state0 + u16_0) - 0x7b275316u	(mask32((mask32(u16_0 + state0)) - 0x7b275316)) & 0xffff	state0;u16_0	dumps/vmtail-wide-1m-w16/vm_mba_dispatch_formula_compiler_proofs/dispatch_125_00.smt2	sat\n(\n  (define-fun u16_0 () (_ BitVec 32)\n    #x0000c3ed)\n  (define-fun state0 () (_ BitVec 32)\n    #x778f07fd)\n)
127	vmop_127_plus0x5_state_add_const_slot_mba_stateful	slot_mba_stateful	0	128	128	1	100.0	0	target_binding_validated	compiler_expression_recovered	candidate_refuted	55	29	(u16_0 + 0xf376a6au) - state0	(mask32((mask32(u16_0 - state0)) + 0xf376a6a)) & 0xffff	state0;u16_0	dumps/vmtail-wide-1m-w16/vm_mba_dispatch_formula_compiler_proofs/dispatch_127_00.smt2	sat\n(\n  (define-fun u16_0 () (_ BitVec 32)\n    #x00005435)\n  (define-fun state0 () (_ BitVec 32)\n    #xa07fbea1)\n)
128	vmop_128_plus0x5_state_add_const_slot_multi_path	slot_multi_path	0	109	128	2	100.0	0	target_binding_validated	compiler_expression_recovered	candidate_refuted	487	72	((((flags0 - 0x68bb0762u) - u16_1) | 0x7b467141u) ^ u16_3) + 0x539da50eu	(mask32((mask32(u16_3 ^ (mask32((mask32((mask32((mask32((mask32((mask32((mask32((mask32(state0 & (mask32(flags0 & 0x7036ea56)))) + 0x277b426c)) - 0x57b04ce2)) - (mask32(flags0 | 0x36a392ff)))) | 0x38cd3aec)) - (mask32(u16_1 + (mask32((mask32((mask32((mask32((mask32(state0 & (mask32(flags0 & 0x7036ea56)))) + 0x277b426c)) - 0x57b04ce2)) - (mask32(flags0 | 0x36a392ff)))) | 0x38cd3aec)))))) + (mask32((mask32(flags0 - 0x1a4f949c)) - 0x4e6b72c6)))) | 0x7b467141)))) + 0x539da50e)) & 0xffff	flags0;state0;u16_1;u16_3	dumps/vmtail-wide-1m-w16/vm_mba_dispatch_formula_compiler_proofs/dispatch_128_00.smt2	sat\n(\n  (define-fun flags0 () (_ BitVec 32)\n    #x00000000)\n  (define-fun u16_1 () (_ BitVec 32)\n    #x00000000)\n  (define-fun u16_3 () (_ BitVec 32)\n    #x00000000)\n  (define-fun state0 () (_ BitVec 32)\n    #x00000000)\n)
128	vmop_128_plus0x5_state_add_const_slot_multi_path	slot_multi_path	1	19	128	2	100.0	0	target_binding_validated	compiler_expression_recovered	candidate_refuted	625	104	((((((flags0 ^ 0x46f37ee7u) & 0x706a6a76u) - u16_1) - 0x68bb0762u) | 0x7b467141u) ^ u16_3) + 0x539da50eu	(mask32((mask32(u16_3 ^ (mask32((mask32((mask32((mask32((mask32((mask32((mask32((mask32(state0 & (mask32(flags0 & 0x7036ea56)))) + 0x277b426c)) - 0x57b04ce2)) - (mask32((mask32((mask32(flags0 ^ 0x46f37ee7)) & 0x706a6a76)) | 0x36a392ff)))) | 0x38cd3aec)) - (mask32(u16_1 + (mask32((mask32((mask32((mask32((mask32(state0 & (mask32(flags0 & 0x7036ea56)))) + 0x277b426c)) - 0x57b04ce2)) - (mask32((mask32((mask32(flags0 ^ 0x46f37ee7)) & 0x706a6a76)) | 0x36a392ff)))) | 0x38cd3aec)))))) + (mask32((mask32((mask32((mask32(flags0 ^ 0x46f37ee7)) & 0x706a6a76)) - 0x1a4f949c)) - 0x4e6b72c6)))) | 0x7b467141)))) + 0x539da50e)) & 0xffff	flags0;state0;u16_1;u16_3	dumps/vmtail-wide-1m-w16/vm_mba_dispatch_formula_compiler_proofs/dispatch_128_01.smt2	sat\n(\n  (define-fun flags0 () (_ BitVec 32)\n    #x00000000)\n  (define-fun u16_1 () (_ BitVec 32)\n    #x00000000)\n  (define-fun u16_3 () (_ BitVec 32)\n    #x00000000)\n  (define-fun state0 () (_ BitVec 32)\n    #x00000000)\n)
129	vmop_129_plus0x3_state_add_const_slot_multi_path	slot_multi_path	0	128	128	1	100.0	0	target_binding_validated	compiler_expression_recovered	candidate_refuted	292	92	u16_0 - (((0xa54be084u + flags0) + (((flags0 | 0x77ecded8u) & state0) * 0x2u)) & 0x63b683du)	(mask32(u16_0 - (mask32((mask32((mask32((mask32((mask32(state0 & (mask32(flags0 | 0x77ecded8)))) + 0x14f8aa88)) + 0x5f119f37)) + (mask32(flags0 + (mask32((mask32((mask32((mask32(state0 & (mask32(flags0 | 0x77ecded8)))) + 0x14f8aa88)) + 0x5f119f37)) - 0x42c8b2fa)))))) & 0x63b683d)))) & 0xffff	flags0;state0;u16_0	dumps/vmtail-wide-1m-w16/vm_mba_dispatch_formula_compiler_proofs/dispatch_129_00.smt2	sat\n(\n  (define-fun u16_0 () (_ BitVec 32)\n    #x00002fbe)\n  (define-fun state0 () (_ BitVec 32)\n    #xfc816caf)\n  (define-fun flags0 () (_ BitVec 32)\n    #x039a5f63)\n)
130	vmop_130_plus0x5_state_add_const_slot_multi_path	slot_multi_path	0	4	4	1	100.0	0	target_binding_validated	compiler_expression_recovered	candidate_refuted	201	122	(0xaede00cdu + ((state0 | ((flags0 - 0x42718c2au) - state0)) + u16_0)) + (((flags0 - 0x42718c2au) - state0) & 0x3a044344u)	(mask32((mask32(u16_0 + (mask32((mask32(state0 | (mask32(flags0 - (mask32(state0 + 0x42718c2a)))))) + (mask32((mask32(flags0 - (mask32(state0 + 0x42718c2a)))) & 0x3a044344)))))) - 0x5121ff33)) & 0xffff	flags0;state0;u16_0	dumps/vmtail-wide-1m-w16/vm_mba_dispatch_formula_compiler_proofs/dispatch_130_00.smt2	sat\n(\n  (define-fun u16_0 () (_ BitVec 32)\n    #x0000d7f2)\n  (define-fun flags0 () (_ BitVec 32)\n    #x5cb386ed)\n  (define-fun state0 () (_ BitVec 32)\n    #xc2418a5c)\n)
131	vmop_131_plus0x5_state_formula_slot_multi_path	slot_multi_path	0	10	14	2	100.0	0	target_binding_validated	compiler_expression_recovered	candidate_refuted	643	392	((((((state0 | 0x8fb57c3u) - 0x45a18ca4u) | (((((0xb98b8ec3u + flags0) - (state0 | 0x8fb57c3u)) ^ 0x4382f497u) - 0x95703a1u) ^ 0xea909d9u)) + u16_1) - ((((((0xb98b8ec3u + flags0) - (state0 | 0x8fb57c3u)) ^ 0x4382f497u) - 0x95703a1u) ^ 0x7e30e6feu) - 0x248dd823u)) - ((((((0xb98b8ec3u + flags0) - (state0 | 0x8fb57c3u)) ^ 0x4382f497u) - 0x95703a1u) ^ 0x7e30e6feu) - 0x248dd823u)) ^ 0x1d802c44u	(mask32((mask32(u16_1 + (mask32((mask32((mask32((mask32((mask32(state0 | 0x8fb57c3)) - 0x45a18ca4)) | (mask32((mask32((mask32((mask32(flags0 - (mask32((mask32(state0 | 0x8fb57c3)) + 0x4674713d)))) ^ 0x4382f497)) - 0x95703a1)) ^ 0xea909d9)))) - (mask32((mask32((mask32((mask32((mask32((mask32(flags0 - (mask32((mask32(state0 | 0x8fb57c3)) + 0x4674713d)))) ^ 0x4382f497)) - 0x95703a1)) ^ 0xea909d9)) ^ 0x7099ef27)) - 0x248dd823)))) - (mask32((mask32((mask32((mask32((mask32((mask32(flags0 - (mask32((mask32(state0 | 0x8fb57c3)) + 0x4674713d)))) ^ 0x4382f497)) - 0x95703a1)) ^ 0xea909d9)) ^ 0x7099ef27)) - 0x248dd823)))))) ^ 0x1d802c44)) & 0xffff	flags0;state0;u16_1	dumps/vmtail-wide-1m-w16/vm_mba_dispatch_formula_compiler_proofs/dispatch_131_00.smt2	sat\n(\n  (define-fun flags0 () (_ BitVec 32)\n    #xe528f415)\n  (define-fun u16_1 () (_ BitVec 32)\n    #x0000e3b9)\n  (define-fun state0 () (_ BitVec 32)\n    #x10040820)\n)
131	vmop_131_plus0x5_state_formula_slot_multi_path	slot_multi_path	1	4	14	2	100.0	0	target_binding_validated	compiler_expression_recovered	candidate_refuted	781	389	((((((state0 | 0x8fb57c3u) - 0x45a18ca4u) | (((((0xfe9298cu + flags0) - (state0 | 0x8fb57c3u)) ^ 0x4382f497u) - 0x95703a1u) ^ 0xea909d9u)) + u16_1) - ((((((0xfe9298cu + flags0) - (state0 | 0x8fb57c3u)) ^ 0x4382f497u) - 0x95703a1u) ^ 0x7e30e6feu) - 0x248dd823u)) - ((((((0xfe9298cu + flags0) - (state0 | 0x8fb57c3u)) ^ 0x4382f497u) - 0x95703a1u) ^ 0x7e30e6feu) - 0x248dd823u)) ^ 0x1d802c44u	(mask32((mask32(u16_1 + (mask32((mask32((mask32((mask32((mask32(state0 | 0x8fb57c3)) - 0x45a18ca4)) | (mask32((mask32((mask32((mask32((mask32((mask32(flags0 + 0x75229706)) - 0x1ec4fc3d)) - (mask32((mask32(state0 | 0x8fb57c3)) + 0x4674713d)))) ^ 0x4382f497)) - 0x95703a1)) ^ 0xea909d9)))) - (mask32((mask32((mask32((mask32((mask32((mask32((mask32((mask32(flags0 + 0x75229706)) - 0x1ec4fc3d)) - (mask32((mask32(state0 | 0x8fb57c3)) + 0x4674713d)))) ^ 0x4382f497)) - 0x95703a1)) ^ 0xea909d9)) ^ 0x7099ef27)) - 0x248dd823)))) - (mask32((mask32((mask32((mask32((mask32((mask32((mask32((mask32(flags0 + 0x75229706)) - 0x1ec4fc3d)) - (mask32((mask32(state0 | 0x8fb57c3)) + 0x4674713d)))) ^ 0x4382f497)) - 0x95703a1)) ^ 0xea909d9)) ^ 0x7099ef27)) - 0x248dd823)))))) ^ 0x1d802c44)) & 0xffff	flags0;state0;u16_1	dumps/vmtail-wide-1m-w16/vm_mba_dispatch_formula_compiler_proofs/dispatch_131_01.smt2	sat\n(\n  (define-fun flags0 () (_ BitVec 32)\n    #xd9c86226)\n  (define-fun u16_1 () (_ BitVec 32)\n    #x0000b85e)\n  (define-fun state0 () (_ BitVec 32)\n    #x2704003c)\n)
136	vmop_136_plus0x5_state_add_const_slot_mba_stateful	slot_mba_stateful	0	2	2	1	100.0	0	target_binding_validated	compiler_expression_recovered	candidate_refuted	56	30	(state0 ^ u16_0) - 0x2eae4eacu	(mask32((mask32(u16_0 ^ state0)) - 0x2eae4eac)) & 0xffff	state0;u16_0	dumps/vmtail-wide-1m-w16/vm_mba_dispatch_formula_compiler_proofs/dispatch_136_00.smt2	sat\n(\n  (define-fun u16_0 () (_ BitVec 32)\n    #x00000108)\n  (define-fun state0 () (_ BitVec 32)\n    #xa2a146a4)\n)
140	vmop_140_plus0x6_state_add_const_slot_multi_path	slot_multi_path	0	112	128	2	100.0	0	target_binding_validated	compiler_expression_recovered	candidate_refuted	139	83	((state0 - ((flags0 - (state0 | 0xf17c331u)) | 0x16a9ca8cu)) ^ u16_0) ^ 0x6e089febu	(mask32((mask32(u16_0 ^ (mask32(state0 - (mask32((mask32(flags0 - (mask32(state0 | 0xf17c331)))) | 0x16a9ca8c)))))) ^ 0x6e089feb)) & 0xffff	flags0;state0;u16_0	dumps/vmtail-wide-1m-w16/vm_mba_dispatch_formula_compiler_proofs/dispatch_140_00.smt2	sat\n(\n  (define-fun u16_0 () (_ BitVec 32)\n    #x00000000)\n  (define-fun flags0 () (_ BitVec 32)\n    #xd0e02000)\n  (define-fun state0 () (_ BitVec 32)\n    #xab1e2ffe)\n)
140	vmop_140_plus0x6_state_add_const_slot_multi_path	slot_multi_path	1	16	128	2	100.0	0	target_binding_validated	compiler_expression_recovered	candidate_refuted	162	99	((state0 - (((0x90ab6087u + flags0) - (state0 | 0xf17c331u)) | 0x16a9ca8cu)) ^ u16_0) ^ 0x6e089febu	(mask32((mask32(u16_0 ^ (mask32(state0 - (mask32((mask32((mask32(flags0 - 0x6f549f79)) - (mask32(state0 | 0xf17c331)))) | 0x16a9ca8c)))))) ^ 0x6e089feb)) & 0xffff	flags0;state0;u16_0	dumps/vmtail-wide-1m-w16/vm_mba_dispatch_formula_compiler_proofs/dispatch_140_01.smt2	sat\n(\n  (define-fun u16_0 () (_ BitVec 32)\n    #x00000000)\n  (define-fun flags0 () (_ BitVec 32)\n    #xfff01f84)\n  (define-fun state0 () (_ BitVec 32)\n    #xb293fffc)\n)
144	vmop_144_plus0x2_state_mixed_slot_mba_stateful	slot_mba_stateful	0	128	128	1	100.0	0	target_binding_validated	compiler_expression_recovered	candidate_refuted	125	61	(((state0 & 0x1000068u) ^ u16_0) ^ 0x6367b3ddu) - 0x2f1222e2u	(mask32((mask32(u16_0 ^ (mask32((mask32((mask32(state0 & 0x61f88068)) & 0x1d022eee)) ^ 0x6367b3dd)))) - 0x2f1222e2)) & 0xffff	state0;u16_0	dumps/vmtail-wide-1m-w16/vm_mba_dispatch_formula_compiler_proofs/dispatch_144_00.smt2	sat\n(\n  (define-fun u16_0 () (_ BitVec 32)\n    #x00000000)\n  (define-fun state0 () (_ BitVec 32)\n    #x00000000)\n)
146	vmop_146_plus0x5_state_add_const_slot_multi_path	slot_multi_path	0	99	128	2	100.0	0	target_binding_validated	compiler_expression_recovered	candidate_refuted	200	121	(u16_1 + 0x2cff1885u) - (((((state0 + flags0) ^ 0x2e312e01u) & (0x7d882664u + flags0)) + 0x4a5b7e16u) ^ (flags0 + u16_3))	(mask32((mask32(u16_1 - (mask32((mask32((mask32((mask32((mask32(state0 + flags0)) ^ 0x2e312e01)) & (mask32(flags0 + 0x7d882664)))) + 0x4a5b7e16)) ^ (mask32(u16_3 + flags0)))))) + 0x2cff1885)) & 0xffff	flags0;state0;u16_1;u16_3	dumps/vmtail-wide-1m-w16/vm_mba_dispatch_formula_compiler_proofs/dispatch_146_00.smt2	sat\n(\n  (define-fun flags0 () (_ BitVec 32)\n    #xfffffb36)\n  (define-fun u16_1 () (_ BitVec 32)\n    #x00001206)\n  (define-fun u16_3 () (_ BitVec 32)\n    #x0000a916)\n  (define-fun state0 () (_ BitVec 32)\n    #x40c801dc)\n)
146	vmop_146_plus0x5_state_add_const_slot_multi_path	slot_multi_path	1	29	128	2	100.0	0	target_binding_validated	compiler_expression_recovered	candidate_refuted	290	183	(u16_1 + 0x2cff1885u) - (((((flags0 + state0) ^ 0x2e312e01u) & (0x7d882664u + ((flags0 & 0xa6d4251u) ^ 0x409c2e61u))) + 0x4a5b7e16u) ^ (((flags0 & 0xa6d4251u) ^ 0x409c2e61u) + u16_3))	(mask32((mask32(u16_1 - (mask32((mask32((mask32((mask32((mask32(state0 + flags0)) ^ 0x2e312e01)) & (mask32((mask32((mask32(flags0 & 0xa6d4251)) ^ 0x409c2e61)) + 0x7d882664)))) + 0x4a5b7e16)) ^ (mask32(u16_3 + (mask32((mask32(flags0 & 0xa6d4251)) ^ 0x409c2e61)))))))) + 0x2cff1885)) & 0xffff	flags0;state0;u16_1;u16_3	dumps/vmtail-wide-1m-w16/vm_mba_dispatch_formula_compiler_proofs/dispatch_146_01.smt2	sat\n(\n  (define-fun flags0 () (_ BitVec 32)\n    #x065c1e34)\n  (define-fun u16_1 () (_ BitVec 32)\n    #x0000a55c)\n  (define-fun u16_3 () (_ BitVec 32)\n    #x00003c0f)\n  (define-fun state0 () (_ BitVec 32)\n    #xc48c6467)\n)
148	vmop_148_plus0x5_state_add_const_slot_mba_stateful	slot_mba_stateful	0	105	105	1	100.0	0	target_binding_validated	compiler_expression_recovered	candidate_refuted	75	41	(u16_3 - (state0 & flags0)) ^ 0x502e5379u	(mask32((mask32(u16_3 - (mask32(state0 & flags0)))) ^ 0x502e5379)) & 0xffff	flags0;state0;u16_3	dumps/vmtail-wide-1m-w16/vm_mba_dispatch_formula_compiler_proofs/dispatch_148_00.smt2	sat\n(\n  (define-fun u16_3 () (_ BitVec 32)\n    #x00000000)\n  (define-fun state0 () (_ BitVec 32)\n    #x00000000)\n  (define-fun flags0 () (_ BitVec 32)\n    #xffffffff)\n)
151	vmop_151_plus0x5_state_add_const_slot_mba_stateful	slot_mba_stateful	0	34	34	1	100.0	0	target_binding_validated	compiler_expression_recovered	candidate_refuted	75	41	(0x77236c60u + (flags0 + state0)) + u16_3	(mask32((mask32(u16_3 + (mask32(state0 + flags0)))) + 0x77236c60)) & 0xffff	flags0;state0;u16_3	dumps/vmtail-wide-1m-w16/vm_mba_dispatch_formula_compiler_proofs/dispatch_151_00.smt2	sat\n(\n  (define-fun flags0 () (_ BitVec 32)\n    #x90350bef)\n  (define-fun u16_3 () (_ BitVec 32)\n    #x0000d3e7)\n  (define-fun state0 () (_ BitVec 32)\n    #x910f59c4)\n)
153	vmop_153_plus0x5_state_add_const_slot_mba_stateful	slot_mba_stateful	0	10	10	1	100.0	0	target_binding_validated	compiler_expression_recovered	candidate_refuted	56	30	(u16_0 - state0) ^ 0x6f642592u	(mask32((mask32(u16_0 - state0)) ^ 0x6f642592)) & 0xffff	state0;u16_0	dumps/vmtail-wide-1m-w16/vm_mba_dispatch_formula_compiler_proofs/dispatch_153_00.smt2	sat\n(\n  (define-fun u16_0 () (_ BitVec 32)\n    #x00000000)\n  (define-fun state0 () (_ BitVec 32)\n    #x00000000)\n)
154	vmop_154_plus0x4_state_add_const_slot_multi_path	slot_multi_path	0	81	128	3	100.0	0	target_binding_validated	compiler_expression_recovered	candidate_refuted	200	121	((((0x9aca28b9u + (u16_2 ^ state0)) + u16_0) + (flags0 | 0x7ed018fbu)) - state0) - ((flags0 | 0x7ed018fbu) ^ 0x18426e67u)	(mask32((mask32(u16_0 - (mask32((mask32((mask32(state0 - (mask32(u16_2 ^ state0)))) - (mask32(flags0 | 0x7ed018fb)))) + (mask32((mask32(flags0 | 0x7ed018fb)) ^ 0x18426e67)))))) - 0x6535d747)) & 0xffff	flags0;state0;u16_0;u16_2	dumps/vmtail-wide-1m-w16/vm_mba_dispatch_formula_compiler_proofs/dispatch_154_00.smt2	sat\n(\n  (define-fun u16_0 () (_ BitVec 32)\n    #x0000fef5)\n  (define-fun flags0 () (_ BitVec 32)\n    #x8120e204)\n  (define-fun u16_2 () (_ BitVec 32)\n    #x0000e3bc)\n  (define-fun state0 () (_ BitVec 32)\n    #xfd35813a)\n)
154	vmop_154_plus0x4_state_add_const_slot_multi_path	slot_multi_path	1	31	128	3	100.0	0	target_binding_validated	compiler_expression_recovered	candidate_refuted	382	247	((((0x9aca28b9u + (u16_2 ^ state0)) + u16_0) - state0) + (((((0x60c316f3u + flags0) & 0x56154bafu) + 0xbc52893u) & 0x57dbe69eu) | 0x7ed018fbu)) - ((((((0x60c316f3u + flags0) & 0x56154bafu) + 0xbc52893u) & 0x57dbe69eu) | 0x7ed018fbu) ^ 0x18426e67u)	(mask32((mask32(u16_0 - (mask32((mask32((mask32(state0 - (mask32(u16_2 ^ state0)))) - (mask32((mask32((mask32((mask32((mask32(flags0 + 0x60c316f3)) & 0x56154baf)) + 0xbc52893)) & 0x57dbe69e)) | 0x7ed018fb)))) + (mask32((mask32((mask32((mask32((mask32((mask32(flags0 + 0x60c316f3)) & 0x56154baf)) + 0xbc52893)) & 0x57dbe69e)) | 0x7ed018fb)) ^ 0x18426e67)))))) - 0x6535d747)) & 0xffff	flags0;state0;u16_0;u16_2	dumps/vmtail-wide-1m-w16/vm_mba_dispatch_formula_compiler_proofs/dispatch_154_01.smt2	sat\n(\n  (define-fun u16_0 () (_ BitVec 32)\n    #x00004952)\n  (define-fun flags0 () (_ BitVec 32)\n    #x00006a0d)\n  (define-fun u16_2 () (_ BitVec 32)\n    #x00005187)\n  (define-fun state0 () (_ BitVec 32)\n    #xa3d80000)\n)
154	vmop_154_plus0x4_state_add_const_slot_multi_path	slot_multi_path	2	16	128	3	100.0	0	target_binding_validated	compiler_expression_recovered	candidate_refuted	292	185	((((0x9aca28b9u + (u16_2 ^ state0)) + u16_0) - state0) + (((0x60c316f3u + flags0) & 0x56154bafu) | 0x7ed018fbu)) - ((((0x60c316f3u + flags0) & 0x56154bafu) | 0x7ed018fbu) ^ 0x18426e67u)	(mask32((mask32(u16_0 - (mask32((mask32((mask32(state0 - (mask32(u16_2 ^ state0)))) - (mask32((mask32((mask32(flags0 + 0x60c316f3)) & 0x56154baf)) | 0x7ed018fb)))) + (mask32((mask32((mask32((mask32(flags0 + 0x60c316f3)) & 0x56154baf)) | 0x7ed018fb)) ^ 0x18426e67)))))) - 0x6535d747)) & 0xffff	flags0;state0;u16_0;u16_2	dumps/vmtail-wide-1m-w16/vm_mba_dispatch_formula_compiler_proofs/dispatch_154_02.smt2	sat\n(\n  (define-fun u16_0 () (_ BitVec 32)\n    #x000067e9)\n  (define-fun flags0 () (_ BitVec 32)\n    #x00013340)\n  (define-fun u16_2 () (_ BitVec 32)\n    #x0000e79a)\n  (define-fun state0 () (_ BitVec 32)\n    #x03f4ec76)\n)
157	vmop_157_plus0x4_state_add_const_slot_multi_path	slot_multi_path	0	79	128	2	100.0	0	target_binding_validated	compiler_expression_recovered	candidate_refuted	222	136	(((((state0 ^ 0x2f4dfd84u) + u16_2) | 0x1f5cd114u) + u16_0) - (((state0 ^ 0x2f4dfd84u) + u16_2) & (flags0 ^ 0x3d2638afu))) ^ 0x17d39c9fu	(mask32((mask32(u16_0 + (mask32((mask32((mask32((mask32(state0 ^ 0x2f4dfd84)) + u16_2)) | 0x1f5cd114)) - (mask32((mask32(flags0 ^ 0x3d2638af)) & (mask32((mask32(state0 ^ 0x2f4dfd84)) + u16_2)))))))) ^ 0x17d39c9f)) & 0xffff	flags0;state0;u16_0;u16_2	dumps/vmtail-wide-1m-w16/vm_mba_dispatch_formula_compiler_proofs/dispatch_157_00.smt2	sat\n(\n  (define-fun u16_0 () (_ BitVec 32)\n    #x0000da7c)\n  (define-fun flags0 () (_ BitVec 32)\n    #x92f626c0)\n  (define-fun u16_2 () (_ BitVec 32)\n    #x0000cb7d)\n  (define-fun state0 () (_ BitVec 32)\n    #x8aeacc60)\n)
157	vmop_157_plus0x4_state_add_const_slot_multi_path	slot_multi_path	1	49	128	2	100.0	0	target_binding_validated	compiler_expression_recovered	candidate_refuted	245	152	(((((state0 ^ 0x2f4dfd84u) + u16_2) | 0x1f5cd114u) + u16_0) - (((flags0 + 0x3f0d8c6au) ^ 0x3d2638afu) & ((state0 ^ 0x2f4dfd84u) + u16_2))) ^ 0x17d39c9fu	(mask32((mask32(u16_0 + (mask32((mask32((mask32((mask32(state0 ^ 0x2f4dfd84)) + u16_2)) | 0x1f5cd114)) - (mask32((mask32((mask32(flags0 + 0x3f0d8c6a)) ^ 0x3d2638af)) & (mask32((mask32(state0 ^ 0x2f4dfd84)) + u16_2)))))))) ^ 0x17d39c9f)) & 0xffff	flags0;state0;u16_0;u16_2	dumps/vmtail-wide-1m-w16/vm_mba_dispatch_formula_compiler_proofs/dispatch_157_01.smt2	sat\n(\n  (define-fun u16_0 () (_ BitVec 32)\n    #x0000ae6f)\n  (define-fun flags0 () (_ BitVec 32)\n    #x9d7834a9)\n  (define-fun u16_2 () (_ BitVec 32)\n    #x0000597e)\n  (define-fun state0 () (_ BitVec 32)\n    #x9033f27b)\n)
158	vmop_158_plus0x4_state_add_const_slot_multi_path	slot_multi_path	0	79	128	2	100.0	0	target_binding_validated	compiler_expression_recovered	candidate_refuted	162	81	(((((state0 ^ flags0) ^ 0xcedf66u) | 0xfb6049eu) ^ flags0) + u16_2) ^ 0x3ffdb46cu	(mask32((mask32(u16_2 + (mask32((mask32((mask32((mask32(state0 ^ 0x1fbfc3f3)) ^ (mask32(flags0 ^ 0x1f711c95)))) | 0xfb6049e)) ^ flags0)))) ^ 0x3ffdb46c)) & 0xffff	flags0;state0;u16_2	dumps/vmtail-wide-1m-w16/vm_mba_dispatch_formula_compiler_proofs/dispatch_158_00.smt2	sat\n(\n  (define-fun flags0 () (_ BitVec 32)\n    #x00000014)\n  (define-fun u16_2 () (_ BitVec 32)\n    #x0000dae5)\n  (define-fun state0 () (_ BitVec 32)\n    #xf0012b61)\n)
158	vmop_158_plus0x4_state_add_const_slot_multi_path	slot_multi_path	1	49	128	2	100.0	0	target_binding_validated	compiler_expression_recovered	candidate_refuted	208	99	((((((state0 ^ flags0) ^ 0x3cf76f46u) | 0xfb6049eu) ^ flags0) ^ 0x3c39b020u) + u16_2) ^ 0x3ffdb46cu	(mask32((mask32(u16_2 + (mask32((mask32((mask32((mask32(state0 ^ 0x1fbfc3f3)) ^ (mask32((mask32(flags0 ^ 0x3c39b020)) ^ 0x1f711c95)))) | 0xfb6049e)) ^ (mask32(flags0 ^ 0x3c39b020)))))) ^ 0x3ffdb46c)) & 0xffff	flags0;state0;u16_2	dumps/vmtail-wide-1m-w16/vm_mba_dispatch_formula_compiler_proofs/dispatch_158_01.smt2	sat\n(\n  (define-fun flags0 () (_ BitVec 32)\n    #x0c300094)\n  (define-fun u16_2 () (_ BitVec 32)\n    #x0000d7ac)\n  (define-fun state0 () (_ BitVec 32)\n    #xf0012820)\n)
160	vmop_160_plus0x2_state_const_post_slot_multi_path	slot_multi_path	0	128	128	1	100.0	0	target_binding_validated	compiler_expression_recovered	candidate_refuted	148	59	(((state0 & 0x80381u) | 0x521b8b80u) ^ u16_0) - 0x4cf19f11u	(mask32((mask32(u16_0 ^ (mask32((mask32((mask32((mask32(state0 | 0x67f1fed6)) & 0x256c03d7)) | 0x72df8f7a)) & 0x5a1beb81)))) - 0x4cf19f11)) & 0xffff	state0;u16_0	dumps/vmtail-wide-1m-w16/vm_mba_dispatch_formula_compiler_proofs/dispatch_160_00.smt2	sat\n(\n  (define-fun u16_0 () (_ BitVec 32)\n    #x00000000)\n  (define-fun state0 () (_ BitVec 32)\n    #x00000000)\n)
161	vmop_161_plus0x4_state_add_const_slot_multi_path	slot_multi_path	0	128	128	1	100.0	0	target_binding_validated	compiler_expression_recovered	candidate_refuted	79	46	(0x4c0132b4u + (state0 | 0x69145e52u)) + u16_0	(mask32((mask32(u16_0 + (mask32(state0 | 0x69145e52)))) + 0x4c0132b4)) & 0xffff	state0;u16_0	dumps/vmtail-wide-1m-w16/vm_mba_dispatch_formula_compiler_proofs/dispatch_161_00.smt2	sat\n(\n  (define-fun u16_0 () (_ BitVec 32)\n    #x00000000)\n  (define-fun state0 () (_ BitVec 32)\n    #x00000000)\n)
167	vmop_167_plus0x6_state_add_const_slot_mba_stateful	slot_mba_stateful	0	128	128	1	100.0	0	target_binding_validated	compiler_expression_recovered	candidate_refuted	55	29	(state0 ^ u16_4) ^ 0x5f92615u	(mask32((mask32(u16_4 ^ state0)) ^ 0x5f92615)) & 0xffff	state0;u16_4	dumps/vmtail-wide-1m-w16/vm_mba_dispatch_formula_compiler_proofs/dispatch_167_00.smt2	sat\n(\n  (define-fun u16_4 () (_ BitVec 32)\n    #x00000000)\n  (define-fun state0 () (_ BitVec 32)\n    #x00000000)\n)
168	vmop_168_plus0x4_state_add_const_slot_multi_path	slot_multi_path	0	74	128	2	100.0	0	target_binding_validated	compiler_expression_recovered	candidate_refuted	116	67	(0x553030a2u + ((u16_0 + flags0) & (state0 | 0x6899d5d4u))) + u16_2	(mask32((mask32(u16_2 + (mask32((mask32(state0 | 0x6899d5d4)) & (mask32(u16_0 + flags0)))))) + 0x553030a2)) & 0xffff	flags0;state0;u16_0;u16_2	dumps/vmtail-wide-1m-w16/vm_mba_dispatch_formula_compiler_proofs/dispatch_168_00.smt2	sat\n(\n  (define-fun u16_0 () (_ BitVec 32)\n    #x0000bd51)\n  (define-fun flags0 () (_ BitVec 32)\n    #x0d043959)\n  (define-fun u16_2 () (_ BitVec 32)\n    #x000024da)\n  (define-fun state0 () (_ BitVec 32)\n    #x0706080a)\n)
168	vmop_168_plus0x4_state_add_const_slot_multi_path	slot_multi_path	1	54	128	2	100.0	0	target_binding_validated	compiler_expression_recovered	candidate_refuted	162	99	(0x553030a2u + (((0xd1548f27u + (flags0 & 0x66031b5eu)) + u16_0) & (state0 | 0x6899d5d4u))) + u16_2	(mask32((mask32(u16_2 + (mask32((mask32(state0 | 0x6899d5d4)) & (mask32(u16_0 + (mask32((mask32(flags0 & 0x66031b5e)) - 0x2eab70d9)))))))) + 0x553030a2)) & 0xffff	flags0;state0;u16_0;u16_2	dumps/vmtail-wide-1m-w16/vm_mba_dispatch_formula_compiler_proofs/dispatch_168_01.smt2	sat\n(\n  (define-fun u16_0 () (_ BitVec 32)\n    #x00000000)\n  (define-fun flags0 () (_ BitVec 32)\n    #x00000000)\n  (define-fun u16_2 () (_ BitVec 32)\n    #x00000000)\n  (define-fun state0 () (_ BitVec 32)\n    #x00000000)\n)
172	vmop_172_plus0x4_state_add_const_slot_mba_stateful	slot_mba_stateful	0	128	128	1	100.0	0	target_binding_validated	compiler_expression_recovered	proved_equivalent	37	38	((u16_2 & 0xffffu) & 0xffffu) ^ 0xa33u	(mask32(u16_2 ^ 0x715f0a33)) & 0xffff	u16_2	dumps/vmtail-wide-1m-w16/vm_mba_dispatch_formula_compiler_proofs/dispatch_172_00.smt2	"unsat\n(error ""line 7 column 10: model is not available"")"
173	vmop_173_plus0x2_state_add_const_slot_multi_path	slot_multi_path	0	128	128	1	100.0	0	target_binding_validated	compiler_expression_recovered	candidate_refuted	231	147	((((flags0 - ((0x5eced92du + state0) | 0x1f8bac4cu)) & (((0x5eced92du + state0) ^ 0x456d7018u) | 0xebbbd20u)) & 0x74128b65u) ^ u16_0) + 0x1f118051u	(mask32((mask32(u16_0 ^ (mask32((mask32((mask32((mask32(state0 + 0x5eced92d)) ^ 0x456d7018)) | 0xebbbd20)) & (mask32((mask32(flags0 - (mask32((mask32(state0 + 0x5eced92d)) | 0x1f8bac4c)))) & 0x74128b65)))))) + 0x1f118051)) & 0xffff	flags0;state0;u16_0	dumps/vmtail-wide-1m-w16/vm_mba_dispatch_formula_compiler_proofs/dispatch_173_00.smt2	sat\n(\n  (define-fun u16_0 () (_ BitVec 32)\n    #x00000000)\n  (define-fun flags0 () (_ BitVec 32)\n    #x00000000)\n  (define-fun state0 () (_ BitVec 32)\n    #x00000000)\n)
174	vmop_174_plus0x4_state_add_const_slot_mba_stateful	slot_mba_stateful	0	128	128	1	100.0	0	target_binding_validated	compiler_expression_recovered	candidate_refuted	155	95	(0x397fd954u + (((((0xffffffffu + flags0) - state0) & flags0) + flags0) ^ 0x5fa9d2b1u)) + u16_0	(mask32((mask32(u16_0 + (mask32((mask32((mask32((mask32((mask32(state0 - flags0)) & flags0)) ^ flags0)) + flags0)) ^ 0x5fa9d2b1)))) + 0x397fd954)) & 0xffff	flags0;state0;u16_0	dumps/vmtail-wide-1m-w16/vm_mba_dispatch_formula_compiler_proofs/dispatch_174_00.smt2	sat\n(\n  (define-fun u16_0 () (_ BitVec 32)\n    #x000002ad)\n  (define-fun flags0 () (_ BitVec 32)\n    #xf9fcab78)\n  (define-fun state0 () (_ BitVec 32)\n    #xfa1c06c8)\n)
176	vmop_176_plus0x4_state_add_const_slot_multi_path	slot_multi_path	0	78	128	2	100.0	0	target_binding_validated	compiler_expression_recovered	candidate_refuted	117	30	(u16_2 - flags0) ^ 0x37839d72u	(mask32((mask32(u16_2 - (mask32((mask32((mask32(state0 & flags0)) & 0x2c46ace3)) | flags0)))) ^ 0x37839d72)) & 0xffff	flags0;state0;u16_2	dumps/vmtail-wide-1m-w16/vm_mba_dispatch_formula_compiler_proofs/dispatch_176_00.smt2	sat\n(\n  (define-fun flags0 () (_ BitVec 32)\n    #x00020000)\n  (define-fun u16_2 () (_ BitVec 32)\n    #x00000000)\n  (define-fun state0 () (_ BitVec 32)\n    #x00000000)\n)
176	vmop_176_plus0x4_state_add_const_slot_multi_path	slot_multi_path	1	50	128	2	100.0	0	target_binding_validated	compiler_expression_recovered	candidate_refuted	140	84	(u16_2 - (((state0 & flags0) & 0x2c46ace3u) | (flags0 - 0x14b22a15u))) ^ 0x37839d72u	(mask32((mask32(u16_2 - (mask32((mask32((mask32(state0 & flags0)) & 0x2c46ace3)) | (mask32(flags0 - 0x14b22a15)))))) ^ 0x37839d72)) & 0xffff	flags0;state0;u16_2	dumps/vmtail-wide-1m-w16/vm_mba_dispatch_formula_compiler_proofs/dispatch_176_01.smt2	sat\n(\n  (define-fun flags0 () (_ BitVec 32)\n    #x383d1004)\n  (define-fun state0 () (_ BitVec 32)\n    #xfffbfbfe)\n  (define-fun u16_2 () (_ BitVec 32)\n    #x0000ffff)\n)
179	vmop_179_plus0x5_state_add_const_slot_multi_path	slot_multi_path	0	128	128	1	100.0	0	target_binding_validated	compiler_expression_recovered	candidate_refuted	135	78	(u16_1 - 0x263c3887u) - (((state0 | flags0) ^ (flags0 + 0x7ef33dc5u)) ^ u16_3)	(mask32((mask32(u16_1 - (mask32((mask32(state0 | flags0)) ^ (mask32(u16_3 ^ (mask32(flags0 + 0x7ef33dc5)))))))) - 0x263c3887)) & 0xffff	flags0;state0;u16_1;u16_3	dumps/vmtail-wide-1m-w16/vm_mba_dispatch_formula_compiler_proofs/dispatch_179_00.smt2	sat\n(\n  (define-fun flags0 () (_ BitVec 32)\n    #x805ce300)\n  (define-fun u16_1 () (_ BitVec 32)\n    #x0000dc84)\n  (define-fun u16_3 () (_ BitVec 32)\n    #x0000d68a)\n  (define-fun state0 () (_ BitVec 32)\n    #x4f813403)\n)
180	vmop_180_plus0x4_state_mixed_slot_mba_stateful	slot_mba_stateful	0	128	128	1	100.0	0	target_binding_validated	compiler_expression_recovered	candidate_refuted	37	19	u16_0 + 0x7920fa05u	(mask32(u16_0 + 0x7920fa05)) & 0xffff	u16_0	dumps/vmtail-wide-1m-w16/vm_mba_dispatch_formula_compiler_proofs/dispatch_180_00.smt2	sat\n(\n  (define-fun u16_0 () (_ BitVec 32)\n    #x00000000)\n)
181	vmop_181_plus0x6_state_add_const_slot_mba_stateful	slot_mba_stateful	0	128	128	1	100.0	0	target_binding_validated	compiler_expression_recovered	candidate_refuted	33	14	u16_4 - state0	(mask32(u16_4 - state0)) & 0xffff	state0;u16_4	dumps/vmtail-wide-1m-w16/vm_mba_dispatch_formula_compiler_proofs/dispatch_181_00.smt2	sat\n(\n  (define-fun u16_4 () (_ BitVec 32)\n    #x000001ff)\n  (define-fun state0 () (_ BitVec 32)\n    #x00010201)\n)
183	vmop_183_plus0x4_state_add_const_slot_mba_stateful	slot_mba_stateful	0	128	128	1	100.0	0	target_binding_validated	compiler_expression_recovered	candidate_refuted	101	61	(u16_2 - 0x1aed554cu) - ((state0 + 0xfaa325cu) ^ 0x694e1f66u)	(mask32((mask32(u16_2 - (mask32((mask32(state0 + 0xfaa325c)) ^ 0x694e1f66)))) - 0x1aed554c)) & 0xffff	state0;u16_2	dumps/vmtail-wide-1m-w16/vm_mba_dispatch_formula_compiler_proofs/dispatch_183_00.smt2	sat\n(\n  (define-fun u16_2 () (_ BitVec 32)\n    #x0000fde6)\n  (define-fun state0 () (_ BitVec 32)\n    #x05d00118)\n)
184	vmop_184_plus0x4_state_add_const_slot_multi_path	slot_multi_path	0	128	128	1	100.0	0	target_binding_validated	compiler_expression_recovered	candidate_refuted	219	132	(u16_0 + 0x3f05b2f0u) - ((((((state0 | flags0) | 0x19d0d4du) + 0x3c030b15u) ^ ((0x7db9efb0u + flags0) ^ flags0)) - flags0) ^ flags0)	(mask32((mask32(u16_0 - (mask32((mask32((mask32((mask32((mask32((mask32(state0 | (mask32(flags0 | 0x19d0d4d)))) + 0x3c030b15)) ^ (mask32(flags0 + 0x7db9efb0)))) ^ flags0)) - flags0)) ^ flags0)))) + 0x3f05b2f0)) & 0xffff	flags0;state0;u16_0	dumps/vmtail-wide-1m-w16/vm_mba_dispatch_formula_compiler_proofs/dispatch_184_00.smt2	sat\n(\n  (define-fun u16_0 () (_ BitVec 32)\n    #x0000e184)\n  (define-fun flags0 () (_ BitVec 32)\n    #xc0280000)\n  (define-fun state0 () (_ BitVec 32)\n    #x7e207230)\n)
185	vmop_185_plus0x3_state_add_const_slot_multi_path	slot_multi_path	0	128	128	1	100.0	0	target_binding_validated	compiler_expression_recovered	candidate_refuted	253	146	((((state0 ^ (flags0 | 0x17e55682u)) ^ 0x2000c224u) & 0x1f29f35u) + ((((flags0 | 0x17e55682u) + 0x28030c24u) | 0x7fa981au) ^ 0x6ea8f721u)) ^ u16_0	(mask32(u16_0 ^ (mask32((mask32((mask32((mask32(state0 ^ (mask32(flags0 | 0x17e55682)))) ^ 0x2000c224)) & 0x1f29f35)) + (mask32((mask32((mask32((mask32((mask32(flags0 | 0x17e55682)) + 0x28030c24)) ^ 0x30d03eec)) | 0x7fa981a)) ^ 0x5ea8d1c5)))))) & 0xffff	flags0;state0;u16_0	dumps/vmtail-wide-1m-w16/vm_mba_dispatch_formula_compiler_proofs/dispatch_185_00.smt2	sat\n(\n  (define-fun u16_0 () (_ BitVec 32)\n    #x00000000)\n  (define-fun flags0 () (_ BitVec 32)\n    #x2000201c)\n  (define-fun state0 () (_ BitVec 32)\n    #x01520b05)\n)
186	vmop_186_plus0x5_state_add_const_slot_mba_stateful	slot_mba_stateful	0	29	29	1	100.0	0	target_binding_validated	compiler_expression_recovered	candidate_refuted	56	30	(state0 + u16_3) + 0x72198f10u	(mask32((mask32(u16_3 + state0)) + 0x72198f10)) & 0xffff	state0;u16_3	dumps/vmtail-wide-1m-w16/vm_mba_dispatch_formula_compiler_proofs/dispatch_186_00.smt2	sat\n(\n  (define-fun u16_3 () (_ BitVec 32)\n    #x0000fb38)\n  (define-fun state0 () (_ BitVec 32)\n    #x1de5b87a)\n)
187	vmop_187_plus0x5_state_add_const_slot_mba_stateful	slot_mba_stateful	0	5	5	1	100.0	0	target_binding_validated	compiler_expression_recovered	candidate_refuted	33	14	u16_3 - state0	(mask32(u16_3 - state0)) & 0xffff	state0;u16_3	dumps/vmtail-wide-1m-w16/vm_mba_dispatch_formula_compiler_proofs/dispatch_187_00.smt2	sat\n(\n  (define-fun u16_3 () (_ BitVec 32)\n    #x000001ff)\n  (define-fun state0 () (_ BitVec 32)\n    #x00010201)\n)
189	vmop_189_plus0x4_state_add_const_slot_mba_stateful	slot_mba_stateful	0	128	128	1	100.0	0	target_binding_validated	compiler_expression_recovered	candidate_refuted	79	46	((state0 & 0x160e4f34u) + u16_2) ^ 0x2a1ce984u	(mask32((mask32(u16_2 + (mask32(state0 & 0x160e4f34)))) ^ 0x2a1ce984)) & 0xffff	state0;u16_2	dumps/vmtail-wide-1m-w16/vm_mba_dispatch_formula_compiler_proofs/dispatch_189_00.smt2	sat\n(\n  (define-fun u16_2 () (_ BitVec 32)\n    #x00000000)\n  (define-fun state0 () (_ BitVec 32)\n    #x00000000)\n)
190	vmop_190_plus0x5_state_add_const_slot_mba_stateful	slot_mba_stateful	0	81	81	1	100.0	0	target_binding_validated	compiler_expression_recovered	candidate_refuted	56	30	(state0 + u16_3) + 0x20f4b909u	(mask32((mask32(u16_3 + state0)) + 0x20f4b909)) & 0xffff	state0;u16_3	dumps/vmtail-wide-1m-w16/vm_mba_dispatch_formula_compiler_proofs/dispatch_190_00.smt2	sat\n(\n  (define-fun u16_3 () (_ BitVec 32)\n    #x000068b6)\n  (define-fun state0 () (_ BitVec 32)\n    #x38279eb5)\n)
192	vmop_192_plus0x5_state_add_const_slot_multi_path	slot_multi_path	0	118	128	2	100.0	0	target_binding_validated	compiler_expression_recovered	candidate_refuted	396	147	((state0 + flags0) + ((((((((state0 + flags0) ^ 0x5d641cd7u) + flags0) | 0x76a1e6e7u) ^ 0x1ea5bfdcu) & 0x4f4379b7u) | 0x563159ceu) * 0x2u)) ^ u16_0	(mask32(u16_0 ^ (mask32((mask32((mask32(state0 + flags0)) + (mask32((mask32((mask32((mask32((mask32(flags0 + (mask32((mask32(state0 + flags0)) ^ 0x5d641cd7)))) | 0x76a1e6e7)) ^ 0x1ea5bfdc)) & 0x4f4379b7)) | 0x563159ce)))) + (mask32((mask32((mask32((mask32((mask32(flags0 + (mask32((mask32(state0 + flags0)) ^ 0x5d641cd7)))) | 0x76a1e6e7)) ^ 0x1ea5bfdc)) & 0x4f4379b7)) | 0x563159ce)))))) & 0xffff	flags0;state0;u16_0	dumps/vmtail-wide-1m-w16/vm_mba_dispatch_formula_compiler_proofs/dispatch_192_00.smt2	sat\n(\n  (define-fun u16_0 () (_ BitVec 32)\n    #x00007820)\n  (define-fun flags0 () (_ BitVec 32)\n    #xc849e6d7)\n  (define-fun state0 () (_ BitVec 32)\n    #x837aa5ac)\n)
192	vmop_192_plus0x5_state_add_const_slot_multi_path	slot_multi_path	1	10	128	2	100.0	0	target_binding_validated	compiler_expression_recovered	candidate_refuted	212	83	((state0 + flags0) + ((((state0 + flags0) ^ 0x5d641cd7u) + flags0) * 0x2u)) ^ u16_0	(mask32(u16_0 ^ (mask32((mask32((mask32(state0 + flags0)) + (mask32(flags0 + (mask32((mask32(state0 + flags0)) ^ 0x5d641cd7)))))) + (mask32(flags0 + (mask32((mask32(state0 + flags0)) ^ 0x5d641cd7)))))))) & 0xffff	flags0;state0;u16_0	dumps/vmtail-wide-1m-w16/vm_mba_dispatch_formula_compiler_proofs/dispatch_192_01.smt2	sat\n(\n  (define-fun u16_0 () (_ BitVec 32)\n    #x00000000)\n  (define-fun flags0 () (_ BitVec 32)\n    #x4bf1f86b)\n  (define-fun state0 () (_ BitVec 32)\n    #x0f17df95)\n)
196	vmop_196_plus0x4_state_add_const_slot_multi_path	slot_multi_path	0	128	128	1	100.0	0	target_binding_validated	compiler_expression_recovered	candidate_refuted	454	282	(0x64aaf8bau + (((0x32c4b127u + (((flags0 | 0x4083ed99u) & ((state0 | 0x52e5924au) ^ 0x20047816u)) & 0x7ca762c5u)) + (((0x65c8837eu + (state0 | 0x52e5924au)) + (((flags0 | 0x4083ed99u) & ((state0 | 0x52e5924au) ^ 0x20047816u)) & 0x7ca762c5u)) ^ 0x44fb7fdbu)) & 0x7c737923u)) + u16_2	(mask32((mask32(u16_2 + (mask32((mask32((mask32((mask32((mask32((mask32((mask32(state0 | 0x52e5924a)) + (mask32((mask32((mask32(flags0 | 0x4083ed99)) & (mask32((mask32(state0 | 0x52e5924a)) ^ 0x20047816)))) & 0x7ca762c5)))) + 0x37b5a024)) + 0x2e12e35a)) ^ 0x44fb7fdb)) + (mask32((mask32((mask32((mask32(flags0 | 0x4083ed99)) & (mask32((mask32(state0 | 0x52e5924a)) ^ 0x20047816)))) & 0x7ca762c5)) + 0x32c4b127)))) & 0x7c737923)))) + 0x64aaf8ba)) & 0xffff	flags0;state0;u16_2	dumps/vmtail-wide-1m-w16/vm_mba_dispatch_formula_compiler_proofs/dispatch_196_00.smt2	sat\n(\n  (define-fun flags0 () (_ BitVec 32)\n    #x0c000244)\n  (define-fun u16_2 () (_ BitVec 32)\n    #x0000e364)\n  (define-fun state0 () (_ BitVec 32)\n    #x04002484)\n)
198	vmop_198_plus0x2_state_add_const_slot_mba_stateful	slot_mba_stateful	0	128	128	1	100.0	0	target_binding_validated	compiler_expression_recovered	candidate_refuted	163	68	((((u16_0 - 0x7acb7eb7u) - flags0) - state0) - flags0) ^ 0x3fe99379u	(mask32((mask32(u16_0 - (mask32((mask32((mask32(state0 + (mask32(flags0 - 0x5e173fc7)))) - 0x3cd02127)) + (mask32(flags0 + 0x15b2dfa5)))))) ^ 0x3fe99379)) & 0xffff	flags0;state0;u16_0	dumps/vmtail-wide-1m-w16/vm_mba_dispatch_formula_compiler_proofs/dispatch_198_00.smt2	sat\n(\n  (define-fun u16_0 () (_ BitVec 32)\n    #x0000eaf2)\n  (define-fun flags0 () (_ BitVec 32)\n    #x398ffe8f)\n  (define-fun state0 () (_ BitVec 32)\n    #x84bd95d0)\n)
199	vmop_199_plus0x3_state_add_const_slot_multi_path	slot_multi_path	0	106	128	2	100.0	0	target_binding_validated	compiler_expression_recovered	candidate_refuted	154	90	((((((state0 + flags0) + b2) ^ 0x7e708197u) & 0x20d5418u) + flags0) ^ u16_0) + 0x3030bb89u	(mask32((mask32(u16_0 ^ (mask32((mask32((mask32((mask32(state0 + (mask32(b2 + flags0)))) ^ 0x7e708197)) & 0x20d5418)) + flags0)))) + 0x3030bb89)) & 0xffff	b2;flags0;state0;u16_0	dumps/vmtail-wide-1m-w16/vm_mba_dispatch_formula_compiler_proofs/dispatch_199_00.smt2	sat\n(\n  (define-fun b2 () (_ BitVec 32)\n    #x0000000f)\n  (define-fun u16_0 () (_ BitVec 32)\n    #x0000f26c)\n  (define-fun flags0 () (_ BitVec 32)\n    #x45d755eb)\n  (define-fun state0 () (_ BitVec 32)\n    #x039955f1)\n)
199	vmop_199_plus0x3_state_add_const_slot_multi_path	slot_multi_path	1	22	128	2	100.0	0	target_binding_validated	compiler_expression_recovered	candidate_refuted	246	154	(((0xdb2ecd76u + (flags0 ^ 0x7353b039u)) + ((((0xdb2ecd76u + (flags0 ^ 0x7353b039u)) + (b2 + state0)) ^ 0x7e708197u) & 0x20d5418u)) ^ u16_0) + 0x3030bb89u	(mask32((mask32(u16_0 ^ (mask32((mask32((mask32((mask32(state0 + (mask32(b2 + (mask32((mask32(flags0 ^ 0x7353b039)) - 0x24d1328a)))))) ^ 0x7e708197)) & 0x20d5418)) + (mask32((mask32(flags0 ^ 0x7353b039)) - 0x24d1328a)))))) + 0x3030bb89)) & 0xffff	b2;flags0;state0;u16_0	dumps/vmtail-wide-1m-w16/vm_mba_dispatch_formula_compiler_proofs/dispatch_199_01.smt2	sat\n(\n  (define-fun b2 () (_ BitVec 32)\n    #x00000000)\n  (define-fun u16_0 () (_ BitVec 32)\n    #x00000604)\n  (define-fun flags0 () (_ BitVec 32)\n    #xf9ffc4bd)\n  (define-fun state0 () (_ BitVec 32)\n    #x02c02240)\n)
201	vmop_201_plus0x5_state_add_const_slot_mba_stateful	slot_mba_stateful	0	128	128	1	100.0	0	target_binding_validated	compiler_expression_recovered	candidate_refuted	36	18	u16_2 - 0x289c039u	(mask32(u16_2 - 0x289c039)) & 0xffff	u16_2	dumps/vmtail-wide-1m-w16/vm_mba_dispatch_formula_compiler_proofs/dispatch_201_00.smt2	sat\n(\n  (define-fun u16_2 () (_ BitVec 32)\n    #x00000000)\n)
203	vmop_203_plus0x4_state_add_const_slot_mba_stateful	slot_mba_stateful	0	128	128	1	100.0	0	target_binding_validated	compiler_expression_recovered	proved_equivalent	37	39	((u16_0 & 0xffffu) & 0xffffu) ^ 0x9807u	(mask32(u16_0 ^ 0x4ccb9807)) & 0xffff	u16_0	dumps/vmtail-wide-1m-w16/vm_mba_dispatch_formula_compiler_proofs/dispatch_203_00.smt2	"unsat\n(error ""line 7 column 10: model is not available"")"
208	vmop_208_plus0x5_state_add_const_slot_multi_path	slot_multi_path	0	50	128	4	100.0	0	target_binding_validated	compiler_expression_recovered	candidate_refuted	893	367	u16_3 - ((((((((((flags0 - 0x24472ebau) ^ 0x60ff2036u) + 0x332c50c8u) ^ ((0x7ad87935u + state0) ^ (state0 | 0x7a909dc0u))) ^ 0x611d5d81u) | 0x7be050bu) - 0x790391ceu) & 0x37c3d0a5u) | 0x73f21f4du) & ((((((((flags0 - 0x24472ebau) ^ 0x60ff2036u) + 0x332c50c8u) ^ ((0x7ad87935u + state0) ^ (state0 | 0x7a909dc0u))) ^ 0x9ee2a27eu) & 0x1477a707u) + state0) | 0x72f7690fu))	(mask32(u16_3 - (mask32((mask32((mask32((mask32(state0 + (mask32((mask32((mask32((mask32((mask32((mask32((mask32((mask32((mask32(flags0 - 0x24472eba)) ^ 0x60ff2036)) + 0x7627b830)) - 0x42fb6768)) ^ (mask32(state0 + 0x7ad87935)))) ^ 0x39b69246)) ^ (mask32(state0 | 0x7a909dc0)))) ^ 0x58abcfc7)) | 0x1477a707)))) - (mask32((mask32((mask32((mask32((mask32((mask32((mask32((mask32(flags0 - 0x24472eba)) ^ 0x60ff2036)) + 0x7627b830)) - 0x42fb6768)) ^ (mask32(state0 + 0x7ad87935)))) ^ 0x39b69246)) ^ (mask32(state0 | 0x7a909dc0)))) ^ 0x58abcfc7)))) | 0x72f7690f)) & (mask32((mask32((mask32((mask32((mask32((mask32((mask32((mask32((mask32((mask32((mask32((mask32(flags0 - 0x24472eba)) ^ 0x60ff2036)) + 0x7627b830)) - 0x42fb6768)) ^ (mask32(state0 + 0x7ad87935)))) ^ 0x39b69246)) ^ (mask32(state0 | 0x7a909dc0)))) ^ 0x58abcfc7)) | 0x7be050b)) - 0x790391ce)) & 0x37c3d0a5)) | 0x73f21f4d)))))) & 0xffff	flags0;state0;u16_3	dumps/vmtail-wide-1m-w16/vm_mba_dispatch_formula_compiler_proofs/dispatch_208_00.smt2	sat\n(\n  (define-fun flags0 () (_ BitVec 32)\n    #x00000000)\n  (define-fun u16_3 () (_ BitVec 32)\n    #x00000000)\n  (define-fun state0 () (_ BitVec 32)\n    #x00000000)\n)
208	vmop_208_plus0x5_state_add_const_slot_multi_path	slot_multi_path	1	49	128	4	100.0	0	target_binding_validated	compiler_expression_recovered	candidate_refuted	572	240	u16_3 - ((((((((0x7ad87935u + state0) ^ (state0 | 0x7a909dc0u)) ^ flags0) ^ 0x9ee2a27eu) & 0x1477a707u) + state0) | 0x72f7690fu) & ((((((0x7ad87935u + state0) ^ (state0 | 0x7a909dc0u)) ^ flags0) ^ 0x611d5d81u) & 0x37c3d0a5u) | 0x73f21f4du))	(mask32(u16_3 - (mask32((mask32((mask32((mask32(state0 + (mask32((mask32((mask32((mask32((mask32(flags0 ^ (mask32(state0 + 0x7ad87935)))) ^ 0x39b69246)) ^ (mask32(state0 | 0x7a909dc0)))) ^ 0x58abcfc7)) | 0x1477a707)))) - (mask32((mask32((mask32((mask32(flags0 ^ (mask32(state0 + 0x7ad87935)))) ^ 0x39b69246)) ^ (mask32(state0 | 0x7a909dc0)))) ^ 0x58abcfc7)))) | 0x72f7690f)) & (mask32((mask32((mask32((mask32((mask32((mask32(flags0 ^ (mask32(state0 + 0x7ad87935)))) ^ 0x39b69246)) ^ (mask32(state0 | 0x7a909dc0)))) ^ 0x58abcfc7)) & 0x37c3d0a5)) | 0x73f21f4d)))))) & 0xffff	flags0;state0;u16_3	dumps/vmtail-wide-1m-w16/vm_mba_dispatch_formula_compiler_proofs/dispatch_208_01.smt2	sat\n(\n  (define-fun flags0 () (_ BitVec 32)\n    #x00000000)\n  (define-fun u16_3 () (_ BitVec 32)\n    #x00000000)\n  (define-fun state0 () (_ BitVec 32)\n    #x00000000)\n)
208	vmop_208_plus0x5_state_add_const_slot_multi_path	slot_multi_path	2	23	128	4	100.0	0	target_binding_validated	compiler_expression_recovered	candidate_refuted	617	271	u16_3 - (((((((((0x7ad87935u + state0) ^ (state0 | 0x7a909dc0u)) ^ flags0) ^ 0x611d5d81u) | 0x7be050bu) - 0x790391ceu) & 0x37c3d0a5u) | 0x73f21f4du) & (((((((0x7ad87935u + state0) ^ (state0 | 0x7a909dc0u)) ^ flags0) ^ 0x9ee2a27eu) & 0x1477a707u) + state0) | 0x72f7690fu))	(mask32(u16_3 - (mask32((mask32((mask32((mask32(state0 + (mask32((mask32((mask32((mask32((mask32(flags0 ^ (mask32(state0 + 0x7ad87935)))) ^ 0x39b69246)) ^ (mask32(state0 | 0x7a909dc0)))) ^ 0x58abcfc7)) | 0x1477a707)))) - (mask32((mask32((mask32((mask32(flags0 ^ (mask32(state0 + 0x7ad87935)))) ^ 0x39b69246)) ^ (mask32(state0 | 0x7a909dc0)))) ^ 0x58abcfc7)))) | 0x72f7690f)) & (mask32((mask32((mask32((mask32((mask32((mask32((mask32((mask32(flags0 ^ (mask32(state0 + 0x7ad87935)))) ^ 0x39b69246)) ^ (mask32(state0 | 0x7a909dc0)))) ^ 0x58abcfc7)) | 0x7be050b)) - 0x790391ce)) & 0x37c3d0a5)) | 0x73f21f4d)))))) & 0xffff	flags0;state0;u16_3	dumps/vmtail-wide-1m-w16/vm_mba_dispatch_formula_compiler_proofs/dispatch_208_02.smt2	sat\n(\n  (define-fun flags0 () (_ BitVec 32)\n    #x00000000)\n  (define-fun u16_3 () (_ BitVec 32)\n    #x00000000)\n  (define-fun state0 () (_ BitVec 32)\n    #x00000000)\n)
208	vmop_208_plus0x5_state_add_const_slot_multi_path	slot_multi_path	3	6	128	4	100.0	0	target_binding_validated	compiler_expression_recovered	candidate_refuted	848	336	u16_3 - (((((((((flags0 - 0x24472ebau) ^ 0x60ff2036u) + 0x332c50c8u) ^ ((0x7ad87935u + state0) ^ (state0 | 0x7a909dc0u))) ^ 0x9ee2a27eu) & 0x1477a707u) + state0) | 0x72f7690fu) & (((((((flags0 - 0x24472ebau) ^ 0x60ff2036u) + 0x332c50c8u) ^ ((0x7ad87935u + state0) ^ (state0 | 0x7a909dc0u))) ^ 0x611d5d81u) & 0x37c3d0a5u) | 0x73f21f4du))	(mask32(u16_3 - (mask32((mask32((mask32((mask32(state0 + (mask32((mask32((mask32((mask32((mask32((mask32((mask32((mask32((mask32(flags0 - 0x24472eba)) ^ 0x60ff2036)) + 0x7627b830)) - 0x42fb6768)) ^ (mask32(state0 + 0x7ad87935)))) ^ 0x39b69246)) ^ (mask32(state0 | 0x7a909dc0)))) ^ 0x58abcfc7)) | 0x1477a707)))) - (mask32((mask32((mask32((mask32((mask32((mask32((mask32((mask32(flags0 - 0x24472eba)) ^ 0x60ff2036)) + 0x7627b830)) - 0x42fb6768)) ^ (mask32(state0 + 0x7ad87935)))) ^ 0x39b69246)) ^ (mask32(state0 | 0x7a909dc0)))) ^ 0x58abcfc7)))) | 0x72f7690f)) & (mask32((mask32((mask32((mask32((mask32((mask32((mask32((mask32((mask32((mask32(flags0 - 0x24472eba)) ^ 0x60ff2036)) + 0x7627b830)) - 0x42fb6768)) ^ (mask32(state0 + 0x7ad87935)))) ^ 0x39b69246)) ^ (mask32(state0 | 0x7a909dc0)))) ^ 0x58abcfc7)) & 0x37c3d0a5)) | 0x73f21f4d)))))) & 0xffff	flags0;state0;u16_3	dumps/vmtail-wide-1m-w16/vm_mba_dispatch_formula_compiler_proofs/dispatch_208_03.smt2	sat\n(\n  (define-fun flags0 () (_ BitVec 32)\n    #x00000000)\n  (define-fun u16_3 () (_ BitVec 32)\n    #x00000000)\n  (define-fun state0 () (_ BitVec 32)\n    #x00000000)\n)
209	vmop_209_plus0x5_state_add_const_slot_multi_path	slot_multi_path	0	1	1	1	100.0	0	target_binding_validated	compiler_expression_recovered	candidate_refuted	75	41	((flags0 | 0x22939484u) & state0) ^ u16_0	(mask32(u16_0 ^ (mask32(state0 & (mask32(flags0 | 0x22939484)))))) & 0xffff	flags0;state0;u16_0	dumps/vmtail-wide-1m-w16/vm_mba_dispatch_formula_compiler_proofs/dispatch_209_00.smt2	sat\n(\n  (define-fun u16_0 () (_ BitVec 32)\n    #x00000000)\n  (define-fun flags0 () (_ BitVec 32)\n    #x596c0000)\n  (define-fun state0 () (_ BitVec 32)\n    #x596c0000)\n)
214	vmop_214_plus0x5_state_add_const_slot_multi_path	slot_multi_path	0	4	4	1	100.0	0	target_binding_validated	compiler_expression_recovered	candidate_refuted	322	159	(0x59268477u + (((((state0 ^ (0x784f7133u + flags0)) ^ 0x7e64782u) & 0x5bda5c23u) + 0x352ca91cu) | (((0x784f7133u + flags0) & 0x1029u) - 0x50327b68u))) + u16_0	(mask32((mask32(u16_0 + (mask32((mask32((mask32((mask32((mask32((mask32(state0 ^ (mask32(flags0 + 0x784f7133)))) ^ 0x7e64782)) & 0x5bda5c23)) + 0x352ca91c)) | (mask32((mask32((mask32((mask32((mask32(flags0 + 0x784f7133)) & 0x4cc9d7b)) & 0x79233229)) - 0x234dc07a)) - 0x2ce4baee)))) - 0x3231759e)))) - 0x74a805eb)) & 0xffff	flags0;state0;u16_0	dumps/vmtail-wide-1m-w16/vm_mba_dispatch_formula_compiler_proofs/dispatch_214_00.smt2	sat\n(\n  (define-fun u16_0 () (_ BitVec 32)\n    #x00000000)\n  (define-fun flags0 () (_ BitVec 32)\n    #x00000000)\n  (define-fun state0 () (_ BitVec 32)\n    #x00000000)\n)
216	vmop_216_plus0xa_state_preserve_slot_mba_stateful	slot_mba_stateful	0	112	112	1	0.0	112	target_binding_not_validated	compiler_expression_recovered	candidate_refuted	52	25	u16_1 - (state0 ^ flags0)	(mask32(u16_1 - (mask32(state0 ^ flags0)))) & 0xffff	flags0;state0;u16_1	dumps/vmtail-wide-1m-w16/vm_mba_dispatch_formula_compiler_proofs/dispatch_216_00.smt2	sat\n(\n  (define-fun flags0 () (_ BitVec 32)\n    #x00000000)\n  (define-fun u16_1 () (_ BitVec 32)\n    #x00000000)\n  (define-fun state0 () (_ BitVec 32)\n    #xffff0000)\n)
217	vmop_217_plus0x5_state_add_const_slot_mba_stateful	slot_mba_stateful	0	128	128	1	100.0	0	target_binding_validated	compiler_expression_recovered	candidate_refuted	52	25	u16_1 - (state0 ^ flags0)	(mask32(u16_1 - (mask32(state0 ^ flags0)))) & 0xffff	flags0;state0;u16_1	dumps/vmtail-wide-1m-w16/vm_mba_dispatch_formula_compiler_proofs/dispatch_217_00.smt2	sat\n(\n  (define-fun flags0 () (_ BitVec 32)\n    #x00000000)\n  (define-fun u16_1 () (_ BitVec 32)\n    #x00000000)\n  (define-fun state0 () (_ BitVec 32)\n    #xffff0000)\n)
220	vmop_220_plus0x5_state_add_const_slot_multi_path	slot_multi_path	0	128	128	1	100.0	0	target_binding_validated	compiler_expression_recovered	candidate_refuted	223	122	(((flags0 + u16_3) - 0x66966a9cu) - ((state0 | flags0) & 0x4297c9ddu)) - (((state0 | flags0) + 0x46462807u) & 0x2332d827u)	(mask32((mask32(u16_3 - (mask32((mask32((mask32((mask32((mask32(state0 | flags0)) + 0x46462807)) & 0x2332d827)) - (mask32(flags0 - (mask32((mask32(state0 | flags0)) & 0x4297c9dd)))))) + 0x6f8e6e16)))) + 0x8f8037a)) & 0xffff	flags0;state0;u16_3	dumps/vmtail-wide-1m-w16/vm_mba_dispatch_formula_compiler_proofs/dispatch_220_00.smt2	sat\n(\n  (define-fun flags0 () (_ BitVec 32)\n    #x3b787d99)\n  (define-fun u16_3 () (_ BitVec 32)\n    #x0000938c)\n  (define-fun state0 () (_ BitVec 32)\n    #x08884021)\n)
222	vmop_222_plus0x5_state_add_const_slot_multi_path	slot_multi_path	0	95	128	2	100.0	0	target_binding_validated	compiler_expression_recovered	candidate_refuted	307	175	(0xedf416ebu + ((((u16_0 + flags0) - (((flags0 | 0x11da3648u) + state0) & 0x169ceafau)) & (((flags0 | 0x11da3648u) + state0) & 0x169ceafau)) | 0x39a63024u)) + (flags0 + u16_2)	(mask32((mask32(u16_2 + (mask32((mask32((mask32((mask32((mask32(state0 + (mask32(flags0 | 0x11da3648)))) & 0x169ceafa)) & (mask32((mask32(u16_0 - (mask32((mask32(state0 + (mask32(flags0 | 0x11da3648)))) & 0x169ceafa)))) + flags0)))) | 0x39a63024)) + (mask32(flags0 + 0x17d780ca)))))) - 0x29e369df)) & 0xffff	flags0;state0;u16_0;u16_2	dumps/vmtail-wide-1m-w16/vm_mba_dispatch_formula_compiler_proofs/dispatch_222_00.smt2	sat\n(\n  (define-fun u16_0 () (_ BitVec 32)\n    #x0000013d)\n  (define-fun flags0 () (_ BitVec 32)\n    #x586540cd)\n  (define-fun u16_2 () (_ BitVec 32)\n    #x00003f96)\n  (define-fun state0 () (_ BitVec 32)\n    #x0084e07a)\n)
222	vmop_222_plus0x5_state_add_const_slot_multi_path	slot_multi_path	1	33	128	2	100.0	0	target_binding_validated	compiler_expression_recovered	candidate_refuted	491	207	((((u16_0 + (flags0 | 0x7fffff6fu)) - (((flags0 | 0x11da3648u) + state0) & 0x169ceafau)) & (((flags0 | 0x11da3648u) + state0) & 0x169ceafau)) | 0x39a63024u) + ((0xedf416ebu + (flags0 | 0x7fffff6fu)) + u16_2)	(mask32((mask32(u16_2 + (mask32((mask32((mask32((mask32((mask32(state0 + (mask32(flags0 | 0x11da3648)))) & 0x169ceafa)) & (mask32((mask32(u16_0 - (mask32((mask32(state0 + (mask32(flags0 | 0x11da3648)))) & 0x169ceafa)))) + (mask32((mask32((mask32((mask32(flags0 | 0x5b15ab43)) | 0x4cc95222)) | 0x70d72f46)) | 0x30319008)))))) | 0x39a63024)) + (mask32((mask32((mask32((mask32((mask32(flags0 | 0x5b15ab43)) | 0x4cc95222)) | 0x70d72f46)) | 0x30319008)) + 0x17d780ca)))))) - 0x29e369df)) & 0xffff	flags0;state0;u16_0;u16_2	dumps/vmtail-wide-1m-w16/vm_mba_dispatch_formula_compiler_proofs/dispatch_222_01.smt2	sat\n(\n  (define-fun u16_0 () (_ BitVec 32)\n    #x00000000)\n  (define-fun flags0 () (_ BitVec 32)\n    #x00000000)\n  (define-fun u16_2 () (_ BitVec 32)\n    #x00000000)\n  (define-fun state0 () (_ BitVec 32)\n    #x00000000)\n)
231	vmop_231_plus0x5_state_add_const_slot_mba_stateful	slot_mba_stateful	0	4	4	1	100.0	0	target_binding_validated	compiler_expression_recovered	candidate_refuted	254	100	(u16_3 - 0x364f90fcu) - (((((0x6fa17352u + flags0) + flags0) ^ 0xc60fc2ceu) + state0) ^ 0x6ce2d486u)	(mask32((mask32(u16_3 - (mask32((mask32((mask32((mask32((mask32(state0 + (mask32((mask32(flags0 + 0x37d0b9a9)) ^ 0x6307e167)))) + (mask32((mask32(flags0 + 0x37d0b9a9)) ^ 0x6307e167)))) ^ 0x69e2cccd)) ^ 0x500184b)) - 0x796ead7f)))) + 0x5041c185)) & 0xffff	flags0;state0;u16_3	dumps/vmtail-wide-1m-w16/vm_mba_dispatch_formula_compiler_proofs/dispatch_231_00.smt2	sat\n(\n  (define-fun flags0 () (_ BitVec 32)\n    #x440772ee)\n  (define-fun u16_3 () (_ BitVec 32)\n    #x00001bd8)\n  (define-fun state0 () (_ BitVec 32)\n    #x8e32be46)\n)
237	vmop_237_plus0x5_state_add_const_slot_multi_path	slot_multi_path	0	117	128	2	100.0	0	target_binding_validated	compiler_expression_recovered	candidate_refuted	183	113	((((state0 - 0x4813dbcu) - (flags0 ^ 0x22900c8u)) - ((flags0 + 0x3fbeaa1du) ^ 0x8178b71u)) ^ u16_1) - 0x4f4105f2u	(mask32((mask32(u16_1 ^ (mask32((mask32((mask32(state0 - (mask32(flags0 ^ 0x22900c8)))) - (mask32((mask32(flags0 + 0x3fbeaa1d)) ^ 0x8178b71)))) - 0x4813dbc)))) - 0x4f4105f2)) & 0xffff	flags0;state0;u16_1	dumps/vmtail-wide-1m-w16/vm_mba_dispatch_formula_compiler_proofs/dispatch_237_00.smt2	sat\n(\n  (define-fun flags0 () (_ BitVec 32)\n    #xe4010b98)\n  (define-fun u16_1 () (_ BitVec 32)\n    #x000004ae)\n  (define-fun state0 () (_ BitVec 32)\n    #x576198de)\n)
237	vmop_237_plus0x5_state_add_const_slot_multi_path	slot_multi_path	1	11	128	2	100.0	0	target_binding_validated	compiler_expression_recovered	candidate_refuted	160	97	((((state0 - 0x4813dbcu) - (flags0 ^ 0x22900c8u)) - (flags0 ^ 0x8178b71u)) ^ u16_1) - 0x4f4105f2u	(mask32((mask32(u16_1 ^ (mask32((mask32((mask32(state0 - (mask32(flags0 ^ 0x22900c8)))) - (mask32(flags0 ^ 0x8178b71)))) - 0x4813dbc)))) - 0x4f4105f2)) & 0xffff	flags0;state0;u16_1	dumps/vmtail-wide-1m-w16/vm_mba_dispatch_formula_compiler_proofs/dispatch_237_01.smt2	sat\n(\n  (define-fun flags0 () (_ BitVec 32)\n    #xea2900c8)\n  (define-fun u16_1 () (_ BitVec 32)\n    #x00007e0e)\n  (define-fun state0 () (_ BitVec 32)\n    #x727f136b)\n)
239	vmop_239_plus0x6_state_add_const_slot_mba_stateful	slot_mba_stateful	0	128	128	1	100.0	0	target_binding_validated	compiler_expression_recovered	candidate_refuted	223	137	(0xc9af5f52u + ((((flags0 + state0) + 0x40a7aa16u) & 0x39d16b3eu) & (u32_0 - (((flags0 + state0) + 0x40a7aa16u) & 0x39d16b3eu)))) + u16_4	(mask32((mask32(u16_4 + (mask32((mask32((mask32((mask32(state0 + 0x40a7aa16)) + flags0)) & 0x39d16b3e)) & (mask32(u32_0 - (mask32((mask32((mask32(state0 + 0x40a7aa16)) + flags0)) & 0x39d16b3e)))))))) - 0x3650a0ae)) & 0xffff	flags0;state0;u16_4;u32_0	dumps/vmtail-wide-1m-w16/vm_mba_dispatch_formula_compiler_proofs/dispatch_239_00.smt2	sat\n(\n  (define-fun flags0 () (_ BitVec 32)\n    #x3ff83ee9)\n  (define-fun u16_4 () (_ BitVec 32)\n    #x0000adba)\n  (define-fun state0 () (_ BitVec 32)\n    #x30d6fedf)\n  (define-fun u32_0 () (_ BitVec 32)\n    #x2fb05a9c)\n)
240	vmop_240_plus0x5_state_add_const_slot_mba_stateful	slot_mba_stateful	0	5	5	1	100.0	0	target_binding_validated	compiler_expression_recovered	candidate_refuted	56	30	(u16_3 - 0x7bec2197u) - state0	(mask32((mask32(u16_3 - state0)) - 0x7bec2197)) & 0xffff	state0;u16_3	dumps/vmtail-wide-1m-w16/vm_mba_dispatch_formula_compiler_proofs/dispatch_240_00.smt2	sat\n(\n  (define-fun u16_3 () (_ BitVec 32)\n    #x0000f4d6)\n  (define-fun state0 () (_ BitVec 32)\n    #x12500001)\n)
241	vmop_241_plus0xd_state_add_const_slot_mba_stateful	slot_mba_stateful	0	1	1	1	100.0	0	target_binding_validated	compiler_expression_recovered	candidate_refuted	34	15	state0 + u16_11	(mask32(u16_11 + state0)) & 0xffff	state0;u16_11	dumps/vmtail-wide-1m-w16/vm_mba_dispatch_formula_compiler_proofs/dispatch_241_00.smt2	sat\n(\n  (define-fun state0 () (_ BitVec 32)\n    #x000039bb)\n  (define-fun u16_11 () (_ BitVec 32)\n    #x0000ef07)\n)
242	vmop_242_plus0x5_state_formula_slot_mba_stateful	slot_mba_stateful	0	43	43	1	100.0	0	target_binding_validated	compiler_expression_recovered	candidate_refuted	56	30	(u16_3 - state0) ^ 0x5c05e9b5u	(mask32((mask32(u16_3 - state0)) ^ 0x5c05e9b5)) & 0xffff	state0;u16_3	dumps/vmtail-wide-1m-w16/vm_mba_dispatch_formula_compiler_proofs/dispatch_242_00.smt2	sat\n(\n  (define-fun u16_3 () (_ BitVec 32)\n    #x00000000)\n  (define-fun state0 () (_ BitVec 32)\n    #x00000000)\n)
243	vmop_243_plus0x4_state_add_const_slot_multi_path	slot_multi_path	0	66	128	2	100.0	0	target_binding_validated	compiler_expression_recovered	candidate_refuted	406	251	(u16_0 - ((((flags0 | state0) | 0x5f60d018u) + state0) & ((((state0 ^ 0x47b31677u) | (((flags0 | state0) | 0x5f60d018u) + state0)) - 0x289ce9b6u) & (((state0 ^ 0x47b31677u) | (((flags0 | state0) | 0x5f60d018u) + state0)) ^ 0x57df388cu)))) ^ 0xbdd98a5u	(mask32((mask32(u16_0 - (mask32((mask32((mask32((mask32(state0 ^ 0x47b31677)) | (mask32((mask32(flags0 | (mask32(state0 | 0x5f60d018)))) + state0)))) ^ 0x57df388c)) & (mask32((mask32((mask32(flags0 | (mask32(state0 | 0x5f60d018)))) + state0)) & (mask32((mask32((mask32(state0 ^ 0x47b31677)) | (mask32((mask32(flags0 | (mask32(state0 | 0x5f60d018)))) + state0)))) - 0x289ce9b6)))))))) ^ 0xbdd98a5)) & 0xffff	flags0;state0;u16_0	dumps/vmtail-wide-1m-w16/vm_mba_dispatch_formula_compiler_proofs/dispatch_243_00.smt2	sat\n(\n  (define-fun u16_0 () (_ BitVec 32)\n    #x00000000)\n  (define-fun flags0 () (_ BitVec 32)\n    #x00000000)\n  (define-fun state0 () (_ BitVec 32)\n    #x00000000)\n)
243	vmop_243_plus0x4_state_add_const_slot_multi_path	slot_multi_path	1	62	128	2	100.0	0	target_binding_validated	compiler_expression_recovered	candidate_refuted	544	347	(u16_0 - (((((state0 ^ 0x47b31677u) | (((0x398f70f4u + state0) + ((flags0 | state0) | 0x5f60d018u)) & 0x4ec4a2f1u)) ^ 0x57df388cu) & (((state0 ^ 0x47b31677u) | (((0x398f70f4u + state0) + ((flags0 | state0) | 0x5f60d018u)) & 0x4ec4a2f1u)) - 0x289ce9b6u)) & (((0x398f70f4u + state0) + ((flags0 | state0) | 0x5f60d018u)) & 0x4ec4a2f1u))) ^ 0xbdd98a5u	(mask32((mask32(u16_0 - (mask32((mask32((mask32((mask32(state0 ^ 0x47b31677)) | (mask32((mask32((mask32((mask32(flags0 | (mask32(state0 | 0x5f60d018)))) + state0)) + 0x398f70f4)) & 0x4ec4a2f1)))) ^ 0x57df388c)) & (mask32((mask32((mask32((mask32((mask32(flags0 | (mask32(state0 | 0x5f60d018)))) + state0)) + 0x398f70f4)) & 0x4ec4a2f1)) & (mask32((mask32((mask32(state0 ^ 0x47b31677)) | (mask32((mask32((mask32((mask32(flags0 | (mask32(state0 | 0x5f60d018)))) + state0)) + 0x398f70f4)) & 0x4ec4a2f1)))) - 0x289ce9b6)))))))) ^ 0xbdd98a5)) & 0xffff	flags0;state0;u16_0	dumps/vmtail-wide-1m-w16/vm_mba_dispatch_formula_compiler_proofs/dispatch_243_01.smt2	sat\n(\n  (define-fun u16_0 () (_ BitVec 32)\n    #x00000000)\n  (define-fun flags0 () (_ BitVec 32)\n    #x00000000)\n  (define-fun state0 () (_ BitVec 32)\n    #x00000000)\n)
245	vmop_245_plus0x5_state_affine_slot_mba_stateful	slot_mba_stateful	0	12	12	1	100.0	0	target_binding_validated	compiler_expression_recovered	candidate_refuted	56	30	(state0 + u16_0) ^ 0x3a835417u	(mask32((mask32(u16_0 + state0)) ^ 0x3a835417)) & 0xffff	state0;u16_0	dumps/vmtail-wide-1m-w16/vm_mba_dispatch_formula_compiler_proofs/dispatch_245_00.smt2	sat\n(\n  (define-fun u16_0 () (_ BitVec 32)\n    #x00008141)\n  (define-fun state0 () (_ BitVec 32)\n    #xffffc783)\n)
248	vmop_248_plus0x4_state_add_const_slot_mba_stateful	slot_mba_stateful	0	15	15	1	100.0	0	target_binding_validated	compiler_expression_recovered	proved_equivalent	37	38	((u16_2 & 0xffffu) & 0xffffu) ^ 0x66bu	(mask32(u16_2 ^ 0x4160066b)) & 0xffff	u16_2	dumps/vmtail-wide-1m-w16/vm_mba_dispatch_formula_compiler_proofs/dispatch_248_00.smt2	"unsat\n(error ""line 7 column 10: model is not available"")"
250	vmop_250_plus0x3_state_add_const_slot_multi_path	slot_multi_path	0	72	72	1	100.0	0	target_binding_validated	compiler_expression_recovered	candidate_refuted	181	79	(u16_1 + 0x4015c761u) - (((state0 ^ flags0) + flags0) ^ (flags0 | 0x75c2d7adu))	(mask32((mask32(u16_1 - (mask32((mask32((mask32((mask32((mask32(state0 ^ flags0)) + flags0)) ^ (mask32(flags0 | 0x75c2d7ad)))) + 0x3d28c7fc)) - 0xb911f97)))) + 0x71ad6fc6)) & 0xffff	flags0;state0;u16_1	dumps/vmtail-wide-1m-w16/vm_mba_dispatch_formula_compiler_proofs/dispatch_250_00.smt2	sat\n(\n  (define-fun flags0 () (_ BitVec 32)\n    #xfff1272a)\n  (define-fun u16_1 () (_ BitVec 32)\n    #x00008c3f)\n  (define-fun state0 () (_ BitVec 32)\n    #x001d5a00)\n)
251	vmop_251_plus0x5_state_add_const_slot_mba_stateful	slot_mba_stateful	0	17	17	1	100.0	0	target_binding_validated	compiler_expression_recovered	candidate_refuted	56	30	(u16_3 - state0) ^ 0x7cf1b821u	(mask32((mask32(u16_3 - state0)) ^ 0x7cf1b821)) & 0xffff	state0;u16_3	dumps/vmtail-wide-1m-w16/vm_mba_dispatch_formula_compiler_proofs/dispatch_251_00.smt2	sat\n(\n  (define-fun u16_3 () (_ BitVec 32)\n    #x00000000)\n  (define-fun state0 () (_ BitVec 32)\n    #x00000000)\n)
253	vmop_253_plus0x6_state_add_const_slot_mba_stateful	slot_mba_stateful	0	128	128	1	100.0	0	target_binding_validated	compiler_expression_recovered	candidate_refuted	37	19	u16_0 + 0x7c5d4802u	(mask32(u16_0 + 0x7c5d4802)) & 0xffff	u16_0	dumps/vmtail-wide-1m-w16/vm_mba_dispatch_formula_compiler_proofs/dispatch_253_00.smt2	sat\n(\n  (define-fun u16_0 () (_ BitVec 32)\n    #x00000000)\n)
254	vmop_254_plus0x4_state_add_const_slot_mba_stateful	slot_mba_stateful	0	128	128	1	100.0	0	target_binding_validated	compiler_expression_recovered	candidate_refuted	37	19	u16_2 - 0x228a41a2u	(mask32(u16_2 - 0x228a41a2)) & 0xffff	u16_2	dumps/vmtail-wide-1m-w16/vm_mba_dispatch_formula_compiler_proofs/dispatch_254_00.smt2	sat\n(\n  (define-fun u16_2 () (_ BitVec 32)\n    #x00000000)\n)
256	vmop_256_plus0x2_state_add_const_slot_multi_path	slot_multi_path	0	128	128	1	100.0	0	target_binding_validated	compiler_expression_recovered	candidate_refuted	293	132	(0xc7e83234u + ((((flags0 - (state0 ^ 0x3e93f8dbu)) ^ 0x7a7f365au) | ((state0 ^ 0x3e93f8dbu) + 0x1734aabdu)) ^ 0x30de4dc1u)) + u16_0	(mask32((mask32(u16_0 + (mask32((mask32((mask32((mask32((mask32(state0 ^ 0x3e93f8db)) + 0x1734aabd)) ^ (mask32((mask32(flags0 - (mask32(state0 ^ 0x3e93f8db)))) ^ 0x7a7f365a)))) | (mask32((mask32(flags0 - (mask32(state0 ^ 0x3e93f8db)))) ^ 0x7a7f365a)))) ^ 0x30de4dc1)))) - 0x3817cdcc)) & 0xffff	flags0;state0;u16_0	dumps/vmtail-wide-1m-w16/vm_mba_dispatch_formula_compiler_proofs/dispatch_256_00.smt2	sat\n(\n  (define-fun u16_0 () (_ BitVec 32)\n    #x0000f799)\n  (define-fun flags0 () (_ BitVec 32)\n    #x15a677bf)\n  (define-fun state0 () (_ BitVec 32)\n    #xced82580)\n)
257	vmop_257_plus0x2_state_add_const_slot_multi_path	slot_multi_path	0	128	128	1	100.0	0	target_binding_validated	compiler_expression_recovered	candidate_refuted	123	45	u16_0 - ((0x33cddc09u + state0) | 0x1d2af87u)	(mask32(u16_0 - (mask32((mask32((mask32((mask32(state0 - 0x509f61c9)) + 0x1b9def5)) - 0x7d4ca123)) | 0x1d2af87)))) & 0xffff	state0;u16_0	dumps/vmtail-wide-1m-w16/vm_mba_dispatch_formula_compiler_proofs/dispatch_257_00.smt2	sat\n(\n  (define-fun u16_0 () (_ BitVec 32)\n    #x0000ffff)\n  (define-fun state0 () (_ BitVec 32)\n    #xcc3223f7)\n)
258	vmop_258_plus0x4_state_add_const_slot_multi_path	slot_multi_path	0	70	128	2	100.0	0	target_binding_validated	compiler_expression_recovered	candidate_refuted	181	110	(u16_0 - (((state0 ^ 0x11095fd5u) + (flags0 ^ 0x1769756eu)) ^ (u16_2 - (flags0 ^ 0x1769756eu)))) ^ 0x5812e92cu	(mask32((mask32(u16_0 - (mask32((mask32((mask32(state0 ^ 0x11095fd5)) + (mask32(flags0 ^ 0x1769756e)))) ^ (mask32(u16_2 - (mask32(flags0 ^ 0x1769756e)))))))) ^ 0x5812e92c)) & 0xffff	flags0;state0;u16_0;u16_2	dumps/vmtail-wide-1m-w16/vm_mba_dispatch_formula_compiler_proofs/dispatch_258_00.smt2	sat\n(\n  (define-fun u16_0 () (_ BitVec 32)\n    #x0000ffff)\n  (define-fun flags0 () (_ BitVec 32)\n    #x9769756e)\n  (define-fun u16_2 () (_ BitVec 32)\n    #x00008a93)\n  (define-fun state0 () (_ BitVec 32)\n    #x0909d547)\n)
258	vmop_258_plus0x4_state_add_const_slot_multi_path	slot_multi_path	1	58	128	2	100.0	0	target_binding_validated	compiler_expression_recovered	candidate_refuted	271	172	(u16_0 - (((state0 ^ 0x11095fd5u) + (((flags0 - 0x1510614fu) | 0xa1b079au) ^ 0x1769756eu)) ^ (u16_2 - (((flags0 - 0x1510614fu) | 0xa1b079au) ^ 0x1769756eu)))) ^ 0x5812e92cu	(mask32((mask32(u16_0 - (mask32((mask32((mask32(state0 ^ 0x11095fd5)) + (mask32((mask32((mask32(flags0 - 0x1510614f)) | 0xa1b079a)) ^ 0x1769756e)))) ^ (mask32(u16_2 - (mask32((mask32((mask32(flags0 - 0x1510614f)) | 0xa1b079a)) ^ 0x1769756e)))))))) ^ 0x5812e92c)) & 0xffff	flags0;state0;u16_0;u16_2	dumps/vmtail-wide-1m-w16/vm_mba_dispatch_formula_compiler_proofs/dispatch_258_01.smt2	sat\n(\n  (define-fun u16_0 () (_ BitVec 32)\n    #x0000ff67)\n  (define-fun flags0 () (_ BitVec 32)\n    #xc5000020)\n  (define-fun u16_2 () (_ BitVec 32)\n    #x0000fcf3)\n  (define-fun state0 () (_ BitVec 32)\n    #x8fd02b45)\n)
260	vmop_260_plus0x4_state_add_const_slot_multi_path	slot_multi_path	0	65	128	2	100.0	0	target_binding_validated	compiler_expression_recovered	candidate_refuted	1566	545	(u16_0 - (((u16_2 + ((((((state0 + 0x581f6275u) ^ ((0x5a98810u + flags0) & 0x2efb7283u)) | 0x7ba7e961u) + (0x5a98810u + flags0)) | (0x5a98810u + flags0)) | 0x17270855u)) - ((((0x5a98810u + flags0) ^ 0x235356fbu) | ((((((state0 + 0x581f6275u) ^ ((0x5a98810u + flags0) & 0x2efb7283u)) | 0x7ba7e961u) + (0x5a98810u + flags0)) | (0x5a98810u + flags0)) & 0x624bad50u)) | 0x2030850u)) & ((((((state0 + 0x581f6275u) ^ ((0x5a98810u + flags0) & 0x2efb7283u)) | 0x7ba7e961u) + (0x5a98810u + flags0)) | (0x5a98810u + flags0)) | 0x17270855u))) ^ 0x470c080du	(mask32((mask32(u16_0 - (mask32((mask32((mask32((mask32((mask32((mask32((mask32((mask32((mask32(state0 + 0x581f6275)) ^ (mask32((mask32((mask32(flags0 - 0x705f9ad2)) + 0x760922e2)) & 0x2efb7283)))) | 0x7ba7e961)) + (mask32((mask32(flags0 - 0x705f9ad2)) + 0x760922e2)))) | (mask32((mask32((mask32(flags0 - 0x705f9ad2)) + 0x760922e2)) & 0x5af0e1db)))) | 0x17270855)) | (mask32((mask32(flags0 - 0x705f9ad2)) + 0x760922e2)))) | (mask32((mask32(flags0 - 0x705f9ad2)) + 0x760922e2)))) & (mask32((mask32(u16_2 + (mask32((mask32((mask32((mask32((mask32((mask32((mask32((mask32(state0 + 0x581f6275)) ^ (mask32((mask32((mask32(flags0 - 0x705f9ad2)) + 0x760922e2)) & 0x2efb7283)))) | 0x7ba7e961)) + (mask32((mask32(flags0 - 0x705f9ad2)) + 0x760922e2)))) | (mask32((mask32((mask32(flags0 - 0x705f9ad2)) + 0x760922e2)) & 0x5af0e1db)))) | 0x17270855)) | (mask32((mask32(flags0 - 0x705f9ad2)) + 0x760922e2)))) | (mask32((mask32(flags0 - 0x705f9ad2)) + 0x760922e2)))))) - (mask32((mask32((mask32((mask32((mask32(flags0 - 0x705f9ad2)) + 0x760922e2)) ^ 0x34525a09)) ^ 0x17010cf2)) | (mask32((mask32((mask32((mask32((mask32((mask32((mask32((mask32((mask32(state0 + 0x581f6275)) ^ (mask32((mask32((mask32(flags0 - 0x705f9ad2)) + 0x760922e2)) & 0x2efb7283)))) | 0x7ba7e961)) + (mask32((mask32(flags0 - 0x705f9ad2)) + 0x760922e2)))) | (mask32((mask32((mask32(flags0 - 0x705f9ad2)) + 0x760922e2)) & 0x5af0e1db)))) | 0x17270855)) | (mask32((mask32(flags0 - 0x705f9ad2)) + 0x760922e2)))) | (mask32((mask32(flags0 - 0x705f9ad2)) + 0x760922e2)))) & 0x624bad50)))))))))) ^ 0x470c080d)) & 0xffff	flags0;state0;u16_0;u16_2	dumps/vmtail-wide-1m-w16/vm_mba_dispatch_formula_compiler_proofs/dispatch_260_00.smt2	sat\n(\n  (define-fun u16_0 () (_ BitVec 32)\n    #x00000000)\n  (define-fun flags0 () (_ BitVec 32)\n    #xb67b224c)\n  (define-fun u16_2 () (_ BitVec 32)\n    #x0000861a)\n  (define-fun state0 () (_ BitVec 32)\n    #x33c8a28f)\n)
260	vmop_260_plus0x4_state_add_const_slot_multi_path	slot_multi_path	1	63	128	2	100.0	0	target_binding_validated	compiler_expression_recovered	candidate_refuted	784	379	(u16_0 - (((u16_2 + ((((((state0 + 0x581f6275u) ^ (flags0 & 0x2efb7283u)) | 0x7ba7e961u) + flags0) | flags0) | 0x17270855u)) - ((((((((state0 + 0x581f6275u) ^ (flags0 & 0x2efb7283u)) | 0x7ba7e961u) + flags0) | flags0) & 0x624bad50u) | flags0) | 0x2030850u)) & ((((((state0 + 0x581f6275u) ^ (flags0 & 0x2efb7283u)) | 0x7ba7e961u) + flags0) | flags0) | 0x17270855u))) ^ 0x470c080du	(mask32((mask32(u16_0 - (mask32((mask32((mask32((mask32((mask32((mask32((mask32((mask32((mask32(state0 + 0x581f6275)) ^ (mask32(flags0 & 0x2efb7283)))) | 0x7ba7e961)) + flags0)) | (mask32(flags0 & 0x5af0e1db)))) | 0x17270855)) | flags0)) | flags0)) & (mask32((mask32(u16_2 + (mask32((mask32((mask32((mask32((mask32((mask32((mask32((mask32(state0 + 0x581f6275)) ^ (mask32(flags0 & 0x2efb7283)))) | 0x7ba7e961)) + flags0)) | (mask32(flags0 & 0x5af0e1db)))) | 0x17270855)) | flags0)) | flags0)))) - (mask32(flags0 | (mask32((mask32((mask32((mask32((mask32((mask32((mask32((mask32((mask32(state0 + 0x581f6275)) ^ (mask32(flags0 & 0x2efb7283)))) | 0x7ba7e961)) + flags0)) | (mask32(flags0 & 0x5af0e1db)))) | 0x17270855)) | flags0)) | flags0)) & 0x624bad50)))))))))) ^ 0x470c080d)) & 0xffff	flags0;state0;u16_0;u16_2	dumps/vmtail-wide-1m-w16/vm_mba_dispatch_formula_compiler_proofs/dispatch_260_01.smt2	sat\n(\n  (define-fun u16_0 () (_ BitVec 32)\n    #x00003800)\n  (define-fun flags0 () (_ BitVec 32)\n    #x6da00886)\n  (define-fun u16_2 () (_ BitVec 32)\n    #x0000f3e7)\n  (define-fun state0 () (_ BitVec 32)\n    #x0028049d)\n)
261	vmop_261_plus0x6_state_add_const_slot_mba_stateful	slot_mba_stateful	0	128	128	1	100.0	0	target_binding_validated	compiler_expression_recovered	candidate_refuted	37	19	u16_2 + 0x4c539d29u	(mask32(u16_2 + 0x4c539d29)) & 0xffff	u16_2	dumps/vmtail-wide-1m-w16/vm_mba_dispatch_formula_compiler_proofs/dispatch_261_00.smt2	sat\n(\n  (define-fun u16_2 () (_ BitVec 32)\n    #x00000000)\n)
264	vmop_264_plus0xa_state_formula_slot_mba_stateful	slot_mba_stateful	0	49	49	1	0.0	49	target_binding_not_validated	compiler_expression_recovered	candidate_refuted	56	30	(state0 + u16_8) - 0x6fba3362u	(mask32((mask32(u16_8 + state0)) - 0x6fba3362)) & 0xffff	state0;u16_8	dumps/vmtail-wide-1m-w16/vm_mba_dispatch_formula_compiler_proofs/dispatch_264_00.smt2	sat\n(\n  (define-fun state0 () (_ BitVec 32)\n    #x4d397df1)\n  (define-fun u16_8 () (_ BitVec 32)\n    #x0000fbf5)\n)
267	vmop_267_plus0x5_state_add_const_slot_multi_path	slot_multi_path	0	4	4	1	100.0	0	target_binding_validated	compiler_expression_recovered	candidate_refuted	324	94	(((((flags0 | 0x10c4506bu) ^ 0x5cdc1fadu) + 0x3cd2f1ddu) & 0x18f9e0e8u) + u16_0) ^ 0x17e28bdfu	(mask32((mask32(u16_0 + (mask32((mask32((mask32(state0 & 0x22c7ea36)) | (mask32((mask32((mask32((mask32(flags0 | 0x10c4506b)) ^ 0x5cdc1fad)) + 0x50bb45db)) - 0x13e853fe)))) & (mask32((mask32((mask32((mask32((mask32(flags0 | 0x10c4506b)) ^ 0x5cdc1fad)) + 0x50bb45db)) - 0x13e853fe)) & 0x18f9e0e8)))))) ^ 0x17e28bdf)) & 0xffff	flags0;state0;u16_0	dumps/vmtail-wide-1m-w16/vm_mba_dispatch_formula_compiler_proofs/dispatch_267_00.smt2	sat\n(\n  (define-fun u16_0 () (_ BitVec 32)\n    #x00000000)\n  (define-fun flags0 () (_ BitVec 32)\n    #x00000000)\n  (define-fun state0 () (_ BitVec 32)\n    #x00000000)\n)
268	vmop_268_plus0x4_state_add_const_slot_multi_path	slot_multi_path	0	87	128	2	100.0	0	target_binding_validated	compiler_expression_recovered	candidate_refuted	334	62	(u16_2 - 0x36c3219bu) - ((flags0 + 0x33c0c75bu) & 0x174c40efu)	(mask32((mask32(u16_2 - (mask32((mask32((mask32((mask32(state0 | 0x71bd1bb1)) + (mask32((mask32(u16_0 - (mask32(state0 | 0x71bd1bb1)))) - flags0)))) & (mask32((mask32((mask32(flags0 + 0x33c0c75b)) & 0x174c40ef)) - 0x554d11ee)))) | (mask32((mask32((mask32(flags0 + 0x33c0c75b)) & 0x174c40ef)) - 0x554d11ee)))))) + 0x73efcc77)) & 0xffff	flags0;state0;u16_0;u16_2	dumps/vmtail-wide-1m-w16/vm_mba_dispatch_formula_compiler_proofs/dispatch_268_00.smt2	sat\n(\n  (define-fun u16_0 () (_ BitVec 32)\n    #x00000000)\n  (define-fun flags0 () (_ BitVec 32)\n    #x00000000)\n  (define-fun u16_2 () (_ BitVec 32)\n    #x00000000)\n  (define-fun state0 () (_ BitVec 32)\n    #x00000000)\n)
268	vmop_268_plus0x4_state_add_const_slot_multi_path	slot_multi_path	1	41	128	2	100.0	0	target_binding_validated	compiler_expression_recovered	candidate_refuted	242	30	(u16_2 + 0x402f051cu) - flags0	(mask32((mask32(u16_2 - (mask32((mask32((mask32((mask32(state0 | 0x71bd1bb1)) + (mask32((mask32(u16_0 - (mask32(state0 | 0x71bd1bb1)))) - flags0)))) & (mask32(flags0 + 0x33c0c75b)))) | (mask32(flags0 + 0x33c0c75b)))))) + 0x73efcc77)) & 0xffff	flags0;state0;u16_0;u16_2	dumps/vmtail-wide-1m-w16/vm_mba_dispatch_formula_compiler_proofs/dispatch_268_01.smt2	sat\n(\n  (define-fun u16_0 () (_ BitVec 32)\n    #x00000000)\n  (define-fun flags0 () (_ BitVec 32)\n    #x010778a5)\n  (define-fun u16_2 () (_ BitVec 32)\n    #x000061a4)\n  (define-fun state0 () (_ BitVec 32)\n    #x00000000)\n)
269	vmop_269_plus0x5_state_add_const_slot_multi_path	slot_multi_path	0	128	128	1	100.0	0	target_binding_validated	compiler_expression_recovered	candidate_refuted	215	56	(0x4faa382u + ((state0 & flags0) ^ 0x4f60a287u)) + u16_3	(mask32((mask32(u16_3 + (mask32((mask32((mask32((mask32(state0 ^ (mask32(flags0 & state0)))) & 0x6f7fff69)) & (mask32(flags0 & state0)))) | (mask32((mask32(flags0 & state0)) ^ 0x4f60a287)))))) + 0x4faa382)) & 0xffff	flags0;state0;u16_3	dumps/vmtail-wide-1m-w16/vm_mba_dispatch_formula_compiler_proofs/dispatch_269_00.smt2	sat\n(\n  (define-fun flags0 () (_ BitVec 32)\n    #xc89587b9)\n  (define-fun u16_3 () (_ BitVec 32)\n    #x0000da5e)\n  (define-fun state0 () (_ BitVec 32)\n    #xc89587b9)\n)
273	vmop_273_plus0x4_state_add_const_slot_mba_stateful	slot_mba_stateful	0	128	128	1	100.0	0	target_binding_validated	compiler_expression_recovered	candidate_refuted	278	124	((u16_2 - ((0x4b959cd0u + state0) & 0x908616eu)) ^ flags0) + ((0xd1f419a0u + ((0x4b959cd0u + state0) & 0x908616eu)) + u16_0)	(mask32((mask32(u16_0 + (mask32((mask32((mask32((mask32((mask32(state0 - flags0)) + 0x4b959cd0)) + flags0)) & 0x908616e)) + (mask32((mask32(u16_2 - (mask32((mask32((mask32((mask32(state0 - flags0)) + 0x4b959cd0)) + flags0)) & 0x908616e)))) ^ flags0)))))) - 0x2e0be660)) & 0xffff	flags0;state0;u16_0;u16_2	dumps/vmtail-wide-1m-w16/vm_mba_dispatch_formula_compiler_proofs/dispatch_273_00.smt2	sat\n(\n  (define-fun u16_0 () (_ BitVec 32)\n    #x000064f9)\n  (define-fun state0 () (_ BitVec 32)\n    #xb572c39e)\n  (define-fun u16_2 () (_ BitVec 32)\n    #x0000c869)\n  (define-fun flags0 () (_ BitVec 32)\n    #xcb03fce2)\n)
278	vmop_278_plus0xa_state_preserve_slot_multi_path	slot_multi_path	0	82	82	1	0.0	82	target_binding_not_validated	compiler_expression_recovered	candidate_refuted	75	41	(u16_2 + 0x68baea26u) - (state0 | flags0)	(mask32((mask32(u16_2 - (mask32(state0 | flags0)))) + 0x68baea26)) & 0xffff	flags0;state0;u16_2	dumps/vmtail-wide-1m-w16/vm_mba_dispatch_formula_compiler_proofs/dispatch_278_00.smt2	sat\n(\n  (define-fun flags0 () (_ BitVec 32)\n    #x00080000)\n  (define-fun u16_2 () (_ BitVec 32)\n    #x00001fff)\n  (define-fun state0 () (_ BitVec 32)\n    #x08800001)\n)
281	vmop_281_plus0x4_state_add_const_slot_multi_path	slot_multi_path	0	128	128	1	100.0	0	target_binding_validated	compiler_expression_recovered	candidate_refuted	307	191	((((((((state0 - 0x31642a8cu) ^ 0x5b9839d1u) | flags0) & ((u16_2 + (((state0 - 0x31642a8cu) ^ 0x5b9839d1u) | flags0)) - flags0)) - flags0) + 0x1ec23851u) ^ u16_0) ^ 0x6445395fu) - 0x519e8380u	(mask32((mask32(u16_0 ^ (mask32((mask32((mask32((mask32((mask32((mask32(state0 - 0x31642a8c)) ^ 0x5b9839d1)) | flags0)) & (mask32((mask32(u16_2 + (mask32((mask32((mask32(state0 - 0x31642a8c)) ^ 0x5b9839d1)) | flags0)))) - flags0)))) - (mask32(flags0 - 0x1ec23851)))) ^ 0x6445395f)))) - 0x519e8380)) & 0xffff	flags0;state0;u16_0;u16_2	dumps/vmtail-wide-1m-w16/vm_mba_dispatch_formula_compiler_proofs/dispatch_281_00.smt2	sat\n(\n  (define-fun u16_0 () (_ BitVec 32)\n    #x0000be00)\n  (define-fun flags0 () (_ BitVec 32)\n    #x58000000)\n  (define-fun u16_2 () (_ BitVec 32)\n    #x000004bf)\n  (define-fun state0 () (_ BitVec 32)\n    #x190c13f8)\n)
282	vmop_282_plus0x5_state_add_const_slot_multi_path	slot_multi_path	0	83	128	2	100.0	0	target_binding_validated	compiler_expression_recovered	candidate_refuted	144	89	(u16_2 - ((((0xab379a76u + flags0) & 0x259f380du) - 0x334721c0u) ^ state0)) ^ 0x644d2bc4u	(mask32((mask32(u16_2 - (mask32(state0 ^ (mask32((mask32((mask32(flags0 - 0x54c8658a)) & 0x259f380d)) - 0x334721c0)))))) ^ 0x644d2bc4)) & 0xffff	flags0;state0;u16_2	dumps/vmtail-wide-1m-w16/vm_mba_dispatch_formula_compiler_proofs/dispatch_282_00.smt2	sat\n(\n  (define-fun flags0 () (_ BitVec 32)\n    #x36526e04)\n  (define-fun u16_2 () (_ BitVec 32)\n    #x00009cac)\n  (define-fun state0 () (_ BitVec 32)\n    #x21c2c114)\n)
282	vmop_282_plus0x5_state_add_const_slot_multi_path	slot_multi_path	1	45	128	2	100.0	0	target_binding_validated	compiler_expression_recovered	candidate_refuted	98	57	(u16_2 - ((0xccb8de40u + flags0) ^ state0)) ^ 0x644d2bc4u	(mask32((mask32(u16_2 - (mask32(state0 ^ (mask32(flags0 - 0x334721c0)))))) ^ 0x644d2bc4)) & 0xffff	flags0;state0;u16_2	dumps/vmtail-wide-1m-w16/vm_mba_dispatch_formula_compiler_proofs/dispatch_282_01.smt2	sat\n(\n  (define-fun flags0 () (_ BitVec 32)\n    #x7760cee0)\n  (define-fun u16_2 () (_ BitVec 32)\n    #x0000f0d2)\n  (define-fun state0 () (_ BitVec 32)\n    #x22b12105)\n)
283	vmop_283_plus0x5_state_preserve_slot_mba_stateful	slot_mba_stateful	0	128	128	1	100.0	0	target_binding_validated	compiler_expression_recovered	candidate_refuted	36	18	u16_3 - 0x8ad5ab4u	(mask32(u16_3 - 0x8ad5ab4)) & 0xffff	u16_3	dumps/vmtail-wide-1m-w16/vm_mba_dispatch_formula_compiler_proofs/dispatch_283_00.smt2	sat\n(\n  (define-fun u16_3 () (_ BitVec 32)\n    #x00000000)\n)
284	vmop_284_plus0xd_state_add_const_slot_mba_stateful	slot_mba_stateful	0	1	1	1	100.0	0	target_binding_validated	compiler_expression_recovered	candidate_refuted	38	20	u16_11 - 0x14b96a4cu	(mask32(u16_11 - 0x14b96a4c)) & 0xffff	u16_11	dumps/vmtail-wide-1m-w16/vm_mba_dispatch_formula_compiler_proofs/dispatch_284_00.smt2	sat\n(\n  (define-fun u16_11 () (_ BitVec 32)\n    #x00000000)\n)
285	vmop_285_plus0x5_state_add_const_slot_mba_stateful	slot_mba_stateful	0	1	1	1	100.0	0	target_binding_validated	compiler_expression_recovered	candidate_refuted	52	25	u16_2 - (state0 ^ flags0)	(mask32(u16_2 - (mask32(state0 ^ flags0)))) & 0xffff	flags0;state0;u16_2	dumps/vmtail-wide-1m-w16/vm_mba_dispatch_formula_compiler_proofs/dispatch_285_00.smt2	sat\n(\n  (define-fun flags0 () (_ BitVec 32)\n    #x00000000)\n  (define-fun u16_2 () (_ BitVec 32)\n    #x00000000)\n  (define-fun state0 () (_ BitVec 32)\n    #xffff0000)\n)
287	vmop_287_plus0x4_state_add_const_slot_multi_path	slot_multi_path	0	76	128	2	100.0	0	target_binding_validated	compiler_expression_recovered	candidate_refuted	165	87	(((((state0 & 0xa6ddb71u) - flags0) + 0x4d013a2au) | 0x3ab14dd1u) + u16_0) ^ 0xa841ebdu	(mask32((mask32(u16_0 + (mask32((mask32((mask32((mask32(state0 & 0xa6ddb71)) - (mask32(flags0 + 0x6975e1b1)))) - 0x4988e425)) | 0x3ab14dd1)))) ^ 0xa841ebd)) & 0xffff	flags0;state0;u16_0	dumps/vmtail-wide-1m-w16/vm_mba_dispatch_formula_compiler_proofs/dispatch_287_00.smt2	sat\n(\n  (define-fun u16_0 () (_ BitVec 32)\n    #x00000000)\n  (define-fun flags0 () (_ BitVec 32)\n    #x4d013a2a)\n  (define-fun state0 () (_ BitVec 32)\n    #x00000000)\n)
287	vmop_287_plus0x4_state_add_const_slot_multi_path	slot_multi_path	1	52	128	2	100.0	0	target_binding_validated	compiler_expression_recovered	candidate_refuted	211	87	(((((state0 & 0xa6ddb71u) - flags0) + 0x53ce21b0u) | 0x3ab14dd1u) + u16_0) ^ 0xa841ebdu	(mask32((mask32(u16_0 + (mask32((mask32((mask32((mask32(state0 & 0xa6ddb71)) - (mask32((mask32((mask32(flags0 - 0x67686890)) + 0x609b810a)) + 0x6975e1b1)))) - 0x4988e425)) | 0x3ab14dd1)))) ^ 0xa841ebd)) & 0xffff	flags0;state0;u16_0	dumps/vmtail-wide-1m-w16/vm_mba_dispatch_formula_compiler_proofs/dispatch_287_01.smt2	sat\n(\n  (define-fun u16_0 () (_ BitVec 32)\n    #x00000000)\n  (define-fun flags0 () (_ BitVec 32)\n    #x53ce21b0)\n  (define-fun state0 () (_ BitVec 32)\n    #x00000000)\n)
290	vmop_290_plus0x5_state_add_const_slot_multi_path	slot_multi_path	0	17	17	1	100.0	0	target_binding_validated	compiler_expression_recovered	candidate_refuted	98	57	(((flags0 & 0x3acb356du) | state0) + u16_2) ^ 0x29d9517bu	(mask32((mask32(u16_2 + (mask32(state0 | (mask32(flags0 & 0x3acb356d)))))) ^ 0x29d9517b)) & 0xffff	flags0;state0;u16_2	dumps/vmtail-wide-1m-w16/vm_mba_dispatch_formula_compiler_proofs/dispatch_290_00.smt2	sat\n(\n  (define-fun flags0 () (_ BitVec 32)\n    #x00490400)\n  (define-fun u16_2 () (_ BitVec 32)\n    #x0000b2ce)\n  (define-fun state0 () (_ BitVec 32)\n    #x4520178b)\n)
291	vmop_291_plus0x4_state_add_const_slot_multi_path	slot_multi_path	0	84	128	2	100.0	0	target_binding_validated	compiler_expression_recovered	candidate_refuted	356	195	(0xa61c44cu + (((((flags0 ^ 0x3cf531a2u) | 0x55d764bbu) ^ 0x17a0094au) - 0x1f6881d8u) & ((((u16_0 - (flags0 ^ 0x12648cbeu)) ^ (flags0 ^ state0)) - (flags0 ^ 0x3cf531a2u)) - 0x610956a9u))) + u16_2	(mask32((mask32(u16_2 + (mask32((mask32((mask32((mask32(state0 ^ flags0)) ^ (mask32(u16_0 - (mask32(flags0 ^ 0x12648cbe)))))) - (mask32((mask32((mask32(flags0 ^ 0x12648cbe)) ^ 0x2e91bd1c)) + 0x610956a9)))) & (mask32((mask32((mask32((mask32((mask32(flags0 ^ 0x12648cbe)) ^ 0x2e91bd1c)) | 0x55d764bb)) ^ 0x17a0094a)) - 0x1f6881d8)))))) + 0xa61c44c)) & 0xffff	flags0;state0;u16_0;u16_2	dumps/vmtail-wide-1m-w16/vm_mba_dispatch_formula_compiler_proofs/dispatch_291_00.smt2	sat\n(\n  (define-fun u16_0 () (_ BitVec 32)\n    #x00000ad7)\n  (define-fun flags0 () (_ BitVec 32)\n    #x1c7a865c)\n  (define-fun u16_2 () (_ BitVec 32)\n    #x00003f32)\n  (define-fun state0 () (_ BitVec 32)\n    #xdd1f480f)\n)
291	vmop_291_plus0x4_state_add_const_slot_multi_path	slot_multi_path	1	44	128	2	100.0	0	target_binding_validated	compiler_expression_recovered	candidate_refuted	422	195	(0xa61c44cu + (((((flags0 ^ 0x3959e358u) | 0x55d764bbu) ^ 0x17a0094au) - 0x1f6881d8u) & ((((u16_0 - (flags0 ^ 0x17c85e44u)) ^ (flags0 ^ state0)) - (flags0 ^ 0x3959e358u)) - 0x610956a9u))) + u16_2	(mask32((mask32(u16_2 + (mask32((mask32((mask32((mask32(state0 ^ flags0)) ^ (mask32(u16_0 - (mask32((mask32(flags0 ^ 0x5acd2fa)) ^ 0x12648cbe)))))) - (mask32((mask32((mask32((mask32(flags0 ^ 0x5acd2fa)) ^ 0x12648cbe)) ^ 0x2e91bd1c)) + 0x610956a9)))) & (mask32((mask32((mask32((mask32((mask32((mask32(flags0 ^ 0x5acd2fa)) ^ 0x12648cbe)) ^ 0x2e91bd1c)) | 0x55d764bb)) ^ 0x17a0094a)) - 0x1f6881d8)))))) + 0xa61c44c)) & 0xffff	flags0;state0;u16_0;u16_2	dumps/vmtail-wide-1m-w16/vm_mba_dispatch_formula_compiler_proofs/dispatch_291_01.smt2	sat\n(\n  (define-fun u16_0 () (_ BitVec 32)\n    #x00005899)\n  (define-fun flags0 () (_ BitVec 32)\n    #xe5105e44)\n  (define-fun u16_2 () (_ BitVec 32)\n    #x000091a4)\n  (define-fun state0 () (_ BitVec 32)\n    #x1855ff21)\n)
292	vmop_292_plus0x5_state_add_const_slot_multi_path	slot_multi_path	0	128	128	1	100.0	0	target_binding_validated	compiler_expression_recovered	candidate_refuted	131	29	(u16_1 ^ u16_3) + 0x628c34bcu	(mask32((mask32(u16_3 ^ (mask32((mask32(state0 | flags0)) + (mask32(u16_1 - (mask32(state0 | flags0)))))))) + 0x628c34bc)) & 0xffff	flags0;state0;u16_1;u16_3	dumps/vmtail-wide-1m-w16/vm_mba_dispatch_formula_compiler_proofs/dispatch_292_00.smt2	sat\n(\n  (define-fun u16_1 () (_ BitVec 32)\n    #x00000000)\n  (define-fun u16_3 () (_ BitVec 32)\n    #x00000000)\n  (define-fun state0 () (_ BitVec 32)\n    #x00000000)\n  (define-fun flags0 () (_ BitVec 32)\n    #x00000000)\n)
295	vmop_295_plus0x5_state_mixed_slot_mba_stateful	slot_mba_stateful	0	128	128	1	100.0	0	target_binding_validated	compiler_expression_recovered	candidate_refuted	37	19	u16_2 - 0x396ecbf2u	(mask32(u16_2 - 0x396ecbf2)) & 0xffff	u16_2	dumps/vmtail-wide-1m-w16/vm_mba_dispatch_formula_compiler_proofs/dispatch_295_00.smt2	sat\n(\n  (define-fun u16_2 () (_ BitVec 32)\n    #x00000000)\n)
297	vmop_297_plus0x3_state_add_const_slot_multi_path	slot_multi_path	0	90	128	2	100.0	0	target_binding_validated	compiler_expression_recovered	candidate_refuted	238	144	(((u16_1 - (flags0 + b0)) - (((0xb7ddf6beu + state0) | flags0) ^ 0x6b7f38b7u)) - (((0xb7ddf6beu + state0) | flags0) ^ 0x6b7f38b7u)) ^ 0x9f24ccbu	(mask32((mask32(u16_1 - (mask32((mask32((mask32((mask32(state0 - 0x48220942)) | flags0)) ^ 0x6b7f38b7)) + (mask32((mask32(b0 + (mask32((mask32((mask32(state0 - 0x48220942)) | flags0)) ^ 0x6b7f38b7)))) + flags0)))))) ^ 0x9f24ccb)) & 0xffff	b0;flags0;state0;u16_1	dumps/vmtail-wide-1m-w16/vm_mba_dispatch_formula_compiler_proofs/dispatch_297_00.smt2	sat\n(\n  (define-fun flags0 () (_ BitVec 32)\n    #x77e8403d)\n  (define-fun b0 () (_ BitVec 32)\n    #x00000000)\n  (define-fun u16_1 () (_ BitVec 32)\n    #x00000fca)\n  (define-fun state0 () (_ BitVec 32)\n    #x00051896)\n)
297	vmop_297_plus0x3_state_add_const_slot_multi_path	slot_multi_path	1	38	128	2	100.0	0	target_binding_validated	compiler_expression_recovered	candidate_refuted	376	240	((((u16_1 - b0) - ((0x283684b4u + flags0) ^ 0x4a5a939au)) - (((0xb7ddf6beu + state0) | ((0x283684b4u + flags0) ^ 0x4a5a939au)) ^ 0x6b7f38b7u)) - (((0xb7ddf6beu + state0) | ((0x283684b4u + flags0) ^ 0x4a5a939au)) ^ 0x6b7f38b7u)) ^ 0x9f24ccbu	(mask32((mask32(u16_1 - (mask32((mask32((mask32((mask32(state0 - 0x48220942)) | (mask32((mask32(flags0 + 0x283684b4)) ^ 0x4a5a939a)))) ^ 0x6b7f38b7)) + (mask32((mask32(b0 + (mask32((mask32((mask32(state0 - 0x48220942)) | (mask32((mask32(flags0 + 0x283684b4)) ^ 0x4a5a939a)))) ^ 0x6b7f38b7)))) + (mask32((mask32(flags0 + 0x283684b4)) ^ 0x4a5a939a)))))))) ^ 0x9f24ccb)) & 0xffff	b0;flags0;state0;u16_1	dumps/vmtail-wide-1m-w16/vm_mba_dispatch_formula_compiler_proofs/dispatch_297_01.smt2	sat\n(\n  (define-fun flags0 () (_ BitVec 32)\n    #x64051455)\n  (define-fun b0 () (_ BitVec 32)\n    #x00000000)\n  (define-fun u16_1 () (_ BitVec 32)\n    #x00006e2f)\n  (define-fun state0 () (_ BitVec 32)\n    #x38985df6)\n)
300	vmop_300_plus0x4_state_add_const_slot_multi_path	slot_multi_path	0	120	128	2	100.0	0	target_binding_validated	compiler_expression_recovered	candidate_refuted	223	60	u16_2 - ((0x0u - (u16_0 + flags0)) | (flags0 & 0x1011ba33u))	(mask32(u16_2 - (mask32((mask32((mask32((mask32(state0 & 0x2b7e7713)) & 0x515f6307)) - (mask32((mask32(u16_0 + (mask32((mask32(state0 & 0x2b7e7713)) & 0x515f6307)))) + flags0)))) | (mask32(flags0 & 0x1011ba33)))))) & 0xffff	flags0;state0;u16_0;u16_2	dumps/vmtail-wide-1m-w16/vm_mba_dispatch_formula_compiler_proofs/dispatch_300_00.smt2	sat\n(\n  (define-fun u16_0 () (_ BitVec 32)\n    #x000074d8)\n  (define-fun flags0 () (_ BitVec 32)\n    #x093ee5c4)\n  (define-fun u16_2 () (_ BitVec 32)\n    #x0000dc14)\n  (define-fun state0 () (_ BitVec 32)\n    #x00000000)\n)
300	vmop_300_plus0x4_state_add_const_slot_multi_path	slot_multi_path	1	8	128	2	100.0	0	target_binding_validated	compiler_expression_recovered	candidate_refuted	313	122	u16_2 - ((0x0u - (u16_0 + ((flags0 & 0x742354du) + 0x2ff05a2bu))) | (((flags0 & 0x742354du) + 0x2ff05a2bu) & 0x1011ba33u))	(mask32(u16_2 - (mask32((mask32((mask32((mask32(state0 & 0x2b7e7713)) & 0x515f6307)) - (mask32((mask32(u16_0 + (mask32((mask32(state0 & 0x2b7e7713)) & 0x515f6307)))) + (mask32((mask32(flags0 & 0x742354d)) + 0x2ff05a2b)))))) | (mask32((mask32((mask32(flags0 & 0x742354d)) + 0x2ff05a2b)) & 0x1011ba33)))))) & 0xffff	flags0;state0;u16_0;u16_2	dumps/vmtail-wide-1m-w16/vm_mba_dispatch_formula_compiler_proofs/dispatch_300_01.smt2	sat\n(\n  (define-fun u16_0 () (_ BitVec 32)\n    #x00000000)\n  (define-fun flags0 () (_ BitVec 32)\n    #x00000000)\n  (define-fun u16_2 () (_ BitVec 32)\n    #x00000000)\n  (define-fun state0 () (_ BitVec 32)\n    #x00000000)\n)
301	vmop_301_plus0x5_state_add_const_slot_mba_stateful	slot_mba_stateful	0	128	128	1	100.0	0	target_binding_validated	compiler_expression_recovered	candidate_refuted	75	41	(u16_3 - 0x2c0febdfu) - (state0 & flags0)	(mask32((mask32(u16_3 - (mask32(state0 & flags0)))) - 0x2c0febdf)) & 0xffff	flags0;state0;u16_3	dumps/vmtail-wide-1m-w16/vm_mba_dispatch_formula_compiler_proofs/dispatch_301_00.smt2	sat\n(\n  (define-fun flags0 () (_ BitVec 32)\n    #x87dafb5d)\n  (define-fun u16_3 () (_ BitVec 32)\n    #x00001ac9)\n  (define-fun state0 () (_ BitVec 32)\n    #x87daf359)\n)
305	vmop_305_plus0x4_state_add_const_slot_mba_stateful	slot_mba_stateful	0	128	128	1	100.0	0	target_binding_validated	compiler_expression_recovered	candidate_refuted	33	14	state0 + u16_0	(mask32(u16_0 + state0)) & 0xffff	state0;u16_0	dumps/vmtail-wide-1m-w16/vm_mba_dispatch_formula_compiler_proofs/dispatch_305_00.smt2	sat\n(\n  (define-fun u16_0 () (_ BitVec 32)\n    #x0000ef07)\n  (define-fun state0 () (_ BitVec 32)\n    #x000039bb)\n)
311	vmop_311_plus0xa_state_preserve_slot_multi_path	slot_multi_path	0	67	67	1	0.0	67	target_binding_not_validated	compiler_expression_recovered	candidate_refuted	208	99	(((0xe7763eefu + state0) - (((0xdbdb30ebu + flags0) - state0) | 0x3ffdbffbu)) ^ u16_3) ^ 0xa9f4228u	(mask32((mask32(u16_3 ^ (mask32((mask32(state0 - 0x1889c111)) - (mask32((mask32((mask32(flags0 - (mask32((mask32(state0 - 0x1889c111)) + 0x3cae9026)))) | 0x2b959efa)) | 0x35e8abc1)))))) ^ 0xa9f4228)) & 0xffff	flags0;state0;u16_3	dumps/vmtail-wide-1m-w16/vm_mba_dispatch_formula_compiler_proofs/dispatch_311_00.smt2	sat\n(\n  (define-fun flags0 () (_ BitVec 32)\n    #xe64a9357)\n  (define-fun u16_3 () (_ BitVec 32)\n    #x00000000)\n  (define-fun state0 () (_ BitVec 32)\n    #x0225c442)\n)
313	vmop_313_plus0x5_state_add_const_slot_multi_path	slot_multi_path	0	4	4	1	100.0	0	target_binding_validated	compiler_expression_recovered	candidate_refuted	1115	717	(((((((((flags0 - ((((0xbf67668au + state0) - flags0) | 0x2f39160au) ^ 0x7af00ac1u)) ^ (((0xbf67668au + state0) - flags0) | 0x2f39160au)) ^ 0x3764731u) - (((0xbf67668au + state0) - flags0) | 0x2f39160au)) | 0x6ecf352au) ^ (((0xbf67668au + state0) - flags0) | 0x2f39160au)) & (0xcbb54426u + ((((flags0 - ((((0xbf67668au + state0) - flags0) | 0x2f39160au) ^ 0x7af00ac1u)) ^ (((0xbf67668au + state0) - flags0) | 0x2f39160au)) ^ 0x3764731u) - (((0xbf67668au + state0) - flags0) | 0x2f39160au)))) ^ ((((flags0 - ((((0xbf67668au + state0) - flags0) | 0x2f39160au) ^ 0x7af00ac1u)) ^ (((0xbf67668au + state0) - flags0) | 0x2f39160au)) ^ 0x3764731u) - (((0xbf67668au + state0) - flags0) | 0x2f39160au))) + u16_2) ^ 0x35363d0au	(mask32((mask32(u16_2 + (mask32((mask32((mask32((mask32((mask32(state0 - (mask32(flags0 + 0x40989976)))) | 0x2f39160a)) ^ (mask32((mask32((mask32((mask32(flags0 - (mask32((mask32((mask32(state0 - (mask32(flags0 + 0x40989976)))) | 0x2f39160a)) ^ 0x7af00ac1)))) ^ (mask32((mask32((mask32(state0 - (mask32(flags0 + 0x40989976)))) | 0x2f39160a)) ^ 0x3764731)))) - (mask32((mask32(state0 - (mask32(flags0 + 0x40989976)))) | 0x2f39160a)))) | 0x6ecf352a)))) & (mask32((mask32((mask32((mask32(flags0 - (mask32((mask32((mask32(state0 - (mask32(flags0 + 0x40989976)))) | 0x2f39160a)) ^ 0x7af00ac1)))) ^ (mask32((mask32((mask32(state0 - (mask32(flags0 + 0x40989976)))) | 0x2f39160a)) ^ 0x3764731)))) - (mask32((mask32(state0 - (mask32(flags0 + 0x40989976)))) | 0x2f39160a)))) - 0x344abbda)))) ^ (mask32((mask32((mask32(flags0 - (mask32((mask32((mask32(state0 - (mask32(flags0 + 0x40989976)))) | 0x2f39160a)) ^ 0x7af00ac1)))) ^ (mask32((mask32((mask32(state0 - (mask32(flags0 + 0x40989976)))) | 0x2f39160a)) ^ 0x3764731)))) - (mask32((mask32(state0 - (mask32(flags0 + 0x40989976)))) | 0x2f39160a)))))))) ^ 0x35363d0a)) & 0xffff	flags0;state0;u16_2	dumps/vmtail-wide-1m-w16/vm_mba_dispatch_formula_compiler_proofs/dispatch_313_00.smt2	sat\n(\n  (define-fun flags0 () (_ BitVec 32)\n    #x90c16c0a)\n  (define-fun u16_2 () (_ BitVec 32)\n    #x000080f2)\n  (define-fun state0 () (_ BitVec 32)\n    #xc098fcd3)\n)
314	vmop_314_plus0xa_state_add_const_slot_mba_stateful	slot_mba_stateful	0	1	1	1	100.0	0	target_binding_validated	compiler_expression_recovered	candidate_refuted	116	51	((0xef1bbeaau + u16_8) + state0) - (state0 ^ u32_0)	(mask32((mask32(u16_8 + (mask32((mask32(state0 - (mask32(u32_0 ^ state0)))) + 0x477d7abb)))) - 0x5861bc11)) & 0xffff	state0;u16_8;u32_0	dumps/vmtail-wide-1m-w16/vm_mba_dispatch_formula_compiler_proofs/dispatch_314_00.smt2	sat\n(\n  (define-fun state0 () (_ BitVec 32)\n    #xe8bad690)\n  (define-fun u32_0 () (_ BitVec 32)\n    #x766bd690)\n  (define-fun u16_8 () (_ BitVec 32)\n    #x00000cdf)\n)
315	vmop_315_plus0x4_state_mixed_slot_mba_stateful	slot_mba_stateful	0	128	128	1	100.0	0	target_binding_validated	compiler_expression_recovered	proved_equivalent	37	39	((u16_2 & 0xffffu) & 0xffffu) ^ 0xf071u	(mask32(u16_2 ^ 0x42c7f071)) & 0xffff	u16_2	dumps/vmtail-wide-1m-w16/vm_mba_dispatch_formula_compiler_proofs/dispatch_315_00.smt2	"unsat\n(error ""line 7 column 10: model is not available"")"
317	vmop_317_plus0x4_state_add_const_slot_multi_path	slot_multi_path	0	47	66	3	100.0	0	target_binding_validated	compiler_expression_recovered	candidate_refuted	271	151	(u16_0 + 0x18e7b255u) - ((((((((state0 - flags0) | flags0) ^ (u16_2 + flags0)) & flags0) & 0x19a77bau) + flags0) | flags0) ^ ((~flags0) & 0x501e3e6cu))	(mask32((mask32(u16_0 - (mask32((mask32((mask32((mask32((mask32((mask32((mask32((mask32(state0 - flags0)) | flags0)) ^ (mask32(u16_2 + flags0)))) & (mask32(flags0 & 0x19a77ba)))) + flags0)) | flags0)) ^ (mask32(flags0 | 0x501e3e6c)))) ^ flags0)))) + 0x18e7b255)) & 0xffff	flags0;state0;u16_0;u16_2	dumps/vmtail-wide-1m-w16/vm_mba_dispatch_formula_compiler_proofs/dispatch_317_00.smt2	sat\n(\n  (define-fun u16_0 () (_ BitVec 32)\n    #x0000e436)\n  (define-fun flags0 () (_ BitVec 32)\n    #x10ff56b7)\n  (define-fun u16_2 () (_ BitVec 32)\n    #x0000cb91)\n  (define-fun state0 () (_ BitVec 32)\n    #x00ffbdc0)\n)
317	vmop_317_plus0x4_state_add_const_slot_multi_path	slot_multi_path	1	12	66	3	100.0	0	target_binding_validated	compiler_expression_recovered	candidate_refuted	1007	471	(u16_0 + 0x18e7b255u) - ((((((((state0 - (((0xd528cc0fu + flags0) ^ 0x12461866u) & 0x2d8e67e2u)) | (((0xd528cc0fu + flags0) ^ 0x12461866u) & 0x2d8e67e2u)) ^ (u16_2 + (((0xd528cc0fu + flags0) ^ 0x12461866u) & 0x2d8e67e2u))) & ((0xd528cc0fu + flags0) ^ 0x12461866u)) & 0x18a67a2u) + (((0xd528cc0fu + flags0) ^ 0x12461866u) & 0x2d8e67e2u)) | (((0xd528cc0fu + flags0) ^ 0x12461866u) & 0x2d8e67e2u)) ^ ((~(((0xd528cc0fu + flags0) ^ 0x12461866u) & 0x2d8e67e2u)) & 0x501e3e6cu))	(mask32((mask32(u16_0 - (mask32((mask32((mask32((mask32((mask32((mask32((mask32((mask32(state0 - (mask32((mask32((mask32((mask32(flags0 + 0x189c9c80)) - 0x4373d071)) ^ 0x12461866)) & 0x2d8e67e2)))) | (mask32((mask32((mask32((mask32(flags0 + 0x189c9c80)) - 0x4373d071)) ^ 0x12461866)) & 0x2d8e67e2)))) ^ (mask32(u16_2 + (mask32((mask32((mask32((mask32(flags0 + 0x189c9c80)) - 0x4373d071)) ^ 0x12461866)) & 0x2d8e67e2)))))) & (mask32((mask32((mask32((mask32((mask32(flags0 + 0x189c9c80)) - 0x4373d071)) ^ 0x12461866)) & 0x2d8e67e2)) & 0x19a77ba)))) + (mask32((mask32((mask32((mask32(flags0 + 0x189c9c80)) - 0x4373d071)) ^ 0x12461866)) & 0x2d8e67e2)))) | (mask32((mask32((mask32((mask32(flags0 + 0x189c9c80)) - 0x4373d071)) ^ 0x12461866)) & 0x2d8e67e2)))) ^ (mask32((mask32((mask32((mask32((mask32(flags0 + 0x189c9c80)) - 0x4373d071)) ^ 0x12461866)) & 0x2d8e67e2)) | 0x501e3e6c)))) ^ (mask32((mask32((mask32((mask32(flags0 + 0x189c9c80)) - 0x4373d071)) ^ 0x12461866)) & 0x2d8e67e2)))))) + 0x18e7b255)) & 0xffff	flags0;state0;u16_0;u16_2	dumps/vmtail-wide-1m-w16/vm_mba_dispatch_formula_compiler_proofs/dispatch_317_01.smt2	sat\n(\n  (define-fun u16_0 () (_ BitVec 32)\n    #x00000000)\n  (define-fun flags0 () (_ BitVec 32)\n    #x00000000)\n  (define-fun u16_2 () (_ BitVec 32)\n    #x00000000)\n  (define-fun state0 () (_ BitVec 32)\n    #x00000000)\n)
317	vmop_317_plus0x4_state_add_const_slot_multi_path	slot_multi_path	2	7	66	3	100.0	0	target_binding_validated	compiler_expression_recovered	candidate_refuted	639	263	(u16_0 + 0x18e7b255u) - ((((((((state0 - (0xd528cc0fu + flags0)) | (0xd528cc0fu + flags0)) ^ (u16_2 + (0xd528cc0fu + flags0))) & (0xd528cc0fu + flags0)) & 0x19a77bau) + (0xd528cc0fu + flags0)) | (0xd528cc0fu + flags0)) ^ ((~(0xd528cc0fu + flags0)) & 0x501e3e6cu))	(mask32((mask32(u16_0 - (mask32((mask32((mask32((mask32((mask32((mask32((mask32((mask32(state0 - (mask32((mask32(flags0 + 0x189c9c80)) - 0x4373d071)))) | (mask32((mask32(flags0 + 0x189c9c80)) - 0x4373d071)))) ^ (mask32(u16_2 + (mask32((mask32(flags0 + 0x189c9c80)) - 0x4373d071)))))) & (mask32((mask32((mask32(flags0 + 0x189c9c80)) - 0x4373d071)) & 0x19a77ba)))) + (mask32((mask32(flags0 + 0x189c9c80)) - 0x4373d071)))) | (mask32((mask32(flags0 + 0x189c9c80)) - 0x4373d071)))) ^ (mask32((mask32((mask32(flags0 + 0x189c9c80)) - 0x4373d071)) | 0x501e3e6c)))) ^ (mask32((mask32(flags0 + 0x189c9c80)) - 0x4373d071)))))) + 0x18e7b255)) & 0xffff	flags0;state0;u16_0;u16_2	dumps/vmtail-wide-1m-w16/vm_mba_dispatch_formula_compiler_proofs/dispatch_317_02.smt2	sat\n(\n  (define-fun u16_0 () (_ BitVec 32)\n    #x00008419)\n  (define-fun flags0 () (_ BitVec 32)\n    #x30dd2800)\n  (define-fun u16_2 () (_ BitVec 32)\n    #x00005050)\n  (define-fun state0 () (_ BitVec 32)\n    #x007a2f8d)\n)
319	vmop_319_plus0x5_state_add_const_slot_multi_path	slot_multi_path	0	72	128	2	100.0	0	target_binding_validated	compiler_expression_recovered	candidate_refuted	285	127	(0x7f20b820u + ((((state0 + 0x4fa9822eu) & flags0) + 0x2ba77993u) ^ (((state0 + 0x4fa9822eu) & flags0) | 0x5ed258f1u))) + u16_2	(mask32((mask32(u16_2 + (mask32((mask32((mask32((mask32(state0 & (mask32(flags0 & (mask32(state0 + 0x4fa9822e)))))) | 0x5ed258f1)) | (mask32(flags0 & (mask32(state0 + 0x4fa9822e)))))) ^ (mask32((mask32(flags0 & (mask32(state0 + 0x4fa9822e)))) + 0x2ba77993)))))) + 0x7f20b820)) & 0xffff	flags0;state0;u16_2	dumps/vmtail-wide-1m-w16/vm_mba_dispatch_formula_compiler_proofs/dispatch_319_00.smt2	sat\n(\n  (define-fun flags0 () (_ BitVec 32)\n    #x7959af5f)\n  (define-fun u16_2 () (_ BitVec 32)\n    #x0000711b)\n  (define-fun state0 () (_ BitVec 32)\n    #x8e5229b1)\n)
319	vmop_319_plus0x5_state_add_const_slot_multi_path	slot_multi_path	1	56	128	2	100.0	0	target_binding_validated	compiler_expression_recovered	candidate_refuted	423	191	(0x7f20b820u + (((((flags0 | 0x6be63b72u) ^ 0x55d6ffe2u) & (0x4fa9822eu + state0)) + 0x2ba77993u) ^ ((((flags0 | 0x6be63b72u) ^ 0x55d6ffe2u) & (0x4fa9822eu + state0)) | 0x5ed258f1u))) + u16_2	(mask32((mask32(u16_2 + (mask32((mask32((mask32((mask32(state0 & (mask32((mask32((mask32(flags0 | 0x6be63b72)) ^ 0x55d6ffe2)) & (mask32(state0 + 0x4fa9822e)))))) | 0x5ed258f1)) | (mask32((mask32((mask32(flags0 | 0x6be63b72)) ^ 0x55d6ffe2)) & (mask32(state0 + 0x4fa9822e)))))) ^ (mask32((mask32((mask32((mask32(flags0 | 0x6be63b72)) ^ 0x55d6ffe2)) & (mask32(state0 + 0x4fa9822e)))) + 0x2ba77993)))))) + 0x7f20b820)) & 0xffff	flags0;state0;u16_2	dumps/vmtail-wide-1m-w16/vm_mba_dispatch_formula_compiler_proofs/dispatch_319_01.smt2	sat\n(\n  (define-fun flags0 () (_ BitVec 32)\n    #x00000000)\n  (define-fun u16_2 () (_ BitVec 32)\n    #x00000000)\n  (define-fun state0 () (_ BitVec 32)\n    #x00000000)\n)
320	vmop_320_plus0x5_state_add_const_slot_mba_stateful	slot_mba_stateful	0	128	128	1	100.0	0	target_binding_validated	compiler_expression_recovered	candidate_refuted	94	52	((0x7e143884u + u16_3) + flags0) - (flags0 & state0)	(mask32(u16_3 - (mask32((mask32((mask32(state0 & flags0)) - flags0)) - 0x7e143884)))) & 0xffff	flags0;state0;u16_3	dumps/vmtail-wide-1m-w16/vm_mba_dispatch_formula_compiler_proofs/dispatch_320_00.smt2	sat\n(\n  (define-fun flags0 () (_ BitVec 32)\n    #xc1bb713f)\n  (define-fun u16_3 () (_ BitVec 32)\n    #x000037ff)\n  (define-fun state0 () (_ BitVec 32)\n    #x81900840)\n)
321	vmop_321_plus0xd_state_preserve_slot_multi_path	slot_multi_path	0	19	19	1	0.0	19	target_binding_not_validated	compiler_expression_recovered	candidate_refuted	139	67	(u16_2 + 0x11da7c24u) - (((flags0 ^ u16_0) + state0) | 0x2d680d90u)	(mask32((mask32(u16_2 - (mask32((mask32((mask32(state0 + (mask32(u16_0 ^ flags0)))) | 0x2d680d90)) + 0x69cbe1a0)))) + 0x7ba65dc4)) & 0xffff	flags0;state0;u16_0;u16_2	dumps/vmtail-wide-1m-w16/vm_mba_dispatch_formula_compiler_proofs/dispatch_321_00.smt2	sat\n(\n  (define-fun u16_0 () (_ BitVec 32)\n    #x00000000)\n  (define-fun flags0 () (_ BitVec 32)\n    #x00000000)\n  (define-fun u16_2 () (_ BitVec 32)\n    #x00000000)\n  (define-fun state0 () (_ BitVec 32)\n    #x00000000)\n)
322	vmop_322_plus0x4_state_add_const_slot_multi_path	slot_multi_path	0	128	128	1	100.0	0	target_binding_validated	compiler_expression_recovered	candidate_refuted	139	67	(u16_2 + 0x11da7c24u) - (((flags0 ^ u16_0) + state0) | 0x2d680d90u)	(mask32((mask32(u16_2 - (mask32((mask32((mask32(state0 + (mask32(u16_0 ^ flags0)))) | 0x2d680d90)) + 0x69cbe1a0)))) + 0x7ba65dc4)) & 0xffff	flags0;state0;u16_0;u16_2	dumps/vmtail-wide-1m-w16/vm_mba_dispatch_formula_compiler_proofs/dispatch_322_00.smt2	sat\n(\n  (define-fun u16_0 () (_ BitVec 32)\n    #x00000000)\n  (define-fun flags0 () (_ BitVec 32)\n    #x00000000)\n  (define-fun u16_2 () (_ BitVec 32)\n    #x00000000)\n  (define-fun state0 () (_ BitVec 32)\n    #x00000000)\n)
326	vmop_326_plus0x5_state_add_const_slot_mba_stateful	slot_mba_stateful	0	31	31	1	100.0	0	target_binding_validated	compiler_expression_recovered	proved_equivalent	37	39	((u16_1 & 0xffffu) & 0xffffu) ^ 0xeebeu	(mask32(u16_1 ^ 0x50d4eebe)) & 0xffff	u16_1	dumps/vmtail-wide-1m-w16/vm_mba_dispatch_formula_compiler_proofs/dispatch_326_00.smt2	"unsat\n(error ""line 7 column 10: model is not available"")"
331	vmop_331_plus0x3_state_formula_slot_multi_path	slot_multi_path	0	5	5	1	100.0	0	target_binding_validated	compiler_expression_recovered	candidate_refuted	204	126	(u16_0 - 0x35a6d51u) - (((0x6859cefdu + flags0) + (((state0 & 0x3eb8b067u) + flags0) & (flags0 ^ 0x1f891278u))) | 0x47dd4277u)	(mask32((mask32(u16_0 - (mask32((mask32((mask32((mask32((mask32((mask32(state0 & 0x3eb8b067)) + flags0)) & (mask32(flags0 ^ 0x1f891278)))) + flags0)) + 0x6859cefd)) | 0x47dd4277)))) - 0x35a6d51)) & 0xffff	flags0;state0;u16_0	dumps/vmtail-wide-1m-w16/vm_mba_dispatch_formula_compiler_proofs/dispatch_331_00.smt2	sat\n(\n  (define-fun u16_0 () (_ BitVec 32)\n    #x00000000)\n  (define-fun flags0 () (_ BitVec 32)\n    #x00000000)\n  (define-fun state0 () (_ BitVec 32)\n    #x00000000)\n)
332	vmop_332_plus0x4_state_add_const_slot_multi_path	slot_multi_path	0	128	128	1	100.0	0	target_binding_validated	compiler_expression_recovered	candidate_refuted	698	283	(((0x149316fau + ((((state0 | 0x2f0ca7d2u) & flags0) & ((state0 | 0x30661b97u) - 0x23cebdbcu)) ^ ((state0 & 0x57d9fe65u) | 0x10401a05u))) + ((((state0 | 0x2f0ca7d2u) & flags0) & ((state0 | 0x30661b97u) - 0x23cebdbcu)) ^ ((state0 & 0x57d9fe65u) | 0x10401a05u))) ^ u16_2) + 0x42097e5du	(mask32((mask32(u16_2 ^ (mask32((mask32((mask32((mask32((mask32((mask32(state0 | 0x30661b97)) & 0x57d9fe65)) | (mask32((mask32((mask32(flags0 & (mask32(state0 | 0x2f0ca7d2)))) & (mask32((mask32(state0 | 0x30661b97)) - 0x23cebdbc)))) ^ (mask32((mask32(state0 | 0x30661b97)) & 0x57d9fe65)))))) & (mask32((mask32((mask32(flags0 & (mask32(state0 | 0x2f0ca7d2)))) & (mask32((mask32(state0 | 0x30661b97)) - 0x23cebdbc)))) ^ (mask32((mask32(state0 | 0x30661b97)) & 0x57d9fe65)))))) + 0x149316fa)) + (mask32((mask32((mask32(flags0 & (mask32(state0 | 0x2f0ca7d2)))) & (mask32((mask32(state0 | 0x30661b97)) - 0x23cebdbc)))) ^ (mask32((mask32(state0 | 0x30661b97)) & 0x57d9fe65)))))))) + 0x42097e5d)) & 0xffff	flags0;state0;u16_2	dumps/vmtail-wide-1m-w16/vm_mba_dispatch_formula_compiler_proofs/dispatch_332_00.smt2	sat\n(\n  (define-fun flags0 () (_ BitVec 32)\n    #x07313272)\n  (define-fun u16_2 () (_ BitVec 32)\n    #x0000c014)\n  (define-fun state0 () (_ BitVec 32)\n    #x4331b840)\n)
333	vmop_333_plus0x4_state_add_const_slot_multi_path	slot_multi_path	0	128	128	1	100.0	0	target_binding_validated	compiler_expression_recovered	candidate_refuted	239	144	u16_0 - (((((((flags0 ^ state0) | 0x37ccc6eau) ^ state0) - 0x61e56767u) & (flags0 ^ state0)) + ((flags0 ^ state0) | 0x71cc1ee8u)) | 0x569ecec3u)	(mask32(u16_0 - (mask32((mask32((mask32((mask32((mask32(state0 ^ (mask32((mask32(flags0 ^ state0)) | 0x37ccc6ea)))) - 0x61e56767)) & (mask32(flags0 ^ state0)))) + (mask32((mask32(flags0 ^ state0)) | 0x71cc1ee8)))) | 0x569ecec3)))) & 0xffff	flags0;state0;u16_0	dumps/vmtail-wide-1m-w16/vm_mba_dispatch_formula_compiler_proofs/dispatch_333_00.smt2	sat\n(\n  (define-fun u16_0 () (_ BitVec 32)\n    #x0000cfff)\n  (define-fun flags0 () (_ BitVec 32)\n    #xe208c048)\n  (define-fun state0 () (_ BitVec 32)\n    #x811475a2)\n)
336	vmop_336_plus0x5_state_add_const_slot_mba_stateful	slot_mba_stateful	0	33	33	1	100.0	0	target_binding_validated	compiler_expression_recovered	proved_equivalent	37	38	((u16_2 & 0xffffu) & 0xffffu) ^ 0x9e8u	(mask32(u16_2 ^ 0x114009e8)) & 0xffff	u16_2	dumps/vmtail-wide-1m-w16/vm_mba_dispatch_formula_compiler_proofs/dispatch_336_00.smt2	"unsat\n(error ""line 7 column 10: model is not available"")"
337	vmop_337_plus0x4_state_add_const_slot_multi_path	slot_multi_path	0	85	128	2	100.0	0	target_binding_validated	compiler_expression_recovered	candidate_refuted	325	157	(((((0x2051de91u - (flags0 + u16_2)) & (0x61f749a7u + flags0)) | 0x51d7631au) ^ (((0x61f749a7u + flags0) ^ 0x3de72107u) & 0xe04b834u)) + u16_0) ^ 0x2060ddeau	(mask32((mask32(u16_0 + (mask32((mask32((mask32((mask32((mask32((mask32(state0 - flags0)) - (mask32((mask32(u16_2 + (mask32(state0 - flags0)))) + flags0)))) + 0x2051de91)) & (mask32(flags0 + 0x61f749a7)))) | 0x51d7631a)) ^ (mask32((mask32((mask32(flags0 + 0x61f749a7)) ^ 0x3de72107)) & 0xe04b834)))))) ^ 0x2060ddea)) & 0xffff	flags0;state0;u16_0;u16_2	dumps/vmtail-wide-1m-w16/vm_mba_dispatch_formula_compiler_proofs/dispatch_337_00.smt2	sat\n(\n  (define-fun u16_0 () (_ BitVec 32)\n    #x00001928)\n  (define-fun flags0 () (_ BitVec 32)\n    #x80000000)\n  (define-fun u16_2 () (_ BitVec 32)\n    #x0000f540)\n  (define-fun state0 () (_ BitVec 32)\n    #x00000000)\n)
337	vmop_337_plus0x4_state_add_const_slot_multi_path	slot_multi_path	1	43	128	2	100.0	0	target_binding_validated	compiler_expression_recovered	candidate_refuted	280	126	(((((0x2051de91u - (flags0 + u16_2)) & (0x61f749a7u + flags0)) | 0x51d7631au) ^ (0x61f749a7u + flags0)) + u16_0) ^ 0x2060ddeau	(mask32((mask32(u16_0 + (mask32((mask32((mask32((mask32((mask32((mask32(state0 - flags0)) - (mask32((mask32(u16_2 + (mask32(state0 - flags0)))) + flags0)))) + 0x2051de91)) & (mask32(flags0 + 0x61f749a7)))) | 0x51d7631a)) ^ (mask32(flags0 + 0x61f749a7)))))) ^ 0x2060ddea)) & 0xffff	flags0;state0;u16_0;u16_2	dumps/vmtail-wide-1m-w16/vm_mba_dispatch_formula_compiler_proofs/dispatch_337_01.smt2	sat\n(\n  (define-fun u16_0 () (_ BitVec 32)\n    #x00007969)\n  (define-fun flags0 () (_ BitVec 32)\n    #x34113e38)\n  (define-fun u16_2 () (_ BitVec 32)\n    #x00006e1f)\n  (define-fun state0 () (_ BitVec 32)\n    #x00000000)\n)
338	vmop_338_plus0x6_state_add_const_slot_mba_stateful	slot_mba_stateful	0	128	128	1	100.0	0	target_binding_validated	compiler_expression_recovered	candidate_refuted	56	30	(u16_0 - 0x4bf8be0cu) - state0	(mask32((mask32(u16_0 - state0)) - 0x4bf8be0c)) & 0xffff	state0;u16_0	dumps/vmtail-wide-1m-w16/vm_mba_dispatch_formula_compiler_proofs/dispatch_338_00.smt2	sat\n(\n  (define-fun u16_0 () (_ BitVec 32)\n    #x00008104)\n  (define-fun state0 () (_ BitVec 32)\n    #x80000000)\n)
340	vmop_340_plus0x4_state_add_const_slot_multi_path	slot_multi_path	0	128	128	1	100.0	0	target_binding_validated	compiler_expression_recovered	candidate_refuted	119	71	(0x9097995u + (((state0 - 0x2b2e5a26u) ^ 0x7535dd25u) | u16_2)) + u16_0	(mask32((mask32(u16_0 + (mask32((mask32((mask32(state0 - 0x2b2e5a26)) ^ 0x7535dd25)) | u16_2)))) + 0x9097995)) & 0xffff	state0;u16_0;u16_2	dumps/vmtail-wide-1m-w16/vm_mba_dispatch_formula_compiler_proofs/dispatch_340_00.smt2	sat\n(\n  (define-fun u16_0 () (_ BitVec 32)\n    #x0000b5fe)\n  (define-fun u16_2 () (_ BitVec 32)\n    #x000041d0)\n  (define-fun state0 () (_ BitVec 32)\n    #xb6952a24)\n)
345	vmop_345_plus0x6_state_add_const_slot_mba_stateful	slot_mba_stateful	0	128	128	1	100.0	0	target_binding_validated	compiler_expression_recovered	candidate_refuted	89	46	((flags0 + state0) + u16_0) + (state0 ^ u32_2)	(mask32(u16_0 + (mask32(state0 + (mask32((mask32(u32_2 ^ state0)) + flags0)))))) & 0xffff	flags0;state0;u16_0;u32_2	dumps/vmtail-wide-1m-w16/vm_mba_dispatch_formula_compiler_proofs/dispatch_345_00.smt2	sat\n(\n  (define-fun u16_0 () (_ BitVec 32)\n    #x00004b7c)\n  (define-fun flags0 () (_ BitVec 32)\n    #x8001b6b3)\n  (define-fun state0 () (_ BitVec 32)\n    #x3ffe0525)\n  (define-fun u32_2 () (_ BitVec 32)\n    #x8000e59c)\n)
346	vmop_346_plus0x4_state_add_const_slot_multi_path	slot_multi_path	0	74	128	2	100.0	0	target_binding_validated	compiler_expression_recovered	candidate_refuted	98	57	(((state0 ^ u16_0) ^ flags0) ^ 0x45fbcef1u) + 0x7f7eb061u	(mask32((mask32(u16_0 ^ (mask32(state0 ^ (mask32(flags0 ^ 0x45fbcef1)))))) + 0x7f7eb061)) & 0xffff	flags0;state0;u16_0	dumps/vmtail-wide-1m-w16/vm_mba_dispatch_formula_compiler_proofs/dispatch_346_00.smt2	sat\n(\n  (define-fun u16_0 () (_ BitVec 32)\n    #x00000020)\n  (define-fun flags0 () (_ BitVec 32)\n    #x0e20bef1)\n  (define-fun state0 () (_ BitVec 32)\n    #xd0c27fdf)\n)
346	vmop_346_plus0x4_state_add_const_slot_multi_path	slot_multi_path	1	54	128	2	100.0	0	target_binding_validated	compiler_expression_recovered	candidate_refuted	144	57	(((state0 ^ u16_0) ^ flags0) ^ 0x45daa5e4u) + 0x7f7eb061u	(mask32((mask32(u16_0 ^ (mask32(state0 ^ (mask32((mask32((mask32(flags0 ^ 0x3f746ab3)) ^ 0x3f5501a6)) ^ 0x45fbcef1)))))) + 0x7f7eb061)) & 0xffff	flags0;state0;u16_0	dumps/vmtail-wide-1m-w16/vm_mba_dispatch_formula_compiler_proofs/dispatch_346_01.smt2	sat\n(\n  (define-fun u16_0 () (_ BitVec 32)\n    #x00000020)\n  (define-fun flags0 () (_ BitVec 32)\n    #x040075e4)\n  (define-fun state0 () (_ BitVec 32)\n    #x41ebffdf)\n)
347	vmop_347_plus0x4_state_add_const_slot_multi_path	slot_multi_path	0	92	128	2	100.0	0	target_binding_validated	compiler_expression_recovered	candidate_refuted	2204	818	(((((0x10871fd8u + ((((0x6fa972f0u + flags0) | state0) | (((((0x6fa972f0u + flags0) | state0) & 0x45223942u) ^ flags0) + (((0x6fa972f0u + flags0) | state0) | 0x2efc96c5u))) ^ 0x5cf483c7u)) + u16_2) + ((((((0x6fa972f0u + flags0) | state0) & 0x45223942u) ^ flags0) + (((0x6fa972f0u + flags0) | state0) | 0x2efc96c5u)) | ((((0x6fa972f0u + flags0) | state0) | (((((0x6fa972f0u + flags0) | state0) & 0x45223942u) ^ flags0) + (((0x6fa972f0u + flags0) | state0) | 0x2efc96c5u))) ^ 0x5cf483c7u))) - (((((((0x6fa972f0u + flags0) | state0) & 0x45223942u) ^ flags0) + (((0x6fa972f0u + flags0) | state0) | 0x2efc96c5u)) | ((((0x6fa972f0u + flags0) | state0) | (((((0x6fa972f0u + flags0) | state0) & 0x45223942u) ^ flags0) + (((0x6fa972f0u + flags0) | state0) | 0x2efc96c5u))) ^ 0x5cf483c7u)) ^ 0x7bd54e39u)) ^ u16_0) + 0x449d9e73u	(mask32((mask32(u16_0 ^ (mask32((mask32((mask32((mask32((mask32((mask32((mask32(state0 | (mask32(flags0 + 0x6fa972f0)))) | (mask32((mask32(flags0 ^ (mask32((mask32(state0 | (mask32(flags0 + 0x6fa972f0)))) & 0x45223942)))) + (mask32((mask32(state0 | (mask32(flags0 + 0x6fa972f0)))) | 0x2efc96c5)))))) ^ 0x5cf483c7)) & (mask32((mask32((mask32(flags0 ^ (mask32((mask32(state0 | (mask32(flags0 + 0x6fa972f0)))) & 0x45223942)))) + (mask32((mask32(state0 | (mask32(flags0 + 0x6fa972f0)))) | 0x2efc96c5)))) | (mask32((mask32((mask32(state0 | (mask32(flags0 + 0x6fa972f0)))) | (mask32((mask32(flags0 ^ (mask32((mask32(state0 | (mask32(flags0 + 0x6fa972f0)))) & 0x45223942)))) + (mask32((mask32(state0 | (mask32(flags0 + 0x6fa972f0)))) | 0x2efc96c5)))))) ^ 0x5cf483c7)))))) & (mask32((mask32((mask32(flags0 ^ (mask32((mask32(state0 | (mask32(flags0 + 0x6fa972f0)))) & 0x45223942)))) + (mask32((mask32(state0 | (mask32(flags0 + 0x6fa972f0)))) | 0x2efc96c5)))) | (mask32((mask32((mask32(state0 | (mask32(flags0 + 0x6fa972f0)))) | (mask32((mask32(flags0 ^ (mask32((mask32(state0 | (mask32(flags0 + 0x6fa972f0)))) & 0x45223942)))) + (mask32((mask32(state0 | (mask32(flags0 + 0x6fa972f0)))) | 0x2efc96c5)))))) ^ 0x5cf483c7)))))) + (mask32(u16_2 + (mask32((mask32((mask32(flags0 ^ (mask32((mask32(state0 | (mask32(flags0 + 0x6fa972f0)))) & 0x45223942)))) + (mask32((mask32(state0 | (mask32(flags0 + 0x6fa972f0)))) | 0x2efc96c5)))) | (mask32((mask32((mask32(state0 | (mask32(flags0 + 0x6fa972f0)))) | (mask32((mask32(flags0 ^ (mask32((mask32(state0 | (mask32(flags0 + 0x6fa972f0)))) & 0x45223942)))) + (mask32((mask32(state0 | (mask32(flags0 + 0x6fa972f0)))) | 0x2efc96c5)))))) ^ 0x5cf483c7)))))))) - (mask32((mask32((mask32((mask32((mask32(flags0 ^ (mask32((mask32(state0 | (mask32(flags0 + 0x6fa972f0)))) & 0x45223942)))) + (mask32((mask32(state0 | (mask32(flags0 + 0x6fa972f0)))) | 0x2efc96c5)))) | (mask32((mask32((mask32(state0 | (mask32(flags0 + 0x6fa972f0)))) | (mask32((mask32(flags0 ^ (mask32((mask32(state0 | (mask32(flags0 + 0x6fa972f0)))) & 0x45223942)))) + (mask32((mask32(state0 | (mask32(flags0 + 0x6fa972f0)))) | 0x2efc96c5)))))) ^ 0x5cf483c7)))) ^ 0x7bd54e39)) - 0x10871fd8)))))) + 0x449d9e73)) & 0xffff	flags0;state0;u16_0;u16_2	dumps/vmtail-wide-1m-w16/vm_mba_dispatch_formula_compiler_proofs/dispatch_347_00.smt2	sat\n(\n  (define-fun u16_0 () (_ BitVec 32)\n    #x00007360)\n  (define-fun flags0 () (_ BitVec 32)\n    #x90874150)\n  (define-fun u16_2 () (_ BitVec 32)\n    #x000005ff)\n  (define-fun state0 () (_ BitVec 32)\n    #x130201b6)\n)
347	vmop_347_plus0x4_state_add_const_slot_multi_path	slot_multi_path	1	36	128	2	100.0	0	target_binding_validated	compiler_expression_recovered	candidate_refuted	2388	882	(((((0x10871fd8u + ((((0x6fa972f0u + flags0) | state0) | (((((0x6fa972f0u + flags0) | state0) & 0x45223942u) ^ flags0) + (((0x6fa972f0u + flags0) | state0) | 0x2efc96c5u))) ^ 0x5cf483c7u)) + u16_2) + ((((((((0x6fa972f0u + flags0) | state0) & 0x45223942u) ^ flags0) + (((0x6fa972f0u + flags0) | state0) | 0x2efc96c5u)) | 0x6630614fu) ^ 0x1a7ef2aeu) | ((((0x6fa972f0u + flags0) | state0) | (((((0x6fa972f0u + flags0) | state0) & 0x45223942u) ^ flags0) + (((0x6fa972f0u + flags0) | state0) | 0x2efc96c5u))) ^ 0x5cf483c7u))) - (((((((((0x6fa972f0u + flags0) | state0) & 0x45223942u) ^ flags0) + (((0x6fa972f0u + flags0) | state0) | 0x2efc96c5u)) | 0x6630614fu) ^ 0x1a7ef2aeu) | ((((0x6fa972f0u + flags0) | state0) | (((((0x6fa972f0u + flags0) | state0) & 0x45223942u) ^ flags0) + (((0x6fa972f0u + flags0) | state0) | 0x2efc96c5u))) ^ 0x5cf483c7u)) ^ 0x7bd54e39u)) ^ u16_0) + 0x449d9e73u	(mask32((mask32(u16_0 ^ (mask32((mask32((mask32((mask32((mask32((mask32((mask32(state0 | (mask32(flags0 + 0x6fa972f0)))) | (mask32((mask32(flags0 ^ (mask32((mask32(state0 | (mask32(flags0 + 0x6fa972f0)))) & 0x45223942)))) + (mask32((mask32(state0 | (mask32(flags0 + 0x6fa972f0)))) | 0x2efc96c5)))))) ^ 0x5cf483c7)) & (mask32((mask32((mask32((mask32((mask32(flags0 ^ (mask32((mask32(state0 | (mask32(flags0 + 0x6fa972f0)))) & 0x45223942)))) + (mask32((mask32(state0 | (mask32(flags0 + 0x6fa972f0)))) | 0x2efc96c5)))) | 0x6630614f)) ^ 0x1a7ef2ae)) | (mask32((mask32((mask32(state0 | (mask32(flags0 + 0x6fa972f0)))) | (mask32((mask32(flags0 ^ (mask32((mask32(state0 | (mask32(flags0 + 0x6fa972f0)))) & 0x45223942)))) + (mask32((mask32(state0 | (mask32(flags0 + 0x6fa972f0)))) | 0x2efc96c5)))))) ^ 0x5cf483c7)))))) & (mask32((mask32((mask32((mask32((mask32(flags0 ^ (mask32((mask32(state0 | (mask32(flags0 + 0x6fa972f0)))) & 0x45223942)))) + (mask32((mask32(state0 | (mask32(flags0 + 0x6fa972f0)))) | 0x2efc96c5)))) | 0x6630614f)) ^ 0x1a7ef2ae)) | (mask32((mask32((mask32(state0 | (mask32(flags0 + 0x6fa972f0)))) | (mask32((mask32(flags0 ^ (mask32((mask32(state0 | (mask32(flags0 + 0x6fa972f0)))) & 0x45223942)))) + (mask32((mask32(state0 | (mask32(flags0 + 0x6fa972f0)))) | 0x2efc96c5)))))) ^ 0x5cf483c7)))))) + (mask32(u16_2 + (mask32((mask32((mask32((mask32((mask32(flags0 ^ (mask32((mask32(state0 | (mask32(flags0 + 0x6fa972f0)))) & 0x45223942)))) + (mask32((mask32(state0 | (mask32(flags0 + 0x6fa972f0)))) | 0x2efc96c5)))) | 0x6630614f)) ^ 0x1a7ef2ae)) | (mask32((mask32((mask32(state0 | (mask32(flags0 + 0x6fa972f0)))) | (mask32((mask32(flags0 ^ (mask32((mask32(state0 | (mask32(flags0 + 0x6fa972f0)))) & 0x45223942)))) + (mask32((mask32(state0 | (mask32(flags0 + 0x6fa972f0)))) | 0x2efc96c5)))))) ^ 0x5cf483c7)))))))) - (mask32((mask32((mask32((mask32((mask32((mask32((mask32(flags0 ^ (mask32((mask32(state0 | (mask32(flags0 + 0x6fa972f0)))) & 0x45223942)))) + (mask32((mask32(state0 | (mask32(flags0 + 0x6fa972f0)))) | 0x2efc96c5)))) | 0x6630614f)) ^ 0x1a7ef2ae)) | (mask32((mask32((mask32(state0 | (mask32(flags0 + 0x6fa972f0)))) | (mask32((mask32(flags0 ^ (mask32((mask32(state0 | (mask32(flags0 + 0x6fa972f0)))) & 0x45223942)))) + (mask32((mask32(state0 | (mask32(flags0 + 0x6fa972f0)))) | 0x2efc96c5)))))) ^ 0x5cf483c7)))) ^ 0x7bd54e39)) - 0x10871fd8)))))) + 0x449d9e73)) & 0xffff	flags0;state0;u16_0;u16_2	dumps/vmtail-wide-1m-w16/vm_mba_dispatch_formula_compiler_proofs/dispatch_347_01.smt2	sat\n(\n  (define-fun u16_0 () (_ BitVec 32)\n    #x0000c230)\n  (define-fun flags0 () (_ BitVec 32)\n    #x00644523)\n  (define-fun u16_2 () (_ BitVec 32)\n    #x000027e6)\n  (define-fun state0 () (_ BitVec 32)\n    #x08290010)\n)
348	vmop_348_plus0x5_state_add_const_slot_multi_path	slot_multi_path	0	19	28	2	100.0	0	target_binding_validated	compiler_expression_recovered	candidate_refuted	162	98	((((((state0 & 0x4ead272u) + flags0) | flags0) & 0x19c08712u) | 0x1008000u) ^ u16_0) - 0x369ef0d5u	(mask32((mask32(u16_0 ^ (mask32((mask32((mask32((mask32(state0 & 0x4ead272)) + flags0)) | (mask32(flags0 | 0x2730b0cc)))) & 0x19c08712)))) - 0x369ef0d5)) & 0xffff	flags0;state0;u16_0	dumps/vmtail-wide-1m-w16/vm_mba_dispatch_formula_compiler_proofs/dispatch_348_00.smt2	sat\n(\n  (define-fun u16_0 () (_ BitVec 32)\n    #x00000000)\n  (define-fun flags0 () (_ BitVec 32)\n    #x00000000)\n  (define-fun state0 () (_ BitVec 32)\n    #x00000000)\n)
348	vmop_348_plus0x5_state_add_const_slot_multi_path	slot_multi_path	1	9	28	2	100.0	0	target_binding_validated	compiler_expression_recovered	candidate_refuted	231	147	(((((((flags0 | 0x2730b0ccu) - 0x5c278a20u) & 0x31691179u) - 0x5c3efee3u) | ((state0 & 0x4ead272u) + flags0)) & 0x19c08712u) ^ u16_0) - 0x369ef0d5u	(mask32((mask32(u16_0 ^ (mask32((mask32((mask32((mask32(state0 & 0x4ead272)) + flags0)) | (mask32((mask32((mask32((mask32(flags0 | 0x2730b0cc)) - 0x5c278a20)) & 0x31691179)) - 0x5c3efee3)))) & 0x19c08712)))) - 0x369ef0d5)) & 0xffff	flags0;state0;u16_0	dumps/vmtail-wide-1m-w16/vm_mba_dispatch_formula_compiler_proofs/dispatch_348_01.smt2	sat\n(\n  (define-fun u16_0 () (_ BitVec 32)\n    #x00000000)\n  (define-fun flags0 () (_ BitVec 32)\n    #x00000000)\n  (define-fun state0 () (_ BitVec 32)\n    #x00000000)\n)
350	vmop_350_plus0x4_state_add_const_slot_mba_stateful	slot_mba_stateful	0	128	128	1	100.0	0	target_binding_validated	compiler_expression_recovered	candidate_refuted	353	97	(((((0x826ee0a3u + state0) & flags0) ^ (state0 + 0x28915f09u)) & (~u16_0)) ^ u16_2) ^ 0x678e3cb6u	(mask32((mask32(u16_2 ^ (mask32((mask32((mask32((mask32(state0 + 0x5c4fb994)) - 0x33be5a8b)) ^ (mask32(flags0 & (mask32((mask32(state0 + 0x5c4fb994)) + 0x261f270f)))))) & (mask32(u16_0 ^ (mask32((mask32((mask32(state0 + 0x5c4fb994)) - 0x33be5a8b)) ^ (mask32(flags0 & (mask32((mask32(state0 + 0x5c4fb994)) + 0x261f270f)))))))))))) ^ 0x678e3cb6)) & 0xffff	flags0;state0;u16_0;u16_2	dumps/vmtail-wide-1m-w16/vm_mba_dispatch_formula_compiler_proofs/dispatch_350_00.smt2	sat\n(\n  (define-fun u16_0 () (_ BitVec 32)\n    #x000067ce)\n  (define-fun flags0 () (_ BitVec 32)\n    #x69bda808)\n  (define-fun u16_2 () (_ BitVec 32)\n    #x00002ad7)\n  (define-fun state0 () (_ BitVec 32)\n    #xfcb0c037)\n)
351	vmop_351_plus0x5_state_add_const_slot_mba_stateful	slot_mba_stateful	0	128	128	1	100.0	0	target_binding_validated	compiler_expression_recovered	candidate_refuted	56	30	(state0 + u16_2) - 0x7b3a2d18u	(mask32((mask32(u16_2 + state0)) - 0x7b3a2d18)) & 0xffff	state0;u16_2	dumps/vmtail-wide-1m-w16/vm_mba_dispatch_formula_compiler_proofs/dispatch_351_00.smt2	sat\n(\n  (define-fun u16_2 () (_ BitVec 32)\n    #x00009d0f)\n  (define-fun state0 () (_ BitVec 32)\n    #xfb86128f)\n)
352	vmop_352_plus0x2_state_add_const_slot_mba_stateful	slot_mba_stateful	0	128	128	1	100.0	0	target_binding_validated	compiler_expression_recovered	candidate_refuted	79	46	(0x331dfc06u + (state0 & 0x31863366u)) + u16_0	(mask32((mask32(u16_0 + (mask32(state0 & 0x31863366)))) + 0x331dfc06)) & 0xffff	state0;u16_0	dumps/vmtail-wide-1m-w16/vm_mba_dispatch_formula_compiler_proofs/dispatch_352_00.smt2	sat\n(\n  (define-fun u16_0 () (_ BitVec 32)\n    #x00000000)\n  (define-fun state0 () (_ BitVec 32)\n    #x00000000)\n)
356	vmop_356_plus0xa_state_preserve_slot_mba_stateful	slot_mba_stateful	0	116	116	1	0.0	116	target_binding_not_validated	compiler_expression_recovered	candidate_refuted	75	41	((state0 ^ flags0) ^ u16_0) + 0x70d7d4a7u	(mask32((mask32(u16_0 ^ (mask32(state0 ^ flags0)))) + 0x70d7d4a7)) & 0xffff	flags0;state0;u16_0	dumps/vmtail-wide-1m-w16/vm_mba_dispatch_formula_compiler_proofs/dispatch_356_00.smt2	sat\n(\n  (define-fun u16_0 () (_ BitVec 32)\n    #x000076fe)\n  (define-fun flags0 () (_ BitVec 32)\n    #x0008545c)\n  (define-fun state0 () (_ BitVec 32)\n    #xf2a7311e)\n)
357	vmop_357_plus0x5_state_add_const_slot_mba_stateful	slot_mba_stateful	0	6	6	1	100.0	0	target_binding_validated	compiler_expression_recovered	candidate_refuted	75	41	((state0 ^ flags0) ^ u16_0) + 0x70d7d4a7u	(mask32((mask32(u16_0 ^ (mask32(state0 ^ flags0)))) + 0x70d7d4a7)) & 0xffff	flags0;state0;u16_0	dumps/vmtail-wide-1m-w16/vm_mba_dispatch_formula_compiler_proofs/dispatch_357_00.smt2	sat\n(\n  (define-fun u16_0 () (_ BitVec 32)\n    #x000076fe)\n  (define-fun flags0 () (_ BitVec 32)\n    #x0008545c)\n  (define-fun state0 () (_ BitVec 32)\n    #xf2a7311e)\n)
359	vmop_359_plus0x5_state_add_const_slot_multi_path	slot_multi_path	0	4	4	1	100.0	0	target_binding_validated	compiler_expression_recovered	candidate_refuted	98	57	(0x997c441fu + ((flags0 | 0x16bae797u) & state0)) + u16_2	(mask32((mask32(u16_2 + (mask32(state0 & (mask32(flags0 | 0x16bae797)))))) - 0x6683bbe1)) & 0xffff	flags0;state0;u16_2	dumps/vmtail-wide-1m-w16/vm_mba_dispatch_formula_compiler_proofs/dispatch_359_00.smt2	sat\n(\n  (define-fun flags0 () (_ BitVec 32)\n    #xa0010840)\n  (define-fun u16_2 () (_ BitVec 32)\n    #x0000ebe4)\n  (define-fun state0 () (_ BitVec 32)\n    #xa683a9c0)\n)
