entry	target	class	events	delta	shape	word_shape	operand_layout	word_layout	ip_reads	state_ir	flag_ir	dispatch_slot_ir	ip_advance_ir	long_branch_ir	long_branch_operands	sampled_operand_ir	sampled_operand_operands	tail_ir	path_profile	branch_profile	branch_sites	branch_gpr_profile	branch_gpr_sites	validation	top_targets
0	0x78561	static_validated	89	+0x5	EECCE	EC	b0=enum5(0x8d:41,0x4a:17,0xbe:14,0xef:10,0x1a:7);b1=enum5(0xc2:41,0x34:17,0x06:14,0x7f:10,0xf6:7);b2=0x3d;b3=0x01;b4=enum5(0x35:41,0xa3:17,0xe5:14,0x0f:10,0xb5:7)	w0=enum5(0xc28d:41,0x344a:17,0x06be:14,0x7fef:10,0xf61a:7);w1=0x013d	0x78614:u16_2,0x7862f:byte0,0x786f1:b4,0x78726:u16_2,0x787bc:u16_0	0x785c5: state xor= state0 ^ 0x1966e0e7 | 0x787fe: state sub= state0 ^ 0x1966e0e7 - u16_0 + state0 ^ 0x1966e0e7 - 0x251a0141		48=(mask32((mask32(u16_0 + (mask32(state0 ^ 0x1966e0e7)))) - 0x251a0141)) & 0xffff	48=0x5					next = table[slot]; ip += 48=0x5	1 paths over 48 state events	0/240 unknown branches (0.0%): 		0/240 unknown branches (0.0%): 		state_static=100.0%, dispatch_static=100.0%, dispatch_model=static_100:100.0%, transfer_expr=100.0%/48	352@0xc1ec4:41,144@0x95887:31,257@0xadbfd:10,108@0x8f24b:7
1	0x78835	unobserved_static	0	-	-				0x78850:u16_6,0x78875:u16_4,0x788a2:u32_0,0x78900:u32_2,0x789bd:byte0,0x78b8c:u16_0	0x78923: state and= state0 & u32_2 | 0x789d7: state add= state0 & u32_2 + flags0 - 0x7a70ea42 + 0x68fd81fa | 0x5792765a | 0x78a33: state xor= state0 & u32_2 + flags0 - 0x7a70ea42 + 0x68fd81fa | 0x5792765a ^ flags0 - 0x7a70ea42 + 0x68fd81fa | 0x5792765a & state0 & u32_2 + flags0 - 0x7a70ea42 + 0x68fd81fa | 0x5792765a - 0x53332262 + state0 & u32...#d7bdd20d99b6 | 0x78a93: state sub= state0 & u32_2 + flags0 - 0x7a70ea42 + 0x68fd81fa | 0x5792765a ^ flags0 - 0x7a70ea42 + 0x68fd81fa | 0x5792765a & state0 & u32_2 + flags0 - 0x7a70ea42 + 0x68fd81fa | 0x5792765a - 0x53332262 + state0 & u32...#65de463e8eb9 | ...3 omitted... |...#ebc1b24d16cf	0x78930: flags sub= flags0 - 0x7a70ea42 | 0x7899e: flags add= flags0 - 0x7a70ea42 + 0x68fd81fa | 0x789af: flags or= flags0 - 0x7a70ea42 + 0x68fd81fa | 0x5792765a | 0x789f7: flags and= flags0 - 0x7a70ea42 + 0x68fd81fa | 0x5792765a & state0 & u32_2 + flags0 - 0x7a70ea42 + 0x68fd81fa | 0x5792765a - 0x53332262 | ...1 omitted... | 0x78a67: flags or= flags0 - 0x7a70ea42 + 0x68fd81fa | 0x5792765a & state0 & u32_2 + flags0 - 0x7a70ea42 + 0x68fd81fa | 0x5792765a - 0x53332262 + state0 & u32_2 + flags0 - 0x7a70ea42 + 0x68fd81fa | 0x5792765a + 0x18181cd5 | 0x5976122d														
2	0x788e2	unobserved_static	0	-	-				0x78900:u32_2,0x789bd:byte0,0x78b8c:u16_0	0x78923: state and= state0 & u32_2 | 0x789d7: state add= state0 & u32_2 + flags0 - 0x7a70ea42 + 0x68fd81fa | 0x5792765a | 0x78a33: state xor= state0 & u32_2 + flags0 - 0x7a70ea42 + 0x68fd81fa | 0x5792765a ^ flags0 - 0x7a70ea42 + 0x68fd81fa | 0x5792765a & state0 & u32_2 + flags0 - 0x7a70ea42 + 0x68fd81fa | 0x5792765a - 0x53332262 + state0 & u32...#d7bdd20d99b6 | 0x78a93: state sub= state0 & u32_2 + flags0 - 0x7a70ea42 + 0x68fd81fa | 0x5792765a ^ flags0 - 0x7a70ea42 + 0x68fd81fa | 0x5792765a & state0 & u32_2 + flags0 - 0x7a70ea42 + 0x68fd81fa | 0x5792765a - 0x53332262 + state0 & u32...#65de463e8eb9 | ...3 omitted... |...#ebc1b24d16cf	0x78930: flags sub= flags0 - 0x7a70ea42 | 0x7899e: flags add= flags0 - 0x7a70ea42 + 0x68fd81fa | 0x789af: flags or= flags0 - 0x7a70ea42 + 0x68fd81fa | 0x5792765a | 0x789f7: flags and= flags0 - 0x7a70ea42 + 0x68fd81fa | 0x5792765a & state0 & u32_2 + flags0 - 0x7a70ea42 + 0x68fd81fa | 0x5792765a - 0x53332262 | ...1 omitted... | 0x78a67: flags or= flags0 - 0x7a70ea42 + 0x68fd81fa | 0x5792765a & state0 & u32_2 + flags0 - 0x7a70ea42 + 0x68fd81fa | 0x5792765a - 0x53332262 + state0 & u32_2 + flags0 - 0x7a70ea42 + 0x68fd81fa | 0x5792765a + 0x18181cd5 | 0x5976122d														
3	0x78c77	static_validated	3434	+0x5	VVCCC	VC	b0=var20(top=0x19:19.7%);b1=var60(top=0x26:9.2%);b2=0x00;b3=0x3d;b4=0x01	w0=var289(top=0x2799:5.4%);w1=0x3d00	0x78c84:byte0,0x78d73:byte0,0x79156:b2,0x79182:u16_3,0x791dc:u16_0	0x78cca: state sub= state0 - flags0 | 0x78d10: state sub= state0 - flags0 - 0x1c03cc82 | 0x78d42: state sub= state0 - flags0 - 0x1c03cc82 - flags0 | 0x78d62: state or= state0 - flags0 - 0x1c03cc82 - flags0 | 0x38c49877 | ...2 omitted... | 0x7928d: state xor= state0 - flags0 - 0x1c03cc82 - flags0 | 0x38c49877 - 0x742d9511 + 0x4ddaed7b ^ u16_0 ^ state0 - flags0 - 0x1c03cc82 - flags0 | 0x38c49877 - 0x742d9511 + 0x4ddaed7b + 0x4bc0d288	0x7912e: flags xor= flags0 ^ 0x1f2b12e0	128=(mask32((mask32(u16_0 ^ (mask32((mask32((mask32((mask32((mask32((mask32(state0 - flags0)) - 0x1c03cc82)) - flags0)) | 0x38c49877)) - 0x742d9511)) + 0x4ddaed7b)))) + 0x4bc0d288)) & 0xffff	128=0x5					next = table[slot]; ip += 128=0x5	1 paths over 999 state events	256/384 unknown branches (66.7%): live_in_reg:256	0x78c93:je:live_in_reg:128,0x78cd4:je:live_in_reg:128	0/384 unknown branches (0.0%): 		state_static=100.0%, dispatch_static=100.0%, dispatch_model=static_100:100.0%, transfer_expr=100.0%/128	160@0x994cf:635,256@0xad849:510,257@0xadbfd:503,144@0x95887:485,352@0xc1ec4:418,173@0x9ba74:377
4	0x792f8	unobserved_static	0	-	-				0x79364:byte0,0x793c6:byte0,0x793e8:byte0,0x7941d:byte0,0x794c2:u32_0,0x795e1:u16_4,0x79626:u16_4 - state0 + 0x3b3bbe74 - 0x3732e4cc + 0x154265a3 & 0x2bd560b0 ^ 0x3aea6ba6 + flags0 - state0 + 0x3b3bbe74 - 0x3732e4cc + 0x1f59164b - 0x3bcedb21 ^ u32_0 + state0 + 0x3b3bbe74 - 0x3732e4cc + 0x154265a3 & 0x2bd560b0 ^ 0x3aea6ba6 + flags0 - state0 + 0x3b3bbe74 - 0x3732e4cc + 0x1f59164b - 0x3bcedb21 ^ flags0 - state0 + 0x3b3bbe74 - 0x3732e4cc + 0x1f59164b - 0x3bcedb21 ^ 0x2a994b16	0x79353: state add= state0 + 0x3b3bbe74 | 0x79371: state sub= state0 + 0x3b3bbe74 - 0x3732e4cc | 0x793b3: state add= state0 + 0x3b3bbe74 - 0x3732e4cc + 0x154265a3 | 0x793f5: state and= state0 + 0x3b3bbe74 - 0x3732e4cc + 0x154265a3 & 0x2bd560b0 | ...3 omitted... | 0x79629: state or= state0 + 0x3b3bbe74 - 0x3732e4cc + 0x154265a3 & 0x2bd560b0 ^ 0x3aea6ba6 + flags0 - state0 + 0x3b3bbe74 - 0x3732e4cc + 0x1f59164b - 0x3bcedb21 ^ u32_0 + state0 + 0x3b3bbe74 - 0x3732e4cc + 0x154265a3 & 0x2...#04fb19c980dd	0x79396: flags sub= flags0 - state0 + 0x3b3bbe74 - 0x3732e4cc + 0x1f59164b | 0x793a3: flags sub= flags0 - state0 + 0x3b3bbe74 - 0x3732e4cc + 0x1f59164b - 0x3bcedb21 | 0x79558: flags and= flags0 - state0 + 0x3b3bbe74 - 0x3732e4cc + 0x1f59164b - 0x3bcedb21 & 0x500698c1														
5	0x79675	target_only	0	-	-				0x79690:u16_6,0x796b5:u16_4,0x796e1:u32_0,0x7977d:u16_3,0x79782:u16_0,0x797ea:u16_5,0x79871:u16_3,0x7989f:u16_0,0x79935:u16_7	0x79985: state add= state0 + u16_7 ^ state0 + 0x17cd41c1															
6	0x7971e	unobserved_static	0	-	-				0x7977d:u16_3,0x79782:u16_0,0x797ea:u16_5,0x79871:u16_3,0x7989f:u16_0,0x79935:u16_7	0x79985: state add= state0 + u16_7 ^ state0 + 0x17cd41c1															
7	0x799c7	unobserved_static	0	-	-				0x799e2:u16_2,0x79a08:u16_0,0x79b22:u16_3,0x79b90:byte0,0x79ca9:b2,0x79ce5:u16_3,0x79d32:u16_0	0x79ae2: state or= state0 | flags0															
8	0x79a3d	unobserved_static	0	-	-				0x79b22:u16_3,0x79b90:byte0,0x79ca9:b2,0x79ce5:u16_3,0x79d32:u16_0	0x79ae2: state or= state0 | flags0															
9	0x79da3	partial	3	+0x5	CCCCC	CC	b0=0x69;b1=0x3d;b2=0x01;b3=0xb4;b4=0x4a	w0=0x3d69;w1=0xb401	0x79e24:byte0,0x79f12:b0,0x79f64:u16_1,0x79fcf:u16_3	0x7a00f: state and= state0 & u16_3 - state0 ^ 0x25d88329															256@0xad849:3
10	0x7a04f	unobserved_static	0	-	-				0x7a058:byte0,0x7a065:byte0,0x7a20d:byte0,0x7a324:b4,0x7a354:u16_2,0x7a43a:u16_0	0x7a116: state and= state0 & flags0 | 0x7a270: state xor= state0 & flags0 ^ flags0 + state0 & flags0 + 0x564636d2 & 0x1a79a963 ^ 0x36174357 | 0x7a368: state add= state0 & flags0 ^ flags0 + state0 & flags0 + 0x564636d2 & 0x1a79a963 ^ 0x36174357 + 0x4123783c | 0x7a487: state sub= state0 & flags0 ^ flags0 + state0 & flags0 + 0x564636d2 & 0x1a79a963 ^ 0x36174357 + 0x4123783c - u16_0 ^ state0 & flags0 ^ flags0 + state0 & flags0 + 0x564636d2 & 0x1a79a963 ^ 0x36174357 + 0x4123783c - 0x19471e33	0x7a15b: flags add= flags0 + state0 & flags0 + 0x564636d2 | 0x7a178: flags and= flags0 + state0 & flags0 + 0x564636d2 & 0x1a79a963														
11	0x7a4d8	unobserved_static	0	-	-				0x7a533:u16_6,0x7a575:b8,0x7ab62:u32_0,0x7ab8d:u16_4,0x7abdd:u16_9,0x7ac3f:u16_11	0x7ac87: state add= state0 + u16_11 + state0 ^ 0x4ecbeff6															
12	0x7acd8	unobserved_static	0	-	-				0x7ad3c:u16_4,0x7ad46:u16_6,0x7adc1:u16_2,0x7ae68:u16_0	0x7ad75: state or= state0 | flags0 | 0x7aea6: state or= state0 | flags0 | u16_0 - state0 | flags0 + 0x61ec39cd															
13	0x7aee8	static_validated	5	+0x5	EECCE	EC	b0=enum2(0x9e:4,0x6a:1);b1=enum2(0x7e:4,0x75:1);b2=0x3d;b3=0x01;b4=enum2(0x25:4,0x11:1)	w0=enum2(0x7e9e:4,0x756a:1);w1=0x013d	0x7b082:byte0,0x7b0e7:b4,0x7b113:u16_2,0x7b137:byte0,0x7b2ec:u16_0	0x7b130: state xor= state0 ^ 0x67934603 | 0x7b1ba: state xor= state0 ^ 0x67934603 ^ flags0 - 0x1c36555 | 0x771fee31 | 0x1490ac71 - 0x2de02e8	0x7af1e: flags sub= flags0 - 0x1c36555 | 0x7af2e: flags or= flags0 - 0x1c36555 | 0x771fee31 | 0x7b068: flags or= flags0 - 0x1c36555 | 0x771fee31 | 0x1490ac71 | 0x7b189: flags sub= flags0 - 0x1c36555 | 0x771fee31 | 0x1490ac71 - 0x2de02e8	5=(mask32((mask32(u16_0 - (mask32((mask32(state0 ^ 0x67934603)) ^ (mask32((mask32((mask32((mask32(flags0 - 0x1c36555)) | 0x771fee31)) | 0x1490ac71)) - 0x2de02e8)))))) - 0x5ad3c2e8)) & 0xffff	5=0x5					next = table[slot]; ip += 5=0x5	2 paths over 5 state events	0/45 unknown branches (0.0%): 		0/45 unknown branches (0.0%): 		state_static=100.0%, dispatch_static=100.0%, dispatch_model=static_100:100.0%, transfer_expr=100.0%/5	256@0xad849:4,257@0xadbfd:1
14	0x7b3be	unobserved_static	0	-	-				0x7b543:b4,0x7b59d:u16_2,0x7b655:u16_0	0x7b5cf: state and= state0 & flags0 | 0x7b688: state xor= state0 & flags0 ^ u16_0 - 0x7584d103															
15	0x7b6cb	unobserved_static	0	-	-				0x7b6df:u32_0,0x7b732:u32_0,0x7b961:b0,0x7b9bc:u16_3,0x7ba42:u16_1	0x7b7a9: state xor= state0 ^ flags0 | 0x7baa5: state xor= state0 ^ flags0 ^ u16_1 - 0x699ad46a															
16	0x7b77c	unobserved_static	0	-	-				0x7b961:b0,0x7b9bc:u16_3,0x7ba42:u16_1	0x7b7a9: state xor= state0 ^ flags0 | 0x7baa5: state xor= state0 ^ flags0 ^ u16_1 - 0x699ad46a															
17	0x7bae9	static_validated	758	+0x5	VVEVV	VV	b0=var54(top=0x12:33.9%);b1=var37(top=0xff:35.9%);b2=enum4(0x3a:321,0x62:293,0x32:75,0x50:69);b3=var28(top=0x10:34.4%);b4=var12(top=0xa0:35.0%)	w0=var68(top=0xff12:33.9%);w1=var47(top=0x1062:33.8%)	0x7bb5e:byte0,0x7bb78:u16_0,0x7bbd6:b2,0x7bdc5:u16_3	0x7bb36: state or= state0 | flags0 ^ 0x4365071c | 0x7bba1: state and= state0 | flags0 ^ 0x4365071c & u16_0 ^ state0 | flags0 ^ 0x4365071c + flags0 ^ 0x4365071c | 0x7bc4d: state xor= state0 | flags0 ^ 0x4365071c & u16_0 ^ state0 | flags0 ^ 0x4365071c + flags0 ^ 0x4365071c ^ 0x95f9698 | 0x7be35: state add= state0 | flags0 ^ 0x4365071c & u16_0 ^ state0 | flags0 ^ 0x4365071c + flags0 ^ 0x4365071c ^ 0x95f9698 + u16_3 - state0 | flags0 ^ 0x4365071c & u16_0 ^ state0 | flags0 ^ 0x4365071c + flags0 ^ 0x4365071c ^ 0x95f9698	0x7bb19: flags xor= flags0 ^ 0x4365071c | 0x7bbae: flags sub= flags0 ^ 0x4365071c - 0x69693e45 | 0x7bc3c: flags and= flags0 ^ 0x4365071c - 0x69693e45 & 0x3d8b48f7 | 0x7bc8b: flags sub= flags0 ^ 0x4365071c - 0x69693e45 & 0x3d8b48f7 - 0x1b99cfe0 | ...2 omitted... | 0x7bd2e: flags add= flags0 ^ 0x4365071c - 0x69693e45 & 0x3d8b48f7 - 0x1b99cfe0 + 0x7ec4552a & 0x2b98de46 + 0x459da9b2	128=(mask32(u16_3 - (mask32((mask32((mask32(state0 | (mask32(flags0 ^ 0x4365071c)))) & (mask32((mask32(u16_0 ^ (mask32(state0 | (mask32(flags0 ^ 0x4365071c)))))) + (mask32(flags0 ^ 0x4365071c)))))) ^ 0x95f9698)))) & 0xffff	128=0x5					next = table[slot]; ip += 128=0x5	6 paths over 346 state events	128/896 unknown branches (14.3%): live_in_reg:128	0x7bafa:je:live_in_reg:128	0/896 unknown branches (0.0%): 		state_static=100.0%, dispatch_static=100.0%, dispatch_model=static_100:100.0%, transfer_expr=100.0%/128	300@0xb6c36:256,122@0x9170d:150,28@0x7e390:132,18@0x7be9b:31,92@0x8b8cb:31,200@0xa0a9e:30
18	0x7be9b	static_validated	25448	+0x3	VVV	V	b0=var149(top=0xa0:5.4%);b1=var200(top=0x0a:6.4%);b2=var165(top=0x3a:10.5%)	w0=var1783(top=0x0620:1.2%)	0x7bebd:byte0,0x7bf62:byte0,0x7bf6f:byte0,0x7bf96:byte0,0x7c03a:b2,0x7c148:byte0,0x7c200:u16_0	0x7bf3a: state and= state0 & flags0 | 0x954df65 + 0x5b466f3b | 0x7bf47: state sub= state0 & flags0 | 0x954df65 + 0x5b466f3b - 0x6382ce20 | 0x7bf89: state and= state0 & flags0 | 0x954df65 + 0x5b466f3b - 0x6382ce20 & flags0 | 0x954df65 + 0x5b466f3b | 0x7c2b1: state sub= state0 & flags0 | 0x954df65 + 0x5b466f3b - 0x6382ce20 & flags0 | 0x954df65 + 0x5b466f3b - u16_0 - state0 & flags0 | 0x954df65 + 0x5b466f3b - 0x6382ce20 & flags0 | 0x954df65 + 0x5b466f3b	0x7bf0e: flags or= flags0 | 0x954df65 | 0x7bf1e: flags add= flags0 | 0x954df65 + 0x5b466f3b | 0x7bff0: flags add= flags0 | 0x954df65 + 0x5b466f3b + 0x4872934a | 0x7c0fa: flags sub= flags0 | 0x954df65 + 0x5b466f3b + 0x4872934a - 0x6a461e06 | ...1 omitted... | 0x7c19f: flags or= flags0 | 0x954df65 + 0x5b466f3b + 0x4872934a - 0x6a461e06 - 0x2d264ba3 | 0x52561d19	99=(mask32(u16_0 - (mask32((mask32((mask32(state0 & flags0)) - 0x6382ce20)) & flags0)))) & 0xffff | 29=(mask32(u16_0 - (mask32((mask32((mask32(state0 & (mask32((mask32(flags0 | 0x954df65)) + 0x5b466f3b)))) - 0x6382ce20)) & (mask32((mask32(flags0 | 0x954df65)) + 0x5b466f3b)))))) & 0xffff	128=0x3					next = table[slot]; ip += 128=0x3	2 paths over 7392 state events	128/512 unknown branches (25.0%): live_in_reg:128	0x7bed4:je:live_in_reg:128	0/512 unknown branches (0.0%): 		state_static=100.0%, dispatch_static=100.0%, dispatch_model=static_100:100.0%, transfer_expr=100.0%/128	114@0x90319:1729,189@0x9e7af:1581,347@0xc088d:1461,258@0xadf2c:1384,337@0xbec0e:1249,174@0x9bd8f:1212
19	0x7c30a	unobserved_static	0	-	-				0x7c361:u16_4,0x7c365:u16_2,0x7c3da:u16_9,0x7c45a:u16_2,0x7c47a:u16_4,0x7c50c:b8,0x7c54b:u16_0,0x7c5b4:u16_6	0x7c5fe: state and= state0 & u16_6 - state0 + 0x7d53d38d															
20	0x7c62b	static_validated	9485	+0x4	CCVV	CV	b0=0xe8;b1=0x01;b2=var220(top=0xa5:4.7%);b3=var173(top=0x77:9.9%)	w0=0x01e8;w1=var728(top=0x7ca5:3.7%)	0x7c63f:byte0,0x7c6ed:byte0,0x7c836:u16_0,0x7c9df:u16_2	0x7c689: state or= state0 | flags0 | 0x180e72f2 | 0x7c695: state sub= state0 | flags0 | 0x180e72f2 - 0x36332ac8 | 0x7c8d7: state sub= state0 | flags0 | 0x180e72f2 - 0x36332ac8 - flags0 ^ 0x58f71b08 & 0x17188826 & 0x1fa2014f | 0x7c8e6: state or= state0 | flags0 | 0x180e72f2 - 0x36332ac8 - flags0 ^ 0x58f71b08 & 0x17188826 & 0x1fa2014f | 0x38e67f26 | ...1 omitted... | 0x7ca3d: state and= state0 | flags0 | 0x180e72f2 - 0x36332ac8 - flags0 ^ 0x58f71b08 & 0x17188826 & 0x1fa2014f | 0x38e67f26 - flags0 ^ 0x58f71b08 & 0x17188826 & u16_2 ^ state0 | flags0 | 0x180e72f2 - 0x36332ac8 - flags0 ^ 0x...#17dff327e0b4	0x7c72f: flags xor= flags0 ^ 0x58f71b08 | 0x7c77b: flags and= flags0 ^ 0x58f71b08 & 0x17188826 | 0x7c974: flags or= flags0 ^ 0x58f71b08 & 0x17188826 | state0 | flags0 | 0x180e72f2 - 0x36332ac8 - flags0 ^ 0x58f71b08 & 0x17188826 & 0x1fa2014f | 0x38e67f26 - flags0 ^ 0x58f71b08 & 0x17188826	67=(mask32(u16_2 ^ (mask32((mask32((mask32((mask32((mask32(state0 | (mask32(flags0 | 0x180e72f2)))) - 0x36332ac8)) - (mask32(flags0 & 0x1fa2014f)))) | 0x38e67f26)) - flags0)))) & 0xffff | 61=(mask32(u16_2 ^ (mask32((mask32((mask32((mask32((mask32(state0 | (mask32(flags0 | 0x180e72f2)))) - 0x36332ac8)) - (mask32((mask32((mask32(flags0 ^ 0x58f71b08)) & 0x17188826)) & 0x1fa2014f)))) | 0x38e67f2...#55949319b084	128=0x4					next = table[slot]; ip += 128=0x4	2 paths over 2490 state events	128/384 unknown branches (33.3%): live_in_reg:128	0x7c649:je:live_in_reg:128	0/384 unknown branches (0.0%): 		state_static=100.0%, dispatch_static=100.0%, dispatch_model=static_100:100.0%, transfer_expr=100.0%/128	114@0x90319:1277,258@0xadf2c:806,337@0xbec0e:720,185@0x9d964:712,347@0xc088d:691,18@0x7be9b:539
21	0x7ca98	unobserved_static	0	-	-				0x7caaa:u32_0,0x7cafb:u32_0,0x7cb91:byte0,0x7ccbf:byte0,0x7cd3f:byte0,0x7ce38:byte0,0x7ce66:b2,0x7ce92:u16_0,0x7cf10:u16_3	0x7cc5e: state sub= state0 - flags0 ^ 0x293ef0b0 + 0xf4dbe5a | 0x7cc7f: state and= state0 - flags0 ^ 0x293ef0b0 + 0xf4dbe5a & 0x75af46b | 0x7cd33: state or= state0 - flags0 ^ 0x293ef0b0 + 0xf4dbe5a & 0x75af46b | flags0 ^ 0x293ef0b0 + 0xf4dbe5a | 0x7cfa1: state xor= state0 - flags0 ^ 0x293ef0b0 + 0xf4dbe5a & 0x75af46b | flags0 ^ 0x293ef0b0 + 0xf4dbe5a ^ u16_3 + state0 - flags0 ^ 0x293ef0b0 + 0xf4dbe5a & 0x75af46b | flags0 ^ 0x293ef0b0 + 0xf4dbe5a	0x7cc0a: flags xor= flags0 ^ 0x293ef0b0 | 0x7cc19: flags add= flags0 ^ 0x293ef0b0 + 0xf4dbe5a | 0x7cd89: flags and= flags0 ^ 0x293ef0b0 + 0xf4dbe5a & state0 - flags0 ^ 0x293ef0b0 + 0xf4dbe5a & 0x75af46b | flags0 ^ 0x293ef0b0 + 0xf4dbe5a + 0x5d76e120 | 0x7ce11: flags add= flags0 ^ 0x293ef0b0 + 0xf4dbe5a & state0 - flags0 ^ 0x293ef0b0 + 0xf4dbe5a & 0x75af46b | flags0 ^ 0x293ef0b0 + 0xf4dbe5a + 0x5d76e120 + 0x3805a77a | 0x7ce22: flags or= flags0 ^ 0x293ef0b0 + 0xf4dbe5a & state0 - flags0 ^ 0x293ef0b0 + 0xf4dbe5a & 0x75af46b | flags0 ^ 0x293ef0b0 + 0xf4dbe5a + 0x5d76e120 + 0x3805a77a | 0x4d882022														
22	0x7cb43	unobserved_static	0	-	-				0x7cb91:byte0,0x7ccbf:byte0,0x7cd3f:byte0,0x7ce38:byte0,0x7ce66:b2,0x7ce92:u16_0,0x7cf10:u16_3	0x7cc5e: state sub= state0 - flags0 ^ 0x293ef0b0 + 0xf4dbe5a | 0x7cc7f: state and= state0 - flags0 ^ 0x293ef0b0 + 0xf4dbe5a & 0x75af46b | 0x7cd33: state or= state0 - flags0 ^ 0x293ef0b0 + 0xf4dbe5a & 0x75af46b | flags0 ^ 0x293ef0b0 + 0xf4dbe5a | 0x7cfa1: state xor= state0 - flags0 ^ 0x293ef0b0 + 0xf4dbe5a & 0x75af46b | flags0 ^ 0x293ef0b0 + 0xf4dbe5a ^ u16_3 + state0 - flags0 ^ 0x293ef0b0 + 0xf4dbe5a & 0x75af46b | flags0 ^ 0x293ef0b0 + 0xf4dbe5a	0x7cc0a: flags xor= flags0 ^ 0x293ef0b0 | 0x7cc19: flags add= flags0 ^ 0x293ef0b0 + 0xf4dbe5a | 0x7cd89: flags and= flags0 ^ 0x293ef0b0 + 0xf4dbe5a & state0 - flags0 ^ 0x293ef0b0 + 0xf4dbe5a & 0x75af46b | flags0 ^ 0x293ef0b0 + 0xf4dbe5a + 0x5d76e120 | 0x7ce11: flags add= flags0 ^ 0x293ef0b0 + 0xf4dbe5a & state0 - flags0 ^ 0x293ef0b0 + 0xf4dbe5a & 0x75af46b | flags0 ^ 0x293ef0b0 + 0xf4dbe5a + 0x5d76e120 + 0x3805a77a | 0x7ce22: flags or= flags0 ^ 0x293ef0b0 + 0xf4dbe5a & state0 - flags0 ^ 0x293ef0b0 + 0xf4dbe5a & 0x75af46b | flags0 ^ 0x293ef0b0 + 0xf4dbe5a + 0x5d76e120 + 0x3805a77a | 0x4d882022														
23	0x7d007	unobserved_static	0	-	-				0x7d2a2:byte0,0x7d2b9:byte0,0x7d402:b2,0x7d44f:u16_0,0x7d501:u16_3	0x7d045: state xor= state0 ^ flags0 & 0x3758c69b | 0x21171a0c | 0x7d050: state or= state0 ^ flags0 & 0x3758c69b | 0x21171a0c | 0x76974dc1 | 0x7d0a1: state sub= state0 ^ flags0 & 0x3758c69b | 0x21171a0c | 0x76974dc1 - flags0 & 0x3758c69b | 0x7d0b1: state add= state0 ^ flags0 & 0x3758c69b | 0x21171a0c | 0x76974dc1 - flags0 & 0x3758c69b + 0x69611da6 | 0x7d56b: state sub= state0 ^ flags0 & 0x3758c69b | 0x21171a0c | 0x76974dc1 - flags0 & 0x3758c69b + 0x69611da6 - u16_3 + state0 ^ flags0 & 0x3758c69b | 0x21171a0c | 0x76974dc1 - flags0 & 0x3758c69b + 0x69611da6 ^ 0x6fa319ce	0x7d021: flags and= flags0 & 0x3758c69b														
24	0x7d5ec	unobserved_static	0	-	-				0x7d6a0:u16_0,0x7d6ba:u16_4,0x7d713:u16_9,0x7d7bb:u16_0,0x7d7cc:u16_4,0x7d84d:b6,0x7d888:u16_7,0x7d88f:u16_7 + (Ptr(kind='frame', off=0)),0x7d8da:u16_2,0x7d91b:u16_2 ^ state0 + 0x68420565 & 0xffff		0x7d661: flags sub= flags0 - 0x668b82ed														
25	0x7d941	unobserved_static	0	-	-				0x7d9b0:u16_0,0x7d9ba:u16_7,0x7d9e8:u16_9,0x7da2e:u16_7,0x7da3f:u16_0,0x7daa4:b6,0x7daea:u16_2,0x7db49:u16_4	0x7db83: state xor= state0 ^ u16_4 + state0	0x7d96b: flags xor= flags0 ^ state0														
26	0x7dbbb	static_validated	9886	+0x4	VVCC	VC	b0=var176(top=0x9e:4.5%);b1=var242(top=0xcf:3.6%);b2=0xe8;b3=0x01	w0=var832(top=0x5a9e:2.6%);w1=0x01e8	0x7dc59:byte0,0x7dd8f:byte0,0x7ddd5:u16_2,0x7df05:u16_0	0x7dbe5: state sub= state0 - 0x471264ca | 0x7de85: state add= state0 - 0x471264ca + flags0 - state0 ^ 0x5fcdb203 & 0x637d285c + 0x44b4a975 ^ state0 - 0x471264ca | 0x2a01f150 | 0x7bdf07f3 + 0x104dd6df ^ 0x505df542 ^ 0xe71ae1d & 0x6dbe9345 + 0x521a2f7b + state0 - 0x4...#131b0c9f19b5 | 0x7df78: state sub= state0 - 0x471264ca + flags0 - state0 ^ 0x5fcdb203 & 0x637d285c + 0x44b4a975 ^ state0 - 0x471264ca | 0x2a01f150 | 0x7bdf07f3 + 0x104dd6df ^ 0x505df542 ^ 0xe71ae1d & 0x6dbe9345 + 0x521a2f7b + state0 - 0x4...#50422e60bb19	0x7dbd8: flags sub= flags0 - state0 ^ 0x5fcdb203 | 0x7dc13: flags and= flags0 - state0 ^ 0x5fcdb203 & 0x637d285c | 0x7dc24: flags add= flags0 - state0 ^ 0x5fcdb203 & 0x637d285c + 0x44b4a975 | 0x7dc66: flags xor= flags0 - state0 ^ 0x5fcdb203 & 0x637d285c + 0x44b4a975 ^ state0 - 0x471264ca | 0x2a01f150 | ...8 omitted... | 0x7dec4: flags and= flags0 - state0 ^ 0x5fcdb203 & 0x637d285c + 0x44b4a975 ^ state0 - 0x471264ca | 0x2a01f150 | 0x7bdf07f3 + 0x104dd6df ^ 0x505df542 ^ 0xe71ae1d & 0x6dbe9345 + 0x521a2f7b + state0 - 0x471264ca + 0x1bfb4659 |...#716c05804890	48=(mask32((mask32(u16_0 ^ (mask32((mask32(state0 - 0x471264ca)) + (mask32((mask32((mask32((mask32((mask32((mask32((mask32(flags0 - (mask32(state0 ^ 0x5fcdb203)))) ^ (mask32((mask32(state0 - 0x471264ca)) | ...#4dd3c457ce92 | 43=(mask32((mask32(u16_0 ^ (mask32((mask32(state0 - 0x471264ca)) + (mask32((mask32((mask32((mask32((mask32((mask32((mask32((mask32((mask32(flags0 - (mask32(state0 ^ 0x5fcdb203)))) & 0x637d285c)) + 0x44b4a97...#f947b75a6a0a	128=0x4					next = table[slot]; ip += 128=0x4	5 paths over 3024 state events	128/1280 unknown branches (10.0%): unknown_frame_field:128	0x7ddeb:jne:unknown_frame_field:128	0/1280 unknown branches (0.0%): 		state_static=100.0%, dispatch_static=100.0%, dispatch_model=static_100:100.0%, transfer_expr=100.0%/128	157@0x98a9a:959,66@0x855ff:687,114@0x90319:655,28@0x7e390:652,258@0xadf2c:567,185@0x9d964:518
27	0x7dfbf	unobserved_static	0	-	-				0x7e001:u16_3,0x7e04c:b2,0x7e082:u16_3 + (Ptr(kind='frame', off=0)),0x7e2fe:u16_0,0x7e35d:u16_0 - state0	0x7e350: state and= state0 & u16_0 - state0															
28	0x7e390	static_validated	26610	+0x3	VVV	V	b0=var30(top=0xd8:12.5%);b1=var11(top=0x0a:24.2%);b2=var256(top=0x70:2.5%)	w0=var87(top=0x0ad8:8.1%)	0x7e3ec:b2,0x7e67c:byte0,0x7e743:u16_0	0x7e52d: state or= state0 | flags0 ^ state0 | 0xb9ad02a & 0x3fb85e48 - state0 ^ 0x6e3e6f1a | 0x7e67f: state or= state0 | flags0 ^ state0 | 0xb9ad02a & 0x3fb85e48 - state0 ^ 0x6e3e6f1a | flags0 ^ state0 | 0xb9ad02a & 0x3fb85e48 - state0 ^ 0x6e3e6f1a + 0x43078fb1 & 0x282416bb ^ 0x53f50e0b ^ state0 | flags0 ^ state0 ...#4cb4905f543e | 0x7e6a4: state xor= state0 | flags0 ^ state0 | 0xb9ad02a & 0x3fb85e48 - state0 ^ 0x6e3e6f1a | flags0 ^ state0 | 0xb9ad02a & 0x3fb85e48 - state0 ^ 0x6e3e6f1a + 0x43078fb1 & 0x282416bb ^ 0x53f50e0b ^ state0 | flags0 ^ state0 ...#98ed50a3da1e | 0x7e799: state or= state0 | flags0 ^ state0 | 0...#7866ea8f70fe	0x7e3ac: flags xor= flags0 ^ state0 | 0xb9ad02a | 0x7e4be: flags and= flags0 ^ state0 | 0xb9ad02a & 0x3fb85e48 | 0x7e514: flags sub= flags0 ^ state0 | 0xb9ad02a & 0x3fb85e48 - state0 ^ 0x6e3e6f1a | 0x7e559: flags add= flags0 ^ state0 | 0xb9ad02a & 0x3fb85e48 - state0 ^ 0x6e3e6f1a + 0x43078fb1 | ...2 omitted... | 0x7e659: flags xor= flags0 ^ state0 | 0xb9ad02a & 0x3fb85e48 - state0 ^ 0x6e3e6f1a + 0x43078fb1 & 0x282416bb ^ 0x53f50e0b ^ state0 | flags0 ^ state0 | 0xb9ad02a & 0x3fb85e48 - state0 ^ 0x6e3e6f1a - 0x7e20fbab	128=u16_0 & 0xffff	128=0x3					next = table[slot]; ip += 128=0x3	3 paths over 8348 state events	0/512 unknown branches (0.0%): 		0/512 unknown branches (0.0%): 		state_static=100.0%, dispatch_static=100.0%, dispatch_model=static_100:100.0%, transfer_expr=100.0%/128	347@0xc088d:2147,258@0xadf2c:1654,340@0xbf435:1637,337@0xbec0e:1601,114@0x90319:1452,189@0x9e7af:1398
29	0x7e7cd	unobserved_static	0	-	-				0x7e7e8:u32_2,0x7e813:u16_0,0x7e853:byte0,0x7e965:byte0,0x7ea01:u16_2,0x7ec01:u16_0	0x7e98c: state or= state0 | flags0 & 0x614d4b17 | 0x7eb2d: state add= state0 | flags0 & 0x614d4b17 + 0x64fd160c	0x7e948: flags and= flags0 & 0x614d4b17 | 0x7eab0: flags or= flags0 & 0x614d4b17 | 0x72c68380 | 0x7eb55: flags or= flags0 & 0x614d4b17 | 0x72c68380 | 0x66ff8816 | 0x7eb65: flags add= flags0 & 0x614d4b17 | 0x72c68380 | 0x66ff8816 + 0x2273cac6														
30	0x7e849	static_validated	2590	+0x4	VVVV	VV	b0=var131(top=0xb6:12.4%);b1=var144(top=0x64:10.0%);b2=var114(top=0xe3:9.9%);b3=var93(top=0x01:22.7%)	w0=var235(top=0x64b6:9.9%);w1=var197(top=0x57cf:9.9%)	0x7e853:byte0,0x7e965:byte0,0x7ea01:u16_2,0x7ec01:u16_0	0x7e98c: state or= state0 | flags0 & 0x614d4b17 | 0x7eb2d: state add= state0 | flags0 & 0x614d4b17 + 0x64fd160c	0x7e948: flags and= flags0 & 0x614d4b17 | 0x7eab0: flags or= flags0 & 0x614d4b17 | 0x72c68380 | 0x7eb55: flags or= flags0 & 0x614d4b17 | 0x72c68380 | 0x66ff8816 | 0x7eb65: flags add= flags0 & 0x614d4b17 | 0x72c68380 | 0x66ff8816 + 0x2273cac6	113=(mask32((mask32(u16_0 ^ (mask32((mask32(state0 | flags0)) + 0x64fd160c)))) + 0x5903fc84)) & 0xffff | 15=(mask32((mask32(u16_0 ^ (mask32((mask32(state0 | (mask32(flags0 & 0x614d4b17)))) + 0x64fd160c)))) + 0x5903fc84)) & 0xffff	128=0x4					next = table[slot]; ip += 128=0x4	2 paths over 1050 state events	512/768 unknown branches (66.7%): live_in_reg:384,unknown_frame_field:128	0x7e868:je:live_in_reg:128,0x7e896:je:live_in_reg:128,0x7e8b1:je:unknown_frame_field:128,0x7e913:je:live_in_reg:128	0/768 unknown branches (0.0%): 		state_static=100.0%, dispatch_static=100.0%, dispatch_model=static_100:100.0%, transfer_expr=100.0%/128	183@0x9d495:397,203@0xa1484:350,91@0x8b6de:266,192@0x9f00a:256,337@0xbec0e:187,185@0x9d964:185
31	0x7ecd2	static_validated	2	+0x5	CCCCC	CC	b0=0x3d;b1=0x01;b2=0xdf;b3=0x2e;b4=0xed	w0=0x013d;w1=0x2edf	0x7ed79:byte0,0x7ee61:b4,0x7ee9a:u16_0,0x7ef1f:u16_2			2=(mask32((mask32(u16_2 + state0)) - 0x72a124af)) & 0xffff	2=0x5					next = table[slot]; ip += 2=0x5	1 paths over 2 state events	0/10 unknown branches (0.0%): 		0/10 unknown branches (0.0%): 		state_static=100.0%, dispatch_static=100.0%, dispatch_model=static_100:100.0%, transfer_expr=100.0%/2	352@0xc1ec4:2
32	0x7efa8	unobserved_static	0	-	-				0x7effd:u16_6,0x7f047:b8,0x7f652:u32_0,0x7f67d:u16_4,0x7f6cc:u16_9,0x7f733:u16_11	0x7f780: state sub= state0 - u16_11															
33	0x7f7c4	static_validated	9247	+0x4	CCVV	CV	b0=0xe8;b1=0x01;b2=var122(top=0x34:5.8%);b3=var129(top=0xc8:6.6%)	w0=0x01e8;w1=var677(top=0x8c34:2.8%)	0x7f882:byte0,0x7f892:byte0,0x7f8c2:byte0,0x7f8d3:byte0,0x7f90c:u16_0,0x7fac2:u16_2	0x7f82b: state or= state0 | 0x15422921 | 0x7fb2a: state and= state0 | 0x15422921 & u16_2 + state0 | 0x15422921 + 0x2d0713f3	0x7f7e1: flags xor= flags0 ^ state0 & 0x457915dc | 0x7f817: flags and= flags0 ^ state0 & 0x457915dc & 0x16110d0a | 0x7f855: flags or= flags0 ^ state0 & 0x457915dc & 0x16110d0a | 0x11fe9e96 | 0x7f865: flags or= flags0 ^ state0 & 0x457915dc & 0x16110d0a | 0x11fe9e96 | 0x4bfaeb30 | 0x7f9c7: flags add= flags0 ^ state0 & 0x457915dc & 0x16110d0a | 0x11fe9e96 | 0x4bfaeb30 + 0x3883bcc0	128=(mask32((mask32(u16_2 + (mask32(state0 | 0x15422921)))) + 0x2d0713f3)) & 0xffff	128=0x4					next = table[slot]; ip += 128=0x4	2 paths over 2035 state events	256/1152 unknown branches (22.2%): unknown_frame_field:256	0x7f916:jne:unknown_frame_field:128,0x7f983:je:unknown_frame_field:128	0/1152 unknown branches (0.0%): 		state_static=100.0%, dispatch_static=100.0%, dispatch_model=static_100:100.0%, transfer_expr=100.0%/128	258@0xadf2c:873,307@0xb8064:735,157@0x98a9a:700,114@0x90319:514,167@0x9a8d2:489,64@0x85059:438
34	0x7fba3	unobserved_static	0	-	-				0x7fbd2:u16_1,0x7fbe9:u16_5,0x7fc16:u16_7,0x7fc65:u16_1,0x7fc6c:u16_5,0x7fcda:u16_3	0x7fbb7: state sub= state0 - 0x3a52e622 | 0x7fd18: state add= state0 - 0x3a52e622 + u16_3 + state0 - 0x3a52e622 ^ 0x459b6b23															
35	0x7fd4d	static_validated	1	+0x5	CCCCC	CC	b0=0x69;b1=0xf8;b2=0x00;b3=0x3d;b4=0x01	w0=0xf869;w1=0x3d00	0x7ff34:b2,0x7ffa6:u16_3,0x80023:u16_0			1=(mask32((mask32(u16_0 - state0)) ^ 0x2c39edf6)) & 0xffff	1=0x5					next = table[slot]; ip += 1=0x5	1 paths over 1 state events	2/3 unknown branches (66.7%): unknown_frame_field:2	0x7fe93:jne:unknown_frame_field:1,0x7feab:jne:unknown_frame_field:1	0/3 unknown branches (0.0%): 		state_static=100.0%, dispatch_static=100.0%, dispatch_model=static_100:100.0%, transfer_expr=100.0%/1	256@0xad849:1
36	0x800a1	static_validated	4	+0x5	CCCCC	CC	b0=0x5c;b1=0xc2;b2=0xa3;b3=0x3d;b4=0x01	w0=0xc25c;w1=0x3da3	0x803c8:byte0,0x804cd:b2,0x8053f:u16_3,0x805e1:u16_0	0x800f6: state add= state0 + flags0 | 0x80380: state xor= state0 + flags0 ^ flags0 & 0x73966fc6 & 0x348b11be | 0x803df: state xor= state0 + flags0 ^ flags0 & 0x73966fc6 & 0x348b11be ^ 0x72d0ef43 | 0x8042c: state or= state0 + flags0 ^ flags0 & 0x73966fc6 & 0x348b11be ^ 0x72d0ef43 | 0x7af5a860 | 0x8063f: state xor= state0 + flags0 ^ flags0 & 0x73966fc6 & 0x348b11be ^ 0x72d0ef43 | 0x7af5a860 ^ u16_0 - state0 + flags0 ^ flags0 & 0x73966fc6 & 0x348b11be ^ 0x72d0ef43 | 0x7af5a860	0x80323: flags and= flags0 & 0x73966fc6 | 0x80356: flags and= flags0 & 0x73966fc6 & 0x348b11be | 0x8038d: flags or= flags0 & 0x73966fc6 & 0x348b11be | 0x1bc4bb94	4=(mask32(u16_0 - (mask32((mask32((mask32((mask32(state0 + flags0)) ^ (mask32((mask32(flags0 & 0x73966fc6)) & 0x348b11be)))) ^ 0x72d0ef43)) | 0x7af5a860)))) & 0xffff	4=0x5					next = table[slot]; ip += 4=0x5	1 paths over 4 state events	0/28 unknown branches (0.0%): 		0/28 unknown branches (0.0%): 		state_static=100.0%, dispatch_static=100.0%, dispatch_model=static_100:100.0%, transfer_expr=100.0%/4	108@0x8f24b:4
37	0x80685	static_validated	2035	+0x5	VVVCC	VV	b0=var141(top=0xc1:12.7%);b1=var150(top=0x3e:12.6%);b2=var27(top=0x00:78.2%);b3=0x3d;b4=0x01	w0=var220(top=0x3e74:12.6%);w1=var27(top=0x3d00:78.2%)	0x8069c:byte0,0x80729:byte0,0x808bc:byte0,0x809b9:byte0,0x80abe:b2,0x80b14:u16_3,0x80cb3:u16_0	0x806b1: state sub= state0 - flags0 + 0x504fc3d | 0x80a7e: state sub= state0 - flags0 + 0x504fc3d - 0x4eca0e49 | 0x80d29: state or= state0 - flags0 + 0x504fc3d - 0x4eca0e49 | u16_0 ^ state0 - flags0 + 0x504fc3d - 0x4eca0e49 ^ 0x384e1c86	0x8076e: flags and= flags0 & 0x714eea75 | 0x8077f: flags add= flags0 & 0x714eea75 + 0x53097984 | 0x80976: flags xor= flags0 & 0x714eea75 + 0x53097984 ^ state0 - flags0 + 0x504fc3d | 0x4c64e71 | 0x80983: flags or= flags0 & 0x714eea75 + 0x53097984 ^ state0 - flags0 + 0x504fc3d | 0x4c64e71 | 0xedb847a	128=(mask32((mask32(u16_0 ^ (mask32((mask32(state0 - (mask32(flags0 + 0x504fc3d)))) - 0x4eca0e49)))) ^ 0x384e1c86)) & 0xffff	128=0x5					next = table[slot]; ip += 128=0x5	5 paths over 1003 state events	128/1280 unknown branches (10.0%): live_in_reg:128	0x806c4:je:live_in_reg:128	0/1280 unknown branches (0.0%): 		state_static=100.0%, dispatch_static=100.0%, dispatch_model=static_100:100.0%, transfer_expr=100.0%/128	160@0x994cf:437,257@0xadbfd:427,256@0xad849:373,144@0x95887:276,352@0xc1ec4:163,108@0x8f24b:159
38	0x80d79	unobserved_static	0	-	-				0x80d9d:u16_0,0x80deb:u16_6,0x80e11:u16_4,0x80e8e:u16_2	0x80ecf: state add= state0 + u16_2 - state0 - 0x23aef0b2	0x80dbf: flags and= flags0 & 0x55b62e53 | 0x80dd0: flags xor= flags0 & 0x55b62e53 ^ 0xd779bad														
39	0x80ef6	unobserved_static	0	-	-				0x80f34:u16_4,0x80f77:u16_8,0x80fa0:u16_0,0x80fe8:u16_8,0x80ff3:u16_4,0x81058:b10,0x81098:u16_2,0x810f4:u16_6	0x81129: state or= state0 | u16_6	0x80f4e: flags and= flags0 & 0x3f99e389 | 0x80f5e: flags sub= flags0 & 0x3f99e389 - 0x63d69db														
40	0x8115d	static_validated	928	+0x6	CCCCVV	CCV	b0=0xe8;b1=0x01;b2=0x3d;b3=0x01;b4=var77(top=0xb0:10.2%);b5=var73(top=0x03:10.1%)	w0=0x01e8;w1=0x013d;w2=var90(top=0x0848:9.9%)	0x811d7:u16_0,0x811db:u16_2,0x81233:u16_4	0x81258: state and= state0 & u16_4 ^ state0	0x81174: flags sub= flags0 - state0 | 0x81181: flags xor= flags0 - state0 ^ 0x3dd6f909	128=(mask32(u16_4 ^ state0)) & 0xffff	128=0x6					next = table[slot]; ip += 128=0x6	1 paths over 235 state events					state_static=100.0%, dispatch_static=100.0%, dispatch_model=static_100:100.0%, transfer_expr=100.0%/128	66@0x855ff:102,64@0x85059:102,340@0xbf435:100,215@0xa4609:99,297@0xb64d7:97,199@0xa0631:97
41	0x8129d	unobserved_static	0	-	-				0x8138b:byte0,0x81432:byte0,0x81469:b2,0x814a0:u16_3,0x81555:u16_0	0x812d2: state add= state0 + flags0 | 0x815a0: state or= state0 + flags0 | u16_0 ^ state0 + flags0 - 0x7c7cd82f															
42	0x815ea	static_validated	3	+0x4	CCEE	CE	b0=0x00;b1=0x00;b2=enum2(0xa9:2,0x36:1);b3=enum2(0x00:2,0x01:1)	w0=0x0000;w1=enum2(0x00a9:2,0x0136:1)	0x816ca:u16_2	0x8168e: state sub= state0 - flags0 ^ state0 - 0x327f38a4 - 0x471012ae ^ 0x160c3a44	0x81621: flags xor= flags0 ^ state0 - 0x327f38a4 | 0x81630: flags sub= flags0 ^ state0 - 0x327f38a4 - 0x471012ae | 0x81661: flags xor= flags0 ^ state0 - 0x327f38a4 - 0x471012ae ^ 0x160c3a44	3=u16_2 << 0x3	3=0x4					next = table[slot]; ip += 3=0x4	1 paths over 3 state events					state_static=100.0%, dispatch_static=100.0%, dispatch_model=static_100:100.0%, transfer_expr=100.0%/3	169@0x9af18:2,310@0xb8556:1
43	0x8173d	static_validated	16136	+0x4	VVVV	VV	b0=var251(top=0x17:2.2%);b1=var251(top=0x74:5.0%);b2=var252(top=0xa3:3.3%);b3=var244(top=0x00:10.4%)	w0=var1390(top=0x7bb7:1.6%);w1=var1246(top=0x005f:2.2%)	0x81787:byte0,0x817f5:byte0,0x818b5:u16_2,0x81a95:u16_0	0x81951: state xor= state0 ^ u16_2 ^ state0	0x817b0: flags xor= flags0 ^ 0x542b3101 | 0x8198e: flags and= flags0 ^ 0x542b3101 & 0x494c0852	128=(mask32((mask32(u16_0 ^ (mask32(state0 ^ (mask32(u16_2 ^ state0)))))) - 0x64d373dc)) & 0xffff	128=0x4					next = table[slot]; ip += 128=0x4	2 paths over 5309 state events	128/384 unknown branches (33.3%): live_in_reg:128	0x81818:je:live_in_reg:128	0/384 unknown branches (0.0%): 		state_static=100.0%, dispatch_static=100.0%, dispatch_model=static_100:100.0%, transfer_expr=100.0%/128	347@0xc088d:1058,287@0xb45d2:806,337@0xbec0e:770,26@0x7dbbb:765,189@0x9e7af:762,297@0xb64d7:745
44	0x81b7f	unobserved_static	0	-	-				0x81bcc:u16_3,0x81c2f:b0,0x81eb0:u16_1	0x81ef2: state or= state0 | u16_1 - state0															
45	0x81f2e	unobserved_static	0	-	-				0x81f56:u16_3,0x81f60:u16_5,0x81f95:u16_7,0x81fe0:u16_3,0x81fee:u16_5,0x8206c:u16_0	0x820ac: state sub= state0 - u16_0 - 0x6050ae66															
46	0x820e1	unobserved_static	0	-	-				0x8213f:u16_0,0x8216e:u16_2,0x821aa:u16_4,0x82238:u16_6	0x82101: state add= state0 + 0x6aceff9a | 0x8227b: state or= state0 + 0x6aceff9a | u16_6 + state0 + 0x6aceff9a + 0x368668dd															
47	0x822bc	unobserved_static	0	-	-				0x822e8:u16_7,0x822fd:u16_3,0x82329:u16_1,0x8236f:u16_3,0x82380:u16_7,0x82416:u16_5	0x82446: state xor= state0 ^ u16_5 ^ state0															
48	0x82477	static_validated	283	+0x5	VVEVV	VV	b0=var36(top=0xa8:11.3%);b1=var50(top=0x80:14.1%);b2=enum4(0x3a:109,0x50:80,0x62:69,0x32:25);b3=var73(top=0x01:9.5%);b4=var76(top=0x3b:9.2%)	w0=var84(top=0x8024:9.2%);w1=var86(top=0x013a:8.8%)	0x82534:u16_3,0x82593:b2,0x82760:u16_0	0x8255d: state and= state0 & u16_3 + state0 ^ flags0 ^ 0x8881ae0 - 0x1accc893 | 0x825e8: state add= state0 & u16_3 + state0 ^ flags0 ^ 0x8881ae0 - 0x1accc893 + 0x4f1a7667 | 0x82664: state sub= state0 & u16_3 + state0 ^ flags0 ^ 0x8881ae0 - 0x1accc893 + 0x4f1a7667 - flags0 ^ 0x8881ae0 - 0x1accc893 & 0x6134e706 & 0x7e86fbd3 ^ 0x41ba58a6 | 0x8267e: state and= state0 & u16_3 + state0 ^ flags0 ^ 0x8881ae0 - 0x1accc893 + 0x4f1a7667 - flags0 ^ 0x8881ae0 - 0x1accc893 & 0x6134e706 & 0x7e86fbd3 ^ 0x41ba58a6 & flags0 ^ 0x8881ae0 - 0x1accc893 & 0x6134e706 & 0x7e86fbd3 ^ 0x41ba58a6 | ...3 omitted... | 0x827bf: state sub= state0 ...#aa8783c1c1bc	0x824b2: flags xor= flags0 ^ 0x8881ae0 | 0x824c2: flags sub= flags0 ^ 0x8881ae0 - 0x1accc893 | 0x8256b: flags and= flags0 ^ 0x8881ae0 - 0x1accc893 & 0x6134e706 | 0x8261a: flags and= flags0 ^ 0x8881ae0 - 0x1accc893 & 0x6134e706 & 0x7e86fbd3 | 0x8262a: flags xor= flags0 ^ 0x8881ae0 - 0x1accc893 & 0x6134e706 & 0x7e86fbd3 ^ 0x41ba58a6	78=(mask32(u16_0 + (mask32((mask32((mask32((mask32((mask32((mask32((mask32(state0 & (mask32((mask32(u16_3 + state0)) ^ flags0)))) + 0x4f1a7667)) - (mask32(flags0 & 0x6134e706)))) & (mask32(flags0 & 0x6134e7...#0107acd66a38 | 28=(mask32(u16_0 + (mask32((mask32((mask32((mask32((mask32((mask32((mask32(state0 & (mask32((mask32(u16_3 + state0)) ^ (mask32((mask32(flags0 ^ 0x8881ae0)) - 0x1accc893)))))) + 0x4f1a7667)) - (mask32((mask3...#e5611d77c267	119=0x5					next = table[slot]; ip += 119=0x5	8 paths over 119 state events	0/714 unknown branches (0.0%): 		0/714 unknown branches (0.0%): 		state_static=100.0%, dispatch_static=100.0%, dispatch_model=static_100:100.0%, transfer_expr=100.0%/119	239@0xa991e:31,317@0xba1e2:30,269@0xb045b:26,66@0x855ff:25,281@0xb2db6:18,297@0xb64d7:11
49	0x82820	static_validated	4132	+0x5	CVVCC	VV	b0=0x00;b1=var168(top=0x78:8.6%);b2=var190(top=0xa7:6.9%);b3=0x3d;b4=0x01	w0=var168(top=0x7800:8.6%);w1=var190(top=0x3da7:6.9%)	0x829b3:byte0,0x82a44:byte0,0x82b4a:byte0,0x82be8:byte0,0x82bf9:b0,0x82c49:u16_3,0x82da2:u16_1	0x82932: state and= state0 & flags0 | 0x8294f: state add= state0 & flags0 + flags0 | 0x829ad: state sub= state0 & flags0 + flags0 - 0x353700ed | 0x829cd: state add= state0 & flags0 + flags0 - 0x353700ed + 0x55a592d8 | 0x82e1c: state sub= state0 & flags0 + flags0 - 0x353700ed + 0x55a592d8 - u16_1 + state0 & flags0 + flags0 - 0x353700ed + 0x55a592d8 + 0x55b8ef8d	0x82a19: flags xor= flags0 ^ state0 & flags0 + flags0 - 0x353700ed + 0x55a592d8 | 0x82a26: flags xor= flags0 ^ state0 & flags0 + flags0 - 0x353700ed + 0x55a592d8 ^ 0x702de876 | 0x82cf4: flags add= flags0 ^ state0 & flags0 + flags0 - 0x353700ed + 0x55a592d8 ^ 0x702de876 + state0 & flags0 + flags0 - 0x353700ed + 0x55a592d8 + 0x7a4ca08	128=(mask32((mask32(u16_1 + (mask32((mask32((mask32((mask32(state0 & flags0)) + flags0)) - 0x353700ed)) + 0x55a592d8)))) + 0x55b8ef8d)) & 0xffff	128=0x5					next = table[slot]; ip += 128=0x5	1 paths over 1844 state events	0/384 unknown branches (0.0%): 		0/384 unknown branches (0.0%): 		state_static=100.0%, dispatch_static=100.0%, dispatch_model=static_100:100.0%, transfer_expr=100.0%/128	144@0x95887:1018,352@0xc1ec4:600,257@0xadbfd:590,198@0xa037e:521,160@0x994cf:514,173@0x9ba74:413
50	0x82e76	target_only	0	-	-				0x82e8a:b0,0x82eba:u32_7,0x82ede:b1,0x82ef6:u32_3,0x82f36:b1,0x82f88:b0,0x82fa7:b2,0x83000:u32_7,0x8302b:u16_11,0x83115:u16_9,0x83120:u16_2,0x83199:u16_0,0x8322c:u16_9,0x8323e:u16_2,0x832e5:b4,0x8330f:u16_5,0x83363:u16_7	0x832cb: state xor= state0 ^ 0x167c9a49 | 0x8339e: state sub= state0 ^ 0x167c9a49 - u16_7 - state0 ^ 0x167c9a49 ^ 0x1217a3f5	0x830e9: flags add= flags0 + 0x23b1b06 | 0x832b7: flags xor= flags0 + 0x23b1b06 ^ 0x5ea815b														
51	0x83061	unobserved_static	0	-	-				0x83115:u16_9,0x83120:u16_2,0x83199:u16_0,0x8322c:u16_9,0x8323e:u16_2,0x832e5:b4,0x8330f:u16_5,0x83363:u16_7	0x832cb: state xor= state0 ^ 0x167c9a49 | 0x8339e: state sub= state0 ^ 0x167c9a49 - u16_7 - state0 ^ 0x167c9a49 ^ 0x1217a3f5	0x830e9: flags add= flags0 + 0x23b1b06 | 0x832b7: flags xor= flags0 + 0x23b1b06 ^ 0x5ea815b														
52	0x833c7	static_validated	1103	+0x5	VVVCC	VV	b0=var48(top=0x82:23.2%);b1=var45(top=0xb0:23.9%);b2=var40(top=0x47:23.2%);b3=0x3d;b4=0x01	w0=var55(top=0xb082:23.2%);w1=var40(top=0x3d47:23.2%)	0x834b5:byte0,0x835b1:b2,0x835f3:u16_3,0x83689:u16_0	0x836d9: state add= state0 + u16_0 + state0 ^ 0x7823b2da		128=(mask32((mask32(u16_0 + state0)) ^ 0x7823b2da)) & 0xffff	128=0x5					next = table[slot]; ip += 128=0x5	2 paths over 726 state events	0/640 unknown branches (0.0%): 		0/640 unknown branches (0.0%): 		state_static=100.0%, dispatch_static=100.0%, dispatch_model=static_100:100.0%, transfer_expr=100.0%/128	316@0xb987b:335,75@0x873fc:297,145@0x95b5c:156,196@0x9fbcd:91,64@0x85059:67,334@0xbdd18:63
53	0x8371d	unobserved_static	0	-	-				0x8372f:u32_0,0x83780:u32_0,0x838d0:u16_3,0x83936:byte0,0x83a1e:b2,0x83a66:u16_3,0x83ad2:u16_0	0x8385a: state and= state0 & flags0 | 0x83a82: state sub= state0 & flags0 - 0x68b4ad2f															
54	0x837cb	static_validated	1	+0x5	CCCCC	CC	b0=0xf1;b1=0x1b;b2=0xbd;b3=0x3d;b4=0x01	w0=0x1bf1;w1=0x3dbd	0x838d0:u16_3,0x83936:byte0,0x83a1e:b2,0x83a66:u16_3,0x83ad2:u16_0	0x8385a: state and= state0 & flags0 | 0x83a82: state sub= state0 & flags0 - 0x68b4ad2f		1=(mask32((mask32(u16_0 ^ (mask32((mask32(state0 & flags0)) - 0x68b4ad2f)))) ^ 0x437360e7)) & 0xffff	1=0x5					next = table[slot]; ip += 1=0x5	1 paths over 1 state events	0/5 unknown branches (0.0%): 		0/5 unknown branches (0.0%): 		state_static=100.0%, dispatch_static=100.0%, dispatch_model=static_100:100.0%, transfer_expr=100.0%/1	256@0xad849:1
55	0x83b40	unobserved_static	0	-	-				0x83b57:byte0,0x83bea:u16_0,0x83c5d:byte0,0x83d3b:b4,0x83d7e:u16_0,0x83deb:u16_2	0x83e42: state or= state0 | u16_2 ^ state0															
56	0x83e76	static_validated	27	+0x5	EECCE	EC	b0=enum4(0x8d:11,0x02:10,0x34:4,0x42:2);b1=enum4(0x76:11,0xf0:10,0x75:4,0x66:2);b2=0x3d;b3=0x01;b4=enum4(0x4b:11,0x1b:10,0xb7:4,0x27:2)	w0=enum4(0x768d:11,0xf002:10,0x7534:4,0x6642:2);w1=0x013d	0x83f24:u16_2,0x83fa1:byte0,0x84077:b4,0x840cf:u16_2,0x8416a:u16_0	0x841b2: state add= state0 + u16_0 - state0 ^ 0x5380ff71		6=(mask32((mask32(u16_0 - state0)) ^ 0x5380ff71)) & 0xffff	6=0x5					next = table[slot]; ip += 6=0x5	1 paths over 6 state events	0/30 unknown branches (0.0%): 		0/30 unknown branches (0.0%): 		state_static=100.0%, dispatch_static=100.0%, dispatch_model=static_100:100.0%, transfer_expr=100.0%/6	160@0x994cf:13,173@0x9ba74:10,108@0x8f24b:4
57	0x841f9	unobserved_static	0	-	-				0x8421b:u16_2,0x84243:u16_0	0x84267: state sub= state0 - u16_0 ^ state0 - 0x9df7e26															
58	0x8428c	unobserved_static	0	-	-				0x842a7:u16_2,0x842cc:u16_0,0x8432d:u16_8,0x8433b:u16_2,0x84378:u16_4,0x843bf:u16_2,0x843d1:u16_8,0x84470:b10,0x844b4:u16_0,0x844f6:u16_6	0x84558: state and= state0 & u16_6 - 0x26d85c20															
59	0x84302	unobserved_static	0	-	-				0x8432d:u16_8,0x8433b:u16_2,0x84378:u16_4,0x843bf:u16_2,0x843d1:u16_8,0x84470:b10,0x844b4:u16_0,0x844f6:u16_6	0x84558: state and= state0 & u16_6 - 0x26d85c20															
60	0x84596	unobserved_static	0	-	-				0x845c8:u16_3,0x845d2:u16_0,0x84619:u16_7,0x8465f:u16_3,0x84670:u16_0,0x846fa:u16_5	0x846af: state or= state0 | 0x6dbd49a4 | 0x8473c: state and= state0 | 0x6dbd49a4 & u16_5 ^ state0 | 0x6dbd49a4 - 0x4424226a															
61	0x84762	unobserved_static	0	-	-				0x847aa:u16_3,0x847d3:byte0,0x847f4:u16_0,0x8485e:u16_9,0x848d9:u16_0,0x8490e:u16_3,0x84993:b2,0x849bf:u16_7,0x84a1e:u16_5	0x84a5f: state sub= state0 - u16_5 - state0 + 0x326db6ec	0x849d3: flags xor= flags0 ^ 0x91975cd														
62	0x84aa3	static_validated	120	+0x4	VVVV	VV	b0=var14(top=0xf9:77.5%);b1=var14(top=0xc9:75.8%);b2=var16(top=0xa3:75.8%);b3=var16(top=0x52:75.8%)	w0=var16(top=0xc9f9:75.8%);w1=var16(top=0x52a3:75.8%)	0x84b0c:u16_2,0x84cbc:byte0,0x84d33:u16_0,0x84dd7:u16_0 ^ state0 | u16_2 ^ flags0 + 0xd90ded5 ^ 0x5dbb6647 + 0x7ebb48a2 & 0xffff	0x84b6e: state or= state0 | u16_2 ^ flags0 + 0xd90ded5 | 0x84cb5: state xor= state0 | u16_2 ^ flags0 + 0xd90ded5 ^ 0x5dbb6647 | 0x84dba: state add= state0 | u16_2 ^ flags0 + 0xd90ded5 ^ 0x5dbb6647 + u16_0 ^ state0 | u16_2 ^ flags0 + 0xd90ded5 ^ 0x5dbb6647 + 0x7ebb48a2	0x84aad: flags add= flags0 + 0xd90ded5 | 0x84baf: flags sub= flags0 + 0xd90ded5 - 0x219c02d3	36=(mask32((mask32(u16_0 ^ (mask32((mask32(state0 | (mask32(u16_2 ^ (mask32(flags0 + 0xd90ded5)))))) ^ 0x5dbb6647)))) + 0x7ebb48a2)) & 0xffff	36=0x4					next = table[slot]; ip += 36=0x4	1 paths over 36 state events	36/36 unknown branches (100.0%): live_in_reg:36	0x84c20:je:live_in_reg:36	0/36 unknown branches (0.0%): 		state_static=100.0%, dispatch_static=100.0%, dispatch_model=static_100:100.0%, transfer_expr=100.0%/36	157@0x98a9a:93,307@0xb8064:13,347@0xc088d:3,200@0xa0a9e:2,253@0xacfb1:2,337@0xbec0e:1
63	0x84e1d	unobserved_static	0	-	-				0x84e52:u16_0,0x84e56:u16_4,0x84e89:u16_7,0x84ed3:u16_4,0x84ee1:u16_0,0x84f38:b6,0x84f86:u16_9,0x84ff3:u16_2	0x8502a: state add= state0 + u16_2 - state0 ^ 0x14083b5a															
64	0x85059	static_validated	23678	+0x4	VVVV	VV	b0=var256(top=0xef:1.6%);b1=var256(top=0x8a:1.6%);b2=var256(top=0x93:2.0%);b3=var252(top=0x00:3.6%)	w0=var2176(top=0x8a33:1.1%);w1=var1967(top=0x0091:1.3%)	0x85062:byte0,0x85182:byte0,0x85185:u16_2,0x85273:u16_0	0x850ab: state sub= state0 - 0x79614de5 | 0x851aa: state xor= state0 - 0x79614de5 ^ u16_2 + flags0 + 0x4cd0c9ae + 0x711675f2 & 0x5b249a06 | 0x85202: state xor= state0 - 0x79614de5 ^ u16_2 + flags0 + 0x4cd0c9ae + 0x711675f2 & 0x5b249a06 ^ flags0 + 0x4cd0c9ae + 0x711675f2 & 0x5b249a06 + 0x729dddb0	0x85099: flags add= flags0 + 0x4cd0c9ae | 0x850e8: flags add= flags0 + 0x4cd0c9ae + 0x711675f2 | 0x850f7: flags and= flags0 + 0x4cd0c9ae + 0x711675f2 & 0x5b249a06 | 0x851b7: flags add= flags0 + 0x4cd0c9ae + 0x711675f2 & 0x5b249a06 + 0x729dddb0	77=(mask32((mask32(u16_0 - (mask32((mask32((mask32(state0 - 0x79614de5)) ^ (mask32(u16_2 + flags0)))) ^ (mask32(flags0 + 0x729dddb0)))))) + 0x2701cdcd)) & 0xffff | 51=(mask32((mask32(u16_0 - (mask32((mask32((mask32(state0 - 0x79614de5)) ^ (mask32(u16_2 + (mask32(flags0 + 0x4cd0c9ae)))))) ^ (mask32((mask32(flags0 + 0x4cd0c9ae)) + 0x729dddb0)))))) + 0x2701cdcd)) & 0xffff	128=0x4					next = table[slot]; ip += 128=0x4	2 paths over 6175 state events	0/256 unknown branches (0.0%): 		0/256 unknown branches (0.0%): 		state_static=100.0%, dispatch_static=100.0%, dispatch_model=static_100:100.0%, transfer_expr=100.0%/128	18@0x7be9b:2091,28@0x7e390:1633,199@0xa0631:1345,184@0x9d694:1255,215@0xa4609:1065,66@0x855ff:1024
65	0x85371	static_validated	23	+0x4	VVVV	VV	b0=var16(top=0x05:17.4%);b1=var14(top=0x57:17.4%);b2=var15(top=0x5d:17.4%);b3=var15(top=0xff:17.4%)	w0=var16(top=0x5705:17.4%);w1=var16(top=0xff5d:17.4%)	0x853a3:u16_2,0x85529:u16_0		0x85434: flags or= flags0 | 0x21ace1e6 | 0x854da: flags sub= flags0 | 0x21ace1e6 - 0x1139986a	9=(mask32((mask32(u16_0 ^ state0)) - 0x5db84d25)) & 0xffff	9=0x4					next = table[slot]; ip += 9=0x4	1 paths over 9 state events					state_static=100.0%, dispatch_static=100.0%, dispatch_model=static_100:100.0%, transfer_expr=100.0%/9	253@0xacfb1:4,18@0x7be9b:4,199@0xa0631:2,43@0x8173d:2,337@0xbec0e:2,347@0xc088d:1
66	0x855ff	static_validated	22739	+0x3	VVV	V	b0=var248(top=0x65:2.5%);b1=var253(top=0xa8:2.1%);b2=var114(top=0x3a:8.4%)	w0=var2074(top=0xc1e2:1.1%)	0x85656:byte0,0x8579d:b2,0x85969:u16_0	0x85710: state and= state0 & 0x2f6cb1f6 | 0x85829: state sub= state0 & 0x2f6cb1f6 - b2 ^ state0 & 0x2f6cb1f6 | 0x858b9: state xor= state0 & 0x2f6cb1f6 - b2 ^ state0 & 0x2f6cb1f6 ^ 0x745ff1d2 | 0x858f1: state and= state0 & 0x2f6cb1f6 - b2 ^ state0 & 0x2f6cb1f6 ^ 0x745ff1d2 & 0x13de2cdd | ...1 omitted... | 0x859d0: state xor= state0 & 0x2f6cb1f6 - b2 ^ state0 & 0x2f6cb1f6 ^ 0x745ff1d2 & 0x13de2cdd - flags0 - 0x50170614 | 0x7167293a ^ 0x42a6ffd6 ^ u16_0 - state0 & 0x2f6cb1f6 - b2 ^ state0 & 0x2f6cb1f6 ^ 0x745ff1d2 & 0x13de2cdd...#fa82cf391b8b	0x85679: flags sub= flags0 - 0x50170614 | 0x85688: flags or= flags0 - 0x50170614 | 0x7167293a | 0x85864: flags xor= flags0 - 0x50170614 | 0x7167293a ^ 0x42a6ffd6	99=(mask32((mask32(u16_0 - (mask32((mask32((mask32((mask32((mask32(state0 & 0x2f6cb1f6)) - (mask32(b2 ^ (mask32(state0 & 0x2f6cb1f6)))))) ^ 0x745ff1d2)) & 0x13de2cdd)) - (mask32(flags0 ^ 0x42a6ffd6)))))) - ...#921995e973bc | 29=(mask32((mask32(u16_0 - (mask32((mask32((mask32((mask32((mask32(state0 & 0x2f6cb1f6)) - (mask32(b2 ^ (mask32(state0 & 0x2f6cb1f6)))))) ^ 0x745ff1d2)) & 0x13de2cdd)) - (mask32((mask32((mask32(flags0 - 0x5...#0b5fd959eb50	128=0x3					next = table[slot]; ip += 128=0x3	2 paths over 7189 state events	128/512 unknown branches (25.0%): live_in_reg:128	0x85621:je:live_in_reg:128	0/512 unknown branches (0.0%): 		state_static=100.0%, dispatch_static=100.0%, dispatch_model=static_100:100.0%, transfer_expr=100.0%/128	337@0xbec0e:1650,64@0x85059:1561,340@0xbf435:1336,184@0x9d694:1324,189@0x9e7af:1320,258@0xadf2c:1075
67	0x859fc	unobserved_static	0	-	-				0x85a60:u16_4,0x85a75:u16_6,0x85aa1:u16_0,0x85b1c:u16_2,0x85b67:u16_2 + state0 | 0x26d4dee7 | flags0 - flags0 - 0x7138da2d & 0xffff	0x85a06: state or= state0 | 0x26d4dee7 | 0x85a25: state or= state0 | 0x26d4dee7 | flags0 | 0x85a56: state sub= state0 | 0x26d4dee7 | flags0 - flags0 | 0x85b51: state or= state0 | 0x26d4dee7 | flags0 - flags0 | u16_2 + state0 | 0x26d4dee7 | flags0 - flags0 - 0x7138da2d															
68	0x85b89	unobserved_static	0	-	-				0x85c6b:u16_3,0x85cdb:byte0,0x85e11:b2,0x85e58:u16_3,0x85e86:u16_3 + (Ptr(kind='frame', off=0)) & 0x400,0x85eb3:u16_0	0x85ee0: state xor= state0 ^ u16_0 ^ state0 + 0x72639e4e	0x85db0: flags sub= flags0 - 0xfc7eb43 | 0x85dc0: flags sub= flags0 - 0xfc7eb43 - 0x1f2a27c2														
69	0x85f24	partial	2	+0xd	CCCCCCCCCCCCC	CCCCCC	b0=0x00;b1=0x09;b2=0xc9;b3=0x8e;b4=0x9a;b5=0x20;b6=0x65;b7=0xea;b8=0x55;b9=0x36;b10=0x00;b11=0x80;...+1	w0=0x0900;w1=0x8ec9;w2=0x209a;w3=0xea65;w4=0x3655;w5=0x8000	0x85f38:b0,0x85f65:u32_7,0x85f88:b1,0x85fa0:u32_3,0x85fe0:b1,0x86032:b0,0x86053:b2,0x860ac:u32_7,0x860d7:u16_11,0x8632d:byte0,0x8647f:b2,0x864e9:u16_3,0x86695:u16_0	0x86154: state xor= state0 ^ flags0 | 0x86221: state xor= state0 ^ flags0 ^ flags0 | 0x86572: state sub= state0 ^ flags0 ^ flags0 - flags0 + state0 ^ flags0 ^ flags0 + 0x55fafa0c - 0x5abc12af ^ state0 ^ flags0 ^ flags0 | 0x58fb4a0c | 0x8657f: state xor= state0 ^ flags0 ^ flags0 - flags0 + state0 ^ flags0 ^ flags0 + 0x55fafa0c - 0x5abc12af ^ state0 ^ flags0 ^ flags0 | 0x58fb4a0c ^ 0x62ac6845 | 0x86606: state xor= state0 ^ flags0 ^ flags0 - flags0 + state0 ^ flags0 ^ flags0 + 0x55fafa0c - 0x5abc12af ^ state0 ^ flags0 ^ flags0 | 0x58fb4a0c ^ 0x62ac6845 ^ flags0 + state0 ^ flags0 ^ flags0 + 0x55fafa0c - 0x5abc12af ^...#935a12e7c43f	0x863ec: flags add= flags0 + state0 ^ flags0 ^ flags0 + 0x55fafa0c | 0x863f8: flags sub= flags0 + state0 ^ flags0 ^ flags0 + 0x55fafa0c - 0x5abc12af | 0x86542: flags xor= flags0 + state0 ^ flags0 ^ flags0 + 0x55fafa0c - 0x5abc12af ^ state0 ^ flags0 ^ flags0 | 0x86553: flags or= flags0 + state0 ^ flags0 ^ flags0 + 0x55fafa0c - 0x5abc12af ^ state0 ^ flags0 ^ flags0 | 0x58fb4a0c | ...1 omitted... | 0x865cf: flags or= flags0 + state0 ^ flags0 ^ flags0 + 0x55fafa0c - 0x5abc12af ^ state0 ^ flags0 ^ flags0 | 0x58fb4a0c ^ state0 ^ flags0 ^ flags0 - flags0 + state0 ^ flags0 ^ flags0 + 0x55fafa0c - 0x5abc12af ^ state0 ^ fla...#bf200519edcc														310@0xb8556:2
70	0x8610e	static_validated	1629	+0x5	VVVCC	VV	b0=var93(top=0x8b:15.8%);b1=var143(top=0xb7:16.0%);b2=var23(top=0x00:58.9%);b3=0x3d;b4=0x01	w0=var227(top=0xb78b:15.7%);w1=var23(top=0x3d00:58.9%)	0x8632d:byte0,0x8647f:b2,0x864e9:u16_3,0x86695:u16_0	0x86154: state xor= state0 ^ flags0 | 0x86221: state xor= state0 ^ flags0 ^ flags0 | 0x86572: state sub= state0 ^ flags0 ^ flags0 - flags0 + state0 ^ flags0 ^ flags0 + 0x55fafa0c - 0x5abc12af ^ state0 ^ flags0 ^ flags0 | 0x58fb4a0c | 0x8657f: state xor= state0 ^ flags0 ^ flags0 - flags0 + state0 ^ flags0 ^ flags0 + 0x55fafa0c - 0x5abc12af ^ state0 ^ flags0 ^ flags0 | 0x58fb4a0c ^ 0x62ac6845 | 0x86606: state xor= state0 ^ flags0 ^ flags0 - flags0 + state0 ^ flags0 ^ flags0 + 0x55fafa0c - 0x5abc12af ^ state0 ^ flags0 ^ flags0 | 0x58fb4a0c ^ 0x62ac6845 ^ flags0 + state0 ^ flags0 ^ flags0 + 0x55fafa0c - 0x5abc12af ^...#935a12e7c43f	0x863ec: flags add= flags0 + state0 ^ flags0 ^ flags0 + 0x55fafa0c | 0x863f8: flags sub= flags0 + state0 ^ flags0 ^ flags0 + 0x55fafa0c - 0x5abc12af | 0x86542: flags xor= flags0 + state0 ^ flags0 ^ flags0 + 0x55fafa0c - 0x5abc12af ^ state0 ^ flags0 ^ flags0 | 0x86553: flags or= flags0 + state0 ^ flags0 ^ flags0 + 0x55fafa0c - 0x5abc12af ^ state0 ^ flags0 ^ flags0 | 0x58fb4a0c | ...1 omitted... | 0x865cf: flags or= flags0 + state0 ^ flags0 ^ flags0 + 0x55fafa0c - 0x5abc12af ^ state0 ^ flags0 ^ flags0 | 0x58fb4a0c ^ state0 ^ flags0 ^ flags0 - flags0 + state0 ^ flags0 ^ flags0 + 0x55fafa0c - 0x5abc12af ^ state0 ^ fla...#bf200519edcc	128=(mask32((mask32(u16_0 - (mask32((mask32((mask32((mask32((mask32(state0 ^ flags0)) ^ flags0)) - (mask32((mask32((mask32((mask32(flags0 + (mask32((mask32((mask32(state0 ^ flags0)) ^ flags0)) + 0x55fafa0c))...#559049604f0e	128=0x5					next = table[slot]; ip += 128=0x5	4 paths over 697 state events	0/768 unknown branches (0.0%): 		0/768 unknown branches (0.0%): 		state_static=100.0%, dispatch_static=100.0%, dispatch_model=static_100:100.0%, transfer_expr=100.0%/128	108@0x8f24b:577,198@0xa037e:236,144@0x95887:215,256@0xad849:181,160@0x994cf:165,352@0xc1ec4:138
71	0x86766	unobserved_static	0	-	-				0x867a4:u16_4,0x867af:u16_6,0x867d8:u16_0,0x86846:u16_2																
72	0x868bd	unobserved_static	0	-	-				0x868f2:u16_9,0x8691e:u16_3,0x8696f:u16_7,0x869e8:u16_3,0x86a0d:u16_9,0x86aa0:b2,0x86ade:u16_5,0x86b58:u16_0	0x86b04: state and= state0 & 0x1cdfcc1d | 0x86ba1: state sub= state0 & 0x1cdfcc1d - u16_0 ^ state0 & 0x1cdfcc1d + 0x17395727															
73	0x86be4	unobserved_static	0	-	-				0x86c11:u16_4,0x86c2c:u16_6,0x86c4d:u16_0,0x86cd8:u16_2,0x86d04:u16_2 - state0 - 0x3f7f9f2	0x86bfa: state sub= state0 - 0x3f7f9f2 | 0x86d07: state add= state0 - 0x3f7f9f2 + u16_2 - state0 - 0x3f7f9f2															
74	0x86d43	static_validated	33	+0x5	VVCCV	VC	b0=var13(top=0x4c:15.2%);b1=var13(top=0x2c:15.2%);b2=0x3d;b3=0x01;b4=var12(top=0x7f:18.2%)	w0=var13(top=0x2c4c:15.2%);w1=0x013d	0x86e25:byte0,0x870ae:byte0,0x871ab:b4,0x87231:u16_2,0x87362:u16_0	0x86da1: state sub= state0 - flags0 & state0 - 0x7af5a4e2 - 0x619b65dc | 0x86e03: state xor= state0 - flags0 & state0 - 0x7af5a4e2 - 0x619b65dc ^ 0x65dcaffc | 0x86ec5: state add= state0 - flags0 & state0 - 0x7af5a4e2 - 0x619b65dc ^ 0x65dcaffc + 0x33d7fc12	0x86d76: flags and= flags0 & state0 - 0x7af5a4e2 | 0x86d84: flags sub= flags0 & state0 - 0x7af5a4e2 - 0x619b65dc | 0x86e5d: flags sub= flags0 & state0 - 0x7af5a4e2 - 0x619b65dc - state0 - flags0 & state0 - 0x7af5a4e2 - 0x619b65dc ^ 0x65dcaffc ^ 0x6adfe823 | 0x86e6e: flags xor= flags0 & state0 - 0x7af5a4e2 - 0x619b65dc - state0 - flags0 & state0 - 0x7af5a4e2 - 0x619b65dc ^ 0x65dcaffc ^ 0x6adfe823 ^ 0x1a77c224 | ...2 omitted... | 0x872e3: flags or= flags0 & state0 - 0x7af5a4e2 - 0x619b65dc - state0 - flags0 & state0 - 0x7af5a4e2 - 0x619b65dc ^ 0x65dcaffc ^ 0x6adfe823 ^ 0x1a77c224 + 0x403a8d37 & 0x7bf9a401 | 0x53143bba	25=(mask32(u16_0 - (mask32((mask32((mask32(state0 - (mask32((mask32(flags0 & (mask32(state0 - 0x7af5a4e2)))) - 0x619b65dc)))) ^ 0x65dcaffc)) + 0x33d7fc12)))) & 0xffff	25=0x5					next = table[slot]; ip += 25=0x5	2 paths over 25 state events	25/175 unknown branches (14.3%): live_in_reg:25	0x86dd0:je:live_in_reg:25	0/175 unknown branches (0.0%): 		state_static=100.0%, dispatch_static=100.0%, dispatch_model=static_100:100.0%, transfer_expr=100.0%/25	108@0x8f24b:9,160@0x994cf:9,352@0xc1ec4:5,198@0xa037e:4,173@0x9ba74:4,144@0x95887:2
75	0x873fc	sampled_only	276	-0x6d	sampled				0x8747f:u16_8,0x874c7:b10,0x87b03:u16_0,0x87b98:u32_4,0x87ba1:u32_4					255=next = table[171], ip -= 0x6d | 9=next = table[165], ip += 0x60	276=target_u32@+0,delta_u32@+4,u16_8@+0x8,b10@+0xa			255=next = table[171], ip -= 0x6d | 9=next = table[165], ip += 0x60						long_branch=276/12, long_branch_len=276=0xb	171@0x9b4b3:256,165@0x9a24c:16,354@0xc2241:4
76	0x87d17	unobserved_static	0	-	-				0x87dca:byte0,0x87dd9:byte0,0x87e40:u32_2,0x87f51:byte0,0x88045:u16_0	0x87d6e: state sub= state0 - 0x795b9aa4 | 0x87ec9: state add= state0 - 0x795b9aa4 + u32_2 + state0 - 0x795b9aa4 ^ flags0 ^ state0 | 0x574ce9b7 & 0x3247cd40 | 0x87f79: state xor= state0 - 0x795b9aa4 + u32_2 + state0 - 0x795b9aa4 ^ flags0 ^ state0 | 0x574ce9b7 & 0x3247cd40 ^ flags0 ^ state0 | 0x574ce9b7 & 0x3247cd40 ^ 0x6e4cfe36 | 0x880d3: state and= state0 - 0x795b9aa4 + u32_2 + state0 - 0x795b9aa4 ^ flags0 ^ state0 | 0x574ce9b7 & 0x3247cd40 ^ flags0 ^ state0 | 0x574ce9b7 & 0x3247cd40 ^ 0x6e4cfe36 & u16_0 + state0 - 0x795b9aa4 + u32_2 + state0 - 0x7...#f0da637f7b8c	0x87d4d: flags xor= flags0 ^ state0 | 0x574ce9b7 | 0x87d5a: flags and= flags0 ^ state0 | 0x574ce9b7 & 0x3247cd40 | 0x87ef7: flags xor= flags0 ^ state0 | 0x574ce9b7 & 0x3247cd40 ^ 0x6e4cfe36 | 0x87f9a: flags and= flags0 ^ state0 | 0x574ce9b7 & 0x3247cd40 ^ 0x6e4cfe36 & state0 - 0x795b9aa4 + u32_2 + state0 - 0x795b9aa4 ^ flags0 ^ state0 | 0x574ce9b7 & 0x3247cd40 ^ flags0 ^ state0 | 0x574ce9b7 & 0x3247cd40 ^ 0x6e4cfe36 | 0x87fb6: flags sub= flags0 ^ state0 | 0x574ce9b7 & 0x3247cd40 ^ 0x6e4cfe36 & state0 - 0x795b9aa4 + u32_2 + state0 - 0x795b9aa4 ^ flags0 ^ state0 | 0x574ce9b7 & 0x3247cd40 ^ flags0 ^ state0 | 0x574ce9b7...#fb318aa1bbfc														
77	0x88131	unobserved_static	0	-	-				0x882a9:b2,0x882f3:u16_3,0x88343:u16_0	0x8837c: state add= state0 + u16_0	0x881c8: flags add= flags0 + 0x27793f0e														
78	0x883c0	affine_dispatch_fallback	1	+0xd	CCCCCCCCCCCCC	CCCCCC	b0=0xd5;b1=0xa3;b2=0xe8;b3=0xf5;b4=0xb1;b5=0x34;b6=0x21;b7=0xdf;b8=0xd2;b9=0x33;b10=0x00;b11=0x80;...+1	w0=0xa3d5;w1=0xf5e8;w2=0x34b1;w3=0xdf21;w4=0x33d2;w5=0x8000	0x883d4:b0,0x88404:u32_7,0x88428:b1,0x88440:u32_3,0x88480:b1,0x884d2:b0,0x884f3:b2,0x8854d:u32_7,0x88579:u16_11,0x886f1:byte0,0x887e6:b4,0x88863:u16_2,0x889ac:u16_0	0x88668: state sub= state0 - flags0 ^ 0xc7e744f ^ 0x623ccce4 | 0x88675: state and= state0 - flags0 ^ 0xc7e744f ^ 0x623ccce4 & 0xd4da920 | 0x8869c: state or= state0 - flags0 ^ 0xc7e744f ^ 0x623ccce4 & 0xd4da920 | flags0 ^ 0xc7e744f ^ 0x225dfa31 | 0x886c8: state sub= state0 - flags0 ^ 0xc7e744f ^ 0x623ccce4 & 0xd4da920 | flags0 ^ 0xc7e744f ^ 0x225dfa31 - 0x6110d031 | ...3 omitted... | 0x88a0b: state or= state0 - flags0 ^ 0xc7e744f ^ 0x623ccce4 & 0xd4da920 | flags0 ^ 0xc7e744f ^ 0x225dfa31 - 0x6110d031 ^ 0x3fcb6e9a ^ flags0 ^ 0xc7e744f + 0x60a9dba6 | u16_0 ^ state0 - flags0 ^ 0xc7e744f ^ 0x623ccce4 & 0xd...#aea115a0dc2d	0x885e2: flags xor= flags0 ^ 0xc7e744f	1=(mask32(u16_0 ^ (mask32((mask32((mask32((mask32((mask32((mask32((mask32(state0 - (mask32((mask32(flags0 ^ 0xc7e744f)) ^ 0x623ccce4)))) & 0xd4da920)) | (mask32((mask32(flags0 ^ 0xc7e744f)) ^ 0x225dfa31)))...#ef7ba4952b24	1=0x5					next = table[slot]; ip += 1=0x5	1 paths over 1 state events	1/5 unknown branches (20.0%): live_in_reg:1	0x8860f:je:live_in_reg:1	0/5 unknown branches (0.0%): 		state_static=0.0%, dispatch_static=0.0%, dispatch_model=affine_single_fallback:100.0%, transfer_expr=0.0%/1	310@0xb8556:1
79	0x885b0	static_validated	3633	+0x5	VVCCC	VC	b0=var64(top=0x9e:15.9%);b1=var86(top=0x28:12.3%);b2=0x3d;b3=0x01;b4=0x00	w0=var350(top=0x2836:7.0%);w1=0x013d	0x886f1:byte0,0x887e6:b4,0x88863:u16_2,0x889ac:u16_0	0x88668: state sub= state0 - flags0 ^ 0xc7e744f ^ 0x623ccce4 | 0x88675: state and= state0 - flags0 ^ 0xc7e744f ^ 0x623ccce4 & 0xd4da920 | 0x8869c: state or= state0 - flags0 ^ 0xc7e744f ^ 0x623ccce4 & 0xd4da920 | flags0 ^ 0xc7e744f ^ 0x225dfa31 | 0x886c8: state sub= state0 - flags0 ^ 0xc7e744f ^ 0x623ccce4 & 0xd4da920 | flags0 ^ 0xc7e744f ^ 0x225dfa31 - 0x6110d031 | ...3 omitted... | 0x88a0b: state or= state0 - flags0 ^ 0xc7e744f ^ 0x623ccce4 & 0xd4da920 | flags0 ^ 0xc7e744f ^ 0x225dfa31 - 0x6110d031 ^ 0x3fcb6e9a ^ flags0 ^ 0xc7e744f + 0x60a9dba6 | u16_0 ^ state0 - flags0 ^ 0xc7e744f ^ 0x623ccce4 & 0xd...#aea115a0dc2d	0x885e2: flags xor= flags0 ^ 0xc7e744f	128=(mask32(u16_0 ^ (mask32((mask32((mask32((mask32((mask32((mask32((mask32(state0 - (mask32((mask32(flags0 ^ 0xc7e744f)) ^ 0x623ccce4)))) & 0xd4da920)) | (mask32((mask32(flags0 ^ 0xc7e744f)) ^ 0x225dfa31)))...#ef7ba4952b24	128=0x5					next = table[slot]; ip += 128=0x5	2 paths over 1337 state events	128/384 unknown branches (33.3%): live_in_reg:128	0x8860f:je:live_in_reg:128	0/384 unknown branches (0.0%): 		state_static=100.0%, dispatch_static=100.0%, dispatch_model=static_100:100.0%, transfer_expr=100.0%/128	257@0xadbfd:865,198@0xa037e:745,160@0x994cf:451,108@0x8f24b:397,144@0x95887:373,256@0xad849:350
80	0x88a58	target_only	0	-	-				0x88a6c:b0,0x88a9c:u32_7,0x88ac0:b1,0x88ad7:u32_3,0x88b17:b1,0x88b67:b0,0x88b88:b2,0x88bdf:u32_7,0x88c0a:u16_11,0x88dc4:byte0,0x88e90:byte0,0x89016:b4,0x89079:u16_2,0x8913c:u16_0	0x88d7d: state xor= state0 ^ flags0 ^ 0x5d998d49 | 0x88da8: state and= state0 ^ flags0 ^ 0x5d998d49 & 0x4500f854 | 0x88ddc: state xor= state0 ^ flags0 ^ 0x5d998d49 & 0x4500f854 ^ flags0 ^ 0x15fca088 | 0x890cf: state xor= state0 ^ flags0 ^ 0x5d998d49 & 0x4500f854 ^ flags0 ^ 0x15fca088 ^ 0x49ede177 | ...1 omitted... | 0x891aa: state sub= state0 ^ flags0 ^ 0x5d998d49 & 0x4500f854 ^ flags0 ^ 0x15fca088 ^ 0x49ede177 & 0x6a005710 - u16_0 + state0 ^ flags0 ^ 0x5d998d49 & 0x4500f854 ^ flags0 ^ 0x15fca088 ^ 0x49ede177 & 0x6a005710 ^ 0x5263a45b															
81	0x88c3f	unobserved_static	0	-	-				0x88dc4:byte0,0x88e90:byte0,0x89016:b4,0x89079:u16_2,0x8913c:u16_0	0x88d7d: state xor= state0 ^ flags0 ^ 0x5d998d49 | 0x88da8: state and= state0 ^ flags0 ^ 0x5d998d49 & 0x4500f854 | 0x88ddc: state xor= state0 ^ flags0 ^ 0x5d998d49 & 0x4500f854 ^ flags0 ^ 0x15fca088 | 0x890cf: state xor= state0 ^ flags0 ^ 0x5d998d49 & 0x4500f854 ^ flags0 ^ 0x15fca088 ^ 0x49ede177 | ...1 omitted... | 0x891aa: state sub= state0 ^ flags0 ^ 0x5d998d49 & 0x4500f854 ^ flags0 ^ 0x15fca088 ^ 0x49ede177 & 0x6a005710 - u16_0 + state0 ^ flags0 ^ 0x5d998d49 & 0x4500f854 ^ flags0 ^ 0x15fca088 ^ 0x49ede177 & 0x6a005710 ^ 0x5263a45b															
82	0x8920e	static_validated	142	+0x3	VVC	V	b0=var11(top=0x3e:45.1%);b1=var9(top=0xb1:45.1%);b2=0x62	w0=var11(top=0xb13e:45.1%)	0x89318:b2,0x893c4:u16_0	0x892f1: state add= state0 + flags0 + 0x1bc90d20 | 0x2d688b3e | 0x89432: state sub= state0 + flags0 + 0x1bc90d20 | 0x2d688b3e - u16_0 + state0 + flags0 + 0x1bc90d20 | 0x2d688b3e + 0x5cc5e4d8	0x89275: flags add= flags0 + 0x1bc90d20 | 0x892a3: flags or= flags0 + 0x1bc90d20 | 0x2d688b3e	128=(mask32((mask32(u16_0 + (mask32(state0 + flags0)))) + 0x5cc5e4d8)) & 0xffff	128=0x3					next = table[slot]; ip += 128=0x3	2 paths over 135 state events	384/640 unknown branches (60.0%): live_in_reg:384	0x8922d:je:live_in_reg:128,0x892c8:je:live_in_reg:128,0x89338:je:live_in_reg:128	0/640 unknown branches (0.0%): 		state_static=100.0%, dispatch_static=100.0%, dispatch_model=static_100:100.0%, transfer_expr=100.0%/128	99@0x8c99a:67,333@0xbd8af:65,217@0xa4b11:4,307@0xb8064:2,168@0x9aa83:2,157@0x98a9a:1
83	0x8947b	static_validated	2508	+0x5	VVCCC	VC	b0=var179(top=0xa8:5.0%);b1=var175(top=0x19:9.8%);b2=0x00;b3=0x3d;b4=0x01	w0=var426(top=0x19a8:5.0%);w1=0x3d00	0x8965b:b2,0x89688:u16_3,0x8974d:u16_0	0x8948f: state and= state0 & 0x122d7f19 | 0x8956c: state or= state0 & 0x122d7f19 | flags0 | 0x895c5: state add= state0 & 0x122d7f19 | flags0 + 0x60e2eab8 | 0x8961a: state sub= state0 & 0x122d7f19 | flags0 + 0x60e2eab8 - 0x34a4c404 | 0x897e6: state sub= state0 & 0x122d7f19 | flags0 + 0x60e2eab8 - 0x34a4c404 - u16_0 + state0 & 0x122d7f19 | flags0 + 0x60e2eab8 - 0x34a4c404 ^ 0x4b7ebb84	0x89602: flags xor= flags0 ^ 0xe368451 | 0x89613: flags sub= flags0 ^ 0xe368451 - 0x1f36e121	128=(mask32((mask32(u16_0 + (mask32((mask32((mask32((mask32(state0 & 0x122d7f19)) | flags0)) + 0x60e2eab8)) - 0x34a4c404)))) ^ 0x4b7ebb84)) & 0xffff	128=0x5					next = table[slot]; ip += 128=0x5	2 paths over 714 state events	0/512 unknown branches (0.0%): 		0/512 unknown branches (0.0%): 		state_static=100.0%, dispatch_static=100.0%, dispatch_model=static_100:100.0%, transfer_expr=100.0%/128	173@0x9ba74:548,108@0x8f24b:441,160@0x994cf:336,257@0xadbfd:286,352@0xc1ec4:284,144@0x95887:271
84	0x8983b	unobserved_static	0	-	-				0x8991e:u16_3,0x8994f:byte0,0x89a03:b2,0x89a30:u16_3,0x89ab7:u16_0	0x898be: state or= state0 | 0x206f2f12 | 0x899ee: state add= state0 | 0x206f2f12 + flags0 | 0x89af8: state add= state0 | 0x206f2f12 + flags0 + u16_0 + state0 | 0x206f2f12 + flags0															
85	0x89b37	affine_dispatch_fallback	1	+0xd	CCCCCCCCCCCCC	CCCCCC	b0=0x1e;b1=0x1e;b2=0x02;b3=0x00;b4=0x80;b5=0x00;b6=0x3d;b7=0x01;b8=0x22;b9=0xe8;b10=0x01;b11=0x00;...+1	w0=0x1e1e;w1=0x0002;w2=0x0080;w3=0x013d;w4=0xe822;w5=0x0001	0x89b86:u16_6,0x89bcb:b8,0x8a206:u32_0,0x8a231:u16_4,0x8a27e:u16_9,0x8a2e5:u16_11			1=u16_11 & 0xffff	1=0xd					next = table[slot]; ip += 1=0xd	1 paths over 1 state events	1/18 unknown branches (5.6%): unknown_frame_field:1	0x89bf4:je:unknown_frame_field:1	0/18 unknown branches (0.0%): 		state_static=100.0%, dispatch_static=100.0%, dispatch_model=affine_single_fallback:100.0%, transfer_expr=100.0%/1	64@0x85059:1
86	0x8a37f	static_validated	5	+0x4	EECC	EC	b0=enum2(0x36:4,0xa9:1);b1=enum2(0x01:4,0x00:1);b2=0x00;b3=0x00	w0=enum2(0x0136:4,0x00a9:1);w1=0x0000	0x8a389:byte0,0x8a422:u16_0			4=u16_0 << 0x3	4=0x4					next = table[slot]; ip += 4=0x4	1 paths over 4 state events					state_static=100.0%, dispatch_static=100.0%, dispatch_model=static_100:100.0%, transfer_expr=100.0%/4	310@0xb8556:4,169@0x9af18:1
87	0x8a49e	static_validated	12	+0x5	CCEEE	CE	b0=0x3d;b1=0x01;b2=enum3(0x08:4,0x60:4,0x00:4);b3=enum2(0x08:8,0x03:4);b4=enum3(0x09:4,0x81:4,0x47:4)	w0=0x013d;w1=enum3(0x0808:4,0x0360:4,0x0800:4)	0x8a6d5:byte0,0x8a80b:b4,0x8a888:u16_0,0x8a929:u16_2	0x8a4b9: state add= state0 + 0x42559993 | 0x8a4cb: state or= state0 + 0x42559993 | 0x3c876d75 | 0x8a4f6: state xor= state0 + 0x42559993 | 0x3c876d75 ^ flags0 - 0x4356d657 | 0x8a545: state add= state0 + 0x42559993 | 0x3c876d75 ^ flags0 - 0x4356d657 + flags0 - 0x4356d657 | ...2 omitted... | 0x8a99c: state or= state0 + 0x42559993 | 0x3c876d75 ^ flags0 - 0x4356d657 + flags0 - 0x4356d657 - flags0 - 0x4356d657 | 0x5371e74e | u16_2	0x8a4a8: flags sub= flags0 - 0x4356d657	12=u16_2 & 0xffff	12=0x5					next = table[slot]; ip += 12=0x5	1 paths over 12 state events	0/60 unknown branches (0.0%): 		0/60 unknown branches (0.0%): 		state_static=100.0%, dispatch_static=100.0%, dispatch_model=static_100:100.0%, transfer_expr=100.0%/12	257@0xadbfd:4,108@0x8f24b:4,256@0xad849:4
88	0x8aa14	static_validated	149	+0x5	VVVCC	VV	b0=var11(top=0x41:43.0%);b1=var11(top=0xeb:43.0%);b2=var11(top=0xa6:43.0%);b3=0x3d;b4=0x01	w0=var11(top=0xeb41:43.0%);w1=var11(top=0x3da6:43.0%)	0x8ab1c:byte0,0x8ac4f:byte0,0x8aced:byte0,0x8ae95:byte0,0x8aea1:b0,0x8aecd:u16_3,0x8af41:u16_1	0x8ab0d: state or= state0 | flags0 | 0x8ae60: state sub= state0 | flags0 - 0x1c9cfcea | 0x8afd1: state xor= state0 | flags0 - 0x1c9cfcea ^ u16_1 + state0 | flags0 - 0x1c9cfcea ^ 0x415462f5		128=(mask32((mask32(u16_1 + (mask32((mask32(state0 | flags0)) - 0x1c9cfcea)))) ^ 0x415462f5)) & 0xffff	128=0x5					next = table[slot]; ip += 128=0x5	2 paths over 145 state events	128/768 unknown branches (16.7%): live_in_reg:128	0x8aa9c:je:live_in_reg:128	0/768 unknown branches (0.0%): 		state_static=100.0%, dispatch_static=100.0%, dispatch_model=static_100:100.0%, transfer_expr=100.0%/128	352@0xc1ec4:65,257@0xadbfd:64,173@0x9ba74:11,256@0xad849:6,108@0x8f24b:3
89	0x8b028	unobserved_static	0	-	-				0x8b063:u16_1,0x8b08e:u16_5,0x8b0cb:u16_3,0x8b176:u16_1,0x8b184:u16_5,0x8b227:b0,0x8b259:u16_7,0x8b2aa:u16_9	0x8b2e4: state and= state0 & u16_9 ^ state0 + 0x7c8d5d40															
90	0x8b334	static_validated	567	+0x4	VVVV	VV	b0=var23(top=0xc7:45.7%);b1=var11(top=0xec:49.6%);b2=var79(top=0xee:45.1%);b3=var80(top=0xaa:45.3%)	w0=var39(top=0xecc7:45.3%);w1=var95(top=0xaaee:45.1%)	0x8b3fa:u16_2,0x8b536:byte0,0x8b608:u16_0	0x8b34b: state add= state0 + flags0 | 0x8b365: state add= state0 + flags0 + flags0 | 0x8b372: state add= state0 + flags0 + flags0 + 0x1c1030c0 | 0x8b3c2: state add= state0 + flags0 + flags0 + 0x1c1030c0 + flags0 & 0x4b6fdae0 | 0x4357e3c2 | ...4 omitted... | 0x8b684: state xor= state0 + flags0 + flags0 + 0x1c1030c0 + flags0 & 0x4b6fdae0 | 0x4357e3c2 & u16_2 - state0 + flags0 + flags0 + 0x1c1030c0 + flags0 & 0x4b6fdae0 | 0x4357e3c2 + flags0 & 0x4b6fdae0 | 0x59296ab9 | flags0 & 0...#f9d4ad9a606f	0x8b39e: flags and= flags0 & 0x4b6fdae0 | 0x8b493: flags or= flags0 & 0x4b6fdae0 | 0x3296b63d	128=(mask32(u16_0 + 0x224914c1)) & 0xffff	128=0x4					next = table[slot]; ip += 128=0x4	1 paths over 441 state events					state_static=100.0%, dispatch_static=100.0%, dispatch_model=static_100:100.0%, transfer_expr=100.0%/128	49@0x82820:257,260@0xae90b:64,140@0x94e5a:34,220@0xa522e:32,3@0x78c77:25,330@0xbc9b8:18
91	0x8b6de	static_validated	2251	+0x4	VVCC	VC	b0=var142(top=0x78:5.9%);b1=var143(top=0x04:6.4%);b2=0xe8;b3=0x01	w0=var333(top=0x5bc1:5.6%);w1=0x01e8	0x8b752:u16_2,0x8b829:u16_0	0x8b87e: state xor= state0 ^ u16_0 ^ state0	0x8b797: flags xor= flags0 ^ state0 ^ 0x3f03cfb3	128=(mask32(u16_0 ^ state0)) & 0xffff	128=0x4					next = table[slot]; ip += 128=0x4	1 paths over 546 state events	128/128 unknown branches (100.0%): live_in_reg:128	0x8b6ee:je:live_in_reg:128	0/128 unknown branches (0.0%): 		state_static=100.0%, dispatch_static=100.0%, dispatch_model=static_100:100.0%, transfer_expr=100.0%/128	340@0xbf435:205,258@0xadf2c:201,337@0xbec0e:180,220@0xa522e:171,199@0xa0631:144,347@0xc088d:138
92	0x8b8cb	static_validated	307	+0x4	VVVV	VV	b0=var27(top=0xa4:24.1%);b1=var13(top=0x34:22.1%);b2=var66(top=0xc5:20.8%);b3=var66(top=0x6f:20.8%)	w0=var66(top=0x34a4:20.8%);w1=var80(top=0x6fc5:20.8%)	0x8b95a:u16_2,0x8bc1a:u16_0	0x8b9c2: state and= state0 & u16_2 ^ state0 ^ flags0 | 0x39591837 | 0x8bae5: state or= state0 & u16_2 ^ state0 ^ flags0 | 0x39591837 | flags0 | 0x39591837 | 0x8bb02: state or= state0 & u16_2 ^ state0 ^ flags0 | 0x39591837 | flags0 | 0x39591837 | 0x1002fee7 | 0x8bb9b: state add= state0 & u16_2 ^ state0 ^ flags0 | 0x39591837 | flags0 | 0x39591837 | 0x1002fee7 + 0x2efa2a96 | 0x8bc8c: state xor= state0 & u16_2 ^ state0 ^ flags0 | 0x39591837 | flags0 | 0x39591837 | 0x1002fee7 + 0x2efa2a96 ^ u16_0 + state0 & u16_2 ^ state0 ^ flags0 | 0x39591837 | flags0 | 0x39591837 | 0x1002fee7 + 0x2efa2a96 + 0x604aa997	0x8b8f4: flags or= flags0 | 0x39591837 | 0x8bb2c: flags xor= flags0 | 0x39591837 ^ 0x7c5f9351 | 0x8bb3d: flags or= flags0 | 0x39591837 ^ 0x7c5f9351 | 0x18f293fe	84=(mask32((mask32(u16_0 + (mask32((mask32((mask32((mask32(state0 & (mask32((mask32(u16_2 ^ state0)) ^ (mask32(flags0 | 0x39591837)))))) | (mask32(flags0 | 0x39591837)))) | 0x1002fee7)) + 0x2efa2a96)))) + 0...#6dc3d486c873 | 44=(mask32((mask32(u16_0 + (mask32((mask32((mask32((mask32(state0 & (mask32((mask32(u16_2 ^ state0)) ^ flags0)))) | flags0)) | 0x1002fee7)) + 0x2efa2a96)))) + 0x604aa997)) & 0xffff	128=0x4					next = table[slot]; ip += 128=0x4	2 paths over 158 state events	0/640 unknown branches (0.0%): 		0/640 unknown branches (0.0%): 		state_static=100.0%, dispatch_static=100.0%, dispatch_model=static_100:100.0%, transfer_expr=100.0%/128	282@0xb3128:67,49@0x82820:31,17@0x7bae9:29,332@0xbd36d:26,3@0x78c77:26,18@0x7be9b:16
93	0x8bcef	unobserved_static	0	-	-				0x8bd0a:u32_2,0x8bd35:u16_0,0x8bf98:byte0,0x8c087:byte0,0x8c0e8:byte0,0x8c1de:b0,0x8c251:u16_3,0x8c373:u16_1	0x8bdd1: state and= state0 & flags0 ^ state0 + 0x551fa912 & 0x7af574e5 | 0x8c094: state add= state0 & flags0 ^ state0 + 0x551fa912 & 0x7af574e5 + flags0 ^ state0 + 0x551fa912 | 0x8c0a2: state or= state0 & flags0 ^ state0 + 0x551fa912 & 0x7af574e5 + flags0 ^ state0 + 0x551fa912 | 0x23f8268c | 0x8c3dc: state sub= state0 & flags0 ^ state0 + 0x551fa912 & 0x7af574e5 + flags0 ^ state0 + 0x551fa912 | 0x23f8268c - u16_1 ^ state0 & flags0 ^ state0 + 0x551fa912 & 0x7af574e5 + flags0 ^ state0 + 0x551fa912 | 0x23f8268c	0x8bd85: flags xor= flags0 ^ state0 + 0x551fa912 | 0x8c0c7: flags or= flags0 ^ state0 + 0x551fa912 | state0 & flags0 ^ state0 + 0x551fa912 & 0x7af574e5 + flags0 ^ state0 + 0x551fa912 | 0x23f8268c & 0x55f7e727 | 0x8c102: flags and= flags0 ^ state0 + 0x551fa912 | state0 & flags0 ^ state0 + 0x551fa912 & 0x7af574e5 + flags0 ^ state0 + 0x551fa912 | 0x23f8268c & 0x55f7e727 & 0x7dbf9a82 | 0x8c112: flags add= flags0 ^ state0 + 0x551fa912 | state0 & flags0 ^ state0 + 0x551fa912 & 0x7af574e5 + flags0 ^ state0 + 0x551fa912 | 0x23f8268c & 0x55f7e727 & 0x7dbf9a82 + 0x17476b81 | 0x8c299: flags or= flags0 ^ state0 + 0x551fa912 | s...#276a387c0e01														
94	0x8bd69	static_validated	91	+0x5	EEECC	EE	b0=enum8(0x8b:64,0x19:10,0x57:4,0xa1:3,0x01:3,0xd9:3);b1=enum7(0xa6:68,0x3e:10,0x3d:3,0xbe:3,0xc6:3,0xe7:3);b2=enum6(0xeb:67,0xa2:10,0x32:6,0x2b:4,0x6b:3,0x29:1);b3=0x3d;b4=0x01	w0=enum8(0xa68b:64,0x3e19:10,0xa657:4,0x3da1:3,0xbe01:3,0xc6d9:3);w1=enum6(0x3deb:67,0x3da2:10,0x3d32:6,0x3d2b:4,0x3d6b:3,0x3d29:1)	0x8bf98:byte0,0x8c087:byte0,0x8c0e8:byte0,0x8c1de:b0,0x8c251:u16_3,0x8c373:u16_1	0x8bdd1: state and= state0 & flags0 ^ state0 + 0x551fa912 & 0x7af574e5 | 0x8c094: state add= state0 & flags0 ^ state0 + 0x551fa912 & 0x7af574e5 + flags0 ^ state0 + 0x551fa912 | 0x8c0a2: state or= state0 & flags0 ^ state0 + 0x551fa912 & 0x7af574e5 + flags0 ^ state0 + 0x551fa912 | 0x23f8268c | 0x8c3dc: state sub= state0 & flags0 ^ state0 + 0x551fa912 & 0x7af574e5 + flags0 ^ state0 + 0x551fa912 | 0x23f8268c - u16_1 ^ state0 & flags0 ^ state0 + 0x551fa912 & 0x7af574e5 + flags0 ^ state0 + 0x551fa912 | 0x23f8268c	0x8bd85: flags xor= flags0 ^ state0 + 0x551fa912 | 0x8c0c7: flags or= flags0 ^ state0 + 0x551fa912 | state0 & flags0 ^ state0 + 0x551fa912 & 0x7af574e5 + flags0 ^ state0 + 0x551fa912 | 0x23f8268c & 0x55f7e727 | 0x8c102: flags and= flags0 ^ state0 + 0x551fa912 | state0 & flags0 ^ state0 + 0x551fa912 & 0x7af574e5 + flags0 ^ state0 + 0x551fa912 | 0x23f8268c & 0x55f7e727 & 0x7dbf9a82 | 0x8c112: flags add= flags0 ^ state0 + 0x551fa912 | state0 & flags0 ^ state0 + 0x551fa912 & 0x7af574e5 + flags0 ^ state0 + 0x551fa912 | 0x23f8268c & 0x55f7e727 & 0x7dbf9a82 + 0x17476b81 | 0x8c299: flags or= flags0 ^ state0 + 0x551fa912 | s...#276a387c0e01	74=(mask32(u16_1 ^ (mask32((mask32((mask32(state0 & (mask32((mask32(flags0 ^ (mask32(state0 + 0x551fa912)))) & 0x7af574e5)))) + (mask32(flags0 ^ (mask32(state0 + 0x551fa912)))))) | 0x23f8268c)))) & 0xffff	74=0x5					next = table[slot]; ip += 74=0x5	2 paths over 74 state events	0/444 unknown branches (0.0%): 		0/444 unknown branches (0.0%): 		state_static=100.0%, dispatch_static=100.0%, dispatch_model=static_100:100.0%, transfer_expr=100.0%/74	173@0x9ba74:74,144@0x95887:13,160@0x994cf:3,198@0xa037e:1
95	0x8c41c	affine_dispatch_fallback	562	+0xa	VVECCCVVEC	VECVE	b0=var14(top=0xa8:16.9%);b1=var15(top=0x7a:16.4%);b2=enum5(0x31:548,0x26:4,0x27:4,0x33:3,0x36:3);b3=0x00;b4=0x80;b5=0x00;b6=var13(top=0x92:32.4%);b7=var10(top=0x33:32.7%);b8=enum5(0x07:278,0x03:182,0x02:92,0x01:9,0x48:1);b9=0x00	w0=var16(top=0x7aa8:16.2%);w1=enum5(0x0031:548,0x0026:4,0x0027:4,0x0033:3,0x0036:3);w2=0x0080;w3=var13(top=0x3392:32.4%);w4=enum5(0x0007:278,0x0003:182,0x0002:92,0x0001:9,0x0048:1)	0x8c437:u32_6,0x8c463:u16_4,0x8c490:u32_0,0x8c4f0:u16_6,0x8c4fe:u16_2,0x8c523:u16_0,0x8c576:u16_4	0x8c595: state xor= state0 ^ u16_4 + 0x1f18e1aa		92=(mask32(u16_4 + 0x1f18e1aa)) & 0xffff	92=0x8			2=sampled operand footprint 0xa, observed target table[86], delta +0x2341b | 1=sampled operand footprint 0xa, observed target table[42], delta +0x1d02e	3=u16_0@+0x0,u32_0@+0x0,u16_2@+0x2,u16_4@+0x4,u16_6@+0x6,u32_6@+0x6	next = table[slot]; ip += 92=0x8	1 paths over 92 state events	4/92 unknown branches (4.3%): unknown_frame_field:4	0x8c53c:je:resolved:4	0/92 unknown branches (0.0%): 		state_static=0.0%, dispatch_static=0.0%, dispatch_model=affine_partial_fallback:100.0%, transfer_expr=0.0%/92, sampled_operand=3/2, sampled_operand_len=3=0xa	169@0x9af18:374,310@0xb8556:188
96	0x8c4cf	unobserved_static	0	-	-				0x8c4f0:u16_6,0x8c4fe:u16_2,0x8c523:u16_0,0x8c576:u16_4	0x8c595: state xor= state0 ^ u16_4 + 0x1f18e1aa															
97	0x8c5b9	unobserved_static	0	-	-				0x8c6c2:byte0,0x8c78a:byte0,0x8c7cc:b0,0x8c824:u16_1,0x8c878:u16_3	0x8c632: state or= state0 | flags0 | 0x8c8bb: state and= state0 | flags0 & u16_3 - state0 | flags0															
98	0x8c8ec	unobserved_static	0	-	-				0x8c907:u16_6,0x8c92f:u16_4,0x8c95b:u32_0,0x8cb3b:b0,0x8cb8e:u16_3,0x8cbf5:u16_1,0x8cc0b:u16_1 ^ state0 - 0x48503105	0x8cc2c: state and= state0 & u16_1 ^ state0 - 0x48503105															
99	0x8c99a	static_validated	695	+0x5	CVVCC	VV	b0=0x00;b1=var24(top=0x09:36.8%);b2=var20(top=0x7a:36.8%);b3=0x3d;b4=0x01	w0=var24(top=0x0900:36.8%);w1=var20(top=0x3d7a:36.8%)	0x8cb3b:b0,0x8cb8e:u16_3,0x8cbf5:u16_1,0x8cc0b:u16_1 ^ state0 - 0x48503105	0x8cc2c: state and= state0 & u16_1 ^ state0 - 0x48503105		128=(mask32((mask32(u16_1 ^ state0)) - 0x48503105)) & 0xffff	128=0x5					next = table[slot]; ip += 128=0x5	1 paths over 531 state events	256/384 unknown branches (66.7%): unknown_frame_field:256	0x8ca79:jne:unknown_frame_field:128,0x8ca94:jne:unknown_frame_field:128	0/384 unknown branches (0.0%): 		state_static=100.0%, dispatch_static=100.0%, dispatch_model=static_100:100.0%, transfer_expr=100.0%/128	198@0xa037e:387,108@0x8f24b:153,173@0x9ba74:132,160@0x994cf:8,256@0xad849:7,144@0x95887:5
100	0x8cc81	unobserved_static	0	-	-				0x8ccc1:u16_0,0x8cccf:u16_2,0x8ccfc:u16_6,0x8cd41:u16_2,0x8cd52:u16_0,0x8cd8d:b8,0x8cddb:u16_4,0x8ce44:u16_9	0x8ce84: state xor= state0 ^ u16_9 + state0 - 0x4b931360															
101	0x8ceb4	affine_dispatch_fallback	1	+0xd	CCCCCCCCCCCCC	CCCCCC	b0=0x1e;b1=0x1e;b2=0x02;b3=0x00;b4=0x80;b5=0x00;b6=0x3d;b7=0x01;b8=0x22;b9=0xe8;b10=0x01;b11=0x54;...+1	w0=0x1e1e;w1=0x0002;w2=0x0080;w3=0x013d;w4=0xe822;w5=0x5401	0x8cf17:u16_6,0x8cf55:b8,0x8d59d:u32_0,0x8d5c8:u16_4,0x8d617:u16_9,0x8d67c:u16_11	0x8d6c8: state and= state0 & u16_11 ^ state0 ^ 0x44422ebb		1=(mask32((mask32(u16_11 ^ state0)) ^ 0x44422ebb)) & 0xffff	1=0xd					next = table[slot]; ip += 1=0xd	1 paths over 1 state events	1/18 unknown branches (5.6%): unknown_frame_field:1	0x8cf84:je:unknown_frame_field:1	0/18 unknown branches (0.0%): 		state_static=100.0%, dispatch_static=100.0%, dispatch_model=affine_single_fallback:100.0%, transfer_expr=100.0%/1	199@0xa0631:1
102	0x8d71d	affine_dispatch_fallback	64	+0xd	CCCCCCCCCCCCC	CCCCCC	b0=0x47;b1=0x4e;b2=0x04;b3=0x00;b4=0x80;b5=0x00;b6=0x3d;b7=0x01;b8=0x89;b9=0xe8;b10=0x01;b11=0xb9;...+1	w0=0x4e47;w1=0x0004;w2=0x0080;w3=0x013d;w4=0xe889;w5=0xb901	0x8d773:u16_6,0x8d7d5:b8,0x8de25:u32_0,0x8de4f:u16_4,0x8de9c:u16_9,0x8df0c:u16_11,0x8df4d:u16_11 + state0 + 0x7b88d4e3			64=(mask32((mask32(u16_11 + state0)) + 0x7b88d4e3)) & 0xffff	64=0xd					next = table[slot]; ip += 64=0xd	1 paths over 64 state events	128/1280 unknown branches (10.0%): unknown_frame_field:128	0x8d989:je:unknown_frame_field:64,0x8d9b0:je:unknown_frame_field:64	0/1280 unknown branches (0.0%): 		state_static=100.0%, dispatch_static=100.0%, dispatch_model=affine_robust_fallback:100.0%, transfer_expr=100.0%/64	268@0xb0007:64
103	0x8df9c	unobserved_static	0	-	-				0x8e06f:u16_3,0x8e0ee:byte0,0x8e1de:b2,0x8e225:u16_3,0x8e27b:u16_0	0x8e2b6: state and= state0 & u16_0 - state0 ^ 0x2bde36be															
104	0x8e2ef	unobserved_static	0	-	-				0x8e432:byte0,0x8e4e8:b0,0x8e544:u16_1,0x8e62b:u16_3		0x8e5ac: flags sub= flags0 - 0xd879340 | 0x8e5e8: flags add= flags0 - 0xd879340 + 0x5c931804 | 0x8e5f9: flags xor= flags0 - 0xd879340 + 0x5c931804 ^ 0x543eebce														
105	0x8e6b4	static_validated	671	+0x5	VVVVE	VV	b0=var58(top=0x28:38.2%);b1=var76(top=0xa6:38.2%);b2=var22(top=0xf0:39.0%);b3=var11(top=0x0a:41.4%);b4=enum4(0x62:366,0x32:151,0x50:84,0x3a:70)	w0=var87(top=0xa628:38.2%);w1=var41(top=0x0af0:38.2%)	0x8e7fb:u16_0,0x8e91e:b4,0x8ea1c:byte0,0x8eaaf:u16_2	0x8e751: state and= state0 & flags0 ^ 0x6808cf40 - 0x72c2e29b | 0x8e87c: state and= state0 & flags0 ^ 0x6808cf40 - 0x72c2e29b & u16_0 + state0 & flags0 ^ 0x6808cf40 - 0x72c2e29b + flags0 ^ 0x6808cf40 - 0x72c2e29b | 0x8eb10: state sub= state0 & flags0 ^ 0x6808cf40 - 0x72c2e29b & u16_0 + state0 & flags0 ^ 0x6808cf40 - 0x72c2e29b + flags0 ^ 0x6808cf40 - 0x72c2e29b - u16_2	0x8e723: flags xor= flags0 ^ 0x6808cf40 | 0x8e734: flags sub= flags0 ^ 0x6808cf40 - 0x72c2e29b | 0x8e8a2: flags xor= flags0 ^ 0x6808cf40 - 0x72c2e29b ^ 0x35dcbb88	128=u16_2 & 0xffff	128=0x5					next = table[slot]; ip += 128=0x5	7 paths over 414 state events	0/640 unknown branches (0.0%): 		0/640 unknown branches (0.0%): 		state_static=100.0%, dispatch_static=100.0%, dispatch_model=static_100:100.0%, transfer_expr=100.0%/128	350@0xc1926:256,28@0x7e390:129,291@0xb4edd:72,140@0x94e5a:33,92@0x8b8cb:32,349@0xc140b:13
106	0x8eb79	unobserved_static	0	-	-				0x8ecc3:byte0,0x8edbb:b0,0x8ee09:u16_1,0x8ee74:u16_3	0x8eead: state sub= state0 - u16_3	0x8ecc9: flags and= flags0 & 0x3ed7367c														
107	0x8eef4	static_validated	256	+0x5	CCCCC	CC	b0=0x9e;b1=0xd4;b2=0xa9;b3=0x3d;b4=0x01	w0=0xd49e;w1=0x3da9	0x8efcf:u16_3,0x8f003:byte0,0x8f13f:b2,0x8f188:u16_3,0x8f1cb:u16_0	0x8f20c: state sub= state0 - u16_0 ^ state0	0x8ef75: flags and= flags0 & 0x2f7d4e8d	128=(mask32(u16_0 ^ state0)) & 0xffff	128=0x5					next = table[slot]; ip += 128=0x5	1 paths over 256 state events	0/640 unknown branches (0.0%): 		0/640 unknown branches (0.0%): 		state_static=100.0%, dispatch_static=100.0%, dispatch_model=static_100:100.0%, transfer_expr=100.0%/128	160@0x994cf:256
108	0x8f24b	static_validated	5239	+0x2	VV	V	b0=var228(top=0xce:5.1%);b1=var237(top=0x85:6.6%)	w0=var710(top=0x1ece:4.9%)	0x8f363:byte0,0x8f4b5:byte0,0x8f585:byte0,0x8f5fe:u16_0	0x8f47a: state add= state0 + 0x11961dc7 | 0x8f49a: state xor= state0 + 0x11961dc7 ^ 0x5fa19cc7 | 0x8f4c5: state sub= state0 + 0x11961dc7 ^ 0x5fa19cc7 - flags0	0x8f504: flags xor= flags0 ^ 0x1d98f07a | 0x8f516: flags and= flags0 ^ 0x1d98f07a & 0x60594c67 | 0x8f575: flags sub= flags0 ^ 0x1d98f07a & 0x60594c67 - 0x2e3abdae	128=(mask32((mask32(u16_0 ^ (mask32((mask32((mask32(state0 + 0x11961dc7)) ^ 0x5fa19cc7)) - flags0)))) + 0x36f124db)) & 0xffff	128=0x2					next = table[slot]; ip += 128=0x2	7 paths over 2430 state events	21/917 unknown branches (2.3%): unknown_frame_field:21	0x8f3ec:je:unknown_frame_field:21	0/917 unknown branches (0.0%): 		state_static=100.0%, dispatch_static=100.0%, dispatch_model=static_100:100.0%, transfer_expr=100.0%/128	337@0xbec0e:401,215@0xa4609:378,333@0xbd8af:371,196@0x9fbcd:328,297@0xb64d7:248,345@0xc02e4:227
109	0x8f6d1	unobserved_static	0	-	-				0x8f6de:byte0,0x8f700:u16_2,0x8f70b:u16_6,0x8f734:u16_4,0x8f7cc:u16_0	0x8f800: state xor= state0 ^ u16_0 - state0 ^ 0x33e5dfd															
110	0x8f834	unobserved_static	0	-	-				0x8f84f:u32_2,0x8f879:u16_0,0x8f9a8:b0,0x8f9db:u16_1,0x8fa6f:u16_3	0x8f917: state and= state0 & 0xc8a0d06 | 0x8fab1: state xor= state0 & 0xc8a0d06 ^ u16_3 ^ state0 & 0xc8a0d06 - 0x29ce8b8a															
111	0x8f8ae	unobserved_static	0	-	-				0x8f9a8:b0,0x8f9db:u16_1,0x8fa6f:u16_3	0x8f917: state and= state0 & 0xc8a0d06 | 0x8fab1: state xor= state0 & 0xc8a0d06 ^ u16_3 ^ state0 & 0xc8a0d06 - 0x29ce8b8a															
112	0x8faec	partial	2	+0x5	ECCEE	EE	b0=enum2(0x00:1,0x13:1);b1=0x3d;b2=0x01;b3=enum2(0xf9:1,0xa9:1);b4=enum2(0xd3:1,0xf4:1)	w0=enum2(0x3d00:1,0x3d13:1);w1=enum2(0xf901:1,0xa901:1)	0x8faf9:byte0,0x8fb2d:byte0,0x8fbd9:byte0,0x8fe31:byte0,0x8ff63:b0,0x8ffdb:u16_1,0x9019b:u16_3	0x8fb10: state and= state0 & flags0 | 0x8fb1f: state xor= state0 & flags0 ^ 0x40561547 | 0x8fb60: state sub= state0 & flags0 ^ 0x40561547 - flags0 & 0x1340e310 | 0x8fb6c: state add= state0 & flags0 ^ 0x40561547 - flags0 & 0x1340e310 + 0x2d8111d9 | ...1 omitted... | 0x9020e: state xor= state0 & flags0 ^ 0x40561547 - flags0 & 0x1340e310 + 0x2d8111d9 | flags0 & state0 & flags0 ^ 0x40561547 - flags0 & 0x1340e310 + 0x2d8111d9 & 0x25637e96 | 0x488765f3 + state0 & flags0 ^ 0x40561547 - flags...#9e4afba969ea	0x8fb9e: flags and= flags0 & state0 & flags0 ^ 0x40561547 - flags0 & 0x1340e310 + 0x2d8111d9 & 0x25637e96 | 0x8fbbf: flags or= flags0 & state0 & flags0 ^ 0x40561547 - flags0 & 0x1340e310 + 0x2d8111d9 & 0x25637e96 | 0x488765f3 | 0x8fdb2: flags add= flags0 & state0 & flags0 ^ 0x40561547 - flags0 & 0x1340e310 + 0x2d8111d9 & 0x25637e96 | 0x488765f3 + state0 & flags0 ^ 0x40561547 - flags0 & 0x1340e310 + 0x2d8111d9 + 0x2aab3c50 | 0x90044: flags xor= flags0 & state0 & flags0 ^ 0x40561547 - flags0 & 0x1340e310 + 0x2d8111d9 & 0x25637e96 | 0x488765f3 + state0 & flags0 ^ 0x40561547 - flags0 & 0x1340e310 + 0x2d8111d9 + 0x2aab3c...#523c51bcde5b														160@0x994cf:1,108@0x8f24b:1
113	0x9026f	unobserved_static	0	-	-				0x9028a:u16_6,0x902af:u16_4,0x902da:u32_0,0x903ca:byte0,0x905bc:u16_2,0x90746:byte0,0x907d0:u16_0	0x90434: state xor= state0 ^ flags0 & state0 | 0x6729b5bf - 0x3dca653f ^ 0x671da5f4 + state0 & 0x48367f78 | 0x90442: state xor= state0 ^ flags0 & state0 | 0x6729b5bf - 0x3dca653f ^ 0x671da5f4 + state0 & 0x48367f78 ^ 0x63bb548f | 0x9047d: state add= state0 ^ flags0 & state0 | 0x6729b5bf - 0x3dca653f ^ 0x671da5f4 + state0 & 0x48367f78 ^ 0x63bb548f + flags0 & state0 | 0x6729b5bf - 0x3dca653f ^ 0x671da5f4 + state0 | 0x904ce: state and= state0 ^ flags0 & state0 | 0x6729b5bf - 0x3dca653f ^ 0x671da5f4 + state0 & 0x48367f78 ^ 0x63bb548f + flags0 & state0 | 0x6729b5bf - 0x3dca653f ^ 0x671da5f4 + state0 & 0x292b555d | ...2 om...#b794c085653d	0x90389: flags and= flags0 & state0 | 0x6729b5bf | 0x903e9: flags sub= flags0 & state0 | 0x6729b5bf - 0x3dca653f | 0x903f9: flags xor= flags0 & state0 | 0x6729b5bf - 0x3dca653f ^ 0x671da5f4 | 0x90416: flags add= flags0 & state0 | 0x6729b5bf - 0x3dca653f ^ 0x671da5f4 + state0 | ...6 omitted... | 0x90670: flags and= flags0 & state0 | 0x6729b5bf - 0x3dca653f ^ 0x671da5f4 + state0 - 0x3b2cb159 & 0xfc7215c & 0x662844c - 0x7bdaf9d9 ^ 0x257a9d7d ^ 0x665346b9 & 0x1c8b6fee														
114	0x90319	static_validated	25300	+0x4	VVVV	VV	b0=var255(top=0x99:2.0%);b1=var198(top=0x77:2.9%);b2=var250(top=0xa6:2.9%);b3=var248(top=0xcf:2.6%)	w0=var2171(top=0x67d1:1.0%);w1=var2097(top=0xaca6:1.1%)	0x903ca:byte0,0x905bc:u16_2,0x90746:byte0,0x907d0:u16_0	0x90434: state xor= state0 ^ flags0 & state0 | 0x6729b5bf - 0x3dca653f ^ 0x671da5f4 + state0 & 0x48367f78 | 0x90442: state xor= state0 ^ flags0 & state0 | 0x6729b5bf - 0x3dca653f ^ 0x671da5f4 + state0 & 0x48367f78 ^ 0x63bb548f | 0x9047d: state add= state0 ^ flags0 & state0 | 0x6729b5bf - 0x3dca653f ^ 0x671da5f4 + state0 & 0x48367f78 ^ 0x63bb548f + flags0 & state0 | 0x6729b5bf - 0x3dca653f ^ 0x671da5f4 + state0 | 0x904ce: state and= state0 ^ flags0 & state0 | 0x6729b5bf - 0x3dca653f ^ 0x671da5f4 + state0 & 0x48367f78 ^ 0x63bb548f + flags0 & state0 | 0x6729b5bf - 0x3dca653f ^ 0x671da5f4 + state0 & 0x292b555d | ...2 om...#b794c085653d	0x90389: flags and= flags0 & state0 | 0x6729b5bf | 0x903e9: flags sub= flags0 & state0 | 0x6729b5bf - 0x3dca653f | 0x903f9: flags xor= flags0 & state0 | 0x6729b5bf - 0x3dca653f ^ 0x671da5f4 | 0x90416: flags add= flags0 & state0 | 0x6729b5bf - 0x3dca653f ^ 0x671da5f4 + state0 | ...6 omitted... | 0x90670: flags and= flags0 & state0 | 0x6729b5bf - 0x3dca653f ^ 0x671da5f4 + state0 - 0x3b2cb159 & 0xfc7215c & 0x662844c - 0x7bdaf9d9 ^ 0x257a9d7d ^ 0x665346b9 & 0x1c8b6fee	51=(mask32((mask32(u16_0 + (mask32((mask32((mask32((mask32((mask32((mask32(state0 ^ (mask32((mask32((mask32(flags0 & (mask32(state0 | 0x6729b5bf)))) + state0)) & 0x48367f78)))) ^ 0x63bb548f)) + (mask32((mas...#c641ff3c3e67 | 36=(mask32((mask32(u16_0 + (mask32((mask32((mask32((mask32((mask32((mask32(state0 ^ (mask32((mask32((mask32((mask32((mask32(flags0 & (mask32(state0 | 0x6729b5bf)))) - 0x3dca653f)) ^ 0x671da5f4)) + state0)) ...#2b79eeb26734	128=0x4					next = table[slot]; ip += 128=0x4	4 paths over 7722 state events	128/640 unknown branches (20.0%): live_in_reg:128	0x90334:je:live_in_reg:128	0/640 unknown branches (0.0%): 		state_static=100.0%, dispatch_static=100.0%, dispatch_model=static_100:100.0%, transfer_expr=100.0%/128	66@0x855ff:2041,185@0x9d964:1516,215@0xa4609:1500,18@0x7be9b:1307,20@0x7c62b:1184,158@0x99029:1132
115	0x90895	unobserved_static	0	-	-				0x908d0:u16_2,0x908e0:u16_0,0x90902:u16_4,0x909a7:u16_6	0x908c3: state and= state0 & flags0 | 0x9094c: state sub= state0 & flags0 - flags0 | 0x909eb: state xor= state0 & flags0 - flags0 ^ u16_6 - 0x65879915															
116	0x90a1b	unobserved_static	0	-	-				0x90a2f:u32_0,0x90a82:u32_0,0x90b09:u16_0,0x90b96:u32_4,0x90b99:u32_4																
117	0x90acd	sampled_only	122	-0x40	sampled				0x90b09:u16_0,0x90b96:u32_4,0x90b99:u32_4					56=next = table[354], ip -= 0x40 | 27=next = table[165], ip -= 0x40	122=target_u32@+0,delta_u32@+4			56=next = table[354], ip -= 0x40 | 27=next = table[165], ip -= 0x40						long_branch=122/14, long_branch_len=122=0x8	354@0xc2241:71,165@0x9a24c:48,171@0x9b4b3:3
118	0x90c23	static_validated	398	+0x3	CVV	V	b0=0x62;b1=var12(top=0xa6:64.3%);b2=var12(top=0x2b:64.3%)	w0=var12(top=0xa662:64.3%)	0x90c51:byte0,0x90d10:b0,0x90dc5:u16_1	0x90e33: state and= state0 & u16_1 ^ state0 - 0x52d3aa4	0x90ca4: flags xor= flags0 ^ 0x41355bdb | 0x90cb4: flags add= flags0 ^ 0x41355bdb + 0x392f8e74 | 0x90ce2: flags add= flags0 ^ 0x41355bdb + 0x392f8e74 + 0x860cb96 | 0x90d29: flags and= flags0 ^ 0x41355bdb + 0x392f8e74 + 0x860cb96 & 0x276ac31a | 0x90d3b: flags sub= flags0 ^ 0x41355bdb + 0x392f8e74 + 0x860cb96 & 0x276ac31a - 0x5cecff55	128=(mask32((mask32(u16_1 ^ state0)) - 0x52d3aa4)) & 0xffff	128=0x3					next = table[slot]; ip += 128=0x3	2 paths over 390 state events	0/384 unknown branches (0.0%): 		0/384 unknown branches (0.0%): 		state_static=100.0%, dispatch_static=100.0%, dispatch_model=static_100:100.0%, transfer_expr=100.0%/128	332@0xbd36d:256,217@0xa4b11:65,322@0xbb3c9:64,172@0x9b68a:3,114@0x90319:3,208@0xa2361:3
119	0x90ebc	static_validated	922	+0x6	CCCCVV	CCV	b0=0xe8;b1=0x01;b2=0x3d;b3=0x01;b4=var72(top=0xb9:10.3%);b5=var72(top=0x8f:10.0%)	w0=0x01e8;w1=0x013d;w2=var94(top=0x8f13:9.9%)	0x90f08:u16_2,0x90f1f:u16_0,0x90fd0:u16_4	0x91029: state or= state0 | u16_4 ^ state0 + 0x7e7974a5	0x90f44: flags sub= flags0 - 0x1d17883d | 0x90f5d: flags xor= flags0 - 0x1d17883d ^ 0x5928e32a	128=(mask32((mask32(u16_4 ^ state0)) + 0x7e7974a5)) & 0xffff	128=0x6					next = table[slot]; ip += 128=0x6	2 paths over 243 state events	0/128 unknown branches (0.0%): 		0/128 unknown branches (0.0%): 		state_static=100.0%, dispatch_static=100.0%, dispatch_model=static_100:100.0%, transfer_expr=100.0%/128	28@0x7e390:190,64@0x85059:187,340@0xbf435:107,337@0xbec0e:99,297@0xb64d7:96,18@0x7be9b:96
120	0x9106a	unobserved_static	0	-	-				0x910cc:u16_4,0x9111c:u16_6,0x9117d:u16_9,0x91209:u16_6,0x91221:u16_4,0x9128a:b8,0x912c6:u16_2,0x9130e:u16_0	0x91339: state xor= state0 ^ u16_0	0x9112d: flags and= flags0 & 0x694d2730														
121	0x91379	static_validated	2198	+0x4	VVVV	VV	b0=var124(top=0x7b:11.8%);b1=var131(top=0x93:11.6%);b2=var140(top=0x37:11.7%);b3=var145(top=0x2f:11.6%)	w0=var204(top=0x937b:11.6%);w1=var213(top=0x2f37:11.6%)	0x91417:byte0,0x91452:byte0,0x914a5:u16_0,0x9163b:u16_2	0x913c5: state xor= state0 ^ flags0 + 0x3154e54a | 0x913d2: state sub= state0 ^ flags0 + 0x3154e54a - 0x288d43ba | 0x91525: state add= state0 ^ flags0 + 0x3154e54a - 0x288d43ba + u16_0 + state0 ^ flags0 + 0x3154e54a - 0x288d43ba - flags0	0x91560: flags xor= flags0 ^ 0x1753e9d0	128=(mask32((mask32(u16_2 ^ (mask32((mask32((mask32(state0 ^ (mask32(flags0 + 0x3154e54a)))) - 0x288d43ba)) + (mask32((mask32(u16_0 + (mask32((mask32(state0 ^ (mask32(flags0 + 0x3154e54a)))) - 0x288d43ba))))...#16d4adea9152	128=0x4					next = table[slot]; ip += 128=0x4	1 paths over 737 state events					state_static=100.0%, dispatch_static=100.0%, dispatch_model=static_100:100.0%, transfer_expr=100.0%/128	307@0xb8064:350,180@0x9cf32:244,114@0x90319:190,91@0x8b6de:171,196@0x9fbcd:117,66@0x855ff:117
122	0x9170d	static_validated	498	+0x5	VVCCV	VC	b0=var38(top=0x63:30.3%);b1=var40(top=0x71:30.1%);b2=0x3d;b3=0x01;b4=var37(top=0xd7:30.1%)	w0=var41(top=0x7163:30.1%);w1=0x013d	0x91836:byte0,0x91925:b4,0x9197b:u16_2,0x919d3:u16_0	0x91801: state add= state0 + flags0 | 0x91a1e: state sub= state0 + flags0 - u16_0 + state0 + flags0 + 0x1af9be18		121=(mask32((mask32(u16_0 + (mask32(state0 + flags0)))) + 0x1af9be18)) & 0xffff	121=0x5					next = table[slot]; ip += 121=0x5	3 paths over 121 state events	0/605 unknown branches (0.0%): 		0/605 unknown branches (0.0%): 		state_static=100.0%, dispatch_static=100.0%, dispatch_model=static_100:100.0%, transfer_expr=100.0%/121	334@0xbdd18:155,316@0xb987b:112,258@0xadf2c:92,210@0xa2da3:59,145@0x95b5c:40,246@0xab427:14
123	0x91a59	static_validated	10598	+0x4	VVCC	VC	b0=var226(top=0x56:3.4%);b1=var237(top=0x96:3.3%);b2=0xe8;b3=0x01	w0=var861(top=0xde81:2.4%);w1=0x01e8	0x91ae6:byte0,0x91bc8:u16_2,0x91d9f:u16_0	0x91d4d: state add= state0 + 0x3da77425 | 0x91e2a: state sub= state0 + 0x3da77425 - u16_0 - state0 + 0x3da77425 ^ 0x1603b0a9	0x91c64: flags and= flags0 & 0x6e640fcb | 0x91ca1: flags add= flags0 & 0x6e640fcb + 0x6b73b101 | 0x91cb2: flags add= flags0 & 0x6e640fcb + 0x6b73b101 + 0x2261b554 | 0x91d2b: flags add= flags0 & 0x6e640fcb + 0x6b73b101 + 0x2261b554 + 0x4cd877bf	128=(mask32((mask32(u16_0 - (mask32(state0 + 0x3da77425)))) ^ 0x1603b0a9)) & 0xffff	128=0x4					next = table[slot]; ip += 128=0x4	4 paths over 2829 state events	128/640 unknown branches (20.0%): live_in_reg:128	0x91a6a:je:live_in_reg:128	0/640 unknown branches (0.0%): 		state_static=100.0%, dispatch_static=100.0%, dispatch_model=static_100:100.0%, transfer_expr=100.0%/128	337@0xbec0e:1011,114@0x90319:972,66@0x855ff:944,347@0xc088d:901,64@0x85059:880,18@0x7be9b:646
124	0x91e81	static_validated	1796	+0x6	VVVVVV	VVV	b0=var166(top=0xc1:12.6%);b1=var177(top=0x7f:8.9%);b2=var34(top=0x00:43.4%);b3=var144(top=0x1b:7.3%);b4=var91(top=0x4f:12.2%);b5=var36(top=0xcb:25.7%)	w0=var303(top=0xee29:7.0%);w1=var236(top=0x1bf0:7.0%);w2=var198(top=0xc44f:9.6%)	0x92045:u32_0,0x921ef:u16_4,0x9223d:u16_4 + state0 - 0x7c31e804 ^ flags0 + 0x57b29524 - 0x2c2f20af ^ 0x2bb25e3 | 0x50ef8024 + flags0 + 0x57b29524 - 0x2c2f20af - state0 - 0x7c31e804 ^ flags0 + 0x57b29524 - 0x2c2f20af ^ 0x2bb25e3 | 0x50ef8024 ^ flags0 + 0x57b29524 - 0x2c2f20af - state0 - 0x7c31e804 ^ flags0 + 0x57b29524 - 0x2c2f20af ^ 0x2bb25e3 | 0x50ef8024 & u32_0 - state0 - 0x7c31e804 ^ flags0 + 0x57b29524 - 0x2c2f20af ^ 0x2bb25e3 | 0x50ef8024 + flags0 + 0x57b29524 - 0x2c2f20af - state0 - 0x7c31e804 ^ flags0 + 0x57b29524 - 0x2c2f20af ^ 0x2bb25e3 | 0x50ef8024 ^ flags0 + 0x57b29524 - 0x2c2f20af - state0 - 0x7c31e804 ^ flags0 + 0x57b29524 - 0x2c2f20af ^ 0x2bb25e3 | 0x50ef8024 ^ 0x3654c1a7	0x91e9f: state sub= state0 - 0x7c31e804 | 0x91f39: state xor= state0 - 0x7c31e804 ^ flags0 + 0x57b29524 - 0x2c2f20af | 0x91f7d: state xor= state0 - 0x7c31e804 ^ flags0 + 0x57b29524 - 0x2c2f20af ^ 0x2bb25e3 | 0x91f8e: state or= state0 - 0x7c31e804 ^ flags0 + 0x57b29524 - 0x2c2f20af ^ 0x2bb25e3 | 0x50ef8024 | ...3 omitted... | 0x9225e: state sub= state0 - 0x7c31e804 ^ flags0 + 0x57b29524 - 0x2c2f20af ^ 0x2bb25e3 | 0x50ef8024 + flags0 + 0x57b29524 - 0x2c2f20af - state0 - 0x7c31e804 ^ flags0 + 0x57b29524 - 0x2c2f20af ^ 0x2bb25e3 | 0x50ef8024 ^ flag...#9b48464324b8	0x91ebc: flags add= flags0 + 0x57b29524 | 0x91ecd: flags sub= flags0 + 0x57b29524 - 0x2c2f20af | 0x91fb9: flags sub= flags0 + 0x57b29524 - 0x2c2f20af - state0 - 0x7c31e804 ^ flags0 + 0x57b29524 - 0x2c2f20af ^ 0x2bb25e3 | 0x50ef8024 | 0x920f8: flags add= flags0 + 0x57b29524 - 0x2c2f20af - state0 - 0x7c31e804 ^ flags0 + 0x57b29524 - 0x2c2f20af ^ 0x2bb25e3 | 0x50ef8024 + 0x562164c0	71=(mask32((mask32(u16_4 + (mask32((mask32((mask32((mask32((mask32((mask32((mask32(state0 - 0x7c31e804)) ^ flags0)) ^ 0x2bb25e3)) | 0x50ef8024)) + (mask32(flags0 - (mask32((mask32((mask32((mask32(state0 - 0...#a71fad2f15d8 | 57=(mask32((mask32(u16_4 + (mask32((mask32((mask32((mask32((mask32((mask32((mask32(state0 - 0x7c31e804)) ^ (mask32((mask32(flags0 + 0x57b29524)) - 0x2c2f20af)))) ^ 0x2bb25e3)) | 0x50ef8024)) + (mask32((mask...#eb1d9ab33bed	128=0x6					next = table[slot]; ip += 128=0x6	2 paths over 639 state events	0/256 unknown branches (0.0%): 		0/256 unknown branches (0.0%): 		state_static=100.0%, dispatch_static=100.0%, dispatch_model=static_100:100.0%, transfer_expr=100.0%/128	320@0xbada5:235,192@0x9f00a:199,43@0x8173d:191,37@0x80685:147,333@0xbd8af:139,307@0xb8064:123
125	0x922c4	static_validated	129	+0x5	VVVCC	VV	b0=var25(top=0x2b:70.5%);b1=var25(top=0x60:70.5%);b2=var24(top=0x21:70.5%);b3=0x3d;b4=0x01	w0=var26(top=0x602b:70.5%);w1=var24(top=0x3d21:70.5%)	0x923c4:byte0,0x924e0:b2,0x92534:u16_3,0x9259e:u16_0	0x925ed: state and= state0 & u16_0 + state0 - 0x7b275316		19=(mask32((mask32(u16_0 + state0)) - 0x7b275316)) & 0xffff	19=0x5					next = table[slot]; ip += 19=0x5	2 paths over 19 state events	0/95 unknown branches (0.0%): 		0/95 unknown branches (0.0%): 		state_static=100.0%, dispatch_static=100.0%, dispatch_model=static_100:100.0%, transfer_expr=100.0%/19	316@0xb987b:96,334@0xbdd18:9,246@0xab427:6,18@0x7be9b:4,114@0x90319:3,210@0xa2da3:3
126	0x92615	unobserved_static	0	-	-				0x92630:u16_6,0x92658:u16_4,0x92684:u32_0,0x926cd:byte0,0x9274e:u16_3,0x9276c:byte0,0x92857:b2,0x928aa:u16_3,0x92926:u16_0	0x9295f: state or= state0 | u16_0 - state0 + 0xf376a6a															
127	0x926c3	static_validated	384	+0x5	EEECC	EE	b0=enum3(0xdf:256,0x7b:64,0x99:64);b1=enum3(0x22:256,0xc7:64,0xa1:64);b2=enum3(0xc9:256,0x79:64,0x2b:64);b3=0x3d;b4=0x01	w0=enum3(0x22df:256,0xc77b:64,0xa199:64);w1=enum3(0x3dc9:256,0x3d79:64,0x3d2b:64)	0x926cd:byte0,0x9274e:u16_3,0x9276c:byte0,0x92857:b2,0x928aa:u16_3,0x92926:u16_0	0x9295f: state or= state0 | u16_0 - state0 + 0xf376a6a		128=(mask32((mask32(u16_0 - state0)) + 0xf376a6a)) & 0xffff	128=0x5					next = table[slot]; ip += 128=0x5	2 paths over 384 state events	0/640 unknown branches (0.0%): 		0/640 unknown branches (0.0%): 		state_static=100.0%, dispatch_static=100.0%, dispatch_model=static_100:100.0%, transfer_expr=100.0%/128	108@0x8f24b:256,144@0x95887:64,257@0xadbfd:64
128	0x9299b	static_validated	1158	+0x5	EVVVV	VV	b0=enum4(0x62:840,0x3a:175,0x50:118,0x32:25);b1=var10(top=0x79:57.3%);b2=var17(top=0x04:24.0%);b3=var77(top=0xb7:22.4%);b4=var50(top=0x94:25.1%)	w0=var20(top=0x7962:44.7%);w1=var107(top=0xcf04:22.3%)	0x92ab3:byte0,0x92b4b:u16_1,0x92cb1:b0,0x92e31:u16_3	0x929b8: state and= state0 & flags0 & 0x7036ea56 | 0x92a1c: state add= state0 & flags0 & 0x7036ea56 + 0x277b426c | 0x92a7b: state sub= state0 & flags0 & 0x7036ea56 + 0x277b426c - 0x57b04ce2 | 0x92aea: state sub= state0 & flags0 & 0x7036ea56 + 0x277b426c - 0x57b04ce2 - flags0 ^ 0x46f37ee7 & 0x706a6a76 - 0x32c25a60 + 0x63f5af32 | 0x36a392ff | ...4 omitted... | 0x92eb4: state and= state0 & flags0 & 0x7036ea56 + 0x277b426c - 0x57b04ce2 - flags0 ^ 0x46f37ee7 & 0x706a6a76 - 0x32c25a60 + 0x63f5af32 | 0x36a392ff | 0x38cd3aec - u16_1 + state0 & flags0 & 0x7036ea56 + 0x277b426c - 0x57b04...#ff1aa0b79d3f	0x929ed: flags xor= flags0 ^ 0x46f37ee7 | 0x929fe: flags and= flags0 ^ 0x46f37ee7 & 0x706a6a76 | 0x92a3e: flags sub= flags0 ^ 0x46f37ee7 & 0x706a6a76 - 0x32c25a60 | 0x92a4f: flags add= flags0 ^ 0x46f37ee7 & 0x706a6a76 - 0x32c25a60 + 0x63f5af32 | ...2 omitted... | 0x92dc0: flags or= flags0 ^ 0x46f37ee7 & 0x706a6a76 - 0x32c25a60 + 0x63f5af32 - 0x1a4f949c - 0x7ee52541 | 0x32a62c13	109=(mask32((mask32(u16_3 ^ (mask32((mask32((mask32((mask32((mask32((mask32((mask32((mask32(state0 & (mask32(flags0 & 0x7036ea56)))) + 0x277b426c)) - 0x57b04ce2)) - (mask32(flags0 | 0x36a392ff)))) | 0x38cd3a...#ecd27d758938 | 19=(mask32((mask32(u16_3 ^ (mask32((mask32((mask32((mask32((mask32((mask32((mask32((mask32(state0 & (mask32(flags0 & 0x7036ea56)))) + 0x277b426c)) - 0x57b04ce2)) - (mask32((mask32((mask32(flags0 ^ 0x46f37ee...#07008f725ecb	128=0x5					next = table[slot]; ip += 128=0x5	6 paths over 955 state events	0/1024 unknown branches (0.0%): 		0/1024 unknown branches (0.0%): 		state_static=100.0%, dispatch_static=100.0%, dispatch_model=static_100:100.0%, transfer_expr=100.0%/128	268@0xb0007:282,215@0xa4609:268,64@0x85059:262,3@0x78c77:71,196@0x9fbcd:45,347@0xc088d:32
129	0x92f21	static_validated	139	+0x3	VVE	V	b0=var10(top=0xf0:46.0%);b1=var10(top=0x06:46.0%);b2=enum2(0x62:137,0x32:2)	w0=var10(top=0x06f0:46.0%)	0x92f53:b2,0x93118:u16_0	0x92f62: state and= state0 & flags0 | 0x77ecded8 | 0x92f6f: state add= state0 & flags0 | 0x77ecded8 + 0x14f8aa88 | 0x92fa8: state add= state0 & flags0 | 0x77ecded8 + 0x14f8aa88 + 0x5f119f37 | 0x93044: state add= state0 & flags0 | 0x77ecded8 + 0x14f8aa88 + 0x5f119f37 + flags0 + state0 & flags0 | 0x77ecded8 + 0x14f8aa88 + 0x5f119f37 - 0x42c8b2fa - 0x3f4e9109 + 0x5d5f2ae2 | ...1 omitted... | 0x93184: state and= state0 & flags0 | 0x77ecded8 + 0x14f8aa88 + 0x5f119f37 + flags0 + state0 & flags0 | 0x77ecded8 + 0x14f8aa88 + 0x5f119f37 - 0x42c8b2fa - 0x3f4e9109 + 0x5d5f2ae2 & 0x63b683d & u16_0 - state0 & flags0 | 0x7...#35969bd9ba86	0x92fe9: flags add= flags0 + state0 & flags0 | 0x77ecded8 + 0x14f8aa88 + 0x5f119f37 - 0x42c8b2fa | 0x93017: flags sub= flags0 + state0 & flags0 | 0x77ecded8 + 0x14f8aa88 + 0x5f119f37 - 0x42c8b2fa - 0x3f4e9109 | 0x93027: flags add= flags0 + state0 & flags0 | 0x77ecded8 + 0x14f8aa88 + 0x5f119f37 - 0x42c8b2fa - 0x3f4e9109 + 0x5d5f2ae2 | 0x9308c: flags xor= flags0 + state0 & flags0 | 0x77ecded8 + 0x14f8aa88 + 0x5f119f37 - 0x42c8b2fa - 0x3f4e9109 + 0x5d5f2ae2 ^ state0 & flags0 | 0x77ecded8 + 0x14f8aa88 + 0x5f119f37 + flags0 + state0 & flags0 | 0x77ecded8 + 0...#8f0843724abe | 0x930ad: flags and= flags0 + state0 & flags0 ...#273aa9935a98	128=(mask32(u16_0 - (mask32((mask32((mask32((mask32((mask32(state0 & (mask32(flags0 | 0x77ecded8)))) + 0x14f8aa88)) + 0x5f119f37)) + (mask32(flags0 + (mask32((mask32((mask32((mask32(state0 & (mask32(flags0 |...#9cf512e1edb8	128=0x3					next = table[slot]; ip += 128=0x3	2 paths over 136 state events	0/128 unknown branches (0.0%): 		0/128 unknown branches (0.0%): 		state_static=100.0%, dispatch_static=100.0%, dispatch_model=static_100:100.0%, transfer_expr=100.0%/128	215@0xa4609:64,99@0x8c99a:64,66@0x855ff:3,199@0xa0631:2,217@0xa4b11:2,172@0x9b68a:1
130	0x931d3	static_validated	5	+0x5	EECCE	EC	b0=enum2(0x78:4,0xa1:1);b1=enum2(0xf5:4,0xc3:1);b2=0x3d;b3=0x01;b4=enum2(0x00:4,0x4b:1)	w0=enum2(0xf578:4,0xc3a1:1);w1=0x013d	0x93502:byte0,0x93607:b4,0x93632:u16_2,0x9371f:u16_0	0x93351: state or= state0 | flags0 - state0 + 0x42718c2a | 0x935d5: state add= state0 | flags0 - state0 + 0x42718c2a + flags0 - state0 + 0x42718c2a + 0x3941798 - 0x1b3f106e & 0x3a044344 | 0x93780: state or= state0 | flags0 - state0 + 0x42718c2a + flags0 - state0 + 0x42718c2a + 0x3941798 - 0x1b3f106e & 0x3a044344 | u16_0 + state0 | flags0 - state0 + 0x42718c2a + flags0 - state0 + 0x42718c2a + 0x3941798 - 0x1...#c043b172b43c	0x932c9: flags sub= flags0 - state0 + 0x42718c2a | 0x93417: flags add= flags0 - state0 + 0x42718c2a + 0x3941798 | 0x93449: flags sub= flags0 - state0 + 0x42718c2a + 0x3941798 - 0x1b3f106e	4=(mask32((mask32(u16_0 + (mask32((mask32(state0 | (mask32(flags0 - (mask32(state0 + 0x42718c2a)))))) + (mask32((mask32(flags0 - (mask32(state0 + 0x42718c2a)))) & 0x3a044344)))))) - 0x5121ff33)) & 0xffff	4=0x5					next = table[slot]; ip += 4=0x5	1 paths over 4 state events	0/28 unknown branches (0.0%): 		0/28 unknown branches (0.0%): 		state_static=100.0%, dispatch_static=100.0%, dispatch_model=static_100:100.0%, transfer_expr=100.0%/4	144@0x95887:4,198@0xa037e:1
131	0x937d0	static_validated	66	+0x5	VVVCC	VV	b0=var17(top=0xc5:15.2%);b1=var16(top=0x97:21.2%);b2=var18(top=0x58:15.2%);b3=0x3d;b4=0x01	w0=var18(top=0x0fc5:15.2%);w1=var18(top=0x3d58:15.2%)	0x93a38:byte0,0x93c9f:b0,0x93d5e:u16_3,0x93eb1:u16_1	0x93afe: state or= state0 | 0x8fb57c3 | 0x93bae: state sub= state0 | 0x8fb57c3 - 0x45a18ca4 | 0x93c19: state or= state0 | 0x8fb57c3 - 0x45a18ca4 | flags0 + 0x75229706 - 0x1ec4fc3d - state0 | 0x8fb57c3 + 0x4674713d ^ 0x4382f497 - 0x95703a1 ^ 0xea909d9 | 0x93de3: state sub= state0 | 0x8fb57c3 - 0x45a18ca4 | flags0 + 0x75229706 - 0x1ec4fc3d - state0 | 0x8fb57c3 + 0x4674713d ^ 0x4382f497 - 0x95703a1 ^ 0xea909d9 - flags0 + 0x75229706 - 0x1ec4fc3d - state0 | 0x8fb57c3 + 0x46747...#c9a7ca7d35f7 | ...1 omitted... | 0x93f23: state sub= state0 | 0x8fb57c3 - 0x45a18ca4 | flags0 + 0x75229706 - 0x1ec4fc3d - state0 | 0x8fb57c3 + ...#11a933de7117	0x9398b: flags add= flags0 + 0x75229706 | 0x939c0: flags sub= flags0 + 0x75229706 - 0x1ec4fc3d | 0x93b2e: flags sub= flags0 + 0x75229706 - 0x1ec4fc3d - state0 | 0x8fb57c3 + 0x4674713d | 0x93b3b: flags xor= flags0 + 0x75229706 - 0x1ec4fc3d - state0 | 0x8fb57c3 + 0x4674713d ^ 0x4382f497 | ...5 omitted... | 0x93e5d: flags sub= flags0 + 0x75229706 - 0x1ec4fc3d - state0 | 0x8fb57c3 + 0x4674713d ^ 0x4382f497 - 0x95703a1 ^ 0xea909d9 ^ 0x7099ef27 - 0x248dd823 + 0x3932a2c - 0x75d54c65	10=(mask32((mask32(u16_1 + (mask32((mask32((mask32((mask32((mask32(state0 | 0x8fb57c3)) - 0x45a18ca4)) | (mask32((mask32((mask32((mask32(flags0 - (mask32((mask32(state0 | 0x8fb57c3)) + 0x4674713d)))) ^ 0x43...#ccaf3278b018 | 4=(mask32((mask32(u16_1 + (mask32((mask32((mask32((mask32((mask32(state0 | 0x8fb57c3)) - 0x45a18ca4)) | (mask32((mask32((mask32((mask32((mask32((mask32(flags0 + 0x75229706)) - 0x1ec4fc3d)) - (mask32((mask3...#f1a7c3008f2e	14=0x5					next = table[slot]; ip += 14=0x5	2 paths over 14 state events	14/168 unknown branches (8.3%): unknown_frame_field:14	0x93b8f:je:unknown_frame_field:14	0/168 unknown branches (0.0%): 		state_static=100.0%, dispatch_static=100.0%, dispatch_model=static_100:100.0%, transfer_expr=100.0%/14	144@0x95887:31,173@0x9ba74:15,108@0x8f24b:10,160@0x994cf:4,352@0xc1ec4:2,198@0xa037e:2
132	0x93f79	unobserved_static	0	-	-				0x93f94:u32_2,0x93fbd:u16_0,0x9400e:u16_0,0x94036:u16_2,0x94127:u32_0,0x9415b:byte0,0x941c4:u32_0 + flags0 + 0x1c953985,0x943d2:u16_4,0x94454:u32_0 + flags0 + 0x1c953985 ^ 0xda3b7d9 & (Ptr(kind='frame', off=35)) + -0x80000000 ^ (Ptr(kind='frame', off=10)) - (Ptr(kind='ip', off=4)) + -0x80000000 & u32_0 + flags0 + 0x1c953985 ^ 0xda3b7d9 & (Ptr(kind='frame', off=35)) + -0x80000000 ^ (Ptr(kind='frame', off=10)) - (Ptr(kind='ip', off=4)) + -0x80000000 + -0x80000000 + 0x400 - 0x400 - u32_0 + flags0 + 0x1c953985 ^ 0xda3b7d9 & (Ptr(kind='frame', off=35)) + -0x80000000 ^ (Ptr(kind='frame', off=10)) + (Ptr(kind='table', off=0)) ^ (Ptr(kind='table', off=0)) ^ u16_4 ^ state0 + u32_0 + flags0 + 0x1c953985 & flags0 + 0x1c953985 - 0x29fcf13e + 0x1f834ebc + flags0 + 0x1c953985 - 0x29fcf13e ^ 0x60b79571 - 0x6463a428	0x941de: state add= state0 + u32_0 + flags0 + 0x1c953985 | 0x9429e: state and= state0 + u32_0 + flags0 + 0x1c953985 & flags0 + 0x1c953985 - 0x29fcf13e + 0x1f834ebc | 0x942de: state add= state0 + u32_0 + flags0 + 0x1c953985 & flags0 + 0x1c953985 - 0x29fcf13e + 0x1f834ebc + flags0 + 0x1c953985 - 0x29fcf13e | 0x942eb: state xor= state0 + u32_0 + flags0 + 0x1c953985 & flags0 + 0x1c953985 - 0x29fcf13e + 0x1f834ebc + flags0 + 0x1c953985 - 0x29fcf13e ^ 0x60b79571	0x940ac: flags add= flags0 + 0x1c953985 | 0x94210: flags sub= flags0 + 0x1c953985 - 0x29fcf13e | 0x94317: flags or= flags0 + 0x1c953985 - 0x29fcf13e | state0 + u32_0 + flags0 + 0x1c953985 & flags0 + 0x1c953985 - 0x29fcf13e + 0x1f834ebc + flags0 + 0x1c953985 - 0x29fcf13e ^ 0x60b79571 - 0x5a6b4ff4 | 0x94324: flags and= flags0 + 0x1c953985 - 0x29fcf13e | state0 + u32_0 + flags0 + 0x1c953985 & flags0 + 0x1c953985 - 0x29fcf13e + 0x1f834ebc + flags0 + 0x1c953985 - 0x29fcf13e ^ 0x60b79571 - 0x5a6b4ff4 & 0x48eb7f20														
133	0x93ff3	unobserved_static	0	-	-				0x9400e:u16_0,0x94036:u16_2,0x94127:u32_0,0x9415b:byte0,0x941c4:u32_0 + flags0 + 0x1c953985,0x943d2:u16_4,0x94454:u32_0 + flags0 + 0x1c953985 ^ 0xda3b7d9 & (Ptr(kind='frame', off=35)) + -0x80000000 ^ (Ptr(kind='frame', off=10)) - (Ptr(kind='ip', off=4)) + -0x80000000 & u32_0 + flags0 + 0x1c953985 ^ 0xda3b7d9 & (Ptr(kind='frame', off=35)) + -0x80000000 ^ (Ptr(kind='frame', off=10)) - (Ptr(kind='ip', off=4)) + -0x80000000 + -0x80000000 + 0x400 - 0x400 - u32_0 + flags0 + 0x1c953985 ^ 0xda3b7d9 & (Ptr(kind='frame', off=35)) + -0x80000000 ^ (Ptr(kind='frame', off=10)) + (Ptr(kind='table', off=0)) ^ (Ptr(kind='table', off=0)) ^ u16_4 ^ state0 + u32_0 + flags0 + 0x1c953985 & flags0 + 0x1c953985 - 0x29fcf13e + 0x1f834ebc + flags0 + 0x1c953985 - 0x29fcf13e ^ 0x60b79571 - 0x6463a428	0x941de: state add= state0 + u32_0 + flags0 + 0x1c953985 | 0x9429e: state and= state0 + u32_0 + flags0 + 0x1c953985 & flags0 + 0x1c953985 - 0x29fcf13e + 0x1f834ebc | 0x942de: state add= state0 + u32_0 + flags0 + 0x1c953985 & flags0 + 0x1c953985 - 0x29fcf13e + 0x1f834ebc + flags0 + 0x1c953985 - 0x29fcf13e | 0x942eb: state xor= state0 + u32_0 + flags0 + 0x1c953985 & flags0 + 0x1c953985 - 0x29fcf13e + 0x1f834ebc + flags0 + 0x1c953985 - 0x29fcf13e ^ 0x60b79571	0x940ac: flags add= flags0 + 0x1c953985 | 0x94210: flags sub= flags0 + 0x1c953985 - 0x29fcf13e | 0x94317: flags or= flags0 + 0x1c953985 - 0x29fcf13e | state0 + u32_0 + flags0 + 0x1c953985 & flags0 + 0x1c953985 - 0x29fcf13e + 0x1f834ebc + flags0 + 0x1c953985 - 0x29fcf13e ^ 0x60b79571 - 0x5a6b4ff4 | 0x94324: flags and= flags0 + 0x1c953985 - 0x29fcf13e | state0 + u32_0 + flags0 + 0x1c953985 & flags0 + 0x1c953985 - 0x29fcf13e + 0x1f834ebc + flags0 + 0x1c953985 - 0x29fcf13e ^ 0x60b79571 - 0x5a6b4ff4 & 0x48eb7f20														
134	0x9406d	unobserved_static	0	-	-				0x94127:u32_0,0x9415b:byte0,0x941c4:u32_0 + flags0 + 0x1c953985,0x943d2:u16_4,0x94454:u32_0 + flags0 + 0x1c953985 ^ 0xda3b7d9 & (Ptr(kind='frame', off=35)) + -0x80000000 ^ (Ptr(kind='frame', off=10)) - (Ptr(kind='ip', off=4)) + -0x80000000 & u32_0 + flags0 + 0x1c953985 ^ 0xda3b7d9 & (Ptr(kind='frame', off=35)) + -0x80000000 ^ (Ptr(kind='frame', off=10)) - (Ptr(kind='ip', off=4)) + -0x80000000 + -0x80000000 + 0x400 - 0x400 - u32_0 + flags0 + 0x1c953985 ^ 0xda3b7d9 & (Ptr(kind='frame', off=35)) + -0x80000000 ^ (Ptr(kind='frame', off=10)) + (Ptr(kind='table', off=0)) ^ (Ptr(kind='table', off=0)) ^ u16_4 ^ state0 + u32_0 + flags0 + 0x1c953985 & flags0 + 0x1c953985 - 0x29fcf13e + 0x1f834ebc + flags0 + 0x1c953985 - 0x29fcf13e ^ 0x60b79571 - 0x6463a428	0x941de: state add= state0 + u32_0 + flags0 + 0x1c953985 | 0x9429e: state and= state0 + u32_0 + flags0 + 0x1c953985 & flags0 + 0x1c953985 - 0x29fcf13e + 0x1f834ebc | 0x942de: state add= state0 + u32_0 + flags0 + 0x1c953985 & flags0 + 0x1c953985 - 0x29fcf13e + 0x1f834ebc + flags0 + 0x1c953985 - 0x29fcf13e | 0x942eb: state xor= state0 + u32_0 + flags0 + 0x1c953985 & flags0 + 0x1c953985 - 0x29fcf13e + 0x1f834ebc + flags0 + 0x1c953985 - 0x29fcf13e ^ 0x60b79571	0x940ac: flags add= flags0 + 0x1c953985 | 0x94210: flags sub= flags0 + 0x1c953985 - 0x29fcf13e | 0x94317: flags or= flags0 + 0x1c953985 - 0x29fcf13e | state0 + u32_0 + flags0 + 0x1c953985 & flags0 + 0x1c953985 - 0x29fcf13e + 0x1f834ebc + flags0 + 0x1c953985 - 0x29fcf13e ^ 0x60b79571 - 0x5a6b4ff4 | 0x94324: flags and= flags0 + 0x1c953985 - 0x29fcf13e | state0 + u32_0 + flags0 + 0x1c953985 & flags0 + 0x1c953985 - 0x29fcf13e + 0x1f834ebc + flags0 + 0x1c953985 - 0x29fcf13e ^ 0x60b79571 - 0x5a6b4ff4 & 0x48eb7f20														
135	0x94478	unobserved_static	0	-	-				0x9449d:u16_0,0x944c8:u16_7,0x944f3:u16_3,0x94538:u16_0,0x94546:u16_7,0x945af:u16_5																
136	0x9461b	static_validated	2	+0x5	CCCCC	CC	b0=0x75;b1=0xd8;b2=0x3d;b3=0x01;b4=0x5b	w0=0xd875;w1=0x013d	0x946ba:u16_2,0x94737:byte0,0x94847:b4,0x94889:u16_2,0x948e5:u16_0,0x948f3:u16_0,0x94909:u16_0 + ((F[0x60]) ^ 0x33365d14) ^ -0x80000000	0x9493c: state or= state0 | u16_0 ^ state0 - 0x2eae4eac		2=(mask32((mask32(u16_0 ^ state0)) - 0x2eae4eac)) & 0xffff	2=0x5					next = table[slot]; ip += 2=0x5	1 paths over 2 state events	0/10 unknown branches (0.0%): 		0/10 unknown branches (0.0%): 		state_static=100.0%, dispatch_static=100.0%, dispatch_model=static_100:100.0%, transfer_expr=100.0%/2	198@0xa037e:2
137	0x94973	unobserved_static	0	-	-				0x949f8:u16_0,0x94a15:u16_4,0x94a7d:u16_6,0x94b1e:u16_0,0x94b25:u16_4,0x94bc2:u16_2	0x94c0a: state add= state0 + u16_2 - state0 - 0x5ff6cae6															
138	0x94c3a	unobserved_static	0	-	-				0x94c66:u16_6,0x94c87:u16_4,0x94caa:u16_2,0x94d45:u16_0	0x94d9a: state add= state0 + u16_0 - state0 - 0x3010a5b9	0x94c77: flags add= flags0 + state0														
139	0x94ddf	unobserved_static	0	-	-				0x94df8:u32_0,0x94e23:u16_4,0x94eda:byte0,0x94efe:u32_2,0x95038:byte0,0x95104:u16_0	0x94fa4: state sub= state0 - flags0 - 0x6f549f79 - state0 | 0xf17c331 | 0x16a9ca8c | 0x9516f: state add= state0 - flags0 - 0x6f549f79 - state0 | 0xf17c331 | 0x16a9ca8c + u16_0 ^ state0 - flags0 - 0x6f549f79 - state0 | 0xf17c331 | 0x16a9ca8c ^ 0x6e089feb	0x94e9f: flags sub= flags0 - 0x6f549f79 | 0x94ecd: flags sub= flags0 - 0x6f549f79 - state0 | 0xf17c331 | 0x94f47: flags or= flags0 - 0x6f549f79 - state0 | 0xf17c331 | 0x16a9ca8c | 0x9500f: flags xor= flags0 - 0x6f549f79 - state0 | 0xf17c331 | 0x16a9ca8c ^ 0x5484fb1d | ...2 omitted... | 0x9506c: flags add= flags0 - 0x6f549f79 - state0 | 0xf17c331 | 0x16a9ca8c ^ 0x5484fb1d + 0x1682fe55 | 0x6dd09c45 + 0x71b87f18														
140	0x94e5a	static_validated	2190	+0x6	VVVVVV	VVV	b0=var143(top=0xce:6.8%);b1=var148(top=0xab:8.5%);b2=var158(top=0x2b:7.0%);b3=var152(top=0x45:12.9%);b4=var146(top=0xf3:6.9%);b5=var145(top=0x79:6.8%)	w0=var247(top=0x95ce:6.8%);w1=var247(top=0x9e2b:6.8%);w2=var242(top=0x79f3:6.8%)	0x94eda:byte0,0x94efe:u32_2,0x95038:byte0,0x95104:u16_0	0x94fa4: state sub= state0 - flags0 - 0x6f549f79 - state0 | 0xf17c331 | 0x16a9ca8c | 0x9516f: state add= state0 - flags0 - 0x6f549f79 - state0 | 0xf17c331 | 0x16a9ca8c + u16_0 ^ state0 - flags0 - 0x6f549f79 - state0 | 0xf17c331 | 0x16a9ca8c ^ 0x6e089feb	0x94e9f: flags sub= flags0 - 0x6f549f79 | 0x94ecd: flags sub= flags0 - 0x6f549f79 - state0 | 0xf17c331 | 0x94f47: flags or= flags0 - 0x6f549f79 - state0 | 0xf17c331 | 0x16a9ca8c | 0x9500f: flags xor= flags0 - 0x6f549f79 - state0 | 0xf17c331 | 0x16a9ca8c ^ 0x5484fb1d | ...2 omitted... | 0x9506c: flags add= flags0 - 0x6f549f79 - state0 | 0xf17c331 | 0x16a9ca8c ^ 0x5484fb1d + 0x1682fe55 | 0x6dd09c45 + 0x71b87f18	112=(mask32((mask32(u16_0 ^ (mask32(state0 - (mask32((mask32(flags0 - (mask32(state0 | 0xf17c331)))) | 0x16a9ca8c)))))) ^ 0x6e089feb)) & 0xffff | 16=(mask32((mask32(u16_0 ^ (mask32(state0 - (mask32((mask32((mask32(flags0 - 0x6f549f79)) - (mask32(state0 | 0xf17c331)))) | 0x16a9ca8c)))))) ^ 0x6e089feb)) & 0xffff	128=0x6					next = table[slot]; ip += 128=0x6	6 paths over 560 state events	256/768 unknown branches (33.3%): live_in_reg:128,unknown_frame_field:128	0x94f11:je:live_in_reg:128,0x94fab:je:unknown_frame_field:128	0/768 unknown branches (0.0%): 		state_static=100.0%, dispatch_static=100.0%, dispatch_model=static_100:100.0%, transfer_expr=100.0%/128	64@0x85059:260,189@0x9e7af:224,185@0x9d964:208,347@0xc088d:189,37@0x80685:132,17@0x7bae9:125
141	0x951c2	unobserved_static	0	-	-				0x95225:u16_6,0x9525d:u16_0,0x952ba:u16_4,0x9533c:u16_2																
142	0x953b1	partial	1	+0xa	CCCCCCCCCC	CCCCC	b0=0xc9;b1=0xc7;b2=0xf0;b3=0xc6;b4=0x36;b5=0x38;b6=0x0f;b7=0x39;b8=0x98;b9=0x02	w0=0xc7c9;w1=0xc6f0;w2=0x3836;w3=0x390f;w4=0x0298	0x95561:byte0,0x95575:byte0,0x9557e:u32_0,0x95706:byte0,0x95716:byte0,0x9571f:u16_8	0x953ed: state xor= state0 ^ flags0 ^ 0x7e4feaa1 | 0x953fa: state xor= state0 ^ flags0 ^ 0x7e4feaa1 ^ 0x2968389e | 0x95442: state or= state0 ^ flags0 ^ 0x7e4feaa1 ^ 0x2968389e | flags0 | state0 ^ flags0 ^ 0x7e4feaa1 ^ 0x2968389e ^ 0x2de9e0a2 + 0x295d79d4 | 0x9544f: state or= state0 ^ flags0 ^ 0x7e4feaa1 ^ 0x2968389e | flags0 | state0 ^ flags0 ^ 0x7e4feaa1 ^ 0x2968389e ^ 0x2de9e0a2 + 0x295d79d4 | 0x6a70639e | ...7 omitted... | 0x95786: state sub= state0 ^ flags0 ^ 0x7e4feaa1 ^ 0x2968389e | flags0 | state0 ^ flags0 ^ 0x7e4feaa1 ^ 0x2968389e ^ 0x2de9e0a2 + 0x295d79d4 | 0x6a70639e - 0x2ed5a434 | flags0 | state0 ^ flags0...#f0bf95095cfa	0x95420: flags or= flags0 | state0 ^ flags0 ^ 0x7e4feaa1 ^ 0x2968389e ^ 0x2de9e0a2 | 0x954ce: flags xor= flags0 | state0 ^ flags0 ^ 0x7e4feaa1 ^ 0x2968389e ^ 0x2de9e0a2 ^ state0 ^ flags0 ^ 0x7e4feaa1 ^ 0x2968389e | flags0 | state0 ^ flags0 ^ 0x7e4feaa1 ^ 0x2968389e ^ 0x2de9e0a2 + 0x295d79d4 | 0x6a70639e - 0...#fc53ff37e2c4 | 0x954ef: flags or= flags0 | state0 ^ flags0 ^ 0x7e4feaa1 ^ 0x2968389e ^ 0x2de9e0a2 ^ state0 ^ flags0 ^ 0x7e4feaa1 ^ 0x2968389e | flags0 | state0 ^ flags0 ^ 0x7e4feaa1 ^ 0x2968389e ^ 0x2de9e0a2 + 0x295d79d4 | 0x6a70639e - 0...#1cd7d2d4e5f7 | 0x95651: flags add= flags0 | state0 ^ flags0 ^ 0x7e4fea...#ea51ef92b458														83@0x8947b:1
143	0x957d9	unobserved_static	0	-	-				0x957f4:u16_6,0x9581c:u16_4,0x95848:u32_0,0x9589b:byte0,0x9597f:byte0,0x959a0:byte0,0x95aa3:u16_0	0x95911: state and= state0 & 0x61f88068 | 0x95921: state and= state0 & 0x61f88068 & 0x1d022eee | 0x95a3c: state xor= state0 & 0x61f88068 & 0x1d022eee ^ 0x6367b3dd | 0x95b23: state and= state0 & 0x61f88068 & 0x1d022eee ^ 0x6367b3dd & u16_0 ^ state0 & 0x61f88068 & 0x1d022eee ^ 0x6367b3dd - 0x2f1222e2	0x958ec: flags sub= flags0 - 0x387407b9 | 0x95a22: flags add= flags0 - 0x387407b9 + 0x2cd392b6														
144	0x95887	static_validated	5218	+0x2	VV	V	b0=var32(top=0x87:10.1%);b1=var11(top=0x99:16.2%)	w0=var215(top=0x9087:5.4%)	0x9589b:byte0,0x9597f:byte0,0x959a0:byte0,0x95aa3:u16_0	0x95911: state and= state0 & 0x61f88068 | 0x95921: state and= state0 & 0x61f88068 & 0x1d022eee | 0x95a3c: state xor= state0 & 0x61f88068 & 0x1d022eee ^ 0x6367b3dd | 0x95b23: state and= state0 & 0x61f88068 & 0x1d022eee ^ 0x6367b3dd & u16_0 ^ state0 & 0x61f88068 & 0x1d022eee ^ 0x6367b3dd - 0x2f1222e2	0x958ec: flags sub= flags0 - 0x387407b9 | 0x95a22: flags add= flags0 - 0x387407b9 + 0x2cd392b6	128=(mask32((mask32(u16_0 ^ (mask32((mask32((mask32(state0 & 0x61f88068)) & 0x1d022eee)) ^ 0x6367b3dd)))) - 0x2f1222e2)) & 0xffff	128=0x2					next = table[slot]; ip += 128=0x2	6 paths over 2050 state events	21/661 unknown branches (3.2%): unknown_frame_field:21	0x959d3:je:unknown_frame_field:21	0/661 unknown branches (0.0%): 		state_static=100.0%, dispatch_static=100.0%, dispatch_model=static_100:100.0%, transfer_expr=100.0%/128	258@0xadf2c:577,268@0xb0007:365,18@0x7be9b:315,168@0x9aa83:310,114@0x90319:236,347@0xc088d:211
145	0x95b5c	sampled_only	142	+0x139	sampled				0x95bc4:u16_8,0x95c1d:b10,0x9621b:u16_0,0x96294:u32_4,0x96297:u32_4					125=next = table[354], ip += 0x139 | 4=next = table[165], ip += 0xbec	142=target_u32@+0,delta_u32@+4,u16_8@+0x8,b10@+0xa			125=next = table[354], ip += 0x139 | 4=next = table[165], ip += 0xbec						long_branch=142/11, long_branch_len=142=0xb	354@0xc2241:132,165@0x9a24c:6,171@0x9b4b3:4
146	0x96407	static_validated	578	+0x5	EVVVV	VV	b0=enum3(0x3a:379,0x50:122,0x62:77);b1=var58(top=0x09:27.5%);b2=var66(top=0x6e:15.9%);b3=var52(top=0x47:16.6%);b4=var53(top=0x92:18.2%)	w0=var73(top=0x513a:16.6%);w1=var101(top=0xa874:15.7%)	0x9657c:u16_3,0x966bd:b0,0x9684d:u16_1	0x96454: state add= state0 + flags0 | 0x96461: state xor= state0 + flags0 ^ 0x2e312e01 | 0x964ee: state and= state0 + flags0 ^ 0x2e312e01 & flags0 & 0xa6d4251 ^ 0x409c2e61 + 0x7d882664 | 0x964fc: state add= state0 + flags0 ^ 0x2e312e01 & flags0 & 0xa6d4251 ^ 0x409c2e61 + 0x7d882664 + 0x4a5b7e16 | ...1 omitted... | 0x968d7: state xor= state0 + flags0 ^ 0x2e312e01 & flags0 & 0xa6d4251 ^ 0x409c2e61 + 0x7d882664 + 0x4a5b7e16 ^ u16_3 + flags0 & 0xa6d4251 ^ 0x409c2e61 ^ u16_1 - state0 + flags0 ^ 0x2e312e01 & flags0 & 0xa6d4251 ^ 0x409c2e61...#a77ef7a35c9d	0x964a1: flags and= flags0 & 0xa6d4251 | 0x964b0: flags xor= flags0 & 0xa6d4251 ^ 0x409c2e61 | 0x9662c: flags or= flags0 & 0xa6d4251 ^ 0x409c2e61 | 0x2cd55997	99=(mask32((mask32(u16_1 - (mask32((mask32((mask32((mask32((mask32(state0 + flags0)) ^ 0x2e312e01)) & (mask32(flags0 + 0x7d882664)))) + 0x4a5b7e16)) ^ (mask32(u16_3 + flags0)))))) + 0x2cff1885)) & 0xffff | 29=(mask32((mask32(u16_1 - (mask32((mask32((mask32((mask32((mask32(state0 + flags0)) ^ 0x2e312e01)) & (mask32((mask32((mask32(flags0 & 0xa6d4251)) ^ 0x409c2e61)) + 0x7d882664)))) + 0x4a5b7e16)) ^ (mask32(u1...#f74cf8f6b8fa	128=0x5					next = table[slot]; ip += 128=0x5	6 paths over 238 state events	128/768 unknown branches (16.7%): live_in_reg:128	0x96428:je:live_in_reg:128	0/768 unknown branches (0.0%): 		state_static=100.0%, dispatch_static=100.0%, dispatch_model=static_100:100.0%, transfer_expr=100.0%/128	258@0xadf2c:186,172@0x9b68a:98,70@0x8610e:64,28@0x7e390:30,199@0xa0631:25,79@0x885b0:21
147	0x96918	unobserved_static	0	-	-				0x96a47:b0,0x96a97:u16_3,0x96af7:u16_1	0x96abd: state add= state0 + flags0															
148	0x96b6e	static_validated	144	+0x5	CCVVV	CV	b0=0x3d;b1=0x01;b2=var16(top=0xad:44.4%);b3=var12(top=0x79:53.5%);b4=var15(top=0x56:47.9%)	w0=0x013d;w1=var18(top=0x79ad:44.4%)	0x96c18:u16_0,0x96c93:byte0,0x96d81:b2,0x96dc8:u16_0,0x96e19:u16_3	0x96be7: state and= state0 & flags0		105=(mask32((mask32(u16_3 - (mask32(state0 & flags0)))) ^ 0x502e5379)) & 0xffff	105=0x5					next = table[slot]; ip += 105=0x5	2 paths over 105 state events	0/525 unknown branches (0.0%): 		0/525 unknown branches (0.0%): 		state_static=100.0%, dispatch_static=100.0%, dispatch_model=static_100:100.0%, transfer_expr=100.0%/105	160@0x994cf:74,144@0x95887:25,352@0xc1ec4:23,173@0x9ba74:12,257@0xadbfd:6,108@0x8f24b:4
149	0x96eb4	unobserved_static	0	-	-				0x96ecf:u16_0,0x96ef4:u16_2,0x96feb:u16_0,0x97069:byte0,0x971d9:b4,0x97226:u16_0,0x9728b:u16_2	0x97198: state xor= state0 ^ flags0 - 0xd8a75ef | 0x972d5: state sub= state0 ^ flags0 - 0xd8a75ef - u16_2 + 0x64a62ad2															
150	0x96f2a	unobserved_static	0	-	-				0x96feb:u16_0,0x97069:byte0,0x971d9:b4,0x97226:u16_0,0x9728b:u16_2	0x97198: state xor= state0 ^ flags0 - 0xd8a75ef | 0x972d5: state sub= state0 ^ flags0 - 0xd8a75ef - u16_2 + 0x64a62ad2															
151	0x97311	static_validated	45	+0x5	CCVVV	CV	b0=0x3d;b1=0x01;b2=var11(top=0xa7:13.3%);b3=var11(top=0x07:13.3%);b4=var12(top=0xc3:13.3%)	w0=0x013d;w1=var12(top=0x07a7:13.3%)	0x973c3:u16_0,0x97444:byte0,0x97543:b2,0x97587:u16_0,0x975ef:u16_3	0x97514: state add= state0 + flags0 | 0x97645: state xor= state0 + flags0 ^ u16_3 + state0 + flags0 + 0x77236c60		34=(mask32((mask32(u16_3 + (mask32(state0 + flags0)))) + 0x77236c60)) & 0xffff	34=0x5					next = table[slot]; ip += 34=0x5	2 paths over 34 state events	0/170 unknown branches (0.0%): 		0/170 unknown branches (0.0%): 		state_static=100.0%, dispatch_static=100.0%, dispatch_model=static_100:100.0%, transfer_expr=100.0%/34	198@0xa037e:16,173@0x9ba74:12,352@0xc1ec4:7,160@0x994cf:6,144@0x95887:4
152	0x9768c	unobserved_static	0	-	-				0x976b4:u16_9,0x976d0:u16_1,0x97723:u16_7,0x977bb:u16_9,0x977d3:u16_1,0x97843:b0,0x9788a:u16_3,0x97927:u16_5	0x97979: state xor= state0 ^ u16_5 ^ state0															
153	0x979ab	static_validated	10	+0x5	EECCE	EC	b0=enum2(0xda:5,0xb5:5);b1=enum2(0xa5:5,0x8b:5);b2=0x3d;b3=0x01;b4=enum2(0x0b:5,0x97:5)	w0=enum2(0xa5da:5,0x8bb5:5);w1=0x013d	0x97a62:u16_2,0x97ae7:byte0,0x97ba0:b4,0x97bf5:u16_2,0x97c28:u16_2 + (Ptr(kind='frame', off=0)),0x97c74:u16_0	0x97cab: state add= state0 + u16_0 - state0 ^ 0x6f642592		10=(mask32((mask32(u16_0 - state0)) ^ 0x6f642592)) & 0xffff	10=0x5					next = table[slot]; ip += 10=0x5	1 paths over 10 state events	0/50 unknown branches (0.0%): 		0/50 unknown branches (0.0%): 		state_static=100.0%, dispatch_static=100.0%, dispatch_model=static_100:100.0%, transfer_expr=100.0%/10	144@0x95887:5,173@0x9ba74:5
154	0x97ce6	static_validated	2209	+0x4	VVVV	VV	b0=var156(top=0xb3:7.0%);b1=var157(top=0x2d:5.8%);b2=var145(top=0x8f:5.7%);b3=var133(top=0x00:11.5%)	w0=var249(top=0x6ab9:5.7%);w1=var235(top=0x7b8f:5.7%)	0x97db5:u16_2,0x97f25:byte0,0x97ff9:u16_0	0x97e44: state sub= state0 - u16_2 ^ state0 | 0x97f35: state sub= state0 - u16_2 ^ state0 - flags0 + 0x60c316f3 & 0x56154baf + 0xbc52893 & 0x57dbe69e | 0x7ed018fb | 0x97f6e: state add= state0 - u16_2 ^ state0 - flags0 + 0x60c316f3 & 0x56154baf + 0xbc52893 & 0x57dbe69e | 0x7ed018fb + flags0 + 0x60c316f3 & 0x56154baf + 0xbc52893 & 0x57dbe69e | 0x7ed018fb ^ 0x18426e67 | 0x9804f: state sub= state0 - u16_2 ^ state0 - flags0 + 0x60c316f3 & 0x56154baf + 0xbc52893 & 0x57dbe69e | 0x7ed018fb + flags0 + 0x60c316f3 & 0x56154baf + 0xbc52893 & 0x57dbe69e | 0x7ed018fb ^ 0x18426e67 - u16_0 - state0 - u...#00fa811ab988	0x97d25: flags add= flags0 + 0x60c316f3 | 0x97d36: flags and= flags0 + 0x60c316f3 & 0x56154baf | 0x97d68: flags add= flags0 + 0x60c316f3 & 0x56154baf + 0xbc52893 | 0x97d78: flags and= flags0 + 0x60c316f3 & 0x56154baf + 0xbc52893 & 0x57dbe69e | ...1 omitted... | 0x97f8e: flags and= flags0 + 0x60c316f3 & 0x56154baf + 0xbc52893 & 0x57dbe69e | 0x7ed018fb & state0 - u16_2 ^ state0 - flags0 + 0x60c316f3 & 0x56154baf + 0xbc52893 & 0x57dbe69e | 0x7ed018fb + flags0 + 0x60c316f3 & 0x56154ba...#58a42d340cba	81=(mask32((mask32(u16_0 - (mask32((mask32((mask32(state0 - (mask32(u16_2 ^ state0)))) - (mask32(flags0 | 0x7ed018fb)))) + (mask32((mask32(flags0 | 0x7ed018fb)) ^ 0x18426e67)))))) - 0x6535d747)) & 0xffff | 31=(mask32((mask32(u16_0 - (mask32((mask32((mask32(state0 - (mask32(u16_2 ^ state0)))) - (mask32((mask32((mask32((mask32((mask32(flags0 + 0x60c316f3)) & 0x56154baf)) + 0xbc52893)) & 0x57dbe69e)) | 0x7ed018f...#e08d8bbcff59	128=0x4					next = table[slot]; ip += 128=0x4	3 paths over 869 state events	0/256 unknown branches (0.0%): 		0/256 unknown branches (0.0%): 		state_static=100.0%, dispatch_static=100.0%, dispatch_model=static_100:100.0%, transfer_expr=100.0%/128	91@0x8b6de:389,180@0x9cf32:275,196@0x9fbcd:157,185@0x9d964:156,105@0x8e6b4:134,189@0x9e7af:104
155	0x980ab	unobserved_static	0	-	-				0x98123:u16_0,0x98147:u16_4,0x98191:u16_6,0x9822f:u16_0,0x98246:u16_4,0x982cd:u16_2	0x9831d: state or= state0 | u16_2 - 0x24797ebc															
156	0x98354	unobserved_static	0	-	-				0x983e1:byte0,0x98471:byte0,0x984ab:byte0,0x98539:byte0,0x98724:byte0,0x98889:b4,0x98918:u16_0,0x989e3:u16_2	0x98533: state add= state0 + 0x240c2129 | 0x9896b: state or= state0 + 0x240c2129 | flags0 ^ 0x392b0561 ^ 0x7de2a785 + state0 ^ 0x661ea917 + 0x6aad9867 & 0x799af059 | 0x98a4a: state xor= state0 + 0x240c2129 | flags0 ^ 0x392b0561 ^ 0x7de2a785 + state0 ^ 0x661ea917 + 0x6aad9867 & 0x799af059 ^ u16_2 + state0 + 0x240c2129 | flags0 ^ 0x392b0561 ^ 0x7de2a785 + state0 ^ 0x661ea917 + 0x6aad9867 ...#82b88de11469	0x983bd: flags xor= flags0 ^ 0x392b0561 | 0x983ce: flags xor= flags0 ^ 0x392b0561 ^ 0x7de2a785 | 0x984d8: flags add= flags0 ^ 0x392b0561 ^ 0x7de2a785 + state0 ^ 0x661ea917 | 0x98633: flags add= flags0 ^ 0x392b0561 ^ 0x7de2a785 + state0 ^ 0x661ea917 + 0x6aad9867														
157	0x98a9a	static_validated	14693	+0x4	VVVE	VV	b0=var125(top=0x03:4.1%);b1=var228(top=0xd8:4.3%);b2=var17(top=0x68:20.5%);b3=enum2(0x00:12160,0x01:2533)	w0=var1238(top=0x8b7b:1.7%);w1=var17(top=0x0068:20.5%)	0x98bd0:u16_2,0x98ea6:byte0,0x98f23:u16_0	0x98b21: state xor= state0 ^ 0x2f4dfd84 | 0x98c64: state add= state0 ^ 0x2f4dfd84 + u16_2 | 0x98d26: state or= state0 ^ 0x2f4dfd84 + u16_2 | 0x1f5cd114 | 0x98d43: state sub= state0 ^ 0x2f4dfd84 + u16_2 | 0x1f5cd114 - flags0 + 0x3f0d8c6a + 0x2832271c ^ 0x520e3305 & 0x7edaa354 ^ 0x68e1604d ^ 0x3d2638af & state0 ^ 0x2f4dfd84 + u16_2 | 0x98fba: state xor= state0 ^ 0x2f4dfd84 + u16_2 | 0x1f5cd114 - flags0 + 0x3f0d8c6a + 0x2832271c ^ 0x520e3305 & 0x7edaa354 ^ 0x68e1604d ^ 0x3d2638af & state0 ^ 0x2f4dfd84 + u16_2 ^ u16_0 + state0 ^ 0x2f4dfd84 + u16_2 | 0x1f5...#5fe96d68601e	0x98ace: flags add= flags0 + 0x3f0d8c6a | 0x98b0b: flags add= flags0 + 0x3f0d8c6a + 0x2832271c | 0x98b1b: flags xor= flags0 + 0x3f0d8c6a + 0x2832271c ^ 0x520e3305 | 0x98b52: flags and= flags0 + 0x3f0d8c6a + 0x2832271c ^ 0x520e3305 & 0x7edaa354 | ...6 omitted... | 0x98e75: flags add= flags0 + 0x3f0d8c6a + 0x2832271c ^ 0x520e3305 & 0x7edaa354 ^ 0x68e1604d ^ 0x3d2638af & state0 ^ 0x2f4dfd84 + u16_2 & 0x60d377f3 | 0x16c8bc3 + 0x3c968e24 + 0x6fc3a660	79=(mask32((mask32(u16_0 + (mask32((mask32((mask32((mask32(state0 ^ 0x2f4dfd84)) + u16_2)) | 0x1f5cd114)) - (mask32((mask32(flags0 ^ 0x3d2638af)) & (mask32((mask32(state0 ^ 0x2f4dfd84)) + u16_2)))))))) ^ 0x...#f97c7f052dc0 | 49=(mask32((mask32(u16_0 + (mask32((mask32((mask32((mask32(state0 ^ 0x2f4dfd84)) + u16_2)) | 0x1f5cd114)) - (mask32((mask32((mask32(flags0 + 0x3f0d8c6a)) ^ 0x3d2638af)) & (mask32((mask32(state0 ^ 0x2f4dfd84...#57e552ee959b	128=0x4					next = table[slot]; ip += 128=0x4	4 paths over 4834 state events	128/896 unknown branches (14.3%): unknown_frame_field:128	0x98e31:je:unknown_frame_field:128	0/896 unknown branches (0.0%): 		state_static=100.0%, dispatch_static=100.0%, dispatch_model=static_100:100.0%, transfer_expr=100.0%/128	18@0x7be9b:993,199@0xa0631:922,66@0x855ff:885,340@0xbf435:831,64@0x85059:828,185@0x9d964:813
158	0x99029	static_validated	9432	+0x4	CCVV	CV	b0=0xe8;b1=0x01;b2=var224(top=0xf6:3.1%);b3=var226(top=0xd6:4.1%)	w0=0x01e8;w1=var783(top=0x0a12:2.7%)	0x990a9:byte0,0x990de:u16_0,0x9914f:byte0,0x99213:u16_2	0x9905b: state xor= state0 ^ 0x1fbfc3f3 | 0x9912e: state xor= state0 ^ 0x1fbfc3f3 ^ flags0 ^ 0x3c39b020 ^ 0x1f711c95 | 0x9913b: state or= state0 ^ 0x1fbfc3f3 ^ flags0 ^ 0x3c39b020 ^ 0x1f711c95 | 0xfb6049e | 0x99182: state xor= state0 ^ 0x1fbfc3f3 ^ flags0 ^ 0x3c39b020 ^ 0x1f711c95 | 0xfb6049e ^ flags0 ^ 0x3c39b020 | 0x99281: state add= state0 ^ 0x1fbfc3f3 ^ flags0 ^ 0x3c39b020 ^ 0x1f711c95 | 0xfb6049e ^ flags0 ^ 0x3c39b020 + u16_2 + state0 ^ 0x1fbfc3f3 ^ flags0 ^ 0x3c39b020 ^ 0x1f711c95 | 0xfb6049e ^ flags0 ^ 0x3c39b020 ^ 0x3ffdb46c	0x9908b: flags xor= flags0 ^ 0x3c39b020	79=(mask32((mask32(u16_2 + (mask32((mask32((mask32((mask32(state0 ^ 0x1fbfc3f3)) ^ (mask32(flags0 ^ 0x1f711c95)))) | 0xfb6049e)) ^ flags0)))) ^ 0x3ffdb46c)) & 0xffff | 49=(mask32((mask32(u16_2 + (mask32((mask32((mask32((mask32(state0 ^ 0x1fbfc3f3)) ^ (mask32((mask32(flags0 ^ 0x3c39b020)) ^ 0x1f711c95)))) | 0xfb6049e)) ^ (mask32(flags0 ^ 0x3c39b020)))))) ^ 0x3ffdb46c)) & 0xffff	128=0x4					next = table[slot]; ip += 128=0x4	2 paths over 2632 state events	0/256 unknown branches (0.0%): 		0/256 unknown branches (0.0%): 		state_static=100.0%, dispatch_static=100.0%, dispatch_model=static_100:100.0%, transfer_expr=100.0%/128	340@0xbf435:989,189@0x9e7af:726,337@0xbec0e:710,18@0x7be9b:695,258@0xadf2c:648,64@0x85059:648
159	0x992cd	unobserved_static	0	-	-				0x99326:u16_2,0x9933a:u16_0,0x99365:u16_6,0x993b6:u16_0,0x993ba:u16_2,0x993fc:byte0,0x99456:u16_4	0x9948b: state add= state0 + u16_4 + state0	0x9930a: flags and= flags0 & 0x2ae27572 | 0x99319: flags or= flags0 & 0x2ae27572 | 0x31bae4a4														
160	0x994cf	static_validated	5207	+0x2	VV	V	b0=var52(top=0x79:6.7%);b1=var12(top=0x2f:18.6%)	w0=var115(top=0x2e48:6.5%)	0x99519:byte0,0x996a2:u16_0	0x99593: state or= state0 | 0x67f1fed6 | 0x995e3: state and= state0 | 0x67f1fed6 & 0x256c03d7 | 0x99613: state or= state0 | 0x67f1fed6 & 0x256c03d7 | 0x72df8f7a | 0x99637: state and= state0 | 0x67f1fed6 & 0x256c03d7 | 0x72df8f7a & 0x5a1beb81 | 0x99716: state or= state0 | 0x67f1fed6 & 0x256c03d7 | 0x72df8f7a & 0x5a1beb81 | u16_0 ^ state0 | 0x67f1fed6 & 0x256c03d7 | 0x72df8f7a & 0x5a1beb81 - 0x4cf19f11	0x995d1: flags sub= flags0 - 0x559d4d7b	128=(mask32((mask32(u16_0 ^ (mask32((mask32((mask32((mask32(state0 | 0x67f1fed6)) & 0x256c03d7)) | 0x72df8f7a)) & 0x5a1beb81)))) - 0x4cf19f11)) & 0xffff	128=0x2					next = table[slot]; ip += 128=0x2	6 paths over 2706 state events	12/652 unknown branches (1.8%): unknown_frame_field:12	0x99554:je:unknown_frame_field:12	0/652 unknown branches (0.0%): 		state_static=100.0%, dispatch_static=100.0%, dispatch_model=static_100:100.0%, transfer_expr=100.0%/128	185@0x9d964:351,215@0xa4609:346,43@0x8173d:319,18@0x7be9b:310,172@0x9b68a:268,157@0x98a9a:268
161	0x9975a	static_validated	9482	+0x4	VVCC	VC	b0=var125(top=0x0e:5.8%);b1=var51(top=0x70:5.8%);b2=0xe8;b3=0x01	w0=var641(top=0x700a:2.7%);w1=0x01e8	0x997b4:byte0,0x99871:u16_2,0x99a65:u16_0	0x99975: state or= state0 | 0x69145e52	0x9991a: flags xor= flags0 ^ 0x327a10ce | 0x9995f: flags add= flags0 ^ 0x327a10ce + 0xb99ee49 | 0x9996f: flags or= flags0 ^ 0x327a10ce + 0xb99ee49 | 0x3aec080c | 0x999b2: flags sub= flags0 ^ 0x327a10ce + 0xb99ee49 | 0x3aec080c - 0x2cb08b7a	128=(mask32((mask32(u16_0 + (mask32(state0 | 0x69145e52)))) + 0x4c0132b4)) & 0xffff	128=0x4					next = table[slot]; ip += 128=0x4	2 paths over 2666 state events	128/384 unknown branches (33.3%): unknown_frame_field:128	0x99779:je:unknown_frame_field:128	0/384 unknown branches (0.0%): 		state_static=100.0%, dispatch_static=100.0%, dispatch_model=static_100:100.0%, transfer_expr=100.0%/128	28@0x7e390:776,337@0xbec0e:707,340@0xbf435:650,18@0x7be9b:637,64@0x85059:606,258@0xadf2c:559
162	0x99b3c	unobserved_static	0	-	-				0x99bcb:u16_7,0x99bef:u16_3,0x99c40:u16_5,0x99ca3:u16_7,0x99cc8:u16_3,0x99d41:b2,0x99d6e:u16_0,0x99dbf:u16_9	0x99d27: state add= state0 + 0x490e5ce5 | 0x99df1: state sub= state0 + 0x490e5ce5 - u16_9 + 0x2201cbef															
163	0x99e21	unobserved_static	0	-	-				0x99e3d:u16_0,0x99e63:u16_2,0x99fa0:u16_2,0x9a017:byte0,0x9a0c1:b4,0x9a113:u16_2,0x9a1e0:u16_0	0x9a178: state sub= state0 - flags0 + 0x5d1cfd6 | 0x9a185: state or= state0 - flags0 + 0x5d1cfd6 | 0x7c3f7914 | 0x9a21b: state or= state0 - flags0 + 0x5d1cfd6 | 0x7c3f7914 | u16_0 ^ state0 - flags0 + 0x5d1cfd6 | 0x7c3f7914 - 0x51b094c3															
164	0x99e99	unobserved_static	0	-	-				0x99fa0:u16_2,0x9a017:byte0,0x9a0c1:b4,0x9a113:u16_2,0x9a1e0:u16_0	0x9a178: state sub= state0 - flags0 + 0x5d1cfd6 | 0x9a185: state or= state0 - flags0 + 0x5d1cfd6 | 0x7c3f7914 | 0x9a21b: state or= state0 - flags0 + 0x5d1cfd6 | 0x7c3f7914 | u16_0 ^ state0 - flags0 + 0x5d1cfd6 | 0x7c3f7914 - 0x51b094c3															
165	0x9a24c	static_validated	1825	+0x2	VE	V	b0=var30(top=0x72:19.5%);b1=enum2(0x00:1070,0x01:755)	w0=var31(top=0x0072:19.5%)	0x9a39b:byte0,0x9a3d1:u16_0	0x9a276: state mov= 0x0 | 0x9a38e: state xor= 0x0	0x9a2c0: flags mov= 0x0	128=u16_0 << 0x3	128=0x2					next = table[slot]; ip += 128=0x2	1 paths over 632 state events					state_static=100.0%, dispatch_static=100.0%, dispatch_model=static_100:100.0%, transfer_expr=100.0%/128	114@0x90319:356,333@0xbd8af:215,340@0xbf435:198,268@0xb0007:188,203@0xa1484:186,18@0x7be9b:159
166	0x9a46e	unobserved_static	0	-	-				0x9a619:u32_2,0x9a67d:u32_2 + state0 & 0x6ea7f6f2 | flags0 - state0 | 0x72ac0577 | state0 & 0x6ea7f6f2 & 0x4490e6ab ^ flags0 - state0 | 0x72ac0577 | state0 & 0x6ea7f6f2 & 0x4490e6ab,0x9a822:u16_0	0x9a4d6: state and= state0 & 0x6ea7f6f2 | 0x9a514: state or= state0 & 0x6ea7f6f2 | flags0 - state0 | 0x72ac0577 | state0 & 0x6ea7f6f2 & 0x4490e6ab | 0x9a6ab: state sub= state0 & 0x6ea7f6f2 | flags0 - state0 | 0x72ac0577 | state0 & 0x6ea7f6f2 & 0x4490e6ab - u32_2 + state0 & 0x6ea7f6f2 | flags0 - state0 | 0x72ac0577 | state0 & 0x6ea7f6f2 & 0x4490e6ab ^ flags0 - state0 | 0...#e3dbc0674c2f | 0x9a76e: state sub= state0 & 0x6ea7f6f2 | flags0 - state0 | 0x72ac0577 | state0 & 0x6ea7f6f2 & 0x4490e6ab - u32_2 + state0 & 0x6ea7f6f2 | flags0 - state0 | 0x72ac0577 | state0 & 0x6ea7f6f2 & 0x4490e6ab ^ flags0 - state0 | 0...#3d697...#44fdf8ffce98	0x9a4a3: flags sub= flags0 - state0 | 0x72ac0577 | 0x9a4fa: flags or= flags0 - state0 | 0x72ac0577 | state0 & 0x6ea7f6f2 & 0x4490e6ab | 0x9a6ed: flags or= flags0 - state0 | 0x72ac0577 | state0 & 0x6ea7f6f2 & 0x4490e6ab | 0x47cfdd0b														
167	0x9a8d2	static_validated	2509	+0x6	CCCCVV	CCV	b0=0xe8;b1=0x01;b2=0x3d;b3=0x01;b4=var87(top=0xf5:13.7%);b5=var97(top=0x2d:11.6%)	w0=0x01e8;w1=0x013d;w2=var152(top=0x33d0:10.2%)	0x9a957:u16_2,0x9a979:u16_0,0x9aa0f:u16_4	0x9aa51: state sub= state0 - u16_4 ^ state0 ^ 0x5f92615	0x9a98e: flags sub= flags0 - 0x69d75971	128=(mask32((mask32(u16_4 ^ state0)) ^ 0x5f92615)) & 0xffff	128=0x6					next = table[slot]; ip += 128=0x6	1 paths over 726 state events					state_static=100.0%, dispatch_static=100.0%, dispatch_model=static_100:100.0%, transfer_expr=100.0%/128	351@0xc1d48:1262,283@0xb3612:790,295@0xb60e0:457
168	0x9aa83	static_validated	14368	+0x4	VVVV	VV	b0=var244(top=0xe3:6.9%);b1=var219(top=0x56:6.0%);b2=var192(top=0xde:4.8%);b3=var14(top=0xd9:19.8%)	w0=var1171(top=0x564c:2.4%);w1=var620(top=0xd9ae:2.5%)	0x9abf7:u16_0,0x9ae4a:u16_2	0x9ab11: state or= state0 | 0x6899d5d4 | 0x9ac87: state and= state0 | 0x6899d5d4 & u16_0 + flags0 & 0x66031b5e - 0x2eab70d9 ^ 0x7c2abc25 & 0x46cbe42d & 0x69af076d | 0x4ee70776 | 0x9aeba: state and= state0 | 0x6899d5d4 & u16_0 + flags0 & 0x66031b5e - 0x2eab70d9 ^ 0x7c2abc25 & 0x46cbe42d & 0x69af076d | 0x4ee70776 & u16_2 + state0 | 0x6899d5d4 & u16_0 + flags0 & 0x66031b5e - 0x2eab70d9 ^ 0x7c2abc25 & ...#19fd4973bc0f	0x9aaac: flags and= flags0 & 0x66031b5e | 0x9aabd: flags sub= flags0 & 0x66031b5e - 0x2eab70d9 | 0x9aaed: flags xor= flags0 & 0x66031b5e - 0x2eab70d9 ^ 0x7c2abc25 | 0x9aafe: flags and= flags0 & 0x66031b5e - 0x2eab70d9 ^ 0x7c2abc25 & 0x46cbe42d | ...4 omitted... | 0x9ada6: flags sub= flags0 & 0x66031b5e - 0x2eab70d9 ^ 0x7c2abc25 & 0x46cbe42d & 0x69af076d | 0x4ee70776 + 0x665b83da & 0x6f276977 - 0x62cd6083	74=(mask32((mask32(u16_2 + (mask32((mask32(state0 | 0x6899d5d4)) & (mask32(u16_0 + flags0)))))) + 0x553030a2)) & 0xffff | 54=(mask32((mask32(u16_2 + (mask32((mask32(state0 | 0x6899d5d4)) & (mask32(u16_0 + (mask32((mask32(flags0 & 0x66031b5e)) - 0x2eab70d9)))))))) + 0x553030a2)) & 0xffff	128=0x4					next = table[slot]; ip += 128=0x4	2 paths over 4535 state events	256/768 unknown branches (33.3%): derived_live_in:128,live_in_reg:128	0x9ab7f:je:live_in_reg:128,0x9ad6a:je:derived_live_in:128	0/768 unknown branches (0.0%): 		state_static=100.0%, dispatch_static=100.0%, dispatch_model=static_100:100.0%, transfer_expr=100.0%/128	340@0xbf435:964,258@0xadf2c:861,337@0xbec0e:839,305@0xb78b0:795,189@0x9e7af:776,26@0x7dbbb:749
169	0x9af18	static_validated	1796	+0x4	EECC	EC	b0=enum3(0xab:756,0x62:658,0xa5:382);b1=enum2(0x00:1138,0x01:658);b2=0xe8;b3=0x01	w0=enum3(0x00ab:756,0x0162:658,0x00a5:382);w1=0x01e8	0x9af62:byte0,0x9afe6:u16_2,0x9b060:u16_0	0x9af22: state add= state0 + 0x18f09018 | 0x9af5a: state sub= state0 + 0x18f09018 - 0x47a20f40	0x9af97: flags xor= flags0 ^ 0x3fd04ca8	128=u16_0 << 0x3	128=0x4					next = table[slot]; ip += 128=0x4	1 paths over 296 state events					state_static=100.0%, dispatch_static=100.0%, dispatch_model=static_100:100.0%, transfer_expr=100.0%/128	171@0x9b4b3:756,354@0xc2241:658,165@0x9a24c:382
170	0x9b0c8	unobserved_static	0	-	-				0x9b0ff:byte0,0x9b139:u16_9,0x9b13d:u16_3,0x9b1bc:u16_5,0x9b277:u16_3,0x9b2a2:u16_9,0x9b387:b0,0x9b3ea:u16_1,0x9b44b:u16_7	0x9b482: state add= state0 + u16_7 + state0	0x9b352: flags sub= flags0 - 0x5f9abfc8 | 0x9b37a: flags or= flags0 - 0x5f9abfc8 | 0x6c1cb79a														
171	0x9b4b3	static_validated	2533	+0x2	VE	V	b0=var30(top=0x42:16.1%);b1=enum2(0x00:1393,0x01:1140)	w0=var31(top=0x00c4:13.9%)	0x9b5fd:u16_0,0x9b600:u16_0	0x9b4bc: state sub= state0 - 0x1d77a2ff | 0x9b4cc: state or= state0 - 0x1d77a2ff | 0x38ac2e54 | 0x9b50d: state mov= 0x0 | 0x9b576: state add= 0x0	0x9b4f0: flags add= flags0 + 0x72c4ba87 | 0x9b53c: flags mov= 0x0 | 0x9b5a4: flags and= 0x0 & 0x35efe488 | 0x9b5b4: flags add= 0x0 & 0x35efe488 + 0x44a4d3f8	128=u16_0 << 0x3	128=0x2					next = table[slot]; ip += 128=0x2	1 paths over 1069 state events	0/128 unknown branches (0.0%): 		0/128 unknown branches (0.0%): 		state_static=100.0%, dispatch_static=100.0%, dispatch_model=static_100:100.0%, transfer_expr=100.0%/128	196@0x9fbcd:352,337@0xbec0e:328,322@0xbb3c9:256,333@0xbd8af:191,43@0x8173d:186,66@0x855ff:152
172	0x9b68a	static_validated	12531	+0x4	VVVV	VV	b0=var252(top=0xb3:4.2%);b1=var232(top=0xae:3.5%);b2=var30(top=0x23:12.0%);b3=var11(top=0x03:16.3%)	w0=var1039(top=0xa03e:2.0%);w1=var67(top=0x0ad3:6.8%)	0x9b824:u16_0,0x9b9ca:u16_2	0x9b7c5: state xor= state0 ^ 0x7070916c | 0x9b7d5: state sub= state0 ^ 0x7070916c - 0x6ecee241 | 0x9b8a2: state add= state0 ^ 0x7070916c - 0x6ecee241 + u16_0 ^ state0 ^ 0x7070916c - 0x6ecee241 ^ flags0 ^ 0x15bf847f & state0 | 0x3eba9edf | 0x9ba15: state or= state0 ^ 0x7070916c - 0x6ecee241 + u16_0 ^ state0 ^ 0x7070916c - 0x6ecee241 ^ flags0 ^ 0x15bf847f & state0 | 0x3eba9edf | u16_2 ^ 0x715f0a33	0x9b77c: flags xor= flags0 ^ 0x15bf847f | 0x9b7aa: flags and= flags0 ^ 0x15bf847f & state0 | 0x3eba9edf | 0x9b8c0: flags or= flags0 ^ 0x15bf847f & state0 | 0x3eba9edf | 0x7bf184c4	128=(mask32(u16_2 ^ 0x715f0a33)) & 0xffff	128=0x4					next = table[slot]; ip += 128=0x4	2 paths over 4530 state events	0/128 unknown branches (0.0%): 		0/128 unknown branches (0.0%): 		state_static=100.0%, dispatch_static=100.0%, dispatch_model=static_100:100.0%, transfer_expr=100.0%/128	28@0x7e390:851,258@0xadf2c:760,199@0xa0631:756,305@0xb78b0:674,340@0xbf435:647,189@0x9e7af:642
173	0x9ba74	static_validated	5101	+0x2	VV	V	b0=var117(top=0xaf:7.6%);b1=var32(top=0x0b:13.4%)	w0=var471(top=0x82af:5.0%)	0x9bb43:byte0,0x9bc26:byte0,0x9bcb9:u16_0	0x9ba85: state add= state0 + 0x5eced92d | 0x9bad9: state xor= state0 + 0x5eced92d ^ 0x456d7018 | 0x9bb34: state or= state0 + 0x5eced92d ^ 0x456d7018 | 0xebbbd20 | 0x9bc16: state and= state0 + 0x5eced92d ^ 0x456d7018 | 0xebbbd20 & flags0 - state0 + 0x5eced92d | 0x1f8bac4c & 0x74128b65 | 0x9bd50: state and= state0 + 0x5eced92d ^ 0x456d7018 | 0xebbbd20 & flags0 - state0 + 0x5eced92d | 0x1f8bac4c & 0x74128b65 & u16_0 ^ state0 + 0x5eced92d ^ 0x456d7018 | 0xebbbd20 & flags0 - state0 + 0x5eced92d | 0x1f8bac4c & ...#57cc7425e083	0x9babb: flags sub= flags0 - state0 + 0x5eced92d | 0x1f8bac4c | 0x9bac8: flags and= flags0 - state0 + 0x5eced92d | 0x1f8bac4c & 0x74128b65	128=(mask32((mask32(u16_0 ^ (mask32((mask32((mask32((mask32(state0 + 0x5eced92d)) ^ 0x456d7018)) | 0xebbbd20)) & (mask32((mask32(flags0 - (mask32((mask32(state0 + 0x5eced92d)) | 0x1f8bac4c)))) & 0x74128b65))...#17c0d851344f	128=0x2					next = table[slot]; ip += 128=0x2	3 paths over 2374 state events	164/804 unknown branches (20.4%): derived_live_in:128,unknown_frame_field:36	0x9bbfa:je:derived_live_in:128,0x9bb7a:je:unknown_frame_field:36	0/804 unknown branches (0.0%): 		state_static=100.0%, dispatch_static=100.0%, dispatch_model=static_100:100.0%, transfer_expr=100.0%/128	64@0x85059:483,196@0x9fbcd:369,337@0xbec0e:364,340@0xbf435:287,114@0x90319:283,349@0xc140b:264
174	0x9bd8f	static_validated	11742	+0x4	VVCC	VC	b0=var191(top=0x03:3.1%);b1=var238(top=0x64:3.1%);b2=0xe8;b3=0x01	w0=var867(top=0x6c03:2.2%);w1=0x01e8	0x9be0f:byte0,0x9be9e:byte0,0x9becc:byte0,0x9bf05:u16_2,0x9bfae:u16_0	0x9bda5: state sub= state0 - flags0 | 0x9be01: state and= state0 - flags0 & flags0 | 0x9be52: state xor= state0 - flags0 & flags0 ^ flags0 | 0x9be7a: state add= state0 - flags0 & flags0 ^ flags0 + flags0 | ...1 omitted... | 0x9c02c: state or= state0 - flags0 & flags0 ^ flags0 + flags0 ^ 0x5fa9d2b1 | u16_0 + state0 - flags0 & flags0 ^ flags0 + flags0 ^ 0x5fa9d2b1 + 0x397fd954		128=(mask32((mask32(u16_0 + (mask32((mask32((mask32((mask32((mask32(state0 - flags0)) & flags0)) ^ flags0)) + flags0)) ^ 0x5fa9d2b1)))) + 0x397fd954)) & 0xffff	128=0x4					next = table[slot]; ip += 128=0x4	1 paths over 3318 state events	0/128 unknown branches (0.0%): 		0/128 unknown branches (0.0%): 		state_static=100.0%, dispatch_static=100.0%, dispatch_model=static_100:100.0%, transfer_expr=100.0%/128	28@0x7e390:1083,258@0xadf2c:1081,114@0x90319:941,347@0xc088d:812,337@0xbec0e:757,185@0x9d964:748
175	0x9c08f	sampled_operand_lifted	1	+0x2cef7	sampled				0x9c0aa:u32_0,0x9c0d5:u16_4,0x9c18c:byte0,0x9c1bd:u16_0,0x9c289:byte0,0x9c323:u16_2	0x9c16e: state and= state0 & flags0 | 0x9c17f: state and= state0 & flags0 & 0x2c46ace3 | 0x9c296: state or= state0 & flags0 & 0x2c46ace3 | flags0 - 0x14b22a15	0x9c22f: flags sub= flags0 - 0x14b22a15					1=sampled operand footprint 0x6, observed target table[310], delta +0x2cef7	1=u16_0@+0x0,u32_0@+0x0,u16_2@+0x2,u16_4@+0x4	1=sampled operand footprint 0x6, observed target table[310], delta +0x2cef7						sampled_operand=1/1, sampled_operand_len=1=0x6	310@0xb8556:1
176	0x9c10b	static_validated	10138	+0x4	CCVV	CV	b0=0xe8;b1=0x01;b2=var235(top=0x82:3.5%);b3=var236(top=0x27:2.7%)	w0=0x01e8;w1=var847(top=0x2e82:2.5%)	0x9c18c:byte0,0x9c1bd:u16_0,0x9c289:byte0,0x9c323:u16_2	0x9c16e: state and= state0 & flags0 | 0x9c17f: state and= state0 & flags0 & 0x2c46ace3 | 0x9c296: state or= state0 & flags0 & 0x2c46ace3 | flags0 - 0x14b22a15	0x9c22f: flags sub= flags0 - 0x14b22a15	78=(mask32((mask32(u16_2 - (mask32((mask32((mask32(state0 & flags0)) & 0x2c46ace3)) | flags0)))) ^ 0x37839d72)) & 0xffff | 50=(mask32((mask32(u16_2 - (mask32((mask32((mask32(state0 & flags0)) & 0x2c46ace3)) | (mask32(flags0 - 0x14b22a15)))))) ^ 0x37839d72)) & 0xffff	128=0x4					next = table[slot]; ip += 128=0x4	2 paths over 2512 state events	0/384 unknown branches (0.0%): 		0/384 unknown branches (0.0%): 		state_static=100.0%, dispatch_static=100.0%, dispatch_model=static_100:100.0%, transfer_expr=100.0%/128	307@0xb8064:959,28@0x7e390:933,189@0x9e7af:821,340@0xbf435:797,18@0x7be9b:752,337@0xbec0e:714
177	0x9c3f7	unobserved_static	0	-	-				0x9c430:u16_3,0x9c468:b2,0x9c6c2:u16_0	0x9c6f6: state sub= state0 - u16_0															
178	0x9c74a	unobserved_static	0	-	-				0x9c7b4:u16_9,0x9c7c1:u16_2,0x9c818:u16_0,0x9c8a3:u16_2,0x9c8cb:u16_9,0x9c96f:b6,0x9c9b5:u16_7,0x9c9c2:u16_0 + (Ptr(kind='frame', off=0)) & (Ptr(kind='frame', off=409)) ^ (r14),0x9ca04:u16_4																
179	0x9ca8d	static_validated	737	+0x5	EVVVV	VV	b0=enum4(0x3a:406,0x50:128,0x32:125,0x62:78);b1=var79(top=0x9e:21.0%);b2=var79(top=0x35:21.6%);b3=var62(top=0x64:17.6%);b4=var72(top=0xfe:17.0%)	w0=var92(top=0x2632:17.0%);w1=var106(top=0x6410:17.0%)	0x9cba4:u16_3,0x9cd21:b0,0x9ce71:u16_1	0x9cb1c: state or= state0 | flags0 | 0x9cc89: state xor= state0 | flags0 ^ u16_3 ^ flags0 + 0x7ef33dc5 | 0x9cee7: state xor= state0 | flags0 ^ u16_3 ^ flags0 + 0x7ef33dc5 ^ u16_1 - state0 | flags0 ^ u16_3 ^ flags0 + 0x7ef33dc5 - 0x263c3887	0x9cb5d: flags add= flags0 + 0x7ef33dc5 | 0x9cca8: flags and= flags0 + 0x7ef33dc5 & 0x7f151ac8	128=(mask32((mask32(u16_1 - (mask32((mask32(state0 | flags0)) ^ (mask32(u16_3 ^ (mask32(flags0 + 0x7ef33dc5)))))))) - 0x263c3887)) & 0xffff	128=0x5					next = table[slot]; ip += 128=0x5	3 paths over 271 state events	0/768 unknown branches (0.0%): 		0/768 unknown branches (0.0%): 		state_static=100.0%, dispatch_static=100.0%, dispatch_model=static_100:100.0%, transfer_expr=100.0%/128	99@0x8c99a:131,337@0xbec0e:117,268@0xb0007:106,43@0x8173d:103,18@0x7be9b:83,203@0xa1484:22
180	0x9cf32	static_validated	1848	+0x4	VVCC	VC	b0=var20(top=0x3b:19.2%);b1=var11(top=0x0b:23.6%);b2=0xe8;b3=0x01	w0=var31(top=0x0b3b:19.2%);w1=0x01e8	0x9cf3c:byte0,0x9cf8d:u16_2,0x9d087:u16_0	0x9d0f6: state or= state0 | u16_0 + 0x7920fa05	0x9cfee: flags add= flags0 + 0x3f2841fb | 0x9d03a: flags add= flags0 + 0x3f2841fb + state0 ^ 0x417a1c15	128=(mask32(u16_0 + 0x7920fa05)) & 0xffff	128=0x4					next = table[slot]; ip += 128=0x4	2 paths over 478 state events	0/256 unknown branches (0.0%): 		0/256 unknown branches (0.0%): 		state_static=100.0%, dispatch_static=100.0%, dispatch_model=static_100:100.0%, transfer_expr=100.0%/128	168@0x9aa83:355,79@0x885b0:232,337@0xbec0e:148,269@0xb045b:134,157@0x98a9a:129,297@0xb64d7:117
181	0x9d13f	static_validated	1407	+0x6	CCCCVV	CCV	b0=0x3d;b1=0x01;b2=0xe8;b3=0x01;b4=var72(top=0xe0:18.2%);b5=var69(top=0x0b:24.8%)	w0=0x013d;w1=0x01e8;w2=var83(top=0x0be0:18.2%)	0x9d17b:u16_0,0x9d17f:u16_2,0x9d1ce:u16_4	0x9d210: state sub= state0 - u16_4 - state0		128=(mask32(u16_4 - state0)) & 0xffff	128=0x6					next = table[slot]; ip += 128=0x6	1 paths over 453 state events					state_static=100.0%, dispatch_static=100.0%, dispatch_model=static_100:100.0%, transfer_expr=100.0%/128	215@0xa4609:256,189@0x9e7af:189,297@0xb64d7:120,337@0xbec0e:108,347@0xc088d:100,340@0xbf435:98
182	0x9d24c	unobserved_static	0	-	-				0x9d2e9:u16_2,0x9d31f:u16_6,0x9d364:u16_0,0x9d3f0:u16_4	0x9d453: state sub= state0 - u16_4 ^ 0x4174ae3e	0x9d2c0: flags xor= flags0 ^ 0x605d6198 | 0x9d2db: flags sub= flags0 ^ 0x605d6198 - 0x9fc7504														
183	0x9d495	static_validated	2326	+0x4	CCVV	CV	b0=0xe8;b1=0x01;b2=var142(top=0xc6:8.5%);b3=var152(top=0x84:7.4%)	w0=0x01e8;w1=var347(top=0x843e:5.5%)	0x9d4fa:u16_0,0x9d5cb:u16_2	0x9d522: state add= state0 + 0xfaa325c | 0x9d533: state xor= state0 + 0xfaa325c ^ 0x694e1f66 | 0x9d62d: state or= state0 + 0xfaa325c ^ 0x694e1f66 | u16_2 - state0 + 0xfaa325c ^ 0x694e1f66 - 0x1aed554c	0x9d566: flags or= flags0 | 0x53ed8227 | 0x9d577: flags xor= flags0 | 0x53ed8227 ^ 0x7f548109	128=(mask32((mask32(u16_2 - (mask32((mask32(state0 + 0xfaa325c)) ^ 0x694e1f66)))) - 0x1aed554c)) & 0xffff	128=0x4					next = table[slot]; ip += 128=0x4	2 paths over 611 state events	0/128 unknown branches (0.0%): 		0/128 unknown branches (0.0%): 		state_static=100.0%, dispatch_static=100.0%, dispatch_model=static_100:100.0%, transfer_expr=100.0%/128	114@0x90319:323,297@0xb64d7:232,215@0xa4609:140,333@0xbd8af:137,337@0xbec0e:136,18@0x7be9b:123
184	0x9d694	static_validated	12094	+0x4	VVCC	VC	b0=var96(top=0x5a:4.8%);b1=var242(top=0xf4:3.0%);b2=0xe8;b3=0x01	w0=var833(top=0x632a:2.1%);w1=0x01e8	0x9d6d1:byte0,0x9d704:u16_2,0x9d7aa:byte0,0x9d84a:u16_0	0x9d6b2: state or= state0 | flags0 | 0x19d0d4d | 0x9d6c2: state add= state0 | flags0 | 0x19d0d4d + 0x3c030b15 | 0x9d76b: state xor= state0 | flags0 | 0x19d0d4d + 0x3c030b15 ^ flags0 + 0x7db9efb0 | 0x9d791: state xor= state0 | flags0 | 0x19d0d4d + 0x3c030b15 ^ flags0 + 0x7db9efb0 ^ flags0 | ...2 omitted... | 0x9d8fd: state add= state0 | flags0 | 0x19d0d4d + 0x3c030b15 ^ flags0 + 0x7db9efb0 ^ flags0 - flags0 ^ flags0 + u16_0 - state0 | flags0 | 0x19d0d4d + 0x3c030b15 ^ flags0 + 0x7db9efb0 ^ flags0 - flags0 ^ flags0 + 0x3f05b2f0	0x9d80c: flags and= flags0 & state0 | flags0 | 0x19d0d4d + 0x3c030b15 ^ flags0 + 0x7db9efb0 ^ flags0 - flags0 ^ flags0 & 0x54b71e92	128=(mask32((mask32(u16_0 - (mask32((mask32((mask32((mask32((mask32((mask32(state0 | (mask32(flags0 | 0x19d0d4d)))) + 0x3c030b15)) ^ (mask32(flags0 + 0x7db9efb0)))) ^ flags0)) - flags0)) ^ flags0)))) + 0x3f05b2f0)) & 0xffff	128=0x4					next = table[slot]; ip += 128=0x4	1 paths over 3100 state events	0/128 unknown branches (0.0%): 		0/128 unknown branches (0.0%): 		state_static=100.0%, dispatch_static=100.0%, dispatch_model=static_100:100.0%, transfer_expr=100.0%/128	340@0xbf435:1208,28@0x7e390:1166,337@0xbec0e:993,66@0x855ff:931,18@0x7be9b:885,114@0x90319:813
185	0x9d964	static_validated	21620	+0x3	VVE	V	b0=var189(top=0xe3:2.6%);b1=var153(top=0x89:2.3%);b2=enum3(0x3a:20775,0x62:559,0x50:286)	w0=var1732(top=0x288b:1.2%)	0x9d99f:b2,0x9da18:b2,0x9dbae:byte0,0x9dc18:u16_0	0x9da5f: state xor= state0 ^ flags0 | 0x17e55682 | 0x9da76: state xor= state0 ^ flags0 | 0x17e55682 ^ 0x2000c224 | 0x9db24: state and= state0 ^ flags0 | 0x17e55682 ^ 0x2000c224 & 0x1f29f35 | 0x9dba1: state add= state0 ^ flags0 | 0x17e55682 ^ 0x2000c224 & 0x1f29f35 + flags0 | 0x17e55682 + 0x28030c24 ^ 0x30d03eec | 0x7fa981a ^ 0x5ea8d1c5 | 0x9dc75: state or= state0 ^ flags0 | 0x17e55682 ^ 0x2000c224 & 0x1f29f35 + flags0 | 0x17e55682 + 0x28030c24 ^ 0x30d03eec | 0x7fa981a ^ 0x5ea8d1c5 | u16_0 ^ state0 ^ flags0 | 0x17e55682 ^ 0x2000c224 & 0x1f29f35 + flags0 | 0...#5a14740e36ed	0x9da22: flags or= flags0 | 0x17e55682 | 0x9da9d: flags add= flags0 | 0x17e55682 + 0x28030c24 | 0x9daad: flags xor= flags0 | 0x17e55682 + 0x28030c24 ^ 0x30d03eec | 0x9dade: flags or= flags0 | 0x17e55682 + 0x28030c24 ^ 0x30d03eec | 0x7fa981a | 0x9daee: flags xor= flags0 | 0x17e55682 + 0x28030c24 ^ 0x30d03eec | 0x7fa981a ^ 0x5ea8d1c5	128=(mask32(u16_0 ^ (mask32((mask32((mask32((mask32(state0 ^ (mask32(flags0 | 0x17e55682)))) ^ 0x2000c224)) & 0x1f29f35)) + (mask32((mask32((mask32((mask32((mask32(flags0 | 0x17e55682)) + 0x28030c24)) ^ 0x30...#9720c2374b63	128=0x3					next = table[slot]; ip += 128=0x3	1 paths over 6172 state events	128/512 unknown branches (25.0%): derived_live_in:128	0x9db82:je:derived_live_in:128	0/512 unknown branches (0.0%): 		state_static=100.0%, dispatch_static=100.0%, dispatch_model=static_100:100.0%, transfer_expr=100.0%/128	337@0xbec0e:1336,64@0x85059:1324,347@0xc088d:1270,174@0x9bd8f:1182,258@0xadf2c:1100,168@0x9aa83:964
186	0x9dcae	static_validated	50	+0x5	VCCVV	VV	b0=var13(top=0x55:20.0%);b1=0x3d;b2=0x01;b3=var13(top=0xb8:20.0%);b4=var11(top=0x73:22.0%)	w0=var13(top=0x3d55:20.0%);w1=var13(top=0xb801:20.0%)	0x9dd79:u16_1,0x9de18:byte0,0x9df11:b0,0x9df73:u16_1,0x9dff9:u16_3	0x9e03e: state and= state0 & u16_3 + state0 + 0x72198f10	0x9dce5: flags and= flags0 & 0x2dc3128f | 0x9dcf7: flags add= flags0 & 0x2dc3128f + 0x6176101	29=(mask32((mask32(u16_3 + state0)) + 0x72198f10)) & 0xffff	29=0x5					next = table[slot]; ip += 29=0x5	2 paths over 29 state events	0/174 unknown branches (0.0%): 		0/174 unknown branches (0.0%): 		state_static=100.0%, dispatch_static=100.0%, dispatch_model=static_100:100.0%, transfer_expr=100.0%/29	257@0xadbfd:25,144@0x95887:9,173@0x9ba74:6,160@0x994cf:4,198@0xa037e:2,256@0xad849:2
187	0x9e07d	static_validated	5	+0x5	CCCCC	CC	b0=0x3d;b1=0x3d;b2=0x01;b3=0x89;b4=0x76	w0=0x3d3d;w1=0x8901	0x9e136:u16_1,0x9e153:byte0,0x9e22f:b0,0x9e25f:u16_1,0x9e2ac:u16_3	0x9e2fb: state add= state0 + u16_3 - state0		5=(mask32(u16_3 - state0)) & 0xffff	5=0x5					next = table[slot]; ip += 5=0x5	1 paths over 5 state events	0/25 unknown branches (0.0%): 		0/25 unknown branches (0.0%): 		state_static=100.0%, dispatch_static=100.0%, dispatch_model=static_100:100.0%, transfer_expr=100.0%/5	173@0x9ba74:5
188	0x9e336	partial	1	+0x5	CCCCC	CC	b0=0xff;b1=0xfe;b2=0x3d;b3=0x01;b4=0x00	w0=0xfeff;w1=0x013d	0x9e35b:byte0,0x9e491:byte0,0x9e5b8:b4,0x9e5e4:u16_2,0x9e61f:byte0,0x9e6ea:u16_0	0x9e3e1: state add= state0 + 0x2bd68549 | 0x9e568: state add= state0 + 0x2bd68549 + flags0 | 0x9e5f8: state sub= state0 + 0x2bd68549 + flags0 - 0x4a4532ca | 0x9e622: state add= state0 + 0x2bd68549 + flags0 - 0x4a4532ca + flags0 | 0x9e749: state sub= state0 + 0x2bd68549 + flags0 - 0x4a4532ca + flags0 - u16_0 ^ state0 + 0x2bd68549 + flags0 - 0x4a4532ca + flags0 + 0x62c32dd8															173@0x9ba74:1
189	0x9e7af	static_validated	25112	+0x4	VVVV	VV	b0=var256(top=0xec:1.7%);b1=var256(top=0x00:4.4%);b2=var64(top=0xbc:6.1%);b3=var64(top=0xe7:4.7%)	w0=var2134(top=0xf73e:1.4%);w1=var1336(top=0xd6ec:1.7%)	0x9e7d0:u16_0,0x9e8a2:byte0,0x9e9fb:u16_2	0x9e8b9: state and= state0 & 0x160e4f34 | 0x9ea69: state add= state0 & 0x160e4f34 + u16_2 + state0 & 0x160e4f34 ^ 0x2a1ce984	0x9e802: flags sub= flags0 - 0x10705ace | 0x9e869: flags and= flags0 - 0x10705ace & 0x49036387 | 0x9e92d: flags and= flags0 - 0x10705ace & 0x49036387 & state0 & 0x160e4f34 | 0x1ca9af86 | 0x9e946: flags xor= flags0 - 0x10705ace & 0x49036387 & state0 & 0x160e4f34 | 0x1ca9af86 ^ 0x4ac58a82	128=(mask32((mask32(u16_2 + (mask32(state0 & 0x160e4f34)))) ^ 0x2a1ce984)) & 0xffff	128=0x4					next = table[slot]; ip += 128=0x4	2 paths over 7459 state events	128/384 unknown branches (33.3%): live_in_reg:128	0x9e880:je:live_in_reg:128	0/384 unknown branches (0.0%): 		state_static=100.0%, dispatch_static=100.0%, dispatch_model=static_100:100.0%, transfer_expr=100.0%/128	18@0x7be9b:1894,297@0xb64d7:1503,215@0xa4609:1354,174@0x9bd8f:1273,307@0xb8064:1197,43@0x8173d:1121
190	0x9eacb	static_validated	224	+0x5	CCVVV	CV	b0=0x3d;b1=0x01;b2=var10(top=0x00:55.8%);b3=var9(top=0xf7:57.1%);b4=var10(top=0x01:55.8%)	w0=0x013d;w1=var10(top=0xf700:55.8%)	0x9eb85:u16_0,0x9ebf8:byte0,0x9ecca:b2,0x9ed04:u16_0,0x9ed6b:u16_3	0x9eda5: state and= state0 & u16_3 + state0 + 0x20f4b909		81=(mask32((mask32(u16_3 + state0)) + 0x20f4b909)) & 0xffff	81=0x5					next = table[slot]; ip += 81=0x5	2 paths over 81 state events	81/486 unknown branches (16.7%): live_in_reg:81	0x9eae9:je:live_in_reg:81	0/486 unknown branches (0.0%): 		state_static=100.0%, dispatch_static=100.0%, dispatch_model=static_100:100.0%, transfer_expr=100.0%/81	352@0xc1ec4:134,257@0xadbfd:86,144@0x95887:4
191	0x9ede9	unobserved_static	0	-	-				0x9eeee:b4,0x9ef46:u16_0,0x9ef93:u16_2	0x9ee06: state xor= state0 ^ 0x41c37245 | 0x9efd8: state add= state0 ^ 0x41c37245 + u16_2 - state0 ^ 0x41c37245 ^ 0x5e6d2a06															
192	0x9f00a	static_validated	2339	+0x5	VVCCV	VC	b0=var148(top=0x4e:11.2%);b1=var139(top=0xd7:10.9%);b2=0x3d;b3=0x01;b4=var23(top=0x00:90.0%)	w0=var231(top=0xd70a:10.9%);w1=0x013d	0x9f211:byte0,0x9f2a1:byte0,0x9f3dc:byte0,0x9f457:byte0,0x9f4ec:b4,0x9f591:u16_2,0x9f674:u16_0	0x9f021: state add= state0 + flags0 | 0x9f3b8: state add= state0 + flags0 + flags0 + state0 + flags0 ^ 0x5d641cd7 | 0x76a1e6e7 ^ 0x1ea5bfdc & 0x4f4379b7 | 0x563159ce | 0x9f617: state add= state0 + flags0 + flags0 + state0 + flags0 ^ 0x5d641cd7 | 0x76a1e6e7 ^ 0x1ea5bfdc & 0x4f4379b7 | 0x563159ce + flags0 + state0 + flags0 ^ 0x5d641cd7 | 0x76a1e6e7 ^ 0x1ea5bfdc & 0x4f4379b7 | 0x563159ce | 0x9f730: state sub= state0 + flags0 + flags0 + state0 + flags0 ^ 0x5d641cd7 | 0x76a1e6e7 ^ 0x1ea5bfdc & 0x4f4379b7 | 0x563159ce + flags0 + state0 + flags0 ^ 0x5d641cd7 | 0x76a1e6e7 ^ 0x1ea5bfdc & 0x4f4379b7 | 0x563159ce - u...#fd5e7960daf1	0x9f09e: flags add= flags0 + state0 + flags0 ^ 0x5d641cd7 | 0x9f0d6: flags or= flags0 + state0 + flags0 ^ 0x5d641cd7 | 0x76a1e6e7 | 0x9f0e7: flags xor= flags0 + state0 + flags0 ^ 0x5d641cd7 | 0x76a1e6e7 ^ 0x1ea5bfdc | 0x9f172: flags and= flags0 + state0 + flags0 ^ 0x5d641cd7 | 0x76a1e6e7 ^ 0x1ea5bfdc & 0x4f4379b7 | 0x9f181: flags or= flags0 + state0 + flags0 ^ 0x5d641cd7 | 0x76a1e6e7 ^ 0x1ea5bfdc & 0x4f4379b7 | 0x563159ce	118=(mask32(u16_0 ^ (mask32((mask32((mask32(state0 + flags0)) + (mask32((mask32((mask32((mask32((mask32(flags0 + (mask32((mask32(state0 + flags0)) ^ 0x5d641cd7)))) | 0x76a1e6e7)) ^ 0x1ea5bfdc)) & 0x4f4379b7)...#12700f1563aa | 10=(mask32(u16_0 ^ (mask32((mask32((mask32(state0 + flags0)) + (mask32(flags0 + (mask32((mask32(state0 + flags0)) ^ 0x5d641cd7)))))) + (mask32(flags0 + (mask32((mask32(state0 + flags0)) ^ 0x5d641cd7)))))))) & 0xffff	128=0x5					next = table[slot]; ip += 128=0x5	4 paths over 1120 state events	0/896 unknown branches (0.0%): 		0/896 unknown branches (0.0%): 		state_static=100.0%, dispatch_static=100.0%, dispatch_model=static_100:100.0%, transfer_expr=100.0%/128	198@0xa037e:509,257@0xadbfd:419,108@0x8f24b:383,256@0xad849:324,144@0x95887:319,173@0x9ba74:181
193	0x9f77c	unobserved_static	0	-	-				0x9f7e0:u16_3,0x9f84f:u16_7,0x9f8d3:u16_0,0x9f96e:u16_3,0x9f9a1:u16_7,0x9fa0a:u16_5	0x9f7a8: state xor= state0 ^ flags0 | 0x9f88a: state xor= state0 ^ flags0 ^ 0xd9682ba | 0x9fa75: state xor= state0 ^ flags0 ^ 0xd9682ba ^ u16_5 - state0 ^ flags0 ^ 0xd9682ba - 0x1aead89a															
194	0x9faa4	unobserved_static	0	-	-				0x9fabf:u16_6,0x9fae6:u16_4,0x9fb12:u32_0,0x9fb6b:u32_0,0x9fb96:u16_4,0x9fc34:u16_0,0x9fe55:byte0,0x9fe91:byte0,0x9ffa2:u16_2	0x9fbd7: state or= state0 | 0x52e5924a | 0x9fe36: state add= state0 | 0x52e5924a + flags0 | 0x4083ed99 & state0 | 0x52e5924a ^ 0x20047816 & 0x7ca762c5 - 0x5ff2f608 + 0x789b1461 | 0x9fe43: state add= state0 | 0x52e5924a + flags0 | 0x4083ed99 & state0 | 0x52e5924a ^ 0x20047816 & 0x7ca762c5 - 0x5ff2f608 + 0x789b1461 + 0x37b5a024 | 0x9fe9d: state add= state0 | 0x52e5924a + flags0 | 0x4083ed99 & state0 | 0x52e5924a ^ 0x20047816 & 0x7ca762c5 - 0x5ff2f608 + 0x789b1461 + 0x37b5a024 + 0x2e12e35a | ...2 omitted... | 0x9ff29: state and= state0 | 0x52e5924a + flags0 | 0x4083ed99 & state0 | 0x52e5924a ^ 0x20047816 & 0x7ca762c5 -...#a2f7c53652c1	0x9fcff: flags or= flags0 | 0x4083ed99 | 0x9fdae: flags and= flags0 | 0x4083ed99 & state0 | 0x52e5924a ^ 0x20047816 | 0x9fdbb: flags and= flags0 | 0x4083ed99 & state0 | 0x52e5924a ^ 0x20047816 & 0x7ca762c5 | 0x9fe05: flags sub= flags0 | 0x4083ed99 & state0 | 0x52e5924a ^ 0x20047816 & 0x7ca762c5 - 0x5ff2f608 | ...1 omitted... | 0x9fe81: flags add= flags0 | 0x4083ed99 & state0 | 0x52e5924a ^ 0x20047816 & 0x7ca762c5 - 0x5ff2f608 + 0x789b1461 + 0x32c4b127														
195	0x9fb50	sampled_operand_lifted	3	-0x2306	sampled				0x9fb6b:u32_0,0x9fb96:u16_4,0x9fc34:u16_0,0x9fe55:byte0,0x9fe91:byte0,0x9ffa2:u16_2	0x9fbd7: state or= state0 | 0x52e5924a | 0x9fe36: state add= state0 | 0x52e5924a + flags0 | 0x4083ed99 & state0 | 0x52e5924a ^ 0x20047816 & 0x7ca762c5 - 0x5ff2f608 + 0x789b1461 | 0x9fe43: state add= state0 | 0x52e5924a + flags0 | 0x4083ed99 & state0 | 0x52e5924a ^ 0x20047816 & 0x7ca762c5 - 0x5ff2f608 + 0x789b1461 + 0x37b5a024 | 0x9fe9d: state add= state0 | 0x52e5924a + flags0 | 0x4083ed99 & state0 | 0x52e5924a ^ 0x20047816 & 0x7ca762c5 - 0x5ff2f608 + 0x789b1461 + 0x37b5a024 + 0x2e12e35a | ...2 omitted... | 0x9ff29: state and= state0 | 0x52e5924a + flags0 | 0x4083ed99 & state0 | 0x52e5924a ^ 0x20047816 & 0x7ca762c5 -...#a2f7c53652c1	0x9fcff: flags or= flags0 | 0x4083ed99 | 0x9fdae: flags and= flags0 | 0x4083ed99 & state0 | 0x52e5924a ^ 0x20047816 | 0x9fdbb: flags and= flags0 | 0x4083ed99 & state0 | 0x52e5924a ^ 0x20047816 & 0x7ca762c5 | 0x9fe05: flags sub= flags0 | 0x4083ed99 & state0 | 0x52e5924a ^ 0x20047816 & 0x7ca762c5 - 0x5ff2f608 | ...1 omitted... | 0x9fe81: flags add= flags0 | 0x4083ed99 & state0 | 0x52e5924a ^ 0x20047816 & 0x7ca762c5 - 0x5ff2f608 + 0x789b1461 + 0x32c4b127					1=sampled operand footprint 0x6, observed target table[310], delta -0x542a | 1=sampled operand footprint 0x6, observed target table[310], delta -0x8c8e	3=u16_0@+0x0,u32_0@+0x0,u16_2@+0x2,u16_4@+0x4	1=sampled operand footprint 0x6, observed target table[310], delta -0x542a | 1=sampled operand footprint 0x6, observed target table[310], delta -0x8c8e						sampled_operand=3/3, sampled_operand_len=3=0x6	310@0xb8556:2,86@0x8a37f:1
196	0x9fbcd	static_validated	14371	+0x4	VVVV	VV	b0=var249(top=0xef:3.2%);b1=var250(top=0x6e:7.0%);b2=var62(top=0x0c:6.1%);b3=var110(top=0xf6:6.1%)	w0=var1095(top=0x6efd:2.4%);w1=var745(top=0xf40c:3.6%)	0x9fc34:u16_0,0x9fe55:byte0,0x9fe91:byte0,0x9ffa2:u16_2	0x9fbd7: state or= state0 | 0x52e5924a | 0x9fe36: state add= state0 | 0x52e5924a + flags0 | 0x4083ed99 & state0 | 0x52e5924a ^ 0x20047816 & 0x7ca762c5 - 0x5ff2f608 + 0x789b1461 | 0x9fe43: state add= state0 | 0x52e5924a + flags0 | 0x4083ed99 & state0 | 0x52e5924a ^ 0x20047816 & 0x7ca762c5 - 0x5ff2f608 + 0x789b1461 + 0x37b5a024 | 0x9fe9d: state add= state0 | 0x52e5924a + flags0 | 0x4083ed99 & state0 | 0x52e5924a ^ 0x20047816 & 0x7ca762c5 - 0x5ff2f608 + 0x789b1461 + 0x37b5a024 + 0x2e12e35a | ...2 omitted... | 0x9ff29: state and= state0 | 0x52e5924a + flags0 | 0x4083ed99 & state0 | 0x52e5924a ^ 0x20047816 & 0x7ca762c5 -...#a2f7c53652c1	0x9fcff: flags or= flags0 | 0x4083ed99 | 0x9fdae: flags and= flags0 | 0x4083ed99 & state0 | 0x52e5924a ^ 0x20047816 | 0x9fdbb: flags and= flags0 | 0x4083ed99 & state0 | 0x52e5924a ^ 0x20047816 & 0x7ca762c5 | 0x9fe05: flags sub= flags0 | 0x4083ed99 & state0 | 0x52e5924a ^ 0x20047816 & 0x7ca762c5 - 0x5ff2f608 | ...1 omitted... | 0x9fe81: flags add= flags0 | 0x4083ed99 & state0 | 0x52e5924a ^ 0x20047816 & 0x7ca762c5 - 0x5ff2f608 + 0x789b1461 + 0x32c4b127	128=(mask32((mask32(u16_2 + (mask32((mask32((mask32((mask32((mask32((mask32((mask32(state0 | 0x52e5924a)) + (mask32((mask32((mask32(flags0 | 0x4083ed99)) & (mask32((mask32(state0 | 0x52e5924a)) ^ 0x20047816)...#bb377d5c9375	128=0x4					next = table[slot]; ip += 128=0x4	2 paths over 4953 state events	0/256 unknown branches (0.0%): 		0/256 unknown branches (0.0%): 		state_static=100.0%, dispatch_static=100.0%, dispatch_model=static_100:100.0%, transfer_expr=100.0%/128	18@0x7be9b:1113,189@0x9e7af:988,340@0xbf435:880,66@0x855ff:807,258@0xadf2c:771,33@0x7f7c4:666
197	0xa006b	unobserved_static	0	-	-				0xa00b1:u16_0,0xa00e3:b4,0xa02fe:u16_2	0xa033d: state sub= state0 - u16_2 ^ state0															
198	0xa037e	static_validated	4955	+0x2	VV	V	b0=var217(top=0xe3:5.4%);b1=var220(top=0x54:5.3%)	w0=var513(top=0xefe3:5.2%)	0xa0405:byte0,0xa04a2:byte0,0xa057b:u16_0	0xa0408: state add= state0 + flags0 - 0x5e173fc7 | 0xa0416: state sub= state0 + flags0 - 0x5e173fc7 - 0x3cd02127 | 0xa0451: state add= state0 + flags0 - 0x5e173fc7 - 0x3cd02127 + flags0 + 0x15b2dfa5 | 0xa05e3: state sub= state0 + flags0 - 0x5e173fc7 - 0x3cd02127 + flags0 + 0x15b2dfa5 - u16_0 - state0 + flags0 - 0x5e173fc7 - 0x3cd02127 + flags0 + 0x15b2dfa5 ^ 0x3fe99379	0xa0434: flags add= flags0 + 0x15b2dfa5	128=(mask32((mask32(u16_0 - (mask32((mask32((mask32(state0 + (mask32(flags0 - 0x5e173fc7)))) - 0x3cd02127)) + (mask32(flags0 + 0x15b2dfa5)))))) ^ 0x3fe99379)) & 0xffff	128=0x2					next = table[slot]; ip += 128=0x2	3 paths over 2441 state events	142/654 unknown branches (21.7%): live_in_reg:128,unknown_frame_field:14	0xa0391:je:live_in_reg:128,0xa04da:je:unknown_frame_field:14	0/654 unknown branches (0.0%): 		state_static=100.0%, dispatch_static=100.0%, dispatch_model=static_100:100.0%, transfer_expr=100.0%/128	199@0xa0631:355,300@0xb6c36:328,18@0x7be9b:316,258@0xadf2c:314,337@0xbec0e:296,215@0xa4609:272
199	0xa0631	static_validated	19641	+0x3	VVV	V	b0=var128(top=0xc7:3.5%);b1=var256(top=0x88:2.4%);b2=var179(top=0x3a:9.8%)	w0=var1708(top=0xc186:1.3%)	0xa063e:byte0,0xa0708:b2,0xa08c7:byte0,0xa0a0e:u16_0	0xa07a1: state add= state0 + b2 + flags0 ^ 0x7353b039 - 0x24d1328a | 0xa0856: state xor= state0 + b2 + flags0 ^ 0x7353b039 - 0x24d1328a ^ 0x7e708197 | 0xa0891: state and= state0 + b2 + flags0 ^ 0x7353b039 - 0x24d1328a ^ 0x7e708197 & 0x20d5418 | 0xa08b8: state add= state0 + b2 + flags0 ^ 0x7353b039 - 0x24d1328a ^ 0x7e708197 & 0x20d5418 + flags0 ^ 0x7353b039 - 0x24d1328a	0xa0686: flags xor= flags0 ^ 0x7353b039 | 0xa0698: flags sub= flags0 ^ 0x7353b039 - 0x24d1328a | 0xa08d2: flags and= flags0 ^ 0x7353b039 - 0x24d1328a & 0x4705559f | 0xa08f6: flags add= flags0 ^ 0x7353b039 - 0x24d1328a & 0x4705559f + 0x79865026 | ...2 omitted... | 0xa0995: flags and= flags0 ^ 0x7353b039 - 0x24d1328a & 0x4705559f + 0x79865026 + 0x73a763f8 | 0x3383da68 & 0x16833a14	106=(mask32((mask32(u16_0 ^ (mask32((mask32((mask32((mask32(state0 + (mask32(b2 + flags0)))) ^ 0x7e708197)) & 0x20d5418)) + flags0)))) + 0x3030bb89)) & 0xffff | 22=(mask32((mask32(u16_0 ^ (mask32((mask32((mask32((mask32(state0 + (mask32(b2 + (mask32((mask32(flags0 ^ 0x7353b039)) - 0x24d1328a)))))) ^ 0x7e708197)) & 0x20d5418)) + (mask32((mask32(flags0 ^ 0x7353b039))...#ac9d0d548603	128=0x3					next = table[slot]; ip += 128=0x3	2 paths over 6207 state events	128/512 unknown branches (25.0%): derived_live_in:128	0xa094b:je:derived_live_in:128	0/512 unknown branches (0.0%): 		state_static=100.0%, dispatch_static=100.0%, dispatch_model=static_100:100.0%, transfer_expr=100.0%/128	258@0xadf2c:1481,64@0x85059:1221,340@0xbf435:993,189@0x9e7af:968,184@0x9d694:957,346@0xc0535:947
200	0xa0a9e	static_validated	1511	+0x6	VVVVVV	VVV	b0=var132(top=0xa4:13.0%);b1=var124(top=0xc1:9.3%);b2=var103(top=0x10:19.7%);b3=var102(top=0x5f:26.1%);b4=var28(top=0x48:16.1%);b5=var11(top=0x09:19.9%)	w0=var283(top=0xc181:6.1%);w1=var179(top=0x5f10:15.8%);w2=var50(top=0x0948:15.1%)	0xa0aa8:byte0,0xa0b70:byte0,0xa0c45:u32_0,0xa0d04:u16_4	0xa0ac2: state add= state0 + flags0 | 0xa0b15: state sub= state0 + flags0 - flags0 ^ 0x64193a1a | 0xa0b7a: state xor= state0 + flags0 - flags0 ^ 0x64193a1a ^ 0x227666a1 | 0xa0c67: state add= state0 + flags0 - flags0 ^ 0x64193a1a ^ 0x227666a1 + u32_0 ^ flags0 & 0x21af07e | 0x54bd1bfe ^ 0x9ad7a2f ^ 0x5c24c721 | 0xa0d80: state add= state0 + flags0 - flags0 ^ 0x64193a1a ^ 0x227666a1 + u32_0 ^ flags0 & 0x21af07e | 0x54bd1bfe ^ 0x9ad7a2f ^ 0x5c24c721 + u16_4	0xa0b4e: flags and= flags0 & 0x21af07e | 0xa0b5d: flags or= flags0 & 0x21af07e | 0x54bd1bfe | 0xa0bc1: flags xor= flags0 & 0x21af07e | 0x54bd1bfe ^ 0x9ad7a2f | 0xa0c13: flags xor= flags0 & 0x21af07e | 0x54bd1bfe ^ 0x9ad7a2f ^ 0x5c24c721 | 0xa0c74: flags or= flags0 & 0x21af07e | 0x54bd1bfe ^ 0x9ad7a2f ^ 0x5c24c721 | 0x4c640cd2	128=u16_4 & 0xffff	128=0x6					next = table[slot]; ip += 128=0x6	2 paths over 437 state events	128/512 unknown branches (25.0%): live_in_reg:128	0xa0ae2:je:live_in_reg:128	0/512 unknown branches (0.0%): 		state_static=100.0%, dispatch_static=100.0%, dispatch_model=static_100:100.0%, transfer_expr=100.0%/128	297@0xb64d7:228,18@0x7be9b:138,199@0xa0631:111,185@0x9d964:108,333@0xbd8af:104,43@0x8173d:103
201	0xa0dca	static_validated	341	+0x5	CCEEV	CE	b0=0x3d;b1=0x01;b2=enum5(0xa1:257,0x39:76,0xb9:4,0x69:2,0x41:2);b3=enum4(0xc5:261,0xc8:74,0xc4:4,0xc6:2);b4=var11(top=0xe1:75.1%)	w0=0x013d;w1=enum6(0xc5a1:257,0xc839:72,0xc4b9:4,0xc539:4,0xc669:2,0xc841:2)	0xa0e30:byte0,0xa10c6:byte0,0xa123f:b4,0xa126b:u16_0,0xa12e6:u16_2	0xa0de8: state xor= state0 ^ flags0 ^ 0x1940e110 | 0xa0df5: state xor= state0 ^ flags0 ^ 0x1940e110 ^ 0x5efd26e6 | 0xa0e12: state and= state0 ^ flags0 ^ 0x1940e110 ^ 0x5efd26e6 & flags0 | 0xa0e22: state xor= state0 ^ flags0 ^ 0x1940e110 ^ 0x5efd26e6 & flags0 ^ 0x71fea721 | ...5 omitted... | 0xa1369: state sub= state0 ^ flags0 ^ 0x1940e110 ^ 0x5efd26e6 & flags0 ^ 0x71fea721 ^ flags0 & 0x3f73d5c3 | 0x4f2c497c | 0x6499103 & flags0 & state0 ^ flags0 ^ 0x1940e110 ^ 0x5efd26e6 & flags0 ^ 0x71fea721 ^ flags0 & 0x3f73...#1964e1efe9bc	0xa0ffa: flags and= flags0 & state0 ^ flags0 ^ 0x1940e110 ^ 0x5efd26e6 & flags0 ^ 0x71fea721 ^ flags0 & 0x3f73d5c3 | 0x4f2c497c | 0xa11a0: flags add= flags0 & state0 ^ flags0 ^ 0x1940e110 ^ 0x5efd26e6 & flags0 ^ 0x71fea721 ^ flags0 & 0x3f73d5c3 | 0x4f2c497c + 0x2daa0966 | 0xa11b1: flags sub= flags0 & state0 ^ flags0 ^ 0x1940e110 ^ 0x5efd26e6 & flags0 ^ 0x71fea721 ^ flags0 & 0x3f73d5c3 | 0x4f2c497c + 0x2daa0966 - 0x708b6fb1	128=(mask32(u16_2 - 0x289c039)) & 0xffff	128=0x5					next = table[slot]; ip += 128=0x5	2 paths over 340 state events	0/1024 unknown branches (0.0%): 		0/1024 unknown branches (0.0%): 		state_static=100.0%, dispatch_static=100.0%, dispatch_model=static_100:100.0%, transfer_expr=100.0%/128	173@0x9ba74:257,256@0xad849:72,144@0x95887:4,160@0x994cf:4,198@0xa037e:2,257@0xadbfd:2
202	0xa13d6	unobserved_static	0	-	-				0xa13f1:u16_6,0xa1419:u16_4,0xa1445:u32_0,0xa155f:byte0,0xa162c:u16_2,0xa1802:byte0,0xa1890:u16_0	0xa14d8: state sub= state0 - flags0 + 0x97da242 | 0xa1506: state and= state0 - flags0 + 0x97da242 & flags0 + 0x97da242 ^ 0x370370f1 | 0xa1514: state or= state0 - flags0 + 0x97da242 & flags0 + 0x97da242 ^ 0x370370f1 | 0x1f1759c | 0xa17e3: state or= state0 - flags0 + 0x97da242 & flags0 + 0x97da242 ^ 0x370370f1 | 0x1f1759c | flags0 + 0x97da242 & state0 - flags0 + 0x97da242 & flags0 + 0x97da242 ^ 0x370370f1 | 0x1f1759c & 0x71376753 + 0x2c217984 | 0x24d2add8 | ...3 omitted... | 0xa18da: state and= state0 - flags0 + 0x97da242 & flags0 + 0x97da242 ^ 0x370370f1 | 0x1f1759c | flags0 + 0x97da242 & state0 - flags0 + 0x97da242 ...#71e44fa5934d	0xa14b9: flags add= flags0 + 0x97da242 | 0xa157e: flags and= flags0 + 0x97da242 & state0 - flags0 + 0x97da242 & flags0 + 0x97da242 ^ 0x370370f1 | 0x1f1759c & 0x71376753 | 0xa16ce: flags add= flags0 + 0x97da242 & state0 - flags0 + 0x97da242 & flags0 + 0x97da242 ^ 0x370370f1 | 0x1f1759c & 0x71376753 + 0x2c217984														
203	0xa1484	static_validated	9820	+0x4	VVVV	VV	b0=var26(top=0x17:11.8%);b1=var11(top=0x91:19.4%);b2=var120(top=0x3f:5.5%);b3=var99(top=0x76:14.3%)	w0=var62(top=0x9017:7.1%);w1=var838(top=0x7635:3.0%)	0xa155f:byte0,0xa162c:u16_2,0xa1802:byte0,0xa1890:u16_0	0xa14d8: state sub= state0 - flags0 + 0x97da242 | 0xa1506: state and= state0 - flags0 + 0x97da242 & flags0 + 0x97da242 ^ 0x370370f1 | 0xa1514: state or= state0 - flags0 + 0x97da242 & flags0 + 0x97da242 ^ 0x370370f1 | 0x1f1759c | 0xa17e3: state or= state0 - flags0 + 0x97da242 & flags0 + 0x97da242 ^ 0x370370f1 | 0x1f1759c | flags0 + 0x97da242 & state0 - flags0 + 0x97da242 & flags0 + 0x97da242 ^ 0x370370f1 | 0x1f1759c & 0x71376753 + 0x2c217984 | 0x24d2add8 | ...3 omitted... | 0xa18da: state and= state0 - flags0 + 0x97da242 & flags0 + 0x97da242 ^ 0x370370f1 | 0x1f1759c | flags0 + 0x97da242 & state0 - flags0 + 0x97da242 ...#71e44fa5934d	0xa14b9: flags add= flags0 + 0x97da242 | 0xa157e: flags and= flags0 + 0x97da242 & state0 - flags0 + 0x97da242 & flags0 + 0x97da242 ^ 0x370370f1 | 0x1f1759c & 0x71376753 | 0xa16ce: flags add= flags0 + 0x97da242 & state0 - flags0 + 0x97da242 & flags0 + 0x97da242 ^ 0x370370f1 | 0x1f1759c & 0x71376753 + 0x2c217984	128=(mask32(u16_0 ^ 0x4ccb9807)) & 0xffff	128=0x4					next = table[slot]; ip += 128=0x4	2 paths over 3283 state events	0/256 unknown branches (0.0%): 		0/256 unknown branches (0.0%): 		state_static=100.0%, dispatch_static=100.0%, dispatch_model=static_100:100.0%, transfer_expr=100.0%/128	258@0xadf2c:699,297@0xb64d7:584,64@0x85059:479,315@0xb9451:473,189@0x9e7af:461,66@0x855ff:445
204	0xa1939	unobserved_static	0	-	-				0xa194d:byte0,0xa198a:u16_2,0xa198f:u16_6,0xa19ba:u16_0,0xa1a20:u16_4	0xa1a55: state xor= state0 ^ u16_4 - 0x452939b9															
205	0xa1a95	unobserved_static	0	-	-				0xa1ab1:u16_6,0xa1ad7:u16_4,0xa1b01:u32_0,0xa1c1e:u16_1,0xa1c93:byte0,0xa1d56:b0,0xa1d92:u16_1,0xa1e42:u16_3	0xa1e9a: state and= state0 & u16_3 + 0x79a60067															
206	0xa1b3e	unobserved_static	0	-	-				0xa1c1e:u16_1,0xa1c93:byte0,0xa1d56:b0,0xa1d92:u16_1,0xa1e42:u16_3	0xa1e9a: state and= state0 & u16_3 + 0x79a60067															
207	0xa1ecf	unobserved_static	0	-	-				0xa1f48:byte0,0xa206f:u32_0,0xa2290:u16_4	0xa1f52: state sub= state0 - flags0 | 0xa1f9e: state sub= state0 - flags0 - flags0 | 0xa1fb8: state and= state0 - flags0 - flags0 & flags0 | 0xa2004: state and= state0 - flags0 - flags0 & flags0 & 0x5dbf06d2 | ...4 omitted... | 0xa22f6: state sub= state0 - flags0 - flags0 & flags0 & 0x5dbf06d2 & u32_0 + flags0 ^ 0x2a95895d ^ 0x26d4cf3e | flags0 ^ 0x4fbbd017 - u16_4 - state0 - flags0 - flags0 & flags0 & 0x5dbf06d2 & u32_0 + flags0 ^ 0x2a95895d ^ 0x...#be227a077d41	0xa21ad: flags xor= flags0 ^ 0x4fbbd017														
208	0xa2361	static_validated	802	+0x5	EVVVV	VV	b0=enum3(0x3a:404,0x62:335,0x50:63);b1=var62(top=0xa7:15.7%);b2=var77(top=0xf1:15.7%);b3=var29(top=0xa5:28.8%);b4=var52(top=0xe2:19.6%)	w0=var74(top=0xa73a:15.7%);w1=var86(top=0xa5f1:15.7%)	0xa2577:u16_1,0xa25a7:u16_1,0xa26d7:b0,0xa27c3:byte0,0xa284f:u16_3	0xa2476: state add= state0 + flags0 - 0x24472eba ^ 0x60ff2036 + 0x7627b830 - 0x42fb6768 ^ state0 + 0x7ad87935 ^ 0x39b69246 ^ state0 | 0x7a909dc0 ^ 0x58abcfc7 | 0x1477a707 | 0xa24a6: state sub= state0 + flags0 - 0x24472eba ^ 0x60ff2036 + 0x7627b830 - 0x42fb6768 ^ state0 + 0x7ad87935 ^ 0x39b69246 ^ state0 | 0x7a909dc0 ^ 0x58abcfc7 | 0x1477a707 - flags0 - 0x24472eba ^ 0x60ff2036 + 0x7627b830 - 0x...#216b1bc5960a | 0xa24b6: state or= state0 + flags0 - 0x24472eba ^ 0x60ff2036 + 0x7627b830 - 0x42fb6768 ^ state0 + 0x7ad87935 ^ 0x39b69246 ^ state0 | 0x7a909dc0 ^ 0x58abcfc7 | 0x1477a707 - flags0 - 0x24472eba ^ 0x60ff2036 + 0...#557fb4e6499c	0xa238a: flags sub= flags0 - 0x24472eba | 0xa239b: flags xor= flags0 - 0x24472eba ^ 0x60ff2036 | 0xa23cd: flags add= flags0 - 0x24472eba ^ 0x60ff2036 + 0x7627b830 | 0xa23dd: flags sub= flags0 - 0x24472eba ^ 0x60ff2036 + 0x7627b830 - 0x42fb6768 | ...8 omitted... | 0xa280d: flags add= flags0 - 0x24472eba ^ 0x60ff2036 + 0x7627b830 - 0x42fb6768 ^ state0 + 0x7ad87935 ^ 0x39b69246 ^ state0 | 0x7a909dc0 ^ 0x58abcfc7 | 0x7be050b - 0x790391ce & 0x37c3d0a5 ^ state0 + flags0 - 0x24472eba ^ 0x6...#3a80b0c75f4c	50=(mask32(u16_3 - (mask32((mask32((mask32((mask32(state0 + (mask32((mask32((mask32((mask32((mask32((mask32((mask32((mask32((mask32(flags0 - 0x24472eba)) ^ 0x60ff2036)) + 0x7627b830)) - 0x42fb6768)) ^ (mask...#88b045eb4c1f | 49=(mask32(u16_3 - (mask32((mask32((mask32((mask32(state0 + (mask32((mask32((mask32((mask32((mask32(flags0 ^ (mask32(state0 + 0x7ad87935)))) ^ 0x39b69246)) ^ (mask32(state0 | 0x7a909dc0)))) ^ 0x58abcfc7)) |...#1640106bbf26	128=0x5					next = table[slot]; ip += 128=0x5	11 paths over 456 state events	0/1024 unknown branches (0.0%): 		0/1024 unknown branches (0.0%): 		state_static=100.0%, dispatch_static=100.0%, dispatch_model=static_100:100.0%, transfer_expr=100.0%/128	307@0xb8064:225,114@0x90319:91,79@0x885b0:75,49@0x82820:74,340@0xbf435:66,297@0xb64d7:66
209	0xa2935	static_validated	2	+0x5	EECCE	EC	b0=enum2(0x9c:1,0x80:1);b1=enum2(0x9c:1,0x0f:1);b2=0x3d;b3=0x01;b4=enum2(0xd9:1,0x85:1)	w0=enum2(0x9c9c:1,0x0f80:1);w1=0x013d	0xa2ab3:byte0,0xa2b3d:byte0,0xa2b74:b4,0xa2ba1:u16_2,0xa2c8f:u16_0	0xa2a92: state and= state0 & flags0 | 0x57058be5 ^ 0x36c108d8 | 0x22939484 ^ 0x55c2f3a2 | 0xa2d1b: state sub= state0 & flags0 | 0x57058be5 ^ 0x36c108d8 | 0x22939484 ^ 0x55c2f3a2 - u16_0 ^ state0 & flags0 | 0x57058be5 ^ 0x36c108d8 | 0x22939484 ^ 0x55c2f3a2	0xa296d: flags or= flags0 | 0x57058be5 | 0xa297d: flags xor= flags0 | 0x57058be5 ^ 0x36c108d8 | 0xa299a: flags or= flags0 | 0x57058be5 ^ 0x36c108d8 | 0x22939484 | 0xa29f2: flags xor= flags0 | 0x57058be5 ^ 0x36c108d8 | 0x22939484 ^ 0x55c2f3a2 | ...2 omitted... | 0xa2bb6: flags add= flags0 | 0x57058be5 ^ 0x36c108d8 | 0x22939484 ^ 0x55c2f3a2 - 0x5a1b0d1e | 0xb6c4d7f + 0x5dc7f8d2	1=(mask32(u16_0 ^ (mask32(state0 & (mask32(flags0 | 0x22939484)))))) & 0xffff	1=0x5					next = table[slot]; ip += 1=0x5	1 paths over 1 state events	1/9 unknown branches (11.1%): unknown_frame_field:1	0xa2c02:je:unknown_frame_field:1	0/9 unknown branches (0.0%): 		state_static=100.0%, dispatch_static=100.0%, dispatch_model=static_100:100.0%, transfer_expr=100.0%/1	257@0xadbfd:1,352@0xc1ec4:1
210	0xa2da3	sampled_only	15	+0x30	sampled				0xa2dfc:u16_8,0xa2e51:b10,0xa34af:u16_0,0xa3530:u32_4,0xa3539:u32_4					3=next = table[171], ip += 0x30 | 3=next = table[354], ip += 0x60	15=target_u32@+0,delta_u32@+4,u16_8@+0x8,b10@+0xa			3=next = table[171], ip += 0x30 | 3=next = table[354], ip += 0x60						long_branch=15/9, long_branch_len=15=0xb	354@0xc2241:7,171@0x9b4b3:6,165@0x9a24c:2
211	0xa36c9	unobserved_static	0	-	-				0xa37fb:u32_0,0xa3956:u16_8	0xa3727: state or= state0 | flags0 - state0 - 0x11e0e25a | 0xa381f: state xor= state0 | flags0 - state0 - 0x11e0e25a ^ u32_0 ^ flags0 - state0 - 0x11e0e25a - 0x7fb611ff - 0x61e44634 - 0x4be2eb7a | 0xa38c5: state sub= state0 | flags0 - state0 - 0x11e0e25a ^ u32_0 ^ flags0 - state0 - 0x11e0e25a - 0x7fb611ff - 0x61e44634 - 0x4be2eb7a - flags0 - state0 - 0x11e0e25a - 0x7fb611ff - 0x61e44634 - 0x4be2eb7a ^ 0x3f63da53 & st...#d43c520b5aab | 0xa39f8: state and= state0 | flags0 - state0 - 0x11e0e25a ^ u32_0 ^ flags0 - state0 - 0x11e0e25a - 0x7fb611ff - 0x61e44634 - 0x4be2eb7a - flags0 - state0 - 0x11e0e25a - 0x7fb611ff - 0x...#428c71dc586f	0xa370c: flags sub= flags0 - state0 - 0x11e0e25a | 0xa377a: flags sub= flags0 - state0 - 0x11e0e25a - 0x7fb611ff | 0xa378b: flags sub= flags0 - state0 - 0x11e0e25a - 0x7fb611ff - 0x61e44634 | 0xa37ca: flags sub= flags0 - state0 - 0x11e0e25a - 0x7fb611ff - 0x61e44634 - 0x4be2eb7a | ...1 omitted... | 0xa389c: flags and= flags0 - state0 - 0x11e0e25a - 0x7fb611ff - 0x61e44634 - 0x4be2eb7a ^ 0x3f63da53 & state0 | flags0 - state0 - 0x11e0e25a ^ u32_0 ^ flags0 - state0 - 0x11e0e25a - 0x7fb611ff - 0x61e44634 - 0x4be2eb7a + 0x19a6f76e														
212	0xa3a4b	unobserved_static	0	-	-				0xa3aa9:u16_0,0xa3ae5:u16_4,0xa3b9e:u16_6,0xa3c29:u16_4,0xa3c47:u16_0,0xa3d41:u16_2	0xa3d88: state add= state0 + u16_2 ^ 0x712d507b	0xa3b10: flags add= flags0 + state0 + 0x17082142 | 0xa3b6d: flags and= flags0 + state0 + 0x17082142 & 0x235dc980 | 0xa3ccb: flags or= flags0 + state0 + 0x17082142 & 0x235dc980 | 0x6b7f9c53 | 0xa3cf9: flags add= flags0 + state0 + 0x17082142 & 0x235dc980 | 0x6b7f9c53 + state0 ^ 0x4c01b89														
213	0xa3dc7	unobserved_static	0	-	-				0xa3e42:u16_6,0xa3e7c:u16_0,0xa3eef:u16_4,0xa3f7e:u16_2	0xa3fa7: state sub= state0 - u16_2 - 0x45c6c3bb															
214	0xa3fe9	static_validated	4	+0x5	CCCCC	CC	b0=0xd2;b1=0xbd;b2=0xb3;b3=0x3d;b4=0x01	w0=0xbdd2;w1=0x3db3	0xa3ff3:byte0,0xa4022:byte0,0xa419f:byte0,0xa4271:byte0,0xa42e1:byte0,0xa4451:b2,0xa44bd:u16_3,0xa4576:u16_0	0xa402d: state xor= state0 ^ flags0 + 0x784f7133 | 0xa4047: state xor= state0 ^ flags0 + 0x784f7133 ^ 0x7e64782 | 0xa40b6: state and= state0 ^ flags0 + 0x784f7133 ^ 0x7e64782 & 0x5bda5c23 | 0xa4336: state add= state0 ^ flags0 + 0x784f7133 ^ 0x7e64782 & 0x5bda5c23 + 0x352ca91c | ...2 omitted... | 0xa45af: state sub= state0 ^ flags0 + 0x784f7133 ^ 0x7e64782 & 0x5bda5c23 + 0x352ca91c | flags0 + 0x784f7133 & 0x4cc9d7b & 0x79233229 - 0x234dc07a - 0x2ce4baee - 0x3231759e - u16_0 + state0 ^ flags0 + 0x784f7133 ^ 0x7e64782...#701d91db4acf	0xa4000: flags add= flags0 + 0x784f7133 | 0xa4079: flags and= flags0 + 0x784f7133 & 0x4cc9d7b | 0xa408a: flags and= flags0 + 0x784f7133 & 0x4cc9d7b & 0x79233229 | 0xa4315: flags sub= flags0 + 0x784f7133 & 0x4cc9d7b & 0x79233229 - 0x234dc07a | ...1 omitted... | 0xa43ca: flags or= flags0 + 0x784f7133 & 0x4cc9d7b & 0x79233229 - 0x234dc07a - 0x2ce4baee | 0x56031acc	4=(mask32((mask32(u16_0 + (mask32((mask32((mask32((mask32((mask32((mask32(state0 ^ (mask32(flags0 + 0x784f7133)))) ^ 0x7e64782)) & 0x5bda5c23)) + 0x352ca91c)) | (mask32((mask32((mask32((mask32((mask32(flag...#62b71ea32ab9	4=0x5					next = table[slot]; ip += 4=0x5	1 paths over 4 state events	0/24 unknown branches (0.0%): 		0/24 unknown branches (0.0%): 		state_static=100.0%, dispatch_static=100.0%, dispatch_model=static_100:100.0%, transfer_expr=100.0%/4	257@0xadbfd:4
215	0xa4609	static_validated	21174	+0x3	VVV	V	b0=var29(top=0x88:10.5%);b1=var11(top=0x05:21.1%);b2=var114(top=0xc8:9.2%)	w0=var88(top=0x0390:6.4%)	0xa4838:b2,0xa49a4:u16_0	0xa4652: state or= state0 | 0x760f463f | 0xa4719: state sub= state0 | 0x760f463f - flags0 | 0x77dcc51b ^ 0xee9796d ^ 0x717a207c | 0xa477a: state add= state0 | 0x760f463f - flags0 | 0x77dcc51b ^ 0xee9796d ^ 0x717a207c + 0x15a799dd | 0xa4794: state or= state0 | 0x760f463f - flags0 | 0x77dcc51b ^ 0xee9796d ^ 0x717a207c + 0x15a799dd | 0x6c5f0f12 | ...2 omitted... | 0xa49f0: state sub= state0 | 0x760f463f - flags0 | 0x77dcc51b ^ 0xee9796d ^ 0x717a207c + 0x15a799dd | 0x6c5f0f12 + b2 + state0 | 0x760f463f - flags0 | 0x77dcc51b ^ 0xee9796d ^ 0x717a207c + 0x15a799dd | 0x6c5f0f12 | 0x38d2bdd3 - u16_0	0xa4681: flags or= flags0 | 0x77dcc51b | 0xa46b3: flags xor= flags0 | 0x77dcc51b ^ 0xee9796d | 0xa4756: flags add= flags0 | 0x77dcc51b ^ 0xee9796d + 0x269ea56a | 0xa4768: flags xor= flags0 | 0x77dcc51b ^ 0xee9796d + 0x269ea56a ^ 0x6abba0b9 | ...1 omitted... | 0xa48ef: flags add= flags0 | 0x77dcc51b ^ 0xee9796d + 0x269ea56a ^ 0x6abba0b9 - 0x4d415ee2 + 0x5966d257	128=u16_0 & 0xffff	128=0x3					next = table[slot]; ip += 128=0x3	2 paths over 7121 state events	0/512 unknown branches (0.0%): 		0/512 unknown branches (0.0%): 		state_static=100.0%, dispatch_static=100.0%, dispatch_model=static_100:100.0%, transfer_expr=100.0%/128	114@0x90319:1359,337@0xbec0e:1186,347@0xc088d:1123,189@0x9e7af:1119,258@0xadf2c:1070,340@0xbf435:1042
216	0xa4a61	affine_dispatch_fallback	742	+0xa	VVECCCVVEC	VECVE	b0=var20(top=0x4e:12.4%);b1=var22(top=0x7e:12.3%);b2=enum4(0x31:732,0x33:4,0x34:3,0x36:3);b3=0x00;b4=0x80;b5=0x00;b6=var15(top=0x92:24.7%);b7=var12(top=0x34:24.8%);b8=enum4(0x07:371,0x02:278,0x03:91,0x01:2);b9=0x00	w0=var22(top=0x7ed3:12.3%);w1=enum4(0x0031:732,0x0033:4,0x0034:3,0x0036:3);w2=0x0080;w3=var16(top=0x9d94:24.5%);w4=enum4(0x0007:371,0x0002:278,0x0003:91,0x0001:2)	0xa4a7c:u32_6,0xa4aa7:u16_4,0xa4ad3:u32_0,0xa4ced:b0,0xa4d2f:u16_3,0xa4d85:u16_1	0xa4b33: state xor= state0 ^ flags0		112=(mask32(u16_1 - (mask32(state0 ^ flags0)))) & 0xffff	112=0x5					next = table[slot]; ip += 112=0x5	1 paths over 112 state events	224/336 unknown branches (66.7%): unknown_frame_field:224	0xa4bfa:jne:unknown_frame_field:112,0xa4c0e:jne:unknown_frame_field:112	0/336 unknown branches (0.0%): 		state_static=0.0%, dispatch_static=0.0%, dispatch_model=affine_robust_fallback:100.0%, transfer_expr=0.0%/112	310@0xb8556:552,169@0x9af18:190
217	0xa4b11	static_validated	215	+0x5	CVVCC	VV	b0=0x00;b1=var19(top=0x0c:29.8%);b2=var18(top=0x87:30.7%);b3=0x3d;b4=0x01	w0=var19(top=0x0c00:29.8%);w1=var18(top=0x3d87:30.7%)	0xa4ced:b0,0xa4d2f:u16_3,0xa4d85:u16_1	0xa4b33: state xor= state0 ^ flags0		128=(mask32(u16_1 - (mask32(state0 ^ flags0)))) & 0xffff	128=0x5					next = table[slot]; ip += 128=0x5	1 paths over 206 state events	256/384 unknown branches (66.7%): unknown_frame_field:256	0xa4bfa:jne:unknown_frame_field:128,0xa4c0e:jne:unknown_frame_field:128	0/384 unknown branches (0.0%): 		state_static=100.0%, dispatch_static=100.0%, dispatch_model=static_100:100.0%, transfer_expr=100.0%/128	198@0xa037e:70,352@0xc1ec4:66,144@0x95887:66,108@0x8f24b:7,173@0x9ba74:3,160@0x994cf:1
218	0xa4df7	unobserved_static	0	-	-				0xa4eb0:u16_2,0xa4f2b:byte0,0xa505c:b4,0xa50a2:u16_2,0xa5112:u16_0	0xa50c7: state and= state0 & 0x844d83d | 0xa5147: state or= state0 & 0x844d83d | u16_0 - state0 & 0x844d83d ^ 0x77e8718e															
219	0xa517b	unobserved_static	0	-	-				0xa5190:u32_0,0xa51e4:u32_0,0xa52f6:byte0,0xa5652:b0,0xa56d2:u16_1,0xa579f:u16_3,0xa57c4:u16_3	0xa5246: state or= state0 | flags0 | 0xa52dc: state add= state0 | flags0 + 0x46462807 | 0xa52f9: state and= state0 | flags0 + 0x46462807 & 0x2332d827 | 0xa5397: state sub= state0 | flags0 + 0x46462807 & 0x2332d827 - flags0 - state0 | flags0 & 0x4297c9dd | ...1 omitted... | 0xa5841: state xor= state0 | flags0 + 0x46462807 & 0x2332d827 - flags0 - state0 | flags0 & 0x4297c9dd + 0x6f8e6e16 ^ u16_3 - state0 | flags0 + 0x46462807 & 0x2332d827 - flags0 - state0 | flags0 & 0x4297c9dd + 0x6f8e6e16 + 0x8f8037a	0xa5285: flags sub= flags0 - state0 | flags0 & 0x4297c9dd | 0xa54d3: flags add= flags0 - state0 | flags0 & 0x4297c9dd + 0x39ef1c44 | 0xa54e3: flags add= flags0 - state0 | flags0 & 0x4297c9dd + 0x39ef1c44 + 0x348fd1a2 | 0xa55c2: flags xor= flags0 - state0 | flags0 & 0x4297c9dd + 0x39ef1c44 + 0x348fd1a2 ^ state0 | flags0 + 0x46462807 & 0x2332d827 - flags0 - state0 | flags0 & 0x4297c9dd + 0x6f8e6e16														
220	0xa522e	static_validated	3576	+0x5	CCCVV	CV	b0=0x00;b1=0x3d;b2=0x01;b3=var164(top=0x03:9.0%);b4=var199(top=0x7e:7.4%)	w0=0x3d00;w1=var164(top=0x0301:9.0%)	0xa52f6:byte0,0xa5652:b0,0xa56d2:u16_1,0xa579f:u16_3,0xa57c4:u16_3	0xa5246: state or= state0 | flags0 | 0xa52dc: state add= state0 | flags0 + 0x46462807 | 0xa52f9: state and= state0 | flags0 + 0x46462807 & 0x2332d827 | 0xa5397: state sub= state0 | flags0 + 0x46462807 & 0x2332d827 - flags0 - state0 | flags0 & 0x4297c9dd | ...1 omitted... | 0xa5841: state xor= state0 | flags0 + 0x46462807 & 0x2332d827 - flags0 - state0 | flags0 & 0x4297c9dd + 0x6f8e6e16 ^ u16_3 - state0 | flags0 + 0x46462807 & 0x2332d827 - flags0 - state0 | flags0 & 0x4297c9dd + 0x6f8e6e16 + 0x8f8037a	0xa5285: flags sub= flags0 - state0 | flags0 & 0x4297c9dd | 0xa54d3: flags add= flags0 - state0 | flags0 & 0x4297c9dd + 0x39ef1c44 | 0xa54e3: flags add= flags0 - state0 | flags0 & 0x4297c9dd + 0x39ef1c44 + 0x348fd1a2 | 0xa55c2: flags xor= flags0 - state0 | flags0 & 0x4297c9dd + 0x39ef1c44 + 0x348fd1a2 ^ state0 | flags0 + 0x46462807 & 0x2332d827 - flags0 - state0 | flags0 & 0x4297c9dd + 0x6f8e6e16	128=(mask32((mask32(u16_3 - (mask32((mask32((mask32((mask32((mask32(state0 | flags0)) + 0x46462807)) & 0x2332d827)) - (mask32(flags0 - (mask32((mask32(state0 | flags0)) & 0x4297c9dd)))))) + 0x6f8e6e16)))) + ...#d715de7234c8	128=0x5					next = table[slot]; ip += 128=0x5	2 paths over 1926 state events	0/512 unknown branches (0.0%): 		0/512 unknown branches (0.0%): 		state_static=100.0%, dispatch_static=100.0%, dispatch_model=static_100:100.0%, transfer_expr=100.0%/128	144@0x95887:813,108@0x8f24b:555,173@0x9ba74:520,198@0xa037e:485,352@0xc1ec4:405,256@0xad849:351
221	0xa5889	static_validated	4	+0x5	CCCCC	CC	b0=0x53;b1=0x00;b2=0x08;b3=0x3d;b4=0x01	w0=0x0053;w1=0x3d08	0xa5a4e:byte0,0xa5bb1:b0,0xa5c1a:u16_3,0xa5c8c:byte0,0xa5e4c:u16_1	0xa5ecf: state xor= state0 ^ u16_1	0xa5986: flags or= flags0 | 0x3d94a1e5 | 0xa5996: flags add= flags0 | 0x3d94a1e5 + 0x45cf3d7b | 0xa5cba: flags and= flags0 | 0x3d94a1e5 + 0x45cf3d7b & 0x265e354a | 0xa5cf2: flags or= flags0 | 0x3d94a1e5 + 0x45cf3d7b & 0x265e354a | 0x445e4ee5 | ...1 omitted... | 0xa5d72: flags sub= flags0 | 0x3d94a1e5 + 0x45cf3d7b & 0x265e354a | 0x445e4ee5 & 0xabb04b8 - 0x6652fa27	4=u16_1 & 0xffff	4=0x5					next = table[slot]; ip += 4=0x5	1 paths over 4 state events	4/44 unknown branches (9.1%): live_in_reg:4	0xa5934:je:live_in_reg:4	0/44 unknown branches (0.0%): 		state_static=100.0%, dispatch_static=100.0%, dispatch_model=static_100:100.0%, transfer_expr=100.0%/4	256@0xad849:4
222	0xa5f3c	static_validated	254	+0x5	VVVVE	VV	b0=var60(top=0x10:25.6%);b1=var60(top=0xf8:25.2%);b2=var58(top=0xd9:25.2%);b3=var46(top=0x4e:25.2%);b4=enum4(0x3a:97,0x50:89,0x62:67,0x32:1)	w0=var80(top=0xf810:25.2%);w1=var76(top=0x4ed9:25.2%)	0xa5f50:byte0,0xa5ff1:byte0,0xa606c:byte0,0xa60ad:u16_0,0xa621b:b4,0xa633e:byte0,0xa63c2:u16_2	0xa5f6e: state add= state0 + flags0 | 0x11da3648 | 0xa5f7a: state and= state0 + flags0 | 0x11da3648 & 0x169ceafa | 0xa6154: state and= state0 + flags0 | 0x11da3648 & 0x169ceafa & u16_0 - state0 + flags0 | 0x11da3648 & 0x169ceafa + flags0 | 0x5b15ab43 | 0x4cc95222 | 0x70d72f46 | 0x30319008 | 0xa62d6: state or= state0 + flags0 | 0x11da3648 & 0x169ceafa & u16_0 - state0 + flags0 | 0x11da3648 & 0x169ceafa + flags0 | 0x5b15ab43 | 0x4cc95222 | 0x70d72f46 | 0x30319008 | 0x39a63024 | ...1 omitted... | 0xa640a: state xor= state0 + flags0 | 0x11da3648 & 0x169ceafa & u16_0 - state0 + flags0 | 0x11da3648 & 0x169ceafa + flags0 |...#9dacc45bb42a	0xa5fcf: flags or= flags0 | 0x5b15ab43 | 0xa5fe0: flags or= flags0 | 0x5b15ab43 | 0x4cc95222 | 0xa601d: flags or= flags0 | 0x5b15ab43 | 0x4cc95222 | 0x70d72f46 | 0xa602e: flags or= flags0 | 0x5b15ab43 | 0x4cc95222 | 0x70d72f46 | 0x30319008 | 0xa6187: flags add= flags0 | 0x5b15ab43 | 0x4cc95222 | 0x70d72f46 | 0x30319008 + 0x17d780ca	95=(mask32((mask32(u16_2 + (mask32((mask32((mask32((mask32((mask32(state0 + (mask32(flags0 | 0x11da3648)))) & 0x169ceafa)) & (mask32((mask32(u16_0 - (mask32((mask32(state0 + (mask32(flags0 | 0x11da3648)))) ...#748cb9dddd28 | 33=(mask32((mask32(u16_2 + (mask32((mask32((mask32((mask32((mask32(state0 + (mask32(flags0 | 0x11da3648)))) & 0x169ceafa)) & (mask32((mask32(u16_0 - (mask32((mask32(state0 + (mask32(flags0 | 0x11da3648)))) ...#dfc27f9ab102	128=0x5					next = table[slot]; ip += 128=0x5	6 paths over 177 state events	0/768 unknown branches (0.0%): 		0/768 unknown branches (0.0%): 		state_static=100.0%, dispatch_static=100.0%, dispatch_model=static_100:100.0%, transfer_expr=100.0%/128	220@0xa522e:67,301@0xb708d:20,268@0xb0007:14,49@0x82820:13,28@0x7e390:12,43@0x8173d:11
223	0xa6470	unobserved_static	0	-	-				0xa6621:byte0,0xa6716:b2,0xa6742:u16_3,0xa67d0:u16_0	0xa649f: state add= state0 + 0x196a30f | 0xa6762: state and= state0 + 0x196a30f & flags0 | 0xa6850: state sub= state0 + 0x196a30f & flags0 - u16_0 ^ state0 + 0x196a30f & flags0 - 0x1f5fe778															
224	0xa68c2	unobserved_static	0	-	-				0xa6914:u16_5,0xa692a:u16_7,0xa6952:u16_1,0xa698f:u16_7,0xa69a7:u16_5,0xa6a84:u16_3	0xa6ab6: state or= state0 | u16_3 + state0	0xa68f7: flags or= flags0 | state0 ^ 0x1c5d6161 | 0xa6905: flags add= flags0 | state0 ^ 0x1c5d6161 + 0x4d6e0c0f | 0xa6a17: flags and= flags0 | state0 ^ 0x1c5d6161 + 0x4d6e0c0f & 0x41366a15 | 0xa6a27: flags xor= flags0 | state0 ^ 0x1c5d6161 + 0x4d6e0c0f & 0x41366a15 ^ 0x960933d														
225	0xa6af9	partial	6	+0x5	CCCCC	CC	b0=0xce;b1=0x13;b2=0x3d;b3=0x01;b4=0x87	w0=0x13ce;w1=0x013d	0xa6b21:byte0,0xa6baa:u16_2,0xa6c17:byte0,0xa6cdf:b4,0xa6d27:u16_2,0xa6dd6:u16_0	0xa6d65: state or= state0 | flags0 | 0xa6e11: state and= state0 | flags0 & u16_0 ^ state0 | flags0															144@0x95887:6
226	0xa6e55	unobserved_static	0	-	-				0xa6e70:u16_6,0xa6e96:u16_4,0xa6ec3:u32_0,0xa6f1e:u16_0,0xa6f43:u16_2,0xa6fb2:u16_0,0xa6fc7:u16_2,0xa6ff6:u16_9,0xa703c:u16_2,0xa704e:u16_0,0xa70de:b6,0xa7127:u16_7,0xa7188:u16_4	0xa70c9: state or= state0 | flags0 | state0 ^ 0x63e0134e | 0xa71bb: state and= state0 | flags0 | state0 ^ 0x63e0134e & u16_4 ^ 0x5537ca3f	0xa6fb6: flags or= flags0 | state0 ^ 0x63e0134e														
227	0xa6f03	unobserved_static	0	-	-				0xa6f1e:u16_0,0xa6f43:u16_2,0xa6fb2:u16_0,0xa6fc7:u16_2,0xa6ff6:u16_9,0xa703c:u16_2,0xa704e:u16_0,0xa70de:b6,0xa7127:u16_7,0xa7188:u16_4	0xa70c9: state or= state0 | flags0 | state0 ^ 0x63e0134e | 0xa71bb: state and= state0 | flags0 | state0 ^ 0x63e0134e & u16_4 ^ 0x5537ca3f	0xa6fb6: flags or= flags0 | state0 ^ 0x63e0134e														
228	0xa6f79	unobserved_static	0	-	-				0xa6fb2:u16_0,0xa6fc7:u16_2,0xa6ff6:u16_9,0xa703c:u16_2,0xa704e:u16_0,0xa70de:b6,0xa7127:u16_7,0xa7188:u16_4	0xa70c9: state or= state0 | flags0 | state0 ^ 0x63e0134e | 0xa71bb: state and= state0 | flags0 | state0 ^ 0x63e0134e & u16_4 ^ 0x5537ca3f	0xa6fb6: flags or= flags0 | state0 ^ 0x63e0134e														
229	0xa71fe	partial	1	+0x5	CCCCC	CC	b0=0x3d;b1=0x01;b2=0x00;b3=0x59;b4=0x47	w0=0x013d;w1=0x5900	0xa7314:byte0,0xa7338:byte0,0xa739d:byte0,0xa7403:byte0,0xa7412:byte0,0xa7429:b2,0xa7456:u16_0,0xa74d5:u16_3	0xa722c: state xor= state0 ^ flags0 | 0xa73a0: state xor= state0 ^ flags0 ^ 0x4a304ad7 | 0xa7536: state sub= state0 ^ flags0 ^ 0x4a304ad7 - u16_3 ^ state0 ^ flags0 ^ 0x4a304ad7 ^ 0x381ae5a5	0xa72fd: flags add= flags0 + state0 ^ flags0 & 0x1d6aa55e														352@0xc1ec4:1
230	0xa757f	unobserved_static	0	-	-				0xa769b:byte0,0xa77dc:b4,0xa7845:u16_0,0xa78bf:u16_2,0xa78e3:u16_2	0xa75ec: state and= state0 & flags0 | 0xa7617: state or= state0 & flags0 | 0x7e6d6467 | 0xa7693: state add= state0 & flags0 | 0x7e6d6467 + 0x2e32a3a2 | 0xa792a: state or= state0 & flags0 | 0x7e6d6467 + 0x2e32a3a2 | u16_2 ^ 0x272d9a0b	0xa7645: flags add= flags0 + 0x7d62f0e1 | 0xa7656: flags sub= flags0 + 0x7d62f0e1 - 0x45a3d753														
231	0xa799b	static_validated	4	+0x5	CCCCC	CC	b0=0x3d;b1=0x01;b2=0x03;b3=0x6c;b4=0xa7	w0=0x013d;w1=0x6c03	0xa7a09:byte0,0xa7a85:byte0,0xa7b45:byte0,0xa7bf8:byte0,0xa7cd2:b2,0xa7d4c:u16_0,0xa7e09:u16_3,0xa7e89:u16_3 - state0 + flags0 + 0x37d0b9a9 ^ 0x6307e167 + flags0 + 0x37d0b9a9 ^ 0x6307e167 ^ 0x69e2cccd ^ 0x500184b - 0x796ead7f + 0x5041c185	0xa7a61: state add= state0 + flags0 + 0x37d0b9a9 ^ 0x6307e167 | 0xa7af6: state add= state0 + flags0 + 0x37d0b9a9 ^ 0x6307e167 + flags0 + 0x37d0b9a9 ^ 0x6307e167 | 0xa7be7: state xor= state0 + flags0 + 0x37d0b9a9 ^ 0x6307e167 + flags0 + 0x37d0b9a9 ^ 0x6307e167 ^ 0x69e2cccd | 0xa7c05: state xor= state0 + flags0 + 0x37d0b9a9 ^ 0x6307e167 + flags0 + 0x37d0b9a9 ^ 0x6307e167 ^ 0x69e2cccd ^ 0x500184b | ...1 omitted... | 0xa7eae: state and= state0 + flags0 + 0x37d0b9a9 ^ 0x6307e167 + flags0 + 0x37d0b9a9 ^ 0x6307e167 ^ 0x69e2cccd ^ 0x500184b - 0x796ead7f & u16_3 - state0 + flags0 + 0x37d0b9a9 ^ 0x6307e167 + flags0 + 0x37d0b9...#5631efea3988	0xa79d0: flags add= flags0 + 0x37d0b9a9 | 0xa79e1: flags xor= flags0 + 0x37d0b9a9 ^ 0x6307e167 | 0xa7bba: flags add= flags0 + 0x37d0b9a9 ^ 0x6307e167 + state0 + flags0 + 0x37d0b9a9 ^ 0x6307e167 + flags0 + 0x37d0b9a9 ^ 0x6307e167 & 0x65be02ae | 0xa7bd7: flags sub= flags0 + 0x37d0b9a9 ^ 0x6307e167 + state0 + flags0 + 0x37d0b9a9 ^ 0x6307e167 + flags0 + 0x37d0b9a9 ^ 0x6307e167 & 0x65be02ae - 0x474578d0	4=(mask32((mask32(u16_3 - (mask32((mask32((mask32((mask32((mask32(state0 + (mask32((mask32(flags0 + 0x37d0b9a9)) ^ 0x6307e167)))) + (mask32((mask32(flags0 + 0x37d0b9a9)) ^ 0x6307e167)))) ^ 0x69e2cccd)) ^ 0...#e7a757642793	4=0x5					next = table[slot]; ip += 4=0x5	1 paths over 4 state events	4/36 unknown branches (11.1%): unknown_frame_field:4	0xa7d99:je:unknown_frame_field:4	0/36 unknown branches (0.0%): 		state_static=100.0%, dispatch_static=100.0%, dispatch_model=static_100:100.0%, transfer_expr=100.0%/4	198@0xa037e:4
232	0xa7ef8	unobserved_static	0	-	-				0xa7f64:u16_1,0xa7f8a:u16_7,0xa7fc7:u16_5,0xa8058:u16_7,0xa8076:u16_1,0xa8142:u16_3	0xa80e7: state sub= state0 - flags0 ^ 0x4821c1c7 | 0xa817b: state sub= state0 - flags0 ^ 0x4821c1c7 - u16_3 + 0x231e4204															
233	0xa81c4	unobserved_static	0	-	-				0xa81df:u16_0,0xa8207:u16_2,0xa8277:u16_3,0xa8284:u16_9,0xa82ae:u16_5,0xa82f8:u16_9,0xa8306:u16_3,0xa8369:b2,0xa8396:u16_7,0xa83e2:u16_0	0xa842b: state or= state0 | u16_0 ^ state0 + 0x6352399c	0xa8258: flags add= flags0 + 0x61761155														
234	0xa823e	unobserved_static	0	-	-				0xa8277:u16_3,0xa8284:u16_9,0xa82ae:u16_5,0xa82f8:u16_9,0xa8306:u16_3,0xa8369:b2,0xa8396:u16_7,0xa83e2:u16_0	0xa842b: state or= state0 | u16_0 ^ state0 + 0x6352399c	0xa8258: flags add= flags0 + 0x61761155														
235	0xa8450	unobserved_static	0	-	-				0xa852a:u16_3,0xa85b4:byte0,0xa865b:b2,0xa868a:u16_3,0xa8740:u16_0	0xa878b: state add= state0 + u16_0 + state0															
236	0xa87b6	unobserved_static	0	-	-				0xa88f7:byte0,0xa89c4:byte0,0xa8ae3:byte0,0xa8c25:b2,0xa8cb1:u16_3,0xa8d6f:u16_0	0xa8890: state xor= state0 ^ flags0 & state0 ^ 0x630a2958 ^ 0x7d6f69f0 - 0x350e18e3 ^ 0x55d05067 | 0xa8a1d: state sub= state0 ^ flags0 & state0 ^ 0x630a2958 ^ 0x7d6f69f0 - 0x350e18e3 ^ 0x55d05067 - flags0 & state0 ^ 0x630a2958 ^ 0x7d6f69f0 - 0x350e18e3 ^ 0x55d05067 | 0x696679a3 | 0xa8db8: state or= state0 ^ flags0 & state0 ^ 0x630a2958 ^ 0x7d6f69f0 - 0x350e18e3 ^ 0x55d05067 - flags0 & state0 ^ 0x630a2958 ^ 0x7d6f69f0 - 0x350e18e3 ^ 0x55d05067 | 0x696679a3 | u16_0 + state0 ^ flags0 & state0 ^ 0x630a...#9bdb8c2bf87d	0xa87f0: flags and= flags0 & state0 ^ 0x630a2958 | 0xa87fd: flags xor= flags0 & state0 ^ 0x630a2958 ^ 0x7d6f69f0 | 0xa882c: flags sub= flags0 & state0 ^ 0x630a2958 ^ 0x7d6f69f0 - 0x350e18e3 | 0xa883e: flags xor= flags0 & state0 ^ 0x630a2958 ^ 0x7d6f69f0 - 0x350e18e3 ^ 0x55d05067 | 0xa88dd: flags or= flags0 & state0 ^ 0x630a2958 ^ 0x7d6f69f0 - 0x350e18e3 ^ 0x55d05067 | 0x696679a3														
237	0xa8e1f	static_validated	1537	+0x5	VVVCC	VV	b0=var26(top=0x00:89.4%);b1=var137(top=0x66:16.8%);b2=var159(top=0x6d:16.9%);b3=0x3d;b4=0x01	w0=var150(top=0x6600:16.8%);w1=var159(top=0x3d6d:16.9%)	0xa8ffb:byte0,0xa90a6:b0,0xa916a:u16_3,0xa91f5:byte0,0xa9322:byte0,0xa93e9:u16_1	0xa8eda: state sub= state0 - flags0 ^ 0x22900c8 | 0xa8f9e: state sub= state0 - flags0 ^ 0x22900c8 - flags0 + 0x3fbeaa1d ^ 0x8178b71 | 0xa9314: state sub= state0 - flags0 ^ 0x22900c8 - flags0 + 0x3fbeaa1d ^ 0x8178b71 - 0x4813dbc | 0xa9438: state xor= state0 - flags0 ^ 0x22900c8 - flags0 + 0x3fbeaa1d ^ 0x8178b71 - 0x4813dbc ^ u16_1 ^ state0 - flags0 ^ 0x22900c8 - flags0 + 0x3fbeaa1d ^ 0x8178b71 - 0x4813dbc - 0x4f4105f2	0xa8f56: flags add= flags0 + 0x3fbeaa1d | 0xa92bd: flags xor= flags0 + 0x3fbeaa1d ^ 0x3a5f03fa | 0xa92ea: flags or= flags0 + 0x3fbeaa1d ^ 0x3a5f03fa | 0x6c9523d1	117=(mask32((mask32(u16_1 ^ (mask32((mask32((mask32(state0 - (mask32(flags0 ^ 0x22900c8)))) - (mask32((mask32(flags0 + 0x3fbeaa1d)) ^ 0x8178b71)))) - 0x4813dbc)))) - 0x4f4105f2)) & 0xffff | 11=(mask32((mask32(u16_1 ^ (mask32((mask32((mask32(state0 - (mask32(flags0 ^ 0x22900c8)))) - (mask32(flags0 ^ 0x8178b71)))) - 0x4813dbc)))) - 0x4f4105f2)) & 0xffff	128=0x5					next = table[slot]; ip += 128=0x5	8 paths over 706 state events	128/1152 unknown branches (11.1%): live_in_reg:128	0xa8efb:je:live_in_reg:128	0/1152 unknown branches (0.0%): 		state_static=100.0%, dispatch_static=100.0%, dispatch_model=static_100:100.0%, transfer_expr=100.0%/128	352@0xc1ec4:472,108@0x8f24b:350,144@0x95887:218,160@0x994cf:173,256@0xad849:150,257@0xadbfd:77
238	0xa94a5	unobserved_static	0	-	-				0xa960a:byte0,0xa96b4:b2,0xa96df:u16_0,0xa9839:u16_3,0xa9850:u16_3	0xa95f3: state or= state0 | flags0 & 0x5077208f | 0xa97b7: state sub= state0 | flags0 & 0x5077208f - flags0 & 0x5077208f & 0x7d76c5ba | 0xa98d1: state xor= state0 | flags0 & 0x5077208f - flags0 & 0x5077208f & 0x7d76c5ba ^ u16_3 + 0x48a4c63e	0xa95b6: flags and= flags0 & 0x5077208f | 0xa969a: flags and= flags0 & 0x5077208f & 0x7d76c5ba														
239	0xa991e	static_validated	2519	+0x6	VVVVVV	VVV	b0=var140(top=0x2a:5.5%);b1=var65(top=0x02:11.2%);b2=var36(top=0xc1:13.6%);b3=var23(top=0x21:15.7%);b4=var72(top=0xbe:8.8%);b5=var29(top=0xa6:21.0%)	w0=var312(top=0x2994:5.0%);w1=var178(top=0x09c0:8.6%);w2=var181(top=0xa18e:7.6%)	0xa9953:byte0,0xa9a63:u32_0,0xa9c3d:u16_4	0xa9928: state add= state0 + 0x40a7aa16 | 0xa9946: state add= state0 + 0x40a7aa16 + flags0 | 0xa99b0: state and= state0 + 0x40a7aa16 + flags0 & 0x39d16b3e | 0xa9b0c: state and= state0 + 0x40a7aa16 + flags0 & 0x39d16b3e & u32_0 - state0 + 0x40a7aa16 + flags0 & 0x39d16b3e | 0xa9c99: state sub= state0 + 0x40a7aa16 + flags0 & 0x39d16b3e & u32_0 - state0 + 0x40a7aa16 + flags0 & 0x39d16b3e - u16_4 + state0 + 0x40a7aa16 + flags0 & 0x39d16b3e & u32_0 - state0 + 0x40a7aa16 + flags0 & 0x39d16b3e - 0x3650a0ae	0xa9999: flags and= flags0 & state0 + 0x40a7aa16 + flags0 + 0x627d85ab | 0xa99d8: flags add= flags0 & state0 + 0x40a7aa16 + flags0 + 0x627d85ab + 0x29b54516 | 0xa99e8: flags and= flags0 & state0 + 0x40a7aa16 + flags0 + 0x627d85ab + 0x29b54516 & 0x66aaa5e | 0xa9b97: flags xor= flags0 & state0 + 0x40a7aa16 + flags0 + 0x627d85ab + 0x29b54516 & 0x66aaa5e ^ 0x7efd4127 | 0xa9ba8: flags or= flags0 & state0 + 0x40a7aa16 + flags0 + 0x627d85ab + 0x29b54516 & 0x66aaa5e ^ 0x7efd4127 | 0x476bca10	128=(mask32((mask32(u16_4 + (mask32((mask32((mask32((mask32(state0 + 0x40a7aa16)) + flags0)) & 0x39d16b3e)) & (mask32(u32_0 - (mask32((mask32((mask32(state0 + 0x40a7aa16)) + flags0)) & 0x39d16b3e)))))))) - 0...#398cebc46e7f	128=0x6					next = table[slot]; ip += 128=0x6	2 paths over 619 state events	128/384 unknown branches (33.3%): live_in_reg:128	0xa9967:je:live_in_reg:128	0/384 unknown branches (0.0%): 		state_static=100.0%, dispatch_static=100.0%, dispatch_model=static_100:100.0%, transfer_expr=100.0%/128	297@0xb64d7:255,28@0x7e390:228,320@0xbada5:208,37@0x80685:177,157@0x98a9a:154,340@0xbf435:138
240	0xa9cf7	static_validated	7	+0x5	ECCEE	EE	b0=enum2(0x99:5,0xb9:2);b1=0x3d;b2=0x01;b3=enum2(0x62:5,0x87:2);b4=enum2(0x9f:5,0x27:2)	w0=enum2(0x3d99:5,0x3db9:2);w1=enum2(0x6201:5,0x8701:2)	0xa9da3:u16_1,0xa9e24:byte0,0xa9ec5:byte0,0xa9ed1:b0,0xa9efe:u16_1,0xa9f74:u16_3	0xa9fb6: state sub= state0 - u16_3 - state0 - 0x7bec2197		5=(mask32((mask32(u16_3 - state0)) - 0x7bec2197)) & 0xffff	5=0x5					next = table[slot]; ip += 5=0x5	1 paths over 5 state events	0/25 unknown branches (0.0%): 		0/25 unknown branches (0.0%): 		state_static=100.0%, dispatch_static=100.0%, dispatch_model=static_100:100.0%, transfer_expr=100.0%/5	173@0x9ba74:5,108@0x8f24b:2
241	0xa9ffa	affine_dispatch_fallback	2	+0xd	EEECCCCCCCCEE	EECCCE	b0=enum2(0x1e:1,0xc6:1);b1=enum2(0x1e:1,0xf1:1);b2=enum2(0x02:1,0x05:1);b3=0x00;b4=0x80;b5=0x00;b6=0x3d;b7=0x01;b8=0x22;b9=0xe8;b10=0x01;b11=enum2(0x0a:1,0xb6:1);...+1	w0=enum2(0x1e1e:1,0xf1c6:1);w1=enum2(0x0002:1,0x0005:1);w2=0x0080;w3=0x013d;w4=0xe822;w5=enum2(0x0a01:1,0xb601:1)	0xaa05a:u16_6,0xaa0a5:b8,0xaa6f8:u32_0,0xaa726:u16_4,0xaa778:u16_9,0xaa7ce:u16_11	0xaa83f: state sub= state0 - u16_11 + state0		1=(mask32(u16_11 + state0)) & 0xffff	1=0xd					next = table[slot]; ip += 1=0xd	1 paths over 1 state events	1/18 unknown branches (5.6%): unknown_frame_field:1	0xaa0df:je:unknown_frame_field:1	0/18 unknown branches (0.0%): 		state_static=100.0%, dispatch_static=100.0%, dispatch_model=affine_single_fallback:100.0%, transfer_expr=100.0%/1	333@0xbd8af:1,66@0x855ff:1
242	0xaa87d	static_validated	181	+0x5	CCVVV	CV	b0=0x3d;b1=0x01;b2=var15(top=0xb3:50.8%);b3=var17(top=0xef:50.8%);b4=var16(top=0x3b:50.8%)	w0=0x013d;w1=var17(top=0xefb3:50.8%)	0xaa94e:byte0,0xaaa3f:b2,0xaaa7b:u16_0,0xaaad5:u16_3	0xaab37: state or= state0 | u16_3 - state0 ^ 0x5c05e9b5		43=(mask32((mask32(u16_3 - state0)) ^ 0x5c05e9b5)) & 0xffff	43=0x5					next = table[slot]; ip += 43=0x5	2 paths over 43 state events	0/215 unknown branches (0.0%): 		0/215 unknown branches (0.0%): 		state_static=100.0%, dispatch_static=100.0%, dispatch_model=static_100:100.0%, transfer_expr=100.0%/43	75@0x873fc:92,246@0xab427:38,145@0x95b5c:33,199@0xa0631:9,334@0xbdd18:4,210@0xa2da3:2
243	0xaab6a	static_validated	9466	+0x4	VVCC	VC	b0=var61(top=0x45:8.6%);b1=var69(top=0x9e:13.6%);b2=0xe8;b3=0x01	w0=var457(top=0x915d:2.9%);w1=0x01e8	0xaac91:byte0,0xaacd9:byte0,0xaacf3:byte0,0xaad19:u16_2,0xaae59:u16_0	0xaac07: state xor= state0 ^ 0x47b31677 | 0xaac65: state or= state0 ^ 0x47b31677 | flags0 | state0 | 0x5f60d018 + state0 + 0x398f70f4 & 0x4ec4a2f1 | 0xaac9e: state xor= state0 ^ 0x47b31677 | flags0 | state0 | 0x5f60d018 + state0 + 0x398f70f4 & 0x4ec4a2f1 ^ 0x57df388c | 0xaadc3: state and= state0 ^ 0x47b31677 | flags0 | state0 | 0x5f60d018 + state0 + 0x398f70f4 & 0x4ec4a2f1 ^ 0x57df388c & flags0 | state0 | 0x5f60d018 + state0 + 0x398f70f4 & 0x4ec4a2f1 & state0 ^ 0x47b31677 | flags0 | state...#95da2b704d47 | 0xaaee2: state add= state0 ^ 0x47b31677 | flags0 | state0 | 0x5f60d018 + state0 + 0x398f70f4 & 0x4ec4a2f1 ^ 0x5...#d12b26f99555	0xaab9f: flags or= flags0 | state0 | 0x5f60d018 | 0xaabc6: flags add= flags0 | state0 | 0x5f60d018 + state0 | 0xaac37: flags add= flags0 | state0 | 0x5f60d018 + state0 + 0x398f70f4 | 0xaac48: flags and= flags0 | state0 | 0x5f60d018 + state0 + 0x398f70f4 & 0x4ec4a2f1 | ...1 omitted... | 0xaadde: flags and= flags0 | state0 | 0x5f60d018 + state0 + 0x398f70f4 & 0x4ec4a2f1 & state0 ^ 0x47b31677 | flags0 | state0 | 0x5f60d018 + state0 + 0x398f70f4 & 0x4ec4a2f1 - 0x289ce9b6 & state0 ^ 0x47b31677 | flags0 | state...#764d241292ba	66=(mask32((mask32(u16_0 - (mask32((mask32((mask32((mask32(state0 ^ 0x47b31677)) | (mask32((mask32(flags0 | (mask32(state0 | 0x5f60d018)))) + state0)))) ^ 0x57df388c)) & (mask32((mask32((mask32(flags0 | (ma...#4a5a594e1e3d | 62=(mask32((mask32(u16_0 - (mask32((mask32((mask32((mask32(state0 ^ 0x47b31677)) | (mask32((mask32((mask32((mask32(flags0 | (mask32(state0 | 0x5f60d018)))) + state0)) + 0x398f70f4)) & 0x4ec4a2f1)))) ^ 0x57d...#5a0d0f2ac985	128=0x4					next = table[slot]; ip += 128=0x4	2 paths over 2189 state events	128/640 unknown branches (20.0%): unknown_frame_field:128	0xaad24:jne:unknown_frame_field:128	0/640 unknown branches (0.0%): 		state_static=100.0%, dispatch_static=100.0%, dispatch_model=static_100:100.0%, transfer_expr=100.0%/128	307@0xb8064:733,189@0x9e7af:698,18@0x7be9b:642,185@0x9d964:578,28@0x7e390:559,337@0xbec0e:510
244	0xaaf3e	unobserved_static	0	-	-				0xaaf7b:u16_7,0xaaf86:u16_0,0xaafb8:u16_5,0xab001:u16_0,0xab00f:u16_7,0xab0d7:u16_2		0xab06b: flags add= flags0 + 0xf381b41 | 0xab07c: flags add= flags0 + 0xf381b41 + 0x428b3a33														
245	0xab141	static_validated	75	+0x5	VVCCV	VC	b0=var17(top=0xcb:34.7%);b1=var18(top=0x13:34.7%);b2=0x3d;b3=0x01;b4=var16(top=0xdf:45.3%)	w0=var18(top=0x13cb:34.7%);w1=0x013d	0xab254:byte0,0xab2d9:b4,0xab305:u16_2,0xab397:u16_0	0xab3ed: state xor= state0 ^ u16_0 + state0 ^ 0x3a835417		12=(mask32((mask32(u16_0 + state0)) ^ 0x3a835417)) & 0xffff	12=0x5					next = table[slot]; ip += 12=0x5	1 paths over 12 state events	0/60 unknown branches (0.0%): 		0/60 unknown branches (0.0%): 		state_static=100.0%, dispatch_static=100.0%, dispatch_model=static_100:100.0%, transfer_expr=100.0%/12	316@0xb987b:28,145@0x95b5c:28,75@0x873fc:12,210@0xa2da3:3,334@0xbdd18:3,43@0x8173d:1
246	0xab427	sampled_only	39	+0x78	sampled				0xab493:u16_8,0xab4d8:b10,0xabb35:u16_0,0xabbb5:u32_4,0xabbc1:u32_4					25=next = table[165], ip += 0x78 | 3=next = table[165], ip += 0x792	39=target_u32@+0,delta_u32@+4,u16_8@+0x8,b10@+0xa			25=next = table[165], ip += 0x78 | 3=next = table[165], ip += 0x792						long_branch=39/12, long_branch_len=39=0xb	165@0x9a24c:31,354@0xc2241:6,171@0x9b4b3:2
247	0xabd6f	unobserved_static	0	-	-				0xabdcf:u16_3,0xabe09:b2,0xac08e:u16_0	0xac0ca: state xor= state0 ^ u16_0 + state0 + 0x4c044f6f															
248	0xac110	static_validated	20	+0x4	EEEE	EE	b0=enum7(0x8a:9,0x60:4,0xa7:2,0x8c:2,0x3b:1,0xcd:1);b1=enum7(0xf8:9,0x74:4,0xb6:2,0xea:2,0xe6:1,0x7d:1);b2=enum6(0x7b:9,0x2b:4,0x83:4,0x8b:1,0xa3:1,0xfb:1);b3=enum5(0x0e:9,0x03:6,0x02:2,0x05:2,0x0c:1)	w0=enum7(0xf88a:9,0x7460:4,0xb6a7:2,0xea8c:2,0xe63b:1,0x7dcd:1);w1=enum7(0x0e7b:9,0x032b:4,0x0383:2,0x0283:2,0x058b:1,0x0ca3:1)	0xac191:u16_0,0xac392:u16_2	0xac319: state xor= state0 ^ flags0 - state0 | 0x5188b16e & 0x6764746a - state0 ^ 0x46157a61 + 0x17fe21ad ^ 0x35ad1d25 - 0x496039c5 | 0xac3f6: state xor= state0 ^ flags0 - state0 | 0x5188b16e & 0x6764746a - state0 ^ 0x46157a61 + 0x17fe21ad ^ 0x35ad1d25 - 0x496039c5 ^ u16_2 ^ 0x4160066b	0xac151: flags sub= flags0 - state0 | 0x5188b16e | 0xac220: flags and= flags0 - state0 | 0x5188b16e & 0x6764746a | 0xac28c: flags sub= flags0 - state0 | 0x5188b16e & 0x6764746a - state0 ^ 0x46157a61 | 0xac299: flags add= flags0 - state0 | 0x5188b16e & 0x6764746a - state0 ^ 0x46157a61 + 0x17fe21ad | ...1 omitted... | 0xac2d9: flags sub= flags0 - state0 | 0x5188b16e & 0x6764746a - state0 ^ 0x46157a61 + 0x17fe21ad ^ 0x35ad1d25 - 0x496039c5	15=(mask32(u16_2 ^ 0x4160066b)) & 0xffff	15=0x4					next = table[slot]; ip += 15=0x4	2 paths over 15 state events	15/30 unknown branches (50.0%): live_in_reg:15	0xac120:je:live_in_reg:15	0/30 unknown branches (0.0%): 		state_static=100.0%, dispatch_static=100.0%, dispatch_model=static_100:100.0%, transfer_expr=100.0%/15	258@0xadf2c:9,168@0x9aa83:4,189@0x9e7af:2,157@0x98a9a:2,124@0x91e81:1,345@0xc02e4:1
249	0xac440	unobserved_static	0	-	-				0xac51f:u16_9,0xac530:u16_4,0xac5ac:u16_2,0xac64b:u16_9,0xac64f:u16_4,0xac6de:b8,0xac72a:u16_6,0xac77a:u16_0	0xac7d1: state sub= state0 - u16_0 - state0 + 0x4522afca	0xac492: flags or= flags0 | 0x38431ac4 | 0xac4a3: flags xor= flags0 | 0x38431ac4 ^ 0x1ad728d4														
250	0xac802	static_validated	75	+0x3	CEE	E	b0=0x62;b1=enum6(0xd8:64,0x9e:4,0x99:3,0xf9:2,0x12:1,0x28:1);b2=enum6(0xc4:64,0x09:4,0x77:3,0x01:2,0x52:1,0x14:1)	w0=enum6(0xd862:64,0x9e62:4,0x9962:3,0xf962:2,0x1262:1,0x2862:1)	0xac88b:byte0,0xac8e2:b0,0xacaec:u16_1	0xac83a: state xor= state0 ^ flags0 | 0xac96b: state add= state0 ^ flags0 + flags0 | 0xac994: state xor= state0 ^ flags0 + flags0 ^ flags0 | 0x75c2d7ad | 0xac9b5: state add= state0 ^ flags0 + flags0 ^ flags0 | 0x75c2d7ad + 0x3d28c7fc | ...1 omitted... | 0xacb66: state or= state0 ^ flags0 + flags0 ^ flags0 | 0x75c2d7ad + 0x3d28c7fc - 0xb911f97 | u16_1 - state0 ^ flags0 + flags0 ^ flags0 | 0x75c2d7ad + 0x3d28c7fc - 0xb911f97 + 0x71ad6fc6	0xac9ff: flags and= flags0 & 0x68a0e4da | 0xaca0f: flags add= flags0 & 0x68a0e4da + 0x40c8070a | 0xaca4e: flags sub= flags0 & 0x68a0e4da + 0x40c8070a - 0x1d26ca9d | 0xaca5f: flags sub= flags0 & 0x68a0e4da + 0x40c8070a - 0x1d26ca9d - 0xc88b898	72=(mask32((mask32(u16_1 - (mask32((mask32((mask32((mask32((mask32(state0 ^ flags0)) + flags0)) ^ (mask32(flags0 | 0x75c2d7ad)))) + 0x3d28c7fc)) - 0xb911f97)))) + 0x71ad6fc6)) & 0xffff	72=0x3					next = table[slot]; ip += 72=0x3	2 paths over 72 state events	72/216 unknown branches (33.3%): unknown_frame_field:72	0xac869:je:unknown_frame_field:72	0/216 unknown branches (0.0%): 		state_static=100.0%, dispatch_static=100.0%, dispatch_model=static_100:100.0%, transfer_expr=100.0%/72	43@0x8173d:71,196@0x9fbcd:3,157@0x98a9a:1
251	0xacbc5	static_validated	39	+0x5	CCEEE	CE	b0=0x3d;b1=0x01;b2=enum2(0x83:22,0x1f:17);b3=enum2(0x39:22,0xef:17);b4=enum2(0x06:22,0xa5:17)	w0=0x013d;w1=enum2(0x3983:22,0xef1f:17)	0xacc7d:u16_0,0xacca6:byte0,0xacda4:b2,0xacdfe:u16_0,0xace7a:u16_3	0xaceb5: state and= state0 & u16_3 - state0 ^ 0x7cf1b821		17=(mask32((mask32(u16_3 - state0)) ^ 0x7cf1b821)) & 0xffff	17=0x5					next = table[slot]; ip += 17=0x5	1 paths over 17 state events	0/85 unknown branches (0.0%): 		0/85 unknown branches (0.0%): 		state_static=100.0%, dispatch_static=100.0%, dispatch_model=static_100:100.0%, transfer_expr=100.0%/17	108@0x8f24b:22,198@0xa037e:17
252	0xacefd	unobserved_static	0	-	-				0xacf11:u32_0,0xacf65:u32_0,0xacfc8:byte0,0xad0b4:u32_2,0xad292:u16_0	0xad025: state or= state0 | 0x764111b0 | 0xad043: state add= state0 | 0x764111b0 + 0x6d2270cb | 0xad120: state add= state0 | 0x764111b0 + 0x6d2270cb + u32_2 ^ flags0 | 0xad198: state add= state0 | 0x764111b0 + 0x6d2270cb + u32_2 ^ flags0 + flags0 | 0x62c3b0dd | 0x2b96d1d1 | ...1 omitted... | 0xad2f4: state xor= state0 | 0x764111b0 + 0x6d2270cb + u32_2 ^ flags0 + flags0 | 0x62c3b0dd | 0x2b96d1d1 & 0x2d46e2e3 ^ u16_0 + 0x7c5d4802	0xad157: flags or= flags0 | 0x62c3b0dd | 0xad1d8: flags xor= flags0 | 0x62c3b0dd ^ state0 | 0x764111b0 + 0x6d2270cb + u32_2 ^ flags0 + flags0 | 0x62c3b0dd | 0x2b96d1d1 & 0x2d46e2e3 + 0x76b870d6														
253	0xacfb1	static_validated	1984	+0x6	VVVVVV	VVV	b0=var26(top=0x86:22.2%);b1=var11(top=0xc2:20.1%);b2=var177(top=0x34:17.8%);b3=var157(top=0xa1:13.2%);b4=var160(top=0x04:13.3%);b5=var155(top=0x08:13.9%)	w0=var48(top=0xc146:13.6%);w1=var326(top=0xa134:13.1%);w2=var288(top=0x0804:13.0%)	0xacfc8:byte0,0xad0b4:u32_2,0xad292:u16_0	0xad025: state or= state0 | 0x764111b0 | 0xad043: state add= state0 | 0x764111b0 + 0x6d2270cb | 0xad120: state add= state0 | 0x764111b0 + 0x6d2270cb + u32_2 ^ flags0 | 0xad198: state add= state0 | 0x764111b0 + 0x6d2270cb + u32_2 ^ flags0 + flags0 | 0x62c3b0dd | 0x2b96d1d1 | ...1 omitted... | 0xad2f4: state xor= state0 | 0x764111b0 + 0x6d2270cb + u32_2 ^ flags0 + flags0 | 0x62c3b0dd | 0x2b96d1d1 & 0x2d46e2e3 ^ u16_0 + 0x7c5d4802	0xad157: flags or= flags0 | 0x62c3b0dd | 0xad1d8: flags xor= flags0 | 0x62c3b0dd ^ state0 | 0x764111b0 + 0x6d2270cb + u32_2 ^ flags0 + flags0 | 0x62c3b0dd | 0x2b96d1d1 & 0x2d46e2e3 + 0x76b870d6	128=(mask32(u16_0 + 0x7c5d4802)) & 0xffff	128=0x6					next = table[slot]; ip += 128=0x6	1 paths over 708 state events	256/256 unknown branches (100.0%): live_in_reg:256	0xacff9:je:live_in_reg:128,0xad075:je:live_in_reg:128	0/256 unknown branches (0.0%): 		state_static=100.0%, dispatch_static=100.0%, dispatch_model=static_100:100.0%, transfer_expr=100.0%/128	297@0xb64d7:269,199@0xa0631:208,337@0xbec0e:194,28@0x7e390:173,17@0x7bae9:151,340@0xbf435:125
254	0xad32c	static_validated	1988	+0x4	VVVV	VV	b0=var150(top=0x74:15.5%);b1=var153(top=0x9c:13.1%);b2=var24(top=0x42:14.4%);b3=var12(top=0x47:31.7%)	w0=var236(top=0x9c74:12.9%);w1=var44(top=0x4742:14.2%)	0xad3b3:u16_0,0xad5ce:byte0,0xad675:u16_2	0xad353: state add= state0 + flags0 | 0xad437: state sub= state0 + flags0 - u16_0 ^ state0 + flags0 | 0xad4bb: state or= state0 + flags0 - u16_0 ^ state0 + flags0 | flags0 | 0xad4d2: state or= state0 + flags0 - u16_0 ^ state0 + flags0 | flags0 | 0x617339d9 | ...5 omitted... | 0xad6fb: state or= state0 + flags0 - u16_0 ^ state0 + flags0 | flags0 | 0x617339d9 | 0x5635509 | 0x15874263 ^ 0x5bf4e999 & flags0 - 0x35a18ac8 | 0x5feb6979 & 0x3e80b852 | u16_2 - 0x228a41a2	0xad5a8: flags sub= flags0 - 0x35a18ac8 | 0xad5b8: flags or= flags0 - 0x35a18ac8 | 0x5feb6979	128=(mask32(u16_2 - 0x228a41a2)) & 0xffff	128=0x4					next = table[slot]; ip += 128=0x4	2 paths over 822 state events	0/256 unknown branches (0.0%): 		0/256 unknown branches (0.0%): 		state_static=100.0%, dispatch_static=100.0%, dispatch_model=static_100:100.0%, transfer_expr=100.0%/128	180@0x9cf32:282,66@0x855ff:270,183@0x9d495:207,28@0x7e390:197,91@0x8b6de:184,297@0xb64d7:160
255	0xad768	unobserved_static	0	-	-				0xad789:u16_2,0xad794:u16_6,0xad7bb:u16_0,0xad80e:u16_4																
256	0xad849	static_validated	3880	+0x2	VV	V	b0=var155(top=0x3d:6.6%);b1=var156(top=0x27:6.6%)	w0=var487(top=0x273d:6.6%)	0xad894:byte0,0xad9af:byte0,0xad9ef:byte0,0xad9fc:byte0,0xadb1a:u16_0	0xad909: state xor= state0 ^ 0x3e93f8db | 0xad952: state add= state0 ^ 0x3e93f8db + 0x1734aabd | 0xad995: state xor= state0 ^ 0x3e93f8db + 0x1734aabd ^ flags0 - state0 ^ 0x3e93f8db ^ 0x7a7f365a | 0xad9bc: state or= state0 ^ 0x3e93f8db + 0x1734aabd ^ flags0 - state0 ^ 0x3e93f8db ^ 0x7a7f365a | flags0 - state0 ^ 0x3e93f8db ^ 0x7a7f365a | ...1 omitted... | 0xadb93: state and= state0 ^ 0x3e93f8db + 0x1734aabd ^ flags0 - state0 ^ 0x3e93f8db ^ 0x7a7f365a | flags0 - state0 ^ 0x3e93f8db ^ 0x7a7f365a ^ 0x30de4dc1 & u16_0 + state0 ^ 0x3e93f8db + 0x1734aabd ^ flags0 - state0 ^ 0x3e93...#67984d2f72c1	0xad933: flags sub= flags0 - state0 ^ 0x3e93f8db | 0xad940: flags xor= flags0 - state0 ^ 0x3e93f8db ^ 0x7a7f365a | 0xada8e: flags xor= flags0 - state0 ^ 0x3e93f8db ^ 0x7a7f365a ^ state0 ^ 0x3e93f8db + 0x1734aabd ^ flags0 - state0 ^ 0x3e93f8db ^ 0x7a7f365a | flags0 - state0 ^ 0x3e93f8db ^ 0x7a7f365a ^ 0x30de4dc1 ^ 0x7155bc45 | 0xada9a: flags xor= flags0 - state0 ^ 0x3e93f8db ^ 0x7a7f365a ^ state0 ^ 0x3e93f8db + 0x1734aabd ^ flags0 - state0 ^ 0x3e93f8db ^ 0x7a7f365a | flags0 - state0 ^ 0x3e93f8db ^ 0x7a7f365a ^ 0x30de4dc1 ^ 0x7155bc45 ^ 0x5e610d46	128=(mask32((mask32(u16_0 + (mask32((mask32((mask32((mask32((mask32(state0 ^ 0x3e93f8db)) + 0x1734aabd)) ^ (mask32((mask32(flags0 - (mask32(state0 ^ 0x3e93f8db)))) ^ 0x7a7f365a)))) | (mask32((mask32(flags0 -...#c7dbf700ff0f	128=0x2					next = table[slot]; ip += 128=0x2	4 paths over 1516 state events	8/904 unknown branches (0.9%): unknown_frame_field:8	0xad8ca:je:unknown_frame_field:8	0/904 unknown branches (0.0%): 		state_static=100.0%, dispatch_static=100.0%, dispatch_model=static_100:100.0%, transfer_expr=100.0%/128	340@0xbf435:390,189@0x9e7af:295,199@0xa0631:233,168@0x9aa83:225,215@0xa4609:209,114@0x90319:207
257	0xadbfd	static_validated	4958	+0x2	VV	V	b0=var32(top=0xe7:10.9%);b1=var43(top=0xb5:9.7%)	w0=var382(top=0xb4c7:5.3%)	0xadcba:byte0,0xadd23:byte0,0xadd44:byte0,0xade34:u16_0,0xadecb:u16_0 - state0 - 0x509f61c9 + 0x1b9def5 - 0x7d4ca123 | 0x1d2af87	0xadc14: state sub= state0 - 0x509f61c9 | 0xadd26: state add= state0 - 0x509f61c9 + 0x1b9def5 | 0xadd5c: state sub= state0 - 0x509f61c9 + 0x1b9def5 - 0x7d4ca123 | 0xaddc8: state or= state0 - 0x509f61c9 + 0x1b9def5 - 0x7d4ca123 | 0x1d2af87 | 0xadec7: state xor= state0 - 0x509f61c9 + 0x1b9def5 - 0x7d4ca123 | 0x1d2af87 ^ u16_0 - state0 - 0x509f61c9 + 0x1b9def5 - 0x7d4ca123 | 0x1d2af87	0xadc5a: flags or= flags0 | 0x6cd0e9c0	128=(mask32(u16_0 - (mask32((mask32((mask32((mask32(state0 - 0x509f61c9)) + 0x1b9def5)) - 0x7d4ca123)) | 0x1d2af87)))) & 0xffff	128=0x2					next = table[slot]; ip += 128=0x2	7 paths over 2408 state events	150/918 unknown branches (16.3%): unknown_frame_field:150	0xadd6a:je:unknown_frame_field:128,0xadcf0:je:unknown_frame_field:22	0/918 unknown branches (0.0%): 		state_static=100.0%, dispatch_static=100.0%, dispatch_model=static_100:100.0%, transfer_expr=100.0%/128	172@0x9b68a:777,43@0x8173d:281,157@0x98a9a:273,185@0x9d964:247,203@0xa1484:215,168@0x9aa83:213
258	0xadf2c	static_validated	28058	+0x4	VVVV	VV	b0=var255(top=0xf3:2.2%);b1=var256(top=0xab:1.9%);b2=var246(top=0x51:2.5%);b3=var240(top=0xeb:4.3%)	w0=var2202(top=0xd5f3:0.9%);w1=var1895(top=0x4fd6:0.9%)	0xadf39:byte0,0xadf81:byte0,0xae01f:byte0,0xae064:u16_2,0xae06f:u16_2,0xae234:u16_0	0xadf8e: state xor= state0 ^ 0x11095fd5 | 0xae01c: state add= state0 ^ 0x11095fd5 + flags0 - 0x1510614f | 0xa1b079a ^ 0x1769756e | 0xae101: state xor= state0 ^ 0x11095fd5 + flags0 - 0x1510614f | 0xa1b079a ^ 0x1769756e ^ u16_2 - flags0 - 0x1510614f | 0xa1b079a ^ 0x1769756e | 0xae2d0: state and= state0 ^ 0x11095fd5 + flags0 - 0x1510614f | 0xa1b079a ^ 0x1769756e ^ u16_2 - flags0 - 0x1510614f | 0xa1b079a ^ 0x1769756e & u16_0 - state0 ^ 0x11095fd5 + flags0 - 0x1510614f | 0xa1b079a ^ 0x1769756e ^ u1...#2d91502c2543	0xadf61: flags sub= flags0 - 0x1510614f | 0xadf71: flags or= flags0 - 0x1510614f | 0xa1b079a | 0xadfb6: flags xor= flags0 - 0x1510614f | 0xa1b079a ^ 0x1769756e | 0xae110: flags sub= flags0 - 0x1510614f | 0xa1b079a ^ 0x1769756e - 0x63deb9c4	70=(mask32((mask32(u16_0 - (mask32((mask32((mask32(state0 ^ 0x11095fd5)) + (mask32(flags0 ^ 0x1769756e)))) ^ (mask32(u16_2 - (mask32(flags0 ^ 0x1769756e)))))))) ^ 0x5812e92c)) & 0xffff | 58=(mask32((mask32(u16_0 - (mask32((mask32((mask32(state0 ^ 0x11095fd5)) + (mask32((mask32((mask32(flags0 - 0x1510614f)) | 0xa1b079a)) ^ 0x1769756e)))) ^ (mask32(u16_2 - (mask32((mask32((mask32(flags0 - 0x1...#2e5ba1fe7d39	128=0x4					next = table[slot]; ip += 128=0x4	2 paths over 9693 state events	0/256 unknown branches (0.0%): 		0/256 unknown branches (0.0%): 		state_static=100.0%, dispatch_static=100.0%, dispatch_model=static_100:100.0%, transfer_expr=100.0%/128	307@0xb8064:1689,199@0xa0631:1547,297@0xb64d7:1508,215@0xa4609:1365,18@0x7be9b:1334,43@0x8173d:1325
259	0xae332	partial	1	+0xa	CCCCCCCCCC	CCCCC	b0=0xe0;b1=0x00;b2=0xff;b3=0xff;b4=0x13;b5=0x05;b6=0x00;b7=0x00;b8=0xec;b9=0xfa	w0=0x00e0;w1=0xffff;w2=0x0513;w3=0x0000;w4=0xfaec	0xae4e8:byte0,0xae526:u32_2,0xae7f9:u16_0	0xae4bf: state or= state0 | flags0 ^ 0x5b05419c + 0x792f3332 ^ 0x8bcb284 - 0x36b43160 ^ 0x674120fe - 0x57f37797 | 0x5190c117 + 0x5ad08ad1 | 0xae5b4: state and= state0 | flags0 ^ 0x5b05419c + 0x792f3332 ^ 0x8bcb284 - 0x36b43160 ^ 0x674120fe - 0x57f37797 | 0x5190c117 + 0x5ad08ad1 & u32_2 - state0 | flags0 ^ 0x5b05419c + 0x792f3332 ^ 0x8bcb284 - 0x36b43160 ^ 0x674...#fd7e7aa02712 | 0xae6db: state xor= state0 | flags0 ^ 0x5b05419c + 0x792f3332 ^ 0x8bcb284 - 0x36b43160 ^ 0x674120fe - 0x57f37797 | 0x5190c117 + 0x5ad08ad1 & u32_2 - state0 | flags0 ^ 0x5b05419c + 0x792f3332 ^ 0x8bcb284 - 0x36b43160 ^ 0x674...#f0d90e88b8e6 |...#2f30a3a53604	0xae370: flags xor= flags0 ^ 0x5b05419c | 0xae380: flags add= flags0 ^ 0x5b05419c + 0x792f3332 | 0xae3bf: flags xor= flags0 ^ 0x5b05419c + 0x792f3332 ^ 0x8bcb284 | 0xae3d0: flags sub= flags0 ^ 0x5b05419c + 0x792f3332 ^ 0x8bcb284 - 0x36b43160 | ...6 omitted... | 0xae714: flags xor= flags0 ^ 0x5b05419c + 0x792f3332 ^ 0x8bcb284 - 0x36b43160 ^ 0x674120fe - 0x57f37797 | 0x5190c117 + 0x5ad08ad1 ^ 0x76155fd ^ 0x2e1ba290 ^ 0x61a2d9b														28@0x7e390:1
260	0xae90b	static_validated	2645	+0x4	VVVV	VV	b0=var69(top=0x38:9.9%);b1=var13(top=0x0f:27.6%);b2=var108(top=0x38:9.7%);b3=var54(top=0x00:20.7%)	w0=var130(top=0x0e38:9.7%);w1=var187(top=0x1138:9.7%)	0xaeb17:u16_2,0xaeb74:u16_2 + state0 + 0x581f6275 ^ flags0 - 0x705f9ad2 + 0x760922e2 & 0x2efb7283 | 0x7ba7e961 + flags0 - 0x705f9ad2 + 0x760922e2 | flags0 - 0x705f9ad2 + 0x760922e2 & 0x5af0e1db | 0x17270855 | flags0 - 0x705f9ad2 + 0x760922e2 | flags0 - 0x705f9ad2 + 0x760922e2 - flags0 - 0x705f9ad2 + 0x760922e2 ^ 0x34525a09 ^ 0x17010cf2 | state0 + 0x581f6275 ^ flags0 - 0x705f9ad2 + 0x760922e2 & 0x2efb7283 | 0x7ba7e961 + flags0 - 0x705f9ad2 + 0x760922e2 | flags0 - 0x705f9ad2 + 0x760922e2 & 0x5af0e1db | 0x17270855 | flags0 - 0x705f9ad2 + 0x760922e2 | flags0 - 0x705f9ad2 + 0x760922e2 & 0x624bad50,0xaecbb:u16_0,0xaecfa:u16_0 - state0 + 0x581f6275 ^ flags0 - 0x705f9ad2 + 0x760922e2 & 0x2efb7283 | 0x7ba7e961 + flags0 - 0x705f9ad2 + 0x760922e2 | flags0 - 0x705f9ad2 + 0x760922e2 & 0x5af0e1db | 0x17270855 | flags0 - 0x705f9ad2 + 0x760922e2 | flags0 - 0x705f9ad2 + 0x760922e2 & u16_2 + state0 + 0x581f6275 ^ flags0 - 0x705f9ad2 + 0x760922e2 & 0x2efb7283 | 0x7ba7e961 + flags0 - 0x705f9ad2 + 0x760922e2 | flags0 - 0x705f9ad2 + 0x760922e2 & 0x5af0e1db | 0x17270855 | flags0 - 0x705f9ad2 + 0x760922e2 | flags0 - 0x705f9ad2 + 0x760922e2 - flags0 - 0x705f9ad2 + 0x760922e2 ^ 0x34525a09 ^ 0x17010cf2 | state0 + 0x581f6275 ^ flags0 - 0x705f9ad2 + 0x760922e2 & 0x2efb7283 | 0x7ba7e961 + flags0 - 0x705f9ad2 + 0x760922e2 | flags0 - 0x705f9ad2 + 0x760922e2 & 0x5af0e1db | 0x17270855 | flags0 - 0x705f9ad2 + 0x760922e2 | flags0 - 0x705f9ad2 + 0x760922e2 & 0x624bad50 ^ 0x470c080d	0xae956: state add= state0 + 0x581f6275 | 0xae97a: state xor= state0 + 0x581f6275 ^ flags0 - 0x705f9ad2 + 0x760922e2 & 0x2efb7283 | 0xae999: state or= state0 + 0x581f6275 ^ flags0 - 0x705f9ad2 + 0x760922e2 & 0x2efb7283 | 0x7ba7e961 | 0xae9b9: state add= state0 + 0x581f6275 ^ flags0 - 0x705f9ad2 + 0x760922e2 & 0x2efb7283 | 0x7ba7e961 + flags0 - 0x705f9ad2 + 0x760922e2 | ...5 omitted... | 0xaed29: state sub= state0 + 0x581f6275 ^ flags0 - 0x705f9ad2 + 0x760922e2 & 0x2efb7283 | 0x7ba7e961 + flags0 - 0x705f9ad2 + 0x760922e2 | flags0 - 0x705f9ad2 + 0x760922e2 & 0x5af0e1db | 0x17270855 | flags0 - 0x705f9ad2 + 0x...#087aa8e2d77b	0xae93e: flags sub= flags0 - 0x705f9ad2 | 0xae94f: flags add= flags0 - 0x705f9ad2 + 0x760922e2 | 0xaea58: flags xor= flags0 - 0x705f9ad2 + 0x760922e2 ^ 0x34525a09 | 0xaea69: flags xor= flags0 - 0x705f9ad2 + 0x760922e2 ^ 0x34525a09 ^ 0x17010cf2 | ...1 omitted... | 0xaebc4: flags sub= flags0 - 0x705f9ad2 + 0x760922e2 ^ 0x34525a09 ^ 0x17010cf2 | state0 + 0x581f6275 ^ flags0 - 0x705f9ad2 + 0x760922e2 & 0x2efb7283 | 0x7ba7e961 + flags0 - 0x705f9ad2 + 0x760922e2 | flags0 - 0x705f9ad2 + 0x...#da2d0c0aa150	65=(mask32((mask32(u16_0 - (mask32((mask32((mask32((mask32((mask32((mask32((mask32((mask32((mask32(state0 + 0x581f6275)) ^ (mask32((mask32((mask32(flags0 - 0x705f9ad2)) + 0x760922e2)) & 0x2efb7283)))) | 0x7...#48de51d8b991 | 63=(mask32((mask32(u16_0 - (mask32((mask32((mask32((mask32((mask32((mask32((mask32((mask32((mask32(state0 + 0x581f6275)) ^ (mask32(flags0 & 0x2efb7283)))) | 0x7ba7e961)) + flags0)) | (mask32(flags0 & 0x5af0...#20d69b33d9c4	128=0x4					next = table[slot]; ip += 128=0x4	2 paths over 1266 state events	128/384 unknown branches (33.3%): derived_live_in:128	0xaea75:je:derived_live_in:128	0/384 unknown branches (0.0%): 		state_static=100.0%, dispatch_static=100.0%, dispatch_model=static_100:100.0%, transfer_expr=100.0%/128	180@0x9cf32:356,189@0x9e7af:271,340@0xbf435:257,183@0x9d495:247,91@0x8b6de:204,64@0x85059:186
261	0xaeda2	static_validated	1074	+0x6	CCVECC	CVC	b0=0xe8;b1=0x01;b2=var13(top=0x67:30.3%);b3=enum8(0x6d:289,0x66:215,0x6c:193,0x68:145,0x63:115,0x69:97);b4=0x3d;b5=0x01	w0=0x01e8;w1=var15(top=0x6667:20.0%);w2=0x013d	0xaede7:u16_4,0xaee29:u16_0,0xaee8d:u16_2	0xaeeca: state add= state0 + u16_2 + 0x4c539d29		128=(mask32(u16_2 + 0x4c539d29)) & 0xffff	128=0x6					next = table[slot]; ip += 128=0x6	1 paths over 250 state events					state_static=100.0%, dispatch_static=100.0%, dispatch_model=static_100:100.0%, transfer_expr=100.0%/128	114@0x90319:215,297@0xb64d7:189,347@0xc088d:184,18@0x7be9b:110,337@0xbec0e:101,215@0xa4609:95
262	0xaef02	unobserved_static	0	-	-				0xaef49:u16_2,0xaef4d:u16_4,0xaefa9:u16_0,0xaf05a:u16_4,0xaf06c:u16_2,0xaf0e1:byte0,0xaf132:b10,0xaf176:u16_6,0xaf1ec:u16_8	0xaf19d: state add= state0 + flags0															
263	0xaf26d	unobserved_static	0	-	-				0xaf2b7:u16_4,0xaf301:u16_9,0xaf32e:u16_6,0xaf378:u16_4,0xaf383:u16_9,0xaf3d4:b8,0xaf401:u16_2,0xaf465:u16_0	0xaf4a4: state sub= state0 - u16_0 ^ 0x6d9939f2	0xaf289: flags and= flags0 & state0 ^ 0x4b7234ee | 0xaf2db: flags and= flags0 & state0 ^ 0x4b7234ee & 0x494c6a1a | 0xaf2ec: flags xor= flags0 & state0 ^ 0x4b7234ee & 0x494c6a1a ^ 0x2b390569														
264	0xaf4cf	affine_dispatch_fallback	291	+0xa	VVECCCVVEC	VECVE	b0=var15(top=0x65:31.3%);b1=var14(top=0x89:31.3%);b2=enum5(0x31:274,0x26:8,0x34:6,0x36:2,0x33:1);b3=0x00;b4=0x80;b5=0x00;b6=var12(top=0xb6:31.3%);b7=var9(top=0x34:62.5%);b8=enum4(0x07:189,0x02:93,0x01:8,0x48:1);b9=0x00	w0=var15(top=0x8965:31.3%);w1=enum5(0x0031:274,0x0026:8,0x0034:6,0x0036:2,0x0033:1);w2=0x0080;w3=var12(top=0x34b6:31.3%);w4=enum4(0x0007:189,0x0002:93,0x0001:8,0x0048:1)	0xaf4ea:u32_6,0xaf515:u16_4,0xaf541:u32_0,0xaf5b8:u16_24,0xaf5de:u16_26,0xaf604:u16_18,0xaf62a:u16_10,0xaf64f:u16_22,0xaf674:u16_14,0xaf69a:u16_20,0xaf6be:u16_12,0xaf6e3:u16_6,0xaf709:u16_0,0xaf72d:u16_2,0xaf74e:u16_30,0xaf771:u16_32,0xaf795:u16_4,0xaf7c9:u16_28,0xaf7ee:u16_16,0xaf86c:u16_8	0xaf88c: state and= state0 & u16_8 + state0 - 0x6fba3362		49=(mask32((mask32(u16_8 + state0)) - 0x6fba3362)) & 0xffff	49=0x22					next = table[slot]; ip += 49=0x22	1 paths over 49 state events					state_static=0.0%, dispatch_static=0.0%, dispatch_model=affine_robust_fallback:100.0%, transfer_expr=0.0%/49	169@0x9af18:191,310@0xb8556:100
265	0xaf57f	unobserved_static	0	-	-				0xaf5b8:u16_24,0xaf5de:u16_26,0xaf604:u16_18,0xaf62a:u16_10,0xaf64f:u16_22,0xaf674:u16_14,0xaf69a:u16_20,0xaf6be:u16_12,0xaf6e3:u16_6,0xaf709:u16_0,0xaf72d:u16_2,0xaf74e:u16_30,0xaf771:u16_32,0xaf795:u16_4,0xaf7c9:u16_28,0xaf7ee:u16_16,0xaf86c:u16_8	0xaf88c: state and= state0 & u16_8 + state0 - 0x6fba3362															
266	0xaf8af	sampled_only	200	-0x2e8	sampled				0xaf8f7:u16_0,0xaf993:u32_4,0xaf99e:u32_4					125=next = table[354], ip -= 0x2e8 | 52=next = table[171], ip -= 0x40	200=target_u32@+0,delta_u32@+4			125=next = table[354], ip -= 0x2e8 | 52=next = table[171], ip -= 0x40						long_branch=200/13, long_branch_len=200=0x8	354@0xc2241:135,171@0x9b4b3:57,165@0x9a24c:8
267	0xafa1f	static_validated	4	+0x5	CCCCC	CC	b0=0xb7;b1=0xce;b2=0xc9;b3=0x3d;b4=0x01	w0=0xceb7;w1=0x3dc9	0xafa48:byte0,0xafb43:byte0,0xafcf3:b2,0xafd7b:u16_3,0xafe94:byte0,0xaff0a:u16_0	0xafa72: state and= state0 & 0x22c7ea36 | 0xafc0b: state or= state0 & 0x22c7ea36 | flags0 | 0x10c4506b ^ 0x5cdc1fad + 0x50bb45db - 0x13e853fe | 0xafe87: state and= state0 & 0x22c7ea36 | flags0 | 0x10c4506b ^ 0x5cdc1fad + 0x50bb45db - 0x13e853fe & flags0 | 0x10c4506b ^ 0x5cdc1fad + 0x50bb45db - 0x13e853fe & 0x18f9e0e8 - 0x376fe1fd | 0x2bce070c | 0xaff7d: state add= state0 & 0x22c7ea36 | flags0 | 0x10c4506b ^ 0x5cdc1fad + 0x50bb45db - 0x13e853fe & flags0 | 0x10c4506b ^ 0x5cdc1fad + 0x50bb45db - 0x13e853fe & 0x18f9e0e8 - 0x376fe1fd | 0x2bce070c + u16_0 + state0 & 0x2...#1acd4e14d768	0xafa9a: flags or= flags0 | 0x10c4506b | 0xafadf: flags xor= flags0 | 0x10c4506b ^ 0x5cdc1fad | 0xafaef: flags add= flags0 | 0x10c4506b ^ 0x5cdc1fad + 0x50bb45db | 0xafb12: flags sub= flags0 | 0x10c4506b ^ 0x5cdc1fad + 0x50bb45db - 0x13e853fe | ...2 omitted... | 0xafe68: flags or= flags0 | 0x10c4506b ^ 0x5cdc1fad + 0x50bb45db - 0x13e853fe & 0x18f9e0e8 - 0x376fe1fd | 0x2bce070c	4=(mask32((mask32(u16_0 + (mask32((mask32((mask32(state0 & 0x22c7ea36)) | (mask32((mask32((mask32((mask32(flags0 | 0x10c4506b)) ^ 0x5cdc1fad)) + 0x50bb45db)) - 0x13e853fe)))) & (mask32((mask32((mask32((mas...#0259b23c4ee7	4=0x5					next = table[slot]; ip += 4=0x5	1 paths over 4 state events	0/28 unknown branches (0.0%): 		0/28 unknown branches (0.0%): 		state_static=100.0%, dispatch_static=100.0%, dispatch_model=static_100:100.0%, transfer_expr=100.0%/4	144@0x95887:4
268	0xb0007	static_validated	12038	+0x4	VVVV	VV	b0=var247(top=0x4a:3.3%);b1=var251(top=0x1c:6.8%);b2=var127(top=0x3e:4.0%);b3=var202(top=0x6c:7.2%)	w0=var1073(top=0x1c4a:3.2%);w1=var916(top=0x6b72:2.1%)	0xb005d:byte0,0xb00db:u16_0,0xb03c0:u16_2	0xb0087: state or= state0 | 0x71bd1bb1 | 0xb0155: state add= state0 | 0x71bd1bb1 + u16_0 - state0 | 0x71bd1bb1 - flags0 | 0xb02c5: state and= state0 | 0x71bd1bb1 + u16_0 - state0 | 0x71bd1bb1 - flags0 & flags0 + 0x33c0c75b & 0x174c40ef - 0x554d11ee & 0x30ef8696 | 0xb034b: state or= state0 | 0x71bd1bb1 + u16_0 - state0 | 0x71bd1bb1 - flags0 & flags0 + 0x33c0c75b & 0x174c40ef - 0x554d11ee & 0x30ef8696 | flags0 + 0x33c0c75b & 0x174c40ef - 0x554d11ee & 0x30ef8696 + 0x12696b26 | 0xb0422: state xor= state0 | 0x71bd1bb1 + u16_0 - state0 | 0x71bd1bb1 - flags0 & flags0 + 0x33c0c75b & 0x174c40ef - 0x554d11ee & 0x30ef8696 | fl...#f0a52f44cbc7	0xb017a: flags add= flags0 + 0x33c0c75b | 0xb0228: flags and= flags0 + 0x33c0c75b & 0x174c40ef | 0xb023a: flags sub= flags0 + 0x33c0c75b & 0x174c40ef - 0x554d11ee | 0xb0284: flags and= flags0 + 0x33c0c75b & 0x174c40ef - 0x554d11ee & 0x30ef8696 | 0xb0317: flags add= flags0 + 0x33c0c75b & 0x174c40ef - 0x554d11ee & 0x30ef8696 + 0x12696b26	87=(mask32((mask32(u16_2 - (mask32((mask32((mask32((mask32(state0 | 0x71bd1bb1)) + (mask32((mask32(u16_0 - (mask32(state0 | 0x71bd1bb1)))) - flags0)))) & (mask32((mask32((mask32(flags0 + 0x33c0c75b)) & 0x17...#c9358457d4d3 | 41=(mask32((mask32(u16_2 - (mask32((mask32((mask32((mask32(state0 | 0x71bd1bb1)) + (mask32((mask32(u16_0 - (mask32(state0 | 0x71bd1bb1)))) - flags0)))) & (mask32(flags0 + 0x33c0c75b)))) | (mask32(flags0 + 0...#0448ed8b5adb	128=0x4					next = table[slot]; ip += 128=0x4	2 paths over 3696 state events	256/768 unknown branches (33.3%): derived_live_in:256	0xb01e9:je:derived_live_in:128,0xb029a:je:derived_live_in:128	0/768 unknown branches (0.0%): 		state_static=100.0%, dispatch_static=100.0%, dispatch_model=static_100:100.0%, transfer_expr=100.0%/128	243@0xaab6a:816,28@0x7e390:796,64@0x85059:710,185@0x9d964:693,215@0xa4609:585,305@0xb78b0:479
269	0xb045b	static_validated	2612	+0x5	CCCVV	CV	b0=0x00;b1=0x3d;b2=0x01;b3=var122(top=0xf7:15.2%);b4=var137(top=0xbe:17.0%)	w0=0x3d00;w1=var122(top=0xf701:15.2%)	0xb0718:b0,0xb077c:u16_1,0xb086c:u16_3	0xb049a: state xor= state0 ^ flags0 & state0 | 0xb04b1: state and= state0 ^ flags0 & state0 & 0x6f7fff69 | 0xb04f6: state and= state0 ^ flags0 & state0 & 0x6f7fff69 & flags0 & state0 | 0xb05e1: state or= state0 ^ flags0 & state0 & 0x6f7fff69 & flags0 & state0 | flags0 & state0 ^ 0x4f60a287 | 0xb08d3: state add= state0 ^ flags0 & state0 & 0x6f7fff69 & flags0 & state0 | flags0 & state0 ^ 0x4f60a287 + u16_3 + state0 ^ flags0 & state0 & 0x6f7fff69 & flags0 & state0 | flags0 & state0 ^ 0x4f60a287 + 0x4faa382	0xb0472: flags and= flags0 & state0 | 0xb062d: flags add= flags0 & state0 + 0x46ecf942 | 0xb063e: flags add= flags0 & state0 + 0x46ecf942 + 0x6cc73334	128=(mask32((mask32(u16_3 + (mask32((mask32((mask32((mask32(state0 ^ (mask32(flags0 & state0)))) & 0x6f7fff69)) & (mask32(flags0 & state0)))) | (mask32((mask32(flags0 & state0)) ^ 0x4f60a287)))))) + 0x4faa382)) & 0xffff	128=0x5					next = table[slot]; ip += 128=0x5	2 paths over 900 state events	0/256 unknown branches (0.0%): 		0/256 unknown branches (0.0%): 		state_static=100.0%, dispatch_static=100.0%, dispatch_model=static_100:100.0%, transfer_expr=100.0%/128	108@0x8f24b:571,352@0xc1ec4:384,256@0xad849:368,160@0x994cf:364,173@0x9ba74:364,257@0xadbfd:274
270	0xb0930	unobserved_static	0	-	-				0xb094b:u32_0,0xb0976:u16_4,0xb0aa7:u32_0,0xb0c8e:byte0,0xb0d49:u16_8	0xb09d0: state sub= state0 - flags0 | 0xb0a30: state xor= state0 - flags0 ^ flags0 ^ 0x50b7f0a2 | 0xb0a3d: state and= state0 - flags0 ^ flags0 ^ 0x50b7f0a2 & 0x409cc142 | 0xb0a6b: state or= state0 - flags0 ^ flags0 ^ 0x50b7f0a2 & 0x409cc142 | 0x3d990ad0 | ...1 omitted... | 0xb0dbc: state and= state0 - flags0 ^ flags0 ^ 0x50b7f0a2 & 0x409cc142 | 0x3d990ad0 - flags0 - 0x20f67834 + 0x5bab660 & 0x52dfbf43 & u16_8 ^ state0 - flags0 ^ flags0 ^ 0x50b7f0a2 & 0x409cc142 | 0x3d990ad0 - flags0 - 0x20f67...#c0f001a332d1	0xb0b4b: flags sub= flags0 - 0x20f67834 | 0xb0c62: flags add= flags0 - 0x20f67834 + 0x5bab660 | 0xb0c72: flags and= flags0 - 0x20f67834 + 0x5bab660 & 0x52dfbf43														
271	0xb09ab	unobserved_static	0	-	-				0xb0aa7:u32_0,0xb0c8e:byte0,0xb0d49:u16_8	0xb09d0: state sub= state0 - flags0 | 0xb0a30: state xor= state0 - flags0 ^ flags0 ^ 0x50b7f0a2 | 0xb0a3d: state and= state0 - flags0 ^ flags0 ^ 0x50b7f0a2 & 0x409cc142 | 0xb0a6b: state or= state0 - flags0 ^ flags0 ^ 0x50b7f0a2 & 0x409cc142 | 0x3d990ad0 | ...1 omitted... | 0xb0dbc: state and= state0 - flags0 ^ flags0 ^ 0x50b7f0a2 & 0x409cc142 | 0x3d990ad0 - flags0 - 0x20f67834 + 0x5bab660 & 0x52dfbf43 & u16_8 ^ state0 - flags0 ^ flags0 ^ 0x50b7f0a2 & 0x409cc142 | 0x3d990ad0 - flags0 - 0x20f67...#c0f001a332d1	0xb0b4b: flags sub= flags0 - 0x20f67834 | 0xb0c62: flags add= flags0 - 0x20f67834 + 0x5bab660 | 0xb0c72: flags and= flags0 - 0x20f67834 + 0x5bab660 & 0x52dfbf43														
272	0xb0e30	unobserved_static	0	-	-				0xb0e95:u16_6,0xb0eac:u16_4,0xb0f09:u16_8,0xb0f8e:u16_6,0xb0fcb:u16_4,0xb106b:b10,0xb10a7:u16_2,0xb1156:u16_0	0xb1192: state sub= state0 - u16_0 - state0															
273	0xb11ca	static_validated	2115	+0x4	VVVV	VV	b0=var112(top=0xab:12.1%);b1=var45(top=0xca:16.6%);b2=var136(top=0xce:12.1%);b3=var142(top=0x32:13.3%)	w0=var195(top=0xcaab:12.1%);w1=var215(top=0x32ce:12.1%)	0xb12a8:u16_2,0xb1462:u16_0	0xb11fd: state sub= state0 - flags0 | 0xb1213: state add= state0 - flags0 + 0x4b959cd0 | 0xb1254: state add= state0 - flags0 + 0x4b959cd0 + flags0 | 0xb1264: state and= state0 - flags0 + 0x4b959cd0 + flags0 & 0x908616e | ...1 omitted... | 0xb14c7: state or= state0 - flags0 + 0x4b959cd0 + flags0 & 0x908616e + u16_2 - state0 - flags0 + 0x4b959cd0 + flags0 & 0x908616e ^ flags0 | u16_0 + state0 - flags0 + 0x4b959cd0 + flags0 & 0x908616e + u16_2 - state0 - flags...#e965907e8c32	0xb1363: flags add= flags0 + 0x1ad837ce	128=(mask32((mask32(u16_0 + (mask32((mask32((mask32((mask32((mask32(state0 - flags0)) + 0x4b959cd0)) + flags0)) & 0x908616e)) + (mask32((mask32(u16_2 - (mask32((mask32((mask32((mask32(state0 - flags0)) + 0x4...#d0a7d316ef2b	128=0x4					next = table[slot]; ip += 128=0x4	1 paths over 1072 state events					state_static=100.0%, dispatch_static=100.0%, dispatch_model=static_100:100.0%, transfer_expr=100.0%/128	183@0x9d495:269,199@0xa0631:258,180@0x9cf32:171,196@0x9fbcd:159,347@0xc088d:155,258@0xadf2c:123
274	0xb1548	unobserved_static	0	-	-				0xb15c1:u16_7,0xb15fc:u16_5,0xb1630:u16_3,0xb166c:u16_5,0xb1684:u16_7,0xb16dc:b2,0xb171f:u16_9,0xb1774:u16_0	0xb17c2: state add= state0 + u16_0 ^ state0	0xb1573: flags xor= flags0 ^ 0x22b4a064 | 0xb1584: flags add= flags0 ^ 0x22b4a064 + 0x4b0dd7d1 | 0xb15dc: flags and= flags0 ^ 0x22b4a064 + 0x4b0dd7d1 & 0x11984980 | 0xb15ec: flags or= flags0 ^ 0x22b4a064 + 0x4b0dd7d1 & 0x11984980 | 0x1ed64c1e														
275	0xb180e	unobserved_static	0	-	-				0xb186c:u16_5,0xb1889:u16_7,0xb18dc:u16_9,0xb1977:u16_7,0xb19a4:u16_5,0xb1a09:b0,0xb1a61:u16_3,0xb1a9d:u16_1	0xb1af3: state or= state0 | u16_1 ^ state0 - 0x26ed1596	0xb1a33: flags sub= flags0 - 0x5be9cbec														
276	0xb1b2d	partial	1	+0xa	CCCCCCCCCC	CCCCC	b0=0xd9;b1=0x69;b2=0xff;b3=0xff;b4=0xff;b5=0xff;b6=0xff;b7=0xff;b8=0xff;b9=0xff	w0=0x69d9;w1=0xffff;w2=0xffff;w3=0xffff;w4=0xffff	0xb1bcb:byte0,0xb1c6a:byte0,0xb1cba:u32_2,0xb1ef3:u32_2 | (r13) - 0x653cf834,0xb1f09:u16_0,0xb1fa1:u32_2 | (r13) - 0x653cf834 - u32_2 | (r13) - 0x653cf834 + 0x200 - (((((r15) | (Ptr(kind='frame', off=368))) ^ (Ptr(kind='frame', off=271))) ^ (Ptr(kind='frame', off=271))) & (Ptr(kind='frame', off=271))) | (Ptr(kind='ip', off=0)) | u32_2 | (r13) - 0x653cf834 + (((((((r15) | (Ptr(kind='frame', off=368))) ^ (Ptr(kind='frame', off=271))) ^ (Ptr(kind='frame', off=271))) & (Ptr(kind='frame', off=271))) + 0x200 - (((((r15) | (Ptr(kind='frame', off=368))) ^ (Ptr(kind='frame', off=271))) ^ (Ptr(kind='frame', off=271))) & (Ptr(kind='frame', off=271))) | (Ptr(kind='ip', off=0)) | u32_2 | (r13) - 0x653cf834) & 0x80) | ((((((r15) | (Ptr(kind='frame', off=368))) ^ (Ptr(kind='frame', off=271))) ^ (Ptr(kind='frame', off=271))) & (Ptr(kind='frame', off=271))) + 0x200 - (((((r15) | (Ptr(kind='frame', off=368))) ^ (Ptr(kind='frame', off=271))) ^ (Ptr(kind='frame', off=271))) & (Ptr(kind='frame', off=271))) | (Ptr(kind='ip', off=0)) | u32_2 | (r13) - 0x653cf834)	0xb1b37: state and= state0 & 0x7246aa41 | 0xb1b7b: state xor= state0 & 0x7246aa41 ^ flags0 | 0xb1b89: state or= state0 & 0x7246aa41 ^ flags0 | 0x47166ef1 | 0xb1ba6: state sub= state0 & 0x7246aa41 ^ flags0 | 0x47166ef1 - flags0 | ...3 omitted... | 0xb1f6d: state xor= state0 & 0x7246aa41 ^ flags0 | 0x47166ef1 - flags0 | flags0 - u32_2 - 0x332a16a ^ u16_0 + state0 & 0x7246aa41 ^ flags0 | 0x47166ef1 - flags0 | flags0 - u32_2 - 0x332a16a - 0x63f74381	0xb1c40: flags and= flags0 & 0x314a52ba | 0xb1d6a: flags xor= flags0 & 0x314a52ba ^ 0x25597f3b														157@0x98a9a:1
277	0xb1fd5	unobserved_static	0	-	-				0xb209c:u16_3,0xb2116:byte0,0xb222f:b2,0xb227d:u16_3,0xb22c9:u16_0	0xb21f5: state and= state0 & flags0 | 0xb230b: state sub= state0 & flags0 - u16_0 + state0 & flags0															
278	0xb2342	affine_dispatch_fallback	553	+0xa	VVECCCVVEC	VECVE	b0=var13(top=0x26:16.5%);b1=var13(top=0x77:16.5%);b2=enum4(0x31:547,0x36:4,0x33:1,0x34:1);b3=0x00;b4=0x80;b5=0x00;b6=var9(top=0x1c:32.9%);b7=var9(top=0x60:32.9%);b8=enum3(0x07:276,0x03:182,0x02:95);b9=0x00	w0=var13(top=0x7726:16.5%);w1=enum4(0x0031:547,0x0036:4,0x0033:1,0x0034:1);w2=0x0080;w3=var9(top=0x601c:32.9%);w4=enum3(0x0007:276,0x0003:182,0x0002:95)	0xb235d:u32_6,0xb2389:u16_4,0xb23b7:u32_0,0xb2474:byte0,0xb24e8:b4,0xb2536:u16_0,0xb25cd:u16_2	0xb2581: state or= state0 | flags0 | 0xb2618: state or= state0 | flags0 | u16_2 - state0 | flags0 + 0x68baea26		82=(mask32((mask32(u16_2 - (mask32(state0 | flags0)))) + 0x68baea26)) & 0xffff	82=0x5			1=sampled operand footprint 0xa, observed target table[323], delta +0x221770 | 1=sampled operand footprint 0xa, observed target table[86], delta +0x2426ba	2=u16_0@+0x0,u32_0@+0x0,u16_2@+0x2,b4@+0x4,u16_4@+0x4,u32_6@+0x6	next = table[slot]; ip += 82=0x5	1 paths over 82 state events	0/410 unknown branches (0.0%): 		0/410 unknown branches (0.0%): 		state_static=0.0%, dispatch_static=0.0%, dispatch_model=affine_partial_fallback:100.0%, transfer_expr=0.0%/82, sampled_operand=2/2, sampled_operand_len=2=0xa	169@0x9af18:368,310@0xb8556:185
279	0xb23f7	unobserved_static	0	-	-				0xb2474:byte0,0xb24e8:b4,0xb2536:u16_0,0xb25cd:u16_2	0xb2581: state or= state0 | flags0 | 0xb2618: state or= state0 | flags0 | u16_2 - state0 | flags0 + 0x68baea26															
280	0xb2661	static_validated	108	+0x5	EEVCC	EV	b0=enum5(0x37:66,0x2f:17,0x8f:10,0x5f:8,0x97:7);b1=enum4(0x48:71,0x45:19,0x43:10,0x46:8);b2=var11(top=0xc5:63.0%);b3=0x3d;b4=0x01	w0=enum6(0x4837:66,0x452f:12,0x438f:10,0x465f:8,0x4597:7,0x482f:5);w1=var11(top=0x3dc5:63.0%)	0xb2743:byte0,0xb283e:byte0,0xb2a63:b2,0xb2b0a:u16_3,0xb2ced:u16_0	0xb267f: state sub= state0 - flags0 + 0x70ead2e5 | 0xb26be: state or= state0 - flags0 + 0x70ead2e5 | flags0 | 0xb2709: state or= state0 - flags0 + 0x70ead2e5 | flags0 | flags0 & 0x43b06801 | 0xb2729: state sub= state0 - flags0 + 0x70ead2e5 | flags0 | flags0 & 0x43b06801 - flags0 | 0x4f5422be | ...4 omitted... | 0xb2d65: state add= state0 - flags0 + 0x70ead2e5 | flags0 | flags0 & 0x43b06801 - flags0 | 0x4f5422be | flags0 | 0x2fca37a8 - 0x3d94b3d1 + flags0 | 0x2fca37a8 | 0x214abc1f ^ 0x1e5dc934 & 0x7b3ce1ec + u16_0 - 0x267d402f	0xb2764: flags or= flags0 | 0x2fca37a8 | 0xb2c1a: flags and= flags0 | 0x2fca37a8 & 0x462d42b9 | 0xb2c2b: flags and= flags0 | 0x2fca37a8 & 0x462d42b9 & 0x404d484d	86=(mask32(u16_0 - 0x267d402f)) & 0xffff	86=0x5					next = table[slot]; ip += 86=0x5	3 paths over 86 state events	0/774 unknown branches (0.0%): 		0/774 unknown branches (0.0%): 		state_static=100.0%, dispatch_static=100.0%, dispatch_model=static_100:100.0%, transfer_expr=100.0%/86	257@0xadbfd:66,160@0x994cf:12,108@0x8f24b:10,198@0xa037e:8,173@0x9ba74:7,256@0xad849:5
281	0xb2db6	static_validated	555	+0x4	VVVV	VV	b0=var61(top=0x8d:46.1%);b1=var59(top=0x0d:46.3%);b2=var45(top=0x68:49.5%);b3=var49(top=0x7c:46.3%)	w0=var73(top=0x0d8d:46.1%);w1=var71(top=0x7c68:46.1%)	0xb2de8:byte0,0xb2e10:byte0,0xb2e82:u16_2,0xb3052:u16_0	0xb2dcd: state sub= state0 - 0x31642a8c | 0xb2e1d: state xor= state0 - 0x31642a8c ^ 0x5b9839d1 | 0xb2e44: state or= state0 - 0x31642a8c ^ 0x5b9839d1 | flags0 | 0xb2ee2: state and= state0 - 0x31642a8c ^ 0x5b9839d1 | flags0 & u16_2 + state0 - 0x31642a8c ^ 0x5b9839d1 | flags0 - flags0 | ...2 omitted... | 0xb30d2: state add= state0 - 0x31642a8c ^ 0x5b9839d1 | flags0 & u16_2 + state0 - 0x31642a8c ^ 0x5b9839d1 | flags0 - flags0 - flags0 - 0x1ec23851 ^ 0x6445395f + u16_0 ^ state0 - 0x31642a8c ^ 0x5b9839d1 | flags0 & u16_2 + sta...#94f176fe38c2	0xb2f10: flags sub= flags0 - 0x1ec23851	128=(mask32((mask32(u16_0 ^ (mask32((mask32((mask32((mask32((mask32((mask32(state0 - 0x31642a8c)) ^ 0x5b9839d1)) | flags0)) & (mask32((mask32(u16_2 + (mask32((mask32((mask32(state0 - 0x31642a8c)) ^ 0x5b9839d...#b222dc9c3df4	128=0x4					next = table[slot]; ip += 128=0x4	1 paths over 347 state events	0/128 unknown branches (0.0%): 		0/128 unknown branches (0.0%): 		state_static=100.0%, dispatch_static=100.0%, dispatch_model=static_100:100.0%, transfer_expr=100.0%/128	269@0xb045b:257,253@0xacfb1:153,322@0xbb3c9:11,292@0xb540f:9,3@0x78c77:8,30@0x7e849:7
282	0xb3128	static_validated	269	+0x5	VVVVE	VV	b0=var62(top=0x2d:24.2%);b1=var45(top=0x22:24.2%);b2=var79(top=0x05:23.8%);b3=var73(top=0x57:23.8%);b4=enum3(0x3a:103,0x62:87,0x50:79)	w0=var80(top=0x222d:23.8%);w1=var95(top=0x5705:23.8%)	0xb32fe:u16_0,0xb344e:b4,0xb3553:u16_2	0xb3285: state xor= state0 ^ flags0 - 0x54c8658a & 0x259f380d & 0x41d706e9 - 0x334721c0	0xb3188: flags sub= flags0 - 0x54c8658a | 0xb3199: flags and= flags0 - 0x54c8658a & 0x259f380d | 0xb3208: flags and= flags0 - 0x54c8658a & 0x259f380d & 0x41d706e9 | 0xb3234: flags sub= flags0 - 0x54c8658a & 0x259f380d & 0x41d706e9 - 0x334721c0 | 0xb33cc: flags xor= flags0 - 0x54c8658a & 0x259f380d & 0x41d706e9 - 0x334721c0 ^ 0x171f71e1	83=(mask32((mask32(u16_2 - (mask32(state0 ^ (mask32((mask32((mask32(flags0 - 0x54c8658a)) & 0x259f380d)) - 0x334721c0)))))) ^ 0x644d2bc4)) & 0xffff | 45=(mask32((mask32(u16_2 - (mask32(state0 ^ (mask32(flags0 - 0x334721c0)))))) ^ 0x644d2bc4)) & 0xffff	128=0x5					next = table[slot]; ip += 128=0x5	6 paths over 165 state events	128/1024 unknown branches (12.5%): live_in_reg:128	0xb3145:je:live_in_reg:128	0/1024 unknown branches (0.0%): 		state_static=100.0%, dispatch_static=100.0%, dispatch_model=static_100:100.0%, transfer_expr=100.0%/128	280@0xb2661:64,220@0xa522e:27,90@0x8b334:21,199@0xa0631:13,140@0x94e5a:12,66@0x855ff:12
283	0xb3612	static_validated	1438	+0x5	CCCVV	CV	b0=0x10;b1=0xe8;b2=0x01;b3=var22(top=0x1c:12.9%);b4=var10(top=0x62:23.3%)	w0=0xe810;w1=var22(top=0x1c01:12.9%)	0xb3657:b0,0xb36ae:u16_1,0xb370c:u16_3,0xb3716:b0 ^ 0x1,0xb375d:u16_3 - 0x8ad5ab4 & 0xffff			128=(mask32(u16_3 - 0x8ad5ab4)) & 0xffff	128=0x5					next = table[slot]; ip += 128=0x5	1 paths over 381 state events					state_static=100.0%, dispatch_static=100.0%, dispatch_model=static_100:100.0%, transfer_expr=100.0%/128	333@0xbd8af:186,215@0xa4609:185,168@0x9aa83:184,258@0xadf2c:168,185@0x9d964:98,307@0xb8064:97
284	0xb379b	affine_dispatch_fallback	1	+0xd	CCCCCCCCCCCCC	CCCCCC	b0=0x1e;b1=0x1e;b2=0x02;b3=0x00;b4=0x80;b5=0x00;b6=0x3d;b7=0x01;b8=0x9a;b9=0xe8;b10=0x01;b11=0xc4;...+1	w0=0x1e1e;w1=0x0002;w2=0x0080;w3=0x013d;w4=0xe89a;w5=0xc401	0xb3811:u16_6,0xb3851:b8,0xb3e59:u32_0,0xb3e81:u16_4,0xb3ecc:u16_9,0xb3f44:u16_11	0xb3fab: state sub= state0 - u16_11 - 0x14b96a4c		1=(mask32(u16_11 - 0x14b96a4c)) & 0xffff	1=0xd					next = table[slot]; ip += 1=0xd	1 paths over 1 state events	1/19 unknown branches (5.3%): unknown_frame_field:1	0xb38ea:jne:unknown_frame_field:1	0/19 unknown branches (0.0%): 		state_static=100.0%, dispatch_static=100.0%, dispatch_model=affine_single_fallback:100.0%, transfer_expr=100.0%/1	239@0xa991e:1
285	0xb3ff4	static_validated	1	+0x5	CCCCC	CC	b0=0x3d;b1=0x01;b2=0x67;b3=0x85;b4=0x4f	w0=0x013d;w1=0x8567	0xb408a:u16_0,0xb40b9:byte0,0xb4108:u16_0 + (Ptr(kind='frame', off=0)),0xb418d:b4,0xb41d8:u16_0,0xb4276:u16_2	0xb402c: state xor= state0 ^ flags0 | 0xb42b8: state add= state0 ^ flags0 + u16_2 - state0 ^ flags0		1=(mask32(u16_2 - (mask32(state0 ^ flags0)))) & 0xffff	1=0x5					next = table[slot]; ip += 1=0x5	1 paths over 1 state events	0/5 unknown branches (0.0%): 		0/5 unknown branches (0.0%): 		state_static=100.0%, dispatch_static=100.0%, dispatch_model=static_100:100.0%, transfer_expr=100.0%/1	160@0x994cf:1
286	0xb42e2	unobserved_static	0	-	-				0xb4362:byte0,0xb449c:b4,0xb44e3:u16_0,0xb454c:u16_2	0xb4306: state and= state0 & flags0 | 0xb459f: state xor= state0 & flags0 ^ u16_2 + state0 & flags0	0xb4412: flags or= flags0 | state0 & flags0 - 0x4efd0861														
287	0xb45d2	static_validated	9723	+0x4	VVCC	VC	b0=var120(top=0x86:4.7%);b1=var107(top=0xbe:5.0%);b2=0xe8;b3=0x01	w0=var779(top=0xb88a:2.6%);w1=0x01e8	0xb45fe:byte0,0xb4767:byte0,0xb479c:u16_2,0xb489d:u16_0	0xb45dc: state and= state0 & 0xa6ddb71 | 0xb46cc: state sub= state0 & 0xa6ddb71 - flags0 - 0x67686890 + 0x609b810a + 0x6975e1b1 | 0xb46d9: state sub= state0 & 0xa6ddb71 - flags0 - 0x67686890 + 0x609b810a + 0x6975e1b1 - 0x4988e425 | 0xb474c: state or= state0 & 0xa6ddb71 - flags0 - 0x67686890 + 0x609b810a + 0x6975e1b1 - 0x4988e425 | 0x3ab14dd1 | 0xb4924: state sub= state0 & 0xa6ddb71 - flags0 - 0x67686890 + 0x609b810a + 0x6975e1b1 - 0x4988e425 | 0x3ab14dd1 - u16_0 + state0 & 0xa6ddb71 - flags0 - 0x67686890 + 0x609b810a + 0x6975e1b1 - 0x4988e425 | 0x3ab14dd1 ^ 0xa841ebd	0xb465a: flags sub= flags0 - 0x67686890 | 0xb466a: flags add= flags0 - 0x67686890 + 0x609b810a | 0xb470a: flags sub= flags0 - 0x67686890 + 0x609b810a - 0x1b65c97b | 0xb471c: flags sub= flags0 - 0x67686890 + 0x609b810a - 0x1b65c97b - 0x26941ac4	76=(mask32((mask32(u16_0 + (mask32((mask32((mask32((mask32(state0 & 0xa6ddb71)) - (mask32(flags0 + 0x6975e1b1)))) - 0x4988e425)) | 0x3ab14dd1)))) ^ 0xa841ebd)) & 0xffff | 52=(mask32((mask32(u16_0 + (mask32((mask32((mask32((mask32(state0 & 0xa6ddb71)) - (mask32((mask32((mask32(flags0 - 0x67686890)) + 0x609b810a)) + 0x6975e1b1)))) - 0x4988e425)) | 0x3ab14dd1)))) ^ 0xa841ebd)) & 0xffff	128=0x4					next = table[slot]; ip += 128=0x4	2 paths over 2612 state events	256/1152 unknown branches (22.2%): unknown_frame_field:256	0xb47a7:jne:unknown_frame_field:128,0xb4810:je:unknown_frame_field:128	0/1152 unknown branches (0.0%): 		state_static=100.0%, dispatch_static=100.0%, dispatch_model=static_100:100.0%, transfer_expr=100.0%/128	28@0x7e390:769,297@0xb64d7:686,199@0xa0631:651,189@0x9e7af:621,196@0x9fbcd:582,258@0xadf2c:541
288	0xb4980	unobserved_static	0	-	-				0xb499b:u16_6,0xb49c1:u16_4,0xb49ed:u32_0,0xb4ab9:u16_6,0xb4ac7:u16_4,0xb4b16:u16_2,0xb4ba0:u16_0																
289	0xb4a2b	unobserved_static	0	-	-				0xb4ab9:u16_6,0xb4ac7:u16_4,0xb4b16:u16_2,0xb4ba0:u16_0																
290	0xb4c00	static_validated	27	+0x5	CCEEE	CE	b0=0x3d;b1=0x01;b2=enum3(0x5f:10,0x77:10,0x46:7);b3=enum3(0x3c:10,0x94:10,0x7c:7);b4=enum3(0xd5:10,0xbb:10,0x8f:7)	w0=0x013d;w1=enum3(0x3c5f:10,0x9477:10,0x7c46:7)	0xb4c9a:u16_0,0xb4cbc:byte0,0xb4d7d:b4,0xb4de5:u16_0,0xb4e4a:u16_2	0xb4c51: state or= state0 | flags0 & 0x3acb356d | 0xb4e92: state and= state0 | flags0 & 0x3acb356d & u16_2 + state0 | flags0 & 0x3acb356d ^ 0x29d9517b	0xb4c0a: flags and= flags0 & 0x3acb356d	17=(mask32((mask32(u16_2 + (mask32(state0 | (mask32(flags0 & 0x3acb356d)))))) ^ 0x29d9517b)) & 0xffff	17=0x5					next = table[slot]; ip += 17=0x5	1 paths over 17 state events	0/85 unknown branches (0.0%): 		0/85 unknown branches (0.0%): 		state_static=100.0%, dispatch_static=100.0%, dispatch_model=static_100:100.0%, transfer_expr=100.0%/17	257@0xadbfd:17,108@0x8f24b:10
291	0xb4edd	static_validated	479	+0x4	VVVV	VV	b0=var55(top=0x07:19.2%);b1=var70(top=0xc4:19.2%);b2=var58(top=0x3b:27.8%);b3=var67(top=0x8e:19.0%)	w0=var87(top=0xc407:19.2%);w1=var89(top=0x8e23:19.0%)	0xb4ee7:byte0,0xb4f66:byte0,0xb5064:byte0,0xb5074:u16_0,0xb5318:u16_2	0xb4f34: state xor= state0 ^ flags0 | 0xb5161: state xor= state0 ^ flags0 ^ u16_0 - flags0 ^ 0x5acd2fa ^ 0x12648cbe | 0xb5218: state sub= state0 ^ flags0 ^ u16_0 - flags0 ^ 0x5acd2fa ^ 0x12648cbe - flags0 ^ 0x5acd2fa ^ 0x12648cbe ^ 0x2e91bd1c + 0x610956a9 | 0xb5276: state and= state0 ^ flags0 ^ u16_0 - flags0 ^ 0x5acd2fa ^ 0x12648cbe - flags0 ^ 0x5acd2fa ^ 0x12648cbe ^ 0x2e91bd1c + 0x610956a9 & flags0 ^ 0x5acd2fa ^ 0x12648cbe ^ 0x2e91bd1c | 0x55d764bb ^ 0x17a0094a - 0x1f6881d8 | 0xb538f: state or= state0 ^ flags0 ^ u16_0 - flags0 ^ 0x5acd2fa ^ 0x12648cbe - flags0 ^ 0x5acd2fa ^ 0x12648cbe ^ 0x2e91bd1c + 0x610956a9 & ...#25457de7b903	0xb4f9e: flags xor= flags0 ^ 0x5acd2fa | 0xb4fc3: flags xor= flags0 ^ 0x5acd2fa ^ 0x12648cbe | 0xb5187: flags xor= flags0 ^ 0x5acd2fa ^ 0x12648cbe ^ 0x2e91bd1c | 0xb5244: flags or= flags0 ^ 0x5acd2fa ^ 0x12648cbe ^ 0x2e91bd1c | 0x55d764bb | 0xb5254: flags xor= flags0 ^ 0x5acd2fa ^ 0x12648cbe ^ 0x2e91bd1c | 0x55d764bb ^ 0x17a0094a	84=(mask32((mask32(u16_2 + (mask32((mask32((mask32((mask32(state0 ^ flags0)) ^ (mask32(u16_0 - (mask32(flags0 ^ 0x12648cbe)))))) - (mask32((mask32((mask32(flags0 ^ 0x12648cbe)) ^ 0x2e91bd1c)) + 0x610956a9))...#2506bf4c3168 | 44=(mask32((mask32(u16_2 + (mask32((mask32((mask32((mask32(state0 ^ flags0)) ^ (mask32(u16_0 - (mask32((mask32(flags0 ^ 0x5acd2fa)) ^ 0x12648cbe)))))) - (mask32((mask32((mask32((mask32(flags0 ^ 0x5acd2fa)) ...#9226f937720a	128=0x4					next = table[slot]; ip += 128=0x4	2 paths over 311 state events	128/512 unknown branches (25.0%): live_in_reg:128	0xb4f4a:je:live_in_reg:128	0/512 unknown branches (0.0%): 		state_static=100.0%, dispatch_static=100.0%, dispatch_model=static_100:100.0%, transfer_expr=100.0%/128	79@0x885b0:95,292@0xb540f:77,330@0xbc9b8:69,18@0x7be9b:68,48@0x82477:25,66@0x855ff:16
292	0xb540f	static_validated	651	+0x5	EVVVV	VV	b0=enum4(0x62:422,0x50:105,0x3a:98,0x32:26);b1=var53(top=0xdc:39.3%);b2=var55(top=0x7b:39.3%);b3=var69(top=0xd0:39.5%);b4=var63(top=0xaa:39.5%)	w0=var64(top=0xdc62:39.3%);w1=var84(top=0xd07b:39.3%)	0xb54c7:byte0,0xb5540:u16_1,0xb5681:b0,0xb5818:u16_3	0xb543d: state or= state0 | flags0 | 0xb55d2: state add= state0 | flags0 + u16_1 - state0 | flags0 | 0xb58c8: state and= state0 | flags0 + u16_1 - state0 | flags0 & u16_3 ^ state0 | flags0 + u16_1 - state0 | flags0 + 0x628c34bc	0xb55f6: flags sub= flags0 - 0x592d1456 | 0xb57e2: flags xor= flags0 - 0x592d1456 ^ 0x6ef9e3c1	128=(mask32((mask32(u16_3 ^ (mask32((mask32(state0 | flags0)) + (mask32(u16_1 - (mask32(state0 | flags0)))))))) + 0x628c34bc)) & 0xffff	128=0x5					next = table[slot]; ip += 128=0x5	7 paths over 476 state events	128/768 unknown branches (16.7%): unknown_frame_field:128	0xb5771:je:unknown_frame_field:128	0/768 unknown branches (0.0%): 		state_static=100.0%, dispatch_static=100.0%, dispatch_model=static_100:100.0%, transfer_expr=100.0%/128	185@0x9d964:259,350@0xc1926:64,307@0xb8064:64,317@0xba1e2:34,90@0x8b334:34,199@0xa0631:28
293	0xb593f	unobserved_static	0	-	-				0xb59b0:u32_0,0xb5ba3:byte0,0xb5bc1:byte0,0xb5c90:u16_8	0xb5a25: state add= state0 + u32_0 ^ flags0 | 0x18ec5db5 | 0xb5b42: state and= state0 + u32_0 ^ flags0 | 0x18ec5db5 & 0x2a26c115 | 0xb5bfc: state xor= state0 + u32_0 ^ flags0 | 0x18ec5db5 & 0x2a26c115 ^ flags0 | 0x18ec5db5 ^ 0x77a19d87 - 0x79e5d6a1 & 0x2b2bf075 | 0x1ed6f586 | 0xb5c09: state and= state0 + u32_0 ^ flags0 | 0x18ec5db5 & 0x2a26c115 ^ flags0 | 0x18ec5db5 ^ 0x77a19d87 - 0x79e5d6a1 & 0x2b2bf075 | 0x1ed6f586 & 0x32259d7e	0xb5956: flags or= flags0 | 0x18ec5db5 | 0xb5a58: flags xor= flags0 | 0x18ec5db5 ^ 0x77a19d87 | 0xb5b70: flags sub= flags0 | 0x18ec5db5 ^ 0x77a19d87 - 0x79e5d6a1 | 0xb5b80: flags and= flags0 | 0x18ec5db5 ^ 0x77a19d87 - 0x79e5d6a1 & 0x2b2bf075 | 0xb5c19: flags add= flags0 | 0x18ec5db5 ^ 0x77a19d87 - 0x79e5d6a1 & 0x2b2bf075 + 0x5c2c0237														
294	0xb5d7c	unobserved_static	0	-	-				0xb5dbd:u16_0,0xb5dea:b4,0xb6051:u16_2	0xb60a4: state and= state0 & u16_2 ^ state0															
295	0xb60e0	static_validated	980	+0x5	CCVVC	CV	b0=0xe8;b1=0x01;b2=var22(top=0x02:41.3%);b3=var11(top=0xd4:23.8%);b4=0x10	w0=0x01e8;w1=var36(top=0xd402:22.2%)	0xb6101:b4,0xb6152:u16_0,0xb61d6:u16_2	0xb620f: state or= state0 | u16_2 - 0x396ecbf2		128=(mask32(u16_2 - 0x396ecbf2)) & 0xffff	128=0x5					next = table[slot]; ip += 128=0x5	1 paths over 190 state events					state_static=100.0%, dispatch_static=100.0%, dispatch_model=static_100:100.0%, transfer_expr=100.0%/128	258@0xadf2c:218,28@0x7e390:184,66@0x855ff:183,64@0x85059:100,43@0x8173d:97,157@0x98a9a:92
296	0xb625d	unobserved_static	0	-	-				0xb62f5:byte0,0xb63bb:b0,0xb63f6:u16_1,0xb6452:u16_3	0xb649b: state sub= state0 - u16_3 - 0x1240ca15															
297	0xb64d7	static_validated	20640	+0x3	VVV	V	b0=var222(top=0x89:5.5%);b1=var249(top=0x2e:3.1%);b2=var256(top=0xad:1.8%)	w0=var1599(top=0x2e89:2.1%)	0xb65bd:byte0,0xb66cb:b0,0xb6832:u16_1	0xb64ee: state sub= state0 - 0x48220942 | 0xb662c: state or= state0 - 0x48220942 | flags0 + 0x283684b4 ^ 0x4a5a939a | 0x6650e9bb | 0xb6638: state xor= state0 - 0x48220942 | flags0 + 0x283684b4 ^ 0x4a5a939a | 0x6650e9bb ^ 0x6b7f38b7 | 0xb675f: state add= state0 - 0x48220942 | flags0 + 0x283684b4 ^ 0x4a5a939a | 0x6650e9bb ^ 0x6b7f38b7 + b0 + state0 - 0x48220942 | flags0 + 0x283684b4 ^ 0x4a5a939a | 0x6650e9bb ^ 0x6b7f38b7 + flags0 + 0x283684b4 ^ 0x4a5a939a | 0x6650e9bb | 0xb68a4: state sub= state0 - 0x48220942 | flags0 + 0x283684b4 ^ 0x4a5a939a | 0x6650e9bb ^ 0x6b7f38b7 + b0 + state0 - 0x48220942 | flags0 + 0x283684b4 ...#5cbcb91e7d87	0xb655f: flags add= flags0 + 0x283684b4 | 0xb656f: flags xor= flags0 + 0x283684b4 ^ 0x4a5a939a | 0xb660f: flags or= flags0 + 0x283684b4 ^ 0x4a5a939a | 0x6650e9bb | 0xb6781: flags add= flags0 + 0x283684b4 ^ 0x4a5a939a | 0x6650e9bb + 0xe00fc8a	90=(mask32((mask32(u16_1 - (mask32((mask32((mask32((mask32(state0 - 0x48220942)) | flags0)) ^ 0x6b7f38b7)) + (mask32((mask32(b0 + (mask32((mask32((mask32(state0 - 0x48220942)) | flags0)) ^ 0x6b7f38b7)))) + ...#1cd190d01d02 | 38=(mask32((mask32(u16_1 - (mask32((mask32((mask32((mask32(state0 - 0x48220942)) | (mask32((mask32(flags0 + 0x283684b4)) ^ 0x4a5a939a)))) ^ 0x6b7f38b7)) + (mask32((mask32(b0 + (mask32((mask32((mask32(state0...#7c8518f30604	128=0x3					next = table[slot]; ip += 128=0x3	2 paths over 6483 state events	256/640 unknown branches (40.0%): live_in_reg:256	0xb64f9:je:live_in_reg:128,0xb651f:je:live_in_reg:128	0/640 unknown branches (0.0%): 		state_static=100.0%, dispatch_static=100.0%, dispatch_model=static_100:100.0%, transfer_expr=100.0%/128	347@0xc088d:1305,258@0xadf2c:1285,340@0xbf435:1194,114@0x90319:909,123@0x91a59:902,43@0x8173d:896
298	0xb6902	unobserved_static	0	-	-				0xb6970:u16_5,0xb697a:u16_3,0xb69e9:u16_0,0xb6a8a:u16_5,0xb6aa1:u16_3,0xb6abc:u16_5 + (Ptr(kind='frame', off=0)),0xb6b2a:u16_7																
299	0xb6bba	sampled_operand_lifted	2	-0x7fe6	sampled				0xb6bd5:u32_0,0xb6c00:u16_4,0xb6cba:byte0,0xb6da9:u16_0,0xb6fed:u16_2	0xb6c4c: state and= state0 & 0x2b7e7713 | 0xb6d5b: state and= state0 & 0x2b7e7713 & 0x515f6307 | 0xb6e44: state sub= state0 & 0x2b7e7713 & 0x515f6307 - u16_0 + state0 & 0x2b7e7713 & 0x515f6307 + flags0 & 0x742354d + 0x2ff05a2b | 0xb6f52: state or= state0 & 0x2b7e7713 & 0x515f6307 - u16_0 + state0 & 0x2b7e7713 & 0x515f6307 + flags0 & 0x742354d + 0x2ff05a2b | flags0 & 0x742354d + 0x2ff05a2b & 0x1011ba33 | 0xb7043: state xor= state0 & 0x2b7e7713 & 0x515f6307 - u16_0 + state0 & 0x2b7e7713 & 0x515f6307 + flags0 & 0x742354d + 0x2ff05a2b | flags0 & 0x742354d + 0x2ff05a2b & 0x1011ba33 ^ u16_2 - state0 & 0x2b7e7713 & 0x515f6...#3b749cb36fc2	0xb6d10: flags and= flags0 & 0x742354d | 0xb6d20: flags add= flags0 & 0x742354d + 0x2ff05a2b | 0xb6e6a: flags and= flags0 & 0x742354d + 0x2ff05a2b & 0x1011ba33					1=sampled operand footprint 0x6, observed target table[169], delta -0x7fe6 | 1=sampled operand footprint 0x6, observed target table[310], delta -0xcf8b	2=u16_0@+0x0,u32_0@+0x0,u16_2@+0x2,u16_4@+0x4	1=sampled operand footprint 0x6, observed target table[169], delta -0x7fe6 | 1=sampled operand footprint 0x6, observed target table[310], delta -0xcf8b						sampled_operand=2/2, sampled_operand_len=2=0x6	169@0x9af18:1,310@0xb8556:1
300	0xb6c36	static_validated	3190	+0x4	VVVV	VV	b0=var134(top=0x12:10.9%);b1=var135(top=0x85:10.1%);b2=var96(top=0x60:10.2%);b3=var122(top=0x42:10.0%)	w0=var233(top=0x852c:8.0%);w1=var221(top=0x4260:8.0%)	0xb6cba:byte0,0xb6da9:u16_0,0xb6fed:u16_2	0xb6c4c: state and= state0 & 0x2b7e7713 | 0xb6d5b: state and= state0 & 0x2b7e7713 & 0x515f6307 | 0xb6e44: state sub= state0 & 0x2b7e7713 & 0x515f6307 - u16_0 + state0 & 0x2b7e7713 & 0x515f6307 + flags0 & 0x742354d + 0x2ff05a2b | 0xb6f52: state or= state0 & 0x2b7e7713 & 0x515f6307 - u16_0 + state0 & 0x2b7e7713 & 0x515f6307 + flags0 & 0x742354d + 0x2ff05a2b | flags0 & 0x742354d + 0x2ff05a2b & 0x1011ba33 | 0xb7043: state xor= state0 & 0x2b7e7713 & 0x515f6307 - u16_0 + state0 & 0x2b7e7713 & 0x515f6307 + flags0 & 0x742354d + 0x2ff05a2b | flags0 & 0x742354d + 0x2ff05a2b & 0x1011ba33 ^ u16_2 - state0 & 0x2b7e7713 & 0x515f6...#3b749cb36fc2	0xb6d10: flags and= flags0 & 0x742354d | 0xb6d20: flags add= flags0 & 0x742354d + 0x2ff05a2b | 0xb6e6a: flags and= flags0 & 0x742354d + 0x2ff05a2b & 0x1011ba33	120=(mask32(u16_2 - (mask32((mask32((mask32((mask32(state0 & 0x2b7e7713)) & 0x515f6307)) - (mask32((mask32(u16_0 + (mask32((mask32(state0 & 0x2b7e7713)) & 0x515f6307)))) + flags0)))) | (mask32(flags0 & 0x101...#c6f36fb6c762 | 8=(mask32(u16_2 - (mask32((mask32((mask32((mask32(state0 & 0x2b7e7713)) & 0x515f6307)) - (mask32((mask32(u16_0 + (mask32((mask32(state0 & 0x2b7e7713)) & 0x515f6307)))) + (mask32((mask32(flags0 & 0x742354d)...#048ef6ca5a85	128=0x4					next = table[slot]; ip += 128=0x4	2 paths over 2210 state events	128/512 unknown branches (25.0%): live_in_reg:128	0xb6c57:je:live_in_reg:128	0/512 unknown branches (0.0%): 		state_static=100.0%, dispatch_static=100.0%, dispatch_model=static_100:100.0%, transfer_expr=100.0%/128	258@0xadf2c:517,220@0xa522e:355,183@0x9d495:268,337@0xbec0e:262,333@0xbd8af:262,185@0x9d964:260
301	0xb708d	static_validated	4380	+0x5	CCCVV	CV	b0=0x00;b1=0x3d;b2=0x01;b3=var115(top=0xdf:19.9%);b4=var115(top=0x18:6.4%)	w0=0x3d00;w1=var115(top=0xdf01:19.9%)	0xb73ae:b0,0xb7429:u16_1,0xb74c3:u16_3	0xb70cb: state and= state0 & flags0 | 0xb7523: state xor= state0 & flags0 ^ u16_3 - state0 & flags0 - 0x2c0febdf	0xb70f5: flags add= flags0 + 0x34c21ec8 | 0xb727f: flags add= flags0 + 0x34c21ec8 + 0x4bcb296b | 0xb7290: flags sub= flags0 + 0x34c21ec8 + 0x4bcb296b - 0x72148c24 | 0xb72c7: flags or= flags0 + 0x34c21ec8 + 0x4bcb296b - 0x72148c24 | 0x1a9cd01d	128=(mask32((mask32(u16_3 - (mask32(state0 & flags0)))) - 0x2c0febdf)) & 0xffff	128=0x5					next = table[slot]; ip += 128=0x5	2 paths over 2037 state events	512/768 unknown branches (66.7%): unknown_frame_field:256,derived_live_in:128,live_in_reg:128	0xb7140:je:derived_live_in:128,0xb71c5:je:unknown_frame_field:128,0xb720a:je:live_in_reg:128,0xb72a8:je:unknown_frame_field:128	0/768 unknown branches (0.0%): 		state_static=100.0%, dispatch_static=100.0%, dispatch_model=static_100:100.0%, transfer_expr=100.0%/128	160@0x994cf:954,198@0xa037e:729,173@0x9ba74:669,352@0xc1ec4:627,256@0xad849:458,144@0x95887:350
302	0xb7586	sampled_only	109	-0x40	sampled				0xb75cb:u16_0,0xb7642:u32_4,0xb7644:u32_4					39=next = table[171], ip -= 0x40 | 25=next = table[171], ip += 0x22	109=target_u32@+0,delta_u32@+4			39=next = table[171], ip -= 0x40 | 25=next = table[171], ip += 0x22						long_branch=109/9, long_branch_len=109=0x8	171@0x9b4b3:70,165@0x9a24c:35,354@0xc2241:4
303	0xb769c	unobserved_static	0	-	-				0xb76b7:u16_2,0xb76e0:u16_0,0xb7749:u16_4,0xb7763:u16_2,0xb7789:u16_6,0xb781e:u16_0		0xb77d6: flags add= flags0 + state0														
304	0xb7717	unobserved_static	0	-	-				0xb7749:u16_4,0xb7763:u16_2,0xb7789:u16_6,0xb781e:u16_0		0xb77d6: flags add= flags0 + state0														
305	0xb78b0	static_validated	10874	+0x4	VVCC	VC	b0=var237(top=0x40:4.1%);b1=var225(top=0x09:3.5%);b2=0xe8;b3=0x01	w0=var731(top=0x0cb5:2.4%);w1=0x01e8	0xb7904:byte0,0xb796e:u16_2,0xb7a28:byte0,0xb7ad9:u16_0	0xb7b55: state and= state0 & u16_0 + state0	0xb78d4: flags and= flags0 & state0 | 0xb7934: flags and= flags0 & state0 & 0x14763e0c | 0xb7945: flags add= flags0 & state0 & 0x14763e0c + 0x47fe8c0b	128=(mask32(u16_0 + state0)) & 0xffff	128=0x4					next = table[slot]; ip += 128=0x4	2 paths over 2662 state events	256/1024 unknown branches (25.0%): live_in_reg:128,unknown_frame_field:128	0xb78db:je:live_in_reg:128,0xb7978:jne:unknown_frame_field:128	0/1024 unknown branches (0.0%): 		state_static=100.0%, dispatch_static=100.0%, dispatch_model=static_100:100.0%, transfer_expr=100.0%/128	307@0xb8064:1290,189@0x9e7af:771,297@0xb64d7:684,28@0x7e390:581,338@0xbf128:576,199@0xa0631:546
306	0xb7bba	unobserved_static	0	-	-				0xb7de3:u32_0,0xb7f88:u16_4	0xb7bde: state add= state0 + flags0 | 0xb7c94: state and= state0 + flags0 & flags0 & 0x65f916c5 + 0x39659fc4 ^ 0x20457da | 0xb7cef: state and= state0 + flags0 & flags0 & 0x65f916c5 + 0x39659fc4 ^ 0x20457da & 0x3f8e5ee9 | 0xb7d6d: state and= state0 + flags0 & flags0 & 0x65f916c5 + 0x39659fc4 ^ 0x20457da & 0x3f8e5ee9 & flags0 & 0x65f916c5 + 0x39659fc4 ^ 0x6a71ecf1 & 0x3fa191c | 0xb8005: state sub= state0 + flags0 & flags0 & 0x65f916c5 + 0x39659fc4 ^ 0x20457da & 0x3f8e5ee9 & flags0 & 0x65f916c5 + 0x39659fc4 ^ 0x6a71ecf1 & 0x3fa191c - u16_4 ^ state0 + flags0 & flags0 & 0x65f916c5 + 0x39659fc4 ^ 0x20...#9f650ff65cd8	0xb7c11: flags and= flags0 & 0x65f916c5 | 0xb7c40: flags add= flags0 & 0x65f916c5 + 0x39659fc4 | 0xb7ca1: flags xor= flags0 & 0x65f916c5 + 0x39659fc4 ^ 0x6a71ecf1 | 0xb7d0c: flags and= flags0 & 0x65f916c5 + 0x39659fc4 ^ 0x6a71ecf1 & 0x3fa191c | 0xb7eb6: flags or= flags0 & 0x65f916c5 + 0x39659fc4 ^ 0x6a71ecf1 & 0x3fa191c | 0x268bafd3														
307	0xb8064	static_validated	24095	+0x3	VVV	V	b0=var252(top=0x3a:9.2%);b1=var29(top=0x9d:8.1%);b2=var12(top=0xaf:24.2%)	w0=var1340(top=0x3d3a:1.5%)	0xb808b:byte0,0xb80c8:b0,0xb8134:byte0,0xb8287:u16_1	0xb80ed: state xor= state0 ^ b0 - flags0 | 0xb8162: state and= state0 ^ b0 - flags0 & flags0 & 0x5792b958 | 0xb81e7: state xor= state0 ^ b0 - flags0 & flags0 & 0x5792b958 ^ flags0 & 0x5792b958	0xb80fa: flags and= flags0 & 0x5792b958	128=(mask32(u16_1 - 0x665a9b5)) & 0xffff	128=0x3					next = table[slot]; ip += 128=0x3	1 paths over 7050 state events	128/256 unknown branches (50.0%): live_in_reg:128	0xb80ac:je:live_in_reg:128	0/256 unknown branches (0.0%): 		state_static=100.0%, dispatch_static=100.0%, dispatch_model=static_100:100.0%, transfer_expr=100.0%/128	114@0x90319:1754,176@0x9c10b:1332,189@0x9e7af:1166,337@0xbec0e:1159,258@0xadf2c:1055,340@0xbf435:1046
308	0xb837c	partial	1	+0x20	CCCCCCCCCCCCCCCCCCCCCCCCCCCCCCCC	CCCCCCCCCCCCCCCC	b0=0xab;b1=0x00;b2=0x00;b3=0x00;b4=0x20;b5=0x00;b6=0x00;b7=0x00;b8=0xa8;b9=0x00;b10=0xb3;b11=0x00;...+20	w0=0x00ab;w1=0x0000;w2=0x0020;w3=0x0000;w4=0x00a8;w5=0x00b3;w6=0xd96e;w7=0x0b4c;w8=0x00b3;w9=0x0820;w10=0x1684;w11=0x8e01;w12=0x0000;w13=0x013d;w14=0xe550;w15=0xcf14	0xb83bb:u16_0,0xb8433:u32_4,0xb843d:u32_4					91=next = table[171], ip -= 0x51a4 | 64=next = table[171], ip -= 0x9de	246=target_u32@+0,delta_u32@+4			91=next = table[171], ip -= 0x51a4 | 64=next = table[171], ip -= 0x9de						long_branch=246/17, long_branch_len=246=0x8	171@0x9b4b3:1
309	0xb84a7	unobserved_static	0	-	-				0xb84bb:u32_0,0xb850d:u32_0,0xb8577:byte0,0xb85e5:u16_0,0xb863f:byte0,0xb868c:u16_2		0xb85a5: flags xor= flags0 ^ 0x595c3465 | 0xb85b6: flags add= flags0 ^ 0x595c3465 + 0x102a61fe | 0xb8627: flags xor= flags0 ^ 0x595c3465 + 0x102a61fe ^ 0x6856726 | 0xb8638: flags xor= flags0 ^ 0x595c3465 + 0x102a61fe ^ 0x6856726 ^ 0x622d58d3														
310	0xb8556	static_validated	1614	+0x4	CCEE	CE	b0=0xe8;b1=0x01;b2=enum3(0xa5:666,0x62:566,0xab:382);b3=enum2(0x00:1048,0x01:566)	w0=0x01e8;w1=enum3(0x00a5:666,0x0162:566,0x00ab:382)	0xb8577:byte0,0xb85e5:u16_0,0xb863f:byte0,0xb868c:u16_2		0xb85a5: flags xor= flags0 ^ 0x595c3465 | 0xb85b6: flags add= flags0 ^ 0x595c3465 + 0x102a61fe | 0xb8627: flags xor= flags0 ^ 0x595c3465 + 0x102a61fe ^ 0x6856726 | 0xb8638: flags xor= flags0 ^ 0x595c3465 + 0x102a61fe ^ 0x6856726 ^ 0x622d58d3	128=u16_2 << 0x3	128=0x4					next = table[slot]; ip += 128=0x4	2 paths over 266 state events	0/256 unknown branches (0.0%): 		0/256 unknown branches (0.0%): 		state_static=100.0%, dispatch_static=100.0%, dispatch_model=static_100:100.0%, transfer_expr=100.0%/128	165@0x9a24c:666,354@0xc2241:566,171@0x9b4b3:382
311	0xb86f8	affine_dispatch_fallback	382	+0xa	VVECCCVVEC	VECVE	b0=var13(top=0x21:23.8%);b1=var13(top=0x80:23.8%);b2=enum4(0x31:367,0x26:12,0x36:2,0x33:1);b3=0x00;b4=0x80;b5=0x00;b6=var10(top=0x94:47.6%);b7=var10(top=0x9d:47.6%);b8=enum6(0x02:184,0x07:93,0x48:91,0x01:12,0x03:1,0x05:1);b9=0x00	w0=var13(top=0x8021:23.8%);w1=enum4(0x0031:367,0x0026:12,0x0036:2,0x0033:1);w2=0x0080;w3=var10(top=0x9d94:47.6%);w4=enum6(0x0002:184,0x0007:93,0x0048:91,0x0001:12,0x0003:1,0x0005:1)	0xb8714:u32_6,0xb8741:u16_4,0xb876c:u32_0,0xb87bd:byte0,0xb887f:byte0,0xb88a0:byte0,0xb891c:b0,0xb8948:u16_1,0xb8975:byte0,0xb8a92:u16_3	0xb87ef: state sub= state0 - 0x1889c111 | 0xb8997: state sub= state0 - 0x1889c111 - flags0 - state0 - 0x1889c111 + 0x3cae9026 | 0x2b959efa | 0x35e8abc1 | 0xb8ae7: state sub= state0 - 0x1889c111 - flags0 - state0 - 0x1889c111 + 0x3cae9026 | 0x2b959efa | 0x35e8abc1 - u16_3 ^ state0 - 0x1889c111 - flags0 - state0 - 0x1889c111 + 0x3cae9026 | 0x2b959efa | 0x35e8abc1 ^ 0xa9f4228	0xb8958: flags sub= flags0 - state0 - 0x1889c111 + 0x3cae9026 | 0xb8965: flags or= flags0 - state0 - 0x1889c111 + 0x3cae9026 | 0x2b959efa	67=(mask32((mask32(u16_3 ^ (mask32((mask32(state0 - 0x1889c111)) - (mask32((mask32((mask32(flags0 - (mask32((mask32(state0 - 0x1889c111)) + 0x3cae9026)))) | 0x2b959efa)) | 0x35e8abc1)))))) ^ 0xa9f4228)) & 0xffff	67=0x5			1=sampled operand footprint 0xa, observed target table[42], delta +0x169eb | 1=sampled operand footprint 0xa, observed target table[42], delta -0x34ced	2=b0@+0x0,u32_0@+0x0,u16_1@+0x1,u16_3@+0x3,u16_4@+0x4,u32_6@+0x6	next = table[slot]; ip += 67=0x5	1 paths over 67 state events	67/469 unknown branches (14.3%): derived_live_in:67	0xb87c6:je:derived_live_in:67	0/469 unknown branches (0.0%): 		state_static=0.0%, dispatch_static=0.0%, dispatch_model=affine_partial_fallback:100.0%, transfer_expr=0.0%/67, sampled_operand=2/2, sampled_operand_len=2=0xa	169@0x9af18:192,310@0xb8556:190
312	0xb87aa	unobserved_static	0	-	-				0xb87bd:byte0,0xb887f:byte0,0xb88a0:byte0,0xb891c:b0,0xb8948:u16_1,0xb8975:byte0,0xb8a92:u16_3	0xb87ef: state sub= state0 - 0x1889c111 | 0xb8997: state sub= state0 - 0x1889c111 - flags0 - state0 - 0x1889c111 + 0x3cae9026 | 0x2b959efa | 0x35e8abc1 | 0xb8ae7: state sub= state0 - 0x1889c111 - flags0 - state0 - 0x1889c111 + 0x3cae9026 | 0x2b959efa | 0x35e8abc1 - u16_3 ^ state0 - 0x1889c111 - flags0 - state0 - 0x1889c111 + 0x3cae9026 | 0x2b959efa | 0x35e8abc1 ^ 0xa9f4228	0xb8958: flags sub= flags0 - state0 - 0x1889c111 + 0x3cae9026 | 0xb8965: flags or= flags0 - state0 - 0x1889c111 + 0x3cae9026 | 0x2b959efa														
313	0xb8b42	static_validated	4	+0x5	CCCCC	CC	b0=0x3d;b1=0x01;b2=0x7e;b3=0x59;b4=0xff	w0=0x013d;w1=0x597e	0xb8be3:byte0,0xb8c21:byte0,0xb8d12:byte0,0xb8e56:b4,0xb8e8b:u16_0,0xb8f15:u16_2	0xb8bc6: state sub= state0 - flags0 + 0x40989976 | 0xb8c71: state or= state0 - flags0 + 0x40989976 | 0x2f39160a | 0xb8d97: state xor= state0 - flags0 + 0x40989976 | 0x2f39160a ^ flags0 - state0 - flags0 + 0x40989976 | 0x2f39160a ^ 0x7af00ac1 ^ state0 - flags0 + 0x40989976 | 0x2f39160a ^ 0x3764731 - state0 - flags0 + 0x40989976 | 0x2f39160a | 0x6ecf352a | 0xb8db6: state and= state0 - flags0 + 0x40989976 | 0x2f39160a ^ flags0 - state0 - flags0 + 0x40989976 | 0x2f39160a ^ 0x7af00ac1 ^ state0 - flags0 + 0x40989976 | 0x2f39160a ^ 0x3764731 - state0 - flags0 + 0x40989976 | 0x2f39...#b25654752cb4 | ...1 omitted... | 0xb8f9...#c972ebd2a6fd	0xb8cbc: flags sub= flags0 - state0 - flags0 + 0x40989976 | 0x2f39160a ^ 0x7af00ac1 | 0xb8cfe: flags xor= flags0 - state0 - flags0 + 0x40989976 | 0x2f39160a ^ 0x7af00ac1 ^ state0 - flags0 + 0x40989976 | 0x2f39160a ^ 0x3764731 | 0xb8d79: flags sub= flags0 - state0 - flags0 + 0x40989976 | 0x2f39160a ^ 0x7af00ac1 ^ state0 - flags0 + 0x40989976 | 0x2f39160a ^ 0x3764731 - state0 - flags0 + 0x40989976 | 0x2f39160a | 0xb8df9: flags add= flags0 - state0 - flags0 + 0x40989976 | 0x2f39160a ^ 0x7af00ac1 ^ state0 - flags0 + 0x40989976 | 0x2f39160a ^ 0x3764731 - state0 - flags0 + 0x40989976 | 0x2f39160a + 0x52bb641c | 0xb8e09: f...#2516b75a330c	4=(mask32((mask32(u16_2 + (mask32((mask32((mask32((mask32((mask32(state0 - (mask32(flags0 + 0x40989976)))) | 0x2f39160a)) ^ (mask32((mask32((mask32((mask32(flags0 - (mask32((mask32((mask32(state0 - (mask32...#4e261addcdf9	4=0x5					next = table[slot]; ip += 4=0x5	1 paths over 4 state events	4/36 unknown branches (11.1%): live_in_reg:4	0xb8b53:je:live_in_reg:4	0/36 unknown branches (0.0%): 		state_static=100.0%, dispatch_static=100.0%, dispatch_model=static_100:100.0%, transfer_expr=100.0%/4	352@0xc1ec4:4
314	0xb8fcf	static_validated	1	+0xa	CCCCCCCCCC	CCCCC	b0=0x2c;b1=0x74;b2=0xfa;b3=0x95;b4=0xff;b5=0xff;b6=0xff;b7=0xff;b8=0x6a;b9=0xbb	w0=0x742c;w1=0x95fa;w2=0xffff;w3=0xffff;w4=0xbb6a	0xb90df:u32_0,0xb91eb:u32_0 ^ state0,0xb92c5:byte0,0xb9390:u16_8	0xb913c: state sub= state0 - u32_0 ^ state0 | 0xb930e: state add= state0 - u32_0 ^ state0 + 0x477d7abb	0xb8ff8: flags xor= flags0 ^ state0 - 0x35ede369 | 0xb9037: flags add= flags0 ^ state0 - 0x35ede369 + 0x6124f239 | 0xb9049: flags add= flags0 ^ state0 - 0x35ede369 + 0x6124f239 + 0x374b6378 | 0xb917c: flags sub= flags0 ^ state0 - 0x35ede369 + 0x6124f239 + 0x374b6378 - 0x36a041e8 | 0xb92da: flags add= flags0 ^ state0 - 0x35ede369 + 0x6124f239 + 0x374b6378 - 0x36a041e8 + state0 - u32_0 ^ state0 - 0x7ff540ae	1=(mask32((mask32(u16_8 + (mask32((mask32(state0 - (mask32(u32_0 ^ state0)))) + 0x477d7abb)))) - 0x5861bc11)) & 0xffff	1=0xa					next = table[slot]; ip += 1=0xa	1 paths over 1 state events	0/2 unknown branches (0.0%): 		0/2 unknown branches (0.0%): 		state_static=100.0%, dispatch_static=100.0%, dispatch_model=static_100:100.0%, transfer_expr=100.0%/1	189@0x9e7af:1
315	0xb9451	static_validated	9921	+0x4	CCVV	CV	b0=0xe8;b1=0x01;b2=var18(top=0xe1:11.7%);b3=var10(top=0xfa:20.4%)	w0=0x01e8;w1=var25(top=0xf091:10.1%)	0xb9552:byte0,0xb9582:byte0,0xb95de:byte0,0xb960c:u16_0,0xb977b:u16_2	0xb949b: state and= state0 & 0x7562ddb5 | 0xb94b8: state xor= state0 & 0x7562ddb5 ^ 0x25ede89c | 0xb950c: state sub= state0 & 0x7562ddb5 ^ 0x25ede89c - 0x19140c1b | 0xb96fb: state xor= state0 & 0x7562ddb5 ^ 0x25ede89c - 0x19140c1b ^ flags0 ^ 0x285c750c | 0xb9839: state or= state0 & 0x7562ddb5 ^ 0x25ede89c - 0x19140c1b ^ flags0 ^ 0x285c750c | u16_2 ^ 0x42c7f071	0xb94e6: flags xor= flags0 ^ 0x285c750c	128=(mask32(u16_2 ^ 0x42c7f071)) & 0xffff	128=0x4					next = table[slot]; ip += 128=0x4	2 paths over 3298 state events	128/768 unknown branches (16.7%): unknown_frame_field:128	0xb961d:jne:unknown_frame_field:128	0/768 unknown branches (0.0%): 		state_static=100.0%, dispatch_static=100.0%, dispatch_model=static_100:100.0%, transfer_expr=100.0%/128	28@0x7e390:1006,337@0xbec0e:731,307@0xb8064:617,215@0xa4609:544,64@0x85059:543,157@0x98a9a:512
316	0xb987b	sampled_only	447	-0x3c4	sampled				0xb98e4:u16_8,0xb9927:b10,0xb9f67:u16_0,0xba005:u32_4,0xba01d:u32_4					255=next = table[165], ip -= 0x3c4 | 91=next = table[171], ip += 0x2d	447=target_u32@+0,delta_u32@+4,u16_8@+0x8,b10@+0xa			255=next = table[165], ip -= 0x3c4 | 91=next = table[171], ip += 0x2d						long_branch=447/13, long_branch_len=447=0xb	165@0x9a24c:258,354@0xc2241:95,171@0x9b4b3:94
317	0xba1e2	static_validated	537	+0x4	VVVV	VV	b0=var40(top=0xe7:25.9%);b1=var56(top=0xc8:26.1%);b2=var50(top=0x08:49.3%);b3=var60(top=0xdc:25.5%)	w0=var83(top=0xc8e7:25.7%);w1=var82(top=0xdc08:25.3%)	0xba356:u16_2,0xba5d5:u16_0	0xba2a5: state sub= state0 - flags0 + 0x189c9c80 - 0x4373d071 ^ 0x12461866 & 0x2d8e67e2 | 0xba2be: state or= state0 - flags0 + 0x189c9c80 - 0x4373d071 ^ 0x12461866 & 0x2d8e67e2 | flags0 + 0x189c9c80 - 0x4373d071 ^ 0x12461866 & 0x2d8e67e2 | 0xba3ed: state xor= state0 - flags0 + 0x189c9c80 - 0x4373d071 ^ 0x12461866 & 0x2d8e67e2 | flags0 + 0x189c9c80 - 0x4373d071 ^ 0x12461866 & 0x2d8e67e2 ^ u16_2 + flags0 + 0x189c9c80 - 0x4373d071 ^ 0x12461866 & 0x2d8e67e2 | 0xba4d9: state and= state0 - flags0 + 0x189c9c80 - 0x4373d071 ^ 0x12461866 & 0x2d8e67e2 | flags0 + 0x189c9c80 - 0x4373d071 ^ 0x12461866 & 0x2d8e67e2 ^ u16_2 + flag...#61ab9b91c7ba	0xba233: flags add= flags0 + 0x189c9c80 | 0xba244: flags sub= flags0 + 0x189c9c80 - 0x4373d071 | 0xba276: flags xor= flags0 + 0x189c9c80 - 0x4373d071 ^ 0x12461866 | 0xba287: flags and= flags0 + 0x189c9c80 - 0x4373d071 ^ 0x12461866 & 0x2d8e67e2	47=(mask32((mask32(u16_0 - (mask32((mask32((mask32((mask32((mask32((mask32((mask32((mask32(state0 - flags0)) | flags0)) ^ (mask32(u16_2 + flags0)))) & (mask32(flags0 & 0x19a77ba)))) + flags0)) | flags0)) ^ ...#8b0ee047c830 | 12=(mask32((mask32(u16_0 - (mask32((mask32((mask32((mask32((mask32((mask32((mask32((mask32(state0 - (mask32((mask32((mask32((mask32(flags0 + 0x189c9c80)) - 0x4373d071)) ^ 0x12461866)) & 0x2d8e67e2)))) | (ma...#3585223c3e71	66=0x4					next = table[slot]; ip += 66=0x4	3 paths over 66 state events	66/330 unknown branches (20.0%): live_in_reg:66	0xba1fd:je:live_in_reg:66	0/330 unknown branches (0.0%): 		state_static=100.0%, dispatch_static=100.0%, dispatch_model=static_100:100.0%, transfer_expr=100.0%/66	154@0x97ce6:139,70@0x8610e:125,28@0x7e390:34,282@0xb3128:32,330@0xbc9b8:29,52@0x833c7:28
318	0xba683	unobserved_static	0	-	-				0xba69e:u16_6,0xba6c3:u16_4,0xba6ef:u32_0,0xba96e:byte0,0xbaafd:b4,0xbab6d:u16_0,0xbacbf:u16_2	0xba819: state and= state0 & flags0 | 0x6be63b72 ^ 0x55d6ffe2 ^ 0x655e4f3b | 0x27c134ad & state0 + 0x4fa9822e | 0xba864: state or= state0 & flags0 | 0x6be63b72 ^ 0x55d6ffe2 ^ 0x655e4f3b | 0x27c134ad & state0 + 0x4fa9822e | 0x5ed258f1 | 0xba94f: state or= state0 & flags0 | 0x6be63b72 ^ 0x55d6ffe2 ^ 0x655e4f3b | 0x27c134ad & state0 + 0x4fa9822e | 0x5ed258f1 | flags0 | 0x6be63b72 ^ 0x55d6ffe2 ^ 0x655e4f3b | 0x27c134ad & state0 + 0x4fa9822e | 0xba9e9: state xor= state0 & flags0 | 0x6be63b72 ^ 0x55d6ffe2 ^ 0x655e4f3b | 0x27c134ad & state0 + 0x4fa9822e | 0x5ed258f1 | flags0 | 0x6be63b72 ^ 0x55d6ffe2 ^ 0x655e4f3b | 0x27c13...#08c37488774d	0xba75a: flags or= flags0 | 0x6be63b72 | 0xba76a: flags xor= flags0 | 0x6be63b72 ^ 0x55d6ffe2 | 0xba79b: flags xor= flags0 | 0x6be63b72 ^ 0x55d6ffe2 ^ 0x655e4f3b | 0xba7ab: flags or= flags0 | 0x6be63b72 ^ 0x55d6ffe2 ^ 0x655e4f3b | 0x27c134ad | ...1 omitted... | 0xbaa29: flags xor= flags0 | 0x6be63b72 ^ 0x55d6ffe2 ^ 0x655e4f3b | 0x27c134ad & state0 + 0x4fa9822e ^ state0 & flags0 | 0x6be63b72 ^ 0x55d6ffe2 ^ 0x655e4f3b | 0x27c134ad & state0 + 0x4fa9822e | 0x5ed258f1 | flags0 | 0x6be6...#592e24d7e90f														
319	0xba72f	static_validated	1850	+0x5	CCVVV	CV	b0=0x3d;b1=0x01;b2=var42(top=0xe6:28.4%);b3=var47(top=0x2e:17.5%);b4=var21(top=0x00:79.0%)	w0=0x013d;w1=var140(top=0x2e86:14.1%)	0xba96e:byte0,0xbaafd:b4,0xbab6d:u16_0,0xbacbf:u16_2	0xba819: state and= state0 & flags0 | 0x6be63b72 ^ 0x55d6ffe2 ^ 0x655e4f3b | 0x27c134ad & state0 + 0x4fa9822e | 0xba864: state or= state0 & flags0 | 0x6be63b72 ^ 0x55d6ffe2 ^ 0x655e4f3b | 0x27c134ad & state0 + 0x4fa9822e | 0x5ed258f1 | 0xba94f: state or= state0 & flags0 | 0x6be63b72 ^ 0x55d6ffe2 ^ 0x655e4f3b | 0x27c134ad & state0 + 0x4fa9822e | 0x5ed258f1 | flags0 | 0x6be63b72 ^ 0x55d6ffe2 ^ 0x655e4f3b | 0x27c134ad & state0 + 0x4fa9822e | 0xba9e9: state xor= state0 & flags0 | 0x6be63b72 ^ 0x55d6ffe2 ^ 0x655e4f3b | 0x27c134ad & state0 + 0x4fa9822e | 0x5ed258f1 | flags0 | 0x6be63b72 ^ 0x55d6ffe2 ^ 0x655e4f3b | 0x27c13...#08c37488774d	0xba75a: flags or= flags0 | 0x6be63b72 | 0xba76a: flags xor= flags0 | 0x6be63b72 ^ 0x55d6ffe2 | 0xba79b: flags xor= flags0 | 0x6be63b72 ^ 0x55d6ffe2 ^ 0x655e4f3b | 0xba7ab: flags or= flags0 | 0x6be63b72 ^ 0x55d6ffe2 ^ 0x655e4f3b | 0x27c134ad | ...1 omitted... | 0xbaa29: flags xor= flags0 | 0x6be63b72 ^ 0x55d6ffe2 ^ 0x655e4f3b | 0x27c134ad & state0 + 0x4fa9822e ^ state0 & flags0 | 0x6be63b72 ^ 0x55d6ffe2 ^ 0x655e4f3b | 0x27c134ad & state0 + 0x4fa9822e | 0x5ed258f1 | flags0 | 0x6be6...#592e24d7e90f	72=(mask32((mask32(u16_2 + (mask32((mask32((mask32((mask32(state0 & (mask32(flags0 & (mask32(state0 + 0x4fa9822e)))))) | 0x5ed258f1)) | (mask32(flags0 & (mask32(state0 + 0x4fa9822e)))))) ^ (mask32((mask32(f...#8770af8af8ff | 56=(mask32((mask32(u16_2 + (mask32((mask32((mask32((mask32(state0 & (mask32((mask32((mask32(flags0 | 0x6be63b72)) ^ 0x55d6ffe2)) & (mask32(state0 + 0x4fa9822e)))))) | 0x5ed258f1)) | (mask32((mask32((mask32(...#4c66f61318cf	128=0x5					next = table[slot]; ip += 128=0x5	7 paths over 1113 state events	0/1152 unknown branches (0.0%): 		0/1152 unknown branches (0.0%): 		state_static=100.0%, dispatch_static=100.0%, dispatch_model=static_100:100.0%, transfer_expr=100.0%/128	173@0x9ba74:559,257@0xadbfd:324,144@0x95887:250,108@0x8f24b:207,198@0xa037e:186,160@0x994cf:161
320	0xbada5	static_validated	2080	+0x5	VCCVV	VV	b0=var24(top=0x00:83.6%);b1=0x3d;b2=0x01;b3=var107(top=0xac:9.1%);b4=var106(top=0x0c:6.1%)	w0=var24(top=0x3d00:83.6%);w1=var107(top=0xac01:9.1%)	0xbadd7:byte0,0xbae89:byte0,0xbaf48:byte0,0xbb006:b0,0xbb07e:u16_1,0xbb0f7:u16_3	0xbae68: state and= state0 & flags0 | 0xbaf06: state sub= state0 & flags0 - flags0 | 0xbafd8: state sub= state0 & flags0 - flags0 - 0x7e143884		128=(mask32(u16_3 - (mask32((mask32((mask32(state0 & flags0)) - flags0)) - 0x7e143884)))) & 0xffff	128=0x5					next = table[slot]; ip += 128=0x5	2 paths over 731 state events	0/640 unknown branches (0.0%): 		0/640 unknown branches (0.0%): 		state_static=100.0%, dispatch_static=100.0%, dispatch_model=static_100:100.0%, transfer_expr=100.0%/128	173@0x9ba74:379,198@0xa037e:371,256@0xad849:314,160@0x994cf:243,257@0xadbfd:234,352@0xc1ec4:226
321	0xbb1dd	affine_dispatch_fallback	97	+0xd	EEEEEEEEEECCC	EEEEEC	b0=enum3(0x44:91,0x4e:3,0x00:3);b1=enum3(0xf2:91,0xf4:3,0xd6:3);b2=enum3(0x25:91,0x2e:3,0x88:3);b3=enum3(0x80:91,0xb2:3,0xe7:3);b4=enum3(0x59:91,0xcc:3,0x54:3);b5=enum3(0x78:91,0x11:3,0x0b:3);b6=enum3(0x54:91,0x0d:3,0x46:3);b7=enum3(0x78:91,0x72:3,0xe4:3);b8=enum3(0x66:91,0x55:3,0x56:3);b9=enum2(0x31:91,0x34:6);b10=0x00;b11=0x80;...+1	w0=enum3(0xf244:91,0xf44e:3,0xd600:3);w1=enum3(0x8025:91,0xb22e:3,0xe788:3);w2=enum3(0x7859:91,0x11cc:3,0x0b54:3);w3=enum3(0x7854:91,0x720d:3,0xe446:3);w4=enum3(0x3166:91,0x3455:3,0x3456:3);w5=0x8000	0xbb1f1:b0,0xbb221:u32_7,0xbb245:b1,0xbb25d:u32_3,0xbb29d:b1,0xbb2ef:b0,0xbb310:b2,0xbb369:u32_7,0xbb393:u16_11,0xbb424:u16_0,0xbb488:byte0,0xbb517:byte0,0xbb611:u16_2	0xbb447: state add= state0 + u16_0 ^ flags0 | 0xbb54f: state or= state0 + u16_0 ^ flags0 | 0x2d680d90 | 0xbb593: state add= state0 + u16_0 ^ flags0 | 0x2d680d90 + 0x69cbe1a0 | 0xbb689: state and= state0 + u16_0 ^ flags0 | 0x2d680d90 + 0x69cbe1a0 & u16_2 - state0 + u16_0 ^ flags0 | 0x2d680d90 + 0x69cbe1a0 + 0x7ba65dc4	0xbb454: flags sub= flags0 - 0x58d38f71 | 0xbb4d1: flags add= flags0 - 0x58d38f71 + 0xdc60e0a | 0xbb4e2: flags xor= flags0 - 0x58d38f71 + 0xdc60e0a ^ 0xb71b18d	19=(mask32((mask32(u16_2 - (mask32((mask32((mask32(state0 + (mask32(u16_0 ^ flags0)))) | 0x2d680d90)) + 0x69cbe1a0)))) + 0x7ba65dc4)) & 0xffff	19=0x4					next = table[slot]; ip += 19=0x4	1 paths over 19 state events	0/57 unknown branches (0.0%): 		0/57 unknown branches (0.0%): 		state_static=0.0%, dispatch_static=0.0%, dispatch_model=affine_robust_fallback:100.0%, transfer_expr=0.0%/19	169@0x9af18:94,310@0xb8556:3
322	0xbb3c9	static_validated	1847	+0x4	VVVV	VV	b0=var132(top=0x13:14.0%);b1=var123(top=0x00:19.2%);b2=var119(top=0x57:13.9%);b3=var104(top=0x96:14.7%)	w0=var202(top=0x0013:13.9%);w1=var187(top=0x9657:13.9%)	0xbb424:u16_0,0xbb488:byte0,0xbb517:byte0,0xbb611:u16_2	0xbb447: state add= state0 + u16_0 ^ flags0 | 0xbb54f: state or= state0 + u16_0 ^ flags0 | 0x2d680d90 | 0xbb593: state add= state0 + u16_0 ^ flags0 | 0x2d680d90 + 0x69cbe1a0 | 0xbb689: state and= state0 + u16_0 ^ flags0 | 0x2d680d90 + 0x69cbe1a0 & u16_2 - state0 + u16_0 ^ flags0 | 0x2d680d90 + 0x69cbe1a0 + 0x7ba65dc4	0xbb454: flags sub= flags0 - 0x58d38f71 | 0xbb4d1: flags add= flags0 - 0x58d38f71 + 0xdc60e0a | 0xbb4e2: flags xor= flags0 - 0x58d38f71 + 0xdc60e0a ^ 0xb71b18d	128=(mask32((mask32(u16_2 - (mask32((mask32((mask32(state0 + (mask32(u16_0 ^ flags0)))) | 0x2d680d90)) + 0x69cbe1a0)))) + 0x7ba65dc4)) & 0xffff	128=0x4					next = table[slot]; ip += 128=0x4	2 paths over 834 state events	0/128 unknown branches (0.0%): 		0/128 unknown branches (0.0%): 		state_static=100.0%, dispatch_static=100.0%, dispatch_model=static_100:100.0%, transfer_expr=100.0%/128	91@0x8b6de:280,347@0xc088d:276,157@0x98a9a:257,183@0x9d495:172,337@0xbec0e:134,64@0x85059:98
323	0xbb6e6	static_validated	1	+0x4	CCCC	CC	b0=0x36;b1=0x01;b2=0x00;b3=0x00	w0=0x0136;w1=0x0000	0xbb822:u16_0	0xbb723: state xor= state0 ^ flags0 | 0xbb73e: state sub= state0 ^ flags0 - flags0	0xbb776: flags add= flags0 + 0x5de5c852 | 0xbb786: flags add= flags0 + 0x5de5c852 + 0xa0d232a | 0xbb7ca: flags add= flags0 + 0x5de5c852 + 0xa0d232a + 0x1ce63a22 | 0xbb7da: flags xor= flags0 + 0x5de5c852 + 0xa0d232a + 0x1ce63a22 ^ 0x34d95df5	1=u16_0 << 0x3	1=0x4					next = table[slot]; ip += 1=0x4	1 paths over 1 state events	1/3 unknown branches (33.3%): live_in_reg:1	0xbb707:je:live_in_reg:1	0/3 unknown branches (0.0%): 		state_static=100.0%, dispatch_static=100.0%, dispatch_model=static_100:100.0%, transfer_expr=100.0%/1	310@0xb8556:1
324	0xbb8aa	unobserved_static	0	-	-				0xbb909:u16_4,0xbb913:u16_6,0xbb937:u16_2,0xbb9aa:u16_0	0xbb8c0: state add= state0 + flags0 | 0xbb9e2: state and= state0 + flags0 & u16_0 - state0 + flags0 + 0x6e06065a															
325	0xbba0f	unobserved_static	0	-	-				0xbbbbe:byte0,0xbbcc8:b2,0xbbd83:u16_0,0xbbfbb:u16_3	0xbba66: state sub= state0 - 0x1f34eac7 | 0xbbaae: state and= state0 - 0x1f34eac7 & 0x6ecd1861 | 0xbbe11: state sub= state0 - 0x1f34eac7 & 0x6ecd1861 - flags0 & 0x7d9408a | 0xbbe1e: state sub= state0 - 0x1f34eac7 & 0x6ecd1861 - flags0 & 0x7d9408a - 0x41dbc7b8 | 0xbc00f: state and= state0 - 0x1f34eac7 & 0x6ecd1861 - flags0 & 0x7d9408a - 0x41dbc7b8 & u16_3 ^ 0x1ffd618f															
326	0xbc06d	static_validated	70	+0x5	EEECC	EE	b0=enum3(0x31:39,0x55:18,0xdd:13);b1=enum2(0xde:57,0xbe:13);b2=enum2(0xed:57,0xe5:13);b3=0x3d;b4=0x01	w0=enum3(0xde31:39,0xde55:18,0xbedd:13);w1=enum2(0x3ded:57,0x3de5:13)	0xbc126:u16_3,0xbc13a:byte0,0xbc1f7:b0,0xbc249:u16_3,0xbc2b0:u16_1	0xbc108: state and= state0 & flags0 | 0xbc2e8: state add= state0 & flags0 + u16_1 ^ 0x50d4eebe		31=(mask32(u16_1 ^ 0x50d4eebe)) & 0xffff	31=0x5					next = table[slot]; ip += 31=0x5	1 paths over 31 state events	0/155 unknown branches (0.0%): 		0/155 unknown branches (0.0%): 		state_static=100.0%, dispatch_static=100.0%, dispatch_model=static_100:100.0%, transfer_expr=100.0%/31	108@0x8f24b:57,352@0xc1ec4:13
327	0xbc320	unobserved_static	0	-	-				0xbc34c:u16_2,0xbc360:u16_0,0xbc386:u16_6,0xbc3f7:u16_4	0xbc357: state add= state0 + 0x2f9d0305 | 0xbc42f: state add= state0 + 0x2f9d0305 + u16_4 - state0 + 0x2f9d0305 ^ 0x323c963															
328	0xbc466	unobserved_static	0	-	-				0xbc470:byte0,0xbc49b:u16_2,0xbc49f:u16_9,0xbc4d2:u16_4,0xbc518:u16_2,0xbc529:u16_9,0xbc57d:b8,0xbc5a9:u16_0,0xbc5f0:u16_6	0xbc628: state and= state0 & u16_6 - state0 + 0x6640824a															
329	0xbc676	unobserved_static	0	-	-				0xbc762:u16_3,0xbc79b:byte0,0xbc854:b0,0xbc89b:u16_3,0xbc943:u16_1	0xbc6aa: state xor= state0 ^ 0x54da429b | 0xbc71c: state xor= state0 ^ 0x54da429b ^ 0x46ddc1b7 | 0xbc980: state sub= state0 ^ 0x54da429b ^ 0x46ddc1b7 - u16_1 - 0x2a47c812															
330	0xbc9b8	static_validated	316	+0x5	VVEVV	VV	b0=var18(top=0x20:28.8%);b1=var11(top=0x08:33.2%);b2=enum4(0x3a:153,0x62:80,0x50:58,0x32:25);b3=var36(top=0x07:30.4%);b4=var13(top=0x77:66.5%)	w0=var34(top=0x0820:28.8%);w1=var51(top=0x073a:30.1%)	0xbcbe7:u16_3,0xbcd01:b2,0xbcf2d:u16_0	0xbca03: state or= state0 | 0x6460b705 | 0xbcb65: state and= state0 | 0x6460b705 & 0x786588ba | 0xbcea8: state xor= state0 | 0x6460b705 & 0x786588ba ^ 0x2897b354 | 0xbcf79: state add= state0 | 0x6460b705 & 0x786588ba ^ 0x2897b354 + u16_0	0xbc9e3: flags and= flags0 & 0x1eb7e52d | 0xbc9f3: flags or= flags0 & 0x1eb7e52d | 0x44b10858 | 0xbca35: flags or= flags0 & 0x1eb7e52d | 0x44b10858 | 0x4ec41e66 | 0xbca45: flags or= flags0 & 0x1eb7e52d | 0x44b10858 | 0x4ec41e66 | 0x3bfbd8c6 | ...7 omitted... | 0xbce9b: flags sub= flags0 & 0x1eb7e52d | 0x44b10858 | 0x4ec41e66 | 0x3bfbd8c6 | state0 | 0x6460b705 + 0x18cde6a1 | 0x696656ed | 0x4d220d5c | 0x562f8caf ^ state0 | 0x6460b705 & 0x786588ba ^ 0x31d8ed5e ^ state0 | 0x6460b705 ...#715a0fcd101c	128=u16_0 & 0xffff	128=0x5					next = table[slot]; ip += 128=0x5	12 paths over 169 state events	128/1152 unknown branches (11.1%): live_in_reg:128	0xbcaa5:je:live_in_reg:128	0/1152 unknown branches (0.0%): 		state_static=100.0%, dispatch_static=100.0%, dispatch_model=static_100:100.0%, transfer_expr=100.0%/128	260@0xae90b:91,18@0x7be9b:68,140@0x94e5a:25,66@0x855ff:13,122@0x9170d:12,291@0xb4edd:10
331	0xbcfc8	static_validated	157	+0x3	EEE	E	b0=enum7(0x68:125,0xf0:25,0xe8:3,0x40:1,0x08:1,0x30:1);b1=enum7(0x6b:125,0xb9:25,0xe7:3,0xef:1,0xe5:1,0xde:1);b2=enum2(0x32:150,0x62:7)	w0=enum7(0x6b68:125,0xb9f0:25,0xe7e8:3,0xef40:1,0xe508:1,0xde30:1)	0xbd073:b2,0xbd224:byte0,0xbd2be:u16_0	0xbcfd2: state and= state0 & 0x3eb8b067 | 0xbcff9: state add= state0 & 0x3eb8b067 + flags0 | 0xbd052: state and= state0 & 0x3eb8b067 + flags0 & flags0 ^ 0x1f891278 | 0xbd08e: state add= state0 & 0x3eb8b067 + flags0 & flags0 ^ 0x1f891278 + flags0 | ...2 omitted... | 0xbd30d: state add= state0 & 0x3eb8b067 + flags0 & flags0 ^ 0x1f891278 + flags0 + 0x6859cefd | 0x47dd4277 + u16_0 - state0 & 0x3eb8b067 + flags0 & flags0 ^ 0x1f891278 + flags0 + 0x6859cefd | 0x47dd4277 - 0x35a6d51	0xbd0d2: flags xor= flags0 ^ 0x168dd881	5=(mask32((mask32(u16_0 - (mask32((mask32((mask32((mask32((mask32((mask32(state0 & 0x3eb8b067)) + flags0)) & (mask32(flags0 ^ 0x1f891278)))) + flags0)) + 0x6859cefd)) | 0x47dd4277)))) - 0x35a6d51)) & 0xffff	5=0x3					next = table[slot]; ip += 5=0x3	2 paths over 5 state events	5/30 unknown branches (16.7%): live_in_reg:5	0xbd003:je:live_in_reg:5	0/30 unknown branches (0.0%): 		state_static=100.0%, dispatch_static=100.0%, dispatch_model=static_100:100.0%, transfer_expr=100.0%/5	340@0xbf435:125,196@0x9fbcd:25,99@0x8c99a:3,222@0xa5f3c:1,168@0x9aa83:1,333@0xbd8af:1
332	0xbd36d	static_validated	3292	+0x4	VVVV	VV	b0=var38(top=0x0b:15.7%);b1=var19(top=0xd7:43.6%);b2=var79(top=0xf7:9.8%);b3=var108(top=0xca:15.7%)	w0=var119(top=0xd70b:15.7%);w1=var249(top=0xc7ff:7.8%)	0xbd405:byte0,0xbd53b:u16_0,0xbd7ed:u16_2	0xbd3a5: state or= state0 | 0x30661b97 | 0xbd3d7: state and= state0 | 0x30661b97 & 0x57d9fe65 | 0xbd419: state or= state0 | 0x30661b97 & 0x57d9fe65 | flags0 & state0 | 0x2f0ca7d2 & state0 | 0x30661b97 - 0x23cebdbc ^ state0 | 0x30661b97 & 0x57d9fe65 | 0xbd46c: state and= state0 | 0x30661b97 & 0x57d9fe65 | flags0 & state0 | 0x2f0ca7d2 & state0 | 0x30661b97 - 0x23cebdbc ^ state0 | 0x30661b97 & 0x57d9fe65 & flags0 & state0 | 0x2f0ca7d2 & state0 | 0x30661b97 - 0x23cebdbc ^ s...#40d511eea09a | ...2 omitted... | 0xbd863: state xor= state0 | 0x30661b97 & 0x57d9fe65 | flags0 & state0 | 0x2f0ca7d2 & state0 | 0x30661b97 - 0x23...#0e4e6f46e2ca	0xbd398: flags and= flags0 & state0 | 0x2f0ca7d2 | 0xbd3ca: flags and= flags0 & state0 | 0x2f0ca7d2 & state0 | 0x30661b97 - 0x23cebdbc | 0xbd3f5: flags xor= flags0 & state0 | 0x2f0ca7d2 & state0 | 0x30661b97 - 0x23cebdbc ^ state0 | 0x30661b97 & 0x57d9fe65 | 0xbd6fd: flags or= flags0 & state0 | 0x2f0ca7d2 & state0 | 0x30661b97 - 0x23cebdbc ^ state0 | 0x30661b97 & 0x57d9fe65 | 0x3f28ceb0 | ...2 omitted... | 0xbd75b: flags add= flags0 & state0 | 0x2f0ca7d2 & state0 | 0x30661b97 - 0x23cebdbc ^ state0 | 0x30661b97 & 0x57d9fe65 | 0x3f28ceb0 ^ 0x4c1ba91c ^ 0x566f0e1b + 0x68f8b1a6	128=(mask32((mask32(u16_2 ^ (mask32((mask32((mask32((mask32((mask32((mask32(state0 | 0x30661b97)) & 0x57d9fe65)) | (mask32((mask32((mask32(flags0 & (mask32(state0 | 0x2f0ca7d2)))) & (mask32((mask32(state0 | ...#6b21d34199eb	128=0x4					next = table[slot]; ip += 128=0x4	2 paths over 1880 state events	128/512 unknown branches (25.0%): unknown_frame_field:128	0xbd544:je:unknown_frame_field:128	0/512 unknown branches (0.0%): 		state_static=100.0%, dispatch_static=100.0%, dispatch_model=static_100:100.0%, transfer_expr=100.0%/128	347@0xc088d:268,114@0x90319:257,90@0x8b334:256,99@0x8c99a:256,319@0xba72f:256,258@0xadf2c:249
333	0xbd8af	static_validated	12194	+0x4	VVVE	VV	b0=var64(top=0x83:8.1%);b1=var50(top=0xf9:6.4%);b2=var17(top=0x68:18.1%);b3=enum2(0x00:10031,0x01:2163)	w0=var783(top=0xf983:2.2%);w1=var17(top=0x0068:18.1%)	0xbd966:byte0,0xbd98d:byte0,0xbdaab:u16_2,0xbdc3c:u16_0	0xbd90b: state xor= state0 ^ flags0 ^ state0 | 0x37ccc6ea | 0xbd918: state sub= state0 ^ flags0 ^ state0 | 0x37ccc6ea - 0x61e56767 | 0xbd980: state and= state0 ^ flags0 ^ state0 | 0x37ccc6ea - 0x61e56767 & flags0 ^ state0 | 0xbd9ae: state add= state0 ^ flags0 ^ state0 | 0x37ccc6ea - 0x61e56767 & flags0 ^ state0 + flags0 ^ state0 | 0x71cc1ee8 | ...1 omitted... | 0xbdcb2: state add= state0 ^ flags0 ^ state0 | 0x37ccc6ea - 0x61e56767 & flags0 ^ state0 + flags0 ^ state0 | 0x71cc1ee8 | 0x569ecec3 + u16_0 - state0 ^ flags0 ^ state0 | 0x37ccc6ea - 0x61e56767 & flags0 ^ state0 + flags0 ^ ...#3000aca71b5e	0xbd8d0: flags xor= flags0 ^ state0 | 0xbda1e: flags or= flags0 ^ state0 | state0 ^ flags0 ^ state0 | 0x37ccc6ea - 0x61e56767 & flags0 ^ state0 + flags0 ^ state0 | 0x71cc1ee8 | 0x569ecec3 | 0x79528121 | 0xbda4c: flags and= flags0 ^ state0 | state0 ^ flags0 ^ state0 | 0x37ccc6ea - 0x61e56767 & flags0 ^ state0 + flags0 ^ state0 | 0x71cc1ee8 | 0x569ecec3 | 0x79528121 & 0x491c3392 | 0xbda5c: flags sub= flags0 ^ state0 | state0 ^ flags0 ^ state0 | 0x37ccc6ea - 0x61e56767 & flags0 ^ state0 + flags0 ^ state0 | 0x71cc1ee8 | 0x569ecec3 | 0x79528121 & 0x491c3392 - 0x69576a7a | 0xbdb48: flags and= flags0 ^ state0 | state0 ^ fl...#f21f30a922c0	128=(mask32(u16_0 - (mask32((mask32((mask32((mask32((mask32(state0 ^ (mask32((mask32(flags0 ^ state0)) | 0x37ccc6ea)))) - 0x61e56767)) & (mask32(flags0 ^ state0)))) + (mask32((mask32(flags0 ^ state0)) | 0x71...#3558817d6cd6	128=0x4					next = table[slot]; ip += 128=0x4	1 paths over 3602 state events	128/384 unknown branches (33.3%): live_in_reg:128	0xbd8d9:je:live_in_reg:128	0/384 unknown branches (0.0%): 		state_static=100.0%, dispatch_static=100.0%, dispatch_model=static_100:100.0%, transfer_expr=100.0%/128	305@0xb78b0:766,114@0x90319:750,199@0xa0631:703,243@0xaab6a:667,64@0x85059:626,18@0x7be9b:613
334	0xbdd18	sampled_only	42	+0x2a5	sampled				0xbdd93:u16_8,0xbddef:b10,0xbe47d:u16_0,0xbe4d3:u32_4,0xbe4d9:u32_4					25=next = table[354], ip += 0x2a5 | 1=next = table[165], ip += 0x238	42=target_u32@+0,delta_u32@+4,u16_8@+0x8,b10@+0xa			25=next = table[354], ip += 0x2a5 | 1=next = table[165], ip += 0x238						long_branch=42/18, long_branch_len=42=0xb	354@0xc2241:33,171@0x9b4b3:5,165@0x9a24c:4
335	0xbe648	unobserved_static	0	-	-				0xbe65f:byte0,0xbe6be:u16_6,0xbe71e:u16_4,0xbe79a:u16_2,0xbe849:u16_0	0xbe726: state xor= state0 ^ flags0 ^ 0x6e6f5b3e															
336	0xbe8cd	static_validated	44	+0x5	CCEEV	CE	b0=0x3d;b1=0x01;b2=enum5(0xe8:19,0x88:8,0x80:8,0x68:5,0xd8:4);b3=enum6(0x01:12,0x0a:8,0x0c:8,0x02:7,0x0d:5,0x0f:4);b4=var14(top=0x33:9.1%)	w0=0x013d;w1=enum6(0x01e8:12,0x0a88:8,0x0c80:8,0x02e8:7,0x0d68:5,0x0fd8:4)	0xbe97e:u16_0,0xbea00:byte0,0xbeaf6:b4,0xbeb41:u16_0,0xbeb98:u16_2,0xbebb7:u16_2 ^ 0x114009e8	0xbebd2: state and= state0 & u16_2 ^ 0x114009e8		33=(mask32(u16_2 ^ 0x114009e8)) & 0xffff	33=0x5					next = table[slot]; ip += 33=0x5	1 paths over 33 state events	0/165 unknown branches (0.0%): 		0/165 unknown branches (0.0%): 		state_static=100.0%, dispatch_static=100.0%, dispatch_model=static_100:100.0%, transfer_expr=100.0%/33	256@0xad849:12,108@0x8f24b:8,173@0x9ba74:8,352@0xc1ec4:7,144@0x95887:5,198@0xa037e:4
337	0xbec0e	static_validated	26534	+0x4	VVVV	VV	b0=var128(top=0x7c:3.3%);b1=var227(top=0x91:5.3%);b2=var254(top=0x9d:2.2%);b3=var253(top=0x00:7.9%)	w0=var1927(top=0x9124:1.0%);w1=var1949(top=0x0099:1.3%)	0xbecf2:u16_2,0xbf04a:u16_0,0xbf0ce:u16_0 + state0 - flags0 - u16_2 + state0 - flags0 + flags0 + 0x2051de91 & flags0 + 0x61f749a7 | 0x51d7631a ^ flags0 + 0x61f749a7 ^ 0x3de72107 & 0xe04b834 ^ 0x2060ddea,0xbf0f7:u16_0 + state0 - flags0 - u16_2 + state0 - flags0 + flags0 + 0x2051de91 & flags0 + 0x61f749a7 | 0x51d7631a ^ flags0 + 0x61f749a7 ^ 0x3de72107 & 0xe04b834 ^ 0x2060ddea & 0xffff	0xbec32: state sub= state0 - flags0 | 0xbed93: state sub= state0 - flags0 - u16_2 + state0 - flags0 + flags0 | 0xbeec8: state add= state0 - flags0 - u16_2 + state0 - flags0 + flags0 + 0x2051de91 | 0xbef26: state and= state0 - flags0 - u16_2 + state0 - flags0 + flags0 + 0x2051de91 & flags0 + 0x61f749a7 | ...2 omitted... | 0xbf0ec: state or= state0 - flags0 - u16_2 + state0 - flags0 + flags0 + 0x2051de91 & flags0 + 0x61f749a7 | 0x51d7631a ^ flags0 + 0x61f749a7 ^ 0x3de72107 & 0xe04b834 | u16_0 + state0 - flags0 - u16_2 + state0 - flags0 + fla...#7246741bd7fd	0xbedb6: flags add= flags0 + 0x61f749a7 | 0xbef77: flags xor= flags0 + 0x61f749a7 ^ 0x3de72107 | 0xbef89: flags and= flags0 + 0x61f749a7 ^ 0x3de72107 & 0xe04b834	85=(mask32((mask32(u16_0 + (mask32((mask32((mask32((mask32((mask32((mask32(state0 - flags0)) - (mask32((mask32(u16_2 + (mask32(state0 - flags0)))) + flags0)))) + 0x2051de91)) & (mask32(flags0 + 0x61f749a7))...#70dcd015f490 | 43=(mask32((mask32(u16_0 + (mask32((mask32((mask32((mask32((mask32((mask32(state0 - flags0)) - (mask32((mask32(u16_2 + (mask32(state0 - flags0)))) + flags0)))) + 0x2051de91)) & (mask32(flags0 + 0x61f749a7))...#cdd3e2f1e474	128=0x4					next = table[slot]; ip += 128=0x4	2 paths over 7502 state events	256/768 unknown branches (33.3%): derived_live_in:128,unknown_frame_field:128	0xbeea3:je:unknown_frame_field:128,0xbeee0:je:derived_live_in:128	0/768 unknown branches (0.0%): 		state_static=100.0%, dispatch_static=100.0%, dispatch_model=static_100:100.0%, transfer_expr=100.0%/128	297@0xb64d7:1787,66@0x855ff:1591,307@0xb8064:1382,28@0x7e390:1313,18@0x7be9b:1254,215@0xa4609:1178
338	0xbf128	static_validated	1753	+0x6	VVCCCC	VCC	b0=var85(top=0xc4:10.6%);b1=var91(top=0xc7:10.6%);b2=0x3d;b3=0x01;b4=0xe8;b5=0x01	w0=var142(top=0xc7c4:10.4%);w1=0x013d;w2=0x01e8	0xbf199:byte0,0xbf1e2:u16_4,0xbf1f4:u16_2,0xbf25e:u16_0,0xbf278:byte0 | 0x400 | (((((((r15) + 0x20) + (Ptr(kind='frame', off=0))) & 0x8) ^ (((r9) & (r9)) & 0x8)) | (Ptr(kind='frame', off=404))) | ((((((r15) + 0x20) + (Ptr(kind='frame', off=0))) & 0x8) ^ (((r9) & (r9)) & 0x8)) | (Ptr(kind='frame', off=404))))	0xbf29b: state sub= state0 - u16_0 - state0 - 0x4bf8be0c		128=(mask32((mask32(u16_0 - state0)) - 0x4bf8be0c)) & 0xffff	128=0x6					next = table[slot]; ip += 128=0x6	1 paths over 387 state events	256/256 unknown branches (100.0%): live_in_reg:256	0xbf141:je:live_in_reg:128,0xbf15d:je:live_in_reg:128	0/256 unknown branches (0.0%): 		state_static=100.0%, dispatch_static=100.0%, dispatch_model=static_100:100.0%, transfer_expr=100.0%/128	283@0xb3612:648,351@0xc1d48:582,295@0xb60e0:523
339	0xbf2d5	unobserved_static	0	-	-				0xbf2ec:byte0,0xbf32e:u16_6,0xbf33c:u16_4,0xbf365:u16_2,0xbf3c6:u16_0,0xbf3cd:u16_0	0xbf2f9: state sub= state0 - flags0 | 0xbf313: state add= state0 - flags0 + 0x2393cc37															
340	0xbf435	static_validated	26112	+0x4	VVVE	VV	b0=var221(top=0x4c:4.0%);b1=var255(top=0x16:2.8%);b2=var17(top=0xb3:15.9%);b3=enum2(0x00:21582,0x01:4530)	w0=var1969(top=0x0f7c:1.4%);w1=var17(top=0x00b3:15.9%)	0xbf524:byte0,0xbf57a:u16_2,0xbf79a:u16_0	0xbf4be: state sub= state0 - 0x2b2e5a26 | 0xbf4f6: state xor= state0 - 0x2b2e5a26 ^ 0x7535dd25 | 0xbf616: state or= state0 - 0x2b2e5a26 ^ 0x7535dd25 | u16_2 | 0xbf82b: state sub= state0 - 0x2b2e5a26 ^ 0x7535dd25 | u16_2 - u16_0 + state0 - 0x2b2e5a26 ^ 0x7535dd25 | u16_2 + 0x9097995	0xbf49f: flags and= flags0 & 0x7036ca68 | 0xbf4b0: flags sub= flags0 & 0x7036ca68 - 0x2caa6796 | 0xbf651: flags xor= flags0 & 0x7036ca68 - 0x2caa6796 ^ 0x4ea9d032	128=(mask32((mask32(u16_0 + (mask32((mask32((mask32(state0 - 0x2b2e5a26)) ^ 0x7535dd25)) | u16_2)))) + 0x9097995)) & 0xffff	128=0x4					next = table[slot]; ip += 128=0x4	2 paths over 7549 state events	128/384 unknown branches (33.3%): live_in_reg:128	0xbf457:je:live_in_reg:128	0/384 unknown branches (0.0%): 		state_static=100.0%, dispatch_static=100.0%, dispatch_model=static_100:100.0%, transfer_expr=100.0%/128	307@0xb8064:1748,28@0x7e390:1702,66@0x855ff:1362,185@0x9d964:1352,215@0xa4609:1274,18@0x7be9b:1062
341	0xbf889	unobserved_static	0	-	-				0xbf8f0:u16_0,0xbf90b:u16_4,0xbf978:u16_2,0xbfa2f:u16_0,0xbfa4a:u16_4,0xbfb1d:u16_7	0xbfb5a: state or= state0 | u16_7 ^ state0	0xbf9ab: flags and= flags0 & 0x23af6a13														
342	0xbfb99	unobserved_static	0	-	-				0xbfbb2:u16_2,0xbfbd7:u16_0,0xbfc50:u16_5,0xbfc7f:u16_3,0xbfcdf:u16_0,0xbfd69:u16_5,0xbfd7b:u16_3,0xbfe11:b2,0xbfe60:u16_9,0xbfefb:u16_7	0xbfdf2: state xor= state0 ^ 0x37af3c05 | 0xbfe9d: state and= state0 ^ 0x37af3c05 & 0x6b4057cf | 0xbff2b: state sub= state0 ^ 0x37af3c05 & 0x6b4057cf - u16_7 - state0 ^ 0x37af3c05 & 0x6b4057cf + 0x4bf1ddd5															
343	0xbfc0d	unobserved_static	0	-	-				0xbfc50:u16_5,0xbfc7f:u16_3,0xbfcdf:u16_0,0xbfd69:u16_5,0xbfd7b:u16_3,0xbfe11:b2,0xbfe60:u16_9,0xbfefb:u16_7	0xbfdf2: state xor= state0 ^ 0x37af3c05 | 0xbfe9d: state and= state0 ^ 0x37af3c05 & 0x6b4057cf | 0xbff2b: state sub= state0 ^ 0x37af3c05 & 0x6b4057cf - u16_7 - state0 ^ 0x37af3c05 & 0x6b4057cf + 0x4bf1ddd5															
344	0xbff6a	unobserved_static	0	-	-				0xbff9f:u16_2,0xbffe1:b4,0xc0223:u16_0	0xc0291: state and= state0 & u16_0 ^ state0 - 0x6a74b67c															
345	0xc02e4	static_validated	1883	+0x6	VVVVVV	VVV	b0=var164(top=0x69:13.6%);b1=var150(top=0x3f:13.6%);b2=var165(top=0x11:13.6%);b3=var164(top=0x1c:13.6%);b4=var162(top=0xc4:13.6%);b5=var157(top=0x34:13.6%)	w0=var305(top=0x3f69:13.6%);w1=var303(top=0x1c11:13.6%);w2=var283(top=0x34c4:13.6%)	0xc031c:u32_2,0xc0421:byte0,0xc045c:u16_0	0xc0342: state add= state0 + u32_2 ^ state0 + flags0 | 0xc04e5: state add= state0 + u32_2 ^ state0 + flags0 + u16_0 + state0 + u32_2 ^ state0 + flags0	0xc034f: flags and= flags0 & 0xe71dcd4 | 0xc03b6: flags or= flags0 & 0xe71dcd4 | 0x8a29ac4 | 0xc03c5: flags add= flags0 & 0xe71dcd4 | 0x8a29ac4 + 0x19e12fa1	128=(mask32(u16_0 + (mask32(state0 + (mask32((mask32(u32_2 ^ state0)) + flags0)))))) & 0xffff	128=0x6					next = table[slot]; ip += 128=0x6	1 paths over 860 state events	128/384 unknown branches (33.3%): live_in_reg:128	0xc0300:je:live_in_reg:128	0/384 unknown branches (0.0%): 		state_static=100.0%, dispatch_static=100.0%, dispatch_model=static_100:100.0%, transfer_expr=100.0%/128	52@0x833c7:345,196@0x9fbcd:333,172@0x9b68a:109,189@0x9e7af:104,37@0x80685:98,192@0x9f00a:86
346	0xc0535	static_validated	9073	+0x4	VVCC	VC	b0=var232(top=0x22:3.1%);b1=var243(top=0x94:3.1%);b2=0xe8;b3=0x01	w0=var741(top=0x3e9b:2.0%);w1=0x01e8	0xc0549:byte0,0xc066d:byte0,0xc069f:u16_2,0xc07c6:u16_0	0xc072d: state xor= state0 ^ flags0 ^ 0x3f746ab3 ^ 0x3f5501a6 ^ 0x45fbcef1	0xc05e7: flags xor= flags0 ^ 0x3f746ab3 | 0xc05f8: flags xor= flags0 ^ 0x3f746ab3 ^ 0x3f5501a6 | 0xc075c: flags sub= flags0 ^ 0x3f746ab3 ^ 0x3f5501a6 - 0x3d02d701 | 0xc076e: flags sub= flags0 ^ 0x3f746ab3 ^ 0x3f5501a6 - 0x3d02d701 - 0x727be02c	74=(mask32((mask32(u16_0 ^ (mask32(state0 ^ (mask32(flags0 ^ 0x45fbcef1)))))) + 0x7f7eb061)) & 0xffff | 54=(mask32((mask32(u16_0 ^ (mask32(state0 ^ (mask32((mask32((mask32(flags0 ^ 0x3f746ab3)) ^ 0x3f5501a6)) ^ 0x45fbcef1)))))) + 0x7f7eb061)) & 0xffff	128=0x4					next = table[slot]; ip += 128=0x4	2 paths over 1997 state events	512/1152 unknown branches (44.4%): live_in_reg:256,derived_live_in:128,unknown_frame_field:128	0xc056a:je:live_in_reg:128,0xc0628:je:live_in_reg:128,0xc064e:je:derived_live_in:128,0xc06a9:jne:unknown_frame_field:128	0/1152 unknown branches (0.0%): 		state_static=100.0%, dispatch_static=100.0%, dispatch_model=static_100:100.0%, transfer_expr=100.0%/128	28@0x7e390:862,168@0x9aa83:678,258@0xadf2c:614,185@0x9d964:572,64@0x85059:531,347@0xc088d:490
347	0xc088d	static_validated	24299	+0x4	VVVV	VV	b0=var256(top=0xe6:2.1%);b1=var79(top=0x0b:6.4%);b2=var230(top=0xba:3.9%);b3=var101(top=0x82:10.2%)	w0=var1845(top=0x8d20:1.4%);w1=var1485(top=0x02ad:1.5%)	0xc08dd:byte0,0xc0a94:u16_2,0xc0cb6:u16_0	0xc08bf: state or= state0 | flags0 + 0x6fa972f0 | 0xc098d: state or= state0 | flags0 + 0x6fa972f0 | flags0 ^ state0 | flags0 + 0x6fa972f0 & 0x45223942 + state0 | flags0 + 0x6fa972f0 | 0x2efc96c5 | 0xc09ea: state xor= state0 | flags0 + 0x6fa972f0 | flags0 ^ state0 | flags0 + 0x6fa972f0 & 0x45223942 + state0 | flags0 + 0x6fa972f0 | 0x2efc96c5 ^ 0x5cf483c7 | 0xc0a20: state and= state0 | flags0 + 0x6fa972f0 | flags0 ^ state0 | flags0 + 0x6fa972f0 & 0x45223942 + state0 | flags0 + 0x6fa972f0 | 0x2efc96c5 ^ 0x5cf483c7 & flags0 ^ state0 | flags0 + 0x6fa972f0 & 0x45223942 + state0 | ...#b2a6f52463ad | ...2 omitted... | 0xc0c...#4ab75977c806	0xc0952: flags xor= flags0 ^ state0 | flags0 + 0x6fa972f0 & 0x45223942 | 0xc0973: flags add= flags0 ^ state0 | flags0 + 0x6fa972f0 & 0x45223942 + state0 | flags0 + 0x6fa972f0 | 0x2efc96c5 | 0xc09d2: flags or= flags0 ^ state0 | flags0 + 0x6fa972f0 & 0x45223942 + state0 | flags0 + 0x6fa972f0 | 0x2efc96c5 | 0x6630614f | 0xc09e3: flags xor= flags0 ^ state0 | flags0 + 0x6fa972f0 & 0x45223942 + state0 | flags0 + 0x6fa972f0 | 0x2efc96c5 | 0x6630614f ^ 0x1a7ef2ae | ...1 omitted... | 0xc0b53: flags xor= flags0 ^ state0 | flags0 + 0x6fa972f0 & 0x45223942 + state0 | flags0 + 0x6fa972f0 | 0x2efc96c5 | 0x6630614f ^ 0x1a7ef2ae | ...#a6e72f829c55	92=(mask32((mask32(u16_0 ^ (mask32((mask32((mask32((mask32((mask32((mask32((mask32(state0 | (mask32(flags0 + 0x6fa972f0)))) | (mask32((mask32(flags0 ^ (mask32((mask32(state0 | (mask32(flags0 + 0x6fa972f0)))...#ff65f5013123 | 36=(mask32((mask32(u16_0 ^ (mask32((mask32((mask32((mask32((mask32((mask32((mask32(state0 | (mask32(flags0 + 0x6fa972f0)))) | (mask32((mask32(flags0 ^ (mask32((mask32(state0 | (mask32(flags0 + 0x6fa972f0)))...#65eb4914bbdc	128=0x4					next = table[slot]; ip += 128=0x4	2 paths over 8151 state events	128/256 unknown branches (50.0%): derived_live_in:128	0xc093d:je:derived_live_in:128	0/256 unknown branches (0.0%): 		state_static=100.0%, dispatch_static=100.0%, dispatch_model=static_100:100.0%, transfer_expr=100.0%/128	18@0x7be9b:1928,307@0xb8064:1577,297@0xb64d7:1475,28@0x7e390:1302,168@0x9aa83:1257,184@0x9d694:1071
348	0xc0d7d	static_validated	37	+0x5	VVCCV	VC	b0=var11(top=0xc5:21.6%);b1=var13(top=0x7c:16.2%);b2=0x3d;b3=0x01;b4=var15(top=0x13:16.2%)	w0=var15(top=0x7cd5:16.2%);w1=0x013d	0xc0ef7:byte0,0xc0f04:byte0,0xc0fd9:byte0,0xc11aa:b4,0xc122d:u16_2,0xc1347:u16_0	0xc0dd6: state and= state0 & 0x4ead272 | 0xc1015: state add= state0 & 0x4ead272 + flags0 | 0xc12b5: state or= state0 & 0x4ead272 + flags0 | flags0 | 0x2730b0cc - 0x5c278a20 & 0x31691179 - 0x5c3efee3 | 0xc12c3: state and= state0 & 0x4ead272 + flags0 | flags0 | 0x2730b0cc - 0x5c278a20 & 0x31691179 - 0x5c3efee3 & 0x19c08712 | 0xc13c8: state and= state0 & 0x4ead272 + flags0 | flags0 | 0x2730b0cc - 0x5c278a20 & 0x31691179 - 0x5c3efee3 & 0x19c08712 & u16_0 ^ state0 & 0x4ead272 + flags0 | flags0 | 0x2730b0cc - 0x5c278a20 & 0x31691179 - 0x5c3efee3 & ...#39cc0cdc1593	0xc10c6: flags or= flags0 | 0x2730b0cc | 0xc10ff: flags sub= flags0 | 0x2730b0cc - 0x5c278a20 | 0xc1288: flags and= flags0 | 0x2730b0cc - 0x5c278a20 & 0x31691179 | 0xc1298: flags sub= flags0 | 0x2730b0cc - 0x5c278a20 & 0x31691179 - 0x5c3efee3	19=(mask32((mask32(u16_0 ^ (mask32((mask32((mask32((mask32(state0 & 0x4ead272)) + flags0)) | (mask32(flags0 | 0x2730b0cc)))) & 0x19c08712)))) - 0x369ef0d5)) & 0xffff | 9=(mask32((mask32(u16_0 ^ (mask32((mask32((mask32((mask32(state0 & 0x4ead272)) + flags0)) | (mask32((mask32((mask32((mask32(flags0 | 0x2730b0cc)) - 0x5c278a20)) & 0x31691179)) - 0x5c3efee3)))) & 0x19c08712...#9790f8db234a	28=0x5					next = table[slot]; ip += 28=0x5	2 paths over 28 state events	28/224 unknown branches (12.5%): live_in_reg:28	0xc0e89:je:live_in_reg:28	0/224 unknown branches (0.0%): 		state_static=100.0%, dispatch_static=100.0%, dispatch_model=static_100:100.0%, transfer_expr=100.0%/28	352@0xc1ec4:12,257@0xadbfd:7,173@0x9ba74:5,160@0x994cf:5,198@0xa037e:3,108@0x8f24b:3
349	0xc140b	static_validated	503	+0x4	VVVV	VV	b0=var68(top=0x00:50.9%);b1=var71(top=0xad:51.3%);b2=var20(top=0x88:53.7%);b3=var11(top=0x00:59.2%)	w0=var98(top=0xad00:50.9%);w1=var37(top=0x0088:52.5%)	0xc1509:u16_0,0xc1845:u16_2	0xc1445: state and= state0 & flags0 | 0x37932789 | 0xc1452: state or= state0 & flags0 | 0x37932789 | 0x16ca0efd | 0xc1481: state xor= state0 & flags0 | 0x37932789 | 0x16ca0efd ^ 0x78372234 | 0xc1577: state and= state0 & flags0 | 0x37932789 | 0x16ca0efd ^ 0x78372234 & u16_0 ^ state0 & flags0 | 0x37932789 | 0x16ca0efd ^ 0x78372234 - flags0 | ...4 omitted... | 0xc18be: state add= state0 & flags0 | 0x37932789 | 0x16ca0efd ^ 0x78372234 & u16_0 ^ state0 & flags0 | 0x37932789 | 0x16ca0efd ^ 0x78372234 - flags0 + flags0 + 0x5b8191b - 0x48cf2626 - 0x7444487f | 0x1897f25c | flags0 + 0x5...#6120bf25f21f	0xc1594: flags add= flags0 + 0x5b8191b | 0xc165b: flags sub= flags0 + 0x5b8191b - 0x48cf2626 | 0xc166a: flags sub= flags0 + 0x5b8191b - 0x48cf2626 - 0x7444487f | 0xc16c1: flags xor= flags0 + 0x5b8191b - 0x48cf2626 - 0x7444487f ^ state0 & flags0 | 0x37932789 | 0x16ca0efd ^ 0x78372234 & u16_0 ^ state0 & flags0 | 0x37932789 | 0x16ca0efd ^ 0x78372234 - flags0 + flags0 + 0x5b8191b - 0x48...#0416c2d4a8e1 | ...1 omitted... | 0xc17e3: flags sub= flags0 + 0x5b8191b - 0x48cf2626 - 0x7444487f ^ state0 & flags0 | 0x37932789 | 0x16ca0efd ^ 0x78372234 & u16_0 ^ state0 & flags0 | 0x37932789 | 0x16ca0efd ^ 0x78372234 - flags0 + fla...#9ce5a9a23deb	128=u16_2 & 0xffff	128=0x4					next = table[slot]; ip += 128=0x4	3 paths over 366 state events	0/512 unknown branches (0.0%): 		0/512 unknown branches (0.0%): 		state_static=100.0%, dispatch_static=100.0%, dispatch_model=static_100:100.0%, transfer_expr=100.0%/128	17@0x7bae9:264,105@0x8e6b4:31,332@0xbd36d:26,282@0xb3128:25,28@0x7e390:17,200@0xa0a9e:15
350	0xc1926	static_validated	2414	+0x4	VVVV	VV	b0=var143(top=0x12:10.9%);b1=var102(top=0xa6:10.6%);b2=var82(top=0xb7:10.6%);b3=var11(top=0x34:25.8%)	w0=var225(top=0xa66a:10.6%);w1=var161(top=0x34b7:10.6%)	0xc193d:byte0,0xc1a6c:u16_0,0xc1c1d:u16_2	0xc194a: state add= state0 + 0x5c4fb994 | 0xc1a13: state sub= state0 + 0x5c4fb994 - 0x33be5a8b | 0xc1a30: state xor= state0 + 0x5c4fb994 - 0x33be5a8b ^ flags0 & state0 + 0x5c4fb994 + 0x261f270f | 0xc1b24: state and= state0 + 0x5c4fb994 - 0x33be5a8b ^ flags0 & state0 + 0x5c4fb994 + 0x261f270f & u16_0 ^ state0 + 0x5c4fb994 - 0x33be5a8b ^ flags0 & state0 + 0x5c4fb994 + 0x261f270f | 0xc1cd0: state and= state0 + 0x5c4fb994 - 0x33be5a8b ^ flags0 & state0 + 0x5c4fb994 + 0x261f270f & u16_0 ^ state0 + 0x5c4fb994 - 0x33be5a8b ^ flags0 & state0 + 0x5c4fb994 + 0x261f270f & u16_2 ^ state0 + 0x5c4fb994 - 0x33be5...#0fe9d634dbd6	0xc1993: flags and= flags0 & state0 + 0x5c4fb994 + 0x261f270f | 0xc1b57: flags sub= flags0 & state0 + 0x5c4fb994 + 0x261f270f - 0x35f71c01	128=(mask32((mask32(u16_2 ^ (mask32((mask32((mask32((mask32(state0 + 0x5c4fb994)) - 0x33be5a8b)) ^ (mask32(flags0 & (mask32((mask32(state0 + 0x5c4fb994)) + 0x261f270f)))))) & (mask32(u16_0 ^ (mask32((mask32(...#23bb1febe96e	128=0x4					next = table[slot]; ip += 128=0x4	1 paths over 1176 state events	0/128 unknown branches (0.0%): 		0/128 unknown branches (0.0%): 		state_static=100.0%, dispatch_static=100.0%, dispatch_model=static_100:100.0%, transfer_expr=100.0%/128	183@0x9d495:318,258@0xadf2c:257,281@0xb2db6:257,91@0x8b6de:203,114@0x90319:158,180@0x9cf32:147
351	0xc1d48	static_validated	1844	+0x5	CCVVC	CV	b0=0xe8;b1=0x01;b2=var81(top=0x1b:13.9%);b3=var76(top=0x22:13.9%);b4=0x10	w0=0x01e8;w1=var109(top=0x221b:13.9%)	0xc1d84:u16_0,0xc1da3:b4,0xc1e26:u16_2	0xc1e78: state or= state0 | u16_2 + state0 - 0x7b3a2d18		128=(mask32((mask32(u16_2 + state0)) - 0x7b3a2d18)) & 0xffff	128=0x5					next = table[slot]; ip += 128=0x5	1 paths over 542 state events					state_static=100.0%, dispatch_static=100.0%, dispatch_model=static_100:100.0%, transfer_expr=100.0%/128	297@0xb64d7:256,258@0xadf2c:188,189@0x9e7af:185,172@0x9b68a:182,28@0x7e390:102,254@0xad32c:98
352	0xc1ec4	static_validated	4424	+0x2	VV	V	b0=var124(top=0x16:8.0%);b1=var55(top=0xdb:8.3%)	w0=var491(top=0xdb16:7.8%)	0xc1fb5:byte0,0xc2064:byte0,0xc20ed:u16_0,0xc2189:u16_0 + state0 & 0x31863366 + 0x331dfc06 & 0xffff	0xc1ece: state and= state0 & 0x31863366 | 0xc215a: state or= state0 & 0x31863366 | u16_0 + state0 & 0x31863366 + 0x331dfc06	0xc1f00: flags or= flags0 | state0 & 0x31863366 & 0x73b2cbe1 | 0xc1f46: flags sub= flags0 | state0 & 0x31863366 & 0x73b2cbe1 - state0 & 0x31863366 - 0x7cfd5a5b | 0xc2071: flags or= flags0 | state0 & 0x31863366 & 0x73b2cbe1 - state0 & 0x31863366 - 0x7cfd5a5b | state0 & 0x31863366	128=(mask32((mask32(u16_0 + (mask32(state0 & 0x31863366)))) + 0x331dfc06)) & 0xffff	128=0x2					next = table[slot]; ip += 128=0x2	3 paths over 1775 state events	144/912 unknown branches (15.8%): live_in_reg:128,unknown_frame_field:16	0xc1f5b:je:live_in_reg:128,0xc1fe9:je:unknown_frame_field:16	0/912 unknown branches (0.0%): 		state_static=100.0%, dispatch_static=100.0%, dispatch_model=static_100:100.0%, transfer_expr=100.0%/128	258@0xadf2c:408,307@0xb8064:319,196@0x9fbcd:305,340@0xbf435:288,292@0xb540f:263,172@0x9b68a:240
353	0xc21c3	unobserved_static	0	-	-				0xc21df:u32_2,0xc220b:u16_0,0xc2384:u16_0	0xc225f: state sub= state0 - flags0 ^ 0x439983c9 | 0xc226d: state xor= state0 - flags0 ^ 0x439983c9 ^ 0x423c07dd | 0xc2335: state mov= 0x0	0xc22e7: flags and= flags0 & 0xab651c5 | 0xc22f7: flags xor= flags0 & 0xab651c5 ^ 0x4ab6dcda | 0xc2307: flags mov= 0x0														
354	0xc2241	static_validated	1872	+0x2	VE	V	b0=var33(top=0xb9:13.4%);b1=enum2(0x00:1252,0x01:620)	w0=var34(top=0x00b9:13.4%)	0xc2384:u16_0	0xc225f: state sub= state0 - flags0 ^ 0x439983c9 | 0xc226d: state xor= state0 - flags0 ^ 0x439983c9 ^ 0x423c07dd | 0xc2335: state mov= 0x0	0xc22e7: flags and= flags0 & 0xab651c5 | 0xc22f7: flags xor= flags0 & 0xab651c5 ^ 0x4ab6dcda | 0xc2307: flags mov= 0x0	128=u16_0 << 0x3	128=0x2					next = table[slot]; ip += 128=0x2	2 paths over 334 state events	0/128 unknown branches (0.0%): 		0/128 unknown branches (0.0%): 		state_static=100.0%, dispatch_static=100.0%, dispatch_model=static_100:100.0%, transfer_expr=100.0%/128	185@0x9d964:251,268@0xb0007:225,168@0x9aa83:197,340@0xbf435:195,157@0x98a9a:190,189@0x9e7af:188
355	0xc240f	unobserved_static	0	-	-				0xc2431:byte0,0xc24ce:byte0,0xc267c:byte0,0xc2752:b4,0xc277e:u16_2,0xc284a:u16_0	0xc242f: state xor= state0 ^ flags0 | 0xc27bf: state sub= state0 ^ flags0 - flags0 ^ 0x7bdb3dc7 - 0x43e81f2a ^ 0x7b5fcef1 & 0x7536cf07 + 0x33b57421 - 0x2e36e0cb | 0xc28be: state or= state0 ^ flags0 - flags0 ^ 0x7bdb3dc7 - 0x43e81f2a ^ 0x7b5fcef1 & 0x7536cf07 + 0x33b57421 - 0x2e36e0cb | u16_0 - 0x25b87fbf	0xc2469: flags xor= flags0 ^ 0x7bdb3dc7 | 0xc24a2: flags sub= flags0 ^ 0x7bdb3dc7 - 0x43e81f2a | 0xc24b3: flags xor= flags0 ^ 0x7bdb3dc7 - 0x43e81f2a ^ 0x7b5fcef1 | 0xc2523: flags and= flags0 ^ 0x7bdb3dc7 - 0x43e81f2a ^ 0x7b5fcef1 & 0x7536cf07 | ...1 omitted... | 0xc26f7: flags sub= flags0 ^ 0x7bdb3dc7 - 0x43e81f2a ^ 0x7b5fcef1 & 0x7536cf07 + 0x33b57421 - 0x2e36e0cb														
356	0xc291a	affine_dispatch_fallback	741	+0xa	VVECCCVVEC	VECVE	b0=var17(top=0x6f:12.4%);b1=var17(top=0x74:12.4%);b2=enum5(0x31:731,0x26:4,0x33:2,0x34:2,0x36:2);b3=0x00;b4=0x80;b5=0x00;b6=var13(top=0x1c:36.8%);b7=var11(top=0x60:36.8%);b8=enum4(0x03:456,0x07:185,0x02:96,0x01:4);b9=0x00	w0=var17(top=0x746f:12.4%);w1=enum5(0x0031:731,0x0026:4,0x0033:2,0x0034:2,0x0036:2);w2=0x0080;w3=var13(top=0x601c:36.8%);w4=enum4(0x0003:456,0x0007:185,0x0002:96,0x0001:4)	0xc2935:u32_6,0xc2961:u16_4,0xc298f:u32_0,0xc2a82:u16_3,0xc2afa:byte0,0xc2bf8:b2,0xc2c55:u16_3,0xc2cb0:u16_0	0xc2a0d: state xor= state0 ^ flags0		116=(mask32((mask32(u16_0 ^ (mask32(state0 ^ flags0)))) + 0x70d7d4a7)) & 0xffff	116=0x5					next = table[slot]; ip += 116=0x5	1 paths over 116 state events	0/580 unknown branches (0.0%): 		0/580 unknown branches (0.0%): 		state_static=0.0%, dispatch_static=0.0%, dispatch_model=affine_robust_fallback:100.0%, transfer_expr=0.0%/116	310@0xb8556:373,169@0x9af18:368
357	0xc29cf	static_validated	6	+0x5	EEECC	EE	b0=enum2(0xf0:3,0x11:3);b1=enum2(0xfd:3,0x6a:3);b2=enum2(0xb1:3,0x91:3);b3=0x3d;b4=0x01	w0=enum2(0xfdf0:3,0x6a11:3);w1=enum2(0x3db1:3,0x3d91:3)	0xc2a82:u16_3,0xc2afa:byte0,0xc2bf8:b2,0xc2c55:u16_3,0xc2cb0:u16_0	0xc2a0d: state xor= state0 ^ flags0		6=(mask32((mask32(u16_0 ^ (mask32(state0 ^ flags0)))) + 0x70d7d4a7)) & 0xffff	6=0x5					next = table[slot]; ip += 6=0x5	1 paths over 6 state events	0/30 unknown branches (0.0%): 		0/30 unknown branches (0.0%): 		state_static=100.0%, dispatch_static=100.0%, dispatch_model=static_100:100.0%, transfer_expr=100.0%/6	352@0xc1ec4:3,144@0x95887:3
358	0xc2d37	partial	1	+0x5	CCCCC	CC	b0=0x7d;b1=0x1a;b2=0x3d;b3=0x01;b4=0x00	w0=0x1a7d;w1=0x013d	0xc2d8b:byte0,0xc2e5d:byte0,0xc2fe9:byte0,0xc30a1:byte0,0xc3140:b4,0xc31b6:u16_2,0xc31ba:u16_2,0xc324a:byte0,0xc3359:u16_0	0xc2da2: state add= state0 + flags0 - 0x3bcc6446 | 0xc2daf: state xor= state0 + flags0 - 0x3bcc6446 ^ 0x50eab96 | 0xc2de1: state sub= state0 + flags0 - 0x3bcc6446 ^ 0x50eab96 - flags0 | 0xc2e1c: state add= state0 + flags0 - 0x3bcc6446 ^ 0x50eab96 - flags0 + flags0 | ...5 omitted... | 0xc33ca: state or= state0 + flags0 - 0x3bcc6446 ^ 0x50eab96 - flags0 + flags0 | 0x4ea692e8 ^ flags0 ^ flags0 ^ 0x3b02b16c + 0x63b77c87 | flags0 | u16_0 ^ state0 + flags0 - 0x3bcc6446 ^ 0x50eab96 - flags0 + flags0 | 0x4ea69...#656957a76bc9	0xc31fb: flags or= flags0 | 0x7daf8b | 0xc3221: flags add= flags0 | 0x7daf8b + 0x54733021														144@0x95887:1
359	0xc3406	static_validated	6	+0x5	CCEEC	CE	b0=0x3d;b1=0x01;b2=enum2(0x1f:4,0xc3:2);b3=enum2(0xfc:4,0xde:2);b4=0x00	w0=0x013d;w1=enum2(0xfc1f:4,0xdec3:2)	0xc35a6:b4,0xc35f1:u16_0,0xc36a0:u16_2	0xc3488: state and= state0 & flags0 | 0x16bae797 | 0xc36e2: state or= state0 & flags0 | 0x16bae797 | u16_2 + state0 & flags0 | 0x16bae797 - 0x6683bbe1	0xc360c: flags or= flags0 | 0x432760b3 | 0xc3647: flags and= flags0 | 0x432760b3 & 0x2cd5a138	4=(mask32((mask32(u16_2 + (mask32(state0 & (mask32(flags0 | 0x16bae797)))))) - 0x6683bbe1)) & 0xffff	4=0x5					next = table[slot]; ip += 4=0x5	1 paths over 4 state events	0/8 unknown branches (0.0%): 		0/8 unknown branches (0.0%): 		state_static=100.0%, dispatch_static=100.0%, dispatch_model=static_100:100.0%, transfer_expr=100.0%/4	108@0x8f24b:4,160@0x994cf:2
