source_entry	opcode_name	problem_kind	trace_rows	trace_files	dynamic_start_vm_ips	dynamic_target_entries	pre_state_samples	pre_flags_samples	post_state_samples	post_flags_samples	byte_samples	required_inputs	capture_status
0	vmop_000_plus0x5_state_add_const_slot_mba_stateful	algebraic_mba	178	vm_instruction_trace.tsv:89;vm_instruction_trace_filefill_hiddenfill_frontierfill_footprintfill.tsv:89	0x31c026;0x331966;0x334c9c;0x3401b4;0x36b37f	108;144;257;352					1af63d01b5;be063d01e5;4a343d01a3;ef7f3d010f;8dc23d0135	pre_state;raw_vm_bytes:u16_0	no_state_samples_in_current_traces
3	vmop_003_plus0x5_state_add_const_slot_multi_path	algebraic_mba	6868	vm_instruction_trace.tsv:3434;vm_instruction_trace_filefill_hiddenfill_frontierfill_footprintfill.tsv:3434	0xd0e75;0xd0f3a;0xd1190;0xd5563;0xd72e6;0x11add4;0x11affe;0x11b240;0x11b29c;0x11bb48;0x11bfe4;0x11c2bf;0x11c546;0x11c7cf;0x11cb77;0x11d536;0x11d7f1;0x11de32;0x11defa;0x11e1b4;0x11efa9;0x11f04e;0x11f0c5;0x12136d;...+377	108;144;160;173;198;256;257;352					01c3003d01;9904003d01;91c2003d01;1922003d01;9924003d01;b125003d01;9906003d01;9966003d01	pre_state;pre_flags;raw_vm_bytes:u16_0	no_state_samples_in_current_traces
9	vmop_009_plus0x5_state_formula_slot_unknown	dispatch_unknown	6	vm_instruction_trace.tsv:3;vm_instruction_trace_filefill_hiddenfill_frontierfill_footprintfill.tsv:3	0x36109a	256					693d01b44a	pre_state;raw_vm_bytes:u16_3	no_state_samples_in_current_traces
13	vmop_013_plus0x5_state_add_const_slot_multi_path	algebraic_mba	10	vm_instruction_trace.tsv:5;vm_instruction_trace_filefill_hiddenfill_frontierfill_footprintfill.tsv:5	0xd533b;0x33c276	256;257					6a753d0111;9e7e3d0125	pre_state;pre_flags;raw_vm_bytes:u16_0	no_state_samples_in_current_traces
17	vmop_017_plus0x5_state_add_const_slot_multi_path	algebraic_mba	1516	vm_instruction_trace.tsv:758;vm_instruction_trace_filefill_hiddenfill_frontierfill_footprintfill.tsv:758	0x177c2f;0x1a5353;0x1a5580;0x230330;0x26ea3f;0x30efbc;0x30f681;0x31b383;0x31b45f;0x31b818;0x31bbe2;0x31be25;0x31c7e2;0x31c82f;0x31c8c1;0x31cb44;0x31cc75;0x31dac1;0x3319a9;0x331b22;0x332059;0x334ce3;0x334f8d;0x335495;...+49	3;18;28;30;66;79;83;90;92;122;140;185;199;200;215;220;239;253;254;260;269;280;281;291;...+8					aef050d09d;12ff6210a0;79fd50b89c;82fc3a789c;317c3ad89e;c8f63a78a0;56635050a1;565f3a00a1	pre_state;pre_flags;raw_vm_bytes:u16_0,u16_3	no_state_samples_in_current_traces
18	vmop_018_plus0x3_state_add_const_slot_multi_path	algebraic_mba	50898	vm_instruction_trace.tsv:25449;vm_instruction_trace_filefill_hiddenfill_frontierfill_footprintfill.tsv:25449	0xd0ae8;0xd0af3;0xd0b19;0xd0c11;0xd0c4d;0xd0c8d;0xd0cce;0xd0d05;0xd0d80;0xd0dbc;0xd0dd3;0xd0e0b;0xd0e3c;0xd0e6a;0xd0e80;0xd0e9d;0xd0ec5;0xd0ecf;0xd0ef3;0xd0f61;0xd0f73;0xd0f89;0xd0ff0;0xd1012;...+2478	0;3;13;20;26;30;33;37;43;48;49;52;64;70;79;82;83;90;91;92;94;99;105;114;...+70					e0892a;900ada;702552;3cab3a;40129a;d2138c;a0222e;800637	pre_state;pre_flags;raw_vm_bytes:u16_0	no_state_samples_in_current_traces
20	vmop_020_plus0x4_state_add_const_slot_multi_path	algebraic_mba	18970	vm_instruction_trace.tsv:9485;vm_instruction_trace_filefill_hiddenfill_frontierfill_footprintfill.tsv:9485	0xd0cf2;0xd0f9b;0xd0fb1;0xd0fbc;0xd0fc7;0xd0ff3;0xd11e6;0xd1228;0xd13bd;0xd418e;0xd41c5;0xd435d;0xd43aa;0xd47cf;0xd4843;0xd49d4;0xd49e5;0xd49fb;0xd4a06;0xd4c9f;0xd4df4;0xd4e20;0xd4e2b;0xd4e6d;...+833	18;28;40;64;66;69;80;95;114;119;181;185;189;199;215;216;258;261;264;278;284;297;299;307;...+5					e801dd72;e8019877;e801b97d;e8012e4a;e801ba1d;e8018146;e801217f;e801bd75	pre_state;pre_flags;raw_vm_bytes:u16_2	no_state_samples_in_current_traces
26	vmop_026_plus0x4_state_add_const_slot_multi_path	algebraic_mba	19774	vm_instruction_trace.tsv:9887;vm_instruction_trace_filefill_hiddenfill_frontierfill_footprintfill.tsv:9887	0xd0b2b;0xd0b3a;0xd0b76;0xd0d6d;0xd0df4;0xd0e21;0xd12bd;0xd1353;0xd4008;0xd42a1;0xd42ce;0xd48e0;0xd490d;0xd491c;0xd4958;0xd4976;0xd4abc;0xd4d4c;0xd4d88;0xd508f;0xd5125;0xd5269;0xd5287;0xd531d;...+826	18;28;43;64;66;114;157;167;168;172;185;189;196;199;203;215;258;268;297;307;333;337;338;340;...+1					d200e801;cb40e801;9266e801;562be801;320ce801;9ebbe801;a2f9e801;f629e801	pre_state;pre_flags;raw_vm_bytes:u16_0	no_state_samples_in_current_traces
30	vmop_030_plus0x4_state_add_const_slot_multi_path	algebraic_mba	5180	vm_instruction_trace.tsv:2590;vm_instruction_trace_filefill_hiddenfill_frontierfill_footprintfill.tsv:2590	0xd0f08;0xd414a;0xda3ca;0x11b01d;0x11b4da;0x11b6bc;0x11bfdc;0x11c1be;0x11c586;0x11c7de;0x11c81f;0x11d0b9;0x11d11a;0x11d4fb;0x11da26;0x11e13e;0x11e5ab;0x11e880;0x11e896;0x121df2;0x1222c4;0x128f2f;0x1709b1;0x17139d;...+220	3;18;28;43;48;49;64;66;79;83;90;91;92;105;114;157;168;172;180;183;185;189;192;196;...+21					ef999c31;0f18c5a0;e71de6b7;132ee811;fec9d520;f9249103;ef252801;141fd0f0	pre_state;pre_flags;raw_vm_bytes:u16_0	no_state_samples_in_current_traces
31	vmop_031_plus0x5_state_preserve_slot_mba_stateful	algebraic_mba	4	vm_instruction_trace.tsv:2;vm_instruction_trace_filefill_hiddenfill_frontierfill_footprintfill.tsv:2	0x31c4fd	352					3d01df2eed	pre_state;raw_vm_bytes:u16_2	no_state_samples_in_current_traces
33	vmop_033_plus0x4_state_add_const_slot_multi_path	algebraic_mba	18496	vm_instruction_trace.tsv:9248;vm_instruction_trace_filefill_hiddenfill_frontierfill_footprintfill.tsv:9248	0xd0ad1;0xd0b0d;0xd0d5e;0xd0d9a;0xd0da9;0xd1068;0xd1095;0xd10b3;0xd129f;0xd12ea;0xd1335;0xd3ff9;0xd4080;0xd4247;0xd4256;0xd4292;0xd430a;0xd43fc;0xd4456;0xd44b0;0xd44ce;0xd4a9e;0xd4acb;0xd4cd4;...+783	18;28;43;64;66;114;157;167;168;172;185;189;196;199;203;215;258;268;297;307;333;337;338;340;...+1					e801e280;e8011e86;e8016aca;e80186f3;e80164f4;e801d277;e8010c35;e8019ef6	pre_state;raw_vm_bytes:u16_2	no_state_samples_in_current_traces
35	vmop_035_plus0x5_state_preserve_slot_mba_stateful	algebraic_mba	2	vm_instruction_trace.tsv:1;vm_instruction_trace_filefill_hiddenfill_frontierfill_footprintfill.tsv:1	0xd40ee	256					69f8003d01	pre_state;raw_vm_bytes:u16_0	no_state_samples_in_current_traces
36	vmop_036_plus0x5_state_add_const_slot_multi_path	algebraic_mba	8	vm_instruction_trace.tsv:4;vm_instruction_trace_filefill_hiddenfill_frontierfill_footprintfill.tsv:4	0x33c1e7	108					5cc2a33d01	pre_state;pre_flags;raw_vm_bytes:u16_0	no_state_samples_in_current_traces
37	vmop_037_plus0x5_state_add_const_slot_mba_stateful	algebraic_mba	4070	vm_instruction_trace.tsv:2035;vm_instruction_trace_filefill_hiddenfill_frontierfill_footprintfill.tsv:2035	0xd0be8;0xd40d4;0x11b286;0x11beeb;0x11c1e2;0x11c846;0x11cb60;0x11d057;0x11d0e4;0x1706d5;0x170a1d;0x170ee7;0x17133b;0x1713c8;0x1718dd;0x171fa1;0x172bd7;0x173179;0x173613;0x173882;0x173b85;0x17404f;0x177380;0x177632;...+197	108;144;160;173;198;256;257;352					7d90913d01;aa13003d01;296f5b3d01;549f773d01;fb04003d01;d5e0003d01;eb01003d01;4d466d3d01	pre_state;pre_flags;raw_vm_bytes:u16_0	no_state_samples_in_current_traces
40	vmop_040_plus0x6_state_add_const_slot_mba_stateful	algebraic_mba	1856	vm_instruction_trace.tsv:928;vm_instruction_trace_filefill_hiddenfill_frontierfill_footprintfill.tsv:928	0xd0c98;0xd139a;0xd4ec0;0xd4f99;0xd5e11;0xd771d;0xdaccd;0x11b73d;0x11bcb4;0x11c34e;0x11d328;0x11d870;0x11dc4a;0x11e1d1;0x11e5ea;0x120cbc;0x121bd8;0x122bd0;0x128ac7;0x128fc4;0x170a96;0x171411;0x17196c;0x172362;...+69	18;28;64;66;114;185;189;199;215;258;297;307;337;340;347					e8013d0149b5;e8013d0174db;e8013d01a793;e8013d01a00b;e8013d017f54;e8013d0157dd;e8013d014809;e8013d01d255	pre_state;raw_vm_bytes:u16_4	no_state_samples_in_current_traces
42	vmop_042_plus0x4_state_mixed_slot_const_or_affine	algebraic_mba	6	vm_instruction_trace.tsv:3;vm_instruction_trace_filefill_hiddenfill_frontierfill_footprintfill.tsv:3	0x30e872;0x334a3d;0x33b647	169;310	0xffc939bf;0x37ee0220;0xa86c6e49	0x7170d2b7;0x3fee7f36;0xf0397358			0000a900;00003601	pre_state;pre_flags;raw_vm_bytes:u16_2	has_state_samples
43	vmop_043_plus0x4_state_add_const_slot_mba_stateful	algebraic_mba	32276	vm_instruction_trace.tsv:16138;vm_instruction_trace_filefill_hiddenfill_frontierfill_footprintfill.tsv:16138	0xd0b09;0xd0b8c;0xd0b98;0xd0bae;0xd0bc8;0xd0bd7;0xd0c05;0xd0d71;0xd0eb5;0xd0f01;0xd0f1a;0xd0f2e;0xd1024;0xd1147;0xd12c4;0xd12df;0xd1313;0xd136d;0xd137c;0xd3fc8;0xd3fd4;0xd4004;0xd405a;0xd413f;...+1436	0;3;18;26;28;30;33;37;49;64;66;70;79;83;91;99;114;121;124;125;128;129;140;146;...+42					5435c04f;01e6ed93;ee3c0249;9307ef79;57f66b8b;78011479;8ecb32bf;d6fd1286	pre_state;raw_vm_bytes:u16_0,u16_2	no_state_samples_in_current_traces
48	vmop_048_plus0x5_state_add_const_slot_multi_path	algebraic_mba	566	vm_instruction_trace.tsv:283;vm_instruction_trace_filefill_hiddenfill_frontierfill_footprintfill.tsv:283	0x11bb6d;0x11c1f2;0x11c84d;0x11d56f;0x11deed;0x122b4c;0x177273;0x17769b;0x24b1f2;0x24ba1b;0x26efa8;0x292c89;0x2c00cd;0x30f001;0x30f0e2;0x30f1d0;0x30f3ae;0x30f55c;0x30f639;0x30f848;0x3105c1;0x31aba5;0x31ac8a;0x31b21d;...+69	3;18;28;30;49;52;66;79;83;90;92;121;124;131;154;185;186;199;200;220;239;254;260;269;...+13					50dc506900;a07c3aa9fc;04f53a2f51;a4453a10b6;d87e3a780b;8c7c5026f2;b006505ca6;90de627e77	pre_state;pre_flags;raw_vm_bytes:u16_0,u16_3	no_state_samples_in_current_traces
49	vmop_049_plus0x5_state_add_const_slot_mba_stateful	algebraic_mba	8264	vm_instruction_trace.tsv:4132;vm_instruction_trace_filefill_hiddenfill_frontierfill_footprintfill.tsv:4132	0xd0c14;0xd0f0c;0xd114b;0xd4120;0xd47c1;0xd4ba1;0xd551f;0xd5535;0xd5a23;0xd72d0;0xd74cc;0x11adba;0x11ae18;0x11b26e;0x11b720;0x11bb9e;0x11bfa0;0x11c220;0x11c331;0x11c560;0x11c962;0x11cbd5;0x11cc03;0x11cc2f;...+391	108;144;160;173;198;256;257;352					00606e3d01;00144f3d01;00de263d01;005e7b3d01;00f8613d01;001e053d01;002e753d01;0086523d01	pre_state;pre_flags;raw_vm_bytes:u16_1	no_state_samples_in_current_traces
52	vmop_052_plus0x5_state_add_const_slot_mba_stateful	algebraic_mba	2206	vm_instruction_trace.tsv:1103;vm_instruction_trace_filefill_hiddenfill_frontierfill_footprintfill.tsv:1103	0xd4dd7;0xd4eb0;0xd5163;0xd57cf;0xd770d;0x11bb79;0x11beae;0x122610;0x22ffac;0x2303a9;0x23084a;0x293167;0x2935f8;0x29361b;0x29363e;0x293661;0x2bee6b;0x30eeb5;0x315a7b;0x31b316;0x31c000;0x31c591;0x331e78;0x334c76;...+31	18;28;64;75;145;189;196;199;210;246;316;334;347					eef7af3d01;4ababf3d01;82b0473d01;63f7ff3d01;e64b113d01;d88bb13d01;135fbd3d01;af71d73d01	pre_state;raw_vm_bytes:u16_0	no_state_samples_in_current_traces
54	vmop_054_plus0x5_state_add_const_slot_mba_stateful	algebraic_mba	2	vm_instruction_trace.tsv:1;vm_instruction_trace_filefill_hiddenfill_frontierfill_footprintfill.tsv:1	0x31b076	256					f11bbd3d01	pre_state;pre_flags;raw_vm_bytes:u16_0	no_state_samples_in_current_traces
56	vmop_056_plus0x5_state_add_const_slot_mba_stateful	algebraic_mba	54	vm_instruction_trace.tsv:27;vm_instruction_trace_filefill_hiddenfill_frontierfill_footprintfill.tsv:27	0x33513c;0x33fba1;0x367bbe;0x36b846	108;160;173					34753d01b7;42663d0127;02f03d011b;8d763d014b	pre_state;raw_vm_bytes:u16_0	no_state_samples_in_current_traces
62	vmop_062_plus0x4_state_add_const_slot_multi_path	algebraic_mba	240	vm_instruction_trace.tsv:120;vm_instruction_trace_filefill_hiddenfill_frontierfill_footprintfill.tsv:120	0x17720c;0x24b292;0x30ee2c;0x30fe39;0x311e56;0x31d180;0x31d667;0x3318b7;0x334bed;0x33dd2f;0x340105;0x340e8d;0x360517;0x364767;0x36ce0d;0x36ee88	28;66;124;157;196;200;215;253;297;307;337;347					f8518dfe;4661c7dc;b1dabe5f;19f6eb18;d9a77d60;dca0bd1e;83dd4332;f9da6536	pre_state;pre_flags;raw_vm_bytes:u16_0,u16_2	no_state_samples_in_current_traces
64	vmop_064_plus0x4_state_add_const_slot_multi_path	algebraic_mba	47356	vm_instruction_trace.tsv:23678;vm_instruction_trace_filefill_hiddenfill_frontierfill_footprintfill.tsv:23678	0xd0ac9;0xd0b81;0xd0bcc;0xd0c33;0xd0c49;0xd0c90;0xd0c9e;0xd0cb7;0xd0d9e;0xd0db4;0xd0de9;0xd0dff;0xd0e34;0xd0eef;0xd0f41;0xd130f;0xd13c1;0xd13e5;0xd1406;0xd3ffd;0xd40e5;0xd4146;0xd4158;0xd4166;...+2198	0;3;18;20;26;28;30;33;37;43;49;52;66;70;79;83;121;122;123;124;128;129;140;146;...+49					bd4937b0;061bd3f6;14cd1a9a;a39523f9;8b87d3df;7d9d517e;3d5a7384;05ba0fac	pre_state;pre_flags;raw_vm_bytes:u16_0,u16_2	no_state_samples_in_current_traces
65	vmop_065_plus0x4_state_simple_slot_mba_stateful	algebraic_mba	46	vm_instruction_trace.tsv:23;vm_instruction_trace_filefill_hiddenfill_frontierfill_footprintfill.tsv:23	0x1a4dcf;0x1a4ec0;0x1a5aaf;0x24a7bc;0x24acee;0x31b28d;0x31bf77;0x31cc99;0x31db4e;0x34273f;0x361aed;0x36325c;0x36766f;0x3693bc;0x36c9cb;0x36fdcb	18;28;43;64;124;185;199;215;239;253;333;337;345;347					d5d8fd77;f4c5e11a;54d88adf;11a7d7e5;9f840f37;2afa1f44;b2eca742;0d53a38a	pre_state;raw_vm_bytes:u16_0	no_state_samples_in_current_traces
66	vmop_066_plus0x3_state_add_const_slot_multi_path	algebraic_mba	45478	vm_instruction_trace.tsv:22739;vm_instruction_trace_filefill_hiddenfill_frontierfill_footprintfill.tsv:22739	0xd0b06;0xd0c6d;0xd0c86;0xd0cef;0xd0d38;0xd0de2;0xd0f13;0xd0f45;0xd0fae;0xd0fb9;0xd1021;0xd1043;0xd1225;0xd1237;0xd12c1;0xd12ee;0xd1301;0xd1379;0xd13a0;0xd13ba;0xd13e2;0xd4057;0xd4088;0xd4111;...+2156	3;17;20;26;30;33;37;43;48;49;52;54;64;70;74;79;83;90;92;99;105;107;114;121;...+64					31983a;7d2bfa;5dacde;552ce8;6da038;f1d76a;821eb6;393aa0	pre_state;pre_flags;raw_vm_bytes:b2,u16_0	no_state_samples_in_current_traces
69	vmop_069_plus0xd_state_formula_slot_unknown	dispatch_unknown	25	vm_instruction_trace_filefill_hiddenfill_frontierfill_footprintfill.tsv:23;vm_instruction_trace.tsv:2	0xd5044;0xd77c8;0x31c33a;0x3387d9;0x33e707;0x362716;0x369951;0x370127	171;310;354			0xbffd3685	0x9c3300c2	0009c98e9a2065ea5536008000;00ccb947a5047cb4610d008000ab00e801;c4b49396790f443faf0d008000e8016201;120bfc05e4d8611cf431008000e801ab00;ca6c3d5e33ae7740eb33008000ab00e801;5b61e70803d91ed2a633008000e8016201;f925247ee1a8623da236008000ab00e801;fa66421da93f42dd1f37008000e8016201	pre_state;pre_flags	no_state_samples_in_current_traces
70	vmop_070_plus0x5_state_add_const_slot_mba_stateful	algebraic_mba	3258	vm_instruction_trace.tsv:1629;vm_instruction_trace_filefill_hiddenfill_frontierfill_footprintfill.tsv:1629	0xd0c2c;0xd1134;0xd5509;0xd57b8;0xd7513;0xda3bc;0xdac84;0x11ad8a;0x11b016;0x11b70a;0x11bc55;0x11c2d7;0x11c578;0x11d564;0x11d7d8;0x11e5a1;0x11ecc2;0x11f021;0x11f066;0x12159a;0x121b5e;0x121db9;0x1220a1;0x122371;...+205	108;144;160;173;198;256;257;352					ba56003d01;6925003d01;f950003d01;acf3d33d01;ab8e003d01;4c2a3b3d01;1ac4433d01;4273e13d01	pre_state;pre_flags;raw_vm_bytes:u16_0	no_state_samples_in_current_traces
74	vmop_074_plus0x5_state_add_const_slot_mba_stateful	algebraic_mba	66	vm_instruction_trace.tsv:33;vm_instruction_trace_filefill_hiddenfill_frontierfill_footprintfill.tsv:33	0x120e83;0x22ffcd;0x2c0576;0x30f7ca;0x31b11f;0x335047;0x3350f1;0x338cb6;0x3412e7;0x341391;0x362e0d;0x363fc6;0x3643e9	108;144;160;173;198;352					c6cf3d01a7;2c243d019d;55a63d0123;6af53d01f1;3c853d01f7;4c2c3d017f;74a33d0103;b7fc3d0129	pre_state;pre_flags;raw_vm_bytes:u16_0	no_state_samples_in_current_traces
75	vmop_075_minus0x6d_sampled_backedge_slot_unknown	dispatch_unknown	687	vm_instruction_trace_filefill_hiddenfill_frontierfill_footprintfill.tsv:411;vm_instruction_trace.tsv:276	0xd57d4;0xd78ea;0x11e39b;0x122615;0x18beab;0x1a52c0;0x22ffb1;0x2935fd;0x293643;0x2bf048;0x310dba;0x31b82c;0x31c005;0x31e54b;0x33518c;0x33e829;0x340f1b;0x343122;0x361133;0x368052;0x368a98;0x36c899	28;30;114;140;165;168;171;180;189;199;260;300;322;337;350;354					ab0000006d0000803d019a5ae9e544f6d9c39fb63a3668ff1418b4e9c6cf3d01;620100003e0200003d012254056287b5718f8f7b06bf9d016f909a7f003d0177;ab000000a52a00003d01223ae7bda6db049b10e8010b126800d80dabd4fa6880;62010000110200003d019abf042b7d44c0e5991e39c30be801d3943ae3ef6800;a5000000300000003d0122f8e6809d018cc13d011300cfad18fb6008b4710fe9;a5000000880200003d01006d0df0008a1f1bdcbc530ce801df9214be0d02ad00;a5000000600000003d01222ae237ad68004507ed80ebca6e3fb806e801980288;a5000000300000003d012267b79d01fc8313003d0180b537e5cf880a01e4f6cd	pre_state	no_state_samples_in_current_traces
78	vmop_078_plus0xd_state_preserve_slot_multi_path	algebraic_mba	20	vm_instruction_trace_filefill_hiddenfill_frontierfill_footprintfill.tsv:19;vm_instruction_trace.tsv:1	0x11e02d;0x293222;0x331c7a;0x33cb55;0x36b693	165;171;310;354			0x1400b840	0x1400b840	d5a3e8f5b13421dfd233008000;206105e4180518cf3b33008000e801a500;4c90bfd11d1725f3da36008000e801a500;2c4766f5a11e04422e12008000e801ab00;6394ff02ef88624d172c0080006201e801	pre_state;pre_flags;raw_vm_bytes:u16_0	no_state_samples_in_current_traces
79	vmop_079_plus0x5_state_add_const_slot_multi_path	algebraic_mba	7266	vm_instruction_trace.tsv:3633;vm_instruction_trace_filefill_hiddenfill_frontierfill_footprintfill.tsv:3633	0xd0bd0;0xd0c58;0xd0ec8;0xd111c;0xd11a6;0xd40bc;0xd477f;0xd49a5;0xd5a4f;0xd5c33;0xd72a2;0xda3a4;0xdac9a;0x11b4de;0x11b6f2;0x11b906;0x11bc6b;0x11bed3;0x11c7e9;0x11d03f;0x11d0cc;0x11d0fb;0x11d13f;0x11d7c0;...+393	108;144;160;173;198;256;257;352					82a83d0100;96293d0100;40853d0100;56a53d0100;f6253d0100;3ac83d0100;70073d0100;ca843d0100	pre_state;pre_flags;raw_vm_bytes:u16_0	no_state_samples_in_current_traces
82	vmop_082_plus0x3_state_add_const_slot_mba_stateful	algebraic_mba	284	vm_instruction_trace.tsv:142;vm_instruction_trace_filefill_hiddenfill_frontierfill_footprintfill.tsv:142	0x120c79;0x1a5f7e;0x2309bd;0x231019;0x29311b;0x30f768;0x332219;0x335689;0x33cfd6;0x340bcb;0x36163c	18;99;157;168;217;307;333					3eb162;20b962;428762;085862;998b62;d95562;6f8e62;de4662	pre_state;pre_flags;raw_vm_bytes:u16_0	no_state_samples_in_current_traces
83	vmop_083_plus0x5_state_add_const_slot_multi_path	algebraic_mba	5016	vm_instruction_trace.tsv:2508;vm_instruction_trace_filefill_hiddenfill_frontierfill_footprintfill.tsv:2508	0xd0c42;0xd4512;0xd4541;0xd4795;0xd49bb;0xd5579;0xd5a39;0xd7529;0x11b6c4;0x11b934;0x11bc3d;0x11bc81;0x11bf72;0x11bfce;0x11c1ca;0x11c24f;0x11c7a0;0x11c877;0x11c8bf;0x11c936;0x11d084;0x11d0b2;0x11d129;0x11d54c;...+408	108;144;160;173;198;256;257;352					f4ae003d01;1d19003d01;1229003d01;2985003d01;33a6003d01;93b4003d01;8f9c003d01;3522003d01	pre_state;pre_flags;raw_vm_bytes:u16_0	no_state_samples_in_current_traces
88	vmop_088_plus0x5_state_add_const_slot_multi_path	algebraic_mba	298	vm_instruction_trace.tsv:149;vm_instruction_trace_filefill_hiddenfill_frontierfill_footprintfill.tsv:149	0x1217ac;0x230832;0x230f24;0x2311bb;0x31ca8a;0x331fa3;0x33c037;0x33f9b9;0x341831;0x3420a3;0x36103f	108;173;256;257;352					e5b8553d01;41eba63d01;8709003d01;d7a06a3d01;9d472c3d01;bdccec3d01;5508683d01;1b01783d01	pre_state;pre_flags;raw_vm_bytes:u16_1	no_state_samples_in_current_traces
90	vmop_090_plus0x4_state_add_const_slot_mba_stateful	algebraic_mba	1134	vm_instruction_trace.tsv:567;vm_instruction_trace_filefill_hiddenfill_frontierfill_footprintfill.tsv:567	0x177c71;0x1a4949;0x1a534b;0x1a5575;0x1ed366;0x22ff7e;0x230d22;0x24a660;0x292f2b;0x30efb8;0x30f1cc;0x30f5a5;0x310b11;0x31abaa;0x31ac40;0x31ac86;0x31acd1;0x31ad68;0x31adb6;0x31b53c;0x31b631;0x31b6db;0x31b9d3;0x31ba21;...+72	3;17;18;28;30;48;49;52;66;70;74;79;83;121;122;124;140;153;185;199;200;215;220;239;...+15					8ff5bf9a;c7eceeaa;5ff3bd85;b7f25ab8;77f1b7f2;bfecf20c;8ff579d5;77f18bed	pre_state;pre_flags;raw_vm_bytes:u16_0,u16_2	no_state_samples_in_current_traces
91	vmop_091_plus0x4_state_add_const_slot_mba_stateful	algebraic_mba	4502	vm_instruction_trace.tsv:2251;vm_instruction_trace_filefill_hiddenfill_frontierfill_footprintfill.tsv:2251	0xd4118;0xd54e6;0xd7297;0xd74c8;0xda3a0;0x11affa;0x11bf6e;0x11c2b7;0x11c558;0x11c8b7;0x11c901;0x11d030;0x11d4ff;0x11deac;0x11e167;0x11ea7c;0x12154f;0x121d92;0x122575;0x128cd3;0x1706b9;0x170c50;0x1710f5;0x1713a1;...+339	3;18;28;43;49;64;66;79;83;112;114;157;168;172;185;189;196;199;203;215;220;258;268;269;...+8					5007e801;4005e801;541fe801;4389e801;8bfee801;e80ae801;8bf6e801;e042e801	pre_state;raw_vm_bytes:u16_0	no_state_samples_in_current_traces
92	vmop_092_plus0x4_state_add_const_slot_multi_path	algebraic_mba	614	vm_instruction_trace.tsv:307;vm_instruction_trace_filefill_hiddenfill_frontierfill_footprintfill.tsv:307	0x11adb1;0x11c859;0x11d7df;0x177278;0x1772ec;0x1a5b77;0x2311f5;0x30f0de;0x30f325;0x30f6ca;0x3105c6;0x31b37f;0x31b941;0x31bb55;0x31be1e;0x31bf0c;0x31c14c;0x31c1dc;0x31c220;0x31c496;0x31c791;0x31c8bd;0x31cbdb;0x31dd8c;...+57	3;17;18;28;48;49;66;74;79;83;105;122;124;131;140;154;185;199;215;220;239;253;254;260;...+12					24361720;3c3527ff;a434c56f;bc303fda;5c2ce000;b43198db;94326ebf;a4339891	pre_state;pre_flags;raw_vm_bytes:u16_0,u16_2	no_state_samples_in_current_traces
94	vmop_094_plus0x5_state_add_const_slot_multi_path	algebraic_mba	182	vm_instruction_trace.tsv:91;vm_instruction_trace_filefill_hiddenfill_frontierfill_footprintfill.tsv:91	0x231106;0x30f4eb;0x316132;0x31bd20;0x334f54;0x360ea2;0x368179;0x36b9bc	144;160;173;198					8ba6eb3d01;01be323d01;57a62b3d01;a13d323d01;9bef293d01;d9c6eb3d01;4be76b3d01;193ea23d01	pre_state;pre_flags;raw_vm_bytes:u16_1	no_state_samples_in_current_traces
95	vmop_095_plus0xa_state_preserve_slot_mba_stateful	algebraic_mba	1195	vm_instruction_trace_filefill_hiddenfill_frontierfill_footprintfill.tsv:630;vm_instruction_trace.tsv:565	0xd1002;0xd5641;0x11ca2a;0x11d6a2;0x11e27c;0x11e695;0x11e962;0x121c83;0x128de7;0x170b41;0x170db1;0x171e6b;0x173043;0x1739be;0x176c87;0x1770e9;0x18ba5b;0x249956;0x249ddc;0x24a01f;0x24a292;0x24ab6a;0x24b640;0x24bb69;...+29	42;86;165;169;171;310;354			0x3ffda2b6;0xc04a030;0xa5d60228;0x4ac4ab80;0xdeaf53c6;0x37ee0220;0x6fbdfffb;0xd6ac94ea	0x12833a00;0xc04a030;0xb5deff2f;0x4ac4ab80;0xdead53c6;0x3fee7f36;0x91a615d2;0x90396658	a8fb2600800000fd0100;28012700800000fd0100;7abe24008000e05406006201e8017200fb628cacbbc49900082133e801a4ac88;2074330080000fd54800;747a3300800080fd0100;690432008000e04d0700a500e8014000c5a6990034c17b03fb98eee80129f6ef;7ed433008000b2510700;9b71310080009c330700	pre_state;raw_vm_bytes:u16_4	no_state_samples_in_current_traces
99	vmop_099_plus0x5_state_add_const_slot_mba_stateful	algebraic_mba	1390	vm_instruction_trace.tsv:695;vm_instruction_trace_filefill_hiddenfill_frontierfill_footprintfill.tsv:695	0x120c89;0x1a5f84;0x2302b6;0x2309c0;0x230f98;0x231020;0x23111f;0x26cf00;0x31ca2b;0x31e80f;0x31eb2b;0x332223;0x335698;0x33a3cc;0x33e925;0x340bd7;0x3417d2;0x344736;0x36163f;0x362dae;0x36438a;0x36bc3c;0x36f933;0x3710a3;...+2	108;144;160;173;198;256;257;352					000aaf3d01;00097a3d01;00df5e3d01;0075353d01;00d2e53d01;007d363d01;006dc13d01;0070b33d01	pre_state;raw_vm_bytes:u16_1	no_state_samples_in_current_traces
101	vmop_101_plus0xd_state_add_const_slot_mba_stateful	algebraic_mba	2	vm_instruction_trace.tsv:1;vm_instruction_trace_filefill_hiddenfill_frontierfill_footprintfill.tsv:1	0xd4e92	199					1e1e020080003d0122e80154b0	pre_state;raw_vm_bytes:u16_11	no_state_samples_in_current_traces
102	vmop_102_plus0xd_state_preserve_slot_mba_stateful	algebraic_mba	128	vm_instruction_trace.tsv:64;vm_instruction_trace_filefill_hiddenfill_frontierfill_footprintfill.tsv:64	0x230905	268					474e040080003d0189e801b994	pre_state;raw_vm_bytes:u16_11	no_state_samples_in_current_traces
107	vmop_107_plus0x5_state_add_const_slot_mba_stateful	algebraic_mba	512	vm_instruction_trace.tsv:256;vm_instruction_trace_filefill_hiddenfill_frontierfill_footprintfill.tsv:256	0x23034e	160					9ed4a93d01	pre_state;raw_vm_bytes:u16_0	no_state_samples_in_current_traces
108	vmop_108_plus0x2_state_add_const_slot_mba_stateful	algebraic_mba	10478	vm_instruction_trace.tsv:5239;vm_instruction_trace_filefill_hiddenfill_frontierfill_footprintfill.tsv:5239	0xd0e7a;0xd0f29;0xd1150;0xd1195;0xd40d9;0xd4517;0xd452f;0xd49c0;0xd550e;0xd5524;0xd5a54;0xd74d1;0xd7500;0xda5d1;0xdac71;0x11ad8f;0x11b049;0x11bef0;0x11bf77;0x11c1e7;0x11c225;0x11c565;0x11c593;0x11c7a5;...+695	17;18;28;30;43;48;62;64;65;66;90;92;105;114;117;121;124;128;140;146;154;157;165;168;...+40					45d0;d88b;fc63;f63d;01d9;965a;6690;cf80	pre_state;pre_flags;raw_vm_bytes:u16_0	no_state_samples_in_current_traces
112	vmop_112_plus0x5_state_formula_slot_unknown	dispatch_unknown	4	vm_instruction_trace.tsv:2;vm_instruction_trace_filefill_hiddenfill_frontierfill_footprintfill.tsv:2	0x1a4ed5;0x343e2a	108;160					133d01a9f4;003d01f9d3	pre_state;pre_flags;raw_vm_bytes:u16_3	no_state_samples_in_current_traces
114	vmop_114_plus0x4_state_add_const_slot_multi_path	algebraic_mba	50600	vm_instruction_trace.tsv:25300;vm_instruction_trace_filefill_hiddenfill_frontierfill_footprintfill.tsv:25300	0xd0ae4;0xd0bfa;0xd0c25;0xd0c65;0xd0cac;0xd0cbf;0xd0ceb;0xd0cf6;0xd0d3b;0xd0f8c;0xd103f;0xd1183;0xd11ea;0xd1221;0xd123a;0xd124d;0xd132e;0xd13a3;0xd1411;0xd1432;0xd143d;0xd3fe3;0xd4022;0xd4031;...+2230	3;18;20;26;28;30;33;37;43;49;52;66;70;74;79;83;118;121;123;124;125;128;131;140;...+48					4d9239d4;2a8933bc;c67809c0;f5b572ff;c7fd6736;36777835;2d4d0182;60b30ffb	pre_state;pre_flags;raw_vm_bytes:u16_0,u16_2	no_state_samples_in_current_traces
117	vmop_117_minus0x40_sampled_backedge_slot_unknown	dispatch_unknown	244	vm_instruction_trace.tsv:122;vm_instruction_trace_filefill_hiddenfill_frontierfill_footprintfill.tsv:122	0x11c256;0x1a5ee8;0x30eee2;0x31cbe6;0x31e75d;0x3320fd;0x334ca3;0x33c5b0;0x33e8d6;0x33f708;0x34094b;0x342644;0x343f34;0x362b22;0x369b20;0x36b386;0x36d571;0x36f6a7	165;171;354					a5000000540000001c00400510ef5536d52d0851a81008d2e15d1bc0433d0100;ab000000ce020080fe00e80142476310e801dff768009c7ddef4ec1db3003d01;a500000040000080290131eee5d33ddb0f9f76b0db6477b88d630ee801003d01;a5000000c10b0080c700df4d3ad4c7d003e8016e922798cec51f98151649c300;6201000084050080fe00e80142478b09e8017f74bfa5d3e16800354be8003d01;6201000067070080c4001e6e14f6a12b42478b06e801d88dfbc8b7a0870088b9;62010000220000004000e3aab300007db44871e0f6ffafafe7db91377f003d01;6201000040000080d700100888528c5c038d0f63f15b0ee80108e12d2300c0a7	pre_state	no_state_samples_in_current_traces
118	vmop_118_plus0x3_state_formula_slot_mba_stateful	algebraic_mba	796	vm_instruction_trace.tsv:398;vm_instruction_trace_filefill_hiddenfill_frontierfill_footprintfill.tsv:398	0x1ed3c3;0x2302af;0x230f91;0x2310eb;0x31bcb3;0x31eb28;0x34247d;0x36437b;0x365520;0x36810e;0x36bc29;0x36d7e6	99;114;172;189;208;217;268;322;332;333					62a62b;625890;62a852;625947;62f3d8;62753d;623733;620cea	pre_state;raw_vm_bytes:u16_1	no_state_samples_in_current_traces
119	vmop_119_plus0x6_state_add_const_slot_mba_stateful	algebraic_mba	1844	vm_instruction_trace.tsv:922;vm_instruction_trace_filefill_hiddenfill_frontierfill_footprintfill.tsv:922	0xd0f57;0xd4160;0xd5c50;0x11b077;0x11b97f;0x11c97f;0x11cc4c;0x11d5f7;0x11da5d;0x11eae1;0x11f2f0;0x120a49;0x1215e5;0x121e1b;0x128d3c;0x1707ab;0x1727cc;0x1729f6;0x173432;0x17365c;0x173913;0x174098;0x1769fa;0x17740d;...+70	18;28;64;66;114;185;189;199;215;258;297;307;337;340;347					e8013d01cb96;e8013d019a23;e8013d01f396;e8013d012a12;e8013d01f76b;e8013d01a8eb;e8013d012391;e8013d012b97	pre_state;raw_vm_bytes:u16_4	no_state_samples_in_current_traces
121	vmop_121_plus0x4_state_add_const_slot_mba_stateful	algebraic_mba	4396	vm_instruction_trace.tsv:2198;vm_instruction_trace_filefill_hiddenfill_frontierfill_footprintfill.tsv:2198	0xd0bc4;0xd1156;0xd40ad;0xd5a44;0xd72de;0xd74c4;0x11b04e;0x11b294;0x11b95e;0x11bc72;0x11c313;0x11c50f;0x11c945;0x11ce37;0x11d02c;0x11ec9f;0x121bb7;0x122b67;0x128fa3;0x1706b5;0x170c82;0x170ec7;0x17111c;0x171663;...+191	3;18;28;36;43;48;49;64;66;79;83;91;105;114;125;157;168;172;180;183;189;196;199;203;...+19					b05c14f7;9862d043;10d1bfd0;82e06c02;583f8c31;838def0c;235f6a1f;22f9debc	pre_state;pre_flags;raw_vm_bytes:u16_0,u16_2	no_state_samples_in_current_traces
122	vmop_122_plus0x5_state_add_const_slot_mba_stateful	algebraic_mba	996	vm_instruction_trace.tsv:498;vm_instruction_trace_filefill_hiddenfill_frontierfill_footprintfill.tsv:498	0xd0c70;0xd4f89;0xd5416;0x11c1fb;0x11df72;0x1226c1;0x17792b;0x1a55ea;0x2935d5;0x293684;0x30f3c0;0x3127a0;0x3157dc;0x31b827;0x31bbf4;0x31c95e;0x31dd90;0x331940;0x332f7b;0x3332bb;0x335187;0x3355cb;0x336801;0x339a7e;...+17	75;114;145;189;199;210;246;258;316;334;340					96113d0185;643c3d01c1;8d893d0129;7e3f3d01b7;45593d01ff;efd83d013b;98233d01bd;17533d01c9	pre_state;pre_flags;raw_vm_bytes:u16_0	no_state_samples_in_current_traces
123	vmop_123_plus0x4_state_add_const_slot_mba_stateful	algebraic_mba	21196	vm_instruction_trace.tsv:10598;vm_instruction_trace_filefill_hiddenfill_frontierfill_footprintfill.tsv:10598	0xd0c94;0xd0ca5;0xd0cdc;0xd11fc;0xd123e;0xd1254;0xd13d3;0xd13f4;0xd140a;0xd1415;0xd4183;0xd41ba;0xd41d0;0xd4347;0xd4859;0xd487a;0xd4a5e;0xd4c31;0xd4c73;0xd4e36;0xd4e83;0xd4e8e;0xd4ee3;0xd4f04;...+865	5;18;28;40;50;64;66;69;78;95;101;114;119;175;181;185;189;195;199;215;216;258;261;264;...+10					e63ae801;a029e801;76e5e801;8175e801;562de801;5e58e801;7e5de801;b482e801	pre_state;raw_vm_bytes:u16_0	no_state_samples_in_current_traces
124	vmop_124_plus0x6_state_add_const_slot_multi_path	algebraic_mba	3592	vm_instruction_trace.tsv:1796;vm_instruction_trace_filefill_hiddenfill_frontierfill_footprintfill.tsv:1796	0xd0bdf;0xd0e83;0xd412f;0xd4dce;0xd515d;0xd5547;0xd72a9;0x11ad7d;0x11ada8;0x11ade6;0x11b275;0x11bba8;0x11bc4f;0x11bea8;0x11bf81;0x11bfb2;0x11c87e;0x11c91a;0x11cb4f;0x11d7e3;0x11df26;0x11e7be;0x121835;0x121b87;...+282	3;18;28;37;43;48;49;52;64;66;70;79;83;90;92;114;122;148;157;168;172;185;189;192;...+22					515800e05fc9;6c9c00e447c1;1a2ef0d6efc8;1a21007cbfbf;cc390024c7c9;e1fc3124cfc6;c1cc003a2fcb;d0b017f593c7	pre_state;pre_flags;raw_vm_bytes:u16_4,u32_0	no_state_samples_in_current_traces
125	vmop_125_plus0x5_state_formula_slot_mba_stateful	algebraic_mba	258	vm_instruction_trace.tsv:129;vm_instruction_trace_filefill_hiddenfill_frontierfill_footprintfill.tsv:129	0xd4be6;0xd78e5;0x11e14a;0x11e396;0x1217c2;0x121ff8;0x1a4da5;0x1a50e3;0x1a58ad;0x1a5e98;0x2317cf;0x29333f;0x2bf043;0x312978;0x31e16c;0x31e359;0x31e733;0x31e83d;0x343679;0x364d82;0x36515c;0x369392;0x369896;0x36cde3;...+2	18;28;30;75;114;145;210;246;316;334;347					f8c8cb3d01;7353a13d01;a651933d01;0a59c33d01;b4d13d3d01;2edeab3d01;2b60213d01;afcb9b3d01	pre_state;raw_vm_bytes:u16_0	no_state_samples_in_current_traces
127	vmop_127_plus0x5_state_add_const_slot_mba_stateful	algebraic_mba	768	vm_instruction_trace.tsv:384;vm_instruction_trace_filefill_hiddenfill_frontierfill_footprintfill.tsv:384	0x22ff94;0x2309a7;0x231210	108;144;257					df22c93d01;7bc7793d01;99a12b3d01	pre_state;raw_vm_bytes:u16_0	no_state_samples_in_current_traces
128	vmop_128_plus0x5_state_add_const_slot_multi_path	algebraic_mba	2316	vm_instruction_trace.tsv:1158;vm_instruction_trace_filefill_hiddenfill_frontierfill_footprintfill.tsv:1158	0xd4bc4;0xd74eb;0x11befd;0x11c246;0x11c808;0x11d832;0x11df3e;0x11df55;0x11ecd4;0x11efa1;0x11efdf;0x11f033;0x1225f3;0x1226a4;0x17134a;0x173848;0x1778ac;0x18bbb5;0x1a498f;0x1a5307;0x1ed3b3;0x23004b;0x230265;0x2302f1;...+91	3;18;28;43;49;64;66;79;82;83;94;99;114;131;157;168;172;185;189;196;199;203;215;220;...+10					3a7985dd9b;3a7bc1791e;3a7bc10993;3a79459b9c;3a7985e319;3a7b85859c;3a6b81f9aa;3a7b85b910	pre_state;pre_flags;raw_vm_bytes:u16_1,u16_3	no_state_samples_in_current_traces
129	vmop_129_plus0x3_state_add_const_slot_multi_path	algebraic_mba	278	vm_instruction_trace.tsv:139;vm_instruction_trace_filefill_hiddenfill_frontierfill_footprintfill.tsv:139	0xd40de;0xd454c;0x11d83a;0x230c4b;0x23111c;0x3338c6;0x33a3bd;0x33ff19;0x3431d7;0x362da3	66;99;146;172;199;215;217;300;347					750532;783132;f00662;2c6362;d46662;d92e62;c82462;fd0a62	pre_state;pre_flags;raw_vm_bytes:u16_0	no_state_samples_in_current_traces
130	vmop_130_plus0x5_state_add_const_slot_multi_path	algebraic_mba	10	vm_instruction_trace.tsv:5;vm_instruction_trace_filefill_hiddenfill_frontierfill_footprintfill.tsv:5	0xd0e8d;0x343dff	144;198					78f53d0100;a1c33d014b	pre_state;pre_flags;raw_vm_bytes:u16_0	no_state_samples_in_current_traces
131	vmop_131_plus0x5_state_formula_slot_multi_path	algebraic_mba	132	vm_instruction_trace.tsv:66;vm_instruction_trace_filefill_hiddenfill_frontierfill_footprintfill.tsv:66	0x1222b2;0x1a4d8f;0x30f286;0x31b8db;0x31c65b;0x33c456;0x340c36;0x3424e8;0x360f95;0x363e29;0x363f1c;0x364120;0x3679d6;0x367b73;0x367d34;0x36f38c;0x36f54d;0x36f992	108;144;160;173;198;257;352					537b6a3d01;e1f3c13d01;a5bf473d01;7bff873d01;41fbeb3d01;dd97bc3d01;dbe3fa3d01;07d7f73d01	pre_state;pre_flags;raw_vm_bytes:u16_1	no_state_samples_in_current_traces
136	vmop_136_plus0x5_state_add_const_slot_mba_stateful	algebraic_mba	4	vm_instruction_trace.tsv:2;vm_instruction_trace_filefill_hiddenfill_frontierfill_footprintfill.tsv:2	0x31b7dc	198					75d83d015b	pre_state;raw_vm_bytes:u16_0	no_state_samples_in_current_traces
140	vmop_140_plus0x6_state_add_const_slot_multi_path	algebraic_mba	4380	vm_instruction_trace.tsv:2190;vm_instruction_trace_filefill_hiddenfill_frontierfill_footprintfill.tsv:2190	0xd40c3;0xd4ba8;0x11b494;0x11b4b7;0x11bb67;0x11c7a7;0x11debb;0x12155e;0x121b4d;0x121fd1;0x122603;0x128ce6;0x1706cf;0x17132a;0x171b47;0x172bca;0x172c12;0x1733e3;0x173833;0x1738b9;0x173b7f;0x173e1b;0x177621;0x177904;...+224	3;17;18;28;37;43;48;49;52;64;66;70;79;83;92;105;114;151;157;168;172;185;189;190;...+25					524921bacfee;04ac8954b190;fe0ad9458874;8fb3ccd38d85;5655c9db3a16;f2a3d3c5c145;28a4393b9a01;50d3493c96fd	pre_state;pre_flags;raw_vm_bytes:u16_0	no_state_samples_in_current_traces
142	vmop_142_plus0xa_state_formula_slot_unknown	dispatch_unknown	2	vm_instruction_trace.tsv:1;vm_instruction_trace_filefill_hiddenfill_frontierfill_footprintfill.tsv:1	0x36c873	83					c9c7f0c636380f399802	pre_state;pre_flags;raw_vm_bytes:u16_8,u32_0	no_state_samples_in_current_traces
144	vmop_144_plus0x2_state_mixed_slot_mba_stateful	algebraic_mba	10436	vm_instruction_trace.tsv:5218;vm_instruction_trace_filefill_hiddenfill_frontierfill_footprintfill.tsv:5218	0xd0bd5;0xd0c5d;0xd0e92;0xd4bbe;0xd5c38;0xd72d5;0xd74e9;0xda3c1;0xda3ed;0x11adf1;0x11b49f;0x11bb65;0x11be9a;0x11c23d;0x11c336;0x11c54b;0x11c5a9;0x11c8aa;0x11c8dc;0x11cb92;0x11d073;0x11d50c;0x11d580;0x11d5b2;...+595	17;18;28;30;43;48;62;64;65;66;90;92;105;114;117;118;121;124;128;129;140;146;154;157;...+43					0f9e;3797;6797;3f97;9f9f;4f9e;1f90;ff9b	pre_state;raw_vm_bytes:u16_0	no_state_samples_in_current_traces
145	vmop_145_plus0x139_sampled_long_or_sparse_slot_unknown	dispatch_unknown	401	vm_instruction_trace_filefill_hiddenfill_frontierfill_footprintfill.tsv:259;vm_instruction_trace.tsv:142	0x11bb7e;0x11da3a;0x121aba;0x1222cd;0x1a55ef;0x26cf1b;0x293620;0x31bbf9;0x31e171;0x334c7b;0x336806;0x3386cd;0x341a45;0x342cde;0x34367e;0x369a73;0x36c4e9;0x36ef16;0x36f86b;0x3704f7;0x370743;0x37158e	18;43;66;121;157;165;171;180;183;189;196;199;203;215;268;300;332;350;354					a5000000ec0b00003d01226005cfb8eb00c5036f80909d5a47e8015ead78020e;620100008b0200003d0100e80540083ca507536800c8895412e801c6e3836c46;62010000300000003d01224007809d01b4c43d0113005801c43e8be2fe1752c9;a50000004b0700003d0100f0073fbd4247330ce801ae5859958d2d01c6a2ab08;62010000300000003d01224007809d01e4c33d011300b84390a7613f2e179145;a5000000880200003d0100880a684bc0fb9ee932910ac7da90abece8016809a0;62010000600000003d0122900356780fbc9c96c714530ce8019f9154e2ce2dac;ab000000300000003d0122a006130023569d013d0180179a0637fd4d2a11823c	pre_state	no_state_samples_in_current_traces
146	vmop_146_plus0x5_state_add_const_slot_multi_path	algebraic_mba	1156	vm_instruction_trace.tsv:578;vm_instruction_trace_filefill_hiddenfill_frontierfill_footprintfill.tsv:578	0xd1142;0xd57bf;0x11ad95;0x11bbbd;0x11c539;0x11d061;0x11d0eb;0x11f0b8;0x120a0d;0x120c3c;0x12180e;0x1225ae;0x122a81;0x17099a;0x1779cf;0x179f7f;0x1a567a;0x1ec4a8;0x1ec703;0x1ec9c2;0x23108d;0x23189e;0x24986f;0x24a6ad;...+77	3;18;28;43;49;64;66;70;79;82;83;88;99;114;157;168;172;185;189;199;203;215;217;220;...+11					6289f8f791;3aad9458f8;3ad1f23894;3a857a47d4;3a41b2a462;3a09ef745f;3a51bbc0aa;3a59fb4794	pre_state;pre_flags;raw_vm_bytes:u16_1,u16_3	no_state_samples_in_current_traces
148	vmop_148_plus0x5_state_add_const_slot_mba_stateful	algebraic_mba	288	vm_instruction_trace.tsv:144;vm_instruction_trace_filefill_hiddenfill_frontierfill_footprintfill.tsv:144	0x230f7f;0x3350a8;0x33523c;0x338b37;0x33c2d7;0x33c3e0;0x33f970;0x33fb0d;0x3411ab;0x341348;0x3414dc;0x342d8e;0x360ff6;0x363f7d;0x36798d;0x367b2a;0x367cbe;0x36f4d7	108;144;160;173;257;352					3d01ad7956;3d01638107;3d01979c5f;3d01b387b9;3d01cd5960;3d01010e61;3d01777960;3d015f795e	pre_state;pre_flags;raw_vm_bytes:u16_3	no_state_samples_in_current_traces
151	vmop_151_plus0x5_state_add_const_slot_mba_stateful	algebraic_mba	90	vm_instruction_trace.tsv:45;vm_instruction_trace_filefill_hiddenfill_frontierfill_footprintfill.tsv:45	0x30f23d;0x31b69e;0x331f2d;0x334f0b;0x33befb;0x33c248;0x34077b;0x342a5d;0x342bfa;0x360e59;0x3611e3;0x36f343	144;160;173;198;352					3d018d64db;3d01a910c7;3d014ddd14;3d01f58ba9;3d01e7a3d9;3d01f5a999;3d01710f37;3d01efb1b9	pre_state;pre_flags;raw_vm_bytes:u16_3	no_state_samples_in_current_traces
153	vmop_153_plus0x5_state_add_const_slot_mba_stateful	algebraic_mba	20	vm_instruction_trace.tsv:10;vm_instruction_trace_filefill_hiddenfill_frontierfill_footprintfill.tsv:10	0x3413dc;0x342c8e	144;173					daa53d010b;b58b3d0197	pre_state;raw_vm_bytes:u16_0	no_state_samples_in_current_traces
154	vmop_154_plus0x4_state_add_const_slot_multi_path	algebraic_mba	4418	vm_instruction_trace.tsv:2209;vm_instruction_trace_filefill_hiddenfill_frontierfill_footprintfill.tsv:2209	0xd0bf3;0xd0ea0;0xd1118;0xd49b4;0xd5514;0xd5795;0x11c2b3;0x11c5af;0x11c852;0x11c89d;0x11c8fd;0x11d53d;0x11d58d;0x11e7e9;0x11ecfc;0x11f001;0x11f086;0x11f4a6;0x120a20;0x1212a8;0x128a5a;0x128a89;0x128f89;0x170786;...+228	3;18;28;37;43;49;64;66;70;79;83;90;91;92;105;114;122;125;157;168;172;180;183;185;...+22					cadc1a27;bf418f13;812439ae;2df1a300;2868182a;c7e01fb7;1b1e6de7;6170a783	pre_state;pre_flags;raw_vm_bytes:u16_0,u16_2	no_state_samples_in_current_traces
157	vmop_157_plus0x4_state_add_const_slot_multi_path	algebraic_mba	29386	vm_instruction_trace.tsv:14693;vm_instruction_trace_filefill_hiddenfill_frontierfill_footprintfill.tsv:14693	0xd0c3e;0xd0df8;0xd0ed2;0xd1061;0xd1073;0xd10f7;0xd12a3;0xd12b2;0xd12d0;0xd40cd;0xd412b;0xd42d9;0xd43f1;0xd444e;0xd450e;0xd4914;0xd4963;0xd4cd0;0xd4d18;0xd4d39;0xd4dc6;0xd4f7f;0xd50d2;0xd5265;...+1371	3;18;26;28;30;33;37;49;52;64;66;70;79;83;114;118;121;124;131;140;146;148;154;179;...+42					4b439900;73d82800;fb0d2301;2b456800;1f252301;73939d01;7bd0d300;9396b300	pre_state;pre_flags;raw_vm_bytes:u16_0,u16_2	no_state_samples_in_current_traces
158	vmop_158_plus0x4_state_add_const_slot_multi_path	algebraic_mba	18864	vm_instruction_trace.tsv:9432;vm_instruction_trace_filefill_hiddenfill_frontierfill_footprintfill.tsv:9432	0xd0cbb;0xd0cc6;0xd0cd1;0xd0d29;0xd0d34;0xd1233;0xd13a7;0xd13de;0xd1441;0xd4199;0xd41db;0xd4320;0xd4389;0xd43b5;0xd43c0;0xd480c;0xd482d;0xd484e;0xd49f0;0xd4a53;0xd4a7f;0xd4c52;0xd4c94;0xd4de3;...+780	18;28;40;64;66;69;78;95;114;119;175;181;185;189;195;199;215;216;258;261;264;278;297;307;...+6					e801f6bf;e8019c67;e8012cac;e801e4b8;e8012414;e80149b2;e8010ed8;e8019f1e	pre_state;pre_flags;raw_vm_bytes:u16_2	no_state_samples_in_current_traces
160	vmop_160_plus0x2_state_const_post_slot_multi_path	algebraic_mba	10414	vm_instruction_trace.tsv:5207;vm_instruction_trace_filefill_hiddenfill_frontierfill_footprintfill.tsv:5207	0xd0c03;0xd0c47;0xd0e64;0xd1139;0xd1166;0xd117e;0xd44ed;0xd5552;0x11ae1d;0x11bbd2;0x11bc70;0x11c7d4;0x11c894;0x11ce48;0x11d0d1;0x11d100;0x11d59a;0x11d842;0x11d858;0x11dee8;0x11deff;0x11df19;0x11e1a3;0x11e5d2;...+552	17;18;28;30;43;48;62;64;65;66;90;92;105;114;117;121;124;128;140;146;154;157;165;168;...+41					e92b;912a;d12f;7029;d12e;f028;802c;f02c	pre_state;raw_vm_bytes:u16_0	no_state_samples_in_current_traces
161	vmop_161_plus0x4_state_add_const_slot_multi_path	algebraic_mba	18964	vm_instruction_trace.tsv:9482;vm_instruction_trace_filefill_hiddenfill_frontierfill_footprintfill.tsv:9482	0xd0cfd;0xd0f53;0xd0f7a;0xd0f85;0xd0fdd;0xd1275;0xd13ff;0xd142b;0xd41a4;0xd433c;0xd4368;0xd4373;0xd439f;0xd4817;0xd486f;0xd4885;0xd4a11;0xd4a74;0xd4c3c;0xd4c47;0xd4ed8;0xd4f46;0xd51d8;0xd51e3;...+794	18;28;40;64;66;78;95;114;119;175;181;185;189;195;199;215;216;241;258;261;264;278;297;307;...+6					8d73e801;8dd4e801;626fe801;1ad8e801;8a72e801;9e57e801;ea76e801;d26ee801	pre_state;raw_vm_bytes:u16_0	no_state_samples_in_current_traces
167	vmop_167_plus0x6_state_add_const_slot_mba_stateful	algebraic_mba	5018	vm_instruction_trace.tsv:2509;vm_instruction_trace_filefill_hiddenfill_frontierfill_footprintfill.tsv:2509	0xd0bb6;0xd1102;0xd40a2;0xd430e;0xd4989;0xd4b83;0xd5321;0xd5741;0xd5c17;0xd74ae;0xd78cb;0xda5b0;0x11ad54;0x11afe0;0x11b6a6;0x11c4f9;0x11cdf7;0x11d021;0x11d307;0x11d7a2;0x11da1b;0x11ddf5;0x11e37c;0x11ea62;...+150	283;295;351					e8013d010a64;e8013d01c52d;e8013d01cd29;e8013d010342;e8013d019f1d;e8013d011499;e8013d012680;e8013d01d56b	pre_state;raw_vm_bytes:u16_4	no_state_samples_in_current_traces
168	vmop_168_plus0x4_state_add_const_slot_multi_path	algebraic_mba	28736	vm_instruction_trace.tsv:14368;vm_instruction_trace_filefill_hiddenfill_frontierfill_footprintfill.tsv:14368	0xd0aeb;0xd0b51;0xd0b6b;0xd0c61;0xd0da2;0xd0df0;0xd0e71;0xd1046;0xd1152;0xd3fb5;0xd402d;0xd404f;0xd4231;0xd423c;0xd4261;0xd429d;0xd42bb;0xd43e2;0xd441e;0xd442d;0xd4469;0xd44ac;0xd44c7;0xd44fa;...+1341	3;18;26;28;30;31;33;37;49;52;64;66;70;79;83;94;99;114;121;124;125;128;140;146;...+42					ce57d6d9;65d062d7;d04f8ed8;b4d4fed5;e35516d9;e7f9e4d0;4c6f06d5;83f803d4	pre_state;pre_flags;raw_vm_bytes:u16_0,u16_2	no_state_samples_in_current_traces
172	vmop_172_plus0x4_state_add_const_slot_mba_stateful	algebraic_mba	25062	vm_instruction_trace.tsv:12531;vm_instruction_trace_filefill_hiddenfill_frontierfill_footprintfill.tsv:12531	0xd0b2f;0xd0c1b;0xd0c50;0xd0d83;0xd0dbf;0xd0e89;0xd1091;0xd1099;0xd10e4;0xd116b;0xd11b8;0xd1348;0xd1357;0xd400c;0xd40e1;0xd4252;0xd42e1;0xd48d9;0xd493e;0xd4af4;0xd4afc;0xd4b2d;0xd4b3f;0xd4d45;...+1069	3;18;26;28;30;33;37;49;64;66;70;74;79;83;88;114;121;124;125;128;130;131;140;146;...+43					a2afe300;2afaa30a;78b5eb03;47b7db0f;b0213b0b;f324d309;7e13ab0d;dd22e30a	pre_state;pre_flags;raw_vm_bytes:u16_0,u16_2	no_state_samples_in_current_traces
173	vmop_173_plus0x2_state_add_const_slot_multi_path	algebraic_mba	10202	vm_instruction_trace.tsv:5101;vm_instruction_trace_filefill_hiddenfill_frontierfill_footprintfill.tsv:5101	0xd0f11;0xd4153;0xd5778;0xd57a5;0xd57bd;0xd5a28;0x11add9;0x11b003;0x11b273;0x11b28b;0x11b2a1;0x11b4b5;0x11b70f;0x11b725;0x11b923;0x11bfa5;0x11c320;0x11c5bf;0x11cbda;0x11cbf2;0x11d05c;0x11e174;0x11e845;0x11e89f;...+511	17;18;28;30;43;48;62;64;65;66;90;92;114;117;121;124;128;140;146;154;157;165;168;171;...+40					7a0f;6b82;0b0c;df0a;7307;4709;8789;8f01	pre_state;pre_flags;raw_vm_bytes:u16_0	no_state_samples_in_current_traces
174	vmop_174_plus0x4_state_add_const_slot_mba_stateful	algebraic_mba	23484	vm_instruction_trace.tsv:11742;vm_instruction_trace_filefill_hiddenfill_frontierfill_footprintfill.tsv:11742	0xd0cb0;0xd0ce7;0xd0d13;0xd0d3f;0xd0fa6;0xd0fd2;0xd0ffe;0xd11f1;0xd1207;0xd121d;0xd13e9;0xd4178;0xd41e6;0xd4207;0xd4a27;0xd4a3d;0xd4c1b;0xd4c89;0xd4cb5;0xd4dff;0xd4ef9;0xd4fb1;0xd4fbc;0xd51a1;...+865	18;28;40;50;64;66;95;114;119;175;181;185;189;195;199;215;216;258;261;264;278;297;299;307;...+6					a90ee801;3b74e801;cf75e801;fb0ee801;a898e801;988be801;6751e801;a2bfe801	pre_state;pre_flags;raw_vm_bytes:u16_0	no_state_samples_in_current_traces
175	vmop_175_plus0x2cef7_central_or_long_slot_unknown	dispatch_unknown	6	vm_instruction_trace_filefill_hiddenfill_frontierfill_footprintfill.tsv:5;vm_instruction_trace.tsv:1	0xd1445;0x17a420;0x1a6041;0x316672;0x34556c	310			0x664d0ead	0x42000800	5133070080000f95c09c41535241554d89dd4c89ea415d4989d35a5548bda900;cb1702008000;515b07008000;031703008000;bd3903008000	pre_state;pre_flags	no_state_samples_in_current_traces
176	vmop_176_plus0x4_state_add_const_slot_multi_path	algebraic_mba	20276	vm_instruction_trace.tsv:10138;vm_instruction_trace_filefill_hiddenfill_frontierfill_footprintfill.tsv:10138	0xd0fe8;0xd11d5;0xd1212;0xd126a;0xd1280;0xd1396;0xd1436;0xd415c;0xd41af;0xd4331;0xd4352;0xd437e;0xd4394;0xd43cb;0xd47eb;0xd47f6;0xd4801;0xd4864;0xd4a32;0xd4a48;0xd4a69;0xd4c26;0xd4c68;0xd4caa;...+854	18;28;40;64;66;69;78;80;95;114;119;175;181;185;189;195;199;215;216;258;261;264;278;297;...+8					e801db9b;e8017de5;e801e2d8;e801cadd;e801f451;e801db52;e8017ac9;e801597a	pre_state;pre_flags;raw_vm_bytes:u16_2	no_state_samples_in_current_traces
179	vmop_179_plus0x5_state_add_const_slot_multi_path	algebraic_mba	1474	vm_instruction_trace.tsv:737;vm_instruction_trace_filefill_hiddenfill_frontierfill_footprintfill.tsv:737	0x11c7ca;0x11e191;0x11efb0;0x1212f7;0x121579;0x121b6d;0x121dc7;0x1220a8;0x12237f;0x122b05;0x172bde;0x172e9c;0x173b06;0x1a5bbb;0x2311af;0x2495a2;0x249a93;0x26ceb3;0x26e02c;0x26e512;0x26e9f0;0x26ecfb;0x26ef63;0x30f496;...+83	3;18;28;43;49;64;66;79;83;99;114;118;131;157;168;172;189;196;199;201;203;215;217;220;...+9					3a5ef384ee;3af633442e;3aaeb96276;3a7ef300f3;3af6baad55;3a47c9adc7;3abb9cb157;3a8df323f6	pre_state;pre_flags;raw_vm_bytes:u16_1,u16_3	no_state_samples_in_current_traces
180	vmop_180_plus0x4_state_mixed_slot_mba_stateful	algebraic_mba	3696	vm_instruction_trace.tsv:1848;vm_instruction_trace_filefill_hiddenfill_frontierfill_footprintfill.tsv:1848	0xd4b9d;0xdac61;0x11adc9;0x11b473;0x11b6c0;0x11b8f7;0x11bb39;0x11c1c2;0x11c873;0x11cb40;0x11d0bd;0x11d7bc;0x11d807;0x11df09;0x11eca3;0x11ef76;0x11f08a;0x1212c9;0x121b37;0x12207a;0x122355;0x122ad4;0x128c85;0x128ef6;...+358	3;18;28;43;49;64;66;79;83;114;157;168;172;185;189;196;199;203;215;220;239;258;268;269;...+7					e30be801;7308e801;1306e801;db06e801;c30be801;430fe801;930fe801;8310e801	pre_state;raw_vm_bytes:u16_0	no_state_samples_in_current_traces
181	vmop_181_plus0x6_state_add_const_slot_mba_stateful	algebraic_mba	2814	vm_instruction_trace.tsv:1407;vm_instruction_trace_filefill_hiddenfill_frontierfill_footprintfill.tsv:1407	0xd49d8;0xd4de7;0xd5596;0xd5a6c;0xd7546;0xda405;0xdae8e;0x11ae35;0x11b2b9;0x11b4fb;0x11ce76;0x11df82;0x11ed24;0x12138a;0x1223bb;0x17115a;0x1716fc;0x171b96;0x171dc0;0x172077;0x172cad;0x173e6e;0x1742c2;0x174483;...+60	18;28;64;66;114;185;189;199;215;258;297;307;337;340;347					3d01e8016ce4;3d01e80188e2;3d01e801bca7;3d01e801566a;3d01e8019bf1;3d01e801ba90;3d01e8012746;3d01e8012f83	pre_state;raw_vm_bytes:u16_4	no_state_samples_in_current_traces
183	vmop_183_plus0x4_state_add_const_slot_mba_stateful	algebraic_mba	4652	vm_instruction_trace.tsv:2326;vm_instruction_trace_filefill_hiddenfill_frontierfill_footprintfill.tsv:2326	0xd0ec1;0x11ad6e;0x11b231;0x11bb8f;0x11bc32;0x11be79;0x11bec4;0x11c21c;0x11c513;0x11c799;0x11c7e2;0x11cbcd;0x11ce06;0x11d591;0x11e57a;0x11e7a8;0x11e838;0x11f005;0x1209d8;0x120c07;0x1217dc;0x12262a;0x122a50;0x122b6b;...+355	3;18;28;43;49;64;66;79;83;114;130;157;168;172;185;189;196;199;203;215;220;258;268;269;...+8					e801cec4;e80172df;e8010a80;e801041d;e8011e87;e80174c5;e8012688;e8017cae	pre_state;raw_vm_bytes:u16_2	no_state_samples_in_current_traces
184	vmop_184_plus0x4_state_add_const_slot_multi_path	algebraic_mba	24188	vm_instruction_trace.tsv:12094;vm_instruction_trace_filefill_hiddenfill_frontierfill_footprintfill.tsv:12094	0xd0c89;0xd0d08;0xd0d1e;0xd0f48;0xd0f64;0xd0f6f;0xd0f90;0xd11ca;0xd1249;0xd125f;0xd13b2;0xd13c8;0xd1420;0xd416d;0xd41f1;0xd41fc;0xd47da;0xd4822;0xd4838;0xd49c9;0xd4a1c;0xd4bff;0xd4c0a;0xd4c5d;...+832	18;28;40;64;66;85;95;102;114;119;181;185;189;195;199;215;216;258;261;264;278;297;307;311;...+5					da7fe801;f864e801;5832e801;ba75e801;3a79e801;d8b8e801;aa7ee801;7426e801	pre_state;pre_flags;raw_vm_bytes:u16_0	no_state_samples_in_current_traces
185	vmop_185_plus0x3_state_add_const_slot_multi_path	algebraic_mba	43240	vm_instruction_trace.tsv:21620;vm_instruction_trace_filefill_hiddenfill_frontierfill_footprintfill.tsv:21620	0xd0b33;0xd0b7e;0xd0be5;0xd0c37;0xd0cfa;0xd0d1b;0xd0d53;0xd0f2b;0xd0f9f;0xd1065;0xd1070;0xd10bb;0xd10ec;0xd11d2;0xd12e3;0xd131f;0xd1393;0xd13af;0xd13c5;0xd13cc;0xd13db;0xd4048;0xd4143;0xd4296;...+1861	0;3;17;20;26;30;33;37;43;48;49;52;64;70;74;79;83;90;105;114;121;122;123;124;...+59					e72d3a;3ce53a;b3163a;24ac3a;a3013a;17963a;4b153a;6b0c3a	pre_state;pre_flags;raw_vm_bytes:u16_0	no_state_samples_in_current_traces
186	vmop_186_plus0x5_state_add_const_slot_mba_stateful	algebraic_mba	100	vm_instruction_trace.tsv:50;vm_instruction_trace_filefill_hiddenfill_frontierfill_footprintfill.tsv:50	0x31b5ab;0x31b748;0x31cb94;0x334ffe;0x33c1b9;0x33fa63;0x340d40;0x34129e;0x342b50;0x3617a8;0x363ed3;0x367a80;0x36f299	108;144;160;173;198;256;257					653d015259;713d01c073;c53d01e473;c73d0160e5;c93d01f57d;313d01fc68;113d015429;e33d0182e3	pre_state;raw_vm_bytes:u16_3	no_state_samples_in_current_traces
187	vmop_187_plus0x5_state_add_const_slot_mba_stateful	algebraic_mba	10	vm_instruction_trace.tsv:5;vm_instruction_trace_filefill_hiddenfill_frontierfill_footprintfill.tsv:5	0x33f701	173					3d3d018976	pre_state;raw_vm_bytes:u16_3	no_state_samples_in_current_traces
188	vmop_188_plus0x5_state_formula_slot_unknown	dispatch_unknown	2	vm_instruction_trace.tsv:1;vm_instruction_trace_filefill_hiddenfill_frontierfill_footprintfill.tsv:1	0x1a5ac4	173					fffe3d0100	pre_state;pre_flags;raw_vm_bytes:u16_0	no_state_samples_in_current_traces
189	vmop_189_plus0x4_state_add_const_slot_mba_stateful	algebraic_mba	50228	vm_instruction_trace.tsv:25114;vm_instruction_trace_filefill_hiddenfill_frontierfill_footprintfill.tsv:25114	0xd0ce3;0xd0d69;0xd0d96;0xd0dc3;0xd0dcb;0xd0dde;0xd0eb9;0xd0fe1;0xd0fec;0xd10a0;0xd116f;0xd11ce;0xd11f8;0xd1219;0xd1258;0xd12b9;0xd131b;0xd135b;0xd1427;0xd404b;0xd4097;0xd40b8;0xd4102;0xd4195;...+2257	3;18;20;26;28;30;33;37;43;49;66;70;74;79;83;121;122;123;124;125;128;140;146;148;...+48					f08afc90;930f30a5;eede58d4;95015ce0;72f85cd8;5e92609d;dcfa2ce7;4002509e	pre_state;raw_vm_bytes:u16_2	no_state_samples_in_current_traces
190	vmop_190_plus0x5_state_add_const_slot_mba_stateful	algebraic_mba	448	vm_instruction_trace.tsv:224;vm_instruction_trace_filefill_hiddenfill_frontierfill_footprintfill.tsv:224	0x230d4a;0x30f475;0x338aa8;0x338c40;0x33c098;0x34202d;0x363de0;0x36b946;0x36f1a6;0x3714f4	144;257;352					3d01dd0de3;3d014587ca;3d0193e634;3d01d95dc3;3d01f1f909;3d0175f795;3d0183e354;3d01471c57	pre_state;raw_vm_bytes:u16_3	no_state_samples_in_current_traces
192	vmop_192_plus0x5_state_add_const_slot_multi_path	algebraic_mba	4678	vm_instruction_trace.tsv:2339;vm_instruction_trace_filefill_hiddenfill_frontierfill_footprintfill.tsv:2339	0xd1179;0x11b4c8;0x11b6dc;0x11bfb8;0x11c305;0x11c88f;0x11ce2d;0x11d09c;0x11d5ad;0x11e7cb;0x11ea98;0x11efd8;0x12264d;0x122692;0x128f65;0x17071a;0x1709d5;0x1715f2;0x171b4d;0x1722e9;0x172783;0x1729ad;0x172ed7;0x172f1f;...+207	108;144;160;173;198;256;257;352					b5343d0100;117b3d0100;5a793d012f;02563d0100;d85a3d0100;ad8b3d0100;73b63d0100;0a313d0100	pre_state;pre_flags;raw_vm_bytes:u16_0	no_state_samples_in_current_traces
195	vmop_195_minus0x2306_sampled_backedge_slot_unknown	dispatch_unknown	16	vm_instruction_trace_filefill_hiddenfill_frontierfill_footprintfill.tsv:13;vm_instruction_trace.tsv:3	0xd5ebc;0xdaf39;0x18c467;0x1ed483;0x2304b8;0x231b74;0x26f077;0x31f2b1;0x333bc9;0x33d2d9;0x3655e4;0x36a09c;0x36daed	86;310			0xfd165f72;0x674d2a10;0xbffd291d	0x523d6055;0x9bd57398;0x6d6bdcfb	7e56060080009c5050ff3424488b04244883c4084883c40848c70424a9000000;517c070080000f92c09c415241564d89d64156415349bb41b8f76d000000004c;ad7e0700800069d2fd4303009c686259b11a41538f04244d89db5148b9360100;7b4d04008000;1e1e02008000;d43002008000;fe2203008000;d84807008000	pre_state;pre_flags	no_state_samples_in_current_traces
196	vmop_196_plus0x4_state_add_const_slot_multi_path	algebraic_mba	28742	vm_instruction_trace.tsv:14371;vm_instruction_trace_filefill_hiddenfill_frontierfill_footprintfill.tsv:14371	0xd0b24;0xd0b63;0xd0d5a;0xd0e0e;0xd0e51;0xd1052;0xd1082;0xd10b7;0xd10dc;0xd1129;0xd4079;0xd4287;0xd42f4;0xd4306;0xd443f;0xd448e;0xd44bb;0xd4923;0xd4a9a;0xd4ab1;0xd4db1;0xd50e2;0xd511a;0xd5159;...+1114	3;18;26;28;30;33;37;49;64;66;70;79;83;87;88;94;99;114;121;122;124;128;140;146;...+41					496e0cf4;e892bce3;4d59ccc0;d1cbfde0;c98b24f5;c733b596;deedfcff;3f142cb7	pre_state;pre_flags;raw_vm_bytes:u16_2	no_state_samples_in_current_traces
198	vmop_198_plus0x2_state_add_const_slot_mba_stateful	algebraic_mba	9910	vm_instruction_trace.tsv:4955;vm_instruction_trace_filefill_hiddenfill_frontierfill_footprintfill.tsv:4955	0xd0bed;0xd0ecd;0xd0ee5;0xd1121;0xd47b0;0xd578f;0xd5a3e;0xd72bf;0xd72eb;0xdac9f;0x11ad77;0x11adbf;0x11b031;0x11b245;0x11b25d;0x11b939;0x11bba3;0x11bc5a;0x11bc86;0x11bc9c;0x11bed8;0x11bfbd;0x11c2c4;0x11c534;...+493	17;18;28;30;43;48;62;64;65;66;90;92;105;114;117;121;124;128;140;146;154;157;165;168;...+39					2a36;02dd;50b0;8089;856b;cf3b;b8a4;07da	pre_state;pre_flags;raw_vm_bytes:u16_0	no_state_samples_in_current_traces
199	vmop_199_plus0x3_state_add_const_slot_multi_path	algebraic_mba	39282	vm_instruction_trace.tsv:19641;vm_instruction_trace_filefill_hiddenfill_frontierfill_footprintfill.tsv:19641	0xd0b28;0xd0bab;0xd0d10;0xd0d79;0xd0f94;0xd10a8;0xd10ce;0xd119b;0xd11b1;0xd11c3;0xd1216;0xd1242;0xd135f;0xd1424;0xd4010;0xd41a1;0xd41d8;0xd425a;0xd4386;0xd43a7;0xd43e6;0xd4417;0xd448b;0xd4535;...+1778	3;17;20;26;30;33;37;43;48;49;52;64;70;79;83;90;92;105;112;114;121;122;123;124;...+63					562eb1;0f483a;23df06;575c32;b75faa;220b15;a3eca6;6ff022	pre_state;pre_flags;raw_vm_bytes:b2,u16_0	no_state_samples_in_current_traces
201	vmop_201_plus0x5_state_add_const_slot_mba_stateful	algebraic_mba	682	vm_instruction_trace.tsv:341;vm_instruction_trace_filefill_hiddenfill_frontierfill_footprintfill.tsv:341	0x230011;0x230fae;0x30f330;0x332282;0x33bf44;0x33faac;0x33fb56;0x33fcb6;0x33ff7f;0x342aa6;0x36bc9b	144;160;173;198;256;257					3d01a1c5e1;3d0139c86b;3d01a1c57d;3d0139c523;3d0139c811;3d0169c601;3d0141c829;3d0141c873	pre_state;pre_flags;raw_vm_bytes:u16_2	no_state_samples_in_current_traces
203	vmop_203_plus0x4_state_add_const_slot_mba_stateful	algebraic_mba	19640	vm_instruction_trace.tsv:9820;vm_instruction_trace_filefill_hiddenfill_frontierfill_footprintfill.tsv:9820	0xd0adc;0xd0b42;0xd0dad;0xd0e29;0xd1015;0xd12f5;0xd1322;0xd132a;0xd3ff5;0xd403d;0xd406d;0xd4278;0xd42ac;0xd4972;0xd4b6c;0xd4d26;0xd5088;0xd5093;0xd5231;0xd54f8;0xd56bd;0xd56eb;0xd5718;0xd5762;...+1020	3;18;26;28;30;33;37;49;52;64;66;70;79;83;87;94;99;114;121;124;128;140;148;151;...+38					079205a2;7f9f9017;8f9229a3;6f90b0e2;d7922dba;9f9f4fb6;a7925f7f;e798cf3f	pre_state;pre_flags;raw_vm_bytes:u16_0	no_state_samples_in_current_traces
208	vmop_208_plus0x5_state_add_const_slot_multi_path	algebraic_mba	1604	vm_instruction_trace.tsv:802;vm_instruction_trace_filefill_hiddenfill_frontierfill_footprintfill.tsv:802	0xd1187;0x11d52a;0x11dedb;0x1778f0;0x18bc3f;0x18bc88;0x18beee;0x1a5636;0x1a5c21;0x1a5c6d;0x230940;0x230985;0x230a43;0x2310d0;0x231152;0x24a167;0x24acab;0x24af4c;0x26e29b;0x2935ad;0x30f18e;0x30f713;0x310615;0x314aa5;...+63	3;18;28;43;49;79;82;83;94;99;114;118;129;157;168;172;185;189;196;199;203;215;220;258;...+8					3a57637d57;3a1883e58f;3a87eb0510;3a689df523;3adbbdc5d1;3af3426550;50532ae50c;3acf17b519	pre_state;pre_flags;raw_vm_bytes:u16_3	no_state_samples_in_current_traces
209	vmop_209_plus0x5_state_add_const_slot_multi_path	algebraic_mba	4	vm_instruction_trace.tsv:2;vm_instruction_trace_filefill_hiddenfill_frontierfill_footprintfill.tsv:2	0xd11bc;0x177915	257;352					9c9c3d01d9;800f3d0185	pre_state;pre_flags;raw_vm_bytes:u16_0	no_state_samples_in_current_traces
210	vmop_210_plus0x30_sampled_long_or_sparse_slot_unknown	dispatch_unknown	124	vm_instruction_trace_filefill_hiddenfill_frontierfill_footprintfill.tsv:109;vm_instruction_trace.tsv:15	0xda5e7;0x11dc27;0x11de14;0x11eeee;0x2935da;0x30eeba;0x30fd84;0x31c596;0x31c963;0x331945;0x332f80;0x3355d0;0x33dcbd;0x340193;0x340b0f;0x3427cd;0x367c0e;0x36b896;0x36c829;0x36d4c4	18;64;114;157;165;171;172;180;183;185;196;199;258;260;297;340;354					a5000000700600003d012239625fb3fe196bb0e801ff822308e4540cd417e73c;62010000110200003d019a1d8f6b018ecf50152e7a6613261cd74754db0ce801;620100008b0200003d010088eced03ef02b9568922ae67c9e8015688476124a6;ab0000008b0200003d01004f8bd3d5af16a644f7150f45349b10e80194096800;ab000000300000003d01221a75809d019cc83d01130048897900979846b69031;ab000000300000003d0122b07513003d019d0180309b6b1a3a210b7d42611abd;ab0000008b0200003d01002d056d82f304e8015d8fa792559e34196800b89c3a;ab000000300000003d012234ec13003d019d0180141a0a637900a88a7900300a	pre_state	no_state_samples_in_current_traces
214	vmop_214_plus0x5_state_add_const_slot_multi_path	algebraic_mba	8	vm_instruction_trace.tsv:4;vm_instruction_trace_filefill_hiddenfill_frontierfill_footprintfill.tsv:4	0x338ad6	257					d2bdb33d01	pre_state;pre_flags;raw_vm_bytes:u16_0	no_state_samples_in_current_traces
215	vmop_215_plus0x3_state_mixed_slot_u16_0	algebraic_mba	42348	vm_instruction_trace.tsv:21174;vm_instruction_trace_filefill_hiddenfill_frontierfill_footprintfill.tsv:21174	0xd0ad5;0xd0b5c;0xd0b89;0xd0f05;0xd0fd6;0xd108e;0xd109d;0xd1350;0xd142f;0xd4001;0xd4171;0xd4192;0xd41f9;0xd4200;0xd428f;0xd42f8;0xd4303;0xd431d;0xd4339;0xd435a;0xd4422;0xd449a;0xd44a9;0xd47cc;...+1704	3;9;17;20;26;30;33;37;43;48;49;64;70;79;83;88;90;92;94;105;114;121;122;123;...+64					d80ac8;10081c;90031c;d00a48;200644;6809a8;080508;e8051c	pre_state;pre_flags;raw_vm_bytes:b2,u16_0	no_state_samples_in_current_traces
216	vmop_216_plus0xa_state_preserve_slot_mba_stateful	algebraic_mba	1521	vm_instruction_trace_filefill_hiddenfill_frontierfill_footprintfill.tsv:779;vm_instruction_trace.tsv:742	0x11c682;0x11ccf7;0x171205;0x171a17;0x17240d;0x1732b3;0x173f19;0x176e97;0x1774b8;0x18bd8c;0x1ec87a;0x24a8c5;0x24ae0f;0x293470;0x2bf3b8;0x2bff90;0x30fa0f;0x30ff42;0x311f5f;0x312f1c;0x3137f2;0x3142d5;0x314518;0x3146fa;...+25	165;169;171;310;354			0x3f05d220;0x16833a14;0x9d505094;0x3f05e962;0x7b345e5a;0xc1c757c6;0x99746e65;0xeb377ffe	0x10a00;0x16833a14;0x9d505094;0x210282;0x3be885d2;0xc1c553c6;0x24ede9de;0x8e78f1da	4e7533008000ff4d0200;e8773300800000ff0100;e87b33008000ff4d0200;22d73300800080fd0100;2b5834008000325d0700;726a31008000b2340700;ec6c31008000b0500200;d37e31008000b0500200	pre_state;pre_flags;raw_vm_bytes:u16_1	no_state_samples_in_current_traces
217	vmop_217_plus0x5_state_add_const_slot_mba_stateful	algebraic_mba	430	vm_instruction_trace.tsv:215;vm_instruction_trace_filefill_hiddenfill_frontierfill_footprintfill.tsv:215	0xd455a;0x11d83d;0x1ed3c6;0x230c51;0x231039;0x2310ee;0x29311e;0x30f76b;0x31bcc1;0x3338c9;0x336e0f;0x33cfd9;0x33ff20;0x342489;0x3431ea;0x365527;0x36811a;0x369d9c;0x36d7ed	108;144;160;173;198;256;257;352					0067a93d01;000cc23d01;0000133d01;00ed873d01;0088ca3d01;00d6913d01;00bd033d01;00350e3d01	pre_state;pre_flags;raw_vm_bytes:u16_1	no_state_samples_in_current_traces
220	vmop_220_plus0x5_state_add_const_slot_multi_path	algebraic_mba	7152	vm_instruction_trace.tsv:3576;vm_instruction_trace_filefill_hiddenfill_frontierfill_footprintfill.tsv:3576	0xd0bfe;0xd0ef6;0xd0f24;0xd414e;0xd4bd0;0xd54f1;0xd575b;0xd578a;0xdac6c;0x11ada1;0x11ae02;0x11b02c;0x11bbcd;0x11bc97;0x11bf02;0x11c2ed;0x11c31b;0x11c8a5;0x11c8ee;0x11cb8d;0x11cc19;0x11d06e;0x11e16f;0x11e7b3;...+399	108;144;160;173;198;256;257;352					003d01dc3f;003d0120a5;003d018b76;003d01c780;003d010734;003d01d496;003d016331;003d01bf39	pre_state;pre_flags;raw_vm_bytes:u16_3	no_state_samples_in_current_traces
222	vmop_222_plus0x5_state_add_const_slot_multi_path	algebraic_mba	508	vm_instruction_trace.tsv:254;vm_instruction_trace_filefill_hiddenfill_frontierfill_footprintfill.tsv:254	0xd40e9;0xd577e;0x11c8e6;0x11cb67;0x11d5b7;0x11e7d6;0x120c84;0x121331;0x12265b;0x1706e4;0x1715f9;0x171fab;0x172263;0x177977;0x1a5b29;0x1a5f79;0x1ec22d;0x230cd4;0x249f19;0x24a612;0x24b23e;0x26ddb5;0x30f047;0x30f219;...+56	3;18;28;35;43;49;64;66;79;82;83;99;114;131;157;168;172;185;189;196;199;203;215;220;...+10					73487abc3a;94ac7da23a;dea855873a;aa5ac9903a;426a39b93a;596bc2bc3a;096102bd3a;9b068c5732	pre_state;pre_flags;raw_vm_bytes:u16_0,u16_2	no_state_samples_in_current_traces
225	vmop_225_plus0x5_state_formula_slot_unknown	dispatch_unknown	12	vm_instruction_trace.tsv:6;vm_instruction_trace_filefill_hiddenfill_frontierfill_footprintfill.tsv:6	0x36f3d7	144					ce133d0187	pre_state;pre_flags;raw_vm_bytes:u16_0	no_state_samples_in_current_traces
229	vmop_229_plus0x5_state_formula_slot_unknown	dispatch_unknown	2	vm_instruction_trace.tsv:1;vm_instruction_trace_filefill_hiddenfill_frontierfill_footprintfill.tsv:1	0x1a4de4	352					3d01005947	pre_state;pre_flags;raw_vm_bytes:u16_3	no_state_samples_in_current_traces
231	vmop_231_plus0x5_state_add_const_slot_mba_stateful	algebraic_mba	8	vm_instruction_trace.tsv:4;vm_instruction_trace_filefill_hiddenfill_frontierfill_footprintfill.tsv:4	0x338b4d	198					3d01036ca7	pre_state;pre_flags;raw_vm_bytes:u16_3	no_state_samples_in_current_traces
237	vmop_237_plus0x5_state_add_const_slot_multi_path	algebraic_mba	3074	vm_instruction_trace.tsv:1537;vm_instruction_trace_filefill_hiddenfill_frontierfill_footprintfill.tsv:1537	0xd4138;0xd452a;0xd4bb9;0xd5773;0xd72ba;0xd74e4;0x11bb60;0x11c238;0x11c52f;0x11c8d7;0x11c920;0x11cbed;0x11d823;0x11decc;0x11e810;0x11e858;0x120c6f;0x12132a;0x12156b;0x12182e;0x1225e1;0x122af7;0x122b87;0x128ca8;...+212	108;144;160;173;198;256;257;352					ef70d83d01;97d12d3d01;00316b3d01;33dace3d01;00eaa23d01;0025623d01;00152e3d01;6b18a73d01	pre_state;pre_flags;raw_vm_bytes:u16_1	no_state_samples_in_current_traces
239	vmop_239_plus0x6_state_add_const_slot_mba_stateful	algebraic_mba	5038	vm_instruction_trace.tsv:2519;vm_instruction_trace_filefill_hiddenfill_frontierfill_footprintfill.tsv:2519	0xd0c1f;0xd0e59;0xd40fc;0xd451d;0xd5405;0xd57b2;0xd7502;0x11b93b;0x11c2f8;0x11cb94;0x11cbe4;0x11d051;0x11d0db;0x11d50e;0x11df65;0x11e598;0x11ece7;0x11f0a4;0x11f2c9;0x1209f2;0x1217f6;0x12181d;0x121a97;0x121dd7;...+299	3;18;28;37;43;48;49;52;64;66;70;79;83;90;92;105;114;122;157;168;172;185;186;189;...+27					1068912836a1;ba4c9031bea1;026401198ea1;786a8001ae9f;1c410111c6a9;3e48811096a5;a20940000ea9;8261c1019eaa	pre_state;pre_flags;raw_vm_bytes:u16_4,u32_0	no_state_samples_in_current_traces
240	vmop_240_plus0x5_state_add_const_slot_mba_stateful	algebraic_mba	14	vm_instruction_trace.tsv:7;vm_instruction_trace_filefill_hiddenfill_frontierfill_footprintfill.tsv:7	0x331e2d;0x3628c9	108;173					993d01629f;b93d018727	pre_state;raw_vm_bytes:u16_3	no_state_samples_in_current_traces
241	vmop_241_plus0xd_state_add_const_slot_mba_stateful	algebraic_mba	4	vm_instruction_trace.tsv:2;vm_instruction_trace_filefill_hiddenfill_frontierfill_footprintfill.tsv:2	0xd54d1;0x23188a	66;333					1e1e020080003d0122e8010a8b;c6f1050080003d0122e801b6a2	pre_state;raw_vm_bytes:u16_11	no_state_samples_in_current_traces
242	vmop_242_plus0x5_state_formula_slot_mba_stateful	algebraic_mba	362	vm_instruction_trace.tsv:181;vm_instruction_trace_filefill_hiddenfill_frontierfill_footprintfill.tsv:181	0xd44fe;0xda5e2;0x120e99;0x121a56;0x26cf16;0x2bf9a7;0x30fd7f;0x310db5;0x31ea87;0x33e147;0x33e64c;0x364f6f;0x365483;0x369a6e;0x370244;0x3704f2;0x371747	75;114;145;199;210;246;316;334					3d01695848;3d010135ea;3d01715c8d;3d018915f3;3d0167412a;3d01539500;3d0171a9c1;3d01b3ef3b	pre_state;raw_vm_bytes:u16_3	no_state_samples_in_current_traces
243	vmop_243_plus0x4_state_add_const_slot_multi_path	algebraic_mba	18932	vm_instruction_trace.tsv:9466;vm_instruction_trace_filefill_hiddenfill_frontierfill_footprintfill.tsv:9466	0xd0afe;0xd0d7c;0xd0db8;0xd0e03;0xd103b;0xd104a;0xd10c2;0xd10d1;0xd3fcc;0xd4062;0xd4238;0xd4438;0xd4483;0xd48fe;0xd4b43;0xd4b52;0xd4b61;0xd4ce3;0xd4d1f;0xd4d6a;0xd5116;0xd52c3;0xd52d2;0xd5689;...+737	18;28;43;64;66;114;157;167;168;172;185;189;196;199;203;215;258;268;297;307;333;337;338;340;...+1					2e12e801;e51ce801;3596e801;bd9ee801;75d8e801;ada3e801;3ee2e801;5d1ce801	pre_state;pre_flags;raw_vm_bytes:u16_0	no_state_samples_in_current_traces
245	vmop_245_plus0x5_state_affine_slot_mba_stateful	algebraic_mba	150	vm_instruction_trace.tsv:75;vm_instruction_trace_filefill_hiddenfill_frontierfill_footprintfill.tsv:75	0x11da35;0x11dc22;0x11de0f;0x11eee9;0x11f4b5;0x121ab5;0x1222c8;0x1772ae;0x18bea6;0x1a52bb;0x1a5a85;0x1ec461;0x2bf4ea;0x2c058c;0x31e546;0x33e824;0x37073e;0x37079b	43;75;145;210;316;334					57ce3d01e9;a7503d01df;a1ae3d0101;24313d012d;ef483d01b7;968d3d01df;cb133d0117;63c63d0141	pre_state;raw_vm_bytes:u16_0	no_state_samples_in_current_traces
246	vmop_246_plus0x78_sampled_long_or_sparse_slot_unknown	dispatch_unknown	141	vm_instruction_trace_filefill_hiddenfill_frontierfill_footprintfill.tsv:102;vm_instruction_trace.tsv:39	0xd0c75;0x1772fc;0x293689;0x31e738;0x31e842;0x3332c0;0x339dc3;0x33be94;0x33e14c;0x33fbf1;0x341f7d;0x3423c1;0x361577;0x36523e;0x369397;0x36f427;0x370249;0x370a81;0x37174c	18;66;91;157;165;171;180;183;196;199;258;300;340;347;354					620100003e0200003d01225e749b9094e6413c2a58e0e80180042a800d067983;a5000000920700003d01227a7b450eef0058117adc74c00ee931175d7802404b;ab000000240700003d01009b901f9b5cf4fb22a644a95a47e801a6b27ee2cca4;620100001a0200003d0122626e00029ac0cde28be8018daa92b485d61b889e2e;a5000000110200003d019a1a97876442475b0ee801cc69e5c40c82ea71117ff7;ab000000880200003d010035e27158ab49a7e144961d0f45b4e80146877a0554;620100008b0200003d0100f76e460c8c423a4768005dca2d54430fe8010f171e;620100008b0200003d01005a7710087c8a9e58d3bb026800e1616b7a7f21e801	pre_state	no_state_samples_in_current_traces
248	vmop_248_plus0x4_state_add_const_slot_mba_stateful	algebraic_mba	40	vm_instruction_trace.tsv:20;vm_instruction_trace_filefill_hiddenfill_frontierfill_footprintfill.tsv:20	0x24aa49;0x24b537;0x33e171;0x33f652;0x3419b7;0x368f7a;0x36b2d0	114;124;157;168;189;258;345					a7b68303;8cea8302;8af87b0e;3be68b05;cd7da30c;60742b03;81d8fb05	pre_state;pre_flags;raw_vm_bytes:u16_2	no_state_samples_in_current_traces
250	vmop_250_plus0x3_state_add_const_slot_multi_path	algebraic_mba	150	vm_instruction_trace.tsv:75;vm_instruction_trace_filefill_hiddenfill_frontierfill_footprintfill.tsv:75	0x23102f;0x26ceed;0x31ca18;0x336e00;0x34472a;0x36f927	43;157;196					629e09;62d8c4;629977;621252;622814;62f901	pre_state;pre_flags;raw_vm_bytes:u16_1	no_state_samples_in_current_traces
251	vmop_251_plus0x5_state_add_const_slot_mba_stateful	algebraic_mba	78	vm_instruction_trace.tsv:39;vm_instruction_trace_filefill_hiddenfill_frontierfill_footprintfill.tsv:39	0x340f3c;0x36ef37	108;198					3d011fefa5;3d01833906	pre_state;raw_vm_bytes:u16_3	no_state_samples_in_current_traces
253	vmop_253_plus0x6_state_add_const_slot_mba_stateful	algebraic_mba	3968	vm_instruction_trace.tsv:1984;vm_instruction_trace_filefill_hiddenfill_frontierfill_footprintfill.tsv:1984	0xd0eda;0xd0f1e;0xd4ea6;0xd54fc;0xd576d;0xd7707;0x11b252;0x11b700;0x11b918;0x11bb5a;0x11c1d1;0x11c2c6;0x11c839;0x11c8ce;0x11ce1c;0x11d093;0x11d5a4;0x11d816;0x11e84e;0x11f060;0x120c20;0x120c66;0x12158d;0x1215a8;...+308	3;17;18;28;37;43;49;52;64;66;70;79;83;90;92;105;114;157;168;172;185;189;190;192;...+24					46c108004808;2ebac8b1ca8c;96ba50482e5d;56b9c46b0204;deb886bb4ab3;56b9d5a012f7;9ec22d1034c3;66c2cc278108	pre_state;pre_flags;raw_vm_bytes:u16_0,u32_2	no_state_samples_in_current_traces
254	vmop_254_plus0x4_state_add_const_slot_mba_stateful	algebraic_mba	3976	vm_instruction_trace.tsv:1988;vm_instruction_trace_filefill_hiddenfill_frontierfill_footprintfill.tsv:1988	0xd0c3a;0xd0f32;0xd4114;0xd4538;0xd49a1;0xd5337;0xd555f;0xd5575;0xd78d6;0x11aff6;0x11bfc3;0x11cbc9;0x11ce51;0x11de00;0x11e163;0x11e834;0x120c9b;0x12130b;0x121369;0x1215bd;0x121d8e;0x122a4c;0x122ad0;0x122baf;...+218	3;13;17;28;43;48;49;64;66;79;83;90;91;92;105;114;125;157;168;172;180;183;185;189;...+20					c39cb243;9610ea4a;98980247;633d6a47;283d5a47;f8317a44;9ae41a44;0ea25a47	pre_state;pre_flags;raw_vm_bytes:u16_0,u16_2	no_state_samples_in_current_traces
256	vmop_256_plus0x2_state_add_const_slot_multi_path	algebraic_mba	7760	vm_instruction_trace.tsv:3880;vm_instruction_trace_filefill_hiddenfill_frontierfill_footprintfill.tsv:3880	0xd0ea9;0xd0f3f;0xd11ab;0xd40f3;0xd479a;0xd49aa;0xd4ba6;0xd7518;0xdacb5;0x11b487;0x11b4cd;0x11b6c9;0x11b6f7;0x11bc42;0x11bfe9;0x11c254;0x11c7ee;0x11c862;0x11c8c4;0x11c93b;0x11cb4d;0x11cb7c;0x11d044;0x11d53b;...+483	17;18;28;30;43;48;62;64;65;66;90;92;105;114;117;121;124;128;140;146;154;157;165;168;...+41					fe31;f625;ad3f;5a26;499f;9f1f;3650;6efb	pre_state;pre_flags;raw_vm_bytes:u16_0	no_state_samples_in_current_traces
257	vmop_257_plus0x2_state_add_const_slot_multi_path	algebraic_mba	9916	vm_instruction_trace.tsv:4958;vm_instruction_trace_filefill_hiddenfill_frontierfill_footprintfill.tsv:4958	0xd0c31;0xd11c1;0xd40c1;0xd4125;0xd4546;0xd4784;0xd4bd5;0xd5340;0xd54f6;0xd5568;0xd5760;0xda3a9;0xda3d7;0x11ada6;0x11ae07;0x11b01b;0x11b90b;0x11b967;0x11bbbb;0x11bf07;0x11bfd3;0x11c2dc;0x11c51c;0x11c7bd;...+485	17;18;28;30;43;48;62;64;65;66;90;92;105;114;117;121;124;128;140;146;154;157;165;168;...+41					f7b3;87b0;df05;7fb0;8f09;27f0;a7c9;0fc8	pre_state;raw_vm_bytes:u16_0	no_state_samples_in_current_traces
258	vmop_258_plus0x4_state_add_const_slot_multi_path	algebraic_mba	56116	vm_instruction_trace.tsv:28058;vm_instruction_trace_filefill_hiddenfill_frontierfill_footprintfill.tsv:28058	0xd0b36;0xd0b4d;0xd0b72;0xd0cca;0xd0d17;0xd0d87;0xd0e66;0xd0f36;0xd0f81;0xd108a;0xd110d;0xd113b;0xd115d;0xd11b4;0xd11e2;0xd1200;0xd12c8;0xd12d4;0xd1340;0xd138f;0xd13d7;0xd13f8;0xd3ff1;0xd410d;...+2244	3;18;20;26;28;30;33;37;43;49;66;70;79;82;83;91;99;121;122;123;124;125;128;131;...+53					5efb08f1;9efc38fb;14ac2176;dfb77e28;6fb505e1;6b1d31fd;ecca1afb;730949ef	pre_state;pre_flags;raw_vm_bytes:u16_0,u16_2	no_state_samples_in_current_traces
259	vmop_259_plus0xa_state_formula_slot_unknown	dispatch_unknown	2	vm_instruction_trace.tsv:1;vm_instruction_trace_filefill_hiddenfill_frontierfill_footprintfill.tsv:1	0x1a55be	28					e000ffff13050000ecfa	pre_state;pre_flags;raw_vm_bytes:u16_0,u32_2	no_state_samples_in_current_traces
260	vmop_260_plus0x4_state_add_const_slot_multi_path	algebraic_mba	5290	vm_instruction_trace.tsv:2645;vm_instruction_trace_filefill_hiddenfill_frontierfill_footprintfill.tsv:2645	0xd1197;0xd5a1c;0xda5db;0x11b22d;0x11b25f;0x11b8f3;0x11be75;0x11cc20;0x11d4e9;0x11e1b0;0x11e576;0x11e7a4;0x11ef72;0x120e8a;0x121850;0x121b33;0x128a9b;0x128d01;0x170721;0x170a6d;0x170cde;0x171d9f;0x17200e;0x1729d1;...+204	3;17;18;28;48;49;64;66;79;83;91;92;105;114;125;157;168;172;180;183;185;189;199;203;...+20					880e15b3;36038eb0;380a942e;1e010efe;1d0fc501;f800d8d4;150edfb1;e5085f00	pre_state;pre_flags;raw_vm_bytes:u16_0,u16_2	no_state_samples_in_current_traces
261	vmop_261_plus0x6_state_add_const_slot_mba_stateful	algebraic_mba	2148	vm_instruction_trace.tsv:1074;vm_instruction_trace_filefill_hiddenfill_frontierfill_footprintfill.tsv:1074	0xd11d9;0xd4324;0xd47de;0xd4c0e;0xd5173;0xd534d;0xd5426;0xd7303;0x11c001;0x11c5d7;0x11d15c;0x11e8b7;0x11f10e;0x1210ee;0x121879;0x1220eb;0x122d91;0x170d06;0x170f30;0x1725a2;0x172f98;0x17703e;0x17a375;0x18b7e4;...+61	18;28;64;66;114;185;189;199;215;258;297;307;337;340;347					e801e76a3d01;e80167633d01;e8015f6d3d01;e8011f6c3d01;e80167663d01;e801af6d3d01;e801776d3d01;e801b7633d01	pre_state;raw_vm_bytes:u16_2	no_state_samples_in_current_traces
264	vmop_264_plus0xa_state_formula_slot_mba_stateful	algebraic_mba	692	vm_instruction_trace_filefill_hiddenfill_frontierfill_footprintfill.tsv:401;vm_instruction_trace.tsv:291	0xd0d43;0xd4889;0xd5b17;0xd75f1;0xda4b0;0xdad78;0x11d3d3;0x11d91b;0x11eb8c;0x120af4;0x122466;0x170fdb;0x1714bc;0x1717a7;0x17436d;0x176aa5;0x177aeb;0x17a25f;0x18b88f;0x1ecb65;0x24972b;0x26dc71;0x26e8b0;0x293001;...+30	165;169;171;310;354			0x984d244d;0xe76c8b67;0xfb8d8b71;0xebbf6e54;0x7f3e7f7b;0xc917a90d;0x69145e5a;0x3f05e0e2	0x4000500;0x2711ed9e;0x1612b140;0x5af65fdd;0xce4d8465;0xc917a90d;0x69b0303a;0x4201082	84f72600800000fd0100;46fe2600800000fd0100;a27233008000aa510700;2b6e3100800023e74800;658931008000b6340700;fa8a31008000949d0200;1b9c3100800078340700;e95a340080002e5d0700	pre_state;raw_vm_bytes:u16_8	no_state_samples_in_current_traces
266	vmop_266_minus0x2e8_sampled_backedge_slot_unknown	dispatch_unknown	400	vm_instruction_trace.tsv:200;vm_instruction_trace_filefill_hiddenfill_frontierfill_footprintfill.tsv:200	0x11bf09;0x11de39;0x2c13cd;0x30f645;0x31c02d;0x31c79f;0x33540c;0x338e10;0x340d92;0x340f43;0x3416ac;0x341a6d;0x3427f5;0x364264;0x36faee;0x371714	165;171;354					62010000540000005b0161323109dbf9d22946a0520dab347660009e8a3d0100;ab000000400000801101f0e92802e8011e8341776a3c35446800bf0c3a003d01;a5000000660500809d00d7d4680020081c6d0f09f0e30be8019763cc94003d01;ab0000005d050080cb00f792047681016639e8013e85f715c8d388d47f00f0ba;620100008e070080c4001e6e14f9c6683e38d310e801258b6fc239188afaa23d;62010000ce020080ac0043afeb005981ab02950fbf01b30ce80178026896483d;ab00000040000080ac0043afa30a308fbea2c05e38fb07e801beeb98da9f5a00;a50000005d050080c7001f4f3a6c0e68003f9fe137e80135317bc96800003d01	pre_state	no_state_samples_in_current_traces
267	vmop_267_plus0x5_state_add_const_slot_multi_path	algebraic_mba	8	vm_instruction_trace.tsv:4;vm_instruction_trace_filefill_hiddenfill_frontierfill_footprintfill.tsv:4	0x338a47	144					b7cec93d01	pre_state;pre_flags;raw_vm_bytes:u16_0	no_state_samples_in_current_traces
268	vmop_268_plus0x4_state_add_const_slot_multi_path	algebraic_mba	24076	vm_instruction_trace.tsv:12038;vm_instruction_trace_filefill_hiddenfill_frontierfill_footprintfill.tsv:12038	0xd0acd;0xd0af6;0xd0b15;0xd0d92;0xd0dcf;0xd0e16;0xd0e38;0xd0eeb;0xd1033;0xd10ca;0xd1114;0xd3fdf;0xd40b1;0xd40f5;0xd411c;0xd4221;0xd4773;0xd48eb;0xd497d;0xd4b4a;0xd4b95;0xd4d8f;0xd4ea2;0xd50c7;...+1088	0;3;18;26;28;30;33;37;49;64;66;70;79;83;88;114;118;121;124;127;128;140;154;179;...+40					b009f144;f92cea10;b783ae27;a4410e6a;2a4cbe6b;c0d68e2c;8dc1c1db;4a1cae67	pre_state;pre_flags;raw_vm_bytes:u16_0,u16_2	no_state_samples_in_current_traces
269	vmop_269_plus0x5_state_add_const_slot_multi_path	algebraic_mba	5224	vm_instruction_trace.tsv:2612;vm_instruction_trace_filefill_hiddenfill_frontierfill_footprintfill.tsv:2612	0xd1161;0xd74fb;0xda3e8;0xdacb0;0x11b962;0x11c517;0x11c5a4;0x11c5ba;0x11c82e;0x11c908;0x11c94c;0x11ce15;0x11ce43;0x11ce59;0x11d595;0x11d5c4;0x11d5da;0x11df14;0x11e7f8;0x11eaae;0x11ecaa;0x11f009;0x11f2d3;0x120a2c;...+391	108;144;160;173;198;256;257;352					003d0149d5;003d015fb7;003d015731;003d0159ac;003d017db5;003d01ffc3;003d0172b8;003d01df3f	pre_state;pre_flags;raw_vm_bytes:u16_3	no_state_samples_in_current_traces
273	vmop_273_plus0x4_state_add_const_slot_mba_stateful	algebraic_mba	4230	vm_instruction_trace.tsv:2115;vm_instruction_trace_filefill_hiddenfill_frontierfill_footprintfill.tsv:2115	0xd0c69;0xd0ee7;0xd11ad;0xd44ef;0xd450a;0xd5526;0xd7293;0xdac8f;0x11bb35;0x11bc2e;0x11bc63;0x11bc88;0x11bf6a;0x11c8b3;0x11c927;0x11d0a6;0x11d137;0x11d5cf;0x11d7b8;0x1212c5;0x121aa9;0x122b95;0x172056;0x1722fb;...+194	3;17;18;28;43;49;64;66;70;74;79;82;83;90;91;105;114;157;168;172;180;183;185;189;...+20					c489d069;ece93c3c;10a73879;48e7f001;ec896c60;d9c8f29d;08e9164d;aaa9667c	pre_state;pre_flags;raw_vm_bytes:u16_0,u16_2	no_state_samples_in_current_traces
276	vmop_276_plus0xa_state_formula_slot_unknown	dispatch_unknown	2	vm_instruction_trace.tsv:1;vm_instruction_trace_filefill_hiddenfill_frontierfill_footprintfill.tsv:1	0x368e1b	157					d969ffffffffffffffff	pre_state;pre_flags;raw_vm_bytes:u16_0,u32_2	no_state_samples_in_current_traces
278	vmop_278_plus0xa_state_preserve_slot_multi_path	algebraic_mba	1151	vm_instruction_trace_filefill_hiddenfill_frontierfill_footprintfill.tsv:596;vm_instruction_trace.tsv:555	0xd4a83;0xd73ae;0x11b122;0x11bd5f;0x11c0ac;0x11c3f9;0x11d207;0x11db08;0x11dcf5;0x121199;0x121690;0x121924;0x121ec6;0x122c7b;0x128b72;0x12906f;0x171c41;0x172122;0x17264d;0x173707;0x174143;0x17a04f;0x1a5438;0x1a5793;...+27	86;165;169;171;310;323;354			0xf9957e52;0xbffcd2b0;0x78ef0800;0x400110fe;0x78de0800;0x5f8f8af3;0xbffcca14;0xf21b0800	0x4e4c93a5;0xd56bbddf;0x7aff7f2e;0xc83095f0;0x7adeff2e;0x4a612e32;0x62662dfb;0xfadf7f2d	4ad833008000ff4d0200;9d4512008000205407006201e801cb00a7923576241d9900f085aace1ee8015c;b86f310080008e500200;2677310080001c600300;2c78310080001c600300;d28d31008000b6340700;71983100800092330700;819931008000b6340700	pre_state;pre_flags;raw_vm_bytes:u16_2	no_state_samples_in_current_traces
281	vmop_281_plus0x4_state_add_const_slot_multi_path	algebraic_mba	1110	vm_instruction_trace.tsv:555;vm_instruction_trace_filefill_hiddenfill_frontierfill_footprintfill.tsv:555	0xd0e94;0x1a5bce;0x23038d;0x24b1ea;0x292c8e;0x30f095;0x30f282;0x30f371;0x30f8e5;0x31084c;0x31b191;0x31b467;0x31b823;0x31ba7d;0x31bddb;0x31be71;0x31c06f;0x31dacd;0x3319b4;0x332304;0x334e51;0x335138;0x33531d;0x335491;...+49	3;17;18;28;30;48;49;56;66;79;83;105;122;124;131;140;154;185;199;200;201;215;220;237;...+17					05556878;13554858;8d0d687c;f5ed76dc;849968c0;4117e49f;077de27f;899192c0	pre_state;pre_flags;raw_vm_bytes:u16_0,u16_2	no_state_samples_in_current_traces
282	vmop_282_plus0x5_state_add_const_slot_multi_path	algebraic_mba	538	vm_instruction_trace.tsv:269;vm_instruction_trace_filefill_hiddenfill_frontierfill_footprintfill.tsv:269	0x11bea3;0x1a5bd2;0x1ec1e7;0x2311f9;0x292f32;0x310b08;0x31ab5a;0x31abf6;0x31ac3b;0x31b78c;0x31ba1c;0x31ba74;0x31bdcf;0x31c150;0x31c1d7;0x31c53a;0x31c909;0x31c94f;0x31dd7e;0x331b69;0x331e28;0x3320e6;0x332398;0x332f69;...+71	18;28;49;52;66;83;90;92;121;122;124;140;154;185;199;200;215;220;239;240;253;254;260;269;...+14					a6000e093a;2d22055762;b98b55a662;18882da462;b7bc876c62;4ff78a1a50;2800d50a3a;0a6236b43a	pre_state;pre_flags;raw_vm_bytes:u16_2	no_state_samples_in_current_traces
283	vmop_283_plus0x5_state_preserve_slot_mba_stateful	algebraic_mba	2876	vm_instruction_trace.tsv:1438;vm_instruction_trace_filefill_hiddenfill_frontierfill_footprintfill.tsv:1438	0xd0bbc;0xd138a;0xd4314;0xd4b89;0xd5747;0xd74b4;0xd76f7;0xda5b6;0x11ad5a;0x11afe6;0x11b8ee;0x11c1b2;0x11cdfd;0x11d027;0x11d30d;0x11e382;0x11ec92;0x12229c;0x12256c;0x128a4e;0x1706a5;0x170eb7;0x17130b;0x1715c2;...+102	18;28;30;43;64;66;114;121;124;154;157;165;168;171;172;185;189;196;199;203;215;222;253;254;...+15					10e801c462;10e8017c5e;10e801445e;10e8017c60;10e8013c63;10e8019c60;10e801fc63;10e801d462	pre_state;raw_vm_bytes:u16_3	no_state_samples_in_current_traces
284	vmop_284_plus0xd_state_add_const_slot_mba_stateful	algebraic_mba	2	vm_instruction_trace.tsv:1;vm_instruction_trace_filefill_hiddenfill_frontierfill_footprintfill.tsv:1	0xd53f8	239					1e1e020080003d019ae801c471	pre_state;raw_vm_bytes:u16_11	no_state_samples_in_current_traces
285	vmop_285_plus0x5_state_add_const_slot_mba_stateful	algebraic_mba	2	vm_instruction_trace.tsv:1;vm_instruction_trace_filefill_hiddenfill_frontierfill_footprintfill.tsv:1	0xd44e8	160					3d0167854f	pre_state;pre_flags;raw_vm_bytes:u16_2	no_state_samples_in_current_traces
287	vmop_287_plus0x4_state_add_const_slot_multi_path	algebraic_mba	19446	vm_instruction_trace.tsv:9723;vm_instruction_trace_filefill_hiddenfill_frontierfill_footprintfill.tsv:9723	0xd0aef;0xd0b85;0xd0ba3;0xd0dc7;0xd0e12;0xd10e0;0xd12ae;0xd1344;0xd1380;0xd3fbd;0xd4017;0xd4035;0xd408f;0xd4229;0xd42b0;0xd42bf;0xd42ec;0xd42fb;0xd4447;0xd4474;0xd44a1;0xd48b3;0xd48d1;0xd493a;...+842	18;28;43;64;66;114;157;167;168;172;185;189;196;199;203;215;258;268;297;307;333;337;338;340;...+1					4414e801;06d0e801;dc96e801;86cbe801;0e4ae801;e248e801;5aace801;b296e801	pre_state;pre_flags;raw_vm_bytes:u16_0	no_state_samples_in_current_traces
290	vmop_290_plus0x5_state_add_const_slot_multi_path	algebraic_mba	54	vm_instruction_trace.tsv:27;vm_instruction_trace_filefill_hiddenfill_frontierfill_footprintfill.tsv:27	0x31b33c;0x341a66;0x343f2d	108;257					3d01467c8f;3d015f3cd5;3d017794bb	pre_state;pre_flags;raw_vm_bytes:u16_2	no_state_samples_in_current_traces
291	vmop_291_plus0x4_state_add_const_slot_multi_path	algebraic_mba	958	vm_instruction_trace.tsv:479;vm_instruction_trace_filefill_hiddenfill_frontierfill_footprintfill.tsv:479	0x11c1f7;0x128cbd;0x177c2b;0x1a5ecf;0x2309fe;0x230c86;0x230f57;0x26ea38;0x26efb6;0x30effa;0x30f555;0x30f62e;0x31102f;0x31abfe;0x31b027;0x31b416;0x31b7d5;0x31baba;0x31c824;0x31cc71;0x31d5e2;0x331a8a;0x331dde;0x332055;...+65	3;17;18;28;48;49;56;66;70;79;83;105;121;122;124;140;154;185;199;215;220;239;269;273;...+10					4ead83d2;ffb31c3a;262b7307;87333b18;478e3bcc;a60303e0;12b7aff6;9e473bcb	pre_state;pre_flags;raw_vm_bytes:u16_0,u16_2	no_state_samples_in_current_traces
292	vmop_292_plus0x5_state_add_const_slot_multi_path	algebraic_mba	1302	vm_instruction_trace.tsv:651;vm_instruction_trace_filefill_hiddenfill_frontierfill_footprintfill.tsv:651	0xd0e98;0x17798a;0x1a55de;0x22ff72;0x2303e9;0x230c8a;0x230d2a;0x30f320;0x30f369;0x30f8dd;0x31b06a;0x31b6e2;0x31be6c;0x31c227;0x31c786;0x33183e;0x331a3f;0x3350ec;0x3353f9;0x335573;0x3357b1;0x336466;0x33820f;0x338341;...+60	3;18;28;49;52;66;74;79;83;90;92;124;140;185;199;200;215;220;254;269;281;291;297;300;...+8					3a5f008bcb;62dc7bd0aa;325f007bcf;62217e15a8;62550089d4;50675c4b89;505ff07b26;3a27002bd4	pre_state;pre_flags;raw_vm_bytes:u16_1,u16_3	no_state_samples_in_current_traces
295	vmop_295_plus0x5_state_mixed_slot_mba_stateful	algebraic_mba	1960	vm_instruction_trace.tsv:980;vm_instruction_trace_filefill_hiddenfill_frontierfill_footprintfill.tsv:980	0xd1108;0xd40a8;0xd498f;0xd4dbf;0xd514d;0xd5327;0xd5c1d;0xd728a;0x11b46a;0x11be65;0x11d4d9;0x11d7a8;0x11da21;0x11e136;0x11e79b;0x11f2bd;0x11f4a1;0x120bfa;0x120e6d;0x121796;0x121a2a;0x121fcc;0x128eed;0x170c47;...+88	18;28;30;43;64;66;114;121;140;154;157;165;168;185;189;196;199;200;215;254;258;260;268;273;...+12					e80102d410;e80182cf10;e80152d410;e801dad110;e801e2d310;e801f2cd10;e8017ad410;e80152d510	pre_state;raw_vm_bytes:u16_2	no_state_samples_in_current_traces
297	vmop_297_plus0x3_state_add_const_slot_multi_path	algebraic_mba	41280	vm_instruction_trace.tsv:20640;vm_instruction_trace_filefill_hiddenfill_frontierfill_footprintfill.tsv:20640	0xd0ba0;0xd0bf7;0xd0c29;0xd0ca2;0xd0cc3;0xd0d31;0xd0d8f;0xd0da6;0xd0ded;0xd0f50;0xd0fc4;0xd0fcb;0xd0ff7;0xd113f;0xd1204;0xd122c;0xd1251;0xd1263;0xd143a;0xd3fb2;0xd3fd8;0xd3fe7;0xd3fee;0xd406a;...+1819	3;17;20;26;30;33;37;43;48;49;52;64;70;74;79;82;83;88;92;105;114;121;122;123;...+57					5506ae;28b7e6;83dfc1;d5b12a;fb8fea;3f73e8;04735c;fb10bb	pre_state;pre_flags;raw_vm_bytes:b0,u16_1	no_state_samples_in_current_traces
299	vmop_299_minus0x7fe6_sampled_backedge_slot_unknown	dispatch_unknown	10	vm_instruction_trace_filefill_hiddenfill_frontierfill_footprintfill.tsv:8;vm_instruction_trace.tsv:2	0x122e3c;0x17452e;0x24bd2a;0x33710f;0x33a6cc;0x33e9e2;0x371fd7	169;310			0x26e60110;0x5f858df9	0x37feff37;0x42a6d7c6	7950070080000f92c09c689a07ed63558f0424555d415149b9a9000000000000;f681070080000f95c09c4881ec080000006833fc0f0241578f04248f04244d89;533f06008000;3d4b07008000;924d07008000;eb1303008000;09d402008000	pre_state;pre_flags;raw_vm_bytes:u16_0,u16_2	no_state_samples_in_current_traces
300	vmop_300_plus0x4_state_add_const_slot_multi_path	algebraic_mba	6380	vm_instruction_trace.tsv:3190;vm_instruction_trace_filefill_hiddenfill_frontierfill_footprintfill.tsv:3190	0xd0ebd;0xd454f;0xd5750;0xd5c28;0xd72c1;0x11b46f;0x11b4a8;0x11b928;0x11c554;0x11c795;0x11c86f;0x11df05;0x11e5c1;0x11e817;0x122351;0x128c81;0x128f77;0x17135d;0x171b2a;0x171fca;0x172039;0x172eb7;0x17318b;0x17389f;...+214	3;17;18;28;43;48;49;64;66;79;83;90;91;92;105;114;157;168;180;183;185;189;196;199;...+21					b0fd600a;b5731301;6635d2ae;88a54f21;a32eaf6b;5365b93e;5884287f;f29fca22	pre_state;pre_flags;raw_vm_bytes:u16_0,u16_2	no_state_samples_in_current_traces
301	vmop_301_plus0x5_state_add_const_slot_mba_stateful	algebraic_mba	8760	vm_instruction_trace.tsv:4380;vm_instruction_trace_filefill_hiddenfill_frontierfill_footprintfill.tsv:4380	0xd0ea4;0xd4106;0xd47ab;0xd57a0;0xda3d2;0x11ad72;0x11b05a;0x11b482;0x11b4b0;0x11be7d;0x11c58e;0x11c818;0x11c85d;0x11cb48;0x11cbbb;0x11d113;0x11d4ed;0x11d507;0x11d57b;0x11e7e2;0x11ecd9;0x11ef7a;0x11f096;0x120a16;...+365	108;144;160;173;198;256;257;352					003d0170c6;003d015ff0;003d01b6a1;003d013ff0;003d018709;003d014f9f;003d0153a4;003d01c0f1	pre_state;pre_flags;raw_vm_bytes:u16_3	no_state_samples_in_current_traces
302	vmop_302_minus0x40_sampled_backedge_slot_unknown	dispatch_unknown	218	vm_instruction_trace.tsv:109;vm_instruction_trace_filefill_hiddenfill_frontierfill_footprintfill.tsv:109	0xd0eab;0x31be7c;0x33382d;0x336d73;0x3433a5;0x362f69;0x367725;0x367e8e;0x36ef3e;0x370768	165;171;354					620100004c0200802b00ac7968000000c4e06855d004e801768978043a102f3d;a5000000ce020080bd0068003cef600888fe3ddd69150edff1630fe801003d01;a5000000550000005b01a93d310933585ed8643ab803330ce801fae28d003d01;ab0000005500000033013ac5b137b6d6759d0f3acfe801768c28728ed1a9f800;ab000000ce0200801101d8e928020b08e80183528a2cb7e8ce8031cc92003d01;ab000000ce0200801e00101fe8010b0ee80114275ff92f5656d57741aa3eab3d;ab000000400000809a00a038e8018b09e801c29cf254e96c0519fd9e3e003d01;a50000005d0500804c011cd77fcf5443e80180d714bdbc377b031dd5f1f1f400	pre_state	no_state_samples_in_current_traces
305	vmop_305_plus0x4_state_add_const_slot_mba_stateful	algebraic_mba	21748	vm_instruction_trace.tsv:10874;vm_instruction_trace_filefill_hiddenfill_frontierfill_footprintfill.tsv:10874	0xd0b1c;0xd0b58;0xd0dd6;0xd0de5;0xd101d;0xd1086;0xd10ef;0xd12f9;0xd1308;0xd1371;0xd4026;0xd4044;0xd4053;0xd4274;0xd42dd;0xd43ed;0xd4492;0xd44bf;0xd4ae9;0xd4b16;0xd4b25;0xd4b7f;0xd4d10;0xd50bc;...+747	18;28;43;64;66;114;157;167;168;172;185;189;196;199;203;215;258;268;297;307;333;337;338;340;...+1					a660e801;854de801;ecffe801;5eb5e801;451ee801;f6fae801;5588e801;2c01e801	pre_state;raw_vm_bytes:u16_0	no_state_samples_in_current_traces
308	vmop_308_plus0x20_exact_slot_unknown	dispatch_unknown	492	vm_instruction_trace.tsv:246;vm_instruction_trace_filefill_hiddenfill_frontierfill_footprintfill.tsv:246	0x11bbd4;0x122aaa;0x177c82;0x231217;0x315cc0;0x31b343;0x31ba35;0x33196d;0x335853;0x33a330;0x33fdfa;0x3401bb;0x3421fd;0x342f5e;0x3613b3;0x3617fa;0x3682d5;0x36bb16;0x371a43	171;354					ab00000054000000cb00ef9f0476feb929b6232c1738f0eb678b3a003d014efa;ab000000de090080e5525a9b2f6dfa2257e801e8015f6d3d018cb7d9775361de;ab00000040000080b900a3a83aad81f324e80165ae0cfe2302378f02ec003d01;62010000e6040080020177c1d675b6ad5303103ff3bdfbbfe801bebdd9003d01;62010000ce0200802b00fc7a6800f00048371cf0bed310e801128a6c41b12600;ab000000400000805b01813c3109f79814b7fcd92802330ce8015684b1003d01;6201000055000000b9004bab3a2c919d54b9e35300dc161f94e801f2b4003d01;ab000000e6040080420069983ac5306f8a90945a47e801e6b63b086800003d01	pre_state	no_state_samples_in_current_traces
311	vmop_311_plus0xa_state_preserve_slot_multi_path	algebraic_mba	850	vm_instruction_trace_filefill_hiddenfill_frontierfill_footprintfill.tsv:466;vm_instruction_trace.tsv:384	0xd4cb9;0x11aee0;0x11b364;0x11b7e8;0x121435;0x170856;0x172877;0x1734dd;0x173ca9;0x18c07a;0x18c2a6;0x1a4a91;0x1a5d7e;0x1ecfff;0x24a4d5;0x26dee4;0x26e63d;0x26ebb3;0x30ea96;0x30fc65;0x312230;0x314968;0x314ffb;0x31547c;...+15	42;165;169;171;310;354			0xe9cdbd2a;0xbffd4e77;0xceebcfb8;0xffc939bf;0xdfe1fdbf;0xa86c6e49;0x3f0660ca;0x64d900a0	0xe9cdb52a;0xe19e5301;0x88bf1241;0x7170d2b7;0x61e7f7db;0xf0397358;0x40120412;0x7edffeb5	dff82600800000fd0100;e3fc2600800000fd0100;d6ff2600800000fd0100;a0003200800020490700e801a500c4004f6e34f07eba184d91ac2be801e9f9d7;15713300800080090200;835934008000602e0700e801ab005401cc1599008a4c4ed1e2d2adac57e80172;0868310080001c600300;916b31008000ac8a0500	pre_state;pre_flags;raw_vm_bytes:u16_3	no_state_samples_in_current_traces
313	vmop_313_plus0x5_state_add_const_slot_multi_path	algebraic_mba	8	vm_instruction_trace.tsv:4;vm_instruction_trace_filefill_hiddenfill_frontierfill_footprintfill.tsv:4	0x33c260	352					3d017e59ff	pre_state;pre_flags;raw_vm_bytes:u16_2	no_state_samples_in_current_traces
314	vmop_314_plus0xa_state_add_const_slot_mba_stateful	algebraic_mba	2	vm_instruction_trace.tsv:1;vm_instruction_trace_filefill_hiddenfill_frontierfill_footprintfill.tsv:1	0x33cce1	189					2c74fa95ffffffff6abb	pre_state;raw_vm_bytes:u16_8,u32_0	no_state_samples_in_current_traces
315	vmop_315_plus0x4_state_mixed_slot_mba_stateful	algebraic_mba	19842	vm_instruction_trace.tsv:9921;vm_instruction_trace_filefill_hiddenfill_frontierfill_footprintfill.tsv:9921	0xd0ae0;0xd0b49;0xd0b67;0xd0bb2;0xd0d8b;0xd0e3f;0xd102c;0xd1059;0xd1326;0xd1362;0xd3fdb;0xd3fea;0xd4071;0xd409e;0xd4265;0xd4465;0xd48ef;0xd492b;0xd4949;0xd4ada;0xd4d5b;0xd509e;0xd50ad;0xd50da;...+789	18;28;43;64;66;114;157;167;168;172;185;189;196;199;203;215;258;268;297;307;333;337;338;340;...+1					e80199f5;e801e1f3;e80129f1;e801b9f5;e801f9fa;e801d1fa;e80149f6;e80199f4	pre_state;pre_flags;raw_vm_bytes:u16_2	no_state_samples_in_current_traces
316	vmop_316_minus0x3c4_sampled_backedge_slot_unknown	dispatch_unknown	1020	vm_instruction_trace_filefill_hiddenfill_frontierfill_footprintfill.tsv:573;vm_instruction_trace.tsv:447	0xd4beb;0x11e14f;0x1217c7;0x1a5a8a;0x1ec466;0x2303ae;0x293666;0x2bf9ac;0x30f3c5;0x31297d;0x3157e1;0x31b31b;0x31e35e;0x31ea8c;0x339a83;0x33cd0f;0x3406cb;0x343f0c;0x362919;0x36405b;0x364d87;0x36b35e;0x3707a0;0x371a20	18;28;43;114;121;165;171;183;185;189;196;199;203;258;268;297;322;340;345;347;354					a5000000c40300803d019a6cb3e80548381b90d9800d6d4dbe452b0a0126003d;a5000000300000003d01227def13006b589d013d018009de80af7d9dae7fc179;62010000580000003d01224513d3f568009d8b44a898420848e8013fecc21db2;62010000880200003d01008459c7c66800f57246950b8acfc8fbe8019143acd7;ab000000880200003d01007c5c8e42078e3001360b1328f63f1de801d8acad87;620100002d0000003d012295f21487160763d19100a34f122429001916a9003d;ab0000002d0000003d0122508b11cd2b0e2db3b7f403ac8dbbe54322d30c003d;62010000300000003d0122d64e803d015f9d9d011300029e6dd8acb4dbaf19a8	pre_state	no_state_samples_in_current_traces
317	vmop_317_plus0x4_state_add_const_slot_multi_path	algebraic_mba	1074	vm_instruction_trace.tsv:537;vm_instruction_trace_filefill_hiddenfill_frontierfill_footprintfill.tsv:537	0xd4531;0x11bb72;0x11d56b;0x1a55da;0x1ec1ec;0x24ba20;0x2c13b4;0x30f3b9;0x30f84d;0x31ab65;0x31b06f;0x31b222;0x31b4f9;0x31bbe7;0x31c108;0x31c905;0x31e7b3;0x331843;0x331a44;0x331b1a;0x33213c;0x334d7b;0x335175;0x3353f5;...+61	3;17;18;28;48;49;52;56;66;70;79;83;105;121;124;154;185;199;200;215;220;239;254;260;...+13					5fd1c4c7;a749643d;17cbc8dc;df317822;780a837c;28875ff9;ffd6c4c7;bf0bf47e	pre_state;pre_flags;raw_vm_bytes:u16_0,u16_2	no_state_samples_in_current_traces
319	vmop_319_plus0x5_state_add_const_slot_multi_path	algebraic_mba	3700	vm_instruction_trace.tsv:1850;vm_instruction_trace_filefill_hiddenfill_frontierfill_footprintfill.tsv:1850	0xd0ee0;0x11b49a;0x11bbb6;0x11df2c;0x11e187;0x11ecf1;0x11f0ae;0x1209ff;0x121b8d;0x12259c;0x122a73;0x122b3c;0x17098c;0x171111;0x172c1c;0x1775ee;0x177968;0x179f70;0x1a556e;0x1a5b22;0x1a5b67;0x1a5ec8;0x2302e2;0x230325;...+201	108;144;160;173;198;256;257;352					3d01be2e00;3d01062c00;3d017e7600;3d018e7e00;3d01e36900;3d01e67377;3d01be2c00;3d01de7100	pre_state;pre_flags;raw_vm_bytes:u16_2	no_state_samples_in_current_traces
320	vmop_320_plus0x5_state_add_const_slot_mba_stateful	algebraic_mba	4160	vm_instruction_trace.tsv:2080;vm_instruction_trace_filefill_hiddenfill_frontierfill_footprintfill.tsv:2080	0xd0e5f;0xd554d;0x11adec;0x11b044;0x11b258;0x11b91e;0x11b94c;0x11be95;0x11bf8a;0x11c7b8;0x11c801;0x11cba5;0x11d51f;0x11ef92;0x120c2a;0x1212e5;0x1217ff;0x121de8;0x128a7e;0x171380;0x171d77;0x172543;0x172e8e;0x177298;...+208	108;144;160;173;198;256;257;352					003d01603b;003d01dea8;003d0184c2;713d0178dd;003d0170d1;f93d013807;003d017ccf;003d016b98	pre_state;pre_flags;raw_vm_bytes:u16_3	no_state_samples_in_current_traces
321	vmop_321_plus0xd_state_preserve_slot_multi_path	algebraic_mba	266	vm_instruction_trace_filefill_hiddenfill_frontierfill_footprintfill.tsv:169;vm_instruction_trace.tsv:97	0xd420b;0xd521e;0x1a5968;0x230e07;0x31285b;0x31aec3;0x3404c8;0x341d7a;0x369275	165;169;310;354			0x3f06018a;0xd7b4a7cd;0x3f06a742	0x14020000;0x2000a00;0x221c12	4ef42eb2cc110d725534008000;00d688e7540b46e45634008000;44f22580597854786631008000;e181c02402a612c25e0d008000e801a500;a55cd83d0f9e67571423008000a500e801;8da7bd9ff7b97a1b630d008000e8016201;7ada8fde2ec873b7f231008000e8016201;c1ae1489fb6f79a2a036008000e8016201	pre_state;pre_flags;raw_vm_bytes:u16_0,u16_2	no_state_samples_in_current_traces
322	vmop_322_plus0x4_state_add_const_slot_multi_path	algebraic_mba	3694	vm_instruction_trace.tsv:1847;vm_instruction_trace_filefill_hiddenfill_frontierfill_footprintfill.tsv:1847	0xd47bd;0xd4b99;0xd4bdb;0x11adc5;0x11adf3;0x11b6e6;0x11bf91;0x11c218;0x11c599;0x11cb3c;0x11cc0a;0x11d803;0x11dc17;0x11dea8;0x11e85f;0x11ea78;0x11eedd;0x11f0e6;0x120c03;0x1217b7;0x1217d8;0x121a52;0x1225c1;0x122626;...+189	3;18;28;43;48;49;52;64;66;74;83;90;91;92;99;157;172;180;183;189;196;199;215;220;...+14					e440ac94;78ff4e4a;f0b07369;24f2c994;df68193c;e27fb3f1;e83bb034;8f994d07	pre_state;pre_flags;raw_vm_bytes:u16_0,u16_2	no_state_samples_in_current_traces
326	vmop_326_plus0x5_state_add_const_slot_mba_stateful	algebraic_mba	140	vm_instruction_trace.tsv:70;vm_instruction_trace_filefill_hiddenfill_frontierfill_footprintfill.tsv:70	0x30eedb;0x3427ee;0x36771e	108;352					55deed3d01;ddbee53d01;31deed3d01	pre_state;pre_flags;raw_vm_bytes:u16_1	no_state_samples_in_current_traces
331	vmop_331_plus0x3_state_formula_slot_multi_path	algebraic_mba	314	vm_instruction_trace.tsv:157;vm_instruction_trace_filefill_hiddenfill_frontierfill_footprintfill.tsv:157	0x31e800;0x33e922;0x3417cb;0x369d95;0x37109c;0x371530;0x371ccb	99;146;168;196;222;333;340					e8e762;40ef62;08e562;30de62;f0b932;686b32;587162	pre_state;pre_flags;raw_vm_bytes:u16_0	no_state_samples_in_current_traces
332	vmop_332_plus0x4_state_add_const_slot_multi_path	algebraic_mba	6584	vm_instruction_trace.tsv:3292;vm_instruction_trace_filefill_hiddenfill_frontierfill_footprintfill.tsv:3292	0xd0c54;0xd5a35;0xd751a;0xda39c;0xdaca1;0x11ae14;0x11c322;0x11cb85;0x11cbaf;0x11cbfb;0x11ce02;0x11d075;0x11e38e;0x11f046;0x11f0d0;0x1209d4;0x120c4f;0x12154b;0x122076;0x1220c2;0x12238f;0x170771;0x1709f2;0x170ef6;...+234	3;17;18;28;37;43;48;49;64;66;79;83;90;91;99;114;157;168;172;180;183;185;189;196;...+22					e0c6d3c3;5197ef14;2dd7334c;2dc773c5;e0d6b3cf;4d164395;51d4dfca;2dd783c7	pre_state;pre_flags;raw_vm_bytes:u16_2	no_state_samples_in_current_traces
333	vmop_333_plus0x4_state_add_const_slot_multi_path	algebraic_mba	24388	vm_instruction_trace.tsv:12194;vm_instruction_trace_filefill_hiddenfill_frontierfill_footprintfill.tsv:12194	0xd0b7a;0xd0bef;0xd0d62;0xd0dda;0xd10af;0xd118c;0xd119e;0xd1297;0xd1304;0xd133c;0xd401e;0xd408b;0xd4093;0xd42c6;0xd4407;0xd4413;0xd4478;0xd44e1;0xd4906;0xd4950;0xd4b21;0xd4bd7;0xd4ce7;0xd4d66;...+1141	3;18;26;28;30;33;37;49;64;66;70;79;83;91;99;114;121;122;124;125;128;140;146;148;...+39					7fdfab00;93f49100;d3d19100;7fef9900;8bf98900;9ff94701;0bf67900;b3fa9100	pre_state;pre_flags;raw_vm_bytes:u16_0	no_state_samples_in_current_traces
334	vmop_334_plus0x2a5_sampled_long_or_sparse_slot_unknown	dispatch_unknown	277	vm_instruction_trace_filefill_hiddenfill_frontierfill_footprintfill.tsv:235;vm_instruction_trace.tsv:42	0xd4561;0x11beb3;0x11c200;0x11f4ba;0x120e9e;0x121a5b;0x121ffd;0x1226c6;0x177930;0x1a4daa;0x293344;0x2bf4ef;0x2c0591;0x31dd95;0x331e7d;0x3364c6;0x33f6e0;0x34142c;0x362ce6;0x364f74;0x365161;0x365488;0x3676fd;0x368dd8;...+3	18;43;64;66;91;114;121;165;171;183;185;189;239;258;347;354					620100000d0200003d019a13cfc38e794020061ab77465de8c0a000100a2663d;ab000000fa0100003d019a83cd2002a654cbaab9e801ad72f3c5b19cc22956e8;62010000880200003d010083ced64817fd740e3a707fd8405307e8010c45b03f;ab000000300000003d0122cbc99d01cc8613003d0180619864852006bc4a11fd;a5000000880200003d0100c3c9183aa80d8157e801456c68003f9e24c273beb6;620100008b0200003d0100e3ca0e017a44d800e801e5004f692455e575abd416;62010000300000003d0122b3cb1300eb539d013d0180769328564a8d7640703e;62010000910700003d012273c8cf0733087d8a9c7258672e9d1f155f88010012	pre_state	no_state_samples_in_current_traces
336	vmop_336_plus0x5_state_add_const_slot_mba_stateful	algebraic_mba	88	vm_instruction_trace.tsv:44;vm_instruction_trace_filefill_hiddenfill_frontierfill_footprintfill.tsv:44	0x30f14a;0x30f2e7;0x31be2a;0x335801;0x3389a2;0x338a19;0x33bfee;0x33c142;0x3425f2;0x343353;0x360f4c;0x362f17;0x368283;0x36fa9c	108;144;173;198;256;352					3d01680d4f;3d01800ccd;3d01880adf;3d01e801c1;3d01e80137;3d01e802ab;3d01680d5f;3d01880a9f	pre_state;raw_vm_bytes:u16_2	no_state_samples_in_current_traces
337	vmop_337_plus0x4_state_add_const_slot_multi_path	algebraic_mba	53068	vm_instruction_trace.tsv:26534;vm_instruction_trace_filefill_hiddenfill_frontierfill_footprintfill.tsv:26534	0xd0b11;0xd0b5f;0xd0b90;0xd0d2d;0xd0d75;0xd0e1d;0xd0efd;0xd0f4c;0xd0f97;0xd0fa2;0xd0faa;0xd0fc0;0xd0fce;0xd0ffa;0xd1037;0xd104e;0xd10ab;0xd10d5;0xd11a2;0xd127c;0xd129b;0xd12e6;0xd12fd;0xd13b6;...+2297	3;18;20;26;28;30;33;37;43;49;66;70;79;82;83;88;121;123;124;125;128;131;140;146;...+48					33adc1d6;2891b80a;d4991300;50b50876;cfba5fe2;64fc9df7;ecf41bf7;10732831	pre_state;pre_flags;raw_vm_bytes:u16_0,u16_2	no_state_samples_in_current_traces
338	vmop_338_plus0x6_state_add_const_slot_mba_stateful	algebraic_mba	3506	vm_instruction_trace.tsv:1753;vm_instruction_trace_filefill_hiddenfill_frontierfill_footprintfill.tsv:1753	0xd0e43;0xd1384;0xd44d2;0xd4db9;0xd5147;0xd5dfb;0xd7284;0xd76f1;0xdae78;0x11b222;0x11b464;0x11b8e8;0x11bb2a;0x11be5f;0x11c1ac;0x11c782;0x11cb2a;0x11d4d3;0x11dc08;0x11e130;0x11e795;0x11ec8c;0x11f49b;0x120e67;...+154	283;295;351					74d53d01e801;14183d01e801;d4d13d01e801;66cb3d01e801;00ad3d01e801;95d33d01e801;39393d01e801;f4d13d01e801	pre_state;raw_vm_bytes:u16_0	no_state_samples_in_current_traces
340	vmop_340_plus0x4_state_add_const_slot_multi_path	algebraic_mba	52224	vm_instruction_trace.tsv:26112;vm_instruction_trace_filefill_hiddenfill_frontierfill_footprintfill.tsv:26112	0xd0afa;0xd0b02;0xd0b9c;0xd0d0c;0xd0e25;0xd0f16;0xd0f6b;0xd0fd9;0xd1028;0xd105d;0xd107b;0xd10c6;0xd10e8;0xd10f3;0xd112d;0xd120e;0xd1245;0xd1266;0xd126e;0xd12aa;0xd1366;0xd1375;0xd1419;0xd3fc4;...+2235	3;18;20;26;28;30;33;37;43;49;66;70;79;82;83;118;121;122;123;124;128;129;140;146;...+50					76199900;144aab00;bf5e6800;a53a6800;fcc7b300;c40cb300;50a31300;b41eb300	pre_state;raw_vm_bytes:u16_0,u16_2	no_state_samples_in_current_traces
345	vmop_345_plus0x6_state_add_const_slot_mba_stateful	algebraic_mba	3766	vm_instruction_trace.tsv:1883;vm_instruction_trace_filefill_hiddenfill_frontierfill_footprintfill.tsv:1883	0xd1123;0xd4f83;0xd74de;0xda3b3;0xda5c6;0x11b00c;0x11b033;0x11be84;0x11d7cb;0x11e80a;0x11efce;0x121320;0x1217a6;0x121b94;0x128a78;0x17075c;0x170a13;0x170a3a;0x170cac;0x1716a4;0x1718d4;0x171d71;0x17224f;0x1722df;...+281	3;18;28;37;43;48;49;52;64;66;70;79;83;88;90;92;105;114;122;148;151;157;168;172;...+28					c14cd639bd3f;08ed3aca3ff7;91f967927afb;ed1763947fbd;700ad87e6dac;36da1c67d017;80010040ac55;c8ff907e7daf	pre_state;pre_flags;raw_vm_bytes:u16_0,u32_2	no_state_samples_in_current_traces
346	vmop_346_plus0x4_state_add_const_slot_multi_path	algebraic_mba	18146	vm_instruction_trace.tsv:9073;vm_instruction_trace_filefill_hiddenfill_frontierfill_footprintfill.tsv:9073	0xd0b94;0xd0e30;0xd1077;0xd10a4;0xd10fe;0xd12cc;0xd12db;0xd1317;0xd4283;0xd440b;0xd441a;0xd4429;0xd48a4;0xd48c2;0xd4985;0xd4af8;0xd4b34;0xd4b70;0xd4d2e;0xd4d97;0xd4da6;0xd5062;0xd50cb;0xd50f8;...+740	18;28;43;64;66;114;157;167;168;172;185;189;196;199;203;215;258;268;297;307;333;337;338;340;...+1					6e34e801;d1c3e801;a4fae801;a495e801;f1e9e801;a442e801;1a2ce801;14ece801	pre_state;pre_flags;raw_vm_bytes:u16_0	no_state_samples_in_current_traces
347	vmop_347_plus0x4_state_add_const_slot_multi_path	algebraic_mba	48598	vm_instruction_trace.tsv:24299;vm_instruction_trace_filefill_hiddenfill_frontierfill_footprintfill.tsv:24299	0xd0ad8;0xd0b20;0xd0b3e;0xd0ba7;0xd0bdb;0xd0c0d;0xd0cd5;0xd0d01;0xd0d22;0xd0d56;0xd0e07;0xd0e55;0xd0e7c;0xd0ed6;0xd0f5d;0xd0f76;0xd0fb5;0xd1019;0xd106c;0xd10be;0xd11c6;0xd122f;0xd12f1;0xd134c;...+2122	3;18;20;26;28;30;33;37;43;49;52;66;70;79;83;118;121;122;123;124;125;128;140;146;...+49					0f808b01;72bd54c9;ef8bfb20;5500f782;060b5a01;b60f1aa2;67824b03;86870842	pre_state;pre_flags;raw_vm_bytes:u16_0,u16_2	no_state_samples_in_current_traces
348	vmop_348_plus0x5_state_add_const_slot_multi_path	algebraic_mba	74	vm_instruction_trace.tsv:37;vm_instruction_trace_filefill_hiddenfill_frontierfill_footprintfill.tsv:37	0xda5cc;0x121fe2;0x22ff3d;0x22ffe3;0x2bf4d4;0x31b6e7;0x31b791;0x31e827;0x3352b2;0x3356f7;0x33c0e1;0x3411f4;0x342e04;0x343249;0x3629de;0x36f1ef	108;144;160;173;198;256;257;352					c5703d01f3;3d743d0127;27753d01e5;d7f83d0187;d7723d012d;17703d016b;c5733d0153;2d713d0153	pre_state;pre_flags;raw_vm_bytes:u16_0	no_state_samples_in_current_traces
350	vmop_350_plus0x4_state_add_const_slot_mba_stateful	algebraic_mba	4828	vm_instruction_trace.tsv:2414;vm_instruction_trace_filefill_hiddenfill_frontierfill_footprintfill.tsv:2414	0xd0c09;0xd0e6d;0xd477b;0xd478a;0xd47a7;0xd54e2;0xda3e4;0xdac5d;0x11ad6a;0x11b71c;0x11c2de;0x11c953;0x11d574;0x11d84c;0x11def6;0x11eaaa;0x11eab5;0x11f070;0x12134c;0x121ff1;0x122571;0x12266b;0x128ccf;0x128ef2;...+207	3;18;28;37;43;49;64;66;70;74;79;83;90;91;92;105;114;157;168;172;180;183;185;189;...+21					ee8d6e3e;bbdfee3d;07b1fe39;24be053a;6e8aee3f;28a2b53f;068a463e;d54f2c3a	pre_state;pre_flags;raw_vm_bytes:u16_0,u16_2	no_state_samples_in_current_traces
351	vmop_351_plus0x5_state_add_const_slot_mba_stateful	algebraic_mba	3688	vm_instruction_trace.tsv:1844;vm_instruction_trace_filefill_hiddenfill_frontierfill_footprintfill.tsv:1844	0xd0e49;0xd44d8;0xd5e01;0xd78d1;0xdae7e;0x11b228;0x11b6ac;0x11bb30;0x11c4ff;0x11c788;0x11cb30;0x11dc0e;0x11ddfb;0x11ea68;0x11eed5;0x12129f;0x12153b;0x121d89;0x122d81;0x128c78;0x17095c;0x1710e1;0x172513;0x1733b9;...+90	18;28;30;43;64;66;114;121;124;154;157;165;168;172;185;189;196;199;203;215;239;253;254;258;...+13					e801b03a10;e801073810;e801003510;e801fe0f10;e801e78610;e801ad9510;e80170fa10;e801f02e10	pre_state;raw_vm_bytes:u16_2	no_state_samples_in_current_traces
352	vmop_352_plus0x2_state_add_const_slot_mba_stateful	algebraic_mba	8848	vm_instruction_trace.tsv:4424;vm_instruction_trace_filefill_hiddenfill_frontierfill_footprintfill.tsv:4424	0xd0c19;0xd0efb;0xd410b;0xd413d;0xd455f;0xd47c6;0xd553a;0xd557e;0xd72a7;0xd752e;0xdac89;0x11b05f;0x11b4e3;0x11b6e1;0x11b951;0x11bb4d;0x11be82;0x11bf8f;0x11c1cf;0x11c2f2;0x11c30a;0x11c806;0x11c833;0x11c90d;...+518	17;18;28;30;43;48;62;64;65;66;90;92;105;114;117;121;124;128;140;146;154;157;165;168;...+40					e2e6;eee7;92dc;b8d4;80eb;d6d2;ea02;86d6	pre_state;raw_vm_bytes:u16_0	no_state_samples_in_current_traces
356	vmop_356_plus0xa_state_preserve_slot_mba_stateful	algebraic_mba	1542	vm_instruction_trace_filefill_hiddenfill_frontierfill_footprintfill.tsv:801;vm_instruction_trace.tsv:741	0xd1284;0xd5cfb;0x11b5a6;0x11ba2a;0x11cf21;0x11edcf;0x11f39b;0x120d67;0x122196;0x172aa1;0x172d58;0x17776f;0x1a4c73;0x1a4fc9;0x1ec347;0x24b052;0x26e157;0x2c045a;0x30ecc1;0x310c9b;0x310ee6;0x3115dd;0x311a61;0x311ca3;...+24	165;169;171;310;354			0xffc5af34;0x77ee0b00;0xed95fffe;0x871dddb0;0xffaffb65;0x3f0612b2;0x2948;0x69145f5a	0x94baf385;0x77feff37;0xdb65935b;0x871dddb0;0x148226cc;0x14100010;0x2948;0xef1b287	39fa2600800000fd0100;ac7633008000300b0200;f1d533008000300b0200;1c69310080007c340700;6f7431008000428d0300;a57531008000548d0300;5979310080001c600300;357c310080001c600300	pre_state;pre_flags;raw_vm_bytes:u16_0	no_state_samples_in_current_traces
357	vmop_357_plus0x5_state_add_const_slot_mba_stateful	algebraic_mba	12	vm_instruction_trace.tsv:6;vm_instruction_trace_filefill_hiddenfill_frontierfill_footprintfill.tsv:6	0x34067b;0x341f2d	144;352					f0fdb13d01;116a913d01	pre_state;pre_flags;raw_vm_bytes:u16_0	no_state_samples_in_current_traces
358	vmop_358_plus0x5_state_formula_slot_unknown	dispatch_unknown	2	vm_instruction_trace.tsv:1;vm_instruction_trace_filefill_hiddenfill_frontierfill_footprintfill.tsv:1	0x177a0d	144					7d1a3d0100	pre_state;pre_flags;raw_vm_bytes:u16_0	no_state_samples_in_current_traces
359	vmop_359_plus0x5_state_add_const_slot_multi_path	algebraic_mba	12	vm_instruction_trace.tsv:6;vm_instruction_trace_filefill_hiddenfill_frontierfill_footprintfill.tsv:6	0x30f375;0x36400b	108;160					3d011ffc00;3d01c3de00	pre_state;pre_flags;raw_vm_bytes:u16_2	no_state_samples_in_current_traces
