source_entry	source_target	opcode_name	problem_kind	status	readability_status	operation_family_mix	unresolved_mix	dispatch_slot_kind	state_kind	delta	shape	word_shape	operand_layout	word_layout	programs	program_count	observation_rows	target_entries	target_entry_count	trace_rows	trace_files	dynamic_start_vm_ip_count	exact_string_refs	side_effect_categories	formula_variables	formula_constants	required_inputs	operator_summary	state_formula	dispatch_formula	next_step
0	0x78561	vmop_000_plus0x5_state_add_const_slot_mba_stateful	algebraic_mba	ready_for_symbolic_reduction	named_structural;needs_algebraic_simplification	obfuscated_table_dispatch:5	algebraic_state_or_slot_formula:5	slot_mba_stateful	state_add_const	+0x5	EECCE	EC	b0=enum5(0x8d:41,0x4a:17,0xbe:14,0xef:10,0x1a:7);b1=enum5(0xc2:41,0x34:17,0x06:14,0x7f:10,0xf6:7);b2=0x3d;b3=0x01;b4=enum5(0x35:41,0xa3:17,0xe5:14,0x0f:10,0xb5:7)	w0=enum5(0xc28d:41,0x344a:17,0x06be:14,0x7fef:10,0xf61a:7);w1=0x013d	042;046;048;055;061	5	5	108;144;257;352	4	178	vm_instruction_trace.tsv:89;vm_instruction_trace_filefill_hiddenfill_frontierfill_footprintfill.tsv:89	5	0		state0;u16_0	0xffff;0x1966e0e7;0x251a0141	pre_state;raw_vm_bytes:u16_0	mask32:3;&:1;^:3;+:2;-:3	state0 ^ 0x1966e0e7 - u16_0 + state0 ^ 0x1966e0e7 - 0x251a0141	48=(mask32((mask32(u16_0 + (mask32(state0 ^ 0x1966e0e7)))) - 0x251a0141)) & 0xffff	simplify_to_c_expression_or_table
3	0x78c77	vmop_003_plus0x5_state_add_const_slot_multi_path	algebraic_mba	ready_for_symbolic_reduction	named_structural;needs_algebraic_simplification	obfuscated_table_dispatch:401	algebraic_state_or_slot_formula:401	slot_multi_path	state_add_const	+0x5	VVCCC	VC	b0=var20(top=0x19:19.7%);b1=var60(top=0x26:9.2%);b2=0x00;b3=0x3d;b4=0x01	w0=var289(top=0x2799:5.4%);w1=0x3d00	000;002;004;007;009;010;011;013;015;016;017;018;019;020;021;022;023;025;026;028;029;030;031;032;...+23	47	401	108;144;160;173;198;256;257;352	8	6868	vm_instruction_trace.tsv:3434;vm_instruction_trace_filefill_hiddenfill_frontierfill_footprintfill.tsv:3434	401	0		flags0;state0;u16_0	0xffff;0x1c03cc82;0x38c49877;0x4bc0d288;0x4ddaed7b;0x742d9511	pre_state;pre_flags;raw_vm_bytes:u16_0	mask32:8;&:1;|:3;^:3;+:5;-:12	state0 - flags0 - 0x1c03cc82 - flags0 | 0x38c49877 - 0x742d9511 + 0x4ddaed7b ^ u16_0 ^ state0 - flags0 - 0x1c03cc82 - flags0 | 0x38c49877 - 0x742d9511 + 0x4ddaed7b + 0x4bc0d288	128=(mask32((mask32(u16_0 ^ (mask32((mask32((mask32((mask32((mask32((mask32(state0 - flags0)) - 0x1c03cc82)) - flags0)) | 0x38c49877)) - 0x742d9511)) + 0x4ddaed7b)))) + 0x4bc0d288)) & 0xffff	simplify_to_c_expression_or_table
9	0x79da3	vmop_009_plus0x5_state_formula_slot_unknown	dispatch_unknown	needs_dispatch_resolution_or_trace	named_structural;needs_algebraic_simplification	unresolved_dispatch:1	algebraic_state_or_slot_formula;dispatch_slot_unknown;static_model_or_runtime_validation_incomplete;state_formula_not_named:1	slot_unknown	state_formula	+0x5	CCCCC	CC	b0=0x69;b1=0x3d;b2=0x01;b3=0xb4;b4=0x4a	w0=0x3d69;w1=0xb401	056	1	1	256	1	6	vm_instruction_trace.tsv:3;vm_instruction_trace_filefill_hiddenfill_frontierfill_footprintfill.tsv:3	1	0		state0;u16_3	0x25d88329	pre_state;raw_vm_bytes:u16_3	&:1;^:1;-:2	state0 & u16_3 - state0 ^ 0x25d88329	dispatch slot expression not recovered; use per-row target evidence when available	collect_missing_dispatch_targets
13	0x7aee8	vmop_013_plus0x5_state_add_const_slot_multi_path	algebraic_mba	ready_for_symbolic_reduction	named_structural;needs_algebraic_simplification	obfuscated_table_dispatch:2	algebraic_state_or_slot_formula:2	slot_multi_path	state_add_const	+0x5	EECCE	EC	b0=enum2(0x9e:4,0x6a:1);b1=enum2(0x7e:4,0x75:1);b2=0x3d;b3=0x01;b4=enum2(0x25:4,0x11:1)	w0=enum2(0x7e9e:4,0x756a:1);w1=0x013d	002;052	2	2	256;257	2	10	vm_instruction_trace.tsv:5;vm_instruction_trace_filefill_hiddenfill_frontierfill_footprintfill.tsv:5	2	0		flags0;state0;u16_0	0xffff;0x1c36555;0x2de02e8;0x1490ac71;0x5ad3c2e8;0x67934603;0x771fee31	pre_state;pre_flags;raw_vm_bytes:u16_0	mask32:8;&:1;|:4;^:4;-:6	state0 ^ 0x67934603 ^ flags0 - 0x1c36555 | 0x771fee31 | 0x1490ac71 - 0x2de02e8	5=(mask32((mask32(u16_0 - (mask32((mask32(state0 ^ 0x67934603)) ^ (mask32((mask32((mask32((mask32(flags0 - 0x1c36555)) | 0x771fee31)) | 0x1490ac71)) - 0x2de02e8)))))) - 0x5ad3c2e8)) & 0xffff	simplify_to_c_expression_or_table
17	0x7bae9	vmop_017_plus0x5_state_add_const_slot_multi_path	algebraic_mba	ready_for_symbolic_reduction	named_structural;needs_algebraic_simplification	obfuscated_table_dispatch:73	algebraic_state_or_slot_formula:73	slot_multi_path	state_add_const	+0x5	VVEVV	VV	b0=var54(top=0x12:33.9%);b1=var37(top=0xff:35.9%);b2=enum4(0x3a:321,0x62:293,0x32:75,0x50:69);b3=var28(top=0x10:34.4%);b4=var12(top=0xa0:35.0%)	w0=var68(top=0xff12:33.9%);w1=var47(top=0x1062:33.8%)	023;026;029;034;041;042;046;048;050;052;053;055;056;059;061;063;064	17	73	3;18;28;30;66;79;83;90;92;122;140;185;199;200;215;220;239;253;254;260;269;280;281;291;...+8	32	1516	vm_instruction_trace.tsv:758;vm_instruction_trace_filefill_hiddenfill_frontierfill_footprintfill.tsv:758	73	0		flags0;state0;u16_0;u16_3	0xffff;0x95f9698;0x4365071c	pre_state;pre_flags;raw_vm_bytes:u16_0,u16_3	mask32:10;&:4;|:6;^:15;+:4;-:2	state0 | flags0 ^ 0x4365071c & u16_0 ^ state0 | flags0 ^ 0x4365071c + flags0 ^ 0x4365071c ^ 0x95f9698 + u16_3 - state0 | flags0 ^ 0x4365071c & u16_0 ^ state0 | flags0 ^ 0x4365071c + flags0 ^ 0x4365071c ^ 0x95f9698	128=(mask32(u16_3 - (mask32((mask32((mask32(state0 | (mask32(flags0 ^ 0x4365071c)))) & (mask32((mask32(u16_0 ^ (mask32(state0 | (mask32(flags0 ^ 0x4365071c)))))) + (mask32(flags0 ^ 0x4365071c)))))) ^ 0x95f9698)))) & 0xffff	simplify_to_c_expression_or_table
18	0x7be9b	vmop_018_plus0x3_state_add_const_slot_multi_path	algebraic_mba	ready_for_symbolic_reduction	named_structural;needs_algebraic_simplification	obfuscated_table_dispatch:2502	algebraic_state_or_slot_formula:2502	slot_multi_path	state_add_const	+0x3	VVV	V	b0=var149(top=0xa0:5.4%);b1=var200(top=0x0a:6.4%);b2=var165(top=0x3a:10.5%)	w0=var1783(top=0x0620:1.2%)	000;001;002;003;004;005;006;007;008;009;010;011;012;013;014;015;016;017;018;019;020;021;022;023;...+40	64	2502	0;3;13;20;26;30;33;37;43;48;49;52;64;70;79;82;83;90;91;92;94;99;105;114;...+70	94	50898	vm_instruction_trace.tsv:25449;vm_instruction_trace_filefill_hiddenfill_frontierfill_footprintfill.tsv:25449	2502	0		flags0;state0;u16_0	0xffff;0x954df65;0x5b466f3b;0x6382ce20	pre_state;pre_flags;raw_vm_bytes:u16_0	mask32:12;&:10;|:7;+:6;-:8	state0 & flags0 | 0x954df65 + 0x5b466f3b - 0x6382ce20 & flags0 | 0x954df65 + 0x5b466f3b - u16_0 - state0 & flags0 | 0x954df65 + 0x5b466f3b - 0x6382ce20 & flags0 | 0x954df65 + 0x5b466f3b	99=(mask32(u16_0 - (mask32((mask32((mask32(state0 & flags0)) - 0x6382ce20)) & flags0)))) & 0xffff | 29=(mask32(u16_0 - (mask32((mask32((mask32(state0 & (mask32((mask32(flags0 | 0x954df65)) + 0x5b466f3b)))) - 0x6382ce20)) & (mask32((mask32(flags0 | 0x954df65)) + 0x5b466f3b)))))) & 0xffff	simplify_to_c_expression_or_table
20	0x7c62b	vmop_020_plus0x4_state_add_const_slot_multi_path	algebraic_mba	ready_for_symbolic_reduction	named_structural;needs_algebraic_simplification	obfuscated_table_dispatch:857	algebraic_state_or_slot_formula:857	slot_multi_path	state_add_const	+0x4	CCVV	CV	b0=0xe8;b1=0x01;b2=var220(top=0xa5:4.7%);b3=var173(top=0x77:9.9%)	w0=0x01e8;w1=var728(top=0x7ca5:3.7%)	000;001;002;003;004;005;006;007;008;009;010;011;012;013;014;015;016;017;018;019;020;021;022;023;...+37	61	857	18;28;40;64;66;69;80;95;114;119;181;185;189;199;215;216;258;261;264;278;284;297;299;307;...+5	29	18970	vm_instruction_trace.tsv:9485;vm_instruction_trace_filefill_hiddenfill_frontierfill_footprintfill.tsv:9485	857	0		flags0;state0;u16_2	0xffff;0x38e67f2;0x17188826;0x180e72f2;0x1fa2014f;0x36332ac8;0x38e67f26;0x58f71b08	pre_state;pre_flags;raw_vm_bytes:u16_2	mask32:18;&:11;|:13;^:8;-:11	state0 | flags0 | 0x180e72f2 - 0x36332ac8 - flags0 ^ 0x58f71b08 & 0x17188826 & 0x1fa2014f | 0x38e67f26 - flags0 ^ 0x58f71b08 & 0x17188826 & u16_2 ^ state0 | flags0 | 0x180e72f2 - 0x36332ac8 - flags0 ^ 0x58f71b08 & 0x17188826 & 0x1fa2014f | 0x38e67f26 - flags0 ^ 0x58f71b08 & 0x17188826	67=(mask32(u16_2 ^ (mask32((mask32((mask32((mask32((mask32(state0 | (mask32(flags0 | 0x180e72f2)))) - 0x36332ac8)) - (mask32(flags0 & 0x1fa2014f)))) | 0x38e67f26)) - flags0)))) & 0xffff | 61=(mask32(u16_2 ^ (mask32((mask32((mask32((mask32((mask32(state0 | (mask32(flags0 | 0x180e72f2)))) - 0x36332ac8)) - (mask32((mask32((mask32(flags0 ^ 0x58f71b08)) & 0x17188826)) & 0x1fa2014f)))) | 0x38e67f2...#55949319b084	simplify_to_c_expression_or_table
26	0x7dbbb	vmop_026_plus0x4_state_add_const_slot_multi_path	algebraic_mba	ready_for_symbolic_reduction	named_structural;needs_algebraic_simplification	obfuscated_table_dispatch:850	algebraic_state_or_slot_formula:850	slot_multi_path	state_add_const	+0x4	VVCC	VC	b0=var176(top=0x9e:4.5%);b1=var242(top=0xcf:3.6%);b2=0xe8;b3=0x01	w0=var832(top=0x5a9e:2.6%);w1=0x01e8	000;001;002;003;004;005;006;007;008;010;011;012;013;014;015;016;017;018;019;020;021;022;023;024;...+34	58	850	18;28;43;64;66;114;157;167;168;172;185;189;196;199;203;215;258;268;297;307;333;337;338;340;...+1	25	19774	vm_instruction_trace.tsv:9887;vm_instruction_trace_filefill_hiddenfill_frontierfill_footprintfill.tsv:9887	850	0		flags0;state0;u16_0	0x44b4a97;0xe71ae1d;0x104dd6df;0x1bfb4659;0x2a01f150;0x44b4a975;0x471264ca;0x505df542;0x521a2f7b;0x5fcdb203;0x637d285c;0x6dbe9345;0x6f23a80c;0x7bdf07f3	pre_state;pre_flags;raw_vm_bytes:u16_0	mask32:28;&:5;|:6;^:15;+:15;-:14	state0 - 0x471264ca + flags0 - state0 ^ 0x5fcdb203 & 0x637d285c + 0x44b4a975 ^ state0 - 0x471264ca | 0x2a01f150 | 0x7bdf07f3 + 0x104dd6df ^ 0x505df542 ^ 0xe71ae1d & 0x6dbe9345 + 0x521a2f7b + state0 - 0x471264ca + 0x1bfb4659 - u16_0 ^ state0 - 0x471264ca + flags0 - state0 ^ 0x5fcdb203 & 0x637d285c + 0x44b4a975 ^ state0 - 0x471264ca | 0x2a01f150 | 0x7bdf07f3 + 0x104dd6df ^ 0x505df542 ^ 0xe71ae1d & 0x6dbe9345 + 0x521a2f7b + state0 - 0x471264ca + 0x1bfb4659 ^ 0x6f23a80c	48=(mask32((mask32(u16_0 ^ (mask32((mask32(state0 - 0x471264ca)) + (mask32((mask32((mask32((mask32((mask32((mask32((mask32(flags0 - (mask32(state0 ^ 0x5fcdb203)))) ^ (mask32((mask32(state0 - 0x471264ca)) | ...#4dd3c457ce92 | 43=(mask32((mask32(u16_0 ^ (mask32((mask32(state0 - 0x471264ca)) + (mask32((mask32((mask32((mask32((mask32((mask32((mask32((mask32((mask32(flags0 - (mask32(state0 ^ 0x5fcdb203)))) & 0x637d285c)) + 0x44b4a97...#f947b75a6a0a	simplify_to_c_expression_or_table
30	0x7e849	vmop_030_plus0x4_state_add_const_slot_multi_path	algebraic_mba	ready_for_symbolic_reduction	named_structural;needs_algebraic_simplification	obfuscated_table_dispatch:244	algebraic_state_or_slot_formula:244	slot_multi_path	state_add_const	+0x4	VVVV	VV	b0=var131(top=0xb6:12.4%);b1=var144(top=0x64:10.0%);b2=var114(top=0xe3:9.9%);b3=var93(top=0x01:22.7%)	w0=var235(top=0x64b6:9.9%);w1=var197(top=0x57cf:9.9%)	000;001;005;007;009;010;011;012;016;017;020;021;022;023;025;026;028;029;030;032;034;035;036;039;...+18	42	244	3;18;28;43;48;49;64;66;79;83;90;91;92;105;114;157;168;172;180;183;185;189;192;196;...+21	45	5180	vm_instruction_trace.tsv:2590;vm_instruction_trace_filefill_hiddenfill_frontierfill_footprintfill.tsv:2590	244	0		flags0;state0;u16_0	0xffff;0x5903fc84;0x614d4b17;0x64fd160c	pre_state;pre_flags;raw_vm_bytes:u16_0	mask32:9;&:4;|:4;^:2;+:5	state0 | flags0 & 0x614d4b17 + 0x64fd160c	113=(mask32((mask32(u16_0 ^ (mask32((mask32(state0 | flags0)) + 0x64fd160c)))) + 0x5903fc84)) & 0xffff | 15=(mask32((mask32(u16_0 ^ (mask32((mask32(state0 | (mask32(flags0 & 0x614d4b17)))) + 0x64fd160c)))) + 0x5903fc84)) & 0xffff	simplify_to_c_expression_or_table
31	0x7ecd2	vmop_031_plus0x5_state_preserve_slot_mba_stateful	algebraic_mba	ready_for_symbolic_reduction	named_structural;needs_algebraic_simplification	obfuscated_table_dispatch:1	algebraic_state_or_slot_formula:1	slot_mba_stateful	state_preserve	+0x5	CCCCC	CC	b0=0x3d;b1=0x01;b2=0xdf;b3=0x2e;b4=0xed	w0=0x013d;w1=0x2edf	042	1	1	352	1	4	vm_instruction_trace.tsv:2;vm_instruction_trace_filefill_hiddenfill_frontierfill_footprintfill.tsv:2	1	0		state0;u16_2	0xffff;0x72a124af	pre_state;raw_vm_bytes:u16_2	mask32:2;&:1;+:1;-:1	state0	2=(mask32((mask32(u16_2 + state0)) - 0x72a124af)) & 0xffff	simplify_to_c_expression_or_table
33	0x7f7c4	vmop_033_plus0x4_state_add_const_slot_multi_path	algebraic_mba	ready_for_symbolic_reduction	named_structural;needs_algebraic_simplification	obfuscated_table_dispatch:807	algebraic_state_or_slot_formula:807	slot_multi_path	state_add_const	+0x4	CCVV	CV	b0=0xe8;b1=0x01;b2=var122(top=0x34:5.8%);b3=var129(top=0xc8:6.6%)	w0=0x01e8;w1=var677(top=0x8c34:2.8%)	000;001;002;003;004;005;006;007;008;009;010;011;012;013;014;015;016;017;018;019;020;021;022;023;...+35	59	807	18;28;43;64;66;114;157;167;168;172;185;189;196;199;203;215;258;268;297;307;333;337;338;340;...+1	25	18496	vm_instruction_trace.tsv:9248;vm_instruction_trace_filefill_hiddenfill_frontierfill_footprintfill.tsv:9248	807	0		state0;u16_2	0xffff;0x15422921;0x2d0713f3	pre_state;raw_vm_bytes:u16_2	mask32:3;&:2;|:3;+:4	state0 | 0x15422921 & u16_2 + state0 | 0x15422921 + 0x2d0713f3	128=(mask32((mask32(u16_2 + (mask32(state0 | 0x15422921)))) + 0x2d0713f3)) & 0xffff	simplify_to_c_expression_or_table
35	0x7fd4d	vmop_035_plus0x5_state_preserve_slot_mba_stateful	algebraic_mba	ready_for_symbolic_reduction	named_structural;needs_algebraic_simplification	obfuscated_table_dispatch:1	algebraic_state_or_slot_formula:1	slot_mba_stateful	state_preserve	+0x5	CCCCC	CC	b0=0x69;b1=0xf8;b2=0x00;b3=0x3d;b4=0x01	w0=0xf869;w1=0x3d00	001	1	1	256	1	2	vm_instruction_trace.tsv:1;vm_instruction_trace_filefill_hiddenfill_frontierfill_footprintfill.tsv:1	1	0		state0;u16_0	0xffff;0x2c39edf6	pre_state;raw_vm_bytes:u16_0	mask32:2;&:1;^:1;-:1	state0	1=(mask32((mask32(u16_0 - state0)) ^ 0x2c39edf6)) & 0xffff	simplify_to_c_expression_or_table
36	0x800a1	vmop_036_plus0x5_state_add_const_slot_multi_path	algebraic_mba	ready_for_symbolic_reduction	named_structural;needs_algebraic_simplification	obfuscated_table_dispatch:1	algebraic_state_or_slot_formula:1	slot_multi_path	state_add_const	+0x5	CCCCC	CC	b0=0x5c;b1=0xc2;b2=0xa3;b3=0x3d;b4=0x01	w0=0xc25c;w1=0x3da3	052	1	1	108	1	8	vm_instruction_trace.tsv:4;vm_instruction_trace_filefill_hiddenfill_frontierfill_footprintfill.tsv:4	1	0		flags0;state0;u16_0	0xffff;0x348b11be;0x72d0ef43;0x73966fc6;0x7af5a860	pre_state;pre_flags;raw_vm_bytes:u16_0	mask32:7;&:7;|:3;^:7;+:3;-:2	state0 + flags0 ^ flags0 & 0x73966fc6 & 0x348b11be ^ 0x72d0ef43 | 0x7af5a860 ^ u16_0 - state0 + flags0 ^ flags0 & 0x73966fc6 & 0x348b11be ^ 0x72d0ef43 | 0x7af5a860	4=(mask32(u16_0 - (mask32((mask32((mask32((mask32(state0 + flags0)) ^ (mask32((mask32(flags0 & 0x73966fc6)) & 0x348b11be)))) ^ 0x72d0ef43)) | 0x7af5a860)))) & 0xffff	simplify_to_c_expression_or_table
37	0x80685	vmop_037_plus0x5_state_add_const_slot_mba_stateful	algebraic_mba	ready_for_symbolic_reduction	named_structural;needs_algebraic_simplification	obfuscated_table_dispatch:221	algebraic_state_or_slot_formula:221	slot_mba_stateful	state_add_const	+0x5	VVVCC	VV	b0=var141(top=0xc1:12.7%);b1=var150(top=0x3e:12.6%);b2=var27(top=0x00:78.2%);b3=0x3d;b4=0x01	w0=var220(top=0x3e74:12.6%);w1=var27(top=0x3d00:78.2%)	000;001;007;008;009;010;021;023;025;026;028;029;030;032;034;037;039;041;042;043;045;046;048;050;...+8	32	221	108;144;160;173;198;256;257;352	8	4070	vm_instruction_trace.tsv:2035;vm_instruction_trace_filefill_hiddenfill_frontierfill_footprintfill.tsv:2035	221	0		flags0;state0;u16_0	0xffff;0x504fc3d;0x384e1c86;0x4eca0e49	pre_state;pre_flags;raw_vm_bytes:u16_0	mask32:5;&:1;|:1;^:4;+:3;-:6	state0 - flags0 + 0x504fc3d - 0x4eca0e49 | u16_0 ^ state0 - flags0 + 0x504fc3d - 0x4eca0e49 ^ 0x384e1c86	128=(mask32((mask32(u16_0 ^ (mask32((mask32(state0 - (mask32(flags0 + 0x504fc3d)))) - 0x4eca0e49)))) ^ 0x384e1c86)) & 0xffff	simplify_to_c_expression_or_table
40	0x8115d	vmop_040_plus0x6_state_add_const_slot_mba_stateful	algebraic_mba	ready_for_symbolic_reduction	named_structural;needs_algebraic_simplification	obfuscated_table_dispatch:93	algebraic_state_or_slot_formula:93	slot_mba_stateful	state_add_const	+0x6	CCCCVV	CCV	b0=0xe8;b1=0x01;b2=0x3d;b3=0x01;b4=var77(top=0xb0:10.2%);b5=var73(top=0x03:10.1%)	w0=0x01e8;w1=0x013d;w2=var90(top=0x0848:9.9%)	000;002;003;004;006;007;008;010;011;012;014;016;019;020;021;022;023;025;026;030;032;034;036;039;...+17	41	93	18;28;64;66;114;185;189;199;215;258;297;307;337;340;347	15	1856	vm_instruction_trace.tsv:928;vm_instruction_trace_filefill_hiddenfill_frontierfill_footprintfill.tsv:928	93	0		state0;u16_4	0xffff	pre_state;raw_vm_bytes:u16_4	mask32:1;&:2;^:2	state0 & u16_4 ^ state0	128=(mask32(u16_4 ^ state0)) & 0xffff	simplify_to_c_expression_or_table
42	0x815ea	vmop_042_plus0x4_state_mixed_slot_const_or_affine	algebraic_mba	ready_for_symbolic_reduction	named_structural;needs_algebraic_simplification	fixed_or_affine_dispatch:3	algebraic_state_or_slot_formula;state_formula_not_named:3	slot_const_or_affine	state_mixed	+0x4	CCEE	CE	b0=0x00;b1=0x00;b2=enum2(0xa9:2,0x36:1);b3=enum2(0x00:2,0x01:1)	w0=0x0000;w1=enum2(0x00a9:2,0x0136:1)	041;048;052	3	3	169;310	2	6	vm_instruction_trace.tsv:3;vm_instruction_trace_filefill_hiddenfill_frontierfill_footprintfill.tsv:3	3	0		flags0;state0;u16_2	0x3;0x160c3a44;0x327f38a4;0x471012ae	pre_state;pre_flags;raw_vm_bytes:u16_2	<<:1;^:2;-:3	state0 - flags0 ^ state0 - 0x327f38a4 - 0x471012ae ^ 0x160c3a44	3=u16_2 << 0x3	simplify_to_c_expression_or_table
43	0x8173d	vmop_043_plus0x4_state_add_const_slot_mba_stateful	algebraic_mba	ready_for_symbolic_reduction	named_structural;needs_algebraic_simplification	obfuscated_table_dispatch:1460	algebraic_state_or_slot_formula:1460	slot_mba_stateful	state_add_const	+0x4	VVVV	VV	b0=var251(top=0x17:2.2%);b1=var251(top=0x74:5.0%);b2=var252(top=0xa3:3.3%);b3=var244(top=0x00:10.4%)	w0=var1390(top=0x7bb7:1.6%);w1=var1246(top=0x005f:2.2%)	000;001;002;003;004;005;006;007;008;009;010;011;012;013;014;015;016;017;018;019;020;021;022;023;...+36	60	1460	0;3;18;26;28;30;33;37;49;64;66;70;79;83;91;99;114;121;124;125;128;129;140;146;...+42	66	32276	vm_instruction_trace.tsv:16138;vm_instruction_trace_filefill_hiddenfill_frontierfill_footprintfill.tsv:16138	1460	0		state0;u16_0;u16_2	0xffff;0x64d373dc	pre_state;raw_vm_bytes:u16_0,u16_2	mask32:4;&:1;^:5;-:1	state0 ^ u16_2 ^ state0	128=(mask32((mask32(u16_0 ^ (mask32(state0 ^ (mask32(u16_2 ^ state0)))))) - 0x64d373dc)) & 0xffff	simplify_to_c_expression_or_table
48	0x82477	vmop_048_plus0x5_state_add_const_slot_multi_path	algebraic_mba	ready_for_symbolic_reduction	named_structural;needs_algebraic_simplification	obfuscated_table_dispatch:93	algebraic_state_or_slot_formula:93	slot_multi_path	state_add_const	+0x5	VVEVV	VV	b0=var36(top=0xa8:11.3%);b1=var50(top=0x80:14.1%);b2=enum4(0x3a:109,0x50:80,0x62:69,0x32:25);b3=var73(top=0x01:9.5%);b4=var76(top=0x3b:9.2%)	w0=var84(top=0x8024:9.2%);w1=var86(top=0x013a:8.8%)	007;009;010;011;019;022;023;032;034;035;039;041;042;043;046;048;050;052;054;055;056;059;061;063	24	93	3;18;28;30;49;52;66;79;83;90;92;121;124;131;154;185;186;199;200;220;239;254;260;269;...+13	37	566	vm_instruction_trace.tsv:283;vm_instruction_trace_filefill_hiddenfill_frontierfill_footprintfill.tsv:283	93	0		flags0;state0;u16_0;u16_3	0x6134e7;0x8881ae0;0x157b2443;0x1accc893;0x41ba58a6;0x430c028c;0x4f1a7667;0x6134e706;0x79fc8ff4;0x7e86fbd3	pre_state;pre_flags;raw_vm_bytes:u16_0,u16_3	mask32:25;&:27;|:3;^:25;+:13;-:18	state0 & u16_3 + state0 ^ flags0 ^ 0x8881ae0 - 0x1accc893 + 0x4f1a7667 - flags0 ^ 0x8881ae0 - 0x1accc893 & 0x6134e706 & 0x7e86fbd3 ^ 0x41ba58a6 & flags0 ^ 0x8881ae0 - 0x1accc893 & 0x6134e706 & 0x7e86fbd3 ^ 0x41ba58a6 ^ 0x79fc8ff4 | flags0 ^ 0x8881ae0 - 0x1accc893 & 0x6134e706 & 0x7e86fbd3 ^ 0x41ba58a6 - 0x430c028c & flags0 ^ 0x8881ae0 - 0x1accc893 & 0x6134e706 & 0x7e86fbd3 ^ 0x41ba58a6 + 0x157b2443 - u16_0 + state0 & u16_3 + state0 ^ flags0 ^ 0x8881ae0 - 0x1accc893 + 0x4f1a7667 - flags0 ^ 0x8881ae0 - 0x1accc893 & 0x6134e706 & 0x7e86fbd3 ^ 0x41ba58a6 & flags0 ^ 0x8881ae0 - 0x1accc893 & 0x6134e706 & 0x7e86fbd3 ^ 0x41ba58a6 ^ 0x79fc8ff4 | flags0 ^ 0x8881ae0 - 0x1accc893 & 0x6134e706 & 0x7e86fbd3 ^ 0x41ba58a6 - 0x430c028c & flags0 ^ 0x8881ae0 - 0x1accc893 & 0x6134e706 & 0x7e86fbd3 ^ 0x41ba58a6 + 0x157b2443	78=(mask32(u16_0 + (mask32((mask32((mask32((mask32((mask32((mask32((mask32(state0 & (mask32((mask32(u16_3 + state0)) ^ flags0)))) + 0x4f1a7667)) - (mask32(flags0 & 0x6134e706)))) & (mask32(flags0 & 0x6134e7...#0107acd66a38 | 28=(mask32(u16_0 + (mask32((mask32((mask32((mask32((mask32((mask32((mask32(state0 & (mask32((mask32(u16_3 + state0)) ^ (mask32((mask32(flags0 ^ 0x8881ae0)) - 0x1accc893)))))) + 0x4f1a7667)) - (mask32((mask3...#e5611d77c267	simplify_to_c_expression_or_table
49	0x82820	vmop_049_plus0x5_state_add_const_slot_mba_stateful	algebraic_mba	ready_for_symbolic_reduction	named_structural;needs_algebraic_simplification	obfuscated_table_dispatch:415	algebraic_state_or_slot_formula:415	slot_mba_stateful	state_add_const	+0x5	CVVCC	VV	b0=0x00;b1=var168(top=0x78:8.6%);b2=var190(top=0xa7:6.9%);b3=0x3d;b4=0x01	w0=var168(top=0x7800:8.6%);w1=var190(top=0x3da7:6.9%)	000;001;002;003;004;007;009;010;011;012;013;014;015;018;019;020;021;022;023;025;026;027;028;029;...+26	50	415	108;144;160;173;198;256;257;352	8	8264	vm_instruction_trace.tsv:4132;vm_instruction_trace_filefill_hiddenfill_frontierfill_footprintfill.tsv:4132	415	0		flags0;state0;u16_1	0xffff;0x353700ed;0x55a592d8;0x55b8ef8d	pre_state;pre_flags;raw_vm_bytes:u16_1	mask32:6;&:4;+:10;-:4	state0 & flags0 + flags0 - 0x353700ed + 0x55a592d8 - u16_1 + state0 & flags0 + flags0 - 0x353700ed + 0x55a592d8 + 0x55b8ef8d	128=(mask32((mask32(u16_1 + (mask32((mask32((mask32((mask32(state0 & flags0)) + flags0)) - 0x353700ed)) + 0x55a592d8)))) + 0x55b8ef8d)) & 0xffff	simplify_to_c_expression_or_table
52	0x833c7	vmop_052_plus0x5_state_add_const_slot_mba_stateful	algebraic_mba	ready_for_symbolic_reduction	named_structural;needs_algebraic_simplification	obfuscated_table_dispatch:55	algebraic_state_or_slot_formula:55	slot_mba_stateful	state_add_const	+0x5	VVVCC	VV	b0=var48(top=0x82:23.2%);b1=var45(top=0xb0:23.9%);b2=var40(top=0x47:23.2%);b3=0x3d;b4=0x01	w0=var55(top=0xb082:23.2%);w1=var40(top=0x3d47:23.2%)	002;004;007;008;018;029;030;035;036;041;042;046;048;050;052;053;055;056;059;061;063;065	22	55	18;28;64;75;145;189;196;199;210;246;316;334;347	13	2206	vm_instruction_trace.tsv:1103;vm_instruction_trace_filefill_hiddenfill_frontierfill_footprintfill.tsv:1103	55	0		state0;u16_0	0xffff;0x7823b2da	pre_state;raw_vm_bytes:u16_0	mask32:2;&:1;^:2;+:3	state0 + u16_0 + state0 ^ 0x7823b2da	128=(mask32((mask32(u16_0 + state0)) ^ 0x7823b2da)) & 0xffff	simplify_to_c_expression_or_table
54	0x837cb	vmop_054_plus0x5_state_add_const_slot_mba_stateful	algebraic_mba	ready_for_symbolic_reduction	named_structural;needs_algebraic_simplification	obfuscated_table_dispatch:1	algebraic_state_or_slot_formula:1	slot_mba_stateful	state_add_const	+0x5	CCCCC	CC	b0=0xf1;b1=0x1b;b2=0xbd;b3=0x3d;b4=0x01	w0=0x1bf1;w1=0x3dbd	042	1	1	256	1	2	vm_instruction_trace.tsv:1;vm_instruction_trace_filefill_hiddenfill_frontierfill_footprintfill.tsv:1	1	0		flags0;state0;u16_0	0xffff;0x437360e7;0x68b4ad2f	pre_state;pre_flags;raw_vm_bytes:u16_0	mask32:4;&:3;^:2;-:2	state0 & flags0 - 0x68b4ad2f	1=(mask32((mask32(u16_0 ^ (mask32((mask32(state0 & flags0)) - 0x68b4ad2f)))) ^ 0x437360e7)) & 0xffff	simplify_to_c_expression_or_table
56	0x83e76	vmop_056_plus0x5_state_add_const_slot_mba_stateful	algebraic_mba	ready_for_symbolic_reduction	named_structural;needs_algebraic_simplification	obfuscated_table_dispatch:4	algebraic_state_or_slot_formula:4	slot_mba_stateful	state_add_const	+0x5	EECCE	EC	b0=enum4(0x8d:11,0x02:10,0x34:4,0x42:2);b1=enum4(0x76:11,0xf0:10,0x75:4,0x66:2);b2=0x3d;b3=0x01;b4=enum4(0x4b:11,0x1b:10,0xb7:4,0x27:2)	w0=enum4(0x768d:11,0xf002:10,0x7534:4,0x6642:2);w1=0x013d	048;055;059;061	4	4	108;160;173	3	54	vm_instruction_trace.tsv:27;vm_instruction_trace_filefill_hiddenfill_frontierfill_footprintfill.tsv:27	4	0		state0;u16_0	0xffff;0x5380ff71	pre_state;raw_vm_bytes:u16_0	mask32:2;&:1;^:2;+:1;-:2	state0 + u16_0 - state0 ^ 0x5380ff71	6=(mask32((mask32(u16_0 - state0)) ^ 0x5380ff71)) & 0xffff	simplify_to_c_expression_or_table
62	0x84aa3	vmop_062_plus0x4_state_add_const_slot_multi_path	algebraic_mba	ready_for_symbolic_reduction	named_structural;needs_algebraic_simplification	obfuscated_table_dispatch:16	algebraic_state_or_slot_formula:16	slot_multi_path	state_add_const	+0x4	VVVV	VV	b0=var14(top=0xf9:77.5%);b1=var14(top=0xc9:75.8%);b2=var16(top=0xa3:75.8%);b3=var16(top=0x52:75.8%)	w0=var16(top=0xc9f9:75.8%);w1=var16(top=0x52a3:75.8%)	022;032;041;042;046;048;053;055;056;061;063	11	16	28;66;124;157;196;200;215;253;297;307;337;347	12	240	vm_instruction_trace.tsv:120;vm_instruction_trace_filefill_hiddenfill_frontierfill_footprintfill.tsv:120	16	0		flags0;state0;u16_0;u16_2	0xffff;0xd90ded5;0x5dbb6647;0x7ebb48a2	pre_state;pre_flags;raw_vm_bytes:u16_0,u16_2	mask32:6;&:1;|:3;^:8;+:6	state0 | u16_2 ^ flags0 + 0xd90ded5 ^ 0x5dbb6647 + u16_0 ^ state0 | u16_2 ^ flags0 + 0xd90ded5 ^ 0x5dbb6647 + 0x7ebb48a2	36=(mask32((mask32(u16_0 ^ (mask32((mask32(state0 | (mask32(u16_2 ^ (mask32(flags0 + 0xd90ded5)))))) ^ 0x5dbb6647)))) + 0x7ebb48a2)) & 0xffff	simplify_to_c_expression_or_table
64	0x85059	vmop_064_plus0x4_state_add_const_slot_multi_path	algebraic_mba	ready_for_symbolic_reduction	named_structural;needs_algebraic_simplification	obfuscated_table_dispatch:2222	algebraic_state_or_slot_formula:2222	slot_multi_path	state_add_const	+0x4	VVVV	VV	b0=var256(top=0xef:1.6%);b1=var256(top=0x8a:1.6%);b2=var256(top=0x93:2.0%);b3=var252(top=0x00:3.6%)	w0=var2176(top=0x8a33:1.1%);w1=var1967(top=0x0091:1.3%)	000;001;002;003;004;005;006;007;008;009;010;011;012;013;014;015;016;017;018;019;020;021;022;023;...+38	62	2222	0;3;18;20;26;28;30;33;37;43;49;52;66;70;79;83;121;122;123;124;128;129;140;146;...+49	73	47356	vm_instruction_trace.tsv:23678;vm_instruction_trace_filefill_hiddenfill_frontierfill_footprintfill.tsv:23678	2222	0		flags0;state0;u16_0;u16_2	0xffff;0x2701cdcd;0x4cd0c9ae;0x5b249a06;0x711675f2;0x729dddb0;0x79614de5	pre_state;pre_flags;raw_vm_bytes:u16_0,u16_2	mask32:16;&:4;|:1;^:6;+:14;-:5	state0 - 0x79614de5 ^ u16_2 + flags0 + 0x4cd0c9ae + 0x711675f2 & 0x5b249a06 ^ flags0 + 0x4cd0c9ae + 0x711675f2 & 0x5b249a06 + 0x729dddb0	77=(mask32((mask32(u16_0 - (mask32((mask32((mask32(state0 - 0x79614de5)) ^ (mask32(u16_2 + flags0)))) ^ (mask32(flags0 + 0x729dddb0)))))) + 0x2701cdcd)) & 0xffff | 51=(mask32((mask32(u16_0 - (mask32((mask32((mask32(state0 - 0x79614de5)) ^ (mask32(u16_2 + (mask32(flags0 + 0x4cd0c9ae)))))) ^ (mask32((mask32(flags0 + 0x4cd0c9ae)) + 0x729dddb0)))))) + 0x2701cdcd)) & 0xffff	simplify_to_c_expression_or_table
65	0x85371	vmop_065_plus0x4_state_simple_slot_mba_stateful	algebraic_mba	ready_for_symbolic_reduction	named_structural;needs_algebraic_simplification	obfuscated_table_dispatch:16	algebraic_state_or_slot_formula:16	slot_mba_stateful	state_simple	+0x4	VVVV	VV	b0=var16(top=0x05:17.4%);b1=var14(top=0x57:17.4%);b2=var15(top=0x5d:17.4%);b3=var15(top=0xff:17.4%)	w0=var16(top=0x5705:17.4%);w1=var16(top=0xff5d:17.4%)	026;032;042;055;056;059;061;063	8	16	18;28;43;64;124;185;199;215;239;253;333;337;345;347	14	46	vm_instruction_trace.tsv:23;vm_instruction_trace_filefill_hiddenfill_frontierfill_footprintfill.tsv:23	16	0		state0;u16_0	0xffff;0x5db84d25	pre_state;raw_vm_bytes:u16_0	mask32:2;&:1;^:1;-:1	state0	9=(mask32((mask32(u16_0 ^ state0)) - 0x5db84d25)) & 0xffff	simplify_to_c_expression_or_table
66	0x855ff	vmop_066_plus0x3_state_add_const_slot_multi_path	algebraic_mba	ready_for_symbolic_reduction	named_structural;needs_algebraic_simplification	obfuscated_table_dispatch:2180	algebraic_state_or_slot_formula:2180	slot_multi_path	state_add_const	+0x3	VVV	V	b0=var248(top=0x65:2.5%);b1=var253(top=0xa8:2.1%);b2=var114(top=0x3a:8.4%)	w0=var2074(top=0xc1e2:1.1%)	000;001;002;003;004;005;006;007;008;009;010;011;012;013;014;015;016;017;018;019;020;021;022;023;...+38	62	2180	3;17;20;26;30;33;37;43;48;49;52;54;64;70;74;79;83;90;92;99;105;107;114;121;...+64	88	45478	vm_instruction_trace.tsv:22739;vm_instruction_trace_filefill_hiddenfill_frontierfill_footprintfill.tsv:22739	2180	2	tls_or_ssl	b2;flags0;state0;u16_0	0x5;0x13de2cdd;0x2f6cb1f6;0x3cd18153;0x42a6ffd6;0x50170614;0x7167293a;0x745ff1d2	pre_state;pre_flags;raw_vm_bytes:b2,u16_0	mask32:22;&:12;|:3;^:12;-:16	state0 & 0x2f6cb1f6 - b2 ^ state0 & 0x2f6cb1f6 ^ 0x745ff1d2 & 0x13de2cdd - flags0 - 0x50170614 | 0x7167293a ^ 0x42a6ffd6 ^ u16_0 - state0 & 0x2f6cb1f6 - b2 ^ state0 & 0x2f6cb1f6 ^ 0x745ff1d2 & 0x13de2cdd - flags0 - 0x50170614 | 0x7167293a ^ 0x42a6ffd6 - 0x3cd18153	99=(mask32((mask32(u16_0 - (mask32((mask32((mask32((mask32((mask32(state0 & 0x2f6cb1f6)) - (mask32(b2 ^ (mask32(state0 & 0x2f6cb1f6)))))) ^ 0x745ff1d2)) & 0x13de2cdd)) - (mask32(flags0 ^ 0x42a6ffd6)))))) - ...#921995e973bc | 29=(mask32((mask32(u16_0 - (mask32((mask32((mask32((mask32((mask32(state0 & 0x2f6cb1f6)) - (mask32(b2 ^ (mask32(state0 & 0x2f6cb1f6)))))) ^ 0x745ff1d2)) & 0x13de2cdd)) - (mask32((mask32((mask32(flags0 - 0x5...#0b5fd959eb50	simplify_to_c_expression_or_table
69	0x85f24	vmop_069_plus0xd_state_formula_slot_unknown	dispatch_unknown	needs_dispatch_resolution_or_trace	named_structural;needs_algebraic_simplification	unresolved_dispatch:1	algebraic_state_or_slot_formula;dispatch_slot_unknown;static_model_or_runtime_validation_incomplete;state_formula_not_named:1	slot_unknown	state_formula	+0xd	CCCCCCCCCCCCC	CCCCCC	b0=0x00;b1=0x09;b2=0xc9;b3=0x8e;b4=0x9a;b5=0x20;b6=0x65;b7=0xea;b8=0x55;b9=0x36;b10=0x00;b11=0x80;...+1	w0=0x0900;w1=0x8ec9;w2=0x209a;w3=0xea65;w4=0x3655;w5=0x8000	056	1	1	310	1	25	vm_instruction_trace_filefill_hiddenfill_frontierfill_footprintfill.tsv:23;vm_instruction_trace.tsv:2	8	0		flags0;state0	0x528cef01;0x55fafa0c;0x58fb4a0c;0x5abc12af;0x62ac6845	pre_state;pre_flags	|:4;^:23;+:6;-:6	state0 ^ flags0 ^ flags0 - flags0 + state0 ^ flags0 ^ flags0 + 0x55fafa0c - 0x5abc12af ^ state0 ^ flags0 ^ flags0 | 0x58fb4a0c ^ 0x62ac6845 ^ flags0 + state0 ^ flags0 ^ flags0 + 0x55fafa0c - 0x5abc12af ^ state0 ^ flags0 ^ flags0 | 0x58fb4a0c ^ state0 ^ flags0 ^ flags0 - flags0 + state0 ^ flags0 ^ flags0 + 0x55fafa0c - 0x5abc12af ^ state0 ^ flags0 ^ flags0 | 0x58fb4a0c ^ 0x62ac6845 | 0x528cef01	dispatch slot expression not recovered; use per-row target evidence when available	collect_missing_dispatch_targets
70	0x8610e	vmop_070_plus0x5_state_add_const_slot_mba_stateful	algebraic_mba	ready_for_symbolic_reduction	named_structural;needs_algebraic_simplification	obfuscated_table_dispatch:229	algebraic_state_or_slot_formula:229	slot_mba_stateful	state_add_const	+0x5	VVVCC	VV	b0=var93(top=0x8b:15.8%);b1=var143(top=0xb7:16.0%);b2=var23(top=0x00:58.9%);b3=0x3d;b4=0x01	w0=var227(top=0xb78b:15.7%);w1=var23(top=0x3d00:58.9%)	000;002;004;005;006;007;008;010;012;013;015;016;017;018;021;022;023;025;026;027;028;029;030;032;...+22	46	229	108;144;160;173;198;256;257;352	8	3258	vm_instruction_trace.tsv:1629;vm_instruction_trace_filefill_hiddenfill_frontierfill_footprintfill.tsv:1629	229	0		flags0;state0;u16_0	0x528cef01;0x55fafa0c;0x58fb4a0c;0x5abc12af;0x62ac6845	pre_state;pre_flags;raw_vm_bytes:u16_0	mask32:14;|:4;^:27;+:8;-:7	state0 ^ flags0 ^ flags0 - flags0 + state0 ^ flags0 ^ flags0 + 0x55fafa0c - 0x5abc12af ^ state0 ^ flags0 ^ flags0 | 0x58fb4a0c ^ 0x62ac6845 ^ flags0 + state0 ^ flags0 ^ flags0 + 0x55fafa0c - 0x5abc12af ^ state0 ^ flags0 ^ flags0 | 0x58fb4a0c ^ state0 ^ flags0 ^ flags0 - flags0 + state0 ^ flags0 ^ flags0 + 0x55fafa0c - 0x5abc12af ^ state0 ^ flags0 ^ flags0 | 0x58fb4a0c ^ 0x62ac6845 | 0x528cef01	128=(mask32((mask32(u16_0 - (mask32((mask32((mask32((mask32((mask32(state0 ^ flags0)) ^ flags0)) - (mask32((mask32((mask32((mask32(flags0 + (mask32((mask32((mask32(state0 ^ flags0)) ^ flags0)) + 0x55fafa0c))...#559049604f0e	simplify_to_c_expression_or_table
74	0x86d43	vmop_074_plus0x5_state_add_const_slot_mba_stateful	algebraic_mba	ready_for_symbolic_reduction	named_structural;needs_algebraic_simplification	obfuscated_table_dispatch:13	algebraic_state_or_slot_formula:13	slot_mba_stateful	state_add_const	+0x5	VVCCV	VC	b0=var13(top=0x4c:15.2%);b1=var13(top=0x2c:15.2%);b2=0x3d;b3=0x01;b4=var12(top=0x7f:18.2%)	w0=var13(top=0x2c4c:15.2%);w1=0x013d	014;029;039;041;042;048;050;055;056	9	13	108;144;160;173;198;352	6	66	vm_instruction_trace.tsv:33;vm_instruction_trace_filefill_hiddenfill_frontierfill_footprintfill.tsv:33	13	0		flags0;state0;u16_0	0xffff;0x33d7fc12;0x619b65dc;0x65dcaffc;0x7af5a4e2	pre_state;pre_flags;raw_vm_bytes:u16_0	mask32:7;&:3;^:2;+:2;-:7	state0 - flags0 & state0 - 0x7af5a4e2 - 0x619b65dc ^ 0x65dcaffc + 0x33d7fc12	25=(mask32(u16_0 - (mask32((mask32((mask32(state0 - (mask32((mask32(flags0 & (mask32(state0 - 0x7af5a4e2)))) - 0x619b65dc)))) ^ 0x65dcaffc)) + 0x33d7fc12)))) & 0xffff	simplify_to_c_expression_or_table
75	0x873fc	vmop_075_minus0x6d_sampled_backedge_slot_unknown	dispatch_unknown	needs_dispatch_resolution_or_trace	named_structural	long_or_backedge_control:14	dispatch_slot_unknown;static_model_or_runtime_validation_incomplete:14	slot_unknown	sampled_backedge	-0x6d	sampled				002;004;011;029;036;041;042;048;053;055;056;059	12	14	165;171;354	3	687	vm_instruction_trace_filefill_hiddenfill_frontierfill_footprintfill.tsv:411;vm_instruction_trace.tsv:276	22	5	cxx_runtime;disassembly_metadata;locale_i18n	state0		pre_state	-:1	state0	dispatch slot expression not recovered; use per-row target evidence when available	collect_missing_dispatch_targets
78	0x883c0	vmop_078_plus0xd_state_preserve_slot_multi_path	algebraic_mba	ready_for_symbolic_reduction	named_structural;needs_algebraic_simplification	obfuscated_table_dispatch:1	algebraic_state_or_slot_formula:1	slot_multi_path	state_preserve	+0xd	CCCCCCCCCCCCC	CCCCCC	b0=0xd5;b1=0xa3;b2=0xe8;b3=0xf5;b4=0xb1;b5=0x34;b6=0x21;b7=0xdf;b8=0xd2;b9=0x33;b10=0x00;b11=0x80;...+1	w0=0xa3d5;w1=0xf5e8;w2=0x34b1;w3=0xdf21;w4=0x33d2;w5=0x8000	052	1	1	310	1	20	vm_instruction_trace_filefill_hiddenfill_frontierfill_footprintfill.tsv:19;vm_instruction_trace.tsv:1	5	0		flags0;state0;u16_0	0xc7e744f;0xd4da920;0x225dfa31;0x3fcb6e9a;0x60a9dba6;0x6110d031;0x623ccce4	pre_state;pre_flags;raw_vm_bytes:u16_0	mask32:12;&:3;|:4;^:20;+:2;-:5	state0 - flags0 ^ 0xc7e744f ^ 0x623ccce4 & 0xd4da920 | flags0 ^ 0xc7e744f ^ 0x225dfa31 - 0x6110d031 ^ 0x3fcb6e9a ^ flags0 ^ 0xc7e744f + 0x60a9dba6 | u16_0 ^ state0 - flags0 ^ 0xc7e744f ^ 0x623ccce4 & 0xd4da920 | flags0 ^ 0xc7e744f ^ 0x225dfa31 - 0x6110d031 ^ 0x3fcb6e9a ^ flags0 ^ 0xc7e744f + 0x60a9dba6	1=(mask32(u16_0 ^ (mask32((mask32((mask32((mask32((mask32((mask32((mask32(state0 - (mask32((mask32(flags0 ^ 0xc7e744f)) ^ 0x623ccce4)))) & 0xd4da920)) | (mask32((mask32(flags0 ^ 0xc7e744f)) ^ 0x225dfa31)))...#ef7ba4952b24	simplify_to_c_expression_or_table
79	0x885b0	vmop_079_plus0x5_state_add_const_slot_multi_path	algebraic_mba	ready_for_symbolic_reduction	named_structural;needs_algebraic_simplification	obfuscated_table_dispatch:417	algebraic_state_or_slot_formula:417	slot_multi_path	state_add_const	+0x5	VVCCC	VC	b0=var64(top=0x9e:15.9%);b1=var86(top=0x28:12.3%);b2=0x3d;b3=0x01;b4=0x00	w0=var350(top=0x2836:7.0%);w1=0x013d	000;001;002;003;004;005;006;007;008;010;011;012;013;014;015;018;019;020;021;022;023;024;025;026;...+26	50	417	108;144;160;173;198;256;257;352	8	7266	vm_instruction_trace.tsv:3633;vm_instruction_trace_filefill_hiddenfill_frontierfill_footprintfill.tsv:3633	417	0		flags0;state0;u16_0	0xc7e744f;0xd4da920;0x225dfa31;0x3fcb6e9a;0x60a9dba6;0x6110d031;0x623ccce4	pre_state;pre_flags;raw_vm_bytes:u16_0	mask32:12;&:3;|:4;^:20;+:2;-:5	state0 - flags0 ^ 0xc7e744f ^ 0x623ccce4 & 0xd4da920 | flags0 ^ 0xc7e744f ^ 0x225dfa31 - 0x6110d031 ^ 0x3fcb6e9a ^ flags0 ^ 0xc7e744f + 0x60a9dba6 | u16_0 ^ state0 - flags0 ^ 0xc7e744f ^ 0x623ccce4 & 0xd4da920 | flags0 ^ 0xc7e744f ^ 0x225dfa31 - 0x6110d031 ^ 0x3fcb6e9a ^ flags0 ^ 0xc7e744f + 0x60a9dba6	128=(mask32(u16_0 ^ (mask32((mask32((mask32((mask32((mask32((mask32((mask32(state0 - (mask32((mask32(flags0 ^ 0xc7e744f)) ^ 0x623ccce4)))) & 0xd4da920)) | (mask32((mask32(flags0 ^ 0xc7e744f)) ^ 0x225dfa31)))...#ef7ba4952b24	simplify_to_c_expression_or_table
82	0x8920e	vmop_082_plus0x3_state_add_const_slot_mba_stateful	algebraic_mba	ready_for_symbolic_reduction	named_structural;needs_algebraic_simplification	obfuscated_table_dispatch:11	algebraic_state_or_slot_formula:11	slot_mba_stateful	state_add_const	+0x3	VVC	V	b0=var11(top=0x3e:45.1%);b1=var9(top=0xb1:45.1%);b2=0x62	w0=var11(top=0xb13e:45.1%)	014;027;030;035;041;046;048;052;055;056	10	11	18;99;157;168;217;307;333	7	284	vm_instruction_trace.tsv:142;vm_instruction_trace_filefill_hiddenfill_frontierfill_footprintfill.tsv:142	11	0		flags0;state0;u16_0	0xffff;0x1bc90d20;0x2d688b3e;0x5cc5e4d8	pre_state;pre_flags;raw_vm_bytes:u16_0	mask32:3;&:1;|:2;+:9;-:1	state0 + flags0 + 0x1bc90d20 | 0x2d688b3e - u16_0 + state0 + flags0 + 0x1bc90d20 | 0x2d688b3e + 0x5cc5e4d8	128=(mask32((mask32(u16_0 + (mask32(state0 + flags0)))) + 0x5cc5e4d8)) & 0xffff	simplify_to_c_expression_or_table
83	0x8947b	vmop_083_plus0x5_state_add_const_slot_multi_path	algebraic_mba	ready_for_symbolic_reduction	named_structural;needs_algebraic_simplification	obfuscated_table_dispatch:432	algebraic_state_or_slot_formula:432	slot_multi_path	state_add_const	+0x5	VVCCC	VC	b0=var179(top=0xa8:5.0%);b1=var175(top=0x19:9.8%);b2=0x00;b3=0x3d;b4=0x01	w0=var426(top=0x19a8:5.0%);w1=0x3d00	000;001;002;003;004;007;008;009;010;011;012;013;014;015;017;018;019;020;021;022;023;025;026;028;...+27	51	432	108;144;160;173;198;256;257;352	8	5016	vm_instruction_trace.tsv:2508;vm_instruction_trace_filefill_hiddenfill_frontierfill_footprintfill.tsv:2508	432	0		flags0;state0;u16_0	0xffff;0x122d7f19;0x34a4c404;0x4b7ebb84;0x60e2eab8	pre_state;pre_flags;raw_vm_bytes:u16_0	mask32:6;&:4;|:3;^:2;+:5;-:4	state0 & 0x122d7f19 | flags0 + 0x60e2eab8 - 0x34a4c404 - u16_0 + state0 & 0x122d7f19 | flags0 + 0x60e2eab8 - 0x34a4c404 ^ 0x4b7ebb84	128=(mask32((mask32(u16_0 + (mask32((mask32((mask32((mask32(state0 & 0x122d7f19)) | flags0)) + 0x60e2eab8)) - 0x34a4c404)))) ^ 0x4b7ebb84)) & 0xffff	simplify_to_c_expression_or_table
88	0x8aa14	vmop_088_plus0x5_state_add_const_slot_multi_path	algebraic_mba	ready_for_symbolic_reduction	named_structural;needs_algebraic_simplification	obfuscated_table_dispatch:11	algebraic_state_or_slot_formula:11	slot_multi_path	state_add_const	+0x5	VVVCC	VV	b0=var11(top=0x41:43.0%);b1=var11(top=0xeb:43.0%);b2=var11(top=0xa6:43.0%);b3=0x3d;b4=0x01	w0=var11(top=0xeb41:43.0%);w1=var11(top=0x3da6:43.0%)	015;030;042;046;052;055;056	7	11	108;173;256;257;352	5	298	vm_instruction_trace.tsv:149;vm_instruction_trace_filefill_hiddenfill_frontierfill_footprintfill.tsv:149	11	0		flags0;state0;u16_1	0xffff;0x1c9cfcea;0x415462f5	pre_state;pre_flags;raw_vm_bytes:u16_1	mask32:4;&:1;|:3;^:3;+:2;-:3	state0 | flags0 - 0x1c9cfcea ^ u16_1 + state0 | flags0 - 0x1c9cfcea ^ 0x415462f5	128=(mask32((mask32(u16_1 + (mask32((mask32(state0 | flags0)) - 0x1c9cfcea)))) ^ 0x415462f5)) & 0xffff	simplify_to_c_expression_or_table
90	0x8b334	vmop_090_plus0x4_state_add_const_slot_mba_stateful	algebraic_mba	ready_for_symbolic_reduction	named_structural;needs_algebraic_simplification	obfuscated_table_dispatch:96	algebraic_state_or_slot_formula:96	slot_mba_stateful	state_add_const	+0x4	VVVV	VV	b0=var23(top=0xc7:45.7%);b1=var11(top=0xec:49.6%);b2=var79(top=0xee:45.1%);b3=var80(top=0xaa:45.3%)	w0=var39(top=0xecc7:45.3%);w1=var95(top=0xaaee:45.1%)	023;026;028;029;030;032;035;041;042;046;048;050;052;053;055;056;059;061;062;063	20	96	3;17;18;28;30;48;49;52;66;70;74;79;83;121;122;124;140;153;185;199;200;215;220;239;...+15	39	1134	vm_instruction_trace.tsv:567;vm_instruction_trace_filefill_hiddenfill_frontierfill_footprintfill.tsv:567	96	0		flags0;state0;u16_0;u16_2	0xffff;0x1c1030c0;0x224914c1;0x3296b63d;0x4357e3c2;0x4b6fdae0;0x59296ab9;0x6ee390ce	pre_state;pre_flags;raw_vm_bytes:u16_0,u16_2	mask32:1;&:6;|:5;^:2;+:11;-:1	state0 + flags0 + flags0 + 0x1c1030c0 + flags0 & 0x4b6fdae0 | 0x4357e3c2 & u16_2 - state0 + flags0 + flags0 + 0x1c1030c0 + flags0 & 0x4b6fdae0 | 0x4357e3c2 + flags0 & 0x4b6fdae0 | 0x59296ab9 | flags0 & 0x4b6fdae0 | 0x3296b63d ^ 0x6ee390ce ^ u16_0 + 0x224914c1	128=(mask32(u16_0 + 0x224914c1)) & 0xffff	simplify_to_c_expression_or_table
91	0x8b6de	vmop_091_plus0x4_state_add_const_slot_mba_stateful	algebraic_mba	ready_for_symbolic_reduction	named_structural;needs_algebraic_simplification	obfuscated_table_dispatch:363	algebraic_state_or_slot_formula:363	slot_mba_stateful	state_add_const	+0x4	VVCC	VC	b0=var142(top=0x78:5.9%);b1=var143(top=0x04:6.4%);b2=0xe8;b3=0x01	w0=var333(top=0x5bc1:5.6%);w1=0x01e8	001;002;004;005;007;009;010;011;012;015;016;018;020;021;022;023;024;025;026;028;032;033;034;035;...+22	46	363	3;18;28;43;49;64;66;79;83;112;114;157;168;172;185;189;196;199;203;215;220;258;268;269;...+8	32	4502	vm_instruction_trace.tsv:2251;vm_instruction_trace_filefill_hiddenfill_frontierfill_footprintfill.tsv:2251	363	0		state0;u16_0	0xffff	pre_state;raw_vm_bytes:u16_0	mask32:1;&:1;^:3	state0 ^ u16_0 ^ state0	128=(mask32(u16_0 ^ state0)) & 0xffff	simplify_to_c_expression_or_table
92	0x8b8cb	vmop_092_plus0x4_state_add_const_slot_multi_path	algebraic_mba	ready_for_symbolic_reduction	named_structural;needs_algebraic_simplification	obfuscated_table_dispatch:81	algebraic_state_or_slot_formula:81	slot_multi_path	state_add_const	+0x4	VVVV	VV	b0=var27(top=0xa4:24.1%);b1=var13(top=0x34:22.1%);b2=var66(top=0xc5:20.8%);b3=var66(top=0x6f:20.8%)	w0=var66(top=0x34a4:20.8%);w1=var80(top=0x6fc5:20.8%)	007;010;022;026;030;041;042;046;048;050;052;053;055;056;059;061;063	17	81	3;17;18;28;48;49;66;74;79;83;105;122;124;131;140;154;185;199;215;220;239;253;254;260;...+12	36	614	vm_instruction_trace.tsv:307;vm_instruction_trace_filefill_hiddenfill_frontierfill_footprintfill.tsv:307	81	0		flags0;state0;u16_0;u16_2	0xffff;0x1002fee7;0x2efa2a96;0x39591837;0x604aa997	pre_state;pre_flags;raw_vm_bytes:u16_0,u16_2	mask32:18;&:5;|:15;^:9;+:10	state0 & u16_2 ^ state0 ^ flags0 | 0x39591837 | flags0 | 0x39591837 | 0x1002fee7 + 0x2efa2a96 ^ u16_0 + state0 & u16_2 ^ state0 ^ flags0 | 0x39591837 | flags0 | 0x39591837 | 0x1002fee7 + 0x2efa2a96 + 0x604aa997	84=(mask32((mask32(u16_0 + (mask32((mask32((mask32((mask32(state0 & (mask32((mask32(u16_2 ^ state0)) ^ (mask32(flags0 | 0x39591837)))))) | (mask32(flags0 | 0x39591837)))) | 0x1002fee7)) + 0x2efa2a96)))) + 0...#6dc3d486c873 | 44=(mask32((mask32(u16_0 + (mask32((mask32((mask32((mask32(state0 & (mask32((mask32(u16_2 ^ state0)) ^ flags0)))) | flags0)) | 0x1002fee7)) + 0x2efa2a96)))) + 0x604aa997)) & 0xffff	simplify_to_c_expression_or_table
94	0x8bd69	vmop_094_plus0x5_state_add_const_slot_multi_path	algebraic_mba	ready_for_symbolic_reduction	named_structural;needs_algebraic_simplification	obfuscated_table_dispatch:8	algebraic_state_or_slot_formula:8	slot_multi_path	state_add_const	+0x5	EEECC	EE	b0=enum8(0x8b:64,0x19:10,0x57:4,0xa1:3,0x01:3,0xd9:3);b1=enum7(0xa6:68,0x3e:10,0x3d:3,0xbe:3,0xc6:3,0xe7:3);b2=enum6(0xeb:67,0xa2:10,0x32:6,0x2b:4,0x6b:3,0x29:1);b3=0x3d;b4=0x01	w0=enum8(0xa68b:64,0x3e19:10,0xa657:4,0x3da1:3,0xbe01:3,0xc6d9:3);w1=enum6(0x3deb:67,0x3da2:10,0x3d32:6,0x3d2b:4,0x3d6b:3,0x3d29:1)	030;041;042;048;056;059;061	7	8	144;160;173;198	4	182	vm_instruction_trace.tsv:91;vm_instruction_trace_filefill_hiddenfill_frontierfill_footprintfill.tsv:91	8	0		flags0;state0;u16_1	0xffff;0x23f8268c;0x551fa912;0x7af574e5	pre_state;pre_flags;raw_vm_bytes:u16_1	mask32:9;&:7;|:3;^:8;+:9;-:1	state0 & flags0 ^ state0 + 0x551fa912 & 0x7af574e5 + flags0 ^ state0 + 0x551fa912 | 0x23f8268c - u16_1 ^ state0 & flags0 ^ state0 + 0x551fa912 & 0x7af574e5 + flags0 ^ state0 + 0x551fa912 | 0x23f8268c	74=(mask32(u16_1 ^ (mask32((mask32((mask32(state0 & (mask32((mask32(flags0 ^ (mask32(state0 + 0x551fa912)))) & 0x7af574e5)))) + (mask32(flags0 ^ (mask32(state0 + 0x551fa912)))))) | 0x23f8268c)))) & 0xffff	simplify_to_c_expression_or_table
95	0x8c41c	vmop_095_plus0xa_state_preserve_slot_mba_stateful	algebraic_mba	ready_for_symbolic_reduction	named_structural;needs_algebraic_simplification	obfuscated_table_dispatch:18	algebraic_state_or_slot_formula:18	slot_mba_stateful	state_preserve	+0xa	VVECCCVVEC	VECVE	b0=var14(top=0xa8:16.9%);b1=var15(top=0x7a:16.4%);b2=enum5(0x31:548,0x26:4,0x27:4,0x33:3,0x36:3);b3=0x00;b4=0x80;b5=0x00;b6=var13(top=0x92:32.4%);b7=var10(top=0x33:32.7%);b8=enum5(0x07:278,0x03:182,0x02:92,0x01:9,0x48:1);b9=0x00	w0=var16(top=0x7aa8:16.2%);w1=enum5(0x0031:548,0x0026:4,0x0027:4,0x0033:3,0x0036:3);w2=0x0080;w3=var13(top=0x3392:32.4%);w4=enum5(0x0007:278,0x0003:182,0x0002:92,0x0001:9,0x0048:1)	032;034;041;043;048;052;056	7	18	42;86;169;310	4	1195	vm_instruction_trace_filefill_hiddenfill_frontierfill_footprintfill.tsv:630;vm_instruction_trace.tsv:565	53	0		state0;u16_4	0xffff;0x1f18e1aa	pre_state;raw_vm_bytes:u16_4	mask32:1;&:1;^:1;+:2	state0 ^ u16_4 + 0x1f18e1aa	92=(mask32(u16_4 + 0x1f18e1aa)) & 0xffff	simplify_to_c_expression_or_table
99	0x8c99a	vmop_099_plus0x5_state_add_const_slot_mba_stateful	algebraic_mba	ready_for_symbolic_reduction	named_structural;needs_algebraic_simplification	obfuscated_table_dispatch:26	algebraic_state_or_slot_formula:26	slot_mba_stateful	state_add_const	+0x5	CVVCC	VV	b0=0x00;b1=var24(top=0x09:36.8%);b2=var20(top=0x7a:36.8%);b3=0x3d;b4=0x01	w0=var24(top=0x0900:36.8%);w1=var20(top=0x3d7a:36.8%)	014;027;029;030;033;042;043;045;046;048;051;054;055;056;061;063;065	17	26	108;144;160;173;198;256;257;352	8	1390	vm_instruction_trace.tsv:695;vm_instruction_trace_filefill_hiddenfill_frontierfill_footprintfill.tsv:695	26	0		state0;u16_1	0xffff;0x48503105	pre_state;raw_vm_bytes:u16_1	mask32:2;&:2;^:2;-:2	state0 & u16_1 ^ state0 - 0x48503105	128=(mask32((mask32(u16_1 ^ state0)) - 0x48503105)) & 0xffff	simplify_to_c_expression_or_table
101	0x8ceb4	vmop_101_plus0xd_state_add_const_slot_mba_stateful	algebraic_mba	ready_for_symbolic_reduction	named_structural;needs_algebraic_simplification	obfuscated_table_dispatch:1	algebraic_state_or_slot_formula:1	slot_mba_stateful	state_add_const	+0xd	CCCCCCCCCCCCC	CCCCCC	b0=0x1e;b1=0x1e;b2=0x02;b3=0x00;b4=0x80;b5=0x00;b6=0x3d;b7=0x01;b8=0x22;b9=0xe8;b10=0x01;b11=0x54;...+1	w0=0x1e1e;w1=0x0002;w2=0x0080;w3=0x013d;w4=0xe822;w5=0x5401	002	1	1	199	1	2	vm_instruction_trace.tsv:1;vm_instruction_trace_filefill_hiddenfill_frontierfill_footprintfill.tsv:1	1	0		state0;u16_11	0xffff;0x44422ebb	pre_state;raw_vm_bytes:u16_11	mask32:2;&:2;^:4	state0 & u16_11 ^ state0 ^ 0x44422ebb	1=(mask32((mask32(u16_11 ^ state0)) ^ 0x44422ebb)) & 0xffff	simplify_to_c_expression_or_table
102	0x8d71d	vmop_102_plus0xd_state_preserve_slot_mba_stateful	algebraic_mba	ready_for_symbolic_reduction	named_structural;needs_algebraic_simplification	obfuscated_table_dispatch:1	algebraic_state_or_slot_formula:1	slot_mba_stateful	state_preserve	+0xd	CCCCCCCCCCCCC	CCCCCC	b0=0x47;b1=0x4e;b2=0x04;b3=0x00;b4=0x80;b5=0x00;b6=0x3d;b7=0x01;b8=0x89;b9=0xe8;b10=0x01;b11=0xb9;...+1	w0=0x4e47;w1=0x0004;w2=0x0080;w3=0x013d;w4=0xe889;w5=0xb901	030	1	1	268	1	128	vm_instruction_trace.tsv:64;vm_instruction_trace_filefill_hiddenfill_frontierfill_footprintfill.tsv:64	1	0		state0;u16_11	0xffff;0x7b88d4e3	pre_state;raw_vm_bytes:u16_11	mask32:2;&:1;+:2	state0	64=(mask32((mask32(u16_11 + state0)) + 0x7b88d4e3)) & 0xffff	simplify_to_c_expression_or_table
107	0x8eef4	vmop_107_plus0x5_state_add_const_slot_mba_stateful	algebraic_mba	ready_for_symbolic_reduction	named_structural;needs_algebraic_simplification	obfuscated_table_dispatch:1	algebraic_state_or_slot_formula:1	slot_mba_stateful	state_add_const	+0x5	CCCCC	CC	b0=0x9e;b1=0xd4;b2=0xa9;b3=0x3d;b4=0x01	w0=0xd49e;w1=0x3da9	029	1	1	160	1	512	vm_instruction_trace.tsv:256;vm_instruction_trace_filefill_hiddenfill_frontierfill_footprintfill.tsv:256	1	0		state0;u16_0	0xffff	pre_state;raw_vm_bytes:u16_0	mask32:1;&:1;^:2;-:1	state0 - u16_0 ^ state0	128=(mask32(u16_0 ^ state0)) & 0xffff	simplify_to_c_expression_or_table
108	0x8f24b	vmop_108_plus0x2_state_add_const_slot_mba_stateful	algebraic_mba	ready_for_symbolic_reduction	named_structural;needs_algebraic_simplification	obfuscated_table_dispatch:719	algebraic_state_or_slot_formula:719	slot_mba_stateful	state_add_const	+0x2	VV	V	b0=var228(top=0xce:5.1%);b1=var237(top=0x85:6.6%)	w0=var710(top=0x1ece:4.9%)	000;001;002;003;004;005;006;007;008;009;010;011;012;013;014;015;016;017;018;019;020;021;022;023;...+33	57	719	17;18;28;30;43;48;62;64;65;66;90;92;105;114;117;121;124;128;140;146;154;157;165;168;...+40	64	10478	vm_instruction_trace.tsv:5239;vm_instruction_trace_filefill_hiddenfill_frontierfill_footprintfill.tsv:5239	719	0		flags0;state0;u16_0	0xffff;0x11961dc7;0x36f124db;0x5fa19cc7	pre_state;pre_flags;raw_vm_bytes:u16_0	mask32:5;&:1;^:3;+:3;-:2	state0 + 0x11961dc7 ^ 0x5fa19cc7 - flags0	128=(mask32((mask32(u16_0 ^ (mask32((mask32((mask32(state0 + 0x11961dc7)) ^ 0x5fa19cc7)) - flags0)))) + 0x36f124db)) & 0xffff	simplify_to_c_expression_or_table
112	0x8faec	vmop_112_plus0x5_state_formula_slot_unknown	dispatch_unknown	needs_dispatch_resolution_or_trace	named_structural;needs_algebraic_simplification	unresolved_dispatch:2	algebraic_state_or_slot_formula;dispatch_slot_unknown;static_model_or_runtime_validation_incomplete;state_formula_not_named:2	slot_unknown	state_formula	+0x5	ECCEE	EE	b0=enum2(0x00:1,0x13:1);b1=0x3d;b2=0x01;b3=enum2(0xf9:1,0xa9:1);b4=enum2(0xd3:1,0xf4:1)	w0=enum2(0x3d00:1,0x3d13:1);w1=enum2(0xf901:1,0xa901:1)	026;055	2	2	108;160	2	4	vm_instruction_trace.tsv:2;vm_instruction_trace_filefill_hiddenfill_frontierfill_footprintfill.tsv:2	2	0		flags0;state0;u16_3	0x7d6325a;0x1340e310;0x25637e96;0x26dc7059;0x2aab3c50;0x2bd71820;0x2d8111d9;0x40561547;0x488765f3	pre_state;pre_flags;raw_vm_bytes:u16_3	&:22;|:4;^:12;+:15;-:9	state0 & flags0 ^ 0x40561547 - flags0 & 0x1340e310 + 0x2d8111d9 | flags0 & state0 & flags0 ^ 0x40561547 - flags0 & 0x1340e310 + 0x2d8111d9 & 0x25637e96 | 0x488765f3 + state0 & flags0 ^ 0x40561547 - flags0 & 0x1340e310 + 0x2d8111d9 + 0x2aab3c50 ^ state0 & flags0 ^ 0x40561547 - flags0 & 0x1340e310 + 0x2d8111d9 + 0x7d6325a & 0x26dc7059 ^ u16_3 ^ state0 & flags0 ^ 0x40561547 - flags0 & 0x1340e310 + 0x2d8111d9 | flags0 & state0 & flags0 ^ 0x40561547 - flags0 & 0x1340e310 + 0x2d8111d9 & 0x25637e96 | 0x488765f3 + state0 & flags0 ^ 0x40561547 - flags0 & 0x1340e310 + 0x2d8111d9 + 0x2aab3c50 ^ state0 & flags0 ^ 0x40561547 - flags0 & 0x1340e310 + 0x2d8111d9 + 0x7d6325a & 0x26dc7059 + 0x2bd71820	dispatch slot expression not recovered; use per-row target evidence when available	collect_missing_dispatch_targets
114	0x90319	vmop_114_plus0x4_state_add_const_slot_multi_path	algebraic_mba	ready_for_symbolic_reduction	named_structural;needs_algebraic_simplification	obfuscated_table_dispatch:2254	algebraic_state_or_slot_formula:2254	slot_multi_path	state_add_const	+0x4	VVVV	VV	b0=var255(top=0x99:2.0%);b1=var198(top=0x77:2.9%);b2=var250(top=0xa6:2.9%);b3=var248(top=0xcf:2.6%)	w0=var2171(top=0x67d1:1.0%);w1=var2097(top=0xaca6:1.1%)	000;001;002;003;004;005;006;007;008;009;010;011;012;013;014;015;016;017;018;019;020;021;022;023;...+38	62	2254	3;18;20;26;28;30;33;37;43;49;52;66;70;74;79;83;118;121;123;124;125;128;131;140;...+48	72	50600	vm_instruction_trace.tsv:25300;vm_instruction_trace_filefill_hiddenfill_frontierfill_footprintfill.tsv:25300	2254	0		flags0;state0;u16_0;u16_2	0x662844c;0xfc7215c;0x1c8b6fee;0x257a9d7d;0x292b555d;0x3b2cb159;0x3dca653f;0x48367f78;0x63bb548f;0x665346b9;0x667e49d1;0x671da5f4;0x6729b5bf;0x6b040388;0x7bdaf9d9	pre_state;pre_flags;raw_vm_bytes:u16_0,u16_2	mask32:27;&:33;|:15;^:36;+:29;-:22	state0 ^ flags0 & state0 | 0x6729b5bf - 0x3dca653f ^ 0x671da5f4 + state0 & 0x48367f78 ^ 0x63bb548f + flags0 & state0 | 0x6729b5bf - 0x3dca653f ^ 0x671da5f4 + state0 & 0x292b555d ^ u16_2 + state0 ^ flags0 & state0 | 0x6729b5bf - 0x3dca653f ^ 0x671da5f4 + state0 & 0x48367f78 ^ 0x63bb548f + flags0 & state0 | 0x6729b5bf - 0x3dca653f ^ 0x671da5f4 + state0 & 0x292b555d + flags0 & state0 | 0x6729b5bf - 0x3dca653f ^ 0x671da5f4 + state0 - 0x3b2cb159 & 0xfc7215c & 0x662844c - 0x7bdaf9d9 ^ 0x257a9d7d ^ 0x665346b9 + flags0 & state0 | 0x6729b5bf - 0x3dca653f ^ 0x671da5f4 + state0 - 0x3b2cb159 & 0xfc7215c & 0x662844c - 0x7bdaf9d9 ^ 0x257a9d7d ^ 0x665346b9 & 0x1c8b6fee ^ 0x6b040388 - u16_0 + state0 ^ flags0 & state0 | 0x6729b5bf - 0x3dca653f ^ 0x671da5f4 + state0 & 0x48367f78 ^ 0x63bb548f + flags0 & state0 | 0x6729b5bf - 0x3dca653f ^ 0x671da5f4 + state0 & 0x292b555d ^ u16_2 + state0 ^ flags0 & state0 | 0x6729b5bf - 0x3dca653f ^ 0x671da5f4 + state0 & 0x48367f78 ^ 0x63bb548f + flags0 & state0 | 0x6729b5bf - 0x3dca653f ^ 0x671da5f4 + state0 & 0x292b555d + flags0 & state0 | 0x6729b5bf - 0x3dca653f ^ 0x671da5f4 + state0 - 0x3b2cb159 & 0xfc7215c & 0x662844c - 0x7bdaf9d9 ^ 0x257a9d7d ^ 0x665346b9 + flags0 & state0 | 0x6729b5bf - 0x3dca653f ^ 0x671da5f4 + state0 - 0x3b2cb159 & 0xfc7215c & 0x662844c - 0x7bdaf9d9 ^ 0x257a9d7d ^ 0x665346b9 & 0x1c8b6fee ^ 0x6b040388 + 0x667e49d1	51=(mask32((mask32(u16_0 + (mask32((mask32((mask32((mask32((mask32((mask32(state0 ^ (mask32((mask32((mask32(flags0 & (mask32(state0 | 0x6729b5bf)))) + state0)) & 0x48367f78)))) ^ 0x63bb548f)) + (mask32((mas...#c641ff3c3e67 | 36=(mask32((mask32(u16_0 + (mask32((mask32((mask32((mask32((mask32((mask32(state0 ^ (mask32((mask32((mask32((mask32((mask32(flags0 & (mask32(state0 | 0x6729b5bf)))) - 0x3dca653f)) ^ 0x671da5f4)) + state0)) ...#2b79eeb26734	simplify_to_c_expression_or_table
117	0x90acd	vmop_117_minus0x40_sampled_backedge_slot_unknown	dispatch_unknown	needs_dispatch_resolution_or_trace	named_structural	long_or_backedge_control:18	dispatch_slot_unknown;static_model_or_runtime_validation_incomplete:18	slot_unknown	sampled_backedge	-0x40	sampled				009;026;041;042;043;046;048;052;054;055;056;060;061;062;063	15	18	165;171;354	3	244	vm_instruction_trace.tsv:122;vm_instruction_trace_filefill_hiddenfill_frontierfill_footprintfill.tsv:122	18	0		state0		pre_state	-:1	state0	dispatch slot expression not recovered; use per-row target evidence when available	collect_missing_dispatch_targets
118	0x90c23	vmop_118_plus0x3_state_formula_slot_mba_stateful	algebraic_mba	ready_for_symbolic_reduction	named_structural;needs_algebraic_simplification	obfuscated_table_dispatch:12	algebraic_state_or_slot_formula;state_formula_not_named:12	slot_mba_stateful	state_formula	+0x3	CVV	V	b0=0x62;b1=var12(top=0xa6:64.3%);b2=var12(top=0x2b:64.3%)	w0=var12(top=0xa662:64.3%)	028;029;030;042;045;055;056;058;059;061;062	11	12	99;114;172;189;208;217;268;322;332;333	10	796	vm_instruction_trace.tsv:398;vm_instruction_trace_filefill_hiddenfill_frontierfill_footprintfill.tsv:398	12	0		state0;u16_1	0xffff;0x52d3aa4	pre_state;raw_vm_bytes:u16_1	mask32:2;&:2;^:2;-:2	state0 & u16_1 ^ state0 - 0x52d3aa4	128=(mask32((mask32(u16_1 ^ state0)) - 0x52d3aa4)) & 0xffff	simplify_to_c_expression_or_table
119	0x90ebc	vmop_119_plus0x6_state_add_const_slot_mba_stateful	algebraic_mba	ready_for_symbolic_reduction	named_structural;needs_algebraic_simplification	obfuscated_table_dispatch:94	algebraic_state_or_slot_formula:94	slot_mba_stateful	state_add_const	+0x6	CCCCVV	CCV	b0=0xe8;b1=0x01;b2=0x3d;b3=0x01;b4=var72(top=0xb9:10.3%);b5=var72(top=0x8f:10.0%)	w0=0x01e8;w1=0x013d;w2=var94(top=0x8f13:9.9%)	000;001;003;007;010;012;013;014;015;016;020;021;022;023;024;026;028;029;030;031;032;034;035;037;...+17	41	94	18;28;64;66;114;185;189;199;215;258;297;307;337;340;347	15	1844	vm_instruction_trace.tsv:922;vm_instruction_trace_filefill_hiddenfill_frontierfill_footprintfill.tsv:922	94	0		state0;u16_4	0xffff;0x7e7974a5	pre_state;raw_vm_bytes:u16_4	mask32:2;&:1;|:1;^:2;+:2	state0 | u16_4 ^ state0 + 0x7e7974a5	128=(mask32((mask32(u16_4 ^ state0)) + 0x7e7974a5)) & 0xffff	simplify_to_c_expression_or_table
121	0x91379	vmop_121_plus0x4_state_add_const_slot_mba_stateful	algebraic_mba	ready_for_symbolic_reduction	named_structural;needs_algebraic_simplification	obfuscated_table_dispatch:215	algebraic_state_or_slot_formula:215	slot_mba_stateful	state_add_const	+0x4	VVVV	VV	b0=var124(top=0x7b:11.8%);b1=var131(top=0x93:11.6%);b2=var140(top=0x37:11.7%);b3=var145(top=0x2f:11.6%)	w0=var204(top=0x937b:11.6%);w1=var213(top=0x2f37:11.6%)	000;001;003;004;007;008;010;012;016;019;020;021;023;025;026;028;029;030;031;032;034;039;041;042;...+14	38	215	3;18;28;36;43;48;49;64;66;79;83;91;105;114;125;157;168;172;180;183;189;196;199;203;...+19	43	4396	vm_instruction_trace.tsv:2198;vm_instruction_trace_filefill_hiddenfill_frontierfill_footprintfill.tsv:2198	215	0		flags0;state0;u16_0;u16_2	0x288d43ba;0x3154e54a	pre_state;pre_flags;raw_vm_bytes:u16_0,u16_2	mask32:11;^:5;+:8;-:5	state0 ^ flags0 + 0x3154e54a - 0x288d43ba + u16_0 + state0 ^ flags0 + 0x3154e54a - 0x288d43ba - flags0	128=(mask32((mask32(u16_2 ^ (mask32((mask32((mask32(state0 ^ (mask32(flags0 + 0x3154e54a)))) - 0x288d43ba)) + (mask32((mask32(u16_0 + (mask32((mask32(state0 ^ (mask32(flags0 + 0x3154e54a)))) - 0x288d43ba))))...#16d4adea9152	simplify_to_c_expression_or_table
122	0x9170d	vmop_122_plus0x5_state_add_const_slot_mba_stateful	algebraic_mba	ready_for_symbolic_reduction	named_structural;needs_algebraic_simplification	obfuscated_table_dispatch:41	algebraic_state_or_slot_formula:41	slot_mba_stateful	state_add_const	+0x5	VVCCV	VC	b0=var38(top=0x63:30.3%);b1=var40(top=0x71:30.1%);b2=0x3d;b3=0x01;b4=var37(top=0xd7:30.1%)	w0=var41(top=0x7163:30.1%);w1=0x013d	000;002;009;011;018;023;026;035;041;042;046;048;050;052;053;055;056;059;061;063	20	41	75;114;145;189;199;210;246;258;316;334;340	11	996	vm_instruction_trace.tsv:498;vm_instruction_trace_filefill_hiddenfill_frontierfill_footprintfill.tsv:498	41	0		flags0;state0;u16_0	0xffff;0x1af9be18	pre_state;pre_flags;raw_vm_bytes:u16_0	mask32:3;&:1;+:7;-:1	state0 + flags0 - u16_0 + state0 + flags0 + 0x1af9be18	121=(mask32((mask32(u16_0 + (mask32(state0 + flags0)))) + 0x1af9be18)) & 0xffff	simplify_to_c_expression_or_table
123	0x91a59	vmop_123_plus0x4_state_add_const_slot_mba_stateful	algebraic_mba	ready_for_symbolic_reduction	named_structural;needs_algebraic_simplification	obfuscated_table_dispatch:889	algebraic_state_or_slot_formula:889	slot_mba_stateful	state_add_const	+0x4	VVCC	VC	b0=var226(top=0x56:3.4%);b1=var237(top=0x96:3.3%);b2=0xe8;b3=0x01	w0=var861(top=0xde81:2.4%);w1=0x01e8	000;001;002;003;004;005;006;007;008;009;010;011;012;013;014;015;016;017;018;019;020;021;022;023;...+37	61	889	5;18;28;40;50;64;66;69;78;95;101;114;119;175;181;185;189;195;199;215;216;258;261;264;...+10	34	21196	vm_instruction_trace.tsv:10598;vm_instruction_trace_filefill_hiddenfill_frontierfill_footprintfill.tsv:10598	889	0		state0;u16_0	0xffff;0x1603b0a9;0x3da77425	pre_state;raw_vm_bytes:u16_0	mask32:3;&:1;^:2;+:3;-:3	state0 + 0x3da77425 - u16_0 - state0 + 0x3da77425 ^ 0x1603b0a9	128=(mask32((mask32(u16_0 - (mask32(state0 + 0x3da77425)))) ^ 0x1603b0a9)) & 0xffff	simplify_to_c_expression_or_table
124	0x91e81	vmop_124_plus0x6_state_add_const_slot_multi_path	algebraic_mba	ready_for_symbolic_reduction	named_structural;needs_algebraic_simplification	obfuscated_table_dispatch:306	algebraic_state_or_slot_formula:306	slot_multi_path	state_add_const	+0x6	VVVVVV	VVV	b0=var166(top=0xc1:12.6%);b1=var177(top=0x7f:8.9%);b2=var34(top=0x00:43.4%);b3=var144(top=0x1b:7.3%);b4=var91(top=0x4f:12.2%);b5=var36(top=0xcb:25.7%)	w0=var303(top=0xee29:7.0%);w1=var236(top=0x1bf0:7.0%);w2=var198(top=0xc44f:9.6%)	000;001;002;004;007;008;009;010;011;012;015;016;017;018;019;021;022;023;024;025;026;028;029;030;...+23	47	306	3;18;28;37;43;48;49;52;64;66;70;79;83;90;92;114;122;148;157;168;172;185;189;192;...+22	46	3592	vm_instruction_trace.tsv:1796;vm_instruction_trace_filefill_hiddenfill_frontierfill_footprintfill.tsv:1796	306	0		flags0;state0;u16_4;u32_0	0x2bb25e3;0x2c2f20af;0x3654c1a7;0x50ef8024;0x57b29524;0x7c31e804	pre_state;pre_flags;raw_vm_bytes:u16_4,u32_0	mask32:26;&:2;|:15;^:33;+:30;-:48	state0 - 0x7c31e804 ^ flags0 + 0x57b29524 - 0x2c2f20af ^ 0x2bb25e3 | 0x50ef8024 + flags0 + 0x57b29524 - 0x2c2f20af - state0 - 0x7c31e804 ^ flags0 + 0x57b29524 - 0x2c2f20af ^ 0x2bb25e3 | 0x50ef8024 ^ flags0 + 0x57b29524 - 0x2c2f20af - state0 - 0x7c31e804 ^ flags0 + 0x57b29524 - 0x2c2f20af ^ 0x2bb25e3 | 0x50ef8024 & u32_0 - state0 - 0x7c31e804 ^ flags0 + 0x57b29524 - 0x2c2f20af ^ 0x2bb25e3 | 0x50ef8024 + flags0 + 0x57b29524 - 0x2c2f20af - state0 - 0x7c31e804 ^ flags0 + 0x57b29524 - 0x2c2f20af ^ 0x2bb25e3 | 0x50ef8024 ^ flags0 + 0x57b29524 - 0x2c2f20af - state0 - 0x7c31e804 ^ flags0 + 0x57b29524 - 0x2c2f20af ^ 0x2bb25e3 | 0x50ef8024 - u16_4 + state0 - 0x7c31e804 ^ flags0 + 0x57b29524 - 0x2c2f20af ^ 0x2bb25e3 | 0x50ef8024 + flags0 + 0x57b29524 - 0x2c2f20af - state0 - 0x7c31e804 ^ flags0 + 0x57b29524 - 0x2c2f20af ^ 0x2bb25e3 | 0x50ef8024 ^ flags0 + 0x57b29524 - 0x2c2f20af - state0 - 0x7c31e804 ^ flags0 + 0x57b29524 - 0x2c2f20af ^ 0x2bb25e3 | 0x50ef8024 & u32_0 - state0 - 0x7c31e804 ^ flags0 + 0x57b29524 - 0x2c2f20af ^ 0x2bb25e3 | 0x50ef8024 + flags0 + 0x57b29524 - 0x2c2f20af - state0 - 0x7c31e804 ^ flags0 + 0x57b29524 - 0x2c2f20af ^ 0x2bb25e3 | 0x50ef8024 ^ flags0 + 0x57b29524 - 0x2c2f20af - state0 - 0x7c31e804 ^ flags0 + 0x57b29524 - 0x2c2f20af ^ 0x2bb25e3 | 0x50ef8024 ^ 0x3654c1a7	71=(mask32((mask32(u16_4 + (mask32((mask32((mask32((mask32((mask32((mask32((mask32(state0 - 0x7c31e804)) ^ flags0)) ^ 0x2bb25e3)) | 0x50ef8024)) + (mask32(flags0 - (mask32((mask32((mask32((mask32(state0 - 0...#a71fad2f15d8 | 57=(mask32((mask32(u16_4 + (mask32((mask32((mask32((mask32((mask32((mask32((mask32(state0 - 0x7c31e804)) ^ (mask32((mask32(flags0 + 0x57b29524)) - 0x2c2f20af)))) ^ 0x2bb25e3)) | 0x50ef8024)) + (mask32((mask...#eb1d9ab33bed	simplify_to_c_expression_or_table
125	0x922c4	vmop_125_plus0x5_state_formula_slot_mba_stateful	algebraic_mba	ready_for_symbolic_reduction	named_structural;needs_algebraic_simplification	obfuscated_table_dispatch:26	algebraic_state_or_slot_formula;state_formula_not_named:26	slot_mba_stateful	state_formula	+0x5	VVVCC	VV	b0=var25(top=0x2b:70.5%);b1=var25(top=0x60:70.5%);b2=var24(top=0x21:70.5%);b3=0x3d;b4=0x01	w0=var26(top=0x602b:70.5%);w1=var24(top=0x3d21:70.5%)	002;004;011;015;016;026;031;035;036;041;043;055;056;059;061	15	26	18;28;30;75;114;145;210;246;316;334;347	11	258	vm_instruction_trace.tsv:129;vm_instruction_trace_filefill_hiddenfill_frontierfill_footprintfill.tsv:129	26	0		state0;u16_0	0xffff;0x7b275316	pre_state;raw_vm_bytes:u16_0	mask32:2;&:2;+:2;-:2	state0 & u16_0 + state0 - 0x7b275316	19=(mask32((mask32(u16_0 + state0)) - 0x7b275316)) & 0xffff	simplify_to_c_expression_or_table
127	0x926c3	vmop_127_plus0x5_state_add_const_slot_mba_stateful	algebraic_mba	ready_for_symbolic_reduction	named_structural;needs_algebraic_simplification	obfuscated_table_dispatch:3	algebraic_state_or_slot_formula:3	slot_mba_stateful	state_add_const	+0x5	EEECC	EE	b0=enum3(0xdf:256,0x7b:64,0x99:64);b1=enum3(0x22:256,0xc7:64,0xa1:64);b2=enum3(0xc9:256,0x79:64,0x2b:64);b3=0x3d;b4=0x01	w0=enum3(0x22df:256,0xc77b:64,0xa199:64);w1=enum3(0x3dc9:256,0x3d79:64,0x3d2b:64)	029;030	2	3	108;144;257	3	768	vm_instruction_trace.tsv:384;vm_instruction_trace_filefill_hiddenfill_frontierfill_footprintfill.tsv:384	3	0		state0;u16_0	0xffff;0xf376a6a	pre_state;raw_vm_bytes:u16_0	mask32:2;&:1;|:1;+:2;-:2	state0 | u16_0 - state0 + 0xf376a6a	128=(mask32((mask32(u16_0 - state0)) + 0xf376a6a)) & 0xffff	simplify_to_c_expression_or_table
128	0x9299b	vmop_128_plus0x5_state_add_const_slot_multi_path	algebraic_mba	ready_for_symbolic_reduction	named_structural;needs_algebraic_simplification	obfuscated_table_dispatch:115	algebraic_state_or_slot_formula:115	slot_multi_path	state_add_const	+0x5	EVVVV	VV	b0=enum4(0x62:840,0x3a:175,0x50:118,0x32:25);b1=var10(top=0x79:57.3%);b2=var17(top=0x04:24.0%);b3=var77(top=0xb7:22.4%);b4=var50(top=0x94:25.1%)	w0=var20(top=0x7962:44.7%);w1=var107(top=0xcf04:22.3%)	002;004;008;009;010;011;012;013;018;021;023;025;026;028;029;030;032;034;035;039;041;042;046;047;...+10	34	115	3;18;28;43;49;64;66;79;82;83;94;99;114;131;157;168;172;185;189;196;199;203;215;220;...+10	34	2316	vm_instruction_trace.tsv:1158;vm_instruction_trace_filefill_hiddenfill_frontierfill_footprintfill.tsv:1158	115	0		flags0;state0;u16_1;u16_3	0x38cd3a;0x46f37ee;0x1a4f949c;0x277b426c;0x32c25a60;0x36a392ff;0x38cd3aec;0x46f37ee7;0x4e6b72c6;0x539da50e;0x57b04ce2;0x63f5af32;0x7036ea56;0x706a6a76;0x7b467141	pre_state;pre_flags;raw_vm_bytes:u16_1,u16_3	mask32:26;&:19;|:13;^:10;+:17;-:24	state0 & flags0 & 0x7036ea56 + 0x277b426c - 0x57b04ce2 - flags0 ^ 0x46f37ee7 & 0x706a6a76 - 0x32c25a60 + 0x63f5af32 | 0x36a392ff | 0x38cd3aec - u16_1 + state0 & flags0 & 0x7036ea56 + 0x277b426c - 0x57b04ce2 - flags0 ^ 0x46f37ee7 & 0x706a6a76 - 0x32c25a60 + 0x63f5af32 | 0x36a392ff | 0x38cd3aec + flags0 ^ 0x46f37ee7 & 0x706a6a76 - 0x32c25a60 + 0x63f5af32 - 0x1a4f949c - 0x4e6b72c6 | 0x7b467141 & u16_3 ^ state0 & flags0 & 0x7036ea56 + 0x277b426c - 0x57b04ce2 - flags0 ^ 0x46f37ee7 & 0x706a6a76 - 0x32c25a60 + 0x63f5af32 | 0x36a392ff | 0x38cd3aec - u16_1 + state0 & flags0 & 0x7036ea56 + 0x277b426c - 0x57b04ce2 - flags0 ^ 0x46f37ee7 & 0x706a6a76 - 0x32c25a60 + 0x63f5af32 | 0x36a392ff | 0x38cd3aec + flags0 ^ 0x46f37ee7 & 0x706a6a76 - 0x32c25a60 + 0x63f5af32 - 0x1a4f949c - 0x4e6b72c6 | 0x7b467141 + 0x539da50e	109=(mask32((mask32(u16_3 ^ (mask32((mask32((mask32((mask32((mask32((mask32((mask32((mask32(state0 & (mask32(flags0 & 0x7036ea56)))) + 0x277b426c)) - 0x57b04ce2)) - (mask32(flags0 | 0x36a392ff)))) | 0x38cd3a...#ecd27d758938 | 19=(mask32((mask32(u16_3 ^ (mask32((mask32((mask32((mask32((mask32((mask32((mask32((mask32(state0 & (mask32(flags0 & 0x7036ea56)))) + 0x277b426c)) - 0x57b04ce2)) - (mask32((mask32((mask32(flags0 ^ 0x46f37ee...#07008f725ecb	simplify_to_c_expression_or_table
129	0x92f21	vmop_129_plus0x3_state_add_const_slot_multi_path	algebraic_mba	ready_for_symbolic_reduction	named_structural;needs_algebraic_simplification	obfuscated_table_dispatch:10	algebraic_state_or_slot_formula:10	slot_multi_path	state_add_const	+0x3	VVE	V	b0=var10(top=0xf0:46.0%);b1=var10(top=0x06:46.0%);b2=enum2(0x62:137,0x32:2)	w0=var10(top=0x06f0:46.0%)	001;010;030;047;051;055;056	7	10	66;99;146;172;199;215;217;300;347	9	278	vm_instruction_trace.tsv:139;vm_instruction_trace_filefill_hiddenfill_frontierfill_footprintfill.tsv:139	10	0		flags0;state0;u16_0	0x63b683d;0x14f8aa88;0x3f4e9109;0x42c8b2fa;0x5d5f2ae2;0x5f119f37;0x77ecded8	pre_state;pre_flags;raw_vm_bytes:u16_0	mask32:13;&:9;|:6;+:18;-:6	state0 & flags0 | 0x77ecded8 + 0x14f8aa88 + 0x5f119f37 + flags0 + state0 & flags0 | 0x77ecded8 + 0x14f8aa88 + 0x5f119f37 - 0x42c8b2fa - 0x3f4e9109 + 0x5d5f2ae2 & 0x63b683d & u16_0 - state0 & flags0 | 0x77ecded8 + 0x14f8aa88 + 0x5f119f37 + flags0 + state0 & flags0 | 0x77ecded8 + 0x14f8aa88 + 0x5f119f37 - 0x42c8b2fa - 0x3f4e9109 + 0x5d5f2ae2 & 0x63b683d	128=(mask32(u16_0 - (mask32((mask32((mask32((mask32((mask32(state0 & (mask32(flags0 | 0x77ecded8)))) + 0x14f8aa88)) + 0x5f119f37)) + (mask32(flags0 + (mask32((mask32((mask32((mask32(state0 & (mask32(flags0 |...#9cf512e1edb8	simplify_to_c_expression_or_table
130	0x931d3	vmop_130_plus0x5_state_add_const_slot_multi_path	algebraic_mba	ready_for_symbolic_reduction	named_structural;needs_algebraic_simplification	obfuscated_table_dispatch:2	algebraic_state_or_slot_formula:2	slot_multi_path	state_add_const	+0x5	EECCE	EC	b0=enum2(0x78:4,0xa1:1);b1=enum2(0xf5:4,0xc3:1);b2=0x3d;b3=0x01;b4=enum2(0x00:4,0x4b:1)	w0=enum2(0xf578:4,0xc3a1:1);w1=0x013d	000;055	2	2	144;198	2	10	vm_instruction_trace.tsv:5;vm_instruction_trace_filefill_hiddenfill_frontierfill_footprintfill.tsv:5	2	0		flags0;state0;u16_0	0xffff;0x3941798;0x1b3f106e;0x3a044344;0x42718c2a;0x5121ff33	pre_state;pre_flags;raw_vm_bytes:u16_0	mask32:9;&:4;|:4;+:13;-:10	state0 | flags0 - state0 + 0x42718c2a + flags0 - state0 + 0x42718c2a + 0x3941798 - 0x1b3f106e & 0x3a044344 | u16_0 + state0 | flags0 - state0 + 0x42718c2a + flags0 - state0 + 0x42718c2a + 0x3941798 - 0x1b3f106e & 0x3a044344 - 0x5121ff33	4=(mask32((mask32(u16_0 + (mask32((mask32(state0 | (mask32(flags0 - (mask32(state0 + 0x42718c2a)))))) + (mask32((mask32(flags0 - (mask32(state0 + 0x42718c2a)))) & 0x3a044344)))))) - 0x5121ff33)) & 0xffff	simplify_to_c_expression_or_table
131	0x937d0	vmop_131_plus0x5_state_formula_slot_multi_path	algebraic_mba	ready_for_symbolic_reduction	named_structural;needs_algebraic_simplification	obfuscated_table_dispatch:18	algebraic_state_or_slot_formula;state_formula_not_named:18	slot_multi_path	state_formula	+0x5	VVVCC	VV	b0=var17(top=0xc5:15.2%);b1=var16(top=0x97:21.2%);b2=var18(top=0x58:15.2%);b3=0x3d;b4=0x01	w0=var18(top=0x0fc5:15.2%);w1=var18(top=0x3d58:15.2%)	017;026;041;042;052;055;056;059;063	9	18	108;144;160;173;198;257;352	7	132	vm_instruction_trace.tsv:66;vm_instruction_trace_filefill_hiddenfill_frontierfill_footprintfill.tsv:66	18	0		flags0;state0;u16_1	0x43;0x8fb57c3;0x95703a1;0xea909d9;0x1d802c44;0x1ec4fc3d;0x248dd823;0x4382f497;0x45a18ca4;0x4674713d;0x7099ef27;0x75229706	pre_state;pre_flags;raw_vm_bytes:u16_1	mask32:27;|:16;^:18;+:17;-:34	state0 | 0x8fb57c3 - 0x45a18ca4 | flags0 + 0x75229706 - 0x1ec4fc3d - state0 | 0x8fb57c3 + 0x4674713d ^ 0x4382f497 - 0x95703a1 ^ 0xea909d9 - flags0 + 0x75229706 - 0x1ec4fc3d - state0 | 0x8fb57c3 + 0x4674713d ^ 0x4382f497 - 0x95703a1 ^ 0xea909d9 ^ 0x7099ef27 - 0x248dd823 - flags0 + 0x75229706 - 0x1ec4fc3d - state0 | 0x8fb57c3 + 0x4674713d ^ 0x4382f497 - 0x95703a1 ^ 0xea909d9 ^ 0x7099ef27 - 0x248dd823 - u16_1 + state0 | 0x8fb57c3 - 0x45a18ca4 | flags0 + 0x75229706 - 0x1ec4fc3d - state0 | 0x8fb57c3 + 0x4674713d ^ 0x4382f497 - 0x95703a1 ^ 0xea909d9 - flags0 + 0x75229706 - 0x1ec4fc3d - state0 | 0x8fb57c3 + 0x4674713d ^ 0x4382f497 - 0x95703a1 ^ 0xea909d9 ^ 0x7099ef27 - 0x248dd823 - flags0 + 0x75229706 - 0x1ec4fc3d - state0 | 0x8fb57c3 + 0x4674713d ^ 0x4382f497 - 0x95703a1 ^ 0xea909d9 ^ 0x7099ef27 - 0x248dd823 ^ 0x1d802c44	10=(mask32((mask32(u16_1 + (mask32((mask32((mask32((mask32((mask32(state0 | 0x8fb57c3)) - 0x45a18ca4)) | (mask32((mask32((mask32((mask32(flags0 - (mask32((mask32(state0 | 0x8fb57c3)) + 0x4674713d)))) ^ 0x43...#ccaf3278b018 | 4=(mask32((mask32(u16_1 + (mask32((mask32((mask32((mask32((mask32(state0 | 0x8fb57c3)) - 0x45a18ca4)) | (mask32((mask32((mask32((mask32((mask32((mask32(flags0 + 0x75229706)) - 0x1ec4fc3d)) - (mask32((mask3...#f1a7c3008f2e	simplify_to_c_expression_or_table
136	0x9461b	vmop_136_plus0x5_state_add_const_slot_mba_stateful	algebraic_mba	ready_for_symbolic_reduction	named_structural;needs_algebraic_simplification	obfuscated_table_dispatch:1	algebraic_state_or_slot_formula:1	slot_mba_stateful	state_add_const	+0x5	CCCCC	CC	b0=0x75;b1=0xd8;b2=0x3d;b3=0x01;b4=0x5b	w0=0xd875;w1=0x013d	042	1	1	198	1	4	vm_instruction_trace.tsv:2;vm_instruction_trace_filefill_hiddenfill_frontierfill_footprintfill.tsv:2	1	0		state0;u16_0	0xffff;0x2eae4eac	pre_state;raw_vm_bytes:u16_0	mask32:2;&:1;|:1;^:2;-:2	state0 | u16_0 ^ state0 - 0x2eae4eac	2=(mask32((mask32(u16_0 ^ state0)) - 0x2eae4eac)) & 0xffff	simplify_to_c_expression_or_table
140	0x94e5a	vmop_140_plus0x6_state_add_const_slot_multi_path	algebraic_mba	ready_for_symbolic_reduction	named_structural;needs_algebraic_simplification	obfuscated_table_dispatch:248	algebraic_state_or_slot_formula:248	slot_multi_path	state_add_const	+0x6	VVVVVV	VVV	b0=var143(top=0xce:6.8%);b1=var148(top=0xab:8.5%);b2=var158(top=0x2b:7.0%);b3=var152(top=0x45:12.9%);b4=var146(top=0xf3:6.9%);b5=var145(top=0x79:6.8%)	w0=var247(top=0x95ce:6.8%);w1=var247(top=0x9e2b:6.8%);w2=var242(top=0x79f3:6.8%)	001;002;007;010;011;015;016;018;020;021;023;025;026;028;030;032;033;034;035;040;041;042;046;048;...+13	37	248	3;17;18;28;37;43;48;49;52;64;66;70;79;83;92;105;114;151;157;168;172;185;189;190;...+25	49	4380	vm_instruction_trace.tsv:2190;vm_instruction_trace_filefill_hiddenfill_frontierfill_footprintfill.tsv:2190	248	2	cxx_runtime;unclassified_data	flags0;state0;u16_0	0xffff;0xf17c331;0x16a9ca8c;0x6e089feb;0x6f549f79	pre_state;pre_flags;raw_vm_bytes:u16_0	mask32:13;&:2;|:9;^:6;+:1;-:11	state0 - flags0 - 0x6f549f79 - state0 | 0xf17c331 | 0x16a9ca8c + u16_0 ^ state0 - flags0 - 0x6f549f79 - state0 | 0xf17c331 | 0x16a9ca8c ^ 0x6e089feb	112=(mask32((mask32(u16_0 ^ (mask32(state0 - (mask32((mask32(flags0 - (mask32(state0 | 0xf17c331)))) | 0x16a9ca8c)))))) ^ 0x6e089feb)) & 0xffff | 16=(mask32((mask32(u16_0 ^ (mask32(state0 - (mask32((mask32((mask32(flags0 - 0x6f549f79)) - (mask32(state0 | 0xf17c331)))) | 0x16a9ca8c)))))) ^ 0x6e089feb)) & 0xffff	simplify_to_c_expression_or_table
142	0x953b1	vmop_142_plus0xa_state_formula_slot_unknown	dispatch_unknown	needs_dispatch_resolution_or_trace	named_structural;needs_algebraic_simplification	unresolved_dispatch:1	algebraic_state_or_slot_formula;dispatch_slot_unknown;static_model_or_runtime_validation_incomplete;state_formula_not_named:1	slot_unknown	state_formula	+0xa	CCCCCCCCCC	CCCCC	b0=0xc9;b1=0xc7;b2=0xf0;b3=0xc6;b4=0x36;b5=0x38;b6=0x0f;b7=0x39;b8=0x98;b9=0x02	w0=0xc7c9;w1=0xc6f0;w2=0x3836;w3=0x390f;w4=0x0298	061	1	1	83	1	2	vm_instruction_trace.tsv:1;vm_instruction_trace_filefill_hiddenfill_frontierfill_footprintfill.tsv:1	1	0		flags0;state0;u16_8;u32_0	0x18594029;0x295d79d4;0x2968389e;0x2de9e0a2;0x2ed5a434;0x2fd9e422;0x56d385ee;0x5f23a362;0x5f9390ae;0x6209aa88;0x6a70639e;0x7e4feaa1	pre_state;pre_flags;raw_vm_bytes:u16_8,u32_0	|:36;^:86;+:10;-:15	state0 ^ flags0 ^ 0x7e4feaa1 ^ 0x2968389e | flags0 | state0 ^ flags0 ^ 0x7e4feaa1 ^ 0x2968389e ^ 0x2de9e0a2 + 0x295d79d4 | 0x6a70639e - 0x2ed5a434 | flags0 | state0 ^ flags0 ^ 0x7e4feaa1 ^ 0x2968389e ^ 0x2de9e0a2 - 0x5f23a362 ^ 0x5f9390ae ^ 0x6209aa88 + u32_0 ^ state0 ^ flags0 ^ 0x7e4feaa1 ^ 0x2968389e | flags0 | state0 ^ flags0 ^ 0x7e4feaa1 ^ 0x2968389e ^ 0x2de9e0a2 + 0x295d79d4 | 0x6a70639e - 0x2ed5a434 | flags0 | state0 ^ flags0 ^ 0x7e4feaa1 ^ 0x2968389e ^ 0x2de9e0a2 - 0x5f23a362 ^ 0x5f9390ae ^ 0x6209aa88 + flags0 | state0 ^ flags0 ^ 0x7e4feaa1 ^ 0x2968389e ^ 0x2de9e0a2 ^ state0 ^ flags0 ^ 0x7e4feaa1 ^ 0x2968389e | flags0 | state0 ^ flags0 ^ 0x7e4feaa1 ^ 0x2968389e ^ 0x2de9e0a2 + 0x295d79d4 | 0x6a70639e - 0x2ed5a434 | flags0 | state0 ^ flags0 ^ 0x7e4feaa1 ^ 0x2968389e ^ 0x2de9e0a2 - 0x5f23a362 ^ 0x5f9390ae | 0x2fd9e422 | state0 ^ flags0 ^ 0x7e4feaa1 ^ 0x2968389e | flags0 | state0 ^ flags0 ^ 0x7e4feaa1 ^ 0x2968389e ^ 0x2de9e0a2 + 0x295d79d4 | 0x6a70639e - 0x2ed5a434 | flags0 | state0 ^ flags0 ^ 0x7e4feaa1 ^ 0x2968389e ^ 0x2de9e0a2 - 0x5f23a362 ^ 0x5f9390ae + 0x56d385ee ^ flags0 | state0 ^ flags0 ^ 0x7e4feaa1 ^ 0x2968389e ^ 0x2de9e0a2 ^ state0 ^ flags0 ^ 0x7e4feaa1 ^ 0x2968389e | flags0 | state0 ^ flags0 ^ 0x7e4feaa1 ^ 0x2968389e ^ 0x2de9e0a2 + 0x295d79d4 | 0x6a70639e - 0x2ed5a434 | flags0 | state0 ^ flags0 ^ 0x7e4feaa1 ^ 0x2968389e ^ 0x2de9e0a2 - 0x5f23a362 ^ 0x5f9390ae | 0x2fd9e422 | state0 ^ flags0 ^ 0x7e4feaa1 ^ 0x2968389e | flags0 | state0 ^ flags0 ^ 0x7e4feaa1 ^ 0x2968389e ^ 0x2de9e0a2 + 0x295d79d4 | 0x6a70639e - 0x2ed5a434 | flags0 | state0 ^ flags0 ^ 0x7e4feaa1 ^ 0x2968389e ^ 0x2de9e0a2 - 0x5f23a362 ^ 0x5f9390ae + 0x56d385ee - 0x18594029 - u16_8	dispatch slot expression not recovered; use per-row target evidence when available	collect_missing_dispatch_targets
144	0x95887	vmop_144_plus0x2_state_mixed_slot_mba_stateful	algebraic_mba	ready_for_symbolic_reduction	named_structural;needs_algebraic_simplification	obfuscated_table_dispatch:619	algebraic_state_or_slot_formula;state_formula_not_named:619	slot_mba_stateful	state_mixed	+0x2	VV	V	b0=var32(top=0x87:10.1%);b1=var11(top=0x99:16.2%)	w0=var215(top=0x9087:5.4%)	000;002;003;004;005;007;008;009;010;011;012;013;014;015;016;017;018;019;020;021;022;023;024;025;...+29	53	619	17;18;28;30;43;48;62;64;65;66;90;92;105;114;117;118;121;124;128;129;140;146;154;157;...+43	67	10436	vm_instruction_trace.tsv:5218;vm_instruction_trace_filefill_hiddenfill_frontierfill_footprintfill.tsv:5218	619	0		state0;u16_0	0xffff;0x1d022eee;0x2f1222e2;0x61f88068;0x6367b3dd	pre_state;raw_vm_bytes:u16_0	mask32:5;&:8;^:5;-:2	state0 & 0x61f88068 & 0x1d022eee ^ 0x6367b3dd & u16_0 ^ state0 & 0x61f88068 & 0x1d022eee ^ 0x6367b3dd - 0x2f1222e2	128=(mask32((mask32(u16_0 ^ (mask32((mask32((mask32(state0 & 0x61f88068)) & 0x1d022eee)) ^ 0x6367b3dd)))) - 0x2f1222e2)) & 0xffff	simplify_to_c_expression_or_table
145	0x95b5c	vmop_145_plus0x139_sampled_long_or_sparse_slot_unknown	dispatch_unknown	needs_dispatch_resolution_or_trace	named_structural	long_or_backedge_control:13	dispatch_slot_unknown;static_model_or_runtime_validation_incomplete:13	slot_unknown	sampled_long_or_sparse	+0x139	sampled				015;017;033;042;048;050;055;059;063	9	13	165;171;354	3	401	vm_instruction_trace_filefill_hiddenfill_frontierfill_footprintfill.tsv:259;vm_instruction_trace.tsv:142	22	6	cxx_runtime;locale_i18n	state0		pre_state	-:1	state0	dispatch slot expression not recovered; use per-row target evidence when available	collect_missing_dispatch_targets
146	0x96407	vmop_146_plus0x5_state_add_const_slot_multi_path	algebraic_mba	ready_for_symbolic_reduction	named_structural;needs_algebraic_simplification	obfuscated_table_dispatch:101	algebraic_state_or_slot_formula:101	slot_multi_path	state_add_const	+0x5	EVVVV	VV	b0=enum3(0x3a:379,0x50:122,0x62:77);b1=var58(top=0x09:27.5%);b2=var66(top=0x6e:15.9%);b3=var52(top=0x47:16.6%);b4=var53(top=0x92:18.2%)	w0=var73(top=0x513a:16.6%);w1=var101(top=0xa874:15.7%)	000;002;007;010;013;014;015;018;019;021;023;024;026;028;030;031;032;033;034;041;042;046;048;049;...+10	34	101	3;18;28;43;49;64;66;70;79;82;83;88;99;114;157;168;172;185;189;199;203;215;217;220;...+11	35	1156	vm_instruction_trace.tsv:578;vm_instruction_trace_filefill_hiddenfill_frontierfill_footprintfill.tsv:578	101	0		flags0;state0;u16_1;u16_3	0xffff;0xa6d4251;0x2cff1885;0x2e312e01;0x409c2e61;0x4a5b7e16;0x7d882664	pre_state;pre_flags;raw_vm_bytes:u16_1,u16_3	mask32:20;&:10;|:1;^:14;+:17;-:3	state0 + flags0 ^ 0x2e312e01 & flags0 & 0xa6d4251 ^ 0x409c2e61 + 0x7d882664 + 0x4a5b7e16 ^ u16_3 + flags0 & 0xa6d4251 ^ 0x409c2e61 ^ u16_1 - state0 + flags0 ^ 0x2e312e01 & flags0 & 0xa6d4251 ^ 0x409c2e61 + 0x7d882664 + 0x4a5b7e16 ^ u16_3 + flags0 & 0xa6d4251 ^ 0x409c2e61 + 0x2cff1885	99=(mask32((mask32(u16_1 - (mask32((mask32((mask32((mask32((mask32(state0 + flags0)) ^ 0x2e312e01)) & (mask32(flags0 + 0x7d882664)))) + 0x4a5b7e16)) ^ (mask32(u16_3 + flags0)))))) + 0x2cff1885)) & 0xffff | 29=(mask32((mask32(u16_1 - (mask32((mask32((mask32((mask32((mask32(state0 + flags0)) ^ 0x2e312e01)) & (mask32((mask32((mask32(flags0 & 0xa6d4251)) ^ 0x409c2e61)) + 0x7d882664)))) + 0x4a5b7e16)) ^ (mask32(u1...#f74cf8f6b8fa	simplify_to_c_expression_or_table
148	0x96b6e	vmop_148_plus0x5_state_add_const_slot_mba_stateful	algebraic_mba	ready_for_symbolic_reduction	named_structural;needs_algebraic_simplification	obfuscated_table_dispatch:18	algebraic_state_or_slot_formula:18	slot_mba_stateful	state_add_const	+0x5	CCVVV	CV	b0=0x3d;b1=0x01;b2=var16(top=0xad:44.4%);b3=var12(top=0x79:53.5%);b4=var15(top=0x56:47.9%)	w0=0x013d;w1=var18(top=0x79ad:44.4%)	030;048;050;052;055;056;059;063	8	18	108;144;160;173;257;352	6	288	vm_instruction_trace.tsv:144;vm_instruction_trace_filefill_hiddenfill_frontierfill_footprintfill.tsv:144	18	0		flags0;state0;u16_3	0xffff;0x502e5379	pre_state;pre_flags;raw_vm_bytes:u16_3	mask32:3;&:3;^:1;-:1	state0 & flags0	105=(mask32((mask32(u16_3 - (mask32(state0 & flags0)))) ^ 0x502e5379)) & 0xffff	simplify_to_c_expression_or_table
151	0x97311	vmop_151_plus0x5_state_add_const_slot_mba_stateful	algebraic_mba	ready_for_symbolic_reduction	named_structural;needs_algebraic_simplification	obfuscated_table_dispatch:12	algebraic_state_or_slot_formula:12	slot_mba_stateful	state_add_const	+0x5	CCVVV	CV	b0=0x3d;b1=0x01;b2=var11(top=0xa7:13.3%);b3=var11(top=0x07:13.3%);b4=var12(top=0xc3:13.3%)	w0=0x013d;w1=var12(top=0x07a7:13.3%)	041;042;046;048;052;055;056;063	8	12	144;160;173;198;352	5	90	vm_instruction_trace.tsv:45;vm_instruction_trace_filefill_hiddenfill_frontierfill_footprintfill.tsv:45	12	0		flags0;state0;u16_3	0xffff;0x77236c60	pre_state;pre_flags;raw_vm_bytes:u16_3	mask32:3;&:1;^:1;+:7	state0 + flags0 ^ u16_3 + state0 + flags0 + 0x77236c60	34=(mask32((mask32(u16_3 + (mask32(state0 + flags0)))) + 0x77236c60)) & 0xffff	simplify_to_c_expression_or_table
153	0x979ab	vmop_153_plus0x5_state_add_const_slot_mba_stateful	algebraic_mba	ready_for_symbolic_reduction	named_structural;needs_algebraic_simplification	obfuscated_table_dispatch:2	algebraic_state_or_slot_formula:2	slot_mba_stateful	state_add_const	+0x5	EECCE	EC	b0=enum2(0xda:5,0xb5:5);b1=enum2(0xa5:5,0x8b:5);b2=0x3d;b3=0x01;b4=enum2(0x0b:5,0x97:5)	w0=enum2(0xa5da:5,0x8bb5:5);w1=0x013d	055	1	2	144;173	2	20	vm_instruction_trace.tsv:10;vm_instruction_trace_filefill_hiddenfill_frontierfill_footprintfill.tsv:10	2	0		state0;u16_0	0xffff;0x6f642592	pre_state;raw_vm_bytes:u16_0	mask32:2;&:1;^:2;+:1;-:2	state0 + u16_0 - state0 ^ 0x6f642592	10=(mask32((mask32(u16_0 - state0)) ^ 0x6f642592)) & 0xffff	simplify_to_c_expression_or_table
154	0x97ce6	vmop_154_plus0x4_state_add_const_slot_multi_path	algebraic_mba	ready_for_symbolic_reduction	named_structural;needs_algebraic_simplification	obfuscated_table_dispatch:252	algebraic_state_or_slot_formula:252	slot_multi_path	state_add_const	+0x4	VVVV	VV	b0=var156(top=0xb3:7.0%);b1=var157(top=0x2d:5.8%);b2=var145(top=0x8f:5.7%);b3=var133(top=0x00:11.5%)	w0=var249(top=0x6ab9:5.7%);w1=var235(top=0x7b8f:5.7%)	000;002;010;012;013;014;015;020;021;022;023;025;026;028;030;031;032;034;035;036;039;041;042;043;...+14	38	252	3;18;28;37;43;49;64;66;70;79;83;90;91;92;105;114;122;125;157;168;172;180;183;185;...+22	46	4418	vm_instruction_trace.tsv:2209;vm_instruction_trace_filefill_hiddenfill_frontierfill_footprintfill.tsv:2209	252	0		flags0;state0;u16_0;u16_2	0xffff;0x7ed018f;0xbc52893;0x18426e67;0x56154baf;0x57dbe69e;0x60c316f3;0x6535d747;0x7ed018fb	pre_state;pre_flags;raw_vm_bytes:u16_0,u16_2	mask32:20;&:11;|:8;^:7;+:13;-:14	state0 - u16_2 ^ state0 - flags0 + 0x60c316f3 & 0x56154baf + 0xbc52893 & 0x57dbe69e | 0x7ed018fb + flags0 + 0x60c316f3 & 0x56154baf + 0xbc52893 & 0x57dbe69e | 0x7ed018fb ^ 0x18426e67 - u16_0 - state0 - u16_2 ^ state0 - flags0 + 0x60c316f3 & 0x56154baf + 0xbc52893 & 0x57dbe69e | 0x7ed018fb + flags0 + 0x60c316f3 & 0x56154baf + 0xbc52893 & 0x57dbe69e | 0x7ed018fb ^ 0x18426e67 - 0x6535d747	81=(mask32((mask32(u16_0 - (mask32((mask32((mask32(state0 - (mask32(u16_2 ^ state0)))) - (mask32(flags0 | 0x7ed018fb)))) + (mask32((mask32(flags0 | 0x7ed018fb)) ^ 0x18426e67)))))) - 0x6535d747)) & 0xffff | 31=(mask32((mask32(u16_0 - (mask32((mask32((mask32(state0 - (mask32(u16_2 ^ state0)))) - (mask32((mask32((mask32((mask32((mask32(flags0 + 0x60c316f3)) & 0x56154baf)) + 0xbc52893)) & 0x57dbe69e)) | 0x7ed018f...#e08d8bbcff59	simplify_to_c_expression_or_table
157	0x98a9a	vmop_157_plus0x4_state_add_const_slot_multi_path	algebraic_mba	ready_for_symbolic_reduction	named_structural;needs_algebraic_simplification	obfuscated_table_dispatch:1395	algebraic_state_or_slot_formula:1395	slot_multi_path	state_add_const	+0x4	VVVE	VV	b0=var125(top=0x03:4.1%);b1=var228(top=0xd8:4.3%);b2=var17(top=0x68:20.5%);b3=enum2(0x00:12160,0x01:2533)	w0=var1238(top=0x8b7b:1.7%);w1=var17(top=0x0068:20.5%)	000;001;002;003;004;005;006;007;008;009;010;011;012;013;014;015;016;017;018;019;020;021;022;023;...+37	61	1395	3;18;26;28;30;33;37;49;52;64;66;70;79;83;114;118;121;124;131;140;146;148;154;179;...+42	66	29386	vm_instruction_trace.tsv:14693;vm_instruction_trace_filefill_hiddenfill_frontierfill_footprintfill.tsv:14693	1395	0		flags0;state0;u16_0;u16_2	0x17d39c9f;0x1f5cd114;0x2832271c;0x2f4dfd84;0x3d2638af;0x3f0d8c6a;0x520e3305;0x68e1604d;0x7edaa354	pre_state;pre_flags;raw_vm_bytes:u16_0,u16_2	mask32:21;&:6;|:5;^:19;+:15;-:4	state0 ^ 0x2f4dfd84 + u16_2 | 0x1f5cd114 - flags0 + 0x3f0d8c6a + 0x2832271c ^ 0x520e3305 & 0x7edaa354 ^ 0x68e1604d ^ 0x3d2638af & state0 ^ 0x2f4dfd84 + u16_2 ^ u16_0 + state0 ^ 0x2f4dfd84 + u16_2 | 0x1f5cd114 - flags0 + 0x3f0d8c6a + 0x2832271c ^ 0x520e3305 & 0x7edaa354 ^ 0x68e1604d ^ 0x3d2638af & state0 ^ 0x2f4dfd84 + u16_2 ^ 0x17d39c9f	79=(mask32((mask32(u16_0 + (mask32((mask32((mask32((mask32(state0 ^ 0x2f4dfd84)) + u16_2)) | 0x1f5cd114)) - (mask32((mask32(flags0 ^ 0x3d2638af)) & (mask32((mask32(state0 ^ 0x2f4dfd84)) + u16_2)))))))) ^ 0x...#f97c7f052dc0 | 49=(mask32((mask32(u16_0 + (mask32((mask32((mask32((mask32(state0 ^ 0x2f4dfd84)) + u16_2)) | 0x1f5cd114)) - (mask32((mask32((mask32(flags0 + 0x3f0d8c6a)) ^ 0x3d2638af)) & (mask32((mask32(state0 ^ 0x2f4dfd84...#57e552ee959b	simplify_to_c_expression_or_table
158	0x99029	vmop_158_plus0x4_state_add_const_slot_multi_path	algebraic_mba	ready_for_symbolic_reduction	named_structural;needs_algebraic_simplification	obfuscated_table_dispatch:804	algebraic_state_or_slot_formula:804	slot_multi_path	state_add_const	+0x4	CCVV	CV	b0=0xe8;b1=0x01;b2=var224(top=0xf6:3.1%);b3=var226(top=0xd6:4.1%)	w0=0x01e8;w1=var783(top=0x0a12:2.7%)	000;001;002;003;004;005;006;007;008;009;010;011;012;013;014;015;016;017;018;019;020;021;022;023;...+37	61	804	18;28;40;64;66;69;78;95;114;119;175;181;185;189;195;199;215;216;258;261;264;278;297;307;...+6	30	18864	vm_instruction_trace.tsv:9432;vm_instruction_trace_filefill_hiddenfill_frontierfill_footprintfill.tsv:9432	804	0		flags0;state0;u16_2	0xffff;0xfb6049e;0x1f711c95;0x1fbfc3f3;0x3c39b020;0x3ffdb46c	pre_state;pre_flags;raw_vm_bytes:u16_2	mask32:16;&:2;|:5;^:25;+:4	state0 ^ 0x1fbfc3f3 ^ flags0 ^ 0x3c39b020 ^ 0x1f711c95 | 0xfb6049e ^ flags0 ^ 0x3c39b020 + u16_2 + state0 ^ 0x1fbfc3f3 ^ flags0 ^ 0x3c39b020 ^ 0x1f711c95 | 0xfb6049e ^ flags0 ^ 0x3c39b020 ^ 0x3ffdb46c	79=(mask32((mask32(u16_2 + (mask32((mask32((mask32((mask32(state0 ^ 0x1fbfc3f3)) ^ (mask32(flags0 ^ 0x1f711c95)))) | 0xfb6049e)) ^ flags0)))) ^ 0x3ffdb46c)) & 0xffff | 49=(mask32((mask32(u16_2 + (mask32((mask32((mask32((mask32(state0 ^ 0x1fbfc3f3)) ^ (mask32((mask32(flags0 ^ 0x3c39b020)) ^ 0x1f711c95)))) | 0xfb6049e)) ^ (mask32(flags0 ^ 0x3c39b020)))))) ^ 0x3ffdb46c)) & 0xffff	simplify_to_c_expression_or_table
160	0x994cf	vmop_160_plus0x2_state_const_post_slot_multi_path	algebraic_mba	ready_for_symbolic_reduction	named_structural;needs_algebraic_simplification	obfuscated_table_dispatch:576	algebraic_state_or_slot_formula:576	slot_multi_path	state_const_post	+0x2	VV	V	b0=var52(top=0x79:6.7%);b1=var12(top=0x2f:18.6%)	w0=var115(top=0x2e48:6.5%)	000;001;002;007;008;010;011;012;013;014;015;016;019;020;021;022;023;025;026;027;028;029;030;031;...+29	53	576	17;18;28;30;43;48;62;64;65;66;90;92;105;114;117;121;124;128;140;146;154;157;165;168;...+41	65	10414	vm_instruction_trace.tsv:5207;vm_instruction_trace_filefill_hiddenfill_frontierfill_footprintfill.tsv:5207	576	0		state0;u16_0	0xffff;0x256c03d7;0x4cf19f11;0x5a1beb81;0x67f1fed6;0x72df8f7a	pre_state;raw_vm_bytes:u16_0	mask32:6;&:7;|:7;^:2;-:2	state0 | 0x67f1fed6 & 0x256c03d7 | 0x72df8f7a & 0x5a1beb81 | u16_0 ^ state0 | 0x67f1fed6 & 0x256c03d7 | 0x72df8f7a & 0x5a1beb81 - 0x4cf19f11	128=(mask32((mask32(u16_0 ^ (mask32((mask32((mask32((mask32(state0 | 0x67f1fed6)) & 0x256c03d7)) | 0x72df8f7a)) & 0x5a1beb81)))) - 0x4cf19f11)) & 0xffff	simplify_to_c_expression_or_table
161	0x9975a	vmop_161_plus0x4_state_add_const_slot_multi_path	algebraic_mba	ready_for_symbolic_reduction	named_structural;needs_algebraic_simplification	obfuscated_table_dispatch:818	algebraic_state_or_slot_formula:818	slot_multi_path	state_add_const	+0x4	VVCC	VC	b0=var125(top=0x0e:5.8%);b1=var51(top=0x70:5.8%);b2=0xe8;b3=0x01	w0=var641(top=0x700a:2.7%);w1=0x01e8	000;001;002;003;004;005;006;007;009;010;011;012;013;014;015;016;017;018;019;020;021;022;023;024;...+35	59	818	18;28;40;64;66;78;95;114;119;175;181;185;189;195;199;215;216;241;258;261;264;278;297;307;...+6	30	18964	vm_instruction_trace.tsv:9482;vm_instruction_trace_filefill_hiddenfill_frontierfill_footprintfill.tsv:9482	818	0		state0;u16_0	0xffff;0x4c0132b4;0x69145e52	pre_state;raw_vm_bytes:u16_0	mask32:3;&:1;|:2;+:2	state0 | 0x69145e52	128=(mask32((mask32(u16_0 + (mask32(state0 | 0x69145e52)))) + 0x4c0132b4)) & 0xffff	simplify_to_c_expression_or_table
167	0x9a8d2	vmop_167_plus0x6_state_add_const_slot_mba_stateful	algebraic_mba	ready_for_symbolic_reduction	named_structural;needs_algebraic_simplification	obfuscated_table_dispatch:174	algebraic_state_or_slot_formula:174	slot_mba_stateful	state_add_const	+0x6	CCCCVV	CCV	b0=0xe8;b1=0x01;b2=0x3d;b3=0x01;b4=var87(top=0xf5:13.7%);b5=var97(top=0x2d:11.6%)	w0=0x01e8;w1=0x013d;w2=var152(top=0x33d0:10.2%)	000;001;002;003;004;005;007;010;011;012;013;014;015;016;019;020;021;022;023;024;025;026;028;029;...+24	48	174	283;295;351	3	5018	vm_instruction_trace.tsv:2509;vm_instruction_trace_filefill_hiddenfill_frontierfill_footprintfill.tsv:2509	174	0		state0;u16_4	0xffff;0x5f92615	pre_state;raw_vm_bytes:u16_4	mask32:2;&:1;^:4;-:1	state0 - u16_4 ^ state0 ^ 0x5f92615	128=(mask32((mask32(u16_4 ^ state0)) ^ 0x5f92615)) & 0xffff	simplify_to_c_expression_or_table
168	0x9aa83	vmop_168_plus0x4_state_add_const_slot_multi_path	algebraic_mba	ready_for_symbolic_reduction	named_structural;needs_algebraic_simplification	obfuscated_table_dispatch:1365	algebraic_state_or_slot_formula:1365	slot_multi_path	state_add_const	+0x4	VVVV	VV	b0=var244(top=0xe3:6.9%);b1=var219(top=0x56:6.0%);b2=var192(top=0xde:4.8%);b3=var14(top=0xd9:19.8%)	w0=var1171(top=0x564c:2.4%);w1=var620(top=0xd9ae:2.5%)	000;001;002;003;004;005;006;007;008;009;010;011;012;013;014;015;016;017;018;019;020;021;022;023;...+35	59	1365	3;18;26;28;30;31;33;37;49;52;64;66;70;79;83;94;99;114;121;124;125;128;140;146;...+42	66	28736	vm_instruction_trace.tsv:14368;vm_instruction_trace_filefill_hiddenfill_frontierfill_footprintfill.tsv:14368	1365	0		flags0;state0;u16_0;u16_2	0xffff;0x2eab70d9;0x46cbe42d;0x4ee70776;0x553030a2;0x66031b5e;0x6899d5d4;0x69af076d;0x7c2abc25	pre_state;pre_flags;raw_vm_bytes:u16_0,u16_2	mask32:12;&:14;|:7;^:2;+:10;-:3	state0 | 0x6899d5d4 & u16_0 + flags0 & 0x66031b5e - 0x2eab70d9 ^ 0x7c2abc25 & 0x46cbe42d & 0x69af076d | 0x4ee70776 & u16_2 + state0 | 0x6899d5d4 & u16_0 + flags0 & 0x66031b5e - 0x2eab70d9 ^ 0x7c2abc25 & 0x46cbe42d & 0x69af076d | 0x4ee70776 + 0x553030a2	74=(mask32((mask32(u16_2 + (mask32((mask32(state0 | 0x6899d5d4)) & (mask32(u16_0 + flags0)))))) + 0x553030a2)) & 0xffff | 54=(mask32((mask32(u16_2 + (mask32((mask32(state0 | 0x6899d5d4)) & (mask32(u16_0 + (mask32((mask32(flags0 & 0x66031b5e)) - 0x2eab70d9)))))))) + 0x553030a2)) & 0xffff	simplify_to_c_expression_or_table
172	0x9b68a	vmop_172_plus0x4_state_add_const_slot_mba_stateful	algebraic_mba	ready_for_symbolic_reduction	named_structural;needs_algebraic_simplification	obfuscated_table_dispatch:1093	algebraic_state_or_slot_formula:1093	slot_mba_stateful	state_add_const	+0x4	VVVV	VV	b0=var252(top=0xb3:4.2%);b1=var232(top=0xae:3.5%);b2=var30(top=0x23:12.0%);b3=var11(top=0x03:16.3%)	w0=var1039(top=0xa03e:2.0%);w1=var67(top=0x0ad3:6.8%)	000;001;002;003;004;005;006;007;008;009;010;011;012;013;014;015;016;017;018;019;020;021;022;023;...+35	59	1093	3;18;26;28;30;33;37;49;64;66;70;74;79;83;88;114;121;124;125;128;130;131;140;146;...+43	67	25062	vm_instruction_trace.tsv:12531;vm_instruction_trace_filefill_hiddenfill_frontierfill_footprintfill.tsv:12531	1093	4	host_environment_inventory;network;process_or_shell;threading_sync	flags0;state0;u16_0;u16_2	0xffff;0x15bf847f;0x3eba9edf;0x6ecee241;0x7070916c;0x715f0a33	pre_state;pre_flags;raw_vm_bytes:u16_0,u16_2	mask32:1;&:2;|:2;^:7;+:1;-:2	state0 ^ 0x7070916c - 0x6ecee241 + u16_0 ^ state0 ^ 0x7070916c - 0x6ecee241 ^ flags0 ^ 0x15bf847f & state0 | 0x3eba9edf | u16_2 ^ 0x715f0a33	128=(mask32(u16_2 ^ 0x715f0a33)) & 0xffff	simplify_to_c_expression_or_table
173	0x9ba74	vmop_173_plus0x2_state_add_const_slot_multi_path	algebraic_mba	ready_for_symbolic_reduction	named_structural;needs_algebraic_simplification	obfuscated_table_dispatch:535	algebraic_state_or_slot_formula:535	slot_multi_path	state_add_const	+0x2	VV	V	b0=var117(top=0xaf:7.6%);b1=var32(top=0x0b:13.4%)	w0=var471(top=0x82af:5.0%)	000;001;002;003;007;009;010;011;012;013;014;015;016;018;019;020;021;022;023;024;025;026;028;029;...+27	51	535	17;18;28;30;43;48;62;64;65;66;90;92;114;117;121;124;128;140;146;154;157;165;168;171;...+40	64	10202	vm_instruction_trace.tsv:5101;vm_instruction_trace_filefill_hiddenfill_frontierfill_footprintfill.tsv:5101	535	0		flags0;state0;u16_0	0xebbbd20;0x1f118051;0x1f8bac4c;0x456d7018;0x5eced92d;0x74128b65	pre_state;pre_flags;raw_vm_bytes:u16_0	mask32:10;&:7;|:6;^:5;+:7;-:3	state0 + 0x5eced92d ^ 0x456d7018 | 0xebbbd20 & flags0 - state0 + 0x5eced92d | 0x1f8bac4c & 0x74128b65 & u16_0 ^ state0 + 0x5eced92d ^ 0x456d7018 | 0xebbbd20 & flags0 - state0 + 0x5eced92d | 0x1f8bac4c & 0x74128b65 + 0x1f118051	128=(mask32((mask32(u16_0 ^ (mask32((mask32((mask32((mask32(state0 + 0x5eced92d)) ^ 0x456d7018)) | 0xebbbd20)) & (mask32((mask32(flags0 - (mask32((mask32(state0 + 0x5eced92d)) | 0x1f8bac4c)))) & 0x74128b65))...#17c0d851344f	simplify_to_c_expression_or_table
174	0x9bd8f	vmop_174_plus0x4_state_add_const_slot_mba_stateful	algebraic_mba	ready_for_symbolic_reduction	named_structural;needs_algebraic_simplification	obfuscated_table_dispatch:889	algebraic_state_or_slot_formula:889	slot_mba_stateful	state_add_const	+0x4	VVCC	VC	b0=var191(top=0x03:3.1%);b1=var238(top=0x64:3.1%);b2=0xe8;b3=0x01	w0=var867(top=0x6c03:2.2%);w1=0x01e8	000;001;002;003;004;005;006;007;008;009;010;011;012;013;014;015;016;017;018;019;020;021;022;023;...+37	61	889	18;28;40;50;64;66;95;114;119;175;181;185;189;195;199;215;216;258;261;264;278;297;299;307;...+6	30	23484	vm_instruction_trace.tsv:11742;vm_instruction_trace_filefill_hiddenfill_frontierfill_footprintfill.tsv:11742	889	0		flags0;state0;u16_0	0xffff;0x397fd954;0x5fa9d2b1	pre_state;pre_flags;raw_vm_bytes:u16_0	mask32:7;&:4;|:1;^:6;+:7;-:3	state0 - flags0 & flags0 ^ flags0 + flags0 ^ 0x5fa9d2b1 | u16_0 + state0 - flags0 & flags0 ^ flags0 + flags0 ^ 0x5fa9d2b1 + 0x397fd954	128=(mask32((mask32(u16_0 + (mask32((mask32((mask32((mask32((mask32(state0 - flags0)) & flags0)) ^ flags0)) + flags0)) ^ 0x5fa9d2b1)))) + 0x397fd954)) & 0xffff	simplify_to_c_expression_or_table
175	0x9c08f	vmop_175_plus0x2cef7_central_or_long_slot_unknown	dispatch_unknown	needs_dispatch_resolution_or_trace	named_structural	long_or_backedge_control:1	dispatch_slot_unknown;static_model_or_runtime_validation_incomplete:1	slot_unknown	central_or_long	+0x2cef7	sampled				041	1	1	310	1	6	vm_instruction_trace_filefill_hiddenfill_frontierfill_footprintfill.tsv:5;vm_instruction_trace.tsv:1	5	0		flags0;state0	0x14b22a15;0x2c46ace3	pre_state;pre_flags	&:2;|:1;-:2	state0 & flags0 & 0x2c46ace3 | flags0 - 0x14b22a15	dispatch slot expression not recovered; use per-row target evidence when available	collect_missing_dispatch_targets
176	0x9c10b	vmop_176_plus0x4_state_add_const_slot_multi_path	algebraic_mba	ready_for_symbolic_reduction	named_structural;needs_algebraic_simplification	obfuscated_table_dispatch:878	algebraic_state_or_slot_formula:878	slot_multi_path	state_add_const	+0x4	CCVV	CV	b0=0xe8;b1=0x01;b2=var235(top=0x82:3.5%);b3=var236(top=0x27:2.7%)	w0=0x01e8;w1=var847(top=0x2e82:2.5%)	000;001;002;003;004;005;006;007;008;009;010;011;012;013;014;015;016;017;018;019;020;021;022;023;...+37	61	878	18;28;40;64;66;69;78;80;95;114;119;175;181;185;189;195;199;215;216;258;261;264;278;297;...+8	32	20276	vm_instruction_trace.tsv:10138;vm_instruction_trace_filefill_hiddenfill_frontierfill_footprintfill.tsv:10138	878	0		flags0;state0;u16_2	0xffff;0x14b22a15;0x2c46ace3;0x37839d72	pre_state;pre_flags;raw_vm_bytes:u16_2	mask32:11;&:8;|:4;^:2;-:4	state0 & flags0 & 0x2c46ace3 | flags0 - 0x14b22a15	78=(mask32((mask32(u16_2 - (mask32((mask32((mask32(state0 & flags0)) & 0x2c46ace3)) | flags0)))) ^ 0x37839d72)) & 0xffff | 50=(mask32((mask32(u16_2 - (mask32((mask32((mask32(state0 & flags0)) & 0x2c46ace3)) | (mask32(flags0 - 0x14b22a15)))))) ^ 0x37839d72)) & 0xffff	simplify_to_c_expression_or_table
179	0x9ca8d	vmop_179_plus0x5_state_add_const_slot_multi_path	algebraic_mba	ready_for_symbolic_reduction	named_structural;needs_algebraic_simplification	obfuscated_table_dispatch:107	algebraic_state_or_slot_formula:107	slot_multi_path	state_add_const	+0x5	EVVVV	VV	b0=enum4(0x3a:406,0x50:128,0x32:125,0x62:78);b1=var79(top=0x9e:21.0%);b2=var79(top=0x35:21.6%);b3=var62(top=0x64:17.6%);b4=var72(top=0xfe:17.0%)	w0=var92(top=0x2632:17.0%);w1=var106(top=0x6410:17.0%)	010;011;013;015;016;017;018;019;021;026;030;032;033;034;041;042;045;046;047;048;050;052;053;054;...+8	32	107	3;18;28;43;49;64;66;79;83;99;114;118;131;157;168;172;189;196;199;201;203;215;217;220;...+9	33	1474	vm_instruction_trace.tsv:737;vm_instruction_trace_filefill_hiddenfill_frontierfill_footprintfill.tsv:737	107	0		flags0;state0;u16_1;u16_3	0xffff;0x263c3887;0x7ef33dc5	pre_state;pre_flags;raw_vm_bytes:u16_1,u16_3	mask32:6;&:1;|:3;^:7;+:3;-:4	state0 | flags0 ^ u16_3 ^ flags0 + 0x7ef33dc5 ^ u16_1 - state0 | flags0 ^ u16_3 ^ flags0 + 0x7ef33dc5 - 0x263c3887	128=(mask32((mask32(u16_1 - (mask32((mask32(state0 | flags0)) ^ (mask32(u16_3 ^ (mask32(flags0 + 0x7ef33dc5)))))))) - 0x263c3887)) & 0xffff	simplify_to_c_expression_or_table
180	0x9cf32	vmop_180_plus0x4_state_mixed_slot_mba_stateful	algebraic_mba	ready_for_symbolic_reduction	named_structural;needs_algebraic_simplification	obfuscated_table_dispatch:382	algebraic_state_or_slot_formula;state_formula_not_named:382	slot_mba_stateful	state_mixed	+0x4	VVCC	VC	b0=var20(top=0x3b:19.2%);b1=var11(top=0x0b:23.6%);b2=0xe8;b3=0x01	w0=var31(top=0x0b3b:19.2%);w1=0x01e8	002;006;007;009;010;011;012;013;015;016;017;018;019;020;021;023;025;026;027;028;032;034;035;036;...+20	44	382	3;18;28;43;49;64;66;79;83;114;157;168;172;185;189;196;199;203;215;220;239;258;268;269;...+7	31	3696	vm_instruction_trace.tsv:1848;vm_instruction_trace_filefill_hiddenfill_frontierfill_footprintfill.tsv:1848	382	0		state0;u16_0	0xffff;0x7920fa05	pre_state;raw_vm_bytes:u16_0	mask32:1;&:1;|:1;+:2	state0 | u16_0 + 0x7920fa05	128=(mask32(u16_0 + 0x7920fa05)) & 0xffff	simplify_to_c_expression_or_table
181	0x9d13f	vmop_181_plus0x6_state_add_const_slot_mba_stateful	algebraic_mba	ready_for_symbolic_reduction	named_structural;needs_algebraic_simplification	obfuscated_table_dispatch:84	algebraic_state_or_slot_formula:84	slot_mba_stateful	state_add_const	+0x6	CCCCVV	CCV	b0=0x3d;b1=0x01;b2=0xe8;b3=0x01;b4=var72(top=0xe0:18.2%);b5=var69(top=0x0b:24.8%)	w0=0x013d;w1=0x01e8;w2=var83(top=0x0be0:18.2%)	002;003;004;005;006;007;010;011;012;015;018;021;022;024;025;026;028;029;032;035;036;041;042;043;...+16	40	84	18;28;64;66;114;185;189;199;215;258;297;307;337;340;347	15	2814	vm_instruction_trace.tsv:1407;vm_instruction_trace_filefill_hiddenfill_frontierfill_footprintfill.tsv:1407	84	0		state0;u16_4	0xffff	pre_state;raw_vm_bytes:u16_4	mask32:1;&:1;-:3	state0 - u16_4 - state0	128=(mask32(u16_4 - state0)) & 0xffff	simplify_to_c_expression_or_table
183	0x9d495	vmop_183_plus0x4_state_add_const_slot_mba_stateful	algebraic_mba	ready_for_symbolic_reduction	named_structural;needs_algebraic_simplification	obfuscated_table_dispatch:379	algebraic_state_or_slot_formula:379	slot_mba_stateful	state_add_const	+0x4	CCVV	CV	b0=0xe8;b1=0x01;b2=var142(top=0xc6:8.5%);b3=var152(top=0x84:7.4%)	w0=0x01e8;w1=var347(top=0x843e:5.5%)	000;007;008;009;010;012;013;014;015;018;019;020;021;022;023;025;026;028;032;034;035;039;041;042;...+17	41	379	3;18;28;43;49;64;66;79;83;114;130;157;168;172;185;189;196;199;203;215;220;258;268;269;...+8	32	4652	vm_instruction_trace.tsv:2326;vm_instruction_trace_filefill_hiddenfill_frontierfill_footprintfill.tsv:2326	379	0		state0;u16_2	0xffff;0xfaa325c;0x1aed554c;0x694e1f66	pre_state;raw_vm_bytes:u16_2	mask32:4;&:1;|:1;^:3;+:3;-:4	state0 + 0xfaa325c ^ 0x694e1f66 | u16_2 - state0 + 0xfaa325c ^ 0x694e1f66 - 0x1aed554c	128=(mask32((mask32(u16_2 - (mask32((mask32(state0 + 0xfaa325c)) ^ 0x694e1f66)))) - 0x1aed554c)) & 0xffff	simplify_to_c_expression_or_table
184	0x9d694	vmop_184_plus0x4_state_add_const_slot_multi_path	algebraic_mba	ready_for_symbolic_reduction	named_structural;needs_algebraic_simplification	obfuscated_table_dispatch:856	algebraic_state_or_slot_formula:856	slot_multi_path	state_add_const	+0x4	VVCC	VC	b0=var96(top=0x5a:4.8%);b1=var242(top=0xf4:3.0%);b2=0xe8;b3=0x01	w0=var833(top=0x632a:2.1%);w1=0x01e8	000;001;002;003;004;005;006;007;008;009;010;011;012;013;014;015;016;017;018;019;020;021;022;023;...+37	61	856	18;28;40;64;66;85;95;102;114;119;181;185;189;195;199;215;216;258;261;264;278;297;307;311;...+5	29	24188	vm_instruction_trace.tsv:12094;vm_instruction_trace_filefill_hiddenfill_frontierfill_footprintfill.tsv:12094	856	0		flags0;state0;u16_0	0xffff;0x19d0d4d;0x3c030b15;0x3f05b2f0;0x7db9efb0	pre_state;pre_flags;raw_vm_bytes:u16_0	mask32:10;&:1;|:6;^:9;+:9;-:5	state0 | flags0 | 0x19d0d4d + 0x3c030b15 ^ flags0 + 0x7db9efb0 ^ flags0 - flags0 ^ flags0 + u16_0 - state0 | flags0 | 0x19d0d4d + 0x3c030b15 ^ flags0 + 0x7db9efb0 ^ flags0 - flags0 ^ flags0 + 0x3f05b2f0	128=(mask32((mask32(u16_0 - (mask32((mask32((mask32((mask32((mask32((mask32(state0 | (mask32(flags0 | 0x19d0d4d)))) + 0x3c030b15)) ^ (mask32(flags0 + 0x7db9efb0)))) ^ flags0)) - flags0)) ^ flags0)))) + 0x3f05b2f0)) & 0xffff	simplify_to_c_expression_or_table
185	0x9d964	vmop_185_plus0x3_state_add_const_slot_multi_path	algebraic_mba	ready_for_symbolic_reduction	named_structural;needs_algebraic_simplification	obfuscated_table_dispatch:1885	algebraic_state_or_slot_formula:1885	slot_multi_path	state_add_const	+0x3	VVE	V	b0=var189(top=0xe3:2.6%);b1=var153(top=0x89:2.3%);b2=enum3(0x3a:20775,0x62:559,0x50:286)	w0=var1732(top=0x288b:1.2%)	000;001;002;003;004;005;006;007;008;009;010;011;012;013;014;015;016;017;018;019;020;021;022;023;...+39	63	1885	0;3;17;20;26;30;33;37;43;48;49;52;64;70;74;79;83;90;105;114;121;122;123;124;...+59	83	43240	vm_instruction_trace.tsv:21620;vm_instruction_trace_filefill_hiddenfill_frontierfill_footprintfill.tsv:21620	1885	0		flags0;state0;u16_0	0x30;0x1f29f35;0x7fa981a;0x17e55682;0x2000c224;0x28030c24;0x30d03eec;0x5ea8d1c5	pre_state;pre_flags;raw_vm_bytes:u16_0	mask32:11;&:3;|:9;^:13;+:6	state0 ^ flags0 | 0x17e55682 ^ 0x2000c224 & 0x1f29f35 + flags0 | 0x17e55682 + 0x28030c24 ^ 0x30d03eec | 0x7fa981a ^ 0x5ea8d1c5 | u16_0 ^ state0 ^ flags0 | 0x17e55682 ^ 0x2000c224 & 0x1f29f35 + flags0 | 0x17e55682 + 0x28030c24 ^ 0x30d03eec | 0x7fa981a ^ 0x5ea8d1c5	128=(mask32(u16_0 ^ (mask32((mask32((mask32((mask32(state0 ^ (mask32(flags0 | 0x17e55682)))) ^ 0x2000c224)) & 0x1f29f35)) + (mask32((mask32((mask32((mask32((mask32(flags0 | 0x17e55682)) + 0x28030c24)) ^ 0x30...#9720c2374b63	simplify_to_c_expression_or_table
186	0x9dcae	vmop_186_plus0x5_state_add_const_slot_mba_stateful	algebraic_mba	ready_for_symbolic_reduction	named_structural;needs_algebraic_simplification	obfuscated_table_dispatch:13	algebraic_state_or_slot_formula:13	slot_mba_stateful	state_add_const	+0x5	VCCVV	VV	b0=var13(top=0x55:20.0%);b1=0x3d;b2=0x01;b3=var13(top=0xb8:20.0%);b4=var11(top=0x73:22.0%)	w0=var13(top=0x3d55:20.0%);w1=var13(top=0xb801:20.0%)	042;048;052;055;056;059;063	7	13	108;144;160;173;198;256;257	7	100	vm_instruction_trace.tsv:50;vm_instruction_trace_filefill_hiddenfill_frontierfill_footprintfill.tsv:50	13	0		state0;u16_3	0xffff;0x72198f10	pre_state;raw_vm_bytes:u16_3	mask32:2;&:2;+:4	state0 & u16_3 + state0 + 0x72198f10	29=(mask32((mask32(u16_3 + state0)) + 0x72198f10)) & 0xffff	simplify_to_c_expression_or_table
187	0x9e07d	vmop_187_plus0x5_state_add_const_slot_mba_stateful	algebraic_mba	ready_for_symbolic_reduction	named_structural;needs_algebraic_simplification	obfuscated_table_dispatch:1	algebraic_state_or_slot_formula:1	slot_mba_stateful	state_add_const	+0x5	CCCCC	CC	b0=0x3d;b1=0x3d;b2=0x01;b3=0x89;b4=0x76	w0=0x3d3d;w1=0x8901	055	1	1	173	1	10	vm_instruction_trace.tsv:5;vm_instruction_trace_filefill_hiddenfill_frontierfill_footprintfill.tsv:5	1	0		state0;u16_3	0xffff	pre_state;raw_vm_bytes:u16_3	mask32:1;&:1;+:1;-:2	state0 + u16_3 - state0	5=(mask32(u16_3 - state0)) & 0xffff	simplify_to_c_expression_or_table
188	0x9e336	vmop_188_plus0x5_state_formula_slot_unknown	dispatch_unknown	needs_dispatch_resolution_or_trace	named_structural;needs_algebraic_simplification	unresolved_dispatch:1	algebraic_state_or_slot_formula;dispatch_slot_unknown;static_model_or_runtime_validation_incomplete;state_formula_not_named:1	slot_unknown	state_formula	+0x5	CCCCC	CC	b0=0xff;b1=0xfe;b2=0x3d;b3=0x01;b4=0x00	w0=0xfeff;w1=0x013d	026	1	1	173	1	2	vm_instruction_trace.tsv:1;vm_instruction_trace_filefill_hiddenfill_frontierfill_footprintfill.tsv:1	1	0		flags0;state0;u16_0	0x2bd68549;0x4a4532ca;0x62c32dd8	pre_state;pre_flags;raw_vm_bytes:u16_0	^:1;+:7;-:4	state0 + 0x2bd68549 + flags0 - 0x4a4532ca + flags0 - u16_0 ^ state0 + 0x2bd68549 + flags0 - 0x4a4532ca + flags0 + 0x62c32dd8	dispatch slot expression not recovered; use per-row target evidence when available	collect_missing_dispatch_targets
189	0x9e7af	vmop_189_plus0x4_state_add_const_slot_mba_stateful	algebraic_mba	ready_for_symbolic_reduction	named_structural;needs_algebraic_simplification	obfuscated_table_dispatch:2281	algebraic_state_or_slot_formula:2281	slot_mba_stateful	state_add_const	+0x4	VVVV	VV	b0=var256(top=0xec:1.7%);b1=var256(top=0x00:4.4%);b2=var64(top=0xbc:6.1%);b3=var64(top=0xe7:4.7%)	w0=var2134(top=0xf73e:1.4%);w1=var1336(top=0xd6ec:1.7%)	000;001;002;003;004;005;006;007;008;009;010;011;012;013;014;015;016;017;018;019;020;021;022;023;...+40	64	2281	3;18;20;26;28;30;33;37;43;49;66;70;74;79;83;121;122;123;124;125;128;140;146;148;...+48	72	50228	vm_instruction_trace.tsv:25114;vm_instruction_trace_filefill_hiddenfill_frontierfill_footprintfill.tsv:25114	2281	1	cxx_runtime	state0;u16_2	0xffff;0x160e4f34;0x2a1ce984	pre_state;raw_vm_bytes:u16_2	mask32:3;&:4;^:2;+:3	state0 & 0x160e4f34 + u16_2 + state0 & 0x160e4f34 ^ 0x2a1ce984	128=(mask32((mask32(u16_2 + (mask32(state0 & 0x160e4f34)))) ^ 0x2a1ce984)) & 0xffff	simplify_to_c_expression_or_table
190	0x9eacb	vmop_190_plus0x5_state_add_const_slot_mba_stateful	algebraic_mba	ready_for_symbolic_reduction	named_structural;needs_algebraic_simplification	obfuscated_table_dispatch:10	algebraic_state_or_slot_formula:10	slot_mba_stateful	state_add_const	+0x5	CCVVV	CV	b0=0x3d;b1=0x01;b2=var10(top=0x00:55.8%);b3=var9(top=0xf7:57.1%);b4=var10(top=0x01:55.8%)	w0=0x013d;w1=var10(top=0xf700:55.8%)	030;041;050;052;055;056;061;063	8	10	144;257;352	3	448	vm_instruction_trace.tsv:224;vm_instruction_trace_filefill_hiddenfill_frontierfill_footprintfill.tsv:224	10	0		state0;u16_3	0xffff;0x20f4b909	pre_state;raw_vm_bytes:u16_3	mask32:2;&:2;+:4	state0 & u16_3 + state0 + 0x20f4b909	81=(mask32((mask32(u16_3 + state0)) + 0x20f4b909)) & 0xffff	simplify_to_c_expression_or_table
192	0x9f00a	vmop_192_plus0x5_state_add_const_slot_multi_path	algebraic_mba	ready_for_symbolic_reduction	named_structural;needs_algebraic_simplification	obfuscated_table_dispatch:231	algebraic_state_or_slot_formula:231	slot_multi_path	state_add_const	+0x5	VVCCV	VC	b0=var148(top=0x4e:11.2%);b1=var139(top=0xd7:10.9%);b2=0x3d;b3=0x01;b4=var23(top=0x00:90.0%)	w0=var231(top=0xd70a:10.9%);w1=0x013d	000;007;009;010;012;013;018;020;021;022;023;025;026;028;029;030;032;034;035;040;041;042;045;046;...+13	37	231	108;144;160;173;198;256;257;352	8	4678	vm_instruction_trace.tsv:2339;vm_instruction_trace_filefill_hiddenfill_frontierfill_footprintfill.tsv:2339	231	0		flags0;state0;u16_0	0xffff;0x1ea5bfdc;0x4f4379b7;0x563159ce;0x5d641cd7;0x76a1e6e7	pre_state;pre_flags;raw_vm_bytes:u16_0	mask32:21;&:6;|:10;^:15;+:25;-:1	state0 + flags0 + flags0 + state0 + flags0 ^ 0x5d641cd7 | 0x76a1e6e7 ^ 0x1ea5bfdc & 0x4f4379b7 | 0x563159ce + flags0 + state0 + flags0 ^ 0x5d641cd7 | 0x76a1e6e7 ^ 0x1ea5bfdc & 0x4f4379b7 | 0x563159ce - u16_0 ^ state0 + flags0 + flags0 + state0 + flags0 ^ 0x5d641cd7 | 0x76a1e6e7 ^ 0x1ea5bfdc & 0x4f4379b7 | 0x563159ce + flags0 + state0 + flags0 ^ 0x5d641cd7 | 0x76a1e6e7 ^ 0x1ea5bfdc & 0x4f4379b7 | 0x563159ce	118=(mask32(u16_0 ^ (mask32((mask32((mask32(state0 + flags0)) + (mask32((mask32((mask32((mask32((mask32(flags0 + (mask32((mask32(state0 + flags0)) ^ 0x5d641cd7)))) | 0x76a1e6e7)) ^ 0x1ea5bfdc)) & 0x4f4379b7)...#12700f1563aa | 10=(mask32(u16_0 ^ (mask32((mask32((mask32(state0 + flags0)) + (mask32(flags0 + (mask32((mask32(state0 + flags0)) ^ 0x5d641cd7)))))) + (mask32(flags0 + (mask32((mask32(state0 + flags0)) ^ 0x5d641cd7)))))))) & 0xffff	simplify_to_c_expression_or_table
195	0x9fb50	vmop_195_minus0x2306_sampled_backedge_slot_unknown	dispatch_unknown	needs_dispatch_resolution_or_trace	named_structural	long_or_backedge_control:3	dispatch_slot_unknown;static_model_or_runtime_validation_incomplete:3	slot_unknown	sampled_backedge	-0x2306	sampled				034;060;062	3	3	86;310	2	16	vm_instruction_trace_filefill_hiddenfill_frontierfill_footprintfill.tsv:13;vm_instruction_trace.tsv:3	13	0		flags0;state0	0x20047816;0x2e12e35a;0x32c4b127;0x37b5a024;0x4083ed99;0x44fb7fdb;0x52e5924a;0x5ff2f608;0x789b1461;0x7c737923;0x7ca762c5	pre_state;pre_flags	&:5;|:5;^:3;+:7;-:3	state0 | 0x52e5924a + flags0 | 0x4083ed99 & state0 | 0x52e5924a ^ 0x20047816 & 0x7ca762c5 - 0x5ff2f608 + 0x789b1461 + 0x37b5a024 + 0x2e12e35a ^ 0x44fb7fdb + flags0 | 0x4083ed99 & state0 | 0x52e5924a ^ 0x20047816 & 0x7ca762c5 - 0x5ff2f608 + 0x789b1461 + 0x32c4b127 & 0x7c737923	dispatch slot expression not recovered; use per-row target evidence when available	collect_missing_dispatch_targets
196	0x9fbcd	vmop_196_plus0x4_state_add_const_slot_multi_path	algebraic_mba	ready_for_symbolic_reduction	named_structural;needs_algebraic_simplification	obfuscated_table_dispatch:1138	algebraic_state_or_slot_formula:1138	slot_multi_path	state_add_const	+0x4	VVVV	VV	b0=var249(top=0xef:3.2%);b1=var250(top=0x6e:7.0%);b2=var62(top=0x0c:6.1%);b3=var110(top=0xf6:6.1%)	w0=var1095(top=0x6efd:2.4%);w1=var745(top=0xf40c:3.6%)	000;001;002;003;004;005;006;007;008;009;010;011;012;013;014;015;016;017;018;019;020;021;022;023;...+37	61	1138	3;18;26;28;30;33;37;49;64;66;70;79;83;87;88;94;99;114;121;122;124;128;140;146;...+41	65	28742	vm_instruction_trace.tsv:14371;vm_instruction_trace_filefill_hiddenfill_frontierfill_footprintfill.tsv:14371	1138	0		flags0;state0;u16_2	0x20047816;0x2e12e35a;0x32c4b127;0x37b5a024;0x4083ed99;0x44fb7fdb;0x52e5924a;0x5ff2f608;0x789b1461;0x7c737923;0x7ca762c5	pre_state;pre_flags;raw_vm_bytes:u16_2	mask32:14;&:6;|:8;^:4;+:9;-:2	state0 | 0x52e5924a + flags0 | 0x4083ed99 & state0 | 0x52e5924a ^ 0x20047816 & 0x7ca762c5 - 0x5ff2f608 + 0x789b1461 + 0x37b5a024 + 0x2e12e35a ^ 0x44fb7fdb + flags0 | 0x4083ed99 & state0 | 0x52e5924a ^ 0x20047816 & 0x7ca762c5 - 0x5ff2f608 + 0x789b1461 + 0x32c4b127 & 0x7c737923	128=(mask32((mask32(u16_2 + (mask32((mask32((mask32((mask32((mask32((mask32((mask32(state0 | 0x52e5924a)) + (mask32((mask32((mask32(flags0 | 0x4083ed99)) & (mask32((mask32(state0 | 0x52e5924a)) ^ 0x20047816)...#bb377d5c9375	simplify_to_c_expression_or_table
198	0xa037e	vmop_198_plus0x2_state_add_const_slot_mba_stateful	algebraic_mba	ready_for_symbolic_reduction	named_structural;needs_algebraic_simplification	obfuscated_table_dispatch:517	algebraic_state_or_slot_formula:517	slot_mba_stateful	state_add_const	+0x2	VV	V	b0=var217(top=0xe3:5.4%);b1=var220(top=0x54:5.3%)	w0=var513(top=0xefe3:5.2%)	000;002;003;004;006;007;008;009;010;011;012;013;014;015;016;017;019;020;021;023;024;025;026;027;...+28	52	517	17;18;28;30;43;48;62;64;65;66;90;92;105;114;117;121;124;128;140;146;154;157;165;168;...+39	63	9910	vm_instruction_trace.tsv:4955;vm_instruction_trace_filefill_hiddenfill_frontierfill_footprintfill.tsv:4955	517	0		flags0;state0;u16_0	0xffff;0x15b2dfa5;0x3cd02127;0x3fe99379;0x5e173fc7	pre_state;pre_flags;raw_vm_bytes:u16_0	mask32:7;&:1;^:2;+:9;-:9	state0 + flags0 - 0x5e173fc7 - 0x3cd02127 + flags0 + 0x15b2dfa5 - u16_0 - state0 + flags0 - 0x5e173fc7 - 0x3cd02127 + flags0 + 0x15b2dfa5 ^ 0x3fe99379	128=(mask32((mask32(u16_0 - (mask32((mask32((mask32(state0 + (mask32(flags0 - 0x5e173fc7)))) - 0x3cd02127)) + (mask32(flags0 + 0x15b2dfa5)))))) ^ 0x3fe99379)) & 0xffff	simplify_to_c_expression_or_table
199	0xa0631	vmop_199_plus0x3_state_add_const_slot_multi_path	algebraic_mba	ready_for_symbolic_reduction	named_structural;needs_algebraic_simplification	obfuscated_table_dispatch:1802	algebraic_state_or_slot_formula:1802	slot_multi_path	state_add_const	+0x3	VVV	V	b0=var128(top=0xc7:3.5%);b1=var256(top=0x88:2.4%);b2=var179(top=0x3a:9.8%)	w0=var1708(top=0xc186:1.3%)	000;001;002;003;004;005;006;007;008;009;010;011;012;013;014;015;016;017;018;019;020;021;022;023;...+40	64	1802	3;17;20;26;30;33;37;43;48;49;52;64;70;79;83;90;92;105;112;114;121;122;123;124;...+63	87	39282	vm_instruction_trace.tsv:19641;vm_instruction_trace_filefill_hiddenfill_frontierfill_footprintfill.tsv:19641	1802	3	crypto_hashing;cxx_runtime;embedded_data_or_token	b2;flags0;state0;u16_0	0xffff;0x20d5418;0x24d1328a;0x3030bb89;0x7353b039;0x7e708197	pre_state;pre_flags;raw_vm_bytes:b2,u16_0	mask32:18;&:4;|:1;^:9;+:10;-:3	state0 + b2 + flags0 ^ 0x7353b039 - 0x24d1328a ^ 0x7e708197 & 0x20d5418 + flags0 ^ 0x7353b039 - 0x24d1328a	106=(mask32((mask32(u16_0 ^ (mask32((mask32((mask32((mask32(state0 + (mask32(b2 + flags0)))) ^ 0x7e708197)) & 0x20d5418)) + flags0)))) + 0x3030bb89)) & 0xffff | 22=(mask32((mask32(u16_0 ^ (mask32((mask32((mask32((mask32(state0 + (mask32(b2 + (mask32((mask32(flags0 ^ 0x7353b039)) - 0x24d1328a)))))) ^ 0x7e708197)) & 0x20d5418)) + (mask32((mask32(flags0 ^ 0x7353b039))...#ac9d0d548603	simplify_to_c_expression_or_table
201	0xa0dca	vmop_201_plus0x5_state_add_const_slot_mba_stateful	algebraic_mba	ready_for_symbolic_reduction	named_structural;needs_algebraic_simplification	obfuscated_table_dispatch:11	algebraic_state_or_slot_formula:11	slot_mba_stateful	state_add_const	+0x5	CCEEV	CE	b0=0x3d;b1=0x01;b2=enum5(0xa1:257,0x39:76,0xb9:4,0x69:2,0x41:2);b3=enum4(0xc5:261,0xc8:74,0xc4:4,0xc6:2);b4=var11(top=0xe1:75.1%)	w0=0x013d;w1=enum6(0xc5a1:257,0xc839:72,0xc4b9:4,0xc539:4,0xc669:2,0xc841:2)	029;030;041;046;052;055;061	7	11	144;160;173;198;256;257	6	682	vm_instruction_trace.tsv:341;vm_instruction_trace_filefill_hiddenfill_frontierfill_footprintfill.tsv:341	11	0		flags0;state0;u16_2	0xffff;0x289c039;0x6499103;0x1940e110;0x2daa0966;0x3f73d5c3;0x4f2c497c;0x5efd26e6;0x708b6fb1;0x71fea721;0x7e894c58	pre_state;pre_flags;raw_vm_bytes:u16_2	mask32:1;&:7;|:3;^:10;+:1;-:5	state0 ^ flags0 ^ 0x1940e110 ^ 0x5efd26e6 & flags0 ^ 0x71fea721 ^ flags0 & 0x3f73d5c3 | 0x4f2c497c | 0x6499103 & flags0 & state0 ^ flags0 ^ 0x1940e110 ^ 0x5efd26e6 & flags0 ^ 0x71fea721 ^ flags0 & 0x3f73d5c3 | 0x4f2c497c + 0x2daa0966 - 0x708b6fb1 - 0x7e894c58 - u16_2 - 0x289c039	128=(mask32(u16_2 - 0x289c039)) & 0xffff	simplify_to_c_expression_or_table
203	0xa1484	vmop_203_plus0x4_state_add_const_slot_mba_stateful	algebraic_mba	ready_for_symbolic_reduction	named_structural;needs_algebraic_simplification	obfuscated_table_dispatch:1044	algebraic_state_or_slot_formula:1044	slot_mba_stateful	state_add_const	+0x4	VVVV	VV	b0=var26(top=0x17:11.8%);b1=var11(top=0x91:19.4%);b2=var120(top=0x3f:5.5%);b3=var99(top=0x76:14.3%)	w0=var62(top=0x9017:7.1%);w1=var838(top=0x7635:3.0%)	000;001;002;003;004;005;006;007;008;009;010;011;012;013;014;015;016;018;019;020;021;022;023;024;...+35	59	1044	3;18;26;28;30;33;37;49;52;64;66;70;79;83;87;94;99;114;121;124;128;140;148;151;...+38	62	19640	vm_instruction_trace.tsv:9820;vm_instruction_trace_filefill_hiddenfill_frontierfill_footprintfill.tsv:9820	1044	0		flags0;state0;u16_0	0xffff;0x1f1759c;0x97da242;0x1f5b0269;0x24d2add8;0x2c217984;0x32825086;0x370370f1;0x4ccb9807;0x6ef19bee;0x71376753	pre_state;pre_flags;raw_vm_bytes:u16_0	mask32:1;&:10;|:5;^:5;+:10;-:6	state0 - flags0 + 0x97da242 & flags0 + 0x97da242 ^ 0x370370f1 | 0x1f1759c | flags0 + 0x97da242 & state0 - flags0 + 0x97da242 & flags0 + 0x97da242 ^ 0x370370f1 | 0x1f1759c & 0x71376753 + 0x2c217984 | 0x24d2add8 & 0x6ef19bee - flags0 + 0x97da242 & state0 - flags0 + 0x97da242 & flags0 + 0x97da242 ^ 0x370370f1 | 0x1f1759c & 0x71376753 + 0x2c217984 - 0x32825086 - 0x1f5b0269 & u16_0 ^ 0x4ccb9807	128=(mask32(u16_0 ^ 0x4ccb9807)) & 0xffff	simplify_to_c_expression_or_table
208	0xa2361	vmop_208_plus0x5_state_add_const_slot_multi_path	algebraic_mba	ready_for_symbolic_reduction	named_structural;needs_algebraic_simplification	obfuscated_table_dispatch:87	algebraic_state_or_slot_formula:87	slot_multi_path	state_add_const	+0x5	EVVVV	VV	b0=enum3(0x3a:404,0x62:335,0x50:63);b1=var62(top=0xa7:15.7%);b2=var77(top=0xf1:15.7%);b3=var29(top=0xa5:28.8%);b4=var52(top=0xe2:19.6%)	w0=var74(top=0xa73a:15.7%);w1=var86(top=0xa5f1:15.7%)	000;010;011;023;025;026;030;032;034;035;041;042;045;046;048;050;051;052;053;055;056;059;060;061;...+1	25	87	3;18;28;43;49;79;82;83;94;99;114;118;129;157;168;172;185;189;196;199;203;215;220;258;...+8	32	1604	vm_instruction_trace.tsv:802;vm_instruction_trace_filefill_hiddenfill_frontierfill_footprintfill.tsv:802	87	0		flags0;state0;u16_3	0x7be050b;0x1477a707;0x24472eba;0x37c3d0a5;0x39b69246;0x42fb6768;0x58abcfc7;0x60ff2036;0x72f7690f;0x73f21f4d;0x7627b830;0x790391ce;0x7a909dc0;0x7ad87935	pre_state;pre_flags;raw_vm_bytes:u16_3	mask32:26;&:4;|:17;^:36;+:18;-:22	state0 + flags0 - 0x24472eba ^ 0x60ff2036 + 0x7627b830 - 0x42fb6768 ^ state0 + 0x7ad87935 ^ 0x39b69246 ^ state0 | 0x7a909dc0 ^ 0x58abcfc7 | 0x1477a707 - flags0 - 0x24472eba ^ 0x60ff2036 + 0x7627b830 - 0x42fb6768 ^ state0 + 0x7ad87935 ^ 0x39b69246 ^ state0 | 0x7a909dc0 ^ 0x58abcfc7 | 0x72f7690f & flags0 - 0x24472eba ^ 0x60ff2036 + 0x7627b830 - 0x42fb6768 ^ state0 + 0x7ad87935 ^ 0x39b69246 ^ state0 | 0x7a909dc0 ^ 0x58abcfc7 | 0x7be050b - 0x790391ce & 0x37c3d0a5 | 0x73f21f4d - u16_3 - state0 + flags0 - 0x24472eba ^ 0x60ff2036 + 0x7627b830 - 0x42fb6768 ^ state0 + 0x7ad87935 ^ 0x39b69246 ^ state0 | 0x7a909dc0 ^ 0x58abcfc7 | 0x1477a707 - flags0 - 0x24472eba ^ 0x60ff2036 + 0x7627b830 - 0x42fb6768 ^ state0 + 0x7ad87935 ^ 0x39b69246 ^ state0 | 0x7a909dc0 ^ 0x58abcfc7 | 0x72f7690f & flags0 - 0x24472eba ^ 0x60ff2036 + 0x7627b830 - 0x42fb6768 ^ state0 + 0x7ad87935 ^ 0x39b69246 ^ state0 | 0x7a909dc0 ^ 0x58abcfc7 | 0x7be050b - 0x790391ce & 0x37c3d0a5 | 0x73f21f4d	50=(mask32(u16_3 - (mask32((mask32((mask32((mask32(state0 + (mask32((mask32((mask32((mask32((mask32((mask32((mask32((mask32((mask32(flags0 - 0x24472eba)) ^ 0x60ff2036)) + 0x7627b830)) - 0x42fb6768)) ^ (mask...#88b045eb4c1f | 49=(mask32(u16_3 - (mask32((mask32((mask32((mask32(state0 + (mask32((mask32((mask32((mask32((mask32(flags0 ^ (mask32(state0 + 0x7ad87935)))) ^ 0x39b69246)) ^ (mask32(state0 | 0x7a909dc0)))) ^ 0x58abcfc7)) |...#1640106bbf26	simplify_to_c_expression_or_table
209	0xa2935	vmop_209_plus0x5_state_add_const_slot_multi_path	algebraic_mba	ready_for_symbolic_reduction	named_structural;needs_algebraic_simplification	obfuscated_table_dispatch:2	algebraic_state_or_slot_formula:2	slot_multi_path	state_add_const	+0x5	EECCE	EC	b0=enum2(0x9c:1,0x80:1);b1=enum2(0x9c:1,0x0f:1);b2=0x3d;b3=0x01;b4=enum2(0xd9:1,0x85:1)	w0=enum2(0x9c9c:1,0x0f80:1);w1=0x013d	000;023	2	2	257;352	2	4	vm_instruction_trace.tsv:2;vm_instruction_trace_filefill_hiddenfill_frontierfill_footprintfill.tsv:2	2	0		flags0;state0;u16_0	0xffff;0x22939484;0x36c108d8;0x55c2f3a2;0x57058be5	pre_state;pre_flags;raw_vm_bytes:u16_0	mask32:3;&:4;|:5;^:6;-:1	state0 & flags0 | 0x57058be5 ^ 0x36c108d8 | 0x22939484 ^ 0x55c2f3a2 - u16_0 ^ state0 & flags0 | 0x57058be5 ^ 0x36c108d8 | 0x22939484 ^ 0x55c2f3a2	1=(mask32(u16_0 ^ (mask32(state0 & (mask32(flags0 | 0x22939484)))))) & 0xffff	simplify_to_c_expression_or_table
210	0xa2da3	vmop_210_plus0x30_sampled_long_or_sparse_slot_unknown	dispatch_unknown	needs_dispatch_resolution_or_trace	named_structural	long_or_backedge_control:13	dispatch_slot_unknown;static_model_or_runtime_validation_incomplete:13	slot_unknown	sampled_long_or_sparse	+0x30	sampled				005;012;041;042;046;048;055;059;061	9	13	165;171;354	3	124	vm_instruction_trace_filefill_hiddenfill_frontierfill_footprintfill.tsv:109;vm_instruction_trace.tsv:15	20	8	cxx_runtime;locale_i18n	state0		pre_state	-:1	state0	dispatch slot expression not recovered; use per-row target evidence when available	collect_missing_dispatch_targets
214	0xa3fe9	vmop_214_plus0x5_state_add_const_slot_multi_path	algebraic_mba	ready_for_symbolic_reduction	named_structural;needs_algebraic_simplification	obfuscated_table_dispatch:1	algebraic_state_or_slot_formula:1	slot_multi_path	state_add_const	+0x5	CCCCC	CC	b0=0xd2;b1=0xbd;b2=0xb3;b3=0x3d;b4=0x01	w0=0xbdd2;w1=0x3db3	050	1	1	257	1	8	vm_instruction_trace.tsv:4;vm_instruction_trace_filefill_hiddenfill_frontierfill_footprintfill.tsv:4	1	0		flags0;state0;u16_0	0x4cc9d7b;0x7e64782;0x234dc07a;0x2ce4baee;0x3231759e;0x352ca91c;0x5bda5c23;0x74a805eb;0x784f7133;0x79233229	pre_state;pre_flags;raw_vm_bytes:u16_0	mask32:14;&:7;|:3;^:6;+:10;-:8	state0 ^ flags0 + 0x784f7133 ^ 0x7e64782 & 0x5bda5c23 + 0x352ca91c | flags0 + 0x784f7133 & 0x4cc9d7b & 0x79233229 - 0x234dc07a - 0x2ce4baee - 0x3231759e - u16_0 + state0 ^ flags0 + 0x784f7133 ^ 0x7e64782 & 0x5bda5c23 + 0x352ca91c | flags0 + 0x784f7133 & 0x4cc9d7b & 0x79233229 - 0x234dc07a - 0x2ce4baee - 0x3231759e - 0x74a805eb	4=(mask32((mask32(u16_0 + (mask32((mask32((mask32((mask32((mask32((mask32(state0 ^ (mask32(flags0 + 0x784f7133)))) ^ 0x7e64782)) & 0x5bda5c23)) + 0x352ca91c)) | (mask32((mask32((mask32((mask32((mask32(flag...#62b71ea32ab9	simplify_to_c_expression_or_table
215	0xa4609	vmop_215_plus0x3_state_mixed_slot_u16_0	algebraic_mba	ready_for_symbolic_reduction	named_structural;needs_algebraic_simplification	operand_table_dispatch:1728	algebraic_state_or_slot_formula;state_formula_not_named:1728	slot_u16_0	state_mixed	+0x3	VVV	V	b0=var29(top=0x88:10.5%);b1=var11(top=0x05:21.1%);b2=var114(top=0xc8:9.2%)	w0=var88(top=0x0390:6.4%)	000;001;002;003;004;005;006;007;008;009;010;011;012;013;014;015;016;017;018;019;020;021;022;023;...+38	62	1728	3;9;17;20;26;30;33;37;43;48;49;64;70;79;83;88;90;92;94;105;114;121;122;123;...+64	88	42348	vm_instruction_trace.tsv:21174;vm_instruction_trace_filefill_hiddenfill_frontierfill_footprintfill.tsv:21174	1728	0		b2;flags0;state0;u16_0	0xffff;0xee9796d;0x15a799dd;0x38d2bdd3;0x6c5f0f12;0x717a207c;0x760f463f;0x77dcc51b	pre_state;pre_flags;raw_vm_bytes:b2,u16_0	&:1;|:7;^:4;+:4;-:3	state0 | 0x760f463f - flags0 | 0x77dcc51b ^ 0xee9796d ^ 0x717a207c + 0x15a799dd | 0x6c5f0f12 + b2 + state0 | 0x760f463f - flags0 | 0x77dcc51b ^ 0xee9796d ^ 0x717a207c + 0x15a799dd | 0x6c5f0f12 | 0x38d2bdd3 - u16_0	128=u16_0 & 0xffff	simplify_to_c_expression_or_table
216	0xa4a61	vmop_216_plus0xa_state_preserve_slot_mba_stateful	algebraic_mba	ready_for_symbolic_reduction	named_structural;needs_algebraic_simplification	obfuscated_table_dispatch:22	algebraic_state_or_slot_formula:22	slot_mba_stateful	state_preserve	+0xa	VVECCCVVEC	VECVE	b0=var20(top=0x4e:12.4%);b1=var22(top=0x7e:12.3%);b2=enum4(0x31:732,0x33:4,0x34:3,0x36:3);b3=0x00;b4=0x80;b5=0x00;b6=var15(top=0x92:24.7%);b7=var12(top=0x34:24.8%);b8=enum4(0x07:371,0x02:278,0x03:91,0x01:2);b9=0x00	w0=var22(top=0x7ed3:12.3%);w1=enum4(0x0031:732,0x0033:4,0x0034:3,0x0036:3);w2=0x0080;w3=var16(top=0x9d94:24.5%);w4=enum4(0x0007:371,0x0002:278,0x0003:91,0x0001:2)	041;048;049;052;055;056	6	22	169;310	2	1521	vm_instruction_trace_filefill_hiddenfill_frontierfill_footprintfill.tsv:779;vm_instruction_trace.tsv:742	49	0		flags0;state0;u16_1	0xffff	pre_state;pre_flags;raw_vm_bytes:u16_1	mask32:2;&:1;^:2;-:1	state0 ^ flags0	112=(mask32(u16_1 - (mask32(state0 ^ flags0)))) & 0xffff	simplify_to_c_expression_or_table
217	0xa4b11	vmop_217_plus0x5_state_add_const_slot_mba_stateful	algebraic_mba	ready_for_symbolic_reduction	named_structural;needs_algebraic_simplification	obfuscated_table_dispatch:19	algebraic_state_or_slot_formula:19	slot_mba_stateful	state_add_const	+0x5	CVVCC	VV	b0=0x00;b1=var19(top=0x0c:29.8%);b2=var18(top=0x87:30.7%);b3=0x3d;b4=0x01	w0=var19(top=0x0c00:29.8%);w1=var18(top=0x3d87:30.7%)	001;010;028;030;035;041;042;047;049;052;055;058;059;060;062	15	19	108;144;160;173;198;256;257;352	8	430	vm_instruction_trace.tsv:215;vm_instruction_trace_filefill_hiddenfill_frontierfill_footprintfill.tsv:215	19	0		flags0;state0;u16_1	0xffff	pre_state;pre_flags;raw_vm_bytes:u16_1	mask32:2;&:1;^:2;-:1	state0 ^ flags0	128=(mask32(u16_1 - (mask32(state0 ^ flags0)))) & 0xffff	simplify_to_c_expression_or_table
220	0xa522e	vmop_220_plus0x5_state_add_const_slot_multi_path	algebraic_mba	ready_for_symbolic_reduction	named_structural;needs_algebraic_simplification	obfuscated_table_dispatch:423	algebraic_state_or_slot_formula:423	slot_multi_path	state_add_const	+0x5	CCCVV	CV	b0=0x00;b1=0x3d;b2=0x01;b3=var164(top=0x03:9.0%);b4=var199(top=0x7e:7.4%)	w0=0x3d00;w1=var164(top=0x0301:9.0%)	000;001;002;006;007;008;010;011;012;015;018;019;020;021;022;023;025;026;028;029;030;031;032;034;...+21	45	423	108;144;160;173;198;256;257;352	8	7152	vm_instruction_trace.tsv:3576;vm_instruction_trace_filefill_hiddenfill_frontierfill_footprintfill.tsv:3576	423	0		flags0;state0;u16_3	0x8f8037a;0x2332d827;0x4297c9dd;0x46462807;0x6f8e6e16	pre_state;pre_flags;raw_vm_bytes:u16_3	mask32:10;&:6;|:6;^:1;+:8;-:8	state0 | flags0 + 0x46462807 & 0x2332d827 - flags0 - state0 | flags0 & 0x4297c9dd + 0x6f8e6e16 ^ u16_3 - state0 | flags0 + 0x46462807 & 0x2332d827 - flags0 - state0 | flags0 & 0x4297c9dd + 0x6f8e6e16 + 0x8f8037a	128=(mask32((mask32(u16_3 - (mask32((mask32((mask32((mask32((mask32(state0 | flags0)) + 0x46462807)) & 0x2332d827)) - (mask32(flags0 - (mask32((mask32(state0 | flags0)) & 0x4297c9dd)))))) + 0x6f8e6e16)))) + ...#d715de7234c8	simplify_to_c_expression_or_table
222	0xa5f3c	vmop_222_plus0x5_state_add_const_slot_multi_path	algebraic_mba	ready_for_symbolic_reduction	named_structural;needs_algebraic_simplification	obfuscated_table_dispatch:80	algebraic_state_or_slot_formula:80	slot_multi_path	state_add_const	+0x5	VVVVE	VV	b0=var60(top=0x10:25.6%);b1=var60(top=0xf8:25.2%);b2=var58(top=0xd9:25.2%);b3=var46(top=0x4e:25.2%);b4=enum4(0x3a:97,0x50:89,0x62:67,0x32:1)	w0=var80(top=0xf810:25.2%);w1=var76(top=0x4ed9:25.2%)	001;002;010;012;014;015;018;021;023;026;027;028;030;032;034;041;042;043;045;046;048;050;052;053;...+6	30	80	3;18;28;35;43;49;64;66;79;82;83;99;114;131;157;168;172;185;189;196;199;203;215;220;...+10	34	508	vm_instruction_trace.tsv:254;vm_instruction_trace_filefill_hiddenfill_frontierfill_footprintfill.tsv:254	80	0		flags0;state0;u16_0;u16_2	0x11da3648;0x169ceafa;0x17d780ca;0x29e369df;0x30319008;0x39a63024;0x4cc95222;0x5b15ab43;0x70d72f46	pre_state;pre_flags;raw_vm_bytes:u16_0,u16_2	mask32:26;&:10;|:27;^:1;+:17;-:5	state0 + flags0 | 0x11da3648 & 0x169ceafa & u16_0 - state0 + flags0 | 0x11da3648 & 0x169ceafa + flags0 | 0x5b15ab43 | 0x4cc95222 | 0x70d72f46 | 0x30319008 | 0x39a63024 + flags0 | 0x5b15ab43 | 0x4cc95222 | 0x70d72f46 | 0x30319008 + 0x17d780ca ^ u16_2 + state0 + flags0 | 0x11da3648 & 0x169ceafa & u16_0 - state0 + flags0 | 0x11da3648 & 0x169ceafa + flags0 | 0x5b15ab43 | 0x4cc95222 | 0x70d72f46 | 0x30319008 | 0x39a63024 + flags0 | 0x5b15ab43 | 0x4cc95222 | 0x70d72f46 | 0x30319008 + 0x17d780ca - 0x29e369df	95=(mask32((mask32(u16_2 + (mask32((mask32((mask32((mask32((mask32(state0 + (mask32(flags0 | 0x11da3648)))) & 0x169ceafa)) & (mask32((mask32(u16_0 - (mask32((mask32(state0 + (mask32(flags0 | 0x11da3648)))) ...#748cb9dddd28 | 33=(mask32((mask32(u16_2 + (mask32((mask32((mask32((mask32((mask32(state0 + (mask32(flags0 | 0x11da3648)))) & 0x169ceafa)) & (mask32((mask32(u16_0 - (mask32((mask32(state0 + (mask32(flags0 | 0x11da3648)))) ...#dfc27f9ab102	simplify_to_c_expression_or_table
225	0xa6af9	vmop_225_plus0x5_state_formula_slot_unknown	dispatch_unknown	needs_dispatch_resolution_or_trace	named_structural;needs_algebraic_simplification	unresolved_dispatch:1	algebraic_state_or_slot_formula;dispatch_slot_unknown;static_model_or_runtime_validation_incomplete;state_formula_not_named:1	slot_unknown	state_formula	+0x5	CCCCC	CC	b0=0xce;b1=0x13;b2=0x3d;b3=0x01;b4=0x87	w0=0x13ce;w1=0x013d	063	1	1	144	1	12	vm_instruction_trace.tsv:6;vm_instruction_trace_filefill_hiddenfill_frontierfill_footprintfill.tsv:6	1	0		flags0;state0;u16_0		pre_state;pre_flags;raw_vm_bytes:u16_0	&:1;|:2;^:1;-:1	state0 | flags0 & u16_0 ^ state0 | flags0	dispatch slot expression not recovered; use per-row target evidence when available	collect_missing_dispatch_targets
229	0xa71fe	vmop_229_plus0x5_state_formula_slot_unknown	dispatch_unknown	needs_dispatch_resolution_or_trace	named_structural;needs_algebraic_simplification	unresolved_dispatch:1	algebraic_state_or_slot_formula;dispatch_slot_unknown;static_model_or_runtime_validation_incomplete;state_formula_not_named:1	slot_unknown	state_formula	+0x5	CCCCC	CC	b0=0x3d;b1=0x01;b2=0x00;b3=0x59;b4=0x47	w0=0x013d;w1=0x5900	026	1	1	352	1	2	vm_instruction_trace.tsv:1;vm_instruction_trace_filefill_hiddenfill_frontierfill_footprintfill.tsv:1	1	0		flags0;state0;u16_3	0x381ae5a5;0x4a304ad7	pre_state;pre_flags;raw_vm_bytes:u16_3	^:6;-:2	state0 ^ flags0 ^ 0x4a304ad7 - u16_3 ^ state0 ^ flags0 ^ 0x4a304ad7 ^ 0x381ae5a5	dispatch slot expression not recovered; use per-row target evidence when available	collect_missing_dispatch_targets
231	0xa799b	vmop_231_plus0x5_state_add_const_slot_mba_stateful	algebraic_mba	ready_for_symbolic_reduction	named_structural;needs_algebraic_simplification	obfuscated_table_dispatch:1	algebraic_state_or_slot_formula:1	slot_mba_stateful	state_add_const	+0x5	CCCCC	CC	b0=0x3d;b1=0x01;b2=0x03;b3=0x6c;b4=0xa7	w0=0x013d;w1=0x6c03	050	1	1	198	1	8	vm_instruction_trace.tsv:4;vm_instruction_trace_filefill_hiddenfill_frontierfill_footprintfill.tsv:4	1	0		flags0;state0;u16_3	0x500184b;0x37d0b9a9;0x5041c185;0x6307e167;0x69e2cccd;0x796ead7f	pre_state;pre_flags;raw_vm_bytes:u16_3	mask32:11;&:1;^:12;+:13;-:4	state0 + flags0 + 0x37d0b9a9 ^ 0x6307e167 + flags0 + 0x37d0b9a9 ^ 0x6307e167 ^ 0x69e2cccd ^ 0x500184b - 0x796ead7f & u16_3 - state0 + flags0 + 0x37d0b9a9 ^ 0x6307e167 + flags0 + 0x37d0b9a9 ^ 0x6307e167 ^ 0x69e2cccd ^ 0x500184b - 0x796ead7f + 0x5041c185	4=(mask32((mask32(u16_3 - (mask32((mask32((mask32((mask32((mask32(state0 + (mask32((mask32(flags0 + 0x37d0b9a9)) ^ 0x6307e167)))) + (mask32((mask32(flags0 + 0x37d0b9a9)) ^ 0x6307e167)))) ^ 0x69e2cccd)) ^ 0...#e7a757642793	simplify_to_c_expression_or_table
237	0xa8e1f	vmop_237_plus0x5_state_add_const_slot_multi_path	algebraic_mba	ready_for_symbolic_reduction	named_structural;needs_algebraic_simplification	obfuscated_table_dispatch:236	algebraic_state_or_slot_formula:236	slot_multi_path	state_add_const	+0x5	VVVCC	VV	b0=var26(top=0x00:89.4%);b1=var137(top=0x66:16.8%);b2=var159(top=0x6d:16.9%);b3=0x3d;b4=0x01	w0=var150(top=0x6600:16.8%);w1=var159(top=0x3d6d:16.9%)	001;002;004;007;009;010;011;012;014;015;018;019;020;021;022;023;024;026;028;029;030;032;034;035;...+16	40	236	108;144;160;173;198;256;257;352	8	3074	vm_instruction_trace.tsv:1537;vm_instruction_trace_filefill_hiddenfill_frontierfill_footprintfill.tsv:1537	236	0		flags0;state0;u16_1	0xffff;0x22900c8;0x4813dbc;0x8178b71;0x3fbeaa1d;0x4f4105f2	pre_state;pre_flags;raw_vm_bytes:u16_1	mask32:15;&:2;|:1;^:12;+:3;-:15	state0 - flags0 ^ 0x22900c8 - flags0 + 0x3fbeaa1d ^ 0x8178b71 - 0x4813dbc ^ u16_1 ^ state0 - flags0 ^ 0x22900c8 - flags0 + 0x3fbeaa1d ^ 0x8178b71 - 0x4813dbc - 0x4f4105f2	117=(mask32((mask32(u16_1 ^ (mask32((mask32((mask32(state0 - (mask32(flags0 ^ 0x22900c8)))) - (mask32((mask32(flags0 + 0x3fbeaa1d)) ^ 0x8178b71)))) - 0x4813dbc)))) - 0x4f4105f2)) & 0xffff | 11=(mask32((mask32(u16_1 ^ (mask32((mask32((mask32(state0 - (mask32(flags0 ^ 0x22900c8)))) - (mask32(flags0 ^ 0x8178b71)))) - 0x4813dbc)))) - 0x4f4105f2)) & 0xffff	simplify_to_c_expression_or_table
239	0xa991e	vmop_239_plus0x6_state_add_const_slot_mba_stateful	algebraic_mba	ready_for_symbolic_reduction	named_structural;needs_algebraic_simplification	obfuscated_table_dispatch:323	algebraic_state_or_slot_formula:323	slot_mba_stateful	state_add_const	+0x6	VVVVVV	VVV	b0=var140(top=0x2a:5.5%);b1=var65(top=0x02:11.2%);b2=var36(top=0xc1:13.6%);b3=var23(top=0x21:15.7%);b4=var72(top=0xbe:8.8%);b5=var29(top=0xa6:21.0%)	w0=var312(top=0x2994:5.0%);w1=var178(top=0x09c0:8.6%);w2=var181(top=0xa18e:7.6%)	000;001;002;004;007;010;011;012;013;014;015;016;017;018;020;021;022;023;026;028;029;030;032;034;...+19	43	323	3;18;28;37;43;48;49;52;64;66;70;79;83;90;92;105;114;122;157;168;172;185;186;189;...+27	51	5038	vm_instruction_trace.tsv:2519;vm_instruction_trace_filefill_hiddenfill_frontierfill_footprintfill.tsv:2519	323	0		flags0;state0;u16_4;u32_0	0x3650a0ae;0x39d16b3e;0x40a7aa16	pre_state;pre_flags;raw_vm_bytes:u16_4,u32_0	mask32:10;&:9;+:14;-:6	state0 + 0x40a7aa16 + flags0 & 0x39d16b3e & u32_0 - state0 + 0x40a7aa16 + flags0 & 0x39d16b3e - u16_4 + state0 + 0x40a7aa16 + flags0 & 0x39d16b3e & u32_0 - state0 + 0x40a7aa16 + flags0 & 0x39d16b3e - 0x3650a0ae	128=(mask32((mask32(u16_4 + (mask32((mask32((mask32((mask32(state0 + 0x40a7aa16)) + flags0)) & 0x39d16b3e)) & (mask32(u32_0 - (mask32((mask32((mask32(state0 + 0x40a7aa16)) + flags0)) & 0x39d16b3e)))))))) - 0...#398cebc46e7f	simplify_to_c_expression_or_table
240	0xa9cf7	vmop_240_plus0x5_state_add_const_slot_mba_stateful	algebraic_mba	ready_for_symbolic_reduction	named_structural;needs_algebraic_simplification	obfuscated_table_dispatch:2	algebraic_state_or_slot_formula:2	slot_mba_stateful	state_add_const	+0x5	ECCEE	EE	b0=enum2(0x99:5,0xb9:2);b1=0x3d;b2=0x01;b3=enum2(0x62:5,0x87:2);b4=enum2(0x9f:5,0x27:2)	w0=enum2(0x3d99:5,0x3db9:2);w1=enum2(0x6201:5,0x8701:2)	046;056	2	2	108;173	2	14	vm_instruction_trace.tsv:7;vm_instruction_trace_filefill_hiddenfill_frontierfill_footprintfill.tsv:7	2	0		state0;u16_3	0xffff;0x7bec2197	pre_state;raw_vm_bytes:u16_3	mask32:2;&:1;-:5	state0 - u16_3 - state0 - 0x7bec2197	5=(mask32((mask32(u16_3 - state0)) - 0x7bec2197)) & 0xffff	simplify_to_c_expression_or_table
241	0xa9ffa	vmop_241_plus0xd_state_add_const_slot_mba_stateful	algebraic_mba	ready_for_symbolic_reduction	named_structural;needs_algebraic_simplification	obfuscated_table_dispatch:2	algebraic_state_or_slot_formula:2	slot_mba_stateful	state_add_const	+0xd	EEECCCCCCCCEE	EECCCE	b0=enum2(0x1e:1,0xc6:1);b1=enum2(0x1e:1,0xf1:1);b2=enum2(0x02:1,0x05:1);b3=0x00;b4=0x80;b5=0x00;b6=0x3d;b7=0x01;b8=0x22;b9=0xe8;b10=0x01;b11=enum2(0x0a:1,0xb6:1);...+1	w0=enum2(0x1e1e:1,0xf1c6:1);w1=enum2(0x0002:1,0x0005:1);w2=0x0080;w3=0x013d;w4=0xe822;w5=enum2(0x0a01:1,0xb601:1)	002;031	2	2	66;333	2	4	vm_instruction_trace.tsv:2;vm_instruction_trace_filefill_hiddenfill_frontierfill_footprintfill.tsv:2	2	0		state0;u16_11	0xffff	pre_state;raw_vm_bytes:u16_11	mask32:1;&:1;+:2;-:1	state0 - u16_11 + state0	1=(mask32(u16_11 + state0)) & 0xffff	simplify_to_c_expression_or_table
242	0xaa87d	vmop_242_plus0x5_state_formula_slot_mba_stateful	algebraic_mba	ready_for_symbolic_reduction	named_structural;needs_algebraic_simplification	obfuscated_table_dispatch:17	algebraic_state_or_slot_formula;state_formula_not_named:17	slot_mba_stateful	state_formula	+0x5	CCVVV	CV	b0=0x3d;b1=0x01;b2=var15(top=0xb3:50.8%);b3=var17(top=0xef:50.8%);b4=var16(top=0x3b:50.8%)	w0=0x013d;w1=var17(top=0xefb3:50.8%)	001;005;014;015;033;038;041;044;053;056;057;059;063;064	14	17	75;114;145;199;210;246;316;334	8	362	vm_instruction_trace.tsv:181;vm_instruction_trace_filefill_hiddenfill_frontierfill_footprintfill.tsv:181	17	0		state0;u16_3	0xffff;0x5c05e9b5	pre_state;raw_vm_bytes:u16_3	mask32:2;&:1;|:1;^:2;-:2	state0 | u16_3 - state0 ^ 0x5c05e9b5	43=(mask32((mask32(u16_3 - state0)) ^ 0x5c05e9b5)) & 0xffff	simplify_to_c_expression_or_table
243	0xaab6a	vmop_243_plus0x4_state_add_const_slot_multi_path	algebraic_mba	ready_for_symbolic_reduction	named_structural;needs_algebraic_simplification	obfuscated_table_dispatch:761	algebraic_state_or_slot_formula:761	slot_multi_path	state_add_const	+0x4	VVCC	VC	b0=var61(top=0x45:8.6%);b1=var69(top=0x9e:13.6%);b2=0xe8;b3=0x01	w0=var457(top=0x915d:2.9%);w1=0x01e8	000;001;002;003;004;005;006;007;008;009;010;011;012;013;014;015;016;017;018;019;020;021;022;023;...+33	57	761	18;28;43;64;66;114;157;167;168;172;185;189;196;199;203;215;258;268;297;307;333;337;338;340;...+1	25	18932	vm_instruction_trace.tsv:9466;vm_instruction_trace_filefill_hiddenfill_frontierfill_footprintfill.tsv:9466	761	0		flags0;state0;u16_0	0x57d;0xbdd98a5;0x289ce9b6;0x398f70f4;0x47b31677;0x4ec4a2f1;0x57df388c;0x5f60d018	pre_state;pre_flags;raw_vm_bytes:u16_0	mask32:23;&:12;|:24;^:11;+:16;-:5	state0 ^ 0x47b31677 | flags0 | state0 | 0x5f60d018 + state0 + 0x398f70f4 & 0x4ec4a2f1 ^ 0x57df388c & flags0 | state0 | 0x5f60d018 + state0 + 0x398f70f4 & 0x4ec4a2f1 & state0 ^ 0x47b31677 | flags0 | state0 | 0x5f60d018 + state0 + 0x398f70f4 & 0x4ec4a2f1 - 0x289ce9b6 + u16_0 - state0 ^ 0x47b31677 | flags0 | state0 | 0x5f60d018 + state0 + 0x398f70f4 & 0x4ec4a2f1 ^ 0x57df388c & flags0 | state0 | 0x5f60d018 + state0 + 0x398f70f4 & 0x4ec4a2f1 & state0 ^ 0x47b31677 | flags0 | state0 | 0x5f60d018 + state0 + 0x398f70f4 & 0x4ec4a2f1 - 0x289ce9b6 ^ 0xbdd98a5	66=(mask32((mask32(u16_0 - (mask32((mask32((mask32((mask32(state0 ^ 0x47b31677)) | (mask32((mask32(flags0 | (mask32(state0 | 0x5f60d018)))) + state0)))) ^ 0x57df388c)) & (mask32((mask32((mask32(flags0 | (ma...#4a5a594e1e3d | 62=(mask32((mask32(u16_0 - (mask32((mask32((mask32((mask32(state0 ^ 0x47b31677)) | (mask32((mask32((mask32((mask32(flags0 | (mask32(state0 | 0x5f60d018)))) + state0)) + 0x398f70f4)) & 0x4ec4a2f1)))) ^ 0x57d...#5a0d0f2ac985	simplify_to_c_expression_or_table
245	0xab141	vmop_245_plus0x5_state_affine_slot_mba_stateful	algebraic_mba	ready_for_symbolic_reduction	named_structural;needs_algebraic_simplification	obfuscated_table_dispatch:18	algebraic_state_or_slot_formula:18	slot_mba_stateful	state_affine	+0x5	VVCCV	VC	b0=var17(top=0xcb:34.7%);b1=var18(top=0x13:34.7%);b2=0x3d;b3=0x01;b4=var16(top=0xdf:45.3%)	w0=var18(top=0x13cb:34.7%);w1=0x013d	010;012;013;015;017;022;025;026;028;037;039;043;053;063	14	18	43;75;145;210;316;334	6	150	vm_instruction_trace.tsv:75;vm_instruction_trace_filefill_hiddenfill_frontierfill_footprintfill.tsv:75	18	0		state0;u16_0	0xffff;0x3a835417	pre_state;raw_vm_bytes:u16_0	mask32:2;&:1;^:3;+:2	state0 ^ u16_0 + state0 ^ 0x3a835417	12=(mask32((mask32(u16_0 + state0)) ^ 0x3a835417)) & 0xffff	simplify_to_c_expression_or_table
246	0xab427	vmop_246_plus0x78_sampled_long_or_sparse_slot_unknown	dispatch_unknown	needs_dispatch_resolution_or_trace	named_structural	long_or_backedge_control:13	dispatch_slot_unknown;static_model_or_runtime_validation_incomplete:13	slot_unknown	sampled_long_or_sparse	+0x78	sampled				000;022;043;052;053;055;056;059;063;064	10	13	165;171;354	3	141	vm_instruction_trace_filefill_hiddenfill_frontierfill_footprintfill.tsv:102;vm_instruction_trace.tsv:39	19	1	host_environment_inventory	state0		pre_state	-:1	state0	dispatch slot expression not recovered; use per-row target evidence when available	collect_missing_dispatch_targets
248	0xac110	vmop_248_plus0x4_state_add_const_slot_mba_stateful	algebraic_mba	ready_for_symbolic_reduction	named_structural;needs_algebraic_simplification	obfuscated_table_dispatch:7	algebraic_state_or_slot_formula:7	slot_mba_stateful	state_add_const	+0x4	EEEE	EE	b0=enum7(0x8a:9,0x60:4,0xa7:2,0x8c:2,0x3b:1,0xcd:1);b1=enum7(0xf8:9,0x74:4,0xb6:2,0xea:2,0xe6:1,0x7d:1);b2=enum6(0x7b:9,0x2b:4,0x83:4,0x8b:1,0xa3:1,0xfb:1);b3=enum5(0x0e:9,0x03:6,0x02:2,0x05:2,0x0c:1)	w0=enum7(0xf88a:9,0x7460:4,0xb6a7:2,0xea8c:2,0xe63b:1,0x7dcd:1);w1=enum7(0x0e7b:9,0x032b:4,0x0383:2,0x0283:2,0x058b:1,0x0ca3:1)	032;053;055;059;061	5	7	114;124;157;168;189;258;345	7	40	vm_instruction_trace.tsv:20;vm_instruction_trace_filefill_hiddenfill_frontierfill_footprintfill.tsv:20	7	0		flags0;state0;u16_2	0xffff;0x17fe21ad;0x35ad1d25;0x4160066b;0x46157a61;0x496039c5;0x5188b16e;0x6764746a	pre_state;pre_flags;raw_vm_bytes:u16_2	mask32:1;&:2;|:1;^:6;+:1;-:3	state0 ^ flags0 - state0 | 0x5188b16e & 0x6764746a - state0 ^ 0x46157a61 + 0x17fe21ad ^ 0x35ad1d25 - 0x496039c5 ^ u16_2 ^ 0x4160066b	15=(mask32(u16_2 ^ 0x4160066b)) & 0xffff	simplify_to_c_expression_or_table
250	0xac802	vmop_250_plus0x3_state_add_const_slot_multi_path	algebraic_mba	ready_for_symbolic_reduction	named_structural;needs_algebraic_simplification	obfuscated_table_dispatch:6	algebraic_state_or_slot_formula:6	slot_multi_path	state_add_const	+0x3	CEE	E	b0=0x62;b1=enum6(0xd8:64,0x9e:4,0x99:3,0xf9:2,0x12:1,0x28:1);b2=enum6(0xc4:64,0x09:4,0x77:3,0x01:2,0x52:1,0x14:1)	w0=enum6(0xd862:64,0x9e62:4,0x9962:3,0xf962:2,0x1262:1,0x2862:1)	030;033;042;049;055;063	6	6	43;157;196	3	150	vm_instruction_trace.tsv:75;vm_instruction_trace_filefill_hiddenfill_frontierfill_footprintfill.tsv:75	6	0		flags0;state0;u16_1	0xffff;0xb911f97;0x3d28c7fc;0x71ad6fc6;0x75c2d7ad	pre_state;pre_flags;raw_vm_bytes:u16_1	mask32:8;&:1;|:4;^:6;+:8;-:5	state0 ^ flags0 + flags0 ^ flags0 | 0x75c2d7ad + 0x3d28c7fc - 0xb911f97 | u16_1 - state0 ^ flags0 + flags0 ^ flags0 | 0x75c2d7ad + 0x3d28c7fc - 0xb911f97 + 0x71ad6fc6	72=(mask32((mask32(u16_1 - (mask32((mask32((mask32((mask32((mask32(state0 ^ flags0)) + flags0)) ^ (mask32(flags0 | 0x75c2d7ad)))) + 0x3d28c7fc)) - 0xb911f97)))) + 0x71ad6fc6)) & 0xffff	simplify_to_c_expression_or_table
251	0xacbc5	vmop_251_plus0x5_state_add_const_slot_mba_stateful	algebraic_mba	ready_for_symbolic_reduction	named_structural;needs_algebraic_simplification	obfuscated_table_dispatch:2	algebraic_state_or_slot_formula:2	slot_mba_stateful	state_add_const	+0x5	CCEEE	CE	b0=0x3d;b1=0x01;b2=enum2(0x83:22,0x1f:17);b3=enum2(0x39:22,0xef:17);b4=enum2(0x06:22,0xa5:17)	w0=0x013d;w1=enum2(0x3983:22,0xef1f:17)	055;063	2	2	108;198	2	78	vm_instruction_trace.tsv:39;vm_instruction_trace_filefill_hiddenfill_frontierfill_footprintfill.tsv:39	2	0		state0;u16_3	0xffff;0x7cf1b821	pre_state;raw_vm_bytes:u16_3	mask32:2;&:2;^:2;-:2	state0 & u16_3 - state0 ^ 0x7cf1b821	17=(mask32((mask32(u16_3 - state0)) ^ 0x7cf1b821)) & 0xffff	simplify_to_c_expression_or_table
253	0xacfb1	vmop_253_plus0x6_state_add_const_slot_mba_stateful	algebraic_mba	ready_for_symbolic_reduction	named_structural;needs_algebraic_simplification	obfuscated_table_dispatch:332	algebraic_state_or_slot_formula:332	slot_mba_stateful	state_add_const	+0x6	VVVVVV	VVV	b0=var26(top=0x86:22.2%);b1=var11(top=0xc2:20.1%);b2=var177(top=0x34:17.8%);b3=var157(top=0xa1:13.2%);b4=var160(top=0x04:13.3%);b5=var155(top=0x08:13.9%)	w0=var48(top=0xc146:13.6%);w1=var326(top=0xa134:13.1%);w2=var288(top=0x0804:13.0%)	000;002;004;007;009;010;012;013;014;015;018;019;021;022;023;025;026;027;028;029;032;034;035;037;...+20	44	332	3;17;18;28;37;43;49;52;64;66;70;79;83;90;92;105;114;157;168;172;185;189;190;192;...+24	48	3968	vm_instruction_trace.tsv:1984;vm_instruction_trace_filefill_hiddenfill_frontierfill_footprintfill.tsv:1984	332	0		flags0;state0;u16_0;u32_2	0xffff;0x2b96d1d1;0x2d46e2e3;0x62c3b0dd;0x6d2270cb;0x764111b0;0x7c5d4802	pre_state;pre_flags;raw_vm_bytes:u16_0,u32_2	mask32:1;&:2;|:3;^:2;+:5	state0 | 0x764111b0 + 0x6d2270cb + u32_2 ^ flags0 + flags0 | 0x62c3b0dd | 0x2b96d1d1 & 0x2d46e2e3 ^ u16_0 + 0x7c5d4802	128=(mask32(u16_0 + 0x7c5d4802)) & 0xffff	simplify_to_c_expression_or_table
254	0xad32c	vmop_254_plus0x4_state_add_const_slot_mba_stateful	algebraic_mba	ready_for_symbolic_reduction	named_structural;needs_algebraic_simplification	obfuscated_table_dispatch:242	algebraic_state_or_slot_formula:242	slot_mba_stateful	state_add_const	+0x4	VVVV	VV	b0=var150(top=0x74:15.5%);b1=var153(top=0x9c:13.1%);b2=var24(top=0x42:14.4%);b3=var12(top=0x47:31.7%)	w0=var236(top=0x9c74:12.9%);w1=var44(top=0x4742:14.2%)	000;001;002;004;007;009;010;011;012;014;015;016;019;020;021;022;024;025;026;027;028;029;030;032;...+24	48	242	3;13;17;28;43;48;49;64;66;79;83;90;91;92;105;114;125;157;168;172;180;183;185;189;...+20	44	3976	vm_instruction_trace.tsv:1988;vm_instruction_trace_filefill_hiddenfill_frontierfill_footprintfill.tsv:1988	242	0		flags0;state0;u16_0;u16_2	0xffff;0x5635509;0x15874263;0x228a41a2;0x35a18ac8;0x3e80b852;0x5bf4e999;0x5feb6979;0x617339d9	pre_state;pre_flags;raw_vm_bytes:u16_0,u16_2	mask32:1;&:3;|:6;^:2;+:2;-:4	state0 + flags0 - u16_0 ^ state0 + flags0 | flags0 | 0x617339d9 | 0x5635509 | 0x15874263 ^ 0x5bf4e999 & flags0 - 0x35a18ac8 | 0x5feb6979 & 0x3e80b852 | u16_2 - 0x228a41a2	128=(mask32(u16_2 - 0x228a41a2)) & 0xffff	simplify_to_c_expression_or_table
256	0xad849	vmop_256_plus0x2_state_add_const_slot_multi_path	algebraic_mba	ready_for_symbolic_reduction	named_structural;needs_algebraic_simplification	obfuscated_table_dispatch:507	algebraic_state_or_slot_formula:507	slot_multi_path	state_add_const	+0x2	VV	V	b0=var155(top=0x3d:6.6%);b1=var156(top=0x27:6.6%)	w0=var487(top=0x273d:6.6%)	000;001;002;004;006;007;008;009;010;011;012;013;015;016;017;018;019;020;021;022;023;024;025;026;...+28	52	507	17;18;28;30;43;48;62;64;65;66;90;92;105;114;117;121;124;128;140;146;154;157;165;168;...+41	65	7760	vm_instruction_trace.tsv:3880;vm_instruction_trace_filefill_hiddenfill_frontierfill_footprintfill.tsv:3880	507	0		flags0;state0;u16_0	0x1734aabd;0x30de4dc1;0x3817cdcc;0x3e93f8db;0x7a7f365a	pre_state;pre_flags;raw_vm_bytes:u16_0	mask32:12;&:1;|:3;^:18;+:5;-:7	state0 ^ 0x3e93f8db + 0x1734aabd ^ flags0 - state0 ^ 0x3e93f8db ^ 0x7a7f365a | flags0 - state0 ^ 0x3e93f8db ^ 0x7a7f365a ^ 0x30de4dc1 & u16_0 + state0 ^ 0x3e93f8db + 0x1734aabd ^ flags0 - state0 ^ 0x3e93f8db ^ 0x7a7f365a | flags0 - state0 ^ 0x3e93f8db ^ 0x7a7f365a ^ 0x30de4dc1 - 0x3817cdcc	128=(mask32((mask32(u16_0 + (mask32((mask32((mask32((mask32((mask32(state0 ^ 0x3e93f8db)) + 0x1734aabd)) ^ (mask32((mask32(flags0 - (mask32(state0 ^ 0x3e93f8db)))) ^ 0x7a7f365a)))) | (mask32((mask32(flags0 -...#c7dbf700ff0f	simplify_to_c_expression_or_table
257	0xadbfd	vmop_257_plus0x2_state_add_const_slot_multi_path	algebraic_mba	ready_for_symbolic_reduction	named_structural;needs_algebraic_simplification	obfuscated_table_dispatch:509	algebraic_state_or_slot_formula:509	slot_multi_path	state_add_const	+0x2	VV	V	b0=var32(top=0xe7:10.9%);b1=var43(top=0xb5:9.7%)	w0=var382(top=0xb4c7:5.3%)	000;001;002;005;007;008;009;010;012;013;015;016;018;020;021;022;023;025;026;028;029;030;032;033;...+24	48	509	17;18;28;30;43;48;62;64;65;66;90;92;105;114;117;121;124;128;140;146;154;157;165;168;...+41	65	9916	vm_instruction_trace.tsv:4958;vm_instruction_trace_filefill_hiddenfill_frontierfill_footprintfill.tsv:4958	509	0		state0;u16_0	0xffff;0x1b9def5;0x1d2af87;0x509f61c9;0x7d4ca123	pre_state;raw_vm_bytes:u16_0	mask32:5;&:1;|:3;^:1;+:3;-:8	state0 - 0x509f61c9 + 0x1b9def5 - 0x7d4ca123 | 0x1d2af87 ^ u16_0 - state0 - 0x509f61c9 + 0x1b9def5 - 0x7d4ca123 | 0x1d2af87	128=(mask32(u16_0 - (mask32((mask32((mask32((mask32(state0 - 0x509f61c9)) + 0x1b9def5)) - 0x7d4ca123)) | 0x1d2af87)))) & 0xffff	simplify_to_c_expression_or_table
258	0xadf2c	vmop_258_plus0x4_state_add_const_slot_multi_path	algebraic_mba	ready_for_symbolic_reduction	named_structural;needs_algebraic_simplification	obfuscated_table_dispatch:2268	algebraic_state_or_slot_formula:2268	slot_multi_path	state_add_const	+0x4	VVVV	VV	b0=var255(top=0xf3:2.2%);b1=var256(top=0xab:1.9%);b2=var246(top=0x51:2.5%);b3=var240(top=0xeb:4.3%)	w0=var2202(top=0xd5f3:0.9%);w1=var1895(top=0x4fd6:0.9%)	000;001;002;003;004;005;006;007;008;009;010;011;012;013;014;015;016;017;018;019;020;021;022;023;...+40	64	2268	3;18;20;26;28;30;33;37;43;49;66;70;79;82;83;91;99;121;122;123;124;125;128;131;...+53	77	56116	vm_instruction_trace.tsv:28058;vm_instruction_trace_filefill_hiddenfill_frontierfill_footprintfill.tsv:28058	2268	0		flags0;state0;u16_0;u16_2	0x1;0xffff;0xa1b079a;0x11095fd5;0x1510614f;0x1769756e;0x5812e92c	pre_state;pre_flags;raw_vm_bytes:u16_0,u16_2	mask32:20;&:2;|:6;^:17;+:4;-:13	state0 ^ 0x11095fd5 + flags0 - 0x1510614f | 0xa1b079a ^ 0x1769756e ^ u16_2 - flags0 - 0x1510614f | 0xa1b079a ^ 0x1769756e & u16_0 - state0 ^ 0x11095fd5 + flags0 - 0x1510614f | 0xa1b079a ^ 0x1769756e ^ u16_2 - flags0 - 0x1510614f | 0xa1b079a ^ 0x1769756e ^ 0x5812e92c	70=(mask32((mask32(u16_0 - (mask32((mask32((mask32(state0 ^ 0x11095fd5)) + (mask32(flags0 ^ 0x1769756e)))) ^ (mask32(u16_2 - (mask32(flags0 ^ 0x1769756e)))))))) ^ 0x5812e92c)) & 0xffff | 58=(mask32((mask32(u16_0 - (mask32((mask32((mask32(state0 ^ 0x11095fd5)) + (mask32((mask32((mask32(flags0 - 0x1510614f)) | 0xa1b079a)) ^ 0x1769756e)))) ^ (mask32(u16_2 - (mask32((mask32((mask32(flags0 - 0x1...#2e5ba1fe7d39	simplify_to_c_expression_or_table
259	0xae332	vmop_259_plus0xa_state_formula_slot_unknown	dispatch_unknown	needs_dispatch_resolution_or_trace	named_structural;needs_algebraic_simplification	unresolved_dispatch:1	algebraic_state_or_slot_formula;dispatch_slot_unknown;static_model_or_runtime_validation_incomplete;state_formula_not_named:1	slot_unknown	state_formula	+0xa	CCCCCCCCCC	CCCCC	b0=0xe0;b1=0x00;b2=0xff;b3=0xff;b4=0x13;b5=0x05;b6=0x00;b7=0x00;b8=0xec;b9=0xfa	w0=0x00e0;w1=0xffff;w2=0x0513;w3=0x0000;w4=0xfaec	026	1	1	28	1	2	vm_instruction_trace.tsv:1;vm_instruction_trace_filefill_hiddenfill_frontierfill_footprintfill.tsv:1	1	0		flags0;state0;u16_0;u32_2	0x61a2d9b;0x76155fd;0x8bcb284;0x2e1ba290;0x36b43160;0x5190c117;0x57f37797;0x5ad08ad1;0x5b05419c;0x674120fe;0x71457984;0x792f3332	pre_state;pre_flags;raw_vm_bytes:u16_0,u32_2	&:1;|:8;^:23;+:12;-:12	state0 | flags0 ^ 0x5b05419c + 0x792f3332 ^ 0x8bcb284 - 0x36b43160 ^ 0x674120fe - 0x57f37797 | 0x5190c117 + 0x5ad08ad1 & u32_2 - state0 | flags0 ^ 0x5b05419c + 0x792f3332 ^ 0x8bcb284 - 0x36b43160 ^ 0x674120fe - 0x57f37797 | 0x5190c117 + 0x5ad08ad1 + flags0 ^ 0x5b05419c + 0x792f3332 ^ 0x8bcb284 - 0x36b43160 ^ 0x674120fe - 0x57f37797 | 0x5190c117 + 0x5ad08ad1 ^ 0x71457984 + flags0 ^ 0x5b05419c + 0x792f3332 ^ 0x8bcb284 - 0x36b43160 ^ 0x674120fe - 0x57f37797 | 0x5190c117 + 0x5ad08ad1 ^ 0x76155fd ^ 0x2e1ba290 ^ 0x61a2d9b ^ flags0 ^ 0x5b05419c + 0x792f3332 ^ 0x8bcb284 - 0x36b43160 ^ 0x674120fe - 0x57f37797 | 0x5190c117 + 0x5ad08ad1 ^ 0x76155fd ^ 0x2e1ba290 ^ 0x61a2d9b | u16_0	dispatch slot expression not recovered; use per-row target evidence when available	collect_missing_dispatch_targets
260	0xae90b	vmop_260_plus0x4_state_add_const_slot_multi_path	algebraic_mba	ready_for_symbolic_reduction	named_structural;needs_algebraic_simplification	obfuscated_table_dispatch:228	algebraic_state_or_slot_formula:228	slot_multi_path	state_add_const	+0x4	VVVV	VV	b0=var69(top=0x38:9.9%);b1=var13(top=0x0f:27.6%);b2=var108(top=0x38:9.7%);b3=var54(top=0x00:20.7%)	w0=var130(top=0x0e38:9.7%);w1=var187(top=0x1138:9.7%)	000;003;005;007;008;010;011;012;013;014;015;016;020;021;023;024;025;028;029;030;032;034;035;039;...+13	37	228	3;17;18;28;48;49;64;66;79;83;91;92;105;114;125;157;168;172;180;183;185;189;199;203;...+20	44	5290	vm_instruction_trace.tsv:2645;vm_instruction_trace_filefill_hiddenfill_frontierfill_footprintfill.tsv:2645	228	0		flags0;state0;u16_0;u16_2	0x7;0x5af0;0x17010cf2;0x17270855;0x2efb7283;0x34525a09;0x470c080d;0x581f6275;0x5af0e1db;0x624bad50;0x705f9ad2;0x760922e2;0x7ba7e961	pre_state;pre_flags;raw_vm_bytes:u16_0,u16_2	mask32:27;&:19;|:36;^:13;+:50;-:39	state0 + 0x581f6275 ^ flags0 - 0x705f9ad2 + 0x760922e2 & 0x2efb7283 | 0x7ba7e961 + flags0 - 0x705f9ad2 + 0x760922e2 | flags0 - 0x705f9ad2 + 0x760922e2 & 0x5af0e1db | 0x17270855 | flags0 - 0x705f9ad2 + 0x760922e2 | flags0 - 0x705f9ad2 + 0x760922e2 & u16_2 + state0 + 0x581f6275 ^ flags0 - 0x705f9ad2 + 0x760922e2 & 0x2efb7283 | 0x7ba7e961 + flags0 - 0x705f9ad2 + 0x760922e2 | flags0 - 0x705f9ad2 + 0x760922e2 & 0x5af0e1db | 0x17270855 | flags0 - 0x705f9ad2 + 0x760922e2 | flags0 - 0x705f9ad2 + 0x760922e2 - flags0 - 0x705f9ad2 + 0x760922e2 ^ 0x34525a09 ^ 0x17010cf2 | state0 + 0x581f6275 ^ flags0 - 0x705f9ad2 + 0x760922e2 & 0x2efb7283 | 0x7ba7e961 + flags0 - 0x705f9ad2 + 0x760922e2 | flags0 - 0x705f9ad2 + 0x760922e2 & 0x5af0e1db | 0x17270855 | flags0 - 0x705f9ad2 + 0x760922e2 | flags0 - 0x705f9ad2 + 0x760922e2 & 0x624bad50 - u16_0 - state0 + 0x581f6275 ^ flags0 - 0x705f9ad2 + 0x760922e2 & 0x2efb7283 | 0x7ba7e961 + flags0 - 0x705f9ad2 + 0x760922e2 | flags0 - 0x705f9ad2 + 0x760922e2 & 0x5af0e1db | 0x17270855 | flags0 - 0x705f9ad2 + 0x760922e2 | flags0 - 0x705f9ad2 + 0x760922e2 & u16_2 + state0 + 0x581f6275 ^ flags0 - 0x705f9ad2 + 0x760922e2 & 0x2efb7283 | 0x7ba7e961 + flags0 - 0x705f9ad2 + 0x760922e2 | flags0 - 0x705f9ad2 + 0x760922e2 & 0x5af0e1db | 0x17270855 | flags0 - 0x705f9ad2 + 0x760922e2 | flags0 - 0x705f9ad2 + 0x760922e2 - flags0 - 0x705f9ad2 + 0x760922e2 ^ 0x34525a09 ^ 0x17010cf2 | state0 + 0x581f6275 ^ flags0 - 0x705f9ad2 + 0x760922e2 & 0x2efb7283 | 0x7ba7e961 + flags0 - 0x705f9ad2 + 0x760922e2 | flags0 - 0x705f9ad2 + 0x760922e2 & 0x5af0e1db | 0x17270855 | flags0 - 0x705f9ad2 + 0x760922e2 | flags0 - 0x705f9ad2 + 0x760922e2 & 0x624bad50 ^ 0x470c080d	65=(mask32((mask32(u16_0 - (mask32((mask32((mask32((mask32((mask32((mask32((mask32((mask32((mask32(state0 + 0x581f6275)) ^ (mask32((mask32((mask32(flags0 - 0x705f9ad2)) + 0x760922e2)) & 0x2efb7283)))) | 0x7...#48de51d8b991 | 63=(mask32((mask32(u16_0 - (mask32((mask32((mask32((mask32((mask32((mask32((mask32((mask32((mask32(state0 + 0x581f6275)) ^ (mask32(flags0 & 0x2efb7283)))) | 0x7ba7e961)) + flags0)) | (mask32(flags0 & 0x5af0...#20d69b33d9c4	simplify_to_c_expression_or_table
261	0xaeda2	vmop_261_plus0x6_state_add_const_slot_mba_stateful	algebraic_mba	ready_for_symbolic_reduction	named_structural;needs_algebraic_simplification	obfuscated_table_dispatch:85	algebraic_state_or_slot_formula:85	slot_mba_stateful	state_add_const	+0x6	CCVECC	CVC	b0=0xe8;b1=0x01;b2=var13(top=0x67:30.3%);b3=enum8(0x6d:289,0x66:215,0x6c:193,0x68:145,0x63:115,0x69:97);b4=0x3d;b5=0x01	w0=0x01e8;w1=var15(top=0x6667:20.0%);w2=0x013d	000;001;002;004;009;010;012;013;015;017;019;021;022;024;025;026;027;028;030;031;032;034;035;040;...+14	38	85	18;28;64;66;114;185;189;199;215;258;297;307;337;340;347	15	2148	vm_instruction_trace.tsv:1074;vm_instruction_trace_filefill_hiddenfill_frontierfill_footprintfill.tsv:1074	85	0		state0;u16_2	0xffff;0x4c539d29	pre_state;raw_vm_bytes:u16_2	mask32:1;&:1;+:3	state0 + u16_2 + 0x4c539d29	128=(mask32(u16_2 + 0x4c539d29)) & 0xffff	simplify_to_c_expression_or_table
264	0xaf4cf	vmop_264_plus0xa_state_formula_slot_mba_stateful	algebraic_mba	ready_for_symbolic_reduction	named_structural;needs_algebraic_simplification	obfuscated_table_dispatch:15	algebraic_state_or_slot_formula;state_formula_not_named:15	slot_mba_stateful	state_formula	+0xa	VVECCCVVEC	VECVE	b0=var15(top=0x65:31.3%);b1=var14(top=0x89:31.3%);b2=enum5(0x31:274,0x26:8,0x34:6,0x36:2,0x33:1);b3=0x00;b4=0x80;b5=0x00;b6=var12(top=0xb6:31.3%);b7=var9(top=0x34:62.5%);b8=enum4(0x07:189,0x02:93,0x01:8,0x48:1);b9=0x00	w0=var15(top=0x8965:31.3%);w1=enum5(0x0031:274,0x0026:8,0x0034:6,0x0036:2,0x0033:1);w2=0x0080;w3=var12(top=0x34b6:31.3%);w4=enum4(0x0007:189,0x0002:93,0x0001:8,0x0048:1)	034;041;048;055;056	5	15	169;310	2	692	vm_instruction_trace_filefill_hiddenfill_frontierfill_footprintfill.tsv:401;vm_instruction_trace.tsv:291	54	0		state0;u16_8	0xffff;0x6fba3362	pre_state;raw_vm_bytes:u16_8	mask32:2;&:2;+:2;-:2	state0 & u16_8 + state0 - 0x6fba3362	49=(mask32((mask32(u16_8 + state0)) - 0x6fba3362)) & 0xffff	simplify_to_c_expression_or_table
266	0xaf8af	vmop_266_minus0x2e8_sampled_backedge_slot_unknown	dispatch_unknown	needs_dispatch_resolution_or_trace	named_structural	long_or_backedge_control:16	dispatch_slot_unknown;static_model_or_runtime_validation_incomplete:16	slot_unknown	sampled_backedge	-0x2e8	sampled				008;010;040;041;042;048;050;055;056;063;064	11	16	165;171;354	3	400	vm_instruction_trace.tsv:200;vm_instruction_trace_filefill_hiddenfill_frontierfill_footprintfill.tsv:200	16	0		state0		pre_state	-:1	state0	dispatch slot expression not recovered; use per-row target evidence when available	collect_missing_dispatch_targets
267	0xafa1f	vmop_267_plus0x5_state_add_const_slot_multi_path	algebraic_mba	ready_for_symbolic_reduction	named_structural;needs_algebraic_simplification	obfuscated_table_dispatch:1	algebraic_state_or_slot_formula:1	slot_multi_path	state_add_const	+0x5	CCCCC	CC	b0=0xb7;b1=0xce;b2=0xc9;b3=0x3d;b4=0x01	w0=0xceb7;w1=0x3dc9	050	1	1	144	1	8	vm_instruction_trace.tsv:4;vm_instruction_trace_filefill_hiddenfill_frontierfill_footprintfill.tsv:4	1	0		flags0;state0;u16_0	0x10c4506b;0x13e853fe;0x17e28bdf;0x18f9e0e8;0x22c7ea36;0x2bce070c;0x376fe1fd;0x50bb45db;0x5cdc1fad	pre_state;pre_flags;raw_vm_bytes:u16_0	mask32:12;&:8;|:10;^:6;+:8;-:7	state0 & 0x22c7ea36 | flags0 | 0x10c4506b ^ 0x5cdc1fad + 0x50bb45db - 0x13e853fe & flags0 | 0x10c4506b ^ 0x5cdc1fad + 0x50bb45db - 0x13e853fe & 0x18f9e0e8 - 0x376fe1fd | 0x2bce070c + u16_0 + state0 & 0x22c7ea36 | flags0 | 0x10c4506b ^ 0x5cdc1fad + 0x50bb45db - 0x13e853fe & flags0 | 0x10c4506b ^ 0x5cdc1fad + 0x50bb45db - 0x13e853fe & 0x18f9e0e8 - 0x376fe1fd | 0x2bce070c ^ 0x17e28bdf	4=(mask32((mask32(u16_0 + (mask32((mask32((mask32(state0 & 0x22c7ea36)) | (mask32((mask32((mask32((mask32(flags0 | 0x10c4506b)) ^ 0x5cdc1fad)) + 0x50bb45db)) - 0x13e853fe)))) & (mask32((mask32((mask32((mas...#0259b23c4ee7	simplify_to_c_expression_or_table
268	0xb0007	vmop_268_plus0x4_state_add_const_slot_multi_path	algebraic_mba	ready_for_symbolic_reduction	named_structural;needs_algebraic_simplification	obfuscated_table_dispatch:1112	algebraic_state_or_slot_formula:1112	slot_multi_path	state_add_const	+0x4	VVVV	VV	b0=var247(top=0x4a:3.3%);b1=var251(top=0x1c:6.8%);b2=var127(top=0x3e:4.0%);b3=var202(top=0x6c:7.2%)	w0=var1073(top=0x1c4a:3.2%);w1=var916(top=0x6b72:2.1%)	000;001;002;003;004;005;006;007;008;010;011;012;013;014;015;016;017;018;019;020;021;022;023;024;...+39	63	1112	0;3;18;26;28;30;33;37;49;64;66;70;79;83;88;114;118;121;124;127;128;140;154;179;...+40	64	24076	vm_instruction_trace.tsv:12038;vm_instruction_trace_filefill_hiddenfill_frontierfill_footprintfill.tsv:12038	1112	0		flags0;state0;u16_0;u16_2	0x17;0x12696b26;0x174c40ef;0x30ef8696;0x33c0c75b;0x554d11ee;0x71bd1bb1;0x73efcc77	pre_state;pre_flags;raw_vm_bytes:u16_0,u16_2	mask32:23;&:13;|:12;^:1;+:14;-:15	state0 | 0x71bd1bb1 + u16_0 - state0 | 0x71bd1bb1 - flags0 & flags0 + 0x33c0c75b & 0x174c40ef - 0x554d11ee & 0x30ef8696 | flags0 + 0x33c0c75b & 0x174c40ef - 0x554d11ee & 0x30ef8696 + 0x12696b26 ^ u16_2 - state0 | 0x71bd1bb1 + u16_0 - state0 | 0x71bd1bb1 - flags0 & flags0 + 0x33c0c75b & 0x174c40ef - 0x554d11ee & 0x30ef8696 | flags0 + 0x33c0c75b & 0x174c40ef - 0x554d11ee & 0x30ef8696 + 0x12696b26 + 0x73efcc77	87=(mask32((mask32(u16_2 - (mask32((mask32((mask32((mask32(state0 | 0x71bd1bb1)) + (mask32((mask32(u16_0 - (mask32(state0 | 0x71bd1bb1)))) - flags0)))) & (mask32((mask32((mask32(flags0 + 0x33c0c75b)) & 0x17...#c9358457d4d3 | 41=(mask32((mask32(u16_2 - (mask32((mask32((mask32((mask32(state0 | 0x71bd1bb1)) + (mask32((mask32(u16_0 - (mask32(state0 | 0x71bd1bb1)))) - flags0)))) & (mask32(flags0 + 0x33c0c75b)))) | (mask32(flags0 + 0...#0448ed8b5adb	simplify_to_c_expression_or_table
269	0xb045b	vmop_269_plus0x5_state_add_const_slot_multi_path	algebraic_mba	ready_for_symbolic_reduction	named_structural;needs_algebraic_simplification	obfuscated_table_dispatch:415	algebraic_state_or_slot_formula:415	slot_multi_path	state_add_const	+0x5	CCCVV	CV	b0=0x00;b1=0x3d;b2=0x01;b3=var122(top=0xf7:15.2%);b4=var137(top=0xbe:17.0%)	w0=0x3d00;w1=var122(top=0xf701:15.2%)	000;004;005;006;007;010;011;012;013;014;015;016;020;021;022;023;024;025;026;028;029;030;032;034;...+20	44	415	108;144;160;173;198;256;257;352	8	5224	vm_instruction_trace.tsv:2612;vm_instruction_trace_filefill_hiddenfill_frontierfill_footprintfill.tsv:2612	415	0		flags0;state0;u16_3	0xffff;0x4faa382;0x4f60a287;0x6f7fff69	pre_state;pre_flags;raw_vm_bytes:u16_3	mask32:10;&:16;|:3;^:6;+:5	state0 ^ flags0 & state0 & 0x6f7fff69 & flags0 & state0 | flags0 & state0 ^ 0x4f60a287 + u16_3 + state0 ^ flags0 & state0 & 0x6f7fff69 & flags0 & state0 | flags0 & state0 ^ 0x4f60a287 + 0x4faa382	128=(mask32((mask32(u16_3 + (mask32((mask32((mask32((mask32(state0 ^ (mask32(flags0 & state0)))) & 0x6f7fff69)) & (mask32(flags0 & state0)))) | (mask32((mask32(flags0 & state0)) ^ 0x4f60a287)))))) + 0x4faa382)) & 0xffff	simplify_to_c_expression_or_table
273	0xb11ca	vmop_273_plus0x4_state_add_const_slot_mba_stateful	algebraic_mba	ready_for_symbolic_reduction	named_structural;needs_algebraic_simplification	obfuscated_table_dispatch:218	algebraic_state_or_slot_formula:218	slot_mba_stateful	state_add_const	+0x4	VVVV	VV	b0=var112(top=0xab:12.1%);b1=var45(top=0xca:16.6%);b2=var136(top=0xce:12.1%);b3=var142(top=0x32:13.3%)	w0=var195(top=0xcaab:12.1%);w1=var215(top=0x32ce:12.1%)	000;001;002;004;006;007;008;009;010;015;019;021;023;025;026;028;029;030;032;034;039;041;042;043;...+14	38	218	3;17;18;28;43;49;64;66;70;74;79;82;83;90;91;105;114;157;168;172;180;183;185;189;...+20	44	4230	vm_instruction_trace.tsv:2115;vm_instruction_trace_filefill_hiddenfill_frontierfill_footprintfill.tsv:2115	218	0		flags0;state0;u16_0;u16_2	0x4;0x908616e;0x2e0be660;0x4b959cd0	pre_state;pre_flags;raw_vm_bytes:u16_0,u16_2	mask32:13;&:5;|:1;^:2;+:16;-:10	state0 - flags0 + 0x4b959cd0 + flags0 & 0x908616e + u16_2 - state0 - flags0 + 0x4b959cd0 + flags0 & 0x908616e ^ flags0 | u16_0 + state0 - flags0 + 0x4b959cd0 + flags0 & 0x908616e + u16_2 - state0 - flags0 + 0x4b959cd0 + flags0 & 0x908616e ^ flags0 - 0x2e0be660	128=(mask32((mask32(u16_0 + (mask32((mask32((mask32((mask32((mask32(state0 - flags0)) + 0x4b959cd0)) + flags0)) & 0x908616e)) + (mask32((mask32(u16_2 - (mask32((mask32((mask32((mask32(state0 - flags0)) + 0x4...#d0a7d316ef2b	simplify_to_c_expression_or_table
276	0xb1b2d	vmop_276_plus0xa_state_formula_slot_unknown	dispatch_unknown	needs_dispatch_resolution_or_trace	named_structural;needs_algebraic_simplification	unresolved_dispatch:1	algebraic_state_or_slot_formula;dispatch_slot_unknown;static_model_or_runtime_validation_incomplete;state_formula_not_named:1	slot_unknown	state_formula	+0xa	CCCCCCCCCC	CCCCC	b0=0xd9;b1=0x69;b2=0xff;b3=0xff;b4=0xff;b5=0xff;b6=0xff;b7=0xff;b8=0xff;b9=0xff	w0=0x69d9;w1=0xffff;w2=0xffff;w3=0xffff;w4=0xffff	059	1	1	157	1	2	vm_instruction_trace.tsv:1;vm_instruction_trace_filefill_hiddenfill_frontierfill_footprintfill.tsv:1	1	0		flags0;state0;u16_0;u32_2	0x332a16a;0x47166ef1;0x63f74381;0x7246aa41	pre_state;pre_flags;raw_vm_bytes:u16_0,u32_2	&:2;|:4;^:3;+:1;-:8	state0 & 0x7246aa41 ^ flags0 | 0x47166ef1 - flags0 | flags0 - u32_2 - 0x332a16a ^ u16_0 + state0 & 0x7246aa41 ^ flags0 | 0x47166ef1 - flags0 | flags0 - u32_2 - 0x332a16a - 0x63f74381	dispatch slot expression not recovered; use per-row target evidence when available	collect_missing_dispatch_targets
278	0xb2342	vmop_278_plus0xa_state_preserve_slot_multi_path	algebraic_mba	ready_for_symbolic_reduction	named_structural;needs_algebraic_simplification	obfuscated_table_dispatch:15	algebraic_state_or_slot_formula:15	slot_multi_path	state_preserve	+0xa	VVECCCVVEC	VECVE	b0=var13(top=0x26:16.5%);b1=var13(top=0x77:16.5%);b2=enum4(0x31:547,0x36:4,0x33:1,0x34:1);b3=0x00;b4=0x80;b5=0x00;b6=var9(top=0x1c:32.9%);b7=var9(top=0x60:32.9%);b8=enum3(0x07:276,0x03:182,0x02:95);b9=0x00	w0=var13(top=0x7726:16.5%);w1=enum4(0x0031:547,0x0036:4,0x0033:1,0x0034:1);w2=0x0080;w3=var9(top=0x601c:32.9%);w4=enum3(0x0007:276,0x0003:182,0x0002:95)	010;041;052;055;056	5	15	86;169;310;323	4	1151	vm_instruction_trace_filefill_hiddenfill_frontierfill_footprintfill.tsv:596;vm_instruction_trace.tsv:555	51	0		flags0;state0;u16_2	0xffff;0x68baea26	pre_state;pre_flags;raw_vm_bytes:u16_2	mask32:3;&:1;|:4;+:2;-:2	state0 | flags0 | u16_2 - state0 | flags0 + 0x68baea26	82=(mask32((mask32(u16_2 - (mask32(state0 | flags0)))) + 0x68baea26)) & 0xffff	simplify_to_c_expression_or_table
281	0xb2db6	vmop_281_plus0x4_state_add_const_slot_multi_path	algebraic_mba	ready_for_symbolic_reduction	named_structural;needs_algebraic_simplification	obfuscated_table_dispatch:73	algebraic_state_or_slot_formula:73	slot_multi_path	state_add_const	+0x4	VVVV	VV	b0=var61(top=0x8d:46.1%);b1=var59(top=0x0d:46.3%);b2=var45(top=0x68:49.5%);b3=var49(top=0x7c:46.3%)	w0=var73(top=0x0d8d:46.1%);w1=var71(top=0x7c68:46.1%)	000;026;029;032;035;041;042;046;048;050;052;055;056;059;061;063	16	73	3;17;18;28;30;48;49;56;66;79;83;105;122;124;131;140;154;185;199;200;201;215;220;237;...+17	41	1110	vm_instruction_trace.tsv:555;vm_instruction_trace_filefill_hiddenfill_frontierfill_footprintfill.tsv:555	73	0		flags0;state0;u16_0;u16_2	0x5b9839d;0x1ec23851;0x31642a8c;0x519e8380;0x5b9839d1;0x6445395f	pre_state;pre_flags;raw_vm_bytes:u16_0,u16_2	mask32:13;&:3;|:5;^:10;+:4;-:13	state0 - 0x31642a8c ^ 0x5b9839d1 | flags0 & u16_2 + state0 - 0x31642a8c ^ 0x5b9839d1 | flags0 - flags0 - flags0 - 0x1ec23851 ^ 0x6445395f + u16_0 ^ state0 - 0x31642a8c ^ 0x5b9839d1 | flags0 & u16_2 + state0 - 0x31642a8c ^ 0x5b9839d1 | flags0 - flags0 - flags0 - 0x1ec23851 ^ 0x6445395f - 0x519e8380	128=(mask32((mask32(u16_0 ^ (mask32((mask32((mask32((mask32((mask32((mask32(state0 - 0x31642a8c)) ^ 0x5b9839d1)) | flags0)) & (mask32((mask32(u16_2 + (mask32((mask32((mask32(state0 - 0x31642a8c)) ^ 0x5b9839d...#b222dc9c3df4	simplify_to_c_expression_or_table
282	0xb3128	vmop_282_plus0x5_state_add_const_slot_multi_path	algebraic_mba	ready_for_symbolic_reduction	named_structural;needs_algebraic_simplification	obfuscated_table_dispatch:95	algebraic_state_or_slot_formula:95	slot_multi_path	state_add_const	+0x5	VVVVE	VV	b0=var62(top=0x2d:24.2%);b1=var45(top=0x22:24.2%);b2=var79(top=0x05:23.8%);b3=var73(top=0x57:23.8%);b4=enum3(0x3a:103,0x62:87,0x50:79)	w0=var80(top=0x222d:23.8%);w1=var95(top=0x5705:23.8%)	008;026;028;030;035;041;042;046;048;050;052;053;055;056;059;061;062;063	18	95	18;28;49;52;66;83;90;92;121;122;124;140;154;185;199;200;215;220;239;240;253;254;260;269;...+14	38	538	vm_instruction_trace.tsv:269;vm_instruction_trace_filefill_hiddenfill_frontierfill_footprintfill.tsv:269	95	0		flags0;state0;u16_2	0xffff;0x259f380d;0x334721c0;0x41d706e9;0x54c8658a;0x644d2bc4	pre_state;pre_flags;raw_vm_bytes:u16_2	mask32:10;&:5;|:1;^:5;-:7	state0 ^ flags0 - 0x54c8658a & 0x259f380d & 0x41d706e9 - 0x334721c0	83=(mask32((mask32(u16_2 - (mask32(state0 ^ (mask32((mask32((mask32(flags0 - 0x54c8658a)) & 0x259f380d)) - 0x334721c0)))))) ^ 0x644d2bc4)) & 0xffff | 45=(mask32((mask32(u16_2 - (mask32(state0 ^ (mask32(flags0 - 0x334721c0)))))) ^ 0x644d2bc4)) & 0xffff	simplify_to_c_expression_or_table
283	0xb3612	vmop_283_plus0x5_state_preserve_slot_mba_stateful	algebraic_mba	ready_for_symbolic_reduction	named_structural;needs_algebraic_simplification	obfuscated_table_dispatch:126	algebraic_state_or_slot_formula:126	slot_mba_stateful	state_preserve	+0x5	CCCVV	CV	b0=0x10;b1=0xe8;b2=0x01;b3=var22(top=0x1c:12.9%);b4=var10(top=0x62:23.3%)	w0=0xe810;w1=var22(top=0x1c01:12.9%)	000;001;002;004;005;007;009;010;011;012;017;018;020;021;022;023;025;026;028;029;030;031;032;033;...+21	45	126	18;28;30;43;64;66;114;121;124;154;157;165;168;171;172;185;189;196;199;203;215;222;253;254;...+15	39	2876	vm_instruction_trace.tsv:1438;vm_instruction_trace_filefill_hiddenfill_frontierfill_footprintfill.tsv:1438	126	0		state0;u16_3	0xffff;0x8ad5ab4	pre_state;raw_vm_bytes:u16_3	mask32:1;&:1;-:1	state0	128=(mask32(u16_3 - 0x8ad5ab4)) & 0xffff	simplify_to_c_expression_or_table
284	0xb379b	vmop_284_plus0xd_state_add_const_slot_mba_stateful	algebraic_mba	ready_for_symbolic_reduction	named_structural;needs_algebraic_simplification	obfuscated_table_dispatch:1	algebraic_state_or_slot_formula:1	slot_mba_stateful	state_add_const	+0xd	CCCCCCCCCCCCC	CCCCCC	b0=0x1e;b1=0x1e;b2=0x02;b3=0x00;b4=0x80;b5=0x00;b6=0x3d;b7=0x01;b8=0x9a;b9=0xe8;b10=0x01;b11=0xc4;...+1	w0=0x1e1e;w1=0x0002;w2=0x0080;w3=0x013d;w4=0xe89a;w5=0xc401	002	1	1	239	1	2	vm_instruction_trace.tsv:1;vm_instruction_trace_filefill_hiddenfill_frontierfill_footprintfill.tsv:1	1	0		state0;u16_11	0xffff;0x14b96a4c	pre_state;raw_vm_bytes:u16_11	mask32:1;&:1;-:3	state0 - u16_11 - 0x14b96a4c	1=(mask32(u16_11 - 0x14b96a4c)) & 0xffff	simplify_to_c_expression_or_table
285	0xb3ff4	vmop_285_plus0x5_state_add_const_slot_mba_stateful	algebraic_mba	ready_for_symbolic_reduction	named_structural;needs_algebraic_simplification	obfuscated_table_dispatch:1	algebraic_state_or_slot_formula:1	slot_mba_stateful	state_add_const	+0x5	CCCCC	CC	b0=0x3d;b1=0x01;b2=0x67;b3=0x85;b4=0x4f	w0=0x013d;w1=0x8567	001	1	1	160	1	2	vm_instruction_trace.tsv:1;vm_instruction_trace_filefill_hiddenfill_frontierfill_footprintfill.tsv:1	1	0		flags0;state0;u16_2	0xffff	pre_state;pre_flags;raw_vm_bytes:u16_2	mask32:2;&:1;^:3;+:1;-:2	state0 ^ flags0 + u16_2 - state0 ^ flags0	1=(mask32(u16_2 - (mask32(state0 ^ flags0)))) & 0xffff	simplify_to_c_expression_or_table
287	0xb45d2	vmop_287_plus0x4_state_add_const_slot_multi_path	algebraic_mba	ready_for_symbolic_reduction	named_structural;needs_algebraic_simplification	obfuscated_table_dispatch:866	algebraic_state_or_slot_formula:866	slot_multi_path	state_add_const	+0x4	VVCC	VC	b0=var120(top=0x86:4.7%);b1=var107(top=0xbe:5.0%);b2=0xe8;b3=0x01	w0=var779(top=0xb88a:2.6%);w1=0x01e8	000;001;002;003;004;005;006;007;008;009;010;011;012;013;014;015;016;017;018;019;020;021;022;023;...+34	58	866	18;28;43;64;66;114;157;167;168;172;185;189;196;199;203;215;258;268;297;307;333;337;338;340;...+1	25	19446	vm_instruction_trace.tsv:9723;vm_instruction_trace_filefill_hiddenfill_frontierfill_footprintfill.tsv:9723	866	0		flags0;state0;u16_0	0xffff;0xa6ddb71;0xa841ebd;0x3ab14dd1;0x4988e425;0x609b810a;0x67686890;0x6975e1b1	pre_state;pre_flags;raw_vm_bytes:u16_0	mask32:16;&:6;|:5;^:3;+:10;-:12	state0 & 0xa6ddb71 - flags0 - 0x67686890 + 0x609b810a + 0x6975e1b1 - 0x4988e425 | 0x3ab14dd1 - u16_0 + state0 & 0xa6ddb71 - flags0 - 0x67686890 + 0x609b810a + 0x6975e1b1 - 0x4988e425 | 0x3ab14dd1 ^ 0xa841ebd	76=(mask32((mask32(u16_0 + (mask32((mask32((mask32((mask32(state0 & 0xa6ddb71)) - (mask32(flags0 + 0x6975e1b1)))) - 0x4988e425)) | 0x3ab14dd1)))) ^ 0xa841ebd)) & 0xffff | 52=(mask32((mask32(u16_0 + (mask32((mask32((mask32((mask32(state0 & 0xa6ddb71)) - (mask32((mask32((mask32(flags0 - 0x67686890)) + 0x609b810a)) + 0x6975e1b1)))) - 0x4988e425)) | 0x3ab14dd1)))) ^ 0xa841ebd)) & 0xffff	simplify_to_c_expression_or_table
290	0xb4c00	vmop_290_plus0x5_state_add_const_slot_multi_path	algebraic_mba	ready_for_symbolic_reduction	named_structural;needs_algebraic_simplification	obfuscated_table_dispatch:3	algebraic_state_or_slot_formula:3	slot_multi_path	state_add_const	+0x5	CCEEE	CE	b0=0x3d;b1=0x01;b2=enum3(0x5f:10,0x77:10,0x46:7);b3=enum3(0x3c:10,0x94:10,0x7c:7);b4=enum3(0xd5:10,0xbb:10,0x8f:7)	w0=0x013d;w1=enum3(0x3c5f:10,0x9477:10,0x7c46:7)	042;055	2	3	108;257	2	54	vm_instruction_trace.tsv:27;vm_instruction_trace_filefill_hiddenfill_frontierfill_footprintfill.tsv:27	3	0		flags0;state0;u16_2	0xffff;0x29d9517b;0x3acb356d	pre_state;pre_flags;raw_vm_bytes:u16_2	mask32:4;&:5;|:3;^:2;+:2	state0 | flags0 & 0x3acb356d & u16_2 + state0 | flags0 & 0x3acb356d ^ 0x29d9517b	17=(mask32((mask32(u16_2 + (mask32(state0 | (mask32(flags0 & 0x3acb356d)))))) ^ 0x29d9517b)) & 0xffff	simplify_to_c_expression_or_table
291	0xb4edd	vmop_291_plus0x4_state_add_const_slot_multi_path	algebraic_mba	ready_for_symbolic_reduction	named_structural;needs_algebraic_simplification	obfuscated_table_dispatch:89	algebraic_state_or_slot_formula:89	slot_multi_path	state_add_const	+0x4	VVVV	VV	b0=var55(top=0x07:19.2%);b1=var70(top=0xc4:19.2%);b2=var58(top=0x3b:27.8%);b3=var67(top=0x8e:19.0%)	w0=var87(top=0xc407:19.2%);w1=var89(top=0x8e23:19.0%)	009;020;023;026;030;034;041;042;046;048;050;052;054;055;056;059;060;061;063	19	89	3;17;18;28;48;49;56;66;70;79;83;105;121;122;124;140;154;185;199;215;220;239;269;273;...+10	34	958	vm_instruction_trace.tsv:479;vm_instruction_trace_filefill_hiddenfill_frontierfill_footprintfill.tsv:479	89	0		flags0;state0;u16_0;u16_2	0x5acd2fa;0xa61c44c;0x12648cbe;0x17a0094a;0x1f6881d8;0x2e91bd1c;0x55d764bb;0x610956a9	pre_state;pre_flags;raw_vm_bytes:u16_0,u16_2	mask32:24;&:2;|:4;^:32;+:7;-:10	state0 ^ flags0 ^ u16_0 - flags0 ^ 0x5acd2fa ^ 0x12648cbe - flags0 ^ 0x5acd2fa ^ 0x12648cbe ^ 0x2e91bd1c + 0x610956a9 & flags0 ^ 0x5acd2fa ^ 0x12648cbe ^ 0x2e91bd1c | 0x55d764bb ^ 0x17a0094a - 0x1f6881d8 | u16_2 + state0 ^ flags0 ^ u16_0 - flags0 ^ 0x5acd2fa ^ 0x12648cbe - flags0 ^ 0x5acd2fa ^ 0x12648cbe ^ 0x2e91bd1c + 0x610956a9 & flags0 ^ 0x5acd2fa ^ 0x12648cbe ^ 0x2e91bd1c | 0x55d764bb ^ 0x17a0094a - 0x1f6881d8 + 0xa61c44c	84=(mask32((mask32(u16_2 + (mask32((mask32((mask32((mask32(state0 ^ flags0)) ^ (mask32(u16_0 - (mask32(flags0 ^ 0x12648cbe)))))) - (mask32((mask32((mask32(flags0 ^ 0x12648cbe)) ^ 0x2e91bd1c)) + 0x610956a9))...#2506bf4c3168 | 44=(mask32((mask32(u16_2 + (mask32((mask32((mask32((mask32(state0 ^ flags0)) ^ (mask32(u16_0 - (mask32((mask32(flags0 ^ 0x5acd2fa)) ^ 0x12648cbe)))))) - (mask32((mask32((mask32((mask32(flags0 ^ 0x5acd2fa)) ...#9226f937720a	simplify_to_c_expression_or_table
292	0xb540f	vmop_292_plus0x5_state_add_const_slot_multi_path	algebraic_mba	ready_for_symbolic_reduction	named_structural;needs_algebraic_simplification	obfuscated_table_dispatch:84	algebraic_state_or_slot_formula:84	slot_multi_path	state_add_const	+0x5	EVVVV	VV	b0=enum4(0x62:422,0x50:105,0x3a:98,0x32:26);b1=var53(top=0xdc:39.3%);b2=var55(top=0x7b:39.3%);b3=var69(top=0xd0:39.5%);b4=var63(top=0xaa:39.5%)	w0=var64(top=0xdc62:39.3%);w1=var84(top=0xd07b:39.3%)	000;023;026;029;030;041;042;046;048;050;052;055;056;059;060;061;063	17	84	3;18;28;49;52;66;74;79;83;90;92;124;140;185;199;200;215;220;254;269;281;291;297;300;...+8	32	1302	vm_instruction_trace.tsv:651;vm_instruction_trace_filefill_hiddenfill_frontierfill_footprintfill.tsv:651	84	0		flags0;state0;u16_1;u16_3	0xffff;0x628c34bc	pre_state;pre_flags;raw_vm_bytes:u16_1,u16_3	mask32:6;&:2;|:6;^:2;+:5;-:3	state0 | flags0 + u16_1 - state0 | flags0 & u16_3 ^ state0 | flags0 + u16_1 - state0 | flags0 + 0x628c34bc	128=(mask32((mask32(u16_3 ^ (mask32((mask32(state0 | flags0)) + (mask32(u16_1 - (mask32(state0 | flags0)))))))) + 0x628c34bc)) & 0xffff	simplify_to_c_expression_or_table
295	0xb60e0	vmop_295_plus0x5_state_mixed_slot_mba_stateful	algebraic_mba	ready_for_symbolic_reduction	named_structural;needs_algebraic_simplification	obfuscated_table_dispatch:112	algebraic_state_or_slot_formula;state_formula_not_named:112	slot_mba_stateful	state_mixed	+0x5	CCVVC	CV	b0=0xe8;b1=0x01;b2=var22(top=0x02:41.3%);b3=var11(top=0xd4:23.8%);b4=0x10	w0=0x01e8;w1=var36(top=0xd402:22.2%)	000;001;002;003;004;007;008;010;011;012;013;014;015;016;020;021;022;023;024;026;028;031;032;034;...+19	43	112	18;28;30;43;64;66;114;121;140;154;157;165;168;185;189;196;199;200;215;254;258;260;268;273;...+12	36	1960	vm_instruction_trace.tsv:980;vm_instruction_trace_filefill_hiddenfill_frontierfill_footprintfill.tsv:980	112	0		state0;u16_2	0xffff;0x396ecbf2	pre_state;raw_vm_bytes:u16_2	mask32:1;&:1;|:1;-:2	state0 | u16_2 - 0x396ecbf2	128=(mask32(u16_2 - 0x396ecbf2)) & 0xffff	simplify_to_c_expression_or_table
297	0xb64d7	vmop_297_plus0x3_state_add_const_slot_multi_path	algebraic_mba	ready_for_symbolic_reduction	named_structural;needs_algebraic_simplification	obfuscated_table_dispatch:1843	algebraic_state_or_slot_formula:1843	slot_multi_path	state_add_const	+0x3	VVV	V	b0=var222(top=0x89:5.5%);b1=var249(top=0x2e:3.1%);b2=var256(top=0xad:1.8%)	w0=var1599(top=0x2e89:2.1%)	000;001;002;003;004;005;006;007;008;009;010;011;012;013;014;015;016;017;018;019;020;021;022;023;...+38	62	1843	3;17;20;26;30;33;37;43;48;49;52;64;70;74;79;82;83;88;92;105;114;121;122;123;...+57	81	41280	vm_instruction_trace.tsv:20640;vm_instruction_trace_filefill_hiddenfill_frontierfill_footprintfill.tsv:20640	1843	0		b0;flags0;state0;u16_1	0x9f24ccb;0x283684b4;0x48220942;0x4a5a939a;0x6650e9bb;0x6b7f38b7	pre_state;pre_flags;raw_vm_bytes:b0,u16_1	mask32:24;|:14;^:15;+:18;-:11	state0 - 0x48220942 | flags0 + 0x283684b4 ^ 0x4a5a939a | 0x6650e9bb ^ 0x6b7f38b7 + b0 + state0 - 0x48220942 | flags0 + 0x283684b4 ^ 0x4a5a939a | 0x6650e9bb ^ 0x6b7f38b7 + flags0 + 0x283684b4 ^ 0x4a5a939a | 0x6650e9bb - u16_1 - state0 - 0x48220942 | flags0 + 0x283684b4 ^ 0x4a5a939a | 0x6650e9bb ^ 0x6b7f38b7 + b0 + state0 - 0x48220942 | flags0 + 0x283684b4 ^ 0x4a5a939a | 0x6650e9bb ^ 0x6b7f38b7 + flags0 + 0x283684b4 ^ 0x4a5a939a | 0x6650e9bb ^ 0x9f24ccb	90=(mask32((mask32(u16_1 - (mask32((mask32((mask32((mask32(state0 - 0x48220942)) | flags0)) ^ 0x6b7f38b7)) + (mask32((mask32(b0 + (mask32((mask32((mask32(state0 - 0x48220942)) | flags0)) ^ 0x6b7f38b7)))) + ...#1cd190d01d02 | 38=(mask32((mask32(u16_1 - (mask32((mask32((mask32((mask32(state0 - 0x48220942)) | (mask32((mask32(flags0 + 0x283684b4)) ^ 0x4a5a939a)))) ^ 0x6b7f38b7)) + (mask32((mask32(b0 + (mask32((mask32((mask32(state0...#7c8518f30604	simplify_to_c_expression_or_table
299	0xb6bba	vmop_299_minus0x7fe6_sampled_backedge_slot_unknown	dispatch_unknown	needs_dispatch_resolution_or_trace	named_structural	long_or_backedge_control:2	dispatch_slot_unknown;static_model_or_runtime_validation_incomplete:2	slot_unknown	sampled_backedge	-0x7fe6	sampled				054;065	2	2	169;310	2	10	vm_instruction_trace_filefill_hiddenfill_frontierfill_footprintfill.tsv:8;vm_instruction_trace.tsv:2	7	0		flags0;state0;u16_0;u16_2	0x742354d;0x1011ba33;0x2b7e7713;0x2ff05a2b;0x515f6307	pre_state;pre_flags;raw_vm_bytes:u16_0,u16_2	&:14;|:2;^:1;+:8;-:4	state0 & 0x2b7e7713 & 0x515f6307 - u16_0 + state0 & 0x2b7e7713 & 0x515f6307 + flags0 & 0x742354d + 0x2ff05a2b | flags0 & 0x742354d + 0x2ff05a2b & 0x1011ba33 ^ u16_2 - state0 & 0x2b7e7713 & 0x515f6307 - u16_0 + state0 & 0x2b7e7713 & 0x515f6307 + flags0 & 0x742354d + 0x2ff05a2b | flags0 & 0x742354d + 0x2ff05a2b & 0x1011ba33	dispatch slot expression not recovered; use per-row target evidence when available	collect_missing_dispatch_targets
300	0xb6c36	vmop_300_plus0x4_state_add_const_slot_multi_path	algebraic_mba	ready_for_symbolic_reduction	named_structural;needs_algebraic_simplification	obfuscated_table_dispatch:238	algebraic_state_or_slot_formula:238	slot_multi_path	state_add_const	+0x4	VVVV	VV	b0=var134(top=0x12:10.9%);b1=var135(top=0x85:10.1%);b2=var96(top=0x60:10.2%);b3=var122(top=0x42:10.0%)	w0=var233(top=0x852c:8.0%);w1=var221(top=0x4260:8.0%)	000;001;002;003;004;007;010;011;012;018;020;021;023;025;026;028;029;030;031;032;033;037;041;042;...+12	36	238	3;17;18;28;43;48;49;64;66;79;83;90;91;92;105;114;157;168;180;183;185;189;196;199;...+21	45	6380	vm_instruction_trace.tsv:3190;vm_instruction_trace_filefill_hiddenfill_frontierfill_footprintfill.tsv:3190	238	0		flags0;state0;u16_0;u16_2	0x101;0x742354d;0x1011ba33;0x2b7e7713;0x2ff05a2b;0x515f6307	pre_state;pre_flags;raw_vm_bytes:u16_0,u16_2	mask32:21;&:24;|:4;^:1;+:12;-:7	state0 & 0x2b7e7713 & 0x515f6307 - u16_0 + state0 & 0x2b7e7713 & 0x515f6307 + flags0 & 0x742354d + 0x2ff05a2b | flags0 & 0x742354d + 0x2ff05a2b & 0x1011ba33 ^ u16_2 - state0 & 0x2b7e7713 & 0x515f6307 - u16_0 + state0 & 0x2b7e7713 & 0x515f6307 + flags0 & 0x742354d + 0x2ff05a2b | flags0 & 0x742354d + 0x2ff05a2b & 0x1011ba33	120=(mask32(u16_2 - (mask32((mask32((mask32((mask32(state0 & 0x2b7e7713)) & 0x515f6307)) - (mask32((mask32(u16_0 + (mask32((mask32(state0 & 0x2b7e7713)) & 0x515f6307)))) + flags0)))) | (mask32(flags0 & 0x101...#c6f36fb6c762 | 8=(mask32(u16_2 - (mask32((mask32((mask32((mask32(state0 & 0x2b7e7713)) & 0x515f6307)) - (mask32((mask32(u16_0 + (mask32((mask32(state0 & 0x2b7e7713)) & 0x515f6307)))) + (mask32((mask32(flags0 & 0x742354d)...#048ef6ca5a85	simplify_to_c_expression_or_table
301	0xb708d	vmop_301_plus0x5_state_add_const_slot_mba_stateful	algebraic_mba	ready_for_symbolic_reduction	named_structural;needs_algebraic_simplification	obfuscated_table_dispatch:389	algebraic_state_or_slot_formula:389	slot_mba_stateful	state_add_const	+0x5	CCCVV	CV	b0=0x00;b1=0x3d;b2=0x01;b3=var115(top=0xdf:19.9%);b4=var115(top=0x18:6.4%)	w0=0x3d00;w1=var115(top=0xdf01:19.9%)	000;001;002;005;007;008;010;012;013;014;015;018;019;020;021;022;023;024;025;026;028;029;030;032;...+24	48	389	108;144;160;173;198;256;257;352	8	8760	vm_instruction_trace.tsv:4380;vm_instruction_trace_filefill_hiddenfill_frontierfill_footprintfill.tsv:4380	389	0		flags0;state0;u16_3	0xffff;0x2c0febdf	pre_state;pre_flags;raw_vm_bytes:u16_3	mask32:3;&:4;^:1;-:4	state0 & flags0 ^ u16_3 - state0 & flags0 - 0x2c0febdf	128=(mask32((mask32(u16_3 - (mask32(state0 & flags0)))) - 0x2c0febdf)) & 0xffff	simplify_to_c_expression_or_table
302	0xb7586	vmop_302_minus0x40_sampled_backedge_slot_unknown	dispatch_unknown	needs_dispatch_resolution_or_trace	named_structural	long_or_backedge_control:10	dispatch_slot_unknown;static_model_or_runtime_validation_incomplete:10	slot_unknown	sampled_backedge	-0x40	sampled				000;042;046;048;055;056;059;063	8	10	165;171;354	3	218	vm_instruction_trace.tsv:109;vm_instruction_trace_filefill_hiddenfill_frontierfill_footprintfill.tsv:109	10	0		state0		pre_state	-:1	state0	dispatch slot expression not recovered; use per-row target evidence when available	collect_missing_dispatch_targets
305	0xb78b0	vmop_305_plus0x4_state_add_const_slot_mba_stateful	algebraic_mba	ready_for_symbolic_reduction	named_structural;needs_algebraic_simplification	obfuscated_table_dispatch:771	algebraic_state_or_slot_formula:771	slot_mba_stateful	state_add_const	+0x4	VVCC	VC	b0=var237(top=0x40:4.1%);b1=var225(top=0x09:3.5%);b2=0xe8;b3=0x01	w0=var731(top=0x0cb5:2.4%);w1=0x01e8	000;001;002;003;004;005;007;008;009;010;011;012;013;014;015;016;017;018;020;021;022;023;024;025;...+33	57	771	18;28;43;64;66;114;157;167;168;172;185;189;196;199;203;215;258;268;297;307;333;337;338;340;...+1	25	21748	vm_instruction_trace.tsv:10874;vm_instruction_trace_filefill_hiddenfill_frontierfill_footprintfill.tsv:10874	771	0		state0;u16_0	0xffff	pre_state;raw_vm_bytes:u16_0	mask32:1;&:2;+:2	state0 & u16_0 + state0	128=(mask32(u16_0 + state0)) & 0xffff	simplify_to_c_expression_or_table
308	0xb837c	vmop_308_plus0x20_exact_slot_unknown	dispatch_unknown	needs_dispatch_resolution_or_trace	named_structural	unresolved_dispatch:19	dispatch_slot_unknown;static_model_or_runtime_validation_incomplete:19	slot_unknown	exact	+0x20	CCCCCCCCCCCCCCCCCCCCCCCCCCCCCCCC	CCCCCCCCCCCCCCCC	b0=0xab;b1=0x00;b2=0x00;b3=0x00;b4=0x20;b5=0x00;b6=0x00;b7=0x00;b8=0xa8;b9=0x00;b10=0xb3;b11=0x00;...+20	w0=0x00ab;w1=0x0000;w2=0x0020;w3=0x0000;w4=0x00a8;w5=0x00b3;w6=0xd96e;w7=0x0b4c;w8=0x00b3;w9=0x0820;w10=0x1684;w11=0x8e01;w12=0x0000;w13=0x013d;w14=0xe550;w15=0xcf14	007;019;023;030;041;042;046;048;050;055;056;059;061;065	14	19	171;354	2	492	vm_instruction_trace.tsv:246;vm_instruction_trace_filefill_hiddenfill_frontierfill_footprintfill.tsv:246	19	0		state0		pre_state	-:1	state0	dispatch slot expression not recovered; use per-row target evidence when available	collect_missing_dispatch_targets
311	0xb86f8	vmop_311_plus0xa_state_preserve_slot_multi_path	algebraic_mba	ready_for_symbolic_reduction	named_structural;needs_algebraic_simplification	obfuscated_table_dispatch:15	algebraic_state_or_slot_formula:15	slot_multi_path	state_preserve	+0xa	VVECCCVVEC	VECVE	b0=var13(top=0x21:23.8%);b1=var13(top=0x80:23.8%);b2=enum4(0x31:367,0x26:12,0x36:2,0x33:1);b3=0x00;b4=0x80;b5=0x00;b6=var10(top=0x94:47.6%);b7=var10(top=0x9d:47.6%);b8=enum6(0x02:184,0x07:93,0x48:91,0x01:12,0x03:1,0x05:1);b9=0x00	w0=var13(top=0x8021:23.8%);w1=enum4(0x0031:367,0x0026:12,0x0036:2,0x0033:1);w2=0x0080;w3=var10(top=0x9d94:47.6%);w4=enum6(0x0002:184,0x0007:93,0x0048:91,0x0001:12,0x0003:1,0x0005:1)	034;041;043;048;055;056	6	15	42;169;310	3	850	vm_instruction_trace_filefill_hiddenfill_frontierfill_footprintfill.tsv:466;vm_instruction_trace.tsv:384	39	0		flags0;state0;u16_3	0xffff;0xa9f4228;0x1889c111;0x2b959efa;0x35e8abc1;0x3cae9026	pre_state;pre_flags;raw_vm_bytes:u16_3	mask32:9;&:1;|:6;^:4;+:3;-:13	state0 - 0x1889c111 - flags0 - state0 - 0x1889c111 + 0x3cae9026 | 0x2b959efa | 0x35e8abc1 - u16_3 ^ state0 - 0x1889c111 - flags0 - state0 - 0x1889c111 + 0x3cae9026 | 0x2b959efa | 0x35e8abc1 ^ 0xa9f4228	67=(mask32((mask32(u16_3 ^ (mask32((mask32(state0 - 0x1889c111)) - (mask32((mask32((mask32(flags0 - (mask32((mask32(state0 - 0x1889c111)) + 0x3cae9026)))) | 0x2b959efa)) | 0x35e8abc1)))))) ^ 0xa9f4228)) & 0xffff	simplify_to_c_expression_or_table
313	0xb8b42	vmop_313_plus0x5_state_add_const_slot_multi_path	algebraic_mba	ready_for_symbolic_reduction	named_structural;needs_algebraic_simplification	obfuscated_table_dispatch:1	algebraic_state_or_slot_formula:1	slot_multi_path	state_add_const	+0x5	CCCCC	CC	b0=0x3d;b1=0x01;b2=0x7e;b3=0x59;b4=0xff	w0=0x013d;w1=0x597e	052	1	1	352	1	8	vm_instruction_trace.tsv:4;vm_instruction_trace_filefill_hiddenfill_frontierfill_footprintfill.tsv:4	1	0		flags0;state0;u16_2	0x3764731;0x2d0c0392;0x2f39160a;0x344abbda;0x35363d0a;0x40989976;0x52bb641c;0x6ecf352a;0x7af00ac1	pre_state;pre_flags;raw_vm_bytes:u16_2	mask32:16;&:2;|:23;^:25;+:25;-:39	state0 - flags0 + 0x40989976 | 0x2f39160a ^ flags0 - state0 - flags0 + 0x40989976 | 0x2f39160a ^ 0x7af00ac1 ^ state0 - flags0 + 0x40989976 | 0x2f39160a ^ 0x3764731 - state0 - flags0 + 0x40989976 | 0x2f39160a | 0x6ecf352a & flags0 - state0 - flags0 + 0x40989976 | 0x2f39160a ^ 0x7af00ac1 ^ state0 - flags0 + 0x40989976 | 0x2f39160a ^ 0x3764731 - state0 - flags0 + 0x40989976 | 0x2f39160a - 0x344abbda ^ flags0 - state0 - flags0 + 0x40989976 | 0x2f39160a ^ 0x7af00ac1 ^ state0 - flags0 + 0x40989976 | 0x2f39160a ^ 0x3764731 - state0 - flags0 + 0x40989976 | 0x2f39160a + 0x52bb641c - 0x2d0c0392 ^ u16_2 + state0 - flags0 + 0x40989976 | 0x2f39160a ^ flags0 - state0 - flags0 + 0x40989976 | 0x2f39160a ^ 0x7af00ac1 ^ state0 - flags0 + 0x40989976 | 0x2f39160a ^ 0x3764731 - state0 - flags0 + 0x40989976 | 0x2f39160a | 0x6ecf352a & flags0 - state0 - flags0 + 0x40989976 | 0x2f39160a ^ 0x7af00ac1 ^ state0 - flags0 + 0x40989976 | 0x2f39160a ^ 0x3764731 - state0 - flags0 + 0x40989976 | 0x2f39160a - 0x344abbda ^ flags0 - state0 - flags0 + 0x40989976 | 0x2f39160a ^ 0x7af00ac1 ^ state0 - flags0 + 0x40989976 | 0x2f39160a ^ 0x3764731 - state0 - flags0 + 0x40989976 | 0x2f39160a + 0x52bb641c - 0x2d0c0392 ^ 0x35363d0a	4=(mask32((mask32(u16_2 + (mask32((mask32((mask32((mask32((mask32(state0 - (mask32(flags0 + 0x40989976)))) | 0x2f39160a)) ^ (mask32((mask32((mask32((mask32(flags0 - (mask32((mask32((mask32(state0 - (mask32...#4e261addcdf9	simplify_to_c_expression_or_table
314	0xb8fcf	vmop_314_plus0xa_state_add_const_slot_mba_stateful	algebraic_mba	ready_for_symbolic_reduction	named_structural;needs_algebraic_simplification	obfuscated_table_dispatch:1	algebraic_state_or_slot_formula:1	slot_mba_stateful	state_add_const	+0xa	CCCCCCCCCC	CCCCC	b0=0x2c;b1=0x74;b2=0xfa;b3=0x95;b4=0xff;b5=0xff;b6=0xff;b7=0xff;b8=0x6a;b9=0xbb	w0=0x742c;w1=0x95fa;w2=0xffff;w3=0xffff;w4=0xbb6a	052	1	1	189	1	2	vm_instruction_trace.tsv:1;vm_instruction_trace_filefill_hiddenfill_frontierfill_footprintfill.tsv:1	1	0		state0;u16_8;u32_0	0xffff;0x477d7abb;0x5861bc11	pre_state;raw_vm_bytes:u16_8,u32_0	mask32:5;&:1;^:2;+:3;-:3	state0 - u32_0 ^ state0 + 0x477d7abb	1=(mask32((mask32(u16_8 + (mask32((mask32(state0 - (mask32(u32_0 ^ state0)))) + 0x477d7abb)))) - 0x5861bc11)) & 0xffff	simplify_to_c_expression_or_table
315	0xb9451	vmop_315_plus0x4_state_mixed_slot_mba_stateful	algebraic_mba	ready_for_symbolic_reduction	named_structural;needs_algebraic_simplification	obfuscated_table_dispatch:813	algebraic_state_or_slot_formula;state_formula_not_named:813	slot_mba_stateful	state_mixed	+0x4	CCVV	CV	b0=0xe8;b1=0x01;b2=var18(top=0xe1:11.7%);b3=var10(top=0xfa:20.4%)	w0=0x01e8;w1=var25(top=0xf091:10.1%)	000;001;002;003;004;005;006;007;008;009;010;011;012;013;014;015;016;017;018;019;020;021;022;023;...+34	58	813	18;28;43;64;66;114;157;167;168;172;185;189;196;199;203;215;258;268;297;307;333;337;338;340;...+1	25	19842	vm_instruction_trace.tsv:9921;vm_instruction_trace_filefill_hiddenfill_frontierfill_footprintfill.tsv:9921	813	0		flags0;state0;u16_2	0xffff;0x19140c1b;0x25ede89c;0x285c750c;0x42c7f071;0x7562ddb5	pre_state;pre_flags;raw_vm_bytes:u16_2	mask32:1;&:2;|:1;^:5;-:1	state0 & 0x7562ddb5 ^ 0x25ede89c - 0x19140c1b ^ flags0 ^ 0x285c750c | u16_2 ^ 0x42c7f071	128=(mask32(u16_2 ^ 0x42c7f071)) & 0xffff	simplify_to_c_expression_or_table
316	0xb987b	vmop_316_minus0x3c4_sampled_backedge_slot_unknown	dispatch_unknown	needs_dispatch_resolution_or_trace	named_structural	long_or_backedge_control:13	dispatch_slot_unknown;static_model_or_runtime_validation_incomplete:13	slot_unknown	sampled_backedge	-0x3c4	sampled				029;038;041;042;044;055;056;061;063	9	13	165;171;354	3	1020	vm_instruction_trace_filefill_hiddenfill_frontierfill_footprintfill.tsv:573;vm_instruction_trace.tsv:447	24	8	cxx_runtime;locale_i18n;threading_sync;tls_or_ssl	state0		pre_state	-:1	state0	dispatch slot expression not recovered; use per-row target evidence when available	collect_missing_dispatch_targets
317	0xba1e2	vmop_317_plus0x4_state_add_const_slot_multi_path	algebraic_mba	ready_for_symbolic_reduction	named_structural;needs_algebraic_simplification	obfuscated_table_dispatch:85	algebraic_state_or_slot_formula:85	slot_multi_path	state_add_const	+0x4	VVVV	VV	b0=var40(top=0xe7:25.9%);b1=var56(top=0xc8:26.1%);b2=var50(top=0x08:49.3%);b3=var60(top=0xdc:25.5%)	w0=var83(top=0xc8e7:25.7%);w1=var82(top=0xdc08:25.3%)	001;007;010;026;028;032;040;041;042;043;046;048;050;052;053;055;056;059;061;063;064	21	85	3;17;18;28;48;49;52;56;66;70;79;83;105;121;124;154;185;199;200;215;220;239;254;260;...+13	37	1074	vm_instruction_trace.tsv:537;vm_instruction_trace_filefill_hiddenfill_frontierfill_footprintfill.tsv:537	85	0		flags0;state0;u16_0;u16_2	0x19a77ba;0x12461866;0x189c9c80;0x18e7b255;0x2d8e67e2;0x4373d071;0x501e3e6c	pre_state;pre_flags;raw_vm_bytes:u16_0,u16_2	mask32:26;&:23;|:10;^:25;+:25;-:24	state0 - flags0 + 0x189c9c80 - 0x4373d071 ^ 0x12461866 & 0x2d8e67e2 | flags0 + 0x189c9c80 - 0x4373d071 ^ 0x12461866 & 0x2d8e67e2 ^ u16_2 + flags0 + 0x189c9c80 - 0x4373d071 ^ 0x12461866 & 0x2d8e67e2 & flags0 + 0x189c9c80 - 0x4373d071 ^ 0x12461866 & 0x2d8e67e2 & 0x19a77ba + flags0 + 0x189c9c80 - 0x4373d071 ^ 0x12461866 & 0x2d8e67e2 | flags0 + 0x189c9c80 - 0x4373d071 ^ 0x12461866 & 0x2d8e67e2 ^ flags0 + 0x189c9c80 - 0x4373d071 ^ 0x12461866 & 0x2d8e67e2 | 0x501e3e6c ^ flags0 + 0x189c9c80 - 0x4373d071 ^ 0x12461866 & 0x2d8e67e2 + u16_0 - state0 - flags0 + 0x189c9c80 - 0x4373d071 ^ 0x12461866 & 0x2d8e67e2 | flags0 + 0x189c9c80 - 0x4373d071 ^ 0x12461866 & 0x2d8e67e2 ^ u16_2 + flags0 + 0x189c9c80 - 0x4373d071 ^ 0x12461866 & 0x2d8e67e2 & flags0 + 0x189c9c80 - 0x4373d071 ^ 0x12461866 & 0x2d8e67e2 & 0x19a77ba + flags0 + 0x189c9c80 - 0x4373d071 ^ 0x12461866 & 0x2d8e67e2 | flags0 + 0x189c9c80 - 0x4373d071 ^ 0x12461866 & 0x2d8e67e2 ^ flags0 + 0x189c9c80 - 0x4373d071 ^ 0x12461866 & 0x2d8e67e2 | 0x501e3e6c ^ flags0 + 0x189c9c80 - 0x4373d071 ^ 0x12461866 & 0x2d8e67e2 + 0x18e7b255	47=(mask32((mask32(u16_0 - (mask32((mask32((mask32((mask32((mask32((mask32((mask32((mask32(state0 - flags0)) | flags0)) ^ (mask32(u16_2 + flags0)))) & (mask32(flags0 & 0x19a77ba)))) + flags0)) | flags0)) ^ ...#8b0ee047c830 | 12=(mask32((mask32(u16_0 - (mask32((mask32((mask32((mask32((mask32((mask32((mask32((mask32(state0 - (mask32((mask32((mask32((mask32(flags0 + 0x189c9c80)) - 0x4373d071)) ^ 0x12461866)) & 0x2d8e67e2)))) | (ma...#3585223c3e71	simplify_to_c_expression_or_table
319	0xba72f	vmop_319_plus0x5_state_add_const_slot_multi_path	algebraic_mba	ready_for_symbolic_reduction	named_structural;needs_algebraic_simplification	obfuscated_table_dispatch:225	algebraic_state_or_slot_formula:225	slot_multi_path	state_add_const	+0x5	CCVVV	CV	b0=0x3d;b1=0x01;b2=var42(top=0xe6:28.4%);b3=var47(top=0x2e:17.5%);b4=var21(top=0x00:79.0%)	w0=0x013d;w1=var140(top=0x2e86:14.1%)	000;007;011;012;013;014;016;018;019;021;023;024;026;029;030;031;032;034;040;041;042;043;045;046;...+12	36	225	108;144;160;173;198;256;257;352	8	3700	vm_instruction_trace.tsv:1850;vm_instruction_trace_filefill_hiddenfill_frontierfill_footprintfill.tsv:1850	225	0		flags0;state0;u16_2	0x27c134ad;0x2ba77993;0x4fa9822e;0x55d6ffe2;0x5ed258f1;0x655e4f3b;0x6be63b72;0x7f20b820	pre_state;pre_flags;raw_vm_bytes:u16_2	mask32:25;&:13;|:22;^:16;+:16	state0 & flags0 | 0x6be63b72 ^ 0x55d6ffe2 ^ 0x655e4f3b | 0x27c134ad & state0 + 0x4fa9822e | 0x5ed258f1 | flags0 | 0x6be63b72 ^ 0x55d6ffe2 ^ 0x655e4f3b | 0x27c134ad & state0 + 0x4fa9822e ^ flags0 | 0x6be63b72 ^ 0x55d6ffe2 ^ 0x655e4f3b | 0x27c134ad & state0 + 0x4fa9822e + 0x2ba77993 + u16_2 + state0 & flags0 | 0x6be63b72 ^ 0x55d6ffe2 ^ 0x655e4f3b | 0x27c134ad & state0 + 0x4fa9822e | 0x5ed258f1 | flags0 | 0x6be63b72 ^ 0x55d6ffe2 ^ 0x655e4f3b | 0x27c134ad & state0 + 0x4fa9822e ^ flags0 | 0x6be63b72 ^ 0x55d6ffe2 ^ 0x655e4f3b | 0x27c134ad & state0 + 0x4fa9822e + 0x2ba77993 + 0x7f20b820	72=(mask32((mask32(u16_2 + (mask32((mask32((mask32((mask32(state0 & (mask32(flags0 & (mask32(state0 + 0x4fa9822e)))))) | 0x5ed258f1)) | (mask32(flags0 & (mask32(state0 + 0x4fa9822e)))))) ^ (mask32((mask32(f...#8770af8af8ff | 56=(mask32((mask32(u16_2 + (mask32((mask32((mask32((mask32(state0 & (mask32((mask32((mask32(flags0 | 0x6be63b72)) ^ 0x55d6ffe2)) & (mask32(state0 + 0x4fa9822e)))))) | 0x5ed258f1)) | (mask32((mask32((mask32(...#4c66f61318cf	simplify_to_c_expression_or_table
320	0xbada5	vmop_320_plus0x5_state_add_const_slot_mba_stateful	algebraic_mba	ready_for_symbolic_reduction	named_structural;needs_algebraic_simplification	obfuscated_table_dispatch:232	algebraic_state_or_slot_formula:232	slot_mba_stateful	state_add_const	+0x5	VCCVV	VV	b0=var24(top=0x00:83.6%);b1=0x3d;b2=0x01;b3=var107(top=0xac:9.1%);b4=var106(top=0x0c:6.1%)	w0=var24(top=0x3d00:83.6%);w1=var107(top=0xac01:9.1%)	000;002;007;008;009;010;013;014;015;016;020;021;022;023;025;026;028;030;032;033;034;039;041;042;...+14	38	232	108;144;160;173;198;256;257;352	8	4160	vm_instruction_trace.tsv:2080;vm_instruction_trace_filefill_hiddenfill_frontierfill_footprintfill.tsv:2080	232	0		flags0;state0;u16_3	0xffff;0x7e143884	pre_state;pre_flags;raw_vm_bytes:u16_3	mask32:4;&:3;-:5	state0 & flags0 - flags0 - 0x7e143884	128=(mask32(u16_3 - (mask32((mask32((mask32(state0 & flags0)) - flags0)) - 0x7e143884)))) & 0xffff	simplify_to_c_expression_or_table
321	0xbb1dd	vmop_321_plus0xd_state_preserve_slot_multi_path	algebraic_mba	ready_for_symbolic_reduction	named_structural;needs_algebraic_simplification	obfuscated_table_dispatch:3	algebraic_state_or_slot_formula:3	slot_multi_path	state_preserve	+0xd	EEEEEEEEEECCC	EEEEEC	b0=enum3(0x44:91,0x4e:3,0x00:3);b1=enum3(0xf2:91,0xf4:3,0xd6:3);b2=enum3(0x25:91,0x2e:3,0x88:3);b3=enum3(0x80:91,0xb2:3,0xe7:3);b4=enum3(0x59:91,0xcc:3,0x54:3);b5=enum3(0x78:91,0x11:3,0x0b:3);b6=enum3(0x54:91,0x0d:3,0x46:3);b7=enum3(0x78:91,0x72:3,0xe4:3);b8=enum3(0x66:91,0x55:3,0x56:3);b9=enum2(0x31:91,0x34:6);b10=0x00;b11=0x80;...+1	w0=enum3(0xf244:91,0xf44e:3,0xd600:3);w1=enum3(0x8025:91,0xb22e:3,0xe788:3);w2=enum3(0x7859:91,0x11cc:3,0x0b54:3);w3=enum3(0x7854:91,0x720d:3,0xe446:3);w4=enum3(0x3166:91,0x3455:3,0x3456:3);w5=0x8000	041;055	2	3	169;310	2	266	vm_instruction_trace_filefill_hiddenfill_frontierfill_footprintfill.tsv:169;vm_instruction_trace.tsv:97	9	0		flags0;state0;u16_0;u16_2	0xffff;0x2d680d90;0x69cbe1a0;0x7ba65dc4	pre_state;pre_flags;raw_vm_bytes:u16_0,u16_2	mask32:6;&:2;|:3;^:3;+:8;-:2	state0 + u16_0 ^ flags0 | 0x2d680d90 + 0x69cbe1a0 & u16_2 - state0 + u16_0 ^ flags0 | 0x2d680d90 + 0x69cbe1a0 + 0x7ba65dc4	19=(mask32((mask32(u16_2 - (mask32((mask32((mask32(state0 + (mask32(u16_0 ^ flags0)))) | 0x2d680d90)) + 0x69cbe1a0)))) + 0x7ba65dc4)) & 0xffff	simplify_to_c_expression_or_table
322	0xbb3c9	vmop_322_plus0x4_state_add_const_slot_multi_path	algebraic_mba	ready_for_symbolic_reduction	named_structural;needs_algebraic_simplification	obfuscated_table_dispatch:213	algebraic_state_or_slot_formula:213	slot_multi_path	state_add_const	+0x4	VVVV	VV	b0=var132(top=0x13:14.0%);b1=var123(top=0x00:19.2%);b2=var119(top=0x57:13.9%);b3=var104(top=0x96:14.7%)	w0=var202(top=0x0013:13.9%);w1=var187(top=0x9657:13.9%)	002;007;009;010;011;012;013;014;015;018;019;020;021;022;025;026;028;029;030;032;033;035;036;038;...+16	40	213	3;18;28;43;48;49;52;64;66;74;83;90;91;92;99;157;172;180;183;189;196;199;215;220;...+14	38	3694	vm_instruction_trace.tsv:1847;vm_instruction_trace_filefill_hiddenfill_frontierfill_footprintfill.tsv:1847	213	0		flags0;state0;u16_0;u16_2	0xffff;0x2d680d90;0x69cbe1a0;0x7ba65dc4	pre_state;pre_flags;raw_vm_bytes:u16_0,u16_2	mask32:6;&:2;|:3;^:3;+:8;-:2	state0 + u16_0 ^ flags0 | 0x2d680d90 + 0x69cbe1a0 & u16_2 - state0 + u16_0 ^ flags0 | 0x2d680d90 + 0x69cbe1a0 + 0x7ba65dc4	128=(mask32((mask32(u16_2 - (mask32((mask32((mask32(state0 + (mask32(u16_0 ^ flags0)))) | 0x2d680d90)) + 0x69cbe1a0)))) + 0x7ba65dc4)) & 0xffff	simplify_to_c_expression_or_table
326	0xbc06d	vmop_326_plus0x5_state_add_const_slot_mba_stateful	algebraic_mba	ready_for_symbolic_reduction	named_structural;needs_algebraic_simplification	obfuscated_table_dispatch:3	algebraic_state_or_slot_formula:3	slot_mba_stateful	state_add_const	+0x5	EEECC	EE	b0=enum3(0x31:39,0x55:18,0xdd:13);b1=enum2(0xde:57,0xbe:13);b2=enum2(0xed:57,0xe5:13);b3=0x3d;b4=0x01	w0=enum3(0xde31:39,0xde55:18,0xbedd:13);w1=enum2(0x3ded:57,0x3de5:13)	041;055;059	3	3	108;352	2	140	vm_instruction_trace.tsv:70;vm_instruction_trace_filefill_hiddenfill_frontierfill_footprintfill.tsv:70	3	0		flags0;state0;u16_1	0xffff;0x50d4eebe	pre_state;pre_flags;raw_vm_bytes:u16_1	mask32:1;&:2;^:2;+:1	state0 & flags0 + u16_1 ^ 0x50d4eebe	31=(mask32(u16_1 ^ 0x50d4eebe)) & 0xffff	simplify_to_c_expression_or_table
331	0xbcfc8	vmop_331_plus0x3_state_formula_slot_multi_path	algebraic_mba	ready_for_symbolic_reduction	named_structural;needs_algebraic_simplification	obfuscated_table_dispatch:7	algebraic_state_or_slot_formula;state_formula_not_named:7	slot_multi_path	state_formula	+0x3	EEE	E	b0=enum7(0x68:125,0xf0:25,0xe8:3,0x40:1,0x08:1,0x30:1);b1=enum7(0x6b:125,0xb9:25,0xe7:3,0xef:1,0xe5:1,0xde:1);b2=enum2(0x32:150,0x62:7)	w0=enum7(0x6b68:125,0xb9f0:25,0xe7e8:3,0xef40:1,0xe508:1,0xde30:1)	043;054;055;060;063;065	6	7	99;146;168;196;222;333;340	7	314	vm_instruction_trace.tsv:157;vm_instruction_trace_filefill_hiddenfill_frontierfill_footprintfill.tsv:157	7	0		flags0;state0;u16_0	0xffff;0x35a6d51;0x1f891278;0x3eb8b067;0x47dd4277;0x6859cefd	pre_state;pre_flags;raw_vm_bytes:u16_0	mask32:9;&:7;|:3;^:3;+:10;-:4	state0 & 0x3eb8b067 + flags0 & flags0 ^ 0x1f891278 + flags0 + 0x6859cefd | 0x47dd4277 + u16_0 - state0 & 0x3eb8b067 + flags0 & flags0 ^ 0x1f891278 + flags0 + 0x6859cefd | 0x47dd4277 - 0x35a6d51	5=(mask32((mask32(u16_0 - (mask32((mask32((mask32((mask32((mask32((mask32(state0 & 0x3eb8b067)) + flags0)) & (mask32(flags0 ^ 0x1f891278)))) + flags0)) + 0x6859cefd)) | 0x47dd4277)))) - 0x35a6d51)) & 0xffff	simplify_to_c_expression_or_table
332	0xbd36d	vmop_332_plus0x4_state_add_const_slot_multi_path	algebraic_mba	ready_for_symbolic_reduction	named_structural;needs_algebraic_simplification	obfuscated_table_dispatch:258	algebraic_state_or_slot_formula:258	slot_multi_path	state_add_const	+0x4	VVVV	VV	b0=var38(top=0x0b:15.7%);b1=var19(top=0xd7:43.6%);b2=var79(top=0xf7:9.8%);b3=var108(top=0xca:15.7%)	w0=var119(top=0xd70b:15.7%);w1=var249(top=0xc7ff:7.8%)	000;003;004;005;006;007;010;011;013;014;015;017;018;021;022;023;024;025;026;028;029;030;032;034;...+20	44	258	3;17;18;28;37;43;48;49;64;66;79;83;90;91;99;114;157;168;172;180;183;185;189;196;...+22	46	6584	vm_instruction_trace.tsv:3292;vm_instruction_trace_filefill_hiddenfill_frontierfill_footprintfill.tsv:3292	258	0		flags0;state0;u16_2	0x149316fa;0x23cebdbc;0x2f0ca7d2;0x30661b97;0x42097e5d;0x57d9fe65	pre_state;pre_flags;raw_vm_bytes:u16_2	mask32:14;&:25;|:26;^:9;+:5;-:6	state0 | 0x30661b97 & 0x57d9fe65 | flags0 & state0 | 0x2f0ca7d2 & state0 | 0x30661b97 - 0x23cebdbc ^ state0 | 0x30661b97 & 0x57d9fe65 & flags0 & state0 | 0x2f0ca7d2 & state0 | 0x30661b97 - 0x23cebdbc ^ state0 | 0x30661b97 & 0x57d9fe65 + 0x149316fa + flags0 & state0 | 0x2f0ca7d2 & state0 | 0x30661b97 - 0x23cebdbc ^ state0 | 0x30661b97 & 0x57d9fe65 ^ u16_2 ^ state0 | 0x30661b97 & 0x57d9fe65 | flags0 & state0 | 0x2f0ca7d2 & state0 | 0x30661b97 - 0x23cebdbc ^ state0 | 0x30661b97 & 0x57d9fe65 & flags0 & state0 | 0x2f0ca7d2 & state0 | 0x30661b97 - 0x23cebdbc ^ state0 | 0x30661b97 & 0x57d9fe65 + 0x149316fa + flags0 & state0 | 0x2f0ca7d2 & state0 | 0x30661b97 - 0x23cebdbc ^ state0 | 0x30661b97 & 0x57d9fe65 + 0x42097e5d	128=(mask32((mask32(u16_2 ^ (mask32((mask32((mask32((mask32((mask32((mask32(state0 | 0x30661b97)) & 0x57d9fe65)) | (mask32((mask32((mask32(flags0 & (mask32(state0 | 0x2f0ca7d2)))) & (mask32((mask32(state0 | ...#6b21d34199eb	simplify_to_c_expression_or_table
333	0xbd8af	vmop_333_plus0x4_state_add_const_slot_multi_path	algebraic_mba	ready_for_symbolic_reduction	named_structural;needs_algebraic_simplification	obfuscated_table_dispatch:1165	algebraic_state_or_slot_formula:1165	slot_multi_path	state_add_const	+0x4	VVVE	VV	b0=var64(top=0x83:8.1%);b1=var50(top=0xf9:6.4%);b2=var17(top=0x68:18.1%);b3=enum2(0x00:10031,0x01:2163)	w0=var783(top=0xf983:2.2%);w1=var17(top=0x0068:18.1%)	000;001;002;003;004;005;006;007;008;009;010;011;012;013;014;015;016;017;018;019;020;021;022;023;...+36	60	1165	3;18;26;28;30;33;37;49;64;66;70;79;83;91;99;114;121;122;124;125;128;140;146;148;...+39	63	24388	vm_instruction_trace.tsv:12194;vm_instruction_trace_filefill_hiddenfill_frontierfill_footprintfill.tsv:12194	1165	1	host_environment_inventory	flags0;state0;u16_0	0x71;0x37ccc6ea;0x569ecec3;0x61e56767;0x71cc1ee8	pre_state;pre_flags;raw_vm_bytes:u16_0	mask32:11;&:3;|:8;^:12;+:4;-:5	state0 ^ flags0 ^ state0 | 0x37ccc6ea - 0x61e56767 & flags0 ^ state0 + flags0 ^ state0 | 0x71cc1ee8 | 0x569ecec3 + u16_0 - state0 ^ flags0 ^ state0 | 0x37ccc6ea - 0x61e56767 & flags0 ^ state0 + flags0 ^ state0 | 0x71cc1ee8 | 0x569ecec3	128=(mask32(u16_0 - (mask32((mask32((mask32((mask32((mask32(state0 ^ (mask32((mask32(flags0 ^ state0)) | 0x37ccc6ea)))) - 0x61e56767)) & (mask32(flags0 ^ state0)))) + (mask32((mask32(flags0 ^ state0)) | 0x71...#3558817d6cd6	simplify_to_c_expression_or_table
334	0xbdd18	vmop_334_plus0x2a5_sampled_long_or_sparse_slot_unknown	dispatch_unknown	needs_dispatch_resolution_or_trace	named_structural	long_or_backedge_control:18	dispatch_slot_unknown;static_model_or_runtime_validation_incomplete:18	slot_unknown	sampled_long_or_sparse	+0x2a5	sampled				001;013;014;015;016;018;037;039;042;046;055;056;057;059;061;063	16	18	165;171;354	3	277	vm_instruction_trace_filefill_hiddenfill_frontierfill_footprintfill.tsv:235;vm_instruction_trace.tsv:42	27	4	cxx_runtime;locale_i18n	state0		pre_state	-:1	state0	dispatch slot expression not recovered; use per-row target evidence when available	collect_missing_dispatch_targets
336	0xbe8cd	vmop_336_plus0x5_state_add_const_slot_mba_stateful	algebraic_mba	ready_for_symbolic_reduction	named_structural;needs_algebraic_simplification	obfuscated_table_dispatch:14	algebraic_state_or_slot_formula:14	slot_mba_stateful	state_add_const	+0x5	CCEEV	CE	b0=0x3d;b1=0x01;b2=enum5(0xe8:19,0x88:8,0x80:8,0x68:5,0xd8:4);b3=enum6(0x01:12,0x0a:8,0x0c:8,0x02:7,0x0d:5,0x0f:4);b4=var14(top=0x33:9.1%)	w0=0x013d;w1=enum6(0x01e8:12,0x0a88:8,0x0c80:8,0x02e8:7,0x0d68:5,0x0fd8:4)	041;042;048;050;052;055;056;059;063	9	14	108;144;173;198;256;352	6	88	vm_instruction_trace.tsv:44;vm_instruction_trace_filefill_hiddenfill_frontierfill_footprintfill.tsv:44	14	0		state0;u16_2	0xffff;0x114009e8	pre_state;raw_vm_bytes:u16_2	mask32:1;&:2;^:2	state0 & u16_2 ^ 0x114009e8	33=(mask32(u16_2 ^ 0x114009e8)) & 0xffff	simplify_to_c_expression_or_table
337	0xbec0e	vmop_337_plus0x4_state_add_const_slot_multi_path	algebraic_mba	ready_for_symbolic_reduction	named_structural;needs_algebraic_simplification	obfuscated_table_dispatch:2321	algebraic_state_or_slot_formula:2321	slot_multi_path	state_add_const	+0x4	VVVV	VV	b0=var128(top=0x7c:3.3%);b1=var227(top=0x91:5.3%);b2=var254(top=0x9d:2.2%);b3=var253(top=0x00:7.9%)	w0=var1927(top=0x9124:1.0%);w1=var1949(top=0x0099:1.3%)	000;001;002;003;004;005;006;007;008;009;010;011;012;013;014;015;016;017;018;019;020;021;022;023;...+38	62	2321	3;18;20;26;28;30;33;37;43;49;66;70;79;82;83;88;121;123;124;125;128;131;140;146;...+48	72	53068	vm_instruction_trace.tsv:26534;vm_instruction_trace_filefill_hiddenfill_frontierfill_footprintfill.tsv:26534	2321	2	threading_sync	flags0;state0;u16_0;u16_2	0xe04b834;0x2051de91;0x2060ddea;0x3de72107;0x51d7631a;0x61f749a7	pre_state;pre_flags;raw_vm_bytes:u16_0,u16_2	mask32:24;&:6;|:4;^:5;+:21;-:12	state0 - flags0 - u16_2 + state0 - flags0 + flags0 + 0x2051de91 & flags0 + 0x61f749a7 | 0x51d7631a ^ flags0 + 0x61f749a7 ^ 0x3de72107 & 0xe04b834 | u16_0 + state0 - flags0 - u16_2 + state0 - flags0 + flags0 + 0x2051de91 & flags0 + 0x61f749a7 | 0x51d7631a ^ flags0 + 0x61f749a7 ^ 0x3de72107 & 0xe04b834 ^ 0x2060ddea	85=(mask32((mask32(u16_0 + (mask32((mask32((mask32((mask32((mask32((mask32(state0 - flags0)) - (mask32((mask32(u16_2 + (mask32(state0 - flags0)))) + flags0)))) + 0x2051de91)) & (mask32(flags0 + 0x61f749a7))...#70dcd015f490 | 43=(mask32((mask32(u16_0 + (mask32((mask32((mask32((mask32((mask32((mask32(state0 - flags0)) - (mask32((mask32(u16_2 + (mask32(state0 - flags0)))) + flags0)))) + 0x2051de91)) & (mask32(flags0 + 0x61f749a7))...#cdd3e2f1e474	simplify_to_c_expression_or_table
338	0xbf128	vmop_338_plus0x6_state_add_const_slot_mba_stateful	algebraic_mba	ready_for_symbolic_reduction	named_structural;needs_algebraic_simplification	obfuscated_table_dispatch:178	algebraic_state_or_slot_formula:178	slot_mba_stateful	state_add_const	+0x6	VVCCCC	VCC	b0=var85(top=0xc4:10.6%);b1=var91(top=0xc7:10.6%);b2=0x3d;b3=0x01;b4=0xe8;b5=0x01	w0=var142(top=0xc7c4:10.4%);w1=0x013d;w2=0x01e8	000;001;002;003;004;006;007;008;009;010;011;012;013;014;015;016;017;018;020;021;022;023;024;025;...+30	54	178	283;295;351	3	3506	vm_instruction_trace.tsv:1753;vm_instruction_trace_filefill_hiddenfill_frontierfill_footprintfill.tsv:1753	178	0		state0;u16_0	0xffff;0x4bf8be0c	pre_state;raw_vm_bytes:u16_0	mask32:2;&:1;-:5	state0 - u16_0 - state0 - 0x4bf8be0c	128=(mask32((mask32(u16_0 - state0)) - 0x4bf8be0c)) & 0xffff	simplify_to_c_expression_or_table
340	0xbf435	vmop_340_plus0x4_state_add_const_slot_multi_path	algebraic_mba	ready_for_symbolic_reduction	named_structural;needs_algebraic_simplification	obfuscated_table_dispatch:2259	algebraic_state_or_slot_formula:2259	slot_multi_path	state_add_const	+0x4	VVVE	VV	b0=var221(top=0x4c:4.0%);b1=var255(top=0x16:2.8%);b2=var17(top=0xb3:15.9%);b3=enum2(0x00:21582,0x01:4530)	w0=var1969(top=0x0f7c:1.4%);w1=var17(top=0x00b3:15.9%)	000;001;002;003;004;005;006;007;008;009;010;011;012;013;014;015;016;017;018;019;020;021;022;023;...+39	63	2259	3;18;20;26;28;30;33;37;43;49;66;70;79;82;83;118;121;122;123;124;128;129;140;146;...+50	74	52224	vm_instruction_trace.tsv:26112;vm_instruction_trace_filefill_hiddenfill_frontierfill_footprintfill.tsv:26112	2259	0		state0;u16_0;u16_2	0xffff;0x9097995;0x2b2e5a26;0x7535dd25	pre_state;raw_vm_bytes:u16_0,u16_2	mask32:5;&:1;|:3;^:3;+:4;-:4	state0 - 0x2b2e5a26 ^ 0x7535dd25 | u16_2 - u16_0 + state0 - 0x2b2e5a26 ^ 0x7535dd25 | u16_2 + 0x9097995	128=(mask32((mask32(u16_0 + (mask32((mask32((mask32(state0 - 0x2b2e5a26)) ^ 0x7535dd25)) | u16_2)))) + 0x9097995)) & 0xffff	simplify_to_c_expression_or_table
345	0xc02e4	vmop_345_plus0x6_state_add_const_slot_mba_stateful	algebraic_mba	ready_for_symbolic_reduction	named_structural;needs_algebraic_simplification	obfuscated_table_dispatch:305	algebraic_state_or_slot_formula:305	slot_mba_stateful	state_add_const	+0x6	VVVVVV	VVV	b0=var164(top=0x69:13.6%);b1=var150(top=0x3f:13.6%);b2=var165(top=0x11:13.6%);b3=var164(top=0x1c:13.6%);b4=var162(top=0xc4:13.6%);b5=var157(top=0x34:13.6%)	w0=var305(top=0x3f69:13.6%);w1=var303(top=0x1c11:13.6%);w2=var283(top=0x34c4:13.6%)	000;002;004;005;007;008;010;012;013;015;016;020;021;022;023;026;028;029;030;032;034;035;041;042;...+15	39	305	3;18;28;37;43;48;49;52;64;66;70;79;83;88;90;92;105;114;122;148;151;157;168;172;...+28	52	3766	vm_instruction_trace.tsv:1883;vm_instruction_trace_filefill_hiddenfill_frontierfill_footprintfill.tsv:1883	305	0		flags0;state0;u16_0;u32_2	0xffff	pre_state;pre_flags;raw_vm_bytes:u16_0,u32_2	mask32:4;&:1;^:3;+:9	state0 + u32_2 ^ state0 + flags0 + u16_0 + state0 + u32_2 ^ state0 + flags0	128=(mask32(u16_0 + (mask32(state0 + (mask32((mask32(u32_2 ^ state0)) + flags0)))))) & 0xffff	simplify_to_c_expression_or_table
346	0xc0535	vmop_346_plus0x4_state_add_const_slot_multi_path	algebraic_mba	ready_for_symbolic_reduction	named_structural;needs_algebraic_simplification	obfuscated_table_dispatch:764	algebraic_state_or_slot_formula:764	slot_multi_path	state_add_const	+0x4	VVCC	VC	b0=var232(top=0x22:3.1%);b1=var243(top=0x94:3.1%);b2=0xe8;b3=0x01	w0=var741(top=0x3e9b:2.0%);w1=0x01e8	000;001;002;003;004;005;006;007;010;011;012;013;014;015;016;017;018;019;020;021;022;023;024;025;...+32	56	764	18;28;43;64;66;114;157;167;168;172;185;189;196;199;203;215;258;268;297;307;333;337;338;340;...+1	25	18146	vm_instruction_trace.tsv:9073;vm_instruction_trace_filefill_hiddenfill_frontierfill_footprintfill.tsv:9073	764	0		flags0;state0;u16_0	0xffff;0x3f5501a6;0x3f746ab3;0x45fbcef1;0x7f7eb061	pre_state;pre_flags;raw_vm_bytes:u16_0	mask32:10;&:2;|:1;^:12;+:2	state0 ^ flags0 ^ 0x3f746ab3 ^ 0x3f5501a6 ^ 0x45fbcef1	74=(mask32((mask32(u16_0 ^ (mask32(state0 ^ (mask32(flags0 ^ 0x45fbcef1)))))) + 0x7f7eb061)) & 0xffff | 54=(mask32((mask32(u16_0 ^ (mask32(state0 ^ (mask32((mask32((mask32(flags0 ^ 0x3f746ab3)) ^ 0x3f5501a6)) ^ 0x45fbcef1)))))) + 0x7f7eb061)) & 0xffff	simplify_to_c_expression_or_table
347	0xc088d	vmop_347_plus0x4_state_add_const_slot_multi_path	algebraic_mba	ready_for_symbolic_reduction	named_structural;needs_algebraic_simplification	obfuscated_table_dispatch:2146	algebraic_state_or_slot_formula:2146	slot_multi_path	state_add_const	+0x4	VVVV	VV	b0=var256(top=0xe6:2.1%);b1=var79(top=0x0b:6.4%);b2=var230(top=0xba:3.9%);b3=var101(top=0x82:10.2%)	w0=var1845(top=0x8d20:1.4%);w1=var1485(top=0x02ad:1.5%)	000;001;002;003;004;005;006;007;008;009;010;011;012;013;014;015;016;017;018;019;020;021;022;023;...+40	64	2146	3;18;20;26;28;30;33;37;43;49;52;66;70;79;83;118;121;122;123;124;125;128;140;146;...+49	73	48598	vm_instruction_trace.tsv:24299;vm_instruction_trace_filefill_hiddenfill_frontierfill_footprintfill.tsv:24299	2146	0		flags0;state0;u16_0;u16_2	0x10871fd8;0x1a7ef2ae;0x2efc96c5;0x45223942;0x5cf483c7;0x6630614f;0x6fa972f0;0x7bd54e39	pre_state;pre_flags;raw_vm_bytes:u16_0,u16_2	mask32:30;&:11;|:52;^:23;+:38;-:2	state0 | flags0 + 0x6fa972f0 | flags0 ^ state0 | flags0 + 0x6fa972f0 & 0x45223942 + state0 | flags0 + 0x6fa972f0 | 0x2efc96c5 ^ 0x5cf483c7 & flags0 ^ state0 | flags0 + 0x6fa972f0 & 0x45223942 + state0 | flags0 + 0x6fa972f0 | 0x2efc96c5 | 0x6630614f ^ 0x1a7ef2ae | state0 | flags0 + 0x6fa972f0 | flags0 ^ state0 | flags0 + 0x6fa972f0 & 0x45223942 + state0 | flags0 + 0x6fa972f0 | 0x2efc96c5 ^ 0x5cf483c7 & flags0 ^ state0 | flags0 + 0x6fa972f0 & 0x45223942 + state0 | flags0 + 0x6fa972f0 | 0x2efc96c5 | 0x6630614f ^ 0x1a7ef2ae | state0 | flags0 + 0x6fa972f0 | flags0 ^ state0 | flags0 + 0x6fa972f0 & 0x45223942 + state0 | flags0 + 0x6fa972f0 | 0x2efc96c5 ^ 0x5cf483c7 + u16_2 + flags0 ^ state0 | flags0 + 0x6fa972f0 & 0x45223942 + state0 | flags0 + 0x6fa972f0 | 0x2efc96c5 | 0x6630614f ^ 0x1a7ef2ae | state0 | flags0 + 0x6fa972f0 | flags0 ^ state0 | flags0 + 0x6fa972f0 & 0x45223942 + state0 | flags0 + 0x6fa972f0 | 0x2efc96c5 ^ 0x5cf483c7 - flags0 ^ state0 | flags0 + 0x6fa972f0 & 0x45223942 + state0 | flags0 + 0x6fa972f0 | 0x2efc96c5 | 0x6630614f ^ 0x1a7ef2ae | state0 | flags0 + 0x6fa972f0 | flags0 ^ state0 | flags0 + 0x6fa972f0 & 0x45223942 + state0 | flags0 + 0x6fa972f0 | 0x2efc96c5 ^ 0x5cf483c7 ^ 0x7bd54e39 - 0x10871fd8	92=(mask32((mask32(u16_0 ^ (mask32((mask32((mask32((mask32((mask32((mask32((mask32(state0 | (mask32(flags0 + 0x6fa972f0)))) | (mask32((mask32(flags0 ^ (mask32((mask32(state0 | (mask32(flags0 + 0x6fa972f0)))...#ff65f5013123 | 36=(mask32((mask32(u16_0 ^ (mask32((mask32((mask32((mask32((mask32((mask32((mask32(state0 | (mask32(flags0 + 0x6fa972f0)))) | (mask32((mask32(flags0 ^ (mask32((mask32(state0 | (mask32(flags0 + 0x6fa972f0)))...#65eb4914bbdc	simplify_to_c_expression_or_table
348	0xc0d7d	vmop_348_plus0x5_state_add_const_slot_multi_path	algebraic_mba	ready_for_symbolic_reduction	named_structural;needs_algebraic_simplification	obfuscated_table_dispatch:16	algebraic_state_or_slot_formula:16	slot_multi_path	state_add_const	+0x5	VVCCV	VC	b0=var11(top=0xc5:21.6%);b1=var13(top=0x7c:16.2%);b2=0x3d;b3=0x01;b4=var15(top=0x13:16.2%)	w0=var15(top=0x7cd5:16.2%);w1=0x013d	005;016;029;037;042;043;048;052;055;056;063	11	16	108;144;160;173;198;256;257;352	8	74	vm_instruction_trace.tsv:37;vm_instruction_trace_filefill_hiddenfill_frontierfill_footprintfill.tsv:37	16	0		flags0;state0;u16_0	0xffff;0x4ead272;0x19c08712;0x2730b0cc;0x31691179;0x369ef0d5;0x5c278a20;0x5c3efee3	pre_state;pre_flags;raw_vm_bytes:u16_0	mask32:17;&:13;|:9;^:3;+:4;-:8	state0 & 0x4ead272 + flags0 | flags0 | 0x2730b0cc - 0x5c278a20 & 0x31691179 - 0x5c3efee3 & 0x19c08712 & u16_0 ^ state0 & 0x4ead272 + flags0 | flags0 | 0x2730b0cc - 0x5c278a20 & 0x31691179 - 0x5c3efee3 & 0x19c08712 - 0x369ef0d5	19=(mask32((mask32(u16_0 ^ (mask32((mask32((mask32((mask32(state0 & 0x4ead272)) + flags0)) | (mask32(flags0 | 0x2730b0cc)))) & 0x19c08712)))) - 0x369ef0d5)) & 0xffff | 9=(mask32((mask32(u16_0 ^ (mask32((mask32((mask32((mask32(state0 & 0x4ead272)) + flags0)) | (mask32((mask32((mask32((mask32(flags0 | 0x2730b0cc)) - 0x5c278a20)) & 0x31691179)) - 0x5c3efee3)))) & 0x19c08712...#9790f8db234a	simplify_to_c_expression_or_table
350	0xc1926	vmop_350_plus0x4_state_add_const_slot_mba_stateful	algebraic_mba	ready_for_symbolic_reduction	named_structural;needs_algebraic_simplification	obfuscated_table_dispatch:231	algebraic_state_or_slot_formula:231	slot_mba_stateful	state_add_const	+0x4	VVVV	VV	b0=var143(top=0x12:10.9%);b1=var102(top=0xa6:10.6%);b2=var82(top=0xb7:10.6%);b3=var11(top=0x34:25.8%)	w0=var225(top=0xa66a:10.6%);w1=var161(top=0x34b7:10.6%)	000;002;005;006;007;010;011;012;013;015;016;018;020;021;022;023;025;026;029;030;032;034;035;039;...+18	42	231	3;18;28;37;43;49;64;66;70;74;79;83;90;91;92;105;114;157;168;172;180;183;185;189;...+21	45	4828	vm_instruction_trace.tsv:2414;vm_instruction_trace_filefill_hiddenfill_frontierfill_footprintfill.tsv:2414	231	1	cxx_runtime	flags0;state0;u16_0;u16_2	0x261f270f;0x33be5a8b;0x5c4fb994;0x678e3cb6	pre_state;pre_flags;raw_vm_bytes:u16_0,u16_2	mask32:12;&:9;^:11;+:15;-:5	state0 + 0x5c4fb994 - 0x33be5a8b ^ flags0 & state0 + 0x5c4fb994 + 0x261f270f & u16_0 ^ state0 + 0x5c4fb994 - 0x33be5a8b ^ flags0 & state0 + 0x5c4fb994 + 0x261f270f & u16_2 ^ state0 + 0x5c4fb994 - 0x33be5a8b ^ flags0 & state0 + 0x5c4fb994 + 0x261f270f & u16_0 ^ state0 + 0x5c4fb994 - 0x33be5a8b ^ flags0 & state0 + 0x5c4fb994 + 0x261f270f ^ 0x678e3cb6	128=(mask32((mask32(u16_2 ^ (mask32((mask32((mask32((mask32(state0 + 0x5c4fb994)) - 0x33be5a8b)) ^ (mask32(flags0 & (mask32((mask32(state0 + 0x5c4fb994)) + 0x261f270f)))))) & (mask32(u16_0 ^ (mask32((mask32(...#23bb1febe96e	simplify_to_c_expression_or_table
351	0xc1d48	vmop_351_plus0x5_state_add_const_slot_mba_stateful	algebraic_mba	ready_for_symbolic_reduction	named_structural;needs_algebraic_simplification	obfuscated_table_dispatch:114	algebraic_state_or_slot_formula:114	slot_mba_stateful	state_add_const	+0x5	CCVVC	CV	b0=0xe8;b1=0x01;b2=var81(top=0x1b:13.9%);b3=var76(top=0x22:13.9%);b4=0x10	w0=0x01e8;w1=var109(top=0x221b:13.9%)	000;001;003;004;006;007;010;012;015;016;019;020;021;022;023;025;026;028;029;030;032;034;035;037;...+15	39	114	18;28;30;43;64;66;114;121;124;154;157;165;168;172;185;189;196;199;203;215;239;253;254;258;...+13	37	3688	vm_instruction_trace.tsv:1844;vm_instruction_trace_filefill_hiddenfill_frontierfill_footprintfill.tsv:1844	114	0		state0;u16_2	0xffff;0x7b3a2d18	pre_state;raw_vm_bytes:u16_2	mask32:2;&:1;|:1;+:2;-:2	state0 | u16_2 + state0 - 0x7b3a2d18	128=(mask32((mask32(u16_2 + state0)) - 0x7b3a2d18)) & 0xffff	simplify_to_c_expression_or_table
352	0xc1ec4	vmop_352_plus0x2_state_add_const_slot_mba_stateful	algebraic_mba	ready_for_symbolic_reduction	named_structural;needs_algebraic_simplification	obfuscated_table_dispatch:542	algebraic_state_or_slot_formula:542	slot_mba_stateful	state_add_const	+0x2	VV	V	b0=var124(top=0x16:8.0%);b1=var55(top=0xdb:8.3%)	w0=var491(top=0xdb16:7.8%)	000;001;002;004;006;007;008;009;010;011;012;013;014;015;016;017;018;019;020;021;022;023;025;026;...+26	50	542	17;18;28;30;43;48;62;64;65;66;90;92;105;114;117;121;124;128;140;146;154;157;165;168;...+40	64	8848	vm_instruction_trace.tsv:4424;vm_instruction_trace_filefill_hiddenfill_frontierfill_footprintfill.tsv:4424	542	0		state0;u16_0	0xffff;0x31863366;0x331dfc06	pre_state;raw_vm_bytes:u16_0	mask32:3;&:4;|:1;+:4	state0 & 0x31863366 | u16_0 + state0 & 0x31863366 + 0x331dfc06	128=(mask32((mask32(u16_0 + (mask32(state0 & 0x31863366)))) + 0x331dfc06)) & 0xffff	simplify_to_c_expression_or_table
356	0xc291a	vmop_356_plus0xa_state_preserve_slot_mba_stateful	algebraic_mba	ready_for_symbolic_reduction	named_structural;needs_algebraic_simplification	obfuscated_table_dispatch:17	algebraic_state_or_slot_formula:17	slot_mba_stateful	state_preserve	+0xa	VVECCCVVEC	VECVE	b0=var17(top=0x6f:12.4%);b1=var17(top=0x74:12.4%);b2=enum5(0x31:731,0x26:4,0x33:2,0x34:2,0x36:2);b3=0x00;b4=0x80;b5=0x00;b6=var13(top=0x1c:36.8%);b7=var11(top=0x60:36.8%);b8=enum4(0x03:456,0x07:185,0x02:96,0x01:4);b9=0x00	w0=var17(top=0x746f:12.4%);w1=enum5(0x0031:731,0x0026:4,0x0033:2,0x0034:2,0x0036:2);w2=0x0080;w3=var13(top=0x601c:36.8%);w4=enum4(0x0003:456,0x0007:185,0x0002:96,0x0001:4)	034;041;048;052;055;056	6	17	169;310	2	1542	vm_instruction_trace_filefill_hiddenfill_frontierfill_footprintfill.tsv:801;vm_instruction_trace.tsv:741	48	0		flags0;state0;u16_0	0xffff;0x70d7d4a7	pre_state;pre_flags;raw_vm_bytes:u16_0	mask32:3;&:1;^:3;+:1	state0 ^ flags0	116=(mask32((mask32(u16_0 ^ (mask32(state0 ^ flags0)))) + 0x70d7d4a7)) & 0xffff	simplify_to_c_expression_or_table
357	0xc29cf	vmop_357_plus0x5_state_add_const_slot_mba_stateful	algebraic_mba	ready_for_symbolic_reduction	named_structural;needs_algebraic_simplification	obfuscated_table_dispatch:2	algebraic_state_or_slot_formula:2	slot_mba_stateful	state_add_const	+0x5	EEECC	EE	b0=enum2(0xf0:3,0x11:3);b1=enum2(0xfd:3,0x6a:3);b2=enum2(0xb1:3,0x91:3);b3=0x3d;b4=0x01	w0=enum2(0xfdf0:3,0x6a11:3);w1=enum2(0x3db1:3,0x3d91:3)	055	1	2	144;352	2	12	vm_instruction_trace.tsv:6;vm_instruction_trace_filefill_hiddenfill_frontierfill_footprintfill.tsv:6	2	0		flags0;state0;u16_0	0xffff;0x70d7d4a7	pre_state;pre_flags;raw_vm_bytes:u16_0	mask32:3;&:1;^:3;+:1	state0 ^ flags0	6=(mask32((mask32(u16_0 ^ (mask32(state0 ^ flags0)))) + 0x70d7d4a7)) & 0xffff	simplify_to_c_expression_or_table
358	0xc2d37	vmop_358_plus0x5_state_formula_slot_unknown	dispatch_unknown	needs_dispatch_resolution_or_trace	named_structural;needs_algebraic_simplification	unresolved_dispatch:1	algebraic_state_or_slot_formula;dispatch_slot_unknown;static_model_or_runtime_validation_incomplete;state_formula_not_named:1	slot_unknown	state_formula	+0x5	CCCCC	CC	b0=0x7d;b1=0x1a;b2=0x3d;b3=0x01;b4=0x00	w0=0x1a7d;w1=0x013d	023	1	1	144	1	2	vm_instruction_trace.tsv:1;vm_instruction_trace_filefill_hiddenfill_frontierfill_footprintfill.tsv:1	1	0		flags0;state0;u16_0	0x50eab96;0x3b02b16c;0x3bcc6446;0x45b1cde1;0x4ea692e8;0x63b77c87	pre_state;pre_flags;raw_vm_bytes:u16_0	|:5;^:9;+:6;-:6	state0 + flags0 - 0x3bcc6446 ^ 0x50eab96 - flags0 + flags0 | 0x4ea692e8 ^ flags0 ^ flags0 ^ 0x3b02b16c + 0x63b77c87 | flags0 | u16_0 ^ state0 + flags0 - 0x3bcc6446 ^ 0x50eab96 - flags0 + flags0 | 0x4ea692e8 ^ flags0 ^ flags0 ^ 0x3b02b16c + 0x63b77c87 | flags0 - 0x45b1cde1	dispatch slot expression not recovered; use per-row target evidence when available	collect_missing_dispatch_targets
359	0xc3406	vmop_359_plus0x5_state_add_const_slot_multi_path	algebraic_mba	ready_for_symbolic_reduction	named_structural;needs_algebraic_simplification	obfuscated_table_dispatch:2	algebraic_state_or_slot_formula:2	slot_multi_path	state_add_const	+0x5	CCEEC	CE	b0=0x3d;b1=0x01;b2=enum2(0x1f:4,0xc3:2);b3=enum2(0xfc:4,0xde:2);b4=0x00	w0=0x013d;w1=enum2(0xfc1f:4,0xdec3:2)	041;056	2	2	108;160	2	12	vm_instruction_trace.tsv:6;vm_instruction_trace_filefill_hiddenfill_frontierfill_footprintfill.tsv:6	2	0		flags0;state0;u16_2	0xffff;0x16bae797;0x6683bbe1	pre_state;pre_flags;raw_vm_bytes:u16_2	mask32:4;&:4;|:4;+:2;-:2	state0 & flags0 | 0x16bae797 | u16_2 + state0 & flags0 | 0x16bae797 - 0x6683bbe1	4=(mask32((mask32(u16_2 + (mask32(state0 & (mask32(flags0 | 0x16bae797)))))) - 0x6683bbe1)) & 0xffff	simplify_to_c_expression_or_table
