section	offset	end	size	realsz	name	safe_name	kind	nbbs	ninstrs	edges	indegree	outdegree	nlocals	nargs	stackframe	noreturn	signature
.init	0x1fbd0	0x1fbe7	23	23	sym._init	native_stub_0001fbd0_sym_init	symbol_named	3	7	3	0	0	0	0	8	0	sym._init ();
.plt	0x1fc10	0x1fc16	6	6	sym.imp.__strtof_l	native_stub_0001fc10_sym_imp_strtof_l	import_plt	1	1	0	1	0	0	0	0	0	sym.imp.__strtof_l ();
.plt	0x1fc20	0x1fc26	6	6	loc.imp._ITM_memcpyRtWn	native_stub_0001fc20_loc_imp_ITM_memcpyRtWn	import_plt	1	1	0	1	0	0	0	0	0	loc.imp._ITM_memcpyRtWn ();
.plt	0x1fc30	0x1fc36	6	6	sym.imp.mprotect	native_stub_0001fc30_sym_imp_mprotect	import_plt	1	1	0	1	0	0	0	0	0	sym.imp.mprotect ();
.plt	0x1fc40	0x1fc46	6	6	sym.imp.sem_wait	native_stub_0001fc40_sym_imp_sem_wait	import_plt	1	1	0	1	0	0	0	0	0	sym.imp.sem_wait ();
.plt	0x1fc50	0x1fc56	6	6	sym.imp.fileno	native_stub_0001fc50_sym_imp_fileno	import_plt	1	1	0	1	0	0	0	0	0	int sym.imp.fileno (FILE *stream);
.plt	0x1fc60	0x1fc66	6	6	sym.imp.pthread_cond_destroy	native_stub_0001fc60_sym_imp_pthread_cond_destroy	import_plt	1	1	0	1	0	0	0	0	0	sym.imp.pthread_cond_destroy ();
.plt	0x1fc70	0x1fc76	6	6	sym.imp.printf	native_stub_0001fc70_sym_imp_printf	import_plt	1	1	0	53	0	0	0	0	0	int sym.imp.printf (const char *format);
.plt	0x1fc80	0x1fc86	6	6	sym.imp.__strcoll_l	native_stub_0001fc80_sym_imp_strcoll_l	import_plt	1	1	0	2	0	0	0	0	0	sym.imp.__strcoll_l ();
.plt	0x1fc90	0x1fc96	6	6	sym.imp.__nl_langinfo_l	native_stub_0001fc90_sym_imp_nl_langinfo_l	import_plt	1	1	0	214	0	0	0	0	0	sym.imp.__nl_langinfo_l ();
.plt	0x1fca0	0x1fca6	6	6	sym.imp.dgettext	native_stub_0001fca0_sym_imp_dgettext	import_plt	1	1	0	4	0	0	0	0	0	sym.imp.dgettext ();
.plt	0x1fcb0	0x1fcb6	6	6	sym.imp.wcsftime	native_stub_0001fcb0_sym_imp_wcsftime	import_plt	1	1	0	1	0	0	0	0	0	size_t sym.imp.wcsftime (wchar_t *s, size_t maxsize, const wchar_t *format, const tm *timeptr);
.plt	0x1fcc0	0x1fcc6	6	6	fcn.0001fcc0	native_stub_0001fcc0_fcn_0001fcc0	import_plt	1	1	0	13	0	0	0	0	0	fcn.0001fcc0 ();
.plt	0x1fcd0	0x1fcd6	6	6	sym.imp._Unwind_GetRegionStart	native_stub_0001fcd0_sym_imp_Unwind_GetRegionStart	import_plt	1	1	0	2	0	0	0	0	0	sym.imp._Unwind_GetRegionStart ();
.plt	0x1fce0	0x1fce6	6	6	sym.imp.fseeko64	native_stub_0001fce0_sym_imp_fseeko64	import_plt	1	1	0	4	0	0	0	0	0	sym.imp.fseeko64 ();
.plt	0x1fcf0	0x1fcf6	6	6	sym.imp.wmemcpy	native_stub_0001fcf0_sym_imp_wmemcpy	import_plt	1	1	0	56	0	0	0	0	0	wchar_t*sym.imp.wmemcpy (wchar_t *s1, const wchar_t *s2, size_t n);
.plt	0x1fd00	0x1fd06	6	6	sym.imp.memset	native_stub_0001fd00_sym_imp_memset	import_plt	1	1	0	31	0	0	0	0	0	void *sym.imp.memset (void *s, int c, size_t n);
.plt	0x1fd10	0x1fd16	6	6	sym.imp.ftell	native_stub_0001fd10_sym_imp_ftell	import_plt	1	1	0	7	0	0	0	0	0	long sym.imp.ftell (FILE *stream);
.plt	0x1fd20	0x1fd26	6	6	sym.imp.mbrtowc	native_stub_0001fd20_sym_imp_mbrtowc	import_plt	1	1	0	2	0	0	0	0	0	size_t sym.imp.mbrtowc (wchar_t *pwc, const char *s, size_t n, mbstate_t *ps);
.plt	0x1fd30	0x1fd36	6	6	sym.imp.snprintf	native_stub_0001fd30_sym_imp_snprintf	import_plt	1	1	0	76	0	0	0	0	0	int sym.imp.snprintf (char *s, size_t size, const char *format, vararg ...);
.plt	0x1fd40	0x1fd46	6	6	fcn.0001fd40	native_stub_0001fd40_fcn_0001fd40	import_plt	1	1	0	325	0	0	0	0	0	fcn.0001fd40 ();
.plt	0x1fd50	0x1fd56	6	6	sym.imp._Unwind_SetGR	native_stub_0001fd50_sym_imp_Unwind_SetGR	import_plt	1	1	0	2	0	0	0	0	0	sym.imp._Unwind_SetGR ();
.plt	0x1fd60	0x1fd66	6	6	sym.imp.wcslen	native_stub_0001fd60_sym_imp_wcslen	import_plt	1	1	0	84	0	0	0	0	0	size_t sym.imp.wcslen (const wchar_t *s);
.plt	0x1fd70	0x1fd76	6	6	fcn.0001fd70	native_stub_0001fd70_fcn_0001fd70	import_plt	1	1	0	2	0	0	0	0	0	fcn.0001fd70 ();
.plt	0x1fd80	0x1fd86	6	6	sym.imp.close	native_stub_0001fd80_sym_imp_close	import_plt	1	1	0	7	0	0	0	0	0	int sym.imp.close (int fildes);
.plt	0x1fd90	0x1fd96	6	6	sym.imp.__duplocale	native_stub_0001fd90_sym_imp_duplocale	import_plt	1	1	0	2	0	0	0	0	0	sym.imp.__duplocale ();
.plt	0x1fda0	0x1fda6	6	6	sym.imp._Unwind_GetDataRelBase	native_stub_0001fda0_sym_imp_Unwind_GetDataRelBase	import_plt	1	1	0	1	0	0	0	0	0	sym.imp._Unwind_GetDataRelBase ();
.plt	0x1fdb0	0x1fdb6	6	6	fcn.0001fdb0	native_stub_0001fdb0_fcn_0001fdb0	import_plt	1	1	0	4	0	0	0	0	0	fcn.0001fdb0 ();
.plt	0x1fdc0	0x1fdc6	6	6	sym.imp.ioctl	native_stub_0001fdc0_sym_imp_ioctl	import_plt	1	1	0	2	0	0	0	0	0	int sym.imp.ioctl (int fd, unsigned long request);
.plt	0x1fdd0	0x1fdd6	6	6	sym.imp.abort	native_stub_0001fdd0_sym_imp_abort	import_plt	1	1	0	6	0	0	0	0	1	void sym.imp.abort ();
.plt	0x1fde0	0x1fde6	6	6	sym.imp.memchr	native_stub_0001fde0_sym_imp_memchr	import_plt	1	1	0	38	0	0	0	0	0	void *sym.imp.memchr (void *s, int c, size_t n);
.plt	0x1fdf0	0x1fdf6	6	6	fcn.0001fdf0	native_stub_0001fdf0_fcn_0001fdf0	import_plt	1	1	0	1	0	0	0	0	0	fcn.0001fdf0 ();
.plt	0x1fe00	0x1fe06	6	6	sym.imp.epoll_create	native_stub_0001fe00_sym_imp_epoll_create	import_plt	1	1	0	1	0	0	0	0	0	sym.imp.epoll_create ();
.plt	0x1fe10	0x1fe16	6	6	sym.imp.sem_destroy	native_stub_0001fe10_sym_imp_sem_destroy	import_plt	1	1	0	1	0	0	0	0	0	sym.imp.sem_destroy ();
.plt	0x1fe20	0x1fe26	6	6	sym.imp.puts	native_stub_0001fe20_sym_imp_puts	import_plt	1	1	0	66	0	0	0	0	0	int sym.imp.puts (const char *s);
.plt	0x1fe30	0x1fe36	6	6	sym.imp.uname	native_stub_0001fe30_sym_imp_uname	import_plt	1	1	0	3	0	0	0	0	0	sym.imp.uname ();
.plt	0x1fe40	0x1fe46	6	6	sym.imp.fseek	native_stub_0001fe40_sym_imp_fseek	import_plt	1	1	0	12	0	0	0	0	0	int sym.imp.fseek (FILE *stream, long offset, int whence);
.plt	0x1fe50	0x1fe56	6	6	sym.imp.getaddrinfo	native_stub_0001fe50_sym_imp_getaddrinfo	import_plt	1	1	0	1	0	0	0	0	0	sym.imp.getaddrinfo ();
.plt	0x1fe60	0x1fe66	6	6	sym.imp.bindtextdomain	native_stub_0001fe60_sym_imp_bindtextdomain	import_plt	1	1	0	4	0	0	0	0	0	char *sym.imp.bindtextdomain (char *domainname, char *dirname);
.plt	0x1fe70	0x1fe76	6	6	sym.imp.wmemcmp	native_stub_0001fe70_sym_imp_wmemcmp	import_plt	1	1	0	16	0	0	0	0	0	int sym.imp.wmemcmp (wchar_t *s1, const wchar_t *s2, size_t n);
.plt	0x1fe80	0x1fe86	6	6	sym.imp.__strftime_l	native_stub_0001fe80_sym_imp_strftime_l	import_plt	1	1	0	1	0	0	0	0	0	sym.imp.__strftime_l ();
.plt	0x1fe90	0x1fe96	6	6	sym.imp.gettimeofday	native_stub_0001fe90_sym_imp_gettimeofday	import_plt	1	1	0	3	0	0	0	0	0	sym.imp.gettimeofday ();
.plt	0x1fea0	0x1fea6	6	6	fcn.0001fea0	native_stub_0001fea0_fcn_0001fea0	import_plt	1	1	0	1	0	0	0	0	0	fcn.0001fea0 ();
.plt	0x1feb0	0x1feb6	6	6	sym.imp.setvbuf	native_stub_0001feb0_sym_imp_setvbuf	import_plt	1	1	0	1	0	0	0	0	0	int sym.imp.setvbuf (FILE*stream, char *buf, int mode, size_t size);
.plt	0x1fec0	0x1fec6	6	6	sym.imp.__strxfrm_l	native_stub_0001fec0_sym_imp_strxfrm_l	import_plt	1	1	0	2	0	0	0	0	0	sym.imp.__strxfrm_l ();
.plt	0x1fed0	0x1fed6	6	6	sym.imp.putchar	native_stub_0001fed0_sym_imp_putchar	import_plt	1	1	0	25	0	0	0	0	0	int sym.imp.putchar (int c);
.plt	0x1fee0	0x1fee6	6	6	loc.imp._ITM_RU1	native_stub_0001fee0_loc_imp_ITM_RU1	import_plt	1	1	0	1	0	0	0	0	0	loc.imp._ITM_RU1 ();
.plt	0x1fef0	0x1fef6	6	6	sym.imp.mbsnrtowcs	native_stub_0001fef0_sym_imp_mbsnrtowcs	import_plt	1	1	0	2	0	0	0	0	0	sym.imp.mbsnrtowcs ();
.plt	0x1ff00	0x1ff06	6	6	sym.imp.read	native_stub_0001ff00_sym_imp_read	import_plt	1	1	0	3	0	0	0	0	0	ssize_t sym.imp.read (int fildes, void *buf, size_t nbyte);
.plt	0x1ff10	0x1ff16	6	6	sym.imp.strncmp	native_stub_0001ff10_sym_imp_strncmp	import_plt	1	1	0	1	0	0	0	0	0	int sym.imp.strncmp (const char *s1, const char *s2, size_t n);
.plt	0x1ff20	0x1ff26	6	6	sym.imp.malloc	native_stub_0001ff20_sym_imp_malloc	import_plt	1	1	0	5	0	0	0	0	0	void *sym.imp.malloc (size_t size);
.plt	0x1ff30	0x1ff36	6	6	sym.imp.fopen	native_stub_0001ff30_sym_imp_fopen	import_plt	1	1	0	16	0	0	0	0	0	file*sym.imp.fopen (const char *filename, const char *mode);
.plt	0x1ff40	0x1ff46	6	6	sym.imp.recv	native_stub_0001ff40_sym_imp_recv	import_plt	1	1	0	2	0	0	0	0	0	ssize_t sym.imp.recv (int socket, void *buffer, size_t length, int flags);
.plt	0x1ff50	0x1ff56	6	6	fcn.0001ff50	native_stub_0001ff50_fcn_0001ff50	import_plt	1	1	0	15	0	0	0	0	0	fcn.0001ff50 ();
.plt	0x1ff60	0x1ff66	6	6	sym.imp.gettext	native_stub_0001ff60_sym_imp_gettext	import_plt	1	1	0	11	0	0	0	0	0	sym.imp.gettext ();
.plt	0x1ff80	0x1ff86	6	6	fcn.0001ff80	native_stub_0001ff80_fcn_0001ff80	import_plt	1	1	0	3	0	0	0	0	0	fcn.0001ff80 ();
.plt	0x1ff90	0x1ff96	6	6	fcn.0001ff90	native_stub_0001ff90_fcn_0001ff90	import_plt	1	1	0	1	0	0	0	0	0	fcn.0001ff90 ();
.plt	0x1ffa0	0x1ffa6	6	6	sym.imp.strtold_l	native_stub_0001ffa0_sym_imp_strtold_l	import_plt	1	1	0	1	0	0	0	0	0	sym.imp.strtold_l ();
.plt	0x1ffb0	0x1ffb6	6	6	sym.imp.sched_yield	native_stub_0001ffb0_sym_imp_sched_yield	import_plt	1	1	0	1	0	0	0	0	0	sym.imp.sched_yield ();
.plt	0x1ffc0	0x1ffc6	6	6	sym.imp.ungetwc	native_stub_0001ffc0_sym_imp_ungetwc	import_plt	1	1	0	3	0	0	0	0	0	wint_t sym.imp.ungetwc (wint_t c, FILE *stream);
.plt	0x1ffd0	0x1ffd6	6	6	sym.imp._Unwind_DeleteException	native_stub_0001ffd0_sym_imp_Unwind_DeleteException	import_plt	1	1	0	2	0	0	0	0	0	sym.imp._Unwind_DeleteException ();
.plt	0x1ffe0	0x1ffe6	6	6	sym.imp.pthread_cond_timedwait	native_stub_0001ffe0_sym_imp_pthread_cond_timedwait	import_plt	1	1	0	1	0	0	0	0	0	sym.imp.pthread_cond_timedwait ();
.plt	0x1fff0	0x1fff6	6	6	sym.imp.__wctype_l	native_stub_0001fff0_sym_imp_wctype_l	import_plt	1	1	0	12	0	0	0	0	0	sym.imp.__wctype_l ();
.plt	0x20000	0x20006	6	6	sym.imp.__memcpy_chk	native_stub_00020000_sym_imp_memcpy_chk	import_plt	1	1	0	1	0	0	0	0	0	sym.imp.__memcpy_chk ();
.plt	0x20010	0x20016	6	6	sym.imp.gmtime	native_stub_00020010_sym_imp_gmtime	import_plt	1	1	0	1	0	0	0	0	0	tm*sym.imp.gmtime (const time_t *timer);
.plt	0x20020	0x20026	6	6	sym.imp.__cxa_atexit	native_stub_00020020_sym_imp_cxa_atexit	import_plt	1	1	0	36	0	0	0	0	0	sym.imp.__cxa_atexit ();
.plt	0x20030	0x20036	6	6	fcn.00020030	native_stub_00020030_fcn_00020030	import_plt	1	1	0	4	0	0	0	0	0	fcn.00020030 ();
.plt	0x20040	0x20046	6	6	fcn.00020040	native_stub_00020040_fcn_00020040	import_plt	1	1	0	1	0	0	0	0	0	fcn.00020040 ();
.plt	0x20050	0x20056	6	6	fcn.00020050	native_stub_00020050_fcn_00020050	import_plt	1	1	0	2	0	0	0	0	0	fcn.00020050 ();
.plt	0x20060	0x20066	6	6	sym.imp.setsockopt	native_stub_00020060_sym_imp_setsockopt	import_plt	1	1	0	2	0	0	0	0	0	int sym.imp.setsockopt (int sockfd, int level, int optname, void *optval, socklen_t optlen);
.plt	0x20070	0x20076	6	6	sym.imp.sysconf	native_stub_00020070_sym_imp_sysconf	import_plt	1	1	0	1	0	0	0	0	0	sym.imp.sysconf ();
.plt	0x20080	0x20086	6	6	sym.imp.getpid	native_stub_00020080_sym_imp_getpid	import_plt	1	1	0	1	0	0	0	0	0	int sym.imp.getpid ();
.plt	0x20090	0x20096	6	6	sym.imp.pthread_mutex_init	native_stub_00020090_sym_imp_pthread_mutex_init	import_plt	1	1	0	1	0	0	0	0	0	sym.imp.pthread_mutex_init ();
.plt	0x200a0	0x200a6	6	6	sym.imp.fgets	native_stub_000200a0_sym_imp_fgets	import_plt	1	1	0	3	0	0	0	0	0	char *sym.imp.fgets (char *s, int size, FILE *stream);
.plt	0x200b0	0x200b6	6	6	sym.imp.__towupper_l	native_stub_000200b0_sym_imp_towupper_l	import_plt	1	1	0	2	0	0	0	0	0	sym.imp.__towupper_l ();
.plt	0x200c0	0x200c6	6	6	fcn.000200c0	native_stub_000200c0_fcn_000200c0	import_plt	1	1	0	24	0	0	0	0	0	fcn.000200c0 ();
.plt	0x200d0	0x200d6	6	6	sym.imp.__wcsxfrm_l	native_stub_000200d0_sym_imp_wcsxfrm_l	import_plt	1	1	0	2	0	0	0	0	0	sym.imp.__wcsxfrm_l ();
.plt	0x200e0	0x200e6	6	6	sym.imp.__fxstat64	native_stub_000200e0_sym_imp_fxstat64	import_plt	1	1	0	1	0	0	0	0	0	sym.imp.__fxstat64 ();
.plt	0x200f0	0x200f6	6	6	sym.imp.iconv_open	native_stub_000200f0_sym_imp_iconv_open	import_plt	1	1	0	4	0	0	0	0	0	sym.imp.iconv_open ();
.plt	0x20100	0x20106	6	6	sym.imp.getpwuid	native_stub_00020100_sym_imp_getpwuid	import_plt	1	1	0	1	0	0	0	0	0	sym.imp.getpwuid ();
.plt	0x20110	0x20116	6	6	fcn.00020110	native_stub_00020110_fcn_00020110	import_plt	1	1	0	44	0	0	0	0	0	fcn.00020110 ();
.plt	0x20130	0x20136	6	6	fcn.00020130	native_stub_00020130_fcn_00020130	import_plt	1	1	0	2	0	0	0	0	0	fcn.00020130 ();
.plt	0x20140	0x20146	6	6	sym.imp._Unwind_GetLanguageSpecificData	native_stub_00020140_sym_imp_Unwind_GetLanguageSpecificData	import_plt	1	1	0	1	0	0	0	0	0	sym.imp._Unwind_GetLanguageSpecificData ();
.plt	0x20150	0x20156	6	6	sym.imp.vswprintf	native_stub_00020150_sym_imp_vswprintf	import_plt	1	1	0	1	0	0	0	0	0	int sym.imp.vswprintf (wchar_t *s, size_t n, const wchar_t *format, va_list arg);
.plt	0x20160	0x20166	6	6	fcn.00020160	native_stub_00020160_fcn_00020160	import_plt	1	1	0	16	0	0	0	0	0	fcn.00020160 ();
.plt	0x20170	0x20176	6	6	sym.imp.__udivti3	native_stub_00020170_sym_imp_udivti3	import_plt	1	1	0	1	0	0	0	0	0	sym.imp.__udivti3 ();
.plt	0x20180	0x20186	6	6	sym.imp._Unwind_Resume_or_Rethrow	native_stub_00020180_sym_imp_Unwind_Resume_or_Rethrow	import_plt	1	1	0	1	0	0	0	0	0	sym.imp._Unwind_Resume_or_Rethrow ();
.plt	0x20190	0x20196	6	6	sym.imp.ungetc	native_stub_00020190_sym_imp_ungetc	import_plt	1	1	0	3	0	0	0	0	0	int sym.imp.ungetc (int c, FILE *stream);
.plt	0x201a0	0x201a6	6	6	sym.imp.__wcscoll_l	native_stub_000201a0_sym_imp_wcscoll_l	import_plt	1	1	0	2	0	0	0	0	0	sym.imp.__wcscoll_l ();
.plt	0x201b0	0x201b6	6	6	sym.imp.__popcountdi2	native_stub_000201b0_sym_imp_popcountdi2	import_plt	1	1	0	5	0	0	0	0	0	sym.imp.__popcountdi2 ();
.plt	0x201c0	0x201c6	6	6	sym.imp.fputc	native_stub_000201c0_sym_imp_fputc	import_plt	1	1	0	1	0	0	0	0	0	int sym.imp.fputc (int c, FILE *stream);
.plt	0x201d0	0x201d6	6	6	sym.imp.freeaddrinfo	native_stub_000201d0_sym_imp_freeaddrinfo	import_plt	1	1	0	1	0	0	0	0	0	sym.imp.freeaddrinfo ();
.plt	0x201e0	0x201e6	6	6	sym.imp.free	native_stub_000201e0_sym_imp_free	import_plt	1	1	0	127	0	0	0	0	0	void sym.imp.free (void *ptr);
.plt	0x201f0	0x201f6	6	6	sym.imp.secure_getenv	native_stub_000201f0_sym_imp_secure_getenv	import_plt	1	1	0	2	0	0	0	0	0	sym.imp.secure_getenv ();
.plt	0x20200	0x20206	6	6	sym.imp.strlen	native_stub_00020200_sym_imp_strlen	import_plt	1	1	0	177	0	0	0	0	0	size_t sym.imp.strlen (const char *s);
.plt	0x20210	0x20216	6	6	fcn.00020210	native_stub_00020210_fcn_00020210	import_plt	1	1	0	35	0	0	0	0	0	fcn.00020210 ();
.plt	0x20220	0x20226	6	6	sym.imp.ferror	native_stub_00020220_sym_imp_ferror	import_plt	1	1	0	1	0	0	0	0	0	int sym.imp.ferror (FILE *stream);
.plt	0x20230	0x20236	6	6	sym.imp.pthread_create	native_stub_00020230_sym_imp_pthread_create	import_plt	1	1	0	2	0	0	0	0	0	sym.imp.pthread_create ();
.plt	0x20240	0x20246	6	6	sym.imp.wmemchr	native_stub_00020240_sym_imp_wmemchr	import_plt	1	1	0	32	0	0	0	0	0	wchar_t*sym.imp.wmemchr (wchar_t *s, wchar_t c, size_t n);
.plt	0x20250	0x20256	6	6	sym.imp.opendir	native_stub_00020250_sym_imp_opendir	import_plt	1	1	0	2	0	0	0	0	0	sym.imp.opendir ();
.plt	0x20260	0x20266	6	6	sym.imp.__xstat	native_stub_00020260_sym_imp_xstat	import_plt	1	1	0	2	0	0	0	0	0	sym.imp.__xstat ();
.plt	0x20270	0x20276	6	6	sym.imp.pclose	native_stub_00020270_sym_imp_pclose	import_plt	1	1	0	1	0	0	0	0	0	int sym.imp.pclose (FILE *stream);
.plt	0x20280	0x20286	6	6	sym.imp.pthread_cond_init	native_stub_00020280_sym_imp_pthread_cond_init	import_plt	1	1	0	1	0	0	0	0	0	sym.imp.pthread_cond_init ();
.plt	0x20290	0x20296	6	6	sym.imp.__xpg_basename	native_stub_00020290_sym_imp_xpg_basename	import_plt	1	1	0	1	0	0	0	0	0	sym.imp.__xpg_basename ();
.plt	0x202a0	0x202a6	6	6	sym.imp._Unwind_RaiseException	native_stub_000202a0_sym_imp_Unwind_RaiseException	import_plt	1	1	0	1	0	0	0	0	0	sym.imp._Unwind_RaiseException ();
.plt	0x202b0	0x202b6	6	6	sym.imp.__ctype_get_mb_cur_max	native_stub_000202b0_sym_imp_ctype_get_mb_cur_max	import_plt	1	1	0	2	0	0	0	0	0	sym.imp.__ctype_get_mb_cur_max ();
.plt	0x202c0	0x202c6	6	6	sym.imp.realpath	native_stub_000202c0_sym_imp_realpath	import_plt	1	1	0	2	0	0	0	0	0	sym.imp.realpath ();
.plt	0x202d0	0x202d6	6	6	sym.imp.wctob	native_stub_000202d0_sym_imp_wctob	import_plt	1	1	0	4	0	0	0	0	0	int sym.imp.wctob (wint_t c);
.plt	0x202e0	0x202e6	6	6	sym.imp.__wcsftime_l	native_stub_000202e0_sym_imp_wcsftime_l	import_plt	1	1	0	1	0	0	0	0	0	sym.imp.__wcsftime_l ();
.plt	0x202f0	0x202f6	6	6	sym.imp.__iswctype_l	native_stub_000202f0_sym_imp_iswctype_l	import_plt	1	1	0	3	0	0	0	0	0	sym.imp.__iswctype_l ();
.plt	0x20300	0x20306	6	6	sym.imp.readdir	native_stub_00020300_sym_imp_readdir	import_plt	1	1	0	3	0	0	0	0	0	sym.imp.readdir ();
.plt	0x20310	0x20316	6	6	sym.imp.__tls_get_addr	native_stub_00020310_sym_imp_tls_get_addr	import_plt	1	1	0	15	0	0	0	0	0	sym.imp.__tls_get_addr ();
.plt	0x20320	0x20326	6	6	sym.imp.mbstowcs	native_stub_00020320_sym_imp_mbstowcs	import_plt	1	1	0	2	0	0	0	0	0	size_t sym.imp.mbstowcs (wchar_t *pwcs, const char *s, size_t n);
.plt	0x20330	0x20336	6	6	sym.imp.fdopen	native_stub_00020330_sym_imp_fdopen	import_plt	1	1	0	1	0	0	0	0	0	sym.imp.fdopen ();
.plt	0x20340	0x20346	6	6	sym.imp.syscall	native_stub_00020340_sym_imp_syscall	import_plt	1	1	0	3	0	0	0	0	0	sym.imp.syscall ();
.plt	0x20350	0x20356	6	6	sym.imp.memfd_create	native_stub_00020350_sym_imp_memfd_create	import_plt	1	1	0	1	0	0	0	0	0	sym.imp.memfd_create ();
.plt	0x20360	0x20366	6	6	sym.imp.iconv	native_stub_00020360_sym_imp_iconv	import_plt	1	1	0	4	0	0	0	0	0	sym.imp.iconv ();
.plt	0x20370	0x20376	6	6	sym.imp.dlclose	native_stub_00020370_sym_imp_dlclose	import_plt	1	1	0	1	0	0	0	0	0	sym.imp.dlclose ();
.plt	0x20380	0x20386	6	6	fcn.00020380	native_stub_00020380_fcn_00020380	import_plt	1	1	0	6	0	0	0	0	0	fcn.00020380 ();
.plt	0x20390	0x20396	6	6	sym.imp.pthread_self	native_stub_00020390_sym_imp_pthread_self	import_plt	1	1	0	7	0	0	0	0	0	sym.imp.pthread_self ();
.plt	0x203b0	0x203b6	6	6	fcn.000203b0	native_stub_000203b0_fcn_000203b0	import_plt	1	1	0	35	0	0	0	0	0	fcn.000203b0 ();
.plt	0x203d0	0x203d6	6	6	sym.imp.pthread_join	native_stub_000203d0_sym_imp_pthread_join	import_plt	1	1	0	1	0	0	0	0	0	sym.imp.pthread_join ();
.plt	0x203e0	0x203e6	6	6	sym.imp.__newlocale	native_stub_000203e0_sym_imp_newlocale	import_plt	1	1	0	2	0	0	0	0	0	sym.imp.__newlocale ();
.plt	0x203f0	0x203f6	6	6	sym.imp.poll	native_stub_000203f0_sym_imp_poll	import_plt	1	1	0	1	0	0	0	0	0	sym.imp.poll ();
.plt	0x20400	0x20406	6	6	sym.imp.pthread_mutex_trylock	native_stub_00020400_sym_imp_pthread_mutex_trylock	import_plt	1	1	0	1	0	0	0	0	0	sym.imp.pthread_mutex_trylock ();
.plt	0x20410	0x20416	6	6	sym.imp.gmtime_r	native_stub_00020410_sym_imp_gmtime_r	import_plt	1	1	0	3	0	0	0	0	0	sym.imp.gmtime_r ();
.plt	0x20420	0x20426	6	6	sym.imp.strerror	native_stub_00020420_sym_imp_strerror	import_plt	1	1	0	3	0	0	0	0	0	char *sym.imp.strerror (int errnum);
.plt	0x20430	0x20436	6	6	sym.imp.epoll_ctl	native_stub_00020430_sym_imp_epoll_ctl	import_plt	1	1	0	1	0	0	0	0	0	sym.imp.epoll_ctl ();
.plt	0x20440	0x20446	6	6	sym.imp.strstr	native_stub_00020440_sym_imp_strstr	import_plt	1	1	0	5	0	0	0	0	0	char *sym.imp.strstr (const char *s1, const char *s2);
.plt	0x20450	0x20456	6	6	sym.imp.rewind	native_stub_00020450_sym_imp_rewind	import_plt	1	1	0	2	0	0	0	0	0	void sym.imp.rewind (FILE *stream);
.plt	0x20460	0x20466	6	6	sym.imp.getsockopt	native_stub_00020460_sym_imp_getsockopt	import_plt	1	1	0	1	0	0	0	0	0	int sym.imp.getsockopt (int sockfd, int level, int optname, void *optval, socklen_t *optlen);
.plt	0x20470	0x20476	6	6	fcn.00020470	native_stub_00020470_fcn_00020470	import_plt	1	1	0	1	0	0	0	0	0	fcn.00020470 ();
.plt	0x20480	0x20486	6	6	fcn.00020480	native_stub_00020480_fcn_00020480	import_plt	1	1	0	4	0	0	0	0	0	fcn.00020480 ();
.plt	0x20490	0x20496	6	6	sym.imp.fputs	native_stub_00020490_sym_imp_fputs	import_plt	1	1	0	3	0	0	0	0	0	int sym.imp.fputs (const char *s, FILE *stream);
.plt	0x204a0	0x204a6	6	6	sym.imp.lseek	native_stub_000204a0_sym_imp_lseek	import_plt	1	1	0	0	0	0	0	0	0	sym.imp.lseek ();
.plt	0x204b0	0x204b6	6	6	sym.imp.readlink	native_stub_000204b0_sym_imp_readlink	import_plt	1	1	0	2	0	0	0	0	0	int sym.imp.readlink (const char *path, char *buf, int bufsize);
.plt	0x204c0	0x204c6	6	6	sym.imp.atoi	native_stub_000204c0_sym_imp_atoi	import_plt	1	1	0	1	0	0	0	0	0	int sym.imp.atoi (const char *str);
.plt	0x204d0	0x204d6	6	6	sym.imp.connect	native_stub_000204d0_sym_imp_connect	import_plt	1	1	0	2	0	0	0	0	0	ssize_t sym.imp.connect (int socket, void *addr, size_t addrlen);
.plt	0x204e0	0x204e6	6	6	sym.imp.mbsrtowcs	native_stub_000204e0_sym_imp_mbsrtowcs	import_plt	1	1	0	12	0	0	0	0	0	size_t sym.imp.mbsrtowcs (wchar_t *dst, const char * *src, size_t len, mbstate_t *ps);
.plt	0x204f0	0x204f6	6	6	sym.imp.towlower	native_stub_000204f0_sym_imp_towlower	import_plt	1	1	0	1	0	0	0	0	0	wint_t sym.imp.towlower (wint_t wc);
.plt	0x20500	0x20506	6	6	sym.imp.wcrtomb	native_stub_00020500_sym_imp_wcrtomb	import_plt	1	1	0	2	0	0	0	0	0	size_t sym.imp.wcrtomb (char *s, wchar_t wc, mbstate_t *ps);
.plt	0x20510	0x20516	6	6	sym.imp.putwc	native_stub_00020510_sym_imp_putwc	import_plt	1	1	0	2	0	0	0	0	0	wint_t sym.imp.putwc (wchar_t c, FILE *stream);
.plt	0x20530	0x20536	6	6	sym.imp.putc	native_stub_00020530_sym_imp_putc	import_plt	1	1	0	1	0	0	0	0	0	int sym.imp.putc (int c, FILE *stream);
.plt	0x20540	0x20546	6	6	fcn.00020540	native_stub_00020540_fcn_00020540	import_plt	1	1	0	378	0	0	0	0	0	fcn.00020540 ();
.plt	0x20550	0x20556	6	6	fcn.00020550	native_stub_00020550_fcn_00020550	import_plt	1	1	0	15	0	0	0	0	0	fcn.00020550 ();
.plt	0x20560	0x20566	6	6	sym.imp.signal	native_stub_00020560_sym_imp_signal	import_plt	1	1	0	2	0	0	0	0	0	void sym.imp.signal (int sig, void *func);
.plt	0x20570	0x20576	6	6	sym.imp.memmove	native_stub_00020570_sym_imp_memmove	import_plt	1	1	0	55	0	0	0	0	0	void *sym.imp.memmove (void *s1, const void *s2, size_t n);
.plt	0x20580	0x20586	6	6	sym.imp.strchr	native_stub_00020580_sym_imp_strchr	import_plt	1	1	0	1	0	0	0	0	0	char *sym.imp.strchr (const char *s, int c);
.plt	0x20590	0x20596	6	6	fcn.00020590	native_stub_00020590_fcn_00020590	import_plt	1	1	0	1	0	0	0	0	0	fcn.00020590 ();
.plt	0x205a0	0x205a6	6	6	sym.imp.socket	native_stub_000205a0_sym_imp_socket	import_plt	1	1	0	1	0	0	0	0	0	int sym.imp.socket (int domain, int type, int protocol);
.plt	0x205b0	0x205b6	6	6	sym.imp.vsnprintf	native_stub_000205b0_sym_imp_vsnprintf	import_plt	1	1	0	4	0	0	0	0	0	int sym.imp.vsnprintf (char *s, size_t size, const char *format, va_list arg);
.plt	0x205c0	0x205c6	6	6	sym.imp.fread	native_stub_000205c0_sym_imp_fread	import_plt	1	1	0	12	0	0	0	0	0	size_t sym.imp.fread (void *ptr, size_t size, size_t nmemb, FILE *stream);
.plt	0x205d0	0x205d6	6	6	sym.imp.wmemmove	native_stub_000205d0_sym_imp_wmemmove	import_plt	1	1	0	9	0	0	0	0	0	wchar_t*sym.imp.wmemmove (wchar_t *s1, const wchar_t *s2, size_t n);
.plt	0x205e0	0x205e6	6	6	fcn.000205e0	native_stub_000205e0_fcn_000205e0	import_plt	1	1	0	1	0	0	0	0	0	fcn.000205e0 ();
.plt	0x205f0	0x205f6	6	6	sym.imp.getenv	native_stub_000205f0_sym_imp_getenv	import_plt	1	1	0	3	0	0	0	0	0	char *sym.imp.getenv (const char *name);
.plt	0x20600	0x20606	6	6	sym.imp.alarm	native_stub_00020600_sym_imp_alarm	import_plt	1	1	0	1	0	0	0	0	0	sym.imp.alarm ();
.plt	0x20610	0x20616	6	6	loc.imp._ITM_memcpyRnWt	native_stub_00020610_loc_imp_ITM_memcpyRnWt	import_plt	1	1	0	18	0	0	0	0	0	loc.imp._ITM_memcpyRnWt ();
.plt	0x20620	0x20626	6	6	sym.imp._Unwind_GetIPInfo	native_stub_00020620_sym_imp_Unwind_GetIPInfo	import_plt	1	1	0	1	0	0	0	0	0	sym.imp._Unwind_GetIPInfo ();
.plt	0x20630	0x20636	6	6	sym.imp.dl_iterate_phdr	native_stub_00020630_sym_imp_dl_iterate_phdr	import_plt	1	1	0	0	0	0	0	0	0	sym.imp.dl_iterate_phdr ();
.plt	0x20640	0x20646	6	6	sym.imp.__errno_location	native_stub_00020640_sym_imp_errno_location	import_plt	1	1	0	12	0	0	0	0	0	sym.imp.__errno_location ();
.plt	0x20650	0x20656	6	6	fcn.00020650	native_stub_00020650_fcn_00020650	import_plt	1	1	0	6	0	0	0	0	0	fcn.00020650 ();
.plt	0x20660	0x20666	6	6	fcn.00020660	native_stub_00020660_fcn_00020660	import_plt	1	1	0	1	0	0	0	0	0	fcn.00020660 ();
.plt	0x20670	0x20676	6	6	sym.imp.strdup	native_stub_00020670_sym_imp_strdup	import_plt	1	1	0	1	0	0	0	0	0	char *sym.imp.strdup (const char *src);
.plt	0x20680	0x20686	6	6	sym.imp.sem_init	native_stub_00020680_sym_imp_sem_init	import_plt	1	1	0	1	0	0	0	0	0	sym.imp.sem_init ();
.plt	0x20690	0x20696	6	6	sym.imp.pthread_mutexattr_settype	native_stub_00020690_sym_imp_pthread_mutexattr_settype	import_plt	1	1	0	1	0	0	0	0	0	sym.imp.pthread_mutexattr_settype ();
.plt	0x206a0	0x206a6	6	6	sym.imp.__uselocale	native_stub_000206a0_sym_imp_uselocale	import_plt	1	1	0	38	0	0	0	0	0	sym.imp.__uselocale ();
.plt	0x206b0	0x206b6	6	6	fcn.000206b0	native_stub_000206b0_fcn_000206b0	import_plt	1	1	0	2	0	0	0	0	0	fcn.000206b0 ();
.plt	0x206c0	0x206c6	6	6	sym.imp.__stack_chk_fail	native_stub_000206c0_sym_imp_stack_chk_fail	import_plt	1	1	0	1160	0	0	0	0	1	void sym.imp.__stack_chk_fail ();
.plt	0x206e0	0x206e6	6	6	sym.imp.strcmp	native_stub_000206e0_sym_imp_strcmp	import_plt	1	1	0	35	0	0	0	0	0	int sym.imp.strcmp (const char *s1, const char *s2);
.plt	0x206f0	0x206f6	6	6	sym.imp.send	native_stub_000206f0_sym_imp_send	import_plt	1	1	0	1	0	0	0	0	0	ssize_t sym.imp.send (int socket, void *buffer, size_t length, int flags);
.plt	0x20700	0x20706	6	6	fcn.00020700	native_stub_00020700_fcn_00020700	import_plt	1	1	0	1	0	0	0	0	0	fcn.00020700 ();
.plt	0x20710	0x20716	6	6	fcn.00020710	native_stub_00020710_fcn_00020710	import_plt	1	1	0	1	0	0	0	0	0	fcn.00020710 ();
.plt	0x20720	0x20726	6	6	sym.imp.sem_post	native_stub_00020720_sym_imp_sem_post	import_plt	1	1	0	1	0	0	0	0	0	sym.imp.sem_post ();
.plt	0x20730	0x20736	6	6	fcn.00020730	native_stub_00020730_fcn_00020730	import_plt	1	1	0	86	0	0	0	0	0	fcn.00020730 ();
.plt	0x20740	0x20746	6	6	sym.imp.__strtod_l	native_stub_00020740_sym_imp_strtod_l	import_plt	1	1	0	1	0	0	0	0	0	sym.imp.__strtod_l ();
.plt	0x20750	0x20756	6	6	sym.imp.epoll_wait	native_stub_00020750_sym_imp_epoll_wait	import_plt	1	1	0	1	0	0	0	0	0	sym.imp.epoll_wait ();
.plt	0x20760	0x20766	6	6	sym.imp.getwc	native_stub_00020760_sym_imp_getwc	import_plt	1	1	0	3	0	0	0	0	0	wint_t sym.imp.getwc (FILE *stream);
.plt	0x20770	0x20776	6	6	sym.imp.nanosleep	native_stub_00020770_sym_imp_nanosleep	import_plt	1	1	0	1	0	0	0	0	0	int sym.imp.nanosleep (const struct timespec *req, struct timespec *rem);
.plt	0x20780	0x20786	6	6	sym.imp.glob	native_stub_00020780_sym_imp_glob	import_plt	1	1	0	1	0	0	0	0	0	sym.imp.glob ();
.plt	0x20790	0x20796	6	6	sym.imp.getuid	native_stub_00020790_sym_imp_getuid	import_plt	1	1	0	1	0	0	0	0	0	uid_t sym.imp.getuid ();
.plt	0x207a0	0x207a6	6	6	sym.imp.pthread_cond_wait	native_stub_000207a0_sym_imp_pthread_cond_wait	import_plt	1	1	0	1	0	0	0	0	0	sym.imp.pthread_cond_wait ();
.plt	0x207b0	0x207b6	6	6	fcn.000207b0	native_stub_000207b0_fcn_000207b0	import_plt	1	1	0	2	0	0	0	0	0	fcn.000207b0 ();
.plt	0x207c0	0x207c6	6	6	sym.imp.dladdr	native_stub_000207c0_sym_imp_dladdr	import_plt	1	1	0	0	0	0	0	0	0	sym.imp.dladdr ();
.plt	0x207d0	0x207d6	6	6	sym.imp.pthread_once	native_stub_000207d0_sym_imp_pthread_once	import_plt	1	1	0	6	0	0	0	0	0	sym.imp.pthread_once ();
.plt	0x207e0	0x207e6	6	6	sym.imp.memcmp	native_stub_000207e0_sym_imp_memcmp	import_plt	1	1	0	127	0	0	0	0	0	int sym.imp.memcmp (const void *s1, const void *s2, size_t n);
.plt	0x207f0	0x207f6	6	6	fcn.000207f0	native_stub_000207f0_fcn_000207f0	import_plt	1	1	0	4	0	0	0	0	0	fcn.000207f0 ();
.plt	0x20800	0x20806	6	6	sym.imp.calloc	native_stub_00020800_sym_imp_calloc	import_plt	1	1	0	69	0	0	0	0	0	void *sym.imp.calloc (size_t nmeb, size_t size);
.plt	0x20810	0x20816	6	6	sym.imp.globfree	native_stub_00020810_sym_imp_globfree	import_plt	1	1	0	1	0	0	0	0	0	sym.imp.globfree ();
.plt	0x20820	0x20826	6	6	sym.imp.munmap	native_stub_00020820_sym_imp_munmap	import_plt	1	1	0	5	0	0	0	0	0	int sym.imp.munmap (void*addr, size_t length);
.plt	0x20830	0x20836	6	6	sym.imp.feof	native_stub_00020830_sym_imp_feof	import_plt	1	1	0	2	0	0	0	0	0	int sym.imp.feof (FILE *stream);
.plt	0x20840	0x20846	6	6	fcn.00020840	native_stub_00020840_fcn_00020840	import_plt	1	1	0	1	0	0	0	0	0	fcn.00020840 ();
.plt	0x20850	0x20856	6	6	fcn.00020850	native_stub_00020850_fcn_00020850	import_plt	1	1	0	2	0	0	0	0	0	fcn.00020850 ();
.plt	0x20860	0x20866	6	6	sym.imp.writev	native_stub_00020860_sym_imp_writev	import_plt	1	1	0	1	0	0	0	0	0	sym.imp.writev ();
.plt	0x20870	0x20876	6	6	sym.imp.fclose	native_stub_00020870_sym_imp_fclose	import_plt	1	1	0	28	0	0	0	0	0	int sym.imp.fclose (FILE *stream);
.plt	0x20890	0x20896	6	6	sym.imp.isspace	native_stub_00020890_sym_imp_isspace	import_plt	1	1	0	0	0	0	0	0	0	int sym.imp.isspace (int c);
.plt	0x208a0	0x208a6	6	6	fcn.000208a0	native_stub_000208a0_fcn_000208a0	import_plt	1	1	0	30	0	0	0	0	0	fcn.000208a0 ();
.plt	0x208b0	0x208b6	6	6	sym.imp.difftime	native_stub_000208b0_sym_imp_difftime	import_plt	1	1	0	1	0	0	0	0	0	double sym.imp.difftime (time_t time1, time_t time0);
.plt	0x208c0	0x208c6	6	6	sym.imp.lseek64	native_stub_000208c0_sym_imp_lseek64	import_plt	1	1	0	2	0	0	0	0	0	sym.imp.lseek64 ();
.plt	0x208e0	0x208e6	6	6	sym.imp.dlsym	native_stub_000208e0_sym_imp_dlsym	import_plt	1	1	0	1	0	0	0	0	0	sym.imp.dlsym ();
.plt	0x208f0	0x208f6	6	6	sym.imp._Unwind_GetTextRelBase	native_stub_000208f0_sym_imp_Unwind_GetTextRelBase	import_plt	1	1	0	1	0	0	0	0	0	sym.imp._Unwind_GetTextRelBase ();
.plt	0x20900	0x20906	6	6	sym.imp.__freelocale	native_stub_00020900_sym_imp_freelocale	import_plt	1	1	0	2	0	0	0	0	0	sym.imp.__freelocale ();
.plt	0x20910	0x20916	6	6	sym.imp.bind_textdomain_codeset	native_stub_00020910_sym_imp_bind_textdomain_codeset	import_plt	1	1	0	4	0	0	0	0	0	sym.imp.bind_textdomain_codeset ();
.plt	0x20920	0x20926	6	6	sym.imp.wcsnrtombs	native_stub_00020920_sym_imp_wcsnrtombs	import_plt	1	1	0	1	0	0	0	0	0	sym.imp.wcsnrtombs ();
.plt	0x20930	0x20936	6	6	sym.imp.closedir	native_stub_00020930_sym_imp_closedir	import_plt	1	1	0	2	0	0	0	0	0	sym.imp.closedir ();
.plt	0x20940	0x20946	6	6	sym.imp.__sprintf_chk	native_stub_00020940_sym_imp_sprintf_chk	import_plt	1	1	0	7	0	0	0	0	0	sym.imp.__sprintf_chk ();
.plt	0x20950	0x20956	6	6	sym.imp.btowc	native_stub_00020950_sym_imp_btowc	import_plt	1	1	0	1	0	0	0	0	0	wint_t sym.imp.btowc (int c);
.plt	0x20960	0x20966	6	6	sym.imp.sched_get_priority_max	native_stub_00020960_sym_imp_sched_get_priority_max	import_plt	1	1	0	2	0	0	0	0	0	sym.imp.sched_get_priority_max ();
.plt	0x20970	0x20976	6	6	sym.imp.ftruncate	native_stub_00020970_sym_imp_ftruncate	import_plt	1	1	0	1	0	0	0	0	0	sym.imp.ftruncate ();
.plt	0x20980	0x20986	6	6	sym.imp.getppid	native_stub_00020980_sym_imp_getppid	import_plt	1	1	0	0	0	0	0	0	0	sym.imp.getppid ();
.plt	0x20990	0x20996	6	6	sym.imp.fopen64	native_stub_00020990_sym_imp_fopen64	import_plt	1	1	0	1	0	0	0	0	0	sym.imp.fopen64 ();
.plt	0x209a0	0x209a6	6	6	sym.imp.pthread_setschedparam	native_stub_000209a0_sym_imp_pthread_setschedparam	import_plt	1	1	0	3	0	0	0	0	0	sym.imp.pthread_setschedparam ();
.plt	0x209c0	0x209c6	6	6	sym.imp.wcscmp	native_stub_000209c0_sym_imp_wcscmp	import_plt	1	1	0	4	0	0	0	0	0	int sym.imp.wcscmp (const wchar_t *s1, const wchar_t *s2);
.plt	0x209d0	0x209d6	6	6	sym.imp.fwrite	native_stub_000209d0_sym_imp_fwrite	import_plt	1	1	0	11	0	0	0	0	0	size_t sym.imp.fwrite (const void *ptr, size_t size, size_t nitems, FILE *stream);
.plt	0x209e0	0x209e6	6	6	sym.imp.pthread_mutex_lock	native_stub_000209e0_sym_imp_pthread_mutex_lock	import_plt	1	1	0	11	0	0	0	0	0	sym.imp.pthread_mutex_lock ();
.plt	0x209f0	0x209f6	6	6	loc.imp.transaction_clone_for_operator_new___unsigned_long_	native_stub_000209f0_loc_imp_transaction_clone_for_operator_new_unsigned_long	import_plt	1	1	0	1	0	0	0	0	0	loc.imp.transaction_clone_for_operator_new___unsigned_long_ ();
.plt	0x20a00	0x20a06	6	6	sym.imp.realloc	native_stub_00020a00_sym_imp_realloc	import_plt	1	1	0	4	0	0	0	0	0	void *sym.imp.realloc (void *ptr, size_t size);
.plt	0x20a10	0x20a16	6	6	sym.imp.setlocale	native_stub_00020a10_sym_imp_setlocale	import_plt	1	1	0	1	0	0	0	0	0	char *sym.imp.setlocale (int category, const char *locale);
.plt	0x20a20	0x20a26	6	6	sym.imp.rand	native_stub_00020a20_sym_imp_rand	import_plt	1	1	0	1	0	0	0	0	0	int sym.imp.rand ();
.plt	0x20a30	0x20a36	6	6	sym.imp.pthread_mutexattr_init	native_stub_00020a30_sym_imp_pthread_mutexattr_init	import_plt	1	1	0	1	0	0	0	0	0	sym.imp.pthread_mutexattr_init ();
.plt	0x20a40	0x20a46	6	6	sym.imp.pthread_mutex_destroy	native_stub_00020a40_sym_imp_pthread_mutex_destroy	import_plt	1	1	0	1	0	0	0	0	0	sym.imp.pthread_mutex_destroy ();
.plt	0x20a50	0x20a56	6	6	fcn.00020a50	native_stub_00020a50_fcn_00020a50	import_plt	1	1	0	362	0	0	0	0	0	fcn.00020a50 ();
.plt	0x20a70	0x20a76	6	6	sym.imp.write	native_stub_00020a70_sym_imp_write	import_plt	1	1	0	3	0	0	0	0	0	ssize_t sym.imp.write (int fd, const char *ptr, size_t nbytes);
.plt	0x20a80	0x20a86	6	6	sym.imp._Unwind_Resume	native_stub_00020a80_sym_imp_Unwind_Resume	import_plt	1	1	0	717	0	0	0	0	0	sym.imp._Unwind_Resume ();
.plt	0x20a90	0x20a96	6	6	sym.imp.pthread_cond_broadcast	native_stub_00020a90_sym_imp_pthread_cond_broadcast	import_plt	1	1	0	2	0	0	0	0	0	sym.imp.pthread_cond_broadcast ();
.plt	0x20aa0	0x20aa6	6	6	sym.imp.ftello64	native_stub_00020aa0_sym_imp_ftello64	import_plt	1	1	0	4	0	0	0	0	0	sym.imp.ftello64 ();
.plt	0x20ab0	0x20ab6	6	6	sym.imp.strftime	native_stub_00020ab0_sym_imp_strftime	import_plt	1	1	0	2	0	0	0	0	0	size_t sym.imp.strftime (char *s, size_t maxsize, const char *format, const tm *timeptr);
.plt	0x20ac0	0x20ac6	6	6	sym.imp.popen	native_stub_00020ac0_sym_imp_popen	import_plt	1	1	0	1	0	0	0	0	0	file*sym.imp.popen (const char *filename, const char *mode);
.plt	0x20ad0	0x20ad6	6	6	sym.imp.clock_gettime	native_stub_00020ad0_sym_imp_clock_gettime	import_plt	1	1	0	5	0	0	0	0	0	sym.imp.clock_gettime ();
.plt	0x20ae0	0x20ae6	6	6	sym.imp.strtoul	native_stub_00020ae0_sym_imp_strtoul	import_plt	1	1	0	1	0	0	0	0	0	long sym.imp.strtoul (const char *str, char * *endptr, int base);
.plt	0x20af0	0x20af6	6	6	sym.imp.pthread_mutex_unlock	native_stub_00020af0_sym_imp_pthread_mutex_unlock	import_plt	1	1	0	12	0	0	0	0	0	sym.imp.pthread_mutex_unlock ();
.plt	0x20b00	0x20b06	6	6	fcn.00020b00	native_stub_00020b00_fcn_00020b00	import_plt	1	1	0	1	0	0	0	0	0	fcn.00020b00 ();
.plt	0x20b10	0x20b16	6	6	sym.imp.memcpy	native_stub_00020b10_sym_imp_memcpy	import_plt	1	1	0	230	0	0	0	0	0	void *sym.imp.memcpy (void *s1, const void *s2, size_t n);
.plt	0x20b20	0x20b26	6	6	sym.imp.fcntl	native_stub_00020b20_sym_imp_fcntl	import_plt	1	1	0	3	0	0	0	0	0	sym.imp.fcntl ();
.plt	0x20b30	0x20b36	6	6	sym.imp.open	native_stub_00020b30_sym_imp_open	import_plt	1	1	0	2	0	0	0	0	0	int sym.imp.open (const char *path, int oflag);
.plt	0x20b40	0x20b46	6	6	sym.imp.mmap	native_stub_00020b40_sym_imp_mmap	import_plt	1	1	0	3	0	0	0	0	0	void*sym.imp.mmap (void*addr, size_t length, int prot, int flags, int fd, size_t offset);
.plt	0x20b50	0x20b56	6	6	sym.imp._Unwind_SetIP	native_stub_00020b50_sym_imp_Unwind_SetIP	import_plt	1	1	0	1	0	0	0	0	0	sym.imp._Unwind_SetIP ();
.plt	0x20b60	0x20b66	6	6	sym.imp.iconv_close	native_stub_00020b60_sym_imp_iconv_close	import_plt	1	1	0	4	0	0	0	0	0	sym.imp.iconv_close ();
.plt	0x20b70	0x20b76	6	6	sym.imp.__towlower_l	native_stub_00020b70_sym_imp_towlower_l	import_plt	1	1	0	2	0	0	0	0	0	sym.imp.__towlower_l ();
.plt	0x20b80	0x20b86	6	6	sym.imp.time	native_stub_00020b80_sym_imp_time	import_plt	1	1	0	10	0	0	0	0	0	time_t sym.imp.time (time_t *timer);
.plt	0x20b90	0x20b96	6	6	sym.imp.wmemset	native_stub_00020b90_sym_imp_wmemset	import_plt	1	1	0	11	0	0	0	0	0	wchar_t*sym.imp.wmemset (wchar_t *s, wchar_t c, size_t n);
.plt	0x20ba0	0x20ba6	6	6	sym.imp.fflush	native_stub_00020ba0_sym_imp_fflush	import_plt	1	1	0	6	0	0	0	0	0	int sym.imp.fflush (FILE *stream);
.plt	0x20bb0	0x20bb6	6	6	sym.imp.wcstombs	native_stub_00020bb0_sym_imp_wcstombs	import_plt	1	1	0	2	0	0	0	0	0	size_t sym.imp.wcstombs (char *s, const wchar_t *pwcs, size_t n);
.plt	0x20bc0	0x20bc6	6	6	sym.imp.getc	native_stub_00020bc0_sym_imp_getc	import_plt	1	1	0	2	0	0	0	0	0	int sym.imp.getc (FILE *stream);
.plt.got	0x20bd0	0x20bd6	6	6	sym.imp.__cxa_finalize	native_stub_00020bd0_sym_imp_cxa_finalize	import_plt	1	1	0	1	0	0	0	0	0	sym.imp.__cxa_finalize ();
.plt.got	0x20bd8	0x20bde	6	6	sym.imp.dlopen	native_stub_00020bd8_sym_imp_dlopen	import_plt	1	1	0	1	0	0	0	0	0	sym.imp.dlopen ();
.text	0x20c00	0x20c63	99	99	entry0	native_stub_00020c00_entry0	entrypoint	10	35	14	15	1	0	5	24	0	entry0 (int64_t arg1, int64_t arg2, uint32_t arg3, int64_t arg4, int64_t arg_10h);
.text	0x20c63	0x20d1e	187	187	fcn.00020c63	native_stub_00020c63_fcn_00020c63	r2_discovered	9	53	10	2	2	3	3	4184	0	fcn.00020c63 (int64_t arg1, int64_t arg2, int64_t arg3);
.text	0x20d1e	0x20d68	74	74	fcn.00020d1e	native_stub_00020d1e_fcn_00020d1e	r2_discovered	6	29	7	2	1	0	5	24	0	fcn.00020d1e (uint32_t arg1, uint32_t arg2, int64_t arg3, int64_t arg4, int64_t arg5);
.text	0x20d68	0x20d8f	39	39	case.default.0x4ec543	native_stub_00020d68_case_default_0x4ec543	native_discovered	6	12	7	39	0	0	1	0	0	case.default.0x4ec543 (int64_t arg1);
.text	0x20d90	0x20db7	39	39	fcn.00020d90	native_stub_00020d90_fcn_00020d90	r2_discovered	6	12	6	14	0	0	1	0	0	fcn.00020d90 (int64_t arg1);
.text	0x20db7	0x20dca	19	19	entry.fini1	native_stub_00020db7_entry_fini1	native_discovered	3	6	2	0	0	0	0	0	0	entry.fini1 ();
.text	0x20dca	0x20dec	34	34	entry.init1	native_stub_00020dca_entry_init1	native_discovered	1	4	0	0	0	0	0	0	0	entry.init1 ();
.text	0x20dec	0x20e67	123	123	entry.init2	native_stub_00020dec_entry_init2	native_discovered	1	16	0	0	1	0	0	8	0	entry.init2 ();
.text	0x20e68	0x20eb4	76	76	entry.init3	native_stub_00020e68_entry_init3	native_discovered	1	10	0	0	0	0	0	0	0	entry.init3 ();
.text	0x20eb4	0x20f25	113	113	entry.init4	native_stub_00020eb4_entry_init4	native_discovered	1	17	0	0	3	0	0	8	0	entry.init4 ();
.text	0x20f25	0x20f59	52	52	entry.init5	native_stub_00020f25_entry_init5	native_discovered	1	9	0	0	1	0	0	8	0	entry.init5 ();
.text	0x20f59	0x20f64	11	11	entry.init6	native_stub_00020f59_entry_init6	native_discovered	1	2	0	0	0	0	0	0	0	entry.init6 ();
.text	0x20f64	0x20f6f	11	11	entry.init7	native_stub_00020f64_entry_init7	native_discovered	1	2	0	0	0	0	0	0	0	entry.init7 ();
.text	0x20f6f	0x20f9a	43	43	entry.init8	native_stub_00020f6f_entry_init8	native_discovered	1	8	0	0	1	0	0	8	0	entry.init8 ();
.text	0x20f9a	0x210e7	333	333	entry.init9	native_stub_00020f9a_entry_init9	native_discovered	3	65	2	0	13	2	0	40	0	entry.init9 ();
.text	0x210e7	0x21176	143	143	entry.init10	native_stub_000210e7_entry_init10	native_discovered	1	29	0	0	3	0	0	24	0	entry.init10 ();
.text	0x21176	0x211b1	59	59	entry.init11	native_stub_00021176_entry_init11	native_discovered	1	7	0	0	0	0	0	0	0	entry.init11 ();
.text	0x211b1	0x2122c	123	123	entry.init12	native_stub_000211b1_entry_init12	native_discovered	1	16	0	0	1	0	0	8	0	entry.init12 ();
.text	0x2122c	0x21257	43	43	entry.init13	native_stub_0002122c_entry_init13	native_discovered	1	8	0	0	1	0	0	8	0	entry.init13 ();
.text	0x21257	0x21271	26	26	entry.init14	native_stub_00021257_entry_init14	native_discovered	1	4	0	0	0	0	0	0	0	entry.init14 ();
.text	0x21271	0x212e8	119	119	entry.init15	native_stub_00021271_entry_init15	native_discovered	1	18	0	0	2	0	0	8	0	entry.init15 ();
.text	0x212f0	0x213a6	182	182	entry.init16	native_stub_000212f0_entry_init16	native_discovered	25	49	36	0	0	0	0	0	0	entry.init16 ();
.text	0x213b0	0x2142a	122	122	entry.init17	native_stub_000213b0_entry_init17	native_discovered	17	33	24	0	0	0	0	0	0	entry.init17 ();
.text	0x21430	0x214aa	122	122	entry.init18	native_stub_00021430_entry_init18	native_discovered	17	33	24	0	0	0	0	0	0	entry.init18 ();
.text	0x214b0	0x214ec	60	60	entry.init19	native_stub_000214b0_entry_init19	native_discovered	1	10	0	0	1	0	0	8	0	entry.init19 ();
.text	0x214f0	0x215a6	182	182	entry.init20	native_stub_000214f0_entry_init20	native_discovered	25	49	36	0	0	0	0	0	0	entry.init20 ();
.text	0x215b0	0x21625	117	117	entry.init21	native_stub_000215b0_entry_init21	native_discovered	4	19	4	0	1	0	0	8	0	entry.init21 ();
.text	0x21630	0x21658	40	40	fcn.00021630	native_stub_00021630_fcn_00021630	r2_discovered	4	13	4	1	0	0	0	8	0	fcn.00021630 ();
.text	0x216c0	0x216f3	51	51	entry.fini0	native_stub_000216c0_entry_fini0	native_discovered	5	13	5	0	2	0	0	8	0	entry.fini0 ();
.text	0x21700	0x21743	67	67	entry.init0	native_stub_00021700_entry_init0	native_discovered	5	22	5	0	0	0	0	8	0	entry.init0 ();
.text	0x21906	0x22f41	5691	5691	fcn.00021906	native_stub_00021906_fcn_00021906	r2_discovered	12	1424	14	1	2	24	3	600	0	fcn.00021906 (int64_t arg1, int64_t arg2, int64_t arg4);
.text	0x21932	0x2196c	58	58	fcn.00021932	native_stub_00021932_fcn_00021932	r2_discovered	1	20	0	3	1	0	2	24	0	fcn.00021932 (int64_t arg1, int64_t arg2);
.text	0x21a2d	0x21a50	35	35	fcn.00021a2d	native_stub_00021a2d_fcn_00021a2d	r2_discovered	3	13	3	59	1	0	3	8	0	fcn.00021a2d (void *s2, int64_t arg2, int64_t arg3);
.text	0x21a50	0x21b05	181	181	fcn.00021a50	native_stub_00021a50_fcn_00021a50	r2_discovered	10	56	13	7	5	1	2	56	0	fcn.00021a50 (uint32_t arg1, int64_t arg2);
.text	0x21b06	0x21b65	95	95	fcn.00021b06	native_stub_00021b06_fcn_00021b06	r2_discovered	3	28	3	10	2	0	2	24	0	fcn.00021b06 (int64_t arg1, int64_t arg2);
.text	0x21b76	0x21ba2	44	44	fcn.00021b76	native_stub_00021b76_fcn_00021b76	r2_discovered	1	10	0	1	1	0	1	8	0	fcn.00021b76 (int64_t arg1);
.text	0x21cae	0x21d06	88	88	fcn.00021cae	native_stub_00021cae_fcn_00021cae	r2_discovered	3	25	2	1	3	1	1	40	0	fcn.00021cae (int64_t arg1);
.text	0x21faf	0x21fb9	10	10	fcn.00021faf	native_stub_00021faf_fcn_00021faf	r2_discovered	3	5	3	1	0	0	3	0	0	fcn.00021faf (int64_t arg1, int64_t arg2, int64_t arg3);
.text	0x21fba	0x21fe4	42	42	fcn.00021fba	native_stub_00021fba_fcn_00021fba	r2_discovered	1	11	0	1	3	0	1	8	0	fcn.00021fba (int64_t arg1);
.text	0x22188	0x221a8	32	32	fcn.00022188	native_stub_00022188_fcn_00022188	r2_discovered	3	10	2	1	1	0	1	8	0	fcn.00022188 (uint32_t arg1);
.text	0x221a8	0x221bc	20	20	fcn.000221a8	native_stub_000221a8_fcn_000221a8	r2_discovered	3	7	2	23	0	0	1	0	0	fcn.000221a8 (int64_t arg1);
.text	0x221c0	0x226f2	1330	1330	fcn.000221c0	native_stub_000221c0_fcn_000221c0	r2_discovered	13	233	16	1	45	3	2	72	0	fcn.000221c0 (int64_t arg1, int64_t arg2);
.text	0x2247e	0x225f5	375	375	fcn.0002247e	native_stub_0002247e_fcn_0002247e	r2_discovered	7	80	9	2	19	3	1	88	0	fcn.0002247e (int64_t arg1);
.text	0x2263e	0x226c9	139	139	fcn.0002263e	native_stub_0002263e_fcn_0002263e	r2_discovered	3	35	2	2	7	1	1	40	0	fcn.0002263e (int64_t arg1);
.text	0x2293e	0x22aea	428	428	fcn.0002293e	native_stub_0002293e_fcn_0002293e	r2_discovered	18	103	26	2	13	13	3	200	0	fcn.0002293e (int64_t arg1, int64_t arg2, int64_t arg3);
.text	0x22e2e	0x23038	522	522	fcn.00022e2e	native_stub_00022e2e_fcn_00022e2e	r2_discovered	22	125	30	1	18	8	3	136	0	fcn.00022e2e (int64_t arg1, int64_t arg2, int64_t arg3);
.text	0x22ea0	0x2452e	5774	5774	fcn.00022ea0	native_stub_00022ea0_fcn_00022ea0	r2_discovered	11	1422	13	1	1	26	5	432	0	fcn.00022ea0 (int64_t arg1, int64_t arg2, int64_t arg3, int64_t arg4, int64_t arg6);
.text	0x23122	0x2478a	5736	5736	fcn.00023122	native_stub_00023122_fcn_00023122	r2_discovered	11	1397	13	1	1	26	4	368	0	fcn.00023122 (int64_t arg1, int64_t arg3, int64_t arg5, int64_t arg6);
.text	0x2327e	0x247dc	5470	5470	fcn.0002327e	native_stub_0002327e_fcn_0002327e	r2_discovered	11	1384	13	1	1	25	3	296	0	fcn.0002327e (int64_t arg1, int64_t arg2, int64_t arg3);
.text	0x23344	0x234d2	398	398	fcn.00023344	native_stub_00023344_fcn_00023344	r2_discovered	2	111	2	1	0	5	5	120	0	fcn.00023344 (int64_t arg1, int64_t arg2, int64_t arg4, int64_t arg5, int64_t arg6);
.text	0x24660	0x249e5	901	901	fcn.00024660	native_stub_00024660_fcn_00024660	r2_discovered	15	194	19	6	35	24	3	296	0	fcn.00024660 (int64_t arg1, int64_t arg2, int64_t arg3);
.text	0x249e6	0x24a75	143	143	fcn.000249e6	native_stub_000249e6_fcn_000249e6	r2_discovered	5	40	5	1	5	3	2	72	0	fcn.000249e6 (int64_t arg1, int64_t arg2);
.text	0x24a76	0x24a96	32	32	fcn.00024a76	native_stub_00024a76_fcn_00024a76	r2_discovered	1	9	0	2	1	0	1	8	0	fcn.00024a76 (int64_t arg1);
.text	0x24bd0	0x24cac	220	220	fcn.00024bd0	native_stub_00024bd0_fcn_00024bd0	r2_discovered	13	58	17	1	6	1	1	40	0	fcn.00024bd0 (int64_t arg1);
.text	0x24cb0	0x24ce0	48	48	fcn.00024cb0	native_stub_00024cb0_fcn_00024cb0	r2_discovered	7	14	8	4	0	0	1	0	0	fcn.00024cb0 (uint32_t arg1);
.text	0x24ce0	0x24ceb	11	11	fcn.00024ce0	native_stub_00024ce0_fcn_00024ce0	r2_discovered	3	4	2	5	0	0	1	0	0	fcn.00024ce0 (int64_t arg1);
.text	0x24cec	0x24cf9	13	13	fcn.00024cec	native_stub_00024cec_fcn_00024cec	r2_discovered	3	5	2	5	0	0	1	0	0	fcn.00024cec (int64_t arg1);
.text	0x24cfa	0x24d70	118	118	fcn.00024cfa	native_stub_00024cfa_fcn_00024cfa	r2_discovered	8	29	11	3	2	0	2	8	0	fcn.00024cfa (uint32_t arg1, uint32_t arg2);
.text	0x24d70	0x24db4	68	68	fcn.00024d70	native_stub_00024d70_fcn_00024d70	r2_discovered	3	24	3	2	3	0	2	0	0	fcn.00024d70 (int64_t arg1, int64_t arg2);
.text	0x24db4	0x24ded	57	57	fcn.00024db4	native_stub_00024db4_fcn_00024db4	r2_discovered	7	20	9	1	1	0	1	24	0	fcn.00024db4 (int64_t arg1);
.text	0x24ded	0x24dff	18	18	fcn.00024ded	native_stub_00024ded_fcn_00024ded	r2_discovered	1	7	0	41	0	0	1	0	0	fcn.00024ded (int64_t arg4);
.text	0x24dff	0x24e0d	14	14	fcn.00024dff	native_stub_00024dff_fcn_00024dff	r2_discovered	1	4	0	31	0	0	1	0	0	fcn.00024dff (int64_t arg2);
.text	0x24e0d	0x24e1e	17	17	fcn.00024e0d	native_stub_00024e0d_fcn_00024e0d	r2_discovered	4	7	4	4	0	0	2	0	0	fcn.00024e0d (uint32_t arg1, int64_t arg2);
.text	0x24e1e	0x24e69	75	75	fcn.00024e1e	native_stub_00024e1e_fcn_00024e1e	r2_discovered	3	15	2	29	2	3	0	40	0	fcn.00024e1e ();
.text	0x24e6a	0x24e74	10	10	fcn.00024e6a	native_stub_00024e6a_fcn_00024e6a	r2_discovered	1	4	0	4	0	0	1	0	0	fcn.00024e6a (int64_t arg1);
.text	0x24e74	0x24e7c	8	8	fcn.00024e74	native_stub_00024e74_fcn_00024e74	r2_discovered	1	4	0	2	0	0	1	0	0	fcn.00024e74 (int64_t arg1);
.text	0x24e7c	0x24ef3	119	119	fcn.00024e7c	native_stub_00024e7c_fcn_00024e7c	r2_discovered	1	33	0	1	4	0	1	24	0	fcn.00024e7c (int64_t arg1);
.text	0x24ef4	0x24f27	51	51	fcn.00024ef4	native_stub_00024ef4_fcn_00024ef4	r2_discovered	1	19	0	1	1	0	1	24	0	fcn.00024ef4 (int64_t arg1);
.text	0x24f44	0x25017	211	211	fcn.00024f44	native_stub_00024f44_fcn_00024f44	r2_discovered	11	48	14	1	7	0	1	24	0	fcn.00024f44 (int64_t arg1);
.text	0x25018	0x25088	112	112	fcn.00025018	native_stub_00025018_fcn_00025018	r2_discovered	11	40	15	16	3	0	1	24	0	fcn.00025018 (int64_t arg1);
.text	0x2508e	0x2509a	12	12	fcn.0002508e	native_stub_0002508e_fcn_0002508e	r2_discovered	1	3	1	429	0	0	1	0	0	fcn.0002508e (uint32_t arg1);
.text	0x2509a	0x250af	21	21	fcn.0002509a	native_stub_0002509a_fcn_0002509a	r2_discovered	1	8	0	51	1	0	2	8	0	fcn.0002509a (int64_t arg1, int64_t arg2);
.text	0x250b0	0x25122	114	114	fcn.000250b0	native_stub_000250b0_fcn_000250b0	r2_discovered	6	38	7	100	5	0	2	40	0	fcn.000250b0 (int64_t arg1, int64_t arg2);
.text	0x2515a	0x25193	57	57	fcn.0002515a	native_stub_0002515a_fcn_0002515a	r2_discovered	3	20	2	11	0	0	2	24	0	fcn.0002515a (int64_t arg1, int64_t arg2);
.text	0x25194	0x251d5	65	65	fcn.00025194	native_stub_00025194_fcn_00025194	r2_discovered	6	25	6	8	2	0	1	24	0	fcn.00025194 (int64_t arg1);
.text	0x251d6	0x251de	8	8	fcn.000251d6	native_stub_000251d6_fcn_000251d6	r2_discovered	1	4	0	3	0	0	2	0	0	fcn.000251d6 (int64_t arg1, int64_t arg2);
.text	0x251de	0x251e8	10	10	fcn.000251de	native_stub_000251de_fcn_000251de	r2_discovered	1	4	0	5	0	0	2	0	0	fcn.000251de (int64_t arg1, int64_t arg2);
.text	0x251e8	0x25224	60	60	fcn.000251e8	native_stub_000251e8_fcn_000251e8	r2_discovered	3	19	3	17	2	0	1	8	0	fcn.000251e8 (int64_t arg1);
.text	0x25236	0x25239	3	3	fcn.00025236	native_stub_00025236_fcn_00025236	r2_discovered	1	2	0	3	0	0	1	0	0	fcn.00025236 (int64_t arg1);
.text	0x2527b	0x252dc	97	97	fcn.0002527b	native_stub_0002527b_fcn_0002527b	r2_discovered	5	21	5	1	4	0	0	8	0	fcn.0002527b ();
.text	0x252e0	0x252e3	3	3	fcn.000252e0	native_stub_000252e0_fcn_000252e0	r2_discovered	1	2	0	2	0	0	1	0	0	fcn.000252e0 (int64_t arg1);
.text	0x2537c	0x253a6	42	42	fcn.0002537c	native_stub_0002537c_fcn_0002537c	r2_discovered	1	12	1	5	1	1	2	40	0	fcn.0002537c (int64_t arg1, int64_t arg2);
.text	0x253a6	0x25442	156	156	fcn.000253a6	native_stub_000253a6_fcn_000253a6	r2_discovered	3	40	2	3	6	4	2	88	0	fcn.000253a6 (int64_t arg1, int64_t arg3);
.text	0x25442	0x254fd	187	187	fcn.00025442	native_stub_00025442_fcn_00025442	r2_discovered	13	64	18	2	4	0	2	40	0	fcn.00025442 (int64_t arg1, signed int64_t arg2);
.text	0x254fe	0x25506	8	8	fcn.000254fe	native_stub_000254fe_fcn_000254fe	r2_discovered	1	2	1	89	0	0	1	0	0	fcn.000254fe (int64_t arg1);
.text	0x25506	0x25533	45	45	fcn.00025506	native_stub_00025506_fcn_00025506	r2_discovered	1	13	0	5	0	0	2	0	0	fcn.00025506 (int64_t arg1, int64_t arg2);
.text	0x25534	0x2556e	58	58	fcn.00025534	native_stub_00025534_fcn_00025534	r2_discovered	4	21	4	4	3	0	2	24	0	fcn.00025534 (int64_t arg1, int64_t arg2);
.text	0x2556e	0x255a8	58	58	fcn.0002556e	native_stub_0002556e_fcn_0002556e	r2_discovered	6	21	6	1	1	0	1	24	0	fcn.0002556e (uint32_t arg1);
.text	0x255a8	0x255d9	49	49	fcn.000255a8	native_stub_000255a8_fcn_000255a8	r2_discovered	4	19	4	3	2	0	2	24	0	fcn.000255a8 (int64_t arg1, int64_t arg2);
.text	0x255da	0x25621	71	71	fcn.000255da	native_stub_000255da_fcn_000255da	r2_discovered	6	23	8	52	3	0	1	8	0	fcn.000255da (int64_t arg1);
.text	0x25622	0x2562b	9	9	fcn.00025622	native_stub_00025622_fcn_00025622	r2_discovered	1	4	0	34	0	0	1	0	0	fcn.00025622 (uint32_t arg1);
.text	0x2562c	0x25645	25	25	fcn.0002562c	native_stub_0002562c_fcn_0002562c	r2_discovered	3	6	3	67	0	0	0	0	0	fcn.0002562c (uint32_t arg1, int64_t arg2);
.text	0x25646	0x2569a	84	84	fcn.00025646	native_stub_00025646_fcn_00025646	r2_discovered	4	23	4	2	3	0	1	8	0	fcn.00025646 (uint32_t arg1);
.text	0x256a2	0x256ba	24	24	fcn.000256a2	native_stub_000256a2_fcn_000256a2	r2_discovered	5	10	6	1	0	0	3	0	0	fcn.000256a2 (int64_t arg1, int64_t arg2, uint32_t arg3);
.text	0x256ba	0x2570a	80	80	fcn.000256ba	native_stub_000256ba_fcn_000256ba	r2_discovered	5	26	6	52	2	0	2	24	0	fcn.000256ba (int64_t arg1, int64_t arg2);
.text	0x2570a	0x25711	7	7	fcn.0002570a	native_stub_0002570a_fcn_0002570a	r2_discovered	1	3	0	7	0	0	1	0	0	fcn.0002570a (int64_t arg1);
.text	0x25712	0x25856	324	324	fcn.00025712	native_stub_00025712_fcn_00025712	r2_discovered	8	99	8	4	10	1	4	72	0	fcn.00025712 (int64_t arg1, int64_t arg2, uint32_t arg3, int64_t arg4);
.text	0x25856	0x2588a	52	52	fcn.00025856	native_stub_00025856_fcn_00025856	r2_discovered	3	15	3	22	1	0	3	8	0	fcn.00025856 (int64_t arg1, uint32_t arg2, int64_t arg3);
.text	0x2588a	0x259ce	324	324	fcn.0002588a	native_stub_0002588a_fcn_0002588a	r2_discovered	8	99	8	4	10	1	4	72	0	fcn.0002588a (int64_t arg1, int64_t arg2, uint32_t arg3, int64_t arg4);
.text	0x259ce	0x25a28	90	90	fcn.000259ce	native_stub_000259ce_fcn_000259ce	r2_discovered	4	30	5	70	3	0	2	24	0	fcn.000259ce (uint32_t arg1, int64_t arg2);
.text	0x25a28	0x25a3e	22	22	fcn.00025a28	native_stub_00025a28_fcn_00025a28	r2_discovered	5	10	5	57	0	0	3	0	0	fcn.00025a28 (int64_t arg1, int64_t arg2, uint32_t arg3);
.text	0x25a3e	0x25c34	502	502	fcn.00025a3e	native_stub_00025a3e_fcn_00025a3e	r2_discovered	19	130	27	1	9	0	2	56	0	fcn.00025a3e (uint32_t arg1, int64_t arg2);
.text	0x25c34	0x25cec	184	184	fcn.00025c34	native_stub_00025c34_fcn_00025c34	r2_discovered	13	58	19	14	7	0	3	24	0	fcn.00025c34 (uint32_t arg1, uint32_t arg2, uint32_t arg3);
.text	0x25cec	0x25da5	185	185	fcn.00025cec	native_stub_00025cec_fcn_00025cec	r2_discovered	13	59	18	20	6	0	3	0	0	fcn.00025cec (uint32_t arg1, uint32_t arg2, uint32_t arg3);
.text	0x25da6	0x25ecf	297	297	fcn.00025da6	native_stub_00025da6_fcn_00025da6	r2_discovered	33	111	46	1	3	0	3	40	0	fcn.00025da6 (uint32_t arg1, int64_t arg2, int64_t arg3);
.text	0x25e67	0x25e90	41	41	fcn.00025e67	native_stub_00025e67_fcn_00025e67	r2_discovered	3	15	2	7	1	0	3	8	0	fcn.00025e67 (void *s2, int64_t arg2, int64_t arg3);
.text	0x25e90	0x25f7a	234	234	fcn.00025e90	native_stub_00025e90_fcn_00025e90	r2_discovered	11	75	17	27	6	1	4	72	0	fcn.00025e90 (uint32_t arg1, int64_t arg2, int64_t arg3, int64_t arg4);
.text	0x25f7a	0x25f90	22	22	fcn.00025f7a	native_stub_00025f7a_fcn_00025f7a	r2_discovered	5	9	4	3	0	0	3	0	0	fcn.00025f7a (int64_t arg1, int64_t arg2, uint32_t arg3);
.text	0x25ff8	0x2601b	35	35	fcn.00025ff8	native_stub_00025ff8_fcn_00025ff8	r2_discovered	4	15	4	4	1	0	2	24	0	fcn.00025ff8 (int64_t arg1, int64_t arg2);
.text	0x2601b	0x2603e	35	35	fcn.0002601b	native_stub_0002601b_fcn_0002601b	r2_discovered	3	13	3	49	1	0	3	8	0	fcn.0002601b (void *s2, int64_t arg2, int64_t arg3);
.text	0x2603e	0x26075	55	55	fcn.0002603e	native_stub_0002603e_fcn_0002603e	r2_discovered	1	12	1	2	2	0	1	8	0	fcn.0002603e (int64_t arg1);
.text	0x2608e	0x260cf	65	65	fcn.0002608e	native_stub_0002608e_fcn_0002608e	r2_discovered	6	26	7	4	1	0	3	40	0	fcn.0002608e (int64_t arg1, int64_t arg2, int64_t arg3);
.text	0x260d0	0x260eb	27	27	fcn.000260d0	native_stub_000260d0_fcn_000260d0	r2_discovered	1	10	0	8	1	0	2	8	0	fcn.000260d0 (int64_t arg1, int64_t arg2);
.text	0x260ec	0x260f7	11	11	fcn.000260ec	native_stub_000260ec_fcn_000260ec	r2_discovered	3	4	2	5	0	0	1	0	0	fcn.000260ec (int64_t arg1);
.text	0x260f8	0x26105	13	13	fcn.000260f8	native_stub_000260f8_fcn_000260f8	r2_discovered	3	5	2	5	0	0	1	0	0	fcn.000260f8 (uint32_t arg1);
.text	0x26106	0x2617c	118	118	fcn.00026106	native_stub_00026106_fcn_00026106	r2_discovered	8	29	11	2	2	0	2	8	0	fcn.00026106 (uint32_t arg1, uint32_t arg2);
.text	0x2617c	0x261a3	39	39	fcn.0002617c	native_stub_0002617c_fcn_0002617c	r2_discovered	6	12	6	1	0	0	1	0	0	fcn.0002617c (int64_t arg1);
.text	0x261a4	0x26206	98	98	fcn.000261a4	native_stub_000261a4_fcn_000261a4	r2_discovered	4	35	4	11	3	0	3	40	0	fcn.000261a4 (int64_t arg1, int64_t arg2, int64_t arg3);
.text	0x26206	0x2620b	5	5	fcn.00026206	native_stub_00026206_fcn_00026206	r2_discovered	1	1	0	7	0	0	0	0	0	fcn.00026206 ();
.text	0x2620b	0x26392	391	391	fcn.0002620b	native_stub_0002620b_fcn_0002620b	r2_discovered	13	108	17	2	10	6	5	136	0	fcn.0002620b (int64_t arg1, uint32_t arg2, int64_t arg3, int64_t arg4, int64_t arg5);
.text	0x26392	0x26452	192	192	fcn.00026392	native_stub_00026392_fcn_00026392	r2_discovered	3	53	2	1	7	4	4	104	0	fcn.00026392 (int64_t arg1, int64_t arg2, int64_t arg3, int64_t arg4);
.text	0x26452	0x264e5	147	147	fcn.00026452	native_stub_00026452_fcn_00026452	r2_discovered	6	43	6	2	5	1	2	56	0	fcn.00026452 (int64_t arg1, int64_t arg2);
.text	0x264e5	0x26600	283	283	fcn.000264e5	native_stub_000264e5_fcn_000264e5	r2_discovered	13	79	16	2	10	4	3	152	0	fcn.000264e5 (uint32_t arg1, uint32_t arg2, int64_t arg3);
.text	0x26600	0x268c9	713	713	fcn.00026600	native_stub_00026600_fcn_00026600	r2_discovered	30	192	41	2	30	9	4	216	0	fcn.00026600 (int64_t arg1, int64_t arg2, uint32_t arg3, int64_t arg4);
.text	0x268c9	0x26aae	485	485	fcn.000268c9	native_stub_000268c9_fcn_000268c9	r2_discovered	22	139	29	3	16	8	6	168	0	fcn.000268c9 (int64_t arg1, uint32_t arg2, int64_t arg3, uint32_t arg4, int64_t arg5, uint32_t arg6);
.text	0x27281	0x27958	1751	1751	fcn.00027281	native_stub_00027281_fcn_00027281	r2_discovered	80	439	116	1	67	19	5	392	0	fcn.00027281 (int64_t arg1, uint32_t arg2, uint32_t arg3, int64_t arg4, uint32_t arg6);
.text	0x27998	0x27a29	145	145	fcn.00027998	native_stub_00027998_fcn_00027998	r2_discovered	8	42	10	34	3	0	2	24	0	fcn.00027998 (uint32_t arg1, uint32_t arg2);
.text	0x27a2a	0x27a38	14	14	fcn.00027a2a	native_stub_00027a2a_fcn_00027a2a	r2_discovered	3	5	2	34	0	0	1	0	0	fcn.00027a2a (uint32_t arg1);
.text	0x27a38	0x27a86	78	78	fcn.00027a38	native_stub_00027a38_fcn_00027a38	r2_discovered	5	26	7	7	1	0	2	24	0	fcn.00027a38 (int64_t arg1, int64_t arg2);
.text	0x27a86	0x27bbe	312	312	fcn.00027a86	native_stub_00027a86_fcn_00027a86	r2_discovered	18	93	24	2	3	0	3	56	0	fcn.00027a86 (int64_t arg1, int64_t arg2, int64_t arg3);
.text	0x27bbe	0x27c71	179	179	fcn.00027bbe	native_stub_00027bbe_fcn_00027bbe	r2_discovered	17	58	24	9	2	0	1	40	0	fcn.00027bbe (int64_t arg1);
.text	0x27c71	0x27df1	384	384	fcn.00027c71	native_stub_00027c71_fcn_00027c71	r2_discovered	19	117	27	1	3	3	3	88	0	fcn.00027c71 (uint32_t arg1, uint32_t arg2, int64_t arg3);
.text	0x27df1	0x27e1a	41	41	fcn.00027df1	native_stub_00027df1_fcn_00027df1	r2_discovered	3	15	2	4	1	0	3	8	0	fcn.00027df1 (void *s2, int64_t arg2, uint32_t arg3);
.text	0x27e1a	0x27e79	95	95	fcn.00027e1a	native_stub_00027e1a_fcn_00027e1a	r2_discovered	3	34	3	9	3	0	2	40	0	fcn.00027e1a (uint32_t arg1, uint32_t arg2);
.text	0x27e7a	0x27fbe	324	324	fcn.00027e7a	native_stub_00027e7a_fcn_00027e7a	r2_discovered	8	99	8	4	10	1	4	72	0	fcn.00027e7a (int64_t arg1, int64_t arg2, uint32_t arg3, int64_t arg4);
.text	0x27fbe	0x2808e	208	208	fcn.00027fbe	native_stub_00027fbe_fcn_00027fbe	r2_discovered	6	66	7	2	6	0	3	56	0	fcn.00027fbe (uint32_t arg1, uint32_t arg2, int64_t arg3);
.text	0x2808e	0x281fa	364	364	fcn.0002808e	native_stub_0002808e_fcn_0002808e	r2_discovered	18	114	23	1	8	0	4	56	0	fcn.0002808e (int64_t arg1, int64_t arg2, uint32_t arg3, int64_t arg4);
.text	0x281fa	0x2834a	336	336	fcn.000281fa	native_stub_000281fa_fcn_000281fa	r2_discovered	11	105	12	4	10	1	4	72	0	fcn.000281fa (int64_t arg1, int64_t arg2, uint32_t arg3, int64_t arg4);
.text	0x2833e	0x283c8	138	138	fcn.0002833e	native_stub_0002833e_fcn_0002833e	r2_discovered	8	33	11	3	2	0	2	8	0	fcn.0002833e (uint32_t arg1, uint32_t arg2);
.text	0x283c8	0x2843e	118	118	fcn.000283c8	native_stub_000283c8_fcn_000283c8	r2_discovered	8	29	11	1	2	0	2	8	0	fcn.000283c8 (uint32_t arg1, uint32_t arg2);
.text	0x2843e	0x2846e	48	48	fcn.0002843e	native_stub_0002843e_fcn_0002843e	r2_discovered	7	14	8	5	0	0	1	0	0	fcn.0002843e (uint32_t arg1);
.text	0x2846e	0x28495	39	39	fcn.0002846e	native_stub_0002846e_fcn_0002846e	r2_discovered	6	12	6	1	0	0	1	0	0	fcn.0002846e (int64_t arg1);
.text	0x28496	0x2869b	517	517	fcn.00028496	native_stub_00028496_fcn_00028496	r2_discovered	3	81	2	1	9	3	1	56	0	fcn.00028496 (int64_t arg1);
.text	0x286ac	0x286b1	5	5	fcn.000286ac	native_stub_000286ac_fcn_000286ac	r2_discovered	1	2	0	5	0	0	1	0	0	fcn.000286ac (int64_t arg1);
.text	0x287bc	0x28828	108	108	fcn.000287bc	native_stub_000287bc_fcn_000287bc	r2_discovered	9	36	11	1	3	0	1	24	0	fcn.000287bc (uint32_t arg1);
.text	0x288fa	0x289b2	184	184	fcn.000288fa	native_stub_000288fa_fcn_000288fa	r2_discovered	3	43	2	1	9	1	2	40	0	fcn.000288fa (int64_t arg1, int64_t arg2);
.text	0x289b2	0x28a89	215	215	fcn.000289b2	native_stub_000289b2_fcn_000289b2	r2_discovered	9	63	11	2	4	0	3	56	0	fcn.000289b2 (int64_t arg1, int64_t arg2, int64_t arg3);
.text	0x28a8a	0x28c8c	514	514	fcn.00028a8a	native_stub_00028a8a_fcn_00028a8a	r2_discovered	6	117	7	1	22	17	2	248	0	fcn.00028a8a (int64_t arg2, int64_t arg3);
.text	0x28c8c	0x28cd0	68	68	fcn.00028c8c	native_stub_00028c8c_fcn_00028c8c	r2_discovered	3	24	3	2	3	0	2	24	0	fcn.00028c8c (int64_t arg1, int64_t arg2);
.text	0x28e50	0x29432	1506	1506	fcn.00028e50	native_stub_00028e50_fcn_00028e50	r2_discovered	49	295	70	1	14	9	5	136	0	fcn.00028e50 (int64_t arg1, uint32_t arg2, int64_t arg3, int64_t arg4, int64_t arg5);
.text	0x29432	0x2981e	1004	1004	fcn.00029432	native_stub_00029432_fcn_00029432	r2_discovered	31	220	44	1	20	8	3	632	0	fcn.00029432 (int64_t arg1, int64_t arg2, int64_t arg3);
.text	0x2981e	0x2985f	65	65	fcn.0002981e	native_stub_0002981e_fcn_0002981e	r2_discovered	3	22	3	1	2	1	2	40	0	fcn.0002981e (int64_t arg1, int64_t arg2);
.text	0x29a64	0x29bf9	405	405	fcn.00029a64	native_stub_00029a64_fcn_00029a64	r2_discovered	7	88	8	2	20	3	1	88	0	fcn.00029a64 (int64_t arg1);
.text	0x29c3a	0x29c46	12	12	fcn.00029c3a	native_stub_00029c3a_fcn_00029c3a	r2_discovered	1	3	1	130	0	0	1	0	0	fcn.00029c3a (uint32_t arg1);
.text	0x29c46	0x29c7e	56	56	fcn.00029c46	native_stub_00029c46_fcn_00029c46	r2_discovered	6	23	6	7	1	0	1	24	0	fcn.00029c46 (int64_t arg1);
.text	0x29c7e	0x29cb8	58	58	fcn.00029c7e	native_stub_00029c7e_fcn_00029c7e	r2_discovered	6	21	6	1	1	0	1	24	0	fcn.00029c7e (uint32_t arg1);
.text	0x29cb8	0x29ce9	49	49	fcn.00029cb8	native_stub_00029cb8_fcn_00029cb8	r2_discovered	4	19	4	2	2	0	2	24	0	fcn.00029cb8 (int64_t arg1, int64_t arg2);
.text	0x29cea	0x29cf3	9	9	fcn.00029cea	native_stub_00029cea_fcn_00029cea	r2_discovered	1	4	0	27	0	0	1	0	0	fcn.00029cea (uint32_t arg1);
.text	0x29cf4	0x29d10	28	28	fcn.00029cf4	native_stub_00029cf4_fcn_00029cf4	r2_discovered	3	6	3	32	0	0	2	0	0	fcn.00029cf4 (uint32_t arg1, int64_t arg2);
.text	0x29d10	0x29d4c	60	60	fcn.00029d10	native_stub_00029d10_fcn_00029d10	r2_discovered	3	19	2	7	2	0	1	8	0	fcn.00029d10 (int64_t arg1);
.text	0x29d94	0x29dd0	60	60	fcn.00029d94	native_stub_00029d94_fcn_00029d94	r2_discovered	5	21	6	26	2	0	2	24	0	fcn.00029d94 (int64_t arg1, int64_t arg2);
.text	0x29dd0	0x29ef7	295	295	fcn.00029dd0	native_stub_00029dd0_fcn_00029dd0	r2_discovered	11	76	13	2	6	1	2	72	0	fcn.00029dd0 (int64_t arg1, int64_t arg3);
.text	0x29ef7	0x29f0d	22	22	fcn.00029ef7	native_stub_00029ef7_fcn_00029ef7	r2_discovered	5	9	4	37	0	0	3	0	0	fcn.00029ef7 (int64_t arg1, int64_t arg2, uint32_t arg3);
.text	0x29f0e	0x29fa8	154	154	fcn.00029f0e	native_stub_00029f0e_fcn_00029f0e	r2_discovered	8	49	11	8	4	0	2	40	0	fcn.00029f0e (uint32_t arg1, int64_t arg2);
.text	0x29fa8	0x2a05c	180	180	fcn.00029fa8	native_stub_00029fa8_fcn_00029fa8	r2_discovered	12	57	17	4	6	0	1	40	0	fcn.00029fa8 (uint32_t arg1);
.text	0x2a0c4	0x2a1e4	288	288	fcn.0002a0c4	native_stub_0002a0c4_fcn_0002a0c4	r2_discovered	32	109	45	1	3	0	3	40	0	fcn.0002a0c4 (uint32_t arg1, int64_t arg2, int64_t arg3);
.text	0x2a17c	0x2a237	187	187	fcn.0002a17c	native_stub_0002a17c_fcn_0002a17c	r2_discovered	13	64	18	2	4	0	2	40	0	fcn.0002a17c (int64_t arg1, uint32_t arg2);
.text	0x2a237	0x2a25b	36	36	fcn.0002a237	native_stub_0002a237_fcn_0002a237	r2_discovered	4	15	4	3	1	0	2	24	0	fcn.0002a237 (int64_t arg1, int64_t arg2);
.text	0x2a25c	0x2a2ab	79	79	fcn.0002a25c	native_stub_0002a25c_fcn_0002a25c	r2_discovered	4	28	4	6	4	0	2	40	0	fcn.0002a25c (int64_t arg1, int64_t arg2);
.text	0x2a2ac	0x2a2f3	71	71	fcn.0002a2ac	native_stub_0002a2ac_fcn_0002a2ac	r2_discovered	4	24	4	2	4	0	2	24	0	fcn.0002a2ac (int64_t arg1, int64_t arg2);
.text	0x2a2f4	0x2a2fa	6	6	fcn.0002a2f4	native_stub_0002a2f4_fcn_0002a2f4	r2_discovered	1	2	0	1	0	0	0	0	0	fcn.0002a2f4 ();
.text	0x2a2fa	0x2a2fb	1	1	fcn.0002a2fa	native_stub_0002a2fa_fcn_0002a2fa	r2_discovered	1	1	0	1	0	0	0	0	0	fcn.0002a2fa ();
.text	0x2a320	0x2b9b6	5782	5782	fcn.0002a320	native_stub_0002a320_fcn_0002a320	r2_discovered	11	1443	13	1	1	23	5	288	0	fcn.0002a320 (int64_t arg2, int64_t arg3, int64_t arg4, int64_t arg5, int64_t arg6);
.text	0x2a421	0x2a4b3	146	146	fcn.0002a421	native_stub_0002a421_fcn_0002a421	r2_discovered	7	36	8	1	3	6	3	56	0	fcn.0002a421 (int64_t arg1, int64_t arg2, int64_t arg3);
.text	0x2a521	0x2a8b0	911	911	fcn.0002a521	native_stub_0002a521_fcn_0002a521	r2_discovered	34	202	48	1	23	24	1	296	0	fcn.0002a521 (uint32_t arg1);
.text	0x2a56d	0x2a5d3	102	102	fcn.0002a56d	native_stub_0002a56d_fcn_0002a56d	r2_discovered	5	22	5	3	4	0	0	8	0	fcn.0002a56d ();
.text	0x2a5d3	0x2a672	159	159	fcn.0002a5d3	native_stub_0002a5d3_fcn_0002a5d3	r2_discovered	12	47	18	1	2	1	3	40	0	fcn.0002a5d3 (uint32_t arg1, int64_t arg2, int64_t arg3);
.text	0x2a672	0x2a711	159	159	fcn.0002a672	native_stub_0002a672_fcn_0002a672	r2_discovered	12	47	18	1	2	1	3	40	0	fcn.0002a672 (uint32_t arg1, int64_t arg2, int64_t arg3);
.text	0x2a711	0x2a73a	41	41	fcn.0002a711	native_stub_0002a711_fcn_0002a711	r2_discovered	6	14	7	1	0	0	2	0	0	fcn.0002a711 (int64_t arg1, int64_t arg2);
.text	0x2a73a	0x2a78b	81	81	fcn.0002a73a	native_stub_0002a73a_fcn_0002a73a	r2_discovered	3	18	2	1	3	0	0	8	0	fcn.0002a73a ();
.text	0x2a78b	0x2a98d	514	514	fcn.0002a78b	native_stub_0002a78b_fcn_0002a78b	r2_discovered	24	119	35	1	14	8	0	104	0	fcn.0002a78b ();
.text	0x2a98d	0x2a98e	1	1	fcn.0002a98d	native_stub_0002a98d_fcn_0002a98d	r2_discovered	1	1	0	1	0	0	0	0	0	fcn.0002a98d ();
.text	0x2a98e	0x2a994	6	6	fcn.0002a98e	native_stub_0002a98e_fcn_0002a98e	r2_discovered	1	2	0	1	0	0	0	0	0	fcn.0002a98e ();
.text	0x2a9bb	0x2a9c1	6	6	fcn.0002a9bb	native_stub_0002a9bb_fcn_0002a9bb	r2_discovered	1	2	0	1	0	0	0	0	0	fcn.0002a9bb ();
.text	0x2a9c1	0x2a9c7	6	6	fcn.0002a9c1	native_stub_0002a9c1_fcn_0002a9c1	r2_discovered	1	2	0	1	0	0	0	0	0	fcn.0002a9c1 ();
.text	0x2a9c7	0x2a9cd	6	6	fcn.0002a9c7	native_stub_0002a9c7_fcn_0002a9c7	r2_discovered	1	2	0	1	0	0	0	0	0	fcn.0002a9c7 ();
.text	0x2a9cd	0x2a9d3	6	6	fcn.0002a9cd	native_stub_0002a9cd_fcn_0002a9cd	r2_discovered	1	2	0	1	0	0	0	0	0	fcn.0002a9cd ();
.text	0x2a9d3	0x2a9d4	1	1	fcn.0002a9d3	native_stub_0002a9d3_fcn_0002a9d3	r2_discovered	1	1	0	1	0	0	0	0	0	fcn.0002a9d3 ();
.text	0x2a9d4	0x2a9d5	1	1	fcn.0002a9d4	native_stub_0002a9d4_fcn_0002a9d4	r2_discovered	1	1	0	1	0	0	0	0	0	fcn.0002a9d4 ();
.text	0x2a9d5	0x2a9d6	1	1	fcn.0002a9d5	native_stub_0002a9d5_fcn_0002a9d5	r2_discovered	1	1	0	1	0	0	0	0	0	fcn.0002a9d5 ();
.text	0x2a9d6	0x2a9d7	1	1	fcn.0002a9d6	native_stub_0002a9d6_fcn_0002a9d6	r2_discovered	1	1	0	1	0	0	0	0	0	fcn.0002a9d6 ();
.text	0x2a9d7	0x2a9d8	1	1	fcn.0002a9d7	native_stub_0002a9d7_fcn_0002a9d7	r2_discovered	1	1	0	1	0	0	0	0	0	fcn.0002a9d7 ();
.text	0x2a9d8	0x2a9d9	1	1	fcn.0002a9d8	native_stub_0002a9d8_fcn_0002a9d8	r2_discovered	1	1	0	1	0	0	0	0	0	fcn.0002a9d8 ();
.text	0x2a9d9	0x2a9da	1	1	fcn.0002a9d9	native_stub_0002a9d9_fcn_0002a9d9	r2_discovered	1	1	0	1	0	0	0	0	0	fcn.0002a9d9 ();
.text	0x2a9da	0x2a9db	1	1	fcn.0002a9da	native_stub_0002a9da_fcn_0002a9da	r2_discovered	1	1	0	1	0	0	0	0	0	fcn.0002a9da ();
.text	0x2a9db	0x2a9dc	1	1	fcn.0002a9db	native_stub_0002a9db_fcn_0002a9db	r2_discovered	1	1	0	1	0	0	0	0	0	fcn.0002a9db ();
.text	0x2a9dc	0x2a9dd	1	1	fcn.0002a9dc	native_stub_0002a9dc_fcn_0002a9dc	r2_discovered	1	1	0	1	0	0	0	0	0	fcn.0002a9dc ();
.text	0x2a9dd	0x2a9de	1	1	fcn.0002a9dd	native_stub_0002a9dd_fcn_0002a9dd	r2_discovered	1	1	0	1	0	0	0	0	0	fcn.0002a9dd ();
.text	0x2a9de	0x2ab35	343	343	fcn.0002a9de	native_stub_0002a9de_fcn_0002a9de	r2_discovered	14	94	19	1	11	5	2	104	0	fcn.0002a9de (int64_t arg1, int64_t arg2);
.text	0x2aa00	0x2ab4a	330	330	fcn.0002aa00	native_stub_0002aa00_fcn_0002aa00	r2_discovered	2	93	2	1	0	7	3	408	0	fcn.0002aa00 (int64_t arg1, int64_t arg3, int64_t arg4);
.text	0x2ae58	0x2aebf	103	103	fcn.0002ae58	native_stub_0002ae58_fcn_0002ae58	r2_discovered	5	32	7	5	2	1	2	40	0	fcn.0002ae58 (int64_t arg1, void *arg2);
.text	0x2aec0	0x2aeea	42	42	fcn.0002aec0	native_stub_0002aec0_fcn_0002aec0	r2_discovered	1	12	0	12	1	1	2	24	0	fcn.0002aec0 (int64_t arg1, int64_t arg2);
.text	0x2af10	0x2af1a	10	10	fcn.0002af10	native_stub_0002af10_fcn_0002af10	r2_discovered	3	5	3	1	0	0	3	0	0	fcn.0002af10 (int64_t arg1, int64_t arg2, int64_t arg3);
.text	0x2b130	0x2b148	24	24	fcn.0002b130	native_stub_0002b130_fcn_0002b130	r2_discovered	3	10	2	3	1	0	1	8	0	fcn.0002b130 (int64_t arg2);
.text	0x2b148	0x2b15f	23	23	fcn.0002b148	native_stub_0002b148_fcn_0002b148	r2_discovered	1	8	0	1	1	0	1	8	0	fcn.0002b148 (int64_t arg1);
.text	0x2b1e2	0x2b251	111	111	fcn.0002b1e2	native_stub_0002b1e2_fcn_0002b1e2	r2_discovered	8	34	11	1	3	0	1	24	0	fcn.0002b1e2 (int64_t arg1);
.text	0x2b252	0x2b34a	248	248	fcn.0002b252	native_stub_0002b252_fcn_0002b252	r2_discovered	12	65	16	3	8	2	1	40	0	fcn.0002b252 (int64_t arg1);
.text	0x2b4b6	0x2b5a2	236	236	fcn.0002b4b6	native_stub_0002b4b6_fcn_0002b4b6	r2_discovered	7	63	8	1	11	1	1	56	0	fcn.0002b4b6 (int64_t arg1);
.text	0x2b60a	0x2b60d	3	3	fcn.0002b60a	native_stub_0002b60a_fcn_0002b60a	r2_discovered	1	2	0	7	0	0	1	0	0	fcn.0002b60a (int64_t arg1);
.text	0x2b60e	0x2b649	59	59	fcn.0002b60e	native_stub_0002b60e_fcn_0002b60e	r2_discovered	6	20	6	1	2	0	1	8	0	fcn.0002b60e (int64_t arg1);
.text	0x2b64a	0x2b674	42	42	fcn.0002b64a	native_stub_0002b64a_fcn_0002b64a	r2_discovered	4	15	4	2	2	0	1	8	0	fcn.0002b64a (int64_t arg1);
.text	0x2b674	0x2b768	244	244	fcn.0002b674	native_stub_0002b674_fcn_0002b674	r2_discovered	19	79	27	6	4	1	2	56	0	fcn.0002b674 (int64_t arg1, uint32_t arg2);
.text	0x2b776	0x2b79a	36	36	fcn.0002b776	native_stub_0002b776_fcn_0002b776	r2_discovered	3	10	3	4	1	0	0	1128	0	fcn.0002b776 ();
.text	0x2b79a	0x2b858	190	190	fcn.0002b79a	native_stub_0002b79a_fcn_0002b79a	r2_discovered	10	60	15	2	6	1	0	56	0	fcn.0002b79a ();
.text	0x2b858	0x2b88e	54	54	fcn.0002b858	native_stub_0002b858_fcn_0002b858	r2_discovered	3	24	2	1	1	0	3	24	0	fcn.0002b858 (int64_t arg1, int64_t arg2, int64_t arg3);
.text	0x2b88e	0x2b8af	33	33	fcn.0002b88e	native_stub_0002b88e_fcn_0002b88e	r2_discovered	3	13	2	1	1	0	1	8	0	fcn.0002b88e (int64_t arg1);
.text	0x2c1b0	0x2c226	118	118	fcn.0002c1b0	native_stub_0002c1b0_fcn_0002c1b0	r2_discovered	8	29	11	1	2	0	2	8	0	fcn.0002c1b0 (uint32_t arg1, uint32_t arg2);
.text	0x2c2fa	0x2c315	27	27	fcn.0002c2fa	native_stub_0002c2fa_fcn_0002c2fa	r2_discovered	3	9	3	2	1	0	1	8	0	fcn.0002c2fa (int64_t arg1);
.text	0x2c33c	0x2c340	4	4	fcn.0002c33c	native_stub_0002c33c_fcn_0002c33c	r2_discovered	1	2	0	5	0	0	1	0	0	fcn.0002c33c (int64_t arg1);
.text	0x2c340	0x2c348	8	8	fcn.0002c340	native_stub_0002c340_fcn_0002c340	r2_discovered	1	3	0	2	0	0	1	0	0	fcn.0002c340 (int64_t arg1);
.text	0x2c35e	0x2c372	20	20	fcn.0002c35e	native_stub_0002c35e_fcn_0002c35e	r2_discovered	1	8	0	1	1	0	1	8	0	fcn.0002c35e (int64_t arg1);
.text	0x2c438	0x2c53d	261	261	fcn.0002c438	native_stub_0002c438_fcn_0002c438	r2_discovered	15	76	20	1	7	1	2	56	0	fcn.0002c438 (uint32_t arg1, int64_t arg2);
.text	0x2c65e	0x2c698	58	58	fcn.0002c65e	native_stub_0002c65e_fcn_0002c65e	r2_discovered	4	21	4	3	3	0	2	24	0	fcn.0002c65e (int64_t arg1, int64_t arg2);
.text	0x2c7a0	0x2c899	249	249	fcn.0002c7a0	native_stub_0002c7a0_fcn_0002c7a0	r2_discovered	21	75	31	1	4	3	3	56	0	fcn.0002c7a0 (uint32_t arg1, int64_t arg2, int64_t arg3);
.text	0x2c89a	0x2c902	104	104	fcn.0002c89a	native_stub_0002c89a_fcn_0002c89a	r2_discovered	13	40	16	1	1	0	2	24	0	fcn.0002c89a (uint32_t arg1, int64_t arg2);
.text	0x2c902	0x2c928	38	38	fcn.0002c902	native_stub_0002c902_fcn_0002c902	r2_discovered	3	14	3	4	1	0	3	8	0	fcn.0002c902 (void *s2, int64_t arg2, int64_t arg3);
.text	0x2c930	0x2ca8f	351	351	fcn.0002c930	native_stub_0002c930_fcn_0002c930	r2_discovered	2	87	2	1	0	7	5	208	0	fcn.0002c930 (int64_t arg1, int64_t arg2, int64_t arg3, int64_t arg5, int64_t arg6);
.text	0x2cafa	0x2ccd5	475	475	fcn.0002cafa	native_stub_0002cafa_fcn_0002cafa	r2_discovered	3	68	3	1	12	0	1	8	0	fcn.0002cafa (int64_t arg1);
.text	0x2ccd6	0x2ce81	427	427	fcn.0002ccd6	native_stub_0002ccd6_fcn_0002ccd6	r2_discovered	15	89	20	1	22	0	1	40	0	fcn.0002ccd6 (int64_t arg1);
.text	0x2ce9a	0x2cea2	8	8	fcn.0002ce9a	native_stub_0002ce9a_fcn_0002ce9a	r2_discovered	1	2	0	9	0	0	0	0	0	fcn.0002ce9a ();
.text	0x2ceb0	0x2d09e	494	494	fcn.0002ceb0	native_stub_0002ceb0_fcn_0002ceb0	r2_discovered	2	125	2	1	0	15	9	272	0	fcn.0002ceb0 (int64_t arg1, int64_t arg2, int64_t arg3, int64_t arg4, int64_t arg5, int64_t arg6, int64_t arg_d0h, int64_t arg_d8h, int64_t arg_e0h);
.text	0x2d44a	0x2d4e6	156	156	fcn.0002d44a	native_stub_0002d44a_fcn_0002d44a	r2_discovered	5	35	5	1	9	1	1	40	0	fcn.0002d44a (int64_t arg1);
.text	0x2d980	0x2daf3	371	371	fcn.0002d980	native_stub_0002d980_fcn_0002d980	r2_discovered	2	96	2	1	0	10	3	1896	0	fcn.0002d980 (int64_t arg1, int64_t arg5, int64_t arg6);
.text	0x307d0	0x30929	345	345	fcn.000307d0	native_stub_000307d0_fcn_000307d0	r2_discovered	2	88	2	1	0	7	2	768	0	fcn.000307d0 (int64_t arg1, int64_t arg4);
.text	0x30c30	0x30db8	392	392	fcn.00030c30	native_stub_00030c30_fcn_00030c30	r2_discovered	2	100	2	1	0	7	3	808	0	fcn.00030c30 (int64_t arg1, int64_t arg3, int64_t arg4);
.text	0x32260	0x32405	421	421	fcn.00032260	native_stub_00032260_fcn_00032260	r2_discovered	2	107	2	1	0	10	4	200	0	fcn.00032260 (int64_t arg1, int64_t arg2, int64_t arg3, int64_t arg4);
.text	0x32360	0x3251a	442	442	fcn.00032360	native_stub_00032360_fcn_00032360	r2_discovered	2	118	2	1	0	9	5	296	0	fcn.00032360 (int64_t arg1, int64_t arg2, int64_t arg3, int64_t arg4, int64_t arg6);
.text	0x3270a	0x32791	135	135	fcn.0003270a	native_stub_0003270a_fcn_0003270a	r2_discovered	5	36	5	1	5	4	2	72	0	fcn.0003270a (int64_t arg1, int64_t arg2);
.text	0x327a0	0x32917	375	375	fcn.000327a0	native_stub_000327a0_fcn_000327a0	r2_discovered	2	101	2	1	0	8	2	1064	0	fcn.000327a0 (int64_t arg1, int64_t arg4);
.text	0x33be0	0x33d64	388	388	fcn.00033be0	native_stub_00033be0_fcn_00033be0	r2_discovered	2	98	2	1	0	7	4	224	0	fcn.00033be0 (int64_t arg1, int64_t arg3, int64_t arg5, int64_t arg6);
.text	0x35a0a	0x35a30	38	38	fcn.00035a0a	native_stub_00035a0a_fcn_00035a0a	r2_discovered	5	14	4	1	1	0	1	8	0	fcn.00035a0a (uint32_t arg1);
.text	0x35a30	0x35a4c	28	28	fcn.00035a30	native_stub_00035a30_fcn_00035a30	r2_discovered	3	11	2	2	1	0	1	8	0	fcn.00035a30 (int64_t arg1);
.text	0x35a50	0x35a5b	11	11	fcn.00035a50	native_stub_00035a50_fcn_00035a50	r2_discovered	3	4	2	4	0	0	1	0	0	fcn.00035a50 (int64_t arg1);
.text	0x35a5b	0x35a7e	35	35	fcn.00035a5b	native_stub_00035a5b_fcn_00035a5b	r2_discovered	3	13	3	2	1	0	3	8	0	fcn.00035a5b (void *s2, int64_t arg2, int64_t arg3);
.text	0x35a7e	0x35af4	118	118	fcn.00035a7e	native_stub_00035a7e_fcn_00035a7e	r2_discovered	8	29	11	2	2	0	2	8	0	fcn.00035a7e (uint32_t arg1, uint32_t arg2);
.text	0x35b38	0x35bad	117	117	fcn.00035b38	native_stub_00035b38_fcn_00035b38	r2_discovered	10	40	12	1	3	0	1	24	0	fcn.00035b38 (uint32_t arg1);
.text	0x35b6a	0x35bf4	138	138	fcn.00035b6a	native_stub_00035b6a_fcn_00035b6a	r2_discovered	8	33	11	4	2	0	2	8	0	fcn.00035b6a (uint32_t arg1, uint32_t arg2);
.text	0x35bf4	0x35c38	68	68	fcn.00035bf4	native_stub_00035bf4_fcn_00035bf4	r2_discovered	3	24	3	2	3	0	2	24	0	fcn.00035bf4 (int64_t arg1, int64_t arg2);
.text	0x35c38	0x35c52	26	26	fcn.00035c38	native_stub_00035c38_fcn_00035c38	r2_discovered	3	9	2	4	0	0	1	0	0	fcn.00035c38 (uint32_t arg1);
.text	0x35c52	0x35c57	5	5	fcn.00035c52	native_stub_00035c52_fcn_00035c52	r2_discovered	1	1	0	12	0	0	0	0	0	fcn.00035c52 ();
.text	0x35c96	0x35dbf	297	297	fcn.00035c96	native_stub_00035c96_fcn_00035c96	r2_discovered	17	80	23	2	9	5	2	88	0	fcn.00035c96 (int64_t arg2, int64_t arg3);
.text	0x35ef6	0x35f6e	120	120	fcn.00035ef6	native_stub_00035ef6_fcn_00035ef6	r2_discovered	6	39	7	55	5	0	2	40	0	fcn.00035ef6 (int64_t arg1, uint32_t arg2);
.text	0x35fcc	0x36007	59	59	fcn.00035fcc	native_stub_00035fcc_fcn_00035fcc	r2_discovered	5	22	6	65	3	0	1	8	0	fcn.00035fcc (int64_t arg1);
.text	0x3600c	0x3601b	15	15	fcn.0003600c	native_stub_0003600c_fcn_0003600c	r2_discovered	1	4	0	1	0	0	1	0	0	fcn.0003600c (int64_t arg1);
.text	0x3601c	0x3602b	15	15	fcn.0003601c	native_stub_0003601c_fcn_0003601c	r2_discovered	1	4	0	1	0	0	1	0	0	fcn.0003601c (int64_t arg1);
.text	0x3602c	0x3609f	115	115	fcn.0003602c	native_stub_0003602c_fcn_0003602c	r2_discovered	6	40	8	13	4	0	2	40	0	fcn.0003602c (uint32_t arg1, int64_t arg2);
.text	0x360a0	0x360df	63	63	fcn.000360a0	native_stub_000360a0_fcn_000360a0	r2_discovered	7	21	9	18	1	0	2	8	0	fcn.000360a0 (int64_t arg1, int64_t arg2);
.text	0x36126	0x3614a	36	36	fcn.00036126	native_stub_00036126_fcn_00036126	r2_discovered	1	14	0	25	1	0	4	40	0	fcn.00036126 (int64_t arg1, int64_t arg2, int64_t arg3, int64_t arg4);
.text	0x36166	0x361a8	66	66	fcn.00036166	native_stub_00036166_fcn_00036166	r2_discovered	6	25	6	1	2	0	1	24	0	fcn.00036166 (int64_t arg1);
.text	0x361a8	0x361c9	33	33	fcn.000361a8	native_stub_000361a8_fcn_000361a8	r2_discovered	3	12	3	4	1	0	1	8	0	fcn.000361a8 (int64_t arg1);
.text	0x3629a	0x3635f	197	197	fcn.0003629a	native_stub_0003629a_fcn_0003629a	r2_discovered	5	31	5	2	3	0	0	8	0	fcn.0003629a ();
.text	0x3635f	0x363c0	97	97	fcn.0003635f	native_stub_0003635f_fcn_0003635f	r2_discovered	5	21	5	1	4	0	0	8	0	fcn.0003635f ();
.text	0x36622	0x3664c	42	42	fcn.00036622	native_stub_00036622_fcn_00036622	r2_discovered	1	12	0	5	1	1	2	24	0	fcn.00036622 (int64_t arg1, int64_t arg2);
.text	0x36712	0x367c4	178	178	fcn.00036712	native_stub_00036712_fcn_00036712	r2_discovered	6	54	7	20	6	0	10	40	0	fcn.00036712 (int64_t arg1, int64_t arg2, int64_t arg3, int64_t arg4, int64_t arg5, int64_t arg6, int64_t arg7, int64_t arg8, int64_t arg9, int64_t arg10);
.text	0x36840	0x368fd	189	189	fcn.00036840	native_stub_00036840_fcn_00036840	r2_discovered	6	57	7	1	6	0	4	40	0	fcn.00036840 (int64_t arg1, int64_t arg2, int64_t arg3, int64_t arg4);
.text	0x36902	0x36915	19	19	fcn.00036902	native_stub_00036902_fcn_00036902	r2_discovered	3	6	2	8	0	0	1	0	0	fcn.00036902 (int64_t arg1);
.text	0x36916	0x36965	79	79	fcn.00036916	native_stub_00036916_fcn_00036916	r2_discovered	4	28	4	2	4	0	2	40	0	fcn.00036916 (int64_t arg1, int64_t arg2);
.text	0x36966	0x3698f	41	41	fcn.00036966	native_stub_00036966_fcn_00036966	r2_discovered	5	13	6	18	0	0	2	0	0	fcn.00036966 (int64_t arg1, int64_t arg2);
.text	0x36990	0x36a31	161	161	fcn.00036990	native_stub_00036990_fcn_00036990	r2_discovered	13	57	19	8	2	1	4	72	0	fcn.00036990 (int64_t arg1, int64_t arg2, int64_t arg3, int64_t arg4);
.text	0x36a32	0x36b13	225	225	fcn.00036a32	native_stub_00036a32_fcn_00036a32	r2_discovered	15	75	19	14	5	0	3	40	0	fcn.00036a32 (uint32_t arg1, uint32_t arg2, int64_t arg3);
.text	0x36b14	0x36b3c	40	40	fcn.00036b14	native_stub_00036b14_fcn_00036b14	r2_discovered	3	12	3	15	1	0	10	8	0	fcn.00036b14 (int64_t arg1, uint32_t arg2, uint32_t arg3, int64_t arg5, int64_t arg6, int64_t arg7, int64_t arg8, int64_t arg9, int64_t arg10, int64_t arg11);
.text	0x36b3c	0x36b64	40	40	fcn.00036b3c	native_stub_00036b3c_fcn_00036b3c	r2_discovered	3	12	3	16	1	0	3	8	0	fcn.00036b3c (int64_t arg1, uint32_t arg2, int64_t arg3);
.text	0x36b64	0x36cda	374	374	fcn.00036b64	native_stub_00036b64_fcn_00036b64	r2_discovered	20	117	26	3	8	0	4	56	0	fcn.00036b64 (int64_t arg1, int64_t arg2, uint32_t arg3, int64_t arg4);
.text	0x36cda	0x36d97	189	189	fcn.00036cda	native_stub_00036cda_fcn_00036cda	r2_discovered	13	59	19	10	7	0	3	24	0	fcn.00036cda (uint32_t arg1, uint32_t arg2, uint32_t arg3);
.text	0x36d98	0x36e82	234	234	fcn.00036d98	native_stub_00036d98_fcn_00036d98	r2_discovered	13	72	18	1	3	0	3	56	0	fcn.00036d98 (int64_t arg1, int64_t arg2, int64_t arg3);
.text	0x36e82	0x36f05	131	131	fcn.00036e82	native_stub_00036e82_fcn_00036e82	r2_discovered	5	45	6	2	1	1	5	72	0	fcn.00036e82 (int64_t arg1, uint32_t arg2, int64_t arg3, int64_t arg4, int64_t arg5);
.text	0x36f05	0x36fe2	221	221	fcn.00036f05	native_stub_00036f05_fcn_00036f05	r2_discovered	9	65	11	1	3	3	5	88	0	fcn.00036f05 (int64_t arg1, int64_t arg2, int64_t arg3, int64_t arg4, int64_t arg_60h);
.text	0x36fe2	0x36ff8	22	22	fcn.00036fe2	native_stub_00036fe2_fcn_00036fe2	r2_discovered	5	9	4	2	0	0	3	0	0	fcn.00036fe2 (int64_t arg1, int64_t arg2, uint32_t arg3);
.text	0x36ff8	0x370ef	247	247	fcn.00036ff8	native_stub_00036ff8_fcn_00036ff8	r2_discovered	13	78	19	22	6	1	4	72	0	fcn.00036ff8 (uint32_t arg1, int64_t arg2, int64_t arg3, int64_t arg4);
.text	0x372b0	0x372d2	34	34	fcn.000372b0	native_stub_000372b0_fcn_000372b0	r2_discovered	1	9	0	1	1	0	1	8	0	fcn.000372b0 (int64_t arg1);
.text	0x372d2	0x372f2	32	32	fcn.000372d2	native_stub_000372d2_fcn_000372d2	r2_discovered	1	9	0	2	1	0	1	8	0	fcn.000372d2 (int64_t arg1);
.text	0x37450	0x37459	9	9	fcn.00037450	native_stub_00037450_fcn_00037450	r2_discovered	1	2	0	1	0	0	1	0	0	fcn.00037450 (int64_t arg1);
.text	0x37930	0x3794a	26	26	fcn.00037930	native_stub_00037930_fcn_00037930	r2_discovered	3	9	2	1	0	0	1	0	0	fcn.00037930 (int64_t arg1);
.text	0x379a0	0x379d4	52	52	fcn.000379a0	native_stub_000379a0_fcn_000379a0	r2_discovered	1	16	0	1	3	0	1	24	0	fcn.000379a0 (int64_t arg1);
.text	0x37b38	0x37b41	9	9	fcn.00037b38	native_stub_00037b38_fcn_00037b38	r2_discovered	1	2	0	1	0	0	1	0	0	fcn.00037b38 (int64_t arg1);
.text	0x37c20	0x37dde	446	446	fcn.00037c20	native_stub_00037c20_fcn_00037c20	r2_discovered	2	114	2	1	0	9	6	160	0	fcn.00037c20 (int64_t arg1, int64_t arg2, int64_t arg3, int64_t arg4, int64_t arg5, int64_t arg6);
.text	0x37d20	0x37d47	39	39	fcn.00037d20	native_stub_00037d20_fcn_00037d20	r2_discovered	6	12	6	1	0	0	1	0	0	fcn.00037d20 (int64_t arg1);
.text	0x37d48	0x37e33	235	235	fcn.00037d48	native_stub_00037d48_fcn_00037d48	r2_discovered	20	66	28	3	2	0	1	24	0	fcn.00037d48 (uint32_t arg1);
.text	0x37fe6	0x38041	91	91	fcn.00037fe6	native_stub_00037fe6_fcn_00037fe6	r2_discovered	1	28	0	2	2	0	2	24	0	fcn.00037fe6 (int64_t arg1, int64_t arg2);
.text	0x38042	0x380a0	94	94	fcn.00038042	native_stub_00038042_fcn_00038042	r2_discovered	1	29	0	4	2	0	2	24	0	fcn.00038042 (int64_t arg1, int64_t arg2);
.text	0x380a0	0x380dc	60	60	fcn.000380a0	native_stub_000380a0_fcn_000380a0	r2_discovered	5	21	6	23	2	0	2	24	0	fcn.000380a0 (int64_t arg1, int64_t arg2);
.text	0x380dc	0x381c6	234	234	sym.x	native_stub_000380dc_sym_x	symbol_named	11	56	16	0	5	3	2	72	0	sym.x (uint32_t arg1, uint32_t arg2);
.text	0x38a2e	0x38a5e	48	48	fcn.00038a2e	native_stub_00038a2e_fcn_00038a2e	r2_discovered	7	14	8	1	0	0	1	0	0	fcn.00038a2e (uint32_t arg1);
.text	0x38a5e	0x38ad4	118	118	fcn.00038a5e	native_stub_00038a5e_fcn_00038a5e	r2_discovered	8	29	11	3	2	0	2	8	0	fcn.00038a5e (uint32_t arg1, uint32_t arg2);
.text	0x38b18	0x38b8d	117	117	fcn.00038b18	native_stub_00038b18_fcn_00038b18	r2_discovered	10	40	12	3	3	0	1	24	0	fcn.00038b18 (uint32_t arg1);
.text	0x38b62	0x38b81	31	31	fcn.00038b62	native_stub_00038b62_fcn_00038b62	r2_discovered	1	9	0	3	2	0	1	8	0	fcn.00038b62 (int64_t arg1);
.text	0x38bd2	0x38c36	100	100	fcn.00038bd2	native_stub_00038bd2_fcn_00038bd2	r2_discovered	7	36	8	1	2	0	3	40	0	fcn.00038bd2 (int64_t arg1, int64_t arg2, int64_t arg3);
.text	0x38e9c	0x38ef3	87	87	fcn.00038e9c	native_stub_00038e9c_fcn_00038e9c	r2_discovered	1	27	0	2	3	0	2	24	0	fcn.00038e9c (int64_t arg1, int64_t arg2);
.text	0x38ef3	0x38f7b	136	136	fcn.00038ef3	native_stub_00038ef3_fcn_00038ef3	r2_discovered	4	34	4	2	0	0	3	0	0	fcn.00038ef3 (int64_t arg1, uint32_t arg2, int64_t arg3);
.text	0x38fcf	0x39101	306	306	fcn.00038fcf	native_stub_00038fcf_fcn_00038fcf	r2_discovered	10	76	12	1	8	9	1	88	0	fcn.00038fcf (int64_t arg1);
.text	0x39110	0x3a750	5696	5696	fcn.00039110	native_stub_00039110_fcn_00039110	r2_discovered	11	1408	13	1	1	22	6	440	0	fcn.00039110 (int64_t arg1, int64_t arg2, int64_t arg3, int64_t arg4, int64_t arg5, int64_t arg6);
.text	0x39b83	0x39b9b	24	24	fcn.00039b83	native_stub_00039b83_fcn_00039b83	r2_discovered	1	5	0	1	0	0	0	0	0	fcn.00039b83 ();
.text	0x3a195	0x3a19d	8	8	fcn.0003a195	native_stub_0003a195_fcn_0003a195	r2_discovered	1	6	0	1	0	0	0	8	0	fcn.0003a195 ();
.text	0x3ad24	0x3ad9a	118	118	fcn.0003ad24	native_stub_0003ad24_fcn_0003ad24	r2_discovered	8	29	11	1	2	0	2	8	0	fcn.0003ad24 (uint32_t arg1, uint32_t arg2);
.text	0x3ae18	0x3ae23	11	11	fcn.0003ae18	native_stub_0003ae18_fcn_0003ae18	r2_discovered	3	4	2	3	0	0	1	0	0	fcn.0003ae18 (int64_t arg1);
.text	0x3ae24	0x3aeea	198	198	fcn.0003ae24	native_stub_0003ae24_fcn_0003ae24	r2_discovered	12	69	15	1	4	0	2	40	0	fcn.0003ae24 (int64_t arg1, int64_t arg2);
.text	0x3aeea	0x3af2a	64	64	fcn.0003aeea	native_stub_0003aeea_fcn_0003aeea	r2_discovered	1	22	0	6	2	0	10	24	0	fcn.0003aeea (int64_t arg1, int64_t arg2, uint32_t arg3, int64_t arg4, int64_t arg5, int64_t arg6, int64_t arg7, int64_t arg8, int64_t arg9, int64_t arg10);
.text	0x3af2e	0x3af89	91	91	fcn.0003af2e	native_stub_0003af2e_fcn_0003af2e	r2_discovered	5	29	6	3	1	0	2	24	0	fcn.0003af2e (int64_t arg1, int64_t arg2);
.text	0x3b092	0x3b0cc	58	58	fcn.0003b092	native_stub_0003b092_fcn_0003b092	r2_discovered	4	21	4	2	3	0	2	24	0	fcn.0003b092 (int64_t arg1, int64_t arg2);
.text	0x3b222	0x3b248	38	38	fcn.0003b222	native_stub_0003b222_fcn_0003b222	r2_discovered	3	10	3	6	1	0	4	8	0	fcn.0003b222 (int64_t arg1, uint32_t arg2, int64_t arg3, int64_t arg4);
.text	0x3b248	0x3b28f	71	71	fcn.0003b248	native_stub_0003b248_fcn_0003b248	r2_discovered	5	27	6	5	1	0	2	24	0	fcn.0003b248 (int64_t arg1, int64_t arg2);
.text	0x3c371	0x3c99e	1581	1581	fcn.0003c371	native_stub_0003c371_fcn_0003c371	r2_discovered	126	458	196	2	7	9	2	4184	0	fcn.0003c371 (int64_t arg1, int64_t arg2);
.text	0x3c99e	0x3c9b4	22	22	fcn.0003c99e	native_stub_0003c99e_fcn_0003c99e	r2_discovered	1	8	0	11	0	0	2	0	0	fcn.0003c99e (int64_t arg1, uint32_t arg2);
.text	0x3c9ec	0x3ce62	1142	1142	fcn.0003c9ec	native_stub_0003c9ec_fcn_0003c9ec	r2_discovered	79	322	112	5	1	12	5	5608	0	fcn.0003c9ec (int64_t arg1, int64_t arg2, signed int64_t arg3, int64_t arg4, uint32_t arg5);
.text	0x3ce78	0x3d42c	1460	1460	fcn.0003ce78	native_stub_0003ce78_fcn_0003ce78	r2_discovered	105	394	149	1	4	3	1	696	0	fcn.0003ce78 (int64_t arg1);
.text	0x3d42c	0x3d788	860	860	fcn.0003d42c	native_stub_0003d42c_fcn_0003d42c	r2_discovered	55	233	77	2	3	0	2	56	0	fcn.0003d42c (int64_t arg1, int64_t arg2);
.text	0x3d788	0x3dcac	1316	1316	fcn.0003d788	native_stub_0003d788_fcn_0003d788	r2_discovered	106	387	155	2	3	0	2	56	0	fcn.0003d788 (uint32_t arg1, int64_t arg2);
.text	0x3dcac	0x3dd39	141	141	fcn.0003dcac	native_stub_0003dcac_fcn_0003dcac	r2_discovered	7	35	9	1	0	0	1	0	0	fcn.0003dcac (int64_t arg1);
.text	0x3ddf8	0x3de78	128	128	fcn.0003ddf8	native_stub_0003ddf8_fcn_0003ddf8	r2_discovered	8	44	11	2	1	0	3	40	0	fcn.0003ddf8 (void *arg1, int64_t arg2, uint32_t arg3);
.text	0x3de87	0x3df27	160	160	fcn.0003de87	native_stub_0003de87_fcn_0003de87	r2_discovered	9	37	12	2	1	0	1	8	0	fcn.0003de87 (uint32_t arg1);
.text	0x3df27	0x3dffc	213	213	fcn.0003df27	native_stub_0003df27_fcn_0003df27	r2_discovered	11	75	13	1	0	0	3	16	0	fcn.0003df27 (int64_t arg1, uint32_t arg2, uint32_t arg3);
.text	0x3dffc	0x3e042	70	70	fcn.0003dffc	native_stub_0003dffc_fcn_0003dffc	r2_discovered	6	24	7	8	0	0	3	0	0	fcn.0003dffc (int64_t arg1, int64_t arg2, uint32_t arg3);
.text	0x3e04f	0x3e07c	45	45	fcn.0003e04f	native_stub_0003e04f_fcn_0003e04f	r2_discovered	4	16	4	6	1	0	1	8	0	fcn.0003e04f (int64_t arg1);
.text	0x3e18d	0x3e26b	222	222	fcn.0003e18d	native_stub_0003e18d_fcn_0003e18d	r2_discovered	12	49	16	1	1	0	1	24	0	fcn.0003e18d (uint32_t arg1);
.text	0x3e19c	0x3f89f	5891	5891	fcn.0003e19c	native_stub_0003e19c_fcn_0003e19c	r2_discovered	468	1574	689	7	1	22	7	328	0	fcn.0003e19c (int64_t arg1, int64_t arg2, int64_t arg3, int64_t arg4, uint32_t arg5, int64_t arg6, int64_t arg_150h);
.text	0x3f89f	0x3fba8	777	777	fcn.0003f89f	native_stub_0003f89f_fcn_0003f89f	r2_discovered	41	206	65	1	3	4	2	120	0	fcn.0003f89f (int64_t arg1, uint32_t arg2);
.text	0x3ff6e	0x4096a	2556	2556	fcn.0003ff6e	native_stub_0003ff6e_fcn_0003ff6e	r2_discovered	143	636	231	2	4	11	6	120	0	fcn.0003ff6e (uint32_t arg1, uint32_t arg2, uint32_t arg3, int64_t arg4, uint32_t arg5, uint32_t arg6);
.text	0x4096a	0x40abf	341	341	fcn.0004096a	native_stub_0004096a_fcn_0004096a	r2_discovered	24	98	38	1	2	3	2	72	0	fcn.0004096a (uint32_t arg1, uint32_t arg2);
.text	0x40abf	0x40adf	32	32	fcn.00040abf	native_stub_00040abf_fcn_00040abf	r2_discovered	1	9	0	5	1	1	2	24	0	fcn.00040abf (int64_t arg3, int64_t arg4);
.text	0x40adf	0x40c3e	351	351	fcn.00040adf	native_stub_00040adf_fcn_00040adf	r2_discovered	3	66	3	5	0	0	4	0	0	fcn.00040adf (int64_t arg1, int64_t arg2, int64_t arg3, int64_t arg4);
.text	0x40c8c	0x40d25	153	153	fcn.00040c8c	native_stub_00040c8c_fcn_00040c8c	r2_discovered	8	54	11	2	4	1	5	72	0	fcn.00040c8c (int64_t arg1, int64_t arg2, int64_t arg3, int64_t arg4, int64_t arg5);
.text	0x40e1f	0x40e90	113	113	fcn.00040e1f	native_stub_00040e1f_fcn_00040e1f	r2_discovered	15	36	17	2	0	0	3	0	0	fcn.00040e1f (uint32_t arg1, int64_t arg2, uint32_t arg3);
.text	0x40f90	0x410a8	280	280	fcn.00040f90	native_stub_00040f90_fcn_00040f90	r2_discovered	14	70	22	1	4	1	2	40	0	fcn.00040f90 (int64_t arg1, int64_t arg2);
.text	0x41077	0x413ab	820	820	fcn.00041077	native_stub_00041077_fcn_00041077	r2_discovered	21	199	28	1	14	31	7	200	0	fcn.00041077 (int64_t arg1, int64_t arg2, int64_t arg3, void **arg4, int64_t arg5, uint32_t arg6, uint32_t arg_d0h);
.text	0x413fd	0x41448	75	75	fcn.000413fd	native_stub_000413fd_fcn_000413fd	r2_discovered	9	26	15	2	0	0	2	0	0	fcn.000413fd (uint32_t arg1, int64_t arg2);
.text	0x41448	0x41551	265	265	fcn.00041448	native_stub_00041448_fcn_00041448	r2_discovered	9	73	13	2	0	0	3	0	0	fcn.00041448 (uint32_t arg1, int64_t arg2, int64_t arg3);
.text	0x415ae	0x418c6	792	792	fcn.000415ae	native_stub_000415ae_fcn_000415ae	r2_discovered	71	235	110	3	2	6	4	104	0	fcn.000415ae (uint32_t arg1, int64_t arg2, void *arg3, int64_t arg4);
.text	0x418c6	0x41bfb	821	821	fcn.000418c6	native_stub_000418c6_fcn_000418c6	r2_discovered	46	211	73	2	11	5	19	64	0	fcn.000418c6 (int64_t arg1, int64_t arg2, int64_t arg3, int64_t arg4, int64_t arg5, uint32_t arg6, int64_t arg_30h, int64_t arg_38h, uint32_t arg_40h, int64_t arg_5ah, int64_t arg_5ch, int64_t arg_60h, int64_t arg_6ch, uint32_t arg_6eh, int64_t arg_70h, int64_t arg_78h, uint32_t arg_80h, int64_t arg_90h, int64_t arg_2a0h);
.text	0x41bfb	0x41c51	86	86	fcn.00041bfb	native_stub_00041bfb_fcn_00041bfb	r2_discovered	3	31	2	1	1	2	5	40	0	fcn.00041bfb (int64_t arg1, int64_t arg3, int64_t arg4, int64_t arg5, int64_t arg6);
.text	0x41c51	0x41c64	19	19	fcn.00041c51	native_stub_00041c51_fcn_00041c51	r2_discovered	1	6	0	1	1	0	0	24	0	fcn.00041c51 ();
.text	0x4221c	0x422cb	175	175	fcn.0004221c	native_stub_0004221c_fcn_0004221c	r2_discovered	8	52	11	2	3	0	1	24	0	fcn.0004221c (uint32_t arg1);
.text	0x423a3	0x4247f	220	220	fcn.000423a3	native_stub_000423a3_fcn_000423a3	r2_discovered	16	54	24	1	1	0	2	8	0	fcn.000423a3 (uint32_t arg1, int64_t arg2);
.text	0x424fb	0x42c3c	1857	1857	fcn.000424fb	native_stub_000424fb_fcn_000424fb	r2_discovered	79	453	136	1	29	30	9	264	0	fcn.000424fb (int64_t arg1, uint32_t arg2, int64_t arg3, int64_t arg4, uint32_t arg5, uint32_t arg6, int64_t arg_110h, uint32_t arg_118h, int64_t arg_120h);
.text	0x4308a	0x4319b	273	273	fcn.0004308a	native_stub_0004308a_fcn_0004308a	r2_discovered	15	78	22	1	5	6	1	56	0	fcn.0004308a (uint32_t arg1);
.text	0x43215	0x432fb	230	230	fcn.00043215	native_stub_00043215_fcn_00043215	r2_discovered	11	65	16	1	3	0	1	24	0	fcn.00043215 (uint32_t arg1);
.text	0x4336c	0x43721	949	949	fcn.0004336c	native_stub_0004336c_fcn_0004336c	r2_discovered	53	251	86	1	0	0	5	48	0	fcn.0004336c (int64_t arg1, uint32_t arg2, int64_t arg3, int64_t arg4, int64_t arg5);
.text	0x4425d	0x442cf	114	114	fcn.0004425d	native_stub_0004425d_fcn_0004425d	r2_discovered	12	42	15	2	0	0	7	8	0	fcn.0004425d (int64_t arg1, uint32_t arg2, signed int64_t arg3, int64_t arg4, int64_t arg5, int64_t arg6, int64_t arg_10h);
.text	0x442cf	0x44349	122	122	fcn.000442cf	native_stub_000442cf_fcn_000442cf	r2_discovered	6	38	6	3	2	2	4	56	0	fcn.000442cf (int64_t arg1, int64_t arg2, int64_t arg3, int64_t arg4);
.text	0x4452a	0x4482d	771	771	fcn.0004452a	native_stub_0004452a_fcn_0004452a	r2_discovered	29	191	41	2	15	17	3	184	0	fcn.0004452a (int64_t arg1, int64_t arg2, int64_t arg3);
.text	0x4482e	0x448db	173	173	fcn.0004482e	native_stub_0004482e_fcn_0004482e	r2_discovered	8	57	10	8	5	0	2	56	0	fcn.0004482e (uint32_t arg1, int64_t arg2);
.text	0x448e6	0x448fa	20	20	fcn.000448e6	native_stub_000448e6_fcn_000448e6	r2_discovered	1	4	1	3	0	0	1	24	0	fcn.000448e6 (int64_t arg1);
.text	0x44912	0x449a8	150	150	fcn.00044912	native_stub_00044912_fcn_00044912	r2_discovered	4	50	5	2	5	1	7	72	0	fcn.00044912 (int64_t arg1, int64_t arg2, int64_t arg4, int64_t arg5, int64_t arg6, int64_t arg_50h, int64_t arg_58h);
.text	0x449a8	0x44a22	122	122	fcn.000449a8	native_stub_000449a8_fcn_000449a8	r2_discovered	1	39	0	2	3	2	7	88	0	fcn.000449a8 (int64_t arg1, int64_t arg2, int64_t arg4, int64_t arg5, int64_t arg6, int64_t arg_40h, int64_t arg_68h);
.text	0x44a22	0x44ae0	190	190	fcn.00044a22	native_stub_00044a22_fcn_00044a22	r2_discovered	7	54	9	2	5	2	3	72	0	fcn.00044a22 (int64_t arg1, int64_t arg2, int64_t arg3);
.text	0x44ae0	0x44b6c	140	140	fcn.00044ae0	native_stub_00044ae0_fcn_00044ae0	r2_discovered	5	37	6	2	3	0	1	40	0	fcn.00044ae0 (int64_t arg1);
.text	0x44b6c	0x44bd2	102	102	fcn.00044b6c	native_stub_00044b6c_fcn_00044b6c	r2_discovered	7	28	9	2	3	0	1	0	0	fcn.00044b6c (uint32_t arg1);
.text	0x44bea	0x44c42	88	88	fcn.00044bea	native_stub_00044bea_fcn_00044bea	r2_discovered	15	35	21	2	2	0	1	8	0	fcn.00044bea (int64_t arg1);
.text	0x44c42	0x44c72	48	48	fcn.00044c42	native_stub_00044c42_fcn_00044c42	r2_discovered	5	21	6	3	1	0	2	0	0	fcn.00044c42 (int64_t arg1, uint32_t arg2);
.text	0x44c72	0x44cad	59	59	fcn.00044c72	native_stub_00044c72_fcn_00044c72	r2_discovered	1	15	1	2	1	0	2	24	0	fcn.00044c72 (int64_t arg1, int64_t arg2);
.text	0x44cae	0x44d0f	97	97	fcn.00044cae	native_stub_00044cae_fcn_00044cae	r2_discovered	6	31	7	2	3	0	1	40	0	fcn.00044cae (int64_t arg1);
.text	0x44e68	0x44e94	44	44	fcn.00044e68	native_stub_00044e68_fcn_00044e68	r2_discovered	3	13	2	1	1	0	1	8	0	fcn.00044e68 (int64_t arg1);
.text	0x45059	0x450d0	119	119	fcn.00045059	native_stub_00045059_fcn_00045059	r2_discovered	4	43	4	2	1	0	3	40	0	fcn.00045059 (int64_t arg1, int64_t arg2, int64_t arg3);
.text	0x450d0	0x451af	223	223	fcn.000450d0	native_stub_000450d0_fcn_000450d0	r2_discovered	15	66	19	1	4	3	2	56	0	fcn.000450d0 (int64_t arg1, int64_t arg2);
.text	0x451f2	0x4525c	106	106	fcn.000451f2	native_stub_000451f2_fcn_000451f2	r2_discovered	6	35	8	75	1	0	2	40	0	fcn.000451f2 (uint32_t arg1, int64_t arg2);
.text	0x4525c	0x453be	354	354	fcn.0004525c	native_stub_0004525c_fcn_0004525c	r2_discovered	28	100	39	2	6	2	2	88	0	fcn.0004525c (int64_t arg1, int64_t arg2);
.text	0x453e6	0x454a8	194	194	fcn.000453e6	native_stub_000453e6_fcn_000453e6	r2_discovered	14	54	20	1	2	0	2	24	0	fcn.000453e6 (int64_t arg1, uint32_t arg2);
.text	0x455ee	0x45618	42	42	fcn.000455ee	native_stub_000455ee_fcn_000455ee	r2_discovered	4	14	4	16	0	0	3	0	0	fcn.000455ee (uint32_t arg1, uint32_t arg2, int64_t arg3);
.text	0x4577a	0x45787	13	13	fcn.0004577a	native_stub_0004577a_fcn_0004577a	r2_discovered	3	6	3	3	0	0	2	0	0	fcn.0004577a (int64_t arg1, int64_t arg2);
.text	0x45788	0x45793	11	11	fcn.00045788	native_stub_00045788_fcn_00045788	r2_discovered	3	4	2	2	0	0	1	0	0	fcn.00045788 (int64_t arg1);
.text	0x45794	0x457a1	13	13	fcn.00045794	native_stub_00045794_fcn_00045794	r2_discovered	3	5	2	2	0	0	1	0	0	fcn.00045794 (int64_t arg1);
.text	0x45a3e	0x45b82	324	324	fcn.00045a3e	native_stub_00045a3e_fcn_00045a3e	r2_discovered	8	99	8	2	10	1	4	72	0	fcn.00045a3e (int64_t arg1, int64_t arg2, uint32_t arg3, int64_t arg4);
.text	0x45b82	0x462e6	1892	1892	fcn.00045b82	native_stub_00045b82_fcn_00045b82	r2_discovered	3	574	3	4	0	0	3	48	0	fcn.00045b82 (int64_t arg1, int64_t arg2, int64_t arg3);
.text	0x462e6	0x4630a	36	36	fcn.000462e6	native_stub_000462e6_fcn_000462e6	r2_discovered	1	6	0	1	0	0	1	0	0	fcn.000462e6 (int64_t arg1);
.text	0x4630a	0x463a6	156	156	fcn.0004630a	native_stub_0004630a_fcn_0004630a	r2_discovered	10	56	13	1	2	0	3	24	0	fcn.0004630a (int64_t arg1, int64_t arg2, uint32_t arg3);
.text	0x463a6	0x464bc	278	278	fcn.000463a6	native_stub_000463a6_fcn_000463a6	r2_discovered	3	91	3	1	2	0	2	24	0	fcn.000463a6 (int64_t arg1, int64_t arg2);
.text	0x46521	0x46d51	2096	2096	fcn.00046521	native_stub_00046521_fcn_00046521	r2_discovered	3	593	3	4	0	0	2	48	0	fcn.00046521 (int64_t arg1, int64_t arg2);
.text	0x46d51	0x46d75	36	36	fcn.00046d51	native_stub_00046d51_fcn_00046d51	r2_discovered	1	6	0	2	0	0	1	0	0	fcn.00046d51 (int64_t arg1);
.text	0x46d75	0x46e15	160	160	fcn.00046d75	native_stub_00046d75_fcn_00046d75	r2_discovered	10	56	13	3	2	0	3	24	0	fcn.00046d75 (int64_t arg1, int64_t arg2, uint32_t arg3);
.text	0x46e15	0x46f22	269	269	fcn.00046e15	native_stub_00046e15_fcn_00046e15	r2_discovered	3	88	3	2	2	0	2	24	0	fcn.00046e15 (int64_t arg1, int64_t arg2);
.text	0x470d2	0x470df	13	13	fcn.000470d2	native_stub_000470d2_fcn_000470d2	r2_discovered	3	5	2	1	0	0	1	0	0	fcn.000470d2 (int64_t arg1);
.text	0x470e0	0x47156	118	118	fcn.000470e0	native_stub_000470e0_fcn_000470e0	r2_discovered	8	29	11	2	2	0	2	8	0	fcn.000470e0 (uint32_t arg1, uint32_t arg2);
.text	0x47156	0x47190	58	58	fcn.00047156	native_stub_00047156_fcn_00047156	r2_discovered	7	21	10	2	0	0	3	0	0	fcn.00047156 (int64_t arg1, uint32_t arg2, int64_t arg3);
.text	0x47294	0x4734f	187	187	fcn.00047294	native_stub_00047294_fcn_00047294	r2_discovered	9	51	11	1	6	3	1	72	0	fcn.00047294 (int64_t arg1);
.text	0x473f6	0x474e5	239	239	fcn.000473f6	native_stub_000473f6_fcn_000473f6	r2_discovered	12	74	16	1	9	0	3	40	0	fcn.000473f6 (int64_t arg1, int64_t arg2, int64_t arg3);
.text	0x474e6	0x47517	49	49	fcn.000474e6	native_stub_000474e6_fcn_000474e6	r2_discovered	5	17	6	1	0	0	3	0	0	fcn.000474e6 (int64_t arg1, int64_t arg3, int64_t arg4);
.text	0x47518	0x475dd	197	197	fcn.00047518	native_stub_00047518_fcn_00047518	r2_discovered	8	43	10	1	4	2	1	24	0	fcn.00047518 (uint32_t arg1);
.text	0x475de	0x4762f	81	81	fcn.000475de	native_stub_000475de_fcn_000475de	r2_discovered	5	22	6	2	1	0	1	8	0	fcn.000475de (int64_t arg1);
.text	0x47630	0x4765f	47	47	fcn.00047630	native_stub_00047630_fcn_00047630	r2_discovered	5	16	7	2	0	0	1	0	0	fcn.00047630 (uint32_t arg1);
.text	0x47660	0x477ac	332	332	fcn.00047660	native_stub_00047660_fcn_00047660	r2_discovered	15	86	20	1	8	10	2	120	0	fcn.00047660 (int64_t arg1, int64_t arg3);
.text	0x477fa	0x4786c	114	114	fcn.000477fa	native_stub_000477fa_fcn_000477fa	r2_discovered	6	38	7	71	5	0	2	40	0	fcn.000477fa (int64_t arg1, int64_t arg2);
.text	0x478b0	0x47925	117	117	fcn.000478b0	native_stub_000478b0_fcn_000478b0	r2_discovered	10	40	12	2	3	0	1	24	0	fcn.000478b0 (uint32_t arg1);
.text	0x47a80	0x47d04	644	644	fcn.00047a80	native_stub_00047a80_fcn_00047a80	r2_discovered	24	182	34	14	19	4	2	88	0	fcn.00047a80 (int64_t arg1, int64_t arg2);
.text	0x47e0a	0x48a9d	3219	3219	fcn.00047e0a	native_stub_00047e0a_fcn_00047e0a	r2_discovered	3	731	2	1	247	2	1	88	0	fcn.00047e0a (int64_t arg1);
.text	0x48b48	0x48dcd	645	645	fcn.00048b48	native_stub_00048b48_fcn_00048b48	r2_discovered	26	168	36	1	21	6	3	120	0	fcn.00048b48 (int64_t arg1, int64_t arg2, int64_t arg3);
.text	0x49044	0x4918e	330	330	fcn.00049044	native_stub_00049044_fcn_00049044	r2_discovered	12	79	15	1	7	6	1	88	0	fcn.00049044 (int64_t arg1);
.text	0x4918e	0x4931c	398	398	fcn.0004918e	native_stub_0004918e_fcn_0004918e	r2_discovered	12	98	15	1	11	10	1	136	0	fcn.0004918e (int64_t arg1);
.text	0x4931c	0x495a4	648	648	fcn.0004931c	native_stub_0004931c_fcn_0004931c	r2_discovered	17	150	24	1	19	18	3	200	0	fcn.0004931c (int64_t arg1, int64_t arg2, int64_t arg3);
.text	0x495a4	0x496fb	343	343	fcn.000495a4	native_stub_000495a4_fcn_000495a4	r2_discovered	16	69	21	1	9	0	1	24	0	fcn.000495a4 (uint32_t arg1);
.text	0x4a1b4	0x4a2a1	237	237	fcn.0004a1b4	native_stub_0004a1b4_fcn_0004a1b4	r2_discovered	8	49	10	1	10	0	1	24	0	fcn.0004a1b4 (int64_t arg1);
.text	0x4a2f8	0x4a336	62	62	fcn.0004a2f8	native_stub_0004a2f8_fcn_0004a2f8	r2_discovered	6	21	7	15	2	0	1	24	0	fcn.0004a2f8 (int64_t arg1);
.text	0x4a336	0x4a367	49	49	fcn.0004a336	native_stub_0004a336_fcn_0004a336	r2_discovered	4	19	4	4	2	0	2	24	0	fcn.0004a336 (int64_t arg1, int64_t arg2);
.text	0x4a368	0x4a399	49	49	fcn.0004a368	native_stub_0004a368_fcn_0004a368	r2_discovered	4	19	4	7	2	0	2	24	0	fcn.0004a368 (int64_t arg1, int64_t arg2);
.text	0x4a39a	0x4a41d	131	131	fcn.0004a39a	native_stub_0004a39a_fcn_0004a39a	r2_discovered	1	26	0	1	9	0	1	8	0	fcn.0004a39a (int64_t arg1);
.text	0x4a41e	0x4a470	82	82	fcn.0004a41e	native_stub_0004a41e_fcn_0004a41e	r2_discovered	4	25	4	2	2	0	1	24	0	fcn.0004a41e (int64_t arg1);
.text	0x4a470	0x4a578	264	264	fcn.0004a470	native_stub_0004a470_fcn_0004a470	r2_discovered	13	78	18	1	3	0	3	56	0	fcn.0004a470 (int64_t arg1, int64_t arg2, int64_t arg3);
.text	0x4a578	0x4a6e5	365	365	fcn.0004a578	native_stub_0004a578_fcn_0004a578	r2_discovered	22	112	30	1	4	0	4	56	0	fcn.0004a578 (int64_t arg1, int64_t arg2, int64_t arg3, int64_t arg4);
.text	0x4a6e6	0x4a8c5	479	479	fcn.0004a6e6	native_stub_0004a6e6_fcn_0004a6e6	r2_discovered	30	140	41	1	9	1	2	72	0	fcn.0004a6e6 (uint32_t arg1, int64_t arg2);
.text	0x4a8c6	0x4a939	115	115	fcn.0004a8c6	native_stub_0004a8c6_fcn_0004a8c6	r2_discovered	6	40	8	28	4	0	2	40	0	fcn.0004a8c6 (uint32_t arg1, int64_t arg2);
.text	0x4a93a	0x4a9f0	182	182	fcn.0004a93a	native_stub_0004a93a_fcn_0004a93a	r2_discovered	11	60	15	13	7	0	2	40	0	fcn.0004a93a (int64_t arg1, int64_t arg2);
.text	0x4aa26	0x4aa61	59	59	fcn.0004aa26	native_stub_0004aa26_fcn_0004aa26	r2_discovered	7	21	10	2	0	0	3	0	0	fcn.0004aa26 (int64_t arg1, uint32_t arg2, int64_t arg3);
.text	0x4aa62	0x4aa9f	61	61	fcn.0004aa62	native_stub_0004aa62_fcn_0004aa62	r2_discovered	7	21	10	2	0	0	3	0	0	fcn.0004aa62 (int64_t arg1, uint32_t arg2, int64_t arg3);
.text	0x4aaa0	0x4aad7	55	55	fcn.0004aaa0	native_stub_0004aaa0_fcn_0004aaa0	r2_discovered	3	16	3	2	2	0	1	8	0	fcn.0004aaa0 (uint32_t arg1);
.text	0x4aad8	0x4abc3	235	235	fcn.0004aad8	native_stub_0004aad8_fcn_0004aad8	r2_discovered	20	66	28	3	2	0	1	24	0	fcn.0004aad8 (uint32_t arg1);
.text	0x4abec	0x4ad09	285	285	fcn.0004abec	native_stub_0004abec_fcn_0004abec	r2_discovered	16	72	20	1	6	1	1	40	0	fcn.0004abec (int64_t arg1);
.text	0x4ad0c	0x4ad1a	14	14	fcn.0004ad0c	native_stub_0004ad0c_fcn_0004ad0c	r2_discovered	1	4	0	9	0	0	1	0	0	fcn.0004ad0c (uint32_t arg1);
.text	0x4ad1a	0x4ad77	93	93	fcn.0004ad1a	native_stub_0004ad1a_fcn_0004ad1a	r2_discovered	5	23	5	2	3	2	1	40	0	fcn.0004ad1a (int64_t arg1);
.text	0x4ad78	0x4ae3b	195	195	fcn.0004ad78	native_stub_0004ad78_fcn_0004ad78	r2_discovered	11	49	15	2	3	4	1	72	0	fcn.0004ad78 (int64_t arg1);
.text	0x4ae3c	0x4ae41	5	5	fcn.0004ae3c	native_stub_0004ae3c_fcn_0004ae3c	r2_discovered	1	2	0	7	0	0	1	0	0	fcn.0004ae3c (int64_t arg1);
.text	0x4ae44	0x4ae53	15	15	fcn.0004ae44	native_stub_0004ae44_fcn_0004ae44	r2_discovered	1	3	0	2	0	0	1	0	0	fcn.0004ae44 (int64_t arg1);
.text	0x4ae54	0x4ae76	34	34	fcn.0004ae54	native_stub_0004ae54_fcn_0004ae54	r2_discovered	3	12	2	7	2	0	1	0	0	fcn.0004ae54 (int64_t arg1);
.text	0x4ae76	0x4aec9	83	83	fcn.0004ae76	native_stub_0004ae76_fcn_0004ae76	r2_discovered	9	28	12	2	4	0	1	8	0	fcn.0004ae76 (int64_t arg1);
.text	0x4afd4	0x4affd	41	41	fcn.0004afd4	native_stub_0004afd4_fcn_0004afd4	r2_discovered	3	13	5	1	1	0	2	168	0	fcn.0004afd4 (int64_t arg1, int64_t arg2);
.text	0x4affd	0x4b261	612	612	fcn.0004affd	native_stub_0004affd_fcn_0004affd	r2_discovered	34	154	47	1	14	13	0	0	0	fcn.0004affd ();
.text	0x4b188	0x4b2d2	330	330	fcn.0004b188	native_stub_0004b188_fcn_0004b188	r2_discovered	25	91	37	1	9	3	1	56	0	fcn.0004b188 (int64_t arg2);
.text	0x4b2e6	0x4b465	383	383	fcn.0004b2e6	native_stub_0004b2e6_fcn_0004b2e6	r2_discovered	1	57	0	1	6	0	3	24	0	fcn.0004b2e6 (int64_t arg1, int64_t arg2, int64_t arg3);
.text	0x4b466	0x4b519	179	179	fcn.0004b466	native_stub_0004b466_fcn_0004b466	r2_discovered	6	46	6	1	6	1	2	56	0	fcn.0004b466 (int64_t arg1, int64_t arg2);
.text	0x4b51a	0x4b690	374	374	fcn.0004b51a	native_stub_0004b51a_fcn_0004b51a	r2_discovered	6	79	7	2	10	16	2	0	0	fcn.0004b51a (int64_t arg1, int64_t arg2);
.text	0x4b942	0x4b9da	152	152	fcn.0004b942	native_stub_0004b942_fcn_0004b942	r2_discovered	3	46	4	4	4	0	4	216	0	fcn.0004b942 (int64_t arg1, int64_t arg2, int64_t arg3, int64_t arg4);
.text	0x4b9da	0x4ba31	87	87	fcn.0004b9da	native_stub_0004b9da_fcn_0004b9da	r2_discovered	3	22	2	1	3	1	1	24	0	fcn.0004b9da (int64_t arg2);
.text	0x4ba32	0x4ba42	16	16	fcn.0004ba32	native_stub_0004ba32_fcn_0004ba32	r2_discovered	1	4	0	1	0	0	2	0	0	fcn.0004ba32 (int64_t arg2, int64_t arg3);
.text	0x4ba42	0x4ba9c	90	90	fcn.0004ba42	native_stub_0004ba42_fcn_0004ba42	r2_discovered	3	22	2	1	3	1	2	24	0	fcn.0004ba42 (int64_t arg1, int64_t arg2);
.text	0x4ba9c	0x4baf6	90	90	fcn.0004ba9c	native_stub_0004ba9c_fcn_0004ba9c	r2_discovered	3	22	2	2	3	1	2	24	0	fcn.0004ba9c (int64_t arg1, int64_t arg2);
.text	0x4baf6	0x4bca9	435	435	fcn.0004baf6	native_stub_0004baf6_fcn_0004baf6	r2_discovered	8	94	9	3	20	3	1	136	0	fcn.0004baf6 (int64_t arg1);
.text	0x4bcaa	0x4bd78	206	206	fcn.0004bcaa	native_stub_0004bcaa_fcn_0004bcaa	r2_discovered	7	41	9	2	13	0	1	0	0	fcn.0004bcaa (int64_t arg1);
.text	0x4bd90	0x4bee5	341	341	fcn.0004bd90	native_stub_0004bd90_fcn_0004bd90	r2_discovered	7	67	9	1	9	15	2	200	0	fcn.0004bd90 (uint32_t arg1, int64_t arg2);
.text	0x4bee5	0x4bf94	175	175	fcn.0004bee5	native_stub_0004bee5_fcn_0004bee5	r2_discovered	4	40	4	2	0	0	3	0	0	fcn.0004bee5 (int64_t arg1, uint32_t arg2, int64_t arg3);
.text	0x4bf94	0x4bfb4	32	32	fcn.0004bf94	native_stub_0004bf94_fcn_0004bf94	r2_discovered	1	9	0	4	2	0	1	8	0	fcn.0004bf94 (int64_t arg1);
.text	0x4bfb4	0x4bffb	71	71	fcn.0004bfb4	native_stub_0004bfb4_fcn_0004bfb4	r2_discovered	1	23	0	2	3	0	2	24	0	fcn.0004bfb4 (int64_t arg1, int64_t arg2);
.text	0x4bffc	0x4c04e	82	82	fcn.0004bffc	native_stub_0004bffc_fcn_0004bffc	r2_discovered	4	25	4	2	2	0	1	24	0	fcn.0004bffc (int64_t arg1);
.text	0x4c04e	0x4c094	70	70	fcn.0004c04e	native_stub_0004c04e_fcn_0004c04e	r2_discovered	4	22	4	2	1	0	1	24	0	fcn.0004c04e (int64_t arg1);
.text	0x4c0ce	0x4c10d	63	63	fcn.0004c0ce	native_stub_0004c0ce_fcn_0004c0ce	r2_discovered	7	22	7	2	1	0	1	24	0	fcn.0004c0ce (uint32_t arg1);
.text	0x4c0d4	0x4c21c	328	328	fcn.0004c0d4	native_stub_0004c0d4_fcn_0004c0d4	r2_discovered	20	103	27	1	3	0	4	56	0	fcn.0004c0d4 (int64_t arg1, int64_t arg2, int64_t arg3, int64_t arg4);
.text	0x4c21c	0x4c2b5	153	153	fcn.0004c21c	native_stub_0004c21c_fcn_0004c21c	r2_discovered	4	48	5	2	3	0	2	40	0	fcn.0004c21c (int64_t arg1, int64_t arg2);
.text	0x4c2b6	0x4c367	177	177	fcn.0004c2b6	native_stub_0004c2b6_fcn_0004c2b6	r2_discovered	1	37	0	2	2	0	1	24	0	fcn.0004c2b6 (int64_t arg1);
.text	0x4c367	0x4c3bd	86	86	fcn.0004c367	native_stub_0004c367_fcn_0004c367	r2_discovered	9	31	11	3	3	0	2	40	0	fcn.0004c367 (int64_t arg1, int64_t arg2);
.text	0x4c3be	0x4c478	186	186	fcn.0004c3be	native_stub_0004c3be_fcn_0004c3be	r2_discovered	9	56	11	2	3	0	2	56	0	fcn.0004c3be (int64_t arg1, int64_t arg2);
.text	0x4c478	0x4c592	282	282	fcn.0004c478	native_stub_0004c478_fcn_0004c478	r2_discovered	9	78	12	1	7	0	3	56	0	fcn.0004c478 (int64_t arg1, int64_t arg2, int64_t arg3);
.text	0x4c592	0x4c6da	328	328	fcn.0004c592	native_stub_0004c592_fcn_0004c592	r2_discovered	20	103	27	1	3	0	4	56	0	fcn.0004c592 (int64_t arg1, int64_t arg2, int64_t arg3, int64_t arg4);
.text	0x4c6da	0x4c707	45	45	fcn.0004c6da	native_stub_0004c6da_fcn_0004c6da	r2_discovered	1	13	0	2	0	0	2	0	0	fcn.0004c6da (int64_t arg1, int64_t arg2);
.text	0x4c708	0x4c713	11	11	fcn.0004c708	native_stub_0004c708_fcn_0004c708	r2_discovered	3	4	2	1	0	0	1	0	0	fcn.0004c708 (int64_t arg1);
.text	0x4c714	0x4c78a	118	118	fcn.0004c714	native_stub_0004c714_fcn_0004c714	r2_discovered	8	29	11	1	2	0	2	8	0	fcn.0004c714 (uint32_t arg1, uint32_t arg2);
.text	0x4c78a	0x4c7ad	35	35	fcn.0004c78a	native_stub_0004c78a_fcn_0004c78a	r2_discovered	3	13	3	1	1	0	3	8	0	fcn.0004c78a (void *s2, int64_t arg2, int64_t arg3);
.text	0x4c7ae	0x4c7c2	20	20	fcn.0004c7ae	native_stub_0004c7ae_fcn_0004c7ae	r2_discovered	4	9	4	1	0	0	2	0	0	fcn.0004c7ae (uint32_t arg2, uint32_t arg3);
.text	0x4c7c2	0x4c7e4	34	34	fcn.0004c7c2	native_stub_0004c7c2_fcn_0004c7c2	r2_discovered	1	9	0	1	1	0	1	8	0	fcn.0004c7c2 (int64_t arg1);
.text	0x4c7e4	0x4c841	93	93	fcn.0004c7e4	native_stub_0004c7e4_fcn_0004c7e4	r2_discovered	3	24	2	6	4	1	1	40	0	fcn.0004c7e4 (int64_t arg1);
.text	0x4c842	0x4c867	37	37	fcn.0004c842	native_stub_0004c842_fcn_0004c842	r2_discovered	2	7	1	1	0	0	1	0	0	fcn.0004c842 (int64_t arg1);
.text	0x4c858	0x4c87e	38	38	fcn.0004c858	native_stub_0004c858_fcn_0004c858	r2_discovered	1	13	0	2	1	0	2	24	0	fcn.0004c858 (int64_t arg1, int64_t arg2);
.text	0x4c87e	0x4c9ee	368	368	fcn.0004c87e	native_stub_0004c87e_fcn_0004c87e	r2_discovered	30	97	46	1	6	1	3	40	0	fcn.0004c87e (int64_t arg1, int64_t arg2, int64_t arg3);
.text	0x4c9fa	0x4caf9	255	255	fcn.0004c9fa	native_stub_0004c9fa_fcn_0004c9fa	r2_discovered	3	44	2	1	7	3	1	56	0	fcn.0004c9fa (int64_t arg1);
.text	0x4cbdc	0x4cc71	149	149	fcn.0004cbdc	native_stub_0004cbdc_fcn_0004cbdc	r2_discovered	3	41	2	6	4	4	3	88	0	fcn.0004cbdc (int64_t arg1, int64_t arg2, int64_t arg3);
.text	0x4cd00	0x4cee6	486	486	fcn.0004cd00	native_stub_0004cd00_fcn_0004cd00	r2_discovered	5	115	5	1	17	8	1	136	0	fcn.0004cd00 (int64_t arg1);
.text	0x4cee6	0x4cf85	159	159	fcn.0004cee6	native_stub_0004cee6_fcn_0004cee6	r2_discovered	8	54	10	3	4	0	2	40	0	fcn.0004cee6 (int64_t arg1, uint32_t arg2);
.text	0x4cf86	0x4d1ed	615	615	fcn.0004cf86	native_stub_0004cf86_fcn_0004cf86	r2_discovered	13	146	16	1	18	14	1	168	0	fcn.0004cf86 (int64_t arg1);
.text	0x4d688	0x4d6f5	109	109	fcn.0004d688	native_stub_0004d688_fcn_0004d688	r2_discovered	3	27	4	2	6	0	1	24	0	fcn.0004d688 (int64_t arg1);
.text	0x4d70e	0x4d85d	335	335	fcn.0004d70e	native_stub_0004d70e_fcn_0004d70e	r2_discovered	11	79	14	1	13	3	1	72	0	fcn.0004d70e (int64_t arg1);
.text	0x4d906	0x4d974	110	110	fcn.0004d906	native_stub_0004d906_fcn_0004d906	r2_discovered	3	26	2	9	2	3	2	40	0	fcn.0004d906 (int64_t arg1, int64_t arg2);
.text	0x4d974	0x4d998	36	36	fcn.0004d974	native_stub_0004d974_fcn_0004d974	r2_discovered	1	14	0	38	1	0	4	40	0	fcn.0004d974 (int64_t arg1, int64_t arg2, int64_t arg3, int64_t arg4);
.text	0x4d9b6	0x4d9c0	10	10	fcn.0004d9b6	native_stub_0004d9b6_fcn_0004d9b6	r2_discovered	3	5	3	1	0	0	3	0	0	fcn.0004d9b6 (int64_t arg1, int64_t arg2, int64_t arg3);
.text	0x4d9c0	0x4d9cd	13	13	fcn.0004d9c0	native_stub_0004d9c0_fcn_0004d9c0	r2_discovered	3	6	3	2	0	0	2	0	0	fcn.0004d9c0 (int64_t arg1, int64_t arg2);
.text	0x4d9ce	0x4d9d9	11	11	fcn.0004d9ce	native_stub_0004d9ce_fcn_0004d9ce	r2_discovered	3	4	2	3	0	0	1	0	0	fcn.0004d9ce (int64_t arg1);
.text	0x4d9d9	0x4d9fc	35	35	fcn.0004d9d9	native_stub_0004d9d9_fcn_0004d9d9	r2_discovered	3	13	3	1	1	0	3	8	0	fcn.0004d9d9 (void *s2, int64_t arg2, int64_t arg3);
.text	0x4d9fc	0x4da05	9	9	fcn.0004d9fc	native_stub_0004d9fc_fcn_0004d9fc	r2_discovered	1	2	0	2	0	0	1	0	0	fcn.0004d9fc (int64_t arg2);
.text	0x4da06	0x4da72	108	108	fcn.0004da06	native_stub_0004da06_fcn_0004da06	r2_discovered	6	32	7	1	2	0	1	24	0	fcn.0004da06 (int64_t arg1);
.text	0x4da82	0x4da9d	27	27	fcn.0004da82	native_stub_0004da82_fcn_0004da82	r2_discovered	4	10	4	1	0	0	2	0	0	fcn.0004da82 (int64_t arg1, int64_t arg2);
.text	0x4daba	0x4dacb	17	17	fcn.0004daba	native_stub_0004daba_fcn_0004daba	r2_discovered	1	5	0	1	0	0	2	0	0	fcn.0004daba (int64_t arg1, uint32_t arg2);
.text	0x4dacc	0x4daf5	41	41	fcn.0004dacc	native_stub_0004dacc_fcn_0004dacc	r2_discovered	4	14	4	1	0	0	3	0	0	fcn.0004dacc (int64_t arg1, int64_t arg2, int64_t arg3);
.text	0x4daf6	0x4dd21	555	555	fcn.0004daf6	native_stub_0004daf6_fcn_0004daf6	r2_discovered	18	123	26	2	10	16	4	296	0	fcn.0004daf6 (uint32_t arg1, uint32_t arg2, int64_t arg3, int64_t arg4);
.text	0x4dd22	0x4ddee	204	204	fcn.0004dd22	native_stub_0004dd22_fcn_0004dd22	r2_discovered	3	37	2	1	3	3	1	56	0	fcn.0004dd22 (int64_t arg1);
.text	0x4ddee	0x4ded4	230	230	fcn.0004ddee	native_stub_0004ddee_fcn_0004ddee	r2_discovered	6	53	7	1	8	3	1	56	0	fcn.0004ddee (uint32_t arg1);
.text	0x4ded4	0x4df59	133	133	fcn.0004ded4	native_stub_0004ded4_fcn_0004ded4	r2_discovered	7	33	8	2	5	3	1	56	0	fcn.0004ded4 (int64_t arg1);
.text	0x4df5a	0x4df9c	66	66	fcn.0004df5a	native_stub_0004df5a_fcn_0004df5a	r2_discovered	1	14	0	3	1	0	1	8	0	fcn.0004df5a (int64_t arg1);
.text	0x4df9c	0x4dfc1	37	37	fcn.0004df9c	native_stub_0004df9c_fcn_0004df9c	r2_discovered	1	10	1	1	3	0	1	8	0	fcn.0004df9c (int64_t arg1);
.text	0x4dfc2	0x4e155	403	403	fcn.0004dfc2	native_stub_0004dfc2_fcn_0004dfc2	r2_discovered	19	105	26	1	10	2	4	56	0	fcn.0004dfc2 (uint32_t arg1, int64_t arg2, int64_t arg3, int64_t arg4);
.text	0x4e156	0x4e1a6	80	80	fcn.0004e156	native_stub_0004e156_fcn_0004e156	r2_discovered	9	27	12	1	2	0	2	24	0	fcn.0004e156 (int64_t arg1, int64_t arg2);
.text	0x4e1a6	0x4e1f9	83	83	fcn.0004e1a6	native_stub_0004e1a6_fcn_0004e1a6	r2_discovered	8	30	10	5	2	0	1	8	0	fcn.0004e1a6 (int64_t arg1);
.text	0x4e238	0x4e27e	70	70	fcn.0004e238	native_stub_0004e238_fcn_0004e238	r2_discovered	4	19	4	1	1	0	1	8	0	fcn.0004e238 (int64_t arg1);
.text	0x4e27e	0x4e2a6	40	40	fcn.0004e27e	native_stub_0004e27e_fcn_0004e27e	r2_discovered	1	12	0	1	1	0	1	8	0	fcn.0004e27e (int64_t arg1);
.text	0x4e2a6	0x4e37b	213	213	fcn.0004e2a6	native_stub_0004e2a6_fcn_0004e2a6	r2_discovered	1	37	0	3	3	0	1	8	0	fcn.0004e2a6 (int64_t arg1);
.text	0x4e37c	0x4e487	267	267	fcn.0004e37c	native_stub_0004e37c_fcn_0004e37c	r2_discovered	1	42	0	1	5	0	1	8	0	fcn.0004e37c (int64_t arg1);
.text	0x4e488	0x4e4ef	103	103	fcn.0004e488	native_stub_0004e488_fcn_0004e488	r2_discovered	3	25	2	1	4	3	2	56	0	fcn.0004e488 (int64_t arg1, int64_t arg2);
.text	0x4e4f0	0x4e554	100	100	fcn.0004e4f0	native_stub_0004e4f0_fcn_0004e4f0	r2_discovered	3	25	2	1	4	3	2	56	0	fcn.0004e4f0 (int64_t arg1, int64_t arg2);
.text	0x4e554	0x4e66a	278	278	fcn.0004e554	native_stub_0004e554_fcn_0004e554	r2_discovered	17	81	22	3	9	3	3	88	0	fcn.0004e554 (int64_t arg1, int64_t arg2, int64_t arg3);
.text	0x4e66a	0x4e706	156	156	fcn.0004e66a	native_stub_0004e66a_fcn_0004e66a	r2_discovered	3	46	2	4	5	1	3	72	0	fcn.0004e66a (int64_t arg1, int64_t arg2, int64_t arg3);
.text	0x4e706	0x4e7d7	209	209	fcn.0004e706	native_stub_0004e706_fcn_0004e706	r2_discovered	7	57	8	1	5	1	2	56	0	fcn.0004e706 (int64_t arg1, int64_t arg2);
.text	0x4e7d8	0x4e897	191	191	fcn.0004e7d8	native_stub_0004e7d8_fcn_0004e7d8	r2_discovered	15	63	20	2	3	1	2	56	0	fcn.0004e7d8 (int64_t arg1, int64_t arg2);
.text	0x4e897	0x4e8b1	26	26	fcn.0004e897	native_stub_0004e897_fcn_0004e897	r2_discovered	4	10	5	3	0	0	2	0	0	fcn.0004e897 (uint32_t arg1, int64_t arg2);
.text	0x4e8b2	0x4e928	118	118	fcn.0004e8b2	native_stub_0004e8b2_fcn_0004e8b2	r2_discovered	8	29	11	2	2	0	2	8	0	fcn.0004e8b2 (uint32_t arg1, uint32_t arg2);
.text	0x4e928	0x4e958	48	48	fcn.0004e928	native_stub_0004e928_fcn_0004e928	r2_discovered	7	14	8	1	0	0	1	0	0	fcn.0004e928 (uint32_t arg1);
.text	0x4e958	0x4e9c7	111	111	fcn.0004e958	native_stub_0004e958_fcn_0004e958	r2_discovered	14	30	21	1	0	0	1	0	0	fcn.0004e958 (int64_t arg1);
.text	0x4e9c8	0x4e9fa	50	50	fcn.0004e9c8	native_stub_0004e9c8_fcn_0004e9c8	r2_discovered	1	9	0	15	0	0	2	0	0	fcn.0004e9c8 (int64_t arg1, int64_t arg2);
.text	0x4e9fa	0x4e9fd	3	3	fcn.0004e9fa	native_stub_0004e9fa_fcn_0004e9fa	r2_discovered	1	2	0	4	0	0	1	0	0	fcn.0004e9fa (int64_t arg1);
.text	0x4e9fe	0x4ea03	5	5	fcn.0004e9fe	native_stub_0004e9fe_fcn_0004e9fe	r2_discovered	1	2	0	1	0	0	1	0	0	fcn.0004e9fe (int64_t arg1);
.text	0x4ea04	0x4ea09	5	5	fcn.0004ea04	native_stub_0004ea04_fcn_0004ea04	r2_discovered	1	2	0	5	0	0	1	0	0	fcn.0004ea04 (int64_t arg1);
.text	0x4ea0a	0x4ea0f	5	5	fcn.0004ea0a	native_stub_0004ea0a_fcn_0004ea0a	r2_discovered	1	2	0	1	0	0	1	0	0	fcn.0004ea0a (int64_t arg1);
.text	0x4ea10	0x4ea6b	91	91	fcn.0004ea10	native_stub_0004ea10_fcn_0004ea10	r2_discovered	10	36	14	2	1	0	3	40	0	fcn.0004ea10 (int64_t arg1, int64_t arg2, int64_t arg3);
.text	0x4eab6	0x4eae9	51	51	fcn.0004eab6	native_stub_0004eab6_fcn_0004eab6	r2_discovered	7	18	8	2	0	0	1	0	0	fcn.0004eab6 (int64_t arg1);
.text	0x4eaea	0x4eb0e	36	36	fcn.0004eaea	native_stub_0004eaea_fcn_0004eaea	r2_discovered	5	13	7	1	0	0	1	0	0	fcn.0004eaea (uint32_t arg1);
.text	0x4eb52	0x4ebc7	117	117	fcn.0004eb52	native_stub_0004eb52_fcn_0004eb52	r2_discovered	10	40	12	4	3	0	1	24	0	fcn.0004eb52 (uint32_t arg1);
.text	0x4eb84	0x4ed34	432	432	fcn.0004eb84	native_stub_0004eb84_fcn_0004eb84	r2_discovered	36	129	52	1	9	3	2	72	0	fcn.0004eb84 (int64_t arg1, int64_t arg2);
.text	0x4ed34	0x4eda6	114	114	fcn.0004ed34	native_stub_0004ed34_fcn_0004ed34	r2_discovered	5	31	5	57	4	4	3	72	0	fcn.0004ed34 (int64_t arg1, int64_t arg2, int64_t arg3);
.text	0x4eda6	0x4ee38	146	146	fcn.0004eda6	native_stub_0004eda6_fcn_0004eda6	r2_discovered	9	50	12	14	5	0	2	40	0	fcn.0004eda6 (int64_t arg1, int64_t arg2);
.text	0x4ee38	0x4f0b5	637	637	fcn.0004ee38	native_stub_0004ee38_fcn_0004ee38	r2_discovered	36	170	56	1	15	3	3	72	0	fcn.0004ee38 (int64_t arg1, int64_t arg2, int64_t arg3);
.text	0x4f0b6	0x4f20d	343	343	fcn.0004f0b6	native_stub_0004f0b6_fcn_0004f0b6	r2_discovered	18	102	24	1	3	0	3	56	0	fcn.0004f0b6 (int64_t arg1, int64_t arg2, int64_t arg3);
.text	0x4f20e	0x4f3da	460	460	fcn.0004f20e	native_stub_0004f20e_fcn_0004f20e	r2_discovered	26	129	37	14	14	3	11	88	0	fcn.0004f20e (uint32_t arg1, uint32_t arg2, uint32_t arg3, int64_t arg4, uint32_t arg5, int64_t arg6, int64_t arg7, int64_t arg8, int64_t arg9, int64_t arg10, int64_t arg11);
.text	0x4f3da	0x4f5fb	545	545	fcn.0004f3da	native_stub_0004f3da_fcn_0004f3da	r2_discovered	20	120	27	4	3	1	3	56	0	fcn.0004f3da (uint32_t arg1, int64_t arg2, int64_t arg3);
.text	0x4f5fc	0x4f643	71	71	fcn.0004f5fc	native_stub_0004f5fc_fcn_0004f5fc	r2_discovered	4	19	4	1	1	0	2	8	0	fcn.0004f5fc (uint32_t arg1, int64_t arg2);
.text	0x4f644	0x4f658	20	20	fcn.0004f644	native_stub_0004f644_fcn_0004f644	r2_discovered	1	4	0	1	0	0	2	0	0	fcn.0004f644 (int64_t arg1, int64_t arg2);
.text	0x4f658	0x4f6a0	72	72	fcn.0004f658	native_stub_0004f658_fcn_0004f658	r2_discovered	7	19	9	4	0	0	2	0	0	fcn.0004f658 (int64_t arg1, uint32_t arg2);
.text	0x4f6a0	0x4f719	121	121	fcn.0004f6a0	native_stub_0004f6a0_fcn_0004f6a0	r2_discovered	14	36	21	1	0	0	3	0	0	fcn.0004f6a0 (uint32_t arg1, int64_t arg2, uint32_t arg3);
.text	0x4f71a	0x4f722	8	8	fcn.0004f71a	native_stub_0004f71a_fcn_0004f71a	r2_discovered	1	2	0	2	0	0	1	0	0	fcn.0004f71a (int64_t arg1);
.text	0x4f722	0x4f73b	25	25	fcn.0004f722	native_stub_0004f722_fcn_0004f722	r2_discovered	1	4	0	1	0	0	1	0	0	fcn.0004f722 (int64_t arg1);
.text	0x4f73c	0x4f754	24	24	fcn.0004f73c	native_stub_0004f73c_fcn_0004f73c	r2_discovered	4	8	5	1	0	0	1	0	0	fcn.0004f73c (uint32_t arg1);
.text	0x4f754	0x4f75e	10	10	fcn.0004f754	native_stub_0004f754_fcn_0004f754	r2_discovered	1	4	0	2	0	0	1	0	0	fcn.0004f754 (uint32_t arg1);
.text	0x4f75e	0x4f94a	492	492	fcn.0004f75e	native_stub_0004f75e_fcn_0004f75e	r2_discovered	14	97	17	1	8	1	6	56	0	fcn.0004f75e (int64_t arg1, int64_t arg2, int64_t arg3, int64_t arg4, int64_t arg5, int64_t arg6);
.text	0x4f954	0x4f98f	59	59	fcn.0004f954	native_stub_0004f954_fcn_0004f954	r2_discovered	7	21	10	3	0	0	3	0	0	fcn.0004f954 (int64_t arg1, uint32_t arg2, int64_t arg3);
.text	0x4f990	0x4f9c0	48	48	fcn.0004f990	native_stub_0004f990_fcn_0004f990	r2_discovered	7	14	8	2	0	0	1	0	0	fcn.0004f990 (uint32_t arg1);
.text	0x4f9c0	0x4fa4f	143	143	fcn.0004f9c0	native_stub_0004f9c0_fcn_0004f9c0	r2_discovered	12	43	15	1	3	1	2	56	0	fcn.0004f9c0 (int64_t arg1, int64_t arg2);
.text	0x4fa50	0x4fb7c	300	300	fcn.0004fa50	native_stub_0004fa50_fcn_0004fa50	r2_discovered	24	88	37	14	9	0	2	24	0	fcn.0004fa50 (int64_t arg1, uint32_t arg2);
.text	0x4fb7c	0x4fbb0	52	52	fcn.0004fb7c	native_stub_0004fb7c_fcn_0004fb7c	r2_discovered	7	22	8	1	1	0	3	24	0	fcn.0004fb7c (int64_t arg1, int64_t arg2, int64_t arg3);
.text	0x4fbb0	0x4fbbd	13	13	fcn.0004fbb0	native_stub_0004fbb0_fcn_0004fbb0	r2_discovered	3	4	3	2	0	0	1	0	0	fcn.0004fbb0 (int64_t arg2);
.text	0x4fbc4	0x4fc4f	139	139	fcn.0004fbc4	native_stub_0004fbc4_fcn_0004fbc4	r2_discovered	9	39	11	10	4	3	2	56	0	fcn.0004fbc4 (int64_t arg1, int64_t arg2);
.text	0x4fc50	0x4fd1d	205	205	fcn.0004fc50	native_stub_0004fc50_fcn_0004fc50	r2_discovered	13	64	17	1	4	3	4	88	0	fcn.0004fc50 (int64_t arg1, int64_t arg2, int64_t arg3, int64_t arg4);
.text	0x4fd1e	0x4fdd8	186	186	fcn.0004fd1e	native_stub_0004fd1e_fcn_0004fd1e	r2_discovered	10	52	12	1	4	3	2	72	0	fcn.0004fd1e (int64_t arg1, int64_t arg2);
.text	0x4fdd8	0x4ff08	304	304	fcn.0004fdd8	native_stub_0004fdd8_fcn_0004fdd8	r2_discovered	8	81	10	1	9	5	6	104	0	fcn.0004fdd8 (int64_t arg1, int64_t arg2, int64_t arg3, int64_t arg4, int64_t arg5, int64_t arg6);
.text	0x4ff08	0x4ff2f	39	39	fcn.0004ff08	native_stub_0004ff08_fcn_0004ff08	r2_discovered	4	14	5	3	1	0	2	0	0	fcn.0004ff08 (int64_t arg1, int64_t arg2);
.text	0x4ff30	0x5001a	234	234	fcn.0004ff30	native_stub_0004ff30_fcn_0004ff30	r2_discovered	13	72	18	1	3	0	3	56	0	fcn.0004ff30 (int64_t arg1, int64_t arg2, int64_t arg3);
.text	0x5001a	0x50189	367	367	fcn.0005001a	native_stub_0005001a_fcn_0005001a	r2_discovered	22	112	30	1	4	0	4	56	0	fcn.0005001a (int64_t arg1, int64_t arg2, int64_t arg3, int64_t arg4);
.text	0x50252	0x50310	190	190	fcn.00050252	native_stub_00050252_fcn_00050252	r2_discovered	3	54	2	3	7	1	3	56	0	fcn.00050252 (int64_t arg1, int64_t arg2, int64_t arg3);
.text	0x504cb	0x504e1	22	22	fcn.000504cb	native_stub_000504cb_fcn_000504cb	r2_discovered	3	8	2	10	0	0	2	0	0	fcn.000504cb (uint32_t arg2, int64_t arg3);
.text	0x504e1	0x50557	118	118	fcn.000504e1	native_stub_000504e1_fcn_000504e1	r2_discovered	18	34	26	2	0	0	1	0	0	fcn.000504e1 (uint32_t arg1);
.text	0x50557	0x5060f	184	184	fcn.00050557	native_stub_00050557_fcn_00050557	r2_discovered	25	52	37	2	0	0	2	0	0	fcn.00050557 (uint32_t arg1, uint32_t arg2);
.text	0x50688	0x50712	138	138	fcn.00050688	native_stub_00050688_fcn_00050688	r2_discovered	8	33	11	1	2	0	2	8	0	fcn.00050688 (uint32_t arg1, uint32_t arg2);
.text	0x50712	0x50788	118	118	fcn.00050712	native_stub_00050712_fcn_00050712	r2_discovered	8	29	11	1	2	0	2	8	0	fcn.00050712 (uint32_t arg1, uint32_t arg2);
.text	0x50788	0x507a2	26	26	fcn.00050788	native_stub_00050788_fcn_00050788	r2_discovered	3	9	2	2	0	0	1	0	0	fcn.00050788 (uint32_t arg1);
.text	0x507a2	0x507cb	41	41	fcn.000507a2	native_stub_000507a2_fcn_000507a2	r2_discovered	5	14	4	3	1	0	1	8	0	fcn.000507a2 (uint32_t arg1);
.text	0x507cc	0x507f5	41	41	fcn.000507cc	native_stub_000507cc_fcn_000507cc	r2_discovered	5	14	4	1	1	0	1	8	0	fcn.000507cc (uint32_t arg1);
.text	0x507f6	0x508eb	245	245	fcn.000507f6	native_stub_000507f6_fcn_000507f6	r2_discovered	1	36	0	1	1	0	2	8	0	fcn.000507f6 (int64_t arg1, int64_t arg2);
.text	0x508fa	0x50905	11	11	fcn.000508fa	native_stub_000508fa_fcn_000508fa	r2_discovered	1	3	0	1	0	0	1	0	0	fcn.000508fa (uint32_t arg1);
.text	0x50906	0x509ea	228	228	fcn.00050906	native_stub_00050906_fcn_00050906	r2_discovered	9	54	10	2	11	0	2	8	0	fcn.00050906 (int64_t arg1, int64_t arg_8h);
.text	0x509b2	0x50a92	224	224	fcn.000509b2	native_stub_000509b2_fcn_000509b2	r2_discovered	9	62	11	1	8	4	2	88	0	fcn.000509b2 (int64_t arg1, int64_t arg2);
.text	0x50a92	0x50ae1	79	79	fcn.00050a92	native_stub_00050a92_fcn_00050a92	r2_discovered	5	19	5	1	2	2	2	24	0	fcn.00050a92 (int64_t arg1, int64_t arg2);
.text	0x50ae2	0x50bae	204	204	fcn.00050ae2	native_stub_00050ae2_fcn_00050ae2	r2_discovered	8	60	10	1	6	3	4	88	0	fcn.00050ae2 (int64_t arg1, int64_t arg2, int64_t arg3, int64_t arg4);
.text	0x50bae	0x50c4d	159	159	fcn.00050bae	native_stub_00050bae_fcn_00050bae	r2_discovered	8	41	10	1	4	3	2	56	0	fcn.00050bae (int64_t arg1, int64_t arg3);
.text	0x50c4e	0x50ce1	147	147	fcn.00050c4e	native_stub_00050c4e_fcn_00050c4e	r2_discovered	3	32	2	2	2	3	2	40	0	fcn.00050c4e (int64_t arg1, int64_t arg2);
.text	0x50ce2	0x50d93	177	177	fcn.00050ce2	native_stub_00050ce2_fcn_00050ce2	r2_discovered	5	45	5	1	11	0	1	24	0	fcn.00050ce2 (int64_t arg1);
.text	0x50d5a	0x50e24	202	202	fcn.00050d5a	native_stub_00050d5a_fcn_00050d5a	r2_discovered	9	60	11	1	8	4	3	104	0	fcn.00050d5a (int64_t arg1, int64_t arg2, int64_t arg3);
.text	0x50e24	0x50e9d	121	121	fcn.00050e24	native_stub_00050e24_fcn_00050e24	r2_discovered	3	31	2	1	6	5	1	72	0	fcn.00050e24 (int64_t arg1);
.text	0x50e9e	0x50f4b	173	173	fcn.00050e9e	native_stub_00050e9e_fcn_00050e9e	r2_discovered	9	46	10	1	5	2	2	40	0	fcn.00050e9e (int64_t arg1, int64_t arg3);
.text	0x50f90	0x50fd4	68	68	fcn.00050f90	native_stub_00050f90_fcn_00050f90	r2_discovered	3	24	3	2	3	0	2	0	0	fcn.00050f90 (int64_t arg1, int64_t arg2);
.text	0x50fd4	0x5100d	57	57	fcn.00050fd4	native_stub_00050fd4_fcn_00050fd4	r2_discovered	7	20	9	5	1	0	1	24	0	fcn.00050fd4 (int64_t arg1);
.text	0x5100e	0x51049	59	59	fcn.0005100e	native_stub_0005100e_fcn_0005100e	r2_discovered	1	17	1	1	2	0	3	24	0	fcn.0005100e (int64_t arg1, int64_t arg3, int64_t arg4);
.text	0x5104a	0x51116	204	204	fcn.0005104a	native_stub_0005104a_fcn_0005104a	r2_discovered	11	55	13	1	4	3	2	56	0	fcn.0005104a (int64_t arg1, int64_t arg2);
.text	0x51116	0x5146d	855	855	fcn.00051116	native_stub_00051116_fcn_00051116	r2_discovered	34	214	50	1	39	9	4	4232	0	fcn.00051116 (int64_t arg1, int64_t arg2, int64_t arg3, int64_t arg4);
.text	0x5146e	0x514d1	99	99	fcn.0005146e	native_stub_0005146e_fcn_0005146e	r2_discovered	10	38	13	1	2	0	2	40	0	fcn.0005146e (int64_t arg1, int64_t arg2);
.text	0x515d4	0x517e6	530	530	fcn.000515d4	native_stub_000515d4_fcn_000515d4	r2_discovered	18	142	25	1	28	6	2	120	0	fcn.000515d4 (int64_t arg1, int64_t arg2);
.text	0x517e6	0x51b65	895	895	fcn.000517e6	native_stub_000517e6_fcn_000517e6	r2_discovered	35	229	49	1	30	11	3	312	0	fcn.000517e6 (int64_t arg1, int64_t arg2, int64_t arg3);
.text	0x51c60	0x51d33	211	211	fcn.00051c60	native_stub_00051c60_fcn_00051c60	r2_discovered	13	59	17	1	6	3	2	72	0	fcn.00051c60 (int64_t arg1, int64_t arg2);
.text	0x51d34	0x52057	803	803	fcn.00051d34	native_stub_00051d34_fcn_00051d34	r2_discovered	24	180	34	3	26	16	4	248	0	fcn.00051d34 (int64_t arg1, int64_t arg2, int64_t arg3, int64_t arg4);
.text	0x52060	0x5235e	766	766	fcn.00052060	native_stub_00052060_fcn_00052060	r2_discovered	34	193	50	1	28	13	3	168	0	fcn.00052060 (int64_t arg1, int64_t arg2, int64_t arg3);
.text	0x5235e	0x5236b	13	13	fcn.0005235e	native_stub_0005235e_fcn_0005235e	r2_discovered	3	5	2	5	0	0	1	0	0	fcn.0005235e (int64_t arg3);
.text	0x5236c	0x52392	38	38	fcn.0005236c	native_stub_0005236c_fcn_0005236c	r2_discovered	5	12	5	10	0	0	2	0	0	fcn.0005236c (int64_t arg1, int64_t arg2);
.text	0x52392	0x523f6	100	100	fcn.00052392	native_stub_00052392_fcn_00052392	r2_discovered	6	32	6	3	2	0	1	24	0	fcn.00052392 (int64_t arg1);
.text	0x523f6	0x5243f	73	73	fcn.000523f6	native_stub_000523f6_fcn_000523f6	r2_discovered	4	24	5	2	1	0	2	24	0	fcn.000523f6 (int64_t arg1, int64_t arg2);
.text	0x52440	0x5244f	15	15	fcn.00052440	native_stub_00052440_fcn_00052440	r2_discovered	3	6	2	2	0	0	1	0	0	fcn.00052440 (int64_t arg1);
.text	0x52450	0x52489	57	57	fcn.00052450	native_stub_00052450_fcn_00052450	r2_discovered	6	23	6	2	1	0	1	24	0	fcn.00052450 (int64_t arg1);
.text	0x5248a	0x524d7	77	77	fcn.0005248a	native_stub_0005248a_fcn_0005248a	r2_discovered	8	29	11	2	0	0	2	0	0	fcn.0005248a (int64_t arg1, int64_t arg2);
.text	0x52512	0x5254c	58	58	fcn.00052512	native_stub_00052512_fcn_00052512	r2_discovered	4	21	4	2	3	0	2	24	0	fcn.00052512 (int64_t arg1, int64_t arg2);
.text	0x5254c	0x52586	58	58	fcn.0005254c	native_stub_0005254c_fcn_0005254c	r2_discovered	4	21	4	3	3	0	2	24	0	fcn.0005254c (int64_t arg1, int64_t arg2);
.text	0x52586	0x525ef	105	105	fcn.00052586	native_stub_00052586_fcn_00052586	r2_discovered	19	37	25	2	0	0	2	0	0	fcn.00052586 (int64_t arg1, int64_t arg2);
.text	0x525f0	0x5271d	301	301	fcn.000525f0	native_stub_000525f0_fcn_000525f0	r2_discovered	11	82	15	3	4	1	2	56	0	fcn.000525f0 (int64_t arg1, int64_t arg2);
.text	0x5271e	0x52767	73	73	fcn.0005271e	native_stub_0005271e_fcn_0005271e	r2_discovered	1	19	0	2	2	1	1	24	0	fcn.0005271e (int64_t arg1);
.text	0x52768	0x5276f	7	7	fcn.00052768	native_stub_00052768_fcn_00052768	r2_discovered	1	3	0	5	0	0	1	0	0	fcn.00052768 (int64_t arg1);
.text	0x52770	0x527a3	51	51	fcn.00052770	native_stub_00052770_fcn_00052770	r2_discovered	3	19	3	10	2	0	2	0	0	fcn.00052770 (int64_t arg1, int64_t arg2);
.text	0x527a4	0x527fe	90	90	fcn.000527a4	native_stub_000527a4_fcn_000527a4	r2_discovered	4	30	5	20	3	0	2	24	0	fcn.000527a4 (uint32_t arg1, int64_t arg2);
.text	0x527fe	0x52875	119	119	fcn.000527fe	native_stub_000527fe_fcn_000527fe	r2_discovered	6	41	8	13	4	0	2	40	0	fcn.000527fe (uint32_t arg1, int64_t arg2);
.text	0x52876	0x5289c	38	38	fcn.00052876	native_stub_00052876_fcn_00052876	r2_discovered	3	10	3	4	1	0	4	8	0	fcn.00052876 (int64_t arg1, uint32_t arg2, int64_t arg3, int64_t arg4);
.text	0x5289c	0x5294a	174	174	fcn.0005289c	native_stub_0005289c_fcn_0005289c	r2_discovered	11	57	15	20	6	0	3	40	0	fcn.0005289c (uint32_t arg1, uint32_t arg2, uint32_t arg3);
.text	0x5294a	0x52982	56	56	fcn.0005294a	native_stub_0005294a_fcn_0005294a	r2_discovered	1	20	0	3	3	0	3	24	0	fcn.0005294a (int64_t arg1, int64_t arg2, int64_t arg3);
.text	0x52982	0x529c1	63	63	fcn.00052982	native_stub_00052982_fcn_00052982	r2_discovered	1	22	0	4	2	0	3	24	0	fcn.00052982 (int64_t arg1, int64_t arg2, int64_t arg3);
.text	0x529c2	0x52a5a	152	152	fcn.000529c2	native_stub_000529c2_fcn_000529c2	r2_discovered	8	52	10	3	4	0	4	56	0	fcn.000529c2 (int64_t arg1, int64_t arg2, int64_t arg3, int64_t arg4);
.text	0x52a5a	0x52b5a	256	256	fcn.00052a5a	native_stub_00052a5a_fcn_00052a5a	r2_discovered	16	79	23	8	7	0	11	40	0	fcn.00052a5a (uint32_t arg1, uint32_t arg2, uint32_t arg3, int64_t arg4, int64_t arg5, int64_t arg6, int64_t arg7, int64_t arg8, int64_t arg9, int64_t arg10, int64_t arg11);
.text	0x52b5a	0x52b68	14	14	fcn.00052b5a	native_stub_00052b5a_fcn_00052b5a	r2_discovered	1	5	0	7	1	0	0	8	0	fcn.00052b5a ();
.text	0x52b68	0x52c61	249	249	fcn.00052b68	native_stub_00052b68_fcn_00052b68	r2_discovered	16	80	21	1	8	0	2	56	0	fcn.00052b68 (int64_t arg1, int64_t arg2);
.text	0x52c62	0x52d3e	220	220	fcn.00052c62	native_stub_00052c62_fcn_00052c62	r2_discovered	11	75	13	3	6	0	3	40	0	fcn.00052c62 (int64_t arg1, int64_t arg2, int64_t arg3);
.text	0x52d3e	0x52d85	71	71	fcn.00052d3e	native_stub_00052d3e_fcn_00052d3e	r2_discovered	6	23	8	8	3	0	1	8	0	fcn.00052d3e (int64_t arg1);
.text	0x52d86	0x52e10	138	138	fcn.00052d86	native_stub_00052d86_fcn_00052d86	r2_discovered	13	51	16	2	3	0	2	40	0	fcn.00052d86 (int64_t arg1, int64_t arg2);
.text	0x52e10	0x52ed4	196	196	fcn.00052e10	native_stub_00052e10_fcn_00052e10	r2_discovered	7	59	9	1	6	1	2	56	0	fcn.00052e10 (int64_t arg1, int64_t arg2);
.text	0x52ed4	0x52f0e	58	58	fcn.00052ed4	native_stub_00052ed4_fcn_00052ed4	r2_discovered	7	21	10	2	0	0	3	0	0	fcn.00052ed4 (int64_t arg1, uint32_t arg2, int64_t arg3);
.text	0x52f22	0x52f2a	8	8	fcn.00052f22	native_stub_00052f22_fcn_00052f22	r2_discovered	1	2	0	1	0	0	1	0	0	fcn.00052f22 (int64_t arg1);
.text	0x52f2a	0x52f32	8	8	fcn.00052f2a	native_stub_00052f2a_fcn_00052f2a	r2_discovered	1	3	0	1	0	0	1	0	0	fcn.00052f2a (uint32_t arg1);
.text	0x52fbc	0x5305f	163	163	fcn.00052fbc	native_stub_00052fbc_fcn_00052fbc	r2_discovered	8	38	10	1	2	0	2	24	0	fcn.00052fbc (int64_t arg1, int64_t arg2);
.text	0x530e6	0x531bd	215	215	fcn.000530e6	native_stub_000530e6_fcn_000530e6	r2_discovered	15	68	20	2	3	0	2	40	0	fcn.000530e6 (int64_t arg1, int64_t arg2);
.text	0x531be	0x53270	178	178	fcn.000531be	native_stub_000531be_fcn_000531be	r2_discovered	8	59	10	2	2	0	4	56	0	fcn.000531be (int64_t arg1, int64_t arg2, int64_t arg3, int64_t arg4);
.text	0x53270	0x53334	196	196	fcn.00053270	native_stub_00053270_fcn_00053270	r2_discovered	11	68	15	1	5	0	4	72	0	fcn.00053270 (int64_t arg1, int64_t arg2, int64_t arg3, int64_t arg4);
.text	0x53334	0x533c5	145	145	fcn.00053334	native_stub_00053334_fcn_00053334	r2_discovered	6	37	6	2	3	3	2	56	0	fcn.00053334 (int64_t arg1, int64_t arg2);
.text	0x533c6	0x5343c	118	118	fcn.000533c6	native_stub_000533c6_fcn_000533c6	r2_discovered	8	29	11	1	2	0	2	8	0	fcn.000533c6 (uint32_t arg1, uint32_t arg2);
.text	0x5346c	0x53471	5	5	fcn.0005346c	native_stub_0005346c_fcn_0005346c	r2_discovered	1	2	0	1	0	0	1	0	0	fcn.0005346c (int64_t arg1);
.text	0x53472	0x5348f	29	29	fcn.00053472	native_stub_00053472_fcn_00053472	r2_discovered	3	10	3	1	0	0	2	0	0	fcn.00053472 (int64_t arg1, int64_t arg2);
.text	0x53a3e	0x53a4b	13	13	fcn.00053a3e	native_stub_00053a3e_fcn_00053a3e	r2_discovered	3	6	3	1	0	0	2	0	0	fcn.00053a3e (int64_t arg1, int64_t arg2);
.text	0x53a4c	0x53a57	11	11	fcn.00053a4c	native_stub_00053a4c_fcn_00053a4c	r2_discovered	3	4	2	3	0	0	1	0	0	fcn.00053a4c (int64_t arg1);
.text	0x53a58	0x53ae2	138	138	fcn.00053a58	native_stub_00053a58_fcn_00053a58	r2_discovered	8	33	11	2	2	0	2	8	0	fcn.00053a58 (uint32_t arg1, uint32_t arg2);
.text	0x53ae2	0x53afc	26	26	fcn.00053ae2	native_stub_00053ae2_fcn_00053ae2	r2_discovered	3	9	2	1	0	0	1	0	0	fcn.00053ae2 (int64_t arg1);
.text	0x53b22	0x53c6e	332	332	fcn.00053b22	native_stub_00053b22_fcn_00053b22	r2_discovered	13	92	18	3	11	4	6	1064	0	fcn.00053b22 (int64_t arg2, int64_t arg3, int64_t arg4, uint32_t arg5, int64_t arg6, int64_t arg_420h);
.text	0x53c6e	0x53ee5	631	631	fcn.00053c6e	native_stub_00053c6e_fcn_00053c6e	r2_discovered	20	139	26	1	10	14	2	712	0	fcn.00053c6e (uint32_t arg2, int64_t arg3);
.text	0x53ee6	0x53f2a	68	68	fcn.00053ee6	native_stub_00053ee6_fcn_00053ee6	r2_discovered	3	24	3	1	3	0	2	24	0	fcn.00053ee6 (int64_t arg1, int64_t arg2);
.text	0x53f2a	0x53f76	76	76	fcn.00053f2a	native_stub_00053f2a_fcn_00053f2a	r2_discovered	4	29	4	3	2	0	3	40	0	fcn.00053f2a (int64_t arg1, int64_t arg2, int64_t arg3);
.text	0x53f76	0x5415e	488	488	fcn.00053f76	native_stub_00053f76_fcn_00053f76	r2_discovered	9	116	12	1	11	15	5	728	0	fcn.00053f76 (int64_t arg1, int64_t arg2, uint32_t arg3, int64_t arg4, int64_t arg5);
.text	0x5422a	0x543a6	380	380	fcn.0005422a	native_stub_0005422a_fcn_0005422a	r2_discovered	13	113	18	1	7	4	9	664	0	fcn.0005422a (int64_t arg1, int64_t arg2, int64_t arg3, int64_t arg4, int64_t arg5, int64_t arg6, int64_t arg_50h, int64_t arg_58h, int64_t arg_60h);
.text	0x542da	0x545c4	746	746	fcn.000542da	native_stub_000542da_fcn_000542da	r2_discovered	15	179	21	1	16	10	8	168	0	fcn.000542da (int64_t arg1, int64_t arg2, int64_t arg3, int64_t arg5, int64_t arg6, int64_t arg_90h, int64_t arg_98h, int64_t arg_a0h);
.text	0x54834	0x54860	44	44	fcn.00054834	native_stub_00054834_fcn_00054834	r2_discovered	1	11	0	1	1	0	1	8	0	fcn.00054834 (int64_t arg1);
.text	0x54878	0x548af	55	55	fcn.00054878	native_stub_00054878_fcn_00054878	r2_discovered	4	22	4	4	1	0	1	40	0	fcn.00054878 (int64_t arg1);
.text	0x548b0	0x549ac	252	252	fcn.000548b0	native_stub_000548b0_fcn_000548b0	r2_discovered	13	76	18	2	3	0	3	56	0	fcn.000548b0 (int64_t arg1, int64_t arg2, int64_t arg3);
.text	0x549ac	0x54b1f	371	371	fcn.000549ac	native_stub_000549ac_fcn_000549ac	r2_discovered	18	103	24	1	3	0	3	56	0	fcn.000549ac (int64_t arg1, int64_t arg2, int64_t arg3);
.text	0x54b20	0x54be5	197	197	fcn.00054b20	native_stub_00054b20_fcn_00054b20	r2_discovered	12	61	16	4	5	0	11	40	0	fcn.00054b20 (int64_t arg1, int64_t arg2, uint32_t arg3, uint32_t arg4, int64_t arg5, int64_t arg6, int64_t arg7, int64_t arg8, int64_t arg9, int64_t arg10, int64_t arg11);
.text	0x54be6	0x54c7b	149	149	fcn.00054be6	native_stub_00054be6_fcn_00054be6	r2_discovered	7	51	8	4	5	0	3	40	0	fcn.00054be6 (int64_t arg1, int64_t arg2, int64_t arg3);
.text	0x54c7c	0x54cb3	55	55	fcn.00054c7c	native_stub_00054c7c_fcn_00054c7c	r2_discovered	3	14	3	2	1	0	1	8	0	fcn.00054c7c (int64_t arg1);
.text	0x54cea	0x54cf7	13	13	fcn.00054cea	native_stub_00054cea_fcn_00054cea	r2_discovered	3	6	3	1	0	0	2	0	0	fcn.00054cea (int64_t arg1, int64_t arg2);
.text	0x54cf8	0x54d03	11	11	fcn.00054cf8	native_stub_00054cf8_fcn_00054cf8	r2_discovered	3	4	2	2	0	0	1	0	0	fcn.00054cf8 (int64_t arg1);
.text	0x54d04	0x54d8e	138	138	fcn.00054d04	native_stub_00054d04_fcn_00054d04	r2_discovered	8	33	11	1	2	0	2	8	0	fcn.00054d04 (uint32_t arg1, uint32_t arg2);
.text	0x54d8e	0x54da8	26	26	fcn.00054d8e	native_stub_00054d8e_fcn_00054d8e	r2_discovered	3	9	2	1	0	0	1	0	0	fcn.00054d8e (int64_t arg1);
.text	0x54dc8	0x54eda	274	274	fcn.00054dc8	native_stub_00054dc8_fcn_00054dc8	r2_discovered	16	75	22	2	3	1	3	56	0	fcn.00054dc8 (int64_t arg1, int64_t arg2, int64_t arg4);
.text	0x54eda	0x55026	332	332	fcn.00054eda	native_stub_00054eda_fcn_00054eda	r2_discovered	13	92	18	3	11	4	6	1064	0	fcn.00054eda (int64_t arg2, int64_t arg3, int64_t arg4, uint32_t arg5, int64_t arg6, int64_t arg_420h);
.text	0x55026	0x552bd	663	663	fcn.00055026	native_stub_00055026_fcn_00055026	r2_discovered	20	143	26	1	10	16	2	744	0	fcn.00055026 (uint32_t arg2, int64_t arg3);
.text	0x552be	0x55302	68	68	fcn.000552be	native_stub_000552be_fcn_000552be	r2_discovered	3	24	3	1	3	0	2	24	0	fcn.000552be (int64_t arg1, int64_t arg2);
.text	0x55302	0x5534e	76	76	fcn.00055302	native_stub_00055302_fcn_00055302	r2_discovered	4	29	4	3	2	0	3	40	0	fcn.00055302 (int64_t arg1, int64_t arg2, int64_t arg3);
.text	0x5534e	0x55536	488	488	fcn.0005534e	native_stub_0005534e_fcn_0005534e	r2_discovered	9	116	12	1	11	15	5	728	0	fcn.0005534e (int64_t arg1, int64_t arg2, uint32_t arg3, int64_t arg4, int64_t arg5);
.text	0x55620	0x557b9	409	409	fcn.00055620	native_stub_00055620_fcn_00055620	r2_discovered	13	120	18	1	9	4	9	664	0	fcn.00055620 (int64_t arg1, int64_t arg2, int64_t arg3, int64_t arg4, int64_t arg5, int64_t arg6, int64_t arg_50h, int64_t arg_58h, int64_t arg_60h);
.text	0x556d0	0x559ba	746	746	fcn.000556d0	native_stub_000556d0_fcn_000556d0	r2_discovered	15	179	21	1	16	10	8	168	0	fcn.000556d0 (int64_t arg1, int64_t arg2, int64_t arg3, int64_t arg5, int64_t arg6, int64_t arg_90h, int64_t arg_98h, int64_t arg_a0h);
.text	0x55c2a	0x55c56	44	44	fcn.00055c2a	native_stub_00055c2a_fcn_00055c2a	r2_discovered	1	11	0	1	1	0	1	8	0	fcn.00055c2a (int64_t arg1);
.text	0x55c6e	0x55de1	371	371	fcn.00055c6e	native_stub_00055c6e_fcn_00055c6e	r2_discovered	18	103	24	1	3	0	3	56	0	fcn.00055c6e (int64_t arg1, int64_t arg2, int64_t arg3);
.text	0x55de2	0x55e19	55	55	fcn.00055de2	native_stub_00055de2_fcn_00055de2	r2_discovered	3	14	3	2	1	0	1	8	0	fcn.00055de2 (int64_t arg1);
.text	0x55eda	0x55f0a	48	48	fcn.00055eda	native_stub_00055eda_fcn_00055eda	r2_discovered	7	14	8	2	0	0	1	0	0	fcn.00055eda (uint32_t arg1);
.text	0x55f32	0x55f3a	8	8	fcn.00055f32	native_stub_00055f32_fcn_00055f32	r2_discovered	1	2	0	2	0	0	1	0	0	fcn.00055f32 (int64_t arg1);
.text	0x55f3a	0x55f42	8	8	fcn.00055f3a	native_stub_00055f3a_fcn_00055f3a	r2_discovered	1	2	0	2	0	0	1	0	0	fcn.00055f3a (int64_t arg1);
.text	0x55f42	0x56004	194	194	fcn.00055f42	native_stub_00055f42_fcn_00055f42	r2_discovered	11	55	15	6	2	0	3	56	0	fcn.00055f42 (uint32_t arg1, int64_t arg2, int64_t arg3);
.text	0x56004	0x56066	98	98	fcn.00056004	native_stub_00056004_fcn_00056004	r2_discovered	3	25	3	3	2	0	1	24	0	fcn.00056004 (int64_t arg1);
.text	0x56066	0x560a5	63	63	fcn.00056066	native_stub_00056066_fcn_00056066	r2_discovered	5	19	5	2	1	0	2	8	0	fcn.00056066 (uint32_t arg1, int64_t arg2);
.text	0x560a6	0x56102	92	92	fcn.000560a6	native_stub_000560a6_fcn_000560a6	r2_discovered	5	25	6	3	2	0	1	24	0	fcn.000560a6 (int64_t arg1);
.text	0x56102	0x56109	7	7	fcn.00056102	native_stub_00056102_fcn_00056102	r2_discovered	1	2	0	2	0	0	0	0	0	fcn.00056102 ();
.text	0x5610a	0x56146	60	60	fcn.0005610a	native_stub_0005610a_fcn_0005610a	r2_discovered	3	17	3	2	3	0	1	8	0	fcn.0005610a (int64_t arg1);
.text	0x56146	0x56188	66	66	fcn.00056146	native_stub_00056146_fcn_00056146	r2_discovered	5	20	4	3	1	0	2	8	0	fcn.00056146 (int64_t arg1, uint32_t arg2);
.text	0x56188	0x56259	209	209	fcn.00056188	native_stub_00056188_fcn_00056188	r2_discovered	6	46	8	4	7	0	1	8	0	fcn.00056188 (int64_t arg1);
.text	0x561d2	0x56273	161	161	fcn.000561d2	native_stub_000561d2_fcn_000561d2	r2_discovered	3	30	2	4	3	3	3	56	0	fcn.000561d2 (int64_t arg1, int64_t arg2, int64_t arg3);
.text	0x56274	0x5646b	503	503	fcn.00056274	native_stub_00056274_fcn_00056274	r2_discovered	11	110	15	2	20	7	1	120	0	fcn.00056274 (int64_t arg1);
.text	0x5646c	0x56482	22	22	fcn.0005646c	native_stub_0005646c_fcn_0005646c	r2_discovered	3	8	3	2	1	0	1	8	0	fcn.0005646c (int64_t arg1);
.text	0x56482	0x564e2	96	96	fcn.00056482	native_stub_00056482_fcn_00056482	r2_discovered	5	24	6	2	3	0	2	8	0	fcn.00056482 (int64_t arg1, int64_t arg2);
.text	0x564e2	0x5650f	45	45	fcn.000564e2	native_stub_000564e2_fcn_000564e2	r2_discovered	8	17	11	4	0	0	1	0	0	fcn.000564e2 (int64_t arg1);
.text	0x56510	0x5659f	143	143	fcn.00056510	native_stub_00056510_fcn_00056510	r2_discovered	3	39	2	1	5	3	2	72	0	fcn.00056510 (int64_t arg1, int64_t arg2);
.text	0x565a0	0x5662f	143	143	fcn.000565a0	native_stub_000565a0_fcn_000565a0	r2_discovered	3	39	2	1	5	3	2	72	0	fcn.000565a0 (int64_t arg1, int64_t arg2);
.text	0x56630	0x566bf	143	143	fcn.00056630	native_stub_00056630_fcn_00056630	r2_discovered	3	39	2	1	5	3	2	72	0	fcn.00056630 (int64_t arg1, int64_t arg2);
.text	0x566c0	0x5674f	143	143	fcn.000566c0	native_stub_000566c0_fcn_000566c0	r2_discovered	3	39	2	1	5	3	2	72	0	fcn.000566c0 (int64_t arg1, int64_t arg2);
.text	0x56750	0x56787	55	55	fcn.00056750	native_stub_00056750_fcn_00056750	r2_discovered	7	16	8	6	0	0	2	0	0	fcn.00056750 (int64_t arg1, int64_t arg3);
.text	0x56788	0x568c3	315	315	fcn.00056788	native_stub_00056788_fcn_00056788	r2_discovered	19	92	26	4	4	1	2	80	0	fcn.00056788 (int64_t arg1, uint32_t arg2);
.text	0x568c4	0x56a83	447	447	fcn.000568c4	native_stub_000568c4_fcn_000568c4	r2_discovered	17	118	23	1	16	8	4	216	0	fcn.000568c4 (int64_t arg1, uint32_t arg2, int64_t arg3, int64_t arg4);
.text	0x56b06	0x56b1a	20	20	fcn.00056b06	native_stub_00056b06_fcn_00056b06	r2_discovered	1	4	0	1	0	0	1	0	0	fcn.00056b06 (int64_t arg1);
.text	0x56b60	0x56d34	468	468	fcn.00056b60	native_stub_00056b60_fcn_00056b60	r2_discovered	22	125	33	1	16	6	3	216	0	fcn.00056b60 (int64_t arg1, int64_t arg2, int64_t arg3);
.text	0x56da4	0x56db8	20	20	fcn.00056da4	native_stub_00056da4_fcn_00056da4	r2_discovered	1	4	0	1	0	0	1	0	0	fcn.00056da4 (int64_t arg1);
.text	0x56dd0	0x56df7	39	39	fcn.00056dd0	native_stub_00056dd0_fcn_00056dd0	r2_discovered	6	12	6	1	0	0	1	0	0	fcn.00056dd0 (int64_t arg1);
.text	0x56df8	0x56ee3	235	235	fcn.00056df8	native_stub_00056df8_fcn_00056df8	r2_discovered	8	55	10	1	4	0	2	24	0	fcn.00056df8 (int64_t arg1, int64_t arg2);
.text	0x56ee4	0x56f00	28	28	fcn.00056ee4	native_stub_00056ee4_fcn_00056ee4	r2_discovered	4	12	4	2	1	0	3	8	0	fcn.00056ee4 (int64_t arg1, int64_t arg2, int64_t arg3);
.text	0x56f00	0x56f15	21	21	fcn.00056f00	native_stub_00056f00_fcn_00056f00	r2_discovered	1	7	0	2	1	0	2	8	0	fcn.00056f00 (const void *s1, const void *s2);
.text	0x56f16	0x5715f	585	585	fcn.00056f16	native_stub_00056f16_fcn_00056f16	r2_discovered	33	144	48	1	13	7	3	728	0	fcn.00056f16 (int64_t arg1, int64_t arg2, int64_t arg3);
.text	0x57160	0x5733f	479	479	fcn.00057160	native_stub_00057160_fcn_00057160	r2_discovered	28	128	43	1	11	10	4	168	0	fcn.00057160 (int64_t arg1, int64_t arg2, uint32_t arg3, int64_t arg4);
.text	0x573d6	0x573fd	39	39	fcn.000573d6	native_stub_000573d6_fcn_000573d6	r2_discovered	6	12	6	1	0	0	1	0	0	fcn.000573d6 (int64_t arg1);
.text	0x573fe	0x57505	263	263	fcn.000573fe	native_stub_000573fe_fcn_000573fe	r2_discovered	8	59	10	1	4	0	2	24	0	fcn.000573fe (int64_t arg1, int64_t arg2);
.text	0x575b2	0x5763a	136	136	fcn.000575b2	native_stub_000575b2_fcn_000575b2	r2_discovered	7	39	8	2	4	1	3	1960	0	fcn.000575b2 (int64_t arg1, int64_t arg2, int64_t arg3);
.text	0x5763a	0x5764f	21	21	fcn.0005763a	native_stub_0005763a_fcn_0005763a	r2_discovered	1	7	0	2	1	0	2	8	0	fcn.0005763a (const void *s1, const void *s2);
.text	0x57650	0x57777	295	295	fcn.00057650	native_stub_00057650_fcn_00057650	r2_discovered	14	79	18	1	8	6	2	2040	0	fcn.00057650 (int64_t arg1, int64_t arg2);
.text	0x57778	0x579c1	585	585	fcn.00057778	native_stub_00057778_fcn_00057778	r2_discovered	33	144	48	1	13	7	3	728	0	fcn.00057778 (int64_t arg1, int64_t arg2, int64_t arg3);
.text	0x57b50	0x57d58	520	520	fcn.00057b50	native_stub_00057b50_fcn_00057b50	r2_discovered	33	158	48	1	12	8	4	152	0	fcn.00057b50 (int64_t arg1, int64_t arg2, int64_t arg3, int64_t arg4);
.text	0x57c60	0x57cea	138	138	fcn.00057c60	native_stub_00057c60_fcn_00057c60	r2_discovered	8	33	11	2	2	0	2	8	0	fcn.00057c60 (uint32_t arg1, uint32_t arg2);
.text	0x57cea	0x57d60	118	118	fcn.00057cea	native_stub_00057cea_fcn_00057cea	r2_discovered	8	29	11	3	2	0	2	8	0	fcn.00057cea (uint32_t arg1, uint32_t arg2);
.text	0x57dda	0x57e28	78	78	fcn.00057dda	native_stub_00057dda_fcn_00057dda	r2_discovered	5	16	5	3	2	2	1	168	0	fcn.00057dda (int64_t arg1);
.text	0x57e2d	0x57e8d	96	96	fcn.00057e2d	native_stub_00057e2d_fcn_00057e2d	r2_discovered	5	21	5	1	2	3	1	168	0	fcn.00057e2d (int64_t arg1);
.text	0x57e8d	0x57ebb	46	46	fcn.00057e8d	native_stub_00057e8d_fcn_00057e8d	r2_discovered	6	16	8	1	0	0	1	0	0	fcn.00057e8d (int64_t arg1);
.text	0x57ebb	0x57ee6	43	43	fcn.00057ebb	native_stub_00057ebb_fcn_00057ebb	r2_discovered	6	16	8	4	0	0	1	0	0	fcn.00057ebb (int64_t arg1);
.text	0x57ee6	0x57f50	106	106	fcn.00057ee6	native_stub_00057ee6_fcn_00057ee6	r2_discovered	6	27	7	1	2	3	2	184	0	fcn.00057ee6 (int64_t arg1, int64_t arg2);
.text	0x57f56	0x57faf	89	89	fcn.00057f56	native_stub_00057f56_fcn_00057f56	r2_discovered	6	21	7	1	2	3	1	168	0	fcn.00057f56 (int64_t arg1);
.text	0x58165	0x581e3	126	126	fcn.00058165	native_stub_00058165_fcn_00058165	r2_discovered	5	33	5	1	6	5	1	72	0	fcn.00058165 (int64_t arg1);
.text	0x5826b	0x582eb	128	128	fcn.0005826b	native_stub_0005826b_fcn_0005826b	r2_discovered	5	33	5	2	6	5	1	72	0	fcn.0005826b (uint32_t arg1);
.text	0x584db	0x5858c	177	177	fcn.000584db	native_stub_000584db_fcn_000584db	r2_discovered	9	54	12	2	7	0	3	24	0	fcn.000584db (int64_t arg1, int64_t arg2, int64_t arg3);
.text	0x5858c	0x5862e	162	162	fcn.0005858c	native_stub_0005858c_fcn_0005858c	r2_discovered	7	47	8	8	6	5	3	88	0	fcn.0005858c (int64_t arg1, int64_t arg2, int64_t arg3);
.text	0x58947	0x58a71	298	298	fcn.00058947	native_stub_00058947_fcn_00058947	r2_discovered	9	77	10	2	11	9	2	184	0	fcn.00058947 (int64_t arg1, int64_t arg2);
.text	0x58d40	0x58ea1	353	353	fcn.00058d40	native_stub_00058d40_fcn_00058d40	r2_discovered	12	91	15	2	8	10	1	4184	0	fcn.00058d40 (int64_t arg1);
.text	0x59078	0x591b0	312	312	fcn.00059078	native_stub_00059078_fcn_00059078	r2_discovered	18	93	24	1	3	0	3	56	0	fcn.00059078 (int64_t arg1, int64_t arg2, int64_t arg3);
.text	0x591b0	0x5923a	138	138	fcn.000591b0	native_stub_000591b0_fcn_000591b0	r2_discovered	8	33	11	1	2	0	2	8	0	fcn.000591b0 (uint32_t arg1, uint32_t arg2);
.text	0x5923a	0x5926a	48	48	fcn.0005923a	native_stub_0005923a_fcn_0005923a	r2_discovered	7	14	8	1	0	0	1	0	0	fcn.0005923a (uint32_t arg1);
.text	0x592ee	0x593cd	223	223	fcn.000592ee	native_stub_000592ee_fcn_000592ee	r2_discovered	8	62	9	2	8	1	2	72	0	fcn.000592ee (int64_t arg1, int64_t arg3);
.text	0x593ce	0x594b8	234	234	fcn.000593ce	native_stub_000593ce_fcn_000593ce	r2_discovered	9	69	11	2	7	1	3	56	0	fcn.000593ce (int64_t arg1, int64_t arg2, uint32_t arg3);
.text	0x594b8	0x595d4	284	284	fcn.000594b8	native_stub_000594b8_fcn_000594b8	r2_discovered	11	79	14	3	11	3	3	72	0	fcn.000594b8 (int64_t arg1, int64_t arg2, int64_t arg3);
.text	0x595d4	0x5993b	871	871	fcn.000595d4	native_stub_000595d4_fcn_000595d4	r2_discovered	21	217	30	2	46	11	2	152	0	fcn.000595d4 (int64_t arg1, int64_t arg2);
.text	0x599ba	0x59a64	170	170	fcn.000599ba	native_stub_000599ba_fcn_000599ba	r2_discovered	13	59	19	6	2	1	4	72	0	fcn.000599ba (int64_t arg1, int64_t arg2, int64_t arg3, int64_t arg4);
.text	0x59a64	0x59b19	181	181	fcn.00059a64	native_stub_00059a64_fcn_00059a64	r2_discovered	6	57	8	1	7	0	3	40	0	fcn.00059a64 (int64_t arg1, int64_t arg2, int64_t arg3);
.text	0x59b19	0x59c57	318	318	fcn.00059b19	native_stub_00059b19_fcn_00059b19	r2_discovered	14	92	20	2	8	1	3	72	0	fcn.00059b19 (int64_t arg1, int64_t arg2, int64_t arg3);
.text	0x59c58	0x59cd1	121	121	fcn.00059c58	native_stub_00059c58_fcn_00059c58	r2_discovered	9	46	14	2	1	0	4	56	0	fcn.00059c58 (int64_t arg1, int64_t arg2, int64_t arg3, int64_t arg4);
.text	0x59cd2	0x59e45	371	371	fcn.00059cd2	native_stub_00059cd2_fcn_00059cd2	r2_discovered	22	113	30	1	4	0	4	56	0	fcn.00059cd2 (int64_t arg1, int64_t arg2, int64_t arg3, int64_t arg4);
.text	0x59e46	0x59e47	1	1	fcn.00059e46	native_stub_00059e46_fcn_00059e46	r2_discovered	1	1	0	1	0	0	0	0	0	fcn.00059e46 ();
.text	0x59e48	0x59e58	16	16	fcn.00059e48	native_stub_00059e48_fcn_00059e48	r2_discovered	2	4	1	1	0	0	2	0	0	fcn.00059e48 (int64_t arg1, int64_t arg2);
.text	0x59e52	0x59e5b	9	9	fcn.00059e52	native_stub_00059e52_fcn_00059e52	r2_discovered	1	2	1	1	0	0	2	0	0	fcn.00059e52 (int64_t arg1, int64_t arg2);
.text	0x59e5c	0x59e6c	16	16	fcn.00059e5c	native_stub_00059e5c_fcn_00059e5c	r2_discovered	2	4	1	1	0	0	2	0	0	fcn.00059e5c (int64_t arg1, int64_t arg2);
.text	0x59f20	0x59faa	138	138	fcn.00059f20	native_stub_00059f20_fcn_00059f20	r2_discovered	3	38	2	2	6	5	3	72	0	fcn.00059f20 (int64_t arg1, int64_t arg2, int64_t arg3);
.text	0x59faa	0x5a160	438	438	fcn.00059faa	native_stub_00059faa_fcn_00059faa	r2_discovered	23	110	33	1	14	1	3	72	0	fcn.00059faa (int64_t arg1, int64_t arg2, int64_t arg3);
.text	0x5a160	0x5a254	244	244	fcn.0005a160	native_stub_0005a160_fcn_0005a160	r2_discovered	7	65	8	1	7	7	5	104	0	fcn.0005a160 (int64_t arg1, int64_t arg2, int64_t arg3, int64_t arg4, int64_t arg5);
.text	0x5a254	0x5a25d	9	9	fcn.0005a254	native_stub_0005a254_fcn_0005a254	r2_discovered	1	2	1	1	0	0	1	8	0	fcn.0005a254 (int64_t arg1);
.text	0x5a25e	0x5a272	20	20	fcn.0005a25e	native_stub_0005a25e_fcn_0005a25e	r2_discovered	1	4	1	1	0	0	1	8	0	fcn.0005a25e (int64_t arg1);
.text	0x5a28a	0x5a314	138	138	fcn.0005a28a	native_stub_0005a28a_fcn_0005a28a	r2_discovered	8	33	11	1	2	0	2	8	0	fcn.0005a28a (uint32_t arg1, uint32_t arg2);
.text	0x5a314	0x5a38a	118	118	fcn.0005a314	native_stub_0005a314_fcn_0005a314	r2_discovered	8	29	11	1	2	0	2	8	0	fcn.0005a314 (uint32_t arg1, uint32_t arg2);
.text	0x5a3ba	0x5a3ea	48	48	fcn.0005a3ba	native_stub_0005a3ba_fcn_0005a3ba	r2_discovered	7	14	8	1	0	0	1	0	0	fcn.0005a3ba (uint32_t arg1);
.text	0x5a3ea	0x5a447	93	93	fcn.0005a3ea	native_stub_0005a3ea_fcn_0005a3ea	r2_discovered	1	19	0	1	1	0	1	8	0	fcn.0005a3ea (int64_t arg1);
.text	0x5a45a	0x5a46f	21	21	fcn.0005a45a	native_stub_0005a45a_fcn_0005a45a	r2_discovered	3	8	2	1	0	0	3	0	0	fcn.0005a45a (int64_t arg1, int64_t arg2, int64_t arg3);
.text	0x5a470	0x5a55f	239	239	fcn.0005a470	native_stub_0005a470_fcn_0005a470	r2_discovered	7	67	8	5	10	6	5	120	0	fcn.0005a470 (int64_t arg1, int64_t arg2, int64_t arg3, int64_t arg4, int64_t arg5);
.text	0x5a560	0x5a61a	186	186	fcn.0005a560	native_stub_0005a560_fcn_0005a560	r2_discovered	8	48	9	1	7	5	2	88	0	fcn.0005a560 (int64_t arg1, int64_t arg5);
.text	0x5a828	0x5a984	348	348	fcn.0005a828	native_stub_0005a828_fcn_0005a828	r2_discovered	17	87	27	1	14	2	3	40	0	fcn.0005a828 (int64_t arg1, int64_t arg3, int64_t arg4);
.text	0x5a9e4	0x5af26	1346	1346	fcn.0005a9e4	native_stub_0005a9e4_fcn_0005a9e4	r2_discovered	31	315	41	1	71	18	6	232	0	fcn.0005a9e4 (int64_t arg1, int64_t arg2, int64_t arg3, int64_t arg4, int64_t arg5, int64_t arg6);
.text	0x5b020	0x5b030	16	16	fcn.0005b020	native_stub_0005b020_fcn_0005b020	r2_discovered	1	6	0	11	1	0	0	8	0	fcn.0005b020 ();
.text	0x5b030	0x5b058	40	40	fcn.0005b030	native_stub_0005b030_fcn_0005b030	r2_discovered	1	13	0	3	1	0	3	8	0	fcn.0005b030 (int64_t arg1, int64_t arg2, int64_t arg3);
.text	0x5b058	0x5b092	58	58	fcn.0005b058	native_stub_0005b058_fcn_0005b058	r2_discovered	4	21	4	2	3	0	2	24	0	fcn.0005b058 (int64_t arg1, int64_t arg2);
.text	0x5b092	0x5b0cc	58	58	fcn.0005b092	native_stub_0005b092_fcn_0005b092	r2_discovered	4	21	4	2	3	0	2	24	0	fcn.0005b092 (int64_t arg1, int64_t arg2);
.text	0x5b0cc	0x5b1e1	277	277	fcn.0005b0cc	native_stub_0005b0cc_fcn_0005b0cc	r2_discovered	14	83	20	8	7	0	4	56	0	fcn.0005b0cc (int64_t arg1, int64_t arg2, int64_t arg3, int64_t arg4);
.text	0x5b1e1	0x5b204	35	35	fcn.0005b1e1	native_stub_0005b1e1_fcn_0005b1e1	r2_discovered	3	13	2	7	1	0	2	8	0	fcn.0005b1e1 (int64_t arg1, uint32_t arg2);
.text	0x5b204	0x5b2e6	226	226	fcn.0005b204	native_stub_0005b204_fcn_0005b204	r2_discovered	18	77	28	2	7	0	3	40	0	fcn.0005b204 (uint32_t arg1, uint32_t arg2, int64_t arg3);
.text	0x5b2e6	0x5b35c	118	118	fcn.0005b2e6	native_stub_0005b2e6_fcn_0005b2e6	r2_discovered	8	29	11	3	2	0	2	8	0	fcn.0005b2e6 (uint32_t arg1, uint32_t arg2);
.text	0x5b3e6	0x5b40d	39	39	fcn.0005b3e6	native_stub_0005b3e6_fcn_0005b3e6	r2_discovered	6	12	6	1	0	0	1	0	0	fcn.0005b3e6 (int64_t arg1);
.text	0x5b444	0x5b4af	107	107	fcn.0005b444	native_stub_0005b444_fcn_0005b444	r2_discovered	6	36	7	2	4	0	2	40	0	fcn.0005b444 (uint32_t arg1, int64_t arg2);
.text	0x5b4f4	0x5b569	117	117	fcn.0005b4f4	native_stub_0005b4f4_fcn_0005b4f4	r2_discovered	10	40	12	2	3	0	1	24	0	fcn.0005b4f4 (uint32_t arg1);
.text	0x5b526	0x5b7ba	660	660	fcn.0005b526	native_stub_0005b526_fcn_0005b526	r2_discovered	32	163	44	1	24	9	4	152	0	fcn.0005b526 (int64_t arg1, int64_t arg2, int64_t arg3, int64_t arg4);
.text	0x5b7ba	0x5bb9c	994	994	fcn.0005b7ba	native_stub_0005b7ba_fcn_0005b7ba	r2_discovered	39	249	59	1	31	9	4	392	0	fcn.0005b7ba (int64_t arg1, int64_t arg2, int64_t arg3, int64_t arg5);
.text	0x5bb9c	0x5bda0	516	516	fcn.0005bb9c	native_stub_0005bb9c_fcn_0005bb9c	r2_discovered	27	136	37	1	15	6	2	120	0	fcn.0005bb9c (int64_t arg1, int64_t arg2);
.text	0x5bda0	0x5be1a	122	122	fcn.0005bda0	native_stub_0005bda0_fcn_0005bda0	r2_discovered	3	35	2	1	5	3	3	72	0	fcn.0005bda0 (int64_t arg1, int64_t arg2, int64_t arg3);
.text	0x5be1a	0x5bfa4	394	394	fcn.0005be1a	native_stub_0005be1a_fcn_0005be1a	r2_discovered	18	105	24	1	14	5	3	88	0	fcn.0005be1a (int64_t arg1, int64_t arg2, int64_t arg3);
.text	0x5bfa4	0x5bfb1	13	13	fcn.0005bfa4	native_stub_0005bfa4_fcn_0005bfa4	r2_discovered	3	5	2	8	0	0	1	0	0	fcn.0005bfa4 (int64_t arg3);
.text	0x5bfb2	0x5bff9	71	71	fcn.0005bfb2	native_stub_0005bfb2_fcn_0005bfb2	r2_discovered	6	28	7	3	1	0	4	40	0	fcn.0005bfb2 (int64_t arg1, int64_t arg2, int64_t arg3, int64_t arg4);
.text	0x5bff9	0x5c045	76	76	fcn.0005bff9	native_stub_0005bff9_fcn_0005bff9	r2_discovered	4	25	5	33	1	0	2	24	0	fcn.0005bff9 (uint32_t arg1, uint32_t arg2);
.text	0x5c046	0x5c0af	105	105	fcn.0005c046	native_stub_0005c046_fcn_0005c046	r2_discovered	9	37	12	1	3	0	2	40	0	fcn.0005c046 (int64_t arg1, int64_t arg2);
.text	0x5c136	0x5c2b5	383	383	fcn.0005c136	native_stub_0005c136_fcn_0005c136	r2_discovered	31	133	44	1	10	0	3	40	0	fcn.0005c136 (uint32_t arg1, uint32_t arg2, int64_t arg3);
.text	0x5c2b6	0x5c435	383	383	fcn.0005c2b6	native_stub_0005c2b6_fcn_0005c2b6	r2_discovered	31	133	44	2	10	0	3	40	0	fcn.0005c2b6 (uint32_t arg1, uint32_t arg2, int64_t arg3);
.text	0x5c3b0	0x5c4c0	272	272	fcn.0005c3b0	native_stub_0005c3b0_fcn_0005c3b0	r2_discovered	13	83	18	4	10	1	2	72	0	fcn.0005c3b0 (int64_t arg1, int64_t arg2);
.text	0x5c4c0	0x5c5e1	289	289	fcn.0005c4c0	native_stub_0005c4c0_fcn_0005c4c0	r2_discovered	13	89	18	2	10	1	2	72	0	fcn.0005c4c0 (int64_t arg1, int64_t arg2);
.text	0x5c5e2	0x5c5ec	10	10	fcn.0005c5e2	native_stub_0005c5e2_fcn_0005c5e2	r2_discovered	3	5	3	1	0	0	3	0	0	fcn.0005c5e2 (int64_t arg1, int64_t arg2, int64_t arg3);
.text	0x5c5ec	0x5c662	118	118	fcn.0005c5ec	native_stub_0005c5ec_fcn_0005c5ec	r2_discovered	8	29	11	2	2	0	2	8	0	fcn.0005c5ec (uint32_t arg1, uint32_t arg2);
.text	0x5c6d6	0x5c753	125	125	fcn.0005c6d6	native_stub_0005c6d6_fcn_0005c6d6	r2_discovered	10	44	12	3	4	0	1	24	0	fcn.0005c6d6 (int64_t arg1);
.text	0x5c710	0x5c799	137	137	fcn.0005c710	native_stub_0005c710_fcn_0005c710	r2_discovered	9	48	11	2	3	0	3	56	0	fcn.0005c710 (int64_t arg1, int64_t arg2, int64_t arg3);
.text	0x5c79a	0x5ca10	630	630	fcn.0005c79a	native_stub_0005c79a_fcn_0005c79a	r2_discovered	11	129	13	1	14	21	3	248	0	fcn.0005c79a (int64_t arg1, int64_t arg2, int64_t arg3);
.text	0x5ca10	0x5cab3	163	163	fcn.0005ca10	native_stub_0005ca10_fcn_0005ca10	r2_discovered	3	42	2	2	7	4	3	104	0	fcn.0005ca10 (int64_t arg1, int64_t arg2, int64_t arg3);
.text	0x5cab4	0x5cb26	114	114	fcn.0005cab4	native_stub_0005cab4_fcn_0005cab4	r2_discovered	6	38	7	36	5	0	2	40	0	fcn.0005cab4 (int64_t arg1, int64_t arg2);
.text	0x5cb26	0x5cd02	476	476	fcn.0005cb26	native_stub_0005cb26_fcn_0005cb26	r2_discovered	20	114	26	1	9	9	2	280	0	fcn.0005cb26 (int64_t arg1, int64_t arg2);
.text	0x5cd02	0x5dc67	3941	3941	fcn.0005cd02	native_stub_0005cd02_fcn_0005cd02	r2_discovered	179	932	259	2	16	84	2	744	0	fcn.0005cd02 (int64_t arg1, int64_t arg2);
.text	0x5dc68	0x5dd29	193	193	fcn.0005dc68	native_stub_0005dc68_fcn_0005dc68	r2_discovered	3	52	2	1	9	4	1	136	0	fcn.0005dc68 (int64_t arg1);
.text	0x5dd2a	0x5ddde	180	180	fcn.0005dd2a	native_stub_0005dd2a_fcn_0005dd2a	r2_discovered	3	44	2	1	3	6	1	72	0	fcn.0005dd2a (int64_t arg1);
.text	0x5ddde	0x5de9e	192	192	fcn.0005ddde	native_stub_0005ddde_fcn_0005ddde	r2_discovered	5	47	5	1	3	7	1	72	0	fcn.0005ddde (int64_t arg1);
.text	0x5de9e	0x5df38	154	154	fcn.0005de9e	native_stub_0005de9e_fcn_0005de9e	r2_discovered	5	37	5	1	7	2	3	72	0	fcn.0005de9e (int64_t arg1, int64_t arg2, int64_t arg3);
.text	0x5df38	0x5eba0	3176	3176	fcn.0005df38	native_stub_0005df38_fcn_0005df38	r2_discovered	61	712	85	1	96	52	2	472	0	fcn.0005df38 (int64_t arg1, uint32_t arg2);
.text	0x5eba0	0x5efd2	1074	1074	fcn.0005eba0	native_stub_0005eba0_fcn_0005eba0	r2_discovered	25	265	33	2	26	26	2	3208	0	fcn.0005eba0 (int64_t arg1, int64_t arg2);
.text	0x5efd2	0x5f0f4	290	290	fcn.0005efd2	native_stub_0005efd2_fcn_0005efd2	r2_discovered	10	77	14	1	13	4	1	88	0	fcn.0005efd2 (int64_t arg1);
.text	0x5f0f4	0x5f195	161	161	fcn.0005f0f4	native_stub_0005f0f4_fcn_0005f0f4	r2_discovered	3	39	2	2	7	6	2	104	0	fcn.0005f0f4 (int64_t arg1, int64_t arg2);
.text	0x5f202	0x5f278	118	118	fcn.0005f202	native_stub_0005f202_fcn_0005f202	r2_discovered	11	43	13	3	4	0	1	40	0	fcn.0005f202 (int64_t arg1);
.text	0x5f290	0x5f302	114	114	fcn.0005f290	native_stub_0005f290_fcn_0005f290	r2_discovered	7	36	8	2	1	0	3	24	0	fcn.0005f290 (int64_t arg1, int64_t arg2, int64_t arg3);
.text	0x5f302	0x5f416	276	276	fcn.0005f302	native_stub_0005f302_fcn_0005f302	r2_discovered	9	74	11	4	5	0	2	56	0	fcn.0005f302 (int64_t arg1, int64_t arg2);
.text	0x5f416	0x5f43e	40	40	fcn.0005f416	native_stub_0005f416_fcn_0005f416	r2_discovered	1	13	0	4	1	0	3	8	0	fcn.0005f416 (int64_t arg1, int64_t arg2, int64_t arg3);
.text	0x5f43e	0x5f453	21	21	fcn.0005f43e	native_stub_0005f43e_fcn_0005f43e	r2_discovered	3	8	3	2	0	0	2	0	0	fcn.0005f43e (int64_t arg1, uint32_t arg2);
.text	0x5f453	0x5f47b	40	40	fcn.0005f453	native_stub_0005f453_fcn_0005f453	r2_discovered	1	13	0	24	1	0	3	8	0	fcn.0005f453 (int64_t arg1, int64_t arg2, int64_t arg3);
.text	0x5f47b	0x5f4cf	84	84	fcn.0005f47b	native_stub_0005f47b_fcn_0005f47b	r2_discovered	5	27	6	5	2	0	3	8	0	fcn.0005f47b (int64_t arg1, int64_t arg2, int64_t arg3);
.text	0x5f4d0	0x5f5ce	254	254	fcn.0005f4d0	native_stub_0005f4d0_fcn_0005f4d0	r2_discovered	5	59	5	3	3	6	2	296	0	fcn.0005f4d0 (int64_t arg1, int64_t arg2);
.text	0x5f860	0x5f8a5	69	69	fcn.0005f860	native_stub_0005f860_fcn_0005f860	r2_discovered	3	16	3	2	0	0	1	0	0	fcn.0005f860 (int64_t arg1);
.text	0x607e2	0x60809	39	39	fcn.000607e2	native_stub_000607e2_fcn_000607e2	r2_discovered	6	12	6	3	0	0	1	0	0	fcn.000607e2 (int64_t arg1);
.text	0x6080a	0x60880	118	118	fcn.0006080a	native_stub_0006080a_fcn_0006080a	r2_discovered	8	29	11	1	2	0	2	8	0	fcn.0006080a (uint32_t arg1, uint32_t arg2);
.text	0x608d2	0x60904	50	50	fcn.000608d2	native_stub_000608d2_fcn_000608d2	r2_discovered	5	15	6	2	1	0	1	8	0	fcn.000608d2 (int64_t arg1);
.text	0x609f0	0x60b3b	331	331	fcn.000609f0	native_stub_000609f0_fcn_000609f0	r2_discovered	24	87	35	2	4	0	2	40	0	fcn.000609f0 (uint32_t arg1, int64_t arg2);
.text	0x60c44	0x60c75	49	49	fcn.00060c44	native_stub_00060c44_fcn_00060c44	r2_discovered	6	16	8	3	0	0	2	0	0	fcn.00060c44 (uint32_t arg1, uint32_t arg3);
.text	0x60c84	0x60db0	300	300	fcn.00060c84	native_stub_00060c84_fcn_00060c84	r2_discovered	14	87	19	1	6	0	3	56	0	fcn.00060c84 (int64_t arg1, int64_t arg2, int64_t arg3);
.text	0x60db0	0x60dea	58	58	fcn.00060db0	native_stub_00060db0_fcn_00060db0	r2_discovered	9	20	12	2	0	0	2	0	0	fcn.00060db0 (int64_t arg1, uint32_t arg2);
.text	0x60dea	0x60f19	303	303	fcn.00060dea	native_stub_00060dea_fcn_00060dea	r2_discovered	33	111	46	1	3	0	3	40	0	fcn.00060dea (uint32_t arg1, int64_t arg2, int64_t arg3);
.text	0x60eae	0x60f42	148	148	fcn.00060eae	native_stub_00060eae_fcn_00060eae	r2_discovered	9	43	11	2	2	0	2	24	0	fcn.00060eae (int64_t arg1, int64_t arg2);
.text	0x60fae	0x61046	152	152	fcn.00060fae	native_stub_00060fae_fcn_00060fae	r2_discovered	4	36	4	2	0	0	3	0	0	fcn.00060fae (int64_t arg1, uint32_t arg2, int64_t arg3);
.text	0x61046	0x61082	60	60	fcn.00061046	native_stub_00061046_fcn_00061046	r2_discovered	3	20	3	1	1	0	2	8	0	fcn.00061046 (size_t length, int64_t prot);
.text	0x61082	0x61221	415	415	fcn.00061082	native_stub_00061082_fcn_00061082	r2_discovered	48	128	69	2	1	0	3	24	0	fcn.00061082 (uint32_t arg1, int64_t arg2, uint32_t arg3);
.text	0x61222	0x6123c	26	26	fcn.00061222	native_stub_00061222_fcn_00061222	r2_discovered	4	9	4	2	0	0	2	0	0	fcn.00061222 (int64_t arg1, int64_t arg2);
.text	0x61266	0x6126f	9	9	fcn.00061266	native_stub_00061266_fcn_00061266	r2_discovered	1	2	0	2	0	0	1	0	0	fcn.00061266 (int64_t arg1);
.text	0x6129c	0x612e9	77	77	fcn.0006129c	native_stub_0006129c_fcn_0006129c	r2_discovered	11	25	14	1	0	0	2	0	0	fcn.0006129c (int64_t arg1, uint32_t arg2);
.text	0x612ea	0x61300	22	22	fcn.000612ea	native_stub_000612ea_fcn_000612ea	r2_discovered	1	8	0	1	0	0	3	0	0	fcn.000612ea (uint32_t arg1, uint32_t arg2, int64_t arg3);
.text	0x613d6	0x613ef	25	25	fcn.000613d6	native_stub_000613d6_fcn_000613d6	r2_discovered	3	7	3	1	0	0	1	0	0	fcn.000613d6 (int64_t arg1);
.text	0x613f0	0x61428	56	56	fcn.000613f0	native_stub_000613f0_fcn_000613f0	r2_discovered	1	13	0	2	0	0	1	0	0	fcn.000613f0 (int64_t arg1);
.text	0x61428	0x61468	64	64	fcn.00061428	native_stub_00061428_fcn_00061428	r2_discovered	8	26	8	1	2	0	1	24	0	fcn.00061428 (uint32_t arg1);
.text	0x61468	0x6150e	166	166	fcn.00061468	native_stub_00061468_fcn_00061468	r2_discovered	5	33	5	1	4	5	1	56	0	fcn.00061468 (int64_t arg1);
.text	0x6150e	0x61562	84	84	fcn.0006150e	native_stub_0006150e_fcn_0006150e	r2_discovered	1	18	1	1	4	0	2	8	0	fcn.0006150e (int64_t arg1, int64_t arg2);
.text	0x61698	0x61792	250	250	fcn.00061698	native_stub_00061698_fcn_00061698	r2_discovered	12	68	18	1	2	4	5	104	0	fcn.00061698 (uint32_t arg1, int64_t arg2, int64_t arg3, int64_t arg4, int64_t arg5);
.text	0x61792	0x6190c	378	378	fcn.00061792	native_stub_00061792_fcn_00061792	r2_discovered	16	101	25	1	7	7	5	136	0	fcn.00061792 (uint32_t arg1, int64_t arg2, int64_t arg3, int64_t arg4, int64_t arg5);
.text	0x6190c	0x619f1	229	229	fcn.0006190c	native_stub_0006190c_fcn_0006190c	r2_discovered	14	63	22	1	2	3	5	72	0	fcn.0006190c (uint32_t arg1, int64_t arg2, uint32_t arg3, int64_t arg4, int64_t arg5);
.text	0x619f2	0x61bbd	459	459	fcn.000619f2	native_stub_000619f2_fcn_000619f2	r2_discovered	21	123	34	1	11	6	5	120	0	fcn.000619f2 (int64_t arg1, int64_t arg2, uint32_t arg3, int64_t arg4, int64_t arg5);
.text	0x61bbe	0x61bef	49	49	fcn.00061bbe	native_stub_00061bbe_fcn_00061bbe	r2_discovered	3	11	2	4	1	1	1	24	0	fcn.00061bbe (int64_t arg1);
.text	0x61bf0	0x61bfb	11	11	fcn.00061bf0	native_stub_00061bf0_fcn_00061bf0	r2_discovered	3	4	2	2	0	0	1	0	0	fcn.00061bf0 (int64_t arg1);
.text	0x61bfc	0x61c09	13	13	fcn.00061bfc	native_stub_00061bfc_fcn_00061bfc	r2_discovered	3	5	2	2	0	0	1	0	0	fcn.00061bfc (int64_t arg1);
.text	0x61c0a	0x61c45	59	59	fcn.00061c0a	native_stub_00061c0a_fcn_00061c0a	r2_discovered	7	21	10	2	0	0	3	0	0	fcn.00061c0a (int64_t arg1, uint32_t arg2, int64_t arg3);
.text	0x61c46	0x61d14	206	206	fcn.00061c46	native_stub_00061c46_fcn_00061c46	r2_discovered	6	49	6	2	5	2	1	0	0	fcn.00061c46 (int64_t arg1);
.text	0x61d14	0x61d6e	90	90	fcn.00061d14	native_stub_00061d14_fcn_00061d14	r2_discovered	3	25	2	1	3	1	2	40	0	fcn.00061d14 (int64_t arg1, int64_t arg2);
.text	0x61d6e	0x61d90	34	34	fcn.00061d6e	native_stub_00061d6e_fcn_00061d6e	r2_discovered	5	10	5	1	0	0	2	0	0	fcn.00061d6e (uint32_t arg1, int64_t arg2);
.text	0x61d90	0x61f0e	382	382	fcn.00061d90	native_stub_00061d90_fcn_00061d90	r2_discovered	28	111	43	1	4	1	4	88	0	fcn.00061d90 (int64_t arg1, int64_t arg2, uint32_t arg3, int64_t arg4);
.text	0x61f0e	0x61f32	36	36	fcn.00061f0e	native_stub_00061f0e_fcn_00061f0e	r2_discovered	3	13	2	2	1	0	1	8	0	fcn.00061f0e (int64_t arg1);
.text	0x61f32	0x61fa9	119	119	fcn.00061f32	native_stub_00061f32_fcn_00061f32	r2_discovered	5	34	7	1	2	0	4	40	0	fcn.00061f32 (int64_t arg1, int64_t arg2, uint32_t arg3, int64_t arg4);
.text	0x61fb0	0x620ab	251	251	fcn.00061fb0	native_stub_00061fb0_fcn_00061fb0	r2_discovered	20	76	30	1	3	1	2	40	0	fcn.00061fb0 (int64_t arg1, int64_t arg2);
.text	0x620ac	0x62113	103	103	fcn.000620ac	native_stub_000620ac_fcn_000620ac	r2_discovered	3	25	2	1	5	1	1	40	0	fcn.000620ac (int64_t arg1);
.text	0x62114	0x621c1	173	173	fcn.00062114	native_stub_00062114_fcn_00062114	r2_discovered	3	35	2	1	7	1	1	40	0	fcn.00062114 (int64_t arg1);
.text	0x621c2	0x622e7	293	293	fcn.000621c2	native_stub_000621c2_fcn_000621c2	r2_discovered	1	45	1	1	3	0	2	72	0	fcn.000621c2 (int64_t arg1, int64_t arg3);
.text	0x62350	0x62456	262	262	fcn.00062350	native_stub_00062350_fcn_00062350	r2_discovered	13	68	16	3	8	1	2	120	0	fcn.00062350 (int64_t arg1, int64_t arg2);
.text	0x62456	0x62460	10	10	fcn.00062456	native_stub_00062456_fcn_00062456	r2_discovered	1	2	0	2	0	0	0	0	0	fcn.00062456 ();
.text	0x62460	0x6255a	250	250	fcn.00062460	native_stub_00062460_fcn_00062460	r2_discovered	29	73	42	2	2	0	1	24	0	fcn.00062460 (int64_t arg1);
.text	0x625dc	0x62ad7	1275	1275	fcn.000625dc	native_stub_000625dc_fcn_000625dc	r2_discovered	54	312	79	1	24	9	3	248	0	fcn.000625dc (int64_t arg1, int64_t arg2, int64_t arg3);
.text	0x62ad8	0x62b92	186	186	fcn.00062ad8	native_stub_00062ad8_fcn_00062ad8	r2_discovered	3	46	2	1	7	7	3	120	0	fcn.00062ad8 (int64_t arg1, int64_t arg2, int64_t arg3);
.text	0x62b92	0x62d6d	475	475	fcn.00062b92	native_stub_00062b92_fcn_00062b92	r2_discovered	19	123	29	1	9	1	2	88	0	fcn.00062b92 (uint32_t arg1, int64_t arg2);
.text	0x62d6e	0x63031	707	707	fcn.00062d6e	native_stub_00062d6e_fcn_00062d6e	r2_discovered	21	168	31	1	25	16	4	232	0	fcn.00062d6e (int64_t arg1, int64_t arg2, int64_t arg3, int64_t arg4);
.text	0x63032	0x6304a	24	24	fcn.00063032	native_stub_00063032_fcn_00063032	r2_discovered	1	4	0	8	0	0	1	0	0	fcn.00063032 (int64_t arg1);
.text	0x6304a	0x6307c	50	50	fcn.0006304a	native_stub_0006304a_fcn_0006304a	r2_discovered	1	11	0	4	1	0	1	8	0	fcn.0006304a (int64_t arg1);
.text	0x6307c	0x6311a	158	158	fcn.0006307c	native_stub_0006307c_fcn_0006307c	r2_discovered	3	44	2	3	4	6	4	72	0	fcn.0006307c (int64_t arg1, int64_t arg2, int64_t arg3, int64_t arg4);
.text	0x6311a	0x63150	54	54	fcn.0006311a	native_stub_0006311a_fcn_0006311a	r2_discovered	4	22	4	2	1	0	1	40	0	fcn.0006311a (int64_t arg1);
.text	0x63150	0x631a2	82	82	fcn.00063150	native_stub_00063150_fcn_00063150	r2_discovered	4	25	4	2	2	0	1	24	0	fcn.00063150 (int64_t arg1);
.text	0x631a2	0x63286	228	228	fcn.000631a2	native_stub_000631a2_fcn_000631a2	r2_discovered	7	68	8	3	6	0	3	56	0	fcn.000631a2 (int64_t arg1, int64_t arg2, int64_t arg3);
.text	0x63286	0x632e0	90	90	fcn.00063286	native_stub_00063286_fcn_00063286	r2_discovered	1	25	0	8	2	0	2	24	0	fcn.00063286 (int64_t arg1, int64_t arg2);
.text	0x632e0	0x633cb	235	235	fcn.000632e0	native_stub_000632e0_fcn_000632e0	r2_discovered	16	74	21	1	6	1	2	56	0	fcn.000632e0 (int64_t arg1, int64_t arg2);
.text	0x633cc	0x63514	328	328	fcn.000633cc	native_stub_000633cc_fcn_000633cc	r2_discovered	18	96	24	1	6	1	3	72	0	fcn.000633cc (int64_t arg1, int64_t arg2, int64_t arg3);
.text	0x63514	0x6354a	54	54	fcn.00063514	native_stub_00063514_fcn_00063514	r2_discovered	1	19	0	5	1	0	2	24	0	fcn.00063514 (int64_t arg1, int64_t arg2);
.text	0x63d20	0x6524a	5418	5418	fcn.00063d20	native_stub_00063d20_fcn_00063d20	r2_discovered	12	1355	14	2	2	22	1	248	0	fcn.00063d20 (int64_t arg1);
.text	0x63d4c	0x63d66	26	26	fcn.00063d4c	native_stub_00063d4c_fcn_00063d4c	r2_discovered	1	4	0	3	0	0	1	0	0	fcn.00063d4c (int64_t arg1);
.text	0x63d80	0x65248	5320	5320	fcn.00063d80	native_stub_00063d80_fcn_00063d80	r2_discovered	11	1325	13	2	1	28	3	320	0	fcn.00063d80 (int64_t arg1, int64_t arg4, int64_t arg5);
.text	0x65850	0x6585b	11	11	fcn.00065850	native_stub_00065850_fcn_00065850	r2_discovered	3	4	2	2	0	0	1	0	0	fcn.00065850 (int64_t arg1);
.text	0x65868	0x65875	13	13	fcn.00065868	native_stub_00065868_fcn_00065868	r2_discovered	3	5	2	2	0	0	1	0	0	fcn.00065868 (int64_t arg1);
.text	0x65875	0x6587a	5	5	fcn.00065875	native_stub_00065875_fcn_00065875	r2_discovered	1	1	0	2	0	0	0	0	0	fcn.00065875 ();
.text	0x65c24	0x65cc2	158	158	fcn.00065c24	native_stub_00065c24_fcn_00065c24	r2_discovered	6	53	7	3	6	0	3	40	0	fcn.00065c24 (int64_t arg1, int64_t arg2, int64_t arg3);
.text	0x65cd0	0x65ce3	19	19	fcn.00065cd0	native_stub_00065cd0_fcn_00065cd0	r2_discovered	1	3	0	1	0	0	1	0	0	fcn.00065cd0 (int64_t arg1);
.text	0x66c36	0x66c41	11	11	fcn.00066c36	native_stub_00066c36_fcn_00066c36	r2_discovered	3	4	2	4	0	0	1	0	0	fcn.00066c36 (int64_t arg1);
.text	0x66c42	0x66c4f	13	13	fcn.00066c42	native_stub_00066c42_fcn_00066c42	r2_discovered	3	5	2	3	0	0	1	0	0	fcn.00066c42 (int64_t arg1);
.text	0x66c4f	0x66c54	5	5	fcn.00066c4f	native_stub_00066c4f_fcn_00066c4f	r2_discovered	1	1	0	5	0	0	0	0	0	fcn.00066c4f ();
.text	0x66ea2	0x67060	446	446	fcn.00066ea2	native_stub_00066ea2_fcn_00066ea2	r2_discovered	5	116	5	1	15	10	5	136	0	fcn.00066ea2 (int64_t arg1, int64_t arg2, int64_t arg3, int64_t arg5, int64_t arg6);
.text	0x67060	0x671bf	351	351	fcn.00067060	native_stub_00067060_fcn_00067060	r2_discovered	7	101	9	5	12	3	4	88	0	fcn.00067060 (int64_t arg1, int64_t arg2, uint32_t arg3, int64_t arg4);
.text	0x673c2	0x67438	118	118	fcn.000673c2	native_stub_000673c2_fcn_000673c2	r2_discovered	8	29	11	1	2	0	2	8	0	fcn.000673c2 (uint32_t arg1, uint32_t arg2);
.text	0x6745f	0x6746a	11	11	fcn.0006745f	native_stub_0006745f_fcn_0006745f	r2_discovered	3	4	2	1	0	0	1	0	0	fcn.0006745f (int64_t arg1);
.text	0x6746a	0x6747c	18	18	fcn.0006746a	native_stub_0006746a_fcn_0006746a	r2_discovered	4	7	4	6	0	0	2	0	0	fcn.0006746a (int64_t arg1, int64_t arg2);
.text	0x6747c	0x67622	422	422	fcn.0006747c	native_stub_0006747c_fcn_0006747c	r2_discovered	20	111	29	3	8	5	2	0	0	fcn.0006747c (int64_t arg1, int64_t arg4);
.text	0x67668	0x676f2	138	138	fcn.00067668	native_stub_00067668_fcn_00067668	r2_discovered	15	50	21	1	0	0	4	8	0	fcn.00067668 (int64_t arg1, int64_t arg2, uint32_t arg3, int64_t arg4);
.text	0x67701	0x6771a	25	25	fcn.00067701	native_stub_00067701_fcn_00067701	r2_discovered	3	10	3	1	0	0	4	0	0	fcn.00067701 (uint32_t arg1, uint32_t arg2, int64_t arg3, int64_t arg4);
.text	0x67c0c	0x67c0d	1	1	fcn.00067c0c	native_stub_00067c0c_fcn_00067c0c	r2_discovered	1	1	0	1	0	0	0	0	0	fcn.00067c0c ();
.text	0x67c50	0x67c5f	15	15	fcn.00067c50	native_stub_00067c50_fcn_00067c50	r2_discovered	3	5	2	1	0	0	1	0	0	fcn.00067c50 (int64_t arg1);
.text	0x67c60	0x67c65	5	5	fcn.00067c60	native_stub_00067c60_fcn_00067c60	r2_discovered	1	2	0	2	0	0	1	0	0	fcn.00067c60 (int64_t arg1);
.text	0x67c66	0x67c6a	4	4	fcn.00067c66	native_stub_00067c66_fcn_00067c66	r2_discovered	1	2	0	2	0	0	1	0	0	fcn.00067c66 (int64_t arg1);
.text	0x67c72	0x67c96	36	36	fcn.00067c72	native_stub_00067c72_fcn_00067c72	r2_discovered	3	11	2	3	0	0	5	0	0	fcn.00067c72 (int64_t arg1, int64_t arg2, int64_t arg3, int64_t arg4, int64_t arg5);
.text	0x67ce4	0x67d18	52	52	fcn.00067ce4	native_stub_00067ce4_fcn_00067ce4	r2_discovered	5	22	5	5	1	0	2	24	0	fcn.00067ce4 (int64_t arg1, int64_t arg2);
.text	0x67d18	0x67df5	221	221	fcn.00067d18	native_stub_00067d18_fcn_00067d18	r2_discovered	5	45	5	1	5	13	1	168	0	fcn.00067d18 (uint32_t arg1);
.text	0x67df6	0x67ede	232	232	fcn.00067df6	native_stub_00067df6_fcn_00067df6	r2_discovered	6	48	6	8	6	13	1	168	0	fcn.00067df6 (uint32_t arg1);
.text	0x67ede	0x68067	393	393	fcn.00067ede	native_stub_00067ede_fcn_00067ede	r2_discovered	6	90	6	2	13	8	2	232	0	fcn.00067ede (uint32_t arg1, int64_t arg2);
.text	0x6837a	0x684e8	366	366	fcn.0006837a	native_stub_0006837a_fcn_0006837a	r2_discovered	6	92	6	5	13	12	3	296	0	fcn.0006837a (uint32_t arg1, int64_t arg2, int64_t arg3);
.text	0x686a0	0x6872b	139	139	fcn.000686a0	native_stub_000686a0_fcn_000686a0	r2_discovered	7	33	8	3	5	3	1	56	0	fcn.000686a0 (int64_t arg1);
.text	0x6872c	0x68755	41	41	fcn.0006872c	native_stub_0006872c_fcn_0006872c	r2_discovered	1	10	0	2	2	0	1	0	0	fcn.0006872c (int64_t arg1);
.text	0x6876e	0x687c4	86	86	fcn.0006876e	native_stub_0006876e_fcn_0006876e	r2_discovered	9	27	11	1	3	0	2	24	0	fcn.0006876e (uint32_t arg1, int64_t arg2);
.text	0x687c4	0x688b1	237	237	fcn.000687c4	native_stub_000687c4_fcn_000687c4	r2_discovered	6	54	7	3	9	3	1	56	0	fcn.000687c4 (int64_t arg1);
.text	0x688b2	0x6897e	204	204	fcn.000688b2	native_stub_000688b2_fcn_000688b2	r2_discovered	3	42	2	1	5	3	2	56	0	fcn.000688b2 (int64_t arg1, int64_t arg2);
.text	0x6897e	0x68a54	214	214	fcn.0006897e	native_stub_0006897e_fcn_0006897e	r2_discovered	3	45	2	1	6	4	4	72	0	fcn.0006897e (int64_t arg1, int64_t arg2, int64_t arg3, int64_t arg4);
.text	0x68a54	0x68aa0	76	76	fcn.00068a54	native_stub_00068a54_fcn_00068a54	r2_discovered	1	20	0	2	1	0	3	24	0	fcn.00068a54 (int64_t arg1, int64_t arg2, int64_t arg4);
.text	0x68aa0	0x68ae6	70	70	fcn.00068aa0	native_stub_00068aa0_fcn_00068aa0	r2_discovered	1	15	0	1	1	1	2	24	0	fcn.00068aa0 (int64_t arg1, int64_t arg2);
.text	0x68ae6	0x68af4	14	14	fcn.00068ae6	native_stub_00068ae6_fcn_00068ae6	r2_discovered	1	6	0	1	1	0	3	8	0	fcn.00068ae6 (int64_t arg1, int64_t arg2, int64_t arg3);
.text	0x68b30	0x68ba4	116	116	fcn.00068b30	native_stub_00068b30_fcn_00068b30	r2_discovered	1	28	0	3	1	1	5	40	0	fcn.00068b30 (int64_t arg1, int64_t arg2, int64_t arg3, int64_t arg4, int64_t arg5);
.text	0x68ba4	0x68bff	91	91	fcn.00068ba4	native_stub_00068ba4_fcn_00068ba4	r2_discovered	5	29	6	2	1	0	2	24	0	fcn.00068ba4 (int64_t arg1, int64_t arg2);
.text	0x68c00	0x68c1c	28	28	fcn.00068c00	native_stub_00068c00_fcn_00068c00	r2_discovered	3	9	2	3	0	0	2	0	0	fcn.00068c00 (int64_t arg1, int64_t arg2);
.text	0x68c1c	0x68c2a	14	14	fcn.00068c1c	native_stub_00068c1c_fcn_00068c1c	r2_discovered	3	5	2	4	0	0	1	0	0	fcn.00068c1c (int64_t arg1);
.text	0x68c41	0x68c64	35	35	fcn.00068c41	native_stub_00068c41_fcn_00068c41	r2_discovered	3	13	3	6	1	0	3	8	0	fcn.00068c41 (void *s2, int64_t arg2, int64_t arg3);
.text	0x68c64	0x68d19	181	181	fcn.00068c64	native_stub_00068c64_fcn_00068c64	r2_discovered	10	56	13	1	5	1	2	56	0	fcn.00068c64 (uint32_t arg1, int64_t arg2);
.text	0x68d1a	0x68e1a	256	256	fcn.00068d1a	native_stub_00068d1a_fcn_00068d1a	r2_discovered	5	61	5	2	6	1	3	56	0	fcn.00068d1a (int64_t arg1, int64_t arg3, int64_t arg4);
.text	0x68e3e	0x68eb4	118	118	fcn.00068e3e	native_stub_00068e3e_fcn_00068e3e	r2_discovered	8	29	11	4	2	0	2	8	0	fcn.00068e3e (uint32_t arg1, uint32_t arg2);
.text	0x68ee4	0x68f97	179	179	fcn.00068ee4	native_stub_00068ee4_fcn_00068ee4	r2_discovered	1	28	0	1	0	0	1	0	0	fcn.00068ee4 (int64_t arg1);
.text	0x68fa0	0x68fa7	7	7	fcn.00068fa0	native_stub_00068fa0_fcn_00068fa0	r2_discovered	1	2	0	2	0	0	2	0	0	fcn.00068fa0 (int64_t arg1, int64_t arg2);
.text	0x68fb0	0x6902d	125	125	fcn.00068fb0	native_stub_00068fb0_fcn_00068fb0	r2_discovered	6	43	8	1	5	0	2	24	0	fcn.00068fb0 (int64_t arg1, int64_t arg2);
.text	0x69034	0x6903c	8	8	fcn.00069034	native_stub_00069034_fcn_00069034	r2_discovered	1	2	0	2	0	0	1	0	0	fcn.00069034 (int64_t arg1);
.text	0x6903c	0x69044	8	8	fcn.0006903c	native_stub_0006903c_fcn_0006903c	r2_discovered	1	2	0	1	0	0	1	0	0	fcn.0006903c (int64_t arg1);
.text	0x69044	0x690dc	152	152	fcn.00069044	native_stub_00069044_fcn_00069044	r2_discovered	3	41	2	1	3	2	3	552	0	fcn.00069044 (int64_t arg1, int64_t arg2, int64_t arg3);
.text	0x690dc	0x69134	88	88	fcn.000690dc	native_stub_000690dc_fcn_000690dc	r2_discovered	7	34	8	1	2	0	2	24	0	fcn.000690dc (int64_t arg1, int64_t arg2);
.text	0x69134	0x69166	50	50	fcn.00069134	native_stub_00069134_fcn_00069134	r2_discovered	1	12	0	4	2	0	1	0	0	fcn.00069134 (int64_t arg1);
.text	0x69166	0x691d8	114	114	fcn.00069166	native_stub_00069166_fcn_00069166	r2_discovered	6	38	7	16	5	0	2	40	0	fcn.00069166 (int64_t arg1, int64_t arg2);
.text	0x69256	0x692e5	143	143	fcn.00069256	native_stub_00069256_fcn_00069256	r2_discovered	6	40	6	1	7	1	3	40	0	fcn.00069256 (int64_t arg1, int64_t arg2, int64_t arg3);
.text	0x692e6	0x69419	307	307	fcn.000692e6	native_stub_000692e6_fcn_000692e6	r2_discovered	15	90	21	1	13	1	3	56	0	fcn.000692e6 (int64_t arg1, int64_t arg2, int64_t arg3);
.text	0x6941a	0x696e0	710	710	fcn.0006941a	native_stub_0006941a_fcn_0006941a	r2_discovered	18	182	25	2	32	10	2	152	0	fcn.0006941a (int64_t arg1, int64_t arg2);
.text	0x696e0	0x69801	289	289	fcn.000696e0	native_stub_000696e0_fcn_000696e0	r2_discovered	14	80	20	2	11	1	2	56	0	fcn.000696e0 (int64_t arg1, int64_t arg2);
.text	0x69802	0x699a6	420	420	fcn.00069802	native_stub_00069802_fcn_00069802	r2_discovered	6	106	6	2	22	7	3	120	0	fcn.00069802 (int64_t arg1, uint32_t arg2, int64_t arg3);
.text	0x699a6	0x69a4e	168	168	fcn.000699a6	native_stub_000699a6_fcn_000699a6	r2_discovered	3	45	2	1	8	1	3	56	0	fcn.000699a6 (int64_t arg1, int64_t arg2, int64_t arg3);
.text	0x69a4e	0x69abc	110	110	fcn.00069a4e	native_stub_00069a4e_fcn_00069a4e	r2_discovered	3	31	2	4	6	1	3	40	0	fcn.00069a4e (int64_t arg1, int64_t arg2, int64_t arg3);
.text	0x69abc	0x69c7b	447	447	fcn.00069abc	native_stub_00069abc_fcn_00069abc	r2_discovered	9	119	11	1	21	5	4	136	0	fcn.00069abc (int64_t arg1, int64_t arg2, int64_t arg3, int64_t arg4);
.text	0x69c7c	0x6a114	1176	1176	fcn.00069c7c	native_stub_00069c7c_fcn_00069c7c	r2_discovered	44	282	67	1	40	16	5	216	0	fcn.00069c7c (int64_t arg1, int64_t arg2, int64_t arg3, int64_t arg4, int64_t arg5);
.text	0x6a114	0x6a3ea	726	726	fcn.0006a114	native_stub_0006a114_fcn_0006a114	r2_discovered	24	188	36	2	23	9	4	392	0	fcn.0006a114 (int64_t arg1, int64_t arg2, int64_t arg3, int64_t arg4);
.text	0x6a3ea	0x6a511	295	295	fcn.0006a3ea	native_stub_0006a3ea_fcn_0006a3ea	r2_discovered	6	77	7	1	12	7	4	120	0	fcn.0006a3ea (int64_t arg1, int64_t arg2, int64_t arg3, int64_t arg4);
.text	0x6a512	0x6a643	305	305	fcn.0006a512	native_stub_0006a512_fcn_0006a512	r2_discovered	6	79	7	1	12	8	5	136	0	fcn.0006a512 (int64_t arg1, int64_t arg2, int64_t arg3, int64_t arg4, int64_t arg5);
.text	0x6a648	0x6a670	40	40	fcn.0006a648	native_stub_0006a648_fcn_0006a648	r2_discovered	1	11	0	3	3	0	1	0	0	fcn.0006a648 (int64_t arg1);
.text	0x6a670	0x6a6b3	67	67	fcn.0006a670	native_stub_0006a670_fcn_0006a670	r2_discovered	4	23	5	5	1	1	2	40	0	fcn.0006a670 (int64_t arg1, uint32_t arg3);
.text	0x6a6b4	0x6a6f7	67	67	fcn.0006a6b4	native_stub_0006a6b4_fcn_0006a6b4	r2_discovered	3	17	4	2	3	0	1	0	0	fcn.0006a6b4 (int64_t arg1);
.text	0x6a710	0x6a73b	43	43	fcn.0006a710	native_stub_0006a710_fcn_0006a710	r2_discovered	1	11	0	4	1	0	1	8	0	fcn.0006a710 (int64_t arg1);
.text	0x6a73c	0x6a79b	95	95	fcn.0006a73c	native_stub_0006a73c_fcn_0006a73c	r2_discovered	9	36	12	2	2	0	2	40	0	fcn.0006a73c (int64_t arg1, int64_t arg2);
.text	0x6a79c	0x6a7ef	83	83	fcn.0006a79c	native_stub_0006a79c_fcn_0006a79c	r2_discovered	4	28	5	1	2	1	4	40	0	fcn.0006a79c (int64_t arg1, int64_t arg2, uint32_t arg3, int64_t arg4);
.text	0x6a7f0	0x6a82f	63	63	fcn.0006a7f0	native_stub_0006a7f0_fcn_0006a7f0	r2_discovered	1	20	0	2	4	0	2	24	0	fcn.0006a7f0 (int64_t arg1, int64_t arg2);
.text	0x6a82f	0x6a892	99	99	fcn.0006a82f	native_stub_0006a82f_fcn_0006a82f	r2_discovered	1	33	0	2	4	0	3	40	0	fcn.0006a82f (int64_t arg1, int64_t arg2, int64_t arg3);
.text	0x6a892	0x6a8a4	18	18	fcn.0006a892	native_stub_0006a892_fcn_0006a892	r2_discovered	1	7	0	3	1	0	1	8	0	fcn.0006a892 (int64_t arg1);
.text	0x6a8a4	0x6a971	205	205	fcn.0006a8a4	native_stub_0006a8a4_fcn_0006a8a4	r2_discovered	11	65	15	1	8	0	2	40	0	fcn.0006a8a4 (int64_t arg1, int64_t arg2);
.text	0x6a974	0x6aa3b	199	199	fcn.0006a974	native_stub_0006a974_fcn_0006a974	r2_discovered	2	55	1	1	6	1	2	72	0	fcn.0006a974 (int64_t arg1, int64_t arg2);
.text	0x6aba4	0x6ac17	115	115	fcn.0006aba4	native_stub_0006aba4_fcn_0006aba4	r2_discovered	1	29	0	2	1	0	1	8	0	fcn.0006aba4 (int64_t arg1);
.text	0x6ac18	0x6ac9b	131	131	fcn.0006ac18	native_stub_0006ac18_fcn_0006ac18	r2_discovered	3	35	3	1	7	0	1	24	0	fcn.0006ac18 (int64_t arg1);
.text	0x6ac9c	0x6ad17	123	123	fcn.0006ac9c	native_stub_0006ac9c_fcn_0006ac9c	r2_discovered	5	43	6	2	6	0	2	40	0	fcn.0006ac9c (int64_t arg1, int64_t arg2);
.text	0x6ad18	0x6ae2b	275	275	fcn.0006ad18	native_stub_0006ad18_fcn_0006ad18	r2_discovered	13	78	19	1	8	3	3	216	0	fcn.0006ad18 (int64_t arg1, int64_t arg2, int64_t arg3);
.text	0x6af9a	0x6afbe	36	36	fcn.0006af9a	native_stub_0006af9a_fcn_0006af9a	r2_discovered	1	10	1	4	2	0	1	0	0	fcn.0006af9a (int64_t arg1);
.text	0x6afde	0x6afe9	11	11	fcn.0006afde	native_stub_0006afde_fcn_0006afde	r2_discovered	1	3	0	1	0	0	1	0	0	fcn.0006afde (uint32_t arg1);
.text	0x6b0ae	0x6b109	91	91	fcn.0006b0ae	native_stub_0006b0ae_fcn_0006b0ae	r2_discovered	3	25	2	1	3	1	2	40	0	fcn.0006b0ae (int64_t arg1, int64_t arg2);
.text	0x6b28c	0x6b33b	175	175	fcn.0006b28c	native_stub_0006b28c_fcn_0006b28c	r2_discovered	5	45	5	1	4	3	2	72	0	fcn.0006b28c (int64_t arg1, int64_t arg2);
.text	0x6b33c	0x6b3eb	175	175	fcn.0006b33c	native_stub_0006b33c_fcn_0006b33c	r2_discovered	5	45	5	1	4	3	2	72	0	fcn.0006b33c (int64_t arg1, int64_t arg2);
.text	0x6b492	0x6b56e	220	220	fcn.0006b492	native_stub_0006b492_fcn_0006b492	r2_discovered	13	62	17	1	7	3	1	72	0	fcn.0006b492 (int64_t arg1);
.text	0x6b56e	0x6b6a5	311	311	fcn.0006b56e	native_stub_0006b56e_fcn_0006b56e	r2_discovered	14	83	21	1	9	2	2	56	0	fcn.0006b56e (int64_t arg1, int64_t arg2);
.text	0x6b6a6	0x6b6ce	40	40	fcn.0006b6a6	native_stub_0006b6a6_fcn_0006b6a6	r2_discovered	1	10	1	3	2	0	1	8	0	fcn.0006b6a6 (int64_t arg1);
.text	0x6b6e6	0x6b79f	185	185	fcn.0006b6e6	native_stub_0006b6e6_fcn_0006b6e6	r2_discovered	8	51	9	1	5	4	3	104	0	fcn.0006b6e6 (int64_t arg2, int64_t arg3, int64_t arg4);
.text	0x6b7a0	0x6b8bb	283	283	fcn.0006b7a0	native_stub_0006b7a0_fcn_0006b7a0	r2_discovered	15	78	22	1	8	3	2	312	0	fcn.0006b7a0 (char **arg2, int64_t arg3);
.text	0x6bab2	0x6baf3	65	65	fcn.0006bab2	native_stub_0006bab2_fcn_0006bab2	r2_discovered	1	13	0	2	2	0	1	8	0	fcn.0006bab2 (int64_t arg1);
.text	0x6bb54	0x6bc90	316	316	fcn.0006bb54	native_stub_0006bb54_fcn_0006bb54	r2_discovered	9	71	10	1	7	14	1	184	0	fcn.0006bb54 (int64_t arg1);
.text	0x6bd38	0x6bd77	63	63	fcn.0006bd38	native_stub_0006bd38_fcn_0006bd38	r2_discovered	7	22	7	2	1	0	1	24	0	fcn.0006bd38 (uint32_t arg1);
.text	0x6bd3e	0x6bd8a	76	76	fcn.0006bd3e	native_stub_0006bd3e_fcn_0006bd3e	r2_discovered	3	22	2	2	1	0	1	8	0	fcn.0006bd3e (int64_t arg1);
.text	0x6bd8a	0x6bf2a	416	416	fcn.0006bd8a	native_stub_0006bd8a_fcn_0006bd8a	r2_discovered	17	118	23	2	6	0	2	56	0	fcn.0006bd8a (int64_t arg1, int64_t arg2);
.text	0x6bf2a	0x6bfdb	177	177	fcn.0006bf2a	native_stub_0006bf2a_fcn_0006bf2a	r2_discovered	1	37	0	4	2	0	1	24	0	fcn.0006bf2a (int64_t arg1);
.text	0x6bfdb	0x6c008	45	45	fcn.0006bfdb	native_stub_0006bfdb_fcn_0006bfdb	r2_discovered	1	13	0	2	0	0	2	0	0	fcn.0006bfdb (int64_t arg1, int64_t arg2);
.text	0x70ef4	0x70eff	11	11	fcn.00070ef4	native_stub_00070ef4_fcn_00070ef4	r2_discovered	3	4	2	4	0	0	1	0	0	fcn.00070ef4 (int64_t arg1);
.text	0x70f00	0x70f76	118	118	fcn.00070f00	native_stub_00070f00_fcn_00070f00	r2_discovered	8	29	11	2	2	0	2	8	0	fcn.00070f00 (uint32_t arg1, uint32_t arg2);
.text	0x70fba	0x71009	79	79	fcn.00070fba	native_stub_00070fba_fcn_00070fba	r2_discovered	6	28	7	2	2	0	2	24	0	fcn.00070fba (uint32_t arg1, int64_t arg2);
.text	0x7100a	0x71017	13	13	fcn.0007100a	native_stub_0007100a_fcn_0007100a	r2_discovered	3	5	2	4	0	0	1	0	0	fcn.0007100a (int64_t arg1);
.text	0x7104e	0x7105c	14	14	fcn.0007104e	native_stub_0007104e_fcn_0007104e	r2_discovered	1	6	0	1	1	0	1	8	0	fcn.0007104e (int64_t arg1);
.text	0x713da	0x7151e	324	324	fcn.000713da	native_stub_000713da_fcn_000713da	r2_discovered	8	99	8	1	10	1	4	72	0	fcn.000713da (int64_t arg1, int64_t arg2, uint32_t arg3, int64_t arg4);
.text	0x7151e	0x7154a	44	44	fcn.0007151e	native_stub_0007151e_fcn_0007151e	r2_discovered	4	15	4	11	0	0	3	0	0	fcn.0007151e (uint32_t arg1, int64_t arg2, uint32_t arg3);
.text	0x7154a	0x7157a	48	48	fcn.0007154a	native_stub_0007154a_fcn_0007154a	r2_discovered	7	14	8	2	0	0	1	0	0	fcn.0007154a (uint32_t arg1);
.text	0x7157a	0x715a1	39	39	fcn.0007157a	native_stub_0007157a_fcn_0007157a	r2_discovered	6	12	6	1	0	0	1	0	0	fcn.0007157a (int64_t arg1);
.text	0x715a1	0x716c8	295	295	fcn.000715a1	native_stub_000715a1_fcn_000715a1	r2_discovered	17	78	23	2	9	5	2	72	0	fcn.000715a1 (int64_t arg1, int64_t arg2);
.text	0x71754	0x717ca	118	118	fcn.00071754	native_stub_00071754_fcn_00071754	r2_discovered	8	29	11	2	2	0	2	8	0	fcn.00071754 (uint32_t arg1, uint32_t arg2);
.text	0x717ca	0x717fa	48	48	fcn.000717ca	native_stub_000717ca_fcn_000717ca	r2_discovered	7	14	8	2	0	0	1	0	0	fcn.000717ca (uint32_t arg1);
.text	0x717fa	0x71841	71	71	fcn.000717fa	native_stub_000717fa_fcn_000717fa	r2_discovered	5	27	6	3	2	0	2	24	0	fcn.000717fa (int64_t arg1, int64_t arg2);
.text	0x71842	0x718ad	107	107	fcn.00071842	native_stub_00071842_fcn_00071842	r2_discovered	6	36	7	1	4	0	2	40	0	fcn.00071842 (uint32_t arg1, int64_t arg2);
.text	0x718ad	0x7192a	125	125	fcn.000718ad	native_stub_000718ad_fcn_000718ad	r2_discovered	3	29	2	1	4	2	1	424	0	fcn.000718ad (int64_t arg1);
.text	0x7192a	0x71a15	235	235	fcn.0007192a	native_stub_0007192a_fcn_0007192a	r2_discovered	6	52	6	1	10	3	1	440	0	fcn.0007192a (int64_t arg1);
.text	0x71a15	0x71b9e	393	393	fcn.00071a15	native_stub_00071a15_fcn_00071a15	r2_discovered	26	106	37	1	13	2	1	424	0	fcn.00071a15 (int64_t arg1);
.text	0x71b9e	0x71c5f	193	193	fcn.00071b9e	native_stub_00071b9e_fcn_00071b9e	r2_discovered	13	60	19	3	8	0	2	24	0	fcn.00071b9e (int64_t arg1, int64_t arg2);
.text	0x71c60	0x71ced	141	141	fcn.00071c60	native_stub_00071c60_fcn_00071c60	r2_discovered	1	23	0	12	4	0	1	8	0	fcn.00071c60 (int64_t arg1);
.text	0x71d34	0x71eaa	374	374	fcn.00071d34	native_stub_00071d34_fcn_00071d34	r2_discovered	2	101	2	2	0	5	5	96	0	fcn.00071d34 (int64_t arg1, int64_t arg2, int64_t arg3, int64_t arg4, int64_t arg5);
.text	0x71dae	0x71e69	187	187	fcn.00071dae	native_stub_00071dae_fcn_00071dae	r2_discovered	10	54	12	1	5	1	1	56	0	fcn.00071dae (int64_t arg1);
.text	0x71e6a	0x71e86	28	28	fcn.00071e6a	native_stub_00071e6a_fcn_00071e6a	r2_discovered	3	8	3	1	0	0	1	0	0	fcn.00071e6a (uint32_t arg1);
.text	0x71e86	0x7214c	710	710	fcn.00071e86	native_stub_00071e86_fcn_00071e86	r2_discovered	16	149	21	4	15	19	5	0	0	fcn.00071e86 (int64_t arg1, uint32_t arg2, int64_t arg3, int64_t arg4, int64_t arg5);
.text	0x7214c	0x7215b	15	15	fcn.0007214c	native_stub_0007214c_fcn_0007214c	r2_discovered	1	4	1	8	0	0	2	0	0	fcn.0007214c (int64_t arg1, int64_t arg2);
.text	0x7216c	0x72178	12	12	fcn.0007216c	native_stub_0007216c_fcn_0007216c	r2_discovered	1	4	1	3	0	0	4	248	0	fcn.0007216c (int64_t arg1, int64_t arg2, int64_t arg3, int64_t arg4);
.text	0x72178	0x7227e	262	262	fcn.00072178	native_stub_00072178_fcn_00072178	r2_discovered	9	74	10	1	8	1	2	72	0	fcn.00072178 (int64_t arg1, int64_t arg2);
.text	0x72496	0x72587	241	241	fcn.00072496	native_stub_00072496_fcn_00072496	r2_discovered	10	60	12	8	8	3	2	88	0	fcn.00072496 (int64_t arg1, int64_t arg2);
.text	0x72588	0x7259e	22	22	fcn.00072588	native_stub_00072588_fcn_00072588	r2_discovered	1	6	1	3	1	0	1	40	0	fcn.00072588 (int64_t arg1);
.text	0x7259e	0x725f1	83	83	fcn.0007259e	native_stub_0007259e_fcn_0007259e	r2_discovered	1	17	1	11	5	0	1	8	0	fcn.0007259e (int64_t arg1);
.text	0x7260a	0x72682	120	120	fcn.0007260a	native_stub_0007260a_fcn_0007260a	r2_discovered	6	33	6	17	5	1	1	40	0	fcn.0007260a (uint32_t arg1);
.text	0x7261c	0x7269d	129	129	fcn.0007261c	native_stub_0007261c_fcn_0007261c	r2_discovered	3	33	2	2	3	4	2	72	0	fcn.0007261c (int64_t arg1, int64_t arg2);
.text	0x7269e	0x726d3	53	53	fcn.0007269e	native_stub_0007269e_fcn_0007269e	r2_discovered	7	21	9	2	2	0	2	24	0	fcn.0007269e (uint32_t arg1, int64_t arg2);
.text	0x726d4	0x7270e	58	58	fcn.000726d4	native_stub_000726d4_fcn_000726d4	r2_discovered	4	21	4	3	3	0	2	24	0	fcn.000726d4 (int64_t arg1, int64_t arg2);
.text	0x7270e	0x7274f	65	65	fcn.0007270e	native_stub_0007270e_fcn_0007270e	r2_discovered	1	22	0	2	4	0	2	24	0	fcn.0007270e (int64_t arg1, int64_t arg2);
.text	0x72750	0x7276d	29	29	fcn.00072750	native_stub_00072750_fcn_00072750	r2_discovered	1	10	0	2	2	0	1	8	0	fcn.00072750 (int64_t arg1);
.text	0x72782	0x727da	88	88	fcn.00072782	native_stub_00072782_fcn_00072782	r2_discovered	3	24	2	4	4	1	1	0	0	fcn.00072782 (int64_t arg1);
.text	0x727da	0x72832	88	88	fcn.000727da	native_stub_000727da_fcn_000727da	r2_discovered	3	24	2	2	4	1	1	40	0	fcn.000727da (int64_t arg1);
.text	0x72832	0x72931	255	255	fcn.00072832	native_stub_00072832_fcn_00072832	r2_discovered	10	70	12	3	7	5	2	88	0	fcn.00072832 (int64_t arg1, uint32_t arg2);
.text	0x7293a	0x72994	90	90	fcn.0007293a	native_stub_0007293a_fcn_0007293a	r2_discovered	3	24	2	44	4	2	1	40	0	fcn.0007293a (int64_t arg1);
.text	0x72994	0x72999	5	5	fcn.00072994	native_stub_00072994_fcn_00072994	r2_discovered	1	1	0	40	0	0	0	0	0	fcn.00072994 ();
.text	0x7299a	0x7299f	5	5	fcn.0007299a	native_stub_0007299a_fcn_0007299a	r2_discovered	1	1	0	3	0	0	0	0	0	fcn.0007299a ();
.text	0x729a0	0x729b0	16	16	fcn.000729a0	native_stub_000729a0_fcn_000729a0	r2_discovered	1	6	0	2	1	0	0	8	0	fcn.000729a0 ();
.text	0x729b0	0x729b5	5	5	fcn.000729b0	native_stub_000729b0_fcn_000729b0	r2_discovered	1	1	0	5	0	0	0	0	0	fcn.000729b0 ();
.text	0x729b6	0x729c1	11	11	fcn.000729b6	native_stub_000729b6_fcn_000729b6	r2_discovered	1	3	0	92	0	0	2	0	0	fcn.000729b6 (int64_t arg1, uint32_t arg2);
.text	0x729c2	0x729cd	11	11	fcn.000729c2	native_stub_000729c2_fcn_000729c2	r2_discovered	1	3	0	3	0	0	2	0	0	fcn.000729c2 (int64_t arg1, int64_t arg2);
.text	0x729ce	0x729d6	8	8	fcn.000729ce	native_stub_000729ce_fcn_000729ce	r2_discovered	1	2	0	98	0	0	1	0	0	fcn.000729ce (int64_t arg1);
.text	0x72a14	0x72a24	16	16	fcn.00072a14	native_stub_00072a14_fcn_00072a14	r2_discovered	1	4	1	1	0	0	1	0	0	fcn.00072a14 (int64_t arg1);
.text	0x72a24	0x72a53	47	47	fcn.00072a24	native_stub_00072a24_fcn_00072a24	r2_discovered	1	12	0	1	2	0	1	8	0	fcn.00072a24 (int64_t arg1);
.text	0x72a54	0x72a62	14	14	fcn.00072a54	native_stub_00072a54_fcn_00072a54	r2_discovered	3	4	3	1	0	0	1	0	0	fcn.00072a54 (uint32_t arg1);
.text	0x72b18	0x72b9f	135	135	fcn.00072b18	native_stub_00072b18_fcn_00072b18	r2_discovered	5	38	5	8	5	1	1	40	0	fcn.00072b18 (int64_t arg1);
.text	0x72ba0	0x72bbc	28	28	fcn.00072ba0	native_stub_00072ba0_fcn_00072ba0	r2_discovered	3	10	3	1	1	0	1	8	0	fcn.00072ba0 (int64_t arg1);
.text	0x72c22	0x72c32	16	16	fcn.00072c22	native_stub_00072c22_fcn_00072c22	r2_discovered	1	7	1	1	1	0	1	8	0	fcn.00072c22 (int64_t arg1);
.text	0x72c32	0x72c6b	57	57	fcn.00072c32	native_stub_00072c32_fcn_00072c32	r2_discovered	2	16	1	2	3	0	1	0	0	fcn.00072c32 (int64_t arg1);
.text	0x72dce	0x72dd3	5	5	fcn.00072dce	native_stub_00072dce_fcn_00072dce	r2_discovered	1	2	0	1	0	0	1	0	0	fcn.00072dce (int64_t arg1);
.text	0x72e54	0x72e5d	9	9	fcn.00072e54	native_stub_00072e54_fcn_00072e54	r2_discovered	1	4	0	2	0	0	1	0	0	fcn.00072e54 (int64_t arg1);
.text	0x7343e	0x73478	58	58	fcn.0007343e	native_stub_0007343e_fcn_0007343e	r2_discovered	1	15	0	2	5	0	1	8	0	fcn.0007343e (int64_t arg1);
.text	0x7368a	0x736db	81	81	fcn.0007368a	native_stub_0007368a_fcn_0007368a	r2_discovered	1	21	0	4	0	0	2	0	0	fcn.0007368a (int64_t arg1, int64_t arg2);
.text	0x74b41	0x74b7e	61	61	fcn.00074b41	native_stub_00074b41_fcn_00074b41	r2_discovered	3	17	2	1	1	0	2	0	0	fcn.00074b41 (int64_t arg_ch, int64_t canary);
.text	0x752b0	0x75411	353	353	fcn.000752b0	native_stub_000752b0_fcn_000752b0	r2_discovered	15	96	21	7	15	3	2	40	0	fcn.000752b0 (int64_t arg1, int64_t arg2);
.text	0x75db0	0x75db4	4	4	fcn.00075db0	native_stub_00075db0_fcn_00075db0	r2_discovered	1	2	0	1	0	0	1	0	0	fcn.00075db0 (int64_t arg1);
.text	0x75db4	0x75db8	4	4	fcn.00075db4	native_stub_00075db4_fcn_00075db4	r2_discovered	1	2	0	1	0	0	1	0	0	fcn.00075db4 (int64_t arg1);
.text	0x75db8	0x75dbc	4	4	fcn.00075db8	native_stub_00075db8_fcn_00075db8	r2_discovered	1	2	0	1	0	0	1	0	0	fcn.00075db8 (int64_t arg1);
.text	0x75dbc	0x75dc0	4	4	fcn.00075dbc	native_stub_00075dbc_fcn_00075dbc	r2_discovered	1	2	0	1	0	0	1	0	0	fcn.00075dbc (int64_t arg1);
.text	0x75dc0	0x75dc4	4	4	fcn.00075dc0	native_stub_00075dc0_fcn_00075dc0	r2_discovered	1	2	0	1	0	0	1	0	0	fcn.00075dc0 (int64_t arg1);
.text	0x76e22	0x76e33	17	17	fcn.00076e22	native_stub_00076e22_fcn_00076e22	r2_discovered	1	4	0	3	0	0	1	0	0	fcn.00076e22 (int64_t arg1);
.text	0x76e68	0x76ede	118	118	fcn.00076e68	native_stub_00076e68_fcn_00076e68	r2_discovered	8	29	11	2	2	0	2	8	0	fcn.00076e68 (uint32_t arg1, uint32_t arg2);
.text	0x76ede	0x76f49	107	107	fcn.00076ede	native_stub_00076ede_fcn_00076ede	r2_discovered	6	36	7	1	4	0	2	40	0	fcn.00076ede (uint32_t arg1, int64_t arg2);
.text	0x76f4a	0x76f8e	68	68	fcn.00076f4a	native_stub_00076f4a_fcn_00076f4a	r2_discovered	3	24	3	1	3	0	2	24	0	fcn.00076f4a (int64_t arg1, int64_t arg2);
.text	0x772a6	0x772f8	82	82	fcn.000772a6	native_stub_000772a6_fcn_000772a6	r2_discovered	4	25	4	2	2	0	1	24	0	fcn.000772a6 (int64_t arg1);
.text	0x772f8	0x773af	183	183	fcn.000772f8	native_stub_000772f8_fcn_000772f8	r2_discovered	8	60	10	2	2	0	4	56	0	fcn.000772f8 (int64_t arg1, int64_t arg2, int64_t arg3, int64_t arg4);
.text	0x773b0	0x77429	121	121	fcn.000773b0	native_stub_000773b0_fcn_000773b0	r2_discovered	9	46	14	3	1	0	4	56	0	fcn.000773b0 (int64_t arg1, int64_t arg2, int64_t arg3, int64_t arg4);
.text	0x7742a	0x77502	216	216	fcn.0007742a	native_stub_0007742a_fcn_0007742a	r2_discovered	15	68	20	2	3	0	2	40	0	fcn.0007742a (int64_t arg1, int64_t arg2);
.text	0x7826e	0x7834c	222	222	fcn.0007826e	native_stub_0007826e_fcn_0007826e	r2_discovered	15	59	20	8	3	1	3	56	0	fcn.0007826e (int64_t arg1, int64_t arg2, uint32_t arg3);
.text	0x78364	0x7836c	8	8	fcn.00078364	native_stub_00078364_fcn_00078364	r2_discovered	1	3	0	1	0	0	1	0	0	fcn.00078364 (uint32_t arg1);
.text	0xbd2a0	0xbd36d	205	205	fcn.000bd2a0	native_stub_000bd2a0_fcn_000bd2a0	r2_discovered	1	43	0	1	0	0	4	0	0	fcn.000bd2a0 (int64_t arg1, int64_t arg2, int64_t arg3, int64_t arg5);
.text	0xc2f86	0xc3406	1152	1152	fcn.000c2f86	native_stub_000c2f86_fcn_000c2f86	r2_discovered	13	250	18	1	0	1	2	8	0	fcn.000c2f86 (int64_t arg4, int64_t arg6);
.text	0xcc5a1	0xcdac9	5416	5416	fcn.000cc5a1	native_stub_000cc5a1_fcn_000cc5a1	r2_discovered	9	1314	11	1	0	22	9	264	0	fcn.000cc5a1 (int64_t arg1, int64_t arg2, int64_t arg3, int64_t arg4, int64_t arg5, int64_t arg6, int64_t arg_90h, int64_t arg_78h_2, int64_t arg_78h);
.text	0xe50f4	0xe519c	168	168	fcn.000e50f4	native_stub_000e50f4_fcn_000e50f4	r2_discovered	1	45	1	1	0	0	4	8	0	fcn.000e50f4 (int64_t arg3, int64_t arg_10h, int64_t arg_10h_2, int64_t arg_20h);
.text	0xfeebc	0xfefee	306	306	fcn.000feebc	native_stub_000feebc_fcn_000feebc	r2_discovered	1	85	1	1	0	2	5	40	0	fcn.000feebc (int64_t arg4, int64_t arg6, int64_t arg_8h, int64_t arg_20h_2, int64_t arg_20h);
.text	0x104c68	0x104c78	16	16	fcn.00104c68	native_stub_00104c68_fcn_00104c68	r2_discovered	1	6	0	1	0	0	1	0	0	fcn.00104c68 (int64_t arg1);
.text	0x1060ab	0x1061bf	276	276	fcn.001060ab	native_stub_001060ab_fcn_001060ab	r2_discovered	1	78	1	0	0	1	6	32	0	fcn.001060ab (int64_t arg2, int64_t arg3, int64_t arg5, int64_t arg_10h, int64_t arg_8h, int64_t arg_20h);
.text	0x119b8e	0x119bc1	46	51	fcn.00119b8e	native_stub_00119b8e_fcn_00119b8e	r2_discovered	4	15	4	1	0	0	4	16	0	fcn.00119b8e (int64_t arg1, int64_t arg2, int64_t arg3, int64_t arg4);
.text	0x11c52d	0x11c546	25	25	fcn.0011c52d	native_stub_0011c52d_fcn_0011c52d	r2_discovered	1	6	0	1	0	0	1	8	0	fcn.0011c52d (int64_t arg2);
.text	0x126851	0x1268dc	139	139	fcn.00126851	native_stub_00126851_fcn_00126851	r2_discovered	1	41	1	1	0	0	6	0	0	fcn.00126851 (int64_t arg1, int64_t arg3, int64_t arg4, int64_t arg_8h, int64_t arg_10h, int64_t arg_20h);
.text	0x1300d5	0x13010e	57	57	fcn.001300d5	native_stub_001300d5_fcn_001300d5	r2_discovered	5	16	5	1	0	0	3	0	0	fcn.001300d5 (int64_t arg1, int64_t arg2, int64_t arg4);
.text	0x13158d	0x1315a5	24	24	fcn.0013158d	native_stub_0013158d_fcn_0013158d	r2_discovered	1	5	0	1	0	0	2	0	0	fcn.0013158d (int64_t arg2, int64_t arg3);
.text	0x134781	0x1347a4	35	35	fcn.00134781	native_stub_00134781_fcn_00134781	r2_discovered	1	7	0	1	0	0	1	8	0	fcn.00134781 (int64_t arg2);
.text	0x13a7f8	0x13a809	17	17	fcn.0013a7f8	native_stub_0013a7f8_fcn_0013a7f8	r2_discovered	1	5	0	1	0	0	0	0	0	fcn.0013a7f8 ();
.text	0x13c266	0x13c268	2	2	fcn.0013c266	native_stub_0013c266_fcn_0013c266	r2_discovered	1	2	0	1	0	0	0	0	0	fcn.0013c266 ();
.text	0x140711	0x140713	2	2	fcn.00140711	native_stub_00140711_fcn_00140711	r2_discovered	1	2	0	1	0	0	2	0	0	fcn.00140711 (int64_t arg1, int64_t arg2);
.text	0x15be73	0x15beec	121	121	fcn.0015be73	native_stub_0015be73_fcn_0015be73	r2_discovered	1	34	1	1	0	0	3	8	0	fcn.0015be73 (int64_t arg1, int64_t arg_10h, int64_t arg_20h);
.text	0x15f1f0	0x15f200	16	16	fcn.0015f1f0	native_stub_0015f1f0_fcn_0015f1f0	r2_discovered	1	5	0	1	0	0	0	0	0	fcn.0015f1f0 ();
.text	0x161df6	0x161eaa	178	180	fcn.00161df6	native_stub_00161df6_fcn_00161df6	r2_discovered	4	46	5	1	0	0	5	8	0	fcn.00161df6 (int64_t arg4, int64_t arg5, int64_t arg6, int64_t arg_10h, int64_t arg_20h);
.text	0x1a1fa3	0x1a203d	154	154	fcn.001a1fa3	native_stub_001a1fa3_fcn_001a1fa3	r2_discovered	1	41	1	1	0	0	4	24	0	fcn.001a1fa3 (int64_t arg2, int64_t arg4, int64_t arg_10h, int64_t arg_20h);
.text	0x1a3e94	0x1a3fa9	277	277	fcn.001a3e94	native_stub_001a3e94_fcn_001a3e94	r2_discovered	1	81	1	1	0	3	5	40	0	fcn.001a3e94 (int64_t arg1, int64_t arg2, int64_t arg_10h, int64_t arg_8h_2, int64_t arg_8h);
.text	0x1a4638	0x1a46bb	131	131	fcn.001a4638	native_stub_001a4638_fcn_001a4638	r2_discovered	1	35	1	0	0	0	4	0	0	fcn.001a4638 (int64_t arg3, int64_t arg5, int64_t arg_10h, int64_t arg_20h);
.text	0x1a7ffe	0x1a80bb	189	189	fcn.001a7ffe	native_stub_001a7ffe_fcn_001a7ffe	r2_discovered	1	53	1	1	0	0	5	8	0	fcn.001a7ffe (int64_t arg3, int64_t arg6, int64_t arg_8h, int64_t arg_10h, int64_t arg_20h);
.text	0x1aaadd	0x1aab1c	60	63	fcn.001aaadd	native_stub_001aaadd_fcn_001aaadd	r2_discovered	3	24	2	1	0	1	0	0	0	fcn.001aaadd ();
.text	0x1acd1b	0x1acd1e	3	3	fcn.001acd1b	native_stub_001acd1b_fcn_001acd1b	r2_discovered	1	2	0	1	0	0	1	0	0	fcn.001acd1b (int64_t arg1);
.text	0x1aebf9	0x1aec5a	97	97	fcn.001aebf9	native_stub_001aebf9_fcn_001aebf9	r2_discovered	7	34	7	1	0	0	3	0	0	fcn.001aebf9 (int64_t arg1, int64_t arg2, int64_t arg4);
.text	0x1b07a5	0x1b07ce	41	41	fcn.001b07a5	native_stub_001b07a5_fcn_001b07a5	r2_discovered	5	15	4	1	0	0	2	16	0	fcn.001b07a5 (int64_t arg1, int64_t arg2);
.text	0x1c0b59	0x1c0b7d	36	36	fcn.001c0b59	native_stub_001c0b59_fcn_001c0b59	r2_discovered	3	13	2	1	0	0	0	8	0	fcn.001c0b59 ();
.text	0x1c5750	0x1c5755	5	5	fcn.001c5750	native_stub_001c5750_fcn_001c5750	r2_discovered	1	1	0	1	0	0	0	0	0	fcn.001c5750 ();
.text	0x1cbf51	0x1cc001	176	176	fcn.001cbf51	native_stub_001cbf51_fcn_001cbf51	r2_discovered	2	51	2	1	1	11	12	120	0	fcn.001cbf51 (int64_t arg1, int64_t arg2, int64_t arg3, int64_t arg4, int64_t arg5, int64_t arg6, int64_t arg_8h_2, int64_t arg_8h, int64_t arg_10h, int64_t arg_10h_2, int64_t arg_78h, int64_t arg_20h);
.text	0x1d1223	0x1d125a	55	55	fcn.001d1223	native_stub_001d1223_fcn_001d1223	r2_discovered	3	17	2	1	0	0	4	0	0	fcn.001d1223 (int64_t arg1, int64_t arg2, int64_t arg3, int64_t arg4);
.text	0x1e05a8	0x1e05ab	3	3	fcn.001e05a8	native_stub_001e05a8_fcn_001e05a8	r2_discovered	1	2	0	1	0	0	0	0	0	fcn.001e05a8 ();
.text	0x1e15fc	0x1e16e8	234	236	fcn.001e15fc	native_stub_001e15fc_fcn_001e15fc	r2_discovered	4	66	5	1	0	1	9	24	0	fcn.001e15fc (int64_t arg1, int64_t arg2, int64_t arg5, int64_t arg_10h_3, int64_t arg_10h_4, int64_t arg_10h, int64_t arg_10h_2, int64_t arg_20h, int64_t arg_20h_2);
.text	0x1f5d10	0x1f5e08	248	248	fcn.001f5d10	native_stub_001f5d10_fcn_001f5d10	r2_discovered	1	66	1	1	0	2	5	32	0	fcn.001f5d10 (int64_t arg4, int64_t arg_10h, int64_t arg_10h_2, int64_t arg_20h, int64_t arg_20h_2);
.text	0x1f7607	0x1f760a	3	3	int.001f7607	native_stub_001f7607_int_001f7607	native_discovered	1	3	0	1	0	0	0	0	0	int.001f7607 ();
.text	0x1fa01f	0x1fa026	7	7	fcn.001fa01f	native_stub_001fa01f_fcn_001fa01f	r2_discovered	1	4	0	1	0	0	0	8	0	fcn.001fa01f ();
.text	0x1faa2a	0x1faa34	10	10	fcn.001faa2a	native_stub_001faa2a_fcn_001faa2a	r2_discovered	1	4	0	1	0	0	2	0	0	fcn.001faa2a (int64_t arg1, int64_t arg2);
.text	0x20792d	0x20799e	113	113	fcn.0020792d	native_stub_0020792d_fcn_0020792d	r2_discovered	13	41	14	1	0	1	4	0	0	fcn.0020792d (int64_t arg1, int64_t arg2, int64_t arg3, int64_t arg4);
.text	0x20ce34	0x20ce40	12	12	fcn.0020ce34	native_stub_0020ce34_fcn_0020ce34	r2_discovered	1	3	0	1	0	0	0	0	0	fcn.0020ce34 ();
.text	0x20fa39	0x20fa42	9	9	fcn.0020fa39	native_stub_0020fa39_fcn_0020fa39	r2_discovered	1	3	0	1	0	0	0	0	0	fcn.0020fa39 ();
.text	0x212399	0x212547	430	430	fcn.00212399	native_stub_00212399_fcn_00212399	r2_discovered	1	118	1	1	0	2	8	48	0	fcn.00212399 (int64_t arg1, int64_t arg2, int64_t arg3, int64_t arg4, int64_t arg5, int64_t arg6, int64_t arg_20h_2, int64_t arg_20h);
.text	0x2139db	0x213a33	88	88	fcn.002139db	native_stub_002139db_fcn_002139db	r2_discovered	1	27	1	1	0	0	4	8	0	fcn.002139db (int64_t arg3, int64_t arg4, int64_t arg_10h, int64_t arg_20h);
.text	0x217fac	0x218066	186	186	fcn.00217fac	native_stub_00217fac_fcn_00217fac	r2_discovered	1	52	1	1	0	1	7	16	0	fcn.00217fac (int64_t arg1, int64_t arg4, int64_t arg5, int64_t arg6, int64_t arg_10h, int64_t arg_18h, int64_t arg_20h);
.text	0x23d8b8	0x23d8c9	17	17	fcn.0023d8b8	native_stub_0023d8b8_fcn_0023d8b8	r2_discovered	1	3	0	1	0	0	0	0	0	fcn.0023d8b8 ();
.text	0x23fa28	0x23fa34	12	12	fcn.0023fa28	native_stub_0023fa28_fcn_0023fa28	r2_discovered	3	7	2	1	0	0	1	0	0	fcn.0023fa28 (int64_t arg4);
.text	0x240a05	0x240a18	19	19	fcn.00240a05	native_stub_00240a05_fcn_00240a05	r2_discovered	3	6	2	1	0	0	3	0	0	fcn.00240a05 (int64_t arg1, uint32_t arg3, int64_t arg4);
.text	0x248752	0x24877d	43	43	fcn.00248752	native_stub_00248752_fcn_00248752	r2_discovered	1	12	1	1	0	0	1	8	0	fcn.00248752 (int64_t arg5);
.text	0x24da7f	0x24db08	130	137	fcn.0024da7f	native_stub_0024da7f_fcn_0024da7f	r2_discovered	9	36	10	1	0	0	1	8	0	fcn.0024da7f (int64_t arg2);
.text	0x24dc60	0x24dcbc	92	92	fcn.0024dc60	native_stub_0024dc60_fcn_0024dc60	r2_discovered	1	28	1	1	0	0	3	0	0	fcn.0024dc60 (int64_t arg4, int64_t arg_8h, int64_t arg_20h);
.text	0x254abd	0x254ac2	5	5	fcn.00254abd	native_stub_00254abd_fcn_00254abd	r2_discovered	1	3	0	1	0	0	0	0	0	fcn.00254abd ();
.text	0x26a821	0x26a824	3	3	fcn.0026a821	native_stub_0026a821_fcn_0026a821	r2_discovered	1	2	0	1	0	0	1	0	0	fcn.0026a821 (int64_t arg4);
.text	0x26ee18	0x26ee41	41	41	fcn.0026ee18	native_stub_0026ee18_fcn_0026ee18	r2_discovered	3	15	2	1	0	0	3	0	0	fcn.0026ee18 (int64_t arg1, int64_t arg3, int64_t arg4);
.text	0x27cb8e	0x27cb9f	17	17	fcn.0027cb8e	native_stub_0027cb8e_fcn_0027cb8e	r2_discovered	1	6	0	1	0	0	0	0	0	fcn.0027cb8e ();
.text	0x27f2ea	0x27f2ee	4	4	fcn.0027f2ea	native_stub_0027f2ea_fcn_0027f2ea	r2_discovered	1	3	0	1	0	0	0	0	0	fcn.0027f2ea ();
.text	0x28494c	0x28496e	34	34	int.0028494c	native_stub_0028494c_int_0028494c	native_discovered	1	14	0	1	0	0	0	0	0	int.0028494c (uint32_t arg1, int64_t arg2);
.text	0x286264	0x2862cb	96	103	fcn.00286264	native_stub_00286264_fcn_00286264	r2_discovered	5	32	6	1	0	0	2	8	0	fcn.00286264 (uint32_t arg1, int64_t arg2);
.text	0x28cb6f	0x28cc4c	221	221	fcn.0028cb6f	native_stub_0028cb6f_fcn_0028cb6f	r2_discovered	1	64	1	1	0	0	4	40	0	fcn.0028cb6f (int64_t arg1, int64_t arg_8h, int64_t arg_20h_2, int64_t arg_20h);
.text	0x2914ea	0x29151f	53	53	fcn.002914ea	native_stub_002914ea_fcn_002914ea	r2_discovered	1	15	1	1	0	0	6	8	0	fcn.002914ea (int64_t arg1, int64_t arg2, int64_t arg3, int64_t arg4, int64_t arg5, int64_t arg6);
.text	0x29589d	0x2958b8	27	27	fcn.0029589d	native_stub_0029589d_fcn_0029589d	r2_discovered	1	6	0	1	0	0	0	0	0	fcn.0029589d ();
.text	0x2961e3	0x2962a8	197	197	fcn.002961e3	native_stub_002961e3_fcn_002961e3	r2_discovered	7	59	8	1	0	1	4	16	0	fcn.002961e3 (uint32_t arg1, int64_t arg2, uint32_t arg3, int64_t arg4);
.text	0x2970b7	0x2970c9	18	18	fcn.002970b7	native_stub_002970b7_fcn_002970b7	r2_discovered	3	10	2	1	0	0	3	0	0	fcn.002970b7 (int64_t arg1, int64_t arg2, int64_t arg3);
.text	0x29c26e	0x29c2bf	81	81	fcn.0029c26e	native_stub_0029c26e_fcn_0029c26e	r2_discovered	3	21	2	1	0	0	2	24	0	fcn.0029c26e (int64_t arg2, int64_t arg3);
.text	0x2a04ec	0x2a0519	45	45	fcn.002a04ec	native_stub_002a04ec_fcn_002a04ec	r2_discovered	1	16	0	1	0	0	1	16	0	fcn.002a04ec (int64_t arg3);
.text	0x2a468f	0x2a46b1	34	34	fcn.002a468f	native_stub_002a468f_fcn_002a468f	r2_discovered	3	13	2	1	0	0	2	8	0	fcn.002a468f (int64_t arg1, int64_t arg5);
.text	0x2a496d	0x2a4975	8	8	fcn.002a496d	native_stub_002a496d_fcn_002a496d	r2_discovered	1	5	0	1	0	0	0	8	0	fcn.002a496d ();
.text	0x2b9f30	0x2b9fa9	121	121	int.002b9f30	native_stub_002b9f30_int_002b9f30	native_discovered	9	45	8	1	0	0	0	0	0	int.002b9f30 (int64_t arg2);
.text	0x2be60e	0x2be668	90	90	fcn.002be60e	native_stub_002be60e_fcn_002be60e	r2_discovered	4	29	4	1	0	0	1	8	0	fcn.002be60e (int64_t arg4);
.text	0x2bedfb	0x2bee00	5	5	fcn.002bedfb	native_stub_002bedfb_fcn_002bedfb	r2_discovered	1	3	0	1	0	0	1	0	0	fcn.002bedfb (int64_t arg1);
.text	0x2c342b	0x2c34b3	136	136	fcn.002c342b	native_stub_002c342b_fcn_002c342b	r2_discovered	1	40	1	1	0	1	4	24	0	fcn.002c342b (int64_t arg1, int64_t arg4, int64_t arg_10h, int64_t arg_28h);
.text	0x2c39c6	0x2c3a4e	136	136	fcn.002c39c6	native_stub_002c39c6_fcn_002c39c6	r2_discovered	1	42	1	1	0	1	4	16	0	fcn.002c39c6 (int64_t arg6, int64_t arg_10h, int64_t arg_10h_2, int64_t arg_20h);
.text	0x2c4fc5	0x2c5064	159	159	fcn.002c4fc5	native_stub_002c4fc5_fcn_002c4fc5	r2_discovered	1	45	1	1	0	1	4	24	0	fcn.002c4fc5 (int64_t arg6, int64_t arg_10h, int64_t arg_10h_2, int64_t arg_28h);
.text	0x2c7675	0x2c7707	146	146	fcn.002c7675	native_stub_002c7675_fcn_002c7675	r2_discovered	1	45	1	1	0	0	3	24	0	fcn.002c7675 (int64_t arg_10h_2, int64_t arg_10h, int64_t arg_20h);
.text	0x2d7efd	0x2d7f16	25	25	fcn.002d7efd	native_stub_002d7efd_fcn_002d7efd	r2_discovered	1	13	0	1	0	0	3	8	0	fcn.002d7efd (uint32_t arg1, int64_t arg2, int64_t arg6);
.text	0x2d9584	0x2d959d	25	25	fcn.002d9584	native_stub_002d9584_fcn_002d9584	r2_discovered	1	13	0	1	0	0	0	0	0	fcn.002d9584 ();
.text	0x2da6fc	0x2da780	132	132	fcn.002da6fc	native_stub_002da6fc_fcn_002da6fc	r2_discovered	10	44	12	1	0	0	4	8	0	fcn.002da6fc (int64_t arg1, int64_t arg2, int64_t arg3, int64_t arg4);
.text	0x2db70a	0x2db70e	4	4	fcn.002db70a	native_stub_002db70a_fcn_002db70a	r2_discovered	1	3	0	1	0	0	0	0	0	fcn.002db70a ();
.text	0x2e117a	0x2e119b	33	33	fcn.002e117a	native_stub_002e117a_fcn_002e117a	r2_discovered	1	11	0	1	0	0	3	0	0	fcn.002e117a (int64_t arg2, int64_t arg3, int64_t arg4);
.text	0x2e2fee	0x2e301e	48	48	fcn.002e2fee	native_stub_002e2fee_fcn_002e2fee	r2_discovered	1	18	0	1	0	0	2	0	0	fcn.002e2fee (int64_t arg1, uint32_t arg2);
.text	0x307093	0x3070af	28	28	fcn.00307093	native_stub_00307093_fcn_00307093	r2_discovered	1	7	1	1	0	0	0	0	0	fcn.00307093 ();
.text	0x309106	0x30911d	23	23	fcn.00309106	native_stub_00309106_fcn_00309106	r2_discovered	1	8	0	1	0	0	2	0	0	fcn.00309106 (int64_t arg2, int64_t arg_6dh);
.text	0x30bdcd	0x30bdd1	4	4	fcn.0030bdcd	native_stub_0030bdcd_fcn_0030bdcd	r2_discovered	1	4	0	1	0	0	0	0	0	fcn.0030bdcd ();
.text	0x30d540	0x30d658	280	280	fcn.0030d540	native_stub_0030d540_fcn_0030d540	r2_discovered	1	78	1	1	0	0	7	16	0	fcn.0030d540 (int64_t arg2, int64_t arg3, int64_t arg_8h_2, int64_t arg_8h, int64_t arg_10h, int64_t arg_20h, int64_t arg_28h);
.text	0x30ea80	0x30eabb	59	59	fcn.0030ea80	native_stub_0030ea80_fcn_0030ea80	r2_discovered	5	19	4	1	0	0	0	0	0	fcn.0030ea80 ();
.text	0x3275b6	0x327655	159	159	fcn.003275b6	native_stub_003275b6_fcn_003275b6	r2_discovered	1	44	1	1	0	0	4	0	0	fcn.003275b6 (int64_t arg4, int64_t arg5, int64_t arg_10h, int64_t arg_20h);
.text	0x32e8e4	0x32e91e	58	58	fcn.0032e8e4	native_stub_0032e8e4_fcn_0032e8e4	r2_discovered	1	20	0	1	0	0	3	24	0	fcn.0032e8e4 (int64_t arg1, int64_t arg3, int64_t arg4);
.text	0x32f88d	0x32f90d	128	128	fcn.0032f88d	native_stub_0032f88d_fcn_0032f88d	r2_discovered	1	34	1	1	0	0	3	24	0	fcn.0032f88d (int64_t arg1, int64_t arg3, int64_t arg6);
.text	0x330190	0x330223	147	147	fcn.00330190	native_stub_00330190_fcn_00330190	r2_discovered	1	40	1	1	0	0	3	24	0	fcn.00330190 (int64_t arg1, int64_t arg4, int64_t arg_20h);
.text	0x3364f8	0x33650c	20	20	fcn.003364f8	native_stub_003364f8_fcn_003364f8	r2_discovered	1	4	0	1	0	0	0	0	0	fcn.003364f8 ();
.text	0x33b1f2	0x33b34b	345	345	fcn.0033b1f2	native_stub_0033b1f2_fcn_0033b1f2	r2_discovered	1	98	1	1	0	0	8	24	0	fcn.0033b1f2 (int64_t arg1, int64_t arg2, int64_t arg3, int64_t arg5, int64_t arg_10h, int64_t arg_10h_2, int64_t arg_20h, int64_t arg_20h_2);
.text	0x33cb73	0x33cb79	6	6	fcn.0033cb73	native_stub_0033cb73_fcn_0033cb73	r2_discovered	1	2	0	1	0	0	0	0	0	fcn.0033cb73 ();
.text	0x33d1ae	0x33d1c0	18	18	fcn.0033d1ae	native_stub_0033d1ae_fcn_0033d1ae	r2_discovered	1	6	0	1	0	0	2	0	0	fcn.0033d1ae (int64_t arg1, int64_t arg2);
.text	0x343193	0x3431d8	69	69	fcn.00343193	native_stub_00343193_fcn_00343193	r2_discovered	5	25	4	1	0	0	0	0	0	fcn.00343193 ();
.text	0x34abc6	0x34abe6	32	32	fcn.0034abc6	native_stub_0034abc6_fcn_0034abc6	r2_discovered	1	9	0	1	0	0	1	8	0	fcn.0034abc6 (uint32_t arg1);
.text	0x34d253	0x34d285	50	50	fcn.0034d253	native_stub_0034d253_fcn_0034d253	r2_discovered	6	21	6	1	0	0	3	8	0	fcn.0034d253 (int64_t arg1, int64_t arg2, int64_t arg4);
.text	0x35033a	0x35033e	4	4	fcn.0035033a	native_stub_0035033a_fcn_0035033a	r2_discovered	1	2	0	1	0	0	1	0	0	fcn.0035033a (int64_t arg_fh);
.text	0x3513ff	0x35148a	139	139	fcn.003513ff	native_stub_003513ff_fcn_003513ff	r2_discovered	1	41	1	1	0	0	6	8	0	fcn.003513ff (int64_t arg4, int64_t arg5, int64_t arg6, int64_t arg_8h, int64_t arg_10h, int64_t arg_28h);
.text	0x358a24	0x358a45	33	33	fcn.00358a24	native_stub_00358a24_fcn_00358a24	r2_discovered	1	11	0	1	0	0	3	0	0	fcn.00358a24 (int64_t arg1, int64_t arg3, int64_t arg4);
.text	0x35bc7b	0x35bc8a	15	15	fcn.0035bc7b	native_stub_0035bc7b_fcn_0035bc7b	r2_discovered	1	4	1	1	0	0	1	0	0	fcn.0035bc7b (int64_t arg3);
.text	0x35ea08	0x35ea21	25	25	fcn.0035ea08	native_stub_0035ea08_fcn_0035ea08	r2_discovered	5	13	4	1	0	0	2	0	0	fcn.0035ea08 (uint32_t arg1, uint32_t arg2);
.text	0x35f5bc	0x35f5be	2	2	fcn.0035f5bc	native_stub_0035f5bc_fcn_0035f5bc	r2_discovered	1	2	0	1	0	0	0	0	0	fcn.0035f5bc ();
.text	0x3650ab	0x3650b6	11	11	fcn.003650ab	native_stub_003650ab_fcn_003650ab	r2_discovered	1	5	0	1	0	0	2	16	0	fcn.003650ab (int64_t arg2, int64_t arg3);
.text	0x368588	0x36859e	22	22	fcn.00368588	native_stub_00368588_fcn_00368588	r2_discovered	1	7	0	1	0	0	0	0	0	fcn.00368588 ();
.text	0x374d29	0x374d6a	65	65	fcn.00374d29	native_stub_00374d29_fcn_00374d29	r2_discovered	1	18	1	1	0	0	3	0	0	fcn.00374d29 (int64_t arg1, int64_t arg4, int64_t arg_8h);
.text	0x37a6c8	0x37a6ca	2	2	fcn.0037a6c8	native_stub_0037a6c8_fcn_0037a6c8	r2_discovered	1	2	0	1	0	0	0	0	0	fcn.0037a6c8 ();
.text	0x37cb28	0x37cb30	8	8	fcn.0037cb28	native_stub_0037cb28_fcn_0037cb28	r2_discovered	1	3	0	1	0	0	0	0	0	fcn.0037cb28 ();
.text	0x386394	0x3863a8	20	20	fcn.00386394	native_stub_00386394_fcn_00386394	r2_discovered	1	4	1	1	0	0	6	0	0	fcn.00386394 (int64_t arg1, int64_t arg2, int64_t arg3, int64_t arg4, int64_t arg5, int64_t arg6);
.text	0x38c897	0x38c8a0	9	9	fcn.0038c897	native_stub_0038c897_fcn_0038c897	r2_discovered	1	3	0	1	0	0	0	0	0	fcn.0038c897 ();
.text	0x392091	0x39209e	13	13	fcn.00392091	native_stub_00392091_fcn_00392091	r2_discovered	1	7	0	1	0	0	2	0	0	fcn.00392091 (int64_t arg2, int64_t arg4);
.text	0x392b45	0x392bcb	134	134	fcn.00392b45	native_stub_00392b45_fcn_00392b45	r2_discovered	7	45	6	1	0	0	1	8	0	fcn.00392b45 (int64_t arg2);
.text	0x3949d5	0x3949e1	12	12	fcn.003949d5	native_stub_003949d5_fcn_003949d5	r2_discovered	1	4	0	1	0	0	1	0	0	fcn.003949d5 (int64_t arg4);
.text	0x398978	0x3989b1	57	57	fcn.00398978	native_stub_00398978_fcn_00398978	r2_discovered	5	20	4	1	0	0	2	0	0	fcn.00398978 (int64_t arg2, int64_t arg4);
.text	0x39db0e	0x39db14	6	6	fcn.0039db0e	native_stub_0039db0e_fcn_0039db0e	r2_discovered	1	2	0	1	0	0	0	0	0	fcn.0039db0e ();
.text	0x3a262e	0x3a2739	267	267	fcn.003a262e	native_stub_003a262e_fcn_003a262e	r2_discovered	1	71	1	1	0	1	6	56	0	fcn.003a262e (int64_t arg1, int64_t arg2, int64_t arg4, int64_t arg_10h, int64_t arg_8h, int64_t arg_20h);
.text	0x3a8871	0x3a88ad	60	60	fcn.003a8871	native_stub_003a8871_fcn_003a8871	r2_discovered	1	18	1	1	0	0	1	8	0	fcn.003a8871 (int64_t arg4);
.text	0x3a940e	0x3a9474	102	102	fcn.003a940e	native_stub_003a940e_fcn_003a940e	r2_discovered	10	32	10	1	0	0	3	0	0	fcn.003a940e (signed int64_t arg1, int64_t arg2, int64_t arg4);
.text	0x3aa011	0x3aa015	4	4	fcn.003aa011	native_stub_003aa011_fcn_003aa011	r2_discovered	1	2	0	1	0	0	1	0	0	fcn.003aa011 (int64_t arg1);
.text	0x3b24aa	0x3b24b4	10	10	fcn.003b24aa	native_stub_003b24aa_fcn_003b24aa	r2_discovered	1	5	0	1	0	0	1	0	0	fcn.003b24aa (int64_t arg2);
.text	0x3b3b9d	0x3b3ba4	7	7	fcn.003b3b9d	native_stub_003b3b9d_fcn_003b3b9d	r2_discovered	1	3	0	1	0	0	0	0	0	fcn.003b3b9d ();
.text	0x3b52bf	0x3b52c9	10	10	fcn.003b52bf	native_stub_003b52bf_fcn_003b52bf	r2_discovered	1	4	0	1	0	0	0	0	0	fcn.003b52bf ();
.text	0x3b85a9	0x3b85b0	7	7	fcn.003b85a9	native_stub_003b85a9_fcn_003b85a9	r2_discovered	1	2	0	1	0	0	0	0	0	fcn.003b85a9 ();
.text	0x3b8e4b	0x3b8e59	14	14	fcn.003b8e4b	native_stub_003b8e4b_fcn_003b8e4b	r2_discovered	1	5	0	1	0	0	0	0	0	fcn.003b8e4b ();
.text	0x3bc0e4	0x3bc1b5	209	209	fcn.003bc0e4	native_stub_003bc0e4_fcn_003bc0e4	r2_discovered	1	59	1	1	0	0	6	16	0	fcn.003bc0e4 (int64_t arg1, int64_t arg3, int64_t arg6, int64_t arg_8h, int64_t arg_18h, int64_t arg_20h);
.text	0x3c09b1	0x3c09dd	44	44	fcn.003c09b1	native_stub_003c09b1_fcn_003c09b1	r2_discovered	3	16	2	1	0	0	3	0	0	fcn.003c09b1 (uint32_t arg1, int64_t arg2, int64_t arg4);
.text	0x3c5b46	0x3c5b6a	36	36	fcn.003c5b46	native_stub_003c5b46_fcn_003c5b46	r2_discovered	1	13	0	1	0	0	4	0	0	fcn.003c5b46 (int64_t arg1, int64_t arg2, int64_t arg3, int64_t arg4);
.text	0x3c7677	0x3c7679	2	2	fcn.003c7677	native_stub_003c7677_fcn_003c7677	r2_discovered	1	2	0	1	0	0	0	8	0	fcn.003c7677 ();
.text	0x3cc938	0x3cc9ff	199	199	fcn.003cc938	native_stub_003cc938_fcn_003cc938	r2_discovered	1	56	1	1	0	0	3	8	0	fcn.003cc938 (int64_t arg4, int64_t arg_10h, int64_t arg_20h);
.text	0x3d4a95	0x3d4aa7	18	18	fcn.003d4a95	native_stub_003d4a95_fcn_003d4a95	r2_discovered	1	4	0	1	0	0	0	0	0	fcn.003d4a95 ();
.text	0x3d8b9b	0x3d8bd6	59	59	fcn.003d8b9b	native_stub_003d8b9b_fcn_003d8b9b	r2_discovered	3	18	2	1	0	0	1	0	0	fcn.003d8b9b (int64_t arg1);
.text	0x3d91ad	0x3d91b9	12	12	fcn.003d91ad	native_stub_003d91ad_fcn_003d91ad	r2_discovered	1	5	0	1	0	0	1	8	0	fcn.003d91ad (int64_t arg4);
.text	0x3ddb5d	0x3ddc80	291	291	fcn.003ddb5d	native_stub_003ddb5d_fcn_003ddb5d	r2_discovered	1	80	1	1	0	0	8	24	0	fcn.003ddb5d (int64_t arg1, int64_t arg3, int64_t arg6, int64_t arg_8h_2, int64_t arg_10h, int64_t arg_8h, int64_t arg_20h, int64_t arg_20h_2);
.text	0x3e185b	0x3e1896	45	59	fcn.003e185b	native_stub_003e185b_fcn_003e185b	r2_discovered	6	18	7	1	0	0	5	8	0	fcn.003e185b (uint32_t arg1, int64_t arg2, int64_t arg3, int64_t arg4, int64_t arg5);
.text	0x3ee99a	0x3ee99e	4	4	fcn.003ee99a	native_stub_003ee99a_fcn_003ee99a	r2_discovered	1	2	0	1	0	0	0	0	0	fcn.003ee99a ();
.text	0x3fc6bc	0x3fc6d1	21	21	fcn.003fc6bc	native_stub_003fc6bc_fcn_003fc6bc	r2_discovered	1	8	0	1	0	0	1	8	0	fcn.003fc6bc (int64_t arg3);
.text	0x4065ad	0x4065e5	56	56	fcn.004065ad	native_stub_004065ad_fcn_004065ad	r2_discovered	7	17	6	1	0	0	4	0	0	fcn.004065ad (int64_t arg1, int64_t arg3, int64_t arg4, int64_t arg6);
.text	0x40c488	0x40c4df	87	87	fcn.0040c488	native_stub_0040c488_fcn_0040c488	r2_discovered	8	32	8	1	0	1	4	16	0	fcn.0040c488 (int64_t arg1, int64_t arg2, int64_t arg3, int64_t arg4);
.text	0x40e52b	0x40e542	23	23	fcn.0040e52b	native_stub_0040e52b_fcn_0040e52b	r2_discovered	1	9	0	1	0	0	2	16	0	fcn.0040e52b (int64_t arg1, int64_t arg3);
.text	0x41883d	0x418840	3	3	fcn.0041883d	native_stub_0041883d_fcn_0041883d	r2_discovered	1	3	0	1	0	0	0	0	0	fcn.0041883d ();
.text	0x41cbc6	0x41cbcb	5	5	fcn.0041cbc6	native_stub_0041cbc6_fcn_0041cbc6	r2_discovered	1	3	0	1	0	0	3	0	0	fcn.0041cbc6 (uint32_t arg1, int64_t arg2, int64_t arg4);
.text	0x41e61c	0x41e61f	3	3	fcn.0041e61c	native_stub_0041e61c_fcn_0041e61c	r2_discovered	1	1	0	1	0	0	0	0	0	fcn.0041e61c ();
.text	0x428ce3	0x428d17	52	52	fcn.00428ce3	native_stub_00428ce3_fcn_00428ce3	r2_discovered	1	17	0	1	0	0	5	8	0	fcn.00428ce3 (uint32_t arg1, int64_t arg2, uint32_t arg3, int64_t arg4, int64_t arg_4ah);
.text	0x42be7d	0x42be93	22	22	fcn.0042be7d	native_stub_0042be7d_fcn_0042be7d	r2_discovered	1	7	0	1	0	0	1	8	0	fcn.0042be7d (int64_t arg4);
.text	0x4353f8	0x435467	111	111	fcn.004353f8	native_stub_004353f8_fcn_004353f8	r2_discovered	7	41	6	1	0	0	2	32	0	fcn.004353f8 (int64_t arg1, int64_t arg2);
.text	0x4478f4	0x447925	49	49	fcn.004478f4	native_stub_004478f4_fcn_004478f4	r2_discovered	3	23	2	1	0	0	3	0	0	fcn.004478f4 (int64_t arg1, int64_t arg2, int64_t arg4);
.text	0x44f040	0x44f045	5	5	fcn.0044f040	native_stub_0044f040_fcn_0044f040	r2_discovered	1	3	0	1	0	0	0	0	0	fcn.0044f040 ();
.text	0x44ffd8	0x44ffdf	7	7	fcn.0044ffd8	native_stub_0044ffd8_fcn_0044ffd8	r2_discovered	1	3	0	1	0	0	0	0	0	fcn.0044ffd8 ();
.text	0x4519a6	0x4519e3	61	61	fcn.004519a6	native_stub_004519a6_fcn_004519a6	r2_discovered	8	22	8	1	0	0	4	8	0	fcn.004519a6 (uint32_t arg1, int64_t arg2, int64_t arg3, int64_t arg4);
.text	0x457abc	0x457ac3	7	7	fcn.00457abc	native_stub_00457abc_fcn_00457abc	r2_discovered	1	3	0	1	0	0	0	0	0	fcn.00457abc ();
.text	0x45821d	0x458234	23	23	fcn.0045821d	native_stub_0045821d_fcn_0045821d	r2_discovered	1	8	0	1	0	0	0	0	0	fcn.0045821d ();
.text	0x46c45b	0x46c47e	35	35	fcn.0046c45b	native_stub_0046c45b_fcn_0046c45b	r2_discovered	1	9	0	1	0	0	2	8	0	fcn.0046c45b (int64_t arg1, int64_t arg2);
.text	0x46f0b8	0x46f0cb	19	19	fcn.0046f0b8	native_stub_0046f0b8_fcn_0046f0b8	r2_discovered	1	6	0	1	0	0	1	0	0	fcn.0046f0b8 (int64_t arg2);
.text	0x4700ec	0x4700ee	2	2	fcn.004700ec	native_stub_004700ec_fcn_004700ec	r2_discovered	1	2	0	1	0	0	0	8	0	fcn.004700ec ();
.text	0x47c22d	0x47c230	3	3	fcn.0047c22d	native_stub_0047c22d_fcn_0047c22d	r2_discovered	1	2	0	1	0	0	0	0	0	fcn.0047c22d ();
.text	0x483a1a	0x483a20	6	6	fcn.00483a1a	native_stub_00483a1a_fcn_00483a1a	r2_discovered	1	2	0	1	0	0	1	0	0	fcn.00483a1a (int64_t arg1);
.text	0x484a4f	0x484a62	19	19	fcn.00484a4f	native_stub_00484a4f_fcn_00484a4f	r2_discovered	1	8	0	1	0	0	3	0	0	fcn.00484a4f (int64_t arg1, int64_t arg3, int64_t arg4);
.text	0x487214	0x48723e	42	42	fcn.00487214	native_stub_00487214_fcn_00487214	r2_discovered	3	12	2	1	0	1	3	0	0	fcn.00487214 (int64_t arg1, int64_t arg2, int64_t arg_51h);
.text	0x488396	0x4883c6	48	48	fcn.00488396	native_stub_00488396_fcn_00488396	r2_discovered	7	14	8	2	0	0	1	0	0	fcn.00488396 (uint32_t arg1);
.text	0x4883c6	0x4883d8	18	18	fcn.004883c6	native_stub_004883c6_fcn_004883c6	r2_discovered	3	6	3	1	0	0	1	0	0	fcn.004883c6 (uint32_t arg1);
.text	0x4883d8	0x488414	60	60	fcn.004883d8	native_stub_004883d8_fcn_004883d8	r2_discovered	9	21	12	1	0	0	2	0	0	fcn.004883d8 (uint32_t arg1, int64_t arg2);
.text	0x488414	0x488439	37	37	fcn.00488414	native_stub_00488414_fcn_00488414	r2_discovered	3	13	3	9	1	0	2	0	0	fcn.00488414 (int64_t arg1, int64_t arg3);
.text	0x488439	0x488452	25	25	fcn.00488439	native_stub_00488439_fcn_00488439	r2_discovered	3	10	3	1	0	0	4	0	0	fcn.00488439 (uint32_t arg1, uint32_t arg2, uint32_t arg3, uint32_t arg4);
.text	0x488452	0x4884d9	135	135	fcn.00488452	native_stub_00488452_fcn_00488452	r2_discovered	13	43	20	7	1	0	4	0	0	fcn.00488452 (uint32_t arg1, uint32_t arg2, int64_t arg3, int64_t arg4);
.text	0x4885ae	0x4886ef	321	321	fcn.004885ae	native_stub_004885ae_fcn_004885ae	r2_discovered	18	85	25	2	8	9	4	120	0	fcn.004885ae (int64_t arg1, int64_t arg2, int64_t arg3, int64_t arg4);
.text	0x4886f0	0x48888d	413	413	fcn.004886f0	native_stub_004886f0_fcn_004886f0	r2_discovered	2	112	2	1	0	10	5	192	0	fcn.004886f0 (int64_t arg1, int64_t arg2, int64_t arg3, int64_t arg4, int64_t arg6);
.text	0x488810	0x488852	66	66	fcn.00488810	native_stub_00488810_fcn_00488810	r2_discovered	4	19	4	7	0	0	2	0	0	fcn.00488810 (int64_t arg1, int64_t arg2);
.text	0x488a10	0x488b0c	252	252	fcn.00488a10	native_stub_00488a10_fcn_00488a10	r2_discovered	12	63	15	4	5	7	4	136	0	fcn.00488a10 (int64_t arg1, uint32_t arg2, int64_t arg3, int64_t arg4);
.text	0x488c50	0x488caa	90	90	fcn.00488c50	native_stub_00488c50_fcn_00488c50	r2_discovered	11	27	12	3	1	0	1	8	0	fcn.00488c50 (int64_t arg1);
.text	0x488ce0	0x488cf4	20	20	fcn.00488ce0	native_stub_00488ce0_fcn_00488ce0	r2_discovered	1	5	0	1	0	0	1	0	0	fcn.00488ce0 (int64_t arg1);
.text	0x488d00	0x488e87	391	391	fcn.00488d00	native_stub_00488d00_fcn_00488d00	r2_discovered	3	106	3	1	0	8	5	536	0	fcn.00488d00 (int64_t arg1, int64_t arg3, int64_t arg4, int64_t arg5, int64_t arg6);
.text	0x489630	0x4897c0	400	400	fcn.00489630	native_stub_00489630_fcn_00489630	r2_discovered	2	107	2	1	0	11	4	200	0	fcn.00489630 (int64_t arg1, int64_t arg2, int64_t arg3, int64_t arg4);
.text	0x489dce	0x489e44	118	118	fcn.00489dce	native_stub_00489dce_fcn_00489dce	r2_discovered	8	29	11	1	2	0	2	8	0	fcn.00489dce (uint32_t arg1, uint32_t arg2);
.text	0x48a0b7	0x48a125	110	110	fcn.0048a0b7	native_stub_0048a0b7_fcn_0048a0b7	r2_discovered	4	30	4	2	0	0	3	0	0	fcn.0048a0b7 (int64_t arg1, uint32_t arg2, int64_t arg3);
.text	0x48a130	0x48a14c	28	28	fcn.0048a130	native_stub_0048a130_fcn_0048a130	r2_discovered	3	6	3	1	0	0	1	0	0	fcn.0048a130 (int64_t arg1);
.text	0x48a14c	0x48a14d	1	1	fcn.0048a14c	native_stub_0048a14c_fcn_0048a14c	r2_discovered	1	1	0	1	0	0	0	0	0	fcn.0048a14c ();
.text	0x48aec0	0x48b066	422	422	fcn.0048aec0	native_stub_0048aec0_fcn_0048aec0	r2_discovered	2	106	2	1	0	12	7	344	0	fcn.0048aec0 (int64_t arg1, int64_t arg2, int64_t arg3, int64_t arg4, int64_t arg5, int64_t arg6, int64_t arg_130h);
.text	0x48bde0	0x48be2b	75	75	fcn.0048bde0	native_stub_0048bde0_fcn_0048bde0	r2_discovered	7	21	8	9	2	0	1	8	0	fcn.0048bde0 (int64_t arg1);
.text	0x48bfb0	0x48bfbd	13	13	fcn.0048bfb0	native_stub_0048bfb0_fcn_0048bfb0	r2_discovered	1	3	0	1	0	0	1	0	0	fcn.0048bfb0 (int64_t arg1);
.text	0x48bfc0	0x48c182	450	450	fcn.0048bfc0	native_stub_0048bfc0_fcn_0048bfc0	r2_discovered	9	108	10	7	13	16	2	136	0	fcn.0048bfc0 (int64_t arg1, int64_t arg2);
.text	0x48c190	0x48c30c	380	380	fcn.0048c190	native_stub_0048c190_fcn_0048c190	r2_discovered	2	99	2	1	0	7	2	152	0	fcn.0048c190 (int64_t arg1, int64_t arg2);
.text	0x48c2ef	0x48c384	149	149	fcn.0048c2ef	native_stub_0048c2ef_fcn_0048c2ef	r2_discovered	8	31	9	1	5	3	2	40	0	fcn.0048c2ef (int64_t arg1, int64_t arg2);
.text	0x48c3e4	0x48c45a	118	118	fcn.0048c3e4	native_stub_0048c3e4_fcn_0048c3e4	r2_discovered	8	29	11	1	2	0	2	8	0	fcn.0048c3e4 (uint32_t arg1, uint32_t arg2);
.text	0x48c69a	0x48c6a5	11	11	fcn.0048c69a	native_stub_0048c69a_fcn_0048c69a	r2_discovered	1	3	0	1	0	0	1	0	0	fcn.0048c69a (int64_t arg1);
.text	0x48c7e6	0x48c7ea	4	4	fcn.0048c7e6	native_stub_0048c7e6_fcn_0048c7e6	r2_discovered	1	2	0	1	0	0	1	0	0	fcn.0048c7e6 (int64_t arg1);
.text	0x48c7ea	0x48c7f8	14	14	fcn.0048c7ea	native_stub_0048c7ea_fcn_0048c7ea	r2_discovered	1	5	0	2	0	0	2	0	0	fcn.0048c7ea (int64_t arg1, int64_t arg2);
.text	0x48c7f8	0x48c802	10	10	fcn.0048c7f8	native_stub_0048c7f8_fcn_0048c7f8	r2_discovered	1	4	0	1	0	0	2	0	0	fcn.0048c7f8 (int64_t arg1, int64_t arg2);
.text	0x48c802	0x48c829	39	39	fcn.0048c802	native_stub_0048c802_fcn_0048c802	r2_discovered	5	15	5	1	0	0	3	0	0	fcn.0048c802 (int64_t arg1, int64_t arg2, int64_t arg3);
.text	0x48c82e	0x48c8a4	118	118	fcn.0048c82e	native_stub_0048c82e_fcn_0048c82e	r2_discovered	8	29	11	2	2	0	2	8	0	fcn.0048c82e (uint32_t arg1, uint32_t arg2);
.text	0x48c8cc	0x48c8f2	38	38	fcn.0048c8cc	native_stub_0048c8cc_fcn_0048c8cc	r2_discovered	1	10	0	1	2	0	1	8	0	fcn.0048c8cc (int64_t arg1);
.text	0x48c8fe	0x48c96a	108	108	fcn.0048c8fe	native_stub_0048c8fe_fcn_0048c8fe	r2_discovered	5	33	5	1	3	1	3	56	0	fcn.0048c8fe (int64_t arg1, int64_t arg2, int64_t arg3);
.text	0x48c9cc	0x48c9d0	4	4	fcn.0048c9cc	native_stub_0048c9cc_fcn_0048c9cc	r2_discovered	1	2	0	1	0	0	1	0	0	fcn.0048c9cc (int64_t arg1);
.text	0x48ca0e	0x48ca52	68	68	fcn.0048ca0e	native_stub_0048ca0e_fcn_0048ca0e	r2_discovered	3	24	3	1	3	0	2	24	0	fcn.0048ca0e (int64_t arg1, int64_t arg2);
.text	0x48cfa2	0x48d032	144	144	fcn.0048cfa2	native_stub_0048cfa2_fcn_0048cfa2	r2_discovered	13	44	17	1	1	5	2	40	0	fcn.0048cfa2 (int64_t arg1, int64_t arg2);
.text	0x48d11c	0x48d121	5	5	fcn.0048d11c	native_stub_0048d11c_fcn_0048d11c	r2_discovered	1	3	0	1	0	0	1	0	0	fcn.0048d11c (int64_t arg1);
.text	0x48d122	0x48d198	118	118	fcn.0048d122	native_stub_0048d122_fcn_0048d122	r2_discovered	8	29	11	2	2	0	2	8	0	fcn.0048d122 (uint32_t arg1, uint32_t arg2);
.text	0x48d198	0x48d222	138	138	fcn.0048d198	native_stub_0048d198_fcn_0048d198	r2_discovered	8	33	11	2	2	0	2	8	0	fcn.0048d198 (uint32_t arg1, uint32_t arg2);
.text	0x48d222	0x48d2a9	135	135	fcn.0048d222	native_stub_0048d222_fcn_0048d222	r2_discovered	8	35	11	3	2	0	2	8	0	fcn.0048d222 (uint32_t arg1, uint32_t arg2);
.text	0x48d2aa	0x48d2d1	39	39	fcn.0048d2aa	native_stub_0048d2aa_fcn_0048d2aa	r2_discovered	6	12	6	1	0	0	1	0	0	fcn.0048d2aa (int64_t arg1);
.text	0x48d2d2	0x48d302	48	48	fcn.0048d2d2	native_stub_0048d2d2_fcn_0048d2d2	r2_discovered	7	14	8	3	0	0	1	0	0	fcn.0048d2d2 (uint32_t arg1);
.text	0x48d302	0x48d332	48	48	fcn.0048d302	native_stub_0048d302_fcn_0048d302	r2_discovered	7	14	8	2	0	0	1	0	0	fcn.0048d302 (uint32_t arg1);
.text	0x48d332	0x48d345	19	19	fcn.0048d332	native_stub_0048d332_fcn_0048d332	r2_discovered	4	8	4	1	0	0	3	0	0	fcn.0048d332 (int64_t arg1, int64_t arg2, uint32_t arg3);
.text	0x48d345	0x48d35d	24	24	fcn.0048d345	native_stub_0048d345_fcn_0048d345	r2_discovered	6	10	7	1	0	0	3	0	0	fcn.0048d345 (int64_t arg1, uint32_t arg2, int64_t arg3);
.text	0x48d35d	0x48d385	40	40	fcn.0048d35d	native_stub_0048d35d_fcn_0048d35d	r2_discovered	3	17	3	2	1	0	2	24	0	fcn.0048d35d (int64_t arg1, size_t n);
.text	0x48d385	0x48d39b	22	22	fcn.0048d385	native_stub_0048d385_fcn_0048d385	r2_discovered	4	8	4	11	0	0	1	0	0	fcn.0048d385 (int64_t arg1);
.text	0x48d39b	0x48d3bb	32	32	fcn.0048d39b	native_stub_0048d39b_fcn_0048d39b	r2_discovered	3	11	3	1	1	0	2	0	0	fcn.0048d39b (int64_t arg1, int64_t arg2);
.text	0x48d3bb	0x48d3d1	22	22	fcn.0048d3bb	native_stub_0048d3bb_fcn_0048d3bb	r2_discovered	4	8	4	3	0	0	1	0	0	fcn.0048d3bb (int64_t arg1);
.text	0x48d3d1	0x48d416	69	69	fcn.0048d3d1	native_stub_0048d3d1_fcn_0048d3d1	r2_discovered	7	25	9	5	0	0	4	0	0	fcn.0048d3d1 (int64_t arg1, int64_t arg2, int64_t arg3, int64_t arg4);
.text	0x48d416	0x48d452	60	60	fcn.0048d416	native_stub_0048d416_fcn_0048d416	r2_discovered	7	22	9	1	0	0	4	0	0	fcn.0048d416 (int64_t arg1, uint32_t arg2, int64_t arg3, uint32_t arg4);
.text	0x48d452	0x48d4a9	87	87	fcn.0048d452	native_stub_0048d452_fcn_0048d452	r2_discovered	4	29	4	3	2	1	3	40	0	fcn.0048d452 (int64_t arg1, int64_t arg2, int64_t arg3);
.text	0x48d50f	0x48d5bb	172	172	fcn.0048d50f	native_stub_0048d50f_fcn_0048d50f	r2_discovered	5	31	5	17	2	16	12	216	0	fcn.0048d50f (char *s, size_t size, const char *format, int64_t arg4, int64_t arg5, int64_t arg6, int64_t arg7, int64_t arg8, int64_t arg9, int64_t arg10, int64_t arg11, int64_t arg_e0h);
.text	0x48d5bb	0x48d5fc	65	65	fcn.0048d5bb	native_stub_0048d5bb_fcn_0048d5bb	r2_discovered	7	22	9	3	1	0	3	0	0	fcn.0048d5bb (int64_t arg1, int64_t arg2, int64_t arg3);
.text	0x48d707	0x48d7c9	194	194	fcn.0048d707	native_stub_0048d707_fcn_0048d707	r2_discovered	7	39	8	3	2	16	12	216	0	fcn.0048d707 (int64_t arg1, size_t n, const wchar_t *format, int64_t arg4, int64_t arg5, int64_t arg6, int64_t arg7, int64_t arg8, int64_t arg9, int64_t arg10, int64_t arg11, int64_t arg_e0h);
.text	0x48d7c9	0x48d7ed	36	36	fcn.0048d7c9	native_stub_0048d7c9_fcn_0048d7c9	r2_discovered	8	15	9	1	0	0	2	0	0	fcn.0048d7c9 (int64_t arg1, uint32_t arg2);
.text	0x48d7ed	0x48d81b	46	46	fcn.0048d7ed	native_stub_0048d7ed_fcn_0048d7ed	r2_discovered	8	18	9	8	0	0	3	0	0	fcn.0048d7ed (int64_t arg1, uint32_t arg2, int64_t arg4);
.text	0x48d81b	0x48d845	42	42	fcn.0048d81b	native_stub_0048d81b_fcn_0048d81b	r2_discovered	4	15	4	1	0	0	2	0	0	fcn.0048d81b (int64_t arg1, int64_t arg4);
.text	0x48d8a3	0x48d8d1	46	46	fcn.0048d8a3	native_stub_0048d8a3_fcn_0048d8a3	r2_discovered	8	18	9	2	0	0	2	0	0	fcn.0048d8a3 (int64_t arg1, uint32_t arg2);
.text	0x48d8d1	0x48d8ee	29	29	fcn.0048d8d1	native_stub_0048d8d1_fcn_0048d8d1	r2_discovered	4	10	4	1	1	0	1	0	0	fcn.0048d8d1 (int64_t arg1);
.text	0x48d90f	0x48d92a	27	27	fcn.0048d90f	native_stub_0048d90f_fcn_0048d90f	r2_discovered	5	12	6	1	0	0	2	0	0	fcn.0048d90f (int64_t arg1, int64_t arg2);
.text	0x48d92a	0x48d991	103	103	fcn.0048d92a	native_stub_0048d92a_fcn_0048d92a	r2_discovered	7	38	10	4	4	0	2	40	0	fcn.0048d92a (int64_t arg1, int64_t arg2);
.text	0x48d9cf	0x48da52	131	131	fcn.0048d9cf	native_stub_0048d9cf_fcn_0048d9cf	r2_discovered	10	50	14	2	4	0	3	56	0	fcn.0048d9cf (int64_t arg1, int64_t arg2, int64_t arg3);
.text	0x48da52	0x48da6e	28	28	fcn.0048da52	native_stub_0048da52_fcn_0048da52	r2_discovered	5	12	6	2	0	0	2	0	0	fcn.0048da52 (int64_t arg1, int64_t arg2);
.text	0x48da6e	0x48daa2	52	52	fcn.0048da6e	native_stub_0048da6e_fcn_0048da6e	r2_discovered	7	20	8	3	0	0	3	0	0	fcn.0048da6e (int64_t arg1, int64_t arg2, uint32_t arg3);
.text	0x48daa2	0x48db26	132	132	fcn.0048daa2	native_stub_0048daa2_fcn_0048daa2	r2_discovered	10	50	14	2	4	0	3	56	0	fcn.0048daa2 (int64_t arg1, int64_t arg2, int64_t arg3);
.text	0x48db2f	0x48db67	56	56	fcn.0048db2f	native_stub_0048db2f_fcn_0048db2f	r2_discovered	4	22	4	1	1	0	2	24	0	fcn.0048db2f (int64_t arg1, int64_t arg4);
.text	0x48dbb8	0x48dbe0	40	40	fcn.0048dbb8	native_stub_0048dbb8_fcn_0048dbb8	r2_discovered	7	15	8	1	1	0	0	0	0	fcn.0048dbb8 ();
.text	0x48dc55	0x48dc63	14	14	fcn.0048dc55	native_stub_0048dc55_fcn_0048dc55	r2_discovered	1	4	0	1	0	0	2	0	0	fcn.0048dc55 (int64_t arg2, int64_t arg3);
.text	0x48dd5f	0x48dd7c	29	29	fcn.0048dd5f	native_stub_0048dd5f_fcn_0048dd5f	r2_discovered	4	11	4	4	0	0	1	0	0	fcn.0048dd5f (int64_t arg1);
.text	0x48de04	0x48de14	16	16	fcn.0048de04	native_stub_0048de04_fcn_0048de04	r2_discovered	1	4	0	2	0	0	0	0	0	fcn.0048de04 ();
.text	0x48e020	0x48e03d	29	29	fcn.0048e020	native_stub_0048e020_fcn_0048e020	r2_discovered	5	10	7	2	0	0	1	0	0	fcn.0048e020 (uint32_t arg1);
.text	0x48e0de	0x48e14d	111	111	fcn.0048e0de	native_stub_0048e0de_fcn_0048e0de	r2_discovered	6	37	7	2	4	0	2	40	0	fcn.0048e0de (uint32_t arg1, int64_t arg2);
.text	0x48e14d	0x48e220	211	211	fcn.0048e14d	native_stub_0048e14d_fcn_0048e14d	r2_discovered	8	56	9	3	7	3	2	72	0	fcn.0048e14d (int64_t arg1, int64_t arg2);
.text	0x48e2d8	0x48e347	111	111	fcn.0048e2d8	native_stub_0048e2d8_fcn_0048e2d8	r2_discovered	6	37	7	2	4	0	2	40	0	fcn.0048e2d8 (uint32_t arg1, int64_t arg2);
.text	0x48e347	0x48e480	313	313	fcn.0048e347	native_stub_0048e347_fcn_0048e347	r2_discovered	10	78	12	18	12	7	2	104	0	fcn.0048e347 (int64_t arg1, int64_t arg2);
.text	0x48e480	0x48e5f4	372	372	fcn.0048e480	native_stub_0048e480_fcn_0048e480	r2_discovered	8	98	9	2	15	7	2	152	0	fcn.0048e480 (int64_t arg1, int64_t arg2);
.text	0x48e641	0x48e6b8	119	119	fcn.0048e641	native_stub_0048e641_fcn_0048e641	r2_discovered	9	41	11	4	4	0	1	24	0	fcn.0048e641 (int64_t arg1);
.text	0x48e6b8	0x48e723	107	107	fcn.0048e6b8	native_stub_0048e6b8_fcn_0048e6b8	r2_discovered	6	36	7	1	4	0	2	40	0	fcn.0048e6b8 (uint32_t arg1, int64_t arg2);
.text	0x48e723	0x48e88e	363	363	fcn.0048e723	native_stub_0048e723_fcn_0048e723	r2_discovered	20	99	27	3	9	5	9	104	0	fcn.0048e723 (int64_t arg1, uint32_t arg2, int64_t arg3, int64_t arg5, int64_t arg6, int64_t arg7, int64_t arg8, int64_t arg9, int64_t arg10);
.text	0x48e88e	0x48e981	243	243	fcn.0048e88e	native_stub_0048e88e_fcn_0048e88e	r2_discovered	10	71	12	1	8	1	3	72	0	fcn.0048e88e (int64_t arg1, int64_t arg2, int64_t arg3);
.text	0x48eb2b	0x48ec68	317	317	fcn.0048eb2b	native_stub_0048eb2b_fcn_0048eb2b	r2_discovered	10	78	12	27	12	7	2	104	0	fcn.0048eb2b (int64_t arg1, int64_t arg2);
.text	0x48ec68	0x48eec5	605	605	fcn.0048ec68	native_stub_0048ec68_fcn_0048ec68	r2_discovered	12	146	14	5	32	13	2	168	0	fcn.0048ec68 (int64_t arg1, int64_t arg2);
.text	0x48f087	0x48f316	655	655	fcn.0048f087	native_stub_0048f087_fcn_0048f087	r2_discovered	22	171	30	2	22	9	2	136	0	fcn.0048f087 (int64_t arg1, int64_t arg2);
.text	0x48f4fd	0x48f50b	14	14	fcn.0048f4fd	native_stub_0048f4fd_fcn_0048f4fd	r2_discovered	3	6	3	11	0	0	1	0	0	fcn.0048f4fd (int64_t arg1);
.text	0x48f50b	0x48f518	13	13	fcn.0048f50b	native_stub_0048f50b_fcn_0048f50b	r2_discovered	3	5	2	4	0	0	1	0	0	fcn.0048f50b (uint32_t arg1);
.text	0x48f518	0x48f541	41	41	fcn.0048f518	native_stub_0048f518_fcn_0048f518	r2_discovered	5	13	6	2	0	0	2	0	0	fcn.0048f518 (int64_t arg1, int64_t arg2);
.text	0x48f542	0x48f581	63	63	fcn.0048f542	native_stub_0048f542_fcn_0048f542	r2_discovered	4	19	4	4	1	0	2	8	0	fcn.0048f542 (uint32_t arg1, int64_t arg2);
.text	0x48f582	0x48f5c8	70	70	fcn.0048f582	native_stub_0048f582_fcn_0048f582	r2_discovered	3	24	3	2	2	1	4	40	0	fcn.0048f582 (int64_t arg1, int64_t arg2, int64_t arg4, int64_t arg5);
.text	0x48f5c8	0x48f642	122	122	fcn.0048f5c8	native_stub_0048f5c8_fcn_0048f5c8	r2_discovered	5	40	6	2	3	0	3	40	0	fcn.0048f5c8 (int64_t arg1, int64_t arg2, int64_t arg3);
.text	0x48f642	0x48f79d	347	347	fcn.0048f642	native_stub_0048f642_fcn_0048f642	r2_discovered	15	97	21	12	10	3	5	72	0	fcn.0048f642 (int64_t arg1, int64_t arg2, int64_t arg3, int64_t arg4, int64_t arg5);
.text	0x48f79e	0x48f7e4	70	70	fcn.0048f79e	native_stub_0048f79e_fcn_0048f79e	r2_discovered	3	24	3	1	2	1	4	40	0	fcn.0048f79e (int64_t arg1, int64_t arg2, int64_t arg4, int64_t arg5);
.text	0x48f7e4	0x48f839	85	85	fcn.0048f7e4	native_stub_0048f7e4_fcn_0048f7e4	r2_discovered	6	29	8	2	2	0	1	24	0	fcn.0048f7e4 (uint32_t arg1);
.text	0x48f839	0x48f852	25	25	fcn.0048f839	native_stub_0048f839_fcn_0048f839	r2_discovered	5	10	5	4	0	0	3	0	0	fcn.0048f839 (int64_t arg1, int64_t arg2, uint32_t arg3);
.text	0x48f852	0x48f86d	27	27	fcn.0048f852	native_stub_0048f852_fcn_0048f852	r2_discovered	5	10	4	1	0	0	3	0	0	fcn.0048f852 (int64_t arg1, int64_t arg2, uint32_t arg3);
.text	0x48f86e	0x48f889	27	27	fcn.0048f86e	native_stub_0048f86e_fcn_0048f86e	r2_discovered	3	6	3	4	0	0	2	0	0	fcn.0048f86e (uint32_t arg1, int64_t arg2);
.text	0x48f88a	0x48f972	232	232	fcn.0048f88a	native_stub_0048f88a_fcn_0048f88a	r2_discovered	20	73	29	1	8	0	3	40	0	fcn.0048f88a (uint32_t arg1, uint32_t arg2, uint32_t arg3);
.text	0x48f972	0x48f9d8	102	102	fcn.0048f972	native_stub_0048f972_fcn_0048f972	r2_discovered	3	22	2	3	2	3	0	40	0	fcn.0048f972 ();
.text	0x48f9d8	0x48fa4e	118	118	fcn.0048f9d8	native_stub_0048f9d8_fcn_0048f9d8	r2_discovered	8	29	11	1	2	0	2	8	0	fcn.0048f9d8 (uint32_t arg1, uint32_t arg2);
.text	0x48fb27	0x48fbbf	152	152	fcn.0048fb27	native_stub_0048fb27_fcn_0048fb27	r2_discovered	4	37	5	11	5	0	0	8	0	fcn.0048fb27 ();
.text	0x48fcf5	0x48fd2e	57	57	fcn.0048fcf5	native_stub_0048fcf5_fcn_0048fcf5	r2_discovered	1	16	0	3	6	0	1	8	0	fcn.0048fcf5 (int64_t arg1);
.text	0x48fd30	0x48fdac	124	124	fcn.0048fd30	native_stub_0048fd30_fcn_0048fd30	r2_discovered	3	31	2	2	3	7	1	72	0	fcn.0048fd30 (int64_t arg1);
.text	0x490032	0x4900cf	157	157	fcn.00490032	native_stub_00490032_fcn_00490032	r2_discovered	3	37	2	1	5	5	1	232	0	fcn.00490032 (int64_t arg1);
.text	0x49016c	0x4901b3	71	71	fcn.0049016c	native_stub_0049016c_fcn_0049016c	r2_discovered	3	17	2	1	2	2	1	24	0	fcn.0049016c (int64_t arg1);
.text	0x4901b3	0x4901fa	71	71	fcn.004901b3	native_stub_004901b3_fcn_004901b3	r2_discovered	3	17	2	2	2	2	1	24	0	fcn.004901b3 (int64_t arg1);
.text	0x4901fa	0x490241	71	71	fcn.004901fa	native_stub_004901fa_fcn_004901fa	r2_discovered	3	17	2	4	2	2	1	24	0	fcn.004901fa (int64_t arg1);
.text	0x490294	0x4903ab	279	279	fcn.00490294	native_stub_00490294_fcn_00490294	r2_discovered	11	77	13	2	9	2	4	56	0	fcn.00490294 (int64_t arg1, int64_t arg2, int64_t arg3, int64_t arg4);
.text	0x490448	0x49048f	71	71	fcn.00490448	native_stub_00490448_fcn_00490448	r2_discovered	3	17	2	1	2	2	1	24	0	fcn.00490448 (int64_t arg1);
.text	0x49048f	0x4904d6	71	71	fcn.0049048f	native_stub_0049048f_fcn_0049048f	r2_discovered	3	17	2	1	2	2	1	24	0	fcn.0049048f (int64_t arg1);
.text	0x490604	0x490654	80	80	fcn.00490604	native_stub_00490604_fcn_00490604	r2_discovered	7	29	9	2	3	0	1	24	0	fcn.00490604 (int64_t arg1);
.text	0x4909e4	0x490a46	98	98	fcn.004909e4	native_stub_004909e4_fcn_004909e4	r2_discovered	6	29	7	2	1	1	3	40	0	fcn.004909e4 (int64_t arg1, int64_t arg2, int64_t arg3);
.text	0x490a46	0x490a54	14	14	fcn.00490a46	native_stub_00490a46_fcn_00490a46	r2_discovered	1	3	0	3	0	0	0	0	0	fcn.00490a46 ();
.text	0x490ad8	0x490d34	604	604	fcn.00490ad8	native_stub_00490ad8_fcn_00490ad8	r2_discovered	44	155	66	2	10	6	0	120	0	fcn.00490ad8 ();
.text	0x491024	0x491097	115	115	fcn.00491024	native_stub_00491024_fcn_00491024	r2_discovered	20	37	27	2	0	0	1	0	0	fcn.00491024 (uint32_t arg1);
.text	0x491098	0x4910d3	59	59	fcn.00491098	native_stub_00491098_fcn_00491098	r2_discovered	7	21	10	2	0	0	3	0	0	fcn.00491098 (int64_t arg1, uint32_t arg2, int64_t arg3);
.text	0x4910d4	0x49110f	59	59	fcn.004910d4	native_stub_004910d4_fcn_004910d4	r2_discovered	4	20	5	3	1	0	2	8	0	fcn.004910d4 (int64_t arg1, int64_t arg2);
.text	0x491110	0x49120a	250	250	fcn.00491110	native_stub_00491110_fcn_00491110	r2_discovered	6	65	7	2	6	3	1	88	0	fcn.00491110 (int64_t arg1);
.text	0x49120a	0x491976	1900	1900	fcn.0049120a	native_stub_0049120a_fcn_0049120a	r2_discovered	90	418	135	1	22	28	6	984	0	fcn.0049120a (int64_t arg1, int64_t arg2, int64_t arg3, int64_t arg4, int64_t arg5, uint32_t arg6);
.text	0x491e06	0x491e2c	38	38	fcn.00491e06	native_stub_00491e06_fcn_00491e06	r2_discovered	5	12	5	2	0	0	2	0	0	fcn.00491e06 (int64_t arg1, int64_t arg2);
.text	0x491e2c	0x491e50	36	36	fcn.00491e2c	native_stub_00491e2c_fcn_00491e2c	r2_discovered	3	13	2	3	1	0	2	8	0	fcn.00491e2c (int64_t arg1, int64_t arg2);
.text	0x491e50	0x491fd9	393	393	fcn.00491e50	native_stub_00491e50_fcn_00491e50	r2_discovered	15	101	20	1	2	0	3	56	0	fcn.00491e50 (int64_t arg1, int64_t arg2, int64_t arg3);
.text	0x491fda	0x492044	106	106	fcn.00491fda	native_stub_00491fda_fcn_00491fda	r2_discovered	1	28	0	2	2	0	1	40	0	fcn.00491fda (void**addr);
.text	0x49212c	0x492512	998	998	fcn.0049212c	native_stub_0049212c_fcn_0049212c	r2_discovered	36	227	51	1	19	6	4	120	0	fcn.0049212c (int64_t arg1, int64_t arg2, uint32_t arg3, uint32_t arg4);
.text	0x4926da	0x49295c	642	642	fcn.004926da	native_stub_004926da_fcn_004926da	r2_discovered	27	153	41	1	12	4	1	104	0	fcn.004926da (int64_t arg1);
.text	0x4927ac	0x4927cd	33	33	fcn.004927ac	native_stub_004927ac_fcn_004927ac	r2_discovered	3	12	2	4	1	0	1	8	0	fcn.004927ac (int64_t arg1);
.text	0x4927ce	0x492813	69	69	fcn.004927ce	native_stub_004927ce_fcn_004927ce	r2_discovered	1	19	0	1	1	0	2	24	0	fcn.004927ce (int64_t arg1, int64_t arg2);
.text	0x492814	0x492897	131	131	fcn.00492814	native_stub_00492814_fcn_00492814	r2_discovered	9	40	12	3	0	0	4	16	0	fcn.00492814 (int64_t arg1, uint32_t arg2, int64_t arg3, uint32_t arg4);
.text	0x492898	0x492a6e	470	470	fcn.00492898	native_stub_00492898_fcn_00492898	r2_discovered	26	142	36	1	8	0	2	56	0	fcn.00492898 (int64_t arg1, int64_t arg2);
.text	0x492a90	0x492ac9	57	57	fcn.00492a90	native_stub_00492a90_fcn_00492a90	r2_discovered	3	9	3	1	0	0	1	0	0	fcn.00492a90 (int64_t arg1);
.text	0x494251	0x4942e6	149	149	fcn.00494251	native_stub_00494251_fcn_00494251	r2_discovered	8	31	9	1	5	3	2	40	0	fcn.00494251 (int64_t arg1, int64_t arg2);
.text	0x494306	0x49439b	149	149	fcn.00494306	native_stub_00494306_fcn_00494306	r2_discovered	8	31	9	1	5	3	2	40	0	fcn.00494306 (int64_t arg1, int64_t arg2);
.text	0x49449a	0x4944cb	49	49	fcn.0049449a	native_stub_0049449a_fcn_0049449a	r2_discovered	4	19	4	3	2	0	2	24	0	fcn.0049449a (int64_t arg1, int64_t arg2);
.text	0x4944cc	0x494587	187	187	fcn.004944cc	native_stub_004944cc_fcn_004944cc	r2_discovered	15	63	20	1	3	1	2	56	0	fcn.004944cc (int64_t arg1, int64_t arg2);
.text	0x4945c0	0x494633	115	115	fcn.004945c0	native_stub_004945c0_fcn_004945c0	r2_discovered	3	27	2	10	1	2	2	24	0	fcn.004945c0 (uint32_t arg1, int64_t arg2);
.text	0x494d90	0x494dc3	51	51	fcn.00494d90	native_stub_00494d90_fcn_00494d90	r2_discovered	4	19	5	2	2	0	1	24	0	fcn.00494d90 (int64_t arg1);
.text	0x494dd0	0x494e98	200	200	fcn.00494dd0	native_stub_00494dd0_fcn_00494dd0	r2_discovered	6	45	6	2	1	0	1	8	0	fcn.00494dd0 (uint32_t arg1);
.text	0x495020	0x49526d	589	589	fcn.00495020	native_stub_00495020_fcn_00495020	r2_discovered	20	142	29	2	17	9	8	328	0	fcn.00495020 (int64_t arg1, int64_t arg2, int64_t arg3, int64_t arg4, void *arg5, int64_t arg6, int64_t arg_150h, int64_t arg_158h);
.text	0x4956b0	0x4956fb	75	75	fcn.004956b0	native_stub_004956b0_fcn_004956b0	r2_discovered	4	22	4	2	1	0	1	8	0	fcn.004956b0 (int64_t arg1);
.text	0x495700	0x49620b	2827	2827	fcn.00495700	native_stub_00495700_fcn_00495700	r2_discovered	76	601	111	4	45	18	1	456	0	fcn.00495700 (int64_t arg1);
.text	0x496220	0x496505	741	741	fcn.00496220	native_stub_00496220_fcn_00496220	r2_discovered	26	160	38	5	8	8	2	88	0	fcn.00496220 (int64_t arg1, uint32_t arg2);
.text	0x496540	0x496748	520	520	fcn.00496540	native_stub_00496540_fcn_00496540	r2_discovered	17	125	22	7	7	0	1	0	0	fcn.00496540 (int64_t arg1);
.text	0x496760	0x4967d3	115	115	fcn.00496760	native_stub_00496760_fcn_00496760	r2_discovered	4	26	4	4	2	0	1	8	0	fcn.00496760 (int64_t arg1);
.text	0x4967e0	0x496859	121	121	fcn.004967e0	native_stub_004967e0_fcn_004967e0	r2_discovered	4	29	4	3	2	0	1	8	0	fcn.004967e0 (int64_t arg1);
.text	0x496860	0x4968a5	69	69	fcn.00496860	native_stub_00496860_fcn_00496860	r2_discovered	7	19	10	2	1	0	1	8	0	fcn.00496860 (uint32_t arg1);
.text	0x4968b0	0x49692e	126	126	fcn.004968b0	native_stub_004968b0_fcn_004968b0	r2_discovered	6	33	8	2	0	0	1	0	0	fcn.004968b0 (int64_t arg1);
.text	0x496940	0x4969fa	186	186	fcn.00496940	native_stub_00496940_fcn_00496940	r2_discovered	8	45	9	2	0	0	1	0	0	fcn.00496940 (int64_t arg1);
.text	0x496a10	0x496a51	65	65	fcn.00496a10	native_stub_00496a10_fcn_00496a10	r2_discovered	5	15	4	1	0	0	2	0	0	fcn.00496a10 (signed int64_t arg1, uint32_t arg2);
.text	0x496a60	0x496aac	76	76	fcn.00496a60	native_stub_00496a60_fcn_00496a60	r2_discovered	1	17	0	1	3	0	1	8	0	fcn.00496a60 (int64_t arg1);
.text	0x496ab0	0x496b2f	127	127	fcn.00496ab0	native_stub_00496ab0_fcn_00496ab0	r2_discovered	15	39	22	2	0	0	1	0	0	fcn.00496ab0 (int64_t arg1);
.text	0x496b40	0x496bbf	127	127	fcn.00496b40	native_stub_00496b40_fcn_00496b40	r2_discovered	15	39	22	1	0	0	1	0	0	fcn.00496b40 (int64_t arg1);
.text	0x496bd0	0x496be6	22	22	fcn.00496bd0	native_stub_00496bd0_fcn_00496bd0	r2_discovered	1	6	0	1	0	0	2	0	0	fcn.00496bd0 (int64_t arg1, int64_t arg2);
.text	0x496bf0	0x496c08	24	24	fcn.00496bf0	native_stub_00496bf0_fcn_00496bf0	r2_discovered	1	7	0	1	0	0	2	0	0	fcn.00496bf0 (int64_t arg1, int64_t arg2);
.text	0x496c50	0x496c69	25	25	fcn.00496c50	native_stub_00496c50_fcn_00496c50	r2_discovered	1	7	0	1	0	0	2	0	0	fcn.00496c50 (int64_t arg1, int64_t arg2);
.text	0x496c80	0x496c89	9	9	fcn.00496c80	native_stub_00496c80_fcn_00496c80	r2_discovered	1	3	0	1	0	0	3	0	0	fcn.00496c80 (int64_t arg1, int64_t arg2, int64_t arg3);
.text	0x496c90	0x496c99	9	9	fcn.00496c90	native_stub_00496c90_fcn_00496c90	r2_discovered	1	3	0	1	0	0	3	0	0	fcn.00496c90 (int64_t arg1, int64_t arg2, int64_t arg3);
.text	0x496ca0	0x496cb1	17	17	fcn.00496ca0	native_stub_00496ca0_fcn_00496ca0	r2_discovered	1	5	0	1	0	0	5	0	0	fcn.00496ca0 (int64_t arg1, int64_t arg2, int64_t arg3, int64_t arg4, int64_t arg5);
.text	0x496cc0	0x496cc7	7	7	fcn.00496cc0	native_stub_00496cc0_fcn_00496cc0	r2_discovered	1	2	0	1	0	0	2	0	0	fcn.00496cc0 (int64_t arg1, int64_t arg2);
.text	0x496d50	0x496d5f	15	15	fcn.00496d50	native_stub_00496d50_fcn_00496d50	r2_discovered	1	3	0	1	0	0	3	0	0	fcn.00496d50 (int64_t arg1, int64_t arg2, int64_t arg3);
.text	0x496ff0	0x497074	132	132	fcn.00496ff0	native_stub_00496ff0_fcn_00496ff0	r2_discovered	6	33	7	1	4	4	3	40	0	fcn.00496ff0 (int64_t arg1, int64_t arg2, int64_t arg3);
.text	0x497140	0x4971cf	143	143	fcn.00497140	native_stub_00497140_fcn_00497140	r2_discovered	7	36	9	1	3	2	2	24	0	fcn.00497140 (int64_t arg1, char *s);
.text	0x497290	0x49729e	14	14	fcn.00497290	native_stub_00497290_fcn_00497290	r2_discovered	1	3	0	1	0	0	1	0	0	fcn.00497290 (int64_t arg1);
.text	0x497321	0x49735d	60	60	fcn.00497321	native_stub_00497321_fcn_00497321	r2_discovered	4	16	4	1	0	0	2	0	0	fcn.00497321 (int64_t arg1, int64_t arg2);
.text	0x497480	0x4974a0	32	32	fcn.00497480	native_stub_00497480_fcn_00497480	r2_discovered	5	11	5	1	0	0	1	0	0	fcn.00497480 (int64_t arg1);
.text	0x497610	0x497647	55	55	fcn.00497610	native_stub_00497610_fcn_00497610	r2_discovered	3	14	3	1	0	0	1	0	0	fcn.00497610 (int64_t arg1);
.text	0x497650	0x497666	22	22	fcn.00497650	native_stub_00497650_fcn_00497650	r2_discovered	4	9	4	1	0	0	1	0	0	fcn.00497650 (int64_t arg1);
.text	0x497670	0x49930f	7327	7327	fcn.00497670	native_stub_00497670_fcn_00497670	r2_discovered	223	1595	341	1	136	15	1	200	0	fcn.00497670 (int64_t arg1);
.text	0x4976c0	0x497742	130	130	fcn.004976c0	native_stub_004976c0_fcn_004976c0	r2_discovered	9	38	12	5	3	0	1	24	0	fcn.004976c0 (uint32_t arg1);
.text	0x497750	0x49779e	78	78	fcn.00497750	native_stub_00497750_fcn_00497750	r2_discovered	4	20	5	5	4	0	1	8	0	fcn.00497750 (int64_t arg1);
.text	0x4977a0	0x49789b	251	251	fcn.004977a0	native_stub_004977a0_fcn_004977a0	r2_discovered	13	59	19	3	12	0	1	24	0	fcn.004977a0 (int64_t arg1);
.text	0x4978a0	0x49792d	141	141	fcn.004978a0	native_stub_004978a0_fcn_004978a0	r2_discovered	3	30	3	2	5	0	1	8	0	fcn.004978a0 (int64_t arg1);
.text	0x497930	0x49796e	62	62	fcn.00497930	native_stub_00497930_fcn_00497930	r2_discovered	6	19	8	8	3	0	1	8	0	fcn.00497930 (int64_t arg1);
.text	0x497970	0x497d1b	939	939	fcn.00497970	native_stub_00497970_fcn_00497970	r2_discovered	47	213	72	4	26	1	1	0	0	fcn.00497970 (int64_t arg1);
.text	0x497d70	0x497e53	227	227	fcn.00497d70	native_stub_00497d70_fcn_00497d70	r2_discovered	10	59	13	2	5	0	1	24	0	fcn.00497d70 (int64_t arg1);
.text	0x497e60	0x497fdd	381	381	fcn.00497e60	native_stub_00497e60_fcn_00497e60	r2_discovered	7	73	9	1	4	2	2	40	0	fcn.00497e60 (int64_t arg1, int64_t arg2);
.text	0x497ff0	0x498183	403	403	fcn.00497ff0	native_stub_00497ff0_fcn_00497ff0	r2_discovered	23	101	35	2	7	4	2	40	0	fcn.00497ff0 (int64_t arg1, int64_t arg2);
.text	0x498230	0x498422	498	498	fcn.00498230	native_stub_00498230_fcn_00498230	r2_discovered	13	84	17	2	8	0	2	24	0	fcn.00498230 (int64_t arg1, int64_t arg2);
.text	0x498440	0x498594	340	340	fcn.00498440	native_stub_00498440_fcn_00498440	r2_discovered	15	80	22	2	7	0	1	24	0	fcn.00498440 (int64_t arg1);
.text	0x4985b0	0x49873b	395	395	fcn.004985b0	native_stub_004985b0_fcn_004985b0	r2_discovered	24	95	35	1	17	0	1	24	0	fcn.004985b0 (int64_t arg1);
.text	0x498740	0x4987bf	127	127	fcn.00498740	native_stub_00498740_fcn_00498740	r2_discovered	15	39	22	1	0	0	1	0	0	fcn.00498740 (int64_t arg1);
.text	0x4987d0	0x498a27	599	599	fcn.004987d0	native_stub_004987d0_fcn_004987d0	r2_discovered	11	103	15	1	5	4	4	40	0	fcn.004987d0 (int64_t arg1, int64_t arg2, int64_t arg3, int64_t arg4);
.text	0x498a40	0x498b23	227	227	fcn.00498a40	native_stub_00498a40_fcn_00498a40	r2_discovered	14	55	21	1	5	0	1	24	0	fcn.00498a40 (int64_t arg1);
.text	0x498b30	0x498b62	50	50	fcn.00498b30	native_stub_00498b30_fcn_00498b30	r2_discovered	3	17	3	2	2	0	1	8	0	fcn.00498b30 (int64_t arg1);
.text	0x498b70	0x498b8b	27	27	fcn.00498b70	native_stub_00498b70_fcn_00498b70	r2_discovered	3	8	3	2	0	0	1	0	0	fcn.00498b70 (int64_t arg1);
.text	0x498b90	0x498bab	27	27	fcn.00498b90	native_stub_00498b90_fcn_00498b90	r2_discovered	3	8	3	4	0	0	1	0	0	fcn.00498b90 (int64_t arg1);
.text	0x498bb0	0x498bc7	23	23	fcn.00498bb0	native_stub_00498bb0_fcn_00498bb0	r2_discovered	3	7	3	3	0	0	1	0	0	fcn.00498bb0 (uint32_t arg1);
.text	0x498bd0	0x498c08	56	56	fcn.00498bd0	native_stub_00498bd0_fcn_00498bd0	r2_discovered	9	21	12	2	0	0	2	0	0	fcn.00498bd0 (int64_t arg1, uint32_t arg2);
.text	0x498c10	0x498c48	56	56	fcn.00498c10	native_stub_00498c10_fcn_00498c10	r2_discovered	9	21	12	1	0	0	2	0	0	fcn.00498c10 (int64_t arg1, uint32_t arg2);
.text	0x498c50	0x498d04	180	180	fcn.00498c50	native_stub_00498c50_fcn_00498c50	r2_discovered	8	46	11	2	2	4	4	40	0	fcn.00498c50 (int64_t arg1, int64_t arg2, uint32_t arg3, int64_t arg4);
.text	0x498d10	0x498d38	40	40	fcn.00498d10	native_stub_00498d10_fcn_00498d10	r2_discovered	3	15	2	8	0	0	4	0	0	fcn.00498d10 (int64_t arg1, uint32_t arg2, uint32_t arg3, int64_t arg4);
.text	0x498d40	0x499a60	3360	3360	fcn.00498d40	native_stub_00498d40_fcn_00498d40	r2_discovered	86	725	128	16	52	12	1	152	0	fcn.00498d40 (int64_t arg1);
.text	0x499ab0	0x499bb3	259	259	fcn.00499ab0	native_stub_00499ab0_fcn_00499ab0	r2_discovered	11	60	15	3	6	4	3	56	0	fcn.00499ab0 (int64_t arg1, int64_t arg2, int64_t arg3);
.text	0x499c70	0x499ce4	116	116	fcn.00499c70	native_stub_00499c70_fcn_00499c70	r2_discovered	9	32	12	2	1	0	1	8	0	fcn.00499c70 (int64_t arg1);
.text	0x499dd0	0x499fef	543	543	fcn.00499dd0	native_stub_00499dd0_fcn_00499dd0	r2_discovered	28	137	38	2	10	2	1	24	0	fcn.00499dd0 (void **s1);
.text	0x499e90	0x49a041	433	433	fcn.00499e90	native_stub_00499e90_fcn_00499e90	r2_discovered	22	102	35	1	9	4	3	40	0	fcn.00499e90 (int64_t arg1, int64_t arg2, int64_t arg3);
.text	0x49a050	0x49a2a7	599	599	fcn.0049a050	native_stub_0049a050_fcn_0049a050	r2_discovered	19	137	25	2	9	0	1	24	0	fcn.0049a050 (int64_t arg1);
.text	0x49a2d0	0x49a380	176	176	fcn.0049a2d0	native_stub_0049a2d0_fcn_0049a2d0	r2_discovered	3	44	2	2	4	0	1	24	0	fcn.0049a2d0 (int64_t arg1);
.text	0x49a390	0x49a6f1	865	865	fcn.0049a390	native_stub_0049a390_fcn_0049a390	r2_discovered	35	206	51	2	9	0	1	56	0	fcn.0049a390 (int64_t arg1);
.text	0x49a730	0x49a818	232	232	fcn.0049a730	native_stub_0049a730_fcn_0049a730	r2_discovered	7	51	9	13	4	2	3	24	0	fcn.0049a730 (uint32_t arg1, int64_t arg2, int64_t arg3);
.text	0x49a820	0x49a8e8	200	200	fcn.0049a820	native_stub_0049a820_fcn_0049a820	r2_discovered	10	50	14	1	4	1	1	40	0	fcn.0049a820 (uint32_t arg1);
.text	0x49a900	0x49a90f	15	15	fcn.0049a900	native_stub_0049a900_fcn_0049a900	r2_discovered	1	3	0	6	0	0	0	0	0	fcn.0049a900 ();
.text	0x49a910	0x49aac2	434	434	fcn.0049a910	native_stub_0049a910_fcn_0049a910	r2_discovered	13	98	17	6	10	1	1	56	0	fcn.0049a910 (int64_t arg1);
.text	0x49aaf0	0x49b344	2132	2132	fcn.0049aaf0	native_stub_0049aaf0_fcn_0049aaf0	r2_discovered	73	502	109	1	29	3	1	88	0	fcn.0049aaf0 (int64_t arg1);
.text	0x49b370	0x49b48d	285	285	fcn.0049b370	native_stub_0049b370_fcn_0049b370	r2_discovered	12	70	17	2	5	0	1	24	0	fcn.0049b370 (int64_t arg1);
.text	0x49b4a0	0x49ba82	1506	1506	fcn.0049b4a0	native_stub_0049b4a0_fcn_0049b4a0	r2_discovered	58	324	85	4	26	0	2	40	0	fcn.0049b4a0 (int64_t arg1, int64_t arg2);
.text	0x49bab0	0x49bae5	53	53	fcn.0049bab0	native_stub_0049bab0_fcn_0049bab0	r2_discovered	5	19	5	5	0	0	4	0	0	fcn.0049bab0 (int64_t arg1, int64_t arg2, uint32_t arg3, int64_t arg4);
.text	0x49baf0	0x49bb83	147	147	fcn.0049baf0	native_stub_0049baf0_fcn_0049baf0	r2_discovered	4	32	6	2	2	1	2	216	0	fcn.0049baf0 (void *s2, int64_t arg2);
.text	0x49bfd1	0x49d5e0	5647	5647	fcn.0049bfd1	native_stub_0049bfd1_fcn_0049bfd1	r2_discovered	188	1214	295	1	73	0	19	0	0	fcn.0049bfd1 (int64_t arg_8h, int64_t arg_10h, int64_t arg_18h, int64_t arg_20h, int64_t arg_30h, int64_t arg_38h, int64_t arg_48h, signed int64_t arg_4ch, int64_t arg_50h, uint32_t arg_58h, int64_t arg_60h, int64_t arg_68h, int64_t arg_6ah, int64_t arg_6bh, int64_t arg_6ch, void **s1, int64_t arg_78h, int64_t arg_7bh, int64_t arg_7ch);
.text	0x49d220	0x49d310	240	240	fcn.0049d220	native_stub_0049d220_fcn_0049d220	r2_discovered	9	64	10	11	7	0	1	24	0	fcn.0049d220 (int64_t arg1);
.text	0x49d320	0x49d878	1368	1368	fcn.0049d320	native_stub_0049d320_fcn_0049d320	r2_discovered	75	305	120	1	24	6	3	56	0	fcn.0049d320 (uint32_t arg1, int64_t arg2, int64_t arg3);
.text	0x49d8b0	0x49dadb	555	555	fcn.0049d8b0	native_stub_0049d8b0_fcn_0049d8b0	r2_discovered	26	127	36	2	8	1	1	40	0	fcn.0049d8b0 (int64_t arg1);
.text	0x49daf0	0x49dcfd	525	525	fcn.0049daf0	native_stub_0049daf0_fcn_0049daf0	r2_discovered	16	112	21	2	8	0	1	24	0	fcn.0049daf0 (int64_t arg1);
.text	0x49dd10	0x49e3d4	1732	1732	fcn.0049dd10	native_stub_0049dd10_fcn_0049dd10	r2_discovered	71	388	112	2	27	2	1	88	0	fcn.0049dd10 (int64_t arg1);
.text	0x49e410	0x49e477	103	103	fcn.0049e410	native_stub_0049e410_fcn_0049e410	r2_discovered	11	29	13	2	0	0	2	0	0	fcn.0049e410 (uint32_t arg1, uint32_t arg2);
.text	0x49e770	0x49e89c	300	300	fcn.0049e770	native_stub_0049e770_fcn_0049e770	r2_discovered	10	61	15	410	2	19	12	760	0	fcn.0049e770 (int64_t arg1, int64_t arg2, int64_t arg3, int64_t arg4, char *format, int64_t arg6, int64_t arg7, int64_t arg8, int64_t arg9, int64_t arg10, int64_t arg11, int64_t arg_300h);
.text	0x49e8b0	0x49e954	164	164	fcn.0049e8b0	native_stub_0049e8b0_fcn_0049e8b0	r2_discovered	6	40	9	120	2	4	6	552	0	fcn.0049e8b0 (int64_t arg1, uint32_t arg2, int64_t arg3, int64_t arg4, int64_t arg5, uint32_t arg6);
.text	0x49e960	0x49eb85	549	549	fcn.0049e960	native_stub_0049e960_fcn_0049e960	r2_discovered	16	136	25	69	9	6	7	616	0	fcn.0049e960 (int64_t arg1, signed int64_t arg2, int64_t arg3, int64_t arg4, char *arg5, void **arg6, uint32_t arg_270h);
.text	0x49eba0	0x49ee6e	718	718	fcn.0049eba0	native_stub_0049eba0_fcn_0049eba0	r2_discovered	37	191	55	19	8	7	6	616	0	fcn.0049eba0 (int64_t arg1, signed int64_t arg2, int64_t arg3, int64_t arg4, int64_t arg5, int64_t arg6);
.text	0x49ebd0	0x49ecb9	233	233	fcn.0049ebd0	native_stub_0049ebd0_fcn_0049ebd0	r2_discovered	5	55	7	7	4	6	6	568	0	fcn.0049ebd0 (int64_t arg1, uint32_t arg2, int64_t arg3, char *arg4, char *arg5, int64_t arg6);
.text	0x49ecc0	0x49ef31	625	625	fcn.0049ecc0	native_stub_0049ecc0_fcn_0049ecc0	r2_discovered	22	155	36	4	11	9	6	2152	0	fcn.0049ecc0 (int64_t arg1, uint32_t arg2, int64_t arg3, char *arg4, char *arg5, int64_t arg6);
.text	0x49ef50	0x49ef97	71	71	fcn.0049ef50	native_stub_0049ef50_fcn_0049ef50	r2_discovered	6	28	7	1	1	0	1	24	0	fcn.0049ef50 (int64_t arg1);
.text	0x49efb0	0x49efd4	36	36	fcn.0049efb0	native_stub_0049efb0_fcn_0049efb0	r2_discovered	6	13	7	7	0	0	1	0	0	fcn.0049efb0 (uint32_t arg1);
.text	0x49eff0	0x49f067	119	119	fcn.0049eff0	native_stub_0049eff0_fcn_0049eff0	r2_discovered	9	34	12	1	1	0	0	24	0	fcn.0049eff0 ();
.text	0x49f070	0x49f093	35	35	fcn.0049f070	native_stub_0049f070_fcn_0049f070	r2_discovered	3	10	2	3	1	0	0	8	0	fcn.0049f070 ();
.text	0x49f0c0	0x49f0d9	25	25	fcn.0049f0c0	native_stub_0049f0c0_fcn_0049f0c0	r2_discovered	3	8	3	3	0	0	1	0	0	fcn.0049f0c0 (int64_t arg1);
.text	0x49f0e0	0x49f104	36	36	fcn.0049f0e0	native_stub_0049f0e0_fcn_0049f0e0	r2_discovered	4	11	4	1	0	0	1	0	0	fcn.0049f0e0 (uint32_t arg1);
.text	0x49f110	0x49f120	16	16	fcn.0049f110	native_stub_0049f110_fcn_0049f110	r2_discovered	1	6	0	1	0	0	1	0	0	fcn.0049f110 (int64_t arg1);
.text	0x49f120	0x4a03ad	4749	4749	fcn.0049f120	native_stub_0049f120_fcn_0049f120	r2_discovered	136	1041	215	1	62	6	1	120	0	fcn.0049f120 (int64_t arg1);
.text	0x4a03f0	0x4a062e	574	574	fcn.004a03f0	native_stub_004a03f0_fcn_004a03f0	r2_discovered	13	125	18	2	8	8	3	88	0	fcn.004a03f0 (uint32_t arg1, int64_t arg2, size_t *arg3);
.text	0x4a0650	0x4a0701	177	177	fcn.004a0650	native_stub_004a0650_fcn_004a0650	r2_discovered	5	42	6	2	5	0	1	8	0	fcn.004a0650 (int64_t arg1);
.text	0x4a0710	0x4a1241	2865	2865	fcn.004a0710	native_stub_004a0710_fcn_004a0710	r2_discovered	77	604	113	1	68	16	1	408	0	fcn.004a0710 (int64_t arg1);
.text	0x4a1270	0x4a3b2e	10430	10430	fcn.004a1270	native_stub_004a1270_fcn_004a1270	r2_discovered	363	2196	559	1	169	21	1	216	0	fcn.004a1270 (uint32_t arg1);
.text	0x4a3b70	0x4a3d2c	444	444	fcn.004a3b70	native_stub_004a3b70_fcn_004a3b70	r2_discovered	24	110	35	4	4	0	3	40	0	fcn.004a3b70 (int64_t arg1, uint32_t arg2, uint32_t arg3);
.text	0x4a3d40	0x4a479b	2651	2651	fcn.004a3d40	native_stub_004a3d40_fcn_004a3d40	r2_discovered	88	564	137	1	58	14	1	392	0	fcn.004a3d40 (int64_t arg1);
.text	0x4a47d0	0x4a48e0	272	272	fcn.004a47d0	native_stub_004a47d0_fcn_004a47d0	r2_discovered	9	65	11	2	4	4	3	40	0	fcn.004a47d0 (int64_t arg1, uint32_t arg2, uint32_t arg3);
.text	0x4a48f0	0x4a4bcd	733	733	fcn.004a48f0	native_stub_004a48f0_fcn_004a48f0	r2_discovered	32	178	49	2	8	7	4	184	0	fcn.004a48f0 (int64_t arg1, uint32_t arg2, int64_t arg3, int64_t arg4);
.text	0x4a4be0	0x4a6a5e	7806	7806	fcn.004a4be0	native_stub_004a4be0_fcn_004a4be0	r2_discovered	324	1681	519	1	95	24	1	392	0	fcn.004a4be0 (int64_t arg1);
.text	0x4a8259	0x4a8271	24	24	fcn.004a8259	native_stub_004a8259_fcn_004a8259	r2_discovered	1	6	0	1	0	0	0	8	0	fcn.004a8259 ();
.text	0x4a8bb0	0x4a8c2f	127	127	fcn.004a8bb0	native_stub_004a8bb0_fcn_004a8bb0	r2_discovered	15	39	22	3	0	0	1	0	0	fcn.004a8bb0 (int64_t arg1);
.text	0x4a8c40	0x4a8d43	259	259	fcn.004a8c40	native_stub_004a8c40_fcn_004a8c40	r2_discovered	25	76	38	11	5	0	1	24	0	fcn.004a8c40 (int64_t arg1);
.text	0x4a8d50	0x4a93d7	1671	1671	fcn.004a8d50	native_stub_004a8d50_fcn_004a8d50	r2_discovered	86	383	139	4	35	15	3	200	0	fcn.004a8d50 (int64_t arg1, int64_t arg2, int64_t arg3);
.text	0x4a9410	0x4a9524	276	276	fcn.004a9410	native_stub_004a9410_fcn_004a9410	r2_discovered	18	83	25	1	6	4	3	120	0	fcn.004a9410 (int64_t arg1, int64_t arg2, int64_t arg3);
.text	0x4a95d0	0x4a9612	66	66	fcn.004a95d0	native_stub_004a95d0_fcn_004a95d0	r2_discovered	9	26	11	4	0	0	3	8	0	fcn.004a95d0 (int64_t arg1, int64_t arg2, uint32_t arg3);
.text	0x4a9620	0x4a9774	340	340	fcn.004a9620	native_stub_004a9620_fcn_004a9620	r2_discovered	32	95	54	2	3	0	2	40	0	fcn.004a9620 (int64_t arg1, int64_t arg2);
.text	0x4a9790	0x4a983b	171	171	fcn.004a9790	native_stub_004a9790_fcn_004a9790	r2_discovered	14	52	23	2	2	2	3	24	0	fcn.004a9790 (int64_t arg1, int64_t arg2, int64_t arg3);
.text	0x4a9850	0x4a98a0	80	80	fcn.004a9850	native_stub_004a9850_fcn_004a9850	r2_discovered	9	31	12	4	1	0	3	8	0	fcn.004a9850 (int64_t arg1, uint32_t arg2, int64_t arg3);
.text	0x4a98b0	0x4aa335	2693	2693	fcn.004a98b0	native_stub_004a98b0_fcn_004a98b0	r2_discovered	143	679	251	1	42	6	4	152	0	fcn.004a98b0 (int64_t arg1, int64_t arg2, int64_t arg3, int64_t arg4);
.text	0x4aa430	0x4aa46b	59	59	fcn.004aa430	native_stub_004aa430_fcn_004aa430	r2_discovered	5	18	6	3	0	0	2	0	0	fcn.004aa430 (int64_t arg1, uint32_t arg2);
.text	0x4aa470	0x4aa525	181	181	fcn.004aa470	native_stub_004aa470_fcn_004aa470	r2_discovered	12	50	19	5	3	4	4	40	0	fcn.004aa470 (int64_t arg1, int64_t arg2, int64_t arg3, int64_t arg4);
.text	0x4aa540	0x4aa5bf	127	127	fcn.004aa540	native_stub_004aa540_fcn_004aa540	r2_discovered	11	42	16	1	2	0	3	40	0	fcn.004aa540 (int64_t arg1, int64_t arg2, int64_t arg3);
.text	0x4aa5d0	0x4aa639	105	105	fcn.004aa5d0	native_stub_004aa5d0_fcn_004aa5d0	r2_discovered	11	35	17	1	2	0	2	24	0	fcn.004aa5d0 (int64_t arg1, int64_t arg2);
.text	0x4aa650	0x4aa829	473	473	fcn.004aa650	native_stub_004aa650_fcn_004aa650	r2_discovered	15	125	24	2	10	5	4	168	0	fcn.004aa650 (int64_t arg1, int64_t arg2, int64_t arg3, int64_t arg4);
.text	0x4aa830	0x4aab60	816	816	fcn.004aa830	native_stub_004aa830_fcn_004aa830	r2_discovered	32	194	51	4	13	9	9	200	0	fcn.004aa830 (int64_t arg1, uint32_t arg2, int64_t arg3, int64_t arg4, int64_t arg5, int64_t arg6, int64_t arg_d0h, uint32_t arg_d8h, int64_t arg_e0h);
.text	0x4aab80	0x4aaf42	962	962	fcn.004aab80	native_stub_004aab80_fcn_004aab80	r2_discovered	36	217	58	2	15	9	9	200	0	fcn.004aab80 (int64_t arg1, int64_t arg2, uint32_t arg3, int64_t arg4, int64_t arg5, int64_t arg6, int64_t arg_d0h, int64_t arg_d8h, uint32_t arg_e0h);
.text	0x4aaf50	0x4ab285	821	821	fcn.004aaf50	native_stub_004aaf50_fcn_004aaf50	r2_discovered	43	202	71	2	15	7	8	120	0	fcn.004aaf50 (int64_t arg1, uint32_t arg2, int64_t arg3, int64_t arg4, char *s, int64_t arg6, int64_t arg_80h, int64_t arg_88h);
.text	0x4ab2c0	0x4ab2e9	41	41	fcn.004ab2c0	native_stub_004ab2c0_fcn_004ab2c0	r2_discovered	1	10	0	4	1	1	4	24	0	fcn.004ab2c0 (int64_t arg4, int64_t arg5, int64_t arg6, int64_t arg_20h);
.text	0x4ab2f0	0x4ab36f	127	127	fcn.004ab2f0	native_stub_004ab2f0_fcn_004ab2f0	r2_discovered	15	39	22	12	0	0	1	0	0	fcn.004ab2f0 (int64_t arg1);
.text	0x4ab380	0x4ab513	403	403	fcn.004ab380	native_stub_004ab380_fcn_004ab380	r2_discovered	35	111	54	17	8	0	1	24	0	fcn.004ab380 (int64_t arg1);
.text	0x4ab520	0x4ac09f	2943	2943	fcn.004ab520	native_stub_004ab520_fcn_004ab520	r2_discovered	143	620	241	8	48	25	3	296	0	fcn.004ab520 (uint32_t arg1, int64_t arg2, int64_t arg3);
.text	0x4ac0d0	0x4ac27e	430	430	fcn.004ac0d0	native_stub_004ac0d0_fcn_004ac0d0	r2_discovered	23	102	36	5	7	11	3	136	0	fcn.004ac0d0 (int64_t arg1, uint32_t arg2, int64_t arg3);
.text	0x4ac2a0	0x4ac310	112	112	fcn.004ac2a0	native_stub_004ac2a0_fcn_004ac2a0	r2_discovered	7	33	8	1	3	3	2	40	0	fcn.004ac2a0 (int64_t arg1, int64_t arg2);
.text	0x4ac420	0x4ac4a2	130	130	fcn.004ac420	native_stub_004ac420_fcn_004ac420	r2_discovered	16	45	25	2	0	0	1	0	0	fcn.004ac420 (uint32_t arg1);
.text	0x4ac4b0	0x4ac502	82	82	fcn.004ac4b0	native_stub_004ac4b0_fcn_004ac4b0	r2_discovered	16	33	22	2	0	0	2	0	0	fcn.004ac4b0 (signed int arg1, int64_t arg2);
.text	0x4ac510	0x4ac56d	93	93	fcn.004ac510	native_stub_004ac510_fcn_004ac510	r2_discovered	4	30	4	2	2	1	1	24	0	fcn.004ac510 (int64_t arg1);
.text	0x4ac570	0x4ac5e3	115	115	fcn.004ac570	native_stub_004ac570_fcn_004ac570	r2_discovered	7	40	8	2	1	0	3	24	0	fcn.004ac570 (uint32_t arg1, uint32_t arg2, uint32_t arg3);
.text	0x4ac5f0	0x4ac60d	29	29	fcn.004ac5f0	native_stub_004ac5f0_fcn_004ac5f0	r2_discovered	1	9	0	1	1	0	0	8	0	fcn.004ac5f0 ();
.text	0x4ac610	0x4ac62d	29	29	fcn.004ac610	native_stub_004ac610_fcn_004ac610	r2_discovered	1	9	0	5	1	0	0	8	0	fcn.004ac610 ();
.text	0x4ac630	0x4ac9c7	919	919	fcn.004ac630	native_stub_004ac630_fcn_004ac630	r2_discovered	48	202	82	1	13	20	4	200	0	fcn.004ac630 (uint32_t arg1, int64_t arg2, int64_t arg3, int64_t arg4);
.text	0x4ac9e0	0x4acb8f	431	431	fcn.004ac9e0	native_stub_004ac9e0_fcn_004ac9e0	r2_discovered	29	124	46	3	6	1	3	72	0	fcn.004ac9e0 (uint32_t arg1, uint32_t arg2, int64_t arg3);
.text	0x4acba0	0x4ad050	1200	1200	fcn.004acba0	native_stub_004acba0_fcn_004acba0	r2_discovered	43	328	75	5	4	1	3	40	0	fcn.004acba0 (uint32_t arg1, int64_t arg2, int64_t arg3);
.text	0x4ad070	0x4ad0e4	116	116	fcn.004ad070	native_stub_004ad070_fcn_004ad070	r2_discovered	6	32	7	2	1	4	3	40	0	fcn.004ad070 (uint32_t arg1, int64_t arg2, int64_t arg3);
.text	0x4ad100	0x4ad1e4	228	228	fcn.004ad100	native_stub_004ad100_fcn_004ad100	r2_discovered	15	59	22	2	4	5	4	56	0	fcn.004ad100 (int64_t arg2, int64_t arg3, int64_t arg4, uint32_t arg5);
.text	0x4ad200	0x4ad290	144	144	fcn.004ad200	native_stub_004ad200_fcn_004ad200	r2_discovered	6	41	8	2	2	3	4	40	0	fcn.004ad200 (uint32_t arg1, uint32_t arg2, int64_t arg3, int64_t arg4);
.text	0x4ad2a0	0x4ad440	416	416	fcn.004ad2a0	native_stub_004ad2a0_fcn_004ad2a0	r2_discovered	27	119	45	3	5	3	3	344	0	fcn.004ad2a0 (int64_t arg1, int64_t arg2, int64_t arg3);
.text	0x4ad450	0x4ad559	265	265	fcn.004ad450	native_stub_004ad450_fcn_004ad450	r2_discovered	19	85	28	2	2	2	3	72	0	fcn.004ad450 (int64_t arg1, int64_t arg2, int64_t arg3);
.text	0x4ad570	0x4ad6d2	354	354	fcn.004ad570	native_stub_004ad570_fcn_004ad570	r2_discovered	16	90	23	2	8	8	6	88	0	fcn.004ad570 (int64_t arg1, int64_t arg2, int64_t arg3, int64_t arg4, int64_t arg5, int64_t arg6);
.text	0x4ad6f0	0x4ad71b	43	43	fcn.004ad6f0	native_stub_004ad6f0_fcn_004ad6f0	r2_discovered	4	17	4	1	1	0	3	8	0	fcn.004ad6f0 (char *s, int64_t arg2, char *arg3);
.text	0x4ad720	0x4ad74e	46	46	fcn.004ad720	native_stub_004ad720_fcn_004ad720	r2_discovered	3	16	3	5	2	0	1	40	0	fcn.004ad720 (int64_t arg1);
.text	0x4ad750	0x4ad77e	46	46	fcn.004ad750	native_stub_004ad750_fcn_004ad750	r2_discovered	3	16	3	4	2	0	1	40	0	fcn.004ad750 (int64_t arg1);
.text	0x4ad930	0x4adc61	817	817	fcn.004ad930	native_stub_004ad930_fcn_004ad930	r2_discovered	14	229	18	1	0	6	0	2000	0	fcn.004ad930 ();
.text	0x4adc80	0x4adcff	127	127	fcn.004adc80	native_stub_004adc80_fcn_004adc80	r2_discovered	15	39	22	7	0	0	1	0	0	fcn.004adc80 (int64_t arg1);
.text	0x4add10	0x4add2e	30	30	fcn.004add10	native_stub_004add10_fcn_004add10	r2_discovered	4	9	5	7	0	0	1	0	0	fcn.004add10 (uint32_t arg1);
.text	0x4add30	0x4ae1d2	1186	1186	fcn.004add30	native_stub_004add30_fcn_004add30	r2_discovered	38	311	49	11	27	0	3	40	0	fcn.004add30 (int64_t arg1, int64_t arg2, int64_t arg3);
.text	0x4ae080	0x4ae218	408	408	fcn.004ae080	native_stub_004ae080_fcn_004ae080	r2_discovered	11	113	15	5	5	3	3	360	0	fcn.004ae080 (int64_t arg1, int64_t arg2, int64_t arg3);
.text	0x4ae220	0x4ae718	1272	1272	fcn.004ae220	native_stub_004ae220_fcn_004ae220	r2_discovered	5	357	6	1	0	4	3	48	0	fcn.004ae220 (int64_t arg1, int64_t arg2, int64_t arg3);
.text	0x4ae720	0x4aec13	1267	1267	fcn.004ae720	native_stub_004ae720_fcn_004ae720	r2_discovered	5	359	6	1	0	2	3	48	0	fcn.004ae720 (int64_t arg1, int64_t arg2, int64_t arg3);
.text	0x4aec20	0x4aed0d	237	237	fcn.004aec20	native_stub_004aec20_fcn_004aec20	r2_discovered	12	65	15	13	3	4	4	40	0	fcn.004aec20 (int64_t arg1, int64_t arg2, int64_t arg3, int64_t arg4);
.text	0x4aecc0	0x4aedc5	261	261	fcn.004aecc0	native_stub_004aecc0_fcn_004aecc0	r2_discovered	16	80	23	6	2	1	6	72	0	fcn.004aecc0 (int64_t arg1, int64_t arg2, int64_t arg3, int64_t arg4, int64_t arg5, int64_t arg6);
.text	0x4aedd0	0x4aeeaf	223	223	fcn.004aedd0	native_stub_004aedd0_fcn_004aedd0	r2_discovered	13	73	20	3	2	1	7	72	0	fcn.004aedd0 (int64_t arg1, int64_t arg2, int64_t arg3, int64_t arg4, int64_t arg5, int64_t arg6, int64_t arg_50h);
.text	0x4aef80	0x4af02a	170	170	fcn.004aef80	native_stub_004aef80_fcn_004aef80	r2_discovered	9	56	13	3	1	1	7	72	0	fcn.004aef80 (int64_t arg1, int64_t arg2, int64_t arg3, int64_t arg4, int64_t arg5, int64_t arg6, int64_t arg_50h);
.text	0x4af830	0x4af86b	59	59	fcn.004af830	native_stub_004af830_fcn_004af830	r2_discovered	3	17	2	5	0	0	2	8	0	fcn.004af830 (int64_t arg1, int64_t arg4);
.text	0x4af8d0	0x4afa38	360	360	fcn.004af8d0	native_stub_004af8d0_fcn_004af8d0	r2_discovered	5	83	6	1	0	0	3	0	0	fcn.004af8d0 (int64_t arg1, int64_t arg2, int64_t arg3);
.text	0x4afa40	0x4afabe	126	126	fcn.004afa40	native_stub_004afa40_fcn_004afa40	r2_discovered	5	36	6	1	0	0	3	0	0	fcn.004afa40 (int64_t arg1, uint32_t arg2, int64_t arg3);
.text	0x4afafa	0x4afb27	45	45	fcn.004afafa	native_stub_004afafa_fcn_004afafa	r2_discovered	1	11	0	10	0	0	3	0	0	fcn.004afafa (int64_t arg1, int64_t arg7, int64_t arg8);
.text	0x4afbb7	0x4afc16	95	95	fcn.004afbb7	native_stub_004afbb7_fcn_004afbb7	r2_discovered	1	22	0	7	0	0	4	0	0	fcn.004afbb7 (int64_t arg1, int64_t arg7, int64_t arg8, int64_t arg9);
.text	0x4afc8b	0x4afcd2	71	71	fcn.004afc8b	native_stub_004afc8b_fcn_004afc8b	r2_discovered	1	17	0	8	0	0	4	0	0	fcn.004afc8b (int64_t arg1, int64_t arg7, int64_t arg8, int64_t arg9);
.text	0x4afd30	0x4afe34	260	260	fcn.004afd30	native_stub_004afd30_fcn_004afd30	r2_discovered	20	76	29	7	0	0	3	0	0	fcn.004afd30 (uint32_t arg1, uint32_t arg2, int64_t arg3);
.text	0x4afe70	0x4afe9f	47	47	fcn.004afe70	native_stub_004afe70_fcn_004afe70	r2_discovered	5	15	5	68	0	0	4	0	0	fcn.004afe70 (uint32_t arg1, uint32_t arg2, uint32_t arg3, uint32_t arg4);
.text	0x4afeb0	0x4aff0a	90	90	fcn.004afeb0	native_stub_004afeb0_fcn_004afeb0	r2_discovered	5	25	6	2	1	3	3	40	0	fcn.004afeb0 (uint32_t arg1, int64_t arg2, int64_t arg3);
.text	0x4aff10	0x4aff8d	125	125	fcn.004aff10	native_stub_004aff10_fcn_004aff10	r2_discovered	7	38	10	13	1	1	3	40	0	fcn.004aff10 (uint32_t arg1, uint32_t arg2, int64_t arg3);
.text	0x4aff90	0x4affde	78	78	fcn.004aff90	native_stub_004aff90_fcn_004aff90	r2_discovered	3	20	3	17	2	3	3	40	0	fcn.004aff90 (uint32_t arg1, int64_t arg2, int64_t arg3);
.text	0x4affe0	0x4b0069	137	137	fcn.004affe0	native_stub_004affe0_fcn_004affe0	r2_discovered	7	39	9	2	1	2	3	24	0	fcn.004affe0 (uint32_t arg1, int64_t arg2, uint32_t arg3);
.text	0x4b0080	0x4b00d1	81	81	fcn.004b0080	native_stub_004b0080_fcn_004b0080	r2_discovered	5	27	6	3	1	0	3	24	0	fcn.004b0080 (uint32_t arg1, int64_t arg2, int64_t arg3);
.text	0x4b00e0	0x4b01ba	218	218	fcn.004b00e0	native_stub_004b00e0_fcn_004b00e0	r2_discovered	13	68	19	1	3	1	4	72	0	fcn.004b00e0 (uint32_t arg1, int64_t arg2, int64_t arg3, int64_t arg4);
.text	0x4b01d0	0x4b02d6	262	262	fcn.004b01d0	native_stub_004b01d0_fcn_004b01d0	r2_discovered	11	70	16	6	3	5	4	56	0	fcn.004b01d0 (int64_t arg1, int64_t arg2, int64_t arg3, int64_t arg4);
.text	0x4b02e0	0x4b032d	77	77	fcn.004b02e0	native_stub_004b02e0_fcn_004b02e0	r2_discovered	7	20	10	2	1	2	0	40	0	fcn.004b02e0 ();
.text	0x4b0330	0x4b035e	46	46	fcn.004b0330	native_stub_004b0330_fcn_004b0330	r2_discovered	4	16	5	1	2	0	1	8	0	fcn.004b0330 (void **ptr);
.text	0x4b03a0	0x4b03de	62	62	fcn.004b03a0	native_stub_004b03a0_fcn_004b03a0	r2_discovered	6	25	9	1	1	0	3	24	0	fcn.004b03a0 (int64_t arg1, int64_t arg2, int64_t arg3);
.text	0x4b03f0	0x4b0453	99	99	fcn.004b03f0	native_stub_004b03f0_fcn_004b03f0	r2_discovered	8	36	9	3	0	0	3	0	0	fcn.004b03f0 (int64_t arg1, uint32_t arg2, int64_t arg3);
.text	0x4b0460	0x4b04da	122	122	fcn.004b0460	native_stub_004b0460_fcn_004b0460	r2_discovered	8	39	11	3	0	0	3	0	0	fcn.004b0460 (uint32_t arg1, int64_t arg2, int64_t arg3);
.text	0x4b04e0	0x4b0864	900	900	fcn.004b04e0	native_stub_004b04e0_fcn_004b04e0	r2_discovered	12	287	17	3	0	0	4	8	0	fcn.004b04e0 (int64_t arg1, int64_t arg2, int64_t arg3, int64_t arg4);
.text	0x4b0870	0x4b088d	29	29	fcn.004b0870	native_stub_004b0870_fcn_004b0870	r2_discovered	3	6	3	114	0	0	1	0	0	fcn.004b0870 (int64_t arg1);
.text	0x4b0890	0x4b08ea	90	90	fcn.004b0890	native_stub_004b0890_fcn_004b0890	r2_discovered	8	24	11	213	1	0	1	8	0	fcn.004b0890 (uint32_t arg1);
.text	0x4b08f0	0x4b09ba	202	202	fcn.004b08f0	native_stub_004b08f0_fcn_004b08f0	r2_discovered	11	50	16	25	3	4	2	40	0	fcn.004b08f0 (int64_t arg1, uint32_t arg2);
.text	0x4b09d0	0x4b0aa4	212	212	fcn.004b09d0	native_stub_004b09d0_fcn_004b09d0	r2_discovered	18	63	25	2	3	0	2	24	0	fcn.004b09d0 (int64_t arg1, size_t nmeb);
.text	0x4b0ac0	0x4b0b91	209	209	fcn.004b0ac0	native_stub_004b0ac0_fcn_004b0ac0	r2_discovered	14	68	18	61	4	0	2	40	0	fcn.004b0ac0 (void *arg1, uint32_t arg2);
.text	0x4b0bb0	0x4b0bdd	45	45	fcn.004b0bb0	native_stub_004b0bb0_fcn_004b0bb0	r2_discovered	1	13	0	1	0	0	2	0	0	fcn.004b0bb0 (int64_t arg1, int64_t arg2);
.text	0x4b0be0	0x4b0c8f	175	175	fcn.004b0be0	native_stub_004b0be0_fcn_004b0be0	r2_discovered	9	57	13	4	1	0	3	24	0	fcn.004b0be0 (int64_t arg1, int64_t arg2, int64_t arg3);
.text	0x4b0c90	0x4b0d77	231	231	fcn.004b0c90	native_stub_004b0c90_fcn_004b0c90	r2_discovered	8	68	12	4	2	2	3	24	0	fcn.004b0c90 (uint32_t arg1, int64_t arg2, int64_t arg3);
.text	0x4b0d80	0x4b0dea	106	106	fcn.004b0d80	native_stub_004b0d80_fcn_004b0d80	r2_discovered	3	30	3	36	2	2	2	0	0	fcn.004b0d80 (int64_t arg1, uint32_t arg2);
.text	0x4b0df0	0x4b0e1b	43	43	fcn.004b0df0	native_stub_004b0df0_fcn_004b0df0	r2_discovered	3	14	3	10	0	0	2	0	0	fcn.004b0df0 (int64_t arg1, uint32_t arg2);
.text	0x4b0e20	0x4b0eb5	149	149	fcn.004b0e20	native_stub_004b0e20_fcn_004b0e20	r2_discovered	7	42	10	6	1	4	2	40	0	fcn.004b0e20 (int64_t arg1, uint32_t arg2);
.text	0x4b0ec0	0x4b0f05	69	69	fcn.004b0ec0	native_stub_004b0ec0_fcn_004b0ec0	r2_discovered	9	25	11	5	0	0	1	0	0	fcn.004b0ec0 (int64_t arg1);
.text	0x4b0f10	0x4b0f87	119	119	fcn.004b0f10	native_stub_004b0f10_fcn_004b0f10	r2_discovered	14	37	20	29	0	0	1	0	0	fcn.004b0f10 (int64_t arg1);
.text	0x4b0fa0	0x4b0fb6	22	22	fcn.004b0fa0	native_stub_004b0fa0_fcn_004b0fa0	r2_discovered	1	6	0	20	1	0	0	8	0	fcn.004b0fa0 ();
.text	0x4b0fc0	0x4b106f	175	175	fcn.004b0fc0	native_stub_004b0fc0_fcn_004b0fc0	r2_discovered	12	66	18	14	2	0	3	40	0	fcn.004b0fc0 (uint32_t arg1, uint32_t arg2, uint32_t arg3);
.text	0x4b1080	0x4b10f9	121	121	fcn.004b1080	native_stub_004b1080_fcn_004b1080	r2_discovered	6	42	8	14	2	0	3	40	0	fcn.004b1080 (int64_t arg1, int64_t arg2, int64_t arg3);
.text	0x4b1100	0x4b1218	280	280	fcn.004b1100	native_stub_004b1100_fcn_004b1100	r2_discovered	17	87	25	12	2	0	2	40	0	fcn.004b1100 (int64_t arg1, int64_t arg2);
.text	0x4b1220	0x4b12ef	207	207	fcn.004b1220	native_stub_004b1220_fcn_004b1220	r2_discovered	17	60	26	32	0	0	2	0	0	fcn.004b1220 (uint32_t arg1, int64_t arg2);
.text	0x4b1300	0x4b13b8	184	184	fcn.004b1300	native_stub_004b1300_fcn_004b1300	r2_discovered	27	60	41	5	0	0	2	0	0	fcn.004b1300 (signed int64_t arg1, uint32_t arg2);
.text	0x4b13e0	0x4b1584	420	420	fcn.004b13e0	native_stub_004b13e0_fcn_004b13e0	r2_discovered	12	113	15	10	7	5	7	104	0	fcn.004b13e0 (uint32_t arg1, uint32_t arg2, uint32_t arg3, int64_t arg4, signed int64_t arg5, uint32_t arg6, int64_t arg_70h);
.text	0x4b1590	0x4b1667	215	215	fcn.004b1590	native_stub_004b1590_fcn_004b1590	r2_discovered	34	78	49	83	0	0	2	0	0	fcn.004b1590 (signed int64_t arg1, signed int64_t arg2);
.text	0x4b1680	0x4b16be	62	62	fcn.004b1680	native_stub_004b1680_fcn_004b1680	r2_discovered	1	15	0	75	1	3	1	56	0	fcn.004b1680 (int64_t arg2);
.text	0x4b16c0	0x4b17fb	315	315	fcn.004b16c0	native_stub_004b16c0_fcn_004b16c0	r2_discovered	23	99	36	10	3	0	3	40	0	fcn.004b16c0 (uint32_t arg1, int64_t arg2, int64_t arg3);
.text	0x4b1820	0x4b18e2	194	194	fcn.004b1820	native_stub_004b1820_fcn_004b1820	r2_discovered	16	62	24	25	6	0	3	72	0	fcn.004b1820 (signed int64_t arg1, signed int64_t arg2, int64_t arg3);
.text	0x4b1900	0x4b1992	146	146	fcn.004b1900	native_stub_004b1900_fcn_004b1900	r2_discovered	9	44	13	34	4	4	3	40	0	fcn.004b1900 (uint32_t arg1, uint32_t arg2, uint32_t arg3);
.text	0x4b19a0	0x4b1a32	146	146	fcn.004b19a0	native_stub_004b19a0_fcn_004b19a0	r2_discovered	8	44	12	32	4	4	3	40	0	fcn.004b19a0 (uint32_t arg1, uint32_t arg2, uint32_t arg3);
.text	0x4b1a40	0x4b1a7e	62	62	fcn.004b1a40	native_stub_004b1a40_fcn_004b1a40	r2_discovered	1	15	0	5	1	3	1	56	0	fcn.004b1a40 (int64_t arg3);
.text	0x4b1a80	0x4b1abe	62	62	fcn.004b1a80	native_stub_004b1a80_fcn_004b1a80	r2_discovered	1	15	0	9	1	3	1	56	0	fcn.004b1a80 (int64_t arg3);
.text	0x4b1ac0	0x4b1c41	385	385	fcn.004b1ac0	native_stub_004b1ac0_fcn_004b1ac0	r2_discovered	26	109	41	85	9	3	3	136	0	fcn.004b1ac0 (uint32_t arg1, uint32_t arg2, uint32_t arg3);
.text	0x4b1c60	0x4b1c91	49	49	fcn.004b1c60	native_stub_004b1c60_fcn_004b1c60	r2_discovered	1	10	0	7	1	3	1	56	0	fcn.004b1c60 (int64_t arg3);
.text	0x4b1ca0	0x4b1e79	473	473	fcn.004b1ca0	native_stub_004b1ca0_fcn_004b1ca0	r2_discovered	30	135	49	26	11	3	3	120	0	fcn.004b1ca0 (int64_t arg1, int64_t arg2, int64_t arg3);
.text	0x4b1fc0	0x4b2674	1716	1716	fcn.004b1fc0	native_stub_004b1fc0_fcn_004b1fc0	r2_discovered	62	357	103	4	43	28	4	312	0	fcn.004b1fc0 (int64_t arg1, int64_t arg2, int64_t arg3, int64_t arg4);
.text	0x4b2680	0x4b26be	62	62	fcn.004b2680	native_stub_004b2680_fcn_004b2680	r2_discovered	1	15	0	1	1	3	1	56	0	fcn.004b2680 (int64_t arg4);
.text	0x4b26c0	0x4b2720	96	96	fcn.004b26c0	native_stub_004b26c0_fcn_004b26c0	r2_discovered	6	33	10	24	4	0	3	24	0	fcn.004b26c0 (int64_t arg1, int64_t arg2, int64_t arg3);
.text	0x4b272a	0x4b2759	47	47	fcn.004b272a	native_stub_004b272a_fcn_004b272a	r2_discovered	7	19	8	1	2	0	0	0	0	fcn.004b272a ();
.text	0x4b2760	0x4b282a	202	202	fcn.004b2760	native_stub_004b2760_fcn_004b2760	r2_discovered	15	62	16	3	0	0	3	0	0	fcn.004b2760 (int64_t arg1, uint32_t arg2, uint32_t arg3);
.text	0x4b2830	0x4b28a5	117	117	fcn.004b2830	native_stub_004b2830_fcn_004b2830	r2_discovered	9	40	12	3	2	1	1	40	0	fcn.004b2830 (int64_t arg1);
.text	0x4b28b0	0x4b2984	212	212	fcn.004b28b0	native_stub_004b28b0_fcn_004b28b0	r2_discovered	10	65	15	2	4	6	3	56	0	fcn.004b28b0 (uint32_t arg1, int64_t arg2, int64_t arg3);
.text	0x4b2990	0x4b2b79	489	489	fcn.004b2990	native_stub_004b2990_fcn_004b2990	r2_discovered	27	126	42	1	6	2	5	104	0	fcn.004b2990 (int64_t arg1, int64_t arg2, int64_t arg3, int64_t arg4, int64_t arg5);
.text	0x4b2d10	0x4b369e	2446	2446	fcn.004b2d10	native_stub_004b2d10_fcn_004b2d10	r2_discovered	90	535	145	11	37	26	5	3400	0	fcn.004b2d10 (uint32_t arg1, uint32_t arg2, int64_t arg3, int64_t arg4, uint32_t arg5);
.text	0x4b36d0	0x4b389f	463	463	fcn.004b36d0	native_stub_004b36d0_fcn_004b36d0	r2_discovered	18	113	30	6	24	4	3	136	0	fcn.004b36d0 (int64_t arg1, int64_t arg2, int64_t arg3);
.text	0x4b38b0	0x4b3910	96	96	fcn.004b38b0	native_stub_004b38b0_fcn_004b38b0	r2_discovered	4	24	5	11	1	2	4	1048	0	fcn.004b38b0 (int64_t arg1, uint32_t arg2, uint32_t arg3, int64_t arg4);
.text	0x4b3910	0x4b3cce	958	958	fcn.004b3910	native_stub_004b3910_fcn_004b3910	r2_discovered	40	220	68	3	35	13	3	232	0	fcn.004b3910 (int64_t arg1, int64_t arg2, int64_t arg3);
.text	0x4b3cf0	0x4b41e8	1272	1272	fcn.004b3cf0	native_stub_004b3cf0_fcn_004b3cf0	r2_discovered	50	285	87	11	51	14	3	328	0	fcn.004b3cf0 (int64_t arg1, int64_t arg2, int64_t arg3);
.text	0x4b4200	0x4b429a	154	154	fcn.004b4200	native_stub_004b4200_fcn_004b4200	r2_discovered	8	52	9	1	5	2	3	56	0	fcn.004b4200 (int64_t arg1, int64_t arg2, int64_t arg3);
.text	0x4b42a0	0x4b44c3	547	547	fcn.004b42a0	native_stub_004b42a0_fcn_004b42a0	r2_discovered	30	149	50	2	18	8	5	104	0	fcn.004b42a0 (int64_t arg1, int64_t arg2, int64_t arg3, int64_t arg4, int64_t arg5);
.text	0x4b4d90	0x4b4db5	37	37	fcn.004b4d90	native_stub_004b4d90_fcn_004b4d90	r2_discovered	5	12	7	4	0	0	1	0	0	fcn.004b4d90 (uint32_t arg1);
.text	0x4b4e10	0x4b4e4c	60	60	fcn.004b4e10	native_stub_004b4e10_fcn_004b4e10	r2_discovered	8	18	12	2	0	0	3	0	0	fcn.004b4e10 (uint32_t arg1, uint32_t arg2, uint32_t arg3);
.text	0x4b4e60	0x4b4edf	127	127	fcn.004b4e60	native_stub_004b4e60_fcn_004b4e60	r2_discovered	15	39	22	4	0	0	1	0	0	fcn.004b4e60 (int64_t arg1);
.text	0x4b4ef0	0x4b4f1e	46	46	fcn.004b4ef0	native_stub_004b4ef0_fcn_004b4ef0	r2_discovered	6	17	8	8	1	0	1	8	0	fcn.004b4ef0 (int64_t arg1);
.text	0x4b4f20	0x4b4f79	89	89	fcn.004b4f20	native_stub_004b4f20_fcn_004b4f20	r2_discovered	11	30	16	6	0	0	3	0	0	fcn.004b4f20 (int64_t arg1, uint32_t arg3, uint32_t arg4);
.text	0x4b4f80	0x4b4fdb	91	91	fcn.004b4f80	native_stub_004b4f80_fcn_004b4f80	r2_discovered	11	33	16	2	1	0	3	24	0	fcn.004b4f80 (int64_t arg1, int64_t arg2, uint32_t arg3);
.text	0x4b4ff0	0x4b500c	28	28	fcn.004b4ff0	native_stub_004b4ff0_fcn_004b4ff0	r2_discovered	4	9	4	2	0	0	1	0	0	fcn.004b4ff0 (uint32_t arg1);
.text	0x4b5070	0x4b53b8	840	840	fcn.004b5070	native_stub_004b5070_fcn_004b5070	r2_discovered	42	208	67	12	8	7	5	88	0	fcn.004b5070 (int64_t arg1, void *arg2, uint32_t arg3, void *arg4, int64_t arg5);
.text	0x4b53f0	0x4b5583	403	403	fcn.004b53f0	native_stub_004b53f0_fcn_004b53f0	r2_discovered	35	112	52	2	1	4	3	40	0	fcn.004b53f0 (uint32_t arg1, int64_t arg2, int64_t arg3);
.text	0x4b55b0	0x4b5662	178	178	fcn.004b55b0	native_stub_004b55b0_fcn_004b55b0	r2_discovered	11	46	6	3	0	0	2	0	0	fcn.004b55b0 (int64_t arg1, uint32_t arg2);
.text	0x4b5690	0x4b5785	245	245	fcn.004b5690	native_stub_004b5690_fcn_004b5690	r2_discovered	21	68	31	6	2	0	2	24	0	fcn.004b5690 (int64_t arg1, int64_t arg2);
.text	0x4b5890	0x4b5927	151	151	fcn.004b5890	native_stub_004b5890_fcn_004b5890	r2_discovered	6	42	9	5	4	5	5	56	0	fcn.004b5890 (int64_t arg1, int64_t arg4, int64_t arg5, int64_t arg6, int64_t arg_40h);
.text	0x4b5940	0x4b5a12	210	210	fcn.004b5940	native_stub_004b5940_fcn_004b5940	r2_discovered	5	50	6	1	0	0	11	56	0	fcn.004b5940 (int64_t arg1, int64_t arg2, int64_t arg3, int64_t arg4, int64_t arg5, int64_t arg6, int64_t arg_8h, int64_t arg_10h, int64_t arg_18h, int64_t arg_20h, int64_t arg_28h);
.text	0x4b5a20	0x4b5ade	190	190	fcn.004b5a20	native_stub_004b5a20_fcn_004b5a20	r2_discovered	6	50	8	1	2	3	11	40	0	fcn.004b5a20 (int64_t arg1, int64_t arg2, int64_t arg3, int64_t arg4, int64_t arg5, int64_t arg6, int64_t arg_30h, int64_t arg_38h, int64_t arg_40h, int64_t arg_48h, int64_t arg_50h);
.text	0x4b5fe0	0x4b609b	187	187	fcn.004b5fe0	native_stub_004b5fe0_fcn_004b5fe0	r2_discovered	8	57	11	4	2	1	2	88	0	fcn.004b5fe0 (int64_t arg1, int64_t arg2);
.text	0x4b60a0	0x4b6264	452	452	fcn.004b60a0	native_stub_004b60a0_fcn_004b60a0	r2_discovered	15	110	20	3	7	12	3	872	0	fcn.004b60a0 (int64_t arg1, int64_t arg2, uint32_t arg3);
.text	0x4b6270	0x4b62ef	127	127	fcn.004b6270	native_stub_004b6270_fcn_004b6270	r2_discovered	15	39	22	4	0	0	1	0	0	fcn.004b6270 (int64_t arg1);
.text	0x4b6300	0x4b632e	46	46	fcn.004b6300	native_stub_004b6300_fcn_004b6300	r2_discovered	4	14	5	3	1	0	1	8	0	fcn.004b6300 (int64_t arg1);
.text	0x4b6330	0x4b6334	4	4	fcn.004b6330	native_stub_004b6330_fcn_004b6330	r2_discovered	1	2	0	1	0	0	2	0	0	fcn.004b6330 (int64_t arg1, int64_t arg2);
.text	0x4b6360	0x4b6399	57	57	fcn.004b6360	native_stub_004b6360_fcn_004b6360	r2_discovered	3	17	3	1	2	0	3	56	0	fcn.004b6360 (int64_t arg1, int64_t arg2, int64_t arg3);
.text	0x4b63a0	0x4b647f	223	223	fcn.004b63a0	native_stub_004b63a0_fcn_004b63a0	r2_discovered	8	52	11	3	4	5	3	424	0	fcn.004b63a0 (int64_t arg1, int64_t arg2, int64_t arg3);
.text	0x4b6490	0x4b6557	199	199	fcn.004b6490	native_stub_004b6490_fcn_004b6490	r2_discovered	1	41	0	5	3	11	6	0	0	fcn.004b6490 (int64_t arg1, int64_t arg2, int64_t arg3, int64_t arg4, int64_t arg5, int64_t arg6);
.text	0x4b6560	0x4b656b	11	11	fcn.004b6560	native_stub_004b6560_fcn_004b6560	r2_discovered	1	2	1	1	0	0	5	104	0	fcn.004b6560 (int64_t arg1, int64_t arg2, int64_t arg3, int64_t arg4, int64_t arg5);
.text	0x4b66c0	0x4b680e	334	334	fcn.004b66c0	native_stub_004b66c0_fcn_004b66c0	r2_discovered	18	91	28	5	6	3	3	136	0	fcn.004b66c0 (int64_t arg1, int64_t arg2, uint32_t arg3);
.text	0x4b66d0	0x4b6749	121	121	fcn.004b66d0	native_stub_004b66d0_fcn_004b66d0	r2_discovered	6	35	7	1	4	0	2	280	0	fcn.004b66d0 (int64_t arg1, char *filename);
.text	0x4b6b10	0x4b6b8f	127	127	fcn.004b6b10	native_stub_004b6b10_fcn_004b6b10	r2_discovered	15	39	22	3	0	0	1	0	0	fcn.004b6b10 (int64_t arg1);
.text	0x4b6ba0	0x4b6bbe	30	30	fcn.004b6ba0	native_stub_004b6ba0_fcn_004b6ba0	r2_discovered	4	9	5	3	0	0	1	0	0	fcn.004b6ba0 (uint32_t arg1);
.text	0x4b6bc0	0x4b6c3f	127	127	fcn.004b6bc0	native_stub_004b6bc0_fcn_004b6bc0	r2_discovered	15	39	22	3	0	0	1	0	0	fcn.004b6bc0 (int64_t arg1);
.text	0x4b6c50	0x4b6c6e	30	30	fcn.004b6c50	native_stub_004b6c50_fcn_004b6c50	r2_discovered	4	9	5	3	0	0	1	0	0	fcn.004b6c50 (uint32_t arg1);
.text	0x4b6d30	0x4b71e5	1205	1205	fcn.004b6d30	native_stub_004b6d30_fcn_004b6d30	r2_discovered	8	322	11	7	0	0	2	8	0	fcn.004b6d30 (int64_t arg1, int64_t arg2);
.text	0x4b71f0	0x4b728b	155	155	fcn.004b71f0	native_stub_004b71f0_fcn_004b71f0	r2_discovered	3	37	3	2	3	0	3	24	0	fcn.004b71f0 (int64_t arg1, int64_t arg2, int64_t arg3);
.text	0x4b7290	0x4b7322	146	146	fcn.004b7290	native_stub_004b7290_fcn_004b7290	r2_discovered	3	40	3	2	2	0	3	24	0	fcn.004b7290 (int64_t arg1, int64_t arg2, int64_t arg3);
.text	0x4b7330	0x4b7340	16	16	fcn.004b7330	native_stub_004b7330_fcn_004b7330	r2_discovered	1	5	0	3	1	0	2	8	0	fcn.004b7330 (int64_t arg1, int64_t arg2);
.text	0x4b7340	0x4b7382	66	66	fcn.004b7340	native_stub_004b7340_fcn_004b7340	r2_discovered	3	23	3	4	1	0	2	8	0	fcn.004b7340 (int64_t arg1, int64_t arg2);
.text	0x4b7390	0x4b73c6	54	54	fcn.004b7390	native_stub_004b7390_fcn_004b7390	r2_discovered	3	14	3	3	1	1	2	392	0	fcn.004b7390 (int64_t arg1, int64_t arg2);
.text	0x4b73d0	0x4b740e	62	62	fcn.004b73d0	native_stub_004b73d0_fcn_004b73d0	r2_discovered	3	15	3	3	1	1	2	392	0	fcn.004b73d0 (int64_t arg1, int64_t arg2);
.text	0x4b7410	0x4b7446	54	54	fcn.004b7410	native_stub_004b7410_fcn_004b7410	r2_discovered	3	14	3	3	1	1	2	392	0	fcn.004b7410 (int64_t arg1, int64_t arg2);
.text	0x4b7450	0x4b748e	62	62	fcn.004b7450	native_stub_004b7450_fcn_004b7450	r2_discovered	3	15	3	4	1	1	2	392	0	fcn.004b7450 (int64_t arg1, int64_t arg2);
.text	0x4b7490	0x4b772d	669	669	fcn.004b7490	native_stub_004b7490_fcn_004b7490	r2_discovered	3	208	3	4	0	0	3	48	0	fcn.004b7490 (uint32_t arg1, int64_t arg2, int64_t arg3);
.text	0x4b7730	0x4b7803	211	211	fcn.004b7730	native_stub_004b7730_fcn_004b7730	r2_discovered	15	68	22	4	2	0	6	56	0	fcn.004b7730 (int64_t arg1, uint32_t arg2, int64_t arg3, int64_t arg4, int64_t arg5, int64_t arg6);
.text	0x4b7810	0x4b7cce	1214	1214	fcn.004b7810	native_stub_004b7810_fcn_004b7810	r2_discovered	7	359	9	4	0	0	3	48	0	fcn.004b7810 (uint32_t arg1, int64_t arg2, int64_t arg3);
.text	0x4b7cd0	0x4b7da3	211	211	fcn.004b7cd0	native_stub_004b7cd0_fcn_004b7cd0	r2_discovered	15	68	22	4	2	0	6	56	0	fcn.004b7cd0 (int64_t arg1, uint32_t arg2, int64_t arg3, int64_t arg4, int64_t arg5, int64_t arg6);
.text	0x4b7e73	0x4b81d6	867	867	fcn.004b7e73	native_stub_004b7e73_fcn_004b7e73	r2_discovered	51	207	71	1	24	0	5	0	0	fcn.004b7e73 (int64_t arg_8h, void *s1, int64_t arg_20h, int64_t arg_30h, int64_t arg_b0h);
.text	0x4b81c0	0x4b825c	156	156	fcn.004b81c0	native_stub_004b81c0_fcn_004b81c0	r2_discovered	5	42	7	6	8	4	2	88	0	fcn.004b81c0 (uint32_t arg1, uint32_t arg2);
.text	0x4b8270	0x4b82d5	101	101	fcn.004b8270	native_stub_004b8270_fcn_004b8270	r2_discovered	6	39	6	3	1	0	2	24	0	fcn.004b8270 (int64_t arg2, signed int64_t arg3);
.text	0x4b82e0	0x4b835f	127	127	fcn.004b82e0	native_stub_004b82e0_fcn_004b82e0	r2_discovered	15	39	22	2	0	0	1	0	0	fcn.004b82e0 (int64_t arg1);
.text	0x4b8370	0x4b841e	174	174	fcn.004b8370	native_stub_004b8370_fcn_004b8370	r2_discovered	6	50	9	1	5	6	3	56	0	fcn.004b8370 (int64_t arg1, int64_t arg2, int64_t arg3);
.text	0x4b8430	0x4b860e	478	478	fcn.004b8430	native_stub_004b8430_fcn_004b8430	r2_discovered	17	131	26	1	13	5	6	104	0	fcn.004b8430 (int64_t arg1, int64_t arg2, int64_t arg3, int64_t arg4, int64_t arg5, int64_t arg6);
.text	0x4b8620	0x4b8658	56	56	fcn.004b8620	native_stub_004b8620_fcn_004b8620	r2_discovered	5	19	6	1	1	0	2	8	0	fcn.004b8620 (uint32_t arg1, int64_t arg3);
.text	0x4b8660	0x4b8791	305	305	fcn.004b8660	native_stub_004b8660_fcn_004b8660	r2_discovered	18	92	27	2	8	3	6	88	0	fcn.004b8660 (uint32_t arg1, int64_t arg2, int64_t arg3, int64_t arg4, int64_t arg5, int64_t arg6);
.text	0x4b87a0	0x4b8b03	867	867	fcn.004b87a0	native_stub_004b87a0_fcn_004b87a0	r2_discovered	36	210	62	3	29	12	6	136	0	fcn.004b87a0 (uint32_t arg1, int64_t arg2, int64_t arg3, int64_t arg4, int64_t arg5, int64_t arg6);
.text	0x4b8b30	0x4b8bb6	134	134	fcn.004b8b30	native_stub_004b8b30_fcn_004b8b30	r2_discovered	3	30	3	3	10	0	1	8	0	fcn.004b8b30 (int64_t arg1);
.text	0x4b8bc0	0x4b8d92	466	466	fcn.004b8bc0	native_stub_004b8bc0_fcn_004b8bc0	r2_discovered	21	106	31	4	13	11	3	152	0	fcn.004b8bc0 (int64_t arg1, int64_t arg2, int64_t arg3);
.text	0x4b8fc0	0x4b8fc5	5	5	fcn.004b8fc0	native_stub_004b8fc0_fcn_004b8fc0	r2_discovered	1	1	1	2	0	0	5	168	0	fcn.004b8fc0 (int64_t arg1, uint32_t arg2, uint32_t arg3, int64_t arg4, int64_t arg5);
.text	0x4b8fd0	0x4b90a4	212	212	fcn.004b8fd0	native_stub_004b8fd0_fcn_004b8fd0	r2_discovered	5	52	7	1	6	8	6	152	0	fcn.004b8fd0 (int64_t arg1, int64_t arg2, int64_t arg3, int64_t arg4, int64_t arg5, int64_t arg6);
.text	0x4b90b0	0x4b912f	127	127	fcn.004b90b0	native_stub_004b90b0_fcn_004b90b0	r2_discovered	15	39	22	1	0	0	1	0	0	fcn.004b90b0 (int64_t arg1);
.text	0x4b9140	0x4b91a5	101	101	fcn.004b9140	native_stub_004b9140_fcn_004b9140	r2_discovered	3	22	2	1	7	0	1	8	0	fcn.004b9140 (int64_t arg1);
.text	0x4b91b0	0x4b9276	198	198	fcn.004b91b0	native_stub_004b91b0_fcn_004b91b0	r2_discovered	7	52	11	1	3	6	6	56	0	fcn.004b91b0 (uint32_t arg1, int64_t arg2, int64_t arg3, int64_t arg4, int64_t arg5, int64_t arg6);
.text	0x4b9280	0x4b92e5	101	101	fcn.004b9280	native_stub_004b9280_fcn_004b9280	r2_discovered	3	26	3	1	1	2	3	40	0	fcn.004b9280 (int64_t arg1, int64_t arg2, int64_t arg3);
.text	0x4b92f0	0x4b939d	173	173	fcn.004b92f0	native_stub_004b92f0_fcn_004b92f0	r2_discovered	8	41	10	2	2	2	3	24	0	fcn.004b92f0 (int64_t arg1, int64_t arg2, int64_t arg3);
.text	0x4b93b0	0x4b946a	186	186	fcn.004b93b0	native_stub_004b93b0_fcn_004b93b0	r2_discovered	6	44	8	2	1	4	6	40	0	fcn.004b93b0 (uint32_t arg1, size_t *arg2, int64_t arg3, int64_t arg4, int64_t arg5, int64_t arg6);
.text	0x4b9480	0x4b94c9	73	73	fcn.004b9480	native_stub_004b9480_fcn_004b9480	r2_discovered	5	24	7	2	1	1	3	40	0	fcn.004b9480 (int64_t arg1, uint32_t arg2, int64_t arg3);
.text	0x4b94d0	0x4b9594	196	196	fcn.004b94d0	native_stub_004b94d0_fcn_004b94d0	r2_discovered	6	48	7	3	2	4	4	40	0	fcn.004b94d0 (int64_t arg1, int64_t arg2, int64_t arg3, int64_t arg4);
.text	0x4b95a0	0x4b967c	220	220	fcn.004b95a0	native_stub_004b95a0_fcn_004b95a0	r2_discovered	17	68	25	56	7	0	2	24	0	fcn.004b95a0 (uint32_t arg1, uint32_t arg2);
.text	0x4b9690	0x4b9dd5	1861	1861	fcn.004b9690	native_stub_004b9690_fcn_004b9690	r2_discovered	88	446	159	3	75	10	3	184	0	fcn.004b9690 (int64_t arg1, int64_t arg2, int64_t arg3);
.text	0x4b9df0	0x4b9f5c	364	364	fcn.004b9df0	native_stub_004b9df0_fcn_004b9df0	r2_discovered	13	99	22	3	15	5	2	104	0	fcn.004b9df0 (int64_t arg1, size_t arg2);
.text	0x4b9f70	0x4b9fec	124	124	fcn.004b9f70	native_stub_004b9f70_fcn_004b9f70	r2_discovered	3	36	3	2	5	3	3	0	0	fcn.004b9f70 (int64_t arg1, size_t arg2, int64_t arg3);
.text	0x4b9ff0	0x4ba368	888	888	fcn.004b9ff0	native_stub_004b9ff0_fcn_004b9ff0	r2_discovered	33	221	58	2	30	4	3	168	0	fcn.004b9ff0 (int64_t arg1, void *arg2, size_t nmeb);
.text	0x4ba380	0x4ba42e	174	174	fcn.004ba380	native_stub_004ba380_fcn_004ba380	r2_discovered	7	62	10	2	2	2	5	88	0	fcn.004ba380 (int64_t arg1, int64_t arg2, size_t arg3, int64_t arg4, int64_t arg5);
.text	0x4ba440	0x4ba448	8	8	fcn.004ba440	native_stub_004ba440_fcn_004ba440	r2_discovered	1	2	0	4	0	0	0	0	0	fcn.004ba440 ();
.text	0x4ba450	0x4ba4a8	88	88	fcn.004ba450	native_stub_004ba450_fcn_004ba450	r2_discovered	5	23	6	2	1	0	0	8	0	fcn.004ba450 ();
.text	0x4ba4b0	0x4ba4d4	36	36	fcn.004ba4b0	native_stub_004ba4b0_fcn_004ba4b0	r2_discovered	6	18	7	4	1	0	1	8	0	fcn.004ba4b0 (int64_t arg1);
.text	0x4ba4e0	0x4ba508	40	40	fcn.004ba4e0	native_stub_004ba4e0_fcn_004ba4e0	r2_discovered	6	18	7	2	1	0	1	8	0	fcn.004ba4e0 (int64_t arg1);
.text	0x4ba580	0x4ba5a3	35	35	fcn.004ba580	native_stub_004ba580_fcn_004ba580	r2_discovered	3	12	2	10	2	0	1	8	0	fcn.004ba580 (int64_t arg1);
.text	0x4ba5b0	0x4ba645	149	149	fcn.004ba5b0	native_stub_004ba5b0_fcn_004ba5b0	r2_discovered	16	45	23	5	0	0	1	0	0	fcn.004ba5b0 (int64_t arg1);
.text	0x4ba670	0x4ba699	41	41	fcn.004ba670	native_stub_004ba670_fcn_004ba670	r2_discovered	3	12	2	2	2	0	1	0	0	fcn.004ba670 (int64_t arg1);
.text	0x4ba6b0	0x4ba6d3	35	35	fcn.004ba6b0	native_stub_004ba6b0_fcn_004ba6b0	r2_discovered	3	12	2	21	2	0	1	8	0	fcn.004ba6b0 (int64_t arg1);
.text	0x4ba6e0	0x4ba789	169	169	fcn.004ba6e0	native_stub_004ba6e0_fcn_004ba6e0	r2_discovered	11	44	16	13	7	0	1	24	0	fcn.004ba6e0 (uint32_t arg1);
.text	0x4ba790	0x4ba7b9	41	41	fcn.004ba790	native_stub_004ba790_fcn_004ba790	r2_discovered	3	12	2	4	2	0	1	0	0	fcn.004ba790 (int64_t arg1);
.text	0x4ba7d0	0x4ba828	88	88	fcn.004ba7d0	native_stub_004ba7d0_fcn_004ba7d0	r2_discovered	4	23	4	10	2	2	2	0	0	fcn.004ba7d0 (int64_t arg1, int64_t arg2);
.text	0x4ba830	0x4ba837	7	7	fcn.004ba830	native_stub_004ba830_fcn_004ba830	r2_discovered	1	2	0	3	0	0	1	0	0	fcn.004ba830 (int64_t arg2);
.text	0x4ba840	0x4ba872	50	50	fcn.004ba840	native_stub_004ba840_fcn_004ba840	r2_discovered	4	17	5	2	2	0	1	0	0	fcn.004ba840 (int64_t arg1);
.text	0x4ba880	0x4baf31	1713	1713	fcn.004ba880	native_stub_004ba880_fcn_004ba880	r2_discovered	75	387	132	3	69	14	4	296	0	fcn.004ba880 (int64_t arg1, int64_t arg2, int64_t arg3, int64_t arg4);
.text	0x4baf40	0x4bb7aa	2154	2154	fcn.004baf40	native_stub_004baf40_fcn_004baf40	r2_discovered	83	508	135	1	55	21	6	648	0	fcn.004baf40 (int64_t arg1, size_t arg2, int64_t arg3, int64_t arg4, uint32_t arg5, int64_t arg6);
.text	0x4bb7d0	0x4bb7ec	28	28	fcn.004bb7d0	native_stub_004bb7d0_fcn_004bb7d0	r2_discovered	1	9	0	2	1	0	1	8	0	fcn.004bb7d0 (int64_t arg1);
.text	0x4bb8d0	0x4bba05	309	309	fcn.004bb8d0	native_stub_004bb8d0_fcn_004bb8d0	r2_discovered	14	77	19	1	4	6	6	56	0	fcn.004bb8d0 (int64_t arg1, int64_t arg2, uint32_t arg3, int64_t arg4, int64_t arg5, int64_t arg6);
.text	0x4bba20	0x4bbb00	224	224	fcn.004bba20	native_stub_004bba20_fcn_004bba20	r2_discovered	13	57	18	3	3	4	4	0	0	fcn.004bba20 (int64_t arg1, int64_t arg2, uint32_t arg3, uint32_t arg4);
.text	0x4bbb10	0x4bbb4a	58	58	fcn.004bbb10	native_stub_004bbb10_fcn_004bbb10	r2_discovered	5	18	7	2	0	0	4	0	0	fcn.004bbb10 (int64_t arg1, int64_t arg2, int64_t arg3, uint32_t arg4);
.text	0x4bbb50	0x4bbb89	57	57	fcn.004bbb50	native_stub_004bbb50_fcn_004bbb50	r2_discovered	5	20	6	2	1	0	3	0	0	fcn.004bbb50 (int64_t arg4, int64_t arg5, int64_t arg6);
.text	0x4bbb90	0x4bbbec	92	92	fcn.004bbb90	native_stub_004bbb90_fcn_004bbb90	r2_discovered	6	31	7	1	1	0	3	104	0	fcn.004bbb90 (int64_t arg1, int64_t arg2, uint32_t arg3);
.text	0x4bbc00	0x4bbc6a	106	106	fcn.004bbc00	native_stub_004bbc00_fcn_004bbc00	r2_discovered	6	29	7	1	1	2	4	24	0	fcn.004bbc00 (int64_t arg1, int64_t arg2, int64_t arg3, int64_t arg4);
.text	0x4bbc70	0x4bbf24	692	692	fcn.004bbc70	native_stub_004bbc70_fcn_004bbc70	r2_discovered	32	179	55	4	26	5	2	104	0	fcn.004bbc70 (int64_t arg1, int64_t arg2);
.text	0x4bbf40	0x4bbfe0	160	160	fcn.004bbf40	native_stub_004bbf40_fcn_004bbf40	r2_discovered	12	51	18	2	6	0	2	24	0	fcn.004bbf40 (uint32_t arg1, int64_t arg2);
.text	0x4bbff0	0x4bc986	2454	2454	fcn.004bbff0	native_stub_004bbff0_fcn_004bbff0	r2_discovered	95	534	170	10	97	23	6	504	0	fcn.004bbff0 (int64_t arg1, int64_t arg2, int64_t arg3, int64_t arg4, int64_t arg5, int64_t arg6);
.text	0x4bc9a0	0x4bcaa3	259	259	fcn.004bc9a0	native_stub_004bc9a0_fcn_004bc9a0	r2_discovered	8	67	8	2	4	4	4	40	0	fcn.004bc9a0 (int64_t arg1, int64_t arg2, int64_t arg3, int64_t arg4);
.text	0x4bcac0	0x4bcba5	229	229	fcn.004bcac0	native_stub_004bcac0_fcn_004bcac0	r2_discovered	8	57	12	1	6	8	6	152	0	fcn.004bcac0 (uint32_t arg1, int64_t arg2, int64_t arg3, int64_t arg4, int64_t arg5, int64_t arg6);
.text	0x4bcd80	0x4bcf54	468	468	fcn.004bcd80	native_stub_004bcd80_fcn_004bcd80	r2_discovered	23	136	37	4	13	4	5	0	0	fcn.004bcd80 (uint32_t arg1, int64_t arg2, int64_t arg3, int64_t arg4, int64_t arg5);
.text	0x4bd480	0x4bd57b	251	251	fcn.004bd480	native_stub_004bd480_fcn_004bd480	r2_discovered	3	49	3	11	2	0	13	8	0	fcn.004bd480 (int64_t arg1, int64_t arg2, int64_t arg3, int64_t arg4, int64_t arg5, int64_t arg6, int64_t arg_10h, int64_t arg_18h, int64_t arg_20h, int64_t arg_28h, int64_t arg_30h, int64_t arg_38h, int64_t arg_40h);
.text	0x4bf0f0	0x4bf758	1640	1640	fcn.004bf0f0	native_stub_004bf0f0_fcn_004bf0f0	r2_discovered	23	284	28	8	22	0	9	0	0	fcn.004bf0f0 (int64_t arg1, int64_t arg2, int64_t arg_8h, char *arg_10h, int64_t arg_18h, int64_t arg_20h, int64_t arg_28h, int64_t arg_30h, int64_t arg_48h);
.text	0x4bf7e0	0x4bf873	147	147	fcn.004bf7e0	native_stub_004bf7e0_fcn_004bf7e0	r2_discovered	4	39	4	2	3	6	4	120	0	fcn.004bf7e0 (int64_t arg1, int64_t arg2, int64_t arg3, uint32_t arg4);
.text	0x4bf880	0x4bf961	225	225	fcn.004bf880	native_stub_004bf880_fcn_004bf880	r2_discovered	11	59	17	2	2	2	1	200	0	fcn.004bf880 (uint32_t arg1);
.text	0x4bf970	0x4bf98e	30	30	fcn.004bf970	native_stub_004bf970_fcn_004bf970	r2_discovered	3	7	3	3	0	0	1	0	0	fcn.004bf970 (uint32_t arg1);
.text	0x4bf990	0x4bf9d8	72	72	fcn.004bf990	native_stub_004bf990_fcn_004bf990	r2_discovered	3	16	2	3	0	0	5	0	0	fcn.004bf990 (int64_t arg1, int64_t arg2, int64_t arg3, int64_t arg4, int64_t arg5);
.text	0x4bf9e0	0x4bfab9	217	217	fcn.004bf9e0	native_stub_004bf9e0_fcn_004bf9e0	r2_discovered	15	56	23	2	2	0	1	8	0	fcn.004bf9e0 (int64_t arg1);
.text	0x4bfad0	0x4bfae0	16	16	fcn.004bfad0	native_stub_004bfad0_fcn_004bfad0	r2_discovered	1	4	0	2	0	0	2	0	0	fcn.004bfad0 (int64_t arg2, int64_t arg3);
.text	0x4bfae0	0x4bfae5	5	5	fcn.004bfae0	native_stub_004bfae0_fcn_004bfae0	r2_discovered	1	1	0	1	0	0	0	0	0	fcn.004bfae0 ();
.text	0x4bfaf0	0x4bfcc3	467	467	fcn.004bfaf0	native_stub_004bfaf0_fcn_004bfaf0	r2_discovered	28	128	43	2	6	0	3	120	0	fcn.004bfaf0 (int64_t arg1, int64_t arg2, uint32_t arg3);
.text	0x4bfcd0	0x4bfd41	113	113	fcn.004bfcd0	native_stub_004bfcd0_fcn_004bfcd0	r2_discovered	6	35	7	1	4	0	2	88	0	fcn.004bfcd0 (int64_t arg1, char *filename);
.text	0x4c00c0	0x4c0306	582	582	fcn.004c00c0	native_stub_004c00c0_fcn_004c00c0	r2_discovered	6	161	6	5	2	15	3	40	0	fcn.004c00c0 (int64_t arg1, int64_t arg2, int64_t arg3);
.text	0x4c0310	0x4c038f	127	127	fcn.004c0310	native_stub_004c0310_fcn_004c0310	r2_discovered	15	39	22	4	0	0	1	0	0	fcn.004c0310 (int64_t arg1);
.text	0x4c03a0	0x4c05fd	605	605	fcn.004c03a0	native_stub_004c03a0_fcn_004c03a0	r2_discovered	14	153	22	9	6	22	4	72	0	fcn.004c03a0 (int64_t arg1, int64_t arg2, int64_t arg3, int64_t arg4);
.text	0x4c0600	0x4c0825	549	549	fcn.004c0600	native_stub_004c0600_fcn_004c0600	r2_discovered	23	132	35	7	4	8	6	104	0	fcn.004c0600 (int64_t arg1, int64_t arg2, int64_t arg3, uint32_t arg4, int64_t arg5, int64_t arg6);
.text	0x4c0830	0x4c098f	351	351	fcn.004c0830	native_stub_004c0830_fcn_004c0830	r2_discovered	21	92	34	7	2	3	4	104	0	fcn.004c0830 (int64_t arg1, uint32_t arg2, uint32_t arg3, int64_t arg4);
.text	0x4c0990	0x4c0ae6	342	342	fcn.004c0990	native_stub_004c0990_fcn_004c0990	r2_discovered	10	96	13	6	2	15	3	56	0	fcn.004c0990 (void *s2, void *s1, uint32_t arg3);
.text	0x4c0b00	0x4c0bbb	187	187	fcn.004c0b00	native_stub_004c0b00_fcn_004c0b00	r2_discovered	4	46	4	4	2	6	10	0	0	fcn.004c0b00 (int64_t arg1, int64_t arg3, int64_t arg4, int64_t arg5, int64_t arg6, int64_t arg_8h, int64_t arg_10h, int64_t arg_18h, int64_t arg_20h, int64_t arg_28h);
.text	0x4c0bd0	0x4c0c8e	190	190	fcn.004c0bd0	native_stub_004c0bd0_fcn_004c0bd0	r2_discovered	10	55	15	2	1	5	9	104	0	fcn.004c0bd0 (int64_t arg2, int64_t arg3, int64_t arg4, int64_t arg5, int64_t arg6, int64_t arg_70h, int64_t arg_78h, int64_t arg_80h, int64_t arg_88h);
.text	0x4c0c90	0x4c0cae	30	30	fcn.004c0c90	native_stub_004c0c90_fcn_004c0c90	r2_discovered	3	10	3	6	1	0	1	8	0	fcn.004c0c90 (int64_t arg1);
.text	0x4c14d0	0x4c1523	83	83	fcn.004c14d0	native_stub_004c14d0_fcn_004c14d0	r2_discovered	10	22	3	36	0	0	1	0	0	fcn.004c14d0 (uint32_t arg1);
.text	0x4c1690	0x4c16a8	24	24	fcn.004c1690	native_stub_004c1690_fcn_004c1690	r2_discovered	1	4	0	15	0	0	1	0	0	fcn.004c1690 (int64_t arg1);
.text	0x4c16b0	0x4c171e	110	110	fcn.004c16b0	native_stub_004c16b0_fcn_004c16b0	r2_discovered	13	36	19	22	2	0	1	8	0	fcn.004c16b0 (int64_t arg1);
.text	0x4c1770	0x4c1800	144	144	fcn.004c1770	native_stub_004c1770_fcn_004c1770	r2_discovered	10	41	14	19	3	4	3	40	0	fcn.004c1770 (int64_t arg1, int64_t arg2, int64_t arg3);
.text	0x4c1820	0x4c1845	37	37	fcn.004c1820	native_stub_004c1820_fcn_004c1820	r2_discovered	4	13	4	6	1	0	1	8	0	fcn.004c1820 (int64_t arg1);
.text	0x4c1850	0x4c1875	37	37	fcn.004c1850	native_stub_004c1850_fcn_004c1850	r2_discovered	4	13	4	15	1	0	1	8	0	fcn.004c1850 (int64_t arg1);
.text	0x4c1880	0x4c189f	31	31	fcn.004c1880	native_stub_004c1880_fcn_004c1880	r2_discovered	3	11	4	6	1	0	2	8	0	fcn.004c1880 (int64_t arg1, int64_t arg2);
.text	0x4c189d	0x4c18a6	9	9	fcn.004c189d	native_stub_004c189d_fcn_004c189d	r2_discovered	2	4	1	1	0	0	0	0	0	fcn.004c189d ();
.text	0x4c18b0	0x4c18d5	37	37	fcn.004c18b0	native_stub_004c18b0_fcn_004c18b0	r2_discovered	3	13	2	6	1	0	4	8	0	fcn.004c18b0 (int64_t arg1, int64_t arg2, int64_t arg3, int64_t arg4);
.text	0x4c19e0	0x4c1aed	269	269	fcn.004c19e0	native_stub_004c19e0_fcn_004c19e0	r2_discovered	13	81	19	11	7	1	3	104	0	fcn.004c19e0 (int64_t arg1, int64_t arg2, int64_t arg3);
.text	0x4c1af0	0x4c1b1c	44	44	fcn.004c1af0	native_stub_004c1af0_fcn_004c1af0	r2_discovered	5	15	6	30	1	0	1	8	0	fcn.004c1af0 (uint32_t arg1);
.text	0x4c1b30	0x4c1bb0	128	128	fcn.004c1b30	native_stub_004c1b30_fcn_004c1b30	r2_discovered	6	44	8	19	5	0	2	88	0	fcn.004c1b30 (int64_t arg1, void **arg2);
.text	0x4c1bc0	0x4c1c07	71	71	fcn.004c1bc0	native_stub_004c1bc0_fcn_004c1bc0	r2_discovered	6	26	8	12	2	0	1	24	0	fcn.004c1bc0 (int64_t arg1);
.text	0x4c1cd0	0x4c1cf5	37	37	fcn.004c1cd0	native_stub_004c1cd0_fcn_004c1cd0	r2_discovered	4	13	4	1	1	0	1	8	0	fcn.004c1cd0 (int64_t arg1);
.text	0x4c1d00	0x4c1d0d	13	13	fcn.004c1d00	native_stub_004c1d00_fcn_004c1d00	r2_discovered	3	6	2	25	0	0	1	0	0	fcn.004c1d00 (int64_t arg1);
.text	0x4c1d40	0x4c1d4d	13	13	fcn.004c1d40	native_stub_004c1d40_fcn_004c1d40	r2_discovered	3	6	2	2	0	0	1	0	0	fcn.004c1d40 (int64_t arg1);
.text	0x4c1d60	0x4c1ddf	127	127	fcn.004c1d60	native_stub_004c1d60_fcn_004c1d60	r2_discovered	15	39	22	8	0	0	1	0	0	fcn.004c1d60 (int64_t arg1);
.text	0x4c1df0	0x4c1e0e	30	30	fcn.004c1df0	native_stub_004c1df0_fcn_004c1df0	r2_discovered	4	9	5	9	0	0	1	0	0	fcn.004c1df0 (uint32_t arg1);
.text	0x4c1e10	0x4c1e67	87	87	fcn.004c1e10	native_stub_004c1e10_fcn_004c1e10	r2_discovered	1	23	0	3	0	0	2	0	0	fcn.004c1e10 (int64_t arg1, int64_t arg2);
.text	0x4c1e70	0x4c1e9a	42	42	fcn.004c1e70	native_stub_004c1e70_fcn_004c1e70	r2_discovered	1	7	0	8	0	0	1	0	0	fcn.004c1e70 (int64_t arg1);
.text	0x4c1ea0	0x4c28e6	2630	2630	fcn.004c1ea0	native_stub_004c1ea0_fcn_004c1ea0	r2_discovered	1	732	0	3	0	0	2	48	0	fcn.004c1ea0 (int64_t arg1, int64_t arg2);
.text	0x4c28f0	0x4c2a10	288	288	fcn.004c28f0	native_stub_004c28f0_fcn_004c28f0	r2_discovered	13	74	18	15	3	6	3	56	0	fcn.004c28f0 (int64_t arg1, int64_t arg2, uint32_t arg3);
.text	0x4c2a20	0x4c2b2d	269	269	fcn.004c2a20	native_stub_004c2a20_fcn_004c2a20	r2_discovered	3	84	3	8	2	7	2	40	0	fcn.004c2a20 (int64_t arg1, int64_t arg2);
.text	0x4c2b30	0x4c2b91	97	97	fcn.004c2b30	native_stub_004c2b30_fcn_004c2b30	r2_discovered	1	25	0	5	5	3	3	120	0	fcn.004c2b30 (int64_t arg1, int64_t arg2, int64_t arg3);
.text	0x4c3060	0x4c30b5	85	85	fcn.004c3060	native_stub_004c3060_fcn_004c3060	r2_discovered	7	32	9	2	1	0	1	24	0	fcn.004c3060 (int64_t arg1);
.text	0x4c30c0	0x4c3131	113	113	fcn.004c30c0	native_stub_004c30c0_fcn_004c30c0	r2_discovered	7	40	9	2	1	0	2	40	0	fcn.004c30c0 (int64_t arg1, int64_t arg2);
.text	0x4c3140	0x4c31b0	112	112	fcn.004c3140	native_stub_004c3140_fcn_004c3140	r2_discovered	7	40	9	1	1	0	2	40	0	fcn.004c3140 (int64_t arg1, int64_t arg2);
.text	0x4c31c0	0x4c3231	113	113	fcn.004c31c0	native_stub_004c31c0_fcn_004c31c0	r2_discovered	7	40	9	1	1	0	2	40	0	fcn.004c31c0 (int64_t arg1, int64_t arg2);
.text	0x4c3240	0x4c3260	32	32	fcn.004c3240	native_stub_004c3240_fcn_004c3240	r2_discovered	3	13	2	1	1	0	1	8	0	fcn.004c3240 (int64_t arg2);
.text	0x4c3260	0x4c32a1	65	65	fcn.004c3260	native_stub_004c3260_fcn_004c3260	r2_discovered	4	19	4	1	1	2	2	24	0	fcn.004c3260 (int64_t arg2, int64_t arg3);
.text	0x4c32f0	0x4c3360	112	112	fcn.004c32f0	native_stub_004c32f0_fcn_004c32f0	r2_discovered	7	40	9	1	1	0	2	40	0	fcn.004c32f0 (int64_t arg1, int64_t arg2);
.text	0x4c33c0	0x4c3430	112	112	fcn.004c33c0	native_stub_004c33c0_fcn_004c33c0	r2_discovered	7	40	9	1	1	0	2	40	0	fcn.004c33c0 (int64_t arg1, int64_t arg2);
.text	0x4c3490	0x4c3500	112	112	fcn.004c3490	native_stub_004c3490_fcn_004c3490	r2_discovered	7	40	9	1	1	0	2	40	0	fcn.004c3490 (int64_t arg1, int64_t arg2);
.text	0x4c3510	0x4c3580	112	112	fcn.004c3510	native_stub_004c3510_fcn_004c3510	r2_discovered	7	40	9	3	1	0	2	40	0	fcn.004c3510 (int64_t arg1, int64_t arg2);
.text	0x4c3590	0x4c35d3	67	67	fcn.004c3590	native_stub_004c3590_fcn_004c3590	r2_discovered	7	20	8	1	0	0	3	0	0	fcn.004c3590 (uint32_t arg1, void *arg2, size_t arg3);
.text	0x4c35e0	0x4c3653	115	115	fcn.004c35e0	native_stub_004c35e0_fcn_004c35e0	r2_discovered	7	43	9	1	1	0	3	40	0	fcn.004c35e0 (int64_t arg1, int64_t arg2, int64_t arg3);
.text	0x4c3770	0x4c37fa	138	138	fcn.004c3770	native_stub_004c3770_fcn_004c3770	r2_discovered	11	52	14	3	1	0	3	24	0	fcn.004c3770 (int64_t arg1, void *s, int64_t arg3);
.text	0x4c3810	0x4c395a	330	330	fcn.004c3810	native_stub_004c3810_fcn_004c3810	r2_discovered	7	92	8	3	14	2	5	152	0	fcn.004c3810 (int64_t arg1, int64_t arg2, int64_t arg3, uint32_t arg4, int64_t arg5);
.text	0x4c3970	0x4c3a0a	154	154	fcn.004c3970	native_stub_004c3970_fcn_004c3970	r2_discovered	3	43	3	1	5	4	5	472	0	fcn.004c3970 (int64_t arg1, int64_t arg2, size_t arg3, uint32_t arg4, int64_t arg5);
.text	0x4c3a10	0x4c3b04	244	244	fcn.004c3a10	native_stub_004c3a10_fcn_004c3a10	r2_discovered	4	53	5	3	5	9	6	392	0	fcn.004c3a10 (int64_t arg1, int64_t arg2, int64_t arg3, size_t arg4, uint32_t arg5, int64_t arg6);
.text	0x4c3b10	0x4c3b28	24	24	fcn.004c3b10	native_stub_004c3b10_fcn_004c3b10	r2_discovered	1	4	0	5	0	0	1	0	0	fcn.004c3b10 (int64_t arg1);
.text	0x4c3b30	0x4c4072	1346	1346	fcn.004c3b30	native_stub_004c3b30_fcn_004c3b30	r2_discovered	70	316	108	8	30	7	7	248	0	fcn.004c3b30 (int64_t arg1, int64_t arg2, int64_t arg3, char *s1, uint32_t arg5, int64_t arg6, size_t n);
.text	0x4c40e0	0x4c410e	46	46	fcn.004c40e0	native_stub_004c40e0_fcn_004c40e0	r2_discovered	3	14	3	9	2	0	1	8	0	fcn.004c40e0 (void **ptr);
.text	0x4c42d0	0x4c42fe	46	46	fcn.004c42d0	native_stub_004c42d0_fcn_004c42d0	r2_discovered	5	17	7	8	1	0	1	8	0	fcn.004c42d0 (int64_t arg1);
.text	0x4c4300	0x4c433a	58	58	fcn.004c4300	native_stub_004c4300_fcn_004c4300	r2_discovered	10	20	10	6	0	0	1	0	0	fcn.004c4300 (uint32_t arg1);
.text	0x4c4360	0x4c43b0	80	80	fcn.004c4360	native_stub_004c4360_fcn_004c4360	r2_discovered	7	24	10	6	1	2	2	24	0	fcn.004c4360 (uint32_t arg1, int64_t arg2);
.text	0x4c4450	0x4c4468	24	24	fcn.004c4450	native_stub_004c4450_fcn_004c4450	r2_discovered	4	10	4	13	0	0	2	0	0	fcn.004c4450 (uint32_t arg1, int64_t arg2);
.text	0x4c4470	0x4c4512	162	162	fcn.004c4470	native_stub_004c4470_fcn_004c4470	r2_discovered	10	46	13	5	2	4	6	40	0	fcn.004c4470 (int64_t arg1, int64_t arg2, uint32_t arg3, int64_t arg4, int64_t arg5, int64_t arg6);
.text	0x4c4530	0x4c4610	224	224	fcn.004c4530	native_stub_004c4530_fcn_004c4530	r2_discovered	10	56	13	2	2	6	8	56	0	fcn.004c4530 (int64_t arg1, int64_t arg2, int64_t arg3, int64_t arg4, int64_t arg5, int64_t arg6, int64_t arg_40h, int64_t arg_48h);
.text	0x4c4620	0x4c4648	40	40	fcn.004c4620	native_stub_004c4620_fcn_004c4620	r2_discovered	6	14	6	1	0	0	1	0	0	fcn.004c4620 (int64_t arg1);
.text	0x4c4660	0x4c4688	40	40	fcn.004c4660	native_stub_004c4660_fcn_004c4660	r2_discovered	6	14	6	1	0	0	1	0	0	fcn.004c4660 (int64_t arg1);
.text	0x4c4700	0x4c471a	26	26	fcn.004c4700	native_stub_004c4700_fcn_004c4700	r2_discovered	4	10	4	5	0	0	1	0	0	fcn.004c4700 (int64_t arg1);
.text	0x4c4730	0x4c4893	355	355	fcn.004c4730	native_stub_004c4730_fcn_004c4730	r2_discovered	13	89	19	3	4	12	8	120	0	fcn.004c4730 (int64_t arg1, int64_t arg2, uint32_t arg3, int64_t arg4, int64_t arg5, int64_t arg6, int64_t arg_80h, int64_t arg_88h);
.text	0x4c48b0	0x4c48e3	51	51	fcn.004c48b0	native_stub_004c48b0_fcn_004c48b0	r2_discovered	6	18	6	1	0	0	1	8	0	fcn.004c48b0 (int64_t arg1);
.text	0x4c4900	0x4c491a	26	26	fcn.004c4900	native_stub_004c4900_fcn_004c4900	r2_discovered	4	9	4	1	0	0	1	0	0	fcn.004c4900 (int64_t arg1);
.text	0x4c4920	0x4c4933	19	19	fcn.004c4920	native_stub_004c4920_fcn_004c4920	r2_discovered	4	9	4	2	0	0	1	0	0	fcn.004c4920 (int64_t arg1);
.text	0x4c4c60	0x4c4c87	39	39	fcn.004c4c60	native_stub_004c4c60_fcn_004c4c60	r2_discovered	1	11	0	1	1	0	4	8	0	fcn.004c4c60 (int64_t arg3, int64_t arg4, int64_t arg5, int64_t arg6);
.text	0x4c4f90	0x4c4fd8	72	72	fcn.004c4f90	native_stub_004c4f90_fcn_004c4f90	r2_discovered	4	25	5	1	1	1	6	40	0	fcn.004c4f90 (uint32_t arg1, int64_t arg2, int64_t arg3, int64_t arg4, int64_t arg5, int64_t arg6);
.text	0x4c5100	0x4c52b2	434	434	fcn.004c5100	native_stub_004c5100_fcn_004c5100	r2_discovered	19	112	31	3	15	7	3	72	0	fcn.004c5100 (int64_t arg1, uint32_t arg2, uint32_t arg3);
.text	0x4c52c0	0x4c5328	104	104	fcn.004c52c0	native_stub_004c52c0_fcn_004c52c0	r2_discovered	3	27	3	2	2	4	3	40	0	fcn.004c52c0 (uint32_t arg1, int64_t arg2, int64_t arg3);
.text	0x4c5330	0x4c53a4	116	116	fcn.004c5330	native_stub_004c5330_fcn_004c5330	r2_discovered	11	37	16	2	2	0	2	56	0	fcn.004c5330 (int64_t arg3, int64_t arg4);
.text	0x4c53c0	0x4c5904	1348	1348	fcn.004c53c0	native_stub_004c53c0_fcn_004c53c0	r2_discovered	58	305	100	3	39	25	2	616	0	fcn.004c53c0 (uint32_t arg1, int64_t arg2);
.text	0x4c5930	0x4c5bb3	643	643	fcn.004c5930	native_stub_004c5930_fcn_004c5930	r2_discovered	31	151	52	3	14	11	3	120	0	fcn.004c5930 (int64_t arg1, uint32_t arg2, uint32_t arg3);
.text	0x4c5bd0	0x4c5d45	373	373	fcn.004c5bd0	native_stub_004c5bd0_fcn_004c5bd0	r2_discovered	18	93	30	3	10	8	3	88	0	fcn.004c5bd0 (int64_t arg1, uint32_t arg2, uint32_t arg3);
.text	0x4c5d50	0x4c5fa1	593	593	fcn.004c5d50	native_stub_004c5d50_fcn_004c5d50	r2_discovered	21	133	36	2	10	17	5	2232	0	fcn.004c5d50 (int64_t arg1, uint32_t arg2, int64_t arg3, int64_t arg4, int64_t arg5);
.text	0x4c5fc0	0x4c60e6	294	294	fcn.004c5fc0	native_stub_004c5fc0_fcn_004c5fc0	r2_discovered	12	74	16	4	12	4	3	40	0	fcn.004c5fc0 (const char *filename, int64_t arg2, int64_t arg3);
.text	0x4c6100	0x4c62d6	470	470	fcn.004c6100	native_stub_004c6100_fcn_004c6100	r2_discovered	25	125	41	2	13	10	3	120	0	fcn.004c6100 (uint32_t arg1, int64_t arg2, int64_t arg3);
.text	0x4c62e0	0x4c667b	923	923	fcn.004c62e0	native_stub_004c62e0_fcn_004c62e0	r2_discovered	46	215	79	2	27	10	5	136	0	fcn.004c62e0 (int64_t arg1, int64_t arg2, int64_t arg3, int64_t arg4, int64_t arg5);
.text	0x4c6740	0x4c6803	195	195	fcn.004c6740	native_stub_004c6740_fcn_004c6740	r2_discovered	8	47	11	1	4	8	3	104	0	fcn.004c6740 (int64_t arg1, int64_t arg2, int64_t arg3);
.text	0x4c6890	0x4c690f	127	127	fcn.004c6890	native_stub_004c6890_fcn_004c6890	r2_discovered	15	39	22	2	0	0	1	0	0	fcn.004c6890 (int64_t arg1);
.text	0x4c6920	0x4c693e	30	30	fcn.004c6920	native_stub_004c6920_fcn_004c6920	r2_discovered	4	9	5	2	0	0	1	0	0	fcn.004c6920 (uint32_t arg1);
.text	0x4c69a0	0x4c69d1	49	49	fcn.004c69a0	native_stub_004c69a0_fcn_004c69a0	r2_discovered	1	8	0	2	0	0	1	0	0	fcn.004c69a0 (int64_t arg1);
.text	0x4c69e0	0x4c8246	6246	6246	fcn.004c69e0	native_stub_004c69e0_fcn_004c69e0	r2_discovered	1	1799	1	3	0	0	2	48	0	fcn.004c69e0 (int64_t arg1, int64_t arg2);
.text	0x4c8242	0x4c831d	219	219	fcn.004c8242	native_stub_004c8242_fcn_004c8242	r2_discovered	2	72	1	1	0	0	6	0	0	fcn.004c8242 (int64_t arg1, int64_t arg2, int64_t arg3, int64_t arg4, int64_t arg5, int64_t arg6);
.text	0x4c8320	0x4c8440	288	288	fcn.004c8320	native_stub_004c8320_fcn_004c8320	r2_discovered	13	74	18	4	3	6	3	56	0	fcn.004c8320 (int64_t arg1, int64_t arg2, uint32_t arg3);
.text	0x4c8450	0x4c857a	298	298	fcn.004c8450	native_stub_004c8450_fcn_004c8450	r2_discovered	3	93	3	2	2	7	2	40	0	fcn.004c8450 (int64_t arg1, int64_t arg2);
.text	0x4c8580	0x4c85e1	97	97	fcn.004c8580	native_stub_004c8580_fcn_004c8580	r2_discovered	1	25	0	2	5	3	3	120	0	fcn.004c8580 (int64_t arg1, int64_t arg2, int64_t arg3);
.text	0x4c8790	0x4c885e	206	206	fcn.004c8790	native_stub_004c8790_fcn_004c8790	r2_discovered	8	61	11	6	5	4	5	152	0	fcn.004c8790 (void *arg1, int64_t arg2, int64_t arg3, int64_t arg4, int64_t arg5);
.text	0x4c8db0	0x4c8e56	166	166	fcn.004c8db0	native_stub_004c8db0_fcn_004c8db0	r2_discovered	16	44	23	2	0	0	3	0	0	fcn.004c8db0 (int64_t arg1, int64_t arg2, int64_t arg3);
.text	0x4c8e60	0x4c8ee1	129	129	fcn.004c8e60	native_stub_004c8e60_fcn_004c8e60	r2_discovered	9	43	14	4	4	0	1	24	0	fcn.004c8e60 (int64_t arg1);
.text	0x4c8ef0	0x4c9453	1379	1379	fcn.004c8ef0	native_stub_004c8ef0_fcn_004c8ef0	r2_discovered	30	269	51	3	72	18	1	472	0	fcn.004c8ef0 (int64_t arg1);
.text	0x4c8fa0	0x4c9071	209	209	fcn.004c8fa0	native_stub_004c8fa0_fcn_004c8fa0	r2_discovered	9	57	12	9	7	4	3	72	0	fcn.004c8fa0 (int64_t arg1, void *arg2, uint32_t arg3);
.text	0x4c9080	0x4c946a	1002	1002	fcn.004c9080	native_stub_004c9080_fcn_004c9080	r2_discovered	38	218	66	8	32	12	5	184	0	fcn.004c9080 (uint32_t arg1, int64_t arg2, void *arg3, int64_t arg4, int64_t arg5);
.text	0x4c9480	0x4c96bd	573	573	fcn.004c9480	native_stub_004c9480_fcn_004c9480	r2_discovered	16	127	24	1	13	11	9	136	0	fcn.004c9480 (uint32_t arg1, int64_t arg2, void *arg3, uint32_t arg4, int64_t arg5, int64_t arg6, size_t n, void *s2, void *s);
.text	0x4c98a0	0x4c9a91	497	497	fcn.004c98a0	native_stub_004c98a0_fcn_004c98a0	r2_discovered	28	142	40	3	3	5	7	88	0	fcn.004c98a0 (int64_t arg1, int64_t arg2, int64_t arg3, uint32_t arg4, size_t arg5, size_t arg6, int64_t arg_30h);
.text	0x4c9900	0x4c9b79	633	633	fcn.004c9900	native_stub_004c9900_fcn_004c9900	r2_discovered	26	160	40	1	12	8	10	1224	0	fcn.004c9900 (uint32_t arg1, int64_t arg2, int64_t arg3, uint32_t arg4, int64_t arg5, int64_t arg6, int64_t arg_4d0h, int64_t arg_4d8h, void *s1, uint32_t arg_4e8h);
.text	0x4c9d40	0x4c9f4a	522	522	fcn.004c9d40	native_stub_004c9d40_fcn_004c9d40	r2_discovered	28	142	38	3	4	4	6	1064	0	fcn.004c9d40 (int64_t arg1, uint32_t arg4, int64_t arg5, int64_t arg6, void *s1, void *arg_38h);
.text	0x4ca380	0x4ca955	1493	1493	fcn.004ca380	native_stub_004ca380_fcn_004ca380	r2_discovered	51	349	77	3	36	19	8	200	0	fcn.004ca380 (uint32_t arg1, int64_t arg2, void *arg3, uint32_t arg4, int64_t arg5, int64_t arg6, uint32_t arg_8h, uint32_t s1);
.text	0x4ca3d0	0x4ca70b	827	827	fcn.004ca3d0	native_stub_004ca3d0_fcn_004ca3d0	r2_discovered	33	181	53	2	19	14	8	1224	0	fcn.004ca3d0 (uint32_t arg1, uint32_t arg4, int64_t arg5, int64_t arg6, int64_t arg_4d0h, int64_t arg_4d8h, uint32_t arg_4e0h, int64_t arg_4e8h);
.text	0x4caa40	0x4cad5d	797	797	fcn.004caa40	native_stub_004caa40_fcn_004caa40	r2_discovered	43	194	71	3	13	12	6	1128	0	fcn.004caa40 (int64_t arg1, uint32_t arg4, int64_t arg5, int64_t arg6, void *s2, void *arg_10h);
.text	0x4caa90	0x4cab22	146	146	fcn.004caa90	native_stub_004caa90_fcn_004caa90	r2_discovered	1	29	0	7	12	0	1	8	0	fcn.004caa90 (int64_t arg1);
.text	0x4cb410	0x4cb48f	127	127	fcn.004cb410	native_stub_004cb410_fcn_004cb410	r2_discovered	15	39	22	8	0	0	1	0	0	fcn.004cb410 (int64_t arg1);
.text	0x4cb4a0	0x4cb4be	30	30	fcn.004cb4a0	native_stub_004cb4a0_fcn_004cb4a0	r2_discovered	4	9	5	8	0	0	1	0	0	fcn.004cb4a0 (uint32_t arg1);
.text	0x4cb4c0	0x4cb51d	93	93	fcn.004cb4c0	native_stub_004cb4c0_fcn_004cb4c0	r2_discovered	1	25	0	3	0	0	2	0	0	fcn.004cb4c0 (int64_t arg1, int64_t arg2);
.text	0x4cb520	0x4cb551	49	49	fcn.004cb520	native_stub_004cb520_fcn_004cb520	r2_discovered	1	8	0	8	0	0	1	0	0	fcn.004cb520 (int64_t arg1);
.text	0x4cb560	0x4cc7cd	4717	4717	fcn.004cb560	native_stub_004cb560_fcn_004cb560	r2_discovered	1	1384	0	3	0	1	2	48	0	fcn.004cb560 (int64_t arg1, int64_t arg2);
.text	0x4cc7d0	0x4cc8f0	288	288	fcn.004cc7d0	native_stub_004cc7d0_fcn_004cc7d0	r2_discovered	13	74	18	12	3	6	3	56	0	fcn.004cc7d0 (int64_t arg1, int64_t arg2, uint32_t arg3);
.text	0x4cc900	0x4cca2f	303	303	fcn.004cc900	native_stub_004cc900_fcn_004cc900	r2_discovered	3	95	3	7	2	7	2	40	0	fcn.004cc900 (int64_t arg1, int64_t arg2);
.text	0x4cca30	0x4cca91	97	97	fcn.004cca30	native_stub_004cca30_fcn_004cca30	r2_discovered	1	25	0	2	5	3	3	120	0	fcn.004cca30 (int64_t arg1, int64_t arg2, int64_t arg3);
.text	0x4ccc30	0x4cccaf	127	127	fcn.004ccc30	native_stub_004ccc30_fcn_004ccc30	r2_discovered	15	39	22	8	0	0	1	0	0	fcn.004ccc30 (int64_t arg1);
.text	0x4cccc0	0x4cccde	30	30	fcn.004cccc0	native_stub_004cccc0_fcn_004cccc0	r2_discovered	4	9	5	7	0	0	1	0	0	fcn.004cccc0 (uint32_t arg1);
.text	0x4ccce0	0x4ccd4d	109	109	fcn.004ccce0	native_stub_004ccce0_fcn_004ccce0	r2_discovered	1	29	0	3	0	0	2	0	0	fcn.004ccce0 (int64_t arg1, int64_t arg2);
.text	0x4ccd50	0x4ccdd9	137	137	fcn.004ccd50	native_stub_004ccd50_fcn_004ccd50	r2_discovered	3	24	2	8	0	0	2	0	0	fcn.004ccd50 (int64_t arg1, int64_t arg2);
.text	0x4ccde0	0x4cd7c5	2533	2533	fcn.004ccde0	native_stub_004ccde0_fcn_004ccde0	r2_discovered	12	790	16	3	0	0	2	256	0	fcn.004ccde0 (int64_t arg1, int64_t arg2);
.text	0x4cd7d0	0x4cd8f0	288	288	fcn.004cd7d0	native_stub_004cd7d0_fcn_004cd7d0	r2_discovered	13	74	18	10	3	6	3	56	0	fcn.004cd7d0 (int64_t arg1, int64_t arg2, uint32_t arg3);
.text	0x4cd900	0x4cda96	406	406	fcn.004cd900	native_stub_004cd900_fcn_004cd900	r2_discovered	6	126	7	7	2	7	2	40	0	fcn.004cd900 (int64_t arg1, int64_t arg2);
.text	0x4cdaa0	0x4cdb20	128	128	fcn.004cdaa0	native_stub_004cdaa0_fcn_004cdaa0	r2_discovered	1	29	0	4	5	4	4	152	0	fcn.004cdaa0 (int64_t arg1, int64_t arg2, int64_t arg3, int64_t arg4);
.text	0x4cdd20	0x4cdd9f	127	127	fcn.004cdd20	native_stub_004cdd20_fcn_004cdd20	r2_discovered	15	39	22	6	0	0	1	0	0	fcn.004cdd20 (int64_t arg1);
.text	0x4cddb0	0x4cddce	30	30	fcn.004cddb0	native_stub_004cddb0_fcn_004cddb0	r2_discovered	4	9	5	6	0	0	1	0	0	fcn.004cddb0 (uint32_t arg1);
.text	0x4cddd0	0x4cddd9	9	9	fcn.004cddd0	native_stub_004cddd0_fcn_004cddd0	r2_discovered	1	3	0	3	0	0	2	0	0	fcn.004cddd0 (int64_t arg1, int64_t arg2);
.text	0x4cdde0	0x4cdee1	257	257	fcn.004cdde0	native_stub_004cdde0_fcn_004cdde0	r2_discovered	3	40	2	8	0	0	2	0	0	fcn.004cdde0 (int64_t arg1, int64_t arg2);
.text	0x4cdef0	0x4ce437	1351	1351	fcn.004cdef0	native_stub_004cdef0_fcn_004cdef0	r2_discovered	7	389	9	3	0	2	2	640	0	fcn.004cdef0 (int64_t arg1, int64_t arg2);
.text	0x4ce440	0x4ce56b	299	299	fcn.004ce440	native_stub_004ce440_fcn_004ce440	r2_discovered	13	75	18	11	3	6	3	56	0	fcn.004ce440 (int64_t arg1, int64_t arg2, int64_t arg3);
.text	0x4ce580	0x4ce8e1	865	865	fcn.004ce580	native_stub_004ce580_fcn_004ce580	r2_discovered	6	238	7	6	2	15	2	40	0	fcn.004ce580 (int64_t arg1, int64_t arg2);
.text	0x4ce8f0	0x4ce973	131	131	fcn.004ce8f0	native_stub_004ce8f0_fcn_004ce8f0	r2_discovered	1	29	0	4	5	4	4	264	0	fcn.004ce8f0 (int64_t arg1, int64_t arg2, int64_t arg3, int64_t arg4);
.text	0x4ceba0	0x4cebad	13	13	fcn.004ceba0	native_stub_004ceba0_fcn_004ceba0	r2_discovered	1	5	0	5	0	0	1	0	0	fcn.004ceba0 (int64_t arg3);
.text	0x4cebb0	0x4cec37	135	135	fcn.004cebb0	native_stub_004cebb0_fcn_004cebb0	r2_discovered	3	35	2	6	1	3	2	40	0	fcn.004cebb0 (int64_t arg1, int64_t arg2);
.text	0x4cec50	0x4cec92	66	66	fcn.004cec50	native_stub_004cec50_fcn_004cec50	r2_discovered	4	21	4	7	2	2	1	72	0	fcn.004cec50 (int64_t arg1);
.text	0x4ceca0	0x4cecc9	41	41	fcn.004ceca0	native_stub_004ceca0_fcn_004ceca0	r2_discovered	1	10	0	1	1	0	1	8	0	fcn.004ceca0 (int64_t arg1);
.text	0x4cecd0	0x4cece6	22	22	fcn.004cecd0	native_stub_004cecd0_fcn_004cecd0	r2_discovered	3	7	2	2	0	0	3	0	0	fcn.004cecd0 (int64_t arg1, int64_t arg2, int64_t arg3);
.text	0x4cecf0	0x4ced28	56	56	fcn.004cecf0	native_stub_004cecf0_fcn_004cecf0	r2_discovered	4	22	4	5	1	0	1	8	0	fcn.004cecf0 (int64_t arg1);
.text	0x4cf010	0x4cf08f	127	127	fcn.004cf010	native_stub_004cf010_fcn_004cf010	r2_discovered	15	39	22	3	0	0	1	0	0	fcn.004cf010 (int64_t arg1);
.text	0x4cf0a0	0x4cf0be	30	30	fcn.004cf0a0	native_stub_004cf0a0_fcn_004cf0a0	r2_discovered	4	9	5	3	0	0	1	0	0	fcn.004cf0a0 (uint32_t arg1);
.text	0x4cf0c0	0x4cf13b	123	123	fcn.004cf0c0	native_stub_004cf0c0_fcn_004cf0c0	r2_discovered	8	37	10	4	0	0	3	16	0	fcn.004cf0c0 (int64_t arg1, int64_t arg2, uint32_t arg3);
.text	0x4cf150	0x4cf1c2	114	114	fcn.004cf150	native_stub_004cf150_fcn_004cf150	r2_discovered	5	35	5	4	0	0	4	16	0	fcn.004cf150 (int64_t arg1, uint32_t arg2, int64_t arg3, int64_t arg4);
.text	0x4cf380	0x4cf540	448	448	fcn.004cf380	native_stub_004cf380_fcn_004cf380	r2_discovered	17	124	23	3	0	0	5	32	0	fcn.004cf380 (int64_t arg1, uint32_t arg2, int64_t arg3, int64_t arg4, uint32_t arg5);
.text	0x4cf560	0x4cf79f	575	575	fcn.004cf560	native_stub_004cf560_fcn_004cf560	r2_discovered	51	152	81	3	0	0	5	16	0	fcn.004cf560 (int64_t arg1, uint32_t arg2, size_t arg3, uint32_t arg4, uint32_t arg5);
.text	0x4cf8d0	0x4cf936	102	102	fcn.004cf8d0	native_stub_004cf8d0_fcn_004cf8d0	r2_discovered	3	31	3	3	0	0	3	8	0	fcn.004cf8d0 (int64_t arg1, int64_t arg2, int64_t arg3);
.text	0x4cf940	0x4cf9bf	127	127	fcn.004cf940	native_stub_004cf940_fcn_004cf940	r2_discovered	15	39	22	1	0	0	1	0	0	fcn.004cf940 (int64_t arg1);
.text	0x4cf9d0	0x4cf9ee	30	30	fcn.004cf9d0	native_stub_004cf9d0_fcn_004cf9d0	r2_discovered	4	9	5	1	0	0	1	0	0	fcn.004cf9d0 (uint32_t arg1);
.text	0x4cfb40	0x4cfc4e	270	270	fcn.004cfb40	native_stub_004cfb40_fcn_004cfb40	r2_discovered	6	83	7	6	1	2	4	32	0	fcn.004cfb40 (int64_t arg1, int64_t arg2, int64_t arg3, int64_t arg4);
.text	0x4cfef0	0x4cffa6	182	182	fcn.004cfef0	native_stub_004cfef0_fcn_004cfef0	r2_discovered	1	58	0	12	0	0	3	8	0	fcn.004cfef0 (int64_t arg1, int64_t arg2, int64_t arg3);
.text	0x4cffb0	0x4d002f	127	127	fcn.004cffb0	native_stub_004cffb0_fcn_004cffb0	r2_discovered	15	39	22	2	0	0	1	0	0	fcn.004cffb0 (int64_t arg1);
.text	0x4d0040	0x4d005e	30	30	fcn.004d0040	native_stub_004d0040_fcn_004d0040	r2_discovered	4	9	5	2	0	0	1	0	0	fcn.004d0040 (uint32_t arg1);
.text	0x4d0060	0x4d08dd	2173	2173	fcn.004d0060	native_stub_004d0060_fcn_004d0060	r2_discovered	71	505	108	5	6	27	3	312	0	fcn.004d0060 (int64_t arg1, int64_t arg2, int64_t arg3);
.text	0x4d08f0	0x4d09d3	227	227	fcn.004d08f0	native_stub_004d08f0_fcn_004d08f0	r2_discovered	5	70	6	3	3	1	3	312	0	fcn.004d08f0 (int64_t arg1, int64_t arg2, int64_t arg3);
.text	0x4d09e0	0x4d0c18	568	568	fcn.004d09e0	native_stub_004d09e0_fcn_004d09e0	r2_discovered	6	172	7	7	6	3	3	72	0	fcn.004d09e0 (int64_t arg1, int64_t arg3, int64_t arg4);
.text	0x4d0c20	0x4d0d25	261	261	fcn.004d0c20	native_stub_004d0c20_fcn_004d0c20	r2_discovered	16	80	23	2	2	1	6	72	0	fcn.004d0c20 (int64_t arg1, int64_t arg2, int64_t arg3, int64_t arg4, int64_t arg5, int64_t arg6);
.text	0x4d0e20	0x4d0eca	170	170	fcn.004d0e20	native_stub_004d0e20_fcn_004d0e20	r2_discovered	9	56	13	3	1	1	7	72	0	fcn.004d0e20 (int64_t arg1, int64_t arg2, int64_t arg3, int64_t arg4, int64_t arg5, int64_t arg6, int64_t arg_50h);
.text	0x4d1510	0x4d19b5	1189	1189	fcn.004d1510	native_stub_004d1510_fcn_004d1510	r2_discovered	50	294	80	2	15	13	11	168	0	fcn.004d1510 (int64_t arg1, uint32_t arg2, size_t arg3, size_t arg4, size_t arg5, int64_t arg6, int64_t arg_b0h, int64_t arg_b8h, int64_t arg_c0h, void *s1, size_t arg_d0h);
.text	0x4d19d0	0x4d1a4f	127	127	fcn.004d19d0	native_stub_004d19d0_fcn_004d19d0	r2_discovered	15	39	22	2	0	0	1	0	0	fcn.004d19d0 (int64_t arg1);
.text	0x4d1a60	0x4d1aff	159	159	fcn.004d1a60	native_stub_004d1a60_fcn_004d1a60	r2_discovered	6	42	7	3	3	4	4	40	0	fcn.004d1a60 (int64_t arg1, int64_t arg2, int64_t arg3, int64_t arg4);
.text	0x4d1b10	0x4d1b2e	30	30	fcn.004d1b10	native_stub_004d1b10_fcn_004d1b10	r2_discovered	3	11	3	2	1	0	1	8	0	fcn.004d1b10 (int64_t arg1);
.text	0x4d1b30	0x4d1b78	72	72	fcn.004d1b30	native_stub_004d1b30_fcn_004d1b30	r2_discovered	1	18	0	2	1	4	9	0	0	fcn.004d1b30 (int64_t arg2, int64_t arg3, int64_t arg4, int64_t arg5, int64_t arg6, int64_t arg_8h, int64_t arg_10h, int64_t arg_18h, int64_t arg_20h);
.text	0x4d1b80	0x4d1c3c	188	188	fcn.004d1b80	native_stub_004d1b80_fcn_004d1b80	r2_discovered	10	56	15	2	1	5	9	104	0	fcn.004d1b80 (int64_t arg2, int64_t arg3, int64_t arg4, int64_t arg5, int64_t arg6, int64_t arg_70h, int64_t arg_78h, int64_t arg_80h, int64_t arg_88h);
.text	0x4d1ea0	0x4d1f6c	204	204	fcn.004d1ea0	native_stub_004d1ea0_fcn_004d1ea0	r2_discovered	7	54	9	3	3	4	4	40	0	fcn.004d1ea0 (int64_t arg1, int64_t arg2, int64_t arg3, uint32_t arg4);
.text	0x4d1f80	0x4d2263	739	739	fcn.004d1f80	native_stub_004d1f80_fcn_004d1f80	r2_discovered	30	174	49	1	24	11	8	296	0	fcn.004d1f80 (uint32_t arg1, int64_t arg2, int64_t arg3, int64_t arg4, int64_t arg5, int64_t arg6, int64_t arg_130h, int64_t arg_138h);
.text	0x4d2270	0x4d23e0	368	368	fcn.004d2270	native_stub_004d2270_fcn_004d2270	r2_discovered	8	78	11	1	10	13	7	408	0	fcn.004d2270 (int64_t arg1, int64_t arg2, int64_t arg3, int64_t arg4, int64_t arg5, int64_t arg6, int64_t arg_1a0h);
.text	0x4d23f0	0x4d2687	663	663	fcn.004d23f0	native_stub_004d23f0_fcn_004d23f0	r2_discovered	20	146	34	1	25	12	6	280	0	fcn.004d23f0 (int64_t arg1, int64_t arg2, int64_t arg3, int64_t arg4, int64_t arg5, int64_t arg6);
.text	0x4d2690	0x4d2804	372	372	fcn.004d2690	native_stub_004d2690_fcn_004d2690	r2_discovered	10	86	14	3	10	11	6	296	0	fcn.004d2690 (int64_t arg1, int64_t arg2, int64_t arg3, int64_t arg4, int64_t arg5, int64_t arg6);
.text	0x4d2860	0x4d2983	291	291	fcn.004d2860	native_stub_004d2860_fcn_004d2860	r2_discovered	8	68	12	1	8	9	4	136	0	fcn.004d2860 (int64_t arg1, int64_t arg2, int64_t arg3, int64_t arg4);
.text	0x4d2a00	0x4d2a05	5	5	fcn.004d2a00	native_stub_004d2a00_fcn_004d2a00	r2_discovered	1	1	1	3	0	0	1	8	0	fcn.004d2a00 (int64_t arg1);
.text	0x4d2a10	0x4d2a15	5	5	fcn.004d2a10	native_stub_004d2a10_fcn_004d2a10	r2_discovered	1	1	1	4	0	0	1	8	0	fcn.004d2a10 (int64_t arg1);
.text	0x4d2a20	0x4d2a8c	108	108	fcn.004d2a20	native_stub_004d2a20_fcn_004d2a20	r2_discovered	6	27	8	2	4	3	2	40	0	fcn.004d2a20 (int64_t arg1, int64_t arg2);
.text	0x4d2af0	0x4d2b6f	127	127	fcn.004d2af0	native_stub_004d2af0_fcn_004d2af0	r2_discovered	15	39	22	4	0	0	1	0	0	fcn.004d2af0 (int64_t arg1);
.text	0x4d2b80	0x4d2c83	259	259	fcn.004d2b80	native_stub_004d2b80_fcn_004d2b80	r2_discovered	8	73	11	5	9	3	3	152	0	fcn.004d2b80 (int64_t arg1, uint32_t arg2, int64_t arg3);
.text	0x4d2c90	0x4d2d33	163	163	fcn.004d2c90	native_stub_004d2c90_fcn_004d2c90	r2_discovered	3	42	3	1	6	6	4	56	0	fcn.004d2c90 (int64_t arg1, int64_t arg2, int64_t arg3, int64_t arg4);
.text	0x4d2d40	0x4d2e22	226	226	fcn.004d2d40	native_stub_004d2d40_fcn_004d2d40	r2_discovered	10	53	14	3	3	5	3	424	0	fcn.004d2d40 (int64_t arg1, int64_t arg2, uint32_t arg3);
.text	0x4d2e40	0x4d2f40	256	256	fcn.004d2e40	native_stub_004d2e40_fcn_004d2e40	r2_discovered	7	64	9	4	5	7	6	72	0	fcn.004d2e40 (int64_t arg1, int64_t arg2, int64_t arg3, int64_t arg4, int64_t arg5, int64_t arg6);
.text	0x4d2f50	0x4d2f54	4	4	fcn.004d2f50	native_stub_004d2f50_fcn_004d2f50	r2_discovered	1	2	0	1	0	0	2	0	0	fcn.004d2f50 (int64_t arg1, int64_t arg2);
.text	0x4d30d0	0x4d3213	323	323	fcn.004d30d0	native_stub_004d30d0_fcn_004d30d0	r2_discovered	18	88	27	5	8	1	3	72	0	fcn.004d30d0 (int64_t arg1, int64_t arg2, int64_t arg3);
.text	0x4d30e0	0x4d3106	38	38	fcn.004d30e0	native_stub_004d30e0_fcn_004d30e0	r2_discovered	4	13	5	5	1	0	1	8	0	fcn.004d30e0 (int64_t arg1);
.text	0x4d3110	0x4d3189	121	121	fcn.004d3110	native_stub_004d3110_fcn_004d3110	r2_discovered	6	35	7	1	4	0	2	280	0	fcn.004d3110 (int64_t arg1, char *filename);
.text	0x4d3530	0x4d3916	998	998	fcn.004d3530	native_stub_004d3530_fcn_004d3530	r2_discovered	45	244	70	2	16	17	9	728	0	fcn.004d3530 (void *arg1, size_t arg2, uint32_t arg3, uint32_t arg4, int64_t arg5, uint32_t arg6, int64_t arg_2e0h, int64_t c, int64_t arg_2f0h);
.text	0x4d3930	0x4d3af0	448	448	fcn.004d3930	native_stub_004d3930_fcn_004d3930	r2_discovered	16	106	26	2	4	10	8	440	0	fcn.004d3930 (int64_t arg1, int64_t arg2, int64_t arg3, uint32_t arg4, int64_t arg5, int64_t arg6, uint32_t arg_1c0h, uint32_t arg_1c8h);
.text	0x4d3af0	0x4d3c86	406	406	fcn.004d3af0	native_stub_004d3af0_fcn_004d3af0	r2_discovered	15	104	23	1	10	7	9	248	0	fcn.004d3af0 (int64_t arg1, int64_t arg2, int64_t arg3, int64_t arg4, int64_t arg5, int64_t arg6, int64_t arg_100h, int64_t arg_108h, int64_t arg_110h);
.text	0x4d3c90	0x4d3d8f	255	255	fcn.004d3c90	native_stub_004d3c90_fcn_004d3c90	r2_discovered	5	52	6	1	5	9	6	360	0	fcn.004d3c90 (int64_t arg1, int64_t arg3, int64_t arg4, int64_t arg5, int64_t arg6, int64_t arg_170h);
.text	0x4d3da0	0x4d3f8b	491	491	fcn.004d3da0	native_stub_004d3da0_fcn_004d3da0	r2_discovered	21	122	35	2	10	10	8	248	0	fcn.004d3da0 (int64_t arg1, int64_t arg2, int64_t arg3, int64_t arg4, int64_t arg5, uint32_t arg6, uint32_t arg_100h, int64_t arg_108h);
.text	0x4d3f90	0x4d43a9	1049	1049	fcn.004d3f90	native_stub_004d3f90_fcn_004d3f90	r2_discovered	33	203	58	1	21	33	7	488	0	fcn.004d3f90 (uint32_t arg1, int64_t arg2, int64_t arg3, int64_t arg4, int64_t arg5, int64_t arg6, int64_t arg_1f0h);
.text	0x4d4560	0x4d46ec	396	396	fcn.004d4560	native_stub_004d4560_fcn_004d4560	r2_discovered	17	114	20	11	0	0	3	0	0	fcn.004d4560 (int64_t arg1, int64_t arg2, uint32_t arg3);
.text	0x4d4710	0x4d4734	36	36	fcn.004d4710	native_stub_004d4710_fcn_004d4710	r2_discovered	3	12	2	11	0	0	2	0	0	fcn.004d4710 (int64_t arg1, int64_t arg2);
.text	0x4d4740	0x4d4781	65	65	fcn.004d4740	native_stub_004d4740_fcn_004d4740	r2_discovered	5	24	5	4	1	0	4	8	0	fcn.004d4740 (int64_t arg1, uint32_t arg2, void *s2, int64_t arg4);
.text	0x4d4790	0x4d486e	222	222	fcn.004d4790	native_stub_004d4790_fcn_004d4790	r2_discovered	11	63	17	2	4	4	3	40	0	fcn.004d4790 (int64_t arg1, int64_t arg2, int64_t arg3);
.text	0x4d4880	0x4d48d3	83	83	fcn.004d4880	native_stub_004d4880_fcn_004d4880	r2_discovered	3	23	3	1	2	2	2	24	0	fcn.004d4880 (int64_t arg1, int64_t arg2);
.text	0x4d48e0	0x4d4948	104	104	fcn.004d48e0	native_stub_004d48e0_fcn_004d48e0	r2_discovered	4	30	5	2	3	2	4	24	0	fcn.004d48e0 (int64_t arg1, int64_t arg2, int64_t arg3, int64_t arg4);
.text	0x4d4f00	0x4d4f0c	12	12	sym.blake3_version	native_stub_004d4f00_sym_blake3_version	symbol_named	1	3	0	0	0	0	0	0	0	sym.blake3_version ();
.text	0x4d4f10	0x4d5a23	2835	2835	fcn.004d4f10	native_stub_004d4f10_fcn_004d4f10	r2_discovered	63	610	102	3	9	78	7	1656	0	fcn.004d4f10 (uint32_t arg1, uint32_t arg2, int64_t arg3, int64_t arg4, int64_t arg5, int64_t arg6, int64_t arg_660h);
.text	0x4d5a50	0x4d7e3c	9196	9196	fcn.004d5a50	native_stub_004d5a50_fcn_004d5a50	r2_discovered	123	2007	191	2	22	86	10	0	0	fcn.004d5a50 (size_t s1, uint32_t arg2, uint32_t arg3, int64_t arg5, int64_t arg_630h, int64_t arg_670h, int64_t arg_6b0h, int64_t arg_6f0h, int64_t arg_730h, int64_t arg_770h);
.text	0x4d7e50	0x4d7ea7	87	87	sym.blake3_hasher_init	native_stub_004d7e50_sym_blake3_hasher_init	symbol_named	1	18	0	0	0	0	1	0	0	sym.blake3_hasher_init (int64_t arg1);
.text	0x4d7eb0	0x4d7f3b	139	139	sym.blake3_hasher_init_keyed	native_stub_004d7eb0_sym_blake3_hasher_init_keyed	symbol_named	3	30	2	0	1	2	2	56	0	sym.blake3_hasher_init_keyed (int64_t arg1, int64_t arg2);
.text	0x4d7f40	0x4d7f4f	15	15	sym.blake3_hasher_update	native_stub_004d7f40_sym_blake3_hasher_update	symbol_named	3	5	3	0	0	0	1	1560	0	sym.blake3_hasher_update (int64_t arg3);
.text	0x4d7f50	0x4d8c59	3337	3337	sym.blake3_hasher_finalize_seek	native_stub_004d7f50_sym_blake3_hasher_finalize_seek	symbol_named	62	677	96	1	8	64	8	600	0	sym.blake3_hasher_finalize_seek (int64_t arg1, uint32_t arg2, int64_t arg3, uint32_t arg4, int64_t arg_88h, int64_t arg_89h, int64_t arg_8ah, int64_t arg_91h);
.text	0x4d8ca0	0x4d8cb1	17	17	sym.blake3_hasher_finalize	native_stub_004d8ca0_sym_blake3_hasher_finalize	symbol_named	1	5	0	0	0	0	2	0	0	sym.blake3_hasher_finalize (int64_t arg2, int64_t arg3);
.text	0x4d8cc0	0x4d8e02	322	322	sym.blake3_hasher_init_derive_key_raw	native_stub_004d8cc0_sym_blake3_hasher_init_derive_key_raw	symbol_named	5	62	5	1	3	16	2	2024	0	sym.blake3_hasher_init_derive_key_raw (int64_t arg1, int64_t arg3);
.text	0x4d8e10	0x4d8e3e	46	46	sym.blake3_hasher_init_derive_key	native_stub_004d8e10_sym_blake3_hasher_init_derive_key	symbol_named	1	15	0	0	1	0	2	24	0	sym.blake3_hasher_init_derive_key (int64_t arg1, char *s);
.text	0x4d8e40	0x4d8e82	66	66	sym.blake3_hasher_reset	native_stub_004d8e40_sym_blake3_hasher_reset	symbol_named	1	15	0	0	0	0	1	0	0	sym.blake3_hasher_reset (int64_t arg1);
.text	0x4d8e90	0x4d8f57	199	199	fcn.004d8e90	native_stub_004d8e90_fcn_004d8e90	r2_discovered	6	61	9	6	0	0	3	8	0	fcn.004d8e90 (int64_t arg3, int64_t arg4, int64_t arg5);
.text	0x4d8f60	0x4d8fed	141	141	fcn.004d8f60	native_stub_004d8f60_fcn_004d8f60	r2_discovered	12	38	13	15	1	3	5	48	0	fcn.004d8f60 (uint32_t arg1, uint32_t arg2, uint32_t arg3, int64_t arg4, int64_t arg5);
.text	0x4d8ff0	0x4d9073	131	131	fcn.004d8ff0	native_stub_004d8ff0_fcn_004d8ff0	r2_discovered	9	37	13	4	1	3	6	48	0	fcn.004d8ff0 (int64_t arg1, int64_t arg2, int64_t arg3, int64_t arg4, int64_t arg5, int64_t arg6);
.text	0x4d9090	0x4d918b	251	251	fcn.004d9090	native_stub_004d9090_fcn_004d9090	r2_discovered	18	82	24	2	6	1	7	72	0	fcn.004d9090 (int64_t arg1, int64_t arg2, int64_t arg3, int64_t arg4, int64_t arg5, int64_t arg6, int64_t arg_50h);
.text	0x4d91a0	0x4d9612	1138	1138	fcn.004d91a0	native_stub_004d91a0_fcn_004d91a0	r2_discovered	24	311	29	3	3	22	10	184	0	fcn.004d91a0 (int64_t arg1, int64_t arg2, int64_t arg3, int64_t arg4, int64_t arg5, int64_t arg6, int64_t arg_60h, int64_t arg_68h, int64_t arg_70h, int64_t arg_78h);
.text	0x4d92b0	0x4d9305	85	85	fcn.004d92b0	native_stub_004d92b0_fcn_004d92b0	r2_discovered	7	25	8	2	1	0	0	8	0	fcn.004d92b0 ();
.text	0x4d9310	0x4d9ea1	2961	2961	fcn.004d9310	native_stub_004d9310_fcn_004d9310	r2_discovered	1	899	0	3	0	0	3	0	0	fcn.004d9310 (int64_t arg1, int64_t arg2, int64_t arg4);
.text	0x4d9eb0	0x4daa69	3001	3001	fcn.004d9eb0	native_stub_004d9eb0_fcn_004d9eb0	r2_discovered	1	915	0	2	0	0	4	0	0	fcn.004d9eb0 (int64_t arg1, int64_t arg2, int64_t arg4, int64_t arg6);
.text	0x4dadd1	0x4dadf9	40	40	fcn.004dadd1	native_stub_004dadd1_fcn_004dadd1	r2_discovered	4	13	3	1	1	0	0	0	0	fcn.004dadd1 ();
.text	0x4e9ae0	0x4e9be4	260	260	sym.ZydisCalcAbsoluteAddress	native_stub_004e9ae0_sym_ZydisCalcAbsoluteAddress	symbol_named	25	78	40	0	0	0	4	0	0	sym.ZydisCalcAbsoluteAddress (int64_t arg1, int64_t arg2, int64_t arg3, int64_t arg4);
.text	0x4e9c00	0x4e9c9c	156	156	sym.ZydisCalcAbsoluteAddressEx	native_stub_004e9c00_sym_ZydisCalcAbsoluteAddressEx	symbol_named	21	48	30	0	0	0	4	0	0	sym.ZydisCalcAbsoluteAddressEx (int64_t arg1, uint32_t arg2, int64_t arg4, int64_t arg5);
.text	0x4e9cb0	0x4e9d7a	202	202	fcn.004e9cb0	native_stub_004e9cb0_fcn_004e9cb0	r2_discovered	14	63	20	3	0	0	4	0	0	fcn.004e9cb0 (int64_t arg1, int64_t arg2, int64_t arg3, int64_t arg4);
.text	0x4e9d80	0x4e9fcb	587	587	fcn.004e9d80	native_stub_004e9d80_fcn_004e9d80	r2_discovered	40	146	62	4	2	0	4	24	0	fcn.004e9d80 (int64_t arg1, int64_t arg2, int64_t arg3, int64_t arg4);
.text	0x4ea000	0x4ea13d	317	317	fcn.004ea000	native_stub_004ea000_fcn_004ea000	r2_discovered	17	84	27	3	0	0	2	8	0	fcn.004ea000 (int64_t arg1, int64_t arg2);
.text	0x4ea160	0x4ea2d5	373	373	fcn.004ea160	native_stub_004ea160_fcn_004ea160	r2_discovered	21	100	34	2	0	0	2	8	0	fcn.004ea160 (int64_t arg1, int64_t arg2);
.text	0x4ea2f0	0x4ea333	67	67	sym.ZydisDecoderInit	native_stub_004ea2f0_sym_ZydisDecoderInit	symbol_named	10	23	11	0	0	0	3	0	0	sym.ZydisDecoderInit (int64_t arg1, int64_t arg2, uint32_t arg3);
.text	0x4ea350	0x4ea386	54	54	sym.ZydisDecoderEnableMode	native_stub_004ea350_sym_ZydisDecoderEnableMode	symbol_named	4	20	4	0	0	0	2	0	0	sym.ZydisDecoderEnableMode (int64_t arg1, uint32_t arg2);
.text	0x4ea390	0x4ed13a	11690	11690	sym.ZydisDecoderDecodeInstruction	native_stub_004ea390_sym_ZydisDecoderDecodeInstruction	symbol_named	590	2670	907	0	19	40	60	232	0	sym.ZydisDecoderDecodeInstruction (int64_t arg1, int64_t arg2, int64_t arg3, int64_t arg4, int64_t arg5, int64_t arg_4h, int64_t arg_8h, int64_t arg_ch, uint32_t arg_10h, int64_t arg_14h, int64_t arg_15h, int64_t arg_16h, int64_t arg_17h, int64_t arg_18h, int64_t arg_19h, uint32_t arg_20h, int64_t arg_25h, int64_t arg_28h, int64_t arg_30h, int64_t arg_38h, int64_t arg_3ch, int64_t arg_40h, int64_t arg_44h, int64_t arg_48h, int64_t arg_4ch, int64_t arg_50h, int64_t arg_54h, int64_t arg_58h, int64_t arg_59h, int64_t arg_5ch, int64_t arg_60h, int64_t arg_64h, int64_t arg_68h, int64_t arg_6ch, int64_t arg_70h, int64_t arg_74h, int64_t arg_ech, int64_t arg_f0h, int64_t arg_f1h, int64_t arg_f2h, int64_t arg_f3h, int64_t arg_f4h, int64_t arg_f5h, int64_t arg_f6h, int64_t arg_f7h, uint32_t arg_f8h, uint32_t arg_f9h, int64_t arg_fah, uint32_t arg_fbh, int64_t arg_fch, int64_t arg_fdh, int64_t arg_feh, uint32_t arg_ffh, int64_t arg_100h, uint32_t arg_101h, uint32_t arg_102h, int64_t arg_103h, int64_t arg_104h, int64_t arg_105h, int64_t arg_106h);
.text	0x4ed250	0x4edf1f	3279	3279	sym.ZydisDecoderDecodeOperands	native_stub_004ed250_sym_ZydisDecoderDecodeOperands	symbol_named	208	771	288	0	20	3	21	88	0	sym.ZydisDecoderDecodeOperands (int64_t arg1, int64_t arg2, int64_t arg3, int64_t arg4, int64_t arg5, int64_t arg_ch, int64_t arg_14h, uint32_t arg_16h, int64_t arg_17h, int64_t arg_20h, int64_t arg_38h, uint32_t arg_3ch, int64_t arg_48h, uint32_t arg_54h, int64_t arg_108h, uint32_t arg_110h, int64_t arg_118h, int64_t arg_120h, int64_t arg_128h, int64_t arg_138h, int64_t arg_140h);
.text	0x4ee130	0x4ee21f	239	239	sym.ZydisDecoderDecodeFull	native_stub_004ee130_sym_ZydisDecoderDecodeFull	symbol_named	13	69	20	0	4	1	6	88	0	sym.ZydisDecoderDecodeFull (int64_t arg1, int64_t arg2, int64_t arg3, int64_t arg4, int64_t arg5, size_t n);
.text	0x4ee230	0x4ee571	833	833	sym.ZydisDecoderTreeGetChildNode	native_stub_004ee230_sym_ZydisDecoderTreeGetChildNode	symbol_named	30	219	0	0	0	0	1	0	0	sym.ZydisDecoderTreeGetChildNode (int64_t arg1);
.text	0x4ee610	0x4ee634	36	36	sym.ZydisGetInstructionEncodingInfo	native_stub_004ee610_sym_ZydisGetInstructionEncodingInfo	symbol_named	1	9	0	0	0	0	2	0	0	sym.ZydisGetInstructionEncodingInfo (int64_t arg1, int64_t arg2);
.text	0x4ee640	0x4ee680	64	64	sym.ZydisRegisterEncode	native_stub_004ee640_sym_ZydisRegisterEncode	symbol_named	4	22	4	0	0	0	1	0	0	sym.ZydisRegisterEncode (int64_t arg1);
.text	0x4ee690	0x4ee6b5	37	37	sym.ZydisRegisterGetId	native_stub_004ee690_sym_ZydisRegisterGetId	symbol_named	3	10	2	0	0	0	1	0	0	sym.ZydisRegisterGetId (uint32_t arg1);
.text	0x4ee6c0	0x4ee6df	31	31	sym.ZydisRegisterGetClass	native_stub_004ee6c0_sym_ZydisRegisterGetClass	symbol_named	3	9	3	0	0	0	1	0	0	sym.ZydisRegisterGetClass (uint32_t arg1);
.text	0x4ee6e0	0x4ee70b	43	43	sym.ZydisRegisterGetWidth	native_stub_004ee6e0_sym_ZydisRegisterGetWidth	symbol_named	5	13	5	0	0	0	2	0	0	sym.ZydisRegisterGetWidth (int64_t arg1, uint32_t arg2);
.text	0x4ee710	0x4ee7ee	222	222	sym.ZydisRegisterGetLargestEnclosing	native_stub_004ee710_sym_ZydisRegisterGetLargestEnclosing	symbol_named	21	66	29	0	0	0	3	0	0	sym.ZydisRegisterGetLargestEnclosing (uint32_t arg1, uint32_t arg2, int64_t arg5);
.text	0x4ee810	0x4ee831	33	33	sym.ZydisRegisterGetString	native_stub_004ee810_sym_ZydisRegisterGetString	symbol_named	3	10	2	0	0	0	1	0	0	sym.ZydisRegisterGetString (uint32_t arg1);
.text	0x4ee840	0x4ee860	32	32	sym.ZydisRegisterGetStringWrapped	native_stub_004ee840_sym_ZydisRegisterGetStringWrapped	symbol_named	3	10	2	0	0	0	1	0	0	sym.ZydisRegisterGetStringWrapped (uint32_t arg1);
.text	0x4ee870	0x4ee898	40	40	sym.ZydisRegisterClassGetWidth	native_stub_004ee870_sym_ZydisRegisterClassGetWidth	symbol_named	5	13	5	0	0	0	2	0	0	sym.ZydisRegisterClassGetWidth (int64_t arg1, uint32_t arg2);
.text	0x4ee8a0	0x4ee8ed	77	77	sym.ZydisGetInstructionDefinition	native_stub_004ee8a0_sym_ZydisGetInstructionDefinition	symbol_named	3	20	0	0	0	0	2	0	0	sym.ZydisGetInstructionDefinition (int64_t arg1, int64_t arg3);
.text	0x4ee970	0x4ee9b0	64	64	sym.ZydisGetOperandDefinitions	native_stub_004ee970_sym_ZydisGetOperandDefinitions	symbol_named	3	19	2	0	0	0	1	0	0	sym.ZydisGetOperandDefinitions (int64_t arg1);
.text	0x4ee9c0	0x4ee9db	27	27	sym.ZydisGetElementInfo	native_stub_004ee9c0_sym_ZydisGetElementInfo	symbol_named	1	8	0	0	0	0	3	0	0	sym.ZydisGetElementInfo (int64_t arg1, int64_t arg2, int64_t arg3);
.text	0x4ee9e0	0x4eea1c	60	60	sym.ZydisGetAccessedFlags	native_stub_004ee9e0_sym_ZydisGetAccessedFlags	symbol_named	1	16	0	0	0	0	2	0	0	sym.ZydisGetAccessedFlags (int64_t arg1, int64_t arg2);
.text	0x4eea30	0x4eea38	8	8	fcn.004eea30	native_stub_004eea30_fcn_004eea30	r2_discovered	1	2	0	2	0	0	0	0	0	fcn.004eea30 ();
.text	0x4eea40	0x4eeae8	168	168	fcn.004eea40	native_stub_004eea40_fcn_004eea40	r2_discovered	8	46	11	3	0	0	3	0	0	fcn.004eea40 (uint32_t arg1, int64_t arg2, int64_t arg3);
.text	0x4eeb30	0x4eeb35	5	5	fcn.004eeb30	native_stub_004eeb30_fcn_004eeb30	r2_discovered	1	1	0	58	0	0	0	0	0	fcn.004eeb30 ();
.text	0x4eeb40	0x4eeb45	5	5	fcn.004eeb40	native_stub_004eeb40_fcn_004eeb40	r2_discovered	1	1	0	166	0	0	0	0	0	fcn.004eeb40 ();
.text	0x4eeb50	0x4eeb55	5	5	fcn.004eeb50	native_stub_004eeb50_fcn_004eeb50	r2_discovered	1	1	0	699	0	0	0	0	0	fcn.004eeb50 ();
.text	0x4eeb60	0x4eeb9d	61	61	fcn.004eeb60	native_stub_004eeb60_fcn_004eeb60	r2_discovered	5	22	6	2	2	0	1	24	0	fcn.004eeb60 (int64_t arg1);
.text	0x4eebc0	0x4eebdf	31	31	sym.__cxa_pure_virtual	native_stub_004eebc0_sym_cxa_pure_virtual	symbol_named	1	7	0	0	2	0	0	8	1	sym.__cxa_pure_virtual ();
.text	0x4eebe0	0x4eebff	31	31	sym.__cxa_deleted_virtual	native_stub_004eebe0_sym_cxa_deleted_virtual	symbol_named	1	7	0	0	2	0	0	16	1	sym.__cxa_deleted_virtual ();
.text	0x4eec00	0x4eec05	5	5	fcn.004eec00	native_stub_004eec00_fcn_004eec00	r2_discovered	1	1	1	154	0	0	1	0	0	fcn.004eec00 (uint32_t arg1);
.text	0x4eec10	0x4eecff	239	239	sym.__cxa_guard_acquire	native_stub_004eec10_sym_cxa_guard_acquire	symbol_named	20	70	29	0	5	1	1	56	0	sym.__cxa_guard_acquire (uint32_t canary);
.text	0x4eed10	0x4eed84	116	116	sym.__cxa_guard_abort	native_stub_004eed10_sym_cxa_guard_abort	symbol_named	8	27	9	0	1	1	1	24	0	sym.__cxa_guard_abort (int64_t arg1);
.text	0x4eeda0	0x4eedf0	80	80	sym.__cxa_guard_release	native_stub_004eeda0_sym_cxa_guard_release	symbol_named	5	18	4	0	0	1	1	24	0	sym.__cxa_guard_release (int64_t arg1);
.text	0x4eedf7	0x4eedfb	4	4	fcn.004eedf7	native_stub_004eedf7_fcn_004eedf7	r2_discovered	1	2	0	1	0	0	1	0	0	fcn.004eedf7 (int64_t arg4);
.text	0x4eee30	0x4eee35	5	5	sym.__cxa_get_exception_ptr	native_stub_004eee30_sym_cxa_get_exception_ptr	symbol_named	1	2	0	0	0	0	1	0	0	sym.__cxa_get_exception_ptr (int64_t arg1);
.text	0x4eee40	0x4eeea6	102	102	sym.__cxa_begin_catch	native_stub_004eee40_sym_cxa_begin_catch	symbol_named	7	34	7	0	2	0	1	8	0	sym.__cxa_begin_catch (int64_t arg1);
.text	0x4eeeb0	0x4eef29	121	121	sym.__cxa_end_catch	native_stub_004eeeb0_sym_cxa_end_catch	symbol_named	12	36	14	0	2	0	0	16	0	sym.__cxa_end_catch ();
.text	0x4eef40	0x4eef56	22	22	fcn.004eef40	native_stub_004eef40_fcn_004eef40	r2_discovered	1	7	0	2	1	0	0	0	0	fcn.004eef40 ();
.text	0x4eef80	0x4eefff	127	127	fcn.004eef80	native_stub_004eef80_fcn_004eef80	r2_discovered	7	39	8	2	3	1	3	40	0	fcn.004eef80 (int64_t arg1, int64_t arg2, int64_t arg3);
.text	0x4ef000	0x4ef117	279	279	fcn.004ef000	native_stub_004ef000_fcn_004ef000	r2_discovered	22	80	26	5	1	0	3	8	0	fcn.004ef000 (int64_t arg1, int64_t arg3, int64_t arg4);
.text	0x4ef140	0x4ef1d0	144	144	fcn.004ef140	native_stub_004ef140_fcn_004ef140	r2_discovered	13	41	17	2	3	1	2	24	0	fcn.004ef140 (int64_t arg1, int64_t arg2);
.text	0x4ef1f0	0x4ef273	131	131	fcn.004ef1f0	native_stub_004ef1f0_fcn_004ef1f0	r2_discovered	7	48	8	3	2	1	4	56	0	fcn.004ef1f0 (int64_t arg1, int64_t arg2, int64_t arg3, int64_t arg4);
.text	0x4ef280	0x4ef2c3	67	67	fcn.004ef280	native_stub_004ef280_fcn_004ef280	r2_discovered	12	25	14	7	1	0	2	8	0	fcn.004ef280 (int64_t arg1, int64_t arg2);
.text	0x4ef2e0	0x4ef3cf	239	239	fcn.004ef2e0	native_stub_004ef2e0_fcn_004ef2e0	r2_discovered	12	76	17	3	3	0	3	40	0	fcn.004ef2e0 (int64_t arg1, int64_t arg2, int64_t arg3);
.text	0x4ef3e0	0x4efa3b	1627	1627	sym.__gxx_personality_v0	native_stub_004ef3e0_sym_gxx_personality_v0	symbol_named	94	396	146	0	24	29	5	248	0	sym.__gxx_personality_v0 (uint32_t arg1, uint32_t arg2, int64_t arg3, int64_t arg4, int64_t arg5);
.text	0x4efa60	0x4efb4c	236	236	sym.__cxa_call_unexpected	native_stub_004efa60_sym_cxa_call_unexpected	symbol_named	7	64	9	0	14	2	1	104	1	sym.__cxa_call_unexpected (int64_t arg1);
.text	0x4efb50	0x4efb52	2	2	fcn.004efb50	native_stub_004efb50_fcn_004efb50	r2_discovered	1	1	0	19	0	0	0	0	0	fcn.004efb50 ();
.text	0x4efb60	0x4efb73	19	19	fcn.004efb60	native_stub_004efb60_fcn_004efb60	r2_discovered	1	4	0	1	0	0	1	0	0	fcn.004efb60 (int64_t arg1);
.text	0x4efb80	0x4efb88	8	8	method.std::exception.virtual_16	native_stub_004efb80_method_std_exception_virtual_16	native_discovered	1	2	0	1	0	0	0	0	0	method.std::exception.virtual_16 ();
.text	0x4efb90	0x4efb98	8	8	method.std::bad_exception.virtual_16	native_stub_004efb90_method_std_bad_exception_virtual_16	native_discovered	1	2	0	1	0	0	0	0	0	method.std::bad_exception.virtual_16 ();
.text	0x4efba0	0x4efbb7	23	23	method.std::exception.virtual_8	native_stub_004efba0_method_std_exception_virtual_8	native_discovered	1	7	0	0	1	0	1	8	0	method.std::exception.virtual_8 (int64_t arg1);
.text	0x4efbc0	0x4efbd7	23	23	method.std::bad_exception.virtual_8	native_stub_004efbc0_method_std_bad_exception_virtual_8	native_discovered	1	7	0	0	1	0	1	8	0	method.std::bad_exception.virtual_8 (int64_t arg1);
.text	0x4efbe0	0x4efbe2	2	2	fcn.004efbe0	native_stub_004efbe0_fcn_004efbe0	r2_discovered	1	1	0	1	0	0	0	0	0	fcn.004efbe0 ();
.text	0x4efc10	0x4efc12	2	2	fcn.004efc10	native_stub_004efc10_fcn_004efc10	r2_discovered	1	1	0	1	0	0	0	0	0	fcn.004efc10 ();
.text	0x4efc80	0x4efc8b	11	11	fcn.004efc80	native_stub_004efc80_fcn_004efc80	r2_discovered	1	3	0	4	1	0	0	8	1	fcn.004efc80 ();
.text	0x4efcb0	0x4efcbb	11	11	fcn.004efcb0	native_stub_004efcb0_fcn_004efcb0	r2_discovered	1	3	0	2	0	0	0	0	0	fcn.004efcb0 ();
.text	0x4efcc0	0x4efcd1	17	17	fcn.004efcc0	native_stub_004efcc0_fcn_004efcc0	r2_discovered	1	6	0	12	2	0	0	16	1	fcn.004efcc0 ();
.text	0x4efce0	0x4efceb	11	11	fcn.004efce0	native_stub_004efce0_fcn_004efce0	r2_discovered	1	8	0	2	1	0	0	0	0	fcn.004efce0 ();
.text	0x4efd00	0x4efd0b	11	11	fcn.004efd00	native_stub_004efd00_fcn_004efd00	r2_discovered	1	3	0	2	0	0	0	0	0	fcn.004efd00 ();
.text	0x4efd10	0x4efd30	32	32	fcn.004efd10	native_stub_004efd10_fcn_004efd10	r2_discovered	1	6	1	1	2	0	0	16	0	fcn.004efd10 ();
.text	0x4efd30	0x4efd97	103	103	fcn.004efd30	native_stub_004efd30_fcn_004efd30	r2_discovered	6	28	6	359	4	0	1	0	0	fcn.004efd30 (int64_t arg1);
.text	0x4efda0	0x4efdb3	19	19	fcn.004efda0	native_stub_004efda0_fcn_004efda0	r2_discovered	1	4	0	2	0	0	1	0	0	fcn.004efda0 (int64_t arg1);
.text	0x4efdc0	0x4efdd7	23	23	method.std::bad_alloc.virtual_8	native_stub_004efdc0_method_std_bad_alloc_virtual_8	native_discovered	1	7	0	0	1	0	1	8	0	method.std::bad_alloc.virtual_8 (int64_t arg1);
.text	0x4efde0	0x4efe0f	47	47	sym.__cxa_call_terminate	native_stub_004efde0_sym_cxa_call_terminate	symbol_named	4	14	4	0	3	0	1	8	1	sym.__cxa_call_terminate (int64_t arg1);
.text	0x4efe20	0x4efe25	5	5	fcn.004efe20	native_stub_004efe20_fcn_004efe20	r2_discovered	1	1	0	1	0	0	0	0	0	fcn.004efe20 ();
.text	0x4efe30	0x4f05d2	1954	1954	fcn.004efe30	native_stub_004efe30_fcn_004efe30	r2_discovered	7	289	8	3	22	0	9	56	0	fcn.004efe30 (int64_t arg_8h, int64_t arg_e0h, int64_t arg_e8h, int64_t arg_e9h, int64_t arg_ech, int64_t arg_f0h, int64_t arg_f8h, int64_t arg_100h, int64_t arg_108h);
.text	0x4f0700	0x4f077e	126	126	fcn.004f0700	native_stub_004f0700_fcn_004f0700	r2_discovered	5	28	6	2	6	0	0	8	0	fcn.004f0700 ();
.text	0x4f0a80	0x4f0abf	63	63	fcn.004f0a80	native_stub_004f0a80_fcn_004f0a80	r2_discovered	11	22	12	11	0	0	1	0	0	fcn.004f0a80 (uint32_t arg1);
.text	0x4f0ad0	0x4f0ad5	5	5	fcn.004f0ad0	native_stub_004f0ad0_fcn_004f0ad0	r2_discovered	1	1	0	11	0	0	0	0	0	fcn.004f0ad0 ();
.text	0x4f0ae0	0x4f0b32	82	82	fcn.004f0ae0	native_stub_004f0ae0_fcn_004f0ae0	r2_discovered	15	29	17	19	0	0	1	0	0	fcn.004f0ae0 (uint32_t arg1);
.text	0x4f0bc0	0x4f0e4f	655	655	fcn.004f0bc0	native_stub_004f0bc0_fcn_004f0bc0	r2_discovered	54	160	78	17	0	0	3	0	0	fcn.004f0bc0 (uint32_t arg2, uint32_t arg3, uint32_t arg4);
.text	0x4f0eb0	0x4f13b6	1286	1286	fcn.004f0eb0	native_stub_004f0eb0_fcn_004f0eb0	r2_discovered	123	328	176	4	0	0	2	0	0	fcn.004f0eb0 (int64_t arg1, uint32_t arg2);
.text	0x4f1440	0x4f14bf	127	127	fcn.004f1440	native_stub_004f1440_fcn_004f1440	r2_discovered	15	33	2	2	0	0	1	0	0	fcn.004f1440 (uint32_t arg1);
.text	0x4f1530	0x4f1589	89	89	fcn.004f1530	native_stub_004f1530_fcn_004f1530	r2_discovered	7	31	9	2	2	0	3	40	0	fcn.004f1530 (int64_t arg1, int64_t arg2, int64_t arg3);
.text	0x4f1590	0x4f159c	12	12	fcn.004f1590	native_stub_004f1590_fcn_004f1590	r2_discovered	1	3	0	2	0	0	1	0	0	fcn.004f1590 (int64_t arg1);
.text	0x4f15a0	0x4f15a8	8	8	fcn.004f15a0	native_stub_004f15a0_fcn_004f15a0	r2_discovered	1	3	0	43	0	0	1	0	0	fcn.004f15a0 (uint32_t arg1);
.text	0x4f15b0	0x4f161d	109	109	fcn.004f15b0	native_stub_004f15b0_fcn_004f15b0	r2_discovered	8	41	10	2	3	0	2	40	0	fcn.004f15b0 (int64_t arg1, int64_t arg2);
.text	0x4f1630	0x4f169c	108	108	fcn.004f1630	native_stub_004f1630_fcn_004f1630	r2_discovered	7	44	8	2	4	0	2	24	0	fcn.004f1630 (int64_t arg1, int64_t arg3);
.text	0x4f16b0	0x4f16fb	75	75	fcn.004f16b0	native_stub_004f16b0_fcn_004f16b0	r2_discovered	5	31	6	2	3	0	2	24	0	fcn.004f16b0 (int64_t arg1, int64_t arg3);
.text	0x4f1700	0x4f1708	8	8	fcn.004f1700	native_stub_004f1700_fcn_004f1700	r2_discovered	1	2	0	10	0	0	1	0	0	fcn.004f1700 (int64_t arg1);
.text	0x4f1720	0x4f1759	57	57	fcn.004f1720	native_stub_004f1720_fcn_004f1720	r2_discovered	6	20	7	5	2	0	1	0	0	fcn.004f1720 (int64_t arg1);
.text	0x4f1760	0x4f1765	5	5	fcn.004f1760	native_stub_004f1760_fcn_004f1760	r2_discovered	1	1	1	42	0	0	1	8	0	fcn.004f1760 (int64_t arg1);
.text	0x4f1770	0x4f17bb	75	75	fcn.004f1770	native_stub_004f1770_fcn_004f1770	r2_discovered	4	28	5	6	3	0	3	40	0	fcn.004f1770 (int64_t arg1, int64_t arg2, int64_t arg3);
.text	0x4f17c0	0x4f17e4	36	36	fcn.004f17c0	native_stub_004f17c0_fcn_004f17c0	r2_discovered	1	13	0	8	1	0	3	24	0	fcn.004f17c0 (int64_t arg1, int64_t arg2, int64_t arg3);
.text	0x4f17f0	0x4f18cd	221	221	fcn.004f17f0	native_stub_004f17f0_fcn_004f17f0	r2_discovered	11	65	14	2	5	6	5	120	0	fcn.004f17f0 (int64_t arg1, int64_t arg2, int64_t arg3, int64_t arg4, int64_t arg5);
.text	0x4f18e0	0x4f1902	34	34	fcn.004f18e0	native_stub_004f18e0_fcn_004f18e0	r2_discovered	1	13	0	4	1	0	3	24	0	fcn.004f18e0 (int64_t arg1, int64_t arg2, int64_t arg3);
.text	0x4f1920	0x4f1a11	241	241	fcn.004f1920	native_stub_004f1920_fcn_004f1920	r2_discovered	10	59	15	2	9	7	1	200	1	fcn.004f1920 (int64_t arg1);
.text	0x4f198a	0x4f198d	3	3	fcn.004f198a	native_stub_004f198a_fcn_004f198a	r2_discovered	1	3	0	1	0	0	0	0	0	fcn.004f198a ();
.text	0x4f1a20	0x4f1a28	8	8	method.__gnu_cxx::__concurrence_lock_error.virtual_16	native_stub_004f1a20_method_gnu_cxx_concurrence_lock_error_virtual_16	native_discovered	1	2	0	0	0	0	0	0	0	method.__gnu_cxx::__concurrence_lock_error.virtual_16 ();
.text	0x4f1a30	0x4f1a38	8	8	method.__gnu_cxx::__concurrence_unlock_error.virtual_16	native_stub_004f1a30_method_gnu_cxx_concurrence_unlock_error_virtual_16	native_discovered	1	2	0	0	0	0	0	0	0	method.__gnu_cxx::__concurrence_unlock_error.virtual_16 ();
.text	0x4f1a40	0x4f1a53	19	19	method.__gnu_cxx::__concurrence_lock_error.virtual_0	native_stub_004f1a40_method_gnu_cxx_concurrence_lock_error_virtual_0	native_discovered	1	4	1	0	0	0	1	0	0	method.__gnu_cxx::__concurrence_lock_error.virtual_0 (int64_t arg1);
.text	0x4f1a60	0x4f1a73	19	19	method.__gnu_cxx::__concurrence_unlock_error.virtual_0	native_stub_004f1a60_method_gnu_cxx_concurrence_unlock_error_virtual_0	native_discovered	1	4	1	0	0	0	1	0	0	method.__gnu_cxx::__concurrence_unlock_error.virtual_0 (int64_t arg1);
.text	0x4f1a80	0x4f1aa0	32	32	method.__gnu_cxx::__concurrence_lock_error.virtual_8	native_stub_004f1a80_method_gnu_cxx_concurrence_lock_error_virtual_8	native_discovered	1	9	0	0	1	0	1	8	0	method.__gnu_cxx::__concurrence_lock_error.virtual_8 (int64_t arg1);
.text	0x4f1aa0	0x4f1ac0	32	32	method.__gnu_cxx::__concurrence_unlock_error.virtual_8	native_stub_004f1aa0_method_gnu_cxx_concurrence_unlock_error_virtual_8	native_discovered	1	9	0	0	1	0	1	8	0	method.__gnu_cxx::__concurrence_unlock_error.virtual_8 (int64_t arg1);
.text	0x4f1ac0	0x4f1b1c	92	92	fcn.004f1ac0	native_stub_004f1ac0_fcn_004f1ac0	r2_discovered	5	19	5	2	2	0	0	8	0	fcn.004f1ac0 ();
.text	0x4f1b30	0x4f1b70	64	64	fcn.004f1b30	native_stub_004f1b30_fcn_004f1b30	r2_discovered	1	12	1	7	2	1	0	152	0	fcn.004f1b30 ();
.text	0x4f1b70	0x4f1bdf	111	111	fcn.004f1b70	native_stub_004f1b70_fcn_004f1b70	r2_discovered	7	26	8	3	5	0	1	0	0	fcn.004f1b70 (int64_t arg1);
.text	0x4f1be0	0x4f2bd7	4087	4087	fcn.004f1be0	native_stub_004f1be0_fcn_004f1be0	r2_discovered	10	579	12	1	57	8	2	136	0	fcn.004f1be0 (int64_t arg1, int64_t arg2);
.text	0x4f1cac	0x4f1cb1	5	5	fcn.004f1cac	native_stub_004f1cac_fcn_004f1cac	r2_discovered	1	1	1	1	0	0	4	0	0	fcn.004f1be0 (int64_t arg1, int64_t arg2);
.text	0x4f2ce0	0x4f2d65	133	133	fcn.004f2ce0	native_stub_004f2ce0_fcn_004f2ce0	r2_discovered	8	29	8	3	2	0	0	8	0	fcn.004f2ce0 ();
.text	0x4f2d50	0x4f2e60	272	272	fcn.004f2d50	native_stub_004f2d50_fcn_004f2d50	r2_discovered	14	77	15	14	11	0	1	0	0	fcn.004f2d50 (int64_t arg1);
.text	0x4f2ff0	0x4f3049	89	89	fcn.004f2ff0	native_stub_004f2ff0_fcn_004f2ff0	r2_discovered	10	26	14	1	4	0	1	8	0	fcn.004f2ff0 (uint32_t arg1);
.text	0x4f3050	0x4f306c	28	28	method.std::__moneypunct_cache_char__true_.virtual_8	native_stub_004f3050_method_std_moneypunct_cache_char_true_virtual_8	native_discovered	1	10	0	0	1	0	1	24	0	method.std::__moneypunct_cache_char__true_.virtual_8 (int64_t arg1);
.text	0x4f3080	0x4f30d9	89	89	fcn.004f3080	native_stub_004f3080_fcn_004f3080	r2_discovered	10	26	14	1	4	0	1	8	0	fcn.004f3080 (uint32_t arg1);
.text	0x4f30e0	0x4f30fc	28	28	method.std::__moneypunct_cache_char__false_.virtual_8	native_stub_004f30e0_method_std_moneypunct_cache_char_false_virtual_8	native_discovered	1	10	0	0	1	0	1	24	0	method.std::__moneypunct_cache_char__false_.virtual_8 (int64_t arg1);
.text	0x4f3110	0x4f316c	92	92	fcn.004f3110	native_stub_004f3110_fcn_004f3110	r2_discovered	10	26	14	1	4	0	1	8	0	fcn.004f3110 (uint32_t arg1);
.text	0x4f3170	0x4f318c	28	28	method.std::__moneypunct_cache_wchar_t__true_.virtual_8	native_stub_004f3170_method_std_moneypunct_cache_wchar_t_true_virtual_8	native_discovered	1	10	0	0	1	0	1	24	0	method.std::__moneypunct_cache_wchar_t__true_.virtual_8 (int64_t arg1);
.text	0x4f31a0	0x4f31fc	92	92	fcn.004f31a0	native_stub_004f31a0_fcn_004f31a0	r2_discovered	10	26	14	1	4	0	1	8	0	fcn.004f31a0 (uint32_t arg1);
.text	0x4f3200	0x4f321c	28	28	method.std::__moneypunct_cache_wchar_t__false_.virtual_8	native_stub_004f3200_method_std_moneypunct_cache_wchar_t_false_virtual_8	native_discovered	1	10	0	0	1	0	1	24	0	method.std::__moneypunct_cache_wchar_t__false_.virtual_8 (int64_t arg1);
.text	0x4f3230	0x4f33d6	422	422	fcn.004f3230	native_stub_004f3230_fcn_004f3230	r2_discovered	18	117	21	16	1	1	2	24	0	fcn.004f3230 (int64_t arg2, int64_t arg3);
.text	0x4f3410	0x4f38f6	1254	1254	fcn.004f3410	native_stub_004f3410_fcn_004f3410	r2_discovered	26	293	36	10	30	3	2	88	0	fcn.004f3410 (uint32_t arg1, int64_t arg2);
.text	0x4f39b0	0x4f3e96	1254	1254	fcn.004f39b0	native_stub_004f39b0_fcn_004f39b0	r2_discovered	26	293	36	10	30	3	2	88	0	fcn.004f39b0 (uint32_t arg1, int64_t arg2);
.text	0x4f3f50	0x4f400d	189	189	fcn.004f3f50	native_stub_004f3f50_fcn_004f3f50	r2_discovered	15	55	23	8	5	0	1	24	0	fcn.004f3f50 (int64_t arg1);
.text	0x4f4030	0x4f404c	28	28	method.std::moneypunct_char__true_.virtual_8	native_stub_004f4030_method_std_moneypunct_char_true_virtual_8	native_discovered	1	10	0	0	1	0	1	24	0	method.std::moneypunct_char__true_.virtual_8 (int64_t arg1);
.text	0x4f4060	0x4f411d	189	189	fcn.004f4060	native_stub_004f4060_fcn_004f4060	r2_discovered	15	55	23	8	5	0	1	24	0	fcn.004f4060 (int64_t arg1);
.text	0x4f4140	0x4f415c	28	28	method.std::moneypunct_char__false_.virtual_8	native_stub_004f4140_method_std_moneypunct_char_false_virtual_8	native_discovered	1	10	0	0	1	0	1	24	0	method.std::moneypunct_char__false_.virtual_8 (int64_t arg1);
.text	0x4f4170	0x4f470d	1437	1437	fcn.004f4170	native_stub_004f4170_fcn_004f4170	r2_discovered	29	310	39	10	35	6	2	120	0	fcn.004f4170 (uint32_t arg1, int64_t arg2);
.text	0x4f47e0	0x4f4d7d	1437	1437	fcn.004f47e0	native_stub_004f47e0_fcn_004f47e0	r2_discovered	29	310	39	10	35	6	2	120	0	fcn.004f47e0 (uint32_t arg1, int64_t arg2);
.text	0x4f4e50	0x4f4f03	179	179	fcn.004f4e50	native_stub_004f4e50_fcn_004f4e50	r2_discovered	15	52	23	8	6	0	1	24	0	fcn.004f4e50 (int64_t arg1);
.text	0x4f4f20	0x4f4f3c	28	28	method.std::moneypunct_wchar_t__true_.virtual_8	native_stub_004f4f20_method_std_moneypunct_wchar_t_true_virtual_8	native_discovered	1	10	0	0	1	0	1	24	0	method.std::moneypunct_wchar_t__true_.virtual_8 (int64_t arg1);
.text	0x4f4f50	0x4f5003	179	179	fcn.004f4f50	native_stub_004f4f50_fcn_004f4f50	r2_discovered	15	52	23	8	6	0	1	24	0	fcn.004f4f50 (int64_t arg1);
.text	0x4f5020	0x4f503c	28	28	method.std::moneypunct_wchar_t__false_.virtual_8	native_stub_004f5020_method_std_moneypunct_wchar_t_false_virtual_8	native_discovered	1	10	0	0	1	0	1	24	0	method.std::moneypunct_wchar_t__false_.virtual_8 (int64_t arg1);
.text	0x4f5050	0x4f5061	17	17	method.std::codecvt_char__char____mbstate_t_.virtual_16	native_stub_004f5050_method_std_codecvt_char_char_mbstate_t_virtual_16	native_discovered	1	5	0	0	0	0	4	0	0	method.std::codecvt_char__char____mbstate_t_.virtual_16 (int64_t arg3, int64_t arg5, int64_t arg6, int64_t arg_10h);
.text	0x4f5070	0x4f5079	9	9	method.std::codecvt_char__char____mbstate_t_.virtual_24	native_stub_004f5070_method_std_codecvt_char_char_mbstate_t_virtual_24	native_discovered	1	3	0	0	0	0	2	0	0	method.std::codecvt_char__char____mbstate_t_.virtual_24 (int64_t arg3, int64_t arg5);
.text	0x4f5080	0x4f5086	6	6	method.std::codecvt_char__char____mbstate_t_.virtual_40	native_stub_004f5080_method_std_codecvt_char_char_mbstate_t_virtual_40	native_discovered	1	2	0	0	0	0	0	0	0	method.std::codecvt_char__char____mbstate_t_.virtual_40 ();
.text	0x4f5090	0x4f5096	6	6	method.std::codecvt_char__char____mbstate_t_.virtual_48	native_stub_004f5090_method_std_codecvt_char_char_mbstate_t_virtual_48	native_discovered	1	2	0	0	0	0	0	0	0	method.std::codecvt_char__char____mbstate_t_.virtual_48 ();
.text	0x4f50a0	0x4f50ae	14	14	method.std::codecvt_char__char____mbstate_t_.virtual_56	native_stub_004f50a0_method_std_codecvt_char_char_mbstate_t_virtual_56	native_discovered	1	5	0	0	0	0	3	0	0	method.std::codecvt_char__char____mbstate_t_.virtual_56 (int64_t arg3, uint32_t arg4, int64_t arg5);
.text	0x4f50b0	0x4f50b3	3	3	method.std::codecvt_wchar_t__char____mbstate_t_.virtual_48	native_stub_004f50b0_method_std_codecvt_wchar_t_char_mbstate_t_virtual_48	native_discovered	1	2	0	0	0	0	0	0	0	method.std::codecvt_wchar_t__char____mbstate_t_.virtual_48 ();
.text	0x4f50c0	0x4f50fd	61	61	fcn.004f50c0	native_stub_004f50c0_fcn_004f50c0	r2_discovered	1	17	0	5	1	0	1	24	0	fcn.004f50c0 (int64_t arg1);
.text	0x4f5120	0x4f513c	28	28	method.std::codecvt_char__char____mbstate_t_.virtual_8	native_stub_004f5120_method_std_codecvt_char_char_mbstate_t_virtual_8	native_discovered	1	10	0	0	1	0	1	24	0	method.std::codecvt_char__char____mbstate_t_.virtual_8 (int64_t arg1);
.text	0x4f5150	0x4f518d	61	61	fcn.004f5150	native_stub_004f5150_fcn_004f5150	r2_discovered	1	17	0	8	1	0	1	24	0	fcn.004f5150 (int64_t arg1);
.text	0x4f51b0	0x4f51cc	28	28	method.std::codecvt_wchar_t__char____mbstate_t_.virtual_8	native_stub_004f51b0_method_std_codecvt_wchar_t_char_mbstate_t_virtual_8	native_discovered	1	10	0	0	1	0	1	24	0	method.std::codecvt_wchar_t__char____mbstate_t_.virtual_8 (int64_t arg1);
.text	0x4f51e0	0x4f5212	50	50	fcn.004f51e0	native_stub_004f51e0_fcn_004f51e0	r2_discovered	1	17	0	4	1	0	2	24	0	fcn.004f51e0 (int64_t arg1, int64_t arg2);
.text	0x4f5280	0x4f52b2	50	50	fcn.004f5280	native_stub_004f5280_fcn_004f5280	r2_discovered	1	17	0	4	1	0	2	24	0	fcn.004f5280 (int64_t arg1, int64_t arg2);
.text	0x4f5320	0x4f533d	29	29	sym.__once_proxy	native_stub_004f5320_sym_once_proxy	symbol_named	1	6	0	0	1	0	0	8	0	sym.__once_proxy ();
.text	0x4f5340	0x4f5343	3	3	method.std::ctype_char_.virtual_48	native_stub_004f5340_method_std_ctype_char_virtual_48	native_discovered	1	2	0	0	0	0	1	0	0	method.std::ctype_char_.virtual_48 (int64_t arg2);
.text	0x4f5380	0x4f53b4	52	52	method.std::istream.virtual_0	native_stub_004f5380_method_std_istream_virtual_0	native_discovered	1	11	1	0	0	0	1	0	0	method.std::istream.virtual_0 (int64_t arg1);
.text	0x4f5400	0x4f5442	66	66	method.std::istream.virtual_8	native_stub_004f5400_method_std_istream_virtual_8	native_discovered	1	16	0	0	1	0	1	8	0	method.std::istream.virtual_8 (int64_t arg1);
.text	0x4f5480	0x4f54b4	52	52	method.std::basic_istream_wchar_t__std::char_traits_wchar_t___.virtual_0	native_stub_004f5480_method_std_basic_istream_wchar_t_std_char_traits_wchar_t_virtual_0	native_discovered	1	11	1	0	0	0	1	0	0	method.std::basic_istream_wchar_t__std::char_traits_wchar_t___.virtual_0 (int64_t arg1);
.text	0x4f5500	0x4f5542	66	66	method.std::basic_istream_wchar_t__std::char_traits_wchar_t___.virtual_8	native_stub_004f5500_method_std_basic_istream_wchar_t_std_char_traits_wchar_t_virtual_8	native_discovered	1	16	0	0	1	0	1	8	0	method.std::basic_istream_wchar_t__std::char_traits_wchar_t___.virtual_8 (int64_t arg1);
.text	0x4f5626	0x4f564b	37	37	fcn.004f5626	native_stub_004f5626_fcn_004f5626	r2_discovered	1	9	0	1	1	0	0	0	0	fcn.004f5626 ();
.text	0x4f5b50	0x4f60fc	1452	1452	fcn.004f5b50	native_stub_004f5b50_fcn_004f5b50	r2_discovered	88	402	126	33	44	3	3	192	0	fcn.004f5b50 (int64_t arg1, int64_t arg2, int64_t arg3);
.text	0x4f69b0	0x4f6a52	162	162	fcn.004f69b0	native_stub_004f69b0_fcn_004f69b0	r2_discovered	9	41	11	1	4	2	1	24	0	fcn.004f69b0 (int64_t arg1);
.text	0x4f6bf0	0x4f6c8e	158	158	fcn.004f6bf0	native_stub_004f6bf0_fcn_004f6bf0	r2_discovered	6	44	7	1	4	2	3	40	0	fcn.004f6bf0 (int64_t arg1, int64_t arg2, int64_t arg3);
.text	0x4f7430	0x4f74e2	178	178	fcn.004f7430	native_stub_004f7430_fcn_004f7430	r2_discovered	7	51	9	2	5	2	3	40	0	fcn.004f7430 (int64_t arg1, int64_t arg2, int64_t arg3);
.text	0x4f8cc0	0x4f924e	1422	1422	fcn.004f8cc0	native_stub_004f8cc0_fcn_004f8cc0	r2_discovered	87	400	123	33	47	3	3	192	0	fcn.004f8cc0 (int64_t arg1, int64_t arg2, int64_t arg3);
.text	0x4f9b30	0x4f9bd6	166	166	fcn.004f9b30	native_stub_004f9b30_fcn_004f9b30	r2_discovered	10	43	12	1	4	2	1	24	0	fcn.004f9b30 (int64_t arg1);
.text	0x4fbb00	0x4fbceb	491	491	fcn.004fbb00	native_stub_004fbb00_fcn_004fbb00	r2_discovered	25	112	32	1	0	0	2	0	0	fcn.004fbb00 (int64_t arg1, uint32_t arg2);
.text	0x4fbd10	0x4fbf14	516	516	fcn.004fbd10	native_stub_004fbd10_fcn_004fbd10	r2_discovered	27	122	35	12	1	1	4	24	0	fcn.004fbd10 (uint32_t arg1, uint32_t arg2, int64_t arg3, int64_t arg4);
.text	0x4fbf50	0x4fbf53	3	3	method.std::ctype_char_.virtual_64	native_stub_004fbf50_method_std_ctype_char_virtual_64	native_discovered	1	2	0	0	0	0	1	0	0	method.std::ctype_char_.virtual_64 (int64_t arg2);
.text	0x4fbf60	0x4fbf73	19	19	method.std::basic_ios_char__std::char_traits_char___.virtual_0	native_stub_004fbf60_method_std_basic_ios_char_std_char_traits_char_virtual_0	native_discovered	1	4	1	0	0	0	1	0	0	method.std::basic_ios_char__std::char_traits_char___.virtual_0 (int64_t arg1);
.text	0x4fbf80	0x4fbf93	19	19	method.std::basic_ios_wchar_t__std::char_traits_wchar_t___.virtual_0	native_stub_004fbf80_method_std_basic_ios_wchar_t_std_char_traits_wchar_t_virtual_0	native_discovered	1	4	1	0	0	0	1	0	0	method.std::basic_ios_wchar_t__std::char_traits_wchar_t___.virtual_0 (int64_t arg1);
.text	0x4fbfa0	0x4fbfc0	32	32	method.std::basic_ios_char__std::char_traits_char___.virtual_8	native_stub_004fbfa0_method_std_basic_ios_char_std_char_traits_char_virtual_8	native_discovered	1	9	0	0	1	0	1	8	0	method.std::basic_ios_char__std::char_traits_char___.virtual_8 (int64_t arg1);
.text	0x4fbfc0	0x4fbfe0	32	32	method.std::basic_ios_wchar_t__std::char_traits_wchar_t___.virtual_8	native_stub_004fbfc0_method_std_basic_ios_wchar_t_std_char_traits_wchar_t_virtual_8	native_discovered	1	9	0	0	1	0	1	8	0	method.std::basic_ios_wchar_t__std::char_traits_wchar_t___.virtual_8 (int64_t arg1);
.text	0x4fc010	0x4fc044	52	52	fcn.004fc010	native_stub_004fc010_fcn_004fc010	r2_discovered	5	14	6	128	1	0	2	8	0	fcn.004fc010 (uint32_t arg1, int64_t arg2);
.text	0x4fc100	0x4fc11b	27	27	fcn.004fc100	native_stub_004fc100_fcn_004fc100	r2_discovered	1	8	0	4	1	0	2	8	0	fcn.004fc100 (int64_t arg1, int64_t arg2);
.text	0x4fc380	0x4fc425	165	165	fcn.004fc380	native_stub_004fc380_fcn_004fc380	r2_discovered	8	46	11	43	8	0	2	24	0	fcn.004fc380 (int64_t arg1, int64_t arg2);
.text	0x4fc7e0	0x4fc839	89	89	fcn.004fc7e0	native_stub_004fc7e0_fcn_004fc7e0	r2_discovered	1	22	0	77	2	0	2	24	0	fcn.004fc7e0 (int64_t arg1, int64_t arg2);
.text	0x4fca70	0x4fcaa4	52	52	fcn.004fca70	native_stub_004fca70_fcn_004fca70	r2_discovered	5	14	6	125	1	0	2	8	0	fcn.004fca70 (uint32_t arg1, int64_t arg2);
.text	0x4fcb60	0x4fcb7b	27	27	fcn.004fcb60	native_stub_004fcb60_fcn_004fcb60	r2_discovered	1	8	0	4	1	0	2	8	0	fcn.004fcb60 (int64_t arg1, int64_t arg2);
.text	0x4fcce0	0x4fcd85	165	165	fcn.004fcce0	native_stub_004fcce0_fcn_004fcce0	r2_discovered	8	46	11	43	8	0	2	24	0	fcn.004fcce0 (int64_t arg1, int64_t arg2);
.text	0x4fd0d0	0x4fd12c	92	92	fcn.004fd0d0	native_stub_004fd0d0_fcn_004fd0d0	r2_discovered	1	22	0	77	2	0	2	24	0	fcn.004fd0d0 (int64_t arg1, int64_t arg2);
.text	0x4fd330	0x4fd387	87	87	method.std::basic_filebuf_char__std::char_traits_char___.virtual_24	native_stub_004fd330_method_std_basic_filebuf_char_std_char_traits_char_virtual_24	native_discovered	8	31	11	0	1	0	3	24	0	method.std::basic_filebuf_char__std::char_traits_char___.virtual_24 (int64_t arg1, int64_t arg2, int64_t arg3);
.text	0x4fd390	0x4fd3e7	87	87	method.std::basic_filebuf_wchar_t__std::char_traits_wchar_t___.virtual_24	native_stub_004fd390_method_std_basic_filebuf_wchar_t_std_char_traits_wchar_t_virtual_24	native_discovered	8	31	11	0	1	0	3	24	0	method.std::basic_filebuf_wchar_t__std::char_traits_wchar_t___.virtual_24 (int64_t arg1, int64_t arg2, int64_t arg3);
.text	0x4fd3f0	0x4fd4d6	230	230	method.std::basic_filebuf_char__std::char_traits_char___.virtual_56	native_stub_004fd3f0_method_std_basic_filebuf_char_std_char_traits_char_virtual_56	native_discovered	17	96	20	0	11	0	1	56	0	method.std::basic_filebuf_char__std::char_traits_char___.virtual_56 (int64_t arg1);
.text	0x4fd520	0x4fd54c	44	44	method.std::basic_filebuf_wchar_t__std::char_traits_wchar_t___.virtual_48	native_stub_004fd520_method_std_basic_filebuf_wchar_t_std_char_traits_wchar_t_virtual_48	native_discovered	3	15	2	0	1	0	1	8	0	method.std::basic_filebuf_wchar_t__std::char_traits_wchar_t___.virtual_48 (uint32_t arg1);
.text	0x4fd550	0x4fd6c1	369	369	method.std::basic_filebuf_char__std::char_traits_char___.virtual_88	native_stub_004fd550_method_std_basic_filebuf_char_std_char_traits_char_virtual_88	native_discovered	19	84	28	0	4	1	2	40	0	method.std::basic_filebuf_char__std::char_traits_char___.virtual_88 (uint32_t arg1, int64_t arg2);
.text	0x4fd6d0	0x4fd833	355	355	method.std::basic_filebuf_wchar_t__std::char_traits_wchar_t___.virtual_88	native_stub_004fd6d0_method_std_basic_filebuf_wchar_t_std_char_traits_wchar_t_virtual_88	native_discovered	19	84	28	0	4	1	2	40	0	method.std::basic_filebuf_wchar_t__std::char_traits_wchar_t___.virtual_88 (uint32_t arg1, int64_t arg2);
.text	0x4fd840	0x4fdaf0	688	688	method.std::basic_filebuf_char__std::char_traits_char___.virtual_72	native_stub_004fd840_method_std_basic_filebuf_char_std_char_traits_char_virtual_72	native_discovered	37	156	59	0	11	1	1	72	0	method.std::basic_filebuf_char__std::char_traits_char___.virtual_72 (uint32_t arg1);
.text	0x4fd9ea	0x4fdc7c	658	658	fcn.004fd9ea	native_stub_004fd9ea_fcn_004fd9ea	r2_discovered	41	146	57	1	9	0	2	16	0	fcn.004fd9ea (int64_t arg4, int64_t arg_8h);
.text	0x4fddc0	0x4fdfee	558	558	method.std::basic_filebuf_char__std::char_traits_char___.virtual_64	native_stub_004fddc0_method_std_basic_filebuf_char_std_char_traits_char_virtual_64	native_discovered	30	138	44	0	7	0	3	40	0	method.std::basic_filebuf_char__std::char_traits_char___.virtual_64 (uint32_t arg1, int64_t arg2, int64_t arg3);
.text	0x4fe020	0x4fe25a	570	570	method.std::basic_filebuf_wchar_t__std::char_traits_wchar_t___.virtual_64	native_stub_004fe020_method_std_basic_filebuf_wchar_t_std_char_traits_wchar_t_virtual_64	native_discovered	30	144	44	0	7	0	3	56	0	method.std::basic_filebuf_wchar_t__std::char_traits_wchar_t___.virtual_64 (uint32_t arg1, int64_t arg2, int64_t arg3);
.text	0x4fe280	0x4fec1e	2462	2462	method.std::basic_filebuf_char__std::char_traits_char___.virtual_96	native_stub_004fe280_method_std_basic_filebuf_char_std_char_traits_char_virtual_96	native_discovered	136	612	203	0	28	1	3	168	0	method.std::basic_filebuf_char__std::char_traits_char___.virtual_96 (int64_t arg1, int64_t arg2, int64_t arg3);
.text	0x4feb80	0x4fecdf	351	351	fcn.004feb80	native_stub_004feb80_fcn_004feb80	r2_discovered	3	66	2	27	4	0	1	40	0	fcn.004feb80 (int64_t arg1);
.text	0x4fed10	0x4fef07	503	503	fcn.004fed10	native_stub_004fed10_fcn_004fed10	r2_discovered	1	82	0	6	1	0	2	24	0	fcn.004fed10 (int64_t arg1, int64_t arg2);
.text	0x4ff1c0	0x4ff1f5	53	53	fcn.004ff1c0	native_stub_004ff1c0_fcn_004ff1c0	r2_discovered	4	13	4	3	1	0	1	8	0	fcn.004ff1c0 (uint32_t arg1);
.text	0x4ff200	0x4ff26f	111	111	fcn.004ff200	native_stub_004ff200_fcn_004ff200	r2_discovered	7	20	9	2	2	0	1	8	0	fcn.004ff200 (uint32_t arg1);
.text	0x4ff270	0x4ff3e8	376	376	fcn.004ff270	native_stub_004ff270_fcn_004ff270	r2_discovered	14	110	20	2	10	9	3	136	0	fcn.004ff270 (int64_t arg1, int64_t arg2, int64_t arg3);
.text	0x4ff3f0	0x4ff457	103	103	fcn.004ff3f0	native_stub_004ff3f0_fcn_004ff3f0	r2_discovered	3	31	2	3	2	0	2	24	0	fcn.004ff3f0 (int64_t arg1, int64_t arg2);
.text	0x4ff460	0x4ff5a7	327	327	fcn.004ff460	native_stub_004ff460_fcn_004ff460	r2_discovered	19	87	28	3	7	4	1	288	0	fcn.004ff460 (uint32_t arg1);
.text	0x4ff5b0	0x4ff69b	235	235	fcn.004ff5b0	native_stub_004ff5b0_fcn_004ff5b0	r2_discovered	8	58	9	3	3	1	4	0	0	fcn.004ff5b0 (int64_t arg1, int64_t arg2, int64_t arg3, int64_t arg4);
.text	0x4ff6a0	0x4ff8cd	557	557	method.std::basic_filebuf_char__std::char_traits_char___.virtual_104	native_stub_004ff6a0_method_std_basic_filebuf_char_std_char_traits_char_virtual_104	native_discovered	31	129	47	0	5	2	2	40	0	method.std::basic_filebuf_char__std::char_traits_char___.virtual_104 (uint32_t arg1, int64_t arg2);
.text	0x4ff8f0	0x4ffb01	529	529	method.std::basic_filebuf_char__std::char_traits_char___.virtual_32	native_stub_004ff8f0_method_std_basic_filebuf_char_std_char_traits_char_virtual_32	native_discovered	28	139	41	0	8	2	3	72	0	method.std::basic_filebuf_char__std::char_traits_char___.virtual_32 (int64_t arg1, int64_t arg2, int64_t arg3);
.text	0x4ffb20	0x4ffbe6	198	198	method.std::basic_filebuf_char__std::char_traits_char___.virtual_40	native_stub_004ffb20_method_std_basic_filebuf_char_std_char_traits_char_virtual_40	native_discovered	8	53	9	0	3	1	3	40	0	method.std::basic_filebuf_char__std::char_traits_char___.virtual_40 (int64_t arg1, int64_t arg2, int64_t arg3);
.text	0x4ffbf0	0x4ffe7e	654	654	method.std::basic_filebuf_char__std::char_traits_char___.virtual_16	native_stub_004ffbf0_method_std_basic_filebuf_char_std_char_traits_char_virtual_16	native_discovered	35	148	52	0	12	1	2	40	0	method.std::basic_filebuf_char__std::char_traits_char___.virtual_16 (int64_t arg1, int64_t arg2);
.text	0x5009e0	0x500b42	354	354	fcn.005009e0	native_stub_005009e0_fcn_005009e0	r2_discovered	3	66	2	27	4	0	1	40	0	fcn.005009e0 (int64_t arg1);
.text	0x500b70	0x500d66	502	502	fcn.00500b70	native_stub_00500b70_fcn_00500b70	r2_discovered	1	82	0	6	1	0	2	24	0	fcn.00500b70 (int64_t arg1, int64_t arg2);
.text	0x501020	0x50106d	77	77	fcn.00501020	native_stub_00501020_fcn_00501020	r2_discovered	6	18	7	3	2	0	1	16	0	fcn.00501020 (uint32_t arg1);
.text	0x501070	0x5010df	111	111	fcn.00501070	native_stub_00501070_fcn_00501070	r2_discovered	7	20	9	2	2	0	1	0	0	fcn.00501070 (uint32_t arg1);
.text	0x5010e0	0x501258	376	376	fcn.005010e0	native_stub_005010e0_fcn_005010e0	r2_discovered	14	110	20	2	10	9	3	136	0	fcn.005010e0 (int64_t arg1, int64_t arg2, int64_t arg3);
.text	0x501260	0x5012d0	112	112	fcn.00501260	native_stub_00501260_fcn_00501260	r2_discovered	3	33	2	3	2	0	2	24	0	fcn.00501260 (int64_t arg1, int64_t arg2);
.text	0x5012d0	0x501417	327	327	fcn.005012d0	native_stub_005012d0_fcn_005012d0	r2_discovered	19	87	28	3	7	4	1	288	0	fcn.005012d0 (uint32_t arg1);
.text	0x501420	0x50150b	235	235	fcn.00501420	native_stub_00501420_fcn_00501420	r2_discovered	8	58	9	3	3	1	4	0	0	fcn.00501420 (int64_t arg1, int64_t arg2, int64_t arg3, int64_t arg4);
.text	0x501510	0x50174d	573	573	method.std::basic_filebuf_wchar_t__std::char_traits_wchar_t___.virtual_104	native_stub_00501510_method_std_basic_filebuf_wchar_t_std_char_traits_wchar_t_virtual_104	native_discovered	32	132	48	0	5	2	2	40	0	method.std::basic_filebuf_wchar_t__std::char_traits_wchar_t___.virtual_104 (uint32_t arg1, int64_t arg2);
.text	0x501780	0x501998	536	536	method.std::basic_filebuf_wchar_t__std::char_traits_wchar_t___.virtual_32	native_stub_00501780_method_std_basic_filebuf_wchar_t_std_char_traits_wchar_t_virtual_32	native_discovered	28	141	41	0	8	2	3	72	0	method.std::basic_filebuf_wchar_t__std::char_traits_wchar_t___.virtual_32 (int64_t arg1, int64_t arg2, int64_t arg3);
.text	0x5019b0	0x501a79	201	201	method.std::basic_filebuf_wchar_t__std::char_traits_wchar_t___.virtual_40	native_stub_005019b0_method_std_basic_filebuf_wchar_t_std_char_traits_wchar_t_virtual_40	native_discovered	8	54	9	0	3	1	3	40	0	method.std::basic_filebuf_wchar_t__std::char_traits_wchar_t___.virtual_40 (int64_t arg1, int64_t arg2, int64_t arg3);
.text	0x501a90	0x501d23	659	659	method.std::basic_filebuf_wchar_t__std::char_traits_wchar_t___.virtual_16	native_stub_00501a90_method_std_basic_filebuf_wchar_t_std_char_traits_wchar_t_virtual_16	native_discovered	35	149	52	0	12	1	2	40	0	method.std::basic_filebuf_wchar_t__std::char_traits_wchar_t___.virtual_16 (int64_t arg1, int64_t arg2);
.text	0x5027f0	0x502870	128	128	fcn.005027f0	native_stub_005027f0_fcn_005027f0	r2_discovered	1	27	0	1	1	0	1	8	0	fcn.005027f0 (int64_t arg1);
.text	0x502870	0x50294e	222	222	fcn.00502870	native_stub_00502870_fcn_00502870	r2_discovered	7	54	9	25	5	1	1	40	0	fcn.00502870 (int64_t arg1);
.text	0x5029a0	0x5029d8	56	56	fcn.005029a0	native_stub_005029a0_fcn_005029a0	r2_discovered	1	14	0	26	2	0	1	8	0	fcn.005029a0 (int64_t arg1);
.text	0x502a90	0x502b4f	191	191	fcn.00502a90	native_stub_00502a90_fcn_00502a90	r2_discovered	1	41	0	1	4	0	1	40	0	fcn.00502a90 (int64_t arg1);
.text	0x502fa0	0x50316a	458	458	fcn.00502fa0	native_stub_00502fa0_fcn_00502fa0	r2_discovered	1	77	0	3	2	0	2	24	0	fcn.00502fa0 (int64_t arg1, int64_t arg2);
.text	0x5033d0	0x5034d6	262	262	fcn.005033d0	native_stub_005033d0_fcn_005033d0	r2_discovered	10	66	13	29	7	1	3	56	0	fcn.005033d0 (int64_t arg1, int64_t arg2, int64_t arg3);
.text	0x5045a0	0x5045ca	42	42	fcn.005045a0	native_stub_005045a0_fcn_005045a0	r2_discovered	3	15	2	1	1	0	1	8	0	fcn.005045a0 (int64_t arg1);
.text	0x5046d0	0x504774	164	164	method.std::basic_fstream_char__std::char_traits_char___.virtual_0	native_stub_005046d0_method_std_basic_fstream_char_std_char_traits_char_virtual_0	native_discovered	1	34	1	0	3	0	1	8	0	method.std::basic_fstream_char__std::char_traits_char___.virtual_0 (int64_t arg1);
.text	0x5048d0	0x50497c	172	172	method.std::basic_fstream_char__std::char_traits_char___.virtual_8	native_stub_005048d0_method_std_basic_fstream_char_std_char_traits_char_virtual_8	native_discovered	1	36	0	0	4	0	1	8	0	method.std::basic_fstream_char__std::char_traits_char___.virtual_8 (int64_t arg1);
.text	0x504a30	0x504abe	142	142	method.std::basic_ifstream_char__std::char_traits_char___.virtual_0	native_stub_00504a30_method_std_basic_ifstream_char_std_char_traits_char_virtual_0	native_discovered	1	30	1	0	3	0	1	8	0	method.std::basic_ifstream_char__std::char_traits_char___.virtual_0 (int64_t arg1);
.text	0x504b50	0x504bd6	134	134	method.std::basic_ofstream_char__std::char_traits_char___.virtual_0	native_stub_00504b50_method_std_basic_ofstream_char_std_char_traits_char_virtual_0	native_discovered	1	29	1	0	3	0	1	8	0	method.std::basic_ofstream_char__std::char_traits_char___.virtual_0 (int64_t arg1);
.text	0x504c60	0x504cee	142	142	method.std::basic_ofstream_char__std::char_traits_char___.virtual_8	native_stub_00504c60_method_std_basic_ofstream_char_std_char_traits_char_virtual_8	native_discovered	1	31	0	0	4	0	1	8	0	method.std::basic_ofstream_char__std::char_traits_char___.virtual_8 (int64_t arg1);
.text	0x504d80	0x504e16	150	150	method.std::basic_ifstream_char__std::char_traits_char___.virtual_8	native_stub_00504d80_method_std_basic_ifstream_char_std_char_traits_char_virtual_8	native_discovered	1	32	0	0	4	0	1	8	0	method.std::basic_ifstream_char__std::char_traits_char___.virtual_8 (int64_t arg1);
.text	0x504eb0	0x504ef0	64	64	method.std::basic_filebuf_char__std::char_traits_char___.virtual_8	native_stub_00504eb0_method_std_basic_filebuf_char_std_char_traits_char_virtual_8	native_discovered	1	16	0	0	3	0	1	8	0	method.std::basic_filebuf_char__std::char_traits_char___.virtual_8 (int64_t arg1);
.text	0x5050b0	0x505130	128	128	fcn.005050b0	native_stub_005050b0_fcn_005050b0	r2_discovered	1	27	0	1	1	0	1	8	0	fcn.005050b0 (int64_t arg1);
.text	0x505130	0x50520e	222	222	fcn.00505130	native_stub_00505130_fcn_00505130	r2_discovered	7	54	9	25	5	1	1	40	0	fcn.00505130 (int64_t arg1);
.text	0x505260	0x505298	56	56	fcn.00505260	native_stub_00505260_fcn_00505260	r2_discovered	1	14	0	26	2	0	1	8	0	fcn.00505260 (int64_t arg1);
.text	0x505870	0x505a3a	458	458	fcn.00505870	native_stub_00505870_fcn_00505870	r2_discovered	1	77	0	3	2	0	2	24	0	fcn.00505870 (int64_t arg1, int64_t arg2);
.text	0x505ca0	0x505da6	262	262	fcn.00505ca0	native_stub_00505ca0_fcn_00505ca0	r2_discovered	10	66	13	29	7	1	3	56	0	fcn.00505ca0 (int64_t arg1, int64_t arg2, int64_t arg3);
.text	0x506f00	0x506f8e	142	142	method.std::basic_ofstream_wchar_t__std::char_traits_wchar_t___.virtual_8	native_stub_00506f00_method_std_basic_ofstream_wchar_t_std_char_traits_wchar_t_virtual_8	native_discovered	1	31	0	0	4	0	1	8	0	method.std::basic_ofstream_wchar_t__std::char_traits_wchar_t___.virtual_8 (int64_t arg1);
.text	0x507020	0x5070ae	142	142	method.std::basic_ifstream_wchar_t__std::char_traits_wchar_t___.virtual_0	native_stub_00507020_method_std_basic_ifstream_wchar_t_std_char_traits_wchar_t_virtual_0	native_discovered	1	30	1	0	3	0	1	8	0	method.std::basic_ifstream_wchar_t__std::char_traits_wchar_t___.virtual_0 (int64_t arg1);
.text	0x5071e0	0x507284	164	164	method.std::basic_fstream_wchar_t__std::char_traits_wchar_t___.virtual_0	native_stub_005071e0_method_std_basic_fstream_wchar_t_std_char_traits_wchar_t_virtual_0	native_discovered	1	34	1	0	3	0	1	8	0	method.std::basic_fstream_wchar_t__std::char_traits_wchar_t___.virtual_0 (int64_t arg1);
.text	0x507330	0x5073dc	172	172	method.std::basic_fstream_wchar_t__std::char_traits_wchar_t___.virtual_8	native_stub_00507330_method_std_basic_fstream_wchar_t_std_char_traits_wchar_t_virtual_8	native_discovered	1	36	0	0	4	0	1	8	0	method.std::basic_fstream_wchar_t__std::char_traits_wchar_t___.virtual_8 (int64_t arg1);
.text	0x507540	0x5075c6	134	134	method.std::basic_ofstream_wchar_t__std::char_traits_wchar_t___.virtual_0	native_stub_00507540_method_std_basic_ofstream_wchar_t_std_char_traits_wchar_t_virtual_0	native_discovered	1	29	1	0	3	0	1	8	0	method.std::basic_ofstream_wchar_t__std::char_traits_wchar_t___.virtual_0 (int64_t arg1);
.text	0x507650	0x5076e6	150	150	method.std::basic_ifstream_wchar_t__std::char_traits_wchar_t___.virtual_8	native_stub_00507650_method_std_basic_ifstream_wchar_t_std_char_traits_wchar_t_virtual_8	native_discovered	1	32	0	0	4	0	1	8	0	method.std::basic_ifstream_wchar_t__std::char_traits_wchar_t___.virtual_8 (int64_t arg1);
.text	0x507780	0x5077c0	64	64	method.std::basic_filebuf_wchar_t__std::char_traits_wchar_t___.virtual_8	native_stub_00507780_method_std_basic_filebuf_wchar_t_std_char_traits_wchar_t_virtual_8	native_discovered	1	16	0	0	3	0	1	8	0	method.std::basic_filebuf_wchar_t__std::char_traits_wchar_t___.virtual_8 (int64_t arg1);
.text	0x507980	0x507988	8	8	method.std::moneypunct_wchar_t__false_.virtual_16	native_stub_00507980_method_std_moneypunct_wchar_t_false_virtual_16	native_discovered	1	3	0	0	0	0	1	0	0	method.std::moneypunct_wchar_t__false_.virtual_16 (int64_t arg1);
.text	0x507990	0x507998	8	8	method.std::moneypunct_wchar_t__false_.virtual_24	native_stub_00507990_method_std_moneypunct_wchar_t_false_virtual_24	native_discovered	1	3	0	0	0	0	1	0	0	method.std::moneypunct_wchar_t__false_.virtual_24 (int64_t arg1);
.text	0x5079a0	0x5079a8	8	8	method.std::moneypunct_wchar_t__false_.virtual_64	native_stub_005079a0_method_std_moneypunct_wchar_t_false_virtual_64	native_discovered	1	3	0	0	0	0	1	0	0	method.std::moneypunct_wchar_t__false_.virtual_64 (int64_t arg1);
.text	0x5079b0	0x5079e5	53	53	method.std::moneypunct_wchar_t__false_.virtual_72	native_stub_005079b0_method_std_moneypunct_wchar_t_false_virtual_72	native_discovered	3	12	2	0	1	1	1	24	0	method.std::moneypunct_wchar_t__false_.virtual_72 (int64_t arg1);
.text	0x5079f0	0x507a25	53	53	method.std::moneypunct_wchar_t__false_.virtual_80	native_stub_005079f0_method_std_moneypunct_wchar_t_false_virtual_80	native_discovered	3	12	2	0	1	1	1	24	0	method.std::moneypunct_wchar_t__false_.virtual_80 (int64_t arg1);
.text	0x507a30	0x507a38	8	8	method.std::moneypunct_wchar_t__true_.virtual_16	native_stub_00507a30_method_std_moneypunct_wchar_t_true_virtual_16	native_discovered	1	3	0	0	0	0	1	0	0	method.std::moneypunct_wchar_t__true_.virtual_16 (int64_t arg1);
.text	0x507a40	0x507a48	8	8	method.std::moneypunct_wchar_t__true_.virtual_24	native_stub_00507a40_method_std_moneypunct_wchar_t_true_virtual_24	native_discovered	1	3	0	0	0	0	1	0	0	method.std::moneypunct_wchar_t__true_.virtual_24 (int64_t arg1);
.text	0x507a50	0x507a58	8	8	method.std::moneypunct_wchar_t__true_.virtual_64	native_stub_00507a50_method_std_moneypunct_wchar_t_true_virtual_64	native_discovered	1	3	0	0	0	0	1	0	0	method.std::moneypunct_wchar_t__true_.virtual_64 (int64_t arg1);
.text	0x507a60	0x507a95	53	53	method.std::moneypunct_wchar_t__true_.virtual_72	native_stub_00507a60_method_std_moneypunct_wchar_t_true_virtual_72	native_discovered	3	12	2	0	1	1	1	24	0	method.std::moneypunct_wchar_t__true_.virtual_72 (int64_t arg1);
.text	0x507aa0	0x507ad5	53	53	method.std::moneypunct_wchar_t__true_.virtual_80	native_stub_00507aa0_method_std_moneypunct_wchar_t_true_virtual_80	native_discovered	3	12	2	0	1	1	1	24	0	method.std::moneypunct_wchar_t__true_.virtual_80 (int64_t arg1);
.text	0x507ae0	0x507af3	19	19	method.std::moneypunct_byname_wchar_t__false_.virtual_0	native_stub_00507ae0_method_std_moneypunct_byname_wchar_t_false_virtual_0	native_discovered	1	4	1	0	0	0	1	0	0	method.std::moneypunct_byname_wchar_t__false_.virtual_0 (int64_t arg1);
.text	0x507b00	0x507b13	19	19	method.std::moneypunct_byname_wchar_t__true_.virtual_0	native_stub_00507b00_method_std_moneypunct_byname_wchar_t_true_virtual_0	native_discovered	1	4	1	0	0	0	1	0	0	method.std::moneypunct_byname_wchar_t__true_.virtual_0 (int64_t arg1);
.text	0x507b20	0x507b28	8	8	method.std::numpunct_wchar_t_.virtual_16	native_stub_00507b20_method_std_numpunct_wchar_t_virtual_16	native_discovered	1	3	0	0	0	0	1	0	0	method.std::numpunct_wchar_t_.virtual_16 (int64_t arg1);
.text	0x507b30	0x507b38	8	8	method.std::numpunct_wchar_t_.virtual_24	native_stub_00507b30_method_std_numpunct_wchar_t_virtual_24	native_discovered	1	3	0	0	0	0	1	0	0	method.std::numpunct_wchar_t_.virtual_24 (int64_t arg1);
.text	0x507b40	0x507b53	19	19	method.std::numpunct_byname_wchar_t_.virtual_0	native_stub_00507b40_method_std_numpunct_byname_wchar_t_virtual_0	native_discovered	1	4	1	0	0	0	1	0	0	method.std::numpunct_byname_wchar_t_.virtual_0 (int64_t arg1);
.text	0x507b60	0x507b63	3	3	method.std::time_get_wchar_t__std::istreambuf_iterator_wchar_t__std::char_traits_wchar_t_____.virtual_16	native_stub_00507b60_method_std_time_get_wchar_t_std_istreambuf_iterator_wchar_t_std_char_tra	native_discovered	1	2	0	0	0	0	0	0	0	method.std::time_get_wchar_t__std::istreambuf_iterator_wchar_t__std::char_traits_wchar_t_____.virtual_16 ();
.text	0x507b70	0x507b97	39	39	method.std::collate_wchar_t_.virtual_32	native_stub_00507b70_method_std_collate_wchar_t_virtual_32	native_discovered	5	12	5	0	0	0	2	0	0	method.std::collate_wchar_t_.virtual_32 (uint32_t arg2, int64_t arg3);
.text	0x507ba0	0x507bb3	19	19	method.std::money_get_wchar_t__std::istreambuf_iterator_wchar_t__std::char_traits_wchar_t_____.virtual_0	native_stub_00507ba0_method_std_money_get_wchar_t_std_istreambuf_iterator_wchar_t_std_char_tr	native_discovered	1	4	1	0	0	0	1	0	0	method.std::money_get_wchar_t__std::istreambuf_iterator_wchar_t__std::char_traits_wchar_t_____.virtual_0 (int64_t arg1);
.text	0x507bc0	0x507bd3	19	19	method.std::money_put_wchar_t__std::ostreambuf_iterator_wchar_t__std::char_traits_wchar_t_____.virtual_0	native_stub_00507bc0_method_std_money_put_wchar_t_std_ostreambuf_iterator_wchar_t_std_char_tr	native_discovered	1	4	1	0	0	0	1	0	0	method.std::money_put_wchar_t__std::ostreambuf_iterator_wchar_t__std::char_traits_wchar_t_____.virtual_0 (int64_t arg1);
.text	0x507be0	0x507c2e	78	78	fcn.00507be0	native_stub_00507be0_fcn_00507be0	r2_discovered	8	22	11	1	3	0	1	8	0	fcn.00507be0 (uint32_t arg1);
.text	0x507c30	0x507c43	19	19	method.std::num_get_wchar_t__std::istreambuf_iterator_wchar_t__std::char_traits_wchar_t_____.virtual_0	native_stub_00507c30_method_std_num_get_wchar_t_std_istreambuf_iterator_wchar_t_std_char_trai	native_discovered	1	4	1	0	0	0	1	0	0	method.std::num_get_wchar_t__std::istreambuf_iterator_wchar_t__std::char_traits_wchar_t_____.virtual_0 (int64_t arg1);
.text	0x507c50	0x507c63	19	19	method.std::num_put_wchar_t__std::ostreambuf_iterator_wchar_t__std::char_traits_wchar_t_____.virtual_0	native_stub_00507c50_method_std_num_put_wchar_t_std_ostreambuf_iterator_wchar_t_std_char_trai	native_discovered	1	4	1	0	0	0	1	0	0	method.std::num_put_wchar_t__std::ostreambuf_iterator_wchar_t__std::char_traits_wchar_t_____.virtual_0 (int64_t arg1);
.text	0x507c70	0x507c83	19	19	fcn.00507c70	native_stub_00507c70_fcn_00507c70	r2_discovered	1	4	0	1	0	0	1	0	0	fcn.00507c70 (int64_t arg1);
.text	0x507c90	0x507ca3	19	19	method.std::time_put_wchar_t__std::ostreambuf_iterator_wchar_t__std::char_traits_wchar_t_____.virtual_0	native_stub_00507c90_method_std_time_put_wchar_t_std_ostreambuf_iterator_wchar_t_std_char_tra	native_discovered	1	4	1	0	0	0	1	0	0	method.std::time_put_wchar_t__std::ostreambuf_iterator_wchar_t__std::char_traits_wchar_t_____.virtual_0 (int64_t arg1);
.text	0x507cb0	0x507cc3	19	19	method.std::time_put_byname_wchar_t__std::ostreambuf_iterator_wchar_t__std::char_traits_wchar_t_____.virtual_0	native_stub_00507cb0_method_std_time_put_byname_wchar_t_std_ostreambuf_iterator_wchar_t_std_c	native_discovered	1	4	1	0	0	0	1	0	0	method.std::time_put_byname_wchar_t__std::ostreambuf_iterator_wchar_t__std::char_traits_wchar_t_____.virtual_0 (int64_t arg1);
.text	0x507cd0	0x507ce3	19	19	method.std::time_get_wchar_t__std::istreambuf_iterator_wchar_t__std::char_traits_wchar_t_____.virtual_0	native_stub_00507cd0_method_std_time_get_wchar_t_std_istreambuf_iterator_wchar_t_std_char_tra	native_discovered	1	4	1	0	0	0	1	0	0	method.std::time_get_wchar_t__std::istreambuf_iterator_wchar_t__std::char_traits_wchar_t_____.virtual_0 (int64_t arg1);
.text	0x507cf0	0x507d03	19	19	method.std::time_get_byname_wchar_t__std::istreambuf_iterator_wchar_t__std::char_traits_wchar_t_____.virtual_0	native_stub_00507cf0_method_std_time_get_byname_wchar_t_std_istreambuf_iterator_wchar_t_std_c	native_discovered	1	4	1	0	0	0	1	0	0	method.std::time_get_byname_wchar_t__std::istreambuf_iterator_wchar_t__std::char_traits_wchar_t_____.virtual_0 (int64_t arg1);
.text	0x507d10	0x507d30	32	32	method.std::moneypunct_byname_wchar_t__false_.virtual_8	native_stub_00507d10_method_std_moneypunct_byname_wchar_t_false_virtual_8	native_discovered	1	9	0	0	1	0	1	8	0	method.std::moneypunct_byname_wchar_t__false_.virtual_8 (int64_t arg1);
.text	0x507d30	0x507d50	32	32	method.std::moneypunct_byname_wchar_t__true_.virtual_8	native_stub_00507d30_method_std_moneypunct_byname_wchar_t_true_virtual_8	native_discovered	1	9	0	0	1	0	1	8	0	method.std::moneypunct_byname_wchar_t__true_.virtual_8 (int64_t arg1);
.text	0x507d50	0x507d70	32	32	method.std::money_get_wchar_t__std::istreambuf_iterator_wchar_t__std::char_traits_wchar_t_____.virtual_8	native_stub_00507d50_method_std_money_get_wchar_t_std_istreambuf_iterator_wchar_t_std_char_tr	native_discovered	1	9	0	0	1	0	1	8	0	method.std::money_get_wchar_t__std::istreambuf_iterator_wchar_t__std::char_traits_wchar_t_____.virtual_8 (int64_t arg1);
.text	0x507d70	0x507d90	32	32	method.std::money_put_wchar_t__std::ostreambuf_iterator_wchar_t__std::char_traits_wchar_t_____.virtual_8	native_stub_00507d70_method_std_money_put_wchar_t_std_ostreambuf_iterator_wchar_t_std_char_tr	native_discovered	1	9	0	0	1	0	1	8	0	method.std::money_put_wchar_t__std::ostreambuf_iterator_wchar_t__std::char_traits_wchar_t_____.virtual_8 (int64_t arg1);
.text	0x507d90	0x507da2	18	18	method.std::__numpunct_cache_wchar_t_.virtual_8	native_stub_00507d90_method_std_numpunct_cache_wchar_t_virtual_8	native_discovered	1	6	0	0	1	0	1	8	0	method.std::__numpunct_cache_wchar_t_.virtual_8 (int64_t arg1);
.text	0x507db0	0x507dd0	32	32	method.std::numpunct_byname_wchar_t_.virtual_8	native_stub_00507db0_method_std_numpunct_byname_wchar_t_virtual_8	native_discovered	1	9	0	0	1	0	1	8	0	method.std::numpunct_byname_wchar_t_.virtual_8 (int64_t arg1);
.text	0x507dd0	0x507df0	32	32	method.std::num_get_wchar_t__std::istreambuf_iterator_wchar_t__std::char_traits_wchar_t_____.virtual_8	native_stub_00507dd0_method_std_num_get_wchar_t_std_istreambuf_iterator_wchar_t_std_char_trai	native_discovered	1	9	0	0	1	0	1	8	0	method.std::num_get_wchar_t__std::istreambuf_iterator_wchar_t__std::char_traits_wchar_t_____.virtual_8 (int64_t arg1);
.text	0x507df0	0x507e10	32	32	method.std::num_put_wchar_t__std::ostreambuf_iterator_wchar_t__std::char_traits_wchar_t_____.virtual_8	native_stub_00507df0_method_std_num_put_wchar_t_std_ostreambuf_iterator_wchar_t_std_char_trai	native_discovered	1	9	0	0	1	0	1	8	0	method.std::num_put_wchar_t__std::ostreambuf_iterator_wchar_t__std::char_traits_wchar_t_____.virtual_8 (int64_t arg1);
.text	0x507e10	0x507e22	18	18	method.std::__timepunct_cache_wchar_t_.virtual_8	native_stub_00507e10_method_std_timepunct_cache_wchar_t_virtual_8	native_discovered	1	6	0	0	1	0	1	8	0	method.std::__timepunct_cache_wchar_t_.virtual_8 (int64_t arg1);
.text	0x507e30	0x507e50	32	32	method.std::time_put_wchar_t__std::ostreambuf_iterator_wchar_t__std::char_traits_wchar_t_____.virtual_8	native_stub_00507e30_method_std_time_put_wchar_t_std_ostreambuf_iterator_wchar_t_std_char_tra	native_discovered	1	9	0	0	1	0	1	8	0	method.std::time_put_wchar_t__std::ostreambuf_iterator_wchar_t__std::char_traits_wchar_t_____.virtual_8 (int64_t arg1);
.text	0x507e50	0x507e70	32	32	method.std::time_put_byname_wchar_t__std::ostreambuf_iterator_wchar_t__std::char_traits_wchar_t_____.virtual_8	native_stub_00507e50_method_std_time_put_byname_wchar_t_std_ostreambuf_iterator_wchar_t_std_c	native_discovered	1	9	0	0	1	0	1	8	0	method.std::time_put_byname_wchar_t__std::ostreambuf_iterator_wchar_t__std::char_traits_wchar_t_____.virtual_8 (int64_t arg1);
.text	0x507e70	0x507e90	32	32	method.std::time_get_wchar_t__std::istreambuf_iterator_wchar_t__std::char_traits_wchar_t_____.virtual_8	native_stub_00507e70_method_std_time_get_wchar_t_std_istreambuf_iterator_wchar_t_std_char_tra	native_discovered	1	9	0	0	1	0	1	8	0	method.std::time_get_wchar_t__std::istreambuf_iterator_wchar_t__std::char_traits_wchar_t_____.virtual_8 (int64_t arg1);
.text	0x507e90	0x507eb0	32	32	method.std::time_get_byname_wchar_t__std::istreambuf_iterator_wchar_t__std::char_traits_wchar_t_____.virtual_8	native_stub_00507e90_method_std_time_get_byname_wchar_t_std_istreambuf_iterator_wchar_t_std_c	native_discovered	1	9	0	0	1	0	1	8	0	method.std::time_get_byname_wchar_t__std::istreambuf_iterator_wchar_t__std::char_traits_wchar_t_____.virtual_8 (int64_t arg1);
.text	0x507eb0	0x507ef8	72	72	method.std::moneypunct_wchar_t__false_.virtual_32	native_stub_00507eb0_method_std_moneypunct_wchar_t_false_virtual_32	native_discovered	3	18	2	0	2	2	2	24	0	method.std::moneypunct_wchar_t__false_.virtual_32 (int64_t arg1, int64_t arg2);
.text	0x507f00	0x507f48	72	72	method.std::moneypunct_wchar_t__true_.virtual_32	native_stub_00507f00_method_std_moneypunct_wchar_t_true_virtual_32	native_discovered	3	18	2	0	2	2	2	24	0	method.std::moneypunct_wchar_t__true_.virtual_32 (int64_t arg1, int64_t arg2);
.text	0x507f50	0x507f98	72	72	method.std::numpunct_wchar_t_.virtual_32	native_stub_00507f50_method_std_numpunct_wchar_t_virtual_32	native_discovered	3	18	2	0	2	2	2	24	0	method.std::numpunct_wchar_t_.virtual_32 (int64_t arg1, int64_t arg2);
.text	0x507fa0	0x507fe8	72	72	method.std::moneypunct_wchar_t__false_.virtual_40	native_stub_00507fa0_method_std_moneypunct_wchar_t_false_virtual_40	native_discovered	3	18	2	0	2	2	2	24	0	method.std::moneypunct_wchar_t__false_.virtual_40 (int64_t arg1, int64_t arg2);
.text	0x507ff0	0x508038	72	72	method.std::moneypunct_wchar_t__false_.virtual_48	native_stub_00507ff0_method_std_moneypunct_wchar_t_false_virtual_48	native_discovered	3	18	2	0	2	2	2	24	0	method.std::moneypunct_wchar_t__false_.virtual_48 (int64_t arg1, int64_t arg2);
.text	0x508040	0x508088	72	72	method.std::moneypunct_wchar_t__false_.virtual_56	native_stub_00508040_method_std_moneypunct_wchar_t_false_virtual_56	native_discovered	3	18	2	0	2	2	2	24	0	method.std::moneypunct_wchar_t__false_.virtual_56 (int64_t arg1, int64_t arg2);
.text	0x508090	0x5080d8	72	72	method.std::moneypunct_wchar_t__true_.virtual_40	native_stub_00508090_method_std_moneypunct_wchar_t_true_virtual_40	native_discovered	3	18	2	0	2	2	2	24	0	method.std::moneypunct_wchar_t__true_.virtual_40 (int64_t arg1, int64_t arg2);
.text	0x5080e0	0x508128	72	72	method.std::moneypunct_wchar_t__true_.virtual_48	native_stub_005080e0_method_std_moneypunct_wchar_t_true_virtual_48	native_discovered	3	18	2	0	2	2	2	24	0	method.std::moneypunct_wchar_t__true_.virtual_48 (int64_t arg1, int64_t arg2);
.text	0x508130	0x508178	72	72	method.std::moneypunct_wchar_t__true_.virtual_56	native_stub_00508130_method_std_moneypunct_wchar_t_true_virtual_56	native_discovered	3	18	2	0	2	2	2	24	0	method.std::moneypunct_wchar_t__true_.virtual_56 (int64_t arg1, int64_t arg2);
.text	0x508180	0x5081c8	72	72	method.std::numpunct_wchar_t_.virtual_40	native_stub_00508180_method_std_numpunct_wchar_t_virtual_40	native_discovered	3	18	2	0	2	2	2	24	0	method.std::numpunct_wchar_t_.virtual_40 (int64_t arg1, int64_t arg2);
.text	0x5081d0	0x508218	72	72	method.std::numpunct_wchar_t_.virtual_48	native_stub_005081d0_method_std_numpunct_wchar_t_virtual_48	native_discovered	3	18	2	0	2	2	2	24	0	method.std::numpunct_wchar_t_.virtual_48 (int64_t arg1, int64_t arg2);
.text	0x508220	0x508245	37	37	method.std::collate_wchar_t_.virtual_0	native_stub_00508220_method_std_collate_wchar_t_virtual_0	native_discovered	1	10	1	0	1	0	1	8	0	method.std::collate_wchar_t_.virtual_0 (int64_t arg1);
.text	0x508250	0x50827d	45	45	method.std::collate_wchar_t_.virtual_8	native_stub_00508250_method_std_collate_wchar_t_virtual_8	native_discovered	1	12	0	0	2	0	1	8	0	method.std::collate_wchar_t_.virtual_8 (int64_t arg1);
.text	0x508280	0x5082a5	37	37	method.std::collate_byname_wchar_t_.virtual_0	native_stub_00508280_method_std_collate_byname_wchar_t_virtual_0	native_discovered	1	10	1	0	1	0	1	8	0	method.std::collate_byname_wchar_t_.virtual_0 (int64_t arg1);
.text	0x5082b0	0x5082dd	45	45	method.std::collate_byname_wchar_t_.virtual_8	native_stub_005082b0_method_std_collate_byname_wchar_t_virtual_8	native_discovered	1	12	0	0	2	0	1	8	0	method.std::collate_byname_wchar_t_.virtual_8 (int64_t arg1);
.text	0x5082e0	0x508338	88	88	fcn.005082e0	native_stub_005082e0_fcn_005082e0	r2_discovered	6	27	8	1	4	0	1	24	0	fcn.005082e0 (int64_t arg1);
.text	0x508340	0x508352	18	18	method.std::__timepunct_wchar_t_.virtual_8	native_stub_00508340_method_std_timepunct_wchar_t_virtual_8	native_discovered	1	6	0	0	1	0	1	8	0	method.std::__timepunct_wchar_t_.virtual_8 (int64_t arg1);
.text	0x508360	0x5083a9	73	73	fcn.00508360	native_stub_00508360_fcn_00508360	r2_discovered	4	22	5	6	3	0	1	24	0	fcn.00508360 (int64_t arg1);
.text	0x5083b0	0x5083c2	18	18	method.std::messages_wchar_t_.virtual_8	native_stub_005083b0_method_std_messages_wchar_t_virtual_8	native_discovered	1	6	0	0	1	0	1	8	0	method.std::messages_wchar_t_.virtual_8 (int64_t arg1);
.text	0x5083d0	0x5083e3	19	19	method.std::messages_byname_wchar_t_.virtual_0	native_stub_005083d0_method_std_messages_byname_wchar_t_virtual_0	native_discovered	1	4	1	0	0	0	1	0	0	method.std::messages_byname_wchar_t_.virtual_0 (int64_t arg1);
.text	0x5083f0	0x508410	32	32	method.std::messages_byname_wchar_t_.virtual_8	native_stub_005083f0_method_std_messages_byname_wchar_t_virtual_8	native_discovered	1	9	0	0	1	0	1	8	0	method.std::messages_byname_wchar_t_.virtual_8 (int64_t arg1);
.text	0x508410	0x508423	19	19	method.std::codecvt_byname_wchar_t__char____mbstate_t_.virtual_0	native_stub_00508410_method_std_codecvt_byname_wchar_t_char_mbstate_t_virtual_0	native_discovered	1	4	1	0	0	0	1	0	0	method.std::codecvt_byname_wchar_t__char____mbstate_t_.virtual_0 (int64_t arg1);
.text	0x508430	0x508450	32	32	method.std::codecvt_byname_wchar_t__char____mbstate_t_.virtual_8	native_stub_00508430_method_std_codecvt_byname_wchar_t_char_mbstate_t_virtual_8	native_discovered	1	9	0	0	1	0	1	8	0	method.std::codecvt_byname_wchar_t__char____mbstate_t_.virtual_8 (int64_t arg1);
.text	0x508450	0x50847c	44	44	fcn.00508450	native_stub_00508450_fcn_00508450	r2_discovered	5	13	7	32	0	0	1	0	0	fcn.00508450 (int64_t arg1);
.text	0x508490	0x5085e1	337	337	method.std::collate_wchar_t_.virtual_16	native_stub_00508490_method_std_collate_wchar_t_virtual_16	native_discovered	17	100	24	0	8	7	5	120	0	method.std::collate_wchar_t_.virtual_16 (int64_t arg1, int64_t arg2, int64_t arg3, int64_t arg4, int64_t arg5);
.text	0x508620	0x50864c	44	44	fcn.00508620	native_stub_00508620_fcn_00508620	r2_discovered	5	13	7	39	0	0	1	0	0	fcn.00508620 (int64_t arg1);
.text	0x508660	0x50888e	558	558	method.std::collate_wchar_t_.virtual_24	native_stub_00508660_method_std_collate_wchar_t_virtual_24	native_discovered	23	144	32	0	20	7	4	120	0	method.std::collate_wchar_t_.virtual_24 (int64_t arg1, int64_t arg2, int64_t arg3, int64_t arg4);
.text	0x5088b0	0x50898b	219	219	fcn.005088b0	native_stub_005088b0_fcn_005088b0	r2_discovered	5	51	5	24	4	15	12	248	0	fcn.005088b0 (int64_t arg1, int64_t arg2, int64_t arg3, int64_t arg4, int64_t arg5, int64_t arg6, int64_t arg7, int64_t arg8, int64_t arg9, int64_t arg10, int64_t arg11, int64_t arg_100h);
.text	0x509d40	0x509d88	72	72	fcn.00509d40	native_stub_00509d40_fcn_00509d40	r2_discovered	1	22	0	1	2	0	3	24	0	fcn.00509d40 (int64_t arg1, int64_t arg2, int64_t arg3);
.text	0x509fc0	0x50a048	136	136	fcn.00509fc0	native_stub_00509fc0_fcn_00509fc0	r2_discovered	1	26	0	1	0	0	2	0	0	fcn.00509fc0 (int64_t arg1, int64_t arg2);
.text	0x50a050	0x50a0d8	136	136	fcn.0050a050	native_stub_0050a050_fcn_0050a050	r2_discovered	1	26	0	1	0	0	2	0	0	fcn.0050a050 (int64_t arg1, int64_t arg2);
.text	0x50a420	0x50a45b	59	59	fcn.0050a420	native_stub_0050a420_fcn_0050a420	r2_discovered	1	19	0	4	2	0	2	24	0	fcn.0050a420 (int64_t arg1, int64_t arg2);
.text	0x50a470	0x50a506	150	150	fcn.0050a470	native_stub_0050a470_fcn_0050a470	r2_discovered	4	43	4	1	6	1	4	40	0	fcn.0050a470 (int64_t arg1, int64_t arg2, int64_t arg3, int64_t arg4);
.text	0x50ab00	0x50acb6	438	438	fcn.0050ab00	native_stub_0050ab00_fcn_0050ab00	r2_discovered	21	129	32	46	10	6	3	128	0	fcn.0050ab00 (int64_t arg1, int64_t arg_70h, uint32_t arg_78h);
.text	0x50acd0	0x50afbc	748	748	fcn.0050acd0	native_stub_0050acd0_fcn_0050acd0	r2_discovered	50	194	76	12	6	4	10	88	0	fcn.0050acd0 (int64_t arg2, int64_t arg3, int64_t arg4, uint32_t arg5, int64_t arg6, signed int64_t arg_60h, signed int64_t arg_68h, uint32_t arg_70h, int64_t arg_78h, int64_t arg_80h);
.text	0x50aff0	0x50b198	424	424	method.std::time_get_wchar_t__std::istreambuf_iterator_wchar_t__std::char_traits_wchar_t_____.virtual_56	native_stub_0050aff0_method_std_time_get_wchar_t_std_istreambuf_iterator_wchar_t_std_char_tra	native_discovered	24	120	35	0	5	7	8	152	0	method.std::time_get_wchar_t__std::istreambuf_iterator_wchar_t__std::char_traits_wchar_t_____.virtual_56 (int64_t arg1, int64_t arg2, int64_t arg3, int64_t arg4, int64_t arg5, int64_t arg6, int64_t arg_70h, int64_t arg_78h);
.text	0x50b1c0	0x50b2b0	240	240	fcn.0050b1c0	native_stub_0050b1c0_fcn_0050b1c0	r2_discovered	16	66	22	6	12	0	1	144	0	fcn.0050b1c0 (int64_t arg1);
.text	0x50b2b0	0x50b66f	959	959	fcn.0050b2b0	native_stub_0050b2b0_fcn_0050b2b0	r2_discovered	42	230	58	7	27	8	2	0	0	fcn.0050b2b0 (int64_t arg1, int64_t arg2);
.text	0x50b6e0	0x50b730	80	80	fcn.0050b6e0	native_stub_0050b6e0_fcn_0050b6e0	r2_discovered	6	22	8	1	4	0	1	144	0	fcn.0050b6e0 (int64_t arg1);
.text	0x50b730	0x50b7d0	160	160	fcn.0050b730	native_stub_0050b730_fcn_0050b730	r2_discovered	11	44	15	1	8	0	1	0	0	fcn.0050b730 (uint32_t arg1);
.text	0x50b7d0	0x50bcce	1278	1278	fcn.0050b7d0	native_stub_0050b7d0_fcn_0050b7d0	r2_discovered	62	307	86	3	33	10	2	0	0	fcn.0050b7d0 (int64_t arg1, uint32_t arg2);
.text	0x50bd90	0x50bde0	80	80	fcn.0050bd90	native_stub_0050bd90_fcn_0050bd90	r2_discovered	6	22	8	1	4	0	1	128	0	fcn.0050bd90 (uint32_t arg1);
.text	0x50bde0	0x50c2de	1278	1278	fcn.0050bde0	native_stub_0050bde0_fcn_0050bde0	r2_discovered	62	307	86	3	33	10	2	0	0	fcn.0050bde0 (int64_t arg1, uint32_t arg2);
.text	0x50c440	0x50c5b3	371	371	fcn.0050c440	native_stub_0050c440_fcn_0050c440	r2_discovered	13	95	16	11	11	7	3	624	0	fcn.0050c440 (int64_t arg1, int64_t arg_270h, int64_t arg_278h);
.text	0x50c6b0	0x50c6f8	72	72	fcn.0050c6b0	native_stub_0050c6b0_fcn_0050c6b0	r2_discovered	4	21	5	1	2	0	1	8	0	fcn.0050c6b0 (int64_t arg1);
.text	0x50c700	0x50c748	72	72	fcn.0050c700	native_stub_0050c700_fcn_0050c700	r2_discovered	4	21	5	2	2	0	1	8	0	fcn.0050c700 (int64_t arg1);
.text	0x50c7f0	0x50c838	72	72	fcn.0050c7f0	native_stub_0050c7f0_fcn_0050c7f0	r2_discovered	4	21	5	2	2	0	1	8	0	fcn.0050c7f0 (int64_t arg1);
.text	0x50c840	0x50c888	72	72	fcn.0050c840	native_stub_0050c840_fcn_0050c840	r2_discovered	4	21	5	2	2	0	1	8	0	fcn.0050c840 (int64_t arg1);
.text	0x50cac0	0x50cc34	372	372	fcn.0050cac0	native_stub_0050cac0_fcn_0050cac0	r2_discovered	24	107	37	7	0	0	6	24	0	fcn.0050cac0 (int64_t arg1, int64_t arg2, int64_t arg3, uint32_t arg4, uint32_t arg5, uint32_t arg6);
.text	0x50cc40	0x50cce9	169	169	fcn.0050cc40	native_stub_0050cc40_fcn_0050cc40	r2_discovered	5	61	5	2	3	0	7	40	0	fcn.0050cc40 (int64_t arg2, int64_t arg3, int64_t arg4, int64_t arg5, int64_t arg6, int64_t arg_30h, int64_t arg_38h);
.text	0x50cd00	0x50cd3d	61	61	fcn.0050cd00	native_stub_0050cd00_fcn_0050cd00	r2_discovered	1	21	0	4	1	0	6	24	0	fcn.0050cd00 (int64_t arg2, int64_t arg3, int64_t arg4, int64_t arg6, int64_t arg_20h, int64_t arg_28h);
.text	0x50cd40	0x50cef3	435	435	fcn.0050cd40	native_stub_0050cd40_fcn_0050cd40	r2_discovered	20	127	30	1	8	1	6	72	0	fcn.0050cd40 (int64_t arg1, int64_t arg2, int64_t arg3, wchar_t *s2, int64_t arg5, size_t n);
.text	0x50cf10	0x50cf3b	43	43	fcn.0050cf10	native_stub_0050cf10_fcn_0050cf10	r2_discovered	1	16	0	6	1	0	6	24	0	fcn.0050cf10 (int64_t arg2, int64_t arg3, int64_t arg4, int64_t arg5, int64_t arg6, int64_t arg_20h);
.text	0x50cf40	0x50cff8	184	184	fcn.0050cf40	native_stub_0050cf40_fcn_0050cf40	r2_discovered	11	54	15	2	0	0	4	0	0	fcn.0050cf40 (int64_t arg1, int64_t arg2, int64_t arg3, uint32_t arg4);
.text	0x50d000	0x50d0b8	184	184	fcn.0050d000	native_stub_0050d000_fcn_0050d000	r2_discovered	11	54	15	2	0	0	4	0	0	fcn.0050d000 (int64_t arg1, int64_t arg2, int64_t arg3, uint32_t arg4);
.text	0x50d0c0	0x50d1a9	233	233	fcn.0050d0c0	native_stub_0050d0c0_fcn_0050d0c0	r2_discovered	3	55	2	2	4	0	1	40	0	fcn.0050d0c0 (int64_t arg2);
.text	0x50d1e0	0x50d73e	1374	1374	fcn.0050d1e0	native_stub_0050d1e0_fcn_0050d1e0	r2_discovered	56	322	80	2	31	17	5	184	0	fcn.0050d1e0 (int64_t arg2, int64_t arg3, int64_t arg4, int64_t arg5, int64_t arg6);
.text	0x50d7a0	0x50d7d2	50	50	fcn.0050d7a0	native_stub_0050d7a0_fcn_0050d7a0	r2_discovered	6	17	7	39	1	0	1	8	0	fcn.0050d7a0 (uint32_t arg1);
.text	0x50d7e0	0x50d8c9	233	233	fcn.0050d7e0	native_stub_0050d7e0_fcn_0050d7e0	r2_discovered	3	55	2	2	4	0	1	40	0	fcn.0050d7e0 (int64_t arg2);
.text	0x50d900	0x50de5e	1374	1374	fcn.0050d900	native_stub_0050d900_fcn_0050d900	r2_discovered	56	322	80	2	31	17	5	184	0	fcn.0050d900 (int64_t arg2, int64_t arg3, int64_t arg4, int64_t arg5, int64_t arg6);
.text	0x50dec0	0x50e078	440	440	method.std::money_put_wchar_t__std::ostreambuf_iterator_wchar_t__std::char_traits_wchar_t_____.virtual_16	native_stub_0050dec0_method_std_money_put_wchar_t_std_ostreambuf_iterator_wchar_t_std_char_tr	native_discovered	12	124	15	0	14	14	8	248	0	method.std::money_put_wchar_t__std::ostreambuf_iterator_wchar_t__std::char_traits_wchar_t_____.virtual_16 (int64_t arg1, int64_t arg2, int64_t arg3, uint32_t arg4, int64_t arg5, int64_t arg6, int64_t arg_10h, int64_t arg_18h);
.text	0x50e0b0	0x50e0cc	28	28	method.std::money_put_wchar_t__std::ostreambuf_iterator_wchar_t__std::char_traits_wchar_t_____.virtual_24	native_stub_0050e0b0_method_std_money_put_wchar_t_std_ostreambuf_iterator_wchar_t_std_char_tr	native_discovered	3	8	2	0	0	0	3	0	0	method.std::money_put_wchar_t__std::ostreambuf_iterator_wchar_t__std::char_traits_wchar_t_____.virtual_24 (int64_t arg5, int64_t arg6, int64_t arg_8h);
.text	0x50e0e0	0x50e1aa	202	202	fcn.0050e0e0	native_stub_0050e0e0_fcn_0050e0e0	r2_discovered	3	51	2	15	4	0	1	40	0	fcn.0050e0e0 (int64_t arg2);
.text	0x50e1e0	0x50e47b	667	667	fcn.0050e1e0	native_stub_0050e1e0_fcn_0050e1e0	r2_discovered	21	184	32	3	6	12	6	312	0	fcn.0050e1e0 (int64_t arg1, int64_t arg2, int64_t arg3, int64_t arg4, int64_t arg5, int64_t arg6);
.text	0x50e490	0x50e495	5	5	method.std::num_put_wchar_t__std::ostreambuf_iterator_wchar_t__std::char_traits_wchar_t_____.virtual_24	native_stub_0050e490_method_std_num_put_wchar_t_std_ostreambuf_iterator_wchar_t_std_char_trai	native_discovered	1	1	0	0	0	0	0	0	0	method.std::num_put_wchar_t__std::ostreambuf_iterator_wchar_t__std::char_traits_wchar_t_____.virtual_24 ();
.text	0x50e4c0	0x50e68c	460	460	method.std::num_put_wchar_t__std::ostreambuf_iterator_wchar_t__std::char_traits_wchar_t_____.virtual_16	native_stub_0050e4c0_method_std_num_put_wchar_t_std_ostreambuf_iterator_wchar_t_std_char_trai	native_discovered	22	136	31	0	8	8	5	104	0	method.std::num_put_wchar_t__std::ostreambuf_iterator_wchar_t__std::char_traits_wchar_t_____.virtual_16 (int64_t arg2, int64_t arg3, int64_t arg4, int64_t arg5, int64_t arg6);
.text	0x50e6b0	0x50e8e1	561	561	fcn.0050e6b0	native_stub_0050e6b0_fcn_0050e6b0	r2_discovered	15	154	22	3	6	12	6	312	0	fcn.0050e6b0 (int64_t arg1, int64_t arg2, int64_t arg3, int64_t arg4, int64_t arg5, uint32_t arg6);
.text	0x50e8f0	0x50e8f5	5	5	method.std::num_put_wchar_t__std::ostreambuf_iterator_wchar_t__std::char_traits_wchar_t_____.virtual_32	native_stub_0050e8f0_method_std_num_put_wchar_t_std_ostreambuf_iterator_wchar_t_std_char_trai	native_discovered	1	1	0	0	0	0	0	0	0	method.std::num_put_wchar_t__std::ostreambuf_iterator_wchar_t__std::char_traits_wchar_t_____.virtual_32 ();
.text	0x50e900	0x50e947	71	71	method.std::num_put_wchar_t__std::ostreambuf_iterator_wchar_t__std::char_traits_wchar_t_____.virtual_72	native_stub_0050e900_method_std_num_put_wchar_t_std_ostreambuf_iterator_wchar_t_std_char_trai	native_discovered	1	23	0	0	1	1	2	40	0	method.std::num_put_wchar_t__std::ostreambuf_iterator_wchar_t__std::char_traits_wchar_t_____.virtual_72 (int64_t arg3, int64_t arg4);
.text	0x50ec20	0x50eec0	672	672	method.std::num_put_wchar_t__std::ostreambuf_iterator_wchar_t__std::char_traits_wchar_t_____.virtual_40	native_stub_0050ec20_method_std_num_put_wchar_t_std_ostreambuf_iterator_wchar_t_std_char_trai	native_discovered	22	185	33	0	6	12	6	312	0	method.std::num_put_wchar_t__std::ostreambuf_iterator_wchar_t__std::char_traits_wchar_t_____.virtual_40 (int64_t arg1, int64_t arg2, int64_t arg3, int64_t arg4, int64_t arg5, int64_t arg6);
.text	0x50ee90	0x50f0c6	566	566	method.std::num_put_wchar_t__std::ostreambuf_iterator_wchar_t__std::char_traits_wchar_t_____.virtual_48	native_stub_0050ee90_method_std_num_put_wchar_t_std_ostreambuf_iterator_wchar_t_std_char_trai	native_discovered	16	155	23	0	6	12	6	312	0	method.std::num_put_wchar_t__std::ostreambuf_iterator_wchar_t__std::char_traits_wchar_t_____.virtual_48 (int64_t arg1, int64_t arg2, int64_t arg3, int64_t arg4, int64_t arg5, uint32_t arg6);
.text	0x50f2d0	0x50f6c8	1016	1016	method.std::num_put_wchar_t__std::ostreambuf_iterator_wchar_t__std::char_traits_wchar_t_____.virtual_56	native_stub_0050f2d0_method_std_num_put_wchar_t_std_ostreambuf_iterator_wchar_t_std_char_trai	native_discovered	29	257	44	0	17	15	6	248	0	method.std::num_put_wchar_t__std::ostreambuf_iterator_wchar_t__std::char_traits_wchar_t_____.virtual_56 (int64_t arg1, int64_t arg2, int64_t arg3, int64_t arg4, int64_t arg5, int64_t arg7);
.text	0x50f6e0	0x50fad7	1015	1015	method.std::num_put_wchar_t__std::ostreambuf_iterator_wchar_t__std::char_traits_wchar_t_____.virtual_64	native_stub_0050f6e0_method_std_num_put_wchar_t_std_ostreambuf_iterator_wchar_t_std_char_trai	native_discovered	29	268	44	0	17	14	7	248	0	method.std::num_put_wchar_t__std::ostreambuf_iterator_wchar_t__std::char_traits_wchar_t_____.virtual_64 (int64_t arg1, int64_t arg2, int64_t arg3, int64_t arg4, int64_t arg5, int64_t arg_10h, int64_t arg_18h);
.text	0x50f6f0	0x50f79a	170	170	fcn.0050f6f0	native_stub_0050f6f0_fcn_0050f6f0	r2_discovered	19	55	26	49	2	1	2	40	0	fcn.0050f6f0 (uint32_t arg1, uint32_t arg2);
.text	0x50f7d0	0x50f815	69	69	fcn.0050f7d0	native_stub_0050f7d0_fcn_0050f7d0	r2_discovered	9	26	10	94	1	0	1	8	0	fcn.0050f7d0 (int64_t arg1);
.text	0x50f830	0x50fbef	959	959	fcn.0050f830	native_stub_0050f830_fcn_0050f830	r2_discovered	62	247	97	5	16	14	9	168	0	fcn.0050f830 (int64_t arg2, int64_t arg3, int64_t arg4, uint32_t arg5, int64_t arg6, int64_t arg_10h, uint32_t arg_18h, int64_t arg_20h, int64_t arg_28h);
.text	0x50fc20	0x51005d	1085	1085	fcn.0050fc20	native_stub_0050fc20_fcn_0050fc20	r2_discovered	71	280	109	2	11	12	9	152	0	fcn.0050fc20 (int64_t arg2, int64_t arg3, int64_t arg4, uint32_t arg5, int64_t arg6, int64_t arg_10h, uint32_t arg_18h, int64_t arg_20h, int64_t arg_28h);
.text	0x5100a0	0x510269	457	457	method.std::time_get_wchar_t__std::istreambuf_iterator_wchar_t__std::char_traits_wchar_t_____.virtual_40	native_stub_005100a0_method_std_time_get_wchar_t_std_istreambuf_iterator_wchar_t_std_char_tra	native_discovered	8	100	9	0	5	23	8	280	0	method.std::time_get_wchar_t__std::istreambuf_iterator_wchar_t__std::char_traits_wchar_t_____.virtual_40 (int64_t arg1, int64_t arg2, int64_t arg3, int64_t arg4, int64_t arg5, int64_t arg6, int64_t arg_100h, int64_t arg_108h);
.text	0x510270	0x510571	769	769	method.std::time_get_wchar_t__std::istreambuf_iterator_wchar_t__std::char_traits_wchar_t_____.virtual_48	native_stub_00510270_method_std_time_get_wchar_t_std_istreambuf_iterator_wchar_t_std_char_tra	native_discovered	24	166	35	0	6	33	8	360	0	method.std::time_get_wchar_t__std::istreambuf_iterator_wchar_t__std::char_traits_wchar_t_____.virtual_48 (int64_t arg1, int64_t arg2, int64_t arg3, int64_t arg4, int64_t arg5, int64_t arg6, int64_t arg_150h, int64_t arg_158h);
.text	0x510590	0x51150e	3966	3966	fcn.00510590	native_stub_00510590_fcn_00510590	r2_discovered	65	750	94	11	52	70	9	712	0	fcn.00510590 (int64_t arg1, int64_t arg2, int64_t arg3, int64_t arg4, int64_t arg5, int64_t arg6, int64_t arg_2a0h, int64_t arg_2a8h, int64_t arg_2b0h);
.text	0x5115a0	0x5116c1	289	289	method.std::time_get_wchar_t__std::istreambuf_iterator_wchar_t__std::char_traits_wchar_t_____.virtual_24	native_stub_005115a0_method_std_time_get_wchar_t_std_istreambuf_iterator_wchar_t_std_char_tra	native_discovered	20	92	29	0	4	3	7	120	0	method.std::time_get_wchar_t__std::istreambuf_iterator_wchar_t__std::char_traits_wchar_t_____.virtual_24 (int64_t arg1, int64_t arg2, int64_t arg3, int64_t arg4, int64_t arg5, int64_t arg6, int64_t arg_60h);
.text	0x5116e0	0x511801	289	289	method.std::time_get_wchar_t__std::istreambuf_iterator_wchar_t__std::char_traits_wchar_t_____.virtual_32	native_stub_005116e0_method_std_time_get_wchar_t_std_istreambuf_iterator_wchar_t_std_char_tra	native_discovered	20	92	29	0	4	3	7	120	0	method.std::time_get_wchar_t__std::istreambuf_iterator_wchar_t__std::char_traits_wchar_t_____.virtual_32 (int64_t arg1, int64_t arg2, int64_t arg3, int64_t arg4, int64_t arg5, int64_t arg6, int64_t arg_60h);
.text	0x511b7f	0x511c8b	268	268	fcn.00511b7f	native_stub_00511b7f_fcn_00511b7f	r2_discovered	23	78	32	1	4	0	8	32	0	fcn.00511b7f (int64_t arg3, int64_t arg5, int64_t arg_4h, int64_t arg_28h, int64_t arg_30h, int64_t arg_38h, int64_t arg_34h, int64_t arg_48h);
.text	0x511c20	0x5124d4	2228	2228	fcn.00511c20	native_stub_00511c20_fcn_00511c20	r2_discovered	144	512	226	3	43	18	7	200	0	fcn.00511c20 (int64_t arg2, int64_t arg3, int64_t arg4, uint32_t arg5, int64_t arg6, int64_t arg_d0h, int64_t arg_d8h);
.text	0x512ca0	0x5136b9	2585	2585	fcn.00512ca0	native_stub_00512ca0_fcn_00512ca0	r2_discovered	154	554	239	2	43	28	7	248	0	fcn.00512ca0 (int64_t arg2, int64_t arg3, int64_t arg4, uint32_t arg5, int64_t arg6, int64_t arg_100h, int64_t arg_108h);
.text	0x5137b0	0x5141c9	2585	2585	fcn.005137b0	native_stub_005137b0_fcn_005137b0	r2_discovered	154	554	239	2	43	28	7	248	0	fcn.005137b0 (int64_t arg2, int64_t arg3, int64_t arg4, uint32_t arg5, int64_t arg6, int64_t arg_100h, int64_t arg_108h);
.text	0x5142c0	0x5143ae	238	238	method.std::money_get_wchar_t__std::istreambuf_iterator_wchar_t__std::char_traits_wchar_t_____.virtual_16	native_stub_005142c0_method_std_money_get_wchar_t_std_istreambuf_iterator_wchar_t_std_char_tr	native_discovered	8	70	9	0	6	7	4	136	0	method.std::money_get_wchar_t__std::istreambuf_iterator_wchar_t__std::char_traits_wchar_t_____.virtual_16 (int64_t arg3, int64_t arg_10h, int64_t arg_18h, int64_t arg_20h);
.text	0x5143e0	0x51455f	383	383	method.std::money_get_wchar_t__std::istreambuf_iterator_wchar_t__std::char_traits_wchar_t_____.virtual_24	native_stub_005143e0_method_std_money_get_wchar_t_std_istreambuf_iterator_wchar_t_std_char_tr	native_discovered	12	104	16	0	8	11	9	168	0	method.std::money_get_wchar_t__std::istreambuf_iterator_wchar_t__std::char_traits_wchar_t_____.virtual_24 (int64_t arg1, int64_t arg2, int64_t arg3, int64_t arg4, int64_t arg5, int64_t arg6, int64_t arg_10h, int64_t arg_18h, int64_t arg_20h);
.text	0x514590	0x5146c8	312	312	method.std::num_get_wchar_t__std::istreambuf_iterator_wchar_t__std::char_traits_wchar_t_____.virtual_80	native_stub_00514590_method_std_num_get_wchar_t_std_istreambuf_iterator_wchar_t_std_char_trai	native_discovered	7	86	8	0	8	12	8	168	0	method.std::num_get_wchar_t__std::istreambuf_iterator_wchar_t__std::char_traits_wchar_t_____.virtual_80 (int64_t arg1, int64_t arg2, int64_t arg3, int64_t arg4, int64_t arg5, int64_t arg6, int64_t arg_10h, int64_t arg_18h);
.text	0x5146f0	0x514851	353	353	method.std::num_get_wchar_t__std::istreambuf_iterator_wchar_t__std::char_traits_wchar_t_____.virtual_88	native_stub_005146f0_method_std_num_get_wchar_t_std_istreambuf_iterator_wchar_t_std_char_trai	native_discovered	14	103	18	0	8	11	8	168	0	method.std::num_get_wchar_t__std::istreambuf_iterator_wchar_t__std::char_traits_wchar_t_____.virtual_88 (int64_t arg1, int64_t arg2, int64_t arg3, int64_t arg4, int64_t arg5, int64_t arg6, int64_t arg_10h, int64_t arg_18h);
.text	0x5148a0	0x5149d8	312	312	method.std::num_get_wchar_t__std::istreambuf_iterator_wchar_t__std::char_traits_wchar_t_____.virtual_72	native_stub_005148a0_method_std_num_get_wchar_t_std_istreambuf_iterator_wchar_t_std_char_trai	native_discovered	7	86	8	0	8	12	8	168	0	method.std::num_get_wchar_t__std::istreambuf_iterator_wchar_t__std::char_traits_wchar_t_____.virtual_72 (int64_t arg1, int64_t arg2, int64_t arg3, int64_t arg4, int64_t arg5, int64_t arg6, int64_t arg_10h, int64_t arg_18h);
.text	0x5153a0	0x515c7c	2268	2268	method.std::num_get_wchar_t__std::istreambuf_iterator_wchar_t__std::char_traits_wchar_t_____.virtual_64	native_stub_005153a0_method_std_num_get_wchar_t_std_istreambuf_iterator_wchar_t_std_char_trai	native_discovered	151	523	229	0	26	19	7	200	0	method.std::num_get_wchar_t__std::istreambuf_iterator_wchar_t__std::char_traits_wchar_t_____.virtual_64 (int64_t arg2, int64_t arg3, int64_t arg4, uint32_t arg5, int64_t arg6, int64_t arg_d0h, int64_t arg_d8h);
.text	0x515d80	0x516662	2274	2274	method.std::num_get_wchar_t__std::istreambuf_iterator_wchar_t__std::char_traits_wchar_t_____.virtual_32	native_stub_00515d80_method_std_num_get_wchar_t_std_istreambuf_iterator_wchar_t_std_char_trai	native_discovered	151	524	229	0	26	19	7	200	0	method.std::num_get_wchar_t__std::istreambuf_iterator_wchar_t__std::char_traits_wchar_t_____.virtual_32 (int64_t arg2, int64_t arg3, int64_t arg4, uint32_t arg5, int64_t arg6, int64_t arg_d0h, int64_t arg_d8h);
.text	0x516760	0x517035	2261	2261	method.std::num_get_wchar_t__std::istreambuf_iterator_wchar_t__std::char_traits_wchar_t_____.virtual_40	native_stub_00516760_method_std_num_get_wchar_t_std_istreambuf_iterator_wchar_t_std_char_trai	native_discovered	151	520	229	0	26	19	7	200	0	method.std::num_get_wchar_t__std::istreambuf_iterator_wchar_t__std::char_traits_wchar_t_____.virtual_40 (int64_t arg2, int64_t arg3, int64_t arg4, uint32_t arg5, int64_t arg6, int64_t arg_d0h, int64_t arg_d8h);
.text	0x516790	0x517067	2263	2263	fcn.00516790	native_stub_00516790_fcn_00516790	r2_discovered	150	522	228	3	26	19	7	200	0	fcn.00516790 (int64_t arg2, int64_t arg3, int64_t arg4, uint32_t arg5, int64_t arg6, int64_t arg_d0h, int64_t arg_d8h);
.text	0x517130	0x517135	5	5	method.std::num_get_wchar_t__std::istreambuf_iterator_wchar_t__std::char_traits_wchar_t_____.virtual_48	native_stub_00517130_method_std_num_get_wchar_t_std_istreambuf_iterator_wchar_t_std_char_trai	native_discovered	1	1	0	0	0	0	0	0	0	method.std::num_get_wchar_t__std::istreambuf_iterator_wchar_t__std::char_traits_wchar_t_____.virtual_48 ();
.text	0x517140	0x5171d2	146	146	method.std::num_get_wchar_t__std::istreambuf_iterator_wchar_t__std::char_traits_wchar_t_____.virtual_96	native_stub_00517140_method_std_num_get_wchar_t_std_istreambuf_iterator_wchar_t_std_char_trai	native_discovered	3	41	2	0	2	4	4	88	0	method.std::num_get_wchar_t__std::istreambuf_iterator_wchar_t__std::char_traits_wchar_t_____.virtual_96 (int64_t arg3, int64_t arg6, int64_t arg_58h_2, int64_t arg_58h);
.text	0x517200	0x517449	585	585	fcn.00517200	native_stub_00517200_fcn_00517200	r2_discovered	22	128	34	3	7	17	7	216	0	fcn.00517200 (int64_t arg2, int64_t arg3, int64_t arg4, int64_t arg5, int64_t arg6, int64_t arg_e0h, int64_t arg_e8h);
.text	0x5174fc	0x517bec	1776	1776	fcn.005174fc	native_stub_005174fc_fcn_005174fc	r2_discovered	123	410	186	1	19	0	24	0	0	fcn.005174fc (int64_t arg_bp_10h, int64_t arg_18h, uint32_t arg_4ch, uint32_t arg_e8h, uint32_t arg_f0h, int64_t arg_148h, size_t n, wchar_t *s, uint32_t arg_20h, signed int64_t arg_28h, int64_t arg_30h, signed int64_t arg_38h, int64_t arg_40h, size_t arg_4eh, uint32_t arg_4fh, uint32_t arg_50h, int64_t arg_58h, int64_t arg_60h, uint32_t arg_68h, int64_t arg_70h, int64_t arg_78h, int64_t arg_8fh, int64_t arg_90h, int64_t arg_98h);
.text	0x517be0	0x517be5	5	5	method.std::num_get_wchar_t__std::istreambuf_iterator_wchar_t__std::char_traits_wchar_t_____.virtual_24	native_stub_00517be0_method_std_num_get_wchar_t_std_istreambuf_iterator_wchar_t_std_char_trai	native_discovered	1	1	0	0	0	0	0	0	0	method.std::num_get_wchar_t__std::istreambuf_iterator_wchar_t__std::char_traits_wchar_t_____.virtual_24 ();
.text	0x517bf0	0x5180b6	1222	1222	method.std::num_get_wchar_t__std::istreambuf_iterator_wchar_t__std::char_traits_wchar_t_____.virtual_16	native_stub_00517bf0_method_std_num_get_wchar_t_std_istreambuf_iterator_wchar_t_std_char_trai	native_discovered	86	291	135	0	8	12	7	168	0	method.std::num_get_wchar_t__std::istreambuf_iterator_wchar_t__std::char_traits_wchar_t_____.virtual_16 (int64_t arg2, int64_t arg3, int64_t arg4, uint32_t arg5, int64_t arg6, int64_t arg_a0h, int64_t arg_a8h);
.text	0x518b00	0x519427	2343	2343	method.std::num_get_wchar_t__std::istreambuf_iterator_wchar_t__std::char_traits_wchar_t_____.virtual_56	native_stub_00518b00_method_std_num_get_wchar_t_std_istreambuf_iterator_wchar_t_std_char_trai	native_discovered	144	530	219	0	26	20	7	216	0	method.std::num_get_wchar_t__std::istreambuf_iterator_wchar_t__std::char_traits_wchar_t_____.virtual_56 (int64_t arg2, int64_t arg3, int64_t arg4, uint32_t arg5, int64_t arg6, int64_t arg_e0h, int64_t arg_e8h);
.text	0x518b30	0x518b39	9	9	method.std::__cxx11::moneypunct_char__false_.virtual_16	native_stub_00518b30_method_std_cxx11_moneypunct_char_false_virtual_16	native_discovered	1	3	0	0	0	0	1	0	0	method.std::__cxx11::moneypunct_char__false_.virtual_16 (int64_t arg1);
.text	0x518b40	0x518b49	9	9	method.std::__cxx11::moneypunct_char__false_.virtual_24	native_stub_00518b40_method_std_cxx11_moneypunct_char_false_virtual_24	native_discovered	1	3	0	0	0	0	1	0	0	method.std::__cxx11::moneypunct_char__false_.virtual_24 (int64_t arg1);
.text	0x518b50	0x518b58	8	8	method.std::__cxx11::moneypunct_char__false_.virtual_64	native_stub_00518b50_method_std_cxx11_moneypunct_char_false_virtual_64	native_discovered	1	3	0	0	0	0	1	0	0	method.std::__cxx11::moneypunct_char__false_.virtual_64 (int64_t arg1);
.text	0x518b60	0x518b95	53	53	method.std::__cxx11::moneypunct_char__false_.virtual_72	native_stub_00518b60_method_std_cxx11_moneypunct_char_false_virtual_72	native_discovered	3	12	2	0	1	1	1	24	0	method.std::__cxx11::moneypunct_char__false_.virtual_72 (int64_t arg1);
.text	0x518ba0	0x518bd5	53	53	method.std::__cxx11::moneypunct_char__false_.virtual_80	native_stub_00518ba0_method_std_cxx11_moneypunct_char_false_virtual_80	native_discovered	3	12	2	0	1	1	1	24	0	method.std::__cxx11::moneypunct_char__false_.virtual_80 (int64_t arg1);
.text	0x518be0	0x518be9	9	9	method.std::__cxx11::moneypunct_char__true_.virtual_16	native_stub_00518be0_method_std_cxx11_moneypunct_char_true_virtual_16	native_discovered	1	3	0	0	0	0	1	0	0	method.std::__cxx11::moneypunct_char__true_.virtual_16 (int64_t arg1);
.text	0x518bf0	0x518bf9	9	9	method.std::__cxx11::moneypunct_char__true_.virtual_24	native_stub_00518bf0_method_std_cxx11_moneypunct_char_true_virtual_24	native_discovered	1	3	0	0	0	0	1	0	0	method.std::__cxx11::moneypunct_char__true_.virtual_24 (int64_t arg1);
.text	0x518c00	0x518c08	8	8	method.std::__cxx11::moneypunct_char__true_.virtual_64	native_stub_00518c00_method_std_cxx11_moneypunct_char_true_virtual_64	native_discovered	1	3	0	0	0	0	1	0	0	method.std::__cxx11::moneypunct_char__true_.virtual_64 (int64_t arg1);
.text	0x518c10	0x518c45	53	53	method.std::__cxx11::moneypunct_char__true_.virtual_72	native_stub_00518c10_method_std_cxx11_moneypunct_char_true_virtual_72	native_discovered	3	12	2	0	1	1	1	24	0	method.std::__cxx11::moneypunct_char__true_.virtual_72 (int64_t arg1);
.text	0x518c50	0x518c85	53	53	method.std::__cxx11::moneypunct_char__true_.virtual_80	native_stub_00518c50_method_std_cxx11_moneypunct_char_true_virtual_80	native_discovered	3	12	2	0	1	1	1	24	0	method.std::__cxx11::moneypunct_char__true_.virtual_80 (int64_t arg1);
.text	0x518c90	0x518ca3	19	19	method.std::__cxx11::moneypunct_byname_char__false_.virtual_0	native_stub_00518c90_method_std_cxx11_moneypunct_byname_char_false_virtual_0	native_discovered	1	4	1	0	0	0	1	0	0	method.std::__cxx11::moneypunct_byname_char__false_.virtual_0 (int64_t arg1);
.text	0x518cb0	0x518cc3	19	19	method.std::__cxx11::moneypunct_byname_char__true_.virtual_0	native_stub_00518cb0_method_std_cxx11_moneypunct_byname_char_true_virtual_0	native_discovered	1	4	1	0	0	0	1	0	0	method.std::__cxx11::moneypunct_byname_char__true_.virtual_0 (int64_t arg1);
.text	0x518cd0	0x518cd9	9	9	method.std::__cxx11::numpunct_char_.virtual_16	native_stub_00518cd0_method_std_cxx11_numpunct_char_virtual_16	native_discovered	1	3	0	0	0	0	1	0	0	method.std::__cxx11::numpunct_char_.virtual_16 (int64_t arg1);
.text	0x518ce0	0x518ce9	9	9	method.std::__cxx11::numpunct_char_.virtual_24	native_stub_00518ce0_method_std_cxx11_numpunct_char_virtual_24	native_discovered	1	3	0	0	0	0	1	0	0	method.std::__cxx11::numpunct_char_.virtual_24 (int64_t arg1);
.text	0x518cf0	0x518d03	19	19	method.std::__cxx11::numpunct_byname_char_.virtual_0	native_stub_00518cf0_method_std_cxx11_numpunct_byname_char_virtual_0	native_discovered	1	4	1	0	0	0	1	0	0	method.std::__cxx11::numpunct_byname_char_.virtual_0 (int64_t arg1);
.text	0x518d10	0x518d13	3	3	method.std::__cxx11::time_get_char__std::istreambuf_iterator_char__std::char_traits_char_____.virtual_16	native_stub_00518d10_method_std_cxx11_time_get_char_std_istreambuf_iterator_char_std_char_tra	native_discovered	1	2	0	0	0	0	0	0	0	method.std::__cxx11::time_get_char__std::istreambuf_iterator_char__std::char_traits_char_____.virtual_16 ();
.text	0x518d20	0x518d48	40	40	method.std::__cxx11::collate_char_.virtual_32	native_stub_00518d20_method_std_cxx11_collate_char_virtual_32	native_discovered	5	12	5	0	0	0	2	0	0	method.std::__cxx11::collate_char_.virtual_32 (uint32_t arg2, int64_t arg3);
.text	0x518d60	0x518d73	19	19	method.std::__cxx11::money_get_char__std::istreambuf_iterator_char__std::char_traits_char_____.virtual_0	native_stub_00518d60_method_std_cxx11_money_get_char_std_istreambuf_iterator_char_std_char_tr	native_discovered	1	4	1	0	0	0	1	0	0	method.std::__cxx11::money_get_char__std::istreambuf_iterator_char__std::char_traits_char_____.virtual_0 (int64_t arg1);
.text	0x518d80	0x518d93	19	19	method.std::__cxx11::money_put_char__std::ostreambuf_iterator_char__std::char_traits_char_____.virtual_0	native_stub_00518d80_method_std_cxx11_money_put_char_std_ostreambuf_iterator_char_std_char_tr	native_discovered	1	4	1	0	0	0	1	0	0	method.std::__cxx11::money_put_char__std::ostreambuf_iterator_char__std::char_traits_char_____.virtual_0 (int64_t arg1);
.text	0x518da0	0x518db3	19	19	method.std::__cxx11::time_get_char__std::istreambuf_iterator_char__std::char_traits_char_____.virtual_0	native_stub_00518da0_method_std_cxx11_time_get_char_std_istreambuf_iterator_char_std_char_tra	native_discovered	1	4	1	0	0	0	1	0	0	method.std::__cxx11::time_get_char__std::istreambuf_iterator_char__std::char_traits_char_____.virtual_0 (int64_t arg1);
.text	0x518dc0	0x518dd3	19	19	method.std::__cxx11::time_get_byname_char__std::istreambuf_iterator_char__std::char_traits_char_____.virtual_0	native_stub_00518dc0_method_std_cxx11_time_get_byname_char_std_istreambuf_iterator_char_std_c	native_discovered	1	4	1	0	0	0	1	0	0	method.std::__cxx11::time_get_byname_char__std::istreambuf_iterator_char__std::char_traits_char_____.virtual_0 (int64_t arg1);
.text	0x518de0	0x518df4	20	20	method.std::ctype_char_.virtual_56	native_stub_00518de0_method_std_ctype_char_virtual_56	native_discovered	1	8	0	0	1	0	3	8	0	method.std::ctype_char_.virtual_56 (size_t n, int64_t arg3, void *s1);
.text	0x518e00	0x518e20	32	32	method.std::__cxx11::moneypunct_byname_char__false_.virtual_8	native_stub_00518e00_method_std_cxx11_moneypunct_byname_char_false_virtual_8	native_discovered	1	9	0	0	1	0	1	8	0	method.std::__cxx11::moneypunct_byname_char__false_.virtual_8 (int64_t arg1);
.text	0x518e20	0x518e40	32	32	method.std::__cxx11::moneypunct_byname_char__true_.virtual_8	native_stub_00518e20_method_std_cxx11_moneypunct_byname_char_true_virtual_8	native_discovered	1	9	0	0	1	0	1	8	0	method.std::__cxx11::moneypunct_byname_char__true_.virtual_8 (int64_t arg1);
.text	0x518e40	0x518e60	32	32	method.std::__cxx11::money_get_char__std::istreambuf_iterator_char__std::char_traits_char_____.virtual_8	native_stub_00518e40_method_std_cxx11_money_get_char_std_istreambuf_iterator_char_std_char_tr	native_discovered	1	9	0	0	1	0	1	8	0	method.std::__cxx11::money_get_char__std::istreambuf_iterator_char__std::char_traits_char_____.virtual_8 (int64_t arg1);
.text	0x518e60	0x518e80	32	32	method.std::__cxx11::money_put_char__std::ostreambuf_iterator_char__std::char_traits_char_____.virtual_8	native_stub_00518e60_method_std_cxx11_money_put_char_std_ostreambuf_iterator_char_std_char_tr	native_discovered	1	9	0	0	1	0	1	8	0	method.std::__cxx11::money_put_char__std::ostreambuf_iterator_char__std::char_traits_char_____.virtual_8 (int64_t arg1);
.text	0x518e80	0x518ea0	32	32	method.std::__cxx11::numpunct_byname_char_.virtual_8	native_stub_00518e80_method_std_cxx11_numpunct_byname_char_virtual_8	native_discovered	1	9	0	0	1	0	1	8	0	method.std::__cxx11::numpunct_byname_char_.virtual_8 (int64_t arg1);
.text	0x518ea0	0x518ec0	32	32	method.std::__cxx11::time_get_char__std::istreambuf_iterator_char__std::char_traits_char_____.virtual_8	native_stub_00518ea0_method_std_cxx11_time_get_char_std_istreambuf_iterator_char_std_char_tra	native_discovered	1	9	0	0	1	0	1	8	0	method.std::__cxx11::time_get_char__std::istreambuf_iterator_char__std::char_traits_char_____.virtual_8 (int64_t arg1);
.text	0x518ec0	0x518ee0	32	32	method.std::__cxx11::time_get_byname_char__std::istreambuf_iterator_char__std::char_traits_char_____.virtual_8	native_stub_00518ec0_method_std_cxx11_time_get_byname_char_std_istreambuf_iterator_char_std_c	native_discovered	1	9	0	0	1	0	1	8	0	method.std::__cxx11::time_get_byname_char__std::istreambuf_iterator_char__std::char_traits_char_____.virtual_8 (int64_t arg1);
.text	0x518ee0	0x518f05	37	37	method.std::__cxx11::collate_char_.virtual_0	native_stub_00518ee0_method_std_cxx11_collate_char_virtual_0	native_discovered	1	10	1	0	1	0	1	8	0	method.std::__cxx11::collate_char_.virtual_0 (int64_t arg1);
.text	0x518f10	0x518f3d	45	45	method.std::__cxx11::collate_char_.virtual_8	native_stub_00518f10_method_std_cxx11_collate_char_virtual_8	native_discovered	1	12	0	0	2	0	1	8	0	method.std::__cxx11::collate_char_.virtual_8 (int64_t arg1);
.text	0x518f40	0x518f65	37	37	method.std::__cxx11::collate_byname_char_.virtual_0	native_stub_00518f40_method_std_cxx11_collate_byname_char_virtual_0	native_discovered	1	10	1	0	1	0	1	8	0	method.std::__cxx11::collate_byname_char_.virtual_0 (int64_t arg1);
.text	0x518f70	0x518f9d	45	45	method.std::__cxx11::collate_byname_char_.virtual_8	native_stub_00518f70_method_std_cxx11_collate_byname_char_virtual_8	native_discovered	1	12	0	0	2	0	1	8	0	method.std::__cxx11::collate_byname_char_.virtual_8 (int64_t arg1);
.text	0x518fa0	0x518fe9	73	73	fcn.00518fa0	native_stub_00518fa0_fcn_00518fa0	r2_discovered	4	22	5	6	3	0	1	24	0	fcn.00518fa0 (int64_t arg1);
.text	0x518ff0	0x519002	18	18	method.std::__cxx11::messages_char_.virtual_8	native_stub_00518ff0_method_std_cxx11_messages_char_virtual_8	native_discovered	1	6	0	0	1	0	1	8	0	method.std::__cxx11::messages_char_.virtual_8 (int64_t arg1);
.text	0x519010	0x519023	19	19	method.std::__cxx11::messages_byname_char_.virtual_0	native_stub_00519010_method_std_cxx11_messages_byname_char_virtual_0	native_discovered	1	4	1	0	0	0	1	0	0	method.std::__cxx11::messages_byname_char_.virtual_0 (int64_t arg1);
.text	0x519030	0x519050	32	32	method.std::__cxx11::messages_byname_char_.virtual_8	native_stub_00519030_method_std_cxx11_messages_byname_char_virtual_8	native_discovered	1	9	0	0	1	0	1	8	0	method.std::__cxx11::messages_byname_char_.virtual_8 (int64_t arg1);
.text	0x519050	0x51910e	190	190	fcn.00519050	native_stub_00519050_fcn_00519050	r2_discovered	13	55	17	25	4	1	3	40	0	fcn.00519050 (int64_t arg1, int64_t arg2, int64_t arg3);
.text	0x519120	0x519249	297	297	method.std::__cxx11::collate_char_.virtual_16	native_stub_00519120_method_std_cxx11_collate_char_virtual_16	native_discovered	16	84	22	0	8	6	3	152	0	method.std::__cxx11::collate_char_.virtual_16 (int64_t arg1, int64_t arg4, int64_t arg5);
.text	0x519280	0x5192c6	70	70	method.std::__cxx11::moneypunct_char__false_.virtual_40	native_stub_00519280_method_std_cxx11_moneypunct_char_false_virtual_40	native_discovered	3	22	3	0	2	0	2	24	0	method.std::__cxx11::moneypunct_char__false_.virtual_40 (int64_t arg1, int64_t arg2);
.text	0x5192d0	0x519316	70	70	method.std::__cxx11::moneypunct_char__false_.virtual_48	native_stub_005192d0_method_std_cxx11_moneypunct_char_false_virtual_48	native_discovered	3	22	3	0	2	0	2	24	0	method.std::__cxx11::moneypunct_char__false_.virtual_48 (int64_t arg1, int64_t arg2);
.text	0x519320	0x519366	70	70	method.std::__cxx11::moneypunct_char__false_.virtual_32	native_stub_00519320_method_std_cxx11_moneypunct_char_false_virtual_32	native_discovered	3	22	3	0	2	0	2	24	0	method.std::__cxx11::moneypunct_char__false_.virtual_32 (int64_t arg1, int64_t arg2);
.text	0x519370	0x5193b6	70	70	method.std::__cxx11::moneypunct_char__false_.virtual_56	native_stub_00519370_method_std_cxx11_moneypunct_char_false_virtual_56	native_discovered	3	22	3	0	2	0	2	24	0	method.std::__cxx11::moneypunct_char__false_.virtual_56 (int64_t arg1, int64_t arg2);
.text	0x5193c0	0x519406	70	70	method.std::__cxx11::moneypunct_char__true_.virtual_32	native_stub_005193c0_method_std_cxx11_moneypunct_char_true_virtual_32	native_discovered	3	22	3	0	2	0	2	24	0	method.std::__cxx11::moneypunct_char__true_.virtual_32 (int64_t arg1, int64_t arg2);
.text	0x519410	0x519456	70	70	method.std::__cxx11::moneypunct_char__true_.virtual_40	native_stub_00519410_method_std_cxx11_moneypunct_char_true_virtual_40	native_discovered	3	22	3	0	2	0	2	24	0	method.std::__cxx11::moneypunct_char__true_.virtual_40 (int64_t arg1, int64_t arg2);
.text	0x519460	0x5194a6	70	70	method.std::__cxx11::moneypunct_char__true_.virtual_48	native_stub_00519460_method_std_cxx11_moneypunct_char_true_virtual_48	native_discovered	3	22	3	0	2	0	2	24	0	method.std::__cxx11::moneypunct_char__true_.virtual_48 (int64_t arg1, int64_t arg2);
.text	0x5194b0	0x5194f6	70	70	method.std::__cxx11::moneypunct_char__true_.virtual_56	native_stub_005194b0_method_std_cxx11_moneypunct_char_true_virtual_56	native_discovered	3	22	3	0	2	0	2	24	0	method.std::__cxx11::moneypunct_char__true_.virtual_56 (int64_t arg1, int64_t arg2);
.text	0x519500	0x519546	70	70	method.std::__cxx11::numpunct_char_.virtual_32	native_stub_00519500_method_std_cxx11_numpunct_char_virtual_32	native_discovered	3	22	3	0	2	0	2	24	0	method.std::__cxx11::numpunct_char_.virtual_32 (int64_t arg1, int64_t arg2);
.text	0x519550	0x519596	70	70	method.std::__cxx11::numpunct_char_.virtual_40	native_stub_00519550_method_std_cxx11_numpunct_char_virtual_40	native_discovered	3	22	3	0	2	0	2	24	0	method.std::__cxx11::numpunct_char_.virtual_40 (int64_t arg1, int64_t arg2);
.text	0x5195a0	0x5195e6	70	70	method.std::__cxx11::numpunct_char_.virtual_48	native_stub_005195a0_method_std_cxx11_numpunct_char_virtual_48	native_discovered	3	22	3	0	2	0	2	24	0	method.std::__cxx11::numpunct_char_.virtual_48 (int64_t arg1, int64_t arg2);
.text	0x5195f0	0x519676	134	134	method.std::__cxx11::collate_char_.virtual_24	native_stub_005195f0_method_std_cxx11_collate_char_virtual_24	native_discovered	1	36	1	0	2	6	4	136	0	method.std::__cxx11::collate_char_.virtual_24 (int64_t arg1, int64_t arg2, int64_t arg3, int64_t arg4);
.text	0x51970f	0x519847	312	312	fcn.0051970f	native_stub_0051970f_fcn_0051970f	r2_discovered	16	82	21	1	14	0	5	0	0	fcn.0051970f (uint32_t arg_8h, uint32_t arg_10h, int64_t arg_18h, int64_t arg_20h, int64_t arg_48h);
.text	0x519810	0x519885	117	117	fcn.00519810	native_stub_00519810_fcn_00519810	r2_discovered	6	38	8	14	2	1	4	40	0	fcn.00519810 (int64_t arg1, size_t n, int64_t arg3, void *s1);
.text	0x51a0ed	0x51a12b	62	62	fcn.0051a0ed	native_stub_0051a0ed_fcn_0051a0ed	r2_discovered	6	15	6	1	1	0	2	0	0	fcn.0051a0ed (int64_t arg1, int64_t arg_8h);
.text	0x51a610	0x51ae41	2097	2097	fcn.0051a610	native_stub_0051a610_fcn_0051a610	r2_discovered	81	456	117	2	36	24	5	248	0	fcn.0051a610 (int64_t arg2, int64_t arg3, int64_t arg4, int64_t arg5, int64_t arg6);
.text	0x51aeb0	0x51b6e1	2097	2097	fcn.0051aeb0	native_stub_0051aeb0_fcn_0051aeb0	r2_discovered	81	456	117	2	36	24	5	248	0	fcn.0051aeb0 (int64_t arg2, int64_t arg3, int64_t arg4, int64_t arg5, int64_t arg6);
.text	0x51b750	0x51b95b	523	523	method.std::__cxx11::money_put_char__std::ostreambuf_iterator_char__std::char_traits_char_____.virtual_16	native_stub_0051b750_method_std_cxx11_money_put_char_std_ostreambuf_iterator_char_std_char_tr	native_discovered	16	134	21	0	14	14	8	280	0	method.std::__cxx11::money_put_char__std::ostreambuf_iterator_char__std::char_traits_char_____.virtual_16 (int64_t arg1, int64_t arg2, int64_t arg3, uint32_t arg4, int64_t arg5, int64_t arg6, int64_t arg_10h, int64_t arg_18h);
.text	0x51b9a0	0x51b9c0	32	32	method.std::__cxx11::money_put_char__std::ostreambuf_iterator_char__std::char_traits_char_____.virtual_24	native_stub_0051b9a0_method_std_cxx11_money_put_char_std_ostreambuf_iterator_char_std_char_tr	native_discovered	3	9	2	0	0	0	2	0	0	method.std::__cxx11::money_put_char__std::ostreambuf_iterator_char__std::char_traits_char_____.virtual_24 (int64_t arg5, int64_t arg_8h);
.text	0x522120	0x5224f9	985	985	fcn.00522120	native_stub_00522120_fcn_00522120	r2_discovered	53	227	80	12	5	7	10	120	0	fcn.00522120 (uint32_t arg2, uint32_t arg3, int64_t arg4, int64_t arg5, int64_t arg6, signed int64_t arg_80h, signed int64_t arg_88h, uint32_t arg_90h, int64_t arg_98h, int64_t arg_a0h);
.text	0x522540	0x5226f9	441	441	method.std::__cxx11::time_get_char__std::istreambuf_iterator_char__std::char_traits_char_____.virtual_56	native_stub_00522540_method_std_cxx11_time_get_char_std_istreambuf_iterator_char_std_char_tra	native_discovered	22	120	33	0	5	7	8	152	0	method.std::__cxx11::time_get_char__std::istreambuf_iterator_char__std::char_traits_char_____.virtual_56 (int64_t arg1, int64_t arg2, int64_t arg3, int64_t arg4, int64_t arg5, int64_t arg6, int64_t arg_70h, uint32_t arg_78h);
.text	0x522710	0x522807	247	247	fcn.00522710	native_stub_00522710_fcn_00522710	r2_discovered	9	65	14	5	2	11	9	152	0	fcn.00522710 (uint32_t arg2, uint32_t arg3, int64_t arg4, int64_t arg5, int64_t arg6, int64_t arg_10h, int64_t arg_18h, int64_t arg_20h, int64_t arg_28h);
.text	0x5227ab	0x522dc0	1557	1557	fcn.005227ab	native_stub_005227ab_fcn_005227ab	r2_discovered	117	405	180	1	16	11	4	0	0	fcn.005227ab (uint32_t arg4, uint32_t arg5, uint32_t arg6, uint32_t arg_18h);
.text	0x522e70	0x523463	1523	1523	fcn.00522e70	native_stub_00522e70_fcn_00522e70	r2_discovered	95	392	145	2	12	12	9	152	0	fcn.00522e70 (int64_t arg2, int64_t arg3, uint32_t arg4, uint32_t arg5, int64_t arg6, int64_t arg_10h, uint32_t arg_18h, int64_t arg_20h, int64_t arg_28h);
.text	0x5234b0	0x523721	625	625	method.std::__cxx11::time_get_char__std::istreambuf_iterator_char__std::char_traits_char_____.virtual_40	native_stub_005234b0_method_std_cxx11_time_get_char_std_istreambuf_iterator_char_std_char_tra	native_discovered	22	146	33	0	6	23	8	280	0	method.std::__cxx11::time_get_char__std::istreambuf_iterator_char__std::char_traits_char_____.virtual_40 (int64_t arg1, int64_t arg2, int64_t arg3, int64_t arg4, int64_t arg5, int64_t arg6, int64_t arg_100h, uint32_t arg_108h);
.text	0x523750	0x523a66	790	790	method.std::__cxx11::time_get_char__std::istreambuf_iterator_char__std::char_traits_char_____.virtual_48	native_stub_00523750_method_std_cxx11_time_get_char_std_istreambuf_iterator_char_std_char_tra	native_discovered	22	166	33	0	6	33	8	360	0	method.std::__cxx11::time_get_char__std::istreambuf_iterator_char__std::char_traits_char_____.virtual_48 (int64_t arg1, int64_t arg2, int64_t arg3, int64_t arg4, int64_t arg5, int64_t arg6, int64_t arg_150h, uint32_t arg_158h);
.text	0x523ad0	0x523b0b	59	59	fcn.00523ad0	native_stub_00523ad0_fcn_00523ad0	r2_discovered	1	19	0	3	2	0	2	24	0	fcn.00523ad0 (int64_t arg1, int64_t arg2);
.text	0x5245c0	0x5245f2	50	50	fcn.005245c0	native_stub_005245c0_fcn_005245c0	r2_discovered	6	17	7	34	1	0	1	8	0	fcn.005245c0 (uint32_t arg1);
.text	0x524600	0x5246ac	172	172	fcn.00524600	native_stub_00524600_fcn_00524600	r2_discovered	17	53	24	49	2	1	2	40	0	fcn.00524600 (uint32_t arg1, uint32_t arg2);
.text	0x5246d0	0x524715	69	69	fcn.005246d0	native_stub_005246d0_fcn_005246d0	r2_discovered	9	26	9	83	1	0	1	8	0	fcn.005246d0 (int64_t arg1);
.text	0x524720	0x525b29	5129	5129	fcn.00524720	native_stub_00524720_fcn_00524720	r2_discovered	132	960	199	11	46	75	9	712	0	fcn.00524720 (uint32_t arg1, uint32_t arg2, uint32_t arg3, uint32_t arg4, uint32_t arg5, int64_t arg6, int64_t arg_2a0h, int64_t arg_2a8h, int64_t arg_2b0h);
.text	0x525bd0	0x525d0c	316	316	method.std::__cxx11::time_get_char__std::istreambuf_iterator_char__std::char_traits_char_____.virtual_24	native_stub_00525bd0_method_std_cxx11_time_get_char_std_istreambuf_iterator_char_std_char_tra	native_discovered	17	93	27	0	4	3	7	120	0	method.std::__cxx11::time_get_char__std::istreambuf_iterator_char__std::char_traits_char_____.virtual_24 (int64_t arg1, int64_t arg2, int64_t arg3, int64_t arg4, int64_t arg5, int64_t arg6, int64_t arg_60h);
.text	0x525d20	0x525e5c	316	316	method.std::__cxx11::time_get_char__std::istreambuf_iterator_char__std::char_traits_char_____.virtual_32	native_stub_00525d20_method_std_cxx11_time_get_char_std_istreambuf_iterator_char_std_char_tra	native_discovered	17	93	27	0	4	3	7	120	0	method.std::__cxx11::time_get_char__std::istreambuf_iterator_char__std::char_traits_char_____.virtual_32 (int64_t arg1, int64_t arg2, int64_t arg3, int64_t arg4, int64_t arg5, int64_t arg6, int64_t arg_60h);
.text	0x525e70	0x5260be	590	590	method.std::__cxx11::time_get_char__std::istreambuf_iterator_char__std::char_traits_char_____.virtual_64	native_stub_00525e70_method_std_cxx11_time_get_char_std_istreambuf_iterator_char_std_char_tra	native_discovered	26	143	39	0	6	13	10	168	0	method.std::__cxx11::time_get_char__std::istreambuf_iterator_char__std::char_traits_char_____.virtual_64 (int64_t arg1, int64_t arg2, int64_t arg3, int64_t arg4, int64_t arg5, int64_t arg6, int64_t arg_90h, uint32_t arg_98h, uint32_t arg_a0h, int64_t arg_a8h);
.text	0x526ea0	0x528000	4448	4448	fcn.00526ea0	native_stub_00526ea0_fcn_00526ea0	r2_discovered	292	897	458	2	41	29	7	296	0	fcn.00526ea0 (int64_t arg2, uint32_t arg3, int64_t arg4, uint32_t arg5, int64_t arg6, int64_t arg_130h, int64_t arg_138h);
.text	0x527483	0x52762a	423	423	fcn.00527483	native_stub_00527483_fcn_00527483	r2_discovered	33	92	46	1	6	0	13	0	0	fcn.00527483 (int64_t arg4, int64_t arg_8h, int64_t arg_10h, int64_t arg_18h, int64_t arg_40h, int64_t arg_60h, int64_t canary, uint32_t arg_78h, int64_t arg_80h, uint32_t arg_88h, int64_t arg_a0h, int64_t arg_c0h, int64_t arg_e8h);
.text	0x5282e0	0x5295e1	4865	4865	fcn.005282e0	native_stub_005282e0_fcn_005282e0	r2_discovered	323	986	502	2	47	30	7	296	0	fcn.005282e0 (int64_t arg2, uint32_t arg3, int64_t arg4, uint32_t arg5, int64_t arg6, int64_t arg_130h, int64_t arg_138h);
.text	0x529720	0x52980e	238	238	method.std::__cxx11::money_get_char__std::istreambuf_iterator_char__std::char_traits_char_____.virtual_16	native_stub_00529720_method_std_cxx11_money_get_char_std_istreambuf_iterator_char_std_char_tr	native_discovered	8	70	9	0	6	8	4	152	0	method.std::__cxx11::money_get_char__std::istreambuf_iterator_char__std::char_traits_char_____.virtual_16 (int64_t arg3, int64_t arg_10h, int64_t arg_18h, int64_t arg_20h);
.text	0x529840	0x5299eb	427	427	method.std::__cxx11::money_get_char__std::istreambuf_iterator_char__std::char_traits_char_____.virtual_24	native_stub_00529840_method_std_cxx11_money_get_char_std_istreambuf_iterator_char_std_char_tr	native_discovered	15	114	20	0	8	13	9	184	0	method.std::__cxx11::money_get_char__std::istreambuf_iterator_char__std::char_traits_char_____.virtual_24 (int64_t arg1, int64_t arg2, int64_t arg3, int64_t arg4, int64_t arg5, int64_t arg6, int64_t arg_10h, int64_t arg_18h, int64_t arg_20h);
.text	0x529a20	0x52a2b6	2198	2198	fcn.00529a20	native_stub_00529a20_fcn_00529a20	r2_discovered	25	403	32	1	42	3	2	88	0	fcn.00529a20 (int64_t arg1, int64_t arg2);
.text	0x52af50	0x52af98	72	72	fcn.0052af50	native_stub_0052af50_fcn_0052af50	r2_discovered	3	15	2	8	2	2	0	40	0	fcn.0052af50 ();
.text	0x52b020	0x52b095	117	117	fcn.0052b020	native_stub_0052b020_fcn_0052b020	r2_discovered	10	30	10	21	1	0	2	8	0	fcn.0052b020 (int64_t arg2, uint32_t arg3);
.text	0x52b0c0	0x52b13e	126	126	fcn.0052b0c0	native_stub_0052b0c0_fcn_0052b0c0	r2_discovered	8	41	9	3	2	1	3	40	0	fcn.0052b0c0 (int64_t arg1, uint32_t arg2, int64_t arg3);
.text	0x52b23b	0x52b23d	2	2	fcn.0052b23b	native_stub_0052b23b_fcn_0052b23b	r2_discovered	1	1	0	1	0	0	0	0	0	fcn.0052b23b ();
.text	0x52b320	0x52b3ef	207	207	fcn.0052b320	native_stub_0052b320_fcn_0052b320	r2_discovered	16	64	22	3	4	1	2	56	0	fcn.0052b320 (uint32_t arg1, int64_t arg2);
.text	0x52b400	0x52b558	344	344	fcn.0052b400	native_stub_0052b400_fcn_0052b400	r2_discovered	20	99	28	49	6	3	5	88	0	fcn.0052b400 (uint32_t arg1, uint32_t arg2, int64_t arg3, int64_t arg4, uint32_t arg5);
.text	0x52b570	0x52b5d4	100	100	fcn.0052b570	native_stub_0052b570_fcn_0052b570	r2_discovered	6	34	8	10	1	0	3	24	0	fcn.0052b570 (int64_t arg1, int64_t arg2, int64_t arg3);
.text	0x52b8e0	0x52b9d4	244	244	fcn.0052b8e0	native_stub_0052b8e0_fcn_0052b8e0	r2_discovered	21	76	30	28	5	1	2	40	0	fcn.0052b8e0 (int64_t arg1, uint32_t arg2);
.text	0x52bb80	0x52bbe5	101	101	fcn.0052bb80	native_stub_0052bb80_fcn_0052bb80	r2_discovered	5	34	6	2	1	0	2	40	0	fcn.0052bb80 (int64_t arg1, int64_t arg2);
.text	0x52bdc0	0x52beb8	248	248	fcn.0052bdc0	native_stub_0052bdc0_fcn_0052bdc0	r2_discovered	16	80	23	30	4	0	5	40	0	fcn.0052bdc0 (uint32_t arg1, uint32_t arg2, uint32_t arg3, int64_t arg4, int64_t arg5);
.text	0x52bed0	0x52befc	44	44	fcn.0052bed0	native_stub_0052bed0_fcn_0052bed0	r2_discovered	5	14	5	2	0	0	2	0	0	fcn.0052bed0 (int64_t arg1, uint32_t arg2);
.text	0x52c050	0x52c360	784	784	fcn.0052c050	native_stub_0052c050_fcn_0052c050	r2_discovered	46	205	70	45	11	3	5	96	0	fcn.0052c050 (int64_t arg1, int64_t arg2, int64_t arg3, void *s2, size_t n);
.text	0x52c9e0	0x52ca55	117	117	fcn.0052c9e0	native_stub_0052c9e0_fcn_0052c9e0	r2_discovered	9	40	12	27	2	0	3	24	0	fcn.0052c9e0 (uint32_t arg1, int64_t arg2, uint32_t arg3);
.text	0x52cbf0	0x52cc58	104	104	fcn.0052cbf0	native_stub_0052cbf0_fcn_0052cbf0	r2_discovered	7	33	8	14	2	0	11	8	0	fcn.0052cbf0 (int64_t arg1, int64_t arg2, uint32_t arg3, uint32_t arg4, int64_t arg5, int64_t arg6, int64_t arg7, int64_t arg8, int64_t arg9, int64_t arg10, int64_t arg11);
.text	0x52cc60	0x52cd59	249	249	fcn.0052cc60	native_stub_0052cc60_fcn_0052cc60	r2_discovered	16	70	18	4	0	0	2	0	0	fcn.0052cc60 (uint32_t arg1, uint32_t arg2);
.text	0x52d290	0x52d2ca	58	58	fcn.0052d290	native_stub_0052d290_fcn_0052d290	r2_discovered	8	18	10	4	0	0	3	0	0	fcn.0052d290 (int64_t arg1, int64_t arg2, uint32_t arg3);
.text	0x52d5a0	0x52d607	103	103	fcn.0052d5a0	native_stub_0052d5a0_fcn_0052d5a0	r2_discovered	5	34	7	1	2	0	2	40	0	fcn.0052d5a0 (int64_t arg1, char *s);
.text	0x52d890	0x52d92d	157	157	fcn.0052d890	native_stub_0052d890_fcn_0052d890	r2_discovered	9	48	11	1	3	1	3	40	0	fcn.0052d890 (int64_t arg1, int64_t arg2, int64_t arg3);
.text	0x52d960	0x52d9fd	157	157	fcn.0052d960	native_stub_0052d960_fcn_0052d960	r2_discovered	9	48	11	1	3	1	3	40	0	fcn.0052d960 (int64_t arg1, int64_t arg2, int64_t arg3);
.text	0x52da40	0x52dafe	190	190	fcn.0052da40	native_stub_0052da40_fcn_0052da40	r2_discovered	12	55	16	3	4	1	3	40	0	fcn.0052da40 (int64_t arg1, int64_t arg2, int64_t arg3);
.text	0x52dbc0	0x52dc7e	190	190	fcn.0052dbc0	native_stub_0052dbc0_fcn_0052dbc0	r2_discovered	12	55	16	8	4	1	3	40	0	fcn.0052dbc0 (int64_t arg1, int64_t arg2, int64_t arg3);
.text	0x52def0	0x52def8	8	8	method.std::__cxx11::moneypunct_wchar_t__false_.virtual_16	native_stub_0052def0_method_std_cxx11_moneypunct_wchar_t_false_virtual_16	native_discovered	1	3	0	0	0	0	1	0	0	method.std::__cxx11::moneypunct_wchar_t__false_.virtual_16 (int64_t arg1);
.text	0x52df00	0x52df08	8	8	method.std::__cxx11::moneypunct_wchar_t__false_.virtual_24	native_stub_0052df00_method_std_cxx11_moneypunct_wchar_t_false_virtual_24	native_discovered	1	3	0	0	0	0	1	0	0	method.std::__cxx11::moneypunct_wchar_t__false_.virtual_24 (int64_t arg1);
.text	0x52df10	0x52df18	8	8	method.std::__cxx11::moneypunct_wchar_t__false_.virtual_64	native_stub_0052df10_method_std_cxx11_moneypunct_wchar_t_false_virtual_64	native_discovered	1	3	0	0	0	0	1	0	0	method.std::__cxx11::moneypunct_wchar_t__false_.virtual_64 (int64_t arg1);
.text	0x52df20	0x52df55	53	53	method.std::__cxx11::moneypunct_wchar_t__false_.virtual_72	native_stub_0052df20_method_std_cxx11_moneypunct_wchar_t_false_virtual_72	native_discovered	3	12	2	0	1	1	1	24	0	method.std::__cxx11::moneypunct_wchar_t__false_.virtual_72 (int64_t arg1);
.text	0x52df60	0x52df95	53	53	method.std::__cxx11::moneypunct_wchar_t__false_.virtual_80	native_stub_0052df60_method_std_cxx11_moneypunct_wchar_t_false_virtual_80	native_discovered	3	12	2	0	1	1	1	24	0	method.std::__cxx11::moneypunct_wchar_t__false_.virtual_80 (int64_t arg1);
.text	0x52dfa0	0x52dfa8	8	8	method.std::__cxx11::moneypunct_wchar_t__true_.virtual_16	native_stub_0052dfa0_method_std_cxx11_moneypunct_wchar_t_true_virtual_16	native_discovered	1	3	0	0	0	0	1	0	0	method.std::__cxx11::moneypunct_wchar_t__true_.virtual_16 (int64_t arg1);
.text	0x52dfb0	0x52dfb8	8	8	method.std::__cxx11::moneypunct_wchar_t__true_.virtual_24	native_stub_0052dfb0_method_std_cxx11_moneypunct_wchar_t_true_virtual_24	native_discovered	1	3	0	0	0	0	1	0	0	method.std::__cxx11::moneypunct_wchar_t__true_.virtual_24 (int64_t arg1);
.text	0x52dfc0	0x52dfc8	8	8	method.std::__cxx11::moneypunct_wchar_t__true_.virtual_64	native_stub_0052dfc0_method_std_cxx11_moneypunct_wchar_t_true_virtual_64	native_discovered	1	3	0	0	0	0	1	0	0	method.std::__cxx11::moneypunct_wchar_t__true_.virtual_64 (int64_t arg1);
.text	0x52dfd0	0x52e005	53	53	method.std::__cxx11::moneypunct_wchar_t__true_.virtual_72	native_stub_0052dfd0_method_std_cxx11_moneypunct_wchar_t_true_virtual_72	native_discovered	3	12	2	0	1	1	1	24	0	method.std::__cxx11::moneypunct_wchar_t__true_.virtual_72 (int64_t arg1);
.text	0x52e010	0x52e045	53	53	method.std::__cxx11::moneypunct_wchar_t__true_.virtual_80	native_stub_0052e010_method_std_cxx11_moneypunct_wchar_t_true_virtual_80	native_discovered	3	12	2	0	1	1	1	24	0	method.std::__cxx11::moneypunct_wchar_t__true_.virtual_80 (int64_t arg1);
.text	0x52e050	0x52e063	19	19	method.std::__cxx11::moneypunct_byname_wchar_t__false_.virtual_0	native_stub_0052e050_method_std_cxx11_moneypunct_byname_wchar_t_false_virtual_0	native_discovered	1	4	1	0	0	0	1	0	0	method.std::__cxx11::moneypunct_byname_wchar_t__false_.virtual_0 (int64_t arg1);
.text	0x52e070	0x52e083	19	19	method.std::__cxx11::moneypunct_byname_wchar_t__true_.virtual_0	native_stub_0052e070_method_std_cxx11_moneypunct_byname_wchar_t_true_virtual_0	native_discovered	1	4	1	0	0	0	1	0	0	method.std::__cxx11::moneypunct_byname_wchar_t__true_.virtual_0 (int64_t arg1);
.text	0x52e090	0x52e098	8	8	method.std::__cxx11::numpunct_wchar_t_.virtual_16	native_stub_0052e090_method_std_cxx11_numpunct_wchar_t_virtual_16	native_discovered	1	3	0	0	0	0	1	0	0	method.std::__cxx11::numpunct_wchar_t_.virtual_16 (int64_t arg1);
.text	0x52e0a0	0x52e0a8	8	8	method.std::__cxx11::numpunct_wchar_t_.virtual_24	native_stub_0052e0a0_method_std_cxx11_numpunct_wchar_t_virtual_24	native_discovered	1	3	0	0	0	0	1	0	0	method.std::__cxx11::numpunct_wchar_t_.virtual_24 (int64_t arg1);
.text	0x52e0b0	0x52e0c3	19	19	method.std::__cxx11::numpunct_byname_wchar_t_.virtual_0	native_stub_0052e0b0_method_std_cxx11_numpunct_byname_wchar_t_virtual_0	native_discovered	1	4	1	0	0	0	1	0	0	method.std::__cxx11::numpunct_byname_wchar_t_.virtual_0 (int64_t arg1);
.text	0x52e0d0	0x52e0d3	3	3	method.std::__cxx11::time_get_wchar_t__std::istreambuf_iterator_wchar_t__std::char_traits_wchar_t_____.virtual_16	native_stub_0052e0d0_method_std_cxx11_time_get_wchar_t_std_istreambuf_iterator_wchar_t_std_ch	native_discovered	1	2	0	0	0	0	0	0	0	method.std::__cxx11::time_get_wchar_t__std::istreambuf_iterator_wchar_t__std::char_traits_wchar_t_____.virtual_16 ();
.text	0x52e0e0	0x52e107	39	39	method.std::__cxx11::collate_wchar_t_.virtual_32	native_stub_0052e0e0_method_std_cxx11_collate_wchar_t_virtual_32	native_discovered	5	12	5	0	0	0	2	0	0	method.std::__cxx11::collate_wchar_t_.virtual_32 (uint32_t arg2, int64_t arg3);
.text	0x52e110	0x52e123	19	19	method.std::__cxx11::money_get_wchar_t__std::istreambuf_iterator_wchar_t__std::char_traits_wchar_t_____.virtual_0	native_stub_0052e110_method_std_cxx11_money_get_wchar_t_std_istreambuf_iterator_wchar_t_std_c	native_discovered	1	4	1	0	0	0	1	0	0	method.std::__cxx11::money_get_wchar_t__std::istreambuf_iterator_wchar_t__std::char_traits_wchar_t_____.virtual_0 (int64_t arg1);
.text	0x52e130	0x52e143	19	19	method.std::__cxx11::money_put_wchar_t__std::ostreambuf_iterator_wchar_t__std::char_traits_wchar_t_____.virtual_0	native_stub_0052e130_method_std_cxx11_money_put_wchar_t_std_ostreambuf_iterator_wchar_t_std_c	native_discovered	1	4	1	0	0	0	1	0	0	method.std::__cxx11::money_put_wchar_t__std::ostreambuf_iterator_wchar_t__std::char_traits_wchar_t_____.virtual_0 (int64_t arg1);
.text	0x52e150	0x52e163	19	19	method.std::__cxx11::time_get_wchar_t__std::istreambuf_iterator_wchar_t__std::char_traits_wchar_t_____.virtual_0	native_stub_0052e150_method_std_cxx11_time_get_wchar_t_std_istreambuf_iterator_wchar_t_std_ch	native_discovered	1	4	1	0	0	0	1	0	0	method.std::__cxx11::time_get_wchar_t__std::istreambuf_iterator_wchar_t__std::char_traits_wchar_t_____.virtual_0 (int64_t arg1);
.text	0x52e170	0x52e183	19	19	method.std::__cxx11::time_get_byname_wchar_t__std::istreambuf_iterator_wchar_t__std::char_traits_wchar_t_____.virtual_0	native_stub_0052e170_method_std_cxx11_time_get_byname_wchar_t_std_istreambuf_iterator_wchar_t	native_discovered	1	4	1	0	0	0	1	0	0	method.std::__cxx11::time_get_byname_wchar_t__std::istreambuf_iterator_wchar_t__std::char_traits_wchar_t_____.virtual_0 (int64_t arg1);
.text	0x52e190	0x52e1b0	32	32	method.std::__cxx11::moneypunct_byname_wchar_t__false_.virtual_8	native_stub_0052e190_method_std_cxx11_moneypunct_byname_wchar_t_false_virtual_8	native_discovered	1	9	0	0	1	0	1	8	0	method.std::__cxx11::moneypunct_byname_wchar_t__false_.virtual_8 (int64_t arg1);
.text	0x52e1b0	0x52e1d0	32	32	method.std::__cxx11::moneypunct_byname_wchar_t__true_.virtual_8	native_stub_0052e1b0_method_std_cxx11_moneypunct_byname_wchar_t_true_virtual_8	native_discovered	1	9	0	0	1	0	1	8	0	method.std::__cxx11::moneypunct_byname_wchar_t__true_.virtual_8 (int64_t arg1);
.text	0x52e1d0	0x52e1f0	32	32	method.std::__cxx11::money_get_wchar_t__std::istreambuf_iterator_wchar_t__std::char_traits_wchar_t_____.virtual_8	native_stub_0052e1d0_method_std_cxx11_money_get_wchar_t_std_istreambuf_iterator_wchar_t_std_c	native_discovered	1	9	0	0	1	0	1	8	0	method.std::__cxx11::money_get_wchar_t__std::istreambuf_iterator_wchar_t__std::char_traits_wchar_t_____.virtual_8 (int64_t arg1);
.text	0x52e1f0	0x52e210	32	32	method.std::__cxx11::money_put_wchar_t__std::ostreambuf_iterator_wchar_t__std::char_traits_wchar_t_____.virtual_8	native_stub_0052e1f0_method_std_cxx11_money_put_wchar_t_std_ostreambuf_iterator_wchar_t_std_c	native_discovered	1	9	0	0	1	0	1	8	0	method.std::__cxx11::money_put_wchar_t__std::ostreambuf_iterator_wchar_t__std::char_traits_wchar_t_____.virtual_8 (int64_t arg1);
.text	0x52e210	0x52e230	32	32	method.std::__cxx11::numpunct_byname_wchar_t_.virtual_8	native_stub_0052e210_method_std_cxx11_numpunct_byname_wchar_t_virtual_8	native_discovered	1	9	0	0	1	0	1	8	0	method.std::__cxx11::numpunct_byname_wchar_t_.virtual_8 (int64_t arg1);
.text	0x52e230	0x52e250	32	32	method.std::__cxx11::time_get_wchar_t__std::istreambuf_iterator_wchar_t__std::char_traits_wchar_t_____.virtual_8	native_stub_0052e230_method_std_cxx11_time_get_wchar_t_std_istreambuf_iterator_wchar_t_std_ch	native_discovered	1	9	0	0	1	0	1	8	0	method.std::__cxx11::time_get_wchar_t__std::istreambuf_iterator_wchar_t__std::char_traits_wchar_t_____.virtual_8 (int64_t arg1);
.text	0x52e250	0x52e270	32	32	method.std::__cxx11::time_get_byname_wchar_t__std::istreambuf_iterator_wchar_t__std::char_traits_wchar_t_____.virtual_8	native_stub_0052e250_method_std_cxx11_time_get_byname_wchar_t_std_istreambuf_iterator_wchar_t	native_discovered	1	9	0	0	1	0	1	8	0	method.std::__cxx11::time_get_byname_wchar_t__std::istreambuf_iterator_wchar_t__std::char_traits_wchar_t_____.virtual_8 (int64_t arg1);
.text	0x52e270	0x52e295	37	37	method.std::__cxx11::collate_wchar_t_.virtual_0	native_stub_0052e270_method_std_cxx11_collate_wchar_t_virtual_0	native_discovered	1	10	1	0	1	0	1	8	0	method.std::__cxx11::collate_wchar_t_.virtual_0 (int64_t arg1);
.text	0x52e2a0	0x52e2cd	45	45	method.std::__cxx11::collate_wchar_t_.virtual_8	native_stub_0052e2a0_method_std_cxx11_collate_wchar_t_virtual_8	native_discovered	1	12	0	0	2	0	1	8	0	method.std::__cxx11::collate_wchar_t_.virtual_8 (int64_t arg1);
.text	0x52e2d0	0x52e2f5	37	37	method.std::__cxx11::collate_byname_wchar_t_.virtual_0	native_stub_0052e2d0_method_std_cxx11_collate_byname_wchar_t_virtual_0	native_discovered	1	10	1	0	1	0	1	8	0	method.std::__cxx11::collate_byname_wchar_t_.virtual_0 (int64_t arg1);
.text	0x52e300	0x52e32d	45	45	method.std::__cxx11::collate_byname_wchar_t_.virtual_8	native_stub_0052e300_method_std_cxx11_collate_byname_wchar_t_virtual_8	native_discovered	1	12	0	0	2	0	1	8	0	method.std::__cxx11::collate_byname_wchar_t_.virtual_8 (int64_t arg1);
.text	0x52e330	0x52e379	73	73	fcn.0052e330	native_stub_0052e330_fcn_0052e330	r2_discovered	4	22	5	6	3	0	1	24	0	fcn.0052e330 (int64_t arg1);
.text	0x52e380	0x52e392	18	18	method.std::__cxx11::messages_wchar_t_.virtual_8	native_stub_0052e380_method_std_cxx11_messages_wchar_t_virtual_8	native_discovered	1	6	0	0	1	0	1	8	0	method.std::__cxx11::messages_wchar_t_.virtual_8 (int64_t arg1);
.text	0x52e3a0	0x52e3b3	19	19	method.std::__cxx11::messages_byname_wchar_t_.virtual_0	native_stub_0052e3a0_method_std_cxx11_messages_byname_wchar_t_virtual_0	native_discovered	1	4	1	0	0	0	1	0	0	method.std::__cxx11::messages_byname_wchar_t_.virtual_0 (int64_t arg1);
.text	0x52e3c0	0x52e3e0	32	32	method.std::__cxx11::messages_byname_wchar_t_.virtual_8	native_stub_0052e3c0_method_std_cxx11_messages_byname_wchar_t_virtual_8	native_discovered	1	9	0	0	1	0	1	8	0	method.std::__cxx11::messages_byname_wchar_t_.virtual_8 (int64_t arg1);
.text	0x52e3e0	0x52e469	137	137	method.std::__cxx11::collate_wchar_t_.virtual_16	native_stub_0052e3e0_method_std_cxx11_collate_wchar_t_virtual_16	native_discovered	1	38	1	0	2	8	3	184	0	method.std::__cxx11::collate_wchar_t_.virtual_16 (int64_t arg1, int64_t arg4, int64_t arg5);
.text	0x52e467	0x52e53a	211	211	fcn.0052e467	native_stub_0052e467_fcn_0052e467	r2_discovered	17	56	23	1	6	7	0	0	0	method.std::__cxx11::collate_wchar_t_.virtual_16 (int64_t arg1, int64_t arg4, int64_t arg5);
.text	0x52e580	0x52e827	679	679	method.std::__cxx11::numpunct_wchar_t_.virtual_32	native_stub_0052e580_method_std_cxx11_numpunct_wchar_t_virtual_32	native_discovered	36	198	45	0	17	3	2	208	0	method.std::__cxx11::numpunct_wchar_t_.virtual_32 (int64_t arg1, int64_t arg2);
.text	0x52e840	0x52e88c	76	76	method.std::__cxx11::moneypunct_wchar_t__true_.virtual_56	native_stub_0052e840_method_std_cxx11_moneypunct_wchar_t_true_virtual_56	native_discovered	3	24	3	0	2	0	2	40	0	method.std::__cxx11::moneypunct_wchar_t__true_.virtual_56 (int64_t arg1, int64_t arg2);
.text	0x52e890	0x52e8dc	76	76	method.std::__cxx11::moneypunct_wchar_t__false_.virtual_48	native_stub_0052e890_method_std_cxx11_moneypunct_wchar_t_false_virtual_48	native_discovered	3	24	3	0	2	0	2	40	0	method.std::__cxx11::moneypunct_wchar_t__false_.virtual_48 (int64_t arg1, int64_t arg2);
.text	0x52e8e0	0x52e92c	76	76	method.std::__cxx11::moneypunct_wchar_t__false_.virtual_56	native_stub_0052e8e0_method_std_cxx11_moneypunct_wchar_t_false_virtual_56	native_discovered	3	24	3	0	2	0	2	40	0	method.std::__cxx11::moneypunct_wchar_t__false_.virtual_56 (int64_t arg1, int64_t arg2);
.text	0x52e930	0x52e97c	76	76	method.std::__cxx11::moneypunct_wchar_t__true_.virtual_40	native_stub_0052e930_method_std_cxx11_moneypunct_wchar_t_true_virtual_40	native_discovered	3	24	3	0	2	0	2	40	0	method.std::__cxx11::moneypunct_wchar_t__true_.virtual_40 (int64_t arg1, int64_t arg2);
.text	0x52e980	0x52e9cc	76	76	method.std::__cxx11::moneypunct_wchar_t__true_.virtual_48	native_stub_0052e980_method_std_cxx11_moneypunct_wchar_t_true_virtual_48	native_discovered	3	24	3	0	2	0	2	40	0	method.std::__cxx11::moneypunct_wchar_t__true_.virtual_48 (int64_t arg1, int64_t arg2);
.text	0x52e9d0	0x52ea1c	76	76	method.std::__cxx11::numpunct_wchar_t_.virtual_40	native_stub_0052e9d0_method_std_cxx11_numpunct_wchar_t_virtual_40	native_discovered	3	24	3	0	2	0	2	40	0	method.std::__cxx11::numpunct_wchar_t_.virtual_40 (int64_t arg1, int64_t arg2);
.text	0x52ea20	0x52ea6c	76	76	method.std::__cxx11::numpunct_wchar_t_.virtual_48	native_stub_0052ea20_method_std_cxx11_numpunct_wchar_t_virtual_48	native_discovered	3	24	3	0	2	0	2	40	0	method.std::__cxx11::numpunct_wchar_t_.virtual_48 (int64_t arg1, int64_t arg2);
.text	0x52ea70	0x52ec97	551	551	method.std::__cxx11::collate_wchar_t_.virtual_24	native_stub_0052ea70_method_std_cxx11_collate_wchar_t_virtual_24	native_discovered	21	139	28	0	19	9	4	168	0	method.std::__cxx11::collate_wchar_t_.virtual_24 (int64_t arg1, int64_t arg2, int64_t arg3, int64_t arg4);
.text	0x52fb30	0x53034a	2074	2074	fcn.0052fb30	native_stub_0052fb30_fcn_0052fb30	r2_discovered	74	433	106	2	37	23	5	264	0	fcn.0052fb30 (int64_t arg2, int64_t arg3, int64_t arg4, int64_t arg5, int64_t arg6);
.text	0x5303e0	0x530bfa	2074	2074	fcn.005303e0	native_stub_005303e0_fcn_005303e0	r2_discovered	74	433	106	2	37	23	5	264	0	fcn.005303e0 (int64_t arg2, int64_t arg3, int64_t arg4, int64_t arg5, int64_t arg6);
.text	0x530c90	0x530e56	454	454	method.std::__cxx11::money_put_wchar_t__std::ostreambuf_iterator_wchar_t__std::char_traits_wchar_t_____.virtual_16	native_stub_00530c90_method_std_cxx11_money_put_wchar_t_std_ostreambuf_iterator_wchar_t_std_c	native_discovered	10	118	12	0	13	14	8	280	0	method.std::__cxx11::money_put_wchar_t__std::ostreambuf_iterator_wchar_t__std::char_traits_wchar_t_____.virtual_16 (int64_t arg1, int64_t arg2, int64_t arg3, uint32_t arg4, int64_t arg5, int64_t arg6, int64_t arg_10h, int64_t arg_18h);
.text	0x530e90	0x530eac	28	28	method.std::__cxx11::money_put_wchar_t__std::ostreambuf_iterator_wchar_t__std::char_traits_wchar_t_____.virtual_24	native_stub_00530e90_method_std_cxx11_money_put_wchar_t_std_ostreambuf_iterator_wchar_t_std_c	native_discovered	3	8	2	0	0	0	3	0	0	method.std::__cxx11::money_put_wchar_t__std::ostreambuf_iterator_wchar_t__std::char_traits_wchar_t_____.virtual_24 (int64_t arg5, int64_t arg6, int64_t arg_8h);
.text	0x535610	0x5358fc	748	748	fcn.00535610	native_stub_00535610_fcn_00535610	r2_discovered	50	194	76	12	6	4	10	88	0	fcn.00535610 (uint32_t arg2, uint32_t arg3, int64_t arg4, uint32_t arg5, int64_t arg6, signed int64_t arg_60h, signed int64_t arg_68h, uint32_t arg_70h, int64_t arg_78h, int64_t arg_80h);
.text	0x535930	0x535ad8	424	424	method.std::__cxx11::time_get_wchar_t__std::istreambuf_iterator_wchar_t__std::char_traits_wchar_t_____.virtual_56	native_stub_00535930_method_std_cxx11_time_get_wchar_t_std_istreambuf_iterator_wchar_t_std_ch	native_discovered	24	120	35	0	5	7	8	152	0	method.std::__cxx11::time_get_wchar_t__std::istreambuf_iterator_wchar_t__std::char_traits_wchar_t_____.virtual_56 (int64_t arg1, int64_t arg2, int64_t arg3, int64_t arg4, int64_t arg5, int64_t arg6, int64_t arg_70h, int64_t arg_78h);
.text	0x535b00	0x5361c1	1729	1729	fcn.00535b00	native_stub_00535b00_fcn_00535b00	r2_discovered	122	465	189	5	18	12	9	152	0	fcn.00535b00 (uint32_t arg2, uint32_t arg3, uint32_t arg4, uint32_t arg5, int64_t arg6, int64_t arg_10h, uint32_t arg_18h, int64_t arg_20h, int64_t arg_28h);
.text	0x536200	0x5367fe	1534	1534	fcn.00536200	native_stub_00536200_fcn_00536200	r2_discovered	96	395	146	2	12	12	9	152	0	fcn.00536200 (int64_t arg2, int64_t arg3, uint32_t arg4, uint32_t arg5, int64_t arg6, int64_t arg_10h, uint32_t arg_18h, int64_t arg_20h, int64_t arg_28h);
.text	0x536820	0x536a7c	604	604	method.std::__cxx11::time_get_wchar_t__std::istreambuf_iterator_wchar_t__std::char_traits_wchar_t_____.virtual_40	native_stub_00536820_method_std_cxx11_time_get_wchar_t_std_istreambuf_iterator_wchar_t_std_ch	native_discovered	24	146	35	0	6	23	8	280	0	method.std::__cxx11::time_get_wchar_t__std::istreambuf_iterator_wchar_t__std::char_traits_wchar_t_____.virtual_40 (int64_t arg1, int64_t arg2, int64_t arg3, int64_t arg4, int64_t arg5, int64_t arg6, int64_t arg_100h, int64_t arg_108h);
.text	0x536aa0	0x536da1	769	769	method.std::__cxx11::time_get_wchar_t__std::istreambuf_iterator_wchar_t__std::char_traits_wchar_t_____.virtual_48	native_stub_00536aa0_method_std_cxx11_time_get_wchar_t_std_istreambuf_iterator_wchar_t_std_ch	native_discovered	24	166	35	0	6	33	8	360	0	method.std::__cxx11::time_get_wchar_t__std::istreambuf_iterator_wchar_t__std::char_traits_wchar_t_____.virtual_48 (int64_t arg1, int64_t arg2, int64_t arg3, int64_t arg4, int64_t arg5, int64_t arg6, int64_t arg_150h, int64_t arg_158h);
.text	0x536e00	0x536e3b	59	59	fcn.00536e00	native_stub_00536e00_fcn_00536e00	r2_discovered	1	19	0	3	2	0	2	24	0	fcn.00536e00 (int64_t arg1, int64_t arg2);
.text	0x5378f0	0x538b82	4754	4754	fcn.005378f0	native_stub_005378f0_fcn_005378f0	r2_discovered	93	876	140	11	51	73	9	680	0	fcn.005378f0 (uint32_t arg1, uint32_t arg2, uint32_t arg3, uint32_t arg4, uint32_t arg5, int64_t arg6, int64_t arg_280h, int64_t arg_288h, int64_t arg_290h);
.text	0x538c20	0x538d41	289	289	method.std::__cxx11::time_get_wchar_t__std::istreambuf_iterator_wchar_t__std::char_traits_wchar_t_____.virtual_24	native_stub_00538c20_method_std_cxx11_time_get_wchar_t_std_istreambuf_iterator_wchar_t_std_ch	native_discovered	20	92	29	0	4	3	7	120	0	method.std::__cxx11::time_get_wchar_t__std::istreambuf_iterator_wchar_t__std::char_traits_wchar_t_____.virtual_24 (int64_t arg1, int64_t arg2, int64_t arg3, int64_t arg4, int64_t arg5, int64_t arg6, int64_t arg_60h);
.text	0x538d60	0x538e81	289	289	method.std::__cxx11::time_get_wchar_t__std::istreambuf_iterator_wchar_t__std::char_traits_wchar_t_____.virtual_32	native_stub_00538d60_method_std_cxx11_time_get_wchar_t_std_istreambuf_iterator_wchar_t_std_ch	native_discovered	20	92	29	0	4	3	7	120	0	method.std::__cxx11::time_get_wchar_t__std::istreambuf_iterator_wchar_t__std::char_traits_wchar_t_____.virtual_32 (int64_t arg1, int64_t arg2, int64_t arg3, int64_t arg4, int64_t arg5, int64_t arg6, int64_t arg_60h);
.text	0x538ea0	0x53907d	477	477	method.std::__cxx11::time_get_wchar_t__std::istreambuf_iterator_wchar_t__std::char_traits_wchar_t_____.virtual_64	native_stub_00538ea0_method_std_cxx11_time_get_wchar_t_std_istreambuf_iterator_wchar_t_std_ch	native_discovered	25	123	35	0	6	12	10	184	0	method.std::__cxx11::time_get_wchar_t__std::istreambuf_iterator_wchar_t__std::char_traits_wchar_t_____.virtual_64 (int64_t arg1, int64_t arg2, int64_t arg3, int64_t arg4, int64_t arg5, int64_t arg6, int64_t arg_a0h, int64_t arg_a8h, int64_t arg_b0h, int64_t arg_b8h);
.text	0x539b70	0x53ae01	4753	4753	fcn.00539b70	native_stub_00539b70_fcn_00539b70	r2_discovered	315	952	490	2	49	31	7	312	0	fcn.00539b70 (int64_t arg2, uint32_t arg3, int64_t arg4, uint32_t arg5, int64_t arg6, int64_t arg_140h, int64_t arg_148h);
.text	0x53af80	0x53c211	4753	4753	fcn.0053af80	native_stub_0053af80_fcn_0053af80	r2_discovered	315	952	490	2	49	31	7	312	0	fcn.0053af80 (int64_t arg2, uint32_t arg3, int64_t arg4, uint32_t arg5, int64_t arg6, int64_t arg_140h, int64_t arg_148h);
.text	0x53c390	0x53c47e	238	238	method.std::__cxx11::money_get_wchar_t__std::istreambuf_iterator_wchar_t__std::char_traits_wchar_t_____.virtual_16	native_stub_0053c390_method_std_cxx11_money_get_wchar_t_std_istreambuf_iterator_wchar_t_std_c	native_discovered	8	70	9	0	6	8	4	152	0	method.std::__cxx11::money_get_wchar_t__std::istreambuf_iterator_wchar_t__std::char_traits_wchar_t_____.virtual_16 (int64_t arg3, int64_t arg_10h, int64_t arg_18h, int64_t arg_20h);
.text	0x53c4b0	0x53c60b	347	347	method.std::__cxx11::money_get_wchar_t__std::istreambuf_iterator_wchar_t__std::char_traits_wchar_t_____.virtual_24	native_stub_0053c4b0_method_std_cxx11_money_get_wchar_t_std_istreambuf_iterator_wchar_t_std_c	native_discovered	10	94	12	0	7	13	9	184	0	method.std::__cxx11::money_get_wchar_t__std::istreambuf_iterator_wchar_t__std::char_traits_wchar_t_____.virtual_24 (int64_t arg1, int64_t arg2, int64_t arg3, int64_t arg4, int64_t arg5, int64_t arg6, int64_t arg_10h, int64_t arg_18h, int64_t arg_20h);
.text	0x53e5a0	0x53e5dc	60	60	method.std::iostream.virtual_0	native_stub_0053e5a0_method_std_iostream_virtual_0	native_discovered	1	12	1	0	0	0	1	0	0	method.std::iostream.virtual_0 (int64_t arg1);
.text	0x53e670	0x53e6b9	73	73	method.std::iostream.virtual_8	native_stub_0053e670_method_std_iostream_virtual_8	native_discovered	1	17	0	0	1	0	1	8	0	method.std::iostream.virtual_8 (int64_t arg1);
.text	0x53e790	0x53e7cc	60	60	method.std::basic_iostream_wchar_t__std::char_traits_wchar_t___.virtual_0	native_stub_0053e790_method_std_basic_iostream_wchar_t_std_char_traits_wchar_t_virtual_0	native_discovered	1	12	1	0	0	0	1	0	0	method.std::basic_iostream_wchar_t__std::char_traits_wchar_t___.virtual_0 (int64_t arg1);
.text	0x53e820	0x53e869	73	73	method.std::basic_iostream_wchar_t__std::char_traits_wchar_t___.virtual_8	native_stub_0053e820_method_std_basic_iostream_wchar_t_std_char_traits_wchar_t_virtual_8	native_discovered	1	17	0	0	1	0	1	8	0	method.std::basic_iostream_wchar_t__std::char_traits_wchar_t___.virtual_8 (int64_t arg1);
.text	0x53f740	0x53f742	2	2	method.std::basic_streambuf_char__std::char_traits_char___.virtual_16	native_stub_0053f740_method_std_basic_streambuf_char_std_char_traits_char_virtual_16	native_discovered	1	1	0	0	0	0	0	0	0	method.std::basic_streambuf_char__std::char_traits_char___.virtual_16 ();
.text	0x53f750	0x53f754	4	4	method.std::basic_streambuf_char__std::char_traits_char___.virtual_24	native_stub_0053f750_method_std_basic_streambuf_char_std_char_traits_char_virtual_24	native_discovered	1	2	0	0	0	0	1	0	0	method.std::basic_streambuf_char__std::char_traits_char___.virtual_24 (int64_t arg1);
.text	0x53f760	0x53f797	55	55	method.std::basic_streambuf_char__std::char_traits_char___.virtual_32	native_stub_0053f760_method_std_basic_streambuf_char_std_char_traits_char_virtual_32	native_discovered	3	12	2	0	1	1	0	24	0	method.std::basic_streambuf_char__std::char_traits_char___.virtual_32 ();
.text	0x53f7a0	0x53f7d7	55	55	method.std::basic_streambuf_char__std::char_traits_char___.virtual_40	native_stub_0053f7a0_method_std_basic_streambuf_char_std_char_traits_char_virtual_40	native_discovered	3	12	2	0	1	1	0	24	0	method.std::basic_streambuf_char__std::char_traits_char___.virtual_40 ();
.text	0x53f7e0	0x53f7e3	3	3	method.std::basic_streambuf_char__std::char_traits_char___.virtual_48	native_stub_0053f7e0_method_std_basic_streambuf_char_std_char_traits_char_virtual_48	native_discovered	1	2	0	0	0	0	0	0	0	method.std::basic_streambuf_char__std::char_traits_char___.virtual_48 ();
.text	0x53f7f0	0x53f7f3	3	3	method.std::basic_streambuf_char__std::char_traits_char___.virtual_56	native_stub_0053f7f0_method_std_basic_streambuf_char_std_char_traits_char_virtual_56	native_discovered	1	2	0	0	0	0	0	0	0	method.std::basic_streambuf_char__std::char_traits_char___.virtual_56 ();
.text	0x53f800	0x53f806	6	6	method.std::basic_streambuf_char__std::char_traits_char___.virtual_72	native_stub_0053f800_method_std_basic_streambuf_char_std_char_traits_char_virtual_72	native_discovered	1	2	0	0	0	0	0	0	0	method.std::basic_streambuf_char__std::char_traits_char___.virtual_72 ();
.text	0x53f810	0x53f816	6	6	method.std::basic_streambuf_char__std::char_traits_char___.virtual_88	native_stub_0053f810_method_std_basic_streambuf_char_std_char_traits_char_virtual_88	native_discovered	1	2	0	0	0	0	0	0	0	method.std::basic_streambuf_char__std::char_traits_char___.virtual_88 ();
.text	0x53f820	0x53f826	6	6	method.std::basic_streambuf_char__std::char_traits_char___.virtual_104	native_stub_0053f820_method_std_basic_streambuf_char_std_char_traits_char_virtual_104	native_discovered	1	2	0	0	0	0	0	0	0	method.std::basic_streambuf_char__std::char_traits_char___.virtual_104 ();
.text	0x53f830	0x53f832	2	2	method.std::basic_streambuf_wchar_t__std::char_traits_wchar_t___.virtual_16	native_stub_0053f830_method_std_basic_streambuf_wchar_t_std_char_traits_wchar_t_virtual_16	native_discovered	1	1	0	0	0	0	0	0	0	method.std::basic_streambuf_wchar_t__std::char_traits_wchar_t___.virtual_16 ();
.text	0x53f840	0x53f844	4	4	method.std::basic_streambuf_wchar_t__std::char_traits_wchar_t___.virtual_24	native_stub_0053f840_method_std_basic_streambuf_wchar_t_std_char_traits_wchar_t_virtual_24	native_discovered	1	2	0	0	0	0	1	0	0	method.std::basic_streambuf_wchar_t__std::char_traits_wchar_t___.virtual_24 (int64_t arg1);
.text	0x53f850	0x53f887	55	55	method.std::basic_streambuf_wchar_t__std::char_traits_wchar_t___.virtual_32	native_stub_0053f850_method_std_basic_streambuf_wchar_t_std_char_traits_wchar_t_virtual_32	native_discovered	3	12	2	0	1	1	0	24	0	method.std::basic_streambuf_wchar_t__std::char_traits_wchar_t___.virtual_32 ();
.text	0x53f890	0x53f8c7	55	55	method.std::basic_streambuf_wchar_t__std::char_traits_wchar_t___.virtual_40	native_stub_0053f890_method_std_basic_streambuf_wchar_t_std_char_traits_wchar_t_virtual_40	native_discovered	3	12	2	0	1	1	0	24	0	method.std::basic_streambuf_wchar_t__std::char_traits_wchar_t___.virtual_40 ();
.text	0x53f8d0	0x53f8d3	3	3	method.std::basic_streambuf_wchar_t__std::char_traits_wchar_t___.virtual_48	native_stub_0053f8d0_method_std_basic_streambuf_wchar_t_std_char_traits_wchar_t_virtual_48	native_discovered	1	2	0	0	0	0	0	0	0	method.std::basic_streambuf_wchar_t__std::char_traits_wchar_t___.virtual_48 ();
.text	0x53f8e0	0x53f8e3	3	3	method.std::basic_streambuf_wchar_t__std::char_traits_wchar_t___.virtual_56	native_stub_0053f8e0_method_std_basic_streambuf_wchar_t_std_char_traits_wchar_t_virtual_56	native_discovered	1	2	0	0	0	0	0	0	0	method.std::basic_streambuf_wchar_t__std::char_traits_wchar_t___.virtual_56 ();
.text	0x53f8f0	0x53f8f6	6	6	method.std::basic_streambuf_wchar_t__std::char_traits_wchar_t___.virtual_72	native_stub_0053f8f0_method_std_basic_streambuf_wchar_t_std_char_traits_wchar_t_virtual_72	native_discovered	1	2	0	0	0	0	0	0	0	method.std::basic_streambuf_wchar_t__std::char_traits_wchar_t___.virtual_72 ();
.text	0x53f900	0x53f906	6	6	method.std::basic_streambuf_wchar_t__std::char_traits_wchar_t___.virtual_88	native_stub_0053f900_method_std_basic_streambuf_wchar_t_std_char_traits_wchar_t_virtual_88	native_discovered	1	2	0	0	0	0	0	0	0	method.std::basic_streambuf_wchar_t__std::char_traits_wchar_t___.virtual_88 ();
.text	0x53f910	0x53f916	6	6	method.std::basic_streambuf_wchar_t__std::char_traits_wchar_t___.virtual_104	native_stub_0053f910_method_std_basic_streambuf_wchar_t_std_char_traits_wchar_t_virtual_104	native_discovered	1	2	0	0	0	0	0	0	0	method.std::basic_streambuf_wchar_t__std::char_traits_wchar_t___.virtual_104 ();
.text	0x53f920	0x53f938	24	24	method.std::basic_streambuf_char__std::char_traits_char___.virtual_0	native_stub_0053f920_method_std_basic_streambuf_char_std_char_traits_char_virtual_0	native_discovered	1	5	0	0	0	0	1	0	0	method.std::basic_streambuf_char__std::char_traits_char___.virtual_0 (int64_t arg1);
.text	0x53f940	0x53f958	24	24	method.std::basic_streambuf_wchar_t__std::char_traits_wchar_t___.virtual_0	native_stub_0053f940_method_std_basic_streambuf_wchar_t_std_char_traits_wchar_t_virtual_0	native_discovered	1	5	0	0	0	0	1	0	0	method.std::basic_streambuf_wchar_t__std::char_traits_wchar_t___.virtual_0 (int64_t arg1);
.text	0x53f960	0x53f985	37	37	method.std::basic_streambuf_char__std::char_traits_char___.virtual_8	native_stub_0053f960_method_std_basic_streambuf_char_std_char_traits_char_virtual_8	native_discovered	1	10	0	0	1	0	1	8	0	method.std::basic_streambuf_char__std::char_traits_char___.virtual_8 (int64_t arg1);
.text	0x53f990	0x53f9b5	37	37	method.std::basic_streambuf_wchar_t__std::char_traits_wchar_t___.virtual_8	native_stub_0053f990_method_std_basic_streambuf_wchar_t_std_char_traits_wchar_t_virtual_8	native_discovered	1	10	0	0	1	0	1	8	0	method.std::basic_streambuf_wchar_t__std::char_traits_wchar_t___.virtual_8 (int64_t arg1);
.text	0x53fa70	0x53faa9	57	57	method.std::basic_filebuf_char__std::char_traits_char___.virtual_80	native_stub_0053fa70_method_std_basic_filebuf_char_std_char_traits_char_virtual_80	native_discovered	5	20	4	0	0	0	1	8	0	method.std::basic_filebuf_char__std::char_traits_char___.virtual_80 (int64_t arg1);
.text	0x53fb90	0x53fbc8	56	56	method.std::basic_filebuf_wchar_t__std::char_traits_wchar_t___.virtual_80	native_stub_0053fb90_method_std_basic_filebuf_wchar_t_std_char_traits_wchar_t_virtual_80	native_discovered	5	20	4	0	0	0	1	8	0	method.std::basic_filebuf_wchar_t__std::char_traits_wchar_t___.virtual_80 (int64_t arg1);
.text	0x53fbe0	0x53fcc5	229	229	fcn.0053fbe0	native_stub_0053fbe0_fcn_0053fbe0	r2_discovered	17	73	25	1	1	0	3	40	0	fcn.0053fbe0 (int64_t arg1, int64_t arg2, int64_t arg3);
.text	0x53fce0	0x53fda4	196	196	fcn.0053fce0	native_stub_0053fce0_fcn_0053fce0	r2_discovered	14	65	21	1	1	0	3	40	0	fcn.0053fce0 (int64_t arg1, int64_t arg2, int64_t arg3);
.text	0x540380	0x5403cc	76	76	fcn.00540380	native_stub_00540380_fcn_00540380	r2_discovered	1	18	0	2	0	0	2	0	0	fcn.00540380 (int64_t arg1, int64_t arg2);
.text	0x5403d0	0x540416	70	70	fcn.005403d0	native_stub_005403d0_fcn_005403d0	r2_discovered	1	20	0	2	1	0	2	8	0	fcn.005403d0 (int64_t arg1, int64_t arg2);
.text	0x540ad0	0x540b1c	76	76	fcn.00540ad0	native_stub_00540ad0_fcn_00540ad0	r2_discovered	1	18	0	2	0	0	2	0	0	fcn.00540ad0 (int64_t arg1, int64_t arg2);
.text	0x540b20	0x540b66	70	70	fcn.00540b20	native_stub_00540b20_fcn_00540b20	r2_discovered	1	20	0	2	1	0	2	8	0	fcn.00540b20 (int64_t arg1, int64_t arg2);
.text	0x540f00	0x540f3d	61	61	fcn.00540f00	native_stub_00540f00_fcn_00540f00	r2_discovered	3	20	2	2	1	0	3	8	0	fcn.00540f00 (int64_t arg1, int64_t arg2, int64_t arg3);
.text	0x541ef0	0x541ef8	8	8	method.std::bad_function_call.virtual_16	native_stub_00541ef0_method_std_bad_function_call_virtual_16	native_discovered	1	2	0	0	0	0	0	0	0	method.std::bad_function_call.virtual_16 ();
.text	0x541f00	0x541f13	19	19	fcn.00541f00	native_stub_00541f00_fcn_00541f00	r2_discovered	1	4	0	1	0	0	1	0	0	fcn.00541f00 (int64_t arg1);
.text	0x541f20	0x541f32	18	18	method.std::bad_function_call.virtual_8	native_stub_00541f20_method_std_bad_function_call_virtual_8	native_discovered	1	6	0	0	1	0	1	8	0	method.std::bad_function_call.virtual_8 (int64_t arg1);
.text	0x541f40	0x541f88	72	72	fcn.00541f40	native_stub_00541f40_fcn_00541f40	r2_discovered	1	14	0	1	2	0	0	8	0	fcn.00541f40 ();
.text	0x541ff0	0x542003	19	19	fcn.00541ff0	native_stub_00541ff0_fcn_00541ff0	r2_discovered	1	4	1	2	0	0	1	24	0	fcn.00541ff0 (int64_t arg1);
.text	0x542010	0x542022	18	18	method.std::system_error.virtual_8	native_stub_00542010_method_std_system_error_virtual_8	native_discovered	1	6	0	0	1	0	1	8	0	method.std::system_error.virtual_8 (int64_t arg1);
.text	0x5421a0	0x5421a2	2	2	fcn.005421a0	native_stub_005421a0_fcn_005421a0	r2_discovered	1	1	0	7	0	0	0	0	0	fcn.005421a0 ();
.text	0x542230	0x542238	8	8	fcn.00542230	native_stub_00542230_fcn_00542230	r2_discovered	1	2	0	1	0	0	0	0	0	fcn.00542230 ();
.text	0x542240	0x542248	8	8	fcn.00542240	native_stub_00542240_fcn_00542240	r2_discovered	1	2	0	2	0	0	0	0	0	fcn.00542240 ();
.text	0x542290	0x542348	184	184	fcn.00542290	native_stub_00542290_fcn_00542290	r2_discovered	5	49	7	4	9	1	1	88	0	fcn.00542290 (int64_t arg1);
.text	0x5423b0	0x5423f0	64	64	fcn.005423b0	native_stub_005423b0_fcn_005423b0	r2_discovered	1	12	1	32	2	0	0	376	0	fcn.005423b0 ();
.text	0x5423f0	0x542470	128	128	fcn.005423f0	native_stub_005423f0_fcn_005423f0	r2_discovered	1	24	1	146	4	0	0	0	0	fcn.005423f0 ();
.text	0x542470	0x542590	288	288	fcn.00542470	native_stub_00542470_fcn_00542470	r2_discovered	1	69	1	68	18	0	1	0	0	fcn.00542470 (int64_t arg1);
.text	0x542590	0x5425f0	96	96	fcn.00542590	native_stub_00542590_fcn_00542590	r2_discovered	1	23	1	132	6	0	1	384	0	fcn.00542590 (int64_t arg1);
.text	0x5425f0	0x542650	96	96	fcn.005425f0	native_stub_005425f0_fcn_005425f0	r2_discovered	1	23	1	2	6	0	1	0	0	fcn.005425f0 (int64_t arg1);
.text	0x542650	0x542770	288	288	fcn.00542650	native_stub_00542650_fcn_00542650	r2_discovered	3	60	4	141	8	1	11	0	0	fcn.00542650 (int64_t arg1, int64_t arg2, uint32_t arg3, int64_t arg4, int64_t arg5, int64_t arg6, int64_t arg7, int64_t arg8, int64_t arg9, int64_t arg10, int64_t arg11);
.text	0x542770	0x542916	422	422	fcn.00542770	native_stub_00542770_fcn_00542770	r2_discovered	1	100	1	7	24	0	1	0	0	fcn.00542770 (int64_t arg1);
.text	0x542920	0x54294c	44	44	method.std::ostream.virtual_0	native_stub_00542920_method_std_ostream_virtual_0	native_discovered	1	10	1	0	0	0	1	0	0	method.std::ostream.virtual_0 (int64_t arg1);
.text	0x542990	0x5429ca	58	58	method.std::ostream.virtual_8	native_stub_00542990_method_std_ostream_virtual_8	native_discovered	1	15	0	0	1	0	1	8	0	method.std::ostream.virtual_8 (int64_t arg1);
.text	0x542a00	0x542a2c	44	44	method.std::basic_ostream_wchar_t__std::char_traits_wchar_t___.virtual_0	native_stub_00542a00_method_std_basic_ostream_wchar_t_std_char_traits_wchar_t_virtual_0	native_discovered	1	10	1	0	0	0	1	0	0	method.std::basic_ostream_wchar_t__std::char_traits_wchar_t___.virtual_0 (int64_t arg1);
.text	0x542a70	0x542aaa	58	58	method.std::basic_ostream_wchar_t__std::char_traits_wchar_t___.virtual_8	native_stub_00542a70_method_std_basic_ostream_wchar_t_std_char_traits_wchar_t_virtual_8	native_discovered	1	15	0	0	1	0	1	8	0	method.std::basic_ostream_wchar_t__std::char_traits_wchar_t___.virtual_8 (int64_t arg1);
.text	0x542c40	0x542c82	66	66	fcn.00542c40	native_stub_00542c40_fcn_00542c40	r2_discovered	4	23	4	7	2	0	1	8	0	fcn.00542c40 (int64_t arg1);
.text	0x5433f0	0x54345a	106	106	fcn.005433f0	native_stub_005433f0_fcn_005433f0	r2_discovered	6	34	7	12	1	1	2	24	0	fcn.005433f0 (int64_t arg1, int64_t arg2);
.text	0x543470	0x5434d2	98	98	fcn.00543470	native_stub_00543470_fcn_00543470	r2_discovered	7	34	8	24	2	0	1	24	0	fcn.00543470 (int64_t arg1);
.text	0x543630	0x5436d2	162	162	fcn.00543630	native_stub_00543630_fcn_00543630	r2_discovered	8	47	10	2	5	1	2	56	0	fcn.00543630 (int64_t arg1, int64_t arg2);
.text	0x543a60	0x543e11	945	945	fcn.00543a60	native_stub_00543a60_fcn_00543a60	r2_discovered	56	240	81	6	24	5	3	120	0	fcn.00543a60 (int64_t arg1, int64_t arg2, int64_t arg3);
.text	0x545160	0x5451a2	66	66	fcn.00545160	native_stub_00545160_fcn_00545160	r2_discovered	4	23	4	7	2	0	1	8	0	fcn.00545160 (int64_t arg1);
.text	0x545920	0x54598a	106	106	fcn.00545920	native_stub_00545920_fcn_00545920	r2_discovered	6	34	7	12	1	1	2	24	0	fcn.00545920 (int64_t arg1, int64_t arg2);
.text	0x5459a0	0x545a02	98	98	fcn.005459a0	native_stub_005459a0_fcn_005459a0	r2_discovered	7	34	8	24	2	0	1	24	0	fcn.005459a0 (int64_t arg1);
.text	0x545b60	0x545c09	169	169	fcn.00545b60	native_stub_00545b60_fcn_00545b60	r2_discovered	9	50	11	2	5	1	2	56	0	fcn.00545b60 (int64_t arg1, int64_t arg2);
.text	0x545f40	0x54626c	812	812	fcn.00545f40	native_stub_00545f40_fcn_00545f40	r2_discovered	40	209	59	4	22	5	3	120	0	fcn.00545f40 (int64_t arg1, int64_t arg2, int64_t arg3);
.text	0x5472e0	0x5472ec	12	12	fcn.005472e0	native_stub_005472e0_fcn_005472e0	r2_discovered	1	3	0	2	0	0	1	0	0	fcn.005472e0 (int64_t arg2);
.text	0x5472f0	0x547318	40	40	fcn.005472f0	native_stub_005472f0_fcn_005472f0	r2_discovered	1	13	0	4	1	0	1	24	0	fcn.005472f0 (int64_t arg1);
.text	0x5473b0	0x5473d8	40	40	fcn.005473b0	native_stub_005473b0_fcn_005473b0	r2_discovered	1	13	0	7	1	0	1	24	0	fcn.005473b0 (int64_t arg1);
.text	0x547670	0x5476e9	121	121	fcn.00547670	native_stub_00547670_fcn_00547670	r2_discovered	7	39	7	28	3	0	10	16	0	fcn.00547670 (int64_t arg1, int64_t arg2, uint32_t arg3, uint32_t arg4, int64_t arg6, int64_t arg7, int64_t arg8, int64_t arg9, int64_t arg10, int64_t arg11);
.text	0x547990	0x5479ca	58	58	fcn.00547990	native_stub_00547990_fcn_00547990	r2_discovered	8	18	10	4	0	0	3	0	0	fcn.00547990 (int64_t arg1, int64_t arg2, uint32_t arg3);
.text	0x547d00	0x547d80	128	128	fcn.00547d00	native_stub_00547d00_fcn_00547d00	r2_discovered	8	31	11	5	2	0	2	32	0	fcn.00547d00 (uint32_t arg1, uint32_t arg2);
.text	0x547d80	0x547def	111	111	fcn.00547d80	native_stub_00547d80_fcn_00547d80	r2_discovered	8	35	9	2	2	0	2	0	0	fcn.00547d80 (int64_t arg1, int64_t arg2);
.text	0x547e30	0x547e35	5	5	fcn.00547e30	native_stub_00547e30_fcn_00547e30	r2_discovered	1	1	0	37	0	0	0	0	0	fcn.00547e30 ();
.text	0x547e40	0x547e6c	44	44	fcn.00547e40	native_stub_00547e40_fcn_00547e40	r2_discovered	5	13	6	2	0	0	1	0	0	fcn.00547e40 (int64_t arg1);
.text	0x547fb0	0x548053	163	163	fcn.00547fb0	native_stub_00547fb0_fcn_00547fb0	r2_discovered	7	52	8	16	3	0	5	40	0	fcn.00547fb0 (uint32_t arg1, int64_t arg2, int64_t arg3, int64_t arg4, int64_t arg5);
.text	0x5484b0	0x548616	358	358	fcn.005484b0	native_stub_005484b0_fcn_005484b0	r2_discovered	26	110	35	7	5	0	3	64	0	fcn.005484b0 (uint32_t arg1, uint32_t arg2, int64_t arg3);
.text	0x5486d0	0x548751	129	129	fcn.005486d0	native_stub_005486d0_fcn_005486d0	r2_discovered	9	41	11	1	2	0	2	24	0	fcn.005486d0 (uint32_t arg1, int64_t arg2);
.text	0x548780	0x5488f5	373	373	fcn.00548780	native_stub_00548780_fcn_00548780	r2_discovered	17	108	20	4	8	2	2	72	0	fcn.00548780 (uint32_t arg1, int64_t arg2);
.text	0x548990	0x548a39	169	169	fcn.00548990	native_stub_00548990_fcn_00548990	r2_discovered	11	49	13	5	3	0	2	24	0	fcn.00548990 (uint32_t arg1, int64_t arg2);
.text	0x548dd0	0x548de3	19	19	fcn.00548dd0	native_stub_00548dd0_fcn_00548dd0	r2_discovered	1	4	0	3	0	0	1	0	0	fcn.00548dd0 (int64_t arg1);
.text	0x548df0	0x548e02	18	18	method.std::ios_base::failure_abi:cxx11_.virtual_8	native_stub_00548df0_method_std_ios_base_failure_abi_cxx11_virtual_8	native_discovered	1	6	0	0	1	0	1	8	0	method.std::ios_base::failure_abi:cxx11_.virtual_8 (int64_t arg1);
.text	0x548e10	0x548e15	5	5	method.std::ios_base::failure_abi:cxx11_.virtual_16	native_stub_00548e10_method_std_ios_base_failure_abi_cxx11_virtual_16	native_discovered	1	1	1	0	0	0	1	0	0	method.std::ios_base::failure_abi:cxx11_.virtual_16 (int64_t arg1);
.text	0x548e20	0x548e33	19	19	fcn.00548e20	native_stub_00548e20_fcn_00548e20	r2_discovered	1	4	1	1	0	0	1	0	0	fcn.00548e20 (int64_t arg1);
.text	0x548e40	0x548e52	18	18	method.std::__iosfail_type_info.virtual_8	native_stub_00548e40_method_std_iosfail_type_info_virtual_8	native_discovered	1	6	0	0	1	0	1	8	0	method.std::__iosfail_type_info.virtual_8 (int64_t arg1);
.text	0x548e60	0x548f0e	174	174	method.std::__iosfail_type_info.virtual_40	native_stub_00548e60_method_std_iosfail_type_info_virtual_40	native_discovered	8	51	8	0	3	4	3	40	0	method.std::__iosfail_type_info.virtual_40 (int64_t arg1, int64_t arg2, int64_t arg3);
.text	0x548ea0	0x548ec5	37	37	method.std::__ios_failure.virtual_0	native_stub_00548ea0_method_std_ios_failure_virtual_0	native_discovered	1	10	1	0	1	0	1	8	0	method.std::__ios_failure.virtual_0 (int64_t arg1);
.text	0x548ed0	0x548efd	45	45	method.std::__ios_failure.virtual_8	native_stub_00548ed0_method_std_ios_failure_virtual_8	native_discovered	1	12	0	0	2	0	1	8	0	method.std::__ios_failure.virtual_8 (int64_t arg1);
.text	0x548f80	0x548fd9	89	89	fcn.00548f80	native_stub_00548f80_fcn_00548f80	r2_discovered	5	19	5	2	3	0	0	8	0	fcn.00548f80 ();
.text	0x549690	0x549894	516	516	fcn.00549690	native_stub_00549690_fcn_00549690	r2_discovered	20	129	26	1	10	8	3	168	0	fcn.00549690 (int64_t arg1, int64_t arg2, int64_t arg3);
.text	0x549920	0x5499c8	168	168	fcn.00549920	native_stub_00549920_fcn_00549920	r2_discovered	2	41	2	16	10	2	1	56	0	fcn.00549920 (int64_t arg1);
.text	0x549a50	0x549aec	156	156	fcn.00549a50	native_stub_00549a50_fcn_00549a50	r2_discovered	12	38	14	8	2	0	2	8	0	fcn.00549a50 (int64_t arg2, uint32_t arg3);
.text	0x549b10	0x549b79	105	105	fcn.00549b10	native_stub_00549b10_fcn_00549b10	r2_discovered	8	34	10	3	2	1	3	40	0	fcn.00549b10 (int64_t arg1, uint32_t arg2, int64_t arg3);
.text	0x549da0	0x549e6e	206	206	fcn.00549da0	native_stub_00549da0_fcn_00549da0	r2_discovered	16	63	22	2	4	1	2	56	0	fcn.00549da0 (uint32_t arg1, int64_t arg2);
.text	0x549e80	0x549fe6	358	358	fcn.00549e80	native_stub_00549e80_fcn_00549e80	r2_discovered	20	104	28	12	6	3	5	88	0	fcn.00549e80 (uint32_t arg1, int64_t arg2, int64_t arg3, int64_t arg4, uint32_t arg5);
.text	0x54a000	0x54a061	97	97	fcn.0054a000	native_stub_0054a000_fcn_0054a000	r2_discovered	6	32	8	6	1	0	3	24	0	fcn.0054a000 (int64_t arg1, int64_t arg2, int64_t arg3);
.text	0x54a3d0	0x54a4c0	240	240	fcn.0054a3d0	native_stub_0054a3d0_fcn_0054a3d0	r2_discovered	21	76	30	7	5	1	2	40	0	fcn.0054a3d0 (wchar_t*arg1, uint32_t arg2);
.text	0x54a8d0	0x54a9c8	248	248	fcn.0054a8d0	native_stub_0054a8d0_fcn_0054a8d0	r2_discovered	16	78	23	25	4	0	5	40	0	fcn.0054a8d0 (uint32_t arg1, uint32_t arg2, uint32_t arg3, int64_t arg4, int64_t arg5);
.text	0x54a9e0	0x54aa0e	46	46	fcn.0054a9e0	native_stub_0054a9e0_fcn_0054a9e0	r2_discovered	5	14	5	2	0	0	3	0	0	fcn.0054a9e0 (int64_t arg1, uint32_t arg2, int64_t arg3);
.text	0x54ab90	0x54ae8c	764	764	fcn.0054ab90	native_stub_0054ab90_fcn_0054ab90	r2_discovered	46	206	70	33	11	3	5	96	0	fcn.0054ab90 (int64_t arg1, int64_t arg2, int64_t arg3, wchar_t *s2, size_t n);
.text	0x54b560	0x54b5d5	117	117	fcn.0054b560	native_stub_0054b560_fcn_0054b560	r2_discovered	9	39	12	19	2	0	3	24	0	fcn.0054b560 (int64_t arg1, int64_t arg2, uint32_t arg3);
.text	0x54b780	0x54b98c	524	524	fcn.0054b780	native_stub_0054b780_fcn_0054b780	r2_discovered	24	144	31	8	10	1	11	96	0	fcn.0054b780 (int64_t arg1, int64_t arg2, uint32_t arg3, uint32_t arg4, int64_t arg5, int64_t arg6, int64_t arg7, int64_t arg8, int64_t arg9, int64_t arg10, int64_t arg11);
.text	0x54c396	0x54c39c	6	6	fcn.0054c396	native_stub_0054c396_fcn_0054c396	r2_discovered	1	3	0	1	0	0	0	0	0	fcn.0054c396 ();
.text	0x54c500	0x54c5a0	160	160	fcn.0054c500	native_stub_0054c500_fcn_0054c500	r2_discovered	9	48	11	1	3	1	3	40	0	fcn.0054c500 (int64_t arg1, int64_t arg2, int64_t arg3);
.text	0x54c5e0	0x54c680	160	160	fcn.0054c5e0	native_stub_0054c5e0_fcn_0054c5e0	r2_discovered	9	48	11	1	3	1	3	40	0	fcn.0054c5e0 (int64_t arg1, int64_t arg2, int64_t arg3);
.text	0x54c6d0	0x54c790	192	192	fcn.0054c6d0	native_stub_0054c6d0_fcn_0054c6d0	r2_discovered	12	55	16	9	4	1	3	40	0	fcn.0054c6d0 (int64_t arg1, int64_t arg2, int64_t arg3);
.text	0x54c860	0x54c920	192	192	fcn.0054c860	native_stub_0054c860_fcn_0054c860	r2_discovered	12	55	16	32	4	1	3	40	0	fcn.0054c860 (int64_t arg1, int64_t arg2, int64_t arg3);
.text	0x54cb80	0x54cc15	149	149	fcn.0054cb80	native_stub_0054cb80_fcn_0054cb80	r2_discovered	3	24	4	62	0	0	1	32	0	fcn.0054cb80 (int64_t arg1);
.text	0x54ce50	0x54ce81	49	49	fcn.0054ce50	native_stub_0054ce50_fcn_0054ce50	r2_discovered	4	20	5	6	1	0	2	24	0	fcn.0054ce50 (int64_t arg1, int64_t arg2);
.text	0x54ceb0	0x54cf07	87	87	fcn.0054ceb0	native_stub_0054ceb0_fcn_0054ceb0	r2_discovered	7	30	11	3	1	0	1	24	0	fcn.0054ceb0 (int64_t arg1);
.text	0x54cf10	0x54cf63	83	83	fcn.0054cf10	native_stub_0054cf10_fcn_0054cf10	r2_discovered	5	20	7	105	3	0	1	0	0	fcn.0054cf10 (int64_t arg1);
.text	0x54cf70	0x54cf82	18	18	method.std::ios_base.virtual_8	native_stub_0054cf70_method_std_ios_base_virtual_8	native_discovered	1	6	0	0	1	0	1	8	0	method.std::ios_base.virtual_8 (int64_t arg1);
.text	0x54cf90	0x54d093	259	259	fcn.0054cf90	native_stub_0054cf90_fcn_0054cf90	r2_discovered	10	59	13	28	1	1	2	40	0	fcn.0054cf90 (uint32_t arg1, int64_t arg2);
.text	0x54d0a0	0x54d247	423	423	fcn.0054d0a0	native_stub_0054d0a0_fcn_0054d0a0	r2_discovered	16	103	22	26	5	1	2	40	0	fcn.0054d0a0 (int64_t arg1, int64_t canary);
.text	0x54d260	0x54d299	57	57	fcn.0054d260	native_stub_0054d260_fcn_0054d260	r2_discovered	4	16	5	3	2	0	1	8	0	fcn.0054d260 (int64_t arg1);
.text	0x54d2a0	0x54d2d3	51	51	fcn.0054d2a0	native_stub_0054d2a0_fcn_0054d2a0	r2_discovered	1	13	0	3	1	0	1	8	0	fcn.0054d2a0 (int64_t arg1);
.text	0x54d2e0	0x54d2f3	19	19	fcn.0054d2e0	native_stub_0054d2e0_fcn_0054d2e0	r2_discovered	1	4	0	1	0	0	1	0	0	fcn.0054d2e0 (int64_t arg1);
.text	0x54d300	0x54d312	18	18	method.std::ctype_char_.virtual_8	native_stub_0054d300_method_std_ctype_char_virtual_8	native_discovered	1	6	0	0	1	0	1	8	0	method.std::ctype_char_.virtual_8 (int64_t arg1);
.text	0x54d320	0x54d332	18	18	method.std::ctype_wchar_t_.virtual_8	native_stub_0054d320_method_std_ctype_wchar_t_virtual_8	native_discovered	1	6	0	0	1	0	1	8	0	method.std::ctype_wchar_t_.virtual_8 (int64_t arg1);
.text	0x54d340	0x54d352	18	18	method.std::ctype_byname_wchar_t_.virtual_8	native_stub_0054d340_method_std_ctype_byname_wchar_t_virtual_8	native_discovered	1	6	0	0	1	0	1	8	0	method.std::ctype_byname_wchar_t_.virtual_8 (int64_t arg1);
.text	0x54d360	0x54d374	20	20	method.std::ctype_char_.virtual_72	native_stub_0054d360_method_std_ctype_char_virtual_72	native_discovered	1	8	0	0	1	0	3	8	0	method.std::ctype_char_.virtual_72 (size_t n, int64_t arg3, void *s1);
.text	0x54d560	0x54d6dc	380	380	fcn.0054d560	native_stub_0054d560_fcn_0054d560	r2_discovered	10	74	12	35	2	16	1	296	0	fcn.0054d560 (int64_t arg1);
.text	0x54d6e0	0x54d71d	61	61	fcn.0054d6e0	native_stub_0054d6e0_fcn_0054d6e0	r2_discovered	1	19	1	2	1	0	2	40	0	fcn.0054d6e0 (int64_t arg1, int64_t arg2);
.text	0x54d830	0x54d9c6	406	406	fcn.0054d830	native_stub_0054d830_fcn_0054d830	r2_discovered	29	110	49	8	0	0	2	0	0	fcn.0054d830 (int64_t arg1, uint32_t arg2);
.text	0x54d9d0	0x54d9d9	9	9	method.std::codecvt_char16_t__char____mbstate_t_.virtual_24	native_stub_0054d9d0_method_std_codecvt_char16_t_char_mbstate_t_virtual_24	native_discovered	1	3	0	0	0	0	2	0	0	method.std::codecvt_char16_t__char____mbstate_t_.virtual_24 (int64_t arg3, int64_t arg5);
.text	0x54d9e0	0x54d9e3	3	3	method.std::codecvt_char16_t__char____mbstate_t_.virtual_40	native_stub_0054d9e0_method_std_codecvt_char16_t_char_mbstate_t_virtual_40	native_discovered	1	2	0	0	0	0	0	0	0	method.std::codecvt_char16_t__char____mbstate_t_.virtual_40 ();
.text	0x54d9f0	0x54d9f3	3	3	method.std::codecvt_char16_t__char____mbstate_t_.virtual_48	native_stub_0054d9f0_method_std_codecvt_char16_t_char_mbstate_t_virtual_48	native_discovered	1	2	0	0	0	0	0	0	0	method.std::codecvt_char16_t__char____mbstate_t_.virtual_48 ();
.text	0x54da00	0x54da06	6	6	method.std::codecvt_char16_t__char____mbstate_t_.virtual_64	native_stub_0054da00_method_std_codecvt_char16_t_char_mbstate_t_virtual_64	native_discovered	1	2	0	0	0	0	0	0	0	method.std::codecvt_char16_t__char____mbstate_t_.virtual_64 ();
.text	0x54da10	0x54da22	18	18	method.std::__codecvt_utf8_base_char16_t_.virtual_64	native_stub_0054da10_method_std_codecvt_utf8_base_char16_t_virtual_64	native_discovered	1	7	0	0	0	0	1	0	0	method.std::__codecvt_utf8_base_char16_t_.virtual_64 (int64_t arg1);
.text	0x54da30	0x54da42	18	18	method.std::__codecvt_utf8_base_char32_t_.virtual_64	native_stub_0054da30_method_std_codecvt_utf8_base_char32_t_virtual_64	native_discovered	1	7	0	0	0	0	1	0	0	method.std::__codecvt_utf8_base_char32_t_.virtual_64 (int64_t arg1);
.text	0x54da50	0x54da62	18	18	method.std::__codecvt_utf8_base_wchar_t_.virtual_64	native_stub_0054da50_method_std_codecvt_utf8_base_wchar_t_virtual_64	native_discovered	1	7	0	0	0	0	1	0	0	method.std::__codecvt_utf8_base_wchar_t_.virtual_64 (int64_t arg1);
.text	0x54da70	0x54da82	18	18	method.std::__codecvt_utf16_base_char16_t_.virtual_64	native_stub_0054da70_method_std_codecvt_utf16_base_char16_t_virtual_64	native_discovered	1	7	0	0	0	0	1	0	0	method.std::__codecvt_utf16_base_char16_t_.virtual_64 (int64_t arg1);
.text	0x54da90	0x54daa2	18	18	method.std::__codecvt_utf16_base_char32_t_.virtual_64	native_stub_0054da90_method_std_codecvt_utf16_base_char32_t_virtual_64	native_discovered	1	7	0	0	0	0	1	0	0	method.std::__codecvt_utf16_base_char32_t_.virtual_64 (int64_t arg1);
.text	0x54dab0	0x54dac2	18	18	method.std::__codecvt_utf16_base_wchar_t_.virtual_64	native_stub_0054dab0_method_std_codecvt_utf16_base_wchar_t_virtual_64	native_discovered	1	7	0	0	0	0	1	0	0	method.std::__codecvt_utf16_base_wchar_t_.virtual_64 (int64_t arg1);
.text	0x54dad0	0x54dae2	18	18	method.std::__codecvt_utf8_utf16_base_char16_t_.virtual_64	native_stub_0054dad0_method_std_codecvt_utf8_utf16_base_char16_t_virtual_64	native_discovered	1	7	0	0	0	0	1	0	0	method.std::__codecvt_utf8_utf16_base_char16_t_.virtual_64 (int64_t arg1);
.text	0x54daf0	0x54db02	18	18	method.std::__codecvt_utf8_utf16_base_char32_t_.virtual_64	native_stub_0054daf0_method_std_codecvt_utf8_utf16_base_char32_t_virtual_64	native_discovered	1	7	0	0	0	0	1	0	0	method.std::__codecvt_utf8_utf16_base_char32_t_.virtual_64 (int64_t arg1);
.text	0x54db10	0x54db22	18	18	method.std::__codecvt_utf8_utf16_base_wchar_t_.virtual_64	native_stub_0054db10_method_std_codecvt_utf8_utf16_base_wchar_t_virtual_64	native_discovered	1	7	0	0	0	0	1	0	0	method.std::__codecvt_utf8_utf16_base_wchar_t_.virtual_64 (int64_t arg1);
.text	0x54db30	0x54db43	19	19	fcn.0054db30	native_stub_0054db30_fcn_0054db30	r2_discovered	1	4	0	4	0	0	1	0	0	fcn.0054db30 (int64_t arg1);
.text	0x54db50	0x54db63	19	19	fcn.0054db50	native_stub_0054db50_fcn_0054db50	r2_discovered	1	4	0	1	0	0	1	0	0	fcn.0054db50 (int64_t arg1);
.text	0x54db70	0x54db83	19	19	fcn.0054db70	native_stub_0054db70_fcn_0054db70	r2_discovered	1	4	0	1	0	0	1	0	0	fcn.0054db70 (int64_t arg1);
.text	0x54db90	0x54dba3	19	19	fcn.0054db90	native_stub_0054db90_fcn_0054db90	r2_discovered	1	4	0	1	0	0	1	0	0	fcn.0054db90 (int64_t arg1);
.text	0x54dbb0	0x54dbc3	19	19	fcn.0054dbb0	native_stub_0054dbb0_fcn_0054dbb0	r2_discovered	1	4	0	4	0	0	1	0	0	fcn.0054dbb0 (int64_t arg1);
.text	0x54dbd0	0x54dbe3	19	19	fcn.0054dbd0	native_stub_0054dbd0_fcn_0054dbd0	r2_discovered	1	4	0	1	0	0	1	0	0	fcn.0054dbd0 (int64_t arg1);
.text	0x54dbf0	0x54dc03	19	19	fcn.0054dbf0	native_stub_0054dbf0_fcn_0054dbf0	r2_discovered	1	4	0	1	0	0	1	0	0	fcn.0054dbf0 (int64_t arg1);
.text	0x54dc10	0x54dc23	19	19	fcn.0054dc10	native_stub_0054dc10_fcn_0054dc10	r2_discovered	1	4	0	1	0	0	1	0	0	fcn.0054dc10 (int64_t arg1);
.text	0x54dc30	0x54dc42	18	18	method.std::codecvt_char16_t__char____mbstate_t_.virtual_8	native_stub_0054dc30_method_std_codecvt_char16_t_char_mbstate_t_virtual_8	native_discovered	1	6	0	0	1	0	1	8	0	method.std::codecvt_char16_t__char____mbstate_t_.virtual_8 (int64_t arg1);
.text	0x54dc50	0x54dc62	18	18	method.std::__codecvt_utf8_base_char16_t_.virtual_8	native_stub_0054dc50_method_std_codecvt_utf8_base_char16_t_virtual_8	native_discovered	1	6	0	0	1	0	1	8	0	method.std::__codecvt_utf8_base_char16_t_.virtual_8 (int64_t arg1);
.text	0x54dc70	0x54dc82	18	18	method.std::__codecvt_utf16_base_char16_t_.virtual_8	native_stub_0054dc70_method_std_codecvt_utf16_base_char16_t_virtual_8	native_discovered	1	6	0	0	1	0	1	8	0	method.std::__codecvt_utf16_base_char16_t_.virtual_8 (int64_t arg1);
.text	0x54dc90	0x54dca2	18	18	method.std::__codecvt_utf8_utf16_base_char16_t_.virtual_8	native_stub_0054dc90_method_std_codecvt_utf8_utf16_base_char16_t_virtual_8	native_discovered	1	6	0	0	1	0	1	8	0	method.std::__codecvt_utf8_utf16_base_char16_t_.virtual_8 (int64_t arg1);
.text	0x54dcb0	0x54dcc2	18	18	method.std::codecvt_char32_t__char____mbstate_t_.virtual_8	native_stub_0054dcb0_method_std_codecvt_char32_t_char_mbstate_t_virtual_8	native_discovered	1	6	0	0	1	0	1	8	0	method.std::codecvt_char32_t__char____mbstate_t_.virtual_8 (int64_t arg1);
.text	0x54dcd0	0x54dce2	18	18	method.std::__codecvt_utf8_base_char32_t_.virtual_8	native_stub_0054dcd0_method_std_codecvt_utf8_base_char32_t_virtual_8	native_discovered	1	6	0	0	1	0	1	8	0	method.std::__codecvt_utf8_base_char32_t_.virtual_8 (int64_t arg1);
.text	0x54dcf0	0x54dd02	18	18	method.std::__codecvt_utf16_base_char32_t_.virtual_8	native_stub_0054dcf0_method_std_codecvt_utf16_base_char32_t_virtual_8	native_discovered	1	6	0	0	1	0	1	8	0	method.std::__codecvt_utf16_base_char32_t_.virtual_8 (int64_t arg1);
.text	0x54dd10	0x54dd22	18	18	method.std::__codecvt_utf8_utf16_base_char32_t_.virtual_8	native_stub_0054dd10_method_std_codecvt_utf8_utf16_base_char32_t_virtual_8	native_discovered	1	6	0	0	1	0	1	8	0	method.std::__codecvt_utf8_utf16_base_char32_t_.virtual_8 (int64_t arg1);
.text	0x54dd30	0x54dd58	40	40	fcn.0054dd30	native_stub_0054dd30_fcn_0054dd30	r2_discovered	4	13	5	2	0	0	2	0	0	fcn.0054dd30 (int64_t arg1, uint32_t arg2);
.text	0x54dd60	0x54de04	164	164	fcn.0054dd60	native_stub_0054dd60_fcn_0054dd60	r2_discovered	12	44	15	5	0	0	3	0	0	fcn.0054dd60 (int64_t arg1, uint32_t arg2, int64_t arg3);
.text	0x54de20	0x54deb2	146	146	fcn.0054de20	native_stub_0054de20_fcn_0054de20	r2_discovered	8	44	8	2	0	0	3	0	0	fcn.0054de20 (int64_t arg1, uint32_t arg2, int64_t arg3);
.text	0x54dec0	0x54ded3	19	19	fcn.0054dec0	native_stub_0054dec0_fcn_0054dec0	r2_discovered	1	4	0	1	0	0	1	0	0	fcn.0054dec0 (int64_t arg1);
.text	0x54dee0	0x54def2	18	18	method.std::__codecvt_utf8_base_wchar_t_.virtual_8	native_stub_0054dee0_method_std_codecvt_utf8_base_wchar_t_virtual_8	native_discovered	1	6	0	0	1	0	1	8	0	method.std::__codecvt_utf8_base_wchar_t_.virtual_8 (int64_t arg1);
.text	0x54df00	0x54df13	19	19	fcn.0054df00	native_stub_0054df00_fcn_0054df00	r2_discovered	1	4	0	1	0	0	1	0	0	fcn.0054df00 (int64_t arg1);
.text	0x54df20	0x54df32	18	18	method.std::__codecvt_utf16_base_wchar_t_.virtual_8	native_stub_0054df20_method_std_codecvt_utf16_base_wchar_t_virtual_8	native_discovered	1	6	0	0	1	0	1	8	0	method.std::__codecvt_utf16_base_wchar_t_.virtual_8 (int64_t arg1);
.text	0x54df40	0x54df53	19	19	fcn.0054df40	native_stub_0054df40_fcn_0054df40	r2_discovered	1	4	0	1	0	0	1	0	0	fcn.0054df40 (int64_t arg1);
.text	0x54df60	0x54df72	18	18	method.std::__codecvt_utf8_utf16_base_wchar_t_.virtual_8	native_stub_0054df60_method_std_codecvt_utf8_utf16_base_wchar_t_virtual_8	native_discovered	1	6	0	0	1	0	1	8	0	method.std::__codecvt_utf8_utf16_base_wchar_t_.virtual_8 (int64_t arg1);
.text	0x54df80	0x54e06d	237	237	fcn.0054df80	native_stub_0054df80_fcn_0054df80	r2_discovered	15	79	21	5	0	0	2	0	0	fcn.0054df80 (uint32_t arg1, uint32_t arg2);
.text	0x54e080	0x54e0b2	50	50	fcn.0054e080	native_stub_0054e080_fcn_0054e080	r2_discovered	3	14	2	5	0	0	1	0	0	fcn.0054e080 (int64_t arg1);
.text	0x54e0c0	0x54e12b	107	107	fcn.0054e0c0	native_stub_0054e0c0_fcn_0054e0c0	r2_discovered	12	38	15	2	2	0	4	0	0	fcn.0054e0c0 (int64_t arg1, int64_t arg2, int64_t arg3, int64_t arg4);
.text	0x54e140	0x54e1b3	115	115	method.std::__codecvt_utf8_base_char32_t_.virtual_16	native_stub_0054e140_method_std_codecvt_utf8_base_char32_t_virtual_16	native_discovered	3	28	2	0	2	4	7	56	0	method.std::__codecvt_utf8_base_char32_t_.virtual_16 (int64_t arg1, int64_t arg3, int64_t arg4, int64_t arg5, int64_t arg6, int64_t arg_40h, int64_t arg_48h);
.text	0x54e1c0	0x54e233	115	115	method.std::__codecvt_utf8_base_wchar_t_.virtual_16	native_stub_0054e1c0_method_std_codecvt_utf8_base_wchar_t_virtual_16	native_discovered	3	28	2	0	2	4	7	56	0	method.std::__codecvt_utf8_base_wchar_t_.virtual_16 (int64_t arg1, int64_t arg3, int64_t arg4, int64_t arg5, int64_t arg6, int64_t arg_40h, int64_t arg_48h);
.text	0x54e240	0x54e308	200	200	fcn.0054e240	native_stub_0054e240_fcn_0054e240	r2_discovered	14	60	21	3	1	0	4	8	0	fcn.0054e240 (int64_t arg1, int64_t arg2, int64_t arg3, int64_t arg4);
.text	0x54e320	0x54e3d4	180	180	method.std::__codecvt_utf8_base_char16_t_.virtual_16	native_stub_0054e320_method_std_codecvt_utf8_base_char16_t_virtual_16	native_discovered	8	45	9	0	3	6	7	88	0	method.std::__codecvt_utf8_base_char16_t_.virtual_16 (int64_t arg1, int64_t arg3, int64_t arg4, int64_t arg5, int64_t arg6, int64_t arg_60h, int64_t arg_68h);
.text	0x54e3e0	0x54e456	118	118	method.std::codecvt_char16_t__char____mbstate_t_.virtual_16	native_stub_0054e3e0_method_std_codecvt_char16_t_char_mbstate_t_virtual_16	native_discovered	3	30	2	0	2	4	6	72	0	method.std::codecvt_char16_t__char____mbstate_t_.virtual_16 (int64_t arg3, int64_t arg4, int64_t arg5, int64_t arg6, int64_t arg_50h, int64_t arg_58h);
.text	0x54e460	0x54e4b2	82	82	fcn.0054e460	native_stub_0054e460_fcn_0054e460	r2_discovered	7	24	8	3	0	0	2	0	0	fcn.0054e460 (int64_t arg1, int64_t arg2);
.text	0x54e4c0	0x54e5db	283	283	method.std::__codecvt_utf16_base_char16_t_.virtual_16	native_stub_0054e4c0_method_std_codecvt_utf16_base_char16_t_virtual_16	native_discovered	16	78	24	0	2	2	6	56	0	method.std::__codecvt_utf16_base_char16_t_.virtual_16 (int64_t arg1, int64_t arg3, int64_t arg4, int64_t arg6, int64_t arg_40h, int64_t arg_48h);
.text	0x54e5f0	0x54e624	52	52	fcn.0054e5f0	native_stub_0054e5f0_fcn_0054e5f0	r2_discovered	6	16	6	5	2	0	2	0	0	fcn.0054e5f0 (int64_t arg1, int64_t arg2);
.text	0x54e640	0x54e6cc	140	140	fcn.0054e640	native_stub_0054e640_fcn_0054e640	r2_discovered	10	47	13	2	2	1	3	16	0	fcn.0054e640 (int64_t arg2, int64_t arg3, int64_t arg4);
.text	0x54e6e0	0x54e76d	141	141	method.std::__codecvt_utf16_base_char32_t_.virtual_32	native_stub_0054e6e0_method_std_codecvt_utf16_base_char32_t_virtual_32	native_discovered	5	38	5	0	2	4	7	72	0	method.std::__codecvt_utf16_base_char32_t_.virtual_32 (int64_t arg1, int64_t arg3, int64_t arg4, int64_t arg5, int64_t arg6, int64_t arg_50h, int64_t arg_58h);
.text	0x54e770	0x54e7fd	141	141	method.std::__codecvt_utf16_base_wchar_t_.virtual_32	native_stub_0054e770_method_std_codecvt_utf16_base_wchar_t_virtual_32	native_discovered	5	38	5	0	2	4	7	72	0	method.std::__codecvt_utf16_base_wchar_t_.virtual_32 (int64_t arg1, int64_t arg3, int64_t arg4, int64_t arg5, int64_t arg6, int64_t arg_50h, int64_t arg_58h);
.text	0x54e800	0x54e8a0	160	160	method.std::__codecvt_utf16_base_wchar_t_.virtual_56	native_stub_0054e800_method_std_codecvt_utf16_base_wchar_t_virtual_56	native_discovered	6	46	7	0	3	4	4	72	0	method.std::__codecvt_utf16_base_wchar_t_.virtual_56 (int64_t arg1, int64_t arg3, int64_t arg4, int64_t arg5);
.text	0x54e8a0	0x54e9b8	280	280	method.std::__codecvt_utf16_base_char16_t_.virtual_32	native_stub_0054e8a0_method_std_codecvt_utf16_base_char16_t_virtual_32	native_discovered	13	81	18	0	3	4	7	104	0	method.std::__codecvt_utf16_base_char16_t_.virtual_32 (int64_t arg1, int64_t arg3, int64_t arg4, int64_t arg5, int64_t arg6, int64_t arg_70h, int64_t arg_78h);
.text	0x54e9d0	0x54ea81	177	177	method.std::__codecvt_utf16_base_char16_t_.virtual_56	native_stub_0054e9d0_method_std_codecvt_utf16_base_char16_t_virtual_56	native_discovered	6	49	7	0	3	4	4	72	0	method.std::__codecvt_utf16_base_char16_t_.virtual_56 (int64_t arg1, int64_t arg3, int64_t arg4, int64_t arg5);
.text	0x54ea90	0x54ebb0	288	288	method.std::__codecvt_utf8_utf16_base_wchar_t_.virtual_16	native_stub_0054ea90_method_std_codecvt_utf8_utf16_base_wchar_t_virtual_16	native_discovered	18	77	28	0	3	2	6	56	0	method.std::__codecvt_utf8_utf16_base_wchar_t_.virtual_16 (int64_t arg1, int64_t arg3, int64_t arg4, int64_t arg6, int64_t arg_40h, int64_t arg_48h);
.text	0x54ebd0	0x54ecf0	288	288	method.std::__codecvt_utf8_utf16_base_char32_t_.virtual_16	native_stub_0054ebd0_method_std_codecvt_utf8_utf16_base_char32_t_virtual_16	native_discovered	18	77	28	0	3	2	6	56	0	method.std::__codecvt_utf8_utf16_base_char32_t_.virtual_16 (int64_t arg1, int64_t arg3, int64_t arg4, int64_t arg6, int64_t arg_40h, int64_t arg_48h);
.text	0x54ed10	0x54ed4b	59	59	fcn.0054ed10	native_stub_0054ed10_fcn_0054ed10	r2_discovered	6	18	7	7	0	0	1	0	0	fcn.0054ed10 (int64_t arg1);
.text	0x54ed60	0x54ee9c	316	316	method.std::__codecvt_utf8_utf16_base_char32_t_.virtual_32	native_stub_0054ed60_method_std_codecvt_utf8_utf16_base_char32_t_virtual_32	native_discovered	19	87	26	0	3	4	7	104	0	method.std::__codecvt_utf8_utf16_base_char32_t_.virtual_32 (int64_t arg1, int64_t arg3, int64_t arg4, int64_t arg5, int64_t arg6, int64_t arg_70h, int64_t arg_78h);
.text	0x54eec0	0x54effc	316	316	method.std::__codecvt_utf8_utf16_base_wchar_t_.virtual_32	native_stub_0054eec0_method_std_codecvt_utf8_utf16_base_wchar_t_virtual_32	native_discovered	19	87	26	0	3	4	7	104	0	method.std::__codecvt_utf8_utf16_base_wchar_t_.virtual_32 (int64_t arg1, int64_t arg3, int64_t arg4, int64_t arg5, int64_t arg6, int64_t arg_70h, int64_t arg_78h);
.text	0x54f020	0x54f0cc	172	172	method.std::__codecvt_utf8_base_char16_t_.virtual_56	native_stub_0054f020_method_std_codecvt_utf8_base_char16_t_virtual_56	native_discovered	8	53	10	0	3	2	3	72	0	method.std::__codecvt_utf8_base_char16_t_.virtual_56 (int64_t arg1, int64_t arg3, int64_t arg4);
.text	0x54f0e0	0x54f1b4	212	212	fcn.0054f0e0	native_stub_0054f0e0_fcn_0054f0e0	r2_discovered	12	62	16	4	4	2	5	88	0	fcn.0054f0e0 (int64_t arg1, int64_t arg2, int64_t arg3, int64_t arg4, int64_t arg5);
.text	0x54f1d0	0x54f1ef	31	31	method.std::codecvt_char16_t__char____mbstate_t_.virtual_56	native_stub_0054f1d0_method_std_codecvt_char16_t_char_mbstate_t_virtual_56	native_discovered	1	11	0	0	1	0	3	8	0	method.std::codecvt_char16_t__char____mbstate_t_.virtual_56 (int64_t arg3, int64_t arg4, int64_t arg5);
.text	0x54f1f0	0x54f20f	31	31	method.std::__codecvt_utf8_utf16_base_char16_t_.virtual_56	native_stub_0054f1f0_method_std_codecvt_utf8_utf16_base_char16_t_virtual_56	native_discovered	1	11	0	0	1	0	4	8	0	method.std::__codecvt_utf8_utf16_base_char16_t_.virtual_56 (int64_t arg1, int64_t arg3, int64_t arg4, int64_t arg5);
.text	0x54f210	0x54f22f	31	31	method.std::__codecvt_utf8_utf16_base_char32_t_.virtual_56	native_stub_0054f210_method_std_codecvt_utf8_utf16_base_char32_t_virtual_56	native_discovered	1	11	0	0	1	0	4	8	0	method.std::__codecvt_utf8_utf16_base_char32_t_.virtual_56 (int64_t arg1, int64_t arg3, int64_t arg4, int64_t arg5);
.text	0x54f230	0x54f24f	31	31	method.std::__codecvt_utf8_utf16_base_wchar_t_.virtual_56	native_stub_0054f230_method_std_codecvt_utf8_utf16_base_wchar_t_virtual_56	native_discovered	1	11	0	0	1	0	4	8	0	method.std::__codecvt_utf8_utf16_base_wchar_t_.virtual_56 (int64_t arg1, int64_t arg3, int64_t arg4, int64_t arg5);
.text	0x54f250	0x54f397	327	327	fcn.0054f250	native_stub_0054f250_fcn_0054f250	r2_discovered	19	110	25	3	2	1	5	56	0	fcn.0054f250 (int64_t arg1, int64_t arg2, int64_t arg3, int64_t arg4, int64_t arg5);
.text	0x54f3b0	0x54f42c	124	124	method.std::codecvt_char16_t__char____mbstate_t_.virtual_32	native_stub_0054f3b0_method_std_codecvt_char16_t_char_mbstate_t_virtual_32	native_discovered	3	31	2	0	2	4	6	72	0	method.std::codecvt_char16_t__char____mbstate_t_.virtual_32 (int64_t arg3, int64_t arg4, int64_t arg5, int64_t arg6, int64_t arg_50h, int64_t arg_58h);
.text	0x54f430	0x54f4af	127	127	method.std::__codecvt_utf8_utf16_base_char16_t_.virtual_32	native_stub_0054f430_method_std_codecvt_utf8_utf16_base_char16_t_virtual_32	native_discovered	3	33	2	0	2	4	7	72	0	method.std::__codecvt_utf8_utf16_base_char16_t_.virtual_32 (int64_t arg1, int64_t arg3, int64_t arg4, int64_t arg5, int64_t arg6, int64_t arg_50h, int64_t arg_58h);
.text	0x54f4b0	0x54f542	146	146	method.std::__codecvt_utf8_base_char16_t_.virtual_32	native_stub_0054f4b0_method_std_codecvt_utf8_base_char16_t_virtual_32	native_discovered	3	37	2	0	2	4	7	72	0	method.std::__codecvt_utf8_base_char16_t_.virtual_32 (int64_t arg1, int64_t arg3, int64_t arg4, int64_t arg5, int64_t arg6, int64_t arg_50h, int64_t arg_58h);
.text	0x54f550	0x54f5ec	156	156	fcn.0054f550	native_stub_0054f550_fcn_0054f550	r2_discovered	8	46	10	3	3	4	5	88	0	fcn.0054f550 (int64_t arg1, int64_t arg2, int64_t arg3, int64_t arg4, int64_t arg5);
.text	0x54f5f0	0x54f60f	31	31	method.std::codecvt_char32_t__char____mbstate_t_.virtual_56	native_stub_0054f5f0_method_std_codecvt_char32_t_char_mbstate_t_virtual_56	native_discovered	1	11	0	0	1	0	3	8	0	method.std::codecvt_char32_t__char____mbstate_t_.virtual_56 (int64_t arg3, int64_t arg4, int64_t arg5);
.text	0x54f610	0x54f62f	31	31	method.std::__codecvt_utf8_base_char32_t_.virtual_56	native_stub_0054f610_method_std_codecvt_utf8_base_char32_t_virtual_56	native_discovered	1	11	0	0	1	0	4	8	0	method.std::__codecvt_utf8_base_char32_t_.virtual_56 (int64_t arg1, int64_t arg3, int64_t arg4, int64_t arg5);
.text	0x54f630	0x54f64f	31	31	method.std::__codecvt_utf8_base_wchar_t_.virtual_56	native_stub_0054f630_method_std_codecvt_utf8_base_wchar_t_virtual_56	native_discovered	1	11	0	0	1	0	4	8	0	method.std::__codecvt_utf8_base_wchar_t_.virtual_56 (int64_t arg1, int64_t arg3, int64_t arg4, int64_t arg5);
.text	0x54f650	0x54f6cd	125	125	fcn.0054f650	native_stub_0054f650_fcn_0054f650	r2_discovered	12	49	16	3	2	0	4	24	0	fcn.0054f650 (int64_t arg1, int64_t arg2, int64_t arg3, int64_t arg4);
.text	0x54f6f0	0x54f766	118	118	method.std::codecvt_char32_t__char____mbstate_t_.virtual_32	native_stub_0054f6f0_method_std_codecvt_char32_t_char_mbstate_t_virtual_32	native_discovered	3	30	2	0	2	4	6	72	0	method.std::codecvt_char32_t__char____mbstate_t_.virtual_32 (int64_t arg3, int64_t arg4, int64_t arg5, int64_t arg6, int64_t arg_50h, int64_t arg_58h);
.text	0x54f770	0x54f7e6	118	118	method.std::__codecvt_utf8_base_char32_t_.virtual_32	native_stub_0054f770_method_std_codecvt_utf8_base_char32_t_virtual_32	native_discovered	3	30	2	0	2	4	7	72	0	method.std::__codecvt_utf8_base_char32_t_.virtual_32 (int64_t arg1, int64_t arg3, int64_t arg4, int64_t arg5, int64_t arg6, int64_t arg_50h, int64_t arg_58h);
.text	0x54f7f0	0x54f866	118	118	method.std::__codecvt_utf8_base_wchar_t_.virtual_32	native_stub_0054f7f0_method_std_codecvt_utf8_base_wchar_t_virtual_32	native_discovered	3	30	2	0	2	4	7	72	0	method.std::__codecvt_utf8_base_wchar_t_.virtual_32 (int64_t arg1, int64_t arg3, int64_t arg4, int64_t arg5, int64_t arg6, int64_t arg_50h, int64_t arg_58h);
.text	0x54f870	0x54f91a	170	170	method.std::codecvt_char32_t__char____mbstate_t_.virtual_16	native_stub_0054f870_method_std_codecvt_char32_t_char_mbstate_t_virtual_16	native_discovered	14	49	18	0	2	2	6	40	0	method.std::codecvt_char32_t__char____mbstate_t_.virtual_16 (uint32_t arg3, int64_t arg4, int64_t arg5, int64_t arg6, int64_t arg_30h, int64_t arg_38h);
.text	0x54f930	0x54f9eb	187	187	method.std::__codecvt_utf16_base_char32_t_.virtual_16	native_stub_0054f930_method_std_codecvt_utf16_base_char32_t_virtual_16	native_discovered	12	57	15	0	3	2	7	72	0	method.std::__codecvt_utf16_base_char32_t_.virtual_16 (int64_t arg1, int64_t arg3, int64_t arg4, int64_t arg5, int64_t arg6, int64_t arg_50h, int64_t arg_58h);
.text	0x54fa00	0x54fa91	145	145	method.std::__codecvt_utf8_utf16_base_char16_t_.virtual_16	native_stub_0054fa00_method_std_codecvt_utf8_utf16_base_char16_t_virtual_16	native_discovered	7	39	8	0	3	4	7	72	0	method.std::__codecvt_utf8_utf16_base_char16_t_.virtual_16 (int64_t arg1, int64_t arg3, int64_t arg4, int64_t arg5, int64_t arg6, int64_t arg_50h, int64_t arg_58h);
.text	0x54faa0	0x54fb40	160	160	method.std::__codecvt_utf16_base_char32_t_.virtual_56	native_stub_0054faa0_method_std_codecvt_utf16_base_char32_t_virtual_56	native_discovered	6	46	7	0	3	4	4	72	0	method.std::__codecvt_utf16_base_char32_t_.virtual_56 (int64_t arg1, int64_t arg3, int64_t arg4, int64_t arg5);
.text	0x54fb40	0x54fbfb	187	187	method.std::__codecvt_utf16_base_wchar_t_.virtual_16	native_stub_0054fb40_method_std_codecvt_utf16_base_wchar_t_virtual_16	native_discovered	12	57	15	0	3	2	7	72	0	method.std::__codecvt_utf16_base_wchar_t_.virtual_16 (int64_t arg1, int64_t arg3, int64_t arg4, int64_t arg5, int64_t arg6, int64_t arg_50h, int64_t arg_58h);
.text	0x54ff00	0x54ff7a	122	122	fcn.0054ff00	native_stub_0054ff00_fcn_0054ff00	r2_discovered	7	40	7	16	3	0	11	16	0	fcn.0054ff00 (int64_t arg1, int64_t arg2, uint32_t arg3, int64_t arg4, int64_t arg5, int64_t arg6, int64_t arg7, int64_t arg8, int64_t arg9, int64_t arg10, int64_t arg11);
.text	0x550870	0x5508fc	140	140	fcn.00550870	native_stub_00550870_fcn_00550870	r2_discovered	8	35	11	5	2	0	2	48	0	fcn.00550870 (uint32_t arg1, uint32_t arg2);
.text	0x550900	0x550976	118	118	fcn.00550900	native_stub_00550900_fcn_00550900	r2_discovered	8	36	10	3	2	0	2	40	0	fcn.00550900 (int64_t arg1, int64_t arg2);
.text	0x5509a0	0x5509b6	22	22	fcn.005509a0	native_stub_005509a0_fcn_005509a0	r2_discovered	1	9	0	1	1	0	4	8	0	fcn.005509a0 (int64_t arg1, int64_t arg2, int64_t arg3, int64_t arg4);
.text	0x5509d0	0x5509d5	5	5	fcn.005509d0	native_stub_005509d0_fcn_005509d0	r2_discovered	1	1	1	19	0	0	0	0	0	fcn.005509d0 ();
.text	0x5509e0	0x550a0c	44	44	fcn.005509e0	native_stub_005509e0_fcn_005509e0	r2_discovered	5	13	7	1	0	0	1	0	0	fcn.005509e0 (int64_t arg1);
.text	0x550a60	0x550a9c	60	60	fcn.00550a60	native_stub_00550a60_fcn_00550a60	r2_discovered	5	20	4	13	1	0	1	8	0	fcn.00550a60 (int64_t arg1);
.text	0x550d00	0x550d9f	159	159	fcn.00550d00	native_stub_00550d00_fcn_00550d00	r2_discovered	7	51	8	11	3	0	5	40	0	fcn.00550d00 (int64_t arg1, int64_t arg2, int64_t arg3, int64_t arg4, int64_t arg5);
.text	0x5512a0	0x551362	194	194	fcn.005512a0	native_stub_005512a0_fcn_005512a0	r2_discovered	13	56	17	7	3	0	3	40	0	fcn.005512a0 (uint32_t arg1, uint32_t arg2, int64_t arg3);
.text	0x5514e0	0x551571	145	145	fcn.005514e0	native_stub_005514e0_fcn_005514e0	r2_discovered	9	50	11	1	2	0	2	40	0	fcn.005514e0 (uint32_t arg1, int64_t arg2);
.text	0x5515b0	0x551735	389	389	fcn.005515b0	native_stub_005515b0_fcn_005515b0	r2_discovered	15	123	17	4	8	0	2	80	0	fcn.005515b0 (uint32_t arg1, int64_t arg2);
.text	0x551750	0x551806	182	182	fcn.00551750	native_stub_00551750_fcn_00551750	r2_discovered	11	57	14	6	3	0	2	64	0	fcn.00551750 (uint32_t arg1, int64_t arg2);
.text	0x551820	0x551840	32	32	fcn.00551820	native_stub_00551820_fcn_00551820	r2_discovered	1	13	0	5	1	0	3	0	0	fcn.00551820 (int64_t arg1, int64_t arg2, int64_t arg4);
.text	0x551a70	0x551a79	9	9	method.std::moneypunct_char__false_.virtual_16	native_stub_00551a70_method_std_moneypunct_char_false_virtual_16	native_discovered	1	3	0	0	0	0	1	0	0	method.std::moneypunct_char__false_.virtual_16 (int64_t arg1);
.text	0x551a80	0x551a89	9	9	method.std::moneypunct_char__false_.virtual_24	native_stub_00551a80_method_std_moneypunct_char_false_virtual_24	native_discovered	1	3	0	0	0	0	1	0	0	method.std::moneypunct_char__false_.virtual_24 (int64_t arg1);
.text	0x551a90	0x551a98	8	8	method.std::moneypunct_char__false_.virtual_64	native_stub_00551a90_method_std_moneypunct_char_false_virtual_64	native_discovered	1	3	0	0	0	0	1	0	0	method.std::moneypunct_char__false_.virtual_64 (int64_t arg1);
.text	0x551aa0	0x551ad5	53	53	method.std::moneypunct_char__false_.virtual_72	native_stub_00551aa0_method_std_moneypunct_char_false_virtual_72	native_discovered	3	12	2	0	1	1	1	24	0	method.std::moneypunct_char__false_.virtual_72 (int64_t arg1);
.text	0x551ae0	0x551b15	53	53	method.std::moneypunct_char__false_.virtual_80	native_stub_00551ae0_method_std_moneypunct_char_false_virtual_80	native_discovered	3	12	2	0	1	1	1	24	0	method.std::moneypunct_char__false_.virtual_80 (int64_t arg1);
.text	0x551b20	0x551b29	9	9	method.std::moneypunct_char__true_.virtual_16	native_stub_00551b20_method_std_moneypunct_char_true_virtual_16	native_discovered	1	3	0	0	0	0	1	0	0	method.std::moneypunct_char__true_.virtual_16 (int64_t arg1);
.text	0x551b30	0x551b39	9	9	method.std::moneypunct_char__true_.virtual_24	native_stub_00551b30_method_std_moneypunct_char_true_virtual_24	native_discovered	1	3	0	0	0	0	1	0	0	method.std::moneypunct_char__true_.virtual_24 (int64_t arg1);
.text	0x551b40	0x551b48	8	8	method.std::moneypunct_char__true_.virtual_64	native_stub_00551b40_method_std_moneypunct_char_true_virtual_64	native_discovered	1	3	0	0	0	0	1	0	0	method.std::moneypunct_char__true_.virtual_64 (int64_t arg1);
.text	0x551b50	0x551b85	53	53	method.std::moneypunct_char__true_.virtual_72	native_stub_00551b50_method_std_moneypunct_char_true_virtual_72	native_discovered	3	12	2	0	1	1	1	24	0	method.std::moneypunct_char__true_.virtual_72 (int64_t arg1);
.text	0x551b90	0x551bc5	53	53	method.std::moneypunct_char__true_.virtual_80	native_stub_00551b90_method_std_moneypunct_char_true_virtual_80	native_discovered	3	12	2	0	1	1	1	24	0	method.std::moneypunct_char__true_.virtual_80 (int64_t arg1);
.text	0x551bd0	0x551be3	19	19	method.std::moneypunct_byname_char__false_.virtual_0	native_stub_00551bd0_method_std_moneypunct_byname_char_false_virtual_0	native_discovered	1	4	1	0	0	0	1	0	0	method.std::moneypunct_byname_char__false_.virtual_0 (int64_t arg1);
.text	0x551bf0	0x551c03	19	19	method.std::moneypunct_byname_char__true_.virtual_0	native_stub_00551bf0_method_std_moneypunct_byname_char_true_virtual_0	native_discovered	1	4	1	0	0	0	1	0	0	method.std::moneypunct_byname_char__true_.virtual_0 (int64_t arg1);
.text	0x551c10	0x551c19	9	9	method.std::numpunct_char_.virtual_16	native_stub_00551c10_method_std_numpunct_char_virtual_16	native_discovered	1	3	0	0	0	0	1	0	0	method.std::numpunct_char_.virtual_16 (int64_t arg1);
.text	0x551c20	0x551c29	9	9	method.std::numpunct_char_.virtual_24	native_stub_00551c20_method_std_numpunct_char_virtual_24	native_discovered	1	3	0	0	0	0	1	0	0	method.std::numpunct_char_.virtual_24 (int64_t arg1);
.text	0x551c30	0x551c43	19	19	method.std::numpunct_byname_char_.virtual_0	native_stub_00551c30_method_std_numpunct_byname_char_virtual_0	native_discovered	1	4	1	0	0	0	1	0	0	method.std::numpunct_byname_char_.virtual_0 (int64_t arg1);
.text	0x551c50	0x551c53	3	3	method.std::time_get_char__std::istreambuf_iterator_char__std::char_traits_char_____.virtual_16	native_stub_00551c50_method_std_time_get_char_std_istreambuf_iterator_char_std_char_traits_ch	native_discovered	1	2	0	0	0	0	0	0	0	method.std::time_get_char__std::istreambuf_iterator_char__std::char_traits_char_____.virtual_16 ();
.text	0x551c60	0x551c88	40	40	method.std::collate_char_.virtual_32	native_stub_00551c60_method_std_collate_char_virtual_32	native_discovered	5	12	5	0	0	0	2	0	0	method.std::collate_char_.virtual_32 (uint32_t arg2, int64_t arg3);
.text	0x551ca0	0x551cb3	19	19	method.std::money_get_char__std::istreambuf_iterator_char__std::char_traits_char_____.virtual_0	native_stub_00551ca0_method_std_money_get_char_std_istreambuf_iterator_char_std_char_traits_c	native_discovered	1	4	1	0	0	0	1	0	0	method.std::money_get_char__std::istreambuf_iterator_char__std::char_traits_char_____.virtual_0 (int64_t arg1);
.text	0x551cc0	0x551cd3	19	19	method.std::money_put_char__std::ostreambuf_iterator_char__std::char_traits_char_____.virtual_0	native_stub_00551cc0_method_std_money_put_char_std_ostreambuf_iterator_char_std_char_traits_c	native_discovered	1	4	1	0	0	0	1	0	0	method.std::money_put_char__std::ostreambuf_iterator_char__std::char_traits_char_____.virtual_0 (int64_t arg1);
.text	0x551ce0	0x551d2e	78	78	fcn.00551ce0	native_stub_00551ce0_fcn_00551ce0	r2_discovered	8	22	11	1	3	0	1	8	0	fcn.00551ce0 (uint32_t arg1);
.text	0x551d30	0x551d43	19	19	method.std::num_get_char__std::istreambuf_iterator_char__std::char_traits_char_____.virtual_0	native_stub_00551d30_method_std_num_get_char_std_istreambuf_iterator_char_std_char_traits_cha	native_discovered	1	4	1	0	0	0	1	0	0	method.std::num_get_char__std::istreambuf_iterator_char__std::char_traits_char_____.virtual_0 (int64_t arg1);
.text	0x551d50	0x551d63	19	19	method.std::num_put_char__std::ostreambuf_iterator_char__std::char_traits_char_____.virtual_0	native_stub_00551d50_method_std_num_put_char_std_ostreambuf_iterator_char_std_char_traits_cha	native_discovered	1	4	1	0	0	0	1	0	0	method.std::num_put_char__std::ostreambuf_iterator_char__std::char_traits_char_____.virtual_0 (int64_t arg1);
.text	0x551d70	0x551d83	19	19	fcn.00551d70	native_stub_00551d70_fcn_00551d70	r2_discovered	1	4	0	1	0	0	1	0	0	fcn.00551d70 (int64_t arg1);
.text	0x551d90	0x551da3	19	19	method.std::time_put_char__std::ostreambuf_iterator_char__std::char_traits_char_____.virtual_0	native_stub_00551d90_method_std_time_put_char_std_ostreambuf_iterator_char_std_char_traits_ch	native_discovered	1	4	1	0	0	0	1	0	0	method.std::time_put_char__std::ostreambuf_iterator_char__std::char_traits_char_____.virtual_0 (int64_t arg1);
.text	0x551db0	0x551dc3	19	19	method.std::time_put_byname_char__std::ostreambuf_iterator_char__std::char_traits_char_____.virtual_0	native_stub_00551db0_method_std_time_put_byname_char_std_ostreambuf_iterator_char_std_char_tr	native_discovered	1	4	1	0	0	0	1	0	0	method.std::time_put_byname_char__std::ostreambuf_iterator_char__std::char_traits_char_____.virtual_0 (int64_t arg1);
.text	0x551dd0	0x551de3	19	19	method.std::time_get_char__std::istreambuf_iterator_char__std::char_traits_char_____.virtual_0	native_stub_00551dd0_method_std_time_get_char_std_istreambuf_iterator_char_std_char_traits_ch	native_discovered	1	4	1	0	0	0	1	0	0	method.std::time_get_char__std::istreambuf_iterator_char__std::char_traits_char_____.virtual_0 (int64_t arg1);
.text	0x551df0	0x551e03	19	19	method.std::time_get_byname_char__std::istreambuf_iterator_char__std::char_traits_char_____.virtual_0	native_stub_00551df0_method_std_time_get_byname_char_std_istreambuf_iterator_char_std_char_tr	native_discovered	1	4	1	0	0	0	1	0	0	method.std::time_get_byname_char__std::istreambuf_iterator_char__std::char_traits_char_____.virtual_0 (int64_t arg1);
.text	0x551e10	0x551e30	32	32	method.std::moneypunct_byname_char__false_.virtual_8	native_stub_00551e10_method_std_moneypunct_byname_char_false_virtual_8	native_discovered	1	9	0	0	1	0	1	8	0	method.std::moneypunct_byname_char__false_.virtual_8 (int64_t arg1);
.text	0x551e30	0x551e50	32	32	method.std::moneypunct_byname_char__true_.virtual_8	native_stub_00551e30_method_std_moneypunct_byname_char_true_virtual_8	native_discovered	1	9	0	0	1	0	1	8	0	method.std::moneypunct_byname_char__true_.virtual_8 (int64_t arg1);
.text	0x551e50	0x551e70	32	32	method.std::money_get_char__std::istreambuf_iterator_char__std::char_traits_char_____.virtual_8	native_stub_00551e50_method_std_money_get_char_std_istreambuf_iterator_char_std_char_traits_c	native_discovered	1	9	0	0	1	0	1	8	0	method.std::money_get_char__std::istreambuf_iterator_char__std::char_traits_char_____.virtual_8 (int64_t arg1);
.text	0x551e70	0x551e90	32	32	method.std::money_put_char__std::ostreambuf_iterator_char__std::char_traits_char_____.virtual_8	native_stub_00551e70_method_std_money_put_char_std_ostreambuf_iterator_char_std_char_traits_c	native_discovered	1	9	0	0	1	0	1	8	0	method.std::money_put_char__std::ostreambuf_iterator_char__std::char_traits_char_____.virtual_8 (int64_t arg1);
.text	0x551e90	0x551ea2	18	18	method.std::__numpunct_cache_char_.virtual_8	native_stub_00551e90_method_std_numpunct_cache_char_virtual_8	native_discovered	1	6	0	0	1	0	1	8	0	method.std::__numpunct_cache_char_.virtual_8 (int64_t arg1);
.text	0x551eb0	0x551ed0	32	32	method.std::numpunct_byname_char_.virtual_8	native_stub_00551eb0_method_std_numpunct_byname_char_virtual_8	native_discovered	1	9	0	0	1	0	1	8	0	method.std::numpunct_byname_char_.virtual_8 (int64_t arg1);
.text	0x551ed0	0x551ef0	32	32	method.std::num_get_char__std::istreambuf_iterator_char__std::char_traits_char_____.virtual_8	native_stub_00551ed0_method_std_num_get_char_std_istreambuf_iterator_char_std_char_traits_cha	native_discovered	1	9	0	0	1	0	1	8	0	method.std::num_get_char__std::istreambuf_iterator_char__std::char_traits_char_____.virtual_8 (int64_t arg1);
.text	0x551ef0	0x551f10	32	32	method.std::num_put_char__std::ostreambuf_iterator_char__std::char_traits_char_____.virtual_8	native_stub_00551ef0_method_std_num_put_char_std_ostreambuf_iterator_char_std_char_traits_cha	native_discovered	1	9	0	0	1	0	1	8	0	method.std::num_put_char__std::ostreambuf_iterator_char__std::char_traits_char_____.virtual_8 (int64_t arg1);
.text	0x551f10	0x551f22	18	18	method.std::__timepunct_cache_char_.virtual_8	native_stub_00551f10_method_std_timepunct_cache_char_virtual_8	native_discovered	1	6	0	0	1	0	1	8	0	method.std::__timepunct_cache_char_.virtual_8 (int64_t arg1);
.text	0x551f30	0x551f50	32	32	method.std::time_put_char__std::ostreambuf_iterator_char__std::char_traits_char_____.virtual_8	native_stub_00551f30_method_std_time_put_char_std_ostreambuf_iterator_char_std_char_traits_ch	native_discovered	1	9	0	0	1	0	1	8	0	method.std::time_put_char__std::ostreambuf_iterator_char__std::char_traits_char_____.virtual_8 (int64_t arg1);
.text	0x551f50	0x551f70	32	32	method.std::time_put_byname_char__std::ostreambuf_iterator_char__std::char_traits_char_____.virtual_8	native_stub_00551f50_method_std_time_put_byname_char_std_ostreambuf_iterator_char_std_char_tr	native_discovered	1	9	0	0	1	0	1	8	0	method.std::time_put_byname_char__std::ostreambuf_iterator_char__std::char_traits_char_____.virtual_8 (int64_t arg1);
.text	0x551f70	0x551f90	32	32	method.std::time_get_char__std::istreambuf_iterator_char__std::char_traits_char_____.virtual_8	native_stub_00551f70_method_std_time_get_char_std_istreambuf_iterator_char_std_char_traits_ch	native_discovered	1	9	0	0	1	0	1	8	0	method.std::time_get_char__std::istreambuf_iterator_char__std::char_traits_char_____.virtual_8 (int64_t arg1);
.text	0x551f90	0x551fb0	32	32	method.std::time_get_byname_char__std::istreambuf_iterator_char__std::char_traits_char_____.virtual_8	native_stub_00551f90_method_std_time_get_byname_char_std_istreambuf_iterator_char_std_char_tr	native_discovered	1	9	0	0	1	0	1	8	0	method.std::time_get_byname_char__std::istreambuf_iterator_char__std::char_traits_char_____.virtual_8 (int64_t arg1);
.text	0x551fb0	0x551ff8	72	72	method.std::moneypunct_char__false_.virtual_32	native_stub_00551fb0_method_std_moneypunct_char_false_virtual_32	native_discovered	3	18	2	0	2	2	2	24	0	method.std::moneypunct_char__false_.virtual_32 (int64_t arg1, int64_t arg2);
.text	0x552000	0x552048	72	72	method.std::moneypunct_char__false_.virtual_40	native_stub_00552000_method_std_moneypunct_char_false_virtual_40	native_discovered	3	18	2	0	2	2	2	24	0	method.std::moneypunct_char__false_.virtual_40 (int64_t arg1, int64_t arg2);
.text	0x552050	0x552098	72	72	method.std::moneypunct_char__false_.virtual_48	native_stub_00552050_method_std_moneypunct_char_false_virtual_48	native_discovered	3	18	2	0	2	2	2	24	0	method.std::moneypunct_char__false_.virtual_48 (int64_t arg1, int64_t arg2);
.text	0x5520a0	0x5520e8	72	72	method.std::moneypunct_char__false_.virtual_56	native_stub_005520a0_method_std_moneypunct_char_false_virtual_56	native_discovered	3	18	2	0	2	2	2	24	0	method.std::moneypunct_char__false_.virtual_56 (int64_t arg1, int64_t arg2);
.text	0x5520f0	0x552138	72	72	method.std::moneypunct_char__true_.virtual_32	native_stub_005520f0_method_std_moneypunct_char_true_virtual_32	native_discovered	3	18	2	0	2	2	2	24	0	method.std::moneypunct_char__true_.virtual_32 (int64_t arg1, int64_t arg2);
.text	0x552140	0x552188	72	72	method.std::moneypunct_char__true_.virtual_40	native_stub_00552140_method_std_moneypunct_char_true_virtual_40	native_discovered	3	18	2	0	2	2	2	24	0	method.std::moneypunct_char__true_.virtual_40 (int64_t arg1, int64_t arg2);
.text	0x552190	0x5521d8	72	72	method.std::moneypunct_char__true_.virtual_48	native_stub_00552190_method_std_moneypunct_char_true_virtual_48	native_discovered	3	18	2	0	2	2	2	24	0	method.std::moneypunct_char__true_.virtual_48 (int64_t arg1, int64_t arg2);
.text	0x5521e0	0x552228	72	72	method.std::moneypunct_char__true_.virtual_56	native_stub_005521e0_method_std_moneypunct_char_true_virtual_56	native_discovered	3	18	2	0	2	2	2	24	0	method.std::moneypunct_char__true_.virtual_56 (int64_t arg1, int64_t arg2);
.text	0x552230	0x552278	72	72	method.std::numpunct_char_.virtual_32	native_stub_00552230_method_std_numpunct_char_virtual_32	native_discovered	3	18	2	0	2	2	2	24	0	method.std::numpunct_char_.virtual_32 (int64_t arg1, int64_t arg2);
.text	0x552280	0x5522c8	72	72	method.std::numpunct_char_.virtual_40	native_stub_00552280_method_std_numpunct_char_virtual_40	native_discovered	3	18	2	0	2	2	2	24	0	method.std::numpunct_char_.virtual_40 (int64_t arg1, int64_t arg2);
.text	0x5522d0	0x552318	72	72	method.std::numpunct_char_.virtual_48	native_stub_005522d0_method_std_numpunct_char_virtual_48	native_discovered	3	18	2	0	2	2	2	24	0	method.std::numpunct_char_.virtual_48 (int64_t arg1, int64_t arg2);
.text	0x552320	0x552345	37	37	method.std::collate_char_.virtual_0	native_stub_00552320_method_std_collate_char_virtual_0	native_discovered	1	10	1	0	1	0	1	8	0	method.std::collate_char_.virtual_0 (int64_t arg1);
.text	0x552350	0x55237d	45	45	method.std::collate_char_.virtual_8	native_stub_00552350_method_std_collate_char_virtual_8	native_discovered	1	12	0	0	2	0	1	8	0	method.std::collate_char_.virtual_8 (int64_t arg1);
.text	0x552380	0x5523a5	37	37	method.std::collate_byname_char_.virtual_0	native_stub_00552380_method_std_collate_byname_char_virtual_0	native_discovered	1	10	1	0	1	0	1	8	0	method.std::collate_byname_char_.virtual_0 (int64_t arg1);
.text	0x5523b0	0x5523c7	23	23	method.std::collate_byname_char_.virtual_8	native_stub_005523b0_method_std_collate_byname_char_virtual_8	native_discovered	1	6	1	0	0	0	1	8	0	method.std::collate_byname_char_.virtual_8 (int64_t arg1);
.text	0x5523c7	0x5523dd	22	22	fcn.005523c7	native_stub_005523c7_fcn_005523c7	r2_discovered	1	6	0	1	2	0	0	0	0	fcn.005523c7 ();
.text	0x5523e0	0x552438	88	88	fcn.005523e0	native_stub_005523e0_fcn_005523e0	r2_discovered	6	27	8	1	4	0	1	24	0	fcn.005523e0 (int64_t arg1);
.text	0x552440	0x552452	18	18	method.std::__timepunct_char_.virtual_8	native_stub_00552440_method_std_timepunct_char_virtual_8	native_discovered	1	6	0	0	1	0	1	8	0	method.std::__timepunct_char_.virtual_8 (int64_t arg1);
.text	0x552460	0x5524a9	73	73	fcn.00552460	native_stub_00552460_fcn_00552460	r2_discovered	4	22	5	6	3	0	1	24	0	fcn.00552460 (int64_t arg1);
.text	0x5524b0	0x5524c2	18	18	method.std::messages_char_.virtual_8	native_stub_005524b0_method_std_messages_char_virtual_8	native_discovered	1	6	0	0	1	0	1	8	0	method.std::messages_char_.virtual_8 (int64_t arg1);
.text	0x5524d0	0x5524e3	19	19	method.std::messages_byname_char_.virtual_0	native_stub_005524d0_method_std_messages_byname_char_virtual_0	native_discovered	1	4	1	0	0	0	1	0	0	method.std::messages_byname_char_.virtual_0 (int64_t arg1);
.text	0x5524f0	0x552510	32	32	method.std::messages_byname_char_.virtual_8	native_stub_005524f0_method_std_messages_byname_char_virtual_8	native_discovered	1	9	0	0	1	0	1	8	0	method.std::messages_byname_char_.virtual_8 (int64_t arg1);
.text	0x552510	0x552523	19	19	method.std::codecvt_byname_char__char____mbstate_t_.virtual_0	native_stub_00552510_method_std_codecvt_byname_char_char_mbstate_t_virtual_0	native_discovered	1	4	1	0	0	0	1	0	0	method.std::codecvt_byname_char__char____mbstate_t_.virtual_0 (int64_t arg1);
.text	0x552530	0x552550	32	32	method.std::codecvt_byname_char__char____mbstate_t_.virtual_8	native_stub_00552530_method_std_codecvt_byname_char_char_mbstate_t_virtual_8	native_discovered	1	9	0	0	1	0	1	8	0	method.std::codecvt_byname_char__char____mbstate_t_.virtual_8 (int64_t arg1);
.text	0x552550	0x55257c	44	44	fcn.00552550	native_stub_00552550_fcn_00552550	r2_discovered	5	13	7	71	0	0	1	0	0	fcn.00552550 (int64_t arg1);
.text	0x552590	0x5526d7	327	327	method.std::collate_char_.virtual_16	native_stub_00552590_method_std_collate_char_virtual_16	native_discovered	17	98	24	0	8	7	5	120	0	method.std::collate_char_.virtual_16 (int64_t arg1, int64_t arg2, int64_t arg3, int64_t arg4, int64_t arg5);
.text	0x552720	0x552758	56	56	fcn.00552720	native_stub_00552720_fcn_00552720	r2_discovered	3	21	2	6	1	0	2	24	0	fcn.00552720 (int64_t arg1, int64_t arg2);
.text	0x552760	0x5528f6	406	406	method.std::collate_char_.virtual_24	native_stub_00552760_method_std_collate_char_virtual_24	native_discovered	14	115	19	0	12	8	4	136	0	method.std::collate_char_.virtual_24 (int64_t arg1, int64_t arg2, int64_t arg3, int64_t arg4);
.text	0x553b6f	0x553bbc	77	77	fcn.00553b6f	native_stub_00553b6f_fcn_00553b6f	r2_discovered	5	24	5	1	4	0	1	0	0	fcn.00553b6f (int64_t arg_8h);
.text	0x553d30	0x553d78	72	72	fcn.00553d30	native_stub_00553d30_fcn_00553d30	r2_discovered	1	22	0	1	2	0	3	24	0	fcn.00553d30 (int64_t arg1, int64_t arg2, int64_t arg3);
.text	0x553fb0	0x554038	136	136	fcn.00553fb0	native_stub_00553fb0_fcn_00553fb0	r2_discovered	1	26	0	1	0	0	2	0	0	fcn.00553fb0 (int64_t arg1, int64_t arg2);
.text	0x554040	0x5540c8	136	136	fcn.00554040	native_stub_00554040_fcn_00554040	r2_discovered	1	26	0	1	0	0	2	0	0	fcn.00554040 (int64_t arg1, int64_t arg2);
.text	0x554420	0x55445b	59	59	fcn.00554420	native_stub_00554420_fcn_00554420	r2_discovered	1	19	0	4	2	0	2	24	0	fcn.00554420 (int64_t arg1, int64_t arg2);
.text	0x554470	0x554506	150	150	fcn.00554470	native_stub_00554470_fcn_00554470	r2_discovered	4	43	4	1	6	1	4	40	0	fcn.00554470 (int64_t arg1, int64_t arg2, int64_t arg3, int64_t arg4);
.text	0x554b00	0x554de0	736	736	fcn.00554b00	native_stub_00554b00_fcn_00554b00	r2_discovered	37	197	58	45	7	8	3	144	0	fcn.00554b00 (int64_t arg1, int64_t arg_80h, int64_t arg_88h);
.text	0x554e20	0x5551f9	985	985	fcn.00554e20	native_stub_00554e20_fcn_00554e20	r2_discovered	53	227	80	12	5	7	10	120	0	fcn.00554e20 (int64_t arg2, int64_t arg3, int64_t arg4, int64_t arg5, int64_t arg6, signed int64_t arg_80h, signed int64_t arg_88h, uint32_t arg_90h, int64_t arg_98h, int64_t arg_a0h);
.text	0x555240	0x5553f9	441	441	method.std::time_get_char__std::istreambuf_iterator_char__std::char_traits_char_____.virtual_56	native_stub_00555240_method_std_time_get_char_std_istreambuf_iterator_char_std_char_traits_ch	native_discovered	22	120	33	0	5	7	8	152	0	method.std::time_get_char__std::istreambuf_iterator_char__std::char_traits_char_____.virtual_56 (int64_t arg1, int64_t arg2, int64_t arg3, int64_t arg4, int64_t arg5, int64_t arg6, int64_t arg_70h, uint32_t arg_78h);
.text	0x555410	0x5554b0	160	160	fcn.00555410	native_stub_00555410_fcn_00555410	r2_discovered	11	44	15	4	8	0	1	144	0	fcn.00555410 (int64_t arg1);
.text	0x5554b0	0x555500	80	80	fcn.005554b0	native_stub_005554b0_fcn_005554b0	r2_discovered	6	22	8	1	4	0	1	0	0	fcn.005554b0 (int64_t arg1);
.text	0x555500	0x5557da	730	730	fcn.00555500	native_stub_00555500_fcn_00555500	r2_discovered	28	179	38	7	17	7	2	0	0	fcn.00555500 (int64_t arg1, int64_t arg2);
.text	0x555910	0x555960	80	80	fcn.00555910	native_stub_00555910_fcn_00555910	r2_discovered	6	22	8	1	4	0	1	144	0	fcn.00555910 (int64_t arg1);
.text	0x555960	0x5559b0	80	80	fcn.00555960	native_stub_00555960_fcn_00555960	r2_discovered	6	22	8	1	4	0	1	0	0	fcn.00555960 (int64_t arg1);
.text	0x5559b0	0x555a00	80	80	fcn.005559b0	native_stub_005559b0_fcn_005559b0	r2_discovered	6	22	8	1	4	0	1	0	0	fcn.005559b0 (uint32_t arg1);
.text	0x555a00	0x555dcb	971	971	fcn.00555a00	native_stub_00555a00_fcn_00555a00	r2_discovered	42	237	57	3	20	9	2	0	0	fcn.00555a00 (int64_t arg1, uint32_t arg2);
.text	0x555f90	0x555fe0	80	80	fcn.00555f90	native_stub_00555f90_fcn_00555f90	r2_discovered	6	22	8	1	4	1	1	128	0	fcn.00555f90 (uint32_t arg1);
.text	0x555fe0	0x5563ab	971	971	fcn.00555fe0	native_stub_00555fe0_fcn_00555fe0	r2_discovered	42	237	57	3	20	9	2	120	0	fcn.00555fe0 (int64_t arg1, uint32_t arg2);
.text	0x556610	0x5567da	458	458	fcn.00556610	native_stub_00556610_fcn_00556610	r2_discovered	19	119	25	11	10	7	3	240	0	fcn.00556610 (int64_t arg1, int64_t arg_f0h, int64_t arg_f8h);
.text	0x5568e0	0x556928	72	72	fcn.005568e0	native_stub_005568e0_fcn_005568e0	r2_discovered	4	21	5	1	2	0	1	8	0	fcn.005568e0 (int64_t arg1);
.text	0x556930	0x556978	72	72	fcn.00556930	native_stub_00556930_fcn_00556930	r2_discovered	4	21	5	2	2	0	1	8	0	fcn.00556930 (int64_t arg1);
.text	0x556a20	0x556a68	72	72	fcn.00556a20	native_stub_00556a20_fcn_00556a20	r2_discovered	4	21	5	2	2	0	1	8	0	fcn.00556a20 (int64_t arg1);
.text	0x556a70	0x556ab8	72	72	fcn.00556a70	native_stub_00556a70_fcn_00556a70	r2_discovered	4	21	5	2	2	0	1	8	0	fcn.00556a70 (int64_t arg1);
.text	0x556cf0	0x556e3a	330	330	fcn.00556cf0	native_stub_00556cf0_fcn_00556cf0	r2_discovered	24	100	37	7	0	0	6	24	0	fcn.00556cf0 (int64_t arg1, int64_t arg2, int64_t arg3, uint32_t arg4, uint32_t arg5, uint32_t arg6);
.text	0x556e50	0x556eea	154	154	fcn.00556e50	native_stub_00556e50_fcn_00556e50	r2_discovered	5	57	5	2	3	0	6	40	0	fcn.00556e50 (int64_t arg2, int64_t arg3, int64_t arg5, int64_t arg6, int64_t arg_30h, int64_t arg_38h);
.text	0x556f00	0x556f3a	58	58	fcn.00556f00	native_stub_00556f00_fcn_00556f00	r2_discovered	1	20	0	4	1	0	5	24	0	fcn.00556f00 (int64_t arg2, int64_t arg3, int64_t arg6, int64_t arg_20h, int64_t arg_28h);
.text	0x556f40	0x5571b9	633	633	fcn.00556f40	native_stub_00556f40_fcn_00556f40	r2_discovered	36	169	57	1	8	1	6	72	0	fcn.00556f40 (int64_t arg1, int64_t arg2, int64_t arg3, void *s2, int64_t arg5, size_t n);
.text	0x5571e0	0x55720f	47	47	fcn.005571e0	native_stub_005571e0_fcn_005571e0	r2_discovered	1	17	0	6	1	0	5	24	0	fcn.005571e0 (int64_t arg3, int64_t arg4, int64_t arg5, int64_t arg6, int64_t arg_20h);
.text	0x557210	0x5572c6	182	182	fcn.00557210	native_stub_00557210_fcn_00557210	r2_discovered	11	52	15	2	0	0	4	0	0	fcn.00557210 (int64_t arg1, int64_t arg2, int64_t arg3, uint32_t arg4);
.text	0x5572d0	0x557386	182	182	fcn.005572d0	native_stub_005572d0_fcn_005572d0	r2_discovered	11	52	15	2	0	0	4	0	0	fcn.005572d0 (int64_t arg1, int64_t arg2, int64_t arg3, uint32_t arg4);
.text	0x557390	0x557474	228	228	fcn.00557390	native_stub_00557390_fcn_00557390	r2_discovered	3	56	2	2	4	0	1	40	0	fcn.00557390 (int64_t arg2);
.text	0x5574b0	0x5579aa	1274	1274	fcn.005574b0	native_stub_005574b0_fcn_005574b0	r2_discovered	55	295	79	2	26	18	5	184	0	fcn.005574b0 (int64_t arg2, int64_t arg3, int64_t arg4, uint32_t arg5, int64_t arg6);
.text	0x557a40	0x557b24	228	228	fcn.00557a40	native_stub_00557a40_fcn_00557a40	r2_discovered	3	56	2	2	4	0	1	40	0	fcn.00557a40 (int64_t arg2);
.text	0x557b60	0x55804f	1263	1263	fcn.00557b60	native_stub_00557b60_fcn_00557b60	r2_discovered	53	291	76	2	26	18	5	184	0	fcn.00557b60 (int64_t arg2, int64_t arg3, int64_t arg4, uint32_t arg5, int64_t arg6);
.text	0x5580e0	0x558297	439	439	method.std::money_put_char__std::ostreambuf_iterator_char__std::char_traits_char_____.virtual_16	native_stub_005580e0_method_std_money_put_char_std_ostreambuf_iterator_char_std_char_traits_c	native_discovered	12	123	15	0	14	14	8	248	0	method.std::money_put_char__std::ostreambuf_iterator_char__std::char_traits_char_____.virtual_16 (int64_t arg1, int64_t arg2, int64_t arg3, uint32_t arg4, int64_t arg5, int64_t arg6, int64_t arg_10h, int64_t arg_18h);
.text	0x5582d0	0x5582f0	32	32	method.std::money_put_char__std::ostreambuf_iterator_char__std::char_traits_char_____.virtual_24	native_stub_005582d0_method_std_money_put_char_std_ostreambuf_iterator_char_std_char_traits_c	native_discovered	3	9	2	0	0	0	2	0	0	method.std::money_put_char__std::ostreambuf_iterator_char__std::char_traits_char_____.virtual_24 (int64_t arg5, int64_t arg_8h);
.text	0x558300	0x5583c8	200	200	fcn.00558300	native_stub_00558300_fcn_00558300	r2_discovered	3	52	2	15	4	0	1	40	0	fcn.00558300 (int64_t arg2);
.text	0x558400	0x55868a	650	650	fcn.00558400	native_stub_00558400_fcn_00558400	r2_discovered	21	181	32	3	6	11	6	200	0	fcn.00558400 (int64_t arg1, int64_t arg2, int64_t arg3, int64_t arg4, int64_t arg5, int64_t arg6);
.text	0x5586a0	0x5586a9	9	9	method.std::num_put_char__std::ostreambuf_iterator_char__std::char_traits_char_____.virtual_24	native_stub_005586a0_method_std_num_put_char_std_ostreambuf_iterator_char_std_char_traits_cha	native_discovered	1	2	0	0	0	0	0	0	0	method.std::num_put_char__std::ostreambuf_iterator_char__std::char_traits_char_____.virtual_24 ();
.text	0x5586e0	0x5588ad	461	461	method.std::num_put_char__std::ostreambuf_iterator_char__std::char_traits_char_____.virtual_16	native_stub_005586e0_method_std_num_put_char_std_ostreambuf_iterator_char_std_char_traits_cha	native_discovered	22	137	31	0	8	8	5	104	0	method.std::num_put_char__std::ostreambuf_iterator_char__std::char_traits_char_____.virtual_16 (int64_t arg2, int64_t arg3, int64_t arg4, int64_t arg5, int64_t arg6);
.text	0x5588d0	0x558af2	546	546	fcn.005588d0	native_stub_005588d0_fcn_005588d0	r2_discovered	15	152	22	3	6	11	6	200	0	fcn.005588d0 (int64_t arg1, int64_t arg2, int64_t arg3, int64_t arg4, int64_t arg5, uint32_t arg6);
.text	0x558b00	0x558b09	9	9	method.std::num_put_char__std::ostreambuf_iterator_char__std::char_traits_char_____.virtual_32	native_stub_00558b00_method_std_num_put_char_std_ostreambuf_iterator_char_std_char_traits_cha	native_discovered	1	2	0	0	0	0	0	0	0	method.std::num_put_char__std::ostreambuf_iterator_char__std::char_traits_char_____.virtual_32 ();
.text	0x558b10	0x558b5b	75	75	method.std::num_put_char__std::ostreambuf_iterator_char__std::char_traits_char_____.virtual_72	native_stub_00558b10_method_std_num_put_char_std_ostreambuf_iterator_char_std_char_traits_cha	native_discovered	1	24	0	0	1	1	2	40	0	method.std::num_put_char__std::ostreambuf_iterator_char__std::char_traits_char_____.virtual_72 (int64_t arg3, int64_t arg4);
.text	0x558e30	0x5590c3	659	659	method.std::num_put_char__std::ostreambuf_iterator_char__std::char_traits_char_____.virtual_40	native_stub_00558e30_method_std_num_put_char_std_ostreambuf_iterator_char_std_char_traits_cha	native_discovered	22	183	33	0	6	11	5	200	0	method.std::num_put_char__std::ostreambuf_iterator_char__std::char_traits_char_____.virtual_40 (int64_t arg1, int64_t arg2, int64_t arg3, int64_t arg4, int64_t arg6);
.text	0x5590a0	0x5592cb	555	555	method.std::num_put_char__std::ostreambuf_iterator_char__std::char_traits_char_____.virtual_48	native_stub_005590a0_method_std_num_put_char_std_ostreambuf_iterator_char_std_char_traits_cha	native_discovered	16	154	23	0	6	11	5	200	0	method.std::num_put_char__std::ostreambuf_iterator_char__std::char_traits_char_____.virtual_48 (int64_t arg1, int64_t arg2, int64_t arg3, int64_t arg4, uint32_t arg6);
.text	0x5594e0	0x5598cf	1007	1007	method.std::num_put_char__std::ostreambuf_iterator_char__std::char_traits_char_____.virtual_56	native_stub_005594e0_method_std_num_put_char_std_ostreambuf_iterator_char_std_char_traits_cha	native_discovered	29	255	44	0	17	15	5	248	0	method.std::num_put_char__std::ostreambuf_iterator_char__std::char_traits_char_____.virtual_56 (int64_t arg1, int64_t arg2, int64_t arg3, int64_t arg4, int64_t arg7);
.text	0x5598e0	0x559cca	1002	1002	method.std::num_put_char__std::ostreambuf_iterator_char__std::char_traits_char_____.virtual_64	native_stub_005598e0_method_std_num_put_char_std_ostreambuf_iterator_char_std_char_traits_cha	native_discovered	29	266	44	0	17	14	6	248	0	method.std::num_put_char__std::ostreambuf_iterator_char__std::char_traits_char_____.virtual_64 (int64_t arg1, int64_t arg2, int64_t arg3, int64_t arg4, int64_t arg_10h, int64_t arg_18h);
.text	0x5598f0	0x559ca5	949	949	fcn.005598f0	native_stub_005598f0_fcn_005598f0	r2_discovered	60	245	96	5	16	13	9	152	0	fcn.005598f0 (int64_t arg2, int64_t arg3, int64_t arg4, uint32_t arg5, int64_t arg6, int64_t arg_10h, uint32_t arg_18h, int64_t arg_20h, int64_t arg_28h);
.text	0x559cd0	0x55a086	950	950	fcn.00559cd0	native_stub_00559cd0_fcn_00559cd0	r2_discovered	69	245	105	2	11	12	9	152	0	fcn.00559cd0 (int64_t arg2, uint32_t arg3, int64_t arg4, uint32_t arg5, int64_t arg6, int64_t arg_10h, uint32_t arg_18h, int64_t arg_20h, int64_t arg_28h);
.text	0x55a0c0	0x55a289	457	457	method.std::time_get_char__std::istreambuf_iterator_char__std::char_traits_char_____.virtual_40	native_stub_0055a0c0_method_std_time_get_char_std_istreambuf_iterator_char_std_char_traits_ch	native_discovered	8	100	9	0	5	23	8	280	0	method.std::time_get_char__std::istreambuf_iterator_char__std::char_traits_char_____.virtual_40 (int64_t arg1, int64_t arg2, int64_t arg3, int64_t arg4, int64_t arg5, int64_t arg6, int64_t arg_100h, int64_t arg_108h);
.text	0x55a290	0x55a5a6	790	790	method.std::time_get_char__std::istreambuf_iterator_char__std::char_traits_char_____.virtual_48	native_stub_0055a290_method_std_time_get_char_std_istreambuf_iterator_char_std_char_traits_ch	native_discovered	22	166	33	0	6	33	8	360	0	method.std::time_get_char__std::istreambuf_iterator_char__std::char_traits_char_____.virtual_48 (int64_t arg1, int64_t arg2, int64_t arg3, int64_t arg4, int64_t arg5, int64_t arg6, int64_t arg_150h, uint32_t arg_158h);
.text	0x55a5d0	0x55b699	4297	4297	fcn.0055a5d0	native_stub_0055a5d0_fcn_0055a5d0	r2_discovered	96	818	143	11	45	72	9	728	0	fcn.0055a5d0 (int64_t arg1, int64_t arg2, int64_t arg3, int64_t arg4, int64_t arg5, int64_t arg6, int64_t arg_2b0h, int64_t arg_2b8h, int64_t arg_2c0h);
.text	0x55b740	0x55b87c	316	316	method.std::time_get_char__std::istreambuf_iterator_char__std::char_traits_char_____.virtual_24	native_stub_0055b740_method_std_time_get_char_std_istreambuf_iterator_char_std_char_traits_ch	native_discovered	17	93	27	0	4	3	7	120	0	method.std::time_get_char__std::istreambuf_iterator_char__std::char_traits_char_____.virtual_24 (int64_t arg1, int64_t arg2, int64_t arg3, int64_t arg4, int64_t arg5, int64_t arg6, int64_t arg_60h);
.text	0x55b890	0x55b9cc	316	316	method.std::time_get_char__std::istreambuf_iterator_char__std::char_traits_char_____.virtual_32	native_stub_0055b890_method_std_time_get_char_std_istreambuf_iterator_char_std_char_traits_ch	native_discovered	17	93	27	0	4	3	7	120	0	method.std::time_get_char__std::istreambuf_iterator_char__std::char_traits_char_____.virtual_32 (int64_t arg1, int64_t arg2, int64_t arg3, int64_t arg4, int64_t arg5, int64_t arg6, int64_t arg_60h);
.text	0x55bec0	0x55c700	2112	2112	fcn.0055bec0	native_stub_0055bec0_fcn_0055bec0	r2_discovered	138	495	220	3	43	18	7	184	0	fcn.0055bec0 (int64_t arg2, int64_t arg3, int64_t arg4, uint32_t arg5, int64_t arg6, int64_t arg_c0h, int64_t arg_c8h);
.text	0x55c790	0x55c96f	479	479	method.std::num_get_char__std::istreambuf_iterator_char__std::char_traits_char_____.virtual_72	native_stub_0055c790_method_std_num_get_char_std_istreambuf_iterator_char_std_char_traits_cha	native_discovered	21	128	32	0	8	11	8	168	0	method.std::num_get_char__std::istreambuf_iterator_char__std::char_traits_char_____.virtual_72 (uint32_t arg1, int64_t arg2, int64_t arg3, int64_t arg4, int64_t arg5, int64_t arg6, int64_t arg_10h, int64_t arg_18h);
.text	0x55c9b0	0x55cb8f	479	479	method.std::num_get_char__std::istreambuf_iterator_char__std::char_traits_char_____.virtual_88	native_stub_0055c9b0_method_std_num_get_char_std_istreambuf_iterator_char_std_char_traits_cha	native_discovered	21	128	32	0	8	11	8	168	0	method.std::num_get_char__std::istreambuf_iterator_char__std::char_traits_char_____.virtual_88 (uint32_t arg1, int64_t arg2, int64_t arg3, int64_t arg4, int64_t arg5, int64_t arg6, int64_t arg_10h, int64_t arg_18h);
.text	0x55d470	0x55de3e	2510	2510	fcn.0055d470	native_stub_0055d470_fcn_0055d470	r2_discovered	146	533	228	2	41	28	7	248	0	fcn.0055d470 (int64_t arg2, int64_t arg3, int64_t arg4, uint32_t arg5, int64_t arg6, int64_t arg_100h, int64_t arg_108h);
.text	0x55df10	0x55e8de	2510	2510	fcn.0055df10	native_stub_0055df10_fcn_0055df10	r2_discovered	146	533	228	2	41	28	7	248	0	fcn.0055df10 (int64_t arg2, int64_t arg3, int64_t arg4, uint32_t arg5, int64_t arg6, int64_t arg_100h, int64_t arg_108h);
.text	0x55e9b0	0x55ea9e	238	238	method.std::money_get_char__std::istreambuf_iterator_char__std::char_traits_char_____.virtual_16	native_stub_0055e9b0_method_std_money_get_char_std_istreambuf_iterator_char_std_char_traits_c	native_discovered	8	70	9	0	6	7	4	136	0	method.std::money_get_char__std::istreambuf_iterator_char__std::char_traits_char_____.virtual_16 (int64_t arg3, int64_t arg_10h, int64_t arg_18h, int64_t arg_20h);
.text	0x55ead0	0x55ec4e	382	382	method.std::money_get_char__std::istreambuf_iterator_char__std::char_traits_char_____.virtual_24	native_stub_0055ead0_method_std_money_get_char_std_istreambuf_iterator_char_std_char_traits_c	native_discovered	12	103	16	0	8	11	9	168	0	method.std::money_get_char__std::istreambuf_iterator_char__std::char_traits_char_____.virtual_24 (int64_t arg1, int64_t arg2, int64_t arg3, int64_t arg4, int64_t arg5, int64_t arg6, int64_t arg_10h, int64_t arg_18h, int64_t arg_20h);
.text	0x55ec80	0x55ee32	434	434	method.std::num_get_char__std::istreambuf_iterator_char__std::char_traits_char_____.virtual_80	native_stub_0055ec80_method_std_num_get_char_std_istreambuf_iterator_char_std_char_traits_cha	native_discovered	15	113	20	0	8	12	8	168	0	method.std::num_get_char__std::istreambuf_iterator_char__std::char_traits_char_____.virtual_80 (int64_t arg1, int64_t arg2, int64_t arg3, int64_t arg4, int64_t arg5, int64_t arg6, int64_t arg_10h, int64_t arg_18h);
.text	0x55f800	0x5600d9	2265	2265	method.std::num_get_char__std::istreambuf_iterator_char__std::char_traits_char_____.virtual_64	native_stub_0055f800_method_std_num_get_char_std_istreambuf_iterator_char_std_char_traits_cha	native_discovered	146	522	227	0	26	19	7	200	0	method.std::num_get_char__std::istreambuf_iterator_char__std::char_traits_char_____.virtual_64 (int64_t arg2, int64_t arg3, int64_t arg4, uint32_t arg5, int64_t arg6, int64_t arg_d0h, int64_t arg_d8h);
.text	0x55f830	0x560104	2260	2260	fcn.0055f830	native_stub_0055f830_fcn_0055f830	r2_discovered	145	521	226	3	26	19	7	200	0	fcn.0055f830 (int64_t arg2, int64_t arg3, int64_t arg4, uint32_t arg5, int64_t arg6, int64_t arg_d0h, int64_t arg_d8h);
.text	0x5601c0	0x5601c5	5	5	method.std::num_get_char__std::istreambuf_iterator_char__std::char_traits_char_____.virtual_48	native_stub_005601c0_method_std_num_get_char_std_istreambuf_iterator_char_std_char_traits_cha	native_discovered	1	1	0	0	0	0	0	0	0	method.std::num_get_char__std::istreambuf_iterator_char__std::char_traits_char_____.virtual_48 ();
.text	0x5601d0	0x560262	146	146	method.std::num_get_char__std::istreambuf_iterator_char__std::char_traits_char_____.virtual_96	native_stub_005601d0_method_std_num_get_char_std_istreambuf_iterator_char_std_char_traits_cha	native_discovered	3	41	2	0	2	4	4	88	0	method.std::num_get_char__std::istreambuf_iterator_char__std::char_traits_char_____.virtual_96 (int64_t arg3, int64_t arg6, int64_t arg_58h_2, int64_t arg_58h);
.text	0x560c00	0x5614bb	2235	2235	method.std::num_get_char__std::istreambuf_iterator_char__std::char_traits_char_____.virtual_40	native_stub_00560c00_method_std_num_get_char_std_istreambuf_iterator_char_std_char_traits_cha	native_discovered	146	520	227	0	26	19	7	184	0	method.std::num_get_char__std::istreambuf_iterator_char__std::char_traits_char_____.virtual_40 (int64_t arg2, int64_t arg3, int64_t arg4, uint32_t arg5, int64_t arg6, int64_t arg_c0h, int64_t arg_c8h);
.text	0x5615a0	0x561e6b	2251	2251	method.std::num_get_char__std::istreambuf_iterator_char__std::char_traits_char_____.virtual_32	native_stub_005615a0_method_std_num_get_char_std_istreambuf_iterator_char_std_char_traits_cha	native_discovered	146	524	227	0	26	19	7	184	0	method.std::num_get_char__std::istreambuf_iterator_char__std::char_traits_char_____.virtual_32 (int64_t arg2, int64_t arg3, int64_t arg4, uint32_t arg5, int64_t arg6, int64_t arg_c0h, int64_t arg_c8h);
.text	0x562030	0x5629f1	2497	2497	method.std::num_get_char__std::istreambuf_iterator_char__std::char_traits_char_____.virtual_56	native_stub_00562030_method_std_num_get_char_std_istreambuf_iterator_char_std_char_traits_cha	native_discovered	153	560	237	0	26	20	7	216	0	method.std::num_get_char__std::istreambuf_iterator_char__std::char_traits_char_____.virtual_56 (int64_t arg2, int64_t arg3, int64_t arg4, uint32_t arg5, int64_t arg6, int64_t arg_e0h, int64_t arg_e8h);
.text	0x562060	0x562a1c	2492	2492	fcn.00562060	native_stub_00562060_fcn_00562060	r2_discovered	152	559	236	3	26	20	7	216	0	fcn.00562060 (int64_t arg2, int64_t arg3, int64_t arg4, uint32_t arg5, int64_t arg6, int64_t arg_e0h, int64_t arg_e8h);
.text	0x562ac0	0x562ac5	5	5	method.std::num_get_char__std::istreambuf_iterator_char__std::char_traits_char_____.virtual_24	native_stub_00562ac0_method_std_num_get_char_std_istreambuf_iterator_char_std_char_traits_cha	native_discovered	1	1	0	0	0	0	0	0	0	method.std::num_get_char__std::istreambuf_iterator_char__std::char_traits_char_____.virtual_24 ();
.text	0x562ad0	0x562f49	1145	1145	method.std::num_get_char__std::istreambuf_iterator_char__std::char_traits_char_____.virtual_16	native_stub_00562ad0_method_std_num_get_char_std_istreambuf_iterator_char_std_char_traits_cha	native_discovered	84	270	130	0	8	12	7	152	0	method.std::num_get_char__std::istreambuf_iterator_char__std::char_traits_char_____.virtual_16 (int64_t arg2, uint32_t arg3, int64_t arg4, uint32_t arg5, int64_t arg6, int64_t arg_90h, int64_t arg_98h);
.text	0x5630c0	0x563187	199	199	fcn.005630c0	native_stub_005630c0_fcn_005630c0	r2_discovered	3	52	3	2	1	0	4	24	0	fcn.005630c0 (int64_t arg1, int64_t arg2, int64_t arg3, int64_t arg4);
.text	0x5631a0	0x5631ac	12	12	method.std::ctype_char_.virtual_16	native_stub_005631a0_method_std_ctype_char_virtual_16	native_discovered	1	4	0	0	0	0	1	0	0	method.std::ctype_char_.virtual_16 (int64_t arg1);
.text	0x5631b0	0x5631da	42	42	method.std::ctype_char_.virtual_24	native_stub_005631b0_method_std_ctype_char_virtual_24	native_discovered	4	12	5	0	0	0	3	0	0	method.std::ctype_char_.virtual_24 (uint32_t arg1, uint32_t arg2, int64_t arg3);
.text	0x5631e0	0x5631ec	12	12	method.std::ctype_char_.virtual_32	native_stub_005631e0_method_std_ctype_char_virtual_32	native_discovered	1	4	0	0	0	0	1	0	0	method.std::ctype_char_.virtual_32 (int64_t arg1);
.text	0x5631f0	0x56321a	42	42	method.std::ctype_char_.virtual_40	native_stub_005631f0_method_std_ctype_char_virtual_40	native_discovered	4	12	5	0	0	0	3	0	0	method.std::ctype_char_.virtual_40 (uint32_t arg1, uint32_t arg2, int64_t arg3);
.text	0x563220	0x563238	24	24	method.__gnu_cxx::stdio_sync_filebuf_char__std::char_traits_char___.virtual_0	native_stub_00563220_method_gnu_cxx_stdio_sync_filebuf_char_std_char_traits_char_virtual_0	native_discovered	1	5	0	0	0	0	1	0	0	method.__gnu_cxx::stdio_sync_filebuf_char__std::char_traits_char___.virtual_0 (int64_t arg1);
.text	0x563240	0x563265	37	37	method.__gnu_cxx::stdio_sync_filebuf_char__std::char_traits_char___.virtual_8	native_stub_00563240_method_gnu_cxx_stdio_sync_filebuf_char_std_char_traits_char_virtual_8	native_discovered	1	10	0	0	1	0	1	8	0	method.__gnu_cxx::stdio_sync_filebuf_char__std::char_traits_char___.virtual_8 (int64_t arg1);
.text	0x563270	0x563288	24	24	method.__gnu_cxx::stdio_sync_filebuf_wchar_t__std::char_traits_wchar_t___.virtual_0	native_stub_00563270_method_gnu_cxx_stdio_sync_filebuf_wchar_t_std_char_traits_wchar_t_virtua	native_discovered	1	5	0	0	0	0	1	0	0	method.__gnu_cxx::stdio_sync_filebuf_wchar_t__std::char_traits_wchar_t___.virtual_0 (int64_t arg1);
.text	0x563290	0x5632b5	37	37	method.__gnu_cxx::stdio_sync_filebuf_wchar_t__std::char_traits_wchar_t___.virtual_8	native_stub_00563290_method_gnu_cxx_stdio_sync_filebuf_wchar_t_std_char_traits_wchar_t_virtua	native_discovered	1	10	0	0	1	0	1	8	0	method.__gnu_cxx::stdio_sync_filebuf_wchar_t__std::char_traits_wchar_t___.virtual_8 (int64_t arg1);
.text	0x5632c0	0x5632d2	18	18	method.__gnu_cxx::stdio_sync_filebuf_char__std::char_traits_char___.virtual_80	native_stub_005632c0_method_gnu_cxx_stdio_sync_filebuf_char_std_char_traits_char_virtual_80	native_discovered	1	7	0	0	1	0	1	8	0	method.__gnu_cxx::stdio_sync_filebuf_char__std::char_traits_char___.virtual_80 (FILE **stream);
.text	0x5632e0	0x5632f9	25	25	method.__gnu_cxx::stdio_sync_filebuf_char__std::char_traits_char___.virtual_72	native_stub_005632e0_method_gnu_cxx_stdio_sync_filebuf_char_std_char_traits_char_virtual_72	native_discovered	1	8	0	0	1	0	1	8	0	method.__gnu_cxx::stdio_sync_filebuf_char__std::char_traits_char___.virtual_72 (FILE **stream);
.text	0x563300	0x563339	57	57	method.__gnu_cxx::stdio_sync_filebuf_char__std::char_traits_char___.virtual_88	native_stub_00563300_method_gnu_cxx_stdio_sync_filebuf_char_std_char_traits_char_virtual_88	native_discovered	5	19	5	0	2	0	2	8	0	method.__gnu_cxx::stdio_sync_filebuf_char__std::char_traits_char___.virtual_88 (FILE **stream, uint32_t c);
.text	0x563340	0x563349	9	9	method.__gnu_cxx::stdio_sync_filebuf_char__std::char_traits_char___.virtual_48	native_stub_00563340_method_gnu_cxx_stdio_sync_filebuf_char_std_char_traits_char_virtual_48	native_discovered	1	2	0	0	0	0	1	0	0	method.__gnu_cxx::stdio_sync_filebuf_char__std::char_traits_char___.virtual_48 (int64_t arg1);
.text	0x563350	0x563359	9	9	method.__gnu_cxx::stdio_sync_filebuf_wchar_t__std::char_traits_wchar_t___.virtual_48	native_stub_00563350_method_gnu_cxx_stdio_sync_filebuf_wchar_t_std_char_traits_wchar_t_virtua	native_discovered	1	2	0	0	0	0	1	0	0	method.__gnu_cxx::stdio_sync_filebuf_wchar_t__std::char_traits_wchar_t___.virtual_48 (int64_t arg1);
.text	0x563360	0x56338d	45	45	method.__gnu_cxx::stdio_sync_filebuf_char__std::char_traits_char___.virtual_104	native_stub_00563360_method_gnu_cxx_stdio_sync_filebuf_char_std_char_traits_char_virtual_104	native_discovered	3	15	2	0	1	0	2	8	0	method.__gnu_cxx::stdio_sync_filebuf_char__std::char_traits_char___.virtual_104 (int64_t arg1, int64_t arg2);
.text	0x5633a0	0x563409	105	105	method.__gnu_cxx::stdio_sync_filebuf_char__std::char_traits_char___.virtual_32	native_stub_005633a0_method_gnu_cxx_stdio_sync_filebuf_char_std_char_traits_char_virtual_32	native_discovered	7	30	8	0	3	1	2	24	0	method.__gnu_cxx::stdio_sync_filebuf_char__std::char_traits_char___.virtual_32 (int64_t arg1, uint32_t arg3);
.text	0x563410	0x563479	105	105	method.__gnu_cxx::stdio_sync_filebuf_wchar_t__std::char_traits_wchar_t___.virtual_32	native_stub_00563410_method_gnu_cxx_stdio_sync_filebuf_wchar_t_std_char_traits_wchar_t_virtua	native_discovered	7	30	8	0	3	1	2	24	0	method.__gnu_cxx::stdio_sync_filebuf_wchar_t__std::char_traits_wchar_t___.virtual_32 (int64_t arg1, uint32_t arg3);
.text	0x563480	0x563492	18	18	method.__gnu_cxx::stdio_sync_filebuf_wchar_t__std::char_traits_wchar_t___.virtual_80	native_stub_00563480_method_gnu_cxx_stdio_sync_filebuf_wchar_t_std_char_traits_wchar_t_virtua	native_discovered	1	7	0	0	1	0	1	8	0	method.__gnu_cxx::stdio_sync_filebuf_wchar_t__std::char_traits_wchar_t___.virtual_80 (FILE **stream);
.text	0x5634a0	0x56350a	106	106	method.__gnu_cxx::stdio_sync_filebuf_wchar_t__std::char_traits_wchar_t___.virtual_64	native_stub_005634a0_method_gnu_cxx_stdio_sync_filebuf_wchar_t_std_char_traits_wchar_t_virtua	native_discovered	7	40	9	0	1	0	3	40	0	method.__gnu_cxx::stdio_sync_filebuf_wchar_t__std::char_traits_wchar_t___.virtual_64 (int64_t arg1, int64_t arg2, int64_t arg3);
.text	0x563520	0x563539	25	25	method.__gnu_cxx::stdio_sync_filebuf_wchar_t__std::char_traits_wchar_t___.virtual_72	native_stub_00563520_method_gnu_cxx_stdio_sync_filebuf_wchar_t_std_char_traits_wchar_t_virtua	native_discovered	1	8	0	0	1	0	1	8	0	method.__gnu_cxx::stdio_sync_filebuf_wchar_t__std::char_traits_wchar_t___.virtual_72 (FILE **stream);
.text	0x563540	0x563579	57	57	method.__gnu_cxx::stdio_sync_filebuf_wchar_t__std::char_traits_wchar_t___.virtual_88	native_stub_00563540_method_gnu_cxx_stdio_sync_filebuf_wchar_t_std_char_traits_wchar_t_virtua	native_discovered	5	19	5	0	2	0	2	8	0	method.__gnu_cxx::stdio_sync_filebuf_wchar_t__std::char_traits_wchar_t___.virtual_88 (FILE **stream, wint_t *c);
.text	0x563580	0x5635ad	45	45	method.__gnu_cxx::stdio_sync_filebuf_wchar_t__std::char_traits_wchar_t___.virtual_104	native_stub_00563580_method_gnu_cxx_stdio_sync_filebuf_wchar_t_std_char_traits_wchar_t_virtua	native_discovered	3	15	2	0	1	0	2	8	0	method.__gnu_cxx::stdio_sync_filebuf_wchar_t__std::char_traits_wchar_t___.virtual_104 (int64_t arg1, int64_t arg2);
.text	0x5635c0	0x56360b	75	75	method.__gnu_cxx::stdio_sync_filebuf_wchar_t__std::char_traits_wchar_t___.virtual_96	native_stub_005635c0_method_gnu_cxx_stdio_sync_filebuf_wchar_t_std_char_traits_wchar_t_virtua	native_discovered	6	29	8	0	1	0	3	40	0	method.__gnu_cxx::stdio_sync_filebuf_wchar_t__std::char_traits_wchar_t___.virtual_96 (int64_t arg1, int64_t arg2, int64_t arg3);
.text	0x563620	0x563634	20	20	method.__gnu_cxx::stdio_sync_filebuf_char__std::char_traits_char___.virtual_96	native_stub_00563620_method_gnu_cxx_stdio_sync_filebuf_char_std_char_traits_char_virtual_96	native_discovered	1	5	0	0	0	0	2	0	0	method.__gnu_cxx::stdio_sync_filebuf_char__std::char_traits_char___.virtual_96 (int64_t arg1, int64_t arg2);
.text	0x563640	0x56367f	63	63	method.__gnu_cxx::stdio_sync_filebuf_char__std::char_traits_char___.virtual_64	native_stub_00563640_method_gnu_cxx_stdio_sync_filebuf_char_std_char_traits_char_virtual_64	native_discovered	3	22	2	0	1	0	3	24	0	method.__gnu_cxx::stdio_sync_filebuf_char__std::char_traits_char___.virtual_64 (FILE **stream, void **ptr, size_t nmemb);
.text	0x563690	0x563713	131	131	method.__gnu_cxx::stdio_sync_filebuf_wchar_t__std::char_traits_wchar_t___.virtual_40	native_stub_00563690_method_gnu_cxx_stdio_sync_filebuf_wchar_t_std_char_traits_wchar_t_virtua	native_discovered	8	35	9	0	3	1	1	24	0	method.__gnu_cxx::stdio_sync_filebuf_wchar_t__std::char_traits_wchar_t___.virtual_40 (int64_t arg1);
.text	0x563720	0x5637a3	131	131	method.__gnu_cxx::stdio_sync_filebuf_char__std::char_traits_char___.virtual_40	native_stub_00563720_method_gnu_cxx_stdio_sync_filebuf_char_std_char_traits_char_virtual_40	native_discovered	8	35	9	0	3	1	1	24	0	method.__gnu_cxx::stdio_sync_filebuf_char__std::char_traits_char___.virtual_40 (int64_t arg1);
.text	0x5637b0	0x5637e8	56	56	fcn.005637b0	native_stub_005637b0_fcn_005637b0	r2_discovered	1	14	0	1	2	0	1	8	0	fcn.005637b0 (int64_t arg1);
.text	0x5637f0	0x563802	18	18	method.__gnu_cxx::stdio_filebuf_char__std::char_traits_char___.virtual_8	native_stub_005637f0_method_gnu_cxx_stdio_filebuf_char_std_char_traits_char_virtual_8	native_discovered	1	6	0	0	1	0	1	8	0	method.__gnu_cxx::stdio_filebuf_char__std::char_traits_char___.virtual_8 (int64_t arg1);
.text	0x563810	0x563848	56	56	fcn.00563810	native_stub_00563810_fcn_00563810	r2_discovered	1	14	0	1	2	0	1	8	0	fcn.00563810 (int64_t arg1);
.text	0x563850	0x563862	18	18	method.__gnu_cxx::stdio_filebuf_wchar_t__std::char_traits_wchar_t___.virtual_8	native_stub_00563850_method_gnu_cxx_stdio_filebuf_wchar_t_std_char_traits_wchar_t_virtual_8	native_discovered	1	6	0	0	1	0	1	8	0	method.__gnu_cxx::stdio_filebuf_wchar_t__std::char_traits_wchar_t___.virtual_8 (int64_t arg1);
.text	0x563950	0x5639f3	163	163	fcn.00563950	native_stub_00563950_fcn_00563950	r2_discovered	3	47	2	3	4	0	4	40	0	fcn.00563950 (int64_t arg1, int64_t arg2, int64_t arg3, int64_t arg4);
.text	0x563d40	0x563de3	163	163	fcn.00563d40	native_stub_00563d40_fcn_00563d40	r2_discovered	3	47	2	3	4	0	4	40	0	fcn.00563d40 (int64_t arg1, int64_t arg2, int64_t arg3, int64_t arg4);
.text	0x564050	0x564063	19	19	fcn.00564050	native_stub_00564050_fcn_00564050	r2_discovered	1	4	1	1	0	0	1	0	0	fcn.00564050 (int64_t arg1);
.text	0x564070	0x564087	23	23	method.__cxxabiv1::__vmi_class_type_info.virtual_8	native_stub_00564070_method_cxxabiv1_vmi_class_type_info_virtual_8	native_discovered	1	7	0	0	1	0	1	8	0	method.__cxxabiv1::__vmi_class_type_info.virtual_8 (int64_t arg1);
.text	0x564090	0x564172	226	226	method.__cxxabiv1::__vmi_class_type_info.virtual_64	native_stub_00564090_method_cxxabiv1_vmi_class_type_info_virtual_64	native_discovered	17	77	24	0	2	1	5	72	0	method.__cxxabiv1::__vmi_class_type_info.virtual_64 (uint32_t arg1, int64_t arg2, uint32_t arg3, int64_t arg4, int64_t arg5);
.text	0x564190	0x564314	388	388	method.__cxxabiv1::__vmi_class_type_info.virtual_56	native_stub_00564190_method_cxxabiv1_vmi_class_type_info_virtual_56	native_discovered	19	92	31	0	2	13	8	168	0	method.__cxxabiv1::__vmi_class_type_info.virtual_56 (int64_t arg1, uint32_t arg2, int64_t arg3, int64_t arg4, int64_t arg5, int64_t arg6, int64_t arg_b0h, int64_t arg_b8h);
.text	0x564652	0x564b56	1284	1284	fcn.00564652	native_stub_00564652_fcn_00564652	r2_discovered	91	309	143	1	4	0	19	16	0	fcn.00564652 (int64_t arg2, uint32_t arg_18h_2, uint32_t arg_10h, uint32_t arg_18h, int64_t arg_30h_2, uint32_t arg_30h, int64_t arg_38h, int64_t arg_40h, uint32_t arg_45h, uint32_t arg_46h, int64_t arg_47h, int64_t arg_48h, int64_t arg_4ch, uint32_t arg_50h, int64_t arg_58h, int64_t arg_5ch, int64_t arg_60h, int64_t arg_64h, int64_t arg_68h);
.text	0x564880	0x564ae0	608	608	method.__cxxabiv1::__vmi_class_type_info.virtual_48	native_stub_00564880_method_cxxabiv1_vmi_class_type_info_virtual_48	native_discovered	41	155	65	0	4	10	4	136	0	method.__cxxabiv1::__vmi_class_type_info.virtual_48 (int64_t arg1, int64_t arg2, int64_t arg3, int64_t arg4);
.text	0x564b40	0x564b84	68	68	sym.__cxa_init_primary_exception	native_stub_00564b40_sym_cxa_init_primary_exception	symbol_named	1	16	0	0	2	0	3	8	0	sym.__cxa_init_primary_exception (int64_t arg1, int64_t arg2, int64_t arg3);
.text	0x564b90	0x564bd4	68	68	sym.__cxa_throw	native_stub_00564b90_sym_cxa_throw	symbol_named	1	22	0	0	5	0	3	24	1	void sym.__cxa_throw (void *thrown_exception, struct std::type_info *tinfo, void *dest);
.text	0x564be0	0x564c4a	106	106	sym.__cxa_rethrow	native_stub_00564be0_sym_cxa_rethrow	symbol_named	8	28	11	0	4	0	0	8	1	sym.__cxa_rethrow ();
.text	0x564cd0	0x564cdd	13	13	method.__cxxabiv1::__class_type_info.virtual_64	native_stub_00564cd0_method_cxxabiv1_class_type_info_virtual_64	native_discovered	1	5	0	0	0	0	2	0	0	method.__cxxabiv1::__class_type_info.virtual_64 (uint32_t arg3, int64_t arg5);
.text	0x564ce0	0x564cf3	19	19	fcn.00564ce0	native_stub_00564ce0_fcn_00564ce0	r2_discovered	1	4	1	3	0	0	1	0	0	fcn.00564ce0 (int64_t arg1);
.text	0x564d00	0x564d17	23	23	method.__cxxabiv1::__class_type_info.virtual_8	native_stub_00564d00_method_cxxabiv1_class_type_info_virtual_8	native_discovered	1	7	0	0	1	0	1	8	0	method.__cxxabiv1::__class_type_info.virtual_8 (int64_t arg1);
.text	0x564d20	0x564dbe	158	158	method.__cxxabiv1::__class_type_info.virtual_56	native_stub_00564d20_method_cxxabiv1_class_type_info_virtual_56	native_discovered	14	56	21	0	2	3	7	56	0	method.__cxxabiv1::__class_type_info.virtual_56 (int64_t arg1, int64_t arg3, uint32_t arg4, int64_t arg5, int64_t arg6, uint32_t arg_40h, int64_t arg_48h);
.text	0x564de0	0x564e25	69	69	fcn.00564de0	native_stub_00564de0_fcn_00564de0	r2_discovered	5	24	7	2	1	0	4	24	0	fcn.00564de0 (uint32_t arg1, int64_t arg2, int64_t arg3, int64_t arg4);
.text	0x564e30	0x564e97	103	103	method.std::__iosfail_type_info.virtual_32	native_stub_00564e30_method_std_iosfail_type_info_virtual_32	native_discovered	7	40	9	0	1	0	4	40	0	method.std::__iosfail_type_info.virtual_32 (int64_t arg1, uint32_t arg2, int64_t arg3, int64_t arg4);
.text	0x564ea0	0x564ea8	8	8	method.std::bad_cast.virtual_16	native_stub_00564ea0_method_std_bad_cast_virtual_16	native_discovered	1	2	0	0	0	0	0	0	0	method.std::bad_cast.virtual_16 ();
.text	0x564eb0	0x564ec3	19	19	fcn.00564eb0	native_stub_00564eb0_fcn_00564eb0	r2_discovered	1	4	0	1	0	0	1	0	0	fcn.00564eb0 (int64_t arg1);
.text	0x564ed0	0x564ee7	23	23	method.std::bad_cast.virtual_8	native_stub_00564ed0_method_std_bad_cast_virtual_8	native_discovered	1	7	0	0	1	0	1	8	0	method.std::bad_cast.virtual_8 (int64_t arg1);
.text	0x564ef0	0x564f30	64	64	sym.__cxa_bad_cast	native_stub_00564ef0_sym_cxa_bad_cast	symbol_named	1	12	0	0	2	0	0	8	0	sym.__cxa_bad_cast ();
.text	0x564f30	0x564f70	64	64	sym.__cxa_bad_typeid	native_stub_00564f30_sym_cxa_bad_typeid	symbol_named	1	12	1	0	2	0	0	8	0	sym.__cxa_bad_typeid ();
.text	0x564f70	0x564fb0	64	64	sym.__cxa_throw_bad_array_new_length	native_stub_00564f70_sym_cxa_throw_bad_array_new_length	symbol_named	1	12	1	0	2	0	0	8	0	sym.__cxa_throw_bad_array_new_length ();
.text	0x564fb0	0x564fc3	19	19	fcn.00564fb0	native_stub_00564fb0_fcn_00564fb0	r2_discovered	1	4	1	2	0	0	1	0	0	fcn.00564fb0 (int64_t arg1);
.text	0x564fd0	0x564fe7	23	23	method.__cxxabiv1::__si_class_type_info.virtual_8	native_stub_00564fd0_method_cxxabiv1_si_class_type_info_virtual_8	native_discovered	1	7	0	0	1	0	1	8	0	method.__cxxabiv1::__si_class_type_info.virtual_8 (int64_t arg1);
.text	0x564ff0	0x56505c	108	108	method.std::__iosfail_type_info.virtual_64	native_stub_00564ff0_method_std_iosfail_type_info_virtual_64	native_discovered	6	35	8	0	1	3	5	56	0	method.std::__iosfail_type_info.virtual_64 (uint32_t arg1, int64_t arg2, uint32_t arg3, int64_t arg4, int64_t arg5);
.text	0x565070	0x565188	280	280	method.std::__iosfail_type_info.virtual_56	native_stub_00565070_method_std_iosfail_type_info_virtual_56	native_discovered	14	88	21	0	2	5	8	88	0	method.std::__iosfail_type_info.virtual_56 (int64_t arg1, int64_t arg2, int64_t arg3, int64_t arg4, uint32_t arg5, int64_t arg6, int64_t arg_60h, int64_t arg_68h);
.text	0x5651a0	0x5651ea	74	74	method.std::__iosfail_type_info.virtual_48	native_stub_005651a0_method_std_iosfail_type_info_virtual_48	native_discovered	3	30	2	0	1	0	4	40	0	method.std::__iosfail_type_info.virtual_48 (int64_t arg1, int64_t arg2, int64_t arg3, int64_t arg4);
.text	0x5651f0	0x5651f2	2	2	fcn.005651f0	native_stub_005651f0_fcn_005651f0	r2_discovered	1	1	0	2	0	0	0	0	0	fcn.005651f0 ();
.text	0x565200	0x565203	3	3	method.std::__iosfail_type_info.virtual_16	native_stub_00565200_method_std_iosfail_type_info_virtual_16	native_discovered	1	2	0	0	0	0	0	0	0	method.std::__iosfail_type_info.virtual_16 ();
.text	0x565210	0x565213	3	3	method.std::type_info.virtual_40	native_stub_00565210_method_std_type_info_virtual_40	native_discovered	1	2	0	0	0	0	0	0	0	method.std::type_info.virtual_40 ();
.text	0x565220	0x565237	23	23	method.std::type_info.virtual_8	native_stub_00565220_method_std_type_info_virtual_8	native_discovered	1	7	0	0	1	0	1	8	0	method.std::type_info.virtual_8 (int64_t arg1);
.text	0x565240	0x56526e	46	46	method.std::type_info.virtual_32	native_stub_00565240_method_std_type_info_virtual_32	native_discovered	4	15	4	0	1	0	2	8	0	method.std::type_info.virtual_32 (uint32_t arg1, int64_t arg2);
.text	0x565280	0x565293	19	19	fcn.00565280	native_stub_00565280_fcn_00565280	r2_discovered	1	4	0	1	0	0	1	0	0	fcn.00565280 (int64_t arg1);
.text	0x5652a0	0x5652b7	23	23	method.__gnu_cxx::recursive_init_error.virtual_8	native_stub_005652a0_method_gnu_cxx_recursive_init_error_virtual_8	native_discovered	1	7	0	0	1	0	1	8	0	method.__gnu_cxx::recursive_init_error.virtual_8 (int64_t arg1);
.text	0x5652c0	0x5652cf	15	15	fcn.005652c0	native_stub_005652c0_fcn_005652c0	r2_discovered	1	4	0	1	0	0	1	0	0	fcn.005652c0 (int64_t arg1);
.text	0x565450	0x5655dc	396	396	fcn.00565450	native_stub_00565450_fcn_00565450	r2_discovered	27	102	36	2	8	0	1	0	0	fcn.00565450 (int64_t arg1);
.text	0x565610	0x56566b	91	91	sym.__cxa_allocate_exception	native_stub_00565610_sym_cxa_allocate_exception	symbol_named	4	26	4	0	3	0	1	8	0	sym.__cxa_allocate_exception (size_t size);
.text	0x565680	0x5656a6	38	38	sym.__cxa_free_exception	native_stub_00565680_sym_cxa_free_exception	symbol_named	4	9	5	0	0	0	1	0	0	sym.__cxa_free_exception (uint32_t arg1);
.text	0x5656b0	0x56570d	93	93	sym.__cxa_allocate_dependent_exception	native_stub_005656b0_sym_cxa_allocate_dependent_exception	symbol_named	4	26	4	0	3	0	0	8	0	sym.__cxa_allocate_dependent_exception ();
.text	0x565720	0x5658a3	387	387	sym.__cxa_free_dependent_exception	native_stub_00565720_sym_cxa_free_dependent_exception	symbol_named	31	102	45	0	7	0	1	56	0	sym.__cxa_free_dependent_exception (uint32_t arg1);
.text	0x565750	0x565870	288	288	sym.__dynamic_cast	native_stub_00565750_sym_dynamic_cast	symbol_named	17	88	26	0	3	6	4	88	0	sym.__dynamic_cast (int64_t arg1, int64_t arg2, int64_t arg3, int64_t arg4);
.text	0x565880	0x56589b	27	27	sym.__cxa_get_globals_fast	native_stub_00565880_sym_cxa_get_globals_fast	symbol_named	1	6	0	0	1	0	0	8	0	sym.__cxa_get_globals_fast ();
.text	0x5658a0	0x5658bb	27	27	sym.__cxa_get_globals	native_stub_005658a0_sym_cxa_get_globals	symbol_named	1	6	0	0	1	0	0	8	0	sym.__cxa_get_globals ();
.text	0x5658c0	0x5658c5	5	5	fcn.005658c0	native_stub_005658c0_fcn_005658c0	r2_discovered	1	1	0	1	0	0	0	0	0	fcn.005658c0 ();
.text	0x5658d0	0x5658d8	8	8	method.std::bad_typeid.virtual_16	native_stub_005658d0_method_std_bad_typeid_virtual_16	native_discovered	1	2	0	0	0	0	0	0	0	method.std::bad_typeid.virtual_16 ();
.text	0x5658e0	0x5658f3	19	19	fcn.005658e0	native_stub_005658e0_fcn_005658e0	r2_discovered	1	4	0	1	0	0	1	0	0	fcn.005658e0 (int64_t arg1);
.text	0x565900	0x565917	23	23	method.std::bad_typeid.virtual_8	native_stub_00565900_method_std_bad_typeid_virtual_8	native_discovered	1	7	0	0	1	0	1	8	0	method.std::bad_typeid.virtual_8 (int64_t arg1);
.text	0x565920	0x565928	8	8	method.std::bad_array_new_length.virtual_16	native_stub_00565920_method_std_bad_array_new_length_virtual_16	native_discovered	1	2	0	0	0	0	0	0	0	method.std::bad_array_new_length.virtual_16 ();
.text	0x565930	0x565943	19	19	fcn.00565930	native_stub_00565930_fcn_00565930	r2_discovered	1	4	0	1	0	0	1	0	0	fcn.00565930 (int64_t arg1);
.text	0x565950	0x565962	18	18	method.std::bad_array_new_length.virtual_8	native_stub_00565950_method_std_bad_array_new_length_virtual_8	native_discovered	1	6	0	0	1	0	1	8	0	method.std::bad_array_new_length.virtual_8 (int64_t arg1);
.text	0x565970	0x565972	2	2	fcn.00565970	native_stub_00565970_fcn_00565970	r2_discovered	1	1	0	230	0	0	0	0	0	fcn.00565970 ();
.text	0x565980	0x56599c	28	28	method.std::locale::facet.virtual_8	native_stub_00565980_method_std_locale_facet_virtual_8	native_discovered	1	10	0	0	1	0	1	24	0	method.std::locale::facet.virtual_8 (int64_t arg1);
.text	0x5659b0	0x5659c5	21	21	fcn.005659b0	native_stub_005659b0_fcn_005659b0	r2_discovered	1	4	1	1	0	0	0	16	0	fcn.005659b0 ();
.text	0x5659d0	0x5659e9	25	25	fcn.005659d0	native_stub_005659d0_fcn_005659d0	r2_discovered	3	8	2	34	0	0	2	0	0	fcn.005659d0 (int64_t arg1, int64_t arg2);
.text	0x5659f0	0x5659f4	4	4	fcn.005659f0	native_stub_005659f0_fcn_005659f0	r2_discovered	1	2	0	2	0	0	2	0	0	fcn.005659f0 (int64_t arg1, int64_t arg2);
.text	0x565a00	0x565e36	1078	1078	fcn.00565a00	native_stub_00565a00_fcn_00565a00	r2_discovered	50	280	74	3	29	7	2	208	0	fcn.00565a00 (int64_t arg1, int64_t arg2);
.text	0x565f30	0x565f75	69	69	fcn.00565f30	native_stub_00565f30_fcn_00565f30	r2_discovered	5	20	4	66	2	0	0	8	0	fcn.00565f30 ();
.text	0x565f80	0x565f88	8	8	fcn.00565f80	native_stub_00565f80_fcn_00565f80	r2_discovered	1	2	0	25	0	0	0	0	0	fcn.00565f80 ();
.text	0x565f90	0x5660ab	283	283	fcn.00565f90	native_stub_00565f90_fcn_00565f90	r2_discovered	32	92	50	3	5	0	1	24	0	fcn.00565f90 (int64_t arg1);
.text	0x566100	0x566176	118	118	fcn.00566100	native_stub_00566100_fcn_00566100	r2_discovered	5	37	6	25	2	1	2	24	0	fcn.00566100 (int64_t arg1, int64_t arg2);
.text	0x566180	0x5661bb	59	59	fcn.00566180	native_stub_00566180_fcn_00566180	r2_discovered	5	20	6	107	1	0	1	0	0	fcn.00566180 (int64_t arg1);
.text	0x566390	0x5663c8	56	56	fcn.00566390	native_stub_00566390_fcn_00566390	r2_discovered	6	17	7	182	0	0	1	0	0	fcn.00566390 (int64_t arg1);
.text	0x5663d0	0x56671b	843	843	fcn.005663d0	native_stub_005663d0_fcn_005663d0	r2_discovered	56	224	88	31	15	1	3	72	0	fcn.005663d0 (int64_t arg1, int64_t arg2, int64_t arg3);
.text	0x566800	0x566884	132	132	fcn.00566800	native_stub_00566800_fcn_00566800	r2_discovered	7	46	9	1	3	0	3	48	0	fcn.00566800 (int64_t arg1, int64_t arg2, int64_t arg3);
.text	0x566890	0x566ac1	561	561	fcn.00566890	native_stub_00566890_fcn_00566890	r2_discovered	31	135	45	26	16	1	3	72	0	fcn.00566890 (int64_t arg1, int64_t arg2, int64_t arg3);
.text	0x566af0	0x566af5	5	5	fcn.00566af0	native_stub_00566af0_fcn_00566af0	r2_discovered	1	2	0	1	0	0	1	0	0	fcn.00566af0 (int64_t arg1);
.text	0x566b00	0x566b89	137	137	fcn.00566b00	native_stub_00566b00_fcn_00566b00	r2_discovered	9	35	11	9	3	2	1	24	0	fcn.00566b00 (int64_t arg1);
.text	0x566b90	0x566ba2	18	18	method.std::logic_error.virtual_8	native_stub_00566b90_method_std_logic_error_virtual_8	native_discovered	1	6	0	0	1	0	1	8	0	method.std::logic_error.virtual_8 (int64_t arg1);
.text	0x566bb0	0x566bc3	19	19	fcn.00566bb0	native_stub_00566bb0_fcn_00566bb0	r2_discovered	1	4	0	5	0	0	1	0	0	fcn.00566bb0 (int64_t arg1);
.text	0x566bd0	0x566be2	18	18	method.std::domain_error.virtual_8	native_stub_00566bd0_method_std_domain_error_virtual_8	native_discovered	1	6	0	0	1	0	1	8	0	method.std::domain_error.virtual_8 (int64_t arg1);
.text	0x566bf0	0x566c03	19	19	fcn.00566bf0	native_stub_00566bf0_fcn_00566bf0	r2_discovered	1	4	0	5	0	0	1	0	0	fcn.00566bf0 (int64_t arg1);
.text	0x566c10	0x566c22	18	18	method.std::invalid_argument.virtual_8	native_stub_00566c10_method_std_invalid_argument_virtual_8	native_discovered	1	6	0	0	1	0	1	8	0	method.std::invalid_argument.virtual_8 (int64_t arg1);
.text	0x566c30	0x566c43	19	19	fcn.00566c30	native_stub_00566c30_fcn_00566c30	r2_discovered	1	4	0	5	0	0	1	0	0	fcn.00566c30 (int64_t arg1);
.text	0x566c50	0x566c62	18	18	method.std::length_error.virtual_8	native_stub_00566c50_method_std_length_error_virtual_8	native_discovered	1	6	0	0	1	0	1	8	0	method.std::length_error.virtual_8 (int64_t arg1);
.text	0x566c70	0x566c83	19	19	fcn.00566c70	native_stub_00566c70_fcn_00566c70	r2_discovered	1	4	0	5	0	0	1	0	0	fcn.00566c70 (int64_t arg1);
.text	0x566c90	0x566ca2	18	18	method.std::out_of_range.virtual_8	native_stub_00566c90_method_std_out_of_range_virtual_8	native_discovered	1	6	0	0	1	0	1	8	0	method.std::out_of_range.virtual_8 (int64_t arg1);
.text	0x566cb0	0x566d39	137	137	fcn.00566cb0	native_stub_00566cb0_fcn_00566cb0	r2_discovered	9	35	11	9	3	2	1	0	0	fcn.00566cb0 (int64_t arg1);
.text	0x566d40	0x566d52	18	18	method.std::runtime_error.virtual_8	native_stub_00566d40_method_std_runtime_error_virtual_8	native_discovered	1	6	0	0	1	0	1	8	0	method.std::runtime_error.virtual_8 (int64_t arg1);
.text	0x566d60	0x566d73	19	19	fcn.00566d60	native_stub_00566d60_fcn_00566d60	r2_discovered	1	4	0	5	0	0	1	0	0	fcn.00566d60 (int64_t arg1);
.text	0x566d80	0x566d92	18	18	method.std::range_error.virtual_8	native_stub_00566d80_method_std_range_error_virtual_8	native_discovered	1	6	0	0	1	0	1	8	0	method.std::range_error.virtual_8 (int64_t arg1);
.text	0x566da0	0x566db3	19	19	fcn.00566da0	native_stub_00566da0_fcn_00566da0	r2_discovered	1	4	0	5	0	0	1	0	0	fcn.00566da0 (int64_t arg1);
.text	0x566dc0	0x566dd2	18	18	method.std::overflow_error.virtual_8	native_stub_00566dc0_method_std_overflow_error_virtual_8	native_discovered	1	6	0	0	1	0	1	8	0	method.std::overflow_error.virtual_8 (int64_t arg1);
.text	0x566de0	0x566df3	19	19	fcn.00566de0	native_stub_00566de0_fcn_00566de0	r2_discovered	1	4	0	5	0	0	1	0	0	fcn.00566de0 (int64_t arg1);
.text	0x566e00	0x566e12	18	18	method.std::underflow_error.virtual_8	native_stub_00566e00_method_std_underflow_error_virtual_8	native_discovered	1	6	0	0	1	0	1	8	0	method.std::underflow_error.virtual_8 (int64_t arg1);
.text	0x566e20	0x566e48	40	40	fcn.00566e20	native_stub_00566e20_fcn_00566e20	r2_discovered	1	13	0	4	1	0	2	24	0	fcn.00566e20 (int64_t arg1, int64_t arg2);
.text	0x566ee0	0x566f08	40	40	fcn.00566ee0	native_stub_00566ee0_fcn_00566ee0	r2_discovered	1	13	0	3	1	0	2	24	0	fcn.00566ee0 (int64_t arg1, int64_t arg2);
.text	0x567700	0x567715	21	21	fcn.00567700	native_stub_00567700_fcn_00567700	r2_discovered	1	6	0	16	1	0	3	8	0	fcn.00567700 (int64_t arg1, int64_t arg2, int64_t arg3);
.text	0x5677a0	0x567842	162	162	fcn.005677a0	native_stub_005677a0_fcn_005677a0	r2_discovered	10	41	13	2	2	1	4	40	0	fcn.005677a0 (int64_t arg1, int64_t arg2, int64_t arg3, int64_t arg4);
.text	0x567850	0x5678e8	152	152	fcn.00567850	native_stub_00567850_fcn_00567850	r2_discovered	9	39	12	2	2	1	4	40	0	fcn.00567850 (int64_t arg1, int64_t arg2, int64_t arg3, int64_t arg4);
.text	0x5678f0	0x567995	165	165	fcn.005678f0	native_stub_005678f0_fcn_005678f0	r2_discovered	14	52	17	6	2	1	4	40	0	fcn.005678f0 (int64_t arg1, int64_t arg2, int64_t arg3, int64_t arg4);
.text	0x5679b0	0x5679e0	48	48	fcn.005679b0	native_stub_005679b0_fcn_005679b0	r2_discovered	3	13	3	45	2	0	1	0	0	fcn.005679b0 (int64_t arg1);
.text	0x5679e0	0x567a01	33	33	fcn.005679e0	native_stub_005679e0_fcn_005679e0	r2_discovered	5	13	4	86	1	0	1	0	0	fcn.005679e0 (uint32_t arg1);
.text	0x567a10	0x567a18	8	8	fcn.00567a10	native_stub_00567a10_fcn_00567a10	r2_discovered	1	2	0	18	0	0	1	0	0	fcn.00567a10 (uint32_t arg1);
.text	0x567c30	0x567d3a	266	266	fcn.00567c30	native_stub_00567c30_fcn_00567c30	r2_discovered	21	81	30	4	7	0	2	40	0	fcn.00567c30 (int64_t arg1, int64_t arg2);
.text	0x567d40	0x567de1	161	161	fcn.00567d40	native_stub_00567d40_fcn_00567d40	r2_discovered	5	27	5	10	3	0	0	8	0	fcn.00567d40 ();
.text	0x567df0	0x567f10	288	288	fcn.00567df0	native_stub_00567df0_fcn_00567df0	r2_discovered	17	84	24	1	4	1	3	72	0	fcn.00567df0 (int64_t arg1, int64_t arg2, int64_t arg3);
.text	0x567f20	0x5680f7	471	471	fcn.00567f20	native_stub_00567f20_fcn_00567f20	r2_discovered	25	122	34	4	21	3	3	88	0	fcn.00567f20 (int64_t arg1, int64_t arg2, int64_t arg3);
.text	0x568110	0x56817e	110	110	fcn.00568110	native_stub_00568110_fcn_00568110	r2_discovered	3	26	2	2	4	1	1	40	0	fcn.00568110 (int64_t arg1);
.text	0x568180	0x5681c8	72	72	fcn.00568180	native_stub_00568180_fcn_00568180	r2_discovered	1	24	0	2	3	0	3	40	0	fcn.00568180 (int64_t arg1, int64_t arg2, int64_t arg3);
.text	0x5681f0	0x568416	550	550	fcn.005681f0	native_stub_005681f0_fcn_005681f0	r2_discovered	15	128	20	9	7	0	2	40	0	fcn.005681f0 (uint32_t arg1, int64_t arg2);
.text	0x568460	0x5684b4	84	84	fcn.00568460	native_stub_00568460_fcn_00568460	r2_discovered	6	26	8	8	2	0	1	24	0	fcn.00568460 (uint32_t arg1);
.text	0x5684d0	0x5684ec	28	28	method.std::__cxx11::numpunct_char_.virtual_8	native_stub_005684d0_method_std_cxx11_numpunct_char_virtual_8	native_discovered	1	10	0	0	1	0	1	24	0	method.std::__cxx11::numpunct_char_.virtual_8 (int64_t arg1);
.text	0x568500	0x5686e7	487	487	fcn.00568500	native_stub_00568500_fcn_00568500	r2_discovered	15	108	20	9	7	0	2	40	0	fcn.00568500 (uint32_t arg1, int64_t arg2);
.text	0x568730	0x568784	84	84	fcn.00568730	native_stub_00568730_fcn_00568730	r2_discovered	6	26	8	8	2	0	1	24	0	fcn.00568730 (uint32_t arg1);
.text	0x5687a0	0x5687bc	28	28	method.std::__cxx11::numpunct_wchar_t_.virtual_8	native_stub_005687a0_method_std_cxx11_numpunct_wchar_t_virtual_8	native_discovered	1	10	0	0	1	0	1	24	0	method.std::__cxx11::numpunct_wchar_t_.virtual_8 (int64_t arg1);
.text	0x5687d0	0x5687d5	5	5	method.std::ios_base::failure.virtual_16	native_stub_005687d0_method_std_ios_base_failure_virtual_16	native_discovered	1	2	0	0	0	0	1	0	0	method.std::ios_base::failure.virtual_16 (int64_t arg1);
.text	0x5687e0	0x568869	137	137	fcn.005687e0	native_stub_005687e0_fcn_005687e0	r2_discovered	9	35	11	1	3	2	1	24	0	fcn.005687e0 (int64_t arg1);
.text	0x568870	0x568882	18	18	method.std::ios_base::failure.virtual_8	native_stub_00568870_method_std_ios_base_failure_virtual_8	native_discovered	1	6	0	0	1	0	1	8	0	method.std::ios_base::failure.virtual_8 (int64_t arg1);
.text	0x568890	0x5688b4	36	36	fcn.00568890	native_stub_00568890_fcn_00568890	r2_discovered	1	13	0	1	1	0	2	24	0	fcn.00568890 (int64_t arg1, int64_t arg2);
.text	0x5688e0	0x568978	152	152	fcn.005688e0	native_stub_005688e0_fcn_005688e0	r2_discovered	11	41	14	1	4	4	1	56	0	fcn.005688e0 (int64_t arg1);
.text	0x568980	0x568985	5	5	fcn.00568980	native_stub_00568980_fcn_00568980	r2_discovered	1	2	0	2	0	0	1	0	0	fcn.00568980 (int64_t arg1);
.text	0x568990	0x5689c1	49	49	fcn.00568990	native_stub_00568990_fcn_00568990	r2_discovered	4	15	4	1	1	0	1	8	0	fcn.00568990 (uint32_t arg1);
.text	0x5689d0	0x568a8e	190	190	fcn.005689d0	native_stub_005689d0_fcn_005689d0	r2_discovered	13	55	17	2	4	1	3	40	0	fcn.005689d0 (int64_t arg1, uint32_t arg2, uint32_t arg3);
.text	0x568aa0	0x568b33	147	147	method.std::__cxx11::messages_char_.virtual_16	native_stub_00568aa0_method_std_cxx11_messages_char_virtual_16	native_discovered	3	42	2	0	8	1	2	56	0	method.std::__cxx11::messages_char_.virtual_16 (int64_t arg2, int64_t arg3);
.text	0x568b50	0x568d00	432	432	method.std::__cxx11::messages_char_.virtual_32	native_stub_00568b50_method_std_cxx11_messages_char_virtual_32	native_discovered	29	121	43	0	15	0	1	80	0	method.std::__cxx11::messages_char_.virtual_32 (int64_t arg2);
.text	0x568b70	0x568c35	197	197	method.std::__cxx11::messages_char_.virtual_24	native_stub_00568b70_method_std_cxx11_messages_char_virtual_24	native_discovered	8	61	11	0	8	2	4	72	0	method.std::__cxx11::messages_char_.virtual_24 (int64_t arg1, int64_t arg2, int64_t arg3, uint32_t arg6);
.text	0x568c40	0x568cd3	147	147	method.std::__cxx11::messages_wchar_t_.virtual_16	native_stub_00568c40_method_std_cxx11_messages_wchar_t_virtual_16	native_discovered	3	42	2	0	8	1	2	56	0	method.std::__cxx11::messages_wchar_t_.virtual_16 (int64_t arg2, int64_t arg3);
.text	0x568cf0	0x568eea	506	506	method.std::__cxx11::messages_wchar_t_.virtual_24	native_stub_00568cf0_method_std_cxx11_messages_wchar_t_virtual_24	native_discovered	11	143	14	0	13	12	4	152	0	method.std::__cxx11::messages_wchar_t_.virtual_24 (int64_t arg1, uint32_t arg2, int64_t arg3, int64_t arg6);
.text	0x568f00	0x568fc2	194	194	fcn.00568f00	native_stub_00568f00_fcn_00568f00	r2_discovered	16	64	21	4	0	0	2	0	0	fcn.00568f00 (int64_t arg1, int64_t arg2);
.text	0x568fd0	0x56904f	127	127	fcn.00568fd0	native_stub_00568fd0_fcn_00568fd0	r2_discovered	15	42	22	2	0	0	4	0	0	fcn.00568fd0 (int64_t arg1, uint32_t arg2, uint32_t arg3, int64_t arg4);
.text	0x569070	0x569085	21	21	fcn.00569070	native_stub_00569070_fcn_00569070	r2_discovered	1	6	0	18	1	0	1	8	0	fcn.00569070 (int64_t arg3);
.text	0x5690a0	0x5690ca	42	42	fcn.005690a0	native_stub_005690a0_fcn_005690a0	r2_discovered	1	14	0	1	1	0	3	8	0	fcn.005690a0 (int64_t arg1, int64_t arg2, char *arg3);
.text	0x5690d0	0x5690e5	21	21	fcn.005690d0	native_stub_005690d0_fcn_005690d0	r2_discovered	1	6	0	2	0	0	4	0	0	fcn.005690d0 (int64_t arg1, int64_t arg2, int64_t arg3, int64_t arg4);
.text	0x5690f0	0x56911a	42	42	fcn.005690f0	native_stub_005690f0_fcn_005690f0	r2_discovered	1	14	0	1	1	0	3	8	0	fcn.005690f0 (int64_t arg1, int64_t arg2, wchar_t *arg3);
.text	0x569120	0x569135	21	21	fcn.00569120	native_stub_00569120_fcn_00569120	r2_discovered	1	6	0	2	0	0	4	0	0	fcn.00569120 (int64_t arg1, int64_t arg2, int64_t arg3, int64_t arg4);
.text	0x569140	0x569232	242	242	fcn.00569140	native_stub_00569140_fcn_00569140	r2_discovered	22	80	31	3	5	0	3	40	0	fcn.00569140 (uint32_t arg1, int64_t arg2, int64_t arg3);
.text	0x569250	0x569358	264	264	fcn.00569250	native_stub_00569250_fcn_00569250	r2_discovered	19	86	28	3	5	0	3	40	0	fcn.00569250 (uint32_t arg1, int64_t arg2, int64_t arg3);
.text	0x569370	0x569856	1254	1254	fcn.00569370	native_stub_00569370_fcn_00569370	r2_discovered	26	293	36	9	30	3	2	88	0	fcn.00569370 (uint32_t arg1, int64_t arg2);
.text	0x569910	0x569df6	1254	1254	fcn.00569910	native_stub_00569910_fcn_00569910	r2_discovered	26	293	36	9	30	3	2	88	0	fcn.00569910 (uint32_t arg1, int64_t arg2);
.text	0x569eb0	0x569f6d	189	189	fcn.00569eb0	native_stub_00569eb0_fcn_00569eb0	r2_discovered	15	55	23	8	5	0	1	24	0	fcn.00569eb0 (int64_t arg1);
.text	0x569f90	0x569fac	28	28	method.std::__cxx11::moneypunct_char__true_.virtual_8	native_stub_00569f90_method_std_cxx11_moneypunct_char_true_virtual_8	native_discovered	1	10	0	0	1	0	1	24	0	method.std::__cxx11::moneypunct_char__true_.virtual_8 (int64_t arg1);
.text	0x569fc0	0x56a07d	189	189	fcn.00569fc0	native_stub_00569fc0_fcn_00569fc0	r2_discovered	15	55	23	8	5	0	1	24	0	fcn.00569fc0 (int64_t arg1);
.text	0x56a0a0	0x56a0bc	28	28	method.std::__cxx11::moneypunct_char__false_.virtual_8	native_stub_0056a0a0_method_std_cxx11_moneypunct_char_false_virtual_8	native_discovered	1	10	0	0	1	0	1	24	0	method.std::__cxx11::moneypunct_char__false_.virtual_8 (int64_t arg1);
.text	0x56a0d0	0x56a66d	1437	1437	fcn.0056a0d0	native_stub_0056a0d0_fcn_0056a0d0	r2_discovered	29	310	39	9	35	6	2	120	0	fcn.0056a0d0 (uint32_t arg1, int64_t arg2);
.text	0x56a740	0x56acdd	1437	1437	fcn.0056a740	native_stub_0056a740_fcn_0056a740	r2_discovered	29	310	39	9	35	6	2	120	0	fcn.0056a740 (uint32_t arg1, int64_t arg2);
.text	0x56adb0	0x56ae63	179	179	fcn.0056adb0	native_stub_0056adb0_fcn_0056adb0	r2_discovered	15	52	23	8	6	0	1	24	0	fcn.0056adb0 (int64_t arg1);
.text	0x56ae80	0x56ae9c	28	28	method.std::__cxx11::moneypunct_wchar_t__true_.virtual_8	native_stub_0056ae80_method_std_cxx11_moneypunct_wchar_t_true_virtual_8	native_discovered	1	10	0	0	1	0	1	24	0	method.std::__cxx11::moneypunct_wchar_t__true_.virtual_8 (int64_t arg1);
.text	0x56aeb0	0x56af63	179	179	fcn.0056aeb0	native_stub_0056aeb0_fcn_0056aeb0	r2_discovered	15	52	23	8	6	0	1	24	0	fcn.0056aeb0 (int64_t arg1);
.text	0x56af80	0x56af9c	28	28	method.std::__cxx11::moneypunct_wchar_t__false_.virtual_8	native_stub_0056af80_method_std_cxx11_moneypunct_wchar_t_false_virtual_8	native_discovered	1	10	0	0	1	0	1	24	0	method.std::__cxx11::moneypunct_wchar_t__false_.virtual_8 (int64_t arg1);
.text	0x56afb0	0x56b1d6	550	550	fcn.0056afb0	native_stub_0056afb0_fcn_0056afb0	r2_discovered	15	128	20	10	7	0	2	40	0	fcn.0056afb0 (uint32_t arg1, int64_t arg2);
.text	0x56b220	0x56b274	84	84	fcn.0056b220	native_stub_0056b220_fcn_0056b220	r2_discovered	6	26	8	8	2	0	1	24	0	fcn.0056b220 (uint32_t arg1);
.text	0x56b290	0x56b2ac	28	28	method.std::numpunct_char_.virtual_8	native_stub_0056b290_method_std_numpunct_char_virtual_8	native_discovered	1	10	0	0	1	0	1	24	0	method.std::numpunct_char_.virtual_8 (int64_t arg1);
.text	0x56b2c0	0x56b4a7	487	487	fcn.0056b2c0	native_stub_0056b2c0_fcn_0056b2c0	r2_discovered	15	108	20	10	7	0	2	40	0	fcn.0056b2c0 (uint32_t arg1, int64_t arg2);
.text	0x56b4f0	0x56b544	84	84	fcn.0056b4f0	native_stub_0056b4f0_fcn_0056b4f0	r2_discovered	6	26	8	8	2	0	1	24	0	fcn.0056b4f0 (uint32_t arg1);
.text	0x56b560	0x56b57c	28	28	method.std::numpunct_wchar_t_.virtual_8	native_stub_0056b560_method_std_numpunct_wchar_t_virtual_8	native_discovered	1	10	0	0	1	0	1	24	0	method.std::numpunct_wchar_t_.virtual_8 (int64_t arg1);
.text	0x56b590	0x56b623	147	147	method.std::messages_char_.virtual_16	native_stub_0056b590_method_std_messages_char_virtual_16	native_discovered	3	42	2	0	8	1	2	56	0	method.std::messages_char_.virtual_16 (int64_t arg2, int64_t arg3);
.text	0x56b640	0x56b653	19	19	method.std::messages_wchar_t_.virtual_32	native_stub_0056b640_method_std_messages_wchar_t_virtual_32	native_discovered	1	7	1	0	1	0	1	8	0	method.std::messages_wchar_t_.virtual_32 (int64_t arg2);
.text	0x56b660	0x56b724	196	196	method.std::messages_char_.virtual_24	native_stub_0056b660_method_std_messages_char_virtual_24	native_discovered	8	57	10	0	8	4	4	72	0	method.std::messages_char_.virtual_24 (int64_t arg1, int64_t arg2, int64_t arg3, int64_t arg6);
.text	0x56b730	0x56b7c3	147	147	method.std::messages_wchar_t_.virtual_16	native_stub_0056b730_method_std_messages_wchar_t_virtual_16	native_discovered	3	42	2	0	8	1	2	56	0	method.std::messages_wchar_t_.virtual_16 (int64_t arg2, int64_t arg3);
.text	0x56b7e0	0x56b99c	444	444	method.std::messages_wchar_t_.virtual_24	native_stub_0056b7e0_method_std_messages_wchar_t_virtual_24	native_discovered	9	127	12	0	13	11	4	152	0	method.std::messages_wchar_t_.virtual_24 (int64_t arg1, int64_t arg2, int64_t arg3, int64_t arg6);
.text	0x56b9a0	0x56b9ca	42	42	fcn.0056b9a0	native_stub_0056b9a0_fcn_0056b9a0	r2_discovered	1	14	0	1	1	0	3	8	0	fcn.0056b9a0 (int64_t arg1, int64_t arg2, int64_t arg3);
.text	0x56b9d0	0x56b9e5	21	21	fcn.0056b9d0	native_stub_0056b9d0_fcn_0056b9d0	r2_discovered	1	6	0	2	0	0	4	0	0	fcn.0056b9d0 (int64_t arg1, int64_t arg2, int64_t arg3, int64_t arg4);
.text	0x56b9f0	0x56ba1a	42	42	fcn.0056b9f0	native_stub_0056b9f0_fcn_0056b9f0	r2_discovered	1	14	0	1	1	0	3	8	0	fcn.0056b9f0 (int64_t arg1, int64_t arg2, wchar_t *arg3);
.text	0x56ba20	0x56ba35	21	21	fcn.0056ba20	native_stub_0056ba20_fcn_0056ba20	r2_discovered	1	6	0	2	0	0	4	0	0	fcn.0056ba20 (int64_t arg1, int64_t arg2, int64_t arg3, int64_t arg4);
.text	0x56ba40	0x56bc82	578	578	method.std::codecvt_wchar_t__char____mbstate_t_.virtual_16	native_stub_0056ba40_method_std_codecvt_wchar_t_char_mbstate_t_virtual_16	native_discovered	26	150	39	0	8	8	8	152	0	method.std::codecvt_wchar_t__char____mbstate_t_.virtual_16 (int64_t arg1, int64_t arg2, int64_t arg3, int64_t arg4, int64_t arg5, int64_t arg6, int64_t arg_a0h, int64_t arg_a8h);
.text	0x56bca0	0x56beb3	531	531	method.std::codecvt_wchar_t__char____mbstate_t_.virtual_32	native_stub_0056bca0_method_std_codecvt_wchar_t_char_mbstate_t_virtual_32	native_discovered	26	136	38	0	6	7	8	120	0	method.std::codecvt_wchar_t__char____mbstate_t_.virtual_32 (int64_t arg1, uint32_t arg2, int64_t arg3, int64_t arg4, int64_t arg5, int64_t arg6, int64_t arg_80h, int64_t arg_88h);
.text	0x56bed0	0x56bf02	50	50	method.std::codecvt_wchar_t__char____mbstate_t_.virtual_40	native_stub_0056bed0_method_std_codecvt_wchar_t_char_mbstate_t_virtual_40	native_discovered	1	17	0	0	3	0	1	24	0	method.std::codecvt_wchar_t__char____mbstate_t_.virtual_40 (int64_t arg1);
.text	0x56bf10	0x56bf3b	43	43	method.std::codecvt_wchar_t__char____mbstate_t_.virtual_64	native_stub_0056bf10_method_std_codecvt_wchar_t_char_mbstate_t_virtual_64	native_discovered	1	15	0	0	3	0	1	24	0	method.std::codecvt_wchar_t__char____mbstate_t_.virtual_64 (int64_t arg1);
.text	0x56bf40	0x56c0f5	437	437	method.std::codecvt_wchar_t__char____mbstate_t_.virtual_56	native_stub_0056bf40_method_std_codecvt_wchar_t_char_mbstate_t_virtual_56	native_discovered	21	119	29	0	6	11	5	136	0	method.std::codecvt_wchar_t__char____mbstate_t_.virtual_56 (int64_t arg1, int64_t arg2, int64_t arg3, int64_t arg4, int64_t arg5);
.text	0x56d3b0	0x56d3d3	35	35	fcn.0056d3b0	native_stub_0056d3b0_fcn_0056d3b0	r2_discovered	3	13	3	1	1	0	5	8	0	fcn.0056d3b0 (int64_t arg1, int64_t arg2, int64_t arg3, int64_t arg4, int64_t arg5);
.text	0x56d3e0	0x56dd19	2361	2361	fcn.0056d3e0	native_stub_0056d3e0_fcn_0056d3e0	r2_discovered	5	403	5	3	50	1	2	40	0	fcn.0056d3e0 (uint32_t arg1, uint32_t arg2);
.text	0x56dd30	0x56dd56	38	38	fcn.0056dd30	native_stub_0056dd30_fcn_0056dd30	r2_discovered	3	13	3	1	1	0	5	8	0	fcn.0056dd30 (int64_t arg1, int64_t arg2, int64_t arg3, int64_t arg4, int64_t arg5);
.text	0x56dd60	0x56e696	2358	2358	fcn.0056dd60	native_stub_0056dd60_fcn_0056dd60	r2_discovered	5	400	5	3	50	1	2	24	0	fcn.0056dd60 (uint32_t arg1, uint32_t arg2);
.text	0x56e790	0x56e7e2	82	82	fcn.0056e790	native_stub_0056e790_fcn_0056e790	r2_discovered	3	21	2	7	2	2	1	40	0	fcn.0056e790 (int64_t arg1);
.text	0x56e800	0x56e819	25	25	fcn.0056e800	native_stub_0056e800_fcn_0056e800	r2_discovered	1	8	0	3	1	0	1	8	0	fcn.0056e800 (int64_t arg1);
.text	0x56e820	0x56e839	25	25	fcn.0056e820	native_stub_0056e820_fcn_0056e820	r2_discovered	1	8	0	3	1	0	1	8	0	fcn.0056e820 (int64_t arg1);
.text	0x56e840	0x56e859	25	25	fcn.0056e840	native_stub_0056e840_fcn_0056e840	r2_discovered	1	8	0	3	1	0	1	8	0	fcn.0056e840 (int64_t arg1);
.text	0x56e860	0x56e879	25	25	fcn.0056e860	native_stub_0056e860_fcn_0056e860	r2_discovered	1	8	0	4	1	0	1	8	0	fcn.0056e860 (int64_t arg1);
.text	0x56e880	0x56e8d2	82	82	fcn.0056e880	native_stub_0056e880_fcn_0056e880	r2_discovered	3	21	2	6	2	2	1	40	0	fcn.0056e880 (int64_t arg1);
.text	0x56e8f0	0x56e909	25	25	fcn.0056e8f0	native_stub_0056e8f0_fcn_0056e8f0	r2_discovered	1	8	0	3	1	0	1	8	0	fcn.0056e8f0 (int64_t arg1);
.text	0x56e910	0x56e929	25	25	fcn.0056e910	native_stub_0056e910_fcn_0056e910	r2_discovered	1	8	0	3	1	0	1	8	0	fcn.0056e910 (int64_t arg1);
.text	0x56e930	0x56e949	25	25	fcn.0056e930	native_stub_0056e930_fcn_0056e930	r2_discovered	1	8	0	3	1	0	1	8	0	fcn.0056e930 (int64_t arg1);
.text	0x56e980	0x56e9b8	56	56	fcn.0056e980	native_stub_0056e980_fcn_0056e980	r2_discovered	3	12	2	2	2	2	0	24	0	fcn.0056e980 ();
.text	0x56eb80	0x56ebef	111	111	fcn.0056eb80	native_stub_0056eb80_fcn_0056eb80	r2_discovered	6	36	7	18	3	0	2	40	0	fcn.0056eb80 (int64_t arg1, int64_t arg2);
.text	0x56ec20	0x56ec25	5	5	fcn.0056ec20	native_stub_0056ec20_fcn_0056ec20	r2_discovered	1	1	0	3	0	0	0	0	0	fcn.0056ec20 ();
.text	0x56ec30	0x56ec35	5	5	fcn.0056ec30	native_stub_0056ec30_fcn_0056ec30	r2_discovered	1	1	0	9	0	0	0	0	0	fcn.0056ec30 ();
.text	0x56ec70	0x56ec75	5	5	fcn.0056ec70	native_stub_0056ec70_fcn_0056ec70	r2_discovered	1	2	0	16	0	0	1	0	0	fcn.0056ec70 (int64_t arg1);
.text	0x56ec80	0x56ec85	5	5	fcn.0056ec80	native_stub_0056ec80_fcn_0056ec80	r2_discovered	1	2	0	13	0	0	1	0	0	fcn.0056ec80 (int64_t arg1);
.text	0x56edc0	0x56edf7	55	55	fcn.0056edc0	native_stub_0056edc0_fcn_0056edc0	r2_discovered	2	12	1	1	2	0	1	8	0	fcn.0056edc0 (int64_t arg1);
.text	0x56ef50	0x56ef65	21	21	fcn.0056ef50	native_stub_0056ef50_fcn_0056ef50	r2_discovered	1	5	1	1	1	0	1	8	0	fcn.0056ef50 (int64_t arg1);
.text	0x56f0c0	0x56f0d5	21	21	fcn.0056f0c0	native_stub_0056f0c0_fcn_0056f0c0	r2_discovered	1	5	1	1	1	0	1	8	0	fcn.0056f0c0 (int64_t arg1);
.text	0x56f230	0x56f245	21	21	fcn.0056f230	native_stub_0056f230_fcn_0056f230	r2_discovered	1	5	1	1	1	0	1	8	0	fcn.0056f230 (int64_t arg1);
.text	0x56f3a0	0x56f3b5	21	21	fcn.0056f3a0	native_stub_0056f3a0_fcn_0056f3a0	r2_discovered	1	5	1	1	1	0	1	8	0	fcn.0056f3a0 (int64_t arg1);
.text	0x56f510	0x56f525	21	21	fcn.0056f510	native_stub_0056f510_fcn_0056f510	r2_discovered	1	5	1	1	1	0	1	8	0	fcn.0056f510 (int64_t arg1);
.text	0x56f6a0	0x56f6b5	21	21	fcn.0056f6a0	native_stub_0056f6a0_fcn_0056f6a0	r2_discovered	1	5	1	1	1	0	1	8	0	fcn.0056f6a0 (int64_t arg1);
.text	0x56f810	0x56f825	21	21	fcn.0056f810	native_stub_0056f810_fcn_0056f810	r2_discovered	1	5	1	1	1	0	1	8	0	fcn.0056f810 (int64_t arg1);
.text	0x56f980	0x56f995	21	21	fcn.0056f980	native_stub_0056f980_fcn_0056f980	r2_discovered	1	5	1	1	1	0	1	8	0	fcn.0056f980 (int64_t arg1);
.text	0x56f9c0	0x56f9d3	19	19	fcn.0056f9c0	native_stub_0056f9c0_fcn_0056f9c0	r2_discovered	1	4	0	1	0	0	1	0	0	fcn.0056f9c0 (int64_t arg1);
.text	0x56f9e0	0x56f9f2	18	18	method.std::ctype_byname_char_.virtual_8	native_stub_0056f9e0_method_std_ctype_byname_char_virtual_8	native_discovered	1	6	0	0	1	0	1	8	0	method.std::ctype_byname_char_.virtual_8 (int64_t arg1);
.text	0x56fab0	0x56fbea	314	314	fcn.0056fab0	native_stub_0056fab0_fcn_0056fab0	r2_discovered	28	65	30	1	0	0	1	0	0	fcn.0056fab0 (int64_t arg1);
.text	0x56fc00	0x56fc0d	13	13	method.std::ctype_wchar_t_.virtual_48	native_stub_0056fc00_method_std_ctype_wchar_t_virtual_48	native_discovered	1	4	0	0	0	0	2	0	0	method.std::ctype_wchar_t_.virtual_48 (int64_t arg1, int64_t arg2);
.text	0x56fc10	0x56fc64	84	84	method.std::ctype_wchar_t_.virtual_56	native_stub_0056fc10_method_std_ctype_wchar_t_virtual_56	native_discovered	5	31	6	0	1	0	3	40	0	method.std::ctype_wchar_t_.virtual_56 (int64_t arg1, uint32_t arg2, int64_t arg3);
.text	0x56fc70	0x56fc7d	13	13	method.std::ctype_wchar_t_.virtual_64	native_stub_0056fc70_method_std_ctype_wchar_t_virtual_64	native_discovered	1	4	0	0	0	0	2	0	0	method.std::ctype_wchar_t_.virtual_64 (int64_t arg1, int64_t arg2);
.text	0x56fc80	0x56fcd4	84	84	method.std::ctype_wchar_t_.virtual_72	native_stub_0056fc80_method_std_ctype_wchar_t_virtual_72	native_discovered	5	31	6	0	1	0	3	40	0	method.std::ctype_wchar_t_.virtual_72 (int64_t arg1, uint32_t arg2, int64_t arg3);
.text	0x56fce0	0x56fd78	152	152	method.std::ctype_wchar_t_.virtual_16	native_stub_0056fce0_method_std_ctype_wchar_t_virtual_16	native_discovered	9	51	11	0	2	0	3	40	0	method.std::ctype_wchar_t_.virtual_16 (uint32_t arg1, int64_t arg2, int64_t arg3);
.text	0x56fd80	0x56fe1f	159	159	method.std::ctype_wchar_t_.virtual_24	native_stub_0056fd80_method_std_ctype_wchar_t_virtual_24	native_discovered	9	50	12	0	1	1	4	72	0	method.std::ctype_wchar_t_.virtual_24 (int64_t arg1, uint32_t arg2, int64_t arg3, int64_t arg4);
.text	0x56fe30	0x56fe7d	77	77	method.std::ctype_wchar_t_.virtual_32	native_stub_0056fe30_method_std_ctype_wchar_t_virtual_32	native_discovered	6	31	8	0	1	0	3	40	0	method.std::ctype_wchar_t_.virtual_32 (int64_t arg1, uint32_t arg3, int64_t arg4);
.text	0x56fe90	0x56fedd	77	77	method.std::ctype_wchar_t_.virtual_40	native_stub_0056fe90_method_std_ctype_wchar_t_virtual_40	native_discovered	6	31	8	0	1	0	3	40	0	method.std::ctype_wchar_t_.virtual_40 (int64_t arg1, uint32_t arg3, int64_t arg4);
.text	0x56fef0	0x56fefc	12	12	method.std::ctype_wchar_t_.virtual_80	native_stub_0056fef0_method_std_ctype_wchar_t_virtual_80	native_discovered	1	3	0	0	0	0	1	0	0	method.std::ctype_wchar_t_.virtual_80 (int64_t arg1);
.text	0x56ff00	0x56ff2f	47	47	method.std::ctype_wchar_t_.virtual_88	native_stub_0056ff00_method_std_ctype_wchar_t_virtual_88	native_discovered	4	12	5	0	0	0	4	0	0	method.std::ctype_wchar_t_.virtual_88 (int64_t arg1, uint32_t arg2, int64_t arg3, int64_t arg4);
.text	0x56ff30	0x56ff76	70	70	method.std::ctype_wchar_t_.virtual_96	native_stub_0056ff30_method_std_ctype_wchar_t_virtual_96	native_discovered	4	27	4	0	3	0	3	24	0	method.std::ctype_wchar_t_.virtual_96 (uint32_t arg1, uint32_t arg2, int64_t arg3);
.text	0x56ff90	0x570073	227	227	method.std::ctype_wchar_t_.virtual_104	native_stub_0056ff90_method_std_ctype_wchar_t_virtual_104	native_discovered	11	71	17	0	4	1	5	72	0	method.std::ctype_wchar_t_.virtual_104 (int64_t arg1, int64_t arg2, int64_t arg3, int64_t arg4, int64_t arg5);
.text	0x5700a0	0x57016c	204	204	fcn.005700a0	native_stub_005700a0_fcn_005700a0	r2_discovered	10	56	13	3	4	0	1	0	0	fcn.005700a0 (int64_t arg1);
.text	0x570190	0x570260	208	208	fcn.00570190	native_stub_00570190_fcn_00570190	r2_discovered	1	45	1	1	2	12	2	240	0	fcn.00570190 (size_t *n, size_t *arg2);
.text	0x570260	0x570308	168	168	fcn.00570260	native_stub_00570260_fcn_00570260	r2_discovered	8	48	9	1	2	3	3	88	0	fcn.00570260 (void *s1, uint32_t arg2, int64_t arg3);
.text	0x570310	0x57043a	298	298	fcn.00570310	native_stub_00570310_fcn_00570310	r2_discovered	24	99	36	1	2	1	3	56	0	fcn.00570310 (int64_t arg1, int64_t arg3, int64_t arg4);
.text	0x570890	0x57094e	190	190	fcn.00570890	native_stub_00570890_fcn_00570890	r2_discovered	13	55	17	11	4	1	3	40	0	fcn.00570890 (int64_t arg1, int64_t arg2, int64_t arg3);
.text	0x572060	0x57208f	47	47	fcn.00572060	native_stub_00572060_fcn_00572060	r2_discovered	5	14	6	12	0	0	1	0	0	fcn.00572060 (int64_t arg1);
.text	0x5720a0	0x572205	357	357	fcn.005720a0	native_stub_005720a0_fcn_005720a0	r2_discovered	9	97	11	1	15	2	2	88	0	fcn.005720a0 (int64_t arg1, int64_t arg2);
.text	0x572230	0x572400	464	464	fcn.00572230	native_stub_00572230_fcn_00572230	r2_discovered	16	120	21	1	19	2	2	104	0	fcn.00572230 (int64_t arg1, int64_t arg2);
.text	0x572410	0x572416	6	6	fcn.00572410	native_stub_00572410_fcn_00572410	r2_discovered	1	2	0	1	0	0	1	0	0	fcn.00572410 (int64_t arg1);
.text	0x572420	0x572426	6	6	fcn.00572420	native_stub_00572420_fcn_00572420	r2_discovered	1	2	0	1	0	0	1	0	0	fcn.00572420 (int64_t arg1);
.text	0x572430	0x5724ba	138	138	fcn.00572430	native_stub_00572430_fcn_00572430	r2_discovered	7	39	8	1	4	2	2	72	0	fcn.00572430 (int64_t arg1, int64_t arg2);
.text	0x5724e0	0x572581	161	161	fcn.005724e0	native_stub_005724e0_fcn_005724e0	r2_discovered	7	49	8	1	4	4	2	88	0	fcn.005724e0 (int64_t arg1, int64_t arg2);
.text	0x5725b0	0x57278f	479	479	fcn.005725b0	native_stub_005725b0_fcn_005725b0	r2_discovered	11	131	14	1	22	2	2	88	0	fcn.005725b0 (int64_t arg1, int64_t arg2);
.text	0x5727c0	0x57299f	479	479	fcn.005727c0	native_stub_005727c0_fcn_005727c0	r2_discovered	11	131	14	1	22	2	2	88	0	fcn.005727c0 (int64_t arg1, int64_t arg2);
.text	0x5729d0	0x572c48	632	632	fcn.005729d0	native_stub_005729d0_fcn_005729d0	r2_discovered	20	161	27	1	27	2	2	104	0	fcn.005729d0 (int64_t arg1, int64_t arg2);
.text	0x572c50	0x572ec8	632	632	fcn.00572c50	native_stub_00572c50_fcn_00572c50	r2_discovered	20	161	27	1	27	2	2	104	0	fcn.00572c50 (int64_t arg1, int64_t arg2);
.text	0x572ed0	0x572f50	128	128	fcn.00572ed0	native_stub_00572ed0_fcn_00572ed0	r2_discovered	5	36	5	1	4	3	4	88	0	fcn.00572ed0 (int64_t arg1, int64_t arg2, int64_t arg3, int64_t arg4);
.text	0x572f70	0x572ff0	128	128	fcn.00572f70	native_stub_00572f70_fcn_00572f70	r2_discovered	5	36	5	1	4	3	4	88	0	fcn.00572f70 (int64_t arg1, int64_t arg2, int64_t arg3, int64_t arg4);
.text	0x573010	0x573103	243	243	fcn.00573010	native_stub_00573010_fcn_00573010	r2_discovered	9	68	11	1	6	5	7	152	0	fcn.00573010 (int64_t arg1, int64_t arg2, int64_t arg3, int64_t arg4, int64_t arg5, int64_t arg6, int64_t arg_a8h);
.text	0x573140	0x573250	272	272	fcn.00573140	native_stub_00573140_fcn_00573140	r2_discovered	9	78	11	1	6	7	7	168	0	fcn.00573140 (int64_t arg1, int64_t arg2, int64_t arg3, int64_t arg4, int64_t arg5, int64_t arg6, int64_t arg_18h);
.text	0x573290	0x573296	6	6	fcn.00573290	native_stub_00573290_fcn_00573290	r2_discovered	1	2	0	1	0	0	1	0	0	fcn.00573290 (int64_t arg1);
.text	0x5732a0	0x5732a6	6	6	fcn.005732a0	native_stub_005732a0_fcn_005732a0	r2_discovered	1	2	0	1	0	0	1	0	0	fcn.005732a0 (int64_t arg1);
.text	0x5732b0	0x5732b6	6	6	fcn.005732b0	native_stub_005732b0_fcn_005732b0	r2_discovered	1	2	0	1	0	0	1	0	0	fcn.005732b0 (int64_t arg1);
.text	0x5732c0	0x5732c6	6	6	fcn.005732c0	native_stub_005732c0_fcn_005732c0	r2_discovered	1	2	0	1	0	0	1	0	0	fcn.005732c0 (int64_t arg1);
.text	0x5732d0	0x57336e	158	158	fcn.005732d0	native_stub_005732d0_fcn_005732d0	r2_discovered	8	44	3	5	0	0	8	168	0	fcn.005732d0 (int64_t arg1, int64_t arg3, int64_t arg_18h_2, int64_t arg_18h, int64_t arg_20h, int64_t arg_28h, int64_t arg_18h_3, int64_t arg_18h_4);
.text	0x573380	0x57341e	158	158	fcn.00573380	native_stub_00573380_fcn_00573380	r2_discovered	8	44	3	5	0	0	8	0	0	fcn.00573380 (int64_t arg1, int64_t arg3, int64_t arg_bp_18h, int64_t arg_18h_2, int64_t arg_18h, int64_t arg_20h, int64_t arg_28h, int64_t arg_18h_3);
.text	0x573430	0x573559	297	297	fcn.00573430	native_stub_00573430_fcn_00573430	r2_discovered	11	85	14	2	5	7	6	0	0	fcn.00573430 (int64_t arg1, int64_t arg3, int64_t arg_bp_18h, int64_t arg_18h_2, int64_t arg_18h, int64_t arg_20h);
.text	0x573580	0x5736b5	309	309	fcn.00573580	native_stub_00573580_fcn_00573580	r2_discovered	11	89	14	2	5	7	6	152	0	fcn.00573580 (int64_t arg1, int64_t arg3, int64_t arg_18h, int64_t arg_20h, int64_t arg_28h, int64_t arg_30h);
.text	0x5736e0	0x5737fd	285	285	fcn.005736e0	native_stub_005736e0_fcn_005736e0	r2_discovered	11	83	14	2	8	9	9	312	0	fcn.005736e0 (int64_t arg1, int64_t arg2, int64_t arg3, int64_t arg4, int64_t arg5, int64_t arg6, int64_t arg_20h, int64_t arg_28h, int64_t arg_30h);
.text	0x573800	0x57391c	284	284	fcn.00573800	native_stub_00573800_fcn_00573800	r2_discovered	11	83	14	2	8	11	6	0	0	fcn.00573800 (int64_t arg1, int64_t arg2, int64_t arg3, int64_t arg4, int64_t arg5, int64_t arg6);
.text	0x573920	0x5743bc	2716	2716	fcn.00573920	native_stub_00573920_fcn_00573920	r2_discovered	87	527	118	1	45	1	2	56	0	fcn.00573920 (int64_t arg1, int64_t arg2);
.text	0x574600	0x5746cd	205	205	fcn.00574600	native_stub_00574600_fcn_00574600	r2_discovered	14	59	18	2	4	1	3	40	0	fcn.00574600 (int64_t arg1, int64_t arg2, int64_t arg3);
.text	0x5762d0	0x5764fa	554	554	fcn.005762d0	native_stub_005762d0_fcn_005762d0	r2_discovered	21	139	29	1	15	3	2	88	0	fcn.005762d0 (int64_t arg1, int64_t arg2);
.text	0x576550	0x576801	689	689	fcn.00576550	native_stub_00576550_fcn_00576550	r2_discovered	27	166	39	1	19	3	2	88	0	fcn.00576550 (int64_t arg1, int64_t arg2);
.text	0x576840	0x576846	6	6	fcn.00576840	native_stub_00576840_fcn_00576840	r2_discovered	1	2	0	1	0	0	1	0	0	fcn.00576840 (int64_t arg1);
.text	0x576850	0x576856	6	6	fcn.00576850	native_stub_00576850_fcn_00576850	r2_discovered	1	2	0	1	0	0	1	0	0	fcn.00576850 (int64_t arg1);
.text	0x576860	0x576913	179	179	fcn.00576860	native_stub_00576860_fcn_00576860	r2_discovered	11	49	14	1	4	3	2	56	0	fcn.00576860 (int64_t arg1, int64_t arg2);
.text	0x576940	0x5769f3	179	179	fcn.00576940	native_stub_00576940_fcn_00576940	r2_discovered	11	49	14	1	4	3	2	56	0	fcn.00576940 (int64_t arg1, int64_t arg2);
.text	0x576a20	0x576d03	739	739	fcn.00576a20	native_stub_00576a20_fcn_00576a20	r2_discovered	27	186	38	1	22	3	2	88	0	fcn.00576a20 (int64_t arg1, int64_t arg2);
.text	0x576d70	0x577053	739	739	fcn.00576d70	native_stub_00576d70_fcn_00576d70	r2_discovered	27	186	38	1	22	3	2	88	0	fcn.00576d70 (int64_t arg1, int64_t arg2);
.text	0x5770c0	0x57744e	910	910	fcn.005770c0	native_stub_005770c0_fcn_005770c0	r2_discovered	36	214	51	1	27	3	2	88	0	fcn.005770c0 (int64_t arg1, int64_t arg2);
.text	0x577490	0x57781e	910	910	fcn.00577490	native_stub_00577490_fcn_00577490	r2_discovered	36	214	51	1	27	3	2	88	0	fcn.00577490 (int64_t arg1, int64_t arg2);
.text	0x577860	0x57790b	171	171	fcn.00577860	native_stub_00577860_fcn_00577860	r2_discovered	9	49	11	1	4	4	4	88	0	fcn.00577860 (int64_t arg1, int64_t arg2, int64_t arg3, int64_t arg4);
.text	0x577940	0x5779eb	171	171	fcn.00577940	native_stub_00577940_fcn_00577940	r2_discovered	9	49	11	1	4	4	4	88	0	fcn.00577940 (int64_t arg1, int64_t arg2, int64_t arg3, int64_t arg4);
.text	0x577a20	0x577b5c	316	316	fcn.00577a20	native_stub_00577a20_fcn_00577a20	r2_discovered	17	89	23	1	6	6	7	104	0	fcn.00577a20 (int64_t arg1, int64_t arg2, int64_t arg3, int64_t arg4, int64_t arg5, int64_t arg6, int64_t arg_78h);
.text	0x577bc0	0x577cfc	316	316	fcn.00577bc0	native_stub_00577bc0_fcn_00577bc0	r2_discovered	17	89	23	1	6	6	7	104	0	fcn.00577bc0 (int64_t arg1, int64_t arg2, int64_t arg3, int64_t arg4, int64_t arg5, int64_t arg6, int64_t arg_78h);
.text	0x577d60	0x577d66	6	6	fcn.00577d60	native_stub_00577d60_fcn_00577d60	r2_discovered	1	2	0	1	0	0	1	0	0	fcn.00577d60 (int64_t arg1);
.text	0x577d70	0x577d76	6	6	fcn.00577d70	native_stub_00577d70_fcn_00577d70	r2_discovered	1	2	0	1	0	0	1	0	0	fcn.00577d70 (int64_t arg1);
.text	0x577d80	0x577d86	6	6	fcn.00577d80	native_stub_00577d80_fcn_00577d80	r2_discovered	1	2	0	1	0	0	1	0	0	fcn.00577d80 (int64_t arg1);
.text	0x577d90	0x577d96	6	6	fcn.00577d90	native_stub_00577d90_fcn_00577d90	r2_discovered	1	2	0	1	0	0	1	0	0	fcn.00577d90 (int64_t arg1);
.text	0x577da0	0x577e3e	158	158	fcn.00577da0	native_stub_00577da0_fcn_00577da0	r2_discovered	8	44	3	5	0	0	8	152	0	fcn.00577da0 (int64_t arg1, int64_t arg3, int64_t arg_18h_2, int64_t arg_18h, int64_t arg_20h, int64_t arg_28h, int64_t arg_18h_3, int64_t arg_18h_4);
.text	0x577e50	0x577eee	158	158	fcn.00577e50	native_stub_00577e50_fcn_00577e50	r2_discovered	8	44	3	5	0	0	8	0	0	fcn.00577e50 (int64_t arg1, int64_t arg3, int64_t arg_bp_18h, int64_t arg_18h_2, int64_t arg_18h, int64_t arg_20h, int64_t arg_28h, int64_t arg_18h_3);
.text	0x577f00	0x578058	344	344	fcn.00577f00	native_stub_00577f00_fcn_00577f00	r2_discovered	16	95	21	2	5	6	6	0	0	fcn.00577f00 (int64_t arg1, int64_t arg3, int64_t arg_bp_18h, int64_t arg_18h_2, int64_t arg_18h, int64_t arg_20h);
.text	0x578090	0x5781e8	344	344	fcn.00578090	native_stub_00578090_fcn_00578090	r2_discovered	16	95	21	2	5	6	6	136	0	fcn.00578090 (int64_t arg1, int64_t arg3, int64_t arg_18h, int64_t arg_20h, int64_t arg_28h, int64_t arg_30h);
.text	0x578220	0x578375	341	341	fcn.00578220	native_stub_00578220_fcn_00578220	r2_discovered	15	98	20	2	8	10	9	280	0	fcn.00578220 (int64_t arg1, int64_t arg2, int64_t arg3, int64_t arg4, int64_t arg5, int64_t arg6, int64_t arg_20h, int64_t arg_28h, int64_t arg_30h);
.text	0x578380	0x5784cd	333	333	fcn.00578380	native_stub_00578380_fcn_00578380	r2_discovered	15	96	20	2	8	12	6	0	0	fcn.00578380 (int64_t arg1, int64_t arg2, int64_t arg3, int64_t arg4, int64_t arg5, int64_t arg6);
.text	0x5784e0	0x578f7c	2716	2716	fcn.005784e0	native_stub_005784e0_fcn_005784e0	r2_discovered	87	527	118	1	45	1	2	56	0	fcn.005784e0 (int64_t arg1, int64_t arg2);
.text	0x5790b0	0x5792c3	531	531	fcn.005790b0	native_stub_005790b0_fcn_005790b0	r2_discovered	36	135	54	1	7	2	2	72	0	fcn.005790b0 (int64_t arg1, uint32_t arg2);
.text	0x579370	0x57958d	541	541	fcn.00579370	native_stub_00579370_fcn_00579370	r2_discovered	37	137	55	1	7	2	2	72	0	fcn.00579370 (int64_t arg1, uint32_t arg2);
.text	0x5797e0	0x57983d	93	93	fcn.005797e0	native_stub_005797e0_fcn_005797e0	r2_discovered	8	29	10	57	0	0	4	0	0	fcn.005797e0 (signed int64_t arg1, uint32_t arg2, int64_t arg3, int64_t arg4);
.text	0x579850	0x5798ad	93	93	fcn.00579850	native_stub_00579850_fcn_00579850	r2_discovered	6	26	6	2	0	0	2	0	0	fcn.00579850 (int64_t arg1, int64_t arg2);
.text	0x5798c0	0x57993e	126	126	fcn.005798c0	native_stub_005798c0_fcn_005798c0	r2_discovered	14	42	15	2	1	0	3	40	0	fcn.005798c0 (int64_t arg1, int64_t arg2, int64_t arg3);
.text	0x579960	0x5799ef	143	143	fcn.00579960	native_stub_00579960_fcn_00579960	r2_discovered	8	39	9	12	1	0	3	40	0	fcn.00579960 (int64_t arg1, int64_t arg2, int64_t arg3);
.text	0x579a10	0x579a2c	28	28	fcn.00579a10	native_stub_00579a10_fcn_00579a10	r2_discovered	3	8	3	5	0	0	1	0	0	fcn.00579a10 (int64_t arg1);
.text	0x579a30	0x579a9d	109	109	fcn.00579a30	native_stub_00579a30_fcn_00579a30	r2_discovered	9	36	11	12	0	0	1	0	0	fcn.00579a30 (signed int64_t arg1);
.text	0x579ab0	0x579af6	70	70	fcn.00579ab0	native_stub_00579ab0_fcn_00579ab0	r2_discovered	3	20	2	2	1	0	1	0	0	fcn.00579ab0 (signed int64_t arg1);
.text	0x579b00	0x579b43	67	67	fcn.00579b00	native_stub_00579b00_fcn_00579b00	r2_discovered	7	23	8	6	1	0	1	0	0	fcn.00579b00 (int64_t arg1);
.text	0x579b50	0x579baf	95	95	fcn.00579b50	native_stub_00579b50_fcn_00579b50	r2_discovered	5	28	6	4	1	0	1	0	0	fcn.00579b50 (int64_t arg1);
.text	0x579bc0	0x579cfd	317	317	fcn.00579bc0	native_stub_00579bc0_fcn_00579bc0	r2_discovered	20	82	31	7	1	0	1	0	0	fcn.00579bc0 (int64_t arg1);
.text	0x579d20	0x579d71	81	81	fcn.00579d20	native_stub_00579d20_fcn_00579d20	r2_discovered	4	27	5	2	2	0	2	16	0	fcn.00579d20 (int64_t arg1, int64_t arg2);
.text	0x579d80	0x579f6e	494	494	fcn.00579d80	native_stub_00579d80_fcn_00579d80	r2_discovered	43	149	62	3	1	0	2	8	0	fcn.00579d80 (uint32_t arg1, int64_t arg2);
.text	0x579f90	0x579ff4	100	100	fcn.00579f90	native_stub_00579f90_fcn_00579f90	r2_discovered	10	34	13	3	2	0	1	0	0	fcn.00579f90 (int64_t arg1);
.text	0x57a000	0x57a03f	63	63	fcn.0057a000	native_stub_0057a000_fcn_0057a000	r2_discovered	5	21	5	3	0	0	1	0	0	fcn.0057a000 (int64_t arg1);
.text	0x57a050	0x57a080	48	48	fcn.0057a050	native_stub_0057a050_fcn_0057a050	r2_discovered	10	20	15	3	0	0	2	0	0	fcn.0057a050 (uint32_t arg1, signed int64_t arg2);
.text	0x57a090	0x57a0bd	45	45	fcn.0057a090	native_stub_0057a090_fcn_0057a090	r2_discovered	5	13	6	4	0	0	2	0	0	fcn.0057a090 (int64_t arg1, int64_t arg2);
.text	0x57a0c0	0x57a12c	108	108	fcn.0057a0c0	native_stub_0057a0c0_fcn_0057a0c0	r2_discovered	13	41	15	4	2	0	2	24	0	fcn.0057a0c0 (int64_t arg1, int64_t arg2);
.text	0x57a230	0x57a29c	108	108	fcn.0057a230	native_stub_0057a230_fcn_0057a230	r2_discovered	11	34	15	4	3	0	2	0	0	fcn.0057a230 (int64_t arg1, uint32_t arg2);
.text	0x57a2b0	0x57a3b3	259	259	fcn.0057a2b0	native_stub_0057a2b0_fcn_0057a2b0	r2_discovered	11	68	14	3	3	1	2	88	0	fcn.0057a2b0 (int64_t arg1, int64_t arg2);
.text	0x57a3c0	0x57a448	136	136	fcn.0057a3c0	native_stub_0057a3c0_fcn_0057a3c0	r2_discovered	4	35	5	10	0	2	2	88	0	fcn.0057a3c0 (int64_t arg1, int64_t arg2);
.text	0x57a488	0x57ac05	1917	1917	fcn.0057a488	native_stub_0057a488_fcn_0057a488	r2_discovered	113	481	177	1	48	0	4	0	0	fcn.0057a488 (int64_t arg2, int64_t arg_8h, int64_t arg_10h, int64_t arg_18h);
.text	0x57ac30	0x57b298	1640	1640	fcn.0057ac30	native_stub_0057ac30_fcn_0057ac30	r2_discovered	103	434	162	23	36	0	1	40	0	fcn.0057ac30 (int64_t arg1);
.text	0x57b2f0	0x57b431	321	321	fcn.0057b2f0	native_stub_0057b2f0_fcn_0057b2f0	r2_discovered	21	91	29	14	6	1	1	56	0	fcn.0057b2f0 (int64_t arg1);
.text	0x57b450	0x57b46f	31	31	fcn.0057b450	native_stub_0057b450_fcn_0057b450	r2_discovered	3	10	2	2	0	0	1	0	0	fcn.0057b450 (int64_t arg1);
.text	0x57b480	0x57b9b4	1332	1332	fcn.0057b480	native_stub_0057b480_fcn_0057b480	r2_discovered	82	341	134	9	24	3	1	88	0	fcn.0057b480 (int64_t arg1);
.text	0x57ba10	0x57c443	2611	2611	fcn.0057ba10	native_stub_0057ba10_fcn_0057ba10	r2_discovered	110	651	160	39	48	1	1	72	0	fcn.0057ba10 (int64_t arg1);
.text	0x57c4c0	0x57c64f	399	399	fcn.0057c4c0	native_stub_0057c4c0_fcn_0057c4c0	r2_discovered	26	117	37	7	4	0	1	24	0	fcn.0057c4c0 (signed int64_t arg1);
.text	0x57c670	0x57c75c	236	236	fcn.0057c670	native_stub_0057c670_fcn_0057c670	r2_discovered	19	75	31	3	3	1	1	40	0	fcn.0057c670 (int64_t arg1);
.text	0x57c770	0x57c987	535	535	fcn.0057c770	native_stub_0057c770_fcn_0057c770	r2_discovered	36	146	56	2	5	2	3	72	0	fcn.0057c770 (int64_t arg1, int64_t arg2, uint32_t arg3);
.text	0x57c9c0	0x57ca23	99	99	fcn.0057c9c0	native_stub_0057c9c0_fcn_0057c9c0	r2_discovered	8	36	10	2	2	0	2	24	0	fcn.0057c9c0 (int64_t arg1, int64_t arg2);
.text	0x57ca40	0x57ca92	82	82	fcn.0057ca40	native_stub_0057ca40_fcn_0057ca40	r2_discovered	7	28	7	2	2	0	1	8	0	fcn.0057ca40 (int64_t arg1);
.text	0x57caa0	0x57cf07	1127	1127	fcn.0057caa0	native_stub_0057caa0_fcn_0057caa0	r2_discovered	75	308	108	11	10	0	1	24	0	fcn.0057caa0 (int64_t arg1);
.text	0x57cf40	0x57d4d7	1431	1431	fcn.0057cf40	native_stub_0057cf40_fcn_0057cf40	r2_discovered	99	399	149	10	29	0	2	24	0	fcn.0057cf40 (int64_t arg1, int64_t arg2);
.text	0x57d580	0x57d6e5	357	357	fcn.0057d580	native_stub_0057d580_fcn_0057d580	r2_discovered	30	105	45	3	3	0	1	0	0	fcn.0057d580 (int64_t arg1);
.text	0x57d700	0x581463	15715	15715	fcn.0057d700	native_stub_0057d700_fcn_0057d700	r2_discovered	695	3347	1028	1	223	13	3	296	0	fcn.0057d700 (int64_t arg1, int64_t arg2, int64_t arg3);
.text	0x57ffaa	0x58004d	163	163	fcn.0057ffaa	native_stub_0057ffaa_fcn_0057ffaa	r2_discovered	10	40	11	1	3	0	3	0	0	fcn.0057ffaa (int64_t arg4, int64_t arg_8h, int64_t arg_e8h);
.text	0x581610	0x581696	134	134	fcn.00581610	native_stub_00581610_fcn_00581610	r2_discovered	7	34	8	80	2	2	2	0	0	fcn.00581610 (int64_t arg1, int64_t arg3);
.text	0x5816a0	0x581ef8	2136	2136	fcn.005816a0	native_stub_005816a0_fcn_005816a0	r2_discovered	91	442	120	5	21	0	3	8	0	fcn.005816a0 (char *arg1, int64_t arg2, int64_t arg3);
.text	0x581fa0	0x5822a2	770	770	fcn.00581fa0	native_stub_00581fa0_fcn_00581fa0	r2_discovered	31	160	46	3	9	0	4	40	0	fcn.00581fa0 (int64_t arg1, int64_t arg2, int64_t arg3, int64_t arg4);
.text	0x5822c0	0x5826b4	1012	1012	fcn.005822c0	native_stub_005822c0_fcn_005822c0	r2_discovered	49	240	72	6	14	3	4	120	0	fcn.005822c0 (int64_t arg1, int64_t arg2, int64_t arg3, int64_t arg4);
.text	0x5826d0	0x58295b	651	651	fcn.005826d0	native_stub_005826d0_fcn_005826d0	r2_discovered	28	146	39	2	9	0	4	56	0	fcn.005826d0 (int64_t arg1, int64_t arg2, int64_t arg3, int64_t arg4);
.text	0x582980	0x582a1b	155	155	fcn.00582980	native_stub_00582980_fcn_00582980	r2_discovered	9	43	12	11	1	0	2	40	0	fcn.00582980 (int64_t arg1, uint32_t arg3);
.text	0x582a30	0x582b11	225	225	fcn.00582a30	native_stub_00582a30_fcn_00582a30	r2_discovered	8	50	11	14	3	0	3	56	0	fcn.00582a30 (int64_t arg1, int64_t arg2, int64_t arg3);
.text	0x582b20	0x582e74	852	852	fcn.00582b20	native_stub_00582b20_fcn_00582b20	r2_discovered	34	192	48	2	13	1	4	72	0	fcn.00582b20 (int64_t arg1, int64_t arg2, int64_t arg3, int64_t arg4);
.text	0x582e90	0x58341c	1420	1420	fcn.00582e90	native_stub_00582e90_fcn_00582e90	r2_discovered	58	312	92	2	11	38	3	568	0	fcn.00582e90 (uint32_t arg1, int64_t arg2, int64_t arg3);
.text	0x583450	0x5835b3	355	355	sym.__cxa_demangle	native_stub_00583450_sym_cxa_demangle	symbol_named	29	94	44	0	7	4	4	88	0	sym.__cxa_demangle (int64_t arg1, int64_t arg2, int64_t arg3, int64_t arg4);
.text	0x5835e0	0x583606	38	38	sym.__gcclibcxx_demangle_callback	native_stub_005835e0_sym_gcclibcxx_demangle_callback	symbol_named	4	13	4	0	1	0	2	8	0	sym.__gcclibcxx_demangle_callback (int64_t arg1, int64_t arg2);
.text	0x583610	0x583637	39	39	sym.__cxa_current_exception_type	native_stub_00583610_sym_cxa_current_exception_type	symbol_named	5	13	6	0	1	0	0	8	0	sym.__cxa_current_exception_type ();
.text	0x583640	0x583650	16	16	fcn.00583640	native_stub_00583640_fcn_00583640	r2_discovered	1	4	0	7	0	0	2	0	0	fcn.00583640 (int64_t arg1, int64_t arg2);
.fini	0x583650	0x583659	9	9	sym._fini	native_stub_00583650_sym_fini	symbol_named	1	3	0	0	0	0	0	8	0	sym._fini ();
