entry	target	events	tail_site	insns_seen	state_update_count	flag_update_count	branch_count	ip_reads	state_updates	final_state_expr	flag_updates	branches
0	0x78561	89	0x78833	171	2	0	5	0x78614:u16_2,0x7862f:byte0,0x786f1:b4,0x78726:u16_2,0x787bc:u16_0	0x785c5:xor:state0 ^ 0x1966e0e7;0x787fe:sub:state0 ^ 0x1966e0e7 - u16_0 + state0 ^ 0x1966e0e7 - 0x251a0141	state0 ^ 0x1966e0e7 - u16_0 + state0 ^ 0x1966e0e7 - 0x251a0141		0x78634:jne,0x7864f:jne,0x78668:jne,0x7867f:jne,0x786fc:je
1	0x78835	0	0x78c74	241	8	6	2	0x78850:u16_6,0x78875:u16_4,0x788a2:u32_0,0x78900:u32_2,0x789bd:byte0,0x78b8c:u16_0	0x78923:and:state0 & u32_2;0x789d7:add:state0 & u32_2 + flags0 - 0x7a70ea42 + 0x68fd81fa | 0x5792765a;0x78a33:xor:state0 & u32_2 + flags0 - 0x7a70ea42 + 0x68fd81fa | 0x5792765a ^ flags0 - 0x7a70ea42 + 0x68fd81fa | 0x5792765a & state0 & u32_2 + flags0 - 0x7a70ea42 + 0x68fd81fa | 0x5792765a - 0x53332262 + state0 & u32_2 + flags0 - 0x7a70ea42 + 0x68fd81fa | 0x5792765a + 0x18181cd5;0x78a93:sub:state0 & u32_2 + flags0 - 0x7a70ea42 + 0x68fd81fa | 0x5792765a ^ flags0 - 0x7a70ea42 + 0x68fd81fa | 0x5792765a & state0 & u32_2 + flags0 - 0x7a70ea42 + 0x68fd81fa | 0x5792765a - 0x53332262 + state0 & u32_2 + flags0 - 0x7a70ea42 + 0x68fd81fa | 0x5792765a + 0x18181cd5 - flags0 - 0x7a70ea42 + 0x68fd81fa | 0x5792765a & state0 & u32_2 + flags0 - 0x7a70ea42 + 0x68fd81fa | 0x5792765a - 0x53332262 + state0 & u32_2 + flags0 - 0x7a70ea42 + 0x68fd81fa | 0x5792765a + 0x18181cd5 | 0x5976122d | 0x46c00171;0x78ab6:and:state0 & u32_2 + flags0 - 0x7a70ea42 + 0x68fd81fa | 0x5792765a ^ flags0 - 0x7a70ea42 + 0x68fd81fa | 0x5792765a & state0 & u32_2 + flags0 - 0x7a70ea42 + 0x68fd81fa | 0x5792765a - 0x53332262 + state0 & u32_2 + flags0 - 0x7a70ea42 + 0x68fd81fa | 0x5792765a + 0x18181cd5 - flags0 - 0x7a70ea42 + 0x68fd81fa | 0x5792765a & state0 & u32_2 + flags0 - 0x7a70ea42 + 0x68fd81fa | 0x5792765a - 0x53332262 + state0 & u32_2 + flags0 - 0x7a70ea42 + 0x68fd81fa | 0x5792765a + 0x18181cd5 | 0x5976122d | 0x46c00171 & 0xaee30e6;0x78ad4:or:state0 & u32_2 + flags0 - 0x7a70ea42 + 0x68fd81fa | 0x5792765a ^ flags0 - 0x7a70ea42 + 0x68fd81fa | 0x5792765a & state0 & u32_2 + flags0 - 0x7a70ea42 + 0x68fd81fa | 0x5792765a - 0x53332262 + state0 & u32_2 + flags0 - 0x7a70ea42 + 0x68fd81fa | 0x5792765a + 0x18181cd5 - flags0 - 0x7a70ea42 + 0x68fd81fa | 0x5792765a & state0 & u32_2 + flags0 - 0x7a70ea42 + 0x68fd81fa | 0x5792765a - 0x53332262 + state0 & u32_2 + flags0 - 0x7a70ea42 + 0x68fd81fa | 0x5792765a + 0x18181cd5 | 0x5976122d | 0x46c00171 & 0xaee30e6 | flags0 - 0x7a70ea42 + 0x68fd81fa | 0x5792765a & state0 & u32_2 + flags0 - 0x7a70ea42 + 0x68fd81fa | 0x5792765a - 0x53332262 + state0 & u32_2 + flags0 - 0x7a70ea42 + 0x68fd81fa | 0x5792765a + 0x18181cd5 | 0x5976122d;0x78af2:or:state0 & u32_2 + flags0 - 0x7a70ea42 + 0x68fd81fa | 0x5792765a ^ flags0 - 0x7a70ea42 + 0x68fd81fa | 0x5792765a & state0 & u32_2 + flags0 - 0x7a70ea42 + 0x68fd81fa | 0x5792765a - 0x53332262 + state0 & u32_2 + flags0 - 0x7a70ea42 + 0x68fd81fa | 0x5792765a + 0x18181cd5 - flags0 - 0x7a70ea42 + 0x68fd81fa | 0x5792765a & state0 & u32_2 + flags0 - 0x7a70ea42 + 0x68fd81fa | 0x5792765a - 0x53332262 + state0 & u32_2 + flags0 - 0x7a70ea42 + 0x68fd81fa | 0x5792765a + 0x18181cd5 | 0x5976122d | 0x46c00171 & 0xaee30e6 | flags0 - 0x7a70ea42 + 0x68fd81fa | 0x5792765a & state0 & u32_2 + flags0 - 0x7a70ea42 + 0x68fd81fa | 0x5792765a - 0x53332262 + state0 & u32_2 + flags0 - 0x7a70ea42 + 0x68fd81fa | 0x5792765a + 0x18181cd5 | 0x5976122d | 0x1da8e06;0x78c2c:and:state0 & u32_2 + flags0 - 0x7a70ea42 + 0x68fd81fa | 0x5792765a ^ flags0 - 0x7a70ea42 + 0x68fd81fa | 0x5792765a & state0 & u32_2 + flags0 - 0x7a70ea42 + 0x68fd81fa | 0x5792765a - 0x53332262 + state0 & u32_2 + flags0 - 0x7a70ea42 + 0x68fd81fa | 0x5792765a + 0x18181cd5 - flags0 - 0x7a70ea42 + 0x68fd81fa | 0x5792765a & state0 & u32_2 + flags0 - 0x7a70ea42 + 0x68fd81fa | 0x5792765a - 0x53332262 + state0 & u32_2 + flags0 - 0x7a70ea42 + 0x68fd81fa | 0x5792765a + 0x18181cd5 | 0x5976122d | 0x46c00171 & 0xaee30e6 | flags0 - 0x7a70ea42 + 0x68fd81fa | 0x5792765a & state0 & u32_2 + flags0 - 0x7a70ea42 + 0x68fd81fa | 0x5792765a - 0x53332262 + state0 & u32_2 + flags0 - 0x7a70ea42 + 0x68fd81fa | 0x5792765a + 0x18181cd5 | 0x5976122d | 0x1da8e06 & u16_0 - state0 & u32_2 + flags0 - 0x7a70ea42 + 0x68fd81fa | 0x5792765a ^ flags0 - 0x7a70ea42 + 0x68fd81fa | 0x5792765a & state0 & u32_2 + flags0 - 0x7a70ea42 + 0x68fd81fa | 0x5792765a - 0x53332262 + state0 & u32_2 + flags0 - 0x7a70ea42 + 0x68fd81fa | 0x5792765a + 0x18181cd5 - flags0 - 0x7a70ea42 + 0x68fd81fa | 0x5792765a & state0 & u32_2 + flags0 - 0x7a70ea42 + 0x68fd81fa | 0x5792765a - 0x53332262 + state0 & u32_2 + flags0 - 0x7a70ea42 + 0x68fd81fa | 0x5792765a + 0x18181cd5 | 0x5976122d | 0x46c00171 & 0xaee30e6 | flags0 - 0x7a70ea42 + 0x68fd81fa | 0x5792765a & state0 & u32_2 + flags0 - 0x7a70ea42 + 0x68fd81fa | 0x5792765a - 0x53332262 + state0 & u32_2 + flags0 - 0x7a70ea42 + 0x68fd81fa | 0x5792765a + 0x18181cd5 | 0x5976122d | 0x1da8e06 ^ 0x4bf26182	state0 & u32_2 + flags0 - 0x7a70ea42 + 0x68fd81fa | 0x5792765a ^ flags0 - 0x7a70ea42 + 0x68fd81fa | 0x5792765a & state0 & u32_2 + flags0 - 0x7a70ea42 + 0x68fd81fa | 0x5792765a - 0x53332262 + state0 & u32_2 + flags0 - 0x7a70ea42 + 0x68fd81fa | 0x5792765a + 0x18181cd5 - flags0 - 0x7a70ea42 + 0x68fd81fa | 0x5792765a & state0 & u32_2 + flags0 - 0x7a70ea42 + 0x68fd81fa | 0x5792765a - 0x53332262 + state0 & u32_2 + flags0 - 0x7a70ea42 + 0x68fd81fa | 0x5792765a + 0x18181cd5 | 0x5976122d | 0x46c00171 & 0xaee30e6 | flags0 - 0x7a70ea42 + 0x68fd81fa | 0x5792765a & state0 & u32_2 + flags0 - 0x7a70ea42 + 0x68fd81fa | 0x5792765a - 0x53332262 + state0 & u32_2 + flags0 - 0x7a70ea42 + 0x68fd81fa | 0x5792765a + 0x18181cd5 | 0x5976122d | 0x1da8e06 & u16_0 - state0 & u32_2 + flags0 - 0x7a70ea42 + 0x68fd81fa | 0x5792765a ^ flags0 - 0x7a70ea42 + 0x68fd81fa | 0x5792765a & state0 & u32_2 + flags0 - 0x7a70ea42 + 0x68fd81fa | 0x5792765a - 0x53332262 + state0 & u32_2 + flags0 - 0x7a70ea42 + 0x68fd81fa | 0x5792765a + 0x18181cd5 - flags0 - 0x7a70ea42 + 0x68fd81fa | 0x5792765a & state0 & u32_2 + flags0 - 0x7a70ea42 + 0x68fd81fa | 0x5792765a - 0x53332262 + state0 & u32_2 + flags0 - 0x7a70ea42 + 0x68fd81fa | 0x5792765a + 0x18181cd5 | 0x5976122d | 0x46c00171 & 0xaee30e6 | flags0 - 0x7a70ea42 + 0x68fd81fa | 0x5792765a & state0 & u32_2 + flags0 - 0x7a70ea42 + 0x68fd81fa | 0x5792765a - 0x53332262 + state0 & u32_2 + flags0 - 0x7a70ea42 + 0x68fd81fa | 0x5792765a + 0x18181cd5 | 0x5976122d | 0x1da8e06 ^ 0x4bf26182	0x78930:sub:flags0 - 0x7a70ea42;0x7899e:add:flags0 - 0x7a70ea42 + 0x68fd81fa;0x789af:or:flags0 - 0x7a70ea42 + 0x68fd81fa | 0x5792765a;0x789f7:and:flags0 - 0x7a70ea42 + 0x68fd81fa | 0x5792765a & state0 & u32_2 + flags0 - 0x7a70ea42 + 0x68fd81fa | 0x5792765a - 0x53332262;0x78a19:add:flags0 - 0x7a70ea42 + 0x68fd81fa | 0x5792765a & state0 & u32_2 + flags0 - 0x7a70ea42 + 0x68fd81fa | 0x5792765a - 0x53332262 + state0 & u32_2 + flags0 - 0x7a70ea42 + 0x68fd81fa | 0x5792765a + 0x18181cd5;0x78a67:or:flags0 - 0x7a70ea42 + 0x68fd81fa | 0x5792765a & state0 & u32_2 + flags0 - 0x7a70ea42 + 0x68fd81fa | 0x5792765a - 0x53332262 + state0 & u32_2 + flags0 - 0x7a70ea42 + 0x68fd81fa | 0x5792765a + 0x18181cd5 | 0x5976122d	0x7898e:je,0x78a57:je
2	0x788e2	0	0x78c74	194	8	6	2	0x78900:u32_2,0x789bd:byte0,0x78b8c:u16_0	0x78923:and:state0 & u32_2;0x789d7:add:state0 & u32_2 + flags0 - 0x7a70ea42 + 0x68fd81fa | 0x5792765a;0x78a33:xor:state0 & u32_2 + flags0 - 0x7a70ea42 + 0x68fd81fa | 0x5792765a ^ flags0 - 0x7a70ea42 + 0x68fd81fa | 0x5792765a & state0 & u32_2 + flags0 - 0x7a70ea42 + 0x68fd81fa | 0x5792765a - 0x53332262 + state0 & u32_2 + flags0 - 0x7a70ea42 + 0x68fd81fa | 0x5792765a + 0x18181cd5;0x78a93:sub:state0 & u32_2 + flags0 - 0x7a70ea42 + 0x68fd81fa | 0x5792765a ^ flags0 - 0x7a70ea42 + 0x68fd81fa | 0x5792765a & state0 & u32_2 + flags0 - 0x7a70ea42 + 0x68fd81fa | 0x5792765a - 0x53332262 + state0 & u32_2 + flags0 - 0x7a70ea42 + 0x68fd81fa | 0x5792765a + 0x18181cd5 - flags0 - 0x7a70ea42 + 0x68fd81fa | 0x5792765a & state0 & u32_2 + flags0 - 0x7a70ea42 + 0x68fd81fa | 0x5792765a - 0x53332262 + state0 & u32_2 + flags0 - 0x7a70ea42 + 0x68fd81fa | 0x5792765a + 0x18181cd5 | 0x5976122d | 0x46c00171;0x78ab6:and:state0 & u32_2 + flags0 - 0x7a70ea42 + 0x68fd81fa | 0x5792765a ^ flags0 - 0x7a70ea42 + 0x68fd81fa | 0x5792765a & state0 & u32_2 + flags0 - 0x7a70ea42 + 0x68fd81fa | 0x5792765a - 0x53332262 + state0 & u32_2 + flags0 - 0x7a70ea42 + 0x68fd81fa | 0x5792765a + 0x18181cd5 - flags0 - 0x7a70ea42 + 0x68fd81fa | 0x5792765a & state0 & u32_2 + flags0 - 0x7a70ea42 + 0x68fd81fa | 0x5792765a - 0x53332262 + state0 & u32_2 + flags0 - 0x7a70ea42 + 0x68fd81fa | 0x5792765a + 0x18181cd5 | 0x5976122d | 0x46c00171 & 0xaee30e6;0x78ad4:or:state0 & u32_2 + flags0 - 0x7a70ea42 + 0x68fd81fa | 0x5792765a ^ flags0 - 0x7a70ea42 + 0x68fd81fa | 0x5792765a & state0 & u32_2 + flags0 - 0x7a70ea42 + 0x68fd81fa | 0x5792765a - 0x53332262 + state0 & u32_2 + flags0 - 0x7a70ea42 + 0x68fd81fa | 0x5792765a + 0x18181cd5 - flags0 - 0x7a70ea42 + 0x68fd81fa | 0x5792765a & state0 & u32_2 + flags0 - 0x7a70ea42 + 0x68fd81fa | 0x5792765a - 0x53332262 + state0 & u32_2 + flags0 - 0x7a70ea42 + 0x68fd81fa | 0x5792765a + 0x18181cd5 | 0x5976122d | 0x46c00171 & 0xaee30e6 | flags0 - 0x7a70ea42 + 0x68fd81fa | 0x5792765a & state0 & u32_2 + flags0 - 0x7a70ea42 + 0x68fd81fa | 0x5792765a - 0x53332262 + state0 & u32_2 + flags0 - 0x7a70ea42 + 0x68fd81fa | 0x5792765a + 0x18181cd5 | 0x5976122d;0x78af2:or:state0 & u32_2 + flags0 - 0x7a70ea42 + 0x68fd81fa | 0x5792765a ^ flags0 - 0x7a70ea42 + 0x68fd81fa | 0x5792765a & state0 & u32_2 + flags0 - 0x7a70ea42 + 0x68fd81fa | 0x5792765a - 0x53332262 + state0 & u32_2 + flags0 - 0x7a70ea42 + 0x68fd81fa | 0x5792765a + 0x18181cd5 - flags0 - 0x7a70ea42 + 0x68fd81fa | 0x5792765a & state0 & u32_2 + flags0 - 0x7a70ea42 + 0x68fd81fa | 0x5792765a - 0x53332262 + state0 & u32_2 + flags0 - 0x7a70ea42 + 0x68fd81fa | 0x5792765a + 0x18181cd5 | 0x5976122d | 0x46c00171 & 0xaee30e6 | flags0 - 0x7a70ea42 + 0x68fd81fa | 0x5792765a & state0 & u32_2 + flags0 - 0x7a70ea42 + 0x68fd81fa | 0x5792765a - 0x53332262 + state0 & u32_2 + flags0 - 0x7a70ea42 + 0x68fd81fa | 0x5792765a + 0x18181cd5 | 0x5976122d | 0x1da8e06;0x78c2c:and:state0 & u32_2 + flags0 - 0x7a70ea42 + 0x68fd81fa | 0x5792765a ^ flags0 - 0x7a70ea42 + 0x68fd81fa | 0x5792765a & state0 & u32_2 + flags0 - 0x7a70ea42 + 0x68fd81fa | 0x5792765a - 0x53332262 + state0 & u32_2 + flags0 - 0x7a70ea42 + 0x68fd81fa | 0x5792765a + 0x18181cd5 - flags0 - 0x7a70ea42 + 0x68fd81fa | 0x5792765a & state0 & u32_2 + flags0 - 0x7a70ea42 + 0x68fd81fa | 0x5792765a - 0x53332262 + state0 & u32_2 + flags0 - 0x7a70ea42 + 0x68fd81fa | 0x5792765a + 0x18181cd5 | 0x5976122d | 0x46c00171 & 0xaee30e6 | flags0 - 0x7a70ea42 + 0x68fd81fa | 0x5792765a & state0 & u32_2 + flags0 - 0x7a70ea42 + 0x68fd81fa | 0x5792765a - 0x53332262 + state0 & u32_2 + flags0 - 0x7a70ea42 + 0x68fd81fa | 0x5792765a + 0x18181cd5 | 0x5976122d | 0x1da8e06 & u16_0 - state0 & u32_2 + flags0 - 0x7a70ea42 + 0x68fd81fa | 0x5792765a ^ flags0 - 0x7a70ea42 + 0x68fd81fa | 0x5792765a & state0 & u32_2 + flags0 - 0x7a70ea42 + 0x68fd81fa | 0x5792765a - 0x53332262 + state0 & u32_2 + flags0 - 0x7a70ea42 + 0x68fd81fa | 0x5792765a + 0x18181cd5 - flags0 - 0x7a70ea42 + 0x68fd81fa | 0x5792765a & state0 & u32_2 + flags0 - 0x7a70ea42 + 0x68fd81fa | 0x5792765a - 0x53332262 + state0 & u32_2 + flags0 - 0x7a70ea42 + 0x68fd81fa | 0x5792765a + 0x18181cd5 | 0x5976122d | 0x46c00171 & 0xaee30e6 | flags0 - 0x7a70ea42 + 0x68fd81fa | 0x5792765a & state0 & u32_2 + flags0 - 0x7a70ea42 + 0x68fd81fa | 0x5792765a - 0x53332262 + state0 & u32_2 + flags0 - 0x7a70ea42 + 0x68fd81fa | 0x5792765a + 0x18181cd5 | 0x5976122d | 0x1da8e06 ^ 0x4bf26182	state0 & u32_2 + flags0 - 0x7a70ea42 + 0x68fd81fa | 0x5792765a ^ flags0 - 0x7a70ea42 + 0x68fd81fa | 0x5792765a & state0 & u32_2 + flags0 - 0x7a70ea42 + 0x68fd81fa | 0x5792765a - 0x53332262 + state0 & u32_2 + flags0 - 0x7a70ea42 + 0x68fd81fa | 0x5792765a + 0x18181cd5 - flags0 - 0x7a70ea42 + 0x68fd81fa | 0x5792765a & state0 & u32_2 + flags0 - 0x7a70ea42 + 0x68fd81fa | 0x5792765a - 0x53332262 + state0 & u32_2 + flags0 - 0x7a70ea42 + 0x68fd81fa | 0x5792765a + 0x18181cd5 | 0x5976122d | 0x46c00171 & 0xaee30e6 | flags0 - 0x7a70ea42 + 0x68fd81fa | 0x5792765a & state0 & u32_2 + flags0 - 0x7a70ea42 + 0x68fd81fa | 0x5792765a - 0x53332262 + state0 & u32_2 + flags0 - 0x7a70ea42 + 0x68fd81fa | 0x5792765a + 0x18181cd5 | 0x5976122d | 0x1da8e06 & u16_0 - state0 & u32_2 + flags0 - 0x7a70ea42 + 0x68fd81fa | 0x5792765a ^ flags0 - 0x7a70ea42 + 0x68fd81fa | 0x5792765a & state0 & u32_2 + flags0 - 0x7a70ea42 + 0x68fd81fa | 0x5792765a - 0x53332262 + state0 & u32_2 + flags0 - 0x7a70ea42 + 0x68fd81fa | 0x5792765a + 0x18181cd5 - flags0 - 0x7a70ea42 + 0x68fd81fa | 0x5792765a & state0 & u32_2 + flags0 - 0x7a70ea42 + 0x68fd81fa | 0x5792765a - 0x53332262 + state0 & u32_2 + flags0 - 0x7a70ea42 + 0x68fd81fa | 0x5792765a + 0x18181cd5 | 0x5976122d | 0x46c00171 & 0xaee30e6 | flags0 - 0x7a70ea42 + 0x68fd81fa | 0x5792765a & state0 & u32_2 + flags0 - 0x7a70ea42 + 0x68fd81fa | 0x5792765a - 0x53332262 + state0 & u32_2 + flags0 - 0x7a70ea42 + 0x68fd81fa | 0x5792765a + 0x18181cd5 | 0x5976122d | 0x1da8e06 ^ 0x4bf26182	0x78930:sub:flags0 - 0x7a70ea42;0x7899e:add:flags0 - 0x7a70ea42 + 0x68fd81fa;0x789af:or:flags0 - 0x7a70ea42 + 0x68fd81fa | 0x5792765a;0x789f7:and:flags0 - 0x7a70ea42 + 0x68fd81fa | 0x5792765a & state0 & u32_2 + flags0 - 0x7a70ea42 + 0x68fd81fa | 0x5792765a - 0x53332262;0x78a19:add:flags0 - 0x7a70ea42 + 0x68fd81fa | 0x5792765a & state0 & u32_2 + flags0 - 0x7a70ea42 + 0x68fd81fa | 0x5792765a - 0x53332262 + state0 & u32_2 + flags0 - 0x7a70ea42 + 0x68fd81fa | 0x5792765a + 0x18181cd5;0x78a67:or:flags0 - 0x7a70ea42 + 0x68fd81fa | 0x5792765a & state0 & u32_2 + flags0 - 0x7a70ea42 + 0x68fd81fa | 0x5792765a - 0x53332262 + state0 & u32_2 + flags0 - 0x7a70ea42 + 0x68fd81fa | 0x5792765a + 0x18181cd5 | 0x5976122d	0x7898e:je,0x78a57:je
3	0x78c77	3434	0x792f5	360	7	1	3	0x78c84:byte0,0x78d73:byte0,0x79156:b2,0x79182:u16_3,0x791dc:u16_0	0x78cca:sub:state0 - flags0;0x78d10:sub:state0 - flags0 - 0x1c03cc82;0x78d42:sub:state0 - flags0 - 0x1c03cc82 - flags0;0x78d62:or:state0 - flags0 - 0x1c03cc82 - flags0 | 0x38c49877;0x78d80:sub:state0 - flags0 - 0x1c03cc82 - flags0 | 0x38c49877 - 0x742d9511;0x79196:add:state0 - flags0 - 0x1c03cc82 - flags0 | 0x38c49877 - 0x742d9511 + 0x4ddaed7b;0x7928d:xor:state0 - flags0 - 0x1c03cc82 - flags0 | 0x38c49877 - 0x742d9511 + 0x4ddaed7b ^ u16_0 ^ state0 - flags0 - 0x1c03cc82 - flags0 | 0x38c49877 - 0x742d9511 + 0x4ddaed7b + 0x4bc0d288	state0 - flags0 - 0x1c03cc82 - flags0 | 0x38c49877 - 0x742d9511 + 0x4ddaed7b ^ u16_0 ^ state0 - flags0 - 0x1c03cc82 - flags0 | 0x38c49877 - 0x742d9511 + 0x4ddaed7b + 0x4bc0d288	0x7912e:xor:flags0 ^ 0x1f2b12e0	0x78c93:je,0x78cd4:je,0x79161:je
4	0x792f8	0	0x79672	195	8	3	0	0x79364:byte0,0x793c6:byte0,0x793e8:byte0,0x7941d:byte0,0x794c2:u32_0,0x795e1:u16_4,0x79626:u16_4 - state0 + 0x3b3bbe74 - 0x3732e4cc + 0x154265a3 & 0x2bd560b0 ^ 0x3aea6ba6 + flags0 - state0 + 0x3b3bbe74 - 0x3732e4cc + 0x1f59164b - 0x3bcedb21 ^ u32_0 + state0 + 0x3b3bbe74 - 0x3732e4cc + 0x154265a3 & 0x2bd560b0 ^ 0x3aea6ba6 + flags0 - state0 + 0x3b3bbe74 - 0x3732e4cc + 0x1f59164b - 0x3bcedb21 ^ flags0 - state0 + 0x3b3bbe74 - 0x3732e4cc + 0x1f59164b - 0x3bcedb21 ^ 0x2a994b16	0x79353:add:state0 + 0x3b3bbe74;0x79371:sub:state0 + 0x3b3bbe74 - 0x3732e4cc;0x793b3:add:state0 + 0x3b3bbe74 - 0x3732e4cc + 0x154265a3;0x793f5:and:state0 + 0x3b3bbe74 - 0x3732e4cc + 0x154265a3 & 0x2bd560b0;0x7942a:xor:state0 + 0x3b3bbe74 - 0x3732e4cc + 0x154265a3 & 0x2bd560b0 ^ 0x3aea6ba6;0x79446:add:state0 + 0x3b3bbe74 - 0x3732e4cc + 0x154265a3 & 0x2bd560b0 ^ 0x3aea6ba6 + flags0 - state0 + 0x3b3bbe74 - 0x3732e4cc + 0x1f59164b - 0x3bcedb21;0x7953e:xor:state0 + 0x3b3bbe74 - 0x3732e4cc + 0x154265a3 & 0x2bd560b0 ^ 0x3aea6ba6 + flags0 - state0 + 0x3b3bbe74 - 0x3732e4cc + 0x1f59164b - 0x3bcedb21 ^ u32_0 + state0 + 0x3b3bbe74 - 0x3732e4cc + 0x154265a3 & 0x2bd560b0 ^ 0x3aea6ba6 + flags0 - state0 + 0x3b3bbe74 - 0x3732e4cc + 0x1f59164b - 0x3bcedb21 ^ flags0 - state0 + 0x3b3bbe74 - 0x3732e4cc + 0x1f59164b - 0x3bcedb21;0x79629:or:state0 + 0x3b3bbe74 - 0x3732e4cc + 0x154265a3 & 0x2bd560b0 ^ 0x3aea6ba6 + flags0 - state0 + 0x3b3bbe74 - 0x3732e4cc + 0x1f59164b - 0x3bcedb21 ^ u32_0 + state0 + 0x3b3bbe74 - 0x3732e4cc + 0x154265a3 & 0x2bd560b0 ^ 0x3aea6ba6 + flags0 - state0 + 0x3b3bbe74 - 0x3732e4cc + 0x1f59164b - 0x3bcedb21 ^ flags0 - state0 + 0x3b3bbe74 - 0x3732e4cc + 0x1f59164b - 0x3bcedb21 | u16_4 - state0 + 0x3b3bbe74 - 0x3732e4cc + 0x154265a3 & 0x2bd560b0 ^ 0x3aea6ba6 + flags0 - state0 + 0x3b3bbe74 - 0x3732e4cc + 0x1f59164b - 0x3bcedb21 ^ u32_0 + state0 + 0x3b3bbe74 - 0x3732e4cc + 0x154265a3 & 0x2bd560b0 ^ 0x3aea6ba6 + flags0 - state0 + 0x3b3bbe74 - 0x3732e4cc + 0x1f59164b - 0x3bcedb21 ^ flags0 - state0 + 0x3b3bbe74 - 0x3732e4cc + 0x1f59164b - 0x3bcedb21 ^ 0x2a994b16	state0 + 0x3b3bbe74 - 0x3732e4cc + 0x154265a3 & 0x2bd560b0 ^ 0x3aea6ba6 + flags0 - state0 + 0x3b3bbe74 - 0x3732e4cc + 0x1f59164b - 0x3bcedb21 ^ u32_0 + state0 + 0x3b3bbe74 - 0x3732e4cc + 0x154265a3 & 0x2bd560b0 ^ 0x3aea6ba6 + flags0 - state0 + 0x3b3bbe74 - 0x3732e4cc + 0x1f59164b - 0x3bcedb21 ^ flags0 - state0 + 0x3b3bbe74 - 0x3732e4cc + 0x1f59164b - 0x3bcedb21 | u16_4 - state0 + 0x3b3bbe74 - 0x3732e4cc + 0x154265a3 & 0x2bd560b0 ^ 0x3aea6ba6 + flags0 - state0 + 0x3b3bbe74 - 0x3732e4cc + 0x1f59164b - 0x3bcedb21 ^ u32_0 + state0 + 0x3b3bbe74 - 0x3732e4cc + 0x154265a3 & 0x2bd560b0 ^ 0x3aea6ba6 + flags0 - state0 + 0x3b3bbe74 - 0x3732e4cc + 0x1f59164b - 0x3bcedb21 ^ flags0 - state0 + 0x3b3bbe74 - 0x3732e4cc + 0x1f59164b - 0x3bcedb21 ^ 0x2a994b16	0x79396:sub:flags0 - state0 + 0x3b3bbe74 - 0x3732e4cc + 0x1f59164b;0x793a3:sub:flags0 - state0 + 0x3b3bbe74 - 0x3732e4cc + 0x1f59164b - 0x3bcedb21;0x79558:and:flags0 - state0 + 0x3b3bbe74 - 0x3732e4cc + 0x1f59164b - 0x3bcedb21 & 0x500698c1	
5	0x79675	0	0x799c4	183	1	0	1	0x79690:u16_6,0x796b5:u16_4,0x796e1:u32_0,0x7977d:u16_3,0x79782:u16_0,0x797ea:u16_5,0x79871:u16_3,0x7989f:u16_0,0x79935:u16_7	0x79985:add:state0 + u16_7 ^ state0 + 0x17cd41c1	state0 + u16_7 ^ state0 + 0x17cd41c1		0x798b7:je
6	0x7971e	0	0x799c4	136	1	0	1	0x7977d:u16_3,0x79782:u16_0,0x797ea:u16_5,0x79871:u16_3,0x7989f:u16_0,0x79935:u16_7	0x79985:add:state0 + u16_7 ^ state0 + 0x17cd41c1	state0 + u16_7 ^ state0 + 0x17cd41c1		0x798b7:je
7	0x799c7	0	0x79da1	226	1	0	5	0x799e2:u16_2,0x79a08:u16_0,0x79b22:u16_3,0x79b90:byte0,0x79ca9:b2,0x79ce5:u16_3,0x79d32:u16_0	0x79ae2:or:state0 | flags0	state0 | flags0		0x79b97:jne,0x79bac:jne,0x79bc6:jne,0x79be9:jne,0x79cb4:je
8	0x79a3d	0	0x79da1	190	1	0	5	0x79b22:u16_3,0x79b90:byte0,0x79ca9:b2,0x79ce5:u16_3,0x79d32:u16_0	0x79ae2:or:state0 | flags0	state0 | flags0		0x79b97:jne,0x79bac:jne,0x79bc6:jne,0x79be9:jne,0x79cb4:je
9	0x79da3	3	0x7a04c	149	1	0	5	0x79e24:byte0,0x79f12:b0,0x79f64:u16_1,0x79fcf:u16_3	0x7a00f:and:state0 & u16_3 - state0 ^ 0x25d88329	state0 & u16_3 - state0 ^ 0x25d88329		0x79e2b:jne,0x79e39:jne,0x79e48:jne,0x79e56:jne,0x79f1d:je
10	0x7a04f	0	0x7a4d6	256	4	2	9	0x7a058:byte0,0x7a065:byte0,0x7a20d:byte0,0x7a324:b4,0x7a354:u16_2,0x7a43a:u16_0	0x7a116:and:state0 & flags0;0x7a270:xor:state0 & flags0 ^ flags0 + state0 & flags0 + 0x564636d2 & 0x1a79a963 ^ 0x36174357;0x7a368:add:state0 & flags0 ^ flags0 + state0 & flags0 + 0x564636d2 & 0x1a79a963 ^ 0x36174357 + 0x4123783c;0x7a487:sub:state0 & flags0 ^ flags0 + state0 & flags0 + 0x564636d2 & 0x1a79a963 ^ 0x36174357 + 0x4123783c - u16_0 ^ state0 & flags0 ^ flags0 + state0 & flags0 + 0x564636d2 & 0x1a79a963 ^ 0x36174357 + 0x4123783c - 0x19471e33	state0 & flags0 ^ flags0 + state0 & flags0 + 0x564636d2 & 0x1a79a963 ^ 0x36174357 + 0x4123783c - u16_0 ^ state0 & flags0 ^ flags0 + state0 & flags0 + 0x564636d2 & 0x1a79a963 ^ 0x36174357 + 0x4123783c - 0x19471e33	0x7a15b:add:flags0 + state0 & flags0 + 0x564636d2;0x7a178:and:flags0 + state0 & flags0 + 0x564636d2 & 0x1a79a963	0x7a1a0:je,0x7a1d0:je,0x7a214:jne,0x7a222:jne,0x7a230:jne,0x7a23d:jne,0x7a2cf:je,0x7a2e8:je,0x7a332:je
11	0x7a4d8	0	0x7acd6	456	1	0	38	0x7a533:u16_6,0x7a575:b8,0x7ab62:u32_0,0x7ab8d:u16_4,0x7abdd:u16_9,0x7ac3f:u16_11	0x7ac87:add:state0 + u16_11 + state0 ^ 0x4ecbeff6	state0 + u16_11 + state0 ^ 0x4ecbeff6		0x7a57c:je,0x7a586:je,0x7a5b7:je,0x7a5ef:jne,0x7a5fb:jne,0x7a62c:jne,0x7a63e:jne,0x7a64b:jne,0x7a666:jne,0x7a672:jne,0x7a6ab:jne,0x7a6b7:je,0x7a707:jne,0x7a719:je,0x7a746:je,0x7a77c:jne,0x7a78c:jne,0x7a7d1:jne,0x7a809:jne,0x7a850:jne,0x7a87a:jne,0x7a8c1:je,0x7a8ec:jne,0x7a8fc:je,0x7a97b:je,0x7a9a3:jne,0x7a9af:jne,0x7a9ec:jne,0x7a9f8:jne,0x7aa2a:jne,0x7aa36:jne,0x7aa5d:jne,0x7aa69:je,0x7aa97:jne,0x7aaa3:je,0x7aae9:jne,0x7aaf5:je,0x7ab41:je
12	0x7acd8	0	0x7aee6	115	2	0	1	0x7ad3c:u16_4,0x7ad46:u16_6,0x7adc1:u16_2,0x7ae68:u16_0	0x7ad75:or:state0 | flags0;0x7aea6:or:state0 | flags0 | u16_0 - state0 | flags0 + 0x61ec39cd	state0 | flags0 | u16_0 - state0 | flags0 + 0x61ec39cd		0x7adf1:je
13	0x7aee8	5	0x7b3bb	270	2	4	9	0x7b082:byte0,0x7b0e7:b4,0x7b113:u16_2,0x7b137:byte0,0x7b2ec:u16_0	0x7b130:xor:state0 ^ 0x67934603;0x7b1ba:xor:state0 ^ 0x67934603 ^ flags0 - 0x1c36555 | 0x771fee31 | 0x1490ac71 - 0x2de02e8	state0 ^ 0x67934603 ^ flags0 - 0x1c36555 | 0x771fee31 | 0x1490ac71 - 0x2de02e8	0x7af1e:sub:flags0 - 0x1c36555;0x7af2e:or:flags0 - 0x1c36555 | 0x771fee31;0x7b068:or:flags0 - 0x1c36555 | 0x771fee31 | 0x1490ac71;0x7b189:sub:flags0 - 0x1c36555 | 0x771fee31 | 0x1490ac71 - 0x2de02e8	0x7af0e:je,0x7b058:je,0x7b089:jne,0x7b097:jne,0x7b0a6:jne,0x7b0b4:jne,0x7b0f2:je,0x7b14c:je,0x7b179:je
14	0x7b3be	0	0x7b6c9	159	2	0	3	0x7b543:b4,0x7b59d:u16_2,0x7b655:u16_0	0x7b5cf:and:state0 & flags0;0x7b688:xor:state0 & flags0 ^ u16_0 - 0x7584d103	state0 & flags0 ^ u16_0 - 0x7584d103		0x7b494:jne,0x7b4ac:jne,0x7b54e:je
15	0x7b6cb	0	0x7bae7	241	2	0	5	0x7b6df:u32_0,0x7b732:u32_0,0x7b961:b0,0x7b9bc:u16_3,0x7ba42:u16_1	0x7b7a9:xor:state0 ^ flags0;0x7baa5:xor:state0 ^ flags0 ^ u16_1 - 0x699ad46a	state0 ^ flags0 ^ u16_1 - 0x699ad46a		0x7b6fe:je,0x7b70f:je,0x7b8d6:jne,0x7b8ed:jne,0x7b96c:je
16	0x7b77c	0	0x7bae7	187	2	0	3	0x7b961:b0,0x7b9bc:u16_3,0x7ba42:u16_1	0x7b7a9:xor:state0 ^ flags0;0x7baa5:xor:state0 ^ flags0 ^ u16_1 - 0x699ad46a	state0 ^ flags0 ^ u16_1 - 0x699ad46a		0x7b8d6:jne,0x7b8ed:jne,0x7b96c:je
17	0x7bae9	758	0x7be98	199	4	7	7	0x7bb5e:byte0,0x7bb78:u16_0,0x7bbd6:b2,0x7bdc5:u16_3	0x7bb36:or:state0 | flags0 ^ 0x4365071c;0x7bba1:and:state0 | flags0 ^ 0x4365071c & u16_0 ^ state0 | flags0 ^ 0x4365071c + flags0 ^ 0x4365071c;0x7bc4d:xor:state0 | flags0 ^ 0x4365071c & u16_0 ^ state0 | flags0 ^ 0x4365071c + flags0 ^ 0x4365071c ^ 0x95f9698;0x7be35:add:state0 | flags0 ^ 0x4365071c & u16_0 ^ state0 | flags0 ^ 0x4365071c + flags0 ^ 0x4365071c ^ 0x95f9698 + u16_3 - state0 | flags0 ^ 0x4365071c & u16_0 ^ state0 | flags0 ^ 0x4365071c + flags0 ^ 0x4365071c ^ 0x95f9698	state0 | flags0 ^ 0x4365071c & u16_0 ^ state0 | flags0 ^ 0x4365071c + flags0 ^ 0x4365071c ^ 0x95f9698 + u16_3 - state0 | flags0 ^ 0x4365071c & u16_0 ^ state0 | flags0 ^ 0x4365071c + flags0 ^ 0x4365071c ^ 0x95f9698	0x7bb19:xor:flags0 ^ 0x4365071c;0x7bbae:sub:flags0 ^ 0x4365071c - 0x69693e45;0x7bc3c:and:flags0 ^ 0x4365071c - 0x69693e45 & 0x3d8b48f7;0x7bc8b:sub:flags0 ^ 0x4365071c - 0x69693e45 & 0x3d8b48f7 - 0x1b99cfe0;0x7bc9b:add:flags0 ^ 0x4365071c - 0x69693e45 & 0x3d8b48f7 - 0x1b99cfe0 + 0x7ec4552a;0x7bd1e:and:flags0 ^ 0x4365071c - 0x69693e45 & 0x3d8b48f7 - 0x1b99cfe0 + 0x7ec4552a & 0x2b98de46;0x7bd2e:add:flags0 ^ 0x4365071c - 0x69693e45 & 0x3d8b48f7 - 0x1b99cfe0 + 0x7ec4552a & 0x2b98de46 + 0x459da9b2	0x7bafa:je,0x7bbdd:jne,0x7bbea:jne,0x7bbf8:jne,0x7bc05:jne,0x7bc7b:je,0x7bd0e:je
18	0x7be9b	25448	0x7c308	239	4	6	4	0x7bebd:byte0,0x7bf62:byte0,0x7bf6f:byte0,0x7bf96:byte0,0x7c03a:b2,0x7c148:byte0,0x7c200:u16_0	0x7bf3a:and:state0 & flags0 | 0x954df65 + 0x5b466f3b;0x7bf47:sub:state0 & flags0 | 0x954df65 + 0x5b466f3b - 0x6382ce20;0x7bf89:and:state0 & flags0 | 0x954df65 + 0x5b466f3b - 0x6382ce20 & flags0 | 0x954df65 + 0x5b466f3b;0x7c2b1:sub:state0 & flags0 | 0x954df65 + 0x5b466f3b - 0x6382ce20 & flags0 | 0x954df65 + 0x5b466f3b - u16_0 - state0 & flags0 | 0x954df65 + 0x5b466f3b - 0x6382ce20 & flags0 | 0x954df65 + 0x5b466f3b	state0 & flags0 | 0x954df65 + 0x5b466f3b - 0x6382ce20 & flags0 | 0x954df65 + 0x5b466f3b - u16_0 - state0 & flags0 | 0x954df65 + 0x5b466f3b - 0x6382ce20 & flags0 | 0x954df65 + 0x5b466f3b	0x7bf0e:or:flags0 | 0x954df65;0x7bf1e:add:flags0 | 0x954df65 + 0x5b466f3b;0x7bff0:add:flags0 | 0x954df65 + 0x5b466f3b + 0x4872934a;0x7c0fa:sub:flags0 | 0x954df65 + 0x5b466f3b + 0x4872934a - 0x6a461e06;0x7c18e:sub:flags0 | 0x954df65 + 0x5b466f3b + 0x4872934a - 0x6a461e06 - 0x2d264ba3;0x7c19f:or:flags0 | 0x954df65 + 0x5b466f3b + 0x4872934a - 0x6a461e06 - 0x2d264ba3 | 0x52561d19	0x7bed4:je,0x7befe:je,0x7bfe0:je,0x7c17e:je
19	0x7c30a	0	0x7c628	173	1	0	2	0x7c361:u16_4,0x7c365:u16_2,0x7c3da:u16_9,0x7c45a:u16_2,0x7c47a:u16_4,0x7c50c:b8,0x7c54b:u16_0,0x7c5b4:u16_6	0x7c5fe:and:state0 & u16_6 - state0 + 0x7d53d38d	state0 & u16_6 - state0 + 0x7d53d38d		0x7c492:je,0x7c517:je
20	0x7c62b	9485	0x7ca96	238	6	3	3	0x7c63f:byte0,0x7c6ed:byte0,0x7c836:u16_0,0x7c9df:u16_2	0x7c689:or:state0 | flags0 | 0x180e72f2;0x7c695:sub:state0 | flags0 | 0x180e72f2 - 0x36332ac8;0x7c8d7:sub:state0 | flags0 | 0x180e72f2 - 0x36332ac8 - flags0 ^ 0x58f71b08 & 0x17188826 & 0x1fa2014f;0x7c8e6:or:state0 | flags0 | 0x180e72f2 - 0x36332ac8 - flags0 ^ 0x58f71b08 & 0x17188826 & 0x1fa2014f | 0x38e67f26;0x7c943:sub:state0 | flags0 | 0x180e72f2 - 0x36332ac8 - flags0 ^ 0x58f71b08 & 0x17188826 & 0x1fa2014f | 0x38e67f26 - flags0 ^ 0x58f71b08 & 0x17188826;0x7ca3d:and:state0 | flags0 | 0x180e72f2 - 0x36332ac8 - flags0 ^ 0x58f71b08 & 0x17188826 & 0x1fa2014f | 0x38e67f26 - flags0 ^ 0x58f71b08 & 0x17188826 & u16_2 ^ state0 | flags0 | 0x180e72f2 - 0x36332ac8 - flags0 ^ 0x58f71b08 & 0x17188826 & 0x1fa2014f | 0x38e67f26 - flags0 ^ 0x58f71b08 & 0x17188826	state0 | flags0 | 0x180e72f2 - 0x36332ac8 - flags0 ^ 0x58f71b08 & 0x17188826 & 0x1fa2014f | 0x38e67f26 - flags0 ^ 0x58f71b08 & 0x17188826 & u16_2 ^ state0 | flags0 | 0x180e72f2 - 0x36332ac8 - flags0 ^ 0x58f71b08 & 0x17188826 & 0x1fa2014f | 0x38e67f26 - flags0 ^ 0x58f71b08 & 0x17188826	0x7c72f:xor:flags0 ^ 0x58f71b08;0x7c77b:and:flags0 ^ 0x58f71b08 & 0x17188826;0x7c974:or:flags0 ^ 0x58f71b08 & 0x17188826 | state0 | flags0 | 0x180e72f2 - 0x36332ac8 - flags0 ^ 0x58f71b08 & 0x17188826 & 0x1fa2014f | 0x38e67f26 - flags0 ^ 0x58f71b08 & 0x17188826	0x7c649:je,0x7c702:je,0x7c858:jne
21	0x7ca98	0	0x7d004	316	4	5	10	0x7caaa:u32_0,0x7cafb:u32_0,0x7cb91:byte0,0x7ccbf:byte0,0x7cd3f:byte0,0x7ce38:byte0,0x7ce66:b2,0x7ce92:u16_0,0x7cf10:u16_3	0x7cc5e:sub:state0 - flags0 ^ 0x293ef0b0 + 0xf4dbe5a;0x7cc7f:and:state0 - flags0 ^ 0x293ef0b0 + 0xf4dbe5a & 0x75af46b;0x7cd33:or:state0 - flags0 ^ 0x293ef0b0 + 0xf4dbe5a & 0x75af46b | flags0 ^ 0x293ef0b0 + 0xf4dbe5a;0x7cfa1:xor:state0 - flags0 ^ 0x293ef0b0 + 0xf4dbe5a & 0x75af46b | flags0 ^ 0x293ef0b0 + 0xf4dbe5a ^ u16_3 + state0 - flags0 ^ 0x293ef0b0 + 0xf4dbe5a & 0x75af46b | flags0 ^ 0x293ef0b0 + 0xf4dbe5a	state0 - flags0 ^ 0x293ef0b0 + 0xf4dbe5a & 0x75af46b | flags0 ^ 0x293ef0b0 + 0xf4dbe5a ^ u16_3 + state0 - flags0 ^ 0x293ef0b0 + 0xf4dbe5a & 0x75af46b | flags0 ^ 0x293ef0b0 + 0xf4dbe5a	0x7cc0a:xor:flags0 ^ 0x293ef0b0;0x7cc19:add:flags0 ^ 0x293ef0b0 + 0xf4dbe5a;0x7cd89:and:flags0 ^ 0x293ef0b0 + 0xf4dbe5a & state0 - flags0 ^ 0x293ef0b0 + 0xf4dbe5a & 0x75af46b | flags0 ^ 0x293ef0b0 + 0xf4dbe5a + 0x5d76e120;0x7ce11:add:flags0 ^ 0x293ef0b0 + 0xf4dbe5a & state0 - flags0 ^ 0x293ef0b0 + 0xf4dbe5a & 0x75af46b | flags0 ^ 0x293ef0b0 + 0xf4dbe5a + 0x5d76e120 + 0x3805a77a;0x7ce22:or:flags0 ^ 0x293ef0b0 + 0xf4dbe5a & state0 - flags0 ^ 0x293ef0b0 + 0xf4dbe5a & 0x75af46b | flags0 ^ 0x293ef0b0 + 0xf4dbe5a + 0x5d76e120 + 0x3805a77a | 0x4d882022	0x7cac9:je,0x7cada:je,0x7cbfb:je,0x7ccc6:jne,0x7ccd4:jne,0x7cce3:jne,0x7ccf1:jne,0x7cd9c:je,0x7ce01:je,0x7ce71:je
22	0x7cb43	0	0x7d004	262	4	5	8	0x7cb91:byte0,0x7ccbf:byte0,0x7cd3f:byte0,0x7ce38:byte0,0x7ce66:b2,0x7ce92:u16_0,0x7cf10:u16_3	0x7cc5e:sub:state0 - flags0 ^ 0x293ef0b0 + 0xf4dbe5a;0x7cc7f:and:state0 - flags0 ^ 0x293ef0b0 + 0xf4dbe5a & 0x75af46b;0x7cd33:or:state0 - flags0 ^ 0x293ef0b0 + 0xf4dbe5a & 0x75af46b | flags0 ^ 0x293ef0b0 + 0xf4dbe5a;0x7cfa1:xor:state0 - flags0 ^ 0x293ef0b0 + 0xf4dbe5a & 0x75af46b | flags0 ^ 0x293ef0b0 + 0xf4dbe5a ^ u16_3 + state0 - flags0 ^ 0x293ef0b0 + 0xf4dbe5a & 0x75af46b | flags0 ^ 0x293ef0b0 + 0xf4dbe5a	state0 - flags0 ^ 0x293ef0b0 + 0xf4dbe5a & 0x75af46b | flags0 ^ 0x293ef0b0 + 0xf4dbe5a ^ u16_3 + state0 - flags0 ^ 0x293ef0b0 + 0xf4dbe5a & 0x75af46b | flags0 ^ 0x293ef0b0 + 0xf4dbe5a	0x7cc0a:xor:flags0 ^ 0x293ef0b0;0x7cc19:add:flags0 ^ 0x293ef0b0 + 0xf4dbe5a;0x7cd89:and:flags0 ^ 0x293ef0b0 + 0xf4dbe5a & state0 - flags0 ^ 0x293ef0b0 + 0xf4dbe5a & 0x75af46b | flags0 ^ 0x293ef0b0 + 0xf4dbe5a + 0x5d76e120;0x7ce11:add:flags0 ^ 0x293ef0b0 + 0xf4dbe5a & state0 - flags0 ^ 0x293ef0b0 + 0xf4dbe5a & 0x75af46b | flags0 ^ 0x293ef0b0 + 0xf4dbe5a + 0x5d76e120 + 0x3805a77a;0x7ce22:or:flags0 ^ 0x293ef0b0 + 0xf4dbe5a & state0 - flags0 ^ 0x293ef0b0 + 0xf4dbe5a & 0x75af46b | flags0 ^ 0x293ef0b0 + 0xf4dbe5a + 0x5d76e120 + 0x3805a77a | 0x4d882022	0x7cbfb:je,0x7ccc6:jne,0x7ccd4:jne,0x7cce3:jne,0x7ccf1:jne,0x7cd9c:je,0x7ce01:je,0x7ce71:je
23	0x7d007	0	0x7d5e9	325	5	1	6	0x7d2a2:byte0,0x7d2b9:byte0,0x7d402:b2,0x7d44f:u16_0,0x7d501:u16_3	0x7d045:xor:state0 ^ flags0 & 0x3758c69b | 0x21171a0c;0x7d050:or:state0 ^ flags0 & 0x3758c69b | 0x21171a0c | 0x76974dc1;0x7d0a1:sub:state0 ^ flags0 & 0x3758c69b | 0x21171a0c | 0x76974dc1 - flags0 & 0x3758c69b;0x7d0b1:add:state0 ^ flags0 & 0x3758c69b | 0x21171a0c | 0x76974dc1 - flags0 & 0x3758c69b + 0x69611da6;0x7d56b:sub:state0 ^ flags0 & 0x3758c69b | 0x21171a0c | 0x76974dc1 - flags0 & 0x3758c69b + 0x69611da6 - u16_3 + state0 ^ flags0 & 0x3758c69b | 0x21171a0c | 0x76974dc1 - flags0 & 0x3758c69b + 0x69611da6 ^ 0x6fa319ce	state0 ^ flags0 & 0x3758c69b | 0x21171a0c | 0x76974dc1 - flags0 & 0x3758c69b + 0x69611da6 - u16_3 + state0 ^ flags0 & 0x3758c69b | 0x21171a0c | 0x76974dc1 - flags0 & 0x3758c69b + 0x69611da6 ^ 0x6fa319ce	0x7d021:and:flags0 & 0x3758c69b	0x7d0ba:je,0x7d2c0:jne,0x7d2ce:jne,0x7d2dd:jne,0x7d2eb:jne,0x7d40d:je
24	0x7d5ec	0	0x7d93f	188	0	1	3	0x7d6a0:u16_0,0x7d6ba:u16_4,0x7d713:u16_9,0x7d7bb:u16_0,0x7d7cc:u16_4,0x7d84d:b6,0x7d888:u16_7,0x7d88f:u16_7 + (Ptr(kind='frame', off=0)),0x7d8da:u16_2,0x7d91b:u16_2 ^ state0 + 0x68420565 & 0xffff		state0	0x7d661:sub:flags0 - 0x668b82ed	0x7d630:je,0x7d7db:je,0x7d858:je
25	0x7d941	0	0x7dbb8	137	1	1	2	0x7d9b0:u16_0,0x7d9ba:u16_7,0x7d9e8:u16_9,0x7da2e:u16_7,0x7da3f:u16_0,0x7daa4:b6,0x7daea:u16_2,0x7db49:u16_4	0x7db83:xor:state0 ^ u16_4 + state0	state0 ^ u16_4 + state0	0x7d96b:xor:flags0 ^ state0	0x7da4d:je,0x7daaf:je
26	0x7dbbb	9886	0x7dfbd	214	3	13	11	0x7dc59:byte0,0x7dd8f:byte0,0x7ddd5:u16_2,0x7df05:u16_0	0x7dbe5:sub:state0 - 0x471264ca;0x7de85:add:state0 - 0x471264ca + flags0 - state0 ^ 0x5fcdb203 & 0x637d285c + 0x44b4a975 ^ state0 - 0x471264ca | 0x2a01f150 | 0x7bdf07f3 + 0x104dd6df ^ 0x505df542 ^ 0xe71ae1d & 0x6dbe9345 + 0x521a2f7b + state0 - 0x471264ca + 0x1bfb4659;0x7df78:sub:state0 - 0x471264ca + flags0 - state0 ^ 0x5fcdb203 & 0x637d285c + 0x44b4a975 ^ state0 - 0x471264ca | 0x2a01f150 | 0x7bdf07f3 + 0x104dd6df ^ 0x505df542 ^ 0xe71ae1d & 0x6dbe9345 + 0x521a2f7b + state0 - 0x471264ca + 0x1bfb4659 - u16_0 ^ state0 - 0x471264ca + flags0 - state0 ^ 0x5fcdb203 & 0x637d285c + 0x44b4a975 ^ state0 - 0x471264ca | 0x2a01f150 | 0x7bdf07f3 + 0x104dd6df ^ 0x505df542 ^ 0xe71ae1d & 0x6dbe9345 + 0x521a2f7b + state0 - 0x471264ca + 0x1bfb4659 ^ 0x6f23a80c	state0 - 0x471264ca + flags0 - state0 ^ 0x5fcdb203 & 0x637d285c + 0x44b4a975 ^ state0 - 0x471264ca | 0x2a01f150 | 0x7bdf07f3 + 0x104dd6df ^ 0x505df542 ^ 0xe71ae1d & 0x6dbe9345 + 0x521a2f7b + state0 - 0x471264ca + 0x1bfb4659 - u16_0 ^ state0 - 0x471264ca + flags0 - state0 ^ 0x5fcdb203 & 0x637d285c + 0x44b4a975 ^ state0 - 0x471264ca | 0x2a01f150 | 0x7bdf07f3 + 0x104dd6df ^ 0x505df542 ^ 0xe71ae1d & 0x6dbe9345 + 0x521a2f7b + state0 - 0x471264ca + 0x1bfb4659 ^ 0x6f23a80c	0x7dbd8:sub:flags0 - state0 ^ 0x5fcdb203;0x7dc13:and:flags0 - state0 ^ 0x5fcdb203 & 0x637d285c;0x7dc24:add:flags0 - state0 ^ 0x5fcdb203 & 0x637d285c + 0x44b4a975;0x7dc66:xor:flags0 - state0 ^ 0x5fcdb203 & 0x637d285c + 0x44b4a975 ^ state0 - 0x471264ca | 0x2a01f150;0x7dcab:or:flags0 - state0 ^ 0x5fcdb203 & 0x637d285c + 0x44b4a975 ^ state0 - 0x471264ca | 0x2a01f150 | 0x7bdf07f3;0x7dcbb:add:flags0 - state0 ^ 0x5fcdb203 & 0x637d285c + 0x44b4a975 ^ state0 - 0x471264ca | 0x2a01f150 | 0x7bdf07f3 + 0x104dd6df;0x7dd10:xor:flags0 - state0 ^ 0x5fcdb203 & 0x637d285c + 0x44b4a975 ^ state0 - 0x471264ca | 0x2a01f150 | 0x7bdf07f3 + 0x104dd6df ^ 0x505df542;0x7dd20:xor:flags0 - state0 ^ 0x5fcdb203 & 0x637d285c + 0x44b4a975 ^ state0 - 0x471264ca | 0x2a01f150 | 0x7bdf07f3 + 0x104dd6df ^ 0x505df542 ^ 0xe71ae1d;0x7dd6d:and:flags0 - state0 ^ 0x5fcdb203 & 0x637d285c + 0x44b4a975 ^ state0 - 0x471264ca | 0x2a01f150 | 0x7bdf07f3 + 0x104dd6df ^ 0x505df542 ^ 0xe71ae1d & 0x6dbe9345;0x7dd7e:add:flags0 - state0 ^ 0x5fcdb203 & 0x637d285c + 0x44b4a975 ^ state0 - 0x471264ca | 0x2a01f150 | 0x7bdf07f3 + 0x104dd6df ^ 0x505df542 ^ 0xe71ae1d & 0x6dbe9345 + 0x521a2f7b;0x7dde6:add:flags0 - state0 ^ 0x5fcdb203 & 0x637d285c + 0x44b4a975 ^ state0 - 0x471264ca | 0x2a01f150 | 0x7bdf07f3 + 0x104dd6df ^ 0x505df542 ^ 0xe71ae1d & 0x6dbe9345 + 0x521a2f7b + state0 - 0x471264ca + 0x1bfb4659;0x7deb3:or:flags0 - state0 ^ 0x5fcdb203 & 0x637d285c + 0x44b4a975 ^ state0 - 0x471264ca | 0x2a01f150 | 0x7bdf07f3 + 0x104dd6df ^ 0x505df542 ^ 0xe71ae1d & 0x6dbe9345 + 0x521a2f7b + state0 - 0x471264ca + 0x1bfb4659 | 0x29fc4668;0x7dec4:and:flags0 - state0 ^ 0x5fcdb203 & 0x637d285c + 0x44b4a975 ^ state0 - 0x471264ca | 0x2a01f150 | 0x7bdf07f3 + 0x104dd6df ^ 0x505df542 ^ 0xe71ae1d & 0x6dbe9345 + 0x521a2f7b + state0 - 0x471264ca + 0x1bfb4659 | 0x29fc4668 & 0x3fb5e856	0x7dc03:je,0x7dc9b:je,0x7dd00:je,0x7dd5d:je,0x7ddeb:jne,0x7ddfc:jne,0x7de0c:je,0x7de1d:je,0x7de2c:je,0x7de4d:je,0x7dea3:je
27	0x7dfbf	0	0x7e38d	200	1	0	8	0x7e001:u16_3,0x7e04c:b2,0x7e082:u16_3 + (Ptr(kind='frame', off=0)),0x7e2fe:u16_0,0x7e35d:u16_0 - state0	0x7e350:and:state0 & u16_0 - state0	state0 & u16_0 - state0		0x7e054:jne,0x7e09d:jne,0x7e0f9:jne,0x7e15b:jne,0x7e183:je,0x7e1da:jne,0x7e1f8:jne,0x7e231:jne
28	0x7e390	26610	0x7e7ca	229	4	7	4	0x7e3ec:b2,0x7e67c:byte0,0x7e743:u16_0	0x7e52d:or:state0 | flags0 ^ state0 | 0xb9ad02a & 0x3fb85e48 - state0 ^ 0x6e3e6f1a;0x7e67f:or:state0 | flags0 ^ state0 | 0xb9ad02a & 0x3fb85e48 - state0 ^ 0x6e3e6f1a | flags0 ^ state0 | 0xb9ad02a & 0x3fb85e48 - state0 ^ 0x6e3e6f1a + 0x43078fb1 & 0x282416bb ^ 0x53f50e0b ^ state0 | flags0 ^ state0 | 0xb9ad02a & 0x3fb85e48 - state0 ^ 0x6e3e6f1a - 0x7e20fbab;0x7e6a4:xor:state0 | flags0 ^ state0 | 0xb9ad02a & 0x3fb85e48 - state0 ^ 0x6e3e6f1a | flags0 ^ state0 | 0xb9ad02a & 0x3fb85e48 - state0 ^ 0x6e3e6f1a + 0x43078fb1 & 0x282416bb ^ 0x53f50e0b ^ state0 | flags0 ^ state0 | 0xb9ad02a & 0x3fb85e48 - state0 ^ 0x6e3e6f1a - 0x7e20fbab ^ flags0 ^ state0 | 0xb9ad02a & 0x3fb85e48 - state0 ^ 0x6e3e6f1a + 0x43078fb1 & 0x282416bb ^ 0x53f50e0b ^ state0 | flags0 ^ state0 | 0xb9ad02a & 0x3fb85e48 - state0 ^ 0x6e3e6f1a - 0x7e20fbab;0x7e799:or:state0 | flags0 ^ state0 | 0xb9ad02a & 0x3fb85e48 - state0 ^ 0x6e3e6f1a | flags0 ^ state0 | 0xb9ad02a & 0x3fb85e48 - state0 ^ 0x6e3e6f1a + 0x43078fb1 & 0x282416bb ^ 0x53f50e0b ^ state0 | flags0 ^ state0 | 0xb9ad02a & 0x3fb85e48 - state0 ^ 0x6e3e6f1a - 0x7e20fbab ^ flags0 ^ state0 | 0xb9ad02a & 0x3fb85e48 - state0 ^ 0x6e3e6f1a + 0x43078fb1 & 0x282416bb ^ 0x53f50e0b ^ state0 | flags0 ^ state0 | 0xb9ad02a & 0x3fb85e48 - state0 ^ 0x6e3e6f1a - 0x7e20fbab | u16_0	state0 | flags0 ^ state0 | 0xb9ad02a & 0x3fb85e48 - state0 ^ 0x6e3e6f1a | flags0 ^ state0 | 0xb9ad02a & 0x3fb85e48 - state0 ^ 0x6e3e6f1a + 0x43078fb1 & 0x282416bb ^ 0x53f50e0b ^ state0 | flags0 ^ state0 | 0xb9ad02a & 0x3fb85e48 - state0 ^ 0x6e3e6f1a - 0x7e20fbab ^ flags0 ^ state0 | 0xb9ad02a & 0x3fb85e48 - state0 ^ 0x6e3e6f1a + 0x43078fb1 & 0x282416bb ^ 0x53f50e0b ^ state0 | flags0 ^ state0 | 0xb9ad02a & 0x3fb85e48 - state0 ^ 0x6e3e6f1a - 0x7e20fbab | u16_0	0x7e3ac:xor:flags0 ^ state0 | 0xb9ad02a;0x7e4be:and:flags0 ^ state0 | 0xb9ad02a & 0x3fb85e48;0x7e514:sub:flags0 ^ state0 | 0xb9ad02a & 0x3fb85e48 - state0 ^ 0x6e3e6f1a;0x7e559:add:flags0 ^ state0 | 0xb9ad02a & 0x3fb85e48 - state0 ^ 0x6e3e6f1a + 0x43078fb1;0x7e594:and:flags0 ^ state0 | 0xb9ad02a & 0x3fb85e48 - state0 ^ 0x6e3e6f1a + 0x43078fb1 & 0x282416bb;0x7e5a4:xor:flags0 ^ state0 | 0xb9ad02a & 0x3fb85e48 - state0 ^ 0x6e3e6f1a + 0x43078fb1 & 0x282416bb ^ 0x53f50e0b;0x7e659:xor:flags0 ^ state0 | 0xb9ad02a & 0x3fb85e48 - state0 ^ 0x6e3e6f1a + 0x43078fb1 & 0x282416bb ^ 0x53f50e0b ^ state0 | flags0 ^ state0 | 0xb9ad02a & 0x3fb85e48 - state0 ^ 0x6e3e6f1a - 0x7e20fbab	0x7e549:je,0x7e584:je,0x7e5dc:je,0x7e604:je
29	0x7e7cd	0	0x7ecd0	295	2	4	6	0x7e7e8:u32_2,0x7e813:u16_0,0x7e853:byte0,0x7e965:byte0,0x7ea01:u16_2,0x7ec01:u16_0	0x7e98c:or:state0 | flags0 & 0x614d4b17;0x7eb2d:add:state0 | flags0 & 0x614d4b17 + 0x64fd160c	state0 | flags0 & 0x614d4b17 + 0x64fd160c	0x7e948:and:flags0 & 0x614d4b17;0x7eab0:or:flags0 & 0x614d4b17 | 0x72c68380;0x7eb55:or:flags0 & 0x614d4b17 | 0x72c68380 | 0x66ff8816;0x7eb65:add:flags0 & 0x614d4b17 | 0x72c68380 | 0x66ff8816 + 0x2273cac6	0x7e868:je,0x7e896:je,0x7e8b1:je,0x7e913:je,0x7e92e:je,0x7eb45:je
30	0x7e849	2590	0x7ecd0	258	2	4	6	0x7e853:byte0,0x7e965:byte0,0x7ea01:u16_2,0x7ec01:u16_0	0x7e98c:or:state0 | flags0 & 0x614d4b17;0x7eb2d:add:state0 | flags0 & 0x614d4b17 + 0x64fd160c	state0 | flags0 & 0x614d4b17 + 0x64fd160c	0x7e948:and:flags0 & 0x614d4b17;0x7eab0:or:flags0 & 0x614d4b17 | 0x72c68380;0x7eb55:or:flags0 & 0x614d4b17 | 0x72c68380 | 0x66ff8816;0x7eb65:add:flags0 & 0x614d4b17 | 0x72c68380 | 0x66ff8816 + 0x2273cac6	0x7e868:je,0x7e896:je,0x7e8b1:je,0x7e913:je,0x7e92e:je,0x7eb45:je
31	0x7ecd2	2	0x7efa6	162	0	0	5	0x7ed79:byte0,0x7ee61:b4,0x7ee9a:u16_0,0x7ef1f:u16_2		state0		0x7eda5:jne,0x7edb6:jne,0x7edc5:jne,0x7eddd:jne,0x7ee6c:je
32	0x7efa8	0	0x7f7c1	456	1	0	38	0x7effd:u16_6,0x7f047:b8,0x7f652:u32_0,0x7f67d:u16_4,0x7f6cc:u16_9,0x7f733:u16_11	0x7f780:sub:state0 - u16_11	state0 - u16_11		0x7f04d:je,0x7f056:je,0x7f074:je,0x7f0bf:jne,0x7f0cc:jne,0x7f0f0:jne,0x7f106:jne,0x7f111:jne,0x7f142:jne,0x7f14f:jne,0x7f184:jne,0x7f191:je,0x7f1d1:jne,0x7f1e1:je,0x7f224:je,0x7f245:jne,0x7f25a:jne,0x7f296:jne,0x7f2dd:jne,0x7f33e:jne,0x7f378:jne,0x7f3b8:je,0x7f3dc:jne,0x7f3ea:je,0x7f450:je,0x7f477:jne,0x7f484:jne,0x7f4ae:jne,0x7f4bb:jne,0x7f4ed:jne,0x7f4fa:jne,0x7f552:jne,0x7f55f:je,0x7f597:jne,0x7f5a4:je,0x7f5db:jne,0x7f5e8:je,0x7f631:je
33	0x7f7c4	9247	0x7fba1	203	2	5	10	0x7f882:byte0,0x7f892:byte0,0x7f8c2:byte0,0x7f8d3:byte0,0x7f90c:u16_0,0x7fac2:u16_2	0x7f82b:or:state0 | 0x15422921;0x7fb2a:and:state0 | 0x15422921 & u16_2 + state0 | 0x15422921 + 0x2d0713f3	state0 | 0x15422921 & u16_2 + state0 | 0x15422921 + 0x2d0713f3	0x7f7e1:xor:flags0 ^ state0 & 0x457915dc;0x7f817:and:flags0 ^ state0 & 0x457915dc & 0x16110d0a;0x7f855:or:flags0 ^ state0 & 0x457915dc & 0x16110d0a | 0x11fe9e96;0x7f865:or:flags0 ^ state0 & 0x457915dc & 0x16110d0a | 0x11fe9e96 | 0x4bfaeb30;0x7f9c7:add:flags0 ^ state0 & 0x457915dc & 0x16110d0a | 0x11fe9e96 | 0x4bfaeb30 + 0x3883bcc0	0x7f7fd:je,0x7f845:je,0x7f916:jne,0x7f927:jne,0x7f938:je,0x7f94a:je,0x7f95a:je,0x7f983:je,0x7f9b7:je,0x7f9e8:je
34	0x7fba3	0	0x7fd4a	93	2	0	1	0x7fbd2:u16_1,0x7fbe9:u16_5,0x7fc16:u16_7,0x7fc65:u16_1,0x7fc6c:u16_5,0x7fcda:u16_3	0x7fbb7:sub:state0 - 0x3a52e622;0x7fd18:add:state0 - 0x3a52e622 + u16_3 + state0 - 0x3a52e622 ^ 0x459b6b23	state0 - 0x3a52e622 + u16_3 + state0 - 0x3a52e622 ^ 0x459b6b23		0x7fc79:je
35	0x7fd4d	1	0x8009e	177	0	0	3	0x7ff34:b2,0x7ffa6:u16_3,0x80023:u16_0		state0		0x7fe93:jne,0x7feab:jne,0x7ff5d:je
36	0x800a1	4	0x80682	326	5	3	7	0x803c8:byte0,0x804cd:b2,0x8053f:u16_3,0x805e1:u16_0	0x800f6:add:state0 + flags0;0x80380:xor:state0 + flags0 ^ flags0 & 0x73966fc6 & 0x348b11be;0x803df:xor:state0 + flags0 ^ flags0 & 0x73966fc6 & 0x348b11be ^ 0x72d0ef43;0x8042c:or:state0 + flags0 ^ flags0 & 0x73966fc6 & 0x348b11be ^ 0x72d0ef43 | 0x7af5a860;0x8063f:xor:state0 + flags0 ^ flags0 & 0x73966fc6 & 0x348b11be ^ 0x72d0ef43 | 0x7af5a860 ^ u16_0 - state0 + flags0 ^ flags0 & 0x73966fc6 & 0x348b11be ^ 0x72d0ef43 | 0x7af5a860	state0 + flags0 ^ flags0 & 0x73966fc6 & 0x348b11be ^ 0x72d0ef43 | 0x7af5a860 ^ u16_0 - state0 + flags0 ^ flags0 & 0x73966fc6 & 0x348b11be ^ 0x72d0ef43 | 0x7af5a860	0x80323:and:flags0 & 0x73966fc6;0x80356:and:flags0 & 0x73966fc6 & 0x348b11be;0x8038d:or:flags0 & 0x73966fc6 & 0x348b11be | 0x1bc4bb94	0x800b2:je,0x80346:je,0x803d6:jne,0x803e9:jne,0x803f7:jne,0x80404:jne,0x804d8:je
37	0x80685	2035	0x80d77	393	3	4	10	0x8069c:byte0,0x80729:byte0,0x808bc:byte0,0x809b9:byte0,0x80abe:b2,0x80b14:u16_3,0x80cb3:u16_0	0x806b1:sub:state0 - flags0 + 0x504fc3d;0x80a7e:sub:state0 - flags0 + 0x504fc3d - 0x4eca0e49;0x80d29:or:state0 - flags0 + 0x504fc3d - 0x4eca0e49 | u16_0 ^ state0 - flags0 + 0x504fc3d - 0x4eca0e49 ^ 0x384e1c86	state0 - flags0 + 0x504fc3d - 0x4eca0e49 | u16_0 ^ state0 - flags0 + 0x504fc3d - 0x4eca0e49 ^ 0x384e1c86	0x8076e:and:flags0 & 0x714eea75;0x8077f:add:flags0 & 0x714eea75 + 0x53097984;0x80976:xor:flags0 & 0x714eea75 + 0x53097984 ^ state0 - flags0 + 0x504fc3d | 0x4c64e71;0x80983:or:flags0 & 0x714eea75 + 0x53097984 ^ state0 - flags0 + 0x504fc3d | 0x4c64e71 | 0xedb847a	0x806c4:je,0x8075e:je,0x807c6:je,0x808c1:jne,0x808d1:jne,0x808ef:jne,0x8090d:jne,0x8099e:je,0x809da:je,0x80ac9:je
38	0x80d79	0	0x80ef3	82	1	2	2	0x80d9d:u16_0,0x80deb:u16_6,0x80e11:u16_4,0x80e8e:u16_2	0x80ecf:add:state0 + u16_2 - state0 - 0x23aef0b2	state0 + u16_2 - state0 - 0x23aef0b2	0x80dbf:and:flags0 & 0x55b62e53;0x80dd0:xor:flags0 & 0x55b62e53 ^ 0xd779bad	0x80daf:je,0x80e2a:je
39	0x80ef6	0	0x8115a	130	1	2	3	0x80f34:u16_4,0x80f77:u16_8,0x80fa0:u16_0,0x80fe8:u16_8,0x80ff3:u16_4,0x81058:b10,0x81098:u16_2,0x810f4:u16_6	0x81129:or:state0 | u16_6	state0 | u16_6	0x80f4e:and:flags0 & 0x3f99e389;0x80f5e:sub:flags0 & 0x3f99e389 - 0x63d69db	0x80f3e:je,0x81004:je,0x81063:je
40	0x8115d	928	0x8129b	70	1	2	0	0x811d7:u16_0,0x811db:u16_2,0x81233:u16_4	0x81258:and:state0 & u16_4 ^ state0	state0 & u16_4 ^ state0	0x81174:sub:flags0 - state0;0x81181:xor:flags0 - state0 ^ 0x3dd6f909	
41	0x8129d	0	0x815e7	180	2	0	4	0x8138b:byte0,0x81432:byte0,0x81469:b2,0x814a0:u16_3,0x81555:u16_0	0x812d2:add:state0 + flags0;0x815a0:or:state0 + flags0 | u16_0 ^ state0 + flags0 - 0x7c7cd82f	state0 + flags0 | u16_0 ^ state0 + flags0 - 0x7c7cd82f		0x81392:jne,0x813a8:jne,0x813ba:jne,0x81475:je
42	0x815ea	3	0x8173b	74	1	3	0	0x816ca:u16_2	0x8168e:sub:state0 - flags0 ^ state0 - 0x327f38a4 - 0x471012ae ^ 0x160c3a44	state0 - flags0 ^ state0 - 0x327f38a4 - 0x471012ae ^ 0x160c3a44	0x81621:xor:flags0 ^ state0 - 0x327f38a4;0x81630:sub:flags0 ^ state0 - 0x327f38a4 - 0x471012ae;0x81661:xor:flags0 ^ state0 - 0x327f38a4 - 0x471012ae ^ 0x160c3a44	
43	0x8173d	16136	0x81b7c	226	1	2	3	0x81787:byte0,0x817f5:byte0,0x818b5:u16_2,0x81a95:u16_0	0x81951:xor:state0 ^ u16_2 ^ state0	state0 ^ u16_2 ^ state0	0x817b0:xor:flags0 ^ 0x542b3101;0x8198e:and:flags0 ^ 0x542b3101 & 0x494c0852	0x81762:je,0x817a0:je,0x81818:je
44	0x81b7f	0	0x81f2c	198	1	0	8	0x81bcc:u16_3,0x81c2f:b0,0x81eb0:u16_1	0x81ef2:or:state0 | u16_1 - state0	state0 | u16_1 - state0		0x81c36:jne,0x81c6e:jne,0x81ccd:jne,0x81d26:jne,0x81d47:je,0x81da4:jne,0x81dbb:jne,0x81e0c:jne
45	0x81f2e	0	0x820df	90	1	0	1	0x81f56:u16_3,0x81f60:u16_5,0x81f95:u16_7,0x81fe0:u16_3,0x81fee:u16_5,0x8206c:u16_0	0x820ac:sub:state0 - u16_0 - 0x6050ae66	state0 - u16_0 - 0x6050ae66		0x81ffd:je
46	0x820e1	0	0x822b9	101	2	0	1	0x8213f:u16_0,0x8216e:u16_2,0x821aa:u16_4,0x82238:u16_6	0x82101:add:state0 + 0x6aceff9a;0x8227b:or:state0 + 0x6aceff9a | u16_6 + state0 + 0x6aceff9a + 0x368668dd	state0 + 0x6aceff9a | u16_6 + state0 + 0x6aceff9a + 0x368668dd		0x821d4:je
47	0x822bc	0	0x82474	96	1	0	1	0x822e8:u16_7,0x822fd:u16_3,0x82329:u16_1,0x8236f:u16_3,0x82380:u16_7,0x82416:u16_5	0x82446:xor:state0 ^ u16_5 ^ state0	state0 ^ u16_5 ^ state0		0x8238e:je
48	0x82477	283	0x8281e	200	8	5	6	0x82534:u16_3,0x82593:b2,0x82760:u16_0	0x8255d:and:state0 & u16_3 + state0 ^ flags0 ^ 0x8881ae0 - 0x1accc893;0x825e8:add:state0 & u16_3 + state0 ^ flags0 ^ 0x8881ae0 - 0x1accc893 + 0x4f1a7667;0x82664:sub:state0 & u16_3 + state0 ^ flags0 ^ 0x8881ae0 - 0x1accc893 + 0x4f1a7667 - flags0 ^ 0x8881ae0 - 0x1accc893 & 0x6134e706 & 0x7e86fbd3 ^ 0x41ba58a6;0x8267e:and:state0 & u16_3 + state0 ^ flags0 ^ 0x8881ae0 - 0x1accc893 + 0x4f1a7667 - flags0 ^ 0x8881ae0 - 0x1accc893 & 0x6134e706 & 0x7e86fbd3 ^ 0x41ba58a6 & flags0 ^ 0x8881ae0 - 0x1accc893 & 0x6134e706 & 0x7e86fbd3 ^ 0x41ba58a6;0x82695:xor:state0 & u16_3 + state0 ^ flags0 ^ 0x8881ae0 - 0x1accc893 + 0x4f1a7667 - flags0 ^ 0x8881ae0 - 0x1accc893 & 0x6134e706 & 0x7e86fbd3 ^ 0x41ba58a6 & flags0 ^ 0x8881ae0 - 0x1accc893 & 0x6134e706 & 0x7e86fbd3 ^ 0x41ba58a6 ^ 0x79fc8ff4;0x826c0:or:state0 & u16_3 + state0 ^ flags0 ^ 0x8881ae0 - 0x1accc893 + 0x4f1a7667 - flags0 ^ 0x8881ae0 - 0x1accc893 & 0x6134e706 & 0x7e86fbd3 ^ 0x41ba58a6 & flags0 ^ 0x8881ae0 - 0x1accc893 & 0x6134e706 & 0x7e86fbd3 ^ 0x41ba58a6 ^ 0x79fc8ff4 | flags0 ^ 0x8881ae0 - 0x1accc893 & 0x6134e706 & 0x7e86fbd3 ^ 0x41ba58a6 - 0x430c028c;0x826e1:and:state0 & u16_3 + state0 ^ flags0 ^ 0x8881ae0 - 0x1accc893 + 0x4f1a7667 - flags0 ^ 0x8881ae0 - 0x1accc893 & 0x6134e706 & 0x7e86fbd3 ^ 0x41ba58a6 & flags0 ^ 0x8881ae0 - 0x1accc893 & 0x6134e706 & 0x7e86fbd3 ^ 0x41ba58a6 ^ 0x79fc8ff4 | flags0 ^ 0x8881ae0 - 0x1accc893 & 0x6134e706 & 0x7e86fbd3 ^ 0x41ba58a6 - 0x430c028c & flags0 ^ 0x8881ae0 - 0x1accc893 & 0x6134e706 & 0x7e86fbd3 ^ 0x41ba58a6 + 0x157b2443;0x827bf:sub:state0 & u16_3 + state0 ^ flags0 ^ 0x8881ae0 - 0x1accc893 + 0x4f1a7667 - flags0 ^ 0x8881ae0 - 0x1accc893 & 0x6134e706 & 0x7e86fbd3 ^ 0x41ba58a6 & flags0 ^ 0x8881ae0 - 0x1accc893 & 0x6134e706 & 0x7e86fbd3 ^ 0x41ba58a6 ^ 0x79fc8ff4 | flags0 ^ 0x8881ae0 - 0x1accc893 & 0x6134e706 & 0x7e86fbd3 ^ 0x41ba58a6 - 0x430c028c & flags0 ^ 0x8881ae0 - 0x1accc893 & 0x6134e706 & 0x7e86fbd3 ^ 0x41ba58a6 + 0x157b2443 - u16_0 + state0 & u16_3 + state0 ^ flags0 ^ 0x8881ae0 - 0x1accc893 + 0x4f1a7667 - flags0 ^ 0x8881ae0 - 0x1accc893 & 0x6134e706 & 0x7e86fbd3 ^ 0x41ba58a6 & flags0 ^ 0x8881ae0 - 0x1accc893 & 0x6134e706 & 0x7e86fbd3 ^ 0x41ba58a6 ^ 0x79fc8ff4 | flags0 ^ 0x8881ae0 - 0x1accc893 & 0x6134e706 & 0x7e86fbd3 ^ 0x41ba58a6 - 0x430c028c & flags0 ^ 0x8881ae0 - 0x1accc893 & 0x6134e706 & 0x7e86fbd3 ^ 0x41ba58a6 + 0x157b2443	state0 & u16_3 + state0 ^ flags0 ^ 0x8881ae0 - 0x1accc893 + 0x4f1a7667 - flags0 ^ 0x8881ae0 - 0x1accc893 & 0x6134e706 & 0x7e86fbd3 ^ 0x41ba58a6 & flags0 ^ 0x8881ae0 - 0x1accc893 & 0x6134e706 & 0x7e86fbd3 ^ 0x41ba58a6 ^ 0x79fc8ff4 | flags0 ^ 0x8881ae0 - 0x1accc893 & 0x6134e706 & 0x7e86fbd3 ^ 0x41ba58a6 - 0x430c028c & flags0 ^ 0x8881ae0 - 0x1accc893 & 0x6134e706 & 0x7e86fbd3 ^ 0x41ba58a6 + 0x157b2443 - u16_0 + state0 & u16_3 + state0 ^ flags0 ^ 0x8881ae0 - 0x1accc893 + 0x4f1a7667 - flags0 ^ 0x8881ae0 - 0x1accc893 & 0x6134e706 & 0x7e86fbd3 ^ 0x41ba58a6 & flags0 ^ 0x8881ae0 - 0x1accc893 & 0x6134e706 & 0x7e86fbd3 ^ 0x41ba58a6 ^ 0x79fc8ff4 | flags0 ^ 0x8881ae0 - 0x1accc893 & 0x6134e706 & 0x7e86fbd3 ^ 0x41ba58a6 - 0x430c028c & flags0 ^ 0x8881ae0 - 0x1accc893 & 0x6134e706 & 0x7e86fbd3 ^ 0x41ba58a6 + 0x157b2443	0x824b2:xor:flags0 ^ 0x8881ae0;0x824c2:sub:flags0 ^ 0x8881ae0 - 0x1accc893;0x8256b:and:flags0 ^ 0x8881ae0 - 0x1accc893 & 0x6134e706;0x8261a:and:flags0 ^ 0x8881ae0 - 0x1accc893 & 0x6134e706 & 0x7e86fbd3;0x8262a:xor:flags0 ^ 0x8881ae0 - 0x1accc893 & 0x6134e706 & 0x7e86fbd3 ^ 0x41ba58a6	0x824a2:je,0x8259a:jne,0x825a7:jne,0x825b4:jne,0x825c0:jne,0x8260a:je
49	0x82820	4132	0x82e73	354	5	3	3	0x829b3:byte0,0x82a44:byte0,0x82b4a:byte0,0x82be8:byte0,0x82bf9:b0,0x82c49:u16_3,0x82da2:u16_1	0x82932:and:state0 & flags0;0x8294f:add:state0 & flags0 + flags0;0x829ad:sub:state0 & flags0 + flags0 - 0x353700ed;0x829cd:add:state0 & flags0 + flags0 - 0x353700ed + 0x55a592d8;0x82e1c:sub:state0 & flags0 + flags0 - 0x353700ed + 0x55a592d8 - u16_1 + state0 & flags0 + flags0 - 0x353700ed + 0x55a592d8 + 0x55b8ef8d	state0 & flags0 + flags0 - 0x353700ed + 0x55a592d8 - u16_1 + state0 & flags0 + flags0 - 0x353700ed + 0x55a592d8 + 0x55b8ef8d	0x82a19:xor:flags0 ^ state0 & flags0 + flags0 - 0x353700ed + 0x55a592d8;0x82a26:xor:flags0 ^ state0 & flags0 + flags0 - 0x353700ed + 0x55a592d8 ^ 0x702de876;0x82cf4:add:flags0 ^ state0 & flags0 + flags0 - 0x353700ed + 0x55a592d8 ^ 0x702de876 + state0 & flags0 + flags0 - 0x353700ed + 0x55a592d8 + 0x7a4ca08	0x829d6:je,0x82c04:je,0x82cc1:je
50	0x82e76	0	0x833c5	302	2	2	7	0x82e8a:b0,0x82eba:u32_7,0x82ede:b1,0x82ef6:u32_3,0x82f36:b1,0x82f88:b0,0x82fa7:b2,0x83000:u32_7,0x8302b:u16_11,0x83115:u16_9,0x83120:u16_2,0x83199:u16_0,0x8322c:u16_9,0x8323e:u16_2,0x832e5:b4,0x8330f:u16_5,0x83363:u16_7	0x832cb:xor:state0 ^ 0x167c9a49;0x8339e:sub:state0 ^ 0x167c9a49 - u16_7 - state0 ^ 0x167c9a49 ^ 0x1217a3f5	state0 ^ 0x167c9a49 - u16_7 - state0 ^ 0x167c9a49 ^ 0x1217a3f5	0x830e9:add:flags0 + 0x23b1b06;0x832b7:xor:flags0 + 0x23b1b06 ^ 0x5ea815b	0x82e91:je,0x82e9b:je,0x82f0f:je,0x82f8d:jne,0x830c9:je,0x8325a:je,0x832f0:je
51	0x83061	0	0x833c5	182	2	2	3	0x83115:u16_9,0x83120:u16_2,0x83199:u16_0,0x8322c:u16_9,0x8323e:u16_2,0x832e5:b4,0x8330f:u16_5,0x83363:u16_7	0x832cb:xor:state0 ^ 0x167c9a49;0x8339e:sub:state0 ^ 0x167c9a49 - u16_7 - state0 ^ 0x167c9a49 ^ 0x1217a3f5	state0 ^ 0x167c9a49 - u16_7 - state0 ^ 0x167c9a49 ^ 0x1217a3f5	0x830e9:add:flags0 + 0x23b1b06;0x832b7:xor:flags0 + 0x23b1b06 ^ 0x5ea815b	0x830c9:je,0x8325a:je,0x832f0:je
52	0x833c7	1103	0x8371b	182	1	0	5	0x834b5:byte0,0x835b1:b2,0x835f3:u16_3,0x83689:u16_0	0x836d9:add:state0 + u16_0 + state0 ^ 0x7823b2da	state0 + u16_0 + state0 ^ 0x7823b2da		0x834bc:jne,0x834ca:jne,0x834d9:jne,0x834ee:jne,0x835bd:je
53	0x8371d	0	0x83b3d	249	2	0	7	0x8372f:u32_0,0x83780:u32_0,0x838d0:u16_3,0x83936:byte0,0x83a1e:b2,0x83a66:u16_3,0x83ad2:u16_0	0x8385a:and:state0 & flags0;0x83a82:sub:state0 & flags0 - 0x68b4ad2f	state0 & flags0 - 0x68b4ad2f		0x8374e:je,0x8375f:je,0x8393d:jne,0x83956:jne,0x8396c:jne,0x83985:jne,0x83a29:je
54	0x837cb	1	0x83b3d	195	2	0	5	0x838d0:u16_3,0x83936:byte0,0x83a1e:b2,0x83a66:u16_3,0x83ad2:u16_0	0x8385a:and:state0 & flags0;0x83a82:sub:state0 & flags0 - 0x68b4ad2f	state0 & flags0 - 0x68b4ad2f		0x8393d:jne,0x83956:jne,0x8396c:jne,0x83985:jne,0x83a29:je
55	0x83b40	0	0x83e73	181	1	0	5	0x83b57:byte0,0x83bea:u16_0,0x83c5d:byte0,0x83d3b:b4,0x83d7e:u16_0,0x83deb:u16_2	0x83e42:or:state0 | u16_2 ^ state0	state0 | u16_2 ^ state0		0x83c64:jne,0x83c73:jne,0x83c96:jne,0x83cb4:jne,0x83d46:je
56	0x83e76	27	0x841f6	198	1	0	5	0x83f24:u16_2,0x83fa1:byte0,0x84077:b4,0x840cf:u16_2,0x8416a:u16_0	0x841b2:add:state0 + u16_0 - state0 ^ 0x5380ff71	state0 + u16_0 - state0 ^ 0x5380ff71		0x83fa8:jne,0x83fbe:jne,0x83fce:jne,0x83fee:jne,0x8408f:je
57	0x841f9	0	0x84289	32	1	0	0	0x8421b:u16_2,0x84243:u16_0	0x84267:sub:state0 - u16_0 ^ state0 - 0x9df7e26	state0 - u16_0 ^ state0 - 0x9df7e26		
58	0x8428c	0	0x84593	176	1	0	2	0x842a7:u16_2,0x842cc:u16_0,0x8432d:u16_8,0x8433b:u16_2,0x84378:u16_4,0x843bf:u16_2,0x843d1:u16_8,0x84470:b10,0x844b4:u16_0,0x844f6:u16_6	0x84558:and:state0 & u16_6 - 0x26d85c20	state0 & u16_6 - 0x26d85c20		0x843de:je,0x8447b:je
59	0x84302	0	0x84593	140	1	0	2	0x8432d:u16_8,0x8433b:u16_2,0x84378:u16_4,0x843bf:u16_2,0x843d1:u16_8,0x84470:b10,0x844b4:u16_0,0x844f6:u16_6	0x84558:and:state0 & u16_6 - 0x26d85c20	state0 & u16_6 - 0x26d85c20		0x843de:je,0x8447b:je
60	0x84596	0	0x84760	98	2	0	2	0x845c8:u16_3,0x845d2:u16_0,0x84619:u16_7,0x8465f:u16_3,0x84670:u16_0,0x846fa:u16_5	0x846af:or:state0 | 0x6dbd49a4;0x8473c:and:state0 | 0x6dbd49a4 & u16_5 ^ state0 | 0x6dbd49a4 - 0x4424226a	state0 | 0x6dbd49a4 & u16_5 ^ state0 | 0x6dbd49a4 - 0x4424226a		0x845dd:je,0x8467e:je
61	0x84762	0	0x84aa0	176	1	1	2	0x847aa:u16_3,0x847d3:byte0,0x847f4:u16_0,0x8485e:u16_9,0x848d9:u16_0,0x8490e:u16_3,0x84993:b2,0x849bf:u16_7,0x84a1e:u16_5	0x84a5f:sub:state0 - u16_5 - state0 + 0x326db6ec	state0 - u16_5 - state0 + 0x326db6ec	0x849d3:xor:flags0 ^ 0x91975cd	0x8491c:je,0x8499e:je
62	0x84aa3	120	0x84e1b	191	3	2	1	0x84b0c:u16_2,0x84cbc:byte0,0x84d33:u16_0,0x84dd7:u16_0 ^ state0 | u16_2 ^ flags0 + 0xd90ded5 ^ 0x5dbb6647 + 0x7ebb48a2 & 0xffff	0x84b6e:or:state0 | u16_2 ^ flags0 + 0xd90ded5;0x84cb5:xor:state0 | u16_2 ^ flags0 + 0xd90ded5 ^ 0x5dbb6647;0x84dba:add:state0 | u16_2 ^ flags0 + 0xd90ded5 ^ 0x5dbb6647 + u16_0 ^ state0 | u16_2 ^ flags0 + 0xd90ded5 ^ 0x5dbb6647 + 0x7ebb48a2	state0 | u16_2 ^ flags0 + 0xd90ded5 ^ 0x5dbb6647 + u16_0 ^ state0 | u16_2 ^ flags0 + 0xd90ded5 ^ 0x5dbb6647 + 0x7ebb48a2	0x84aad:add:flags0 + 0xd90ded5;0x84baf:sub:flags0 + 0xd90ded5 - 0x219c02d3	0x84c20:je
63	0x84e1d	0	0x85056	123	1	0	2	0x84e52:u16_0,0x84e56:u16_4,0x84e89:u16_7,0x84ed3:u16_4,0x84ee1:u16_0,0x84f38:b6,0x84f86:u16_9,0x84ff3:u16_2	0x8502a:add:state0 + u16_2 - state0 ^ 0x14083b5a	state0 + u16_2 - state0 ^ 0x14083b5a		0x84eef:je,0x84f43:je
64	0x85059	23678	0x8536e	167	3	4	2	0x85062:byte0,0x85182:byte0,0x85185:u16_2,0x85273:u16_0	0x850ab:sub:state0 - 0x79614de5;0x851aa:xor:state0 - 0x79614de5 ^ u16_2 + flags0 + 0x4cd0c9ae + 0x711675f2 & 0x5b249a06;0x85202:xor:state0 - 0x79614de5 ^ u16_2 + flags0 + 0x4cd0c9ae + 0x711675f2 & 0x5b249a06 ^ flags0 + 0x4cd0c9ae + 0x711675f2 & 0x5b249a06 + 0x729dddb0	state0 - 0x79614de5 ^ u16_2 + flags0 + 0x4cd0c9ae + 0x711675f2 & 0x5b249a06 ^ flags0 + 0x4cd0c9ae + 0x711675f2 & 0x5b249a06 + 0x729dddb0	0x85099:add:flags0 + 0x4cd0c9ae;0x850e8:add:flags0 + 0x4cd0c9ae + 0x711675f2;0x850f7:and:flags0 + 0x4cd0c9ae + 0x711675f2 & 0x5b249a06;0x851b7:add:flags0 + 0x4cd0c9ae + 0x711675f2 & 0x5b249a06 + 0x729dddb0	0x8507f:je,0x850d9:je
65	0x85371	23	0x855fc	152	0	2	0	0x853a3:u16_2,0x85529:u16_0		state0	0x85434:or:flags0 | 0x21ace1e6;0x854da:sub:flags0 | 0x21ace1e6 - 0x1139986a	
66	0x855ff	22739	0x859f9	219	6	3	4	0x85656:byte0,0x8579d:b2,0x85969:u16_0	0x85710:and:state0 & 0x2f6cb1f6;0x85829:sub:state0 & 0x2f6cb1f6 - b2 ^ state0 & 0x2f6cb1f6;0x858b9:xor:state0 & 0x2f6cb1f6 - b2 ^ state0 & 0x2f6cb1f6 ^ 0x745ff1d2;0x858f1:and:state0 & 0x2f6cb1f6 - b2 ^ state0 & 0x2f6cb1f6 ^ 0x745ff1d2 & 0x13de2cdd;0x8590f:sub:state0 & 0x2f6cb1f6 - b2 ^ state0 & 0x2f6cb1f6 ^ 0x745ff1d2 & 0x13de2cdd - flags0 - 0x50170614 | 0x7167293a ^ 0x42a6ffd6;0x859d0:xor:state0 & 0x2f6cb1f6 - b2 ^ state0 & 0x2f6cb1f6 ^ 0x745ff1d2 & 0x13de2cdd - flags0 - 0x50170614 | 0x7167293a ^ 0x42a6ffd6 ^ u16_0 - state0 & 0x2f6cb1f6 - b2 ^ state0 & 0x2f6cb1f6 ^ 0x745ff1d2 & 0x13de2cdd - flags0 - 0x50170614 | 0x7167293a ^ 0x42a6ffd6 - 0x3cd18153	state0 & 0x2f6cb1f6 - b2 ^ state0 & 0x2f6cb1f6 ^ 0x745ff1d2 & 0x13de2cdd - flags0 - 0x50170614 | 0x7167293a ^ 0x42a6ffd6 ^ u16_0 - state0 & 0x2f6cb1f6 - b2 ^ state0 & 0x2f6cb1f6 ^ 0x745ff1d2 & 0x13de2cdd - flags0 - 0x50170614 | 0x7167293a ^ 0x42a6ffd6 - 0x3cd18153	0x85679:sub:flags0 - 0x50170614;0x85688:or:flags0 - 0x50170614 | 0x7167293a;0x85864:xor:flags0 - 0x50170614 | 0x7167293a ^ 0x42a6ffd6	0x85621:je,0x8566a:je,0x856f1:je,0x858d5:je
67	0x859fc	0	0x85b87	87	4	0	1	0x85a60:u16_4,0x85a75:u16_6,0x85aa1:u16_0,0x85b1c:u16_2,0x85b67:u16_2 + state0 | 0x26d4dee7 | flags0 - flags0 - 0x7138da2d & 0xffff	0x85a06:or:state0 | 0x26d4dee7;0x85a25:or:state0 | 0x26d4dee7 | flags0;0x85a56:sub:state0 | 0x26d4dee7 | flags0 - flags0;0x85b51:or:state0 | 0x26d4dee7 | flags0 - flags0 | u16_2 + state0 | 0x26d4dee7 | flags0 - flags0 - 0x7138da2d	state0 | 0x26d4dee7 | flags0 - flags0 | u16_2 + state0 | 0x26d4dee7 | flags0 - flags0 - 0x7138da2d		0x85aba:je
68	0x85b89	0	0x85f22	207	1	2	6	0x85c6b:u16_3,0x85cdb:byte0,0x85e11:b2,0x85e58:u16_3,0x85e86:u16_3 + (Ptr(kind='frame', off=0)) & 0x400,0x85eb3:u16_0	0x85ee0:xor:state0 ^ u16_0 ^ state0 + 0x72639e4e	state0 ^ u16_0 ^ state0 + 0x72639e4e	0x85db0:sub:flags0 - 0xfc7eb43;0x85dc0:sub:flags0 - 0xfc7eb43 - 0x1f2a27c2	0x85ce2:jne,0x85d00:jne,0x85d18:jne,0x85d28:jne,0x85da0:je,0x85e1c:je
69	0x85f24	2	0x86763	471	5	6	10	0x85f38:b0,0x85f65:u32_7,0x85f88:b1,0x85fa0:u32_3,0x85fe0:b1,0x86032:b0,0x86053:b2,0x860ac:u32_7,0x860d7:u16_11,0x8632d:byte0,0x8647f:b2,0x864e9:u16_3,0x86695:u16_0	0x86154:xor:state0 ^ flags0;0x86221:xor:state0 ^ flags0 ^ flags0;0x86572:sub:state0 ^ flags0 ^ flags0 - flags0 + state0 ^ flags0 ^ flags0 + 0x55fafa0c - 0x5abc12af ^ state0 ^ flags0 ^ flags0 | 0x58fb4a0c;0x8657f:xor:state0 ^ flags0 ^ flags0 - flags0 + state0 ^ flags0 ^ flags0 + 0x55fafa0c - 0x5abc12af ^ state0 ^ flags0 ^ flags0 | 0x58fb4a0c ^ 0x62ac6845;0x86606:xor:state0 ^ flags0 ^ flags0 - flags0 + state0 ^ flags0 ^ flags0 + 0x55fafa0c - 0x5abc12af ^ state0 ^ flags0 ^ flags0 | 0x58fb4a0c ^ 0x62ac6845 ^ flags0 + state0 ^ flags0 ^ flags0 + 0x55fafa0c - 0x5abc12af ^ state0 ^ flags0 ^ flags0 | 0x58fb4a0c ^ state0 ^ flags0 ^ flags0 - flags0 + state0 ^ flags0 ^ flags0 + 0x55fafa0c - 0x5abc12af ^ state0 ^ flags0 ^ flags0 | 0x58fb4a0c ^ 0x62ac6845 | 0x528cef01	state0 ^ flags0 ^ flags0 - flags0 + state0 ^ flags0 ^ flags0 + 0x55fafa0c - 0x5abc12af ^ state0 ^ flags0 ^ flags0 | 0x58fb4a0c ^ 0x62ac6845 ^ flags0 + state0 ^ flags0 ^ flags0 + 0x55fafa0c - 0x5abc12af ^ state0 ^ flags0 ^ flags0 | 0x58fb4a0c ^ state0 ^ flags0 ^ flags0 - flags0 + state0 ^ flags0 ^ flags0 + 0x55fafa0c - 0x5abc12af ^ state0 ^ flags0 ^ flags0 | 0x58fb4a0c ^ 0x62ac6845 | 0x528cef01	0x863ec:add:flags0 + state0 ^ flags0 ^ flags0 + 0x55fafa0c;0x863f8:sub:flags0 + state0 ^ flags0 ^ flags0 + 0x55fafa0c - 0x5abc12af;0x86542:xor:flags0 + state0 ^ flags0 ^ flags0 + 0x55fafa0c - 0x5abc12af ^ state0 ^ flags0 ^ flags0;0x86553:or:flags0 + state0 ^ flags0 ^ flags0 + 0x55fafa0c - 0x5abc12af ^ state0 ^ flags0 ^ flags0 | 0x58fb4a0c;0x865c2:xor:flags0 + state0 ^ flags0 ^ flags0 + 0x55fafa0c - 0x5abc12af ^ state0 ^ flags0 ^ flags0 | 0x58fb4a0c ^ state0 ^ flags0 ^ flags0 - flags0 + state0 ^ flags0 ^ flags0 + 0x55fafa0c - 0x5abc12af ^ state0 ^ flags0 ^ flags0 | 0x58fb4a0c ^ 0x62ac6845;0x865cf:or:flags0 + state0 ^ flags0 ^ flags0 + 0x55fafa0c - 0x5abc12af ^ state0 ^ flags0 ^ flags0 | 0x58fb4a0c ^ state0 ^ flags0 ^ flags0 - flags0 + state0 ^ flags0 ^ flags0 + 0x55fafa0c - 0x5abc12af ^ state0 ^ flags0 ^ flags0 | 0x58fb4a0c ^ 0x62ac6845 | 0x528cef01	0x85f3d:je,0x85f46:je,0x85fb9:je,0x86039:jne,0x86334:jne,0x8634a:jne,0x8635f:jne,0x8636c:jne,0x8648a:je,0x865a3:je
70	0x8610e	1629	0x86763	351	5	6	6	0x8632d:byte0,0x8647f:b2,0x864e9:u16_3,0x86695:u16_0	0x86154:xor:state0 ^ flags0;0x86221:xor:state0 ^ flags0 ^ flags0;0x86572:sub:state0 ^ flags0 ^ flags0 - flags0 + state0 ^ flags0 ^ flags0 + 0x55fafa0c - 0x5abc12af ^ state0 ^ flags0 ^ flags0 | 0x58fb4a0c;0x8657f:xor:state0 ^ flags0 ^ flags0 - flags0 + state0 ^ flags0 ^ flags0 + 0x55fafa0c - 0x5abc12af ^ state0 ^ flags0 ^ flags0 | 0x58fb4a0c ^ 0x62ac6845;0x86606:xor:state0 ^ flags0 ^ flags0 - flags0 + state0 ^ flags0 ^ flags0 + 0x55fafa0c - 0x5abc12af ^ state0 ^ flags0 ^ flags0 | 0x58fb4a0c ^ 0x62ac6845 ^ flags0 + state0 ^ flags0 ^ flags0 + 0x55fafa0c - 0x5abc12af ^ state0 ^ flags0 ^ flags0 | 0x58fb4a0c ^ state0 ^ flags0 ^ flags0 - flags0 + state0 ^ flags0 ^ flags0 + 0x55fafa0c - 0x5abc12af ^ state0 ^ flags0 ^ flags0 | 0x58fb4a0c ^ 0x62ac6845 | 0x528cef01	state0 ^ flags0 ^ flags0 - flags0 + state0 ^ flags0 ^ flags0 + 0x55fafa0c - 0x5abc12af ^ state0 ^ flags0 ^ flags0 | 0x58fb4a0c ^ 0x62ac6845 ^ flags0 + state0 ^ flags0 ^ flags0 + 0x55fafa0c - 0x5abc12af ^ state0 ^ flags0 ^ flags0 | 0x58fb4a0c ^ state0 ^ flags0 ^ flags0 - flags0 + state0 ^ flags0 ^ flags0 + 0x55fafa0c - 0x5abc12af ^ state0 ^ flags0 ^ flags0 | 0x58fb4a0c ^ 0x62ac6845 | 0x528cef01	0x863ec:add:flags0 + state0 ^ flags0 ^ flags0 + 0x55fafa0c;0x863f8:sub:flags0 + state0 ^ flags0 ^ flags0 + 0x55fafa0c - 0x5abc12af;0x86542:xor:flags0 + state0 ^ flags0 ^ flags0 + 0x55fafa0c - 0x5abc12af ^ state0 ^ flags0 ^ flags0;0x86553:or:flags0 + state0 ^ flags0 ^ flags0 + 0x55fafa0c - 0x5abc12af ^ state0 ^ flags0 ^ flags0 | 0x58fb4a0c;0x865c2:xor:flags0 + state0 ^ flags0 ^ flags0 + 0x55fafa0c - 0x5abc12af ^ state0 ^ flags0 ^ flags0 | 0x58fb4a0c ^ state0 ^ flags0 ^ flags0 - flags0 + state0 ^ flags0 ^ flags0 + 0x55fafa0c - 0x5abc12af ^ state0 ^ flags0 ^ flags0 | 0x58fb4a0c ^ 0x62ac6845;0x865cf:or:flags0 + state0 ^ flags0 ^ flags0 + 0x55fafa0c - 0x5abc12af ^ state0 ^ flags0 ^ flags0 | 0x58fb4a0c ^ state0 ^ flags0 ^ flags0 - flags0 + state0 ^ flags0 ^ flags0 + 0x55fafa0c - 0x5abc12af ^ state0 ^ flags0 ^ flags0 | 0x58fb4a0c ^ 0x62ac6845 | 0x528cef01	0x86334:jne,0x8634a:jne,0x8635f:jne,0x8636c:jne,0x8648a:je,0x865a3:je
71	0x86766	0	0x868bb	72	0	0	1	0x867a4:u16_4,0x867af:u16_6,0x867d8:u16_0,0x86846:u16_2		state0		0x867f1:je
72	0x868bd	0	0x86be2	180	2	0	2	0x868f2:u16_9,0x8691e:u16_3,0x8696f:u16_7,0x869e8:u16_3,0x86a0d:u16_9,0x86aa0:b2,0x86ade:u16_5,0x86b58:u16_0	0x86b04:and:state0 & 0x1cdfcc1d;0x86ba1:sub:state0 & 0x1cdfcc1d - u16_0 ^ state0 & 0x1cdfcc1d + 0x17395727	state0 & 0x1cdfcc1d - u16_0 ^ state0 & 0x1cdfcc1d + 0x17395727		0x86a29:je,0x86aab:je
73	0x86be4	0	0x86d40	77	2	0	1	0x86c11:u16_4,0x86c2c:u16_6,0x86c4d:u16_0,0x86cd8:u16_2,0x86d04:u16_2 - state0 - 0x3f7f9f2	0x86bfa:sub:state0 - 0x3f7f9f2;0x86d07:add:state0 - 0x3f7f9f2 + u16_2 - state0 - 0x3f7f9f2	state0 - 0x3f7f9f2 + u16_2 - state0 - 0x3f7f9f2		0x86c67:je
74	0x86d43	33	0x873fa	377	3	7	7	0x86e25:byte0,0x870ae:byte0,0x871ab:b4,0x87231:u16_2,0x87362:u16_0	0x86da1:sub:state0 - flags0 & state0 - 0x7af5a4e2 - 0x619b65dc;0x86e03:xor:state0 - flags0 & state0 - 0x7af5a4e2 - 0x619b65dc ^ 0x65dcaffc;0x86ec5:add:state0 - flags0 & state0 - 0x7af5a4e2 - 0x619b65dc ^ 0x65dcaffc + 0x33d7fc12	state0 - flags0 & state0 - 0x7af5a4e2 - 0x619b65dc ^ 0x65dcaffc + 0x33d7fc12	0x86d76:and:flags0 & state0 - 0x7af5a4e2;0x86d84:sub:flags0 & state0 - 0x7af5a4e2 - 0x619b65dc;0x86e5d:sub:flags0 & state0 - 0x7af5a4e2 - 0x619b65dc - state0 - flags0 & state0 - 0x7af5a4e2 - 0x619b65dc ^ 0x65dcaffc ^ 0x6adfe823;0x86e6e:xor:flags0 & state0 - 0x7af5a4e2 - 0x619b65dc - state0 - flags0 & state0 - 0x7af5a4e2 - 0x619b65dc ^ 0x65dcaffc ^ 0x6adfe823 ^ 0x1a77c224;0x86ea8:add:flags0 & state0 - 0x7af5a4e2 - 0x619b65dc - state0 - flags0 & state0 - 0x7af5a4e2 - 0x619b65dc ^ 0x65dcaffc ^ 0x6adfe823 ^ 0x1a77c224 + 0x403a8d37;0x872d2:and:flags0 & state0 - 0x7af5a4e2 - 0x619b65dc - state0 - flags0 & state0 - 0x7af5a4e2 - 0x619b65dc ^ 0x65dcaffc ^ 0x6adfe823 ^ 0x1a77c224 + 0x403a8d37 & 0x7bf9a401;0x872e3:or:flags0 & state0 - 0x7af5a4e2 - 0x619b65dc - state0 - flags0 & state0 - 0x7af5a4e2 - 0x619b65dc ^ 0x65dcaffc ^ 0x6adfe823 ^ 0x1a77c224 + 0x403a8d37 & 0x7bf9a401 | 0x53143bba	0x86dd0:je,0x870b5:jne,0x870cd:jne,0x870f3:jne,0x87104:jne,0x871d5:je,0x872c2:je
75	0x873fc	276	0x87c25	439	0	0	39	0x8747f:u16_8,0x874c7:b10,0x87b03:u16_0,0x87b98:u32_4,0x87ba1:u32_4		state0		0x874ce:je,0x874d8:je,0x874ec:je,0x87530:jne,0x8753d:jne,0x87581:jne,0x87594:jne,0x875a1:jne,0x875d1:jne,0x875de:jne,0x87614:jne,0x87621:je,0x87658:jne,0x8766b:je,0x876a7:je,0x876dc:jne,0x876f6:jne,0x8773c:jne,0x8776d:jne,0x877b5:jne,0x877e7:jne,0x8782a:je,0x87866:jne,0x87879:je,0x878ce:je,0x8790e:jne,0x8791b:jne,0x8794c:jne,0x87959:jne,0x87993:jne,0x879a0:jne,0x879e0:jne,0x879ed:je,0x87a2a:jne,0x87a37:je,0x87a70:jne,0x87a7d:je,0x87bc8:je,0x87bd4:je
76	0x87d17	0	0x8812f	231	4	5	0	0x87dca:byte0,0x87dd9:byte0,0x87e40:u32_2,0x87f51:byte0,0x88045:u16_0	0x87d6e:sub:state0 - 0x795b9aa4;0x87ec9:add:state0 - 0x795b9aa4 + u32_2 + state0 - 0x795b9aa4 ^ flags0 ^ state0 | 0x574ce9b7 & 0x3247cd40;0x87f79:xor:state0 - 0x795b9aa4 + u32_2 + state0 - 0x795b9aa4 ^ flags0 ^ state0 | 0x574ce9b7 & 0x3247cd40 ^ flags0 ^ state0 | 0x574ce9b7 & 0x3247cd40 ^ 0x6e4cfe36;0x880d3:and:state0 - 0x795b9aa4 + u32_2 + state0 - 0x795b9aa4 ^ flags0 ^ state0 | 0x574ce9b7 & 0x3247cd40 ^ flags0 ^ state0 | 0x574ce9b7 & 0x3247cd40 ^ 0x6e4cfe36 & u16_0 + state0 - 0x795b9aa4 + u32_2 + state0 - 0x795b9aa4 ^ flags0 ^ state0 | 0x574ce9b7 & 0x3247cd40 ^ flags0 ^ state0 | 0x574ce9b7 & 0x3247cd40 ^ 0x6e4cfe36 ^ 0x5381a641	state0 - 0x795b9aa4 + u32_2 + state0 - 0x795b9aa4 ^ flags0 ^ state0 | 0x574ce9b7 & 0x3247cd40 ^ flags0 ^ state0 | 0x574ce9b7 & 0x3247cd40 ^ 0x6e4cfe36 & u16_0 + state0 - 0x795b9aa4 + u32_2 + state0 - 0x795b9aa4 ^ flags0 ^ state0 | 0x574ce9b7 & 0x3247cd40 ^ flags0 ^ state0 | 0x574ce9b7 & 0x3247cd40 ^ 0x6e4cfe36 ^ 0x5381a641	0x87d4d:xor:flags0 ^ state0 | 0x574ce9b7;0x87d5a:and:flags0 ^ state0 | 0x574ce9b7 & 0x3247cd40;0x87ef7:xor:flags0 ^ state0 | 0x574ce9b7 & 0x3247cd40 ^ 0x6e4cfe36;0x87f9a:and:flags0 ^ state0 | 0x574ce9b7 & 0x3247cd40 ^ 0x6e4cfe36 & state0 - 0x795b9aa4 + u32_2 + state0 - 0x795b9aa4 ^ flags0 ^ state0 | 0x574ce9b7 & 0x3247cd40 ^ flags0 ^ state0 | 0x574ce9b7 & 0x3247cd40 ^ 0x6e4cfe36;0x87fb6:sub:flags0 ^ state0 | 0x574ce9b7 & 0x3247cd40 ^ 0x6e4cfe36 & state0 - 0x795b9aa4 + u32_2 + state0 - 0x795b9aa4 ^ flags0 ^ state0 | 0x574ce9b7 & 0x3247cd40 ^ flags0 ^ state0 | 0x574ce9b7 & 0x3247cd40 ^ 0x6e4cfe36 - 0x6ff7d7e8	
77	0x88131	0	0x883be	144	1	1	1	0x882a9:b2,0x882f3:u16_3,0x88343:u16_0	0x8837c:add:state0 + u16_0	state0 + u16_0	0x881c8:add:flags0 + 0x27793f0e	0x882b4:je
78	0x883c0	1	0x88a55	381	8	1	7	0x883d4:b0,0x88404:u32_7,0x88428:b1,0x88440:u32_3,0x88480:b1,0x884d2:b0,0x884f3:b2,0x8854d:u32_7,0x88579:u16_11,0x886f1:byte0,0x887e6:b4,0x88863:u16_2,0x889ac:u16_0	0x88668:sub:state0 - flags0 ^ 0xc7e744f ^ 0x623ccce4;0x88675:and:state0 - flags0 ^ 0xc7e744f ^ 0x623ccce4 & 0xd4da920;0x8869c:or:state0 - flags0 ^ 0xc7e744f ^ 0x623ccce4 & 0xd4da920 | flags0 ^ 0xc7e744f ^ 0x225dfa31;0x886c8:sub:state0 - flags0 ^ 0xc7e744f ^ 0x623ccce4 & 0xd4da920 | flags0 ^ 0xc7e744f ^ 0x225dfa31 - 0x6110d031;0x88729:xor:state0 - flags0 ^ 0xc7e744f ^ 0x623ccce4 & 0xd4da920 | flags0 ^ 0xc7e744f ^ 0x225dfa31 - 0x6110d031 ^ 0x3fcb6e9a;0x888bc:xor:state0 - flags0 ^ 0xc7e744f ^ 0x623ccce4 & 0xd4da920 | flags0 ^ 0xc7e744f ^ 0x225dfa31 - 0x6110d031 ^ 0x3fcb6e9a ^ flags0 ^ 0xc7e744f;0x888e6:add:state0 - flags0 ^ 0xc7e744f ^ 0x623ccce4 & 0xd4da920 | flags0 ^ 0xc7e744f ^ 0x225dfa31 - 0x6110d031 ^ 0x3fcb6e9a ^ flags0 ^ 0xc7e744f + 0x60a9dba6;0x88a0b:or:state0 - flags0 ^ 0xc7e744f ^ 0x623ccce4 & 0xd4da920 | flags0 ^ 0xc7e744f ^ 0x225dfa31 - 0x6110d031 ^ 0x3fcb6e9a ^ flags0 ^ 0xc7e744f + 0x60a9dba6 | u16_0 ^ state0 - flags0 ^ 0xc7e744f ^ 0x623ccce4 & 0xd4da920 | flags0 ^ 0xc7e744f ^ 0x225dfa31 - 0x6110d031 ^ 0x3fcb6e9a ^ flags0 ^ 0xc7e744f + 0x60a9dba6	state0 - flags0 ^ 0xc7e744f ^ 0x623ccce4 & 0xd4da920 | flags0 ^ 0xc7e744f ^ 0x225dfa31 - 0x6110d031 ^ 0x3fcb6e9a ^ flags0 ^ 0xc7e744f + 0x60a9dba6 | u16_0 ^ state0 - flags0 ^ 0xc7e744f ^ 0x623ccce4 & 0xd4da920 | flags0 ^ 0xc7e744f ^ 0x225dfa31 - 0x6110d031 ^ 0x3fcb6e9a ^ flags0 ^ 0xc7e744f + 0x60a9dba6	0x885e2:xor:flags0 ^ 0xc7e744f	0x883db:je,0x883e5:je,0x88459:je,0x884d9:jne,0x8860f:je,0x886fb:je,0x887f1:je
79	0x885b0	3633	0x88a55	261	8	1	3	0x886f1:byte0,0x887e6:b4,0x88863:u16_2,0x889ac:u16_0	0x88668:sub:state0 - flags0 ^ 0xc7e744f ^ 0x623ccce4;0x88675:and:state0 - flags0 ^ 0xc7e744f ^ 0x623ccce4 & 0xd4da920;0x8869c:or:state0 - flags0 ^ 0xc7e744f ^ 0x623ccce4 & 0xd4da920 | flags0 ^ 0xc7e744f ^ 0x225dfa31;0x886c8:sub:state0 - flags0 ^ 0xc7e744f ^ 0x623ccce4 & 0xd4da920 | flags0 ^ 0xc7e744f ^ 0x225dfa31 - 0x6110d031;0x88729:xor:state0 - flags0 ^ 0xc7e744f ^ 0x623ccce4 & 0xd4da920 | flags0 ^ 0xc7e744f ^ 0x225dfa31 - 0x6110d031 ^ 0x3fcb6e9a;0x888bc:xor:state0 - flags0 ^ 0xc7e744f ^ 0x623ccce4 & 0xd4da920 | flags0 ^ 0xc7e744f ^ 0x225dfa31 - 0x6110d031 ^ 0x3fcb6e9a ^ flags0 ^ 0xc7e744f;0x888e6:add:state0 - flags0 ^ 0xc7e744f ^ 0x623ccce4 & 0xd4da920 | flags0 ^ 0xc7e744f ^ 0x225dfa31 - 0x6110d031 ^ 0x3fcb6e9a ^ flags0 ^ 0xc7e744f + 0x60a9dba6;0x88a0b:or:state0 - flags0 ^ 0xc7e744f ^ 0x623ccce4 & 0xd4da920 | flags0 ^ 0xc7e744f ^ 0x225dfa31 - 0x6110d031 ^ 0x3fcb6e9a ^ flags0 ^ 0xc7e744f + 0x60a9dba6 | u16_0 ^ state0 - flags0 ^ 0xc7e744f ^ 0x623ccce4 & 0xd4da920 | flags0 ^ 0xc7e744f ^ 0x225dfa31 - 0x6110d031 ^ 0x3fcb6e9a ^ flags0 ^ 0xc7e744f + 0x60a9dba6	state0 - flags0 ^ 0xc7e744f ^ 0x623ccce4 & 0xd4da920 | flags0 ^ 0xc7e744f ^ 0x225dfa31 - 0x6110d031 ^ 0x3fcb6e9a ^ flags0 ^ 0xc7e744f + 0x60a9dba6 | u16_0 ^ state0 - flags0 ^ 0xc7e744f ^ 0x623ccce4 & 0xd4da920 | flags0 ^ 0xc7e744f ^ 0x225dfa31 - 0x6110d031 ^ 0x3fcb6e9a ^ flags0 ^ 0xc7e744f + 0x60a9dba6	0x885e2:xor:flags0 ^ 0xc7e744f	0x8860f:je,0x886fb:je,0x887f1:je
80	0x88a58	0	0x8920b	447	6	0	10	0x88a6c:b0,0x88a9c:u32_7,0x88ac0:b1,0x88ad7:u32_3,0x88b17:b1,0x88b67:b0,0x88b88:b2,0x88bdf:u32_7,0x88c0a:u16_11,0x88dc4:byte0,0x88e90:byte0,0x89016:b4,0x89079:u16_2,0x8913c:u16_0	0x88d7d:xor:state0 ^ flags0 ^ 0x5d998d49;0x88da8:and:state0 ^ flags0 ^ 0x5d998d49 & 0x4500f854;0x88ddc:xor:state0 ^ flags0 ^ 0x5d998d49 & 0x4500f854 ^ flags0 ^ 0x15fca088;0x890cf:xor:state0 ^ flags0 ^ 0x5d998d49 & 0x4500f854 ^ flags0 ^ 0x15fca088 ^ 0x49ede177;0x890e1:and:state0 ^ flags0 ^ 0x5d998d49 & 0x4500f854 ^ flags0 ^ 0x15fca088 ^ 0x49ede177 & 0x6a005710;0x891aa:sub:state0 ^ flags0 ^ 0x5d998d49 & 0x4500f854 ^ flags0 ^ 0x15fca088 ^ 0x49ede177 & 0x6a005710 - u16_0 + state0 ^ flags0 ^ 0x5d998d49 & 0x4500f854 ^ flags0 ^ 0x15fca088 ^ 0x49ede177 & 0x6a005710 ^ 0x5263a45b	state0 ^ flags0 ^ 0x5d998d49 & 0x4500f854 ^ flags0 ^ 0x15fca088 ^ 0x49ede177 & 0x6a005710 - u16_0 + state0 ^ flags0 ^ 0x5d998d49 & 0x4500f854 ^ flags0 ^ 0x15fca088 ^ 0x49ede177 & 0x6a005710 ^ 0x5263a45b		0x88a73:je,0x88a7d:je,0x88af0:je,0x88b6e:jne,0x88e97:jne,0x88eab:jne,0x88ec4:jne,0x88eea:jne,0x88fbc:je,0x89021:je
81	0x88c3f	0	0x8920b	327	6	0	6	0x88dc4:byte0,0x88e90:byte0,0x89016:b4,0x89079:u16_2,0x8913c:u16_0	0x88d7d:xor:state0 ^ flags0 ^ 0x5d998d49;0x88da8:and:state0 ^ flags0 ^ 0x5d998d49 & 0x4500f854;0x88ddc:xor:state0 ^ flags0 ^ 0x5d998d49 & 0x4500f854 ^ flags0 ^ 0x15fca088;0x890cf:xor:state0 ^ flags0 ^ 0x5d998d49 & 0x4500f854 ^ flags0 ^ 0x15fca088 ^ 0x49ede177;0x890e1:and:state0 ^ flags0 ^ 0x5d998d49 & 0x4500f854 ^ flags0 ^ 0x15fca088 ^ 0x49ede177 & 0x6a005710;0x891aa:sub:state0 ^ flags0 ^ 0x5d998d49 & 0x4500f854 ^ flags0 ^ 0x15fca088 ^ 0x49ede177 & 0x6a005710 - u16_0 + state0 ^ flags0 ^ 0x5d998d49 & 0x4500f854 ^ flags0 ^ 0x15fca088 ^ 0x49ede177 & 0x6a005710 ^ 0x5263a45b	state0 ^ flags0 ^ 0x5d998d49 & 0x4500f854 ^ flags0 ^ 0x15fca088 ^ 0x49ede177 & 0x6a005710 - u16_0 + state0 ^ flags0 ^ 0x5d998d49 & 0x4500f854 ^ flags0 ^ 0x15fca088 ^ 0x49ede177 & 0x6a005710 ^ 0x5263a45b		0x88e97:jne,0x88eab:jne,0x88ec4:jne,0x88eea:jne,0x88fbc:je,0x89021:je
82	0x8920e	142	0x89478	133	2	2	5	0x89318:b2,0x893c4:u16_0	0x892f1:add:state0 + flags0 + 0x1bc90d20 | 0x2d688b3e;0x89432:sub:state0 + flags0 + 0x1bc90d20 | 0x2d688b3e - u16_0 + state0 + flags0 + 0x1bc90d20 | 0x2d688b3e + 0x5cc5e4d8	state0 + flags0 + 0x1bc90d20 | 0x2d688b3e - u16_0 + state0 + flags0 + 0x1bc90d20 | 0x2d688b3e + 0x5cc5e4d8	0x89275:add:flags0 + 0x1bc90d20;0x892a3:or:flags0 + 0x1bc90d20 | 0x2d688b3e	0x8922d:je,0x8925b:je,0x89293:je,0x892c8:je,0x89338:je
83	0x8947b	2508	0x89839	203	5	2	4	0x8965b:b2,0x89688:u16_3,0x8974d:u16_0	0x8948f:and:state0 & 0x122d7f19;0x8956c:or:state0 & 0x122d7f19 | flags0;0x895c5:add:state0 & 0x122d7f19 | flags0 + 0x60e2eab8;0x8961a:sub:state0 & 0x122d7f19 | flags0 + 0x60e2eab8 - 0x34a4c404;0x897e6:sub:state0 & 0x122d7f19 | flags0 + 0x60e2eab8 - 0x34a4c404 - u16_0 + state0 & 0x122d7f19 | flags0 + 0x60e2eab8 - 0x34a4c404 ^ 0x4b7ebb84	state0 & 0x122d7f19 | flags0 + 0x60e2eab8 - 0x34a4c404 - u16_0 + state0 & 0x122d7f19 | flags0 + 0x60e2eab8 - 0x34a4c404 ^ 0x4b7ebb84	0x89602:xor:flags0 ^ 0xe368451;0x89613:sub:flags0 ^ 0xe368451 - 0x1f36e121	0x895f2:je,0x8963c:je,0x89666:je,0x896a4:je
84	0x8983b	0	0x89b35	176	3	0	5	0x8991e:u16_3,0x8994f:byte0,0x89a03:b2,0x89a30:u16_3,0x89ab7:u16_0	0x898be:or:state0 | 0x206f2f12;0x899ee:add:state0 | 0x206f2f12 + flags0;0x89af8:add:state0 | 0x206f2f12 + flags0 + u16_0 + state0 | 0x206f2f12 + flags0	state0 | 0x206f2f12 + flags0 + u16_0 + state0 | 0x206f2f12 + flags0		0x89955:jne,0x89963:jne,0x8997c:jne,0x89993:jne,0x89a0f:je
85	0x89b37	1	0x8a37d	463	0	0	38	0x89b86:u16_6,0x89bcb:b8,0x8a206:u32_0,0x8a231:u16_4,0x8a27e:u16_9,0x8a2e5:u16_11		state0		0x89bd0:je,0x89bd8:je,0x89bf4:je,0x89c4b:jne,0x89c57:jne,0x89c91:jne,0x89ca0:jne,0x89cad:jne,0x89cee:jne,0x89cfa:jne,0x89d1a:jne,0x89d26:je,0x89d86:jne,0x89d95:je,0x89dd4:je,0x89e0b:jne,0x89e1b:jne,0x89e47:jne,0x89e7b:jne,0x89ed0:jne,0x89f0f:jne,0x89f4a:je,0x89f91:jne,0x89faa:je,0x8a012:je,0x8a053:jne,0x8a05f:jne,0x8a090:jne,0x8a09c:jne,0x8a0d9:jne,0x8a0e5:jne,0x8a10b:jne,0x8a117:je,0x8a14e:jne,0x8a15a:je,0x8a192:jne,0x8a19e:je,0x8a1e5:je
86	0x8a37f	5	0x8a49b	61	0	0	0	0x8a389:byte0,0x8a422:u16_0		state0		
87	0x8a49e	12	0x8aa11	295	7	1	5	0x8a6d5:byte0,0x8a80b:b4,0x8a888:u16_0,0x8a929:u16_2	0x8a4b9:add:state0 + 0x42559993;0x8a4cb:or:state0 + 0x42559993 | 0x3c876d75;0x8a4f6:xor:state0 + 0x42559993 | 0x3c876d75 ^ flags0 - 0x4356d657;0x8a545:add:state0 + 0x42559993 | 0x3c876d75 ^ flags0 - 0x4356d657 + flags0 - 0x4356d657;0x8a696:sub:state0 + 0x42559993 | 0x3c876d75 ^ flags0 - 0x4356d657 + flags0 - 0x4356d657 - flags0 - 0x4356d657;0x8a6b0:or:state0 + 0x42559993 | 0x3c876d75 ^ flags0 - 0x4356d657 + flags0 - 0x4356d657 - flags0 - 0x4356d657 | 0x5371e74e;0x8a99c:or:state0 + 0x42559993 | 0x3c876d75 ^ flags0 - 0x4356d657 + flags0 - 0x4356d657 - flags0 - 0x4356d657 | 0x5371e74e | u16_2	state0 + 0x42559993 | 0x3c876d75 ^ flags0 - 0x4356d657 + flags0 - 0x4356d657 - flags0 - 0x4356d657 | 0x5371e74e | u16_2	0x8a4a8:sub:flags0 - 0x4356d657	0x8a6d9:jne,0x8a6e5:jne,0x8a6f2:jne,0x8a6fe:jne,0x8a816:je
88	0x8aa14	149	0x8b026	335	3	0	6	0x8ab1c:byte0,0x8ac4f:byte0,0x8aced:byte0,0x8ae95:byte0,0x8aea1:b0,0x8aecd:u16_3,0x8af41:u16_1	0x8ab0d:or:state0 | flags0;0x8ae60:sub:state0 | flags0 - 0x1c9cfcea;0x8afd1:xor:state0 | flags0 - 0x1c9cfcea ^ u16_1 + state0 | flags0 - 0x1c9cfcea ^ 0x415462f5	state0 | flags0 - 0x1c9cfcea ^ u16_1 + state0 | flags0 - 0x1c9cfcea ^ 0x415462f5		0x8aa9c:je,0x8acf1:jne,0x8ad18:jne,0x8ad2e:jne,0x8ad3a:jne,0x8aeac:je
89	0x8b028	0	0x8b332	171	1	0	3	0x8b063:u16_1,0x8b08e:u16_5,0x8b0cb:u16_3,0x8b176:u16_1,0x8b184:u16_5,0x8b227:b0,0x8b259:u16_7,0x8b2aa:u16_9	0x8b2e4:and:state0 & u16_9 ^ state0 + 0x7c8d5d40	state0 & u16_9 ^ state0 + 0x7c8d5d40		0x8b198:je,0x8b1e0:je,0x8b232:je
90	0x8b334	567	0x8b6db	201	9	2	0	0x8b3fa:u16_2,0x8b536:byte0,0x8b608:u16_0	0x8b34b:add:state0 + flags0;0x8b365:add:state0 + flags0 + flags0;0x8b372:add:state0 + flags0 + flags0 + 0x1c1030c0;0x8b3c2:add:state0 + flags0 + flags0 + 0x1c1030c0 + flags0 & 0x4b6fdae0 | 0x4357e3c2;0x8b47d:and:state0 + flags0 + flags0 + 0x1c1030c0 + flags0 & 0x4b6fdae0 | 0x4357e3c2 & u16_2 - state0 + flags0 + flags0 + 0x1c1030c0 + flags0 & 0x4b6fdae0 | 0x4357e3c2 + flags0 & 0x4b6fdae0;0x8b528:or:state0 + flags0 + flags0 + 0x1c1030c0 + flags0 & 0x4b6fdae0 | 0x4357e3c2 & u16_2 - state0 + flags0 + flags0 + 0x1c1030c0 + flags0 & 0x4b6fdae0 | 0x4357e3c2 + flags0 & 0x4b6fdae0 | 0x59296ab9;0x8b550:or:state0 + flags0 + flags0 + 0x1c1030c0 + flags0 & 0x4b6fdae0 | 0x4357e3c2 & u16_2 - state0 + flags0 + flags0 + 0x1c1030c0 + flags0 & 0x4b6fdae0 | 0x4357e3c2 + flags0 & 0x4b6fdae0 | 0x59296ab9 | flags0 & 0x4b6fdae0 | 0x3296b63d;0x8b55d:xor:state0 + flags0 + flags0 + 0x1c1030c0 + flags0 & 0x4b6fdae0 | 0x4357e3c2 & u16_2 - state0 + flags0 + flags0 + 0x1c1030c0 + flags0 & 0x4b6fdae0 | 0x4357e3c2 + flags0 & 0x4b6fdae0 | 0x59296ab9 | flags0 & 0x4b6fdae0 | 0x3296b63d ^ 0x6ee390ce;0x8b684:xor:state0 + flags0 + flags0 + 0x1c1030c0 + flags0 & 0x4b6fdae0 | 0x4357e3c2 & u16_2 - state0 + flags0 + flags0 + 0x1c1030c0 + flags0 & 0x4b6fdae0 | 0x4357e3c2 + flags0 & 0x4b6fdae0 | 0x59296ab9 | flags0 & 0x4b6fdae0 | 0x3296b63d ^ 0x6ee390ce ^ u16_0 + 0x224914c1	state0 + flags0 + flags0 + 0x1c1030c0 + flags0 & 0x4b6fdae0 | 0x4357e3c2 & u16_2 - state0 + flags0 + flags0 + 0x1c1030c0 + flags0 & 0x4b6fdae0 | 0x4357e3c2 + flags0 & 0x4b6fdae0 | 0x59296ab9 | flags0 & 0x4b6fdae0 | 0x3296b63d ^ 0x6ee390ce ^ u16_0 + 0x224914c1	0x8b39e:and:flags0 & 0x4b6fdae0;0x8b493:or:flags0 & 0x4b6fdae0 | 0x3296b63d	
91	0x8b6de	2251	0x8b8c9	110	1	1	1	0x8b752:u16_2,0x8b829:u16_0	0x8b87e:xor:state0 ^ u16_0 ^ state0	state0 ^ u16_0 ^ state0	0x8b797:xor:flags0 ^ state0 ^ 0x3f03cfb3	0x8b6ee:je
92	0x8b8cb	307	0x8bcec	231	5	3	5	0x8b95a:u16_2,0x8bc1a:u16_0	0x8b9c2:and:state0 & u16_2 ^ state0 ^ flags0 | 0x39591837;0x8bae5:or:state0 & u16_2 ^ state0 ^ flags0 | 0x39591837 | flags0 | 0x39591837;0x8bb02:or:state0 & u16_2 ^ state0 ^ flags0 | 0x39591837 | flags0 | 0x39591837 | 0x1002fee7;0x8bb9b:add:state0 & u16_2 ^ state0 ^ flags0 | 0x39591837 | flags0 | 0x39591837 | 0x1002fee7 + 0x2efa2a96;0x8bc8c:xor:state0 & u16_2 ^ state0 ^ flags0 | 0x39591837 | flags0 | 0x39591837 | 0x1002fee7 + 0x2efa2a96 ^ u16_0 + state0 & u16_2 ^ state0 ^ flags0 | 0x39591837 | flags0 | 0x39591837 | 0x1002fee7 + 0x2efa2a96 + 0x604aa997	state0 & u16_2 ^ state0 ^ flags0 | 0x39591837 | flags0 | 0x39591837 | 0x1002fee7 + 0x2efa2a96 ^ u16_0 + state0 & u16_2 ^ state0 ^ flags0 | 0x39591837 | flags0 | 0x39591837 | 0x1002fee7 + 0x2efa2a96 + 0x604aa997	0x8b8f4:or:flags0 | 0x39591837;0x8bb2c:xor:flags0 | 0x39591837 ^ 0x7c5f9351;0x8bb3d:or:flags0 | 0x39591837 ^ 0x7c5f9351 | 0x18f293fe	0x8b8e4:je,0x8ba76:je,0x8ba9f:je,0x8bb1c:je,0x8bb58:je
93	0x8bcef	0	0x8c41a	412	4	5	6	0x8bd0a:u32_2,0x8bd35:u16_0,0x8bf98:byte0,0x8c087:byte0,0x8c0e8:byte0,0x8c1de:b0,0x8c251:u16_3,0x8c373:u16_1	0x8bdd1:and:state0 & flags0 ^ state0 + 0x551fa912 & 0x7af574e5;0x8c094:add:state0 & flags0 ^ state0 + 0x551fa912 & 0x7af574e5 + flags0 ^ state0 + 0x551fa912;0x8c0a2:or:state0 & flags0 ^ state0 + 0x551fa912 & 0x7af574e5 + flags0 ^ state0 + 0x551fa912 | 0x23f8268c;0x8c3dc:sub:state0 & flags0 ^ state0 + 0x551fa912 & 0x7af574e5 + flags0 ^ state0 + 0x551fa912 | 0x23f8268c - u16_1 ^ state0 & flags0 ^ state0 + 0x551fa912 & 0x7af574e5 + flags0 ^ state0 + 0x551fa912 | 0x23f8268c	state0 & flags0 ^ state0 + 0x551fa912 & 0x7af574e5 + flags0 ^ state0 + 0x551fa912 | 0x23f8268c - u16_1 ^ state0 & flags0 ^ state0 + 0x551fa912 & 0x7af574e5 + flags0 ^ state0 + 0x551fa912 | 0x23f8268c	0x8bd85:xor:flags0 ^ state0 + 0x551fa912;0x8c0c7:or:flags0 ^ state0 + 0x551fa912 | state0 & flags0 ^ state0 + 0x551fa912 & 0x7af574e5 + flags0 ^ state0 + 0x551fa912 | 0x23f8268c & 0x55f7e727;0x8c102:and:flags0 ^ state0 + 0x551fa912 | state0 & flags0 ^ state0 + 0x551fa912 & 0x7af574e5 + flags0 ^ state0 + 0x551fa912 | 0x23f8268c & 0x55f7e727 & 0x7dbf9a82;0x8c112:add:flags0 ^ state0 + 0x551fa912 | state0 & flags0 ^ state0 + 0x551fa912 & 0x7af574e5 + flags0 ^ state0 + 0x551fa912 | 0x23f8268c & 0x55f7e727 & 0x7dbf9a82 + 0x17476b81;0x8c299:or:flags0 ^ state0 + 0x551fa912 | state0 & flags0 ^ state0 + 0x551fa912 & 0x7af574e5 + flags0 ^ state0 + 0x551fa912 | 0x23f8268c & 0x55f7e727 & 0x7dbf9a82 + 0x17476b81 | state0 & flags0 ^ state0 + 0x551fa912 & 0x7af574e5 + flags0 ^ state0 + 0x551fa912 | 0x23f8268c	0x8bfbc:jne,0x8bfc9:jne,0x8bff0:jne,0x8c003:jne,0x8c0f2:je,0x8c1e9:je
94	0x8bd69	91	0x8c41a	375	4	5	6	0x8bf98:byte0,0x8c087:byte0,0x8c0e8:byte0,0x8c1de:b0,0x8c251:u16_3,0x8c373:u16_1	0x8bdd1:and:state0 & flags0 ^ state0 + 0x551fa912 & 0x7af574e5;0x8c094:add:state0 & flags0 ^ state0 + 0x551fa912 & 0x7af574e5 + flags0 ^ state0 + 0x551fa912;0x8c0a2:or:state0 & flags0 ^ state0 + 0x551fa912 & 0x7af574e5 + flags0 ^ state0 + 0x551fa912 | 0x23f8268c;0x8c3dc:sub:state0 & flags0 ^ state0 + 0x551fa912 & 0x7af574e5 + flags0 ^ state0 + 0x551fa912 | 0x23f8268c - u16_1 ^ state0 & flags0 ^ state0 + 0x551fa912 & 0x7af574e5 + flags0 ^ state0 + 0x551fa912 | 0x23f8268c	state0 & flags0 ^ state0 + 0x551fa912 & 0x7af574e5 + flags0 ^ state0 + 0x551fa912 | 0x23f8268c - u16_1 ^ state0 & flags0 ^ state0 + 0x551fa912 & 0x7af574e5 + flags0 ^ state0 + 0x551fa912 | 0x23f8268c	0x8bd85:xor:flags0 ^ state0 + 0x551fa912;0x8c0c7:or:flags0 ^ state0 + 0x551fa912 | state0 & flags0 ^ state0 + 0x551fa912 & 0x7af574e5 + flags0 ^ state0 + 0x551fa912 | 0x23f8268c & 0x55f7e727;0x8c102:and:flags0 ^ state0 + 0x551fa912 | state0 & flags0 ^ state0 + 0x551fa912 & 0x7af574e5 + flags0 ^ state0 + 0x551fa912 | 0x23f8268c & 0x55f7e727 & 0x7dbf9a82;0x8c112:add:flags0 ^ state0 + 0x551fa912 | state0 & flags0 ^ state0 + 0x551fa912 & 0x7af574e5 + flags0 ^ state0 + 0x551fa912 | 0x23f8268c & 0x55f7e727 & 0x7dbf9a82 + 0x17476b81;0x8c299:or:flags0 ^ state0 + 0x551fa912 | state0 & flags0 ^ state0 + 0x551fa912 & 0x7af574e5 + flags0 ^ state0 + 0x551fa912 | 0x23f8268c & 0x55f7e727 & 0x7dbf9a82 + 0x17476b81 | state0 & flags0 ^ state0 + 0x551fa912 & 0x7af574e5 + flags0 ^ state0 + 0x551fa912 | 0x23f8268c	0x8bfbc:jne,0x8bfc9:jne,0x8bff0:jne,0x8c003:jne,0x8c0f2:je,0x8c1e9:je
95	0x8c41c	562	0x8c5b7	99	1	0	1	0x8c437:u32_6,0x8c463:u16_4,0x8c490:u32_0,0x8c4f0:u16_6,0x8c4fe:u16_2,0x8c523:u16_0,0x8c576:u16_4	0x8c595:xor:state0 ^ u16_4 + 0x1f18e1aa	state0 ^ u16_4 + 0x1f18e1aa		0x8c53c:je
96	0x8c4cf	0	0x8c5b7	51	1	0	1	0x8c4f0:u16_6,0x8c4fe:u16_2,0x8c523:u16_0,0x8c576:u16_4	0x8c595:xor:state0 ^ u16_4 + 0x1f18e1aa	state0 ^ u16_4 + 0x1f18e1aa		0x8c53c:je
97	0x8c5b9	0	0x8c8e9	172	2	0	4	0x8c6c2:byte0,0x8c78a:byte0,0x8c7cc:b0,0x8c824:u16_1,0x8c878:u16_3	0x8c632:or:state0 | flags0;0x8c8bb:and:state0 | flags0 & u16_3 - state0 | flags0	state0 | flags0 & u16_3 - state0 | flags0		0x8c6c9:jne,0x8c6df:jne,0x8c6f4:jne,0x8c7d8:je
98	0x8c8ec	0	0x8cc7f	204	1	0	3	0x8c907:u16_6,0x8c92f:u16_4,0x8c95b:u32_0,0x8cb3b:b0,0x8cb8e:u16_3,0x8cbf5:u16_1,0x8cc0b:u16_1 ^ state0 - 0x48503105	0x8cc2c:and:state0 & u16_1 ^ state0 - 0x48503105	state0 & u16_1 ^ state0 - 0x48503105		0x8ca79:jne,0x8ca94:jne,0x8cb4e:je
99	0x8c99a	695	0x8cc7f	156	1	0	3	0x8cb3b:b0,0x8cb8e:u16_3,0x8cbf5:u16_1,0x8cc0b:u16_1 ^ state0 - 0x48503105	0x8cc2c:and:state0 & u16_1 ^ state0 - 0x48503105	state0 & u16_1 ^ state0 - 0x48503105		0x8ca79:jne,0x8ca94:jne,0x8cb4e:je
100	0x8cc81	0	0x8ceb2	122	1	0	2	0x8ccc1:u16_0,0x8cccf:u16_2,0x8ccfc:u16_6,0x8cd41:u16_2,0x8cd52:u16_0,0x8cd8d:b8,0x8cddb:u16_4,0x8ce44:u16_9	0x8ce84:xor:state0 ^ u16_9 + state0 - 0x4b931360	state0 ^ u16_9 + state0 - 0x4b931360		0x8cd60:je,0x8cd9d:je
101	0x8ceb4	1	0x8d71b	473	1	0	38	0x8cf17:u16_6,0x8cf55:b8,0x8d59d:u32_0,0x8d5c8:u16_4,0x8d617:u16_9,0x8d67c:u16_11	0x8d6c8:and:state0 & u16_11 ^ state0 ^ 0x44422ebb	state0 & u16_11 ^ state0 ^ 0x44422ebb		0x8cf5a:je,0x8cf63:je,0x8cf84:je,0x8cfcc:jne,0x8cfd9:jne,0x8d00f:jne,0x8d028:jne,0x8d035:jne,0x8d082:jne,0x8d08f:jne,0x8d0eb:jne,0x8d0f8:je,0x8d140:jne,0x8d15a:je,0x8d19d:je,0x8d1c6:jne,0x8d1d6:jne,0x8d21c:jne,0x8d275:jne,0x8d2b0:jne,0x8d2cf:jne,0x8d305:je,0x8d31e:jne,0x8d33c:je,0x8d3a6:je,0x8d3df:jne,0x8d3ec:jne,0x8d41a:jne,0x8d427:jne,0x8d462:jne,0x8d46f:jne,0x8d4a5:jne,0x8d4b2:je,0x8d4e6:jne,0x8d4f3:je,0x8d530:jne,0x8d53d:je,0x8d57c:je
102	0x8d71d	64	0x8df99	462	0	0	38	0x8d773:u16_6,0x8d7d5:b8,0x8de25:u32_0,0x8de4f:u16_4,0x8de9c:u16_9,0x8df0c:u16_11,0x8df4d:u16_11 + state0 + 0x7b88d4e3		state0		0x8d7dc:je,0x8d7e6:je,0x8d800:je,0x8d82d:jne,0x8d83a:jne,0x8d85e:jne,0x8d87b:jne,0x8d888:jne,0x8d8d1:jne,0x8d8de:jne,0x8d925:jne,0x8d932:je,0x8d96c:jne,0x8d989:je,0x8d9b0:je,0x8d9f6:jne,0x8da06:jne,0x8da42:jne,0x8da74:jne,0x8dab7:jne,0x8daed:jne,0x8db38:je,0x8db72:jne,0x8db82:je,0x8dbe7:je,0x8dc26:jne,0x8dc33:jne,0x8dc81:jne,0x8dc8e:jne,0x8dcd4:jne,0x8dce1:jne,0x8dd26:jne,0x8dd33:je,0x8dd78:jne,0x8dd85:je,0x8ddb3:jne,0x8ddc0:je,0x8de04:je
103	0x8df9c	0	0x8e2ed	189	1	0	5	0x8e06f:u16_3,0x8e0ee:byte0,0x8e1de:b2,0x8e225:u16_3,0x8e27b:u16_0	0x8e2b6:and:state0 & u16_0 - state0 ^ 0x2bde36be	state0 & u16_0 - state0 ^ 0x2bde36be		0x8e0f5:jne,0x8e107:jne,0x8e11e:jne,0x8e137:jne,0x8e1e9:je
104	0x8e2ef	0	0x8e6b2	206	0	3	6	0x8e432:byte0,0x8e4e8:b0,0x8e544:u16_1,0x8e62b:u16_3		state0	0x8e5ac:sub:flags0 - 0xd879340;0x8e5e8:add:flags0 - 0xd879340 + 0x5c931804;0x8e5f9:xor:flags0 - 0xd879340 + 0x5c931804 ^ 0x543eebce	0x8e437:jne,0x8e44c:jne,0x8e460:jne,0x8e4f3:je,0x8e59c:je,0x8e5d8:je
105	0x8e6b4	671	0x8eb77	258	3	3	5	0x8e7fb:u16_0,0x8e91e:b4,0x8ea1c:byte0,0x8eaaf:u16_2	0x8e751:and:state0 & flags0 ^ 0x6808cf40 - 0x72c2e29b;0x8e87c:and:state0 & flags0 ^ 0x6808cf40 - 0x72c2e29b & u16_0 + state0 & flags0 ^ 0x6808cf40 - 0x72c2e29b + flags0 ^ 0x6808cf40 - 0x72c2e29b;0x8eb10:sub:state0 & flags0 ^ 0x6808cf40 - 0x72c2e29b & u16_0 + state0 & flags0 ^ 0x6808cf40 - 0x72c2e29b + flags0 ^ 0x6808cf40 - 0x72c2e29b - u16_2	state0 & flags0 ^ 0x6808cf40 - 0x72c2e29b & u16_0 + state0 & flags0 ^ 0x6808cf40 - 0x72c2e29b + flags0 ^ 0x6808cf40 - 0x72c2e29b - u16_2	0x8e723:xor:flags0 ^ 0x6808cf40;0x8e734:sub:flags0 ^ 0x6808cf40 - 0x72c2e29b;0x8e8a2:xor:flags0 ^ 0x6808cf40 - 0x72c2e29b ^ 0x35dcbb88	0x8e713:je,0x8e925:jne,0x8e94d:jne,0x8e96f:jne,0x8e9a6:jne
106	0x8eb79	0	0x8eef1	193	1	1	4	0x8ecc3:byte0,0x8edbb:b0,0x8ee09:u16_1,0x8ee74:u16_3	0x8eead:sub:state0 - u16_3	state0 - u16_3	0x8ecc9:and:flags0 & 0x3ed7367c	0x8ecd3:jne,0x8ece6:jne,0x8ed03:jne,0x8edc5:je
107	0x8eef4	256	0x8f248	199	1	1	5	0x8efcf:u16_3,0x8f003:byte0,0x8f13f:b2,0x8f188:u16_3,0x8f1cb:u16_0	0x8f20c:sub:state0 - u16_0 ^ state0	state0 - u16_0 ^ state0	0x8ef75:and:flags0 & 0x2f7d4e8d	0x8f00a:jne,0x8f02a:jne,0x8f03d:jne,0x8f060:jne,0x8f14a:je
108	0x8f24b	5239	0x8f6cf	241	3	3	8	0x8f363:byte0,0x8f4b5:byte0,0x8f585:byte0,0x8f5fe:u16_0	0x8f47a:add:state0 + 0x11961dc7;0x8f49a:xor:state0 + 0x11961dc7 ^ 0x5fa19cc7;0x8f4c5:sub:state0 + 0x11961dc7 ^ 0x5fa19cc7 - flags0	state0 + 0x11961dc7 ^ 0x5fa19cc7 - flags0	0x8f504:xor:flags0 ^ 0x1d98f07a;0x8f516:and:flags0 ^ 0x1d98f07a & 0x60594c67;0x8f575:sub:flags0 ^ 0x1d98f07a & 0x60594c67 - 0x2e3abdae	0x8f368:jne,0x8f38e:jne,0x8f3a8:jne,0x8f3ec:je,0x8f438:jne,0x8f4f4:je,0x8f53a:je,0x8f55b:je
109	0x8f6d1	0	0x8f831	75	1	0	1	0x8f6de:byte0,0x8f700:u16_2,0x8f70b:u16_6,0x8f734:u16_4,0x8f7cc:u16_0	0x8f800:xor:state0 ^ u16_0 - state0 ^ 0x33e5dfd	state0 ^ u16_0 - state0 ^ 0x33e5dfd		0x8f74f:je
110	0x8f834	0	0x8faea	161	2	0	1	0x8f84f:u32_2,0x8f879:u16_0,0x8f9a8:b0,0x8f9db:u16_1,0x8fa6f:u16_3	0x8f917:and:state0 & 0xc8a0d06;0x8fab1:xor:state0 & 0xc8a0d06 ^ u16_3 ^ state0 & 0xc8a0d06 - 0x29ce8b8a	state0 & 0xc8a0d06 ^ u16_3 ^ state0 & 0xc8a0d06 - 0x29ce8b8a		0x8f9ba:je
111	0x8f8ae	0	0x8faea	124	2	0	1	0x8f9a8:b0,0x8f9db:u16_1,0x8fa6f:u16_3	0x8f917:and:state0 & 0xc8a0d06;0x8fab1:xor:state0 & 0xc8a0d06 ^ u16_3 ^ state0 & 0xc8a0d06 - 0x29ce8b8a	state0 & 0xc8a0d06 ^ u16_3 ^ state0 & 0xc8a0d06 - 0x29ce8b8a		0x8f9ba:je
112	0x8faec	2	0x9026c	414	6	5	5	0x8faf9:byte0,0x8fb2d:byte0,0x8fbd9:byte0,0x8fe31:byte0,0x8ff63:b0,0x8ffdb:u16_1,0x9019b:u16_3	0x8fb10:and:state0 & flags0;0x8fb1f:xor:state0 & flags0 ^ 0x40561547;0x8fb60:sub:state0 & flags0 ^ 0x40561547 - flags0 & 0x1340e310;0x8fb6c:add:state0 & flags0 ^ 0x40561547 - flags0 & 0x1340e310 + 0x2d8111d9;0x90116:or:state0 & flags0 ^ 0x40561547 - flags0 & 0x1340e310 + 0x2d8111d9 | flags0 & state0 & flags0 ^ 0x40561547 - flags0 & 0x1340e310 + 0x2d8111d9 & 0x25637e96 | 0x488765f3 + state0 & flags0 ^ 0x40561547 - flags0 & 0x1340e310 + 0x2d8111d9 + 0x2aab3c50 ^ state0 & flags0 ^ 0x40561547 - flags0 & 0x1340e310 + 0x2d8111d9 + 0x7d6325a & 0x26dc7059;0x9020e:xor:state0 & flags0 ^ 0x40561547 - flags0 & 0x1340e310 + 0x2d8111d9 | flags0 & state0 & flags0 ^ 0x40561547 - flags0 & 0x1340e310 + 0x2d8111d9 & 0x25637e96 | 0x488765f3 + state0 & flags0 ^ 0x40561547 - flags0 & 0x1340e310 + 0x2d8111d9 + 0x2aab3c50 ^ state0 & flags0 ^ 0x40561547 - flags0 & 0x1340e310 + 0x2d8111d9 + 0x7d6325a & 0x26dc7059 ^ u16_3 ^ state0 & flags0 ^ 0x40561547 - flags0 & 0x1340e310 + 0x2d8111d9 | flags0 & state0 & flags0 ^ 0x40561547 - flags0 & 0x1340e310 + 0x2d8111d9 & 0x25637e96 | 0x488765f3 + state0 & flags0 ^ 0x40561547 - flags0 & 0x1340e310 + 0x2d8111d9 + 0x2aab3c50 ^ state0 & flags0 ^ 0x40561547 - flags0 & 0x1340e310 + 0x2d8111d9 + 0x7d6325a & 0x26dc7059 + 0x2bd71820	state0 & flags0 ^ 0x40561547 - flags0 & 0x1340e310 + 0x2d8111d9 | flags0 & state0 & flags0 ^ 0x40561547 - flags0 & 0x1340e310 + 0x2d8111d9 & 0x25637e96 | 0x488765f3 + state0 & flags0 ^ 0x40561547 - flags0 & 0x1340e310 + 0x2d8111d9 + 0x2aab3c50 ^ state0 & flags0 ^ 0x40561547 - flags0 & 0x1340e310 + 0x2d8111d9 + 0x7d6325a & 0x26dc7059 ^ u16_3 ^ state0 & flags0 ^ 0x40561547 - flags0 & 0x1340e310 + 0x2d8111d9 | flags0 & state0 & flags0 ^ 0x40561547 - flags0 & 0x1340e310 + 0x2d8111d9 & 0x25637e96 | 0x488765f3 + state0 & flags0 ^ 0x40561547 - flags0 & 0x1340e310 + 0x2d8111d9 + 0x2aab3c50 ^ state0 & flags0 ^ 0x40561547 - flags0 & 0x1340e310 + 0x2d8111d9 + 0x7d6325a & 0x26dc7059 + 0x2bd71820	0x8fb9e:and:flags0 & state0 & flags0 ^ 0x40561547 - flags0 & 0x1340e310 + 0x2d8111d9 & 0x25637e96;0x8fbbf:or:flags0 & state0 & flags0 ^ 0x40561547 - flags0 & 0x1340e310 + 0x2d8111d9 & 0x25637e96 | 0x488765f3;0x8fdb2:add:flags0 & state0 & flags0 ^ 0x40561547 - flags0 & 0x1340e310 + 0x2d8111d9 & 0x25637e96 | 0x488765f3 + state0 & flags0 ^ 0x40561547 - flags0 & 0x1340e310 + 0x2d8111d9 + 0x2aab3c50;0x90044:xor:flags0 & state0 & flags0 ^ 0x40561547 - flags0 & 0x1340e310 + 0x2d8111d9 & 0x25637e96 | 0x488765f3 + state0 & flags0 ^ 0x40561547 - flags0 & 0x1340e310 + 0x2d8111d9 + 0x2aab3c50 ^ state0 & flags0 ^ 0x40561547 - flags0 & 0x1340e310 + 0x2d8111d9 + 0x7d6325a;0x90052:and:flags0 & state0 & flags0 ^ 0x40561547 - flags0 & 0x1340e310 + 0x2d8111d9 & 0x25637e96 | 0x488765f3 + state0 & flags0 ^ 0x40561547 - flags0 & 0x1340e310 + 0x2d8111d9 + 0x2aab3c50 ^ state0 & flags0 ^ 0x40561547 - flags0 & 0x1340e310 + 0x2d8111d9 + 0x7d6325a & 0x26dc7059	0x8fe3a:jne,0x8fe5f:jne,0x8fe7e:jne,0x8fea6:jne,0x8ff6e:je
113	0x9026f	0	0x90893	347	7	11	5	0x9028a:u16_6,0x902af:u16_4,0x902da:u32_0,0x903ca:byte0,0x905bc:u16_2,0x90746:byte0,0x907d0:u16_0	0x90434:xor:state0 ^ flags0 & state0 | 0x6729b5bf - 0x3dca653f ^ 0x671da5f4 + state0 & 0x48367f78;0x90442:xor:state0 ^ flags0 & state0 | 0x6729b5bf - 0x3dca653f ^ 0x671da5f4 + state0 & 0x48367f78 ^ 0x63bb548f;0x9047d:add:state0 ^ flags0 & state0 | 0x6729b5bf - 0x3dca653f ^ 0x671da5f4 + state0 & 0x48367f78 ^ 0x63bb548f + flags0 & state0 | 0x6729b5bf - 0x3dca653f ^ 0x671da5f4 + state0;0x904ce:and:state0 ^ flags0 & state0 | 0x6729b5bf - 0x3dca653f ^ 0x671da5f4 + state0 & 0x48367f78 ^ 0x63bb548f + flags0 & state0 | 0x6729b5bf - 0x3dca653f ^ 0x671da5f4 + state0 & 0x292b555d;0x9063d:xor:state0 ^ flags0 & state0 | 0x6729b5bf - 0x3dca653f ^ 0x671da5f4 + state0 & 0x48367f78 ^ 0x63bb548f + flags0 & state0 | 0x6729b5bf - 0x3dca653f ^ 0x671da5f4 + state0 & 0x292b555d ^ u16_2 + state0 ^ flags0 & state0 | 0x6729b5bf - 0x3dca653f ^ 0x671da5f4 + state0 & 0x48367f78 ^ 0x63bb548f + flags0 & state0 | 0x6729b5bf - 0x3dca653f ^ 0x671da5f4 + state0 & 0x292b555d + flags0 & state0 | 0x6729b5bf - 0x3dca653f ^ 0x671da5f4 + state0 - 0x3b2cb159 & 0xfc7215c & 0x662844c - 0x7bdaf9d9 ^ 0x257a9d7d ^ 0x665346b9;0x9072d:add:state0 ^ flags0 & state0 | 0x6729b5bf - 0x3dca653f ^ 0x671da5f4 + state0 & 0x48367f78 ^ 0x63bb548f + flags0 & state0 | 0x6729b5bf - 0x3dca653f ^ 0x671da5f4 + state0 & 0x292b555d ^ u16_2 + state0 ^ flags0 & state0 | 0x6729b5bf - 0x3dca653f ^ 0x671da5f4 + state0 & 0x48367f78 ^ 0x63bb548f + flags0 & state0 | 0x6729b5bf - 0x3dca653f ^ 0x671da5f4 + state0 & 0x292b555d + flags0 & state0 | 0x6729b5bf - 0x3dca653f ^ 0x671da5f4 + state0 - 0x3b2cb159 & 0xfc7215c & 0x662844c - 0x7bdaf9d9 ^ 0x257a9d7d ^ 0x665346b9 + flags0 & state0 | 0x6729b5bf - 0x3dca653f ^ 0x671da5f4 + state0 - 0x3b2cb159 & 0xfc7215c & 0x662844c - 0x7bdaf9d9 ^ 0x257a9d7d ^ 0x665346b9 & 0x1c8b6fee ^ 0x6b040388;0x90845:sub:state0 ^ flags0 & state0 | 0x6729b5bf - 0x3dca653f ^ 0x671da5f4 + state0 & 0x48367f78 ^ 0x63bb548f + flags0 & state0 | 0x6729b5bf - 0x3dca653f ^ 0x671da5f4 + state0 & 0x292b555d ^ u16_2 + state0 ^ flags0 & state0 | 0x6729b5bf - 0x3dca653f ^ 0x671da5f4 + state0 & 0x48367f78 ^ 0x63bb548f + flags0 & state0 | 0x6729b5bf - 0x3dca653f ^ 0x671da5f4 + state0 & 0x292b555d + flags0 & state0 | 0x6729b5bf - 0x3dca653f ^ 0x671da5f4 + state0 - 0x3b2cb159 & 0xfc7215c & 0x662844c - 0x7bdaf9d9 ^ 0x257a9d7d ^ 0x665346b9 + flags0 & state0 | 0x6729b5bf - 0x3dca653f ^ 0x671da5f4 + state0 - 0x3b2cb159 & 0xfc7215c & 0x662844c - 0x7bdaf9d9 ^ 0x257a9d7d ^ 0x665346b9 & 0x1c8b6fee ^ 0x6b040388 - u16_0 + state0 ^ flags0 & state0 | 0x6729b5bf - 0x3dca653f ^ 0x671da5f4 + state0 & 0x48367f78 ^ 0x63bb548f + flags0 & state0 | 0x6729b5bf - 0x3dca653f ^ 0x671da5f4 + state0 & 0x292b555d ^ u16_2 + state0 ^ flags0 & state0 | 0x6729b5bf - 0x3dca653f ^ 0x671da5f4 + state0 & 0x48367f78 ^ 0x63bb548f + flags0 & state0 | 0x6729b5bf - 0x3dca653f ^ 0x671da5f4 + state0 & 0x292b555d + flags0 & state0 | 0x6729b5bf - 0x3dca653f ^ 0x671da5f4 + state0 - 0x3b2cb159 & 0xfc7215c & 0x662844c - 0x7bdaf9d9 ^ 0x257a9d7d ^ 0x665346b9 + flags0 & state0 | 0x6729b5bf - 0x3dca653f ^ 0x671da5f4 + state0 - 0x3b2cb159 & 0xfc7215c & 0x662844c - 0x7bdaf9d9 ^ 0x257a9d7d ^ 0x665346b9 & 0x1c8b6fee ^ 0x6b040388 + 0x667e49d1	state0 ^ flags0 & state0 | 0x6729b5bf - 0x3dca653f ^ 0x671da5f4 + state0 & 0x48367f78 ^ 0x63bb548f + flags0 & state0 | 0x6729b5bf - 0x3dca653f ^ 0x671da5f4 + state0 & 0x292b555d ^ u16_2 + state0 ^ flags0 & state0 | 0x6729b5bf - 0x3dca653f ^ 0x671da5f4 + state0 & 0x48367f78 ^ 0x63bb548f + flags0 & state0 | 0x6729b5bf - 0x3dca653f ^ 0x671da5f4 + state0 & 0x292b555d + flags0 & state0 | 0x6729b5bf - 0x3dca653f ^ 0x671da5f4 + state0 - 0x3b2cb159 & 0xfc7215c & 0x662844c - 0x7bdaf9d9 ^ 0x257a9d7d ^ 0x665346b9 + flags0 & state0 | 0x6729b5bf - 0x3dca653f ^ 0x671da5f4 + state0 - 0x3b2cb159 & 0xfc7215c & 0x662844c - 0x7bdaf9d9 ^ 0x257a9d7d ^ 0x665346b9 & 0x1c8b6fee ^ 0x6b040388 - u16_0 + state0 ^ flags0 & state0 | 0x6729b5bf - 0x3dca653f ^ 0x671da5f4 + state0 & 0x48367f78 ^ 0x63bb548f + flags0 & state0 | 0x6729b5bf - 0x3dca653f ^ 0x671da5f4 + state0 & 0x292b555d ^ u16_2 + state0 ^ flags0 & state0 | 0x6729b5bf - 0x3dca653f ^ 0x671da5f4 + state0 & 0x48367f78 ^ 0x63bb548f + flags0 & state0 | 0x6729b5bf - 0x3dca653f ^ 0x671da5f4 + state0 & 0x292b555d + flags0 & state0 | 0x6729b5bf - 0x3dca653f ^ 0x671da5f4 + state0 - 0x3b2cb159 & 0xfc7215c & 0x662844c - 0x7bdaf9d9 ^ 0x257a9d7d ^ 0x665346b9 + flags0 & state0 | 0x6729b5bf - 0x3dca653f ^ 0x671da5f4 + state0 - 0x3b2cb159 & 0xfc7215c & 0x662844c - 0x7bdaf9d9 ^ 0x257a9d7d ^ 0x665346b9 & 0x1c8b6fee ^ 0x6b040388 + 0x667e49d1	0x90389:and:flags0 & state0 | 0x6729b5bf;0x903e9:sub:flags0 & state0 | 0x6729b5bf - 0x3dca653f;0x903f9:xor:flags0 & state0 | 0x6729b5bf - 0x3dca653f ^ 0x671da5f4;0x90416:add:flags0 & state0 | 0x6729b5bf - 0x3dca653f ^ 0x671da5f4 + state0;0x904b4:sub:flags0 & state0 | 0x6729b5bf - 0x3dca653f ^ 0x671da5f4 + state0 - 0x3b2cb159;0x904c6:and:flags0 & state0 | 0x6729b5bf - 0x3dca653f ^ 0x671da5f4 + state0 - 0x3b2cb159 & 0xfc7215c;0x904fd:and:flags0 & state0 | 0x6729b5bf - 0x3dca653f ^ 0x671da5f4 + state0 - 0x3b2cb159 & 0xfc7215c & 0x662844c;0x9050d:sub:flags0 & state0 | 0x6729b5bf - 0x3dca653f ^ 0x671da5f4 + state0 - 0x3b2cb159 & 0xfc7215c & 0x662844c - 0x7bdaf9d9;0x9053b:xor:flags0 & state0 | 0x6729b5bf - 0x3dca653f ^ 0x671da5f4 + state0 - 0x3b2cb159 & 0xfc7215c & 0x662844c - 0x7bdaf9d9 ^ 0x257a9d7d;0x9054d:xor:flags0 & state0 | 0x6729b5bf - 0x3dca653f ^ 0x671da5f4 + state0 - 0x3b2cb159 & 0xfc7215c & 0x662844c - 0x7bdaf9d9 ^ 0x257a9d7d ^ 0x665346b9;0x90670:and:flags0 & state0 | 0x6729b5bf - 0x3dca653f ^ 0x671da5f4 + state0 - 0x3b2cb159 & 0xfc7215c & 0x662844c - 0x7bdaf9d9 ^ 0x257a9d7d ^ 0x665346b9 & 0x1c8b6fee	0x90334:je,0x903d9:je,0x904a4:je,0x904ed:je,0x9052b:je
114	0x90319	25300	0x90893	300	7	11	5	0x903ca:byte0,0x905bc:u16_2,0x90746:byte0,0x907d0:u16_0	0x90434:xor:state0 ^ flags0 & state0 | 0x6729b5bf - 0x3dca653f ^ 0x671da5f4 + state0 & 0x48367f78;0x90442:xor:state0 ^ flags0 & state0 | 0x6729b5bf - 0x3dca653f ^ 0x671da5f4 + state0 & 0x48367f78 ^ 0x63bb548f;0x9047d:add:state0 ^ flags0 & state0 | 0x6729b5bf - 0x3dca653f ^ 0x671da5f4 + state0 & 0x48367f78 ^ 0x63bb548f + flags0 & state0 | 0x6729b5bf - 0x3dca653f ^ 0x671da5f4 + state0;0x904ce:and:state0 ^ flags0 & state0 | 0x6729b5bf - 0x3dca653f ^ 0x671da5f4 + state0 & 0x48367f78 ^ 0x63bb548f + flags0 & state0 | 0x6729b5bf - 0x3dca653f ^ 0x671da5f4 + state0 & 0x292b555d;0x9063d:xor:state0 ^ flags0 & state0 | 0x6729b5bf - 0x3dca653f ^ 0x671da5f4 + state0 & 0x48367f78 ^ 0x63bb548f + flags0 & state0 | 0x6729b5bf - 0x3dca653f ^ 0x671da5f4 + state0 & 0x292b555d ^ u16_2 + state0 ^ flags0 & state0 | 0x6729b5bf - 0x3dca653f ^ 0x671da5f4 + state0 & 0x48367f78 ^ 0x63bb548f + flags0 & state0 | 0x6729b5bf - 0x3dca653f ^ 0x671da5f4 + state0 & 0x292b555d + flags0 & state0 | 0x6729b5bf - 0x3dca653f ^ 0x671da5f4 + state0 - 0x3b2cb159 & 0xfc7215c & 0x662844c - 0x7bdaf9d9 ^ 0x257a9d7d ^ 0x665346b9;0x9072d:add:state0 ^ flags0 & state0 | 0x6729b5bf - 0x3dca653f ^ 0x671da5f4 + state0 & 0x48367f78 ^ 0x63bb548f + flags0 & state0 | 0x6729b5bf - 0x3dca653f ^ 0x671da5f4 + state0 & 0x292b555d ^ u16_2 + state0 ^ flags0 & state0 | 0x6729b5bf - 0x3dca653f ^ 0x671da5f4 + state0 & 0x48367f78 ^ 0x63bb548f + flags0 & state0 | 0x6729b5bf - 0x3dca653f ^ 0x671da5f4 + state0 & 0x292b555d + flags0 & state0 | 0x6729b5bf - 0x3dca653f ^ 0x671da5f4 + state0 - 0x3b2cb159 & 0xfc7215c & 0x662844c - 0x7bdaf9d9 ^ 0x257a9d7d ^ 0x665346b9 + flags0 & state0 | 0x6729b5bf - 0x3dca653f ^ 0x671da5f4 + state0 - 0x3b2cb159 & 0xfc7215c & 0x662844c - 0x7bdaf9d9 ^ 0x257a9d7d ^ 0x665346b9 & 0x1c8b6fee ^ 0x6b040388;0x90845:sub:state0 ^ flags0 & state0 | 0x6729b5bf - 0x3dca653f ^ 0x671da5f4 + state0 & 0x48367f78 ^ 0x63bb548f + flags0 & state0 | 0x6729b5bf - 0x3dca653f ^ 0x671da5f4 + state0 & 0x292b555d ^ u16_2 + state0 ^ flags0 & state0 | 0x6729b5bf - 0x3dca653f ^ 0x671da5f4 + state0 & 0x48367f78 ^ 0x63bb548f + flags0 & state0 | 0x6729b5bf - 0x3dca653f ^ 0x671da5f4 + state0 & 0x292b555d + flags0 & state0 | 0x6729b5bf - 0x3dca653f ^ 0x671da5f4 + state0 - 0x3b2cb159 & 0xfc7215c & 0x662844c - 0x7bdaf9d9 ^ 0x257a9d7d ^ 0x665346b9 + flags0 & state0 | 0x6729b5bf - 0x3dca653f ^ 0x671da5f4 + state0 - 0x3b2cb159 & 0xfc7215c & 0x662844c - 0x7bdaf9d9 ^ 0x257a9d7d ^ 0x665346b9 & 0x1c8b6fee ^ 0x6b040388 - u16_0 + state0 ^ flags0 & state0 | 0x6729b5bf - 0x3dca653f ^ 0x671da5f4 + state0 & 0x48367f78 ^ 0x63bb548f + flags0 & state0 | 0x6729b5bf - 0x3dca653f ^ 0x671da5f4 + state0 & 0x292b555d ^ u16_2 + state0 ^ flags0 & state0 | 0x6729b5bf - 0x3dca653f ^ 0x671da5f4 + state0 & 0x48367f78 ^ 0x63bb548f + flags0 & state0 | 0x6729b5bf - 0x3dca653f ^ 0x671da5f4 + state0 & 0x292b555d + flags0 & state0 | 0x6729b5bf - 0x3dca653f ^ 0x671da5f4 + state0 - 0x3b2cb159 & 0xfc7215c & 0x662844c - 0x7bdaf9d9 ^ 0x257a9d7d ^ 0x665346b9 + flags0 & state0 | 0x6729b5bf - 0x3dca653f ^ 0x671da5f4 + state0 - 0x3b2cb159 & 0xfc7215c & 0x662844c - 0x7bdaf9d9 ^ 0x257a9d7d ^ 0x665346b9 & 0x1c8b6fee ^ 0x6b040388 + 0x667e49d1	state0 ^ flags0 & state0 | 0x6729b5bf - 0x3dca653f ^ 0x671da5f4 + state0 & 0x48367f78 ^ 0x63bb548f + flags0 & state0 | 0x6729b5bf - 0x3dca653f ^ 0x671da5f4 + state0 & 0x292b555d ^ u16_2 + state0 ^ flags0 & state0 | 0x6729b5bf - 0x3dca653f ^ 0x671da5f4 + state0 & 0x48367f78 ^ 0x63bb548f + flags0 & state0 | 0x6729b5bf - 0x3dca653f ^ 0x671da5f4 + state0 & 0x292b555d + flags0 & state0 | 0x6729b5bf - 0x3dca653f ^ 0x671da5f4 + state0 - 0x3b2cb159 & 0xfc7215c & 0x662844c - 0x7bdaf9d9 ^ 0x257a9d7d ^ 0x665346b9 + flags0 & state0 | 0x6729b5bf - 0x3dca653f ^ 0x671da5f4 + state0 - 0x3b2cb159 & 0xfc7215c & 0x662844c - 0x7bdaf9d9 ^ 0x257a9d7d ^ 0x665346b9 & 0x1c8b6fee ^ 0x6b040388 - u16_0 + state0 ^ flags0 & state0 | 0x6729b5bf - 0x3dca653f ^ 0x671da5f4 + state0 & 0x48367f78 ^ 0x63bb548f + flags0 & state0 | 0x6729b5bf - 0x3dca653f ^ 0x671da5f4 + state0 & 0x292b555d ^ u16_2 + state0 ^ flags0 & state0 | 0x6729b5bf - 0x3dca653f ^ 0x671da5f4 + state0 & 0x48367f78 ^ 0x63bb548f + flags0 & state0 | 0x6729b5bf - 0x3dca653f ^ 0x671da5f4 + state0 & 0x292b555d + flags0 & state0 | 0x6729b5bf - 0x3dca653f ^ 0x671da5f4 + state0 - 0x3b2cb159 & 0xfc7215c & 0x662844c - 0x7bdaf9d9 ^ 0x257a9d7d ^ 0x665346b9 + flags0 & state0 | 0x6729b5bf - 0x3dca653f ^ 0x671da5f4 + state0 - 0x3b2cb159 & 0xfc7215c & 0x662844c - 0x7bdaf9d9 ^ 0x257a9d7d ^ 0x665346b9 & 0x1c8b6fee ^ 0x6b040388 + 0x667e49d1	0x90389:and:flags0 & state0 | 0x6729b5bf;0x903e9:sub:flags0 & state0 | 0x6729b5bf - 0x3dca653f;0x903f9:xor:flags0 & state0 | 0x6729b5bf - 0x3dca653f ^ 0x671da5f4;0x90416:add:flags0 & state0 | 0x6729b5bf - 0x3dca653f ^ 0x671da5f4 + state0;0x904b4:sub:flags0 & state0 | 0x6729b5bf - 0x3dca653f ^ 0x671da5f4 + state0 - 0x3b2cb159;0x904c6:and:flags0 & state0 | 0x6729b5bf - 0x3dca653f ^ 0x671da5f4 + state0 - 0x3b2cb159 & 0xfc7215c;0x904fd:and:flags0 & state0 | 0x6729b5bf - 0x3dca653f ^ 0x671da5f4 + state0 - 0x3b2cb159 & 0xfc7215c & 0x662844c;0x9050d:sub:flags0 & state0 | 0x6729b5bf - 0x3dca653f ^ 0x671da5f4 + state0 - 0x3b2cb159 & 0xfc7215c & 0x662844c - 0x7bdaf9d9;0x9053b:xor:flags0 & state0 | 0x6729b5bf - 0x3dca653f ^ 0x671da5f4 + state0 - 0x3b2cb159 & 0xfc7215c & 0x662844c - 0x7bdaf9d9 ^ 0x257a9d7d;0x9054d:xor:flags0 & state0 | 0x6729b5bf - 0x3dca653f ^ 0x671da5f4 + state0 - 0x3b2cb159 & 0xfc7215c & 0x662844c - 0x7bdaf9d9 ^ 0x257a9d7d ^ 0x665346b9;0x90670:and:flags0 & state0 | 0x6729b5bf - 0x3dca653f ^ 0x671da5f4 + state0 - 0x3b2cb159 & 0xfc7215c & 0x662844c - 0x7bdaf9d9 ^ 0x257a9d7d ^ 0x665346b9 & 0x1c8b6fee	0x90334:je,0x903d9:je,0x904a4:je,0x904ed:je,0x9052b:je
115	0x90895	0	0x90a18	89	3	0	1	0x908d0:u16_2,0x908e0:u16_0,0x90902:u16_4,0x909a7:u16_6	0x908c3:and:state0 & flags0;0x9094c:sub:state0 & flags0 - flags0;0x909eb:xor:state0 & flags0 - flags0 ^ u16_6 - 0x65879915	state0 & flags0 - flags0 ^ u16_6 - 0x65879915		0x9091c:je
116	0x90a1b	0	0x90c21	124	0	0	3	0x90a2f:u32_0,0x90a82:u32_0,0x90b09:u16_0,0x90b96:u32_4,0x90b99:u32_4		state0		0x90a4e:je,0x90a5f:je,0x90baa:je
117	0x90acd	122	0x90c21	70	0	0	1	0x90b09:u16_0,0x90b96:u32_4,0x90b99:u32_4		state0		0x90baa:je
118	0x90c23	398	0x90eb9	138	1	5	3	0x90c51:byte0,0x90d10:b0,0x90dc5:u16_1	0x90e33:and:state0 & u16_1 ^ state0 - 0x52d3aa4	state0 & u16_1 ^ state0 - 0x52d3aa4	0x90ca4:xor:flags0 ^ 0x41355bdb;0x90cb4:add:flags0 ^ 0x41355bdb + 0x392f8e74;0x90ce2:add:flags0 ^ 0x41355bdb + 0x392f8e74 + 0x860cb96;0x90d29:and:flags0 ^ 0x41355bdb + 0x392f8e74 + 0x860cb96 & 0x276ac31a;0x90d3b:sub:flags0 ^ 0x41355bdb + 0x392f8e74 + 0x860cb96 & 0x276ac31a - 0x5cecff55	0x90c71:je,0x90c94:je,0x90d19:je
119	0x90ebc	922	0x91067	93	1	2	1	0x90f08:u16_2,0x90f1f:u16_0,0x90fd0:u16_4	0x91029:or:state0 | u16_4 ^ state0 + 0x7e7974a5	state0 | u16_4 ^ state0 + 0x7e7974a5	0x90f44:sub:flags0 - 0x1d17883d;0x90f5d:xor:flags0 - 0x1d17883d ^ 0x5928e32a	0x90f2a:je
120	0x9106a	0	0x91377	171	1	1	2	0x910cc:u16_4,0x9111c:u16_6,0x9117d:u16_9,0x91209:u16_6,0x91221:u16_4,0x9128a:b8,0x912c6:u16_2,0x9130e:u16_0	0x91339:xor:state0 ^ u16_0	state0 ^ u16_0	0x9112d:and:flags0 & 0x694d2730	0x91235:je,0x91295:je
121	0x91379	2198	0x9170b	206	3	1	0	0x91417:byte0,0x91452:byte0,0x914a5:u16_0,0x9163b:u16_2	0x913c5:xor:state0 ^ flags0 + 0x3154e54a;0x913d2:sub:state0 ^ flags0 + 0x3154e54a - 0x288d43ba;0x91525:add:state0 ^ flags0 + 0x3154e54a - 0x288d43ba + u16_0 + state0 ^ flags0 + 0x3154e54a - 0x288d43ba - flags0	state0 ^ flags0 + 0x3154e54a - 0x288d43ba + u16_0 + state0 ^ flags0 + 0x3154e54a - 0x288d43ba - flags0	0x91560:xor:flags0 ^ 0x1753e9d0	
122	0x9170d	498	0x91a57	180	2	0	5	0x91836:byte0,0x91925:b4,0x9197b:u16_2,0x919d3:u16_0	0x91801:add:state0 + flags0;0x91a1e:sub:state0 + flags0 - u16_0 + state0 + flags0 + 0x1af9be18	state0 + flags0 - u16_0 + state0 + flags0 + 0x1af9be18		0x9183d:jne,0x9184b:jne,0x9185a:jne,0x91872:jne,0x91935:je
123	0x91a59	10598	0x91e7f	223	2	4	5	0x91ae6:byte0,0x91bc8:u16_2,0x91d9f:u16_0	0x91d4d:add:state0 + 0x3da77425;0x91e2a:sub:state0 + 0x3da77425 - u16_0 - state0 + 0x3da77425 ^ 0x1603b0a9	state0 + 0x3da77425 - u16_0 - state0 + 0x3da77425 ^ 0x1603b0a9	0x91c64:and:flags0 & 0x6e640fcb;0x91ca1:add:flags0 & 0x6e640fcb + 0x6b73b101;0x91cb2:add:flags0 & 0x6e640fcb + 0x6b73b101 + 0x2261b554;0x91d2b:add:flags0 & 0x6e640fcb + 0x6b73b101 + 0x2261b554 + 0x4cd877bf	0x91a6a:je,0x91be2:jne,0x91c91:je,0x91cd7:je,0x91d11:je
124	0x91e81	1796	0x922c1	230	8	4	2	0x92045:u32_0,0x921ef:u16_4,0x9223d:u16_4 + state0 - 0x7c31e804 ^ flags0 + 0x57b29524 - 0x2c2f20af ^ 0x2bb25e3 | 0x50ef8024 + flags0 + 0x57b29524 - 0x2c2f20af - state0 - 0x7c31e804 ^ flags0 + 0x57b29524 - 0x2c2f20af ^ 0x2bb25e3 | 0x50ef8024 ^ flags0 + 0x57b29524 - 0x2c2f20af - state0 - 0x7c31e804 ^ flags0 + 0x57b29524 - 0x2c2f20af ^ 0x2bb25e3 | 0x50ef8024 & u32_0 - state0 - 0x7c31e804 ^ flags0 + 0x57b29524 - 0x2c2f20af ^ 0x2bb25e3 | 0x50ef8024 + flags0 + 0x57b29524 - 0x2c2f20af - state0 - 0x7c31e804 ^ flags0 + 0x57b29524 - 0x2c2f20af ^ 0x2bb25e3 | 0x50ef8024 ^ flags0 + 0x57b29524 - 0x2c2f20af - state0 - 0x7c31e804 ^ flags0 + 0x57b29524 - 0x2c2f20af ^ 0x2bb25e3 | 0x50ef8024 ^ 0x3654c1a7	0x91e9f:sub:state0 - 0x7c31e804;0x91f39:xor:state0 - 0x7c31e804 ^ flags0 + 0x57b29524 - 0x2c2f20af;0x91f7d:xor:state0 - 0x7c31e804 ^ flags0 + 0x57b29524 - 0x2c2f20af ^ 0x2bb25e3;0x91f8e:or:state0 - 0x7c31e804 ^ flags0 + 0x57b29524 - 0x2c2f20af ^ 0x2bb25e3 | 0x50ef8024;0x91fd3:add:state0 - 0x7c31e804 ^ flags0 + 0x57b29524 - 0x2c2f20af ^ 0x2bb25e3 | 0x50ef8024 + flags0 + 0x57b29524 - 0x2c2f20af - state0 - 0x7c31e804 ^ flags0 + 0x57b29524 - 0x2c2f20af ^ 0x2bb25e3 | 0x50ef8024;0x91fed:xor:state0 - 0x7c31e804 ^ flags0 + 0x57b29524 - 0x2c2f20af ^ 0x2bb25e3 | 0x50ef8024 + flags0 + 0x57b29524 - 0x2c2f20af - state0 - 0x7c31e804 ^ flags0 + 0x57b29524 - 0x2c2f20af ^ 0x2bb25e3 | 0x50ef8024 ^ flags0 + 0x57b29524 - 0x2c2f20af - state0 - 0x7c31e804 ^ flags0 + 0x57b29524 - 0x2c2f20af ^ 0x2bb25e3 | 0x50ef8024;0x920da:and:state0 - 0x7c31e804 ^ flags0 + 0x57b29524 - 0x2c2f20af ^ 0x2bb25e3 | 0x50ef8024 + flags0 + 0x57b29524 - 0x2c2f20af - state0 - 0x7c31e804 ^ flags0 + 0x57b29524 - 0x2c2f20af ^ 0x2bb25e3 | 0x50ef8024 ^ flags0 + 0x57b29524 - 0x2c2f20af - state0 - 0x7c31e804 ^ flags0 + 0x57b29524 - 0x2c2f20af ^ 0x2bb25e3 | 0x50ef8024 & u32_0 - state0 - 0x7c31e804 ^ flags0 + 0x57b29524 - 0x2c2f20af ^ 0x2bb25e3 | 0x50ef8024 + flags0 + 0x57b29524 - 0x2c2f20af - state0 - 0x7c31e804 ^ flags0 + 0x57b29524 - 0x2c2f20af ^ 0x2bb25e3 | 0x50ef8024 ^ flags0 + 0x57b29524 - 0x2c2f20af - state0 - 0x7c31e804 ^ flags0 + 0x57b29524 - 0x2c2f20af ^ 0x2bb25e3 | 0x50ef8024;0x9225e:sub:state0 - 0x7c31e804 ^ flags0 + 0x57b29524 - 0x2c2f20af ^ 0x2bb25e3 | 0x50ef8024 + flags0 + 0x57b29524 - 0x2c2f20af - state0 - 0x7c31e804 ^ flags0 + 0x57b29524 - 0x2c2f20af ^ 0x2bb25e3 | 0x50ef8024 ^ flags0 + 0x57b29524 - 0x2c2f20af - state0 - 0x7c31e804 ^ flags0 + 0x57b29524 - 0x2c2f20af ^ 0x2bb25e3 | 0x50ef8024 & u32_0 - state0 - 0x7c31e804 ^ flags0 + 0x57b29524 - 0x2c2f20af ^ 0x2bb25e3 | 0x50ef8024 + flags0 + 0x57b29524 - 0x2c2f20af - state0 - 0x7c31e804 ^ flags0 + 0x57b29524 - 0x2c2f20af ^ 0x2bb25e3 | 0x50ef8024 ^ flags0 + 0x57b29524 - 0x2c2f20af - state0 - 0x7c31e804 ^ flags0 + 0x57b29524 - 0x2c2f20af ^ 0x2bb25e3 | 0x50ef8024 - u16_4 + state0 - 0x7c31e804 ^ flags0 + 0x57b29524 - 0x2c2f20af ^ 0x2bb25e3 | 0x50ef8024 + flags0 + 0x57b29524 - 0x2c2f20af - state0 - 0x7c31e804 ^ flags0 + 0x57b29524 - 0x2c2f20af ^ 0x2bb25e3 | 0x50ef8024 ^ flags0 + 0x57b29524 - 0x2c2f20af - state0 - 0x7c31e804 ^ flags0 + 0x57b29524 - 0x2c2f20af ^ 0x2bb25e3 | 0x50ef8024 & u32_0 - state0 - 0x7c31e804 ^ flags0 + 0x57b29524 - 0x2c2f20af ^ 0x2bb25e3 | 0x50ef8024 + flags0 + 0x57b29524 - 0x2c2f20af - state0 - 0x7c31e804 ^ flags0 + 0x57b29524 - 0x2c2f20af ^ 0x2bb25e3 | 0x50ef8024 ^ flags0 + 0x57b29524 - 0x2c2f20af - state0 - 0x7c31e804 ^ flags0 + 0x57b29524 - 0x2c2f20af ^ 0x2bb25e3 | 0x50ef8024 ^ 0x3654c1a7	state0 - 0x7c31e804 ^ flags0 + 0x57b29524 - 0x2c2f20af ^ 0x2bb25e3 | 0x50ef8024 + flags0 + 0x57b29524 - 0x2c2f20af - state0 - 0x7c31e804 ^ flags0 + 0x57b29524 - 0x2c2f20af ^ 0x2bb25e3 | 0x50ef8024 ^ flags0 + 0x57b29524 - 0x2c2f20af - state0 - 0x7c31e804 ^ flags0 + 0x57b29524 - 0x2c2f20af ^ 0x2bb25e3 | 0x50ef8024 & u32_0 - state0 - 0x7c31e804 ^ flags0 + 0x57b29524 - 0x2c2f20af ^ 0x2bb25e3 | 0x50ef8024 + flags0 + 0x57b29524 - 0x2c2f20af - state0 - 0x7c31e804 ^ flags0 + 0x57b29524 - 0x2c2f20af ^ 0x2bb25e3 | 0x50ef8024 ^ flags0 + 0x57b29524 - 0x2c2f20af - state0 - 0x7c31e804 ^ flags0 + 0x57b29524 - 0x2c2f20af ^ 0x2bb25e3 | 0x50ef8024 - u16_4 + state0 - 0x7c31e804 ^ flags0 + 0x57b29524 - 0x2c2f20af ^ 0x2bb25e3 | 0x50ef8024 + flags0 + 0x57b29524 - 0x2c2f20af - state0 - 0x7c31e804 ^ flags0 + 0x57b29524 - 0x2c2f20af ^ 0x2bb25e3 | 0x50ef8024 ^ flags0 + 0x57b29524 - 0x2c2f20af - state0 - 0x7c31e804 ^ flags0 + 0x57b29524 - 0x2c2f20af ^ 0x2bb25e3 | 0x50ef8024 & u32_0 - state0 - 0x7c31e804 ^ flags0 + 0x57b29524 - 0x2c2f20af ^ 0x2bb25e3 | 0x50ef8024 + flags0 + 0x57b29524 - 0x2c2f20af - state0 - 0x7c31e804 ^ flags0 + 0x57b29524 - 0x2c2f20af ^ 0x2bb25e3 | 0x50ef8024 ^ flags0 + 0x57b29524 - 0x2c2f20af - state0 - 0x7c31e804 ^ flags0 + 0x57b29524 - 0x2c2f20af ^ 0x2bb25e3 | 0x50ef8024 ^ 0x3654c1a7	0x91ebc:add:flags0 + 0x57b29524;0x91ecd:sub:flags0 + 0x57b29524 - 0x2c2f20af;0x91fb9:sub:flags0 + 0x57b29524 - 0x2c2f20af - state0 - 0x7c31e804 ^ flags0 + 0x57b29524 - 0x2c2f20af ^ 0x2bb25e3 | 0x50ef8024;0x920f8:add:flags0 + 0x57b29524 - 0x2c2f20af - state0 - 0x7c31e804 ^ flags0 + 0x57b29524 - 0x2c2f20af ^ 0x2bb25e3 | 0x50ef8024 + 0x562164c0	0x91eac:je,0x91efe:je
125	0x922c4	129	0x92612	182	1	0	5	0x923c4:byte0,0x924e0:b2,0x92534:u16_3,0x9259e:u16_0	0x925ed:and:state0 & u16_0 + state0 - 0x7b275316	state0 & u16_0 + state0 - 0x7b275316		0x923cb:jne,0x923df:jne,0x923f7:jne,0x9240b:jne,0x924eb:je
126	0x92615	0	0x92998	210	1	0	5	0x92630:u16_6,0x92658:u16_4,0x92684:u32_0,0x926cd:byte0,0x9274e:u16_3,0x9276c:byte0,0x92857:b2,0x928aa:u16_3,0x92926:u16_0	0x9295f:or:state0 | u16_0 - state0 + 0xf376a6a	state0 | u16_0 - state0 + 0xf376a6a		0x92773:jne,0x92782:jne,0x92798:jne,0x927ad:jne,0x92862:je
127	0x926c3	384	0x92998	162	1	0	5	0x926cd:byte0,0x9274e:u16_3,0x9276c:byte0,0x92857:b2,0x928aa:u16_3,0x92926:u16_0	0x9295f:or:state0 | u16_0 - state0 + 0xf376a6a	state0 | u16_0 - state0 + 0xf376a6a		0x92773:jne,0x92782:jne,0x92798:jne,0x927ad:jne,0x92862:je
128	0x9299b	1158	0x92f1f	296	9	7	8	0x92ab3:byte0,0x92b4b:u16_1,0x92cb1:b0,0x92e31:u16_3	0x929b8:and:state0 & flags0 & 0x7036ea56;0x92a1c:add:state0 & flags0 & 0x7036ea56 + 0x277b426c;0x92a7b:sub:state0 & flags0 & 0x7036ea56 + 0x277b426c - 0x57b04ce2;0x92aea:sub:state0 & flags0 & 0x7036ea56 + 0x277b426c - 0x57b04ce2 - flags0 ^ 0x46f37ee7 & 0x706a6a76 - 0x32c25a60 + 0x63f5af32 | 0x36a392ff;0x92af7:or:state0 & flags0 & 0x7036ea56 + 0x277b426c - 0x57b04ce2 - flags0 ^ 0x46f37ee7 & 0x706a6a76 - 0x32c25a60 + 0x63f5af32 | 0x36a392ff | 0x38cd3aec;0x92c08:sub:state0 & flags0 & 0x7036ea56 + 0x277b426c - 0x57b04ce2 - flags0 ^ 0x46f37ee7 & 0x706a6a76 - 0x32c25a60 + 0x63f5af32 | 0x36a392ff | 0x38cd3aec - u16_1 + state0 & flags0 & 0x7036ea56 + 0x277b426c - 0x57b04ce2 - flags0 ^ 0x46f37ee7 & 0x706a6a76 - 0x32c25a60 + 0x63f5af32 | 0x36a392ff | 0x38cd3aec;0x92d70:add:state0 & flags0 & 0x7036ea56 + 0x277b426c - 0x57b04ce2 - flags0 ^ 0x46f37ee7 & 0x706a6a76 - 0x32c25a60 + 0x63f5af32 | 0x36a392ff | 0x38cd3aec - u16_1 + state0 & flags0 & 0x7036ea56 + 0x277b426c - 0x57b04ce2 - flags0 ^ 0x46f37ee7 & 0x706a6a76 - 0x32c25a60 + 0x63f5af32 | 0x36a392ff | 0x38cd3aec + flags0 ^ 0x46f37ee7 & 0x706a6a76 - 0x32c25a60 + 0x63f5af32 - 0x1a4f949c - 0x4e6b72c6;0x92d7d:or:state0 & flags0 & 0x7036ea56 + 0x277b426c - 0x57b04ce2 - flags0 ^ 0x46f37ee7 & 0x706a6a76 - 0x32c25a60 + 0x63f5af32 | 0x36a392ff | 0x38cd3aec - u16_1 + state0 & flags0 & 0x7036ea56 + 0x277b426c - 0x57b04ce2 - flags0 ^ 0x46f37ee7 & 0x706a6a76 - 0x32c25a60 + 0x63f5af32 | 0x36a392ff | 0x38cd3aec + flags0 ^ 0x46f37ee7 & 0x706a6a76 - 0x32c25a60 + 0x63f5af32 - 0x1a4f949c - 0x4e6b72c6 | 0x7b467141;0x92eb4:and:state0 & flags0 & 0x7036ea56 + 0x277b426c - 0x57b04ce2 - flags0 ^ 0x46f37ee7 & 0x706a6a76 - 0x32c25a60 + 0x63f5af32 | 0x36a392ff | 0x38cd3aec - u16_1 + state0 & flags0 & 0x7036ea56 + 0x277b426c - 0x57b04ce2 - flags0 ^ 0x46f37ee7 & 0x706a6a76 - 0x32c25a60 + 0x63f5af32 | 0x36a392ff | 0x38cd3aec + flags0 ^ 0x46f37ee7 & 0x706a6a76 - 0x32c25a60 + 0x63f5af32 - 0x1a4f949c - 0x4e6b72c6 | 0x7b467141 & u16_3 ^ state0 & flags0 & 0x7036ea56 + 0x277b426c - 0x57b04ce2 - flags0 ^ 0x46f37ee7 & 0x706a6a76 - 0x32c25a60 + 0x63f5af32 | 0x36a392ff | 0x38cd3aec - u16_1 + state0 & flags0 & 0x7036ea56 + 0x277b426c - 0x57b04ce2 - flags0 ^ 0x46f37ee7 & 0x706a6a76 - 0x32c25a60 + 0x63f5af32 | 0x36a392ff | 0x38cd3aec + flags0 ^ 0x46f37ee7 & 0x706a6a76 - 0x32c25a60 + 0x63f5af32 - 0x1a4f949c - 0x4e6b72c6 | 0x7b467141 + 0x539da50e	state0 & flags0 & 0x7036ea56 + 0x277b426c - 0x57b04ce2 - flags0 ^ 0x46f37ee7 & 0x706a6a76 - 0x32c25a60 + 0x63f5af32 | 0x36a392ff | 0x38cd3aec - u16_1 + state0 & flags0 & 0x7036ea56 + 0x277b426c - 0x57b04ce2 - flags0 ^ 0x46f37ee7 & 0x706a6a76 - 0x32c25a60 + 0x63f5af32 | 0x36a392ff | 0x38cd3aec + flags0 ^ 0x46f37ee7 & 0x706a6a76 - 0x32c25a60 + 0x63f5af32 - 0x1a4f949c - 0x4e6b72c6 | 0x7b467141 & u16_3 ^ state0 & flags0 & 0x7036ea56 + 0x277b426c - 0x57b04ce2 - flags0 ^ 0x46f37ee7 & 0x706a6a76 - 0x32c25a60 + 0x63f5af32 | 0x36a392ff | 0x38cd3aec - u16_1 + state0 & flags0 & 0x7036ea56 + 0x277b426c - 0x57b04ce2 - flags0 ^ 0x46f37ee7 & 0x706a6a76 - 0x32c25a60 + 0x63f5af32 | 0x36a392ff | 0x38cd3aec + flags0 ^ 0x46f37ee7 & 0x706a6a76 - 0x32c25a60 + 0x63f5af32 - 0x1a4f949c - 0x4e6b72c6 | 0x7b467141 + 0x539da50e	0x929ed:xor:flags0 ^ 0x46f37ee7;0x929fe:and:flags0 ^ 0x46f37ee7 & 0x706a6a76;0x92a3e:sub:flags0 ^ 0x46f37ee7 & 0x706a6a76 - 0x32c25a60;0x92a4f:add:flags0 ^ 0x46f37ee7 & 0x706a6a76 - 0x32c25a60 + 0x63f5af32;0x92c3e:sub:flags0 ^ 0x46f37ee7 & 0x706a6a76 - 0x32c25a60 + 0x63f5af32 - 0x1a4f949c;0x92daf:sub:flags0 ^ 0x46f37ee7 & 0x706a6a76 - 0x32c25a60 + 0x63f5af32 - 0x1a4f949c - 0x7ee52541;0x92dc0:or:flags0 ^ 0x46f37ee7 & 0x706a6a76 - 0x32c25a60 + 0x63f5af32 - 0x1a4f949c - 0x7ee52541 | 0x32a62c13	0x929dd:je,0x92a2e:je,0x92a94:je,0x92cb8:jne,0x92cdb:jne,0x92ceb:jne,0x92d07:jne,0x92d9f:je
129	0x92f21	139	0x931d0	147	6	5	1	0x92f53:b2,0x93118:u16_0	0x92f62:and:state0 & flags0 | 0x77ecded8;0x92f6f:add:state0 & flags0 | 0x77ecded8 + 0x14f8aa88;0x92fa8:add:state0 & flags0 | 0x77ecded8 + 0x14f8aa88 + 0x5f119f37;0x93044:add:state0 & flags0 | 0x77ecded8 + 0x14f8aa88 + 0x5f119f37 + flags0 + state0 & flags0 | 0x77ecded8 + 0x14f8aa88 + 0x5f119f37 - 0x42c8b2fa - 0x3f4e9109 + 0x5d5f2ae2;0x93052:and:state0 & flags0 | 0x77ecded8 + 0x14f8aa88 + 0x5f119f37 + flags0 + state0 & flags0 | 0x77ecded8 + 0x14f8aa88 + 0x5f119f37 - 0x42c8b2fa - 0x3f4e9109 + 0x5d5f2ae2 & 0x63b683d;0x93184:and:state0 & flags0 | 0x77ecded8 + 0x14f8aa88 + 0x5f119f37 + flags0 + state0 & flags0 | 0x77ecded8 + 0x14f8aa88 + 0x5f119f37 - 0x42c8b2fa - 0x3f4e9109 + 0x5d5f2ae2 & 0x63b683d & u16_0 - state0 & flags0 | 0x77ecded8 + 0x14f8aa88 + 0x5f119f37 + flags0 + state0 & flags0 | 0x77ecded8 + 0x14f8aa88 + 0x5f119f37 - 0x42c8b2fa - 0x3f4e9109 + 0x5d5f2ae2 & 0x63b683d	state0 & flags0 | 0x77ecded8 + 0x14f8aa88 + 0x5f119f37 + flags0 + state0 & flags0 | 0x77ecded8 + 0x14f8aa88 + 0x5f119f37 - 0x42c8b2fa - 0x3f4e9109 + 0x5d5f2ae2 & 0x63b683d & u16_0 - state0 & flags0 | 0x77ecded8 + 0x14f8aa88 + 0x5f119f37 + flags0 + state0 & flags0 | 0x77ecded8 + 0x14f8aa88 + 0x5f119f37 - 0x42c8b2fa - 0x3f4e9109 + 0x5d5f2ae2 & 0x63b683d	0x92fe9:add:flags0 + state0 & flags0 | 0x77ecded8 + 0x14f8aa88 + 0x5f119f37 - 0x42c8b2fa;0x93017:sub:flags0 + state0 & flags0 | 0x77ecded8 + 0x14f8aa88 + 0x5f119f37 - 0x42c8b2fa - 0x3f4e9109;0x93027:add:flags0 + state0 & flags0 | 0x77ecded8 + 0x14f8aa88 + 0x5f119f37 - 0x42c8b2fa - 0x3f4e9109 + 0x5d5f2ae2;0x9308c:xor:flags0 + state0 & flags0 | 0x77ecded8 + 0x14f8aa88 + 0x5f119f37 - 0x42c8b2fa - 0x3f4e9109 + 0x5d5f2ae2 ^ state0 & flags0 | 0x77ecded8 + 0x14f8aa88 + 0x5f119f37 + flags0 + state0 & flags0 | 0x77ecded8 + 0x14f8aa88 + 0x5f119f37 - 0x42c8b2fa - 0x3f4e9109 + 0x5d5f2ae2 & 0x63b683d | 0x62d055c9;0x930ad:and:flags0 + state0 & flags0 | 0x77ecded8 + 0x14f8aa88 + 0x5f119f37 - 0x42c8b2fa - 0x3f4e9109 + 0x5d5f2ae2 ^ state0 & flags0 | 0x77ecded8 + 0x14f8aa88 + 0x5f119f37 + flags0 + state0 & flags0 | 0x77ecded8 + 0x14f8aa88 + 0x5f119f37 - 0x42c8b2fa - 0x3f4e9109 + 0x5d5f2ae2 & 0x63b683d | 0x62d055c9 & state0 & flags0 | 0x77ecded8 + 0x14f8aa88 + 0x5f119f37 + flags0 + state0 & flags0 | 0x77ecded8 + 0x14f8aa88 + 0x5f119f37 - 0x42c8b2fa - 0x3f4e9109 + 0x5d5f2ae2 & 0x63b683d - 0x7f18a8a	0x93007:je
130	0x931d3	5	0x937cd	333	3	3	7	0x93502:byte0,0x93607:b4,0x93632:u16_2,0x9371f:u16_0	0x93351:or:state0 | flags0 - state0 + 0x42718c2a;0x935d5:add:state0 | flags0 - state0 + 0x42718c2a + flags0 - state0 + 0x42718c2a + 0x3941798 - 0x1b3f106e & 0x3a044344;0x93780:or:state0 | flags0 - state0 + 0x42718c2a + flags0 - state0 + 0x42718c2a + 0x3941798 - 0x1b3f106e & 0x3a044344 | u16_0 + state0 | flags0 - state0 + 0x42718c2a + flags0 - state0 + 0x42718c2a + 0x3941798 - 0x1b3f106e & 0x3a044344 - 0x5121ff33	state0 | flags0 - state0 + 0x42718c2a + flags0 - state0 + 0x42718c2a + 0x3941798 - 0x1b3f106e & 0x3a044344 | u16_0 + state0 | flags0 - state0 + 0x42718c2a + flags0 - state0 + 0x42718c2a + 0x3941798 - 0x1b3f106e & 0x3a044344 - 0x5121ff33	0x932c9:sub:flags0 - state0 + 0x42718c2a;0x93417:add:flags0 - state0 + 0x42718c2a + 0x3941798;0x93449:sub:flags0 - state0 + 0x42718c2a + 0x3941798 - 0x1b3f106e	0x933d5:je,0x93509:jne,0x93524:jne,0x93546:jne,0x9355b:jne,0x93611:je,0x93660:je
131	0x937d0	66	0x93f76	424	6	10	12	0x93a38:byte0,0x93c9f:b0,0x93d5e:u16_3,0x93eb1:u16_1	0x93afe:or:state0 | 0x8fb57c3;0x93bae:sub:state0 | 0x8fb57c3 - 0x45a18ca4;0x93c19:or:state0 | 0x8fb57c3 - 0x45a18ca4 | flags0 + 0x75229706 - 0x1ec4fc3d - state0 | 0x8fb57c3 + 0x4674713d ^ 0x4382f497 - 0x95703a1 ^ 0xea909d9;0x93de3:sub:state0 | 0x8fb57c3 - 0x45a18ca4 | flags0 + 0x75229706 - 0x1ec4fc3d - state0 | 0x8fb57c3 + 0x4674713d ^ 0x4382f497 - 0x95703a1 ^ 0xea909d9 - flags0 + 0x75229706 - 0x1ec4fc3d - state0 | 0x8fb57c3 + 0x4674713d ^ 0x4382f497 - 0x95703a1 ^ 0xea909d9 ^ 0x7099ef27 - 0x248dd823;0x93e1f:sub:state0 | 0x8fb57c3 - 0x45a18ca4 | flags0 + 0x75229706 - 0x1ec4fc3d - state0 | 0x8fb57c3 + 0x4674713d ^ 0x4382f497 - 0x95703a1 ^ 0xea909d9 - flags0 + 0x75229706 - 0x1ec4fc3d - state0 | 0x8fb57c3 + 0x4674713d ^ 0x4382f497 - 0x95703a1 ^ 0xea909d9 ^ 0x7099ef27 - 0x248dd823 - flags0 + 0x75229706 - 0x1ec4fc3d - state0 | 0x8fb57c3 + 0x4674713d ^ 0x4382f497 - 0x95703a1 ^ 0xea909d9 ^ 0x7099ef27 - 0x248dd823;0x93f23:sub:state0 | 0x8fb57c3 - 0x45a18ca4 | flags0 + 0x75229706 - 0x1ec4fc3d - state0 | 0x8fb57c3 + 0x4674713d ^ 0x4382f497 - 0x95703a1 ^ 0xea909d9 - flags0 + 0x75229706 - 0x1ec4fc3d - state0 | 0x8fb57c3 + 0x4674713d ^ 0x4382f497 - 0x95703a1 ^ 0xea909d9 ^ 0x7099ef27 - 0x248dd823 - flags0 + 0x75229706 - 0x1ec4fc3d - state0 | 0x8fb57c3 + 0x4674713d ^ 0x4382f497 - 0x95703a1 ^ 0xea909d9 ^ 0x7099ef27 - 0x248dd823 - u16_1 + state0 | 0x8fb57c3 - 0x45a18ca4 | flags0 + 0x75229706 - 0x1ec4fc3d - state0 | 0x8fb57c3 + 0x4674713d ^ 0x4382f497 - 0x95703a1 ^ 0xea909d9 - flags0 + 0x75229706 - 0x1ec4fc3d - state0 | 0x8fb57c3 + 0x4674713d ^ 0x4382f497 - 0x95703a1 ^ 0xea909d9 ^ 0x7099ef27 - 0x248dd823 - flags0 + 0x75229706 - 0x1ec4fc3d - state0 | 0x8fb57c3 + 0x4674713d ^ 0x4382f497 - 0x95703a1 ^ 0xea909d9 ^ 0x7099ef27 - 0x248dd823 ^ 0x1d802c44	state0 | 0x8fb57c3 - 0x45a18ca4 | flags0 + 0x75229706 - 0x1ec4fc3d - state0 | 0x8fb57c3 + 0x4674713d ^ 0x4382f497 - 0x95703a1 ^ 0xea909d9 - flags0 + 0x75229706 - 0x1ec4fc3d - state0 | 0x8fb57c3 + 0x4674713d ^ 0x4382f497 - 0x95703a1 ^ 0xea909d9 ^ 0x7099ef27 - 0x248dd823 - flags0 + 0x75229706 - 0x1ec4fc3d - state0 | 0x8fb57c3 + 0x4674713d ^ 0x4382f497 - 0x95703a1 ^ 0xea909d9 ^ 0x7099ef27 - 0x248dd823 - u16_1 + state0 | 0x8fb57c3 - 0x45a18ca4 | flags0 + 0x75229706 - 0x1ec4fc3d - state0 | 0x8fb57c3 + 0x4674713d ^ 0x4382f497 - 0x95703a1 ^ 0xea909d9 - flags0 + 0x75229706 - 0x1ec4fc3d - state0 | 0x8fb57c3 + 0x4674713d ^ 0x4382f497 - 0x95703a1 ^ 0xea909d9 ^ 0x7099ef27 - 0x248dd823 - flags0 + 0x75229706 - 0x1ec4fc3d - state0 | 0x8fb57c3 + 0x4674713d ^ 0x4382f497 - 0x95703a1 ^ 0xea909d9 ^ 0x7099ef27 - 0x248dd823 ^ 0x1d802c44	0x9398b:add:flags0 + 0x75229706;0x939c0:sub:flags0 + 0x75229706 - 0x1ec4fc3d;0x93b2e:sub:flags0 + 0x75229706 - 0x1ec4fc3d - state0 | 0x8fb57c3 + 0x4674713d;0x93b3b:xor:flags0 + 0x75229706 - 0x1ec4fc3d - state0 | 0x8fb57c3 + 0x4674713d ^ 0x4382f497;0x93be0:sub:flags0 + 0x75229706 - 0x1ec4fc3d - state0 | 0x8fb57c3 + 0x4674713d ^ 0x4382f497 - 0x95703a1;0x93bf0:xor:flags0 + 0x75229706 - 0x1ec4fc3d - state0 | 0x8fb57c3 + 0x4674713d ^ 0x4382f497 - 0x95703a1 ^ 0xea909d9;0x93db3:xor:flags0 + 0x75229706 - 0x1ec4fc3d - state0 | 0x8fb57c3 + 0x4674713d ^ 0x4382f497 - 0x95703a1 ^ 0xea909d9 ^ 0x7099ef27;0x93dc4:sub:flags0 + 0x75229706 - 0x1ec4fc3d - state0 | 0x8fb57c3 + 0x4674713d ^ 0x4382f497 - 0x95703a1 ^ 0xea909d9 ^ 0x7099ef27 - 0x248dd823;0x93e4d:add:flags0 + 0x75229706 - 0x1ec4fc3d - state0 | 0x8fb57c3 + 0x4674713d ^ 0x4382f497 - 0x95703a1 ^ 0xea909d9 ^ 0x7099ef27 - 0x248dd823 + 0x3932a2c;0x93e5d:sub:flags0 + 0x75229706 - 0x1ec4fc3d - state0 | 0x8fb57c3 + 0x4674713d ^ 0x4382f497 - 0x95703a1 ^ 0xea909d9 ^ 0x7099ef27 - 0x248dd823 + 0x3932a2c - 0x75d54c65	0x9395a:je,0x93a40:jne,0x93a65:jne,0x93a74:jne,0x93a99:jne,0x93b5d:je,0x93b8f:je,0x93bd0:je,0x93cc3:je,0x93cf0:je,0x93da3:je,0x93e3d:je
132	0x93f79	0	0x94475	297	4	4	1	0x93f94:u32_2,0x93fbd:u16_0,0x9400e:u16_0,0x94036:u16_2,0x94127:u32_0,0x9415b:byte0,0x941c4:u32_0 + flags0 + 0x1c953985,0x943d2:u16_4,0x94454:u32_0 + flags0 + 0x1c953985 ^ 0xda3b7d9 & (Ptr(kind='frame', off=35)) + -0x80000000 ^ (Ptr(kind='frame', off=10)) - (Ptr(kind='ip', off=4)) + -0x80000000 & u32_0 + flags0 + 0x1c953985 ^ 0xda3b7d9 & (Ptr(kind='frame', off=35)) + -0x80000000 ^ (Ptr(kind='frame', off=10)) - (Ptr(kind='ip', off=4)) + -0x80000000 + -0x80000000 + 0x400 - 0x400 - u32_0 + flags0 + 0x1c953985 ^ 0xda3b7d9 & (Ptr(kind='frame', off=35)) + -0x80000000 ^ (Ptr(kind='frame', off=10)) + (Ptr(kind='table', off=0)) ^ (Ptr(kind='table', off=0)) ^ u16_4 ^ state0 + u32_0 + flags0 + 0x1c953985 & flags0 + 0x1c953985 - 0x29fcf13e + 0x1f834ebc + flags0 + 0x1c953985 - 0x29fcf13e ^ 0x60b79571 - 0x6463a428	0x941de:add:state0 + u32_0 + flags0 + 0x1c953985;0x9429e:and:state0 + u32_0 + flags0 + 0x1c953985 & flags0 + 0x1c953985 - 0x29fcf13e + 0x1f834ebc;0x942de:add:state0 + u32_0 + flags0 + 0x1c953985 & flags0 + 0x1c953985 - 0x29fcf13e + 0x1f834ebc + flags0 + 0x1c953985 - 0x29fcf13e;0x942eb:xor:state0 + u32_0 + flags0 + 0x1c953985 & flags0 + 0x1c953985 - 0x29fcf13e + 0x1f834ebc + flags0 + 0x1c953985 - 0x29fcf13e ^ 0x60b79571	state0 + u32_0 + flags0 + 0x1c953985 & flags0 + 0x1c953985 - 0x29fcf13e + 0x1f834ebc + flags0 + 0x1c953985 - 0x29fcf13e ^ 0x60b79571	0x940ac:add:flags0 + 0x1c953985;0x94210:sub:flags0 + 0x1c953985 - 0x29fcf13e;0x94317:or:flags0 + 0x1c953985 - 0x29fcf13e | state0 + u32_0 + flags0 + 0x1c953985 & flags0 + 0x1c953985 - 0x29fcf13e + 0x1f834ebc + flags0 + 0x1c953985 - 0x29fcf13e ^ 0x60b79571 - 0x5a6b4ff4;0x94324:and:flags0 + 0x1c953985 - 0x29fcf13e | state0 + u32_0 + flags0 + 0x1c953985 & flags0 + 0x1c953985 - 0x29fcf13e + 0x1f834ebc + flags0 + 0x1c953985 - 0x29fcf13e ^ 0x60b79571 - 0x5a6b4ff4 & 0x48eb7f20	0x94094:je
133	0x93ff3	0	0x94475	260	4	4	1	0x9400e:u16_0,0x94036:u16_2,0x94127:u32_0,0x9415b:byte0,0x941c4:u32_0 + flags0 + 0x1c953985,0x943d2:u16_4,0x94454:u32_0 + flags0 + 0x1c953985 ^ 0xda3b7d9 & (Ptr(kind='frame', off=35)) + -0x80000000 ^ (Ptr(kind='frame', off=10)) - (Ptr(kind='ip', off=4)) + -0x80000000 & u32_0 + flags0 + 0x1c953985 ^ 0xda3b7d9 & (Ptr(kind='frame', off=35)) + -0x80000000 ^ (Ptr(kind='frame', off=10)) - (Ptr(kind='ip', off=4)) + -0x80000000 + -0x80000000 + 0x400 - 0x400 - u32_0 + flags0 + 0x1c953985 ^ 0xda3b7d9 & (Ptr(kind='frame', off=35)) + -0x80000000 ^ (Ptr(kind='frame', off=10)) + (Ptr(kind='table', off=0)) ^ (Ptr(kind='table', off=0)) ^ u16_4 ^ state0 + u32_0 + flags0 + 0x1c953985 & flags0 + 0x1c953985 - 0x29fcf13e + 0x1f834ebc + flags0 + 0x1c953985 - 0x29fcf13e ^ 0x60b79571 - 0x6463a428	0x941de:add:state0 + u32_0 + flags0 + 0x1c953985;0x9429e:and:state0 + u32_0 + flags0 + 0x1c953985 & flags0 + 0x1c953985 - 0x29fcf13e + 0x1f834ebc;0x942de:add:state0 + u32_0 + flags0 + 0x1c953985 & flags0 + 0x1c953985 - 0x29fcf13e + 0x1f834ebc + flags0 + 0x1c953985 - 0x29fcf13e;0x942eb:xor:state0 + u32_0 + flags0 + 0x1c953985 & flags0 + 0x1c953985 - 0x29fcf13e + 0x1f834ebc + flags0 + 0x1c953985 - 0x29fcf13e ^ 0x60b79571	state0 + u32_0 + flags0 + 0x1c953985 & flags0 + 0x1c953985 - 0x29fcf13e + 0x1f834ebc + flags0 + 0x1c953985 - 0x29fcf13e ^ 0x60b79571	0x940ac:add:flags0 + 0x1c953985;0x94210:sub:flags0 + 0x1c953985 - 0x29fcf13e;0x94317:or:flags0 + 0x1c953985 - 0x29fcf13e | state0 + u32_0 + flags0 + 0x1c953985 & flags0 + 0x1c953985 - 0x29fcf13e + 0x1f834ebc + flags0 + 0x1c953985 - 0x29fcf13e ^ 0x60b79571 - 0x5a6b4ff4;0x94324:and:flags0 + 0x1c953985 - 0x29fcf13e | state0 + u32_0 + flags0 + 0x1c953985 & flags0 + 0x1c953985 - 0x29fcf13e + 0x1f834ebc + flags0 + 0x1c953985 - 0x29fcf13e ^ 0x60b79571 - 0x5a6b4ff4 & 0x48eb7f20	0x94094:je
134	0x9406d	0	0x94475	223	4	4	1	0x94127:u32_0,0x9415b:byte0,0x941c4:u32_0 + flags0 + 0x1c953985,0x943d2:u16_4,0x94454:u32_0 + flags0 + 0x1c953985 ^ 0xda3b7d9 & (Ptr(kind='frame', off=35)) + -0x80000000 ^ (Ptr(kind='frame', off=10)) - (Ptr(kind='ip', off=4)) + -0x80000000 & u32_0 + flags0 + 0x1c953985 ^ 0xda3b7d9 & (Ptr(kind='frame', off=35)) + -0x80000000 ^ (Ptr(kind='frame', off=10)) - (Ptr(kind='ip', off=4)) + -0x80000000 + -0x80000000 + 0x400 - 0x400 - u32_0 + flags0 + 0x1c953985 ^ 0xda3b7d9 & (Ptr(kind='frame', off=35)) + -0x80000000 ^ (Ptr(kind='frame', off=10)) + (Ptr(kind='table', off=0)) ^ (Ptr(kind='table', off=0)) ^ u16_4 ^ state0 + u32_0 + flags0 + 0x1c953985 & flags0 + 0x1c953985 - 0x29fcf13e + 0x1f834ebc + flags0 + 0x1c953985 - 0x29fcf13e ^ 0x60b79571 - 0x6463a428	0x941de:add:state0 + u32_0 + flags0 + 0x1c953985;0x9429e:and:state0 + u32_0 + flags0 + 0x1c953985 & flags0 + 0x1c953985 - 0x29fcf13e + 0x1f834ebc;0x942de:add:state0 + u32_0 + flags0 + 0x1c953985 & flags0 + 0x1c953985 - 0x29fcf13e + 0x1f834ebc + flags0 + 0x1c953985 - 0x29fcf13e;0x942eb:xor:state0 + u32_0 + flags0 + 0x1c953985 & flags0 + 0x1c953985 - 0x29fcf13e + 0x1f834ebc + flags0 + 0x1c953985 - 0x29fcf13e ^ 0x60b79571	state0 + u32_0 + flags0 + 0x1c953985 & flags0 + 0x1c953985 - 0x29fcf13e + 0x1f834ebc + flags0 + 0x1c953985 - 0x29fcf13e ^ 0x60b79571	0x940ac:add:flags0 + 0x1c953985;0x94210:sub:flags0 + 0x1c953985 - 0x29fcf13e;0x94317:or:flags0 + 0x1c953985 - 0x29fcf13e | state0 + u32_0 + flags0 + 0x1c953985 & flags0 + 0x1c953985 - 0x29fcf13e + 0x1f834ebc + flags0 + 0x1c953985 - 0x29fcf13e ^ 0x60b79571 - 0x5a6b4ff4;0x94324:and:flags0 + 0x1c953985 - 0x29fcf13e | state0 + u32_0 + flags0 + 0x1c953985 & flags0 + 0x1c953985 - 0x29fcf13e + 0x1f834ebc + flags0 + 0x1c953985 - 0x29fcf13e ^ 0x60b79571 - 0x5a6b4ff4 & 0x48eb7f20	0x94094:je
135	0x94478	0	0x94619	91	0	0	1	0x9449d:u16_0,0x944c8:u16_7,0x944f3:u16_3,0x94538:u16_0,0x94546:u16_7,0x945af:u16_5		state0		0x94557:je
136	0x9461b	2	0x94970	192	1	0	5	0x946ba:u16_2,0x94737:byte0,0x94847:b4,0x94889:u16_2,0x948e5:u16_0,0x948f3:u16_0,0x94909:u16_0 + ((F[0x60]) ^ 0x33365d14) ^ -0x80000000	0x9493c:or:state0 | u16_0 ^ state0 - 0x2eae4eac	state0 | u16_0 ^ state0 - 0x2eae4eac		0x9473e:jne,0x9475a:jne,0x9477b:jne,0x947a6:jne,0x94851:je
137	0x94973	0	0x94c38	145	1	0	1	0x949f8:u16_0,0x94a15:u16_4,0x94a7d:u16_6,0x94b1e:u16_0,0x94b25:u16_4,0x94bc2:u16_2	0x94c0a:add:state0 + u16_2 - state0 - 0x5ff6cae6	state0 + u16_2 - state0 - 0x5ff6cae6		0x94b3d:je
138	0x94c3a	0	0x94ddc	92	1	1	2	0x94c66:u16_6,0x94c87:u16_4,0x94caa:u16_2,0x94d45:u16_0	0x94d9a:add:state0 + u16_0 - state0 - 0x3010a5b9	state0 + u16_0 - state0 - 0x3010a5b9	0x94c77:add:flags0 + state0	0x94cc1:je,0x94ceb:je
139	0x94ddf	0	0x951c0	224	2	7	6	0x94df8:u32_0,0x94e23:u16_4,0x94eda:byte0,0x94efe:u32_2,0x95038:byte0,0x95104:u16_0	0x94fa4:sub:state0 - flags0 - 0x6f549f79 - state0 | 0xf17c331 | 0x16a9ca8c;0x9516f:add:state0 - flags0 - 0x6f549f79 - state0 | 0xf17c331 | 0x16a9ca8c + u16_0 ^ state0 - flags0 - 0x6f549f79 - state0 | 0xf17c331 | 0x16a9ca8c ^ 0x6e089feb	state0 - flags0 - 0x6f549f79 - state0 | 0xf17c331 | 0x16a9ca8c + u16_0 ^ state0 - flags0 - 0x6f549f79 - state0 | 0xf17c331 | 0x16a9ca8c ^ 0x6e089feb	0x94e9f:sub:flags0 - 0x6f549f79;0x94ecd:sub:flags0 - 0x6f549f79 - state0 | 0xf17c331;0x94f47:or:flags0 - 0x6f549f79 - state0 | 0xf17c331 | 0x16a9ca8c;0x9500f:xor:flags0 - 0x6f549f79 - state0 | 0xf17c331 | 0x16a9ca8c ^ 0x5484fb1d;0x9501e:add:flags0 - 0x6f549f79 - state0 | 0xf17c331 | 0x16a9ca8c ^ 0x5484fb1d + 0x1682fe55;0x9505c:or:flags0 - 0x6f549f79 - state0 | 0xf17c331 | 0x16a9ca8c ^ 0x5484fb1d + 0x1682fe55 | 0x6dd09c45;0x9506c:add:flags0 - 0x6f549f79 - state0 | 0xf17c331 | 0x16a9ca8c ^ 0x5484fb1d + 0x1682fe55 | 0x6dd09c45 + 0x71b87f18	0x94e85:je,0x94f11:je,0x94fab:je,0x94fdd:je,0x95000:je,0x9504c:je
140	0x94e5a	2190	0x951c0	187	2	7	6	0x94eda:byte0,0x94efe:u32_2,0x95038:byte0,0x95104:u16_0	0x94fa4:sub:state0 - flags0 - 0x6f549f79 - state0 | 0xf17c331 | 0x16a9ca8c;0x9516f:add:state0 - flags0 - 0x6f549f79 - state0 | 0xf17c331 | 0x16a9ca8c + u16_0 ^ state0 - flags0 - 0x6f549f79 - state0 | 0xf17c331 | 0x16a9ca8c ^ 0x6e089feb	state0 - flags0 - 0x6f549f79 - state0 | 0xf17c331 | 0x16a9ca8c + u16_0 ^ state0 - flags0 - 0x6f549f79 - state0 | 0xf17c331 | 0x16a9ca8c ^ 0x6e089feb	0x94e9f:sub:flags0 - 0x6f549f79;0x94ecd:sub:flags0 - 0x6f549f79 - state0 | 0xf17c331;0x94f47:or:flags0 - 0x6f549f79 - state0 | 0xf17c331 | 0x16a9ca8c;0x9500f:xor:flags0 - 0x6f549f79 - state0 | 0xf17c331 | 0x16a9ca8c ^ 0x5484fb1d;0x9501e:add:flags0 - 0x6f549f79 - state0 | 0xf17c331 | 0x16a9ca8c ^ 0x5484fb1d + 0x1682fe55;0x9505c:or:flags0 - 0x6f549f79 - state0 | 0xf17c331 | 0x16a9ca8c ^ 0x5484fb1d + 0x1682fe55 | 0x6dd09c45;0x9506c:add:flags0 - 0x6f549f79 - state0 | 0xf17c331 | 0x16a9ca8c ^ 0x5484fb1d + 0x1682fe55 | 0x6dd09c45 + 0x71b87f18	0x94e85:je,0x94f11:je,0x94fab:je,0x94fdd:je,0x95000:je,0x9504c:je
141	0x951c2	0	0x953af	109	0	0	1	0x95225:u16_6,0x9525d:u16_0,0x952ba:u16_4,0x9533c:u16_2		state0		0x952e1:je
142	0x953b1	1	0x957d6	225	12	7	3	0x95561:byte0,0x95575:byte0,0x9557e:u32_0,0x95706:byte0,0x95716:byte0,0x9571f:u16_8	0x953ed:xor:state0 ^ flags0 ^ 0x7e4feaa1;0x953fa:xor:state0 ^ flags0 ^ 0x7e4feaa1 ^ 0x2968389e;0x95442:or:state0 ^ flags0 ^ 0x7e4feaa1 ^ 0x2968389e | flags0 | state0 ^ flags0 ^ 0x7e4feaa1 ^ 0x2968389e ^ 0x2de9e0a2 + 0x295d79d4;0x9544f:or:state0 ^ flags0 ^ 0x7e4feaa1 ^ 0x2968389e | flags0 | state0 ^ flags0 ^ 0x7e4feaa1 ^ 0x2968389e ^ 0x2de9e0a2 + 0x295d79d4 | 0x6a70639e;0x9547a:sub:state0 ^ flags0 ^ 0x7e4feaa1 ^ 0x2968389e | flags0 | state0 ^ flags0 ^ 0x7e4feaa1 ^ 0x2968389e ^ 0x2de9e0a2 + 0x295d79d4 | 0x6a70639e - 0x2ed5a434;0x954a0:or:state0 ^ flags0 ^ 0x7e4feaa1 ^ 0x2968389e | flags0 | state0 ^ flags0 ^ 0x7e4feaa1 ^ 0x2968389e ^ 0x2de9e0a2 + 0x295d79d4 | 0x6a70639e - 0x2ed5a434 | flags0 | state0 ^ flags0 ^ 0x7e4feaa1 ^ 0x2968389e ^ 0x2de9e0a2 - 0x5f23a362;0x954ac:xor:state0 ^ flags0 ^ 0x7e4feaa1 ^ 0x2968389e | flags0 | state0 ^ flags0 ^ 0x7e4feaa1 ^ 0x2968389e ^ 0x2de9e0a2 + 0x295d79d4 | 0x6a70639e - 0x2ed5a434 | flags0 | state0 ^ flags0 ^ 0x7e4feaa1 ^ 0x2968389e ^ 0x2de9e0a2 - 0x5f23a362 ^ 0x5f9390ae;0x9550a:xor:state0 ^ flags0 ^ 0x7e4feaa1 ^ 0x2968389e | flags0 | state0 ^ flags0 ^ 0x7e4feaa1 ^ 0x2968389e ^ 0x2de9e0a2 + 0x295d79d4 | 0x6a70639e - 0x2ed5a434 | flags0 | state0 ^ flags0 ^ 0x7e4feaa1 ^ 0x2968389e ^ 0x2de9e0a2 - 0x5f23a362 ^ 0x5f9390ae ^ 0x6209aa88;0x955a5:add:state0 ^ flags0 ^ 0x7e4feaa1 ^ 0x2968389e | flags0 | state0 ^ flags0 ^ 0x7e4feaa1 ^ 0x2968389e ^ 0x2de9e0a2 + 0x295d79d4 | 0x6a70639e - 0x2ed5a434 | flags0 | state0 ^ flags0 ^ 0x7e4feaa1 ^ 0x2968389e ^ 0x2de9e0a2 - 0x5f23a362 ^ 0x5f9390ae ^ 0x6209aa88 + u32_0 ^ state0 ^ flags0 ^ 0x7e4feaa1 ^ 0x2968389e | flags0 | state0 ^ flags0 ^ 0x7e4feaa1 ^ 0x2968389e ^ 0x2de9e0a2 + 0x295d79d4 | 0x6a70639e - 0x2ed5a434 | flags0 | state0 ^ flags0 ^ 0x7e4feaa1 ^ 0x2968389e ^ 0x2de9e0a2 - 0x5f23a362 ^ 0x5f9390ae ^ 0x6209aa88 + flags0 | state0 ^ flags0 ^ 0x7e4feaa1 ^ 0x2968389e ^ 0x2de9e0a2 ^ state0 ^ flags0 ^ 0x7e4feaa1 ^ 0x2968389e | flags0 | state0 ^ flags0 ^ 0x7e4feaa1 ^ 0x2968389e ^ 0x2de9e0a2 + 0x295d79d4 | 0x6a70639e - 0x2ed5a434 | flags0 | state0 ^ flags0 ^ 0x7e4feaa1 ^ 0x2968389e ^ 0x2de9e0a2 - 0x5f23a362 ^ 0x5f9390ae | 0x2fd9e422 | state0 ^ flags0 ^ 0x7e4feaa1 ^ 0x2968389e | flags0 | state0 ^ flags0 ^ 0x7e4feaa1 ^ 0x2968389e ^ 0x2de9e0a2 + 0x295d79d4 | 0x6a70639e - 0x2ed5a434 | flags0 | state0 ^ flags0 ^ 0x7e4feaa1 ^ 0x2968389e ^ 0x2de9e0a2 - 0x5f23a362 ^ 0x5f9390ae + 0x56d385ee;0x95607:xor:state0 ^ flags0 ^ 0x7e4feaa1 ^ 0x2968389e | flags0 | state0 ^ flags0 ^ 0x7e4feaa1 ^ 0x2968389e ^ 0x2de9e0a2 + 0x295d79d4 | 0x6a70639e - 0x2ed5a434 | flags0 | state0 ^ flags0 ^ 0x7e4feaa1 ^ 0x2968389e ^ 0x2de9e0a2 - 0x5f23a362 ^ 0x5f9390ae ^ 0x6209aa88 + u32_0 ^ state0 ^ flags0 ^ 0x7e4feaa1 ^ 0x2968389e | flags0 | state0 ^ flags0 ^ 0x7e4feaa1 ^ 0x2968389e ^ 0x2de9e0a2 + 0x295d79d4 | 0x6a70639e - 0x2ed5a434 | flags0 | state0 ^ flags0 ^ 0x7e4feaa1 ^ 0x2968389e ^ 0x2de9e0a2 - 0x5f23a362 ^ 0x5f9390ae ^ 0x6209aa88 + flags0 | state0 ^ flags0 ^ 0x7e4feaa1 ^ 0x2968389e ^ 0x2de9e0a2 ^ state0 ^ flags0 ^ 0x7e4feaa1 ^ 0x2968389e | flags0 | state0 ^ flags0 ^ 0x7e4feaa1 ^ 0x2968389e ^ 0x2de9e0a2 + 0x295d79d4 | 0x6a70639e - 0x2ed5a434 | flags0 | state0 ^ flags0 ^ 0x7e4feaa1 ^ 0x2968389e ^ 0x2de9e0a2 - 0x5f23a362 ^ 0x5f9390ae | 0x2fd9e422 | state0 ^ flags0 ^ 0x7e4feaa1 ^ 0x2968389e | flags0 | state0 ^ flags0 ^ 0x7e4feaa1 ^ 0x2968389e ^ 0x2de9e0a2 + 0x295d79d4 | 0x6a70639e - 0x2ed5a434 | flags0 | state0 ^ flags0 ^ 0x7e4feaa1 ^ 0x2968389e ^ 0x2de9e0a2 - 0x5f23a362 ^ 0x5f9390ae + 0x56d385ee ^ flags0 | state0 ^ flags0 ^ 0x7e4feaa1 ^ 0x2968389e ^ 0x2de9e0a2 ^ state0 ^ flags0 ^ 0x7e4feaa1 ^ 0x2968389e | flags0 | state0 ^ flags0 ^ 0x7e4feaa1 ^ 0x2968389e ^ 0x2de9e0a2 + 0x295d79d4 | 0x6a70639e - 0x2ed5a434 | flags0 | state0 ^ flags0 ^ 0x7e4feaa1 ^ 0x2968389e ^ 0x2de9e0a2 - 0x5f23a362 ^ 0x5f9390ae | 0x2fd9e422 | state0 ^ flags0 ^ 0x7e4feaa1 ^ 0x2968389e | flags0 | state0 ^ flags0 ^ 0x7e4feaa1 ^ 0x2968389e ^ 0x2de9e0a2 + 0x295d79d4 | 0x6a70639e - 0x2ed5a434 | flags0 | state0 ^ flags0 ^ 0x7e4feaa1 ^ 0x2968389e ^ 0x2de9e0a2 - 0x5f23a362 ^ 0x5f9390ae + 0x56d385ee;0x95615:sub:state0 ^ flags0 ^ 0x7e4feaa1 ^ 0x2968389e | flags0 | state0 ^ flags0 ^ 0x7e4feaa1 ^ 0x2968389e ^ 0x2de9e0a2 + 0x295d79d4 | 0x6a70639e - 0x2ed5a434 | flags0 | state0 ^ flags0 ^ 0x7e4feaa1 ^ 0x2968389e ^ 0x2de9e0a2 - 0x5f23a362 ^ 0x5f9390ae ^ 0x6209aa88 + u32_0 ^ state0 ^ flags0 ^ 0x7e4feaa1 ^ 0x2968389e | flags0 | state0 ^ flags0 ^ 0x7e4feaa1 ^ 0x2968389e ^ 0x2de9e0a2 + 0x295d79d4 | 0x6a70639e - 0x2ed5a434 | flags0 | state0 ^ flags0 ^ 0x7e4feaa1 ^ 0x2968389e ^ 0x2de9e0a2 - 0x5f23a362 ^ 0x5f9390ae ^ 0x6209aa88 + flags0 | state0 ^ flags0 ^ 0x7e4feaa1 ^ 0x2968389e ^ 0x2de9e0a2 ^ state0 ^ flags0 ^ 0x7e4feaa1 ^ 0x2968389e | flags0 | state0 ^ flags0 ^ 0x7e4feaa1 ^ 0x2968389e ^ 0x2de9e0a2 + 0x295d79d4 | 0x6a70639e - 0x2ed5a434 | flags0 | state0 ^ flags0 ^ 0x7e4feaa1 ^ 0x2968389e ^ 0x2de9e0a2 - 0x5f23a362 ^ 0x5f9390ae | 0x2fd9e422 | state0 ^ flags0 ^ 0x7e4feaa1 ^ 0x2968389e | flags0 | state0 ^ flags0 ^ 0x7e4feaa1 ^ 0x2968389e ^ 0x2de9e0a2 + 0x295d79d4 | 0x6a70639e - 0x2ed5a434 | flags0 | state0 ^ flags0 ^ 0x7e4feaa1 ^ 0x2968389e ^ 0x2de9e0a2 - 0x5f23a362 ^ 0x5f9390ae + 0x56d385ee ^ flags0 | state0 ^ flags0 ^ 0x7e4feaa1 ^ 0x2968389e ^ 0x2de9e0a2 ^ state0 ^ flags0 ^ 0x7e4feaa1 ^ 0x2968389e | flags0 | state0 ^ flags0 ^ 0x7e4feaa1 ^ 0x2968389e ^ 0x2de9e0a2 + 0x295d79d4 | 0x6a70639e - 0x2ed5a434 | flags0 | state0 ^ flags0 ^ 0x7e4feaa1 ^ 0x2968389e ^ 0x2de9e0a2 - 0x5f23a362 ^ 0x5f9390ae | 0x2fd9e422 | state0 ^ flags0 ^ 0x7e4feaa1 ^ 0x2968389e | flags0 | state0 ^ flags0 ^ 0x7e4feaa1 ^ 0x2968389e ^ 0x2de9e0a2 + 0x295d79d4 | 0x6a70639e - 0x2ed5a434 | flags0 | state0 ^ flags0 ^ 0x7e4feaa1 ^ 0x2968389e ^ 0x2de9e0a2 - 0x5f23a362 ^ 0x5f9390ae + 0x56d385ee - 0x18594029;0x95786:sub:state0 ^ flags0 ^ 0x7e4feaa1 ^ 0x2968389e | flags0 | state0 ^ flags0 ^ 0x7e4feaa1 ^ 0x2968389e ^ 0x2de9e0a2 + 0x295d79d4 | 0x6a70639e - 0x2ed5a434 | flags0 | state0 ^ flags0 ^ 0x7e4feaa1 ^ 0x2968389e ^ 0x2de9e0a2 - 0x5f23a362 ^ 0x5f9390ae ^ 0x6209aa88 + u32_0 ^ state0 ^ flags0 ^ 0x7e4feaa1 ^ 0x2968389e | flags0 | state0 ^ flags0 ^ 0x7e4feaa1 ^ 0x2968389e ^ 0x2de9e0a2 + 0x295d79d4 | 0x6a70639e - 0x2ed5a434 | flags0 | state0 ^ flags0 ^ 0x7e4feaa1 ^ 0x2968389e ^ 0x2de9e0a2 - 0x5f23a362 ^ 0x5f9390ae ^ 0x6209aa88 + flags0 | state0 ^ flags0 ^ 0x7e4feaa1 ^ 0x2968389e ^ 0x2de9e0a2 ^ state0 ^ flags0 ^ 0x7e4feaa1 ^ 0x2968389e | flags0 | state0 ^ flags0 ^ 0x7e4feaa1 ^ 0x2968389e ^ 0x2de9e0a2 + 0x295d79d4 | 0x6a70639e - 0x2ed5a434 | flags0 | state0 ^ flags0 ^ 0x7e4feaa1 ^ 0x2968389e ^ 0x2de9e0a2 - 0x5f23a362 ^ 0x5f9390ae | 0x2fd9e422 | state0 ^ flags0 ^ 0x7e4feaa1 ^ 0x2968389e | flags0 | state0 ^ flags0 ^ 0x7e4feaa1 ^ 0x2968389e ^ 0x2de9e0a2 + 0x295d79d4 | 0x6a70639e - 0x2ed5a434 | flags0 | state0 ^ flags0 ^ 0x7e4feaa1 ^ 0x2968389e ^ 0x2de9e0a2 - 0x5f23a362 ^ 0x5f9390ae + 0x56d385ee ^ flags0 | state0 ^ flags0 ^ 0x7e4feaa1 ^ 0x2968389e ^ 0x2de9e0a2 ^ state0 ^ flags0 ^ 0x7e4feaa1 ^ 0x2968389e | flags0 | state0 ^ flags0 ^ 0x7e4feaa1 ^ 0x2968389e ^ 0x2de9e0a2 + 0x295d79d4 | 0x6a70639e - 0x2ed5a434 | flags0 | state0 ^ flags0 ^ 0x7e4feaa1 ^ 0x2968389e ^ 0x2de9e0a2 - 0x5f23a362 ^ 0x5f9390ae | 0x2fd9e422 | state0 ^ flags0 ^ 0x7e4feaa1 ^ 0x2968389e | flags0 | state0 ^ flags0 ^ 0x7e4feaa1 ^ 0x2968389e ^ 0x2de9e0a2 + 0x295d79d4 | 0x6a70639e - 0x2ed5a434 | flags0 | state0 ^ flags0 ^ 0x7e4feaa1 ^ 0x2968389e ^ 0x2de9e0a2 - 0x5f23a362 ^ 0x5f9390ae + 0x56d385ee - 0x18594029 - u16_8	state0 ^ flags0 ^ 0x7e4feaa1 ^ 0x2968389e | flags0 | state0 ^ flags0 ^ 0x7e4feaa1 ^ 0x2968389e ^ 0x2de9e0a2 + 0x295d79d4 | 0x6a70639e - 0x2ed5a434 | flags0 | state0 ^ flags0 ^ 0x7e4feaa1 ^ 0x2968389e ^ 0x2de9e0a2 - 0x5f23a362 ^ 0x5f9390ae ^ 0x6209aa88 + u32_0 ^ state0 ^ flags0 ^ 0x7e4feaa1 ^ 0x2968389e | flags0 | state0 ^ flags0 ^ 0x7e4feaa1 ^ 0x2968389e ^ 0x2de9e0a2 + 0x295d79d4 | 0x6a70639e - 0x2ed5a434 | flags0 | state0 ^ flags0 ^ 0x7e4feaa1 ^ 0x2968389e ^ 0x2de9e0a2 - 0x5f23a362 ^ 0x5f9390ae ^ 0x6209aa88 + flags0 | state0 ^ flags0 ^ 0x7e4feaa1 ^ 0x2968389e ^ 0x2de9e0a2 ^ state0 ^ flags0 ^ 0x7e4feaa1 ^ 0x2968389e | flags0 | state0 ^ flags0 ^ 0x7e4feaa1 ^ 0x2968389e ^ 0x2de9e0a2 + 0x295d79d4 | 0x6a70639e - 0x2ed5a434 | flags0 | state0 ^ flags0 ^ 0x7e4feaa1 ^ 0x2968389e ^ 0x2de9e0a2 - 0x5f23a362 ^ 0x5f9390ae | 0x2fd9e422 | state0 ^ flags0 ^ 0x7e4feaa1 ^ 0x2968389e | flags0 | state0 ^ flags0 ^ 0x7e4feaa1 ^ 0x2968389e ^ 0x2de9e0a2 + 0x295d79d4 | 0x6a70639e - 0x2ed5a434 | flags0 | state0 ^ flags0 ^ 0x7e4feaa1 ^ 0x2968389e ^ 0x2de9e0a2 - 0x5f23a362 ^ 0x5f9390ae + 0x56d385ee ^ flags0 | state0 ^ flags0 ^ 0x7e4feaa1 ^ 0x2968389e ^ 0x2de9e0a2 ^ state0 ^ flags0 ^ 0x7e4feaa1 ^ 0x2968389e | flags0 | state0 ^ flags0 ^ 0x7e4feaa1 ^ 0x2968389e ^ 0x2de9e0a2 + 0x295d79d4 | 0x6a70639e - 0x2ed5a434 | flags0 | state0 ^ flags0 ^ 0x7e4feaa1 ^ 0x2968389e ^ 0x2de9e0a2 - 0x5f23a362 ^ 0x5f9390ae | 0x2fd9e422 | state0 ^ flags0 ^ 0x7e4feaa1 ^ 0x2968389e | flags0 | state0 ^ flags0 ^ 0x7e4feaa1 ^ 0x2968389e ^ 0x2de9e0a2 + 0x295d79d4 | 0x6a70639e - 0x2ed5a434 | flags0 | state0 ^ flags0 ^ 0x7e4feaa1 ^ 0x2968389e ^ 0x2de9e0a2 - 0x5f23a362 ^ 0x5f9390ae + 0x56d385ee - 0x18594029 - u16_8	0x95420:or:flags0 | state0 ^ flags0 ^ 0x7e4feaa1 ^ 0x2968389e ^ 0x2de9e0a2;0x954ce:xor:flags0 | state0 ^ flags0 ^ 0x7e4feaa1 ^ 0x2968389e ^ 0x2de9e0a2 ^ state0 ^ flags0 ^ 0x7e4feaa1 ^ 0x2968389e | flags0 | state0 ^ flags0 ^ 0x7e4feaa1 ^ 0x2968389e ^ 0x2de9e0a2 + 0x295d79d4 | 0x6a70639e - 0x2ed5a434 | flags0 | state0 ^ flags0 ^ 0x7e4feaa1 ^ 0x2968389e ^ 0x2de9e0a2 - 0x5f23a362 ^ 0x5f9390ae | 0x2fd9e422;0x954ef:or:flags0 | state0 ^ flags0 ^ 0x7e4feaa1 ^ 0x2968389e ^ 0x2de9e0a2 ^ state0 ^ flags0 ^ 0x7e4feaa1 ^ 0x2968389e | flags0 | state0 ^ flags0 ^ 0x7e4feaa1 ^ 0x2968389e ^ 0x2de9e0a2 + 0x295d79d4 | 0x6a70639e - 0x2ed5a434 | flags0 | state0 ^ flags0 ^ 0x7e4feaa1 ^ 0x2968389e ^ 0x2de9e0a2 - 0x5f23a362 ^ 0x5f9390ae | 0x2fd9e422 | state0 ^ flags0 ^ 0x7e4feaa1 ^ 0x2968389e | flags0 | state0 ^ flags0 ^ 0x7e4feaa1 ^ 0x2968389e ^ 0x2de9e0a2 + 0x295d79d4 | 0x6a70639e - 0x2ed5a434 | flags0 | state0 ^ flags0 ^ 0x7e4feaa1 ^ 0x2968389e ^ 0x2de9e0a2 - 0x5f23a362 ^ 0x5f9390ae + 0x56d385ee;0x95651:add:flags0 | state0 ^ flags0 ^ 0x7e4feaa1 ^ 0x2968389e ^ 0x2de9e0a2 ^ state0 ^ flags0 ^ 0x7e4feaa1 ^ 0x2968389e | flags0 | state0 ^ flags0 ^ 0x7e4feaa1 ^ 0x2968389e ^ 0x2de9e0a2 + 0x295d79d4 | 0x6a70639e - 0x2ed5a434 | flags0 | state0 ^ flags0 ^ 0x7e4feaa1 ^ 0x2968389e ^ 0x2de9e0a2 - 0x5f23a362 ^ 0x5f9390ae | 0x2fd9e422 | state0 ^ flags0 ^ 0x7e4feaa1 ^ 0x2968389e | flags0 | state0 ^ flags0 ^ 0x7e4feaa1 ^ 0x2968389e ^ 0x2de9e0a2 + 0x295d79d4 | 0x6a70639e - 0x2ed5a434 | flags0 | state0 ^ flags0 ^ 0x7e4feaa1 ^ 0x2968389e ^ 0x2de9e0a2 - 0x5f23a362 ^ 0x5f9390ae + 0x56d385ee + 0x92f928e;0x95682:or:flags0 | state0 ^ flags0 ^ 0x7e4feaa1 ^ 0x2968389e ^ 0x2de9e0a2 ^ state0 ^ flags0 ^ 0x7e4feaa1 ^ 0x2968389e | flags0 | state0 ^ flags0 ^ 0x7e4feaa1 ^ 0x2968389e ^ 0x2de9e0a2 + 0x295d79d4 | 0x6a70639e - 0x2ed5a434 | flags0 | state0 ^ flags0 ^ 0x7e4feaa1 ^ 0x2968389e ^ 0x2de9e0a2 - 0x5f23a362 ^ 0x5f9390ae | 0x2fd9e422 | state0 ^ flags0 ^ 0x7e4feaa1 ^ 0x2968389e | flags0 | state0 ^ flags0 ^ 0x7e4feaa1 ^ 0x2968389e ^ 0x2de9e0a2 + 0x295d79d4 | 0x6a70639e - 0x2ed5a434 | flags0 | state0 ^ flags0 ^ 0x7e4feaa1 ^ 0x2968389e ^ 0x2de9e0a2 - 0x5f23a362 ^ 0x5f9390ae + 0x56d385ee + 0x92f928e | 0x6b087e5a;0x95693:sub:flags0 | state0 ^ flags0 ^ 0x7e4feaa1 ^ 0x2968389e ^ 0x2de9e0a2 ^ state0 ^ flags0 ^ 0x7e4feaa1 ^ 0x2968389e | flags0 | state0 ^ flags0 ^ 0x7e4feaa1 ^ 0x2968389e ^ 0x2de9e0a2 + 0x295d79d4 | 0x6a70639e - 0x2ed5a434 | flags0 | state0 ^ flags0 ^ 0x7e4feaa1 ^ 0x2968389e ^ 0x2de9e0a2 - 0x5f23a362 ^ 0x5f9390ae | 0x2fd9e422 | state0 ^ flags0 ^ 0x7e4feaa1 ^ 0x2968389e | flags0 | state0 ^ flags0 ^ 0x7e4feaa1 ^ 0x2968389e ^ 0x2de9e0a2 + 0x295d79d4 | 0x6a70639e - 0x2ed5a434 | flags0 | state0 ^ flags0 ^ 0x7e4feaa1 ^ 0x2968389e ^ 0x2de9e0a2 - 0x5f23a362 ^ 0x5f9390ae + 0x56d385ee + 0x92f928e | 0x6b087e5a - 0x73ecd25c;0x956b8:sub:flags0 | state0 ^ flags0 ^ 0x7e4feaa1 ^ 0x2968389e ^ 0x2de9e0a2 ^ state0 ^ flags0 ^ 0x7e4feaa1 ^ 0x2968389e | flags0 | state0 ^ flags0 ^ 0x7e4feaa1 ^ 0x2968389e ^ 0x2de9e0a2 + 0x295d79d4 | 0x6a70639e - 0x2ed5a434 | flags0 | state0 ^ flags0 ^ 0x7e4feaa1 ^ 0x2968389e ^ 0x2de9e0a2 - 0x5f23a362 ^ 0x5f9390ae | 0x2fd9e422 | state0 ^ flags0 ^ 0x7e4feaa1 ^ 0x2968389e | flags0 | state0 ^ flags0 ^ 0x7e4feaa1 ^ 0x2968389e ^ 0x2de9e0a2 + 0x295d79d4 | 0x6a70639e - 0x2ed5a434 | flags0 | state0 ^ flags0 ^ 0x7e4feaa1 ^ 0x2968389e ^ 0x2de9e0a2 - 0x5f23a362 ^ 0x5f9390ae + 0x56d385ee + 0x92f928e | 0x6b087e5a - 0x73ecd25c - state0 ^ flags0 ^ 0x7e4feaa1 ^ 0x2968389e | flags0 | state0 ^ flags0 ^ 0x7e4feaa1 ^ 0x2968389e ^ 0x2de9e0a2 + 0x295d79d4 | 0x6a70639e - 0x2ed5a434 | flags0 | state0 ^ flags0 ^ 0x7e4feaa1 ^ 0x2968389e ^ 0x2de9e0a2 - 0x5f23a362 ^ 0x5f9390ae ^ 0x6209aa88 + u32_0 ^ state0 ^ flags0 ^ 0x7e4feaa1 ^ 0x2968389e | flags0 | state0 ^ flags0 ^ 0x7e4feaa1 ^ 0x2968389e ^ 0x2de9e0a2 + 0x295d79d4 | 0x6a70639e - 0x2ed5a434 | flags0 | state0 ^ flags0 ^ 0x7e4feaa1 ^ 0x2968389e ^ 0x2de9e0a2 - 0x5f23a362 ^ 0x5f9390ae ^ 0x6209aa88 + flags0 | state0 ^ flags0 ^ 0x7e4feaa1 ^ 0x2968389e ^ 0x2de9e0a2 ^ state0 ^ flags0 ^ 0x7e4feaa1 ^ 0x2968389e | flags0 | state0 ^ flags0 ^ 0x7e4feaa1 ^ 0x2968389e ^ 0x2de9e0a2 + 0x295d79d4 | 0x6a70639e - 0x2ed5a434 | flags0 | state0 ^ flags0 ^ 0x7e4feaa1 ^ 0x2968389e ^ 0x2de9e0a2 - 0x5f23a362 ^ 0x5f9390ae | 0x2fd9e422 | state0 ^ flags0 ^ 0x7e4feaa1 ^ 0x2968389e | flags0 | state0 ^ flags0 ^ 0x7e4feaa1 ^ 0x2968389e ^ 0x2de9e0a2 + 0x295d79d4 | 0x6a70639e - 0x2ed5a434 | flags0 | state0 ^ flags0 ^ 0x7e4feaa1 ^ 0x2968389e ^ 0x2de9e0a2 - 0x5f23a362 ^ 0x5f9390ae + 0x56d385ee ^ flags0 | state0 ^ flags0 ^ 0x7e4feaa1 ^ 0x2968389e ^ 0x2de9e0a2 ^ state0 ^ flags0 ^ 0x7e4feaa1 ^ 0x2968389e | flags0 | state0 ^ flags0 ^ 0x7e4feaa1 ^ 0x2968389e ^ 0x2de9e0a2 + 0x295d79d4 | 0x6a70639e - 0x2ed5a434 | flags0 | state0 ^ flags0 ^ 0x7e4feaa1 ^ 0x2968389e ^ 0x2de9e0a2 - 0x5f23a362 ^ 0x5f9390ae | 0x2fd9e422 | state0 ^ flags0 ^ 0x7e4feaa1 ^ 0x2968389e | flags0 | state0 ^ flags0 ^ 0x7e4feaa1 ^ 0x2968389e ^ 0x2de9e0a2 + 0x295d79d4 | 0x6a70639e - 0x2ed5a434 | flags0 | state0 ^ flags0 ^ 0x7e4feaa1 ^ 0x2968389e ^ 0x2de9e0a2 - 0x5f23a362 ^ 0x5f9390ae + 0x56d385ee - 0x18594029 ^ 0x2998c046	0x95515:je,0x95637:je,0x95672:je
143	0x957d9	0	0x95b59	205	4	2	6	0x957f4:u16_6,0x9581c:u16_4,0x95848:u32_0,0x9589b:byte0,0x9597f:byte0,0x959a0:byte0,0x95aa3:u16_0	0x95911:and:state0 & 0x61f88068;0x95921:and:state0 & 0x61f88068 & 0x1d022eee;0x95a3c:xor:state0 & 0x61f88068 & 0x1d022eee ^ 0x6367b3dd;0x95b23:and:state0 & 0x61f88068 & 0x1d022eee ^ 0x6367b3dd & u16_0 ^ state0 & 0x61f88068 & 0x1d022eee ^ 0x6367b3dd - 0x2f1222e2	state0 & 0x61f88068 & 0x1d022eee ^ 0x6367b3dd & u16_0 ^ state0 & 0x61f88068 & 0x1d022eee ^ 0x6367b3dd - 0x2f1222e2	0x958ec:sub:flags0 - 0x387407b9;0x95a22:add:flags0 - 0x387407b9 + 0x2cd392b6	0x959a6:jne,0x959b1:jne,0x959bd:jne,0x959d3:je,0x959e9:jne,0x95a08:je
144	0x95887	5218	0x95b59	157	4	2	6	0x9589b:byte0,0x9597f:byte0,0x959a0:byte0,0x95aa3:u16_0	0x95911:and:state0 & 0x61f88068;0x95921:and:state0 & 0x61f88068 & 0x1d022eee;0x95a3c:xor:state0 & 0x61f88068 & 0x1d022eee ^ 0x6367b3dd;0x95b23:and:state0 & 0x61f88068 & 0x1d022eee ^ 0x6367b3dd & u16_0 ^ state0 & 0x61f88068 & 0x1d022eee ^ 0x6367b3dd - 0x2f1222e2	state0 & 0x61f88068 & 0x1d022eee ^ 0x6367b3dd & u16_0 ^ state0 & 0x61f88068 & 0x1d022eee ^ 0x6367b3dd - 0x2f1222e2	0x958ec:sub:flags0 - 0x387407b9;0x95a22:add:flags0 - 0x387407b9 + 0x2cd392b6	0x959a6:jne,0x959b1:jne,0x959bd:jne,0x959d3:je,0x959e9:jne,0x95a08:je
145	0x95b5c	142	0x9634f	424	0	0	39	0x95bc4:u16_8,0x95c1d:b10,0x9621b:u16_0,0x96294:u32_4,0x96297:u32_4		state0		0x95c25:je,0x95c2f:je,0x95c58:je,0x95c9a:jne,0x95ca6:jne,0x95ce4:jne,0x95cf3:jne,0x95cff:jne,0x95d28:jne,0x95d34:jne,0x95d53:jne,0x95d5f:je,0x95d97:jne,0x95db0:je,0x95ddb:je,0x95e19:jne,0x95e28:jne,0x95e67:jne,0x95e9c:jne,0x95ed1:jne,0x95f05:jne,0x95f4a:je,0x95f8f:jne,0x95fa8:je,0x95ff8:je,0x9601e:jne,0x9602a:jne,0x96059:jne,0x96065:jne,0x960ac:jne,0x960b8:jne,0x9610b:jne,0x96117:je,0x9613d:jne,0x96149:je,0x96193:jne,0x9619f:je,0x962d5:je,0x962e2:je
146	0x96407	578	0x96915	274	6	3	6	0x9657c:u16_3,0x966bd:b0,0x9684d:u16_1	0x96454:add:state0 + flags0;0x96461:xor:state0 + flags0 ^ 0x2e312e01;0x964ee:and:state0 + flags0 ^ 0x2e312e01 & flags0 & 0xa6d4251 ^ 0x409c2e61 + 0x7d882664;0x964fc:add:state0 + flags0 ^ 0x2e312e01 & flags0 & 0xa6d4251 ^ 0x409c2e61 + 0x7d882664 + 0x4a5b7e16;0x965f5:xor:state0 + flags0 ^ 0x2e312e01 & flags0 & 0xa6d4251 ^ 0x409c2e61 + 0x7d882664 + 0x4a5b7e16 ^ u16_3 + flags0 & 0xa6d4251 ^ 0x409c2e61;0x968d7:xor:state0 + flags0 ^ 0x2e312e01 & flags0 & 0xa6d4251 ^ 0x409c2e61 + 0x7d882664 + 0x4a5b7e16 ^ u16_3 + flags0 & 0xa6d4251 ^ 0x409c2e61 ^ u16_1 - state0 + flags0 ^ 0x2e312e01 & flags0 & 0xa6d4251 ^ 0x409c2e61 + 0x7d882664 + 0x4a5b7e16 ^ u16_3 + flags0 & 0xa6d4251 ^ 0x409c2e61 + 0x2cff1885	state0 + flags0 ^ 0x2e312e01 & flags0 & 0xa6d4251 ^ 0x409c2e61 + 0x7d882664 + 0x4a5b7e16 ^ u16_3 + flags0 & 0xa6d4251 ^ 0x409c2e61 ^ u16_1 - state0 + flags0 ^ 0x2e312e01 & flags0 & 0xa6d4251 ^ 0x409c2e61 + 0x7d882664 + 0x4a5b7e16 ^ u16_3 + flags0 & 0xa6d4251 ^ 0x409c2e61 + 0x2cff1885	0x964a1:and:flags0 & 0xa6d4251;0x964b0:xor:flags0 & 0xa6d4251 ^ 0x409c2e61;0x9662c:or:flags0 & 0xa6d4251 ^ 0x409c2e61 | 0x2cd55997	0x96428:je,0x96492:je,0x966c4:jne,0x966d3:jne,0x966f8:jne,0x9671d:jne
147	0x96918	0	0x96b6b	126	1	0	1	0x96a47:b0,0x96a97:u16_3,0x96af7:u16_1	0x96abd:add:state0 + flags0	state0 + flags0		0x96a53:je
148	0x96b6e	144	0x96eb1	183	1	0	5	0x96c18:u16_0,0x96c93:byte0,0x96d81:b2,0x96dc8:u16_0,0x96e19:u16_3	0x96be7:and:state0 & flags0	state0 & flags0		0x96c9a:jne,0x96ca8:jne,0x96cb7:jne,0x96cd9:jne,0x96d8c:je
149	0x96eb4	0	0x9730e	249	2	0	5	0x96ecf:u16_0,0x96ef4:u16_2,0x96feb:u16_0,0x97069:byte0,0x971d9:b4,0x97226:u16_0,0x9728b:u16_2	0x97198:xor:state0 ^ flags0 - 0xd8a75ef;0x972d5:sub:state0 ^ flags0 - 0xd8a75ef - u16_2 + 0x64a62ad2	state0 ^ flags0 - 0xd8a75ef - u16_2 + 0x64a62ad2		0x97070:jne,0x97085:jne,0x9709f:jne,0x970bf:jne,0x971e5:je
150	0x96f2a	0	0x9730e	213	2	0	5	0x96feb:u16_0,0x97069:byte0,0x971d9:b4,0x97226:u16_0,0x9728b:u16_2	0x97198:xor:state0 ^ flags0 - 0xd8a75ef;0x972d5:sub:state0 ^ flags0 - 0xd8a75ef - u16_2 + 0x64a62ad2	state0 ^ flags0 - 0xd8a75ef - u16_2 + 0x64a62ad2		0x97070:jne,0x97085:jne,0x9709f:jne,0x970bf:jne,0x971e5:je
151	0x97311	45	0x97689	198	2	0	5	0x973c3:u16_0,0x97444:byte0,0x97543:b2,0x97587:u16_0,0x975ef:u16_3	0x97514:add:state0 + flags0;0x97645:xor:state0 + flags0 ^ u16_3 + state0 + flags0 + 0x77236c60	state0 + flags0 ^ u16_3 + state0 + flags0 + 0x77236c60		0x9744b:jne,0x9746b:jne,0x97489:jne,0x9749f:jne,0x9754e:je
152	0x9768c	0	0x979a8	175	1	0	2	0x976b4:u16_9,0x976d0:u16_1,0x97723:u16_7,0x977bb:u16_9,0x977d3:u16_1,0x97843:b0,0x9788a:u16_3,0x97927:u16_5	0x97979:xor:state0 ^ u16_5 ^ state0	state0 ^ u16_5 ^ state0		0x977e8:je,0x9784f:je
153	0x979ab	10	0x97ce3	185	1	0	5	0x97a62:u16_2,0x97ae7:byte0,0x97ba0:b4,0x97bf5:u16_2,0x97c28:u16_2 + (Ptr(kind='frame', off=0)),0x97c74:u16_0	0x97cab:add:state0 + u16_0 - state0 ^ 0x6f642592	state0 + u16_0 - state0 ^ 0x6f642592		0x97aee:jne,0x97b04:jne,0x97b1b:jne,0x97b2d:jne,0x97bab:je
154	0x97ce6	2209	0x980a9	206	4	6	2	0x97db5:u16_2,0x97f25:byte0,0x97ff9:u16_0	0x97e44:sub:state0 - u16_2 ^ state0;0x97f35:sub:state0 - u16_2 ^ state0 - flags0 + 0x60c316f3 & 0x56154baf + 0xbc52893 & 0x57dbe69e | 0x7ed018fb;0x97f6e:add:state0 - u16_2 ^ state0 - flags0 + 0x60c316f3 & 0x56154baf + 0xbc52893 & 0x57dbe69e | 0x7ed018fb + flags0 + 0x60c316f3 & 0x56154baf + 0xbc52893 & 0x57dbe69e | 0x7ed018fb ^ 0x18426e67;0x9804f:sub:state0 - u16_2 ^ state0 - flags0 + 0x60c316f3 & 0x56154baf + 0xbc52893 & 0x57dbe69e | 0x7ed018fb + flags0 + 0x60c316f3 & 0x56154baf + 0xbc52893 & 0x57dbe69e | 0x7ed018fb ^ 0x18426e67 - u16_0 - state0 - u16_2 ^ state0 - flags0 + 0x60c316f3 & 0x56154baf + 0xbc52893 & 0x57dbe69e | 0x7ed018fb + flags0 + 0x60c316f3 & 0x56154baf + 0xbc52893 & 0x57dbe69e | 0x7ed018fb ^ 0x18426e67 - 0x6535d747	state0 - u16_2 ^ state0 - flags0 + 0x60c316f3 & 0x56154baf + 0xbc52893 & 0x57dbe69e | 0x7ed018fb + flags0 + 0x60c316f3 & 0x56154baf + 0xbc52893 & 0x57dbe69e | 0x7ed018fb ^ 0x18426e67 - u16_0 - state0 - u16_2 ^ state0 - flags0 + 0x60c316f3 & 0x56154baf + 0xbc52893 & 0x57dbe69e | 0x7ed018fb + flags0 + 0x60c316f3 & 0x56154baf + 0xbc52893 & 0x57dbe69e | 0x7ed018fb ^ 0x18426e67 - 0x6535d747	0x97d25:add:flags0 + 0x60c316f3;0x97d36:and:flags0 + 0x60c316f3 & 0x56154baf;0x97d68:add:flags0 + 0x60c316f3 & 0x56154baf + 0xbc52893;0x97d78:and:flags0 + 0x60c316f3 & 0x56154baf + 0xbc52893 & 0x57dbe69e;0x97e77:or:flags0 + 0x60c316f3 & 0x56154baf + 0xbc52893 & 0x57dbe69e | 0x7ed018fb;0x97f8e:and:flags0 + 0x60c316f3 & 0x56154baf + 0xbc52893 & 0x57dbe69e | 0x7ed018fb & state0 - u16_2 ^ state0 - flags0 + 0x60c316f3 & 0x56154baf + 0xbc52893 & 0x57dbe69e | 0x7ed018fb + flags0 + 0x60c316f3 & 0x56154baf + 0xbc52893 & 0x57dbe69e | 0x7ed018fb ^ 0x18426e67 & 0x7358a4cc	0x97d15:je,0x97d58:je
155	0x980ab	0	0x98351	152	1	0	1	0x98123:u16_0,0x98147:u16_4,0x98191:u16_6,0x9822f:u16_0,0x98246:u16_4,0x982cd:u16_2	0x9831d:or:state0 | u16_2 - 0x24797ebc	state0 | u16_2 - 0x24797ebc		0x9825b:je
156	0x98354	0	0x98a98	405	3	4	9	0x983e1:byte0,0x98471:byte0,0x984ab:byte0,0x98539:byte0,0x98724:byte0,0x98889:b4,0x98918:u16_0,0x989e3:u16_2	0x98533:add:state0 + 0x240c2129;0x9896b:or:state0 + 0x240c2129 | flags0 ^ 0x392b0561 ^ 0x7de2a785 + state0 ^ 0x661ea917 + 0x6aad9867 & 0x799af059;0x98a4a:xor:state0 + 0x240c2129 | flags0 ^ 0x392b0561 ^ 0x7de2a785 + state0 ^ 0x661ea917 + 0x6aad9867 & 0x799af059 ^ u16_2 + state0 + 0x240c2129 | flags0 ^ 0x392b0561 ^ 0x7de2a785 + state0 ^ 0x661ea917 + 0x6aad9867 & 0x799af059 - 0x2430893a	state0 + 0x240c2129 | flags0 ^ 0x392b0561 ^ 0x7de2a785 + state0 ^ 0x661ea917 + 0x6aad9867 & 0x799af059 ^ u16_2 + state0 + 0x240c2129 | flags0 ^ 0x392b0561 ^ 0x7de2a785 + state0 ^ 0x661ea917 + 0x6aad9867 & 0x799af059 - 0x2430893a	0x983bd:xor:flags0 ^ 0x392b0561;0x983ce:xor:flags0 ^ 0x392b0561 ^ 0x7de2a785;0x984d8:add:flags0 ^ 0x392b0561 ^ 0x7de2a785 + state0 ^ 0x661ea917;0x98633:add:flags0 ^ 0x392b0561 ^ 0x7de2a785 + state0 ^ 0x661ea917 + 0x6aad9867	0x98372:je,0x983ad:je,0x984fa:je,0x985c8:je,0x9872b:jne,0x98749:jne,0x98761:jne,0x98779:jne,0x988af:je
157	0x98a9a	14693	0x99026	293	5	11	7	0x98bd0:u16_2,0x98ea6:byte0,0x98f23:u16_0	0x98b21:xor:state0 ^ 0x2f4dfd84;0x98c64:add:state0 ^ 0x2f4dfd84 + u16_2;0x98d26:or:state0 ^ 0x2f4dfd84 + u16_2 | 0x1f5cd114;0x98d43:sub:state0 ^ 0x2f4dfd84 + u16_2 | 0x1f5cd114 - flags0 + 0x3f0d8c6a + 0x2832271c ^ 0x520e3305 & 0x7edaa354 ^ 0x68e1604d ^ 0x3d2638af & state0 ^ 0x2f4dfd84 + u16_2;0x98fba:xor:state0 ^ 0x2f4dfd84 + u16_2 | 0x1f5cd114 - flags0 + 0x3f0d8c6a + 0x2832271c ^ 0x520e3305 & 0x7edaa354 ^ 0x68e1604d ^ 0x3d2638af & state0 ^ 0x2f4dfd84 + u16_2 ^ u16_0 + state0 ^ 0x2f4dfd84 + u16_2 | 0x1f5cd114 - flags0 + 0x3f0d8c6a + 0x2832271c ^ 0x520e3305 & 0x7edaa354 ^ 0x68e1604d ^ 0x3d2638af & state0 ^ 0x2f4dfd84 + u16_2 ^ 0x17d39c9f	state0 ^ 0x2f4dfd84 + u16_2 | 0x1f5cd114 - flags0 + 0x3f0d8c6a + 0x2832271c ^ 0x520e3305 & 0x7edaa354 ^ 0x68e1604d ^ 0x3d2638af & state0 ^ 0x2f4dfd84 + u16_2 ^ u16_0 + state0 ^ 0x2f4dfd84 + u16_2 | 0x1f5cd114 - flags0 + 0x3f0d8c6a + 0x2832271c ^ 0x520e3305 & 0x7edaa354 ^ 0x68e1604d ^ 0x3d2638af & state0 ^ 0x2f4dfd84 + u16_2 ^ 0x17d39c9f	0x98ace:add:flags0 + 0x3f0d8c6a;0x98b0b:add:flags0 + 0x3f0d8c6a + 0x2832271c;0x98b1b:xor:flags0 + 0x3f0d8c6a + 0x2832271c ^ 0x520e3305;0x98b52:and:flags0 + 0x3f0d8c6a + 0x2832271c ^ 0x520e3305 & 0x7edaa354;0x98b62:xor:flags0 + 0x3f0d8c6a + 0x2832271c ^ 0x520e3305 & 0x7edaa354 ^ 0x68e1604d;0x98c99:xor:flags0 + 0x3f0d8c6a + 0x2832271c ^ 0x520e3305 & 0x7edaa354 ^ 0x68e1604d ^ 0x3d2638af;0x98d02:and:flags0 + 0x3f0d8c6a + 0x2832271c ^ 0x520e3305 & 0x7edaa354 ^ 0x68e1604d ^ 0x3d2638af & state0 ^ 0x2f4dfd84 + u16_2;0x98dc0:and:flags0 + 0x3f0d8c6a + 0x2832271c ^ 0x520e3305 & 0x7edaa354 ^ 0x68e1604d ^ 0x3d2638af & state0 ^ 0x2f4dfd84 + u16_2 & 0x60d377f3;0x98dd1:or:flags0 + 0x3f0d8c6a + 0x2832271c ^ 0x520e3305 & 0x7edaa354 ^ 0x68e1604d ^ 0x3d2638af & state0 ^ 0x2f4dfd84 + u16_2 & 0x60d377f3 | 0x16c8bc3;0x98e64:add:flags0 + 0x3f0d8c6a + 0x2832271c ^ 0x520e3305 & 0x7edaa354 ^ 0x68e1604d ^ 0x3d2638af & state0 ^ 0x2f4dfd84 + u16_2 & 0x60d377f3 | 0x16c8bc3 + 0x3c968e24;0x98e75:add:flags0 + 0x3f0d8c6a + 0x2832271c ^ 0x520e3305 & 0x7edaa354 ^ 0x68e1604d ^ 0x3d2638af & state0 ^ 0x2f4dfd84 + u16_2 & 0x60d377f3 | 0x16c8bc3 + 0x3c968e24 + 0x6fc3a660	0x98ab4:je,0x98afb:je,0x98b42:je,0x98d6b:je,0x98db0:je,0x98e31:je,0x98e54:je
158	0x99029	9432	0x992ca	149	5	1	2	0x990a9:byte0,0x990de:u16_0,0x9914f:byte0,0x99213:u16_2	0x9905b:xor:state0 ^ 0x1fbfc3f3;0x9912e:xor:state0 ^ 0x1fbfc3f3 ^ flags0 ^ 0x3c39b020 ^ 0x1f711c95;0x9913b:or:state0 ^ 0x1fbfc3f3 ^ flags0 ^ 0x3c39b020 ^ 0x1f711c95 | 0xfb6049e;0x99182:xor:state0 ^ 0x1fbfc3f3 ^ flags0 ^ 0x3c39b020 ^ 0x1f711c95 | 0xfb6049e ^ flags0 ^ 0x3c39b020;0x99281:add:state0 ^ 0x1fbfc3f3 ^ flags0 ^ 0x3c39b020 ^ 0x1f711c95 | 0xfb6049e ^ flags0 ^ 0x3c39b020 + u16_2 + state0 ^ 0x1fbfc3f3 ^ flags0 ^ 0x3c39b020 ^ 0x1f711c95 | 0xfb6049e ^ flags0 ^ 0x3c39b020 ^ 0x3ffdb46c	state0 ^ 0x1fbfc3f3 ^ flags0 ^ 0x3c39b020 ^ 0x1f711c95 | 0xfb6049e ^ flags0 ^ 0x3c39b020 + u16_2 + state0 ^ 0x1fbfc3f3 ^ flags0 ^ 0x3c39b020 ^ 0x1f711c95 | 0xfb6049e ^ flags0 ^ 0x3c39b020 ^ 0x3ffdb46c	0x9908b:xor:flags0 ^ 0x3c39b020	0x99071:je,0x990e7:jne
159	0x992cd	0	0x994cc	107	1	2	2	0x99326:u16_2,0x9933a:u16_0,0x99365:u16_6,0x993b6:u16_0,0x993ba:u16_2,0x993fc:byte0,0x99456:u16_4	0x9948b:add:state0 + u16_4 + state0	state0 + u16_4 + state0	0x9930a:and:flags0 & 0x2ae27572;0x99319:or:flags0 & 0x2ae27572 | 0x31bae4a4	0x992fb:je,0x993cb:je
160	0x994cf	5207	0x99757	143	5	1	6	0x99519:byte0,0x996a2:u16_0	0x99593:or:state0 | 0x67f1fed6;0x995e3:and:state0 | 0x67f1fed6 & 0x256c03d7;0x99613:or:state0 | 0x67f1fed6 & 0x256c03d7 | 0x72df8f7a;0x99637:and:state0 | 0x67f1fed6 & 0x256c03d7 | 0x72df8f7a & 0x5a1beb81;0x99716:or:state0 | 0x67f1fed6 & 0x256c03d7 | 0x72df8f7a & 0x5a1beb81 | u16_0 ^ state0 | 0x67f1fed6 & 0x256c03d7 | 0x72df8f7a & 0x5a1beb81 - 0x4cf19f11	state0 | 0x67f1fed6 & 0x256c03d7 | 0x72df8f7a & 0x5a1beb81 | u16_0 ^ state0 | 0x67f1fed6 & 0x256c03d7 | 0x72df8f7a & 0x5a1beb81 - 0x4cf19f11	0x995d1:sub:flags0 - 0x559d4d7b	0x99521:jne,0x9952e:jne,0x9953c:jne,0x99554:je,0x9956c:jne,0x995b7:je
161	0x9975a	9482	0x99b3a	216	1	4	3	0x997b4:byte0,0x99871:u16_2,0x99a65:u16_0	0x99975:or:state0 | 0x69145e52	state0 | 0x69145e52	0x9991a:xor:flags0 ^ 0x327a10ce;0x9995f:add:flags0 ^ 0x327a10ce + 0xb99ee49;0x9996f:or:flags0 ^ 0x327a10ce + 0xb99ee49 | 0x3aec080c;0x999b2:sub:flags0 ^ 0x327a10ce + 0xb99ee49 | 0x3aec080c - 0x2cb08b7a	0x99779:je,0x9988f:jne,0x9994f:je
162	0x99b3c	0	0x99e1e	161	2	0	2	0x99bcb:u16_7,0x99bef:u16_3,0x99c40:u16_5,0x99ca3:u16_7,0x99cc8:u16_3,0x99d41:b2,0x99d6e:u16_0,0x99dbf:u16_9	0x99d27:add:state0 + 0x490e5ce5;0x99df1:sub:state0 + 0x490e5ce5 - u16_9 + 0x2201cbef	state0 + 0x490e5ce5 - u16_9 + 0x2201cbef		0x99cd6:je,0x99d4c:je
163	0x99e21	0	0x9a249	241	3	0	5	0x99e3d:u16_0,0x99e63:u16_2,0x99fa0:u16_2,0x9a017:byte0,0x9a0c1:b4,0x9a113:u16_2,0x9a1e0:u16_0	0x9a178:sub:state0 - flags0 + 0x5d1cfd6;0x9a185:or:state0 - flags0 + 0x5d1cfd6 | 0x7c3f7914;0x9a21b:or:state0 - flags0 + 0x5d1cfd6 | 0x7c3f7914 | u16_0 ^ state0 - flags0 + 0x5d1cfd6 | 0x7c3f7914 - 0x51b094c3	state0 - flags0 + 0x5d1cfd6 | 0x7c3f7914 | u16_0 ^ state0 - flags0 + 0x5d1cfd6 | 0x7c3f7914 - 0x51b094c3		0x9a01f:jne,0x9a02e:jne,0x9a051:jne,0x9a066:jne,0x9a0cc:je
164	0x99e99	0	0x9a249	205	3	0	5	0x99fa0:u16_2,0x9a017:byte0,0x9a0c1:b4,0x9a113:u16_2,0x9a1e0:u16_0	0x9a178:sub:state0 - flags0 + 0x5d1cfd6;0x9a185:or:state0 - flags0 + 0x5d1cfd6 | 0x7c3f7914;0x9a21b:or:state0 - flags0 + 0x5d1cfd6 | 0x7c3f7914 | u16_0 ^ state0 - flags0 + 0x5d1cfd6 | 0x7c3f7914 - 0x51b094c3	state0 - flags0 + 0x5d1cfd6 | 0x7c3f7914 | u16_0 ^ state0 - flags0 + 0x5d1cfd6 | 0x7c3f7914 - 0x51b094c3		0x9a01f:jne,0x9a02e:jne,0x9a051:jne,0x9a066:jne,0x9a0cc:je
165	0x9a24c	1825	0x9a46b	111	2	1	0	0x9a39b:byte0,0x9a3d1:u16_0	0x9a276:mov:0x0;0x9a38e:xor:0x0	0x0	0x9a2c0:mov:0x0	
166	0x9a46e	0	0x9a8cf	249	8	3	0	0x9a619:u32_2,0x9a67d:u32_2 + state0 & 0x6ea7f6f2 | flags0 - state0 | 0x72ac0577 | state0 & 0x6ea7f6f2 & 0x4490e6ab ^ flags0 - state0 | 0x72ac0577 | state0 & 0x6ea7f6f2 & 0x4490e6ab,0x9a822:u16_0	0x9a4d6:and:state0 & 0x6ea7f6f2;0x9a514:or:state0 & 0x6ea7f6f2 | flags0 - state0 | 0x72ac0577 | state0 & 0x6ea7f6f2 & 0x4490e6ab;0x9a6ab:sub:state0 & 0x6ea7f6f2 | flags0 - state0 | 0x72ac0577 | state0 & 0x6ea7f6f2 & 0x4490e6ab - u32_2 + state0 & 0x6ea7f6f2 | flags0 - state0 | 0x72ac0577 | state0 & 0x6ea7f6f2 & 0x4490e6ab ^ flags0 - state0 | 0x72ac0577 | state0 & 0x6ea7f6f2 & 0x4490e6ab;0x9a76e:sub:state0 & 0x6ea7f6f2 | flags0 - state0 | 0x72ac0577 | state0 & 0x6ea7f6f2 & 0x4490e6ab - u32_2 + state0 & 0x6ea7f6f2 | flags0 - state0 | 0x72ac0577 | state0 & 0x6ea7f6f2 & 0x4490e6ab ^ flags0 - state0 | 0x72ac0577 | state0 & 0x6ea7f6f2 & 0x4490e6ab - flags0 - state0 | 0x72ac0577 | state0 & 0x6ea7f6f2 & 0x4490e6ab | 0x47cfdd0b;0x9a77a:sub:state0 & 0x6ea7f6f2 | flags0 - state0 | 0x72ac0577 | state0 & 0x6ea7f6f2 & 0x4490e6ab - u32_2 + state0 & 0x6ea7f6f2 | flags0 - state0 | 0x72ac0577 | state0 & 0x6ea7f6f2 & 0x4490e6ab ^ flags0 - state0 | 0x72ac0577 | state0 & 0x6ea7f6f2 & 0x4490e6ab - flags0 - state0 | 0x72ac0577 | state0 & 0x6ea7f6f2 & 0x4490e6ab | 0x47cfdd0b - 0x3eb35c34;0x9a7aa:add:state0 & 0x6ea7f6f2 | flags0 - state0 | 0x72ac0577 | state0 & 0x6ea7f6f2 & 0x4490e6ab - u32_2 + state0 & 0x6ea7f6f2 | flags0 - state0 | 0x72ac0577 | state0 & 0x6ea7f6f2 & 0x4490e6ab ^ flags0 - state0 | 0x72ac0577 | state0 & 0x6ea7f6f2 & 0x4490e6ab - flags0 - state0 | 0x72ac0577 | state0 & 0x6ea7f6f2 & 0x4490e6ab | 0x47cfdd0b - 0x3eb35c34 + flags0 - state0 | 0x72ac0577 | state0 & 0x6ea7f6f2 & 0x4490e6ab | 0x47cfdd0b;0x9a7c7:add:state0 & 0x6ea7f6f2 | flags0 - state0 | 0x72ac0577 | state0 & 0x6ea7f6f2 & 0x4490e6ab - u32_2 + state0 & 0x6ea7f6f2 | flags0 - state0 | 0x72ac0577 | state0 & 0x6ea7f6f2 & 0x4490e6ab ^ flags0 - state0 | 0x72ac0577 | state0 & 0x6ea7f6f2 & 0x4490e6ab - flags0 - state0 | 0x72ac0577 | state0 & 0x6ea7f6f2 & 0x4490e6ab | 0x47cfdd0b - 0x3eb35c34 + flags0 - state0 | 0x72ac0577 | state0 & 0x6ea7f6f2 & 0x4490e6ab | 0x47cfdd0b + flags0 - state0 | 0x72ac0577 | state0 & 0x6ea7f6f2 & 0x4490e6ab | 0x47cfdd0b;0x9a888:sub:state0 & 0x6ea7f6f2 | flags0 - state0 | 0x72ac0577 | state0 & 0x6ea7f6f2 & 0x4490e6ab - u32_2 + state0 & 0x6ea7f6f2 | flags0 - state0 | 0x72ac0577 | state0 & 0x6ea7f6f2 & 0x4490e6ab ^ flags0 - state0 | 0x72ac0577 | state0 & 0x6ea7f6f2 & 0x4490e6ab - flags0 - state0 | 0x72ac0577 | state0 & 0x6ea7f6f2 & 0x4490e6ab | 0x47cfdd0b - 0x3eb35c34 + flags0 - state0 | 0x72ac0577 | state0 & 0x6ea7f6f2 & 0x4490e6ab | 0x47cfdd0b + flags0 - state0 | 0x72ac0577 | state0 & 0x6ea7f6f2 & 0x4490e6ab | 0x47cfdd0b - u16_0 ^ state0 & 0x6ea7f6f2 | flags0 - state0 | 0x72ac0577 | state0 & 0x6ea7f6f2 & 0x4490e6ab - u32_2 + state0 & 0x6ea7f6f2 | flags0 - state0 | 0x72ac0577 | state0 & 0x6ea7f6f2 & 0x4490e6ab ^ flags0 - state0 | 0x72ac0577 | state0 & 0x6ea7f6f2 & 0x4490e6ab - flags0 - state0 | 0x72ac0577 | state0 & 0x6ea7f6f2 & 0x4490e6ab | 0x47cfdd0b - 0x3eb35c34 + flags0 - state0 | 0x72ac0577 | state0 & 0x6ea7f6f2 & 0x4490e6ab | 0x47cfdd0b + flags0 - state0 | 0x72ac0577 | state0 & 0x6ea7f6f2 & 0x4490e6ab | 0x47cfdd0b	state0 & 0x6ea7f6f2 | flags0 - state0 | 0x72ac0577 | state0 & 0x6ea7f6f2 & 0x4490e6ab - u32_2 + state0 & 0x6ea7f6f2 | flags0 - state0 | 0x72ac0577 | state0 & 0x6ea7f6f2 & 0x4490e6ab ^ flags0 - state0 | 0x72ac0577 | state0 & 0x6ea7f6f2 & 0x4490e6ab - flags0 - state0 | 0x72ac0577 | state0 & 0x6ea7f6f2 & 0x4490e6ab | 0x47cfdd0b - 0x3eb35c34 + flags0 - state0 | 0x72ac0577 | state0 & 0x6ea7f6f2 & 0x4490e6ab | 0x47cfdd0b + flags0 - state0 | 0x72ac0577 | state0 & 0x6ea7f6f2 & 0x4490e6ab | 0x47cfdd0b - u16_0 ^ state0 & 0x6ea7f6f2 | flags0 - state0 | 0x72ac0577 | state0 & 0x6ea7f6f2 & 0x4490e6ab - u32_2 + state0 & 0x6ea7f6f2 | flags0 - state0 | 0x72ac0577 | state0 & 0x6ea7f6f2 & 0x4490e6ab ^ flags0 - state0 | 0x72ac0577 | state0 & 0x6ea7f6f2 & 0x4490e6ab - flags0 - state0 | 0x72ac0577 | state0 & 0x6ea7f6f2 & 0x4490e6ab | 0x47cfdd0b - 0x3eb35c34 + flags0 - state0 | 0x72ac0577 | state0 & 0x6ea7f6f2 & 0x4490e6ab | 0x47cfdd0b + flags0 - state0 | 0x72ac0577 | state0 & 0x6ea7f6f2 & 0x4490e6ab | 0x47cfdd0b	0x9a4a3:sub:flags0 - state0 | 0x72ac0577;0x9a4fa:or:flags0 - state0 | 0x72ac0577 | state0 & 0x6ea7f6f2 & 0x4490e6ab;0x9a6ed:or:flags0 - state0 | 0x72ac0577 | state0 & 0x6ea7f6f2 & 0x4490e6ab | 0x47cfdd0b	
167	0x9a8d2	2509	0x9aa81	98	1	1	0	0x9a957:u16_2,0x9a979:u16_0,0x9aa0f:u16_4	0x9aa51:sub:state0 - u16_4 ^ state0 ^ 0x5f92615	state0 - u16_4 ^ state0 ^ 0x5f92615	0x9a98e:sub:flags0 - 0x69d75971	
168	0x9aa83	14368	0x9af16	246	3	9	6	0x9abf7:u16_0,0x9ae4a:u16_2	0x9ab11:or:state0 | 0x6899d5d4;0x9ac87:and:state0 | 0x6899d5d4 & u16_0 + flags0 & 0x66031b5e - 0x2eab70d9 ^ 0x7c2abc25 & 0x46cbe42d & 0x69af076d | 0x4ee70776;0x9aeba:and:state0 | 0x6899d5d4 & u16_0 + flags0 & 0x66031b5e - 0x2eab70d9 ^ 0x7c2abc25 & 0x46cbe42d & 0x69af076d | 0x4ee70776 & u16_2 + state0 | 0x6899d5d4 & u16_0 + flags0 & 0x66031b5e - 0x2eab70d9 ^ 0x7c2abc25 & 0x46cbe42d & 0x69af076d | 0x4ee70776 + 0x553030a2	state0 | 0x6899d5d4 & u16_0 + flags0 & 0x66031b5e - 0x2eab70d9 ^ 0x7c2abc25 & 0x46cbe42d & 0x69af076d | 0x4ee70776 & u16_2 + state0 | 0x6899d5d4 & u16_0 + flags0 & 0x66031b5e - 0x2eab70d9 ^ 0x7c2abc25 & 0x46cbe42d & 0x69af076d | 0x4ee70776 + 0x553030a2	0x9aaac:and:flags0 & 0x66031b5e;0x9aabd:sub:flags0 & 0x66031b5e - 0x2eab70d9;0x9aaed:xor:flags0 & 0x66031b5e - 0x2eab70d9 ^ 0x7c2abc25;0x9aafe:and:flags0 & 0x66031b5e - 0x2eab70d9 ^ 0x7c2abc25 & 0x46cbe42d;0x9ab3f:and:flags0 & 0x66031b5e - 0x2eab70d9 ^ 0x7c2abc25 & 0x46cbe42d & 0x69af076d;0x9ab50:or:flags0 & 0x66031b5e - 0x2eab70d9 ^ 0x7c2abc25 & 0x46cbe42d & 0x69af076d | 0x4ee70776;0x9acc1:add:flags0 & 0x66031b5e - 0x2eab70d9 ^ 0x7c2abc25 & 0x46cbe42d & 0x69af076d | 0x4ee70776 + 0x665b83da;0x9ad95:and:flags0 & 0x66031b5e - 0x2eab70d9 ^ 0x7c2abc25 & 0x46cbe42d & 0x69af076d | 0x4ee70776 + 0x665b83da & 0x6f276977;0x9ada6:sub:flags0 & 0x66031b5e - 0x2eab70d9 ^ 0x7c2abc25 & 0x46cbe42d & 0x69af076d | 0x4ee70776 + 0x665b83da & 0x6f276977 - 0x62cd6083	0x9aa9c:je,0x9aadd:je,0x9ab2f:je,0x9ab7f:je,0x9ad6a:je,0x9ad85:je
169	0x9af18	1796	0x9b0c5	88	2	1	0	0x9af62:byte0,0x9afe6:u16_2,0x9b060:u16_0	0x9af22:add:state0 + 0x18f09018;0x9af5a:sub:state0 + 0x18f09018 - 0x47a20f40	state0 + 0x18f09018 - 0x47a20f40	0x9af97:xor:flags0 ^ 0x3fd04ca8	
170	0x9b0c8	0	0x9b4b0	215	1	2	3	0x9b0ff:byte0,0x9b139:u16_9,0x9b13d:u16_3,0x9b1bc:u16_5,0x9b277:u16_3,0x9b2a2:u16_9,0x9b387:b0,0x9b3ea:u16_1,0x9b44b:u16_7	0x9b482:add:state0 + u16_7 + state0	state0 + u16_7 + state0	0x9b352:sub:flags0 - 0x5f9abfc8;0x9b37a:or:flags0 - 0x5f9abfc8 | 0x6c1cb79a	0x9b2ba:je,0x9b335:je,0x9b39d:je
171	0x9b4b3	2533	0x9b687	101	4	4	1	0x9b5fd:u16_0,0x9b600:u16_0	0x9b4bc:sub:state0 - 0x1d77a2ff;0x9b4cc:or:state0 - 0x1d77a2ff | 0x38ac2e54;0x9b50d:mov:0x0;0x9b576:add:0x0	0x0	0x9b4f0:add:flags0 + 0x72c4ba87;0x9b53c:mov:0x0;0x9b5a4:and:0x0 & 0x35efe488;0x9b5b4:add:0x0 & 0x35efe488 + 0x44a4d3f8	0x9b594:je
172	0x9b68a	12531	0x9ba72	218	4	3	1	0x9b824:u16_0,0x9b9ca:u16_2	0x9b7c5:xor:state0 ^ 0x7070916c;0x9b7d5:sub:state0 ^ 0x7070916c - 0x6ecee241;0x9b8a2:add:state0 ^ 0x7070916c - 0x6ecee241 + u16_0 ^ state0 ^ 0x7070916c - 0x6ecee241 ^ flags0 ^ 0x15bf847f & state0 | 0x3eba9edf;0x9ba15:or:state0 ^ 0x7070916c - 0x6ecee241 + u16_0 ^ state0 ^ 0x7070916c - 0x6ecee241 ^ flags0 ^ 0x15bf847f & state0 | 0x3eba9edf | u16_2 ^ 0x715f0a33	state0 ^ 0x7070916c - 0x6ecee241 + u16_0 ^ state0 ^ 0x7070916c - 0x6ecee241 ^ flags0 ^ 0x15bf847f & state0 | 0x3eba9edf | u16_2 ^ 0x715f0a33	0x9b77c:xor:flags0 ^ 0x15bf847f;0x9b7aa:and:flags0 ^ 0x15bf847f & state0 | 0x3eba9edf;0x9b8c0:or:flags0 ^ 0x15bf847f & state0 | 0x3eba9edf | 0x7bf184c4	0x9b76c:je
173	0x9ba74	5101	0x9bd8c	164	5	2	7	0x9bb43:byte0,0x9bc26:byte0,0x9bcb9:u16_0	0x9ba85:add:state0 + 0x5eced92d;0x9bad9:xor:state0 + 0x5eced92d ^ 0x456d7018;0x9bb34:or:state0 + 0x5eced92d ^ 0x456d7018 | 0xebbbd20;0x9bc16:and:state0 + 0x5eced92d ^ 0x456d7018 | 0xebbbd20 & flags0 - state0 + 0x5eced92d | 0x1f8bac4c & 0x74128b65;0x9bd50:and:state0 + 0x5eced92d ^ 0x456d7018 | 0xebbbd20 & flags0 - state0 + 0x5eced92d | 0x1f8bac4c & 0x74128b65 & u16_0 ^ state0 + 0x5eced92d ^ 0x456d7018 | 0xebbbd20 & flags0 - state0 + 0x5eced92d | 0x1f8bac4c & 0x74128b65 + 0x1f118051	state0 + 0x5eced92d ^ 0x456d7018 | 0xebbbd20 & flags0 - state0 + 0x5eced92d | 0x1f8bac4c & 0x74128b65 & u16_0 ^ state0 + 0x5eced92d ^ 0x456d7018 | 0xebbbd20 & flags0 - state0 + 0x5eced92d | 0x1f8bac4c & 0x74128b65 + 0x1f118051	0x9babb:sub:flags0 - state0 + 0x5eced92d | 0x1f8bac4c;0x9bac8:and:flags0 - state0 + 0x5eced92d | 0x1f8bac4c & 0x74128b65	0x9bb4a:jne,0x9bb57:jne,0x9bb65:jne,0x9bb7a:je,0x9bb91:jne,0x9bbb5:je,0x9bbfa:je
174	0x9bd8f	11742	0x9c08c	172	6	0	1	0x9be0f:byte0,0x9be9e:byte0,0x9becc:byte0,0x9bf05:u16_2,0x9bfae:u16_0	0x9bda5:sub:state0 - flags0;0x9be01:and:state0 - flags0 & flags0;0x9be52:xor:state0 - flags0 & flags0 ^ flags0;0x9be7a:add:state0 - flags0 & flags0 ^ flags0 + flags0;0x9becf:xor:state0 - flags0 & flags0 ^ flags0 + flags0 ^ 0x5fa9d2b1;0x9c02c:or:state0 - flags0 & flags0 ^ flags0 + flags0 ^ 0x5fa9d2b1 | u16_0 + state0 - flags0 & flags0 ^ flags0 + flags0 ^ 0x5fa9d2b1 + 0x397fd954	state0 - flags0 & flags0 ^ flags0 + flags0 ^ 0x5fa9d2b1 | u16_0 + state0 - flags0 & flags0 ^ flags0 + flags0 ^ 0x5fa9d2b1 + 0x397fd954		0x9bf10:jne
175	0x9c08f	1	0x9c3f4	196	3	1	3	0x9c0aa:u32_0,0x9c0d5:u16_4,0x9c18c:byte0,0x9c1bd:u16_0,0x9c289:byte0,0x9c323:u16_2	0x9c16e:and:state0 & flags0;0x9c17f:and:state0 & flags0 & 0x2c46ace3;0x9c296:or:state0 & flags0 & 0x2c46ace3 | flags0 - 0x14b22a15	state0 & flags0 & 0x2c46ace3 | flags0 - 0x14b22a15	0x9c22f:sub:flags0 - 0x14b22a15	0x9c1c7:jne,0x9c215:je,0x9c25d:je
176	0x9c10b	10138	0x9c3f4	159	3	1	3	0x9c18c:byte0,0x9c1bd:u16_0,0x9c289:byte0,0x9c323:u16_2	0x9c16e:and:state0 & flags0;0x9c17f:and:state0 & flags0 & 0x2c46ace3;0x9c296:or:state0 & flags0 & 0x2c46ace3 | flags0 - 0x14b22a15	state0 & flags0 & 0x2c46ace3 | flags0 - 0x14b22a15	0x9c22f:sub:flags0 - 0x14b22a15	0x9c1c7:jne,0x9c215:je,0x9c25d:je
177	0x9c3f7	0	0x9c748	191	1	0	8	0x9c430:u16_3,0x9c468:b2,0x9c6c2:u16_0	0x9c6f6:sub:state0 - u16_0	state0 - u16_0		0x9c46f:jne,0x9c493:jne,0x9c4ef:jne,0x9c540:jne,0x9c56b:je,0x9c5bb:jne,0x9c5f3:jne,0x9c632:jne
178	0x9c74a	0	0x9ca8a	179	0	0	2	0x9c7b4:u16_9,0x9c7c1:u16_2,0x9c818:u16_0,0x9c8a3:u16_2,0x9c8cb:u16_9,0x9c96f:b6,0x9c9b5:u16_7,0x9c9c2:u16_0 + (Ptr(kind='frame', off=0)) & (Ptr(kind='frame', off=409)) ^ (r14),0x9ca04:u16_4		state0		0x9c8df:je,0x9c97a:je
179	0x9ca8d	737	0x9cf2f	259	3	2	6	0x9cba4:u16_3,0x9cd21:b0,0x9ce71:u16_1	0x9cb1c:or:state0 | flags0;0x9cc89:xor:state0 | flags0 ^ u16_3 ^ flags0 + 0x7ef33dc5;0x9cee7:xor:state0 | flags0 ^ u16_3 ^ flags0 + 0x7ef33dc5 ^ u16_1 - state0 | flags0 ^ u16_3 ^ flags0 + 0x7ef33dc5 - 0x263c3887	state0 | flags0 ^ u16_3 ^ flags0 + 0x7ef33dc5 ^ u16_1 - state0 | flags0 ^ u16_3 ^ flags0 + 0x7ef33dc5 - 0x263c3887	0x9cb5d:add:flags0 + 0x7ef33dc5;0x9cca8:and:flags0 + 0x7ef33dc5 & 0x7f151ac8	0x9cad3:je,0x9cc3c:je,0x9cd28:jne,0x9cd50:jne,0x9cd62:jne,0x9cd9f:jne
180	0x9cf32	1848	0x9d13d	110	1	2	2	0x9cf3c:byte0,0x9cf8d:u16_2,0x9d087:u16_0	0x9d0f6:or:state0 | u16_0 + 0x7920fa05	state0 | u16_0 + 0x7920fa05	0x9cfee:add:flags0 + 0x3f2841fb;0x9d03a:add:flags0 + 0x3f2841fb + state0 ^ 0x417a1c15	0x9cfd4:je,0x9cffa:je
181	0x9d13f	1407	0x9d24a	58	1	0	0	0x9d17b:u16_0,0x9d17f:u16_2,0x9d1ce:u16_4	0x9d210:sub:state0 - u16_4 - state0	state0 - u16_4 - state0		
182	0x9d24c	0	0x9d492	117	1	2	2	0x9d2e9:u16_2,0x9d31f:u16_6,0x9d364:u16_0,0x9d3f0:u16_4	0x9d453:sub:state0 - u16_4 ^ 0x4174ae3e	state0 - u16_4 ^ 0x4174ae3e	0x9d2c0:xor:flags0 ^ 0x605d6198;0x9d2db:sub:flags0 ^ 0x605d6198 - 0x9fc7504	0x9d2b0:je,0x9d387:je
183	0x9d495	2326	0x9d692	105	3	2	1	0x9d4fa:u16_0,0x9d5cb:u16_2	0x9d522:add:state0 + 0xfaa325c;0x9d533:xor:state0 + 0xfaa325c ^ 0x694e1f66;0x9d62d:or:state0 + 0xfaa325c ^ 0x694e1f66 | u16_2 - state0 + 0xfaa325c ^ 0x694e1f66 - 0x1aed554c	state0 + 0xfaa325c ^ 0x694e1f66 | u16_2 - state0 + 0xfaa325c ^ 0x694e1f66 - 0x1aed554c	0x9d566:or:flags0 | 0x53ed8227;0x9d577:xor:flags0 | 0x53ed8227 ^ 0x7f548109	0x9d556:je
184	0x9d694	12094	0x9d961	154	7	1	1	0x9d6d1:byte0,0x9d704:u16_2,0x9d7aa:byte0,0x9d84a:u16_0	0x9d6b2:or:state0 | flags0 | 0x19d0d4d;0x9d6c2:add:state0 | flags0 | 0x19d0d4d + 0x3c030b15;0x9d76b:xor:state0 | flags0 | 0x19d0d4d + 0x3c030b15 ^ flags0 + 0x7db9efb0;0x9d791:xor:state0 | flags0 | 0x19d0d4d + 0x3c030b15 ^ flags0 + 0x7db9efb0 ^ flags0;0x9d7d1:sub:state0 | flags0 | 0x19d0d4d + 0x3c030b15 ^ flags0 + 0x7db9efb0 ^ flags0 - flags0;0x9d7eb:xor:state0 | flags0 | 0x19d0d4d + 0x3c030b15 ^ flags0 + 0x7db9efb0 ^ flags0 - flags0 ^ flags0;0x9d8fd:add:state0 | flags0 | 0x19d0d4d + 0x3c030b15 ^ flags0 + 0x7db9efb0 ^ flags0 - flags0 ^ flags0 + u16_0 - state0 | flags0 | 0x19d0d4d + 0x3c030b15 ^ flags0 + 0x7db9efb0 ^ flags0 - flags0 ^ flags0 + 0x3f05b2f0	state0 | flags0 | 0x19d0d4d + 0x3c030b15 ^ flags0 + 0x7db9efb0 ^ flags0 - flags0 ^ flags0 + u16_0 - state0 | flags0 | 0x19d0d4d + 0x3c030b15 ^ flags0 + 0x7db9efb0 ^ flags0 - flags0 ^ flags0 + 0x3f05b2f0	0x9d80c:and:flags0 & state0 | flags0 | 0x19d0d4d + 0x3c030b15 ^ flags0 + 0x7db9efb0 ^ flags0 - flags0 ^ flags0 & 0x54b71e92	0x9d710:jne
185	0x9d964	21620	0x9dcab	173	5	5	4	0x9d99f:b2,0x9da18:b2,0x9dbae:byte0,0x9dc18:u16_0	0x9da5f:xor:state0 ^ flags0 | 0x17e55682;0x9da76:xor:state0 ^ flags0 | 0x17e55682 ^ 0x2000c224;0x9db24:and:state0 ^ flags0 | 0x17e55682 ^ 0x2000c224 & 0x1f29f35;0x9dba1:add:state0 ^ flags0 | 0x17e55682 ^ 0x2000c224 & 0x1f29f35 + flags0 | 0x17e55682 + 0x28030c24 ^ 0x30d03eec | 0x7fa981a ^ 0x5ea8d1c5;0x9dc75:or:state0 ^ flags0 | 0x17e55682 ^ 0x2000c224 & 0x1f29f35 + flags0 | 0x17e55682 + 0x28030c24 ^ 0x30d03eec | 0x7fa981a ^ 0x5ea8d1c5 | u16_0 ^ state0 ^ flags0 | 0x17e55682 ^ 0x2000c224 & 0x1f29f35 + flags0 | 0x17e55682 + 0x28030c24 ^ 0x30d03eec | 0x7fa981a ^ 0x5ea8d1c5	state0 ^ flags0 | 0x17e55682 ^ 0x2000c224 & 0x1f29f35 + flags0 | 0x17e55682 + 0x28030c24 ^ 0x30d03eec | 0x7fa981a ^ 0x5ea8d1c5 | u16_0 ^ state0 ^ flags0 | 0x17e55682 ^ 0x2000c224 & 0x1f29f35 + flags0 | 0x17e55682 + 0x28030c24 ^ 0x30d03eec | 0x7fa981a ^ 0x5ea8d1c5	0x9da22:or:flags0 | 0x17e55682;0x9da9d:add:flags0 | 0x17e55682 + 0x28030c24;0x9daad:xor:flags0 | 0x17e55682 + 0x28030c24 ^ 0x30d03eec;0x9dade:or:flags0 | 0x17e55682 + 0x28030c24 ^ 0x30d03eec | 0x7fa981a;0x9daee:xor:flags0 | 0x17e55682 + 0x28030c24 ^ 0x30d03eec | 0x7fa981a ^ 0x5ea8d1c5	0x9da8d:je,0x9dace:je,0x9db05:je,0x9db82:je
186	0x9dcae	50	0x9e07a	206	1	2	6	0x9dd79:u16_1,0x9de18:byte0,0x9df11:b0,0x9df73:u16_1,0x9dff9:u16_3	0x9e03e:and:state0 & u16_3 + state0 + 0x72198f10	state0 & u16_3 + state0 + 0x72198f10	0x9dce5:and:flags0 & 0x2dc3128f;0x9dcf7:add:flags0 & 0x2dc3128f + 0x6176101	0x9dcd5:je,0x9de1f:jne,0x9de2e:jne,0x9de4c:jne,0x9de68:jne,0x9df1c:je
187	0x9e07d	5	0x9e333	159	1	0	5	0x9e136:u16_1,0x9e153:byte0,0x9e22f:b0,0x9e25f:u16_1,0x9e2ac:u16_3	0x9e2fb:add:state0 + u16_3 - state0	state0 + u16_3 - state0		0x9e15a:jne,0x9e173:jne,0x9e18c:jne,0x9e1a0:jne,0x9e23d:je
188	0x9e336	1	0x9e7ac	246	5	0	6	0x9e35b:byte0,0x9e491:byte0,0x9e5b8:b4,0x9e5e4:u16_2,0x9e61f:byte0,0x9e6ea:u16_0	0x9e3e1:add:state0 + 0x2bd68549;0x9e568:add:state0 + 0x2bd68549 + flags0;0x9e5f8:sub:state0 + 0x2bd68549 + flags0 - 0x4a4532ca;0x9e622:add:state0 + 0x2bd68549 + flags0 - 0x4a4532ca + flags0;0x9e749:sub:state0 + 0x2bd68549 + flags0 - 0x4a4532ca + flags0 - u16_0 ^ state0 + 0x2bd68549 + flags0 - 0x4a4532ca + flags0 + 0x62c32dd8	state0 + 0x2bd68549 + flags0 - 0x4a4532ca + flags0 - u16_0 ^ state0 + 0x2bd68549 + flags0 - 0x4a4532ca + flags0 + 0x62c32dd8		0x9e498:jne,0x9e4b6:jne,0x9e4cb:jne,0x9e4eb:jne,0x9e5c3:je,0x9e64e:je
189	0x9e7af	25112	0x9eac9	175	2	4	3	0x9e7d0:u16_0,0x9e8a2:byte0,0x9e9fb:u16_2	0x9e8b9:and:state0 & 0x160e4f34;0x9ea69:add:state0 & 0x160e4f34 + u16_2 + state0 & 0x160e4f34 ^ 0x2a1ce984	state0 & 0x160e4f34 + u16_2 + state0 & 0x160e4f34 ^ 0x2a1ce984	0x9e802:sub:flags0 - 0x10705ace;0x9e869:and:flags0 - 0x10705ace & 0x49036387;0x9e92d:and:flags0 - 0x10705ace & 0x49036387 & state0 & 0x160e4f34 | 0x1ca9af86;0x9e946:xor:flags0 - 0x10705ace & 0x49036387 & state0 & 0x160e4f34 | 0x1ca9af86 ^ 0x4ac58a82	0x9e84f:je,0x9e880:je,0x9e8d1:je
190	0x9eacb	224	0x9ede7	177	1	0	6	0x9eb85:u16_0,0x9ebf8:byte0,0x9ecca:b2,0x9ed04:u16_0,0x9ed6b:u16_3	0x9eda5:and:state0 & u16_3 + state0 + 0x20f4b909	state0 & u16_3 + state0 + 0x20f4b909		0x9eae9:je,0x9ebff:jne,0x9ec18:jne,0x9ec2d:jne,0x9ec3b:jne,0x9ecd6:je
191	0x9ede9	0	0x9f007	111	2	0	1	0x9eeee:b4,0x9ef46:u16_0,0x9ef93:u16_2	0x9ee06:xor:state0 ^ 0x41c37245;0x9efd8:add:state0 ^ 0x41c37245 + u16_2 - state0 ^ 0x41c37245 ^ 0x5e6d2a06	state0 ^ 0x41c37245 + u16_2 - state0 ^ 0x41c37245 ^ 0x5e6d2a06		0x9eef9:je
192	0x9f00a	2339	0x9f779	412	4	5	7	0x9f211:byte0,0x9f2a1:byte0,0x9f3dc:byte0,0x9f457:byte0,0x9f4ec:b4,0x9f591:u16_2,0x9f674:u16_0	0x9f021:add:state0 + flags0;0x9f3b8:add:state0 + flags0 + flags0 + state0 + flags0 ^ 0x5d641cd7 | 0x76a1e6e7 ^ 0x1ea5bfdc & 0x4f4379b7 | 0x563159ce;0x9f617:add:state0 + flags0 + flags0 + state0 + flags0 ^ 0x5d641cd7 | 0x76a1e6e7 ^ 0x1ea5bfdc & 0x4f4379b7 | 0x563159ce + flags0 + state0 + flags0 ^ 0x5d641cd7 | 0x76a1e6e7 ^ 0x1ea5bfdc & 0x4f4379b7 | 0x563159ce;0x9f730:sub:state0 + flags0 + flags0 + state0 + flags0 ^ 0x5d641cd7 | 0x76a1e6e7 ^ 0x1ea5bfdc & 0x4f4379b7 | 0x563159ce + flags0 + state0 + flags0 ^ 0x5d641cd7 | 0x76a1e6e7 ^ 0x1ea5bfdc & 0x4f4379b7 | 0x563159ce - u16_0 ^ state0 + flags0 + flags0 + state0 + flags0 ^ 0x5d641cd7 | 0x76a1e6e7 ^ 0x1ea5bfdc & 0x4f4379b7 | 0x563159ce + flags0 + state0 + flags0 ^ 0x5d641cd7 | 0x76a1e6e7 ^ 0x1ea5bfdc & 0x4f4379b7 | 0x563159ce	state0 + flags0 + flags0 + state0 + flags0 ^ 0x5d641cd7 | 0x76a1e6e7 ^ 0x1ea5bfdc & 0x4f4379b7 | 0x563159ce + flags0 + state0 + flags0 ^ 0x5d641cd7 | 0x76a1e6e7 ^ 0x1ea5bfdc & 0x4f4379b7 | 0x563159ce - u16_0 ^ state0 + flags0 + flags0 + state0 + flags0 ^ 0x5d641cd7 | 0x76a1e6e7 ^ 0x1ea5bfdc & 0x4f4379b7 | 0x563159ce + flags0 + state0 + flags0 ^ 0x5d641cd7 | 0x76a1e6e7 ^ 0x1ea5bfdc & 0x4f4379b7 | 0x563159ce	0x9f09e:add:flags0 + state0 + flags0 ^ 0x5d641cd7;0x9f0d6:or:flags0 + state0 + flags0 ^ 0x5d641cd7 | 0x76a1e6e7;0x9f0e7:xor:flags0 + state0 + flags0 ^ 0x5d641cd7 | 0x76a1e6e7 ^ 0x1ea5bfdc;0x9f172:and:flags0 + state0 + flags0 ^ 0x5d641cd7 | 0x76a1e6e7 ^ 0x1ea5bfdc & 0x4f4379b7;0x9f181:or:flags0 + state0 + flags0 ^ 0x5d641cd7 | 0x76a1e6e7 ^ 0x1ea5bfdc & 0x4f4379b7 | 0x563159ce	0x9f0c6:je,0x9f163:je,0x9f2a8:jne,0x9f2ce:jne,0x9f2ea:jne,0x9f309:jne,0x9f512:je
193	0x9f77c	0	0x9faa2	169	3	0	1	0x9f7e0:u16_3,0x9f84f:u16_7,0x9f8d3:u16_0,0x9f96e:u16_3,0x9f9a1:u16_7,0x9fa0a:u16_5	0x9f7a8:xor:state0 ^ flags0;0x9f88a:xor:state0 ^ flags0 ^ 0xd9682ba;0x9fa75:xor:state0 ^ flags0 ^ 0xd9682ba ^ u16_5 - state0 ^ flags0 ^ 0xd9682ba - 0x1aead89a	state0 ^ flags0 ^ 0xd9682ba ^ u16_5 - state0 ^ flags0 ^ 0xd9682ba - 0x1aead89a		0x9f9af:je
194	0x9faa4	0	0xa0068	330	7	6	2	0x9fabf:u16_6,0x9fae6:u16_4,0x9fb12:u32_0,0x9fb6b:u32_0,0x9fb96:u16_4,0x9fc34:u16_0,0x9fe55:byte0,0x9fe91:byte0,0x9ffa2:u16_2	0x9fbd7:or:state0 | 0x52e5924a;0x9fe36:add:state0 | 0x52e5924a + flags0 | 0x4083ed99 & state0 | 0x52e5924a ^ 0x20047816 & 0x7ca762c5 - 0x5ff2f608 + 0x789b1461;0x9fe43:add:state0 | 0x52e5924a + flags0 | 0x4083ed99 & state0 | 0x52e5924a ^ 0x20047816 & 0x7ca762c5 - 0x5ff2f608 + 0x789b1461 + 0x37b5a024;0x9fe9d:add:state0 | 0x52e5924a + flags0 | 0x4083ed99 & state0 | 0x52e5924a ^ 0x20047816 & 0x7ca762c5 - 0x5ff2f608 + 0x789b1461 + 0x37b5a024 + 0x2e12e35a;0x9fec4:xor:state0 | 0x52e5924a + flags0 | 0x4083ed99 & state0 | 0x52e5924a ^ 0x20047816 & 0x7ca762c5 - 0x5ff2f608 + 0x789b1461 + 0x37b5a024 + 0x2e12e35a ^ 0x44fb7fdb;0x9ff19:add:state0 | 0x52e5924a + flags0 | 0x4083ed99 & state0 | 0x52e5924a ^ 0x20047816 & 0x7ca762c5 - 0x5ff2f608 + 0x789b1461 + 0x37b5a024 + 0x2e12e35a ^ 0x44fb7fdb + flags0 | 0x4083ed99 & state0 | 0x52e5924a ^ 0x20047816 & 0x7ca762c5 - 0x5ff2f608 + 0x789b1461 + 0x32c4b127;0x9ff29:and:state0 | 0x52e5924a + flags0 | 0x4083ed99 & state0 | 0x52e5924a ^ 0x20047816 & 0x7ca762c5 - 0x5ff2f608 + 0x789b1461 + 0x37b5a024 + 0x2e12e35a ^ 0x44fb7fdb + flags0 | 0x4083ed99 & state0 | 0x52e5924a ^ 0x20047816 & 0x7ca762c5 - 0x5ff2f608 + 0x789b1461 + 0x32c4b127 & 0x7c737923	state0 | 0x52e5924a + flags0 | 0x4083ed99 & state0 | 0x52e5924a ^ 0x20047816 & 0x7ca762c5 - 0x5ff2f608 + 0x789b1461 + 0x37b5a024 + 0x2e12e35a ^ 0x44fb7fdb + flags0 | 0x4083ed99 & state0 | 0x52e5924a ^ 0x20047816 & 0x7ca762c5 - 0x5ff2f608 + 0x789b1461 + 0x32c4b127 & 0x7c737923	0x9fcff:or:flags0 | 0x4083ed99;0x9fdae:and:flags0 | 0x4083ed99 & state0 | 0x52e5924a ^ 0x20047816;0x9fdbb:and:flags0 | 0x4083ed99 & state0 | 0x52e5924a ^ 0x20047816 & 0x7ca762c5;0x9fe05:sub:flags0 | 0x4083ed99 & state0 | 0x52e5924a ^ 0x20047816 & 0x7ca762c5 - 0x5ff2f608;0x9fe17:add:flags0 | 0x4083ed99 & state0 | 0x52e5924a ^ 0x20047816 & 0x7ca762c5 - 0x5ff2f608 + 0x789b1461;0x9fe81:add:flags0 | 0x4083ed99 & state0 | 0x52e5924a ^ 0x20047816 & 0x7ca762c5 - 0x5ff2f608 + 0x789b1461 + 0x32c4b127	0x9fd8f:je,0x9fdf5:je
195	0x9fb50	3	0xa0068	282	7	6	2	0x9fb6b:u32_0,0x9fb96:u16_4,0x9fc34:u16_0,0x9fe55:byte0,0x9fe91:byte0,0x9ffa2:u16_2	0x9fbd7:or:state0 | 0x52e5924a;0x9fe36:add:state0 | 0x52e5924a + flags0 | 0x4083ed99 & state0 | 0x52e5924a ^ 0x20047816 & 0x7ca762c5 - 0x5ff2f608 + 0x789b1461;0x9fe43:add:state0 | 0x52e5924a + flags0 | 0x4083ed99 & state0 | 0x52e5924a ^ 0x20047816 & 0x7ca762c5 - 0x5ff2f608 + 0x789b1461 + 0x37b5a024;0x9fe9d:add:state0 | 0x52e5924a + flags0 | 0x4083ed99 & state0 | 0x52e5924a ^ 0x20047816 & 0x7ca762c5 - 0x5ff2f608 + 0x789b1461 + 0x37b5a024 + 0x2e12e35a;0x9fec4:xor:state0 | 0x52e5924a + flags0 | 0x4083ed99 & state0 | 0x52e5924a ^ 0x20047816 & 0x7ca762c5 - 0x5ff2f608 + 0x789b1461 + 0x37b5a024 + 0x2e12e35a ^ 0x44fb7fdb;0x9ff19:add:state0 | 0x52e5924a + flags0 | 0x4083ed99 & state0 | 0x52e5924a ^ 0x20047816 & 0x7ca762c5 - 0x5ff2f608 + 0x789b1461 + 0x37b5a024 + 0x2e12e35a ^ 0x44fb7fdb + flags0 | 0x4083ed99 & state0 | 0x52e5924a ^ 0x20047816 & 0x7ca762c5 - 0x5ff2f608 + 0x789b1461 + 0x32c4b127;0x9ff29:and:state0 | 0x52e5924a + flags0 | 0x4083ed99 & state0 | 0x52e5924a ^ 0x20047816 & 0x7ca762c5 - 0x5ff2f608 + 0x789b1461 + 0x37b5a024 + 0x2e12e35a ^ 0x44fb7fdb + flags0 | 0x4083ed99 & state0 | 0x52e5924a ^ 0x20047816 & 0x7ca762c5 - 0x5ff2f608 + 0x789b1461 + 0x32c4b127 & 0x7c737923	state0 | 0x52e5924a + flags0 | 0x4083ed99 & state0 | 0x52e5924a ^ 0x20047816 & 0x7ca762c5 - 0x5ff2f608 + 0x789b1461 + 0x37b5a024 + 0x2e12e35a ^ 0x44fb7fdb + flags0 | 0x4083ed99 & state0 | 0x52e5924a ^ 0x20047816 & 0x7ca762c5 - 0x5ff2f608 + 0x789b1461 + 0x32c4b127 & 0x7c737923	0x9fcff:or:flags0 | 0x4083ed99;0x9fdae:and:flags0 | 0x4083ed99 & state0 | 0x52e5924a ^ 0x20047816;0x9fdbb:and:flags0 | 0x4083ed99 & state0 | 0x52e5924a ^ 0x20047816 & 0x7ca762c5;0x9fe05:sub:flags0 | 0x4083ed99 & state0 | 0x52e5924a ^ 0x20047816 & 0x7ca762c5 - 0x5ff2f608;0x9fe17:add:flags0 | 0x4083ed99 & state0 | 0x52e5924a ^ 0x20047816 & 0x7ca762c5 - 0x5ff2f608 + 0x789b1461;0x9fe81:add:flags0 | 0x4083ed99 & state0 | 0x52e5924a ^ 0x20047816 & 0x7ca762c5 - 0x5ff2f608 + 0x789b1461 + 0x32c4b127	0x9fd8f:je,0x9fdf5:je
196	0x9fbcd	14371	0xa0068	245	7	6	2	0x9fc34:u16_0,0x9fe55:byte0,0x9fe91:byte0,0x9ffa2:u16_2	0x9fbd7:or:state0 | 0x52e5924a;0x9fe36:add:state0 | 0x52e5924a + flags0 | 0x4083ed99 & state0 | 0x52e5924a ^ 0x20047816 & 0x7ca762c5 - 0x5ff2f608 + 0x789b1461;0x9fe43:add:state0 | 0x52e5924a + flags0 | 0x4083ed99 & state0 | 0x52e5924a ^ 0x20047816 & 0x7ca762c5 - 0x5ff2f608 + 0x789b1461 + 0x37b5a024;0x9fe9d:add:state0 | 0x52e5924a + flags0 | 0x4083ed99 & state0 | 0x52e5924a ^ 0x20047816 & 0x7ca762c5 - 0x5ff2f608 + 0x789b1461 + 0x37b5a024 + 0x2e12e35a;0x9fec4:xor:state0 | 0x52e5924a + flags0 | 0x4083ed99 & state0 | 0x52e5924a ^ 0x20047816 & 0x7ca762c5 - 0x5ff2f608 + 0x789b1461 + 0x37b5a024 + 0x2e12e35a ^ 0x44fb7fdb;0x9ff19:add:state0 | 0x52e5924a + flags0 | 0x4083ed99 & state0 | 0x52e5924a ^ 0x20047816 & 0x7ca762c5 - 0x5ff2f608 + 0x789b1461 + 0x37b5a024 + 0x2e12e35a ^ 0x44fb7fdb + flags0 | 0x4083ed99 & state0 | 0x52e5924a ^ 0x20047816 & 0x7ca762c5 - 0x5ff2f608 + 0x789b1461 + 0x32c4b127;0x9ff29:and:state0 | 0x52e5924a + flags0 | 0x4083ed99 & state0 | 0x52e5924a ^ 0x20047816 & 0x7ca762c5 - 0x5ff2f608 + 0x789b1461 + 0x37b5a024 + 0x2e12e35a ^ 0x44fb7fdb + flags0 | 0x4083ed99 & state0 | 0x52e5924a ^ 0x20047816 & 0x7ca762c5 - 0x5ff2f608 + 0x789b1461 + 0x32c4b127 & 0x7c737923	state0 | 0x52e5924a + flags0 | 0x4083ed99 & state0 | 0x52e5924a ^ 0x20047816 & 0x7ca762c5 - 0x5ff2f608 + 0x789b1461 + 0x37b5a024 + 0x2e12e35a ^ 0x44fb7fdb + flags0 | 0x4083ed99 & state0 | 0x52e5924a ^ 0x20047816 & 0x7ca762c5 - 0x5ff2f608 + 0x789b1461 + 0x32c4b127 & 0x7c737923	0x9fcff:or:flags0 | 0x4083ed99;0x9fdae:and:flags0 | 0x4083ed99 & state0 | 0x52e5924a ^ 0x20047816;0x9fdbb:and:flags0 | 0x4083ed99 & state0 | 0x52e5924a ^ 0x20047816 & 0x7ca762c5;0x9fe05:sub:flags0 | 0x4083ed99 & state0 | 0x52e5924a ^ 0x20047816 & 0x7ca762c5 - 0x5ff2f608;0x9fe17:add:flags0 | 0x4083ed99 & state0 | 0x52e5924a ^ 0x20047816 & 0x7ca762c5 - 0x5ff2f608 + 0x789b1461;0x9fe81:add:flags0 | 0x4083ed99 & state0 | 0x52e5924a ^ 0x20047816 & 0x7ca762c5 - 0x5ff2f608 + 0x789b1461 + 0x32c4b127	0x9fd8f:je,0x9fdf5:je
197	0xa006b	0	0xa037b	170	1	0	8	0xa00b1:u16_0,0xa00e3:b4,0xa02fe:u16_2	0xa033d:sub:state0 - u16_2 ^ state0	state0 - u16_2 ^ state0		0xa00ea:jne,0xa011a:jne,0xa0165:jne,0xa01a4:jne,0xa01bd:je,0xa0203:jne,0xa021b:jne,0xa026b:jne
198	0xa037e	4955	0xa062e	148	4	1	6	0xa0405:byte0,0xa04a2:byte0,0xa057b:u16_0	0xa0408:add:state0 + flags0 - 0x5e173fc7;0xa0416:sub:state0 + flags0 - 0x5e173fc7 - 0x3cd02127;0xa0451:add:state0 + flags0 - 0x5e173fc7 - 0x3cd02127 + flags0 + 0x15b2dfa5;0xa05e3:sub:state0 + flags0 - 0x5e173fc7 - 0x3cd02127 + flags0 + 0x15b2dfa5 - u16_0 - state0 + flags0 - 0x5e173fc7 - 0x3cd02127 + flags0 + 0x15b2dfa5 ^ 0x3fe99379	state0 + flags0 - 0x5e173fc7 - 0x3cd02127 + flags0 + 0x15b2dfa5 - u16_0 - state0 + flags0 - 0x5e173fc7 - 0x3cd02127 + flags0 + 0x15b2dfa5 ^ 0x3fe99379	0xa0434:add:flags0 + 0x15b2dfa5	0xa0391:je,0xa04a9:jne,0xa04b6:jne,0xa04c4:jne,0xa04da:je,0xa04f1:jne
199	0xa0631	19641	0xa0a9c	237	4	7	4	0xa063e:byte0,0xa0708:b2,0xa08c7:byte0,0xa0a0e:u16_0	0xa07a1:add:state0 + b2 + flags0 ^ 0x7353b039 - 0x24d1328a;0xa0856:xor:state0 + b2 + flags0 ^ 0x7353b039 - 0x24d1328a ^ 0x7e708197;0xa0891:and:state0 + b2 + flags0 ^ 0x7353b039 - 0x24d1328a ^ 0x7e708197 & 0x20d5418;0xa08b8:add:state0 + b2 + flags0 ^ 0x7353b039 - 0x24d1328a ^ 0x7e708197 & 0x20d5418 + flags0 ^ 0x7353b039 - 0x24d1328a	state0 + b2 + flags0 ^ 0x7353b039 - 0x24d1328a ^ 0x7e708197 & 0x20d5418 + flags0 ^ 0x7353b039 - 0x24d1328a	0xa0686:xor:flags0 ^ 0x7353b039;0xa0698:sub:flags0 ^ 0x7353b039 - 0x24d1328a;0xa08d2:and:flags0 ^ 0x7353b039 - 0x24d1328a & 0x4705559f;0xa08f6:add:flags0 ^ 0x7353b039 - 0x24d1328a & 0x4705559f + 0x79865026;0xa0931:add:flags0 ^ 0x7353b039 - 0x24d1328a & 0x4705559f + 0x79865026 + 0x73a763f8;0xa0941:or:flags0 ^ 0x7353b039 - 0x24d1328a & 0x4705559f + 0x79865026 + 0x73a763f8 | 0x3383da68;0xa0995:and:flags0 ^ 0x7353b039 - 0x24d1328a & 0x4705559f + 0x79865026 + 0x73a763f8 | 0x3383da68 & 0x16833a14	0xa0676:je,0xa0921:je,0xa094b:je,0xa0985:je
200	0xa0a9e	1511	0xa0dc7	174	5	5	4	0xa0aa8:byte0,0xa0b70:byte0,0xa0c45:u32_0,0xa0d04:u16_4	0xa0ac2:add:state0 + flags0;0xa0b15:sub:state0 + flags0 - flags0 ^ 0x64193a1a;0xa0b7a:xor:state0 + flags0 - flags0 ^ 0x64193a1a ^ 0x227666a1;0xa0c67:add:state0 + flags0 - flags0 ^ 0x64193a1a ^ 0x227666a1 + u32_0 ^ flags0 & 0x21af07e | 0x54bd1bfe ^ 0x9ad7a2f ^ 0x5c24c721;0xa0d80:add:state0 + flags0 - flags0 ^ 0x64193a1a ^ 0x227666a1 + u32_0 ^ flags0 & 0x21af07e | 0x54bd1bfe ^ 0x9ad7a2f ^ 0x5c24c721 + u16_4	state0 + flags0 - flags0 ^ 0x64193a1a ^ 0x227666a1 + u32_0 ^ flags0 & 0x21af07e | 0x54bd1bfe ^ 0x9ad7a2f ^ 0x5c24c721 + u16_4	0xa0b4e:and:flags0 & 0x21af07e;0xa0b5d:or:flags0 & 0x21af07e | 0x54bd1bfe;0xa0bc1:xor:flags0 & 0x21af07e | 0x54bd1bfe ^ 0x9ad7a2f;0xa0c13:xor:flags0 & 0x21af07e | 0x54bd1bfe ^ 0x9ad7a2f ^ 0x5c24c721;0xa0c74:or:flags0 & 0x21af07e | 0x54bd1bfe ^ 0x9ad7a2f ^ 0x5c24c721 | 0x4c640cd2	0xa0ae2:je,0xa0b3f:je,0xa0bb1:je,0xa0bf9:je
201	0xa0dca	341	0xa13d3	329	10	3	8	0xa0e30:byte0,0xa10c6:byte0,0xa123f:b4,0xa126b:u16_0,0xa12e6:u16_2	0xa0de8:xor:state0 ^ flags0 ^ 0x1940e110;0xa0df5:xor:state0 ^ flags0 ^ 0x1940e110 ^ 0x5efd26e6;0xa0e12:and:state0 ^ flags0 ^ 0x1940e110 ^ 0x5efd26e6 & flags0;0xa0e22:xor:state0 ^ flags0 ^ 0x1940e110 ^ 0x5efd26e6 & flags0 ^ 0x71fea721;0xa0f6e:xor:state0 ^ flags0 ^ 0x1940e110 ^ 0x5efd26e6 & flags0 ^ 0x71fea721 ^ flags0 & 0x3f73d5c3;0xa0f7a:or:state0 ^ flags0 ^ 0x1940e110 ^ 0x5efd26e6 & flags0 ^ 0x71fea721 ^ flags0 & 0x3f73d5c3 | 0x4f2c497c;0xa1075:or:state0 ^ flags0 ^ 0x1940e110 ^ 0x5efd26e6 & flags0 ^ 0x71fea721 ^ flags0 & 0x3f73d5c3 | 0x4f2c497c | 0x6499103;0xa11ff:and:state0 ^ flags0 ^ 0x1940e110 ^ 0x5efd26e6 & flags0 ^ 0x71fea721 ^ flags0 & 0x3f73d5c3 | 0x4f2c497c | 0x6499103 & flags0 & state0 ^ flags0 ^ 0x1940e110 ^ 0x5efd26e6 & flags0 ^ 0x71fea721 ^ flags0 & 0x3f73d5c3 | 0x4f2c497c + 0x2daa0966 - 0x708b6fb1;0xa120c:sub:state0 ^ flags0 ^ 0x1940e110 ^ 0x5efd26e6 & flags0 ^ 0x71fea721 ^ flags0 & 0x3f73d5c3 | 0x4f2c497c | 0x6499103 & flags0 & state0 ^ flags0 ^ 0x1940e110 ^ 0x5efd26e6 & flags0 ^ 0x71fea721 ^ flags0 & 0x3f73d5c3 | 0x4f2c497c + 0x2daa0966 - 0x708b6fb1 - 0x7e894c58;0xa1369:sub:state0 ^ flags0 ^ 0x1940e110 ^ 0x5efd26e6 & flags0 ^ 0x71fea721 ^ flags0 & 0x3f73d5c3 | 0x4f2c497c | 0x6499103 & flags0 & state0 ^ flags0 ^ 0x1940e110 ^ 0x5efd26e6 & flags0 ^ 0x71fea721 ^ flags0 & 0x3f73d5c3 | 0x4f2c497c + 0x2daa0966 - 0x708b6fb1 - 0x7e894c58 - u16_2 - 0x289c039	state0 ^ flags0 ^ 0x1940e110 ^ 0x5efd26e6 & flags0 ^ 0x71fea721 ^ flags0 & 0x3f73d5c3 | 0x4f2c497c | 0x6499103 & flags0 & state0 ^ flags0 ^ 0x1940e110 ^ 0x5efd26e6 & flags0 ^ 0x71fea721 ^ flags0 & 0x3f73d5c3 | 0x4f2c497c + 0x2daa0966 - 0x708b6fb1 - 0x7e894c58 - u16_2 - 0x289c039	0xa0ffa:and:flags0 & state0 ^ flags0 ^ 0x1940e110 ^ 0x5efd26e6 & flags0 ^ 0x71fea721 ^ flags0 & 0x3f73d5c3 | 0x4f2c497c;0xa11a0:add:flags0 & state0 ^ flags0 ^ 0x1940e110 ^ 0x5efd26e6 & flags0 ^ 0x71fea721 ^ flags0 & 0x3f73d5c3 | 0x4f2c497c + 0x2daa0966;0xa11b1:sub:flags0 & state0 ^ flags0 ^ 0x1940e110 ^ 0x5efd26e6 & flags0 ^ 0x71fea721 ^ flags0 & 0x3f73d5c3 | 0x4f2c497c + 0x2daa0966 - 0x708b6fb1	0xa0f21:je,0xa0fa7:je,0xa10cd:jne,0xa10e7:jne,0xa10f6:jne,0xa1117:jne,0xa1190:je,0xa124a:je
202	0xa13d6	0	0xa1936	304	8	3	2	0xa13f1:u16_6,0xa1419:u16_4,0xa1445:u32_0,0xa155f:byte0,0xa162c:u16_2,0xa1802:byte0,0xa1890:u16_0	0xa14d8:sub:state0 - flags0 + 0x97da242;0xa1506:and:state0 - flags0 + 0x97da242 & flags0 + 0x97da242 ^ 0x370370f1;0xa1514:or:state0 - flags0 + 0x97da242 & flags0 + 0x97da242 ^ 0x370370f1 | 0x1f1759c;0xa17e3:or:state0 - flags0 + 0x97da242 & flags0 + 0x97da242 ^ 0x370370f1 | 0x1f1759c | flags0 + 0x97da242 & state0 - flags0 + 0x97da242 & flags0 + 0x97da242 ^ 0x370370f1 | 0x1f1759c & 0x71376753 + 0x2c217984 | 0x24d2add8;0xa17ef:and:state0 - flags0 + 0x97da242 & flags0 + 0x97da242 ^ 0x370370f1 | 0x1f1759c | flags0 + 0x97da242 & state0 - flags0 + 0x97da242 & flags0 + 0x97da242 ^ 0x370370f1 | 0x1f1759c & 0x71376753 + 0x2c217984 | 0x24d2add8 & 0x6ef19bee;0xa1820:sub:state0 - flags0 + 0x97da242 & flags0 + 0x97da242 ^ 0x370370f1 | 0x1f1759c | flags0 + 0x97da242 & state0 - flags0 + 0x97da242 & flags0 + 0x97da242 ^ 0x370370f1 | 0x1f1759c & 0x71376753 + 0x2c217984 | 0x24d2add8 & 0x6ef19bee - flags0 + 0x97da242 & state0 - flags0 + 0x97da242 & flags0 + 0x97da242 ^ 0x370370f1 | 0x1f1759c & 0x71376753 + 0x2c217984 - 0x32825086;0xa182e:sub:state0 - flags0 + 0x97da242 & flags0 + 0x97da242 ^ 0x370370f1 | 0x1f1759c | flags0 + 0x97da242 & state0 - flags0 + 0x97da242 & flags0 + 0x97da242 ^ 0x370370f1 | 0x1f1759c & 0x71376753 + 0x2c217984 | 0x24d2add8 & 0x6ef19bee - flags0 + 0x97da242 & state0 - flags0 + 0x97da242 & flags0 + 0x97da242 ^ 0x370370f1 | 0x1f1759c & 0x71376753 + 0x2c217984 - 0x32825086 - 0x1f5b0269;0xa18da:and:state0 - flags0 + 0x97da242 & flags0 + 0x97da242 ^ 0x370370f1 | 0x1f1759c | flags0 + 0x97da242 & state0 - flags0 + 0x97da242 & flags0 + 0x97da242 ^ 0x370370f1 | 0x1f1759c & 0x71376753 + 0x2c217984 | 0x24d2add8 & 0x6ef19bee - flags0 + 0x97da242 & state0 - flags0 + 0x97da242 & flags0 + 0x97da242 ^ 0x370370f1 | 0x1f1759c & 0x71376753 + 0x2c217984 - 0x32825086 - 0x1f5b0269 & u16_0 ^ 0x4ccb9807	state0 - flags0 + 0x97da242 & flags0 + 0x97da242 ^ 0x370370f1 | 0x1f1759c | flags0 + 0x97da242 & state0 - flags0 + 0x97da242 & flags0 + 0x97da242 ^ 0x370370f1 | 0x1f1759c & 0x71376753 + 0x2c217984 | 0x24d2add8 & 0x6ef19bee - flags0 + 0x97da242 & state0 - flags0 + 0x97da242 & flags0 + 0x97da242 ^ 0x370370f1 | 0x1f1759c & 0x71376753 + 0x2c217984 - 0x32825086 - 0x1f5b0269 & u16_0 ^ 0x4ccb9807	0xa14b9:add:flags0 + 0x97da242;0xa157e:and:flags0 + 0x97da242 & state0 - flags0 + 0x97da242 & flags0 + 0x97da242 ^ 0x370370f1 | 0x1f1759c & 0x71376753;0xa16ce:add:flags0 + 0x97da242 & state0 - flags0 + 0x97da242 & flags0 + 0x97da242 ^ 0x370370f1 | 0x1f1759c & 0x71376753 + 0x2c217984	0xa149f:je,0xa1781:je
203	0xa1484	9820	0xa1936	256	8	3	2	0xa155f:byte0,0xa162c:u16_2,0xa1802:byte0,0xa1890:u16_0	0xa14d8:sub:state0 - flags0 + 0x97da242;0xa1506:and:state0 - flags0 + 0x97da242 & flags0 + 0x97da242 ^ 0x370370f1;0xa1514:or:state0 - flags0 + 0x97da242 & flags0 + 0x97da242 ^ 0x370370f1 | 0x1f1759c;0xa17e3:or:state0 - flags0 + 0x97da242 & flags0 + 0x97da242 ^ 0x370370f1 | 0x1f1759c | flags0 + 0x97da242 & state0 - flags0 + 0x97da242 & flags0 + 0x97da242 ^ 0x370370f1 | 0x1f1759c & 0x71376753 + 0x2c217984 | 0x24d2add8;0xa17ef:and:state0 - flags0 + 0x97da242 & flags0 + 0x97da242 ^ 0x370370f1 | 0x1f1759c | flags0 + 0x97da242 & state0 - flags0 + 0x97da242 & flags0 + 0x97da242 ^ 0x370370f1 | 0x1f1759c & 0x71376753 + 0x2c217984 | 0x24d2add8 & 0x6ef19bee;0xa1820:sub:state0 - flags0 + 0x97da242 & flags0 + 0x97da242 ^ 0x370370f1 | 0x1f1759c | flags0 + 0x97da242 & state0 - flags0 + 0x97da242 & flags0 + 0x97da242 ^ 0x370370f1 | 0x1f1759c & 0x71376753 + 0x2c217984 | 0x24d2add8 & 0x6ef19bee - flags0 + 0x97da242 & state0 - flags0 + 0x97da242 & flags0 + 0x97da242 ^ 0x370370f1 | 0x1f1759c & 0x71376753 + 0x2c217984 - 0x32825086;0xa182e:sub:state0 - flags0 + 0x97da242 & flags0 + 0x97da242 ^ 0x370370f1 | 0x1f1759c | flags0 + 0x97da242 & state0 - flags0 + 0x97da242 & flags0 + 0x97da242 ^ 0x370370f1 | 0x1f1759c & 0x71376753 + 0x2c217984 | 0x24d2add8 & 0x6ef19bee - flags0 + 0x97da242 & state0 - flags0 + 0x97da242 & flags0 + 0x97da242 ^ 0x370370f1 | 0x1f1759c & 0x71376753 + 0x2c217984 - 0x32825086 - 0x1f5b0269;0xa18da:and:state0 - flags0 + 0x97da242 & flags0 + 0x97da242 ^ 0x370370f1 | 0x1f1759c | flags0 + 0x97da242 & state0 - flags0 + 0x97da242 & flags0 + 0x97da242 ^ 0x370370f1 | 0x1f1759c & 0x71376753 + 0x2c217984 | 0x24d2add8 & 0x6ef19bee - flags0 + 0x97da242 & state0 - flags0 + 0x97da242 & flags0 + 0x97da242 ^ 0x370370f1 | 0x1f1759c & 0x71376753 + 0x2c217984 - 0x32825086 - 0x1f5b0269 & u16_0 ^ 0x4ccb9807	state0 - flags0 + 0x97da242 & flags0 + 0x97da242 ^ 0x370370f1 | 0x1f1759c | flags0 + 0x97da242 & state0 - flags0 + 0x97da242 & flags0 + 0x97da242 ^ 0x370370f1 | 0x1f1759c & 0x71376753 + 0x2c217984 | 0x24d2add8 & 0x6ef19bee - flags0 + 0x97da242 & state0 - flags0 + 0x97da242 & flags0 + 0x97da242 ^ 0x370370f1 | 0x1f1759c & 0x71376753 + 0x2c217984 - 0x32825086 - 0x1f5b0269 & u16_0 ^ 0x4ccb9807	0xa14b9:add:flags0 + 0x97da242;0xa157e:and:flags0 + 0x97da242 & state0 - flags0 + 0x97da242 & flags0 + 0x97da242 ^ 0x370370f1 | 0x1f1759c & 0x71376753;0xa16ce:add:flags0 + 0x97da242 & state0 - flags0 + 0x97da242 & flags0 + 0x97da242 ^ 0x370370f1 | 0x1f1759c & 0x71376753 + 0x2c217984	0xa149f:je,0xa1781:je
204	0xa1939	0	0xa1a92	76	1	0	1	0xa194d:byte0,0xa198a:u16_2,0xa198f:u16_6,0xa19ba:u16_0,0xa1a20:u16_4	0xa1a55:xor:state0 ^ u16_4 - 0x452939b9	state0 ^ u16_4 - 0x452939b9		0xa19d5:je
205	0xa1a95	0	0xa1ecd	250	1	0	5	0xa1ab1:u16_6,0xa1ad7:u16_4,0xa1b01:u32_0,0xa1c1e:u16_1,0xa1c93:byte0,0xa1d56:b0,0xa1d92:u16_1,0xa1e42:u16_3	0xa1e9a:and:state0 & u16_3 + 0x79a60067	state0 & u16_3 + 0x79a60067		0xa1c9a:jne,0xa1cae:jne,0xa1cc0:jne,0xa1cd4:jne,0xa1d61:je
206	0xa1b3e	0	0xa1ecd	203	1	0	5	0xa1c1e:u16_1,0xa1c93:byte0,0xa1d56:b0,0xa1d92:u16_1,0xa1e42:u16_3	0xa1e9a:and:state0 & u16_3 + 0x79a60067	state0 & u16_3 + 0x79a60067		0xa1c9a:jne,0xa1cae:jne,0xa1cc0:jne,0xa1cd4:jne,0xa1d61:je
207	0xa1ecf	0	0xa235e	253	9	1	4	0xa1f48:byte0,0xa206f:u32_0,0xa2290:u16_4	0xa1f52:sub:state0 - flags0;0xa1f9e:sub:state0 - flags0 - flags0;0xa1fb8:and:state0 - flags0 - flags0 & flags0;0xa2004:and:state0 - flags0 - flags0 & flags0 & 0x5dbf06d2;0xa20ff:and:state0 - flags0 - flags0 & flags0 & 0x5dbf06d2 & u32_0 + flags0;0xa2155:xor:state0 - flags0 - flags0 & flags0 & 0x5dbf06d2 & u32_0 + flags0 ^ 0x2a95895d;0xa2177:xor:state0 - flags0 - flags0 & flags0 & 0x5dbf06d2 & u32_0 + flags0 ^ 0x2a95895d ^ 0x26d4cf3e;0xa21d5:or:state0 - flags0 - flags0 & flags0 & 0x5dbf06d2 & u32_0 + flags0 ^ 0x2a95895d ^ 0x26d4cf3e | flags0 ^ 0x4fbbd017;0xa22f6:sub:state0 - flags0 - flags0 & flags0 & 0x5dbf06d2 & u32_0 + flags0 ^ 0x2a95895d ^ 0x26d4cf3e | flags0 ^ 0x4fbbd017 - u16_4 - state0 - flags0 - flags0 & flags0 & 0x5dbf06d2 & u32_0 + flags0 ^ 0x2a95895d ^ 0x26d4cf3e | flags0 ^ 0x4fbbd017 ^ 0x75fbb160	state0 - flags0 - flags0 & flags0 & 0x5dbf06d2 & u32_0 + flags0 ^ 0x2a95895d ^ 0x26d4cf3e | flags0 ^ 0x4fbbd017 - u16_4 - state0 - flags0 - flags0 & flags0 & 0x5dbf06d2 & u32_0 + flags0 ^ 0x2a95895d ^ 0x26d4cf3e | flags0 ^ 0x4fbbd017 ^ 0x75fbb160	0xa21ad:xor:flags0 ^ 0x4fbbd017	0xa1ef1:je,0xa1f72:je,0xa1fcb:je,0xa219d:je
208	0xa2361	802	0xa2933	308	5	13	8	0xa2577:u16_1,0xa25a7:u16_1,0xa26d7:b0,0xa27c3:byte0,0xa284f:u16_3	0xa2476:add:state0 + flags0 - 0x24472eba ^ 0x60ff2036 + 0x7627b830 - 0x42fb6768 ^ state0 + 0x7ad87935 ^ 0x39b69246 ^ state0 | 0x7a909dc0 ^ 0x58abcfc7 | 0x1477a707;0xa24a6:sub:state0 + flags0 - 0x24472eba ^ 0x60ff2036 + 0x7627b830 - 0x42fb6768 ^ state0 + 0x7ad87935 ^ 0x39b69246 ^ state0 | 0x7a909dc0 ^ 0x58abcfc7 | 0x1477a707 - flags0 - 0x24472eba ^ 0x60ff2036 + 0x7627b830 - 0x42fb6768 ^ state0 + 0x7ad87935 ^ 0x39b69246 ^ state0 | 0x7a909dc0 ^ 0x58abcfc7;0xa24b6:or:state0 + flags0 - 0x24472eba ^ 0x60ff2036 + 0x7627b830 - 0x42fb6768 ^ state0 + 0x7ad87935 ^ 0x39b69246 ^ state0 | 0x7a909dc0 ^ 0x58abcfc7 | 0x1477a707 - flags0 - 0x24472eba ^ 0x60ff2036 + 0x7627b830 - 0x42fb6768 ^ state0 + 0x7ad87935 ^ 0x39b69246 ^ state0 | 0x7a909dc0 ^ 0x58abcfc7 | 0x72f7690f;0xa27e3:and:state0 + flags0 - 0x24472eba ^ 0x60ff2036 + 0x7627b830 - 0x42fb6768 ^ state0 + 0x7ad87935 ^ 0x39b69246 ^ state0 | 0x7a909dc0 ^ 0x58abcfc7 | 0x1477a707 - flags0 - 0x24472eba ^ 0x60ff2036 + 0x7627b830 - 0x42fb6768 ^ state0 + 0x7ad87935 ^ 0x39b69246 ^ state0 | 0x7a909dc0 ^ 0x58abcfc7 | 0x72f7690f & flags0 - 0x24472eba ^ 0x60ff2036 + 0x7627b830 - 0x42fb6768 ^ state0 + 0x7ad87935 ^ 0x39b69246 ^ state0 | 0x7a909dc0 ^ 0x58abcfc7 | 0x7be050b - 0x790391ce & 0x37c3d0a5 | 0x73f21f4d;0xa28d0:sub:state0 + flags0 - 0x24472eba ^ 0x60ff2036 + 0x7627b830 - 0x42fb6768 ^ state0 + 0x7ad87935 ^ 0x39b69246 ^ state0 | 0x7a909dc0 ^ 0x58abcfc7 | 0x1477a707 - flags0 - 0x24472eba ^ 0x60ff2036 + 0x7627b830 - 0x42fb6768 ^ state0 + 0x7ad87935 ^ 0x39b69246 ^ state0 | 0x7a909dc0 ^ 0x58abcfc7 | 0x72f7690f & flags0 - 0x24472eba ^ 0x60ff2036 + 0x7627b830 - 0x42fb6768 ^ state0 + 0x7ad87935 ^ 0x39b69246 ^ state0 | 0x7a909dc0 ^ 0x58abcfc7 | 0x7be050b - 0x790391ce & 0x37c3d0a5 | 0x73f21f4d - u16_3 - state0 + flags0 - 0x24472eba ^ 0x60ff2036 + 0x7627b830 - 0x42fb6768 ^ state0 + 0x7ad87935 ^ 0x39b69246 ^ state0 | 0x7a909dc0 ^ 0x58abcfc7 | 0x1477a707 - flags0 - 0x24472eba ^ 0x60ff2036 + 0x7627b830 - 0x42fb6768 ^ state0 + 0x7ad87935 ^ 0x39b69246 ^ state0 | 0x7a909dc0 ^ 0x58abcfc7 | 0x72f7690f & flags0 - 0x24472eba ^ 0x60ff2036 + 0x7627b830 - 0x42fb6768 ^ state0 + 0x7ad87935 ^ 0x39b69246 ^ state0 | 0x7a909dc0 ^ 0x58abcfc7 | 0x7be050b - 0x790391ce & 0x37c3d0a5 | 0x73f21f4d	state0 + flags0 - 0x24472eba ^ 0x60ff2036 + 0x7627b830 - 0x42fb6768 ^ state0 + 0x7ad87935 ^ 0x39b69246 ^ state0 | 0x7a909dc0 ^ 0x58abcfc7 | 0x1477a707 - flags0 - 0x24472eba ^ 0x60ff2036 + 0x7627b830 - 0x42fb6768 ^ state0 + 0x7ad87935 ^ 0x39b69246 ^ state0 | 0x7a909dc0 ^ 0x58abcfc7 | 0x72f7690f & flags0 - 0x24472eba ^ 0x60ff2036 + 0x7627b830 - 0x42fb6768 ^ state0 + 0x7ad87935 ^ 0x39b69246 ^ state0 | 0x7a909dc0 ^ 0x58abcfc7 | 0x7be050b - 0x790391ce & 0x37c3d0a5 | 0x73f21f4d - u16_3 - state0 + flags0 - 0x24472eba ^ 0x60ff2036 + 0x7627b830 - 0x42fb6768 ^ state0 + 0x7ad87935 ^ 0x39b69246 ^ state0 | 0x7a909dc0 ^ 0x58abcfc7 | 0x1477a707 - flags0 - 0x24472eba ^ 0x60ff2036 + 0x7627b830 - 0x42fb6768 ^ state0 + 0x7ad87935 ^ 0x39b69246 ^ state0 | 0x7a909dc0 ^ 0x58abcfc7 | 0x72f7690f & flags0 - 0x24472eba ^ 0x60ff2036 + 0x7627b830 - 0x42fb6768 ^ state0 + 0x7ad87935 ^ 0x39b69246 ^ state0 | 0x7a909dc0 ^ 0x58abcfc7 | 0x7be050b - 0x790391ce & 0x37c3d0a5 | 0x73f21f4d	0xa238a:sub:flags0 - 0x24472eba;0xa239b:xor:flags0 - 0x24472eba ^ 0x60ff2036;0xa23cd:add:flags0 - 0x24472eba ^ 0x60ff2036 + 0x7627b830;0xa23dd:sub:flags0 - 0x24472eba ^ 0x60ff2036 + 0x7627b830 - 0x42fb6768;0xa2400:xor:flags0 - 0x24472eba ^ 0x60ff2036 + 0x7627b830 - 0x42fb6768 ^ state0 + 0x7ad87935;0xa240c:xor:flags0 - 0x24472eba ^ 0x60ff2036 + 0x7627b830 - 0x42fb6768 ^ state0 + 0x7ad87935 ^ 0x39b69246;0xa242f:xor:flags0 - 0x24472eba ^ 0x60ff2036 + 0x7627b830 - 0x42fb6768 ^ state0 + 0x7ad87935 ^ 0x39b69246 ^ state0 | 0x7a909dc0;0xa243c:xor:flags0 - 0x24472eba ^ 0x60ff2036 + 0x7627b830 - 0x42fb6768 ^ state0 + 0x7ad87935 ^ 0x39b69246 ^ state0 | 0x7a909dc0 ^ 0x58abcfc7;0xa24ef:or:flags0 - 0x24472eba ^ 0x60ff2036 + 0x7627b830 - 0x42fb6768 ^ state0 + 0x7ad87935 ^ 0x39b69246 ^ state0 | 0x7a909dc0 ^ 0x58abcfc7 | 0x7be050b;0xa252a:sub:flags0 - 0x24472eba ^ 0x60ff2036 + 0x7627b830 - 0x42fb6768 ^ state0 + 0x7ad87935 ^ 0x39b69246 ^ state0 | 0x7a909dc0 ^ 0x58abcfc7 | 0x7be050b - 0x790391ce;0xa265c:and:flags0 - 0x24472eba ^ 0x60ff2036 + 0x7627b830 - 0x42fb6768 ^ state0 + 0x7ad87935 ^ 0x39b69246 ^ state0 | 0x7a909dc0 ^ 0x58abcfc7 | 0x7be050b - 0x790391ce & 0x37c3d0a5;0xa2801:xor:flags0 - 0x24472eba ^ 0x60ff2036 + 0x7627b830 - 0x42fb6768 ^ state0 + 0x7ad87935 ^ 0x39b69246 ^ state0 | 0x7a909dc0 ^ 0x58abcfc7 | 0x7be050b - 0x790391ce & 0x37c3d0a5 ^ state0 + flags0 - 0x24472eba ^ 0x60ff2036 + 0x7627b830 - 0x42fb6768 ^ state0 + 0x7ad87935 ^ 0x39b69246 ^ state0 | 0x7a909dc0 ^ 0x58abcfc7 | 0x1477a707 - flags0 - 0x24472eba ^ 0x60ff2036 + 0x7627b830 - 0x42fb6768 ^ state0 + 0x7ad87935 ^ 0x39b69246 ^ state0 | 0x7a909dc0 ^ 0x58abcfc7 | 0x72f7690f & flags0 - 0x24472eba ^ 0x60ff2036 + 0x7627b830 - 0x42fb6768 ^ state0 + 0x7ad87935 ^ 0x39b69246 ^ state0 | 0x7a909dc0 ^ 0x58abcfc7 | 0x7be050b - 0x790391ce & 0x37c3d0a5 | 0x73f21f4d + 0x1aa72bbd;0xa280d:add:flags0 - 0x24472eba ^ 0x60ff2036 + 0x7627b830 - 0x42fb6768 ^ state0 + 0x7ad87935 ^ 0x39b69246 ^ state0 | 0x7a909dc0 ^ 0x58abcfc7 | 0x7be050b - 0x790391ce & 0x37c3d0a5 ^ state0 + flags0 - 0x24472eba ^ 0x60ff2036 + 0x7627b830 - 0x42fb6768 ^ state0 + 0x7ad87935 ^ 0x39b69246 ^ state0 | 0x7a909dc0 ^ 0x58abcfc7 | 0x1477a707 - flags0 - 0x24472eba ^ 0x60ff2036 + 0x7627b830 - 0x42fb6768 ^ state0 + 0x7ad87935 ^ 0x39b69246 ^ state0 | 0x7a909dc0 ^ 0x58abcfc7 | 0x72f7690f & flags0 - 0x24472eba ^ 0x60ff2036 + 0x7627b830 - 0x42fb6768 ^ state0 + 0x7ad87935 ^ 0x39b69246 ^ state0 | 0x7a909dc0 ^ 0x58abcfc7 | 0x7be050b - 0x790391ce & 0x37c3d0a5 | 0x73f21f4d + 0x1aa72bbd + 0x463f13fb	0xa237a:je,0xa23bd:je,0xa24d5:je,0xa2510:je,0xa26dc:jne,0xa270b:jne,0xa272d:jne,0xa2755:jne
209	0xa2935	2	0xa2da1	240	2	7	9	0xa2ab3:byte0,0xa2b3d:byte0,0xa2b74:b4,0xa2ba1:u16_2,0xa2c8f:u16_0	0xa2a92:and:state0 & flags0 | 0x57058be5 ^ 0x36c108d8 | 0x22939484 ^ 0x55c2f3a2;0xa2d1b:sub:state0 & flags0 | 0x57058be5 ^ 0x36c108d8 | 0x22939484 ^ 0x55c2f3a2 - u16_0 ^ state0 & flags0 | 0x57058be5 ^ 0x36c108d8 | 0x22939484 ^ 0x55c2f3a2	state0 & flags0 | 0x57058be5 ^ 0x36c108d8 | 0x22939484 ^ 0x55c2f3a2 - u16_0 ^ state0 & flags0 | 0x57058be5 ^ 0x36c108d8 | 0x22939484 ^ 0x55c2f3a2	0xa296d:or:flags0 | 0x57058be5;0xa297d:xor:flags0 | 0x57058be5 ^ 0x36c108d8;0xa299a:or:flags0 | 0x57058be5 ^ 0x36c108d8 | 0x22939484;0xa29f2:xor:flags0 | 0x57058be5 ^ 0x36c108d8 | 0x22939484 ^ 0x55c2f3a2;0xa2b2d:sub:flags0 | 0x57058be5 ^ 0x36c108d8 | 0x22939484 ^ 0x55c2f3a2 - 0x5a1b0d1e;0xa2b57:or:flags0 | 0x57058be5 ^ 0x36c108d8 | 0x22939484 ^ 0x55c2f3a2 - 0x5a1b0d1e | 0xb6c4d7f;0xa2bb6:add:flags0 | 0x57058be5 ^ 0x36c108d8 | 0x22939484 ^ 0x55c2f3a2 - 0x5a1b0d1e | 0xb6c4d7f + 0x5dc7f8d2	0xa295d:je,0xa29e3:je,0xa2ab8:jne,0xa2ac5:jne,0xa2ad2:jne,0xa2ade:jne,0xa2b7f:je,0xa2bdc:je,0xa2c02:je
210	0xa2da3	15	0xa35dd	435	0	0	39	0xa2dfc:u16_8,0xa2e51:b10,0xa34af:u16_0,0xa3530:u32_4,0xa3539:u32_4		state0		0xa2e58:je,0xa2e62:je,0xa2e7b:je,0xa2eb2:jne,0xa2ebe:jne,0xa2ee0:jne,0xa2eef:jne,0xa2efc:jne,0xa2f2b:jne,0xa2f37:jne,0xa2f76:jne,0xa2f82:je,0xa2fc5:jne,0xa2fe5:je,0xa3025:je,0xa3065:jne,0xa307b:jne,0xa30c5:jne,0xa310f:jne,0xa315d:jne,0xa31a7:jne,0xa31eb:je,0xa322f:jne,0xa324d:je,0xa32ac:je,0xa32f1:jne,0xa32fd:jne,0xa3329:jne,0xa3335:jne,0xa3372:jne,0xa337e:jne,0xa33c2:jne,0xa33ce:je,0xa33fa:jne,0xa3406:je,0xa342c:jne,0xa3438:je,0xa357a:je,0xa3585:je
211	0xa36c9	0	0xa3a49	194	4	6	5	0xa37fb:u32_0,0xa3956:u16_8	0xa3727:or:state0 | flags0 - state0 - 0x11e0e25a;0xa381f:xor:state0 | flags0 - state0 - 0x11e0e25a ^ u32_0 ^ flags0 - state0 - 0x11e0e25a - 0x7fb611ff - 0x61e44634 - 0x4be2eb7a;0xa38c5:sub:state0 | flags0 - state0 - 0x11e0e25a ^ u32_0 ^ flags0 - state0 - 0x11e0e25a - 0x7fb611ff - 0x61e44634 - 0x4be2eb7a - flags0 - state0 - 0x11e0e25a - 0x7fb611ff - 0x61e44634 - 0x4be2eb7a ^ 0x3f63da53 & state0 | flags0 - state0 - 0x11e0e25a ^ u32_0 ^ flags0 - state0 - 0x11e0e25a - 0x7fb611ff - 0x61e44634 - 0x4be2eb7a + 0x19a6f76e;0xa39f8:and:state0 | flags0 - state0 - 0x11e0e25a ^ u32_0 ^ flags0 - state0 - 0x11e0e25a - 0x7fb611ff - 0x61e44634 - 0x4be2eb7a - flags0 - state0 - 0x11e0e25a - 0x7fb611ff - 0x61e44634 - 0x4be2eb7a ^ 0x3f63da53 & state0 | flags0 - state0 - 0x11e0e25a ^ u32_0 ^ flags0 - state0 - 0x11e0e25a - 0x7fb611ff - 0x61e44634 - 0x4be2eb7a + 0x19a6f76e & u16_8 - state0 | flags0 - state0 - 0x11e0e25a ^ u32_0 ^ flags0 - state0 - 0x11e0e25a - 0x7fb611ff - 0x61e44634 - 0x4be2eb7a - flags0 - state0 - 0x11e0e25a - 0x7fb611ff - 0x61e44634 - 0x4be2eb7a ^ 0x3f63da53 & state0 | flags0 - state0 - 0x11e0e25a ^ u32_0 ^ flags0 - state0 - 0x11e0e25a - 0x7fb611ff - 0x61e44634 - 0x4be2eb7a + 0x19a6f76e ^ 0x6c00e995	state0 | flags0 - state0 - 0x11e0e25a ^ u32_0 ^ flags0 - state0 - 0x11e0e25a - 0x7fb611ff - 0x61e44634 - 0x4be2eb7a - flags0 - state0 - 0x11e0e25a - 0x7fb611ff - 0x61e44634 - 0x4be2eb7a ^ 0x3f63da53 & state0 | flags0 - state0 - 0x11e0e25a ^ u32_0 ^ flags0 - state0 - 0x11e0e25a - 0x7fb611ff - 0x61e44634 - 0x4be2eb7a + 0x19a6f76e & u16_8 - state0 | flags0 - state0 - 0x11e0e25a ^ u32_0 ^ flags0 - state0 - 0x11e0e25a - 0x7fb611ff - 0x61e44634 - 0x4be2eb7a - flags0 - state0 - 0x11e0e25a - 0x7fb611ff - 0x61e44634 - 0x4be2eb7a ^ 0x3f63da53 & state0 | flags0 - state0 - 0x11e0e25a ^ u32_0 ^ flags0 - state0 - 0x11e0e25a - 0x7fb611ff - 0x61e44634 - 0x4be2eb7a + 0x19a6f76e ^ 0x6c00e995	0xa370c:sub:flags0 - state0 - 0x11e0e25a;0xa377a:sub:flags0 - state0 - 0x11e0e25a - 0x7fb611ff;0xa378b:sub:flags0 - state0 - 0x11e0e25a - 0x7fb611ff - 0x61e44634;0xa37ca:sub:flags0 - state0 - 0x11e0e25a - 0x7fb611ff - 0x61e44634 - 0x4be2eb7a;0xa382c:xor:flags0 - state0 - 0x11e0e25a - 0x7fb611ff - 0x61e44634 - 0x4be2eb7a ^ 0x3f63da53;0xa389c:and:flags0 - state0 - 0x11e0e25a - 0x7fb611ff - 0x61e44634 - 0x4be2eb7a ^ 0x3f63da53 & state0 | flags0 - state0 - 0x11e0e25a ^ u32_0 ^ flags0 - state0 - 0x11e0e25a - 0x7fb611ff - 0x61e44634 - 0x4be2eb7a + 0x19a6f76e	0xa36ee:je,0xa3744:je,0xa376a:je,0xa37ba:je,0xa38cc:je
212	0xa3a4b	0	0xa3dc4	186	1	4	2	0xa3aa9:u16_0,0xa3ae5:u16_4,0xa3b9e:u16_6,0xa3c29:u16_4,0xa3c47:u16_0,0xa3d41:u16_2	0xa3d88:add:state0 + u16_2 ^ 0x712d507b	state0 + u16_2 ^ 0x712d507b	0xa3b10:add:flags0 + state0 + 0x17082142;0xa3b6d:and:flags0 + state0 + 0x17082142 & 0x235dc980;0xa3ccb:or:flags0 + state0 + 0x17082142 & 0x235dc980 | 0x6b7f9c53;0xa3cf9:add:flags0 + state0 + 0x17082142 & 0x235dc980 | 0x6b7f9c53 + state0 ^ 0x4c01b89	0xa3c57:je,0xa3cbb:je
213	0xa3dc7	0	0xa3fe7	117	1	0	1	0xa3e42:u16_6,0xa3e7c:u16_0,0xa3eef:u16_4,0xa3f7e:u16_2	0xa3fa7:sub:state0 - u16_2 - 0x45c6c3bb	state0 - u16_2 - 0x45c6c3bb		0xa3f0d:je
214	0xa3fe9	4	0xa4606	337	7	6	6	0xa3ff3:byte0,0xa4022:byte0,0xa419f:byte0,0xa4271:byte0,0xa42e1:byte0,0xa4451:b2,0xa44bd:u16_3,0xa4576:u16_0	0xa402d:xor:state0 ^ flags0 + 0x784f7133;0xa4047:xor:state0 ^ flags0 + 0x784f7133 ^ 0x7e64782;0xa40b6:and:state0 ^ flags0 + 0x784f7133 ^ 0x7e64782 & 0x5bda5c23;0xa4336:add:state0 ^ flags0 + 0x784f7133 ^ 0x7e64782 & 0x5bda5c23 + 0x352ca91c;0xa43b1:or:state0 ^ flags0 + 0x784f7133 ^ 0x7e64782 & 0x5bda5c23 + 0x352ca91c | flags0 + 0x784f7133 & 0x4cc9d7b & 0x79233229 - 0x234dc07a - 0x2ce4baee;0xa4402:sub:state0 ^ flags0 + 0x784f7133 ^ 0x7e64782 & 0x5bda5c23 + 0x352ca91c | flags0 + 0x784f7133 & 0x4cc9d7b & 0x79233229 - 0x234dc07a - 0x2ce4baee - 0x3231759e;0xa45af:sub:state0 ^ flags0 + 0x784f7133 ^ 0x7e64782 & 0x5bda5c23 + 0x352ca91c | flags0 + 0x784f7133 & 0x4cc9d7b & 0x79233229 - 0x234dc07a - 0x2ce4baee - 0x3231759e - u16_0 + state0 ^ flags0 + 0x784f7133 ^ 0x7e64782 & 0x5bda5c23 + 0x352ca91c | flags0 + 0x784f7133 & 0x4cc9d7b & 0x79233229 - 0x234dc07a - 0x2ce4baee - 0x3231759e - 0x74a805eb	state0 ^ flags0 + 0x784f7133 ^ 0x7e64782 & 0x5bda5c23 + 0x352ca91c | flags0 + 0x784f7133 & 0x4cc9d7b & 0x79233229 - 0x234dc07a - 0x2ce4baee - 0x3231759e - u16_0 + state0 ^ flags0 + 0x784f7133 ^ 0x7e64782 & 0x5bda5c23 + 0x352ca91c | flags0 + 0x784f7133 & 0x4cc9d7b & 0x79233229 - 0x234dc07a - 0x2ce4baee - 0x3231759e - 0x74a805eb	0xa4000:add:flags0 + 0x784f7133;0xa4079:and:flags0 + 0x784f7133 & 0x4cc9d7b;0xa408a:and:flags0 + 0x784f7133 & 0x4cc9d7b & 0x79233229;0xa4315:sub:flags0 + 0x784f7133 & 0x4cc9d7b & 0x79233229 - 0x234dc07a;0xa4325:sub:flags0 + 0x784f7133 & 0x4cc9d7b & 0x79233229 - 0x234dc07a - 0x2ce4baee;0xa43ca:or:flags0 + 0x784f7133 & 0x4cc9d7b & 0x79233229 - 0x234dc07a - 0x2ce4baee | 0x56031acc	0xa4069:je,0xa4279:jne,0xa428a:jne,0xa42ad:jne,0xa42cd:jne,0xa445d:je
215	0xa4609	21174	0xa4a5e	233	7	6	4	0xa4838:b2,0xa49a4:u16_0	0xa4652:or:state0 | 0x760f463f;0xa4719:sub:state0 | 0x760f463f - flags0 | 0x77dcc51b ^ 0xee9796d ^ 0x717a207c;0xa477a:add:state0 | 0x760f463f - flags0 | 0x77dcc51b ^ 0xee9796d ^ 0x717a207c + 0x15a799dd;0xa4794:or:state0 | 0x760f463f - flags0 | 0x77dcc51b ^ 0xee9796d ^ 0x717a207c + 0x15a799dd | 0x6c5f0f12;0xa48bc:add:state0 | 0x760f463f - flags0 | 0x77dcc51b ^ 0xee9796d ^ 0x717a207c + 0x15a799dd | 0x6c5f0f12 + b2 + state0 | 0x760f463f - flags0 | 0x77dcc51b ^ 0xee9796d ^ 0x717a207c + 0x15a799dd | 0x6c5f0f12;0xa492c:or:state0 | 0x760f463f - flags0 | 0x77dcc51b ^ 0xee9796d ^ 0x717a207c + 0x15a799dd | 0x6c5f0f12 + b2 + state0 | 0x760f463f - flags0 | 0x77dcc51b ^ 0xee9796d ^ 0x717a207c + 0x15a799dd | 0x6c5f0f12 | 0x38d2bdd3;0xa49f0:sub:state0 | 0x760f463f - flags0 | 0x77dcc51b ^ 0xee9796d ^ 0x717a207c + 0x15a799dd | 0x6c5f0f12 + b2 + state0 | 0x760f463f - flags0 | 0x77dcc51b ^ 0xee9796d ^ 0x717a207c + 0x15a799dd | 0x6c5f0f12 | 0x38d2bdd3 - u16_0	state0 | 0x760f463f - flags0 | 0x77dcc51b ^ 0xee9796d ^ 0x717a207c + 0x15a799dd | 0x6c5f0f12 + b2 + state0 | 0x760f463f - flags0 | 0x77dcc51b ^ 0xee9796d ^ 0x717a207c + 0x15a799dd | 0x6c5f0f12 | 0x38d2bdd3 - u16_0	0xa4681:or:flags0 | 0x77dcc51b;0xa46b3:xor:flags0 | 0x77dcc51b ^ 0xee9796d;0xa4756:add:flags0 | 0x77dcc51b ^ 0xee9796d + 0x269ea56a;0xa4768:xor:flags0 | 0x77dcc51b ^ 0xee9796d + 0x269ea56a ^ 0x6abba0b9;0xa47e6:sub:flags0 | 0x77dcc51b ^ 0xee9796d + 0x269ea56a ^ 0x6abba0b9 - 0x4d415ee2;0xa48ef:add:flags0 | 0x77dcc51b ^ 0xee9796d + 0x269ea56a ^ 0x6abba0b9 - 0x4d415ee2 + 0x5966d257	0xa4667:je,0xa46a3:je,0xa4746:je,0xa47d6:je
216	0xa4a61	742	0xa4df4	213	1	0	3	0xa4a7c:u32_6,0xa4aa7:u16_4,0xa4ad3:u32_0,0xa4ced:b0,0xa4d2f:u16_3,0xa4d85:u16_1	0xa4b33:xor:state0 ^ flags0	state0 ^ flags0		0xa4bfa:jne,0xa4c0e:jne,0xa4cf8:je
217	0xa4b11	215	0xa4df4	165	1	0	3	0xa4ced:b0,0xa4d2f:u16_3,0xa4d85:u16_1	0xa4b33:xor:state0 ^ flags0	state0 ^ flags0		0xa4bfa:jne,0xa4c0e:jne,0xa4cf8:je
218	0xa4df7	0	0xa5178	195	2	0	5	0xa4eb0:u16_2,0xa4f2b:byte0,0xa505c:b4,0xa50a2:u16_2,0xa5112:u16_0	0xa50c7:and:state0 & 0x844d83d;0xa5147:or:state0 & 0x844d83d | u16_0 - state0 & 0x844d83d ^ 0x77e8718e	state0 & 0x844d83d | u16_0 - state0 & 0x844d83d ^ 0x77e8718e		0xa4f30:jne,0xa4f51:jne,0xa4f70:jne,0xa4f8b:jne,0xa5067:je
219	0xa517b	0	0xa5886	398	6	4	6	0xa5190:u32_0,0xa51e4:u32_0,0xa52f6:byte0,0xa5652:b0,0xa56d2:u16_1,0xa579f:u16_3,0xa57c4:u16_3	0xa5246:or:state0 | flags0;0xa52dc:add:state0 | flags0 + 0x46462807;0xa52f9:and:state0 | flags0 + 0x46462807 & 0x2332d827;0xa5397:sub:state0 | flags0 + 0x46462807 & 0x2332d827 - flags0 - state0 | flags0 & 0x4297c9dd;0xa54f3:add:state0 | flags0 + 0x46462807 & 0x2332d827 - flags0 - state0 | flags0 & 0x4297c9dd + 0x6f8e6e16;0xa5841:xor:state0 | flags0 + 0x46462807 & 0x2332d827 - flags0 - state0 | flags0 & 0x4297c9dd + 0x6f8e6e16 ^ u16_3 - state0 | flags0 + 0x46462807 & 0x2332d827 - flags0 - state0 | flags0 & 0x4297c9dd + 0x6f8e6e16 + 0x8f8037a	state0 | flags0 + 0x46462807 & 0x2332d827 - flags0 - state0 | flags0 & 0x4297c9dd + 0x6f8e6e16 ^ u16_3 - state0 | flags0 + 0x46462807 & 0x2332d827 - flags0 - state0 | flags0 & 0x4297c9dd + 0x6f8e6e16 + 0x8f8037a	0xa5285:sub:flags0 - state0 | flags0 & 0x4297c9dd;0xa54d3:add:flags0 - state0 | flags0 & 0x4297c9dd + 0x39ef1c44;0xa54e3:add:flags0 - state0 | flags0 & 0x4297c9dd + 0x39ef1c44 + 0x348fd1a2;0xa55c2:xor:flags0 - state0 | flags0 & 0x4297c9dd + 0x39ef1c44 + 0x348fd1a2 ^ state0 | flags0 + 0x46462807 & 0x2332d827 - flags0 - state0 | flags0 & 0x4297c9dd + 0x6f8e6e16	0xa51b0:je,0xa51c1:je,0xa52aa:je,0xa5428:je,0xa54c3:je,0xa565d:je
220	0xa522e	3576	0xa5886	344	6	4	4	0xa52f6:byte0,0xa5652:b0,0xa56d2:u16_1,0xa579f:u16_3,0xa57c4:u16_3	0xa5246:or:state0 | flags0;0xa52dc:add:state0 | flags0 + 0x46462807;0xa52f9:and:state0 | flags0 + 0x46462807 & 0x2332d827;0xa5397:sub:state0 | flags0 + 0x46462807 & 0x2332d827 - flags0 - state0 | flags0 & 0x4297c9dd;0xa54f3:add:state0 | flags0 + 0x46462807 & 0x2332d827 - flags0 - state0 | flags0 & 0x4297c9dd + 0x6f8e6e16;0xa5841:xor:state0 | flags0 + 0x46462807 & 0x2332d827 - flags0 - state0 | flags0 & 0x4297c9dd + 0x6f8e6e16 ^ u16_3 - state0 | flags0 + 0x46462807 & 0x2332d827 - flags0 - state0 | flags0 & 0x4297c9dd + 0x6f8e6e16 + 0x8f8037a	state0 | flags0 + 0x46462807 & 0x2332d827 - flags0 - state0 | flags0 & 0x4297c9dd + 0x6f8e6e16 ^ u16_3 - state0 | flags0 + 0x46462807 & 0x2332d827 - flags0 - state0 | flags0 & 0x4297c9dd + 0x6f8e6e16 + 0x8f8037a	0xa5285:sub:flags0 - state0 | flags0 & 0x4297c9dd;0xa54d3:add:flags0 - state0 | flags0 & 0x4297c9dd + 0x39ef1c44;0xa54e3:add:flags0 - state0 | flags0 & 0x4297c9dd + 0x39ef1c44 + 0x348fd1a2;0xa55c2:xor:flags0 - state0 | flags0 & 0x4297c9dd + 0x39ef1c44 + 0x348fd1a2 ^ state0 | flags0 + 0x46462807 & 0x2332d827 - flags0 - state0 | flags0 & 0x4297c9dd + 0x6f8e6e16	0xa52aa:je,0xa5428:je,0xa54c3:je,0xa565d:je
221	0xa5889	4	0xa5f3a	365	1	6	11	0xa5a4e:byte0,0xa5bb1:b0,0xa5c1a:u16_3,0xa5c8c:byte0,0xa5e4c:u16_1	0xa5ecf:xor:state0 ^ u16_1	state0 ^ u16_1	0xa5986:or:flags0 | 0x3d94a1e5;0xa5996:add:flags0 | 0x3d94a1e5 + 0x45cf3d7b;0xa5cba:and:flags0 | 0x3d94a1e5 + 0x45cf3d7b & 0x265e354a;0xa5cf2:or:flags0 | 0x3d94a1e5 + 0x45cf3d7b & 0x265e354a | 0x445e4ee5;0xa5d61:and:flags0 | 0x3d94a1e5 + 0x45cf3d7b & 0x265e354a | 0x445e4ee5 & 0xabb04b8;0xa5d72:sub:flags0 | 0x3d94a1e5 + 0x45cf3d7b & 0x265e354a | 0x445e4ee5 & 0xabb04b8 - 0x6652fa27	0xa5934:je,0xa5976:je,0xa5a54:jne,0xa5a6e:jne,0xa5a8f:jne,0xa5ab4:jne,0xa5bbc:je,0xa5ca0:je,0xa5d2f:je,0xa5d51:je,0xa5d98:je
222	0xa5f3c	254	0xa646d	289	6	5	6	0xa5f50:byte0,0xa5ff1:byte0,0xa606c:byte0,0xa60ad:u16_0,0xa621b:b4,0xa633e:byte0,0xa63c2:u16_2	0xa5f6e:add:state0 + flags0 | 0x11da3648;0xa5f7a:and:state0 + flags0 | 0x11da3648 & 0x169ceafa;0xa6154:and:state0 + flags0 | 0x11da3648 & 0x169ceafa & u16_0 - state0 + flags0 | 0x11da3648 & 0x169ceafa + flags0 | 0x5b15ab43 | 0x4cc95222 | 0x70d72f46 | 0x30319008;0xa62d6:or:state0 + flags0 | 0x11da3648 & 0x169ceafa & u16_0 - state0 + flags0 | 0x11da3648 & 0x169ceafa + flags0 | 0x5b15ab43 | 0x4cc95222 | 0x70d72f46 | 0x30319008 | 0x39a63024;0xa62f3:add:state0 + flags0 | 0x11da3648 & 0x169ceafa & u16_0 - state0 + flags0 | 0x11da3648 & 0x169ceafa + flags0 | 0x5b15ab43 | 0x4cc95222 | 0x70d72f46 | 0x30319008 | 0x39a63024 + flags0 | 0x5b15ab43 | 0x4cc95222 | 0x70d72f46 | 0x30319008 + 0x17d780ca;0xa640a:xor:state0 + flags0 | 0x11da3648 & 0x169ceafa & u16_0 - state0 + flags0 | 0x11da3648 & 0x169ceafa + flags0 | 0x5b15ab43 | 0x4cc95222 | 0x70d72f46 | 0x30319008 | 0x39a63024 + flags0 | 0x5b15ab43 | 0x4cc95222 | 0x70d72f46 | 0x30319008 + 0x17d780ca ^ u16_2 + state0 + flags0 | 0x11da3648 & 0x169ceafa & u16_0 - state0 + flags0 | 0x11da3648 & 0x169ceafa + flags0 | 0x5b15ab43 | 0x4cc95222 | 0x70d72f46 | 0x30319008 | 0x39a63024 + flags0 | 0x5b15ab43 | 0x4cc95222 | 0x70d72f46 | 0x30319008 + 0x17d780ca - 0x29e369df	state0 + flags0 | 0x11da3648 & 0x169ceafa & u16_0 - state0 + flags0 | 0x11da3648 & 0x169ceafa + flags0 | 0x5b15ab43 | 0x4cc95222 | 0x70d72f46 | 0x30319008 | 0x39a63024 + flags0 | 0x5b15ab43 | 0x4cc95222 | 0x70d72f46 | 0x30319008 + 0x17d780ca ^ u16_2 + state0 + flags0 | 0x11da3648 & 0x169ceafa & u16_0 - state0 + flags0 | 0x11da3648 & 0x169ceafa + flags0 | 0x5b15ab43 | 0x4cc95222 | 0x70d72f46 | 0x30319008 | 0x39a63024 + flags0 | 0x5b15ab43 | 0x4cc95222 | 0x70d72f46 | 0x30319008 + 0x17d780ca - 0x29e369df	0xa5fcf:or:flags0 | 0x5b15ab43;0xa5fe0:or:flags0 | 0x5b15ab43 | 0x4cc95222;0xa601d:or:flags0 | 0x5b15ab43 | 0x4cc95222 | 0x70d72f46;0xa602e:or:flags0 | 0x5b15ab43 | 0x4cc95222 | 0x70d72f46 | 0x30319008;0xa6187:add:flags0 | 0x5b15ab43 | 0x4cc95222 | 0x70d72f46 | 0x30319008 + 0x17d780ca	0xa5fbf:je,0xa600d:je,0xa6222:jne,0xa622f:jne,0xa6250:jne,0xa6276:jne
223	0xa6470	0	0xa68bf	241	3	0	7	0xa6621:byte0,0xa6716:b2,0xa6742:u16_3,0xa67d0:u16_0	0xa649f:add:state0 + 0x196a30f;0xa6762:and:state0 + 0x196a30f & flags0;0xa6850:sub:state0 + 0x196a30f & flags0 - u16_0 ^ state0 + 0x196a30f & flags0 - 0x1f5fe778	state0 + 0x196a30f & flags0 - u16_0 ^ state0 + 0x196a30f & flags0 - 0x1f5fe778		0xa64b9:je,0xa6589:je,0xa6625:jne,0xa6634:jne,0xa664b:jne,0xa6657:jne,0xa6721:je
224	0xa68c2	0	0xa6af6	118	1	4	2	0xa6914:u16_5,0xa692a:u16_7,0xa6952:u16_1,0xa698f:u16_7,0xa69a7:u16_5,0xa6a84:u16_3	0xa6ab6:or:state0 | u16_3 + state0	state0 | u16_3 + state0	0xa68f7:or:flags0 | state0 ^ 0x1c5d6161;0xa6905:add:flags0 | state0 ^ 0x1c5d6161 + 0x4d6e0c0f;0xa6a17:and:flags0 | state0 ^ 0x1c5d6161 + 0x4d6e0c0f & 0x41366a15;0xa6a27:xor:flags0 | state0 ^ 0x1c5d6161 + 0x4d6e0c0f & 0x41366a15 ^ 0x960933d	0xa69b5:je,0xa6a07:je
225	0xa6af9	6	0xa6e53	194	2	0	5	0xa6b21:byte0,0xa6baa:u16_2,0xa6c17:byte0,0xa6cdf:b4,0xa6d27:u16_2,0xa6dd6:u16_0	0xa6d65:or:state0 | flags0;0xa6e11:and:state0 | flags0 & u16_0 ^ state0 | flags0	state0 | flags0 & u16_0 ^ state0 | flags0		0xa6c1e:jne,0xa6c32:jne,0xa6c4e:jne,0xa6c66:jne,0xa6cf6:je
226	0xa6e55	0	0xa71fb	221	2	1	2	0xa6e70:u16_6,0xa6e96:u16_4,0xa6ec3:u32_0,0xa6f1e:u16_0,0xa6f43:u16_2,0xa6fb2:u16_0,0xa6fc7:u16_2,0xa6ff6:u16_9,0xa703c:u16_2,0xa704e:u16_0,0xa70de:b6,0xa7127:u16_7,0xa7188:u16_4	0xa70c9:or:state0 | flags0 | state0 ^ 0x63e0134e;0xa71bb:and:state0 | flags0 | state0 ^ 0x63e0134e & u16_4 ^ 0x5537ca3f	state0 | flags0 | state0 ^ 0x63e0134e & u16_4 ^ 0x5537ca3f	0xa6fb6:or:flags0 | state0 ^ 0x63e0134e	0xa705d:je,0xa70e9:je
227	0xa6f03	0	0xa71fb	174	2	1	2	0xa6f1e:u16_0,0xa6f43:u16_2,0xa6fb2:u16_0,0xa6fc7:u16_2,0xa6ff6:u16_9,0xa703c:u16_2,0xa704e:u16_0,0xa70de:b6,0xa7127:u16_7,0xa7188:u16_4	0xa70c9:or:state0 | flags0 | state0 ^ 0x63e0134e;0xa71bb:and:state0 | flags0 | state0 ^ 0x63e0134e & u16_4 ^ 0x5537ca3f	state0 | flags0 | state0 ^ 0x63e0134e & u16_4 ^ 0x5537ca3f	0xa6fb6:or:flags0 | state0 ^ 0x63e0134e	0xa705d:je,0xa70e9:je
228	0xa6f79	0	0xa71fb	138	2	1	2	0xa6fb2:u16_0,0xa6fc7:u16_2,0xa6ff6:u16_9,0xa703c:u16_2,0xa704e:u16_0,0xa70de:b6,0xa7127:u16_7,0xa7188:u16_4	0xa70c9:or:state0 | flags0 | state0 ^ 0x63e0134e;0xa71bb:and:state0 | flags0 | state0 ^ 0x63e0134e & u16_4 ^ 0x5537ca3f	state0 | flags0 | state0 ^ 0x63e0134e & u16_4 ^ 0x5537ca3f	0xa6fb6:or:flags0 | state0 ^ 0x63e0134e	0xa705d:je,0xa70e9:je
229	0xa71fe	1	0xa757c	199	3	1	5	0xa7314:byte0,0xa7338:byte0,0xa739d:byte0,0xa7403:byte0,0xa7412:byte0,0xa7429:b2,0xa7456:u16_0,0xa74d5:u16_3	0xa722c:xor:state0 ^ flags0;0xa73a0:xor:state0 ^ flags0 ^ 0x4a304ad7;0xa7536:sub:state0 ^ flags0 ^ 0x4a304ad7 - u16_3 ^ state0 ^ flags0 ^ 0x4a304ad7 ^ 0x381ae5a5	state0 ^ flags0 ^ 0x4a304ad7 - u16_3 ^ state0 ^ flags0 ^ 0x4a304ad7 ^ 0x381ae5a5	0xa72fd:add:flags0 + state0 ^ flags0 & 0x1d6aa55e	0xa733f:jne,0xa734d:jne,0xa735c:jne,0xa736a:jne,0xa7434:je
230	0xa757f	0	0xa7999	233	4	2	7	0xa769b:byte0,0xa77dc:b4,0xa7845:u16_0,0xa78bf:u16_2,0xa78e3:u16_2	0xa75ec:and:state0 & flags0;0xa7617:or:state0 & flags0 | 0x7e6d6467;0xa7693:add:state0 & flags0 | 0x7e6d6467 + 0x2e32a3a2;0xa792a:or:state0 & flags0 | 0x7e6d6467 + 0x2e32a3a2 | u16_2 ^ 0x272d9a0b	state0 & flags0 | 0x7e6d6467 + 0x2e32a3a2 | u16_2 ^ 0x272d9a0b	0xa7645:add:flags0 + 0x7d62f0e1;0xa7656:sub:flags0 + 0x7d62f0e1 - 0x45a3d753	0xa7635:je,0xa76a1:jne,0xa76ae:jne,0xa76bc:jne,0xa76c9:jne,0xa7721:je,0xa77e7:je
231	0xa799b	4	0xa7ef6	296	6	4	9	0xa7a09:byte0,0xa7a85:byte0,0xa7b45:byte0,0xa7bf8:byte0,0xa7cd2:b2,0xa7d4c:u16_0,0xa7e09:u16_3,0xa7e89:u16_3 - state0 + flags0 + 0x37d0b9a9 ^ 0x6307e167 + flags0 + 0x37d0b9a9 ^ 0x6307e167 ^ 0x69e2cccd ^ 0x500184b - 0x796ead7f + 0x5041c185	0xa7a61:add:state0 + flags0 + 0x37d0b9a9 ^ 0x6307e167;0xa7af6:add:state0 + flags0 + 0x37d0b9a9 ^ 0x6307e167 + flags0 + 0x37d0b9a9 ^ 0x6307e167;0xa7be7:xor:state0 + flags0 + 0x37d0b9a9 ^ 0x6307e167 + flags0 + 0x37d0b9a9 ^ 0x6307e167 ^ 0x69e2cccd;0xa7c05:xor:state0 + flags0 + 0x37d0b9a9 ^ 0x6307e167 + flags0 + 0x37d0b9a9 ^ 0x6307e167 ^ 0x69e2cccd ^ 0x500184b;0xa7db8:sub:state0 + flags0 + 0x37d0b9a9 ^ 0x6307e167 + flags0 + 0x37d0b9a9 ^ 0x6307e167 ^ 0x69e2cccd ^ 0x500184b - 0x796ead7f;0xa7eae:and:state0 + flags0 + 0x37d0b9a9 ^ 0x6307e167 + flags0 + 0x37d0b9a9 ^ 0x6307e167 ^ 0x69e2cccd ^ 0x500184b - 0x796ead7f & u16_3 - state0 + flags0 + 0x37d0b9a9 ^ 0x6307e167 + flags0 + 0x37d0b9a9 ^ 0x6307e167 ^ 0x69e2cccd ^ 0x500184b - 0x796ead7f + 0x5041c185	state0 + flags0 + 0x37d0b9a9 ^ 0x6307e167 + flags0 + 0x37d0b9a9 ^ 0x6307e167 ^ 0x69e2cccd ^ 0x500184b - 0x796ead7f & u16_3 - state0 + flags0 + 0x37d0b9a9 ^ 0x6307e167 + flags0 + 0x37d0b9a9 ^ 0x6307e167 ^ 0x69e2cccd ^ 0x500184b - 0x796ead7f + 0x5041c185	0xa79d0:add:flags0 + 0x37d0b9a9;0xa79e1:xor:flags0 + 0x37d0b9a9 ^ 0x6307e167;0xa7bba:add:flags0 + 0x37d0b9a9 ^ 0x6307e167 + state0 + flags0 + 0x37d0b9a9 ^ 0x6307e167 + flags0 + 0x37d0b9a9 ^ 0x6307e167 & 0x65be02ae;0xa7bd7:sub:flags0 + 0x37d0b9a9 ^ 0x6307e167 + state0 + flags0 + 0x37d0b9a9 ^ 0x6307e167 + flags0 + 0x37d0b9a9 ^ 0x6307e167 & 0x65be02ae - 0x474578d0	0xa79c0:je,0xa7a10:je,0xa7ada:je,0xa7b4c:jne,0xa7b5a:jne,0xa7b69:jne,0xa7b77:jne,0xa7cf4:je,0xa7d99:je
232	0xa7ef8	0	0xa81c1	156	2	0	1	0xa7f64:u16_1,0xa7f8a:u16_7,0xa7fc7:u16_5,0xa8058:u16_7,0xa8076:u16_1,0xa8142:u16_3	0xa80e7:sub:state0 - flags0 ^ 0x4821c1c7;0xa817b:sub:state0 - flags0 ^ 0x4821c1c7 - u16_3 + 0x231e4204	state0 - flags0 ^ 0x4821c1c7 - u16_3 + 0x231e4204		0xa8084:je
233	0xa81c4	0	0xa844e	150	1	1	3	0xa81df:u16_0,0xa8207:u16_2,0xa8277:u16_3,0xa8284:u16_9,0xa82ae:u16_5,0xa82f8:u16_9,0xa8306:u16_3,0xa8369:b2,0xa8396:u16_7,0xa83e2:u16_0	0xa842b:or:state0 | u16_0 ^ state0 + 0x6352399c	state0 | u16_0 ^ state0 + 0x6352399c	0xa8258:add:flags0 + 0x61761155	0xa8314:je,0xa8342:je,0xa8375:je
234	0xa823e	0	0xa844e	113	1	1	3	0xa8277:u16_3,0xa8284:u16_9,0xa82ae:u16_5,0xa82f8:u16_9,0xa8306:u16_3,0xa8369:b2,0xa8396:u16_7,0xa83e2:u16_0	0xa842b:or:state0 | u16_0 ^ state0 + 0x6352399c	state0 | u16_0 ^ state0 + 0x6352399c	0xa8258:add:flags0 + 0x61761155	0xa8314:je,0xa8342:je,0xa8375:je
235	0xa8450	0	0xa87b4	196	1	0	5	0xa852a:u16_3,0xa85b4:byte0,0xa865b:b2,0xa868a:u16_3,0xa8740:u16_0	0xa878b:add:state0 + u16_0 + state0	state0 + u16_0 + state0		0xa85bb:jne,0xa85d0:jne,0xa85f0:jne,0xa85ff:jne,0xa8669:je
236	0xa87b6	0	0xa8e1d	348	3	5	10	0xa88f7:byte0,0xa89c4:byte0,0xa8ae3:byte0,0xa8c25:b2,0xa8cb1:u16_3,0xa8d6f:u16_0	0xa8890:xor:state0 ^ flags0 & state0 ^ 0x630a2958 ^ 0x7d6f69f0 - 0x350e18e3 ^ 0x55d05067;0xa8a1d:sub:state0 ^ flags0 & state0 ^ 0x630a2958 ^ 0x7d6f69f0 - 0x350e18e3 ^ 0x55d05067 - flags0 & state0 ^ 0x630a2958 ^ 0x7d6f69f0 - 0x350e18e3 ^ 0x55d05067 | 0x696679a3;0xa8db8:or:state0 ^ flags0 & state0 ^ 0x630a2958 ^ 0x7d6f69f0 - 0x350e18e3 ^ 0x55d05067 - flags0 & state0 ^ 0x630a2958 ^ 0x7d6f69f0 - 0x350e18e3 ^ 0x55d05067 | 0x696679a3 | u16_0 + state0 ^ flags0 & state0 ^ 0x630a2958 ^ 0x7d6f69f0 - 0x350e18e3 ^ 0x55d05067 - flags0 & state0 ^ 0x630a2958 ^ 0x7d6f69f0 - 0x350e18e3 ^ 0x55d05067 | 0x696679a3 - 0x292b93dc	state0 ^ flags0 & state0 ^ 0x630a2958 ^ 0x7d6f69f0 - 0x350e18e3 ^ 0x55d05067 - flags0 & state0 ^ 0x630a2958 ^ 0x7d6f69f0 - 0x350e18e3 ^ 0x55d05067 | 0x696679a3 | u16_0 + state0 ^ flags0 & state0 ^ 0x630a2958 ^ 0x7d6f69f0 - 0x350e18e3 ^ 0x55d05067 - flags0 & state0 ^ 0x630a2958 ^ 0x7d6f69f0 - 0x350e18e3 ^ 0x55d05067 | 0x696679a3 - 0x292b93dc	0xa87f0:and:flags0 & state0 ^ 0x630a2958;0xa87fd:xor:flags0 & state0 ^ 0x630a2958 ^ 0x7d6f69f0;0xa882c:sub:flags0 & state0 ^ 0x630a2958 ^ 0x7d6f69f0 - 0x350e18e3;0xa883e:xor:flags0 & state0 ^ 0x630a2958 ^ 0x7d6f69f0 - 0x350e18e3 ^ 0x55d05067;0xa88dd:or:flags0 & state0 ^ 0x630a2958 ^ 0x7d6f69f0 - 0x350e18e3 ^ 0x55d05067 | 0x696679a3	0xa881c:je,0xa8857:je,0xa8896:je,0xa88cd:je,0xa89fc:je,0xa8aea:jne,0xa8b05:jne,0xa8b2f:jne,0xa8b4b:jne,0xa8c68:je
237	0xa8e1f	1537	0xa94a3	361	4	3	9	0xa8ffb:byte0,0xa90a6:b0,0xa916a:u16_3,0xa91f5:byte0,0xa9322:byte0,0xa93e9:u16_1	0xa8eda:sub:state0 - flags0 ^ 0x22900c8;0xa8f9e:sub:state0 - flags0 ^ 0x22900c8 - flags0 + 0x3fbeaa1d ^ 0x8178b71;0xa9314:sub:state0 - flags0 ^ 0x22900c8 - flags0 + 0x3fbeaa1d ^ 0x8178b71 - 0x4813dbc;0xa9438:xor:state0 - flags0 ^ 0x22900c8 - flags0 + 0x3fbeaa1d ^ 0x8178b71 - 0x4813dbc ^ u16_1 ^ state0 - flags0 ^ 0x22900c8 - flags0 + 0x3fbeaa1d ^ 0x8178b71 - 0x4813dbc - 0x4f4105f2	state0 - flags0 ^ 0x22900c8 - flags0 + 0x3fbeaa1d ^ 0x8178b71 - 0x4813dbc ^ u16_1 ^ state0 - flags0 ^ 0x22900c8 - flags0 + 0x3fbeaa1d ^ 0x8178b71 - 0x4813dbc - 0x4f4105f2	0xa8f56:add:flags0 + 0x3fbeaa1d;0xa92bd:xor:flags0 + 0x3fbeaa1d ^ 0x3a5f03fa;0xa92ea:or:flags0 + 0x3fbeaa1d ^ 0x3a5f03fa | 0x6c9523d1	0xa8efb:je,0xa8f3c:je,0xa8fc9:je,0xa9000:jne,0xa900c:jne,0xa9019:jne,0xa9025:jne,0xa90d7:je,0xa9292:je
238	0xa94a5	0	0xa991c	253	3	2	6	0xa960a:byte0,0xa96b4:b2,0xa96df:u16_0,0xa9839:u16_3,0xa9850:u16_3	0xa95f3:or:state0 | flags0 & 0x5077208f;0xa97b7:sub:state0 | flags0 & 0x5077208f - flags0 & 0x5077208f & 0x7d76c5ba;0xa98d1:xor:state0 | flags0 & 0x5077208f - flags0 & 0x5077208f & 0x7d76c5ba ^ u16_3 + 0x48a4c63e	state0 | flags0 & 0x5077208f - flags0 & 0x5077208f & 0x7d76c5ba ^ u16_3 + 0x48a4c63e	0xa95b6:and:flags0 & 0x5077208f;0xa969a:and:flags0 & 0x5077208f & 0x7d76c5ba	0xa9611:jne,0xa961f:jne,0xa962e:jne,0xa963c:jne,0xa9680:je,0xa96be:je
239	0xa991e	2519	0xa9cf4	206	5	5	3	0xa9953:byte0,0xa9a63:u32_0,0xa9c3d:u16_4	0xa9928:add:state0 + 0x40a7aa16;0xa9946:add:state0 + 0x40a7aa16 + flags0;0xa99b0:and:state0 + 0x40a7aa16 + flags0 & 0x39d16b3e;0xa9b0c:and:state0 + 0x40a7aa16 + flags0 & 0x39d16b3e & u32_0 - state0 + 0x40a7aa16 + flags0 & 0x39d16b3e;0xa9c99:sub:state0 + 0x40a7aa16 + flags0 & 0x39d16b3e & u32_0 - state0 + 0x40a7aa16 + flags0 & 0x39d16b3e - u16_4 + state0 + 0x40a7aa16 + flags0 & 0x39d16b3e & u32_0 - state0 + 0x40a7aa16 + flags0 & 0x39d16b3e - 0x3650a0ae	state0 + 0x40a7aa16 + flags0 & 0x39d16b3e & u32_0 - state0 + 0x40a7aa16 + flags0 & 0x39d16b3e - u16_4 + state0 + 0x40a7aa16 + flags0 & 0x39d16b3e & u32_0 - state0 + 0x40a7aa16 + flags0 & 0x39d16b3e - 0x3650a0ae	0xa9999:and:flags0 & state0 + 0x40a7aa16 + flags0 + 0x627d85ab;0xa99d8:add:flags0 & state0 + 0x40a7aa16 + flags0 + 0x627d85ab + 0x29b54516;0xa99e8:and:flags0 & state0 + 0x40a7aa16 + flags0 + 0x627d85ab + 0x29b54516 & 0x66aaa5e;0xa9b97:xor:flags0 & state0 + 0x40a7aa16 + flags0 + 0x627d85ab + 0x29b54516 & 0x66aaa5e ^ 0x7efd4127;0xa9ba8:or:flags0 & state0 + 0x40a7aa16 + flags0 + 0x627d85ab + 0x29b54516 & 0x66aaa5e ^ 0x7efd4127 | 0x476bca10	0xa9967:je,0xa99c8:je,0xa9b87:je
240	0xa9cf7	7	0xa9ff7	176	1	0	5	0xa9da3:u16_1,0xa9e24:byte0,0xa9ec5:byte0,0xa9ed1:b0,0xa9efe:u16_1,0xa9f74:u16_3	0xa9fb6:sub:state0 - u16_3 - state0 - 0x7bec2197	state0 - u16_3 - state0 - 0x7bec2197		0xa9e2b:jne,0xa9e48:jne,0xa9e62:jne,0xa9e7e:jne,0xa9edd:je
241	0xa9ffa	2	0xaa87a	462	1	0	38	0xaa05a:u16_6,0xaa0a5:b8,0xaa6f8:u32_0,0xaa726:u16_4,0xaa778:u16_9,0xaa7ce:u16_11	0xaa83f:sub:state0 - u16_11 + state0	state0 - u16_11 + state0		0xaa0ad:je,0xaa0b7:je,0xaa0df:je,0xaa127:jne,0xaa134:jne,0xaa177:jne,0xaa187:jne,0xaa193:jne,0xaa1d4:jne,0xaa1e1:jne,0xaa20d:jne,0xaa21a:je,0xaa242:jne,0xaa252:je,0xaa280:je,0xaa2bd:jne,0xaa2cc:jne,0xaa328:jne,0xaa365:jne,0xaa3a6:jne,0xaa3f3:jne,0xaa41f:je,0xaa45e:jne,0xaa46d:je,0xaa4cb:je,0xaa501:jne,0xaa50e:jne,0xaa542:jne,0xaa54f:jne,0xaa5ac:jne,0xaa5b9:jne,0xaa601:jne,0xaa60e:je,0xaa630:jne,0xaa63d:je,0xaa66f:jne,0xaa67c:je,0xaa6d6:je
242	0xaa87d	181	0xaab67	158	1	0	5	0xaa94e:byte0,0xaaa3f:b2,0xaaa7b:u16_0,0xaaad5:u16_3	0xaab37:or:state0 | u16_3 - state0 ^ 0x5c05e9b5	state0 | u16_3 - state0 ^ 0x5c05e9b5		0xaa954:jne,0xaa96f:jne,0xaa97d:jne,0xaa98d:jne,0xaaa4a:je
243	0xaab6a	9466	0xaaf3c	209	5	6	6	0xaac91:byte0,0xaacd9:byte0,0xaacf3:byte0,0xaad19:u16_2,0xaae59:u16_0	0xaac07:xor:state0 ^ 0x47b31677;0xaac65:or:state0 ^ 0x47b31677 | flags0 | state0 | 0x5f60d018 + state0 + 0x398f70f4 & 0x4ec4a2f1;0xaac9e:xor:state0 ^ 0x47b31677 | flags0 | state0 | 0x5f60d018 + state0 + 0x398f70f4 & 0x4ec4a2f1 ^ 0x57df388c;0xaadc3:and:state0 ^ 0x47b31677 | flags0 | state0 | 0x5f60d018 + state0 + 0x398f70f4 & 0x4ec4a2f1 ^ 0x57df388c & flags0 | state0 | 0x5f60d018 + state0 + 0x398f70f4 & 0x4ec4a2f1 & state0 ^ 0x47b31677 | flags0 | state0 | 0x5f60d018 + state0 + 0x398f70f4 & 0x4ec4a2f1 - 0x289ce9b6;0xaaee2:add:state0 ^ 0x47b31677 | flags0 | state0 | 0x5f60d018 + state0 + 0x398f70f4 & 0x4ec4a2f1 ^ 0x57df388c & flags0 | state0 | 0x5f60d018 + state0 + 0x398f70f4 & 0x4ec4a2f1 & state0 ^ 0x47b31677 | flags0 | state0 | 0x5f60d018 + state0 + 0x398f70f4 & 0x4ec4a2f1 - 0x289ce9b6 + u16_0 - state0 ^ 0x47b31677 | flags0 | state0 | 0x5f60d018 + state0 + 0x398f70f4 & 0x4ec4a2f1 ^ 0x57df388c & flags0 | state0 | 0x5f60d018 + state0 + 0x398f70f4 & 0x4ec4a2f1 & state0 ^ 0x47b31677 | flags0 | state0 | 0x5f60d018 + state0 + 0x398f70f4 & 0x4ec4a2f1 - 0x289ce9b6 ^ 0xbdd98a5	state0 ^ 0x47b31677 | flags0 | state0 | 0x5f60d018 + state0 + 0x398f70f4 & 0x4ec4a2f1 ^ 0x57df388c & flags0 | state0 | 0x5f60d018 + state0 + 0x398f70f4 & 0x4ec4a2f1 & state0 ^ 0x47b31677 | flags0 | state0 | 0x5f60d018 + state0 + 0x398f70f4 & 0x4ec4a2f1 - 0x289ce9b6 + u16_0 - state0 ^ 0x47b31677 | flags0 | state0 | 0x5f60d018 + state0 + 0x398f70f4 & 0x4ec4a2f1 ^ 0x57df388c & flags0 | state0 | 0x5f60d018 + state0 + 0x398f70f4 & 0x4ec4a2f1 & state0 ^ 0x47b31677 | flags0 | state0 | 0x5f60d018 + state0 + 0x398f70f4 & 0x4ec4a2f1 - 0x289ce9b6 ^ 0xbdd98a5	0xaab9f:or:flags0 | state0 | 0x5f60d018;0xaabc6:add:flags0 | state0 | 0x5f60d018 + state0;0xaac37:add:flags0 | state0 | 0x5f60d018 + state0 + 0x398f70f4;0xaac48:and:flags0 | state0 | 0x5f60d018 + state0 + 0x398f70f4 & 0x4ec4a2f1;0xaac84:and:flags0 | state0 | 0x5f60d018 + state0 + 0x398f70f4 & 0x4ec4a2f1 & state0 ^ 0x47b31677 | flags0 | state0 | 0x5f60d018 + state0 + 0x398f70f4 & 0x4ec4a2f1 - 0x289ce9b6;0xaadde:and:flags0 | state0 | 0x5f60d018 + state0 + 0x398f70f4 & 0x4ec4a2f1 & state0 ^ 0x47b31677 | flags0 | state0 | 0x5f60d018 + state0 + 0x398f70f4 & 0x4ec4a2f1 - 0x289ce9b6 & state0 ^ 0x47b31677 | flags0 | state0 | 0x5f60d018 + state0 + 0x398f70f4 & 0x4ec4a2f1 ^ 0x57df388c & flags0 | state0 | 0x5f60d018 + state0 + 0x398f70f4 & 0x4ec4a2f1 & state0 ^ 0x47b31677 | flags0 | state0 | 0x5f60d018 + state0 + 0x398f70f4 & 0x4ec4a2f1 - 0x289ce9b6	0xaac27:je,0xaad24:jne,0xaad35:jne,0xaad45:je,0xaad56:je,0xaad65:je
244	0xaaf3e	0	0xab13e	108	0	2	2	0xaaf7b:u16_7,0xaaf86:u16_0,0xaafb8:u16_5,0xab001:u16_0,0xab00f:u16_7,0xab0d7:u16_2		state0	0xab06b:add:flags0 + 0xf381b41;0xab07c:add:flags0 + 0xf381b41 + 0x428b3a33	0xab01d:je,0xab05b:je
245	0xab141	75	0xab424	165	1	0	5	0xab254:byte0,0xab2d9:b4,0xab305:u16_2,0xab397:u16_0	0xab3ed:xor:state0 ^ u16_0 + state0 ^ 0x3a835417	state0 ^ u16_0 + state0 ^ 0x3a835417		0xab25a:jne,0xab26a:jne,0xab27d:jne,0xab28c:jne,0xab2e4:je
246	0xab427	39	0xabc56	442	0	0	39	0xab493:u16_8,0xab4d8:b10,0xabb35:u16_0,0xabbb5:u32_4,0xabbc1:u32_4		state0		0xab4df:je,0xab4e9:je,0xab518:je,0xab56e:jne,0xab579:jne,0xab5b2:jne,0xab5c7:jne,0xab5d3:jne,0xab5fc:jne,0xab607:jne,0xab647:jne,0xab652:je,0xab683:jne,0xab691:je,0xab6c5:je,0xab70b:jne,0xab72f:jne,0xab76a:jne,0xab7c5:jne,0xab809:jne,0xab834:jne,0xab877:je,0xab8bf:jne,0xab8d5:je,0xab94e:je,0xab97d:jne,0xab988:jne,0xab9b6:jne,0xab9c1:jne,0xaba0b:jne,0xaba16:jne,0xaba37:jne,0xaba42:je,0xaba89:jne,0xaba94:je,0xabab2:jne,0xababd:je,0xabbfc:je,0xabc08:je
247	0xabd6f	0	0xac10e	197	1	0	8	0xabdcf:u16_3,0xabe09:b2,0xac08e:u16_0	0xac0ca:xor:state0 ^ u16_0 + state0 + 0x4c044f6f	state0 ^ u16_0 + state0 + 0x4c044f6f		0xabe10:jne,0xabe45:jne,0xabea1:jne,0xabef9:jne,0xabf21:je,0xabf8a:jne,0xabfb4:jne,0xabff4:jne
248	0xac110	20	0xac43d	172	2	6	2	0xac191:u16_0,0xac392:u16_2	0xac319:xor:state0 ^ flags0 - state0 | 0x5188b16e & 0x6764746a - state0 ^ 0x46157a61 + 0x17fe21ad ^ 0x35ad1d25 - 0x496039c5;0xac3f6:xor:state0 ^ flags0 - state0 | 0x5188b16e & 0x6764746a - state0 ^ 0x46157a61 + 0x17fe21ad ^ 0x35ad1d25 - 0x496039c5 ^ u16_2 ^ 0x4160066b	state0 ^ flags0 - state0 | 0x5188b16e & 0x6764746a - state0 ^ 0x46157a61 + 0x17fe21ad ^ 0x35ad1d25 - 0x496039c5 ^ u16_2 ^ 0x4160066b	0xac151:sub:flags0 - state0 | 0x5188b16e;0xac220:and:flags0 - state0 | 0x5188b16e & 0x6764746a;0xac28c:sub:flags0 - state0 | 0x5188b16e & 0x6764746a - state0 ^ 0x46157a61;0xac299:add:flags0 - state0 | 0x5188b16e & 0x6764746a - state0 ^ 0x46157a61 + 0x17fe21ad;0xac2c8:xor:flags0 - state0 | 0x5188b16e & 0x6764746a - state0 ^ 0x46157a61 + 0x17fe21ad ^ 0x35ad1d25;0xac2d9:sub:flags0 - state0 | 0x5188b16e & 0x6764746a - state0 ^ 0x46157a61 + 0x17fe21ad ^ 0x35ad1d25 - 0x496039c5	0xac120:je,0xac2b8:je
249	0xac440	0	0xac7ff	203	1	2	4	0xac51f:u16_9,0xac530:u16_4,0xac5ac:u16_2,0xac64b:u16_9,0xac64f:u16_4,0xac6de:b8,0xac72a:u16_6,0xac77a:u16_0	0xac7d1:sub:state0 - u16_0 - state0 + 0x4522afca	state0 - u16_0 - state0 + 0x4522afca	0xac492:or:flags0 | 0x38431ac4;0xac4a3:xor:flags0 | 0x38431ac4 ^ 0x1ad728d4	0xac455:je,0xac482:je,0xac671:je,0xac6e9:je
250	0xac802	75	0xacbc3	203	6	4	3	0xac88b:byte0,0xac8e2:b0,0xacaec:u16_1	0xac83a:xor:state0 ^ flags0;0xac96b:add:state0 ^ flags0 + flags0;0xac994:xor:state0 ^ flags0 + flags0 ^ flags0 | 0x75c2d7ad;0xac9b5:add:state0 ^ flags0 + flags0 ^ flags0 | 0x75c2d7ad + 0x3d28c7fc;0xaca66:sub:state0 ^ flags0 + flags0 ^ flags0 | 0x75c2d7ad + 0x3d28c7fc - 0xb911f97;0xacb66:or:state0 ^ flags0 + flags0 ^ flags0 | 0x75c2d7ad + 0x3d28c7fc - 0xb911f97 | u16_1 - state0 ^ flags0 + flags0 ^ flags0 | 0x75c2d7ad + 0x3d28c7fc - 0xb911f97 + 0x71ad6fc6	state0 ^ flags0 + flags0 ^ flags0 | 0x75c2d7ad + 0x3d28c7fc - 0xb911f97 | u16_1 - state0 ^ flags0 + flags0 ^ flags0 | 0x75c2d7ad + 0x3d28c7fc - 0xb911f97 + 0x71ad6fc6	0xac9ff:and:flags0 & 0x68a0e4da;0xaca0f:add:flags0 & 0x68a0e4da + 0x40c8070a;0xaca4e:sub:flags0 & 0x68a0e4da + 0x40c8070a - 0x1d26ca9d;0xaca5f:sub:flags0 & 0x68a0e4da + 0x40c8070a - 0x1d26ca9d - 0xc88b898	0xac869:je,0xac9ef:je,0xaca3e:je
251	0xacbc5	39	0xacefb	182	1	0	5	0xacc7d:u16_0,0xacca6:byte0,0xacda4:b2,0xacdfe:u16_0,0xace7a:u16_3	0xaceb5:and:state0 & u16_3 - state0 ^ 0x7cf1b821	state0 & u16_3 - state0 ^ 0x7cf1b821		0xaccad:jne,0xaccd2:jne,0xaccea:jne,0xacd02:jne,0xacdb0:je
252	0xacefd	0	0xad329	243	6	2	4	0xacf11:u32_0,0xacf65:u32_0,0xacfc8:byte0,0xad0b4:u32_2,0xad292:u16_0	0xad025:or:state0 | 0x764111b0;0xad043:add:state0 | 0x764111b0 + 0x6d2270cb;0xad120:add:state0 | 0x764111b0 + 0x6d2270cb + u32_2 ^ flags0;0xad198:add:state0 | 0x764111b0 + 0x6d2270cb + u32_2 ^ flags0 + flags0 | 0x62c3b0dd | 0x2b96d1d1;0xad1a4:and:state0 | 0x764111b0 + 0x6d2270cb + u32_2 ^ flags0 + flags0 | 0x62c3b0dd | 0x2b96d1d1 & 0x2d46e2e3;0xad2f4:xor:state0 | 0x764111b0 + 0x6d2270cb + u32_2 ^ flags0 + flags0 | 0x62c3b0dd | 0x2b96d1d1 & 0x2d46e2e3 ^ u16_0 + 0x7c5d4802	state0 | 0x764111b0 + 0x6d2270cb + u32_2 ^ flags0 + flags0 | 0x62c3b0dd | 0x2b96d1d1 & 0x2d46e2e3 ^ u16_0 + 0x7c5d4802	0xad157:or:flags0 | 0x62c3b0dd;0xad1d8:xor:flags0 | 0x62c3b0dd ^ state0 | 0x764111b0 + 0x6d2270cb + u32_2 ^ flags0 + flags0 | 0x62c3b0dd | 0x2b96d1d1 & 0x2d46e2e3 + 0x76b870d6	0xacf30:je,0xacf41:je,0xacff9:je,0xad075:je
253	0xacfb1	1984	0xad329	189	6	2	2	0xacfc8:byte0,0xad0b4:u32_2,0xad292:u16_0	0xad025:or:state0 | 0x764111b0;0xad043:add:state0 | 0x764111b0 + 0x6d2270cb;0xad120:add:state0 | 0x764111b0 + 0x6d2270cb + u32_2 ^ flags0;0xad198:add:state0 | 0x764111b0 + 0x6d2270cb + u32_2 ^ flags0 + flags0 | 0x62c3b0dd | 0x2b96d1d1;0xad1a4:and:state0 | 0x764111b0 + 0x6d2270cb + u32_2 ^ flags0 + flags0 | 0x62c3b0dd | 0x2b96d1d1 & 0x2d46e2e3;0xad2f4:xor:state0 | 0x764111b0 + 0x6d2270cb + u32_2 ^ flags0 + flags0 | 0x62c3b0dd | 0x2b96d1d1 & 0x2d46e2e3 ^ u16_0 + 0x7c5d4802	state0 | 0x764111b0 + 0x6d2270cb + u32_2 ^ flags0 + flags0 | 0x62c3b0dd | 0x2b96d1d1 & 0x2d46e2e3 ^ u16_0 + 0x7c5d4802	0xad157:or:flags0 | 0x62c3b0dd;0xad1d8:xor:flags0 | 0x62c3b0dd ^ state0 | 0x764111b0 + 0x6d2270cb + u32_2 ^ flags0 + flags0 | 0x62c3b0dd | 0x2b96d1d1 & 0x2d46e2e3 + 0x76b870d6	0xacff9:je,0xad075:je
254	0xad32c	1988	0xad766	228	10	2	2	0xad3b3:u16_0,0xad5ce:byte0,0xad675:u16_2	0xad353:add:state0 + flags0;0xad437:sub:state0 + flags0 - u16_0 ^ state0 + flags0;0xad4bb:or:state0 + flags0 - u16_0 ^ state0 + flags0 | flags0;0xad4d2:or:state0 + flags0 - u16_0 ^ state0 + flags0 | flags0 | 0x617339d9;0xad4e4:or:state0 + flags0 - u16_0 ^ state0 + flags0 | flags0 | 0x617339d9 | 0x5635509;0xad513:or:state0 + flags0 - u16_0 ^ state0 + flags0 | flags0 | 0x617339d9 | 0x5635509 | 0x15874263;0xad56c:xor:state0 + flags0 - u16_0 ^ state0 + flags0 | flags0 | 0x617339d9 | 0x5635509 | 0x15874263 ^ 0x5bf4e999;0xad5e5:and:state0 + flags0 - u16_0 ^ state0 + flags0 | flags0 | 0x617339d9 | 0x5635509 | 0x15874263 ^ 0x5bf4e999 & flags0 - 0x35a18ac8 | 0x5feb6979;0xad608:and:state0 + flags0 - u16_0 ^ state0 + flags0 | flags0 | 0x617339d9 | 0x5635509 | 0x15874263 ^ 0x5bf4e999 & flags0 - 0x35a18ac8 | 0x5feb6979 & 0x3e80b852;0xad6fb:or:state0 + flags0 - u16_0 ^ state0 + flags0 | flags0 | 0x617339d9 | 0x5635509 | 0x15874263 ^ 0x5bf4e999 & flags0 - 0x35a18ac8 | 0x5feb6979 & 0x3e80b852 | u16_2 - 0x228a41a2	state0 + flags0 - u16_0 ^ state0 + flags0 | flags0 | 0x617339d9 | 0x5635509 | 0x15874263 ^ 0x5bf4e999 & flags0 - 0x35a18ac8 | 0x5feb6979 & 0x3e80b852 | u16_2 - 0x228a41a2	0xad5a8:sub:flags0 - 0x35a18ac8;0xad5b8:or:flags0 - 0x35a18ac8 | 0x5feb6979	0xad53c:je,0xad598:je
255	0xad768	0	0xad847	50	0	0	1	0xad789:u16_2,0xad794:u16_6,0xad7bb:u16_0,0xad80e:u16_4		state0		0xad7d5:je
256	0xad849	3880	0xadbfa	202	6	4	8	0xad894:byte0,0xad9af:byte0,0xad9ef:byte0,0xad9fc:byte0,0xadb1a:u16_0	0xad909:xor:state0 ^ 0x3e93f8db;0xad952:add:state0 ^ 0x3e93f8db + 0x1734aabd;0xad995:xor:state0 ^ 0x3e93f8db + 0x1734aabd ^ flags0 - state0 ^ 0x3e93f8db ^ 0x7a7f365a;0xad9bc:or:state0 ^ 0x3e93f8db + 0x1734aabd ^ flags0 - state0 ^ 0x3e93f8db ^ 0x7a7f365a | flags0 - state0 ^ 0x3e93f8db ^ 0x7a7f365a;0xada46:xor:state0 ^ 0x3e93f8db + 0x1734aabd ^ flags0 - state0 ^ 0x3e93f8db ^ 0x7a7f365a | flags0 - state0 ^ 0x3e93f8db ^ 0x7a7f365a ^ 0x30de4dc1;0xadb93:and:state0 ^ 0x3e93f8db + 0x1734aabd ^ flags0 - state0 ^ 0x3e93f8db ^ 0x7a7f365a | flags0 - state0 ^ 0x3e93f8db ^ 0x7a7f365a ^ 0x30de4dc1 & u16_0 + state0 ^ 0x3e93f8db + 0x1734aabd ^ flags0 - state0 ^ 0x3e93f8db ^ 0x7a7f365a | flags0 - state0 ^ 0x3e93f8db ^ 0x7a7f365a ^ 0x30de4dc1 - 0x3817cdcc	state0 ^ 0x3e93f8db + 0x1734aabd ^ flags0 - state0 ^ 0x3e93f8db ^ 0x7a7f365a | flags0 - state0 ^ 0x3e93f8db ^ 0x7a7f365a ^ 0x30de4dc1 & u16_0 + state0 ^ 0x3e93f8db + 0x1734aabd ^ flags0 - state0 ^ 0x3e93f8db ^ 0x7a7f365a | flags0 - state0 ^ 0x3e93f8db ^ 0x7a7f365a ^ 0x30de4dc1 - 0x3817cdcc	0xad933:sub:flags0 - state0 ^ 0x3e93f8db;0xad940:xor:flags0 - state0 ^ 0x3e93f8db ^ 0x7a7f365a;0xada8e:xor:flags0 - state0 ^ 0x3e93f8db ^ 0x7a7f365a ^ state0 ^ 0x3e93f8db + 0x1734aabd ^ flags0 - state0 ^ 0x3e93f8db ^ 0x7a7f365a | flags0 - state0 ^ 0x3e93f8db ^ 0x7a7f365a ^ 0x30de4dc1 ^ 0x7155bc45;0xada9a:xor:flags0 - state0 ^ 0x3e93f8db ^ 0x7a7f365a ^ state0 ^ 0x3e93f8db + 0x1734aabd ^ flags0 - state0 ^ 0x3e93f8db ^ 0x7a7f365a | flags0 - state0 ^ 0x3e93f8db ^ 0x7a7f365a ^ 0x30de4dc1 ^ 0x7155bc45 ^ 0x5e610d46	0xad89b:jne,0xad8a7:jne,0xad8b4:jne,0xad8ca:je,0xad8e1:jne,0xad973:je,0xad9da:je,0xada6f:je
257	0xadbfd	4958	0xadf29	180	5	1	8	0xadcba:byte0,0xadd23:byte0,0xadd44:byte0,0xade34:u16_0,0xadecb:u16_0 - state0 - 0x509f61c9 + 0x1b9def5 - 0x7d4ca123 | 0x1d2af87	0xadc14:sub:state0 - 0x509f61c9;0xadd26:add:state0 - 0x509f61c9 + 0x1b9def5;0xadd5c:sub:state0 - 0x509f61c9 + 0x1b9def5 - 0x7d4ca123;0xaddc8:or:state0 - 0x509f61c9 + 0x1b9def5 - 0x7d4ca123 | 0x1d2af87;0xadec7:xor:state0 - 0x509f61c9 + 0x1b9def5 - 0x7d4ca123 | 0x1d2af87 ^ u16_0 - state0 - 0x509f61c9 + 0x1b9def5 - 0x7d4ca123 | 0x1d2af87	state0 - 0x509f61c9 + 0x1b9def5 - 0x7d4ca123 | 0x1d2af87 ^ u16_0 - state0 - 0x509f61c9 + 0x1b9def5 - 0x7d4ca123 | 0x1d2af87	0xadc5a:or:flags0 | 0x6cd0e9c0	0xadc1e:je,0xadcc0:jne,0xadccc:jne,0xadcd9:jne,0xadcf0:je,0xadd06:jne,0xadd6a:je,0xadda4:je
258	0xadf2c	28058	0xae32f	218	4	4	2	0xadf39:byte0,0xadf81:byte0,0xae01f:byte0,0xae064:u16_2,0xae06f:u16_2,0xae234:u16_0	0xadf8e:xor:state0 ^ 0x11095fd5;0xae01c:add:state0 ^ 0x11095fd5 + flags0 - 0x1510614f | 0xa1b079a ^ 0x1769756e;0xae101:xor:state0 ^ 0x11095fd5 + flags0 - 0x1510614f | 0xa1b079a ^ 0x1769756e ^ u16_2 - flags0 - 0x1510614f | 0xa1b079a ^ 0x1769756e;0xae2d0:and:state0 ^ 0x11095fd5 + flags0 - 0x1510614f | 0xa1b079a ^ 0x1769756e ^ u16_2 - flags0 - 0x1510614f | 0xa1b079a ^ 0x1769756e & u16_0 - state0 ^ 0x11095fd5 + flags0 - 0x1510614f | 0xa1b079a ^ 0x1769756e ^ u16_2 - flags0 - 0x1510614f | 0xa1b079a ^ 0x1769756e ^ 0x5812e92c	state0 ^ 0x11095fd5 + flags0 - 0x1510614f | 0xa1b079a ^ 0x1769756e ^ u16_2 - flags0 - 0x1510614f | 0xa1b079a ^ 0x1769756e & u16_0 - state0 ^ 0x11095fd5 + flags0 - 0x1510614f | 0xa1b079a ^ 0x1769756e ^ u16_2 - flags0 - 0x1510614f | 0xa1b079a ^ 0x1769756e ^ 0x5812e92c	0xadf61:sub:flags0 - 0x1510614f;0xadf71:or:flags0 - 0x1510614f | 0xa1b079a;0xadfb6:xor:flags0 - 0x1510614f | 0xa1b079a ^ 0x1769756e;0xae110:sub:flags0 - 0x1510614f | 0xa1b079a ^ 0x1769756e - 0x63deb9c4	0xadf51:je,0xadfe1:je
259	0xae332	1	0xae909	320	6	11	6	0xae4e8:byte0,0xae526:u32_2,0xae7f9:u16_0	0xae4bf:or:state0 | flags0 ^ 0x5b05419c + 0x792f3332 ^ 0x8bcb284 - 0x36b43160 ^ 0x674120fe - 0x57f37797 | 0x5190c117 + 0x5ad08ad1;0xae5b4:and:state0 | flags0 ^ 0x5b05419c + 0x792f3332 ^ 0x8bcb284 - 0x36b43160 ^ 0x674120fe - 0x57f37797 | 0x5190c117 + 0x5ad08ad1 & u32_2 - state0 | flags0 ^ 0x5b05419c + 0x792f3332 ^ 0x8bcb284 - 0x36b43160 ^ 0x674120fe - 0x57f37797 | 0x5190c117 + 0x5ad08ad1 + flags0 ^ 0x5b05419c + 0x792f3332 ^ 0x8bcb284 - 0x36b43160 ^ 0x674120fe - 0x57f37797 | 0x5190c117 + 0x5ad08ad1;0xae6db:xor:state0 | flags0 ^ 0x5b05419c + 0x792f3332 ^ 0x8bcb284 - 0x36b43160 ^ 0x674120fe - 0x57f37797 | 0x5190c117 + 0x5ad08ad1 & u32_2 - state0 | flags0 ^ 0x5b05419c + 0x792f3332 ^ 0x8bcb284 - 0x36b43160 ^ 0x674120fe - 0x57f37797 | 0x5190c117 + 0x5ad08ad1 + flags0 ^ 0x5b05419c + 0x792f3332 ^ 0x8bcb284 - 0x36b43160 ^ 0x674120fe - 0x57f37797 | 0x5190c117 + 0x5ad08ad1 ^ 0x71457984;0xae733:add:state0 | flags0 ^ 0x5b05419c + 0x792f3332 ^ 0x8bcb284 - 0x36b43160 ^ 0x674120fe - 0x57f37797 | 0x5190c117 + 0x5ad08ad1 & u32_2 - state0 | flags0 ^ 0x5b05419c + 0x792f3332 ^ 0x8bcb284 - 0x36b43160 ^ 0x674120fe - 0x57f37797 | 0x5190c117 + 0x5ad08ad1 + flags0 ^ 0x5b05419c + 0x792f3332 ^ 0x8bcb284 - 0x36b43160 ^ 0x674120fe - 0x57f37797 | 0x5190c117 + 0x5ad08ad1 ^ 0x71457984 + flags0 ^ 0x5b05419c + 0x792f3332 ^ 0x8bcb284 - 0x36b43160 ^ 0x674120fe - 0x57f37797 | 0x5190c117 + 0x5ad08ad1 ^ 0x76155fd ^ 0x2e1ba290 ^ 0x61a2d9b;0xae779:xor:state0 | flags0 ^ 0x5b05419c + 0x792f3332 ^ 0x8bcb284 - 0x36b43160 ^ 0x674120fe - 0x57f37797 | 0x5190c117 + 0x5ad08ad1 & u32_2 - state0 | flags0 ^ 0x5b05419c + 0x792f3332 ^ 0x8bcb284 - 0x36b43160 ^ 0x674120fe - 0x57f37797 | 0x5190c117 + 0x5ad08ad1 + flags0 ^ 0x5b05419c + 0x792f3332 ^ 0x8bcb284 - 0x36b43160 ^ 0x674120fe - 0x57f37797 | 0x5190c117 + 0x5ad08ad1 ^ 0x71457984 + flags0 ^ 0x5b05419c + 0x792f3332 ^ 0x8bcb284 - 0x36b43160 ^ 0x674120fe - 0x57f37797 | 0x5190c117 + 0x5ad08ad1 ^ 0x76155fd ^ 0x2e1ba290 ^ 0x61a2d9b ^ flags0 ^ 0x5b05419c + 0x792f3332 ^ 0x8bcb284 - 0x36b43160 ^ 0x674120fe - 0x57f37797 | 0x5190c117 + 0x5ad08ad1 ^ 0x76155fd ^ 0x2e1ba290 ^ 0x61a2d9b;0xae89a:or:state0 | flags0 ^ 0x5b05419c + 0x792f3332 ^ 0x8bcb284 - 0x36b43160 ^ 0x674120fe - 0x57f37797 | 0x5190c117 + 0x5ad08ad1 & u32_2 - state0 | flags0 ^ 0x5b05419c + 0x792f3332 ^ 0x8bcb284 - 0x36b43160 ^ 0x674120fe - 0x57f37797 | 0x5190c117 + 0x5ad08ad1 + flags0 ^ 0x5b05419c + 0x792f3332 ^ 0x8bcb284 - 0x36b43160 ^ 0x674120fe - 0x57f37797 | 0x5190c117 + 0x5ad08ad1 ^ 0x71457984 + flags0 ^ 0x5b05419c + 0x792f3332 ^ 0x8bcb284 - 0x36b43160 ^ 0x674120fe - 0x57f37797 | 0x5190c117 + 0x5ad08ad1 ^ 0x76155fd ^ 0x2e1ba290 ^ 0x61a2d9b ^ flags0 ^ 0x5b05419c + 0x792f3332 ^ 0x8bcb284 - 0x36b43160 ^ 0x674120fe - 0x57f37797 | 0x5190c117 + 0x5ad08ad1 ^ 0x76155fd ^ 0x2e1ba290 ^ 0x61a2d9b | u16_0	state0 | flags0 ^ 0x5b05419c + 0x792f3332 ^ 0x8bcb284 - 0x36b43160 ^ 0x674120fe - 0x57f37797 | 0x5190c117 + 0x5ad08ad1 & u32_2 - state0 | flags0 ^ 0x5b05419c + 0x792f3332 ^ 0x8bcb284 - 0x36b43160 ^ 0x674120fe - 0x57f37797 | 0x5190c117 + 0x5ad08ad1 + flags0 ^ 0x5b05419c + 0x792f3332 ^ 0x8bcb284 - 0x36b43160 ^ 0x674120fe - 0x57f37797 | 0x5190c117 + 0x5ad08ad1 ^ 0x71457984 + flags0 ^ 0x5b05419c + 0x792f3332 ^ 0x8bcb284 - 0x36b43160 ^ 0x674120fe - 0x57f37797 | 0x5190c117 + 0x5ad08ad1 ^ 0x76155fd ^ 0x2e1ba290 ^ 0x61a2d9b ^ flags0 ^ 0x5b05419c + 0x792f3332 ^ 0x8bcb284 - 0x36b43160 ^ 0x674120fe - 0x57f37797 | 0x5190c117 + 0x5ad08ad1 ^ 0x76155fd ^ 0x2e1ba290 ^ 0x61a2d9b | u16_0	0xae370:xor:flags0 ^ 0x5b05419c;0xae380:add:flags0 ^ 0x5b05419c + 0x792f3332;0xae3bf:xor:flags0 ^ 0x5b05419c + 0x792f3332 ^ 0x8bcb284;0xae3d0:sub:flags0 ^ 0x5b05419c + 0x792f3332 ^ 0x8bcb284 - 0x36b43160;0xae427:xor:flags0 ^ 0x5b05419c + 0x792f3332 ^ 0x8bcb284 - 0x36b43160 ^ 0x674120fe;0xae437:sub:flags0 ^ 0x5b05419c + 0x792f3332 ^ 0x8bcb284 - 0x36b43160 ^ 0x674120fe - 0x57f37797;0xae473:or:flags0 ^ 0x5b05419c + 0x792f3332 ^ 0x8bcb284 - 0x36b43160 ^ 0x674120fe - 0x57f37797 | 0x5190c117;0xae484:add:flags0 ^ 0x5b05419c + 0x792f3332 ^ 0x8bcb284 - 0x36b43160 ^ 0x674120fe - 0x57f37797 | 0x5190c117 + 0x5ad08ad1;0xae5e6:xor:flags0 ^ 0x5b05419c + 0x792f3332 ^ 0x8bcb284 - 0x36b43160 ^ 0x674120fe - 0x57f37797 | 0x5190c117 + 0x5ad08ad1 ^ 0x76155fd;0xae702:xor:flags0 ^ 0x5b05419c + 0x792f3332 ^ 0x8bcb284 - 0x36b43160 ^ 0x674120fe - 0x57f37797 | 0x5190c117 + 0x5ad08ad1 ^ 0x76155fd ^ 0x2e1ba290;0xae714:xor:flags0 ^ 0x5b05419c + 0x792f3332 ^ 0x8bcb284 - 0x36b43160 ^ 0x674120fe - 0x57f37797 | 0x5190c117 + 0x5ad08ad1 ^ 0x76155fd ^ 0x2e1ba290 ^ 0x61a2d9b	0xae360:je,0xae3af:je,0xae3f4:je,0xae417:je,0xae463:je,0xae6f2:je
260	0xae90b	2645	0xaeda0	244	10	6	3	0xaeb17:u16_2,0xaeb74:u16_2 + state0 + 0x581f6275 ^ flags0 - 0x705f9ad2 + 0x760922e2 & 0x2efb7283 | 0x7ba7e961 + flags0 - 0x705f9ad2 + 0x760922e2 | flags0 - 0x705f9ad2 + 0x760922e2 & 0x5af0e1db | 0x17270855 | flags0 - 0x705f9ad2 + 0x760922e2 | flags0 - 0x705f9ad2 + 0x760922e2 - flags0 - 0x705f9ad2 + 0x760922e2 ^ 0x34525a09 ^ 0x17010cf2 | state0 + 0x581f6275 ^ flags0 - 0x705f9ad2 + 0x760922e2 & 0x2efb7283 | 0x7ba7e961 + flags0 - 0x705f9ad2 + 0x760922e2 | flags0 - 0x705f9ad2 + 0x760922e2 & 0x5af0e1db | 0x17270855 | flags0 - 0x705f9ad2 + 0x760922e2 | flags0 - 0x705f9ad2 + 0x760922e2 & 0x624bad50,0xaecbb:u16_0,0xaecfa:u16_0 - state0 + 0x581f6275 ^ flags0 - 0x705f9ad2 + 0x760922e2 & 0x2efb7283 | 0x7ba7e961 + flags0 - 0x705f9ad2 + 0x760922e2 | flags0 - 0x705f9ad2 + 0x760922e2 & 0x5af0e1db | 0x17270855 | flags0 - 0x705f9ad2 + 0x760922e2 | flags0 - 0x705f9ad2 + 0x760922e2 & u16_2 + state0 + 0x581f6275 ^ flags0 - 0x705f9ad2 + 0x760922e2 & 0x2efb7283 | 0x7ba7e961 + flags0 - 0x705f9ad2 + 0x760922e2 | flags0 - 0x705f9ad2 + 0x760922e2 & 0x5af0e1db | 0x17270855 | flags0 - 0x705f9ad2 + 0x760922e2 | flags0 - 0x705f9ad2 + 0x760922e2 - flags0 - 0x705f9ad2 + 0x760922e2 ^ 0x34525a09 ^ 0x17010cf2 | state0 + 0x581f6275 ^ flags0 - 0x705f9ad2 + 0x760922e2 & 0x2efb7283 | 0x7ba7e961 + flags0 - 0x705f9ad2 + 0x760922e2 | flags0 - 0x705f9ad2 + 0x760922e2 & 0x5af0e1db | 0x17270855 | flags0 - 0x705f9ad2 + 0x760922e2 | flags0 - 0x705f9ad2 + 0x760922e2 & 0x624bad50 ^ 0x470c080d	0xae956:add:state0 + 0x581f6275;0xae97a:xor:state0 + 0x581f6275 ^ flags0 - 0x705f9ad2 + 0x760922e2 & 0x2efb7283;0xae999:or:state0 + 0x581f6275 ^ flags0 - 0x705f9ad2 + 0x760922e2 & 0x2efb7283 | 0x7ba7e961;0xae9b9:add:state0 + 0x581f6275 ^ flags0 - 0x705f9ad2 + 0x760922e2 & 0x2efb7283 | 0x7ba7e961 + flags0 - 0x705f9ad2 + 0x760922e2;0xae9da:or:state0 + 0x581f6275 ^ flags0 - 0x705f9ad2 + 0x760922e2 & 0x2efb7283 | 0x7ba7e961 + flags0 - 0x705f9ad2 + 0x760922e2 | flags0 - 0x705f9ad2 + 0x760922e2 & 0x5af0e1db;0xae9e8:or:state0 + 0x581f6275 ^ flags0 - 0x705f9ad2 + 0x760922e2 & 0x2efb7283 | 0x7ba7e961 + flags0 - 0x705f9ad2 + 0x760922e2 | flags0 - 0x705f9ad2 + 0x760922e2 & 0x5af0e1db | 0x17270855;0xaea06:or:state0 + 0x581f6275 ^ flags0 - 0x705f9ad2 + 0x760922e2 & 0x2efb7283 | 0x7ba7e961 + flags0 - 0x705f9ad2 + 0x760922e2 | flags0 - 0x705f9ad2 + 0x760922e2 & 0x5af0e1db | 0x17270855 | flags0 - 0x705f9ad2 + 0x760922e2;0xaea20:or:state0 + 0x581f6275 ^ flags0 - 0x705f9ad2 + 0x760922e2 & 0x2efb7283 | 0x7ba7e961 + flags0 - 0x705f9ad2 + 0x760922e2 | flags0 - 0x705f9ad2 + 0x760922e2 & 0x5af0e1db | 0x17270855 | flags0 - 0x705f9ad2 + 0x760922e2 | flags0 - 0x705f9ad2 + 0x760922e2;0xaeba3:and:state0 + 0x581f6275 ^ flags0 - 0x705f9ad2 + 0x760922e2 & 0x2efb7283 | 0x7ba7e961 + flags0 - 0x705f9ad2 + 0x760922e2 | flags0 - 0x705f9ad2 + 0x760922e2 & 0x5af0e1db | 0x17270855 | flags0 - 0x705f9ad2 + 0x760922e2 | flags0 - 0x705f9ad2 + 0x760922e2 & u16_2 + state0 + 0x581f6275 ^ flags0 - 0x705f9ad2 + 0x760922e2 & 0x2efb7283 | 0x7ba7e961 + flags0 - 0x705f9ad2 + 0x760922e2 | flags0 - 0x705f9ad2 + 0x760922e2 & 0x5af0e1db | 0x17270855 | flags0 - 0x705f9ad2 + 0x760922e2 | flags0 - 0x705f9ad2 + 0x760922e2 - flags0 - 0x705f9ad2 + 0x760922e2 ^ 0x34525a09 ^ 0x17010cf2 | state0 + 0x581f6275 ^ flags0 - 0x705f9ad2 + 0x760922e2 & 0x2efb7283 | 0x7ba7e961 + flags0 - 0x705f9ad2 + 0x760922e2 | flags0 - 0x705f9ad2 + 0x760922e2 & 0x5af0e1db | 0x17270855 | flags0 - 0x705f9ad2 + 0x760922e2 | flags0 - 0x705f9ad2 + 0x760922e2 & 0x624bad50;0xaed29:sub:state0 + 0x581f6275 ^ flags0 - 0x705f9ad2 + 0x760922e2 & 0x2efb7283 | 0x7ba7e961 + flags0 - 0x705f9ad2 + 0x760922e2 | flags0 - 0x705f9ad2 + 0x760922e2 & 0x5af0e1db | 0x17270855 | flags0 - 0x705f9ad2 + 0x760922e2 | flags0 - 0x705f9ad2 + 0x760922e2 & u16_2 + state0 + 0x581f6275 ^ flags0 - 0x705f9ad2 + 0x760922e2 & 0x2efb7283 | 0x7ba7e961 + flags0 - 0x705f9ad2 + 0x760922e2 | flags0 - 0x705f9ad2 + 0x760922e2 & 0x5af0e1db | 0x17270855 | flags0 - 0x705f9ad2 + 0x760922e2 | flags0 - 0x705f9ad2 + 0x760922e2 - flags0 - 0x705f9ad2 + 0x760922e2 ^ 0x34525a09 ^ 0x17010cf2 | state0 + 0x581f6275 ^ flags0 - 0x705f9ad2 + 0x760922e2 & 0x2efb7283 | 0x7ba7e961 + flags0 - 0x705f9ad2 + 0x760922e2 | flags0 - 0x705f9ad2 + 0x760922e2 & 0x5af0e1db | 0x17270855 | flags0 - 0x705f9ad2 + 0x760922e2 | flags0 - 0x705f9ad2 + 0x760922e2 & 0x624bad50 - u16_0 - state0 + 0x581f6275 ^ flags0 - 0x705f9ad2 + 0x760922e2 & 0x2efb7283 | 0x7ba7e961 + flags0 - 0x705f9ad2 + 0x760922e2 | flags0 - 0x705f9ad2 + 0x760922e2 & 0x5af0e1db | 0x17270855 | flags0 - 0x705f9ad2 + 0x760922e2 | flags0 - 0x705f9ad2 + 0x760922e2 & u16_2 + state0 + 0x581f6275 ^ flags0 - 0x705f9ad2 + 0x760922e2 & 0x2efb7283 | 0x7ba7e961 + flags0 - 0x705f9ad2 + 0x760922e2 | flags0 - 0x705f9ad2 + 0x760922e2 & 0x5af0e1db | 0x17270855 | flags0 - 0x705f9ad2 + 0x760922e2 | flags0 - 0x705f9ad2 + 0x760922e2 - flags0 - 0x705f9ad2 + 0x760922e2 ^ 0x34525a09 ^ 0x17010cf2 | state0 + 0x581f6275 ^ flags0 - 0x705f9ad2 + 0x760922e2 & 0x2efb7283 | 0x7ba7e961 + flags0 - 0x705f9ad2 + 0x760922e2 | flags0 - 0x705f9ad2 + 0x760922e2 & 0x5af0e1db | 0x17270855 | flags0 - 0x705f9ad2 + 0x760922e2 | flags0 - 0x705f9ad2 + 0x760922e2 & 0x624bad50 ^ 0x470c080d	state0 + 0x581f6275 ^ flags0 - 0x705f9ad2 + 0x760922e2 & 0x2efb7283 | 0x7ba7e961 + flags0 - 0x705f9ad2 + 0x760922e2 | flags0 - 0x705f9ad2 + 0x760922e2 & 0x5af0e1db | 0x17270855 | flags0 - 0x705f9ad2 + 0x760922e2 | flags0 - 0x705f9ad2 + 0x760922e2 & u16_2 + state0 + 0x581f6275 ^ flags0 - 0x705f9ad2 + 0x760922e2 & 0x2efb7283 | 0x7ba7e961 + flags0 - 0x705f9ad2 + 0x760922e2 | flags0 - 0x705f9ad2 + 0x760922e2 & 0x5af0e1db | 0x17270855 | flags0 - 0x705f9ad2 + 0x760922e2 | flags0 - 0x705f9ad2 + 0x760922e2 - flags0 - 0x705f9ad2 + 0x760922e2 ^ 0x34525a09 ^ 0x17010cf2 | state0 + 0x581f6275 ^ flags0 - 0x705f9ad2 + 0x760922e2 & 0x2efb7283 | 0x7ba7e961 + flags0 - 0x705f9ad2 + 0x760922e2 | flags0 - 0x705f9ad2 + 0x760922e2 & 0x5af0e1db | 0x17270855 | flags0 - 0x705f9ad2 + 0x760922e2 | flags0 - 0x705f9ad2 + 0x760922e2 & 0x624bad50 - u16_0 - state0 + 0x581f6275 ^ flags0 - 0x705f9ad2 + 0x760922e2 & 0x2efb7283 | 0x7ba7e961 + flags0 - 0x705f9ad2 + 0x760922e2 | flags0 - 0x705f9ad2 + 0x760922e2 & 0x5af0e1db | 0x17270855 | flags0 - 0x705f9ad2 + 0x760922e2 | flags0 - 0x705f9ad2 + 0x760922e2 & u16_2 + state0 + 0x581f6275 ^ flags0 - 0x705f9ad2 + 0x760922e2 & 0x2efb7283 | 0x7ba7e961 + flags0 - 0x705f9ad2 + 0x760922e2 | flags0 - 0x705f9ad2 + 0x760922e2 & 0x5af0e1db | 0x17270855 | flags0 - 0x705f9ad2 + 0x760922e2 | flags0 - 0x705f9ad2 + 0x760922e2 - flags0 - 0x705f9ad2 + 0x760922e2 ^ 0x34525a09 ^ 0x17010cf2 | state0 + 0x581f6275 ^ flags0 - 0x705f9ad2 + 0x760922e2 & 0x2efb7283 | 0x7ba7e961 + flags0 - 0x705f9ad2 + 0x760922e2 | flags0 - 0x705f9ad2 + 0x760922e2 & 0x5af0e1db | 0x17270855 | flags0 - 0x705f9ad2 + 0x760922e2 | flags0 - 0x705f9ad2 + 0x760922e2 & 0x624bad50 ^ 0x470c080d	0xae93e:sub:flags0 - 0x705f9ad2;0xae94f:add:flags0 - 0x705f9ad2 + 0x760922e2;0xaea58:xor:flags0 - 0x705f9ad2 + 0x760922e2 ^ 0x34525a09;0xaea69:xor:flags0 - 0x705f9ad2 + 0x760922e2 ^ 0x34525a09 ^ 0x17010cf2;0xaeaa8:or:flags0 - 0x705f9ad2 + 0x760922e2 ^ 0x34525a09 ^ 0x17010cf2 | state0 + 0x581f6275 ^ flags0 - 0x705f9ad2 + 0x760922e2 & 0x2efb7283 | 0x7ba7e961 + flags0 - 0x705f9ad2 + 0x760922e2 | flags0 - 0x705f9ad2 + 0x760922e2 & 0x5af0e1db | 0x17270855 | flags0 - 0x705f9ad2 + 0x760922e2 | flags0 - 0x705f9ad2 + 0x760922e2 & 0x624bad50;0xaebc4:sub:flags0 - 0x705f9ad2 + 0x760922e2 ^ 0x34525a09 ^ 0x17010cf2 | state0 + 0x581f6275 ^ flags0 - 0x705f9ad2 + 0x760922e2 & 0x2efb7283 | 0x7ba7e961 + flags0 - 0x705f9ad2 + 0x760922e2 | flags0 - 0x705f9ad2 + 0x760922e2 & 0x5af0e1db | 0x17270855 | flags0 - 0x705f9ad2 + 0x760922e2 | flags0 - 0x705f9ad2 + 0x760922e2 & 0x624bad50 - 0x3717af11	0xae92e:je,0xaea48:je,0xaea75:je
261	0xaeda2	1074	0xaeeff	77	1	0	0	0xaede7:u16_4,0xaee29:u16_0,0xaee8d:u16_2	0xaeeca:add:state0 + u16_2 + 0x4c539d29	state0 + u16_2 + 0x4c539d29		
262	0xaef02	0	0xaf26a	186	1	0	2	0xaef49:u16_2,0xaef4d:u16_4,0xaefa9:u16_0,0xaf05a:u16_4,0xaf06c:u16_2,0xaf0e1:byte0,0xaf132:b10,0xaf176:u16_6,0xaf1ec:u16_8	0xaf19d:add:state0 + flags0	state0 + flags0		0xaf07b:je,0xaf13d:je
263	0xaf26d	0	0xaf4cc	129	1	3	3	0xaf2b7:u16_4,0xaf301:u16_9,0xaf32e:u16_6,0xaf378:u16_4,0xaf383:u16_9,0xaf3d4:b8,0xaf401:u16_2,0xaf465:u16_0	0xaf4a4:sub:state0 - u16_0 ^ 0x6d9939f2	state0 - u16_0 ^ 0x6d9939f2	0xaf289:and:flags0 & state0 ^ 0x4b7234ee;0xaf2db:and:flags0 & state0 ^ 0x4b7234ee & 0x494c6a1a;0xaf2ec:xor:flags0 & state0 ^ 0x4b7234ee & 0x494c6a1a ^ 0x2b390569	0xaf2cb:je,0xaf394:je,0xaf3e0:je
264	0xaf4cf	291	0xaf8ac	230	1	0	0	0xaf4ea:u32_6,0xaf515:u16_4,0xaf541:u32_0,0xaf5b8:u16_24,0xaf5de:u16_26,0xaf604:u16_18,0xaf62a:u16_10,0xaf64f:u16_22,0xaf674:u16_14,0xaf69a:u16_20,0xaf6be:u16_12,0xaf6e3:u16_6,0xaf709:u16_0,0xaf72d:u16_2,0xaf74e:u16_30,0xaf771:u16_32,0xaf795:u16_4,0xaf7c9:u16_28,0xaf7ee:u16_16,0xaf86c:u16_8	0xaf88c:and:state0 & u16_8 + state0 - 0x6fba3362	state0 & u16_8 + state0 - 0x6fba3362		
265	0xaf57f	0	0xaf8ac	182	1	0	0	0xaf5b8:u16_24,0xaf5de:u16_26,0xaf604:u16_18,0xaf62a:u16_10,0xaf64f:u16_22,0xaf674:u16_14,0xaf69a:u16_20,0xaf6be:u16_12,0xaf6e3:u16_6,0xaf709:u16_0,0xaf72d:u16_2,0xaf74e:u16_30,0xaf771:u16_32,0xaf795:u16_4,0xaf7c9:u16_28,0xaf7ee:u16_16,0xaf86c:u16_8	0xaf88c:and:state0 & u16_8 + state0 - 0x6fba3362	state0 & u16_8 + state0 - 0x6fba3362		
266	0xaf8af	200	0xafa1d	75	0	0	1	0xaf8f7:u16_0,0xaf993:u32_4,0xaf99e:u32_4		state0		0xaf9ae:je
267	0xafa1f	4	0xb0005	328	4	7	7	0xafa48:byte0,0xafb43:byte0,0xafcf3:b2,0xafd7b:u16_3,0xafe94:byte0,0xaff0a:u16_0	0xafa72:and:state0 & 0x22c7ea36;0xafc0b:or:state0 & 0x22c7ea36 | flags0 | 0x10c4506b ^ 0x5cdc1fad + 0x50bb45db - 0x13e853fe;0xafe87:and:state0 & 0x22c7ea36 | flags0 | 0x10c4506b ^ 0x5cdc1fad + 0x50bb45db - 0x13e853fe & flags0 | 0x10c4506b ^ 0x5cdc1fad + 0x50bb45db - 0x13e853fe & 0x18f9e0e8 - 0x376fe1fd | 0x2bce070c;0xaff7d:add:state0 & 0x22c7ea36 | flags0 | 0x10c4506b ^ 0x5cdc1fad + 0x50bb45db - 0x13e853fe & flags0 | 0x10c4506b ^ 0x5cdc1fad + 0x50bb45db - 0x13e853fe & 0x18f9e0e8 - 0x376fe1fd | 0x2bce070c + u16_0 + state0 & 0x22c7ea36 | flags0 | 0x10c4506b ^ 0x5cdc1fad + 0x50bb45db - 0x13e853fe & flags0 | 0x10c4506b ^ 0x5cdc1fad + 0x50bb45db - 0x13e853fe & 0x18f9e0e8 - 0x376fe1fd | 0x2bce070c ^ 0x17e28bdf	state0 & 0x22c7ea36 | flags0 | 0x10c4506b ^ 0x5cdc1fad + 0x50bb45db - 0x13e853fe & flags0 | 0x10c4506b ^ 0x5cdc1fad + 0x50bb45db - 0x13e853fe & 0x18f9e0e8 - 0x376fe1fd | 0x2bce070c + u16_0 + state0 & 0x22c7ea36 | flags0 | 0x10c4506b ^ 0x5cdc1fad + 0x50bb45db - 0x13e853fe & flags0 | 0x10c4506b ^ 0x5cdc1fad + 0x50bb45db - 0x13e853fe & 0x18f9e0e8 - 0x376fe1fd | 0x2bce070c ^ 0x17e28bdf	0xafa9a:or:flags0 | 0x10c4506b;0xafadf:xor:flags0 | 0x10c4506b ^ 0x5cdc1fad;0xafaef:add:flags0 | 0x10c4506b ^ 0x5cdc1fad + 0x50bb45db;0xafb12:sub:flags0 | 0x10c4506b ^ 0x5cdc1fad + 0x50bb45db - 0x13e853fe;0xafe28:and:flags0 | 0x10c4506b ^ 0x5cdc1fad + 0x50bb45db - 0x13e853fe & 0x18f9e0e8;0xafe57:sub:flags0 | 0x10c4506b ^ 0x5cdc1fad + 0x50bb45db - 0x13e853fe & 0x18f9e0e8 - 0x376fe1fd;0xafe68:or:flags0 | 0x10c4506b ^ 0x5cdc1fad + 0x50bb45db - 0x13e853fe & 0x18f9e0e8 - 0x376fe1fd | 0x2bce070c	0xafacf:je,0xafb4a:jne,0xafb58:jne,0xafb67:jne,0xafb75:jne,0xafcff:je,0xafe47:je
268	0xb0007	12038	0xb0458	246	5	5	6	0xb005d:byte0,0xb00db:u16_0,0xb03c0:u16_2	0xb0087:or:state0 | 0x71bd1bb1;0xb0155:add:state0 | 0x71bd1bb1 + u16_0 - state0 | 0x71bd1bb1 - flags0;0xb02c5:and:state0 | 0x71bd1bb1 + u16_0 - state0 | 0x71bd1bb1 - flags0 & flags0 + 0x33c0c75b & 0x174c40ef - 0x554d11ee & 0x30ef8696;0xb034b:or:state0 | 0x71bd1bb1 + u16_0 - state0 | 0x71bd1bb1 - flags0 & flags0 + 0x33c0c75b & 0x174c40ef - 0x554d11ee & 0x30ef8696 | flags0 + 0x33c0c75b & 0x174c40ef - 0x554d11ee & 0x30ef8696 + 0x12696b26;0xb0422:xor:state0 | 0x71bd1bb1 + u16_0 - state0 | 0x71bd1bb1 - flags0 & flags0 + 0x33c0c75b & 0x174c40ef - 0x554d11ee & 0x30ef8696 | flags0 + 0x33c0c75b & 0x174c40ef - 0x554d11ee & 0x30ef8696 + 0x12696b26 ^ u16_2 - state0 | 0x71bd1bb1 + u16_0 - state0 | 0x71bd1bb1 - flags0 & flags0 + 0x33c0c75b & 0x174c40ef - 0x554d11ee & 0x30ef8696 | flags0 + 0x33c0c75b & 0x174c40ef - 0x554d11ee & 0x30ef8696 + 0x12696b26 + 0x73efcc77	state0 | 0x71bd1bb1 + u16_0 - state0 | 0x71bd1bb1 - flags0 & flags0 + 0x33c0c75b & 0x174c40ef - 0x554d11ee & 0x30ef8696 | flags0 + 0x33c0c75b & 0x174c40ef - 0x554d11ee & 0x30ef8696 + 0x12696b26 ^ u16_2 - state0 | 0x71bd1bb1 + u16_0 - state0 | 0x71bd1bb1 - flags0 & flags0 + 0x33c0c75b & 0x174c40ef - 0x554d11ee & 0x30ef8696 | flags0 + 0x33c0c75b & 0x174c40ef - 0x554d11ee & 0x30ef8696 + 0x12696b26 + 0x73efcc77	0xb017a:add:flags0 + 0x33c0c75b;0xb0228:and:flags0 + 0x33c0c75b & 0x174c40ef;0xb023a:sub:flags0 + 0x33c0c75b & 0x174c40ef - 0x554d11ee;0xb0284:and:flags0 + 0x33c0c75b & 0x174c40ef - 0x554d11ee & 0x30ef8696;0xb0317:add:flags0 + 0x33c0c75b & 0x174c40ef - 0x554d11ee & 0x30ef8696 + 0x12696b26	0xb01e9:je,0xb0218:je,0xb026a:je,0xb029a:je,0xb02eb:je,0xb0307:je
269	0xb045b	2612	0xb092e	268	5	3	2	0xb0718:b0,0xb077c:u16_1,0xb086c:u16_3	0xb049a:xor:state0 ^ flags0 & state0;0xb04b1:and:state0 ^ flags0 & state0 & 0x6f7fff69;0xb04f6:and:state0 ^ flags0 & state0 & 0x6f7fff69 & flags0 & state0;0xb05e1:or:state0 ^ flags0 & state0 & 0x6f7fff69 & flags0 & state0 | flags0 & state0 ^ 0x4f60a287;0xb08d3:add:state0 ^ flags0 & state0 & 0x6f7fff69 & flags0 & state0 | flags0 & state0 ^ 0x4f60a287 + u16_3 + state0 ^ flags0 & state0 & 0x6f7fff69 & flags0 & state0 | flags0 & state0 ^ 0x4f60a287 + 0x4faa382	state0 ^ flags0 & state0 & 0x6f7fff69 & flags0 & state0 | flags0 & state0 ^ 0x4f60a287 + u16_3 + state0 ^ flags0 & state0 & 0x6f7fff69 & flags0 & state0 | flags0 & state0 ^ 0x4f60a287 + 0x4faa382	0xb0472:and:flags0 & state0;0xb062d:add:flags0 & state0 + 0x46ecf942;0xb063e:add:flags0 & state0 + 0x46ecf942 + 0x6cc73334	0xb061d:je,0xb0723:je
270	0xb0930	0	0xb0e2d	282	6	3	2	0xb094b:u32_0,0xb0976:u16_4,0xb0aa7:u32_0,0xb0c8e:byte0,0xb0d49:u16_8	0xb09d0:sub:state0 - flags0;0xb0a30:xor:state0 - flags0 ^ flags0 ^ 0x50b7f0a2;0xb0a3d:and:state0 - flags0 ^ flags0 ^ 0x50b7f0a2 & 0x409cc142;0xb0a6b:or:state0 - flags0 ^ flags0 ^ 0x50b7f0a2 & 0x409cc142 | 0x3d990ad0;0xb0ca7:sub:state0 - flags0 ^ flags0 ^ 0x50b7f0a2 & 0x409cc142 | 0x3d990ad0 - flags0 - 0x20f67834 + 0x5bab660 & 0x52dfbf43;0xb0dbc:and:state0 - flags0 ^ flags0 ^ 0x50b7f0a2 & 0x409cc142 | 0x3d990ad0 - flags0 - 0x20f67834 + 0x5bab660 & 0x52dfbf43 & u16_8 ^ state0 - flags0 ^ flags0 ^ 0x50b7f0a2 & 0x409cc142 | 0x3d990ad0 - flags0 - 0x20f67834 + 0x5bab660 & 0x52dfbf43	state0 - flags0 ^ flags0 ^ 0x50b7f0a2 & 0x409cc142 | 0x3d990ad0 - flags0 - 0x20f67834 + 0x5bab660 & 0x52dfbf43 & u16_8 ^ state0 - flags0 ^ flags0 ^ 0x50b7f0a2 & 0x409cc142 | 0x3d990ad0 - flags0 - 0x20f67834 + 0x5bab660 & 0x52dfbf43	0xb0b4b:sub:flags0 - 0x20f67834;0xb0c62:add:flags0 - 0x20f67834 + 0x5bab660;0xb0c72:and:flags0 - 0x20f67834 + 0x5bab660 & 0x52dfbf43	0xb09e8:je,0xb0c52:je
271	0xb09ab	0	0xb0e2d	245	6	3	2	0xb0aa7:u32_0,0xb0c8e:byte0,0xb0d49:u16_8	0xb09d0:sub:state0 - flags0;0xb0a30:xor:state0 - flags0 ^ flags0 ^ 0x50b7f0a2;0xb0a3d:and:state0 - flags0 ^ flags0 ^ 0x50b7f0a2 & 0x409cc142;0xb0a6b:or:state0 - flags0 ^ flags0 ^ 0x50b7f0a2 & 0x409cc142 | 0x3d990ad0;0xb0ca7:sub:state0 - flags0 ^ flags0 ^ 0x50b7f0a2 & 0x409cc142 | 0x3d990ad0 - flags0 - 0x20f67834 + 0x5bab660 & 0x52dfbf43;0xb0dbc:and:state0 - flags0 ^ flags0 ^ 0x50b7f0a2 & 0x409cc142 | 0x3d990ad0 - flags0 - 0x20f67834 + 0x5bab660 & 0x52dfbf43 & u16_8 ^ state0 - flags0 ^ flags0 ^ 0x50b7f0a2 & 0x409cc142 | 0x3d990ad0 - flags0 - 0x20f67834 + 0x5bab660 & 0x52dfbf43	state0 - flags0 ^ flags0 ^ 0x50b7f0a2 & 0x409cc142 | 0x3d990ad0 - flags0 - 0x20f67834 + 0x5bab660 & 0x52dfbf43 & u16_8 ^ state0 - flags0 ^ flags0 ^ 0x50b7f0a2 & 0x409cc142 | 0x3d990ad0 - flags0 - 0x20f67834 + 0x5bab660 & 0x52dfbf43	0xb0b4b:sub:flags0 - 0x20f67834;0xb0c62:add:flags0 - 0x20f67834 + 0x5bab660;0xb0c72:and:flags0 - 0x20f67834 + 0x5bab660 & 0x52dfbf43	0xb09e8:je,0xb0c52:je
272	0xb0e30	0	0xb11c7	198	1	0	2	0xb0e95:u16_6,0xb0eac:u16_4,0xb0f09:u16_8,0xb0f8e:u16_6,0xb0fcb:u16_4,0xb106b:b10,0xb10a7:u16_2,0xb1156:u16_0	0xb1192:sub:state0 - u16_0 - state0	state0 - u16_0 - state0		0xb0fe4:je,0xb1075:je
273	0xb11ca	2115	0xb1545	194	6	1	0	0xb12a8:u16_2,0xb1462:u16_0	0xb11fd:sub:state0 - flags0;0xb1213:add:state0 - flags0 + 0x4b959cd0;0xb1254:add:state0 - flags0 + 0x4b959cd0 + flags0;0xb1264:and:state0 - flags0 + 0x4b959cd0 + flags0 & 0x908616e;0xb1339:add:state0 - flags0 + 0x4b959cd0 + flags0 & 0x908616e + u16_2 - state0 - flags0 + 0x4b959cd0 + flags0 & 0x908616e ^ flags0;0xb14c7:or:state0 - flags0 + 0x4b959cd0 + flags0 & 0x908616e + u16_2 - state0 - flags0 + 0x4b959cd0 + flags0 & 0x908616e ^ flags0 | u16_0 + state0 - flags0 + 0x4b959cd0 + flags0 & 0x908616e + u16_2 - state0 - flags0 + 0x4b959cd0 + flags0 & 0x908616e ^ flags0 - 0x2e0be660	state0 - flags0 + 0x4b959cd0 + flags0 & 0x908616e + u16_2 - state0 - flags0 + 0x4b959cd0 + flags0 & 0x908616e ^ flags0 | u16_0 + state0 - flags0 + 0x4b959cd0 + flags0 & 0x908616e + u16_2 - state0 - flags0 + 0x4b959cd0 + flags0 & 0x908616e ^ flags0 - 0x2e0be660	0xb1363:add:flags0 + 0x1ad837ce	
274	0xb1548	0	0xb180b	147	1	4	4	0xb15c1:u16_7,0xb15fc:u16_5,0xb1630:u16_3,0xb166c:u16_5,0xb1684:u16_7,0xb16dc:b2,0xb171f:u16_9,0xb1774:u16_0	0xb17c2:add:state0 + u16_0 ^ state0	state0 + u16_0 ^ state0	0xb1573:xor:flags0 ^ 0x22b4a064;0xb1584:add:flags0 ^ 0x22b4a064 + 0x4b0dd7d1;0xb15dc:and:flags0 ^ 0x22b4a064 + 0x4b0dd7d1 & 0x11984980;0xb15ec:or:flags0 ^ 0x22b4a064 + 0x4b0dd7d1 & 0x11984980 | 0x1ed64c1e	0xb1563:je,0xb15cc:je,0xb1692:je,0xb16e7:je
275	0xb180e	0	0xb1b2a	176	1	1	3	0xb186c:u16_5,0xb1889:u16_7,0xb18dc:u16_9,0xb1977:u16_7,0xb19a4:u16_5,0xb1a09:b0,0xb1a61:u16_3,0xb1a9d:u16_1	0xb1af3:or:state0 | u16_1 ^ state0 - 0x26ed1596	state0 | u16_1 ^ state0 - 0x26ed1596	0xb1a33:sub:flags0 - 0x5be9cbec	0xb19b6:je,0xb1a19:je,0xb1a40:je
276	0xb1b2d	1	0xb1fd3	262	8	2	3	0xb1bcb:byte0,0xb1c6a:byte0,0xb1cba:u32_2,0xb1ef3:u32_2 | (r13) - 0x653cf834,0xb1f09:u16_0,0xb1fa1:u32_2 | (r13) - 0x653cf834 - u32_2 | (r13) - 0x653cf834 + 0x200 - (((((r15) | (Ptr(kind='frame', off=368))) ^ (Ptr(kind='frame', off=271))) ^ (Ptr(kind='frame', off=271))) & (Ptr(kind='frame', off=271))) | (Ptr(kind='ip', off=0)) | u32_2 | (r13) - 0x653cf834 + (((((((r15) | (Ptr(kind='frame', off=368))) ^ (Ptr(kind='frame', off=271))) ^ (Ptr(kind='frame', off=271))) & (Ptr(kind='frame', off=271))) + 0x200 - (((((r15) | (Ptr(kind='frame', off=368))) ^ (Ptr(kind='frame', off=271))) ^ (Ptr(kind='frame', off=271))) & (Ptr(kind='frame', off=271))) | (Ptr(kind='ip', off=0)) | u32_2 | (r13) - 0x653cf834) & 0x80) | ((((((r15) | (Ptr(kind='frame', off=368))) ^ (Ptr(kind='frame', off=271))) ^ (Ptr(kind='frame', off=271))) & (Ptr(kind='frame', off=271))) + 0x200 - (((((r15) | (Ptr(kind='frame', off=368))) ^ (Ptr(kind='frame', off=271))) ^ (Ptr(kind='frame', off=271))) & (Ptr(kind='frame', off=271))) | (Ptr(kind='ip', off=0)) | u32_2 | (r13) - 0x653cf834)	0xb1b37:and:state0 & 0x7246aa41;0xb1b7b:xor:state0 & 0x7246aa41 ^ flags0;0xb1b89:or:state0 & 0x7246aa41 ^ flags0 | 0x47166ef1;0xb1ba6:sub:state0 & 0x7246aa41 ^ flags0 | 0x47166ef1 - flags0;0xb1bce:or:state0 & 0x7246aa41 ^ flags0 | 0x47166ef1 - flags0 | flags0;0xb1d3e:sub:state0 & 0x7246aa41 ^ flags0 | 0x47166ef1 - flags0 | flags0 - u32_2;0xb1e5b:sub:state0 & 0x7246aa41 ^ flags0 | 0x47166ef1 - flags0 | flags0 - u32_2 - 0x332a16a;0xb1f6d:xor:state0 & 0x7246aa41 ^ flags0 | 0x47166ef1 - flags0 | flags0 - u32_2 - 0x332a16a ^ u16_0 + state0 & 0x7246aa41 ^ flags0 | 0x47166ef1 - flags0 | flags0 - u32_2 - 0x332a16a - 0x63f74381	state0 & 0x7246aa41 ^ flags0 | 0x47166ef1 - flags0 | flags0 - u32_2 - 0x332a16a ^ u16_0 + state0 & 0x7246aa41 ^ flags0 | 0x47166ef1 - flags0 | flags0 - u32_2 - 0x332a16a - 0x63f74381	0xb1c40:and:flags0 & 0x314a52ba;0xb1d6a:xor:flags0 & 0x314a52ba ^ 0x25597f3b	0xb1b4e:je,0xb1bed:je,0xb1c30:je
277	0xb1fd5	0	0xb2340	199	2	0	5	0xb209c:u16_3,0xb2116:byte0,0xb222f:b2,0xb227d:u16_3,0xb22c9:u16_0	0xb21f5:and:state0 & flags0;0xb230b:sub:state0 & flags0 - u16_0 + state0 & flags0	state0 & flags0 - u16_0 + state0 & flags0		0xb211d:jne,0xb2132:jne,0xb2149:jne,0xb2169:jne,0xb2239:je
278	0xb2342	553	0xb265e	183	2	0	5	0xb235d:u32_6,0xb2389:u16_4,0xb23b7:u32_0,0xb2474:byte0,0xb24e8:b4,0xb2536:u16_0,0xb25cd:u16_2	0xb2581:or:state0 | flags0;0xb2618:or:state0 | flags0 | u16_2 - state0 | flags0 + 0x68baea26	state0 | flags0 | u16_2 - state0 | flags0 + 0x68baea26		0xb2479:jne,0xb2486:jne,0xb2494:jne,0xb24a4:jne,0xb2508:je
279	0xb23f7	0	0xb265e	135	2	0	5	0xb2474:byte0,0xb24e8:b4,0xb2536:u16_0,0xb25cd:u16_2	0xb2581:or:state0 | flags0;0xb2618:or:state0 | flags0 | u16_2 - state0 | flags0 + 0x68baea26	state0 | flags0 | u16_2 - state0 | flags0 + 0x68baea26		0xb2479:jne,0xb2486:jne,0xb2494:jne,0xb24a4:jne,0xb2508:je
280	0xb2661	108	0xb2db4	403	9	3	9	0xb2743:byte0,0xb283e:byte0,0xb2a63:b2,0xb2b0a:u16_3,0xb2ced:u16_0	0xb267f:sub:state0 - flags0 + 0x70ead2e5;0xb26be:or:state0 - flags0 + 0x70ead2e5 | flags0;0xb2709:or:state0 - flags0 + 0x70ead2e5 | flags0 | flags0 & 0x43b06801;0xb2729:sub:state0 - flags0 + 0x70ead2e5 | flags0 | flags0 & 0x43b06801 - flags0 | 0x4f5422be;0xb27a9:or:state0 - flags0 + 0x70ead2e5 | flags0 | flags0 & 0x43b06801 - flags0 | 0x4f5422be | flags0 | 0x2fca37a8 - 0x3d94b3d1;0xb2b4a:add:state0 - flags0 + 0x70ead2e5 | flags0 | flags0 & 0x43b06801 - flags0 | 0x4f5422be | flags0 | 0x2fca37a8 - 0x3d94b3d1 + flags0 | 0x2fca37a8 | 0x214abc1f;0xb2bcb:xor:state0 - flags0 + 0x70ead2e5 | flags0 | flags0 & 0x43b06801 - flags0 | 0x4f5422be | flags0 | 0x2fca37a8 - 0x3d94b3d1 + flags0 | 0x2fca37a8 | 0x214abc1f ^ 0x1e5dc934;0xb2bec:and:state0 - flags0 + 0x70ead2e5 | flags0 | flags0 & 0x43b06801 - flags0 | 0x4f5422be | flags0 | 0x2fca37a8 - 0x3d94b3d1 + flags0 | 0x2fca37a8 | 0x214abc1f ^ 0x1e5dc934 & 0x7b3ce1ec;0xb2d65:add:state0 - flags0 + 0x70ead2e5 | flags0 | flags0 & 0x43b06801 - flags0 | 0x4f5422be | flags0 | 0x2fca37a8 - 0x3d94b3d1 + flags0 | 0x2fca37a8 | 0x214abc1f ^ 0x1e5dc934 & 0x7b3ce1ec + u16_0 - 0x267d402f	state0 - flags0 + 0x70ead2e5 | flags0 | flags0 & 0x43b06801 - flags0 | 0x4f5422be | flags0 | 0x2fca37a8 - 0x3d94b3d1 + flags0 | 0x2fca37a8 | 0x214abc1f ^ 0x1e5dc934 & 0x7b3ce1ec + u16_0 - 0x267d402f	0xb2764:or:flags0 | 0x2fca37a8;0xb2c1a:and:flags0 | 0x2fca37a8 & 0x462d42b9;0xb2c2b:and:flags0 | 0x2fca37a8 & 0x462d42b9 & 0x404d484d	0xb2754:je,0xb2845:jne,0xb2867:jne,0xb287d:jne,0xb2897:jne,0xb2922:je,0xb2a90:je,0xb2c0a:je,0xb2c50:je
281	0xb2db6	555	0xb3125	193	7	1	1	0xb2de8:byte0,0xb2e10:byte0,0xb2e82:u16_2,0xb3052:u16_0	0xb2dcd:sub:state0 - 0x31642a8c;0xb2e1d:xor:state0 - 0x31642a8c ^ 0x5b9839d1;0xb2e44:or:state0 - 0x31642a8c ^ 0x5b9839d1 | flags0;0xb2ee2:and:state0 - 0x31642a8c ^ 0x5b9839d1 | flags0 & u16_2 + state0 - 0x31642a8c ^ 0x5b9839d1 | flags0 - flags0;0xb2f93:sub:state0 - 0x31642a8c ^ 0x5b9839d1 | flags0 & u16_2 + state0 - 0x31642a8c ^ 0x5b9839d1 | flags0 - flags0 - flags0 - 0x1ec23851;0xb2feb:xor:state0 - 0x31642a8c ^ 0x5b9839d1 | flags0 & u16_2 + state0 - 0x31642a8c ^ 0x5b9839d1 | flags0 - flags0 - flags0 - 0x1ec23851 ^ 0x6445395f;0xb30d2:add:state0 - 0x31642a8c ^ 0x5b9839d1 | flags0 & u16_2 + state0 - 0x31642a8c ^ 0x5b9839d1 | flags0 - flags0 - flags0 - 0x1ec23851 ^ 0x6445395f + u16_0 ^ state0 - 0x31642a8c ^ 0x5b9839d1 | flags0 & u16_2 + state0 - 0x31642a8c ^ 0x5b9839d1 | flags0 - flags0 - flags0 - 0x1ec23851 ^ 0x6445395f - 0x519e8380	state0 - 0x31642a8c ^ 0x5b9839d1 | flags0 & u16_2 + state0 - 0x31642a8c ^ 0x5b9839d1 | flags0 - flags0 - flags0 - 0x1ec23851 ^ 0x6445395f + u16_0 ^ state0 - 0x31642a8c ^ 0x5b9839d1 | flags0 & u16_2 + state0 - 0x31642a8c ^ 0x5b9839d1 | flags0 - flags0 - flags0 - 0x1ec23851 ^ 0x6445395f - 0x519e8380	0xb2f10:sub:flags0 - 0x1ec23851	0xb2fc0:je
282	0xb3128	269	0xb360f	264	1	5	8	0xb32fe:u16_0,0xb344e:b4,0xb3553:u16_2	0xb3285:xor:state0 ^ flags0 - 0x54c8658a & 0x259f380d & 0x41d706e9 - 0x334721c0	state0 ^ flags0 - 0x54c8658a & 0x259f380d & 0x41d706e9 - 0x334721c0	0xb3188:sub:flags0 - 0x54c8658a;0xb3199:and:flags0 - 0x54c8658a & 0x259f380d;0xb3208:and:flags0 - 0x54c8658a & 0x259f380d & 0x41d706e9;0xb3234:sub:flags0 - 0x54c8658a & 0x259f380d & 0x41d706e9 - 0x334721c0;0xb33cc:xor:flags0 - 0x54c8658a & 0x259f380d & 0x41d706e9 - 0x334721c0 ^ 0x171f71e1	0xb3145:je,0xb3178:je,0xb31f8:je,0xb3253:je,0xb3455:jne,0xb348a:jne,0xb34a1:jne,0xb34b6:jne
283	0xb3612	1438	0xb3799	80	0	0	0	0xb3657:b0,0xb36ae:u16_1,0xb370c:u16_3,0xb3716:b0 ^ 0x1,0xb375d:u16_3 - 0x8ad5ab4 & 0xffff		state0		
284	0xb379b	1	0xb3ff1	466	1	0	38	0xb3811:u16_6,0xb3851:b8,0xb3e59:u32_0,0xb3e81:u16_4,0xb3ecc:u16_9,0xb3f44:u16_11	0xb3fab:sub:state0 - u16_11 - 0x14b96a4c	state0 - u16_11 - 0x14b96a4c		0xb3856:je,0xb385f:je,0xb3881:je,0xb38dd:jne,0xb38ea:jne,0xb3917:jne,0xb3927:jne,0xb3932:jne,0xb3965:jne,0xb3972:jne,0xb39b2:jne,0xb39bf:je,0xb39df:jne,0xb39f8:je,0xb3a2f:je,0xb3a68:jne,0xb3a87:jne,0xb3abd:jne,0xb3af4:jne,0xb3b2a:jne,0xb3b4d:jne,0xb3b97:je,0xb3bd3:jne,0xb3beb:je,0xb3c48:je,0xb3c88:jne,0xb3c95:jne,0xb3cd2:jne,0xb3cdf:jne,0xb3d1c:jne,0xb3d29:jne,0xb3d77:jne,0xb3d84:je,0xb3db0:jne,0xb3dbd:je,0xb3df9:jne,0xb3e06:je,0xb3e3a:je
285	0xb3ff4	1	0xb42df	169	2	0	5	0xb408a:u16_0,0xb40b9:byte0,0xb4108:u16_0 + (Ptr(kind='frame', off=0)),0xb418d:b4,0xb41d8:u16_0,0xb4276:u16_2	0xb402c:xor:state0 ^ flags0;0xb42b8:add:state0 ^ flags0 + u16_2 - state0 ^ flags0	state0 ^ flags0 + u16_2 - state0 ^ flags0		0xb40c0:jne,0xb40e0:jne,0xb40fd:jne,0xb410f:jne,0xb4198:je
286	0xb42e2	0	0xb45cf	169	2	1	5	0xb4362:byte0,0xb449c:b4,0xb44e3:u16_0,0xb454c:u16_2	0xb4306:and:state0 & flags0;0xb459f:xor:state0 & flags0 ^ u16_2 + state0 & flags0	state0 & flags0 ^ u16_2 + state0 & flags0	0xb4412:or:flags0 | state0 & flags0 - 0x4efd0861	0xb4367:jne,0xb4373:jne,0xb4387:jne,0xb4393:jne,0xb44a7:je
287	0xb45d2	9723	0xb497e	192	5	4	10	0xb45fe:byte0,0xb4767:byte0,0xb479c:u16_2,0xb489d:u16_0	0xb45dc:and:state0 & 0xa6ddb71;0xb46cc:sub:state0 & 0xa6ddb71 - flags0 - 0x67686890 + 0x609b810a + 0x6975e1b1;0xb46d9:sub:state0 & 0xa6ddb71 - flags0 - 0x67686890 + 0x609b810a + 0x6975e1b1 - 0x4988e425;0xb474c:or:state0 & 0xa6ddb71 - flags0 - 0x67686890 + 0x609b810a + 0x6975e1b1 - 0x4988e425 | 0x3ab14dd1;0xb4924:sub:state0 & 0xa6ddb71 - flags0 - 0x67686890 + 0x609b810a + 0x6975e1b1 - 0x4988e425 | 0x3ab14dd1 - u16_0 + state0 & 0xa6ddb71 - flags0 - 0x67686890 + 0x609b810a + 0x6975e1b1 - 0x4988e425 | 0x3ab14dd1 ^ 0xa841ebd	state0 & 0xa6ddb71 - flags0 - 0x67686890 + 0x609b810a + 0x6975e1b1 - 0x4988e425 | 0x3ab14dd1 - u16_0 + state0 & 0xa6ddb71 - flags0 - 0x67686890 + 0x609b810a + 0x6975e1b1 - 0x4988e425 | 0x3ab14dd1 ^ 0xa841ebd	0xb465a:sub:flags0 - 0x67686890;0xb466a:add:flags0 - 0x67686890 + 0x609b810a;0xb470a:sub:flags0 - 0x67686890 + 0x609b810a - 0x1b65c97b;0xb471c:sub:flags0 - 0x67686890 + 0x609b810a - 0x1b65c97b - 0x26941ac4	0xb461d:je,0xb464a:je,0xb468d:je,0xb46fa:je,0xb47a7:jne,0xb47b8:jne,0xb47c8:je,0xb47d9:je,0xb47e8:je,0xb4810:je
288	0xb4980	0	0xb4bfe	152	0	0	2	0xb499b:u16_6,0xb49c1:u16_4,0xb49ed:u32_0,0xb4ab9:u16_6,0xb4ac7:u16_4,0xb4b16:u16_2,0xb4ba0:u16_0		state0		0xb4a3c:je,0xb4b40:je
289	0xb4a2b	0	0xb4bfe	105	0	0	2	0xb4ab9:u16_6,0xb4ac7:u16_4,0xb4b16:u16_2,0xb4ba0:u16_0		state0		0xb4a3c:je,0xb4b40:je
290	0xb4c00	27	0xb4eda	169	2	1	5	0xb4c9a:u16_0,0xb4cbc:byte0,0xb4d7d:b4,0xb4de5:u16_0,0xb4e4a:u16_2	0xb4c51:or:state0 | flags0 & 0x3acb356d;0xb4e92:and:state0 | flags0 & 0x3acb356d & u16_2 + state0 | flags0 & 0x3acb356d ^ 0x29d9517b	state0 | flags0 & 0x3acb356d & u16_2 + state0 | flags0 & 0x3acb356d ^ 0x29d9517b	0xb4c0a:and:flags0 & 0x3acb356d	0xb4cc0:jne,0xb4cd4:jne,0xb4ce5:jne,0xb4cfb:jne,0xb4d9d:je
291	0xb4edd	479	0xb540d	276	5	5	4	0xb4ee7:byte0,0xb4f66:byte0,0xb5064:byte0,0xb5074:u16_0,0xb5318:u16_2	0xb4f34:xor:state0 ^ flags0;0xb5161:xor:state0 ^ flags0 ^ u16_0 - flags0 ^ 0x5acd2fa ^ 0x12648cbe;0xb5218:sub:state0 ^ flags0 ^ u16_0 - flags0 ^ 0x5acd2fa ^ 0x12648cbe - flags0 ^ 0x5acd2fa ^ 0x12648cbe ^ 0x2e91bd1c + 0x610956a9;0xb5276:and:state0 ^ flags0 ^ u16_0 - flags0 ^ 0x5acd2fa ^ 0x12648cbe - flags0 ^ 0x5acd2fa ^ 0x12648cbe ^ 0x2e91bd1c + 0x610956a9 & flags0 ^ 0x5acd2fa ^ 0x12648cbe ^ 0x2e91bd1c | 0x55d764bb ^ 0x17a0094a - 0x1f6881d8;0xb538f:or:state0 ^ flags0 ^ u16_0 - flags0 ^ 0x5acd2fa ^ 0x12648cbe - flags0 ^ 0x5acd2fa ^ 0x12648cbe ^ 0x2e91bd1c + 0x610956a9 & flags0 ^ 0x5acd2fa ^ 0x12648cbe ^ 0x2e91bd1c | 0x55d764bb ^ 0x17a0094a - 0x1f6881d8 | u16_2 + state0 ^ flags0 ^ u16_0 - flags0 ^ 0x5acd2fa ^ 0x12648cbe - flags0 ^ 0x5acd2fa ^ 0x12648cbe ^ 0x2e91bd1c + 0x610956a9 & flags0 ^ 0x5acd2fa ^ 0x12648cbe ^ 0x2e91bd1c | 0x55d764bb ^ 0x17a0094a - 0x1f6881d8 + 0xa61c44c	state0 ^ flags0 ^ u16_0 - flags0 ^ 0x5acd2fa ^ 0x12648cbe - flags0 ^ 0x5acd2fa ^ 0x12648cbe ^ 0x2e91bd1c + 0x610956a9 & flags0 ^ 0x5acd2fa ^ 0x12648cbe ^ 0x2e91bd1c | 0x55d764bb ^ 0x17a0094a - 0x1f6881d8 | u16_2 + state0 ^ flags0 ^ u16_0 - flags0 ^ 0x5acd2fa ^ 0x12648cbe - flags0 ^ 0x5acd2fa ^ 0x12648cbe ^ 0x2e91bd1c + 0x610956a9 & flags0 ^ 0x5acd2fa ^ 0x12648cbe ^ 0x2e91bd1c | 0x55d764bb ^ 0x17a0094a - 0x1f6881d8 + 0xa61c44c	0xb4f9e:xor:flags0 ^ 0x5acd2fa;0xb4fc3:xor:flags0 ^ 0x5acd2fa ^ 0x12648cbe;0xb5187:xor:flags0 ^ 0x5acd2fa ^ 0x12648cbe ^ 0x2e91bd1c;0xb5244:or:flags0 ^ 0x5acd2fa ^ 0x12648cbe ^ 0x2e91bd1c | 0x55d764bb;0xb5254:xor:flags0 ^ 0x5acd2fa ^ 0x12648cbe ^ 0x2e91bd1c | 0x55d764bb ^ 0x17a0094a	0xb4f4a:je,0xb4f8e:je,0xb4fd9:je,0xb5234:je
292	0xb540f	651	0xb593d	290	3	2	6	0xb54c7:byte0,0xb5540:u16_1,0xb5681:b0,0xb5818:u16_3	0xb543d:or:state0 | flags0;0xb55d2:add:state0 | flags0 + u16_1 - state0 | flags0;0xb58c8:and:state0 | flags0 + u16_1 - state0 | flags0 & u16_3 ^ state0 | flags0 + u16_1 - state0 | flags0 + 0x628c34bc	state0 | flags0 + u16_1 - state0 | flags0 & u16_3 ^ state0 | flags0 + u16_1 - state0 | flags0 + 0x628c34bc	0xb55f6:sub:flags0 - 0x592d1456;0xb57e2:xor:flags0 - 0x592d1456 ^ 0x6ef9e3c1	0xb5688:jne,0xb56bb:jne,0xb56c8:jne,0xb56f3:jne,0xb5771:je,0xb57c8:je
293	0xb593f	0	0xb5d7a	230	4	5	1	0xb59b0:u32_0,0xb5ba3:byte0,0xb5bc1:byte0,0xb5c90:u16_8	0xb5a25:add:state0 + u32_0 ^ flags0 | 0x18ec5db5;0xb5b42:and:state0 + u32_0 ^ flags0 | 0x18ec5db5 & 0x2a26c115;0xb5bfc:xor:state0 + u32_0 ^ flags0 | 0x18ec5db5 & 0x2a26c115 ^ flags0 | 0x18ec5db5 ^ 0x77a19d87 - 0x79e5d6a1 & 0x2b2bf075 | 0x1ed6f586;0xb5c09:and:state0 + u32_0 ^ flags0 | 0x18ec5db5 & 0x2a26c115 ^ flags0 | 0x18ec5db5 ^ 0x77a19d87 - 0x79e5d6a1 & 0x2b2bf075 | 0x1ed6f586 & 0x32259d7e	state0 + u32_0 ^ flags0 | 0x18ec5db5 & 0x2a26c115 ^ flags0 | 0x18ec5db5 ^ 0x77a19d87 - 0x79e5d6a1 & 0x2b2bf075 | 0x1ed6f586 & 0x32259d7e	0xb5956:or:flags0 | 0x18ec5db5;0xb5a58:xor:flags0 | 0x18ec5db5 ^ 0x77a19d87;0xb5b70:sub:flags0 | 0x18ec5db5 ^ 0x77a19d87 - 0x79e5d6a1;0xb5b80:and:flags0 | 0x18ec5db5 ^ 0x77a19d87 - 0x79e5d6a1 & 0x2b2bf075;0xb5c19:add:flags0 | 0x18ec5db5 ^ 0x77a19d87 - 0x79e5d6a1 & 0x2b2bf075 + 0x5c2c0237	0xb5b60:je
294	0xb5d7c	0	0xb60dd	199	1	0	8	0xb5dbd:u16_0,0xb5dea:b4,0xb6051:u16_2	0xb60a4:and:state0 & u16_2 ^ state0	state0 & u16_2 ^ state0		0xb5dee:jne,0xb5e2b:jne,0xb5e74:jne,0xb5ec0:jne,0xb5eeb:je,0xb5f46:jne,0xb5f7a:jne,0xb5fac:jne
295	0xb60e0	980	0xb625a	82	1	0	0	0xb6101:b4,0xb6152:u16_0,0xb61d6:u16_2	0xb620f:or:state0 | u16_2 - 0x396ecbf2	state0 | u16_2 - 0x396ecbf2		
296	0xb625d	0	0xb64d5	149	1	0	5	0xb62f5:byte0,0xb63bb:b0,0xb63f6:u16_1,0xb6452:u16_3	0xb649b:sub:state0 - u16_3 - 0x1240ca15	state0 - u16_3 - 0x1240ca15		0xb62fa:jne,0xb630e:jne,0xb631c:jne,0xb632c:jne,0xb63cc:je
297	0xb64d7	20640	0xb68ff	227	5	4	5	0xb65bd:byte0,0xb66cb:b0,0xb6832:u16_1	0xb64ee:sub:state0 - 0x48220942;0xb662c:or:state0 - 0x48220942 | flags0 + 0x283684b4 ^ 0x4a5a939a | 0x6650e9bb;0xb6638:xor:state0 - 0x48220942 | flags0 + 0x283684b4 ^ 0x4a5a939a | 0x6650e9bb ^ 0x6b7f38b7;0xb675f:add:state0 - 0x48220942 | flags0 + 0x283684b4 ^ 0x4a5a939a | 0x6650e9bb ^ 0x6b7f38b7 + b0 + state0 - 0x48220942 | flags0 + 0x283684b4 ^ 0x4a5a939a | 0x6650e9bb ^ 0x6b7f38b7 + flags0 + 0x283684b4 ^ 0x4a5a939a | 0x6650e9bb;0xb68a4:sub:state0 - 0x48220942 | flags0 + 0x283684b4 ^ 0x4a5a939a | 0x6650e9bb ^ 0x6b7f38b7 + b0 + state0 - 0x48220942 | flags0 + 0x283684b4 ^ 0x4a5a939a | 0x6650e9bb ^ 0x6b7f38b7 + flags0 + 0x283684b4 ^ 0x4a5a939a | 0x6650e9bb - u16_1 - state0 - 0x48220942 | flags0 + 0x283684b4 ^ 0x4a5a939a | 0x6650e9bb ^ 0x6b7f38b7 + b0 + state0 - 0x48220942 | flags0 + 0x283684b4 ^ 0x4a5a939a | 0x6650e9bb ^ 0x6b7f38b7 + flags0 + 0x283684b4 ^ 0x4a5a939a | 0x6650e9bb ^ 0x9f24ccb	state0 - 0x48220942 | flags0 + 0x283684b4 ^ 0x4a5a939a | 0x6650e9bb ^ 0x6b7f38b7 + b0 + state0 - 0x48220942 | flags0 + 0x283684b4 ^ 0x4a5a939a | 0x6650e9bb ^ 0x6b7f38b7 + flags0 + 0x283684b4 ^ 0x4a5a939a | 0x6650e9bb - u16_1 - state0 - 0x48220942 | flags0 + 0x283684b4 ^ 0x4a5a939a | 0x6650e9bb ^ 0x6b7f38b7 + b0 + state0 - 0x48220942 | flags0 + 0x283684b4 ^ 0x4a5a939a | 0x6650e9bb ^ 0x6b7f38b7 + flags0 + 0x283684b4 ^ 0x4a5a939a | 0x6650e9bb ^ 0x9f24ccb	0xb655f:add:flags0 + 0x283684b4;0xb656f:xor:flags0 + 0x283684b4 ^ 0x4a5a939a;0xb660f:or:flags0 + 0x283684b4 ^ 0x4a5a939a | 0x6650e9bb;0xb6781:add:flags0 + 0x283684b4 ^ 0x4a5a939a | 0x6650e9bb + 0xe00fc8a	0xb64f9:je,0xb651f:je,0xb654f:je,0xb65c8:je,0xb65f5:je
298	0xb6902	0	0xb6bb7	150	0	0	1	0xb6970:u16_5,0xb697a:u16_3,0xb69e9:u16_0,0xb6a8a:u16_5,0xb6aa1:u16_3,0xb6abc:u16_5 + (Ptr(kind='frame', off=0)),0xb6b2a:u16_7		state0		0xb6aaf:je
299	0xb6bba	2	0xb708a	283	5	3	4	0xb6bd5:u32_0,0xb6c00:u16_4,0xb6cba:byte0,0xb6da9:u16_0,0xb6fed:u16_2	0xb6c4c:and:state0 & 0x2b7e7713;0xb6d5b:and:state0 & 0x2b7e7713 & 0x515f6307;0xb6e44:sub:state0 & 0x2b7e7713 & 0x515f6307 - u16_0 + state0 & 0x2b7e7713 & 0x515f6307 + flags0 & 0x742354d + 0x2ff05a2b;0xb6f52:or:state0 & 0x2b7e7713 & 0x515f6307 - u16_0 + state0 & 0x2b7e7713 & 0x515f6307 + flags0 & 0x742354d + 0x2ff05a2b | flags0 & 0x742354d + 0x2ff05a2b & 0x1011ba33;0xb7043:xor:state0 & 0x2b7e7713 & 0x515f6307 - u16_0 + state0 & 0x2b7e7713 & 0x515f6307 + flags0 & 0x742354d + 0x2ff05a2b | flags0 & 0x742354d + 0x2ff05a2b & 0x1011ba33 ^ u16_2 - state0 & 0x2b7e7713 & 0x515f6307 - u16_0 + state0 & 0x2b7e7713 & 0x515f6307 + flags0 & 0x742354d + 0x2ff05a2b | flags0 & 0x742354d + 0x2ff05a2b & 0x1011ba33	state0 & 0x2b7e7713 & 0x515f6307 - u16_0 + state0 & 0x2b7e7713 & 0x515f6307 + flags0 & 0x742354d + 0x2ff05a2b | flags0 & 0x742354d + 0x2ff05a2b & 0x1011ba33 ^ u16_2 - state0 & 0x2b7e7713 & 0x515f6307 - u16_0 + state0 & 0x2b7e7713 & 0x515f6307 + flags0 & 0x742354d + 0x2ff05a2b | flags0 & 0x742354d + 0x2ff05a2b & 0x1011ba33	0xb6d10:and:flags0 & 0x742354d;0xb6d20:add:flags0 & 0x742354d + 0x2ff05a2b;0xb6e6a:and:flags0 & 0x742354d + 0x2ff05a2b & 0x1011ba33	0xb6c57:je,0xb6c87:je,0xb6d00:je,0xb6f5c:je
300	0xb6c36	3190	0xb708a	246	5	3	4	0xb6cba:byte0,0xb6da9:u16_0,0xb6fed:u16_2	0xb6c4c:and:state0 & 0x2b7e7713;0xb6d5b:and:state0 & 0x2b7e7713 & 0x515f6307;0xb6e44:sub:state0 & 0x2b7e7713 & 0x515f6307 - u16_0 + state0 & 0x2b7e7713 & 0x515f6307 + flags0 & 0x742354d + 0x2ff05a2b;0xb6f52:or:state0 & 0x2b7e7713 & 0x515f6307 - u16_0 + state0 & 0x2b7e7713 & 0x515f6307 + flags0 & 0x742354d + 0x2ff05a2b | flags0 & 0x742354d + 0x2ff05a2b & 0x1011ba33;0xb7043:xor:state0 & 0x2b7e7713 & 0x515f6307 - u16_0 + state0 & 0x2b7e7713 & 0x515f6307 + flags0 & 0x742354d + 0x2ff05a2b | flags0 & 0x742354d + 0x2ff05a2b & 0x1011ba33 ^ u16_2 - state0 & 0x2b7e7713 & 0x515f6307 - u16_0 + state0 & 0x2b7e7713 & 0x515f6307 + flags0 & 0x742354d + 0x2ff05a2b | flags0 & 0x742354d + 0x2ff05a2b & 0x1011ba33	state0 & 0x2b7e7713 & 0x515f6307 - u16_0 + state0 & 0x2b7e7713 & 0x515f6307 + flags0 & 0x742354d + 0x2ff05a2b | flags0 & 0x742354d + 0x2ff05a2b & 0x1011ba33 ^ u16_2 - state0 & 0x2b7e7713 & 0x515f6307 - u16_0 + state0 & 0x2b7e7713 & 0x515f6307 + flags0 & 0x742354d + 0x2ff05a2b | flags0 & 0x742354d + 0x2ff05a2b & 0x1011ba33	0xb6d10:and:flags0 & 0x742354d;0xb6d20:add:flags0 & 0x742354d + 0x2ff05a2b;0xb6e6a:and:flags0 & 0x742354d + 0x2ff05a2b & 0x1011ba33	0xb6c57:je,0xb6c87:je,0xb6d00:je,0xb6f5c:je
301	0xb708d	4380	0xb7583	275	2	4	6	0xb73ae:b0,0xb7429:u16_1,0xb74c3:u16_3	0xb70cb:and:state0 & flags0;0xb7523:xor:state0 & flags0 ^ u16_3 - state0 & flags0 - 0x2c0febdf	state0 & flags0 ^ u16_3 - state0 & flags0 - 0x2c0febdf	0xb70f5:add:flags0 + 0x34c21ec8;0xb727f:add:flags0 + 0x34c21ec8 + 0x4bcb296b;0xb7290:sub:flags0 + 0x34c21ec8 + 0x4bcb296b - 0x72148c24;0xb72c7:or:flags0 + 0x34c21ec8 + 0x4bcb296b - 0x72148c24 | 0x1a9cd01d	0xb7140:je,0xb71c5:je,0xb720a:je,0xb726f:je,0xb72a8:je,0xb73b9:je
302	0xb7586	109	0xb7699	62	0	0	1	0xb75cb:u16_0,0xb7642:u32_4,0xb7644:u32_4		state0		0xb7660:je
303	0xb769c	0	0xb78ad	122	0	1	1	0xb76b7:u16_2,0xb76e0:u16_0,0xb7749:u16_4,0xb7763:u16_2,0xb7789:u16_6,0xb781e:u16_0		state0	0xb77d6:add:flags0 + state0	0xb77a4:je
304	0xb7717	0	0xb78ad	85	0	1	1	0xb7749:u16_4,0xb7763:u16_2,0xb7789:u16_6,0xb781e:u16_0		state0	0xb77d6:add:flags0 + state0	0xb77a4:je
305	0xb78b0	10874	0xb7bb8	170	1	3	9	0xb7904:byte0,0xb796e:u16_2,0xb7a28:byte0,0xb7ad9:u16_0	0xb7b55:and:state0 & u16_0 + state0	state0 & u16_0 + state0	0xb78d4:and:flags0 & state0;0xb7934:and:flags0 & state0 & 0x14763e0c;0xb7945:add:flags0 & state0 & 0x14763e0c + 0x47fe8c0b	0xb78db:je,0xb7924:je,0xb7978:jne,0xb7988:jne,0xb7998:je,0xb79a8:je,0xb79b7:je,0xb7a13:je,0xb7a4c:je
306	0xb7bba	0	0xb8062	255	5	5	5	0xb7de3:u32_0,0xb7f88:u16_4	0xb7bde:add:state0 + flags0;0xb7c94:and:state0 + flags0 & flags0 & 0x65f916c5 + 0x39659fc4 ^ 0x20457da;0xb7cef:and:state0 + flags0 & flags0 & 0x65f916c5 + 0x39659fc4 ^ 0x20457da & 0x3f8e5ee9;0xb7d6d:and:state0 + flags0 & flags0 & 0x65f916c5 + 0x39659fc4 ^ 0x20457da & 0x3f8e5ee9 & flags0 & 0x65f916c5 + 0x39659fc4 ^ 0x6a71ecf1 & 0x3fa191c;0xb8005:sub:state0 + flags0 & flags0 & 0x65f916c5 + 0x39659fc4 ^ 0x20457da & 0x3f8e5ee9 & flags0 & 0x65f916c5 + 0x39659fc4 ^ 0x6a71ecf1 & 0x3fa191c - u16_4 ^ state0 + flags0 & flags0 & 0x65f916c5 + 0x39659fc4 ^ 0x20457da & 0x3f8e5ee9 & flags0 & 0x65f916c5 + 0x39659fc4 ^ 0x6a71ecf1 & 0x3fa191c + 0x735687d1	state0 + flags0 & flags0 & 0x65f916c5 + 0x39659fc4 ^ 0x20457da & 0x3f8e5ee9 & flags0 & 0x65f916c5 + 0x39659fc4 ^ 0x6a71ecf1 & 0x3fa191c - u16_4 ^ state0 + flags0 & flags0 & 0x65f916c5 + 0x39659fc4 ^ 0x20457da & 0x3f8e5ee9 & flags0 & 0x65f916c5 + 0x39659fc4 ^ 0x6a71ecf1 & 0x3fa191c + 0x735687d1	0xb7c11:and:flags0 & 0x65f916c5;0xb7c40:add:flags0 & 0x65f916c5 + 0x39659fc4;0xb7ca1:xor:flags0 & 0x65f916c5 + 0x39659fc4 ^ 0x6a71ecf1;0xb7d0c:and:flags0 & 0x65f916c5 + 0x39659fc4 ^ 0x6a71ecf1 & 0x3fa191c;0xb7eb6:or:flags0 & 0x65f916c5 + 0x39659fc4 ^ 0x6a71ecf1 & 0x3fa191c | 0x268bafd3	0xb7bf2:je,0xb7c30:je,0xb7c65:je,0xb7cd0:je,0xb7d3e:je
307	0xb8064	24095	0xb837a	173	3	1	2	0xb808b:byte0,0xb80c8:b0,0xb8134:byte0,0xb8287:u16_1	0xb80ed:xor:state0 ^ b0 - flags0;0xb8162:and:state0 ^ b0 - flags0 & flags0 & 0x5792b958;0xb81e7:xor:state0 ^ b0 - flags0 & flags0 & 0x5792b958 ^ flags0 & 0x5792b958	state0 ^ b0 - flags0 & flags0 & 0x5792b958 ^ flags0 & 0x5792b958	0xb80fa:and:flags0 & 0x5792b958	0xb80ac:je,0xb8188:je
308	0xb837c	1	0xb84a4	65	0	0	1	0xb83bb:u16_0,0xb8433:u32_4,0xb843d:u32_4		state0		0xb8454:je
309	0xb84a7	0	0xb86f5	138	0	4	4	0xb84bb:u32_0,0xb850d:u32_0,0xb8577:byte0,0xb85e5:u16_0,0xb863f:byte0,0xb868c:u16_2		state0	0xb85a5:xor:flags0 ^ 0x595c3465;0xb85b6:add:flags0 ^ 0x595c3465 + 0x102a61fe;0xb8627:xor:flags0 ^ 0x595c3465 + 0x102a61fe ^ 0x6856726;0xb8638:xor:flags0 ^ 0x595c3465 + 0x102a61fe ^ 0x6856726 ^ 0x622d58d3	0xb84d9:je,0xb84ea:je,0xb8595:je,0xb8617:je
310	0xb8556	1614	0xb86f5	84	0	4	2	0xb8577:byte0,0xb85e5:u16_0,0xb863f:byte0,0xb868c:u16_2		state0	0xb85a5:xor:flags0 ^ 0x595c3465;0xb85b6:add:flags0 ^ 0x595c3465 + 0x102a61fe;0xb8627:xor:flags0 ^ 0x595c3465 + 0x102a61fe ^ 0x6856726;0xb8638:xor:flags0 ^ 0x595c3465 + 0x102a61fe ^ 0x6856726 ^ 0x622d58d3	0xb8595:je,0xb8617:je
311	0xb86f8	382	0xb8b3f	250	3	2	7	0xb8714:u32_6,0xb8741:u16_4,0xb876c:u32_0,0xb87bd:byte0,0xb887f:byte0,0xb88a0:byte0,0xb891c:b0,0xb8948:u16_1,0xb8975:byte0,0xb8a92:u16_3	0xb87ef:sub:state0 - 0x1889c111;0xb8997:sub:state0 - 0x1889c111 - flags0 - state0 - 0x1889c111 + 0x3cae9026 | 0x2b959efa | 0x35e8abc1;0xb8ae7:sub:state0 - 0x1889c111 - flags0 - state0 - 0x1889c111 + 0x3cae9026 | 0x2b959efa | 0x35e8abc1 - u16_3 ^ state0 - 0x1889c111 - flags0 - state0 - 0x1889c111 + 0x3cae9026 | 0x2b959efa | 0x35e8abc1 ^ 0xa9f4228	state0 - 0x1889c111 - flags0 - state0 - 0x1889c111 + 0x3cae9026 | 0x2b959efa | 0x35e8abc1 - u16_3 ^ state0 - 0x1889c111 - flags0 - state0 - 0x1889c111 + 0x3cae9026 | 0x2b959efa | 0x35e8abc1 ^ 0xa9f4228	0xb8958:sub:flags0 - state0 - 0x1889c111 + 0x3cae9026;0xb8965:or:flags0 - state0 - 0x1889c111 + 0x3cae9026 | 0x2b959efa	0xb87c6:je,0xb8828:je,0xb88a7:jne,0xb88b5:jne,0xb88c4:jne,0xb88d2:jne,0xb8927:je
312	0xb87aa	0	0xb8b3f	202	3	2	7	0xb87bd:byte0,0xb887f:byte0,0xb88a0:byte0,0xb891c:b0,0xb8948:u16_1,0xb8975:byte0,0xb8a92:u16_3	0xb87ef:sub:state0 - 0x1889c111;0xb8997:sub:state0 - 0x1889c111 - flags0 - state0 - 0x1889c111 + 0x3cae9026 | 0x2b959efa | 0x35e8abc1;0xb8ae7:sub:state0 - 0x1889c111 - flags0 - state0 - 0x1889c111 + 0x3cae9026 | 0x2b959efa | 0x35e8abc1 - u16_3 ^ state0 - 0x1889c111 - flags0 - state0 - 0x1889c111 + 0x3cae9026 | 0x2b959efa | 0x35e8abc1 ^ 0xa9f4228	state0 - 0x1889c111 - flags0 - state0 - 0x1889c111 + 0x3cae9026 | 0x2b959efa | 0x35e8abc1 - u16_3 ^ state0 - 0x1889c111 - flags0 - state0 - 0x1889c111 + 0x3cae9026 | 0x2b959efa | 0x35e8abc1 ^ 0xa9f4228	0xb8958:sub:flags0 - state0 - 0x1889c111 + 0x3cae9026;0xb8965:or:flags0 - state0 - 0x1889c111 + 0x3cae9026 | 0x2b959efa	0xb87c6:je,0xb8828:je,0xb88a7:jne,0xb88b5:jne,0xb88c4:jne,0xb88d2:jne,0xb8927:je
313	0xb8b42	4	0xb8fcc	250	6	5	9	0xb8be3:byte0,0xb8c21:byte0,0xb8d12:byte0,0xb8e56:b4,0xb8e8b:u16_0,0xb8f15:u16_2	0xb8bc6:sub:state0 - flags0 + 0x40989976;0xb8c71:or:state0 - flags0 + 0x40989976 | 0x2f39160a;0xb8d97:xor:state0 - flags0 + 0x40989976 | 0x2f39160a ^ flags0 - state0 - flags0 + 0x40989976 | 0x2f39160a ^ 0x7af00ac1 ^ state0 - flags0 + 0x40989976 | 0x2f39160a ^ 0x3764731 - state0 - flags0 + 0x40989976 | 0x2f39160a | 0x6ecf352a;0xb8db6:and:state0 - flags0 + 0x40989976 | 0x2f39160a ^ flags0 - state0 - flags0 + 0x40989976 | 0x2f39160a ^ 0x7af00ac1 ^ state0 - flags0 + 0x40989976 | 0x2f39160a ^ 0x3764731 - state0 - flags0 + 0x40989976 | 0x2f39160a | 0x6ecf352a & flags0 - state0 - flags0 + 0x40989976 | 0x2f39160a ^ 0x7af00ac1 ^ state0 - flags0 + 0x40989976 | 0x2f39160a ^ 0x3764731 - state0 - flags0 + 0x40989976 | 0x2f39160a - 0x344abbda;0xb8e33:xor:state0 - flags0 + 0x40989976 | 0x2f39160a ^ flags0 - state0 - flags0 + 0x40989976 | 0x2f39160a ^ 0x7af00ac1 ^ state0 - flags0 + 0x40989976 | 0x2f39160a ^ 0x3764731 - state0 - flags0 + 0x40989976 | 0x2f39160a | 0x6ecf352a & flags0 - state0 - flags0 + 0x40989976 | 0x2f39160a ^ 0x7af00ac1 ^ state0 - flags0 + 0x40989976 | 0x2f39160a ^ 0x3764731 - state0 - flags0 + 0x40989976 | 0x2f39160a - 0x344abbda ^ flags0 - state0 - flags0 + 0x40989976 | 0x2f39160a ^ 0x7af00ac1 ^ state0 - flags0 + 0x40989976 | 0x2f39160a ^ 0x3764731 - state0 - flags0 + 0x40989976 | 0x2f39160a + 0x52bb641c - 0x2d0c0392;0xb8f90:xor:state0 - flags0 + 0x40989976 | 0x2f39160a ^ flags0 - state0 - flags0 + 0x40989976 | 0x2f39160a ^ 0x7af00ac1 ^ state0 - flags0 + 0x40989976 | 0x2f39160a ^ 0x3764731 - state0 - flags0 + 0x40989976 | 0x2f39160a | 0x6ecf352a & flags0 - state0 - flags0 + 0x40989976 | 0x2f39160a ^ 0x7af00ac1 ^ state0 - flags0 + 0x40989976 | 0x2f39160a ^ 0x3764731 - state0 - flags0 + 0x40989976 | 0x2f39160a - 0x344abbda ^ flags0 - state0 - flags0 + 0x40989976 | 0x2f39160a ^ 0x7af00ac1 ^ state0 - flags0 + 0x40989976 | 0x2f39160a ^ 0x3764731 - state0 - flags0 + 0x40989976 | 0x2f39160a + 0x52bb641c - 0x2d0c0392 ^ u16_2 + state0 - flags0 + 0x40989976 | 0x2f39160a ^ flags0 - state0 - flags0 + 0x40989976 | 0x2f39160a ^ 0x7af00ac1 ^ state0 - flags0 + 0x40989976 | 0x2f39160a ^ 0x3764731 - state0 - flags0 + 0x40989976 | 0x2f39160a | 0x6ecf352a & flags0 - state0 - flags0 + 0x40989976 | 0x2f39160a ^ 0x7af00ac1 ^ state0 - flags0 + 0x40989976 | 0x2f39160a ^ 0x3764731 - state0 - flags0 + 0x40989976 | 0x2f39160a - 0x344abbda ^ flags0 - state0 - flags0 + 0x40989976 | 0x2f39160a ^ 0x7af00ac1 ^ state0 - flags0 + 0x40989976 | 0x2f39160a ^ 0x3764731 - state0 - flags0 + 0x40989976 | 0x2f39160a + 0x52bb641c - 0x2d0c0392 ^ 0x35363d0a	state0 - flags0 + 0x40989976 | 0x2f39160a ^ flags0 - state0 - flags0 + 0x40989976 | 0x2f39160a ^ 0x7af00ac1 ^ state0 - flags0 + 0x40989976 | 0x2f39160a ^ 0x3764731 - state0 - flags0 + 0x40989976 | 0x2f39160a | 0x6ecf352a & flags0 - state0 - flags0 + 0x40989976 | 0x2f39160a ^ 0x7af00ac1 ^ state0 - flags0 + 0x40989976 | 0x2f39160a ^ 0x3764731 - state0 - flags0 + 0x40989976 | 0x2f39160a - 0x344abbda ^ flags0 - state0 - flags0 + 0x40989976 | 0x2f39160a ^ 0x7af00ac1 ^ state0 - flags0 + 0x40989976 | 0x2f39160a ^ 0x3764731 - state0 - flags0 + 0x40989976 | 0x2f39160a + 0x52bb641c - 0x2d0c0392 ^ u16_2 + state0 - flags0 + 0x40989976 | 0x2f39160a ^ flags0 - state0 - flags0 + 0x40989976 | 0x2f39160a ^ 0x7af00ac1 ^ state0 - flags0 + 0x40989976 | 0x2f39160a ^ 0x3764731 - state0 - flags0 + 0x40989976 | 0x2f39160a | 0x6ecf352a & flags0 - state0 - flags0 + 0x40989976 | 0x2f39160a ^ 0x7af00ac1 ^ state0 - flags0 + 0x40989976 | 0x2f39160a ^ 0x3764731 - state0 - flags0 + 0x40989976 | 0x2f39160a - 0x344abbda ^ flags0 - state0 - flags0 + 0x40989976 | 0x2f39160a ^ 0x7af00ac1 ^ state0 - flags0 + 0x40989976 | 0x2f39160a ^ 0x3764731 - state0 - flags0 + 0x40989976 | 0x2f39160a + 0x52bb641c - 0x2d0c0392 ^ 0x35363d0a	0xb8cbc:sub:flags0 - state0 - flags0 + 0x40989976 | 0x2f39160a ^ 0x7af00ac1;0xb8cfe:xor:flags0 - state0 - flags0 + 0x40989976 | 0x2f39160a ^ 0x7af00ac1 ^ state0 - flags0 + 0x40989976 | 0x2f39160a ^ 0x3764731;0xb8d79:sub:flags0 - state0 - flags0 + 0x40989976 | 0x2f39160a ^ 0x7af00ac1 ^ state0 - flags0 + 0x40989976 | 0x2f39160a ^ 0x3764731 - state0 - flags0 + 0x40989976 | 0x2f39160a;0xb8df9:add:flags0 - state0 - flags0 + 0x40989976 | 0x2f39160a ^ 0x7af00ac1 ^ state0 - flags0 + 0x40989976 | 0x2f39160a ^ 0x3764731 - state0 - flags0 + 0x40989976 | 0x2f39160a + 0x52bb641c;0xb8e09:sub:flags0 - state0 - flags0 + 0x40989976 | 0x2f39160a ^ 0x7af00ac1 ^ state0 - flags0 + 0x40989976 | 0x2f39160a ^ 0x3764731 - state0 - flags0 + 0x40989976 | 0x2f39160a + 0x52bb641c - 0x2d0c0392	0xb8b53:je,0xb8b78:je,0xb8c38:je,0xb8d19:jne,0xb8d27:jne,0xb8d36:jne,0xb8d44:jne,0xb8de9:je,0xb8e6a:je
314	0xb8fcf	1	0xb944f	251	2	5	2	0xb90df:u32_0,0xb91eb:u32_0 ^ state0,0xb92c5:byte0,0xb9390:u16_8	0xb913c:sub:state0 - u32_0 ^ state0;0xb930e:add:state0 - u32_0 ^ state0 + 0x477d7abb	state0 - u32_0 ^ state0 + 0x477d7abb	0xb8ff8:xor:flags0 ^ state0 - 0x35ede369;0xb9037:add:flags0 ^ state0 - 0x35ede369 + 0x6124f239;0xb9049:add:flags0 ^ state0 - 0x35ede369 + 0x6124f239 + 0x374b6378;0xb917c:sub:flags0 ^ state0 - 0x35ede369 + 0x6124f239 + 0x374b6378 - 0x36a041e8;0xb92da:add:flags0 ^ state0 - 0x35ede369 + 0x6124f239 + 0x374b6378 - 0x36a041e8 + state0 - u32_0 ^ state0 - 0x7ff540ae	0xb9027:je,0xb92f2:je
315	0xb9451	9921	0xb9878	218	5	1	7	0xb9552:byte0,0xb9582:byte0,0xb95de:byte0,0xb960c:u16_0,0xb977b:u16_2	0xb949b:and:state0 & 0x7562ddb5;0xb94b8:xor:state0 & 0x7562ddb5 ^ 0x25ede89c;0xb950c:sub:state0 & 0x7562ddb5 ^ 0x25ede89c - 0x19140c1b;0xb96fb:xor:state0 & 0x7562ddb5 ^ 0x25ede89c - 0x19140c1b ^ flags0 ^ 0x285c750c;0xb9839:or:state0 & 0x7562ddb5 ^ 0x25ede89c - 0x19140c1b ^ flags0 ^ 0x285c750c | u16_2 ^ 0x42c7f071	state0 & 0x7562ddb5 ^ 0x25ede89c - 0x19140c1b ^ flags0 ^ 0x285c750c | u16_2 ^ 0x42c7f071	0xb94e6:xor:flags0 ^ 0x285c750c	0xb94cc:je,0xb961d:jne,0xb9652:jne,0xb9668:je,0xb9690:je,0xb969f:je,0xb971f:je
316	0xb987b	447	0xba0cc	466	0	0	39	0xb98e4:u16_8,0xb9927:b10,0xb9f67:u16_0,0xba005:u32_4,0xba01d:u32_4		state0		0xb992e:je,0xb9938:je,0xb9953:je,0xb9992:jne,0xb999e:jne,0xb99c7:jne,0xb99e3:jne,0xb99f0:jne,0xb9a3b:jne,0xb9a47:jne,0xb9a7d:jne,0xb9a89:je,0xb9ab5:jne,0xb9ac4:je,0xb9aff:je,0xb9b24:jne,0xb9b37:jne,0xb9b85:jne,0xb9bbf:jne,0xb9c07:jne,0xb9c3a:jne,0xb9c71:je,0xb9ca4:jne,0xb9cc2:je,0xb9d4b:je,0xb9d9a:jne,0xb9da6:jne,0xb9dd5:jne,0xb9de1:jne,0xb9e21:jne,0xb9e2d:jne,0xb9e4f:jne,0xb9e5b:je,0xb9e8d:jne,0xb9e99:je,0xb9ed2:jne,0xb9ede:je,0xba048:je,0xba055:je
317	0xba1e2	537	0xba680	254	9	4	5	0xba356:u16_2,0xba5d5:u16_0	0xba2a5:sub:state0 - flags0 + 0x189c9c80 - 0x4373d071 ^ 0x12461866 & 0x2d8e67e2;0xba2be:or:state0 - flags0 + 0x189c9c80 - 0x4373d071 ^ 0x12461866 & 0x2d8e67e2 | flags0 + 0x189c9c80 - 0x4373d071 ^ 0x12461866 & 0x2d8e67e2;0xba3ed:xor:state0 - flags0 + 0x189c9c80 - 0x4373d071 ^ 0x12461866 & 0x2d8e67e2 | flags0 + 0x189c9c80 - 0x4373d071 ^ 0x12461866 & 0x2d8e67e2 ^ u16_2 + flags0 + 0x189c9c80 - 0x4373d071 ^ 0x12461866 & 0x2d8e67e2;0xba4d9:and:state0 - flags0 + 0x189c9c80 - 0x4373d071 ^ 0x12461866 & 0x2d8e67e2 | flags0 + 0x189c9c80 - 0x4373d071 ^ 0x12461866 & 0x2d8e67e2 ^ u16_2 + flags0 + 0x189c9c80 - 0x4373d071 ^ 0x12461866 & 0x2d8e67e2 & flags0 + 0x189c9c80 - 0x4373d071 ^ 0x12461866 & 0x2d8e67e2 & 0x19a77ba;0xba518:add:state0 - flags0 + 0x189c9c80 - 0x4373d071 ^ 0x12461866 & 0x2d8e67e2 | flags0 + 0x189c9c80 - 0x4373d071 ^ 0x12461866 & 0x2d8e67e2 ^ u16_2 + flags0 + 0x189c9c80 - 0x4373d071 ^ 0x12461866 & 0x2d8e67e2 & flags0 + 0x189c9c80 - 0x4373d071 ^ 0x12461866 & 0x2d8e67e2 & 0x19a77ba + flags0 + 0x189c9c80 - 0x4373d071 ^ 0x12461866 & 0x2d8e67e2;0xba532:or:state0 - flags0 + 0x189c9c80 - 0x4373d071 ^ 0x12461866 & 0x2d8e67e2 | flags0 + 0x189c9c80 - 0x4373d071 ^ 0x12461866 & 0x2d8e67e2 ^ u16_2 + flags0 + 0x189c9c80 - 0x4373d071 ^ 0x12461866 & 0x2d8e67e2 & flags0 + 0x189c9c80 - 0x4373d071 ^ 0x12461866 & 0x2d8e67e2 & 0x19a77ba + flags0 + 0x189c9c80 - 0x4373d071 ^ 0x12461866 & 0x2d8e67e2 | flags0 + 0x189c9c80 - 0x4373d071 ^ 0x12461866 & 0x2d8e67e2;0xba553:xor:state0 - flags0 + 0x189c9c80 - 0x4373d071 ^ 0x12461866 & 0x2d8e67e2 | flags0 + 0x189c9c80 - 0x4373d071 ^ 0x12461866 & 0x2d8e67e2 ^ u16_2 + flags0 + 0x189c9c80 - 0x4373d071 ^ 0x12461866 & 0x2d8e67e2 & flags0 + 0x189c9c80 - 0x4373d071 ^ 0x12461866 & 0x2d8e67e2 & 0x19a77ba + flags0 + 0x189c9c80 - 0x4373d071 ^ 0x12461866 & 0x2d8e67e2 | flags0 + 0x189c9c80 - 0x4373d071 ^ 0x12461866 & 0x2d8e67e2 ^ flags0 + 0x189c9c80 - 0x4373d071 ^ 0x12461866 & 0x2d8e67e2 | 0x501e3e6c;0xba56c:xor:state0 - flags0 + 0x189c9c80 - 0x4373d071 ^ 0x12461866 & 0x2d8e67e2 | flags0 + 0x189c9c80 - 0x4373d071 ^ 0x12461866 & 0x2d8e67e2 ^ u16_2 + flags0 + 0x189c9c80 - 0x4373d071 ^ 0x12461866 & 0x2d8e67e2 & flags0 + 0x189c9c80 - 0x4373d071 ^ 0x12461866 & 0x2d8e67e2 & 0x19a77ba + flags0 + 0x189c9c80 - 0x4373d071 ^ 0x12461866 & 0x2d8e67e2 | flags0 + 0x189c9c80 - 0x4373d071 ^ 0x12461866 & 0x2d8e67e2 ^ flags0 + 0x189c9c80 - 0x4373d071 ^ 0x12461866 & 0x2d8e67e2 | 0x501e3e6c ^ flags0 + 0x189c9c80 - 0x4373d071 ^ 0x12461866 & 0x2d8e67e2;0xba637:add:state0 - flags0 + 0x189c9c80 - 0x4373d071 ^ 0x12461866 & 0x2d8e67e2 | flags0 + 0x189c9c80 - 0x4373d071 ^ 0x12461866 & 0x2d8e67e2 ^ u16_2 + flags0 + 0x189c9c80 - 0x4373d071 ^ 0x12461866 & 0x2d8e67e2 & flags0 + 0x189c9c80 - 0x4373d071 ^ 0x12461866 & 0x2d8e67e2 & 0x19a77ba + flags0 + 0x189c9c80 - 0x4373d071 ^ 0x12461866 & 0x2d8e67e2 | flags0 + 0x189c9c80 - 0x4373d071 ^ 0x12461866 & 0x2d8e67e2 ^ flags0 + 0x189c9c80 - 0x4373d071 ^ 0x12461866 & 0x2d8e67e2 | 0x501e3e6c ^ flags0 + 0x189c9c80 - 0x4373d071 ^ 0x12461866 & 0x2d8e67e2 + u16_0 - state0 - flags0 + 0x189c9c80 - 0x4373d071 ^ 0x12461866 & 0x2d8e67e2 | flags0 + 0x189c9c80 - 0x4373d071 ^ 0x12461866 & 0x2d8e67e2 ^ u16_2 + flags0 + 0x189c9c80 - 0x4373d071 ^ 0x12461866 & 0x2d8e67e2 & flags0 + 0x189c9c80 - 0x4373d071 ^ 0x12461866 & 0x2d8e67e2 & 0x19a77ba + flags0 + 0x189c9c80 - 0x4373d071 ^ 0x12461866 & 0x2d8e67e2 | flags0 + 0x189c9c80 - 0x4373d071 ^ 0x12461866 & 0x2d8e67e2 ^ flags0 + 0x189c9c80 - 0x4373d071 ^ 0x12461866 & 0x2d8e67e2 | 0x501e3e6c ^ flags0 + 0x189c9c80 - 0x4373d071 ^ 0x12461866 & 0x2d8e67e2 + 0x18e7b255	state0 - flags0 + 0x189c9c80 - 0x4373d071 ^ 0x12461866 & 0x2d8e67e2 | flags0 + 0x189c9c80 - 0x4373d071 ^ 0x12461866 & 0x2d8e67e2 ^ u16_2 + flags0 + 0x189c9c80 - 0x4373d071 ^ 0x12461866 & 0x2d8e67e2 & flags0 + 0x189c9c80 - 0x4373d071 ^ 0x12461866 & 0x2d8e67e2 & 0x19a77ba + flags0 + 0x189c9c80 - 0x4373d071 ^ 0x12461866 & 0x2d8e67e2 | flags0 + 0x189c9c80 - 0x4373d071 ^ 0x12461866 & 0x2d8e67e2 ^ flags0 + 0x189c9c80 - 0x4373d071 ^ 0x12461866 & 0x2d8e67e2 | 0x501e3e6c ^ flags0 + 0x189c9c80 - 0x4373d071 ^ 0x12461866 & 0x2d8e67e2 + u16_0 - state0 - flags0 + 0x189c9c80 - 0x4373d071 ^ 0x12461866 & 0x2d8e67e2 | flags0 + 0x189c9c80 - 0x4373d071 ^ 0x12461866 & 0x2d8e67e2 ^ u16_2 + flags0 + 0x189c9c80 - 0x4373d071 ^ 0x12461866 & 0x2d8e67e2 & flags0 + 0x189c9c80 - 0x4373d071 ^ 0x12461866 & 0x2d8e67e2 & 0x19a77ba + flags0 + 0x189c9c80 - 0x4373d071 ^ 0x12461866 & 0x2d8e67e2 | flags0 + 0x189c9c80 - 0x4373d071 ^ 0x12461866 & 0x2d8e67e2 ^ flags0 + 0x189c9c80 - 0x4373d071 ^ 0x12461866 & 0x2d8e67e2 | 0x501e3e6c ^ flags0 + 0x189c9c80 - 0x4373d071 ^ 0x12461866 & 0x2d8e67e2 + 0x18e7b255	0xba233:add:flags0 + 0x189c9c80;0xba244:sub:flags0 + 0x189c9c80 - 0x4373d071;0xba276:xor:flags0 + 0x189c9c80 - 0x4373d071 ^ 0x12461866;0xba287:and:flags0 + 0x189c9c80 - 0x4373d071 ^ 0x12461866 & 0x2d8e67e2	0xba1fd:je,0xba223:je,0xba266:je,0xba2ec:je,0xba503:je
318	0xba683	0	0xbada2	412	5	6	9	0xba69e:u16_6,0xba6c3:u16_4,0xba6ef:u32_0,0xba96e:byte0,0xbaafd:b4,0xbab6d:u16_0,0xbacbf:u16_2	0xba819:and:state0 & flags0 | 0x6be63b72 ^ 0x55d6ffe2 ^ 0x655e4f3b | 0x27c134ad & state0 + 0x4fa9822e;0xba864:or:state0 & flags0 | 0x6be63b72 ^ 0x55d6ffe2 ^ 0x655e4f3b | 0x27c134ad & state0 + 0x4fa9822e | 0x5ed258f1;0xba94f:or:state0 & flags0 | 0x6be63b72 ^ 0x55d6ffe2 ^ 0x655e4f3b | 0x27c134ad & state0 + 0x4fa9822e | 0x5ed258f1 | flags0 | 0x6be63b72 ^ 0x55d6ffe2 ^ 0x655e4f3b | 0x27c134ad & state0 + 0x4fa9822e;0xba9e9:xor:state0 & flags0 | 0x6be63b72 ^ 0x55d6ffe2 ^ 0x655e4f3b | 0x27c134ad & state0 + 0x4fa9822e | 0x5ed258f1 | flags0 | 0x6be63b72 ^ 0x55d6ffe2 ^ 0x655e4f3b | 0x27c134ad & state0 + 0x4fa9822e ^ flags0 | 0x6be63b72 ^ 0x55d6ffe2 ^ 0x655e4f3b | 0x27c134ad & state0 + 0x4fa9822e + 0x2ba77993;0xbad3e:add:state0 & flags0 | 0x6be63b72 ^ 0x55d6ffe2 ^ 0x655e4f3b | 0x27c134ad & state0 + 0x4fa9822e | 0x5ed258f1 | flags0 | 0x6be63b72 ^ 0x55d6ffe2 ^ 0x655e4f3b | 0x27c134ad & state0 + 0x4fa9822e ^ flags0 | 0x6be63b72 ^ 0x55d6ffe2 ^ 0x655e4f3b | 0x27c134ad & state0 + 0x4fa9822e + 0x2ba77993 + u16_2 + state0 & flags0 | 0x6be63b72 ^ 0x55d6ffe2 ^ 0x655e4f3b | 0x27c134ad & state0 + 0x4fa9822e | 0x5ed258f1 | flags0 | 0x6be63b72 ^ 0x55d6ffe2 ^ 0x655e4f3b | 0x27c134ad & state0 + 0x4fa9822e ^ flags0 | 0x6be63b72 ^ 0x55d6ffe2 ^ 0x655e4f3b | 0x27c134ad & state0 + 0x4fa9822e + 0x2ba77993 + 0x7f20b820	state0 & flags0 | 0x6be63b72 ^ 0x55d6ffe2 ^ 0x655e4f3b | 0x27c134ad & state0 + 0x4fa9822e | 0x5ed258f1 | flags0 | 0x6be63b72 ^ 0x55d6ffe2 ^ 0x655e4f3b | 0x27c134ad & state0 + 0x4fa9822e ^ flags0 | 0x6be63b72 ^ 0x55d6ffe2 ^ 0x655e4f3b | 0x27c134ad & state0 + 0x4fa9822e + 0x2ba77993 + u16_2 + state0 & flags0 | 0x6be63b72 ^ 0x55d6ffe2 ^ 0x655e4f3b | 0x27c134ad & state0 + 0x4fa9822e | 0x5ed258f1 | flags0 | 0x6be63b72 ^ 0x55d6ffe2 ^ 0x655e4f3b | 0x27c134ad & state0 + 0x4fa9822e ^ flags0 | 0x6be63b72 ^ 0x55d6ffe2 ^ 0x655e4f3b | 0x27c134ad & state0 + 0x4fa9822e + 0x2ba77993 + 0x7f20b820	0xba75a:or:flags0 | 0x6be63b72;0xba76a:xor:flags0 | 0x6be63b72 ^ 0x55d6ffe2;0xba79b:xor:flags0 | 0x6be63b72 ^ 0x55d6ffe2 ^ 0x655e4f3b;0xba7ab:or:flags0 | 0x6be63b72 ^ 0x55d6ffe2 ^ 0x655e4f3b | 0x27c134ad;0xba7dc:and:flags0 | 0x6be63b72 ^ 0x55d6ffe2 ^ 0x655e4f3b | 0x27c134ad & state0 + 0x4fa9822e;0xbaa29:xor:flags0 | 0x6be63b72 ^ 0x55d6ffe2 ^ 0x655e4f3b | 0x27c134ad & state0 + 0x4fa9822e ^ state0 & flags0 | 0x6be63b72 ^ 0x55d6ffe2 ^ 0x655e4f3b | 0x27c134ad & state0 + 0x4fa9822e | 0x5ed258f1 | flags0 | 0x6be63b72 ^ 0x55d6ffe2 ^ 0x655e4f3b | 0x27c134ad & state0 + 0x4fa9822e ^ flags0 | 0x6be63b72 ^ 0x55d6ffe2 ^ 0x655e4f3b | 0x27c134ad & state0 + 0x4fa9822e + 0x2ba77993	0xba74a:je,0xba78b:je,0xba89f:je,0xba975:jne,0xba983:jne,0xba992:jne,0xba9a0:jne,0xbaa0a:je,0xbab08:je
319	0xba72f	1850	0xbada2	365	5	6	9	0xba96e:byte0,0xbaafd:b4,0xbab6d:u16_0,0xbacbf:u16_2	0xba819:and:state0 & flags0 | 0x6be63b72 ^ 0x55d6ffe2 ^ 0x655e4f3b | 0x27c134ad & state0 + 0x4fa9822e;0xba864:or:state0 & flags0 | 0x6be63b72 ^ 0x55d6ffe2 ^ 0x655e4f3b | 0x27c134ad & state0 + 0x4fa9822e | 0x5ed258f1;0xba94f:or:state0 & flags0 | 0x6be63b72 ^ 0x55d6ffe2 ^ 0x655e4f3b | 0x27c134ad & state0 + 0x4fa9822e | 0x5ed258f1 | flags0 | 0x6be63b72 ^ 0x55d6ffe2 ^ 0x655e4f3b | 0x27c134ad & state0 + 0x4fa9822e;0xba9e9:xor:state0 & flags0 | 0x6be63b72 ^ 0x55d6ffe2 ^ 0x655e4f3b | 0x27c134ad & state0 + 0x4fa9822e | 0x5ed258f1 | flags0 | 0x6be63b72 ^ 0x55d6ffe2 ^ 0x655e4f3b | 0x27c134ad & state0 + 0x4fa9822e ^ flags0 | 0x6be63b72 ^ 0x55d6ffe2 ^ 0x655e4f3b | 0x27c134ad & state0 + 0x4fa9822e + 0x2ba77993;0xbad3e:add:state0 & flags0 | 0x6be63b72 ^ 0x55d6ffe2 ^ 0x655e4f3b | 0x27c134ad & state0 + 0x4fa9822e | 0x5ed258f1 | flags0 | 0x6be63b72 ^ 0x55d6ffe2 ^ 0x655e4f3b | 0x27c134ad & state0 + 0x4fa9822e ^ flags0 | 0x6be63b72 ^ 0x55d6ffe2 ^ 0x655e4f3b | 0x27c134ad & state0 + 0x4fa9822e + 0x2ba77993 + u16_2 + state0 & flags0 | 0x6be63b72 ^ 0x55d6ffe2 ^ 0x655e4f3b | 0x27c134ad & state0 + 0x4fa9822e | 0x5ed258f1 | flags0 | 0x6be63b72 ^ 0x55d6ffe2 ^ 0x655e4f3b | 0x27c134ad & state0 + 0x4fa9822e ^ flags0 | 0x6be63b72 ^ 0x55d6ffe2 ^ 0x655e4f3b | 0x27c134ad & state0 + 0x4fa9822e + 0x2ba77993 + 0x7f20b820	state0 & flags0 | 0x6be63b72 ^ 0x55d6ffe2 ^ 0x655e4f3b | 0x27c134ad & state0 + 0x4fa9822e | 0x5ed258f1 | flags0 | 0x6be63b72 ^ 0x55d6ffe2 ^ 0x655e4f3b | 0x27c134ad & state0 + 0x4fa9822e ^ flags0 | 0x6be63b72 ^ 0x55d6ffe2 ^ 0x655e4f3b | 0x27c134ad & state0 + 0x4fa9822e + 0x2ba77993 + u16_2 + state0 & flags0 | 0x6be63b72 ^ 0x55d6ffe2 ^ 0x655e4f3b | 0x27c134ad & state0 + 0x4fa9822e | 0x5ed258f1 | flags0 | 0x6be63b72 ^ 0x55d6ffe2 ^ 0x655e4f3b | 0x27c134ad & state0 + 0x4fa9822e ^ flags0 | 0x6be63b72 ^ 0x55d6ffe2 ^ 0x655e4f3b | 0x27c134ad & state0 + 0x4fa9822e + 0x2ba77993 + 0x7f20b820	0xba75a:or:flags0 | 0x6be63b72;0xba76a:xor:flags0 | 0x6be63b72 ^ 0x55d6ffe2;0xba79b:xor:flags0 | 0x6be63b72 ^ 0x55d6ffe2 ^ 0x655e4f3b;0xba7ab:or:flags0 | 0x6be63b72 ^ 0x55d6ffe2 ^ 0x655e4f3b | 0x27c134ad;0xba7dc:and:flags0 | 0x6be63b72 ^ 0x55d6ffe2 ^ 0x655e4f3b | 0x27c134ad & state0 + 0x4fa9822e;0xbaa29:xor:flags0 | 0x6be63b72 ^ 0x55d6ffe2 ^ 0x655e4f3b | 0x27c134ad & state0 + 0x4fa9822e ^ state0 & flags0 | 0x6be63b72 ^ 0x55d6ffe2 ^ 0x655e4f3b | 0x27c134ad & state0 + 0x4fa9822e | 0x5ed258f1 | flags0 | 0x6be63b72 ^ 0x55d6ffe2 ^ 0x655e4f3b | 0x27c134ad & state0 + 0x4fa9822e ^ flags0 | 0x6be63b72 ^ 0x55d6ffe2 ^ 0x655e4f3b | 0x27c134ad & state0 + 0x4fa9822e + 0x2ba77993	0xba74a:je,0xba78b:je,0xba89f:je,0xba975:jne,0xba983:jne,0xba992:jne,0xba9a0:jne,0xbaa0a:je,0xbab08:je
320	0xbada5	2080	0xbb1db	236	3	0	5	0xbadd7:byte0,0xbae89:byte0,0xbaf48:byte0,0xbb006:b0,0xbb07e:u16_1,0xbb0f7:u16_3	0xbae68:and:state0 & flags0;0xbaf06:sub:state0 & flags0 - flags0;0xbafd8:sub:state0 & flags0 - flags0 - 0x7e143884	state0 & flags0 - flags0 - 0x7e143884		0xbae90:jne,0xbae9e:jne,0xbaead:jne,0xbaebb:jne,0xbb012:je
321	0xbb1dd	97	0xbb6e3	290	4	3	5	0xbb1f1:b0,0xbb221:u32_7,0xbb245:b1,0xbb25d:u32_3,0xbb29d:b1,0xbb2ef:b0,0xbb310:b2,0xbb369:u32_7,0xbb393:u16_11,0xbb424:u16_0,0xbb488:byte0,0xbb517:byte0,0xbb611:u16_2	0xbb447:add:state0 + u16_0 ^ flags0;0xbb54f:or:state0 + u16_0 ^ flags0 | 0x2d680d90;0xbb593:add:state0 + u16_0 ^ flags0 | 0x2d680d90 + 0x69cbe1a0;0xbb689:and:state0 + u16_0 ^ flags0 | 0x2d680d90 + 0x69cbe1a0 & u16_2 - state0 + u16_0 ^ flags0 | 0x2d680d90 + 0x69cbe1a0 + 0x7ba65dc4	state0 + u16_0 ^ flags0 | 0x2d680d90 + 0x69cbe1a0 & u16_2 - state0 + u16_0 ^ flags0 | 0x2d680d90 + 0x69cbe1a0 + 0x7ba65dc4	0xbb454:sub:flags0 - 0x58d38f71;0xbb4d1:add:flags0 - 0x58d38f71 + 0xdc60e0a;0xbb4e2:xor:flags0 - 0x58d38f71 + 0xdc60e0a ^ 0xb71b18d	0xbb1f8:je,0xbb202:je,0xbb276:je,0xbb2f6:jne,0xbb4c1:je
322	0xbb3c9	1847	0xbb6e3	170	4	3	1	0xbb424:u16_0,0xbb488:byte0,0xbb517:byte0,0xbb611:u16_2	0xbb447:add:state0 + u16_0 ^ flags0;0xbb54f:or:state0 + u16_0 ^ flags0 | 0x2d680d90;0xbb593:add:state0 + u16_0 ^ flags0 | 0x2d680d90 + 0x69cbe1a0;0xbb689:and:state0 + u16_0 ^ flags0 | 0x2d680d90 + 0x69cbe1a0 & u16_2 - state0 + u16_0 ^ flags0 | 0x2d680d90 + 0x69cbe1a0 + 0x7ba65dc4	state0 + u16_0 ^ flags0 | 0x2d680d90 + 0x69cbe1a0 & u16_2 - state0 + u16_0 ^ flags0 | 0x2d680d90 + 0x69cbe1a0 + 0x7ba65dc4	0xbb454:sub:flags0 - 0x58d38f71;0xbb4d1:add:flags0 - 0x58d38f71 + 0xdc60e0a;0xbb4e2:xor:flags0 - 0x58d38f71 + 0xdc60e0a ^ 0xb71b18d	0xbb4c1:je
323	0xbb6e6	1	0xbb8a8	100	2	4	3	0xbb822:u16_0	0xbb723:xor:state0 ^ flags0;0xbb73e:sub:state0 ^ flags0 - flags0	state0 ^ flags0 - flags0	0xbb776:add:flags0 + 0x5de5c852;0xbb786:add:flags0 + 0x5de5c852 + 0xa0d232a;0xbb7ca:add:flags0 + 0x5de5c852 + 0xa0d232a + 0x1ce63a22;0xbb7da:xor:flags0 + 0x5de5c852 + 0xa0d232a + 0x1ce63a22 ^ 0x34d95df5	0xbb707:je,0xbb766:je,0xbb7ba:je
324	0xbb8aa	0	0xbba0c	83	2	0	1	0xbb909:u16_4,0xbb913:u16_6,0xbb937:u16_2,0xbb9aa:u16_0	0xbb8c0:add:state0 + flags0;0xbb9e2:and:state0 + flags0 & u16_0 - state0 + flags0 + 0x6e06065a	state0 + flags0 & u16_0 - state0 + flags0 + 0x6e06065a		0xbb950:je
325	0xbba0f	0	0xbc06b	350	5	0	7	0xbbbbe:byte0,0xbbcc8:b2,0xbbd83:u16_0,0xbbfbb:u16_3	0xbba66:sub:state0 - 0x1f34eac7;0xbbaae:and:state0 - 0x1f34eac7 & 0x6ecd1861;0xbbe11:sub:state0 - 0x1f34eac7 & 0x6ecd1861 - flags0 & 0x7d9408a;0xbbe1e:sub:state0 - 0x1f34eac7 & 0x6ecd1861 - flags0 & 0x7d9408a - 0x41dbc7b8;0xbc00f:and:state0 - 0x1f34eac7 & 0x6ecd1861 - flags0 & 0x7d9408a - 0x41dbc7b8 & u16_3 ^ 0x1ffd618f	state0 - 0x1f34eac7 & 0x6ecd1861 - flags0 & 0x7d9408a - 0x41dbc7b8 & u16_3 ^ 0x1ffd618f		0xbba4a:je,0xbbadd:je,0xbbbc5:jne,0xbbbe3:jne,0xbbc03:jne,0xbbc18:jne,0xbbd07:je
326	0xbc06d	70	0xbc31d	155	2	0	5	0xbc126:u16_3,0xbc13a:byte0,0xbc1f7:b0,0xbc249:u16_3,0xbc2b0:u16_1	0xbc108:and:state0 & flags0;0xbc2e8:add:state0 & flags0 + u16_1 ^ 0x50d4eebe	state0 & flags0 + u16_1 ^ 0x50d4eebe		0xbc141:jne,0xbc150:jne,0xbc160:jne,0xbc16f:jne,0xbc202:je
327	0xbc320	0	0xbc464	72	2	0	1	0xbc34c:u16_2,0xbc360:u16_0,0xbc386:u16_6,0xbc3f7:u16_4	0xbc357:add:state0 + 0x2f9d0305;0xbc42f:add:state0 + 0x2f9d0305 + u16_4 - state0 + 0x2f9d0305 ^ 0x323c963	state0 + 0x2f9d0305 + u16_4 - state0 + 0x2f9d0305 ^ 0x323c963		0xbc39f:je
328	0xbc466	0	0xbc673	114	1	0	2	0xbc470:byte0,0xbc49b:u16_2,0xbc49f:u16_9,0xbc4d2:u16_4,0xbc518:u16_2,0xbc529:u16_9,0xbc57d:b8,0xbc5a9:u16_0,0xbc5f0:u16_6	0xbc628:and:state0 & u16_6 - state0 + 0x6640824a	state0 & u16_6 - state0 + 0x6640824a		0xbc537:je,0xbc588:je
329	0xbc676	0	0xbc9b6	184	3	0	5	0xbc762:u16_3,0xbc79b:byte0,0xbc854:b0,0xbc89b:u16_3,0xbc943:u16_1	0xbc6aa:xor:state0 ^ 0x54da429b;0xbc71c:xor:state0 ^ 0x54da429b ^ 0x46ddc1b7;0xbc980:sub:state0 ^ 0x54da429b ^ 0x46ddc1b7 - u16_1 - 0x2a47c812	state0 ^ 0x54da429b ^ 0x46ddc1b7 - u16_1 - 0x2a47c812		0xbc7a0:jne,0xbc7b1:jne,0xbc7bf:jne,0xbc7e1:jne,0xbc85f:je
330	0xbc9b8	316	0xbcfc5	326	4	12	9	0xbcbe7:u16_3,0xbcd01:b2,0xbcf2d:u16_0	0xbca03:or:state0 | 0x6460b705;0xbcb65:and:state0 | 0x6460b705 & 0x786588ba;0xbcea8:xor:state0 | 0x6460b705 & 0x786588ba ^ 0x2897b354;0xbcf79:add:state0 | 0x6460b705 & 0x786588ba ^ 0x2897b354 + u16_0	state0 | 0x6460b705 & 0x786588ba ^ 0x2897b354 + u16_0	0xbc9e3:and:flags0 & 0x1eb7e52d;0xbc9f3:or:flags0 & 0x1eb7e52d | 0x44b10858;0xbca35:or:flags0 & 0x1eb7e52d | 0x44b10858 | 0x4ec41e66;0xbca45:or:flags0 & 0x1eb7e52d | 0x44b10858 | 0x4ec41e66 | 0x3bfbd8c6;0xbca7d:or:flags0 & 0x1eb7e52d | 0x44b10858 | 0x4ec41e66 | 0x3bfbd8c6 | state0 | 0x6460b705 + 0x18cde6a1;0xbcb06:or:flags0 & 0x1eb7e52d | 0x44b10858 | 0x4ec41e66 | 0x3bfbd8c6 | state0 | 0x6460b705 + 0x18cde6a1 | 0x696656ed;0xbcb17:or:flags0 & 0x1eb7e52d | 0x44b10858 | 0x4ec41e66 | 0x3bfbd8c6 | state0 | 0x6460b705 + 0x18cde6a1 | 0x696656ed | 0x4d220d5c;0xbccaf:or:flags0 & 0x1eb7e52d | 0x44b10858 | 0x4ec41e66 | 0x3bfbd8c6 | state0 | 0x6460b705 + 0x18cde6a1 | 0x696656ed | 0x4d220d5c | 0x562f8caf;0xbce2f:xor:flags0 & 0x1eb7e52d | 0x44b10858 | 0x4ec41e66 | 0x3bfbd8c6 | state0 | 0x6460b705 + 0x18cde6a1 | 0x696656ed | 0x4d220d5c | 0x562f8caf ^ state0 | 0x6460b705 & 0x786588ba ^ 0x31d8ed5e;0xbce5a:xor:flags0 & 0x1eb7e52d | 0x44b10858 | 0x4ec41e66 | 0x3bfbd8c6 | state0 | 0x6460b705 + 0x18cde6a1 | 0x696656ed | 0x4d220d5c | 0x562f8caf ^ state0 | 0x6460b705 & 0x786588ba ^ 0x31d8ed5e ^ state0 | 0x6460b705 & 0x786588ba;0xbce7b:xor:flags0 & 0x1eb7e52d | 0x44b10858 | 0x4ec41e66 | 0x3bfbd8c6 | state0 | 0x6460b705 + 0x18cde6a1 | 0x696656ed | 0x4d220d5c | 0x562f8caf ^ state0 | 0x6460b705 & 0x786588ba ^ 0x31d8ed5e ^ state0 | 0x6460b705 & 0x786588ba ^ state0 | 0x6460b705 & 0x786588ba - 0x42bafe3f;0xbce9b:sub:flags0 & 0x1eb7e52d | 0x44b10858 | 0x4ec41e66 | 0x3bfbd8c6 | state0 | 0x6460b705 + 0x18cde6a1 | 0x696656ed | 0x4d220d5c | 0x562f8caf ^ state0 | 0x6460b705 & 0x786588ba ^ 0x31d8ed5e ^ state0 | 0x6460b705 & 0x786588ba ^ state0 | 0x6460b705 & 0x786588ba - 0x42bafe3f - state0 | 0x6460b705 & 0x786588ba & 0x2bfb3d13	0xbc9d3:je,0xbca25:je,0xbcaa5:je,0xbcabc:je,0xbcaf6:je,0xbcd08:jne,0xbcd41:jne,0xbcd64:jne,0xbcd99:jne
331	0xbcfc8	157	0xbd36a	200	7	1	6	0xbd073:b2,0xbd224:byte0,0xbd2be:u16_0	0xbcfd2:and:state0 & 0x3eb8b067;0xbcff9:add:state0 & 0x3eb8b067 + flags0;0xbd052:and:state0 & 0x3eb8b067 + flags0 & flags0 ^ 0x1f891278;0xbd08e:add:state0 & 0x3eb8b067 + flags0 & flags0 ^ 0x1f891278 + flags0;0xbd15c:add:state0 & 0x3eb8b067 + flags0 & flags0 ^ 0x1f891278 + flags0 + 0x6859cefd;0xbd19b:or:state0 & 0x3eb8b067 + flags0 & flags0 ^ 0x1f891278 + flags0 + 0x6859cefd | 0x47dd4277;0xbd30d:add:state0 & 0x3eb8b067 + flags0 & flags0 ^ 0x1f891278 + flags0 + 0x6859cefd | 0x47dd4277 + u16_0 - state0 & 0x3eb8b067 + flags0 & flags0 ^ 0x1f891278 + flags0 + 0x6859cefd | 0x47dd4277 - 0x35a6d51	state0 & 0x3eb8b067 + flags0 & flags0 ^ 0x1f891278 + flags0 + 0x6859cefd | 0x47dd4277 + u16_0 - state0 & 0x3eb8b067 + flags0 & flags0 ^ 0x1f891278 + flags0 + 0x6859cefd | 0x47dd4277 - 0x35a6d51	0xbd0d2:xor:flags0 ^ 0x168dd881	0xbd003:je,0xbd0b8:je,0xbd0f8:je,0xbd166:je,0xbd1bb:je,0xbd1f8:je
332	0xbd36d	3292	0xbd8ad	291	7	7	4	0xbd405:byte0,0xbd53b:u16_0,0xbd7ed:u16_2	0xbd3a5:or:state0 | 0x30661b97;0xbd3d7:and:state0 | 0x30661b97 & 0x57d9fe65;0xbd419:or:state0 | 0x30661b97 & 0x57d9fe65 | flags0 & state0 | 0x2f0ca7d2 & state0 | 0x30661b97 - 0x23cebdbc ^ state0 | 0x30661b97 & 0x57d9fe65;0xbd46c:and:state0 | 0x30661b97 & 0x57d9fe65 | flags0 & state0 | 0x2f0ca7d2 & state0 | 0x30661b97 - 0x23cebdbc ^ state0 | 0x30661b97 & 0x57d9fe65 & flags0 & state0 | 0x2f0ca7d2 & state0 | 0x30661b97 - 0x23cebdbc ^ state0 | 0x30661b97 & 0x57d9fe65;0xbd49d:add:state0 | 0x30661b97 & 0x57d9fe65 | flags0 & state0 | 0x2f0ca7d2 & state0 | 0x30661b97 - 0x23cebdbc ^ state0 | 0x30661b97 & 0x57d9fe65 & flags0 & state0 | 0x2f0ca7d2 & state0 | 0x30661b97 - 0x23cebdbc ^ state0 | 0x30661b97 & 0x57d9fe65 + 0x149316fa;0xbd6c7:add:state0 | 0x30661b97 & 0x57d9fe65 | flags0 & state0 | 0x2f0ca7d2 & state0 | 0x30661b97 - 0x23cebdbc ^ state0 | 0x30661b97 & 0x57d9fe65 & flags0 & state0 | 0x2f0ca7d2 & state0 | 0x30661b97 - 0x23cebdbc ^ state0 | 0x30661b97 & 0x57d9fe65 + 0x149316fa + flags0 & state0 | 0x2f0ca7d2 & state0 | 0x30661b97 - 0x23cebdbc ^ state0 | 0x30661b97 & 0x57d9fe65;0xbd863:xor:state0 | 0x30661b97 & 0x57d9fe65 | flags0 & state0 | 0x2f0ca7d2 & state0 | 0x30661b97 - 0x23cebdbc ^ state0 | 0x30661b97 & 0x57d9fe65 & flags0 & state0 | 0x2f0ca7d2 & state0 | 0x30661b97 - 0x23cebdbc ^ state0 | 0x30661b97 & 0x57d9fe65 + 0x149316fa + flags0 & state0 | 0x2f0ca7d2 & state0 | 0x30661b97 - 0x23cebdbc ^ state0 | 0x30661b97 & 0x57d9fe65 ^ u16_2 ^ state0 | 0x30661b97 & 0x57d9fe65 | flags0 & state0 | 0x2f0ca7d2 & state0 | 0x30661b97 - 0x23cebdbc ^ state0 | 0x30661b97 & 0x57d9fe65 & flags0 & state0 | 0x2f0ca7d2 & state0 | 0x30661b97 - 0x23cebdbc ^ state0 | 0x30661b97 & 0x57d9fe65 + 0x149316fa + flags0 & state0 | 0x2f0ca7d2 & state0 | 0x30661b97 - 0x23cebdbc ^ state0 | 0x30661b97 & 0x57d9fe65 + 0x42097e5d	state0 | 0x30661b97 & 0x57d9fe65 | flags0 & state0 | 0x2f0ca7d2 & state0 | 0x30661b97 - 0x23cebdbc ^ state0 | 0x30661b97 & 0x57d9fe65 & flags0 & state0 | 0x2f0ca7d2 & state0 | 0x30661b97 - 0x23cebdbc ^ state0 | 0x30661b97 & 0x57d9fe65 + 0x149316fa + flags0 & state0 | 0x2f0ca7d2 & state0 | 0x30661b97 - 0x23cebdbc ^ state0 | 0x30661b97 & 0x57d9fe65 ^ u16_2 ^ state0 | 0x30661b97 & 0x57d9fe65 | flags0 & state0 | 0x2f0ca7d2 & state0 | 0x30661b97 - 0x23cebdbc ^ state0 | 0x30661b97 & 0x57d9fe65 & flags0 & state0 | 0x2f0ca7d2 & state0 | 0x30661b97 - 0x23cebdbc ^ state0 | 0x30661b97 & 0x57d9fe65 + 0x149316fa + flags0 & state0 | 0x2f0ca7d2 & state0 | 0x30661b97 - 0x23cebdbc ^ state0 | 0x30661b97 & 0x57d9fe65 + 0x42097e5d	0xbd398:and:flags0 & state0 | 0x2f0ca7d2;0xbd3ca:and:flags0 & state0 | 0x2f0ca7d2 & state0 | 0x30661b97 - 0x23cebdbc;0xbd3f5:xor:flags0 & state0 | 0x2f0ca7d2 & state0 | 0x30661b97 - 0x23cebdbc ^ state0 | 0x30661b97 & 0x57d9fe65;0xbd6fd:or:flags0 & state0 | 0x2f0ca7d2 & state0 | 0x30661b97 - 0x23cebdbc ^ state0 | 0x30661b97 & 0x57d9fe65 | 0x3f28ceb0;0xbd70d:xor:flags0 & state0 | 0x2f0ca7d2 & state0 | 0x30661b97 - 0x23cebdbc ^ state0 | 0x30661b97 & 0x57d9fe65 | 0x3f28ceb0 ^ 0x4c1ba91c;0xbd74c:xor:flags0 & state0 | 0x2f0ca7d2 & state0 | 0x30661b97 - 0x23cebdbc ^ state0 | 0x30661b97 & 0x57d9fe65 | 0x3f28ceb0 ^ 0x4c1ba91c ^ 0x566f0e1b;0xbd75b:add:flags0 & state0 | 0x2f0ca7d2 & state0 | 0x30661b97 - 0x23cebdbc ^ state0 | 0x30661b97 & 0x57d9fe65 | 0x3f28ceb0 ^ 0x4c1ba91c ^ 0x566f0e1b + 0x68f8b1a6	0xbd488:je,0xbd544:je,0xbd6ed:je,0xbd73d:je
333	0xbd8af	12194	0xbdd16	237	6	5	3	0xbd966:byte0,0xbd98d:byte0,0xbdaab:u16_2,0xbdc3c:u16_0	0xbd90b:xor:state0 ^ flags0 ^ state0 | 0x37ccc6ea;0xbd918:sub:state0 ^ flags0 ^ state0 | 0x37ccc6ea - 0x61e56767;0xbd980:and:state0 ^ flags0 ^ state0 | 0x37ccc6ea - 0x61e56767 & flags0 ^ state0;0xbd9ae:add:state0 ^ flags0 ^ state0 | 0x37ccc6ea - 0x61e56767 & flags0 ^ state0 + flags0 ^ state0 | 0x71cc1ee8;0xbd9bc:or:state0 ^ flags0 ^ state0 | 0x37ccc6ea - 0x61e56767 & flags0 ^ state0 + flags0 ^ state0 | 0x71cc1ee8 | 0x569ecec3;0xbdcb2:add:state0 ^ flags0 ^ state0 | 0x37ccc6ea - 0x61e56767 & flags0 ^ state0 + flags0 ^ state0 | 0x71cc1ee8 | 0x569ecec3 + u16_0 - state0 ^ flags0 ^ state0 | 0x37ccc6ea - 0x61e56767 & flags0 ^ state0 + flags0 ^ state0 | 0x71cc1ee8 | 0x569ecec3	state0 ^ flags0 ^ state0 | 0x37ccc6ea - 0x61e56767 & flags0 ^ state0 + flags0 ^ state0 | 0x71cc1ee8 | 0x569ecec3 + u16_0 - state0 ^ flags0 ^ state0 | 0x37ccc6ea - 0x61e56767 & flags0 ^ state0 + flags0 ^ state0 | 0x71cc1ee8 | 0x569ecec3	0xbd8d0:xor:flags0 ^ state0;0xbda1e:or:flags0 ^ state0 | state0 ^ flags0 ^ state0 | 0x37ccc6ea - 0x61e56767 & flags0 ^ state0 + flags0 ^ state0 | 0x71cc1ee8 | 0x569ecec3 | 0x79528121;0xbda4c:and:flags0 ^ state0 | state0 ^ flags0 ^ state0 | 0x37ccc6ea - 0x61e56767 & flags0 ^ state0 + flags0 ^ state0 | 0x71cc1ee8 | 0x569ecec3 | 0x79528121 & 0x491c3392;0xbda5c:sub:flags0 ^ state0 | state0 ^ flags0 ^ state0 | 0x37ccc6ea - 0x61e56767 & flags0 ^ state0 + flags0 ^ state0 | 0x71cc1ee8 | 0x569ecec3 | 0x79528121 & 0x491c3392 - 0x69576a7a;0xbdb48:and:flags0 ^ state0 | state0 ^ flags0 ^ state0 | 0x37ccc6ea - 0x61e56767 & flags0 ^ state0 + flags0 ^ state0 | 0x71cc1ee8 | 0x569ecec3 | 0x79528121 & 0x491c3392 - 0x69576a7a & 0x42a0b319	0xbd8d9:je,0xbd9ec:je,0xbda3c:je
334	0xbdd18	42	0xbe55b	453	0	0	39	0xbdd93:u16_8,0xbddef:b10,0xbe47d:u16_0,0xbe4d3:u32_4,0xbe4d9:u32_4		state0		0xbddf6:je,0xbde00:je,0xbde1e:je,0xbde65:jne,0xbde72:jne,0xbdea7:jne,0xbdeba:jne,0xbdec7:jne,0xbdf06:jne,0xbdf13:jne,0xbdf49:jne,0xbdf56:je,0xbdf98:jne,0xbdfb5:je,0xbdfea:je,0xbe045:jne,0xbe055:jne,0xbe092:jne,0xbe0bb:jne,0xbe102:jne,0xbe13a:jne,0xbe18e:je,0xbe1c2:jne,0xbe1d9:je,0xbe253:je,0xbe288:jne,0xbe295:jne,0xbe2e4:jne,0xbe2f1:jne,0xbe328:jne,0xbe335:jne,0xbe374:jne,0xbe381:je,0xbe3c4:jne,0xbe3d1:je,0xbe407:jne,0xbe414:je,0xbe50a:je,0xbe517:je
335	0xbe648	0	0xbe8ca	141	1	0	1	0xbe65f:byte0,0xbe6be:u16_6,0xbe71e:u16_4,0xbe79a:u16_2,0xbe849:u16_0	0xbe726:xor:state0 ^ flags0 ^ 0x6e6f5b3e	state0 ^ flags0 ^ 0x6e6f5b3e		0xbe7c8:je
336	0xbe8cd	44	0xbec0b	179	1	0	5	0xbe97e:u16_0,0xbea00:byte0,0xbeaf6:b4,0xbeb41:u16_0,0xbeb98:u16_2,0xbebb7:u16_2 ^ 0x114009e8	0xbebd2:and:state0 & u16_2 ^ 0x114009e8	state0 & u16_2 ^ 0x114009e8		0xbea07:jne,0xbea19:jne,0xbea33:jne,0xbea49:jne,0xbeb01:je
337	0xbec0e	26534	0xbf126	275	7	3	6	0xbecf2:u16_2,0xbf04a:u16_0,0xbf0ce:u16_0 + state0 - flags0 - u16_2 + state0 - flags0 + flags0 + 0x2051de91 & flags0 + 0x61f749a7 | 0x51d7631a ^ flags0 + 0x61f749a7 ^ 0x3de72107 & 0xe04b834 ^ 0x2060ddea,0xbf0f7:u16_0 + state0 - flags0 - u16_2 + state0 - flags0 + flags0 + 0x2051de91 & flags0 + 0x61f749a7 | 0x51d7631a ^ flags0 + 0x61f749a7 ^ 0x3de72107 & 0xe04b834 ^ 0x2060ddea & 0xffff	0xbec32:sub:state0 - flags0;0xbed93:sub:state0 - flags0 - u16_2 + state0 - flags0 + flags0;0xbeec8:add:state0 - flags0 - u16_2 + state0 - flags0 + flags0 + 0x2051de91;0xbef26:and:state0 - flags0 - u16_2 + state0 - flags0 + flags0 + 0x2051de91 & flags0 + 0x61f749a7;0xbefce:or:state0 - flags0 - u16_2 + state0 - flags0 + flags0 + 0x2051de91 & flags0 + 0x61f749a7 | 0x51d7631a;0xbefec:xor:state0 - flags0 - u16_2 + state0 - flags0 + flags0 + 0x2051de91 & flags0 + 0x61f749a7 | 0x51d7631a ^ flags0 + 0x61f749a7 ^ 0x3de72107 & 0xe04b834;0xbf0ec:or:state0 - flags0 - u16_2 + state0 - flags0 + flags0 + 0x2051de91 & flags0 + 0x61f749a7 | 0x51d7631a ^ flags0 + 0x61f749a7 ^ 0x3de72107 & 0xe04b834 | u16_0 + state0 - flags0 - u16_2 + state0 - flags0 + flags0 + 0x2051de91 & flags0 + 0x61f749a7 | 0x51d7631a ^ flags0 + 0x61f749a7 ^ 0x3de72107 & 0xe04b834 ^ 0x2060ddea	state0 - flags0 - u16_2 + state0 - flags0 + flags0 + 0x2051de91 & flags0 + 0x61f749a7 | 0x51d7631a ^ flags0 + 0x61f749a7 ^ 0x3de72107 & 0xe04b834 | u16_0 + state0 - flags0 - u16_2 + state0 - flags0 + flags0 + 0x2051de91 & flags0 + 0x61f749a7 | 0x51d7631a ^ flags0 + 0x61f749a7 ^ 0x3de72107 & 0xe04b834 ^ 0x2060ddea	0xbedb6:add:flags0 + 0x61f749a7;0xbef77:xor:flags0 + 0x61f749a7 ^ 0x3de72107;0xbef89:and:flags0 + 0x61f749a7 ^ 0x3de72107 & 0xe04b834	0xbec7a:je,0xbeea3:je,0xbeee0:je,0xbef44:je,0xbef67:je,0xbefac:je
338	0xbf128	1753	0xbf2d3	97	1	0	2	0xbf199:byte0,0xbf1e2:u16_4,0xbf1f4:u16_2,0xbf25e:u16_0,0xbf278:byte0 | 0x400 | (((((((r15) + 0x20) + (Ptr(kind='frame', off=0))) & 0x8) ^ (((r9) & (r9)) & 0x8)) | (Ptr(kind='frame', off=404))) | ((((((r15) + 0x20) + (Ptr(kind='frame', off=0))) & 0x8) ^ (((r9) & (r9)) & 0x8)) | (Ptr(kind='frame', off=404))))	0xbf29b:sub:state0 - u16_0 - state0 - 0x4bf8be0c	state0 - u16_0 - state0 - 0x4bf8be0c		0xbf141:je,0xbf15d:je
339	0xbf2d5	0	0xbf433	75	2	0	1	0xbf2ec:byte0,0xbf32e:u16_6,0xbf33c:u16_4,0xbf365:u16_2,0xbf3c6:u16_0,0xbf3cd:u16_0	0xbf2f9:sub:state0 - flags0;0xbf313:add:state0 - flags0 + 0x2393cc37	state0 - flags0 + 0x2393cc37		0xbf380:je
340	0xbf435	26112	0xbf886	241	4	3	3	0xbf524:byte0,0xbf57a:u16_2,0xbf79a:u16_0	0xbf4be:sub:state0 - 0x2b2e5a26;0xbf4f6:xor:state0 - 0x2b2e5a26 ^ 0x7535dd25;0xbf616:or:state0 - 0x2b2e5a26 ^ 0x7535dd25 | u16_2;0xbf82b:sub:state0 - 0x2b2e5a26 ^ 0x7535dd25 | u16_2 - u16_0 + state0 - 0x2b2e5a26 ^ 0x7535dd25 | u16_2 + 0x9097995	state0 - 0x2b2e5a26 ^ 0x7535dd25 | u16_2 - u16_0 + state0 - 0x2b2e5a26 ^ 0x7535dd25 | u16_2 + 0x9097995	0xbf49f:and:flags0 & 0x7036ca68;0xbf4b0:sub:flags0 & 0x7036ca68 - 0x2caa6796;0xbf651:xor:flags0 & 0x7036ca68 - 0x2caa6796 ^ 0x4ea9d032	0xbf457:je,0xbf48f:je,0xbf4d7:je
341	0xbf889	0	0xbfb96	161	1	1	2	0xbf8f0:u16_0,0xbf90b:u16_4,0xbf978:u16_2,0xbfa2f:u16_0,0xbfa4a:u16_4,0xbfb1d:u16_7	0xbfb5a:or:state0 | u16_7 ^ state0	state0 | u16_7 ^ state0	0xbf9ab:and:flags0 & 0x23af6a13	0xbfa5f:je,0xbfab2:je
342	0xbfb99	0	0xbff68	221	3	0	2	0xbfbb2:u16_2,0xbfbd7:u16_0,0xbfc50:u16_5,0xbfc7f:u16_3,0xbfcdf:u16_0,0xbfd69:u16_5,0xbfd7b:u16_3,0xbfe11:b2,0xbfe60:u16_9,0xbfefb:u16_7	0xbfdf2:xor:state0 ^ 0x37af3c05;0xbfe9d:and:state0 ^ 0x37af3c05 & 0x6b4057cf;0xbff2b:sub:state0 ^ 0x37af3c05 & 0x6b4057cf - u16_7 - state0 ^ 0x37af3c05 & 0x6b4057cf + 0x4bf1ddd5	state0 ^ 0x37af3c05 & 0x6b4057cf - u16_7 - state0 ^ 0x37af3c05 & 0x6b4057cf + 0x4bf1ddd5		0xbfd97:je,0xbfe1c:je
343	0xbfc0d	0	0xbff68	185	3	0	2	0xbfc50:u16_5,0xbfc7f:u16_3,0xbfcdf:u16_0,0xbfd69:u16_5,0xbfd7b:u16_3,0xbfe11:b2,0xbfe60:u16_9,0xbfefb:u16_7	0xbfdf2:xor:state0 ^ 0x37af3c05;0xbfe9d:and:state0 ^ 0x37af3c05 & 0x6b4057cf;0xbff2b:sub:state0 ^ 0x37af3c05 & 0x6b4057cf - u16_7 - state0 ^ 0x37af3c05 & 0x6b4057cf + 0x4bf1ddd5	state0 ^ 0x37af3c05 & 0x6b4057cf - u16_7 - state0 ^ 0x37af3c05 & 0x6b4057cf + 0x4bf1ddd5		0xbfd97:je,0xbfe1c:je
344	0xbff6a	0	0xc02e2	184	1	0	8	0xbff9f:u16_2,0xbffe1:b4,0xc0223:u16_0	0xc0291:and:state0 & u16_0 ^ state0 - 0x6a74b67c	state0 & u16_0 ^ state0 - 0x6a74b67c		0xbffe8:jne,0xc000b:jne,0xc004e:jne,0xc0082:jne,0xc009c:je,0xc00f7:jne,0xc011e:jne,0xc0170:jne
345	0xc02e4	1883	0xc0532	127	2	3	3	0xc031c:u32_2,0xc0421:byte0,0xc045c:u16_0	0xc0342:add:state0 + u32_2 ^ state0 + flags0;0xc04e5:add:state0 + u32_2 ^ state0 + flags0 + u16_0 + state0 + u32_2 ^ state0 + flags0	state0 + u32_2 ^ state0 + flags0 + u16_0 + state0 + u32_2 ^ state0 + flags0	0xc034f:and:flags0 & 0xe71dcd4;0xc03b6:or:flags0 & 0xe71dcd4 | 0x8a29ac4;0xc03c5:add:flags0 & 0xe71dcd4 | 0x8a29ac4 + 0x19e12fa1	0xc0300:je,0xc037b:je,0xc03a7:je
346	0xc0535	9073	0xc088b	176	1	4	10	0xc0549:byte0,0xc066d:byte0,0xc069f:u16_2,0xc07c6:u16_0	0xc072d:xor:state0 ^ flags0 ^ 0x3f746ab3 ^ 0x3f5501a6 ^ 0x45fbcef1	state0 ^ flags0 ^ 0x3f746ab3 ^ 0x3f5501a6 ^ 0x45fbcef1	0xc05e7:xor:flags0 ^ 0x3f746ab3;0xc05f8:xor:flags0 ^ 0x3f746ab3 ^ 0x3f5501a6;0xc075c:sub:flags0 ^ 0x3f746ab3 ^ 0x3f5501a6 - 0x3d02d701;0xc076e:sub:flags0 ^ 0x3f746ab3 ^ 0x3f5501a6 - 0x3d02d701 - 0x727be02c	0xc056a:je,0xc05d7:je,0xc0628:je,0xc064e:je,0xc06a9:jne,0xc06ba:jne,0xc06cb:je,0xc06dc:je,0xc06ec:je,0xc074c:je
347	0xc088d	24299	0xc0d7b	266	7	6	2	0xc08dd:byte0,0xc0a94:u16_2,0xc0cb6:u16_0	0xc08bf:or:state0 | flags0 + 0x6fa972f0;0xc098d:or:state0 | flags0 + 0x6fa972f0 | flags0 ^ state0 | flags0 + 0x6fa972f0 & 0x45223942 + state0 | flags0 + 0x6fa972f0 | 0x2efc96c5;0xc09ea:xor:state0 | flags0 + 0x6fa972f0 | flags0 ^ state0 | flags0 + 0x6fa972f0 & 0x45223942 + state0 | flags0 + 0x6fa972f0 | 0x2efc96c5 ^ 0x5cf483c7;0xc0a20:and:state0 | flags0 + 0x6fa972f0 | flags0 ^ state0 | flags0 + 0x6fa972f0 & 0x45223942 + state0 | flags0 + 0x6fa972f0 | 0x2efc96c5 ^ 0x5cf483c7 & flags0 ^ state0 | flags0 + 0x6fa972f0 & 0x45223942 + state0 | flags0 + 0x6fa972f0 | 0x2efc96c5 | 0x6630614f ^ 0x1a7ef2ae | state0 | flags0 + 0x6fa972f0 | flags0 ^ state0 | flags0 + 0x6fa972f0 & 0x45223942 + state0 | flags0 + 0x6fa972f0 | 0x2efc96c5 ^ 0x5cf483c7;0xc0a39:and:state0 | flags0 + 0x6fa972f0 | flags0 ^ state0 | flags0 + 0x6fa972f0 & 0x45223942 + state0 | flags0 + 0x6fa972f0 | 0x2efc96c5 ^ 0x5cf483c7 & flags0 ^ state0 | flags0 + 0x6fa972f0 & 0x45223942 + state0 | flags0 + 0x6fa972f0 | 0x2efc96c5 | 0x6630614f ^ 0x1a7ef2ae | state0 | flags0 + 0x6fa972f0 | flags0 ^ state0 | flags0 + 0x6fa972f0 & 0x45223942 + state0 | flags0 + 0x6fa972f0 | 0x2efc96c5 ^ 0x5cf483c7 & flags0 ^ state0 | flags0 + 0x6fa972f0 & 0x45223942 + state0 | flags0 + 0x6fa972f0 | 0x2efc96c5 | 0x6630614f ^ 0x1a7ef2ae | state0 | flags0 + 0x6fa972f0 | flags0 ^ state0 | flags0 + 0x6fa972f0 & 0x45223942 + state0 | flags0 + 0x6fa972f0 | 0x2efc96c5 ^ 0x5cf483c7;0xc0b19:add:state0 | flags0 + 0x6fa972f0 | flags0 ^ state0 | flags0 + 0x6fa972f0 & 0x45223942 + state0 | flags0 + 0x6fa972f0 | 0x2efc96c5 ^ 0x5cf483c7 & flags0 ^ state0 | flags0 + 0x6fa972f0 & 0x45223942 + state0 | flags0 + 0x6fa972f0 | 0x2efc96c5 | 0x6630614f ^ 0x1a7ef2ae | state0 | flags0 + 0x6fa972f0 | flags0 ^ state0 | flags0 + 0x6fa972f0 & 0x45223942 + state0 | flags0 + 0x6fa972f0 | 0x2efc96c5 ^ 0x5cf483c7 & flags0 ^ state0 | flags0 + 0x6fa972f0 & 0x45223942 + state0 | flags0 + 0x6fa972f0 | 0x2efc96c5 | 0x6630614f ^ 0x1a7ef2ae | state0 | flags0 + 0x6fa972f0 | flags0 ^ state0 | flags0 + 0x6fa972f0 & 0x45223942 + state0 | flags0 + 0x6fa972f0 | 0x2efc96c5 ^ 0x5cf483c7 + u16_2 + flags0 ^ state0 | flags0 + 0x6fa972f0 & 0x45223942 + state0 | flags0 + 0x6fa972f0 | 0x2efc96c5 | 0x6630614f ^ 0x1a7ef2ae | state0 | flags0 + 0x6fa972f0 | flags0 ^ state0 | flags0 + 0x6fa972f0 & 0x45223942 + state0 | flags0 + 0x6fa972f0 | 0x2efc96c5 ^ 0x5cf483c7;0xc0c2f:sub:state0 | flags0 + 0x6fa972f0 | flags0 ^ state0 | flags0 + 0x6fa972f0 & 0x45223942 + state0 | flags0 + 0x6fa972f0 | 0x2efc96c5 ^ 0x5cf483c7 & flags0 ^ state0 | flags0 + 0x6fa972f0 & 0x45223942 + state0 | flags0 + 0x6fa972f0 | 0x2efc96c5 | 0x6630614f ^ 0x1a7ef2ae | state0 | flags0 + 0x6fa972f0 | flags0 ^ state0 | flags0 + 0x6fa972f0 & 0x45223942 + state0 | flags0 + 0x6fa972f0 | 0x2efc96c5 ^ 0x5cf483c7 & flags0 ^ state0 | flags0 + 0x6fa972f0 & 0x45223942 + state0 | flags0 + 0x6fa972f0 | 0x2efc96c5 | 0x6630614f ^ 0x1a7ef2ae | state0 | flags0 + 0x6fa972f0 | flags0 ^ state0 | flags0 + 0x6fa972f0 & 0x45223942 + state0 | flags0 + 0x6fa972f0 | 0x2efc96c5 ^ 0x5cf483c7 + u16_2 + flags0 ^ state0 | flags0 + 0x6fa972f0 & 0x45223942 + state0 | flags0 + 0x6fa972f0 | 0x2efc96c5 | 0x6630614f ^ 0x1a7ef2ae | state0 | flags0 + 0x6fa972f0 | flags0 ^ state0 | flags0 + 0x6fa972f0 & 0x45223942 + state0 | flags0 + 0x6fa972f0 | 0x2efc96c5 ^ 0x5cf483c7 - flags0 ^ state0 | flags0 + 0x6fa972f0 & 0x45223942 + state0 | flags0 + 0x6fa972f0 | 0x2efc96c5 | 0x6630614f ^ 0x1a7ef2ae | state0 | flags0 + 0x6fa972f0 | flags0 ^ state0 | flags0 + 0x6fa972f0 & 0x45223942 + state0 | flags0 + 0x6fa972f0 | 0x2efc96c5 ^ 0x5cf483c7 ^ 0x7bd54e39 - 0x10871fd8	state0 | flags0 + 0x6fa972f0 | flags0 ^ state0 | flags0 + 0x6fa972f0 & 0x45223942 + state0 | flags0 + 0x6fa972f0 | 0x2efc96c5 ^ 0x5cf483c7 & flags0 ^ state0 | flags0 + 0x6fa972f0 & 0x45223942 + state0 | flags0 + 0x6fa972f0 | 0x2efc96c5 | 0x6630614f ^ 0x1a7ef2ae | state0 | flags0 + 0x6fa972f0 | flags0 ^ state0 | flags0 + 0x6fa972f0 & 0x45223942 + state0 | flags0 + 0x6fa972f0 | 0x2efc96c5 ^ 0x5cf483c7 & flags0 ^ state0 | flags0 + 0x6fa972f0 & 0x45223942 + state0 | flags0 + 0x6fa972f0 | 0x2efc96c5 | 0x6630614f ^ 0x1a7ef2ae | state0 | flags0 + 0x6fa972f0 | flags0 ^ state0 | flags0 + 0x6fa972f0 & 0x45223942 + state0 | flags0 + 0x6fa972f0 | 0x2efc96c5 ^ 0x5cf483c7 + u16_2 + flags0 ^ state0 | flags0 + 0x6fa972f0 & 0x45223942 + state0 | flags0 + 0x6fa972f0 | 0x2efc96c5 | 0x6630614f ^ 0x1a7ef2ae | state0 | flags0 + 0x6fa972f0 | flags0 ^ state0 | flags0 + 0x6fa972f0 & 0x45223942 + state0 | flags0 + 0x6fa972f0 | 0x2efc96c5 ^ 0x5cf483c7 - flags0 ^ state0 | flags0 + 0x6fa972f0 & 0x45223942 + state0 | flags0 + 0x6fa972f0 | 0x2efc96c5 | 0x6630614f ^ 0x1a7ef2ae | state0 | flags0 + 0x6fa972f0 | flags0 ^ state0 | flags0 + 0x6fa972f0 & 0x45223942 + state0 | flags0 + 0x6fa972f0 | 0x2efc96c5 ^ 0x5cf483c7 ^ 0x7bd54e39 - 0x10871fd8	0xc0952:xor:flags0 ^ state0 | flags0 + 0x6fa972f0 & 0x45223942;0xc0973:add:flags0 ^ state0 | flags0 + 0x6fa972f0 & 0x45223942 + state0 | flags0 + 0x6fa972f0 | 0x2efc96c5;0xc09d2:or:flags0 ^ state0 | flags0 + 0x6fa972f0 & 0x45223942 + state0 | flags0 + 0x6fa972f0 | 0x2efc96c5 | 0x6630614f;0xc09e3:xor:flags0 ^ state0 | flags0 + 0x6fa972f0 & 0x45223942 + state0 | flags0 + 0x6fa972f0 | 0x2efc96c5 | 0x6630614f ^ 0x1a7ef2ae;0xc0a06:or:flags0 ^ state0 | flags0 + 0x6fa972f0 & 0x45223942 + state0 | flags0 + 0x6fa972f0 | 0x2efc96c5 | 0x6630614f ^ 0x1a7ef2ae | state0 | flags0 + 0x6fa972f0 | flags0 ^ state0 | flags0 + 0x6fa972f0 & 0x45223942 + state0 | flags0 + 0x6fa972f0 | 0x2efc96c5 ^ 0x5cf483c7;0xc0b53:xor:flags0 ^ state0 | flags0 + 0x6fa972f0 & 0x45223942 + state0 | flags0 + 0x6fa972f0 | 0x2efc96c5 | 0x6630614f ^ 0x1a7ef2ae | state0 | flags0 + 0x6fa972f0 | flags0 ^ state0 | flags0 + 0x6fa972f0 & 0x45223942 + state0 | flags0 + 0x6fa972f0 | 0x2efc96c5 ^ 0x5cf483c7 ^ 0x7bd54e39	0xc093d:je,0xc09c2:je
348	0xc0d7d	37	0xc1409	372	5	4	8	0xc0ef7:byte0,0xc0f04:byte0,0xc0fd9:byte0,0xc11aa:b4,0xc122d:u16_2,0xc1347:u16_0	0xc0dd6:and:state0 & 0x4ead272;0xc1015:add:state0 & 0x4ead272 + flags0;0xc12b5:or:state0 & 0x4ead272 + flags0 | flags0 | 0x2730b0cc - 0x5c278a20 & 0x31691179 - 0x5c3efee3;0xc12c3:and:state0 & 0x4ead272 + flags0 | flags0 | 0x2730b0cc - 0x5c278a20 & 0x31691179 - 0x5c3efee3 & 0x19c08712;0xc13c8:and:state0 & 0x4ead272 + flags0 | flags0 | 0x2730b0cc - 0x5c278a20 & 0x31691179 - 0x5c3efee3 & 0x19c08712 & u16_0 ^ state0 & 0x4ead272 + flags0 | flags0 | 0x2730b0cc - 0x5c278a20 & 0x31691179 - 0x5c3efee3 & 0x19c08712 - 0x369ef0d5	state0 & 0x4ead272 + flags0 | flags0 | 0x2730b0cc - 0x5c278a20 & 0x31691179 - 0x5c3efee3 & 0x19c08712 & u16_0 ^ state0 & 0x4ead272 + flags0 | flags0 | 0x2730b0cc - 0x5c278a20 & 0x31691179 - 0x5c3efee3 & 0x19c08712 - 0x369ef0d5	0xc10c6:or:flags0 | 0x2730b0cc;0xc10ff:sub:flags0 | 0x2730b0cc - 0x5c278a20;0xc1288:and:flags0 | 0x2730b0cc - 0x5c278a20 & 0x31691179;0xc1298:sub:flags0 | 0x2730b0cc - 0x5c278a20 & 0x31691179 - 0x5c3efee3	0xc0e89:je,0xc0fff:jne,0xc101b:jne,0xc103b:jne,0xc1049:jne,0xc10e5:je,0xc11b6:je,0xc1278:je
349	0xc140b	503	0xc1923	286	9	6	4	0xc1509:u16_0,0xc1845:u16_2	0xc1445:and:state0 & flags0 | 0x37932789;0xc1452:or:state0 & flags0 | 0x37932789 | 0x16ca0efd;0xc1481:xor:state0 & flags0 | 0x37932789 | 0x16ca0efd ^ 0x78372234;0xc1577:and:state0 & flags0 | 0x37932789 | 0x16ca0efd ^ 0x78372234 & u16_0 ^ state0 & flags0 | 0x37932789 | 0x16ca0efd ^ 0x78372234 - flags0;0xc16a1:add:state0 & flags0 | 0x37932789 | 0x16ca0efd ^ 0x78372234 & u16_0 ^ state0 & flags0 | 0x37932789 | 0x16ca0efd ^ 0x78372234 - flags0 + flags0 + 0x5b8191b - 0x48cf2626 - 0x7444487f;0xc16ce:or:state0 & flags0 | 0x37932789 | 0x16ca0efd ^ 0x78372234 & u16_0 ^ state0 & flags0 | 0x37932789 | 0x16ca0efd ^ 0x78372234 - flags0 + flags0 + 0x5b8191b - 0x48cf2626 - 0x7444487f | 0x1897f25c;0xc1797:or:state0 & flags0 | 0x37932789 | 0x16ca0efd ^ 0x78372234 & u16_0 ^ state0 & flags0 | 0x37932789 | 0x16ca0efd ^ 0x78372234 - flags0 + flags0 + 0x5b8191b - 0x48cf2626 - 0x7444487f | 0x1897f25c | flags0 + 0x5b8191b - 0x48cf2626 - 0x7444487f ^ state0 & flags0 | 0x37932789 | 0x16ca0efd ^ 0x78372234 & u16_0 ^ state0 & flags0 | 0x37932789 | 0x16ca0efd ^ 0x78372234 - flags0 + flags0 + 0x5b8191b - 0x48cf2626 - 0x7444487f | 0x18eb935c | 0x6cbcf01a;0xc17a4:or:state0 & flags0 | 0x37932789 | 0x16ca0efd ^ 0x78372234 & u16_0 ^ state0 & flags0 | 0x37932789 | 0x16ca0efd ^ 0x78372234 - flags0 + flags0 + 0x5b8191b - 0x48cf2626 - 0x7444487f | 0x1897f25c | flags0 + 0x5b8191b - 0x48cf2626 - 0x7444487f ^ state0 & flags0 | 0x37932789 | 0x16ca0efd ^ 0x78372234 & u16_0 ^ state0 & flags0 | 0x37932789 | 0x16ca0efd ^ 0x78372234 - flags0 + flags0 + 0x5b8191b - 0x48cf2626 - 0x7444487f | 0x18eb935c | 0x6cbcf01a | 0x6e5025cc;0xc18be:add:state0 & flags0 | 0x37932789 | 0x16ca0efd ^ 0x78372234 & u16_0 ^ state0 & flags0 | 0x37932789 | 0x16ca0efd ^ 0x78372234 - flags0 + flags0 + 0x5b8191b - 0x48cf2626 - 0x7444487f | 0x1897f25c | flags0 + 0x5b8191b - 0x48cf2626 - 0x7444487f ^ state0 & flags0 | 0x37932789 | 0x16ca0efd ^ 0x78372234 & u16_0 ^ state0 & flags0 | 0x37932789 | 0x16ca0efd ^ 0x78372234 - flags0 + flags0 + 0x5b8191b - 0x48cf2626 - 0x7444487f | 0x18eb935c | 0x6cbcf01a | 0x6e5025cc + u16_2	state0 & flags0 | 0x37932789 | 0x16ca0efd ^ 0x78372234 & u16_0 ^ state0 & flags0 | 0x37932789 | 0x16ca0efd ^ 0x78372234 - flags0 + flags0 + 0x5b8191b - 0x48cf2626 - 0x7444487f | 0x1897f25c | flags0 + 0x5b8191b - 0x48cf2626 - 0x7444487f ^ state0 & flags0 | 0x37932789 | 0x16ca0efd ^ 0x78372234 & u16_0 ^ state0 & flags0 | 0x37932789 | 0x16ca0efd ^ 0x78372234 - flags0 + flags0 + 0x5b8191b - 0x48cf2626 - 0x7444487f | 0x18eb935c | 0x6cbcf01a | 0x6e5025cc + u16_2	0xc1594:add:flags0 + 0x5b8191b;0xc165b:sub:flags0 + 0x5b8191b - 0x48cf2626;0xc166a:sub:flags0 + 0x5b8191b - 0x48cf2626 - 0x7444487f;0xc16c1:xor:flags0 + 0x5b8191b - 0x48cf2626 - 0x7444487f ^ state0 & flags0 | 0x37932789 | 0x16ca0efd ^ 0x78372234 & u16_0 ^ state0 & flags0 | 0x37932789 | 0x16ca0efd ^ 0x78372234 - flags0 + flags0 + 0x5b8191b - 0x48cf2626 - 0x7444487f | 0x18eb935c;0xc17d3:xor:flags0 + 0x5b8191b - 0x48cf2626 - 0x7444487f ^ state0 & flags0 | 0x37932789 | 0x16ca0efd ^ 0x78372234 & u16_0 ^ state0 & flags0 | 0x37932789 | 0x16ca0efd ^ 0x78372234 - flags0 + flags0 + 0x5b8191b - 0x48cf2626 - 0x7444487f | 0x18eb935c ^ 0x6dafeaff;0xc17e3:sub:flags0 + 0x5b8191b - 0x48cf2626 - 0x7444487f ^ state0 & flags0 | 0x37932789 | 0x16ca0efd ^ 0x78372234 & u16_0 ^ state0 & flags0 | 0x37932789 | 0x16ca0efd ^ 0x78372234 - flags0 + flags0 + 0x5b8191b - 0x48cf2626 - 0x7444487f | 0x18eb935c ^ 0x6dafeaff - 0x46374e37	0xc164c:je,0xc173f:je,0xc177b:je,0xc17c3:je
350	0xc1926	2414	0xc1d46	232	5	2	1	0xc193d:byte0,0xc1a6c:u16_0,0xc1c1d:u16_2	0xc194a:add:state0 + 0x5c4fb994;0xc1a13:sub:state0 + 0x5c4fb994 - 0x33be5a8b;0xc1a30:xor:state0 + 0x5c4fb994 - 0x33be5a8b ^ flags0 & state0 + 0x5c4fb994 + 0x261f270f;0xc1b24:and:state0 + 0x5c4fb994 - 0x33be5a8b ^ flags0 & state0 + 0x5c4fb994 + 0x261f270f & u16_0 ^ state0 + 0x5c4fb994 - 0x33be5a8b ^ flags0 & state0 + 0x5c4fb994 + 0x261f270f;0xc1cd0:and:state0 + 0x5c4fb994 - 0x33be5a8b ^ flags0 & state0 + 0x5c4fb994 + 0x261f270f & u16_0 ^ state0 + 0x5c4fb994 - 0x33be5a8b ^ flags0 & state0 + 0x5c4fb994 + 0x261f270f & u16_2 ^ state0 + 0x5c4fb994 - 0x33be5a8b ^ flags0 & state0 + 0x5c4fb994 + 0x261f270f & u16_0 ^ state0 + 0x5c4fb994 - 0x33be5a8b ^ flags0 & state0 + 0x5c4fb994 + 0x261f270f ^ 0x678e3cb6	state0 + 0x5c4fb994 - 0x33be5a8b ^ flags0 & state0 + 0x5c4fb994 + 0x261f270f & u16_0 ^ state0 + 0x5c4fb994 - 0x33be5a8b ^ flags0 & state0 + 0x5c4fb994 + 0x261f270f & u16_2 ^ state0 + 0x5c4fb994 - 0x33be5a8b ^ flags0 & state0 + 0x5c4fb994 + 0x261f270f & u16_0 ^ state0 + 0x5c4fb994 - 0x33be5a8b ^ flags0 & state0 + 0x5c4fb994 + 0x261f270f ^ 0x678e3cb6	0xc1993:and:flags0 & state0 + 0x5c4fb994 + 0x261f270f;0xc1b57:sub:flags0 & state0 + 0x5c4fb994 + 0x261f270f - 0x35f71c01	0xc1974:je
351	0xc1d48	1844	0xc1ec2	85	1	0	0	0xc1d84:u16_0,0xc1da3:b4,0xc1e26:u16_2	0xc1e78:or:state0 | u16_2 + state0 - 0x7b3a2d18	state0 | u16_2 + state0 - 0x7b3a2d18		
352	0xc1ec4	4424	0xc21c0	167	2	3	8	0xc1fb5:byte0,0xc2064:byte0,0xc20ed:u16_0,0xc2189:u16_0 + state0 & 0x31863366 + 0x331dfc06 & 0xffff	0xc1ece:and:state0 & 0x31863366;0xc215a:or:state0 & 0x31863366 | u16_0 + state0 & 0x31863366 + 0x331dfc06	state0 & 0x31863366 | u16_0 + state0 & 0x31863366 + 0x331dfc06	0xc1f00:or:flags0 | state0 & 0x31863366 & 0x73b2cbe1;0xc1f46:sub:flags0 | state0 & 0x31863366 & 0x73b2cbe1 - state0 & 0x31863366 - 0x7cfd5a5b;0xc2071:or:flags0 | state0 & 0x31863366 & 0x73b2cbe1 - state0 & 0x31863366 - 0x7cfd5a5b | state0 & 0x31863366	0xc1f17:je,0xc1f5b:je,0xc1fba:jne,0xc1fc6:jne,0xc1fd3:jne,0xc1fe9:je,0xc2000:jne,0xc2027:je
353	0xc21c3	0	0xc240d	132	3	3	1	0xc21df:u32_2,0xc220b:u16_0,0xc2384:u16_0	0xc225f:sub:state0 - flags0 ^ 0x439983c9;0xc226d:xor:state0 - flags0 ^ 0x439983c9 ^ 0x423c07dd;0xc2335:mov:0x0	0x0	0xc22e7:and:flags0 & 0xab651c5;0xc22f7:xor:flags0 & 0xab651c5 ^ 0x4ab6dcda;0xc2307:mov:0x0	0xc22d7:je
354	0xc2241	1872	0xc240d	95	3	3	1	0xc2384:u16_0	0xc225f:sub:state0 - flags0 ^ 0x439983c9;0xc226d:xor:state0 - flags0 ^ 0x439983c9 ^ 0x423c07dd;0xc2335:mov:0x0	0x0	0xc22e7:and:flags0 & 0xab651c5;0xc22f7:xor:flags0 & 0xab651c5 ^ 0x4ab6dcda;0xc2307:mov:0x0	0xc22d7:je
355	0xc240f	0	0xc2917	281	3	6	8	0xc2431:byte0,0xc24ce:byte0,0xc267c:byte0,0xc2752:b4,0xc277e:u16_2,0xc284a:u16_0	0xc242f:xor:state0 ^ flags0;0xc27bf:sub:state0 ^ flags0 - flags0 ^ 0x7bdb3dc7 - 0x43e81f2a ^ 0x7b5fcef1 & 0x7536cf07 + 0x33b57421 - 0x2e36e0cb;0xc28be:or:state0 ^ flags0 - flags0 ^ 0x7bdb3dc7 - 0x43e81f2a ^ 0x7b5fcef1 & 0x7536cf07 + 0x33b57421 - 0x2e36e0cb | u16_0 - 0x25b87fbf	state0 ^ flags0 - flags0 ^ 0x7bdb3dc7 - 0x43e81f2a ^ 0x7b5fcef1 & 0x7536cf07 + 0x33b57421 - 0x2e36e0cb | u16_0 - 0x25b87fbf	0xc2469:xor:flags0 ^ 0x7bdb3dc7;0xc24a2:sub:flags0 ^ 0x7bdb3dc7 - 0x43e81f2a;0xc24b3:xor:flags0 ^ 0x7bdb3dc7 - 0x43e81f2a ^ 0x7b5fcef1;0xc2523:and:flags0 ^ 0x7bdb3dc7 - 0x43e81f2a ^ 0x7b5fcef1 & 0x7536cf07;0xc2533:add:flags0 ^ 0x7bdb3dc7 - 0x43e81f2a ^ 0x7b5fcef1 & 0x7536cf07 + 0x33b57421;0xc26f7:sub:flags0 ^ 0x7bdb3dc7 - 0x43e81f2a ^ 0x7b5fcef1 & 0x7536cf07 + 0x33b57421 - 0x2e36e0cb	0xc2492:je,0xc24e6:je,0xc2513:je,0xc2683:jne,0xc26a7:jne,0xc26c0:jne,0xc26df:jne,0xc275d:je
356	0xc291a	741	0xc2d35	244	1	0	5	0xc2935:u32_6,0xc2961:u16_4,0xc298f:u32_0,0xc2a82:u16_3,0xc2afa:byte0,0xc2bf8:b2,0xc2c55:u16_3,0xc2cb0:u16_0	0xc2a0d:xor:state0 ^ flags0	state0 ^ flags0		0xc2b01:jne,0xc2b1d:jne,0xc2b39:jne,0xc2b57:jne,0xc2c03:je
357	0xc29cf	6	0xc2d35	196	1	0	5	0xc2a82:u16_3,0xc2afa:byte0,0xc2bf8:b2,0xc2c55:u16_3,0xc2cb0:u16_0	0xc2a0d:xor:state0 ^ flags0	state0 ^ flags0		0xc2b01:jne,0xc2b1d:jne,0xc2b39:jne,0xc2b57:jne,0xc2c03:je
358	0xc2d37	1	0xc3403	373	10	2	8	0xc2d8b:byte0,0xc2e5d:byte0,0xc2fe9:byte0,0xc30a1:byte0,0xc3140:b4,0xc31b6:u16_2,0xc31ba:u16_2,0xc324a:byte0,0xc3359:u16_0	0xc2da2:add:state0 + flags0 - 0x3bcc6446;0xc2daf:xor:state0 + flags0 - 0x3bcc6446 ^ 0x50eab96;0xc2de1:sub:state0 + flags0 - 0x3bcc6446 ^ 0x50eab96 - flags0;0xc2e1c:add:state0 + flags0 - 0x3bcc6446 ^ 0x50eab96 - flags0 + flags0;0xc2e29:or:state0 + flags0 - 0x3bcc6446 ^ 0x50eab96 - flags0 + flags0 | 0x4ea692e8;0xc2e51:xor:state0 + flags0 - 0x3bcc6446 ^ 0x50eab96 - flags0 + flags0 | 0x4ea692e8 ^ flags0;0xc2e7e:xor:state0 + flags0 - 0x3bcc6446 ^ 0x50eab96 - flags0 + flags0 | 0x4ea692e8 ^ flags0 ^ flags0 ^ 0x3b02b16c;0xc2e8b:add:state0 + flags0 - 0x3bcc6446 ^ 0x50eab96 - flags0 + flags0 | 0x4ea692e8 ^ flags0 ^ flags0 ^ 0x3b02b16c + 0x63b77c87;0xc2ef5:or:state0 + flags0 - 0x3bcc6446 ^ 0x50eab96 - flags0 + flags0 | 0x4ea692e8 ^ flags0 ^ flags0 ^ 0x3b02b16c + 0x63b77c87 | flags0;0xc33ca:or:state0 + flags0 - 0x3bcc6446 ^ 0x50eab96 - flags0 + flags0 | 0x4ea692e8 ^ flags0 ^ flags0 ^ 0x3b02b16c + 0x63b77c87 | flags0 | u16_0 ^ state0 + flags0 - 0x3bcc6446 ^ 0x50eab96 - flags0 + flags0 | 0x4ea692e8 ^ flags0 ^ flags0 ^ 0x3b02b16c + 0x63b77c87 | flags0 - 0x45b1cde1	state0 + flags0 - 0x3bcc6446 ^ 0x50eab96 - flags0 + flags0 | 0x4ea692e8 ^ flags0 ^ flags0 ^ 0x3b02b16c + 0x63b77c87 | flags0 | u16_0 ^ state0 + flags0 - 0x3bcc6446 ^ 0x50eab96 - flags0 + flags0 | 0x4ea692e8 ^ flags0 ^ flags0 ^ 0x3b02b16c + 0x63b77c87 | flags0 - 0x45b1cde1	0xc31fb:or:flags0 | 0x7daf8b;0xc3221:add:flags0 | 0x7daf8b + 0x54733021	0xc2d5f:je,0xc2ec0:je,0xc2ff0:jne,0xc2ffe:jne,0xc301a:jne,0xc302b:jne,0xc3160:je,0xc31e2:je
359	0xc3406	6	0xc3716	166	2	2	2	0xc35a6:b4,0xc35f1:u16_0,0xc36a0:u16_2	0xc3488:and:state0 & flags0 | 0x16bae797;0xc36e2:or:state0 & flags0 | 0x16bae797 | u16_2 + state0 & flags0 | 0x16bae797 - 0x6683bbe1	state0 & flags0 | 0x16bae797 | u16_2 + state0 & flags0 | 0x16bae797 - 0x6683bbe1	0xc360c:or:flags0 | 0x432760b3;0xc3647:and:flags0 | 0x432760b3 & 0x2cd5a138	0xc35b2:je,0xc362d:je
