kind	site	source_entries	target_entry	target	count	unique_vm_ips
dispatch	0xcdac7		169	0x9af18	1747	35
dispatch	0xcdac7		310	0xb8556	1562	29
tail	0x7e7ca	28	347	0xc088d	1136	65
tail	0x7c308	18	114	0x90319	797	76
tail	0xadf29	257	172	0x9b68a	774	6
tail	0x90893	113,114	66	0x855ff	693	68
tail	0xae32f	258	215	0xa4609	684	47
tail	0x7e7ca	28	189	0x9e7af	682	60
tail	0xae32f	258	43	0x8173d	677	39
tail	0x9eac9	189	43	0x8173d	650	39
tail	0xc0d7b	347	18	0x7be9b	650	84
tail	0xc0d7b	347	168	0x9aa83	649	37
tail	0xae32f	258	307	0xb8064	634	66
tail	0x8536e	64	199	0xa0631	609	48
tail	0xb9878	315	28	0x7e390	604	19
tail	0x7c308	18	347	0xc088d	599	66
tail	0xa5886	219,220	144	0x95887	597	33
tail	0x81b7c	43	26	0x7dbbb	595	27
tail	0x8536e	64	28	0x7e390	584	68
tail	0x859f9	66	337	0xbec0e	574	65
tail	0xa0068	194,195,196	340	0xbf435	572	21
tail	0x9af16	168	315	0xb9451	567	18
tail	0xb68ff	297	196	0x9fbcd	565	18
tail	0xb68ff	297	347	0xc088d	564	54
tail	0x90893	113,114	185	0x9d964	564	60
tail	0xb7583	301	160	0x994cf	538	32
tail	0x90893	113,114	199	0xa0631	534	48
tail	0xbf886	340	28	0x7e390	521	70
tail	0xbf886	340	307	0xb8064	519	61
tail	0xb708a	299,300	258	0xadf2c	517	4
tail	0xa0068	194,195,196	66	0x855ff	517	27
tail	0x81b7c	43	347	0xc088d	515	32
tail	0xc0d7b	347	28	0x7e390	515	65
tail	0x859f9	66	340	0xbf435	510	61
tail	0xa0a9c	199	258	0xadf2c	509	49
tail	0x9eac9	189	307	0xb8064	487	47
tail	0x7c308	18	258	0xadf2c	486	57
tail	0xa0068	194,195,196	189	0x9e7af	485	27
tail	0xc0d7b	347	297	0xb64d7	482	50
tail	0xae32f	258	297	0xb64d7	480	52
tail	0xbf126	337	66	0x855ff	480	60
tail	0x9eac9	189	297	0xb64d7	480	50
tail	0x7e7ca	28	43	0x8173d	480	39
tail	0x859f9	66	64	0x85059	477	60
tail	0xa4a5e	215	189	0x9e7af	475	49
tail	0xc0d7b	347	174	0x9bd8f	474	27
tail	0x9d961	184	28	0x7e390	471	38
tail	0x82e73	49	144	0x95887	471	43
tail	0x859f9	66	123	0x91a59	464	37
tail	0xae32f	258	172	0x9b68a	464	29
tail	0xbf886	340	66	0x855ff	460	59
tail	0xae32f	258	18	0x7be9b	455	86
tail	0x7ca96	20	114	0x90319	454	34
tail	0xa4a5e	215	114	0x90319	452	50
tail	0x859f9	66	189	0x9e7af	451	60
tail	0xb837a	307	174	0x9bd8f	450	36
tail	0x9c08c	174	114	0x90319	446	32
tail	0xa0a9c	199	184	0x9d694	441	26
tail	0x9c3f4	175,176	28	0x7e390	439	33
tail	0x9dcab	185	168	0x9aa83	438	30
tail	0x9aa81	167	351	0xc1d48	432	31
tail	0x9dcab	185	203	0xa1484	431	31
tail	0xa4a5e	215	347	0xc088d	429	50
tail	0xbf126	337	174	0x9bd8f	428	28
tail	0x9d961	184	66	0x855ff	426	24
tail	0x99026	157	66	0x855ff	426	37
tail	0xb837a	307	157	0x98a9a	421	34
tail	0x9dcab	185	347	0xc088d	416	58
tail	0x7e7ca	28	258	0xadf2c	415	68
tail	0xb837a	307	26	0x7dbbb	414	19
tail	0xb0458	268	243	0xaab6a	411	21
tail	0xb837a	307	114	0x90319	410	59
tail	0x8536e	64	215	0xa4609	410	55
tail	0x9c08c	174	258	0xadf2c	409	27
tail	0x9dcab	185	337	0xbec0e	407	56
tail	0xa0068	194,195,196	18	0x7be9b	406	31
tail	0xae32f	258	196	0x9fbcd	404	24
tail	0x90893	113,114	158	0x99029	402	37
tail	0xa4a5e	215	258	0xadf2c	401	40
tail	0xa5886	219,220	108	0x8f24b	400	40
tail	0x81b7c	43	258	0xadf2c	397	28
tail	0x992ca	158	340	0xbf435	396	34
tail	0xb7583	301	173	0x9ba74	396	27
tail	0x9d961	184	337	0xbec0e	394	39
tail	0x992ca	158	64	0x85059	393	29
tail	0x7dfbd	26	157	0x98a9a	391	29
tail	0xbf126	337	297	0xb64d7	389	75
tail	0xa4a5e	215	337	0xbec0e	389	46
tail	0xa4a5e	215	196	0x9fbcd	386	17
tail	0xc0d7b	347	307	0xb8064	386	61
tail	0x88a55	78,79	257	0xadbfd	385	34
tail	0x7e7ca	28	168	0x9aa83	385	38
tail	0xae32f	258	199	0xa0631	385	56
tail	0xbada2	318,319	173	0x9ba74	385	20
tail	0xa1936	202,203	297	0xb64d7	385	25
tail	0x8cc7f	98,99	198	0xa037e	384	3
tail	0xbf886	340	161	0x9975a	382	33
tail	0x9eac9	189	18	0x7be9b	374	67
tail	0xb7583	301	352	0xc1ec4	374	32
tail	0x99026	157	258	0xadf2c	369	25
tail	0x9af16	168	189	0x9e7af	369	30
tail	0x99b3a	161	66	0x855ff	368	20
tail	0x9af16	168	340	0xbf435	367	30
tail	0x9af16	168	337	0xbec0e	366	29
tail	0xae32f	258	176	0x9c10b	365	25
tail	0xae32f	258	157	0x98a9a	365	37
tail	0x9eac9	189	184	0x9d694	365	25
tail	0x99026	157	18	0x7be9b	364	33
tail	0x86763	69,70	108	0x8f24b	363	22
tail	0x9eac9	189	305	0xb78b0	363	20
tail	0x82e73	49	198	0xa037e	361	21
tail	0x9ba72	172	28	0x7e390	360	23
tail	0xb7bb8	305	189	0x9e7af	360	21
tail	0xb68ff	297	333	0xbd8af	360	27
tail	0x859f9	66	158	0x99029	359	30
tail	0xc0d7b	347	158	0x99029	358	27
tail	0xb837a	307	340	0xbf435	358	45
tail	0xb86f5	309,310	171	0x9b4b3	358	30
tail	0xa1936	202,203	258	0xadf2c	357	27
tail	0xc0d7b	347	20	0x7c62b	355	29
tail	0xb837a	307	196	0x9fbcd	353	31
tail	0x9af16	168	347	0xc088d	353	26
tail	0xa4a5e	215	123	0x91a59	353	25
tail	0x9b687	171	196	0x9fbcd	351	7
tail	0xc21c0	352	258	0xadf2c	350	19
tail	0x7dfbd	26	28	0x7e390	348	21
tail	0x9ba72	172	199	0xa0631	346	25
tail	0xa4a5e	215	49	0x82820	346	11
tail	0xa94a3	237	352	0xc1ec4	346	13
tail	0xb837a	307	161	0x9975a	344	24
tail	0xa0a9c	199	114	0x90319	343	40
tail	0xb68ff	297	258	0xadf2c	342	55
tail	0x9bd8c	173	64	0x85059	342	8
tail	0x90893	113,114	268	0xb0007	342	22
tail	0x992ca	158	258	0xadf2c	341	23
tail	0xb497e	287	28	0x7e390	341	23
tail	0x8536e	64	18	0x7be9b	340	74
tail	0x9dcab	185	172	0x9b68a	339	18
tail	0xb497e	287	297	0xb64d7	338	20
tail	0xae32f	258	26	0x7dbbb	338	24
tail	0xa0068	194,195,196	33	0x7f7c4	337	26
tail	0xbdd16	333	305	0xb78b0	337	17
tail	0xb68ff	297	340	0xbf435	337	52
tail	0x91e7f	123	18	0x7be9b	337	25
tail	0xaaf3c	243	307	0xb8064	336	16
tail	0x81b7c	43	199	0xa0631	336	24
tail	0xc0d7b	347	37	0x80685	336	5
tail	0xbf886	340	18	0x7be9b	335	60
tail	0xbdd16	333	215	0xa4609	335	21
tail	0x99757	160	185	0x9d964	335	13
tail	0x99757	160	215	0xa4609	334	11
tail	0x9f779	192	198	0xa037e	333	28
tail	0x90893	113,114	20	0x7c62b	332	45
tail	0xb68ff	297	301	0xb708d	332	11
tail	0xae32f	258	315	0xb9451	331	20
tail	0x7e7ca	28	114	0x90319	330	68
tail	0x80d77	37	256	0xad849	330	8
tail	0xbf886	340	287	0xb45d2	329	20
tail	0x90893	113,114	287	0xb45d2	328	22
tail	0xbf126	337	196	0x9fbcd	327	35
tail	0x99b3a	161	18	0x7be9b	327	25
tail	0xbf886	340	192	0x9f00a	327	6
tail	0xa062e	198	300	0xb6c36	326	5
tail	0x7dfbd	26	114	0x90319	325	15
tail	0x9eac9	189	215	0xa4609	324	62
tail	0xb7583	301	198	0xa037e	324	21
tail	0xb497e	287	199	0xa0631	324	16
tail	0x9eac9	189	28	0x7e390	323	66
tail	0xb68ff	297	203	0xa1484	323	20
tail	0x7c308	18	300	0xb6c36	323	5
tail	0xae32f	258	184	0x9d694	322	27
tail	0x7c308	18	174	0x9bd8f	320	45
tail	0x82e73	49	257	0xadbfd	320	27
tail	0x91e7f	123	50	0x82e76	320	2
tail	0x88a55	78,79	160	0x994cf	319	26
tail	0x7e7ca	28	20	0x7c62b	314	28
tail	0x99026	157	189	0x9e7af	313	22
tail	0x90893	113,114	18	0x7be9b	312	80
tail	0xa0a9c	199	203	0xa1484	310	18
tail	0x90893	113,114	215	0xa4609	310	51
tail	0x8f6cf	108	337	0xbec0e	310	20
tail	0x7e7ca	28	340	0xbf435	309	67
tail	0x9ba72	172	307	0xb8064	306	14
tail	0x7e7ca	28	337	0xbec0e	305	56
tail	0x7fba1	33	297	0xb64d7	305	16
tail	0xbdd16	333	258	0xadf2c	305	18
tail	0xb7bb8	305	199	0xa0631	304	10
tail	0xb9878	315	215	0xa4609	304	11
tail	0x95b59	143,144	258	0xadf2c	304	8
tail	0xb9878	315	347	0xc088d	303	16
tail	0xc0532	345	52	0x833c7	303	4
tail	0xb9878	315	167	0x9a8d2	302	19
tail	0xa5886	219,220	198	0xa037e	301	24
tail	0xb092e	269	160	0x994cf	301	29
tail	0xa0a9c	199	79	0x885b0	300	9
tail	0x7dfbd	26	168	0x9aa83	299	19
tail	0x7c308	18	337	0xbec0e	298	65
tail	0xae32f	258	66	0x855ff	298	56
tail	0xa4a5e	215	172	0x9b68a	298	20
tail	0xa1936	202,203	315	0xb9451	298	16
tail	0xadbfa	256	340	0xbf435	296	10
tail	0xb837a	307	337	0xbec0e	295	60
tail	0xa0a9c	199	340	0xbf435	294	51
tail	0x91e7f	123	337	0xbec0e	294	45
tail	0x9c08c	174	199	0xa0631	294	18
tail	0xa0068	194,195,196	215	0xa4609	292	17
tail	0x9dcab	185	220	0xa522e	292	11
tail	0x9af16	168	258	0xadf2c	291	48
tail	0xbf126	337	28	0x7e390	291	67
tail	0xbf126	337	315	0xb9451	291	11
tail	0x8f6cf	108	333	0xbd8af	290	13
tail	0x9f779	192	257	0xadbfd	289	11
tail	0xae32f	258	220	0xa522e	287	11
tail	0x7e7ca	28	287	0xb45d2	287	15
tail	0x7ca96	20	181	0x9d13f	287	7
tail	0x81b7c	43	220	0xa522e	286	12
tail	0x8371b	52	75	0x873fc	286	5
tail	0xbada2	318,319	257	0xadbfd	285	16
tail	0x8f6cf	108	215	0xa4609	283	12
tail	0xbf886	340	345	0xc02e4	281	8
tail	0xae32f	258	237	0xa8e1f	281	8
tail	0x80d77	37	257	0xadbfd	279	11
tail	0x9dcab	185	332	0xbd36d	278	6
tail	0x9bd8c	173	196	0x9fbcd	278	4
tail	0x7c308	18	189	0x9e7af	277	70
tail	0x8536e	64	121	0x91379	277	6
tail	0x95b59	143,144	168	0x9aa83	277	12
tail	0xa062e	198	18	0x7be9b	276	12
tail	0x9eac9	189	30	0x7e849	276	7
tail	0xbf126	337	79	0x885b0	276	7
tail	0x7e7ca	28	300	0xb6c36	275	8
tail	0xb708a	299,300	220	0xa522e	274	5
tail	0xa0a9c	199	301	0xb708d	274	10
tail	0xa4a5e	215	301	0xb708d	273	7
tail	0x95b59	143,144	18	0x7be9b	273	11
tail	0xa0a9c	199	189	0x9e7af	271	58
tail	0x9170b	121	307	0xb8064	271	3
tail	0x9a46b	165	114	0x90319	271	3
tail	0x8536e	64	184	0x9d694	270	38
tail	0xbf126	337	215	0xa4609	270	60
tail	0xae32f	258	185	0x9d964	270	53
tail	0x7ecd0	29,30	203	0xa1484	269	2
tail	0xadf29	257	43	0x8173d	269	10
tail	0xc0d7b	347	185	0x9d964	268	44
tail	0x90893	113,114	332	0xbd36d	268	7
tail	0xb837a	307	64	0x85059	267	55
tail	0xadf29	257	157	0x98a9a	267	8
tail	0x859f9	66	49	0x82820	267	10
tail	0xad329	252,253	297	0xb64d7	266	5
tail	0xbf126	337	307	0xb8064	266	59
tail	0xb68ff	297	260	0xae90b	266	7
tail	0xbd8ad	332	347	0xc088d	266	3
tail	0xaeda0	260	189	0x9e7af	266	3
tail	0xa062e	198	185	0x9d964	265	8
tail	0xbf126	337	253	0xacfb1	265	4
tail	0xa062e	198	337	0xbec0e	265	9
tail	0x8371b	52	316	0xb987b	265	3
tail	0x90893	113,114	307	0xb8064	264	56
tail	0x9eac9	189	319	0xba72f	264	6
tail	0x9bd8c	173	349	0xc140b	264	5
tail	0x99757	160	172	0x9b68a	263	5
tail	0xad766	254	66	0x855ff	262	4
tail	0x859f9	66	300	0xb6c36	262	4
tail	0xa0068	194,195,196	273	0xb11ca	262	4
tail	0x9ba72	172	254	0xad32c	262	5
tail	0xb0458	268	301	0xb708d	261	3
tail	0x82e73	49	108	0x8f24b	261	41
tail	0xbf886	340	176	0x9c10b	261	38
tail	0x90893	113,114	37	0x80685	261	3
tail	0x90893	113,114	30	0x7e849	261	5
tail	0x99026	157	201	0xa0dca	261	2
tail	0xb708a	299,300	333	0xbd8af	261	3
tail	0x9ba72	172	128	0x9299b	261	3
tail	0x7c308	18	105	0x8e6b4	261	5
tail	0x81b7c	43	340	0xbf435	260	35
tail	0x92f1f	128	64	0x85059	260	2
tail	0xc1923	349	17	0x7bae9	260	3
tail	0xbf886	340	215	0xa4609	259	52
tail	0x859f9	66	258	0xadf2c	259	53
tail	0xb837a	307	176	0x9c10b	259	31
tail	0xa062e	198	215	0xa4609	259	4
tail	0xb593d	292	185	0x9d964	259	3
tail	0xb708a	299,300	337	0xbec0e	259	4
tail	0x9ba72	172	332	0xbd36d	258	3
tail	0xb1545	273	199	0xa0631	258	3
tail	0x9ba72	172	260	0xae90b	258	3
tail	0x7e7ca	28	128	0x9299b	257	2
tail	0xc21c0	352	292	0xb540f	257	2
tail	0x8b6db	90	49	0x82820	257	2
tail	0xa13d3	201	173	0x9ba74	257	2
tail	0xa0a9c	199	70	0x8610e	257	2
tail	0xc0d7b	347	128	0x9299b	257	2
tail	0x92f1f	128	215	0xa4609	257	2
tail	0xb708a	299,300	185	0x9d964	257	2
tail	0xc1d46	350	258	0xadf2c	257	2
tail	0xc1d46	350	281	0xb2db6	257	2
tail	0xb3125	281	269	0xb045b	257	2
tail	0x9b687	171	322	0xbb3c9	256	1
tail	0xbb6e3	321,322	157	0x98a9a	256	1
tail	0xbd8ad	332	90	0x8b334	256	1
tail	0xa0a9c	199	127	0x926c3	256	1
tail	0x92998	126,127	108	0x8f24b	256	1
tail	0xa1936	202,203	52	0x833c7	256	1
tail	0x87c25	75	171	0x9b4b3	256	2
tail	0xb837a	307	332	0xbd36d	256	1
tail	0x92f1f	128	268	0xb0007	256	1
tail	0x9d24a	181	215	0xa4609	256	1
tail	0xc1ec2	351	297	0xb64d7	256	1
tail	0x7ecd0	29,30	192	0x9f00a	256	1
tail	0xbd8ad	332	114	0x90319	256	1
tail	0xc0d7b	347	118	0x90c23	256	1
tail	0x90eb9	118	332	0xbd36d	256	1
tail	0xbd8ad	332	99	0x8c99a	256	1
tail	0xa4a5e	215	300	0xb6c36	256	1
tail	0xbd8ad	332	319	0xba72f	256	1
tail	0x7be98	17	300	0xb6c36	256	1
tail	0x859f9	66	107	0x8eef4	256	1
tail	0x8f248	107	160	0x994cf	256	1
tail	0x99757	160	350	0xc1926	256	1
tail	0xaeda0	260	340	0xbf435	256	1
tail	0x8eb77	105	350	0xc1926	256	1
tail	0xba0cc	316	165	0x9a24c	256	2
tail	0x99026	157	185	0x9d964	254	31
tail	0xbf126	337	18	0x7be9b	254	74
tail	0x9c08c	174	28	0x7e390	254	36
tail	0xb0458	268	28	0x7e390	251	31
tail	0xbf126	337	185	0x9d964	251	55
tail	0x9d961	184	340	0xbf435	250	36
tail	0xb837a	307	258	0xadf2c	249	49
tail	0x8536e	64	185	0x9d964	246	49
tail	0x9eac9	189	157	0x98a9a	246	33
tail	0xa4a5e	215	340	0xbf435	245	46
tail	0x7e7ca	28	64	0x85059	244	70
tail	0x7c308	18	20	0x7c62b	242	42
tail	0xbf126	337	199	0xa0631	241	54
tail	0x9c08c	174	347	0xc088d	241	30
tail	0xa0a9c	199	64	0x85059	240	53
tail	0xbf886	340	185	0x9d964	239	49
tail	0x9dcab	185	64	0x85059	237	47
tail	0xb837a	307	168	0x9aa83	237	39
tail	0xb837a	307	184	0x9d694	237	40
tail	0xc0d7b	347	161	0x9975a	236	30
tail	0xbf886	340	297	0xb64d7	235	60
tail	0x9b0c5	169	171	0x9b4b3	235	42
tail	0x859f9	66	114	0x90319	234	60
tail	0xbf886	340	333	0xbd8af	232	34
tail	0xb837a	307	347	0xc088d	232	52
tail	0xb68ff	297	268	0xb0007	231	24
tail	0x7c308	18	340	0xbf435	229	57
tail	0x8536e	64	307	0xb8064	228	60
tail	0x99757	160	64	0x85059	227	17
tail	0xb68ff	297	174	0x9bd8f	226	32
tail	0xbf126	337	43	0x8173d	226	44
tail	0x9dcab	185	123	0x91a59	225	33
tail	0x90893	113,114	28	0x7e390	224	63
tail	0x7e7ca	28	174	0x9bd8f	223	39
tail	0x9eac9	189	174	0x9bd8f	222	36
tail	0x9eac9	189	176	0x9c10b	222	32
tail	0x792f5	3	160	0x994cf	221	30
tail	0xb837a	307	189	0x9e7af	220	55
tail	0x7c308	18	196	0x9fbcd	220	40
tail	0x9eac9	189	161	0x9975a	220	38
tail	0x859f9	66	176	0x9c10b	220	36
tail	0x9c3f4	175,176	307	0xb8064	220	29
tail	0x99b3a	161	28	0x7e390	217	33
tail	0x7c308	18	123	0x91a59	217	26
tail	0x91e7f	123	114	0x90319	216	31
tail	0xbf886	340	305	0xb78b0	215	18
tail	0xc0d7b	347	43	0x8173d	214	37
tail	0x7c308	18	161	0x9975a	214	36
tail	0x8536e	64	43	0x8173d	210	38
tail	0xb837a	307	268	0xb0007	210	28
tail	0x9c3f4	175,176	189	0x9e7af	210	37
tail	0x7ca96	20	258	0xadf2c	208	36
tail	0x859f9	66	184	0x9d694	208	36
tail	0x9eac9	189	66	0x855ff	207	57
tail	0x9dcab	185	258	0xadf2c	207	53
tail	0x9aa81	167	283	0xb3612	206	37
tail	0x9ba72	172	189	0x9e7af	206	39
tail	0xbf126	337	123	0x91a59	206	32
tail	0x99026	157	199	0xa0631	205	31
tail	0x99b3a	161	337	0xbec0e	204	30
tail	0xb68ff	297	184	0x9d694	203	33
tail	0xbf886	340	203	0xa1484	202	23
tail	0x7e7ca	28	158	0x99029	201	27
tail	0x8536e	64	66	0x855ff	200	56
tail	0x859f9	66	347	0xc088d	200	63
tail	0xae32f	258	28	0x7e390	199	61
tail	0xbf126	337	172	0x9b68a	199	32
tail	0x91e7f	123	66	0x855ff	199	26
tail	0x7e7ca	28	123	0x91a59	197	38
tail	0x81b7c	43	18	0x7be9b	196	39
tail	0x9dcab	185	174	0x9bd8f	196	37
tail	0x9c3f4	175,176	337	0xbec0e	194	26
tail	0x90893	113,114	184	0x9d694	194	30
tail	0x9ba72	172	258	0xadf2c	194	30
tail	0xb68ff	297	114	0x90319	194	38
tail	0xb7bb8	305	157	0x98a9a	193	15
tail	0x90893	113,114	297	0xb64d7	192	66
tail	0xc088b	346	28	0x7e390	192	22
tail	0xb7bb8	305	307	0xb8064	191	24
tail	0x9eac9	189	185	0x9d964	191	56
tail	0xa4a5e	215	64	0x85059	191	50
tail	0xb68ff	297	337	0xbec0e	191	42
tail	0xc0d7b	347	184	0x9d694	190	42
tail	0xa4a5e	215	20	0x7c62b	190	31
tail	0x9c08c	174	307	0xb8064	189	28
tail	0x99026	157	64	0x85059	188	31
tail	0x8536e	64	161	0x9975a	187	30
tail	0xc0d7b	347	123	0x91a59	186	30
tail	0x81b7c	43	28	0x7e390	185	29
tail	0x7e7ca	28	26	0x7dbbb	185	31
tail	0x8536e	64	243	0xaab6a	185	17
tail	0x9c08c	174	185	0x9d964	184	24
tail	0xbf126	337	176	0x9c10b	183	34
tail	0x9d961	184	64	0x85059	182	28
tail	0x792f5	3	173	0x9ba74	182	24
tail	0xae32f	258	168	0x9aa83	181	40
tail	0x9eac9	189	199	0xa0631	181	59
tail	0xbf886	340	20	0x7c62b	180	32
tail	0xb0458	268	185	0x9d964	180	27
tail	0x81b7c	43	287	0xb45d2	180	26
tail	0xa4a5e	215	157	0x98a9a	179	25
tail	0xb092e	269	108	0x8f24b	178	43
tail	0x81b7c	43	66	0x855ff	177	29
tail	0xbdd16	333	337	0xbec0e	177	33
tail	0xbf886	340	158	0x99029	177	27
tail	0x99b3a	161	347	0xc088d	176	23
tail	0xbf2d3	338	283	0xb3612	175	32
tail	0xa0a9c	199	161	0x9975a	175	24
tail	0x9f779	192	108	0x8f24b	175	18
tail	0xb68ff	297	189	0x9e7af	174	50
tail	0x9c08c	174	189	0x9e7af	173	28
tail	0xae32f	258	123	0x91a59	173	22
tail	0x9ba72	172	305	0xb78b0	173	17
tail	0x99b3a	161	215	0xa4609	173	19
tail	0x9c08c	174	64	0x85059	172	26
tail	0xb497e	287	172	0x9b68a	172	18
tail	0x7c308	18	157	0x98a9a	172	34
tail	0xbf886	340	157	0x98a9a	171	37
tail	0x9dcab	185	189	0x9e7af	171	58
tail	0x91e7f	123	199	0xa0631	171	27
tail	0xb0458	268	64	0x85059	171	25
tail	0xbf126	337	168	0x9aa83	170	24
tail	0x992ca	158	18	0x7be9b	170	26
tail	0x7c308	18	64	0x85059	169	57
tail	0x9ba72	172	66	0x855ff	169	31
tail	0xc0d7b	347	66	0x855ff	167	56
tail	0xa4a5e	215	268	0xb0007	166	25
tail	0x90893	113,114	43	0x8173d	166	30
tail	0x9ba72	172	114	0x90319	166	32
tail	0x9eac9	189	315	0xb9451	165	29
tail	0xb0458	268	189	0x9e7af	165	29
tail	0xa4a5e	215	161	0x9975a	165	25
tail	0x9dcab	185	340	0xbf435	165	58
tail	0x81b7c	43	307	0xb8064	165	32
tail	0x81b7c	43	346	0xc0535	165	21
tail	0x7ca96	20	66	0x855ff	164	29
tail	0x9eac9	189	287	0xb45d2	163	28
tail	0xbf126	337	158	0x99029	163	36
tail	0xbf126	337	268	0xb0007	163	30
tail	0xbf886	340	174	0x9bd8f	162	31
tail	0x7c308	18	158	0x99029	162	38
tail	0xc0d7b	347	268	0xb0007	162	25
tail	0x9d961	184	114	0x90319	161	43
tail	0xbdd16	333	243	0xaab6a	161	21
tail	0x8f6cf	108	307	0xb8064	161	15
tail	0xae32f	258	333	0xbd8af	160	29
tail	0xae32f	258	20	0x7c62b	160	34
tail	0x99026	157	340	0xbf435	160	28
tail	0x91e7f	123	185	0x9d964	160	18
tail	0xb7bb8	305	297	0xb64d7	160	19
tail	0xa5886	219,220	173	0x9ba74	159	30
tail	0x9d961	184	18	0x7be9b	159	27
tail	0x9c3f4	175,176	18	0x7be9b	158	32
tail	0x7c308	18	172	0x9b68a	158	39
tail	0x99b3a	161	258	0xadf2c	157	29
tail	0xaaf3c	243	28	0x7e390	157	21
tail	0x99026	157	28	0x7e390	155	33
tail	0x91e7f	123	258	0xadf2c	155	36
tail	0xc088b	346	157	0x98a9a	155	13
tail	0x7fba1	33	258	0xadf2c	155	27
tail	0xa0a9c	199	346	0xc0535	154	22
tail	0x81b7c	43	215	0xa4609	153	26
tail	0x91e7f	123	64	0x85059	153	36
tail	0xb0458	268	49	0x82820	153	9
tail	0x90893	113,114	315	0xb9451	153	24
tail	0xc0d7b	347	199	0xa0631	153	48
tail	0x7dfbd	26	258	0xadf2c	153	24
tail	0x80d77	37	160	0x994cf	152	25
tail	0x7c308	18	43	0x8173d	152	42
tail	0x859f9	66	43	0x8173d	152	37
tail	0x8536e	64	268	0xb0007	152	29
tail	0x859f9	66	172	0x9b68a	152	34
tail	0x9dcab	185	176	0x9c10b	151	32
tail	0xa5886	219,220	352	0xc1ec4	151	30
tail	0xb497e	287	347	0xc088d	151	29
tail	0x9b0c5	169	165	0x9a24c	151	25
tail	0x9c3f4	175,176	340	0xbf435	151	35
tail	0x9c3f4	175,176	114	0x90319	150	27
tail	0xb68ff	297	123	0x91a59	150	29
tail	0x9dcab	185	114	0x90319	150	40
tail	0xbf126	337	3	0x78c77	150	10
tail	0xb0458	268	215	0xa4609	149	17
tail	0x7e7ca	28	315	0xb9451	149	18
tail	0xa4a5e	215	174	0x9bd8f	148	36
tail	0xb7bb8	305	268	0xb0007	148	7
tail	0x89839	83	173	0x9ba74	147	26
tail	0xbdd16	333	28	0x7e390	147	24
tail	0xbada2	318,319	160	0x994cf	147	13
tail	0x7dfbd	26	43	0x8173d	146	23
tail	0xbf886	340	199	0xa0631	145	53
tail	0x9dcab	185	161	0x9975a	145	24
tail	0x9c3f4	175,176	258	0xadf2c	145	20
tail	0x82e73	49	160	0x994cf	145	28
tail	0x99026	157	337	0xbec0e	144	38
tail	0x9ba72	172	215	0xa4609	144	16
tail	0x9dcab	185	33	0x7f7c4	143	15
tail	0xa0068	194,195,196	258	0xadf2c	143	30
tail	0xbf886	340	123	0x91a59	142	32
tail	0x859f9	66	243	0xaab6a	142	14
tail	0x792f5	3	352	0xc1ec4	142	26
tail	0xb837a	307	158	0x99029	141	31
tail	0xbdd16	333	114	0x90319	141	28
tail	0x91e7f	123	347	0xc088d	141	26
tail	0xadbfa	256	268	0xb0007	141	9
tail	0xb708a	299,300	297	0xb64d7	141	9
tail	0x9eac9	189	333	0xbd8af	140	34
tail	0x9dcab	185	43	0x8173d	140	32
tail	0x9c08c	174	297	0xb64d7	140	23
tail	0xae32f	258	174	0x9bd8f	140	27
tail	0xb7bb8	305	203	0xa1484	140	13
tail	0x8536e	64	123	0x91a59	140	31
tail	0x90893	113,114	196	0x9fbcd	140	22
tail	0x99757	160	307	0xb8064	140	9
tail	0x7e7ca	28	176	0x9c10b	139	33
tail	0x81b7c	43	189	0x9e7af	139	38
tail	0x9bd8c	173	203	0xa1484	139	8
tail	0xc088b	346	114	0x90319	138	21
tail	0xb68ff	297	43	0x8173d	138	28
tail	0xbf886	340	184	0x9d694	137	36
tail	0x7ca96	20	189	0x9e7af	136	29
tail	0x88a55	78,79	198	0xa037e	136	27
tail	0xaaf3c	243	66	0x855ff	136	21
tail	0xb0458	268	18	0x7be9b	135	32
tail	0x9ba72	172	18	0x7be9b	135	23
tail	0x992ca	158	337	0xbec0e	135	29
tail	0x992ca	158	114	0x90319	135	35
tail	0x82e73	49	173	0x9ba74	135	27
tail	0x89839	83	160	0x994cf	134	31
tail	0x7dfbd	26	337	0xbec0e	134	18
tail	0x859f9	66	315	0xb9451	133	18
tail	0xbf126	337	287	0xb45d2	133	26
tail	0xa0a9c	199	337	0xbec0e	133	48
tail	0xa4a5e	215	184	0x9d694	133	20
tail	0xa0a9c	199	347	0xc088d	132	42
tail	0xa5886	219,220	256	0xad849	132	26
tail	0xbb6e3	321,322	337	0xbec0e	132	5
tail	0x8536e	64	20	0x7c62b	131	34
tail	0x7c308	18	176	0x9c10b	131	33
tail	0x992ca	158	307	0xb8064	131	12
tail	0x7c308	18	268	0xb0007	131	27
tail	0xa1936	202,203	347	0xc088d	131	21
tail	0xbdd16	333	64	0x85059	131	28
tail	0xa1936	202,203	300	0xb6c36	131	5
tail	0x81b7c	43	337	0xbec0e	130	39
tail	0xaaf3c	243	167	0x9a8d2	130	14
tail	0xbb1db	320	256	0xad849	130	17
tail	0xa5886	219,220	160	0x994cf	129	31
tail	0x7c308	18	184	0x9d694	129	37
tail	0x7c308	18	26	0x7dbbb	129	31
tail	0x9dcab	185	157	0x98a9a	129	16
tail	0xb708a	299,300	301	0xb708d	129	3
tail	0x81b7c	43	129	0x92f21	129	3
tail	0x8cc7f	98,99	173	0x9ba74	129	3
tail	0xc088b	346	66	0x855ff	128	19
tail	0x99b3a	161	340	0xbf435	128	28
tail	0xae32f	258	161	0x9975a	128	32
tail	0x9af16	168	64	0x85059	128	25
tail	0x8f6cf	108	208	0xa2361	128	2
tail	0x99026	157	118	0x90c23	128	2
tail	0xb9878	315	114	0x90319	127	13
tail	0xbf886	340	43	0x8173d	127	42
tail	0x9b0c5	169	354	0xc2241	127	33
tail	0x9af16	168	26	0x7dbbb	127	28
tail	0x7fba1	33	66	0x855ff	127	26
tail	0xb9878	315	199	0xa0631	127	18
tail	0xb497e	287	307	0xb8064	127	20
tail	0xbf126	337	157	0x98a9a	127	28
tail	0x7ca96	20	347	0xc088d	127	33
tail	0x90893	113,114	243	0xaab6a	127	24
tail	0x9ba72	172	185	0x9d964	127	27
tail	0xaaf3c	243	18	0x7be9b	127	25
tail	0xa4a5e	215	176	0x9c10b	126	29
tail	0xc0d7b	347	287	0xb45d2	125	30
tail	0xbf886	340	196	0x9fbcd	125	30
tail	0x88a55	78,79	256	0xad849	125	24
tail	0x9af16	168	305	0xb78b0	125	22
tail	0x9dcab	185	158	0x99029	125	20
tail	0x9d961	184	347	0xc088d	125	34
tail	0xb86f5	309,310	165	0x9a24c	124	23
tail	0x992ca	158	347	0xc088d	124	35
tail	0x7ca96	20	337	0xbec0e	124	28
tail	0xb68ff	297	64	0x85059	124	45
tail	0xa0a9c	199	158	0x99029	124	25
tail	0x7dfbd	26	268	0xb0007	124	18
tail	0xb7583	301	257	0xadbfd	124	22
tail	0x9f779	192	256	0xad849	124	18
tail	0x9eac9	189	26	0x7dbbb	123	19
tail	0xa0a9c	199	123	0x91a59	123	29
tail	0x8536e	64	157	0x98a9a	123	24
tail	0x9af16	168	215	0xa4609	123	30
tail	0xb0458	268	346	0xc0535	123	17
tail	0xa0a9c	199	43	0x8173d	123	24
tail	0xbb1db	320	108	0x8f24b	123	25
tail	0xa4a5e	215	43	0x8173d	123	22
tail	0xb0458	268	114	0x90319	123	20
tail	0x88a55	78,79	108	0x8f24b	123	41
tail	0x99026	157	346	0xc0535	122	24
tail	0xa0068	194,195,196	347	0xc088d	122	23
tail	0x859f9	66	346	0xc0535	122	25
tail	0xbf126	337	305	0xb78b0	122	18
tail	0x9c08c	174	337	0xbec0e	122	30
tail	0x7c308	18	168	0x9aa83	121	33
tail	0x91e7f	123	189	0x9e7af	121	33
tail	0xb9878	315	258	0xadf2c	121	20
tail	0x7e7ca	28	268	0xb0007	121	24
tail	0xa0a9c	199	176	0x9c10b	121	29
tail	0x7ca96	20	64	0x85059	121	29
tail	0x7fba1	33	307	0xb8064	120	20
tail	0xc0d7b	347	215	0xa4609	120	35
tail	0x859f9	66	333	0xbd8af	120	33
tail	0xbb1db	320	198	0xa037e	120	16
tail	0xa0068	194,195,196	305	0xb78b0	119	24
tail	0xb86f5	309,310	354	0xc2241	119	33
tail	0x7ca96	20	185	0x9d964	119	24
tail	0x9dcab	185	315	0xb9451	119	18
tail	0x81b7c	43	315	0xb9451	119	29
tail	0x9dcab	185	196	0x9fbcd	119	15
tail	0xb837a	307	305	0xb78b0	119	17
tail	0x8536e	64	333	0xbd8af	119	29
tail	0xbdd16	333	26	0x7dbbb	119	18
tail	0xb0458	268	337	0xbec0e	118	23
tail	0xa4a5e	215	333	0xbd8af	118	15
tail	0xc088b	346	168	0x9aa83	118	24
tail	0x81b7c	43	185	0x9d964	117	35
tail	0x9eac9	189	268	0xb0007	117	26
tail	0x992ca	158	189	0x9e7af	117	25
tail	0x95b59	143,144	268	0xb0007	117	8
tail	0xbdd16	333	18	0x7be9b	116	37
tail	0xbf126	337	333	0xbd8af	116	31
tail	0xbf886	340	172	0x9b68a	116	24
tail	0x9ba72	172	340	0xbf435	116	29
tail	0x7dfbd	26	66	0x855ff	116	22
tail	0xa0a9c	199	174	0x9bd8f	116	26
tail	0x8536e	64	297	0xb64d7	116	45
tail	0xbb1db	320	160	0x994cf	116	20
tail	0xa4a5e	215	26	0x7dbbb	116	18
tail	0xb9878	315	196	0x9fbcd	115	14
tail	0x7ca96	20	297	0xb64d7	115	24
tail	0xbdd16	333	315	0xb9451	114	20
tail	0xb9878	315	337	0xbec0e	114	21
tail	0xbdd16	333	199	0xa0631	114	22
tail	0x7c308	18	203	0xa1484	114	20
tail	0x9af16	168	287	0xb45d2	114	22
tail	0xc0d7b	347	315	0xb9451	114	19
tail	0x9af16	168	114	0x90319	114	32
tail	0x99757	160	43	0x8173d	113	15
tail	0x9c08c	174	18	0x7be9b	113	38
tail	0x81b7c	43	305	0xb78b0	113	32
tail	0x7c308	18	333	0xbd8af	113	25
tail	0x7e7ca	28	33	0x7f7c4	113	17
tail	0x9af16	168	307	0xb8064	112	29
tail	0x7e7ca	28	161	0x9975a	112	37
tail	0xa0068	194,195,196	307	0xb8064	112	16
tail	0x9dcab	185	268	0xb0007	111	19
tail	0x9bd8c	173	340	0xbf435	111	13
tail	0x7fba1	33	157	0x98a9a	111	19
tail	0x9f779	192	173	0x9ba74	111	20
tail	0xaaf3c	243	189	0x9e7af	111	19
tail	0xa062e	198	258	0xadf2c	111	14
tail	0x8f6cf	108	43	0x8173d	110	17
tail	0xb0458	268	340	0xbf435	110	31
tail	0x792f5	3	144	0x95887	110	34
tail	0xbf2d3	338	351	0xc1d48	110	29
tail	0xa94a3	237	108	0x8f24b	110	22
tail	0x99757	160	340	0xbf435	110	20
tail	0x82e73	49	352	0xc1ec4	110	32
tail	0xbdd16	333	189	0x9e7af	110	27
tail	0x9d961	184	199	0xa0631	109	25
tail	0x7e7ca	28	333	0xbd8af	109	23
tail	0xb497e	287	189	0x9e7af	109	27
tail	0xc088b	346	258	0xadf2c	109	19
tail	0x9af16	168	28	0x7e390	109	30
tail	0xbdd16	333	307	0xb8064	109	20
tail	0x8f6cf	108	28	0x7e390	108	15
tail	0x99026	157	347	0xc088d	108	33
tail	0x9c08c	174	215	0xa4609	108	24
tail	0x81b7c	43	297	0xb64d7	108	24
tail	0x99b3a	161	64	0x85059	108	32
tail	0xb9878	315	307	0xb8064	108	22
tail	0xbf886	340	33	0x7f7c4	107	18
tail	0x9bd8c	173	28	0x7e390	107	18
tail	0xbf126	337	203	0xa1484	107	23
tail	0xa0a9c	199	172	0x9b68a	107	17
tail	0x9c3f4	175,176	347	0xc088d	107	23
tail	0x9c08c	174	66	0x855ff	107	26
tail	0xa0a9c	199	333	0xbd8af	107	20
tail	0x88a55	78,79	144	0x95887	107	37
tail	0xb84a4	308	171	0x9b4b3	107	7
tail	0x8536e	64	168	0x9aa83	106	36
tail	0x9af16	168	346	0xc0535	106	26
tail	0x9bd8c	173	114	0x90319	106	15
tail	0xbf126	337	184	0x9d694	106	27
tail	0xbf126	337	26	0x7dbbb	105	27
tail	0xae32f	258	243	0xaab6a	105	22
tail	0xaaf3c	243	114	0x90319	105	17
tail	0x99757	160	189	0x9e7af	105	19
tail	0x792f5	3	257	0xadbfd	105	33
tail	0x7c308	18	315	0xb9451	104	23
tail	0x95b59	143,144	347	0xc088d	104	15
tail	0xc088b	346	64	0x85059	104	24
tail	0xc21c0	352	307	0xb8064	104	10
tail	0x81b7c	43	114	0x90319	104	39
tail	0x9ba72	172	287	0xb45d2	104	16
tail	0xb497e	287	258	0xadf2c	103	23
tail	0x9c3f4	175,176	64	0x85059	103	32
tail	0x89839	83	108	0x8f24b	102	46
tail	0xa1936	202,203	346	0xc0535	102	17
tail	0xaaf3c	243	338	0xbf128	102	16
tail	0xbf2d3	338	295	0xb60e0	102	32
tail	0x7e7ca	28	157	0x98a9a	102	29
tail	0x922c1	124	43	0x8173d	102	9
tail	0x99b3a	161	189	0x9e7af	102	28
tail	0x91e7f	123	340	0xbf435	102	29
tail	0xaeeff	261	347	0xc088d	102	6
tail	0xbdd16	333	185	0x9d964	101	25
tail	0x90893	113,114	33	0x7f7c4	101	25
tail	0x9d961	184	215	0xa4609	101	21
tail	0x99b3a	161	199	0xa0631	100	21
tail	0xb9878	315	157	0x98a9a	100	23
tail	0x8f6cf	108	340	0xbf435	100	16
tail	0xbdd16	333	287	0xb45d2	100	29
tail	0xb7bb8	305	28	0x7e390	100	19
tail	0xbf886	340	239	0xa991e	99	9
tail	0xbf126	337	161	0x9975a	99	25
tail	0xb9878	315	66	0x855ff	99	21
tail	0x90893	113,114	124	0x91e81	99	7
tail	0xa0068	194,195,196	28	0x7e390	99	22
tail	0xb837a	307	123	0x91a59	98	31
tail	0xaaf3c	243	185	0x9d964	98	19
tail	0x7dfbd	26	340	0xbf435	98	28
tail	0x859f9	66	20	0x7c62b	98	33
tail	0xc0d7b	347	243	0xaab6a	98	14
tail	0xa9cf4	239	297	0xb64d7	98	7
tail	0xb9878	315	64	0x85059	98	20
tail	0xb9878	315	189	0x9e7af	97	18
tail	0xbada2	318,319	144	0x95887	97	14
tail	0xae32f	258	305	0xb78b0	97	19
tail	0x9dcab	185	184	0x9d694	96	31
tail	0xc088b	346	337	0xbec0e	96	20
tail	0xb7bb8	305	258	0xadf2c	96	21
tail	0x99b3a	161	297	0xb64d7	96	24
tail	0x9c3f4	175,176	66	0x855ff	96	28
tail	0x7e7ca	28	172	0x9b68a	96	27
tail	0xa0068	194,195,196	114	0x90319	96	25
tail	0xb68ff	297	168	0x9aa83	96	32
tail	0x81b7c	43	64	0x85059	96	30
tail	0xbf886	340	154	0x97ce6	96	7
tail	0x9ba72	172	315	0xb9451	95	21
tail	0xb9878	315	340	0xbf435	95	25
tail	0xc088b	346	340	0xbf435	95	21
tail	0xb68ff	297	176	0x9c10b	95	25
tail	0xb7583	301	144	0x95887	95	41
tail	0x90893	113,114	161	0x9975a	95	25
tail	0x7e7ca	28	346	0xc0535	95	14
tail	0xa0068	194,195,196	199	0xa0631	95	25
tail	0x9eac9	189	20	0x7c62b	95	28
tail	0xb837a	307	33	0x7f7c4	95	23
tail	0xbdd16	333	66	0x855ff	94	32
tail	0xb7583	301	256	0xad849	94	30
tail	0x7ca96	20	18	0x7be9b	94	24
tail	0xb68ff	297	161	0x9975a	94	26
tail	0x99b3a	161	114	0x90319	94	30
tail	0xae32f	258	203	0xa1484	94	31
tail	0xb837a	307	287	0xb45d2	94	13
tail	0xa1936	202,203	66	0x855ff	94	23
tail	0xb497e	287	196	0x9fbcd	94	17
tail	0x992ca	158	261	0xaeda2	94	7
tail	0x9a46b	165	333	0xbd8af	94	4
tail	0xb7bb8	305	340	0xbf435	93	22
tail	0xb1545	273	183	0x9d495	93	29
tail	0x7fba1	33	167	0x9a8d2	93	12
tail	0x9c3f4	175,176	185	0x9d964	93	25
tail	0xb9878	315	297	0xb64d7	93	14
tail	0xa1936	202,203	189	0x9e7af	93	28
tail	0xbd8ad	332	258	0xadf2c	93	6
tail	0x859f9	66	157	0x98a9a	92	28
tail	0xb7583	301	108	0x8f24b	92	27
tail	0x992ca	158	215	0xa4609	92	16
tail	0xc0d7b	347	333	0xbd8af	92	24
tail	0x99026	157	114	0x90319	92	37
tail	0xb0458	268	307	0xb8064	92	28
tail	0x9d961	184	189	0x9e7af	92	24
tail	0xa4a5e	215	168	0x9aa83	92	27
tail	0x859f9	66	196	0x9fbcd	92	21
tail	0x90893	113,114	168	0x9aa83	92	27
tail	0xb837a	307	43	0x8173d	92	25
tail	0x8536e	64	196	0x9fbcd	92	26
tail	0x7fba1	33	64	0x85059	92	21
tail	0x8f6cf	108	345	0xc02e4	92	9
tail	0xaaf3c	243	337	0xbec0e	91	23
tail	0xa1936	202,203	340	0xbf435	91	29
tail	0x9d961	184	258	0xadf2c	91	22
tail	0x99026	157	26	0x7dbbb	91	16
tail	0x992ca	158	66	0x855ff	91	26
tail	0x9dcab	185	20	0x7c62b	91	22
tail	0x88a55	78,79	173	0x9ba74	91	28
tail	0x9eac9	189	158	0x99029	91	35
tail	0xae32f	258	287	0xb45d2	91	26
tail	0x7ca96	20	340	0xbf435	91	35
tail	0xb7bb8	305	338	0xbf128	91	16
tail	0xadbfa	256	199	0xa0631	91	11
tail	0xa0068	194,195,196	140	0x94e5a	91	4
tail	0x91e7f	123	307	0xb8064	90	23
tail	0xaaf3c	243	347	0xc088d	90	26
tail	0x86763	69,70	256	0xad849	90	12
tail	0x90893	113,114	26	0x7dbbb	90	23
tail	0xa0068	194,195,196	337	0xbec0e	90	32
tail	0xbdd16	333	347	0xc088d	90	20
tail	0xc088b	346	185	0x9d964	90	15
tail	0x99026	157	49	0x82820	90	12
tail	0xbdd16	333	297	0xb64d7	90	25
tail	0x8536e	64	315	0xb9451	90	20
tail	0x7e7ca	28	319	0xba72f	90	8
tail	0x99026	157	33	0x7f7c4	89	17
tail	0xa0068	194,195,196	64	0x85059	89	16
tail	0x9dcab	185	333	0xbd8af	89	20
tail	0x792f5	3	256	0xad849	89	29
tail	0x9af16	168	243	0xaab6a	89	20
tail	0x8536e	64	305	0xb78b0	89	16
tail	0xbf126	337	83	0x8947b	88	6
tail	0xb68ff	297	158	0x99029	88	22
tail	0xb0458	268	347	0xc088d	88	24
tail	0x9d961	184	307	0xb8064	88	23
tail	0xbf886	340	268	0xb0007	88	23
tail	0x9aa81	167	295	0xb60e0	88	25
tail	0x7c308	18	305	0xb78b0	88	21
tail	0xb68ff	297	172	0x9b68a	88	22
tail	0xa0068	194,195,196	346	0xc0535	88	18
tail	0xadf29	257	347	0xc088d	88	14
tail	0xb0458	268	332	0xbd36d	88	5
tail	0xc0d7b	347	172	0x9b68a	87	25
tail	0x81b7c	43	300	0xb6c36	87	9
tail	0x9bd8c	173	185	0x9d964	87	11
tail	0xb092e	269	352	0xc1ec4	87	33
tail	0x7fba1	33	340	0xbf435	87	22
tail	0xbf886	340	315	0xb9451	87	24
tail	0x91e7f	123	215	0xa4609	87	16
tail	0x90893	113,114	346	0xc0535	87	24
tail	0x9eac9	189	332	0xbd36d	87	7
tail	0xb3799	283	258	0xadf2c	86	8
tail	0x90893	113,114	157	0x98a9a	86	35
tail	0xadbfa	256	258	0xadf2c	86	10
tail	0xae32f	258	33	0x7f7c4	86	18
tail	0x7dfbd	26	185	0x9d964	86	21
tail	0xb708a	299,300	183	0x9d495	86	30
tail	0xb837a	307	20	0x7c62b	86	28
tail	0xa0a9c	199	196	0x9fbcd	86	19
tail	0xa1936	202,203	199	0xa0631	86	17
tail	0xa1936	202,203	220	0xa522e	86	7
tail	0x9eac9	189	172	0x9b68a	86	19
tail	0xc0d7b	347	3	0x78c77	86	10
tail	0x99026	157	83	0x8947b	86	11
tail	0xc0d7b	347	176	0x9c10b	85	26
tail	0x9eac9	189	203	0xa1484	85	23
tail	0x8536e	64	158	0x99029	85	21
tail	0xbf886	340	243	0xaab6a	85	20
tail	0x9eac9	189	168	0x9aa83	85	31
tail	0x859f9	66	168	0x9aa83	85	24
tail	0x8536e	64	203	0xa1484	85	28
tail	0xb7bb8	305	337	0xbec0e	85	17
tail	0xa0068	194,195,196	185	0x9d964	85	23
tail	0xbdd16	333	273	0xb11ca	85	8
tail	0xc0d7b	347	124	0x91e81	85	11
tail	0xadbfa	256	273	0xb11ca	85	7
tail	0xa1936	202,203	18	0x7be9b	84	31
tail	0x9ba72	172	337	0xbec0e	84	23
tail	0x7fba1	33	185	0x9d964	84	17
tail	0xadbfa	256	157	0x98a9a	84	12
tail	0x7fba1	33	114	0x90319	84	21
tail	0x99b3a	161	307	0xb8064	84	19
tail	0x81b7c	43	33	0x7f7c4	84	23
tail	0xc21c0	352	121	0x91379	84	5
tail	0x90893	113,114	260	0xae90b	84	5
tail	0xc0d7b	347	196	0x9fbcd	83	29
tail	0x7c308	18	346	0xc0535	83	22
tail	0xbdd16	333	340	0xbf435	83	20
tail	0x9af16	168	185	0x9d964	83	27
tail	0xa4a5e	215	158	0x99029	83	25
tail	0x7c308	18	269	0xb045b	83	6
tail	0xa0068	194,195,196	26	0x7dbbb	83	18
tail	0x9d961	184	185	0x9d964	83	21
tail	0xadf29	257	340	0xbf435	83	10
tail	0xa0a9c	199	168	0x9aa83	83	22
tail	0xb837a	307	172	0x9b68a	82	18
tail	0xbf126	337	346	0xc0535	82	16
tail	0x859f9	66	305	0xb78b0	82	19
tail	0x7ca96	20	215	0xa4609	82	26
tail	0xb68ff	297	20	0x7c62b	82	27
tail	0x7dfbd	26	215	0xa4609	82	16
tail	0x9eac9	189	243	0xaab6a	82	24
tail	0x7dfbd	26	172	0x9b68a	82	18
tail	0x99026	157	305	0xb78b0	82	17
tail	0x9eac9	189	33	0x7f7c4	82	24
tail	0xa1936	202,203	64	0x85059	82	17
tail	0xbada2	318,319	352	0xc1ec4	82	15
tail	0x7fba1	33	168	0x9aa83	81	18
tail	0xbf886	340	168	0x9aa83	81	26
tail	0xbf126	337	243	0xaab6a	81	19
tail	0xc21c0	352	189	0x9e7af	81	8
tail	0x9c3f4	175,176	215	0xa4609	81	21
tail	0xad766	254	297	0xb64d7	81	3
tail	0x9eac9	189	123	0x91a59	81	31
tail	0xb68ff	297	33	0x7f7c4	81	20
tail	0xb68ff	297	237	0xa8e1f	81	9
tail	0xc088b	346	347	0xc088d	81	16
tail	0xb1545	273	196	0x9fbcd	81	4
tail	0x9d961	184	297	0xb64d7	81	17
tail	0xadf29	257	308	0xb837c	81	3
tail	0xb497e	287	43	0x8173d	80	18
tail	0x9af16	168	66	0x855ff	80	31
tail	0x9ba72	172	33	0x7f7c4	80	21
tail	0xc1d46	350	114	0x90319	80	3
tail	0xaaf3c	243	340	0xbf435	80	17
tail	0x9af16	168	18	0x7be9b	80	39
tail	0x99b3a	161	185	0x9d964	80	16
tail	0xb7bb8	305	196	0x9fbcd	80	16
tail	0xb837a	307	322	0xbb3c9	80	5
tail	0x99757	160	196	0x9fbcd	80	4
tail	0x99026	157	297	0xb64d7	79	19
tail	0x8536e	64	176	0x9c10b	79	31
tail	0xc0d7b	347	157	0x98a9a	79	32
tail	0x792f5	3	108	0x8f24b	79	35
tail	0xc088b	346	189	0x9e7af	79	21
tail	0x9af16	168	320	0xbada5	79	8
tail	0xb9878	315	338	0xbf128	79	19
tail	0xa4a5e	215	273	0xb11ca	79	3
tail	0x7ecd0	29,30	307	0xb8064	79	4
tail	0xbb1db	320	173	0x9ba74	78	26
tail	0x8536e	64	172	0x9b68a	78	24
tail	0x859f9	66	203	0xa1484	78	23
tail	0x99026	157	179	0x9ca8d	78	5
tail	0xb497e	287	333	0xbd8af	78	21
tail	0x8536e	64	33	0x7f7c4	78	24
tail	0x99026	157	260	0xae90b	78	6
tail	0x9af16	168	33	0x7f7c4	78	22
tail	0xaeda0	260	301	0xb708d	78	3
tail	0xa0a9c	199	345	0xc02e4	78	7
tail	0x980a9	154	196	0x9fbcd	78	3
tail	0x9c08c	174	119	0x90ebc	78	3
tail	0xb1545	273	347	0xc088d	78	2
tail	0x9ba72	172	346	0xc0535	77	20
tail	0xbb6e3	321,322	91	0x8b6de	77	22
tail	0xc0d7b	347	203	0xa1484	77	30
tail	0xa0068	194,195,196	220	0xa522e	77	7
tail	0xae32f	258	346	0xc0535	77	22
tail	0xb0458	268	199	0xa0631	77	24
tail	0xb092e	269	257	0xadbfd	77	33
tail	0x8536e	64	174	0x9bd8f	77	25
tail	0xb9878	315	168	0x9aa83	77	24
tail	0x7c308	18	192	0x9f00a	77	7
tail	0xadbfa	256	337	0xbec0e	77	7
tail	0xc21c0	352	157	0x98a9a	77	7
tail	0xb708a	299,300	64	0x85059	77	2
tail	0x980a9	154	185	0x9d964	77	2
tail	0xae32f	258	154	0x97ce6	77	2
tail	0xa0a9c	199	273	0xb11ca	76	6
tail	0x9bd8c	173	297	0xb64d7	76	8
tail	0xbf126	337	319	0xba72f	76	8
tail	0x922c1	124	157	0x98a9a	76	7
tail	0xc0532	345	192	0x9f00a	76	4
tail	0x980a9	154	180	0x9cf32	76	28
tail	0xc088b	346	43	0x8173d	75	21
tail	0xb092e	269	173	0x9ba74	75	21
tail	0x7dfbd	26	64	0x85059	75	20
tail	0xb68ff	297	157	0x98a9a	75	24
tail	0xa1936	202,203	28	0x7e390	75	27
tail	0xaaf3c	243	215	0xa4609	75	11
tail	0x90893	113,114	174	0x9bd8f	75	21
tail	0x90893	113,114	176	0x9c10b	75	25
tail	0x89839	83	198	0xa037e	75	32
tail	0xa2933	208	79	0x885b0	75	4
tail	0xb9878	315	43	0x8173d	74	17
tail	0x90893	113,114	123	0x91a59	74	29
tail	0x7ca96	20	307	0xb8064	74	26
tail	0xb0458	268	26	0x7dbbb	74	20
tail	0x95b59	143,144	157	0x98a9a	74	7
tail	0x8536e	64	346	0xc0535	74	20
tail	0x99757	160	333	0xbd8af	74	5
tail	0x8f6cf	108	260	0xae90b	74	9
tail	0x99026	157	319	0xba72f	74	6
tail	0xadf29	257	215	0xa4609	74	7
tail	0x96eb1	148	160	0x994cf	74	4
tail	0x9dcab	185	287	0xb45d2	73	16
tail	0xa1936	202,203	320	0xbada5	73	5
tail	0x9dcab	185	305	0xb78b0	73	15
tail	0x9d961	184	40	0x8115d	73	6
tail	0xae32f	258	158	0x99029	73	22
tail	0x7fba1	33	215	0xa4609	73	17
tail	0x859f9	66	350	0xc1926	73	4
tail	0x8536e	64	287	0xb45d2	73	19
tail	0xbf126	337	301	0xb708d	73	7
tail	0x9b687	171	337	0xbec0e	73	9
tail	0x9eac9	189	260	0xae90b	73	6
tail	0xb0458	268	305	0xb78b0	73	10
tail	0xae32f	258	268	0xb0007	73	19
tail	0x859f9	66	273	0xb11ca	73	6
tail	0xc0532	345	114	0x90319	73	8
tail	0x9af16	168	254	0xad32c	73	7
tail	0xb837a	307	220	0xa522e	73	8
tail	0xbd8ad	332	340	0xbf435	73	2
tail	0x9bd8c	173	254	0xad32c	73	6
tail	0xc0d7b	347	254	0xad32c	72	6
tail	0xa0068	194,195,196	315	0xb9451	72	17
tail	0x9eac9	189	196	0x9fbcd	72	29
tail	0xb837a	307	333	0xbd8af	72	19
tail	0xa0a9c	199	157	0x98a9a	72	23
tail	0xb092e	269	256	0xad849	72	27
tail	0xc088b	346	268	0xb0007	71	16
tail	0xbf126	337	33	0x7f7c4	71	22
tail	0x9ba72	172	243	0xaab6a	71	18
tail	0xaaf3c	243	297	0xb64d7	71	10
tail	0xa062e	198	350	0xc1926	71	6
tail	0x89839	83	352	0xc1ec4	71	31
tail	0x7e7ca	28	196	0x9fbcd	71	23
tail	0x980a9	154	297	0xb64d7	71	5
tail	0x792f5	3	198	0xa037e	71	31
tail	0xbdd16	333	301	0xb708d	71	5
tail	0x8eb77	105	291	0xb4edd	71	5
tail	0xa13d3	201	256	0xad849	71	3
tail	0xc21c0	352	154	0x97ce6	71	5
tail	0xb497e	287	215	0xa4609	70	15
tail	0x99026	157	307	0xb8064	70	24
tail	0x859f9	66	161	0x9975a	70	25
tail	0xb497e	287	185	0x9d964	70	17
tail	0xb7bb8	305	215	0xa4609	70	20
tail	0xbf886	340	26	0x7dbbb	70	18
tail	0x9c3f4	175,176	199	0xa0631	70	20
tail	0x91067	119	347	0xc088d	70	7
tail	0x859f9	66	154	0x97ce6	70	7
tail	0xbf886	340	273	0xb11ca	70	4
tail	0xb0458	268	154	0x97ce6	70	5
tail	0xae32f	258	222	0xa5f3c	70	4
tail	0x9dcab	185	322	0xbb3c9	70	3
tail	0x92f1f	128	3	0x78c77	70	4
tail	0x7c308	18	322	0xbb3c9	70	4
tail	0x80d77	37	144	0x95887	69	19
tail	0xa0a9c	199	20	0x7c62b	69	27
tail	0x7e7ca	28	243	0xaab6a	69	17
tail	0xbd8ad	332	43	0x8173d	69	3
tail	0x7e7ca	28	184	0x9d694	69	27
tail	0x8f6cf	108	172	0x9b68a	69	5
tail	0x992ca	158	181	0x9d13f	69	11
tail	0x980a9	154	258	0xadf2c	69	3
tail	0x8129b	40	114	0x90319	69	5
tail	0x9b687	171	185	0x9d964	69	5
tail	0xae32f	258	208	0xa2361	69	3
tail	0x99026	157	154	0x97ce6	69	4
tail	0xad766	254	28	0x7e390	69	3
tail	0xa062e	198	90	0x8b334	69	4
tail	0x9cf2f	179	18	0x7be9b	69	2
tail	0xb68ff	297	92	0x8b8cb	69	2
tail	0xacbc3	250	43	0x8173d	68	2
tail	0x9af16	168	199	0xa0631	68	22
tail	0xb68ff	297	315	0xb9451	68	21
tail	0x7dfbd	26	199	0xa0631	68	18
tail	0x9170b	121	91	0x8b6de	68	23
tail	0x89839	83	256	0xad849	68	33
tail	0xb497e	287	64	0x85059	68	17
tail	0xb68ff	297	192	0x9f00a	68	4
tail	0x8536e	64	350	0xc1926	68	4
tail	0xb68ff	297	243	0xaab6a	68	15
tail	0x7fba1	33	333	0xbd8af	68	18
tail	0xb68ff	297	305	0xb78b0	68	10
tail	0xc0d7b	347	30	0x7e849	68	4
tail	0xb1545	273	64	0x85059	68	5
tail	0x90893	113,114	154	0x97ce6	68	4
tail	0xa062e	198	332	0xbd36d	68	5
tail	0x9bd8c	173	333	0xbd8af	68	3
tail	0x9ede7	190	257	0xadbfd	68	2
tail	0xb540d	291	330	0xbc9b8	68	5
tail	0xbcfc5	330	18	0x7be9b	68	4
tail	0xa4a5e	215	94	0x8bd69	68	2
tail	0x8c41a	93,94	173	0x9ba74	68	2
tail	0xadf29	257	273	0xb11ca	68	2
tail	0xc0d7b	347	346	0xc0535	67	15
tail	0x90893	113,114	203	0xa1484	67	24
tail	0x7fba1	33	268	0xb0007	67	14
tail	0xa1936	202,203	114	0x90319	67	22
tail	0x7fba1	33	196	0x9fbcd	67	14
tail	0xc088b	346	203	0xa1484	67	15
tail	0xa4a5e	215	305	0xb78b0	67	15
tail	0xc1d46	350	215	0xa4609	67	3
tail	0xbb6e3	321,322	3	0x78c77	67	3
tail	0xb1545	273	307	0xb8064	67	4
tail	0x7ecd0	29,30	157	0x98a9a	67	3
tail	0x980a9	154	49	0x82820	67	4
tail	0xae32f	258	30	0x7e849	67	3
tail	0xb0458	268	254	0xad32c	67	3
tail	0x99757	160	291	0xb4edd	67	4
tail	0x951c0	139,140	307	0xb8064	67	3
tail	0x95b59	143,144	154	0x97ce6	67	3
tail	0x8bcec	92	282	0xb3128	67	4
tail	0xa1936	202,203	337	0xbec0e	66	15
tail	0x7c308	18	33	0x7f7c4	66	20
tail	0x91e7f	123	297	0xb64d7	66	20
tail	0xb837a	307	243	0xaab6a	66	14
tail	0xc21c0	352	208	0xa2361	66	2
tail	0xaeda0	260	183	0x9d495	66	20
tail	0xb3799	283	260	0xae90b	66	3
tail	0x980a9	154	66	0x855ff	66	3
tail	0xa4df4	216,217	352	0xc1ec4	66	3
tail	0x9af16	168	350	0xc1926	66	3
tail	0xa0068	194,195,196	237	0xa8e1f	66	3
tail	0xa2933	208	340	0xbf435	66	2
tail	0xa4df4	216,217	198	0xa037e	66	3
tail	0xa646d	222	220	0xa522e	66	2
tail	0xaeda0	260	297	0xb64d7	66	2
tail	0x859f9	66	319	0xba72f	66	3
tail	0xb68ff	297	319	0xba72f	66	2
tail	0xb837a	307	146	0x96407	66	3
tail	0x859f9	66	208	0xa2361	66	3
tail	0xc1d46	350	185	0x9d964	66	3
tail	0xb2db4	280	257	0xadbfd	66	2
tail	0xa0a9c	199	243	0xaab6a	65	17
tail	0xa1936	202,203	307	0xb8064	65	21
tail	0xbf126	337	20	0x7c62b	65	25
tail	0x9170b	121	168	0x9aa83	65	2
tail	0x7ecd0	29,30	91	0x8b6de	65	22
tail	0xaeda0	260	172	0x9b68a	65	2
tail	0x99757	160	18	0x7be9b	65	15
tail	0x8b026	88	352	0xc1ec4	65	2
tail	0x99026	157	52	0x833c7	65	1
tail	0x8371b	52	64	0x85059	65	1
tail	0x9d961	184	102	0x8d71d	65	1
tail	0xad766	254	49	0x82820	65	2
tail	0xad766	254	347	0xc088d	65	2
tail	0x8536e	64	140	0x94e5a	65	2
tail	0xc0d7b	347	201	0xa0dca	65	2
tail	0xa0068	194,195,196	128	0x9299b	65	2
tail	0x89478	82	333	0xbd8af	65	2
tail	0xaeda0	260	258	0xadf2c	65	2
tail	0xaeda0	260	28	0x7e390	65	2
tail	0xa2933	208	172	0x9b68a	65	2
tail	0xbf126	337	88	0x8aa14	65	2
tail	0x7e7ca	28	203	0xa1484	64	19
tail	0xb9878	315	172	0x9b68a	64	13
tail	0xb0458	268	297	0xb64d7	64	16
tail	0xb68ff	297	346	0xc0535	64	16
tail	0xc21c0	352	196	0x9fbcd	64	12
tail	0x8df99	102	268	0xb0007	64	1
tail	0xa2933	208	297	0xb64d7	64	1
tail	0xb0458	268	127	0x926c3	64	1
tail	0x92998	126,127	144	0x95887	64	1
tail	0xb1545	273	82	0x8920e	64	1
tail	0x89478	82	99	0x8c99a	64	1
tail	0xb1545	273	105	0x8e6b4	64	1
tail	0xb540d	291	18	0x7be9b	64	1
tail	0xa2933	208	49	0x82820	64	1
tail	0x931d0	129	215	0xa4609	64	1
tail	0xa4a5e	215	217	0xa4b11	64	1
tail	0x9bd8c	173	291	0xb4edd	64	1
tail	0xb540d	291	292	0xb540f	64	1
tail	0xb593d	292	350	0xc1926	64	1
tail	0xc1d46	350	320	0xbada5	64	1
tail	0x8b6db	90	260	0xae90b	64	1
tail	0xaeda0	260	292	0xb540f	64	1
tail	0xb593d	292	307	0xb8064	64	1
tail	0x951c0	139,140	190	0x9eacb	64	1
tail	0x9c3f4	175,176	321	0xbb1dd	64	1
tail	0x9ba72	172	88	0x8aa14	64	1
tail	0x99026	157	148	0x96b6e	64	1
tail	0x90eb9	118	322	0xbb3c9	64	1
tail	0xbb6e3	321,322	99	0x8c99a	64	1
tail	0xbf126	337	82	0x8920e	64	1
tail	0xbdd16	333	99	0x8c99a	64	1
tail	0x90893	113,114	250	0xac802	64	1
tail	0xb837a	307	217	0xa4b11	64	1
tail	0x980a9	154	320	0xbada5	64	1
tail	0x96915	146	70	0x8610e	64	1
tail	0xc1d46	350	220	0xa522e	64	1
tail	0x980a9	154	37	0x80685	64	1
tail	0x90eb9	118	217	0xa4b11	64	1
tail	0xa4df4	216,217	144	0x95887	64	1
tail	0x931d0	129	99	0x8c99a	64	1
tail	0xb1545	273	70	0x8610e	64	1
tail	0x8b026	88	257	0xadbfd	64	1
tail	0xb360f	282	280	0xb2661	64	1
tail	0x7e7ca	28	127	0x926c3	64	1
tail	0x92998	126,127	257	0xadbfd	64	1
tail	0x99026	157	287	0xb45d2	63	22
tail	0x7fba1	33	18	0x7be9b	63	22
tail	0x86763	69,70	198	0xa037e	63	21
tail	0xb7bb8	305	114	0x90319	63	19
tail	0xa0a9c	199	33	0x7f7c4	63	14
tail	0x7fba1	33	347	0xc088d	63	13
tail	0xa0a9c	199	305	0xb78b0	63	14
tail	0x89839	83	144	0x95887	62	27
tail	0x9c08c	174	340	0xbf435	62	18
tail	0x7dfbd	26	196	0x9fbcd	62	17
tail	0x980a9	154	91	0x8b6de	62	19
tail	0xc1d46	350	183	0x9d495	62	20
tail	0x7ecd0	29,30	183	0x9d495	62	19
tail	0xb7bb8	305	43	0x8173d	62	15
tail	0x90893	113,114	172	0x9b68a	61	25
tail	0xb7bb8	305	333	0xbd8af	61	18
tail	0x992ca	158	185	0x9d964	61	15
tail	0xb0458	268	258	0xadf2c	61	20
tail	0xaaf3c	243	168	0x9aa83	61	16
tail	0x859f9	66	174	0x9bd8f	61	20
tail	0xb0458	268	66	0x855ff	61	18
tail	0xbb1db	320	352	0xc1ec4	61	18
tail	0x99757	160	258	0xadf2c	61	23
tail	0xbf886	340	346	0xc0535	61	20
tail	0x7fba1	33	172	0x9b68a	60	17
tail	0xad766	254	183	0x9d495	60	26
tail	0xa1936	202,203	215	0xa4609	59	23
tail	0x7ca96	20	28	0x7e390	59	20
tail	0xb092e	269	198	0xa037e	59	28
tail	0xb7bb8	305	18	0x7be9b	59	19
tail	0x992ca	158	28	0x7e390	59	22
tail	0xbb1db	320	257	0xadbfd	59	20
tail	0xb837a	307	203	0xa1484	59	16
tail	0xb1545	273	180	0x9cf32	59	32
tail	0xb497e	287	340	0xbf435	58	16
tail	0x9170b	121	180	0x9cf32	58	20
tail	0x9eac9	189	346	0xc0535	58	17
tail	0x7c308	18	287	0xb45d2	58	23
tail	0xa1936	202,203	26	0x7dbbb	58	18
tail	0xa1936	202,203	33	0x7f7c4	57	12
tail	0x90893	113,114	305	0xb78b0	57	17
tail	0x859f9	66	33	0x7f7c4	57	13
tail	0xaeda0	260	180	0x9cf32	57	28
tail	0xa5886	219,220	257	0xadbfd	57	34
tail	0xb0458	268	315	0xb9451	56	13
tail	0xc088b	346	333	0xbd8af	56	20
tail	0xb9878	315	268	0xb0007	56	13
tail	0xb7bb8	305	168	0x9aa83	56	18
tail	0xad766	254	180	0x9cf32	56	23
tail	0xb837a	307	346	0xc0535	56	9
tail	0x7dfbd	26	189	0x9e7af	55	21
tail	0xaaf3c	243	172	0x9b68a	55	14
tail	0x89839	83	257	0xadbfd	55	29
tail	0x7e7ca	28	3	0x78c77	55	13
tail	0xb0458	268	33	0x7f7c4	55	18
tail	0x859f9	66	26	0x7dbbb	55	17
tail	0xafa1d	266	171	0x9b4b3	55	5
tail	0xb497e	287	167	0x9a8d2	54	11
tail	0xaaf3c	243	157	0x98a9a	54	13
tail	0x86763	69,70	144	0x95887	54	20
tail	0xa94a3	237	160	0x994cf	54	19
tail	0xa4a5e	215	287	0xb45d2	54	13
tail	0x80d77	37	173	0x9ba74	54	15
tail	0xa0068	194,195,196	297	0xb64d7	54	23
tail	0x7fba1	33	189	0x9e7af	54	14
tail	0xaaf3c	243	196	0x9fbcd	54	13
tail	0xaeda0	260	91	0x8b6de	54	19
tail	0x7e7ca	28	305	0xb78b0	53	16
tail	0x7dfbd	26	347	0xc088d	53	12
tail	0xa94a3	237	256	0xad849	53	18
tail	0xc088b	346	172	0x9b68a	53	16
tail	0xb0458	268	287	0xb45d2	53	10
tail	0xadbfa	256	189	0x9e7af	53	14
tail	0x9c08c	174	40	0x8115d	52	11
tail	0xb7bb8	305	347	0xc088d	52	15
tail	0x99026	157	215	0xa4609	52	16
tail	0x8536e	64	26	0x7dbbb	52	18
tail	0x992ca	158	199	0xa0631	52	22
tail	0xc088b	346	215	0xa4609	52	18
tail	0xb497e	287	168	0x9aa83	52	12
tail	0xb497e	287	66	0x855ff	52	13
tail	0xb708a	299,300	91	0x8b6de	52	19
tail	0xc21c0	352	340	0xbf435	52	10
tail	0xc1d46	350	91	0x8b6de	51	22
tail	0xbada2	318,319	256	0xad849	51	23
tail	0x7dfbd	26	307	0xb8064	51	14
tail	0x859f9	66	268	0xb0007	51	19
tail	0xadf29	257	203	0xa1484	51	12
tail	0xb837a	307	315	0xb9451	51	14
tail	0xc0d7b	347	26	0x7dbbb	51	14
tail	0x88a55	78,79	352	0xc1ec4	51	26
tail	0xb092e	269	144	0x95887	51	26
tail	0x7dfbd	26	203	0xa1484	51	18
tail	0x9dcab	185	243	0xaab6a	51	18
tail	0xaaf3c	243	43	0x8173d	51	12
tail	0xa94a3	237	144	0x95887	51	22
tail	0x9c3f4	175,176	297	0xb64d7	51	15
tail	0xbd8ad	332	183	0x9d495	50	24
tail	0x80d77	37	108	0x8f24b	50	23
tail	0xae32f	258	301	0xb708d	50	13
tail	0x9af16	168	297	0xb64d7	50	24
tail	0x7dfbd	26	333	0xbd8af	50	11
tail	0xb7bb8	305	167	0x9a8d2	50	9
tail	0xbb6e3	321,322	183	0x9d495	50	23
tail	0xad766	254	91	0x8b6de	50	22
tail	0xa4a5e	215	121	0x91379	50	10
tail	0xc0d7b	347	33	0x7f7c4	50	12
tail	0xbdd16	333	346	0xc0535	49	18
tail	0x9c08c	174	356	0xc291a	49	8
tail	0xb9878	315	18	0x7be9b	49	18
tail	0x9ba72	172	64	0x85059	49	19
tail	0xa4a5e	215	315	0xb9451	49	12
tail	0x7dfbd	26	167	0x9a8d2	49	10
tail	0x81b7c	43	243	0xaab6a	49	12
tail	0xb68ff	297	79	0x885b0	49	9
tail	0x8536e	64	239	0xa991e	48	7
tail	0xb7bb8	305	172	0x9b68a	48	12
tail	0xb497e	287	157	0x98a9a	48	16
tail	0xc088b	346	167	0x9a8d2	48	18
tail	0xa0068	194,195,196	287	0xb45d2	48	17
tail	0xb497e	287	18	0x7be9b	48	22
tail	0xc0d7b	347	239	0xa991e	48	12
tail	0x9170b	121	183	0x9d495	48	19
tail	0xadbfa	256	168	0x9aa83	48	13
tail	0x951c0	139,140	185	0x9d964	48	8
tail	0x7dfbd	26	18	0x7be9b	47	18
tail	0x7fba1	33	337	0xbec0e	47	20
tail	0xc088b	346	307	0xb8064	47	15
tail	0x90893	113,114	333	0xbd8af	47	28
tail	0xb68ff	297	287	0xb45d2	47	11
tail	0x9dcab	185	26	0x7dbbb	46	16
tail	0xc1d46	350	180	0x9cf32	46	20
tail	0x9ba72	172	297	0xb64d7	46	16
tail	0xadbfa	256	307	0xb8064	46	16
tail	0x95b59	143,144	114	0x90319	46	13
tail	0xadf29	257	189	0x9e7af	46	9
tail	0xa0a9c	199	268	0xb0007	45	21
tail	0x81b7c	43	49	0x82820	45	8
tail	0xa0a9c	199	287	0xb45d2	45	15
tail	0xb497e	287	337	0xbec0e	45	18
tail	0x99026	157	243	0xaab6a	45	14
tail	0x7e7ca	28	269	0xb045b	45	12
tail	0x7ecd0	29,30	180	0x9cf32	45	22
tail	0x99b3a	161	119	0x90ebc	45	10
tail	0xadf29	257	185	0x9d964	45	10
tail	0x80d77	37	352	0xc1ec4	44	16
tail	0xc0532	345	196	0x9fbcd	44	8
tail	0xa9cf4	239	320	0xbada5	44	9
tail	0xbada2	318,319	108	0x8f24b	44	17
tail	0xbb1db	320	144	0x95887	44	16
tail	0x9d13d	180	168	0x9aa83	44	10
tail	0xae32f	258	79	0x885b0	44	9
tail	0xadbfa	256	66	0x855ff	44	13
tail	0x859f9	66	83	0x8947b	44	8
tail	0x99b3a	161	356	0xc291a	44	6
tail	0xa0a9c	199	49	0x82820	44	11
tail	0xa4a5e	215	346	0xc0535	43	11
tail	0xa0a9c	199	26	0x7dbbb	43	13
tail	0xa9cf4	239	28	0x7e390	43	11
tail	0x9dcab	185	346	0xc0535	43	14
tail	0xa4a5e	215	203	0xa1484	43	12
tail	0xad329	252,253	28	0x7e390	43	13
tail	0x7dfbd	26	297	0xb64d7	43	15
tail	0x7ca96	20	199	0xa0631	43	16
tail	0x91e7f	123	28	0x7e390	43	16
tail	0xaaf3c	243	258	0xadf2c	43	14
tail	0x9ba72	172	347	0xc088d	43	22
tail	0xadf29	257	337	0xbec0e	43	15
tail	0xa062e	198	66	0x855ff	43	13
tail	0x859f9	66	79	0x885b0	42	12
tail	0x8f6cf	108	199	0xa0631	42	12
tail	0xc0d7b	347	305	0xb78b0	42	15
tail	0x8f6cf	108	196	0x9fbcd	42	9
tail	0xb837a	307	49	0x82820	42	12
tail	0xa1936	202,203	287	0xb45d2	42	11
tail	0x922c1	124	192	0x9f00a	42	9
tail	0xa1936	202,203	305	0xb78b0	42	11
tail	0x7fba1	33	28	0x7e390	42	14
tail	0xadbfa	256	114	0x90319	42	11
tail	0xa062e	198	333	0xbd8af	42	11
tail	0xa062e	198	157	0x98a9a	42	9
tail	0x8b8c9	91	258	0xadf2c	42	10
tail	0x992ca	158	278	0xb2342	42	5
tail	0xb9878	315	185	0x9d964	41	16
tail	0xaaf3c	243	64	0x85059	41	19
tail	0xa1936	202,203	243	0xaab6a	41	13
tail	0xc088b	346	199	0xa0631	41	13
tail	0x86763	69,70	160	0x994cf	41	19
tail	0x8f6cf	108	297	0xb64d7	41	12
tail	0xa062e	198	64	0x85059	41	12
tail	0x922c1	124	320	0xbada5	41	8
tail	0x8b8c9	91	340	0xbf435	41	8
tail	0x82e73	49	256	0xad849	41	15
tail	0xa1936	202,203	30	0x7e849	41	5
tail	0x8371b	52	210	0xa2da3	41	5
tail	0xa94a3	237	198	0xa037e	40	22
tail	0x95b59	143,144	66	0x855ff	40	15
tail	0x7ca96	20	119	0x90ebc	40	11
tail	0x8f6cf	108	185	0x9d964	40	16
tail	0xb7bb8	305	64	0x85059	40	11
tail	0xbb6e3	321,322	347	0xc088d	40	4
tail	0xb497e	287	268	0xb0007	39	10
tail	0xa062e	198	340	0xbf435	39	9
tail	0x9c3f4	175,176	181	0x9d13f	39	9
tail	0x9c08c	174	261	0xaeda2	39	7
tail	0x81b7c	43	140	0x94e5a	39	8
tail	0x86763	69,70	352	0xc1ec4	39	14
tail	0x9af16	168	3	0x78c77	39	12
tail	0x90c21	116,117	165	0x9a24c	39	5
tail	0xa4a5e	215	320	0xbada5	39	8
tail	0xa0dc7	200	297	0xb64d7	39	8
tail	0x95b59	143,144	146	0x96407	39	6
tail	0x8f6cf	108	258	0xadf2c	38	12
tail	0xaaf3c	243	199	0xa0631	38	11
tail	0x8536e	64	332	0xbd36d	38	9
tail	0x9d13d	180	79	0x885b0	38	8
tail	0x95b59	143,144	28	0x7e390	38	13
tail	0x7c308	18	200	0xa0a9e	38	12
tail	0xbd8ad	332	91	0x8b6de	38	15
tail	0xbf886	340	79	0x885b0	38	9
tail	0x859f9	66	121	0x91379	38	8
tail	0x7c308	18	243	0xaab6a	37	20
tail	0xa4a5e	215	243	0xaab6a	37	12
tail	0x922c1	124	268	0xb0007	37	10
tail	0xaaf3c	243	268	0xb0007	37	9
tail	0x992ca	158	40	0x8115d	37	8
tail	0x99026	157	315	0xb9451	37	18
tail	0x7c308	18	301	0xb708d	37	8
tail	0xc240d	353,354	340	0xbf435	37	9
tail	0xa9cf4	239	199	0xa0631	37	6
tail	0x99757	160	347	0xc088d	37	7
tail	0xadf29	257	168	0x9aa83	37	7
tail	0xa0068	194,195,196	301	0xb708d	37	7
tail	0x8536e	64	49	0x82820	37	8
tail	0x99b3a	161	264	0xaf4cf	37	5
tail	0xa062e	198	268	0xb0007	37	7
tail	0x9d692	183	337	0xbec0e	37	7
tail	0x7e7ca	28	345	0xc02e4	37	8
tail	0x91a57	122	210	0xa2da3	37	5
dispatch	0xc80b9		310	0xb8556	36	23
tail	0x91e7f	123	261	0xaeda2	36	6
tail	0x9bd8c	173	347	0xc088d	36	11
tail	0x9d961	184	261	0xaeda2	36	8
tail	0x8536e	64	301	0xb708d	36	10
tail	0x9bd8c	173	337	0xbec0e	36	8
tail	0xb7bb8	305	185	0x9d964	36	12
tail	0xa0a9c	199	315	0xb9451	36	10
tail	0x9eac9	189	200	0xa0a9e	36	9
tail	0x9bd8c	173	199	0xa0631	36	8
tail	0x7dfbd	26	338	0xbf128	36	11
tail	0xc21c0	352	347	0xc088d	36	11
tail	0x9bd8c	173	124	0x91e81	36	10
tail	0xc21c0	352	337	0xbec0e	36	15
tail	0xa4a5e	215	30	0x7e849	36	8
tail	0x9eac9	189	301	0xb708d	36	9
tail	0x8f6cf	108	168	0x9aa83	36	8
tail	0x95b59	143,144	333	0xbd8af	36	8
tail	0xb68ff	297	3	0x78c77	36	8
tail	0x9bd8c	173	157	0x98a9a	36	5
tail	0xadbfa	256	215	0xa4609	35	7
tail	0xa062e	198	199	0xa0631	35	8
tail	0xbf126	337	239	0xa991e	35	6
tail	0xc21c0	352	168	0x9aa83	35	12
tail	0x9d692	183	18	0x7be9b	35	14
tail	0xadbfa	256	185	0x9d964	35	6
tail	0xa0a9c	199	154	0x97ce6	35	7
tail	0xa062e	198	189	0x9e7af	35	8
tail	0xadf29	257	28	0x7e390	34	11
tail	0xc21c0	352	199	0xa0631	34	13
tail	0x95b59	143,144	189	0x9e7af	34	11
tail	0x9c08c	174	95	0x8c41c	34	8
tail	0x980a9	154	183	0x9d495	34	20
tail	0xc088b	346	18	0x7be9b	34	10
tail	0x9dcab	185	192	0x9f00a	34	10
tail	0x9f779	192	160	0x994cf	34	13
tail	0xb9878	315	333	0xbd8af	34	10
tail	0xa0a9c	199	83	0x8947b	34	9
tail	0x8b8c9	91	79	0x885b0	34	12
tail	0x9dcab	185	70	0x8610e	34	6
tail	0x922c1	124	307	0xb8064	34	8
tail	0x7e7ca	28	49	0x82820	34	9
tail	0xae32f	258	322	0xbb3c9	33	8
tail	0x81b7c	43	253	0xacfb1	33	11
tail	0x7e7ca	28	83	0x8947b	33	12
tail	0x9c3f4	175,176	311	0xb86f8	33	5
tail	0x9d692	183	157	0x98a9a	33	12
tail	0xa4a5e	215	33	0x7f7c4	33	10
tail	0xbf126	337	220	0xa522e	33	9
tail	0x9d961	184	181	0x9d13f	33	7
tail	0xc240d	353,354	168	0x9aa83	33	4
tail	0x992ca	158	297	0xb64d7	33	20
tail	0x95b59	143,144	203	0xa1484	33	10
tail	0x99026	157	239	0xa991e	33	8
tail	0x9af16	168	140	0x94e5a	33	5
tail	0xb625a	295	258	0xadf2c	32	5
tail	0x99757	160	168	0x9aa83	32	8
tail	0xb0458	268	253	0xacfb1	32	6
tail	0xa062e	198	168	0x9aa83	32	10
tail	0x91e7f	123	95	0x8c41c	32	6
tail	0x7fba1	33	43	0x8173d	32	16
tail	0xb708a	299,300	180	0x9cf32	32	18
tail	0x8b8c9	91	83	0x8947b	32	8
tail	0x8b8c9	91	337	0xbec0e	32	9
tail	0xbd8ad	332	180	0x9cf32	32	22
tail	0x9d24a	181	189	0x9e7af	32	6
tail	0xad329	252,253	337	0xbec0e	32	7
tail	0x9d692	183	172	0x9b68a	32	10
tail	0x99026	157	300	0xb6c36	32	4
tail	0xbd8ad	332	307	0xb8064	32	7
tail	0x9170b	121	114	0x90319	32	4
tail	0x859f9	66	269	0xb045b	31	11
tail	0x9a46b	165	340	0xbf435	31	4
dispatch	0xc80b9		169	0x9af18	31	19
tail	0xbf886	340	30	0x7e849	31	8
tail	0x9ba72	172	26	0x7dbbb	31	9
tail	0xc240d	353,354	189	0x9e7af	31	5
tail	0x9eac9	189	70	0x8610e	31	9
tail	0xb497e	287	114	0x90319	31	15
tail	0x7ca96	20	261	0xaeda2	31	6
tail	0x9a46b	165	268	0xb0007	31	4
tail	0x90893	113,114	79	0x885b0	31	5
tail	0xad329	252,253	199	0xa0631	31	5
tail	0x99757	160	114	0x90319	31	11
tail	0xc240d	353,354	157	0x98a9a	31	7
tail	0x8536e	64	83	0x8947b	31	10
tail	0x9d692	183	114	0x90319	31	6
tail	0x78833	0	144	0x95887	31	2
tail	0xae32f	258	273	0xb11ca	31	5
tail	0xa0dc7	200	18	0x7be9b	30	8
tail	0x7fba1	33	338	0xbf128	30	14
tail	0xb837a	307	3	0x78c77	30	9
tail	0xbdd16	333	79	0x885b0	30	10
tail	0x7ecd0	29,30	337	0xbec0e	30	5
tail	0xb497e	287	203	0xa1484	30	15
tail	0x90893	113,114	49	0x82820	30	5
tail	0xad329	252,253	114	0x90319	30	10
tail	0x9d13d	180	297	0xb64d7	30	11
tail	0xb497e	287	338	0xbf128	30	6
tail	0xaeeff	261	297	0xb64d7	30	6
tail	0x7ca96	20	278	0xb2342	30	5
tail	0xaeeff	261	114	0x90319	30	6
tail	0x95b59	143,144	239	0xa991e	30	9
tail	0xae32f	258	269	0xb045b	30	10
tail	0x99757	160	28	0x7e390	30	9
tail	0xc0532	345	172	0x9b68a	30	6
tail	0xa0a9c	199	37	0x80685	30	8
tail	0x9d13d	180	157	0x98a9a	30	10
tail	0xa1936	202,203	301	0xb708d	30	6
tail	0x96915	146	258	0xadf2c	30	3
tail	0x951c0	139,140	340	0xbf435	29	7
tail	0xa4a5e	215	345	0xc02e4	29	7
tail	0xbdd16	333	33	0x7f7c4	29	12
tail	0xb837a	307	301	0xb708d	29	8
tail	0xb1545	273	91	0x8b6de	29	17
tail	0xc0d7b	347	83	0x8947b	29	10
tail	0xc21c0	352	172	0x9b68a	29	10
tail	0x95b59	143,144	43	0x8173d	29	9
tail	0xa0a9c	199	322	0xbb3c9	29	3
tail	0xb68ff	297	26	0x7dbbb	29	15
tail	0xa94a3	237	173	0x9ba74	29	14
tail	0x91067	119	64	0x85059	29	5
tail	0x99b3a	161	216	0xa4a61	29	4
tail	0xa0068	194,195,196	300	0xb6c36	29	6
tail	0x922c1	124	37	0x80685	29	5
tail	0x9d13d	180	269	0xb045b	29	11
tail	0x7c308	18	320	0xbada5	29	6
tail	0x9a46b	165	203	0xa1484	29	4
tail	0x951c0	139,140	347	0xc088d	29	4
tail	0x9c3f4	175,176	216	0xa4a61	29	5
tail	0x9b687	171	333	0xbd8af	29	4
tail	0xaeda0	260	64	0x85059	29	4
tail	0xb3799	283	333	0xbd8af	29	3
tail	0x9af16	168	79	0x885b0	28	8
tail	0x9af16	168	345	0xc02e4	28	6
tail	0x95b59	143,144	253	0xacfb1	28	11
tail	0x8b8c9	91	3	0x78c77	28	7
tail	0x922c1	124	185	0x9d964	28	6
tail	0xc1ec2	351	258	0xadf2c	28	3
tail	0xa1936	202,203	253	0xacfb1	28	4
tail	0x9b687	171	43	0x8173d	28	4
tail	0x91067	119	28	0x7e390	28	4
tail	0xc0532	345	168	0x9aa83	28	11
tail	0xa062e	198	347	0xc088d	28	8
tail	0xadf29	257	66	0x855ff	28	9
tail	0xbf126	337	237	0xa8e1f	28	6
tail	0x8f6cf	108	266	0xaf8af	28	3
tail	0xa062e	198	43	0x8173d	28	8
tail	0xadf29	257	332	0xbd36d	28	5
tail	0xc1ec2	351	189	0x9e7af	28	4
tail	0xa0dc7	200	199	0xa0631	28	4
tail	0xbf886	340	254	0xad32c	28	4
tail	0x9af16	168	220	0xa522e	27	6
tail	0xc088b	346	297	0xb64d7	27	10
tail	0xaeeff	261	18	0x7be9b	27	7
tail	0x9a46b	165	18	0x7be9b	27	7
tail	0x9f779	192	144	0x95887	27	15
tail	0x9ba72	172	3	0x78c77	27	6
tail	0x9f779	192	352	0xc1ec4	27	15
tail	0xa062e	198	30	0x7e849	27	9
tail	0x9d24a	181	337	0xbec0e	27	5
tail	0xa1936	202,203	185	0x9d964	27	17
tail	0x9d692	183	340	0xbf435	27	11
tail	0x86763	69,70	257	0xadbfd	27	18
tail	0x8b8c9	91	347	0xc088d	27	9
tail	0xb68ff	297	269	0xb045b	27	10
tail	0xaaf3c	243	203	0xa1484	27	14
tail	0xa1936	202,203	83	0x8947b	27	8
tail	0xbdd16	333	154	0x97ce6	27	7
tail	0xb625a	295	28	0x7e390	27	3
tail	0x99757	160	157	0x98a9a	27	10
tail	0x8b8c9	91	220	0xa522e	27	8
tail	0x7c308	18	3	0x78c77	27	10
tail	0x9d692	183	220	0xa522e	27	6
tail	0xb0458	268	260	0xae90b	27	3
tail	0xa0068	194,195,196	239	0xa991e	27	4
tail	0x9dcab	185	179	0x9ca8d	27	6
tail	0x9cf2f	179	268	0xb0007	27	3
tail	0x7ecd0	29,30	185	0x9d964	27	2
tail	0xb3799	283	168	0x9aa83	27	2
tail	0xb3799	283	215	0xa4609	27	2
tail	0xb625a	295	66	0x855ff	27	2
tail	0x859f9	66	260	0xae90b	27	2
tail	0x9bd8c	173	268	0xb0007	27	2
tail	0x99757	160	140	0x94e5a	26	6
tail	0x91067	119	340	0xbf435	26	3
tail	0xb837a	307	239	0xa991e	26	9
tail	0xa9cf4	239	157	0x98a9a	26	6
tail	0xc21c0	352	114	0x90319	26	10
tail	0x9d692	183	196	0x9fbcd	26	9
tail	0x8f6cf	108	114	0x90319	26	17
tail	0x9d961	184	119	0x90ebc	26	8
tail	0xadf29	257	333	0xbd8af	26	9
tail	0x9dcab	185	345	0xc02e4	26	6
tail	0x8371b	52	145	0x95b5c	26	4
tail	0x95b59	143,144	337	0xbec0e	26	11
tail	0x7c308	18	350	0xc1926	26	7
tail	0xbd8ad	332	18	0x7be9b	26	5
tail	0x9d692	183	297	0xb64d7	26	6
tail	0x99757	160	297	0xb64d7	26	9
tail	0xa0dc7	200	185	0x9d964	26	6
tail	0x9cf2f	179	337	0xbec0e	26	6
tail	0xbdd16	333	320	0xbada5	26	6
tail	0x9dcab	185	301	0xb708d	26	6
tail	0xc1ec2	351	172	0x9b68a	26	2
tail	0xb68ff	297	30	0x7e849	26	2
tail	0x96915	146	28	0x7e390	25	6
tail	0x7e7ca	28	301	0xb708d	25	9
tail	0x7e7ca	28	124	0x91e81	25	5
tail	0x95b59	143,144	64	0x85059	25	11
tail	0x9bd8c	173	172	0x9b68a	25	7
tail	0x8f6cf	108	64	0x85059	25	10
tail	0x80d77	37	198	0xa037e	25	13
tail	0x99757	160	200	0xa0a9e	25	5
tail	0x95b59	143,144	297	0xb64d7	25	8
tail	0x95b59	143,144	172	0x9b68a	25	11
tail	0xb837a	307	269	0xb045b	25	10
tail	0x7e7ca	28	30	0x7e849	25	7
tail	0x81b7c	43	254	0xad32c	25	9
tail	0xbdd16	333	239	0xa991e	25	6
tail	0xadbfa	256	18	0x7be9b	25	9
tail	0x9d692	183	333	0xbd8af	25	9
tail	0xae32f	258	124	0x91e81	25	4
tail	0x859f9	66	320	0xbada5	25	8
tail	0xb0458	268	3	0x78c77	25	12
tail	0xa9cf4	239	196	0x9fbcd	25	6
tail	0x99026	157	220	0xa522e	25	11
tail	0x9eac9	189	273	0xb11ca	25	5
tail	0xbf126	337	320	0xbada5	25	4
tail	0xa9cf4	239	258	0xadf2c	25	8
tail	0x7c308	18	253	0xacfb1	25	9
tail	0x9d13d	180	203	0xa1484	25	6
tail	0x95b59	143,144	117	0x90acd	25	3
tail	0xa1936	202,203	124	0x91e81	25	4
tail	0xc21c0	352	268	0xb0007	25	9
tail	0x8f6cf	108	18	0x7be9b	24	10
tail	0x8f6cf	108	66	0x855ff	24	13
tail	0x7ca96	20	40	0x8115d	24	7
tail	0x91e7f	123	119	0x90ebc	24	8
tail	0xa0068	194,195,196	243	0xaab6a	24	11
tail	0x99b3a	161	40	0x8115d	24	10
tail	0x95b59	143,144	124	0x91e81	24	7
tail	0xbf886	340	320	0xbada5	24	8
tail	0xbf886	340	319	0xba72f	24	5
tail	0xa0dc7	200	43	0x8173d	24	8
tail	0x9bd8c	173	189	0x9e7af	24	11
tail	0xb7bb8	305	66	0x855ff	24	12
tail	0x9d692	183	66	0x855ff	24	7
tail	0xae32f	258	49	0x82820	24	9
tail	0x9eac9	189	220	0xa522e	24	10
tail	0xbf126	337	273	0xb11ca	24	7
tail	0x9ba72	172	140	0x94e5a	24	4
tail	0xbf126	337	350	0xc1926	24	3
tail	0x7c308	18	237	0xa8e1f	23	5
tail	0x8f6cf	108	268	0xb0007	23	7
tail	0xbf126	337	124	0x91e81	23	6
tail	0xc21c0	352	28	0x7e390	23	5
tail	0x9ba72	172	301	0xb708d	23	5
tail	0xa4a5e	215	269	0xb045b	23	10
tail	0xa062e	198	307	0xb8064	23	11
tail	0x9dcab	185	49	0x82820	23	15
tail	0x8f6cf	108	189	0x9e7af	23	14
tail	0xae32f	258	300	0xb6c36	23	5
tail	0xb68ff	297	350	0xc1926	23	7
tail	0xa1936	202,203	200	0xa0a9e	23	5
tail	0x9d13d	180	18	0x7be9b	23	13
tail	0x9b687	171	340	0xbf435	23	5
tail	0xae32f	258	3	0x78c77	23	7
tail	0xa0a9c	199	300	0xb6c36	23	5
tail	0xad329	252,253	237	0xa8e1f	23	13
tail	0xc21c0	352	18	0x7be9b	23	9
tail	0x922c1	124	189	0x9e7af	23	6
tail	0xa062e	198	172	0x9b68a	23	7
tail	0x9eac9	189	122	0x9170d	23	3
tail	0x859f9	66	301	0xb708d	23	6
tail	0xa9cf4	239	70	0x8610e	23	10
tail	0x8b8c9	91	203	0xa1484	23	6
tail	0x99757	160	66	0x855ff	23	9
tail	0xb837a	307	319	0xba72f	23	6
tail	0xa94a3	237	257	0xadbfd	23	9
tail	0x951c0	139,140	64	0x85059	23	7
tail	0x9eac9	189	239	0xa991e	23	7
tail	0xadf29	257	268	0xb0007	23	8
tail	0x99b3a	161	311	0xb86f8	23	3
tail	0xb0458	268	140	0x94e5a	23	4
tail	0x8536e	64	253	0xacfb1	23	6
tail	0x951c0	139,140	28	0x7e390	23	4
tail	0xa9cf4	239	66	0x855ff	22	4
tail	0x8f6cf	108	124	0x91e81	22	9
tail	0x91e7f	123	264	0xaf4cf	22	5
tail	0xc0532	345	64	0x85059	22	9
tail	0xb68ff	297	220	0xa522e	22	11
tail	0x9d692	183	168	0x9aa83	22	11
tail	0xbf886	340	269	0xb045b	22	6
tail	0x9b687	171	66	0x855ff	22	6
tail	0x8f6cf	108	154	0x97ce6	22	5
tail	0x9bd8c	173	43	0x8173d	22	12
tail	0xa9cf4	239	268	0xb0007	22	5
tail	0xbdd16	333	220	0xa522e	22	5
tail	0xbada2	318,319	198	0xa037e	22	14
tail	0xc088b	346	196	0x9fbcd	22	10
tail	0x9d13d	180	337	0xbec0e	22	6
tail	0x9bd8c	173	215	0xa4609	22	9
tail	0x9bd8c	173	140	0x94e5a	22	5
tail	0xadbfa	256	64	0x85059	22	12
tail	0xc0d7b	347	220	0xa522e	22	7
tail	0xad329	252,253	18	0x7be9b	22	5
tail	0x9d692	183	269	0xb045b	22	6
tail	0x7c308	18	83	0x8947b	22	17
tail	0xa9cf4	239	185	0x9d964	22	6
tail	0xc21c0	352	185	0x9d964	22	7
tail	0xa9cf4	239	189	0x9e7af	22	4
tail	0xc240d	353,354	43	0x8173d	22	5
tail	0x9bd8c	173	345	0xc02e4	22	8
tail	0x9bd8c	173	18	0x7be9b	22	7
tail	0xa0dc7	200	333	0xbd8af	22	4
tail	0x9eac9	189	124	0x91e81	22	5
tail	0x9ba72	172	124	0x91e81	21	6
tail	0xbf886	340	49	0x82820	21	6
tail	0x8129b	40	66	0x855ff	21	5
tail	0xc240d	353,354	268	0xb0007	21	6
tail	0x90893	113,114	273	0xb11ca	21	7
tail	0xbf886	340	253	0xacfb1	21	5
tail	0x922c1	124	337	0xbec0e	21	8
tail	0xad329	252,253	340	0xbf435	21	4
tail	0xadf29	257	18	0x7be9b	21	10
tail	0xc21c0	352	64	0x85059	21	12
tail	0x9d692	183	189	0x9e7af	21	9
tail	0xa0068	194,195,196	254	0xad32c	21	8
tail	0xa0068	194,195,196	30	0x7e849	21	4
tail	0x9ba72	172	83	0x8947b	21	5
tail	0x90893	113,114	192	0x9f00a	21	5
tail	0xc1ec2	351	28	0x7e390	21	4
tail	0xa9cf4	239	237	0xa8e1f	21	12
tail	0x9dcab	185	79	0x885b0	21	9
tail	0x95b59	143,144	185	0x9d964	21	13
tail	0xa1936	202,203	260	0xae90b	21	5
tail	0xadf29	257	266	0xaf8af	21	5
tail	0xc240d	353,354	185	0x9d964	21	6
tail	0xb68ff	297	200	0xa0a9e	21	6
tail	0xa062e	198	28	0x7e390	21	9
tail	0x9d692	183	28	0x7e390	21	6
tail	0x8b8c9	91	268	0xb0007	21	11
tail	0x8129b	40	64	0x85059	21	6
tail	0x7fba1	33	203	0xa1484	21	6
tail	0x7e7ca	28	332	0xbd36d	21	9
tail	0x9ba72	172	192	0x9f00a	21	7
tail	0x951c0	139,140	189	0x9e7af	21	5
tail	0xae32f	258	140	0x94e5a	21	5
tail	0x951c0	139,140	172	0x9b68a	21	6
tail	0xc21c0	352	140	0x94e5a	21	6
tail	0xa0a9c	199	3	0x78c77	21	6
tail	0x8536e	64	3	0x78c77	21	9
tail	0xb68ff	297	49	0x82820	21	6
tail	0x95b59	143,144	196	0x9fbcd	21	6
tail	0xa2933	208	307	0xb8064	21	3
tail	0xadbfa	256	28	0x7e390	21	6
tail	0x91a57	122	316	0xb987b	21	4
tail	0xa9cf4	239	18	0x7be9b	20	7
tail	0x8129b	40	215	0xa4609	20	5
tail	0xc1d46	350	43	0x8173d	20	4
tail	0x9b687	171	297	0xb64d7	20	4
tail	0xa0068	194,195,196	3	0x78c77	20	9
tail	0xc0532	345	340	0xbf435	20	9
tail	0x8129b	40	340	0xbf435	20	3
tail	0xbf886	340	350	0xc1926	20	4
tail	0x9dcab	185	269	0xb045b	20	4
tail	0xc21c0	352	66	0x855ff	20	10
tail	0x9dcab	185	3	0x78c77	20	5
tail	0x9a46b	165	64	0x85059	20	7
tail	0xadf29	257	322	0xbb3c9	20	6
tail	0x99757	160	199	0xa0631	20	5
tail	0xa0a9c	199	253	0xacfb1	20	9
tail	0xb68ff	297	37	0x80685	20	5
tail	0xb0458	268	70	0x8610e	20	5
tail	0x9dcab	185	121	0x91379	20	6
tail	0x7c308	18	332	0xbd36d	20	5
tail	0xa062e	198	114	0x90319	20	6
tail	0x86763	69,70	173	0x9ba74	20	9
tail	0x9d13d	180	333	0xbd8af	20	7
tail	0x8536e	64	200	0xa0a9e	20	3
tail	0x8b8c9	91	307	0xb8064	20	8
tail	0xbd8ad	332	196	0x9fbcd	20	5
tail	0xadbfa	256	43	0x8173d	20	8
tail	0x90893	113,114	121	0x91379	20	5
tail	0xadbfa	256	345	0xc02e4	20	4
tail	0x9af16	168	273	0xb11ca	20	3
tail	0x8b8c9	91	114	0x90319	20	5
tail	0xbf886	340	301	0xb708d	20	7
tail	0xc0532	345	37	0x80685	20	3
tail	0x9d692	183	3	0x78c77	20	8
tail	0xbd8ad	332	66	0x855ff	20	5
tail	0x9dcab	185	260	0xae90b	20	5
tail	0x9af16	168	192	0x9f00a	20	3
tail	0x980a9	154	189	0x9e7af	20	4
tail	0x95b59	143,144	350	0xc1926	20	4
tail	0x9b687	171	18	0x7be9b	20	4
tail	0x8f6cf	108	157	0x98a9a	19	7
tail	0xc0d7b	347	253	0xacfb1	19	10
tail	0xa062e	198	345	0xc02e4	19	9
tail	0xc088b	346	338	0xbf128	19	11
tail	0xbf126	337	37	0x80685	19	4
tail	0x90893	113,114	253	0xacfb1	19	7
tail	0x951c0	139,140	297	0xb64d7	19	5
tail	0x91067	119	337	0xbec0e	19	3
tail	0xaaf3c	243	333	0xbd8af	19	7
tail	0xa0068	194,195,196	83	0x8947b	19	7
tail	0xaeda0	260	215	0xa4609	19	3
tail	0xa062e	198	297	0xb64d7	19	6
tail	0x96915	146	172	0x9b68a	19	4
tail	0x9bd8c	173	332	0xbd36d	19	5
tail	0x7e7ca	28	121	0x91379	19	5
tail	0x7c308	18	260	0xae90b	19	4
tail	0x95b59	143,144	215	0xa4609	19	9
tail	0x95b59	143,144	208	0xa2361	19	4
tail	0xadf29	257	114	0x90319	19	7
tail	0x81b7c	43	322	0xbb3c9	19	6
tail	0x91e7f	123	40	0x8115d	19	3
tail	0x9dcab	185	300	0xb6c36	19	4
tail	0xa4a5e	215	237	0xa8e1f	19	5
tail	0x9d692	183	43	0x8173d	19	10
tail	0x95b59	143,144	254	0xad32c	19	4
tail	0x7ecd0	29,30	196	0x9fbcd	19	4
tail	0xad329	252,253	66	0x855ff	19	6
tail	0xadf29	257	196	0x9fbcd	19	6
tail	0xb837a	307	192	0x9f00a	19	4
tail	0xbf886	340	3	0x78c77	19	5
tail	0xa0a9c	199	320	0xbada5	19	3
tail	0x9af16	168	239	0xa991e	19	6
tail	0x9d692	183	199	0xa0631	19	6
tail	0x95b59	143,144	308	0xb837c	19	2
tail	0x9eac9	189	37	0x80685	19	3
tail	0xae32f	258	319	0xba72f	19	3
tail	0xbf126	337	70	0x8610e	19	3
tail	0x9cf2f	179	43	0x8173d	19	3
tail	0xc1d46	350	297	0xb64d7	19	3
tail	0x7e7ca	28	52	0x833c7	19	1
tail	0xbf126	337	121	0x91379	19	2
tail	0xaeda0	260	203	0xa1484	18	3
tail	0x922c1	124	297	0xb64d7	18	7
tail	0x9bd8c	173	350	0xc1926	18	3
tail	0x951c0	139,140	215	0xa4609	18	6
tail	0xb540d	291	79	0x885b0	18	2
tail	0x81b7c	43	269	0xb045b	18	10
tail	0x7c308	18	140	0x94e5a	18	8
tail	0x8f6cf	108	347	0xc088d	18	9
tail	0xc21c0	352	333	0xbd8af	18	8
tail	0x9b687	171	28	0x7e390	18	6
tail	0x99757	160	203	0xa1484	18	9
tail	0xb0458	268	350	0xc1926	18	4
tail	0xbdd16	333	200	0xa0a9e	18	5
tail	0xaeeff	261	337	0xbec0e	18	5
tail	0xb625a	295	64	0x85059	18	5
tail	0x91e7f	123	216	0xa4a61	18	5
tail	0x99026	157	3	0x78c77	18	8
tail	0x951c0	139,140	37	0x80685	18	4
tail	0x9af16	168	253	0xacfb1	18	6
tail	0x9d24a	181	347	0xc088d	18	4
tail	0xb0458	268	83	0x8947b	18	5
tail	0xaeda0	260	18	0x7be9b	18	4
tail	0x9c3f4	175,176	356	0xc291a	18	5
tail	0x9170b	121	258	0xadf2c	18	5
tail	0x8371b	52	334	0xbdd18	18	5
tail	0x9d692	183	49	0x82820	18	8
tail	0x9b687	171	168	0x9aa83	18	6
tail	0x9b687	171	199	0xa0631	18	6
tail	0xa062e	198	196	0x9fbcd	18	5
tail	0x9ba72	172	273	0xb11ca	18	6
tail	0xbb6e3	321,322	64	0x85059	18	5
tail	0x81b7c	43	320	0xbada5	18	7
tail	0x90893	113,114	200	0xa0a9e	18	5
tail	0x9b687	171	157	0x98a9a	18	4
tail	0xae32f	258	122	0x9170d	18	1
tail	0x96915	146	79	0x885b0	18	5
tail	0xa0068	194,195,196	79	0x885b0	18	2
tail	0xbf886	340	300	0xb6c36	18	3
tail	0xbfb96	341	157	0x98a9a	18	1
tail	0xa4a5e	215	326	0xbc06d	18	1
tail	0xbc31d	326	108	0x8f24b	18	1
tail	0x90893	113,114	350	0xc1926	17	7
tail	0x7c308	18	124	0x91e81	17	8
tail	0xb3799	283	185	0x9d964	17	2
tail	0x859f9	66	70	0x8610e	17	8
tail	0xc1ec2	351	121	0x91379	17	2
tail	0xb837a	307	345	0xc02e4	17	9
tail	0xa062e	198	239	0xa991e	17	7
tail	0x81b7c	43	79	0x885b0	17	9
tail	0x9eac9	189	140	0x94e5a	17	8
tail	0x7e7ca	28	260	0xae90b	17	3
tail	0x7ca96	20	95	0x8c41c	17	4
tail	0x9d24a	181	114	0x90319	17	4
tail	0xadf29	257	258	0xadf2c	17	9
tail	0x9b687	171	268	0xb0007	17	3
tail	0xa0a9c	199	220	0xa522e	17	7
tail	0x8129b	40	297	0xb64d7	17	3
tail	0x9d24a	181	64	0x85059	17	4
tail	0x9d692	183	301	0xb708d	17	11
tail	0xbb6e3	321,322	180	0x9cf32	17	13
tail	0xb9878	315	203	0xa1484	17	9
tail	0xa4a5e	215	350	0xc1926	17	3
tail	0xbf126	337	49	0x82820	17	10
tail	0x9b687	171	64	0x85059	17	4
tail	0x9af16	168	322	0xbb3c9	17	3
tail	0x7ecd0	29,30	114	0x90319	17	5
tail	0x992ca	158	119	0x90ebc	17	5
tail	0x9d13d	180	114	0x90319	17	7
tail	0xc240d	353,354	203	0xa1484	17	3
tail	0xadbfa	256	332	0xbd36d	17	5
tail	0xc1ec2	351	254	0xad32c	17	3
tail	0x9b687	171	307	0xb8064	17	5
tail	0xbf126	337	192	0x9f00a	17	3
tail	0xc0532	345	189	0x9e7af	17	5
tail	0x9d13d	180	43	0x8173d	17	8
tail	0xc0d7b	347	269	0xb045b	17	3
tail	0xa1936	202,203	237	0xa8e1f	17	4
tail	0xb4eda	290	257	0xadbfd	17	2
tail	0xa0a9c	199	140	0x94e5a	17	4
tail	0xb3799	283	307	0xb8064	17	3
tail	0xc1923	349	28	0x7e390	17	7
tail	0xc21c0	352	260	0xae90b	17	4
tail	0xc0d7b	347	301	0xb708d	17	5
tail	0xa0a9c	199	122	0x9170d	17	2
tail	0xa81c1	232	340	0xbf435	17	1
tail	0x7c308	18	0	0x78561	17	1
tail	0xc0d7b	347	79	0x885b0	17	4
tail	0x99026	157	254	0xad32c	17	2
tail	0xadbfa	256	121	0x91379	17	3
tail	0x98351	155	168	0x9aa83	17	1
tail	0xbf126	337	251	0xacbc5	17	1
tail	0xacefb	251	198	0xa037e	17	1
tail	0xa062e	198	266	0xaf8af	17	1
tail	0xad766	254	196	0x9fbcd	17	2
tail	0xc1d46	350	66	0x855ff	17	3
tail	0x8536e	64	37	0x80685	16	5
tail	0xa0dc7	200	268	0xb0007	16	7
tail	0xc0d7b	347	179	0x9ca8d	16	4
tail	0x9eac9	189	79	0x885b0	16	8
tail	0x8536e	64	124	0x91e81	16	5
tail	0x8f6cf	108	253	0xacfb1	16	9
tail	0xb837a	307	273	0xb11ca	16	2
tail	0x7e7ca	28	37	0x80685	16	9
tail	0xc1ec2	351	333	0xbd8af	16	3
tail	0x81b7c	43	200	0xa0a9e	16	6
tail	0x8b6db	90	330	0xbc9b8	16	4
tail	0xad329	252,253	49	0x82820	16	3
tail	0x99757	160	337	0xbec0e	16	10
tail	0x99b3a	161	95	0x8c41c	16	3
tail	0x95b59	143,144	140	0x94e5a	16	7
tail	0x84e1b	62	157	0x98a9a	16	2
tail	0x99026	157	320	0xbada5	16	7
tail	0x9af16	168	146	0x96407	16	5
tail	0x9170b	121	301	0xb708d	16	3
tail	0x99b3a	161	181	0x9d13f	16	3
tail	0x9170b	121	28	0x7e390	16	3
tail	0x9d24a	181	66	0x855ff	16	4
tail	0x7ca96	20	311	0xb86f8	16	4
tail	0x90893	113,114	301	0xb708d	16	3
tail	0x8129b	40	199	0xa0631	16	4
tail	0x8536e	64	322	0xbb3c9	16	3
tail	0xa0068	194,195,196	49	0x82820	16	3
tail	0xb1545	273	258	0xadf2c	16	3
tail	0xb625a	295	43	0x8173d	16	4
tail	0xae32f	258	350	0xc1926	16	3
tail	0xbb6e3	321,322	49	0x82820	16	3
tail	0x81b7c	43	350	0xc1926	16	4
tail	0x9d13d	180	49	0x82820	16	11
tail	0x9a46b	165	157	0x98a9a	16	3
tail	0x9bd8c	173	322	0xbb3c9	16	3
tail	0x9d24a	181	258	0xadf2c	16	3
tail	0x8f6cf	108	200	0xa0a9e	16	8
tail	0xc0532	345	18	0x7be9b	16	9
tail	0xadf29	257	297	0xb64d7	16	7
tail	0x951c0	139,140	199	0xa0631	16	4
tail	0x951c0	139,140	196	0x9fbcd	16	3
tail	0xae32f	258	192	0x9f00a	16	3
tail	0x9dcab	185	154	0x97ce6	16	4
tail	0xb84a4	308	354	0xc2241	16	5
tail	0x99026	157	37	0x80685	16	7
tail	0x91a57	122	145	0x95b5c	16	3
tail	0xadf29	257	345	0xc02e4	16	4
tail	0xbb6e3	321,322	220	0xa522e	16	3
tail	0xae32f	258	320	0xbada5	16	2
tail	0x91067	119	297	0xb64d7	16	4
tail	0x8536e	64	220	0xa522e	16	3
tail	0x99757	160	330	0xbc9b8	16	3
tail	0xad766	254	64	0x85059	16	4
tail	0x8f6cf	108	171	0x9b4b3	16	4
tail	0x90c21	116,117	354	0xc2241	16	5
tail	0xbf126	337	260	0xae90b	16	5
tail	0x97689	151	198	0xa037e	16	4
tail	0xae32f	258	260	0xae90b	16	3
tail	0xb837a	307	124	0x91e81	16	5
tail	0xc21c0	352	62	0x84aa3	16	3
tail	0x9d961	184	321	0xbb1dd	16	2
tail	0xa4a5e	215	154	0x97ce6	16	2
tail	0x9a46b	165	66	0x855ff	15	4
tail	0xadbfa	256	200	0xa0a9e	15	9
tail	0xadf29	257	140	0x94e5a	15	6
tail	0xbf886	340	146	0x96407	15	5
tail	0x922c1	124	258	0xadf2c	15	7
tail	0xbf886	340	260	0xae90b	15	5
tail	0x8b8c9	91	43	0x8173d	15	7
tail	0x8b8c9	91	333	0xbd8af	15	8
tail	0x9cf2f	179	203	0xa1484	15	3
tail	0xa0dc7	200	66	0x855ff	15	8
tail	0xadbfa	256	333	0xbd8af	15	11
tail	0x90893	113,114	269	0xb045b	15	9
tail	0xc1ec2	351	154	0x97ce6	15	3
tail	0x8536e	64	345	0xc02e4	15	7
tail	0xb3799	283	189	0x9e7af	15	2
tail	0x8129b	40	18	0x7be9b	15	2
tail	0x91067	119	215	0xa4609	15	3
tail	0xadf29	257	124	0x91e81	15	7
tail	0x7c308	18	220	0xa522e	15	10
tail	0xad329	252,253	189	0x9e7af	15	10
tail	0x9d692	183	203	0xa1484	15	7
tail	0x7ecd0	29,30	333	0xbd8af	15	3
tail	0xc1ec2	351	43	0x8173d	15	2
tail	0x922c1	124	64	0x85059	15	5
tail	0x7e7ca	28	239	0xa991e	15	5
tail	0xbd8ad	332	79	0x885b0	15	3
tail	0x980a9	154	79	0x885b0	15	3
tail	0x92612	125	316	0xb987b	15	3
tail	0x8b8c9	91	215	0xa4609	15	5
tail	0xa4a5e	215	79	0x885b0	15	7
tail	0x9c3f4	175,176	264	0xaf4cf	15	3
tail	0x8b8c9	91	297	0xb64d7	15	7
tail	0x9c08c	174	278	0xb2342	15	3
tail	0xa9cf4	239	172	0x9b68a	15	8
tail	0x859f9	66	253	0xacfb1	15	7
tail	0xbd8ad	332	157	0x98a9a	15	3
tail	0x9a46b	165	185	0x9d964	15	2
tail	0x9170b	121	157	0x98a9a	15	3
tail	0x8b8c9	91	66	0x855ff	15	5
tail	0x980a9	154	215	0xa4609	15	3
tail	0xb837a	307	83	0x8947b	15	9
tail	0xbf886	340	332	0xbd36d	15	5
tail	0x81b7c	43	124	0x91e81	15	7
tail	0xa0068	194,195,196	121	0x91379	15	2
tail	0x8f6cf	108	332	0xbd36d	15	2
tail	0x9a46b	165	337	0xbec0e	15	3
tail	0xb837a	307	350	0xc1926	15	2
tail	0xbdd16	333	332	0xbd36d	15	3
tail	0xc240d	353,354	307	0xb8064	15	3
tail	0x9d961	184	356	0xc291a	15	2
tail	0xb0458	268	124	0x91e81	15	3
tail	0xba0cc	316	354	0xc2241	15	3
tail	0x9b687	171	215	0xa4609	15	3
tail	0xbf126	337	332	0xbd36d	15	3
tail	0x90893	113,114	3	0x78c77	15	3
tail	0x980a9	154	3	0x78c77	15	2
tail	0x81b7c	43	332	0xbd36d	15	2
tail	0x99026	157	70	0x8610e	15	2
tail	0x9ba72	172	322	0xbb3c9	15	2
tail	0x95b59	143,144	30	0x7e849	15	3
tail	0x7c308	18	291	0xb4edd	15	2
tail	0xbdd16	333	121	0x91379	15	3
tail	0xadbfa	256	146	0x96407	15	2
tail	0xadbfa	256	172	0x9b68a	15	3
tail	0x8129b	40	307	0xb8064	15	2
tail	0x9bd8c	173	273	0xb11ca	15	2
tail	0x9d13d	180	189	0x9e7af	14	8
tail	0xa062e	198	203	0xa1484	14	6
tail	0x9eac9	189	345	0xc02e4	14	6
tail	0xc0532	345	157	0x98a9a	14	4
tail	0x9bd8c	173	307	0xb8064	14	6
tail	0x8b8c9	91	18	0x7be9b	14	5
tail	0xa0a9c	199	269	0xb045b	14	9
tail	0xae32f	258	253	0xacfb1	14	5
tail	0xadf29	257	307	0xb8064	14	9
tail	0xb837a	307	320	0xbada5	14	5
tail	0xb837a	307	200	0xa0a9e	14	6
tail	0xb68ff	297	83	0x8947b	14	8
tail	0x9d692	183	64	0x85059	14	7
tail	0x7e7ca	28	320	0xbada5	14	8
tail	0xc21c0	352	322	0xbb3c9	14	8
tail	0xbb6e3	321,322	333	0xbd8af	14	5
tail	0xad329	252,253	320	0xbada5	14	8
tail	0xa0068	194,195,196	37	0x80685	14	4
tail	0xa0a9c	199	30	0x7e849	14	2
tail	0xc1923	349	282	0xb3128	14	5
tail	0xbf886	340	83	0x8947b	14	7
tail	0x9c08c	174	216	0xa4a61	14	2
tail	0xbf126	337	300	0xb6c36	14	2
tail	0xa0a9c	199	200	0xa0a9e	14	7
tail	0x7e7ca	28	79	0x885b0	14	10
tail	0x91067	119	18	0x7be9b	14	2
tail	0xa2933	208	43	0x8173d	14	6
tail	0xc1d46	350	79	0x885b0	14	2
tail	0x7c308	18	49	0x82820	14	5
tail	0x7ecd0	29,30	49	0x82820	14	2
tail	0x91a57	122	258	0xadf2c	14	2
tail	0x90893	113,114	222	0xa5f3c	14	6
tail	0x9d24a	181	297	0xb64d7	14	2
tail	0xc240d	353,354	64	0x85059	14	2
tail	0x9d13d	180	340	0xbf435	14	9
tail	0xa0068	194,195,196	208	0xa2361	14	2
tail	0xad329	252,253	64	0x85059	14	5
tail	0x9170b	121	337	0xbec0e	14	2
tail	0xb3799	283	196	0x9fbcd	14	2
tail	0x9d692	183	79	0x885b0	14	6
tail	0xad329	252,253	192	0x9f00a	14	8
tail	0xadf29	257	239	0xa991e	14	6
tail	0xc0532	345	28	0x7e390	14	7
tail	0x9bd8c	173	154	0x97ce6	14	2
tail	0x7c308	18	239	0xa991e	14	6
tail	0x992ca	158	216	0xa4a61	14	2
tail	0x9d24a	181	340	0xbf435	14	2
tail	0xaeeff	261	215	0xa4609	14	2
tail	0xb1545	273	43	0x8173d	14	2
tail	0xa81c1	232	215	0xa4609	14	1
tail	0x8536e	64	0	0x78561	14	1
tail	0xa0dc7	200	3	0x78c77	14	2
tail	0xaeda0	260	79	0x885b0	14	2
tail	0x95b59	143,144	345	0xc02e4	14	6
tail	0xc1d46	350	157	0x98a9a	14	2
tail	0x9bd8c	173	30	0x7e849	14	7
tail	0xbd8ad	332	28	0x7e390	14	2
tail	0xb0458	268	30	0x7e849	14	2
tail	0xb3799	283	254	0xad32c	14	2
tail	0x7ca96	20	216	0xa4a61	14	2
tail	0x9d24a	181	199	0xa0631	14	2
tail	0xaeeff	261	189	0x9e7af	14	2
tail	0xb708a	299,300	168	0x9aa83	14	2
tail	0xbb6e3	321,322	28	0x7e390	14	2
tail	0xb837a	307	179	0x9ca8d	14	2
tail	0xa0dc7	200	49	0x82820	14	2
tail	0xa4a5e	215	3	0x78c77	14	2
tail	0xadf29	257	165	0x9a24c	14	2
tail	0xba0cc	316	171	0x9b4b3	14	2
tail	0x7ecd0	29,30	172	0x9b68a	14	2
tail	0xad766	254	337	0xbec0e	14	2
tail	0xc1d46	350	189	0x9e7af	14	2
tail	0xb1545	273	168	0x9aa83	14	1
tail	0xb0458	268	300	0xb6c36	14	1
tail	0xb708a	299,300	66	0x855ff	14	1
tail	0x9170b	121	196	0x9fbcd	14	1
tail	0xa0068	194,195,196	242	0xaa87d	14	1
tail	0xaab67	242	75	0x873fc	14	1
tail	0xb1545	273	3	0x78c77	14	1
tail	0xbcfc5	330	260	0xae90b	14	1
tail	0xb708a	299,300	203	0xa1484	14	1
tail	0xb1545	273	18	0x7be9b	14	1
tail	0x9170b	121	66	0x855ff	14	1
tail	0x9170b	121	83	0x8947b	14	1
tail	0xc1ec2	351	199	0xa0631	14	1
tail	0xc1d46	350	268	0xb0007	14	1
tail	0xb625a	295	157	0x98a9a	14	1
tail	0xbd8ad	332	3	0x78c77	14	1
tail	0x9af16	168	319	0xba72f	13	7
tail	0x922c1	124	28	0x7e390	13	7
tail	0xa1936	202,203	269	0xb045b	13	8
tail	0x90893	113,114	220	0xa522e	13	9
tail	0xae32f	258	83	0x8947b	13	6
tail	0x8b8c9	91	189	0x9e7af	13	7
tail	0xa0a9c	199	121	0x91379	13	5
tail	0xa4a5e	215	83	0x8947b	13	8
tail	0x922c1	124	215	0xa4609	13	7
tail	0x9af16	168	200	0xa0a9e	13	7
tail	0xbdd16	333	3	0x78c77	13	8
tail	0x7c308	18	128	0x9299b	13	7
tail	0xbf126	337	269	0xb045b	13	7
tail	0x9c3f4	175,176	119	0x90ebc	13	2
tail	0x7c308	18	154	0x97ce6	13	4
tail	0x95b59	143,144	307	0xb8064	13	6
tail	0x9af16	168	124	0x91e81	13	5
tail	0x8536e	64	319	0xba72f	13	5
tail	0x90893	113,114	239	0xa991e	13	6
tail	0x951c0	139,140	203	0xa1484	13	6
tail	0x9bd8c	173	62	0x84aa3	13	2
tail	0x9af16	168	269	0xb045b	13	5
tail	0x84e1b	62	307	0xb8064	13	2
tail	0xbd8ad	332	297	0xb64d7	13	2
tail	0xb625a	295	196	0x9fbcd	13	2
tail	0xb837a	307	90	0x8b334	13	2
tail	0x980a9	154	203	0xa1484	13	2
tail	0xa4a5e	215	208	0xa2361	13	2
tail	0xb68ff	297	179	0x9ca8d	13	3
tail	0xbfb96	341	199	0xa0631	13	1
tail	0x99026	157	326	0xbc06d	13	1
tail	0xbc31d	326	352	0xc1ec4	13	1
tail	0xc21c0	352	117	0x90acd	13	1
tail	0xaeda0	260	125	0x922c4	13	1
tail	0xad766	254	168	0x9aa83	13	1
tail	0xadf29	257	179	0x9ca8d	13	1
tail	0xbd8ad	332	269	0xb045b	13	1
tail	0xae32f	258	254	0xad32c	13	1
tail	0xb1545	273	215	0xa4609	13	1
tail	0xc1ec2	351	18	0x7be9b	13	1
tail	0xb708a	299,300	269	0xb045b	13	1
tail	0xc1ec2	351	157	0x98a9a	13	1
tail	0xa2933	208	114	0x90319	13	1
tail	0x9170b	121	79	0x885b0	13	1
tail	0xb68ff	297	122	0x9170d	13	1
tail	0xb68ff	297	52	0x833c7	13	1
tail	0x8371b	52	196	0x9fbcd	13	1
tail	0x99026	157	269	0xb045b	13	1
tail	0xc1ec2	351	308	0xb837c	13	1
tail	0xa0dc7	200	340	0xbf435	12	6
tail	0x99026	157	200	0xa0a9e	12	6
tail	0x81b7c	43	239	0xa991e	12	8
tail	0x8536e	64	79	0x885b0	12	6
tail	0x951c0	139,140	168	0x9aa83	12	6
tail	0x859f9	66	220	0xa522e	12	7
tail	0x99757	160	345	0xc02e4	12	5
tail	0xae32f	258	332	0xbd36d	12	6
tail	0x7e7ca	28	220	0xa522e	12	8
tail	0xad329	252,253	333	0xbd8af	12	6
tail	0xa0dc7	200	64	0x85059	12	6
tail	0xadbfa	256	297	0xb64d7	12	3
tail	0x9bd8c	173	168	0x9aa83	12	6
tail	0x859f9	66	254	0xad32c	12	7
tail	0xadf29	257	200	0xa0a9e	12	7
tail	0xb68ff	297	320	0xbada5	12	6
tail	0x8f6cf	108	203	0xa1484	12	7
tail	0xa4a5e	215	70	0x8610e	12	5
tail	0x9b687	171	114	0x90319	12	4
tail	0x9d13d	180	83	0x8947b	12	8
tail	0x7c308	18	52	0x833c7	12	4
tail	0xad329	252,253	258	0xadf2c	12	9
tail	0x9d13d	180	347	0xc088d	12	9
tail	0x8b8c9	91	301	0xb708d	12	6
tail	0x91a57	122	246	0xab427	12	4
tail	0xc0d7b	347	154	0x97ce6	12	5
tail	0xc0d7b	347	121	0x91379	12	4
tail	0xb360f	282	199	0xa0631	12	6
tail	0x8b8c9	91	196	0x9fbcd	12	7
tail	0x7e7ca	28	292	0xb540f	12	4
tail	0x9ba72	172	37	0x80685	12	6
tail	0x8f6cf	108	254	0xad32c	12	8
tail	0xa2933	208	269	0xb045b	12	4
tail	0x87c25	75	165	0x9a24c	12	4
tail	0xbf126	337	140	0x94e5a	12	7
tail	0x8b8c9	91	64	0x85059	12	7
tail	0x7ecd0	29,30	349	0xc140b	12	4
tail	0xa0dc7	200	319	0xba72f	12	5
tail	0xc0532	345	320	0xbada5	12	6
tail	0x9bd8c	173	117	0x90acd	12	3
tail	0xadbfa	256	349	0xc140b	12	4
tail	0x9a46b	165	124	0x91e81	12	1
tail	0xbcfc5	330	122	0x9170d	12	1
tail	0x91a57	122	114	0x90319	12	1
tail	0x7ca96	20	80	0x88a58	12	1
tail	0xae32f	258	242	0xaa87d	12	1
tail	0xaab67	242	246	0xab427	12	1
tail	0x951c0	139,140	320	0xbada5	12	3
tail	0x859f9	66	237	0xa8e1f	12	4
tail	0x7e7ca	28	154	0x97ce6	12	4
tail	0x7e7ca	28	253	0xacfb1	12	8
tail	0x922c1	124	319	0xba72f	12	6
tail	0x7c308	18	30	0x7e849	12	5
tail	0xbec0b	336	256	0xad849	12	3
tail	0x9a46b	165	199	0xa0631	11	6
tail	0x9d692	183	83	0x8947b	11	8
tail	0x99026	157	124	0x91e81	11	5
tail	0x81b7c	43	192	0x9f00a	11	6
tail	0x7e7ca	28	179	0x9ca8d	11	3
tail	0xbf886	340	237	0xa8e1f	11	5
tail	0xc21c0	352	345	0xc02e4	11	4
tail	0xbf126	337	154	0x97ce6	11	6
tail	0x9c3f4	175,176	95	0x8c41c	11	7
tail	0x9d13d	180	3	0x78c77	11	6
tail	0x92f1f	128	307	0xb8064	11	5
tail	0x81b7c	43	301	0xb708d	11	4
tail	0x9bd8c	173	258	0xadf2c	11	8
tail	0x7c308	18	79	0x885b0	11	8
tail	0x8536e	64	254	0xad32c	11	6
tail	0xc1ec2	351	30	0x7e849	11	2
tail	0xbdd16	333	269	0xb045b	11	6
tail	0x951c0	139,140	337	0xbec0e	11	5
tail	0xb708a	299,300	48	0x82477	11	4
tail	0x95b59	143,144	340	0xbf435	11	8
tail	0x9d13d	180	307	0xb8064	11	7
tail	0xbdd16	333	124	0x91e81	11	6
tail	0xc0532	345	347	0xc088d	11	6
tail	0x9d692	183	215	0xa4609	11	6
tail	0x9d13d	180	258	0xadf2c	11	11
tail	0x922c1	124	114	0x90319	11	5
tail	0x9bd8c	173	66	0x855ff	11	8
tail	0xa9cf4	239	37	0x80685	11	4
tail	0x95b59	143,144	332	0xbd36d	11	5
tail	0xae32f	258	200	0xa0a9e	11	7
tail	0x99026	157	30	0x7e849	11	3
tail	0x922c1	124	18	0x7be9b	11	8
tail	0x8536e	64	300	0xb6c36	11	4
tail	0xb0458	268	79	0x885b0	11	8
tail	0xab424	245	75	0x873fc	11	3
tail	0x9a46b	165	189	0x9e7af	11	3
tail	0xb360f	282	90	0x8b334	11	5
tail	0x9d13d	180	268	0xb0007	11	7
tail	0xb708a	299,300	17	0x7bae9	11	4
tail	0x8b6db	90	28	0x7e390	11	5
tail	0x7e7ca	28	350	0xc1926	11	6
tail	0x7c308	18	179	0x9ca8d	11	4
tail	0xa1936	202,203	319	0xba72f	11	6
tail	0x9d13d	180	199	0xa0631	11	7
tail	0x9cf2f	179	157	0x98a9a	11	3
tail	0x99757	160	239	0xa991e	11	8
tail	0x9bd8c	173	200	0xa0a9e	11	6
tail	0x951c0	139,140	18	0x7be9b	11	6
tail	0xb68ff	297	345	0xc02e4	11	5
tail	0xc0532	345	70	0x8610e	11	5
tail	0xa0dc7	200	337	0xbec0e	11	6
tail	0xb540d	291	307	0xb8064	11	5
tail	0x9af16	168	70	0x8610e	11	6
tail	0xa0a9c	199	332	0xbd36d	11	3
tail	0xb68ff	297	124	0x91e81	11	5
tail	0x8f6cf	108	90	0x8b334	11	4
tail	0x90893	113,114	300	0xb6c36	11	5
tail	0xc240d	353,354	200	0xa0a9e	11	1
tail	0x9b687	171	253	0xacfb1	11	1
tail	0xb837a	307	70	0x8610e	10	6
tail	0xc240d	353,354	28	0x7e390	10	2
tail	0x9dcab	185	37	0x80685	10	4
tail	0x99757	160	124	0x91e81	10	3
tail	0xad329	252,253	70	0x8610e	10	5
tail	0xc0532	345	215	0xa4609	10	4
tail	0x7e7ca	28	192	0x9f00a	10	5
tail	0xa0dc7	200	168	0x9aa83	10	5
tail	0xad329	252,253	43	0x8173d	10	6
tail	0x9cf2f	179	172	0x9b68a	10	3
tail	0xc21c0	352	128	0x9299b	10	4
tail	0x9c08c	174	311	0xb86f8	10	7
tail	0x7e7ca	28	237	0xa8e1f	10	6
tail	0x9ba72	172	269	0xb045b	10	6
tail	0x7c308	18	70	0x8610e	10	5
tail	0xc21c0	352	124	0x91e81	10	7
tail	0xadf29	257	64	0x85059	10	9
tail	0x81b7c	43	30	0x7e849	10	6
tail	0xc0d7b	347	208	0xa2361	10	3
tail	0x9d692	183	307	0xb8064	10	5
tail	0xbf886	340	128	0x9299b	10	4
tail	0xa1936	202,203	350	0xc1926	10	5
tail	0x8b8c9	91	269	0xb045b	10	6
tail	0xc21c0	352	203	0xa1484	10	5
tail	0xafa1d	266	354	0xc2241	10	4
tail	0xc21c0	352	253	0xacfb1	10	10
tail	0xa0dc7	200	237	0xa8e1f	10	5
tail	0x81b7c	43	222	0xa5f3c	10	3
tail	0xa9cf4	239	168	0x9aa83	10	5
tail	0x8b8c9	91	172	0x9b68a	10	5
tail	0x99b3a	161	261	0xaeda2	10	8
tail	0x95b59	143,144	199	0xa0631	10	7
tail	0xc0d7b	347	200	0xa0a9e	10	5
tail	0x81b7c	43	154	0x97ce6	10	5
tail	0xa4a5e	215	319	0xba72f	10	5
tail	0x8f6cf	108	282	0xb3128	10	5
tail	0x9bd8c	173	239	0xa991e	10	4
tail	0xb837a	307	300	0xb6c36	10	6
tail	0x81b7c	43	37	0x80685	10	3
tail	0xa4a5e	215	282	0xb3128	10	3
tail	0xa062e	198	121	0x91379	10	5
tail	0x8b6db	90	66	0x855ff	10	4
tail	0x99026	157	273	0xb11ca	10	4
tail	0x859f9	66	345	0xc02e4	10	5
tail	0x8281e	48	92	0x8b8cb	10	4
tail	0x90893	113,114	237	0xa8e1f	10	6
tail	0x9d692	183	347	0xc088d	10	4
tail	0x9ba72	172	237	0xa8e1f	10	4
tail	0xa0dc7	200	307	0xb8064	10	4
tail	0x9af16	168	83	0x8947b	10	4
tail	0x8f6cf	108	248	0xac110	10	2
tail	0x99757	160	322	0xbb3c9	10	2
tail	0x8f6cf	108	48	0x82477	10	2
tail	0x8281e	48	297	0xb64d7	10	2
tail	0xb68ff	297	291	0xb4edd	10	2
tail	0x8281e	48	52	0x833c7	10	2
tail	0xc0532	345	203	0xa1484	10	3
tail	0xbfb96	341	185	0x9d964	10	1
tail	0x81b7c	43	0	0x78561	10	1
tail	0x78833	0	257	0xadbfd	10	1
tail	0x922c1	124	333	0xbd8af	10	3
tail	0x96eb1	148	173	0x9ba74	10	2
tail	0xa81c1	232	189	0x9e7af	10	1
tail	0xa1936	202,203	290	0xb4c00	10	1
tail	0x9bd8c	173	121	0x91379	10	4
tail	0x8a49b	86	310	0xb8556	9	4
tail	0x8b8c9	91	168	0x9aa83	9	3
tail	0xae32f	258	37	0x80685	9	5
tail	0x7c308	18	222	0xa5f3c	9	3
tail	0x859f9	66	332	0xbd36d	9	6
tail	0x7e7ca	28	140	0x94e5a	9	3
tail	0xa2933	208	258	0xadf2c	9	3
tail	0xa9cf4	239	64	0x85059	9	5
tail	0x922c1	124	237	0xa8e1f	9	3
tail	0xa0068	194,195,196	269	0xb045b	9	6
tail	0x9eac9	189	320	0xbada5	9	3
tail	0xa0a9c	199	192	0x9f00a	9	6
tail	0x9bd8c	173	48	0x82477	9	3
tail	0xa0dc7	200	291	0xb4edd	9	4
tail	0x951c0	139,140	192	0x9f00a	9	5
tail	0x96915	146	337	0xbec0e	9	5
tail	0x9af16	168	332	0xbd36d	9	5
tail	0x8b8c9	91	28	0x7e390	9	6
tail	0x7fba1	33	199	0xa0631	9	8
tail	0x81b7c	43	345	0xc02e4	9	6
tail	0xbf126	337	345	0xc02e4	9	5
tail	0xc0532	345	43	0x8173d	9	7
tail	0xa9cf4	239	340	0xbf435	9	6
tail	0x9ba72	172	239	0xa991e	9	5
tail	0xa062e	198	260	0xae90b	9	4
tail	0x91067	119	114	0x90319	9	3
tail	0x95b59	143,144	200	0xa0a9e	9	5
tail	0x9eac9	189	269	0xb045b	9	8
tail	0xc21c0	352	48	0x82477	9	6
tail	0xa0dc7	200	37	0x80685	9	5
tail	0x81b7c	43	70	0x8610e	9	5
tail	0xb0458	268	320	0xbada5	9	4
tail	0xbdd16	333	83	0x8947b	9	4
tail	0x859f9	66	124	0x91e81	9	7
tail	0x922c1	124	70	0x8610e	9	7
tail	0xadf29	257	350	0xc1926	9	6
tail	0x9cf2f	179	3	0x78c77	9	3
tail	0xa0dc7	200	320	0xbada5	9	5
tail	0x7e7ca	28	92	0x8b8cb	9	3
tail	0x9d692	183	258	0xadf2c	9	5
tail	0x7c308	18	37	0x80685	9	8
tail	0xb3125	281	292	0xb540f	9	2
tail	0x859f9	66	239	0xa991e	9	8
tail	0x9ba72	172	121	0x91379	9	5
tail	0xc0d7b	347	345	0xc02e4	9	3
tail	0xbdd16	333	300	0xb6c36	9	4
tail	0x9dcab	185	253	0xacfb1	9	7
tail	0xa646d	222	297	0xb64d7	9	5
tail	0x873fa	74	160	0x994cf	9	3
tail	0x859f9	66	140	0x94e5a	9	6
tail	0x9d13d	180	172	0x9b68a	9	6
tail	0xc0d7b	347	192	0x9f00a	9	5
tail	0xa4a5e	215	17	0x7bae9	9	3
tail	0x95b59	143,144	260	0xae90b	9	5
tail	0x9d692	183	185	0x9d964	9	5
tail	0x9e07a	186	144	0x95887	9	2
tail	0xbcfc5	330	291	0xb4edd	9	5
tail	0x9af16	168	37	0x80685	9	6
tail	0xa0dc7	200	79	0x885b0	9	1
tail	0xac43d	248	258	0xadf2c	9	1
tail	0xb3799	283	222	0xa5f3c	9	1
tail	0xa646d	222	189	0x9e7af	9	1
tail	0x95b59	143,144	179	0x9ca8d	9	1
tail	0xb3799	283	43	0x8173d	9	1
tail	0x7c308	18	242	0xaa87d	9	1
tail	0xaab67	242	199	0xa0631	9	1
tail	0x91e7f	123	69	0x85f24	9	1
tail	0x7ecd0	29,30	215	0xa4609	9	1
tail	0xae32f	258	245	0xab141	9	1
tail	0xb540d	291	140	0x94e5a	9	1
tail	0x7e7ca	28	322	0xbb3c9	9	4
tail	0xb708a	299,300	291	0xb4edd	9	2
tail	0xa0068	194,195,196	345	0xc02e4	9	4
tail	0xa646d	222	269	0xb045b	9	2
tail	0x9ede7	190	352	0xc1ec4	9	3
tail	0xb0458	268	200	0xa0a9e	9	3
tail	0x9e07a	186	257	0xadbfd	9	2
tail	0x859f9	66	37	0x80685	9	3
tail	0x99757	160	146	0x96407	9	2
tail	0xa0a9c	199	281	0xb2db6	9	3
tail	0x96915	146	66	0x855ff	8	3
tail	0x859f9	66	287	0xb45d2	8	5
tail	0x9cf2f	179	79	0x885b0	8	2
tail	0xbf886	340	200	0xa0a9e	8	4
tail	0x9a46b	165	28	0x7e390	8	5
tail	0xa9cf4	239	291	0xb4edd	8	4
tail	0xb540d	291	28	0x7e390	8	4
tail	0x92f1f	128	199	0xa0631	8	2
tail	0x9bd8c	173	179	0x9ca8d	8	2
tail	0xb837a	307	121	0x91379	8	4
tail	0x9eac9	189	254	0xad32c	8	5
tail	0x7c308	18	146	0x96407	8	3
tail	0xa4a5e	215	128	0x9299b	8	4
tail	0xbb6e3	321,322	215	0xa4609	8	3
tail	0xa0dc7	200	347	0xc088d	8	6
tail	0xa4a5e	215	90	0x8b334	8	3
tail	0xc0532	345	237	0xa8e1f	8	4
tail	0x7c308	18	345	0xc02e4	8	5
tail	0x8f6cf	108	140	0x94e5a	8	7
tail	0xbf886	340	140	0x94e5a	8	4
tail	0xb68ff	297	322	0xbb3c9	8	3
tail	0x91067	119	307	0xb8064	8	5
tail	0x99026	157	253	0xacfb1	8	6
tail	0x7c308	18	121	0x91379	8	5
tail	0x951c0	139,140	319	0xba72f	8	4
tail	0xa0dc7	200	192	0x9f00a	8	5
tail	0xb0458	268	273	0xb11ca	8	5
tail	0x922c1	124	66	0x855ff	8	4
tail	0xa1936	202,203	79	0x885b0	8	4
tail	0xadf29	257	317	0xba1e2	8	4
tail	0xb3799	283	64	0x85059	8	4
tail	0xa0a9c	199	254	0xad32c	8	5
tail	0xa9cf4	239	114	0x90319	8	4
tail	0x95b59	143,144	281	0xb2db6	8	5
tail	0xbdd16	333	192	0x9f00a	8	4
tail	0xadf29	257	199	0xa0631	8	5
tail	0x9af16	168	128	0x9299b	8	5
tail	0x99026	157	345	0xc02e4	8	4
tail	0xc0d7b	347	70	0x8610e	8	6
tail	0x9d24a	181	307	0xb8064	8	4
tail	0xba680	317	28	0x7e390	8	4
tail	0xa9cf4	239	337	0xbec0e	8	7
tail	0x9d13d	180	196	0x9fbcd	8	6
tail	0xa4a5e	215	239	0xa991e	8	6
tail	0x9af16	168	52	0x833c7	8	1
tail	0x7be98	17	185	0x9d964	8	5
tail	0xa9cf4	239	319	0xba72f	8	5
tail	0x7e7ca	28	48	0x82477	8	5
tail	0x951c0	139,140	66	0x855ff	8	4
tail	0xbdd16	333	128	0x9299b	8	3
tail	0x8281e	48	300	0xb6c36	8	3
tail	0x9ba72	172	319	0xba72f	8	5
tail	0x8bcec	92	215	0xa4609	8	4
tail	0xadbfa	256	208	0xa2361	8	2
tail	0xadbfa	256	253	0xacfb1	8	6
tail	0xa0a9c	199	237	0xa8e1f	8	4
tail	0xc0532	345	92	0x8b8cb	8	3
tail	0xa9cf4	239	43	0x8173d	8	6
tail	0xc0532	345	258	0xadf2c	8	3
tail	0xa9cf4	239	48	0x82477	8	2
tail	0x90893	113,114	70	0x8610e	8	5
tail	0x7e7ca	28	254	0xad32c	8	2
tail	0x951c0	139,140	151	0x97311	8	2
tail	0xbf126	337	208	0xa2361	8	2
tail	0xa646d	222	268	0xb0007	8	4
tail	0xadf29	257	253	0xacfb1	8	6
tail	0xa0068	194,195,196	260	0xae90b	8	3
tail	0x8b026	88	173	0x9ba74	8	2
tail	0x8b6db	90	300	0xb6c36	8	2
tail	0xad329	252,253	37	0x80685	8	5
tail	0x96915	146	189	0x9e7af	8	2
tail	0x92f1f	128	297	0xb64d7	8	2
tail	0x96eb1	148	352	0xc1ec4	8	2
tail	0xadf29	257	281	0xb2db6	8	4
tail	0xad329	252,253	347	0xc088d	8	5
tail	0x96915	146	220	0xa522e	8	2
tail	0x93f76	131	108	0x8f24b	8	2
tail	0x8f6cf	108	17	0x7bae9	8	3
tail	0x8371b	52	246	0xab427	8	3
tail	0xadbfa	256	292	0xb540f	8	3
tail	0x980a9	154	105	0x8e6b4	8	3
tail	0xb593d	292	92	0x8b8cb	8	3
tail	0xbf126	337	254	0xad32c	8	2
tail	0x8b8c9	91	185	0x9d964	7	4
tail	0x9cf2f	179	49	0x82820	7	3
tail	0xb68ff	297	70	0x8610e	7	4
tail	0xaeeff	261	258	0xadf2c	7	4
tail	0x7ecd0	29,30	269	0xb045b	7	3
tail	0x951c0	139,140	258	0xadf2c	7	4
tail	0x92f1f	128	185	0x9d964	7	3
tail	0x8129b	40	189	0x9e7af	7	4
tail	0xbdd16	333	37	0x80685	7	3
tail	0xadbfa	256	300	0xb6c36	7	5
tail	0xbdd16	333	319	0xba72f	7	4
tail	0xadbfa	256	179	0x9ca8d	7	3
tail	0x9dcab	185	83	0x8947b	7	6
tail	0x9dcab	185	237	0xa8e1f	7	3
tail	0xa9cf4	239	215	0xa4609	7	4
tail	0x9d13d	180	28	0x7e390	7	5
tail	0x8536e	64	320	0xbada5	7	4
tail	0x9af16	168	121	0x91379	7	3
tail	0x9d13d	180	185	0x9d964	7	6
tail	0xa0068	194,195,196	253	0xacfb1	7	6
tail	0x8281e	48	28	0x7e390	7	3
tail	0xa4a5e	215	124	0x91e81	7	6
tail	0x9bd8c	173	260	0xae90b	7	3
tail	0x95b59	143,144	322	0xbb3c9	7	7
tail	0xadf29	257	30	0x7e849	7	7
tail	0x9ba72	172	79	0x885b0	7	5
tail	0x7c308	18	349	0xc140b	7	3
tail	0x922c1	124	52	0x833c7	7	3
tail	0xa062e	198	253	0xacfb1	7	3
tail	0x8f6cf	108	273	0xb11ca	7	6
tail	0xadbfa	256	124	0x91e81	7	4
tail	0xc21c0	352	297	0xb64d7	7	4
tail	0x8f6cf	108	146	0x96407	7	6
tail	0x8b8c9	91	199	0xa0631	7	4
tail	0x99757	160	273	0xb11ca	7	4
tail	0xb1545	273	66	0x855ff	7	3
tail	0x922c1	124	172	0x9b68a	7	3
tail	0x980a9	154	301	0xb708d	7	4
tail	0xa0068	194,195,196	154	0x97ce6	7	6
tail	0xc0d7b	347	52	0x833c7	7	2
tail	0x8536e	64	260	0xae90b	7	4
tail	0x9a46b	165	347	0xc088d	7	5
tail	0xc0d7b	347	300	0xb6c36	7	5
tail	0x8f6cf	108	239	0xa991e	7	6
tail	0xc0d7b	347	350	0xc1926	7	4
tail	0xa0dc7	200	215	0xa4609	7	4
tail	0xadbfa	256	347	0xc088d	7	6
tail	0xa0068	194,195,196	350	0xc1926	7	4
tail	0xa4a5e	215	322	0xbb3c9	7	4
tail	0xc21c0	352	300	0xb6c36	7	4
tail	0x81b7c	43	83	0x8947b	7	7
tail	0x8f6cf	108	30	0x7e849	7	4
tail	0x90893	113,114	83	0x8947b	7	4
tail	0xc0d7b	347	260	0xae90b	7	3
tail	0x99757	160	332	0xbd36d	7	4
tail	0xa062e	198	154	0x97ce6	7	6
tail	0xa3dc4	212	258	0xadf2c	7	1
tail	0x99026	157	290	0xb4c00	7	1
tail	0x9eac9	189	192	0x9f00a	7	4
tail	0x8eb77	105	317	0xba1e2	7	4
tail	0x9cf2f	179	347	0xc088d	7	4
tail	0xb2db4	280	198	0xa037e	7	2
tail	0x859f9	66	282	0xb3128	7	4
tail	0xb68ff	297	121	0x91379	7	5
tail	0xa81c1	232	114	0x90319	7	1
tail	0xb0458	268	0	0x78561	7	1
tail	0x78833	0	108	0x8f24b	7	1
tail	0xb3125	281	105	0x8e6b4	7	4
tail	0xb360f	282	92	0x8b8cb	7	4
tail	0xa646d	222	28	0x7e390	7	3
tail	0xa646d	222	301	0xb708d	7	3
tail	0x81b7c	43	179	0x9ca8d	7	4
tail	0x81b7c	43	3	0x78c77	7	6
tail	0x9bd8c	173	253	0xacfb1	7	4
tail	0xa0068	194,195,196	70	0x8610e	7	4
tail	0x922c1	124	90	0x8b334	7	3
tail	0xa2933	208	168	0x9aa83	7	2
tail	0x7e7ca	28	273	0xb11ca	7	3
tail	0xbf126	337	200	0xa0a9e	7	4
tail	0xa4a5e	215	220	0xa522e	7	4
tail	0x99026	157	322	0xbb3c9	7	4
tail	0xadbfa	256	291	0xb4edd	7	3
tail	0xb0458	268	192	0x9f00a	7	3
tail	0xc1923	349	18	0x7be9b	7	4
tail	0x859f9	66	192	0x9f00a	7	4
tail	0xa646d	222	203	0xa1484	7	3
tail	0xb360f	282	281	0xb2db6	7	2
tail	0x95b59	143,144	273	0xb11ca	7	5
tail	0xb593d	292	199	0xa0631	7	2
tail	0x9cf2f	179	258	0xadf2c	7	3
tail	0x9bd8c	173	300	0xb6c36	7	3
tail	0xa4a5e	215	37	0x80685	7	4
tail	0xc0532	345	307	0xb8064	7	3
tail	0xa1936	202,203	3	0x78c77	7	4
tail	0x980a9	154	269	0xb045b	7	4
tail	0xb68ff	297	48	0x82477	7	3
tail	0xb540d	291	269	0xb045b	7	3
tail	0x8bcec	92	48	0x82477	7	3
tail	0xb540d	291	301	0xb708d	7	3
tail	0xa062e	198	349	0xc140b	7	3
tail	0xc0532	345	66	0x855ff	7	3
tail	0x8bcec	92	18	0x7be9b	7	3
tail	0xad329	252,253	90	0x8b334	7	3
tail	0xbf886	340	179	0x9ca8d	7	2
tail	0xbdd16	333	179	0x9ca8d	7	3
tail	0xa0a9c	199	146	0x96407	7	3
tail	0x9dcab	185	52	0x833c7	7	3
tail	0xae32f	258	70	0x8610e	7	2
tail	0x7e7ca	28	151	0x97311	7	2
tail	0xb593d	292	90	0x8b334	7	2
tail	0x99026	157	146	0x96407	7	2
tail	0xc1409	348	257	0xadbfd	7	2
tail	0xa0068	194,195,196	222	0xa5f3c	7	2
tail	0x9634f	145	165	0x9a24c	6	3
tail	0xa646d	222	114	0x90319	6	3
tail	0x9cf2f	179	220	0xa522e	6	3
tail	0xb625a	295	114	0x90319	6	3
tail	0x81b7c	43	208	0xa2361	6	2
tail	0xc0532	345	79	0x885b0	6	2
tail	0xa1936	202,203	121	0x91379	6	3
tail	0xadbfa	256	140	0x94e5a	6	3
tail	0xad329	252,253	83	0x8947b	6	3
tail	0xc0d7b	347	332	0xbd36d	6	3
tail	0x7be98	17	220	0xa522e	6	3
tail	0xadbfa	256	260	0xae90b	6	3
tail	0xbf126	337	179	0x9ca8d	6	2
tail	0x99757	160	268	0xb0007	6	3
tail	0x8281e	48	18	0x7be9b	6	3
tail	0xa0a9c	199	179	0x9ca8d	6	2
tail	0xbdd16	333	70	0x8610e	6	3
tail	0x8129b	40	337	0xbec0e	6	4
tail	0xc240d	353,354	114	0x90319	6	5
tail	0x9cf2f	179	66	0x855ff	6	2
tail	0xa0dc7	200	203	0xa1484	6	5
tail	0x92f1f	128	301	0xb708d	6	3
tail	0xa0dc7	200	114	0x90319	6	4
tail	0xb837a	307	254	0xad32c	6	5
tail	0xad766	254	79	0x885b0	6	4
tail	0xc21c0	352	239	0xa991e	6	2
tail	0x96915	146	83	0x8947b	6	3
tail	0x9d961	184	216	0xa4a61	6	5
tail	0xc0d7b	347	319	0xba72f	6	5
tail	0x859f9	66	128	0x9299b	6	2
tail	0x9af16	168	30	0x7e849	6	5
tail	0xa2933	208	203	0xa1484	6	4
tail	0xa2933	208	333	0xbd8af	6	3
tail	0x7c308	18	273	0xb11ca	6	4
tail	0x92f1f	128	83	0x8947b	6	2
tail	0x92f1f	128	347	0xc088d	6	2
tail	0x90893	113,114	319	0xba72f	6	3
tail	0xad766	254	258	0xadf2c	6	3
tail	0x8281e	48	291	0xb4edd	6	3
tail	0x7e7ca	28	200	0xa0a9e	6	3
tail	0x9ba72	172	154	0x97ce6	6	5
tail	0xc240d	353,354	347	0xc088d	6	2
tail	0xa4a5e	215	200	0xa0a9e	6	4
tail	0x9af16	168	301	0xb708d	6	6
tail	0xa062e	198	48	0x82477	6	5
tail	0xa0068	194,195,196	124	0x91e81	6	5
tail	0x92f1f	128	196	0x9fbcd	6	4
tail	0xc21c0	352	43	0x8173d	6	5
tail	0xb1545	273	337	0xbec0e	6	3
tail	0x8536e	64	237	0xa8e1f	6	3
tail	0xc240d	353,354	199	0xa0631	6	4
tail	0x9c08c	174	264	0xaf4cf	6	3
tail	0xad329	252,253	319	0xba72f	6	3
tail	0xa9cf4	239	333	0xbd8af	6	4
tail	0x9c3f4	175,176	40	0x8115d	6	6
tail	0x992ca	158	69	0x85f24	6	3
tail	0xbdd16	333	350	0xc1926	6	2
tail	0x9eac9	189	154	0x97ce6	6	3
tail	0x8b8c9	91	49	0x82820	6	5
tail	0x92f1f	128	157	0x98a9a	6	3
tail	0x7e7ca	28	330	0xbc9b8	6	3
tail	0x8b6db	90	239	0xa991e	6	2
tail	0xadf29	257	260	0xae90b	6	5
tail	0xbb6e3	321,322	90	0x8b334	6	3
tail	0x9d13d	180	301	0xb708d	6	4
tail	0xa1936	202,203	179	0x9ca8d	6	2
tail	0x9cf2f	179	333	0xbd8af	6	2
tail	0x97689	151	173	0x9ba74	6	2
tail	0xc1409	348	352	0xc1ec4	6	2
tail	0x99026	157	140	0x94e5a	6	4
tail	0x99757	160	154	0x97ce6	6	3
tail	0x8281e	48	239	0xa991e	6	2
tail	0x91a57	122	75	0x873fc	6	2
tail	0x8536e	64	269	0xb045b	6	5
tail	0xc0532	345	297	0xb64d7	6	4
tail	0x99026	157	192	0x9f00a	6	3
tail	0x8b6db	90	301	0xb708d	6	3
tail	0xbdd16	333	208	0xa2361	6	3
tail	0x99026	157	121	0x91379	6	3
tail	0x95b59	143,144	282	0xb3128	6	4
tail	0x9d692	183	268	0xb0007	6	5
tail	0x8eb77	105	18	0x7be9b	6	4
tail	0x9d13d	180	64	0x85059	6	5
tail	0xadbfa	256	203	0xa1484	6	2
tail	0x9d13d	180	220	0xa522e	6	4
tail	0x92f1f	128	172	0x9b68a	6	5
tail	0xb0458	268	345	0xc02e4	6	4
tail	0x7ecd0	29,30	48	0x82477	6	2
tail	0x95b59	143,144	292	0xb540f	6	3
tail	0x8bcec	92	28	0x7e390	6	3
tail	0x7be98	17	83	0x8947b	6	4
tail	0x8cc7f	98,99	256	0xad849	6	3
tail	0x8b026	88	256	0xad849	6	3
tail	0xb0458	268	319	0xba72f	6	3
tail	0xb540d	291	17	0x7bae9	6	3
tail	0x99026	157	332	0xbd36d	6	3
tail	0x8f6cf	108	92	0x8b8cb	6	4
tail	0xbcfc5	330	349	0xc140b	6	4
tail	0x96915	146	3	0x78c77	6	3
tail	0xc0d7b	347	140	0x94e5a	6	2
tail	0xc21c0	352	17	0x7bae9	6	3
tail	0x95b59	143,144	92	0x8b8cb	6	3
tail	0x7c308	18	292	0xb540f	6	3
tail	0xa9cf4	239	282	0xb3128	6	3
tail	0xb68ff	297	273	0xb11ca	6	4
tail	0xa0dc7	200	105	0x8e6b4	6	4
tail	0xb837a	307	154	0x97ce6	6	4
tail	0xb593d	292	345	0xc02e4	6	2
tail	0xb360f	282	18	0x7be9b	6	4
tail	0x99026	157	348	0xc0d7d	6	2
tail	0x859f9	66	3	0x78c77	6	4
tail	0x9bd8c	173	330	0xbc9b8	6	2
tail	0xb593d	292	332	0xbd36d	6	3
tail	0xbf886	340	121	0x91379	6	3
tail	0x9bd8c	173	17	0x7bae9	6	3
tail	0xb68ff	297	292	0xb540f	6	2
tail	0x922c1	124	199	0xa0631	6	3
tail	0x8bcec	92	83	0x8947b	6	3
tail	0x7be98	17	140	0x94e5a	6	3
tail	0xad766	254	199	0xa0631	6	3
tail	0xad329	252,253	215	0xa4609	6	3
tail	0xbf126	337	128	0x9299b	6	3
tail	0xa062e	198	317	0xba1e2	6	3
tail	0xb593d	292	349	0xc140b	6	3
tail	0xbec0b	336	108	0x8f24b	6	2
tail	0xa0a9c	199	350	0xc1926	6	3
tail	0x7c308	18	319	0xba72f	6	3
tail	0xa9cf4	239	105	0x8e6b4	6	2
tail	0x859f9	66	330	0xbc9b8	6	3
tail	0xc0532	345	186	0x9dcae	6	2
tail	0x96eb1	148	144	0x95887	6	2
tail	0xa0dc7	200	157	0x98a9a	6	3
tail	0x9d13d	180	66	0x855ff	6	5
tail	0xa1936	202,203	192	0x9f00a	6	4
tail	0x8281e	48	254	0xad32c	6	2
tail	0x99026	157	222	0xa5f3c	6	3
tail	0xbcfc5	330	281	0xb2db6	6	3
tail	0x9eac9	189	146	0x96407	6	2
tail	0xc1923	349	49	0x82820	6	2
tail	0xa0dc7	200	196	0x9fbcd	6	2
tail	0x92f1f	128	333	0xbd8af	6	2
dispatch	0xc80b9		86	0x8a37f	5	2
tail	0x859f9	66	99	0x8c99a	5	2
tail	0xa1936	202,203	239	0xa991e	5	2
tail	0xb3799	283	121	0x91379	5	2
tail	0x992ca	158	95	0x8c41c	5	2
tail	0xb3799	283	114	0x90319	5	2
tail	0xbdd16	333	345	0xc02e4	5	2
tail	0x9bd8c	173	128	0x9299b	5	2
tail	0x7e7ca	28	17	0x7bae9	5	2
tail	0xc1ec2	351	337	0xbec0e	5	2
tail	0xc1ec2	351	66	0x855ff	5	2
tail	0xb625a	295	268	0xb0007	5	3
tail	0x9c3f4	175,176	278	0xb2342	5	3
tail	0xbdd16	333	140	0x94e5a	5	4
tail	0xaeda0	260	268	0xb0007	5	2
tail	0x91067	119	189	0x9e7af	5	4
tail	0x92f1f	128	220	0xa522e	5	3
tail	0xa0a9c	199	239	0xa991e	5	4
tail	0xa646d	222	258	0xadf2c	5	3
tail	0x7ecd0	29,30	79	0x885b0	5	4
tail	0x99757	160	65	0x85371	5	3
tail	0xc0532	345	83	0x8947b	5	4
tail	0x9170b	121	189	0x9e7af	5	4
tail	0x9c08c	174	181	0x9d13f	5	4
tail	0x90893	113,114	322	0xbb3c9	5	4
tail	0xa646d	222	3	0x78c77	5	2
tail	0xbdd16	333	254	0xad32c	5	4
tail	0xa0dc7	200	189	0x9e7af	5	4
tail	0xb0458	268	37	0x80685	5	3
tail	0xb625a	295	273	0xb11ca	5	4
tail	0xc21c0	352	215	0xa4609	5	4
tail	0x922c1	124	196	0x9fbcd	5	4
tail	0xc1ec2	351	203	0xa1484	5	4
tail	0x951c0	139,140	70	0x8610e	5	3
tail	0x8281e	48	317	0xba1e2	5	4
tail	0xc1d46	350	199	0xa0631	5	4
tail	0x7ca96	20	299	0xb6bba	5	2
tail	0xbf886	340	322	0xbb3c9	5	3
tail	0xba680	317	18	0x7be9b	5	2
tail	0x9dcab	185	124	0x91e81	5	3
tail	0xb360f	282	124	0x91e81	5	2
tail	0xa062e	198	200	0xa0a9e	5	5
tail	0x9eac9	189	83	0x8947b	5	5
tail	0xadbfa	256	117	0x90acd	5	2
tail	0xa1936	202,203	70	0x8610e	5	4
tail	0xa062e	198	124	0x91e81	5	2
tail	0xc21c0	352	222	0xa5f3c	5	2
tail	0xad766	254	333	0xbd8af	5	2
tail	0x9dcab	185	239	0xa991e	5	5
tail	0x9ba72	172	70	0x8610e	5	3
tail	0xc240d	353,354	297	0xb64d7	5	4
tail	0x9a46b	165	297	0xb64d7	5	2
tail	0x8f6cf	108	317	0xba1e2	5	3
tail	0xb3799	283	28	0x7e390	5	3
tail	0x9dcab	185	254	0xad32c	5	4
tail	0x859f9	66	122	0x9170d	5	1
tail	0xb593d	292	18	0x7be9b	5	2
tail	0x9eac9	189	300	0xb6c36	5	5
tail	0xc1409	348	160	0x994cf	5	3
tail	0xc1409	348	173	0x9ba74	5	2
tail	0xb0458	268	220	0xa522e	5	4
tail	0xa4a5e	215	253	0xacfb1	5	5
tail	0x9bd8c	173	146	0x96407	5	2
tail	0x9ba72	172	350	0xc1926	5	4
tail	0xb540d	291	3	0x78c77	5	2
tail	0x8b6db	90	48	0x82477	5	2
tail	0x8eb77	105	254	0xad32c	5	2
tail	0xb593d	292	317	0xba1e2	5	5
tail	0x859f9	66	179	0x9ca8d	5	2
tail	0x9eac9	189	121	0x91379	5	2
tail	0xa9cf4	239	203	0xa1484	5	3
tail	0x9ba72	172	220	0xa522e	5	3
tail	0x7e7ca	28	105	0x8e6b4	5	3
tail	0xb0458	268	239	0xa991e	5	4
tail	0x95b59	143,144	300	0xb6c36	5	4
tail	0xb540d	291	66	0x855ff	5	2
tail	0x95b59	143,144	121	0x91379	5	3
tail	0x99757	160	17	0x7bae9	5	2
tail	0xa9cf4	239	122	0x9170d	5	2
tail	0x9eac9	189	217	0xa4b11	5	2
tail	0x96915	146	347	0xc088d	5	2
tail	0xb360f	282	185	0x9d964	5	2
tail	0xbec0b	336	144	0x95887	5	2
tail	0xa4a5e	215	292	0xb540f	5	3
tail	0x99757	160	302	0xb7586	5	2
tail	0xba680	317	83	0x8947b	5	3
tail	0x9eac9	189	253	0xacfb1	5	5
tail	0xadbfa	256	282	0xb3128	5	4
tail	0xa2933	208	3	0x78c77	5	3
tail	0x7c308	18	90	0x8b334	5	4
tail	0x8b6db	90	52	0x833c7	5	2
tail	0x8536e	64	128	0x9299b	5	4
tail	0xafa1d	266	165	0x9a24c	5	2
tail	0xba680	317	282	0xb3128	5	2
tail	0xad766	254	215	0xa4609	5	3
tail	0x99757	160	260	0xae90b	5	2
tail	0x9eac9	189	237	0xa8e1f	5	5
tail	0x7be98	17	28	0x7e390	5	2
tail	0xb837a	307	253	0xacfb1	5	2
tail	0xaeda0	260	92	0x8b8cb	5	2
tail	0xc21c0	352	105	0x8e6b4	5	2
tail	0x8bcec	92	322	0xbb3c9	5	2
tail	0xba680	317	239	0xa991e	5	2
tail	0xb0458	268	179	0x9ca8d	5	2
tail	0xbf886	340	124	0x91e81	5	3
tail	0xb1545	273	237	0xa8e1f	5	2
tail	0x980a9	154	307	0xb8064	5	2
tail	0xb540d	291	345	0xc02e4	5	2
tail	0x9ba72	172	200	0xa0a9e	5	2
tail	0x9af16	168	222	0xa5f3c	5	2
tail	0xa0a9c	199	319	0xba72f	5	2
tail	0xa35dd	210	171	0x9b4b3	5	5
tail	0xae32f	258	345	0xc02e4	5	4
tail	0xbd8ad	332	291	0xb4edd	5	2
tail	0x8281e	48	3	0x78c77	5	2
tail	0xa062e	198	105	0x8e6b4	5	3
tail	0xad329	252,253	307	0xb8064	5	3
tail	0xc1923	349	345	0xc02e4	5	3
tail	0xbdd16	333	49	0x82820	5	2
tail	0x9d13d	180	215	0xa4609	5	5
tail	0x992ca	158	78	0x883c0	5	1
tail	0xb360f	282	240	0xa9cf7	5	1
tail	0xa9ff7	240	173	0x9ba74	5	1
tail	0x9bd8c	173	222	0xa5f3c	5	2
tail	0xa646d	222	307	0xb8064	5	2
tail	0xae32f	258	128	0x9299b	5	3
tail	0x922c1	124	168	0x9aa83	5	4
tail	0xa0dc7	200	258	0xadf2c	5	3
tail	0xad329	252,253	185	0x9d964	5	2
tail	0xa0068	194,195,196	192	0x9f00a	5	2
tail	0xa062e	198	292	0xb540f	5	2
tail	0x90893	113,114	345	0xc02e4	5	2
tail	0xc240d	353,354	154	0x97ce6	5	1
tail	0xc1923	349	105	0x8e6b4	5	1
tail	0x8eb77	105	297	0xb64d7	5	1
tail	0xbd8ad	332	349	0xc140b	5	2
tail	0xa2933	208	18	0x7be9b	5	2
tail	0xc1923	349	199	0xa0631	5	2
tail	0xb1545	273	79	0x885b0	5	2
tail	0x9cf2f	179	307	0xb8064	5	2
tail	0xc240d	353,354	30	0x7e849	5	1
tail	0x8eb77	105	122	0x9170d	5	1
tail	0xb3125	281	48	0x82477	5	2
tail	0x98351	155	258	0xadf2c	5	1
tail	0xa0068	194,195,196	187	0x9e07d	5	1
tail	0x9e333	187	173	0x9ba74	5	1
tail	0x7c308	18	201	0xa0dca	5	2
tail	0x9bd8c	173	292	0xb540f	5	2
tail	0x92f1f	128	168	0x9aa83	5	3
tail	0xb837a	307	330	0xbc9b8	5	3
tail	0x9bd8c	173	308	0xb837c	5	2
tail	0x980a9	154	18	0x7be9b	5	2
tail	0xb3125	281	330	0xbc9b8	5	2
tail	0x9bd8c	173	90	0x8b334	5	2
tail	0x9a46b	165	121	0x91379	5	1
tail	0x9cf2f	179	64	0x85059	5	1
tail	0xa1936	202,203	148	0x96b6e	5	1
tail	0x7e7ca	28	348	0xc0d7d	5	1
tail	0xb593d	292	322	0xbb3c9	5	1
tail	0xbb6e3	321,322	83	0x8947b	5	1
tail	0x859f9	66	186	0x9dcae	5	1
tail	0xb360f	282	66	0x855ff	5	1
tail	0x859f9	66	74	0x86d43	5	1
tail	0x873fa	74	352	0xc1ec4	5	1
tail	0x922c1	124	148	0x96b6e	5	1
tail	0x7be98	17	90	0x8b334	5	1
tail	0x8b6db	90	74	0x86d43	5	1
tail	0x873fa	74	108	0x8f24b	5	1
tail	0x8b6db	90	140	0x94e5a	5	1
tail	0x9dcab	185	153	0x979ab	5	1
tail	0x97ce3	153	144	0x95887	5	1
tail	0xc0532	345	151	0x97311	5	1
tail	0x9eac9	189	322	0xbb3c9	5	1
tail	0x859f9	66	17	0x7bae9	5	1
tail	0x7be98	17	30	0x7e849	5	1
tail	0xbf886	340	186	0x9dcae	5	1
tail	0x7c308	18	280	0xb2661	5	1
tail	0xc1923	349	322	0xbb3c9	5	1
tail	0x7be98	17	280	0xb2661	5	1
tail	0xb2db4	280	256	0xad849	5	1
tail	0xc0532	345	90	0x8b334	5	1
tail	0x8b6db	90	153	0x979ab	5	1
tail	0x97ce3	153	173	0x9ba74	5	1
tail	0xb837a	307	281	0xb2db6	5	1
tail	0xb593d	292	52	0x833c7	5	1
tail	0xc240d	353,354	196	0x9fbcd	5	2
tail	0xa0068	194,195,196	179	0x9ca8d	4	1
tail	0x9bd8c	173	250	0xac802	4	1
tail	0x8cc7f	98,99	160	0x994cf	4	1
tail	0xb68ff	297	242	0xaa87d	4	1
tail	0xaab67	242	145	0x95b5c	4	1
tail	0x81b7c	43	146	0x96407	4	1
tail	0xbd8ad	332	185	0x9d964	4	1
tail	0xc1d46	350	196	0x9fbcd	4	1
tail	0x992ca	158	311	0xb86f8	4	1
tail	0xbd8ad	332	203	0xa1484	4	1
tail	0x99757	160	254	0xad32c	4	1
tail	0xaeda0	260	337	0xbec0e	4	1
tail	0xc0532	345	3	0x78c77	4	1
tail	0x9170b	121	64	0x85059	4	1
tail	0x99b3a	161	195	0x9fb50	4	1
tail	0xbb8a8	323	169	0x9af18	4	3
tail	0x90893	113,114	254	0xad32c	4	3
tail	0x9d961	184	264	0xaf4cf	4	3
tail	0xc240d	353,354	66	0x855ff	4	3
tail	0xc240d	353,354	172	0x9b68a	4	2
tail	0xbdd16	333	322	0xbb3c9	4	3
tail	0xb68ff	297	128	0x9299b	4	2
tail	0xc240d	353,354	215	0xa4609	4	3
tail	0xae32f	258	239	0xa991e	4	3
tail	0xbcfc5	330	269	0xb045b	4	3
tail	0xc0d7b	347	146	0x96407	4	2
tail	0xc1d46	350	83	0x8947b	4	3
tail	0x9ba72	172	30	0x7e849	4	3
tail	0xb68ff	297	239	0xa991e	4	3
tail	0x7ecd0	29,30	66	0x855ff	4	3
tail	0xb3799	283	273	0xb11ca	4	3
tail	0xa9cf4	239	192	0x9f00a	4	3
tail	0xc0532	345	319	0xba72f	4	3
tail	0xbf886	340	220	0xa522e	4	3
tail	0x90893	113,114	140	0x94e5a	4	3
tail	0xa4a5e	215	92	0x8b8cb	4	4
tail	0x9170b	121	43	0x8173d	4	4
tail	0x9b687	171	203	0xa1484	4	4
tail	0xb68ff	297	300	0xb6c36	4	4
tail	0xc240d	353,354	18	0x7be9b	4	4
tail	0x8536e	64	273	0xb11ca	4	3
tail	0xa062e	198	273	0xb11ca	4	4
tail	0xb1545	273	172	0x9b68a	4	4
tail	0xb837a	307	30	0x7e849	4	4
tail	0x9c3f4	175,176	261	0xaeda2	4	4
tail	0x9af16	168	237	0xa8e1f	4	4
tail	0x7e7ca	28	146	0x96407	4	2
tail	0x96915	146	340	0xbf435	4	4
tail	0x9dcab	185	30	0x7e849	4	4
tail	0x8281e	48	154	0x97ce6	4	4
tail	0x8f6cf	108	350	0xc1926	4	4
tail	0xbd8ad	332	333	0xbd8af	4	4
tail	0x91e7f	123	181	0x9d13f	4	4
tail	0x96915	146	185	0x9d964	4	4
tail	0x992ca	158	264	0xaf4cf	4	4
tail	0xc0d7b	347	320	0xbada5	4	4
tail	0x9eac9	189	3	0x78c77	4	4
tail	0xa062e	198	140	0x94e5a	4	4
tail	0x951c0	139,140	268	0xb0007	4	4
tail	0x8173b	42	169	0x9af18	4	4
tail	0x951c0	139,140	114	0x90319	4	4
tail	0xa9cf4	239	307	0xb8064	4	4
tail	0xc1d46	350	168	0x9aa83	4	1
tail	0x9ba72	172	130	0x931d3	4	1
tail	0x937cd	130	144	0x95887	4	1
tail	0xadbfa	256	302	0xb7586	4	1
tail	0xb7699	302	354	0xc2241	4	1
tail	0xc240d	353,354	258	0xadf2c	4	4
tail	0x99757	160	171	0x9b4b3	4	4
tail	0x9d961	184	195	0x9fb50	4	4
tail	0x90893	113,114	208	0xa2361	4	2
tail	0x95b59	143,144	128	0x9299b	4	4
tail	0xc0532	345	185	0x9d964	4	4
tail	0xbcfc5	330	3	0x78c77	4	4
tail	0xad329	252,253	317	0xba1e2	4	4
tail	0xad329	252,253	168	0x9aa83	4	4
tail	0x922c1	124	203	0xa1484	4	4
tail	0x8eb77	105	281	0xb2db6	4	3
tail	0xad329	252,253	268	0xb0007	4	2
tail	0xc0d7b	347	322	0xbb3c9	4	3
tail	0x8bcec	92	17	0x7bae9	4	4
tail	0xadbfa	256	239	0xa991e	4	3
tail	0x8281e	48	301	0xb708d	4	2
tail	0x9cf2f	179	114	0x90319	4	2
tail	0xa4a5e	215	260	0xae90b	4	3
tail	0xa0068	194,195,196	322	0xbb3c9	4	3
tail	0x9e07a	186	160	0x994cf	4	2
tail	0xc1923	349	215	0xa4609	4	3
tail	0xad329	252,253	281	0xb2db6	4	2
tail	0x92f1f	128	337	0xbec0e	4	2
tail	0xa646d	222	49	0x82820	4	3
tail	0x859f9	66	48	0x82477	4	2
tail	0x9170b	121	330	0xbc9b8	4	4
tail	0xbcfc5	330	185	0x9d964	4	2
tail	0x7be98	17	317	0xba1e2	4	1
tail	0x9170b	121	199	0xa0631	4	2
tail	0xb3125	281	79	0x885b0	4	2
tail	0xb593d	292	281	0xb2db6	4	2
tail	0xb7699	302	165	0x9a24c	4	2
tail	0x9dcab	185	319	0xba72f	4	4
tail	0x9b687	171	154	0x97ce6	4	1
tail	0x8b6db	90	122	0x9170d	4	1
tail	0xaeda0	260	349	0xc140b	4	2
tail	0xa4a5e	215	48	0x82477	4	2
tail	0xb1545	273	269	0xb045b	4	2
tail	0x951c0	139,140	220	0xa522e	4	4
tail	0xb540d	291	154	0x97ce6	4	3
tail	0x951c0	139,140	43	0x8173d	4	2
tail	0x7be98	17	215	0xa4609	4	3
tail	0x951c0	139,140	237	0xa8e1f	4	2
tail	0x9dcab	185	320	0xbada5	4	3
tail	0xb0458	268	222	0xa5f3c	4	1
tail	0x97689	151	144	0x95887	4	1
tail	0x7be98	17	260	0xae90b	4	1
tail	0x8bcec	92	199	0xa0631	4	1
tail	0xb837a	307	186	0x9dcae	4	1
tail	0x8bcec	92	74	0x86d43	4	1
tail	0xae32f	258	121	0x91379	4	1
tail	0xbdd16	333	148	0x96b6e	4	1
tail	0xbb6e3	321,322	18	0x7be9b	4	1
tail	0xb593d	292	74	0x86d43	4	1
tail	0x873fa	74	198	0xa037e	4	1
tail	0xb3125	281	56	0x83e76	4	1
tail	0x841f6	56	108	0x8f24b	4	1
tail	0x96915	146	301	0xb708d	4	2
tail	0xba680	317	292	0xb540f	4	2
tail	0xb68ff	297	105	0x8e6b4	4	3
tail	0xc1923	349	292	0xb540f	4	3
tail	0xbb6e3	321,322	66	0x855ff	4	2
tail	0xc1923	349	307	0xb8064	4	3
tail	0xb68ff	297	330	0xbc9b8	4	2
tail	0x81b7c	43	273	0xb11ca	4	4
tail	0xa4a5e	215	122	0x9170d	4	2
tail	0x9cf2f	179	168	0x9aa83	4	2
tail	0xc0532	345	269	0xb045b	4	2
tail	0xabc56	246	165	0x9a24c	4	2
tail	0x9cf2f	179	28	0x7e390	4	2
tail	0xb3799	283	18	0x7be9b	4	4
tail	0x9a46b	165	196	0x9fbcd	4	4
tail	0x7be98	17	200	0xa0a9e	4	2
tail	0xa1936	202,203	332	0xbd36d	4	4
tail	0xa0dc7	200	151	0x97311	4	1
tail	0xb837a	307	88	0x8aa14	4	1
tail	0x99757	160	253	0xacfb1	4	1
tail	0xa0068	194,195,196	146	0x96407	4	1
tail	0xc21c0	352	30	0x7e849	4	1
tail	0xa4a5e	215	291	0xb4edd	4	1
tail	0x99757	160	30	0x7e849	4	3
tail	0x9ba72	172	49	0x82820	4	4
tail	0x9eac9	189	350	0xc1926	4	4
tail	0x99026	157	301	0xb708d	4	4
tail	0x92f1f	128	258	0xadf2c	4	2
tail	0xb837a	307	48	0x82477	4	2
tail	0x8b6db	90	220	0xa522e	4	3
tail	0x951c0	139,140	330	0xbc9b8	4	3
tail	0xad329	252,253	105	0x8e6b4	4	2
tail	0xb837a	307	260	0xae90b	4	3
tail	0xaeda0	260	330	0xbc9b8	4	2
tail	0xc1ec2	351	239	0xa991e	4	1
tail	0xb360f	282	49	0x82820	4	1
tail	0x90893	113,114	128	0x9299b	4	1
tail	0x8536e	64	336	0xbe8cd	4	1
tail	0xae32f	258	336	0xbe8cd	4	1
tail	0xa1936	202,203	87	0x8a49e	4	1
tail	0x8aa11	87	257	0xadbfd	4	1
tail	0xaeda0	260	267	0xafa1f	4	1
tail	0xb0005	267	144	0x95887	4	1
tail	0xadf29	257	128	0x9299b	4	1
tail	0xad329	252,253	190	0x9eacb	4	1
tail	0xb837a	307	87	0x8a49e	4	1
tail	0x8aa11	87	108	0x8f24b	4	1
tail	0xbb6e3	321,322	268	0xb0007	4	1
tail	0xbf886	340	214	0xa3fe9	4	1
tail	0xa4606	214	257	0xadbfd	4	1
tail	0xc0d7b	347	148	0x96b6e	4	1
tail	0x99026	157	231	0xa799b	4	1
tail	0xa7ef6	231	198	0xa037e	4	1
tail	0xadbfa	256	105	0x8e6b4	4	1
tail	0x8eb77	105	332	0xbd36d	4	1
tail	0x9bd8c	173	208	0xa2361	4	1
tail	0x859f9	66	190	0x9eacb	4	1
tail	0x9ba72	172	74	0x86d43	4	1
tail	0x9dcab	185	105	0x8e6b4	4	1
tail	0xba680	317	345	0xc02e4	4	1
tail	0xb68ff	297	281	0xb2db6	4	1
tail	0x8eb77	105	273	0xb11ca	4	1
tail	0xc0532	345	268	0xb0007	4	4
tail	0xa0a9c	199	349	0xc140b	4	4
tail	0x7be98	17	350	0xc1926	4	3
tail	0x97689	151	160	0x994cf	4	1
tail	0x9cf2f	179	201	0xa0dca	4	1
tail	0xa13d3	201	160	0x994cf	4	1
tail	0x9170b	121	282	0xb3128	4	1
tail	0x99026	157	336	0xbe8cd	4	1
tail	0xc1923	349	350	0xc1926	4	1
tail	0xb68ff	297	88	0x8aa14	4	1
tail	0xa646d	222	185	0x9d964	4	1
tail	0x8536e	64	190	0x9eacb	4	1
tail	0x9ede7	190	144	0x95887	4	1
tail	0x980a9	154	282	0xb3128	4	1
tail	0x8bcec	92	348	0xc0d7d	4	1
tail	0x7c308	18	336	0xbe8cd	4	1
tail	0xbec0b	336	352	0xc1ec4	4	1
tail	0xa0068	194,195,196	87	0x8a49e	4	1
tail	0x8aa11	87	256	0xad849	4	1
tail	0x9170b	121	36	0x800a1	4	1
tail	0x80682	36	108	0x8f24b	4	1
tail	0x7c308	18	151	0x97311	4	1
tail	0xa9cf4	239	313	0xb8b42	4	1
tail	0xb8fcc	313	352	0xc1ec4	4	1
tail	0x7c308	18	13	0x7aee8	4	1
tail	0x7b3bb	13	256	0xad849	4	1
tail	0x90893	113,114	146	0x96407	4	1
tail	0xbf886	340	148	0x96b6e	4	1
tail	0x96eb1	148	108	0x8f24b	4	1
tail	0xb708a	299,300	221	0xa5889	4	1
tail	0xa5f3a	221	256	0xad849	4	1
tail	0x99757	160	105	0x8e6b4	4	1
tail	0x8eb77	105	121	0x91379	4	1
tail	0x9170b	121	349	0xc140b	4	1
tail	0x9cf2f	179	196	0x9fbcd	4	1
tail	0x8536e	64	148	0x96b6e	4	1
tail	0xb837a	307	131	0x937d0	4	1
tail	0xb68ff	297	208	0xa2361	4	1
tail	0xb708a	299,300	92	0x8b8cb	4	1
tail	0x8bcec	92	49	0x82820	4	1
tail	0x8281e	48	200	0xa0a9e	4	1
tail	0xb1545	273	292	0xb540f	4	2
tail	0x81b7c	43	260	0xae90b	4	2
tail	0x8eb77	105	345	0xc02e4	4	2
tail	0xc0532	345	281	0xb2db6	4	2
tail	0xb540d	291	350	0xc1926	4	2
tail	0x93f76	131	160	0x994cf	4	2
tail	0xae32f	258	148	0x96b6e	4	1
tail	0xbd8ad	332	37	0x80685	4	1
tail	0xc0d7b	347	280	0xb2661	4	1
tail	0xb2db4	280	173	0x9ba74	4	1
tail	0xb3125	281	254	0xad32c	4	1
tail	0xad766	254	301	0xb708d	4	1
tail	0xad329	252,253	203	0xa1484	4	1
tail	0x7be98	17	349	0xc140b	4	1
tail	0xc0532	345	333	0xbd8af	4	3
tail	0xa4df4	216,217	108	0x8f24b	4	2
tail	0xa646d	222	215	0xa4609	4	1
tail	0x9ba72	172	148	0x96b6e	4	1
tail	0x96915	146	64	0x85059	4	1
tail	0xbcfc5	330	237	0xa8e1f	4	1
tail	0xbcfc5	330	28	0x7e390	4	1
tail	0x951c0	139,140	336	0xbe8cd	4	1
tail	0xa2933	208	280	0xb2661	4	1
tail	0xb2db4	280	160	0x994cf	4	1
tail	0x9ba72	172	222	0xa5f3c	4	1
tail	0xa646d	222	64	0x85059	4	1
tail	0xa0a9c	199	151	0x97311	4	1
tail	0x97689	151	352	0xc1ec4	4	1
tail	0xc21c0	352	350	0xc1926	4	1
tail	0x8eb77	105	199	0xa0631	4	1
tail	0xb3125	281	131	0x937d0	4	1
tail	0xa0dc7	200	336	0xbe8cd	4	1
tail	0xbec0b	336	198	0xa037e	4	1
tail	0xbdd16	333	30	0x7e849	4	1
tail	0x8bcec	92	154	0x97ce6	4	1
tail	0xa13d3	201	144	0x95887	4	1
tail	0xb3125	281	359	0xc3406	4	1
tail	0xc3716	359	108	0x8f24b	4	1
tail	0xa9cf4	239	317	0xba1e2	4	1
tail	0x7e7ca	28	122	0x9170d	4	1
tail	0x980a9	154	43	0x8173d	3	2
tail	0x9170b	121	18	0x7be9b	3	2
tail	0xaeda0	260	49	0x82820	3	2
tail	0xa646d	222	18	0x7be9b	3	2
tail	0xa2933	208	83	0x8947b	3	2
tail	0xadbfa	256	154	0x97ce6	3	2
tail	0x9d961	184	95	0x8c41c	3	2
tail	0xc1ec2	351	307	0xb8064	3	2
tail	0xa062e	198	222	0xa5f3c	3	2
tail	0xadbfa	256	128	0x9299b	3	2
tail	0xbb6e3	321,322	43	0x8173d	3	2
tail	0x95b59	143,144	248	0xac110	3	2
tail	0xc21c0	352	281	0xb2db6	3	2
tail	0xb1545	273	114	0x90319	3	2
tail	0x9d961	184	278	0xb2342	3	2
tail	0xa9cf4	239	301	0xb708d	3	2
tail	0xc0532	345	337	0xbec0e	3	2
tail	0xaeda0	260	269	0xb045b	3	2
tail	0xc1d46	350	18	0x7be9b	3	2
tail	0x9170b	121	347	0xc088d	3	2
tail	0x9af16	168	49	0x82820	3	2
tail	0xc1d46	350	49	0x82820	3	2
tail	0xba680	317	121	0x91379	3	2
tail	0x951c0	139,140	269	0xb045b	3	2
tail	0xbcfc5	330	49	0x82820	3	3
tail	0xaeda0	260	66	0x855ff	3	3
tail	0xb625a	295	300	0xb6c36	3	3
tail	0x9170b	121	269	0xb045b	3	3
tail	0xad329	252,253	172	0x9b68a	3	3
tail	0xbd8ad	332	199	0xa0631	3	3
tail	0x980a9	154	28	0x7e390	3	3
tail	0xb68ff	297	254	0xad32c	3	3
tail	0x99b3a	161	278	0xb2342	3	3
tail	0x8129b	40	28	0x7e390	3	3
tail	0xba680	317	48	0x82477	3	3
tail	0xb68ff	297	222	0xa5f3c	3	2
tail	0xaeeff	261	28	0x7e390	3	3
tail	0x8536e	64	222	0xa5f3c	3	3
tail	0x7ecd0	29,30	220	0xa522e	3	3
tail	0xc1ec2	351	347	0xc088d	3	3
tail	0xc1d46	350	347	0xc088d	3	2
tail	0xad766	254	157	0x98a9a	3	3
tail	0x95b59	143,144	354	0xc2241	3	3
tail	0xabc56	246	354	0xc2241	3	3
tail	0xb1545	273	268	0xb0007	3	3
tail	0xad329	252,253	220	0xa522e	3	3
tail	0x8173b	42	310	0xb8556	3	3
tail	0xc240d	353,354	337	0xbec0e	3	3
tail	0xb625a	295	165	0x9a24c	3	3
tail	0x980a9	154	199	0xa0631	3	2
tail	0x9d24a	181	185	0x9d964	3	3
tail	0xb3799	283	66	0x855ff	3	3
tail	0xb837a	307	237	0xa8e1f	3	2
tail	0x87c25	75	354	0xc2241	3	3
tail	0xb68ff	297	332	0xbd36d	3	3
tail	0xadbfa	256	196	0x9fbcd	3	3
tail	0x7ecd0	29,30	168	0x9aa83	3	3
tail	0xc1ec2	351	114	0x90319	3	3
tail	0x99757	160	282	0xb3128	3	3
tail	0xa0a9c	199	291	0xb4edd	3	2
tail	0x8b6db	90	199	0xa0631	3	3
tail	0x7ecd0	29,30	90	0x8b334	3	2
tail	0xa0a9c	199	105	0x8e6b4	3	2
tail	0xad766	254	291	0xb4edd	3	2
tail	0x96915	146	268	0xb0007	3	2
tail	0x8b8c9	91	157	0x98a9a	3	2
tail	0x9eac9	189	222	0xa5f3c	3	2
tail	0xa1936	202,203	140	0x94e5a	3	3
tail	0x9dcab	185	281	0xb2db6	3	2
tail	0x99757	160	354	0xc2241	3	3
tail	0x9af16	168	179	0x9ca8d	3	2
tail	0xb708a	299,300	90	0x8b334	3	2
tail	0xb708a	299,300	349	0xc140b	3	2
tail	0x7be98	17	253	0xacfb1	3	2
tail	0x980a9	154	330	0xbc9b8	3	3
tail	0xb708a	299,300	79	0x885b0	3	3
tail	0x9170b	121	237	0xa8e1f	3	1
tail	0xa2933	208	118	0x90c23	3	1
tail	0x90eb9	118	172	0x9b68a	3	1
tail	0xa4df4	216,217	173	0x9ba74	3	1
tail	0xa1936	202,203	94	0x8bd69	3	1
tail	0x8c41a	93,94	160	0x994cf	3	1
tail	0xc1d46	350	28	0x7e390	3	1
tail	0xbd8ad	332	281	0xb2db6	3	1
tail	0x7be98	17	336	0xbe8cd	3	1
tail	0xb3125	281	237	0xa8e1f	3	1
tail	0x9634f	145	354	0xc2241	3	3
tail	0xbdd16	333	260	0xae90b	3	3
tail	0x7e7ca	28	70	0x8610e	3	3
tail	0x8f6cf	108	222	0xa5f3c	3	2
tail	0xa0dc7	200	220	0xa522e	3	3
tail	0xa4a5e	215	140	0x94e5a	3	2
tail	0x8bcec	92	105	0x8e6b4	3	2
tail	0x8f6cf	108	349	0xc140b	3	2
tail	0xc0532	345	105	0x8e6b4	3	2
tail	0xb837a	307	79	0x885b0	3	3
tail	0xb540d	291	273	0xb11ca	3	2
tail	0xb1545	273	185	0x9d964	3	3
tail	0xb360f	282	28	0x7e390	3	3
tail	0xa062e	198	179	0x9ca8d	3	1
tail	0x859f9	66	222	0xa5f3c	3	1
tail	0xa646d	222	196	0x9fbcd	3	1
tail	0x8f6cf	108	250	0xac802	3	1
tail	0xacbc3	250	196	0x9fbcd	3	1
tail	0x9cf2f	179	99	0x8c99a	3	1
tail	0xb837a	307	208	0xa2361	3	1
tail	0xa4a5e	215	88	0x8aa14	3	1
tail	0x8b6db	90	18	0x7be9b	3	1
tail	0x8281e	48	186	0x9dcae	3	1
tail	0x9e07a	186	173	0x9ba74	3	1
tail	0x99026	157	237	0xa8e1f	3	1
tail	0x8bcec	92	319	0xba72f	3	1
tail	0x90c21	116,117	171	0x9b4b3	3	1
tail	0xc240d	353,354	254	0xad32c	3	3
tail	0x859f9	66	291	0xb4edd	3	2
tail	0xbdd16	333	253	0xacfb1	3	3
tail	0xad329	252,253	157	0x98a9a	3	3
tail	0xb837a	307	140	0x94e5a	3	3
tail	0xadf29	257	300	0xb6c36	3	3
tail	0x9dcab	185	148	0x96b6e	3	1
tail	0x96eb1	148	257	0xadbfd	3	1
tail	0x8536e	64	208	0xa2361	3	1
tail	0xa2933	208	196	0x9fbcd	3	1
tail	0xa062e	198	146	0x96407	3	1
tail	0x8536e	64	348	0xc0d7d	3	1
tail	0xc1409	348	198	0xa037e	3	1
tail	0xb708a	299,300	237	0xa8e1f	3	1
tail	0xb3125	281	154	0x97ce6	3	1
tail	0xa0a9c	199	90	0x8b334	3	1
tail	0x8b6db	90	200	0xa0a9e	3	1
tail	0x8eb77	105	319	0xba72f	3	1
tail	0xb3125	281	17	0x7bae9	3	2
tail	0xa1936	202,203	345	0xc02e4	3	3
tail	0xc0532	345	282	0xb3128	3	1
tail	0x7c308	18	122	0x9170d	3	1
tail	0xa062e	198	322	0xbb3c9	3	2
tail	0x980a9	154	347	0xc088d	3	3
tail	0x81b7c	43	319	0xba72f	3	3
tail	0xa0068	194,195,196	332	0xbd36d	3	3
tail	0xc21c0	352	332	0xbd36d	3	3
tail	0x8eb77	105	200	0xa0a9e	3	1
tail	0x859f9	66	317	0xba1e2	3	1
tail	0x8bcec	92	253	0xacfb1	3	1
tail	0xb837a	307	282	0xb3128	3	1
tail	0xb360f	282	52	0x833c7	3	1
tail	0xadf29	257	17	0x7bae9	3	1
tail	0x7be98	17	307	0xb8064	3	1
tail	0xb837a	307	349	0xc140b	3	1
tail	0x99757	160	165	0x9a24c	3	1
tail	0xa4a5e	215	331	0xbcfc8	3	1
tail	0xbd36a	331	99	0x8c99a	3	1
tail	0x8cc7f	98,99	108	0x8f24b	3	1
tail	0xb540d	291	297	0xb64d7	3	3
tail	0xa0a9c	199	208	0xa2361	3	2
tail	0xad329	252,253	196	0x9fbcd	3	3
tail	0x9a46b	165	172	0x9b68a	3	3
tail	0x7ecd0	29,30	28	0x7e390	3	3
tail	0x7e7ca	28	282	0xb3128	3	2
tail	0xb708a	299,300	199	0xa0631	3	2
tail	0xb7699	302	171	0x9b4b3	3	2
tail	0xbf886	340	37	0x80685	3	2
tail	0x7be98	17	66	0x855ff	3	3
tail	0xad329	252,253	330	0xbc9b8	3	3
tail	0xb540d	291	220	0xa522e	3	2
tail	0xbcfc5	330	83	0x8947b	3	3
tail	0xb3125	281	307	0xb8064	3	3
tail	0xa0068	194,195,196	320	0xbada5	3	3
tail	0xbb6e3	321,322	199	0xa0631	3	3
tail	0xbcfc5	330	79	0x885b0	3	3
tail	0xb1545	273	297	0xb64d7	3	2
tail	0xc1923	349	200	0xa0a9e	3	3
tail	0xb593d	292	28	0x7e390	3	2
tail	0x8281e	48	199	0xa0631	3	3
tail	0xc1923	349	3	0x78c77	3	2
tail	0xa062e	198	208	0xa2361	3	2
tail	0xb68ff	297	154	0x97ce6	3	3
tail	0x92f1f	128	269	0xb045b	3	2
tail	0x9ba72	172	208	0xa2361	3	2
tail	0x95b59	143,144	291	0xb4edd	3	2
tail	0xb3125	281	357	0xc29cf	3	1
tail	0xc2d35	356,357	352	0xc1ec4	3	1
tail	0x922c1	124	292	0xb540f	3	1
tail	0x9ba72	172	320	0xbada5	3	2
tail	0x99757	160	281	0xb2db6	3	1
tail	0xb3125	281	253	0xacfb1	3	1
tail	0x8eb77	105	185	0x9d964	3	1
tail	0xa062e	198	128	0x9299b	3	2
tail	0x859f9	66	281	0xb2db6	3	2
tail	0xa0a9c	199	292	0xb540f	3	3
tail	0xc240d	353,354	322	0xbb3c9	3	1
tail	0x91e7f	123	321	0xbb1dd	3	1
tail	0x922c1	124	48	0x82477	3	1
tail	0xb540d	291	357	0xc29cf	3	1
tail	0xc2d35	356,357	144	0x95887	3	1
tail	0xbcfc5	330	253	0xacfb1	3	1
tail	0xbdd16	333	146	0x96407	3	2
tail	0x859f9	66	52	0x833c7	3	1
tail	0xb593d	292	3	0x78c77	3	2
tail	0x9b687	171	30	0x7e849	3	1
tail	0x951c0	139,140	281	0xb2db6	3	1
tail	0xa0dc7	200	190	0x9eacb	3	1
tail	0x9af16	168	94	0x8bd69	3	1
tail	0x8c41a	93,94	144	0x95887	3	1
tail	0x90893	113,114	179	0x9ca8d	3	1
tail	0x9cf2f	179	269	0xb045b	3	1
tail	0x9170b	121	291	0xb4edd	3	1
tail	0x8281e	48	49	0x82820	3	1
tail	0x8f6cf	108	105	0x8e6b4	3	1
tail	0x8eb77	105	253	0xacfb1	3	1
tail	0xa646d	222	347	0xc088d	3	1
tail	0x95b59	143,144	266	0xaf8af	3	1
tail	0xad766	254	172	0x9b68a	2	1
tail	0xad766	254	185	0x9d964	2	1
tail	0xb625a	295	189	0x9e7af	2	1
tail	0x951c0	139,140	333	0xbd8af	2	1
tail	0xc1ec2	351	300	0xb6c36	2	1
tail	0xb625a	295	254	0xad32c	2	1
tail	0x99757	160	222	0xa5f3c	2	1
tail	0x9eac9	189	49	0x82820	2	1
tail	0xa0068	194,195,196	200	0xa0a9e	2	1
tail	0x7c308	18	208	0xa2361	2	1
tail	0x980a9	154	157	0x98a9a	2	1
tail	0x855fc	65	199	0xa0631	2	1
tail	0xac43d	248	189	0x9e7af	2	1
tail	0x7ecd0	29,30	18	0x7be9b	2	1
tail	0xc0532	345	49	0x82820	2	1
tail	0xa0dc7	200	269	0xb045b	2	1
tail	0x855fc	65	43	0x8173d	2	1
tail	0xad766	254	220	0xa522e	2	1
tail	0x9ba72	172	146	0x96407	2	1
tail	0x96915	146	269	0xb045b	2	1
tail	0xb3125	281	300	0xb6c36	2	1
tail	0xbf126	337	222	0xa5f3c	2	1
tail	0x99757	160	62	0x84aa3	2	1
tail	0xadf29	257	248	0xac110	2	1
tail	0xac43d	248	157	0x98a9a	2	1
tail	0x9dcab	185	128	0x9299b	2	1
tail	0x8a49b	86	169	0x9af18	2	2
tail	0x9b687	171	172	0x9b68a	2	2
tail	0xb3799	283	297	0xb64d7	2	2
tail	0xbf126	337	146	0x96407	2	2
tail	0xbd8ad	332	49	0x82820	2	2
tail	0xc1ec2	351	260	0xae90b	2	2
tail	0x91067	119	66	0x855ff	2	2
tail	0xc1ec2	351	273	0xb11ca	2	2
tail	0x951c0	139,140	48	0x82477	2	2
tail	0xadf29	257	146	0x96407	2	2
tail	0x99757	160	308	0xb837c	2	2
tail	0x91e7f	123	278	0xb2342	2	2
tail	0xb3799	283	172	0x9b68a	2	2
tail	0x91a57	122	334	0xbdd18	2	2
tail	0x92f1f	128	340	0xbf435	2	2
tail	0x9b687	171	347	0xc088d	2	2
tail	0x8bcec	92	301	0xb708d	2	2
tail	0xb0458	268	121	0x91379	2	2
tail	0xc1d46	350	307	0xb8064	2	2
tail	0xbb6e3	321,322	297	0xb64d7	2	2
tail	0xaeda0	260	157	0x98a9a	2	2
tail	0x859f9	66	146	0x96407	2	2
tail	0xb3799	283	347	0xc088d	2	2
tail	0xa2933	208	215	0xa4609	2	2
tail	0x8281e	48	350	0xc1926	2	2
tail	0x9ba72	172	253	0xacfb1	2	2
tail	0x9170b	121	268	0xb0007	2	2
tail	0x7ecd0	29,30	297	0xb64d7	2	2
tail	0xb625a	295	121	0x91379	2	2
tail	0x8536e	64	30	0x7e849	2	2
tail	0xb1545	273	157	0x98a9a	2	2
tail	0xba680	317	199	0xa0631	2	2
tail	0x8eb77	105	83	0x8947b	2	2
tail	0xb708a	299,300	43	0x8173d	2	2
tail	0xbe55b	334	354	0xc2241	2	2
tail	0xc1d46	350	301	0xb708d	2	2
tail	0xb3799	283	340	0xbf435	2	2
tail	0xc1923	349	66	0x855ff	2	2
tail	0xb68ff	297	146	0x96407	2	2
tail	0xaeda0	260	199	0xa0631	2	2
tail	0xb0458	268	322	0xbb3c9	2	2
tail	0x92f1f	128	189	0x9e7af	2	2
tail	0xaeeff	261	64	0x85059	2	2
tail	0x8371b	52	28	0x7e390	2	2
tail	0x992ca	158	321	0xbb1dd	2	2
tail	0xb625a	295	215	0xa4609	2	2
tail	0xa646d	222	168	0x9aa83	2	2
tail	0xaeda0	260	185	0x9d964	2	2
tail	0xbd8ad	332	83	0x8947b	2	2
tail	0xb708a	299,300	307	0xb8064	2	2
tail	0x91e7f	123	356	0xc291a	2	2
tail	0xa0dc7	200	70	0x8610e	2	2
tail	0xb0458	268	269	0xb045b	2	2
tail	0xb625a	295	337	0xbec0e	2	2
tail	0xb708a	299,300	157	0x98a9a	2	2
tail	0x81b7c	43	121	0x91379	2	2
tail	0xc1d46	350	269	0xb045b	2	2
tail	0xaab67	242	210	0xa2da3	2	2
tail	0xa35dd	210	165	0x9a24c	2	2
tail	0xbd8ad	332	168	0x9aa83	2	2
tail	0x7ecd0	29,30	3	0x78c77	2	2
tail	0xadbfa	256	92	0x8b8cb	2	2
tail	0x931d0	129	217	0xa4b11	2	2
tail	0xad329	252,253	269	0xb045b	2	2
tail	0xc21c0	352	90	0x8b334	2	2
tail	0x8281e	48	185	0x9d964	2	2
tail	0x922c1	124	3	0x78c77	2	2
tail	0xadbfa	256	30	0x7e849	2	2
tail	0xbdd16	333	237	0xa8e1f	2	2
tail	0xc21c0	352	254	0xad32c	2	2
tail	0x951c0	139,140	292	0xb540f	2	2
tail	0xbd8ad	332	64	0x85059	2	2
tail	0x92f1f	128	114	0x90319	2	2
tail	0xba680	317	301	0xb708d	2	2
tail	0xa9cf4	239	347	0xc088d	2	2
tail	0xbb6e3	321,322	291	0xb4edd	2	2
tail	0x99757	160	300	0xb6c36	2	2
tail	0x8536e	64	192	0x9f00a	2	2
tail	0x90893	113,114	186	0x9dcae	2	1
tail	0x9e07a	186	198	0xa037e	2	1
tail	0x9ba72	172	280	0xb2661	2	1
tail	0x8281e	48	83	0x8947b	2	1
tail	0xbf126	337	30	0x7e849	2	1
tail	0xa1936	202,203	151	0x97311	2	1
tail	0xb593d	292	348	0xc0d7d	2	1
tail	0x7c308	18	186	0x9dcae	2	1
tail	0xb360f	282	348	0xc0d7d	2	1
tail	0x859f9	66	136	0x9461b	2	1
tail	0x94970	136	198	0xa037e	2	1
tail	0xa0a9c	199	17	0x7bae9	2	1
tail	0xb3125	281	122	0x9170d	2	1
tail	0xa062e	198	92	0x8b8cb	2	2
tail	0xbcfc5	330	220	0xa522e	2	2
tail	0xa1936	202,203	49	0x82820	2	2
tail	0x8b6db	90	297	0xb64d7	2	2
tail	0x9ba72	172	300	0xb6c36	2	2
tail	0x9170b	121	281	0xb2db6	2	2
tail	0xb3125	281	83	0x8947b	2	2
tail	0xc21c0	352	291	0xb4edd	2	2
tail	0xbcfc5	330	307	0xb8064	2	2
tail	0xadbfa	256	322	0xbb3c9	2	2
tail	0xbcfc5	330	92	0x8b8cb	2	2
tail	0xa0dc7	200	330	0xbc9b8	2	2
tail	0xadbfa	256	165	0x9a24c	2	2
tail	0x8eb77	105	92	0x8b8cb	2	2
tail	0xc21c0	352	273	0xb11ca	2	2
tail	0x8f6cf	108	300	0xb6c36	2	2
tail	0xb360f	282	83	0x8947b	2	2
tail	0x8bcec	92	66	0x855ff	2	2
tail	0x859f9	66	30	0x7e849	2	2
tail	0xb593d	292	200	0xa0a9e	2	2
tail	0xa062e	198	165	0x9a24c	2	2
tail	0x9c3f4	175,176	69	0x85f24	2	1
tail	0xc0d7b	347	237	0xa8e1f	2	1
tail	0xad766	254	92	0x8b8cb	2	1
tail	0x9af16	168	31	0x7ecd2	2	1
tail	0x7efa6	31	352	0xc1ec4	2	1
tail	0x8eb77	105	66	0x855ff	2	2
tail	0x95b59	143,144	349	0xc140b	2	2
tail	0xb593d	292	140	0x94e5a	2	2
tail	0x951c0	139,140	92	0x8b8cb	2	2
tail	0xa35dd	210	354	0xc2241	2	2
tail	0x99757	160	349	0xc140b	2	2
tail	0xb0458	268	237	0xa8e1f	2	2
tail	0xa0dc7	200	28	0x7e390	2	2
tail	0x8f6cf	108	65	0x85371	2	2
tail	0xb625a	295	168	0x9aa83	2	2
tail	0xc1923	349	121	0x91379	2	2
tail	0xadf29	257	62	0x84aa3	2	2
tail	0x9af16	168	260	0xae90b	2	2
tail	0x9af16	168	154	0x97ce6	2	2
tail	0x90893	113,114	320	0xbada5	2	2
tail	0xb1545	273	189	0x9e7af	2	2
tail	0xb1545	273	340	0xbf435	2	2
tail	0x992ca	158	356	0xc291a	2	2
tail	0xb360f	282	200	0xa0a9e	2	2
tail	0xbe55b	334	171	0x9b4b3	2	2
dispatch	0xc80b9		42	0x815ea	2	2
tail	0xa062e	198	62	0x84aa3	2	2
tail	0xb360f	282	300	0xb6c36	2	2
tail	0x8281e	48	220	0xa522e	2	2
tail	0xbcfc5	330	90	0x8b334	2	2
tail	0x8b6db	90	215	0xa4609	2	2
tail	0xadf29	257	171	0x9b4b3	2	2
tail	0xba680	317	297	0xb64d7	2	2
tail	0xa4a5e	215	349	0xc140b	2	2
tail	0xadbfa	256	354	0xc2241	2	2
tail	0x9170b	121	333	0xbd8af	2	1
tail	0xae32f	258	82	0x8920e	2	1
tail	0x89478	82	307	0xb8064	2	1
tail	0x9af16	168	208	0xa2361	2	1
tail	0xa2933	208	99	0x8c99a	2	1
tail	0xa0a9c	199	128	0x9299b	2	1
tail	0x8f6cf	108	322	0xbb3c9	2	1
tail	0xbb6e3	321,322	349	0xc140b	2	1
tail	0xb837a	307	292	0xb540f	2	1
tail	0xb593d	292	220	0xa522e	2	1
tail	0xc1923	349	336	0xbe8cd	2	1
tail	0xbec0b	336	173	0x9ba74	2	1
tail	0xadbfa	256	308	0xb837c	2	1
tail	0xaeda0	260	168	0x9aa83	2	2
tail	0xc240d	353,354	333	0xbd8af	2	2
tail	0xbb6e3	321,322	172	0x9b68a	2	2
tail	0x8f6cf	108	292	0xb540f	2	2
tail	0x99757	160	317	0xba1e2	2	2
tail	0xb68ff	297	253	0xacfb1	2	2
tail	0x9ba72	172	345	0xc02e4	2	2
tail	0xc1ec2	351	215	0xa4609	2	2
tail	0xc21c0	352	354	0xc2241	2	2
tail	0xa4a5e	215	332	0xbd36d	2	2
tail	0xa1936	202,203	154	0x97ce6	2	2
tail	0x9c3f4	175,176	299	0xb6bba	2	2
tail	0xbb6e3	321,322	301	0xb708d	2	2
tail	0xa0dc7	200	281	0xb2db6	2	2
tail	0xb3125	281	215	0xa4609	2	2
tail	0xba680	317	300	0xb6c36	2	2
tail	0x8bcec	92	79	0x885b0	2	2
tail	0x92f1f	128	43	0x8173d	2	2
tail	0x8536e	64	154	0x97ce6	2	2
tail	0xb1545	273	83	0x8947b	2	2
tail	0xc21c0	352	282	0xb3128	2	2
tail	0xb360f	282	297	0xb64d7	2	2
tail	0xbd8ad	332	268	0xb0007	2	2
tail	0xb360f	282	349	0xc140b	2	2
tail	0xc1923	349	83	0x8947b	2	2
tail	0xa062e	198	171	0x9b4b3	2	2
tail	0x7ecd0	29,30	258	0xadf2c	2	2
tail	0x8281e	48	79	0x885b0	2	2
tail	0xb360f	282	307	0xb8064	2	2
tail	0xba680	317	215	0xa4609	2	2
tail	0x95b59	143,144	17	0x7bae9	2	2
tail	0x8eb77	105	28	0x7e390	2	2
tail	0xbcfc5	330	301	0xb708d	2	2
tail	0xadf29	257	349	0xc140b	2	2
tail	0x8eb77	105	301	0xb708d	2	2
tail	0xb593d	292	79	0x885b0	2	2
tail	0xc1923	349	185	0x9d964	2	2
tail	0xa4a5e	215	192	0x9f00a	2	2
tail	0xa1936	202,203	273	0xb11ca	2	2
tail	0x8129b	40	347	0xc088d	2	2
tail	0xaeda0	260	307	0xb8064	2	2
tail	0x8536e	64	70	0x8610e	2	2
tail	0xa0dc7	200	349	0xc140b	2	2
tail	0xc0532	345	199	0xa0631	2	2
tail	0xbd8ad	332	220	0xa522e	2	2
tail	0xae32f	258	99	0x8c99a	2	2
tail	0x8cc7f	98,99	144	0x95887	2	2
tail	0x8129b	40	258	0xadf2c	2	2
tail	0x9dcab	185	200	0xa0a9e	2	2
tail	0x7c308	18	330	0xbc9b8	2	2
tail	0x8b6db	90	17	0x7bae9	2	2
tail	0x8b6db	90	83	0x8947b	2	2
tail	0xabc56	246	171	0x9b4b3	2	2
tail	0xb1545	273	301	0xb708d	2	2
tail	0x7be98	17	199	0xa0631	2	2
tail	0x89478	82	217	0xa4b11	2	2
tail	0x92612	125	246	0xab427	2	2
tail	0xba680	317	322	0xbb3c9	2	2
tail	0xc240d	353,354	273	0xb11ca	2	2
tail	0x9d961	184	311	0xb86f8	2	2
tail	0x99757	160	208	0xa2361	2	2
tail	0xbf886	340	222	0xa5f3c	2	2
tail	0x9dcab	185	208	0xa2361	2	2
tail	0xc0532	345	148	0x96b6e	2	1
tail	0x96915	146	88	0x8aa14	2	1
tail	0xadf29	257	254	0xad32c	2	1
tail	0x7e7ca	28	186	0x9dcae	2	1
tail	0x9e07a	186	256	0xad849	2	1
tail	0xba680	317	307	0xb8064	2	1
tail	0xb837a	307	17	0x7bae9	2	1
tail	0xc1d46	350	201	0xa0dca	2	1
tail	0xa0a9c	199	148	0x96b6e	2	1
tail	0xb3125	281	201	0xa0dca	2	1
tail	0xa13d3	201	198	0xa037e	2	1
tail	0xb540d	291	56	0x83e76	2	1
tail	0x841f6	56	160	0x994cf	2	1
tail	0xb3125	281	140	0x94e5a	2	1
tail	0xa13d3	201	257	0xadbfd	2	2
tail	0xb593d	292	215	0xa4609	2	2
tail	0x9170b	121	340	0xbf435	2	2
tail	0x8f6cf	108	354	0xc2241	2	2
tail	0x980a9	154	237	0xa8e1f	2	1
tail	0x92f1f	128	79	0x885b0	2	1
tail	0xa1936	202,203	322	0xbb3c9	2	1
tail	0xb68ff	297	280	0xb2661	2	1
tail	0xa646d	222	199	0xa0631	2	1
tail	0xadbfa	256	330	0xbc9b8	2	1
tail	0xbcfc5	330	297	0xb64d7	2	1
tail	0xc1d46	350	349	0xc140b	2	1
tail	0x99757	160	117	0x90acd	2	1
tail	0x7c308	18	82	0x8920e	2	1
tail	0x89478	82	168	0x9aa83	2	1
tail	0x92f1f	128	99	0x8c99a	2	1
tail	0x8cc7f	98,99	257	0xadbfd	2	1
tail	0x96915	146	18	0x7be9b	2	1
tail	0x9ba72	172	131	0x937d0	2	1
tail	0xc1d46	350	70	0x8610e	2	1
tail	0xc1d46	350	330	0xbc9b8	2	1
tail	0xc1923	349	301	0xb708d	2	1
tail	0xbcfc5	330	345	0xc02e4	2	1
tail	0x8281e	48	124	0x91e81	2	1
tail	0x8b6db	90	70	0x8610e	2	1
tail	0xb708a	299,300	18	0x7be9b	2	2
tail	0x8bcec	92	297	0xb64d7	2	2
tail	0xa0dc7	200	172	0x9b68a	2	2
tail	0xbcfc5	330	154	0x97ce6	2	2
tail	0x9eac9	189	128	0x9299b	2	1
tail	0xbf126	337	190	0x9eacb	2	1
tail	0xb0458	268	88	0x8aa14	2	1
tail	0x8b026	88	108	0x8f24b	2	1
tail	0x8eb77	105	49	0x82820	2	2
tail	0x980a9	154	70	0x8610e	2	1
tail	0x7c308	18	118	0x90c23	2	1
tail	0x90eb9	118	208	0xa2361	2	1
tail	0xbf886	340	217	0xa4b11	2	1
tail	0xb837a	307	37	0x80685	2	1
tail	0xbf126	337	131	0x937d0	2	1
tail	0xb837a	307	128	0x9299b	2	1
tail	0xa2933	208	347	0xc088d	2	1
tail	0xb360f	282	273	0xb11ca	2	1
tail	0xb1545	273	90	0x8b334	2	1
tail	0xb3125	281	336	0xbe8cd	2	1
tail	0xb540d	291	124	0x91e81	2	1
tail	0x8eb77	105	192	0x9f00a	2	1
tail	0xb3125	281	297	0xb64d7	2	2
tail	0x9170b	121	172	0x9b68a	2	1
tail	0x95b59	143,144	129	0x92f21	2	1
tail	0x931d0	129	199	0xa0631	2	1
tail	0xa1936	202,203	208	0xa2361	2	1
tail	0xa2933	208	189	0x9e7af	2	1
tail	0x9eac9	189	348	0xc0d7d	2	1
tail	0xa4a5e	215	336	0xbe8cd	2	1
tail	0xb360f	282	317	0xba1e2	2	1
tail	0x9170b	121	3	0x78c77	2	2
tail	0xaeda0	260	220	0xa522e	2	2
tail	0xad766	254	340	0xbf435	2	2
tail	0x8bcec	92	330	0xbc9b8	1	1
tail	0xb708a	299,300	114	0x90319	1	1
tail	0x859f9	66	322	0xbb3c9	1	1
tail	0xbb6e3	321,322	258	0xadf2c	1	1
tail	0x99757	160	121	0x91379	1	1
tail	0xb625a	295	347	0xc088d	1	1
tail	0xa0dc7	200	48	0x82477	1	1
tail	0xb540d	291	122	0x9170d	1	1
tail	0xc1d46	350	340	0xbf435	1	1
tail	0x9ba72	172	179	0x9ca8d	1	1
tail	0xc0d7b	347	49	0x82820	1	1
tail	0xb3799	283	332	0xbd36d	1	1
tail	0x96915	146	203	0xa1484	1	1
tail	0x7ecd0	29,30	64	0x85059	1	1
tail	0x99026	157	208	0xa2361	1	1
tail	0x980a9	154	340	0xbf435	1	1
tail	0xc1ec2	351	268	0xb0007	1	1
tail	0xaeeff	261	340	0xbf435	1	1
tail	0x7ca96	20	264	0xaf4cf	1	1
tail	0xad766	254	268	0xb0007	1	1
tail	0x7e7ca	28	129	0x92f21	1	1
tail	0x931d0	129	172	0x9b68a	1	1
tail	0xa646d	222	35	0x7fd4d	1	1
tail	0x8009e	35	256	0xad849	1	1
tail	0x9c08c	174	321	0xbb1dd	1	1
tail	0x9c3f4	175,176	80	0x88a58	1	1
tail	0x9dcab	185	285	0xb3ff4	1	1
tail	0xb42df	285	160	0x994cf	1	1
tail	0x9af16	168	242	0xaa87d	1	1
tail	0xaab67	242	114	0x90319	1	1
tail	0xad766	254	105	0x8e6b4	1	1
tail	0x8536e	64	129	0x92f21	1	1
tail	0x931d0	129	300	0xb6c36	1	1
tail	0x7c308	18	217	0xa4b11	1	1
tail	0xc21c0	352	334	0xbdd18	1	1
tail	0x859f9	66	348	0xc0d7d	1	1
tail	0x9eac9	189	74	0x86d43	1	1
tail	0x873fa	74	144	0x95887	1	1
tail	0xbb6e3	321,322	189	0x9e7af	1	1
tail	0xa0a9c	199	348	0xc0d7d	1	1
tail	0x9bd8c	173	165	0x9a24c	1	1
tail	0xadf29	257	292	0xb540f	1	1
tail	0xb593d	292	124	0x91e81	1	1
tail	0x922c1	124	349	0xc140b	1	1
tail	0x96915	146	43	0x8173d	1	1
tail	0x9ba72	172	209	0xa2935	1	1
tail	0xa2da1	209	257	0xadbfd	1	1
tail	0xc1ec2	351	332	0xbd36d	1	1
tail	0xa0068	194,195,196	88	0x8aa14	1	1
tail	0xc21c0	352	171	0x9b4b3	1	1
tail	0x992ca	158	175	0x9c08f	1	1
tail	0xbf126	337	125	0x922c4	1	1
tail	0x8371b	52	18	0x7be9b	1	1
tail	0x91e7f	123	101	0x8ceb4	1	1
tail	0x8d71b	101	199	0xa0631	1	1
tail	0x90893	113,114	52	0x833c7	1	1
tail	0x9d961	184	85	0x89b37	1	1
tail	0x8a37d	85	64	0x85059	1	1
tail	0xc0532	345	122	0x9170d	1	1
tail	0x91a57	122	199	0xa0631	1	1
tail	0xad766	254	13	0x7aee8	1	1
tail	0x7b3bb	13	257	0xadbfd	1	1
tail	0x7ca96	20	284	0xb379b	1	1
tail	0xb3ff1	284	239	0xa991e	1	1
tail	0x99b3a	161	241	0xa9ffa	1	1
tail	0xaa87a	241	333	0xbd8af	1	1
tail	0xad766	254	3	0x78c77	1	1
tail	0xad766	254	83	0x8947b	1	1
tail	0x980a9	154	64	0x85059	1	1
tail	0x91e7f	123	195	0x9fb50	1	1
tail	0xb708a	299,300	28	0x7e390	1	1
tail	0x7e7ca	28	245	0xab141	1	1
tail	0xaeeff	261	66	0x855ff	1	1
tail	0xad329	252,253	52	0x833c7	1	1
tail	0x8371b	52	347	0xc088d	1	1
tail	0x81b7c	43	125	0x922c4	1	1
tail	0x92612	125	75	0x873fc	1	1
tail	0xc0532	345	348	0xc0d7d	1	1
tail	0xc1409	348	108	0x8f24b	1	1
tail	0x859f9	66	242	0xaa87d	1	1
tail	0xb3799	283	165	0x9a24c	1	1
tail	0x8129b	40	185	0x9d964	1	1
tail	0x9b687	171	189	0x9e7af	1	1
tail	0x8bcec	92	124	0x91e81	1	1
tail	0xa1936	202,203	128	0x9299b	1	1
tail	0xb837a	307	129	0x92f21	1	1
tail	0xa4df4	216,217	160	0x994cf	1	1
tail	0xb360f	282	253	0xacfb1	1	1
tail	0x8281e	48	90	0x8b334	1	1
tail	0xad329	252,253	282	0xb3128	1	1
tail	0xadf29	257	90	0x8b334	1	1
tail	0xbcfc5	330	239	0xa991e	1	1
tail	0x8eb77	105	79	0x885b0	1	1
tail	0xadf29	257	105	0x8e6b4	1	1
tail	0x8eb77	105	322	0xbb3c9	1	1
tail	0x8b6db	90	185	0x9d964	1	1
tail	0xb625a	295	345	0xc02e4	1	1
tail	0xb540d	291	49	0x82820	1	1
tail	0xba680	317	66	0x855ff	1	1
tail	0x859f9	66	54	0x837cb	1	1
tail	0x83b3d	53,54	256	0xad849	1	1
tail	0xb68ff	297	74	0x86d43	1	1
tail	0xb708a	299,300	105	0x8e6b4	1	1
tail	0xbd8ad	332	48	0x82477	1	1
tail	0x855fc	65	215	0xa4609	1	1
tail	0x951c0	139,140	49	0x82820	1	1
tail	0xbb6e3	321,322	196	0x9fbcd	1	1
tail	0xadf29	257	92	0x8b8cb	1	1
tail	0xc0532	345	301	0xb708d	1	1
tail	0xb540d	291	185	0x9d964	1	1
tail	0x9dcab	185	48	0x82477	1	1
tail	0xb3125	281	220	0xa522e	1	1
tail	0xa4a5e	215	105	0x8e6b4	1	1
tail	0xba680	317	3	0x78c77	1	1
tail	0xa9cf4	239	90	0x8b334	1	1
tail	0x8eb77	105	3	0x78c77	1	1
tail	0x9cf2f	179	131	0x937d0	1	1
tail	0x93f76	131	144	0x95887	1	1
tail	0xa1936	202,203	37	0x80685	1	1
tail	0x7e7ca	28	208	0xa2361	1	1
tail	0x8bcec	92	185	0x9d964	1	1
tail	0xa646d	222	172	0x9b68a	1	1
tail	0xadbfa	256	90	0x8b334	1	1
tail	0x9bd8c	173	282	0xb3128	1	1
tail	0xa9cf4	239	83	0x8947b	1	1
tail	0xb360f	282	121	0x91379	1	1
tail	0xb540d	291	121	0x91379	1	1
tail	0x9dcab	185	90	0x8b334	1	1
tail	0xaeda0	260	105	0x8e6b4	1	1
tail	0xa062e	198	65	0x85371	1	1
tail	0x855fc	65	28	0x7e390	1	1
tail	0xadbfa	256	171	0x9b4b3	1	1
tail	0x9a46b	165	273	0xb11ca	1	1
tail	0xa9cf4	239	281	0xb2db6	1	1
tail	0xbd8ad	332	337	0xbec0e	1	1
tail	0x980a9	154	317	0xba1e2	1	1
tail	0xb837a	307	92	0x8b8cb	1	1
tail	0xa646d	222	66	0x855ff	1	1
tail	0x9bd8c	173	92	0x8b8cb	1	1
tail	0xbf886	340	208	0xa2361	1	1
tail	0xa0a9c	199	131	0x937d0	1	1
tail	0x93f76	131	173	0x9ba74	1	1
tail	0xa0a9c	199	222	0xa5f3c	1	1
tail	0x95b59	143,144	105	0x8e6b4	1	1
tail	0xc1923	349	220	0xa522e	1	1
tail	0xc1923	349	30	0x7e849	1	1
tail	0xadbfa	256	266	0xaf8af	1	1
tail	0x7be98	17	322	0xbb3c9	1	1
tail	0x9dcab	185	17	0x7bae9	1	1
tail	0xc1d46	350	92	0x8b8cb	1	1
tail	0x7be98	17	269	0xb045b	1	1
tail	0x9bd8c	173	171	0x9b4b3	1	1
tail	0x855fc	65	64	0x85059	1	1
tail	0xbcfc5	330	215	0xa4609	1	1
tail	0xaeda0	260	114	0x90319	1	1
tail	0x84e1b	62	66	0x855ff	1	1
tail	0xb708a	299,300	196	0x9fbcd	1	1
tail	0x980a9	154	83	0x8947b	1	1
tail	0x84e1b	62	200	0xa0a9e	1	1
tail	0x7ecd0	29,30	301	0xb708d	1	1
tail	0xaeeff	261	307	0xb8064	1	1
tail	0xb3125	281	49	0x82820	1	1
tail	0x922c1	124	347	0xc088d	1	1
tail	0xadf29	257	65	0x85371	1	1
tail	0x855fc	65	333	0xbd8af	1	1
tail	0x8bcec	92	122	0x9170d	1	1
tail	0xb3799	283	322	0xbb3c9	1	1
tail	0xb540d	291	199	0xa0631	1	1
tail	0xb708a	299,300	268	0xb0007	1	1
tail	0x84e1b	62	297	0xb64d7	1	1
tail	0xb708a	299,300	317	0xba1e2	1	1
tail	0xbd8ad	332	330	0xbc9b8	1	1
tail	0xb3125	281	28	0x7e390	1	1
tail	0x980a9	154	291	0xb4edd	1	1
tail	0xb540d	291	215	0xa4609	1	1
tail	0x7be98	17	18	0x7be9b	1	1
tail	0xadf29	257	222	0xa5f3c	1	1
tail	0xaeda0	260	317	0xba1e2	1	1
tail	0x8eb77	105	269	0xb045b	1	1
tail	0xc0532	345	220	0xa522e	1	1
tail	0x9a46b	165	43	0x8173d	1	1
tail	0x9af16	168	300	0xb6c36	1	1
tail	0xb708a	299,300	3	0x78c77	1	1
tail	0x980a9	154	337	0xbec0e	1	1
tail	0xa9cf4	239	79	0x885b0	1	1
tail	0x7ca96	20	356	0xc291a	1	1
tail	0xba680	317	17	0x7bae9	1	1
tail	0xa9cf4	239	52	0x833c7	1	1
tail	0xadf29	257	282	0xb3128	1	1
tail	0xb360f	282	215	0xa4609	1	1
tail	0xa4a5e	215	317	0xba1e2	1	1
tail	0xba680	317	260	0xae90b	1	1
tail	0x8eb77	105	215	0xa4609	1	1
tail	0xbb6e3	321,322	307	0xb8064	1	1
tail	0x7ecd0	29,30	189	0x9e7af	1	1
tail	0xadf29	257	48	0x82477	1	1
tail	0x8281e	48	30	0x7e849	1	1
tail	0x7ecd0	29,30	291	0xb4edd	1	1
tail	0xb3799	283	302	0xb7586	1	1
tail	0xae32f	258	250	0xac802	1	1
tail	0xacbc3	250	157	0x98a9a	1	1
tail	0x96915	146	217	0xa4b11	1	1
tail	0xa4df4	216,217	256	0xad849	1	1
tail	0xc21c0	352	146	0x96407	1	1
tail	0xbb6e3	321,322	340	0xbf435	1	1
tail	0x9d24a	181	28	0x7e390	1	1
tail	0x9eac9	189	125	0x922c4	1	1
tail	0x92612	125	145	0x95b5c	1	1
tail	0xc1ec2	351	185	0x9d964	1	1
tail	0x8f6cf	108	62	0x84aa3	1	1
tail	0xadbfa	256	350	0xc1926	1	1
tail	0xba680	317	154	0x97ce6	1	1
tail	0xa0a9c	199	317	0xba1e2	1	1
tail	0xb837a	307	317	0xba1e2	1	1
tail	0x8eb77	105	260	0xae90b	1	1
tail	0xaeda0	260	83	0x8947b	1	1
tail	0x92f1f	128	82	0x8920e	1	1
tail	0x9cf2f	179	215	0xa4609	1	1
tail	0xb708a	299,300	281	0xb2db6	1	1
tail	0x7ecd0	29,30	268	0xb0007	1	1
tail	0x9dcab	185	349	0xc140b	1	1
tail	0xb360f	282	154	0x97ce6	1	1
tail	0x95b59	143,144	48	0x82477	1	1
tail	0x8bcec	92	3	0x78c77	1	1
tail	0xb540d	291	239	0xa991e	1	1
tail	0xc21c0	352	330	0xbc9b8	1	1
tail	0x8b6db	90	253	0xacfb1	1	1
tail	0x9dcab	185	122	0x9170d	1	1
tail	0xb837a	307	222	0xa5f3c	1	1
tail	0x99757	160	90	0x8b334	1	1
tail	0x8b6db	90	282	0xb3128	1	1
tail	0x922c1	124	49	0x82820	1	1
tail	0xb625a	295	350	0xc1926	1	1
tail	0xbcfc5	330	273	0xb11ca	1	1
tail	0xb1545	273	291	0xb4edd	1	1
tail	0xb625a	295	302	0xb7586	1	1
tail	0x9b687	171	273	0xb11ca	1	1
tail	0xb68ff	297	129	0x92f21	1	1
tail	0x9c08c	174	195	0x9fb50	1	1
tail	0xb3799	283	268	0xb0007	1	1
tail	0x7e7ca	28	125	0x922c4	1	1
tail	0xb625a	295	322	0xbb3c9	1	1
tail	0x8b6db	90	124	0x91e81	1	1
tail	0xb540d	291	282	0xb3128	1	1
tail	0x8281e	48	345	0xc02e4	1	1
tail	0xc21c0	352	317	0xba1e2	1	1
tail	0xba680	317	200	0xa0a9e	1	1
tail	0xa0dc7	200	282	0xb3128	1	1
tail	0x859f9	66	200	0xa0a9e	1	1
tail	0xb540d	291	83	0x8947b	1	1
tail	0x922c1	124	282	0xb3128	1	1
tail	0xc0532	345	291	0xb4edd	1	1
tail	0xc21c0	352	349	0xc140b	1	1
tail	0x7e7ca	28	90	0x8b334	1	1
tail	0xad329	252,253	292	0xb540f	1	1
tail	0xba680	317	105	0x8e6b4	1	1
tail	0xc0d7b	347	273	0xb11ca	1	1
tail	0xb360f	282	239	0xa991e	1	1
tail	0xbd8ad	332	317	0xba1e2	1	1
tail	0xa4a5e	215	254	0xad32c	1	1
tail	0xb708a	299,300	330	0xbc9b8	1	1
tail	0x8b6db	90	269	0xb045b	1	1
tail	0xadf29	257	354	0xc2241	1	1
tail	0xa0068	194,195,196	319	0xba72f	1	1
tail	0xb3125	281	322	0xbb3c9	1	1
tail	0xa0a9c	199	330	0xbc9b8	1	1
tail	0xad329	252,253	79	0x885b0	1	1
tail	0x9dcab	185	330	0xbc9b8	1	1
tail	0xc1923	349	122	0x9170d	1	1
tail	0x9eac9	189	179	0x9ca8d	1	1
tail	0xb360f	282	260	0xae90b	1	1
tail	0xadbfa	256	317	0xba1e2	1	1
tail	0xb837a	307	122	0x9170d	1	1
tail	0xbd8ad	332	320	0xbada5	1	1
tail	0xb625a	295	260	0xae90b	1	1
tail	0xc1d46	350	282	0xb3128	1	1
tail	0x980a9	154	168	0x9aa83	1	1
tail	0xb625a	295	308	0xb837c	1	1
tail	0x931d0	129	146	0x96407	1	1
tail	0xa2933	208	220	0xa522e	1	1
tail	0x9dcab	185	245	0xab141	1	1
tail	0x7be98	17	345	0xc02e4	1	1
tail	0xad329	252,253	17	0x7bae9	1	1
tail	0x8bcec	92	140	0x94e5a	1	1
tail	0xa9cf4	239	269	0xb045b	1	1
tail	0xba680	317	185	0x9d964	1	1
tail	0x8bcec	92	220	0xa522e	1	1
tail	0x8eb77	105	90	0x8b334	1	1
tail	0xa9cf4	239	330	0xbc9b8	1	1
tail	0xbf126	337	322	0xbb3c9	1	1
tail	0xc0532	345	48	0x82477	1	1
tail	0x8281e	48	269	0xb045b	1	1
tail	0xa9cf4	239	349	0xc140b	1	1
tail	0xa0a9c	199	92	0x8b8cb	1	1
tail	0x9170b	121	48	0x82477	1	1
tail	0x8281e	48	349	0xc140b	1	1
tail	0xc1923	349	269	0xb045b	1	1
tail	0xa062e	198	354	0xc2241	1	1
tail	0x99757	160	92	0x8b8cb	1	1
tail	0x8bcec	92	332	0xbd36d	1	1
tail	0xb3799	283	253	0xacfb1	1	1
tail	0x922c1	124	301	0xb708d	1	1
tail	0xb625a	295	307	0xb8064	1	1
tail	0x9c3f4	175,176	78	0x883c0	1	1
tail	0x8b6db	90	121	0x91379	1	1
tail	0x9dcab	185	314	0xb8fcf	1	1
tail	0xb944f	314	189	0x9e7af	1	1
tail	0xc1923	349	332	0xbd36d	1	1
tail	0xbd8ad	332	17	0x7bae9	1	1
tail	0xc1923	349	140	0x94e5a	1	1
tail	0xb3799	283	171	0x9b4b3	1	1
tail	0x7e7ca	28	82	0x8920e	1	1
tail	0x9c3f4	175,176	195	0x9fb50	1	1
tail	0x9170b	121	125	0x922c4	1	1
tail	0xa062e	198	117	0x90acd	1	1
tail	0xbb6e3	321,322	48	0x82477	1	1
tail	0x9ba72	172	331	0xbcfc8	1	1
tail	0xbd36a	331	222	0xa5f3c	1	1
tail	0x9dcab	185	348	0xc0d7d	1	1
tail	0xc1409	348	144	0x95887	1	1
tail	0xad766	254	43	0x8173d	1	1
tail	0xb68ff	297	125	0x922c4	1	1
tail	0x95b59	143,144	165	0x9a24c	1	1
tail	0xad766	254	307	0xb8064	1	1
tail	0xb837a	307	242	0xaa87d	1	1
tail	0xaab67	242	316	0xb987b	1	1
tail	0xbf886	340	118	0x90c23	1	1
tail	0x90eb9	118	99	0x8c99a	1	1
tail	0x8cc7f	98,99	352	0xc1ec4	1	1
tail	0xa646d	222	83	0x8947b	1	1
tail	0xa9cf4	239	49	0x82820	1	1
tail	0xb708a	299,300	347	0xc088d	1	1
tail	0xb625a	295	30	0x7e849	1	1
tail	0x81b7c	43	245	0xab141	1	1
tail	0xab424	245	145	0x95b5c	1	1
dispatch	0xcdac7		323	0xbb6e6	1	1
tail	0xbb8a8	323	310	0xb8556	1	1
tail	0xb3799	283	337	0xbec0e	1	1
tail	0xb837a	307	291	0xb4edd	1	1
tail	0xad329	252,253	3	0x78c77	1	1
tail	0x91067	119	199	0xa0631	1	1
tail	0xac43d	248	124	0x91e81	1	1
tail	0xad329	252,253	291	0xb4edd	1	1
tail	0xbcfc5	330	66	0x855ff	1	1
tail	0xb3125	281	66	0x855ff	1	1
tail	0xad766	254	17	0x7bae9	1	1
tail	0x7be98	17	3	0x78c77	1	1
tail	0xa646d	222	43	0x8173d	1	1
tail	0xa0dc7	200	317	0xba1e2	1	1
tail	0x7c308	18	282	0xb3128	1	1
tail	0xa062e	198	291	0xb4edd	1	1
tail	0x980a9	154	292	0xb540f	1	1
tail	0xa2933	208	129	0x92f21	1	1
tail	0x931d0	129	347	0xc088d	1	1
tail	0xc0d7b	347	217	0xa4b11	1	1
tail	0xb837a	307	201	0xa0dca	1	1
tail	0xc1d46	350	90	0x8b334	1	1
tail	0x8b6db	90	79	0x885b0	1	1
tail	0xa0dc7	200	301	0xb708d	1	1
tail	0x84e1b	62	28	0x7e390	1	1
tail	0xb3125	281	199	0xa0631	1	1
tail	0x8bcec	92	273	0xb11ca	1	1
tail	0x9dcab	185	282	0xb3128	1	1
tail	0xb360f	282	291	0xb4edd	1	1
tail	0xc1d46	350	3	0x78c77	1	1
tail	0xbdd16	333	222	0xa5f3c	1	1
tail	0xbcfc5	330	332	0xbd36d	1	1
tail	0x99026	157	350	0xc1926	1	1
tail	0x8b6db	90	30	0x7e849	1	1
tail	0x7ecd0	29,30	282	0xb3128	1	1
tail	0x8b6db	90	332	0xbd36d	1	1
tail	0x9bd8c	173	281	0xb2db6	1	1
tail	0xb3125	281	273	0xb11ca	1	1
tail	0xb1545	273	17	0x7bae9	1	1
tail	0x7be98	17	239	0xa991e	1	1
tail	0xa9cf4	239	92	0x8b8cb	1	1
tail	0x8eb77	105	349	0xc140b	1	1
tail	0x84e1b	62	253	0xacfb1	1	1
tail	0xba680	317	269	0xb045b	1	1
tail	0xaeda0	260	282	0xb3128	1	1
tail	0xb360f	282	269	0xb045b	1	1
tail	0xb593d	292	254	0xad32c	1	1
tail	0xb3125	281	124	0x91e81	1	1
tail	0x922c1	124	83	0x8947b	1	1
tail	0x8f6cf	108	165	0x9a24c	1	1
tail	0xbe55b	334	165	0x9a24c	1	1
tail	0xad766	254	330	0xbc9b8	1	1
tail	0x81b7c	43	237	0xa8e1f	1	1
tail	0x96915	146	331	0xbcfc8	1	1
tail	0xbd36a	331	168	0x9aa83	1	1
tail	0x9af16	168	99	0x8c99a	1	1
tail	0x9dcab	185	273	0xb11ca	1	1
tail	0xc1d46	350	333	0xbd8af	1	1
tail	0xb540d	291	105	0x8e6b4	1	1
tail	0x980a9	154	172	0x9b68a	1	1
tail	0xa9cf4	239	220	0xa522e	1	1
tail	0xac43d	248	345	0xc02e4	1	1
tail	0xa0a9c	199	260	0xae90b	1	1
tail	0x8eb77	105	307	0xb8064	1	1
tail	0xbd8ad	332	189	0x9e7af	1	1
tail	0xadf29	257	330	0xbc9b8	1	1
tail	0xbcfc5	330	30	0x7e849	1	1
tail	0x7ecd0	29,30	281	0xb2db6	1	1
tail	0xb3125	281	185	0x9d964	1	1
tail	0x8bcec	92	239	0xa991e	1	1
tail	0x8281e	48	273	0xb11ca	1	1
tail	0xa0a9c	199	124	0x91e81	1	1
tail	0xaeda0	260	281	0xb2db6	1	1
tail	0xb837a	307	105	0x8e6b4	1	1
tail	0xa0dc7	200	292	0xb540f	1	1
tail	0x859f9	66	90	0x8b334	1	1
tail	0x8b6db	90	350	0xc1926	1	1
tail	0xc1d46	350	105	0x8e6b4	1	1
tail	0x855fc	65	239	0xa991e	1	1
tail	0x8f6cf	108	121	0x91379	1	1
tail	0x922c1	124	92	0x8b8cb	1	1
tail	0xb708a	299,300	49	0x82820	1	1
tail	0xc1923	349	300	0xb6c36	1	1
tail	0xb360f	282	254	0xad32c	1	1
tail	0xad766	254	317	0xba1e2	1	1
tail	0xa4a5e	215	330	0xbc9b8	1	1
tail	0x980a9	154	90	0x8b334	1	1
tail	0x8b6db	90	322	0xbb3c9	1	1
tail	0x951c0	139,140	301	0xb708d	1	1
tail	0x9170b	121	49	0x82820	1	1
tail	0x91e7f	123	311	0xb86f8	1	1
dispatch	0xcdac7		42	0x815ea	1	1
tail	0xb3799	283	157	0x98a9a	1	1
tail	0x92f1f	128	203	0xa1484	1	1
tail	0x84e1b	62	337	0xbec0e	1	1
tail	0x9170b	121	220	0xa522e	1	1
tail	0xb708a	299,300	83	0x8947b	1	1
tail	0xc1923	349	239	0xa991e	1	1
tail	0x8281e	48	260	0xae90b	1	1
tail	0x7ecd0	29,30	330	0xbc9b8	1	1
tail	0xad329	252,253	92	0x8b8cb	1	1
tail	0xa062e	198	17	0x7bae9	1	1
tail	0xc21c0	352	92	0x8b8cb	1	1
tail	0x8bcec	92	260	0xae90b	1	1
tail	0xadf29	257	208	0xa2361	1	1
tail	0xa2933	208	157	0x98a9a	1	1
tail	0x96915	146	82	0x8920e	1	1
tail	0xa4df4	216,217	257	0xadbfd	1	1
tail	0x922c1	124	340	0xbf435	1	1
tail	0x96915	146	215	0xa4609	1	1
tail	0xb1545	273	74	0x86d43	1	1
tail	0x873fa	74	173	0x9ba74	1	1
tail	0xba680	317	350	0xc1926	1	1
tail	0xad766	254	292	0xb540f	1	1
tail	0xb593d	292	66	0x855ff	1	1
tail	0xbd8ad	332	215	0xa4609	1	1
tail	0x99026	157	242	0xaa87d	1	1
tail	0xbb6e3	321,322	269	0xb045b	1	1
tail	0x84e1b	62	124	0x91e81	1	1
tail	0x980a9	154	114	0x90319	1	1
tail	0xbd8ad	332	172	0x9b68a	1	1
tail	0x91067	119	258	0xadf2c	1	1
tail	0xb3125	281	332	0xbd36d	1	1
tail	0x96915	146	168	0x9aa83	1	1
tail	0x92f1f	128	18	0x7be9b	1	1
tail	0xad766	254	269	0xb045b	1	1
tail	0xa0a9c	199	282	0xb3128	1	1
tail	0xb360f	282	322	0xbb3c9	1	1
tail	0x95b59	143,144	171	0x9b4b3	1	1
