segment	start	end	size	events	unique_start_ips	unique_sources	conflict_offsets	conflict_events	sha256	top_sources	top_targets	top_deltas	hex_prefix	hex_suffix
0	0xd0ac0	0xd0c75	0x1b5	140	116	54	0	0	894b16ef5b806bdc531e1bf1f11f66aa763eb0729077826f0d514647d2a648ca	114:8,168:8,43:7,347:6,66:6,64:5,18:5,354:5	114:8,168:8,43:7,347:6,66:6,64:5,18:5,273:5	+0x4:83,+0x3:28,+0x2:13,+0x5:13,+0x6:3	e801a5001c000002108252183bc9c31d9fe8012087d80a0013bdaf08df916797e801e1f3affb57c5404f320458d6d7569ee8016449ea189bc12cc43628001512	b2470baf3abdbc8a4652ec4701c71c003d01902aee4d07b7602a8aecb65300e1979f0bc02d3d01006f9ea8004701aad1757152215f86ad6f7ffa2a643c3d01c1
1	0xd0c86	0xd0d43	0xbd	204	51	21	0	0	3c43150b5ec8ff9f746707e8576bb525c0834b2d895a28421ba03a722cee3485	114:20,158:20,174:16,307:16,66:12,184:12,18:12,64:12	114:20,158:20,174:16,307:16,184:12,18:12,64:12,123:12	+0x4:132,+0x3:68,+0x6:4	413c2a58e0e80180042a800d067983fde801e8013d015a48679b1ff39da6c9299be801900346cf3ff8f5af14e8015eb5ab9b64d3dfe801eec5178638cb95d6a5	8b83c018bfc81ee801ece023017ecca90736e801c603926f3b783a9a78e8019c099004faa5aee801266fc45865a60f8064e80147ee13e57e4b7e44c7b394e801
2	0xd0d51	0xd0eab	0x15a	364	91	45	0	0	23eda537152a13af367ba0c9486b01ebd33ac1bd3a9b639a4185ee2b0bb81769	18:32,189:20,64:20,347:16,28:16,268:16,196:12,33:12	18:32,189:20,64:20,347:16,28:16,268:16,196:12,33:12	+0x4:228,+0x3:80,+0x5:24,+0x2:20,+0x6:12	b9001bab3a898ddd13aea74cd7e80152bdb7e0ab00e805dce46f20a40e07e801efd38bad1788fe522f781a3598e80160053a83932302cca2b2ebe80139f90c2f	2b36ede1f439ef5836cfb122003d011a322589ef0020943a792af0a8c7c4c6eb230e78f53d01005f98135548583a5f008bcb00268efd19d31c003d011f1423a1
3	0xd0eb3	0xd1002	0x14f	90	90	41	0	0	f0066c3054f75cb68a68039774ba4ae17c67a68726683c37b533e9816be4c489	337:8,18:7,20:5,43:4,347:4,66:4,184:4,297:4	337:8,18:7,20:5,43:4,347:4,66:4,184:4,297:4	+0x4:51,+0x3:23,+0x2:7,+0x5:6,+0x6:3	2b00ac7968000000c4e06855d004e801768978043a102f3d0100f093fd0c7a423e680001852921f6c10091ba943d012eab007e4814aeb3e2d936b9d66f5dd75f	3ffffb0f3be80179fe81c5f57c91295c6baae801a00aa44b052800c2f3e8011ade349a80056ce801784297ff00e0a00b46e8017d7681c565fc009febab96e801
4	0xd1010	0xd1284	0x274	167	167	59	0	0	fa67d21d20ead0f7720e0884bc9d8248a6c19dcb7be490c78023cd09c549e783	340:11,18:10,258:7,199:7,337:6,114:6,189:6,347:5	340:11,18:10,258:7,199:7,337:6,114:6,189:6,347:5	+0x4:102,+0x3:41,+0x5:11,+0x2:9,+0x6:4	120058063adf9235b73c00de00e796e801e9af3ab152cd2c9880ab00e801e9f9d215b25a6c866c6ccf8cdb35a1e80102557b9d55a01eab5ef6d66d52e801ec8f	3254ae4701d8f5e801c13ef60317a82423fbe80184a334dac005f2fa1ae80173c03940388900e8018ae23c59ab001214449278e801d53db4e0748960e801821e
5	0xd1292	0xd1445	0x1b3	116	116	37	0	0	5106d1eb961d97bcab873679eefc8a9be087ab6024e8eb6dfb48aa6bb7cfbc9b	66:7,185:7,18:6,258:6,28:5,337:5,43:5,114:5	66:7,185:7,18:6,258:6,28:5,337:5,43:5,114:5	+0x4:80,+0x3:32,+0x6:2,+0x2:1,+0x5:1	1c00680a1073e99900b7112617e801ca053f2dab00a00a9db822ab0062cae80103a78900f8051acea3349f32f2e801d9002cb2045e7fa4d71dd3c781e8011ebc	f934cef27587bce801900b3ba46f5a26b974e8010cfe2800fa0e84fab3e8016e88196c585caa8a74e801900327ed560a9ee8017ab5b1de8fda9325dbe8015db3
6	0xd3fac	0xd420b	0x25f	161	161	62	0	0	c0b5c1ceec9a24f7a74bfbec087d3f020776a9bda77ee3998c4bc5d9e3d77cce	114:9,64:8,189:8,297:7,28:7,18:6,43:5,258:5	114:9,64:8,189:8,297:7,28:7,18:6,43:5,258:5	+0x4:99,+0x3:40,+0x5:9,+0x2:8,+0x6:5	6201e801290131cee56859a5d9900be2463aaee801a01a320411ab00b80ecc757d94e801700f4a0138101c6dc596fbe80111f8dba62e658b4adc8e25221be801	abb72a37488a21e801f5a2d174366ef1e80141bb8a677bab7e25af535fe801c8038a87e00736623ee8017842ab00c00580626fe801e80568b207c0e5034fe801
7	0xd421c	0xd43cf	0x1b3	116	116	39	0	0	e5b2235f622528d84d2520ccac040dd9f97d7abb4b340e50019a83f02d684f7d	114:8,340:7,28:7,215:6,297:5,287:5,168:5,64:5	114:8,340:7,28:7,215:6,297:5,287:5,168:5,64:5	+0x4:80,+0x3:32,+0x6:2,+0x2:1,+0x5:1	290131eee01699fefadaab3def32cde801e9b64600ab0024d819959d26e2e80148bc7dd94c0b890008017ee801ce823a5f4c46642f30469e3b0be80116430eef	8c5365e09ce8018f55304e1e00d82301a9d9e8013d0e2f82d7027ae801c26fc4b8100971606ae801bcbd03bafbf4f004a1e801551a56f91148b09bd2e8017cb3
8	0xd43e0	0xd4561	0x181	102	102	44	0	0	f741c60d55931101e0148f61889ce176bd9f5d7dce3f5df20ad525614f683cb9	168:7,337:6,18:6,199:4,33:4,64:4,307:4,333:4	168:7,337:6,18:6,199:4,33:4,64:4,307:4,333:4	+0x4:63,+0x3:23,+0x5:8,+0x2:6,+0x6:2	a800990006d57b7cce447115ce4a99e8017fd9ab005a833ac408ab00e8016670190d5d7a161db4cbea8900a5d0e8010e1cccde2be628006fea221205e8010fc7	46aa7ab5ab1ea92800005cf73d010f4fdf317822675242d738ea4464d49802324c8f003d01c701889e0717783132cf678500ca8aa6fec80e500067a93d0104fc
9	0xd476e	0xd4889	0x11b	77	77	31	0	0	4353c0ef8fa13fc14425c32da8e675432d68678035f5c1a68ccb49f4518d0034	340:7,337:5,185:5,258:4,215:4,176:4,199:3,350:3	340:7,337:5,185:5,258:4,215:4,176:4,199:3,350:3	+0x4:46,+0x3:21,+0x2:5,+0x5:4,+0x6:1	c700df4c3a66561a2a8639889cd3bfe63e4a093d0100d7f1bf854606dfa7ee3d7f741300a8021a518d003d0116207f1671f86eb302c7300b3a57c05634003d01	b663ef47e7e8015e5110088e566cd7dbae25e801880a461c959cb1e801ceb8370b3ac4f1caf476d8e801d0914d01d3043a0936e801acbc99000805ce8dd5e801
10	0xd4897	0xd4a83	0x1ec	132	132	46	0	0	238d3dffd2d2b3b2c5af0d69a02dd6fe5fd981128ea5796ce11756975d83af06	347:8,337:7,18:7,189:7,185:6,307:6,168:5,64:5	347:8,337:7,18:7,189:7,185:6,307:6,168:5,64:5	+0x4:88,+0x3:35,+0x2:4,+0x5:3,+0x6:2	510188949900530c3a14689dd9d23ce801e08a3adc5f22ca72ecadd7c23ce801f248f95840059cc941a5d9d420e801638928005801bd808b54f73626e8015b6d	a66c7fd49fe8018b16e1fee49bf02dbae801f4b63b59fed632977ab7aae801777728ba8635afe801029adbab3ae30f2f83664ee8018a0ad4fc111f0be80142a0
11	0xd4a91	0xd4beb	0x15a	91	91	42	0	0	7cad8b106b8f3cd28b68be9dc0c8276fefb6c33e49cc6f9a600cfbc4b1bffcd6	66:7,340:6,168:5,28:5,114:5,43:4,305:4,172:4	66:7,340:6,168:5,28:5,114:5,43:4,305:4,172:4	+0x4:59,+0x3:20,+0x5:6,+0x2:4,+0x6:2	c700474f3a648cae0180b42dd7e801fcb469333a6656dcd01f531739c62ae801cead55d8014a3a24bba00aec3fe80144a22800b3900fe40801fee80136805f7d	da91c20e8a3f3f3d51492c7a1db100f9343d01f79bd66c4ed33a79852313030aacdfa9761c003d0105a4f709dbe913000ba1227bb5c683ac4a18cdf8c8cb3d01
12	0xd4bfc	0xd4cb9	0xbd	51	51	21	0	0	13cf741daca693972bb2b4f06d823547fa10a09ca9166aca7aaafc2386761665	28:6,184:4,258:4,185:3,174:3,176:3,340:3,64:2	28:6,184:4,258:4,174:3,176:3,340:3,185:2,64:2	+0x4:33,+0x3:17,+0x6:1	2b193ad015e80184fab176d3823af285e801e801d7643d01b98373362f8c3aedc1e801c216ec10affce7e8018ca10a0744dac64ab985bbe801564f318c358ce7	aaeee005faea3be801983d23017005c417afe801a00aea707d2800e80115e71c069087d7037ae8010a6da9b45c6b800573e801204590038c7b4184f3eb17e801
13	0xd4cc7	0xd5044	0x37d	232	232	49	0	0	39029f1cb8c626ccf73a0023097212e9303fb6696c9f201c88800bdc813f39c7	340:14,307:12,28:12,18:12,258:11,64:10,114:10,20:10	340:14,307:12,28:12,18:12,258:11,64:10,114:10,20:10	+0x4:150,+0x3:67,+0x6:7,+0x5:4,+0x2:2,+0xd:2	c7001f4f3a7412990087cc9900e80174fda41bab006a1aa57a240e5fcd96e80103f189009d4038fbba0de8e8011442e4edfcdabe0dabfcfc28800a20e8010486	00a9704756e80118d2f8492e503e3cdc2640e801018c28008d3158e8012c46a3675a655b24a4e801921210083c87ffdd28e801a3df5e0ce1ab01233be801524a
14	0xd5055	0xd521e	0x1c9	121	121	43	0	0	e35c436f814625d4890dfe965dee7d48b87186ba96db835ec0dd7f1a3503a467	189:11,28:7,114:6,215:6,315:5,185:5,66:4,258:4	189:11,28:7,114:6,215:6,315:5,185:5,66:4,258:4	+0x4:82,+0x3:33,+0x6:3,+0x5:2,+0x2:1	a8009900ded07a4c2a7eb419f8639de801d3f4ab00d0bc2cab080148e80176334ba9db0f48e430e2f808ecb096e80187902b79179ac4d6e5683a56c7e8019f91	72c00805c461d0e8011a63c81367289c5280e801d0857f44c00566aa87e801c77bd92e57b5da3238e80199152ca1637c3a8275e801a00a689e469900e801a7dd
15	0xd522f	0xd5641	0x412	273	273	64	0	0	d13b88c5cb01761b7257dee4aa03e4823a7b78099db9eabb638028da75e27f43	18:18,64:15,337:15,114:14,123:12,307:11,28:10,66:10	18:18,64:15,337:15,114:14,123:12,307:11,28:10,66:10	+0x4:171,+0x3:74,+0x5:10,+0x2:9,+0x6:7,+0xd:2	cb00979b35767b8504bcf8084c50ade801c06e17bc2832c447e5acfe4f20e801a04cc62c8e8900c82c366d569ee8010da2bf0a89be123bdb28007ea7e801d009	4b01ea8f75f21ce80140dd2301f20ec4e80198db7a9bced8af11fb0250e8010853684faa27e3e801b6abc38967f48061eee801a57f382b1614f771ea540ee801
16	0xd564f	0xd57d4	0x185	102	102	47	0	0	4d6149b902ceac0e346033f74583e041ad8404db35d4eb3ad499d29343f66102	64:6,185:5,297:5,347:4,168:4,203:4,337:3,43:3	64:6,185:5,297:5,347:4,168:4,203:4,337:3,43:3	+0x4:62,+0x3:22,+0x5:9,+0x2:6,+0x6:3	5101d89099005a0dabfd5599282fdde8011ba33afb8cef13265e44d84805e801a3a93a1bca956a3eb81b5c4d5ee801d8a5befb4b923aa768eed68598e8016005	bc58029050373968009d88ce003d014911930e6c8adce7dc773002f99c0a12219139dea24293003d015f843a819303feb72d3ab34413003382570664cf353d01
17	0xd5a12	0xd5b17	0x105	71	71	33	0	0	442b045186ffefaeac1b1e09f627975212850b410d733fe007fcc947e70947f4	297:5,347:5,189:5,215:4,174:4,258:3,176:3,158:3	297:5,347:5,189:5,215:4,174:4,258:3,176:3,158:3	+0x4:43,+0x3:20,+0x2:4,+0x5:3,+0x6:1	9d008bd79d01b69d7cc9d80d05fe8c753a0085b03d01178a6c92d300d684326b893584ddc773c3aa27003d0176459b694966d139eda8854b59b2780228fe233d	40dd0805885ecee801120954e0ff136ce801f64cd80a5c4a8d6c01d143e801e805c1ca7144a6e8017227b8f4ab0004ebc7e801b47534199900a0023ae8011cdd
18	0xd5b25	0xd5cfb	0x1d6	126	126	44	0	0	f4f5e7ac239a28e336a825dbfa5140bb988f3d28f29becf2676b368dcd9b6c29	347:12,28:8,18:6,215:5,258:5,189:5,185:5,337:5	347:12,28:8,18:6,215:5,258:5,189:5,185:5,337:5	+0x4:85,+0x3:34,+0x2:3,+0x6:2,+0x5:2	c4004f6e5cf4d321a680009a81e80139f90d1667df9298debe80f00206a2e80162080e7cd00b2a8b72242226d1e8011008241a9ff80acfbecb02769de801f81d	3a405f9ac98b56e801838db412082402ffc3e801000756dd229f98e8012db3340c10817005a6607ee801b853167cf103c2e801ba75e38e36f41a7d40acf3e801
19	0xd5d09	0xd5ebc	0x1b3	116	116	36	0	0	9c703d1fbace357000967632474b80320bc22dd56037dcc10f0d06a469b79a02	64:8,185:8,347:8,66:7,189:6,28:5,176:5,305:4	64:8,185:8,347:8,66:7,189:6,28:5,176:5,305:4	+0x4:80,+0x3:32,+0x6:2,+0x2:1,+0x5:1	4000bda79900179a253b9d552a0e3ee801c77ce301f4bff498fbab00e80131f5d18de6d0a28c3a950550e91296e801b66910e35c06baff90d4d5e6a8e8016e5a	3a291adbdbe80132c0a1caeadb0df40b20cce801439b3a228e1bdbe801eb5a13013a78665ce7aa79e801e60832015d574870fbe80158833a1477c174b492e801
20	0xd718e	0xd73ae	0x220	145	145	53	0	0	30a11b4eab27d36b738d6f69853202af25d61370cfbbabc00d71687b93801559	64:9,114:8,43:7,199:6,347:6,18:6,174:6,185:5	64:9,114:8,43:7,199:6,347:6,18:6,174:6,185:5	+0x4:95,+0x3:37,+0x2:5,+0x5:5,+0x6:3	e801a500bd009900bcefdff2ba93c89900e801c0efd80a5b5f8b73018f91679780f8e8018d8d09f85801e8a28a0efeb615e801baa255c109f180a01f0c6b4a0e	525c5447016d59e801c862c7af0c057286d4e80157ce029c9128001f10e801ff96aeaead0b6809a2e8010002fc042dcf93e80133b7e3528415cf0f3ad5c3e801
21	0xd73bc	0xd75f1	0x235	150	150	55	0	0	ab9d674a40ec87d4ba72d368e11deecee2f039ed3e4510e4f7a4682ea8733b30	347:9,185:8,158:7,66:6,189:6,18:6,340:6,28:6	347:9,185:8,158:7,66:6,189:6,18:6,340:6,28:6	+0x4:95,+0x3:38,+0x5:7,+0x2:6,+0x6:4	5b0108386209075fae31a99ddd1c0ce801ef9dae479fab0033836f0308bee8015474fb0f32a53a5967ece89d9ee801ff4a3ad39528fc43322800e801e1f03253	e82153fd3ae801c5033cef3920a7cfefe80101e33a95fbdac0043a5029e80147f02285804ce04632e801580b3a73b9ff097403e8019a6f55ab144af2e801e820
22	0xd75ff	0xd77c8	0x1c9	121	121	42	0	0	a67c9335f7bb968c4fe7b6e0f7f779a9a62636ba4378d42e59cd75dd4c174f44	337:9,66:7,199:5,64:5,340:5,114:5,28:5,18:5	337:9,66:7,199:5,64:5,340:5,114:5,28:5,18:5	+0x4:82,+0x3:33,+0x6:3,+0x5:2,+0x2:1	c700c7453a4d759100009489f8e801f9faf46bdda12006a8ddde3ddf823ae801e3a98900198149fdf7ac4a4028e801c93609f758d6d904152800451be8017962	05d2a00005e8018b5d4c0b2301c0053ce435e801b63ff702368d62383ee801a40ba082f0139ae80101772e2e3feb59c32ade57e80103e5a380f004e7e801b150
23	0xd77d9	0xd78ea	0x111	72	72	31	0	0	fba3ecf097e8fc21e39ae85b517ef02bd86fa1693f0beab8be5725df8f0b7105	64:6,43:5,18:4,258:3,243:3,196:3,66:3,347:3	64:6,43:5,18:4,258:3,243:3,196:3,66:3,347:3	+0x4:51,+0x3:17,+0x5:2,+0x2:1,+0x6:1	020196bf077680292e65ba59699d9ee80177423affd997c69f9f677ba59ce801e59b89fe40608a4456aed95a5ce801cd2b55f8c1ab3a5d003fa0fa97e801245b	1ee8017304790064114d656a8db3e801e9f94a8db42207bca73e5fb3cfe80124c8e8013d01cd2de801e03e10f85fb2433a95305ebafa753f76fb017353a13d01
24	0xda38f	0xda4b0	0x121	78	78	37	0	0	cb3f5cd1f17407fe9fd985693159316f0ea3527d7ea9d08e919b20ea65553836	258:6,199:5,189:4,123:4,114:3,185:3,307:3,28:3	258:6,199:5,189:4,123:4,114:3,185:3,307:3,28:3	+0x4:46,+0x3:21,+0x2:5,+0x5:4,+0x6:2	7200a2635bacc8e12308a51c2ac0e45399881de801a8a03d0100c7b783cb5debc47f600148047001f8f6e3a23a4ac2003d011f9b7f881cdf3ea5aab0b7680033	bedb9128e1c237e801f74bba87df0fc7e2d2e8012ff01ce5137d3ae801d17f0002fdd2cd688be80185a7041fab0001bdae3275e8017aecd56f2217dbba68e801
25	0xda4be	0xda5e7	0x129	78	78	37	0	0	08ec974ea715cde5b487e94cebc8f40123c4e2258054e78f5b207c101782905d	18:7,26:5,64:4,66:4,114:4,168:4,333:3,43:3	18:7,26:5,64:4,66:4,114:4,168:4,333:3,43:3	+0x4:53,+0x3:18,+0x5:3,+0x2:2,+0x6:2	33013a9daf9900ece37b099900ddf7e8012f74f301289c9b00085afae8019c76737c01f6750812bb9d39a2e80161f261086a72fac6840d833702e80171f27a06	000042b300cdc0e801e8013d01e52a10e801945b200628d2141ce2abb6b748e12fc2dc22ad27753d01e54968979b6f5621629e18d00a10fe8a22c03d01715c8d
26	0xdac57	0xdad78	0x121	78	78	38	0	0	00942a69a0c3002cf3ed8f9621b0b06ea9d87966eb371895e6e4bd5102a94cfd	64:7,176:5,123:5,347:4,18:4,307:4,215:3,340:3	64:7,176:5,123:5,347:4,18:4,307:4,215:3,340:3	+0x4:46,+0x3:21,+0x2:5,+0x5:4,+0x6:2	5b011937310983837e398b06e801d027aee757fed5003d01033003763d36316fb806e8045cbbc468000e8a6c031cfd003d0134eefc80b30062cfbe900015af18	4118e52208e80145e3222fb231d60a3ae1aae801a00a8f403f2800e8013a0f3353c41a8f043ae8010177beac3f6bd80320aa3ae80138a2818c800580e8013d8f
27	0xdad86	0xdaf39	0x1b3	116	116	38	0	0	364f64563edd0d25a5875c8cb13fb00f8dd7b4cfca3c62acf57ab3ad2ba0a5e6	340:9,258:6,18:6,199:6,184:6,64:5,337:5,185:4	340:9,258:6,18:6,199:6,184:6,64:5,337:5,185:4	+0x4:80,+0x3:32,+0x6:2,+0x2:1,+0x5:1	b9001bab3ae98cdd13145e9ecf82bbe801d80aa6d30d4f439f9f47db459ae801a00a70181f8900d79236169a0ae80166d822ed147578011803b6e80184cdfc14	2a1ae11b4ce801fedec43e2301e09a3a9295e8015ba33a7c914d54fba5e801e07289d0f00428e8014b99a0998ad070353a3090e80148039900ba75affa5ae801
28	0x11ac5e	0x11aee0	0x282	170	170	61	0	0	49f393e2b75da7057f62a5354ff0b3974dc3d15119e8dda4aadf0b4a5e120bed	18:10,337:9,340:8,66:7,258:6,189:6,215:6,287:5	18:10,337:9,340:8,66:7,258:6,189:6,215:6,287:5	+0x4:104,+0x3:41,+0x5:11,+0x2:9,+0x6:5	ab00e801ac00b2afeb00348bde02f81356204ae801fd650d305c1144b198dce5ce94e8018bf889005245ad5386243b859ee8012006b0ad5454fe77f3dcc24296	4701084797612de801e805089c70109fe8012e7702494c375d4c8c48ece801fe7e79cca000cee801d97a7cfa74e66fbc0ae801126eb889da00a00d56e8018d76
29	0x11aeee	0x11b122	0x234	150	150	53	0	0	608a17aa1adeb64d2187d720e31ded5aecd24511387fbe68a30f38cb0515193b	340:7,185:7,307:7,114:6,26:6,258:6,184:6,203:5	340:7,185:7,307:7,114:6,26:6,258:6,184:6,203:5	+0x4:96,+0x3:38,+0x2:6,+0x5:6,+0x6:4	72006b648cacbf9e7576880904dd52e801f57d71e14b1690c3efab00a0a9e80110691ed809067cfa818900c701e8019f483a3399a24f37b02800e80131f51fe7	ad4d623aade801062577163abdf410e5884ee8017109e90608051c19d9e8017a168900b175af2268e801c19376da6f073ae80153da8b0f3e014389e6e801828d
30	0x11b130	0x11b364	0x234	150	150	51	0	0	fb0a73e08e32265ac9a5cec3055c2e91cf18d3d600d8c96c4cd20ec271bf3aac	340:9,114:7,337:7,28:6,172:6,307:6,18:5,189:5	340:9,114:7,337:7,28:6,172:6,307:6,18:5,189:5	+0x4:96,+0x3:38,+0x2:6,+0x5:6,+0x6:4	5401d4179900cfef9900880984e160e8016006320093a309c58792cbac99e8013af5ae89e0c6d4c6bf1cee1d9fe801cf9d04761b0f3abb1e2800e801a485215e	ca837ea5aee80136ee7a3db4146b23e0149ee8019003480ea217efe8018f75d41c8900588710a003e8011bc2abfcff6b8a3a73e8019003e6b34d9c7feb73e801
31	0x11b372	0x11b5a6	0x234	150	150	53	0	0	f7674b4635fe81bfa3756782b12aa8ba656deb73300e3165d2cc9c7ae923a8ba	114:8,66:7,18:7,258:7,185:7,333:6,189:6,346:5	114:8,66:7,18:7,258:7,185:7,333:6,189:6,346:5	+0x4:96,+0x3:38,+0x2:6,+0x5:6,+0x6:4	420021913af67108b0a3f99900cdd3e801692b64e35801f01375f701e8014ec8da61757f236769de213b0be80140c6e32b33085537647a41fa2872a1e8011fad	4701bccface801733490036309478e8fae58e801ad0d2f80730e3ae8019de6f25e890041b24ae8012d847bc5b19448d9fc70fae80115b399fe3097dae8015cf3
32	0x11b5b4	0x11b7e8	0x234	150	150	55	0	0	952c9f216794c5552b02a960c7bd534d49bd545590aaf0b773ba99e7d2c6ae87	215:9,347:8,337:8,64:7,66:7,203:6,297:6,189:6	215:9,347:8,337:8,64:7,66:7,203:6,297:6,189:6	+0x4:96,+0x3:38,+0x2:6,+0x5:6,+0x6:4	cb004f9135766d4e57a6d8ddc0e8017a49d608d04648748ef826fa3ae801f9fa48d8aec10c9d26d81d9ee9bf5ce80127c51d2b968b09cb0928000d16e801a00b	885d1d3b8cde30e8013a08ec084825af1b16e801e1578aa87a70a8e801c82cff98e563a00083e8011f03f82b2e17bd3f4b7238e80113263a22829900332ee801
33	0x11b7f6	0x11ba2a	0x234	150	150	54	0	0	64c1247aa60e29e762dcf78c0dfbabc95211655680825d4c16be162c4b0b4071	337:9,189:8,340:8,307:7,28:6,297:6,199:6,168:5	337:9,189:8,340:8,307:7,28:6,297:6,199:6,168:5	+0x4:96,+0x3:38,+0x2:6,+0x5:6,+0x6:4	5101e09999008025faf2b3ab0d8d23e801c3fac4d5dcc92e68860a3ae801d1fa82df89009118da0f993597e8012cc8946446d5cba814e9f80a36e80199f46e4c	4e81e1d74cb47fe801cc88184670055fe364e801e8055237b944e8e80198ed4ff1b52473bdaeda74e801b4a4549b08054c8653e8018f8eaa0cd19900e8017536
34	0x11ba38	0x11bb7e	0x146	85	85	41	0	0	ce4c64f6178a86c7d9007101d59f0599c2d84ccc7a192dd2fb5fbe94323cf8eb	28:5,337:5,18:4,157:4,268:4,347:4,305:4,243:4	28:5,337:5,18:4,157:4,268:4,347:4,305:4,243:4	+0x4:55,+0x3:19,+0x5:5,+0x2:3,+0x6:3	1200e8043afeca99003364a3145ecde8010002e099a445ca22f808eff4afe8018414106ed80a88c1808d01b41ee8016bf2a8f54b84a26bbb4db1859ee801b96a	f5ae50f79ed9e8fa6000916e003d0152f9e80448fbc468005831680066bfc088c57d00bcf73d01d7944fba50518bcfa4453a10b6a749643da4c13aeef7af3d01
35	0x11bb8f	0x11bbd4	0x45	18	18	18	0	0	137d13863f95541939a407805106dc4a736213fdae72f7a9f0ebe4ba2d141436	183:1,203:1,297:1,337:1,49:1,198:1,185:1,124:1	203:1,297:1,337:1,49:1,198:1,185:1,124:1,43:1	+0x4:7,+0x5:4,+0x3:3,+0x2:3,+0x6:1	e801d3ef4f916576ad864e3704ad0200622b3d010fdedf9c3af4ed008cc7c0e48988feaa02cbb13d01066d0087f43a59fb47944a218b0cd80afcaf01b782003d	916576ad864e3704ad0200622b3d010fdedf9c3af4ed008cc7c0e48988feaa02cbb13d01066d0087f43a59fb47944a218b0cd80afcaf01b782003d01a2053123
36	0x11bc28	0x11bd5f	0x137	84	84	37	0	0	51cdc2389a3bae5196b0611fc8cd75907f48bf939d6a2e030b8f49589a21ebf3	123:7,66:5,64:4,114:4,28:4,347:4,337:4,273:3	123:7,66:5,64:4,114:4,28:4,347:4,337:4,273:3	+0x4:49,+0x3:22,+0x2:6,+0x5:5,+0x6:2	40007eaa68002eea5adce8013483680afc8fe16800b7ab003d0112265a69b54be67b6fc089d17a2ef710ef67c34b88003d01486d10903affa7a96a28a9506f04	4a7f8005e0e80175848e79b1b48a2301a0fce801f90a318397d35efa7be8013f923849a0281ae801f17f10081d1e6b9b3be8010e1f9c840a8f6b2020de76e801
37	0x11bd6d	0x11beb3	0x146	85	85	43	0	0	b2c43c47929bd773bd93bad990d2467cabd8ac67bbbc84aa1ee2be51264604ff	315:5,168:4,258:4,287:4,215:4,114:4,337:3,185:3	315:5,168:4,258:4,287:4,215:4,114:4,337:3,185:3	+0x4:55,+0x3:19,+0x5:5,+0x2:3,+0x6:3	120040053a145656d924911900e80111f5cb620b0ca3f246bf6128d8e801b9f558803a7ed989008b04f3350a28e801000228a29e03d057f82800610ee8014005	9ef67d0e7a01e801be90003d013f02620e88ff50adfd51ac246800ff688ed8fab5b3003d01fcc3c790183cd7ccd2d008a6000e093a2455005607c04ababf3d01
38	0x11bec4	0x11bf09	0x45	18	18	18	0	0	6a682e73171e7d94d0dd9d93049af7fbaf8c414abc35b15e23127bdd6a549bf0	183:1,66:1,196:1,64:1,79:1,198:1,200:1,203:1	66:1,196:1,64:1,79:1,198:1,200:1,203:1,258:1	+0x4:7,+0x5:4,+0x3:3,+0x2:3,+0x6:1	e8016e7f952d2844b3449067e84f4570273d01006c14e1a1125d5806179034b6a30e62cd28019e3504003d017e1236027683aff6b3000004003a6b81a19e003d	2d2844b3449067e84f4570273d01006c14e1a1125d5806179034b6a30e62cd28019e3504003d017e1236027683aff6b3000004003a6b81a19e003d01a7f8ef07
39	0x11bf5d	0x11c0ac	0x14f	90	90	44	0	0	765bfbb63ee14aa06170d4b79a3d5bbb14dae37a8789fab87d75dd5d3e0da323	347:6,18:5,333:4,114:4,66:4,297:4,176:4,20:4	347:6,18:5,333:4,114:4,66:4,297:4,176:4,20:4	+0x4:51,+0x3:23,+0x2:7,+0x5:6,+0x6:3	b90063ab3adb036800830768000ec732a16220e801811c003d01bddc67f368001e9757df824c00aca7c33b833a003d0178d2aa0a0f6f8c9e46b85a0be4a070da	3f181cf6e2e8013177a4977fb60cba43a190e8018ea1e8fc20862ae8010416eb903a6b766ce76272e801587176be60463a523ce8014fb55711aee481e80193cd
40	0x11c0ba	0x11c200	0x146	85	85	41	0	0	af0fd2fd011cdf5d0c7634d7b530dc45d59bc7b5993e8cd2a0cb3521c04132c5	64:4,307:4,203:4,315:4,168:3,287:3,66:3,243:3	64:4,307:4,203:4,315:4,168:3,287:3,66:3,243:3	+0x4:55,+0x3:19,+0x5:5,+0x2:3,+0x6:3	1c00000210624f183b685dbdd72a99e801bab5ab1ba6ab8037c2ab00b496e8019ec038ae5e813ad512bde52d12e8015f9ca0754d54a803f02800e8018afdc415	e8bde30be8011089e8e5b6fa003d019ce95ebd5f63c1b68a30230840162874969fbdfc27003d016133bd4242d161125f8001d87e3a780b262b730796113d0185
41	0x11c211	0x11c256	0x45	18	18	16	0	0	36c619157b5cc66b369714408f7e79975967c494aceb497b1054655b38756096	18:2,168:2,322:1,183:1,49:1,108:1,64:1,28:1	168:2,322:1,183:1,49:1,108:1,64:1,28:1,200:1	+0x4:7,+0x5:4,+0x3:3,+0x2:3,+0x6:1	88052a235626d97cc68c97e801667f00c8683d01e0f23b1978d6400688f981105d4005ef6786d600b9e43d01af9a97986f9a80153e3a79c5cb100410d300250d	26d97cc68c97e801667f00c8683d01e0f23b1978d6400688f981105d4005ef6786d600b9e43d01af9a97986f9a80153e3a79c5cb100410d300250d003d01e8f8
42	0x11c2aa	0x11c3f9	0x14f	90	90	46	0	0	ff54c0157366c09d5d72715920edc65580e786ae28bbb34350397635d60308a5	347:6,20:6,307:5,114:4,215:4,189:4,340:3,185:3	347:6,20:6,307:5,114:4,215:4,189:4,340:3,185:3	+0x4:51,+0x3:23,+0x2:7,+0x5:6,+0x6:3	1c006005107baee30ec7e01fb70809e8011201cc46c126003d012bf18eb89ac4f4d890c3737f4d3f01379a04e2e2b6003d01a7baf2811e360417b300351db4ab	85329637e7e8017f01011deae06db3c3e801aa7d6c3528fe3c6cace801fdf29b863a8a85f5cee801a5c1242bc89b7d3204d711e80196a8e0d9c04026e8018577
43	0x11c407	0x11c682	0x27b	169	169	60	0	0	2260afef30d722d43e5f52b949874884fe49918f55d0af8ad1e492ded8aa87b9	347:8,28:8,297:7,258:7,215:7,333:7,114:7,185:6	347:8,28:8,297:7,258:7,215:7,333:7,114:7,185:6	+0x4:105,+0x3:41,+0x5:10,+0x2:9,+0x6:4	5b01383c6209b8dd6dbf4ac5f51661e8010a8c7b436008f4a30fc12be80161f8a717979b187096d5080148e80136f4f4256cff63cfcae489248662c0e8015801	d51143c5fbce4ee801d80ad183886703e801a14904912a581118d3e801c2d263270e4dad589fde70e801ccd04cec61ab00e801da51c314545a2f7a3a9d28e801
44	0x11c690	0x11ca2a	0x39a	244	244	77	0	0	6b0041657c3cd61c1e2f1734474c4696ee67e9a014434abaca6c29f22e06c6e7	307:11,64:10,297:8,114:8,337:8,18:8,347:7,28:7	307:11,64:10,297:8,114:8,337:8,18:8,347:7,28:7	+0x4:137,+0x3:53,+0x5:25,+0x2:21,+0x6:8	5b0140316209f611882df3aca0c694e801420aab00d6863a9eb0b200e801a9facc00cc82563d11eb008900e8016acb09f6432b42948ae8df36d9e80161f23a85	ca6ef0045ce8015de7c8d33ac4f56b4286d7e801df45ad22641bade801377fd2cfa4b7cf55aae8011e5d37cbdfb79b73bee801be4c70b5abe53489c7f333e801
45	0x11ca38	0x11ccf7	0x2bf	187	187	60	0	0	0fad29fb9708153b9b1b36f42e39226bf1b7d35898ca81b89e0d9d582cd2a64a	64:9,258:8,189:8,215:8,114:8,66:7,28:7,307:7	64:9,258:8,189:8,215:8,114:8,66:7,28:7,307:7	+0x4:113,+0x3:44,+0x5:13,+0x2:12,+0x6:5	0c014a1cf66936c1cc5bc3743aeec8e801179a98f725102a330740539f05e801382c0a79c6c8e7497ce50264fde80195b12f02e18f5e68f808ff66d0e8015801	e2f3f004dbe801808c880a114c857706e801bec82ff23a5e42078be8014908000236560c6077b9fae801900337cd78aabc3cb7e8018709ba945999003555e801
46	0x11cd05	0x11cf21	0x21c	144	144	48	0	0	c45c837aee8b604af72adea6a3051fa54c679f88b9e50b14213dfc85f05dc5d9	18:10,114:10,337:7,199:6,196:6,297:6,305:5,258:5	18:10,114:10,337:7,199:6,196:6,297:6,305:5,258:5	+0x4:94,+0x3:37,+0x2:5,+0x5:5,+0x6:3	c700f74e3a7495910003329900fc9ee8013ef5aeab0066d9b4f92b00e801c605eb4c8900a0331b2e2480665a4ee8010853f2fff628005c4e8ec430fde8019003	f02b0b0f82e8013efe90233b3c915a46bb37e8012a4dfb10c72810d3b7e801779a09f3fd92c3e8015155ee8a3201fc013ade70e801af9f48eb7005d038b9e801
47	0x11cf2f	0x11d207	0x2d8	193	193	65	0	0	0ab248c9b347d7e079fffbc02a9afb7db08a0a470b7a4e1f96c73a362c8db3d1	258:11,66:8,114:7,337:7,172:7,185:7,297:6,347:6	258:11,66:8,114:7,337:7,172:7,185:7,297:6,347:6	+0x4:114,+0x3:45,+0x5:15,+0x2:13,+0x6:6	4200f9973a7bd39900eb933cdfe80130cb0470abf64f9197765d4656e8017ac297b7c4dc5ccb16a8501f5e4de5e8012411fb0f1e673abc8d1d7b8c46e801c60e	e8917005ca6fbae8015bfa96e0157f4ce8015e9b5e63bfaaab1df6e80192d7100810fc2679f3e8018ece24a3ed4ca000fce8012b3feb7a9ed5e958ec7e76e801
48	0x11d215	0x11d3d3	0x1be	119	119	40	0	0	cd908efb7802ecc124e03b160455d808738657fa28fad1310a5adbdc7694b9f2	28:7,337:7,347:7,243:6,66:6,196:6,307:5,18:5	28:7,337:7,347:7,243:6,66:6,196:6,307:5,18:5	+0x4:82,+0x3:33,+0x6:2,+0x2:1,+0x5:1	72006b648cace79875769807ecee91e801898db8d304ab00d07c6cdd3a34e801efe9162b4005643d3775d6b69ae80120982a211b280066b72cd8e801faba6970	4701220754e801dd7af4782ce7fb873ad9b4e801f796760128062edad4e801b8e2049bf005569879e8010881a2b9f325af039fe801c8835a27f004ece801984c
49	0x11d3e1	0x11d6a2	0x2c1	187	187	66	0	0	7dd41c7e00090e88c9124d19cda03c1c1971422f1abf16d1d3c31dcff2ac7588	337:8,185:8,340:8,114:7,215:7,18:7,258:6,172:6	337:8,185:8,340:8,114:7,215:7,18:7,258:6,172:6	+0x4:111,+0x3:44,+0x5:15,+0x2:12,+0x6:5	29013186e2a8b7de6e2751c325e801f2c303953a7d899fdb7bdfe6cfe801ecc4b9095d7a233e5ece3ebb0370f8e801e798c4799003ecd682873fe801f9fa6471	f4e1a000bae80191f5041c2301f2a5aee8019e61625a48a74f273ae801e3c6d89700fec005a8ea31e801e834ab005714e2dab5e801938544cb800508e801cd88
50	0x11d6b0	0x11d91b	0x26b	164	164	63	0	0	d3f0f9ea4db528aa2277640c23d371fcc0cef6cad3f73fbff614225174203878	347:9,28:9,114:8,18:6,340:6,307:5,196:5,297:5	347:9,28:9,114:8,18:6,340:6,307:5,196:5,297:5	+0x4:100,+0x3:41,+0x5:10,+0x2:8,+0x6:5	c70057493a639c9900bc0958a0e801e084e5402a0e8cb202b3c3ab00e80131f518606ecf2838ba3e334cd4e801e1f00232a4c177bcdd77f728005d93e8015ad5	3ad2673ce5d62fe801d7813e3e0b6881e80151c5dd040afb52e49aca6be8013a8db4103d52090571e8013c6703aefca23a2ecee801d80ad3018f1d037217e801
51	0x11d929	0x11da3a	0x111	72	72	34	0	0	2f741fcbdad16680d4ec6cba63956a30062cad3a76c1a62122e8cabbc34a4bd2	66:6,305:4,114:4,18:4,157:3,340:3,346:3,64:3	66:6,305:4,114:4,18:4,157:3,340:3,346:3,64:3	+0x4:51,+0x3:17,+0x5:2,+0x2:1,+0x6:1	9d007fd799002cd03a5c679900e10ae8018d9d2b763f9e97deeb5ca6a677e80177bfc1d7159e0e4bd889005532e8017c1728002fe7dc87072800459be801d167	aee80135d6c5d5d80aa89c078081879be801e49ca156bf9e4f9ad00004eb00e801e8013d018a87e801e2cc100711dd19a072cf2d7822a2ff647b1f24313d012d
52	0x11da4b	0x11db08	0xbd	51	51	23	0	0	5a2c624df24cd8ea5f12c71206af19135c462fff07f74456ff011b0b2e29d16d	123:5,158:4,215:3,307:3,114:3,174:3,258:3,185:3	123:5,158:4,215:3,307:3,114:3,174:3,258:3,185:3	+0x4:33,+0x3:17,+0x6:1	78451ae80154de7b84f711d803075de3e801e8013d0167b80245ada162deaad35de8016803ba8680058ce801f8b68b1084b30595d4f0afe80113f14a15c8a23a	7f24d1468e4850e801ba45ad5161169d3482e8013a9daf280074ede8015ed7013f1cb1a2d0ea093ae801a44580b3660529577be801760a9900d0113ae801dcf2
53	0x18b66f	0x18b88f	0x220	145	145	54	0	0	41a9de0b4a4149df25f72198c36056194a85a256de0e62ccd30b83124bbe89ed	337:8,18:8,307:7,340:7,215:6,347:6,114:6,346:5	337:8,18:8,307:7,340:7,215:6,347:6,114:6,346:5	+0x4:95,+0x3:37,+0x2:5,+0x5:5,+0x6:3	ab00e8012b003d7999005cab3ac495bd54e801ce7eefdd8fcbdfed46cff00b36987ee801f254e62e97503ab27703505d63e801bc4604efabd62800d000004783	8d6b7005bb3381e801720824830a11540a75e801d80ae845082f81e8019e02174ee09b00063e5a38e8014e8b99bb14fa3ae8011e356e3db4c0f989e0e801467f
54	0x18b89d	0x18ba5b	0x1be	119	119	39	0	0	a354319dd06570001601a42dc4d1d3a44f9bcfa886a72dc30a054580507401fd	28:8,347:8,66:7,189:6,18:6,114:6,199:5,307:4	28:8,347:8,66:7,189:6,18:6,114:6,199:5,307:4	+0x4:82,+0x3:33,+0x6:2,+0x2:1,+0x5:1	cb009f913576beb5ab352799c73616e801ffb2bceae7984797d00aecb42be801bd812dfeb972be45421ea3e006e801591cf662ad2adad9292800e80129f69f91	af473964ede80136e02e8f6a02255388e801c0fadef974e65fbc0adb9ee801c89c126095d178cbbbe801a5e4f9d5d8031a4235e801a8ef549ff00450e80108d9
55	0x18ba69	0x18bd8c	0x323	213	213	71	0	0	920592f3b619c843ef2009bbc707330d418b73c8ac514ce1debe99274a22e91c	18:11,258:11,189:8,337:8,43:8,347:7,64:7,199:6	18:11,258:11,189:8,337:8,43:8,347:7,64:7,199:6	+0x4:124,+0x3:48,+0x5:19,+0x2:16,+0x6:6	c700574a3a853ae4ecd638eb03e80119fa8befab00909a1a44e92b7baa1de801c9ce604072a4ee250c2cf8e80142b4c47a2801961b1dd3281adba44be801c20b	bc3b084b83e8018946a41a23019b74dee80172d969d22aed0b2f805a58e801c0b50f817b68aee801e2d788343a0c7133e1ecebe8013ab5ab25a799007437e801
56	0x18bd9a	0x18beab	0x111	72	72	33	0	0	2cc7d6f7d2f29033a9e2d843f33e0cb5f4ac330dea438e6cb27968af0efed558	26:5,340:4,307:4,114:4,168:3,199:3,347:3,33:3	26:5,340:4,307:4,114:4,168:3,199:3,347:3,33:3	+0x4:51,+0x3:17,+0x5:2,+0x2:1,+0x6:1	1c006005108aae93003cd399002200e801d8f5ae93d7c6d4c4c654e9ba7ae8010ba81fd2071ffa2409de802c91e801aa66bd2ef5eed04b990cdbe801c9f6680a	eae801882cfaff077900e530dff401c3e801ebacb30014ae8e4d7a3e4151f2e801e8013d01c076e8016be810bb78f6b03811a5e08a2f4ec0a8074657ce3d01e9
57	0x18bebc	0x18c07a	0x1be	119	119	52	0	0	27a334d75ba1e781e7bf0cb3209e6f8ac10defb1da4ffc6ecb2d1d67c5dd67dd	340:8,66:6,307:5,43:5,20:5,258:4,297:4,269:4	340:8,66:6,307:5,43:5,20:5,258:4,297:4,269:4	+0x4:64,+0x3:28,+0x5:12,+0x2:11,+0x6:4	9b10e8010a2768007d0dabd4fb6881003d012b7f6bdc4c4300e7efc00c8bd0fe3ea928002ae5ab5a54003d012ea9d705c4f43a48b21da7462e447bc4503a20a4	2ca1f004c4e801a753a00ae1b85d2301f958e801cb95280041dd18e801f0adf5891141a000a7e801dd7a7cfa74e6f7bb0a1659e801de8e99009e9dbee801b972
58	0x18c088	0x18c2a6	0x21e	145	145	50	0	0	fb7de9ba3af9a4f1f4d0fe3049697fe0326afe01ac96fc891b14c6c5453da539	114:9,66:8,315:7,258:7,337:6,172:5,64:5,157:5	114:9,66:8,315:7,258:7,337:6,172:5,64:5,157:5	+0x4:94,+0x3:37,+0x2:6,+0x5:5,+0x6:3	c7000f483a8b8364bc12e1eb03e80171f2721bdf5b2d1a1cc3e8ab00e80161f275132847cf8900fc6d7dfbe80151f61daa8d008a65b9c0a3449fa6cee8015801	eca0ee702ba445e8012d0f72c4431840e801a1f4123d0bf47c072a58f9e80112ac4e4e798900e801257fbe343febc00520fa5ce8017398ad58d5cca3d0bce801
59	0x18c2b4	0x18c467	0x1b3	116	116	37	0	0	c7c14d6a472cde95f38861d97fa5f1fa32c78c10857bcaa53581c65d4a8956d7	189:9,64:9,66:6,199:6,114:6,196:5,315:4,287:4	189:9,64:9,66:6,199:6,114:6,196:5,315:4,287:4	+0x4:80,+0x3:32,+0x6:2,+0x2:1,+0x5:1	bd009900c4ec19555ecff80a2ee80161f212d46c87f955bf059671a5de9ce8017a050dfd33b589007f2d3a0eaae801000284421c0f4af29f4dcfe80154bd73fa	2a9b945afae8017f83c8779fbf20923aa29ae801f509370011595a5eefe801f390cc6169dded4427e801ef9c9bf0fa35afe8017a3db1eefe92fd99006a6ae801
60	0x22fe2d	0x22ffb1	0x184	7498	103	50	0	0	bbdcd9d53410b2eb127f93528208d60b007f85b5df614c8b9de74b5a321e8e48	258:771,172:260,199:260,43:259,337:259,185:258,297:258,203:257	258:771,172:260,199:260,43:259,337:259,185:258,297:258,203:257	+0x4:3124,+0x5:1538,+0x3:1297,+0x2:1282,+0x6:257	6201e801020146c2077668565ecfd00cbaf45be80110a3db0f7de18ce2d3d0b6ba3fe80189c675d8099daf81001ce6fd9fe801b47e7007b8f81ce5bb7c3ae801	db62dc7bd0aa8b2862ad873b07c7eceeaa0052963d010f9924d2f189b77ba30186c159df22c93d01ce1ef396500546c134a10408fca726a7993fba82b0473d01
61	0x22ffc2	0x230111	0x14f	20491	91	46	0	0	3c77d1bdd8ba41e5862c83e9c2cbed46258f7ece3c03ad405525cc6c6b286bd4	66:1280,114:1024,307:1024,347:1024,28:1024,258:1024,337:768,340:768	66:1280,114:1024,307:1024,347:1024,28:1024,258:1024,337:768,340:768	+0x4:11781,+0x3:5378,+0x5:1538,+0x2:1538,+0x6:256	c39fb63a3668ff1418b4e9c6cf3d01a76f9f70d67d999946dcee3f9e759ed3d6cc3d743d0127d20d7200d95ea6acb664cf574f91aff7c3fc4e003d014768af82	1e50772fc0e801c1d65f088d75e025af338ae80187403a53b0a26f50e9e801f08c496465ca28e801341bef8337bfa00084e801a57c233e7c7469f83e4496e801
62	0x230122	0x2303ae	0x28c	44544	174	65	0	0	6d87be88201f91b616f7f1711457617781c1bb7eac355febe18953fa742a3f37	196:1792,258:1792,189:1792,168:1536,347:1536,215:1536,114:1280,199:1280	196:1792,258:1792,189:1792,168:1536,347:1536,215:1536,114:1280,199:1280	+0x4:24576,+0x3:8960,+0x5:5888,+0x2:4608,+0x6:512	c4004f6eb4ee920dd4dbbb3cff8ab8e801c71b3a1790b79a1030a5ef9e5ae8014005124c565ed924910100e801a9fa2d82ad0285267a83f92800b50ce8010f89	fa5b130260039000834568004ea33d0100ec654804c628a6f00a6212c1d7348d0d687c003d01f3be482e2006fc3f16c5a034c57900693f111cc43463f7ff3d01
63	0x2303be	0x2304b8	0xfa	66	66	32	0	0	6a3a74f129d79905c41bb8913d94b73e426ccd2f0dbb51b914fd67ddda987cba	66:9,347:6,184:6,114:4,123:3,340:3,20:3,189:2	66:9,347:6,184:6,114:4,123:3,340:3,20:3,258:2	+0x4:38,+0x3:18,+0x5:4,+0x2:3,+0x6:3	381b90d9800d6d4dbe452b0a0126003d019b0cb341b2fe23d42a2223803016abd3e468009b523d0100b7b8325f007bcf71cd70884fcba4041002351734003d01	470119d8dc9475e801ba6914d94fc69ae8010654fc1a280099d55ce801187d53913a540cce00d830e8010489e31c0f5005c8ebe801b80ada427f801e126fe801
64	0x230722	0x230b1b	0x3f9	12609	269	75	0	0	81028bb0daf735756e9b87aeb029129b485068110d68586a6d1f2b1176e29fe4	347:646,337:644,297:516,185:516,64:454,215:453,28:453,161:453	347:646,337:644,297:516,185:516,64:454,215:453,28:453,161:453	+0x4:6743,+0x3:3170,+0x5:1283,+0x2:1027,+0x6:322,+0xd:64	e8016201d700680a88c3f99900fc801c08e801340481868e424c0d2a2a56a6cf26bbe801189cc2685e35399cbb5c91e801e9f9bed5afdef524f14bae53259093	37ff700546180fe801fd59eac7883bc2b2d5e801880ac8c0f4b10ae801ca1889000cefa00048e80131fd904ac6376affa5e8010ad2809989c6d80376564de801
65	0x230b2c	0x230e07	0x2db	12480	195	69	0	0	10a27d293a1441b39849766a730d5ada170b4107a9147934ea27afcf06501ec0	307:576,114:576,258:512,28:448,66:448,347:448,189:384,18:384	307:576,114:576,258:512,28:448,66:448,347:448,189:384,18:384	+0x4:7296,+0x3:2944,+0x5:1088,+0x2:896,+0x6:256	c4004f6e0cf49cf844e0d80992e80139f90313a3f7f67168c3045cd72a47e801bab5abb5198978ec45762c0e97e8010758909f024234c05a8018559be801e16a	14e5f829b62649e801a5176ed5b1ffaa4a59e801e509af8070167a28cfe801d945ad6b9804dd12c4e801259138786876b0e8011b721a113a0ea39900e80145c4
66	0x230e18	0x231217	0x3ff	17600	275	82	0	0	1dae3863b8aa805cf43cc8eef1a228afc47dc18b7801e74ae6c9c6f041847028	157:768,43:640,258:640,66:576,347:512,18:512,172:512,337:448	157:768,43:640,258:640,66:576,347:512,18:512,172:512,337:448	+0x4:8960,+0x3:3520,+0x5:2688,+0x2:2240,+0x6:192	4d01c3e9990004801c08d000a21611e801f5c841b67a0b1483d20b4caa6fe801f30de33d3ef5fb0f520a3ae801a2c2bb542ac3beea356230bb036558e801d5ab	21160e87ae4479a309362dbf7588100aedb33d0100bf0cf28eea4ab11d41a434c56f2d220557623748c53d013ffa143aab00cbd0ab00f8038c99a12b3d0127f9
67	0x249468	0x24972b	0x2c3	376	188	64	0	0	792b30b5595d1845ff04623620b63c7fc283adf9ca76ce03daa4c371aa3615e2	28:22,347:16,340:16,337:14,189:12,43:12,18:12,333:12	28:22,347:16,340:16,337:14,189:12,43:12,18:12,333:12	+0x4:228,+0x3:88,+0x5:26,+0x2:24,+0x6:10	6201e801bd009900bcef4ffebab5cf19bbc439e801c9bd87c48db9c9633aab00e801588bac3181f6cf1ad49e7213346a9fe801dbcf2800d80a7c91820bc3e801	f85ba026f72872e8011008f8cee1b3a3070de8018f435c176f2e3a355ee8017edbac906f5ebbe801a608a688f200dd4208c0ebe801909dafb92834ec92c0e801
68	0x249739	0x249956	0x21d	288	144	52	0	0	3ff3dfe3b341966e34ac9e680fe115c4752a0bf675d454daedc792e101e5137d	258:20,337:16,18:14,66:14,157:12,64:10,346:10,340:10	258:20,337:16,18:14,66:14,157:12,64:10,346:10,340:10	+0x4:186,+0x3:74,+0x5:12,+0x2:10,+0x6:6	4000f5a1990070627a623deb03e80129f1beb052c595b268ff4a5ce3d679e801b3aeecfa71a74e9b4c89001862e80103fc6ed1e5383a1aff2800e80161f8da39	1a54171ef851f0e80112deda94700561306ae8018d3db49715d8eec9f8e801b40a9082800526e80144a6f822666939d40cb479e80182cc8afba00013e801d57d
69	0x249964	0x249b99	0x235	300	150	54	0	0	23aa59ca2a2bdccc45657a2cb5538dad21978baf38ab53892d2fed27e270f062	347:16,28:14,66:14,114:12,157:12,18:12,243:12,337:12	347:16,28:14,66:14,114:12,157:12,18:12,243:12,337:12	+0x4:190,+0x3:76,+0x5:14,+0x2:12,+0x6:8	7200fb628cacbbc49900082133e801a4ac882c7bc3eaab0026802e081c75e80147c58900fc899024faadb22a19e8017ac5b1773056e4363dab0de59de80188b3	897620268ea05de801e805a85cc0c0a39b8ae80175032800d803888523e801f73d0872dbe30ee801aad18282740348a5aee8015ee3dffb322c75794be801e695
70	0x249ba7	0x249ddc	0x235	300	150	55	0	0	2d64a107d24567b51c2ca654cf3f6f887d98778fb0aa214336f64a868b9453e1	189:16,18:14,66:12,340:12,28:12,258:12,337:12,114:10	189:16,18:14,66:12,340:12,28:12,258:12,337:12,114:10	+0x4:190,+0x3:76,+0x5:14,+0x2:12,+0x6:8	4200f1923ae1ae930082cd9900f06ce80160053b78aa93007801ab0012c9e801979856d620151e836cf42de80149f6d75bb2a428dceedf91047fe80139f97e95	969bbc4b09e801bf5190745e47034003e8011353c9b8199b3a680ddd53e801d50d28a0d803c48920e8019003101d460a93e8016a1313003a6767d4e6e8013bff
71	0x249dea	0x24a01f	0x235	300	150	55	0	0	5be790cf7849303bd33fe8a4c141cb499e44c8d5ca21806e6db56957bc095039	114:16,64:14,18:14,66:12,199:12,347:12,185:12,258:10	114:16,64:14,18:14,66:12,199:12,347:12,185:12,258:10	+0x4:190,+0x3:76,+0x5:14,+0x2:12,+0x6:8	a8009900ced0f22e1c96fcea9ce8019c8852657539d51970d79847bb1ab0e801cc0b5082f4033a18d51c00e80161f2ca17083d002f84441ff062e80199f56a63	5c640647010f29e801780f76f6fbcf9de801dc28304710ad0235afe801aacf29dd7a0eaf8900e801fa4a93f73af1461e8e639de801a4ef99002a5b7d039be801
72	0x24a02d	0x24a292	0x265	324	162	59	0	0	f693b78af45de3b3f07bdb533e8550eba0c81e7af991669d1ede9263bb4befd3	189:18,28:16,18:16,337:14,340:12,307:12,123:12,168:10	189:18,28:16,18:16,337:14,340:12,307:12,123:12,168:10	+0x4:198,+0x3:80,+0x5:18,+0x2:16,+0x6:12	ac00b2af930068079900303db30005e8016b0066d924f82b008809e8914fe801469a3ceb40052859336dd64692e801051a2800f2184e6cd000b00e36e801dd28	4e030099ba0a11e80100025848df4eec5824e80151b47ab8a9a446e801ce2f890030e208056c7e71e801bd6712ab33104c5b23e801e8055c72b614e5a2bbe801
73	0x24a2a0	0x24a4d5	0x235	300	150	55	0	0	92fd3a0094cb64f7fe5656a51f7d5f172459d85042d7e75065af9ab03b1b14da	28:18,189:18,114:14,297:14,307:12,161:12,258:10,43:10	28:18,189:18,114:14,297:14,307:12,161:12,258:10,43:10	+0x4:190,+0x3:76,+0x5:14,+0x2:12,+0x6:8	1c00900310af49f80b0b714ce0e8014acbdad872bfb4b562f736ce2ae801aa83f65a402719970a61bdcb02d8aee801f042fe49bf35c111cd28004ebde8012e79	b43e8c5821c867e801ab5b93f0fb893a51efe801c642e34492213a0852e801de998900f554bee801b8fc44a75bea7abdae8a6fe801f80e3f448e3003e8011a48
74	0x24a4e3	0x24a8c5	0x3e2	522	261	75	0	0	abaa0240a42a3c5f0ae6cb63aa262cb991ca5abe0b2f8f85dd69ddb3ea3d99bd	64:26,28:22,337:22,18:18,258:16,199:16,66:16,43:16	64:26,28:22,337:22,18:18,258:16,199:16,66:16,43:16	+0x4:280,+0x3:112,+0x5:56,+0x2:48,+0x6:26	d7004005881c5fd5d6e2f953b64d0fe801a5c9475d65ee5cf5d73db2cad7e80169e45e9d0b7e1358a7d6d7c2bee80121fba81758060e0f99c47ee8017cc3080c	4701e608b9e801911d1f599d7080053ce801260083ee5e5c9510e5e801767fe43d108971e04ae8015c300def2ce87005688b33e8010002fe0290dc8dbacce801
75	0x24a8d3	0x24ab6a	0x297	350	175	61	0	0	addb3c9fad7c50a15b8f2088a05e337c73654a7b99eeb6a228a1891a87f53c47	28:18,340:18,18:18,64:14,258:14,347:14,189:12,243:10	28:18,340:18,18:18,64:14,258:14,347:14,189:12,243:10	+0x4:210,+0x3:84,+0x5:22,+0x2:20,+0x6:14	0c014a1cc66200029b0a8a60f96d1de801539d3a21879ecf5961aca8169ee8016f6792e30089007a28717f2918e8014f1528000aa42490d000f86037e801a09a	3a7289ce01451ae80190682301ac55aae8018e6c03922ab50d4d000026e80100023a6a0d7c776df9e801a432ab00e794a2de06e801100888db9f8d0bf270e801
76	0x24ab78	0x24ae0f	0x297	350	175	61	0	0	13d4f599d4b899ef3236539d578c2cbcbc0c5203d13d7f0c02c23ba6c27a19f4	18:28,64:20,258:18,114:14,340:12,28:12,215:12,123:12	18:28,64:20,258:18,114:14,340:12,28:12,215:12,123:12	+0x4:210,+0x3:84,+0x5:22,+0x2:20,+0x6:14	5401ac1299006061a5cf88098074fce80141771cf9eb08af4054917b5eb5e801d75f89001b9e3a46867edbc270e8018ccad0c068092a8bb7e30091afe8011008	12084bac3ae80177495a3bb82bcbfd3a4129e801de7d549bd803e25a9be801832d0362bf223ae801117d10cbc6b7f00407e801419aa080fc02d803248926e801
77	0x24ae1d	0x24b052	0x235	300	150	54	0	0	183d6cc66ade641c59d7b0cc33cbb82700e79e6b52f6b9062bbc079800925d56	297:24,337:18,43:14,340:14,114:12,28:10,185:10,64:10	297:24,337:18,43:14,340:14,114:12,28:10,185:10,64:10	+0x4:190,+0x3:76,+0x5:14,+0x2:12,+0x6:8	c4004f6eacf8308177e7f80846b436e801ec697af5d42dd30a98073aa69ee8015d6aad00579168ef3abdaae80184bc3a0dab445f2828ea45eb7bad12e801ea85	6661f004a8e8019b9781bd36e9a606f1e801e29d880a3a18f3b00a201ae801838112ab90870f5ef6e801ef9ca03bc9355a1af3e801fb5ff248426d5b2b41e801
78	0x24b060	0x24b39b	0x33b	436	218	73	0	0	4153a66aab7b4c14c6204c1f0fd26d104f5baac33836ccf95199bd4b04c373b5	340:22,297:20,114:18,189:16,18:16,307:14,268:12,185:12	340:22,297:20,114:18,189:16,18:16,307:14,268:12,185:12	+0x4:246,+0x3:98,+0x5:40,+0x2:34,+0x6:18	0c014a1cce670f03e0ddfc103a9036e8010e8c3203fbcaab00184bb6e016e8016bfa8900120989004014264692e801e51e2800470b7a6266f4ae6af2e801a7c8	327aa7f07a5ad3e801bc8c0c913ea5aee801ce46ce912800c005104249e80102b904f87651e4ef77e801761d86e07c86b1cd4ee801d80a61240c208172aee801
79	0x24b3a9	0x24b640	0x297	350	175	61	0	0	9afcff91d5142f3496a529692d8a4d785656c9d19b81a8c89ec75e728443685c	337:16,18:16,199:14,347:14,297:14,340:14,189:14,66:12	337:16,18:16,199:14,347:14,297:14,340:14,189:14,66:12	+0x4:210,+0x3:84,+0x5:22,+0x2:20,+0x6:14	ac00b2af0b0c43d476daf70750e801a9fa9e0c32813f9e689783d6b6fd9de801b57bd105978fb8fa8809e8090fe80193a8eb006909ab8011d4cee801967b391e	283cb24701a467e801100868162bf3fbe80112dfe388ce156e25afaba4e801e8aa1a69bacd0998ade801f89fab0053e2368acee801a00a6ea46c99003d40e801
80	0x24b64e	0x24b883	0x235	300	150	50	0	0	d17b2a72a6b4f4b1ece24a143c2b595c9a781bc7aabbd0bd5f8b1d8d75c5617c	258:18,18:16,161:16,215:14,297:12,189:12,337:12,340:10	258:18,18:16,161:16,215:14,297:12,189:12,337:12,340:10	+0x4:190,+0x3:76,+0x5:14,+0x2:12,+0x6:8	290131aee2ea9c9900ac9418e9e801e9f97a15b2dc1c2664610f0ed20548e801933fc01585a567e10208e33da3e801a792c479241a2800d8097ce801e1f0ac34	a46a815ce2d26fe8015dd8272a814228e80104f7ba2db9ea14c22a6769e801a00aa8b64489001d73e801fee63aaf18a07baa75e801880aa85bf1424be801d215
81	0x24b891	0x24bb69	0x2d8	386	193	67	0	0	b7636a66821ffa780c5b24e8cc404cf184eac3b025cae04e0352cd928fe85f13	258:20,18:18,114:18,66:16,307:14,347:12,337:12,64:12	258:20,18:18,114:18,66:16,307:14,347:12,337:12,64:12	+0x4:228,+0x3:90,+0x5:30,+0x2:26,+0x6:12	0c014a1cbe6c242b308bd00ab66481e8019382adc163918ab04e8db3e80149f64f062a7dcecc9c4d39e14df43ae8018fa2280060081e01d3b84ae801e1f07416	52c3df55aae801a66c932c1bfffea53ae8017842faf3fd2a10042ae801250c424b29d2a00048e801c975f384af00f00447e80119521002160eae70171154e801
82	0x24bb77	0x24bd2a	0x1b3	232	116	39	0	0	9b2b2812ef5316498dcd9701ba340abe905a9d452b360daad172cda10add4c19	258:14,20:14,307:12,347:12,18:12,337:12,287:10,64:10	258:14,20:14,307:12,347:12,18:12,337:12,287:10,64:10	+0x4:160,+0x3:64,+0x6:4,+0x2:2,+0x5:2	7200ab678cac3a15afb2afcb020ed2e801a031d44c7ac5b1ccbdd975e801bccddc09a000dc1fb06b58011ae801b4f4fa6ef92a1b8ff6d81eadb23ab4e801ef94	2ee3bd5b495ef8e80107e7ad21a000e5e8018b31241a280008056815d9e8011616890016415bbe74e8010b9698921dc232e8010f7fb4b5ab750f4158e8017e70
83	0x26cd71	0x26cf1b	0x1aa	448	112	55	0	0	1848213f90a236a692e10098c8fc0981ea161c92c326c73fd3ebc21a484bcba4	66:28,340:20,189:20,307:20,43:20,337:20,157:16,287:16	66:28,340:20,189:20,307:20,43:20,337:20,157:16,287:16	+0x4:272,+0x3:96,+0x5:40,+0x2:28,+0x6:12	36010000e801a500420031983a761999004b4399004414e801144aab007fdfab00e0892ae80199f5f08afc904015afa2afe3006e34e8017d2bfa73d82800930f	a53a6800562eb1079205a2003d01603b7a0f629e099307ef79fcc7b3006289f8f791821eb6000aaf3d01e92b57f66b8bb0fd600a14ac21765506ae3d01695848
84	0x26db07	0x26f077	0x1570	5744	1436	100	0	0	dda224b97c7439d0a0a8ab85f05eb49e7c6b76acb9a230972507a0767bbe9964	340:232,258:224,18:220,28:220,66:208,337:196,114:188,64:184	340:232,258:224,18:220,28:220,66:208,337:196,114:188,64:184	+0x4:3440,+0x3:1392,+0x5:352,+0x2:308,+0x6:220,+0xa:32	c7000f483a2a8933bcee8d6e3e4005e801b4d4fed5003d01dc3f912abd4937b01068912836a140129ae35516d93d01be2e00f625c40cb300780114793aad9458	4701824e4ce80158f1d80a4cc38e0702e801814def90df45080504d9d8e80134f88e01a00004e801adf6719dafab0834ebeabfe8013ab5ab6d8e99f8f273e801
85	0x30e872	0x30eeba	0x648	501	423	84	0	0	77cee617c313ba0c8ccd4b693eb75a4764926614a8e5c4c32a641599f66105ec	185:33,64:24,168:23,189:19,340:17,114:16,165:15,199:14	185:33,64:24,168:23,189:19,340:17,114:16,199:14,337:14	+0x4:292,+0x3:113,+0x5:35,+0x2:34,+0x6:25,+0xa:2	0000a9006201e8014200b1933af164fc002106dd61b01ae8015a5eb58ff9ab00144bab000514e801e4978900b29a0eeed809f0e80129f16605727f96c38963b0	ec9c1300ddbe2c4670072d9d62003d01ee9c9bbaa3097a7f3cb47e7dad03674f946166003d011fc5b900c3a33acd182c297c4bced95801643849fb62b2c93d01
86	0x30eed0	0x30eee2	0x12	65	5	5	0	0	e24c339919433cfa33ab95a8d57d2664770146778a62b6b08060fdda5b2fdc82	199:13,337:13,157:13,326:13,352:13	337:13,157:13,326:13,352:13,117:13	+0x4:26,+0x3:13,+0x5:13,+0x2:13	efca2ae415697c3bb37900ddbee53d015e04	
87	0x30eeea	0x30f3c5	0x4db	886	322	86	0	0	94b4546f7ffcb79d848d0a86bf5ddaeb68af4700922a81101bf90cf2b06c16fe	199:28,347:28,108:27,173:26,352:26,301:25,333:24,337:23	199:28,347:28,108:27,173:26,352:26,301:25,333:24,337:23	+0x4:359,+0x5:183,+0x2:142,+0x3:141,+0x6:61	51015f9a68007826fad79c04d7d8b8a8051306e8018966003d01b30eec8984ee221324f8e8073726b9fb15618eabe9003d0181b9c28878076f92ee600e804803	b225e801d6db56f81285003d014fef7e23e8b69539b6be4440d6e12006e715d845dc8f933d01002f8a38033a690a2029812094aaf78968fdd00380f9c73d018d
88	0x30f3d6	0x30f645	0x26f	486	162	65	0	0	09ef41753e11457a3bb766acddc5b73496f76d7ec69307daa92d3c6ba7909ae8	144:24,168:21,114:18,18:15,28:15,347:15,108:15,91:12	144:24,168:21,114:18,28:15,347:15,108:15,91:12,268:12	+0x4:198,+0x5:105,+0x3:78,+0x2:78,+0x6:27	3001360b1328f63f1de801d8acad870905003d01ab022006cced640c01a6f033fc9b1c045c64f0e929003d01782feeba1ce0e804445bc5d3004bcb5ab93a9965	12e801102d2643f16800fe233d0100a6f48ebb0d044040a2a8cbee84bb0b0ca3876e3d017e7600ae54eae28f42bd0be43e66fc5024e350b21a003d0163f0ef98
89	0x30f64d	0x30fd84	0x737	486	486	97	0	0	a835f33abf075441a09e6a6db4e1710ebcc74c865c90c1cf0d798acb8223c07f	307:20,28:19,64:17,18:17,199:16,347:16,189:15,340:14	307:20,28:19,64:17,18:17,199:16,347:16,189:15,340:14	+0x4:273,+0x3:106,+0x5:49,+0x2:41,+0x6:15,+0xa:2	c7006f4f3af97e0e38e801de87ef9d541bbc9dece0003d01ffb887b4f30e6800819dafe80fc4efe8abc44a0006a11a3d0100d948266b3a309d0343f6a116c803	89e801400588fc5685d93c1879000283e801e86956fad1b300b5abe95d1600e801f4d03d01e80110e8013c63b5edfb08c8ed84abac8362fbc5b3003d0171a9c1
90	0x30fd95	0x310dba	0x1025	3389	1088	106	0	0	acca24e2b68b0596f2977551a5f8fe272b0ff3d17eef3fb847421570ff323387	307:158,114:150,340:141,189:133,337:133,66:123,215:118,168:111	307:158,114:150,340:141,189:133,337:133,66:123,215:118,168:111	+0x4:2092,+0x3:802,+0x5:201,+0x2:194,+0x6:81,+0xa:19	0d0f6ab23b0be801abb7e6d4d3813a6101003d01dfc5744538d9acf0f6c592e93b45b668c616d9003d011504ef086005cfe0adc30dd6572a4c74f20be6003d01	96e801b4257900340fe30c6edecff298e801c93eeca7b5a0ea8a6e7ecf5e9ee801e8013d01ff0010e8014c6495a5b4ba4f273f816beeb1e92ed4be3d01b3ef3b
91	0x310dca	0x31297d	0x1bb3	25459	1864	101	0	0	4a15b56be5873bede07c62d58aa568b56e2315edcc4ccedaa906a5661261da8b	337:1025,340:957,185:903,307:903,114:887,28:886,258:875,64:867	337:1025,340:957,185:903,307:903,114:887,28:886,258:875,64:867	+0x4:16194,+0x3:6296,+0x5:1107,+0x2:1055,+0x6:643,+0xa:151,+0xd:13	9d0f3951e801568d747bfca0d28f6c012b9b003d01b3978d90369336be8557860d1e29317db96800003d016cb026e63866f6b1680aa46be8b300e6e49a826906	5ee801df843a596aecc877f97900710ce801538084eee9105cfd638fa69c42e801e8013d01f52ce801604210eff1b300b42e9b7f310912980c89522b60213d01
92	0x3129aa	0x3157e1	0x2e37	40495	3115	101	0	0	da0689d6b194ec63e6ec62e3501e34be812703a1b2824dc42372b10ae409e524	258:1625,337:1586,28:1560,114:1469,18:1469,189:1443,64:1417,340:1378	258:1625,337:1586,28:1560,114:1469,18:1469,189:1443,64:1417,340:1378	+0x4:26026,+0x3:10218,+0x5:1573,+0x2:1495,+0x6:910,+0xa:273	2b00a47b680080015a47e8014e803248f38e6808c0003d01564f0e2b8d36c8ec00fef104d5b6288bf6a495508a328b003d016efa704daf3a8754bd4e4c7ec3e4	b64b64f41c680a9083f87900d508e8017779b30000009ce0b96e1636c4e8014b0c3d01e80110e801f45f0d40cdd0666f105703639031f6a96f2b7fdd9e3d0133
93	0x31580e	0x315cc0	0x4b2	4121	317	72	0	0	fcc75ae7465588881680d1c8be484ce61c031467bbe13191b2bf670f3484228c	340:234,297:195,258:182,189:169,18:169,64:156,157:143,185:143	340:234,297:195,258:182,189:169,18:169,64:156,157:143,185:143	+0x4:2600,+0x3:1014,+0x2:195,+0x5:182,+0x6:104,+0xa:26	5101f497b300f7988f9ee4a21301e61db3003d010f03c217e4fcd884773f691d98c210059100cace4336a93d0100efb4cb00f7980476a4894802e087e801b5f1	b0761de06a40e801880a548b9538e1cfd093cfe801d4c78f0f790002a66c900801f9e80186c5235bb30093d756c7eeb3e6dd21e801e8013d0195a5e80138b810
94	0x31aa27	0x31aec3	0x49c	307	307	81	0	0	ceb612f43eb265b4d26909c734ad6496ff0c60e271149045b69332fc1892d517	66:11,28:10,258:9,340:9,157:9,337:9,199:9,307:8	66:11,28:10,258:9,340:9,157:9,337:9,199:9,307:8	+0x4:156,+0x3:62,+0x5:40,+0x2:31,+0x6:18	e8016201020126c20776a7ae7b03fdbdfbdeade801323134686eab00335eab00e80151f6e4defcfd1008fc8d417bb76ab0e8015801940f377349db5d2800e801	8ca18e3589efabe801543723017f8f2cde76e80152f8c3097bac3a375de8013bdcae5084a1a50cb9e801a00ac8b444ab00e56de801ed921ac71860e6e8016ae6
95	0x31aed4	0x31b31b	0x447	328	286	86	0	0	50c8752a76186f9dcc742eaae392928ad231e1f960fc73a3737915861c31c8fd	337:15,168:14,43:13,307:12,258:10,28:9,124:9,215:8	337:15,168:14,43:13,307:12,258:10,28:9,124:9,215:8	+0x4:154,+0x3:58,+0x5:51,+0x2:43,+0x6:22	b9009ba03a2ed642a18afe24ccdc9ce801f62176d8be45add1599e8bd0a3e801a00adc161e8900701cdc681a54e801d139c29a838a2a4c72a806e801c4c45c21	00026e2823460d45ccc9d3003d016f2ff7c8288fd45000b4810331acf72f6adcf86586003d01e82f5101d09a7900cb7900a03fc8e5f5ae7150a6d03abbc13d01
96	0x31b331	0x31b343	0x12	35	5	5	0	0	8aa32a98c0dc6f7a41c749d35289c9e21975d721a36f61d96c72714262c299f5	258:7,307:7,157:7,290:7,257:7	307:7,157:7,290:7,257:7,308:7	+0x4:14,+0x3:7,+0x5:7,+0x2:7	09de80af7d9dae7fc179003d01467c8f37f9	
97	0x31b34b	0x31b82c	0x4e1	512	323	82	0	0	14161e8c6aceeeccac4d0abd7067e7d2d8b760e723c99be7cb40726ab003b75a	28:17,168:17,64:16,239:16,198:15,337:15,18:14,160:14	28:17,168:17,64:16,239:16,198:15,337:15,18:14,160:14	+0x4:207,+0x5:105,+0x2:82,+0x3:81,+0x6:37	b900a3a83aad81f324e80165ae0cfe2302378f02ec003d011f961b45a3e7d0e83f3e23082d210cc21700f78bc00b88003d0177025c2ce00079fd50b89c530750	6f0f10d368002d170596003d011d45ff9b0fac2ed1e1783a7e6800bdafcad85d700a003d01184b820f92cad5317c3ad89ec6c021ce328f4117e49f45593d01ff
98	0x31b83d	0x31ba35	0x1f8	131	131	62	0	0	ac06bd6a31ba0b359bb6af8a69f0140b728a3d48cdbc8ce799d1e1f802b23860	337:5,307:5,157:5,3:4,144:4,203:4,108:4,180:3	337:5,307:5,157:5,3:4,144:4,203:4,108:4,180:3	+0x4:53,+0x5:29,+0x3:21,+0x2:21,+0x6:7	e5991e39c30be801d3943ae3ef68004922003d017155a7270c324d7341a75e1c56eb00b500ef80003d013cbc2114a83a3aef03b3003a798417905479ab0000f0	0052b5ab1e98504f003d01d7b184a2d7b929b30cd59751e8f3bdaadf8be26800003d01a1cc3f892800d50a3a87f42b97f3b790290a403046a3c41a003d013123
99	0x31ba3d	0x31bbf9	0x1bc	172	115	63	0	0	882b670181323478d8a26adf8a8985b1679e09ed030a6a3b008ac335f961eccd	18:10,183:7,37:6,220:6,256:6,297:6,157:6,239:5	18:10,183:7,37:6,220:6,256:6,297:6,157:6,239:5	+0x4:67,+0x5:36,+0x2:28,+0x3:27,+0x6:14	020177c1d675b6ad5303103ff3bdfbbfe801bebdd9003d014721078b3c7b6800ce22810026ab6f89e00a2801646f5a003d01a02ad5f4aa0a6236b43a5ddbae9a	6800eae8a4afe801a881003d01f75ca60fa024ba20aa5d408af4cab56ce763586800f09e003d011914c8f63a78a0983c4b3285d51a2e6a40017ea4efd83d013b
100	0x31bc0a	0x31be7c	0x272	489	163	70	0	0	91cf44fb96dba078c3799aca9910981766cb8d05c21edecb59a3be72cc717b88	237:21,297:18,256:18,183:15,172:15,199:15,144:15,157:12	237:21,297:18,256:18,183:15,172:15,199:15,144:15,269:12	+0x4:198,+0x5:105,+0x3:81,+0x2:78,+0x6:27	07536800c8895412e801c6e3836c46003d0107906fd125ba6f02a95d8a66c2864cb8ccc3f968003d01ae7a0026b32ba2bb00bb09f85004841a3a794573a8b9c5	fae23d1b8be006be003d01fc01ed459864c8a092c86b55db0fc12e9caadbb436007ddf3d011795ab0e10071fc72009dc3a27002bd47dce68bccb53ee3d010023
101	0x31be84	0x31c005	0x181	143	101	54	0	0	77e453b209353c6e9bc28a4120ce8691bcc69f33ca9892fc6aa891b2517e2cd3	168:10,18:10,114:9,171:8,253:8,52:8,215:5,196:4	168:10,18:10,114:9,253:8,52:8,75:8,215:5,196:4	+0x4:58,+0x2:24,+0x5:24,+0x3:23,+0x6:14	bd0068003cef600888fe3ddd69150edff1630fe801003d016f99ef82db42300e4fc431ae94a56ef924af000a2b003d012599b1265ce86ec0bee23dcfa009be34	740357fee8049c6bcb1300e161003d0197ca36099d010ff89d01be092e0098028d718d003d01f636720073636cac7900ced68eb8cfa03503a2035420b0d53d01
102	0x31c01b	0x31c02d	0x12	35	5	5	0	0	178b7d90b0d40d69b93fbc9483bcd5baa0dc4df46eefcffa51757cf10129f54b	114:7,28:7,268:7,0:7,108:7	28:7,268:7,0:7,108:7,266:7	+0x4:14,+0x3:7,+0x5:7,+0x2:7	cfad18fb6008b4710fe9211af63d01b5bc26	
103	0x31c035	0x31c33a	0x305	272	203	73	0	0	1919762ecd53e88ed04db822ac17e629c9c91a58b09fdb2ceecad07c87dff516	18:16,258:12,307:12,340:10,347:9,64:8,176:8,28:7	18:16,258:12,307:12,340:10,347:9,64:8,176:8,28:7	+0x4:135,+0x3:59,+0x5:35,+0x2:30,+0x6:13	1101f0e92802e8011e8341776a3c35446800bf0c3a003d0141e238f778abcdf15070363f3bfb6a77680030028df98e003d018ee6a1f6c6b974a00fba0a3498c5	ccdb759ea4e801f58e504523017005f7076fe801d7095c25f15fae406be80184728900f0103a821ae801a00a68b406ab00e550e801eeb339fed5a87ae8011994
104	0x31c34b	0x31c596	0x24b	306	153	66	0	0	4b12bd3b25215c283ef8669436bfd30e87f07a8d2cf52dae5a578eb44357866a	347:18,199:14,157:14,66:12,203:12,185:10,26:10,18:10	347:18,199:14,157:14,66:12,203:12,185:10,26:10,18:10	+0x4:166,+0x3:60,+0x5:38,+0x2:28,+0x6:14	4200d1923a1c5656d28369342ae80149f66b45160a8e7403b6b71de0e80129f15726f35f6c923ac1028d42649ce80113e47640dff4a17903f1867e39e801b10a	5b5ffb07e8013ad84c83831c003d01179bd9e394ea61192a5eea1168afc4ebc06800003d01dcca6992c48b84890fbf680090003a50ab32dfec9835b744633d01
105	0x31c5a7	0x31c79f	0x1f8	131	131	61	0	0	721093646429817e8041e07fd533fbe9c5599142ee2d7d743aa12270025aeeed	64:6,180:5,144:5,18:4,199:4,297:4,3:4,168:4	64:6,180:5,144:5,199:4,297:4,3:4,168:4,30:4	+0x4:53,+0x5:29,+0x3:21,+0x2:21,+0x6:7	50152e7a6613261cd74754db0ce801003d013f0e13a91344d7bc33f46800956178ae69336a0e4d693f003d018f9a4f915fd65deeae10aed3003a444b855db106	01b7f93a638a97f999c6003d01d823890d02179054d72bf662b0cc23d01906a800d9e43d01f79f3aa1b3057c4fb8791a5f73b42d90f2680922003d0127fd6534
106	0x31c7a7	0x31c963	0x1bc	172	115	63	0	0	75b84424fbf5d0c5c78f315e02796f0cdaae068657bc2397597d61c362102394	66:11,173:11,253:6,220:6,347:6,258:6,124:6,215:5	66:11,173:11,253:6,220:6,347:6,258:6,124:6,215:5	+0x4:67,+0x5:36,+0x2:28,+0x3:27,+0x6:14	9d00d7d4680020081c6d0f09f0e30be8019763cc94003d01d7b9acb2dd66680058019074f8b08366bf7208080800b8943d0179220538e000880002565f3a00a1	63ca8d222e2aef44639c003d010856b6060eba9981103406140af50c6b80523654d9e1c1003d01078dd0082867f766093aa1cb108675c30fef4a3398233d01bd
107	0x31c974	0x31cbe6	0x272	489	163	69	0	0	f137e4d168ccdc943effb6c90f8f9f7c3e8efda87509500f827ac920867aeb5a	18:21,196:18,66:18,108:18,220:15,114:15,320:15,215:15	18:21,196:18,66:18,108:18,220:15,114:15,320:15,215:15	+0x4:198,+0x5:105,+0x3:81,+0x2:78,+0x6:27	b9568922ae67c9e8015688476124a6003d0120471f998ebb29484bd88aa0836b25a99e07920417003d01283d98813ab64286b76603da806005c829095b03003d	b27298d1148ee801003d0114de1df738eaece8d663811176a1e8044883d26800007def3d01eb8705021070b8068001dc9c383a39d0e43608013d01e62bf33600
108	0x31cbee	0x31cd8c	0x19e	110	110	52	0	0	6d9bf43a2fc3e512b6c152364381d5e829b2a99f4ca8ef5b030c825bdd41d9bf	258:7,64:6,20:6,307:5,28:5,199:5,347:4,215:4	258:7,64:6,20:6,307:5,28:5,199:5,347:4,215:4	+0x4:59,+0x3:26,+0x2:10,+0x5:10,+0x6:5	fe00e80142476310e801dff768009c7ddef4ec1db3003d01df26e2d8feb9d9ffd51b07fd3048220db0ff9104773d01067100d7f088084a0ace5e02f0563a1dc4	8b018005e9e8017c9ccc55b41c0b2301e8019d7dc89028fef7352a7f90e801b310cc555e8dadce26e801d634ab007c53b1f837e801a70c2a225c0350e137e801
109	0x31cd9a	0x31cfb6	0x21c	144	144	52	0	0	d6579ef8042f2dd785074cf62dcc91969d9e4efc53e8c46f548a20432a0ab926	189:8,114:7,297:7,199:7,66:7,337:6,174:6,347:5	189:8,114:7,297:7,199:7,66:7,337:6,174:6,347:5	+0x4:94,+0x3:37,+0x2:5,+0x5:5,+0x6:3	33013af5ae9900a6d9610a9d26802be80181adf09f64303abb7d112346d5e8016bf3890073933cdfe00a2ae80171f29714276c4b936cc7a3e3a0d612e80154af	2e73de4d2a5199e80170fa38610536a87bcbe8014cf63af0112800637ae80110780ce8d803c8552ae80108b9ab00249793a03de801415609c841f4e2e944e801
110	0x31cfc4	0x31d273	0x2af	182	182	65	0	0	2744351f73c26dedbbdba94ddeebf6d9b391429f34e7216b803f272e52cae6e5	189:7,340:7,18:7,347:7,64:6,215:6,28:6,258:6	189:7,340:7,18:7,347:7,64:6,215:6,28:6,258:6	+0x4:110,+0x3:43,+0x5:12,+0x2:11,+0x6:6	4000c5a99900fc5d5e28f808ff8ecae801b385c613b9d7c0e44708aee5e0e801b51349ba2c00c662d0009b3238e801d13f928fe00db0d798c476a272e8017a14	4701d803fc692ae801dc98639b41c12c2c64e801024744bfe79f98e80123da739daf7900f4eae8016246008aba30171ef7b9efe801a9a91cdf6b1e3a7219e801
111	0x31d281	0x31d49d	0x21c	144	144	52	0	0	22eef7a05ca2767cab0b5ede3a87dd99edb46e5d88d35acd67cbcdef7eb62461	337:8,189:8,18:7,258:7,28:6,196:5,66:5,185:5	337:8,189:8,18:7,258:7,28:6,196:5,66:5,185:5	+0x4:94,+0x3:37,+0x2:5,+0x5:5,+0x6:3	54018c139900ccdd35d1c1481ae801b9f530f53adb6bad2cdc71971c02d8e80186c2890033cc8900707936b80ee801ee0319f579f267400334de7e4be8015598	592d88a5aee80146c51028721e40d70bf26fe80103ca135d22d9758380e8016714d04544043a2c29e801e8057c24717ca2826ee8013090ff3e95c8d9e80119c1
112	0x31d4ab	0x31d75a	0x2af	182	182	64	0	0	d5f8b481f0542dd4fa6214645b35d0f37b70fa291cd932671ab5ddaa8900bd2b	340:12,18:8,114:7,307:6,199:6,189:6,297:6,157:5	340:12,18:8,114:7,307:6,199:6,189:6,297:6,157:5	+0x4:110,+0x3:43,+0x5:12,+0x2:11,+0x6:6	540154129900ebb999005a85aa1efce801079a971b5f0117621b8ff60243e8017ba9f76fb9220cf423913ae80129f6a792147afc132800da0d54e801e9f911f5	488114bb2ce801d8b94826230164fbe3e801247f9239b9eaaa096de8010d1f06ff89007ec2b9e801ded5900384615e5eaae8015e7bcf7a74e7f73b0a2ed8e801
113	0x31d768	0x31d984	0x21c	144	144	49	0	0	c7fde04a80778ef54f7b56a8e2a878cf106ec15ff8dcac37666685b842fb0e93	337:8,189:8,28:7,18:7,340:6,199:6,215:6,157:5	337:8,189:8,28:7,18:7,340:6,199:6,215:6,157:5	+0x4:94,+0x3:37,+0x2:5,+0x5:5,+0x6:3	54014c0e990040050ed9825dd64e92e801e8ba02f66006b24a031cdf904ae801a29195dfb3d7e9f6b0e30a4243e80100029c9aac37c332bb28002294e80190c5	c3372c8cea26f5e80167bbe281b39efb0350e801100d5ef9d9b84a9f6de8010403ce86e007364a3ee801e7b7710fc0058554dfe80132360780f0041ae80110d3
114	0x31d992	0x31dc41	0x2af	182	182	63	0	0	610bdabde6d6571622498fc178ae5f3a4f4c1f282deb3e8822f9ac380963a936	28:10,347:10,66:8,258:8,199:7,337:5,43:5,64:5	28:10,347:10,66:8,258:8,199:7,337:5,43:5,64:5	+0x4:110,+0x3:43,+0x5:12,+0x2:11,+0x6:6	510118999900673e4343840b5aeaace80192846e2b75a5c1a063d18f84f4e801ed9e18ff6a931d628cedcd8b96e80188b354c6cad8e8fff808349244e80146bb	8abbc84920e80149fa1b8d3a0c36f87be8010d3624d19b8a43772ee801f6cce80508c712109fe8018c754c14ab00d8037c455de8013d63a8ed77f13ae8016257
115	0x31dc4f	0x31dd95	0x146	85	85	37	0	0	555001ab19f564c81841074ecd307d57e8a1a7dda26e417f106b5548ae223013	337:7,33:6,157:4,168:4,26:4,268:4,340:4,189:3	337:7,33:6,157:4,168:4,26:4,268:4,340:4,189:3	+0x4:55,+0x3:19,+0x5:5,+0x2:3,+0x6:3	bd0099006cedff329900f8183fd016e80144d1de4839a565bac8ab00e80158f3b5cbc6d4aac64cec6b7e3a8b02e801d2ce45edb5ee67c00278dde80158c9cc1c	18e801204c16e873e7d6003d011b358caf48888089c80553233a575d33232fb135dd3d01fb2900ca5e57bd1770624d8e0525b806e00244a430677217533d01c9
116	0x31df8f	0x31e052	0xc3	53	53	21	0	0	1f112bd1ed93d2329cb12acdfa3c3603fdb763f42e15b5dac975b0634b4d9c16	174:6,28:4,347:4,189:3,161:3,337:3,20:3,176:3	174:6,28:4,347:4,189:3,161:3,337:3,20:3,176:3	+0x4:34,+0x3:17,+0x2:1,+0x6:1	1c00e8051074f5d0e7cd92e801ee083aa30805cc9975e801e8018f693d0100028760e7d71dbdd4e801f534309b70056c684be801b85616ac992bbfe801a25c2e	164cf11febe801661f71183e8ebc2a0b9ba1e80105a7280073884c85d3e80122ce0d309189006f17e8016c8db41a07b4871791e8017e7311ab7005a85500e801
117	0x31e060	0x31e171	0x111	72	72	33	0	0	fbd5b6e38fdc904cf2e07b9257347984db42528d47829fb91c93b2e02c704010	315:6,157:6,196:4,66:4,340:4,305:4,347:4,64:3	315:6,157:6,196:4,66:4,340:4,305:4,347:4,64:3	+0x4:51,+0x3:17,+0x5:2,+0x2:1,+0x6:1	c4004f6e34f07eba184d91ac2be801e9f9d7c5b1aca321c64b3bab00584ee801b6248900738fa6bfe88900e80161f291102cb09facb7a52eade077d9e8015a45	50e80118d332d10b8d81caca7900243ee801fe80bac4fd1c58fbc4b3008361e801e8013d01991b10e8014c6412a5b4badf5f3846e2b3001b4e5ce8a651933d01
118	0x31e182	0x31e23f	0xbd	51	51	21	0	0	94c1847a8e15f04f2f83d8a62549e32d610fb99774d856dfc2bdcc082ee420d9	176:5,114:5,64:4,199:3,18:3,161:3,297:3,123:3	176:5,114:5,64:4,18:3,161:3,297:3,123:3,189:3	+0x4:33,+0x3:17,+0x6:1	0e4d49e801ced5900384296416ab24eae801e8013d01149f00fece6435791ae80169563745adb393b4d9ce50e801c2749e6c800541e8014a4fd09c41497db208	4701fcb7b7528ee8014cf33a90ee3acce80153ab2a963acc7524e5a849e801f103aca3efb6ba0acee801c0905ffc339af8e801a95e235b34a0bdc60269dae801
119	0x31e24d	0x31e35e	0x111	72	72	31	0	0	f095e632d8f90b45f9bd7357d3f1de67054c7f5df3ee97cc0866f90afbce77e7	18:5,333:4,258:4,337:4,33:4,340:4,346:4,157:3	18:5,333:4,258:4,337:4,33:4,340:4,346:4,157:3	+0x4:51,+0x3:17,+0x5:2,+0x2:1,+0x6:1	4d017bdf990018a82a6c628dabada3e8018bac3af0902052fee43b0be8017cf8063db448944180dbd08900e801b2fc341c2800b4a768b3692800e5a1e80123fd	51e80186b2e2ccf09997333821dae80174ad782b2697bcc7484a9db3001367e80120043d01e80110e8011463c040ee628d4e3301a8df4edbe803650a59c33d01
120	0x31e36f	0x31e42c	0xbd	51	51	22	0	0	9c868c83cdc82316c8bd76cd2101c2a1fa8cf6886b42d1638884ce15d5f257b4	20:5,189:4,66:4,161:4,337:4,258:4,199:3,18:3	20:5,189:4,66:4,161:4,337:4,258:4,199:3,18:3	+0x4:33,+0x3:17,+0x6:1	039780e8010971c356b617fe10dde80106503d01e801b8076ba3aad74147004679e8016c840001d803486de8e801c8780fddd7ad0a2f34e801fb64360c7a8dd6	e89f3a8dad2ecfe801001b230103a358b221e801a5aa98744d19ebe273e801e92c549ac0054e3a52e8016fb581fb3a9a3a9af3e8010b913a2b8d69db1a79e801
121	0x31e43a	0x31e54b	0x111	72	72	32	0	0	183b465fb9660a6b9d0d63d6375a862c03cf9e796b82559a295167f2612ad8ae	168:6,287:5,189:5,64:4,66:4,18:3,333:3,114:3	168:6,287:5,189:5,64:4,66:4,18:3,333:3,114:3	+0x4:51,+0x3:17,+0x5:2,+0x2:1,+0x6:1	2901310eebba22613ad292b6efda10e801a00a3a144aab00cbf0ab00e801b2f50b896c4c7bde89003c9f3e68d3e8010002bf51fcf468448b5ed0e8016ccd0373	1ee80131facce89f917596beadb2b29ee8011540d8366fccd03708df5fe80149f5e8013d011448e801f2cd107114f21193a7bb0209ead2cda6a662a1ae3d0101
122	0x31e55c	0x31e619	0xbd	51	51	21	0	0	dce8276f971bf217895bcf3ff3e598f0dc08bf03fe7901faa20d8805cb7bc513	20:5,337:5,28:4,174:4,158:4,258:3,66:3,347:3	20:5,337:5,174:4,158:4,258:3,28:3,66:3,347:3	+0x4:33,+0x3:17,+0x6:1	a000ace8018b113155b41c01b300170ce801e8013d01c513e8029dc208052ede75e801d66329832625af3bd6e8017398daa51f4e1a2a53e801880af6307af914	acdb15ce2ee801eb83a6312a81343b12a1a6e8012d3f2f8273fc3ae801950a880a280bf6320be8016d7b859f12ec19a898f032e801880a70bc790df1e801da65
123	0x31e627	0x31e738	0x111	72	72	33	0	0	524e4e8e425611277bcd6a7da6466399c62218be449dd369dc56783e817e002f	297:5,340:5,333:4,28:4,315:3,189:3,346:3,199:3	297:5,340:5,333:4,28:4,315:3,189:3,346:3,199:3	+0x4:51,+0x3:17,+0x5:2,+0x2:1,+0x6:1	4000c5a6990034c17b03fb98eee80129f6ef9d97b7ffb414e4d00a3ea01ce80176ab99f2376a9ab387f48f422fe8017d08da6db57428007f6f0ae801f9fa4374	01a6f93936a84bea790037e92e16751ae80129f6ccf80879b1e70b8402d87ae801dbe73d01e80110e80114608cabd30aa00a5b78ecb300f4e86ed3b4d13d3d01
124	0x31e749	0x31e75d	0x14	5	5	5	0	0	940c2124adfce355ebcf0493ec9c4ac4b29af0e9fac67a6fa2737b5767f50621	196:1,253:1,297:1,79:1,198:1	253:1,297:1,79:1,198:1,117:1	+0x4:1,+0x6:1,+0x3:1,+0x5:1,+0x2:1	9fa00cf646c1661346ab305b62124f3d0100f4b0	
125	0x31e77f	0x31e842	0xc3	51	51	36	0	0	bac533758540c9c71dbdd423c74b7530531eb1efd9827e4930373c4c0f5c0b31	144:4,114:3,185:2,91:2,220:2,173:2,347:2,199:2	144:4,114:3,185:2,91:2,220:2,173:2,347:2,199:2	+0x4:21,+0x5:10,+0x3:9,+0x2:8,+0x6:3	72009a645baccf9d057673063a1f5c204dac12e801003d01efd9a781ed0cf700678af2cd3f4f23f36964e826d04958003d01c7b928465b34becc0c83f4fd62f4	6253a3b42462e7c5b124a0316e0095343d0117990ec000ac96681e59689b1f79bb0004ab5047773d011faf95846242a56459fa42cf7ceb0144a3cf2edeab3d01
126	0x31ea5c	0x31ea8c	0x30	13	13	12	0	0	47cf539b31b71a24142b065cbe35a78de75b9f3b22914bb711aa05a8621cb595	268:2,354:1,18:1,64:1,253:1,269:1,144:1,165:1	268:2,18:1,64:1,253:1,269:1,144:1,165:1,340:1	+0x4:5,+0x2:3,+0x3:2,+0x5:2,+0x6:1	0c01641c76620d220011a6f62266c06dbb74e9003d01f716d79b0c01641c866c6876b300c10e3a4b6145b13d01539500	
127	0x31eae4	0x31ec6a	0x186	104	104	49	0	0	d1c7d4bc3514dfcef4c128ec8ebd97a546b500a69c533bb3111ebf8e0e0743e8	337:7,297:6,28:5,189:5,340:5,307:4,123:4,157:3	337:7,297:6,28:5,189:5,340:5,307:4,123:4,157:3	+0x4:55,+0x3:26,+0x5:10,+0x2:9,+0x6:4	1101d8e92802db06e801e805e647d4c0dc23256202808c3d0100f79f051d7a3fc868005feb5caafebd89efcc56774f3d0100c50b625f6ea5619f916ddfd455b4	f9d39506db7578e80104a7c4a1d803c2dee5e80116693bae3e2800e801b2c8648489000c75afa296e801a5aca85877ab00593de8015885e9875a75af9a4ee801
128	0x31ec78	0x31eead	0x235	150	150	52	0	0	86455f480b2491b687286a01ecf702ab028a244ee74b8d7fbdcae943507cfde1	64:9,18:7,157:7,307:7,347:7,114:6,161:6,337:5	64:9,18:7,157:7,307:7,347:7,114:6,161:6,337:5	+0x4:95,+0x3:38,+0x5:7,+0x2:6,+0x6:4	1200880a3ae8ed210b3fd399009ce8e801404e330875dbc67bcf8db3e80161f2e9ccaaac0f9082d7be8900ec98e8019798c435583c3ef2307c88e80171f2bb83	8b02bf35afe8013a44319e1b6056efa0e801d52fa00aec4f3d2800e801347dc944a53744282a8a79e80103af3a3003ab006c18e801880a48b895224d1276e801
129	0x31eebb	0x31f0f0	0x235	150	150	54	0	0	dd303b78f74311776d9dc7097e56a82835cadfc8fca379bf84672822aa77c4cc	66:8,258:7,340:7,199:7,337:6,28:6,172:5,114:5	66:8,258:7,340:7,199:7,337:6,28:6,172:5,114:5	+0x4:95,+0x3:38,+0x5:7,+0x2:6,+0x6:4	d70060058823dfa309bb9d34df9ea1e80160087c09b4112d1c72231ba6d6e8011be73a8317797bae2fe30066b4e8010d32faf2fb280088cd2ed8e4a6e8015309	ce03c80f3ab63ce801b91a71077e46115f3ce80166cc2800700548e39fe8017808ca83c0056cb282e8012ba398ebe564dfe801feeaa76e70bcc0053ee23ae801
130	0x31f0fe	0x31f2b1	0x1b3	116	116	37	0	0	49262d1d22610fc38d71bd9a532f2b9a4cf6cec823cedbe3c1cf82fd6d2d32a9	189:8,114:7,215:6,203:5,258:5,347:5,185:5,297:5	189:8,114:7,215:6,203:5,258:5,347:5,185:5,297:5	+0x4:80,+0x3:32,+0x6:2,+0x2:1,+0x5:1	33013a0db0079a3576f1161587e801ae06bf9e87be10080489159b430a76e801f9c0becfe805457eb458dc6a46e8016d8beb018b033ac8d54df7e801d4b787d1	2a5066c7af4d74e801e805e864f168e7de70e8014b564c55082d80e8013475f1caa5b7c005048a2de801af37ec9f708dadb64be801075e3a4c2099004088e801
131	0x33170b	0x331945	0x23a	251	149	63	0	0	27b8a82fd74b09de682a8d11b0db96cacdbb8e88235837366047df55458c714f	196:22,258:22,199:20,171:18,239:18,122:18,172:6,189:5	196:22,258:22,199:20,239:18,122:18,210:18,172:6,189:5	+0x4:117,+0x3:46,+0x5:32,+0x2:31,+0x6:25	6201e801bd00990094eb593f2a8f91655e4801e80131eedd10bda309cc5f8bab4cb6e80111a65dd3d58900beab0ca95ddee8015801884bc78fbeab4188dae801	a001a24333a5130049ceb69598003d01a02ce17991bc09973a0fca9b1e13cc9d01008d013d01c879c4002f6e9cf51e40d121e6a6af1c220a4af34fc2af3d0113
132	0x33195b	0x33196d	0x12	85	5	5	0	0	51b5212845ec8485666d3369d3d657e279c5d45f68fccdd3a894161698cedfea	340:17,203:17,18:17,0:17,144:17	203:17,18:17,0:17,144:17,308:17	+0x4:34,+0x3:17,+0x5:17,+0x2:17	48897900979846b690311e4a343d01a33f9f	
133	0x331975	0x331c7a	0x305	479	203	76	0	0	6ef19d9a8e34fba4451c92507a2c8676224ded44516075c047e0d4df2bb171b3	189:31,307:26,28:23,199:20,123:20,347:18,114:18,297:15	189:31,307:26,28:23,199:20,123:20,347:18,114:18,297:15	+0x4:255,+0x3:116,+0x5:47,+0x2:42,+0x6:19	5b01813c3109f79814b7fcd92802330ce8015684b1003d01f7bc2cd9231a56479e647a887b222ce8058320849c74e0003d01338056fe50109d7b6e4a40c808bc	38ecd803935a38e801603992f62cb7cbb28ee8018a5528006c75afcacae80177123a614775c6b435e801680c7a1c9f7cecda73e80121b3aca0523d15e8013d06
134	0x331c8b	0x331e7d	0x1f2	645	129	59	0	0	b72c7d5d9b9e2e0df7abda060bd2a8f40372e8aa3db6f82472dbb64af778279c	18:40,347:40,157:25,168:25,28:20,268:20,297:20,340:20	18:40,347:40,157:25,168:25,28:20,268:20,297:20,340:20	+0x4:360,+0x3:130,+0x5:70,+0x2:50,+0x6:35	120000023ada328c97e7d799009246e80166802e08e8987ef2f3ab00e80131f518706dd203617c1ad000e0b259e801aea48feb6008c07e927d2bf6c9e801f4ef	d9e639e801668868093c003d01efa487997a6a1000eea5a43306d5bbdf94eb93c42a0041d83d017029dd290071edc8fbb44a542dbe843cad3acef1e665013d01
135	0x331e8e	0x3320fd	0x26f	648	162	71	0	0	e1f645c36cfd31a88b6e816df2b19cfe726a47c0ae7538e7a9da5c81bdde3b7a	196:36,64:24,258:24,173:24,185:20,189:20,180:16,168:16	196:36,64:24,258:24,173:24,189:20,180:16,168:16,215:16	+0x4:264,+0x5:140,+0x3:104,+0x2:104,+0x6:36	740e3a707fd8405307e8010c45b03f003d0143b1d02f2bafaecf68282efeb9db7fde5bcbba332a00415a3d013e9cbf9e8fbf0004843a6b8195a3cb373b2d6903	b5ab566418701db03d9e912e003d0112fa40691028fea5f38b8b0c100844624d18833d017e70003df7a014a0f3509ff440bc13df79039ffb89003d01bc044aff
136	0x332105	0x332469	0x364	229	229	79	0	0	4eb5256fc862869cb2f5f83105bba7316c18ba18957a4ee7c21cf6b8e58a31e7	297:13,340:10,258:9,66:8,108:7,307:7,160:6,215:6	297:13,340:10,258:9,66:8,108:7,307:7,160:6,215:6	+0x4:108,+0x3:46,+0x5:36,+0x2:29,+0x6:10	fe00e80142478b09e8017f74bfa5d3e16800354be8003d015975fec15ebd4874b4b38233930036536800609b3a003d0169cf87b9359db3874c105790803a54aa	939ee0036a8629e8011a9daf231ff4eb7b4ee801971ea877a50d6e5bb7e8011a7d609177d4eae8015b12d14d56f2e052c0e8016bb3a697006c700531b8b3e801
137	0x332477	0x3326a9	0x232	150	150	52	0	0	83340a9034fe1068f5cc905655f96b6d74c3d1f6098d633cc53ee3345c38d383	114:8,123:8,18:7,64:7,340:6,347:6,199:6,185:5	114:8,123:8,18:7,64:7,340:6,347:6,199:6,185:5	+0x4:97,+0x3:38,+0x2:6,+0x5:6,+0x6:3	5401c4139900bf9e26d6d80904e801a9faeb880f01e4951b5127cb02a818e80172f63df4c879e684e8e095b06de80162649ba9c8dfa30ac88dbe688be801d186	2d79d667a92f5ee8012e0cea81d8143a9631e8019003fe7e5c7716e8013b73d80a3c900ddc82c38fe801719f2bfd08850a6250e801fea2c81a5a8d91a386e801
138	0x3326b7	0x33292f	0x278	168	168	60	0	0	93ed318c94911579d1582ce7223dc4524b59de014fd78e8c2dc6652c6a896db8	168:8,18:8,347:8,258:7,185:7,307:6,297:6,28:6	168:8,18:8,347:8,258:7,185:7,307:6,297:6,28:6	+0x4:104,+0x3:41,+0x2:9,+0x5:9,+0x6:5	33013af5ae99006ed9740b9900e8012678c0f0e5ad2e5e26d81d469ce801a28693715a2bbf9e25d7d80904e80161f20ea68e1024f90440fd5c93da24e8018fef	3ff7129d3a38c7e8011484d3cef004a4e801695c728ac3ce2e0d9f5896e801d55589fc7b0cbe894ee801c2568c28719b6bc7a4e80110f46d4f16a5aee80166df
139	0x33293d	0x332b71	0x234	150	150	54	0	0	8d899d94ff1dd9c300a187dfcd019779585f08731ee06450dda8550a0db0c1d5	297:8,64:8,114:8,189:6,199:6,337:6,168:5,28:5	297:8,64:8,114:8,189:6,199:6,337:6,168:5,28:5	+0x4:96,+0x3:38,+0x2:6,+0x5:6,+0x6:4	ac00b2afa30a6c8a7ae6a068935aabe80198fdbc9699eebc7c12a86edeace8014a220de858061cd79845e202dee801902836d00002754121978266a1e8011467	4701dff782e80132e70b8a3aa962a6afe8018a70face8cb62417a60a80e801f0bf7af33b0d3a8803e801a30d3adbad5e29a81ee801a00a78306e9900e8010a52
140	0x332b7f	0x332de3	0x264	162	162	54	0	0	50672943b99a37dc1a90a2fc344be3b25a18534a3acfc72bb32c2d914e88354f	340:11,215:10,66:9,346:7,203:6,185:6,347:6,189:6	340:11,215:10,66:9,346:7,203:6,185:6,347:6,189:6	+0x4:100,+0x3:40,+0x2:8,+0x5:8,+0x6:6	cb00a792357654199900d07d3a827fe8010f06ab0047c322275d97c6bea8e801e5af2a3a7a8900d7923696620be801580604a7920486041b28008d92e801ca05	a39f7a75af721ae80189bbceff5780e0e801e57aeb8c3a173bfd7a207ae801db8b5cd23f073ae801a3d94a843a58a0ab005914e801f099e9b00805662256e801
141	0x332df1	0x332f80	0x18f	104	104	51	0	0	a135b3384c2ef9dd8347bad1e426172b96172338001992992fc911f5771d5183	340:6,258:5,215:5,157:5,18:5,172:4,287:4,26:4	340:6,258:5,215:5,157:5,18:5,172:4,287:4,26:4	+0x4:63,+0x3:22,+0x5:9,+0x2:6,+0x6:4	5401cc12990066542308f87f68ee48e801a79257bb041fab00e0adb2eab8e801179046964a3373edeae1a51c95e80158010763858ffeec08a67d025fe8017fca	016e7e480dfb0f026800003d012fd8c2f8b6be3c97d6fb000248c557d86a5b93262c003d017cc866db9c394c4450336b32833827190742003176620fbe3d0141
142	0x332f90	0x333123	0x193	107	107	45	0	0	d0024865f86d4b1eb7027012f74fa827f3e1c84150cc66d26a56f9adb2ddd5a6	337:7,64:7,258:6,161:6,144:5,66:5,28:5,18:5	337:7,64:7,161:6,144:5,66:5,28:5,18:5,258:5	+0x4:59,+0x3:25,+0x5:10,+0x2:9,+0x6:4	abf0f892b37a68000492a418e801835d003d015f90b79eeb95e0fd89f094a0ff01e882b8379a54bbca8e003d01f0225cc7a7cdc3781914880a20f48cedf4003d	bb8d09f8b80e55e801000208742bd39969d8e801df45ad72631b2ce8019d2eed28f77508059ade6de801a20834e0dd9b4b9629e801143291ff7005e0fd75e801
143	0x333131	0x3332c0	0x18f	104	104	50	0	0	dbe8791331f81027fc3de5e8d72384757d03ced423f2eda265de0ca9e4ecb20b	258:7,185:6,297:6,203:5,33:4,157:4,337:4,28:4	258:7,185:6,297:6,203:5,33:4,157:4,337:4,28:4	+0x4:63,+0x3:22,+0x5:9,+0x2:6,+0x6:4	b9001bab3ac18ddd13d792359ad207e801768db0360cb200eb4e4bd66e9de80162943a32f28900dd333b0be80138c5d7452800055e7f774495d17e3ae80143a4	ff18de5806481f9814da6165003d0187c054e98a05bf584b8aaa5bce218a335726d0903a003d0144ebd0023a866527f380d5c6bd7db6fe32ecfe3a61de3d01bb
144	0x3332d1	0x3334ac	0x1db	126	126	58	0	0	69af21be3b7640d6d48e07956e5e2355041ba5baf17d76c8b7d059574bb5eec4	347:8,199:6,18:5,307:5,189:4,160:4,114:4,184:4	347:8,199:6,18:5,307:5,189:4,160:4,114:4,184:4	+0x4:66,+0x3:29,+0x5:14,+0x2:12,+0x6:5	38f7e8016a0bac82e51a3afaf939db1e433d010006cd62d4fce2a26980097ea160054c7b0f5b0d0000af3d01f1237c60f0a0afe01a10504d709660f6d7003d01	2a6f3bcb89e801022e40323f709386210d75e801f6fe596d0128003885e801bb8b4cc427013a6d78e801a4b3ab00ff96820a33e801d80a5641093d81d29be801
145	0x3334ba	0x333722	0x268	164	164	62	0	0	b0b1d7fcc5b393e70c40602cd557e93b9fbcde2619f21e930251f4287b2efe15	189:10,199:8,64:6,28:6,114:6,185:6,168:5,215:5	189:10,199:8,64:6,28:6,114:6,185:6,168:5,215:5	+0x4:101,+0x3:40,+0x5:10,+0x2:9,+0x6:4	4000a5a69900e92286d58809fc2553e8014a0dabdfeebb90b790f06f3dbae80101074cec972d8900eaad35a326e80110088872971c03f8b666d0e801ccc34005	de49ae679de8017ad6ca9daf23ff34ebe299e801da9373de7005ae98a4e801e8054882b778e4fe75e8019177f688c3d906e8015ad5afc22aaa2e0370e8015b20
146	0x333730	0x33382d	0xfd	67	67	29	0	0	7e7cc8710daa523904e5dfb3fe200a93c1f74abc1480792f411f9a042526b13e	337:5,172:4,64:4,287:4,185:3,199:3,33:3,203:3	337:5,172:4,64:4,287:4,185:3,199:3,33:3,203:3	+0x4:48,+0x3:16,+0x2:1,+0x6:1,+0x5:1	5401cc1299006654fb0f62193adda4e801975afab05a922cd091a21ce801e282c9cc2a079a25dfa94905265423e8016e15af13afa3093a68dbaa5644e8013b8a	1cfa91f602dee801ff79bb00988fd7e0fb5828bd57e801f0887a0043c979008b1c56e29ee801b80db3e67809fa6ec3b300e80149f5e8013d01d4bae80162d510
147	0x333882	0x333a08	0x186	104	104	47	0	0	f5b7d2840052b407071bd82597353cb63b288d023723dd5862448336132ac550	337:6,297:6,184:5,215:5,114:4,66:4,258:4,20:4	337:6,297:6,184:5,215:5,114:4,66:4,258:4,20:4	+0x4:55,+0x3:26,+0x5:10,+0x2:9,+0x6:4	1101d8e92802e30ae8018fbb68006a4003fc210bfe003d01117b3c5c9b71ab03177db4bd7ab3f7edacf5862bc77a093d01001922ac9209756279851b93f2367b	0f3a0805e025d5e801a00abcf80423016062e8016f4a3ab2dc14c6e8018beea00afc92458900b866e80154ac99768005c8e8019af7a00a088e45990082afe801
148	0x333a16	0x333bc9	0x1b3	116	116	39	0	0	abfaefa9b9b728b42e36b764108fe5abe486e7dd8f668ced3e9aadf991bfa177	114:6,215:6,33:6,189:6,18:6,185:6,340:5,64:5	114:6,215:6,33:6,189:6,18:6,185:6,340:5,64:5	+0x4:80,+0x3:32,+0x6:2,+0x2:1,+0x5:1	72004b648cacdf193aaec5bb03e42ae801541dab002746ab000801fce801fa2ce805341ee7b8e31172f506e80178c48fd85ab95885577cd00007ba3de8011790	ae26f00c37e80172d97a19bddd12915b30d0e80194b20e75c3803ab283e80179c944e380050ee801205c13953c13601137e80149f9a00a1f1e059900ed5be801
149	0x334a3d	0x334c7b	0x23e	234	150	59	0	0	a91629381e0e094441b4d5059cc101364adaf3566045a5bcc50929e907d3bfb0	64:20,345:17,185:16,333:16,165:15,52:15,18:8,196:7	64:20,345:17,185:16,333:16,52:15,145:15,18:8,196:7	+0x4:112,+0x3:43,+0x5:29,+0x2:28,+0x6:22	0000a9006201e8015401c40e990052033e77e248b4a2e5e801b41bcacd1ad5afa16ebc961e9ae8018c7ff00134128900880948a951e8010eea8cff430bd4da28	e6ab16a27a4e012ec7417d020a3d0100880132060cfccd94ba31d701d40fc8bcb8e5b8003d0126204d01ebe07900c225715fd8753ac881d9ede9fcda34353d01
150	0x334c91	0x334ca3	0x12	70	5	5	0	0	741756a674bd6356f61b3f1850fbdbe2a4a685db1d0d23138d5c6c71c9d15c89	215:14,43:14,64:14,0:14,144:14	43:14,64:14,0:14,144:14,117:14	+0x4:28,+0x3:14,+0x5:14,+0x2:14	5801c43e8be2fe1752c92ebe063d01e55795	
151	0x334cab	0x33518c	0x4e1	890	323	85	0	0	06b6aecd1730f60e4ed616782ab319040b2b87db04220c5f3cb63819d10043d5	28:29,173:27,347:26,203:25,108:24,340:24,183:23,352:23	28:29,173:27,347:26,203:25,108:24,340:24,183:23,352:23	+0x4:359,+0x5:183,+0x2:142,+0x3:141,+0x6:65	290131eee5d33ddb0f9f76b0db6477b88d630ee801003d017fb79fd859e937d4e000880a25e815c03167ba68006d18003d01f20c742d9bd6add650a89d400615	4c36d50f14ca1a2864e67ba0003d01a303d58f6d00348300a7afc8152df27dce5b0d00fa6b3d017ff9ff548c00082181197ca95af71e103abee04943613d013b
152	0x33519c	0x33540c	0x270	486	162	67	0	0	fce70d55dca1e115603da9270ffaed19f227ddfd47cfb9d7a723a5a167569613	108:18,64:15,198:15,185:15,144:15,43:15,199:15,114:15	108:18,64:15,198:15,185:15,144:15,43:15,199:15,114:15	+0x4:201,+0x5:105,+0x2:78,+0x3:75,+0x6:27	1f1bdcbc530ce801df9214be0d02ad00003d01dfde2387e79b4477e9cc1019a7c3418463e583dfd200d63b3d01e485c2883a44091a6d3aa07ad671eb879ac300	e8016733bf3f4ff16800ae263d01008cc1f93c28aa50f81e46e1b50f2f8368cdf6d8003d010d0be91c384543b450150069d1420da309aebf5a003d01957d06d1
153	0x335414	0x3355d0	0x1bc	153	115	62	0	0	edaa0c130c8ac53b5fe3b3b719540a550dc3ff50a91331c1a3c87fc1d3c5b019	340:8,183:6,49:6,268:6,345:6,66:5,144:5,18:5	340:8,183:6,49:6,268:6,345:6,66:5,144:5,18:5	+0x4:60,+0x5:32,+0x2:25,+0x3:24,+0x6:12	cb00f792047681016639e8013e85f715c8d388d47f00f0ba3d01c79ade87d13c1a83166008f5da92243d036f823d013e6c0058d490fc3afeead337ed026689a3	6800c4885483e80112dc00042b3d01e7f75ec0beebfcee81a4f66b0f55b46c1b6800915b3d01008e23e77cf3fdfabd9559e7d5ce53ca243ae00efb9fc33d0161
154	0x3355e0	0x335853	0x273	326	163	67	0	0	6b2bcedfedee7b520b10287ad8d75ba0f4c515cfcb8e01f451d4750eac9ac955	307:18,168:14,220:12,28:12,256:10,108:10,173:10,258:10	307:18,168:14,220:12,28:12,256:10,108:10,173:10,258:10	+0x4:134,+0x5:70,+0x2:52,+0x3:52,+0x6:18	16a644f7150f45349b10e801940968001906003d012eb42b9dafe8ffb4e7388bc54a6008f92fde8bd4e0003d01d6f1580628ef9da0c307bd74ee9c19c5163a00	012361decf6809dc003d01bff99f9bcc7d96d6604ac001b6a85f8c06fb48029e796e003d01ff0818093a975f4640a32006d1893ff69d680756ebea2d3d0152a1
155	0x33585b	0x3364c6	0xc6b	835	835	98	0	0	51b7592689963012fd38edf31fec825a43b65279aa72b5f973626f29c9954f95	66:39,337:36,114:33,340:32,189:31,18:29,64:28,28:27	66:39,337:36,114:33,340:32,189:31,18:29,64:28,28:27	+0x4:516,+0x3:202,+0x5:45,+0x2:42,+0x6:25,+0xa:5	2b00fc7a6800f00048371cf0bed310e801128a6c41b126003d016f298e481019f6aab3df6800880ae42419ad31fa00003d010f0a9cd6e7cdaee6aecf90033cd5	51f0fb07e801d1c55bb200b75b3d0166d7fb54cc9920063cf03b859a3130a871636c3d017e2b0079231f86e8f830c750b89c4b91500d4a102140583c70733d01
156	0x3364d7	0x336806	0x32f	213	213	75	0	0	3c7e2b3d47c8db40d83f990361ad768d9770c5622653c94ccb4adffa5854e5d6	64:10,185:8,340:8,297:8,215:7,28:7,189:7,66:6	64:10,185:8,340:8,297:8,215:7,28:7,189:7,258:6	+0x4:122,+0x3:48,+0x5:19,+0x2:15,+0x6:8,+0xa:1	2d250a55826f0228eeb803630fe801003d018f8d0ff864faa9fa13963ab6805cdbb000a0d7a9ea003d017ccc492e4005080c5fd5d65cc1a243f164b53f003d01	60e8011c2d3a6b496800003d011b892f8d42a793006301680019373067dfc62801bf1bc1003d0107c4334c521ea67f1c308fca4468b8063ad00388f1c43d01b9
157	0x336817	0x3369f2	0x1db	126	126	57	0	0	6fc6ed8211b1a717fbf16e6fcc85ffde948157d3dc98b480d0cdd09af1b19185	340:7,18:7,215:6,20:6,337:5,189:5,199:4,114:4	340:7,18:7,215:6,20:6,337:5,189:5,199:4,114:4	+0x4:66,+0x3:29,+0x5:14,+0x2:12,+0x6:5	95a1d363e8011dee075b2af423680092413d010037b3b70260454126fe277a0dfd93c4c584875500ba703d01bae29407bac3cf3a85c91cd7bf467f1db2003d01	f8eb8031f7e8019122c8a14601d80353ca36e801c7a5c89670492a307ce801e805bd6ee800e4e8018875241aab007005a86d4fe801d2521432489900e8014f4c
158	0x3369fc	0x336d73	0x377	234	234	68	0	0	bbf73b0ec5f554dfcaa349651cb9e186363588f310773bf7f62f6c1be85bf344	258:12,28:11,114:10,185:10,215:9,168:9,64:9,66:8	258:12,28:11,114:10,185:10,215:9,168:9,64:9,66:8	+0x4:151,+0x3:56,+0x5:11,+0x2:10,+0x6:5,+0xa:1	ab00e8019d006fd599001008531c2729e33d9ae801a77b3301880a480c96344d06c9e80140059c0d6d65d293691c218651e801e09270ec387c3adf91247be801	f29cc971e8015684172ce7927c4f121a4dd300b143e8014f9115da6ddebbc2a725ece80131f56f005cd27960261ad00ae6cca4e801e8013d01d6de10e8012464
159	0x336dc8	0x33710f	0x347	222	222	65	0	0	380060c9a5359b2efaa426ead83ddbfe1f4b52e29576e6e643a8b86f45e4321e	340:10,199:10,307:9,337:9,258:9,297:9,18:9,114:9	340:10,199:10,307:9,337:9,258:9,297:9,18:9,114:9	+0x4:136,+0x3:58,+0x5:11,+0x2:10,+0x6:6,+0xa:1	40004ea86800d79c153be8ecb801930fe801aecda9e926003d01d70756b9fbebf96cd61db2639797b69c3002e80a04003d01230ee8cf8fab6212527b0d910048	4a366a231d2b99e801c31c3eec3b23010be4e8016ab45a75dabdaec273e801e3f43a887704a4e801187791225cebf5cd16e801bc9e1e858ce7365089e8012ece
160	0x337e84	0x3386cd	0x849	619	543	87	0	0	8fbfcb521fbfab77cc5637c76dc6b4f29c09f79483200f79af162c821f0d28f6	28:21,333:17,297:16,124:16,307:15,180:15,108:15,253:15	28:21,333:17,297:16,124:16,307:15,180:15,108:15,253:15	+0x4:258,+0x5:116,+0x3:103,+0x2:88,+0x6:54	6201e8015101f0949900ecfc7b03fba85be80119fa93f8ab005255b44c0eab00bb6ae8016e34fb0f4a0f3a9faec12ae80129f6e798d59ad80afc32817020529e	7d60043674eea08f9cf9e0c33d010075f0db016800b52ae8feb9f67e2600f5d5df903d01ae7400764d67964803c8ff48093a65269a4279108e04c0efb7d13d01
161	0x3386de	0x3387d9	0xfb	268	67	35	0	0	bf8d8e4fec4816d1df75f6ae835d7041ce4b0083383680fa438a601c49e265dc	258:20,340:16,28:16,337:16,66:16,158:16,199:12,20:12	258:20,340:16,28:16,337:16,66:16,158:16,199:12,20:12	+0x4:156,+0x3:76,+0x5:16,+0x2:12,+0x6:8	330ce801ae5859958d2d01c6a2ab0833d2003d012702da3f68000ff86800b8a78614d4b2678842003d01fc4b2f9a4005b5df163bd350e16f08d2aef750e8003d	3ae097bc71e8015e1c084c1c3b1df79bda6ee801a00a191cdd2800e801afbcc1b1cd0855ad8b205de801c0563adc50ab00abb8e801f1072a61726a5be80152d6
162	0x3387ea	0x338e10	0x626	1640	410	93	0	0	fedfdfc6ca6b32b063150759eb2724b093f34338006e4f6b119d5f7b82797b4b	18:64,258:52,189:48,168:48,172:44,340:44,64:40,297:40	18:64,258:52,189:48,168:48,172:44,340:44,64:40,297:40	+0x4:756,+0x3:284,+0x5:284,+0x2:224,+0x6:92	2b003d7999003ca43a0a67d8da44f3e8018b889bf87f2bab00704b3640bee801fe5df9a115ad7b031e55c9e801fa79b08db4c9075187bebce300fc2ce8010076	06e801408afec9408ce7003d01811137990eba6c8a1e904615ea179004f61b53520d0036f53d017e6409a1d2418450fec0d68808501de8f49368003d010047f8
163	0x338e18	0x338f6c	0x154	91	91	43	0	0	803baefba6fb1f9849cfd6e951312f0731594141686e1a84e9af04e6bf149f95	189:5,297:5,199:5,176:5,347:4,66:4,114:4,196:3	189:5,297:5,199:5,176:5,347:4,66:4,114:4,196:3	+0x4:51,+0x3:23,+0x2:7,+0x5:7,+0x6:3	c4001e6e14f9c6683e38d310e801258b6fc239188afaa23d010028bb121089758ebefb4a9cd1b5a6230bd325b9003d01f050fa0bf883103c2746533b4ac5b144	be885d6e985d83e801d702b237161fc70a07e80161ad7aaf9957dde8017eedc0223ad2ebbc7979d9e801f317498b042f882c93e8019003c75fa838efe8018aa0
164	0x338f7a	0x3391ac	0x232	150	150	51	0	0	ac7fd1963199b99845ef9c0dc5831725b59daeb27b938f872f6892dbfe6de36f	347:11,64:7,185:7,297:6,28:6,196:6,307:6,157:5	347:11,64:7,185:7,297:6,28:6,196:6,307:6,157:5	+0x4:97,+0x3:38,+0x2:6,+0x5:6,+0x6:3	4d0133e89900e49b76fc362809e801a9face0c6e04d344ab009807bcf59de8017900becfe805457ef430de69d4e80188212302cb55dbfbd00a550c53e8012793	3a19499e8e0c5ce80177ad3a638d2714e80127385fbed3d770056da0b2e8012478ed81cb2d06e801e2b15c24ab0008051e3577e8017baf7ca6644cead95ae801
165	0x3391ba	0x339432	0x278	168	168	59	0	0	8fa41003f68755bad37fafe20ae4aa4d5919e27d3e5ef0f75dd93763967a2937	64:10,307:8,340:7,199:7,189:6,28:6,174:6,43:5	64:10,307:8,340:7,199:7,189:6,28:6,174:6,43:5	+0x4:104,+0x3:41,+0x2:9,+0x5:9,+0x6:5	33013a1db4fbe69900c17bffd4b59ae801818f2a619b2737c91a7d67e80131f5790076d9a4108900ef99bae80144f40c2974e6e51e0aed164e791d21e8018f92	0e5b70052fb8f4e8019bac4e37a323e71b7ee801880afeb8f530b1aad8e8019c0e10830f0ffa8675e8011788ce4f477d1ae801a2c6839085e6fe75afdae9e801
166	0x339440	0x339674	0x234	150	150	53	0	0	69078cd24e770e409496519a35cb0355e5710134a5ac6c73d326db2dda899e71	189:10,28:9,114:6,307:6,337:6,258:5,199:5,297:5	189:10,28:9,114:6,307:6,337:6,258:5,199:5,297:5	+0x4:96,+0x3:38,+0x2:6,+0x5:6,+0x6:4	720053638cac9900a6cff8085528a7e8019745ad619586dbd79287970207e801be3db4507589807c93bb03eae7e801139a3a62c82800520b489daeb6e801d349	fcd11e7ca2f26fe801b57c178ef655aae8012e694ad29dec757363e8016efb0fa330eb2b5df6e801aee68dd0abc6eabdae4278e8018307468eeeaccd19d9e801
167	0x339682	0x3398e6	0x264	162	162	53	0	0	dff6150a199f46f0834a400136c36ddb4ec32d5ea37f44cbeeed7593550a103a	340:9,307:7,66:7,18:7,28:7,347:7,114:7,337:6	340:9,307:7,66:7,18:7,28:7,347:7,114:7,337:6	+0x4:100,+0x3:40,+0x2:8,+0x5:8,+0x6:6	33013a0dab757b990047bc0776e80154cd5feaab00eb144c16113d2ce51fe801897e6ecf08272e1a8224d81d6ae8014005ccab6f4ed75b39e2ea259ee801e300	47019275af2aefe8016881095f6a35afe801f2d5a02b1aa28b6341c354e801900388bf6238aae8012e3264acab00d803882d2ae80145f21880ad7238d2e3e801
168	0x3398f4	0x339a83	0x18f	104	104	51	0	0	fbdf703c4d767a4b695538141550ac075bcb9f8e83e127fb472357277485a545	64:8,18:7,305:6,215:4,157:4,114:4,43:4,346:4	64:8,18:7,305:6,215:4,157:4,114:4,43:4,346:4	+0x4:63,+0x3:22,+0x5:9,+0x2:6,+0x6:4	0c014a1c9e6800027faaaae5ff999be801ac9823f631e1d4b72a4a34f6d0e801c078392b5be68900c8093b880ee80190296ed73d3cfcf2f8392acccce8019907	9388e8014e7ae6559223be61003d01f6447536c45bf368001a9b3bdffebd00218004c97f3d0100979f5064e6b02de0261c2e1eeda0e80af043d00385443d01f1
169	0x339a94	0x339c26	0x192	107	107	47	0	0	d303f69b6403a8243dc3b5019944f6461c8a312a977a9087a40ff64de2bc3e4b	158:7,340:5,64:5,297:5,337:5,215:5,28:4,161:4	158:7,340:5,64:5,297:5,337:5,215:5,28:4,161:4	+0x4:58,+0x3:26,+0x5:10,+0x2:9,+0x6:4	e80145ee2c269300a88268008288e5003d01e7c10625fd9db1d6c230988017fa8dec00234f2ed1ea96003d013e0cc7f07900ce37617f04eb3130e79a5ca0f900	a8b7898b023816e80193a690a0753d2ee801fc548106c64fb5ed8ae801abdb960ed9eb9520c0e801191574093a7cf5aff4e8014a82c48877b90ba084e8011bd4
170	0x339c34	0x339dc3	0x18f	104	104	50	0	0	e1780a17daae5ef0e6bfd3124c6e38f98130aedac0b8f0d34b6a221cf18a6e57	168:8,337:6,297:5,199:5,33:4,268:4,307:4,64:4	168:8,337:6,297:5,199:5,33:4,268:4,307:4,64:4	+0x4:63,+0x3:22,+0x5:9,+0x2:6,+0x6:4	a800990086d5d80a5c8003ec8226cce80117cd23d82585b8b891f198e8012a8ab92e0dfe11463ba84e89002acce8017fba6ed7ffec169ede60b100b7e8013870	e5c2e676bb397bed54c6044d003d0177c5454598e53bf5362c4e347cb8ad1df4de6b3d01cb7600462f905327083c2881197ea958f70d143a9a85ad18173d0191
171	0x339dd4	0x339faf	0x1db	126	126	55	0	0	58295a0f6689299ecc32a8067ce54e30e1b2c134b6b8bad4e684011f7538748d	114:9,340:6,18:5,199:5,66:5,347:5,158:5,297:4	114:9,340:6,18:5,199:5,66:5,347:5,158:5,297:4	+0x4:66,+0x3:29,+0x5:14,+0x2:12,+0x6:5	7a261381bb7de801bf09d37dca50947518003d0120299784e8c9cf92049788fbac6f1fd34bd3b600cda73d01b4e30963c59ad3bb1ccf802b2e40d72bdb003d01	fa0355d0489ba0e8011c4634daf00492e801f0d82e46a77d0dbc3ae8010475538c2a750544ede801a2d6a0b2be2cedab00e801e2cf21d6baaeab88e4e801ef7f
172	0x339fbd	0x33a225	0x268	164	164	59	0	0	4745778ba940aa6cfa042611e8b408814545672c393150ca0b70ae504da0cfff	189:11,337:10,297:9,185:7,18:6,287:6,66:6,168:6	189:11,337:10,297:9,185:7,18:6,287:6,66:6,168:6	+0x4:101,+0x3:40,+0x5:10,+0x2:9,+0x6:4	120020063adca30cdc50825ce0e22de8011d0b93003ce9ab00fa17440027e801d3f58900be8b84a6a93d1aed14e801e3f12800c558d8847aec9be0bce8015c9a	b8e6121cf4e801abd121ffbcd79916350750e801c3d470b119d3bae801141b0afa1d6802890071a8e801900376fd3972f36a4fe80190851f42a09c82c1b5e801
173	0x33a233	0x33a330	0xfd	67	67	29	0	0	749a67c55336dd1f4eef92c02aafdb811782b73cb49c1defa1b02261c231d77b	172:4,185:4,18:4,26:4,203:4,189:4,33:4,337:3	172:4,185:4,18:4,26:4,203:4,189:4,33:4,337:3	+0x4:48,+0x3:16,+0x2:1,+0x6:1,+0x5:1	5101f0949900ecfcfb0fc7923a051ee80160b2a30ad403babd9cb2dce6e7e801bd7fd9018794b0fec4013a1e69e8016fb12800ca478bfd30ff3ae2cfe8019713	e63f794fe80172c64447010097986fdf78293e801de8013fa070a4f1420ecff87900e80199f46fa4b300c6171caf9807445592e801f4d13d01e801e80192d510
174	0x33a385	0x33a50b	0x186	104	104	49	0	0	2bc43a361e1fec44b593ad5877bfd175a5f0773beacdd98cd767fdc556d68151	114:8,20:6,337:5,185:5,297:5,18:5,189:5,258:4	114:8,20:6,337:5,185:5,297:5,18:5,189:5,258:4	+0x4:55,+0x3:26,+0x5:10,+0x2:9,+0x6:4	fe00e8015a47e8012687e3d16800655dd8c8ea66251163003d011e39ca7bd33639cf5eb13bfee0c85933f57f06a24a003d014fc1dac93ebec82462623992e0ff	1efa6b373cb7d3e801b403f28d6c8aa2e801669eb5b6b8f39cd4a3e138e801846c3abfa368dde801be746845ade116965d94cde801678caef7ec023a0a31e801
175	0x33a519	0x33a6cc	0x1b3	116	116	37	0	0	358b440c3b5168f59efdb93b7f75f2b1747b4dded2d77321edfcde2cc14ab959	28:10,258:7,64:7,215:6,33:5,66:5,161:5,347:4	28:10,258:7,64:7,215:6,33:5,66:5,161:5,347:4	+0x4:80,+0x3:32,+0x6:2,+0x2:1,+0x5:1	ac00b2afeb00348bde02080c56e80124ca81657c2b87d5ab00080100e8015e310c59a6d41b223a333479db4abae8013731e092a128a228a67b59b8fae801405c	e6ae6e3c298f98e801a00a666c2e2301eca7e8010002c85a2c2354e801a17f0c3910891cf53acecee8019003f3994a2e02764fe801582b141c7e913ae801117c
176	0x33b647	0x33be94	0x84d	620	544	87	0	0	71c85d7d90e2d5fdec4e11351e82f35f54ec117f21cf161f22afb7b9efe4401b	43:23,18:23,66:19,347:17,189:16,215:15,160:15,144:14	43:23,18:23,66:19,347:17,189:16,215:15,160:15,144:14	+0x4:259,+0x5:116,+0x3:103,+0x2:88,+0x6:54	00003601e80162012b00e57e9900d4139900f457c3fd19e8014ff5f381d80a4ca2076e818998e80185e0eed6e079792bf8085c4eade801573688f563df280098	0b2e9ff62b883d056b863ea53d0100d12e28f65646880a77ba4116c901d27d8971ff8341003d01678dd00248b7f2c7ca2102d131f4a357d5d0033a5f203d0175
177	0x33bea5	0x33c5b0	0x70b	1872	468	91	0	0	7eede3b77f9de1395e69f245818c4ecbb165b9de7e79f920adc82580b52d592b	28:60,18:56,340:56,168:56,258:48,198:48,43:48,257:48	28:60,18:56,340:56,168:56,258:48,198:48,43:48,257:48	+0x4:768,+0x5:384,+0x3:300,+0x2:300,+0x6:120	fb22a644a95a47e801a6b27ee2cca4be0c3d01005f9e180284b5a3e4fb086800b3cbb60588082e00429e3d0110fe0764210d4cd4b30050d600e75cd81db3003d	2638e8012e84bc6c640c003d016702ef8410030054e8040bbb680090dc680018928a003d01f5c869829ff490cc739ff9fac6bc50b89c0b0e50e88c3d0100560a
178	0x33c5b8	0x33cd0f	0x757	491	491	91	0	0	6abacb0d3d3fab01b255a3f20b1b66612abbd6fe2064475cdc2b86a3a57f2ff1	28:22,347:21,337:20,307:17,189:16,258:16,18:15,114:15	28:22,347:21,337:20,307:17,189:16,258:16,18:15,114:15	+0x4:303,+0x3:119,+0x5:27,+0x2:24,+0x6:14,+0xa:3,+0xd:1	c4001e6e14f6a12b42478b06e801d88dfbc8b7a0870088b93d017643c7fcfcdf5c1db42bf5680048b18042000a003d01929536255b13874b200600f244ccff1e	1a675b976f9f057b00915e3d015e30d3823a2c74fa95ffffffff6abbddc868e7e7a3be0100a1013d012c7c6c2a600a46d6afc952bc3a989c1b0c3a7fadb13d01
179	0x33cd1f	0x33d2d9	0x5ba	386	386	79	0	0	97d0fc2ebdf6fb5788546fe26d1329145eabb4defb73c011d8968d245768f2c2	337:21,297:21,18:18,114:18,189:15,258:14,174:13,347:12	337:21,297:21,18:18,114:18,189:15,258:14,174:13,347:12	+0x4:237,+0x3:97,+0x5:21,+0x2:18,+0x6:11,+0xa:2	e80b24709e797a44da10e801b8b728961120003d01c7904026377a7f57ffe804fbbc6800b488d42c3d019e790040e4eef862289ddb42f6a1176004528a6810c8	f69f11c8ccde71e8017465ba1504c390a197e801dfad34e4a0008ee8018d76713db4f095794fe801962007506e168c42c15c2ce80167123ae90e9d42e8012f8f
180	0x33db28	0x33dcbd	0x195	315	105	53	0	0	1fcf23886515b70b4d3e428e8f07bd355c03eb11cc44e9ac8ecc11eea8085973	307:15,43:15,315:15,333:12,64:12,26:12,189:12,66:12	307:15,43:15,315:15,333:12,64:12,26:12,189:12,66:12	+0x4:189,+0x3:66,+0x5:27,+0x2:18,+0x6:15	e801ab009d0037cf9900cc81a000faadb2da36e8018fcfab0008b21a58997ed7183be801e404d8e26fd989005285b44e0fe8013154da32a9f6d0743728a0e801	68002720cd35396ee80115aa003d011f9e78fff7a0f7379ebfd8a3e804c49bd46800003d0189bae5a9d434ad7796c1250058200485b26000e4a93aca34f73d01
181	0x33dcce	0x33de22	0x154	918	90	47	0	0	6de027c115a24d8498a03a7ffe0d1067422c3a31a925fa4005a344cd9501e101	340:63,123:60,297:48,114:48,174:48,199:48,185:48,337:39	340:63,123:60,297:48,114:48,174:48,199:48,185:48,337:39	+0x4:522,+0x3:249,+0x2:57,+0x5:48,+0x6:42	1b0ce801325fcda1647167904ecda941c0003d014924dc916800db971e981d02f80e2e53cd68003d01862e007fb095fe3a88a0eb9db4b12cc80ac2fd0ee4a61a	1a8c7517899b59e80114153adcf6c0e79548e8013178d40cd803e28ef2e801b73ca22cc28900e801f97a9cfa94e687ba2a8a64e8018acd998a569900ef5ce801
182	0x33de30	0x33e02a	0x1fa	1608	134	48	0	0	9d0fba87c34868e0decdbbd6f26e502d27145b17370b13037f1c27c62300bae8	258:96,185:84,189:84,26:72,337:60,28:60,199:60,340:60	258:96,185:84,189:84,26:72,337:60,28:60,199:60,340:60	+0x4:1056,+0x3:420,+0x5:60,+0x2:36,+0x6:36	a8009900ced0aa321c9616153ae801deb6796d7c2bbc032a2a67add7b238e801b94a47de5fef8900e8900a5e2ae8016b75d681fe9bd30ad000023636e801db50	54a28675afe2eee801224c9166f0043ae80138db179f0ae4648ca72a75e8015202159c1889c6e801ed7d7d9352da6b063ae80181df10a83ab8bb89dbe801825c
183	0x33e03b	0x33e14c	0x111	864	72	32	0	0	0542968da6c476270ef3a5acf9413fceabaae91899a7ae37a65e97b0abc14af9	215:48,258:48,18:48,337:48,333:48,340:48,28:36,287:36	215:48,258:48,18:48,337:48,333:48,340:48,28:36,287:36	+0x4:612,+0x3:204,+0x5:24,+0x2:12,+0x6:12	400045a2990060057e9a2acb02069ae80160087c99281128c30254988e45e8015f33f7fcad74c100f80bb6e80191f0880a9bc89870d17e37d243b6f9e8013f82	98e801e8051aeea4d4a2cfb1bb03dc08e801a00a3ca006b300834cb300e801607d14d13d01e801e801d0341065b46bfd3f9e6f761335ded88321703d018915f3
184	0x33e15d	0x33e2da	0x17d	909	101	50	0	0	b1372eae2a9abf7779bc7e8e6cae034c0973b4d7cc460c24b710d85034da055e	114:63,18:45,307:45,340:36,215:36,347:36,297:36,176:36	114:63,307:45,340:36,215:36,347:36,297:36,18:36,176:36	+0x4:486,+0x3:225,+0x5:90,+0x2:72,+0x6:36	58117adc74c00ee931175d7802404b3d0100a13e8af87b0e8c425d8337377ed3928a57a6bfb83a903abe343d010028d60c81b300d9218b0c80063c3a34b7c59d	9cb848768eb54ee801880a792b8d74c6b3cee8016983a9062f60cee801d6db2645ad9b6374ace801ea943a55b44411ab006da3e8019f94d52173073086d7e801
185	0x33e2e8	0x33e532	0x24a	1404	156	53	0	0	dacc917ce23179b954f105983694d9f8a3c70c98c74b4a1659b288b0b6bdf4f4	189:81,337:72,64:63,28:63,297:63,185:54,199:54,168:45	189:81,337:72,64:63,28:63,297:63,185:54,199:54,168:45	+0x4:882,+0x3:351,+0x5:81,+0x2:63,+0x6:27	4200a1953ae1328aeb6ccfa6d8e80171f22a8a27403340ab0077723a8518e8011008b01c2519e3aea6e3004eb8e8011b9fa4a2c2d704b0980717369be801e464	8e078098bae8012cd5fbe3b8a32145c1ba54e801b9eb1c9e73113ab13ee801778a5a3af40370d279e8012e0b328174003ae801ace42a4924200a10b995f6e801
186	0x33e540	0x33e707	0x1c7	1089	121	41	0	0	8ff23d8bfb6debb09ff7b7f184be6953d53e7fa012a8d1aeda2d1343f5fe6989	340:81,315:72,307:54,337:54,28:54,174:54,347:45,18:45	340:81,315:72,307:54,337:54,28:54,174:54,347:45,18:45	+0x4:747,+0x3:297,+0x6:18,+0x5:18,+0x2:9	c4004f6eb4f1338b04ce7e85b46ebbe8016bdf5dd9b413ab00381772255ae801077c87002006a5a2e2fdc0e80119fa73fa28004ce1b505d8095ee801d1fae894	1aa4171e7aa000e801880a80d49597f57678e8012c9ecaa09625af7bc3e801e81b52e9ba8d0848a5e80124bc7b20faab0059cae801f34e7c9cd803cca22ae801
187	0x33e718	0x33e829	0x111	648	72	31	0	0	f63af40b50992afec52af52a50bcfd6f698a5116e22f40ed5b029d3d63592ce0	33:63,347:36,168:36,258:36,28:27,305:27,337:27,18:27	33:63,347:36,168:36,258:36,28:27,305:27,337:27,18:27	+0x4:459,+0x3:153,+0x5:18,+0x2:9,+0x6:9	1c00580110997fe501581599007599e801cce9ab006881faf70a137ee801a2722b8d3abf0cf92ce0b1da18eb25e8014005dcaf5fded9679720003598e8011008	0124c8f45846d5b342667d31e8d7e4f1e801f965a6ace9950cc3a03b0be8019837e8013d01c52de801d83710c807d3c4600830d1462d6a7cc4ad5ca7503d01df
188	0x33e889	0x33e8d6	0x4d	180	20	18	0	0	ece59accbc1718bd979e67e1602bbf7066b65c189f574b12574846c5ff077698	108:18,320:18,165:9,189:9,157:9,30:9,183:9,199:9	108:18,320:18,189:9,157:9,30:9,183:9,199:9,79:9	+0x4:63,+0x2:36,+0x5:36,+0x3:27,+0x6:18	bd0068006ced9f3368000406086ae8016eba6ba5b65ea33d01008e0b5f0dabd4776800795a002e2fcb9074f00a003d015ccae1ab08e53a6489390e9836a3d40b	6ae8016eba6ba5b65ea33d01008e0b5f0dabd4776800795a002e2fcb9074f00a003d015ccae1ab08e53a6489390e9836a3d40b7fa1a1b37d3c913d01b40a7795
189	0x33e8de	0x33e9e2	0x104	210	70	37	0	0	3aa3e2efdb0c801976b623f4a48b3db85012bd25b077fe264788f92a2982eee9	174:18,258:15,215:12,189:12,199:9,28:9,123:9,340:9	174:18,258:15,215:12,189:12,199:9,28:9,123:9,340:9	+0x4:120,+0x3:60,+0x2:12,+0x5:12,+0x6:6	c700df4d3ad4c7d003e8016e922798cec51f98151649c3003d0111264d8def2017c468004006e4caa1125ff8093d01db69009a20208554fc6253386d3e1d71f2	b2c98bac3a775fe8017bdc6e3c7dfba6e3a9e8012fb064e4a9317a2cd9e801ac723ab08d8900e8016d972482ab00f00488e8018d9b5518d7c03deef3e80149fe
190	0x33f278	0x33f6e0	0x468	326	296	80	0	0	f21b54b9860a8ffe5519a37d36312bfeb2518912c6d49ffce31b539de7cd19f9	347:20,185:13,28:12,189:11,196:11,18:10,337:10,157:9	347:20,185:13,28:12,189:11,196:11,18:10,337:10,157:9	+0x4:189,+0x3:71,+0x5:25,+0x2:24,+0x6:16,+0xa:1	36010000e80162019d00ffd79900ae00f8bb6510bae801e1f07a4d34faa4ab000106d165e801ccc8cfbbacdf15a615d6b232c6e801a202c38f3aece75d700e98	800bfa3b31bd84e3d5b5d7003d0127c0c7bcea2a8499cdd7d32ab238555c065e82003d01df10a1211c00c80a1034fbc10e02025b45fcf9a90dbd40264a313d01
191	0x33f6f6	0x33f708	0x12	25	5	5	0	0	981190debba3365f79eded6492a98a5f318b1fdabea1eaaa21c69bd29e09175d	258:5,215:5,196:5,187:5,173:5	215:5,196:5,187:5,173:5,117:5	+0x4:10,+0x3:5,+0x5:5,+0x2:5	619864852006bc4a11fd9b3d3d0189767382	
192	0x33f710	0x33fbf1	0x4e1	512	323	83	0	0	5fe9f6077238cddba40aa0cf0d6807162fcbaceea53de0829da77cb89b426f8d	258:21,43:18,168:17,66:16,108:15,352:14,114:14,183:13	258:21,43:18,168:17,66:16,108:15,352:14,114:14,183:13	+0x4:207,+0x5:105,+0x2:82,+0x3:81,+0x6:37	d700100888528c5c038d0f63f15b0ee80108e12d2300c0a73d01a70a618c71012a92cd56b93c3a8312253cf1413d018e7100a0eb16c16f8e2f565f83c3551002	201fba092cb7e801b68060233d01009ae235ca7f98900191304ea7e804c88ac36800003d0122cb6fc875f458f0f20c1d96bd5890003a0f5fc821aae296453d01
193	0x33fc02	0x33fdfa	0x1f8	131	131	61	0	0	805b5d2030ca82cd13aa4b0d70aabfb394adb0d6e4f51639e2b4682c82c55675	269:5,144:5,189:5,268:4,257:4,43:4,66:4,3:4	269:5,144:5,189:5,268:4,257:4,43:4,66:4,3:4	+0x4:53,+0x5:29,+0x3:21,+0x2:21,+0x6:7	5b0ee801cc69e5c40c82ea71117ff7003d01670354e9463cc5690ec0542fb7bb9120583b000adc003d0184cdcfb8f3ffa96069d300723f51713a098d6df80086	019af5ae287836cf0166003d012f86ef97a840ea00191c32652f42d88e6807d800e6f43d01bedb3ace4dc29c13fd3ad001125de8092f4ee8beb856003d014e08
194	0x33fe02	0x340193	0x391	299	239	79	0	0	0c231ff799acb8744b0432744a2b05ad36b2d42e8f10ea65ba301ba9e174321b	172:16,189:15,199:12,200:12,354:11,122:11,43:10,258:9	172:16,189:15,199:12,200:12,122:11,210:11,43:10,258:9	+0x4:121,+0x5:56,+0x2:49,+0x3:49,+0x6:24	420069983ac5306f8a90945a47e801e6b63b086800003d01dfc4dcea1ebe7f3afd7d17f35499ce7e380ba9bcee005d313d01f7989803a900852c9000f4087a3c	b76214f3bf0db119e806ea003d01a079e92bb9f1458a70002d315dfd436c002836003d01bc1e72fec800000000003806bed7d9a936db0fb07020ddf0ac3d01ab
195	0x3401a9	0x3401bb	0x12	50	5	5	0	0	45efa850d33d5fc192c034de12fe92e013288e587e88096427d1b78cd8164204	185:10,347:10,43:10,0:10,257:10	347:10,43:10,0:10,257:10,308:10	+0x4:20,+0x3:10,+0x5:10,+0x2:10	6b1a3a210b7d42611abd69ef7f3d010f7f09	
196	0x3401c3	0x3406cb	0x508	734	334	94	0	0	0f6c0f4de086e1b126a333c092d1e47197cf38a964f964f42f7ef3592885007e	258:36,297:26,185:23,307:23,340:23,28:23,347:22,18:21	258:36,297:26,185:23,307:23,340:23,28:23,347:22,18:21	+0x4:394,+0x3:156,+0x5:81,+0x2:64,+0x6:36,+0xd:3	b900d3a93adebf1cdb4e8e14f6612b42478307e80100e7363d01223fdec5b1f73ed6f454b33138afcb1be168007b71003d01d46fd444c80a50fd0f076b95852a	0f43b18b06e801380d2ee1c0003d01970a874968001af5ae2850e6d97804f941c73782523d01008f09c259000a86c83a49ff6d318c32d7ddd003fc01d23d01b3
197	0x3406dc	0x34094b	0x26f	324	162	65	0	0	4ab7a45a4f3eb6ce8cd346d85e209bcd100a00758246ee2d0ef5db9e50f80a8b	160:12,28:12,297:10,64:10,198:10,340:10,91:8,257:8	160:12,28:12,64:10,198:10,340:10,91:8,257:8,66:8	+0x4:132,+0x5:70,+0x3:52,+0x2:52,+0x6:18	f57246950b8acfc8fbe8019143acd700c7a13d01c7f1a0979cd2faf8e9f462803106a7ff9114963d01f67300fa06ff41fef43a79c5ef179e15b204660669003d	d688da796800bd71f90c003d01effe5202dc783003efbde67da4f672366d4df809703d017e2e00dea7480950877f1368f1757fdc368e49180099c0003d013829
198	0x340953	0x340b0f	0x1bc	153	115	60	0	0	47da24cbeacac800398116713c0af5265a1c42fe9c7cc2ccbe8d81f293b6738d	66:9,43:9,253:8,189:7,199:6,183:5,269:5,354:4	66:9,43:9,253:8,189:7,199:6,183:5,269:5,198:4	+0x4:60,+0x5:32,+0x2:25,+0x3:24,+0x6:12	4200e98e3a32700e0d7ba613023bf7e801d208ac828924003d011b832f66efab56b9d4000000bcd450a12fa36a92d03d0100b0942fecc9874719f5406315f2b6	ba6bbebdb8e3507a1406003d0127c0d7b894876c6a1aace3247de0062eba52094c08f9a0003d01592c92347fb746bbca796f861875c8053a83fd3aa7b6d73d01
199	0x340b20	0x340d92	0x272	326	163	68	0	0	cf3fb5a12848b11b1d7fe9879d05f8bad1b6af911aab22aaaac17dc30c7936b5	168:16,297:12,160:12,183:10,340:10,185:10,108:10,189:8	168:16,297:12,160:12,340:10,185:10,108:10,189:8,301:8	+0x4:132,+0x5:70,+0x3:54,+0x2:52,+0x6:18	e8015d8fa792559e34196800b89c3a00d56f3d0154e9d0eadb0fa4e70ca8c80a44e5153eb02a9b003d011cca6139e0ede9233ab7d388cbb8790cfc53863a003d	0de80118e74357ee485e003d01d79b6b3b5ed584e658feb806e8051ca1b484e2da28003d01701480014e9c3f3ad4535ac7712e76c36fed55a4548d473d01ff07
200	0x340d9a	0x340f1b	0x181	203	101	57	0	0	732abf146c7819fde988cff3aff7cfbd491e778bbb4c0fde0ce0d7a5b1b1682d	43:21,337:20,171:19,28:19,345:18,52:18,189:4,144:4	43:21,337:20,28:19,345:18,52:18,75:18,189:4,144:4	+0x4:78,+0x2:34,+0x5:34,+0x3:33,+0x6:24	ac0043afeb005981ab02950fbf01b30ce80178026896483d01008fb5484ff8e4d0421021e2a8f5f2fe3f71f6d83d01662a006606979b4f7671851ebcde44a210	f4a33a07cc93a34819103e00b4643d0187a91845db791df300040251d804fc1d01fe223d0100de00510178997900bf370343c80a0cd5d2d718a5201780013d01
201	0x340f31	0x340f43	0x12	85	5	5	0	0	7ab0d1003677bd12b834fa6bb5b7e7313b89ed3d8cc0566ec2d8aef7388058bc	168:17,28:17,337:17,251:17,198:17	28:17,337:17,251:17,198:17,266:17	+0x4:34,+0x3:17,+0x5:17,+0x2:17	b537e5cf880a01e4f6cdf13d011fefa55850	
202	0x340f4b	0x34142c	0x4e1	1079	323	81	0	0	24383a1ba8caf51b3ccc72f01efbeaa2550d6ecbeab2533185066f4676f2a177	64:38,18:33,183:33,257:32,185:32,124:31,108:30,337:28	64:38,18:33,183:33,257:32,185:32,124:31,108:30,337:28	+0x4:435,+0x5:222,+0x2:172,+0x3:171,+0x6:79	ac0043afa30a308fbea2c05e38fb07e801beeb98da9f5a003d013601680a482bf568002cb18042880ae8753c7800279a3d011fae1bbae809505f5148be6ba012	ac96c001e801147ba801003d014b7c270acff268002ca5012c77c8839332035004b669c0003d01a2931fecdb9f780721372b81302ea260f93ac8060ab2633d01
203	0x34143d	0x3416ac	0x26f	648	162	69	0	0	1b0f4c46d6c35d56c95d370d5db20ad9eab0aed25fae3768977cf12f1d7b8636	189:24,333:20,198:20,66:20,258:20,28:20,91:16,340:16	189:24,333:20,198:20,66:20,258:20,28:20,340:16,173:16	+0x4:264,+0x5:140,+0x3:104,+0x2:104,+0x6:36	8157e801456c68003f9e24c273beb600e84d3d01e8501355358c8d2cd18be902c8935ce9000a28003d01c4ca66053a38c38ebdb3f5d300288cec9abacda941c0	eff3018bf4e801fc5b78009edb3d01ef951f816744bcd9fed2518e701b1fc1f809f73d01e62b00560196ff50d8a15145e000d004cc454103c4003d0103c2e7b7
204	0x3416b4	0x341a45	0x391	299	239	78	0	0	e2d590a1dc30ee10b04d0fe07e0c7a127cafdd2e89b39ca8640d31c6405d535b	172:17,18:14,189:14,253:13,171:11,122:11,28:9,340:7	172:17,18:14,189:14,253:13,122:11,145:11,28:9,340:7	+0x4:121,+0x5:56,+0x2:49,+0x3:49,+0x6:24	c7001f4f3a6c0e68003f9fe137e80135317bc96800003d01f40f6af75d18996396c19208044160b5abee1368783d012e6d0086de2435bffff671ae039c356198	67929f7a11c77fc4aa2fe50068653d0150e21b57c7223ab39d2f5fe38a560a5200000c6e3d014f05fd008eb80000000080062e9691db0fd10f30dd78ad3d0135
205	0x341a5b	0x341a6d	0x12	50	5	5	0	0	d20898e6134c74e53cc86177902cf091e8bbff5b8616bed5d1c2f6e92bb148a2	189:10,66:10,203:10,290:10,257:10	66:10,203:10,290:10,257:10,266:10	+0x4:20,+0x3:10,+0x5:10,+0x2:10	b84390a7613f2e1791455e3d015f3cd5dff7	
206	0x341a75	0x341f7d	0x508	734	334	93	0	0	2562820fc7569ede3c2221f8d5f2ae7a8c2c2dc773d930e450b5f413f706c2a8	114:34,307:30,64:26,18:23,189:23,340:21,297:20,199:19	114:34,307:30,64:26,18:23,189:23,340:21,297:20,199:19	+0x4:394,+0x3:156,+0x5:81,+0x2:64,+0x6:36,+0xd:3	0c01191cf66bb52f49b9e801e68108296ef42368000e263d01002445713bbce084731009e003886cc100a087c32a1a003d018642e3dc4006e3ad403c48034a4a	e801cffa68005d8e3f03ae263d0100c4cbfb5b68002044b6fd0c5fb9741100df97c36bb3003d018f9f6a05b4e8073a877fceba6193a232dfec0f7ad745793d01
207	0x341f8e	0x3421fd	0x26f	324	162	70	0	0	29e99bfce03603d44465c7a73dc3f7c2d353c876c2fa6bd592011554a48c0de9	144:14,114:12,333:12,28:10,185:10,199:10,352:10,64:10	144:14,114:12,333:12,28:10,185:10,199:10,352:10,64:10	+0x4:132,+0x5:70,+0x3:52,+0x2:52,+0x6:18	a7e144961d0f45b4e80146877a0554402b3d0100d12ed66b01382eabcc40680058068e6f9f05fe0011563d01779baa0264ec3a79c4579f6fea56d40b823a1101	01aa3dfccffb0f62953a00e4743d01e0ac56872afff06800d567504f66bfd48e1eb500af9f3d0137031c6d5001602f6465a1bfe33012970f24003d01c4103f9f
208	0x342205	0x3423c1	0x1bc	153	115	62	0	0	ac80d74ba8c786de8f00bceeed7f20262e5e318e1b6c06aaadd06ed77e90d98c	199:6,108:6,215:5,43:5,220:5,18:4,66:4,37:4	199:6,108:6,215:5,43:5,220:5,18:4,66:4,37:4	+0x4:60,+0x5:32,+0x2:25,+0x3:24,+0x6:12	120020083a950fbd4fe30be8018bf3a49f3b6976d136483d01008fbaa964eaa7fd6e5bfa6800ece40d06a1262c2425003d0110d73abc3526a2c01a44023a2e0a	149f21c6a63f2806e801003d01efc55786eba63a8ebbc60d52313222526991e69593e996003d01db8d34aa3a309dd9488a391809fe12bbfcd0752aedc1a93d01
209	0x3423d2	0x342644	0x272	326	163	71	0	0	f7ea99d95ecb05c83dc77498def289eb95bdb6753a17162e4b249ec382bd83a8	347:12,157:10,18:10,160:10,337:10,144:10,257:10,268:8	347:12,18:10,160:10,337:10,144:10,257:10,268:8,114:8	+0x4:132,+0x5:70,+0x3:54,+0x2:52,+0x6:18	3a4768005dca2d54430fe8010f171e9920003d011e2c282816d8601131eea8a984d6655b4444909ab0003d01182283704a75639506fba6d3003af1f848920024	01900336da704bbabb47003d0137c8eba97a28d80ae3bd816b024a43501906a800d9243d010f9827888bcf0cea00e536c15804ae686000063a061d3d01495795
210	0x34264c	0x3427cd	0x181	209	101	55	0	0	1a7d9de8b709dfdc40f15d122ad61f96b4580853b781c82b011fba892b7aada2	172:22,340:22,28:22,171:19,140:19,52:19,108:5,18:4	172:22,340:22,28:22,140:19,52:19,210:19,108:5,18:4	+0x4:80,+0x2:35,+0x5:35,+0x3:34,+0x6:25	120060053ac393bb001c766d748ea03666e801b944b922003d01c6fffc6d8ecf6007361700125fd80a423bac9a023a003d0106898f7db30065f82b00900b3a19	dc473abc06130013e0130049c2003d01a938556d3f600a30b14d4e2438745adacdc920003d01e9de5401cc1279008654530e86aabd12f771a00156669ccf3d01
211	0x3427e3	0x3427f5	0x12	90	5	5	0	0	70e1866325a49dc6b84c605ba31a1ff5bd4b1e6ce762ef25def9a7d0e18d82b1	157:18,340:18,215:18,326:18,108:18	340:18,215:18,326:18,108:18,266:18	+0x4:36,+0x3:18,+0x5:18,+0x2:18	0a637900a88a7900300a4855deed3d01a59a	
212	0x3427fd	0x342cde	0x4e1	1079	323	83	0	0	1e750ba56e988a5b3ee65be9221a612078ce64981807098bbd41fd19857a6622	66:38,198:36,160:34,18:31,28:28,258:27,157:26,30:25	66:38,198:36,160:34,18:31,28:28,258:27,157:26,30:25	+0x4:435,+0x5:222,+0x2:172,+0x3:171,+0x6:79	420079933ae8f5d0e34236e30e97ea17bc630ee801003d01f7bcccddc6816c0266c2c9b30e4297f66800680700007d993d0140df99f6632485c2a435b5e72d21	4968000002ad096d0b2d006fa73d01dee70bce6800367de72c0eba04428018d79dca881f003d0177f3e7ea00243fc88a7db29e82c3133a67e0832c32b6b33d01
213	0x342cef	0x342f5e	0x26f	648	162	63	0	0	2015355decc299e291de1a1d446397c55fd5e693bbf9ef564a9503db54045d04	144:36,215:24,340:24,173:24,172:24,64:20,297:20,333:20	144:36,215:24,340:24,173:24,172:24,64:20,297:20,333:20	+0x4:264,+0x5:140,+0x3:104,+0x2:104,+0x6:36	9ee932910ac7da90abece8016809a0003d018ea68f9f160dab04403838d2fdcf45e830e5cb68003d01867a003e853a599267ff2ad3930048afd3008801fc00dc	ac1179f313cb8bc2e801003d01f74454e889eedb0f8be734a3a1d5012e5fc463fb3a004db33d01df81e0005097776009bea74045830697bc568101003d014f09
214	0x342f66	0x343122	0x1bc	153	115	57	0	0	a6e6da6c57f9242230ed6a34ad82badd38b2806006a41f912fb0e0da4432a7f2	180:7,108:7,337:7,160:6,330:6,43:5,18:5,140:5	180:7,108:7,337:7,160:6,330:6,43:5,18:5,140:5	+0x4:60,+0x5:32,+0x2:25,+0x3:24,+0x6:12	c4001e6e84f8e0d44baa0b08e8013b518a42486b88003d0109240210610a83f594d7100860040ad63b747778015c91003d01482e500a60d0043a975fab2f1538	2cdce126cb32b1875cfa003d0147ad84daffbf71ce0c11881a2a708df0fa9df31b0b557c003d01f028712381693e3235ae685ec8053aa7777f213a838e973d01
215	0x343132	0x3433a5	0x273	326	163	69	0	0	355d4a5851097fd787f0c70f4f095a111de19b199457ca4dc3a3b35fb00c4525	108:14,18:14,189:10,154:10,203:10,28:10,114:10,3:10	108:14,18:14,154:10,203:10,28:10,114:10,3:10,352:8	+0x4:134,+0x5:70,+0x2:52,+0x3:52,+0x6:18	3fcb38ea3b25680064a82c768307e8010068ef3d01d8e6430e0003bfc323d4a4a23b68c6d4bb873aee9d3d0100a3146c5a12ef9d9f17079514e83a91f4645799	a9e1ab806f9004c3003d01f7b6a02c4e3ad67d2c7b3001f960105d4809d3276400cee43d013644280034103a78eebf60e8072766bf2a7d809691bd8f3d010023
216	0x3433ad	0x34355f	0x1b2	116	116	54	0	0	1e33ea22c1086304cb22c5448114b57eace6114f84c85647b2fc9f67c06b5138	66:5,114:5,184:5,189:4,185:4,64:4,347:4,28:4	66:5,114:5,184:5,189:4,185:4,64:4,347:4,28:4	+0x4:63,+0x3:27,+0x2:11,+0x5:11,+0x6:4	1101d8e928020b08e80183528a2cb7e8ce8031cc92003d01dff3af90081a7e0ec00b7cfeff17a0fcda57ae68003d017e7e001e3650efeab8ca55b4ccf2b3005c	4a3e0805a84dd9e801ab8e2703ca8275e80197ef24142800c005a0a24be801ec8398020275afbaece801017174dcc13e0ad8e2e801038f6c59d803281231e801
